スリープ抑止を有効化しました（このプロセス終了で自動解除）
2026-08-24T22:12:04+00:00 DRIVER_START pid=37708 stage=all targets=900 sha_gate=False magic_gate=False
2026-08-24T22:12:04+00:00 REGRESSION_GATE disabled
2026-08-24T22:12:04+00:00 SCREEN_SKIP_EXISTING_FULLBOOK [1/900] id=OAFX0001 reason=existing fullbook IS retained
2026-08-24T22:12:04+00:00 SKIP_EXISTING [1/900] id=OAFX0001 window=IS
2026-08-24T22:12:04+00:00 GATE_SKIP id=OAFX0001 window=OOS reason=IS_NOT_SURVIVOR decision=IS_REJECT_TRADEOFF net=218814.0 PF=1.3633 DD=34.2779%
2026-08-24T22:12:04+00:00 SCREEN_SKIP_EXISTING_FULLBOOK [2/900] id=OAFX0002 reason=existing fullbook IS retained
2026-08-24T22:12:04+00:00 SKIP_EXISTING [2/900] id=OAFX0002 window=IS
2026-08-24T22:12:04+00:00 GATE_SKIP id=OAFX0002 window=OOS reason=IS_NOT_SURVIVOR decision=IS_REJECT_TRADEOFF net=224896.0 PF=1.3927 DD=35.2708%
2026-08-24T22:12:04+00:00 SCREEN_SKIP_EXISTING_FULLBOOK [3/900] id=OAFX0003 reason=existing fullbook IS retained
2026-08-24T22:12:04+00:00 SKIP_EXISTING [3/900] id=OAFX0003 window=IS
2026-08-24T22:12:04+00:00 GATE_SKIP id=OAFX0003 window=OOS reason=IS_NOT_SURVIVOR decision=IS_REJECT net=195996.0 PF=1.3588 DD=44.0144%
2026-08-24T22:12:04+00:00 SCREEN_SKIP_EXISTING_FULLBOOK [4/900] id=OAFX0004 reason=existing fullbook IS retained
2026-08-24T22:12:04+00:00 SKIP_EXISTING [4/900] id=OAFX0004 window=IS
2026-08-24T22:12:04+00:00 GATE_SKIP id=OAFX0004 window=OOS reason=IS_NOT_SURVIVOR decision=IS_REJECT net=188264.0 PF=1.3491 DD=42.8676%
2026-08-24T22:12:04+00:00 SCREEN_SKIP_EXISTING_FULLBOOK [5/900] id=OAFX0005 reason=existing fullbook IS retained
2026-08-24T22:12:04+00:00 SKIP_EXISTING [5/900] id=OAFX0005 window=IS
2026-08-24T22:12:04+00:00 GATE_SKIP id=OAFX0005 window=OOS reason=IS_NOT_SURVIVOR decision=IS_REJECT_TRADEOFF net=207818.0 PF=1.4087 DD=34.1165%
2026-08-24T22:12:04+00:00 SCREEN_SKIP_EXISTING_FULLBOOK [6/900] id=OAFX0006 reason=existing fullbook IS retained
2026-08-24T22:12:04+00:00 SKIP_EXISTING [6/900] id=OAFX0006 window=IS
2026-08-24T22:12:04+00:00 GATE_SKIP id=OAFX0006 window=OOS reason=IS_NOT_SURVIVOR decision=IS_REJECT_TRADEOFF net=221289.0 PF=1.3616 DD=33.235%
2026-08-24T22:12:04+00:00 SCREEN_SKIP_EXISTING_FULLBOOK [7/900] id=OAFX0007 reason=existing fullbook IS retained
2026-08-24T22:12:04+00:00 SKIP_EXISTING [7/900] id=OAFX0007 window=IS
2026-08-24T22:12:04+00:00 GATE_SKIP id=OAFX0007 window=OOS reason=IS_NOT_SURVIVOR decision=IS_REJECT_TRADEOFF net=226574.0 PF=1.389 DD=34.2599%
2026-08-24T22:12:04+00:00 SCREEN_SKIP_EXISTING_FULLBOOK [8/900] id=OAFX0008 reason=existing fullbook IS retained
2026-08-24T22:12:04+00:00 SKIP_EXISTING [8/900] id=OAFX0008 window=IS
2026-08-24T22:12:04+00:00 GATE_SKIP id=OAFX0008 window=OOS reason=IS_NOT_SURVIVOR decision=IS_REJECT net=197154.0 PF=1.3553 DD=43.2011%
2026-08-24T22:12:04+00:00 SCREEN_SKIP_EXISTING_FULLBOOK [9/900] id=OAFX0009 reason=existing fullbook IS retained
2026-08-24T22:12:04+00:00 SKIP_EXISTING [9/900] id=OAFX0009 window=IS
2026-08-24T22:12:04+00:00 GATE_SKIP id=OAFX0009 window=OOS reason=IS_NOT_SURVIVOR decision=IS_REJECT net=188901.0 PF=1.3455 DD=42.2005%
2026-08-24T22:12:04+00:00 SCREEN_SKIP_EXISTING_FULLBOOK [10/900] id=OAFX0010 reason=existing fullbook IS retained
2026-08-24T22:12:04+00:00 SKIP_EXISTING [10/900] id=OAFX0010 window=IS
2026-08-24T22:12:04+00:00 GATE_SKIP id=OAFX0010 window=OOS reason=IS_NOT_SURVIVOR decision=IS_REJECT_TRADEOFF net=208333.0 PF=1.4046 DD=33.5901%
2026-08-24T22:12:04+00:00 SCREEN_SKIP_EXISTING_FULLBOOK [11/900] id=OAFX0011 reason=existing fullbook IS retained
2026-08-24T22:12:04+00:00 SKIP_EXISTING [11/900] id=OAFX0011 window=IS
2026-08-24T22:12:04+00:00 GATE_SKIP id=OAFX0011 window=OOS reason=IS_NOT_SURVIVOR decision=IS_REJECT_TRADEOFF net=244832.0 PF=1.3956 DD=34.9629%
2026-08-24T22:12:04+00:00 SCREEN_SKIP_EXISTING_FULLBOOK [12/900] id=OAFX0012 reason=existing fullbook IS retained
2026-08-24T22:12:04+00:00 SKIP_EXISTING [12/900] id=OAFX0012 window=IS
2026-08-24T22:12:04+00:00 GATE_SKIP id=OAFX0012 window=OOS reason=IS_NOT_SURVIVOR decision=IS_REJECT net=248347.0 PF=1.4208 DD=35.9879%
2026-08-24T22:12:04+00:00 SCREEN_SKIP_EXISTING_FULLBOOK [13/900] id=OAFX0013 reason=existing fullbook IS retained
2026-08-24T22:12:04+00:00 SKIP_EXISTING [13/900] id=OAFX0013 window=IS
2026-08-24T22:12:04+00:00 GATE_SKIP id=OAFX0013 window=OOS reason=IS_NOT_SURVIVOR decision=IS_REJECT net=215183.0 PF=1.3823 DD=44.9291%
2026-08-24T22:12:04+00:00 SCREEN_SKIP_EXISTING_FULLBOOK [14/900] id=OAFX0014 reason=existing fullbook IS retained
2026-08-24T22:12:04+00:00 SKIP_EXISTING [14/900] id=OAFX0014 window=IS
2026-08-24T22:12:04+00:00 GATE_SKIP id=OAFX0014 window=OOS reason=IS_NOT_SURVIVOR decision=IS_REJECT net=207814.0 PF=1.3753 DD=43.9285%
2026-08-24T22:12:04+00:00 SCREEN_SKIP_EXISTING_FULLBOOK [15/900] id=OAFX0015 reason=existing fullbook IS retained
2026-08-24T22:12:04+00:00 SKIP_EXISTING [15/900] id=OAFX0015 window=IS
2026-08-24T22:12:04+00:00 GATE_SKIP id=OAFX0015 window=OOS reason=IS_NOT_SURVIVOR decision=IS_REJECT_TRADEOFF net=227246.0 PF=1.4354 DD=35.311%
2026-08-24T22:12:04+00:00 SCREEN_SKIP_EXISTING_FULLBOOK [16/900] id=OAFX0016 reason=existing fullbook IS retained
2026-08-24T22:12:04+00:00 SKIP_EXISTING [16/900] id=OAFX0016 window=IS
2026-08-24T22:12:04+00:00 GATE_SKIP id=OAFX0016 window=OOS reason=IS_NOT_SURVIVOR decision=IS_REJECT_TRADEOFF net=240450.0 PF=1.3824 DD=34.9629%
2026-08-24T22:12:04+00:00 SCREEN_SKIP_EXISTING_FULLBOOK [17/900] id=OAFX0017 reason=existing fullbook IS retained
2026-08-24T22:12:04+00:00 SKIP_EXISTING [17/900] id=OAFX0017 window=IS
2026-08-24T22:12:04+00:00 GATE_SKIP id=OAFX0017 window=OOS reason=IS_NOT_SURVIVOR decision=IS_REJECT net=242996.0 PF=1.4049 DD=35.9879%
2026-08-24T22:12:04+00:00 SCREEN_SKIP_EXISTING_FULLBOOK [18/900] id=OAFX0018 reason=existing fullbook IS retained
2026-08-24T22:12:04+00:00 SKIP_EXISTING [18/900] id=OAFX0018 window=IS
2026-08-24T22:12:04+00:00 GATE_SKIP id=OAFX0018 window=OOS reason=IS_NOT_SURVIVOR decision=IS_REJECT net=209690.0 PF=1.366 DD=44.9291%
2026-08-24T22:12:04+00:00 SCREEN_SKIP_EXISTING_FULLBOOK [19/900] id=OAFX0019 reason=existing fullbook IS retained
2026-08-24T22:12:04+00:00 SKIP_EXISTING [19/900] id=OAFX0019 window=IS
2026-08-24T22:12:04+00:00 GATE_SKIP id=OAFX0019 window=OOS reason=IS_NOT_SURVIVOR decision=IS_REJECT net=201711.0 PF=1.3577 DD=43.9285%
2026-08-24T22:12:04+00:00 SCREEN_SKIP_EXISTING_FULLBOOK [20/900] id=OAFX0020 reason=existing fullbook IS retained
2026-08-24T22:12:04+00:00 SKIP_EXISTING [20/900] id=OAFX0020 window=IS
2026-08-24T22:12:04+00:00 GATE_SKIP id=OAFX0020 window=OOS reason=IS_NOT_SURVIVOR decision=IS_REJECT_TRADEOFF net=222823.0 PF=1.4203 DD=35.311%
2026-08-24T22:12:04+00:00 SCREEN_SKIP_EXISTING_FULLBOOK [21/900] id=OAFX0021 reason=existing fullbook IS retained
2026-08-24T22:12:04+00:00 SKIP_EXISTING [21/900] id=OAFX0021 window=IS
2026-08-24T22:12:04+00:00 GATE_SKIP id=OAFX0021 window=OOS reason=IS_NOT_SURVIVOR decision=IS_REJECT net=183245.0 PF=1.3356 DD=38.1007%
2026-08-24T22:12:04+00:00 SCREEN_SKIP_EXISTING_FULLBOOK [22/900] id=OAFX0022 reason=existing fullbook IS retained
2026-08-24T22:12:04+00:00 SKIP_EXISTING [22/900] id=OAFX0022 window=IS
2026-08-24T22:12:04+00:00 GATE_SKIP id=OAFX0022 window=OOS reason=IS_NOT_SURVIVOR decision=IS_REJECT net=186376.0 PF=1.3564 DD=42.5713%
2026-08-24T22:12:04+00:00 SCREEN_SKIP_EXISTING_FULLBOOK [23/900] id=OAFX0023 reason=existing fullbook IS retained
2026-08-24T22:12:04+00:00 SKIP_EXISTING [23/900] id=OAFX0023 window=IS
2026-08-24T22:12:04+00:00 GATE_SKIP id=OAFX0023 window=OOS reason=IS_NOT_SURVIVOR decision=IS_REJECT net=173549.0 PF=1.3476 DD=45.1215%
2026-08-24T22:12:04+00:00 SCREEN_SKIP_EXISTING_FULLBOOK [24/900] id=OAFX0024 reason=existing fullbook IS retained
2026-08-24T22:12:04+00:00 SKIP_EXISTING [24/900] id=OAFX0024 window=IS
2026-08-24T22:12:04+00:00 GATE_SKIP id=OAFX0024 window=OOS reason=IS_NOT_SURVIVOR decision=IS_REJECT net=166946.0 PF=1.3406 DD=42.2275%
2026-08-24T22:12:04+00:00 SCREEN_SKIP_EXISTING_FULLBOOK [25/900] id=OAFX0025 reason=existing fullbook IS retained
2026-08-24T22:12:04+00:00 SKIP_EXISTING [25/900] id=OAFX0025 window=IS
2026-08-24T22:12:04+00:00 GATE_SKIP id=OAFX0025 window=OOS reason=IS_NOT_SURVIVOR decision=IS_REJECT_TRADEOFF net=175707.0 PF=1.3729 DD=34.7495%
2026-08-24T22:12:04+00:00 SCREEN_SKIP_EXISTING_FULLBOOK [26/900] id=OAFX0026 reason=existing fullbook IS retained
2026-08-24T22:12:04+00:00 SKIP_EXISTING [26/900] id=OAFX0026 window=IS
2026-08-24T22:12:04+00:00 GATE_SKIP id=OAFX0026 window=OOS reason=IS_NOT_SURVIVOR decision=IS_REJECT net=185720.0 PF=1.3343 DD=37.0578%
2026-08-24T22:12:04+00:00 SCREEN_SKIP_EXISTING_FULLBOOK [27/900] id=OAFX0027 reason=existing fullbook IS retained
2026-08-24T22:12:04+00:00 SKIP_EXISTING [27/900] id=OAFX0027 window=IS
2026-08-24T22:12:04+00:00 GATE_SKIP id=OAFX0027 window=OOS reason=IS_NOT_SURVIVOR decision=IS_REJECT net=188054.0 PF=1.353 DD=41.5604%
2026-08-24T22:12:04+00:00 SCREEN_SKIP_EXISTING_FULLBOOK [28/900] id=OAFX0028 reason=existing fullbook IS retained
2026-08-24T22:12:04+00:00 SKIP_EXISTING [28/900] id=OAFX0028 window=IS
2026-08-24T22:12:04+00:00 GATE_SKIP id=OAFX0028 window=OOS reason=IS_NOT_SURVIVOR decision=IS_REJECT net=174707.0 PF=1.344 DD=44.3082%
2026-08-24T22:12:04+00:00 SCREEN_SKIP_EXISTING_FULLBOOK [29/900] id=OAFX0029 reason=existing fullbook IS retained
2026-08-24T22:12:04+00:00 SKIP_EXISTING [29/900] id=OAFX0029 window=IS
2026-08-24T22:12:04+00:00 GATE_SKIP id=OAFX0029 window=OOS reason=IS_NOT_SURVIVOR decision=IS_REJECT net=167583.0 PF=1.3367 DD=41.5604%
2026-08-24T22:12:04+00:00 SCREEN_SKIP_EXISTING_FULLBOOK [30/900] id=OAFX0030 reason=existing fullbook IS retained
2026-08-24T22:12:04+00:00 SKIP_EXISTING [30/900] id=OAFX0030 window=IS
2026-08-24T22:12:04+00:00 GATE_SKIP id=OAFX0030 window=OOS reason=IS_NOT_SURVIVOR decision=IS_REJECT_TRADEOFF net=176222.0 PF=1.3689 DD=34.2224%
2026-08-24T22:12:04+00:00 SCREEN_SKIP_EXISTING_FULLBOOK [31/900] id=OAFX0031 reason=existing fullbook IS retained
2026-08-24T22:12:04+00:00 SKIP_EXISTING [31/900] id=OAFX0031 window=IS
2026-08-24T22:12:04+00:00 GATE_SKIP id=OAFX0031 window=OOS reason=IS_NOT_SURVIVOR decision=IS_REJECT net=209263.0 PF=1.3721 DD=38.7857%
2026-08-24T22:12:04+00:00 SCREEN_SKIP_EXISTING_FULLBOOK [32/900] id=OAFX0032 reason=existing fullbook IS retained
2026-08-24T22:12:04+00:00 SKIP_EXISTING [32/900] id=OAFX0032 window=IS
2026-08-24T22:12:04+00:00 GATE_SKIP id=OAFX0032 window=OOS reason=IS_NOT_SURVIVOR decision=IS_REJECT net=209827.0 PF=1.3883 DD=43.2883%
2026-08-24T22:12:04+00:00 SCREEN_SKIP_EXISTING_FULLBOOK [33/900] id=OAFX0033 reason=existing fullbook IS retained
2026-08-24T22:12:04+00:00 SKIP_EXISTING [33/900] id=OAFX0033 window=IS
2026-08-24T22:12:04+00:00 GATE_SKIP id=OAFX0033 window=OOS reason=IS_NOT_SURVIVOR decision=IS_REJECT net=192736.0 PF=1.3736 DD=46.0361%
2026-08-24T22:12:04+00:00 SCREEN_SKIP_EXISTING_FULLBOOK [34/900] id=OAFX0034 reason=existing fullbook IS retained
2026-08-24T22:12:04+00:00 SKIP_EXISTING [34/900] id=OAFX0034 window=IS
2026-08-24T22:12:04+00:00 GATE_SKIP id=OAFX0034 window=OOS reason=IS_NOT_SURVIVOR decision=IS_REJECT net=186496.0 PF=1.3695 DD=43.2883%
2026-08-24T22:12:04+00:00 SCREEN_SKIP_EXISTING_FULLBOOK [35/900] id=OAFX0035 reason=existing fullbook IS retained
2026-08-24T22:12:04+00:00 SKIP_EXISTING [35/900] id=OAFX0035 window=IS
2026-08-24T22:12:04+00:00 GATE_SKIP id=OAFX0035 window=OOS reason=IS_NOT_SURVIVOR decision=IS_REJECT net=195135.0 PF=1.4027 DD=35.9456%
2026-08-24T22:12:04+00:00 SCREEN_SKIP_EXISTING_FULLBOOK [36/900] id=OAFX0036 reason=existing fullbook IS retained
2026-08-24T22:12:04+00:00 SKIP_EXISTING [36/900] id=OAFX0036 window=IS
2026-08-24T22:12:04+00:00 GATE_SKIP id=OAFX0036 window=OOS reason=IS_NOT_SURVIVOR decision=IS_REJECT net=204881.0 PF=1.358 DD=38.7857%
2026-08-24T22:12:04+00:00 SCREEN_SKIP_EXISTING_FULLBOOK [37/900] id=OAFX0037 reason=existing fullbook IS retained
2026-08-24T22:12:04+00:00 SKIP_EXISTING [37/900] id=OAFX0037 window=IS
2026-08-24T22:12:04+00:00 GATE_SKIP id=OAFX0037 window=OOS reason=IS_NOT_SURVIVOR decision=IS_REJECT net=204476.0 PF=1.3715 DD=43.2883%
2026-08-24T22:12:04+00:00 SCREEN_SKIP_EXISTING_FULLBOOK [38/900] id=OAFX0038 reason=existing fullbook IS retained
2026-08-24T22:12:04+00:00 SKIP_EXISTING [38/900] id=OAFX0038 window=IS
2026-08-24T22:12:04+00:00 GATE_SKIP id=OAFX0038 window=OOS reason=IS_NOT_SURVIVOR decision=IS_REJECT net=187243.0 PF=1.3561 DD=46.0361%
2026-08-24T22:12:04+00:00 SCREEN_SKIP_EXISTING_FULLBOOK [39/900] id=OAFX0039 reason=existing fullbook IS retained
2026-08-24T22:12:04+00:00 SKIP_EXISTING [39/900] id=OAFX0039 window=IS
2026-08-24T22:12:04+00:00 GATE_SKIP id=OAFX0039 window=OOS reason=IS_NOT_SURVIVOR decision=IS_REJECT net=180393.0 PF=1.3504 DD=43.2883%
2026-08-24T22:12:04+00:00 SCREEN_SKIP_EXISTING_FULLBOOK [40/900] id=OAFX0040 reason=existing fullbook IS retained
2026-08-24T22:12:04+00:00 SKIP_EXISTING [40/900] id=OAFX0040 window=IS
2026-08-24T22:12:04+00:00 GATE_SKIP id=OAFX0040 window=OOS reason=IS_NOT_SURVIVOR decision=IS_REJECT net=190712.0 PF=1.3869 DD=35.9456%
2026-08-24T22:12:04+00:00 SCREEN_SKIP_EXISTING_FULLBOOK [41/900] id=OAFX0041 reason=existing fullbook IS retained
2026-08-24T22:12:04+00:00 SKIP_EXISTING [41/900] id=OAFX0041 window=IS
2026-08-24T22:12:04+00:00 GATE_SKIP id=OAFX0041 window=OOS reason=IS_NOT_SURVIVOR decision=IS_REJECT net=187985.0 PF=1.3948 DD=50.4067%
2026-08-24T22:12:04+00:00 SCREEN_SKIP_EXISTING_FULLBOOK [42/900] id=OAFX0042 reason=existing fullbook IS retained
2026-08-24T22:12:04+00:00 SKIP_EXISTING [42/900] id=OAFX0042 window=IS
2026-08-24T22:12:04+00:00 GATE_SKIP id=OAFX0042 window=OOS reason=IS_NOT_SURVIVOR decision=IS_REJECT net=185972.0 PF=1.4002 DD=55.0119%
2026-08-24T22:12:04+00:00 SCREEN_SKIP_EXISTING_FULLBOOK [43/900] id=OAFX0043 reason=existing fullbook IS retained
2026-08-24T22:12:04+00:00 SKIP_EXISTING [43/900] id=OAFX0043 window=IS
2026-08-24T22:12:04+00:00 GATE_SKIP id=OAFX0043 window=OOS reason=IS_NOT_SURVIVOR decision=IS_REJECT net=177761.0 PF=1.4021 DD=55.9997%
2026-08-24T22:12:04+00:00 SCREEN_SKIP_EXISTING_FULLBOOK [44/900] id=OAFX0044 reason=existing fullbook IS retained
2026-08-24T22:12:04+00:00 SKIP_EXISTING [44/900] id=OAFX0044 window=IS
2026-08-24T22:12:04+00:00 GATE_SKIP id=OAFX0044 window=OOS reason=IS_NOT_SURVIVOR decision=IS_REJECT net=175432.0 PF=1.4008 DD=59.1605%
2026-08-24T22:12:04+00:00 SCREEN_SKIP_EXISTING_FULLBOOK [45/900] id=OAFX0045 reason=existing fullbook IS retained
2026-08-24T22:12:04+00:00 SKIP_EXISTING [45/900] id=OAFX0045 window=IS
2026-08-24T22:12:04+00:00 GATE_SKIP id=OAFX0045 window=OOS reason=IS_NOT_SURVIVOR decision=IS_REJECT net=186375.0 PF=1.4424 DD=48.8813%
2026-08-24T22:12:04+00:00 SCREEN_SKIP_EXISTING_FULLBOOK [46/900] id=OAFX0046 reason=existing fullbook IS retained
2026-08-24T22:12:04+00:00 SKIP_EXISTING [46/900] id=OAFX0046 window=IS
2026-08-24T22:12:04+00:00 GATE_SKIP id=OAFX0046 window=OOS reason=IS_NOT_SURVIVOR decision=IS_REJECT net=190460.0 PF=1.3921 DD=49.3637%
2026-08-24T22:12:04+00:00 SCREEN_SKIP_EXISTING_FULLBOOK [47/900] id=OAFX0047 reason=existing fullbook IS retained
2026-08-24T22:12:04+00:00 SKIP_EXISTING [47/900] id=OAFX0047 window=IS
2026-08-24T22:12:04+00:00 GATE_SKIP id=OAFX0047 window=OOS reason=IS_NOT_SURVIVOR decision=IS_REJECT net=187650.0 PF=1.3956 DD=54.0011%
2026-08-24T22:12:04+00:00 SCREEN_SKIP_EXISTING_FULLBOOK [48/900] id=OAFX0048 reason=existing fullbook IS retained
2026-08-24T22:12:04+00:00 SKIP_EXISTING [48/900] id=OAFX0048 window=IS
2026-08-24T22:12:04+00:00 GATE_SKIP id=OAFX0048 window=OOS reason=IS_NOT_SURVIVOR decision=IS_REJECT net=178919.0 PF=1.3969 DD=55.1864%
2026-08-24T22:12:04+00:00 SCREEN_SKIP_EXISTING_FULLBOOK [49/900] id=OAFX0049 reason=existing fullbook IS retained
2026-08-24T22:12:04+00:00 SKIP_EXISTING [49/900] id=OAFX0049 window=IS
2026-08-24T22:12:04+00:00 GATE_SKIP id=OAFX0049 window=OOS reason=IS_NOT_SURVIVOR decision=IS_REJECT net=176069.0 PF=1.3955 DD=58.4935%
2026-08-24T22:12:04+00:00 SCREEN_SKIP_EXISTING_FULLBOOK [50/900] id=OAFX0050 reason=existing fullbook IS retained
2026-08-24T22:12:04+00:00 SKIP_EXISTING [50/900] id=OAFX0050 window=IS
2026-08-24T22:12:04+00:00 GATE_SKIP id=OAFX0050 window=OOS reason=IS_NOT_SURVIVOR decision=IS_REJECT net=186890.0 PF=1.4369 DD=48.3542%
2026-08-24T22:12:04+00:00 SCREEN_SKIP_EXISTING_FULLBOOK [51/900] id=OAFX0051 reason=existing fullbook IS retained
2026-08-24T22:12:04+00:00 SKIP_EXISTING [51/900] id=OAFX0051 window=IS
2026-08-24T22:12:04+00:00 GATE_SKIP id=OAFX0051 window=OOS reason=IS_NOT_SURVIVOR decision=IS_REJECT net=214003.0 PF=1.4344 DD=51.0917%
2026-08-24T22:12:04+00:00 SCREEN_SKIP_EXISTING_FULLBOOK [52/900] id=OAFX0052 reason=existing fullbook IS retained
2026-08-24T22:12:04+00:00 SKIP_EXISTING [52/900] id=OAFX0052 window=IS
2026-08-24T22:12:04+00:00 GATE_SKIP id=OAFX0052 window=OOS reason=IS_NOT_SURVIVOR decision=IS_REJECT net=209423.0 PF=1.4344 DD=55.729%
2026-08-24T22:12:04+00:00 SCREEN_SKIP_EXISTING_FULLBOOK [53/900] id=OAFX0053 reason=existing fullbook IS retained
2026-08-24T22:12:04+00:00 SKIP_EXISTING [53/900] id=OAFX0053 window=IS
2026-08-24T22:12:04+00:00 GATE_SKIP id=OAFX0053 window=OOS reason=IS_NOT_SURVIVOR decision=IS_REJECT net=196948.0 PF=1.4293 DD=56.9143%
2026-08-24T22:12:04+00:00 SCREEN_SKIP_EXISTING_FULLBOOK [54/900] id=OAFX0054 reason=existing fullbook IS retained
2026-08-24T22:12:04+00:00 SKIP_EXISTING [54/900] id=OAFX0054 window=IS
2026-08-24T22:12:04+00:00 GATE_SKIP id=OAFX0054 window=OOS reason=IS_NOT_SURVIVOR decision=IS_REJECT net=194982.0 PF=1.4312 DD=60.2214%
2026-08-24T22:12:04+00:00 SKIP_EXISTING [55/900] id=OAFX0055 window=SCREEN_IS
2026-08-24T22:12:04+00:00 GATE_SKIP id=OAFX0055 window=IS reason=SINGLE_SLEEVE_INFERIOR decision=SCREEN_OUT_SINGLE_SLEEVE net=13610.0 PF=1.1123 DD=18.8358%
2026-08-24T22:12:04+00:00 SKIP_EXISTING [56/900] id=OAFX0056 window=SCREEN_IS
2026-08-24T22:12:04+00:00 GATE_SKIP id=OAFX0056 window=IS reason=SINGLE_SLEEVE_INFERIOR decision=SCREEN_OUT_SINGLE_SLEEVE net=17428.0 PF=1.0922 DD=20.7121%
2026-08-24T22:12:04+00:00 SKIP_EXISTING [57/900] id=OAFX0057 window=SCREEN_IS
2026-08-24T22:12:04+00:00 GATE_SKIP id=OAFX0057 window=IS reason=SINGLE_SLEEVE_INFERIOR decision=SCREEN_OUT_SINGLE_SLEEVE net=11879.0 PF=1.0665 DD=21.6146%
2026-08-24T22:12:04+00:00 SKIP_EXISTING [58/900] id=OAFX0058 window=SCREEN_IS
2026-08-24T22:12:04+00:00 GATE_SKIP id=OAFX0058 window=IS reason=SINGLE_SLEEVE_INFERIOR decision=SCREEN_OUT_SINGLE_SLEEVE net=-738.0 PF=0.9952 DD=23.4798%
2026-08-24T22:12:04+00:00 SKIP_EXISTING [59/900] id=OAFX0059 window=SCREEN_IS
2026-08-24T22:12:04+00:00 GATE_SKIP id=OAFX0059 window=IS reason=SINGLE_SLEEVE_INFERIOR decision=SCREEN_OUT_SINGLE_SLEEVE net=-3314.0 PF=0.9777 DD=23.9444%
2026-08-24T22:12:04+00:00 SKIP_EXISTING [60/900] id=OAFX0060 window=SCREEN_IS
2026-08-24T22:12:04+00:00 GATE_SKIP id=OAFX0060 window=IS reason=SINGLE_SLEEVE_INFERIOR decision=SCREEN_OUT_SINGLE_SLEEVE net=9187.0 PF=1.071 DD=21.1533%
2026-08-24T22:12:04+00:00 SKIP_EXISTING [61/900] id=OAFX0061 window=SCREEN_IS
2026-08-24T22:12:04+00:00 GATE_SKIP id=OAFX0061 window=IS reason=SINGLE_SLEEVE_INFERIOR decision=SCREEN_OUT_SINGLE_SLEEVE net=-19841.0 PF=0.835 DD=35.8062%
2026-08-24T22:12:04+00:00 SKIP_EXISTING [62/900] id=OAFX0062 window=SCREEN_IS
2026-08-24T22:12:04+00:00 GATE_SKIP id=OAFX0062 window=IS reason=SINGLE_SLEEVE_INFERIOR decision=SCREEN_OUT_SINGLE_SLEEVE net=-23159.0 PF=0.7908 DD=35.7798%
2026-08-24T22:12:04+00:00 SKIP_EXISTING [63/900] id=OAFX0063 window=SCREEN_IS
2026-08-24T22:12:04+00:00 GATE_SKIP id=OAFX0063 window=IS reason=SINGLE_SLEEVE_INFERIOR decision=SCREEN_OUT_SINGLE_SLEEVE net=-28960.0 PF=0.7103 DD=43.3035%
2026-08-24T22:12:04+00:00 SKIP_EXISTING [64/900] id=OAFX0064 window=SCREEN_IS
2026-08-24T22:12:04+00:00 GATE_SKIP id=OAFX0064 window=IS reason=SINGLE_SLEEVE_INFERIOR decision=SCREEN_OUT_SINGLE_SLEEVE net=-32927.0 PF=0.6662 DD=45.6263%
2026-08-24T22:12:04+00:00 SKIP_EXISTING [65/900] id=OAFX0065 window=SCREEN_IS
2026-08-24T22:12:04+00:00 GATE_SKIP id=OAFX0065 window=IS reason=SINGLE_SLEEVE_INFERIOR decision=SCREEN_OUT_SINGLE_SLEEVE net=-25439.0 PF=0.7049 DD=36.0011%
2026-08-24T22:12:04+00:00 SKIP_EXISTING [66/900] id=OAFX0066 window=SCREEN_IS
2026-08-24T22:12:04+00:00 GATE_SKIP id=OAFX0066 window=IS reason=SINGLE_SLEEVE_INFERIOR decision=SCREEN_OUT_SINGLE_SLEEVE net=-17366.0 PF=0.8662 DD=34.7172%
2026-08-24T22:12:04+00:00 SKIP_EXISTING [67/900] id=OAFX0067 window=SCREEN_IS
2026-08-24T22:12:04+00:00 GATE_SKIP id=OAFX0067 window=IS reason=SINGLE_SLEEVE_INFERIOR decision=SCREEN_OUT_SINGLE_SLEEVE net=-21481.0 PF=0.8217 DD=34.6766%
2026-08-24T22:12:04+00:00 SKIP_EXISTING [68/900] id=OAFX0068 window=SCREEN_IS
2026-08-24T22:12:04+00:00 GATE_SKIP id=OAFX0068 window=IS reason=SINGLE_SLEEVE_INFERIOR decision=SCREEN_OUT_SINGLE_SLEEVE net=-27802.0 PF=0.744 DD=43.5888%
2026-08-24T22:12:04+00:00 SKIP_EXISTING [69/900] id=OAFX0069 window=SCREEN_IS
2026-08-24T22:12:04+00:00 GATE_SKIP id=OAFX0069 window=IS reason=SINGLE_SLEEVE_INFERIOR decision=SCREEN_OUT_SINGLE_SLEEVE net=-32290.0 PF=0.6959 DD=46.1206%
2026-08-24T22:12:04+00:00 SKIP_EXISTING [70/900] id=OAFX0070 window=SCREEN_IS
2026-08-24T22:12:04+00:00 GATE_SKIP id=OAFX0070 window=IS reason=SINGLE_SLEEVE_INFERIOR decision=SCREEN_OUT_SINGLE_SLEEVE net=-24924.0 PF=0.731 DD=37.0439%
2026-08-24T22:12:04+00:00 SKIP_EXISTING [71/900] id=OAFX0071 window=SCREEN_IS
2026-08-24T22:12:04+00:00 GATE_SKIP id=OAFX0071 window=IS reason=SINGLE_SLEEVE_INFERIOR decision=SCREEN_OUT_SINGLE_SLEEVE net=6177.0 PF=1.0452 DD=22.1057%
2026-08-24T22:12:04+00:00 SKIP_EXISTING [72/900] id=OAFX0072 window=SCREEN_IS
2026-08-24T22:12:04+00:00 GATE_SKIP id=OAFX0072 window=IS reason=SINGLE_SLEEVE_INFERIOR decision=SCREEN_OUT_SINGLE_SLEEVE net=292.0 PF=1.0023 DD=21.7267%
2026-08-24T22:12:04+00:00 SKIP_EXISTING [73/900] id=OAFX0073 window=SCREEN_IS
2026-08-24T22:12:04+00:00 GATE_SKIP id=OAFX0073 window=IS reason=SINGLE_SLEEVE_INFERIOR decision=SCREEN_OUT_SINGLE_SLEEVE net=-9773.0 PF=0.9161 DD=25.4253%
2026-08-24T22:12:04+00:00 SKIP_EXISTING [74/900] id=OAFX0074 window=SCREEN_IS
2026-08-24T22:12:04+00:00 GATE_SKIP id=OAFX0074 window=IS reason=SINGLE_SLEEVE_INFERIOR decision=SCREEN_OUT_SINGLE_SLEEVE net=-13377.0 PF=0.8818 DD=26.7255%
2026-08-24T22:12:04+00:00 SKIP_EXISTING [75/900] id=OAFX0075 window=SCREEN_IS
2026-08-24T22:12:04+00:00 GATE_SKIP id=OAFX0075 window=IS reason=SINGLE_SLEEVE_INFERIOR decision=SCREEN_OUT_SINGLE_SLEEVE net=-6011.0 PF=0.9397 DD=22.1662%
2026-08-24T22:12:04+00:00 SKIP_EXISTING [76/900] id=OAFX0076 window=SCREEN_IS
2026-08-24T22:12:04+00:00 GATE_SKIP id=OAFX0076 window=IS reason=SINGLE_SLEEVE_INFERIOR decision=SCREEN_OUT_SINGLE_SLEEVE net=1795.0 PF=1.0122 DD=23.4626%
2026-08-24T22:12:04+00:00 SKIP_EXISTING [77/900] id=OAFX0077 window=SCREEN_IS
2026-08-24T22:12:04+00:00 GATE_SKIP id=OAFX0077 window=IS reason=SINGLE_SLEEVE_INFERIOR decision=SCREEN_OUT_SINGLE_SLEEVE net=-5059.0 PF=0.9634 DD=24.183%
2026-08-24T22:12:04+00:00 SKIP_EXISTING [78/900] id=OAFX0078 window=SCREEN_IS
2026-08-24T22:12:04+00:00 GATE_SKIP id=OAFX0078 window=IS reason=SINGLE_SLEEVE_INFERIOR decision=SCREEN_OUT_SINGLE_SLEEVE net=-15266.0 PF=0.8793 DD=28.5536%
2026-08-24T22:12:04+00:00 SKIP_EXISTING [79/900] id=OAFX0079 window=SCREEN_IS
2026-08-24T22:12:04+00:00 GATE_SKIP id=OAFX0079 window=IS reason=SINGLE_SLEEVE_INFERIOR decision=SCREEN_OUT_SINGLE_SLEEVE net=-19480.0 PF=0.842 DD=30.2833%
2026-08-24T22:12:04+00:00 SKIP_EXISTING [80/900] id=OAFX0080 window=SCREEN_IS
2026-08-24T22:12:04+00:00 GATE_SKIP id=OAFX0080 window=IS reason=SINGLE_SLEEVE_INFERIOR decision=SCREEN_OUT_SINGLE_SLEEVE net=-10434.0 PF=0.9033 DD=25.1771%
2026-08-24T22:12:04+00:00 SKIP_EXISTING [81/900] id=OAFX0081 window=SCREEN_IS
2026-08-24T22:12:04+00:00 GATE_SKIP id=OAFX0081 window=IS reason=SINGLE_SLEEVE_INFERIOR decision=SCREEN_OUT_SINGLE_SLEEVE net=-22702.0 PF=0.7338 DD=37.0934%
2026-08-24T22:12:04+00:00 SKIP_EXISTING [82/900] id=OAFX0082 window=SCREEN_IS
2026-08-24T22:12:04+00:00 GATE_SKIP id=OAFX0082 window=IS reason=SINGLE_SLEEVE_INFERIOR decision=SCREEN_OUT_SINGLE_SLEEVE net=-23776.0 PF=0.6873 DD=33.444%
2026-08-24T22:12:04+00:00 SKIP_EXISTING [83/900] id=OAFX0083 window=SCREEN_IS
2026-08-24T22:12:04+00:00 GATE_SKIP id=OAFX0083 window=IS reason=SINGLE_SLEEVE_INFERIOR decision=SCREEN_OUT_SINGLE_SLEEVE net=-24005.0 PF=0.6487 DD=33.4071%
2026-08-24T22:12:04+00:00 SKIP_EXISTING [84/900] id=OAFX0084 window=SCREEN_IS
2026-08-24T22:12:04+00:00 GATE_SKIP id=OAFX0084 window=IS reason=SINGLE_SLEEVE_INFERIOR decision=SCREEN_OUT_SINGLE_SLEEVE net=-24528.0 PF=0.6347 DD=33.8022%
2026-08-24T22:12:04+00:00 SKIP_EXISTING [85/900] id=OAFX0085 window=SCREEN_IS
2026-08-24T22:12:04+00:00 GATE_SKIP id=OAFX0085 window=IS reason=SINGLE_SLEEVE_INFERIOR decision=SCREEN_OUT_SINGLE_SLEEVE net=-14064.0 PF=0.7483 DD=23.3323%
2026-08-24T22:12:04+00:00 SKIP_EXISTING [86/900] id=OAFX0086 window=SCREEN_IS
2026-08-24T22:12:04+00:00 GATE_SKIP id=OAFX0086 window=IS reason=SINGLE_SLEEVE_INFERIOR decision=SCREEN_OUT_SINGLE_SLEEVE net=-20227.0 PF=0.7868 DD=35.197%
2026-08-24T22:12:04+00:00 SKIP_EXISTING [87/900] id=OAFX0087 window=SCREEN_IS
2026-08-24T22:12:04+00:00 GATE_SKIP id=OAFX0087 window=IS reason=SINGLE_SLEEVE_INFERIOR decision=SCREEN_OUT_SINGLE_SLEEVE net=-22098.0 PF=0.7423 DD=32.0671%
2026-08-24T22:12:04+00:00 SKIP_EXISTING [88/900] id=OAFX0088 window=SCREEN_IS
2026-08-24T22:12:04+00:00 GATE_SKIP id=OAFX0088 window=IS reason=SINGLE_SLEEVE_INFERIOR decision=SCREEN_OUT_SINGLE_SLEEVE net=-22847.0 PF=0.7032 DD=33.382%
2026-08-24T22:12:04+00:00 SKIP_EXISTING [89/900] id=OAFX0089 window=SCREEN_IS
2026-08-24T22:12:04+00:00 GATE_SKIP id=OAFX0089 window=IS reason=SINGLE_SLEEVE_INFERIOR decision=SCREEN_OUT_SINGLE_SLEEVE net=-23891.0 PF=0.68 DD=34.3433%
2026-08-24T22:12:04+00:00 SKIP_EXISTING [90/900] id=OAFX0090 window=SCREEN_IS
2026-08-24T22:12:04+00:00 GATE_SKIP id=OAFX0090 window=IS reason=SINGLE_SLEEVE_INFERIOR decision=SCREEN_OUT_SINGLE_SLEEVE net=-13549.0 PF=0.7826 DD=21.8339%
2026-08-24T22:12:04+00:00 SKIP_EXISTING [91/900] id=OAFX0091 window=SCREEN_IS
2026-08-24T22:12:04+00:00 GATE_SKIP id=OAFX0091 window=IS reason=SINGLE_SLEEVE_INFERIOR decision=SCREEN_OUT_SINGLE_SLEEVE net=3316.0 PF=1.0326 DD=23.7995%
2026-08-24T22:12:04+00:00 SKIP_EXISTING [92/900] id=OAFX0092 window=SCREEN_IS
2026-08-24T22:12:04+00:00 GATE_SKIP id=OAFX0092 window=IS reason=SINGLE_SLEEVE_INFERIOR decision=SCREEN_OUT_SINGLE_SLEEVE net=-325.0 PF=0.9965 DD=27.01%
2026-08-24T22:12:04+00:00 SKIP_EXISTING [93/900] id=OAFX0093 window=SCREEN_IS
2026-08-24T22:12:04+00:00 GATE_SKIP id=OAFX0093 window=IS reason=SINGLE_SLEEVE_INFERIOR decision=SCREEN_OUT_SINGLE_SLEEVE net=-4818.0 PF=0.9433 DD=26.2241%
2026-08-24T22:12:04+00:00 SKIP_EXISTING [94/900] id=OAFX0094 window=SCREEN_IS
2026-08-24T22:12:04+00:00 GATE_SKIP id=OAFX0094 window=IS reason=SINGLE_SLEEVE_INFERIOR decision=SCREEN_OUT_SINGLE_SLEEVE net=-4978.0 PF=0.939 DD=26.0918%
2026-08-24T22:12:04+00:00 SKIP_EXISTING [95/900] id=OAFX0095 window=SCREEN_IS
2026-08-24T22:12:04+00:00 GATE_SKIP id=OAFX0095 window=IS reason=SINGLE_SLEEVE_INFERIOR decision=SCREEN_OUT_SINGLE_SLEEVE net=5364.0 PF=1.0774 DD=20.5919%
2026-08-24T22:12:04+00:00 SKIP_EXISTING [96/900] id=OAFX0096 window=SCREEN_IS
2026-08-24T22:12:04+00:00 GATE_SKIP id=OAFX0096 window=IS reason=SINGLE_SLEEVE_INFERIOR decision=SCREEN_OUT_SINGLE_SLEEVE net=-1066.0 PF=0.9905 DD=26.3317%
2026-08-24T22:12:04+00:00 SKIP_EXISTING [97/900] id=OAFX0097 window=SCREEN_IS
2026-08-24T22:12:04+00:00 GATE_SKIP id=OAFX0097 window=IS reason=SINGLE_SLEEVE_INFERIOR decision=SCREEN_OUT_SINGLE_SLEEVE net=-5676.0 PF=0.9451 DD=29.7228%
2026-08-24T22:12:04+00:00 SKIP_EXISTING [98/900] id=OAFX0098 window=SCREEN_IS
2026-08-24T22:12:04+00:00 GATE_SKIP id=OAFX0098 window=IS reason=SINGLE_SLEEVE_INFERIOR decision=SCREEN_OUT_SINGLE_SLEEVE net=-10311.0 PF=0.8913 DD=26.3017%
2026-08-24T22:12:04+00:00 SKIP_EXISTING [99/900] id=OAFX0099 window=SCREEN_IS
2026-08-24T22:12:04+00:00 GATE_SKIP id=OAFX0099 window=IS reason=SINGLE_SLEEVE_INFERIOR decision=SCREEN_OUT_SINGLE_SLEEVE net=-11081.0 PF=0.8793 DD=26.7976%
2026-08-24T22:12:04+00:00 SKIP_EXISTING [100/900] id=OAFX0100 window=SCREEN_IS
2026-08-24T22:12:04+00:00 GATE_SKIP id=OAFX0100 window=IS reason=SINGLE_SLEEVE_INFERIOR decision=SCREEN_OUT_SINGLE_SLEEVE net=941.0 PF=1.0121 DD=18.928%
2026-08-24T22:12:04+00:00 SCREEN_SKIP_EXISTING_FULLBOOK [101/900] id=OAFX0101 reason=existing fullbook IS retained
2026-08-24T22:12:04+00:00 SKIP_EXISTING [101/900] id=OAFX0101 window=IS
2026-08-24T22:12:04+00:00 GATE_SKIP id=OAFX0101 window=OOS reason=IS_NOT_SURVIVOR decision=IS_REJECT net=223641.0 PF=1.4509 DD=39.0352%
2026-08-24T22:12:04+00:00 SKIP_EXISTING [102/900] id=OAFX0102 window=SCREEN_IS
2026-08-24T22:12:04+00:00 GATE_SKIP id=OAFX0102 window=IS reason=SINGLE_SLEEVE_INFERIOR decision=SCREEN_OUT_SINGLE_SLEEVE net=40227.0 PF=1.4591 DD=7.5594%
2026-08-24T22:12:04+00:00 SKIP_EXISTING [103/900] id=OAFX0103 window=SCREEN_IS
2026-08-24T22:12:04+00:00 GATE_SKIP id=OAFX0103 window=IS reason=SINGLE_SLEEVE_INFERIOR decision=SCREEN_OUT_SINGLE_SLEEVE net=31797.0 PF=1.1719 DD=11.3268%
2026-08-24T22:12:04+00:00 SKIP_EXISTING [104/900] id=OAFX0104 window=SCREEN_IS
2026-08-24T22:12:04+00:00 GATE_SKIP id=OAFX0104 window=IS reason=SINGLE_SLEEVE_INFERIOR decision=SCREEN_OUT_SINGLE_SLEEVE net=38477.0 PF=1.4308 DD=8.7357%
2026-08-24T22:12:04+00:00 SKIP_EXISTING [105/900] id=OAFX0105 window=SCREEN_IS
2026-08-24T22:12:04+00:00 GATE_SKIP id=OAFX0105 window=IS reason=SINGLE_SLEEVE_INFERIOR decision=SCREEN_OUT_SINGLE_SLEEVE net=30907.0 PF=1.1644 DD=10.8968%
2026-08-24T22:12:04+00:00 SKIP_EXISTING [106/900] id=OAFX0106 window=SCREEN_IS
2026-08-24T22:12:04+00:00 GATE_SKIP id=OAFX0106 window=IS reason=SINGLE_SLEEVE_INFERIOR decision=SCREEN_OUT_SINGLE_SLEEVE net=38634.0 PF=1.4304 DD=8.3495%
2026-08-24T22:12:04+00:00 SKIP_EXISTING [107/900] id=OAFX0107 window=SCREEN_IS
2026-08-24T22:12:04+00:00 GATE_SKIP id=OAFX0107 window=IS reason=SINGLE_SLEEVE_INFERIOR decision=SCREEN_OUT_SINGLE_SLEEVE net=32407.0 PF=1.172 DD=10.1664%
2026-08-24T22:12:04+00:00 SKIP_EXISTING [108/900] id=OAFX0108 window=SCREEN_IS
2026-08-24T22:12:04+00:00 GATE_SKIP id=OAFX0108 window=IS reason=SINGLE_SLEEVE_INFERIOR decision=SCREEN_OUT_SINGLE_SLEEVE net=40079.0 PF=1.4444 DD=7.843%
2026-08-24T22:12:04+00:00 SKIP_EXISTING [109/900] id=OAFX0109 window=SCREEN_IS
2026-08-24T22:12:04+00:00 GATE_SKIP id=OAFX0109 window=IS reason=SINGLE_SLEEVE_INFERIOR decision=SCREEN_OUT_SINGLE_SLEEVE net=36086.0 PF=1.1911 DD=10.0382%
2026-08-24T22:12:04+00:00 SKIP_EXISTING [110/900] id=OAFX0110 window=SCREEN_IS
2026-08-24T22:12:04+00:00 GATE_SKIP id=OAFX0110 window=IS reason=SINGLE_SLEEVE_INFERIOR decision=SCREEN_OUT_SINGLE_SLEEVE net=42005.0 PF=1.4638 DD=7.4187%
2026-08-24T22:12:04+00:00 SKIP_EXISTING [111/900] id=OAFX0111 window=SCREEN_IS
2026-08-24T22:12:04+00:00 GATE_SKIP id=OAFX0111 window=IS reason=SINGLE_SLEEVE_INFERIOR decision=SCREEN_OUT_SINGLE_SLEEVE net=36539.0 PF=1.1935 DD=9.9568%
2026-08-24T22:12:04+00:00 SKIP_EXISTING [112/900] id=OAFX0112 window=SCREEN_IS
2026-08-24T22:12:04+00:00 GATE_SKIP id=OAFX0112 window=IS reason=SINGLE_SLEEVE_INFERIOR decision=SCREEN_OUT_SINGLE_SLEEVE net=41204.0 PF=1.4549 DD=7.45%
2026-08-24T22:12:04+00:00 SKIP_EXISTING [113/900] id=OAFX0113 window=SCREEN_IS
2026-08-24T22:12:04+00:00 GATE_SKIP id=OAFX0113 window=IS reason=SINGLE_SLEEVE_INFERIOR decision=SCREEN_OUT_SINGLE_SLEEVE net=34095.0 PF=1.18 DD=10.1801%
2026-08-24T22:12:04+00:00 SKIP_EXISTING [114/900] id=OAFX0114 window=SCREEN_IS
2026-08-24T22:12:05+00:00 GATE_SKIP id=OAFX0114 window=IS reason=SINGLE_SLEEVE_INFERIOR decision=SCREEN_OUT_SINGLE_SLEEVE net=39375.0 PF=1.4317 DD=7.5766%
2026-08-24T22:12:05+00:00 SKIP_EXISTING [115/900] id=OAFX0115 window=SCREEN_IS
2026-08-24T22:12:05+00:00 GATE_SKIP id=OAFX0115 window=IS reason=SINGLE_SLEEVE_INFERIOR decision=SCREEN_OUT_SINGLE_SLEEVE net=33206.0 PF=1.1753 DD=10.2638%
2026-08-24T22:12:05+00:00 SKIP_EXISTING [116/900] id=OAFX0116 window=SCREEN_IS
2026-08-24T22:12:05+00:00 GATE_SKIP id=OAFX0116 window=IS reason=SINGLE_SLEEVE_INFERIOR decision=SCREEN_OUT_SINGLE_SLEEVE net=39922.0 PF=1.4377 DD=7.55%
2026-08-24T22:12:05+00:00 SKIP_EXISTING [117/900] id=OAFX0117 window=SCREEN_IS
2026-08-24T22:12:05+00:00 GATE_SKIP id=OAFX0117 window=IS reason=SINGLE_SLEEVE_INFERIOR decision=SCREEN_OUT_SINGLE_SLEEVE net=33694.0 PF=1.1778 DD=10.217%
2026-08-24T22:12:05+00:00 SKIP_EXISTING [118/900] id=OAFX0118 window=SCREEN_IS
2026-08-24T22:12:05+00:00 GATE_SKIP id=OAFX0118 window=IS reason=SINGLE_SLEEVE_INFERIOR decision=SCREEN_OUT_SINGLE_SLEEVE net=39804.0 PF=1.4364 DD=7.5262%
2026-08-24T22:12:05+00:00 SKIP_EXISTING [119/900] id=OAFX0119 window=SCREEN_IS
2026-08-24T22:12:05+00:00 GATE_SKIP id=OAFX0119 window=IS reason=SINGLE_SLEEVE_INFERIOR decision=SCREEN_OUT_SINGLE_SLEEVE net=33710.0 PF=1.1779 DD=10.2536%
2026-08-24T22:12:05+00:00 SKIP_EXISTING [120/900] id=OAFX0120 window=SCREEN_IS
2026-08-24T22:12:05+00:00 GATE_SKIP id=OAFX0120 window=IS reason=SINGLE_SLEEVE_INFERIOR decision=SCREEN_OUT_SINGLE_SLEEVE net=38935.0 PF=1.4269 DD=7.5847%
2026-08-24T22:12:05+00:00 SKIP_EXISTING [121/900] id=OAFX0121 window=SCREEN_IS
2026-08-24T22:12:05+00:00 GATE_SKIP id=OAFX0121 window=IS reason=SINGLE_SLEEVE_INFERIOR decision=SCREEN_OUT_SINGLE_SLEEVE net=40108.0 PF=1.1818 DD=11.5841%
2026-08-24T22:12:05+00:00 SKIP_EXISTING [122/900] id=OAFX0122 window=SCREEN_IS
2026-08-24T22:12:05+00:00 GATE_SKIP id=OAFX0122 window=IS reason=SINGLE_SLEEVE_INFERIOR decision=SCREEN_OUT_SINGLE_SLEEVE net=48236.0 PF=1.4808 DD=9.6309%
2026-08-24T22:12:05+00:00 SKIP_EXISTING [123/900] id=OAFX0123 window=SCREEN_IS
2026-08-24T22:12:05+00:00 GATE_SKIP id=OAFX0123 window=IS reason=SINGLE_SLEEVE_INFERIOR decision=SCREEN_OUT_SINGLE_SLEEVE net=41595.0 PF=1.1864 DD=12.8148%
2026-08-24T22:12:05+00:00 SKIP_EXISTING [124/900] id=OAFX0124 window=SCREEN_IS
2026-08-24T22:12:05+00:00 GATE_SKIP id=OAFX0124 window=IS reason=SINGLE_SLEEVE_INFERIOR decision=SCREEN_OUT_SINGLE_SLEEVE net=47719.0 PF=1.4678 DD=10.6055%
2026-08-24T22:12:05+00:00 SKIP_EXISTING [125/900] id=OAFX0125 window=SCREEN_IS
2026-08-24T22:12:05+00:00 GATE_SKIP id=OAFX0125 window=IS reason=SINGLE_SLEEVE_INFERIOR decision=SCREEN_OUT_SINGLE_SLEEVE net=38920.0 PF=1.171 DD=12.4031%
2026-08-24T22:12:05+00:00 SKIP_EXISTING [126/900] id=OAFX0126 window=SCREEN_IS
2026-08-24T22:12:05+00:00 GATE_SKIP id=OAFX0126 window=IS reason=SINGLE_SLEEVE_INFERIOR decision=SCREEN_OUT_SINGLE_SLEEVE net=48000.0 PF=1.4684 DD=10.2365%
2026-08-24T22:12:05+00:00 SKIP_EXISTING [127/900] id=OAFX0127 window=SCREEN_IS
2026-08-24T22:12:05+00:00 GATE_SKIP id=OAFX0127 window=IS reason=SINGLE_SLEEVE_INFERIOR decision=SCREEN_OUT_SINGLE_SLEEVE net=42154.0 PF=1.1848 DD=12.4685%
2026-08-24T22:12:05+00:00 SKIP_EXISTING [128/900] id=OAFX0128 window=SCREEN_IS
2026-08-24T22:12:05+00:00 GATE_SKIP id=OAFX0128 window=IS reason=SINGLE_SLEEVE_INFERIOR decision=SCREEN_OUT_SINGLE_SLEEVE net=50160.0 PF=1.4875 DD=9.7059%
2026-08-24T22:12:05+00:00 SKIP_EXISTING [129/900] id=OAFX0129 window=SCREEN_IS
2026-08-24T22:12:05+00:00 GATE_SKIP id=OAFX0129 window=IS reason=SINGLE_SLEEVE_INFERIOR decision=SCREEN_OUT_SINGLE_SLEEVE net=46377.0 PF=1.2027 DD=11.5504%
2026-08-24T22:12:05+00:00 SKIP_EXISTING [130/900] id=OAFX0130 window=SCREEN_IS
2026-08-24T22:12:05+00:00 GATE_SKIP id=OAFX0130 window=IS reason=SINGLE_SLEEVE_INFERIOR decision=SCREEN_OUT_SINGLE_SLEEVE net=52031.0 PF=1.5019 DD=9.0618%
2026-08-24T22:12:05+00:00 SKIP_EXISTING [131/900] id=OAFX0131 window=SCREEN_IS
2026-08-24T22:12:05+00:00 GATE_SKIP id=OAFX0131 window=IS reason=SINGLE_SLEEVE_INFERIOR decision=SCREEN_OUT_SINGLE_SLEEVE net=46719.0 PF=1.2042 DD=11.465%
2026-08-24T22:12:05+00:00 SKIP_EXISTING [132/900] id=OAFX0132 window=SCREEN_IS
2026-08-24T22:12:05+00:00 GATE_SKIP id=OAFX0132 window=IS reason=SINGLE_SLEEVE_INFERIOR decision=SCREEN_OUT_SINGLE_SLEEVE net=50718.0 PF=1.4893 DD=9.0419%
2026-08-24T22:12:05+00:00 SKIP_EXISTING [133/900] id=OAFX0133 window=SCREEN_IS
2026-08-24T22:12:05+00:00 GATE_SKIP id=OAFX0133 window=IS reason=SINGLE_SLEEVE_INFERIOR decision=SCREEN_OUT_SINGLE_SLEEVE net=44589.0 PF=1.1943 DD=11.6872%
2026-08-24T22:12:05+00:00 SKIP_EXISTING [134/900] id=OAFX0134 window=SCREEN_IS
2026-08-24T22:12:05+00:00 GATE_SKIP id=OAFX0134 window=IS reason=SINGLE_SLEEVE_INFERIOR decision=SCREEN_OUT_SINGLE_SLEEVE net=49078.0 PF=1.4706 DD=9.1155%
2026-08-24T22:12:05+00:00 SKIP_EXISTING [135/900] id=OAFX0135 window=SCREEN_IS
2026-08-24T22:12:05+00:00 GATE_SKIP id=OAFX0135 window=IS reason=SINGLE_SLEEVE_INFERIOR decision=SCREEN_OUT_SINGLE_SLEEVE net=42623.0 PF=1.1857 DD=11.9626%
2026-08-24T22:12:05+00:00 SKIP_EXISTING [136/900] id=OAFX0136 window=SCREEN_IS
2026-08-24T22:12:05+00:00 GATE_SKIP id=OAFX0136 window=IS reason=SINGLE_SLEEVE_INFERIOR decision=SCREEN_OUT_SINGLE_SLEEVE net=49732.0 PF=1.4769 DD=9.0778%
2026-08-24T22:12:05+00:00 SKIP_EXISTING [137/900] id=OAFX0137 window=SCREEN_IS
2026-08-24T22:12:05+00:00 GATE_SKIP id=OAFX0137 window=IS reason=SINGLE_SLEEVE_INFERIOR decision=SCREEN_OUT_SINGLE_SLEEVE net=42940.0 PF=1.1871 DD=11.9501%
2026-08-24T22:12:05+00:00 SKIP_EXISTING [138/900] id=OAFX0138 window=SCREEN_IS
2026-08-24T22:12:05+00:00 GATE_SKIP id=OAFX0138 window=IS reason=SINGLE_SLEEVE_INFERIOR decision=SCREEN_OUT_SINGLE_SLEEVE net=49683.0 PF=1.4764 DD=9.2401%
2026-08-24T22:12:05+00:00 SKIP_EXISTING [139/900] id=OAFX0139 window=SCREEN_IS
2026-08-24T22:12:05+00:00 GATE_SKIP id=OAFX0139 window=IS reason=SINGLE_SLEEVE_INFERIOR decision=SCREEN_OUT_SINGLE_SLEEVE net=42887.0 PF=1.1869 DD=11.9706%
2026-08-24T22:12:05+00:00 SKIP_EXISTING [140/900] id=OAFX0140 window=SCREEN_IS
2026-08-24T22:12:05+00:00 GATE_SKIP id=OAFX0140 window=IS reason=SINGLE_SLEEVE_INFERIOR decision=SCREEN_OUT_SINGLE_SLEEVE net=48488.0 PF=1.465 DD=9.3318%
2026-08-24T22:12:05+00:00 SKIP_EXISTING [141/900] id=OAFX0141 window=SCREEN_IS
2026-08-24T22:12:05+00:00 GATE_SKIP id=OAFX0141 window=IS reason=SINGLE_SLEEVE_INFERIOR decision=SCREEN_OUT_SINGLE_SLEEVE net=48768.0 PF=1.1885 DD=13.294%
2026-08-24T22:12:05+00:00 SKIP_EXISTING [142/900] id=OAFX0142 window=SCREEN_IS
2026-08-24T22:12:05+00:00 GATE_SKIP id=OAFX0142 window=IS reason=SINGLE_SLEEVE_INFERIOR decision=SCREEN_OUT_SINGLE_SLEEVE net=56245.0 PF=1.4976 DD=11.583%
2026-08-24T22:12:05+00:00 SKIP_EXISTING [143/900] id=OAFX0143 window=SCREEN_IS
2026-08-24T22:12:05+00:00 GATE_SKIP id=OAFX0143 window=IS reason=SINGLE_SLEEVE_INFERIOR decision=SCREEN_OUT_SINGLE_SLEEVE net=51393.0 PF=1.1967 DD=15.3588%
2026-08-24T22:12:05+00:00 SKIP_EXISTING [144/900] id=OAFX0144 window=SCREEN_IS
2026-08-24T22:12:05+00:00 GATE_SKIP id=OAFX0144 window=IS reason=SINGLE_SLEEVE_INFERIOR decision=SCREEN_OUT_SINGLE_SLEEVE net=56961.0 PF=1.4965 DD=12.4658%
2026-08-24T22:12:05+00:00 SKIP_EXISTING [145/900] id=OAFX0145 window=SCREEN_IS
2026-08-24T22:12:05+00:00 GATE_SKIP id=OAFX0145 window=IS reason=SINGLE_SLEEVE_INFERIOR decision=SCREEN_OUT_SINGLE_SLEEVE net=46933.0 PF=1.1756 DD=15.2255%
2026-08-24T22:12:05+00:00 SKIP_EXISTING [146/900] id=OAFX0146 window=SCREEN_IS
2026-08-24T22:12:05+00:00 GATE_SKIP id=OAFX0146 window=IS reason=SINGLE_SLEEVE_INFERIOR decision=SCREEN_OUT_SINGLE_SLEEVE net=57366.0 PF=1.4981 DD=12.1044%
2026-08-24T22:12:05+00:00 SKIP_EXISTING [147/900] id=OAFX0147 window=SCREEN_IS
2026-08-24T22:12:05+00:00 GATE_SKIP id=OAFX0147 window=IS reason=SINGLE_SLEEVE_INFERIOR decision=SCREEN_OUT_SINGLE_SLEEVE net=51901.0 PF=1.1939 DD=14.9479%
2026-08-24T22:12:05+00:00 SKIP_EXISTING [148/900] id=OAFX0148 window=SCREEN_IS
2026-08-24T22:12:05+00:00 GATE_SKIP id=OAFX0148 window=IS reason=SINGLE_SLEEVE_INFERIOR decision=SCREEN_OUT_SINGLE_SLEEVE net=60241.0 PF=1.5211 DD=11.5402%
2026-08-24T22:12:05+00:00 SKIP_EXISTING [149/900] id=OAFX0149 window=SCREEN_IS
2026-08-24T22:12:05+00:00 GATE_SKIP id=OAFX0149 window=IS reason=SINGLE_SLEEVE_INFERIOR decision=SCREEN_OUT_SINGLE_SLEEVE net=56668.0 PF=1.2108 DD=13.7552%
2026-08-24T22:12:05+00:00 SKIP_EXISTING [150/900] id=OAFX0150 window=SCREEN_IS
2026-08-24T22:12:05+00:00 GATE_SKIP id=OAFX0150 window=IS reason=SINGLE_SLEEVE_INFERIOR decision=SCREEN_OUT_SINGLE_SLEEVE net=62057.0 PF=1.5316 DD=10.8425%
2026-08-24T22:12:05+00:00 SKIP_EXISTING [151/900] id=OAFX0151 window=SCREEN_IS
2026-08-24T22:12:05+00:00 GATE_SKIP id=OAFX0151 window=IS reason=SINGLE_SLEEVE_INFERIOR decision=SCREEN_OUT_SINGLE_SLEEVE net=56899.0 PF=1.2116 DD=13.6869%
2026-08-24T22:12:05+00:00 SKIP_EXISTING [152/900] id=OAFX0152 window=SCREEN_IS
2026-08-24T22:12:05+00:00 GATE_SKIP id=OAFX0152 window=IS reason=SINGLE_SLEEVE_INFERIOR decision=SCREEN_OUT_SINGLE_SLEEVE net=60232.0 PF=1.5159 DD=10.8456%
2026-08-24T22:12:05+00:00 SKIP_EXISTING [153/900] id=OAFX0153 window=SCREEN_IS
2026-08-24T22:12:05+00:00 GATE_SKIP id=OAFX0153 window=IS reason=SINGLE_SLEEVE_INFERIOR decision=SCREEN_OUT_SINGLE_SLEEVE net=55083.0 PF=1.2044 DD=13.8169%
2026-08-24T22:12:05+00:00 SKIP_EXISTING [154/900] id=OAFX0154 window=SCREEN_IS
2026-08-24T22:12:05+00:00 GATE_SKIP id=OAFX0154 window=IS reason=SINGLE_SLEEVE_INFERIOR decision=SCREEN_OUT_SINGLE_SLEEVE net=58781.0 PF=1.5008 DD=10.8565%
2026-08-24T22:12:05+00:00 SKIP_EXISTING [155/900] id=OAFX0155 window=SCREEN_IS
2026-08-24T22:12:05+00:00 GATE_SKIP id=OAFX0155 window=IS reason=SINGLE_SLEEVE_INFERIOR decision=SCREEN_OUT_SINGLE_SLEEVE net=52040.0 PF=1.1931 DD=14.43%
2026-08-24T22:12:05+00:00 SKIP_EXISTING [156/900] id=OAFX0156 window=SCREEN_IS
2026-08-24T22:12:05+00:00 GATE_SKIP id=OAFX0156 window=IS reason=SINGLE_SLEEVE_INFERIOR decision=SCREEN_OUT_SINGLE_SLEEVE net=59542.0 PF=1.5073 DD=10.6887%
2026-08-24T22:12:05+00:00 SKIP_EXISTING [157/900] id=OAFX0157 window=SCREEN_IS
2026-08-24T22:12:05+00:00 GATE_SKIP id=OAFX0157 window=IS reason=SINGLE_SLEEVE_INFERIOR decision=SCREEN_OUT_SINGLE_SLEEVE net=52186.0 PF=1.1937 DD=14.4422%
2026-08-24T22:12:05+00:00 SKIP_EXISTING [158/900] id=OAFX0158 window=SCREEN_IS
2026-08-24T22:12:05+00:00 GATE_SKIP id=OAFX0158 window=IS reason=SINGLE_SLEEVE_INFERIOR decision=SCREEN_OUT_SINGLE_SLEEVE net=59562.0 PF=1.5075 DD=11.0103%
2026-08-24T22:12:05+00:00 SKIP_EXISTING [159/900] id=OAFX0159 window=SCREEN_IS
2026-08-24T22:12:05+00:00 GATE_SKIP id=OAFX0159 window=IS reason=SINGLE_SLEEVE_INFERIOR decision=SCREEN_OUT_SINGLE_SLEEVE net=52064.0 PF=1.1932 DD=14.4797%
2026-08-24T22:12:05+00:00 SKIP_EXISTING [160/900] id=OAFX0160 window=SCREEN_IS
2026-08-24T22:12:05+00:00 GATE_SKIP id=OAFX0160 window=IS reason=SINGLE_SLEEVE_INFERIOR decision=SCREEN_OUT_SINGLE_SLEEVE net=58041.0 PF=1.4945 DD=11.1396%
2026-08-24T22:12:05+00:00 SKIP_EXISTING [161/900] id=OAFX0161 window=SCREEN_IS
2026-08-24T22:12:05+00:00 GATE_SKIP id=OAFX0161 window=IS reason=SINGLE_SLEEVE_INFERIOR decision=SCREEN_OUT_SINGLE_SLEEVE net=57428.0 PF=1.1934 DD=15.5622%
2026-08-24T22:12:05+00:00 SKIP_EXISTING [162/900] id=OAFX0162 window=SCREEN_IS
2026-08-24T22:12:05+00:00 GATE_SKIP id=OAFX0162 window=IS reason=SINGLE_SLEEVE_INFERIOR decision=SCREEN_OUT_SINGLE_SLEEVE net=64254.0 PF=1.5111 DD=13.3277%
2026-08-24T22:12:05+00:00 SKIP_EXISTING [163/900] id=OAFX0163 window=SCREEN_IS
2026-08-24T22:12:05+00:00 GATE_SKIP id=OAFX0163 window=IS reason=SINGLE_SLEEVE_INFERIOR decision=SCREEN_OUT_SINGLE_SLEEVE net=61191.0 PF=1.2044 DD=17.4147%
2026-08-24T22:12:05+00:00 SKIP_EXISTING [164/900] id=OAFX0164 window=SCREEN_IS
2026-08-24T22:12:05+00:00 GATE_SKIP id=OAFX0164 window=IS reason=SINGLE_SLEEVE_INFERIOR decision=SCREEN_OUT_SINGLE_SLEEVE net=66203.0 PF=1.5196 DD=14.114%
2026-08-24T22:12:05+00:00 SKIP_EXISTING [165/900] id=OAFX0165 window=SCREEN_IS
2026-08-24T22:12:05+00:00 GATE_SKIP id=OAFX0165 window=IS reason=SINGLE_SLEEVE_INFERIOR decision=SCREEN_OUT_SINGLE_SLEEVE net=54946.0 PF=1.179 DD=17.6341%
2026-08-24T22:12:05+00:00 SKIP_EXISTING [166/900] id=OAFX0166 window=SCREEN_IS
2026-08-24T22:12:05+00:00 GATE_SKIP id=OAFX0166 window=IS reason=SINGLE_SLEEVE_INFERIOR decision=SCREEN_OUT_SINGLE_SLEEVE net=66732.0 PF=1.5219 DD=13.7511%
2026-08-24T22:12:05+00:00 SKIP_EXISTING [167/900] id=OAFX0167 window=SCREEN_IS
2026-08-24T22:12:05+00:00 GATE_SKIP id=OAFX0167 window=IS reason=SINGLE_SLEEVE_INFERIOR decision=SCREEN_OUT_SINGLE_SLEEVE net=61648.0 PF=1.2006 DD=16.9657%
2026-08-24T22:12:05+00:00 SKIP_EXISTING [168/900] id=OAFX0168 window=SCREEN_IS
2026-08-24T22:12:05+00:00 GATE_SKIP id=OAFX0168 window=IS reason=SINGLE_SLEEVE_INFERIOR decision=SCREEN_OUT_SINGLE_SLEEVE net=70322.0 PF=1.5481 DD=13.1484%
2026-08-24T22:12:05+00:00 SKIP_EXISTING [169/900] id=OAFX0169 window=SCREEN_IS
2026-08-24T22:12:05+00:00 GATE_SKIP id=OAFX0169 window=IS reason=SINGLE_SLEEVE_INFERIOR decision=SCREEN_OUT_SINGLE_SLEEVE net=66959.0 PF=1.2168 DD=15.7568%
2026-08-24T22:12:05+00:00 SKIP_EXISTING [170/900] id=OAFX0170 window=SCREEN_IS
2026-08-24T22:12:05+00:00 GATE_SKIP id=OAFX0170 window=IS reason=SINGLE_SLEEVE_INFERIOR decision=SCREEN_OUT_SINGLE_SLEEVE net=72083.0 PF=1.5552 DD=12.3903%
2026-08-24T22:12:05+00:00 SKIP_EXISTING [171/900] id=OAFX0171 window=SCREEN_IS
2026-08-24T22:12:05+00:00 GATE_SKIP id=OAFX0171 window=IS reason=SINGLE_SLEEVE_INFERIOR decision=SCREEN_OUT_SINGLE_SLEEVE net=67079.0 PF=1.2172 DD=15.7051%
2026-08-24T22:12:05+00:00 SKIP_EXISTING [172/900] id=OAFX0172 window=SCREEN_IS
2026-08-24T22:12:05+00:00 GATE_SKIP id=OAFX0172 window=IS reason=SINGLE_SLEEVE_INFERIOR decision=SCREEN_OUT_SINGLE_SLEEVE net=69746.0 PF=1.5372 DD=12.4184%
2026-08-24T22:12:05+00:00 SKIP_EXISTING [173/900] id=OAFX0173 window=SCREEN_IS
2026-08-24T22:12:05+00:00 GATE_SKIP id=OAFX0173 window=IS reason=SINGLE_SLEEVE_INFERIOR decision=SCREEN_OUT_SINGLE_SLEEVE net=65577.0 PF=1.2119 DD=15.8271%
2026-08-24T22:12:05+00:00 SKIP_EXISTING [174/900] id=OAFX0174 window=SCREEN_IS
2026-08-24T22:12:05+00:00 GATE_SKIP id=OAFX0174 window=IS reason=SINGLE_SLEEVE_INFERIOR decision=SCREEN_OUT_SINGLE_SLEEVE net=68484.0 PF=1.525 DD=12.429%
2026-08-24T22:12:05+00:00 SKIP_EXISTING [175/900] id=OAFX0175 window=SCREEN_IS
2026-08-24T22:12:05+00:00 GATE_SKIP id=OAFX0175 window=IS reason=SINGLE_SLEEVE_INFERIOR decision=SCREEN_OUT_SINGLE_SLEEVE net=61457.0 PF=1.1986 DD=16.531%
2026-08-24T22:12:05+00:00 SKIP_EXISTING [176/900] id=OAFX0176 window=SCREEN_IS
2026-08-24T22:12:05+00:00 GATE_SKIP id=OAFX0176 window=IS reason=SINGLE_SLEEVE_INFERIOR decision=SCREEN_OUT_SINGLE_SLEEVE net=69352.0 PF=1.5316 DD=12.256%
2026-08-24T22:12:05+00:00 SKIP_EXISTING [177/900] id=OAFX0177 window=SCREEN_IS
2026-08-24T22:12:05+00:00 GATE_SKIP id=OAFX0177 window=IS reason=SINGLE_SLEEVE_INFERIOR decision=SCREEN_OUT_SINGLE_SLEEVE net=61432.0 PF=1.1985 DD=16.5704%
2026-08-24T22:12:05+00:00 SKIP_EXISTING [178/900] id=OAFX0178 window=SCREEN_IS
2026-08-24T22:12:05+00:00 GATE_SKIP id=OAFX0178 window=IS reason=SINGLE_SLEEVE_INFERIOR decision=SCREEN_OUT_SINGLE_SLEEVE net=69441.0 PF=1.5323 DD=12.5445%
2026-08-24T22:12:05+00:00 SKIP_EXISTING [179/900] id=OAFX0179 window=SCREEN_IS
2026-08-24T22:12:05+00:00 GATE_SKIP id=OAFX0179 window=IS reason=SINGLE_SLEEVE_INFERIOR decision=SCREEN_OUT_SINGLE_SLEEVE net=61241.0 PF=1.1979 DD=16.6254%
2026-08-24T22:12:05+00:00 SKIP_EXISTING [180/900] id=OAFX0180 window=SCREEN_IS
2026-08-24T22:12:05+00:00 GATE_SKIP id=OAFX0180 window=IS reason=SINGLE_SLEEVE_INFERIOR decision=SCREEN_OUT_SINGLE_SLEEVE net=67594.0 PF=1.5181 DD=12.7118%
2026-08-24T22:12:05+00:00 SKIP_EXISTING [181/900] id=OAFX0181 window=SCREEN_IS
2026-08-24T22:12:05+00:00 GATE_SKIP id=OAFX0181 window=IS reason=SINGLE_SLEEVE_INFERIOR decision=SCREEN_OUT_SINGLE_SLEEVE net=66088.0 PF=1.1973 DD=18.2405%
2026-08-24T22:12:05+00:00 SKIP_EXISTING [182/900] id=OAFX0182 window=SCREEN_IS
2026-08-24T22:12:05+00:00 GATE_SKIP id=OAFX0182 window=IS reason=SINGLE_SLEEVE_INFERIOR decision=SCREEN_OUT_SINGLE_SLEEVE net=72263.0 PF=1.522 DD=14.8964%
2026-08-24T22:12:05+00:00 SKIP_EXISTING [183/900] id=OAFX0183 window=SCREEN_IS
2026-08-24T22:12:05+00:00 GATE_SKIP id=OAFX0183 window=IS reason=SINGLE_SLEEVE_INFERIOR decision=SCREEN_OUT_SINGLE_SLEEVE net=70989.0 PF=1.2103 DD=19.274%
2026-08-24T22:12:05+00:00 SKIP_EXISTING [184/900] id=OAFX0184 window=SCREEN_IS
2026-08-24T22:12:05+00:00 GATE_SKIP id=OAFX0184 window=IS reason=SINGLE_SLEEVE_INFERIOR decision=SCREEN_OUT_SINGLE_SLEEVE net=75445.0 PF=1.5384 DD=15.5844%
2026-08-24T22:12:05+00:00 SKIP_EXISTING [185/900] id=OAFX0185 window=SCREEN_IS
2026-08-24T22:12:05+00:00 GATE_SKIP id=OAFX0185 window=IS reason=SINGLE_SLEEVE_INFERIOR decision=SCREEN_OUT_SINGLE_SLEEVE net=62959.0 PF=1.1817 DD=19.6492%
2026-08-24T22:12:05+00:00 SKIP_EXISTING [186/900] id=OAFX0186 window=SCREEN_IS
2026-08-24T22:12:05+00:00 GATE_SKIP id=OAFX0186 window=IS reason=SINGLE_SLEEVE_INFERIOR decision=SCREEN_OUT_SINGLE_SLEEVE net=76098.0 PF=1.5413 DD=15.2137%
2026-08-24T22:12:05+00:00 SKIP_EXISTING [187/900] id=OAFX0187 window=SCREEN_IS
2026-08-24T22:12:05+00:00 GATE_SKIP id=OAFX0187 window=IS reason=SINGLE_SLEEVE_INFERIOR decision=SCREEN_OUT_SINGLE_SLEEVE net=71395.0 PF=1.2058 DD=18.9363%
2026-08-24T22:12:05+00:00 SCREEN_SKIP_EXISTING_FULLBOOK [188/900] id=OAFX0188 reason=existing fullbook IS retained
2026-08-24T22:12:05+00:00 SKIP_EXISTING [188/900] id=OAFX0188 window=IS
2026-08-24T22:12:05+00:00 GATE_SKIP id=OAFX0188 window=OOS reason=IS_NOT_SURVIVOR decision=IS_REJECT net=272596.0 PF=1.5997 DD=36.8905%
2026-08-24T22:12:05+00:00 SCREEN_SKIP_EXISTING_FULLBOOK [189/900] id=OAFX0189 reason=existing fullbook IS retained
2026-08-24T22:12:05+00:00 SKIP_EXISTING [189/900] id=OAFX0189 window=IS
2026-08-24T22:12:05+00:00 GATE_SKIP id=OAFX0189 window=OOS reason=IS_NOT_SURVIVOR decision=IS_REJECT net=269443.0 PF=1.4068 DD=35.8647%
2026-08-24T22:12:05+00:00 SCREEN_SKIP_EXISTING_FULLBOOK [190/900] id=OAFX0190 reason=existing fullbook IS retained
2026-08-24T22:12:05+00:00 SKIP_EXISTING [190/900] id=OAFX0190 window=IS
2026-08-24T22:12:05+00:00 GATE_SKIP id=OAFX0190 window=OOS reason=IS_NOT_SURVIVOR decision=IS_REJECT net=274302.0 PF=1.601 DD=36.4886%
2026-08-24T22:12:05+00:00 SCREEN_SKIP_EXISTING_FULLBOOK [191/900] id=OAFX0191 reason=existing fullbook IS retained
2026-08-24T22:12:05+00:00 SKIP_EXISTING [191/900] id=OAFX0191 window=IS
2026-08-24T22:12:05+00:00 SKIP_EXISTING [191/900] id=OAFX0191 window=OOS
2026-08-24T22:12:05+00:00 SKIP_EXISTING [192/900] id=OAFX0192 window=SCREEN_IS
2026-08-24T22:12:05+00:00 RUN_START id=OAFX0192 family=sca_gj_boost_rr_direction window=IS run=oafx_is_oafx0192_20260825071205_fe4e56
2026-08-24T22:12:06+00:00 RUN_HEARTBEAT pid=39680 elapsed=0s
2026-08-24T22:12:21+00:00 WAIT_MT5_IDLE elapsed=1s processes=terminal64.exe
2026-08-24T22:13:23+00:00 WAIT_MT5_IDLE elapsed=62s processes=terminal64.exe
2026-08-24T22:14:25+00:00 WAIT_MT5_IDLE elapsed=124s processes=terminal64.exe
2026-08-24T22:15:26+00:00 WAIT_MT5_IDLE elapsed=186s processes=terminal64.exe
2026-08-24T22:16:28+00:00 WAIT_MT5_IDLE elapsed=247s processes=terminal64.exe
2026-08-24T22:17:30+00:00 WAIT_MT5_IDLE elapsed=309s processes=terminal64.exe
2026-08-24T22:18:31+00:00 WAIT_MT5_IDLE elapsed=371s processes=terminal64.exe
2026-08-24T22:19:33+00:00 WAIT_MT5_IDLE elapsed=432s processes=terminal64.exe
2026-08-24T22:20:35+00:00 WAIT_MT5_IDLE elapsed=494s processes=terminal64.exe
2026-08-24T22:21:37+00:00 WAIT_MT5_IDLE elapsed=556s processes=terminal64.exe
2026-08-24T22:22:38+00:00 WAIT_MT5_IDLE elapsed=617s processes=terminal64.exe
2026-08-24T22:23:40+00:00 WAIT_MT5_IDLE elapsed=679s processes=terminal64.exe
2026-08-24T22:24:41+00:00 WAIT_MT5_IDLE elapsed=741s processes=terminal64.exe
2026-08-24T22:25:43+00:00 WAIT_MT5_IDLE elapsed=802s processes=terminal64.exe
2026-08-24T22:26:44+00:00 WAIT_MT5_IDLE elapsed=863s processes=terminal64.exe
2026-08-24T22:27:31+00:00 RECLAIM_STALE_TERMINAL after=910s
2026-08-24T22:27:46+00:00 RUN_END id=OAFX0192 window=IS status=FAILED decision=RUN_FAILED elapsed=941.253s
2026-08-24T22:27:46+00:00 SKIP_EXISTING [193/900] id=OAFX0193 window=SCREEN_IS
2026-08-24T22:27:46+00:00 GATE_SKIP id=OAFX0193 window=IS reason=SINGLE_SLEEVE_INFERIOR decision=SCREEN_OUT_SINGLE_SLEEVE net=76071.0 PF=1.2177 DD=17.7554%
2026-08-24T22:27:46+00:00 RUN_START id=OAFX0194 family=sca_gj_boost_rr_direction window=SCREEN_IS run=oafx_screen_is_oafx0194_20260825072746_3668c6
2026-08-24T22:27:47+00:00 RUN_HEARTBEAT pid=9788 elapsed=0s
2026-08-24T22:28:48+00:00 RUN_HEARTBEAT pid=9788 elapsed=62s
2026-08-24T22:29:04+00:00 RUN_END id=OAFX0194 window=SCREEN_IS status=OK decision=SCREEN_PASS_DD elapsed=77.882s
2026-08-24T22:29:04+00:00 RUN_START id=OAFX0194 family=sca_gj_boost_rr_direction window=IS run=oafx_is_oafx0194_20260825072904_16d8ac
2026-08-24T22:29:05+00:00 RUN_HEARTBEAT pid=38524 elapsed=0s
2026-08-24T22:30:06+00:00 RUN_HEARTBEAT pid=38524 elapsed=62s
2026-08-24T22:31:08+00:00 RUN_HEARTBEAT pid=38524 elapsed=123s
2026-08-24T22:32:10+00:00 RUN_HEARTBEAT pid=38524 elapsed=185s
2026-08-24T22:33:11+00:00 RUN_HEARTBEAT pid=38524 elapsed=247s
2026-08-24T22:34:13+00:00 RUN_HEARTBEAT pid=38524 elapsed=308s
2026-08-24T22:35:15+00:00 RUN_HEARTBEAT pid=38524 elapsed=370s
2026-08-24T22:35:45+00:00 RUN_END id=OAFX0194 window=IS status=OK decision=IS_REJECT elapsed=401.602s
2026-08-24T22:35:45+00:00 GATE_SKIP id=OAFX0194 window=OOS reason=IS_NOT_SURVIVOR decision=IS_REJECT net=270988.0 PF=1.5933 DD=36.2066%
2026-08-24T22:35:45+00:00 RUN_START id=OAFX0195 family=sca_gj_boost_rr_direction window=SCREEN_IS run=oafx_screen_is_oafx0195_20260825073545_269a73
2026-08-24T22:35:46+00:00 RUN_HEARTBEAT pid=41480 elapsed=0s
2026-08-24T22:36:48+00:00 RUN_HEARTBEAT pid=41480 elapsed=62s
2026-08-24T22:37:03+00:00 RUN_END id=OAFX0195 window=SCREEN_IS status=OK decision=SCREEN_OUT_SINGLE_SLEEVE elapsed=77.938s
2026-08-24T22:37:03+00:00 GATE_SKIP id=OAFX0195 window=IS reason=SINGLE_SLEEVE_INFERIOR decision=SCREEN_OUT_SINGLE_SLEEVE net=70874.0 PF=1.2028 DD=18.5587%
2026-08-24T22:37:03+00:00 RUN_START id=OAFX0196 family=sca_gj_boost_rr_direction window=SCREEN_IS run=oafx_screen_is_oafx0196_20260825073703_01d82b
2026-08-24T22:37:04+00:00 RUN_HEARTBEAT pid=17776 elapsed=0s
2026-08-24T22:38:06+00:00 RUN_HEARTBEAT pid=17776 elapsed=62s
2026-08-24T22:38:21+00:00 RUN_END id=OAFX0196 window=SCREEN_IS status=OK decision=SCREEN_PASS_DD elapsed=77.850s
2026-08-24T22:38:21+00:00 RUN_START id=OAFX0196 family=sca_gj_boost_rr_direction window=IS run=oafx_is_oafx0196_20260825073821_84621c
2026-08-24T22:38:22+00:00 RUN_HEARTBEAT pid=15236 elapsed=0s
2026-08-24T22:39:24+00:00 RUN_HEARTBEAT pid=15236 elapsed=62s
2026-08-24T22:40:25+00:00 RUN_HEARTBEAT pid=15236 elapsed=123s
2026-08-24T22:41:27+00:00 RUN_HEARTBEAT pid=15236 elapsed=185s
2026-08-24T22:42:29+00:00 RUN_HEARTBEAT pid=15236 elapsed=247s
2026-08-24T22:43:30+00:00 RUN_HEARTBEAT pid=15236 elapsed=308s
2026-08-24T22:44:32+00:00 RUN_HEARTBEAT pid=15236 elapsed=370s
2026-08-24T22:44:47+00:00 RUN_END id=OAFX0196 window=IS status=OK decision=IS_REJECT elapsed=386.246s
2026-08-24T22:44:47+00:00 GATE_SKIP id=OAFX0196 window=OOS reason=IS_NOT_SURVIVOR decision=IS_REJECT net=271963.0 PF=1.5954 DD=36.2066%
2026-08-24T22:44:47+00:00 RUN_START id=OAFX0197 family=sca_gj_boost_rr_direction window=SCREEN_IS run=oafx_screen_is_oafx0197_20260825074447_76709d
2026-08-24T22:44:48+00:00 RUN_HEARTBEAT pid=44248 elapsed=0s
2026-08-24T22:45:50+00:00 RUN_HEARTBEAT pid=44248 elapsed=62s
2026-08-24T22:46:05+00:00 RUN_END id=OAFX0197 window=SCREEN_IS status=OK decision=SCREEN_OUT_SINGLE_SLEEVE elapsed=77.792s
2026-08-24T22:46:05+00:00 GATE_SKIP id=OAFX0197 window=IS reason=SINGLE_SLEEVE_INFERIOR decision=SCREEN_OUT_SINGLE_SLEEVE net=70678.0 PF=1.2022 DD=18.6265%
2026-08-24T22:46:05+00:00 RUN_START id=OAFX0198 family=sca_gj_boost_rr_direction window=SCREEN_IS run=oafx_screen_is_oafx0198_20260825074605_eb371e
2026-08-24T22:46:06+00:00 RUN_HEARTBEAT pid=35536 elapsed=0s
2026-08-24T22:47:08+00:00 RUN_HEARTBEAT pid=35536 elapsed=62s
2026-08-24T22:47:23+00:00 RUN_END id=OAFX0198 window=SCREEN_IS status=OK decision=SCREEN_PASS_DD elapsed=77.812s
2026-08-24T22:47:23+00:00 RUN_START id=OAFX0198 family=sca_gj_boost_rr_direction window=IS run=oafx_is_oafx0198_20260825074723_9deb46
2026-08-24T22:47:24+00:00 RUN_HEARTBEAT pid=44944 elapsed=0s
2026-08-24T22:48:26+00:00 RUN_HEARTBEAT pid=44944 elapsed=62s
2026-08-24T22:49:27+00:00 RUN_HEARTBEAT pid=44944 elapsed=123s
2026-08-24T22:50:29+00:00 RUN_HEARTBEAT pid=44944 elapsed=185s
2026-08-24T22:51:31+00:00 RUN_HEARTBEAT pid=44944 elapsed=247s
2026-08-24T22:52:32+00:00 RUN_HEARTBEAT pid=44944 elapsed=308s
2026-08-24T22:53:34+00:00 RUN_HEARTBEAT pid=44944 elapsed=370s
2026-08-24T22:54:05+00:00 RUN_END id=OAFX0198 window=IS status=OK decision=IS_REJECT elapsed=401.784s
2026-08-24T22:54:05+00:00 GATE_SKIP id=OAFX0198 window=OOS reason=IS_NOT_SURVIVOR decision=IS_REJECT net=272121.0 PF=1.5958 DD=36.2066%
2026-08-24T22:54:05+00:00 RUN_START id=OAFX0199 family=sca_gj_boost_rr_direction window=SCREEN_IS run=oafx_screen_is_oafx0199_20260825075405_21df4a
2026-08-24T22:54:06+00:00 RUN_HEARTBEAT pid=14640 elapsed=0s
2026-08-24T22:55:07+00:00 RUN_HEARTBEAT pid=14640 elapsed=62s
2026-08-24T22:55:23+00:00 RUN_END id=OAFX0199 window=SCREEN_IS status=OK decision=SCREEN_OUT_SINGLE_SLEEVE elapsed=77.896s
2026-08-24T22:55:23+00:00 GATE_SKIP id=OAFX0199 window=IS reason=SINGLE_SLEEVE_INFERIOR decision=SCREEN_OUT_SINGLE_SLEEVE net=70418.0 PF=1.2015 DD=18.6996%
2026-08-24T22:55:23+00:00 RUN_START id=OAFX0200 family=sca_gj_boost_rr_direction window=SCREEN_IS run=oafx_screen_is_oafx0200_20260825075523_c01263
2026-08-24T22:55:24+00:00 RUN_HEARTBEAT pid=40900 elapsed=0s
2026-08-24T22:56:25+00:00 RUN_HEARTBEAT pid=40900 elapsed=62s
2026-08-24T22:56:41+00:00 RUN_END id=OAFX0200 window=SCREEN_IS status=OK decision=SCREEN_PASS_DD elapsed=77.786s
2026-08-24T22:56:41+00:00 RUN_START id=OAFX0200 family=sca_gj_boost_rr_direction window=IS run=oafx_is_oafx0200_20260825075641_1e09b8
2026-08-24T22:56:41+00:00 RUN_HEARTBEAT pid=21376 elapsed=0s
2026-08-24T22:57:43+00:00 RUN_HEARTBEAT pid=21376 elapsed=62s
2026-08-24T22:58:45+00:00 RUN_HEARTBEAT pid=21376 elapsed=123s
2026-08-24T22:59:46+00:00 RUN_HEARTBEAT pid=21376 elapsed=185s
2026-08-24T23:00:48+00:00 RUN_HEARTBEAT pid=21376 elapsed=247s
2026-08-24T23:01:50+00:00 RUN_HEARTBEAT pid=21376 elapsed=308s
2026-08-24T23:02:51+00:00 RUN_HEARTBEAT pid=21376 elapsed=370s
2026-08-24T23:03:07+00:00 RUN_END id=OAFX0200 window=IS status=OK decision=IS_REJECT elapsed=386.175s
2026-08-24T23:03:07+00:00 GATE_SKIP id=OAFX0200 window=OOS reason=IS_NOT_SURVIVOR decision=IS_REJECT net=269948.0 PF=1.591 DD=36.2066%
2026-08-24T23:03:07+00:00 SCREEN_SKIP_EXISTING_FULLBOOK [201/900] id=OAFX0201 reason=existing fullbook IS retained
2026-08-24T23:03:07+00:00 SKIP_EXISTING [201/900] id=OAFX0201 window=IS
2026-08-24T23:03:07+00:00 GATE_SKIP id=OAFX0201 window=OOS reason=IS_NOT_SURVIVOR decision=IS_REJECT net=215157.0 PF=1.4147 DD=51.0083%
2026-08-24T23:03:07+00:00 SKIP_EXISTING [202/900] id=OAFX0202 window=SCREEN_IS
2026-08-24T23:03:07+00:00 GATE_SKIP id=OAFX0202 window=IS reason=SINGLE_SLEEVE_INFERIOR decision=SCREEN_OUT_SINGLE_SLEEVE net=41904.0 PF=1.1506 DD=28.2758%
2026-08-24T23:03:07+00:00 RUN_START id=OAFX0203 family=sca_gj_break_confirmation window=SCREEN_IS run=oafx_screen_is_oafx0203_20260825080307_712b4b
2026-08-24T23:03:08+00:00 RUN_HEARTBEAT pid=39640 elapsed=0s
2026-08-24T23:04:09+00:00 RUN_HEARTBEAT pid=39640 elapsed=62s
2026-08-24T23:04:25+00:00 RUN_END id=OAFX0203 window=SCREEN_IS status=OK decision=SCREEN_OUT_SINGLE_SLEEVE elapsed=78.026s
2026-08-24T23:04:25+00:00 GATE_SKIP id=OAFX0203 window=IS reason=SINGLE_SLEEVE_INFERIOR decision=SCREEN_OUT_SINGLE_SLEEVE net=43180.0 PF=1.1463 DD=27.8618%
2026-08-24T23:04:25+00:00 RUN_START id=OAFX0204 family=sca_gj_break_confirmation window=SCREEN_IS run=oafx_screen_is_oafx0204_20260825080425_c334ad
2026-08-24T23:04:26+00:00 RUN_HEARTBEAT pid=23344 elapsed=0s
2026-08-24T23:05:27+00:00 RUN_HEARTBEAT pid=23344 elapsed=62s
2026-08-24T23:05:43+00:00 RUN_END id=OAFX0204 window=SCREEN_IS status=OK decision=SCREEN_OUT_SINGLE_SLEEVE elapsed=78.188s
2026-08-24T23:05:43+00:00 GATE_SKIP id=OAFX0204 window=IS reason=SINGLE_SLEEVE_INFERIOR decision=SCREEN_OUT_SINGLE_SLEEVE net=43442.0 PF=1.1452 DD=24.9711%
2026-08-24T23:05:43+00:00 RUN_START id=OAFX0205 family=sca_gj_break_confirmation window=SCREEN_IS run=oafx_screen_is_oafx0205_20260825080543_6f3600
2026-08-24T23:05:44+00:00 RUN_HEARTBEAT pid=45188 elapsed=0s
2026-08-24T23:06:46+00:00 RUN_HEARTBEAT pid=45188 elapsed=62s
2026-08-24T23:07:01+00:00 RUN_END id=OAFX0205 window=SCREEN_IS status=OK decision=SCREEN_OUT_SINGLE_SLEEVE elapsed=78.238s
2026-08-24T23:07:01+00:00 GATE_SKIP id=OAFX0205 window=IS reason=SINGLE_SLEEVE_INFERIOR decision=SCREEN_OUT_SINGLE_SLEEVE net=19843.0 PF=1.1832 DD=32.277%
2026-08-24T23:07:01+00:00 RUN_START id=OAFX0206 family=sca_gj_break_confirmation window=SCREEN_IS run=oafx_screen_is_oafx0206_20260825080701_530892
2026-08-24T23:07:02+00:00 RUN_HEARTBEAT pid=42652 elapsed=0s
2026-08-24T23:08:04+00:00 RUN_HEARTBEAT pid=42652 elapsed=62s
2026-08-24T23:08:19+00:00 RUN_END id=OAFX0206 window=SCREEN_IS status=OK decision=SCREEN_OUT_SINGLE_SLEEVE elapsed=78.227s
2026-08-24T23:08:19+00:00 GATE_SKIP id=OAFX0206 window=IS reason=SINGLE_SLEEVE_INFERIOR decision=SCREEN_OUT_SINGLE_SLEEVE net=-6748.0 PF=0.9673 DD=49.1143%
2026-08-24T23:08:19+00:00 RUN_START id=OAFX0207 family=sca_gj_break_confirmation window=SCREEN_IS run=oafx_screen_is_oafx0207_20260825080819_11ae69
2026-08-24T23:08:20+00:00 RUN_HEARTBEAT pid=43096 elapsed=0s
2026-08-24T23:09:22+00:00 RUN_HEARTBEAT pid=43096 elapsed=62s
2026-08-24T23:09:38+00:00 RUN_END id=OAFX0207 window=SCREEN_IS status=OK decision=SCREEN_OUT_SINGLE_SLEEVE elapsed=78.258s
2026-08-24T23:09:38+00:00 GATE_SKIP id=OAFX0207 window=IS reason=SINGLE_SLEEVE_INFERIOR decision=SCREEN_OUT_SINGLE_SLEEVE net=26127.0 PF=1.1144 DD=35.8825%
2026-08-24T23:09:38+00:00 RUN_START id=OAFX0208 family=sca_gj_break_confirmation window=SCREEN_IS run=oafx_screen_is_oafx0208_20260825080938_b2ef1f
2026-08-24T23:09:39+00:00 RUN_HEARTBEAT pid=19460 elapsed=0s
2026-08-24T23:10:40+00:00 RUN_HEARTBEAT pid=19460 elapsed=62s
2026-08-24T23:10:56+00:00 RUN_END id=OAFX0208 window=SCREEN_IS status=OK decision=SCREEN_OUT_SINGLE_SLEEVE elapsed=78.249s
2026-08-24T23:10:56+00:00 GATE_SKIP id=OAFX0208 window=IS reason=SINGLE_SLEEVE_INFERIOR decision=SCREEN_OUT_SINGLE_SLEEVE net=25559.0 PF=1.1096 DD=36.3068%
2026-08-24T23:10:56+00:00 RUN_START id=OAFX0209 family=sca_gj_break_confirmation window=SCREEN_IS run=oafx_screen_is_oafx0209_20260825081056_5e5ae4
2026-08-24T23:10:57+00:00 RUN_HEARTBEAT pid=5760 elapsed=0s
2026-08-24T23:11:59+00:00 RUN_HEARTBEAT pid=5760 elapsed=62s
2026-08-24T23:12:14+00:00 RUN_END id=OAFX0209 window=SCREEN_IS status=OK decision=SCREEN_OUT_SINGLE_SLEEVE elapsed=78.214s
2026-08-24T23:12:14+00:00 GATE_SKIP id=OAFX0209 window=IS reason=SINGLE_SLEEVE_INFERIOR decision=SCREEN_OUT_SINGLE_SLEEVE net=-3511.0 PF=0.8831 DD=21.5827%
2026-08-24T23:12:14+00:00 RUN_START id=OAFX0210 family=sca_gj_break_confirmation window=SCREEN_IS run=oafx_screen_is_oafx0210_20260825081214_14f7c3
2026-08-24T23:12:15+00:00 RUN_HEARTBEAT pid=14884 elapsed=0s
2026-08-24T23:13:17+00:00 RUN_HEARTBEAT pid=14884 elapsed=62s
2026-08-24T23:13:32+00:00 RUN_END id=OAFX0210 window=SCREEN_IS status=OK decision=SCREEN_OUT_SINGLE_SLEEVE elapsed=78.252s
2026-08-24T23:13:32+00:00 GATE_SKIP id=OAFX0210 window=IS reason=SINGLE_SLEEVE_INFERIOR decision=SCREEN_OUT_SINGLE_SLEEVE net=-875.0 PF=0.9894 DD=25.4053%
2026-08-24T23:13:32+00:00 RUN_START id=OAFX0211 family=sca_gj_break_confirmation window=SCREEN_IS run=oafx_screen_is_oafx0211_20260825081332_401cfe
2026-08-24T23:13:33+00:00 RUN_HEARTBEAT pid=5408 elapsed=0s
2026-08-24T23:14:35+00:00 RUN_HEARTBEAT pid=5408 elapsed=62s
2026-08-24T23:14:51+00:00 RUN_END id=OAFX0211 window=SCREEN_IS status=OK decision=SCREEN_OUT_SINGLE_SLEEVE elapsed=78.233s
2026-08-24T23:14:51+00:00 GATE_SKIP id=OAFX0211 window=IS reason=SINGLE_SLEEVE_INFERIOR decision=SCREEN_OUT_SINGLE_SLEEVE net=28835.0 PF=1.2641 DD=20.183%
2026-08-24T23:14:51+00:00 RUN_START id=OAFX0212 family=sca_gj_break_confirmation window=SCREEN_IS run=oafx_screen_is_oafx0212_20260825081451_1aaad9
2026-08-24T23:14:52+00:00 RUN_HEARTBEAT pid=40368 elapsed=0s
2026-08-24T23:15:53+00:00 RUN_HEARTBEAT pid=40368 elapsed=62s
2026-08-24T23:16:09+00:00 RUN_END id=OAFX0212 window=SCREEN_IS status=OK decision=SCREEN_OUT_SINGLE_SLEEVE elapsed=78.222s
2026-08-24T23:16:09+00:00 GATE_SKIP id=OAFX0212 window=IS reason=SINGLE_SLEEVE_INFERIOR decision=SCREEN_OUT_SINGLE_SLEEVE net=17006.0 PF=1.1275 DD=21.3358%
2026-08-24T23:16:09+00:00 RUN_START id=OAFX0213 family=sca_gj_break_confirmation window=SCREEN_IS run=oafx_screen_is_oafx0213_20260825081609_d9fc65
2026-08-24T23:16:10+00:00 RUN_HEARTBEAT pid=43412 elapsed=0s
2026-08-24T23:17:12+00:00 RUN_HEARTBEAT pid=43412 elapsed=62s
2026-08-24T23:17:27+00:00 RUN_END id=OAFX0213 window=SCREEN_IS status=OK decision=SCREEN_OUT_SINGLE_SLEEVE elapsed=78.233s
2026-08-24T23:17:27+00:00 GATE_SKIP id=OAFX0213 window=IS reason=SINGLE_SLEEVE_INFERIOR decision=SCREEN_OUT_SINGLE_SLEEVE net=-5788.0 PF=0.5657 DD=15.9051%
2026-08-24T23:17:27+00:00 RUN_START id=OAFX0214 family=sca_gj_break_confirmation window=SCREEN_IS run=oafx_screen_is_oafx0214_20260825081727_9e6915
2026-08-24T23:17:28+00:00 RUN_HEARTBEAT pid=4400 elapsed=0s
2026-08-24T23:18:30+00:00 RUN_HEARTBEAT pid=4400 elapsed=62s
2026-08-24T23:18:45+00:00 RUN_END id=OAFX0214 window=SCREEN_IS status=OK decision=SCREEN_OUT_SINGLE_SLEEVE elapsed=78.222s
2026-08-24T23:18:45+00:00 GATE_SKIP id=OAFX0214 window=IS reason=SINGLE_SLEEVE_INFERIOR decision=SCREEN_OUT_SINGLE_SLEEVE net=-2033.0 PF=0.8957 DD=15.8824%
2026-08-24T23:18:45+00:00 RUN_START id=OAFX0215 family=sca_gj_break_confirmation window=SCREEN_IS run=oafx_screen_is_oafx0215_20260825081845_6dfc93
2026-08-24T23:18:46+00:00 RUN_HEARTBEAT pid=22568 elapsed=0s
2026-08-24T23:19:48+00:00 RUN_HEARTBEAT pid=22568 elapsed=62s
2026-08-24T23:20:04+00:00 RUN_END id=OAFX0215 window=SCREEN_IS status=OK decision=SCREEN_OUT_SINGLE_SLEEVE elapsed=78.272s
2026-08-24T23:20:04+00:00 GATE_SKIP id=OAFX0215 window=IS reason=SINGLE_SLEEVE_INFERIOR decision=SCREEN_OUT_SINGLE_SLEEVE net=16799.0 PF=1.3942 DD=13.7086%
2026-08-24T23:20:04+00:00 RUN_START id=OAFX0216 family=sca_gj_break_confirmation window=SCREEN_IS run=oafx_screen_is_oafx0216_20260825082004_6bd400
2026-08-24T23:20:04+00:00 RUN_HEARTBEAT pid=3760 elapsed=0s
2026-08-24T23:21:06+00:00 RUN_HEARTBEAT pid=3760 elapsed=62s
2026-08-24T23:21:22+00:00 RUN_END id=OAFX0216 window=SCREEN_IS status=OK decision=SCREEN_OUT_SINGLE_SLEEVE elapsed=78.165s
2026-08-24T23:21:22+00:00 GATE_SKIP id=OAFX0216 window=IS reason=SINGLE_SLEEVE_INFERIOR decision=SCREEN_OUT_SINGLE_SLEEVE net=5650.0 PF=1.0868 DD=24.4152%
2026-08-24T23:21:22+00:00 RUN_START id=OAFX0217 family=sca_gj_break_confirmation window=SCREEN_IS run=oafx_screen_is_oafx0217_20260825082122_6c1d98
2026-08-24T23:21:23+00:00 RUN_HEARTBEAT pid=21584 elapsed=0s
2026-08-24T23:22:25+00:00 RUN_HEARTBEAT pid=21584 elapsed=62s
2026-08-24T23:22:40+00:00 RUN_END id=OAFX0217 window=SCREEN_IS status=OK decision=SCREEN_OUT_SINGLE_SLEEVE elapsed=78.198s
2026-08-24T23:22:40+00:00 GATE_SKIP id=OAFX0217 window=IS reason=SINGLE_SLEEVE_INFERIOR decision=SCREEN_OUT_SINGLE_SLEEVE net=-7377.0 PF=0.0831 DD=9.4633%
2026-08-24T23:22:40+00:00 RUN_START id=OAFX0218 family=sca_gj_break_confirmation window=SCREEN_IS run=oafx_screen_is_oafx0218_20260825082240_5bf6fd
2026-08-24T23:22:41+00:00 RUN_HEARTBEAT pid=34960 elapsed=0s
2026-08-24T23:23:43+00:00 RUN_HEARTBEAT pid=34960 elapsed=62s
2026-08-24T23:23:58+00:00 RUN_END id=OAFX0218 window=SCREEN_IS status=OK decision=SCREEN_OUT_SINGLE_SLEEVE elapsed=78.237s
2026-08-24T23:23:58+00:00 GATE_SKIP id=OAFX0218 window=IS reason=SINGLE_SLEEVE_INFERIOR decision=SCREEN_OUT_SINGLE_SLEEVE net=-5704.0 PF=0.2911 DD=8.6253%
2026-08-24T23:23:58+00:00 RUN_START id=OAFX0219 family=sca_gj_break_confirmation window=SCREEN_IS run=oafx_screen_is_oafx0219_20260825082358_16b9c1
2026-08-24T23:23:59+00:00 RUN_HEARTBEAT pid=45872 elapsed=0s
2026-08-24T23:25:01+00:00 RUN_HEARTBEAT pid=45872 elapsed=62s
2026-08-24T23:25:16+00:00 RUN_END id=OAFX0219 window=SCREEN_IS status=OK decision=SCREEN_OUT_SINGLE_SLEEVE elapsed=78.196s
2026-08-24T23:25:16+00:00 GATE_SKIP id=OAFX0219 window=IS reason=SINGLE_SLEEVE_INFERIOR decision=SCREEN_OUT_SINGLE_SLEEVE net=2653.0 PF=1.1693 DD=12.6655%
2026-08-24T23:25:16+00:00 RUN_START id=OAFX0220 family=sca_gj_break_confirmation window=SCREEN_IS run=oafx_screen_is_oafx0220_20260825082516_eb9532
2026-08-24T23:25:17+00:00 RUN_HEARTBEAT pid=42500 elapsed=0s
2026-08-24T23:26:19+00:00 RUN_HEARTBEAT pid=42500 elapsed=62s
2026-08-24T23:26:35+00:00 RUN_END id=OAFX0220 window=SCREEN_IS status=OK decision=SCREEN_OUT_SINGLE_SLEEVE elapsed=78.201s
2026-08-24T23:26:35+00:00 GATE_SKIP id=OAFX0220 window=IS reason=SINGLE_SLEEVE_INFERIOR decision=SCREEN_OUT_SINGLE_SLEEVE net=-961.0 PF=0.9567 DD=15.6171%
2026-08-24T23:26:35+00:00 RUN_START id=OAFX0221 family=sca_gj_break_confirmation window=SCREEN_IS run=oafx_screen_is_oafx0221_20260825082635_27e658
2026-08-24T23:26:35+00:00 RUN_HEARTBEAT pid=20652 elapsed=0s
2026-08-24T23:27:37+00:00 RUN_HEARTBEAT pid=20652 elapsed=62s
2026-08-24T23:27:53+00:00 RUN_END id=OAFX0221 window=SCREEN_IS status=OK decision=SCREEN_OUT_SINGLE_SLEEVE elapsed=78.169s
2026-08-24T23:27:53+00:00 GATE_SKIP id=OAFX0221 window=IS reason=SINGLE_SLEEVE_INFERIOR decision=SCREEN_OUT_SINGLE_SLEEVE net=11178.0 PF=1.0785 DD=36.317%
2026-08-24T23:27:53+00:00 RUN_START id=OAFX0222 family=sca_gj_break_confirmation window=SCREEN_IS run=oafx_screen_is_oafx0222_20260825082753_d736b7
2026-08-24T23:27:54+00:00 RUN_HEARTBEAT pid=45920 elapsed=0s
2026-08-24T23:28:56+00:00 RUN_HEARTBEAT pid=45920 elapsed=62s
2026-08-24T23:29:11+00:00 RUN_END id=OAFX0222 window=SCREEN_IS status=OK decision=SCREEN_OUT_SINGLE_SLEEVE elapsed=78.238s
2026-08-24T23:29:11+00:00 GATE_SKIP id=OAFX0222 window=IS reason=SINGLE_SLEEVE_INFERIOR decision=SCREEN_OUT_SINGLE_SLEEVE net=1873.0 PF=1.0089 DD=41.2102%
2026-08-24T23:29:11+00:00 RUN_START id=OAFX0223 family=sca_gj_break_confirmation window=SCREEN_IS run=oafx_screen_is_oafx0223_20260825082911_20a1c4
2026-08-24T23:29:12+00:00 RUN_HEARTBEAT pid=40816 elapsed=0s
2026-08-24T23:30:14+00:00 RUN_HEARTBEAT pid=40816 elapsed=62s
2026-08-24T23:30:29+00:00 RUN_END id=OAFX0223 window=SCREEN_IS status=OK decision=SCREEN_OUT_SINGLE_SLEEVE elapsed=78.184s
2026-08-24T23:30:29+00:00 GATE_SKIP id=OAFX0223 window=IS reason=SINGLE_SLEEVE_INFERIOR decision=SCREEN_OUT_SINGLE_SLEEVE net=28280.0 PF=1.1214 DD=31.3339%
2026-08-24T23:30:29+00:00 RUN_START id=OAFX0224 family=sca_gj_break_confirmation window=SCREEN_IS run=oafx_screen_is_oafx0224_20260825083029_595143
2026-08-24T23:30:30+00:00 RUN_HEARTBEAT pid=9000 elapsed=0s
2026-08-24T23:31:32+00:00 RUN_HEARTBEAT pid=9000 elapsed=62s
2026-08-24T23:31:47+00:00 RUN_END id=OAFX0224 window=SCREEN_IS status=OK decision=SCREEN_OUT_SINGLE_SLEEVE elapsed=78.178s
2026-08-24T23:31:47+00:00 GATE_SKIP id=OAFX0224 window=IS reason=SINGLE_SLEEVE_INFERIOR decision=SCREEN_OUT_SINGLE_SLEEVE net=17702.0 PF=1.0712 DD=38.1347%
2026-08-24T23:31:47+00:00 RUN_START id=OAFX0225 family=sca_gj_break_confirmation window=SCREEN_IS run=oafx_screen_is_oafx0225_20260825083147_d73c15
2026-08-24T23:31:48+00:00 RUN_HEARTBEAT pid=29872 elapsed=0s
2026-08-24T23:32:50+00:00 RUN_HEARTBEAT pid=29872 elapsed=62s
2026-08-24T23:33:06+00:00 RUN_END id=OAFX0225 window=SCREEN_IS status=OK decision=SCREEN_OUT_SINGLE_SLEEVE elapsed=78.176s
2026-08-24T23:33:06+00:00 GATE_SKIP id=OAFX0225 window=IS reason=SINGLE_SLEEVE_INFERIOR decision=SCREEN_OUT_SINGLE_SLEEVE net=11520.0 PF=1.1414 DD=29.7454%
2026-08-24T23:33:06+00:00 RUN_START id=OAFX0226 family=sca_gj_break_confirmation window=SCREEN_IS run=oafx_screen_is_oafx0226_20260825083306_01a83a
2026-08-24T23:33:06+00:00 RUN_HEARTBEAT pid=38632 elapsed=0s
2026-08-24T23:34:08+00:00 RUN_HEARTBEAT pid=38632 elapsed=62s
2026-08-24T23:34:24+00:00 RUN_END id=OAFX0226 window=SCREEN_IS status=OK decision=SCREEN_OUT_SINGLE_SLEEVE elapsed=78.234s
2026-08-24T23:34:24+00:00 GATE_SKIP id=OAFX0226 window=IS reason=SINGLE_SLEEVE_INFERIOR decision=SCREEN_OUT_SINGLE_SLEEVE net=-2668.0 PF=0.9819 DD=43.2053%
2026-08-24T23:34:24+00:00 RUN_START id=OAFX0227 family=sca_gj_break_confirmation window=SCREEN_IS run=oafx_screen_is_oafx0227_20260825083424_bd5491
2026-08-24T23:34:25+00:00 RUN_HEARTBEAT pid=26772 elapsed=0s
2026-08-24T23:35:27+00:00 RUN_HEARTBEAT pid=26772 elapsed=62s
2026-08-24T23:35:42+00:00 RUN_END id=OAFX0227 window=SCREEN_IS status=OK decision=SCREEN_OUT_SINGLE_SLEEVE elapsed=78.202s
2026-08-24T23:35:42+00:00 GATE_SKIP id=OAFX0227 window=IS reason=SINGLE_SLEEVE_INFERIOR decision=SCREEN_OUT_SINGLE_SLEEVE net=25065.0 PF=1.1427 DD=33.326%
2026-08-24T23:35:42+00:00 RUN_START id=OAFX0228 family=sca_gj_break_confirmation window=SCREEN_IS run=oafx_screen_is_oafx0228_20260825083542_952a5e
2026-08-24T23:35:43+00:00 RUN_HEARTBEAT pid=5968 elapsed=0s
2026-08-24T23:36:45+00:00 RUN_HEARTBEAT pid=5968 elapsed=62s
2026-08-24T23:37:00+00:00 RUN_END id=OAFX0228 window=SCREEN_IS status=OK decision=SCREEN_OUT_SINGLE_SLEEVE elapsed=78.228s
2026-08-24T23:37:00+00:00 GATE_SKIP id=OAFX0228 window=IS reason=SINGLE_SLEEVE_INFERIOR decision=SCREEN_OUT_SINGLE_SLEEVE net=16032.0 PF=1.0827 DD=40.4695%
2026-08-24T23:37:00+00:00 RUN_START id=OAFX0229 family=sca_gj_break_confirmation window=SCREEN_IS run=oafx_screen_is_oafx0229_20260825083700_aa9783
2026-08-24T23:37:01+00:00 RUN_HEARTBEAT pid=26492 elapsed=0s
2026-08-24T23:38:03+00:00 RUN_HEARTBEAT pid=26492 elapsed=62s
2026-08-24T23:38:18+00:00 RUN_END id=OAFX0229 window=SCREEN_IS status=OK decision=SCREEN_OUT_SINGLE_SLEEVE elapsed=78.196s
2026-08-24T23:38:18+00:00 GATE_SKIP id=OAFX0229 window=IS reason=SINGLE_SLEEVE_INFERIOR decision=SCREEN_OUT_SINGLE_SLEEVE net=-10601.0 PF=0.63 DD=24.5543%
2026-08-24T23:38:18+00:00 RUN_START id=OAFX0230 family=sca_gj_break_confirmation window=SCREEN_IS run=oafx_screen_is_oafx0230_20260825083818_23bd8b
2026-08-24T23:38:19+00:00 RUN_HEARTBEAT pid=42208 elapsed=0s
2026-08-24T23:39:21+00:00 RUN_HEARTBEAT pid=42208 elapsed=62s
2026-08-24T23:39:37+00:00 RUN_END id=OAFX0230 window=SCREEN_IS status=OK decision=SCREEN_OUT_SINGLE_SLEEVE elapsed=78.205s
2026-08-24T23:39:37+00:00 GATE_SKIP id=OAFX0230 window=IS reason=SINGLE_SLEEVE_INFERIOR decision=SCREEN_OUT_SINGLE_SLEEVE net=-11107.0 PF=0.7945 DD=27.8307%
2026-08-24T23:39:37+00:00 RUN_START id=OAFX0231 family=sca_gj_break_confirmation window=SCREEN_IS run=oafx_screen_is_oafx0231_20260825083937_4a4807
2026-08-24T23:39:38+00:00 RUN_HEARTBEAT pid=39728 elapsed=0s
2026-08-24T23:40:39+00:00 RUN_HEARTBEAT pid=39728 elapsed=62s
2026-08-24T23:40:55+00:00 RUN_END id=OAFX0231 window=SCREEN_IS status=OK decision=SCREEN_OUT_SINGLE_SLEEVE elapsed=78.238s
2026-08-24T23:40:55+00:00 GATE_SKIP id=OAFX0231 window=IS reason=SINGLE_SLEEVE_INFERIOR decision=SCREEN_OUT_SINGLE_SLEEVE net=23049.0 PF=1.2974 DD=15.0484%
2026-08-24T23:40:55+00:00 RUN_START id=OAFX0232 family=sca_gj_break_confirmation window=SCREEN_IS run=oafx_screen_is_oafx0232_20260825084055_e9767a
2026-08-24T23:40:56+00:00 RUN_HEARTBEAT pid=26532 elapsed=0s
2026-08-24T23:41:58+00:00 RUN_HEARTBEAT pid=26532 elapsed=62s
2026-08-24T23:42:13+00:00 RUN_END id=OAFX0232 window=SCREEN_IS status=OK decision=SCREEN_OUT_SINGLE_SLEEVE elapsed=78.204s
2026-08-24T23:42:13+00:00 GATE_SKIP id=OAFX0232 window=IS reason=SINGLE_SLEEVE_INFERIOR decision=SCREEN_OUT_SINGLE_SLEEVE net=-3922.0 PF=0.967 DD=31.7191%
2026-08-24T23:42:13+00:00 RUN_START id=OAFX0233 family=sca_gj_break_confirmation window=SCREEN_IS run=oafx_screen_is_oafx0233_20260825084213_f53b43
2026-08-24T23:42:14+00:00 RUN_HEARTBEAT pid=12848 elapsed=0s
2026-08-24T23:43:16+00:00 RUN_HEARTBEAT pid=12848 elapsed=62s
2026-08-24T23:43:31+00:00 RUN_END id=OAFX0233 window=SCREEN_IS status=OK decision=SCREEN_OUT_SINGLE_SLEEVE elapsed=78.229s
2026-08-24T23:43:31+00:00 GATE_SKIP id=OAFX0233 window=IS reason=SINGLE_SLEEVE_INFERIOR decision=SCREEN_OUT_SINGLE_SLEEVE net=-6767.0 PF=0.4768 DD=15.6795%
2026-08-24T23:43:31+00:00 RUN_START id=OAFX0234 family=sca_gj_break_confirmation window=SCREEN_IS run=oafx_screen_is_oafx0234_20260825084331_b0bcfa
2026-08-24T23:43:32+00:00 RUN_HEARTBEAT pid=30480 elapsed=0s
2026-08-24T23:44:34+00:00 RUN_HEARTBEAT pid=30480 elapsed=62s
2026-08-24T23:44:50+00:00 RUN_END id=OAFX0234 window=SCREEN_IS status=OK decision=SCREEN_OUT_SINGLE_SLEEVE elapsed=78.224s
2026-08-24T23:44:50+00:00 GATE_SKIP id=OAFX0234 window=IS reason=SINGLE_SLEEVE_INFERIOR decision=SCREEN_OUT_SINGLE_SLEEVE net=-8251.0 PF=0.5468 DD=18.3975%
2026-08-24T23:44:50+00:00 RUN_START id=OAFX0235 family=sca_gj_break_confirmation window=SCREEN_IS run=oafx_screen_is_oafx0235_20260825084450_4c8f70
2026-08-24T23:44:50+00:00 RUN_HEARTBEAT pid=37316 elapsed=0s
2026-08-24T23:45:52+00:00 RUN_HEARTBEAT pid=37316 elapsed=62s
2026-08-24T23:46:08+00:00 RUN_END id=OAFX0235 window=SCREEN_IS status=OK decision=SCREEN_OUT_SINGLE_SLEEVE elapsed=78.328s
2026-08-24T23:46:08+00:00 GATE_SKIP id=OAFX0235 window=IS reason=SINGLE_SLEEVE_INFERIOR decision=SCREEN_OUT_SINGLE_SLEEVE net=14202.0 PF=1.4033 DD=13.1465%
2026-08-24T23:46:08+00:00 RUN_START id=OAFX0236 family=sca_gj_break_confirmation window=SCREEN_IS run=oafx_screen_is_oafx0236_20260825084608_b7e4fb
2026-08-24T23:46:09+00:00 RUN_HEARTBEAT pid=40900 elapsed=0s
2026-08-24T23:47:11+00:00 RUN_HEARTBEAT pid=40900 elapsed=62s
2026-08-24T23:47:26+00:00 RUN_END id=OAFX0236 window=SCREEN_IS status=OK decision=SCREEN_OUT_SINGLE_SLEEVE elapsed=78.170s
2026-08-24T23:47:26+00:00 GATE_SKIP id=OAFX0236 window=IS reason=SINGLE_SLEEVE_INFERIOR decision=SCREEN_OUT_SINGLE_SLEEVE net=4097.0 PF=1.0725 DD=25.8399%
2026-08-24T23:47:26+00:00 RUN_START id=OAFX0237 family=sca_gj_break_confirmation window=SCREEN_IS run=oafx_screen_is_oafx0237_20260825084726_068822
2026-08-24T23:47:27+00:00 RUN_HEARTBEAT pid=40620 elapsed=0s
2026-08-24T23:48:29+00:00 RUN_HEARTBEAT pid=40620 elapsed=62s
2026-08-24T23:48:44+00:00 RUN_END id=OAFX0237 window=SCREEN_IS status=OK decision=SCREEN_OUT_SINGLE_SLEEVE elapsed=78.205s
2026-08-24T23:48:44+00:00 GATE_SKIP id=OAFX0237 window=IS reason=SINGLE_SLEEVE_INFERIOR decision=SCREEN_OUT_SINGLE_SLEEVE net=-6982.0 PF=0.0874 DD=8.9566%
2026-08-24T23:48:44+00:00 RUN_START id=OAFX0238 family=sca_gj_break_confirmation window=SCREEN_IS run=oafx_screen_is_oafx0238_20260825084844_63cf72
2026-08-24T23:48:45+00:00 RUN_HEARTBEAT pid=25008 elapsed=0s
2026-08-24T23:49:47+00:00 RUN_HEARTBEAT pid=25008 elapsed=62s
2026-08-24T23:50:03+00:00 RUN_END id=OAFX0238 window=SCREEN_IS status=OK decision=SCREEN_OUT_SINGLE_SLEEVE elapsed=78.244s
2026-08-24T23:50:03+00:00 GATE_SKIP id=OAFX0238 window=IS reason=SINGLE_SLEEVE_INFERIOR decision=SCREEN_OUT_SINGLE_SLEEVE net=-5309.0 PF=0.3061 DD=8.5824%
2026-08-24T23:50:03+00:00 RUN_START id=OAFX0239 family=sca_gj_break_confirmation window=SCREEN_IS run=oafx_screen_is_oafx0239_20260825085003_91b107
2026-08-24T23:50:03+00:00 RUN_HEARTBEAT pid=16304 elapsed=0s
2026-08-24T23:51:05+00:00 RUN_HEARTBEAT pid=16304 elapsed=62s
2026-08-24T23:51:21+00:00 RUN_END id=OAFX0239 window=SCREEN_IS status=OK decision=SCREEN_OUT_SINGLE_SLEEVE elapsed=78.189s
2026-08-24T23:51:21+00:00 GATE_SKIP id=OAFX0239 window=IS reason=SINGLE_SLEEVE_INFERIOR decision=SCREEN_OUT_SINGLE_SLEEVE net=5107.0 PF=1.6504 DD=7.637%
2026-08-24T23:51:21+00:00 RUN_START id=OAFX0240 family=sca_gj_break_confirmation window=SCREEN_IS run=oafx_screen_is_oafx0240_20260825085121_341fa4
2026-08-24T23:51:22+00:00 RUN_HEARTBEAT pid=35904 elapsed=0s
2026-08-24T23:52:24+00:00 RUN_HEARTBEAT pid=35904 elapsed=62s
2026-08-24T23:52:39+00:00 RUN_END id=OAFX0240 window=SCREEN_IS status=OK decision=SCREEN_OUT_SINGLE_SLEEVE elapsed=78.233s
2026-08-24T23:52:39+00:00 GATE_SKIP id=OAFX0240 window=IS reason=SINGLE_SLEEVE_INFERIOR decision=SCREEN_OUT_SINGLE_SLEEVE net=3452.0 PF=1.2634 DD=9.8807%
2026-08-24T23:52:39+00:00 RUN_START id=OAFX0241 family=sca_gj_break_confirmation window=SCREEN_IS run=oafx_screen_is_oafx0241_20260825085239_1f24eb
2026-08-24T23:52:40+00:00 RUN_HEARTBEAT pid=27716 elapsed=0s
2026-08-24T23:53:42+00:00 RUN_HEARTBEAT pid=27716 elapsed=62s
2026-08-24T23:53:57+00:00 RUN_END id=OAFX0241 window=SCREEN_IS status=OK decision=SCREEN_OUT_SINGLE_SLEEVE elapsed=78.173s
2026-08-24T23:53:57+00:00 GATE_SKIP id=OAFX0241 window=IS reason=SINGLE_SLEEVE_INFERIOR decision=SCREEN_OUT_SINGLE_SLEEVE net=27139.0 PF=1.2831 DD=29.0532%
2026-08-24T23:53:57+00:00 RUN_START id=OAFX0242 family=sca_gj_break_confirmation window=SCREEN_IS run=oafx_screen_is_oafx0242_20260825085357_cce225
2026-08-24T23:53:58+00:00 RUN_HEARTBEAT pid=40004 elapsed=0s
2026-08-24T23:55:00+00:00 RUN_HEARTBEAT pid=40004 elapsed=62s
2026-08-24T23:55:15+00:00 RUN_END id=OAFX0242 window=SCREEN_IS status=OK decision=SCREEN_OUT_SINGLE_SLEEVE elapsed=78.181s
2026-08-24T23:55:15+00:00 GATE_SKIP id=OAFX0242 window=IS reason=SINGLE_SLEEVE_INFERIOR decision=SCREEN_OUT_SINGLE_SLEEVE net=22634.0 PF=1.1553 DD=31.5348%
2026-08-24T23:55:15+00:00 RUN_START id=OAFX0243 family=sca_gj_break_confirmation window=SCREEN_IS run=oafx_screen_is_oafx0243_20260825085515_9b747d
2026-08-24T23:55:16+00:00 RUN_HEARTBEAT pid=18704 elapsed=0s
2026-08-24T23:56:18+00:00 RUN_HEARTBEAT pid=18704 elapsed=62s
2026-08-24T23:56:34+00:00 RUN_END id=OAFX0243 window=SCREEN_IS status=OK decision=SCREEN_OUT_SINGLE_SLEEVE elapsed=78.233s
2026-08-24T23:56:34+00:00 GATE_SKIP id=OAFX0243 window=IS reason=SINGLE_SLEEVE_INFERIOR decision=SCREEN_OUT_SINGLE_SLEEVE net=28819.0 PF=1.1693 DD=32.4685%
2026-08-24T23:56:34+00:00 RUN_START id=OAFX0244 family=sca_gj_break_confirmation window=SCREEN_IS run=oafx_screen_is_oafx0244_20260825085634_6186ec
2026-08-24T23:56:34+00:00 RUN_HEARTBEAT pid=36872 elapsed=0s
2026-08-24T23:57:36+00:00 RUN_HEARTBEAT pid=36872 elapsed=62s
2026-08-24T23:57:52+00:00 RUN_END id=OAFX0244 window=SCREEN_IS status=OK decision=SCREEN_OUT_SINGLE_SLEEVE elapsed=78.220s
2026-08-24T23:57:52+00:00 GATE_SKIP id=OAFX0244 window=IS reason=SINGLE_SLEEVE_INFERIOR decision=SCREEN_OUT_SINGLE_SLEEVE net=26110.0 PF=1.1294 DD=29.4493%
2026-08-24T23:57:52+00:00 RUN_START id=OAFX0245 family=sca_gj_break_confirmation window=SCREEN_IS run=oafx_screen_is_oafx0245_20260825085752_9e2bad
2026-08-24T23:57:53+00:00 RUN_HEARTBEAT pid=44864 elapsed=0s
2026-08-24T23:58:55+00:00 RUN_HEARTBEAT pid=44864 elapsed=62s
2026-08-24T23:59:10+00:00 RUN_END id=OAFX0245 window=SCREEN_IS status=OK decision=SCREEN_OUT_SINGLE_SLEEVE elapsed=78.217s
2026-08-24T23:59:10+00:00 GATE_SKIP id=OAFX0245 window=IS reason=SINGLE_SLEEVE_INFERIOR decision=SCREEN_OUT_SINGLE_SLEEVE net=-720.0 PF=0.9888 DD=26.9421%
2026-08-24T23:59:10+00:00 RUN_START id=OAFX0246 family=sca_gj_break_confirmation window=SCREEN_IS run=oafx_screen_is_oafx0246_20260825085910_843b65
2026-08-24T23:59:11+00:00 RUN_HEARTBEAT pid=46024 elapsed=0s
2026-08-25T00:00:13+00:00 RUN_HEARTBEAT pid=46024 elapsed=62s
2026-08-25T00:00:28+00:00 RUN_END id=OAFX0246 window=SCREEN_IS status=OK decision=SCREEN_OUT_SINGLE_SLEEVE elapsed=78.344s
2026-08-25T00:00:28+00:00 GATE_SKIP id=OAFX0246 window=IS reason=SINGLE_SLEEVE_INFERIOR decision=SCREEN_OUT_SINGLE_SLEEVE net=9608.0 PF=1.0886 DD=37.4105%
2026-08-25T00:00:28+00:00 RUN_START id=OAFX0247 family=sca_gj_break_confirmation window=SCREEN_IS run=oafx_screen_is_oafx0247_20260825090028_3b1454
2026-08-25T00:00:29+00:00 RUN_HEARTBEAT pid=43792 elapsed=0s
2026-08-25T00:01:31+00:00 RUN_HEARTBEAT pid=43792 elapsed=62s
2026-08-25T00:01:47+00:00 RUN_END id=OAFX0247 window=SCREEN_IS status=OK decision=SCREEN_OUT_SINGLE_SLEEVE elapsed=78.247s
2026-08-25T00:01:47+00:00 GATE_SKIP id=OAFX0247 window=IS reason=SINGLE_SLEEVE_INFERIOR decision=SCREEN_OUT_SINGLE_SLEEVE net=-3088.0 PF=0.9773 DD=43.4534%
2026-08-25T00:01:47+00:00 RUN_START id=OAFX0248 family=sca_gj_break_confirmation window=SCREEN_IS run=oafx_screen_is_oafx0248_20260825090147_2705b4
2026-08-25T00:01:48+00:00 RUN_HEARTBEAT pid=1540 elapsed=0s
2026-08-25T00:02:49+00:00 RUN_HEARTBEAT pid=1540 elapsed=62s
2026-08-25T00:03:05+00:00 RUN_END id=OAFX0248 window=SCREEN_IS status=OK decision=SCREEN_OUT_SINGLE_SLEEVE elapsed=78.203s
2026-08-25T00:03:05+00:00 GATE_SKIP id=OAFX0248 window=IS reason=SINGLE_SLEEVE_INFERIOR decision=SCREEN_OUT_SINGLE_SLEEVE net=-5504.0 PF=0.9677 DD=43.7164%
2026-08-25T00:03:05+00:00 RUN_START id=OAFX0249 family=sca_gj_break_confirmation window=SCREEN_IS run=oafx_screen_is_oafx0249_20260825090305_fc2e8b
2026-08-25T00:03:06+00:00 RUN_HEARTBEAT pid=24084 elapsed=0s
2026-08-25T00:04:08+00:00 RUN_HEARTBEAT pid=24084 elapsed=62s
2026-08-25T00:04:23+00:00 RUN_END id=OAFX0249 window=SCREEN_IS status=OK decision=SCREEN_OUT_SINGLE_SLEEVE elapsed=78.221s
2026-08-25T00:04:23+00:00 GATE_SKIP id=OAFX0249 window=IS reason=SINGLE_SLEEVE_INFERIOR decision=SCREEN_OUT_SINGLE_SLEEVE net=-11068.0 PF=0.5692 DD=24.826%
2026-08-25T00:04:23+00:00 RUN_START id=OAFX0250 family=sca_gj_break_confirmation window=SCREEN_IS run=oafx_screen_is_oafx0250_20260825090423_5888b9
2026-08-25T00:04:24+00:00 RUN_HEARTBEAT pid=33008 elapsed=0s
2026-08-25T00:05:26+00:00 RUN_HEARTBEAT pid=33008 elapsed=62s
2026-08-25T00:05:41+00:00 RUN_END id=OAFX0250 window=SCREEN_IS status=OK decision=SCREEN_OUT_SINGLE_SLEEVE elapsed=78.298s
2026-08-25T00:05:41+00:00 GATE_SKIP id=OAFX0250 window=IS reason=SINGLE_SLEEVE_INFERIOR decision=SCREEN_OUT_SINGLE_SLEEVE net=-7721.0 PF=0.8272 DD=26.0066%
2026-08-25T00:05:41+00:00 RUN_START id=OAFX0251 family=sca_gj_break_confirmation window=SCREEN_IS run=oafx_screen_is_oafx0251_20260825090541_713f1d
2026-08-25T00:05:42+00:00 RUN_HEARTBEAT pid=33804 elapsed=0s
2026-08-25T00:06:44+00:00 RUN_HEARTBEAT pid=33804 elapsed=62s
2026-08-25T00:07:00+00:00 RUN_END id=OAFX0251 window=SCREEN_IS status=OK decision=SCREEN_OUT_SINGLE_SLEEVE elapsed=78.238s
2026-08-25T00:07:00+00:00 GATE_SKIP id=OAFX0251 window=IS reason=SINGLE_SLEEVE_INFERIOR decision=SCREEN_OUT_SINGLE_SLEEVE net=-1018.0 PF=0.9843 DD=23.7984%
2026-08-25T00:07:00+00:00 RUN_START id=OAFX0252 family=sca_gj_break_confirmation window=SCREEN_IS run=oafx_screen_is_oafx0252_20260825090700_d5682f
2026-08-25T00:07:00+00:00 RUN_HEARTBEAT pid=27380 elapsed=0s
2026-08-25T00:08:02+00:00 RUN_HEARTBEAT pid=27380 elapsed=62s
2026-08-25T00:08:18+00:00 RUN_END id=OAFX0252 window=SCREEN_IS status=OK decision=SCREEN_OUT_SINGLE_SLEEVE elapsed=78.243s
2026-08-25T00:08:18+00:00 GATE_SKIP id=OAFX0252 window=IS reason=SINGLE_SLEEVE_INFERIOR decision=SCREEN_OUT_SINGLE_SLEEVE net=-5542.0 PF=0.9434 DD=28.5642%
2026-08-25T00:08:18+00:00 RUN_START id=OAFX0253 family=sca_gj_break_confirmation window=SCREEN_IS run=oafx_screen_is_oafx0253_20260825090818_1db8de
2026-08-25T00:08:19+00:00 RUN_HEARTBEAT pid=6788 elapsed=0s
2026-08-25T00:09:21+00:00 RUN_HEARTBEAT pid=6788 elapsed=62s
2026-08-25T00:09:36+00:00 RUN_END id=OAFX0253 window=SCREEN_IS status=OK decision=SCREEN_OUT_SINGLE_SLEEVE elapsed=78.252s
2026-08-25T00:09:36+00:00 GATE_SKIP id=OAFX0253 window=IS reason=SINGLE_SLEEVE_INFERIOR decision=SCREEN_OUT_SINGLE_SLEEVE net=-5492.0 PF=0.5289 DD=14.0494%
2026-08-25T00:09:36+00:00 RUN_START id=OAFX0254 family=sca_gj_break_confirmation window=SCREEN_IS run=oafx_screen_is_oafx0254_20260825090936_2ca9d6
2026-08-25T00:09:37+00:00 RUN_HEARTBEAT pid=26632 elapsed=0s
2026-08-25T00:10:39+00:00 RUN_HEARTBEAT pid=26632 elapsed=62s
2026-08-25T00:10:54+00:00 RUN_END id=OAFX0254 window=SCREEN_IS status=OK decision=SCREEN_OUT_SINGLE_SLEEVE elapsed=78.319s
2026-08-25T00:10:54+00:00 GATE_SKIP id=OAFX0254 window=IS reason=SINGLE_SLEEVE_INFERIOR decision=SCREEN_OUT_SINGLE_SLEEVE net=-7284.0 PF=0.5033 DD=15.4707%
2026-08-25T00:10:54+00:00 RUN_START id=OAFX0255 family=sca_gj_break_confirmation window=SCREEN_IS run=oafx_screen_is_oafx0255_20260825091054_4649b2
2026-08-25T00:10:55+00:00 RUN_HEARTBEAT pid=3452 elapsed=0s
2026-08-25T00:11:57+00:00 RUN_HEARTBEAT pid=3452 elapsed=62s
2026-08-25T00:12:13+00:00 RUN_END id=OAFX0255 window=SCREEN_IS status=OK decision=SCREEN_OUT_SINGLE_SLEEVE elapsed=78.287s
2026-08-25T00:12:13+00:00 GATE_SKIP id=OAFX0255 window=IS reason=SINGLE_SLEEVE_INFERIOR decision=SCREEN_OUT_SINGLE_SLEEVE net=-4936.0 PF=0.8201 DD=21.0493%
2026-08-25T00:12:13+00:00 RUN_START id=OAFX0256 family=sca_gj_break_confirmation window=SCREEN_IS run=oafx_screen_is_oafx0256_20260825091213_6cb672
2026-08-25T00:12:14+00:00 RUN_HEARTBEAT pid=39364 elapsed=0s
2026-08-25T00:13:16+00:00 RUN_HEARTBEAT pid=39364 elapsed=62s
2026-08-25T00:13:31+00:00 RUN_END id=OAFX0256 window=SCREEN_IS status=OK decision=SCREEN_OUT_SINGLE_SLEEVE elapsed=78.241s
2026-08-25T00:13:31+00:00 GATE_SKIP id=OAFX0256 window=IS reason=SINGLE_SLEEVE_INFERIOR decision=SCREEN_OUT_SINGLE_SLEEVE net=-16340.0 PF=0.6504 DD=37.3054%
2026-08-25T00:13:31+00:00 RUN_START id=OAFX0257 family=sca_gj_break_confirmation window=SCREEN_IS run=oafx_screen_is_oafx0257_20260825091331_c1ad05
2026-08-25T00:13:32+00:00 RUN_HEARTBEAT pid=42552 elapsed=0s
2026-08-25T00:14:34+00:00 RUN_HEARTBEAT pid=42552 elapsed=62s
2026-08-25T00:14:49+00:00 RUN_END id=OAFX0257 window=SCREEN_IS status=OK decision=SCREEN_OUT_SINGLE_SLEEVE elapsed=78.242s
2026-08-25T00:14:49+00:00 GATE_SKIP id=OAFX0257 window=IS reason=SINGLE_SLEEVE_INFERIOR decision=SCREEN_OUT_SINGLE_SLEEVE net=-6379.0 PF=0.0949 DD=8.183%
2026-08-25T00:14:49+00:00 RUN_START id=OAFX0258 family=sca_gj_break_confirmation window=SCREEN_IS run=oafx_screen_is_oafx0258_20260825091449_eea531
2026-08-25T00:14:50+00:00 RUN_HEARTBEAT pid=12820 elapsed=0s
2026-08-25T00:15:52+00:00 RUN_HEARTBEAT pid=12820 elapsed=62s
2026-08-25T00:16:07+00:00 RUN_END id=OAFX0258 window=SCREEN_IS status=OK decision=SCREEN_OUT_SINGLE_SLEEVE elapsed=78.201s
2026-08-25T00:16:07+00:00 GATE_SKIP id=OAFX0258 window=IS reason=SINGLE_SLEEVE_INFERIOR decision=SCREEN_OUT_SINGLE_SLEEVE net=-4706.0 PF=0.3323 DD=7.8236%
2026-08-25T00:16:07+00:00 RUN_START id=OAFX0259 family=sca_gj_break_confirmation window=SCREEN_IS run=oafx_screen_is_oafx0259_20260825091607_8047ae
2026-08-25T00:16:08+00:00 RUN_HEARTBEAT pid=15804 elapsed=0s
2026-08-25T00:17:10+00:00 RUN_HEARTBEAT pid=15804 elapsed=62s
2026-08-25T00:17:26+00:00 RUN_END id=OAFX0259 window=SCREEN_IS status=OK decision=SCREEN_OUT_SINGLE_SLEEVE elapsed=78.233s
2026-08-25T00:17:26+00:00 GATE_SKIP id=OAFX0259 window=IS reason=SINGLE_SLEEVE_INFERIOR decision=SCREEN_OUT_SINGLE_SLEEVE net=-3056.0 PF=0.5784 DD=7.6664%
2026-08-25T00:17:26+00:00 RUN_START id=OAFX0260 family=sca_gj_break_confirmation window=SCREEN_IS run=oafx_screen_is_oafx0260_20260825091726_43167f
2026-08-25T00:17:27+00:00 RUN_HEARTBEAT pid=11324 elapsed=0s
2026-08-25T00:18:28+00:00 RUN_HEARTBEAT pid=11324 elapsed=62s
2026-08-25T00:18:44+00:00 RUN_END id=OAFX0260 window=SCREEN_IS status=OK decision=SCREEN_OUT_SINGLE_SLEEVE elapsed=78.196s
2026-08-25T00:18:44+00:00 GATE_SKIP id=OAFX0260 window=IS reason=SINGLE_SLEEVE_INFERIOR decision=SCREEN_OUT_SINGLE_SLEEVE net=-6481.0 PF=0.4436 DD=11.5554%
2026-08-25T00:18:44+00:00 RUN_START id=OAFX0261 family=sca_gj_break_confirmation window=SCREEN_IS run=oafx_screen_is_oafx0261_20260825091844_4912b9
2026-08-25T00:18:45+00:00 RUN_HEARTBEAT pid=13848 elapsed=0s
2026-08-25T00:19:47+00:00 RUN_HEARTBEAT pid=13848 elapsed=62s
2026-08-25T00:20:02+00:00 RUN_END id=OAFX0261 window=SCREEN_IS status=OK decision=SCREEN_OUT_SINGLE_SLEEVE elapsed=78.245s
2026-08-25T00:20:02+00:00 GATE_SKIP id=OAFX0261 window=IS reason=SINGLE_SLEEVE_INFERIOR decision=SCREEN_OUT_SINGLE_SLEEVE net=20329.0 PF=1.3365 DD=15.5933%
2026-08-25T00:20:02+00:00 RUN_START id=OAFX0262 family=sca_gj_break_confirmation window=SCREEN_IS run=oafx_screen_is_oafx0262_20260825092002_b79d97
2026-08-25T00:20:03+00:00 RUN_HEARTBEAT pid=8876 elapsed=0s
2026-08-25T00:21:05+00:00 RUN_HEARTBEAT pid=8876 elapsed=62s
2026-08-25T00:21:20+00:00 RUN_END id=OAFX0262 window=SCREEN_IS status=OK decision=SCREEN_OUT_SINGLE_SLEEVE elapsed=78.242s
2026-08-25T00:21:20+00:00 GATE_SKIP id=OAFX0262 window=IS reason=SINGLE_SLEEVE_INFERIOR decision=SCREEN_OUT_SINGLE_SLEEVE net=17400.0 PF=1.1497 DD=29.0002%
2026-08-25T00:21:20+00:00 RUN_START id=OAFX0263 family=sca_gj_break_confirmation window=SCREEN_IS run=oafx_screen_is_oafx0263_20260825092120_f5ec0a
2026-08-25T00:21:21+00:00 RUN_HEARTBEAT pid=13204 elapsed=0s
2026-08-25T00:22:23+00:00 RUN_HEARTBEAT pid=13204 elapsed=62s
2026-08-25T00:22:39+00:00 RUN_END id=OAFX0263 window=SCREEN_IS status=OK decision=SCREEN_OUT_SINGLE_SLEEVE elapsed=78.242s
2026-08-25T00:22:39+00:00 GATE_SKIP id=OAFX0263 window=IS reason=SINGLE_SLEEVE_INFERIOR decision=SCREEN_OUT_SINGLE_SLEEVE net=22349.0 PF=1.1671 DD=28.8242%
2026-08-25T00:22:39+00:00 RUN_START id=OAFX0264 family=sca_gj_break_confirmation window=SCREEN_IS run=oafx_screen_is_oafx0264_20260825092239_2893fb
2026-08-25T00:22:39+00:00 RUN_HEARTBEAT pid=37256 elapsed=0s
2026-08-25T00:23:41+00:00 RUN_HEARTBEAT pid=37256 elapsed=62s
2026-08-25T00:23:57+00:00 RUN_END id=OAFX0264 window=SCREEN_IS status=OK decision=SCREEN_OUT_SINGLE_SLEEVE elapsed=78.194s
2026-08-25T00:23:57+00:00 GATE_SKIP id=OAFX0264 window=IS reason=SINGLE_SLEEVE_INFERIOR decision=SCREEN_OUT_SINGLE_SLEEVE net=14142.0 PF=1.0827 DD=28.1303%
2026-08-25T00:23:57+00:00 RUN_START id=OAFX0265 family=sca_gj_break_confirmation window=SCREEN_IS run=oafx_screen_is_oafx0265_20260825092357_2f2755
2026-08-25T00:23:58+00:00 RUN_HEARTBEAT pid=41312 elapsed=0s
2026-08-25T00:25:00+00:00 RUN_HEARTBEAT pid=41312 elapsed=62s
2026-08-25T00:25:15+00:00 RUN_END id=OAFX0265 window=SCREEN_IS status=OK decision=SCREEN_OUT_SINGLE_SLEEVE elapsed=78.205s
2026-08-25T00:25:15+00:00 GATE_SKIP id=OAFX0265 window=IS reason=SINGLE_SLEEVE_INFERIOR decision=SCREEN_OUT_SINGLE_SLEEVE net=-8477.0 PF=0.7971 DD=24.2232%
2026-08-25T00:25:15+00:00 RUN_START id=OAFX0266 family=sca_gj_break_confirmation window=SCREEN_IS run=oafx_screen_is_oafx0266_20260825092515_b8ab7d
2026-08-25T00:25:16+00:00 RUN_HEARTBEAT pid=34012 elapsed=0s
2026-08-25T00:26:18+00:00 RUN_HEARTBEAT pid=34012 elapsed=62s
2026-08-25T00:26:33+00:00 RUN_END id=OAFX0266 window=SCREEN_IS status=OK decision=SCREEN_OUT_SINGLE_SLEEVE elapsed=78.181s
2026-08-25T00:26:33+00:00 GATE_SKIP id=OAFX0266 window=IS reason=SINGLE_SLEEVE_INFERIOR decision=SCREEN_OUT_SINGLE_SLEEVE net=-13771.0 PF=0.8351 DD=36.2774%
2026-08-25T00:26:33+00:00 RUN_START id=OAFX0267 family=sca_gj_break_confirmation window=SCREEN_IS run=oafx_screen_is_oafx0267_20260825092633_56eae6
2026-08-25T00:26:34+00:00 RUN_HEARTBEAT pid=4628 elapsed=0s
2026-08-25T00:27:36+00:00 RUN_HEARTBEAT pid=4628 elapsed=62s
2026-08-25T00:27:51+00:00 RUN_END id=OAFX0267 window=SCREEN_IS status=OK decision=SCREEN_OUT_SINGLE_SLEEVE elapsed=78.235s
2026-08-25T00:27:51+00:00 GATE_SKIP id=OAFX0267 window=IS reason=SINGLE_SLEEVE_INFERIOR decision=SCREEN_OUT_SINGLE_SLEEVE net=-3964.0 PF=0.9604 DD=32.695%
2026-08-25T00:27:51+00:00 RUN_START id=OAFX0268 family=sca_gj_break_confirmation window=SCREEN_IS run=oafx_screen_is_oafx0268_20260825092751_4246fe
2026-08-25T00:27:52+00:00 RUN_HEARTBEAT pid=8876 elapsed=0s
2026-08-25T00:28:54+00:00 RUN_HEARTBEAT pid=8876 elapsed=62s
2026-08-25T00:29:10+00:00 RUN_END id=OAFX0268 window=SCREEN_IS status=OK decision=SCREEN_OUT_SINGLE_SLEEVE elapsed=78.205s
2026-08-25T00:29:10+00:00 GATE_SKIP id=OAFX0268 window=IS reason=SINGLE_SLEEVE_INFERIOR decision=SCREEN_OUT_SINGLE_SLEEVE net=-14412.0 PF=0.8951 DD=41.5534%
2026-08-25T00:29:10+00:00 RUN_START id=OAFX0269 family=sca_gj_break_confirmation window=SCREEN_IS run=oafx_screen_is_oafx0269_20260825092910_980b4f
2026-08-25T00:29:10+00:00 RUN_HEARTBEAT pid=13204 elapsed=0s
2026-08-25T00:30:12+00:00 RUN_HEARTBEAT pid=13204 elapsed=62s
2026-08-25T00:30:28+00:00 RUN_END id=OAFX0269 window=SCREEN_IS status=OK decision=SCREEN_OUT_SINGLE_SLEEVE elapsed=78.215s
2026-08-25T00:30:28+00:00 GATE_SKIP id=OAFX0269 window=IS reason=SINGLE_SLEEVE_INFERIOR decision=SCREEN_OUT_SINGLE_SLEEVE net=-7924.0 PF=0.522 DD=15.0791%
2026-08-25T00:30:28+00:00 RUN_START id=OAFX0270 family=sca_gj_break_confirmation window=SCREEN_IS run=oafx_screen_is_oafx0270_20260825093028_4e6d0b
2026-08-25T00:30:29+00:00 RUN_HEARTBEAT pid=43180 elapsed=0s
2026-08-25T00:31:31+00:00 RUN_HEARTBEAT pid=43180 elapsed=62s
2026-08-25T00:31:46+00:00 RUN_END id=OAFX0270 window=SCREEN_IS status=OK decision=SCREEN_OUT_SINGLE_SLEEVE elapsed=78.174s
2026-08-25T00:31:46+00:00 GATE_SKIP id=OAFX0270 window=IS reason=SINGLE_SLEEVE_INFERIOR decision=SCREEN_OUT_SINGLE_SLEEVE net=-13525.0 PF=0.57 DD=21.212%
2026-08-25T00:31:46+00:00 RUN_START id=OAFX0271 family=sca_gj_break_confirmation window=SCREEN_IS run=oafx_screen_is_oafx0271_20260825093146_2d929d
2026-08-25T00:31:47+00:00 RUN_HEARTBEAT pid=26500 elapsed=0s
2026-08-25T00:32:49+00:00 RUN_HEARTBEAT pid=26500 elapsed=62s
2026-08-25T00:33:04+00:00 RUN_END id=OAFX0271 window=SCREEN_IS status=OK decision=SCREEN_OUT_SINGLE_SLEEVE elapsed=78.153s
2026-08-25T00:33:04+00:00 GATE_SKIP id=OAFX0271 window=IS reason=SINGLE_SLEEVE_INFERIOR decision=SCREEN_OUT_SINGLE_SLEEVE net=1544.0 PF=1.0374 DD=18.6763%
2026-08-25T00:33:04+00:00 RUN_START id=OAFX0272 family=sca_gj_break_confirmation window=SCREEN_IS run=oafx_screen_is_oafx0272_20260825093304_d159fb
2026-08-25T00:33:05+00:00 RUN_HEARTBEAT pid=30036 elapsed=0s
2026-08-25T00:34:07+00:00 RUN_HEARTBEAT pid=30036 elapsed=62s
2026-08-25T00:34:22+00:00 RUN_END id=OAFX0272 window=SCREEN_IS status=OK decision=SCREEN_OUT_SINGLE_SLEEVE elapsed=78.226s
2026-08-25T00:34:22+00:00 GATE_SKIP id=OAFX0272 window=IS reason=SINGLE_SLEEVE_INFERIOR decision=SCREEN_OUT_SINGLE_SLEEVE net=-8740.0 PF=0.8831 DD=24.1133%
2026-08-25T00:34:22+00:00 RUN_START id=OAFX0273 family=sca_gj_break_confirmation window=SCREEN_IS run=oafx_screen_is_oafx0273_20260825093422_6a0725
2026-08-25T00:34:23+00:00 RUN_HEARTBEAT pid=7696 elapsed=0s
2026-08-25T00:35:25+00:00 RUN_HEARTBEAT pid=7696 elapsed=62s
2026-08-25T00:35:41+00:00 RUN_END id=OAFX0273 window=SCREEN_IS status=OK decision=SCREEN_OUT_SINGLE_SLEEVE elapsed=78.193s
2026-08-25T00:35:41+00:00 GATE_SKIP id=OAFX0273 window=IS reason=SINGLE_SLEEVE_INFERIOR decision=SCREEN_OUT_SINGLE_SLEEVE net=-3800.0 PF=0.3648 DD=6.7926%
2026-08-25T00:35:41+00:00 RUN_START id=OAFX0274 family=sca_gj_break_confirmation window=SCREEN_IS run=oafx_screen_is_oafx0274_20260825093541_781be6
2026-08-25T00:35:42+00:00 RUN_HEARTBEAT pid=24036 elapsed=0s
2026-08-25T00:36:43+00:00 RUN_HEARTBEAT pid=24036 elapsed=62s
2026-08-25T00:36:59+00:00 RUN_END id=OAFX0274 window=SCREEN_IS status=OK decision=SCREEN_OUT_SINGLE_SLEEVE elapsed=78.242s
2026-08-25T00:36:59+00:00 GATE_SKIP id=OAFX0274 window=IS reason=SINGLE_SLEEVE_INFERIOR decision=SCREEN_OUT_SINGLE_SLEEVE net=-5165.0 PF=0.3968 DD=7.6417%
2026-08-25T00:36:59+00:00 RUN_START id=OAFX0275 family=sca_gj_break_confirmation window=SCREEN_IS run=oafx_screen_is_oafx0275_20260825093659_cae997
2026-08-25T00:37:00+00:00 RUN_HEARTBEAT pid=19244 elapsed=0s
2026-08-25T00:38:02+00:00 RUN_HEARTBEAT pid=19244 elapsed=62s
2026-08-25T00:38:17+00:00 RUN_END id=OAFX0275 window=SCREEN_IS status=OK decision=SCREEN_OUT_SINGLE_SLEEVE elapsed=78.244s
2026-08-25T00:38:17+00:00 GATE_SKIP id=OAFX0275 window=IS reason=SINGLE_SLEEVE_INFERIOR decision=SCREEN_OUT_SINGLE_SLEEVE net=6742.0 PF=1.6162 DD=6.2081%
2026-08-25T00:38:17+00:00 RUN_START id=OAFX0276 family=sca_gj_break_confirmation window=SCREEN_IS run=oafx_screen_is_oafx0276_20260825093817_f9b81c
2026-08-25T00:38:18+00:00 RUN_HEARTBEAT pid=20568 elapsed=0s
2026-08-25T00:39:20+00:00 RUN_HEARTBEAT pid=20568 elapsed=62s
2026-08-25T00:39:35+00:00 RUN_END id=OAFX0276 window=SCREEN_IS status=OK decision=SCREEN_OUT_SINGLE_SLEEVE elapsed=78.169s
2026-08-25T00:39:35+00:00 GATE_SKIP id=OAFX0276 window=IS reason=SINGLE_SLEEVE_INFERIOR decision=SCREEN_OUT_SINGLE_SLEEVE net=-6762.0 PF=0.753 DD=20.1983%
2026-08-25T00:39:35+00:00 RUN_START id=OAFX0277 family=sca_gj_break_confirmation window=SCREEN_IS run=oafx_screen_is_oafx0277_20260825093935_264f56
2026-08-25T00:39:36+00:00 RUN_HEARTBEAT pid=45968 elapsed=0s
2026-08-25T00:40:38+00:00 RUN_HEARTBEAT pid=45968 elapsed=62s
2026-08-25T00:40:54+00:00 RUN_END id=OAFX0277 window=SCREEN_IS status=OK decision=SCREEN_OUT_SINGLE_SLEEVE elapsed=78.285s
2026-08-25T00:40:54+00:00 GATE_SKIP id=OAFX0277 window=IS reason=SINGLE_SLEEVE_INFERIOR decision=SCREEN_OUT_SINGLE_SLEEVE net=-703.0 PF=0.4876 DD=1.2097%
2026-08-25T00:40:54+00:00 RUN_START id=OAFX0278 family=sca_gj_break_confirmation window=SCREEN_IS run=oafx_screen_is_oafx0278_20260825094054_a6c0ff
2026-08-25T00:40:54+00:00 RUN_HEARTBEAT pid=21240 elapsed=0s
2026-08-25T00:41:56+00:00 RUN_HEARTBEAT pid=21240 elapsed=62s
2026-08-25T00:42:12+00:00 RUN_END id=OAFX0278 window=SCREEN_IS status=OK decision=SCREEN_OUT_SINGLE_SLEEVE elapsed=78.208s
2026-08-25T00:42:12+00:00 GATE_SKIP id=OAFX0278 window=IS reason=SINGLE_SLEEVE_INFERIOR decision=SCREEN_OUT_SINGLE_SLEEVE net=970.0 PF=1.707 DD=0.9828%
2026-08-25T00:42:12+00:00 RUN_START id=OAFX0279 family=sca_gj_break_confirmation window=SCREEN_IS run=oafx_screen_is_oafx0279_20260825094212_2b405e
2026-08-25T00:42:13+00:00 RUN_HEARTBEAT pid=20056 elapsed=0s
2026-08-25T00:43:15+00:00 RUN_HEARTBEAT pid=20056 elapsed=62s
2026-08-25T00:43:30+00:00 RUN_END id=OAFX0279 window=SCREEN_IS status=OK decision=SCREEN_OUT_SINGLE_SLEEVE elapsed=78.246s
2026-08-25T00:43:30+00:00 GATE_SKIP id=OAFX0279 window=IS reason=SINGLE_SLEEVE_INFERIOR decision=SCREEN_OUT_SINGLE_SLEEVE net=2605.0 PF=2.6624 DD=0.963%
2026-08-25T00:43:30+00:00 RUN_START id=OAFX0280 family=sca_gj_break_confirmation window=SCREEN_IS run=oafx_screen_is_oafx0280_20260825094330_68a86a
2026-08-25T00:43:31+00:00 RUN_HEARTBEAT pid=24924 elapsed=0s
2026-08-25T00:44:33+00:00 RUN_HEARTBEAT pid=24924 elapsed=62s
2026-08-25T00:44:48+00:00 RUN_END id=OAFX0280 window=SCREEN_IS status=OK decision=SCREEN_OUT_SINGLE_SLEEVE elapsed=78.276s
2026-08-25T00:44:48+00:00 GATE_SKIP id=OAFX0280 window=IS reason=SINGLE_SLEEVE_INFERIOR decision=SCREEN_OUT_SINGLE_SLEEVE net=1062.0 PF=1.3415 DD=2.5697%
2026-08-25T00:44:48+00:00 RUN_START id=OAFX0281 family=sca_gj_break_confirmation window=SCREEN_IS run=oafx_screen_is_oafx0281_20260825094448_6fcfd5
2026-08-25T00:44:49+00:00 RUN_HEARTBEAT pid=44016 elapsed=0s
2026-08-25T00:45:51+00:00 RUN_HEARTBEAT pid=44016 elapsed=62s
2026-08-25T00:46:07+00:00 RUN_END id=OAFX0281 window=SCREEN_IS status=OK decision=SCREEN_OUT_SINGLE_SLEEVE elapsed=78.235s
2026-08-25T00:46:07+00:00 GATE_SKIP id=OAFX0281 window=IS reason=SINGLE_SLEEVE_INFERIOR decision=SCREEN_OUT_SINGLE_SLEEVE net=7186.0 PF=1.1602 DD=24.9882%
2026-08-25T00:46:07+00:00 RUN_START id=OAFX0282 family=sca_gj_break_confirmation window=SCREEN_IS run=oafx_screen_is_oafx0282_20260825094607_52db78
2026-08-25T00:46:07+00:00 RUN_HEARTBEAT pid=14088 elapsed=0s
2026-08-25T00:47:09+00:00 RUN_HEARTBEAT pid=14088 elapsed=62s
2026-08-25T00:47:25+00:00 RUN_END id=OAFX0282 window=SCREEN_IS status=OK decision=SCREEN_OUT_SINGLE_SLEEVE elapsed=78.186s
2026-08-25T00:47:25+00:00 GATE_SKIP id=OAFX0282 window=IS reason=SINGLE_SLEEVE_INFERIOR decision=SCREEN_OUT_SINGLE_SLEEVE net=8433.0 PF=1.1091 DD=30.1649%
2026-08-25T00:47:25+00:00 RUN_START id=OAFX0283 family=sca_gj_break_confirmation window=SCREEN_IS run=oafx_screen_is_oafx0283_20260825094725_04e17a
2026-08-25T00:47:26+00:00 RUN_HEARTBEAT pid=38108 elapsed=0s
2026-08-25T00:48:27+00:00 RUN_HEARTBEAT pid=38108 elapsed=62s
2026-08-25T00:48:58+00:00 RUN_END id=OAFX0283 window=SCREEN_IS status=OK decision=SCREEN_OUT_SINGLE_SLEEVE elapsed=93.613s
2026-08-25T00:48:58+00:00 GATE_SKIP id=OAFX0283 window=IS reason=SINGLE_SLEEVE_INFERIOR decision=SCREEN_OUT_SINGLE_SLEEVE net=-821.0 PF=0.9918 DD=37.9105%
2026-08-25T00:48:58+00:00 RUN_START id=OAFX0284 family=sca_gj_break_confirmation window=SCREEN_IS run=oafx_screen_is_oafx0284_20260825094858_3d204b
2026-08-25T00:48:59+00:00 RUN_HEARTBEAT pid=41256 elapsed=0s
2026-08-25T00:50:01+00:00 RUN_HEARTBEAT pid=41256 elapsed=62s
2026-08-25T00:50:17+00:00 RUN_END id=OAFX0284 window=SCREEN_IS status=OK decision=SCREEN_OUT_SINGLE_SLEEVE elapsed=78.219s
2026-08-25T00:50:17+00:00 GATE_SKIP id=OAFX0284 window=IS reason=SINGLE_SLEEVE_INFERIOR decision=SCREEN_OUT_SINGLE_SLEEVE net=-5506.0 PF=0.9602 DD=38.7904%
2026-08-25T00:50:17+00:00 RUN_START id=OAFX0285 family=sca_gj_break_confirmation window=SCREEN_IS run=oafx_screen_is_oafx0285_20260825095017_a82b9d
2026-08-25T00:50:17+00:00 RUN_HEARTBEAT pid=28912 elapsed=0s
2026-08-25T00:51:19+00:00 RUN_HEARTBEAT pid=28912 elapsed=62s
2026-08-25T00:51:35+00:00 RUN_END id=OAFX0285 window=SCREEN_IS status=OK decision=SCREEN_OUT_SINGLE_SLEEVE elapsed=78.282s
2026-08-25T00:51:35+00:00 GATE_SKIP id=OAFX0285 window=IS reason=SINGLE_SLEEVE_INFERIOR decision=SCREEN_OUT_SINGLE_SLEEVE net=-4319.0 PF=0.859 DD=21.744%
2026-08-25T00:51:35+00:00 RUN_START id=OAFX0286 family=sca_gj_break_confirmation window=SCREEN_IS run=oafx_screen_is_oafx0286_20260825095135_7a3b50
2026-08-25T00:51:36+00:00 RUN_HEARTBEAT pid=24468 elapsed=0s
2026-08-25T00:52:38+00:00 RUN_HEARTBEAT pid=24468 elapsed=62s
2026-08-25T00:52:53+00:00 RUN_END id=OAFX0286 window=SCREEN_IS status=OK decision=SCREEN_OUT_SINGLE_SLEEVE elapsed=78.196s
2026-08-25T00:52:53+00:00 GATE_SKIP id=OAFX0286 window=IS reason=SINGLE_SLEEVE_INFERIOR decision=SCREEN_OUT_SINGLE_SLEEVE net=-5486.0 PF=0.9027 DD=25.7128%
2026-08-25T00:52:53+00:00 RUN_START id=OAFX0287 family=sca_gj_break_confirmation window=SCREEN_IS run=oafx_screen_is_oafx0287_20260825095253_749ffd
2026-08-25T00:52:54+00:00 RUN_HEARTBEAT pid=37576 elapsed=0s
2026-08-25T00:53:56+00:00 RUN_HEARTBEAT pid=37576 elapsed=62s
2026-08-25T00:54:11+00:00 RUN_END id=OAFX0287 window=SCREEN_IS status=OK decision=SCREEN_OUT_SINGLE_SLEEVE elapsed=78.205s
2026-08-25T00:54:11+00:00 GATE_SKIP id=OAFX0287 window=IS reason=SINGLE_SLEEVE_INFERIOR decision=SCREEN_OUT_SINGLE_SLEEVE net=2413.0 PF=1.0344 DD=26.9045%
2026-08-25T00:54:11+00:00 RUN_START id=OAFX0288 family=sca_gj_break_confirmation window=SCREEN_IS run=oafx_screen_is_oafx0288_20260825095411_179d1c
2026-08-25T00:54:12+00:00 RUN_HEARTBEAT pid=24404 elapsed=0s
2026-08-25T00:55:14+00:00 RUN_HEARTBEAT pid=24404 elapsed=62s
2026-08-25T00:55:29+00:00 RUN_END id=OAFX0288 window=SCREEN_IS status=OK decision=SCREEN_OUT_SINGLE_SLEEVE elapsed=78.195s
2026-08-25T00:55:29+00:00 GATE_SKIP id=OAFX0288 window=IS reason=SINGLE_SLEEVE_INFERIOR decision=SCREEN_OUT_SINGLE_SLEEVE net=-7547.0 PF=0.9272 DD=29.8938%
2026-08-25T00:55:29+00:00 RUN_START id=OAFX0289 family=sca_gj_break_confirmation window=SCREEN_IS run=oafx_screen_is_oafx0289_20260825095529_6fe420
2026-08-25T00:55:30+00:00 RUN_HEARTBEAT pid=22756 elapsed=0s
2026-08-25T00:56:32+00:00 RUN_HEARTBEAT pid=22756 elapsed=62s
2026-08-25T00:56:48+00:00 RUN_END id=OAFX0289 window=SCREEN_IS status=OK decision=SCREEN_OUT_SINGLE_SLEEVE elapsed=78.308s
2026-08-25T00:56:48+00:00 GATE_SKIP id=OAFX0289 window=IS reason=SINGLE_SLEEVE_INFERIOR decision=SCREEN_OUT_SINGLE_SLEEVE net=-3792.0 PF=0.6891 DD=12.7056%
2026-08-25T00:56:48+00:00 RUN_START id=OAFX0290 family=sca_gj_break_confirmation window=SCREEN_IS run=oafx_screen_is_oafx0290_20260825095648_797cea
2026-08-25T00:56:49+00:00 RUN_HEARTBEAT pid=28060 elapsed=0s
2026-08-25T00:57:51+00:00 RUN_HEARTBEAT pid=28060 elapsed=62s
2026-08-25T00:58:06+00:00 RUN_END id=OAFX0290 window=SCREEN_IS status=OK decision=SCREEN_OUT_SINGLE_SLEEVE elapsed=78.257s
2026-08-25T00:58:06+00:00 GATE_SKIP id=OAFX0290 window=IS reason=SINGLE_SLEEVE_INFERIOR decision=SCREEN_OUT_SINGLE_SLEEVE net=-5799.0 PF=0.7417 DD=16.7459%
2026-08-25T00:58:06+00:00 RUN_START id=OAFX0291 family=sca_gj_break_confirmation window=SCREEN_IS run=oafx_screen_is_oafx0291_20260825095806_ebae83
2026-08-25T00:58:07+00:00 RUN_HEARTBEAT pid=41712 elapsed=0s
2026-08-25T00:59:09+00:00 RUN_HEARTBEAT pid=41712 elapsed=62s
2026-08-25T00:59:24+00:00 RUN_END id=OAFX0291 window=SCREEN_IS status=OK decision=SCREEN_OUT_SINGLE_SLEEVE elapsed=78.187s
2026-08-25T00:59:24+00:00 GATE_SKIP id=OAFX0291 window=IS reason=SINGLE_SLEEVE_INFERIOR decision=SCREEN_OUT_SINGLE_SLEEVE net=7566.0 PF=1.2772 DD=15.6133%
2026-08-25T00:59:24+00:00 RUN_START id=OAFX0292 family=sca_gj_break_confirmation window=SCREEN_IS run=oafx_screen_is_oafx0292_20260825095924_7c4dde
2026-08-25T00:59:25+00:00 RUN_HEARTBEAT pid=17684 elapsed=0s
2026-08-25T01:00:27+00:00 RUN_HEARTBEAT pid=17684 elapsed=62s
2026-08-25T01:00:42+00:00 RUN_END id=OAFX0292 window=SCREEN_IS status=OK decision=SCREEN_OUT_SINGLE_SLEEVE elapsed=78.176s
2026-08-25T01:00:42+00:00 GATE_SKIP id=OAFX0292 window=IS reason=SINGLE_SLEEVE_INFERIOR decision=SCREEN_OUT_SINGLE_SLEEVE net=3534.0 PF=1.0633 DD=16.5954%
2026-08-25T01:00:42+00:00 RUN_START id=OAFX0293 family=sca_gj_break_confirmation window=SCREEN_IS run=oafx_screen_is_oafx0293_20260825100042_4267d6
2026-08-25T01:00:43+00:00 RUN_HEARTBEAT pid=40624 elapsed=0s
2026-08-25T01:01:45+00:00 RUN_HEARTBEAT pid=40624 elapsed=62s
2026-08-25T01:02:01+00:00 RUN_END id=OAFX0293 window=SCREEN_IS status=OK decision=SCREEN_OUT_SINGLE_SLEEVE elapsed=78.209s
2026-08-25T01:02:01+00:00 GATE_SKIP id=OAFX0293 window=IS reason=SINGLE_SLEEVE_INFERIOR decision=SCREEN_OUT_SINGLE_SLEEVE net=-2258.0 PF=0.4652 DD=4.5425%
2026-08-25T01:02:01+00:00 RUN_START id=OAFX0294 family=sca_gj_break_confirmation window=SCREEN_IS run=oafx_screen_is_oafx0294_20260825100201_e1323c
2026-08-25T01:02:02+00:00 RUN_HEARTBEAT pid=25200 elapsed=0s
2026-08-25T01:03:03+00:00 RUN_HEARTBEAT pid=25200 elapsed=62s
2026-08-25T01:03:19+00:00 RUN_END id=OAFX0294 window=SCREEN_IS status=OK decision=SCREEN_OUT_SINGLE_SLEEVE elapsed=78.234s
2026-08-25T01:03:19+00:00 GATE_SKIP id=OAFX0294 window=IS reason=SINGLE_SLEEVE_INFERIOR decision=SCREEN_OUT_SINGLE_SLEEVE net=-3623.0 PF=0.4674 DD=5.3839%
2026-08-25T01:03:19+00:00 RUN_START id=OAFX0295 family=sca_gj_break_confirmation window=SCREEN_IS run=oafx_screen_is_oafx0295_20260825100319_1cb502
2026-08-25T01:03:20+00:00 RUN_HEARTBEAT pid=42588 elapsed=0s
2026-08-25T01:04:22+00:00 RUN_HEARTBEAT pid=42588 elapsed=62s
2026-08-25T01:04:37+00:00 RUN_END id=OAFX0295 window=SCREEN_IS status=OK decision=SCREEN_OUT_SINGLE_SLEEVE elapsed=78.269s
2026-08-25T01:04:37+00:00 GATE_SKIP id=OAFX0295 window=IS reason=SINGLE_SLEEVE_INFERIOR decision=SCREEN_OUT_SINGLE_SLEEVE net=5094.0 PF=1.6199 DD=4.5798%
2026-08-25T01:04:37+00:00 RUN_START id=OAFX0296 family=sca_gj_break_confirmation window=SCREEN_IS run=oafx_screen_is_oafx0296_20260825100437_86c5bc
2026-08-25T01:04:38+00:00 RUN_HEARTBEAT pid=41012 elapsed=0s
2026-08-25T01:05:40+00:00 RUN_HEARTBEAT pid=41012 elapsed=62s
2026-08-25T01:05:55+00:00 RUN_END id=OAFX0296 window=SCREEN_IS status=OK decision=SCREEN_OUT_SINGLE_SLEEVE elapsed=78.206s
2026-08-25T01:05:55+00:00 GATE_SKIP id=OAFX0296 window=IS reason=SINGLE_SLEEVE_INFERIOR decision=SCREEN_OUT_SINGLE_SLEEVE net=-6300.0 PF=0.716 DD=17.5775%
2026-08-25T01:05:55+00:00 RUN_START id=OAFX0297 family=sca_gj_break_confirmation window=SCREEN_IS run=oafx_screen_is_oafx0297_20260825100555_8a66eb
2026-08-25T01:05:56+00:00 RUN_HEARTBEAT pid=39252 elapsed=0s
2026-08-25T01:06:58+00:00 RUN_HEARTBEAT pid=39252 elapsed=62s
2026-08-25T01:07:14+00:00 RUN_END id=OAFX0297 window=SCREEN_IS status=OK decision=SCREEN_OUT_SINGLE_SLEEVE elapsed=78.202s
2026-08-25T01:07:14+00:00 GATE_SKIP id=OAFX0297 window=IS reason=SINGLE_SLEEVE_INFERIOR decision=SCREEN_OUT_SINGLE_SLEEVE net=78.0 PF=1.132 DD=0.7581%
2026-08-25T01:07:14+00:00 RUN_START id=OAFX0298 family=sca_gj_break_confirmation window=SCREEN_IS run=oafx_screen_is_oafx0298_20260825100714_3bbb33
2026-08-25T01:07:14+00:00 RUN_HEARTBEAT pid=42844 elapsed=0s
2026-08-25T01:08:16+00:00 RUN_HEARTBEAT pid=42844 elapsed=62s
2026-08-25T01:08:32+00:00 RUN_END id=OAFX0298 window=SCREEN_IS status=OK decision=SCREEN_OUT_SINGLE_SLEEVE elapsed=78.225s
2026-08-25T01:08:32+00:00 GATE_SKIP id=OAFX0298 window=IS reason=SINGLE_SLEEVE_INFERIOR decision=SCREEN_OUT_SINGLE_SLEEVE net=1751.0 PF=3.9628 DD=0.7581%
2026-08-25T01:08:32+00:00 RUN_START id=OAFX0299 family=sca_gj_break_confirmation window=SCREEN_IS run=oafx_screen_is_oafx0299_20260825100832_acc55f
2026-08-25T01:08:33+00:00 RUN_HEARTBEAT pid=36708 elapsed=0s
2026-08-25T01:09:35+00:00 RUN_HEARTBEAT pid=36708 elapsed=62s
2026-08-25T01:09:50+00:00 RUN_END id=OAFX0299 window=SCREEN_IS status=OK decision=SCREEN_OUT_SINGLE_SLEEVE elapsed=78.285s
2026-08-25T01:09:50+00:00 GATE_SKIP id=OAFX0299 window=IS reason=SINGLE_SLEEVE_INFERIOR decision=SCREEN_OUT_SINGLE_SLEEVE net=1556.0 PF=2.9796 DD=0.7581%
2026-08-25T01:09:50+00:00 RUN_START id=OAFX0300 family=sca_gj_break_confirmation window=SCREEN_IS run=oafx_screen_is_oafx0300_20260825100950_48c811
2026-08-25T01:09:51+00:00 RUN_HEARTBEAT pid=27556 elapsed=0s
2026-08-25T01:10:53+00:00 RUN_HEARTBEAT pid=27556 elapsed=62s
2026-08-25T01:11:08+00:00 RUN_END id=OAFX0300 window=SCREEN_IS status=OK decision=SCREEN_OUT_SINGLE_SLEEVE elapsed=78.247s
2026-08-25T01:11:08+00:00 GATE_SKIP id=OAFX0300 window=IS reason=SINGLE_SLEEVE_INFERIOR decision=SCREEN_OUT_SINGLE_SLEEVE net=1063.0 PF=1.8311 DD=0.7581%
2026-08-25T01:11:08+00:00 RUN_START id=OAFX0301 family=sca_gj_retest window=SCREEN_IS run=oafx_screen_is_oafx0301_20260825101108_8e65b3
2026-08-25T01:11:09+00:00 RUN_HEARTBEAT pid=44712 elapsed=0s
2026-08-25T01:12:11+00:00 RUN_HEARTBEAT pid=44712 elapsed=62s
2026-08-25T01:12:27+00:00 RUN_END id=OAFX0301 window=SCREEN_IS status=OK decision=SCREEN_PASS_DD elapsed=78.237s
2026-08-25T01:12:27+00:00 RUN_START id=OAFX0301 family=sca_gj_retest window=IS run=oafx_is_oafx0301_20260825101227_8e35f7
2026-08-25T01:12:27+00:00 RUN_HEARTBEAT pid=27680 elapsed=0s
2026-08-25T01:13:29+00:00 RUN_HEARTBEAT pid=27680 elapsed=62s
2026-08-25T01:14:31+00:00 RUN_HEARTBEAT pid=27680 elapsed=124s
2026-08-25T01:15:33+00:00 RUN_HEARTBEAT pid=27680 elapsed=186s
2026-08-25T01:16:35+00:00 RUN_HEARTBEAT pid=27680 elapsed=248s
2026-08-25T01:17:37+00:00 RUN_HEARTBEAT pid=27680 elapsed=310s
2026-08-25T01:18:39+00:00 RUN_HEARTBEAT pid=27680 elapsed=372s
2026-08-25T01:19:25+00:00 RUN_END id=OAFX0301 window=IS status=OK decision=IS_REJECT elapsed=418.680s
2026-08-25T01:19:25+00:00 GATE_SKIP id=OAFX0301 window=OOS reason=IS_NOT_SURVIVOR decision=IS_REJECT net=274658.0 PF=1.4468 DD=40.8279%
2026-08-25T01:19:25+00:00 RUN_START id=OAFX0302 family=sca_gj_retest window=SCREEN_IS run=oafx_screen_is_oafx0302_20260825101925_28f094
2026-08-25T01:19:26+00:00 RUN_HEARTBEAT pid=7744 elapsed=0s
2026-08-25T01:20:28+00:00 RUN_HEARTBEAT pid=7744 elapsed=62s
2026-08-25T01:20:59+00:00 RUN_END id=OAFX0302 window=SCREEN_IS status=OK decision=SCREEN_OUT_SINGLE_SLEEVE elapsed=93.335s
2026-08-25T01:20:59+00:00 GATE_SKIP id=OAFX0302 window=IS reason=SINGLE_SLEEVE_INFERIOR decision=SCREEN_OUT_SINGLE_SLEEVE net=70376.0 PF=1.1894 DD=26.6339%
2026-08-25T01:20:59+00:00 RUN_START id=OAFX0303 family=sca_gj_retest window=SCREEN_IS run=oafx_screen_is_oafx0303_20260825102059_19f78b
2026-08-25T01:20:59+00:00 RUN_HEARTBEAT pid=42100 elapsed=0s
2026-08-25T01:22:01+00:00 RUN_HEARTBEAT pid=42100 elapsed=62s
2026-08-25T01:22:16+00:00 RUN_END id=OAFX0303 window=SCREEN_IS status=OK decision=SCREEN_OUT_SINGLE_SLEEVE elapsed=77.753s
2026-08-25T01:22:16+00:00 GATE_SKIP id=OAFX0303 window=IS reason=SINGLE_SLEEVE_INFERIOR decision=SCREEN_OUT_SINGLE_SLEEVE net=81013.0 PF=1.2167 DD=24.999%
2026-08-25T01:22:16+00:00 RUN_START id=OAFX0304 family=sca_gj_retest window=SCREEN_IS run=oafx_screen_is_oafx0304_20260825102216_5d0a29
2026-08-25T01:22:17+00:00 RUN_HEARTBEAT pid=42380 elapsed=0s
2026-08-25T01:23:19+00:00 RUN_HEARTBEAT pid=42380 elapsed=62s
2026-08-25T01:23:34+00:00 RUN_END id=OAFX0304 window=SCREEN_IS status=OK decision=SCREEN_OUT_SINGLE_SLEEVE elapsed=77.828s
2026-08-25T01:23:34+00:00 GATE_SKIP id=OAFX0304 window=IS reason=SINGLE_SLEEVE_INFERIOR decision=SCREEN_OUT_SINGLE_SLEEVE net=78116.0 PF=1.2045 DD=22.1516%
2026-08-25T01:23:34+00:00 RUN_START id=OAFX0305 family=sca_gj_retest window=SCREEN_IS run=oafx_screen_is_oafx0305_20260825102334_2f19ff
2026-08-25T01:23:35+00:00 RUN_HEARTBEAT pid=16280 elapsed=0s
2026-08-25T01:24:37+00:00 RUN_HEARTBEAT pid=16280 elapsed=62s
2026-08-25T01:24:52+00:00 RUN_END id=OAFX0305 window=SCREEN_IS status=OK decision=SCREEN_PASS_STRICT elapsed=77.788s
2026-08-25T01:24:52+00:00 RUN_START id=OAFX0305 family=sca_gj_retest window=IS run=oafx_is_oafx0305_20260825102452_5f8ad9
2026-08-25T01:24:53+00:00 RUN_HEARTBEAT pid=42108 elapsed=0s
2026-08-25T01:25:54+00:00 RUN_HEARTBEAT pid=42108 elapsed=62s
2026-08-25T01:26:56+00:00 RUN_HEARTBEAT pid=42108 elapsed=123s
2026-08-25T01:27:58+00:00 RUN_HEARTBEAT pid=42108 elapsed=185s
2026-08-25T01:28:59+00:00 RUN_HEARTBEAT pid=42108 elapsed=247s
2026-08-25T01:30:01+00:00 RUN_HEARTBEAT pid=42108 elapsed=308s
2026-08-25T01:31:03+00:00 RUN_HEARTBEAT pid=42108 elapsed=370s
2026-08-25T01:31:49+00:00 RUN_END id=OAFX0305 window=IS status=OK decision=IS_REJECT elapsed=417.063s
2026-08-25T01:31:49+00:00 GATE_SKIP id=OAFX0305 window=OOS reason=IS_NOT_SURVIVOR decision=IS_REJECT net=281060.0 PF=1.4492 DD=41.2461%
2026-08-25T01:31:49+00:00 RUN_START id=OAFX0306 family=sca_gj_retest window=SCREEN_IS run=oafx_screen_is_oafx0306_20260825103149_448d5b
2026-08-25T01:31:50+00:00 RUN_HEARTBEAT pid=41072 elapsed=0s
2026-08-25T01:32:52+00:00 RUN_HEARTBEAT pid=41072 elapsed=62s
2026-08-25T01:33:07+00:00 RUN_END id=OAFX0306 window=SCREEN_IS status=OK decision=SCREEN_OUT_SINGLE_SLEEVE elapsed=77.927s
2026-08-25T01:33:07+00:00 GATE_SKIP id=OAFX0306 window=IS reason=SINGLE_SLEEVE_INFERIOR decision=SCREEN_OUT_SINGLE_SLEEVE net=69709.0 PF=1.1874 DD=26.8238%
2026-08-25T01:33:07+00:00 RUN_START id=OAFX0307 family=sca_gj_retest window=SCREEN_IS run=oafx_screen_is_oafx0307_20260825103307_580da7
2026-08-25T01:33:08+00:00 RUN_HEARTBEAT pid=32428 elapsed=0s
2026-08-25T01:34:09+00:00 RUN_HEARTBEAT pid=32428 elapsed=62s
2026-08-25T01:34:25+00:00 RUN_END id=OAFX0307 window=SCREEN_IS status=OK decision=SCREEN_OUT_SINGLE_SLEEVE elapsed=77.907s
2026-08-25T01:34:25+00:00 GATE_SKIP id=OAFX0307 window=IS reason=SINGLE_SLEEVE_INFERIOR decision=SCREEN_OUT_SINGLE_SLEEVE net=80593.0 PF=1.2153 DD=25.0518%
2026-08-25T01:34:25+00:00 RUN_START id=OAFX0308 family=sca_gj_retest window=SCREEN_IS run=oafx_screen_is_oafx0308_20260825103425_63438b
2026-08-25T01:34:26+00:00 RUN_HEARTBEAT pid=13448 elapsed=0s
2026-08-25T01:35:27+00:00 RUN_HEARTBEAT pid=13448 elapsed=62s
2026-08-25T01:35:43+00:00 RUN_END id=OAFX0308 window=SCREEN_IS status=OK decision=SCREEN_OUT_SINGLE_SLEEVE elapsed=77.876s
2026-08-25T01:35:43+00:00 GATE_SKIP id=OAFX0308 window=IS reason=SINGLE_SLEEVE_INFERIOR decision=SCREEN_OUT_SINGLE_SLEEVE net=78602.0 PF=1.2058 DD=22.0969%
2026-08-25T01:35:43+00:00 RUN_START id=OAFX0309 family=sca_gj_retest window=SCREEN_IS run=oafx_screen_is_oafx0309_20260825103543_b768b2
2026-08-25T01:35:44+00:00 RUN_HEARTBEAT pid=25812 elapsed=0s
2026-08-25T01:36:46+00:00 RUN_HEARTBEAT pid=25812 elapsed=62s
2026-08-25T01:37:01+00:00 RUN_END id=OAFX0309 window=SCREEN_IS status=OK decision=SCREEN_OUT_SINGLE_SLEEVE elapsed=78.634s
2026-08-25T01:37:01+00:00 GATE_SKIP id=OAFX0309 window=IS reason=SINGLE_SLEEVE_INFERIOR decision=SCREEN_OUT_SINGLE_SLEEVE net=76153.0 PF=1.235 DD=22.0441%
2026-08-25T01:37:01+00:00 RUN_START id=OAFX0310 family=sca_gj_retest window=SCREEN_IS run=oafx_screen_is_oafx0310_20260825103701_bc6911
2026-08-25T01:37:02+00:00 RUN_HEARTBEAT pid=41012 elapsed=0s
2026-08-25T01:38:04+00:00 RUN_HEARTBEAT pid=41012 elapsed=62s
2026-08-25T01:38:19+00:00 RUN_END id=OAFX0310 window=SCREEN_IS status=OK decision=SCREEN_OUT_SINGLE_SLEEVE elapsed=77.930s
2026-08-25T01:38:19+00:00 GATE_SKIP id=OAFX0310 window=IS reason=SINGLE_SLEEVE_INFERIOR decision=SCREEN_OUT_SINGLE_SLEEVE net=71046.0 PF=1.1909 DD=26.6889%
2026-08-25T01:38:19+00:00 RUN_START id=OAFX0311 family=sca_gj_retest window=SCREEN_IS run=oafx_screen_is_oafx0311_20260825103819_2ccd9a
2026-08-25T01:38:20+00:00 RUN_HEARTBEAT pid=14728 elapsed=0s
2026-08-25T01:39:22+00:00 RUN_HEARTBEAT pid=14728 elapsed=62s
2026-08-25T01:39:37+00:00 RUN_END id=OAFX0311 window=SCREEN_IS status=OK decision=SCREEN_OUT_SINGLE_SLEEVE elapsed=77.897s
2026-08-25T01:39:37+00:00 GATE_SKIP id=OAFX0311 window=IS reason=SINGLE_SLEEVE_INFERIOR decision=SCREEN_OUT_SINGLE_SLEEVE net=82255.0 PF=1.2197 DD=24.8443%
2026-08-25T01:39:37+00:00 RUN_START id=OAFX0312 family=sca_gj_retest window=SCREEN_IS run=oafx_screen_is_oafx0312_20260825103937_19aaaa
2026-08-25T01:39:38+00:00 RUN_HEARTBEAT pid=15412 elapsed=0s
2026-08-25T01:40:40+00:00 RUN_HEARTBEAT pid=15412 elapsed=62s
2026-08-25T01:40:55+00:00 WAIT_MT5_IDLE elapsed=0s processes=metatester64.exe
2026-08-25T01:41:57+00:00 WAIT_MT5_IDLE elapsed=62s processes=metatester64.exe
2026-08-25T01:42:58+00:00 WAIT_MT5_IDLE elapsed=123s processes=metatester64.exe
2026-08-25T01:44:00+00:00 WAIT_MT5_IDLE elapsed=185s processes=metatester64.exe
2026-08-25T01:45:01+00:00 WAIT_MT5_IDLE elapsed=246s processes=metatester64.exe
2026-08-25T01:46:03+00:00 KILL_ORPHAN_TESTER orphan_seconds=307
2026-08-25T01:46:18+00:00 RUN_END id=OAFX0312 window=SCREEN_IS status=OK decision=SCREEN_OUT_SINGLE_SLEEVE elapsed=400.880s
2026-08-25T01:46:18+00:00 GATE_SKIP id=OAFX0312 window=IS reason=SINGLE_SLEEVE_INFERIOR decision=SCREEN_OUT_SINGLE_SLEEVE net=78602.0 PF=1.2058 DD=22.0969%
2026-08-25T01:46:18+00:00 RUN_START id=OAFX0313 family=sca_gj_retest window=SCREEN_IS run=oafx_screen_is_oafx0313_20260825104618_a84d0e
2026-08-25T01:46:19+00:00 RUN_HEARTBEAT pid=25816 elapsed=0s
2026-08-25T01:47:20+00:00 RUN_HEARTBEAT pid=25816 elapsed=62s
2026-08-25T01:47:36+00:00 RUN_END id=OAFX0313 window=SCREEN_IS status=OK decision=SCREEN_OUT_SINGLE_SLEEVE elapsed=77.798s
2026-08-25T01:47:36+00:00 GATE_SKIP id=OAFX0313 window=IS reason=SINGLE_SLEEVE_INFERIOR decision=SCREEN_OUT_SINGLE_SLEEVE net=76153.0 PF=1.235 DD=22.0441%
2026-08-25T01:47:36+00:00 RUN_START id=OAFX0314 family=sca_gj_retest window=SCREEN_IS run=oafx_screen_is_oafx0314_20260825104736_dc1d93
2026-08-25T01:47:37+00:00 RUN_HEARTBEAT pid=43052 elapsed=0s
2026-08-25T01:48:38+00:00 RUN_HEARTBEAT pid=43052 elapsed=62s
2026-08-25T01:48:54+00:00 RUN_END id=OAFX0314 window=SCREEN_IS status=OK decision=SCREEN_OUT_SINGLE_SLEEVE elapsed=77.794s
2026-08-25T01:48:54+00:00 GATE_SKIP id=OAFX0314 window=IS reason=SINGLE_SLEEVE_INFERIOR decision=SCREEN_OUT_SINGLE_SLEEVE net=69467.0 PF=1.1861 DD=27.2859%
2026-08-25T01:48:54+00:00 RUN_START id=OAFX0315 family=sca_gj_retest window=SCREEN_IS run=oafx_screen_is_oafx0315_20260825104854_7e8c5e
2026-08-25T01:48:55+00:00 RUN_HEARTBEAT pid=8568 elapsed=0s
2026-08-25T01:49:56+00:00 RUN_HEARTBEAT pid=8568 elapsed=62s
2026-08-25T01:50:12+00:00 RUN_END id=OAFX0315 window=SCREEN_IS status=OK decision=SCREEN_OUT_SINGLE_SLEEVE elapsed=77.858s
2026-08-25T01:50:12+00:00 GATE_SKIP id=OAFX0315 window=IS reason=SINGLE_SLEEVE_INFERIOR decision=SCREEN_OUT_SINGLE_SLEEVE net=79619.0 PF=1.2121 DD=25.5906%
2026-08-25T01:50:12+00:00 RUN_START id=OAFX0316 family=sca_gj_retest window=SCREEN_IS run=oafx_screen_is_oafx0316_20260825105012_65c489
2026-08-25T01:50:12+00:00 RUN_HEARTBEAT pid=37632 elapsed=0s
2026-08-25T01:51:14+00:00 RUN_HEARTBEAT pid=37632 elapsed=62s
2026-08-25T01:51:29+00:00 RUN_END id=OAFX0316 window=SCREEN_IS status=OK decision=SCREEN_OUT_SINGLE_SLEEVE elapsed=77.837s
2026-08-25T01:51:29+00:00 GATE_SKIP id=OAFX0316 window=IS reason=SINGLE_SLEEVE_INFERIOR decision=SCREEN_OUT_SINGLE_SLEEVE net=77496.0 PF=1.2023 DD=22.6594%
2026-08-25T01:51:29+00:00 RUN_START id=OAFX0317 family=sca_gj_retest window=SCREEN_IS run=oafx_screen_is_oafx0317_20260825105129_b5ac25
2026-08-25T01:51:30+00:00 RUN_HEARTBEAT pid=43196 elapsed=0s
2026-08-25T01:52:32+00:00 RUN_HEARTBEAT pid=43196 elapsed=62s
2026-08-25T01:52:47+00:00 RUN_END id=OAFX0317 window=SCREEN_IS status=OK decision=SCREEN_OUT_SINGLE_SLEEVE elapsed=77.826s
2026-08-25T01:52:47+00:00 GATE_SKIP id=OAFX0317 window=IS reason=SINGLE_SLEEVE_INFERIOR decision=SCREEN_OUT_SINGLE_SLEEVE net=76153.0 PF=1.235 DD=22.0441%
2026-08-25T01:52:47+00:00 RUN_START id=OAFX0318 family=sca_gj_retest window=SCREEN_IS run=oafx_screen_is_oafx0318_20260825105247_f5d659
2026-08-25T01:52:48+00:00 RUN_HEARTBEAT pid=23164 elapsed=0s
2026-08-25T01:53:50+00:00 RUN_HEARTBEAT pid=23164 elapsed=62s
2026-08-25T01:54:05+00:00 RUN_END id=OAFX0318 window=SCREEN_IS status=OK decision=SCREEN_OUT_SINGLE_SLEEVE elapsed=77.726s
2026-08-25T01:54:05+00:00 GATE_SKIP id=OAFX0318 window=IS reason=SINGLE_SLEEVE_INFERIOR decision=SCREEN_OUT_SINGLE_SLEEVE net=69457.0 PF=1.1861 DD=27.2912%
2026-08-25T01:54:05+00:00 RUN_START id=OAFX0319 family=sca_gj_retest window=SCREEN_IS run=oafx_screen_is_oafx0319_20260825105405_89912a
2026-08-25T01:54:06+00:00 RUN_HEARTBEAT pid=41848 elapsed=0s
2026-08-25T01:55:07+00:00 RUN_HEARTBEAT pid=41848 elapsed=62s
2026-08-25T01:55:23+00:00 RUN_END id=OAFX0319 window=SCREEN_IS status=OK decision=SCREEN_OUT_SINGLE_SLEEVE elapsed=77.818s
2026-08-25T01:55:23+00:00 GATE_SKIP id=OAFX0319 window=IS reason=SINGLE_SLEEVE_INFERIOR decision=SCREEN_OUT_SINGLE_SLEEVE net=79474.0 PF=1.2116 DD=25.6092%
2026-08-25T01:55:23+00:00 RUN_START id=OAFX0320 family=sca_gj_retest window=SCREEN_IS run=oafx_screen_is_oafx0320_20260825105523_ddd2c8
2026-08-25T01:55:24+00:00 RUN_HEARTBEAT pid=35224 elapsed=0s
2026-08-25T01:56:25+00:00 RUN_HEARTBEAT pid=35224 elapsed=62s
2026-08-25T01:56:41+00:00 RUN_END id=OAFX0320 window=SCREEN_IS status=OK decision=SCREEN_OUT_SINGLE_SLEEVE elapsed=77.718s
2026-08-25T01:56:41+00:00 GATE_SKIP id=OAFX0320 window=IS reason=SINGLE_SLEEVE_INFERIOR decision=SCREEN_OUT_SINGLE_SLEEVE net=77496.0 PF=1.2023 DD=22.6594%
2026-08-25T01:56:41+00:00 RUN_START id=OAFX0321 family=sca_gj_retest window=SCREEN_IS run=oafx_screen_is_oafx0321_20260825105641_9790f6
2026-08-25T01:56:41+00:00 RUN_HEARTBEAT pid=44992 elapsed=0s
2026-08-25T01:57:43+00:00 RUN_HEARTBEAT pid=44992 elapsed=62s
2026-08-25T01:57:58+00:00 RUN_END id=OAFX0321 window=SCREEN_IS status=OK decision=SCREEN_PASS_STRICT elapsed=77.856s
2026-08-25T01:57:58+00:00 RUN_START id=OAFX0321 family=sca_gj_retest window=IS run=oafx_is_oafx0321_20260825105758_e2035a
2026-08-25T01:57:59+00:00 RUN_HEARTBEAT pid=34704 elapsed=0s
2026-08-25T01:59:01+00:00 RUN_HEARTBEAT pid=34704 elapsed=62s
2026-08-25T02:00:03+00:00 RUN_HEARTBEAT pid=34704 elapsed=123s
2026-08-25T02:01:04+00:00 RUN_HEARTBEAT pid=34704 elapsed=185s
2026-08-25T02:02:06+00:00 RUN_HEARTBEAT pid=34704 elapsed=247s
2026-08-25T02:03:08+00:00 RUN_HEARTBEAT pid=34704 elapsed=309s
2026-08-25T02:04:09+00:00 RUN_HEARTBEAT pid=34704 elapsed=370s
2026-08-25T02:04:40+00:00 RUN_END id=OAFX0321 window=IS status=OK decision=IS_REJECT elapsed=401.709s
2026-08-25T02:04:40+00:00 GATE_SKIP id=OAFX0321 window=OOS reason=IS_NOT_SURVIVOR decision=IS_REJECT net=280525.0 PF=1.4497 DD=40.9921%
2026-08-25T02:04:40+00:00 RUN_START id=OAFX0322 family=sca_gj_retest window=SCREEN_IS run=oafx_screen_is_oafx0322_20260825110440_cb0a0e
2026-08-25T02:04:41+00:00 RUN_HEARTBEAT pid=36180 elapsed=0s
2026-08-25T02:05:43+00:00 RUN_HEARTBEAT pid=36180 elapsed=62s
2026-08-25T02:05:58+00:00 RUN_END id=OAFX0322 window=SCREEN_IS status=OK decision=SCREEN_OUT_SINGLE_SLEEVE elapsed=77.953s
2026-08-25T02:05:58+00:00 GATE_SKIP id=OAFX0322 window=IS reason=SINGLE_SLEEVE_INFERIOR decision=SCREEN_OUT_SINGLE_SLEEVE net=70565.0 PF=1.1899 DD=26.6239%
2026-08-25T02:05:58+00:00 RUN_START id=OAFX0323 family=sca_gj_retest window=SCREEN_IS run=oafx_screen_is_oafx0323_20260825110558_6dc312
2026-08-25T02:05:59+00:00 RUN_HEARTBEAT pid=38080 elapsed=0s
2026-08-25T02:07:01+00:00 RUN_HEARTBEAT pid=38080 elapsed=62s
2026-08-25T02:07:16+00:00 RUN_END id=OAFX0323 window=SCREEN_IS status=OK decision=SCREEN_OUT_SINGLE_SLEEVE elapsed=77.888s
2026-08-25T02:07:16+00:00 GATE_SKIP id=OAFX0323 window=IS reason=SINGLE_SLEEVE_INFERIOR decision=SCREEN_OUT_SINGLE_SLEEVE net=79188.0 PF=1.2114 DD=25.2299%
2026-08-25T02:07:16+00:00 RUN_START id=OAFX0324 family=sca_gj_retest window=SCREEN_IS run=oafx_screen_is_oafx0324_20260825110716_4886ba
2026-08-25T02:07:17+00:00 RUN_HEARTBEAT pid=37044 elapsed=0s
2026-08-25T02:08:18+00:00 RUN_HEARTBEAT pid=37044 elapsed=62s
2026-08-25T02:08:34+00:00 RUN_END id=OAFX0324 window=SCREEN_IS status=OK decision=SCREEN_OUT_SINGLE_SLEEVE elapsed=77.895s
2026-08-25T02:08:34+00:00 GATE_SKIP id=OAFX0324 window=IS reason=SINGLE_SLEEVE_INFERIOR decision=SCREEN_OUT_SINGLE_SLEEVE net=77115.0 PF=1.2011 DD=22.8531%
2026-08-25T02:08:34+00:00 RUN_START id=OAFX0325 family=sca_gj_retest window=SCREEN_IS run=oafx_screen_is_oafx0325_20260825110834_6e4075
2026-08-25T02:08:35+00:00 RUN_HEARTBEAT pid=27076 elapsed=0s
2026-08-25T02:09:36+00:00 RUN_HEARTBEAT pid=27076 elapsed=62s
2026-08-25T02:09:52+00:00 RUN_END id=OAFX0325 window=SCREEN_IS status=OK decision=SCREEN_PASS_STRICT elapsed=77.823s
2026-08-25T02:09:52+00:00 RUN_START id=OAFX0325 family=sca_gj_retest window=IS run=oafx_is_oafx0325_20260825110952_5171a7
2026-08-25T02:09:52+00:00 RUN_HEARTBEAT pid=31528 elapsed=0s
2026-08-25T02:10:54+00:00 RUN_HEARTBEAT pid=31528 elapsed=62s
2026-08-25T02:11:56+00:00 RUN_HEARTBEAT pid=31528 elapsed=123s
2026-08-25T02:12:57+00:00 RUN_HEARTBEAT pid=31528 elapsed=185s
2026-08-25T02:13:59+00:00 RUN_HEARTBEAT pid=31528 elapsed=247s
2026-08-25T02:15:01+00:00 RUN_HEARTBEAT pid=31528 elapsed=308s
2026-08-25T02:16:02+00:00 RUN_HEARTBEAT pid=31528 elapsed=370s
2026-08-25T02:16:33+00:00 RUN_END id=OAFX0325 window=IS status=OK decision=IS_REJECT elapsed=401.520s
2026-08-25T02:16:33+00:00 GATE_SKIP id=OAFX0325 window=OOS reason=IS_NOT_SURVIVOR decision=IS_REJECT net=279278.0 PF=1.4452 DD=41.4308%
2026-08-25T02:16:33+00:00 RUN_START id=OAFX0326 family=sca_gj_retest window=SCREEN_IS run=oafx_screen_is_oafx0326_20260825111633_b67e60
2026-08-25T02:16:34+00:00 RUN_HEARTBEAT pid=40996 elapsed=0s
2026-08-25T02:17:36+00:00 RUN_HEARTBEAT pid=40996 elapsed=62s
2026-08-25T02:17:51+00:00 RUN_END id=OAFX0326 window=SCREEN_IS status=OK decision=SCREEN_OUT_SINGLE_SLEEVE elapsed=77.932s
2026-08-25T02:17:51+00:00 GATE_SKIP id=OAFX0326 window=IS reason=SINGLE_SLEEVE_INFERIOR decision=SCREEN_OUT_SINGLE_SLEEVE net=70066.0 PF=1.1883 DD=26.7248%
2026-08-25T02:17:51+00:00 RUN_START id=OAFX0327 family=sca_gj_retest window=SCREEN_IS run=oafx_screen_is_oafx0327_20260825111751_13dcf9
2026-08-25T02:17:52+00:00 RUN_HEARTBEAT pid=11832 elapsed=0s
2026-08-25T02:18:54+00:00 RUN_HEARTBEAT pid=11832 elapsed=62s
2026-08-25T02:19:09+00:00 RUN_END id=OAFX0327 window=SCREEN_IS status=OK decision=SCREEN_OUT_SINGLE_SLEEVE elapsed=77.808s
2026-08-25T02:19:09+00:00 GATE_SKIP id=OAFX0327 window=IS reason=SINGLE_SLEEVE_INFERIOR decision=SCREEN_OUT_SINGLE_SLEEVE net=79188.0 PF=1.2114 DD=25.2299%
2026-08-25T02:19:09+00:00 RUN_START id=OAFX0328 family=sca_gj_retest window=SCREEN_IS run=oafx_screen_is_oafx0328_20260825111909_833ba1
2026-08-25T02:19:10+00:00 RUN_HEARTBEAT pid=45368 elapsed=0s
2026-08-25T02:20:11+00:00 RUN_HEARTBEAT pid=45368 elapsed=62s
2026-08-25T02:20:27+00:00 RUN_END id=OAFX0328 window=SCREEN_IS status=OK decision=SCREEN_OUT_SINGLE_SLEEVE elapsed=77.783s
2026-08-25T02:20:27+00:00 GATE_SKIP id=OAFX0328 window=IS reason=SINGLE_SLEEVE_INFERIOR decision=SCREEN_OUT_SINGLE_SLEEVE net=77115.0 PF=1.2011 DD=22.8531%
2026-08-25T02:20:27+00:00 RUN_START id=OAFX0329 family=sca_gj_retest window=SCREEN_IS run=oafx_screen_is_oafx0329_20260825112027_b553fd
2026-08-25T02:20:28+00:00 RUN_HEARTBEAT pid=38548 elapsed=0s
2026-08-25T02:21:29+00:00 RUN_HEARTBEAT pid=38548 elapsed=62s
2026-08-25T02:21:44+00:00 RUN_END id=OAFX0329 window=SCREEN_IS status=OK decision=SCREEN_OUT_SINGLE_SLEEVE elapsed=77.747s
2026-08-25T02:21:44+00:00 GATE_SKIP id=OAFX0329 window=IS reason=SINGLE_SLEEVE_INFERIOR decision=SCREEN_OUT_SINGLE_SLEEVE net=76153.0 PF=1.235 DD=22.0441%
2026-08-25T02:21:44+00:00 RUN_START id=OAFX0330 family=sca_gj_retest window=SCREEN_IS run=oafx_screen_is_oafx0330_20260825112144_7aa7bd
2026-08-25T02:21:45+00:00 RUN_HEARTBEAT pid=13396 elapsed=0s
2026-08-25T02:22:47+00:00 RUN_HEARTBEAT pid=13396 elapsed=62s
2026-08-25T02:23:02+00:00 RUN_END id=OAFX0330 window=SCREEN_IS status=OK decision=SCREEN_OUT_SINGLE_SLEEVE elapsed=77.852s
2026-08-25T02:23:02+00:00 GATE_SKIP id=OAFX0330 window=IS reason=SINGLE_SLEEVE_INFERIOR decision=SCREEN_OUT_SINGLE_SLEEVE net=71589.0 PF=1.1923 DD=26.5649%
2026-08-25T02:23:02+00:00 RUN_START id=OAFX0331 family=sca_gj_retest window=SCREEN_IS run=oafx_screen_is_oafx0331_20260825112302_873b66
2026-08-25T02:23:03+00:00 RUN_HEARTBEAT pid=33548 elapsed=0s
2026-08-25T02:24:05+00:00 RUN_HEARTBEAT pid=33548 elapsed=62s
2026-08-25T02:24:20+00:00 RUN_END id=OAFX0331 window=SCREEN_IS status=OK decision=SCREEN_OUT_SINGLE_SLEEVE elapsed=77.781s
2026-08-25T02:24:20+00:00 GATE_SKIP id=OAFX0331 window=IS reason=SINGLE_SLEEVE_INFERIOR decision=SCREEN_OUT_SINGLE_SLEEVE net=79188.0 PF=1.2114 DD=25.2299%
2026-08-25T02:24:20+00:00 RUN_START id=OAFX0332 family=sca_gj_retest window=SCREEN_IS run=oafx_screen_is_oafx0332_20260825112420_391c0c
2026-08-25T02:24:21+00:00 RUN_HEARTBEAT pid=27880 elapsed=0s
2026-08-25T02:25:23+00:00 RUN_HEARTBEAT pid=27880 elapsed=62s
2026-08-25T02:25:38+00:00 RUN_END id=OAFX0332 window=SCREEN_IS status=OK decision=SCREEN_OUT_SINGLE_SLEEVE elapsed=77.877s
2026-08-25T02:25:38+00:00 GATE_SKIP id=OAFX0332 window=IS reason=SINGLE_SLEEVE_INFERIOR decision=SCREEN_OUT_SINGLE_SLEEVE net=77115.0 PF=1.2011 DD=22.8531%
2026-08-25T02:25:38+00:00 RUN_START id=OAFX0333 family=sca_gj_retest window=SCREEN_IS run=oafx_screen_is_oafx0333_20260825112538_c76ef9
2026-08-25T02:25:39+00:00 RUN_HEARTBEAT pid=24800 elapsed=0s
2026-08-25T02:26:40+00:00 RUN_HEARTBEAT pid=24800 elapsed=62s
2026-08-25T02:26:56+00:00 RUN_END id=OAFX0333 window=SCREEN_IS status=OK decision=SCREEN_OUT_SINGLE_SLEEVE elapsed=77.837s
2026-08-25T02:26:56+00:00 GATE_SKIP id=OAFX0333 window=IS reason=SINGLE_SLEEVE_INFERIOR decision=SCREEN_OUT_SINGLE_SLEEVE net=76153.0 PF=1.235 DD=22.0441%
2026-08-25T02:26:56+00:00 RUN_START id=OAFX0334 family=sca_gj_retest window=SCREEN_IS run=oafx_screen_is_oafx0334_20260825112656_9f1242
2026-08-25T02:26:57+00:00 RUN_HEARTBEAT pid=39708 elapsed=0s
2026-08-25T02:27:58+00:00 RUN_HEARTBEAT pid=39708 elapsed=62s
2026-08-25T02:28:14+00:00 RUN_END id=OAFX0334 window=SCREEN_IS status=OK decision=SCREEN_OUT_SINGLE_SLEEVE elapsed=77.861s
2026-08-25T02:28:14+00:00 GATE_SKIP id=OAFX0334 window=IS reason=SINGLE_SLEEVE_INFERIOR decision=SCREEN_OUT_SINGLE_SLEEVE net=69457.0 PF=1.1861 DD=27.2912%
2026-08-25T02:28:14+00:00 RUN_START id=OAFX0335 family=sca_gj_retest window=SCREEN_IS run=oafx_screen_is_oafx0335_20260825112814_ed3778
2026-08-25T02:28:15+00:00 RUN_HEARTBEAT pid=27068 elapsed=0s
2026-08-25T02:29:16+00:00 RUN_HEARTBEAT pid=27068 elapsed=62s
2026-08-25T02:29:32+00:00 RUN_END id=OAFX0335 window=SCREEN_IS status=OK decision=SCREEN_OUT_SINGLE_SLEEVE elapsed=77.842s
2026-08-25T02:29:32+00:00 GATE_SKIP id=OAFX0335 window=IS reason=SINGLE_SLEEVE_INFERIOR decision=SCREEN_OUT_SINGLE_SLEEVE net=78082.0 PF=1.2078 DD=25.7897%
2026-08-25T02:29:32+00:00 RUN_START id=OAFX0336 family=sca_gj_retest window=SCREEN_IS run=oafx_screen_is_oafx0336_20260825112932_75b886
2026-08-25T02:29:32+00:00 RUN_HEARTBEAT pid=34016 elapsed=0s
2026-08-25T02:30:34+00:00 RUN_HEARTBEAT pid=34016 elapsed=62s
2026-08-25T02:30:49+00:00 RUN_END id=OAFX0336 window=SCREEN_IS status=OK decision=SCREEN_OUT_SINGLE_SLEEVE elapsed=77.777s
2026-08-25T02:30:49+00:00 GATE_SKIP id=OAFX0336 window=IS reason=SINGLE_SLEEVE_INFERIOR decision=SCREEN_OUT_SINGLE_SLEEVE net=77115.0 PF=1.2011 DD=22.8531%
2026-08-25T02:30:49+00:00 RUN_START id=OAFX0337 family=sca_gj_retest window=SCREEN_IS run=oafx_screen_is_oafx0337_20260825113049_190438
2026-08-25T02:30:50+00:00 RUN_HEARTBEAT pid=37048 elapsed=0s
2026-08-25T02:31:52+00:00 RUN_HEARTBEAT pid=37048 elapsed=62s
2026-08-25T02:32:07+00:00 RUN_END id=OAFX0337 window=SCREEN_IS status=OK decision=SCREEN_OUT_SINGLE_SLEEVE elapsed=77.814s
2026-08-25T02:32:07+00:00 GATE_SKIP id=OAFX0337 window=IS reason=SINGLE_SLEEVE_INFERIOR decision=SCREEN_OUT_SINGLE_SLEEVE net=76153.0 PF=1.235 DD=22.0441%
2026-08-25T02:32:07+00:00 RUN_START id=OAFX0338 family=sca_gj_retest window=SCREEN_IS run=oafx_screen_is_oafx0338_20260825113207_2a880e
2026-08-25T02:32:08+00:00 RUN_HEARTBEAT pid=29344 elapsed=0s
2026-08-25T02:33:10+00:00 RUN_HEARTBEAT pid=29344 elapsed=62s
2026-08-25T02:33:25+00:00 RUN_END id=OAFX0338 window=SCREEN_IS status=OK decision=SCREEN_OUT_SINGLE_SLEEVE elapsed=77.833s
2026-08-25T02:33:25+00:00 GATE_SKIP id=OAFX0338 window=IS reason=SINGLE_SLEEVE_INFERIOR decision=SCREEN_OUT_SINGLE_SLEEVE net=69457.0 PF=1.1861 DD=27.2912%
2026-08-25T02:33:25+00:00 RUN_START id=OAFX0339 family=sca_gj_retest window=SCREEN_IS run=oafx_screen_is_oafx0339_20260825113325_890ade
2026-08-25T02:33:26+00:00 RUN_HEARTBEAT pid=21212 elapsed=0s
2026-08-25T02:34:27+00:00 RUN_HEARTBEAT pid=21212 elapsed=62s
2026-08-25T02:34:43+00:00 RUN_END id=OAFX0339 window=SCREEN_IS status=OK decision=SCREEN_OUT_SINGLE_SLEEVE elapsed=77.818s
2026-08-25T02:34:43+00:00 GATE_SKIP id=OAFX0339 window=IS reason=SINGLE_SLEEVE_INFERIOR decision=SCREEN_OUT_SINGLE_SLEEVE net=78082.0 PF=1.2078 DD=25.7897%
2026-08-25T02:34:43+00:00 RUN_START id=OAFX0340 family=sca_gj_retest window=SCREEN_IS run=oafx_screen_is_oafx0340_20260825113443_17159a
2026-08-25T02:34:44+00:00 RUN_HEARTBEAT pid=37068 elapsed=0s
2026-08-25T02:35:45+00:00 RUN_HEARTBEAT pid=37068 elapsed=62s
2026-08-25T02:36:01+00:00 RUN_END id=OAFX0340 window=SCREEN_IS status=OK decision=SCREEN_OUT_SINGLE_SLEEVE elapsed=77.824s
2026-08-25T02:36:01+00:00 GATE_SKIP id=OAFX0340 window=IS reason=SINGLE_SLEEVE_INFERIOR decision=SCREEN_OUT_SINGLE_SLEEVE net=77115.0 PF=1.2011 DD=22.8531%
2026-08-25T02:36:01+00:00 RUN_START id=OAFX0341 family=sca_gj_retest window=SCREEN_IS run=oafx_screen_is_oafx0341_20260825113601_7f095a
2026-08-25T02:36:01+00:00 RUN_HEARTBEAT pid=31968 elapsed=0s
2026-08-25T02:37:03+00:00 RUN_HEARTBEAT pid=31968 elapsed=62s
2026-08-25T02:37:18+00:00 RUN_END id=OAFX0341 window=SCREEN_IS status=OK decision=SCREEN_OUT_SINGLE_SLEEVE elapsed=77.855s
2026-08-25T02:37:18+00:00 GATE_SKIP id=OAFX0341 window=IS reason=SINGLE_SLEEVE_INFERIOR decision=SCREEN_OUT_SINGLE_SLEEVE net=80598.0 PF=1.2539 DD=20.4468%
2026-08-25T02:37:18+00:00 RUN_START id=OAFX0342 family=sca_gj_retest window=SCREEN_IS run=oafx_screen_is_oafx0342_20260825113718_5b625f
2026-08-25T02:37:19+00:00 RUN_HEARTBEAT pid=29928 elapsed=0s
2026-08-25T02:38:21+00:00 RUN_HEARTBEAT pid=29928 elapsed=62s
2026-08-25T02:38:36+00:00 RUN_END id=OAFX0342 window=SCREEN_IS status=OK decision=SCREEN_OUT_SINGLE_SLEEVE elapsed=77.774s
2026-08-25T02:38:36+00:00 GATE_SKIP id=OAFX0342 window=IS reason=SINGLE_SLEEVE_INFERIOR decision=SCREEN_OUT_SINGLE_SLEEVE net=69063.0 PF=1.1853 DD=27.2643%
2026-08-25T02:38:36+00:00 RUN_START id=OAFX0343 family=sca_gj_retest window=SCREEN_IS run=oafx_screen_is_oafx0343_20260825113836_4725c1
2026-08-25T02:38:37+00:00 RUN_HEARTBEAT pid=31388 elapsed=0s
2026-08-25T02:39:39+00:00 RUN_HEARTBEAT pid=31388 elapsed=62s
2026-08-25T02:39:54+00:00 RUN_END id=OAFX0343 window=SCREEN_IS status=OK decision=SCREEN_OUT_SINGLE_SLEEVE elapsed=77.803s
2026-08-25T02:39:54+00:00 GATE_SKIP id=OAFX0343 window=IS reason=SINGLE_SLEEVE_INFERIOR decision=SCREEN_OUT_SINGLE_SLEEVE net=78082.0 PF=1.2078 DD=25.7897%
2026-08-25T02:39:54+00:00 RUN_START id=OAFX0344 family=sca_gj_retest window=SCREEN_IS run=oafx_screen_is_oafx0344_20260825113954_a987ef
2026-08-25T02:39:55+00:00 RUN_HEARTBEAT pid=43512 elapsed=0s
2026-08-25T02:40:57+00:00 RUN_HEARTBEAT pid=43512 elapsed=62s
2026-08-25T02:41:12+00:00 RUN_END id=OAFX0344 window=SCREEN_IS status=OK decision=SCREEN_OUT_SINGLE_SLEEVE elapsed=77.814s
2026-08-25T02:41:12+00:00 GATE_SKIP id=OAFX0344 window=IS reason=SINGLE_SLEEVE_INFERIOR decision=SCREEN_OUT_SINGLE_SLEEVE net=77115.0 PF=1.2011 DD=22.8531%
2026-08-25T02:41:12+00:00 RUN_START id=OAFX0345 family=sca_gj_retest window=SCREEN_IS run=oafx_screen_is_oafx0345_20260825114112_2384e2
2026-08-25T02:41:13+00:00 RUN_HEARTBEAT pid=37988 elapsed=0s
2026-08-25T02:42:14+00:00 RUN_HEARTBEAT pid=37988 elapsed=62s
2026-08-25T02:42:30+00:00 RUN_END id=OAFX0345 window=SCREEN_IS status=OK decision=SCREEN_OUT_SINGLE_SLEEVE elapsed=77.853s
2026-08-25T02:42:30+00:00 GATE_SKIP id=OAFX0345 window=IS reason=SINGLE_SLEEVE_INFERIOR decision=SCREEN_OUT_SINGLE_SLEEVE net=80617.0 PF=1.2522 DD=20.4369%
2026-08-25T02:42:30+00:00 RUN_START id=OAFX0346 family=sca_gj_retest window=SCREEN_IS run=oafx_screen_is_oafx0346_20260825114230_8d62bf
2026-08-25T02:42:31+00:00 RUN_HEARTBEAT pid=16072 elapsed=0s
2026-08-25T02:43:32+00:00 RUN_HEARTBEAT pid=16072 elapsed=62s
2026-08-25T02:43:48+00:00 RUN_END id=OAFX0346 window=SCREEN_IS status=OK decision=SCREEN_OUT_SINGLE_SLEEVE elapsed=77.850s
2026-08-25T02:43:48+00:00 GATE_SKIP id=OAFX0346 window=IS reason=SINGLE_SLEEVE_INFERIOR decision=SCREEN_OUT_SINGLE_SLEEVE net=68564.0 PF=1.1837 DD=27.3668%
2026-08-25T02:43:48+00:00 RUN_START id=OAFX0347 family=sca_gj_retest window=SCREEN_IS run=oafx_screen_is_oafx0347_20260825114348_1628f7
2026-08-25T02:43:48+00:00 RUN_HEARTBEAT pid=34412 elapsed=0s
2026-08-25T02:44:50+00:00 RUN_HEARTBEAT pid=34412 elapsed=62s
2026-08-25T02:45:05+00:00 RUN_END id=OAFX0347 window=SCREEN_IS status=OK decision=SCREEN_OUT_SINGLE_SLEEVE elapsed=77.833s
2026-08-25T02:45:05+00:00 GATE_SKIP id=OAFX0347 window=IS reason=SINGLE_SLEEVE_INFERIOR decision=SCREEN_OUT_SINGLE_SLEEVE net=78082.0 PF=1.2078 DD=25.7897%
2026-08-25T02:45:05+00:00 RUN_START id=OAFX0348 family=sca_gj_retest window=SCREEN_IS run=oafx_screen_is_oafx0348_20260825114505_f1d5e7
2026-08-25T02:45:06+00:00 RUN_HEARTBEAT pid=41032 elapsed=0s
2026-08-25T02:46:08+00:00 RUN_HEARTBEAT pid=41032 elapsed=62s
2026-08-25T02:46:23+00:00 RUN_END id=OAFX0348 window=SCREEN_IS status=OK decision=SCREEN_OUT_SINGLE_SLEEVE elapsed=77.775s
2026-08-25T02:46:23+00:00 GATE_SKIP id=OAFX0348 window=IS reason=SINGLE_SLEEVE_INFERIOR decision=SCREEN_OUT_SINGLE_SLEEVE net=77115.0 PF=1.2011 DD=22.8531%
2026-08-25T02:46:23+00:00 RUN_START id=OAFX0349 family=sca_gj_retest window=SCREEN_IS run=oafx_screen_is_oafx0349_20260825114623_30d04f
2026-08-25T02:46:24+00:00 RUN_HEARTBEAT pid=30160 elapsed=0s
2026-08-25T02:47:26+00:00 RUN_HEARTBEAT pid=30160 elapsed=62s
2026-08-25T02:47:41+00:00 RUN_END id=OAFX0349 window=SCREEN_IS status=OK decision=SCREEN_OUT_SINGLE_SLEEVE elapsed=77.801s
2026-08-25T02:47:41+00:00 GATE_SKIP id=OAFX0349 window=IS reason=SINGLE_SLEEVE_INFERIOR decision=SCREEN_OUT_SINGLE_SLEEVE net=76153.0 PF=1.235 DD=22.0441%
2026-08-25T02:47:41+00:00 RUN_START id=OAFX0350 family=sca_gj_retest window=SCREEN_IS run=oafx_screen_is_oafx0350_20260825114741_4afcca
2026-08-25T02:47:42+00:00 RUN_HEARTBEAT pid=7776 elapsed=0s
2026-08-25T02:48:43+00:00 RUN_HEARTBEAT pid=7776 elapsed=62s
2026-08-25T02:48:59+00:00 RUN_END id=OAFX0350 window=SCREEN_IS status=OK decision=SCREEN_OUT_SINGLE_SLEEVE elapsed=77.861s
2026-08-25T02:48:59+00:00 GATE_SKIP id=OAFX0350 window=IS reason=SINGLE_SLEEVE_INFERIOR decision=SCREEN_OUT_SINGLE_SLEEVE net=70087.0 PF=1.1877 DD=27.2009%
2026-08-25T02:48:59+00:00 RUN_START id=OAFX0351 family=sca_gj_retest window=SCREEN_IS run=oafx_screen_is_oafx0351_20260825114859_c7eaf5
2026-08-25T02:49:00+00:00 RUN_HEARTBEAT pid=39956 elapsed=0s
2026-08-25T02:50:01+00:00 RUN_HEARTBEAT pid=39956 elapsed=62s
2026-08-25T02:50:17+00:00 RUN_END id=OAFX0351 window=SCREEN_IS status=OK decision=SCREEN_OUT_SINGLE_SLEEVE elapsed=77.755s
2026-08-25T02:50:17+00:00 GATE_SKIP id=OAFX0351 window=IS reason=SINGLE_SLEEVE_INFERIOR decision=SCREEN_OUT_SINGLE_SLEEVE net=78082.0 PF=1.2078 DD=25.7897%
2026-08-25T02:50:17+00:00 RUN_START id=OAFX0352 family=sca_gj_retest window=SCREEN_IS run=oafx_screen_is_oafx0352_20260825115017_793b98
2026-08-25T02:50:17+00:00 RUN_HEARTBEAT pid=29672 elapsed=0s
2026-08-25T02:51:19+00:00 RUN_HEARTBEAT pid=29672 elapsed=62s
2026-08-25T02:51:34+00:00 RUN_END id=OAFX0352 window=SCREEN_IS status=OK decision=SCREEN_OUT_SINGLE_SLEEVE elapsed=77.792s
2026-08-25T02:51:34+00:00 GATE_SKIP id=OAFX0352 window=IS reason=SINGLE_SLEEVE_INFERIOR decision=SCREEN_OUT_SINGLE_SLEEVE net=77115.0 PF=1.2011 DD=22.8531%
2026-08-25T02:51:34+00:00 RUN_START id=OAFX0353 family=sca_gj_retest window=SCREEN_IS run=oafx_screen_is_oafx0353_20260825115134_284ffe
2026-08-25T02:51:35+00:00 RUN_HEARTBEAT pid=45892 elapsed=0s
2026-08-25T02:52:37+00:00 RUN_HEARTBEAT pid=45892 elapsed=62s
2026-08-25T02:52:52+00:00 RUN_END id=OAFX0353 window=SCREEN_IS status=OK decision=SCREEN_OUT_SINGLE_SLEEVE elapsed=77.981s
2026-08-25T02:52:52+00:00 GATE_SKIP id=OAFX0353 window=IS reason=SINGLE_SLEEVE_INFERIOR decision=SCREEN_OUT_SINGLE_SLEEVE net=76153.0 PF=1.235 DD=22.0441%
2026-08-25T02:52:52+00:00 RUN_START id=OAFX0354 family=sca_gj_retest window=SCREEN_IS run=oafx_screen_is_oafx0354_20260825115252_445bc9
2026-08-25T02:52:53+00:00 RUN_HEARTBEAT pid=38672 elapsed=0s
2026-08-25T02:53:55+00:00 RUN_HEARTBEAT pid=38672 elapsed=62s
2026-08-25T02:54:10+00:00 RUN_END id=OAFX0354 window=SCREEN_IS status=OK decision=SCREEN_OUT_SINGLE_SLEEVE elapsed=77.834s
2026-08-25T02:54:10+00:00 GATE_SKIP id=OAFX0354 window=IS reason=SINGLE_SLEEVE_INFERIOR decision=SCREEN_OUT_SINGLE_SLEEVE net=69457.0 PF=1.1861 DD=27.2912%
2026-08-25T02:54:10+00:00 RUN_START id=OAFX0355 family=sca_gj_retest window=SCREEN_IS run=oafx_screen_is_oafx0355_20260825115410_e15069
2026-08-25T02:54:11+00:00 RUN_HEARTBEAT pid=31388 elapsed=0s
2026-08-25T02:55:13+00:00 RUN_HEARTBEAT pid=31388 elapsed=62s
2026-08-25T02:55:28+00:00 RUN_END id=OAFX0355 window=SCREEN_IS status=OK decision=SCREEN_OUT_SINGLE_SLEEVE elapsed=77.866s
2026-08-25T02:55:28+00:00 GATE_SKIP id=OAFX0355 window=IS reason=SINGLE_SLEEVE_INFERIOR decision=SCREEN_OUT_SINGLE_SLEEVE net=78082.0 PF=1.2078 DD=25.7897%
2026-08-25T02:55:28+00:00 RUN_START id=OAFX0356 family=sca_gj_retest window=SCREEN_IS run=oafx_screen_is_oafx0356_20260825115528_4a094c
2026-08-25T02:55:29+00:00 RUN_HEARTBEAT pid=28540 elapsed=0s
2026-08-25T02:56:31+00:00 RUN_HEARTBEAT pid=28540 elapsed=62s
2026-08-25T02:56:46+00:00 RUN_END id=OAFX0356 window=SCREEN_IS status=OK decision=SCREEN_OUT_SINGLE_SLEEVE elapsed=77.848s
2026-08-25T02:56:46+00:00 GATE_SKIP id=OAFX0356 window=IS reason=SINGLE_SLEEVE_INFERIOR decision=SCREEN_OUT_SINGLE_SLEEVE net=77115.0 PF=1.2011 DD=22.8531%
2026-08-25T02:56:46+00:00 RUN_START id=OAFX0357 family=sca_gj_retest window=SCREEN_IS run=oafx_screen_is_oafx0357_20260825115646_bf5d90
2026-08-25T02:56:47+00:00 RUN_HEARTBEAT pid=15712 elapsed=0s
2026-08-25T02:57:48+00:00 RUN_HEARTBEAT pid=15712 elapsed=62s
2026-08-25T02:58:04+00:00 RUN_END id=OAFX0357 window=SCREEN_IS status=OK decision=SCREEN_OUT_SINGLE_SLEEVE elapsed=77.823s
2026-08-25T02:58:04+00:00 GATE_SKIP id=OAFX0357 window=IS reason=SINGLE_SLEEVE_INFERIOR decision=SCREEN_OUT_SINGLE_SLEEVE net=76153.0 PF=1.235 DD=22.0441%
2026-08-25T02:58:04+00:00 RUN_START id=OAFX0358 family=sca_gj_retest window=SCREEN_IS run=oafx_screen_is_oafx0358_20260825115804_096fb5
2026-08-25T02:58:05+00:00 RUN_HEARTBEAT pid=13884 elapsed=0s
2026-08-25T02:59:06+00:00 RUN_HEARTBEAT pid=13884 elapsed=62s
2026-08-25T02:59:22+00:00 RUN_END id=OAFX0358 window=SCREEN_IS status=OK decision=SCREEN_OUT_SINGLE_SLEEVE elapsed=77.875s
2026-08-25T02:59:22+00:00 GATE_SKIP id=OAFX0358 window=IS reason=SINGLE_SLEEVE_INFERIOR decision=SCREEN_OUT_SINGLE_SLEEVE net=69457.0 PF=1.1861 DD=27.2912%
2026-08-25T02:59:22+00:00 RUN_START id=OAFX0359 family=sca_gj_retest window=SCREEN_IS run=oafx_screen_is_oafx0359_20260825115922_81f816
2026-08-25T02:59:22+00:00 RUN_HEARTBEAT pid=35640 elapsed=0s
2026-08-25T03:00:24+00:00 RUN_HEARTBEAT pid=35640 elapsed=62s
2026-08-25T03:00:39+00:00 RUN_END id=OAFX0359 window=SCREEN_IS status=OK decision=SCREEN_OUT_SINGLE_SLEEVE elapsed=77.757s
2026-08-25T03:00:39+00:00 GATE_SKIP id=OAFX0359 window=IS reason=SINGLE_SLEEVE_INFERIOR decision=SCREEN_OUT_SINGLE_SLEEVE net=78082.0 PF=1.2078 DD=25.7897%
2026-08-25T03:00:39+00:00 RUN_START id=OAFX0360 family=sca_gj_retest window=SCREEN_IS run=oafx_screen_is_oafx0360_20260825120039_d9d086
2026-08-25T03:00:40+00:00 RUN_HEARTBEAT pid=40316 elapsed=0s
2026-08-25T03:01:42+00:00 RUN_HEARTBEAT pid=40316 elapsed=62s
2026-08-25T03:01:57+00:00 RUN_END id=OAFX0360 window=SCREEN_IS status=OK decision=SCREEN_OUT_SINGLE_SLEEVE elapsed=77.834s
2026-08-25T03:01:57+00:00 GATE_SKIP id=OAFX0360 window=IS reason=SINGLE_SLEEVE_INFERIOR decision=SCREEN_OUT_SINGLE_SLEEVE net=77115.0 PF=1.2011 DD=22.8531%
2026-08-25T03:01:57+00:00 RUN_START id=OAFX0361 family=sca_gj_retest window=SCREEN_IS run=oafx_screen_is_oafx0361_20260825120157_3ca063
2026-08-25T03:01:58+00:00 RUN_HEARTBEAT pid=3716 elapsed=0s
2026-08-25T03:03:00+00:00 RUN_HEARTBEAT pid=3716 elapsed=62s
2026-08-25T03:03:15+00:00 RUN_END id=OAFX0361 window=SCREEN_IS status=OK decision=SCREEN_OUT_SINGLE_SLEEVE elapsed=77.850s
2026-08-25T03:03:15+00:00 GATE_SKIP id=OAFX0361 window=IS reason=SINGLE_SLEEVE_INFERIOR decision=SCREEN_OUT_SINGLE_SLEEVE net=80178.0 PF=1.2525 DD=20.4934%
2026-08-25T03:03:15+00:00 RUN_START id=OAFX0362 family=sca_gj_retest window=SCREEN_IS run=oafx_screen_is_oafx0362_20260825120315_cc1ad4
2026-08-25T03:03:16+00:00 RUN_HEARTBEAT pid=6652 elapsed=0s
2026-08-25T03:04:18+00:00 RUN_HEARTBEAT pid=6652 elapsed=62s
2026-08-25T03:04:33+00:00 RUN_END id=OAFX0362 window=SCREEN_IS status=OK decision=SCREEN_OUT_SINGLE_SLEEVE elapsed=77.894s
2026-08-25T03:04:33+00:00 GATE_SKIP id=OAFX0362 window=IS reason=SINGLE_SLEEVE_INFERIOR decision=SCREEN_OUT_SINGLE_SLEEVE net=69063.0 PF=1.1853 DD=27.2643%
2026-08-25T03:04:33+00:00 RUN_START id=OAFX0363 family=sca_gj_retest window=SCREEN_IS run=oafx_screen_is_oafx0363_20260825120433_2d8ab7
2026-08-25T03:04:34+00:00 RUN_HEARTBEAT pid=18180 elapsed=0s
2026-08-25T03:05:35+00:00 RUN_HEARTBEAT pid=18180 elapsed=62s
2026-08-25T03:05:51+00:00 RUN_END id=OAFX0363 window=SCREEN_IS status=OK decision=SCREEN_OUT_SINGLE_SLEEVE elapsed=77.833s
2026-08-25T03:05:51+00:00 GATE_SKIP id=OAFX0363 window=IS reason=SINGLE_SLEEVE_INFERIOR decision=SCREEN_OUT_SINGLE_SLEEVE net=78082.0 PF=1.2078 DD=25.7897%
2026-08-25T03:05:51+00:00 RUN_START id=OAFX0364 family=sca_gj_retest window=SCREEN_IS run=oafx_screen_is_oafx0364_20260825120551_b48034
2026-08-25T03:05:52+00:00 RUN_HEARTBEAT pid=26876 elapsed=0s
2026-08-25T03:06:53+00:00 RUN_HEARTBEAT pid=26876 elapsed=62s
2026-08-25T03:07:09+00:00 RUN_END id=OAFX0364 window=SCREEN_IS status=OK decision=SCREEN_OUT_SINGLE_SLEEVE elapsed=77.842s
2026-08-25T03:07:09+00:00 GATE_SKIP id=OAFX0364 window=IS reason=SINGLE_SLEEVE_INFERIOR decision=SCREEN_OUT_SINGLE_SLEEVE net=77115.0 PF=1.2011 DD=22.8531%
2026-08-25T03:07:09+00:00 RUN_START id=OAFX0365 family=sca_gj_retest window=SCREEN_IS run=oafx_screen_is_oafx0365_20260825120709_925ac1
2026-08-25T03:07:10+00:00 RUN_HEARTBEAT pid=15196 elapsed=0s
2026-08-25T03:08:11+00:00 RUN_HEARTBEAT pid=15196 elapsed=62s
2026-08-25T03:08:27+00:00 RUN_END id=OAFX0365 window=SCREEN_IS status=OK decision=SCREEN_OUT_SINGLE_SLEEVE elapsed=77.919s
2026-08-25T03:08:27+00:00 GATE_SKIP id=OAFX0365 window=IS reason=SINGLE_SLEEVE_INFERIOR decision=SCREEN_OUT_SINGLE_SLEEVE net=80670.0 PF=1.2524 DD=20.4311%
2026-08-25T03:08:27+00:00 RUN_START id=OAFX0366 family=sca_gj_retest window=SCREEN_IS run=oafx_screen_is_oafx0366_20260825120827_00e12f
2026-08-25T03:08:27+00:00 RUN_HEARTBEAT pid=15712 elapsed=0s
2026-08-25T03:09:29+00:00 RUN_HEARTBEAT pid=15712 elapsed=62s
2026-08-25T03:09:45+00:00 RUN_END id=OAFX0366 window=SCREEN_IS status=OK decision=SCREEN_OUT_SINGLE_SLEEVE elapsed=77.909s
2026-08-25T03:09:45+00:00 GATE_SKIP id=OAFX0366 window=IS reason=SINGLE_SLEEVE_INFERIOR decision=SCREEN_OUT_SINGLE_SLEEVE net=68564.0 PF=1.1837 DD=27.3668%
2026-08-25T03:09:45+00:00 RUN_START id=OAFX0367 family=sca_gj_retest window=SCREEN_IS run=oafx_screen_is_oafx0367_20260825120945_fbfe2b
2026-08-25T03:09:45+00:00 RUN_HEARTBEAT pid=29384 elapsed=0s
2026-08-25T03:10:47+00:00 RUN_HEARTBEAT pid=29384 elapsed=62s
2026-08-25T03:11:02+00:00 RUN_END id=OAFX0367 window=SCREEN_IS status=OK decision=SCREEN_OUT_SINGLE_SLEEVE elapsed=77.857s
2026-08-25T03:11:02+00:00 GATE_SKIP id=OAFX0367 window=IS reason=SINGLE_SLEEVE_INFERIOR decision=SCREEN_OUT_SINGLE_SLEEVE net=78082.0 PF=1.2078 DD=25.7897%
2026-08-25T03:11:02+00:00 RUN_START id=OAFX0368 family=sca_gj_retest window=SCREEN_IS run=oafx_screen_is_oafx0368_20260825121102_5e1c1e
2026-08-25T03:11:03+00:00 RUN_HEARTBEAT pid=39332 elapsed=0s
2026-08-25T03:12:05+00:00 RUN_HEARTBEAT pid=39332 elapsed=62s
2026-08-25T03:12:20+00:00 RUN_END id=OAFX0368 window=SCREEN_IS status=OK decision=SCREEN_OUT_SINGLE_SLEEVE elapsed=77.850s
2026-08-25T03:12:20+00:00 GATE_SKIP id=OAFX0368 window=IS reason=SINGLE_SLEEVE_INFERIOR decision=SCREEN_OUT_SINGLE_SLEEVE net=77115.0 PF=1.2011 DD=22.8531%
2026-08-25T03:12:20+00:00 RUN_START id=OAFX0369 family=sca_gj_retest window=SCREEN_IS run=oafx_screen_is_oafx0369_20260825121220_38b356
2026-08-25T03:12:21+00:00 RUN_HEARTBEAT pid=32224 elapsed=0s
2026-08-25T03:13:23+00:00 RUN_HEARTBEAT pid=32224 elapsed=62s
2026-08-25T03:13:38+00:00 RUN_END id=OAFX0369 window=SCREEN_IS status=OK decision=SCREEN_OUT_SINGLE_SLEEVE elapsed=77.814s
2026-08-25T03:13:38+00:00 GATE_SKIP id=OAFX0369 window=IS reason=SINGLE_SLEEVE_INFERIOR decision=SCREEN_OUT_SINGLE_SLEEVE net=76153.0 PF=1.235 DD=22.0441%
2026-08-25T03:13:38+00:00 RUN_START id=OAFX0370 family=sca_gj_retest window=SCREEN_IS run=oafx_screen_is_oafx0370_20260825121338_5399c7
2026-08-25T03:13:39+00:00 RUN_HEARTBEAT pid=13864 elapsed=0s
2026-08-25T03:14:41+00:00 RUN_HEARTBEAT pid=13864 elapsed=62s
2026-08-25T03:14:56+00:00 RUN_END id=OAFX0370 window=SCREEN_IS status=OK decision=SCREEN_OUT_SINGLE_SLEEVE elapsed=77.832s
2026-08-25T03:14:56+00:00 GATE_SKIP id=OAFX0370 window=IS reason=SINGLE_SLEEVE_INFERIOR decision=SCREEN_OUT_SINGLE_SLEEVE net=70087.0 PF=1.1877 DD=27.2009%
2026-08-25T03:14:56+00:00 RUN_START id=OAFX0371 family=sca_gj_retest window=SCREEN_IS run=oafx_screen_is_oafx0371_20260825121456_90877e
2026-08-25T03:14:57+00:00 RUN_HEARTBEAT pid=42420 elapsed=0s
2026-08-25T03:15:58+00:00 RUN_HEARTBEAT pid=42420 elapsed=62s
2026-08-25T03:16:14+00:00 RUN_END id=OAFX0371 window=SCREEN_IS status=OK decision=SCREEN_OUT_SINGLE_SLEEVE elapsed=77.821s
2026-08-25T03:16:14+00:00 GATE_SKIP id=OAFX0371 window=IS reason=SINGLE_SLEEVE_INFERIOR decision=SCREEN_OUT_SINGLE_SLEEVE net=78082.0 PF=1.2078 DD=25.7897%
2026-08-25T03:16:14+00:00 RUN_START id=OAFX0372 family=sca_gj_retest window=SCREEN_IS run=oafx_screen_is_oafx0372_20260825121614_6e75fb
2026-08-25T03:16:15+00:00 RUN_HEARTBEAT pid=44976 elapsed=0s
2026-08-25T03:17:16+00:00 RUN_HEARTBEAT pid=44976 elapsed=62s
2026-08-25T03:17:32+00:00 RUN_END id=OAFX0372 window=SCREEN_IS status=OK decision=SCREEN_OUT_SINGLE_SLEEVE elapsed=77.806s
2026-08-25T03:17:32+00:00 GATE_SKIP id=OAFX0372 window=IS reason=SINGLE_SLEEVE_INFERIOR decision=SCREEN_OUT_SINGLE_SLEEVE net=77115.0 PF=1.2011 DD=22.8531%
2026-08-25T03:17:32+00:00 RUN_START id=OAFX0373 family=sca_gj_retest window=SCREEN_IS run=oafx_screen_is_oafx0373_20260825121732_df5e85
2026-08-25T03:17:32+00:00 RUN_HEARTBEAT pid=42688 elapsed=0s
2026-08-25T03:18:34+00:00 RUN_HEARTBEAT pid=42688 elapsed=62s
2026-08-25T03:18:49+00:00 RUN_END id=OAFX0373 window=SCREEN_IS status=OK decision=SCREEN_OUT_SINGLE_SLEEVE elapsed=77.814s
2026-08-25T03:18:49+00:00 GATE_SKIP id=OAFX0373 window=IS reason=SINGLE_SLEEVE_INFERIOR decision=SCREEN_OUT_SINGLE_SLEEVE net=76153.0 PF=1.235 DD=22.0441%
2026-08-25T03:18:49+00:00 RUN_START id=OAFX0374 family=sca_gj_retest window=SCREEN_IS run=oafx_screen_is_oafx0374_20260825121849_e4a5a7
2026-08-25T03:18:50+00:00 RUN_HEARTBEAT pid=13508 elapsed=0s
2026-08-25T03:19:52+00:00 RUN_HEARTBEAT pid=13508 elapsed=62s
2026-08-25T03:20:07+00:00 RUN_END id=OAFX0374 window=SCREEN_IS status=OK decision=SCREEN_OUT_SINGLE_SLEEVE elapsed=77.823s
2026-08-25T03:20:07+00:00 GATE_SKIP id=OAFX0374 window=IS reason=SINGLE_SLEEVE_INFERIOR decision=SCREEN_OUT_SINGLE_SLEEVE net=69457.0 PF=1.1861 DD=27.2912%
2026-08-25T03:20:07+00:00 RUN_START id=OAFX0375 family=sca_gj_retest window=SCREEN_IS run=oafx_screen_is_oafx0375_20260825122007_5e4986
2026-08-25T03:20:08+00:00 RUN_HEARTBEAT pid=26644 elapsed=0s
2026-08-25T03:21:10+00:00 RUN_HEARTBEAT pid=26644 elapsed=62s
2026-08-25T03:21:25+00:00 RUN_END id=OAFX0375 window=SCREEN_IS status=OK decision=SCREEN_OUT_SINGLE_SLEEVE elapsed=77.775s
2026-08-25T03:21:25+00:00 GATE_SKIP id=OAFX0375 window=IS reason=SINGLE_SLEEVE_INFERIOR decision=SCREEN_OUT_SINGLE_SLEEVE net=78082.0 PF=1.2078 DD=25.7897%
2026-08-25T03:21:25+00:00 RUN_START id=OAFX0376 family=sca_gj_retest window=SCREEN_IS run=oafx_screen_is_oafx0376_20260825122125_22ba66
2026-08-25T03:21:26+00:00 RUN_HEARTBEAT pid=11152 elapsed=0s
2026-08-25T03:22:27+00:00 RUN_HEARTBEAT pid=11152 elapsed=62s
2026-08-25T03:22:43+00:00 RUN_END id=OAFX0376 window=SCREEN_IS status=OK decision=SCREEN_OUT_SINGLE_SLEEVE elapsed=77.807s
2026-08-25T03:22:43+00:00 GATE_SKIP id=OAFX0376 window=IS reason=SINGLE_SLEEVE_INFERIOR decision=SCREEN_OUT_SINGLE_SLEEVE net=77115.0 PF=1.2011 DD=22.8531%
2026-08-25T03:22:43+00:00 RUN_START id=OAFX0377 family=sca_gj_retest window=SCREEN_IS run=oafx_screen_is_oafx0377_20260825122243_1eb98f
2026-08-25T03:22:44+00:00 RUN_HEARTBEAT pid=21152 elapsed=0s
2026-08-25T03:23:45+00:00 RUN_HEARTBEAT pid=21152 elapsed=62s
2026-08-25T03:24:01+00:00 RUN_END id=OAFX0377 window=SCREEN_IS status=OK decision=SCREEN_OUT_SINGLE_SLEEVE elapsed=77.787s
2026-08-25T03:24:01+00:00 GATE_SKIP id=OAFX0377 window=IS reason=SINGLE_SLEEVE_INFERIOR decision=SCREEN_OUT_SINGLE_SLEEVE net=76153.0 PF=1.235 DD=22.0441%
2026-08-25T03:24:01+00:00 RUN_START id=OAFX0378 family=sca_gj_retest window=SCREEN_IS run=oafx_screen_is_oafx0378_20260825122401_76364b
2026-08-25T03:24:01+00:00 RUN_HEARTBEAT pid=46004 elapsed=0s
2026-08-25T03:25:03+00:00 RUN_HEARTBEAT pid=46004 elapsed=62s
2026-08-25T03:25:18+00:00 RUN_END id=OAFX0378 window=SCREEN_IS status=OK decision=SCREEN_OUT_SINGLE_SLEEVE elapsed=77.829s
2026-08-25T03:25:18+00:00 GATE_SKIP id=OAFX0378 window=IS reason=SINGLE_SLEEVE_INFERIOR decision=SCREEN_OUT_SINGLE_SLEEVE net=69457.0 PF=1.1861 DD=27.2912%
2026-08-25T03:25:18+00:00 RUN_START id=OAFX0379 family=sca_gj_retest window=SCREEN_IS run=oafx_screen_is_oafx0379_20260825122518_8972ea
2026-08-25T03:25:19+00:00 RUN_HEARTBEAT pid=45408 elapsed=0s
2026-08-25T03:26:21+00:00 RUN_HEARTBEAT pid=45408 elapsed=62s
2026-08-25T03:26:36+00:00 RUN_END id=OAFX0379 window=SCREEN_IS status=OK decision=SCREEN_OUT_SINGLE_SLEEVE elapsed=77.773s
2026-08-25T03:26:36+00:00 GATE_SKIP id=OAFX0379 window=IS reason=SINGLE_SLEEVE_INFERIOR decision=SCREEN_OUT_SINGLE_SLEEVE net=78082.0 PF=1.2078 DD=25.7897%
2026-08-25T03:26:36+00:00 RUN_START id=OAFX0380 family=sca_gj_retest window=SCREEN_IS run=oafx_screen_is_oafx0380_20260825122636_32677a
2026-08-25T03:26:37+00:00 RUN_HEARTBEAT pid=44712 elapsed=0s
2026-08-25T03:27:39+00:00 RUN_HEARTBEAT pid=44712 elapsed=62s
2026-08-25T03:27:54+00:00 RUN_END id=OAFX0380 window=SCREEN_IS status=OK decision=SCREEN_OUT_SINGLE_SLEEVE elapsed=77.801s
2026-08-25T03:27:54+00:00 GATE_SKIP id=OAFX0380 window=IS reason=SINGLE_SLEEVE_INFERIOR decision=SCREEN_OUT_SINGLE_SLEEVE net=77115.0 PF=1.2011 DD=22.8531%
2026-08-25T03:27:54+00:00 RUN_START id=OAFX0381 family=sca_gj_retest window=SCREEN_IS run=oafx_screen_is_oafx0381_20260825122754_afcfa4
2026-08-25T03:27:55+00:00 RUN_HEARTBEAT pid=31052 elapsed=0s
2026-08-25T03:28:56+00:00 RUN_HEARTBEAT pid=31052 elapsed=62s
2026-08-25T03:29:12+00:00 RUN_END id=OAFX0381 window=SCREEN_IS status=OK decision=SCREEN_OUT_SINGLE_SLEEVE elapsed=77.835s
2026-08-25T03:29:12+00:00 GATE_SKIP id=OAFX0381 window=IS reason=SINGLE_SLEEVE_INFERIOR decision=SCREEN_OUT_SINGLE_SLEEVE net=81443.0 PF=1.2556 DD=20.3537%
2026-08-25T03:29:12+00:00 RUN_START id=OAFX0382 family=sca_gj_retest window=SCREEN_IS run=oafx_screen_is_oafx0382_20260825122912_5283c8
2026-08-25T03:29:13+00:00 RUN_HEARTBEAT pid=30260 elapsed=0s
2026-08-25T03:30:14+00:00 RUN_HEARTBEAT pid=30260 elapsed=62s
2026-08-25T03:30:30+00:00 RUN_END id=OAFX0382 window=SCREEN_IS status=OK decision=SCREEN_OUT_SINGLE_SLEEVE elapsed=77.798s
2026-08-25T03:30:30+00:00 GATE_SKIP id=OAFX0382 window=IS reason=SINGLE_SLEEVE_INFERIOR decision=SCREEN_OUT_SINGLE_SLEEVE net=69568.0 PF=1.1864 DD=27.2327%
2026-08-25T03:30:30+00:00 RUN_START id=OAFX0383 family=sca_gj_retest window=SCREEN_IS run=oafx_screen_is_oafx0383_20260825123030_c04644
2026-08-25T03:30:30+00:00 RUN_HEARTBEAT pid=13736 elapsed=0s
2026-08-25T03:31:32+00:00 RUN_HEARTBEAT pid=13736 elapsed=62s
2026-08-25T03:31:47+00:00 RUN_END id=OAFX0383 window=SCREEN_IS status=OK decision=SCREEN_OUT_SINGLE_SLEEVE elapsed=77.792s
2026-08-25T03:31:47+00:00 GATE_SKIP id=OAFX0383 window=IS reason=SINGLE_SLEEVE_INFERIOR decision=SCREEN_OUT_SINGLE_SLEEVE net=78082.0 PF=1.2078 DD=25.7897%
2026-08-25T03:31:47+00:00 RUN_START id=OAFX0384 family=sca_gj_retest window=SCREEN_IS run=oafx_screen_is_oafx0384_20260825123147_f3ee69
2026-08-25T03:31:48+00:00 RUN_HEARTBEAT pid=41672 elapsed=0s
2026-08-25T03:32:50+00:00 RUN_HEARTBEAT pid=41672 elapsed=62s
2026-08-25T03:33:05+00:00 RUN_END id=OAFX0384 window=SCREEN_IS status=OK decision=SCREEN_OUT_SINGLE_SLEEVE elapsed=77.824s
2026-08-25T03:33:05+00:00 GATE_SKIP id=OAFX0384 window=IS reason=SINGLE_SLEEVE_INFERIOR decision=SCREEN_OUT_SINGLE_SLEEVE net=77115.0 PF=1.2011 DD=22.8531%
2026-08-25T03:33:05+00:00 RUN_START id=OAFX0385 family=sca_gj_retest window=SCREEN_IS run=oafx_screen_is_oafx0385_20260825123305_13b533
2026-08-25T03:33:06+00:00 RUN_HEARTBEAT pid=21792 elapsed=0s
2026-08-25T03:34:08+00:00 RUN_HEARTBEAT pid=21792 elapsed=62s
2026-08-25T03:34:23+00:00 RUN_END id=OAFX0385 window=SCREEN_IS status=OK decision=SCREEN_OUT_SINGLE_SLEEVE elapsed=77.840s
2026-08-25T03:34:23+00:00 GATE_SKIP id=OAFX0385 window=IS reason=SINGLE_SLEEVE_INFERIOR decision=SCREEN_OUT_SINGLE_SLEEVE net=80652.0 PF=1.2524 DD=20.433%
2026-08-25T03:34:23+00:00 RUN_START id=OAFX0386 family=sca_gj_retest window=SCREEN_IS run=oafx_screen_is_oafx0386_20260825123423_129c98
2026-08-25T03:34:24+00:00 RUN_HEARTBEAT pid=30480 elapsed=0s
2026-08-25T03:35:26+00:00 RUN_HEARTBEAT pid=30480 elapsed=62s
2026-08-25T03:35:41+00:00 RUN_END id=OAFX0386 window=SCREEN_IS status=OK decision=SCREEN_OUT_SINGLE_SLEEVE elapsed=77.853s
2026-08-25T03:35:41+00:00 GATE_SKIP id=OAFX0386 window=IS reason=SINGLE_SLEEVE_INFERIOR decision=SCREEN_OUT_SINGLE_SLEEVE net=69489.0 PF=1.1862 DD=27.2744%
2026-08-25T03:35:41+00:00 RUN_START id=OAFX0387 family=sca_gj_retest window=SCREEN_IS run=oafx_screen_is_oafx0387_20260825123541_d65526
2026-08-25T03:35:42+00:00 RUN_HEARTBEAT pid=17528 elapsed=0s
2026-08-25T03:36:43+00:00 RUN_HEARTBEAT pid=17528 elapsed=62s
2026-08-25T03:36:59+00:00 RUN_END id=OAFX0387 window=SCREEN_IS status=OK decision=SCREEN_OUT_SINGLE_SLEEVE elapsed=77.781s
2026-08-25T03:36:59+00:00 GATE_SKIP id=OAFX0387 window=IS reason=SINGLE_SLEEVE_INFERIOR decision=SCREEN_OUT_SINGLE_SLEEVE net=78082.0 PF=1.2078 DD=25.7897%
2026-08-25T03:36:59+00:00 RUN_START id=OAFX0388 family=sca_gj_retest window=SCREEN_IS run=oafx_screen_is_oafx0388_20260825123659_a2e29b
2026-08-25T03:37:00+00:00 RUN_HEARTBEAT pid=28044 elapsed=0s
2026-08-25T03:38:01+00:00 RUN_HEARTBEAT pid=28044 elapsed=62s
2026-08-25T03:38:17+00:00 RUN_END id=OAFX0388 window=SCREEN_IS status=OK decision=SCREEN_OUT_SINGLE_SLEEVE elapsed=77.834s
2026-08-25T03:38:17+00:00 GATE_SKIP id=OAFX0388 window=IS reason=SINGLE_SLEEVE_INFERIOR decision=SCREEN_OUT_SINGLE_SLEEVE net=77115.0 PF=1.2011 DD=22.8531%
2026-08-25T03:38:17+00:00 RUN_START id=OAFX0389 family=sca_gj_retest window=SCREEN_IS run=oafx_screen_is_oafx0389_20260825123817_444afe
2026-08-25T03:38:17+00:00 RUN_HEARTBEAT pid=22696 elapsed=0s
2026-08-25T03:39:19+00:00 RUN_HEARTBEAT pid=22696 elapsed=62s
2026-08-25T03:39:34+00:00 RUN_END id=OAFX0389 window=SCREEN_IS status=OK decision=SCREEN_OUT_SINGLE_SLEEVE elapsed=77.842s
2026-08-25T03:39:34+00:00 GATE_SKIP id=OAFX0389 window=IS reason=SINGLE_SLEEVE_INFERIOR decision=SCREEN_OUT_SINGLE_SLEEVE net=76153.0 PF=1.235 DD=22.0441%
2026-08-25T03:39:34+00:00 RUN_START id=OAFX0390 family=sca_gj_retest window=SCREEN_IS run=oafx_screen_is_oafx0390_20260825123934_074652
2026-08-25T03:39:35+00:00 RUN_HEARTBEAT pid=23488 elapsed=0s
2026-08-25T03:40:37+00:00 RUN_HEARTBEAT pid=23488 elapsed=62s
2026-08-25T03:41:08+00:00 RUN_END id=OAFX0390 window=SCREEN_IS status=OK decision=SCREEN_OUT_SINGLE_SLEEVE elapsed=93.147s
2026-08-25T03:41:08+00:00 GATE_SKIP id=OAFX0390 window=IS reason=SINGLE_SLEEVE_INFERIOR decision=SCREEN_OUT_SINGLE_SLEEVE net=69457.0 PF=1.1861 DD=27.2912%
2026-08-25T03:41:08+00:00 RUN_START id=OAFX0391 family=sca_gj_retest window=SCREEN_IS run=oafx_screen_is_oafx0391_20260825124108_8272cc
2026-08-25T03:41:08+00:00 RUN_HEARTBEAT pid=39692 elapsed=0s
2026-08-25T03:42:10+00:00 RUN_HEARTBEAT pid=39692 elapsed=62s
2026-08-25T03:42:25+00:00 RUN_END id=OAFX0391 window=SCREEN_IS status=OK decision=SCREEN_OUT_SINGLE_SLEEVE elapsed=77.817s
2026-08-25T03:42:25+00:00 GATE_SKIP id=OAFX0391 window=IS reason=SINGLE_SLEEVE_INFERIOR decision=SCREEN_OUT_SINGLE_SLEEVE net=78082.0 PF=1.2078 DD=25.7897%
2026-08-25T03:42:25+00:00 RUN_START id=OAFX0392 family=sca_gj_retest window=SCREEN_IS run=oafx_screen_is_oafx0392_20260825124225_3c69cf
2026-08-25T03:42:26+00:00 RUN_HEARTBEAT pid=27740 elapsed=0s
2026-08-25T03:43:28+00:00 RUN_HEARTBEAT pid=27740 elapsed=62s
2026-08-25T03:43:43+00:00 RUN_END id=OAFX0392 window=SCREEN_IS status=OK decision=SCREEN_OUT_SINGLE_SLEEVE elapsed=77.813s
2026-08-25T03:43:43+00:00 GATE_SKIP id=OAFX0392 window=IS reason=SINGLE_SLEEVE_INFERIOR decision=SCREEN_OUT_SINGLE_SLEEVE net=77115.0 PF=1.2011 DD=22.8531%
2026-08-25T03:43:43+00:00 RUN_START id=OAFX0393 family=sca_gj_retest window=SCREEN_IS run=oafx_screen_is_oafx0393_20260825124343_2c30a9
2026-08-25T03:43:44+00:00 RUN_HEARTBEAT pid=43468 elapsed=0s
2026-08-25T03:44:46+00:00 RUN_HEARTBEAT pid=43468 elapsed=62s
2026-08-25T03:45:01+00:00 RUN_END id=OAFX0393 window=SCREEN_IS status=OK decision=SCREEN_OUT_SINGLE_SLEEVE elapsed=77.816s
2026-08-25T03:45:01+00:00 GATE_SKIP id=OAFX0393 window=IS reason=SINGLE_SLEEVE_INFERIOR decision=SCREEN_OUT_SINGLE_SLEEVE net=76153.0 PF=1.235 DD=22.0441%
2026-08-25T03:45:01+00:00 RUN_START id=OAFX0394 family=sca_gj_retest window=SCREEN_IS run=oafx_screen_is_oafx0394_20260825124501_27c3da
2026-08-25T03:45:02+00:00 RUN_HEARTBEAT pid=8652 elapsed=0s
2026-08-25T03:46:03+00:00 RUN_HEARTBEAT pid=8652 elapsed=62s
2026-08-25T03:46:19+00:00 RUN_END id=OAFX0394 window=SCREEN_IS status=OK decision=SCREEN_OUT_SINGLE_SLEEVE elapsed=77.804s
2026-08-25T03:46:19+00:00 GATE_SKIP id=OAFX0394 window=IS reason=SINGLE_SLEEVE_INFERIOR decision=SCREEN_OUT_SINGLE_SLEEVE net=69457.0 PF=1.1861 DD=27.2912%
2026-08-25T03:46:19+00:00 RUN_START id=OAFX0395 family=sca_gj_retest window=SCREEN_IS run=oafx_screen_is_oafx0395_20260825124619_148c98
2026-08-25T03:46:20+00:00 RUN_HEARTBEAT pid=14540 elapsed=0s
2026-08-25T03:47:21+00:00 RUN_HEARTBEAT pid=14540 elapsed=62s
2026-08-25T03:47:37+00:00 RUN_END id=OAFX0395 window=SCREEN_IS status=OK decision=SCREEN_OUT_SINGLE_SLEEVE elapsed=77.776s
2026-08-25T03:47:37+00:00 GATE_SKIP id=OAFX0395 window=IS reason=SINGLE_SLEEVE_INFERIOR decision=SCREEN_OUT_SINGLE_SLEEVE net=78082.0 PF=1.2078 DD=25.7897%
2026-08-25T03:47:37+00:00 RUN_START id=OAFX0396 family=sca_gj_retest window=SCREEN_IS run=oafx_screen_is_oafx0396_20260825124737_dfefe9
2026-08-25T03:47:37+00:00 RUN_HEARTBEAT pid=28476 elapsed=0s
2026-08-25T03:48:39+00:00 RUN_HEARTBEAT pid=28476 elapsed=62s
2026-08-25T03:48:54+00:00 RUN_END id=OAFX0396 window=SCREEN_IS status=OK decision=SCREEN_OUT_SINGLE_SLEEVE elapsed=77.827s
2026-08-25T03:48:54+00:00 GATE_SKIP id=OAFX0396 window=IS reason=SINGLE_SLEEVE_INFERIOR decision=SCREEN_OUT_SINGLE_SLEEVE net=77115.0 PF=1.2011 DD=22.8531%
2026-08-25T03:48:54+00:00 RUN_START id=OAFX0397 family=sca_gj_retest window=SCREEN_IS run=oafx_screen_is_oafx0397_20260825124854_0baf94
2026-08-25T03:48:55+00:00 RUN_HEARTBEAT pid=21264 elapsed=0s
2026-08-25T03:49:57+00:00 RUN_HEARTBEAT pid=21264 elapsed=62s
2026-08-25T03:50:12+00:00 RUN_END id=OAFX0397 window=SCREEN_IS status=OK decision=SCREEN_OUT_SINGLE_SLEEVE elapsed=77.838s
2026-08-25T03:50:12+00:00 GATE_SKIP id=OAFX0397 window=IS reason=SINGLE_SLEEVE_INFERIOR decision=SCREEN_OUT_SINGLE_SLEEVE net=76153.0 PF=1.235 DD=22.0441%
2026-08-25T03:50:12+00:00 RUN_START id=OAFX0398 family=sca_gj_retest window=SCREEN_IS run=oafx_screen_is_oafx0398_20260825125012_2b4ba4
2026-08-25T03:50:13+00:00 RUN_HEARTBEAT pid=31564 elapsed=0s
2026-08-25T03:51:15+00:00 RUN_HEARTBEAT pid=31564 elapsed=62s
2026-08-25T03:51:30+00:00 RUN_END id=OAFX0398 window=SCREEN_IS status=OK decision=SCREEN_OUT_SINGLE_SLEEVE elapsed=77.768s
2026-08-25T03:51:30+00:00 GATE_SKIP id=OAFX0398 window=IS reason=SINGLE_SLEEVE_INFERIOR decision=SCREEN_OUT_SINGLE_SLEEVE net=69457.0 PF=1.1861 DD=27.2912%
2026-08-25T03:51:30+00:00 RUN_START id=OAFX0399 family=sca_gj_retest window=SCREEN_IS run=oafx_screen_is_oafx0399_20260825125130_ece3aa
2026-08-25T03:51:31+00:00 RUN_HEARTBEAT pid=4244 elapsed=0s
2026-08-25T03:52:32+00:00 RUN_HEARTBEAT pid=4244 elapsed=62s
2026-08-25T03:52:48+00:00 RUN_END id=OAFX0399 window=SCREEN_IS status=OK decision=SCREEN_OUT_SINGLE_SLEEVE elapsed=77.810s
2026-08-25T03:52:48+00:00 GATE_SKIP id=OAFX0399 window=IS reason=SINGLE_SLEEVE_INFERIOR decision=SCREEN_OUT_SINGLE_SLEEVE net=78082.0 PF=1.2078 DD=25.7897%
2026-08-25T03:52:48+00:00 RUN_START id=OAFX0400 family=sca_gj_retest window=SCREEN_IS run=oafx_screen_is_oafx0400_20260825125248_21228e
2026-08-25T03:52:49+00:00 RUN_HEARTBEAT pid=45108 elapsed=0s
2026-08-25T03:53:50+00:00 RUN_HEARTBEAT pid=45108 elapsed=62s
2026-08-25T03:54:06+00:00 RUN_END id=OAFX0400 window=SCREEN_IS status=OK decision=SCREEN_OUT_SINGLE_SLEEVE elapsed=77.810s
2026-08-25T03:54:06+00:00 GATE_SKIP id=OAFX0400 window=IS reason=SINGLE_SLEEVE_INFERIOR decision=SCREEN_OUT_SINGLE_SLEEVE net=77115.0 PF=1.2011 DD=22.8531%
2026-08-25T03:54:06+00:00 RUN_START id=OAFX0401 family=sca_gj_drift_regime window=SCREEN_IS run=oafx_screen_is_oafx0401_20260825125406_aab975
2026-08-25T03:54:06+00:00 RUN_HEARTBEAT pid=41492 elapsed=0s
2026-08-25T03:55:08+00:00 RUN_HEARTBEAT pid=41492 elapsed=62s
2026-08-25T03:55:24+00:00 RUN_END id=OAFX0401 window=SCREEN_IS status=OK decision=SCREEN_OUT_SINGLE_SLEEVE elapsed=77.832s
2026-08-25T03:55:24+00:00 GATE_SKIP id=OAFX0401 window=IS reason=SINGLE_SLEEVE_INFERIOR decision=SCREEN_OUT_SINGLE_SLEEVE net=52361.0 PF=1.2012 DD=28.3314%
2026-08-25T03:55:24+00:00 RUN_START id=OAFX0402 family=sca_gj_drift_regime window=SCREEN_IS run=oafx_screen_is_oafx0402_20260825125524_ceb152
2026-08-25T03:55:24+00:00 RUN_HEARTBEAT pid=33020 elapsed=0s
2026-08-25T03:56:26+00:00 RUN_HEARTBEAT pid=33020 elapsed=62s
2026-08-25T03:56:41+00:00 RUN_END id=OAFX0402 window=SCREEN_IS status=OK decision=SCREEN_OUT_SINGLE_SLEEVE elapsed=77.891s
2026-08-25T03:56:41+00:00 GATE_SKIP id=OAFX0402 window=IS reason=SINGLE_SLEEVE_INFERIOR decision=SCREEN_OUT_SINGLE_SLEEVE net=-5225.0 PF=0.9359 DD=14.5597%
2026-08-25T03:56:41+00:00 RUN_START id=OAFX0403 family=sca_gj_drift_regime window=SCREEN_IS run=oafx_screen_is_oafx0403_20260825125641_f37bad
2026-08-25T03:56:42+00:00 RUN_HEARTBEAT pid=21652 elapsed=0s
2026-08-25T03:57:44+00:00 RUN_HEARTBEAT pid=21652 elapsed=62s
2026-08-25T03:57:59+00:00 RUN_END id=OAFX0403 window=SCREEN_IS status=OK decision=SCREEN_OUT_SINGLE_SLEEVE elapsed=77.903s
2026-08-25T03:57:59+00:00 GATE_SKIP id=OAFX0403 window=IS reason=SINGLE_SLEEVE_INFERIOR decision=SCREEN_OUT_SINGLE_SLEEVE net=58920.0 PF=1.3323 DD=23.9083%
2026-08-25T03:57:59+00:00 RUN_START id=OAFX0404 family=sca_gj_drift_regime window=SCREEN_IS run=oafx_screen_is_oafx0404_20260825125759_d515e7
2026-08-25T03:58:00+00:00 RUN_HEARTBEAT pid=16388 elapsed=0s
2026-08-25T03:59:02+00:00 RUN_HEARTBEAT pid=16388 elapsed=62s
2026-08-25T03:59:17+00:00 RUN_END id=OAFX0404 window=SCREEN_IS status=OK decision=SCREEN_OUT_SINGLE_SLEEVE elapsed=77.843s
2026-08-25T03:59:17+00:00 GATE_SKIP id=OAFX0404 window=IS reason=SINGLE_SLEEVE_INFERIOR decision=SCREEN_OUT_SINGLE_SLEEVE net=60634.0 PF=1.4478 DD=19.9141%
2026-08-25T03:59:17+00:00 RUN_START id=OAFX0405 family=sca_gj_drift_regime window=SCREEN_IS run=oafx_screen_is_oafx0405_20260825125917_4b755d
2026-08-25T03:59:18+00:00 RUN_HEARTBEAT pid=31256 elapsed=0s
2026-08-25T04:00:20+00:00 RUN_HEARTBEAT pid=31256 elapsed=62s
2026-08-25T04:00:35+00:00 RUN_END id=OAFX0405 window=SCREEN_IS status=OK decision=SCREEN_OUT_SINGLE_SLEEVE elapsed=77.847s
2026-08-25T04:00:35+00:00 GATE_SKIP id=OAFX0405 window=IS reason=SINGLE_SLEEVE_INFERIOR decision=SCREEN_OUT_SINGLE_SLEEVE net=50869.0 PF=1.1471 DD=31.8543%
2026-08-25T04:00:35+00:00 RUN_START id=OAFX0406 family=sca_gj_drift_regime window=SCREEN_IS run=oafx_screen_is_oafx0406_20260825130035_96323a
2026-08-25T04:00:36+00:00 RUN_HEARTBEAT pid=40524 elapsed=0s
2026-08-25T04:01:37+00:00 RUN_HEARTBEAT pid=40524 elapsed=62s
2026-08-25T04:01:53+00:00 RUN_END id=OAFX0406 window=SCREEN_IS status=OK decision=SCREEN_OUT_SINGLE_SLEEVE elapsed=77.804s
2026-08-25T04:01:53+00:00 GATE_SKIP id=OAFX0406 window=IS reason=SINGLE_SLEEVE_INFERIOR decision=SCREEN_OUT_SINGLE_SLEEVE net=8367.0 PF=1.0717 DD=13.9521%
2026-08-25T04:01:53+00:00 RUN_START id=OAFX0407 family=sca_gj_drift_regime window=SCREEN_IS run=oafx_screen_is_oafx0407_20260825130153_ad0365
2026-08-25T04:01:54+00:00 RUN_HEARTBEAT pid=24948 elapsed=0s
2026-08-25T04:02:55+00:00 RUN_HEARTBEAT pid=24948 elapsed=62s
2026-08-25T04:03:11+00:00 RUN_END id=OAFX0407 window=SCREEN_IS status=OK decision=SCREEN_OUT_SINGLE_SLEEVE elapsed=77.812s
2026-08-25T04:03:11+00:00 GATE_SKIP id=OAFX0407 window=IS reason=SINGLE_SLEEVE_INFERIOR decision=SCREEN_OUT_SINGLE_SLEEVE net=43836.0 PF=1.1925 DD=31.4475%
2026-08-25T04:03:11+00:00 RUN_START id=OAFX0408 family=sca_gj_drift_regime window=SCREEN_IS run=oafx_screen_is_oafx0408_20260825130311_ecfbe9
2026-08-25T04:03:11+00:00 RUN_HEARTBEAT pid=44700 elapsed=0s
2026-08-25T04:04:13+00:00 RUN_HEARTBEAT pid=44700 elapsed=62s
2026-08-25T04:04:28+00:00 RUN_END id=OAFX0408 window=SCREEN_IS status=OK decision=SCREEN_OUT_SINGLE_SLEEVE elapsed=77.837s
2026-08-25T04:04:28+00:00 GATE_SKIP id=OAFX0408 window=IS reason=SINGLE_SLEEVE_INFERIOR decision=SCREEN_OUT_SINGLE_SLEEVE net=62652.0 PF=1.3197 DD=19.5144%
2026-08-25T04:04:28+00:00 RUN_START id=OAFX0409 family=sca_gj_drift_regime window=SCREEN_IS run=oafx_screen_is_oafx0409_20260825130428_fb8ec3
2026-08-25T04:04:29+00:00 RUN_HEARTBEAT pid=5216 elapsed=0s
2026-08-25T04:05:31+00:00 RUN_HEARTBEAT pid=5216 elapsed=62s
2026-08-25T04:05:46+00:00 RUN_END id=OAFX0409 window=SCREEN_IS status=OK decision=SCREEN_PASS_STRICT elapsed=77.910s
2026-08-25T04:05:46+00:00 RUN_START id=OAFX0409 family=sca_gj_drift_regime window=IS run=oafx_is_oafx0409_20260825130546_ba11d0
2026-08-25T04:05:47+00:00 RUN_HEARTBEAT pid=13776 elapsed=0s
2026-08-25T04:06:49+00:00 RUN_HEARTBEAT pid=13776 elapsed=62s
2026-08-25T04:07:51+00:00 RUN_HEARTBEAT pid=13776 elapsed=123s
2026-08-25T04:08:52+00:00 RUN_HEARTBEAT pid=13776 elapsed=185s
2026-08-25T04:09:54+00:00 RUN_HEARTBEAT pid=13776 elapsed=247s
2026-08-25T04:10:56+00:00 RUN_HEARTBEAT pid=13776 elapsed=308s
2026-08-25T04:11:57+00:00 RUN_HEARTBEAT pid=13776 elapsed=370s
2026-08-25T04:12:28+00:00 RUN_END id=OAFX0409 window=IS status=OK decision=IS_REJECT elapsed=401.662s
2026-08-25T04:12:28+00:00 GATE_SKIP id=OAFX0409 window=OOS reason=IS_NOT_SURVIVOR decision=IS_REJECT net=278834.0 PF=1.4006 DD=36.011%
2026-08-25T04:12:28+00:00 RUN_START id=OAFX0410 family=sca_gj_drift_regime window=SCREEN_IS run=oafx_screen_is_oafx0410_20260825131228_468c3f
2026-08-25T04:12:29+00:00 RUN_HEARTBEAT pid=21404 elapsed=0s
2026-08-25T04:13:31+00:00 RUN_HEARTBEAT pid=21404 elapsed=62s
2026-08-25T04:13:46+00:00 RUN_END id=OAFX0410 window=SCREEN_IS status=OK decision=SCREEN_OUT_SINGLE_SLEEVE elapsed=77.864s
2026-08-25T04:13:46+00:00 GATE_SKIP id=OAFX0410 window=IS reason=SINGLE_SLEEVE_INFERIOR decision=SCREEN_OUT_SINGLE_SLEEVE net=26785.0 PF=1.1892 DD=10.3885%
2026-08-25T04:13:46+00:00 RUN_START id=OAFX0411 family=sca_gj_drift_regime window=SCREEN_IS run=oafx_screen_is_oafx0411_20260825131346_d10316
2026-08-25T04:13:47+00:00 RUN_HEARTBEAT pid=26460 elapsed=0s
2026-08-25T04:14:48+00:00 RUN_HEARTBEAT pid=26460 elapsed=62s
2026-08-25T04:15:04+00:00 RUN_END id=OAFX0411 window=SCREEN_IS status=OK decision=SCREEN_OUT_SINGLE_SLEEVE elapsed=77.871s
2026-08-25T04:15:04+00:00 GATE_SKIP id=OAFX0411 window=IS reason=SINGLE_SLEEVE_INFERIOR decision=SCREEN_OUT_SINGLE_SLEEVE net=60582.0 PF=1.2524 DD=24.1107%
2026-08-25T04:15:04+00:00 RUN_START id=OAFX0412 family=sca_gj_drift_regime window=SCREEN_IS run=oafx_screen_is_oafx0412_20260825131504_53a938
2026-08-25T04:15:05+00:00 RUN_HEARTBEAT pid=44652 elapsed=0s
2026-08-25T04:16:06+00:00 RUN_HEARTBEAT pid=44652 elapsed=62s
2026-08-25T04:16:22+00:00 RUN_END id=OAFX0412 window=SCREEN_IS status=OK decision=SCREEN_PASS_DD elapsed=77.846s
2026-08-25T04:16:22+00:00 RUN_START id=OAFX0412 family=sca_gj_drift_regime window=IS run=oafx_is_oafx0412_20260825131622_edac87
2026-08-25T04:16:22+00:00 RUN_HEARTBEAT pid=32100 elapsed=0s
2026-08-25T04:17:24+00:00 RUN_HEARTBEAT pid=32100 elapsed=62s
2026-08-25T04:18:26+00:00 RUN_HEARTBEAT pid=32100 elapsed=123s
2026-08-25T04:19:27+00:00 RUN_HEARTBEAT pid=32100 elapsed=185s
2026-08-25T04:20:29+00:00 RUN_HEARTBEAT pid=32100 elapsed=247s
2026-08-25T04:21:31+00:00 RUN_HEARTBEAT pid=32100 elapsed=308s
2026-08-25T04:22:32+00:00 RUN_HEARTBEAT pid=32100 elapsed=370s
2026-08-25T04:23:03+00:00 RUN_END id=OAFX0412 window=IS status=OK decision=IS_SURVIVOR_DD elapsed=401.442s
2026-08-25T04:23:03+00:00 SKIP_BASELINE_OOS reason=existing actual measurement
2026-08-25T04:23:03+00:00 RUN_START id=OAFX0412 family=sca_gj_drift_regime window=OOS run=oafx_oos_oafx0412_20260825132303_34cede
2026-08-25T04:23:04+00:00 RUN_HEARTBEAT pid=4796 elapsed=0s
2026-08-25T04:24:06+00:00 RUN_HEARTBEAT pid=4796 elapsed=62s
2026-08-25T04:25:07+00:00 RUN_HEARTBEAT pid=4796 elapsed=123s
2026-08-25T04:26:09+00:00 RUN_HEARTBEAT pid=4796 elapsed=185s
2026-08-25T04:27:11+00:00 RUN_HEARTBEAT pid=4796 elapsed=247s
2026-08-25T04:28:12+00:00 RUN_END id=OAFX0412 window=OOS status=OK decision=REJECT elapsed=309.273s
2026-08-25T04:28:12+00:00 RUN_START id=OAFX0413 family=sca_gj_drift_regime window=SCREEN_IS run=oafx_screen_is_oafx0413_20260825132812_d9d508
2026-08-25T04:28:13+00:00 RUN_HEARTBEAT pid=18216 elapsed=0s
2026-08-25T04:29:15+00:00 RUN_HEARTBEAT pid=18216 elapsed=62s
2026-08-25T04:29:30+00:00 RUN_END id=OAFX0413 window=SCREEN_IS status=OK decision=SCREEN_OUT_SINGLE_SLEEVE elapsed=77.905s
2026-08-25T04:29:30+00:00 GATE_SKIP id=OAFX0413 window=IS reason=SINGLE_SLEEVE_INFERIOR decision=SCREEN_OUT_SINGLE_SLEEVE net=84921.0 PF=1.2184 DD=19.5314%
2026-08-25T04:29:30+00:00 RUN_START id=OAFX0414 family=sca_gj_drift_regime window=SCREEN_IS run=oafx_screen_is_oafx0414_20260825132930_e84d57
2026-08-25T04:29:31+00:00 RUN_HEARTBEAT pid=15988 elapsed=0s
2026-08-25T04:30:33+00:00 RUN_HEARTBEAT pid=15988 elapsed=62s
2026-08-25T04:30:48+00:00 RUN_END id=OAFX0414 window=SCREEN_IS status=OK decision=SCREEN_OUT_SINGLE_SLEEVE elapsed=77.854s
2026-08-25T04:30:48+00:00 GATE_SKIP id=OAFX0414 window=IS reason=SINGLE_SLEEVE_INFERIOR decision=SCREEN_OUT_SINGLE_SLEEVE net=25673.0 PF=1.1741 DD=9.9101%
2026-08-25T04:30:48+00:00 RUN_START id=OAFX0415 family=sca_gj_drift_regime window=SCREEN_IS run=oafx_screen_is_oafx0415_20260825133048_b3db37
2026-08-25T04:30:49+00:00 RUN_HEARTBEAT pid=27424 elapsed=0s
2026-08-25T04:31:51+00:00 RUN_HEARTBEAT pid=27424 elapsed=62s
2026-08-25T04:32:06+00:00 RUN_END id=OAFX0415 window=SCREEN_IS status=OK decision=SCREEN_OUT_SINGLE_SLEEVE elapsed=77.813s
2026-08-25T04:32:06+00:00 GATE_SKIP id=OAFX0415 window=IS reason=SINGLE_SLEEVE_INFERIOR decision=SCREEN_OUT_SINGLE_SLEEVE net=60582.0 PF=1.2524 DD=24.1107%
2026-08-25T04:32:06+00:00 RUN_START id=OAFX0416 family=sca_gj_drift_regime window=SCREEN_IS run=oafx_screen_is_oafx0416_20260825133206_d1c406
2026-08-25T04:32:07+00:00 RUN_HEARTBEAT pid=33684 elapsed=0s
2026-08-25T04:33:08+00:00 RUN_HEARTBEAT pid=33684 elapsed=62s
2026-08-25T04:33:24+00:00 RUN_END id=OAFX0416 window=SCREEN_IS status=OK decision=SCREEN_PASS_DD elapsed=77.854s
2026-08-25T04:33:24+00:00 RUN_START id=OAFX0416 family=sca_gj_drift_regime window=IS run=oafx_is_oafx0416_20260825133324_b317d4
2026-08-25T04:33:25+00:00 RUN_HEARTBEAT pid=8648 elapsed=0s
2026-08-25T04:34:26+00:00 RUN_HEARTBEAT pid=8648 elapsed=62s
2026-08-25T04:35:28+00:00 RUN_HEARTBEAT pid=8648 elapsed=123s
2026-08-25T04:36:30+00:00 RUN_HEARTBEAT pid=8648 elapsed=185s
2026-08-25T04:37:31+00:00 RUN_HEARTBEAT pid=8648 elapsed=247s
2026-08-25T04:38:33+00:00 RUN_HEARTBEAT pid=8648 elapsed=308s
2026-08-25T04:39:35+00:00 RUN_HEARTBEAT pid=8648 elapsed=370s
2026-08-25T04:40:06+00:00 RUN_END id=OAFX0416 window=IS status=OK decision=IS_SURVIVOR_DD elapsed=401.711s
2026-08-25T04:40:06+00:00 SKIP_BASELINE_OOS reason=existing actual measurement
2026-08-25T04:40:06+00:00 RUN_START id=OAFX0416 family=sca_gj_drift_regime window=OOS run=oafx_oos_oafx0416_20260825134006_7e5aa9
2026-08-25T04:40:06+00:00 RUN_HEARTBEAT pid=43768 elapsed=0s
2026-08-25T04:41:08+00:00 RUN_HEARTBEAT pid=43768 elapsed=62s
2026-08-25T04:42:10+00:00 RUN_HEARTBEAT pid=43768 elapsed=123s
2026-08-25T04:43:11+00:00 RUN_HEARTBEAT pid=43768 elapsed=185s
2026-08-25T04:44:13+00:00 RUN_HEARTBEAT pid=43768 elapsed=247s
2026-08-25T04:45:15+00:00 RUN_END id=OAFX0416 window=OOS status=OK decision=REJECT elapsed=309.189s
2026-08-25T04:45:15+00:00 RUN_START id=OAFX0417 family=sca_gj_drift_regime window=SCREEN_IS run=oafx_screen_is_oafx0417_20260825134515_e64a0b
2026-08-25T04:45:16+00:00 RUN_HEARTBEAT pid=38344 elapsed=0s
2026-08-25T04:46:17+00:00 RUN_HEARTBEAT pid=38344 elapsed=62s
2026-08-25T04:46:33+00:00 RUN_END id=OAFX0417 window=SCREEN_IS status=OK decision=SCREEN_OUT_SINGLE_SLEEVE elapsed=77.840s
2026-08-25T04:46:33+00:00 GATE_SKIP id=OAFX0417 window=IS reason=SINGLE_SLEEVE_INFERIOR decision=SCREEN_OUT_SINGLE_SLEEVE net=84921.0 PF=1.2184 DD=19.5314%
2026-08-25T04:46:33+00:00 RUN_START id=OAFX0418 family=sca_gj_drift_regime window=SCREEN_IS run=oafx_screen_is_oafx0418_20260825134633_e6271e
2026-08-25T04:46:33+00:00 RUN_HEARTBEAT pid=40836 elapsed=0s
2026-08-25T04:47:35+00:00 RUN_HEARTBEAT pid=40836 elapsed=62s
2026-08-25T04:47:50+00:00 RUN_END id=OAFX0418 window=SCREEN_IS status=OK decision=SCREEN_OUT_SINGLE_SLEEVE elapsed=77.831s
2026-08-25T04:47:50+00:00 GATE_SKIP id=OAFX0418 window=IS reason=SINGLE_SLEEVE_INFERIOR decision=SCREEN_OUT_SINGLE_SLEEVE net=25673.0 PF=1.1741 DD=9.9101%
2026-08-25T04:47:50+00:00 RUN_START id=OAFX0419 family=sca_gj_drift_regime window=SCREEN_IS run=oafx_screen_is_oafx0419_20260825134750_e033e9
2026-08-25T04:47:51+00:00 RUN_HEARTBEAT pid=24404 elapsed=0s
2026-08-25T04:48:53+00:00 RUN_HEARTBEAT pid=24404 elapsed=62s
2026-08-25T04:49:08+00:00 RUN_END id=OAFX0419 window=SCREEN_IS status=OK decision=SCREEN_OUT_SINGLE_SLEEVE elapsed=77.833s
2026-08-25T04:49:08+00:00 GATE_SKIP id=OAFX0419 window=IS reason=SINGLE_SLEEVE_INFERIOR decision=SCREEN_OUT_SINGLE_SLEEVE net=60582.0 PF=1.2524 DD=24.1107%
2026-08-25T04:49:08+00:00 RUN_START id=OAFX0420 family=sca_gj_drift_regime window=SCREEN_IS run=oafx_screen_is_oafx0420_20260825134908_d574a4
2026-08-25T04:49:09+00:00 RUN_HEARTBEAT pid=19608 elapsed=0s
2026-08-25T04:50:11+00:00 RUN_HEARTBEAT pid=19608 elapsed=62s
2026-08-25T04:50:26+00:00 RUN_END id=OAFX0420 window=SCREEN_IS status=OK decision=SCREEN_PASS_DD elapsed=77.803s
2026-08-25T04:50:26+00:00 RUN_START id=OAFX0420 family=sca_gj_drift_regime window=IS run=oafx_is_oafx0420_20260825135026_995c04
2026-08-25T04:50:27+00:00 RUN_HEARTBEAT pid=18568 elapsed=0s
2026-08-25T04:51:29+00:00 RUN_HEARTBEAT pid=18568 elapsed=62s
2026-08-25T04:52:30+00:00 RUN_HEARTBEAT pid=18568 elapsed=123s
2026-08-25T04:53:32+00:00 RUN_HEARTBEAT pid=18568 elapsed=185s
2026-08-25T04:54:34+00:00 RUN_HEARTBEAT pid=18568 elapsed=247s
2026-08-25T04:55:35+00:00 RUN_HEARTBEAT pid=18568 elapsed=308s
2026-08-25T04:56:37+00:00 RUN_HEARTBEAT pid=18568 elapsed=370s
2026-08-25T04:57:08+00:00 RUN_END id=OAFX0420 window=IS status=OK decision=IS_SURVIVOR_DD elapsed=401.642s
2026-08-25T04:57:08+00:00 SKIP_BASELINE_OOS reason=existing actual measurement
2026-08-25T04:57:08+00:00 RUN_START id=OAFX0420 family=sca_gj_drift_regime window=OOS run=oafx_oos_oafx0420_20260825135708_6d1c02
2026-08-25T04:57:09+00:00 RUN_HEARTBEAT pid=28616 elapsed=0s
2026-08-25T04:58:10+00:00 RUN_HEARTBEAT pid=28616 elapsed=62s
2026-08-25T04:59:12+00:00 RUN_HEARTBEAT pid=28616 elapsed=123s
2026-08-25T05:00:14+00:00 RUN_HEARTBEAT pid=28616 elapsed=185s
2026-08-25T05:01:15+00:00 RUN_HEARTBEAT pid=28616 elapsed=247s
2026-08-25T05:02:02+00:00 RUN_END id=OAFX0420 window=OOS status=OK decision=REJECT elapsed=293.889s
2026-08-25T05:02:02+00:00 RUN_START id=OAFX0421 family=sca_gj_drift_regime window=SCREEN_IS run=oafx_screen_is_oafx0421_20260825140202_0231f7
2026-08-25T05:02:02+00:00 RUN_HEARTBEAT pid=21868 elapsed=0s
2026-08-25T05:03:04+00:00 RUN_HEARTBEAT pid=21868 elapsed=62s
2026-08-25T05:03:20+00:00 RUN_END id=OAFX0421 window=SCREEN_IS status=OK decision=SCREEN_OUT_SINGLE_SLEEVE elapsed=77.924s
2026-08-25T05:03:20+00:00 GATE_SKIP id=OAFX0421 window=IS reason=SINGLE_SLEEVE_INFERIOR decision=SCREEN_OUT_SINGLE_SLEEVE net=43787.0 PF=1.2157 DD=33.558%
2026-08-25T05:03:20+00:00 RUN_START id=OAFX0422 family=sca_gj_drift_regime window=SCREEN_IS run=oafx_screen_is_oafx0422_20260825140320_798fdc
2026-08-25T05:03:20+00:00 RUN_HEARTBEAT pid=40308 elapsed=0s
2026-08-25T05:04:22+00:00 RUN_HEARTBEAT pid=40308 elapsed=62s
2026-08-25T05:04:37+00:00 RUN_END id=OAFX0422 window=SCREEN_IS status=OK decision=SCREEN_OUT_SINGLE_SLEEVE elapsed=77.936s
2026-08-25T05:04:37+00:00 GATE_SKIP id=OAFX0422 window=IS reason=SINGLE_SLEEVE_INFERIOR decision=SCREEN_OUT_SINGLE_SLEEVE net=425.0 PF=1.0064 DD=14.381%
2026-08-25T05:04:37+00:00 RUN_START id=OAFX0423 family=sca_gj_drift_regime window=SCREEN_IS run=oafx_screen_is_oafx0423_20260825140437_41f373
2026-08-25T05:04:38+00:00 RUN_HEARTBEAT pid=26932 elapsed=0s
2026-08-25T05:05:40+00:00 RUN_HEARTBEAT pid=26932 elapsed=62s
2026-08-25T05:05:55+00:00 RUN_END id=OAFX0423 window=SCREEN_IS status=OK decision=SCREEN_OUT_SINGLE_SLEEVE elapsed=77.835s
2026-08-25T05:05:55+00:00 GATE_SKIP id=OAFX0423 window=IS reason=SINGLE_SLEEVE_INFERIOR decision=SCREEN_OUT_SINGLE_SLEEVE net=43362.0 PF=1.3175 DD=29.7757%
2026-08-25T05:05:55+00:00 RUN_START id=OAFX0424 family=sca_gj_drift_regime window=SCREEN_IS run=oafx_screen_is_oafx0424_20260825140555_999246
2026-08-25T05:05:56+00:00 RUN_HEARTBEAT pid=33272 elapsed=0s
2026-08-25T05:06:58+00:00 RUN_HEARTBEAT pid=33272 elapsed=62s
2026-08-25T05:07:13+00:00 RUN_END id=OAFX0424 window=SCREEN_IS status=OK decision=SCREEN_OUT_SINGLE_SLEEVE elapsed=77.818s
2026-08-25T05:07:13+00:00 GATE_SKIP id=OAFX0424 window=IS reason=SINGLE_SLEEVE_INFERIOR decision=SCREEN_OUT_SINGLE_SLEEVE net=36521.0 PF=1.337 DD=17.5757%
2026-08-25T05:07:13+00:00 RUN_START id=OAFX0425 family=sca_gj_drift_regime window=SCREEN_IS run=oafx_screen_is_oafx0425_20260825140713_691ddf
2026-08-25T05:07:14+00:00 RUN_HEARTBEAT pid=45796 elapsed=0s
2026-08-25T05:08:16+00:00 RUN_HEARTBEAT pid=45796 elapsed=62s
2026-08-25T05:08:31+00:00 RUN_END id=OAFX0425 window=SCREEN_IS status=OK decision=SCREEN_OUT_SINGLE_SLEEVE elapsed=77.795s
2026-08-25T05:08:31+00:00 GATE_SKIP id=OAFX0425 window=IS reason=SINGLE_SLEEVE_INFERIOR decision=SCREEN_OUT_SINGLE_SLEEVE net=42295.0 PF=1.1466 DD=36.8993%
2026-08-25T05:08:31+00:00 RUN_START id=OAFX0426 family=sca_gj_drift_regime window=SCREEN_IS run=oafx_screen_is_oafx0426_20260825140831_443963
2026-08-25T05:08:32+00:00 RUN_HEARTBEAT pid=40688 elapsed=0s
2026-08-25T05:09:33+00:00 RUN_HEARTBEAT pid=40688 elapsed=62s
2026-08-25T05:09:49+00:00 RUN_END id=OAFX0426 window=SCREEN_IS status=OK decision=SCREEN_OUT_SINGLE_SLEEVE elapsed=77.838s
2026-08-25T05:09:49+00:00 GATE_SKIP id=OAFX0426 window=IS reason=SINGLE_SLEEVE_INFERIOR decision=SCREEN_OUT_SINGLE_SLEEVE net=14017.0 PF=1.1379 DD=13.5823%
2026-08-25T05:09:49+00:00 RUN_START id=OAFX0427 family=sca_gj_drift_regime window=SCREEN_IS run=oafx_screen_is_oafx0427_20260825140949_818895
2026-08-25T05:09:50+00:00 RUN_HEARTBEAT pid=38540 elapsed=0s
2026-08-25T05:10:51+00:00 RUN_HEARTBEAT pid=38540 elapsed=62s
2026-08-25T05:11:07+00:00 RUN_END id=OAFX0427 window=SCREEN_IS status=OK decision=SCREEN_OUT_SINGLE_SLEEVE elapsed=77.817s
2026-08-25T05:11:07+00:00 GATE_SKIP id=OAFX0427 window=IS reason=SINGLE_SLEEVE_INFERIOR decision=SCREEN_OUT_SINGLE_SLEEVE net=28278.0 PF=1.1513 DD=36.4674%
2026-08-25T05:11:07+00:00 RUN_START id=OAFX0428 family=sca_gj_drift_regime window=SCREEN_IS run=oafx_screen_is_oafx0428_20260825141107_36f29a
2026-08-25T05:11:07+00:00 RUN_HEARTBEAT pid=9768 elapsed=0s
2026-08-25T05:12:09+00:00 RUN_HEARTBEAT pid=9768 elapsed=62s
2026-08-25T05:12:24+00:00 RUN_END id=OAFX0428 window=SCREEN_IS status=OK decision=SCREEN_OUT_SINGLE_SLEEVE elapsed=77.884s
2026-08-25T05:12:24+00:00 GATE_SKIP id=OAFX0428 window=IS reason=SINGLE_SLEEVE_INFERIOR decision=SCREEN_OUT_SINGLE_SLEEVE net=38539.0 PF=1.2281 DD=18.1893%
2026-08-25T05:12:24+00:00 RUN_START id=OAFX0429 family=sca_gj_drift_regime window=SCREEN_IS run=oafx_screen_is_oafx0429_20260825141224_1c5ae7
2026-08-25T05:12:25+00:00 RUN_HEARTBEAT pid=34704 elapsed=0s
2026-08-25T05:13:27+00:00 RUN_HEARTBEAT pid=34704 elapsed=62s
2026-08-25T05:13:42+00:00 RUN_END id=OAFX0429 window=SCREEN_IS status=OK decision=SCREEN_OUT_SINGLE_SLEEVE elapsed=77.804s
2026-08-25T05:13:42+00:00 GATE_SKIP id=OAFX0429 window=IS reason=SINGLE_SLEEVE_INFERIOR decision=SCREEN_OUT_SINGLE_SLEEVE net=77459.0 PF=1.2378 DD=25.0146%
2026-08-25T05:13:42+00:00 RUN_START id=OAFX0430 family=sca_gj_drift_regime window=SCREEN_IS run=oafx_screen_is_oafx0430_20260825141342_e24f5d
2026-08-25T05:13:43+00:00 RUN_HEARTBEAT pid=42672 elapsed=0s
2026-08-25T05:14:45+00:00 RUN_HEARTBEAT pid=42672 elapsed=62s
2026-08-25T05:15:00+00:00 RUN_END id=OAFX0430 window=SCREEN_IS status=OK decision=SCREEN_OUT_SINGLE_SLEEVE elapsed=77.798s
2026-08-25T05:15:00+00:00 GATE_SKIP id=OAFX0430 window=IS reason=SINGLE_SLEEVE_INFERIOR decision=SCREEN_OUT_SINGLE_SLEEVE net=32435.0 PF=1.2565 DD=8.905%
2026-08-25T05:15:00+00:00 RUN_START id=OAFX0431 family=sca_gj_drift_regime window=SCREEN_IS run=oafx_screen_is_oafx0431_20260825141500_61a161
2026-08-25T05:15:01+00:00 RUN_HEARTBEAT pid=37268 elapsed=0s
2026-08-25T05:16:03+00:00 RUN_HEARTBEAT pid=37268 elapsed=62s
2026-08-25T05:16:18+00:00 RUN_END id=OAFX0431 window=SCREEN_IS status=OK decision=SCREEN_OUT_SINGLE_SLEEVE elapsed=77.888s
2026-08-25T05:16:18+00:00 GATE_SKIP id=OAFX0431 window=IS reason=SINGLE_SLEEVE_INFERIOR decision=SCREEN_OUT_SINGLE_SLEEVE net=45024.0 PF=1.2259 DD=30.9381%
2026-08-25T05:16:18+00:00 RUN_START id=OAFX0432 family=sca_gj_drift_regime window=SCREEN_IS run=oafx_screen_is_oafx0432_20260825141618_559919
2026-08-25T05:16:19+00:00 RUN_HEARTBEAT pid=20696 elapsed=0s
2026-08-25T05:17:20+00:00 RUN_HEARTBEAT pid=20696 elapsed=62s
2026-08-25T05:17:36+00:00 RUN_END id=OAFX0432 window=SCREEN_IS status=OK decision=SCREEN_OUT_SINGLE_SLEEVE elapsed=77.803s
2026-08-25T05:17:36+00:00 GATE_SKIP id=OAFX0432 window=IS reason=SINGLE_SLEEVE_INFERIOR decision=SCREEN_OUT_SINGLE_SLEEVE net=60089.0 PF=1.3102 DD=14.2976%
2026-08-25T05:17:36+00:00 RUN_START id=OAFX0433 family=sca_gj_drift_regime window=SCREEN_IS run=oafx_screen_is_oafx0433_20260825141736_918830
2026-08-25T05:17:37+00:00 RUN_HEARTBEAT pid=44268 elapsed=0s
2026-08-25T05:18:38+00:00 RUN_HEARTBEAT pid=44268 elapsed=62s
2026-08-25T05:18:54+00:00 RUN_END id=OAFX0433 window=SCREEN_IS status=OK decision=SCREEN_OUT_SINGLE_SLEEVE elapsed=77.850s
2026-08-25T05:18:54+00:00 GATE_SKIP id=OAFX0433 window=IS reason=SINGLE_SLEEVE_INFERIOR decision=SCREEN_OUT_SINGLE_SLEEVE net=76347.0 PF=1.2302 DD=25.6649%
2026-08-25T05:18:54+00:00 RUN_START id=OAFX0434 family=sca_gj_drift_regime window=SCREEN_IS run=oafx_screen_is_oafx0434_20260825141854_a18632
2026-08-25T05:18:54+00:00 RUN_HEARTBEAT pid=19560 elapsed=0s
2026-08-25T05:19:56+00:00 RUN_HEARTBEAT pid=19560 elapsed=62s
2026-08-25T05:20:11+00:00 RUN_END id=OAFX0434 window=SCREEN_IS status=OK decision=SCREEN_OUT_SINGLE_SLEEVE elapsed=77.841s
2026-08-25T05:20:11+00:00 GATE_SKIP id=OAFX0434 window=IS reason=SINGLE_SLEEVE_INFERIOR decision=SCREEN_OUT_SINGLE_SLEEVE net=31323.0 PF=1.2366 DD=8.7539%
2026-08-25T05:20:11+00:00 RUN_START id=OAFX0435 family=sca_gj_drift_regime window=SCREEN_IS run=oafx_screen_is_oafx0435_20260825142011_063399
2026-08-25T05:20:12+00:00 RUN_HEARTBEAT pid=33320 elapsed=0s
2026-08-25T05:21:14+00:00 RUN_HEARTBEAT pid=33320 elapsed=62s
2026-08-25T05:21:29+00:00 RUN_END id=OAFX0435 window=SCREEN_IS status=OK decision=SCREEN_OUT_SINGLE_SLEEVE elapsed=77.849s
2026-08-25T05:21:29+00:00 GATE_SKIP id=OAFX0435 window=IS reason=SINGLE_SLEEVE_INFERIOR decision=SCREEN_OUT_SINGLE_SLEEVE net=45024.0 PF=1.2259 DD=30.9381%
2026-08-25T05:21:29+00:00 RUN_START id=OAFX0436 family=sca_gj_drift_regime window=SCREEN_IS run=oafx_screen_is_oafx0436_20260825142129_80cae4
2026-08-25T05:21:30+00:00 RUN_HEARTBEAT pid=40880 elapsed=0s
2026-08-25T05:22:32+00:00 RUN_HEARTBEAT pid=40880 elapsed=62s
2026-08-25T05:22:47+00:00 RUN_END id=OAFX0436 window=SCREEN_IS status=OK decision=SCREEN_OUT_SINGLE_SLEEVE elapsed=77.846s
2026-08-25T05:22:47+00:00 GATE_SKIP id=OAFX0436 window=IS reason=SINGLE_SLEEVE_INFERIOR decision=SCREEN_OUT_SINGLE_SLEEVE net=58977.0 PF=1.2953 DD=14.3035%
2026-08-25T05:22:47+00:00 RUN_START id=OAFX0437 family=sca_gj_drift_regime window=SCREEN_IS run=oafx_screen_is_oafx0437_20260825142247_ed1a7f
2026-08-25T05:22:48+00:00 RUN_HEARTBEAT pid=852 elapsed=0s
2026-08-25T05:23:50+00:00 RUN_HEARTBEAT pid=852 elapsed=62s
2026-08-25T05:24:05+00:00 RUN_END id=OAFX0437 window=SCREEN_IS status=OK decision=SCREEN_OUT_SINGLE_SLEEVE elapsed=77.797s
2026-08-25T05:24:05+00:00 GATE_SKIP id=OAFX0437 window=IS reason=SINGLE_SLEEVE_INFERIOR decision=SCREEN_OUT_SINGLE_SLEEVE net=76347.0 PF=1.2302 DD=25.6649%
2026-08-25T05:24:05+00:00 RUN_START id=OAFX0438 family=sca_gj_drift_regime window=SCREEN_IS run=oafx_screen_is_oafx0438_20260825142405_6fbb33
2026-08-25T05:24:06+00:00 RUN_HEARTBEAT pid=10128 elapsed=0s
2026-08-25T05:25:07+00:00 RUN_HEARTBEAT pid=10128 elapsed=62s
2026-08-25T05:25:23+00:00 RUN_END id=OAFX0438 window=SCREEN_IS status=OK decision=SCREEN_OUT_SINGLE_SLEEVE elapsed=77.871s
2026-08-25T05:25:23+00:00 GATE_SKIP id=OAFX0438 window=IS reason=SINGLE_SLEEVE_INFERIOR decision=SCREEN_OUT_SINGLE_SLEEVE net=31323.0 PF=1.2366 DD=8.7539%
2026-08-25T05:25:23+00:00 RUN_START id=OAFX0439 family=sca_gj_drift_regime window=SCREEN_IS run=oafx_screen_is_oafx0439_20260825142523_879444
2026-08-25T05:25:24+00:00 RUN_HEARTBEAT pid=25240 elapsed=0s
2026-08-25T05:26:25+00:00 RUN_HEARTBEAT pid=25240 elapsed=62s
2026-08-25T05:26:41+00:00 RUN_END id=OAFX0439 window=SCREEN_IS status=OK decision=SCREEN_OUT_SINGLE_SLEEVE elapsed=77.775s
2026-08-25T05:26:41+00:00 GATE_SKIP id=OAFX0439 window=IS reason=SINGLE_SLEEVE_INFERIOR decision=SCREEN_OUT_SINGLE_SLEEVE net=45024.0 PF=1.2259 DD=30.9381%
2026-08-25T05:26:41+00:00 RUN_START id=OAFX0440 family=sca_gj_drift_regime window=SCREEN_IS run=oafx_screen_is_oafx0440_20260825142641_99f1f1
2026-08-25T05:26:41+00:00 RUN_HEARTBEAT pid=38980 elapsed=0s
2026-08-25T05:27:43+00:00 RUN_HEARTBEAT pid=38980 elapsed=62s
2026-08-25T05:27:58+00:00 RUN_END id=OAFX0440 window=SCREEN_IS status=OK decision=SCREEN_OUT_SINGLE_SLEEVE elapsed=77.866s
2026-08-25T05:27:58+00:00 GATE_SKIP id=OAFX0440 window=IS reason=SINGLE_SLEEVE_INFERIOR decision=SCREEN_OUT_SINGLE_SLEEVE net=58977.0 PF=1.2953 DD=14.3035%
2026-08-25T05:27:58+00:00 RUN_START id=OAFX0441 family=sca_gj_drift_regime window=SCREEN_IS run=oafx_screen_is_oafx0441_20260825142758_68c7a5
2026-08-25T05:27:59+00:00 RUN_HEARTBEAT pid=23372 elapsed=0s
2026-08-25T05:29:01+00:00 RUN_HEARTBEAT pid=23372 elapsed=62s
2026-08-25T05:29:16+00:00 RUN_END id=OAFX0441 window=SCREEN_IS status=OK decision=SCREEN_OUT_SINGLE_SLEEVE elapsed=77.869s
2026-08-25T05:29:16+00:00 GATE_SKIP id=OAFX0441 window=IS reason=SINGLE_SLEEVE_INFERIOR decision=SCREEN_OUT_SINGLE_SLEEVE net=40045.0 PF=1.2759 DD=31.9713%
2026-08-25T05:29:16+00:00 RUN_START id=OAFX0442 family=sca_gj_drift_regime window=SCREEN_IS run=oafx_screen_is_oafx0442_20260825142916_a2fb87
2026-08-25T05:29:17+00:00 RUN_HEARTBEAT pid=45500 elapsed=0s
2026-08-25T05:30:19+00:00 RUN_HEARTBEAT pid=45500 elapsed=62s
2026-08-25T05:30:34+00:00 RUN_END id=OAFX0442 window=SCREEN_IS status=OK decision=SCREEN_OUT_SINGLE_SLEEVE elapsed=77.863s
2026-08-25T05:30:34+00:00 GATE_SKIP id=OAFX0442 window=IS reason=SINGLE_SLEEVE_INFERIOR decision=SCREEN_OUT_SINGLE_SLEEVE net=-557.0 PF=0.99 DD=14.1878%
2026-08-25T05:30:34+00:00 RUN_START id=OAFX0443 family=sca_gj_drift_regime window=SCREEN_IS run=oafx_screen_is_oafx0443_20260825143034_848eb4
2026-08-25T05:30:35+00:00 RUN_HEARTBEAT pid=42236 elapsed=0s
2026-08-25T05:31:37+00:00 RUN_HEARTBEAT pid=42236 elapsed=62s
2026-08-25T05:31:52+00:00 RUN_END id=OAFX0443 window=SCREEN_IS status=OK decision=SCREEN_OUT_SINGLE_SLEEVE elapsed=77.807s
2026-08-25T05:31:52+00:00 GATE_SKIP id=OAFX0443 window=IS reason=SINGLE_SLEEVE_INFERIOR decision=SCREEN_OUT_SINGLE_SLEEVE net=40602.0 PF=1.4531 DD=28.9326%
2026-08-25T05:31:52+00:00 RUN_START id=OAFX0444 family=sca_gj_drift_regime window=SCREEN_IS run=oafx_screen_is_oafx0444_20260825143152_ef2aa6
2026-08-25T05:31:53+00:00 RUN_HEARTBEAT pid=14344 elapsed=0s
2026-08-25T05:32:54+00:00 RUN_HEARTBEAT pid=14344 elapsed=62s
2026-08-25T05:33:10+00:00 RUN_END id=OAFX0444 window=SCREEN_IS status=OK decision=SCREEN_OUT_SINGLE_SLEEVE elapsed=77.756s
2026-08-25T05:33:10+00:00 GATE_SKIP id=OAFX0444 window=IS reason=SINGLE_SLEEVE_INFERIOR decision=SCREEN_OUT_SINGLE_SLEEVE net=32899.0 PF=1.4093 DD=11.2822%
2026-08-25T05:33:10+00:00 RUN_START id=OAFX0445 family=sca_gj_drift_regime window=SCREEN_IS run=oafx_screen_is_oafx0445_20260825143310_c769f4
2026-08-25T05:33:10+00:00 RUN_HEARTBEAT pid=39112 elapsed=0s
2026-08-25T05:34:12+00:00 RUN_HEARTBEAT pid=39112 elapsed=62s
2026-08-25T05:34:27+00:00 RUN_END id=OAFX0445 window=SCREEN_IS status=OK decision=SCREEN_OUT_SINGLE_SLEEVE elapsed=77.833s
2026-08-25T05:34:27+00:00 GATE_SKIP id=OAFX0445 window=IS reason=SINGLE_SLEEVE_INFERIOR decision=SCREEN_OUT_SINGLE_SLEEVE net=38553.0 PF=1.1671 DD=34.4797%
2026-08-25T05:34:27+00:00 RUN_START id=OAFX0446 family=sca_gj_drift_regime window=SCREEN_IS run=oafx_screen_is_oafx0446_20260825143427_f2df7a
2026-08-25T05:34:28+00:00 RUN_HEARTBEAT pid=18772 elapsed=0s
2026-08-25T05:35:30+00:00 RUN_HEARTBEAT pid=18772 elapsed=62s
2026-08-25T05:35:45+00:00 RUN_END id=OAFX0446 window=SCREEN_IS status=OK decision=SCREEN_OUT_SINGLE_SLEEVE elapsed=77.808s
2026-08-25T05:35:45+00:00 GATE_SKIP id=OAFX0446 window=IS reason=SINGLE_SLEEVE_INFERIOR decision=SCREEN_OUT_SINGLE_SLEEVE net=13035.0 PF=1.1437 DD=13.6495%
2026-08-25T05:35:45+00:00 RUN_START id=OAFX0447 family=sca_gj_drift_regime window=SCREEN_IS run=oafx_screen_is_oafx0447_20260825143545_06febf
2026-08-25T05:35:46+00:00 RUN_HEARTBEAT pid=43416 elapsed=0s
2026-08-25T05:36:48+00:00 RUN_HEARTBEAT pid=43416 elapsed=62s
2026-08-25T05:37:03+00:00 RUN_END id=OAFX0447 window=SCREEN_IS status=OK decision=SCREEN_OUT_SINGLE_SLEEVE elapsed=77.874s
2026-08-25T05:37:03+00:00 GATE_SKIP id=OAFX0447 window=IS reason=SINGLE_SLEEVE_INFERIOR decision=SCREEN_OUT_SINGLE_SLEEVE net=25518.0 PF=1.1823 DD=34.5878%
2026-08-25T05:37:03+00:00 RUN_START id=OAFX0448 family=sca_gj_drift_regime window=SCREEN_IS run=oafx_screen_is_oafx0448_20260825143703_07e4de
2026-08-25T05:37:04+00:00 RUN_HEARTBEAT pid=22412 elapsed=0s
2026-08-25T05:38:06+00:00 RUN_HEARTBEAT pid=22412 elapsed=62s
2026-08-25T05:38:21+00:00 RUN_END id=OAFX0448 window=SCREEN_IS status=OK decision=SCREEN_OUT_SINGLE_SLEEVE elapsed=77.812s
2026-08-25T05:38:21+00:00 GATE_SKIP id=OAFX0448 window=IS reason=SINGLE_SLEEVE_INFERIOR decision=SCREEN_OUT_SINGLE_SLEEVE net=34917.0 PF=1.2477 DD=15.2791%
2026-08-25T05:38:21+00:00 RUN_START id=OAFX0449 family=sca_gj_drift_regime window=SCREEN_IS run=oafx_screen_is_oafx0449_20260825143821_7f37b2
2026-08-25T05:38:22+00:00 RUN_HEARTBEAT pid=24340 elapsed=0s
2026-08-25T05:39:23+00:00 RUN_HEARTBEAT pid=24340 elapsed=62s
2026-08-25T05:39:39+00:00 RUN_END id=OAFX0449 window=SCREEN_IS status=OK decision=SCREEN_OUT_SINGLE_SLEEVE elapsed=77.821s
2026-08-25T05:39:39+00:00 GATE_SKIP id=OAFX0449 window=IS reason=SINGLE_SLEEVE_INFERIOR decision=SCREEN_OUT_SINGLE_SLEEVE net=73717.0 PF=1.2753 DD=21.859%
2026-08-25T05:39:39+00:00 RUN_START id=OAFX0450 family=sca_gj_drift_regime window=SCREEN_IS run=oafx_screen_is_oafx0450_20260825143939_e4841a
2026-08-25T05:39:40+00:00 RUN_HEARTBEAT pid=32084 elapsed=0s
2026-08-25T05:40:41+00:00 RUN_HEARTBEAT pid=32084 elapsed=62s
2026-08-25T05:40:57+00:00 RUN_END id=OAFX0450 window=SCREEN_IS status=OK decision=SCREEN_OUT_SINGLE_SLEEVE elapsed=77.818s
2026-08-25T05:40:57+00:00 GATE_SKIP id=OAFX0450 window=IS reason=SINGLE_SLEEVE_INFERIOR decision=SCREEN_OUT_SINGLE_SLEEVE net=31453.0 PF=1.2723 DD=9.2643%
2026-08-25T05:40:57+00:00 RUN_START id=OAFX0451 family=sca_gj_drift_regime window=SCREEN_IS run=oafx_screen_is_oafx0451_20260825144057_c682db
2026-08-25T05:40:57+00:00 RUN_HEARTBEAT pid=28308 elapsed=0s
2026-08-25T05:41:59+00:00 RUN_HEARTBEAT pid=28308 elapsed=62s
2026-08-25T05:42:14+00:00 RUN_END id=OAFX0451 window=SCREEN_IS status=OK decision=SCREEN_OUT_SINGLE_SLEEVE elapsed=77.843s
2026-08-25T05:42:14+00:00 GATE_SKIP id=OAFX0451 window=IS reason=SINGLE_SLEEVE_INFERIOR decision=SCREEN_OUT_SINGLE_SLEEVE net=42264.0 PF=1.2775 DD=26.0807%
2026-08-25T05:42:14+00:00 RUN_START id=OAFX0452 family=sca_gj_drift_regime window=SCREEN_IS run=oafx_screen_is_oafx0452_20260825144214_567f2b
2026-08-25T05:42:15+00:00 RUN_HEARTBEAT pid=41608 elapsed=0s
2026-08-25T05:43:17+00:00 RUN_HEARTBEAT pid=41608 elapsed=62s
2026-08-25T05:43:32+00:00 RUN_END id=OAFX0452 window=SCREEN_IS status=OK decision=SCREEN_OUT_SINGLE_SLEEVE elapsed=77.810s
2026-08-25T05:43:32+00:00 GATE_SKIP id=OAFX0452 window=IS reason=SINGLE_SLEEVE_INFERIOR decision=SCREEN_OUT_SINGLE_SLEEVE net=56467.0 PF=1.3407 DD=14.2873%
2026-08-25T05:43:32+00:00 RUN_START id=OAFX0453 family=sca_gj_drift_regime window=SCREEN_IS run=oafx_screen_is_oafx0453_20260825144332_d37293
2026-08-25T05:43:33+00:00 RUN_HEARTBEAT pid=23632 elapsed=0s
2026-08-25T05:44:35+00:00 RUN_HEARTBEAT pid=23632 elapsed=62s
2026-08-25T05:44:50+00:00 RUN_END id=OAFX0453 window=SCREEN_IS status=OK decision=SCREEN_OUT_SINGLE_SLEEVE elapsed=77.871s
2026-08-25T05:44:50+00:00 GATE_SKIP id=OAFX0453 window=IS reason=SINGLE_SLEEVE_INFERIOR decision=SCREEN_OUT_SINGLE_SLEEVE net=72605.0 PF=1.2652 DD=22.5627%
2026-08-25T05:44:50+00:00 RUN_START id=OAFX0454 family=sca_gj_drift_regime window=SCREEN_IS run=oafx_screen_is_oafx0454_20260825144450_7b8591
2026-08-25T05:44:51+00:00 RUN_HEARTBEAT pid=3152 elapsed=0s
2026-08-25T05:45:53+00:00 RUN_HEARTBEAT pid=3152 elapsed=62s
2026-08-25T05:46:08+00:00 RUN_END id=OAFX0454 window=SCREEN_IS status=OK decision=SCREEN_OUT_SINGLE_SLEEVE elapsed=77.875s
2026-08-25T05:46:08+00:00 GATE_SKIP id=OAFX0454 window=IS reason=SINGLE_SLEEVE_INFERIOR decision=SCREEN_OUT_SINGLE_SLEEVE net=30341.0 PF=1.2498 DD=8.804%
2026-08-25T05:46:08+00:00 RUN_START id=OAFX0455 family=sca_gj_drift_regime window=SCREEN_IS run=oafx_screen_is_oafx0455_20260825144608_0d91d7
2026-08-25T05:46:09+00:00 RUN_HEARTBEAT pid=39084 elapsed=0s
2026-08-25T05:47:10+00:00 RUN_HEARTBEAT pid=39084 elapsed=62s
2026-08-25T05:47:26+00:00 RUN_END id=OAFX0455 window=SCREEN_IS status=OK decision=SCREEN_OUT_SINGLE_SLEEVE elapsed=77.827s
2026-08-25T05:47:26+00:00 GATE_SKIP id=OAFX0455 window=IS reason=SINGLE_SLEEVE_INFERIOR decision=SCREEN_OUT_SINGLE_SLEEVE net=42264.0 PF=1.2775 DD=26.0807%
2026-08-25T05:47:26+00:00 RUN_START id=OAFX0456 family=sca_gj_drift_regime window=SCREEN_IS run=oafx_screen_is_oafx0456_20260825144726_cb3852
2026-08-25T05:47:27+00:00 RUN_HEARTBEAT pid=13608 elapsed=0s
2026-08-25T05:48:28+00:00 RUN_HEARTBEAT pid=13608 elapsed=62s
2026-08-25T05:48:44+00:00 RUN_END id=OAFX0456 window=SCREEN_IS status=OK decision=SCREEN_OUT_SINGLE_SLEEVE elapsed=77.850s
2026-08-25T05:48:44+00:00 GATE_SKIP id=OAFX0456 window=IS reason=SINGLE_SLEEVE_INFERIOR decision=SCREEN_OUT_SINGLE_SLEEVE net=55355.0 PF=1.3224 DD=14.0847%
2026-08-25T05:48:44+00:00 RUN_START id=OAFX0457 family=sca_gj_drift_regime window=SCREEN_IS run=oafx_screen_is_oafx0457_20260825144844_9849b3
2026-08-25T05:48:44+00:00 RUN_HEARTBEAT pid=3032 elapsed=0s
2026-08-25T05:49:46+00:00 RUN_HEARTBEAT pid=3032 elapsed=62s
2026-08-25T05:50:01+00:00 RUN_END id=OAFX0457 window=SCREEN_IS status=OK decision=SCREEN_OUT_SINGLE_SLEEVE elapsed=77.847s
2026-08-25T05:50:01+00:00 GATE_SKIP id=OAFX0457 window=IS reason=SINGLE_SLEEVE_INFERIOR decision=SCREEN_OUT_SINGLE_SLEEVE net=72605.0 PF=1.2652 DD=22.5627%
2026-08-25T05:50:01+00:00 RUN_START id=OAFX0458 family=sca_gj_drift_regime window=SCREEN_IS run=oafx_screen_is_oafx0458_20260825145001_cfa975
2026-08-25T05:50:02+00:00 RUN_HEARTBEAT pid=35224 elapsed=0s
2026-08-25T05:51:04+00:00 RUN_HEARTBEAT pid=35224 elapsed=62s
2026-08-25T05:51:19+00:00 RUN_END id=OAFX0458 window=SCREEN_IS status=OK decision=SCREEN_OUT_SINGLE_SLEEVE elapsed=77.819s
2026-08-25T05:51:19+00:00 GATE_SKIP id=OAFX0458 window=IS reason=SINGLE_SLEEVE_INFERIOR decision=SCREEN_OUT_SINGLE_SLEEVE net=30341.0 PF=1.2498 DD=8.804%
2026-08-25T05:51:19+00:00 RUN_START id=OAFX0459 family=sca_gj_drift_regime window=SCREEN_IS run=oafx_screen_is_oafx0459_20260825145119_de2160
2026-08-25T05:51:20+00:00 RUN_HEARTBEAT pid=12120 elapsed=0s
2026-08-25T05:52:22+00:00 RUN_HEARTBEAT pid=12120 elapsed=62s
2026-08-25T05:52:37+00:00 RUN_END id=OAFX0459 window=SCREEN_IS status=OK decision=SCREEN_OUT_SINGLE_SLEEVE elapsed=77.853s
2026-08-25T05:52:37+00:00 GATE_SKIP id=OAFX0459 window=IS reason=SINGLE_SLEEVE_INFERIOR decision=SCREEN_OUT_SINGLE_SLEEVE net=42264.0 PF=1.2775 DD=26.0807%
2026-08-25T05:52:37+00:00 RUN_START id=OAFX0460 family=sca_gj_drift_regime window=SCREEN_IS run=oafx_screen_is_oafx0460_20260825145237_f9ed78
2026-08-25T05:52:38+00:00 RUN_HEARTBEAT pid=39724 elapsed=0s
2026-08-25T05:53:40+00:00 RUN_HEARTBEAT pid=39724 elapsed=62s
2026-08-25T05:53:55+00:00 RUN_END id=OAFX0460 window=SCREEN_IS status=OK decision=SCREEN_OUT_SINGLE_SLEEVE elapsed=77.856s
2026-08-25T05:53:55+00:00 GATE_SKIP id=OAFX0460 window=IS reason=SINGLE_SLEEVE_INFERIOR decision=SCREEN_OUT_SINGLE_SLEEVE net=55355.0 PF=1.3224 DD=14.0847%
2026-08-25T05:53:55+00:00 RUN_START id=OAFX0461 family=sca_gj_drift_regime window=SCREEN_IS run=oafx_screen_is_oafx0461_20260825145355_11897f
2026-08-25T05:53:56+00:00 RUN_HEARTBEAT pid=39392 elapsed=0s
2026-08-25T05:54:57+00:00 RUN_HEARTBEAT pid=39392 elapsed=62s
2026-08-25T05:55:13+00:00 RUN_END id=OAFX0461 window=SCREEN_IS status=OK decision=SCREEN_OUT_SINGLE_SLEEVE elapsed=77.804s
2026-08-25T05:55:13+00:00 GATE_SKIP id=OAFX0461 window=IS reason=SINGLE_SLEEVE_INFERIOR decision=SCREEN_OUT_SINGLE_SLEEVE net=12684.0 PF=1.1036 DD=37.9055%
2026-08-25T05:55:13+00:00 RUN_START id=OAFX0462 family=sca_gj_drift_regime window=SCREEN_IS run=oafx_screen_is_oafx0462_20260825145513_356dd0
2026-08-25T05:55:14+00:00 RUN_HEARTBEAT pid=5760 elapsed=0s
2026-08-25T05:56:15+00:00 RUN_HEARTBEAT pid=5760 elapsed=62s
2026-08-25T05:56:31+00:00 RUN_END id=OAFX0462 window=SCREEN_IS status=OK decision=SCREEN_OUT_SINGLE_SLEEVE elapsed=77.851s
2026-08-25T05:56:31+00:00 GATE_SKIP id=OAFX0462 window=IS reason=SINGLE_SLEEVE_INFERIOR decision=SCREEN_OUT_SINGLE_SLEEVE net=-2064.0 PF=0.9522 DD=9.974%
2026-08-25T05:56:31+00:00 RUN_START id=OAFX0463 family=sca_gj_drift_regime window=SCREEN_IS run=oafx_screen_is_oafx0463_20260825145631_e700ac
2026-08-25T05:56:31+00:00 RUN_HEARTBEAT pid=13884 elapsed=0s
2026-08-25T05:57:33+00:00 RUN_HEARTBEAT pid=13884 elapsed=62s
2026-08-25T05:57:48+00:00 RUN_END id=OAFX0463 window=SCREEN_IS status=OK decision=SCREEN_OUT_SINGLE_SLEEVE elapsed=77.840s
2026-08-25T05:57:48+00:00 GATE_SKIP id=OAFX0463 window=IS reason=SINGLE_SLEEVE_INFERIOR decision=SCREEN_OUT_SINGLE_SLEEVE net=14748.0 PF=1.1861 DD=34.4194%
2026-08-25T05:57:48+00:00 RUN_START id=OAFX0464 family=sca_gj_drift_regime window=SCREEN_IS run=oafx_screen_is_oafx0464_20260825145748_7fbc66
2026-08-25T05:57:49+00:00 RUN_HEARTBEAT pid=41172 elapsed=0s
2026-08-25T05:58:51+00:00 RUN_HEARTBEAT pid=41172 elapsed=62s
2026-08-25T05:59:06+00:00 RUN_END id=OAFX0464 window=SCREEN_IS status=OK decision=SCREEN_OUT_SINGLE_SLEEVE elapsed=77.849s
2026-08-25T05:59:06+00:00 GATE_SKIP id=OAFX0464 window=IS reason=SINGLE_SLEEVE_INFERIOR decision=SCREEN_OUT_SINGLE_SLEEVE net=23142.0 PF=1.3617 DD=16.3029%
2026-08-25T05:59:06+00:00 RUN_START id=OAFX0465 family=sca_gj_drift_regime window=SCREEN_IS run=oafx_screen_is_oafx0465_20260825145906_4523e7
2026-08-25T05:59:07+00:00 RUN_HEARTBEAT pid=39084 elapsed=0s
2026-08-25T06:00:09+00:00 RUN_HEARTBEAT pid=39084 elapsed=62s
2026-08-25T06:00:24+00:00 RUN_END id=OAFX0465 window=SCREEN_IS status=OK decision=SCREEN_OUT_SINGLE_SLEEVE elapsed=77.804s
2026-08-25T06:00:24+00:00 GATE_SKIP id=OAFX0465 window=IS reason=SINGLE_SLEEVE_INFERIOR decision=SCREEN_OUT_SINGLE_SLEEVE net=11192.0 PF=1.0538 DD=41.3134%
2026-08-25T06:00:24+00:00 RUN_START id=OAFX0466 family=sca_gj_drift_regime window=SCREEN_IS run=oafx_screen_is_oafx0466_20260825150024_fbe41b
2026-08-25T06:00:25+00:00 RUN_HEARTBEAT pid=6504 elapsed=0s
2026-08-25T06:01:27+00:00 RUN_HEARTBEAT pid=6504 elapsed=62s
2026-08-25T06:01:42+00:00 RUN_END id=OAFX0466 window=SCREEN_IS status=OK decision=SCREEN_OUT_SINGLE_SLEEVE elapsed=77.796s
2026-08-25T06:01:42+00:00 GATE_SKIP id=OAFX0466 window=IS reason=SINGLE_SLEEVE_INFERIOR decision=SCREEN_OUT_SINGLE_SLEEVE net=11528.0 PF=1.1471 DD=9.8324%
2026-08-25T06:01:42+00:00 RUN_START id=OAFX0467 family=sca_gj_drift_regime window=SCREEN_IS run=oafx_screen_is_oafx0467_20260825150142_2196a1
2026-08-25T06:01:43+00:00 RUN_HEARTBEAT pid=13028 elapsed=0s
2026-08-25T06:02:44+00:00 RUN_HEARTBEAT pid=13028 elapsed=62s
2026-08-25T06:03:00+00:00 RUN_END id=OAFX0467 window=SCREEN_IS status=OK decision=SCREEN_OUT_SINGLE_SLEEVE elapsed=77.781s
2026-08-25T06:03:00+00:00 GATE_SKIP id=OAFX0467 window=IS reason=SINGLE_SLEEVE_INFERIOR decision=SCREEN_OUT_SINGLE_SLEEVE net=-336.0 PF=0.9974 DD=41.3525%
2026-08-25T06:03:00+00:00 RUN_START id=OAFX0468 family=sca_gj_drift_regime window=SCREEN_IS run=oafx_screen_is_oafx0468_20260825150300_f294bf
2026-08-25T06:03:00+00:00 RUN_HEARTBEAT pid=9424 elapsed=0s
2026-08-25T06:04:02+00:00 RUN_HEARTBEAT pid=9424 elapsed=62s
2026-08-25T06:04:18+00:00 RUN_END id=OAFX0468 window=SCREEN_IS status=OK decision=SCREEN_OUT_SINGLE_SLEEVE elapsed=77.822s
2026-08-25T06:04:18+00:00 GATE_SKIP id=OAFX0468 window=IS reason=SINGLE_SLEEVE_INFERIOR decision=SCREEN_OUT_SINGLE_SLEEVE net=25160.0 PF=1.202 DD=16.6195%
2026-08-25T06:04:18+00:00 RUN_START id=OAFX0469 family=sca_gj_drift_regime window=SCREEN_IS run=oafx_screen_is_oafx0469_20260825150418_91e210
2026-08-25T06:04:18+00:00 RUN_HEARTBEAT pid=14740 elapsed=0s
2026-08-25T06:05:20+00:00 RUN_HEARTBEAT pid=14740 elapsed=62s
2026-08-25T06:05:35+00:00 RUN_END id=OAFX0469 window=SCREEN_IS status=OK decision=SCREEN_OUT_SINGLE_SLEEVE elapsed=77.826s
2026-08-25T06:05:35+00:00 GATE_SKIP id=OAFX0469 window=IS reason=SINGLE_SLEEVE_INFERIOR decision=SCREEN_OUT_SINGLE_SLEEVE net=46356.0 PF=1.1891 DD=23.3676%
2026-08-25T06:05:35+00:00 RUN_START id=OAFX0470 family=sca_gj_drift_regime window=SCREEN_IS run=oafx_screen_is_oafx0470_20260825150535_b7905c
2026-08-25T06:05:36+00:00 RUN_HEARTBEAT pid=8456 elapsed=0s
2026-08-25T06:06:38+00:00 RUN_HEARTBEAT pid=8456 elapsed=62s
2026-08-25T06:06:53+00:00 RUN_END id=OAFX0470 window=SCREEN_IS status=OK decision=SCREEN_OUT_SINGLE_SLEEVE elapsed=77.813s
2026-08-25T06:06:53+00:00 GATE_SKIP id=OAFX0470 window=IS reason=SINGLE_SLEEVE_INFERIOR decision=SCREEN_OUT_SINGLE_SLEEVE net=29946.0 PF=1.2903 DD=8.2211%
2026-08-25T06:06:53+00:00 RUN_START id=OAFX0471 family=sca_gj_drift_regime window=SCREEN_IS run=oafx_screen_is_oafx0471_20260825150653_484c93
2026-08-25T06:06:54+00:00 RUN_HEARTBEAT pid=44016 elapsed=0s
2026-08-25T06:07:56+00:00 RUN_HEARTBEAT pid=44016 elapsed=62s
2026-08-25T06:08:11+00:00 RUN_END id=OAFX0471 window=SCREEN_IS status=OK decision=SCREEN_OUT_SINGLE_SLEEVE elapsed=77.814s
2026-08-25T06:08:11+00:00 GATE_SKIP id=OAFX0471 window=IS reason=SINGLE_SLEEVE_INFERIOR decision=SCREEN_OUT_SINGLE_SLEEVE net=16410.0 PF=1.1156 DD=28.7907%
2026-08-25T06:08:11+00:00 RUN_START id=OAFX0472 family=sca_gj_drift_regime window=SCREEN_IS run=oafx_screen_is_oafx0472_20260825150811_ac13ab
2026-08-25T06:08:12+00:00 RUN_HEARTBEAT pid=38320 elapsed=0s
2026-08-25T06:09:13+00:00 RUN_HEARTBEAT pid=38320 elapsed=62s
2026-08-25T06:09:29+00:00 RUN_END id=OAFX0472 window=SCREEN_IS status=OK decision=SCREEN_OUT_SINGLE_SLEEVE elapsed=77.840s
2026-08-25T06:09:29+00:00 GATE_SKIP id=OAFX0472 window=IS reason=SINGLE_SLEEVE_INFERIOR decision=SCREEN_OUT_SINGLE_SLEEVE net=46710.0 PF=1.3128 DD=15.4279%
2026-08-25T06:09:29+00:00 RUN_START id=OAFX0473 family=sca_gj_drift_regime window=SCREEN_IS run=oafx_screen_is_oafx0473_20260825150929_dc84b2
2026-08-25T06:09:30+00:00 RUN_HEARTBEAT pid=24404 elapsed=0s
2026-08-25T06:10:31+00:00 RUN_HEARTBEAT pid=24404 elapsed=62s
2026-08-25T06:10:47+00:00 RUN_END id=OAFX0473 window=SCREEN_IS status=OK decision=SCREEN_OUT_SINGLE_SLEEVE elapsed=77.863s
2026-08-25T06:10:47+00:00 GATE_SKIP id=OAFX0473 window=IS reason=SINGLE_SLEEVE_INFERIOR decision=SCREEN_OUT_SINGLE_SLEEVE net=45244.0 PF=1.1802 DD=24.2283%
2026-08-25T06:10:47+00:00 RUN_START id=OAFX0474 family=sca_gj_drift_regime window=SCREEN_IS run=oafx_screen_is_oafx0474_20260825151047_606815
2026-08-25T06:10:47+00:00 RUN_HEARTBEAT pid=37324 elapsed=0s
2026-08-25T06:11:49+00:00 RUN_HEARTBEAT pid=37324 elapsed=62s
2026-08-25T06:12:05+00:00 RUN_END id=OAFX0474 window=SCREEN_IS status=OK decision=SCREEN_OUT_SINGLE_SLEEVE elapsed=77.865s
2026-08-25T06:12:05+00:00 GATE_SKIP id=OAFX0474 window=IS reason=SINGLE_SLEEVE_INFERIOR decision=SCREEN_OUT_SINGLE_SLEEVE net=28834.0 PF=1.2643 DD=8.0161%
2026-08-25T06:12:05+00:00 RUN_START id=OAFX0475 family=sca_gj_drift_regime window=SCREEN_IS run=oafx_screen_is_oafx0475_20260825151205_2ddfff
2026-08-25T06:12:05+00:00 RUN_HEARTBEAT pid=44992 elapsed=0s
2026-08-25T06:13:07+00:00 RUN_HEARTBEAT pid=44992 elapsed=62s
2026-08-25T06:13:22+00:00 RUN_END id=OAFX0475 window=SCREEN_IS status=OK decision=SCREEN_OUT_SINGLE_SLEEVE elapsed=77.898s
2026-08-25T06:13:22+00:00 GATE_SKIP id=OAFX0475 window=IS reason=SINGLE_SLEEVE_INFERIOR decision=SCREEN_OUT_SINGLE_SLEEVE net=16410.0 PF=1.1156 DD=28.7907%
2026-08-25T06:13:22+00:00 RUN_START id=OAFX0476 family=sca_gj_drift_regime window=SCREEN_IS run=oafx_screen_is_oafx0476_20260825151322_14cfb2
2026-08-25T06:13:23+00:00 RUN_HEARTBEAT pid=36780 elapsed=0s
2026-08-25T06:14:25+00:00 RUN_HEARTBEAT pid=36780 elapsed=62s
2026-08-25T06:14:40+00:00 RUN_END id=OAFX0476 window=SCREEN_IS status=OK decision=SCREEN_OUT_SINGLE_SLEEVE elapsed=77.841s
2026-08-25T06:14:40+00:00 GATE_SKIP id=OAFX0476 window=IS reason=SINGLE_SLEEVE_INFERIOR decision=SCREEN_OUT_SINGLE_SLEEVE net=45598.0 PF=1.2936 DD=15.2031%
2026-08-25T06:14:40+00:00 RUN_START id=OAFX0477 family=sca_gj_drift_regime window=SCREEN_IS run=oafx_screen_is_oafx0477_20260825151440_ecc5a2
2026-08-25T06:14:41+00:00 RUN_HEARTBEAT pid=37900 elapsed=0s
2026-08-25T06:15:43+00:00 RUN_HEARTBEAT pid=37900 elapsed=62s
2026-08-25T06:15:58+00:00 RUN_END id=OAFX0477 window=SCREEN_IS status=OK decision=SCREEN_OUT_SINGLE_SLEEVE elapsed=77.813s
2026-08-25T06:15:58+00:00 GATE_SKIP id=OAFX0477 window=IS reason=SINGLE_SLEEVE_INFERIOR decision=SCREEN_OUT_SINGLE_SLEEVE net=45244.0 PF=1.1802 DD=24.2283%
2026-08-25T06:15:58+00:00 RUN_START id=OAFX0478 family=sca_gj_drift_regime window=SCREEN_IS run=oafx_screen_is_oafx0478_20260825151558_d70868
2026-08-25T06:15:59+00:00 RUN_HEARTBEAT pid=3828 elapsed=0s
2026-08-25T06:17:01+00:00 RUN_HEARTBEAT pid=3828 elapsed=62s
2026-08-25T06:17:16+00:00 RUN_END id=OAFX0478 window=SCREEN_IS status=OK decision=SCREEN_OUT_SINGLE_SLEEVE elapsed=77.862s
2026-08-25T06:17:16+00:00 GATE_SKIP id=OAFX0478 window=IS reason=SINGLE_SLEEVE_INFERIOR decision=SCREEN_OUT_SINGLE_SLEEVE net=28834.0 PF=1.2643 DD=8.0161%
2026-08-25T06:17:16+00:00 RUN_START id=OAFX0479 family=sca_gj_drift_regime window=SCREEN_IS run=oafx_screen_is_oafx0479_20260825151716_25bd3d
2026-08-25T06:17:17+00:00 RUN_HEARTBEAT pid=37820 elapsed=0s
2026-08-25T06:18:18+00:00 RUN_HEARTBEAT pid=37820 elapsed=62s
2026-08-25T06:18:34+00:00 RUN_END id=OAFX0479 window=SCREEN_IS status=OK decision=SCREEN_OUT_SINGLE_SLEEVE elapsed=77.848s
2026-08-25T06:18:34+00:00 GATE_SKIP id=OAFX0479 window=IS reason=SINGLE_SLEEVE_INFERIOR decision=SCREEN_OUT_SINGLE_SLEEVE net=16410.0 PF=1.1156 DD=28.7907%
2026-08-25T06:18:34+00:00 RUN_START id=OAFX0480 family=sca_gj_drift_regime window=SCREEN_IS run=oafx_screen_is_oafx0480_20260825151834_f5042f
2026-08-25T06:18:35+00:00 RUN_HEARTBEAT pid=46024 elapsed=0s
2026-08-25T06:19:36+00:00 RUN_HEARTBEAT pid=46024 elapsed=62s
2026-08-25T06:19:52+00:00 RUN_END id=OAFX0480 window=SCREEN_IS status=OK decision=SCREEN_OUT_SINGLE_SLEEVE elapsed=77.852s
2026-08-25T06:19:52+00:00 GATE_SKIP id=OAFX0480 window=IS reason=SINGLE_SLEEVE_INFERIOR decision=SCREEN_OUT_SINGLE_SLEEVE net=45598.0 PF=1.2936 DD=15.2031%
2026-08-25T06:19:52+00:00 RUN_START id=OAFX0481 family=sca_gj_drift_regime window=SCREEN_IS run=oafx_screen_is_oafx0481_20260825151952_f9ef0e
2026-08-25T06:19:52+00:00 RUN_HEARTBEAT pid=36120 elapsed=0s
2026-08-25T06:20:54+00:00 RUN_HEARTBEAT pid=36120 elapsed=62s
2026-08-25T06:21:09+00:00 RUN_END id=OAFX0481 window=SCREEN_IS status=OK decision=SCREEN_OUT_SINGLE_SLEEVE elapsed=77.802s
2026-08-25T06:21:09+00:00 GATE_SKIP id=OAFX0481 window=IS reason=SINGLE_SLEEVE_INFERIOR decision=SCREEN_OUT_SINGLE_SLEEVE net=-15485.0 PF=0.7926 DD=35.8631%
2026-08-25T06:21:09+00:00 RUN_START id=OAFX0482 family=sca_gj_drift_regime window=SCREEN_IS run=oafx_screen_is_oafx0482_20260825152109_93a6c2
2026-08-25T06:21:10+00:00 RUN_HEARTBEAT pid=40688 elapsed=0s
2026-08-25T06:22:12+00:00 RUN_HEARTBEAT pid=40688 elapsed=62s
2026-08-25T06:22:27+00:00 RUN_END id=OAFX0482 window=SCREEN_IS status=OK decision=SCREEN_OUT_SINGLE_SLEEVE elapsed=77.806s
2026-08-25T06:22:27+00:00 GATE_SKIP id=OAFX0482 window=IS reason=SINGLE_SLEEVE_INFERIOR decision=SCREEN_OUT_SINGLE_SLEEVE net=-3911.0 PF=0.8394 DD=10.1524%
2026-08-25T06:22:27+00:00 RUN_START id=OAFX0483 family=sca_gj_drift_regime window=SCREEN_IS run=oafx_screen_is_oafx0483_20260825152227_dafd7d
2026-08-25T06:22:28+00:00 RUN_HEARTBEAT pid=28936 elapsed=0s
2026-08-25T06:23:30+00:00 RUN_HEARTBEAT pid=28936 elapsed=62s
2026-08-25T06:23:45+00:00 RUN_END id=OAFX0483 window=SCREEN_IS status=OK decision=SCREEN_OUT_SINGLE_SLEEVE elapsed=77.831s
2026-08-25T06:23:45+00:00 GATE_SKIP id=OAFX0483 window=IS reason=SINGLE_SLEEVE_INFERIOR decision=SCREEN_OUT_SINGLE_SLEEVE net=-11574.0 PF=0.77 DD=32.3651%
2026-08-25T06:23:45+00:00 RUN_START id=OAFX0484 family=sca_gj_drift_regime window=SCREEN_IS run=oafx_screen_is_oafx0484_20260825152345_68ec87
2026-08-25T06:23:46+00:00 RUN_HEARTBEAT pid=44640 elapsed=0s
2026-08-25T06:24:48+00:00 RUN_HEARTBEAT pid=44640 elapsed=62s
2026-08-25T06:25:03+00:00 RUN_END id=OAFX0484 window=SCREEN_IS status=OK decision=SCREEN_OUT_SINGLE_SLEEVE elapsed=77.816s
2026-08-25T06:25:03+00:00 GATE_SKIP id=OAFX0484 window=IS reason=SINGLE_SLEEVE_INFERIOR decision=SCREEN_OUT_SINGLE_SLEEVE net=5509.0 PF=1.1329 DD=21.4182%
2026-08-25T06:25:03+00:00 RUN_START id=OAFX0485 family=sca_gj_drift_regime window=SCREEN_IS run=oafx_screen_is_oafx0485_20260825152503_a2ffda
2026-08-25T06:25:04+00:00 RUN_HEARTBEAT pid=34016 elapsed=0s
2026-08-25T06:26:05+00:00 RUN_HEARTBEAT pid=34016 elapsed=62s
2026-08-25T06:26:21+00:00 RUN_END id=OAFX0485 window=SCREEN_IS status=OK decision=SCREEN_OUT_SINGLE_SLEEVE elapsed=77.814s
2026-08-25T06:26:21+00:00 GATE_SKIP id=OAFX0485 window=IS reason=SINGLE_SLEEVE_INFERIOR decision=SCREEN_OUT_SINGLE_SLEEVE net=-16977.0 PF=0.894 DD=39.3749%
2026-08-25T06:26:21+00:00 RUN_START id=OAFX0486 family=sca_gj_drift_regime window=SCREEN_IS run=oafx_screen_is_oafx0486_20260825152621_6c4081
2026-08-25T06:26:21+00:00 RUN_HEARTBEAT pid=9368 elapsed=0s
2026-08-25T06:27:23+00:00 RUN_HEARTBEAT pid=9368 elapsed=62s
2026-08-25T06:27:39+00:00 RUN_END id=OAFX0486 window=SCREEN_IS status=OK decision=SCREEN_OUT_SINGLE_SLEEVE elapsed=77.806s
2026-08-25T06:27:39+00:00 GATE_SKIP id=OAFX0486 window=IS reason=SINGLE_SLEEVE_INFERIOR decision=SCREEN_OUT_SINGLE_SLEEVE net=9681.0 PF=1.1626 DD=7.8033%
2026-08-25T06:27:39+00:00 RUN_START id=OAFX0487 family=sca_gj_drift_regime window=SCREEN_IS run=oafx_screen_is_oafx0487_20260825152739_f3bd6c
2026-08-25T06:27:39+00:00 RUN_HEARTBEAT pid=44876 elapsed=0s
2026-08-25T06:28:41+00:00 RUN_HEARTBEAT pid=44876 elapsed=62s
2026-08-25T06:28:56+00:00 RUN_END id=OAFX0487 window=SCREEN_IS status=OK decision=SCREEN_OUT_SINGLE_SLEEVE elapsed=77.820s
2026-08-25T06:28:56+00:00 GATE_SKIP id=OAFX0487 window=IS reason=SINGLE_SLEEVE_INFERIOR decision=SCREEN_OUT_SINGLE_SLEEVE net=-26658.0 PF=0.7352 DD=41.7042%
2026-08-25T06:28:56+00:00 RUN_START id=OAFX0488 family=sca_gj_drift_regime window=SCREEN_IS run=oafx_screen_is_oafx0488_20260825152856_caf191
2026-08-25T06:28:57+00:00 RUN_HEARTBEAT pid=20384 elapsed=0s
2026-08-25T06:29:59+00:00 RUN_HEARTBEAT pid=20384 elapsed=62s
2026-08-25T06:30:14+00:00 RUN_END id=OAFX0488 window=SCREEN_IS status=OK decision=SCREEN_OUT_SINGLE_SLEEVE elapsed=77.789s
2026-08-25T06:30:14+00:00 GATE_SKIP id=OAFX0488 window=IS reason=SINGLE_SLEEVE_INFERIOR decision=SCREEN_OUT_SINGLE_SLEEVE net=7527.0 PF=1.0738 DD=19.2348%
2026-08-25T06:30:14+00:00 RUN_START id=OAFX0489 family=sca_gj_drift_regime window=SCREEN_IS run=oafx_screen_is_oafx0489_20260825153014_12cff6
2026-08-25T06:30:15+00:00 RUN_HEARTBEAT pid=41768 elapsed=0s
2026-08-25T06:31:17+00:00 RUN_HEARTBEAT pid=41768 elapsed=62s
2026-08-25T06:31:32+00:00 RUN_END id=OAFX0489 window=SCREEN_IS status=OK decision=SCREEN_OUT_SINGLE_SLEEVE elapsed=77.825s
2026-08-25T06:31:32+00:00 GATE_SKIP id=OAFX0489 window=IS reason=SINGLE_SLEEVE_INFERIOR decision=SCREEN_OUT_SINGLE_SLEEVE net=18187.0 PF=1.0922 DD=22.1488%
2026-08-25T06:31:32+00:00 RUN_START id=OAFX0490 family=sca_gj_drift_regime window=SCREEN_IS run=oafx_screen_is_oafx0490_20260825153132_eac10d
2026-08-25T06:31:33+00:00 RUN_HEARTBEAT pid=39724 elapsed=0s
2026-08-25T06:32:34+00:00 RUN_HEARTBEAT pid=39724 elapsed=62s
2026-08-25T06:32:50+00:00 RUN_END id=OAFX0490 window=SCREEN_IS status=OK decision=SCREEN_OUT_SINGLE_SLEEVE elapsed=77.848s
2026-08-25T06:32:50+00:00 GATE_SKIP id=OAFX0490 window=IS reason=SINGLE_SLEEVE_INFERIOR decision=SCREEN_OUT_SINGLE_SLEEVE net=28099.0 PF=1.3332 DD=7.3165%
2026-08-25T06:32:50+00:00 RUN_START id=OAFX0491 family=sca_gj_drift_regime window=SCREEN_IS run=oafx_screen_is_oafx0491_20260825153250_6e6c5b
2026-08-25T06:32:51+00:00 RUN_HEARTBEAT pid=3720 elapsed=0s
2026-08-25T06:33:52+00:00 RUN_HEARTBEAT pid=3720 elapsed=62s
2026-08-25T06:34:08+00:00 RUN_END id=OAFX0491 window=SCREEN_IS status=OK decision=SCREEN_OUT_SINGLE_SLEEVE elapsed=77.812s
2026-08-25T06:34:08+00:00 GATE_SKIP id=OAFX0491 window=IS reason=SINGLE_SLEEVE_INFERIOR decision=SCREEN_OUT_SINGLE_SLEEVE net=-9912.0 PF=0.9123 DD=27.9957%
2026-08-25T06:34:08+00:00 RUN_START id=OAFX0492 family=sca_gj_drift_regime window=SCREEN_IS run=oafx_screen_is_oafx0492_20260825153408_15a42e
2026-08-25T06:34:08+00:00 RUN_HEARTBEAT pid=25828 elapsed=0s
2026-08-25T06:35:10+00:00 RUN_HEARTBEAT pid=25828 elapsed=62s
2026-08-25T06:35:25+00:00 RUN_END id=OAFX0492 window=SCREEN_IS status=OK decision=SCREEN_OUT_SINGLE_SLEEVE elapsed=77.813s
2026-08-25T06:35:25+00:00 GATE_SKIP id=OAFX0492 window=IS reason=SINGLE_SLEEVE_INFERIOR decision=SCREEN_OUT_SINGLE_SLEEVE net=29077.0 PF=1.2293 DD=15.9572%
2026-08-25T06:35:25+00:00 RUN_START id=OAFX0493 family=sca_gj_drift_regime window=SCREEN_IS run=oafx_screen_is_oafx0493_20260825153525_db3772
2026-08-25T06:35:26+00:00 RUN_HEARTBEAT pid=27068 elapsed=0s
2026-08-25T06:36:28+00:00 RUN_HEARTBEAT pid=27068 elapsed=62s
2026-08-25T06:36:43+00:00 RUN_END id=OAFX0493 window=SCREEN_IS status=OK decision=SCREEN_OUT_SINGLE_SLEEVE elapsed=77.825s
2026-08-25T06:36:43+00:00 GATE_SKIP id=OAFX0493 window=IS reason=SINGLE_SLEEVE_INFERIOR decision=SCREEN_OUT_SINGLE_SLEEVE net=17075.0 PF=1.084 DD=23.274%
2026-08-25T06:36:43+00:00 RUN_START id=OAFX0494 family=sca_gj_drift_regime window=SCREEN_IS run=oafx_screen_is_oafx0494_20260825153643_03435e
2026-08-25T06:36:44+00:00 RUN_HEARTBEAT pid=36444 elapsed=0s
2026-08-25T06:37:46+00:00 RUN_HEARTBEAT pid=36444 elapsed=62s
2026-08-25T06:38:01+00:00 RUN_END id=OAFX0494 window=SCREEN_IS status=OK decision=SCREEN_OUT_SINGLE_SLEEVE elapsed=77.840s
2026-08-25T06:38:01+00:00 GATE_SKIP id=OAFX0494 window=IS reason=SINGLE_SLEEVE_INFERIOR decision=SCREEN_OUT_SINGLE_SLEEVE net=26987.0 PF=1.2989 DD=8.4157%
2026-08-25T06:38:01+00:00 RUN_START id=OAFX0495 family=sca_gj_drift_regime window=SCREEN_IS run=oafx_screen_is_oafx0495_20260825153801_1c8ab0
2026-08-25T06:38:02+00:00 RUN_HEARTBEAT pid=29804 elapsed=0s
2026-08-25T06:39:04+00:00 RUN_HEARTBEAT pid=29804 elapsed=62s
2026-08-25T06:39:19+00:00 RUN_END id=OAFX0495 window=SCREEN_IS status=OK decision=SCREEN_OUT_SINGLE_SLEEVE elapsed=77.875s
2026-08-25T06:39:19+00:00 GATE_SKIP id=OAFX0495 window=IS reason=SINGLE_SLEEVE_INFERIOR decision=SCREEN_OUT_SINGLE_SLEEVE net=-9912.0 PF=0.9123 DD=27.9957%
2026-08-25T06:39:19+00:00 RUN_START id=OAFX0496 family=sca_gj_drift_regime window=SCREEN_IS run=oafx_screen_is_oafx0496_20260825153919_529190
2026-08-25T06:39:20+00:00 RUN_HEARTBEAT pid=3328 elapsed=0s
2026-08-25T06:40:21+00:00 RUN_HEARTBEAT pid=3328 elapsed=62s
2026-08-25T06:40:37+00:00 RUN_END id=OAFX0496 window=SCREEN_IS status=OK decision=SCREEN_OUT_SINGLE_SLEEVE elapsed=77.884s
2026-08-25T06:40:37+00:00 GATE_SKIP id=OAFX0496 window=IS reason=SINGLE_SLEEVE_INFERIOR decision=SCREEN_OUT_SINGLE_SLEEVE net=27965.0 PF=1.2106 DD=15.7127%
2026-08-25T06:40:37+00:00 RUN_START id=OAFX0497 family=sca_gj_drift_regime window=SCREEN_IS run=oafx_screen_is_oafx0497_20260825154037_4a3431
2026-08-25T06:40:38+00:00 RUN_HEARTBEAT pid=29212 elapsed=0s
2026-08-25T06:41:39+00:00 RUN_HEARTBEAT pid=29212 elapsed=62s
2026-08-25T06:41:55+00:00 RUN_END id=OAFX0497 window=SCREEN_IS status=OK decision=SCREEN_OUT_SINGLE_SLEEVE elapsed=77.917s
2026-08-25T06:41:55+00:00 GATE_SKIP id=OAFX0497 window=IS reason=SINGLE_SLEEVE_INFERIOR decision=SCREEN_OUT_SINGLE_SLEEVE net=17075.0 PF=1.084 DD=23.274%
2026-08-25T06:41:55+00:00 RUN_START id=OAFX0498 family=sca_gj_drift_regime window=SCREEN_IS run=oafx_screen_is_oafx0498_20260825154155_7d44a5
2026-08-25T06:41:56+00:00 RUN_HEARTBEAT pid=9340 elapsed=0s
2026-08-25T06:42:57+00:00 RUN_HEARTBEAT pid=9340 elapsed=62s
2026-08-25T06:43:13+00:00 RUN_END id=OAFX0498 window=SCREEN_IS status=OK decision=SCREEN_OUT_SINGLE_SLEEVE elapsed=77.872s
2026-08-25T06:43:13+00:00 GATE_SKIP id=OAFX0498 window=IS reason=SINGLE_SLEEVE_INFERIOR decision=SCREEN_OUT_SINGLE_SLEEVE net=26987.0 PF=1.2989 DD=8.4157%
2026-08-25T06:43:13+00:00 RUN_START id=OAFX0499 family=sca_gj_drift_regime window=SCREEN_IS run=oafx_screen_is_oafx0499_20260825154313_a6f923
2026-08-25T06:43:13+00:00 RUN_HEARTBEAT pid=14100 elapsed=0s
2026-08-25T06:44:15+00:00 RUN_HEARTBEAT pid=14100 elapsed=62s
2026-08-25T06:44:31+00:00 RUN_END id=OAFX0499 window=SCREEN_IS status=OK decision=SCREEN_OUT_SINGLE_SLEEVE elapsed=77.886s
2026-08-25T06:44:31+00:00 GATE_SKIP id=OAFX0499 window=IS reason=SINGLE_SLEEVE_INFERIOR decision=SCREEN_OUT_SINGLE_SLEEVE net=-9912.0 PF=0.9123 DD=27.9957%
2026-08-25T06:44:31+00:00 RUN_START id=OAFX0500 family=sca_gj_drift_regime window=SCREEN_IS run=oafx_screen_is_oafx0500_20260825154431_dbab35
2026-08-25T06:44:31+00:00 RUN_HEARTBEAT pid=31968 elapsed=0s
2026-08-25T06:45:33+00:00 RUN_HEARTBEAT pid=31968 elapsed=62s
2026-08-25T06:45:48+00:00 RUN_END id=OAFX0500 window=SCREEN_IS status=OK decision=SCREEN_OUT_SINGLE_SLEEVE elapsed=77.910s
2026-08-25T06:45:48+00:00 GATE_SKIP id=OAFX0500 window=IS reason=SINGLE_SLEEVE_INFERIOR decision=SCREEN_OUT_SINGLE_SLEEVE net=27965.0 PF=1.2106 DD=15.7127%
2026-08-25T06:45:48+00:00 RUN_START id=OAFX0501 family=sca_gj_session_shape window=SCREEN_IS run=oafx_screen_is_oafx0501_20260825154548_fd7663
2026-08-25T06:45:49+00:00 RUN_HEARTBEAT pid=12072 elapsed=0s
2026-08-25T06:46:51+00:00 RUN_HEARTBEAT pid=12072 elapsed=62s
2026-08-25T06:47:06+00:00 RUN_END id=OAFX0501 window=SCREEN_IS status=OK decision=SCREEN_OUT_SINGLE_SLEEVE elapsed=77.921s
2026-08-25T06:47:06+00:00 GATE_SKIP id=OAFX0501 window=IS reason=SINGLE_SLEEVE_INFERIOR decision=SCREEN_OUT_SINGLE_SLEEVE net=19336.0 PF=1.2675 DD=17.9836%
2026-08-25T06:47:06+00:00 RUN_START id=OAFX0502 family=sca_gj_session_shape window=SCREEN_IS run=oafx_screen_is_oafx0502_20260825154706_871c8e
2026-08-25T06:47:07+00:00 RUN_HEARTBEAT pid=26640 elapsed=0s
2026-08-25T06:48:09+00:00 RUN_HEARTBEAT pid=26640 elapsed=62s
2026-08-25T06:48:24+00:00 RUN_END id=OAFX0502 window=SCREEN_IS status=OK decision=SCREEN_OUT_SINGLE_SLEEVE elapsed=77.874s
2026-08-25T06:48:24+00:00 GATE_SKIP id=OAFX0502 window=IS reason=SINGLE_SLEEVE_INFERIOR decision=SCREEN_OUT_SINGLE_SLEEVE net=62273.0 PF=1.4339 DD=18.3727%
2026-08-25T06:48:24+00:00 RUN_START id=OAFX0503 family=sca_gj_session_shape window=SCREEN_IS run=oafx_screen_is_oafx0503_20260825154824_fbe6a1
2026-08-25T06:48:25+00:00 RUN_HEARTBEAT pid=37100 elapsed=0s
2026-08-25T06:49:27+00:00 RUN_HEARTBEAT pid=37100 elapsed=62s
2026-08-25T06:49:42+00:00 RUN_END id=OAFX0503 window=SCREEN_IS status=OK decision=SCREEN_OUT_SINGLE_SLEEVE elapsed=77.849s
2026-08-25T06:49:42+00:00 GATE_SKIP id=OAFX0503 window=IS reason=SINGLE_SLEEVE_INFERIOR decision=SCREEN_OUT_SINGLE_SLEEVE net=66334.0 PF=1.2429 DD=19.482%
2026-08-25T06:49:42+00:00 RUN_START id=OAFX0504 family=sca_gj_session_shape window=SCREEN_IS run=oafx_screen_is_oafx0504_20260825154942_da6764
2026-08-25T06:49:43+00:00 RUN_HEARTBEAT pid=44408 elapsed=0s
2026-08-25T06:50:45+00:00 RUN_HEARTBEAT pid=44408 elapsed=62s
2026-08-25T06:51:00+00:00 RUN_END id=OAFX0504 window=SCREEN_IS status=OK decision=SCREEN_OUT_SINGLE_SLEEVE elapsed=77.866s
2026-08-25T06:51:00+00:00 GATE_SKIP id=OAFX0504 window=IS reason=SINGLE_SLEEVE_INFERIOR decision=SCREEN_OUT_SINGLE_SLEEVE net=72760.0 PF=1.1698 DD=22.8497%
2026-08-25T06:51:00+00:00 RUN_START id=OAFX0505 family=sca_gj_session_shape window=SCREEN_IS run=oafx_screen_is_oafx0505_20260825155100_54c0cb
2026-08-25T06:51:01+00:00 RUN_HEARTBEAT pid=42348 elapsed=0s
2026-08-25T06:52:02+00:00 RUN_HEARTBEAT pid=42348 elapsed=62s
2026-08-25T06:52:18+00:00 RUN_END id=OAFX0505 window=SCREEN_IS status=OK decision=SCREEN_OUT_SINGLE_SLEEVE elapsed=77.824s
2026-08-25T06:52:18+00:00 GATE_SKIP id=OAFX0505 window=IS reason=SINGLE_SLEEVE_INFERIOR decision=SCREEN_OUT_SINGLE_SLEEVE net=31693.0 PF=1.3888 DD=20.9171%
2026-08-25T06:52:18+00:00 RUN_START id=OAFX0506 family=sca_gj_session_shape window=SCREEN_IS run=oafx_screen_is_oafx0506_20260825155218_23e755
2026-08-25T06:52:19+00:00 RUN_HEARTBEAT pid=24252 elapsed=0s
2026-08-25T06:53:20+00:00 RUN_HEARTBEAT pid=24252 elapsed=62s
2026-08-25T06:53:36+00:00 RUN_END id=OAFX0506 window=SCREEN_IS status=OK decision=SCREEN_OUT_SINGLE_SLEEVE elapsed=77.853s
2026-08-25T06:53:36+00:00 GATE_SKIP id=OAFX0506 window=IS reason=SINGLE_SLEEVE_INFERIOR decision=SCREEN_OUT_SINGLE_SLEEVE net=22873.0 PF=1.0936 DD=32.0056%
2026-08-25T06:53:36+00:00 RUN_START id=OAFX0507 family=sca_gj_session_shape window=SCREEN_IS run=oafx_screen_is_oafx0507_20260825155336_e167f7
2026-08-25T06:53:36+00:00 RUN_HEARTBEAT pid=38084 elapsed=0s
2026-08-25T06:54:38+00:00 RUN_HEARTBEAT pid=38084 elapsed=62s
2026-08-25T06:54:53+00:00 RUN_END id=OAFX0507 window=SCREEN_IS status=OK decision=SCREEN_OUT_SINGLE_SLEEVE elapsed=77.835s
2026-08-25T06:54:53+00:00 GATE_SKIP id=OAFX0507 window=IS reason=SINGLE_SLEEVE_INFERIOR decision=SCREEN_OUT_SINGLE_SLEEVE net=44648.0 PF=1.1127 DD=22.7878%
2026-08-25T06:54:53+00:00 RUN_START id=OAFX0508 family=sca_gj_session_shape window=SCREEN_IS run=oafx_screen_is_oafx0508_20260825155453_e6c55f
2026-08-25T06:54:54+00:00 RUN_HEARTBEAT pid=45368 elapsed=0s
2026-08-25T06:55:56+00:00 RUN_HEARTBEAT pid=45368 elapsed=62s
2026-08-25T06:56:11+00:00 RUN_END id=OAFX0508 window=SCREEN_IS status=OK decision=SCREEN_OUT_SINGLE_SLEEVE elapsed=77.846s
2026-08-25T06:56:11+00:00 GATE_SKIP id=OAFX0508 window=IS reason=SINGLE_SLEEVE_INFERIOR decision=SCREEN_OUT_SINGLE_SLEEVE net=59604.0 PF=1.124 DD=24.7749%
2026-08-25T06:56:11+00:00 RUN_START id=OAFX0509 family=sca_gj_session_shape window=SCREEN_IS run=oafx_screen_is_oafx0509_20260825155611_704dc6
2026-08-25T06:56:12+00:00 RUN_HEARTBEAT pid=29772 elapsed=0s
2026-08-25T06:57:14+00:00 RUN_HEARTBEAT pid=29772 elapsed=62s
2026-08-25T06:57:29+00:00 RUN_END id=OAFX0509 window=SCREEN_IS status=OK decision=SCREEN_OUT_SINGLE_SLEEVE elapsed=77.855s
2026-08-25T06:57:29+00:00 GATE_SKIP id=OAFX0509 window=IS reason=SINGLE_SLEEVE_INFERIOR decision=SCREEN_OUT_SINGLE_SLEEVE net=35143.0 PF=1.2676 DD=17.3446%
2026-08-25T06:57:29+00:00 RUN_START id=OAFX0510 family=sca_gj_session_shape window=SCREEN_IS run=oafx_screen_is_oafx0510_20260825155729_a186a8
2026-08-25T06:57:30+00:00 RUN_HEARTBEAT pid=20384 elapsed=0s
2026-08-25T06:58:32+00:00 RUN_HEARTBEAT pid=20384 elapsed=62s
2026-08-25T06:58:47+00:00 RUN_END id=OAFX0510 window=SCREEN_IS status=OK decision=SCREEN_OUT_SINGLE_SLEEVE elapsed=77.862s
2026-08-25T06:58:47+00:00 GATE_SKIP id=OAFX0510 window=IS reason=SINGLE_SLEEVE_INFERIOR decision=SCREEN_OUT_SINGLE_SLEEVE net=49070.0 PF=1.166 DD=21.6989%
2026-08-25T06:58:47+00:00 RUN_START id=OAFX0511 family=sca_gj_session_shape window=SCREEN_IS run=oafx_screen_is_oafx0511_20260825155847_66e060
2026-08-25T06:58:48+00:00 RUN_HEARTBEAT pid=3648 elapsed=0s
2026-08-25T06:59:49+00:00 RUN_HEARTBEAT pid=3648 elapsed=62s
2026-08-25T07:00:05+00:00 RUN_END id=OAFX0511 window=SCREEN_IS status=OK decision=SCREEN_OUT_SINGLE_SLEEVE elapsed=77.799s
2026-08-25T07:00:05+00:00 GATE_SKIP id=OAFX0511 window=IS reason=SINGLE_SLEEVE_INFERIOR decision=SCREEN_OUT_SINGLE_SLEEVE net=84921.0 PF=1.2184 DD=19.5314%
2026-08-25T07:00:05+00:00 RUN_START id=OAFX0512 family=sca_gj_session_shape window=SCREEN_IS run=oafx_screen_is_oafx0512_20260825160005_644705
2026-08-25T07:00:06+00:00 RUN_HEARTBEAT pid=11324 elapsed=0s
2026-08-25T07:01:07+00:00 RUN_HEARTBEAT pid=11324 elapsed=62s
2026-08-25T07:01:38+00:00 RUN_END id=OAFX0512 window=SCREEN_IS status=OK decision=SCREEN_PASS_STRICT elapsed=93.187s
2026-08-25T07:01:38+00:00 RUN_START id=OAFX0512 family=sca_gj_session_shape window=IS run=oafx_is_oafx0512_20260825160138_df6a9e
2026-08-25T07:01:39+00:00 RUN_HEARTBEAT pid=24460 elapsed=0s
2026-08-25T07:02:40+00:00 RUN_HEARTBEAT pid=24460 elapsed=62s
2026-08-25T07:03:42+00:00 RUN_HEARTBEAT pid=24460 elapsed=123s
2026-08-25T07:04:44+00:00 RUN_HEARTBEAT pid=24460 elapsed=185s
2026-08-25T07:05:46+00:00 RUN_HEARTBEAT pid=24460 elapsed=247s
2026-08-25T07:06:47+00:00 RUN_HEARTBEAT pid=24460 elapsed=309s
2026-08-25T07:07:49+00:00 RUN_HEARTBEAT pid=24460 elapsed=370s
2026-08-25T07:08:35+00:00 RUN_END id=OAFX0512 window=IS status=OK decision=IS_SURVIVOR_STRICT elapsed=417.370s
2026-08-25T07:08:35+00:00 SKIP_BASELINE_OOS reason=existing actual measurement
2026-08-25T07:08:35+00:00 RUN_START id=OAFX0512 family=sca_gj_session_shape window=OOS run=oafx_oos_oafx0512_20260825160835_b49033
2026-08-25T07:08:36+00:00 RUN_HEARTBEAT pid=4244 elapsed=0s
2026-08-25T07:09:38+00:00 RUN_HEARTBEAT pid=4244 elapsed=62s
2026-08-25T07:10:40+00:00 RUN_HEARTBEAT pid=4244 elapsed=123s
2026-08-25T07:11:41+00:00 RUN_HEARTBEAT pid=4244 elapsed=185s
2026-08-25T07:12:43+00:00 RUN_HEARTBEAT pid=4244 elapsed=247s
2026-08-25T07:13:45+00:00 RUN_END id=OAFX0512 window=OOS status=OK decision=REJECT elapsed=309.244s
2026-08-25T07:13:45+00:00 RUN_START id=OAFX0513 family=sca_gj_session_shape window=SCREEN_IS run=oafx_screen_is_oafx0513_20260825161345_4c4c8d
2026-08-25T07:13:45+00:00 RUN_HEARTBEAT pid=16652 elapsed=0s
2026-08-25T07:14:47+00:00 RUN_HEARTBEAT pid=16652 elapsed=62s
2026-08-25T07:15:03+00:00 RUN_END id=OAFX0513 window=SCREEN_IS status=OK decision=SCREEN_OUT_SINGLE_SLEEVE elapsed=77.932s
2026-08-25T07:15:03+00:00 GATE_SKIP id=OAFX0513 window=IS reason=SINGLE_SLEEVE_INFERIOR decision=SCREEN_OUT_SINGLE_SLEEVE net=34311.0 PF=1.2212 DD=23.2653%
2026-08-25T07:15:03+00:00 RUN_START id=OAFX0514 family=sca_gj_session_shape window=SCREEN_IS run=oafx_screen_is_oafx0514_20260825161503_45c2ad
2026-08-25T07:15:03+00:00 RUN_HEARTBEAT pid=3768 elapsed=0s
2026-08-25T07:16:05+00:00 RUN_HEARTBEAT pid=3768 elapsed=62s
2026-08-25T07:16:20+00:00 RUN_END id=OAFX0514 window=SCREEN_IS status=OK decision=SCREEN_PASS_DD elapsed=77.896s
2026-08-25T07:16:20+00:00 RUN_START id=OAFX0514 family=sca_gj_session_shape window=IS run=oafx_is_oafx0514_20260825161620_4e9b51
2026-08-25T07:16:21+00:00 RUN_HEARTBEAT pid=35540 elapsed=0s
2026-08-25T07:17:23+00:00 RUN_HEARTBEAT pid=35540 elapsed=62s
2026-08-25T07:18:25+00:00 RUN_HEARTBEAT pid=35540 elapsed=123s
2026-08-25T07:19:26+00:00 RUN_HEARTBEAT pid=35540 elapsed=185s
2026-08-25T07:20:28+00:00 RUN_HEARTBEAT pid=35540 elapsed=247s
2026-08-25T07:21:30+00:00 RUN_HEARTBEAT pid=35540 elapsed=308s
2026-08-25T07:22:31+00:00 RUN_HEARTBEAT pid=35540 elapsed=370s
2026-08-25T07:23:02+00:00 RUN_END id=OAFX0514 window=IS status=OK decision=IS_REJECT elapsed=401.698s
2026-08-25T07:23:02+00:00 GATE_SKIP id=OAFX0514 window=OOS reason=IS_NOT_SURVIVOR decision=IS_REJECT net=275239.0 PF=1.4743 DD=39.5451%
2026-08-25T07:23:02+00:00 RUN_START id=OAFX0515 family=sca_gj_session_shape window=SCREEN_IS run=oafx_screen_is_oafx0515_20260825162302_3459b1
2026-08-25T07:23:03+00:00 RUN_HEARTBEAT pid=12144 elapsed=0s
2026-08-25T07:24:05+00:00 RUN_HEARTBEAT pid=12144 elapsed=62s
2026-08-25T07:24:20+00:00 RUN_END id=OAFX0515 window=SCREEN_IS status=OK decision=SCREEN_PASS_STRICT elapsed=77.866s
2026-08-25T07:24:20+00:00 RUN_START id=OAFX0515 family=sca_gj_session_shape window=IS run=oafx_is_oafx0515_20260825162420_5c2fae
2026-08-25T07:24:21+00:00 RUN_HEARTBEAT pid=24740 elapsed=0s
2026-08-25T07:25:22+00:00 RUN_HEARTBEAT pid=24740 elapsed=62s
2026-08-25T07:26:24+00:00 RUN_HEARTBEAT pid=24740 elapsed=123s
2026-08-25T07:27:26+00:00 RUN_HEARTBEAT pid=24740 elapsed=185s
2026-08-25T07:28:27+00:00 RUN_HEARTBEAT pid=24740 elapsed=247s
2026-08-25T07:29:29+00:00 RUN_HEARTBEAT pid=24740 elapsed=308s
2026-08-25T07:30:31+00:00 RUN_HEARTBEAT pid=24740 elapsed=370s
2026-08-25T07:31:17+00:00 RUN_END id=OAFX0515 window=IS status=OK decision=IS_REJECT elapsed=417.113s
2026-08-25T07:31:17+00:00 GATE_SKIP id=OAFX0515 window=OOS reason=IS_NOT_SURVIVOR decision=IS_REJECT net=296448.0 PF=1.4557 DD=41.6913%
2026-08-25T07:31:17+00:00 RUN_START id=OAFX0516 family=sca_gj_session_shape window=SCREEN_IS run=oafx_screen_is_oafx0516_20260825163117_06d45a
2026-08-25T07:31:18+00:00 RUN_HEARTBEAT pid=40384 elapsed=0s
2026-08-25T07:32:20+00:00 RUN_HEARTBEAT pid=40384 elapsed=62s
2026-08-25T07:32:35+00:00 RUN_END id=OAFX0516 window=SCREEN_IS status=OK decision=SCREEN_PASS_DD elapsed=77.876s
2026-08-25T07:32:35+00:00 RUN_START id=OAFX0516 family=sca_gj_session_shape window=IS run=oafx_is_oafx0516_20260825163235_bce326
2026-08-25T07:32:36+00:00 RUN_HEARTBEAT pid=20364 elapsed=0s
2026-08-25T07:33:38+00:00 RUN_HEARTBEAT pid=20364 elapsed=62s
2026-08-25T07:34:39+00:00 RUN_HEARTBEAT pid=20364 elapsed=123s
2026-08-25T07:35:41+00:00 RUN_HEARTBEAT pid=20364 elapsed=185s
2026-08-25T07:36:43+00:00 RUN_HEARTBEAT pid=20364 elapsed=247s
2026-08-25T07:37:44+00:00 RUN_HEARTBEAT pid=20364 elapsed=308s
2026-08-25T07:38:46+00:00 RUN_HEARTBEAT pid=20364 elapsed=370s
2026-08-25T07:39:32+00:00 RUN_END id=OAFX0516 window=IS status=OK decision=IS_REJECT elapsed=417.186s
2026-08-25T07:39:32+00:00 GATE_SKIP id=OAFX0516 window=OOS reason=IS_NOT_SURVIVOR decision=IS_REJECT net=283608.0 PF=1.3857 DD=46.4736%
2026-08-25T07:39:32+00:00 RUN_START id=OAFX0517 family=sca_gj_session_shape window=SCREEN_IS run=oafx_screen_is_oafx0517_20260825163932_c9f4a2
2026-08-25T07:39:33+00:00 RUN_HEARTBEAT pid=27176 elapsed=0s
2026-08-25T07:40:35+00:00 RUN_HEARTBEAT pid=27176 elapsed=62s
2026-08-25T07:40:50+00:00 RUN_END id=OAFX0517 window=SCREEN_IS status=OK decision=SCREEN_OUT_SINGLE_SLEEVE elapsed=77.880s
2026-08-25T07:40:50+00:00 GATE_SKIP id=OAFX0517 window=IS reason=SINGLE_SLEEVE_INFERIOR decision=SCREEN_OUT_SINGLE_SLEEVE net=55492.0 PF=1.5706 DD=8.8157%
2026-08-25T07:40:50+00:00 RUN_START id=OAFX0518 family=sca_gj_session_shape window=SCREEN_IS run=oafx_screen_is_oafx0518_20260825164050_96fcc9
2026-08-25T07:40:51+00:00 RUN_HEARTBEAT pid=14244 elapsed=0s
2026-08-25T07:41:53+00:00 RUN_HEARTBEAT pid=14244 elapsed=62s
2026-08-25T07:42:08+00:00 RUN_END id=OAFX0518 window=SCREEN_IS status=OK decision=SCREEN_PASS_DD elapsed=77.832s
2026-08-25T07:42:08+00:00 RUN_START id=OAFX0518 family=sca_gj_session_shape window=IS run=oafx_is_oafx0518_20260825164208_e41875
2026-08-25T07:42:09+00:00 RUN_HEARTBEAT pid=44944 elapsed=0s
2026-08-25T07:43:10+00:00 RUN_HEARTBEAT pid=44944 elapsed=62s
2026-08-25T07:44:12+00:00 RUN_HEARTBEAT pid=44944 elapsed=123s
2026-08-25T07:45:14+00:00 RUN_HEARTBEAT pid=44944 elapsed=185s
2026-08-25T07:46:15+00:00 RUN_HEARTBEAT pid=44944 elapsed=247s
2026-08-25T07:47:17+00:00 RUN_HEARTBEAT pid=44944 elapsed=308s
2026-08-25T07:48:19+00:00 RUN_HEARTBEAT pid=44944 elapsed=370s
2026-08-25T07:48:50+00:00 RUN_END id=OAFX0518 window=IS status=OK decision=IS_REJECT elapsed=401.599s
2026-08-25T07:48:50+00:00 GATE_SKIP id=OAFX0518 window=OOS reason=IS_NOT_SURVIVOR decision=IS_REJECT net=279786.0 PF=1.5676 DD=46.9652%
2026-08-25T07:48:50+00:00 RUN_START id=OAFX0519 family=sca_gj_session_shape window=SCREEN_IS run=oafx_screen_is_oafx0519_20260825164850_a770d2
2026-08-25T07:48:50+00:00 RUN_HEARTBEAT pid=43760 elapsed=0s
2026-08-25T07:49:52+00:00 RUN_HEARTBEAT pid=43760 elapsed=62s
2026-08-25T07:50:07+00:00 RUN_END id=OAFX0519 window=SCREEN_IS status=OK decision=SCREEN_PASS_STRICT elapsed=77.895s
2026-08-25T07:50:07+00:00 RUN_START id=OAFX0519 family=sca_gj_session_shape window=IS run=oafx_is_oafx0519_20260825165007_2de85e
2026-08-25T07:50:08+00:00 RUN_HEARTBEAT pid=36440 elapsed=0s
2026-08-25T07:51:10+00:00 RUN_HEARTBEAT pid=36440 elapsed=62s
2026-08-25T07:52:12+00:00 RUN_HEARTBEAT pid=36440 elapsed=123s
2026-08-25T07:53:13+00:00 RUN_HEARTBEAT pid=36440 elapsed=185s
2026-08-25T07:54:15+00:00 RUN_HEARTBEAT pid=36440 elapsed=247s
2026-08-25T07:55:17+00:00 RUN_HEARTBEAT pid=36440 elapsed=308s
2026-08-25T07:56:18+00:00 RUN_HEARTBEAT pid=36440 elapsed=370s
2026-08-25T07:56:49+00:00 RUN_END id=OAFX0519 window=IS status=OK decision=IS_REJECT elapsed=401.702s
2026-08-25T07:56:49+00:00 GATE_SKIP id=OAFX0519 window=OOS reason=IS_NOT_SURVIVOR decision=IS_REJECT net=281435.0 PF=1.4882 DD=54.35%
2026-08-25T07:56:49+00:00 RUN_START id=OAFX0520 family=sca_gj_session_shape window=SCREEN_IS run=oafx_screen_is_oafx0520_20260825165649_4693d2
2026-08-25T07:56:50+00:00 RUN_HEARTBEAT pid=41568 elapsed=0s
2026-08-25T07:57:52+00:00 RUN_HEARTBEAT pid=41568 elapsed=62s
2026-08-25T07:58:07+00:00 RUN_END id=OAFX0520 window=SCREEN_IS status=OK decision=SCREEN_OUT_SINGLE_SLEEVE elapsed=77.865s
2026-08-25T07:58:07+00:00 GATE_SKIP id=OAFX0520 window=IS reason=SINGLE_SLEEVE_INFERIOR decision=SCREEN_OUT_SINGLE_SLEEVE net=42938.0 PF=1.1284 DD=23.6924%
2026-08-25T07:58:07+00:00 RUN_START id=OAFX0521 family=sca_gj_session_shape window=SCREEN_IS run=oafx_screen_is_oafx0521_20260825165807_d245ec
2026-08-25T07:58:08+00:00 RUN_HEARTBEAT pid=12468 elapsed=0s
2026-08-25T07:59:09+00:00 RUN_HEARTBEAT pid=12468 elapsed=62s
2026-08-25T07:59:25+00:00 RUN_END id=OAFX0521 window=SCREEN_IS status=OK decision=SCREEN_OUT_SINGLE_SLEEVE elapsed=77.836s
2026-08-25T07:59:25+00:00 GATE_SKIP id=OAFX0521 window=IS reason=SINGLE_SLEEVE_INFERIOR decision=SCREEN_OUT_SINGLE_SLEEVE net=12814.0 PF=1.1644 DD=25.2659%
2026-08-25T07:59:25+00:00 RUN_START id=OAFX0522 family=sca_gj_session_shape window=SCREEN_IS run=oafx_screen_is_oafx0522_20260825165925_d49b34
2026-08-25T07:59:26+00:00 RUN_HEARTBEAT pid=38640 elapsed=0s
2026-08-25T08:00:27+00:00 RUN_HEARTBEAT pid=38640 elapsed=62s
2026-08-25T08:00:43+00:00 RUN_END id=OAFX0522 window=SCREEN_IS status=OK decision=SCREEN_OUT_SINGLE_SLEEVE elapsed=77.867s
2026-08-25T08:00:43+00:00 GATE_SKIP id=OAFX0522 window=IS reason=SINGLE_SLEEVE_INFERIOR decision=SCREEN_OUT_SINGLE_SLEEVE net=17052.0 PF=1.1082 DD=27.9204%
2026-08-25T08:00:43+00:00 RUN_START id=OAFX0523 family=sca_gj_session_shape window=SCREEN_IS run=oafx_screen_is_oafx0523_20260825170043_2b18f9
2026-08-25T08:00:43+00:00 RUN_HEARTBEAT pid=35240 elapsed=0s
2026-08-25T08:01:45+00:00 RUN_HEARTBEAT pid=35240 elapsed=62s
2026-08-25T08:02:00+00:00 RUN_END id=OAFX0523 window=SCREEN_IS status=OK decision=SCREEN_OUT_SINGLE_SLEEVE elapsed=77.812s
2026-08-25T08:02:00+00:00 GATE_SKIP id=OAFX0523 window=IS reason=SINGLE_SLEEVE_INFERIOR decision=SCREEN_OUT_SINGLE_SLEEVE net=1717.0 PF=1.0063 DD=40.3498%
2026-08-25T08:02:00+00:00 RUN_START id=OAFX0524 family=sca_gj_session_shape window=SCREEN_IS run=oafx_screen_is_oafx0524_20260825170200_04b7f5
2026-08-25T08:02:01+00:00 RUN_HEARTBEAT pid=41548 elapsed=0s
2026-08-25T08:03:03+00:00 RUN_HEARTBEAT pid=41548 elapsed=62s
2026-08-25T08:03:18+00:00 RUN_END id=OAFX0524 window=SCREEN_IS status=OK decision=SCREEN_OUT_SINGLE_SLEEVE elapsed=77.878s
2026-08-25T08:03:18+00:00 GATE_SKIP id=OAFX0524 window=IS reason=SINGLE_SLEEVE_INFERIOR decision=SCREEN_OUT_SINGLE_SLEEVE net=-2407.0 PF=0.9945 DD=36.9144%
2026-08-25T08:03:18+00:00 RUN_START id=OAFX0525 family=sca_gj_session_shape window=SCREEN_IS run=oafx_screen_is_oafx0525_20260825170318_b49076
2026-08-25T08:03:19+00:00 RUN_HEARTBEAT pid=31024 elapsed=0s
2026-08-25T08:04:21+00:00 RUN_HEARTBEAT pid=31024 elapsed=62s
2026-08-25T08:04:36+00:00 RUN_END id=OAFX0525 window=SCREEN_IS status=OK decision=SCREEN_OUT_SINGLE_SLEEVE elapsed=77.859s
2026-08-25T08:04:36+00:00 GATE_SKIP id=OAFX0525 window=IS reason=SINGLE_SLEEVE_INFERIOR decision=SCREEN_OUT_SINGLE_SLEEVE net=21361.0 PF=1.2779 DD=18.9811%
2026-08-25T08:04:36+00:00 RUN_START id=OAFX0526 family=sca_gj_session_shape window=SCREEN_IS run=oafx_screen_is_oafx0526_20260825170436_6da324
2026-08-25T08:04:37+00:00 RUN_HEARTBEAT pid=21568 elapsed=0s
2026-08-25T08:05:39+00:00 RUN_HEARTBEAT pid=21568 elapsed=62s
2026-08-25T08:05:54+00:00 RUN_END id=OAFX0526 window=SCREEN_IS status=OK decision=SCREEN_OUT_SINGLE_SLEEVE elapsed=77.890s
2026-08-25T08:05:54+00:00 GATE_SKIP id=OAFX0526 window=IS reason=SINGLE_SLEEVE_INFERIOR decision=SCREEN_OUT_SINGLE_SLEEVE net=20792.0 PF=1.1002 DD=30.2598%
2026-08-25T08:05:54+00:00 RUN_START id=OAFX0527 family=sca_gj_session_shape window=SCREEN_IS run=oafx_screen_is_oafx0527_20260825170554_b63309
2026-08-25T08:05:55+00:00 RUN_HEARTBEAT pid=26428 elapsed=0s
2026-08-25T08:06:57+00:00 RUN_HEARTBEAT pid=26428 elapsed=62s
2026-08-25T08:07:12+00:00 RUN_END id=OAFX0527 window=SCREEN_IS status=OK decision=SCREEN_OUT_SINGLE_SLEEVE elapsed=77.907s
2026-08-25T08:07:12+00:00 GATE_SKIP id=OAFX0527 window=IS reason=SINGLE_SLEEVE_INFERIOR decision=SCREEN_OUT_SINGLE_SLEEVE net=27639.0 PF=1.0744 DD=29.4576%
2026-08-25T08:07:12+00:00 RUN_START id=OAFX0528 family=sca_gj_session_shape window=SCREEN_IS run=oafx_screen_is_oafx0528_20260825170712_7285e0
2026-08-25T08:07:13+00:00 RUN_HEARTBEAT pid=3828 elapsed=0s
2026-08-25T08:08:14+00:00 RUN_HEARTBEAT pid=3828 elapsed=62s
2026-08-25T08:08:30+00:00 RUN_END id=OAFX0528 window=SCREEN_IS status=OK decision=SCREEN_OUT_SINGLE_SLEEVE elapsed=77.867s
2026-08-25T08:08:30+00:00 GATE_SKIP id=OAFX0528 window=IS reason=SINGLE_SLEEVE_INFERIOR decision=SCREEN_OUT_SINGLE_SLEEVE net=74782.0 PF=1.1663 DD=25.4015%
2026-08-25T08:08:30+00:00 RUN_START id=OAFX0529 family=sca_gj_session_shape window=SCREEN_IS run=oafx_screen_is_oafx0529_20260825170830_d34434
2026-08-25T08:08:31+00:00 RUN_HEARTBEAT pid=36464 elapsed=0s
2026-08-25T08:09:32+00:00 RUN_HEARTBEAT pid=36464 elapsed=62s
2026-08-25T08:09:48+00:00 RUN_END id=OAFX0529 window=SCREEN_IS status=OK decision=SCREEN_OUT_SINGLE_SLEEVE elapsed=77.860s
2026-08-25T08:09:48+00:00 GATE_SKIP id=OAFX0529 window=IS reason=SINGLE_SLEEVE_INFERIOR decision=SCREEN_OUT_SINGLE_SLEEVE net=6673.0 PF=1.0475 DD=26.6672%
2026-08-25T08:09:48+00:00 RUN_START id=OAFX0530 family=sca_gj_session_shape window=SCREEN_IS run=oafx_screen_is_oafx0530_20260825170948_c6f586
2026-08-25T08:09:49+00:00 RUN_HEARTBEAT pid=11904 elapsed=0s
2026-08-25T08:10:50+00:00 RUN_HEARTBEAT pid=11904 elapsed=62s
2026-08-25T08:11:06+00:00 RUN_END id=OAFX0530 window=SCREEN_IS status=OK decision=SCREEN_OUT_SINGLE_SLEEVE elapsed=77.835s
2026-08-25T08:11:06+00:00 GATE_SKIP id=OAFX0530 window=IS reason=SINGLE_SLEEVE_INFERIOR decision=SCREEN_OUT_SINGLE_SLEEVE net=8741.0 PF=1.0272 DD=39.765%
2026-08-25T08:11:06+00:00 RUN_START id=OAFX0531 family=sca_gj_session_shape window=SCREEN_IS run=oafx_screen_is_oafx0531_20260825171106_f1b82d
2026-08-25T08:11:06+00:00 RUN_HEARTBEAT pid=14100 elapsed=0s
2026-08-25T08:12:08+00:00 RUN_HEARTBEAT pid=14100 elapsed=62s
2026-08-25T08:12:23+00:00 RUN_END id=OAFX0531 window=SCREEN_IS status=OK decision=SCREEN_OUT_SINGLE_SLEEVE elapsed=77.883s
2026-08-25T08:12:23+00:00 GATE_SKIP id=OAFX0531 window=IS reason=SINGLE_SLEEVE_INFERIOR decision=SCREEN_OUT_SINGLE_SLEEVE net=72411.0 PF=1.1788 DD=31.4477%
2026-08-25T08:12:23+00:00 RUN_START id=OAFX0532 family=sca_gj_session_shape window=SCREEN_IS run=oafx_screen_is_oafx0532_20260825171223_bb9554
2026-08-25T08:12:24+00:00 RUN_HEARTBEAT pid=25488 elapsed=0s
2026-08-25T08:13:26+00:00 RUN_HEARTBEAT pid=25488 elapsed=62s
2026-08-25T08:13:41+00:00 RUN_END id=OAFX0532 window=SCREEN_IS status=OK decision=SCREEN_OUT_SINGLE_SLEEVE elapsed=77.923s
2026-08-25T08:13:41+00:00 GATE_SKIP id=OAFX0532 window=IS reason=SINGLE_SLEEVE_INFERIOR decision=SCREEN_OUT_SINGLE_SLEEVE net=124122.0 PF=1.2729 DD=24.0942%
2026-08-25T08:13:41+00:00 RUN_START id=OAFX0533 family=sca_gj_session_shape window=SCREEN_IS run=oafx_screen_is_oafx0533_20260825171341_095687
2026-08-25T08:13:42+00:00 RUN_HEARTBEAT pid=29176 elapsed=0s
2026-08-25T08:14:44+00:00 RUN_HEARTBEAT pid=29176 elapsed=62s
2026-08-25T08:14:59+00:00 RUN_END id=OAFX0533 window=SCREEN_IS status=OK decision=SCREEN_OUT_SINGLE_SLEEVE elapsed=77.891s
2026-08-25T08:14:59+00:00 GATE_SKIP id=OAFX0533 window=IS reason=SINGLE_SLEEVE_INFERIOR decision=SCREEN_OUT_SINGLE_SLEEVE net=15305.0 PF=1.0794 DD=27.6739%
2026-08-25T08:14:59+00:00 RUN_START id=OAFX0534 family=sca_gj_session_shape window=SCREEN_IS run=oafx_screen_is_oafx0534_20260825171459_00850b
2026-08-25T08:15:00+00:00 RUN_HEARTBEAT pid=42964 elapsed=0s
2026-08-25T08:16:02+00:00 RUN_HEARTBEAT pid=42964 elapsed=62s
2026-08-25T08:16:17+00:00 RUN_END id=OAFX0534 window=SCREEN_IS status=OK decision=SCREEN_OUT_SINGLE_SLEEVE elapsed=77.874s
2026-08-25T08:16:17+00:00 GATE_SKIP id=OAFX0534 window=IS reason=SINGLE_SLEEVE_INFERIOR decision=SCREEN_OUT_SINGLE_SLEEVE net=81874.0 PF=1.2692 DD=23.4014%
2026-08-25T08:16:17+00:00 RUN_START id=OAFX0535 family=sca_gj_session_shape window=SCREEN_IS run=oafx_screen_is_oafx0535_20260825171617_2f41c5
2026-08-25T08:16:18+00:00 RUN_HEARTBEAT pid=26656 elapsed=0s
2026-08-25T08:17:20+00:00 RUN_HEARTBEAT pid=26656 elapsed=62s
2026-08-25T08:17:51+00:00 WAIT_MT5_IDLE elapsed=0s processes=metatester64.exe
2026-08-25T08:18:52+00:00 WAIT_MT5_IDLE elapsed=62s processes=metatester64.exe
2026-08-25T08:19:54+00:00 WAIT_MT5_IDLE elapsed=123s processes=metatester64.exe
2026-08-25T08:20:55+00:00 WAIT_MT5_IDLE elapsed=185s processes=metatester64.exe
2026-08-25T08:21:57+00:00 WAIT_MT5_IDLE elapsed=246s processes=metatester64.exe
2026-08-25T08:22:58+00:00 KILL_ORPHAN_TESTER orphan_seconds=307
2026-08-25T08:23:14+00:00 RUN_END id=OAFX0535 window=SCREEN_IS status=OK decision=SCREEN_PASS_STRICT elapsed=416.502s
2026-08-25T08:23:14+00:00 RUN_START id=OAFX0535 family=sca_gj_session_shape window=IS run=oafx_is_oafx0535_20260825172314_4da952
2026-08-25T08:23:15+00:00 RUN_HEARTBEAT pid=40316 elapsed=0s
2026-08-25T08:24:16+00:00 RUN_HEARTBEAT pid=40316 elapsed=62s
2026-08-25T08:25:18+00:00 RUN_HEARTBEAT pid=40316 elapsed=123s
2026-08-25T08:26:20+00:00 RUN_HEARTBEAT pid=40316 elapsed=185s
2026-08-25T08:27:21+00:00 RUN_HEARTBEAT pid=40316 elapsed=247s
2026-08-25T08:28:23+00:00 RUN_HEARTBEAT pid=40316 elapsed=308s
2026-08-25T08:29:25+00:00 RUN_HEARTBEAT pid=40316 elapsed=370s
2026-08-25T08:30:11+00:00 RUN_END id=OAFX0535 window=IS status=OK decision=IS_REJECT elapsed=417.133s
2026-08-25T08:30:11+00:00 GATE_SKIP id=OAFX0535 window=OOS reason=IS_NOT_SURVIVOR decision=IS_REJECT net=300250.0 PF=1.4325 DD=52.2982%
2026-08-25T08:30:11+00:00 RUN_START id=OAFX0536 family=sca_gj_session_shape window=SCREEN_IS run=oafx_screen_is_oafx0536_20260825173011_872e35
2026-08-25T08:30:12+00:00 RUN_HEARTBEAT pid=37900 elapsed=0s
2026-08-25T08:31:13+00:00 RUN_HEARTBEAT pid=37900 elapsed=62s
2026-08-25T08:31:29+00:00 RUN_END id=OAFX0536 window=SCREEN_IS status=OK decision=SCREEN_OUT_SINGLE_SLEEVE elapsed=77.871s
2026-08-25T08:31:29+00:00 GATE_SKIP id=OAFX0536 window=IS reason=SINGLE_SLEEVE_INFERIOR decision=SCREEN_OUT_SINGLE_SLEEVE net=95145.0 PF=1.2042 DD=24.1188%
2026-08-25T08:31:29+00:00 RUN_START id=OAFX0537 family=sca_gj_session_shape window=SCREEN_IS run=oafx_screen_is_oafx0537_20260825173129_73bd73
2026-08-25T08:31:30+00:00 RUN_HEARTBEAT pid=33748 elapsed=0s
2026-08-25T08:32:31+00:00 RUN_HEARTBEAT pid=33748 elapsed=62s
2026-08-25T08:32:47+00:00 RUN_END id=OAFX0537 window=SCREEN_IS status=OK decision=SCREEN_OUT_SINGLE_SLEEVE elapsed=77.846s
2026-08-25T08:32:47+00:00 GATE_SKIP id=OAFX0537 window=IS reason=SINGLE_SLEEVE_INFERIOR decision=SCREEN_OUT_SINGLE_SLEEVE net=72679.0 PF=1.7243 DD=8.148%
2026-08-25T08:32:47+00:00 RUN_START id=OAFX0538 family=sca_gj_session_shape window=SCREEN_IS run=oafx_screen_is_oafx0538_20260825173247_cc7c2f
2026-08-25T08:32:47+00:00 RUN_HEARTBEAT pid=24500 elapsed=0s
2026-08-25T08:33:49+00:00 RUN_HEARTBEAT pid=24500 elapsed=62s
2026-08-25T08:34:04+00:00 RUN_END id=OAFX0538 window=SCREEN_IS status=OK decision=SCREEN_PASS_DD elapsed=77.819s
2026-08-25T08:34:04+00:00 RUN_START id=OAFX0538 family=sca_gj_session_shape window=IS run=oafx_is_oafx0538_20260825173404_b15856
2026-08-25T08:34:05+00:00 RUN_HEARTBEAT pid=20376 elapsed=0s
2026-08-25T08:35:07+00:00 RUN_HEARTBEAT pid=20376 elapsed=62s
2026-08-25T08:36:09+00:00 RUN_HEARTBEAT pid=20376 elapsed=123s
2026-08-25T08:37:10+00:00 RUN_HEARTBEAT pid=20376 elapsed=185s
2026-08-25T08:38:12+00:00 RUN_HEARTBEAT pid=20376 elapsed=247s
2026-08-25T08:39:14+00:00 RUN_HEARTBEAT pid=20376 elapsed=308s
2026-08-25T08:40:15+00:00 RUN_HEARTBEAT pid=20376 elapsed=370s
2026-08-25T08:40:46+00:00 RUN_END id=OAFX0538 window=IS status=OK decision=IS_REJECT elapsed=401.752s
2026-08-25T08:40:46+00:00 GATE_SKIP id=OAFX0538 window=OOS reason=IS_NOT_SURVIVOR decision=IS_REJECT net=276922.0 PF=1.5521 DD=42.4751%
2026-08-25T08:40:46+00:00 RUN_START id=OAFX0539 family=sca_gj_session_shape window=SCREEN_IS run=oafx_screen_is_oafx0539_20260825174046_23e82d
2026-08-25T08:40:47+00:00 RUN_HEARTBEAT pid=45164 elapsed=0s
2026-08-25T08:41:49+00:00 RUN_HEARTBEAT pid=45164 elapsed=62s
2026-08-25T08:42:04+00:00 RUN_END id=OAFX0539 window=SCREEN_IS status=OK decision=SCREEN_PASS_DD elapsed=78.000s
2026-08-25T08:42:04+00:00 RUN_START id=OAFX0539 family=sca_gj_session_shape window=IS run=oafx_is_oafx0539_20260825174204_fa72ef
2026-08-25T08:42:05+00:00 RUN_HEARTBEAT pid=38960 elapsed=0s
2026-08-25T08:43:07+00:00 RUN_HEARTBEAT pid=38960 elapsed=62s
2026-08-25T08:44:08+00:00 RUN_HEARTBEAT pid=38960 elapsed=123s
2026-08-25T08:45:10+00:00 RUN_HEARTBEAT pid=38960 elapsed=185s
2026-08-25T08:46:12+00:00 RUN_HEARTBEAT pid=38960 elapsed=247s
2026-08-25T08:47:13+00:00 RUN_HEARTBEAT pid=38960 elapsed=308s
2026-08-25T08:48:15+00:00 RUN_HEARTBEAT pid=38960 elapsed=370s
2026-08-25T08:48:46+00:00 RUN_END id=OAFX0539 window=IS status=OK decision=IS_REJECT elapsed=401.669s
2026-08-25T08:48:46+00:00 GATE_SKIP id=OAFX0539 window=OOS reason=IS_NOT_SURVIVOR decision=IS_REJECT net=277543.0 PF=1.4659 DD=46.8712%
2026-08-25T08:48:46+00:00 RUN_START id=OAFX0540 family=sca_gj_session_shape window=SCREEN_IS run=oafx_screen_is_oafx0540_20260825174846_79ec45
2026-08-25T08:48:47+00:00 RUN_HEARTBEAT pid=40904 elapsed=0s
2026-08-25T08:49:48+00:00 RUN_HEARTBEAT pid=40904 elapsed=62s
2026-08-25T08:50:04+00:00 RUN_END id=OAFX0540 window=SCREEN_IS status=OK decision=SCREEN_OUT_SINGLE_SLEEVE elapsed=77.849s
2026-08-25T08:50:04+00:00 GATE_SKIP id=OAFX0540 window=IS reason=SINGLE_SLEEVE_INFERIOR decision=SCREEN_OUT_SINGLE_SLEEVE net=55397.0 PF=1.1579 DD=18.9339%
2026-08-25T08:50:04+00:00 RUN_START id=OAFX0541 family=sca_gj_session_shape window=SCREEN_IS run=oafx_screen_is_oafx0541_20260825175004_edbe73
2026-08-25T08:50:04+00:00 RUN_HEARTBEAT pid=39752 elapsed=0s
2026-08-25T08:51:06+00:00 RUN_HEARTBEAT pid=39752 elapsed=62s
2026-08-25T08:51:21+00:00 RUN_END id=OAFX0541 window=SCREEN_IS status=OK decision=SCREEN_OUT_SINGLE_SLEEVE elapsed=77.831s
2026-08-25T08:51:22+00:00 GATE_SKIP id=OAFX0541 window=IS reason=SINGLE_SLEEVE_INFERIOR decision=SCREEN_OUT_SINGLE_SLEEVE net=33506.0 PF=1.5233 DD=19.6862%
2026-08-25T08:51:22+00:00 RUN_START id=OAFX0542 family=sca_gj_session_shape window=SCREEN_IS run=oafx_screen_is_oafx0542_20260825175122_0cd54c
2026-08-25T08:51:22+00:00 RUN_HEARTBEAT pid=28628 elapsed=0s
2026-08-25T08:52:24+00:00 RUN_HEARTBEAT pid=28628 elapsed=62s
2026-08-25T08:52:39+00:00 RUN_END id=OAFX0542 window=SCREEN_IS status=OK decision=SCREEN_OUT_SINGLE_SLEEVE elapsed=77.824s
2026-08-25T08:52:39+00:00 GATE_SKIP id=OAFX0542 window=IS reason=SINGLE_SLEEVE_INFERIOR decision=SCREEN_OUT_SINGLE_SLEEVE net=25525.0 PF=1.1859 DD=23.5955%
2026-08-25T08:52:39+00:00 RUN_START id=OAFX0543 family=sca_gj_session_shape window=SCREEN_IS run=oafx_screen_is_oafx0543_20260825175239_31e775
2026-08-25T08:52:40+00:00 RUN_HEARTBEAT pid=29372 elapsed=0s
2026-08-25T08:53:42+00:00 RUN_HEARTBEAT pid=29372 elapsed=62s
2026-08-25T08:53:57+00:00 RUN_END id=OAFX0543 window=SCREEN_IS status=OK decision=SCREEN_OUT_SINGLE_SLEEVE elapsed=77.847s
2026-08-25T08:53:57+00:00 GATE_SKIP id=OAFX0543 window=IS reason=SINGLE_SLEEVE_INFERIOR decision=SCREEN_OUT_SINGLE_SLEEVE net=13213.0 PF=1.0537 DD=33.6234%
2026-08-25T08:53:57+00:00 RUN_START id=OAFX0544 family=sca_gj_session_shape window=SCREEN_IS run=oafx_screen_is_oafx0544_20260825175357_0c75ec
2026-08-25T08:53:58+00:00 RUN_HEARTBEAT pid=36656 elapsed=0s
2026-08-25T08:55:00+00:00 RUN_HEARTBEAT pid=36656 elapsed=62s
2026-08-25T08:55:15+00:00 RUN_END id=OAFX0544 window=SCREEN_IS status=OK decision=SCREEN_OUT_SINGLE_SLEEVE elapsed=77.788s
2026-08-25T08:55:15+00:00 GATE_SKIP id=OAFX0544 window=IS reason=SINGLE_SLEEVE_INFERIOR decision=SCREEN_OUT_SINGLE_SLEEVE net=16649.0 PF=1.0446 DD=36.8728%
2026-08-25T08:55:15+00:00 RUN_START id=OAFX0545 family=sca_gj_session_shape window=SCREEN_IS run=oafx_screen_is_oafx0545_20260825175515_906cd0
2026-08-25T08:55:16+00:00 RUN_HEARTBEAT pid=36756 elapsed=0s
2026-08-25T08:56:17+00:00 RUN_HEARTBEAT pid=36756 elapsed=62s
2026-08-25T08:56:33+00:00 RUN_END id=OAFX0545 window=SCREEN_IS status=OK decision=SCREEN_OUT_SINGLE_SLEEVE elapsed=77.840s
2026-08-25T08:56:33+00:00 GATE_SKIP id=OAFX0545 window=IS reason=SINGLE_SLEEVE_INFERIOR decision=SCREEN_OUT_SINGLE_SLEEVE net=10789.0 PF=1.135 DD=19.1954%
2026-08-25T08:56:33+00:00 RUN_START id=OAFX0546 family=sca_gj_session_shape window=SCREEN_IS run=oafx_screen_is_oafx0546_20260825175633_8a9ce3
2026-08-25T08:56:34+00:00 RUN_HEARTBEAT pid=38660 elapsed=0s
2026-08-25T08:57:35+00:00 RUN_HEARTBEAT pid=38660 elapsed=62s
2026-08-25T08:57:51+00:00 RUN_END id=OAFX0546 window=SCREEN_IS status=OK decision=SCREEN_OUT_SINGLE_SLEEVE elapsed=77.881s
2026-08-25T08:57:51+00:00 GATE_SKIP id=OAFX0546 window=IS reason=SINGLE_SLEEVE_INFERIOR decision=SCREEN_OUT_SINGLE_SLEEVE net=2132.0 PF=1.0103 DD=27.9224%
2026-08-25T08:57:51+00:00 RUN_START id=OAFX0547 family=sca_gj_session_shape window=SCREEN_IS run=oafx_screen_is_oafx0547_20260825175751_a88fdc
2026-08-25T08:57:51+00:00 RUN_HEARTBEAT pid=37780 elapsed=0s
2026-08-25T08:58:53+00:00 RUN_HEARTBEAT pid=37780 elapsed=62s
2026-08-25T08:59:09+00:00 RUN_END id=OAFX0547 window=SCREEN_IS status=OK decision=SCREEN_OUT_SINGLE_SLEEVE elapsed=77.808s
2026-08-25T08:59:09+00:00 GATE_SKIP id=OAFX0547 window=IS reason=SINGLE_SLEEVE_INFERIOR decision=SCREEN_OUT_SINGLE_SLEEVE net=-9330.0 PF=0.9733 DD=41.1054%
2026-08-25T08:59:09+00:00 RUN_START id=OAFX0548 family=sca_gj_session_shape window=SCREEN_IS run=oafx_screen_is_oafx0548_20260825175909_b45dad
2026-08-25T08:59:09+00:00 RUN_HEARTBEAT pid=9992 elapsed=0s
2026-08-25T09:00:11+00:00 RUN_HEARTBEAT pid=9992 elapsed=62s
2026-08-25T09:00:26+00:00 RUN_END id=OAFX0548 window=SCREEN_IS status=OK decision=SCREEN_OUT_SINGLE_SLEEVE elapsed=77.878s
2026-08-25T09:00:26+00:00 GATE_SKIP id=OAFX0548 window=IS reason=SINGLE_SLEEVE_INFERIOR decision=SCREEN_OUT_SINGLE_SLEEVE net=15582.0 PF=1.0351 DD=31.2823%
2026-08-25T09:00:26+00:00 RUN_START id=OAFX0549 family=sca_gj_session_shape window=SCREEN_IS run=oafx_screen_is_oafx0549_20260825180026_7f6bbe
2026-08-25T09:00:27+00:00 RUN_HEARTBEAT pid=29300 elapsed=0s
2026-08-25T09:01:29+00:00 RUN_HEARTBEAT pid=29300 elapsed=62s
2026-08-25T09:01:44+00:00 RUN_END id=OAFX0549 window=SCREEN_IS status=OK decision=SCREEN_OUT_SINGLE_SLEEVE elapsed=77.883s
2026-08-25T09:01:44+00:00 GATE_SKIP id=OAFX0549 window=IS reason=SINGLE_SLEEVE_INFERIOR decision=SCREEN_OUT_SINGLE_SLEEVE net=10169.0 PF=1.0813 DD=25.3048%
2026-08-25T09:01:44+00:00 RUN_START id=OAFX0550 family=sca_gj_session_shape window=SCREEN_IS run=oafx_screen_is_oafx0550_20260825180144_3df6ed
2026-08-25T09:01:45+00:00 RUN_HEARTBEAT pid=28540 elapsed=0s
2026-08-25T09:02:47+00:00 RUN_HEARTBEAT pid=28540 elapsed=62s
2026-08-25T09:03:02+00:00 RUN_END id=OAFX0550 window=SCREEN_IS status=OK decision=SCREEN_OUT_SINGLE_SLEEVE elapsed=77.849s
2026-08-25T09:03:02+00:00 GATE_SKIP id=OAFX0550 window=IS reason=SINGLE_SLEEVE_INFERIOR decision=SCREEN_OUT_SINGLE_SLEEVE net=18298.0 PF=1.0634 DD=33.1755%
2026-08-25T09:03:02+00:00 RUN_START id=OAFX0551 family=sca_gj_session_shape window=SCREEN_IS run=oafx_screen_is_oafx0551_20260825180302_61d60d
2026-08-25T09:03:03+00:00 RUN_HEARTBEAT pid=6860 elapsed=0s
2026-08-25T09:04:05+00:00 RUN_HEARTBEAT pid=6860 elapsed=62s
2026-08-25T09:04:20+00:00 RUN_END id=OAFX0551 window=SCREEN_IS status=OK decision=SCREEN_OUT_SINGLE_SLEEVE elapsed=77.831s
2026-08-25T09:04:20+00:00 GATE_SKIP id=OAFX0551 window=IS reason=SINGLE_SLEEVE_INFERIOR decision=SCREEN_OUT_SINGLE_SLEEVE net=62793.0 PF=1.1624 DD=22.6045%
2026-08-25T09:04:20+00:00 RUN_START id=OAFX0552 family=sca_gj_session_shape window=SCREEN_IS run=oafx_screen_is_oafx0552_20260825180420_207cd2
2026-08-25T09:04:21+00:00 RUN_HEARTBEAT pid=33572 elapsed=0s
2026-08-25T09:05:22+00:00 RUN_HEARTBEAT pid=33572 elapsed=62s
2026-08-25T09:05:38+00:00 RUN_END id=OAFX0552 window=SCREEN_IS status=OK decision=SCREEN_PASS_STRICT elapsed=77.906s
2026-08-25T09:05:38+00:00 RUN_START id=OAFX0552 family=sca_gj_session_shape window=IS run=oafx_is_oafx0552_20260825180538_d48843
2026-08-25T09:05:39+00:00 RUN_HEARTBEAT pid=3232 elapsed=0s
2026-08-25T09:06:40+00:00 RUN_HEARTBEAT pid=3232 elapsed=62s
2026-08-25T09:07:42+00:00 RUN_HEARTBEAT pid=3232 elapsed=123s
2026-08-25T09:08:44+00:00 RUN_HEARTBEAT pid=3232 elapsed=185s
2026-08-25T09:09:45+00:00 RUN_HEARTBEAT pid=3232 elapsed=247s
2026-08-25T09:10:47+00:00 RUN_HEARTBEAT pid=3232 elapsed=308s
2026-08-25T09:11:49+00:00 RUN_HEARTBEAT pid=3232 elapsed=370s
2026-08-25T09:12:20+00:00 RUN_END id=OAFX0552 window=IS status=OK decision=IS_REJECT elapsed=401.786s
2026-08-25T09:12:20+00:00 GATE_SKIP id=OAFX0552 window=OOS reason=IS_NOT_SURVIVOR decision=IS_REJECT net=307455.0 PF=1.4085 DD=42.5187%
2026-08-25T09:12:20+00:00 RUN_START id=OAFX0553 family=sca_gj_session_shape window=SCREEN_IS run=oafx_screen_is_oafx0553_20260825181220_1b6e14
2026-08-25T09:12:21+00:00 RUN_HEARTBEAT pid=41800 elapsed=0s
2026-08-25T09:13:22+00:00 RUN_HEARTBEAT pid=41800 elapsed=62s
2026-08-25T09:13:38+00:00 RUN_END id=OAFX0553 window=SCREEN_IS status=OK decision=SCREEN_OUT_SINGLE_SLEEVE elapsed=77.919s
2026-08-25T09:13:38+00:00 GATE_SKIP id=OAFX0553 window=IS reason=SINGLE_SLEEVE_INFERIOR decision=SCREEN_OUT_SINGLE_SLEEVE net=10184.0 PF=1.0585 DD=22.3734%
2026-08-25T09:13:38+00:00 RUN_START id=OAFX0554 family=sca_gj_session_shape window=SCREEN_IS run=oafx_screen_is_oafx0554_20260825181338_d936df
2026-08-25T09:13:38+00:00 RUN_HEARTBEAT pid=29024 elapsed=0s
2026-08-25T09:14:40+00:00 RUN_HEARTBEAT pid=29024 elapsed=62s
2026-08-25T09:14:55+00:00 RUN_END id=OAFX0554 window=SCREEN_IS status=OK decision=SCREEN_OUT_SINGLE_SLEEVE elapsed=77.846s
2026-08-25T09:14:55+00:00 GATE_SKIP id=OAFX0554 window=IS reason=SINGLE_SLEEVE_INFERIOR decision=SCREEN_OUT_SINGLE_SLEEVE net=53017.0 PF=1.1792 DD=19.3368%
2026-08-25T09:14:55+00:00 RUN_START id=OAFX0555 family=sca_gj_session_shape window=SCREEN_IS run=oafx_screen_is_oafx0555_20260825181455_7cc3a1
2026-08-25T09:14:56+00:00 RUN_HEARTBEAT pid=15412 elapsed=0s
2026-08-25T09:15:58+00:00 RUN_HEARTBEAT pid=15412 elapsed=62s
2026-08-25T09:16:13+00:00 RUN_END id=OAFX0555 window=SCREEN_IS status=OK decision=SCREEN_OUT_SINGLE_SLEEVE elapsed=77.814s
2026-08-25T09:16:13+00:00 GATE_SKIP id=OAFX0555 window=IS reason=SINGLE_SLEEVE_INFERIOR decision=SCREEN_OUT_SINGLE_SLEEVE net=76531.0 PF=1.204 DD=23.419%
2026-08-25T09:16:13+00:00 RUN_START id=OAFX0556 family=sca_gj_session_shape window=SCREEN_IS run=oafx_screen_is_oafx0556_20260825181613_c9480e
2026-08-25T09:16:14+00:00 RUN_HEARTBEAT pid=42864 elapsed=0s
2026-08-25T09:17:16+00:00 RUN_HEARTBEAT pid=42864 elapsed=62s
2026-08-25T09:17:31+00:00 RUN_END id=OAFX0556 window=SCREEN_IS status=OK decision=SCREEN_OUT_SINGLE_SLEEVE elapsed=77.834s
2026-08-25T09:17:31+00:00 GATE_SKIP id=OAFX0556 window=IS reason=SINGLE_SLEEVE_INFERIOR decision=SCREEN_OUT_SINGLE_SLEEVE net=80067.0 PF=1.1813 DD=27.3011%
2026-08-25T09:17:31+00:00 RUN_START id=OAFX0557 family=sca_gj_session_shape window=SCREEN_IS run=oafx_screen_is_oafx0557_20260825181731_3ee8e3
2026-08-25T09:17:32+00:00 RUN_HEARTBEAT pid=18352 elapsed=0s
2026-08-25T09:18:34+00:00 RUN_HEARTBEAT pid=18352 elapsed=62s
2026-08-25T09:18:49+00:00 RUN_END id=OAFX0557 window=SCREEN_IS status=OK decision=SCREEN_OUT_SINGLE_SLEEVE elapsed=77.881s
2026-08-25T09:18:49+00:00 GATE_SKIP id=OAFX0557 window=IS reason=SINGLE_SLEEVE_INFERIOR decision=SCREEN_OUT_SINGLE_SLEEVE net=43008.0 PF=1.3807 DD=10.6229%
2026-08-25T09:18:49+00:00 RUN_START id=OAFX0558 family=sca_gj_session_shape window=SCREEN_IS run=oafx_screen_is_oafx0558_20260825181849_123637
2026-08-25T09:18:50+00:00 RUN_HEARTBEAT pid=37620 elapsed=0s
2026-08-25T09:19:51+00:00 RUN_HEARTBEAT pid=37620 elapsed=62s
2026-08-25T09:20:07+00:00 RUN_END id=OAFX0558 window=SCREEN_IS status=OK decision=SCREEN_OUT_SINGLE_SLEEVE elapsed=77.842s
2026-08-25T09:20:07+00:00 GATE_SKIP id=OAFX0558 window=IS reason=SINGLE_SLEEVE_INFERIOR decision=SCREEN_OUT_SINGLE_SLEEVE net=76651.0 PF=1.3569 DD=20.3344%
2026-08-25T09:20:07+00:00 RUN_START id=OAFX0559 family=sca_gj_session_shape window=SCREEN_IS run=oafx_screen_is_oafx0559_20260825182007_324094
2026-08-25T09:20:08+00:00 RUN_HEARTBEAT pid=33964 elapsed=0s
2026-08-25T09:21:09+00:00 RUN_HEARTBEAT pid=33964 elapsed=62s
2026-08-25T09:21:25+00:00 RUN_END id=OAFX0559 window=SCREEN_IS status=OK decision=SCREEN_OUT_SINGLE_SLEEVE elapsed=77.803s
2026-08-25T09:21:25+00:00 GATE_SKIP id=OAFX0559 window=IS reason=SINGLE_SLEEVE_INFERIOR decision=SCREEN_OUT_SINGLE_SLEEVE net=79352.0 PF=1.263 DD=34.4621%
2026-08-25T09:21:25+00:00 RUN_START id=OAFX0560 family=sca_gj_session_shape window=SCREEN_IS run=oafx_screen_is_oafx0560_20260825182125_f4c828
2026-08-25T09:21:25+00:00 RUN_HEARTBEAT pid=18028 elapsed=0s
2026-08-25T09:22:27+00:00 RUN_HEARTBEAT pid=18028 elapsed=62s
2026-08-25T09:22:42+00:00 RUN_END id=OAFX0560 window=SCREEN_IS status=OK decision=SCREEN_OUT_SINGLE_SLEEVE elapsed=77.813s
2026-08-25T09:22:42+00:00 GATE_SKIP id=OAFX0560 window=IS reason=SINGLE_SLEEVE_INFERIOR decision=SCREEN_OUT_SINGLE_SLEEVE net=43585.0 PF=1.1175 DD=48.5924%
2026-08-25T09:22:42+00:00 RUN_START id=OAFX0561 family=sca_gj_session_shape window=SCREEN_IS run=oafx_screen_is_oafx0561_20260825182242_25225b
2026-08-25T09:22:43+00:00 RUN_HEARTBEAT pid=36936 elapsed=0s
2026-08-25T09:23:45+00:00 RUN_HEARTBEAT pid=36936 elapsed=62s
2026-08-25T09:24:00+00:00 RUN_END id=OAFX0561 window=SCREEN_IS status=OK decision=SCREEN_OUT_SINGLE_SLEEVE elapsed=77.842s
2026-08-25T09:24:00+00:00 GATE_SKIP id=OAFX0561 window=IS reason=SINGLE_SLEEVE_INFERIOR decision=SCREEN_OUT_SINGLE_SLEEVE net=35311.0 PF=1.6752 DD=9.8585%
2026-08-25T09:24:00+00:00 RUN_START id=OAFX0562 family=sca_gj_session_shape window=SCREEN_IS run=oafx_screen_is_oafx0562_20260825182400_8de6b3
2026-08-25T09:24:01+00:00 RUN_HEARTBEAT pid=35824 elapsed=0s
2026-08-25T09:25:03+00:00 RUN_HEARTBEAT pid=35824 elapsed=62s
2026-08-25T09:25:18+00:00 RUN_END id=OAFX0562 window=SCREEN_IS status=OK decision=SCREEN_OUT_SINGLE_SLEEVE elapsed=77.863s
2026-08-25T09:25:18+00:00 GATE_SKIP id=OAFX0562 window=IS reason=SINGLE_SLEEVE_INFERIOR decision=SCREEN_OUT_SINGLE_SLEEVE net=-15495.0 PF=0.8957 DD=44.6651%
2026-08-25T09:25:18+00:00 RUN_START id=OAFX0563 family=sca_gj_session_shape window=SCREEN_IS run=oafx_screen_is_oafx0563_20260825182518_cb4bfa
2026-08-25T09:25:19+00:00 RUN_HEARTBEAT pid=45904 elapsed=0s
2026-08-25T09:26:21+00:00 RUN_HEARTBEAT pid=45904 elapsed=62s
2026-08-25T09:26:36+00:00 RUN_END id=OAFX0563 window=SCREEN_IS status=OK decision=SCREEN_OUT_SINGLE_SLEEVE elapsed=77.826s
2026-08-25T09:26:36+00:00 GATE_SKIP id=OAFX0563 window=IS reason=SINGLE_SLEEVE_INFERIOR decision=SCREEN_OUT_SINGLE_SLEEVE net=-59979.0 PF=0.7645 DD=83.0192%
2026-08-25T09:26:36+00:00 RUN_START id=OAFX0564 family=sca_gj_session_shape window=SCREEN_IS run=oafx_screen_is_oafx0564_20260825182636_f99018
2026-08-25T09:26:37+00:00 RUN_HEARTBEAT pid=2808 elapsed=0s
2026-08-25T09:27:38+00:00 RUN_HEARTBEAT pid=2808 elapsed=62s
2026-08-25T09:27:54+00:00 RUN_END id=OAFX0564 window=SCREEN_IS status=OK decision=SCREEN_OUT_SINGLE_SLEEVE elapsed=77.867s
2026-08-25T09:27:54+00:00 GATE_SKIP id=OAFX0564 window=IS reason=SINGLE_SLEEVE_INFERIOR decision=SCREEN_OUT_SINGLE_SLEEVE net=-28403.0 PF=0.9222 DD=63.6572%
2026-08-25T09:27:54+00:00 RUN_START id=OAFX0565 family=sca_gj_session_shape window=SCREEN_IS run=oafx_screen_is_oafx0565_20260825182754_0f8a6b
2026-08-25T09:27:55+00:00 RUN_HEARTBEAT pid=44068 elapsed=0s
2026-08-25T09:28:56+00:00 RUN_HEARTBEAT pid=44068 elapsed=62s
2026-08-25T09:29:12+00:00 RUN_END id=OAFX0565 window=SCREEN_IS status=OK decision=SCREEN_OUT_SINGLE_SLEEVE elapsed=77.846s
2026-08-25T09:29:12+00:00 GATE_SKIP id=OAFX0565 window=IS reason=SINGLE_SLEEVE_INFERIOR decision=SCREEN_OUT_SINGLE_SLEEVE net=2244.0 PF=1.0267 DD=27.9508%
2026-08-25T09:29:12+00:00 RUN_START id=OAFX0566 family=sca_gj_session_shape window=SCREEN_IS run=oafx_screen_is_oafx0566_20260825182912_695a36
2026-08-25T09:29:12+00:00 RUN_HEARTBEAT pid=45536 elapsed=0s
2026-08-25T09:30:14+00:00 RUN_HEARTBEAT pid=45536 elapsed=62s
2026-08-25T09:30:30+00:00 RUN_END id=OAFX0566 window=SCREEN_IS status=OK decision=SCREEN_OUT_SINGLE_SLEEVE elapsed=77.805s
2026-08-25T09:30:30+00:00 GATE_SKIP id=OAFX0566 window=IS reason=SINGLE_SLEEVE_INFERIOR decision=SCREEN_OUT_SINGLE_SLEEVE net=-31758.0 PF=0.8536 DD=60.1833%
2026-08-25T09:30:30+00:00 RUN_START id=OAFX0567 family=sca_gj_session_shape window=SCREEN_IS run=oafx_screen_is_oafx0567_20260825183030_5ade35
2026-08-25T09:30:30+00:00 RUN_HEARTBEAT pid=30072 elapsed=0s
2026-08-25T09:31:32+00:00 RUN_HEARTBEAT pid=30072 elapsed=62s
2026-08-25T09:31:47+00:00 RUN_END id=OAFX0567 window=SCREEN_IS status=OK decision=SCREEN_OUT_SINGLE_SLEEVE elapsed=77.885s
2026-08-25T09:31:47+00:00 GATE_SKIP id=OAFX0567 window=IS reason=SINGLE_SLEEVE_INFERIOR decision=SCREEN_OUT_SINGLE_SLEEVE net=8160.0 PF=1.024 DD=41.668%
2026-08-25T09:31:47+00:00 RUN_START id=OAFX0568 family=sca_gj_session_shape window=SCREEN_IS run=oafx_screen_is_oafx0568_20260825183147_54cb8a
2026-08-25T09:31:48+00:00 RUN_HEARTBEAT pid=12992 elapsed=0s
2026-08-25T09:32:50+00:00 RUN_HEARTBEAT pid=12992 elapsed=62s
2026-08-25T09:33:05+00:00 RUN_END id=OAFX0568 window=SCREEN_IS status=OK decision=SCREEN_OUT_SINGLE_SLEEVE elapsed=77.836s
2026-08-25T09:33:05+00:00 GATE_SKIP id=OAFX0568 window=IS reason=SINGLE_SLEEVE_INFERIOR decision=SCREEN_OUT_SINGLE_SLEEVE net=49854.0 PF=1.1252 DD=31.0367%
2026-08-25T09:33:05+00:00 RUN_START id=OAFX0569 family=sca_gj_session_shape window=SCREEN_IS run=oafx_screen_is_oafx0569_20260825183305_58e8bd
2026-08-25T09:33:06+00:00 RUN_HEARTBEAT pid=18508 elapsed=0s
2026-08-25T09:34:08+00:00 RUN_HEARTBEAT pid=18508 elapsed=62s
2026-08-25T09:34:23+00:00 RUN_END id=OAFX0569 window=SCREEN_IS status=OK decision=SCREEN_OUT_SINGLE_SLEEVE elapsed=77.849s
2026-08-25T09:34:23+00:00 GATE_SKIP id=OAFX0569 window=IS reason=SINGLE_SLEEVE_INFERIOR decision=SCREEN_OUT_SINGLE_SLEEVE net=-10610.0 PF=0.9284 DD=37.6278%
2026-08-25T09:34:23+00:00 RUN_START id=OAFX0570 family=sca_gj_session_shape window=SCREEN_IS run=oafx_screen_is_oafx0570_20260825183423_c9971a
2026-08-25T09:34:24+00:00 RUN_HEARTBEAT pid=32772 elapsed=0s
2026-08-25T09:35:26+00:00 RUN_HEARTBEAT pid=32772 elapsed=62s
2026-08-25T09:35:41+00:00 RUN_END id=OAFX0570 window=SCREEN_IS status=OK decision=SCREEN_OUT_SINGLE_SLEEVE elapsed=77.862s
2026-08-25T09:35:41+00:00 GATE_SKIP id=OAFX0570 window=IS reason=SINGLE_SLEEVE_INFERIOR decision=SCREEN_OUT_SINGLE_SLEEVE net=37016.0 PF=1.1236 DD=30.836%
2026-08-25T09:35:41+00:00 RUN_START id=OAFX0571 family=sca_gj_session_shape window=SCREEN_IS run=oafx_screen_is_oafx0571_20260825183541_9fae7a
2026-08-25T09:35:42+00:00 RUN_HEARTBEAT pid=23648 elapsed=0s
2026-08-25T09:36:43+00:00 RUN_HEARTBEAT pid=23648 elapsed=62s
2026-08-25T09:36:59+00:00 RUN_END id=OAFX0571 window=SCREEN_IS status=OK decision=SCREEN_OUT_SINGLE_SLEEVE elapsed=77.891s
2026-08-25T09:36:59+00:00 GATE_SKIP id=OAFX0571 window=IS reason=SINGLE_SLEEVE_INFERIOR decision=SCREEN_OUT_SINGLE_SLEEVE net=84883.0 PF=1.2277 DD=21.9492%
2026-08-25T09:36:59+00:00 RUN_START id=OAFX0572 family=sca_gj_session_shape window=SCREEN_IS run=oafx_screen_is_oafx0572_20260825183659_2f9b35
2026-08-25T09:37:00+00:00 RUN_HEARTBEAT pid=32788 elapsed=0s
2026-08-25T09:38:01+00:00 RUN_HEARTBEAT pid=32788 elapsed=62s
2026-08-25T09:38:17+00:00 RUN_END id=OAFX0572 window=SCREEN_IS status=OK decision=SCREEN_OUT_SINGLE_SLEEVE elapsed=77.848s
2026-08-25T09:38:17+00:00 GATE_SKIP id=OAFX0572 window=IS reason=SINGLE_SLEEVE_INFERIOR decision=SCREEN_OUT_SINGLE_SLEEVE net=89410.0 PF=1.2107 DD=23.0233%
2026-08-25T09:38:17+00:00 RUN_START id=OAFX0573 family=sca_gj_session_shape window=SCREEN_IS run=oafx_screen_is_oafx0573_20260825183817_c1e509
2026-08-25T09:38:17+00:00 RUN_HEARTBEAT pid=38008 elapsed=0s
2026-08-25T09:39:19+00:00 RUN_HEARTBEAT pid=38008 elapsed=62s
2026-08-25T09:39:35+00:00 RUN_END id=OAFX0573 window=SCREEN_IS status=OK decision=SCREEN_OUT_SINGLE_SLEEVE elapsed=77.849s
2026-08-25T09:39:35+00:00 GATE_SKIP id=OAFX0573 window=IS reason=SINGLE_SLEEVE_INFERIOR decision=SCREEN_OUT_SINGLE_SLEEVE net=11552.0 PF=1.0619 DD=20.7998%
2026-08-25T09:39:35+00:00 RUN_START id=OAFX0574 family=sca_gj_session_shape window=SCREEN_IS run=oafx_screen_is_oafx0574_20260825183935_1a77c7
2026-08-25T09:39:35+00:00 RUN_HEARTBEAT pid=34164 elapsed=0s
2026-08-25T09:40:37+00:00 RUN_HEARTBEAT pid=34164 elapsed=62s
2026-08-25T09:40:52+00:00 RUN_END id=OAFX0574 window=SCREEN_IS status=OK decision=SCREEN_PASS_DD elapsed=77.842s
2026-08-25T09:40:52+00:00 RUN_START id=OAFX0574 family=sca_gj_session_shape window=IS run=oafx_is_oafx0574_20260825184052_b709f5
2026-08-25T09:40:53+00:00 RUN_HEARTBEAT pid=43636 elapsed=0s
2026-08-25T09:41:55+00:00 RUN_HEARTBEAT pid=43636 elapsed=62s
2026-08-25T09:42:57+00:00 RUN_HEARTBEAT pid=43636 elapsed=123s
2026-08-25T09:43:58+00:00 RUN_HEARTBEAT pid=43636 elapsed=185s
2026-08-25T09:45:00+00:00 RUN_HEARTBEAT pid=43636 elapsed=247s
2026-08-25T09:46:02+00:00 RUN_HEARTBEAT pid=43636 elapsed=308s
2026-08-25T09:47:03+00:00 RUN_HEARTBEAT pid=43636 elapsed=370s
2026-08-25T09:47:34+00:00 RUN_END id=OAFX0574 window=IS status=OK decision=IS_REJECT elapsed=401.599s
2026-08-25T09:47:34+00:00 GATE_SKIP id=OAFX0574 window=OOS reason=IS_NOT_SURVIVOR decision=IS_REJECT net=272674.0 PF=1.4511 DD=37.2799%
2026-08-25T09:47:34+00:00 RUN_START id=OAFX0575 family=sca_gj_session_shape window=SCREEN_IS run=oafx_screen_is_oafx0575_20260825184734_71ed3b
2026-08-25T09:47:35+00:00 RUN_HEARTBEAT pid=39016 elapsed=0s
2026-08-25T09:48:36+00:00 RUN_HEARTBEAT pid=39016 elapsed=62s
2026-08-25T09:48:52+00:00 RUN_END id=OAFX0575 window=SCREEN_IS status=OK decision=SCREEN_OUT_SINGLE_SLEEVE elapsed=77.833s
2026-08-25T09:48:52+00:00 GATE_SKIP id=OAFX0575 window=IS reason=SINGLE_SLEEVE_INFERIOR decision=SCREEN_OUT_SINGLE_SLEEVE net=69979.0 PF=1.1859 DD=24.1145%
2026-08-25T09:48:52+00:00 RUN_START id=OAFX0576 family=sca_gj_session_shape window=SCREEN_IS run=oafx_screen_is_oafx0576_20260825184852_e3a12d
2026-08-25T09:48:53+00:00 RUN_HEARTBEAT pid=38116 elapsed=0s
2026-08-25T09:49:54+00:00 RUN_HEARTBEAT pid=38116 elapsed=62s
2026-08-25T09:50:10+00:00 RUN_END id=OAFX0576 window=SCREEN_IS status=OK decision=SCREEN_OUT_SINGLE_SLEEVE elapsed=77.863s
2026-08-25T09:50:10+00:00 GATE_SKIP id=OAFX0576 window=IS reason=SINGLE_SLEEVE_INFERIOR decision=SCREEN_OUT_SINGLE_SLEEVE net=54722.0 PF=1.1188 DD=26.6669%
2026-08-25T09:50:10+00:00 RUN_START id=OAFX0577 family=sca_gj_session_shape window=SCREEN_IS run=oafx_screen_is_oafx0577_20260825185010_f6f2c3
2026-08-25T09:50:10+00:00 RUN_HEARTBEAT pid=28836 elapsed=0s
2026-08-25T09:51:12+00:00 RUN_HEARTBEAT pid=28836 elapsed=62s
2026-08-25T09:51:28+00:00 RUN_END id=OAFX0577 window=SCREEN_IS status=OK decision=SCREEN_OUT_SINGLE_SLEEVE elapsed=77.854s
2026-08-25T09:51:28+00:00 GATE_SKIP id=OAFX0577 window=IS reason=SINGLE_SLEEVE_INFERIOR decision=SCREEN_OUT_SINGLE_SLEEVE net=26873.0 PF=1.2255 DD=17.4965%
2026-08-25T09:51:28+00:00 RUN_START id=OAFX0578 family=sca_gj_session_shape window=SCREEN_IS run=oafx_screen_is_oafx0578_20260825185128_8166b3
2026-08-25T09:51:28+00:00 RUN_HEARTBEAT pid=32056 elapsed=0s
2026-08-25T09:52:30+00:00 RUN_HEARTBEAT pid=32056 elapsed=62s
2026-08-25T09:52:45+00:00 RUN_END id=OAFX0578 window=SCREEN_IS status=OK decision=SCREEN_OUT_SINGLE_SLEEVE elapsed=77.838s
2026-08-25T09:52:45+00:00 GATE_SKIP id=OAFX0578 window=IS reason=SINGLE_SLEEVE_INFERIOR decision=SCREEN_OUT_SINGLE_SLEEVE net=11415.0 PF=1.0511 DD=40.5453%
2026-08-25T09:52:45+00:00 RUN_START id=OAFX0579 family=sca_gj_session_shape window=SCREEN_IS run=oafx_screen_is_oafx0579_20260825185245_19e51b
2026-08-25T09:52:46+00:00 RUN_HEARTBEAT pid=43944 elapsed=0s
2026-08-25T09:53:48+00:00 RUN_HEARTBEAT pid=43944 elapsed=62s
2026-08-25T09:54:03+00:00 RUN_END id=OAFX0579 window=SCREEN_IS status=OK decision=SCREEN_OUT_SINGLE_SLEEVE elapsed=77.824s
2026-08-25T09:54:03+00:00 GATE_SKIP id=OAFX0579 window=IS reason=SINGLE_SLEEVE_INFERIOR decision=SCREEN_OUT_SINGLE_SLEEVE net=13722.0 PF=1.0428 DD=34.1476%
2026-08-25T09:54:03+00:00 RUN_START id=OAFX0580 family=sca_gj_session_shape window=SCREEN_IS run=oafx_screen_is_oafx0580_20260825185403_b33d3d
2026-08-25T09:54:04+00:00 RUN_HEARTBEAT pid=42688 elapsed=0s
2026-08-25T09:55:06+00:00 RUN_HEARTBEAT pid=42688 elapsed=62s
2026-08-25T09:55:21+00:00 RUN_END id=OAFX0580 window=SCREEN_IS status=OK decision=SCREEN_OUT_SINGLE_SLEEVE elapsed=77.889s
2026-08-25T09:55:21+00:00 GATE_SKIP id=OAFX0580 window=IS reason=SINGLE_SLEEVE_INFERIOR decision=SCREEN_OUT_SINGLE_SLEEVE net=-13501.0 PF=0.9657 DD=56.0131%
2026-08-25T09:55:21+00:00 RUN_START id=OAFX0581 family=sca_gj_session_shape window=SCREEN_IS run=oafx_screen_is_oafx0581_20260825185521_e85d2a
2026-08-25T09:55:22+00:00 RUN_HEARTBEAT pid=44936 elapsed=0s
2026-08-25T09:56:24+00:00 RUN_HEARTBEAT pid=44936 elapsed=62s
2026-08-25T09:56:39+00:00 RUN_END id=OAFX0581 window=SCREEN_IS status=OK decision=SCREEN_OUT_SINGLE_SLEEVE elapsed=77.830s
2026-08-25T09:56:39+00:00 GATE_SKIP id=OAFX0581 window=IS reason=SINGLE_SLEEVE_INFERIOR decision=SCREEN_OUT_SINGLE_SLEEVE net=8730.0 PF=1.159 DD=10.5138%
2026-08-25T09:56:39+00:00 RUN_START id=OAFX0582 family=sca_gj_session_shape window=SCREEN_IS run=oafx_screen_is_oafx0582_20260825185639_a8d474
2026-08-25T09:56:40+00:00 RUN_HEARTBEAT pid=42236 elapsed=0s
2026-08-25T09:57:41+00:00 RUN_HEARTBEAT pid=42236 elapsed=62s
2026-08-25T09:57:57+00:00 RUN_END id=OAFX0582 window=SCREEN_IS status=OK decision=SCREEN_OUT_SINGLE_SLEEVE elapsed=77.871s
2026-08-25T09:57:57+00:00 GATE_SKIP id=OAFX0582 window=IS reason=SINGLE_SLEEVE_INFERIOR decision=SCREEN_OUT_SINGLE_SLEEVE net=-14150.0 PF=0.8607 DD=36.1812%
2026-08-25T09:57:57+00:00 RUN_START id=OAFX0583 family=sca_gj_session_shape window=SCREEN_IS run=oafx_screen_is_oafx0583_20260825185757_143a12
2026-08-25T09:57:58+00:00 RUN_HEARTBEAT pid=27524 elapsed=0s
2026-08-25T09:58:59+00:00 RUN_HEARTBEAT pid=27524 elapsed=62s
2026-08-25T09:59:15+00:00 RUN_END id=OAFX0583 window=SCREEN_IS status=OK decision=SCREEN_OUT_SINGLE_SLEEVE elapsed=77.843s
2026-08-25T09:59:15+00:00 GATE_SKIP id=OAFX0583 window=IS reason=SINGLE_SLEEVE_INFERIOR decision=SCREEN_OUT_SINGLE_SLEEVE net=-15779.0 PF=0.9017 DD=43.6552%
2026-08-25T09:59:15+00:00 RUN_START id=OAFX0584 family=sca_gj_session_shape window=SCREEN_IS run=oafx_screen_is_oafx0584_20260825185915_ec1bae
2026-08-25T09:59:15+00:00 RUN_HEARTBEAT pid=8300 elapsed=0s
2026-08-25T10:00:17+00:00 RUN_HEARTBEAT pid=8300 elapsed=62s
2026-08-25T10:00:33+00:00 RUN_END id=OAFX0584 window=SCREEN_IS status=OK decision=SCREEN_OUT_SINGLE_SLEEVE elapsed=77.864s
2026-08-25T10:00:33+00:00 GATE_SKIP id=OAFX0584 window=IS reason=SINGLE_SLEEVE_INFERIOR decision=SCREEN_OUT_SINGLE_SLEEVE net=-34581.0 PF=0.8632 DD=59.8444%
2026-08-25T10:00:33+00:00 RUN_START id=OAFX0585 family=sca_gj_session_shape window=SCREEN_IS run=oafx_screen_is_oafx0585_20260825190033_0ecadf
2026-08-25T10:00:33+00:00 RUN_HEARTBEAT pid=40096 elapsed=0s
2026-08-25T10:01:35+00:00 RUN_HEARTBEAT pid=40096 elapsed=62s
2026-08-25T10:01:50+00:00 RUN_END id=OAFX0585 window=SCREEN_IS status=OK decision=SCREEN_OUT_SINGLE_SLEEVE elapsed=77.816s
2026-08-25T10:01:50+00:00 GATE_SKIP id=OAFX0585 window=IS reason=SINGLE_SLEEVE_INFERIOR decision=SCREEN_OUT_SINGLE_SLEEVE net=14462.0 PF=1.3039 DD=18.5479%
2026-08-25T10:01:50+00:00 RUN_START id=OAFX0586 family=sca_gj_session_shape window=SCREEN_IS run=oafx_screen_is_oafx0586_20260825190150_0dc179
2026-08-25T10:01:51+00:00 RUN_HEARTBEAT pid=33552 elapsed=0s
2026-08-25T10:02:53+00:00 RUN_HEARTBEAT pid=33552 elapsed=62s
2026-08-25T10:03:08+00:00 RUN_END id=OAFX0586 window=SCREEN_IS status=OK decision=SCREEN_OUT_SINGLE_SLEEVE elapsed=77.814s
2026-08-25T10:03:08+00:00 GATE_SKIP id=OAFX0586 window=IS reason=SINGLE_SLEEVE_INFERIOR decision=SCREEN_OUT_SINGLE_SLEEVE net=23814.0 PF=1.1838 DD=16.849%
2026-08-25T10:03:08+00:00 RUN_START id=OAFX0587 family=sca_gj_session_shape window=SCREEN_IS run=oafx_screen_is_oafx0587_20260825190308_f16158
2026-08-25T10:03:09+00:00 RUN_HEARTBEAT pid=22816 elapsed=0s
2026-08-25T10:04:11+00:00 RUN_HEARTBEAT pid=22816 elapsed=62s
2026-08-25T10:04:26+00:00 RUN_END id=OAFX0587 window=SCREEN_IS status=OK decision=SCREEN_OUT_SINGLE_SLEEVE elapsed=77.924s
2026-08-25T10:04:26+00:00 GATE_SKIP id=OAFX0587 window=IS reason=SINGLE_SLEEVE_INFERIOR decision=SCREEN_OUT_SINGLE_SLEEVE net=8928.0 PF=1.037 DD=55.14%
2026-08-25T10:04:26+00:00 RUN_START id=OAFX0588 family=sca_gj_session_shape window=SCREEN_IS run=oafx_screen_is_oafx0588_20260825190426_529570
2026-08-25T10:04:27+00:00 RUN_HEARTBEAT pid=18944 elapsed=0s
2026-08-25T10:05:29+00:00 RUN_HEARTBEAT pid=18944 elapsed=62s
2026-08-25T10:05:44+00:00 RUN_END id=OAFX0588 window=SCREEN_IS status=OK decision=SCREEN_OUT_SINGLE_SLEEVE elapsed=77.879s
2026-08-25T10:05:44+00:00 GATE_SKIP id=OAFX0588 window=IS reason=SINGLE_SLEEVE_INFERIOR decision=SCREEN_OUT_SINGLE_SLEEVE net=2433.0 PF=1.0079 DD=57.1568%
2026-08-25T10:05:44+00:00 RUN_START id=OAFX0589 family=sca_gj_session_shape window=SCREEN_IS run=oafx_screen_is_oafx0589_20260825190544_265c28
2026-08-25T10:05:45+00:00 RUN_HEARTBEAT pid=43904 elapsed=0s
2026-08-25T10:06:46+00:00 RUN_HEARTBEAT pid=43904 elapsed=62s
2026-08-25T10:07:02+00:00 RUN_END id=OAFX0589 window=SCREEN_IS status=OK decision=SCREEN_OUT_SINGLE_SLEEVE elapsed=77.827s
2026-08-25T10:07:02+00:00 GATE_SKIP id=OAFX0589 window=IS reason=SINGLE_SLEEVE_INFERIOR decision=SCREEN_OUT_SINGLE_SLEEVE net=11781.0 PF=1.0979 DD=31.8607%
2026-08-25T10:07:02+00:00 RUN_START id=OAFX0590 family=sca_gj_session_shape window=SCREEN_IS run=oafx_screen_is_oafx0590_20260825190702_82ccd0
2026-08-25T10:07:03+00:00 RUN_HEARTBEAT pid=24212 elapsed=0s
2026-08-25T10:08:04+00:00 RUN_HEARTBEAT pid=24212 elapsed=62s
2026-08-25T10:08:20+00:00 RUN_END id=OAFX0590 window=SCREEN_IS status=OK decision=SCREEN_OUT_SINGLE_SLEEVE elapsed=77.837s
2026-08-25T10:08:20+00:00 GATE_SKIP id=OAFX0590 window=IS reason=SINGLE_SLEEVE_INFERIOR decision=SCREEN_OUT_SINGLE_SLEEVE net=-356.0 PF=0.9987 DD=45.1889%
2026-08-25T10:08:20+00:00 RUN_START id=OAFX0591 family=sca_gj_session_shape window=SCREEN_IS run=oafx_screen_is_oafx0591_20260825190820_8ca239
2026-08-25T10:08:20+00:00 RUN_HEARTBEAT pid=44640 elapsed=0s
2026-08-25T10:09:22+00:00 RUN_HEARTBEAT pid=44640 elapsed=62s
2026-08-25T10:09:38+00:00 RUN_END id=OAFX0591 window=SCREEN_IS status=OK decision=SCREEN_OUT_SINGLE_SLEEVE elapsed=77.839s
2026-08-25T10:09:38+00:00 GATE_SKIP id=OAFX0591 window=IS reason=SINGLE_SLEEVE_INFERIOR decision=SCREEN_OUT_SINGLE_SLEEVE net=-1132.0 PF=0.9968 DD=47.2661%
2026-08-25T10:09:38+00:00 RUN_START id=OAFX0592 family=sca_gj_session_shape window=SCREEN_IS run=oafx_screen_is_oafx0592_20260825190938_2c8e86
2026-08-25T10:09:38+00:00 RUN_HEARTBEAT pid=17764 elapsed=0s
2026-08-25T10:10:40+00:00 RUN_HEARTBEAT pid=17764 elapsed=62s
2026-08-25T10:10:55+00:00 RUN_END id=OAFX0592 window=SCREEN_IS status=OK decision=SCREEN_OUT_SINGLE_SLEEVE elapsed=77.815s
2026-08-25T10:10:55+00:00 GATE_SKIP id=OAFX0592 window=IS reason=SINGLE_SLEEVE_INFERIOR decision=SCREEN_OUT_SINGLE_SLEEVE net=33554.0 PF=1.085 DD=38.4243%
2026-08-25T10:10:55+00:00 RUN_START id=OAFX0593 family=sca_gj_session_shape window=SCREEN_IS run=oafx_screen_is_oafx0593_20260825191055_ac0928
2026-08-25T10:10:56+00:00 RUN_HEARTBEAT pid=42604 elapsed=0s
2026-08-25T10:11:58+00:00 RUN_HEARTBEAT pid=42604 elapsed=62s
2026-08-25T10:12:13+00:00 RUN_END id=OAFX0593 window=SCREEN_IS status=OK decision=SCREEN_OUT_SINGLE_SLEEVE elapsed=77.878s
2026-08-25T10:12:13+00:00 GATE_SKIP id=OAFX0593 window=IS reason=SINGLE_SLEEVE_INFERIOR decision=SCREEN_OUT_SINGLE_SLEEVE net=-35222.0 PF=0.8275 DD=60.6122%
2026-08-25T10:12:13+00:00 RUN_START id=OAFX0594 family=sca_gj_session_shape window=SCREEN_IS run=oafx_screen_is_oafx0594_20260825191213_e4ee89
2026-08-25T10:12:14+00:00 RUN_HEARTBEAT pid=20376 elapsed=0s
2026-08-25T10:13:16+00:00 RUN_HEARTBEAT pid=20376 elapsed=62s
2026-08-25T10:13:31+00:00 RUN_END id=OAFX0594 window=SCREEN_IS status=OK decision=SCREEN_OUT_SINGLE_SLEEVE elapsed=77.817s
2026-08-25T10:13:31+00:00 GATE_SKIP id=OAFX0594 window=IS reason=SINGLE_SLEEVE_INFERIOR decision=SCREEN_OUT_SINGLE_SLEEVE net=-17811.0 PF=0.9449 DD=50.0955%
2026-08-25T10:13:31+00:00 RUN_START id=OAFX0595 family=sca_gj_session_shape window=SCREEN_IS run=oafx_screen_is_oafx0595_20260825191331_5cb73d
2026-08-25T10:13:32+00:00 RUN_HEARTBEAT pid=40468 elapsed=0s
2026-08-25T10:14:33+00:00 RUN_HEARTBEAT pid=40468 elapsed=62s
2026-08-25T10:14:49+00:00 RUN_END id=OAFX0595 window=SCREEN_IS status=OK decision=SCREEN_OUT_SINGLE_SLEEVE elapsed=77.859s
2026-08-25T10:14:49+00:00 GATE_SKIP id=OAFX0595 window=IS reason=SINGLE_SLEEVE_INFERIOR decision=SCREEN_OUT_SINGLE_SLEEVE net=-10069.0 PF=0.9748 DD=45.009%
2026-08-25T10:14:49+00:00 RUN_START id=OAFX0596 family=sca_gj_session_shape window=SCREEN_IS run=oafx_screen_is_oafx0596_20260825191449_141674
2026-08-25T10:14:50+00:00 RUN_HEARTBEAT pid=40536 elapsed=0s
2026-08-25T10:15:51+00:00 RUN_HEARTBEAT pid=40536 elapsed=62s
2026-08-25T10:16:07+00:00 RUN_END id=OAFX0596 window=SCREEN_IS status=OK decision=SCREEN_OUT_SINGLE_SLEEVE elapsed=77.840s
2026-08-25T10:16:07+00:00 GATE_SKIP id=OAFX0596 window=IS reason=SINGLE_SLEEVE_INFERIOR decision=SCREEN_OUT_SINGLE_SLEEVE net=-62628.0 PF=0.8671 DD=82.4465%
2026-08-25T10:16:07+00:00 RUN_START id=OAFX0597 family=sca_gj_session_shape window=SCREEN_IS run=oafx_screen_is_oafx0597_20260825191607_5b51d9
2026-08-25T10:16:08+00:00 RUN_HEARTBEAT pid=16576 elapsed=0s
2026-08-25T10:17:09+00:00 RUN_HEARTBEAT pid=16576 elapsed=62s
2026-08-25T10:17:25+00:00 RUN_END id=OAFX0597 window=SCREEN_IS status=OK decision=SCREEN_OUT_SINGLE_SLEEVE elapsed=77.836s
2026-08-25T10:17:25+00:00 GATE_SKIP id=OAFX0597 window=IS reason=SINGLE_SLEEVE_INFERIOR decision=SCREEN_OUT_SINGLE_SLEEVE net=41730.0 PF=1.3352 DD=17.7881%
2026-08-25T10:17:25+00:00 RUN_START id=OAFX0598 family=sca_gj_session_shape window=SCREEN_IS run=oafx_screen_is_oafx0598_20260825191725_f2a3f4
2026-08-25T10:17:25+00:00 RUN_HEARTBEAT pid=9244 elapsed=0s
2026-08-25T10:18:27+00:00 RUN_HEARTBEAT pid=9244 elapsed=62s
2026-08-25T10:18:42+00:00 RUN_END id=OAFX0598 window=SCREEN_IS status=OK decision=SCREEN_OUT_SINGLE_SLEEVE elapsed=77.928s
2026-08-25T10:18:42+00:00 GATE_SKIP id=OAFX0598 window=IS reason=SINGLE_SLEEVE_INFERIOR decision=SCREEN_OUT_SINGLE_SLEEVE net=54024.0 PF=1.2244 DD=21.8526%
2026-08-25T10:18:43+00:00 RUN_START id=OAFX0599 family=sca_gj_session_shape window=SCREEN_IS run=oafx_screen_is_oafx0599_20260825191843_f08109
2026-08-25T10:18:43+00:00 RUN_HEARTBEAT pid=13140 elapsed=0s
2026-08-25T10:19:45+00:00 RUN_HEARTBEAT pid=13140 elapsed=62s
2026-08-25T10:20:00+00:00 RUN_END id=OAFX0599 window=SCREEN_IS status=OK decision=SCREEN_OUT_SINGLE_SLEEVE elapsed=77.885s
2026-08-25T10:20:00+00:00 GATE_SKIP id=OAFX0599 window=IS reason=SINGLE_SLEEVE_INFERIOR decision=SCREEN_OUT_SINGLE_SLEEVE net=19948.0 PF=1.057 DD=38.5452%
2026-08-25T10:20:00+00:00 RUN_START id=OAFX0600 family=sca_gj_session_shape window=SCREEN_IS run=oafx_screen_is_oafx0600_20260825192000_305097
2026-08-25T10:20:01+00:00 RUN_HEARTBEAT pid=38176 elapsed=0s
2026-08-25T10:21:03+00:00 RUN_HEARTBEAT pid=38176 elapsed=62s
2026-08-25T10:21:18+00:00 RUN_END id=OAFX0600 window=SCREEN_IS status=OK decision=SCREEN_OUT_SINGLE_SLEEVE elapsed=77.861s
2026-08-25T10:21:18+00:00 GATE_SKIP id=OAFX0600 window=IS reason=SINGLE_SLEEVE_INFERIOR decision=SCREEN_OUT_SINGLE_SLEEVE net=-15438.0 PF=0.9639 DD=64.6541%
2026-08-25T10:21:18+00:00 RUN_START id=OAFX0601 family=sca_gj_exit_risk window=SCREEN_IS run=oafx_screen_is_oafx0601_20260825192118_edd608
2026-08-25T10:21:19+00:00 RUN_HEARTBEAT pid=9484 elapsed=0s
2026-08-25T10:22:21+00:00 RUN_HEARTBEAT pid=9484 elapsed=62s
2026-08-25T10:22:36+00:00 RUN_END id=OAFX0601 window=SCREEN_IS status=OK decision=SCREEN_OUT_SINGLE_SLEEVE elapsed=77.842s
2026-08-25T10:22:36+00:00 GATE_SKIP id=OAFX0601 window=IS reason=SINGLE_SLEEVE_INFERIOR decision=SCREEN_OUT_SINGLE_SLEEVE net=50300.0 PF=1.2264 DD=17.0886%
2026-08-25T10:22:36+00:00 RUN_START id=OAFX0602 family=sca_gj_exit_risk window=SCREEN_IS run=oafx_screen_is_oafx0602_20260825192236_9854da
2026-08-25T10:22:37+00:00 RUN_HEARTBEAT pid=17700 elapsed=0s
2026-08-25T10:23:39+00:00 RUN_HEARTBEAT pid=17700 elapsed=62s
2026-08-25T10:23:54+00:00 RUN_END id=OAFX0602 window=SCREEN_IS status=OK decision=SCREEN_OUT_SINGLE_SLEEVE elapsed=77.900s
2026-08-25T10:23:54+00:00 GATE_SKIP id=OAFX0602 window=IS reason=SINGLE_SLEEVE_INFERIOR decision=SCREEN_OUT_SINGLE_SLEEVE net=66502.0 PF=1.2963 DD=12.9573%
2026-08-25T10:23:54+00:00 RUN_START id=OAFX0603 family=sca_gj_exit_risk window=SCREEN_IS run=oafx_screen_is_oafx0603_20260825192354_a3e689
2026-08-25T10:23:55+00:00 RUN_HEARTBEAT pid=37876 elapsed=0s
2026-08-25T10:24:56+00:00 RUN_HEARTBEAT pid=37876 elapsed=62s
2026-08-25T10:25:12+00:00 RUN_END id=OAFX0603 window=SCREEN_IS status=OK decision=SCREEN_OUT_SINGLE_SLEEVE elapsed=77.884s
2026-08-25T10:25:12+00:00 GATE_SKIP id=OAFX0603 window=IS reason=SINGLE_SLEEVE_INFERIOR decision=SCREEN_OUT_SINGLE_SLEEVE net=33511.0 PF=1.123 DD=19.2485%
2026-08-25T10:25:12+00:00 RUN_START id=OAFX0604 family=sca_gj_exit_risk window=SCREEN_IS run=oafx_screen_is_oafx0604_20260825192512_778abf
2026-08-25T10:25:13+00:00 RUN_HEARTBEAT pid=38728 elapsed=0s
2026-08-25T10:26:14+00:00 RUN_HEARTBEAT pid=38728 elapsed=62s
2026-08-25T10:26:30+00:00 RUN_END id=OAFX0604 window=SCREEN_IS status=OK decision=SCREEN_OUT_SINGLE_SLEEVE elapsed=77.851s
2026-08-25T10:26:30+00:00 GATE_SKIP id=OAFX0604 window=IS reason=SINGLE_SLEEVE_INFERIOR decision=SCREEN_OUT_SINGLE_SLEEVE net=46558.0 PF=1.1655 DD=19.6255%
2026-08-25T10:26:30+00:00 RUN_START id=OAFX0605 family=sca_gj_exit_risk window=SCREEN_IS run=oafx_screen_is_oafx0605_20260825192630_e159c7
2026-08-25T10:26:31+00:00 RUN_HEARTBEAT pid=11876 elapsed=0s
2026-08-25T10:27:32+00:00 RUN_HEARTBEAT pid=11876 elapsed=62s
2026-08-25T10:27:48+00:00 RUN_END id=OAFX0605 window=SCREEN_IS status=OK decision=SCREEN_OUT_SINGLE_SLEEVE elapsed=77.913s
2026-08-25T10:27:48+00:00 GATE_SKIP id=OAFX0605 window=IS reason=SINGLE_SLEEVE_INFERIOR decision=SCREEN_OUT_SINGLE_SLEEVE net=34696.0 PF=1.1034 DD=17.5827%
2026-08-25T10:27:48+00:00 RUN_START id=OAFX0606 family=sca_gj_exit_risk window=SCREEN_IS run=oafx_screen_is_oafx0606_20260825192748_c5e27f
2026-08-25T10:27:48+00:00 RUN_HEARTBEAT pid=39596 elapsed=0s
2026-08-25T10:28:50+00:00 RUN_HEARTBEAT pid=39596 elapsed=62s
2026-08-25T10:29:06+00:00 RUN_END id=OAFX0606 window=SCREEN_IS status=OK decision=SCREEN_OUT_SINGLE_SLEEVE elapsed=77.876s
2026-08-25T10:29:06+00:00 GATE_SKIP id=OAFX0606 window=IS reason=SINGLE_SLEEVE_INFERIOR decision=SCREEN_OUT_SINGLE_SLEEVE net=55102.0 PF=1.1545 DD=18.1669%
2026-08-25T10:29:06+00:00 RUN_START id=OAFX0607 family=sca_gj_exit_risk window=SCREEN_IS run=oafx_screen_is_oafx0607_20260825192906_55cbaf
2026-08-25T10:29:06+00:00 RUN_HEARTBEAT pid=39880 elapsed=0s
2026-08-25T10:30:08+00:00 RUN_HEARTBEAT pid=39880 elapsed=62s
2026-08-25T10:30:23+00:00 RUN_END id=OAFX0607 window=SCREEN_IS status=OK decision=SCREEN_OUT_SINGLE_SLEEVE elapsed=77.867s
2026-08-25T10:30:23+00:00 GATE_SKIP id=OAFX0607 window=IS reason=SINGLE_SLEEVE_INFERIOR decision=SCREEN_OUT_SINGLE_SLEEVE net=36824.0 PF=1.1078 DD=18.129%
2026-08-25T10:30:23+00:00 RUN_START id=OAFX0608 family=sca_gj_exit_risk window=SCREEN_IS run=oafx_screen_is_oafx0608_20260825193023_09fcde
2026-08-25T10:30:24+00:00 RUN_HEARTBEAT pid=39760 elapsed=0s
2026-08-25T10:31:26+00:00 RUN_HEARTBEAT pid=39760 elapsed=62s
2026-08-25T10:31:41+00:00 RUN_END id=OAFX0608 window=SCREEN_IS status=OK decision=SCREEN_OUT_SINGLE_SLEEVE elapsed=77.796s
2026-08-25T10:31:41+00:00 GATE_SKIP id=OAFX0608 window=IS reason=SINGLE_SLEEVE_INFERIOR decision=SCREEN_OUT_SINGLE_SLEEVE net=57253.0 PF=1.157 DD=17.7854%
2026-08-25T10:31:41+00:00 RUN_START id=OAFX0609 family=sca_gj_exit_risk window=SCREEN_IS run=oafx_screen_is_oafx0609_20260825193141_b2fadd
2026-08-25T10:31:42+00:00 RUN_HEARTBEAT pid=6460 elapsed=0s
2026-08-25T10:32:44+00:00 RUN_HEARTBEAT pid=6460 elapsed=62s
2026-08-25T10:32:59+00:00 RUN_END id=OAFX0609 window=SCREEN_IS status=OK decision=SCREEN_OUT_SINGLE_SLEEVE elapsed=77.837s
2026-08-25T10:32:59+00:00 GATE_SKIP id=OAFX0609 window=IS reason=SINGLE_SLEEVE_INFERIOR decision=SCREEN_OUT_SINGLE_SLEEVE net=34414.0 PF=1.0993 DD=26.4561%
2026-08-25T10:32:59+00:00 RUN_START id=OAFX0610 family=sca_gj_exit_risk window=SCREEN_IS run=oafx_screen_is_oafx0610_20260825193259_0cf93a
2026-08-25T10:33:00+00:00 RUN_HEARTBEAT pid=25388 elapsed=0s
2026-08-25T10:34:01+00:00 RUN_HEARTBEAT pid=25388 elapsed=62s
2026-08-25T10:34:17+00:00 RUN_END id=OAFX0610 window=SCREEN_IS status=OK decision=SCREEN_OUT_SINGLE_SLEEVE elapsed=77.819s
2026-08-25T10:34:17+00:00 GATE_SKIP id=OAFX0610 window=IS reason=SINGLE_SLEEVE_INFERIOR decision=SCREEN_OUT_SINGLE_SLEEVE net=65616.0 PF=1.1797 DD=20.8159%
2026-08-25T10:34:17+00:00 RUN_START id=OAFX0611 family=sca_gj_exit_risk window=SCREEN_IS run=oafx_screen_is_oafx0611_20260825193417_e39507
2026-08-25T10:34:18+00:00 RUN_HEARTBEAT pid=27256 elapsed=0s
2026-08-25T10:35:19+00:00 RUN_HEARTBEAT pid=27256 elapsed=62s
2026-08-25T10:35:35+00:00 RUN_END id=OAFX0611 window=SCREEN_IS status=OK decision=SCREEN_OUT_SINGLE_SLEEVE elapsed=77.841s
2026-08-25T10:35:35+00:00 GATE_SKIP id=OAFX0611 window=IS reason=SINGLE_SLEEVE_INFERIOR decision=SCREEN_OUT_SINGLE_SLEEVE net=62071.0 PF=1.2788 DD=15.1784%
2026-08-25T10:35:35+00:00 RUN_START id=OAFX0612 family=sca_gj_exit_risk window=SCREEN_IS run=oafx_screen_is_oafx0612_20260825193535_52b8e3
2026-08-25T10:35:36+00:00 RUN_HEARTBEAT pid=41756 elapsed=0s
2026-08-25T10:36:37+00:00 RUN_HEARTBEAT pid=41756 elapsed=62s
2026-08-25T10:36:53+00:00 RUN_END id=OAFX0612 window=SCREEN_IS status=OK decision=SCREEN_OUT_SINGLE_SLEEVE elapsed=77.829s
2026-08-25T10:36:53+00:00 GATE_SKIP id=OAFX0612 window=IS reason=SINGLE_SLEEVE_INFERIOR decision=SCREEN_OUT_SINGLE_SLEEVE net=73567.0 PF=1.3278 DD=11.9153%
2026-08-25T10:36:53+00:00 RUN_START id=OAFX0613 family=sca_gj_exit_risk window=SCREEN_IS run=oafx_screen_is_oafx0613_20260825193653_987cd7
2026-08-25T10:36:53+00:00 RUN_HEARTBEAT pid=14988 elapsed=0s
2026-08-25T10:37:55+00:00 RUN_HEARTBEAT pid=14988 elapsed=62s
2026-08-25T10:38:10+00:00 RUN_END id=OAFX0613 window=SCREEN_IS status=OK decision=SCREEN_OUT_SINGLE_SLEEVE elapsed=77.855s
2026-08-25T10:38:10+00:00 GATE_SKIP id=OAFX0613 window=IS reason=SINGLE_SLEEVE_INFERIOR decision=SCREEN_OUT_SINGLE_SLEEVE net=44483.0 PF=1.1629 DD=17.0548%
2026-08-25T10:38:10+00:00 RUN_START id=OAFX0614 family=sca_gj_exit_risk window=SCREEN_IS run=oafx_screen_is_oafx0614_20260825193810_6dc8c8
2026-08-25T10:38:11+00:00 RUN_HEARTBEAT pid=44460 elapsed=0s
2026-08-25T10:39:13+00:00 RUN_HEARTBEAT pid=44460 elapsed=62s
2026-08-25T10:39:28+00:00 RUN_END id=OAFX0614 window=SCREEN_IS status=OK decision=SCREEN_OUT_SINGLE_SLEEVE elapsed=77.839s
2026-08-25T10:39:28+00:00 GATE_SKIP id=OAFX0614 window=IS reason=SINGLE_SLEEVE_INFERIOR decision=SCREEN_OUT_SINGLE_SLEEVE net=58247.0 PF=1.2069 DD=18.9267%
2026-08-25T10:39:28+00:00 RUN_START id=OAFX0615 family=sca_gj_exit_risk window=SCREEN_IS run=oafx_screen_is_oafx0615_20260825193928_ec7311
2026-08-25T10:39:29+00:00 RUN_HEARTBEAT pid=21676 elapsed=0s
2026-08-25T10:40:31+00:00 RUN_HEARTBEAT pid=21676 elapsed=62s
2026-08-25T10:40:46+00:00 RUN_END id=OAFX0615 window=SCREEN_IS status=OK decision=SCREEN_OUT_SINGLE_SLEEVE elapsed=77.873s
2026-08-25T10:40:46+00:00 GATE_SKIP id=OAFX0615 window=IS reason=SINGLE_SLEEVE_INFERIOR decision=SCREEN_OUT_SINGLE_SLEEVE net=50254.0 PF=1.1479 DD=16.0594%
2026-08-25T10:40:46+00:00 RUN_START id=OAFX0616 family=sca_gj_exit_risk window=SCREEN_IS run=oafx_screen_is_oafx0616_20260825194046_d3e350
2026-08-25T10:40:47+00:00 RUN_HEARTBEAT pid=44024 elapsed=0s
2026-08-25T10:41:49+00:00 RUN_HEARTBEAT pid=44024 elapsed=62s
2026-08-25T10:42:04+00:00 RUN_END id=OAFX0616 window=SCREEN_IS status=OK decision=SCREEN_OUT_SINGLE_SLEEVE elapsed=77.835s
2026-08-25T10:42:04+00:00 GATE_SKIP id=OAFX0616 window=IS reason=SINGLE_SLEEVE_INFERIOR decision=SCREEN_OUT_SINGLE_SLEEVE net=61943.0 PF=1.1732 DD=16.5706%
2026-08-25T10:42:04+00:00 RUN_START id=OAFX0617 family=sca_gj_exit_risk window=SCREEN_IS run=oafx_screen_is_oafx0617_20260825194204_d7a839
2026-08-25T10:42:05+00:00 RUN_HEARTBEAT pid=7324 elapsed=0s
2026-08-25T10:43:06+00:00 RUN_HEARTBEAT pid=7324 elapsed=62s
2026-08-25T10:43:22+00:00 RUN_END id=OAFX0617 window=SCREEN_IS status=OK decision=SCREEN_OUT_SINGLE_SLEEVE elapsed=77.905s
2026-08-25T10:43:22+00:00 GATE_SKIP id=OAFX0617 window=IS reason=SINGLE_SLEEVE_INFERIOR decision=SCREEN_OUT_SINGLE_SLEEVE net=47797.0 PF=1.1379 DD=18.5902%
2026-08-25T10:43:22+00:00 RUN_START id=OAFX0618 family=sca_gj_exit_risk window=SCREEN_IS run=oafx_screen_is_oafx0618_20260825194322_5d9b5f
2026-08-25T10:43:23+00:00 RUN_HEARTBEAT pid=44784 elapsed=0s
2026-08-25T10:44:24+00:00 RUN_HEARTBEAT pid=44784 elapsed=62s
2026-08-25T10:44:40+00:00 RUN_END id=OAFX0618 window=SCREEN_IS status=OK decision=SCREEN_OUT_SINGLE_SLEEVE elapsed=77.846s
2026-08-25T10:44:40+00:00 GATE_SKIP id=OAFX0618 window=IS reason=SINGLE_SLEEVE_INFERIOR decision=SCREEN_OUT_SINGLE_SLEEVE net=69633.0 PF=1.1898 DD=16.3947%
2026-08-25T10:44:40+00:00 RUN_START id=OAFX0619 family=sca_gj_exit_risk window=SCREEN_IS run=oafx_screen_is_oafx0619_20260825194440_627bc9
2026-08-25T10:44:41+00:00 RUN_HEARTBEAT pid=45596 elapsed=0s
2026-08-25T10:45:42+00:00 RUN_HEARTBEAT pid=45596 elapsed=62s
2026-08-25T10:45:58+00:00 RUN_END id=OAFX0619 window=SCREEN_IS status=OK decision=SCREEN_OUT_SINGLE_SLEEVE elapsed=77.857s
2026-08-25T10:45:58+00:00 GATE_SKIP id=OAFX0619 window=IS reason=SINGLE_SLEEVE_INFERIOR decision=SCREEN_OUT_SINGLE_SLEEVE net=48244.0 PF=1.1371 DD=21.7185%
2026-08-25T10:45:58+00:00 RUN_START id=OAFX0620 family=sca_gj_exit_risk window=SCREEN_IS run=oafx_screen_is_oafx0620_20260825194558_9f0ae1
2026-08-25T10:45:58+00:00 RUN_HEARTBEAT pid=45924 elapsed=0s
2026-08-25T10:47:00+00:00 RUN_HEARTBEAT pid=45924 elapsed=62s
2026-08-25T10:47:15+00:00 RUN_END id=OAFX0620 window=SCREEN_IS status=OK decision=SCREEN_OUT_SINGLE_SLEEVE elapsed=77.858s
2026-08-25T10:47:15+00:00 GATE_SKIP id=OAFX0620 window=IS reason=SINGLE_SLEEVE_INFERIOR decision=SCREEN_OUT_SINGLE_SLEEVE net=71925.0 PF=1.1959 DD=19.5901%
2026-08-25T10:47:15+00:00 RUN_START id=OAFX0621 family=sca_gj_exit_risk window=SCREEN_IS run=oafx_screen_is_oafx0621_20260825194715_e5e78a
2026-08-25T10:47:16+00:00 RUN_HEARTBEAT pid=5408 elapsed=0s
2026-08-25T10:48:18+00:00 RUN_HEARTBEAT pid=5408 elapsed=62s
2026-08-25T10:48:33+00:00 RUN_END id=OAFX0621 window=SCREEN_IS status=OK decision=SCREEN_OUT_SINGLE_SLEEVE elapsed=77.892s
2026-08-25T10:48:33+00:00 GATE_SKIP id=OAFX0621 window=IS reason=SINGLE_SLEEVE_INFERIOR decision=SCREEN_OUT_SINGLE_SLEEVE net=69981.0 PF=1.3142 DD=14.5831%
2026-08-25T10:48:33+00:00 RUN_START id=OAFX0622 family=sca_gj_exit_risk window=SCREEN_IS run=oafx_screen_is_oafx0622_20260825194833_2b4491
2026-08-25T10:48:34+00:00 RUN_HEARTBEAT pid=4892 elapsed=0s
2026-08-25T10:49:36+00:00 RUN_HEARTBEAT pid=4892 elapsed=62s
2026-08-25T10:49:51+00:00 RUN_END id=OAFX0622 window=SCREEN_IS status=OK decision=SCREEN_OUT_SINGLE_SLEEVE elapsed=77.869s
2026-08-25T10:49:51+00:00 GATE_SKIP id=OAFX0622 window=IS reason=SINGLE_SLEEVE_INFERIOR decision=SCREEN_OUT_SINGLE_SLEEVE net=61803.0 PF=1.2746 DD=12.3076%
2026-08-25T10:49:51+00:00 RUN_START id=OAFX0623 family=sca_gj_exit_risk window=SCREEN_IS run=oafx_screen_is_oafx0623_20260825194951_fb70bc
2026-08-25T10:49:52+00:00 RUN_HEARTBEAT pid=24500 elapsed=0s
2026-08-25T10:50:54+00:00 RUN_HEARTBEAT pid=24500 elapsed=62s
2026-08-25T10:51:09+00:00 RUN_END id=OAFX0623 window=SCREEN_IS status=OK decision=SCREEN_OUT_SINGLE_SLEEVE elapsed=77.865s
2026-08-25T10:51:09+00:00 GATE_SKIP id=OAFX0623 window=IS reason=SINGLE_SLEEVE_INFERIOR decision=SCREEN_OUT_SINGLE_SLEEVE net=52530.0 PF=1.1918 DD=17.0873%
2026-08-25T10:51:09+00:00 RUN_START id=OAFX0624 family=sca_gj_exit_risk window=SCREEN_IS run=oafx_screen_is_oafx0624_20260825195109_2bd6a4
2026-08-25T10:51:10+00:00 RUN_HEARTBEAT pid=32208 elapsed=0s
2026-08-25T10:52:12+00:00 RUN_HEARTBEAT pid=32208 elapsed=62s
2026-08-25T10:52:27+00:00 RUN_END id=OAFX0624 window=SCREEN_IS status=OK decision=SCREEN_OUT_SINGLE_SLEEVE elapsed=77.884s
2026-08-25T10:52:27+00:00 GATE_SKIP id=OAFX0624 window=IS reason=SINGLE_SLEEVE_INFERIOR decision=SCREEN_OUT_SINGLE_SLEEVE net=67147.0 PF=1.2378 DD=18.683%
2026-08-25T10:52:27+00:00 RUN_START id=OAFX0625 family=sca_gj_exit_risk window=SCREEN_IS run=oafx_screen_is_oafx0625_20260825195227_64994a
2026-08-25T10:52:28+00:00 RUN_HEARTBEAT pid=9568 elapsed=0s
2026-08-25T10:53:29+00:00 RUN_HEARTBEAT pid=9568 elapsed=62s
2026-08-25T10:53:45+00:00 RUN_END id=OAFX0625 window=SCREEN_IS status=OK decision=SCREEN_OUT_SINGLE_SLEEVE elapsed=77.871s
2026-08-25T10:53:45+00:00 GATE_SKIP id=OAFX0625 window=IS reason=SINGLE_SLEEVE_INFERIOR decision=SCREEN_OUT_SINGLE_SLEEVE net=63163.0 PF=1.185 DD=15.3668%
2026-08-25T10:53:45+00:00 RUN_START id=OAFX0626 family=sca_gj_exit_risk window=SCREEN_IS run=oafx_screen_is_oafx0626_20260825195345_746327
2026-08-25T10:53:46+00:00 RUN_HEARTBEAT pid=26268 elapsed=0s
2026-08-25T10:54:47+00:00 RUN_HEARTBEAT pid=26268 elapsed=62s
2026-08-25T10:55:03+00:00 RUN_END id=OAFX0626 window=SCREEN_IS status=OK decision=SCREEN_OUT_SINGLE_SLEEVE elapsed=77.869s
2026-08-25T10:55:03+00:00 GATE_SKIP id=OAFX0626 window=IS reason=SINGLE_SLEEVE_INFERIOR decision=SCREEN_OUT_SINGLE_SLEEVE net=69170.0 PF=1.1926 DD=16.5062%
2026-08-25T10:55:03+00:00 RUN_START id=OAFX0627 family=sca_gj_exit_risk window=SCREEN_IS run=oafx_screen_is_oafx0627_20260825195503_f23773
2026-08-25T10:55:04+00:00 RUN_HEARTBEAT pid=9136 elapsed=0s
2026-08-25T10:56:05+00:00 RUN_HEARTBEAT pid=9136 elapsed=62s
2026-08-25T10:56:21+00:00 RUN_END id=OAFX0627 window=SCREEN_IS status=OK decision=SCREEN_OUT_SINGLE_SLEEVE elapsed=77.837s
2026-08-25T10:56:21+00:00 GATE_SKIP id=OAFX0627 window=IS reason=SINGLE_SLEEVE_INFERIOR decision=SCREEN_OUT_SINGLE_SLEEVE net=63108.0 PF=1.1811 DD=16.2437%
2026-08-25T10:56:21+00:00 RUN_START id=OAFX0628 family=sca_gj_exit_risk window=SCREEN_IS run=oafx_screen_is_oafx0628_20260825195621_52eed0
2026-08-25T10:56:21+00:00 RUN_HEARTBEAT pid=21868 elapsed=0s
2026-08-25T10:57:23+00:00 RUN_HEARTBEAT pid=21868 elapsed=62s
2026-08-25T10:57:38+00:00 RUN_END id=OAFX0628 window=SCREEN_IS status=OK decision=SCREEN_OUT_SINGLE_SLEEVE elapsed=77.787s
2026-08-25T10:57:38+00:00 GATE_SKIP id=OAFX0628 window=IS reason=SINGLE_SLEEVE_INFERIOR decision=SCREEN_OUT_SINGLE_SLEEVE net=73055.0 PF=1.1979 DD=18.7551%
2026-08-25T10:57:38+00:00 RUN_START id=OAFX0629 family=sca_gj_exit_risk window=SCREEN_IS run=oafx_screen_is_oafx0629_20260825195738_589b96
2026-08-25T10:57:39+00:00 RUN_HEARTBEAT pid=35332 elapsed=0s
2026-08-25T10:58:41+00:00 RUN_HEARTBEAT pid=35332 elapsed=62s
2026-08-25T10:58:56+00:00 RUN_END id=OAFX0629 window=SCREEN_IS status=OK decision=SCREEN_OUT_SINGLE_SLEEVE elapsed=77.800s
2026-08-25T10:58:56+00:00 GATE_SKIP id=OAFX0629 window=IS reason=SINGLE_SLEEVE_INFERIOR decision=SCREEN_OUT_SINGLE_SLEEVE net=61891.0 PF=1.1751 DD=19.9205%
2026-08-25T10:58:56+00:00 RUN_START id=OAFX0630 family=sca_gj_exit_risk window=SCREEN_IS run=oafx_screen_is_oafx0630_20260825195856_d75f4f
2026-08-25T10:58:57+00:00 RUN_HEARTBEAT pid=23392 elapsed=0s
2026-08-25T10:59:59+00:00 RUN_HEARTBEAT pid=23392 elapsed=62s
2026-08-25T11:00:14+00:00 RUN_END id=OAFX0630 window=SCREEN_IS status=OK decision=SCREEN_OUT_SINGLE_SLEEVE elapsed=77.800s
2026-08-25T11:00:14+00:00 GATE_SKIP id=OAFX0630 window=IS reason=SINGLE_SLEEVE_INFERIOR decision=SCREEN_OUT_SINGLE_SLEEVE net=70906.0 PF=1.1918 DD=19.1416%
2026-08-25T11:00:14+00:00 RUN_START id=OAFX0631 family=sca_gj_exit_risk window=SCREEN_IS run=oafx_screen_is_oafx0631_20260825200014_8ef7fd
2026-08-25T11:00:15+00:00 RUN_HEARTBEAT pid=18220 elapsed=0s
2026-08-25T11:01:16+00:00 RUN_HEARTBEAT pid=18220 elapsed=62s
2026-08-25T11:01:32+00:00 RUN_END id=OAFX0631 window=SCREEN_IS status=OK decision=SCREEN_OUT_SINGLE_SLEEVE elapsed=77.804s
2026-08-25T11:01:32+00:00 GATE_SKIP id=OAFX0631 window=IS reason=SINGLE_SLEEVE_INFERIOR decision=SCREEN_OUT_SINGLE_SLEEVE net=74444.0 PF=1.3343 DD=13.7527%
2026-08-25T11:01:32+00:00 RUN_START id=OAFX0632 family=sca_gj_exit_risk window=SCREEN_IS run=oafx_screen_is_oafx0632_20260825200132_6ef08d
2026-08-25T11:01:33+00:00 RUN_HEARTBEAT pid=19060 elapsed=0s
2026-08-25T11:02:34+00:00 RUN_HEARTBEAT pid=19060 elapsed=62s
2026-08-25T11:02:50+00:00 RUN_END id=OAFX0632 window=SCREEN_IS status=OK decision=SCREEN_OUT_SINGLE_SLEEVE elapsed=77.795s
2026-08-25T11:02:50+00:00 GATE_SKIP id=OAFX0632 window=IS reason=SINGLE_SLEEVE_INFERIOR decision=SCREEN_OUT_SINGLE_SLEEVE net=65013.0 PF=1.2889 DD=11.7813%
2026-08-25T11:02:50+00:00 RUN_START id=OAFX0633 family=sca_gj_exit_risk window=SCREEN_IS run=oafx_screen_is_oafx0633_20260825200250_937cf3
2026-08-25T11:02:50+00:00 RUN_HEARTBEAT pid=30388 elapsed=0s
2026-08-25T11:03:52+00:00 RUN_HEARTBEAT pid=30388 elapsed=62s
2026-08-25T11:04:07+00:00 RUN_END id=OAFX0633 window=SCREEN_IS status=OK decision=SCREEN_OUT_SINGLE_SLEEVE elapsed=77.862s
2026-08-25T11:04:07+00:00 GATE_SKIP id=OAFX0633 window=IS reason=SINGLE_SLEEVE_INFERIOR decision=SCREEN_OUT_SINGLE_SLEEVE net=59956.0 PF=1.2187 DD=16.2854%
2026-08-25T11:04:07+00:00 RUN_START id=OAFX0634 family=sca_gj_exit_risk window=SCREEN_IS run=oafx_screen_is_oafx0634_20260825200407_3cadf2
2026-08-25T11:04:08+00:00 RUN_HEARTBEAT pid=21272 elapsed=0s
2026-08-25T11:05:10+00:00 RUN_HEARTBEAT pid=21272 elapsed=62s
2026-08-25T11:05:25+00:00 RUN_END id=OAFX0634 window=SCREEN_IS status=OK decision=SCREEN_OUT_SINGLE_SLEEVE elapsed=77.841s
2026-08-25T11:05:25+00:00 GATE_SKIP id=OAFX0634 window=IS reason=SINGLE_SLEEVE_INFERIOR decision=SCREEN_OUT_SINGLE_SLEEVE net=71000.0 PF=1.2509 DD=18.5328%
2026-08-25T11:05:25+00:00 RUN_START id=OAFX0635 family=sca_gj_exit_risk window=SCREEN_IS run=oafx_screen_is_oafx0635_20260825200525_2fbc08
2026-08-25T11:05:26+00:00 RUN_HEARTBEAT pid=44484 elapsed=0s
2026-08-25T11:06:28+00:00 RUN_HEARTBEAT pid=44484 elapsed=62s
2026-08-25T11:06:43+00:00 RUN_END id=OAFX0635 window=SCREEN_IS status=OK decision=SCREEN_OUT_SINGLE_SLEEVE elapsed=77.873s
2026-08-25T11:06:43+00:00 GATE_SKIP id=OAFX0635 window=IS reason=SINGLE_SLEEVE_INFERIOR decision=SCREEN_OUT_SINGLE_SLEEVE net=63879.0 PF=1.1866 DD=14.8067%
2026-08-25T11:06:43+00:00 RUN_START id=OAFX0636 family=sca_gj_exit_risk window=SCREEN_IS run=oafx_screen_is_oafx0636_20260825200643_dec110
2026-08-25T11:06:44+00:00 RUN_HEARTBEAT pid=21240 elapsed=0s
2026-08-25T11:07:46+00:00 RUN_HEARTBEAT pid=21240 elapsed=62s
2026-08-25T11:08:01+00:00 RUN_END id=OAFX0636 window=SCREEN_IS status=OK decision=SCREEN_PASS_DD elapsed=77.943s
2026-08-25T11:08:01+00:00 RUN_START id=OAFX0636 family=sca_gj_exit_risk window=IS run=oafx_is_oafx0636_20260825200801_2823b5
2026-08-25T11:08:02+00:00 RUN_HEARTBEAT pid=34524 elapsed=0s
2026-08-25T11:09:04+00:00 RUN_HEARTBEAT pid=34524 elapsed=62s
2026-08-25T11:10:05+00:00 RUN_HEARTBEAT pid=34524 elapsed=123s
2026-08-25T11:11:07+00:00 RUN_HEARTBEAT pid=34524 elapsed=185s
2026-08-25T11:12:09+00:00 RUN_HEARTBEAT pid=34524 elapsed=247s
2026-08-25T11:13:11+00:00 RUN_HEARTBEAT pid=34524 elapsed=309s
2026-08-25T11:14:12+00:00 RUN_HEARTBEAT pid=34524 elapsed=370s
2026-08-25T11:14:43+00:00 RUN_END id=OAFX0636 window=IS status=OK decision=IS_REJECT elapsed=402.035s
2026-08-25T11:14:43+00:00 GATE_SKIP id=OAFX0636 window=OOS reason=IS_NOT_SURVIVOR decision=IS_REJECT net=272690.0 PF=1.4059 DD=43.0267%
2026-08-25T11:14:43+00:00 RUN_START id=OAFX0637 family=sca_gj_exit_risk window=SCREEN_IS run=oafx_screen_is_oafx0637_20260825201443_c541e8
2026-08-25T11:14:44+00:00 RUN_HEARTBEAT pid=38740 elapsed=0s
2026-08-25T11:15:46+00:00 RUN_HEARTBEAT pid=38740 elapsed=62s
2026-08-25T11:16:01+00:00 RUN_END id=OAFX0637 window=SCREEN_IS status=OK decision=SCREEN_OUT_SINGLE_SLEEVE elapsed=77.954s
2026-08-25T11:16:01+00:00 GATE_SKIP id=OAFX0637 window=IS reason=SINGLE_SLEEVE_INFERIOR decision=SCREEN_OUT_SINGLE_SLEEVE net=72268.0 PF=1.2062 DD=14.9484%
2026-08-25T11:16:01+00:00 RUN_START id=OAFX0638 family=sca_gj_exit_risk window=SCREEN_IS run=oafx_screen_is_oafx0638_20260825201601_112483
2026-08-25T11:16:02+00:00 RUN_HEARTBEAT pid=27328 elapsed=0s
2026-08-25T11:17:04+00:00 RUN_HEARTBEAT pid=27328 elapsed=62s
2026-08-25T11:17:19+00:00 RUN_END id=OAFX0638 window=SCREEN_IS status=OK decision=SCREEN_PASS_DD elapsed=77.858s
2026-08-25T11:17:19+00:00 RUN_START id=OAFX0638 family=sca_gj_exit_risk window=IS run=oafx_is_oafx0638_20260825201719_c35949
2026-08-25T11:17:20+00:00 RUN_HEARTBEAT pid=38264 elapsed=0s
2026-08-25T11:18:22+00:00 RUN_HEARTBEAT pid=38264 elapsed=62s
2026-08-25T11:19:23+00:00 RUN_HEARTBEAT pid=38264 elapsed=123s
2026-08-25T11:20:25+00:00 RUN_HEARTBEAT pid=38264 elapsed=185s
2026-08-25T11:21:27+00:00 RUN_HEARTBEAT pid=38264 elapsed=247s
2026-08-25T11:22:28+00:00 RUN_HEARTBEAT pid=38264 elapsed=309s
2026-08-25T11:23:30+00:00 RUN_HEARTBEAT pid=38264 elapsed=370s
2026-08-25T11:24:16+00:00 RUN_END id=OAFX0638 window=IS status=OK decision=IS_SURVIVOR_STRICT elapsed=417.491s
2026-08-25T11:24:16+00:00 SKIP_BASELINE_OOS reason=existing actual measurement
2026-08-25T11:24:16+00:00 RUN_START id=OAFX0638 family=sca_gj_exit_risk window=OOS run=oafx_oos_oafx0638_20260825202416_3dfcf1
2026-08-25T11:24:17+00:00 RUN_HEARTBEAT pid=2964 elapsed=0s
2026-08-25T11:25:19+00:00 RUN_HEARTBEAT pid=2964 elapsed=62s
2026-08-25T11:26:21+00:00 RUN_HEARTBEAT pid=2964 elapsed=123s
2026-08-25T11:27:22+00:00 RUN_HEARTBEAT pid=2964 elapsed=185s
2026-08-25T11:28:24+00:00 RUN_HEARTBEAT pid=2964 elapsed=247s
2026-08-25T11:29:26+00:00 RUN_END id=OAFX0638 window=OOS status=OK decision=REJECT elapsed=309.273s
2026-08-25T11:29:26+00:00 RUN_START id=OAFX0639 family=sca_gj_exit_risk window=SCREEN_IS run=oafx_screen_is_oafx0639_20260825202926_795e31
2026-08-25T11:29:27+00:00 RUN_HEARTBEAT pid=43472 elapsed=0s
2026-08-25T11:30:28+00:00 RUN_HEARTBEAT pid=43472 elapsed=62s
2026-08-25T11:30:44+00:00 RUN_END id=OAFX0639 window=SCREEN_IS status=OK decision=SCREEN_OUT_SINGLE_SLEEVE elapsed=77.910s
2026-08-25T11:30:44+00:00 GATE_SKIP id=OAFX0639 window=IS reason=SINGLE_SLEEVE_INFERIOR decision=SCREEN_OUT_SINGLE_SLEEVE net=66630.0 PF=1.1874 DD=20.7547%
2026-08-25T11:30:44+00:00 RUN_START id=OAFX0640 family=sca_gj_exit_risk window=SCREEN_IS run=oafx_screen_is_oafx0640_20260825203044_8667a2
2026-08-25T11:30:44+00:00 RUN_HEARTBEAT pid=40704 elapsed=0s
2026-08-25T11:31:46+00:00 RUN_HEARTBEAT pid=40704 elapsed=62s
2026-08-25T11:32:02+00:00 RUN_END id=OAFX0640 window=SCREEN_IS status=OK decision=SCREEN_PASS_STRICT elapsed=77.861s
2026-08-25T11:32:02+00:00 RUN_START id=OAFX0640 family=sca_gj_exit_risk window=IS run=oafx_is_oafx0640_20260825203202_433bdb
2026-08-25T11:32:02+00:00 RUN_HEARTBEAT pid=24688 elapsed=0s
2026-08-25T11:33:04+00:00 RUN_HEARTBEAT pid=24688 elapsed=62s
2026-08-25T11:34:06+00:00 RUN_HEARTBEAT pid=24688 elapsed=123s
2026-08-25T11:35:07+00:00 RUN_HEARTBEAT pid=24688 elapsed=185s
2026-08-25T11:36:09+00:00 RUN_HEARTBEAT pid=24688 elapsed=247s
2026-08-25T11:37:11+00:00 RUN_HEARTBEAT pid=24688 elapsed=309s
2026-08-25T11:38:13+00:00 RUN_HEARTBEAT pid=24688 elapsed=370s
2026-08-25T11:38:43+00:00 RUN_END id=OAFX0640 window=IS status=OK decision=IS_REJECT elapsed=401.847s
2026-08-25T11:38:43+00:00 GATE_SKIP id=OAFX0640 window=OOS reason=IS_NOT_SURVIVOR decision=IS_REJECT net=284074.0 PF=1.4162 DD=42.3493%
2026-08-25T11:38:43+00:00 RUN_START id=OAFX0641 family=sca_gj_exit_risk window=SCREEN_IS run=oafx_screen_is_oafx0641_20260825203843_fdf54a
2026-08-25T11:38:44+00:00 RUN_HEARTBEAT pid=21960 elapsed=0s
2026-08-25T11:39:46+00:00 RUN_HEARTBEAT pid=21960 elapsed=62s
2026-08-25T11:40:02+00:00 RUN_END id=OAFX0641 window=SCREEN_IS status=OK decision=SCREEN_OUT_SINGLE_SLEEVE elapsed=78.190s
2026-08-25T11:40:02+00:00 GATE_SKIP id=OAFX0641 window=IS reason=SINGLE_SLEEVE_INFERIOR decision=SCREEN_OUT_SINGLE_SLEEVE net=63223.0 PF=1.2833 DD=13.003%
2026-08-25T11:40:02+00:00 RUN_START id=OAFX0642 family=sca_gj_exit_risk window=SCREEN_IS run=oafx_screen_is_oafx0642_20260825204002_19c6c7
2026-08-25T11:40:02+00:00 RUN_HEARTBEAT pid=41352 elapsed=0s
2026-08-25T11:41:04+00:00 RUN_HEARTBEAT pid=41352 elapsed=62s
2026-08-25T11:41:19+00:00 RUN_END id=OAFX0642 window=SCREEN_IS status=OK decision=SCREEN_OUT_SINGLE_SLEEVE elapsed=77.924s
2026-08-25T11:41:19+00:00 GATE_SKIP id=OAFX0642 window=IS reason=SINGLE_SLEEVE_INFERIOR decision=SCREEN_OUT_SINGLE_SLEEVE net=66442.0 PF=1.2953 DD=12.9158%
2026-08-25T11:41:19+00:00 RUN_START id=OAFX0643 family=sca_gj_exit_risk window=SCREEN_IS run=oafx_screen_is_oafx0643_20260825204119_db92f5
2026-08-25T11:41:20+00:00 RUN_HEARTBEAT pid=44512 elapsed=0s
2026-08-25T11:42:22+00:00 RUN_HEARTBEAT pid=44512 elapsed=62s
2026-08-25T11:42:37+00:00 RUN_END id=OAFX0643 window=SCREEN_IS status=OK decision=SCREEN_OUT_SINGLE_SLEEVE elapsed=77.938s
2026-08-25T11:42:37+00:00 GATE_SKIP id=OAFX0643 window=IS reason=SINGLE_SLEEVE_INFERIOR decision=SCREEN_OUT_SINGLE_SLEEVE net=72232.0 PF=1.2629 DD=15.9346%
2026-08-25T11:42:37+00:00 RUN_START id=OAFX0644 family=sca_gj_exit_risk window=SCREEN_IS run=oafx_screen_is_oafx0644_20260825204237_0315c4
2026-08-25T11:42:38+00:00 RUN_HEARTBEAT pid=43612 elapsed=0s
2026-08-25T11:43:40+00:00 RUN_HEARTBEAT pid=43612 elapsed=62s
2026-08-25T11:43:55+00:00 RUN_END id=OAFX0644 window=SCREEN_IS status=OK decision=SCREEN_OUT_SINGLE_SLEEVE elapsed=77.956s
2026-08-25T11:43:55+00:00 GATE_SKIP id=OAFX0644 window=IS reason=SINGLE_SLEEVE_INFERIOR decision=SCREEN_OUT_SINGLE_SLEEVE net=52647.0 PF=1.1855 DD=18.5224%
2026-08-25T11:43:55+00:00 RUN_START id=OAFX0645 family=sca_gj_exit_risk window=SCREEN_IS run=oafx_screen_is_oafx0645_20260825204355_6c7d27
2026-08-25T11:43:56+00:00 RUN_HEARTBEAT pid=32708 elapsed=0s
2026-08-25T11:44:58+00:00 RUN_HEARTBEAT pid=32708 elapsed=62s
2026-08-25T11:45:13+00:00 RUN_END id=OAFX0645 window=SCREEN_IS status=OK decision=SCREEN_PASS_DD elapsed=77.919s
2026-08-25T11:45:13+00:00 RUN_START id=OAFX0645 family=sca_gj_exit_risk window=IS run=oafx_is_oafx0645_20260825204513_1c1571
2026-08-25T11:45:14+00:00 RUN_HEARTBEAT pid=42988 elapsed=0s
2026-08-25T11:46:16+00:00 RUN_HEARTBEAT pid=42988 elapsed=62s
2026-08-25T11:47:18+00:00 RUN_HEARTBEAT pid=42988 elapsed=123s
2026-08-25T11:48:19+00:00 RUN_HEARTBEAT pid=42988 elapsed=185s
2026-08-25T11:49:21+00:00 RUN_HEARTBEAT pid=42988 elapsed=247s
2026-08-25T11:50:23+00:00 RUN_HEARTBEAT pid=42988 elapsed=309s
2026-08-25T11:51:24+00:00 RUN_HEARTBEAT pid=42988 elapsed=370s
2026-08-25T11:51:55+00:00 RUN_END id=OAFX0645 window=IS status=OK decision=IS_REJECT elapsed=401.987s
2026-08-25T11:51:55+00:00 GATE_SKIP id=OAFX0645 window=OOS reason=IS_NOT_SURVIVOR decision=IS_REJECT net=272923.0 PF=1.4167 DD=41.7195%
2026-08-25T11:51:55+00:00 RUN_START id=OAFX0646 family=sca_gj_exit_risk window=SCREEN_IS run=oafx_screen_is_oafx0646_20260825205155_1d06fe
2026-08-25T11:51:56+00:00 RUN_HEARTBEAT pid=39096 elapsed=0s
2026-08-25T11:52:58+00:00 RUN_HEARTBEAT pid=39096 elapsed=62s
2026-08-25T11:53:13+00:00 RUN_END id=OAFX0646 window=SCREEN_IS status=OK decision=SCREEN_OUT_SINGLE_SLEEVE elapsed=77.948s
2026-08-25T11:53:13+00:00 GATE_SKIP id=OAFX0646 window=IS reason=SINGLE_SLEEVE_INFERIOR decision=SCREEN_OUT_SINGLE_SLEEVE net=65014.0 PF=1.1787 DD=18.0751%
2026-08-25T11:53:13+00:00 RUN_START id=OAFX0647 family=sca_gj_exit_risk window=SCREEN_IS run=oafx_screen_is_oafx0647_20260825205313_10a508
2026-08-25T11:53:14+00:00 RUN_HEARTBEAT pid=27124 elapsed=0s
2026-08-25T11:54:16+00:00 RUN_HEARTBEAT pid=27124 elapsed=62s
2026-08-25T11:54:31+00:00 RUN_END id=OAFX0647 window=SCREEN_IS status=OK decision=SCREEN_PASS_DD elapsed=77.854s
2026-08-25T11:54:31+00:00 RUN_START id=OAFX0647 family=sca_gj_exit_risk window=IS run=oafx_is_oafx0647_20260825205431_50e78a
2026-08-25T11:54:32+00:00 RUN_HEARTBEAT pid=14596 elapsed=0s
2026-08-25T11:55:34+00:00 RUN_HEARTBEAT pid=14596 elapsed=62s
2026-08-25T11:56:35+00:00 RUN_HEARTBEAT pid=14596 elapsed=123s
2026-08-25T11:57:37+00:00 RUN_HEARTBEAT pid=14596 elapsed=185s
2026-08-25T11:58:39+00:00 RUN_HEARTBEAT pid=14596 elapsed=247s
2026-08-25T11:59:40+00:00 RUN_HEARTBEAT pid=14596 elapsed=309s
2026-08-25T12:00:42+00:00 RUN_HEARTBEAT pid=14596 elapsed=370s
2026-08-25T12:01:29+00:00 RUN_END id=OAFX0647 window=IS status=OK decision=IS_REJECT elapsed=417.464s
2026-08-25T12:01:29+00:00 GATE_SKIP id=OAFX0647 window=OOS reason=IS_NOT_SURVIVOR decision=IS_REJECT net=275364.0 PF=1.4148 DD=39.8376%
2026-08-25T12:01:29+00:00 RUN_START id=OAFX0648 family=sca_gj_exit_risk window=SCREEN_IS run=oafx_screen_is_oafx0648_20260825210129_a57bd2
2026-08-25T12:01:29+00:00 RUN_HEARTBEAT pid=45508 elapsed=0s
2026-08-25T12:02:31+00:00 RUN_HEARTBEAT pid=45508 elapsed=62s
2026-08-25T12:02:46+00:00 RUN_END id=OAFX0648 window=SCREEN_IS status=OK decision=SCREEN_OUT_SINGLE_SLEEVE elapsed=77.915s
2026-08-25T12:02:46+00:00 GATE_SKIP id=OAFX0648 window=IS reason=SINGLE_SLEEVE_INFERIOR decision=SCREEN_OUT_SINGLE_SLEEVE net=72169.0 PF=1.1914 DD=21.6908%
2026-08-25T12:02:46+00:00 RUN_START id=OAFX0649 family=sca_gj_exit_risk window=SCREEN_IS run=oafx_screen_is_oafx0649_20260825210246_0515ee
2026-08-25T12:02:47+00:00 RUN_HEARTBEAT pid=31796 elapsed=0s
2026-08-25T12:03:49+00:00 RUN_HEARTBEAT pid=31796 elapsed=62s
2026-08-25T12:04:04+00:00 RUN_END id=OAFX0649 window=SCREEN_IS status=OK decision=SCREEN_OUT_SINGLE_SLEEVE elapsed=77.858s
2026-08-25T12:04:04+00:00 GATE_SKIP id=OAFX0649 window=IS reason=SINGLE_SLEEVE_INFERIOR decision=SCREEN_OUT_SINGLE_SLEEVE net=69959.0 PF=1.1956 DD=17.461%
2026-08-25T12:04:04+00:00 RUN_START id=OAFX0650 family=sca_gj_exit_risk window=SCREEN_IS run=oafx_screen_is_oafx0650_20260825210404_49069f
2026-08-25T12:04:05+00:00 RUN_HEARTBEAT pid=33896 elapsed=0s
2026-08-25T12:05:07+00:00 RUN_HEARTBEAT pid=33896 elapsed=62s
2026-08-25T12:05:22+00:00 RUN_END id=OAFX0650 window=SCREEN_IS status=OK decision=SCREEN_PASS_DD elapsed=77.884s
2026-08-25T12:05:22+00:00 RUN_START id=OAFX0650 family=sca_gj_exit_risk window=IS run=oafx_is_oafx0650_20260825210522_41530f
2026-08-25T12:05:23+00:00 RUN_HEARTBEAT pid=43472 elapsed=0s
2026-08-25T12:06:25+00:00 RUN_HEARTBEAT pid=43472 elapsed=62s
2026-08-25T12:07:26+00:00 RUN_HEARTBEAT pid=43472 elapsed=123s
2026-08-25T12:08:28+00:00 RUN_HEARTBEAT pid=43472 elapsed=185s
2026-08-25T12:09:30+00:00 RUN_HEARTBEAT pid=43472 elapsed=247s
2026-08-25T12:10:32+00:00 RUN_HEARTBEAT pid=43472 elapsed=309s
2026-08-25T12:11:33+00:00 RUN_HEARTBEAT pid=43472 elapsed=370s
2026-08-25T12:12:04+00:00 RUN_END id=OAFX0650 window=IS status=OK decision=IS_REJECT elapsed=401.915s
2026-08-25T12:12:04+00:00 GATE_SKIP id=OAFX0650 window=OOS reason=IS_NOT_SURVIVOR decision=IS_REJECT net=272643.0 PF=1.3943 DD=41.3706%
2026-08-25T12:12:04+00:00 RUN_START id=OAFX0651 family=sca_gj_exit_risk window=SCREEN_IS run=oafx_screen_is_oafx0651_20260825211204_52193b
2026-08-25T12:12:05+00:00 RUN_HEARTBEAT pid=3828 elapsed=0s
2026-08-25T12:13:07+00:00 RUN_HEARTBEAT pid=3828 elapsed=62s
2026-08-25T12:13:22+00:00 RUN_END id=OAFX0651 window=SCREEN_IS status=OK decision=SCREEN_OUT_SINGLE_SLEEVE elapsed=77.923s
2026-08-25T12:13:22+00:00 GATE_SKIP id=OAFX0651 window=IS reason=SINGLE_SLEEVE_INFERIOR decision=SCREEN_OUT_SINGLE_SLEEVE net=65504.0 PF=1.2935 DD=12.7153%
2026-08-25T12:13:22+00:00 RUN_START id=OAFX0652 family=sca_gj_exit_risk window=SCREEN_IS run=oafx_screen_is_oafx0652_20260825211322_733e3e
2026-08-25T12:13:23+00:00 RUN_HEARTBEAT pid=16596 elapsed=0s
2026-08-25T12:14:25+00:00 RUN_HEARTBEAT pid=16596 elapsed=62s
2026-08-25T12:14:40+00:00 RUN_END id=OAFX0652 window=SCREEN_IS status=OK decision=SCREEN_OUT_SINGLE_SLEEVE elapsed=77.918s
2026-08-25T12:14:40+00:00 GATE_SKIP id=OAFX0652 window=IS reason=SINGLE_SLEEVE_INFERIOR decision=SCREEN_OUT_SINGLE_SLEEVE net=67867.0 PF=1.3016 DD=12.882%
2026-08-25T12:14:40+00:00 RUN_START id=OAFX0653 family=sca_gj_exit_risk window=SCREEN_IS run=oafx_screen_is_oafx0653_20260825211440_841083
2026-08-25T12:14:41+00:00 RUN_HEARTBEAT pid=9420 elapsed=0s
2026-08-25T12:15:43+00:00 RUN_HEARTBEAT pid=9420 elapsed=62s
2026-08-25T12:15:58+00:00 RUN_END id=OAFX0653 window=SCREEN_IS status=OK decision=SCREEN_OUT_SINGLE_SLEEVE elapsed=77.922s
2026-08-25T12:15:58+00:00 GATE_SKIP id=OAFX0653 window=IS reason=SINGLE_SLEEVE_INFERIOR decision=SCREEN_OUT_SINGLE_SLEEVE net=73399.0 PF=1.2667 DD=15.6891%
2026-08-25T12:15:58+00:00 RUN_START id=OAFX0654 family=sca_gj_exit_risk window=SCREEN_IS run=oafx_screen_is_oafx0654_20260825211558_e0c941
2026-08-25T12:15:59+00:00 RUN_HEARTBEAT pid=24668 elapsed=0s
2026-08-25T12:17:00+00:00 RUN_HEARTBEAT pid=24668 elapsed=62s
2026-08-25T12:17:16+00:00 RUN_END id=OAFX0654 window=SCREEN_IS status=OK decision=SCREEN_OUT_SINGLE_SLEEVE elapsed=77.879s
2026-08-25T12:17:16+00:00 GATE_SKIP id=OAFX0654 window=IS reason=SINGLE_SLEEVE_INFERIOR decision=SCREEN_OUT_SINGLE_SLEEVE net=54263.0 PF=1.1912 DD=18.488%
2026-08-25T12:17:16+00:00 RUN_START id=OAFX0655 family=sca_gj_exit_risk window=SCREEN_IS run=oafx_screen_is_oafx0655_20260825211716_ac1366
2026-08-25T12:17:17+00:00 RUN_HEARTBEAT pid=31796 elapsed=0s
2026-08-25T12:18:18+00:00 RUN_HEARTBEAT pid=31796 elapsed=62s
2026-08-25T12:18:34+00:00 RUN_END id=OAFX0655 window=SCREEN_IS status=OK decision=SCREEN_PASS_DD elapsed=77.907s
2026-08-25T12:18:34+00:00 RUN_START id=OAFX0655 family=sca_gj_exit_risk window=IS run=oafx_is_oafx0655_20260825211834_a16775
2026-08-25T12:18:35+00:00 RUN_HEARTBEAT pid=33616 elapsed=0s
2026-08-25T12:19:36+00:00 RUN_HEARTBEAT pid=33616 elapsed=62s
2026-08-25T12:20:38+00:00 RUN_HEARTBEAT pid=33616 elapsed=123s
2026-08-25T12:21:40+00:00 RUN_HEARTBEAT pid=33616 elapsed=185s
2026-08-25T12:22:41+00:00 RUN_HEARTBEAT pid=33616 elapsed=247s
2026-08-25T12:23:43+00:00 RUN_HEARTBEAT pid=33616 elapsed=309s
2026-08-25T12:24:45+00:00 RUN_HEARTBEAT pid=33616 elapsed=370s
2026-08-25T12:25:16+00:00 RUN_END id=OAFX0655 window=IS status=OK decision=IS_REJECT elapsed=402.093s
2026-08-25T12:25:16+00:00 GATE_SKIP id=OAFX0655 window=OOS reason=IS_NOT_SURVIVOR decision=IS_REJECT net=277986.0 PF=1.4241 DD=39.7427%
2026-08-25T12:25:16+00:00 RUN_START id=OAFX0656 family=sca_gj_exit_risk window=SCREEN_IS run=oafx_screen_is_oafx0656_20260825212516_2f87a7
2026-08-25T12:25:17+00:00 RUN_HEARTBEAT pid=8300 elapsed=0s
2026-08-25T12:26:18+00:00 RUN_HEARTBEAT pid=8300 elapsed=62s
2026-08-25T12:26:34+00:00 RUN_END id=OAFX0656 window=SCREEN_IS status=OK decision=SCREEN_OUT_SINGLE_SLEEVE elapsed=77.898s
2026-08-25T12:26:34+00:00 GATE_SKIP id=OAFX0656 window=IS reason=SINGLE_SLEEVE_INFERIOR decision=SCREEN_OUT_SINGLE_SLEEVE net=68687.0 PF=1.1888 DD=17.9486%
2026-08-25T12:26:34+00:00 RUN_START id=OAFX0657 family=sca_gj_exit_risk window=SCREEN_IS run=oafx_screen_is_oafx0657_20260825212634_59e012
2026-08-25T12:26:35+00:00 RUN_HEARTBEAT pid=40668 elapsed=0s
2026-08-25T12:27:36+00:00 RUN_HEARTBEAT pid=40668 elapsed=62s
2026-08-25T12:27:52+00:00 RUN_END id=OAFX0657 window=SCREEN_IS status=OK decision=SCREEN_PASS_STRICT elapsed=77.933s
2026-08-25T12:27:52+00:00 RUN_START id=OAFX0657 family=sca_gj_exit_risk window=IS run=oafx_is_oafx0657_20260825212752_8f69f5
2026-08-25T12:27:52+00:00 RUN_HEARTBEAT pid=15044 elapsed=0s
2026-08-25T12:28:54+00:00 RUN_HEARTBEAT pid=15044 elapsed=62s
2026-08-25T12:29:56+00:00 RUN_HEARTBEAT pid=15044 elapsed=123s
2026-08-25T12:30:58+00:00 RUN_HEARTBEAT pid=15044 elapsed=185s
2026-08-25T12:31:59+00:00 RUN_HEARTBEAT pid=15044 elapsed=247s
2026-08-25T12:33:01+00:00 RUN_HEARTBEAT pid=15044 elapsed=308s
2026-08-25T12:34:03+00:00 RUN_HEARTBEAT pid=15044 elapsed=370s
2026-08-25T12:34:33+00:00 RUN_END id=OAFX0657 window=IS status=OK decision=IS_REJECT elapsed=401.769s
2026-08-25T12:34:33+00:00 GATE_SKIP id=OAFX0657 window=OOS reason=IS_NOT_SURVIVOR decision=IS_REJECT net=281942.0 PF=1.4243 DD=37.3002%
2026-08-25T12:34:33+00:00 RUN_START id=OAFX0658 family=sca_gj_exit_risk window=SCREEN_IS run=oafx_screen_is_oafx0658_20260825213433_512bd6
2026-08-25T12:34:34+00:00 RUN_HEARTBEAT pid=38436 elapsed=0s
2026-08-25T12:35:36+00:00 RUN_HEARTBEAT pid=38436 elapsed=62s
2026-08-25T12:35:51+00:00 RUN_END id=OAFX0658 window=SCREEN_IS status=OK decision=SCREEN_OUT_SINGLE_SLEEVE elapsed=77.962s
2026-08-25T12:35:51+00:00 GATE_SKIP id=OAFX0658 window=IS reason=SINGLE_SLEEVE_INFERIOR decision=SCREEN_OUT_SINGLE_SLEEVE net=76440.0 PF=1.2027 DD=21.6965%
2026-08-25T12:35:51+00:00 RUN_START id=OAFX0659 family=sca_gj_exit_risk window=SCREEN_IS run=oafx_screen_is_oafx0659_20260825213551_562069
2026-08-25T12:35:52+00:00 RUN_HEARTBEAT pid=28980 elapsed=0s
2026-08-25T12:36:54+00:00 RUN_HEARTBEAT pid=28980 elapsed=62s
2026-08-25T12:37:09+00:00 RUN_END id=OAFX0659 window=SCREEN_IS status=OK decision=SCREEN_PASS_DD elapsed=77.888s
2026-08-25T12:37:09+00:00 RUN_START id=OAFX0659 family=sca_gj_exit_risk window=IS run=oafx_is_oafx0659_20260825213709_97293a
2026-08-25T12:37:10+00:00 RUN_HEARTBEAT pid=42340 elapsed=0s
2026-08-25T12:38:12+00:00 RUN_HEARTBEAT pid=42340 elapsed=62s
2026-08-25T12:39:14+00:00 RUN_HEARTBEAT pid=42340 elapsed=123s
2026-08-25T12:40:15+00:00 RUN_HEARTBEAT pid=42340 elapsed=185s
2026-08-25T12:41:17+00:00 RUN_HEARTBEAT pid=42340 elapsed=247s
2026-08-25T12:42:19+00:00 RUN_HEARTBEAT pid=42340 elapsed=309s
2026-08-25T12:43:20+00:00 RUN_HEARTBEAT pid=42340 elapsed=370s
2026-08-25T12:43:51+00:00 RUN_END id=OAFX0659 window=IS status=OK decision=IS_REJECT elapsed=401.905s
2026-08-25T12:43:51+00:00 GATE_SKIP id=OAFX0659 window=OOS reason=IS_NOT_SURVIVOR decision=IS_REJECT net=272885.0 PF=1.4074 DD=45.4671%
2026-08-25T12:43:51+00:00 RUN_START id=OAFX0660 family=sca_gj_exit_risk window=SCREEN_IS run=oafx_screen_is_oafx0660_20260825214351_717375
2026-08-25T12:43:52+00:00 RUN_HEARTBEAT pid=27284 elapsed=0s
2026-08-25T12:44:54+00:00 RUN_HEARTBEAT pid=27284 elapsed=62s
2026-08-25T12:45:09+00:00 RUN_END id=OAFX0660 window=SCREEN_IS status=OK decision=SCREEN_PASS_DD elapsed=77.990s
2026-08-25T12:45:09+00:00 RUN_START id=OAFX0660 family=sca_gj_exit_risk window=IS run=oafx_is_oafx0660_20260825214509_7f15e7
2026-08-25T12:45:10+00:00 RUN_HEARTBEAT pid=9476 elapsed=0s
2026-08-25T12:46:12+00:00 RUN_HEARTBEAT pid=9476 elapsed=62s
2026-08-25T12:47:13+00:00 RUN_HEARTBEAT pid=9476 elapsed=123s
2026-08-25T12:48:15+00:00 RUN_HEARTBEAT pid=9476 elapsed=185s
2026-08-25T12:49:17+00:00 RUN_HEARTBEAT pid=9476 elapsed=247s
2026-08-25T12:50:19+00:00 RUN_HEARTBEAT pid=9476 elapsed=309s
2026-08-25T12:51:20+00:00 RUN_HEARTBEAT pid=9476 elapsed=370s
2026-08-25T12:51:51+00:00 RUN_END id=OAFX0660 window=IS status=OK decision=IS_REJECT elapsed=401.955s
2026-08-25T12:51:51+00:00 GATE_SKIP id=OAFX0660 window=OOS reason=IS_NOT_SURVIVOR decision=IS_REJECT net=276357.0 PF=1.3997 DD=40.1262%
2026-08-25T12:51:51+00:00 RUN_START id=OAFX0661 family=sca_gj_exit_risk window=SCREEN_IS run=oafx_screen_is_oafx0661_20260825215151_c8b2e9
2026-08-25T12:51:52+00:00 RUN_HEARTBEAT pid=9308 elapsed=0s
2026-08-25T12:52:54+00:00 RUN_HEARTBEAT pid=9308 elapsed=62s
2026-08-25T12:53:09+00:00 RUN_END id=OAFX0661 window=SCREEN_IS status=OK decision=SCREEN_OUT_SINGLE_SLEEVE elapsed=77.972s
2026-08-25T12:53:09+00:00 GATE_SKIP id=OAFX0661 window=IS reason=SINGLE_SLEEVE_INFERIOR decision=SCREEN_OUT_SINGLE_SLEEVE net=63559.0 PF=1.2848 DD=14.8758%
2026-08-25T12:53:09+00:00 RUN_START id=OAFX0662 family=sca_gj_exit_risk window=SCREEN_IS run=oafx_screen_is_oafx0662_20260825215309_e6de36
2026-08-25T12:53:10+00:00 RUN_HEARTBEAT pid=9356 elapsed=0s
2026-08-25T12:54:12+00:00 RUN_HEARTBEAT pid=9356 elapsed=62s
2026-08-25T12:54:27+00:00 RUN_END id=OAFX0662 window=SCREEN_IS status=OK decision=SCREEN_OUT_SINGLE_SLEEVE elapsed=77.907s
2026-08-25T12:54:27+00:00 GATE_SKIP id=OAFX0662 window=IS reason=SINGLE_SLEEVE_INFERIOR decision=SCREEN_OUT_SINGLE_SLEEVE net=68133.0 PF=1.3028 DD=12.8078%
2026-08-25T12:54:27+00:00 RUN_START id=OAFX0663 family=sca_gj_exit_risk window=SCREEN_IS run=oafx_screen_is_oafx0663_20260825215427_7fe5ad
2026-08-25T12:54:28+00:00 RUN_HEARTBEAT pid=21524 elapsed=0s
2026-08-25T12:55:30+00:00 RUN_HEARTBEAT pid=21524 elapsed=62s
2026-08-25T12:55:45+00:00 RUN_END id=OAFX0663 window=SCREEN_IS status=OK decision=SCREEN_OUT_SINGLE_SLEEVE elapsed=77.915s
2026-08-25T12:55:45+00:00 GATE_SKIP id=OAFX0663 window=IS reason=SINGLE_SLEEVE_INFERIOR decision=SCREEN_OUT_SINGLE_SLEEVE net=56580.0 PF=1.2051 DD=17.3712%
2026-08-25T12:55:45+00:00 RUN_START id=OAFX0664 family=sca_gj_exit_risk window=SCREEN_IS run=oafx_screen_is_oafx0664_20260825215545_9458d3
2026-08-25T12:55:46+00:00 RUN_HEARTBEAT pid=30504 elapsed=0s
2026-08-25T12:56:47+00:00 RUN_HEARTBEAT pid=30504 elapsed=62s
2026-08-25T12:57:03+00:00 RUN_END id=OAFX0664 window=SCREEN_IS status=OK decision=SCREEN_OUT_SINGLE_SLEEVE elapsed=77.917s
2026-08-25T12:57:03+00:00 GATE_SKIP id=OAFX0664 window=IS reason=SINGLE_SLEEVE_INFERIOR decision=SCREEN_OUT_SINGLE_SLEEVE net=51497.0 PF=1.1809 DD=18.3375%
2026-08-25T12:57:03+00:00 RUN_START id=OAFX0665 family=sca_gj_exit_risk window=SCREEN_IS run=oafx_screen_is_oafx0665_20260825215703_dd5056
2026-08-25T12:57:04+00:00 RUN_HEARTBEAT pid=36040 elapsed=0s
2026-08-25T12:58:05+00:00 RUN_HEARTBEAT pid=36040 elapsed=62s
2026-08-25T12:58:21+00:00 RUN_END id=OAFX0665 window=SCREEN_IS status=OK decision=SCREEN_OUT_SINGLE_SLEEVE elapsed=77.872s
2026-08-25T12:58:21+00:00 GATE_SKIP id=OAFX0665 window=IS reason=SINGLE_SLEEVE_INFERIOR decision=SCREEN_OUT_SINGLE_SLEEVE net=61286.0 PF=1.1764 DD=15.9078%
2026-08-25T12:58:21+00:00 RUN_START id=OAFX0666 family=sca_gj_exit_risk window=SCREEN_IS run=oafx_screen_is_oafx0666_20260825215821_e78a62
2026-08-25T12:58:22+00:00 RUN_HEARTBEAT pid=39296 elapsed=0s
2026-08-25T12:59:23+00:00 RUN_HEARTBEAT pid=39296 elapsed=62s
2026-08-25T12:59:39+00:00 RUN_END id=OAFX0666 window=SCREEN_IS status=OK decision=SCREEN_OUT_SINGLE_SLEEVE elapsed=77.880s
2026-08-25T12:59:39+00:00 GATE_SKIP id=OAFX0666 window=IS reason=SINGLE_SLEEVE_INFERIOR decision=SCREEN_OUT_SINGLE_SLEEVE net=67805.0 PF=1.1854 DD=17.6914%
2026-08-25T12:59:39+00:00 RUN_START id=OAFX0667 family=sca_gj_exit_risk window=SCREEN_IS run=oafx_screen_is_oafx0667_20260825215939_c50dec
2026-08-25T12:59:39+00:00 RUN_HEARTBEAT pid=27932 elapsed=0s
2026-08-25T13:00:41+00:00 RUN_HEARTBEAT pid=27932 elapsed=62s
2026-08-25T13:00:56+00:00 RUN_END id=OAFX0667 window=SCREEN_IS status=OK decision=SCREEN_OUT_SINGLE_SLEEVE elapsed=77.859s
2026-08-25T13:00:56+00:00 GATE_SKIP id=OAFX0667 window=IS reason=SINGLE_SLEEVE_INFERIOR decision=SCREEN_OUT_SINGLE_SLEEVE net=63720.0 PF=1.1768 DD=20.3029%
2026-08-25T13:00:56+00:00 RUN_START id=OAFX0668 family=sca_gj_exit_risk window=SCREEN_IS run=oafx_screen_is_oafx0668_20260825220056_4769b2
2026-08-25T13:00:57+00:00 RUN_HEARTBEAT pid=19496 elapsed=0s
2026-08-25T13:01:59+00:00 RUN_HEARTBEAT pid=19496 elapsed=62s
2026-08-25T13:02:14+00:00 RUN_END id=OAFX0668 window=SCREEN_IS status=OK decision=SCREEN_OUT_SINGLE_SLEEVE elapsed=77.881s
2026-08-25T13:02:14+00:00 GATE_SKIP id=OAFX0668 window=IS reason=SINGLE_SLEEVE_INFERIOR decision=SCREEN_OUT_SINGLE_SLEEVE net=80530.0 PF=1.2125 DD=20.0475%
2026-08-25T13:02:14+00:00 RUN_START id=OAFX0669 family=sca_gj_exit_risk window=SCREEN_IS run=oafx_screen_is_oafx0669_20260825220214_d9e41c
2026-08-25T13:02:15+00:00 RUN_HEARTBEAT pid=28836 elapsed=0s
2026-08-25T13:03:17+00:00 RUN_HEARTBEAT pid=28836 elapsed=62s
2026-08-25T13:03:32+00:00 RUN_END id=OAFX0669 window=SCREEN_IS status=OK decision=SCREEN_OUT_SINGLE_SLEEVE elapsed=77.908s
2026-08-25T13:03:32+00:00 GATE_SKIP id=OAFX0669 window=IS reason=SINGLE_SLEEVE_INFERIOR decision=SCREEN_OUT_SINGLE_SLEEVE net=60425.0 PF=1.1651 DD=19.0813%
2026-08-25T13:03:32+00:00 RUN_START id=OAFX0670 family=sca_gj_exit_risk window=SCREEN_IS run=oafx_screen_is_oafx0670_20260825220332_10c747
2026-08-25T13:03:33+00:00 RUN_HEARTBEAT pid=21804 elapsed=0s
2026-08-25T13:04:35+00:00 RUN_HEARTBEAT pid=21804 elapsed=62s
2026-08-25T13:04:50+00:00 RUN_END id=OAFX0670 window=SCREEN_IS status=OK decision=SCREEN_PASS_STRICT elapsed=77.919s
2026-08-25T13:04:50+00:00 RUN_START id=OAFX0670 family=sca_gj_exit_risk window=IS run=oafx_is_oafx0670_20260825220450_a03b6c
2026-08-25T13:04:51+00:00 RUN_HEARTBEAT pid=39348 elapsed=0s
2026-08-25T13:05:53+00:00 RUN_HEARTBEAT pid=39348 elapsed=62s
2026-08-25T13:06:54+00:00 RUN_HEARTBEAT pid=39348 elapsed=123s
2026-08-25T13:07:56+00:00 RUN_HEARTBEAT pid=39348 elapsed=185s
2026-08-25T13:08:58+00:00 RUN_HEARTBEAT pid=39348 elapsed=247s
2026-08-25T13:10:00+00:00 RUN_HEARTBEAT pid=39348 elapsed=309s
2026-08-25T13:11:01+00:00 RUN_HEARTBEAT pid=39348 elapsed=370s
2026-08-25T13:11:32+00:00 RUN_END id=OAFX0670 window=IS status=OK decision=IS_REJECT elapsed=402.064s
2026-08-25T13:11:32+00:00 GATE_SKIP id=OAFX0670 window=OOS reason=IS_NOT_SURVIVOR decision=IS_REJECT net=282477.0 PF=1.4074 DD=36.2675%
2026-08-25T13:11:32+00:00 RUN_START id=OAFX0671 family=sca_gj_exit_risk window=SCREEN_IS run=oafx_screen_is_oafx0671_20260825221132_42024a
2026-08-25T13:11:33+00:00 RUN_HEARTBEAT pid=30476 elapsed=0s
2026-08-25T13:12:35+00:00 RUN_HEARTBEAT pid=30476 elapsed=62s
2026-08-25T13:12:50+00:00 RUN_END id=OAFX0671 window=SCREEN_IS status=OK decision=SCREEN_OUT_SINGLE_SLEEVE elapsed=78.008s
2026-08-25T13:12:50+00:00 GATE_SKIP id=OAFX0671 window=IS reason=SINGLE_SLEEVE_INFERIOR decision=SCREEN_OUT_SINGLE_SLEEVE net=64747.0 PF=1.2901 DD=14.793%
2026-08-25T13:12:50+00:00 RUN_START id=OAFX0672 family=sca_gj_exit_risk window=SCREEN_IS run=oafx_screen_is_oafx0672_20260825221250_e19bcc
2026-08-25T13:12:51+00:00 RUN_HEARTBEAT pid=38096 elapsed=0s
2026-08-25T13:13:53+00:00 RUN_HEARTBEAT pid=38096 elapsed=62s
2026-08-25T13:14:08+00:00 RUN_END id=OAFX0672 window=SCREEN_IS status=OK decision=SCREEN_OUT_SINGLE_SLEEVE elapsed=77.940s
2026-08-25T13:14:08+00:00 GATE_SKIP id=OAFX0672 window=IS reason=SINGLE_SLEEVE_INFERIOR decision=SCREEN_OUT_SINGLE_SLEEVE net=67259.0 PF=1.2989 DD=13.163%
2026-08-25T13:14:08+00:00 RUN_START id=OAFX0673 family=sca_gj_exit_risk window=SCREEN_IS run=oafx_screen_is_oafx0673_20260825221408_c99306
2026-08-25T13:14:09+00:00 RUN_HEARTBEAT pid=29236 elapsed=0s
2026-08-25T13:15:11+00:00 RUN_HEARTBEAT pid=29236 elapsed=62s
2026-08-25T13:15:26+00:00 RUN_END id=OAFX0673 window=SCREEN_IS status=OK decision=SCREEN_OUT_SINGLE_SLEEVE elapsed=77.933s
2026-08-25T13:15:26+00:00 GATE_SKIP id=OAFX0673 window=IS reason=SINGLE_SLEEVE_INFERIOR decision=SCREEN_OUT_SINGLE_SLEEVE net=59393.0 PF=1.2153 DD=17.2239%
2026-08-25T13:15:26+00:00 RUN_START id=OAFX0674 family=sca_gj_exit_risk window=SCREEN_IS run=oafx_screen_is_oafx0674_20260825221526_2b12ea
2026-08-25T13:15:27+00:00 RUN_HEARTBEAT pid=24500 elapsed=0s
2026-08-25T13:16:29+00:00 RUN_HEARTBEAT pid=24500 elapsed=62s
2026-08-25T13:16:44+00:00 RUN_END id=OAFX0674 window=SCREEN_IS status=OK decision=SCREEN_OUT_SINGLE_SLEEVE elapsed=77.884s
2026-08-25T13:16:44+00:00 GATE_SKIP id=OAFX0674 window=IS reason=SINGLE_SLEEVE_INFERIOR decision=SCREEN_OUT_SINGLE_SLEEVE net=51926.0 PF=1.1824 DD=18.6862%
2026-08-25T13:16:44+00:00 RUN_START id=OAFX0675 family=sca_gj_exit_risk window=SCREEN_IS run=oafx_screen_is_oafx0675_20260825221644_c173eb
2026-08-25T13:16:45+00:00 RUN_HEARTBEAT pid=33552 elapsed=0s
2026-08-25T13:17:47+00:00 RUN_HEARTBEAT pid=33552 elapsed=62s
2026-08-25T13:18:02+00:00 RUN_END id=OAFX0675 window=SCREEN_IS status=OK decision=SCREEN_OUT_SINGLE_SLEEVE elapsed=77.853s
2026-08-25T13:18:02+00:00 GATE_SKIP id=OAFX0675 window=IS reason=SINGLE_SLEEVE_INFERIOR decision=SCREEN_OUT_SINGLE_SLEEVE net=68048.0 PF=1.1958 DD=15.3925%
2026-08-25T13:18:02+00:00 RUN_START id=OAFX0676 family=sca_gj_exit_risk window=SCREEN_IS run=oafx_screen_is_oafx0676_20260825221802_6d3b8b
2026-08-25T13:18:03+00:00 RUN_HEARTBEAT pid=23292 elapsed=0s
2026-08-25T13:19:04+00:00 RUN_HEARTBEAT pid=23292 elapsed=62s
2026-08-25T13:19:20+00:00 RUN_END id=OAFX0676 window=SCREEN_IS status=OK decision=SCREEN_OUT_SINGLE_SLEEVE elapsed=77.940s
2026-08-25T13:19:20+00:00 GATE_SKIP id=OAFX0676 window=IS reason=SINGLE_SLEEVE_INFERIOR decision=SCREEN_OUT_SINGLE_SLEEVE net=72265.0 PF=1.1976 DD=16.8202%
2026-08-25T13:19:20+00:00 RUN_START id=OAFX0677 family=sca_gj_exit_risk window=SCREEN_IS run=oafx_screen_is_oafx0677_20260825221920_79bd62
2026-08-25T13:19:21+00:00 RUN_HEARTBEAT pid=43316 elapsed=0s
2026-08-25T13:20:22+00:00 RUN_HEARTBEAT pid=43316 elapsed=62s
2026-08-25T13:20:38+00:00 RUN_END id=OAFX0677 window=SCREEN_IS status=OK decision=SCREEN_OUT_SINGLE_SLEEVE elapsed=77.898s
2026-08-25T13:20:38+00:00 GATE_SKIP id=OAFX0677 window=IS reason=SINGLE_SLEEVE_INFERIOR decision=SCREEN_OUT_SINGLE_SLEEVE net=71079.0 PF=1.197 DD=19.4495%
2026-08-25T13:20:38+00:00 RUN_START id=OAFX0678 family=sca_gj_exit_risk window=SCREEN_IS run=oafx_screen_is_oafx0678_20260825222038_76873e
2026-08-25T13:20:39+00:00 RUN_HEARTBEAT pid=33716 elapsed=0s
2026-08-25T13:21:40+00:00 RUN_HEARTBEAT pid=33716 elapsed=62s
2026-08-25T13:21:56+00:00 RUN_END id=OAFX0678 window=SCREEN_IS status=OK decision=SCREEN_OUT_SINGLE_SLEEVE elapsed=77.833s
2026-08-25T13:21:56+00:00 GATE_SKIP id=OAFX0678 window=IS reason=SINGLE_SLEEVE_INFERIOR decision=SCREEN_OUT_SINGLE_SLEEVE net=79272.0 PF=1.2092 DD=20.4789%
2026-08-25T13:21:56+00:00 RUN_START id=OAFX0679 family=sca_gj_exit_risk window=SCREEN_IS run=oafx_screen_is_oafx0679_20260825222156_6eaee2
2026-08-25T13:21:56+00:00 RUN_HEARTBEAT pid=30172 elapsed=0s
2026-08-25T13:22:58+00:00 RUN_HEARTBEAT pid=30172 elapsed=62s
2026-08-25T13:23:14+00:00 RUN_END id=OAFX0679 window=SCREEN_IS status=OK decision=SCREEN_OUT_SINGLE_SLEEVE elapsed=77.916s
2026-08-25T13:23:14+00:00 GATE_SKIP id=OAFX0679 window=IS reason=SINGLE_SLEEVE_INFERIOR decision=SCREEN_OUT_SINGLE_SLEEVE net=69630.0 PF=1.19 DD=18.0465%
2026-08-25T13:23:14+00:00 RUN_START id=OAFX0680 family=sca_gj_exit_risk window=SCREEN_IS run=oafx_screen_is_oafx0680_20260825222314_7fe347
2026-08-25T13:23:14+00:00 RUN_HEARTBEAT pid=14880 elapsed=0s
2026-08-25T13:24:16+00:00 RUN_HEARTBEAT pid=14880 elapsed=62s
2026-08-25T13:24:31+00:00 RUN_END id=OAFX0680 window=SCREEN_IS status=OK decision=SCREEN_PASS_DD elapsed=77.863s
2026-08-25T13:24:31+00:00 RUN_START id=OAFX0680 family=sca_gj_exit_risk window=IS run=oafx_is_oafx0680_20260825222431_7b40b0
2026-08-25T13:24:32+00:00 RUN_HEARTBEAT pid=45744 elapsed=0s
2026-08-25T13:25:34+00:00 RUN_HEARTBEAT pid=45744 elapsed=62s
2026-08-25T13:26:36+00:00 RUN_HEARTBEAT pid=45744 elapsed=123s
2026-08-25T13:27:37+00:00 RUN_HEARTBEAT pid=45744 elapsed=185s
2026-08-25T13:28:39+00:00 RUN_HEARTBEAT pid=45744 elapsed=247s
2026-08-25T13:29:41+00:00 RUN_HEARTBEAT pid=45744 elapsed=308s
2026-08-25T13:30:42+00:00 RUN_HEARTBEAT pid=45744 elapsed=370s
2026-08-25T13:31:13+00:00 RUN_END id=OAFX0680 window=IS status=OK decision=IS_REJECT elapsed=401.806s
2026-08-25T13:31:13+00:00 GATE_SKIP id=OAFX0680 window=OOS reason=IS_NOT_SURVIVOR decision=IS_REJECT net=278670.0 PF=1.4019 DD=40.1557%
2026-08-25T13:31:13+00:00 RUN_START id=OAFX0681 family=sca_gj_exit_risk window=SCREEN_IS run=oafx_screen_is_oafx0681_20260825223113_3fcd16
2026-08-25T13:31:14+00:00 RUN_HEARTBEAT pid=25004 elapsed=0s
2026-08-25T13:32:16+00:00 RUN_HEARTBEAT pid=25004 elapsed=62s
2026-08-25T13:32:31+00:00 RUN_END id=OAFX0681 window=SCREEN_IS status=OK decision=SCREEN_OUT_SINGLE_SLEEVE elapsed=77.967s
2026-08-25T13:32:31+00:00 GATE_SKIP id=OAFX0681 window=IS reason=SINGLE_SLEEVE_INFERIOR decision=SCREEN_OUT_SINGLE_SLEEVE net=67175.0 PF=1.301 DD=14.7131%
2026-08-25T13:32:31+00:00 RUN_START id=OAFX0682 family=sca_gj_exit_risk window=SCREEN_IS run=oafx_screen_is_oafx0682_20260825223231_4cabc4
2026-08-25T13:32:32+00:00 RUN_HEARTBEAT pid=37820 elapsed=0s
2026-08-25T13:33:34+00:00 RUN_HEARTBEAT pid=37820 elapsed=62s
2026-08-25T13:33:49+00:00 RUN_END id=OAFX0682 window=SCREEN_IS status=OK decision=SCREEN_OUT_SINGLE_SLEEVE elapsed=77.881s
2026-08-25T13:33:49+00:00 GATE_SKIP id=OAFX0682 window=IS reason=SINGLE_SLEEVE_INFERIOR decision=SCREEN_OUT_SINGLE_SLEEVE net=67969.0 PF=1.302 DD=13.163%
2026-08-25T13:33:49+00:00 RUN_START id=OAFX0683 family=sca_gj_exit_risk window=SCREEN_IS run=oafx_screen_is_oafx0683_20260825223349_f5ee45
2026-08-25T13:33:50+00:00 RUN_HEARTBEAT pid=20972 elapsed=0s
2026-08-25T13:34:52+00:00 RUN_HEARTBEAT pid=20972 elapsed=62s
2026-08-25T13:35:07+00:00 RUN_END id=OAFX0683 window=SCREEN_IS status=OK decision=SCREEN_OUT_SINGLE_SLEEVE elapsed=77.909s
2026-08-25T13:35:07+00:00 GATE_SKIP id=OAFX0683 window=IS reason=SINGLE_SLEEVE_INFERIOR decision=SCREEN_OUT_SINGLE_SLEEVE net=54934.0 PF=1.1991 DD=17.7376%
2026-08-25T13:35:07+00:00 RUN_START id=OAFX0684 family=sca_gj_exit_risk window=SCREEN_IS run=oafx_screen_is_oafx0684_20260825223507_77e33b
2026-08-25T13:35:08+00:00 RUN_HEARTBEAT pid=27776 elapsed=0s
2026-08-25T13:36:09+00:00 RUN_HEARTBEAT pid=27776 elapsed=62s
2026-08-25T13:36:25+00:00 RUN_END id=OAFX0684 window=SCREEN_IS status=OK decision=SCREEN_OUT_SINGLE_SLEEVE elapsed=77.928s
2026-08-25T13:36:25+00:00 GATE_SKIP id=OAFX0684 window=IS reason=SINGLE_SLEEVE_INFERIOR decision=SCREEN_OUT_SINGLE_SLEEVE net=52568.0 PF=1.1846 DD=18.6014%
2026-08-25T13:36:25+00:00 RUN_START id=OAFX0685 family=sca_gj_exit_risk window=SCREEN_IS run=oafx_screen_is_oafx0685_20260825223625_c4174f
2026-08-25T13:36:26+00:00 RUN_HEARTBEAT pid=29372 elapsed=0s
2026-08-25T13:37:27+00:00 RUN_HEARTBEAT pid=29372 elapsed=62s
2026-08-25T13:37:43+00:00 RUN_END id=OAFX0685 window=SCREEN_IS status=OK decision=SCREEN_OUT_SINGLE_SLEEVE elapsed=77.941s
2026-08-25T13:37:43+00:00 GATE_SKIP id=OAFX0685 window=IS reason=SINGLE_SLEEVE_INFERIOR decision=SCREEN_OUT_SINGLE_SLEEVE net=72217.0 PF=1.2078 DD=14.7953%
2026-08-25T13:37:43+00:00 RUN_START id=OAFX0686 family=sca_gj_exit_risk window=SCREEN_IS run=oafx_screen_is_oafx0686_20260825223743_dea8e7
2026-08-25T13:37:44+00:00 RUN_HEARTBEAT pid=37660 elapsed=0s
2026-08-25T13:38:45+00:00 RUN_HEARTBEAT pid=37660 elapsed=62s
2026-08-25T13:39:01+00:00 RUN_END id=OAFX0686 window=SCREEN_IS status=OK decision=SCREEN_OUT_SINGLE_SLEEVE elapsed=77.909s
2026-08-25T13:39:01+00:00 GATE_SKIP id=OAFX0686 window=IS reason=SINGLE_SLEEVE_INFERIOR decision=SCREEN_OUT_SINGLE_SLEEVE net=75048.0 PF=1.2052 DD=16.1934%
2026-08-25T13:39:01+00:00 RUN_START id=OAFX0687 family=sca_gj_exit_risk window=SCREEN_IS run=oafx_screen_is_oafx0687_20260825223901_011cad
2026-08-25T13:39:02+00:00 RUN_HEARTBEAT pid=33700 elapsed=0s
2026-08-25T13:40:03+00:00 RUN_HEARTBEAT pid=33700 elapsed=62s
2026-08-25T13:40:19+00:00 RUN_END id=OAFX0687 window=SCREEN_IS status=OK decision=SCREEN_PASS_DD elapsed=77.857s
2026-08-25T13:40:19+00:00 RUN_START id=OAFX0687 family=sca_gj_exit_risk window=IS run=oafx_is_oafx0687_20260825224019_35da29
2026-08-25T13:40:19+00:00 RUN_HEARTBEAT pid=43816 elapsed=0s
2026-08-25T13:41:21+00:00 RUN_HEARTBEAT pid=43816 elapsed=62s
2026-08-25T13:42:23+00:00 RUN_HEARTBEAT pid=43816 elapsed=123s
2026-08-25T13:43:25+00:00 RUN_HEARTBEAT pid=43816 elapsed=185s
2026-08-25T13:44:26+00:00 RUN_HEARTBEAT pid=43816 elapsed=247s
2026-08-25T13:45:28+00:00 RUN_HEARTBEAT pid=43816 elapsed=309s
2026-08-25T13:46:30+00:00 RUN_HEARTBEAT pid=43816 elapsed=370s
2026-08-25T13:47:01+00:00 RUN_END id=OAFX0687 window=IS status=OK decision=IS_REJECT elapsed=401.900s
2026-08-25T13:47:01+00:00 GATE_SKIP id=OAFX0687 window=OOS reason=IS_NOT_SURVIVOR decision=IS_REJECT net=274479.0 PF=1.4083 DD=37.0513%
2026-08-25T13:47:01+00:00 RUN_START id=OAFX0688 family=sca_gj_exit_risk window=SCREEN_IS run=oafx_screen_is_oafx0688_20260825224701_3005d9
2026-08-25T13:47:01+00:00 RUN_HEARTBEAT pid=45216 elapsed=0s
2026-08-25T13:48:03+00:00 RUN_HEARTBEAT pid=45216 elapsed=62s
2026-08-25T13:48:18+00:00 RUN_END id=OAFX0688 window=SCREEN_IS status=OK decision=SCREEN_OUT_SINGLE_SLEEVE elapsed=77.965s
2026-08-25T13:48:18+00:00 GATE_SKIP id=OAFX0688 window=IS reason=SINGLE_SLEEVE_INFERIOR decision=SCREEN_OUT_SINGLE_SLEEVE net=79278.0 PF=1.209 DD=20.5168%
2026-08-25T13:48:18+00:00 RUN_START id=OAFX0689 family=sca_gj_exit_risk window=SCREEN_IS run=oafx_screen_is_oafx0689_20260825224818_dce7de
2026-08-25T13:48:19+00:00 RUN_HEARTBEAT pid=45400 elapsed=0s
2026-08-25T13:49:21+00:00 RUN_HEARTBEAT pid=45400 elapsed=62s
2026-08-25T13:49:36+00:00 RUN_END id=OAFX0689 window=SCREEN_IS status=OK decision=SCREEN_OUT_SINGLE_SLEEVE elapsed=77.860s
2026-08-25T13:49:36+00:00 GATE_SKIP id=OAFX0689 window=IS reason=SINGLE_SLEEVE_INFERIOR decision=SCREEN_OUT_SINGLE_SLEEVE net=75879.0 PF=1.2071 DD=17.7567%
2026-08-25T13:49:36+00:00 RUN_START id=OAFX0690 family=sca_gj_exit_risk window=SCREEN_IS run=oafx_screen_is_oafx0690_20260825224936_9b4545
2026-08-25T13:49:37+00:00 RUN_HEARTBEAT pid=19612 elapsed=0s
2026-08-25T13:50:39+00:00 RUN_HEARTBEAT pid=19612 elapsed=62s
2026-08-25T13:50:54+00:00 RUN_END id=OAFX0690 window=SCREEN_IS status=OK decision=SCREEN_PASS_DD elapsed=77.846s
2026-08-25T13:50:54+00:00 RUN_START id=OAFX0690 family=sca_gj_exit_risk window=IS run=oafx_is_oafx0690_20260825225054_73886f
2026-08-25T13:50:55+00:00 RUN_HEARTBEAT pid=4044 elapsed=0s
2026-08-25T13:51:57+00:00 RUN_HEARTBEAT pid=4044 elapsed=62s
2026-08-25T13:52:58+00:00 RUN_HEARTBEAT pid=4044 elapsed=123s
2026-08-25T13:54:00+00:00 RUN_HEARTBEAT pid=4044 elapsed=185s
2026-08-25T13:55:02+00:00 RUN_HEARTBEAT pid=4044 elapsed=247s
2026-08-25T13:56:03+00:00 RUN_HEARTBEAT pid=4044 elapsed=308s
2026-08-25T13:57:05+00:00 RUN_HEARTBEAT pid=4044 elapsed=370s
2026-08-25T13:57:51+00:00 RUN_END id=OAFX0690 window=IS status=OK decision=IS_REJECT elapsed=417.172s
2026-08-25T13:57:51+00:00 GATE_SKIP id=OAFX0690 window=OOS reason=IS_NOT_SURVIVOR decision=IS_REJECT net=278542.0 PF=1.4014 DD=39.2052%
2026-08-25T13:57:51+00:00 RUN_START id=OAFX0691 family=sca_gj_exit_risk window=SCREEN_IS run=oafx_screen_is_oafx0691_20260825225751_c80c05
2026-08-25T13:57:52+00:00 RUN_HEARTBEAT pid=40944 elapsed=0s
2026-08-25T13:58:54+00:00 RUN_HEARTBEAT pid=40944 elapsed=62s
2026-08-25T13:59:09+00:00 RUN_END id=OAFX0691 window=SCREEN_IS status=OK decision=SCREEN_OUT_SINGLE_SLEEVE elapsed=77.927s
2026-08-25T13:59:09+00:00 GATE_SKIP id=OAFX0691 window=IS reason=SINGLE_SLEEVE_INFERIOR decision=SCREEN_OUT_SINGLE_SLEEVE net=68480.0 PF=1.3068 DD=14.6467%
2026-08-25T13:59:09+00:00 RUN_START id=OAFX0692 family=sca_gj_exit_risk window=SCREEN_IS run=oafx_screen_is_oafx0692_20260825225909_55d5af
2026-08-25T13:59:10+00:00 RUN_HEARTBEAT pid=36936 elapsed=0s
2026-08-25T14:00:12+00:00 RUN_HEARTBEAT pid=36936 elapsed=62s
2026-08-25T14:00:27+00:00 RUN_END id=OAFX0692 window=SCREEN_IS status=OK decision=SCREEN_OUT_SINGLE_SLEEVE elapsed=77.887s
2026-08-25T14:00:27+00:00 GATE_SKIP id=OAFX0692 window=IS reason=SINGLE_SLEEVE_INFERIOR decision=SCREEN_OUT_SINGLE_SLEEVE net=69277.0 PF=1.3079 DD=13.163%
2026-08-25T14:00:27+00:00 RUN_START id=OAFX0693 family=sca_gj_exit_risk window=SCREEN_IS run=oafx_screen_is_oafx0693_20260825230027_fb50e5
2026-08-25T14:00:28+00:00 RUN_HEARTBEAT pid=33108 elapsed=0s
2026-08-25T14:01:30+00:00 RUN_HEARTBEAT pid=33108 elapsed=62s
2026-08-25T14:01:45+00:00 RUN_END id=OAFX0693 window=SCREEN_IS status=OK decision=SCREEN_OUT_SINGLE_SLEEVE elapsed=77.898s
2026-08-25T14:01:45+00:00 GATE_SKIP id=OAFX0693 window=IS reason=SINGLE_SLEEVE_INFERIOR decision=SCREEN_OUT_SINGLE_SLEEVE net=51915.0 PF=1.1875 DD=17.5844%
2026-08-25T14:01:45+00:00 RUN_START id=OAFX0694 family=sca_gj_exit_risk window=SCREEN_IS run=oafx_screen_is_oafx0694_20260825230145_a382dc
2026-08-25T14:01:46+00:00 RUN_HEARTBEAT pid=26300 elapsed=0s
2026-08-25T14:02:48+00:00 RUN_HEARTBEAT pid=26300 elapsed=62s
2026-08-25T14:03:03+00:00 RUN_END id=OAFX0694 window=SCREEN_IS status=OK decision=SCREEN_OUT_SINGLE_SLEEVE elapsed=77.900s
2026-08-25T14:03:03+00:00 GATE_SKIP id=OAFX0694 window=IS reason=SINGLE_SLEEVE_INFERIOR decision=SCREEN_OUT_SINGLE_SLEEVE net=55193.0 PF=1.1939 DD=18.4988%
2026-08-25T14:03:03+00:00 RUN_START id=OAFX0695 family=sca_gj_exit_risk window=SCREEN_IS run=oafx_screen_is_oafx0695_20260825230303_f13023
2026-08-25T14:03:04+00:00 RUN_HEARTBEAT pid=22164 elapsed=0s
2026-08-25T14:04:06+00:00 RUN_HEARTBEAT pid=22164 elapsed=62s
2026-08-25T14:04:21+00:00 RUN_END id=OAFX0695 window=SCREEN_IS status=OK decision=SCREEN_OUT_SINGLE_SLEEVE elapsed=77.941s
2026-08-25T14:04:21+00:00 GATE_SKIP id=OAFX0695 window=IS reason=SINGLE_SLEEVE_INFERIOR decision=SCREEN_OUT_SINGLE_SLEEVE net=72471.0 PF=1.2076 DD=14.5499%
2026-08-25T14:04:21+00:00 RUN_START id=OAFX0696 family=sca_gj_exit_risk window=SCREEN_IS run=oafx_screen_is_oafx0696_20260825230421_8e932b
2026-08-25T14:04:22+00:00 RUN_HEARTBEAT pid=9424 elapsed=0s
2026-08-25T14:05:23+00:00 RUN_HEARTBEAT pid=9424 elapsed=62s
2026-08-25T14:05:39+00:00 RUN_END id=OAFX0696 window=SCREEN_IS status=OK decision=SCREEN_PASS_DD elapsed=77.880s
2026-08-25T14:05:39+00:00 RUN_START id=OAFX0696 family=sca_gj_exit_risk window=IS run=oafx_is_oafx0696_20260825230539_19c19d
2026-08-25T14:05:40+00:00 RUN_HEARTBEAT pid=36532 elapsed=0s
2026-08-25T14:06:41+00:00 RUN_HEARTBEAT pid=36532 elapsed=62s
2026-08-25T14:07:42+00:00 RUN_HEARTBEAT pid=36532 elapsed=123s
2026-08-25T14:08:44+00:00 RUN_HEARTBEAT pid=36532 elapsed=185s
2026-08-25T14:09:46+00:00 RUN_HEARTBEAT pid=36532 elapsed=247s
2026-08-25T14:10:47+00:00 RUN_HEARTBEAT pid=36532 elapsed=309s
2026-08-25T14:11:49+00:00 RUN_HEARTBEAT pid=36532 elapsed=370s
2026-08-25T14:12:20+00:00 RUN_END id=OAFX0696 window=IS status=OK decision=IS_REJECT elapsed=402.034s
2026-08-25T14:12:20+00:00 GATE_SKIP id=OAFX0696 window=OOS reason=IS_NOT_SURVIVOR decision=IS_REJECT net=273283.0 PF=1.4035 DD=42.8188%
2026-08-25T14:12:20+00:00 RUN_START id=OAFX0697 family=sca_gj_exit_risk window=SCREEN_IS run=oafx_screen_is_oafx0697_20260825231220_5f4b34
2026-08-25T14:12:21+00:00 RUN_HEARTBEAT pid=30232 elapsed=0s
2026-08-25T14:13:22+00:00 RUN_HEARTBEAT pid=30232 elapsed=62s
2026-08-25T14:13:38+00:00 RUN_END id=OAFX0697 window=SCREEN_IS status=OK decision=SCREEN_PASS_DD elapsed=77.966s
2026-08-25T14:13:38+00:00 RUN_START id=OAFX0697 family=sca_gj_exit_risk window=IS run=oafx_is_oafx0697_20260825231338_99854d
2026-08-25T14:13:39+00:00 RUN_HEARTBEAT pid=42268 elapsed=0s
2026-08-25T14:14:40+00:00 RUN_HEARTBEAT pid=42268 elapsed=62s
2026-08-25T14:15:42+00:00 RUN_HEARTBEAT pid=42268 elapsed=123s
2026-08-25T14:16:44+00:00 RUN_HEARTBEAT pid=42268 elapsed=185s
2026-08-25T14:17:45+00:00 RUN_HEARTBEAT pid=42268 elapsed=247s
2026-08-25T14:18:47+00:00 RUN_HEARTBEAT pid=42268 elapsed=309s
2026-08-25T14:19:49+00:00 RUN_HEARTBEAT pid=42268 elapsed=370s
2026-08-25T14:20:20+00:00 RUN_END id=OAFX0697 window=IS status=OK decision=IS_REJECT elapsed=401.947s
2026-08-25T14:20:20+00:00 GATE_SKIP id=OAFX0697 window=OOS reason=IS_NOT_SURVIVOR decision=IS_REJECT net=272666.0 PF=1.4047 DD=35.7519%
2026-08-25T14:20:20+00:00 RUN_START id=OAFX0698 family=sca_gj_exit_risk window=SCREEN_IS run=oafx_screen_is_oafx0698_20260825232020_7e660b
2026-08-25T14:20:21+00:00 RUN_HEARTBEAT pid=42560 elapsed=0s
2026-08-25T14:21:22+00:00 RUN_HEARTBEAT pid=42560 elapsed=62s
2026-08-25T14:21:38+00:00 RUN_END id=OAFX0698 window=SCREEN_IS status=OK decision=SCREEN_OUT_SINGLE_SLEEVE elapsed=77.941s
2026-08-25T14:21:38+00:00 GATE_SKIP id=OAFX0698 window=IS reason=SINGLE_SLEEVE_INFERIOR decision=SCREEN_OUT_SINGLE_SLEEVE net=76997.0 PF=1.203 DD=21.0259%
2026-08-25T14:21:38+00:00 RUN_START id=OAFX0699 family=sca_gj_exit_risk window=SCREEN_IS run=oafx_screen_is_oafx0699_20260825232138_59a963
2026-08-25T14:21:38+00:00 RUN_HEARTBEAT pid=40172 elapsed=0s
2026-08-25T14:22:40+00:00 RUN_HEARTBEAT pid=40172 elapsed=62s
2026-08-25T14:22:56+00:00 RUN_END id=OAFX0699 window=SCREEN_IS status=OK decision=SCREEN_OUT_SINGLE_SLEEVE elapsed=77.882s
2026-08-25T14:22:56+00:00 GATE_SKIP id=OAFX0699 window=IS reason=SINGLE_SLEEVE_INFERIOR decision=SCREEN_OUT_SINGLE_SLEEVE net=74928.0 PF=1.2036 DD=17.3531%
2026-08-25T14:22:56+00:00 RUN_START id=OAFX0700 family=sca_gj_exit_risk window=SCREEN_IS run=oafx_screen_is_oafx0700_20260825232256_e47455
2026-08-25T14:22:56+00:00 RUN_HEARTBEAT pid=33904 elapsed=0s
2026-08-25T14:23:58+00:00 RUN_HEARTBEAT pid=33904 elapsed=62s
2026-08-25T14:24:14+00:00 RUN_END id=OAFX0700 window=SCREEN_IS status=OK decision=SCREEN_PASS_DD elapsed=77.951s
2026-08-25T14:24:14+00:00 RUN_START id=OAFX0700 family=sca_gj_exit_risk window=IS run=oafx_is_oafx0700_20260825232414_2d3e57
2026-08-25T14:24:14+00:00 RUN_HEARTBEAT pid=29320 elapsed=0s
2026-08-25T14:25:16+00:00 RUN_HEARTBEAT pid=29320 elapsed=62s
2026-08-25T14:26:18+00:00 RUN_HEARTBEAT pid=29320 elapsed=123s
2026-08-25T14:27:19+00:00 RUN_HEARTBEAT pid=29320 elapsed=185s
2026-08-25T14:28:21+00:00 RUN_HEARTBEAT pid=29320 elapsed=247s
2026-08-25T14:29:23+00:00 RUN_HEARTBEAT pid=29320 elapsed=309s
2026-08-25T14:30:25+00:00 RUN_HEARTBEAT pid=29320 elapsed=370s
2026-08-25T14:30:55+00:00 RUN_END id=OAFX0700 window=IS status=OK decision=IS_REJECT elapsed=401.984s
2026-08-25T14:30:55+00:00 GATE_SKIP id=OAFX0700 window=OOS reason=IS_NOT_SURVIVOR decision=IS_REJECT net=278977.0 PF=1.4021 DD=38.2084%
2026-08-25T14:30:55+00:00 SCREEN_BYPASS [701/900] id=OAFX0701 route=FULLBOOK_DIRECT reason=OafxOverlapMaskで他枠の実保有を参照するため、単独枠では効果を測定不能
2026-08-25T14:30:55+00:00 SKIP_EXISTING [701/900] id=OAFX0701 window=IS
2026-08-25T14:30:55+00:00 GATE_SKIP id=OAFX0701 window=OOS reason=IS_NOT_SURVIVOR decision=IS_REJECT net=255914.0 PF=1.4012 DD=43.5077%
2026-08-25T14:30:55+00:00 SCREEN_BYPASS [702/900] id=OAFX0702 route=FULLBOOK_DIRECT reason=OafxOverlapMaskで他枠の実保有を参照するため、単独枠では効果を測定不能
2026-08-25T14:30:55+00:00 RUN_START id=OAFX0702 family=sca_gj_overlap_gate window=IS run=oafx_is_oafx0702_20260825233055_759379
2026-08-25T14:30:56+00:00 RUN_HEARTBEAT pid=43384 elapsed=0s
2026-08-25T14:31:58+00:00 RUN_HEARTBEAT pid=43384 elapsed=62s
2026-08-25T14:33:00+00:00 RUN_HEARTBEAT pid=43384 elapsed=123s
2026-08-25T14:34:02+00:00 RUN_HEARTBEAT pid=43384 elapsed=185s
2026-08-25T14:35:03+00:00 RUN_HEARTBEAT pid=43384 elapsed=247s
2026-08-25T14:36:05+00:00 RUN_HEARTBEAT pid=43384 elapsed=309s
2026-08-25T14:37:07+00:00 RUN_HEARTBEAT pid=43384 elapsed=370s
2026-08-25T14:37:38+00:00 RUN_END id=OAFX0702 window=IS status=OK decision=IS_SURVIVOR_STRICT elapsed=402.181s
2026-08-25T14:37:38+00:00 SKIP_BASELINE_OOS reason=existing actual measurement
2026-08-25T14:37:38+00:00 RUN_START id=OAFX0702 family=sca_gj_overlap_gate window=OOS run=oafx_oos_oafx0702_20260825233738_fb803b
2026-08-25T14:37:39+00:00 RUN_HEARTBEAT pid=16688 elapsed=0s
2026-08-25T14:38:40+00:00 RUN_HEARTBEAT pid=16688 elapsed=62s
2026-08-25T14:39:42+00:00 RUN_HEARTBEAT pid=16688 elapsed=123s
2026-08-25T14:40:44+00:00 RUN_HEARTBEAT pid=16688 elapsed=185s
2026-08-25T14:41:45+00:00 RUN_HEARTBEAT pid=16688 elapsed=247s
2026-08-25T14:42:47+00:00 RUN_END id=OAFX0702 window=OOS status=OK decision=REJECT elapsed=309.445s
2026-08-25T14:42:47+00:00 SCREEN_BYPASS [703/900] id=OAFX0703 route=FULLBOOK_DIRECT reason=OafxOverlapMaskで他枠の実保有を参照するため、単独枠では効果を測定不能
2026-08-25T14:42:47+00:00 RUN_START id=OAFX0703 family=sca_gj_overlap_gate window=IS run=oafx_is_oafx0703_20260825234247_7a72e3
2026-08-25T14:42:48+00:00 RUN_HEARTBEAT pid=23072 elapsed=0s
2026-08-25T14:43:50+00:00 RUN_HEARTBEAT pid=23072 elapsed=62s
2026-08-25T14:44:51+00:00 RUN_HEARTBEAT pid=23072 elapsed=124s
2026-08-25T14:45:53+00:00 RUN_HEARTBEAT pid=23072 elapsed=185s
2026-08-25T14:46:55+00:00 RUN_HEARTBEAT pid=23072 elapsed=247s
2026-08-25T14:47:57+00:00 RUN_HEARTBEAT pid=23072 elapsed=309s
2026-08-25T14:48:58+00:00 RUN_HEARTBEAT pid=23072 elapsed=370s
2026-08-25T14:49:29+00:00 RUN_END id=OAFX0703 window=IS status=OK decision=IS_SURVIVOR_STRICT elapsed=402.074s
2026-08-25T14:49:29+00:00 SKIP_BASELINE_OOS reason=existing actual measurement
2026-08-25T14:49:29+00:00 RUN_START id=OAFX0703 family=sca_gj_overlap_gate window=OOS run=oafx_oos_oafx0703_20260825234929_74ecaa
2026-08-25T14:49:30+00:00 RUN_HEARTBEAT pid=4648 elapsed=0s
2026-08-25T14:50:32+00:00 RUN_HEARTBEAT pid=4648 elapsed=62s
2026-08-25T14:51:33+00:00 RUN_HEARTBEAT pid=4648 elapsed=123s
2026-08-25T14:52:35+00:00 RUN_HEARTBEAT pid=4648 elapsed=185s
2026-08-25T14:53:37+00:00 RUN_HEARTBEAT pid=4648 elapsed=247s
2026-08-25T14:54:39+00:00 WAIT_MT5_IDLE elapsed=1s processes=metatester64.exe
2026-08-25T14:54:54+00:00 RUN_END id=OAFX0703 window=OOS status=OK decision=STRICT_IMPROVEMENT elapsed=324.963s
2026-08-25T14:54:54+00:00 SCREEN_BYPASS [704/900] id=OAFX0704 route=FULLBOOK_DIRECT reason=OafxOverlapMaskで他枠の実保有を参照するため、単独枠では効果を測定不能
2026-08-25T14:54:54+00:00 RUN_START id=OAFX0704 family=sca_gj_overlap_gate window=IS run=oafx_is_oafx0704_20260825235454_6b25c9
2026-08-25T14:54:55+00:00 RUN_HEARTBEAT pid=3828 elapsed=0s
2026-08-25T14:55:57+00:00 RUN_HEARTBEAT pid=3828 elapsed=62s
2026-08-25T14:56:58+00:00 RUN_HEARTBEAT pid=3828 elapsed=123s
2026-08-25T14:58:00+00:00 RUN_HEARTBEAT pid=3828 elapsed=185s
2026-08-25T14:59:02+00:00 RUN_HEARTBEAT pid=3828 elapsed=247s
2026-08-25T15:00:04+00:00 RUN_HEARTBEAT pid=3828 elapsed=309s
2026-08-25T15:01:05+00:00 RUN_HEARTBEAT pid=3828 elapsed=370s
2026-08-25T15:01:52+00:00 RUN_END id=OAFX0704 window=IS status=OK decision=IS_SURVIVOR_STRICT elapsed=417.477s
2026-08-25T15:01:52+00:00 SKIP_BASELINE_OOS reason=existing actual measurement
2026-08-25T15:01:52+00:00 RUN_START id=OAFX0704 family=sca_gj_overlap_gate window=OOS run=oafx_oos_oafx0704_20260826000152_1ccf6e
2026-08-25T15:01:53+00:00 RUN_HEARTBEAT pid=41012 elapsed=0s
2026-08-25T15:02:54+00:00 RUN_HEARTBEAT pid=41012 elapsed=62s
2026-08-25T15:03:56+00:00 RUN_HEARTBEAT pid=41012 elapsed=123s
2026-08-25T15:04:58+00:00 RUN_HEARTBEAT pid=41012 elapsed=185s
2026-08-25T15:05:59+00:00 RUN_HEARTBEAT pid=41012 elapsed=247s
2026-08-25T15:07:01+00:00 RUN_END id=OAFX0704 window=OOS status=OK decision=STRICT_IMPROVEMENT elapsed=309.513s
2026-08-25T15:07:01+00:00 SCREEN_BYPASS [705/900] id=OAFX0705 route=FULLBOOK_DIRECT reason=OafxOverlapMaskで他枠の実保有を参照するため、単独枠では効果を測定不能
2026-08-25T15:07:01+00:00 RUN_START id=OAFX0705 family=sca_gj_overlap_gate window=IS run=oafx_is_oafx0705_20260826000701_bd14af
2026-08-25T15:07:02+00:00 RUN_HEARTBEAT pid=14264 elapsed=0s
2026-08-25T15:08:04+00:00 RUN_HEARTBEAT pid=14264 elapsed=62s
2026-08-25T15:09:06+00:00 RUN_HEARTBEAT pid=14264 elapsed=124s
2026-08-25T15:10:07+00:00 RUN_HEARTBEAT pid=14264 elapsed=185s
2026-08-25T15:11:09+00:00 RUN_HEARTBEAT pid=14264 elapsed=247s
2026-08-25T15:12:11+00:00 RUN_HEARTBEAT pid=14264 elapsed=309s
2026-08-25T15:13:12+00:00 RUN_HEARTBEAT pid=14264 elapsed=370s
2026-08-25T15:13:59+00:00 RUN_END id=OAFX0705 window=IS status=OK decision=IS_SURVIVOR_STRICT elapsed=417.552s
2026-08-25T15:13:59+00:00 SKIP_BASELINE_OOS reason=existing actual measurement
2026-08-25T15:13:59+00:00 RUN_START id=OAFX0705 family=sca_gj_overlap_gate window=OOS run=oafx_oos_oafx0705_20260826001359_42e917
2026-08-25T15:14:00+00:00 RUN_HEARTBEAT pid=37200 elapsed=0s
2026-08-25T15:15:01+00:00 RUN_HEARTBEAT pid=37200 elapsed=62s
2026-08-25T15:16:03+00:00 RUN_HEARTBEAT pid=37200 elapsed=123s
2026-08-25T15:17:05+00:00 RUN_HEARTBEAT pid=37200 elapsed=185s
2026-08-25T15:18:07+00:00 RUN_HEARTBEAT pid=37200 elapsed=247s
2026-08-25T15:19:08+00:00 RUN_END id=OAFX0705 window=OOS status=OK decision=STRICT_IMPROVEMENT elapsed=309.504s
2026-08-25T15:19:08+00:00 SCREEN_BYPASS [706/900] id=OAFX0706 route=FULLBOOK_DIRECT reason=OafxOverlapMaskで他枠の実保有を参照するため、単独枠では効果を測定不能
2026-08-25T15:19:08+00:00 RUN_START id=OAFX0706 family=sca_gj_overlap_gate window=IS run=oafx_is_oafx0706_20260826001908_5c4b75
2026-08-25T15:19:09+00:00 RUN_HEARTBEAT pid=34972 elapsed=0s
2026-08-25T15:20:11+00:00 RUN_HEARTBEAT pid=34972 elapsed=62s
2026-08-25T15:21:12+00:00 RUN_HEARTBEAT pid=34972 elapsed=123s
2026-08-25T15:22:14+00:00 RUN_HEARTBEAT pid=34972 elapsed=185s
2026-08-25T15:23:16+00:00 RUN_HEARTBEAT pid=34972 elapsed=247s
2026-08-25T15:24:18+00:00 RUN_HEARTBEAT pid=34972 elapsed=309s
2026-08-25T15:25:19+00:00 RUN_HEARTBEAT pid=34972 elapsed=370s
2026-08-25T15:25:50+00:00 RUN_END id=OAFX0706 window=IS status=OK decision=IS_SURVIVOR_STRICT elapsed=401.895s
2026-08-25T15:25:50+00:00 SKIP_BASELINE_OOS reason=existing actual measurement
2026-08-25T15:25:50+00:00 RUN_START id=OAFX0706 family=sca_gj_overlap_gate window=OOS run=oafx_oos_oafx0706_20260826002550_732f90
2026-08-25T15:25:51+00:00 RUN_HEARTBEAT pid=26568 elapsed=0s
2026-08-25T15:26:53+00:00 RUN_HEARTBEAT pid=26568 elapsed=62s
2026-08-25T15:27:54+00:00 RUN_HEARTBEAT pid=26568 elapsed=123s
2026-08-25T15:28:56+00:00 RUN_HEARTBEAT pid=26568 elapsed=185s
2026-08-25T15:29:58+00:00 RUN_HEARTBEAT pid=26568 elapsed=247s
2026-08-25T15:31:00+00:00 RUN_END id=OAFX0706 window=OOS status=OK decision=STRICT_IMPROVEMENT elapsed=309.366s
2026-08-25T15:31:00+00:00 SCREEN_BYPASS [707/900] id=OAFX0707 route=FULLBOOK_DIRECT reason=OafxOverlapMaskで他枠の実保有を参照するため、単独枠では効果を測定不能
2026-08-25T15:31:00+00:00 RUN_START id=OAFX0707 family=sca_gj_overlap_gate window=IS run=oafx_is_oafx0707_20260826003100_557c60
2026-08-25T15:31:00+00:00 RUN_HEARTBEAT pid=44780 elapsed=0s
2026-08-25T15:32:02+00:00 RUN_HEARTBEAT pid=44780 elapsed=62s
2026-08-25T15:33:04+00:00 RUN_HEARTBEAT pid=44780 elapsed=123s
2026-08-25T15:34:05+00:00 RUN_HEARTBEAT pid=44780 elapsed=185s
2026-08-25T15:35:07+00:00 RUN_HEARTBEAT pid=44780 elapsed=247s
2026-08-25T15:36:09+00:00 RUN_HEARTBEAT pid=44780 elapsed=309s
2026-08-25T15:37:11+00:00 RUN_HEARTBEAT pid=44780 elapsed=370s
2026-08-25T15:37:42+00:00 RUN_END id=OAFX0707 window=IS status=OK decision=IS_SURVIVOR_STRICT elapsed=402.089s
2026-08-25T15:37:42+00:00 SKIP_BASELINE_OOS reason=existing actual measurement
2026-08-25T15:37:42+00:00 RUN_START id=OAFX0707 family=sca_gj_overlap_gate window=OOS run=oafx_oos_oafx0707_20260826003742_08ed2e
2026-08-25T15:37:42+00:00 RUN_HEARTBEAT pid=28184 elapsed=0s
2026-08-25T15:38:44+00:00 RUN_HEARTBEAT pid=28184 elapsed=62s
2026-08-25T15:39:46+00:00 RUN_HEARTBEAT pid=28184 elapsed=123s
2026-08-25T15:40:48+00:00 RUN_HEARTBEAT pid=28184 elapsed=185s
2026-08-25T15:41:49+00:00 RUN_HEARTBEAT pid=28184 elapsed=247s
2026-08-25T15:42:51+00:00 RUN_END id=OAFX0707 window=OOS status=OK decision=STRICT_IMPROVEMENT elapsed=309.488s
2026-08-25T15:42:51+00:00 SCREEN_BYPASS [708/900] id=OAFX0708 route=FULLBOOK_DIRECT reason=OafxOverlapMaskで他枠の実保有を参照するため、単独枠では効果を測定不能
2026-08-25T15:42:51+00:00 RUN_START id=OAFX0708 family=sca_gj_overlap_gate window=IS run=oafx_is_oafx0708_20260826004251_b9339e
2026-08-25T15:42:52+00:00 RUN_HEARTBEAT pid=37940 elapsed=0s
2026-08-25T15:43:54+00:00 RUN_HEARTBEAT pid=37940 elapsed=62s
2026-08-25T15:44:55+00:00 RUN_HEARTBEAT pid=37940 elapsed=123s
2026-08-25T15:45:57+00:00 RUN_HEARTBEAT pid=37940 elapsed=185s
2026-08-25T15:46:59+00:00 RUN_HEARTBEAT pid=37940 elapsed=247s
2026-08-25T15:48:01+00:00 RUN_HEARTBEAT pid=37940 elapsed=309s
2026-08-25T15:49:04+00:00 RUN_HEARTBEAT pid=37940 elapsed=372s
2026-08-25T15:50:07+00:00 RUN_END id=OAFX0708 window=IS status=OK decision=IS_SURVIVOR_STRICT elapsed=435.412s
2026-08-25T15:50:07+00:00 SKIP_BASELINE_OOS reason=existing actual measurement
2026-08-25T15:50:07+00:00 RUN_START id=OAFX0708 family=sca_gj_overlap_gate window=OOS run=oafx_oos_oafx0708_20260826005007_9b89f7
2026-08-25T15:50:08+00:00 RUN_HEARTBEAT pid=15920 elapsed=0s
2026-08-25T15:51:10+00:00 RUN_HEARTBEAT pid=15920 elapsed=62s
2026-08-25T15:52:12+00:00 RUN_HEARTBEAT pid=15920 elapsed=125s
2026-08-25T15:53:14+00:00 RUN_HEARTBEAT pid=15920 elapsed=187s
2026-08-25T15:54:17+00:00 RUN_HEARTBEAT pid=15920 elapsed=249s
2026-08-25T15:55:19+00:00 RUN_HEARTBEAT pid=15920 elapsed=311s
2026-08-25T15:56:06+00:00 RUN_END id=OAFX0708 window=OOS status=OK decision=STRICT_IMPROVEMENT elapsed=359.358s
2026-08-25T15:56:06+00:00 SCREEN_BYPASS [709/900] id=OAFX0709 route=FULLBOOK_DIRECT reason=OafxOverlapMaskで他枠の実保有を参照するため、単独枠では効果を測定不能
2026-08-25T15:56:06+00:00 RUN_START id=OAFX0709 family=sca_gj_overlap_gate window=IS run=oafx_is_oafx0709_20260826005606_cf29d3
2026-08-25T15:56:07+00:00 RUN_HEARTBEAT pid=46780 elapsed=0s
2026-08-25T15:57:09+00:00 RUN_HEARTBEAT pid=46780 elapsed=62s
2026-08-25T15:58:12+00:00 RUN_HEARTBEAT pid=46780 elapsed=125s
2026-08-25T15:59:14+00:00 RUN_HEARTBEAT pid=46780 elapsed=187s
2026-08-25T16:00:16+00:00 RUN_HEARTBEAT pid=46780 elapsed=249s
2026-08-25T16:01:18+00:00 RUN_HEARTBEAT pid=46780 elapsed=311s
2026-08-25T16:02:21+00:00 RUN_HEARTBEAT pid=46780 elapsed=374s
2026-08-25T16:03:23+00:00 RUN_END id=OAFX0709 window=IS status=OK decision=IS_SURVIVOR_STRICT elapsed=436.783s
2026-08-25T16:03:23+00:00 SKIP_BASELINE_OOS reason=existing actual measurement
2026-08-25T16:03:23+00:00 RUN_START id=OAFX0709 family=sca_gj_overlap_gate window=OOS run=oafx_oos_oafx0709_20260826010323_6cf2f9
2026-08-25T16:03:24+00:00 RUN_HEARTBEAT pid=4400 elapsed=0s
2026-08-25T16:04:26+00:00 RUN_HEARTBEAT pid=4400 elapsed=62s
2026-08-25T16:05:28+00:00 RUN_HEARTBEAT pid=4400 elapsed=124s
2026-08-25T16:06:30+00:00 RUN_HEARTBEAT pid=4400 elapsed=187s
2026-08-25T16:07:32+00:00 RUN_HEARTBEAT pid=4400 elapsed=249s
2026-08-25T16:08:34+00:00 RUN_HEARTBEAT pid=4400 elapsed=311s
2026-08-25T16:09:05+00:00 RUN_END id=OAFX0709 window=OOS status=OK decision=STRICT_IMPROVEMENT elapsed=342.598s
2026-08-25T16:09:05+00:00 SCREEN_BYPASS [710/900] id=OAFX0710 route=FULLBOOK_DIRECT reason=OafxOverlapMaskで他枠の実保有を参照するため、単独枠では効果を測定不能
2026-08-25T16:09:05+00:00 RUN_START id=OAFX0710 family=sca_gj_overlap_gate window=IS run=oafx_is_oafx0710_20260826010905_c4e653
2026-08-25T16:09:06+00:00 RUN_HEARTBEAT pid=24572 elapsed=0s
2026-08-25T16:10:08+00:00 RUN_HEARTBEAT pid=24572 elapsed=62s
2026-08-25T16:11:10+00:00 RUN_HEARTBEAT pid=24572 elapsed=124s
2026-08-25T16:12:12+00:00 RUN_HEARTBEAT pid=24572 elapsed=186s
2026-08-25T16:13:15+00:00 RUN_HEARTBEAT pid=24572 elapsed=248s
2026-08-25T16:14:16+00:00 RUN_HEARTBEAT pid=24572 elapsed=310s
2026-08-25T16:15:18+00:00 RUN_HEARTBEAT pid=24572 elapsed=372s
2026-08-25T16:16:05+00:00 RUN_END id=OAFX0710 window=IS status=OK decision=IS_SURVIVOR_STRICT elapsed=419.492s
2026-08-25T16:16:05+00:00 SKIP_BASELINE_OOS reason=existing actual measurement
2026-08-25T16:16:05+00:00 RUN_START id=OAFX0710 family=sca_gj_overlap_gate window=OOS run=oafx_oos_oafx0710_20260826011605_389977
2026-08-25T16:16:06+00:00 RUN_HEARTBEAT pid=34668 elapsed=0s
2026-08-25T16:17:08+00:00 RUN_HEARTBEAT pid=34668 elapsed=62s
2026-08-25T16:18:09+00:00 RUN_HEARTBEAT pid=34668 elapsed=124s
2026-08-25T16:19:11+00:00 RUN_HEARTBEAT pid=34668 elapsed=186s
2026-08-25T16:20:13+00:00 RUN_HEARTBEAT pid=34668 elapsed=247s
2026-08-25T16:20:59+00:00 RUN_END id=OAFX0710 window=OOS status=OK decision=STRICT_IMPROVEMENT elapsed=294.661s
2026-08-25T16:20:59+00:00 SCREEN_BYPASS [711/900] id=OAFX0711 route=FULLBOOK_DIRECT reason=OafxOverlapMaskで他枠の実保有を参照するため、単独枠では効果を測定不能
2026-08-25T16:20:59+00:00 RUN_START id=OAFX0711 family=sca_gj_overlap_gate window=IS run=oafx_is_oafx0711_20260826012059_ab5ae4
2026-08-25T16:21:00+00:00 RUN_HEARTBEAT pid=23832 elapsed=0s
2026-08-25T16:22:02+00:00 RUN_HEARTBEAT pid=23832 elapsed=62s
2026-08-25T16:23:04+00:00 RUN_HEARTBEAT pid=23832 elapsed=124s
2026-08-25T16:24:06+00:00 RUN_HEARTBEAT pid=23832 elapsed=185s
2026-08-25T16:25:08+00:00 RUN_HEARTBEAT pid=23832 elapsed=247s
2026-08-25T16:26:09+00:00 RUN_HEARTBEAT pid=23832 elapsed=309s
2026-08-25T16:27:11+00:00 RUN_END id=OAFX0711 window=IS status=OK decision=IS_REJECT elapsed=371.505s
2026-08-25T16:27:11+00:00 GATE_SKIP id=OAFX0711 window=OOS reason=IS_NOT_SURVIVOR decision=IS_REJECT net=242215.0 PF=1.417 DD=44.7956%
2026-08-25T16:27:11+00:00 SCREEN_BYPASS [712/900] id=OAFX0712 route=FULLBOOK_DIRECT reason=OafxOverlapMaskで他枠の実保有を参照するため、単独枠では効果を測定不能
2026-08-25T16:27:11+00:00 RUN_START id=OAFX0712 family=sca_gj_overlap_gate window=IS run=oafx_is_oafx0712_20260826012711_d74d4d
2026-08-25T16:27:12+00:00 RUN_HEARTBEAT pid=15908 elapsed=0s
2026-08-25T16:28:13+00:00 RUN_HEARTBEAT pid=15908 elapsed=62s
2026-08-25T16:29:15+00:00 RUN_HEARTBEAT pid=15908 elapsed=123s
2026-08-25T16:30:17+00:00 RUN_HEARTBEAT pid=15908 elapsed=185s
2026-08-25T16:31:18+00:00 RUN_HEARTBEAT pid=15908 elapsed=247s
2026-08-25T16:32:20+00:00 RUN_HEARTBEAT pid=15908 elapsed=308s
2026-08-25T16:33:22+00:00 RUN_END id=OAFX0712 window=IS status=OK decision=IS_SURVIVOR_STRICT elapsed=370.781s
2026-08-25T16:33:22+00:00 SKIP_BASELINE_OOS reason=existing actual measurement
2026-08-25T16:33:22+00:00 RUN_START id=OAFX0712 family=sca_gj_overlap_gate window=OOS run=oafx_oos_oafx0712_20260826013322_a8d913
2026-08-25T16:33:23+00:00 RUN_HEARTBEAT pid=45604 elapsed=0s
2026-08-25T16:34:24+00:00 RUN_HEARTBEAT pid=45604 elapsed=62s
2026-08-25T16:35:26+00:00 RUN_HEARTBEAT pid=45604 elapsed=123s
2026-08-25T16:36:28+00:00 RUN_HEARTBEAT pid=45604 elapsed=185s
2026-08-25T16:37:29+00:00 RUN_HEARTBEAT pid=45604 elapsed=247s
2026-08-25T16:38:00+00:00 RUN_END id=OAFX0712 window=OOS status=OK decision=DD_IMPROVEMENT elapsed=278.387s
2026-08-25T16:38:00+00:00 SCREEN_BYPASS [713/900] id=OAFX0713 route=FULLBOOK_DIRECT reason=OafxOverlapMaskで他枠の実保有を参照するため、単独枠では効果を測定不能
2026-08-25T16:38:00+00:00 RUN_START id=OAFX0713 family=sca_gj_overlap_gate window=IS run=oafx_is_oafx0713_20260826013800_89ca9c
2026-08-25T16:38:01+00:00 RUN_HEARTBEAT pid=33008 elapsed=0s
2026-08-25T16:39:03+00:00 RUN_HEARTBEAT pid=33008 elapsed=62s
2026-08-25T16:40:04+00:00 RUN_HEARTBEAT pid=33008 elapsed=123s
2026-08-25T16:41:06+00:00 RUN_HEARTBEAT pid=33008 elapsed=185s
2026-08-25T16:42:08+00:00 RUN_HEARTBEAT pid=33008 elapsed=247s
2026-08-25T16:43:09+00:00 RUN_HEARTBEAT pid=33008 elapsed=308s
2026-08-25T16:44:11+00:00 RUN_END id=OAFX0713 window=IS status=OK decision=IS_SURVIVOR_STRICT elapsed=370.761s
2026-08-25T16:44:11+00:00 SKIP_BASELINE_OOS reason=existing actual measurement
2026-08-25T16:44:11+00:00 RUN_START id=OAFX0713 family=sca_gj_overlap_gate window=OOS run=oafx_oos_oafx0713_20260826014411_bde884
2026-08-25T16:44:12+00:00 RUN_HEARTBEAT pid=28408 elapsed=0s
2026-08-25T16:45:13+00:00 RUN_HEARTBEAT pid=28408 elapsed=62s
2026-08-25T16:46:15+00:00 RUN_HEARTBEAT pid=28408 elapsed=123s
2026-08-25T16:47:17+00:00 RUN_HEARTBEAT pid=28408 elapsed=185s
2026-08-25T16:48:18+00:00 RUN_HEARTBEAT pid=28408 elapsed=247s
2026-08-25T16:48:49+00:00 RUN_END id=OAFX0713 window=OOS status=OK decision=STRICT_IMPROVEMENT elapsed=278.369s
2026-08-25T16:48:49+00:00 SCREEN_BYPASS [714/900] id=OAFX0714 route=FULLBOOK_DIRECT reason=OafxOverlapMaskで他枠の実保有を参照するため、単独枠では効果を測定不能
2026-08-25T16:48:49+00:00 RUN_START id=OAFX0714 family=sca_gj_overlap_gate window=IS run=oafx_is_oafx0714_20260826014849_c2f7ab
2026-08-25T16:48:50+00:00 RUN_HEARTBEAT pid=4576 elapsed=0s
2026-08-25T16:49:52+00:00 RUN_HEARTBEAT pid=4576 elapsed=62s
2026-08-25T16:50:53+00:00 RUN_HEARTBEAT pid=4576 elapsed=123s
2026-08-25T16:51:55+00:00 RUN_HEARTBEAT pid=4576 elapsed=185s
2026-08-25T16:52:57+00:00 RUN_HEARTBEAT pid=4576 elapsed=247s
2026-08-25T16:53:58+00:00 RUN_HEARTBEAT pid=4576 elapsed=308s
2026-08-25T16:55:00+00:00 RUN_END id=OAFX0714 window=IS status=OK decision=IS_SURVIVOR_STRICT elapsed=370.742s
2026-08-25T16:55:00+00:00 SKIP_BASELINE_OOS reason=existing actual measurement
2026-08-25T16:55:00+00:00 RUN_START id=OAFX0714 family=sca_gj_overlap_gate window=OOS run=oafx_oos_oafx0714_20260826015500_a2ce36
2026-08-25T16:55:01+00:00 RUN_HEARTBEAT pid=32476 elapsed=0s
2026-08-25T16:56:03+00:00 RUN_HEARTBEAT pid=32476 elapsed=62s
2026-08-25T16:57:04+00:00 RUN_HEARTBEAT pid=32476 elapsed=123s
2026-08-25T16:58:06+00:00 RUN_HEARTBEAT pid=32476 elapsed=185s
2026-08-25T16:59:08+00:00 RUN_HEARTBEAT pid=32476 elapsed=247s
2026-08-25T16:59:38+00:00 RUN_END id=OAFX0714 window=OOS status=OK decision=STRICT_IMPROVEMENT elapsed=278.330s
2026-08-25T16:59:38+00:00 SCREEN_BYPASS [715/900] id=OAFX0715 route=FULLBOOK_DIRECT reason=OafxOverlapMaskで他枠の実保有を参照するため、単独枠では効果を測定不能
2026-08-25T16:59:38+00:00 RUN_START id=OAFX0715 family=sca_gj_overlap_gate window=IS run=oafx_is_oafx0715_20260826015938_6a02dc
2026-08-25T16:59:39+00:00 RUN_HEARTBEAT pid=39084 elapsed=0s
2026-08-25T17:00:41+00:00 RUN_HEARTBEAT pid=39084 elapsed=62s
2026-08-25T17:01:42+00:00 RUN_HEARTBEAT pid=39084 elapsed=123s
2026-08-25T17:02:44+00:00 RUN_HEARTBEAT pid=39084 elapsed=185s
2026-08-25T17:03:46+00:00 RUN_HEARTBEAT pid=39084 elapsed=247s
2026-08-25T17:04:47+00:00 RUN_HEARTBEAT pid=39084 elapsed=308s
2026-08-25T17:05:50+00:00 RUN_END id=OAFX0715 window=IS status=OK decision=IS_SURVIVOR_STRICT elapsed=371.405s
2026-08-25T17:05:50+00:00 SKIP_BASELINE_OOS reason=existing actual measurement
2026-08-25T17:05:50+00:00 RUN_START id=OAFX0715 family=sca_gj_overlap_gate window=OOS run=oafx_oos_oafx0715_20260826020550_8ff0b3
2026-08-25T17:05:51+00:00 RUN_HEARTBEAT pid=14728 elapsed=0s
2026-08-25T17:06:52+00:00 RUN_HEARTBEAT pid=14728 elapsed=62s
2026-08-25T17:07:54+00:00 RUN_HEARTBEAT pid=14728 elapsed=124s
2026-08-25T17:08:56+00:00 RUN_HEARTBEAT pid=14728 elapsed=185s
2026-08-25T17:09:57+00:00 RUN_HEARTBEAT pid=14728 elapsed=247s
2026-08-25T17:10:28+00:00 RUN_END id=OAFX0715 window=OOS status=OK decision=STRICT_IMPROVEMENT elapsed=278.483s
2026-08-25T17:10:28+00:00 SCREEN_BYPASS [716/900] id=OAFX0716 route=FULLBOOK_DIRECT reason=OafxOverlapMaskで他枠の実保有を参照するため、単独枠では効果を測定不能
2026-08-25T17:10:28+00:00 RUN_START id=OAFX0716 family=sca_gj_overlap_gate window=IS run=oafx_is_oafx0716_20260826021028_45fee9
2026-08-25T17:10:29+00:00 RUN_HEARTBEAT pid=13240 elapsed=0s
2026-08-25T17:11:31+00:00 RUN_HEARTBEAT pid=13240 elapsed=62s
2026-08-25T17:12:32+00:00 RUN_HEARTBEAT pid=13240 elapsed=123s
2026-08-25T17:13:34+00:00 RUN_HEARTBEAT pid=13240 elapsed=185s
2026-08-25T17:14:36+00:00 RUN_HEARTBEAT pid=13240 elapsed=247s
2026-08-25T17:15:37+00:00 RUN_HEARTBEAT pid=13240 elapsed=308s
2026-08-25T17:16:39+00:00 RUN_END id=OAFX0716 window=IS status=OK decision=IS_SURVIVOR_STRICT elapsed=370.849s
2026-08-25T17:16:39+00:00 SKIP_BASELINE_OOS reason=existing actual measurement
2026-08-25T17:16:39+00:00 RUN_START id=OAFX0716 family=sca_gj_overlap_gate window=OOS run=oafx_oos_oafx0716_20260826021639_8566b4
2026-08-25T17:16:40+00:00 RUN_HEARTBEAT pid=6712 elapsed=0s
2026-08-25T17:17:42+00:00 RUN_HEARTBEAT pid=6712 elapsed=62s
2026-08-25T17:18:43+00:00 RUN_HEARTBEAT pid=6712 elapsed=123s
2026-08-25T17:19:45+00:00 RUN_HEARTBEAT pid=6712 elapsed=185s
2026-08-25T17:20:46+00:00 RUN_HEARTBEAT pid=6712 elapsed=247s
2026-08-25T17:21:17+00:00 RUN_END id=OAFX0716 window=OOS status=OK decision=STRICT_IMPROVEMENT elapsed=278.222s
2026-08-25T17:21:17+00:00 SCREEN_BYPASS [717/900] id=OAFX0717 route=FULLBOOK_DIRECT reason=OafxOverlapMaskで他枠の実保有を参照するため、単独枠では効果を測定不能
2026-08-25T17:21:17+00:00 RUN_START id=OAFX0717 family=sca_gj_overlap_gate window=IS run=oafx_is_oafx0717_20260826022117_b7be03
2026-08-25T17:21:18+00:00 RUN_HEARTBEAT pid=33116 elapsed=0s
2026-08-25T17:22:20+00:00 RUN_HEARTBEAT pid=33116 elapsed=62s
2026-08-25T17:23:21+00:00 RUN_HEARTBEAT pid=33116 elapsed=123s
2026-08-25T17:24:23+00:00 RUN_HEARTBEAT pid=33116 elapsed=185s
2026-08-25T17:25:25+00:00 RUN_HEARTBEAT pid=33116 elapsed=247s
2026-08-25T17:26:26+00:00 RUN_HEARTBEAT pid=33116 elapsed=308s
2026-08-25T17:27:28+00:00 RUN_END id=OAFX0717 window=IS status=OK decision=IS_SURVIVOR_STRICT elapsed=370.655s
2026-08-25T17:27:28+00:00 SKIP_BASELINE_OOS reason=existing actual measurement
2026-08-25T17:27:28+00:00 RUN_START id=OAFX0717 family=sca_gj_overlap_gate window=OOS run=oafx_oos_oafx0717_20260826022728_250e34
2026-08-25T17:27:29+00:00 RUN_HEARTBEAT pid=46624 elapsed=0s
2026-08-25T17:28:30+00:00 RUN_HEARTBEAT pid=46624 elapsed=62s
2026-08-25T17:29:32+00:00 RUN_HEARTBEAT pid=46624 elapsed=123s
2026-08-25T17:30:34+00:00 RUN_HEARTBEAT pid=46624 elapsed=185s
2026-08-25T17:31:35+00:00 RUN_HEARTBEAT pid=46624 elapsed=247s
2026-08-25T17:32:06+00:00 RUN_END id=OAFX0717 window=OOS status=OK decision=STRICT_IMPROVEMENT elapsed=278.233s
2026-08-25T17:32:06+00:00 SCREEN_BYPASS [718/900] id=OAFX0718 route=FULLBOOK_DIRECT reason=OafxOverlapMaskで他枠の実保有を参照するため、単独枠では効果を測定不能
2026-08-25T17:32:06+00:00 RUN_START id=OAFX0718 family=sca_gj_overlap_gate window=IS run=oafx_is_oafx0718_20260826023206_23f26f
2026-08-25T17:32:07+00:00 RUN_HEARTBEAT pid=35432 elapsed=0s
2026-08-25T17:33:09+00:00 RUN_HEARTBEAT pid=35432 elapsed=62s
2026-08-25T17:34:10+00:00 RUN_HEARTBEAT pid=35432 elapsed=123s
2026-08-25T17:35:12+00:00 RUN_HEARTBEAT pid=35432 elapsed=185s
2026-08-25T17:36:14+00:00 RUN_HEARTBEAT pid=35432 elapsed=247s
2026-08-25T17:37:15+00:00 RUN_HEARTBEAT pid=35432 elapsed=308s
2026-08-25T17:38:17+00:00 RUN_END id=OAFX0718 window=IS status=OK decision=IS_SURVIVOR_STRICT elapsed=370.854s
2026-08-25T17:38:17+00:00 SKIP_BASELINE_OOS reason=existing actual measurement
2026-08-25T17:38:17+00:00 RUN_START id=OAFX0718 family=sca_gj_overlap_gate window=OOS run=oafx_oos_oafx0718_20260826023817_35fa19
2026-08-25T17:38:18+00:00 RUN_HEARTBEAT pid=39340 elapsed=0s
2026-08-25T17:39:20+00:00 RUN_HEARTBEAT pid=39340 elapsed=62s
2026-08-25T17:40:21+00:00 RUN_HEARTBEAT pid=39340 elapsed=123s
2026-08-25T17:41:23+00:00 RUN_HEARTBEAT pid=39340 elapsed=185s
2026-08-25T17:42:25+00:00 RUN_HEARTBEAT pid=39340 elapsed=247s
2026-08-25T17:42:56+00:00 RUN_END id=OAFX0718 window=OOS status=OK decision=STRICT_IMPROVEMENT elapsed=278.457s
2026-08-25T17:42:56+00:00 SCREEN_BYPASS [719/900] id=OAFX0719 route=FULLBOOK_DIRECT reason=OafxOverlapMaskで他枠の実保有を参照するため、単独枠では効果を測定不能
2026-08-25T17:42:56+00:00 RUN_START id=OAFX0719 family=sca_gj_overlap_gate window=IS run=oafx_is_oafx0719_20260826024256_99b045
2026-08-25T17:42:56+00:00 RUN_HEARTBEAT pid=29068 elapsed=0s
2026-08-25T17:43:58+00:00 RUN_HEARTBEAT pid=29068 elapsed=62s
2026-08-25T17:45:00+00:00 RUN_HEARTBEAT pid=29068 elapsed=123s
2026-08-25T17:46:01+00:00 RUN_HEARTBEAT pid=29068 elapsed=185s
2026-08-25T17:47:03+00:00 RUN_HEARTBEAT pid=29068 elapsed=247s
2026-08-25T17:48:05+00:00 RUN_HEARTBEAT pid=29068 elapsed=308s
2026-08-25T17:49:06+00:00 RUN_END id=OAFX0719 window=IS status=OK decision=IS_SURVIVOR_STRICT elapsed=370.698s
2026-08-25T17:49:06+00:00 SKIP_BASELINE_OOS reason=existing actual measurement
2026-08-25T17:49:06+00:00 RUN_START id=OAFX0719 family=sca_gj_overlap_gate window=OOS run=oafx_oos_oafx0719_20260826024906_3dd8a8
2026-08-25T17:49:07+00:00 RUN_HEARTBEAT pid=9996 elapsed=0s
2026-08-25T17:50:09+00:00 RUN_HEARTBEAT pid=9996 elapsed=62s
2026-08-25T17:51:10+00:00 RUN_HEARTBEAT pid=9996 elapsed=123s
2026-08-25T17:52:12+00:00 RUN_HEARTBEAT pid=9996 elapsed=185s
2026-08-25T17:53:14+00:00 RUN_HEARTBEAT pid=9996 elapsed=247s
2026-08-25T17:53:45+00:00 RUN_END id=OAFX0719 window=OOS status=OK decision=STRICT_IMPROVEMENT elapsed=278.334s
2026-08-25T17:53:45+00:00 SCREEN_BYPASS [720/900] id=OAFX0720 route=FULLBOOK_DIRECT reason=OafxOverlapMaskで他枠の実保有を参照するため、単独枠では効果を測定不能
2026-08-25T17:53:45+00:00 RUN_START id=OAFX0720 family=sca_gj_overlap_gate window=IS run=oafx_is_oafx0720_20260826025345_b7fd85
2026-08-25T17:53:45+00:00 RUN_HEARTBEAT pid=14116 elapsed=0s
2026-08-25T17:54:47+00:00 RUN_HEARTBEAT pid=14116 elapsed=62s
2026-08-25T17:55:49+00:00 RUN_HEARTBEAT pid=14116 elapsed=123s
2026-08-25T17:56:50+00:00 RUN_HEARTBEAT pid=14116 elapsed=185s
2026-08-25T17:57:52+00:00 RUN_HEARTBEAT pid=14116 elapsed=247s
2026-08-25T17:58:54+00:00 RUN_HEARTBEAT pid=14116 elapsed=308s
2026-08-25T17:59:55+00:00 WAIT_MT5_IDLE elapsed=0s processes=metatester64.exe
2026-08-25T18:00:57+00:00 WAIT_MT5_IDLE elapsed=62s processes=metatester64.exe
2026-08-25T18:01:58+00:00 WAIT_MT5_IDLE elapsed=123s processes=metatester64.exe
2026-08-25T18:03:00+00:00 WAIT_MT5_IDLE elapsed=185s processes=metatester64.exe
2026-08-25T18:04:01+00:00 WAIT_MT5_IDLE elapsed=246s processes=metatester64.exe
2026-08-25T18:05:03+00:00 KILL_ORPHAN_TESTER orphan_seconds=307
2026-08-25T18:05:18+00:00 RUN_END id=OAFX0720 window=IS status=OK decision=IS_SURVIVOR_STRICT elapsed=693.631s
2026-08-25T18:05:18+00:00 SKIP_BASELINE_OOS reason=existing actual measurement
2026-08-25T18:05:18+00:00 RUN_START id=OAFX0720 family=sca_gj_overlap_gate window=OOS run=oafx_oos_oafx0720_20260826030518_158441
2026-08-25T18:05:19+00:00 RUN_HEARTBEAT pid=20400 elapsed=0s
2026-08-25T18:06:21+00:00 RUN_HEARTBEAT pid=20400 elapsed=62s
2026-08-25T18:07:22+00:00 RUN_HEARTBEAT pid=20400 elapsed=123s
2026-08-25T18:08:24+00:00 RUN_HEARTBEAT pid=20400 elapsed=185s
2026-08-25T18:09:26+00:00 RUN_HEARTBEAT pid=20400 elapsed=247s
2026-08-25T18:10:12+00:00 RUN_END id=OAFX0720 window=OOS status=OK decision=STRICT_IMPROVEMENT elapsed=293.726s
2026-08-25T18:10:12+00:00 SCREEN_BYPASS [721/900] id=OAFX0721 route=FULLBOOK_DIRECT reason=OafxOverlapMaskで他枠の実保有を参照するため、単独枠では効果を測定不能
2026-08-25T18:10:12+00:00 RUN_START id=OAFX0721 family=sca_gj_overlap_gate window=IS run=oafx_is_oafx0721_20260826031012_4b85ec
2026-08-25T18:10:13+00:00 RUN_HEARTBEAT pid=38324 elapsed=0s
2026-08-25T18:11:14+00:00 RUN_HEARTBEAT pid=38324 elapsed=62s
2026-08-25T18:12:16+00:00 RUN_HEARTBEAT pid=38324 elapsed=123s
2026-08-25T18:13:18+00:00 RUN_HEARTBEAT pid=38324 elapsed=185s
2026-08-25T18:14:19+00:00 RUN_HEARTBEAT pid=38324 elapsed=247s
2026-08-25T18:15:21+00:00 RUN_HEARTBEAT pid=38324 elapsed=308s
2026-08-25T18:16:07+00:00 RUN_END id=OAFX0721 window=IS status=OK decision=IS_REJECT_TRADEOFF elapsed=355.295s
2026-08-25T18:16:07+00:00 GATE_SKIP id=OAFX0721 window=OOS reason=IS_NOT_SURVIVOR decision=IS_REJECT_TRADEOFF net=230923.0 PF=1.586 DD=29.9353%
2026-08-25T18:16:07+00:00 SCREEN_BYPASS [722/900] id=OAFX0722 route=FULLBOOK_DIRECT reason=OafxOverlapMaskで他枠の実保有を参照するため、単独枠では効果を測定不能
2026-08-25T18:16:07+00:00 RUN_START id=OAFX0722 family=sca_gj_overlap_gate window=IS run=oafx_is_oafx0722_20260826031607_0d344e
2026-08-25T18:16:08+00:00 RUN_HEARTBEAT pid=37720 elapsed=0s
2026-08-25T18:17:10+00:00 RUN_HEARTBEAT pid=37720 elapsed=62s
2026-08-25T18:18:11+00:00 RUN_HEARTBEAT pid=37720 elapsed=123s
2026-08-25T18:19:13+00:00 RUN_HEARTBEAT pid=37720 elapsed=185s
2026-08-25T18:20:15+00:00 RUN_HEARTBEAT pid=37720 elapsed=247s
2026-08-25T18:21:16+00:00 RUN_HEARTBEAT pid=37720 elapsed=308s
2026-08-25T18:22:18+00:00 RUN_END id=OAFX0722 window=IS status=OK decision=IS_SURVIVOR_DD elapsed=370.838s
2026-08-25T18:22:18+00:00 SKIP_BASELINE_OOS reason=existing actual measurement
2026-08-25T18:22:18+00:00 RUN_START id=OAFX0722 family=sca_gj_overlap_gate window=OOS run=oafx_oos_oafx0722_20260826032218_aabd48
2026-08-25T18:22:19+00:00 RUN_HEARTBEAT pid=33616 elapsed=0s
2026-08-25T18:23:21+00:00 RUN_HEARTBEAT pid=33616 elapsed=62s
2026-08-25T18:24:22+00:00 RUN_HEARTBEAT pid=33616 elapsed=123s
2026-08-25T18:25:24+00:00 RUN_HEARTBEAT pid=33616 elapsed=185s
2026-08-25T18:26:26+00:00 RUN_HEARTBEAT pid=33616 elapsed=247s
2026-08-25T18:26:56+00:00 RUN_END id=OAFX0722 window=OOS status=OK decision=DD_IMPROVEMENT elapsed=278.343s
2026-08-25T18:26:56+00:00 SCREEN_BYPASS [723/900] id=OAFX0723 route=FULLBOOK_DIRECT reason=OafxOverlapMaskで他枠の実保有を参照するため、単独枠では効果を測定不能
2026-08-25T18:26:56+00:00 RUN_START id=OAFX0723 family=sca_gj_overlap_gate window=IS run=oafx_is_oafx0723_20260826032656_4323cd
2026-08-25T18:26:57+00:00 RUN_HEARTBEAT pid=35372 elapsed=0s
2026-08-25T18:27:59+00:00 RUN_HEARTBEAT pid=35372 elapsed=62s
2026-08-25T18:29:01+00:00 RUN_HEARTBEAT pid=35372 elapsed=123s
2026-08-25T18:30:02+00:00 RUN_HEARTBEAT pid=35372 elapsed=185s
2026-08-25T18:31:04+00:00 RUN_HEARTBEAT pid=35372 elapsed=247s
2026-08-25T18:32:05+00:00 RUN_HEARTBEAT pid=35372 elapsed=308s
2026-08-25T18:33:07+00:00 RUN_END id=OAFX0723 window=IS status=OK decision=IS_SURVIVOR_STRICT elapsed=370.605s
2026-08-25T18:33:07+00:00 SKIP_BASELINE_OOS reason=existing actual measurement
2026-08-25T18:33:07+00:00 RUN_START id=OAFX0723 family=sca_gj_overlap_gate window=OOS run=oafx_oos_oafx0723_20260826033307_cc6c48
2026-08-25T18:33:08+00:00 RUN_HEARTBEAT pid=28388 elapsed=0s
2026-08-25T18:34:09+00:00 RUN_HEARTBEAT pid=28388 elapsed=62s
2026-08-25T18:35:11+00:00 RUN_HEARTBEAT pid=28388 elapsed=123s
2026-08-25T18:36:13+00:00 RUN_HEARTBEAT pid=28388 elapsed=185s
2026-08-25T18:37:14+00:00 RUN_HEARTBEAT pid=28388 elapsed=247s
2026-08-25T18:37:45+00:00 RUN_END id=OAFX0723 window=OOS status=OK decision=STRICT_IMPROVEMENT elapsed=278.232s
2026-08-25T18:37:45+00:00 SCREEN_BYPASS [724/900] id=OAFX0724 route=FULLBOOK_DIRECT reason=OafxOverlapMaskで他枠の実保有を参照するため、単独枠では効果を測定不能
2026-08-25T18:37:45+00:00 RUN_START id=OAFX0724 family=sca_gj_overlap_gate window=IS run=oafx_is_oafx0724_20260826033745_d4288c
2026-08-25T18:37:46+00:00 RUN_HEARTBEAT pid=10944 elapsed=0s
2026-08-25T18:38:48+00:00 RUN_HEARTBEAT pid=10944 elapsed=62s
2026-08-25T18:39:50+00:00 RUN_HEARTBEAT pid=10944 elapsed=123s
2026-08-25T18:40:51+00:00 RUN_HEARTBEAT pid=10944 elapsed=185s
2026-08-25T18:41:53+00:00 RUN_HEARTBEAT pid=10944 elapsed=247s
2026-08-25T18:42:54+00:00 RUN_HEARTBEAT pid=10944 elapsed=308s
2026-08-25T18:43:56+00:00 RUN_END id=OAFX0724 window=IS status=OK decision=IS_SURVIVOR_STRICT elapsed=370.845s
2026-08-25T18:43:56+00:00 SKIP_BASELINE_OOS reason=existing actual measurement
2026-08-25T18:43:56+00:00 RUN_START id=OAFX0724 family=sca_gj_overlap_gate window=OOS run=oafx_oos_oafx0724_20260826034356_c6c4a8
2026-08-25T18:43:57+00:00 RUN_HEARTBEAT pid=15924 elapsed=0s
2026-08-25T18:44:59+00:00 RUN_HEARTBEAT pid=15924 elapsed=62s
2026-08-25T18:46:00+00:00 RUN_HEARTBEAT pid=15924 elapsed=123s
2026-08-25T18:47:02+00:00 RUN_HEARTBEAT pid=15924 elapsed=185s
2026-08-25T18:48:04+00:00 RUN_HEARTBEAT pid=15924 elapsed=247s
2026-08-25T18:48:34+00:00 RUN_END id=OAFX0724 window=OOS status=OK decision=STRICT_IMPROVEMENT elapsed=278.305s
2026-08-25T18:48:34+00:00 SCREEN_BYPASS [725/900] id=OAFX0725 route=FULLBOOK_DIRECT reason=OafxOverlapMaskで他枠の実保有を参照するため、単独枠では効果を測定不能
2026-08-25T18:48:34+00:00 RUN_START id=OAFX0725 family=sca_gj_overlap_gate window=IS run=oafx_is_oafx0725_20260826034834_097e25
2026-08-25T18:48:35+00:00 RUN_HEARTBEAT pid=27784 elapsed=0s
2026-08-25T18:49:37+00:00 RUN_HEARTBEAT pid=27784 elapsed=62s
2026-08-25T18:50:39+00:00 RUN_HEARTBEAT pid=27784 elapsed=123s
2026-08-25T18:51:40+00:00 RUN_HEARTBEAT pid=27784 elapsed=185s
2026-08-25T18:52:42+00:00 RUN_HEARTBEAT pid=27784 elapsed=247s
2026-08-25T18:53:44+00:00 RUN_HEARTBEAT pid=27784 elapsed=308s
2026-08-25T18:54:45+00:00 RUN_END id=OAFX0725 window=IS status=OK decision=IS_SURVIVOR_STRICT elapsed=370.801s
2026-08-25T18:54:45+00:00 SKIP_BASELINE_OOS reason=existing actual measurement
2026-08-25T18:54:45+00:00 RUN_START id=OAFX0725 family=sca_gj_overlap_gate window=OOS run=oafx_oos_oafx0725_20260826035445_f95ed3
2026-08-25T18:54:46+00:00 RUN_HEARTBEAT pid=26528 elapsed=0s
2026-08-25T18:55:48+00:00 RUN_HEARTBEAT pid=26528 elapsed=62s
2026-08-25T18:56:49+00:00 RUN_HEARTBEAT pid=26528 elapsed=123s
2026-08-25T18:57:51+00:00 RUN_HEARTBEAT pid=26528 elapsed=185s
2026-08-25T18:58:53+00:00 RUN_HEARTBEAT pid=26528 elapsed=247s
2026-08-25T18:59:23+00:00 RUN_END id=OAFX0725 window=OOS status=OK decision=STRICT_IMPROVEMENT elapsed=278.219s
2026-08-25T18:59:23+00:00 SCREEN_BYPASS [726/900] id=OAFX0726 route=FULLBOOK_DIRECT reason=OafxOverlapMaskで他枠の実保有を参照するため、単独枠では効果を測定不能
2026-08-25T18:59:23+00:00 RUN_START id=OAFX0726 family=sca_gj_overlap_gate window=IS run=oafx_is_oafx0726_20260826035923_334e5e
2026-08-25T18:59:24+00:00 RUN_HEARTBEAT pid=24500 elapsed=0s
2026-08-25T19:00:26+00:00 RUN_HEARTBEAT pid=24500 elapsed=62s
2026-08-25T19:01:28+00:00 RUN_HEARTBEAT pid=24500 elapsed=123s
2026-08-25T19:02:29+00:00 RUN_HEARTBEAT pid=24500 elapsed=185s
2026-08-25T19:03:31+00:00 RUN_HEARTBEAT pid=24500 elapsed=247s
2026-08-25T19:04:33+00:00 RUN_HEARTBEAT pid=24500 elapsed=308s
2026-08-25T19:05:35+00:00 RUN_END id=OAFX0726 window=IS status=OK decision=IS_SURVIVOR_STRICT elapsed=371.023s
2026-08-25T19:05:35+00:00 SKIP_BASELINE_OOS reason=existing actual measurement
2026-08-25T19:05:35+00:00 RUN_START id=OAFX0726 family=sca_gj_overlap_gate window=OOS run=oafx_oos_oafx0726_20260826040535_7a72c9
2026-08-25T19:05:35+00:00 RUN_HEARTBEAT pid=21096 elapsed=0s
2026-08-25T19:06:37+00:00 RUN_HEARTBEAT pid=21096 elapsed=62s
2026-08-25T19:07:39+00:00 RUN_HEARTBEAT pid=21096 elapsed=123s
2026-08-25T19:08:40+00:00 RUN_HEARTBEAT pid=21096 elapsed=185s
2026-08-25T19:09:42+00:00 RUN_HEARTBEAT pid=21096 elapsed=247s
2026-08-25T19:10:28+00:00 RUN_END id=OAFX0726 window=OOS status=OK decision=STRICT_IMPROVEMENT elapsed=293.893s
2026-08-25T19:10:28+00:00 SCREEN_BYPASS [727/900] id=OAFX0727 route=FULLBOOK_DIRECT reason=OafxOverlapMaskで他枠の実保有を参照するため、単独枠では効果を測定不能
2026-08-25T19:10:28+00:00 RUN_START id=OAFX0727 family=sca_gj_overlap_gate window=IS run=oafx_is_oafx0727_20260826041028_d5715c
2026-08-25T19:10:29+00:00 RUN_HEARTBEAT pid=25012 elapsed=0s
2026-08-25T19:11:31+00:00 RUN_HEARTBEAT pid=25012 elapsed=62s
2026-08-25T19:12:33+00:00 RUN_HEARTBEAT pid=25012 elapsed=123s
2026-08-25T19:13:34+00:00 RUN_HEARTBEAT pid=25012 elapsed=185s
2026-08-25T19:14:36+00:00 RUN_HEARTBEAT pid=25012 elapsed=247s
2026-08-25T19:15:38+00:00 RUN_HEARTBEAT pid=25012 elapsed=309s
2026-08-25T19:16:39+00:00 RUN_END id=OAFX0727 window=IS status=OK decision=IS_SURVIVOR_STRICT elapsed=371.087s
2026-08-25T19:16:39+00:00 SKIP_BASELINE_OOS reason=existing actual measurement
2026-08-25T19:16:40+00:00 RUN_START id=OAFX0727 family=sca_gj_overlap_gate window=OOS run=oafx_oos_oafx0727_20260826041640_dd4f89
2026-08-25T19:16:40+00:00 RUN_HEARTBEAT pid=2444 elapsed=0s
2026-08-25T19:17:42+00:00 RUN_HEARTBEAT pid=2444 elapsed=62s
2026-08-25T19:18:44+00:00 RUN_HEARTBEAT pid=2444 elapsed=123s
2026-08-25T19:19:45+00:00 RUN_HEARTBEAT pid=2444 elapsed=185s
2026-08-25T19:20:47+00:00 RUN_HEARTBEAT pid=2444 elapsed=247s
2026-08-25T19:21:18+00:00 RUN_END id=OAFX0727 window=OOS status=OK decision=STRICT_IMPROVEMENT elapsed=278.486s
2026-08-25T19:21:18+00:00 SCREEN_BYPASS [728/900] id=OAFX0728 route=FULLBOOK_DIRECT reason=OafxOverlapMaskで他枠の実保有を参照するため、単独枠では効果を測定不能
2026-08-25T19:21:18+00:00 RUN_START id=OAFX0728 family=sca_gj_overlap_gate window=IS run=oafx_is_oafx0728_20260826042118_55cbf9
2026-08-25T19:21:19+00:00 RUN_HEARTBEAT pid=6328 elapsed=0s
2026-08-25T19:22:21+00:00 RUN_HEARTBEAT pid=6328 elapsed=62s
2026-08-25T19:23:22+00:00 RUN_HEARTBEAT pid=6328 elapsed=123s
2026-08-25T19:24:24+00:00 RUN_HEARTBEAT pid=6328 elapsed=185s
2026-08-25T19:25:26+00:00 RUN_HEARTBEAT pid=6328 elapsed=247s
2026-08-25T19:26:27+00:00 RUN_HEARTBEAT pid=6328 elapsed=309s
2026-08-25T19:27:29+00:00 RUN_END id=OAFX0728 window=IS status=OK decision=IS_SURVIVOR_STRICT elapsed=370.983s
2026-08-25T19:27:29+00:00 SKIP_BASELINE_OOS reason=existing actual measurement
2026-08-25T19:27:29+00:00 RUN_START id=OAFX0728 family=sca_gj_overlap_gate window=OOS run=oafx_oos_oafx0728_20260826042729_dbdf52
2026-08-25T19:27:30+00:00 RUN_HEARTBEAT pid=45548 elapsed=0s
2026-08-25T19:28:31+00:00 RUN_HEARTBEAT pid=45548 elapsed=62s
2026-08-25T19:29:33+00:00 RUN_HEARTBEAT pid=45548 elapsed=123s
2026-08-25T19:30:35+00:00 RUN_HEARTBEAT pid=45548 elapsed=185s
2026-08-25T19:31:36+00:00 RUN_HEARTBEAT pid=45548 elapsed=247s
2026-08-25T19:32:23+00:00 RUN_END id=OAFX0728 window=OOS status=OK decision=STRICT_IMPROVEMENT elapsed=293.781s
2026-08-25T19:32:23+00:00 SCREEN_BYPASS [729/900] id=OAFX0729 route=FULLBOOK_DIRECT reason=OafxOverlapMaskで他枠の実保有を参照するため、単独枠では効果を測定不能
2026-08-25T19:32:23+00:00 RUN_START id=OAFX0729 family=sca_gj_overlap_gate window=IS run=oafx_is_oafx0729_20260826043223_b39d07
2026-08-25T19:32:24+00:00 RUN_HEARTBEAT pid=29728 elapsed=0s
2026-08-25T19:33:25+00:00 RUN_HEARTBEAT pid=29728 elapsed=62s
2026-08-25T19:34:27+00:00 RUN_HEARTBEAT pid=29728 elapsed=123s
2026-08-25T19:35:29+00:00 RUN_HEARTBEAT pid=29728 elapsed=185s
2026-08-25T19:36:30+00:00 RUN_HEARTBEAT pid=29728 elapsed=247s
2026-08-25T19:37:32+00:00 RUN_HEARTBEAT pid=29728 elapsed=308s
2026-08-25T19:38:34+00:00 RUN_END id=OAFX0729 window=IS status=OK decision=IS_SURVIVOR_STRICT elapsed=370.781s
2026-08-25T19:38:34+00:00 SKIP_BASELINE_OOS reason=existing actual measurement
2026-08-25T19:38:34+00:00 RUN_START id=OAFX0729 family=sca_gj_overlap_gate window=OOS run=oafx_oos_oafx0729_20260826043834_8607d4
2026-08-25T19:38:34+00:00 RUN_HEARTBEAT pid=26428 elapsed=0s
2026-08-25T19:39:36+00:00 RUN_HEARTBEAT pid=26428 elapsed=62s
2026-08-25T19:40:38+00:00 RUN_HEARTBEAT pid=26428 elapsed=123s
2026-08-25T19:41:39+00:00 RUN_HEARTBEAT pid=26428 elapsed=185s
2026-08-25T19:42:41+00:00 RUN_HEARTBEAT pid=26428 elapsed=247s
2026-08-25T19:43:27+00:00 RUN_END id=OAFX0729 window=OOS status=OK decision=STRICT_IMPROVEMENT elapsed=293.671s
2026-08-25T19:43:27+00:00 SCREEN_BYPASS [730/900] id=OAFX0730 route=FULLBOOK_DIRECT reason=OafxOverlapMaskで他枠の実保有を参照するため、単独枠では効果を測定不能
2026-08-25T19:43:27+00:00 RUN_START id=OAFX0730 family=sca_gj_overlap_gate window=IS run=oafx_is_oafx0730_20260826044327_2c37c3
2026-08-25T19:43:28+00:00 RUN_HEARTBEAT pid=37064 elapsed=0s
2026-08-25T19:44:30+00:00 RUN_HEARTBEAT pid=37064 elapsed=62s
2026-08-25T19:45:31+00:00 RUN_HEARTBEAT pid=37064 elapsed=123s
2026-08-25T19:46:33+00:00 RUN_HEARTBEAT pid=37064 elapsed=185s
2026-08-25T19:47:35+00:00 RUN_HEARTBEAT pid=37064 elapsed=247s
2026-08-25T19:48:36+00:00 RUN_HEARTBEAT pid=37064 elapsed=308s
2026-08-25T19:49:38+00:00 RUN_HEARTBEAT pid=37064 elapsed=370s
2026-08-25T19:49:53+00:00 RUN_END id=OAFX0730 window=IS status=OK decision=IS_SURVIVOR_STRICT elapsed=386.240s
2026-08-25T19:49:53+00:00 SKIP_BASELINE_OOS reason=existing actual measurement
2026-08-25T19:49:53+00:00 RUN_START id=OAFX0730 family=sca_gj_overlap_gate window=OOS run=oafx_oos_oafx0730_20260826044953_eb6eb6
2026-08-25T19:49:54+00:00 RUN_HEARTBEAT pid=3628 elapsed=0s
2026-08-25T19:50:56+00:00 RUN_HEARTBEAT pid=3628 elapsed=62s
2026-08-25T19:51:58+00:00 RUN_HEARTBEAT pid=3628 elapsed=123s
2026-08-25T19:52:59+00:00 RUN_HEARTBEAT pid=3628 elapsed=185s
2026-08-25T19:54:01+00:00 RUN_HEARTBEAT pid=3628 elapsed=247s
2026-08-25T19:54:47+00:00 RUN_END id=OAFX0730 window=OOS status=OK decision=STRICT_IMPROVEMENT elapsed=293.730s
2026-08-25T19:54:47+00:00 SCREEN_BYPASS [731/900] id=OAFX0731 route=FULLBOOK_DIRECT reason=OafxOverlapMaskで他枠の実保有を参照するため、単独枠では効果を測定不能
2026-08-25T19:54:47+00:00 RUN_START id=OAFX0731 family=sca_gj_overlap_gate window=IS run=oafx_is_oafx0731_20260826045447_9fa0e0
2026-08-25T19:54:48+00:00 RUN_HEARTBEAT pid=42284 elapsed=0s
2026-08-25T19:55:50+00:00 RUN_HEARTBEAT pid=42284 elapsed=62s
2026-08-25T19:56:51+00:00 RUN_HEARTBEAT pid=42284 elapsed=123s
2026-08-25T19:57:53+00:00 RUN_HEARTBEAT pid=42284 elapsed=185s
2026-08-25T19:58:55+00:00 RUN_HEARTBEAT pid=42284 elapsed=247s
2026-08-25T19:59:56+00:00 RUN_HEARTBEAT pid=42284 elapsed=308s
2026-08-25T20:00:58+00:00 RUN_END id=OAFX0731 window=IS status=OK decision=IS_REJECT elapsed=370.928s
2026-08-25T20:00:58+00:00 GATE_SKIP id=OAFX0731 window=OOS reason=IS_NOT_SURVIVOR decision=IS_REJECT net=266123.0 PF=1.4127 DD=39.3476%
2026-08-25T20:00:58+00:00 SCREEN_BYPASS [732/900] id=OAFX0732 route=FULLBOOK_DIRECT reason=OafxOverlapMaskで他枠の実保有を参照するため、単独枠では効果を測定不能
2026-08-25T20:00:58+00:00 RUN_START id=OAFX0732 family=sca_gj_overlap_gate window=IS run=oafx_is_oafx0732_20260826050058_ae5e01
2026-08-25T20:00:59+00:00 RUN_HEARTBEAT pid=31380 elapsed=0s
2026-08-25T20:02:01+00:00 RUN_HEARTBEAT pid=31380 elapsed=62s
2026-08-25T20:03:02+00:00 RUN_HEARTBEAT pid=31380 elapsed=123s
2026-08-25T20:04:04+00:00 RUN_HEARTBEAT pid=31380 elapsed=185s
2026-08-25T20:05:06+00:00 RUN_HEARTBEAT pid=31380 elapsed=247s
2026-08-25T20:06:07+00:00 RUN_HEARTBEAT pid=31380 elapsed=308s
2026-08-25T20:07:09+00:00 RUN_END id=OAFX0732 window=IS status=OK decision=IS_REJECT elapsed=370.766s
2026-08-25T20:07:09+00:00 GATE_SKIP id=OAFX0732 window=OOS reason=IS_NOT_SURVIVOR decision=IS_REJECT net=280788.0 PF=1.4212 DD=38.2392%
2026-08-25T20:07:09+00:00 SCREEN_BYPASS [733/900] id=OAFX0733 route=FULLBOOK_DIRECT reason=OafxOverlapMaskで他枠の実保有を参照するため、単独枠では効果を測定不能
2026-08-25T20:07:09+00:00 RUN_START id=OAFX0733 family=sca_gj_overlap_gate window=IS run=oafx_is_oafx0733_20260826050709_37c8c1
2026-08-25T20:07:10+00:00 RUN_HEARTBEAT pid=38300 elapsed=0s
2026-08-25T20:08:11+00:00 RUN_HEARTBEAT pid=38300 elapsed=62s
2026-08-25T20:09:13+00:00 RUN_HEARTBEAT pid=38300 elapsed=123s
2026-08-25T20:10:15+00:00 RUN_HEARTBEAT pid=38300 elapsed=185s
2026-08-25T20:11:16+00:00 RUN_HEARTBEAT pid=38300 elapsed=247s
2026-08-25T20:12:18+00:00 RUN_HEARTBEAT pid=38300 elapsed=308s
2026-08-25T20:13:20+00:00 RUN_END id=OAFX0733 window=IS status=OK decision=IS_SURVIVOR_STRICT elapsed=370.766s
2026-08-25T20:13:20+00:00 SKIP_BASELINE_OOS reason=existing actual measurement
2026-08-25T20:13:20+00:00 RUN_START id=OAFX0733 family=sca_gj_overlap_gate window=OOS run=oafx_oos_oafx0733_20260826051320_de4dd1
2026-08-25T20:13:21+00:00 RUN_HEARTBEAT pid=20104 elapsed=0s
2026-08-25T20:14:22+00:00 RUN_HEARTBEAT pid=20104 elapsed=62s
2026-08-25T20:15:24+00:00 RUN_HEARTBEAT pid=20104 elapsed=123s
2026-08-25T20:16:26+00:00 RUN_HEARTBEAT pid=20104 elapsed=185s
2026-08-25T20:17:27+00:00 RUN_HEARTBEAT pid=20104 elapsed=247s
2026-08-25T20:18:14+00:00 RUN_END id=OAFX0733 window=OOS status=OK decision=STRICT_IMPROVEMENT elapsed=293.824s
2026-08-25T20:18:14+00:00 SCREEN_BYPASS [734/900] id=OAFX0734 route=FULLBOOK_DIRECT reason=OafxOverlapMaskで他枠の実保有を参照するため、単独枠では効果を測定不能
2026-08-25T20:18:14+00:00 RUN_START id=OAFX0734 family=sca_gj_overlap_gate window=IS run=oafx_is_oafx0734_20260826051814_91c286
2026-08-25T20:18:14+00:00 RUN_HEARTBEAT pid=14680 elapsed=0s
2026-08-25T20:19:16+00:00 RUN_HEARTBEAT pid=14680 elapsed=62s
2026-08-25T20:20:18+00:00 RUN_HEARTBEAT pid=14680 elapsed=123s
2026-08-25T20:21:20+00:00 RUN_HEARTBEAT pid=14680 elapsed=185s
2026-08-25T20:22:21+00:00 RUN_HEARTBEAT pid=14680 elapsed=247s
2026-08-25T20:23:23+00:00 RUN_HEARTBEAT pid=14680 elapsed=309s
2026-08-25T20:24:25+00:00 RUN_HEARTBEAT pid=14680 elapsed=371s
2026-08-25T20:24:56+00:00 WAIT_MT5_IDLE elapsed=0s processes=metatester64.exe
2026-08-25T20:25:57+00:00 WAIT_MT5_IDLE elapsed=62s processes=metatester64.exe
2026-08-25T20:26:59+00:00 WAIT_MT5_IDLE elapsed=123s processes=metatester64.exe
2026-08-25T20:28:00+00:00 WAIT_MT5_IDLE elapsed=185s processes=metatester64.exe
2026-08-25T20:29:02+00:00 WAIT_MT5_IDLE elapsed=246s processes=metatester64.exe
2026-08-25T20:30:04+00:00 KILL_ORPHAN_TESTER orphan_seconds=308
2026-08-25T20:30:19+00:00 RUN_END id=OAFX0734 window=IS status=OK decision=IS_SURVIVOR_STRICT elapsed=725.398s
2026-08-25T20:30:19+00:00 SKIP_BASELINE_OOS reason=existing actual measurement
2026-08-25T20:30:19+00:00 RUN_START id=OAFX0734 family=sca_gj_overlap_gate window=OOS run=oafx_oos_oafx0734_20260826053019_30929e
2026-08-25T20:30:20+00:00 RUN_HEARTBEAT pid=40192 elapsed=0s
2026-08-25T20:31:21+00:00 RUN_HEARTBEAT pid=40192 elapsed=62s
2026-08-25T20:32:23+00:00 RUN_HEARTBEAT pid=40192 elapsed=123s
2026-08-25T20:33:25+00:00 RUN_HEARTBEAT pid=40192 elapsed=185s
2026-08-25T20:34:26+00:00 RUN_HEARTBEAT pid=40192 elapsed=247s
2026-08-25T20:35:13+00:00 RUN_END id=OAFX0734 window=OOS status=OK decision=STRICT_IMPROVEMENT elapsed=293.767s
2026-08-25T20:35:13+00:00 SCREEN_BYPASS [735/900] id=OAFX0735 route=FULLBOOK_DIRECT reason=OafxOverlapMaskで他枠の実保有を参照するため、単独枠では効果を測定不能
2026-08-25T20:35:13+00:00 RUN_START id=OAFX0735 family=sca_gj_overlap_gate window=IS run=oafx_is_oafx0735_20260826053513_670eab
2026-08-25T20:35:14+00:00 RUN_HEARTBEAT pid=46024 elapsed=0s
2026-08-25T20:36:15+00:00 RUN_HEARTBEAT pid=46024 elapsed=62s
2026-08-25T20:37:17+00:00 RUN_HEARTBEAT pid=46024 elapsed=123s
2026-08-25T20:38:18+00:00 RUN_HEARTBEAT pid=46024 elapsed=185s
2026-08-25T20:39:20+00:00 RUN_HEARTBEAT pid=46024 elapsed=247s
2026-08-25T20:40:22+00:00 RUN_HEARTBEAT pid=46024 elapsed=308s
2026-08-25T20:41:23+00:00 RUN_END id=OAFX0735 window=IS status=OK decision=IS_SURVIVOR_STRICT elapsed=370.788s
2026-08-25T20:41:23+00:00 SKIP_BASELINE_OOS reason=existing actual measurement
2026-08-25T20:41:23+00:00 RUN_START id=OAFX0735 family=sca_gj_overlap_gate window=OOS run=oafx_oos_oafx0735_20260826054123_9580c3
2026-08-25T20:41:24+00:00 RUN_HEARTBEAT pid=15352 elapsed=0s
2026-08-25T20:42:26+00:00 RUN_HEARTBEAT pid=15352 elapsed=62s
2026-08-25T20:43:28+00:00 RUN_HEARTBEAT pid=15352 elapsed=123s
2026-08-25T20:44:29+00:00 RUN_HEARTBEAT pid=15352 elapsed=185s
2026-08-25T20:45:31+00:00 RUN_HEARTBEAT pid=15352 elapsed=247s
2026-08-25T20:46:02+00:00 RUN_END id=OAFX0735 window=OOS status=OK decision=STRICT_IMPROVEMENT elapsed=278.143s
2026-08-25T20:46:02+00:00 SCREEN_BYPASS [736/900] id=OAFX0736 route=FULLBOOK_DIRECT reason=OafxOverlapMaskで他枠の実保有を参照するため、単独枠では効果を測定不能
2026-08-25T20:46:02+00:00 RUN_START id=OAFX0736 family=sca_gj_overlap_gate window=IS run=oafx_is_oafx0736_20260826054602_3b4b22
2026-08-25T20:46:02+00:00 RUN_HEARTBEAT pid=23164 elapsed=0s
2026-08-25T20:47:04+00:00 RUN_HEARTBEAT pid=23164 elapsed=62s
2026-08-25T20:48:06+00:00 RUN_HEARTBEAT pid=23164 elapsed=123s
2026-08-25T20:49:07+00:00 RUN_HEARTBEAT pid=23164 elapsed=185s
2026-08-25T20:50:09+00:00 RUN_HEARTBEAT pid=23164 elapsed=247s
2026-08-25T20:51:11+00:00 RUN_HEARTBEAT pid=23164 elapsed=308s
2026-08-25T20:52:12+00:00 RUN_END id=OAFX0736 window=IS status=OK decision=IS_SURVIVOR_STRICT elapsed=370.785s
2026-08-25T20:52:12+00:00 SKIP_BASELINE_OOS reason=existing actual measurement
2026-08-25T20:52:12+00:00 RUN_START id=OAFX0736 family=sca_gj_overlap_gate window=OOS run=oafx_oos_oafx0736_20260826055212_3969db
2026-08-25T20:52:13+00:00 RUN_HEARTBEAT pid=25212 elapsed=0s
2026-08-25T20:53:15+00:00 RUN_HEARTBEAT pid=25212 elapsed=62s
2026-08-25T20:54:17+00:00 RUN_HEARTBEAT pid=25212 elapsed=123s
2026-08-25T20:55:18+00:00 RUN_HEARTBEAT pid=25212 elapsed=185s
2026-08-25T20:56:20+00:00 RUN_HEARTBEAT pid=25212 elapsed=247s
2026-08-25T20:57:06+00:00 RUN_END id=OAFX0736 window=OOS status=OK decision=STRICT_IMPROVEMENT elapsed=293.808s
2026-08-25T20:57:06+00:00 SCREEN_BYPASS [737/900] id=OAFX0737 route=FULLBOOK_DIRECT reason=OafxOverlapMaskで他枠の実保有を参照するため、単独枠では効果を測定不能
2026-08-25T20:57:06+00:00 RUN_START id=OAFX0737 family=sca_gj_overlap_gate window=IS run=oafx_is_oafx0737_20260826055706_da928b
2026-08-25T20:57:07+00:00 RUN_HEARTBEAT pid=31892 elapsed=0s
2026-08-25T20:58:09+00:00 RUN_HEARTBEAT pid=31892 elapsed=62s
2026-08-25T20:59:10+00:00 RUN_HEARTBEAT pid=31892 elapsed=123s
2026-08-25T21:00:12+00:00 RUN_HEARTBEAT pid=31892 elapsed=185s
2026-08-25T21:01:14+00:00 RUN_HEARTBEAT pid=31892 elapsed=247s
2026-08-25T21:02:15+00:00 RUN_HEARTBEAT pid=31892 elapsed=308s
2026-08-25T21:03:17+00:00 RUN_END id=OAFX0737 window=IS status=OK decision=IS_SURVIVOR_STRICT elapsed=370.772s
2026-08-25T21:03:17+00:00 SKIP_BASELINE_OOS reason=existing actual measurement
2026-08-25T21:03:17+00:00 RUN_START id=OAFX0737 family=sca_gj_overlap_gate window=OOS run=oafx_oos_oafx0737_20260826060317_9bb26e
2026-08-25T21:03:18+00:00 RUN_HEARTBEAT pid=26024 elapsed=0s
2026-08-25T21:04:19+00:00 RUN_HEARTBEAT pid=26024 elapsed=62s
2026-08-25T21:05:21+00:00 RUN_HEARTBEAT pid=26024 elapsed=123s
2026-08-25T21:06:23+00:00 RUN_HEARTBEAT pid=26024 elapsed=185s
2026-08-25T21:07:24+00:00 RUN_HEARTBEAT pid=26024 elapsed=247s
2026-08-25T21:08:11+00:00 RUN_END id=OAFX0737 window=OOS status=OK decision=STRICT_IMPROVEMENT elapsed=293.732s
2026-08-25T21:08:11+00:00 SCREEN_BYPASS [738/900] id=OAFX0738 route=FULLBOOK_DIRECT reason=OafxOverlapMaskで他枠の実保有を参照するため、単独枠では効果を測定不能
2026-08-25T21:08:11+00:00 RUN_START id=OAFX0738 family=sca_gj_overlap_gate window=IS run=oafx_is_oafx0738_20260826060811_919b39
2026-08-25T21:08:12+00:00 RUN_HEARTBEAT pid=35132 elapsed=0s
2026-08-25T21:09:13+00:00 RUN_HEARTBEAT pid=35132 elapsed=62s
2026-08-25T21:10:15+00:00 RUN_HEARTBEAT pid=35132 elapsed=123s
2026-08-25T21:11:17+00:00 RUN_HEARTBEAT pid=35132 elapsed=185s
2026-08-25T21:12:18+00:00 RUN_HEARTBEAT pid=35132 elapsed=247s
2026-08-25T21:13:20+00:00 RUN_HEARTBEAT pid=35132 elapsed=308s
2026-08-25T21:14:21+00:00 RUN_END id=OAFX0738 window=IS status=OK decision=IS_SURVIVOR_STRICT elapsed=370.750s
2026-08-25T21:14:21+00:00 SKIP_BASELINE_OOS reason=existing actual measurement
2026-08-25T21:14:21+00:00 RUN_START id=OAFX0738 family=sca_gj_overlap_gate window=OOS run=oafx_oos_oafx0738_20260826061421_c225a8
2026-08-25T21:14:22+00:00 RUN_HEARTBEAT pid=43064 elapsed=0s
2026-08-25T21:15:24+00:00 RUN_HEARTBEAT pid=43064 elapsed=62s
2026-08-25T21:16:26+00:00 RUN_HEARTBEAT pid=43064 elapsed=123s
2026-08-25T21:17:27+00:00 RUN_HEARTBEAT pid=43064 elapsed=185s
2026-08-25T21:18:29+00:00 RUN_HEARTBEAT pid=43064 elapsed=247s
2026-08-25T21:19:00+00:00 RUN_END id=OAFX0738 window=OOS status=OK decision=STRICT_IMPROVEMENT elapsed=278.201s
2026-08-25T21:19:00+00:00 SCREEN_BYPASS [739/900] id=OAFX0739 route=FULLBOOK_DIRECT reason=OafxOverlapMaskで他枠の実保有を参照するため、単独枠では効果を測定不能
2026-08-25T21:19:00+00:00 RUN_START id=OAFX0739 family=sca_gj_overlap_gate window=IS run=oafx_is_oafx0739_20260826061900_d675ec
2026-08-25T21:19:01+00:00 RUN_HEARTBEAT pid=9144 elapsed=0s
2026-08-25T21:20:02+00:00 RUN_HEARTBEAT pid=9144 elapsed=62s
2026-08-25T21:21:04+00:00 RUN_HEARTBEAT pid=9144 elapsed=123s
2026-08-25T21:22:05+00:00 RUN_HEARTBEAT pid=9144 elapsed=185s
2026-08-25T21:23:07+00:00 RUN_HEARTBEAT pid=9144 elapsed=247s
2026-08-25T21:24:09+00:00 RUN_HEARTBEAT pid=9144 elapsed=308s
2026-08-25T21:25:10+00:00 RUN_END id=OAFX0739 window=IS status=OK decision=IS_SURVIVOR_STRICT elapsed=370.626s
2026-08-25T21:25:10+00:00 SKIP_BASELINE_OOS reason=existing actual measurement
2026-08-25T21:25:10+00:00 RUN_START id=OAFX0739 family=sca_gj_overlap_gate window=OOS run=oafx_oos_oafx0739_20260826062510_e71e2a
2026-08-25T21:25:11+00:00 RUN_HEARTBEAT pid=41716 elapsed=0s
2026-08-25T21:26:13+00:00 RUN_HEARTBEAT pid=41716 elapsed=62s
2026-08-25T21:27:14+00:00 RUN_HEARTBEAT pid=41716 elapsed=123s
2026-08-25T21:28:16+00:00 RUN_HEARTBEAT pid=41716 elapsed=185s
2026-08-25T21:29:18+00:00 RUN_HEARTBEAT pid=41716 elapsed=247s
2026-08-25T21:29:49+00:00 RUN_END id=OAFX0739 window=OOS status=OK decision=STRICT_IMPROVEMENT elapsed=278.245s
2026-08-25T21:29:49+00:00 SCREEN_BYPASS [740/900] id=OAFX0740 route=FULLBOOK_DIRECT reason=OafxOverlapMaskで他枠の実保有を参照するため、単独枠では効果を測定不能
2026-08-25T21:29:49+00:00 RUN_START id=OAFX0740 family=sca_gj_overlap_gate window=IS run=oafx_is_oafx0740_20260826062949_1ef807
2026-08-25T21:29:49+00:00 RUN_HEARTBEAT pid=18908 elapsed=0s
2026-08-25T21:30:51+00:00 RUN_HEARTBEAT pid=18908 elapsed=62s
2026-08-25T21:31:53+00:00 RUN_HEARTBEAT pid=18908 elapsed=123s
2026-08-25T21:32:54+00:00 RUN_HEARTBEAT pid=18908 elapsed=185s
2026-08-25T21:33:56+00:00 RUN_HEARTBEAT pid=18908 elapsed=247s
2026-08-25T21:34:58+00:00 RUN_HEARTBEAT pid=18908 elapsed=308s
2026-08-25T21:35:59+00:00 RUN_END id=OAFX0740 window=IS status=OK decision=IS_SURVIVOR_STRICT elapsed=370.806s
2026-08-25T21:35:59+00:00 SKIP_BASELINE_OOS reason=existing actual measurement
2026-08-25T21:35:59+00:00 RUN_START id=OAFX0740 family=sca_gj_overlap_gate window=OOS run=oafx_oos_oafx0740_20260826063559_38af19
2026-08-25T21:36:00+00:00 RUN_HEARTBEAT pid=42196 elapsed=0s
2026-08-25T21:37:02+00:00 RUN_HEARTBEAT pid=42196 elapsed=62s
2026-08-25T21:38:04+00:00 RUN_HEARTBEAT pid=42196 elapsed=123s
2026-08-25T21:39:05+00:00 RUN_HEARTBEAT pid=42196 elapsed=185s
2026-08-25T21:40:07+00:00 RUN_HEARTBEAT pid=42196 elapsed=247s
2026-08-25T21:40:53+00:00 RUN_END id=OAFX0740 window=OOS status=OK decision=STRICT_IMPROVEMENT elapsed=293.758s
2026-08-25T21:40:53+00:00 SCREEN_BYPASS [741/900] id=OAFX0741 route=FULLBOOK_DIRECT reason=OafxOverlapMaskで他枠の実保有を参照するため、単独枠では効果を測定不能
2026-08-25T21:40:53+00:00 RUN_START id=OAFX0741 family=sca_gj_overlap_gate window=IS run=oafx_is_oafx0741_20260826064053_adf1d1
2026-08-25T21:40:54+00:00 RUN_HEARTBEAT pid=33484 elapsed=0s
2026-08-25T21:41:56+00:00 RUN_HEARTBEAT pid=33484 elapsed=62s
2026-08-25T21:42:57+00:00 RUN_HEARTBEAT pid=33484 elapsed=123s
2026-08-25T21:43:59+00:00 RUN_HEARTBEAT pid=33484 elapsed=185s
2026-08-25T21:45:01+00:00 RUN_HEARTBEAT pid=33484 elapsed=247s
2026-08-25T21:46:02+00:00 RUN_HEARTBEAT pid=33484 elapsed=308s
2026-08-25T21:47:04+00:00 WAIT_MT5_IDLE elapsed=0s processes=metatester64.exe
2026-08-25T21:48:05+00:00 WAIT_MT5_IDLE elapsed=62s processes=metatester64.exe
2026-08-25T21:49:07+00:00 WAIT_MT5_IDLE elapsed=123s processes=metatester64.exe
2026-08-25T21:50:08+00:00 WAIT_MT5_IDLE elapsed=185s processes=metatester64.exe
2026-08-25T21:51:10+00:00 WAIT_MT5_IDLE elapsed=246s processes=metatester64.exe
2026-08-25T21:52:12+00:00 KILL_ORPHAN_TESTER orphan_seconds=308
2026-08-25T21:52:27+00:00 RUN_END id=OAFX0741 window=IS status=OK decision=IS_REJECT elapsed=693.809s
2026-08-25T21:52:27+00:00 GATE_SKIP id=OAFX0741 window=OOS reason=IS_NOT_SURVIVOR decision=IS_REJECT net=229564.0 PF=1.4334 DD=47.4934%
2026-08-25T21:52:27+00:00 SCREEN_BYPASS [742/900] id=OAFX0742 route=FULLBOOK_DIRECT reason=OafxOverlapMaskで他枠の実保有を参照するため、単独枠では効果を測定不能
2026-08-25T21:52:27+00:00 RUN_START id=OAFX0742 family=sca_gj_overlap_gate window=IS run=oafx_is_oafx0742_20260826065227_0e569a
2026-08-25T21:52:28+00:00 RUN_HEARTBEAT pid=22944 elapsed=0s
2026-08-25T21:53:29+00:00 RUN_HEARTBEAT pid=22944 elapsed=62s
2026-08-25T21:54:31+00:00 RUN_HEARTBEAT pid=22944 elapsed=123s
2026-08-25T21:55:33+00:00 RUN_HEARTBEAT pid=22944 elapsed=185s
2026-08-25T21:56:34+00:00 RUN_HEARTBEAT pid=22944 elapsed=247s
2026-08-25T21:57:36+00:00 RUN_HEARTBEAT pid=22944 elapsed=308s
2026-08-25T21:58:38+00:00 RUN_END id=OAFX0742 window=IS status=OK decision=IS_REJECT elapsed=370.809s
2026-08-25T21:58:38+00:00 GATE_SKIP id=OAFX0742 window=OOS reason=IS_NOT_SURVIVOR decision=IS_REJECT net=284647.0 PF=1.4777 DD=36.7666%
2026-08-25T21:58:38+00:00 SCREEN_BYPASS [743/900] id=OAFX0743 route=FULLBOOK_DIRECT reason=OafxOverlapMaskで他枠の実保有を参照するため、単独枠では効果を測定不能
2026-08-25T21:58:38+00:00 RUN_START id=OAFX0743 family=sca_gj_overlap_gate window=IS run=oafx_is_oafx0743_20260826065838_499855
2026-08-25T21:58:39+00:00 RUN_HEARTBEAT pid=4044 elapsed=0s
2026-08-25T21:59:40+00:00 RUN_HEARTBEAT pid=4044 elapsed=62s
2026-08-25T22:00:42+00:00 RUN_HEARTBEAT pid=4044 elapsed=123s
2026-08-25T22:01:44+00:00 RUN_HEARTBEAT pid=4044 elapsed=185s
2026-08-25T22:02:45+00:00 RUN_HEARTBEAT pid=4044 elapsed=247s
2026-08-25T22:03:47+00:00 RUN_HEARTBEAT pid=4044 elapsed=308s
2026-08-25T22:04:49+00:00 RUN_END id=OAFX0743 window=IS status=OK decision=IS_REJECT elapsed=370.854s
2026-08-25T22:04:49+00:00 GATE_SKIP id=OAFX0743 window=OOS reason=IS_NOT_SURVIVOR decision=IS_REJECT net=265360.0 PF=1.3846 DD=41.4142%
2026-08-25T22:04:49+00:00 SCREEN_BYPASS [744/900] id=OAFX0744 route=FULLBOOK_DIRECT reason=OafxOverlapMaskで他枠の実保有を参照するため、単独枠では効果を測定不能
2026-08-25T22:04:49+00:00 RUN_START id=OAFX0744 family=sca_gj_overlap_gate window=IS run=oafx_is_oafx0744_20260826070449_b60fad
2026-08-25T22:04:50+00:00 RUN_HEARTBEAT pid=29444 elapsed=0s
2026-08-25T22:05:51+00:00 RUN_HEARTBEAT pid=29444 elapsed=62s
2026-08-25T22:06:53+00:00 RUN_HEARTBEAT pid=29444 elapsed=123s
2026-08-25T22:07:55+00:00 RUN_HEARTBEAT pid=29444 elapsed=185s
2026-08-25T22:08:56+00:00 RUN_HEARTBEAT pid=29444 elapsed=247s
2026-08-25T22:09:58+00:00 RUN_HEARTBEAT pid=29444 elapsed=309s
2026-08-25T22:11:00+00:00 RUN_HEARTBEAT pid=29444 elapsed=371s
2026-08-25T22:11:16+00:00 RUN_END id=OAFX0744 window=IS status=OK decision=IS_SURVIVOR_DD elapsed=386.975s
2026-08-25T22:11:16+00:00 SKIP_BASELINE_OOS reason=existing actual measurement
2026-08-25T22:11:16+00:00 RUN_START id=OAFX0744 family=sca_gj_overlap_gate window=OOS run=oafx_oos_oafx0744_20260826071116_6a1d13
2026-08-25T22:11:17+00:00 RUN_HEARTBEAT pid=15036 elapsed=0s
2026-08-25T22:12:19+00:00 RUN_HEARTBEAT pid=15036 elapsed=62s
2026-08-25T22:13:21+00:00 RUN_HEARTBEAT pid=15036 elapsed=124s
2026-08-25T22:14:23+00:00 RUN_HEARTBEAT pid=15036 elapsed=186s
2026-08-25T22:15:25+00:00 RUN_HEARTBEAT pid=15036 elapsed=248s
2026-08-25T22:16:27+00:00 RUN_END id=OAFX0744 window=OOS status=OK decision=DD_IMPROVEMENT elapsed=311.013s
2026-08-25T22:16:27+00:00 SCREEN_BYPASS [745/900] id=OAFX0745 route=FULLBOOK_DIRECT reason=OafxOverlapMaskで他枠の実保有を参照するため、単独枠では効果を測定不能
2026-08-25T22:16:27+00:00 RUN_START id=OAFX0745 family=sca_gj_overlap_gate window=IS run=oafx_is_oafx0745_20260826071627_2072b0
2026-08-25T22:16:28+00:00 RUN_HEARTBEAT pid=21132 elapsed=0s
2026-08-25T22:17:29+00:00 RUN_HEARTBEAT pid=21132 elapsed=62s
2026-08-25T22:18:31+00:00 RUN_HEARTBEAT pid=21132 elapsed=124s
2026-08-25T22:19:33+00:00 RUN_HEARTBEAT pid=21132 elapsed=186s
2026-08-25T22:20:35+00:00 RUN_HEARTBEAT pid=21132 elapsed=248s
2026-08-25T22:21:37+00:00 RUN_HEARTBEAT pid=21132 elapsed=310s
2026-08-25T22:22:39+00:00 RUN_HEARTBEAT pid=21132 elapsed=372s
2026-08-25T22:23:10+00:00 RUN_END id=OAFX0745 window=IS status=OK decision=IS_SURVIVOR_STRICT elapsed=403.189s
2026-08-25T22:23:10+00:00 SKIP_BASELINE_OOS reason=existing actual measurement
2026-08-25T22:23:10+00:00 RUN_START id=OAFX0745 family=sca_gj_overlap_gate window=OOS run=oafx_oos_oafx0745_20260826072310_3922f4
2026-08-25T22:23:11+00:00 RUN_HEARTBEAT pid=44756 elapsed=0s
2026-08-25T22:24:12+00:00 RUN_HEARTBEAT pid=44756 elapsed=62s
2026-08-25T22:25:14+00:00 RUN_HEARTBEAT pid=44756 elapsed=123s
2026-08-25T22:26:16+00:00 RUN_HEARTBEAT pid=44756 elapsed=185s
2026-08-25T22:27:18+00:00 RUN_HEARTBEAT pid=44756 elapsed=247s
2026-08-25T22:28:04+00:00 RUN_END id=OAFX0745 window=OOS status=OK decision=STRICT_IMPROVEMENT elapsed=294.072s
2026-08-25T22:28:04+00:00 SCREEN_BYPASS [746/900] id=OAFX0746 route=FULLBOOK_DIRECT reason=OafxOverlapMaskで他枠の実保有を参照するため、単独枠では効果を測定不能
2026-08-25T22:28:04+00:00 RUN_START id=OAFX0746 family=sca_gj_overlap_gate window=IS run=oafx_is_oafx0746_20260826072804_b205c9
2026-08-25T22:28:05+00:00 RUN_HEARTBEAT pid=42932 elapsed=0s
2026-08-25T22:29:06+00:00 RUN_HEARTBEAT pid=42932 elapsed=62s
2026-08-25T22:30:08+00:00 RUN_HEARTBEAT pid=42932 elapsed=123s
2026-08-25T22:31:10+00:00 RUN_HEARTBEAT pid=42932 elapsed=185s
2026-08-25T22:32:12+00:00 RUN_HEARTBEAT pid=42932 elapsed=247s
2026-08-25T22:33:13+00:00 RUN_HEARTBEAT pid=42932 elapsed=309s
2026-08-25T22:34:15+00:00 RUN_END id=OAFX0746 window=IS status=OK decision=IS_SURVIVOR_STRICT elapsed=371.024s
2026-08-25T22:34:15+00:00 SKIP_BASELINE_OOS reason=existing actual measurement
2026-08-25T22:34:15+00:00 RUN_START id=OAFX0746 family=sca_gj_overlap_gate window=OOS run=oafx_oos_oafx0746_20260826073415_b49d44
2026-08-25T22:34:16+00:00 RUN_HEARTBEAT pid=4852 elapsed=0s
2026-08-25T22:35:17+00:00 RUN_HEARTBEAT pid=4852 elapsed=62s
2026-08-25T22:36:19+00:00 RUN_HEARTBEAT pid=4852 elapsed=123s
2026-08-25T22:37:21+00:00 RUN_HEARTBEAT pid=4852 elapsed=185s
2026-08-25T22:38:23+00:00 RUN_HEARTBEAT pid=4852 elapsed=247s
2026-08-25T22:39:09+00:00 RUN_END id=OAFX0746 window=OOS status=OK decision=STRICT_IMPROVEMENT elapsed=294.010s
2026-08-25T22:39:09+00:00 SCREEN_BYPASS [747/900] id=OAFX0747 route=FULLBOOK_DIRECT reason=OafxOverlapMaskで他枠の実保有を参照するため、単独枠では効果を測定不能
2026-08-25T22:39:09+00:00 RUN_START id=OAFX0747 family=sca_gj_overlap_gate window=IS run=oafx_is_oafx0747_20260826073909_3f865c
2026-08-25T22:39:10+00:00 RUN_HEARTBEAT pid=19196 elapsed=0s
2026-08-25T22:40:11+00:00 RUN_HEARTBEAT pid=19196 elapsed=62s
2026-08-25T22:41:13+00:00 RUN_HEARTBEAT pid=19196 elapsed=123s
2026-08-25T22:42:15+00:00 RUN_HEARTBEAT pid=19196 elapsed=185s
2026-08-25T22:43:17+00:00 RUN_HEARTBEAT pid=19196 elapsed=247s
2026-08-25T22:44:18+00:00 RUN_HEARTBEAT pid=19196 elapsed=309s
2026-08-25T22:45:20+00:00 RUN_END id=OAFX0747 window=IS status=OK decision=IS_SURVIVOR_STRICT elapsed=371.128s
2026-08-25T22:45:20+00:00 SKIP_BASELINE_OOS reason=existing actual measurement
2026-08-25T22:45:20+00:00 RUN_START id=OAFX0747 family=sca_gj_overlap_gate window=OOS run=oafx_oos_oafx0747_20260826074520_9a567d
2026-08-25T22:45:21+00:00 RUN_HEARTBEAT pid=36452 elapsed=0s
2026-08-25T22:46:23+00:00 RUN_HEARTBEAT pid=36452 elapsed=62s
2026-08-25T22:47:24+00:00 RUN_HEARTBEAT pid=36452 elapsed=123s
2026-08-25T22:48:26+00:00 RUN_HEARTBEAT pid=36452 elapsed=185s
2026-08-25T22:49:28+00:00 RUN_HEARTBEAT pid=36452 elapsed=247s
2026-08-25T22:49:59+00:00 RUN_END id=OAFX0747 window=OOS status=OK decision=STRICT_IMPROVEMENT elapsed=278.539s
2026-08-25T22:49:59+00:00 SCREEN_BYPASS [748/900] id=OAFX0748 route=FULLBOOK_DIRECT reason=OafxOverlapMaskで他枠の実保有を参照するため、単独枠では効果を測定不能
2026-08-25T22:49:59+00:00 RUN_START id=OAFX0748 family=sca_gj_overlap_gate window=IS run=oafx_is_oafx0748_20260826074959_ad06fc
2026-08-25T22:49:59+00:00 RUN_HEARTBEAT pid=32724 elapsed=0s
2026-08-25T22:51:01+00:00 RUN_HEARTBEAT pid=32724 elapsed=62s
2026-08-25T22:52:03+00:00 RUN_HEARTBEAT pid=32724 elapsed=123s
2026-08-25T22:53:04+00:00 RUN_HEARTBEAT pid=32724 elapsed=185s
2026-08-25T22:54:06+00:00 RUN_HEARTBEAT pid=32724 elapsed=247s
2026-08-25T22:55:08+00:00 RUN_HEARTBEAT pid=32724 elapsed=309s
2026-08-25T22:56:10+00:00 RUN_END id=OAFX0748 window=IS status=OK decision=IS_SURVIVOR_STRICT elapsed=371.086s
2026-08-25T22:56:10+00:00 SKIP_BASELINE_OOS reason=existing actual measurement
2026-08-25T22:56:10+00:00 RUN_START id=OAFX0748 family=sca_gj_overlap_gate window=OOS run=oafx_oos_oafx0748_20260826075610_85e9e9
2026-08-25T22:56:11+00:00 RUN_HEARTBEAT pid=16488 elapsed=0s
2026-08-25T22:57:12+00:00 RUN_HEARTBEAT pid=16488 elapsed=62s
2026-08-25T22:58:14+00:00 RUN_HEARTBEAT pid=16488 elapsed=123s
2026-08-25T22:59:16+00:00 RUN_HEARTBEAT pid=16488 elapsed=185s
2026-08-25T23:00:17+00:00 RUN_HEARTBEAT pid=16488 elapsed=247s
2026-08-25T23:00:48+00:00 RUN_END id=OAFX0748 window=OOS status=OK decision=STRICT_IMPROVEMENT elapsed=278.601s
2026-08-25T23:00:48+00:00 SCREEN_BYPASS [749/900] id=OAFX0749 route=FULLBOOK_DIRECT reason=OafxOverlapMaskで他枠の実保有を参照するため、単独枠では効果を測定不能
2026-08-25T23:00:48+00:00 RUN_START id=OAFX0749 family=sca_gj_overlap_gate window=IS run=oafx_is_oafx0749_20260826080048_4aa160
2026-08-25T23:00:49+00:00 RUN_HEARTBEAT pid=18180 elapsed=0s
2026-08-25T23:01:51+00:00 RUN_HEARTBEAT pid=18180 elapsed=62s
2026-08-25T23:02:52+00:00 RUN_HEARTBEAT pid=18180 elapsed=123s
2026-08-25T23:03:54+00:00 RUN_HEARTBEAT pid=18180 elapsed=185s
2026-08-25T23:04:56+00:00 RUN_HEARTBEAT pid=18180 elapsed=247s
2026-08-25T23:05:58+00:00 RUN_HEARTBEAT pid=18180 elapsed=309s
2026-08-25T23:06:59+00:00 RUN_HEARTBEAT pid=18180 elapsed=370s
2026-08-25T23:07:15+00:00 RUN_END id=OAFX0749 window=IS status=OK decision=IS_SURVIVOR_STRICT elapsed=386.536s
2026-08-25T23:07:15+00:00 SKIP_BASELINE_OOS reason=existing actual measurement
2026-08-25T23:07:15+00:00 RUN_START id=OAFX0749 family=sca_gj_overlap_gate window=OOS run=oafx_oos_oafx0749_20260826080715_41eec1
2026-08-25T23:07:16+00:00 RUN_HEARTBEAT pid=46976 elapsed=0s
2026-08-25T23:08:17+00:00 RUN_HEARTBEAT pid=46976 elapsed=62s
2026-08-25T23:09:19+00:00 RUN_HEARTBEAT pid=46976 elapsed=123s
2026-08-25T23:10:21+00:00 RUN_HEARTBEAT pid=46976 elapsed=185s
2026-08-25T23:11:23+00:00 RUN_HEARTBEAT pid=46976 elapsed=247s
2026-08-25T23:11:54+00:00 RUN_END id=OAFX0749 window=OOS status=OK decision=STRICT_IMPROVEMENT elapsed=278.766s
2026-08-25T23:11:54+00:00 SCREEN_BYPASS [750/900] id=OAFX0750 route=FULLBOOK_DIRECT reason=OafxOverlapMaskで他枠の実保有を参照するため、単独枠では効果を測定不能
2026-08-25T23:11:54+00:00 RUN_START id=OAFX0750 family=sca_gj_overlap_gate window=IS run=oafx_is_oafx0750_20260826081154_930b78
2026-08-25T23:11:54+00:00 RUN_HEARTBEAT pid=35436 elapsed=0s
2026-08-25T23:12:55+00:00 RUN_HEARTBEAT pid=35436 elapsed=62s
2026-08-25T23:13:57+00:00 RUN_HEARTBEAT pid=35436 elapsed=123s
2026-08-25T23:14:59+00:00 RUN_HEARTBEAT pid=35436 elapsed=185s
2026-08-25T23:16:00+00:00 RUN_HEARTBEAT pid=35436 elapsed=247s
2026-08-25T23:17:02+00:00 RUN_HEARTBEAT pid=35436 elapsed=309s
2026-08-25T23:18:04+00:00 RUN_END id=OAFX0750 window=IS status=OK decision=IS_SURVIVOR_STRICT elapsed=371.233s
2026-08-25T23:18:04+00:00 SKIP_BASELINE_OOS reason=existing actual measurement
2026-08-25T23:18:04+00:00 RUN_START id=OAFX0750 family=sca_gj_overlap_gate window=OOS run=oafx_oos_oafx0750_20260826081804_50dac1
2026-08-25T23:18:05+00:00 RUN_HEARTBEAT pid=46120 elapsed=0s
2026-08-25T23:19:06+00:00 RUN_HEARTBEAT pid=46120 elapsed=62s
2026-08-25T23:20:08+00:00 RUN_HEARTBEAT pid=46120 elapsed=123s
2026-08-25T23:21:10+00:00 RUN_HEARTBEAT pid=46120 elapsed=185s
2026-08-25T23:22:12+00:00 RUN_HEARTBEAT pid=46120 elapsed=247s
2026-08-25T23:22:58+00:00 RUN_END id=OAFX0750 window=OOS status=OK decision=STRICT_IMPROVEMENT elapsed=294.094s
2026-08-25T23:22:58+00:00 SCREEN_BYPASS [751/900] id=OAFX0751 route=FULLBOOK_DIRECT reason=OafxOverlapMaskで他枠の実保有を参照するため、単独枠では効果を測定不能
2026-08-25T23:22:58+00:00 RUN_START id=OAFX0751 family=sca_gj_overlap_gate window=IS run=oafx_is_oafx0751_20260826082258_5f0f4f
2026-08-25T23:22:59+00:00 RUN_HEARTBEAT pid=9456 elapsed=0s
2026-08-25T23:24:00+00:00 RUN_HEARTBEAT pid=9456 elapsed=62s
2026-08-25T23:25:02+00:00 RUN_HEARTBEAT pid=9456 elapsed=123s
2026-08-25T23:26:04+00:00 RUN_HEARTBEAT pid=9456 elapsed=185s
2026-08-25T23:27:05+00:00 RUN_HEARTBEAT pid=9456 elapsed=247s
2026-08-25T23:28:07+00:00 RUN_HEARTBEAT pid=9456 elapsed=308s
2026-08-25T23:28:53+00:00 RUN_END id=OAFX0751 window=IS status=OK decision=IS_REJECT_TRADEOFF elapsed=355.517s
2026-08-25T23:28:53+00:00 GATE_SKIP id=OAFX0751 window=OOS reason=IS_NOT_SURVIVOR decision=IS_REJECT_TRADEOFF net=208337.0 PF=1.5433 DD=31.2681%
2026-08-25T23:28:53+00:00 SCREEN_BYPASS [752/900] id=OAFX0752 route=FULLBOOK_DIRECT reason=OafxOverlapMaskで他枠の実保有を参照するため、単独枠では効果を測定不能
2026-08-25T23:28:53+00:00 RUN_START id=OAFX0752 family=sca_gj_overlap_gate window=IS run=oafx_is_oafx0752_20260826082853_0caa86
2026-08-25T23:28:54+00:00 RUN_HEARTBEAT pid=44904 elapsed=0s
2026-08-25T23:29:56+00:00 RUN_HEARTBEAT pid=44904 elapsed=62s
2026-08-25T23:30:58+00:00 RUN_HEARTBEAT pid=44904 elapsed=124s
2026-08-25T23:32:00+00:00 RUN_HEARTBEAT pid=44904 elapsed=185s
2026-08-25T23:33:01+00:00 RUN_HEARTBEAT pid=44904 elapsed=247s
2026-08-25T23:34:03+00:00 RUN_HEARTBEAT pid=44904 elapsed=309s
2026-08-25T23:35:05+00:00 RUN_END id=OAFX0752 window=IS status=OK decision=IS_SURVIVOR_DD elapsed=371.318s
2026-08-25T23:35:05+00:00 SKIP_BASELINE_OOS reason=existing actual measurement
2026-08-25T23:35:05+00:00 RUN_START id=OAFX0752 family=sca_gj_overlap_gate window=OOS run=oafx_oos_oafx0752_20260826083505_d19f9e
2026-08-25T23:35:06+00:00 RUN_HEARTBEAT pid=8568 elapsed=0s
2026-08-25T23:36:07+00:00 RUN_HEARTBEAT pid=8568 elapsed=62s
2026-08-25T23:37:09+00:00 RUN_HEARTBEAT pid=8568 elapsed=123s
2026-08-25T23:38:11+00:00 RUN_HEARTBEAT pid=8568 elapsed=185s
2026-08-25T23:39:12+00:00 RUN_HEARTBEAT pid=8568 elapsed=247s
2026-08-25T23:39:43+00:00 RUN_END id=OAFX0752 window=OOS status=OK decision=DD_IMPROVEMENT elapsed=278.551s
2026-08-25T23:39:43+00:00 SCREEN_BYPASS [753/900] id=OAFX0753 route=FULLBOOK_DIRECT reason=OafxOverlapMaskで他枠の実保有を参照するため、単独枠では効果を測定不能
2026-08-25T23:39:43+00:00 RUN_START id=OAFX0753 family=sca_gj_overlap_gate window=IS run=oafx_is_oafx0753_20260826083943_5a3668
2026-08-25T23:39:44+00:00 RUN_HEARTBEAT pid=41768 elapsed=0s
2026-08-25T23:40:46+00:00 RUN_HEARTBEAT pid=41768 elapsed=62s
2026-08-25T23:41:48+00:00 RUN_HEARTBEAT pid=41768 elapsed=123s
2026-08-25T23:42:49+00:00 RUN_HEARTBEAT pid=41768 elapsed=185s
2026-08-25T23:43:51+00:00 RUN_HEARTBEAT pid=41768 elapsed=247s
2026-08-25T23:44:53+00:00 RUN_HEARTBEAT pid=41768 elapsed=309s
2026-08-25T23:45:55+00:00 RUN_END id=OAFX0753 window=IS status=OK decision=IS_SURVIVOR_DD elapsed=371.339s
2026-08-25T23:45:55+00:00 SKIP_BASELINE_OOS reason=existing actual measurement
2026-08-25T23:45:55+00:00 RUN_START id=OAFX0753 family=sca_gj_overlap_gate window=OOS run=oafx_oos_oafx0753_20260826084555_6e0dc8
2026-08-25T23:45:56+00:00 RUN_HEARTBEAT pid=42552 elapsed=0s
2026-08-25T23:46:57+00:00 RUN_HEARTBEAT pid=42552 elapsed=62s
2026-08-25T23:47:59+00:00 RUN_HEARTBEAT pid=42552 elapsed=124s
2026-08-25T23:49:01+00:00 RUN_HEARTBEAT pid=42552 elapsed=185s
2026-08-25T23:50:03+00:00 RUN_HEARTBEAT pid=42552 elapsed=247s
2026-08-25T23:50:34+00:00 WAIT_MT5_IDLE elapsed=0s processes=metatester64.exe
2026-08-25T23:51:35+00:00 WAIT_MT5_IDLE elapsed=62s processes=metatester64.exe
2026-08-25T23:52:37+00:00 WAIT_MT5_IDLE elapsed=123s processes=metatester64.exe
2026-08-25T23:53:38+00:00 WAIT_MT5_IDLE elapsed=185s processes=metatester64.exe
2026-08-25T23:54:40+00:00 WAIT_MT5_IDLE elapsed=246s processes=metatester64.exe
2026-08-25T23:55:41+00:00 KILL_ORPHAN_TESTER orphan_seconds=308
2026-08-25T23:55:57+00:00 RUN_END id=OAFX0753 window=OOS status=OK decision=DD_IMPROVEMENT elapsed=602.063s
2026-08-25T23:55:57+00:00 SCREEN_BYPASS [754/900] id=OAFX0754 route=FULLBOOK_DIRECT reason=OafxOverlapMaskで他枠の実保有を参照するため、単独枠では効果を測定不能
2026-08-25T23:55:57+00:00 RUN_START id=OAFX0754 family=sca_gj_overlap_gate window=IS run=oafx_is_oafx0754_20260826085557_96d136
2026-08-25T23:55:58+00:00 RUN_HEARTBEAT pid=32816 elapsed=0s
2026-08-25T23:56:59+00:00 RUN_HEARTBEAT pid=32816 elapsed=62s
2026-08-25T23:58:01+00:00 RUN_HEARTBEAT pid=32816 elapsed=123s
2026-08-25T23:59:03+00:00 RUN_HEARTBEAT pid=32816 elapsed=185s
2026-08-26T00:00:05+00:00 RUN_HEARTBEAT pid=32816 elapsed=247s
2026-08-26T00:01:06+00:00 RUN_HEARTBEAT pid=32816 elapsed=309s
2026-08-26T00:02:08+00:00 RUN_HEARTBEAT pid=32816 elapsed=371s
2026-08-26T00:02:24+00:00 RUN_END id=OAFX0754 window=IS status=OK decision=IS_SURVIVOR_STRICT elapsed=386.869s
2026-08-26T00:02:24+00:00 SKIP_BASELINE_OOS reason=existing actual measurement
2026-08-26T00:02:24+00:00 RUN_START id=OAFX0754 family=sca_gj_overlap_gate window=OOS run=oafx_oos_oafx0754_20260826090224_247519
2026-08-26T00:02:24+00:00 RUN_HEARTBEAT pid=33716 elapsed=0s
2026-08-26T00:03:26+00:00 RUN_HEARTBEAT pid=33716 elapsed=62s
2026-08-26T00:04:28+00:00 RUN_HEARTBEAT pid=33716 elapsed=123s
2026-08-26T00:05:30+00:00 RUN_HEARTBEAT pid=33716 elapsed=185s
2026-08-26T00:06:31+00:00 RUN_HEARTBEAT pid=33716 elapsed=247s
2026-08-26T00:07:02+00:00 RUN_END id=OAFX0754 window=OOS status=OK decision=STRICT_IMPROVEMENT elapsed=278.674s
2026-08-26T00:07:02+00:00 SCREEN_BYPASS [755/900] id=OAFX0755 route=FULLBOOK_DIRECT reason=OafxOverlapMaskで他枠の実保有を参照するため、単独枠では効果を測定不能
2026-08-26T00:07:02+00:00 RUN_START id=OAFX0755 family=sca_gj_overlap_gate window=IS run=oafx_is_oafx0755_20260826090702_0420af
2026-08-26T00:07:03+00:00 RUN_HEARTBEAT pid=39188 elapsed=0s
2026-08-26T00:08:05+00:00 RUN_HEARTBEAT pid=39188 elapsed=62s
2026-08-26T00:09:07+00:00 RUN_HEARTBEAT pid=39188 elapsed=123s
2026-08-26T00:10:08+00:00 RUN_HEARTBEAT pid=39188 elapsed=185s
2026-08-26T00:11:10+00:00 RUN_HEARTBEAT pid=39188 elapsed=247s
2026-08-26T00:12:12+00:00 RUN_HEARTBEAT pid=39188 elapsed=309s
2026-08-26T00:13:14+00:00 RUN_END id=OAFX0755 window=IS status=OK decision=IS_SURVIVOR_STRICT elapsed=371.357s
2026-08-26T00:13:14+00:00 SKIP_BASELINE_OOS reason=existing actual measurement
2026-08-26T00:13:14+00:00 RUN_START id=OAFX0755 family=sca_gj_overlap_gate window=OOS run=oafx_oos_oafx0755_20260826091314_a3f989
2026-08-26T00:13:14+00:00 RUN_HEARTBEAT pid=40056 elapsed=0s
2026-08-26T00:14:16+00:00 RUN_HEARTBEAT pid=40056 elapsed=62s
2026-08-26T00:15:18+00:00 RUN_HEARTBEAT pid=40056 elapsed=123s
2026-08-26T00:16:20+00:00 RUN_HEARTBEAT pid=40056 elapsed=185s
2026-08-26T00:17:21+00:00 RUN_HEARTBEAT pid=40056 elapsed=247s
2026-08-26T00:17:52+00:00 RUN_END id=OAFX0755 window=OOS status=OK decision=STRICT_IMPROVEMENT elapsed=278.666s
2026-08-26T00:17:52+00:00 SCREEN_BYPASS [756/900] id=OAFX0756 route=FULLBOOK_DIRECT reason=OafxOverlapMaskで他枠の実保有を参照するため、単独枠では効果を測定不能
2026-08-26T00:17:52+00:00 RUN_START id=OAFX0756 family=sca_gj_overlap_gate window=IS run=oafx_is_oafx0756_20260826091752_ebc96b
2026-08-26T00:17:53+00:00 RUN_HEARTBEAT pid=32988 elapsed=0s
2026-08-26T00:18:55+00:00 RUN_HEARTBEAT pid=32988 elapsed=62s
2026-08-26T00:19:56+00:00 RUN_HEARTBEAT pid=32988 elapsed=123s
2026-08-26T00:20:58+00:00 RUN_HEARTBEAT pid=32988 elapsed=185s
2026-08-26T00:22:00+00:00 RUN_HEARTBEAT pid=32988 elapsed=247s
2026-08-26T00:23:02+00:00 RUN_HEARTBEAT pid=32988 elapsed=309s
2026-08-26T00:24:03+00:00 RUN_END id=OAFX0756 window=IS status=OK decision=IS_SURVIVOR_STRICT elapsed=371.160s
2026-08-26T00:24:03+00:00 SKIP_BASELINE_OOS reason=existing actual measurement
2026-08-26T00:24:03+00:00 RUN_START id=OAFX0756 family=sca_gj_overlap_gate window=OOS run=oafx_oos_oafx0756_20260826092403_187e69
2026-08-26T00:24:04+00:00 RUN_HEARTBEAT pid=44780 elapsed=0s
2026-08-26T00:25:06+00:00 RUN_HEARTBEAT pid=44780 elapsed=62s
2026-08-26T00:26:08+00:00 RUN_HEARTBEAT pid=44780 elapsed=123s
2026-08-26T00:27:09+00:00 RUN_HEARTBEAT pid=44780 elapsed=185s
2026-08-26T00:28:11+00:00 RUN_HEARTBEAT pid=44780 elapsed=247s
2026-08-26T00:28:42+00:00 RUN_END id=OAFX0756 window=OOS status=OK decision=STRICT_IMPROVEMENT elapsed=278.625s
2026-08-26T00:28:42+00:00 SCREEN_BYPASS [757/900] id=OAFX0757 route=FULLBOOK_DIRECT reason=OafxOverlapMaskで他枠の実保有を参照するため、単独枠では効果を測定不能
2026-08-26T00:28:42+00:00 RUN_START id=OAFX0757 family=sca_gj_overlap_gate window=IS run=oafx_is_oafx0757_20260826092842_938b66
2026-08-26T00:28:43+00:00 RUN_HEARTBEAT pid=36488 elapsed=0s
2026-08-26T00:29:45+00:00 RUN_HEARTBEAT pid=36488 elapsed=62s
2026-08-26T00:30:46+00:00 RUN_HEARTBEAT pid=36488 elapsed=123s
2026-08-26T00:31:48+00:00 RUN_HEARTBEAT pid=36488 elapsed=185s
2026-08-26T00:32:50+00:00 RUN_HEARTBEAT pid=36488 elapsed=247s
2026-08-26T00:33:51+00:00 RUN_HEARTBEAT pid=36488 elapsed=309s
2026-08-26T00:34:53+00:00 RUN_END id=OAFX0757 window=IS status=OK decision=IS_SURVIVOR_STRICT elapsed=371.001s
2026-08-26T00:34:53+00:00 SKIP_BASELINE_OOS reason=existing actual measurement
2026-08-26T00:34:53+00:00 RUN_START id=OAFX0757 family=sca_gj_overlap_gate window=OOS run=oafx_oos_oafx0757_20260826093453_2226c9
2026-08-26T00:34:54+00:00 RUN_HEARTBEAT pid=44832 elapsed=0s
2026-08-26T00:35:56+00:00 RUN_HEARTBEAT pid=44832 elapsed=62s
2026-08-26T00:36:58+00:00 RUN_HEARTBEAT pid=44832 elapsed=124s
2026-08-26T00:37:59+00:00 RUN_HEARTBEAT pid=44832 elapsed=185s
2026-08-26T00:39:01+00:00 RUN_HEARTBEAT pid=44832 elapsed=247s
2026-08-26T00:39:32+00:00 RUN_END id=OAFX0757 window=OOS status=OK decision=STRICT_IMPROVEMENT elapsed=278.839s
2026-08-26T00:39:32+00:00 SCREEN_BYPASS [758/900] id=OAFX0758 route=FULLBOOK_DIRECT reason=OafxOverlapMaskで他枠の実保有を参照するため、単独枠では効果を測定不能
2026-08-26T00:39:32+00:00 RUN_START id=OAFX0758 family=sca_gj_overlap_gate window=IS run=oafx_is_oafx0758_20260826093932_ee57b0
2026-08-26T00:39:33+00:00 RUN_HEARTBEAT pid=6792 elapsed=0s
2026-08-26T00:40:35+00:00 RUN_HEARTBEAT pid=6792 elapsed=62s
2026-08-26T00:41:36+00:00 RUN_HEARTBEAT pid=6792 elapsed=124s
2026-08-26T00:42:38+00:00 RUN_HEARTBEAT pid=6792 elapsed=185s
2026-08-26T00:43:40+00:00 RUN_HEARTBEAT pid=6792 elapsed=247s
2026-08-26T00:44:42+00:00 RUN_HEARTBEAT pid=6792 elapsed=309s
2026-08-26T00:45:43+00:00 RUN_END id=OAFX0758 window=IS status=OK decision=IS_SURVIVOR_STRICT elapsed=371.499s
2026-08-26T00:45:43+00:00 SKIP_BASELINE_OOS reason=existing actual measurement
2026-08-26T00:45:43+00:00 RUN_START id=OAFX0758 family=sca_gj_overlap_gate window=OOS run=oafx_oos_oafx0758_20260826094543_7a06ea
2026-08-26T00:45:44+00:00 RUN_HEARTBEAT pid=44844 elapsed=0s
2026-08-26T00:46:46+00:00 RUN_HEARTBEAT pid=44844 elapsed=62s
2026-08-26T00:47:48+00:00 RUN_HEARTBEAT pid=44844 elapsed=123s
2026-08-26T00:48:49+00:00 RUN_HEARTBEAT pid=44844 elapsed=185s
2026-08-26T00:49:51+00:00 RUN_HEARTBEAT pid=44844 elapsed=247s
2026-08-26T00:50:37+00:00 RUN_END id=OAFX0758 window=OOS status=OK decision=STRICT_IMPROVEMENT elapsed=293.974s
2026-08-26T00:50:37+00:00 SCREEN_BYPASS [759/900] id=OAFX0759 route=FULLBOOK_DIRECT reason=OafxOverlapMaskで他枠の実保有を参照するため、単独枠では効果を測定不能
2026-08-26T00:50:37+00:00 RUN_START id=OAFX0759 family=sca_gj_overlap_gate window=IS run=oafx_is_oafx0759_20260826095037_76eeaa
2026-08-26T00:50:38+00:00 RUN_HEARTBEAT pid=28028 elapsed=0s
2026-08-26T00:51:40+00:00 RUN_HEARTBEAT pid=28028 elapsed=62s
2026-08-26T00:52:42+00:00 RUN_HEARTBEAT pid=28028 elapsed=123s
2026-08-26T00:53:44+00:00 RUN_HEARTBEAT pid=28028 elapsed=185s
2026-08-26T00:54:45+00:00 RUN_HEARTBEAT pid=28028 elapsed=247s
2026-08-26T00:55:47+00:00 RUN_HEARTBEAT pid=28028 elapsed=309s
2026-08-26T00:56:49+00:00 RUN_HEARTBEAT pid=28028 elapsed=371s
2026-08-26T00:57:04+00:00 RUN_END id=OAFX0759 window=IS status=OK decision=IS_SURVIVOR_STRICT elapsed=386.803s
2026-08-26T00:57:04+00:00 SKIP_BASELINE_OOS reason=existing actual measurement
2026-08-26T00:57:04+00:00 RUN_START id=OAFX0759 family=sca_gj_overlap_gate window=OOS run=oafx_oos_oafx0759_20260826095704_b747ce
2026-08-26T00:57:05+00:00 RUN_HEARTBEAT pid=42348 elapsed=0s
2026-08-26T00:58:07+00:00 RUN_HEARTBEAT pid=42348 elapsed=62s
2026-08-26T00:59:08+00:00 RUN_HEARTBEAT pid=42348 elapsed=123s
2026-08-26T01:00:10+00:00 RUN_HEARTBEAT pid=42348 elapsed=185s
2026-08-26T01:01:12+00:00 RUN_HEARTBEAT pid=42348 elapsed=247s
2026-08-26T01:01:58+00:00 RUN_END id=OAFX0759 window=OOS status=OK decision=STRICT_IMPROVEMENT elapsed=294.000s
2026-08-26T01:01:58+00:00 SCREEN_BYPASS [760/900] id=OAFX0760 route=FULLBOOK_DIRECT reason=OafxOverlapMaskで他枠の実保有を参照するため、単独枠では効果を測定不能
2026-08-26T01:01:58+00:00 RUN_START id=OAFX0760 family=sca_gj_overlap_gate window=IS run=oafx_is_oafx0760_20260826100158_838b46
2026-08-26T01:01:59+00:00 RUN_HEARTBEAT pid=9524 elapsed=0s
2026-08-26T01:03:01+00:00 RUN_HEARTBEAT pid=9524 elapsed=62s
2026-08-26T01:04:03+00:00 RUN_HEARTBEAT pid=9524 elapsed=123s
2026-08-26T01:05:04+00:00 RUN_HEARTBEAT pid=9524 elapsed=185s
2026-08-26T01:06:06+00:00 RUN_HEARTBEAT pid=9524 elapsed=247s
2026-08-26T01:07:08+00:00 RUN_HEARTBEAT pid=9524 elapsed=309s
2026-08-26T01:08:09+00:00 RUN_END id=OAFX0760 window=IS status=OK decision=IS_SURVIVOR_STRICT elapsed=371.074s
2026-08-26T01:08:09+00:00 SKIP_BASELINE_OOS reason=existing actual measurement
2026-08-26T01:08:09+00:00 RUN_START id=OAFX0760 family=sca_gj_overlap_gate window=OOS run=oafx_oos_oafx0760_20260826100809_25373a
2026-08-26T01:08:10+00:00 RUN_HEARTBEAT pid=44904 elapsed=0s
2026-08-26T01:09:12+00:00 RUN_HEARTBEAT pid=44904 elapsed=62s
2026-08-26T01:10:14+00:00 RUN_HEARTBEAT pid=44904 elapsed=124s
2026-08-26T01:11:16+00:00 RUN_HEARTBEAT pid=44904 elapsed=185s
2026-08-26T01:12:17+00:00 RUN_HEARTBEAT pid=44904 elapsed=247s
2026-08-26T01:12:48+00:00 RUN_END id=OAFX0760 window=OOS status=OK decision=STRICT_IMPROVEMENT elapsed=278.862s
2026-08-26T01:12:48+00:00 SCREEN_BYPASS [761/900] id=OAFX0761 route=FULLBOOK_DIRECT reason=OafxOverlapMaskで他枠の実保有を参照するため、単独枠では効果を測定不能
2026-08-26T01:12:48+00:00 RUN_START id=OAFX0761 family=sca_gj_overlap_gate window=IS run=oafx_is_oafx0761_20260826101248_565a53
2026-08-26T01:12:49+00:00 RUN_HEARTBEAT pid=33092 elapsed=0s
2026-08-26T01:13:51+00:00 RUN_HEARTBEAT pid=33092 elapsed=62s
2026-08-26T01:14:52+00:00 RUN_HEARTBEAT pid=33092 elapsed=123s
2026-08-26T01:15:54+00:00 RUN_HEARTBEAT pid=33092 elapsed=185s
2026-08-26T01:16:56+00:00 RUN_HEARTBEAT pid=33092 elapsed=247s
2026-08-26T01:17:58+00:00 RUN_HEARTBEAT pid=33092 elapsed=309s
2026-08-26T01:18:59+00:00 RUN_END id=OAFX0761 window=IS status=OK decision=IS_REJECT elapsed=371.104s
2026-08-26T01:18:59+00:00 GATE_SKIP id=OAFX0761 window=OOS reason=IS_NOT_SURVIVOR decision=IS_REJECT net=244290.0 PF=1.4198 DD=47.7628%
2026-08-26T01:18:59+00:00 SCREEN_BYPASS [762/900] id=OAFX0762 route=FULLBOOK_DIRECT reason=OafxOverlapMaskで他枠の実保有を参照するため、単独枠では効果を測定不能
2026-08-26T01:18:59+00:00 RUN_START id=OAFX0762 family=sca_gj_overlap_gate window=IS run=oafx_is_oafx0762_20260826101859_7221eb
2026-08-26T01:19:00+00:00 RUN_HEARTBEAT pid=26492 elapsed=0s
2026-08-26T01:20:02+00:00 RUN_HEARTBEAT pid=26492 elapsed=62s
2026-08-26T01:21:04+00:00 RUN_HEARTBEAT pid=26492 elapsed=124s
2026-08-26T01:22:05+00:00 RUN_HEARTBEAT pid=26492 elapsed=185s
2026-08-26T01:23:07+00:00 RUN_HEARTBEAT pid=26492 elapsed=247s
2026-08-26T01:24:09+00:00 RUN_HEARTBEAT pid=26492 elapsed=309s
2026-08-26T01:25:11+00:00 RUN_END id=OAFX0762 window=IS status=OK decision=IS_REJECT elapsed=371.348s
2026-08-26T01:25:11+00:00 GATE_SKIP id=OAFX0762 window=OOS reason=IS_NOT_SURVIVOR decision=IS_REJECT net=275405.0 PF=1.4417 DD=36.4741%
2026-08-26T01:25:11+00:00 SCREEN_BYPASS [763/900] id=OAFX0763 route=FULLBOOK_DIRECT reason=OafxOverlapMaskで他枠の実保有を参照するため、単独枠では効果を測定不能
2026-08-26T01:25:11+00:00 RUN_START id=OAFX0763 family=sca_gj_overlap_gate window=IS run=oafx_is_oafx0763_20260826102511_8eaa72
2026-08-26T01:25:11+00:00 RUN_HEARTBEAT pid=42140 elapsed=0s
2026-08-26T01:26:13+00:00 RUN_HEARTBEAT pid=42140 elapsed=62s
2026-08-26T01:27:15+00:00 RUN_HEARTBEAT pid=42140 elapsed=123s
2026-08-26T01:28:17+00:00 RUN_HEARTBEAT pid=42140 elapsed=185s
2026-08-26T01:29:18+00:00 RUN_HEARTBEAT pid=42140 elapsed=247s
2026-08-26T01:30:20+00:00 RUN_HEARTBEAT pid=42140 elapsed=309s
2026-08-26T01:31:22+00:00 RUN_END id=OAFX0763 window=IS status=OK decision=IS_SURVIVOR_DD elapsed=371.427s
2026-08-26T01:31:22+00:00 SKIP_BASELINE_OOS reason=existing actual measurement
2026-08-26T01:31:22+00:00 RUN_START id=OAFX0763 family=sca_gj_overlap_gate window=OOS run=oafx_oos_oafx0763_20260826103122_82b51f
2026-08-26T01:31:23+00:00 RUN_HEARTBEAT pid=32628 elapsed=0s
2026-08-26T01:32:25+00:00 RUN_HEARTBEAT pid=32628 elapsed=62s
2026-08-26T01:33:26+00:00 RUN_HEARTBEAT pid=32628 elapsed=123s
2026-08-26T01:34:28+00:00 RUN_HEARTBEAT pid=32628 elapsed=185s
2026-08-26T01:35:30+00:00 RUN_HEARTBEAT pid=32628 elapsed=247s
2026-08-26T01:36:19+00:00 RUN_END id=OAFX0763 window=OOS status=OK decision=DD_IMPROVEMENT elapsed=296.747s
2026-08-26T01:36:19+00:00 SCREEN_BYPASS [764/900] id=OAFX0764 route=FULLBOOK_DIRECT reason=OafxOverlapMaskで他枠の実保有を参照するため、単独枠では効果を測定不能
2026-08-26T01:36:19+00:00 RUN_START id=OAFX0764 family=sca_gj_overlap_gate window=IS run=oafx_is_oafx0764_20260826103619_5ef1a7
2026-08-26T01:36:20+00:00 RUN_HEARTBEAT pid=45648 elapsed=0s
2026-08-26T01:37:21+00:00 RUN_HEARTBEAT pid=45648 elapsed=62s
2026-08-26T01:38:23+00:00 RUN_HEARTBEAT pid=45648 elapsed=123s
2026-08-26T01:39:25+00:00 RUN_HEARTBEAT pid=45648 elapsed=185s
2026-08-26T01:40:27+00:00 RUN_HEARTBEAT pid=45648 elapsed=247s
2026-08-26T01:41:28+00:00 RUN_HEARTBEAT pid=45648 elapsed=309s
2026-08-26T01:42:30+00:00 WAIT_MT5_IDLE elapsed=0s processes=metatester64.exe
2026-08-26T01:43:32+00:00 WAIT_MT5_IDLE elapsed=62s processes=metatester64.exe
2026-08-26T01:44:33+00:00 WAIT_MT5_IDLE elapsed=123s processes=metatester64.exe
2026-08-26T01:45:35+00:00 WAIT_MT5_IDLE elapsed=185s processes=metatester64.exe
2026-08-26T01:46:36+00:00 WAIT_MT5_IDLE elapsed=246s processes=metatester64.exe
2026-08-26T01:47:38+00:00 KILL_ORPHAN_TESTER orphan_seconds=308
2026-08-26T01:47:53+00:00 RUN_END id=OAFX0764 window=IS status=OK decision=IS_SURVIVOR_DD elapsed=694.219s
2026-08-26T01:47:53+00:00 SKIP_BASELINE_OOS reason=existing actual measurement
2026-08-26T01:47:53+00:00 RUN_START id=OAFX0764 family=sca_gj_overlap_gate window=OOS run=oafx_oos_oafx0764_20260826104753_7da493
2026-08-26T01:47:54+00:00 RUN_HEARTBEAT pid=46680 elapsed=0s
2026-08-26T01:48:56+00:00 RUN_HEARTBEAT pid=46680 elapsed=62s
2026-08-26T01:49:57+00:00 RUN_HEARTBEAT pid=46680 elapsed=123s
2026-08-26T01:50:59+00:00 RUN_HEARTBEAT pid=46680 elapsed=185s
2026-08-26T01:52:01+00:00 RUN_HEARTBEAT pid=46680 elapsed=247s
2026-08-26T01:52:47+00:00 RUN_END id=OAFX0764 window=OOS status=OK decision=DD_IMPROVEMENT elapsed=294.017s
2026-08-26T01:52:47+00:00 SCREEN_BYPASS [765/900] id=OAFX0765 route=FULLBOOK_DIRECT reason=OafxOverlapMaskで他枠の実保有を参照するため、単独枠では効果を測定不能
2026-08-26T01:52:47+00:00 RUN_START id=OAFX0765 family=sca_gj_overlap_gate window=IS run=oafx_is_oafx0765_20260826105247_3d6bae
2026-08-26T01:52:48+00:00 RUN_HEARTBEAT pid=20152 elapsed=0s
2026-08-26T01:53:50+00:00 RUN_HEARTBEAT pid=20152 elapsed=62s
2026-08-26T01:54:51+00:00 RUN_HEARTBEAT pid=20152 elapsed=123s
2026-08-26T01:55:53+00:00 RUN_HEARTBEAT pid=20152 elapsed=185s
2026-08-26T01:56:55+00:00 RUN_HEARTBEAT pid=20152 elapsed=247s
2026-08-26T01:57:57+00:00 RUN_HEARTBEAT pid=20152 elapsed=309s
2026-08-26T01:58:58+00:00 RUN_HEARTBEAT pid=20152 elapsed=370s
2026-08-26T01:59:14+00:00 RUN_END id=OAFX0765 window=IS status=OK decision=IS_SURVIVOR_STRICT elapsed=386.769s
2026-08-26T01:59:14+00:00 SKIP_BASELINE_OOS reason=existing actual measurement
2026-08-26T01:59:14+00:00 RUN_START id=OAFX0765 family=sca_gj_overlap_gate window=OOS run=oafx_oos_oafx0765_20260826105914_21551a
2026-08-26T01:59:15+00:00 RUN_HEARTBEAT pid=2964 elapsed=0s
2026-08-26T02:00:16+00:00 RUN_HEARTBEAT pid=2964 elapsed=62s
2026-08-26T02:01:18+00:00 RUN_HEARTBEAT pid=2964 elapsed=123s
2026-08-26T02:02:20+00:00 RUN_HEARTBEAT pid=2964 elapsed=185s
2026-08-26T02:03:22+00:00 RUN_HEARTBEAT pid=2964 elapsed=247s
2026-08-26T02:04:08+00:00 RUN_END id=OAFX0765 window=OOS status=OK decision=STRICT_IMPROVEMENT elapsed=294.032s
2026-08-26T02:04:08+00:00 SCREEN_BYPASS [766/900] id=OAFX0766 route=FULLBOOK_DIRECT reason=OafxOverlapMaskで他枠の実保有を参照するため、単独枠では効果を測定不能
2026-08-26T02:04:08+00:00 RUN_START id=OAFX0766 family=sca_gj_overlap_gate window=IS run=oafx_is_oafx0766_20260826110408_3cf77d
2026-08-26T02:04:09+00:00 RUN_HEARTBEAT pid=5724 elapsed=0s
2026-08-26T02:05:10+00:00 RUN_HEARTBEAT pid=5724 elapsed=62s
2026-08-26T02:06:12+00:00 RUN_HEARTBEAT pid=5724 elapsed=123s
2026-08-26T02:07:14+00:00 RUN_HEARTBEAT pid=5724 elapsed=185s
2026-08-26T02:08:16+00:00 RUN_HEARTBEAT pid=5724 elapsed=247s
2026-08-26T02:09:18+00:00 RUN_HEARTBEAT pid=5724 elapsed=309s
2026-08-26T02:10:19+00:00 RUN_HEARTBEAT pid=5724 elapsed=371s
2026-08-26T02:10:35+00:00 RUN_END id=OAFX0766 window=IS status=OK decision=IS_SURVIVOR_STRICT elapsed=387.000s
2026-08-26T02:10:35+00:00 SKIP_BASELINE_OOS reason=existing actual measurement
2026-08-26T02:10:35+00:00 RUN_START id=OAFX0766 family=sca_gj_overlap_gate window=OOS run=oafx_oos_oafx0766_20260826111035_2ca44e
2026-08-26T02:10:36+00:00 RUN_HEARTBEAT pid=46680 elapsed=0s
2026-08-26T02:11:37+00:00 RUN_HEARTBEAT pid=46680 elapsed=62s
2026-08-26T02:12:39+00:00 RUN_HEARTBEAT pid=46680 elapsed=124s
2026-08-26T02:13:41+00:00 RUN_HEARTBEAT pid=46680 elapsed=185s
2026-08-26T02:14:43+00:00 RUN_HEARTBEAT pid=46680 elapsed=247s
2026-08-26T02:15:29+00:00 RUN_END id=OAFX0766 window=OOS status=OK decision=STRICT_IMPROVEMENT elapsed=294.301s
2026-08-26T02:15:29+00:00 SCREEN_BYPASS [767/900] id=OAFX0767 route=FULLBOOK_DIRECT reason=OafxOverlapMaskで他枠の実保有を参照するため、単独枠では効果を測定不能
2026-08-26T02:15:29+00:00 RUN_START id=OAFX0767 family=sca_gj_overlap_gate window=IS run=oafx_is_oafx0767_20260826111529_80df97
2026-08-26T02:15:30+00:00 RUN_HEARTBEAT pid=23188 elapsed=0s
2026-08-26T02:16:43+00:00 RUN_HEARTBEAT pid=23188 elapsed=73s
2026-08-26T02:17:45+00:00 RUN_HEARTBEAT pid=23188 elapsed=135s
2026-08-26T02:18:47+00:00 RUN_HEARTBEAT pid=23188 elapsed=197s
2026-08-26T02:19:49+00:00 RUN_HEARTBEAT pid=23188 elapsed=258s
2026-08-26T02:20:50+00:00 RUN_HEARTBEAT pid=23188 elapsed=320s
2026-08-26T02:21:52+00:00 RUN_HEARTBEAT pid=23188 elapsed=382s
2026-08-26T02:22:23+00:00 RUN_END id=OAFX0767 window=IS status=OK decision=IS_SURVIVOR_STRICT elapsed=413.639s
2026-08-26T02:22:23+00:00 SKIP_BASELINE_OOS reason=existing actual measurement
2026-08-26T02:22:23+00:00 RUN_START id=OAFX0767 family=sca_gj_overlap_gate window=OOS run=oafx_oos_oafx0767_20260826112223_78d93c
2026-08-26T02:22:24+00:00 RUN_HEARTBEAT pid=6060 elapsed=0s
2026-08-26T02:23:25+00:00 RUN_HEARTBEAT pid=6060 elapsed=62s
2026-08-26T02:24:27+00:00 RUN_HEARTBEAT pid=6060 elapsed=123s
2026-08-26T02:25:29+00:00 RUN_HEARTBEAT pid=6060 elapsed=185s
2026-08-26T02:26:31+00:00 RUN_HEARTBEAT pid=6060 elapsed=247s
2026-08-26T02:27:17+00:00 RUN_END id=OAFX0767 window=OOS status=OK decision=STRICT_IMPROVEMENT elapsed=294.072s
2026-08-26T02:27:17+00:00 SCREEN_BYPASS [768/900] id=OAFX0768 route=FULLBOOK_DIRECT reason=OafxOverlapMaskで他枠の実保有を参照するため、単独枠では効果を測定不能
2026-08-26T02:27:17+00:00 RUN_START id=OAFX0768 family=sca_gj_overlap_gate window=IS run=oafx_is_oafx0768_20260826112717_1b74da
2026-08-26T02:27:18+00:00 RUN_HEARTBEAT pid=44816 elapsed=0s
2026-08-26T02:28:19+00:00 RUN_HEARTBEAT pid=44816 elapsed=62s
2026-08-26T02:29:21+00:00 RUN_HEARTBEAT pid=44816 elapsed=123s
2026-08-26T02:30:23+00:00 RUN_HEARTBEAT pid=44816 elapsed=185s
2026-08-26T02:31:24+00:00 RUN_HEARTBEAT pid=44816 elapsed=247s
2026-08-26T02:32:26+00:00 RUN_HEARTBEAT pid=44816 elapsed=308s
2026-08-26T02:33:28+00:00 RUN_END id=OAFX0768 window=IS status=OK decision=IS_SURVIVOR_STRICT elapsed=371.058s
2026-08-26T02:33:28+00:00 SKIP_BASELINE_OOS reason=existing actual measurement
2026-08-26T02:33:28+00:00 RUN_START id=OAFX0768 family=sca_gj_overlap_gate window=OOS run=oafx_oos_oafx0768_20260826113328_41d24f
2026-08-26T02:33:29+00:00 RUN_HEARTBEAT pid=14380 elapsed=0s
2026-08-26T02:34:31+00:00 RUN_HEARTBEAT pid=14380 elapsed=62s
2026-08-26T02:35:32+00:00 RUN_HEARTBEAT pid=14380 elapsed=123s
2026-08-26T02:36:34+00:00 RUN_HEARTBEAT pid=14380 elapsed=185s
2026-08-26T02:37:36+00:00 RUN_HEARTBEAT pid=14380 elapsed=247s
2026-08-26T02:38:22+00:00 RUN_END id=OAFX0768 window=OOS status=OK decision=STRICT_IMPROVEMENT elapsed=293.965s
2026-08-26T02:38:22+00:00 SCREEN_BYPASS [769/900] id=OAFX0769 route=FULLBOOK_DIRECT reason=OafxOverlapMaskで他枠の実保有を参照するため、単独枠では効果を測定不能
2026-08-26T02:38:22+00:00 RUN_START id=OAFX0769 family=sca_gj_overlap_gate window=IS run=oafx_is_oafx0769_20260826113822_3de877
2026-08-26T02:38:23+00:00 RUN_HEARTBEAT pid=37356 elapsed=0s
2026-08-26T02:39:25+00:00 RUN_HEARTBEAT pid=37356 elapsed=62s
2026-08-26T02:40:26+00:00 RUN_HEARTBEAT pid=37356 elapsed=123s
2026-08-26T02:41:28+00:00 RUN_HEARTBEAT pid=37356 elapsed=185s
2026-08-26T02:42:30+00:00 RUN_HEARTBEAT pid=37356 elapsed=247s
2026-08-26T02:43:32+00:00 RUN_HEARTBEAT pid=37356 elapsed=309s
2026-08-26T02:44:33+00:00 RUN_HEARTBEAT pid=37356 elapsed=370s
2026-08-26T02:44:49+00:00 RUN_END id=OAFX0769 window=IS status=OK decision=IS_SURVIVOR_STRICT elapsed=386.706s
2026-08-26T02:44:49+00:00 SKIP_BASELINE_OOS reason=existing actual measurement
2026-08-26T02:44:49+00:00 RUN_START id=OAFX0769 family=sca_gj_overlap_gate window=OOS run=oafx_oos_oafx0769_20260826114449_ab3db6
2026-08-26T02:44:49+00:00 RUN_HEARTBEAT pid=33092 elapsed=0s
2026-08-26T02:45:51+00:00 RUN_HEARTBEAT pid=33092 elapsed=62s
2026-08-26T02:46:53+00:00 RUN_HEARTBEAT pid=33092 elapsed=123s
2026-08-26T02:47:55+00:00 RUN_HEARTBEAT pid=33092 elapsed=185s
2026-08-26T02:48:56+00:00 RUN_HEARTBEAT pid=33092 elapsed=247s
2026-08-26T02:49:43+00:00 RUN_END id=OAFX0769 window=OOS status=OK decision=STRICT_IMPROVEMENT elapsed=294.251s
2026-08-26T02:49:43+00:00 SCREEN_BYPASS [770/900] id=OAFX0770 route=FULLBOOK_DIRECT reason=OafxOverlapMaskで他枠の実保有を参照するため、単独枠では効果を測定不能
2026-08-26T02:49:43+00:00 RUN_START id=OAFX0770 family=sca_gj_overlap_gate window=IS run=oafx_is_oafx0770_20260826114943_68e9ce
2026-08-26T02:49:44+00:00 RUN_HEARTBEAT pid=39600 elapsed=0s
2026-08-26T02:50:45+00:00 RUN_HEARTBEAT pid=39600 elapsed=62s
2026-08-26T02:51:47+00:00 RUN_HEARTBEAT pid=39600 elapsed=123s
2026-08-26T02:52:49+00:00 RUN_HEARTBEAT pid=39600 elapsed=185s
2026-08-26T02:53:50+00:00 RUN_HEARTBEAT pid=39600 elapsed=247s
2026-08-26T02:54:52+00:00 RUN_HEARTBEAT pid=39600 elapsed=308s
2026-08-26T02:55:54+00:00 RUN_HEARTBEAT pid=39600 elapsed=370s
2026-08-26T02:56:09+00:00 RUN_END id=OAFX0770 window=IS status=OK decision=IS_SURVIVOR_STRICT elapsed=386.481s
2026-08-26T02:56:09+00:00 SKIP_BASELINE_OOS reason=existing actual measurement
2026-08-26T02:56:09+00:00 RUN_START id=OAFX0770 family=sca_gj_overlap_gate window=OOS run=oafx_oos_oafx0770_20260826115609_29bfe5
2026-08-26T02:56:10+00:00 RUN_HEARTBEAT pid=42848 elapsed=0s
2026-08-26T02:57:12+00:00 RUN_HEARTBEAT pid=42848 elapsed=62s
2026-08-26T02:58:14+00:00 RUN_HEARTBEAT pid=42848 elapsed=123s
2026-08-26T02:59:15+00:00 RUN_HEARTBEAT pid=42848 elapsed=185s
2026-08-26T03:00:17+00:00 RUN_HEARTBEAT pid=42848 elapsed=247s
2026-08-26T03:01:03+00:00 RUN_END id=OAFX0770 window=OOS status=OK decision=STRICT_IMPROVEMENT elapsed=294.050s
2026-08-26T03:01:03+00:00 SCREEN_BYPASS [771/900] id=OAFX0771 route=FULLBOOK_DIRECT reason=OafxOverlapMaskで他枠の実保有を参照するため、単独枠では効果を測定不能
2026-08-26T03:01:03+00:00 RUN_START id=OAFX0771 family=sca_gj_overlap_gate window=IS run=oafx_is_oafx0771_20260826120103_544935
2026-08-26T03:01:04+00:00 RUN_HEARTBEAT pid=21772 elapsed=0s
2026-08-26T03:02:06+00:00 RUN_HEARTBEAT pid=21772 elapsed=62s
2026-08-26T03:03:08+00:00 RUN_HEARTBEAT pid=21772 elapsed=123s
2026-08-26T03:04:09+00:00 RUN_HEARTBEAT pid=21772 elapsed=185s
2026-08-26T03:05:11+00:00 RUN_HEARTBEAT pid=21772 elapsed=247s
2026-08-26T03:06:13+00:00 RUN_HEARTBEAT pid=21772 elapsed=309s
2026-08-26T03:07:15+00:00 RUN_END id=OAFX0771 window=IS status=OK decision=IS_REJECT_TRADEOFF elapsed=371.078s
2026-08-26T03:07:15+00:00 GATE_SKIP id=OAFX0771 window=OOS reason=IS_NOT_SURVIVOR decision=IS_REJECT_TRADEOFF net=198490.0 PF=1.5628 DD=31.704%
2026-08-26T03:07:15+00:00 SCREEN_BYPASS [772/900] id=OAFX0772 route=FULLBOOK_DIRECT reason=OafxOverlapMaskで他枠の実保有を参照するため、単独枠では効果を測定不能
2026-08-26T03:07:15+00:00 RUN_START id=OAFX0772 family=sca_gj_overlap_gate window=IS run=oafx_is_oafx0772_20260826120715_e6c3be
2026-08-26T03:07:15+00:00 RUN_HEARTBEAT pid=40872 elapsed=0s
2026-08-26T03:08:17+00:00 RUN_HEARTBEAT pid=40872 elapsed=62s
2026-08-26T03:09:19+00:00 RUN_HEARTBEAT pid=40872 elapsed=124s
2026-08-26T03:10:21+00:00 RUN_HEARTBEAT pid=40872 elapsed=185s
2026-08-26T03:11:22+00:00 RUN_HEARTBEAT pid=40872 elapsed=247s
2026-08-26T03:12:24+00:00 RUN_HEARTBEAT pid=40872 elapsed=309s
2026-08-26T03:13:26+00:00 RUN_END id=OAFX0772 window=IS status=OK decision=IS_SURVIVOR_DD elapsed=371.332s
2026-08-26T03:13:26+00:00 SKIP_BASELINE_OOS reason=existing actual measurement
2026-08-26T03:13:26+00:00 RUN_START id=OAFX0772 family=sca_gj_overlap_gate window=OOS run=oafx_oos_oafx0772_20260826121326_fb0f81
2026-08-26T03:13:27+00:00 RUN_HEARTBEAT pid=33136 elapsed=0s
2026-08-26T03:14:28+00:00 RUN_HEARTBEAT pid=33136 elapsed=62s
2026-08-26T03:15:30+00:00 RUN_HEARTBEAT pid=33136 elapsed=123s
2026-08-26T03:16:32+00:00 RUN_HEARTBEAT pid=33136 elapsed=185s
2026-08-26T03:17:34+00:00 RUN_HEARTBEAT pid=33136 elapsed=247s
2026-08-26T03:18:05+00:00 RUN_END id=OAFX0772 window=OOS status=OK decision=DD_IMPROVEMENT elapsed=278.697s
2026-08-26T03:18:05+00:00 SCREEN_BYPASS [773/900] id=OAFX0773 route=FULLBOOK_DIRECT reason=OafxOverlapMaskで他枠の実保有を参照するため、単独枠では効果を測定不能
2026-08-26T03:18:05+00:00 RUN_START id=OAFX0773 family=sca_gj_overlap_gate window=IS run=oafx_is_oafx0773_20260826121805_5b6745
2026-08-26T03:18:05+00:00 RUN_HEARTBEAT pid=14224 elapsed=0s
2026-08-26T03:19:07+00:00 RUN_HEARTBEAT pid=14224 elapsed=62s
2026-08-26T03:20:09+00:00 RUN_HEARTBEAT pid=14224 elapsed=123s
2026-08-26T03:21:11+00:00 RUN_HEARTBEAT pid=14224 elapsed=185s
2026-08-26T03:22:12+00:00 RUN_HEARTBEAT pid=14224 elapsed=247s
2026-08-26T03:23:14+00:00 RUN_HEARTBEAT pid=14224 elapsed=309s
2026-08-26T03:24:16+00:00 RUN_END id=OAFX0773 window=IS status=OK decision=IS_SURVIVOR_DD elapsed=371.263s
2026-08-26T03:24:16+00:00 SKIP_BASELINE_OOS reason=existing actual measurement
2026-08-26T03:24:16+00:00 RUN_START id=OAFX0773 family=sca_gj_overlap_gate window=OOS run=oafx_oos_oafx0773_20260826122416_f4c085
2026-08-26T03:24:17+00:00 RUN_HEARTBEAT pid=31212 elapsed=0s
2026-08-26T03:25:18+00:00 RUN_HEARTBEAT pid=31212 elapsed=62s
2026-08-26T03:26:20+00:00 RUN_HEARTBEAT pid=31212 elapsed=123s
2026-08-26T03:27:22+00:00 RUN_HEARTBEAT pid=31212 elapsed=185s
2026-08-26T03:28:24+00:00 RUN_HEARTBEAT pid=31212 elapsed=247s
2026-08-26T03:28:55+00:00 WAIT_MT5_IDLE elapsed=0s processes=terminal64.exe
2026-08-26T03:29:10+00:00 RUN_END id=OAFX0773 window=OOS status=OK decision=REJECT elapsed=294.161s
2026-08-26T03:29:10+00:00 SCREEN_BYPASS [774/900] id=OAFX0774 route=FULLBOOK_DIRECT reason=OafxOverlapMaskで他枠の実保有を参照するため、単独枠では効果を測定不能
2026-08-26T03:29:10+00:00 RUN_START id=OAFX0774 family=sca_gj_overlap_gate window=IS run=oafx_is_oafx0774_20260826122910_8b5628
2026-08-26T03:29:11+00:00 RUN_HEARTBEAT pid=46164 elapsed=0s
2026-08-26T03:30:13+00:00 RUN_HEARTBEAT pid=46164 elapsed=62s
2026-08-26T03:31:14+00:00 RUN_HEARTBEAT pid=46164 elapsed=123s
2026-08-26T03:32:16+00:00 RUN_HEARTBEAT pid=46164 elapsed=185s
2026-08-26T03:33:18+00:00 RUN_HEARTBEAT pid=46164 elapsed=247s
2026-08-26T03:34:20+00:00 RUN_HEARTBEAT pid=46164 elapsed=309s
2026-08-26T03:35:21+00:00 RUN_END id=OAFX0774 window=IS status=OK decision=IS_REJECT elapsed=371.193s
2026-08-26T03:35:21+00:00 GATE_SKIP id=OAFX0774 window=OOS reason=IS_NOT_SURVIVOR decision=IS_REJECT net=283659.0 PF=1.4235 DD=37.5722%
2026-08-26T03:35:21+00:00 SCREEN_BYPASS [775/900] id=OAFX0775 route=FULLBOOK_DIRECT reason=OafxOverlapMaskで他枠の実保有を参照するため、単独枠では効果を測定不能
2026-08-26T03:35:21+00:00 RUN_START id=OAFX0775 family=sca_gj_overlap_gate window=IS run=oafx_is_oafx0775_20260826123521_791b5b
2026-08-26T03:35:22+00:00 RUN_HEARTBEAT pid=11644 elapsed=0s
2026-08-26T03:36:24+00:00 RUN_HEARTBEAT pid=11644 elapsed=62s
2026-08-26T03:37:26+00:00 RUN_HEARTBEAT pid=11644 elapsed=124s
2026-08-26T03:38:27+00:00 RUN_HEARTBEAT pid=11644 elapsed=185s
2026-08-26T03:39:29+00:00 RUN_HEARTBEAT pid=11644 elapsed=247s
2026-08-26T03:40:31+00:00 RUN_HEARTBEAT pid=11644 elapsed=309s
2026-08-26T03:41:33+00:00 RUN_HEARTBEAT pid=11644 elapsed=370s
2026-08-26T03:41:48+00:00 RUN_END id=OAFX0775 window=IS status=OK decision=IS_SURVIVOR_STRICT elapsed=386.670s
2026-08-26T03:41:48+00:00 SKIP_BASELINE_OOS reason=existing actual measurement
2026-08-26T03:41:48+00:00 RUN_START id=OAFX0775 family=sca_gj_overlap_gate window=OOS run=oafx_oos_oafx0775_20260826124148_c9f2fe
2026-08-26T03:41:49+00:00 RUN_HEARTBEAT pid=34884 elapsed=0s
2026-08-26T03:42:50+00:00 RUN_HEARTBEAT pid=34884 elapsed=62s
2026-08-26T03:43:52+00:00 RUN_HEARTBEAT pid=34884 elapsed=124s
2026-08-26T03:44:54+00:00 RUN_HEARTBEAT pid=34884 elapsed=185s
2026-08-26T03:45:56+00:00 RUN_HEARTBEAT pid=34884 elapsed=247s
2026-08-26T03:46:42+00:00 RUN_END id=OAFX0775 window=OOS status=OK decision=STRICT_IMPROVEMENT elapsed=294.195s
2026-08-26T03:46:42+00:00 SCREEN_BYPASS [776/900] id=OAFX0776 route=FULLBOOK_DIRECT reason=OafxOverlapMaskで他枠の実保有を参照するため、単独枠では効果を測定不能
2026-08-26T03:46:42+00:00 RUN_START id=OAFX0776 family=sca_gj_overlap_gate window=IS run=oafx_is_oafx0776_20260826124642_b456ad
2026-08-26T03:46:43+00:00 RUN_HEARTBEAT pid=37348 elapsed=0s
2026-08-26T03:47:45+00:00 RUN_HEARTBEAT pid=37348 elapsed=62s
2026-08-26T03:48:46+00:00 RUN_HEARTBEAT pid=37348 elapsed=123s
2026-08-26T03:49:48+00:00 RUN_HEARTBEAT pid=37348 elapsed=185s
2026-08-26T03:50:50+00:00 RUN_HEARTBEAT pid=37348 elapsed=247s
2026-08-26T03:51:52+00:00 RUN_HEARTBEAT pid=37348 elapsed=309s
2026-08-26T03:52:53+00:00 RUN_END id=OAFX0776 window=IS status=OK decision=IS_SURVIVOR_STRICT elapsed=371.224s
2026-08-26T03:52:53+00:00 SKIP_BASELINE_OOS reason=existing actual measurement
2026-08-26T03:52:53+00:00 RUN_START id=OAFX0776 family=sca_gj_overlap_gate window=OOS run=oafx_oos_oafx0776_20260826125253_295e83
2026-08-26T03:52:54+00:00 RUN_HEARTBEAT pid=38136 elapsed=0s
2026-08-26T03:53:56+00:00 RUN_HEARTBEAT pid=38136 elapsed=62s
2026-08-26T03:54:58+00:00 RUN_HEARTBEAT pid=38136 elapsed=123s
2026-08-26T03:55:59+00:00 RUN_HEARTBEAT pid=38136 elapsed=185s
2026-08-26T03:57:01+00:00 RUN_HEARTBEAT pid=38136 elapsed=247s
2026-08-26T03:57:48+00:00 RUN_END id=OAFX0776 window=OOS status=OK decision=STRICT_IMPROVEMENT elapsed=294.191s
2026-08-26T03:57:48+00:00 SCREEN_BYPASS [777/900] id=OAFX0777 route=FULLBOOK_DIRECT reason=OafxOverlapMaskで他枠の実保有を参照するため、単独枠では効果を測定不能
2026-08-26T03:57:48+00:00 RUN_START id=OAFX0777 family=sca_gj_overlap_gate window=IS run=oafx_is_oafx0777_20260826125748_c40e0f
2026-08-26T03:57:48+00:00 RUN_HEARTBEAT pid=46500 elapsed=0s
2026-08-26T03:58:50+00:00 RUN_HEARTBEAT pid=46500 elapsed=62s
2026-08-26T03:59:52+00:00 RUN_HEARTBEAT pid=46500 elapsed=123s
2026-08-26T04:00:54+00:00 RUN_HEARTBEAT pid=46500 elapsed=185s
2026-08-26T04:01:55+00:00 RUN_HEARTBEAT pid=46500 elapsed=247s
2026-08-26T04:02:57+00:00 RUN_HEARTBEAT pid=46500 elapsed=309s
2026-08-26T04:03:59+00:00 RUN_END id=OAFX0777 window=IS status=OK decision=IS_SURVIVOR_STRICT elapsed=371.326s
2026-08-26T04:03:59+00:00 SKIP_BASELINE_OOS reason=existing actual measurement
2026-08-26T04:03:59+00:00 RUN_START id=OAFX0777 family=sca_gj_overlap_gate window=OOS run=oafx_oos_oafx0777_20260826130359_9bf25a
2026-08-26T04:04:00+00:00 RUN_HEARTBEAT pid=28644 elapsed=0s
2026-08-26T04:05:01+00:00 RUN_HEARTBEAT pid=28644 elapsed=62s
2026-08-26T04:06:03+00:00 RUN_HEARTBEAT pid=28644 elapsed=123s
2026-08-26T04:07:05+00:00 RUN_HEARTBEAT pid=28644 elapsed=185s
2026-08-26T04:08:07+00:00 RUN_HEARTBEAT pid=28644 elapsed=247s
2026-08-26T04:08:53+00:00 RUN_END id=OAFX0777 window=OOS status=OK decision=STRICT_IMPROVEMENT elapsed=294.164s
2026-08-26T04:08:53+00:00 SCREEN_BYPASS [778/900] id=OAFX0778 route=FULLBOOK_DIRECT reason=OafxOverlapMaskで他枠の実保有を参照するため、単独枠では効果を測定不能
2026-08-26T04:08:53+00:00 RUN_START id=OAFX0778 family=sca_gj_overlap_gate window=IS run=oafx_is_oafx0778_20260826130853_0c2ee9
2026-08-26T04:08:54+00:00 RUN_HEARTBEAT pid=42988 elapsed=0s
2026-08-26T04:09:56+00:00 RUN_HEARTBEAT pid=42988 elapsed=62s
2026-08-26T04:10:57+00:00 RUN_HEARTBEAT pid=42988 elapsed=123s
2026-08-26T04:11:59+00:00 RUN_HEARTBEAT pid=42988 elapsed=185s
2026-08-26T04:13:01+00:00 RUN_HEARTBEAT pid=42988 elapsed=247s
2026-08-26T04:14:03+00:00 RUN_HEARTBEAT pid=42988 elapsed=309s
2026-08-26T04:15:04+00:00 RUN_HEARTBEAT pid=42988 elapsed=371s
2026-08-26T04:15:20+00:00 RUN_END id=OAFX0778 window=IS status=OK decision=IS_SURVIVOR_STRICT elapsed=386.835s
2026-08-26T04:15:20+00:00 SKIP_BASELINE_OOS reason=existing actual measurement
2026-08-26T04:15:20+00:00 RUN_START id=OAFX0778 family=sca_gj_overlap_gate window=OOS run=oafx_oos_oafx0778_20260826131520_ef9869
2026-08-26T04:15:21+00:00 RUN_HEARTBEAT pid=30432 elapsed=0s
2026-08-26T04:16:22+00:00 RUN_HEARTBEAT pid=30432 elapsed=62s
2026-08-26T04:17:24+00:00 RUN_HEARTBEAT pid=30432 elapsed=123s
2026-08-26T04:18:26+00:00 RUN_HEARTBEAT pid=30432 elapsed=185s
2026-08-26T04:19:27+00:00 RUN_HEARTBEAT pid=30432 elapsed=247s
2026-08-26T04:20:14+00:00 RUN_END id=OAFX0778 window=OOS status=OK decision=STRICT_IMPROVEMENT elapsed=293.852s
2026-08-26T04:20:14+00:00 SCREEN_BYPASS [779/900] id=OAFX0779 route=FULLBOOK_DIRECT reason=OafxOverlapMaskで他枠の実保有を参照するため、単独枠では効果を測定不能
2026-08-26T04:20:14+00:00 RUN_START id=OAFX0779 family=sca_gj_overlap_gate window=IS run=oafx_is_oafx0779_20260826132014_27b8c5
2026-08-26T04:20:15+00:00 RUN_HEARTBEAT pid=38784 elapsed=0s
2026-08-26T04:21:16+00:00 RUN_HEARTBEAT pid=38784 elapsed=62s
2026-08-26T04:22:18+00:00 RUN_HEARTBEAT pid=38784 elapsed=123s
2026-08-26T04:23:20+00:00 RUN_HEARTBEAT pid=38784 elapsed=185s
2026-08-26T04:24:21+00:00 RUN_HEARTBEAT pid=38784 elapsed=247s
2026-08-26T04:25:23+00:00 RUN_HEARTBEAT pid=38784 elapsed=309s
2026-08-26T04:26:25+00:00 RUN_END id=OAFX0779 window=IS status=OK decision=IS_SURVIVOR_STRICT elapsed=371.002s
2026-08-26T04:26:25+00:00 SKIP_BASELINE_OOS reason=existing actual measurement
2026-08-26T04:26:25+00:00 RUN_START id=OAFX0779 family=sca_gj_overlap_gate window=OOS run=oafx_oos_oafx0779_20260826132625_fd3093
2026-08-26T04:26:26+00:00 RUN_HEARTBEAT pid=44008 elapsed=0s
2026-08-26T04:27:27+00:00 RUN_HEARTBEAT pid=44008 elapsed=62s
2026-08-26T04:28:29+00:00 RUN_HEARTBEAT pid=44008 elapsed=124s
2026-08-26T04:29:31+00:00 RUN_HEARTBEAT pid=44008 elapsed=185s
2026-08-26T04:30:33+00:00 RUN_HEARTBEAT pid=44008 elapsed=247s
2026-08-26T04:31:19+00:00 RUN_END id=OAFX0779 window=OOS status=OK decision=STRICT_IMPROVEMENT elapsed=294.098s
2026-08-26T04:31:19+00:00 SCREEN_BYPASS [780/900] id=OAFX0780 route=FULLBOOK_DIRECT reason=OafxOverlapMaskで他枠の実保有を参照するため、単独枠では効果を測定不能
2026-08-26T04:31:19+00:00 RUN_START id=OAFX0780 family=sca_gj_overlap_gate window=IS run=oafx_is_oafx0780_20260826133119_d30f02
2026-08-26T04:31:20+00:00 RUN_HEARTBEAT pid=7568 elapsed=0s
2026-08-26T04:32:21+00:00 RUN_HEARTBEAT pid=7568 elapsed=62s
2026-08-26T04:33:23+00:00 RUN_HEARTBEAT pid=7568 elapsed=123s
2026-08-26T04:34:25+00:00 RUN_HEARTBEAT pid=7568 elapsed=185s
2026-08-26T04:35:27+00:00 RUN_HEARTBEAT pid=7568 elapsed=247s
2026-08-26T04:36:28+00:00 RUN_HEARTBEAT pid=7568 elapsed=309s
2026-08-26T04:37:30+00:00 RUN_END id=OAFX0780 window=IS status=OK decision=IS_SURVIVOR_STRICT elapsed=371.163s
2026-08-26T04:37:30+00:00 SKIP_BASELINE_OOS reason=existing actual measurement
2026-08-26T04:37:30+00:00 RUN_START id=OAFX0780 family=sca_gj_overlap_gate window=OOS run=oafx_oos_oafx0780_20260826133730_5d2cb7
2026-08-26T04:37:31+00:00 RUN_HEARTBEAT pid=45544 elapsed=0s
2026-08-26T04:38:33+00:00 RUN_HEARTBEAT pid=45544 elapsed=62s
2026-08-26T04:39:34+00:00 RUN_HEARTBEAT pid=45544 elapsed=123s
2026-08-26T04:40:36+00:00 RUN_HEARTBEAT pid=45544 elapsed=185s
2026-08-26T04:41:38+00:00 RUN_HEARTBEAT pid=45544 elapsed=247s
2026-08-26T04:42:24+00:00 RUN_END id=OAFX0780 window=OOS status=OK decision=STRICT_IMPROVEMENT elapsed=294.211s
2026-08-26T04:42:24+00:00 SCREEN_BYPASS [781/900] id=OAFX0781 route=FULLBOOK_DIRECT reason=OafxOverlapMaskで他枠の実保有を参照するため、単独枠では効果を測定不能
2026-08-26T04:42:24+00:00 RUN_START id=OAFX0781 family=sca_gj_overlap_gate window=IS run=oafx_is_oafx0781_20260826134224_2a6883
2026-08-26T04:42:25+00:00 RUN_HEARTBEAT pid=27176 elapsed=0s
2026-08-26T04:43:27+00:00 RUN_HEARTBEAT pid=27176 elapsed=62s
2026-08-26T04:44:29+00:00 RUN_HEARTBEAT pid=27176 elapsed=123s
2026-08-26T04:45:30+00:00 RUN_HEARTBEAT pid=27176 elapsed=185s
2026-08-26T04:46:32+00:00 RUN_HEARTBEAT pid=27176 elapsed=247s
2026-08-26T04:47:34+00:00 RUN_HEARTBEAT pid=27176 elapsed=309s
2026-08-26T04:48:36+00:00 RUN_END id=OAFX0781 window=IS status=OK decision=IS_REJECT elapsed=371.333s
2026-08-26T04:48:36+00:00 GATE_SKIP id=OAFX0781 window=OOS reason=IS_NOT_SURVIVOR decision=IS_REJECT net=236044.0 PF=1.4333 DD=44.8534%
2026-08-26T04:48:36+00:00 SCREEN_BYPASS [782/900] id=OAFX0782 route=FULLBOOK_DIRECT reason=OafxOverlapMaskで他枠の実保有を参照するため、単独枠では効果を測定不能
2026-08-26T04:48:36+00:00 RUN_START id=OAFX0782 family=sca_gj_overlap_gate window=IS run=oafx_is_oafx0782_20260826134836_70ef9f
2026-08-26T04:48:36+00:00 RUN_HEARTBEAT pid=44756 elapsed=0s
2026-08-26T04:49:38+00:00 RUN_HEARTBEAT pid=44756 elapsed=62s
2026-08-26T04:50:40+00:00 RUN_HEARTBEAT pid=44756 elapsed=123s
2026-08-26T04:51:42+00:00 RUN_HEARTBEAT pid=44756 elapsed=185s
2026-08-26T04:52:43+00:00 RUN_HEARTBEAT pid=44756 elapsed=247s
2026-08-26T04:53:45+00:00 RUN_HEARTBEAT pid=44756 elapsed=309s
2026-08-26T04:54:47+00:00 RUN_END id=OAFX0782 window=IS status=OK decision=IS_SURVIVOR_STRICT elapsed=371.109s
2026-08-26T04:54:47+00:00 SKIP_BASELINE_OOS reason=existing actual measurement
2026-08-26T04:54:47+00:00 RUN_START id=OAFX0782 family=sca_gj_overlap_gate window=OOS run=oafx_oos_oafx0782_20260826135447_7352e2
2026-08-26T04:54:48+00:00 RUN_HEARTBEAT pid=38176 elapsed=0s
2026-08-26T04:55:49+00:00 RUN_HEARTBEAT pid=38176 elapsed=62s
2026-08-26T04:56:51+00:00 RUN_HEARTBEAT pid=38176 elapsed=124s
2026-08-26T04:57:53+00:00 RUN_HEARTBEAT pid=38176 elapsed=185s
2026-08-26T04:58:55+00:00 RUN_HEARTBEAT pid=38176 elapsed=247s
2026-08-26T04:59:41+00:00 RUN_END id=OAFX0782 window=OOS status=OK decision=DD_IMPROVEMENT elapsed=294.192s
2026-08-26T04:59:41+00:00 SCREEN_BYPASS [783/900] id=OAFX0783 route=FULLBOOK_DIRECT reason=OafxOverlapMaskで他枠の実保有を参照するため、単独枠では効果を測定不能
2026-08-26T04:59:41+00:00 RUN_START id=OAFX0783 family=sca_gj_overlap_gate window=IS run=oafx_is_oafx0783_20260826135941_0f078f
2026-08-26T04:59:42+00:00 RUN_HEARTBEAT pid=5792 elapsed=0s
2026-08-26T05:00:43+00:00 RUN_HEARTBEAT pid=5792 elapsed=62s
2026-08-26T05:01:45+00:00 RUN_HEARTBEAT pid=5792 elapsed=123s
2026-08-26T05:02:47+00:00 RUN_HEARTBEAT pid=5792 elapsed=185s
2026-08-26T05:03:49+00:00 RUN_HEARTBEAT pid=5792 elapsed=247s
2026-08-26T05:04:50+00:00 RUN_HEARTBEAT pid=5792 elapsed=309s
2026-08-26T05:05:52+00:00 RUN_HEARTBEAT pid=5792 elapsed=370s
2026-08-26T05:06:08+00:00 RUN_END id=OAFX0783 window=IS status=OK decision=IS_REJECT elapsed=386.679s
2026-08-26T05:06:08+00:00 GATE_SKIP id=OAFX0783 window=OOS reason=IS_NOT_SURVIVOR decision=IS_REJECT net=265179.0 PF=1.3877 DD=39.9684%
2026-08-26T05:06:08+00:00 SCREEN_BYPASS [784/900] id=OAFX0784 route=FULLBOOK_DIRECT reason=OafxOverlapMaskで他枠の実保有を参照するため、単独枠では効果を測定不能
2026-08-26T05:06:08+00:00 RUN_START id=OAFX0784 family=sca_gj_overlap_gate window=IS run=oafx_is_oafx0784_20260826140608_2e8607
2026-08-26T05:06:08+00:00 RUN_HEARTBEAT pid=39964 elapsed=0s
2026-08-26T05:07:10+00:00 RUN_HEARTBEAT pid=39964 elapsed=62s
2026-08-26T05:08:12+00:00 RUN_HEARTBEAT pid=39964 elapsed=123s
2026-08-26T05:09:14+00:00 RUN_HEARTBEAT pid=39964 elapsed=185s
2026-08-26T05:10:15+00:00 RUN_HEARTBEAT pid=39964 elapsed=247s
2026-08-26T05:11:17+00:00 RUN_HEARTBEAT pid=39964 elapsed=309s
2026-08-26T05:12:19+00:00 RUN_HEARTBEAT pid=39964 elapsed=370s
2026-08-26T05:12:34+00:00 RUN_END id=OAFX0784 window=IS status=OK decision=IS_REJECT elapsed=386.701s
2026-08-26T05:12:34+00:00 GATE_SKIP id=OAFX0784 window=OOS reason=IS_NOT_SURVIVOR decision=IS_REJECT net=277506.0 PF=1.4045 DD=38.8601%
2026-08-26T05:12:34+00:00 SCREEN_BYPASS [785/900] id=OAFX0785 route=FULLBOOK_DIRECT reason=OafxOverlapMaskで他枠の実保有を参照するため、単独枠では効果を測定不能
2026-08-26T05:12:34+00:00 RUN_START id=OAFX0785 family=sca_gj_overlap_gate window=IS run=oafx_is_oafx0785_20260826141234_c2f151
2026-08-26T05:12:35+00:00 RUN_HEARTBEAT pid=46572 elapsed=0s
2026-08-26T05:13:37+00:00 RUN_HEARTBEAT pid=46572 elapsed=62s
2026-08-26T05:14:39+00:00 RUN_HEARTBEAT pid=46572 elapsed=123s
2026-08-26T05:15:40+00:00 RUN_HEARTBEAT pid=46572 elapsed=185s
2026-08-26T05:16:42+00:00 RUN_HEARTBEAT pid=46572 elapsed=247s
2026-08-26T05:17:44+00:00 RUN_HEARTBEAT pid=46572 elapsed=309s
2026-08-26T05:18:46+00:00 RUN_END id=OAFX0785 window=IS status=OK decision=IS_SURVIVOR_STRICT elapsed=371.269s
2026-08-26T05:18:46+00:00 SKIP_BASELINE_OOS reason=existing actual measurement
2026-08-26T05:18:46+00:00 RUN_START id=OAFX0785 family=sca_gj_overlap_gate window=OOS run=oafx_oos_oafx0785_20260826141846_84a823
2026-08-26T05:18:46+00:00 RUN_HEARTBEAT pid=17144 elapsed=0s
2026-08-26T05:19:48+00:00 RUN_HEARTBEAT pid=17144 elapsed=62s
2026-08-26T05:20:50+00:00 RUN_HEARTBEAT pid=17144 elapsed=123s
2026-08-26T05:21:52+00:00 RUN_HEARTBEAT pid=17144 elapsed=185s
2026-08-26T05:22:53+00:00 RUN_HEARTBEAT pid=17144 elapsed=247s
2026-08-26T05:23:40+00:00 RUN_END id=OAFX0785 window=OOS status=OK decision=STRICT_IMPROVEMENT elapsed=294.342s
2026-08-26T05:23:40+00:00 SCREEN_BYPASS [786/900] id=OAFX0786 route=FULLBOOK_DIRECT reason=OafxOverlapMaskで他枠の実保有を参照するため、単独枠では効果を測定不能
2026-08-26T05:23:40+00:00 RUN_START id=OAFX0786 family=sca_gj_overlap_gate window=IS run=oafx_is_oafx0786_20260826142340_718c01
2026-08-26T05:23:41+00:00 RUN_HEARTBEAT pid=12016 elapsed=0s
2026-08-26T05:24:42+00:00 RUN_HEARTBEAT pid=12016 elapsed=62s
2026-08-26T05:25:44+00:00 RUN_HEARTBEAT pid=12016 elapsed=123s
2026-08-26T05:26:46+00:00 RUN_HEARTBEAT pid=12016 elapsed=185s
2026-08-26T05:27:48+00:00 RUN_HEARTBEAT pid=12016 elapsed=247s
2026-08-26T05:28:49+00:00 RUN_HEARTBEAT pid=12016 elapsed=309s
2026-08-26T05:29:51+00:00 RUN_HEARTBEAT pid=12016 elapsed=370s
2026-08-26T05:30:06+00:00 RUN_END id=OAFX0786 window=IS status=OK decision=IS_SURVIVOR_STRICT elapsed=386.534s
2026-08-26T05:30:06+00:00 SKIP_BASELINE_OOS reason=existing actual measurement
2026-08-26T05:30:06+00:00 RUN_START id=OAFX0786 family=sca_gj_overlap_gate window=OOS run=oafx_oos_oafx0786_20260826143006_9fb53f
2026-08-26T05:30:07+00:00 RUN_HEARTBEAT pid=42324 elapsed=0s
2026-08-26T05:31:09+00:00 RUN_HEARTBEAT pid=42324 elapsed=62s
2026-08-26T05:32:11+00:00 RUN_HEARTBEAT pid=42324 elapsed=123s
2026-08-26T05:33:12+00:00 RUN_HEARTBEAT pid=42324 elapsed=185s
2026-08-26T05:34:14+00:00 RUN_HEARTBEAT pid=42324 elapsed=247s
2026-08-26T05:35:00+00:00 WAIT_MT5_IDLE elapsed=0s processes=metatester64.exe
2026-08-26T05:36:02+00:00 WAIT_MT5_IDLE elapsed=62s processes=metatester64.exe
2026-08-26T05:37:03+00:00 WAIT_MT5_IDLE elapsed=123s processes=metatester64.exe
2026-08-26T05:38:05+00:00 WAIT_MT5_IDLE elapsed=185s processes=metatester64.exe
2026-08-26T05:39:06+00:00 WAIT_MT5_IDLE elapsed=246s processes=metatester64.exe
2026-08-26T05:40:08+00:00 KILL_ORPHAN_TESTER orphan_seconds=308
2026-08-26T05:40:24+00:00 RUN_END id=OAFX0786 window=OOS status=OK decision=STRICT_IMPROVEMENT elapsed=617.106s
2026-08-26T05:40:24+00:00 SCREEN_BYPASS [787/900] id=OAFX0787 route=FULLBOOK_DIRECT reason=OafxOverlapMaskで他枠の実保有を参照するため、単独枠では効果を測定不能
2026-08-26T05:40:24+00:00 RUN_START id=OAFX0787 family=sca_gj_overlap_gate window=IS run=oafx_is_oafx0787_20260826144024_5785b8
2026-08-26T05:40:24+00:00 RUN_HEARTBEAT pid=43216 elapsed=0s
2026-08-26T05:41:26+00:00 RUN_HEARTBEAT pid=43216 elapsed=62s
2026-08-26T05:42:28+00:00 RUN_HEARTBEAT pid=43216 elapsed=123s
2026-08-26T05:43:30+00:00 RUN_HEARTBEAT pid=43216 elapsed=185s
2026-08-26T05:44:31+00:00 RUN_HEARTBEAT pid=43216 elapsed=247s
2026-08-26T05:45:33+00:00 RUN_HEARTBEAT pid=43216 elapsed=309s
2026-08-26T05:46:35+00:00 RUN_HEARTBEAT pid=43216 elapsed=370s
2026-08-26T05:46:50+00:00 RUN_END id=OAFX0787 window=IS status=OK decision=IS_SURVIVOR_STRICT elapsed=386.570s
2026-08-26T05:46:50+00:00 SKIP_BASELINE_OOS reason=existing actual measurement
2026-08-26T05:46:50+00:00 RUN_START id=OAFX0787 family=sca_gj_overlap_gate window=OOS run=oafx_oos_oafx0787_20260826144650_96e1a2
2026-08-26T05:46:51+00:00 RUN_HEARTBEAT pid=32656 elapsed=0s
2026-08-26T05:47:53+00:00 RUN_HEARTBEAT pid=32656 elapsed=62s
2026-08-26T05:48:54+00:00 RUN_HEARTBEAT pid=32656 elapsed=123s
2026-08-26T05:49:56+00:00 RUN_HEARTBEAT pid=32656 elapsed=185s
2026-08-26T05:50:58+00:00 RUN_HEARTBEAT pid=32656 elapsed=247s
2026-08-26T05:51:44+00:00 RUN_END id=OAFX0787 window=OOS status=OK decision=STRICT_IMPROVEMENT elapsed=294.177s
2026-08-26T05:51:44+00:00 SCREEN_BYPASS [788/900] id=OAFX0788 route=FULLBOOK_DIRECT reason=OafxOverlapMaskで他枠の実保有を参照するため、単独枠では効果を測定不能
2026-08-26T05:51:44+00:00 RUN_START id=OAFX0788 family=sca_gj_overlap_gate window=IS run=oafx_is_oafx0788_20260826145144_2ece80
2026-08-26T05:51:45+00:00 RUN_HEARTBEAT pid=7480 elapsed=0s
2026-08-26T05:52:47+00:00 RUN_HEARTBEAT pid=7480 elapsed=62s
2026-08-26T05:53:49+00:00 RUN_HEARTBEAT pid=7480 elapsed=123s
2026-08-26T05:54:50+00:00 RUN_HEARTBEAT pid=7480 elapsed=185s
2026-08-26T05:55:52+00:00 RUN_HEARTBEAT pid=7480 elapsed=247s
2026-08-26T05:56:54+00:00 RUN_HEARTBEAT pid=7480 elapsed=309s
2026-08-26T05:57:56+00:00 RUN_HEARTBEAT pid=7480 elapsed=371s
2026-08-26T05:58:11+00:00 RUN_END id=OAFX0788 window=IS status=OK decision=IS_SURVIVOR_STRICT elapsed=386.810s
2026-08-26T05:58:11+00:00 SKIP_BASELINE_OOS reason=existing actual measurement
2026-08-26T05:58:11+00:00 RUN_START id=OAFX0788 family=sca_gj_overlap_gate window=OOS run=oafx_oos_oafx0788_20260826145811_789d76
2026-08-26T05:58:12+00:00 RUN_HEARTBEAT pid=46632 elapsed=0s
2026-08-26T05:59:14+00:00 RUN_HEARTBEAT pid=46632 elapsed=62s
2026-08-26T06:00:15+00:00 RUN_HEARTBEAT pid=46632 elapsed=124s
2026-08-26T06:01:17+00:00 RUN_HEARTBEAT pid=46632 elapsed=185s
2026-08-26T06:02:19+00:00 RUN_HEARTBEAT pid=46632 elapsed=247s
2026-08-26T06:03:05+00:00 RUN_END id=OAFX0788 window=OOS status=OK decision=STRICT_IMPROVEMENT elapsed=294.254s
2026-08-26T06:03:05+00:00 SCREEN_BYPASS [789/900] id=OAFX0789 route=FULLBOOK_DIRECT reason=OafxOverlapMaskで他枠の実保有を参照するため、単独枠では効果を測定不能
2026-08-26T06:03:05+00:00 RUN_START id=OAFX0789 family=sca_gj_overlap_gate window=IS run=oafx_is_oafx0789_20260826150305_79e9f5
2026-08-26T06:03:06+00:00 RUN_HEARTBEAT pid=25264 elapsed=0s
2026-08-26T06:04:08+00:00 RUN_HEARTBEAT pid=25264 elapsed=62s
2026-08-26T06:05:10+00:00 RUN_HEARTBEAT pid=25264 elapsed=123s
2026-08-26T06:06:11+00:00 RUN_HEARTBEAT pid=25264 elapsed=185s
2026-08-26T06:07:13+00:00 RUN_HEARTBEAT pid=25264 elapsed=247s
2026-08-26T06:08:15+00:00 RUN_HEARTBEAT pid=25264 elapsed=309s
2026-08-26T06:09:17+00:00 RUN_HEARTBEAT pid=25264 elapsed=370s
2026-08-26T06:09:32+00:00 RUN_END id=OAFX0789 window=IS status=OK decision=IS_SURVIVOR_STRICT elapsed=386.707s
2026-08-26T06:09:32+00:00 SKIP_BASELINE_OOS reason=existing actual measurement
2026-08-26T06:09:32+00:00 RUN_START id=OAFX0789 family=sca_gj_overlap_gate window=OOS run=oafx_oos_oafx0789_20260826150932_9a359c
2026-08-26T06:09:33+00:00 RUN_HEARTBEAT pid=24340 elapsed=0s
2026-08-26T06:10:35+00:00 RUN_HEARTBEAT pid=24340 elapsed=62s
2026-08-26T06:11:37+00:00 RUN_HEARTBEAT pid=24340 elapsed=124s
2026-08-26T06:12:38+00:00 RUN_HEARTBEAT pid=24340 elapsed=185s
2026-08-26T06:13:40+00:00 RUN_HEARTBEAT pid=24340 elapsed=247s
2026-08-26T06:14:26+00:00 RUN_END id=OAFX0789 window=OOS status=OK decision=STRICT_IMPROVEMENT elapsed=294.234s
2026-08-26T06:14:26+00:00 SCREEN_BYPASS [790/900] id=OAFX0790 route=FULLBOOK_DIRECT reason=OafxOverlapMaskで他枠の実保有を参照するため、単独枠では効果を測定不能
2026-08-26T06:14:26+00:00 RUN_START id=OAFX0790 family=sca_gj_overlap_gate window=IS run=oafx_is_oafx0790_20260826151426_a693a2
2026-08-26T06:14:27+00:00 RUN_HEARTBEAT pid=31828 elapsed=0s
2026-08-26T06:15:29+00:00 RUN_HEARTBEAT pid=31828 elapsed=62s
2026-08-26T06:16:31+00:00 RUN_HEARTBEAT pid=31828 elapsed=123s
2026-08-26T06:17:32+00:00 RUN_HEARTBEAT pid=31828 elapsed=185s
2026-08-26T06:18:34+00:00 RUN_HEARTBEAT pid=31828 elapsed=247s
2026-08-26T06:19:36+00:00 RUN_HEARTBEAT pid=31828 elapsed=308s
2026-08-26T06:20:37+00:00 RUN_END id=OAFX0790 window=IS status=OK decision=IS_SURVIVOR_STRICT elapsed=371.001s
2026-08-26T06:20:37+00:00 SKIP_BASELINE_OOS reason=existing actual measurement
2026-08-26T06:20:37+00:00 RUN_START id=OAFX0790 family=sca_gj_overlap_gate window=OOS run=oafx_oos_oafx0790_20260826152037_d66c77
2026-08-26T06:20:38+00:00 RUN_HEARTBEAT pid=44328 elapsed=0s
2026-08-26T06:21:40+00:00 RUN_HEARTBEAT pid=44328 elapsed=62s
2026-08-26T06:22:42+00:00 RUN_HEARTBEAT pid=44328 elapsed=124s
2026-08-26T06:23:43+00:00 RUN_HEARTBEAT pid=44328 elapsed=185s
2026-08-26T06:24:45+00:00 RUN_HEARTBEAT pid=44328 elapsed=247s
2026-08-26T06:25:32+00:00 RUN_END id=OAFX0790 window=OOS status=OK decision=STRICT_IMPROVEMENT elapsed=294.263s
2026-08-26T06:25:32+00:00 SCREEN_BYPASS [791/900] id=OAFX0791 route=FULLBOOK_DIRECT reason=OafxOverlapMaskで他枠の実保有を参照するため、単独枠では効果を測定不能
2026-08-26T06:25:32+00:00 RUN_START id=OAFX0791 family=sca_gj_overlap_gate window=IS run=oafx_is_oafx0791_20260826152532_5e2893
2026-08-26T06:25:32+00:00 RUN_HEARTBEAT pid=42720 elapsed=0s
2026-08-26T06:26:34+00:00 RUN_HEARTBEAT pid=42720 elapsed=62s
2026-08-26T06:27:36+00:00 RUN_HEARTBEAT pid=42720 elapsed=123s
2026-08-26T06:28:38+00:00 RUN_HEARTBEAT pid=42720 elapsed=185s
2026-08-26T06:29:39+00:00 RUN_HEARTBEAT pid=42720 elapsed=247s
2026-08-26T06:30:41+00:00 RUN_HEARTBEAT pid=42720 elapsed=309s
2026-08-26T06:31:43+00:00 RUN_END id=OAFX0791 window=IS status=OK decision=IS_REJECT_TRADEOFF elapsed=371.225s
2026-08-26T06:31:43+00:00 GATE_SKIP id=OAFX0791 window=OOS reason=IS_NOT_SURVIVOR decision=IS_REJECT_TRADEOFF net=248900.0 PF=1.7699 DD=25.5731%
2026-08-26T06:31:43+00:00 SCREEN_BYPASS [792/900] id=OAFX0792 route=FULLBOOK_DIRECT reason=OafxOverlapMaskで他枠の実保有を参照するため、単独枠では効果を測定不能
2026-08-26T06:31:43+00:00 RUN_START id=OAFX0792 family=sca_gj_overlap_gate window=IS run=oafx_is_oafx0792_20260826153143_bad7aa
2026-08-26T06:31:44+00:00 RUN_HEARTBEAT pid=41644 elapsed=0s
2026-08-26T06:32:45+00:00 RUN_HEARTBEAT pid=41644 elapsed=62s
2026-08-26T06:33:47+00:00 RUN_HEARTBEAT pid=41644 elapsed=123s
2026-08-26T06:34:49+00:00 RUN_HEARTBEAT pid=41644 elapsed=185s
2026-08-26T06:35:51+00:00 RUN_HEARTBEAT pid=41644 elapsed=247s
2026-08-26T06:36:52+00:00 RUN_HEARTBEAT pid=41644 elapsed=309s
2026-08-26T06:37:54+00:00 RUN_END id=OAFX0792 window=IS status=OK decision=IS_SURVIVOR_STRICT elapsed=371.278s
2026-08-26T06:37:54+00:00 SKIP_BASELINE_OOS reason=existing actual measurement
2026-08-26T06:37:54+00:00 RUN_START id=OAFX0792 family=sca_gj_overlap_gate window=OOS run=oafx_oos_oafx0792_20260826153754_0dfee2
2026-08-26T06:37:55+00:00 RUN_HEARTBEAT pid=32804 elapsed=0s
2026-08-26T06:38:57+00:00 RUN_HEARTBEAT pid=32804 elapsed=62s
2026-08-26T06:39:58+00:00 RUN_HEARTBEAT pid=32804 elapsed=123s
2026-08-26T06:41:00+00:00 RUN_HEARTBEAT pid=32804 elapsed=185s
2026-08-26T06:42:02+00:00 RUN_HEARTBEAT pid=32804 elapsed=247s
2026-08-26T06:42:48+00:00 RUN_END id=OAFX0792 window=OOS status=OK decision=STRICT_IMPROVEMENT elapsed=294.320s
2026-08-26T06:42:48+00:00 SCREEN_BYPASS [793/900] id=OAFX0793 route=FULLBOOK_DIRECT reason=OafxOverlapMaskで他枠の実保有を参照するため、単独枠では効果を測定不能
2026-08-26T06:42:48+00:00 RUN_START id=OAFX0793 family=sca_gj_overlap_gate window=IS run=oafx_is_oafx0793_20260826154248_6ce15a
2026-08-26T06:42:49+00:00 RUN_HEARTBEAT pid=27836 elapsed=0s
2026-08-26T06:43:51+00:00 RUN_HEARTBEAT pid=27836 elapsed=62s
2026-08-26T06:44:53+00:00 RUN_HEARTBEAT pid=27836 elapsed=123s
2026-08-26T06:45:54+00:00 RUN_HEARTBEAT pid=27836 elapsed=185s
2026-08-26T06:46:56+00:00 RUN_HEARTBEAT pid=27836 elapsed=247s
2026-08-26T06:47:58+00:00 RUN_HEARTBEAT pid=27836 elapsed=309s
2026-08-26T06:49:00+00:00 RUN_END id=OAFX0793 window=IS status=OK decision=IS_REJECT elapsed=371.100s
2026-08-26T06:49:00+00:00 GATE_SKIP id=OAFX0793 window=OOS reason=IS_NOT_SURVIVOR decision=IS_REJECT net=279177.0 PF=1.5166 DD=36.002%
2026-08-26T06:49:00+00:00 SCREEN_BYPASS [794/900] id=OAFX0794 route=FULLBOOK_DIRECT reason=OafxOverlapMaskで他枠の実保有を参照するため、単独枠では効果を測定不能
2026-08-26T06:49:00+00:00 RUN_START id=OAFX0794 family=sca_gj_overlap_gate window=IS run=oafx_is_oafx0794_20260826154900_dbbb4d
2026-08-26T06:49:00+00:00 RUN_HEARTBEAT pid=16548 elapsed=0s
2026-08-26T06:50:02+00:00 RUN_HEARTBEAT pid=16548 elapsed=62s
2026-08-26T06:51:04+00:00 RUN_HEARTBEAT pid=16548 elapsed=123s
2026-08-26T06:52:06+00:00 RUN_HEARTBEAT pid=16548 elapsed=185s
2026-08-26T06:53:07+00:00 RUN_HEARTBEAT pid=16548 elapsed=247s
2026-08-26T06:54:09+00:00 RUN_HEARTBEAT pid=16548 elapsed=309s
2026-08-26T06:55:11+00:00 RUN_END id=OAFX0794 window=IS status=OK decision=IS_SURVIVOR_STRICT elapsed=371.179s
2026-08-26T06:55:11+00:00 SKIP_BASELINE_OOS reason=existing actual measurement
2026-08-26T06:55:11+00:00 RUN_START id=OAFX0794 family=sca_gj_overlap_gate window=OOS run=oafx_oos_oafx0794_20260826155511_e3500a
2026-08-26T06:55:12+00:00 RUN_HEARTBEAT pid=46168 elapsed=0s
2026-08-26T06:56:14+00:00 RUN_HEARTBEAT pid=46168 elapsed=62s
2026-08-26T06:57:15+00:00 RUN_HEARTBEAT pid=46168 elapsed=123s
2026-08-26T06:58:17+00:00 RUN_HEARTBEAT pid=46168 elapsed=185s
2026-08-26T06:59:19+00:00 RUN_HEARTBEAT pid=46168 elapsed=247s
2026-08-26T07:00:05+00:00 RUN_END id=OAFX0794 window=OOS status=OK decision=STRICT_IMPROVEMENT elapsed=294.354s
2026-08-26T07:00:05+00:00 SCREEN_BYPASS [795/900] id=OAFX0795 route=FULLBOOK_DIRECT reason=OafxOverlapMaskで他枠の実保有を参照するため、単独枠では効果を測定不能
2026-08-26T07:00:05+00:00 RUN_START id=OAFX0795 family=sca_gj_overlap_gate window=IS run=oafx_is_oafx0795_20260826160005_5ee4de
2026-08-26T07:00:06+00:00 RUN_HEARTBEAT pid=44936 elapsed=0s
2026-08-26T07:01:08+00:00 RUN_HEARTBEAT pid=44936 elapsed=62s
2026-08-26T07:02:09+00:00 RUN_HEARTBEAT pid=44936 elapsed=123s
2026-08-26T07:03:11+00:00 RUN_HEARTBEAT pid=44936 elapsed=185s
2026-08-26T07:04:13+00:00 RUN_HEARTBEAT pid=44936 elapsed=247s
2026-08-26T07:05:14+00:00 RUN_HEARTBEAT pid=44936 elapsed=309s
2026-08-26T07:06:16+00:00 RUN_HEARTBEAT pid=44936 elapsed=370s
2026-08-26T07:06:32+00:00 RUN_END id=OAFX0795 window=IS status=OK decision=IS_SURVIVOR_STRICT elapsed=386.606s
2026-08-26T07:06:32+00:00 SKIP_BASELINE_OOS reason=existing actual measurement
2026-08-26T07:06:32+00:00 RUN_START id=OAFX0795 family=sca_gj_overlap_gate window=OOS run=oafx_oos_oafx0795_20260826160632_34f51a
2026-08-26T07:06:32+00:00 RUN_HEARTBEAT pid=43216 elapsed=0s
2026-08-26T07:07:34+00:00 RUN_HEARTBEAT pid=43216 elapsed=62s
2026-08-26T07:08:36+00:00 RUN_HEARTBEAT pid=43216 elapsed=123s
2026-08-26T07:09:38+00:00 RUN_HEARTBEAT pid=43216 elapsed=185s
2026-08-26T07:10:39+00:00 RUN_HEARTBEAT pid=43216 elapsed=247s
2026-08-26T07:11:26+00:00 RUN_END id=OAFX0795 window=OOS status=OK decision=STRICT_IMPROVEMENT elapsed=293.965s
2026-08-26T07:11:26+00:00 SCREEN_BYPASS [796/900] id=OAFX0796 route=FULLBOOK_DIRECT reason=OafxOverlapMaskで他枠の実保有を参照するため、単独枠では効果を測定不能
2026-08-26T07:11:26+00:00 RUN_START id=OAFX0796 family=sca_gj_overlap_gate window=IS run=oafx_is_oafx0796_20260826161126_1fa15c
2026-08-26T07:11:26+00:00 RUN_HEARTBEAT pid=46764 elapsed=0s
2026-08-26T07:12:28+00:00 RUN_HEARTBEAT pid=46764 elapsed=62s
2026-08-26T07:13:30+00:00 RUN_HEARTBEAT pid=46764 elapsed=123s
2026-08-26T07:14:32+00:00 RUN_HEARTBEAT pid=46764 elapsed=185s
2026-08-26T07:15:33+00:00 RUN_HEARTBEAT pid=46764 elapsed=247s
2026-08-26T07:16:35+00:00 RUN_HEARTBEAT pid=46764 elapsed=309s
2026-08-26T07:17:37+00:00 RUN_HEARTBEAT pid=46764 elapsed=370s
2026-08-26T07:17:52+00:00 RUN_END id=OAFX0796 window=IS status=OK decision=IS_SURVIVOR_STRICT elapsed=386.613s
2026-08-26T07:17:52+00:00 SKIP_BASELINE_OOS reason=existing actual measurement
2026-08-26T07:17:52+00:00 RUN_START id=OAFX0796 family=sca_gj_overlap_gate window=OOS run=oafx_oos_oafx0796_20260826161752_c870fb
2026-08-26T07:17:53+00:00 RUN_HEARTBEAT pid=45916 elapsed=0s
2026-08-26T07:18:55+00:00 RUN_HEARTBEAT pid=45916 elapsed=62s
2026-08-26T07:19:57+00:00 RUN_HEARTBEAT pid=45916 elapsed=123s
2026-08-26T07:20:58+00:00 RUN_HEARTBEAT pid=45916 elapsed=185s
2026-08-26T07:22:00+00:00 RUN_HEARTBEAT pid=45916 elapsed=247s
2026-08-26T07:22:46+00:00 RUN_END id=OAFX0796 window=OOS status=OK decision=STRICT_IMPROVEMENT elapsed=294.114s
2026-08-26T07:22:46+00:00 SCREEN_BYPASS [797/900] id=OAFX0797 route=FULLBOOK_DIRECT reason=OafxOverlapMaskで他枠の実保有を参照するため、単独枠では効果を測定不能
2026-08-26T07:22:46+00:00 RUN_START id=OAFX0797 family=sca_gj_overlap_gate window=IS run=oafx_is_oafx0797_20260826162246_0c3602
2026-08-26T07:22:47+00:00 RUN_HEARTBEAT pid=14624 elapsed=0s
2026-08-26T07:23:49+00:00 RUN_HEARTBEAT pid=14624 elapsed=62s
2026-08-26T07:24:51+00:00 RUN_HEARTBEAT pid=14624 elapsed=123s
2026-08-26T07:25:52+00:00 RUN_HEARTBEAT pid=14624 elapsed=185s
2026-08-26T07:26:54+00:00 RUN_HEARTBEAT pid=14624 elapsed=247s
2026-08-26T07:27:56+00:00 RUN_HEARTBEAT pid=14624 elapsed=309s
2026-08-26T07:28:58+00:00 RUN_HEARTBEAT pid=14624 elapsed=370s
2026-08-26T07:29:13+00:00 RUN_END id=OAFX0797 window=IS status=OK decision=IS_SURVIVOR_STRICT elapsed=386.775s
2026-08-26T07:29:13+00:00 SKIP_BASELINE_OOS reason=existing actual measurement
2026-08-26T07:29:13+00:00 RUN_START id=OAFX0797 family=sca_gj_overlap_gate window=OOS run=oafx_oos_oafx0797_20260826162913_5b0ec2
2026-08-26T07:29:14+00:00 RUN_HEARTBEAT pid=47000 elapsed=0s
2026-08-26T07:30:16+00:00 RUN_HEARTBEAT pid=47000 elapsed=62s
2026-08-26T07:31:18+00:00 RUN_HEARTBEAT pid=47000 elapsed=124s
2026-08-26T07:32:19+00:00 RUN_HEARTBEAT pid=47000 elapsed=185s
2026-08-26T07:33:21+00:00 RUN_HEARTBEAT pid=47000 elapsed=247s
2026-08-26T07:34:07+00:00 RUN_END id=OAFX0797 window=OOS status=OK decision=STRICT_IMPROVEMENT elapsed=294.206s
2026-08-26T07:34:07+00:00 SCREEN_BYPASS [798/900] id=OAFX0798 route=FULLBOOK_DIRECT reason=OafxOverlapMaskで他枠の実保有を参照するため、単独枠では効果を測定不能
2026-08-26T07:34:07+00:00 RUN_START id=OAFX0798 family=sca_gj_overlap_gate window=IS run=oafx_is_oafx0798_20260826163407_ce1876
2026-08-26T07:34:08+00:00 RUN_HEARTBEAT pid=43208 elapsed=0s
2026-08-26T07:35:10+00:00 RUN_HEARTBEAT pid=43208 elapsed=62s
2026-08-26T07:36:12+00:00 RUN_HEARTBEAT pid=43208 elapsed=123s
2026-08-26T07:37:13+00:00 RUN_HEARTBEAT pid=43208 elapsed=185s
2026-08-26T07:38:15+00:00 RUN_HEARTBEAT pid=43208 elapsed=247s
2026-08-26T07:39:17+00:00 RUN_HEARTBEAT pid=43208 elapsed=309s
2026-08-26T07:40:19+00:00 RUN_HEARTBEAT pid=43208 elapsed=370s
2026-08-26T07:40:34+00:00 RUN_END id=OAFX0798 window=IS status=OK decision=IS_SURVIVOR_STRICT elapsed=386.737s
2026-08-26T07:40:34+00:00 SKIP_BASELINE_OOS reason=existing actual measurement
2026-08-26T07:40:34+00:00 RUN_START id=OAFX0798 family=sca_gj_overlap_gate window=OOS run=oafx_oos_oafx0798_20260826164034_f90599
2026-08-26T07:40:35+00:00 RUN_HEARTBEAT pid=46792 elapsed=0s
2026-08-26T07:41:37+00:00 RUN_HEARTBEAT pid=46792 elapsed=62s
2026-08-26T07:42:39+00:00 RUN_HEARTBEAT pid=46792 elapsed=124s
2026-08-26T07:43:40+00:00 RUN_HEARTBEAT pid=46792 elapsed=185s
2026-08-26T07:44:42+00:00 RUN_HEARTBEAT pid=46792 elapsed=247s
2026-08-26T07:45:28+00:00 RUN_END id=OAFX0798 window=OOS status=OK decision=STRICT_IMPROVEMENT elapsed=294.217s
2026-08-26T07:45:28+00:00 SCREEN_BYPASS [799/900] id=OAFX0799 route=FULLBOOK_DIRECT reason=OafxOverlapMaskで他枠の実保有を参照するため、単独枠では効果を測定不能
2026-08-26T07:45:28+00:00 RUN_START id=OAFX0799 family=sca_gj_overlap_gate window=IS run=oafx_is_oafx0799_20260826164528_5d2b54
2026-08-26T07:45:29+00:00 RUN_HEARTBEAT pid=44816 elapsed=0s
2026-08-26T07:46:31+00:00 RUN_HEARTBEAT pid=44816 elapsed=62s
2026-08-26T07:47:33+00:00 RUN_HEARTBEAT pid=44816 elapsed=124s
2026-08-26T07:48:35+00:00 RUN_HEARTBEAT pid=44816 elapsed=185s
2026-08-26T07:49:36+00:00 RUN_HEARTBEAT pid=44816 elapsed=247s
2026-08-26T07:50:38+00:00 RUN_HEARTBEAT pid=44816 elapsed=309s
2026-08-26T07:51:40+00:00 RUN_HEARTBEAT pid=44816 elapsed=371s
2026-08-26T07:51:55+00:00 RUN_END id=OAFX0799 window=IS status=OK decision=IS_SURVIVOR_STRICT elapsed=386.896s
2026-08-26T07:51:55+00:00 SKIP_BASELINE_OOS reason=existing actual measurement
2026-08-26T07:51:55+00:00 RUN_START id=OAFX0799 family=sca_gj_overlap_gate window=OOS run=oafx_oos_oafx0799_20260826165155_5c5e0e
2026-08-26T07:51:56+00:00 RUN_HEARTBEAT pid=45956 elapsed=0s
2026-08-26T07:52:58+00:00 RUN_HEARTBEAT pid=45956 elapsed=62s
2026-08-26T07:54:00+00:00 RUN_HEARTBEAT pid=45956 elapsed=123s
2026-08-26T07:55:01+00:00 RUN_HEARTBEAT pid=45956 elapsed=185s
2026-08-26T07:56:03+00:00 RUN_HEARTBEAT pid=45956 elapsed=247s
2026-08-26T07:56:49+00:00 RUN_END id=OAFX0799 window=OOS status=OK decision=STRICT_IMPROVEMENT elapsed=294.154s
2026-08-26T07:56:49+00:00 SCREEN_BYPASS [800/900] id=OAFX0800 route=FULLBOOK_DIRECT reason=OafxOverlapMaskで他枠の実保有を参照するため、単独枠では効果を測定不能
2026-08-26T07:56:49+00:00 RUN_START id=OAFX0800 family=sca_gj_overlap_gate window=IS run=oafx_is_oafx0800_20260826165649_8f9892
2026-08-26T07:56:50+00:00 RUN_HEARTBEAT pid=32076 elapsed=0s
2026-08-26T07:57:52+00:00 RUN_HEARTBEAT pid=32076 elapsed=62s
2026-08-26T07:58:54+00:00 RUN_HEARTBEAT pid=32076 elapsed=123s
2026-08-26T07:59:55+00:00 RUN_HEARTBEAT pid=32076 elapsed=185s
2026-08-26T08:00:57+00:00 RUN_HEARTBEAT pid=32076 elapsed=247s
2026-08-26T08:01:59+00:00 RUN_HEARTBEAT pid=32076 elapsed=309s
2026-08-26T08:03:01+00:00 RUN_HEARTBEAT pid=32076 elapsed=370s
2026-08-26T08:03:16+00:00 WAIT_MT5_IDLE elapsed=0s processes=metatester64.exe
2026-08-26T08:04:17+00:00 WAIT_MT5_IDLE elapsed=62s processes=metatester64.exe
2026-08-26T08:05:19+00:00 WAIT_MT5_IDLE elapsed=123s processes=metatester64.exe
2026-08-26T08:06:21+00:00 WAIT_MT5_IDLE elapsed=185s processes=metatester64.exe
2026-08-26T08:07:22+00:00 WAIT_MT5_IDLE elapsed=246s processes=metatester64.exe
2026-08-26T08:08:24+00:00 KILL_ORPHAN_TESTER orphan_seconds=308
2026-08-26T08:08:39+00:00 RUN_END id=OAFX0800 window=IS status=OK decision=IS_SURVIVOR_STRICT elapsed=709.650s
2026-08-26T08:08:39+00:00 SKIP_BASELINE_OOS reason=existing actual measurement
2026-08-26T08:08:39+00:00 RUN_START id=OAFX0800 family=sca_gj_overlap_gate window=OOS run=oafx_oos_oafx0800_20260826170839_d84fe1
2026-08-26T08:08:40+00:00 RUN_HEARTBEAT pid=43808 elapsed=0s
2026-08-26T08:09:42+00:00 RUN_HEARTBEAT pid=43808 elapsed=62s
2026-08-26T08:10:43+00:00 RUN_HEARTBEAT pid=43808 elapsed=123s
2026-08-26T08:11:45+00:00 RUN_HEARTBEAT pid=43808 elapsed=185s
2026-08-26T08:12:47+00:00 RUN_HEARTBEAT pid=43808 elapsed=247s
2026-08-26T08:13:33+00:00 RUN_END id=OAFX0800 window=OOS status=OK decision=STRICT_IMPROVEMENT elapsed=294.088s
2026-08-26T08:13:33+00:00 RUN_START id=OAFX0801 family=sca_gj_realized_loss_cooldown window=SCREEN_IS run=oafx_screen_is_oafx0801_20260826171333_7eee69
2026-08-26T08:13:34+00:00 RUN_HEARTBEAT pid=35672 elapsed=0s
2026-08-26T08:14:36+00:00 RUN_HEARTBEAT pid=35672 elapsed=62s
2026-08-26T08:14:51+00:00 RUN_END id=OAFX0801 window=SCREEN_IS status=OK decision=SCREEN_PASS_STRICT elapsed=77.886s
2026-08-26T08:14:51+00:00 RUN_START id=OAFX0801 family=sca_gj_realized_loss_cooldown window=IS run=oafx_is_oafx0801_20260826171451_aa2fdb
2026-08-26T08:14:52+00:00 RUN_HEARTBEAT pid=20052 elapsed=0s
2026-08-26T08:15:54+00:00 RUN_HEARTBEAT pid=20052 elapsed=62s
2026-08-26T08:16:55+00:00 RUN_HEARTBEAT pid=20052 elapsed=124s
2026-08-26T08:17:57+00:00 RUN_HEARTBEAT pid=20052 elapsed=185s
2026-08-26T08:18:58+00:00 RUN_HEARTBEAT pid=20052 elapsed=247s
2026-08-26T08:20:00+00:00 RUN_HEARTBEAT pid=20052 elapsed=309s
2026-08-26T08:21:01+00:00 RUN_HEARTBEAT pid=20052 elapsed=370s
2026-08-26T08:21:17+00:00 RUN_END id=OAFX0801 window=IS status=OK decision=IS_REJECT elapsed=386.858s
2026-08-26T08:21:17+00:00 GATE_SKIP id=OAFX0801 window=OOS reason=IS_NOT_SURVIVOR decision=IS_REJECT net=336217.0 PF=1.5057 DD=39.6516%
2026-08-26T08:21:17+00:00 SCREEN_BYPASS [802/900] id=OAFX0802 route=FULLBOOK_DIRECT reason=OafxLossScope=2 (SCA両枠) の実現損失を参照するため、単独枠では効果を測定不能
2026-08-26T08:21:17+00:00 RUN_START id=OAFX0802 family=sca_gj_realized_loss_cooldown window=IS run=oafx_is_oafx0802_20260826172117_897b5a
2026-08-26T08:21:18+00:00 RUN_HEARTBEAT pid=35308 elapsed=0s
2026-08-26T08:22:20+00:00 RUN_HEARTBEAT pid=35308 elapsed=62s
2026-08-26T08:23:21+00:00 RUN_HEARTBEAT pid=35308 elapsed=124s
2026-08-26T08:24:23+00:00 RUN_HEARTBEAT pid=35308 elapsed=185s
2026-08-26T08:25:25+00:00 RUN_HEARTBEAT pid=35308 elapsed=247s
2026-08-26T08:26:27+00:00 RUN_HEARTBEAT pid=35308 elapsed=309s
2026-08-26T08:27:28+00:00 RUN_HEARTBEAT pid=35308 elapsed=371s
2026-08-26T08:27:59+00:00 RUN_END id=OAFX0802 window=IS status=OK decision=IS_REJECT elapsed=402.268s
2026-08-26T08:27:59+00:00 GATE_SKIP id=OAFX0802 window=OOS reason=IS_NOT_SURVIVOR decision=IS_REJECT net=336217.0 PF=1.5057 DD=39.6516%
2026-08-26T08:27:59+00:00 SCREEN_BYPASS [803/900] id=OAFX0803 route=FULLBOOK_DIRECT reason=OafxLossScope=3 (全9枠) の実現損失を参照するため、単独枠では効果を測定不能
2026-08-26T08:27:59+00:00 RUN_START id=OAFX0803 family=sca_gj_realized_loss_cooldown window=IS run=oafx_is_oafx0803_20260826172759_464a9c
2026-08-26T08:28:00+00:00 RUN_HEARTBEAT pid=9476 elapsed=0s
2026-08-26T08:29:02+00:00 RUN_HEARTBEAT pid=9476 elapsed=62s
2026-08-26T08:30:03+00:00 RUN_HEARTBEAT pid=9476 elapsed=123s
2026-08-26T08:31:05+00:00 RUN_HEARTBEAT pid=9476 elapsed=185s
2026-08-26T08:32:07+00:00 RUN_HEARTBEAT pid=9476 elapsed=247s
2026-08-26T08:33:09+00:00 RUN_HEARTBEAT pid=9476 elapsed=309s
2026-08-26T08:34:11+00:00 RUN_HEARTBEAT pid=9476 elapsed=370s
2026-08-26T08:34:26+00:00 RUN_END id=OAFX0803 window=IS status=OK decision=IS_REJECT elapsed=386.811s
2026-08-26T08:34:26+00:00 GATE_SKIP id=OAFX0803 window=OOS reason=IS_NOT_SURVIVOR decision=IS_REJECT net=336092.0 PF=1.5079 DD=44.1773%
2026-08-26T08:34:26+00:00 SCREEN_BYPASS [804/900] id=OAFX0804 route=FULLBOOK_DIRECT reason=OafxLossScope=4 (重複相手枠) の実現損失を参照するため、単独枠では効果を測定不能
2026-08-26T08:34:26+00:00 RUN_START id=OAFX0804 family=sca_gj_realized_loss_cooldown window=IS run=oafx_is_oafx0804_20260826173426_00a59c
2026-08-26T08:34:27+00:00 RUN_HEARTBEAT pid=44976 elapsed=0s
2026-08-26T08:35:29+00:00 RUN_HEARTBEAT pid=44976 elapsed=62s
2026-08-26T08:36:30+00:00 RUN_HEARTBEAT pid=44976 elapsed=124s
2026-08-26T08:37:32+00:00 RUN_HEARTBEAT pid=44976 elapsed=185s
2026-08-26T08:38:34+00:00 RUN_HEARTBEAT pid=44976 elapsed=247s
2026-08-26T08:39:36+00:00 RUN_HEARTBEAT pid=44976 elapsed=309s
2026-08-26T08:40:37+00:00 RUN_HEARTBEAT pid=44976 elapsed=371s
2026-08-26T08:40:53+00:00 RUN_END id=OAFX0804 window=IS status=OK decision=IS_SURVIVOR_STRICT elapsed=386.808s
2026-08-26T08:40:53+00:00 SKIP_BASELINE_OOS reason=existing actual measurement
2026-08-26T08:40:53+00:00 RUN_START id=OAFX0804 family=sca_gj_realized_loss_cooldown window=OOS run=oafx_oos_oafx0804_20260826174053_040a4a
2026-08-26T08:40:54+00:00 RUN_HEARTBEAT pid=29384 elapsed=0s
2026-08-26T08:41:55+00:00 RUN_HEARTBEAT pid=29384 elapsed=62s
2026-08-26T08:42:57+00:00 RUN_HEARTBEAT pid=29384 elapsed=123s
2026-08-26T08:43:59+00:00 RUN_HEARTBEAT pid=29384 elapsed=185s
2026-08-26T08:45:01+00:00 RUN_HEARTBEAT pid=29384 elapsed=247s
2026-08-26T08:45:47+00:00 RUN_END id=OAFX0804 window=OOS status=OK decision=STRICT_IMPROVEMENT elapsed=294.180s
2026-08-26T08:45:47+00:00 RUN_START id=OAFX0805 family=sca_gj_realized_loss_cooldown window=SCREEN_IS run=oafx_screen_is_oafx0805_20260826174547_b9f121
2026-08-26T08:45:48+00:00 RUN_HEARTBEAT pid=38984 elapsed=0s
2026-08-26T08:46:49+00:00 RUN_HEARTBEAT pid=38984 elapsed=62s
2026-08-26T08:47:05+00:00 RUN_END id=OAFX0805 window=SCREEN_IS status=OK decision=SCREEN_PASS_STRICT elapsed=77.918s
2026-08-26T08:47:05+00:00 RUN_START id=OAFX0805 family=sca_gj_realized_loss_cooldown window=IS run=oafx_is_oafx0805_20260826174705_21e0c2
2026-08-26T08:47:06+00:00 RUN_HEARTBEAT pid=4852 elapsed=0s
2026-08-26T08:48:07+00:00 RUN_HEARTBEAT pid=4852 elapsed=62s
2026-08-26T08:49:09+00:00 RUN_HEARTBEAT pid=4852 elapsed=123s
2026-08-26T08:50:11+00:00 RUN_HEARTBEAT pid=4852 elapsed=185s
2026-08-26T08:51:13+00:00 RUN_HEARTBEAT pid=4852 elapsed=247s
2026-08-26T08:52:14+00:00 RUN_HEARTBEAT pid=4852 elapsed=309s
2026-08-26T08:53:16+00:00 RUN_HEARTBEAT pid=4852 elapsed=370s
2026-08-26T08:53:32+00:00 RUN_END id=OAFX0805 window=IS status=OK decision=IS_SURVIVOR_STRICT elapsed=386.718s
2026-08-26T08:53:32+00:00 SKIP_BASELINE_OOS reason=existing actual measurement
2026-08-26T08:53:32+00:00 RUN_START id=OAFX0805 family=sca_gj_realized_loss_cooldown window=OOS run=oafx_oos_oafx0805_20260826175332_294d57
2026-08-26T08:53:32+00:00 RUN_HEARTBEAT pid=46048 elapsed=0s
2026-08-26T08:54:34+00:00 RUN_HEARTBEAT pid=46048 elapsed=62s
2026-08-26T08:55:36+00:00 RUN_HEARTBEAT pid=46048 elapsed=123s
2026-08-26T08:56:37+00:00 RUN_HEARTBEAT pid=46048 elapsed=185s
2026-08-26T08:57:39+00:00 RUN_HEARTBEAT pid=46048 elapsed=247s
2026-08-26T08:58:26+00:00 RUN_END id=OAFX0805 window=OOS status=OK decision=STRICT_IMPROVEMENT elapsed=294.054s
2026-08-26T08:58:26+00:00 SCREEN_BYPASS [806/900] id=OAFX0806 route=FULLBOOK_DIRECT reason=OafxLossScope=2 (SCA両枠) の実現損失を参照するため、単独枠では効果を測定不能
2026-08-26T08:58:26+00:00 RUN_START id=OAFX0806 family=sca_gj_realized_loss_cooldown window=IS run=oafx_is_oafx0806_20260826175826_442bcf
2026-08-26T08:58:26+00:00 RUN_HEARTBEAT pid=30816 elapsed=0s
2026-08-26T08:59:28+00:00 RUN_HEARTBEAT pid=30816 elapsed=62s
2026-08-26T09:00:30+00:00 RUN_HEARTBEAT pid=30816 elapsed=123s
2026-08-26T09:01:32+00:00 RUN_HEARTBEAT pid=30816 elapsed=185s
2026-08-26T09:02:33+00:00 RUN_HEARTBEAT pid=30816 elapsed=247s
2026-08-26T09:03:35+00:00 RUN_HEARTBEAT pid=30816 elapsed=309s
2026-08-26T09:04:37+00:00 RUN_HEARTBEAT pid=30816 elapsed=370s
2026-08-26T09:04:52+00:00 RUN_END id=OAFX0806 window=IS status=OK decision=IS_SURVIVOR_STRICT elapsed=386.669s
2026-08-26T09:04:52+00:00 SKIP_BASELINE_OOS reason=existing actual measurement
2026-08-26T09:04:52+00:00 RUN_START id=OAFX0806 family=sca_gj_realized_loss_cooldown window=OOS run=oafx_oos_oafx0806_20260826180452_aec893
2026-08-26T09:04:53+00:00 RUN_HEARTBEAT pid=4996 elapsed=0s
2026-08-26T09:05:55+00:00 RUN_HEARTBEAT pid=4996 elapsed=62s
2026-08-26T09:06:57+00:00 RUN_HEARTBEAT pid=4996 elapsed=124s
2026-08-26T09:07:58+00:00 RUN_HEARTBEAT pid=4996 elapsed=185s
2026-08-26T09:09:00+00:00 RUN_HEARTBEAT pid=4996 elapsed=247s
2026-08-26T09:09:46+00:00 RUN_END id=OAFX0806 window=OOS status=OK decision=STRICT_IMPROVEMENT elapsed=294.161s
2026-08-26T09:09:46+00:00 SCREEN_BYPASS [807/900] id=OAFX0807 route=FULLBOOK_DIRECT reason=OafxLossScope=3 (全9枠) の実現損失を参照するため、単独枠では効果を測定不能
2026-08-26T09:09:46+00:00 RUN_START id=OAFX0807 family=sca_gj_realized_loss_cooldown window=IS run=oafx_is_oafx0807_20260826180946_30f6e0
2026-08-26T09:09:47+00:00 RUN_HEARTBEAT pid=8916 elapsed=0s
2026-08-26T09:10:49+00:00 RUN_HEARTBEAT pid=8916 elapsed=62s
2026-08-26T09:11:51+00:00 RUN_HEARTBEAT pid=8916 elapsed=123s
2026-08-26T09:12:52+00:00 RUN_HEARTBEAT pid=8916 elapsed=185s
2026-08-26T09:13:54+00:00 RUN_HEARTBEAT pid=8916 elapsed=247s
2026-08-26T09:14:56+00:00 RUN_HEARTBEAT pid=8916 elapsed=309s
2026-08-26T09:15:58+00:00 RUN_HEARTBEAT pid=8916 elapsed=370s
2026-08-26T09:16:13+00:00 RUN_END id=OAFX0807 window=IS status=OK decision=IS_SURVIVOR_STRICT elapsed=386.598s
2026-08-26T09:16:13+00:00 SKIP_BASELINE_OOS reason=existing actual measurement
2026-08-26T09:16:13+00:00 RUN_START id=OAFX0807 family=sca_gj_realized_loss_cooldown window=OOS run=oafx_oos_oafx0807_20260826181613_1f43ab
2026-08-26T09:16:14+00:00 RUN_HEARTBEAT pid=37424 elapsed=0s
2026-08-26T09:17:16+00:00 RUN_HEARTBEAT pid=37424 elapsed=62s
2026-08-26T09:18:17+00:00 RUN_HEARTBEAT pid=37424 elapsed=123s
2026-08-26T09:19:19+00:00 RUN_HEARTBEAT pid=37424 elapsed=185s
2026-08-26T09:20:21+00:00 RUN_HEARTBEAT pid=37424 elapsed=247s
2026-08-26T09:21:07+00:00 RUN_END id=OAFX0807 window=OOS status=OK decision=STRICT_IMPROVEMENT elapsed=294.171s
2026-08-26T09:21:07+00:00 SCREEN_BYPASS [808/900] id=OAFX0808 route=FULLBOOK_DIRECT reason=OafxLossScope=4 (重複相手枠) の実現損失を参照するため、単独枠では効果を測定不能
2026-08-26T09:21:07+00:00 RUN_START id=OAFX0808 family=sca_gj_realized_loss_cooldown window=IS run=oafx_is_oafx0808_20260826182107_ba3aa9
2026-08-26T09:21:08+00:00 RUN_HEARTBEAT pid=13508 elapsed=0s
2026-08-26T09:22:10+00:00 RUN_HEARTBEAT pid=13508 elapsed=62s
2026-08-26T09:23:12+00:00 RUN_HEARTBEAT pid=13508 elapsed=123s
2026-08-26T09:24:13+00:00 RUN_HEARTBEAT pid=13508 elapsed=185s
2026-08-26T09:25:15+00:00 RUN_HEARTBEAT pid=13508 elapsed=247s
2026-08-26T09:26:17+00:00 RUN_HEARTBEAT pid=13508 elapsed=309s
2026-08-26T09:27:19+00:00 RUN_HEARTBEAT pid=13508 elapsed=370s
2026-08-26T09:27:49+00:00 RUN_END id=OAFX0808 window=IS status=OK decision=IS_SURVIVOR_STRICT elapsed=402.192s
2026-08-26T09:27:49+00:00 SKIP_BASELINE_OOS reason=existing actual measurement
2026-08-26T09:27:49+00:00 RUN_START id=OAFX0808 family=sca_gj_realized_loss_cooldown window=OOS run=oafx_oos_oafx0808_20260826182749_89bc7c
2026-08-26T09:27:50+00:00 RUN_HEARTBEAT pid=15988 elapsed=0s
2026-08-26T09:28:52+00:00 RUN_HEARTBEAT pid=15988 elapsed=62s
2026-08-26T09:29:54+00:00 RUN_HEARTBEAT pid=15988 elapsed=123s
2026-08-26T09:30:55+00:00 RUN_HEARTBEAT pid=15988 elapsed=185s
2026-08-26T09:31:57+00:00 RUN_HEARTBEAT pid=15988 elapsed=247s
2026-08-26T09:32:44+00:00 RUN_END id=OAFX0808 window=OOS status=OK decision=STRICT_IMPROVEMENT elapsed=294.049s
2026-08-26T09:32:44+00:00 RUN_START id=OAFX0809 family=sca_gj_realized_loss_cooldown window=SCREEN_IS run=oafx_screen_is_oafx0809_20260826183244_66b0e7
2026-08-26T09:32:44+00:00 RUN_HEARTBEAT pid=38252 elapsed=0s
2026-08-26T09:33:46+00:00 RUN_HEARTBEAT pid=38252 elapsed=62s
2026-08-26T09:34:01+00:00 RUN_END id=OAFX0809 window=SCREEN_IS status=OK decision=SCREEN_OUT_SINGLE_SLEEVE elapsed=77.906s
2026-08-26T09:34:01+00:00 GATE_SKIP id=OAFX0809 window=IS reason=SINGLE_SLEEVE_INFERIOR decision=SCREEN_OUT_SINGLE_SLEEVE net=84921.0 PF=1.2184 DD=19.5314%
2026-08-26T09:34:01+00:00 SCREEN_BYPASS [810/900] id=OAFX0810 route=FULLBOOK_DIRECT reason=OafxLossScope=2 (SCA両枠) の実現損失を参照するため、単独枠では効果を測定不能
2026-08-26T09:34:01+00:00 RUN_START id=OAFX0810 family=sca_gj_realized_loss_cooldown window=IS run=oafx_is_oafx0810_20260826183401_e0f982
2026-08-26T09:34:02+00:00 RUN_HEARTBEAT pid=46428 elapsed=0s
2026-08-26T09:35:04+00:00 RUN_HEARTBEAT pid=46428 elapsed=62s
2026-08-26T09:36:06+00:00 RUN_HEARTBEAT pid=46428 elapsed=123s
2026-08-26T09:37:07+00:00 RUN_HEARTBEAT pid=46428 elapsed=185s
2026-08-26T09:38:09+00:00 RUN_HEARTBEAT pid=46428 elapsed=247s
2026-08-26T09:39:11+00:00 RUN_HEARTBEAT pid=46428 elapsed=309s
2026-08-26T09:40:13+00:00 RUN_HEARTBEAT pid=46428 elapsed=370s
2026-08-26T09:40:28+00:00 RUN_END id=OAFX0810 window=IS status=OK decision=IS_SURVIVOR_STRICT elapsed=386.750s
2026-08-26T09:40:28+00:00 SKIP_BASELINE_OOS reason=existing actual measurement
2026-08-26T09:40:28+00:00 RUN_START id=OAFX0810 family=sca_gj_realized_loss_cooldown window=OOS run=oafx_oos_oafx0810_20260826184028_4ebb9f
2026-08-26T09:40:29+00:00 RUN_HEARTBEAT pid=47044 elapsed=0s
2026-08-26T09:41:31+00:00 RUN_HEARTBEAT pid=47044 elapsed=62s
2026-08-26T09:42:32+00:00 RUN_HEARTBEAT pid=47044 elapsed=123s
2026-08-26T09:43:34+00:00 RUN_HEARTBEAT pid=47044 elapsed=185s
2026-08-26T09:44:36+00:00 RUN_HEARTBEAT pid=47044 elapsed=247s
2026-08-26T09:45:22+00:00 RUN_END id=OAFX0810 window=OOS status=OK decision=STRICT_IMPROVEMENT elapsed=294.174s
2026-08-26T09:45:22+00:00 SCREEN_BYPASS [811/900] id=OAFX0811 route=FULLBOOK_DIRECT reason=OafxLossScope=3 (全9枠) の実現損失を参照するため、単独枠では効果を測定不能
2026-08-26T09:45:22+00:00 RUN_START id=OAFX0811 family=sca_gj_realized_loss_cooldown window=IS run=oafx_is_oafx0811_20260826184522_3bff56
2026-08-26T09:45:23+00:00 RUN_HEARTBEAT pid=42324 elapsed=0s
2026-08-26T09:46:25+00:00 RUN_HEARTBEAT pid=42324 elapsed=62s
2026-08-26T09:47:27+00:00 RUN_HEARTBEAT pid=42324 elapsed=123s
2026-08-26T09:48:28+00:00 RUN_HEARTBEAT pid=42324 elapsed=185s
2026-08-26T09:49:30+00:00 RUN_HEARTBEAT pid=42324 elapsed=247s
2026-08-26T09:50:32+00:00 RUN_HEARTBEAT pid=42324 elapsed=309s
2026-08-26T09:51:34+00:00 RUN_HEARTBEAT pid=42324 elapsed=370s
2026-08-26T09:51:49+00:00 RUN_END id=OAFX0811 window=IS status=OK decision=IS_SURVIVOR_STRICT elapsed=386.769s
2026-08-26T09:51:49+00:00 SKIP_BASELINE_OOS reason=existing actual measurement
2026-08-26T09:51:49+00:00 RUN_START id=OAFX0811 family=sca_gj_realized_loss_cooldown window=OOS run=oafx_oos_oafx0811_20260826185149_3e52d1
2026-08-26T09:51:50+00:00 RUN_HEARTBEAT pid=16796 elapsed=0s
2026-08-26T09:52:52+00:00 RUN_HEARTBEAT pid=16796 elapsed=62s
2026-08-26T09:53:53+00:00 RUN_HEARTBEAT pid=16796 elapsed=123s
2026-08-26T09:54:55+00:00 RUN_HEARTBEAT pid=16796 elapsed=185s
2026-08-26T09:55:57+00:00 RUN_HEARTBEAT pid=16796 elapsed=247s
2026-08-26T09:56:43+00:00 RUN_END id=OAFX0811 window=OOS status=OK decision=STRICT_IMPROVEMENT elapsed=294.183s
2026-08-26T09:56:43+00:00 SCREEN_BYPASS [812/900] id=OAFX0812 route=FULLBOOK_DIRECT reason=OafxLossScope=4 (重複相手枠) の実現損失を参照するため、単独枠では効果を測定不能
2026-08-26T09:56:43+00:00 RUN_START id=OAFX0812 family=sca_gj_realized_loss_cooldown window=IS run=oafx_is_oafx0812_20260826185643_75f102
2026-08-26T09:56:44+00:00 RUN_HEARTBEAT pid=42720 elapsed=0s
2026-08-26T09:57:46+00:00 RUN_HEARTBEAT pid=42720 elapsed=62s
2026-08-26T09:58:48+00:00 RUN_HEARTBEAT pid=42720 elapsed=124s
2026-08-26T09:59:49+00:00 RUN_HEARTBEAT pid=42720 elapsed=185s
2026-08-26T10:00:51+00:00 RUN_HEARTBEAT pid=42720 elapsed=247s
2026-08-26T10:01:53+00:00 RUN_HEARTBEAT pid=42720 elapsed=309s
2026-08-26T10:02:55+00:00 RUN_HEARTBEAT pid=42720 elapsed=370s
2026-08-26T10:03:10+00:00 RUN_END id=OAFX0812 window=IS status=OK decision=IS_SURVIVOR_STRICT elapsed=386.697s
2026-08-26T10:03:10+00:00 SKIP_BASELINE_OOS reason=existing actual measurement
2026-08-26T10:03:10+00:00 RUN_START id=OAFX0812 family=sca_gj_realized_loss_cooldown window=OOS run=oafx_oos_oafx0812_20260826190310_fd24c5
2026-08-26T10:03:11+00:00 RUN_HEARTBEAT pid=29804 elapsed=0s
2026-08-26T10:04:13+00:00 RUN_HEARTBEAT pid=29804 elapsed=62s
2026-08-26T10:05:14+00:00 RUN_HEARTBEAT pid=29804 elapsed=123s
2026-08-26T10:06:16+00:00 RUN_HEARTBEAT pid=29804 elapsed=185s
2026-08-26T10:07:18+00:00 RUN_HEARTBEAT pid=29804 elapsed=247s
2026-08-26T10:08:04+00:00 RUN_END id=OAFX0812 window=OOS status=OK decision=STRICT_IMPROVEMENT elapsed=293.934s
2026-08-26T10:08:04+00:00 RUN_START id=OAFX0813 family=sca_gj_realized_loss_cooldown window=SCREEN_IS run=oafx_screen_is_oafx0813_20260826190804_5cbaab
2026-08-26T10:08:05+00:00 RUN_HEARTBEAT pid=18464 elapsed=0s
2026-08-26T10:09:06+00:00 RUN_HEARTBEAT pid=18464 elapsed=62s
2026-08-26T10:09:22+00:00 RUN_END id=OAFX0813 window=SCREEN_IS status=OK decision=SCREEN_OUT_SINGLE_SLEEVE elapsed=77.945s
2026-08-26T10:09:22+00:00 GATE_SKIP id=OAFX0813 window=IS reason=SINGLE_SLEEVE_INFERIOR decision=SCREEN_OUT_SINGLE_SLEEVE net=84921.0 PF=1.2184 DD=19.5314%
2026-08-26T10:09:22+00:00 SCREEN_BYPASS [814/900] id=OAFX0814 route=FULLBOOK_DIRECT reason=OafxLossScope=2 (SCA両枠) の実現損失を参照するため、単独枠では効果を測定不能
2026-08-26T10:09:22+00:00 RUN_START id=OAFX0814 family=sca_gj_realized_loss_cooldown window=IS run=oafx_is_oafx0814_20260826190922_d31b5c
2026-08-26T10:09:23+00:00 RUN_HEARTBEAT pid=35004 elapsed=0s
2026-08-26T10:10:24+00:00 RUN_HEARTBEAT pid=35004 elapsed=62s
2026-08-26T10:11:26+00:00 RUN_HEARTBEAT pid=35004 elapsed=123s
2026-08-26T10:12:28+00:00 RUN_HEARTBEAT pid=35004 elapsed=185s
2026-08-26T10:13:30+00:00 RUN_HEARTBEAT pid=35004 elapsed=247s
2026-08-26T10:14:31+00:00 RUN_HEARTBEAT pid=35004 elapsed=309s
2026-08-26T10:15:33+00:00 RUN_HEARTBEAT pid=35004 elapsed=370s
2026-08-26T10:15:49+00:00 RUN_END id=OAFX0814 window=IS status=OK decision=IS_SURVIVOR_STRICT elapsed=386.743s
2026-08-26T10:15:49+00:00 SKIP_BASELINE_OOS reason=existing actual measurement
2026-08-26T10:15:49+00:00 RUN_START id=OAFX0814 family=sca_gj_realized_loss_cooldown window=OOS run=oafx_oos_oafx0814_20260826191549_cc9114
2026-08-26T10:15:49+00:00 RUN_HEARTBEAT pid=16744 elapsed=0s
2026-08-26T10:16:51+00:00 RUN_HEARTBEAT pid=16744 elapsed=62s
2026-08-26T10:17:53+00:00 RUN_HEARTBEAT pid=16744 elapsed=123s
2026-08-26T10:18:55+00:00 RUN_HEARTBEAT pid=16744 elapsed=185s
2026-08-26T10:19:56+00:00 RUN_HEARTBEAT pid=16744 elapsed=247s
2026-08-26T10:20:43+00:00 RUN_END id=OAFX0814 window=OOS status=OK decision=STRICT_IMPROVEMENT elapsed=294.022s
2026-08-26T10:20:43+00:00 SCREEN_BYPASS [815/900] id=OAFX0815 route=FULLBOOK_DIRECT reason=OafxLossScope=3 (全9枠) の実現損失を参照するため、単独枠では効果を測定不能
2026-08-26T10:20:43+00:00 RUN_START id=OAFX0815 family=sca_gj_realized_loss_cooldown window=IS run=oafx_is_oafx0815_20260826192043_9e4d17
2026-08-26T10:20:43+00:00 RUN_HEARTBEAT pid=29872 elapsed=0s
2026-08-26T10:21:45+00:00 RUN_HEARTBEAT pid=29872 elapsed=62s
2026-08-26T10:22:47+00:00 RUN_HEARTBEAT pid=29872 elapsed=123s
2026-08-26T10:23:49+00:00 RUN_HEARTBEAT pid=29872 elapsed=185s
2026-08-26T10:24:50+00:00 RUN_HEARTBEAT pid=29872 elapsed=247s
2026-08-26T10:25:52+00:00 RUN_HEARTBEAT pid=29872 elapsed=309s
2026-08-26T10:26:54+00:00 RUN_HEARTBEAT pid=29872 elapsed=370s
2026-08-26T10:27:09+00:00 RUN_END id=OAFX0815 window=IS status=OK decision=IS_SURVIVOR_STRICT elapsed=386.603s
2026-08-26T10:27:09+00:00 SKIP_BASELINE_OOS reason=existing actual measurement
2026-08-26T10:27:09+00:00 RUN_START id=OAFX0815 family=sca_gj_realized_loss_cooldown window=OOS run=oafx_oos_oafx0815_20260826192709_c936de
2026-08-26T10:27:10+00:00 RUN_HEARTBEAT pid=29560 elapsed=0s
2026-08-26T10:28:12+00:00 RUN_HEARTBEAT pid=29560 elapsed=62s
2026-08-26T10:29:14+00:00 RUN_HEARTBEAT pid=29560 elapsed=124s
2026-08-26T10:30:15+00:00 RUN_HEARTBEAT pid=29560 elapsed=185s
2026-08-26T10:31:17+00:00 RUN_HEARTBEAT pid=29560 elapsed=247s
2026-08-26T10:32:03+00:00 RUN_END id=OAFX0815 window=OOS status=OK decision=STRICT_IMPROVEMENT elapsed=294.167s
2026-08-26T10:32:03+00:00 SCREEN_BYPASS [816/900] id=OAFX0816 route=FULLBOOK_DIRECT reason=OafxLossScope=4 (重複相手枠) の実現損失を参照するため、単独枠では効果を測定不能
2026-08-26T10:32:03+00:00 RUN_START id=OAFX0816 family=sca_gj_realized_loss_cooldown window=IS run=oafx_is_oafx0816_20260826193203_b85442
2026-08-26T10:32:04+00:00 RUN_HEARTBEAT pid=5076 elapsed=0s
2026-08-26T10:33:06+00:00 RUN_HEARTBEAT pid=5076 elapsed=62s
2026-08-26T10:34:08+00:00 RUN_HEARTBEAT pid=5076 elapsed=123s
2026-08-26T10:35:09+00:00 RUN_HEARTBEAT pid=5076 elapsed=185s
2026-08-26T10:36:11+00:00 RUN_HEARTBEAT pid=5076 elapsed=247s
2026-08-26T10:37:13+00:00 RUN_HEARTBEAT pid=5076 elapsed=309s
2026-08-26T10:38:15+00:00 RUN_HEARTBEAT pid=5076 elapsed=370s
2026-08-26T10:38:30+00:00 RUN_END id=OAFX0816 window=IS status=OK decision=IS_SURVIVOR_STRICT elapsed=386.535s
2026-08-26T10:38:30+00:00 SKIP_BASELINE_OOS reason=existing actual measurement
2026-08-26T10:38:30+00:00 RUN_START id=OAFX0816 family=sca_gj_realized_loss_cooldown window=OOS run=oafx_oos_oafx0816_20260826193830_14827f
2026-08-26T10:38:31+00:00 RUN_HEARTBEAT pid=5764 elapsed=0s
2026-08-26T10:39:33+00:00 RUN_HEARTBEAT pid=5764 elapsed=62s
2026-08-26T10:40:34+00:00 RUN_HEARTBEAT pid=5764 elapsed=123s
2026-08-26T10:41:36+00:00 RUN_HEARTBEAT pid=5764 elapsed=185s
2026-08-26T10:42:38+00:00 RUN_HEARTBEAT pid=5764 elapsed=247s
2026-08-26T10:43:24+00:00 RUN_END id=OAFX0816 window=OOS status=OK decision=STRICT_IMPROVEMENT elapsed=294.070s
2026-08-26T10:43:24+00:00 RUN_START id=OAFX0817 family=sca_gj_realized_loss_cooldown window=SCREEN_IS run=oafx_screen_is_oafx0817_20260826194324_d1addb
2026-08-26T10:43:25+00:00 RUN_HEARTBEAT pid=9436 elapsed=0s
2026-08-26T10:44:27+00:00 RUN_HEARTBEAT pid=9436 elapsed=62s
2026-08-26T10:44:42+00:00 RUN_END id=OAFX0817 window=SCREEN_IS status=OK decision=SCREEN_OUT_SINGLE_SLEEVE elapsed=77.981s
2026-08-26T10:44:42+00:00 GATE_SKIP id=OAFX0817 window=IS reason=SINGLE_SLEEVE_INFERIOR decision=SCREEN_OUT_SINGLE_SLEEVE net=84921.0 PF=1.2184 DD=19.5314%
2026-08-26T10:44:42+00:00 SCREEN_BYPASS [818/900] id=OAFX0818 route=FULLBOOK_DIRECT reason=OafxLossScope=2 (SCA両枠) の実現損失を参照するため、単独枠では効果を測定不能
2026-08-26T10:44:42+00:00 RUN_START id=OAFX0818 family=sca_gj_realized_loss_cooldown window=IS run=oafx_is_oafx0818_20260826194442_b56791
2026-08-26T10:44:43+00:00 RUN_HEARTBEAT pid=30260 elapsed=0s
2026-08-26T10:45:45+00:00 RUN_HEARTBEAT pid=30260 elapsed=62s
2026-08-26T10:46:46+00:00 RUN_HEARTBEAT pid=30260 elapsed=123s
2026-08-26T10:47:48+00:00 RUN_HEARTBEAT pid=30260 elapsed=185s
2026-08-26T10:48:50+00:00 RUN_HEARTBEAT pid=30260 elapsed=247s
2026-08-26T10:49:51+00:00 RUN_HEARTBEAT pid=30260 elapsed=309s
2026-08-26T10:50:53+00:00 RUN_HEARTBEAT pid=30260 elapsed=370s
2026-08-26T10:51:09+00:00 RUN_END id=OAFX0818 window=IS status=OK decision=IS_SURVIVOR_STRICT elapsed=386.562s
2026-08-26T10:51:09+00:00 SKIP_BASELINE_OOS reason=existing actual measurement
2026-08-26T10:51:09+00:00 RUN_START id=OAFX0818 family=sca_gj_realized_loss_cooldown window=OOS run=oafx_oos_oafx0818_20260826195109_da82c5
2026-08-26T10:51:09+00:00 RUN_HEARTBEAT pid=47000 elapsed=0s
2026-08-26T10:52:11+00:00 RUN_HEARTBEAT pid=47000 elapsed=62s
2026-08-26T10:53:13+00:00 RUN_HEARTBEAT pid=47000 elapsed=123s
2026-08-26T10:54:15+00:00 RUN_HEARTBEAT pid=47000 elapsed=185s
2026-08-26T10:55:16+00:00 RUN_HEARTBEAT pid=47000 elapsed=247s
2026-08-26T10:56:03+00:00 WAIT_MT5_IDLE elapsed=0s processes=metatester64.exe
2026-08-26T10:57:04+00:00 WAIT_MT5_IDLE elapsed=62s processes=metatester64.exe
2026-08-26T10:58:06+00:00 WAIT_MT5_IDLE elapsed=123s processes=metatester64.exe
2026-08-26T10:59:07+00:00 WAIT_MT5_IDLE elapsed=185s processes=metatester64.exe
2026-08-26T11:00:09+00:00 WAIT_MT5_IDLE elapsed=246s processes=metatester64.exe
2026-08-26T11:01:10+00:00 KILL_ORPHAN_TESTER orphan_seconds=307
2026-08-26T11:01:26+00:00 RUN_END id=OAFX0818 window=OOS status=OK decision=STRICT_IMPROVEMENT elapsed=617.048s
2026-08-26T11:01:26+00:00 SCREEN_BYPASS [819/900] id=OAFX0819 route=FULLBOOK_DIRECT reason=OafxLossScope=3 (全9枠) の実現損失を参照するため、単独枠では効果を測定不能
2026-08-26T11:01:26+00:00 RUN_START id=OAFX0819 family=sca_gj_realized_loss_cooldown window=IS run=oafx_is_oafx0819_20260826200126_ae60c2
2026-08-26T11:01:26+00:00 RUN_HEARTBEAT pid=28896 elapsed=0s
2026-08-26T11:02:28+00:00 RUN_HEARTBEAT pid=28896 elapsed=62s
2026-08-26T11:03:30+00:00 RUN_HEARTBEAT pid=28896 elapsed=123s
2026-08-26T11:04:32+00:00 RUN_HEARTBEAT pid=28896 elapsed=185s
2026-08-26T11:05:33+00:00 RUN_HEARTBEAT pid=28896 elapsed=247s
2026-08-26T11:06:35+00:00 RUN_HEARTBEAT pid=28896 elapsed=309s
2026-08-26T11:07:37+00:00 RUN_HEARTBEAT pid=28896 elapsed=370s
2026-08-26T11:07:52+00:00 RUN_END id=OAFX0819 window=IS status=OK decision=IS_SURVIVOR_STRICT elapsed=386.726s
2026-08-26T11:07:52+00:00 SKIP_BASELINE_OOS reason=existing actual measurement
2026-08-26T11:07:52+00:00 RUN_START id=OAFX0819 family=sca_gj_realized_loss_cooldown window=OOS run=oafx_oos_oafx0819_20260826200752_672eb8
2026-08-26T11:07:53+00:00 RUN_HEARTBEAT pid=29024 elapsed=0s
2026-08-26T11:08:55+00:00 RUN_HEARTBEAT pid=29024 elapsed=62s
2026-08-26T11:09:57+00:00 RUN_HEARTBEAT pid=29024 elapsed=123s
2026-08-26T11:10:58+00:00 RUN_HEARTBEAT pid=29024 elapsed=185s
2026-08-26T11:12:00+00:00 RUN_HEARTBEAT pid=29024 elapsed=247s
2026-08-26T11:12:47+00:00 RUN_END id=OAFX0819 window=OOS status=OK decision=STRICT_IMPROVEMENT elapsed=294.137s
2026-08-26T11:12:47+00:00 SCREEN_BYPASS [820/900] id=OAFX0820 route=FULLBOOK_DIRECT reason=OafxLossScope=4 (重複相手枠) の実現損失を参照するため、単独枠では効果を測定不能
2026-08-26T11:12:47+00:00 RUN_START id=OAFX0820 family=sca_gj_realized_loss_cooldown window=IS run=oafx_is_oafx0820_20260826201247_c92273
2026-08-26T11:12:47+00:00 RUN_HEARTBEAT pid=19112 elapsed=0s
2026-08-26T11:13:49+00:00 RUN_HEARTBEAT pid=19112 elapsed=62s
2026-08-26T11:14:51+00:00 RUN_HEARTBEAT pid=19112 elapsed=124s
2026-08-26T11:15:53+00:00 RUN_HEARTBEAT pid=19112 elapsed=185s
2026-08-26T11:16:54+00:00 RUN_HEARTBEAT pid=19112 elapsed=247s
2026-08-26T11:17:56+00:00 RUN_HEARTBEAT pid=19112 elapsed=309s
2026-08-26T11:18:58+00:00 RUN_HEARTBEAT pid=19112 elapsed=371s
2026-08-26T11:19:13+00:00 RUN_END id=OAFX0820 window=IS status=OK decision=IS_SURVIVOR_STRICT elapsed=386.807s
2026-08-26T11:19:13+00:00 SKIP_BASELINE_OOS reason=existing actual measurement
2026-08-26T11:19:13+00:00 RUN_START id=OAFX0820 family=sca_gj_realized_loss_cooldown window=OOS run=oafx_oos_oafx0820_20260826201913_cb1a9d
2026-08-26T11:19:14+00:00 RUN_HEARTBEAT pid=21272 elapsed=0s
2026-08-26T11:20:16+00:00 RUN_HEARTBEAT pid=21272 elapsed=62s
2026-08-26T11:21:18+00:00 RUN_HEARTBEAT pid=21272 elapsed=123s
2026-08-26T11:22:19+00:00 RUN_HEARTBEAT pid=21272 elapsed=185s
2026-08-26T11:23:21+00:00 RUN_HEARTBEAT pid=21272 elapsed=247s
2026-08-26T11:24:07+00:00 RUN_END id=OAFX0820 window=OOS status=OK decision=STRICT_IMPROVEMENT elapsed=294.072s
2026-08-26T11:24:07+00:00 RUN_START id=OAFX0821 family=sca_gj_realized_loss_cooldown window=SCREEN_IS run=oafx_screen_is_oafx0821_20260826202407_3cd9b9
2026-08-26T11:24:08+00:00 RUN_HEARTBEAT pid=25792 elapsed=0s
2026-08-26T11:25:10+00:00 RUN_HEARTBEAT pid=25792 elapsed=62s
2026-08-26T11:25:25+00:00 RUN_END id=OAFX0821 window=SCREEN_IS status=OK decision=SCREEN_PASS_STRICT elapsed=77.935s
2026-08-26T11:25:25+00:00 RUN_START id=OAFX0821 family=sca_gj_realized_loss_cooldown window=IS run=oafx_is_oafx0821_20260826202525_fbffc7
2026-08-26T11:25:26+00:00 RUN_HEARTBEAT pid=3828 elapsed=0s
2026-08-26T11:26:28+00:00 RUN_HEARTBEAT pid=3828 elapsed=62s
2026-08-26T11:27:30+00:00 RUN_HEARTBEAT pid=3828 elapsed=123s
2026-08-26T11:28:31+00:00 RUN_HEARTBEAT pid=3828 elapsed=185s
2026-08-26T11:29:33+00:00 RUN_HEARTBEAT pid=3828 elapsed=247s
2026-08-26T11:30:35+00:00 RUN_HEARTBEAT pid=3828 elapsed=309s
2026-08-26T11:31:37+00:00 RUN_HEARTBEAT pid=3828 elapsed=370s
2026-08-26T11:31:52+00:00 RUN_END id=OAFX0821 window=IS status=OK decision=IS_REJECT elapsed=386.613s
2026-08-26T11:31:52+00:00 GATE_SKIP id=OAFX0821 window=OOS reason=IS_NOT_SURVIVOR decision=IS_REJECT net=330289.0 PF=1.494 DD=39.6439%
2026-08-26T11:31:52+00:00 SCREEN_BYPASS [822/900] id=OAFX0822 route=FULLBOOK_DIRECT reason=OafxLossScope=2 (SCA両枠) の実現損失を参照するため、単独枠では効果を測定不能
2026-08-26T11:31:52+00:00 RUN_START id=OAFX0822 family=sca_gj_realized_loss_cooldown window=IS run=oafx_is_oafx0822_20260826203152_056b50
2026-08-26T11:31:53+00:00 RUN_HEARTBEAT pid=34164 elapsed=0s
2026-08-26T11:32:54+00:00 RUN_HEARTBEAT pid=34164 elapsed=62s
2026-08-26T11:33:56+00:00 RUN_HEARTBEAT pid=34164 elapsed=123s
2026-08-26T11:34:58+00:00 RUN_HEARTBEAT pid=34164 elapsed=185s
2026-08-26T11:36:00+00:00 RUN_HEARTBEAT pid=34164 elapsed=247s
2026-08-26T11:37:01+00:00 RUN_HEARTBEAT pid=34164 elapsed=309s
2026-08-26T11:38:03+00:00 RUN_HEARTBEAT pid=34164 elapsed=370s
2026-08-26T11:38:19+00:00 RUN_END id=OAFX0822 window=IS status=OK decision=IS_REJECT elapsed=386.686s
2026-08-26T11:38:19+00:00 GATE_SKIP id=OAFX0822 window=OOS reason=IS_NOT_SURVIVOR decision=IS_REJECT net=329701.0 PF=1.4927 DD=39.6439%
2026-08-26T11:38:19+00:00 SCREEN_BYPASS [823/900] id=OAFX0823 route=FULLBOOK_DIRECT reason=OafxLossScope=3 (全9枠) の実現損失を参照するため、単独枠では効果を測定不能
2026-08-26T11:38:19+00:00 RUN_START id=OAFX0823 family=sca_gj_realized_loss_cooldown window=IS run=oafx_is_oafx0823_20260826203819_c4d13e
2026-08-26T11:38:20+00:00 RUN_HEARTBEAT pid=38776 elapsed=0s
2026-08-26T11:39:21+00:00 RUN_HEARTBEAT pid=38776 elapsed=62s
2026-08-26T11:40:23+00:00 RUN_HEARTBEAT pid=38776 elapsed=123s
2026-08-26T11:41:25+00:00 RUN_HEARTBEAT pid=38776 elapsed=185s
2026-08-26T11:42:27+00:00 RUN_HEARTBEAT pid=38776 elapsed=247s
2026-08-26T11:43:28+00:00 RUN_HEARTBEAT pid=38776 elapsed=309s
2026-08-26T11:44:30+00:00 RUN_HEARTBEAT pid=38776 elapsed=370s
2026-08-26T11:44:45+00:00 RUN_END id=OAFX0823 window=IS status=OK decision=IS_REJECT elapsed=386.730s
2026-08-26T11:44:45+00:00 GATE_SKIP id=OAFX0823 window=OOS reason=IS_NOT_SURVIVOR decision=IS_REJECT net=328657.0 PF=1.5036 DD=46.2285%
2026-08-26T11:44:45+00:00 SCREEN_BYPASS [824/900] id=OAFX0824 route=FULLBOOK_DIRECT reason=OafxLossScope=4 (重複相手枠) の実現損失を参照するため、単独枠では効果を測定不能
2026-08-26T11:44:45+00:00 RUN_START id=OAFX0824 family=sca_gj_realized_loss_cooldown window=IS run=oafx_is_oafx0824_20260826204445_28ca51
2026-08-26T11:44:46+00:00 RUN_HEARTBEAT pid=9120 elapsed=0s
2026-08-26T11:45:48+00:00 RUN_HEARTBEAT pid=9120 elapsed=62s
2026-08-26T11:46:50+00:00 RUN_HEARTBEAT pid=9120 elapsed=123s
2026-08-26T11:47:52+00:00 RUN_HEARTBEAT pid=9120 elapsed=185s
2026-08-26T11:48:53+00:00 RUN_HEARTBEAT pid=9120 elapsed=247s
2026-08-26T11:49:55+00:00 RUN_HEARTBEAT pid=9120 elapsed=309s
2026-08-26T11:50:57+00:00 RUN_HEARTBEAT pid=9120 elapsed=371s
2026-08-26T11:51:12+00:00 RUN_END id=OAFX0824 window=IS status=OK decision=IS_SURVIVOR_STRICT elapsed=386.859s
2026-08-26T11:51:12+00:00 SKIP_BASELINE_OOS reason=existing actual measurement
2026-08-26T11:51:12+00:00 RUN_START id=OAFX0824 family=sca_gj_realized_loss_cooldown window=OOS run=oafx_oos_oafx0824_20260826205112_d5ba71
2026-08-26T11:51:13+00:00 RUN_HEARTBEAT pid=39604 elapsed=0s
2026-08-26T11:52:15+00:00 RUN_HEARTBEAT pid=39604 elapsed=62s
2026-08-26T11:53:17+00:00 RUN_HEARTBEAT pid=39604 elapsed=123s
2026-08-26T11:54:18+00:00 RUN_HEARTBEAT pid=39604 elapsed=185s
2026-08-26T11:55:20+00:00 RUN_HEARTBEAT pid=39604 elapsed=247s
2026-08-26T11:56:06+00:00 RUN_END id=OAFX0824 window=OOS status=OK decision=STRICT_IMPROVEMENT elapsed=294.049s
2026-08-26T11:56:06+00:00 RUN_START id=OAFX0825 family=sca_gj_realized_loss_cooldown window=SCREEN_IS run=oafx_screen_is_oafx0825_20260826205606_7f597f
2026-08-26T11:56:07+00:00 RUN_HEARTBEAT pid=37580 elapsed=0s
2026-08-26T11:57:09+00:00 RUN_HEARTBEAT pid=37580 elapsed=62s
2026-08-26T11:57:24+00:00 RUN_END id=OAFX0825 window=SCREEN_IS status=OK decision=SCREEN_OUT_SINGLE_SLEEVE elapsed=77.939s
2026-08-26T11:57:24+00:00 GATE_SKIP id=OAFX0825 window=IS reason=SINGLE_SLEEVE_INFERIOR decision=SCREEN_OUT_SINGLE_SLEEVE net=88276.0 PF=1.2297 DD=20.7939%
2026-08-26T11:57:24+00:00 SCREEN_BYPASS [826/900] id=OAFX0826 route=FULLBOOK_DIRECT reason=OafxLossScope=2 (SCA両枠) の実現損失を参照するため、単独枠では効果を測定不能
2026-08-26T11:57:24+00:00 RUN_START id=OAFX0826 family=sca_gj_realized_loss_cooldown window=IS run=oafx_is_oafx0826_20260826205724_c14ee7
2026-08-26T11:57:25+00:00 RUN_HEARTBEAT pid=22488 elapsed=0s
2026-08-26T11:58:27+00:00 RUN_HEARTBEAT pid=22488 elapsed=62s
2026-08-26T11:59:29+00:00 RUN_HEARTBEAT pid=22488 elapsed=124s
2026-08-26T12:00:30+00:00 RUN_HEARTBEAT pid=22488 elapsed=185s
2026-08-26T12:01:32+00:00 RUN_HEARTBEAT pid=22488 elapsed=247s
2026-08-26T12:02:34+00:00 RUN_HEARTBEAT pid=22488 elapsed=309s
2026-08-26T12:03:36+00:00 RUN_HEARTBEAT pid=22488 elapsed=370s
2026-08-26T12:03:51+00:00 RUN_END id=OAFX0826 window=IS status=OK decision=IS_SURVIVOR_STRICT elapsed=386.714s
2026-08-26T12:03:51+00:00 SKIP_BASELINE_OOS reason=existing actual measurement
2026-08-26T12:03:51+00:00 RUN_START id=OAFX0826 family=sca_gj_realized_loss_cooldown window=OOS run=oafx_oos_oafx0826_20260826210351_e0d746
2026-08-26T12:03:52+00:00 RUN_HEARTBEAT pid=25788 elapsed=0s
2026-08-26T12:04:54+00:00 RUN_HEARTBEAT pid=25788 elapsed=62s
2026-08-26T12:05:55+00:00 RUN_HEARTBEAT pid=25788 elapsed=123s
2026-08-26T12:06:57+00:00 RUN_HEARTBEAT pid=25788 elapsed=185s
2026-08-26T12:07:59+00:00 RUN_HEARTBEAT pid=25788 elapsed=247s
2026-08-26T12:08:45+00:00 WAIT_MT5_IDLE elapsed=0s processes=metatester64.exe
2026-08-26T12:09:47+00:00 WAIT_MT5_IDLE elapsed=62s processes=metatester64.exe
2026-08-26T12:10:48+00:00 WAIT_MT5_IDLE elapsed=123s processes=metatester64.exe
2026-08-26T12:11:50+00:00 WAIT_MT5_IDLE elapsed=185s processes=metatester64.exe
2026-08-26T12:12:51+00:00 WAIT_MT5_IDLE elapsed=246s processes=metatester64.exe
2026-08-26T12:13:53+00:00 KILL_ORPHAN_TESTER orphan_seconds=308
2026-08-26T12:14:08+00:00 RUN_END id=OAFX0826 window=OOS status=OK decision=STRICT_IMPROVEMENT elapsed=617.195s
2026-08-26T12:14:08+00:00 SCREEN_BYPASS [827/900] id=OAFX0827 route=FULLBOOK_DIRECT reason=OafxLossScope=3 (全9枠) の実現損失を参照するため、単独枠では効果を測定不能
2026-08-26T12:14:08+00:00 RUN_START id=OAFX0827 family=sca_gj_realized_loss_cooldown window=IS run=oafx_is_oafx0827_20260826211408_542ca9
2026-08-26T12:14:09+00:00 RUN_HEARTBEAT pid=37256 elapsed=0s
2026-08-26T12:15:11+00:00 RUN_HEARTBEAT pid=37256 elapsed=62s
2026-08-26T12:16:12+00:00 RUN_HEARTBEAT pid=37256 elapsed=123s
2026-08-26T12:17:14+00:00 RUN_HEARTBEAT pid=37256 elapsed=185s
2026-08-26T12:18:16+00:00 RUN_HEARTBEAT pid=37256 elapsed=247s
2026-08-26T12:19:18+00:00 RUN_HEARTBEAT pid=37256 elapsed=309s
2026-08-26T12:20:19+00:00 RUN_HEARTBEAT pid=37256 elapsed=370s
2026-08-26T12:20:35+00:00 RUN_END id=OAFX0827 window=IS status=OK decision=IS_SURVIVOR_STRICT elapsed=386.595s
2026-08-26T12:20:35+00:00 SKIP_BASELINE_OOS reason=existing actual measurement
2026-08-26T12:20:35+00:00 RUN_START id=OAFX0827 family=sca_gj_realized_loss_cooldown window=OOS run=oafx_oos_oafx0827_20260826212035_773b72
2026-08-26T12:20:36+00:00 RUN_HEARTBEAT pid=46380 elapsed=0s
2026-08-26T12:21:37+00:00 RUN_HEARTBEAT pid=46380 elapsed=62s
2026-08-26T12:22:39+00:00 RUN_HEARTBEAT pid=46380 elapsed=123s
2026-08-26T12:23:41+00:00 RUN_HEARTBEAT pid=46380 elapsed=185s
2026-08-26T12:24:43+00:00 RUN_HEARTBEAT pid=46380 elapsed=247s
2026-08-26T12:25:29+00:00 RUN_END id=OAFX0827 window=OOS status=OK decision=STRICT_IMPROVEMENT elapsed=294.108s
2026-08-26T12:25:29+00:00 SCREEN_BYPASS [828/900] id=OAFX0828 route=FULLBOOK_DIRECT reason=OafxLossScope=4 (重複相手枠) の実現損失を参照するため、単独枠では効果を測定不能
2026-08-26T12:25:29+00:00 RUN_START id=OAFX0828 family=sca_gj_realized_loss_cooldown window=IS run=oafx_is_oafx0828_20260826212529_d552d1
2026-08-26T12:25:30+00:00 RUN_HEARTBEAT pid=31836 elapsed=0s
2026-08-26T12:26:31+00:00 RUN_HEARTBEAT pid=31836 elapsed=62s
2026-08-26T12:27:33+00:00 RUN_HEARTBEAT pid=31836 elapsed=123s
2026-08-26T12:28:35+00:00 RUN_HEARTBEAT pid=31836 elapsed=185s
2026-08-26T12:29:37+00:00 RUN_HEARTBEAT pid=31836 elapsed=247s
2026-08-26T12:30:38+00:00 RUN_HEARTBEAT pid=31836 elapsed=309s
2026-08-26T12:31:40+00:00 RUN_HEARTBEAT pid=31836 elapsed=371s
2026-08-26T12:31:56+00:00 WAIT_MT5_IDLE elapsed=0s processes=metatester64.exe
2026-08-26T12:32:57+00:00 WAIT_MT5_IDLE elapsed=62s processes=metatester64.exe
2026-08-26T12:33:59+00:00 WAIT_MT5_IDLE elapsed=123s processes=metatester64.exe
2026-08-26T12:35:00+00:00 WAIT_MT5_IDLE elapsed=185s processes=metatester64.exe
2026-08-26T12:36:02+00:00 WAIT_MT5_IDLE elapsed=246s processes=metatester64.exe
2026-08-26T12:37:03+00:00 KILL_ORPHAN_TESTER orphan_seconds=307
2026-08-26T12:37:19+00:00 RUN_END id=OAFX0828 window=IS status=OK decision=IS_SURVIVOR_STRICT elapsed=709.654s
2026-08-26T12:37:19+00:00 SKIP_BASELINE_OOS reason=existing actual measurement
2026-08-26T12:37:19+00:00 RUN_START id=OAFX0828 family=sca_gj_realized_loss_cooldown window=OOS run=oafx_oos_oafx0828_20260826213719_6c781e
2026-08-26T12:37:19+00:00 RUN_HEARTBEAT pid=46264 elapsed=0s
2026-08-26T12:38:21+00:00 RUN_HEARTBEAT pid=46264 elapsed=62s
2026-08-26T12:39:23+00:00 RUN_HEARTBEAT pid=46264 elapsed=123s
2026-08-26T12:40:25+00:00 RUN_HEARTBEAT pid=46264 elapsed=185s
2026-08-26T12:41:26+00:00 RUN_HEARTBEAT pid=46264 elapsed=247s
2026-08-26T12:42:13+00:00 RUN_END id=OAFX0828 window=OOS status=OK decision=STRICT_IMPROVEMENT elapsed=294.126s
2026-08-26T12:42:13+00:00 RUN_START id=OAFX0829 family=sca_gj_realized_loss_cooldown window=SCREEN_IS run=oafx_screen_is_oafx0829_20260826214213_89bd5a
2026-08-26T12:42:14+00:00 RUN_HEARTBEAT pid=46296 elapsed=0s
2026-08-26T12:43:15+00:00 RUN_HEARTBEAT pid=46296 elapsed=62s
2026-08-26T12:43:31+00:00 RUN_END id=OAFX0829 window=SCREEN_IS status=OK decision=SCREEN_OUT_SINGLE_SLEEVE elapsed=77.973s
2026-08-26T12:43:31+00:00 GATE_SKIP id=OAFX0829 window=IS reason=SINGLE_SLEEVE_INFERIOR decision=SCREEN_OUT_SINGLE_SLEEVE net=81826.0 PF=1.2087 DD=20.8489%
2026-08-26T12:43:31+00:00 SCREEN_BYPASS [830/900] id=OAFX0830 route=FULLBOOK_DIRECT reason=OafxLossScope=2 (SCA両枠) の実現損失を参照するため、単独枠では効果を測定不能
2026-08-26T12:43:31+00:00 RUN_START id=OAFX0830 family=sca_gj_realized_loss_cooldown window=IS run=oafx_is_oafx0830_20260826214331_b895ae
2026-08-26T12:43:32+00:00 RUN_HEARTBEAT pid=40348 elapsed=0s
2026-08-26T12:44:33+00:00 RUN_HEARTBEAT pid=40348 elapsed=62s
2026-08-26T12:45:35+00:00 RUN_HEARTBEAT pid=40348 elapsed=124s
2026-08-26T12:46:37+00:00 RUN_HEARTBEAT pid=40348 elapsed=185s
2026-08-26T12:47:39+00:00 RUN_HEARTBEAT pid=40348 elapsed=247s
2026-08-26T12:48:40+00:00 RUN_HEARTBEAT pid=40348 elapsed=309s
2026-08-26T12:49:42+00:00 RUN_HEARTBEAT pid=40348 elapsed=371s
2026-08-26T12:49:58+00:00 RUN_END id=OAFX0830 window=IS status=OK decision=IS_SURVIVOR_STRICT elapsed=386.945s
2026-08-26T12:49:58+00:00 SKIP_BASELINE_OOS reason=existing actual measurement
2026-08-26T12:49:58+00:00 RUN_START id=OAFX0830 family=sca_gj_realized_loss_cooldown window=OOS run=oafx_oos_oafx0830_20260826214958_237636
2026-08-26T12:49:58+00:00 RUN_HEARTBEAT pid=42664 elapsed=0s
2026-08-26T12:51:00+00:00 RUN_HEARTBEAT pid=42664 elapsed=62s
2026-08-26T12:52:02+00:00 RUN_HEARTBEAT pid=42664 elapsed=123s
2026-08-26T12:53:04+00:00 RUN_HEARTBEAT pid=42664 elapsed=185s
2026-08-26T12:54:05+00:00 RUN_HEARTBEAT pid=42664 elapsed=247s
2026-08-26T12:54:52+00:00 RUN_END id=OAFX0830 window=OOS status=OK decision=STRICT_IMPROVEMENT elapsed=294.048s
2026-08-26T12:54:52+00:00 SCREEN_BYPASS [831/900] id=OAFX0831 route=FULLBOOK_DIRECT reason=OafxLossScope=3 (全9枠) の実現損失を参照するため、単独枠では効果を測定不能
2026-08-26T12:54:52+00:00 RUN_START id=OAFX0831 family=sca_gj_realized_loss_cooldown window=IS run=oafx_is_oafx0831_20260826215452_7c6d74
2026-08-26T12:54:53+00:00 RUN_HEARTBEAT pid=42008 elapsed=0s
2026-08-26T12:55:54+00:00 RUN_HEARTBEAT pid=42008 elapsed=62s
2026-08-26T12:56:56+00:00 RUN_HEARTBEAT pid=42008 elapsed=123s
2026-08-26T12:57:58+00:00 RUN_HEARTBEAT pid=42008 elapsed=185s
2026-08-26T12:58:59+00:00 RUN_HEARTBEAT pid=42008 elapsed=247s
2026-08-26T13:00:01+00:00 RUN_HEARTBEAT pid=42008 elapsed=309s
2026-08-26T13:01:03+00:00 RUN_HEARTBEAT pid=42008 elapsed=370s
2026-08-26T13:01:18+00:00 RUN_END id=OAFX0831 window=IS status=OK decision=IS_SURVIVOR_STRICT elapsed=386.663s
2026-08-26T13:01:18+00:00 SKIP_BASELINE_OOS reason=existing actual measurement
2026-08-26T13:01:18+00:00 RUN_START id=OAFX0831 family=sca_gj_realized_loss_cooldown window=OOS run=oafx_oos_oafx0831_20260826220118_e704cf
2026-08-26T13:01:19+00:00 RUN_HEARTBEAT pid=36772 elapsed=0s
2026-08-26T13:02:21+00:00 RUN_HEARTBEAT pid=36772 elapsed=62s
2026-08-26T13:03:23+00:00 RUN_HEARTBEAT pid=36772 elapsed=123s
2026-08-26T13:04:24+00:00 RUN_HEARTBEAT pid=36772 elapsed=185s
2026-08-26T13:05:26+00:00 RUN_HEARTBEAT pid=36772 elapsed=247s
2026-08-26T13:06:13+00:00 RUN_END id=OAFX0831 window=OOS status=OK decision=STRICT_IMPROVEMENT elapsed=294.258s
2026-08-26T13:06:13+00:00 SCREEN_BYPASS [832/900] id=OAFX0832 route=FULLBOOK_DIRECT reason=OafxLossScope=4 (重複相手枠) の実現損失を参照するため、単独枠では効果を測定不能
2026-08-26T13:06:13+00:00 RUN_START id=OAFX0832 family=sca_gj_realized_loss_cooldown window=IS run=oafx_is_oafx0832_20260826220613_75c14a
2026-08-26T13:06:13+00:00 RUN_HEARTBEAT pid=22756 elapsed=0s
2026-08-26T13:07:15+00:00 RUN_HEARTBEAT pid=22756 elapsed=62s
2026-08-26T13:08:17+00:00 RUN_HEARTBEAT pid=22756 elapsed=124s
2026-08-26T13:09:19+00:00 RUN_HEARTBEAT pid=22756 elapsed=185s
2026-08-26T13:10:21+00:00 RUN_HEARTBEAT pid=22756 elapsed=247s
2026-08-26T13:11:22+00:00 RUN_HEARTBEAT pid=22756 elapsed=309s
2026-08-26T13:12:24+00:00 RUN_HEARTBEAT pid=22756 elapsed=371s
2026-08-26T13:12:40+00:00 RUN_END id=OAFX0832 window=IS status=OK decision=IS_SURVIVOR_STRICT elapsed=386.942s
2026-08-26T13:12:40+00:00 SKIP_BASELINE_OOS reason=existing actual measurement
2026-08-26T13:12:40+00:00 RUN_START id=OAFX0832 family=sca_gj_realized_loss_cooldown window=OOS run=oafx_oos_oafx0832_20260826221240_7c882f
2026-08-26T13:12:40+00:00 RUN_HEARTBEAT pid=37324 elapsed=0s
2026-08-26T13:13:42+00:00 RUN_HEARTBEAT pid=37324 elapsed=62s
2026-08-26T13:14:44+00:00 RUN_HEARTBEAT pid=37324 elapsed=124s
2026-08-26T13:15:46+00:00 RUN_HEARTBEAT pid=37324 elapsed=185s
2026-08-26T13:16:47+00:00 RUN_HEARTBEAT pid=37324 elapsed=247s
2026-08-26T13:17:34+00:00 RUN_END id=OAFX0832 window=OOS status=OK decision=STRICT_IMPROVEMENT elapsed=294.132s
2026-08-26T13:17:34+00:00 RUN_START id=OAFX0833 family=sca_gj_realized_loss_cooldown window=SCREEN_IS run=oafx_screen_is_oafx0833_20260826221734_f9860b
2026-08-26T13:17:35+00:00 RUN_HEARTBEAT pid=252 elapsed=0s
2026-08-26T13:18:36+00:00 RUN_HEARTBEAT pid=252 elapsed=62s
2026-08-26T13:18:52+00:00 RUN_END id=OAFX0833 window=SCREEN_IS status=OK decision=SCREEN_OUT_SINGLE_SLEEVE elapsed=77.997s
2026-08-26T13:18:52+00:00 GATE_SKIP id=OAFX0833 window=IS reason=SINGLE_SLEEVE_INFERIOR decision=SCREEN_OUT_SINGLE_SLEEVE net=84921.0 PF=1.2184 DD=19.5314%
2026-08-26T13:18:52+00:00 SCREEN_BYPASS [834/900] id=OAFX0834 route=FULLBOOK_DIRECT reason=OafxLossScope=2 (SCA両枠) の実現損失を参照するため、単独枠では効果を測定不能
2026-08-26T13:18:52+00:00 RUN_START id=OAFX0834 family=sca_gj_realized_loss_cooldown window=IS run=oafx_is_oafx0834_20260826221852_f27aa5
2026-08-26T13:18:53+00:00 RUN_HEARTBEAT pid=45260 elapsed=0s
2026-08-26T13:19:54+00:00 RUN_HEARTBEAT pid=45260 elapsed=62s
2026-08-26T13:20:56+00:00 RUN_HEARTBEAT pid=45260 elapsed=123s
2026-08-26T13:21:58+00:00 RUN_HEARTBEAT pid=45260 elapsed=185s
2026-08-26T13:23:00+00:00 RUN_HEARTBEAT pid=45260 elapsed=247s
2026-08-26T13:24:01+00:00 RUN_HEARTBEAT pid=45260 elapsed=309s
2026-08-26T13:25:03+00:00 RUN_HEARTBEAT pid=45260 elapsed=371s
2026-08-26T13:25:19+00:00 RUN_END id=OAFX0834 window=IS status=OK decision=IS_SURVIVOR_STRICT elapsed=386.876s
2026-08-26T13:25:19+00:00 SKIP_BASELINE_OOS reason=existing actual measurement
2026-08-26T13:25:19+00:00 RUN_START id=OAFX0834 family=sca_gj_realized_loss_cooldown window=OOS run=oafx_oos_oafx0834_20260826222519_24551c
2026-08-26T13:25:19+00:00 RUN_HEARTBEAT pid=23784 elapsed=0s
2026-08-26T13:26:21+00:00 RUN_HEARTBEAT pid=23784 elapsed=62s
2026-08-26T13:27:23+00:00 RUN_HEARTBEAT pid=23784 elapsed=123s
2026-08-26T13:28:25+00:00 RUN_HEARTBEAT pid=23784 elapsed=185s
2026-08-26T13:29:26+00:00 RUN_HEARTBEAT pid=23784 elapsed=247s
2026-08-26T13:30:13+00:00 RUN_END id=OAFX0834 window=OOS status=OK decision=STRICT_IMPROVEMENT elapsed=294.168s
2026-08-26T13:30:13+00:00 SCREEN_BYPASS [835/900] id=OAFX0835 route=FULLBOOK_DIRECT reason=OafxLossScope=3 (全9枠) の実現損失を参照するため、単独枠では効果を測定不能
2026-08-26T13:30:13+00:00 RUN_START id=OAFX0835 family=sca_gj_realized_loss_cooldown window=IS run=oafx_is_oafx0835_20260826223013_8b1f7a
2026-08-26T13:30:14+00:00 RUN_HEARTBEAT pid=32988 elapsed=0s
2026-08-26T13:31:15+00:00 RUN_HEARTBEAT pid=32988 elapsed=62s
2026-08-26T13:32:17+00:00 RUN_HEARTBEAT pid=32988 elapsed=123s
2026-08-26T13:33:19+00:00 RUN_HEARTBEAT pid=32988 elapsed=185s
2026-08-26T13:34:21+00:00 RUN_HEARTBEAT pid=32988 elapsed=247s
2026-08-26T13:35:22+00:00 RUN_HEARTBEAT pid=32988 elapsed=309s
2026-08-26T13:36:24+00:00 RUN_HEARTBEAT pid=32988 elapsed=370s
2026-08-26T13:36:40+00:00 RUN_END id=OAFX0835 window=IS status=OK decision=IS_SURVIVOR_STRICT elapsed=386.753s
2026-08-26T13:36:40+00:00 SKIP_BASELINE_OOS reason=existing actual measurement
2026-08-26T13:36:40+00:00 RUN_START id=OAFX0835 family=sca_gj_realized_loss_cooldown window=OOS run=oafx_oos_oafx0835_20260826223640_55aedb
2026-08-26T13:36:40+00:00 RUN_HEARTBEAT pid=8388 elapsed=0s
2026-08-26T13:37:42+00:00 RUN_HEARTBEAT pid=8388 elapsed=62s
2026-08-26T13:38:44+00:00 RUN_HEARTBEAT pid=8388 elapsed=124s
2026-08-26T13:39:46+00:00 RUN_HEARTBEAT pid=8388 elapsed=185s
2026-08-26T13:40:47+00:00 RUN_HEARTBEAT pid=8388 elapsed=247s
2026-08-26T13:41:34+00:00 RUN_END id=OAFX0835 window=OOS status=OK decision=STRICT_IMPROVEMENT elapsed=294.245s
2026-08-26T13:41:34+00:00 SCREEN_BYPASS [836/900] id=OAFX0836 route=FULLBOOK_DIRECT reason=OafxLossScope=4 (重複相手枠) の実現損失を参照するため、単独枠では効果を測定不能
2026-08-26T13:41:34+00:00 RUN_START id=OAFX0836 family=sca_gj_realized_loss_cooldown window=IS run=oafx_is_oafx0836_20260826224134_db7757
2026-08-26T13:41:35+00:00 RUN_HEARTBEAT pid=33984 elapsed=0s
2026-08-26T13:42:36+00:00 RUN_HEARTBEAT pid=33984 elapsed=62s
2026-08-26T13:43:38+00:00 RUN_HEARTBEAT pid=33984 elapsed=123s
2026-08-26T13:44:40+00:00 RUN_HEARTBEAT pid=33984 elapsed=185s
2026-08-26T13:45:42+00:00 RUN_HEARTBEAT pid=33984 elapsed=247s
2026-08-26T13:46:43+00:00 RUN_HEARTBEAT pid=33984 elapsed=309s
2026-08-26T13:47:45+00:00 RUN_HEARTBEAT pid=33984 elapsed=370s
2026-08-26T13:48:00+00:00 RUN_END id=OAFX0836 window=IS status=OK decision=IS_SURVIVOR_STRICT elapsed=386.724s
2026-08-26T13:48:00+00:00 SKIP_BASELINE_OOS reason=existing actual measurement
2026-08-26T13:48:00+00:00 RUN_START id=OAFX0836 family=sca_gj_realized_loss_cooldown window=OOS run=oafx_oos_oafx0836_20260826224800_140c0c
2026-08-26T13:48:01+00:00 RUN_HEARTBEAT pid=43620 elapsed=0s
2026-08-26T13:49:03+00:00 RUN_HEARTBEAT pid=43620 elapsed=62s
2026-08-26T13:50:05+00:00 RUN_HEARTBEAT pid=43620 elapsed=123s
2026-08-26T13:51:07+00:00 RUN_HEARTBEAT pid=43620 elapsed=185s
2026-08-26T13:52:08+00:00 RUN_HEARTBEAT pid=43620 elapsed=247s
2026-08-26T13:52:55+00:00 RUN_END id=OAFX0836 window=OOS status=OK decision=STRICT_IMPROVEMENT elapsed=294.250s
2026-08-26T13:52:55+00:00 RUN_START id=OAFX0837 family=sca_gj_realized_loss_cooldown window=SCREEN_IS run=oafx_screen_is_oafx0837_20260826225255_3d0464
2026-08-26T13:52:56+00:00 RUN_HEARTBEAT pid=46428 elapsed=0s
2026-08-26T13:53:57+00:00 RUN_HEARTBEAT pid=46428 elapsed=62s
2026-08-26T13:54:28+00:00 RUN_END id=OAFX0837 window=SCREEN_IS status=OK decision=SCREEN_OUT_SINGLE_SLEEVE elapsed=93.416s
2026-08-26T13:54:28+00:00 GATE_SKIP id=OAFX0837 window=IS reason=SINGLE_SLEEVE_INFERIOR decision=SCREEN_OUT_SINGLE_SLEEVE net=84921.0 PF=1.2184 DD=19.5314%
2026-08-26T13:54:28+00:00 SCREEN_BYPASS [838/900] id=OAFX0838 route=FULLBOOK_DIRECT reason=OafxLossScope=2 (SCA両枠) の実現損失を参照するため、単独枠では効果を測定不能
2026-08-26T13:54:28+00:00 RUN_START id=OAFX0838 family=sca_gj_realized_loss_cooldown window=IS run=oafx_is_oafx0838_20260826225428_1df9f2
2026-08-26T13:54:29+00:00 RUN_HEARTBEAT pid=12808 elapsed=0s
2026-08-26T13:55:31+00:00 RUN_HEARTBEAT pid=12808 elapsed=62s
2026-08-26T13:56:32+00:00 RUN_HEARTBEAT pid=12808 elapsed=123s
2026-08-26T13:57:34+00:00 RUN_HEARTBEAT pid=12808 elapsed=185s
2026-08-26T13:58:36+00:00 RUN_HEARTBEAT pid=12808 elapsed=247s
2026-08-26T13:59:38+00:00 RUN_HEARTBEAT pid=12808 elapsed=309s
2026-08-26T14:00:39+00:00 RUN_HEARTBEAT pid=12808 elapsed=370s
2026-08-26T14:00:55+00:00 RUN_END id=OAFX0838 window=IS status=OK decision=IS_SURVIVOR_STRICT elapsed=386.726s
2026-08-26T14:00:55+00:00 SKIP_BASELINE_OOS reason=existing actual measurement
2026-08-26T14:00:55+00:00 RUN_START id=OAFX0838 family=sca_gj_realized_loss_cooldown window=OOS run=oafx_oos_oafx0838_20260826230055_56e266
2026-08-26T14:00:56+00:00 RUN_HEARTBEAT pid=46304 elapsed=0s
2026-08-26T14:01:57+00:00 RUN_HEARTBEAT pid=46304 elapsed=62s
2026-08-26T14:02:59+00:00 RUN_HEARTBEAT pid=46304 elapsed=123s
2026-08-26T14:04:01+00:00 RUN_HEARTBEAT pid=46304 elapsed=185s
2026-08-26T14:05:03+00:00 RUN_HEARTBEAT pid=46304 elapsed=247s
2026-08-26T14:05:49+00:00 RUN_END id=OAFX0838 window=OOS status=OK decision=STRICT_IMPROVEMENT elapsed=294.078s
2026-08-26T14:05:49+00:00 SCREEN_BYPASS [839/900] id=OAFX0839 route=FULLBOOK_DIRECT reason=OafxLossScope=3 (全9枠) の実現損失を参照するため、単独枠では効果を測定不能
2026-08-26T14:05:49+00:00 RUN_START id=OAFX0839 family=sca_gj_realized_loss_cooldown window=IS run=oafx_is_oafx0839_20260826230549_9e69fc
2026-08-26T14:05:50+00:00 RUN_HEARTBEAT pid=40816 elapsed=0s
2026-08-26T14:06:52+00:00 RUN_HEARTBEAT pid=40816 elapsed=62s
2026-08-26T14:07:53+00:00 RUN_HEARTBEAT pid=40816 elapsed=124s
2026-08-26T14:08:55+00:00 RUN_HEARTBEAT pid=40816 elapsed=185s
2026-08-26T14:09:57+00:00 RUN_HEARTBEAT pid=40816 elapsed=247s
2026-08-26T14:10:59+00:00 RUN_HEARTBEAT pid=40816 elapsed=309s
2026-08-26T14:12:00+00:00 RUN_HEARTBEAT pid=40816 elapsed=371s
2026-08-26T14:12:16+00:00 RUN_END id=OAFX0839 window=IS status=OK decision=IS_SURVIVOR_STRICT elapsed=386.762s
2026-08-26T14:12:16+00:00 SKIP_BASELINE_OOS reason=existing actual measurement
2026-08-26T14:12:16+00:00 RUN_START id=OAFX0839 family=sca_gj_realized_loss_cooldown window=OOS run=oafx_oos_oafx0839_20260826231216_26705e
2026-08-26T14:12:17+00:00 RUN_HEARTBEAT pid=46668 elapsed=0s
2026-08-26T14:13:18+00:00 RUN_HEARTBEAT pid=46668 elapsed=62s
2026-08-26T14:14:20+00:00 RUN_HEARTBEAT pid=46668 elapsed=123s
2026-08-26T14:15:22+00:00 RUN_HEARTBEAT pid=46668 elapsed=185s
2026-08-26T14:16:23+00:00 RUN_HEARTBEAT pid=46668 elapsed=247s
2026-08-26T14:17:10+00:00 RUN_END id=OAFX0839 window=OOS status=OK decision=STRICT_IMPROVEMENT elapsed=294.028s
2026-08-26T14:17:10+00:00 SCREEN_BYPASS [840/900] id=OAFX0840 route=FULLBOOK_DIRECT reason=OafxLossScope=4 (重複相手枠) の実現損失を参照するため、単独枠では効果を測定不能
2026-08-26T14:17:10+00:00 RUN_START id=OAFX0840 family=sca_gj_realized_loss_cooldown window=IS run=oafx_is_oafx0840_20260826231710_6fdb96
2026-08-26T14:17:11+00:00 RUN_HEARTBEAT pid=4204 elapsed=0s
2026-08-26T14:18:12+00:00 RUN_HEARTBEAT pid=4204 elapsed=62s
2026-08-26T14:19:14+00:00 RUN_HEARTBEAT pid=4204 elapsed=123s
2026-08-26T14:20:16+00:00 RUN_HEARTBEAT pid=4204 elapsed=185s
2026-08-26T14:21:18+00:00 RUN_HEARTBEAT pid=4204 elapsed=247s
2026-08-26T14:22:19+00:00 RUN_HEARTBEAT pid=4204 elapsed=309s
2026-08-26T14:23:21+00:00 RUN_HEARTBEAT pid=4204 elapsed=370s
2026-08-26T14:23:36+00:00 RUN_END id=OAFX0840 window=IS status=OK decision=IS_SURVIVOR_STRICT elapsed=386.603s
2026-08-26T14:23:36+00:00 SKIP_BASELINE_OOS reason=existing actual measurement
2026-08-26T14:23:36+00:00 RUN_START id=OAFX0840 family=sca_gj_realized_loss_cooldown window=OOS run=oafx_oos_oafx0840_20260826232336_8dc4f9
2026-08-26T14:23:37+00:00 RUN_HEARTBEAT pid=43816 elapsed=0s
2026-08-26T14:24:39+00:00 RUN_HEARTBEAT pid=43816 elapsed=62s
2026-08-26T14:25:41+00:00 RUN_HEARTBEAT pid=43816 elapsed=123s
2026-08-26T14:26:42+00:00 RUN_HEARTBEAT pid=43816 elapsed=185s
2026-08-26T14:27:44+00:00 RUN_HEARTBEAT pid=43816 elapsed=247s
2026-08-26T14:28:31+00:00 RUN_END id=OAFX0840 window=OOS status=OK decision=STRICT_IMPROVEMENT elapsed=294.197s
2026-08-26T14:28:31+00:00 RUN_START id=OAFX0841 family=sca_gj_realized_loss_cooldown window=SCREEN_IS run=oafx_screen_is_oafx0841_20260826232831_4fcd97
2026-08-26T14:28:31+00:00 RUN_HEARTBEAT pid=33272 elapsed=0s
2026-08-26T14:29:33+00:00 RUN_HEARTBEAT pid=33272 elapsed=62s
2026-08-26T14:30:04+00:00 RUN_END id=OAFX0841 window=SCREEN_IS status=OK decision=SCREEN_PASS_STRICT elapsed=93.288s
2026-08-26T14:30:04+00:00 RUN_START id=OAFX0841 family=sca_gj_realized_loss_cooldown window=IS run=oafx_is_oafx0841_20260826233004_17aea2
2026-08-26T14:30:05+00:00 RUN_HEARTBEAT pid=31256 elapsed=0s
2026-08-26T14:31:06+00:00 RUN_HEARTBEAT pid=31256 elapsed=62s
2026-08-26T14:32:08+00:00 RUN_HEARTBEAT pid=31256 elapsed=123s
2026-08-26T14:33:10+00:00 RUN_HEARTBEAT pid=31256 elapsed=185s
2026-08-26T14:34:12+00:00 RUN_HEARTBEAT pid=31256 elapsed=247s
2026-08-26T14:35:13+00:00 RUN_HEARTBEAT pid=31256 elapsed=309s
2026-08-26T14:36:15+00:00 RUN_HEARTBEAT pid=31256 elapsed=370s
2026-08-26T14:36:30+00:00 RUN_END id=OAFX0841 window=IS status=OK decision=IS_SURVIVOR_STRICT elapsed=386.602s
2026-08-26T14:36:30+00:00 SKIP_BASELINE_OOS reason=existing actual measurement
2026-08-26T14:36:30+00:00 RUN_START id=OAFX0841 family=sca_gj_realized_loss_cooldown window=OOS run=oafx_oos_oafx0841_20260826233630_fbf9a4
2026-08-26T14:36:31+00:00 RUN_HEARTBEAT pid=32176 elapsed=0s
2026-08-26T14:37:33+00:00 RUN_HEARTBEAT pid=32176 elapsed=62s
2026-08-26T14:38:35+00:00 RUN_HEARTBEAT pid=32176 elapsed=123s
2026-08-26T14:39:37+00:00 RUN_HEARTBEAT pid=32176 elapsed=185s
2026-08-26T14:40:38+00:00 RUN_HEARTBEAT pid=32176 elapsed=247s
2026-08-26T14:41:25+00:00 RUN_END id=OAFX0841 window=OOS status=OK decision=STRICT_IMPROVEMENT elapsed=294.285s
2026-08-26T14:41:25+00:00 SCREEN_BYPASS [842/900] id=OAFX0842 route=FULLBOOK_DIRECT reason=OafxLossScope=2 (SCA両枠) の実現損失を参照するため、単独枠では効果を測定不能
2026-08-26T14:41:25+00:00 RUN_START id=OAFX0842 family=sca_gj_realized_loss_cooldown window=IS run=oafx_is_oafx0842_20260826234125_2704fa
2026-08-26T14:41:26+00:00 RUN_HEARTBEAT pid=9000 elapsed=0s
2026-08-26T14:42:27+00:00 RUN_HEARTBEAT pid=9000 elapsed=62s
2026-08-26T14:43:29+00:00 RUN_HEARTBEAT pid=9000 elapsed=123s
2026-08-26T14:44:31+00:00 RUN_HEARTBEAT pid=9000 elapsed=185s
2026-08-26T14:45:33+00:00 RUN_HEARTBEAT pid=9000 elapsed=247s
2026-08-26T14:46:34+00:00 RUN_HEARTBEAT pid=9000 elapsed=309s
2026-08-26T14:47:36+00:00 RUN_HEARTBEAT pid=9000 elapsed=370s
2026-08-26T14:47:52+00:00 RUN_END id=OAFX0842 window=IS status=OK decision=IS_SURVIVOR_STRICT elapsed=386.736s
2026-08-26T14:47:52+00:00 SKIP_BASELINE_OOS reason=existing actual measurement
2026-08-26T14:47:52+00:00 RUN_START id=OAFX0842 family=sca_gj_realized_loss_cooldown window=OOS run=oafx_oos_oafx0842_20260826234752_1daf48
2026-08-26T14:47:52+00:00 RUN_HEARTBEAT pid=30476 elapsed=0s
2026-08-26T14:48:54+00:00 RUN_HEARTBEAT pid=30476 elapsed=62s
2026-08-26T14:49:56+00:00 RUN_HEARTBEAT pid=30476 elapsed=123s
2026-08-26T14:50:58+00:00 RUN_HEARTBEAT pid=30476 elapsed=185s
2026-08-26T14:52:00+00:00 RUN_HEARTBEAT pid=30476 elapsed=247s
2026-08-26T14:53:02+00:00 RUN_HEARTBEAT pid=30476 elapsed=310s
2026-08-26T14:53:18+00:00 WAIT_MT5_IDLE elapsed=0s processes=metatester64.exe
2026-08-26T14:54:20+00:00 WAIT_MT5_IDLE elapsed=63s processes=metatester64.exe
2026-08-26T14:55:23+00:00 WAIT_MT5_IDLE elapsed=125s processes=metatester64.exe
2026-08-26T14:56:25+00:00 WAIT_MT5_IDLE elapsed=187s processes=metatester64.exe
2026-08-26T14:57:27+00:00 WAIT_MT5_IDLE elapsed=249s processes=metatester64.exe
2026-08-26T14:58:29+00:00 KILL_ORPHAN_TESTER orphan_seconds=311
2026-08-26T14:58:45+00:00 RUN_END id=OAFX0842 window=OOS status=OK decision=STRICT_IMPROVEMENT elapsed=653.205s
2026-08-26T14:58:45+00:00 SCREEN_BYPASS [843/900] id=OAFX0843 route=FULLBOOK_DIRECT reason=OafxLossScope=3 (全9枠) の実現損失を参照するため、単独枠では効果を測定不能
2026-08-26T14:58:45+00:00 RUN_START id=OAFX0843 family=sca_gj_realized_loss_cooldown window=IS run=oafx_is_oafx0843_20260826235845_04d309
2026-08-26T14:58:46+00:00 RUN_HEARTBEAT pid=48588 elapsed=0s
2026-08-26T14:59:48+00:00 RUN_HEARTBEAT pid=48588 elapsed=63s
2026-08-26T15:00:51+00:00 RUN_HEARTBEAT pid=48588 elapsed=125s
2026-08-26T15:01:53+00:00 RUN_HEARTBEAT pid=48588 elapsed=187s
2026-08-26T15:02:56+00:00 RUN_HEARTBEAT pid=48588 elapsed=250s
2026-08-26T15:03:58+00:00 RUN_HEARTBEAT pid=48588 elapsed=312s
2026-08-26T15:04:13+00:00 RUN_END id=OAFX0843 window=IS status=FAILED decision=RUN_FAILED elapsed=328.724s
2026-08-26T15:04:13+00:00 SCREEN_BYPASS [844/900] id=OAFX0844 route=FULLBOOK_DIRECT reason=OafxLossScope=4 (重複相手枠) の実現損失を参照するため、単独枠では効果を測定不能
2026-08-26T15:04:13+00:00 RUN_START id=OAFX0844 family=sca_gj_realized_loss_cooldown window=IS run=oafx_is_oafx0844_20260827000413_fb3a40
2026-08-26T15:04:15+00:00 RUN_HEARTBEAT pid=31892 elapsed=0s
2026-08-26T15:05:17+00:00 RUN_HEARTBEAT pid=31892 elapsed=63s
2026-08-26T15:06:19+00:00 RUN_HEARTBEAT pid=31892 elapsed=125s
2026-08-26T15:07:22+00:00 RUN_HEARTBEAT pid=31892 elapsed=187s
2026-08-26T15:08:24+00:00 RUN_HEARTBEAT pid=31892 elapsed=250s
2026-08-26T15:09:26+00:00 RUN_HEARTBEAT pid=31892 elapsed=312s
2026-08-26T15:10:29+00:00 RUN_HEARTBEAT pid=31892 elapsed=374s
2026-08-26T15:11:31+00:00 RUN_END id=OAFX0844 window=IS status=OK decision=IS_SURVIVOR_STRICT elapsed=437.675s
2026-08-26T15:11:31+00:00 SKIP_BASELINE_OOS reason=existing actual measurement
2026-08-26T15:11:31+00:00 RUN_START id=OAFX0844 family=sca_gj_realized_loss_cooldown window=OOS run=oafx_oos_oafx0844_20260827001131_b5b7b3
2026-08-26T15:11:32+00:00 RUN_HEARTBEAT pid=2444 elapsed=0s
2026-08-26T15:12:19+00:00 WAIT_MT5_IDLE elapsed=1s processes=metatester64.exe
2026-08-26T15:13:22+00:00 WAIT_MT5_IDLE elapsed=64s processes=terminal64.exe,metatester64.exe
2026-08-26T15:14:25+00:00 WAIT_MT5_IDLE elapsed=126s processes=terminal64.exe,metatester64.exe
2026-08-26T15:15:27+00:00 WAIT_MT5_IDLE elapsed=188s processes=terminal64.exe,metatester64.exe
2026-08-26T15:16:29+00:00 WAIT_MT5_IDLE elapsed=250s processes=terminal64.exe,metatester64.exe
2026-08-26T15:17:31+00:00 WAIT_MT5_IDLE elapsed=312s processes=terminal64.exe,metatester64.exe
2026-08-26T15:18:33+00:00 WAIT_MT5_IDLE elapsed=374s processes=terminal64.exe
2026-08-26T15:19:35+00:00 WAIT_MT5_IDLE elapsed=436s processes=terminal64.exe
2026-08-26T15:20:37+00:00 WAIT_MT5_IDLE elapsed=498s processes=terminal64.exe
2026-08-26T15:21:39+00:00 WAIT_MT5_IDLE elapsed=561s processes=terminal64.exe
2026-08-26T15:22:41+00:00 WAIT_MT5_IDLE elapsed=622s processes=terminal64.exe
2026-08-26T15:23:43+00:00 WAIT_MT5_IDLE elapsed=684s processes=terminal64.exe
2026-08-26T15:24:45+00:00 WAIT_MT5_IDLE elapsed=746s processes=terminal64.exe
2026-08-26T15:25:47+00:00 WAIT_MT5_IDLE elapsed=809s processes=terminal64.exe
2026-08-26T15:26:49+00:00 WAIT_MT5_IDLE elapsed=871s processes=terminal64.exe
2026-08-26T15:27:21+00:00 RECLAIM_STALE_TERMINAL after=902s
2026-08-26T15:27:36+00:00 WAIT_MT5_IDLE elapsed=15s processes=terminal64.exe
2026-08-26T15:28:38+00:00 WAIT_MT5_IDLE elapsed=77s processes=terminal64.exe
2026-08-26T15:29:09+00:00 RUN_END id=OAFX0844 window=OOS status=FAILED decision=RUN_FAILED elapsed=1057.846s
2026-08-26T15:29:09+00:00 RUN_START id=OAFX0845 family=sca_gj_realized_loss_cooldown window=SCREEN_IS run=oafx_screen_is_oafx0845_20260827002909_4d6b5e
2026-08-26T15:29:10+00:00 RUN_HEARTBEAT pid=48168 elapsed=0s
2026-08-26T15:30:12+00:00 RUN_HEARTBEAT pid=48168 elapsed=62s
2026-08-26T15:30:28+00:00 RUN_END id=OAFX0845 window=SCREEN_IS status=OK decision=SCREEN_PASS_STRICT elapsed=78.929s
2026-08-26T15:30:28+00:00 RUN_START id=OAFX0845 family=sca_gj_realized_loss_cooldown window=IS run=oafx_is_oafx0845_20260827003028_71b329
2026-08-26T15:30:29+00:00 RUN_HEARTBEAT pid=45188 elapsed=0s
2026-08-26T15:31:31+00:00 RUN_HEARTBEAT pid=45188 elapsed=62s
2026-08-26T15:32:34+00:00 RUN_HEARTBEAT pid=45188 elapsed=125s
