スリープ抑止を有効化しました（このプロセス終了で自動解除）
2026-08-26T17:25:45+00:00 DRIVER_START pid=49140 stage=all targets=900 terminals=PROD,BT1,BT2,BT3,BT4 stagger=8s sha_gate=False magic_gate=False
2026-08-26T17:25:45+00:00 REGRESSION_GATE disabled
2026-08-26T17:25:45+00:00 SCREEN_SKIP_EXISTING_FULLBOOK [1/900] id=OAFX0001 reason=existing fullbook IS retained
2026-08-26T17:25:45+00:00 SCREEN_SKIP_EXISTING_FULLBOOK [2/900] id=OAFX0002 reason=existing fullbook IS retained
2026-08-26T17:25:45+00:00 SCREEN_SKIP_EXISTING_FULLBOOK [3/900] id=OAFX0003 reason=existing fullbook IS retained
2026-08-26T17:25:45+00:00 SCREEN_SKIP_EXISTING_FULLBOOK [4/900] id=OAFX0004 reason=existing fullbook IS retained
2026-08-26T17:25:45+00:00 SCREEN_SKIP_EXISTING_FULLBOOK [5/900] id=OAFX0005 reason=existing fullbook IS retained
2026-08-26T17:25:45+00:00 SKIP_EXISTING [1/900] id=OAFX0001 window=IS
2026-08-26T17:25:45+00:00 SKIP_EXISTING [2/900] id=OAFX0002 window=IS
2026-08-26T17:25:45+00:00 SKIP_EXISTING [3/900] id=OAFX0003 window=IS
2026-08-26T17:25:45+00:00 SKIP_EXISTING [4/900] id=OAFX0004 window=IS
2026-08-26T17:25:45+00:00 SKIP_EXISTING [5/900] id=OAFX0005 window=IS
2026-08-26T17:25:45+00:00 GATE_SKIP id=OAFX0001 window=OOS reason=IS_NOT_SURVIVOR decision=IS_REJECT_TRADEOFF net=218814.0 PF=1.3633 DD=34.2779%
2026-08-26T17:25:45+00:00 GATE_SKIP id=OAFX0002 window=OOS reason=IS_NOT_SURVIVOR decision=IS_REJECT_TRADEOFF net=224896.0 PF=1.3927 DD=35.2708%
2026-08-26T17:25:45+00:00 GATE_SKIP id=OAFX0003 window=OOS reason=IS_NOT_SURVIVOR decision=IS_REJECT net=195996.0 PF=1.3588 DD=44.0144%
2026-08-26T17:25:45+00:00 GATE_SKIP id=OAFX0004 window=OOS reason=IS_NOT_SURVIVOR decision=IS_REJECT net=188264.0 PF=1.3491 DD=42.8676%
2026-08-26T17:25:45+00:00 GATE_SKIP id=OAFX0005 window=OOS reason=IS_NOT_SURVIVOR decision=IS_REJECT_TRADEOFF net=207818.0 PF=1.4087 DD=34.1165%
2026-08-26T17:25:45+00:00 SCREEN_SKIP_EXISTING_FULLBOOK [6/900] id=OAFX0006 reason=existing fullbook IS retained
2026-08-26T17:25:45+00:00 SCREEN_SKIP_EXISTING_FULLBOOK [7/900] id=OAFX0007 reason=existing fullbook IS retained
2026-08-26T17:25:45+00:00 SCREEN_SKIP_EXISTING_FULLBOOK [8/900] id=OAFX0008 reason=existing fullbook IS retained
2026-08-26T17:25:45+00:00 SCREEN_SKIP_EXISTING_FULLBOOK [9/900] id=OAFX0009 reason=existing fullbook IS retained
2026-08-26T17:25:45+00:00 SCREEN_SKIP_EXISTING_FULLBOOK [10/900] id=OAFX0010 reason=existing fullbook IS retained
2026-08-26T17:25:45+00:00 SKIP_EXISTING [6/900] id=OAFX0006 window=IS
2026-08-26T17:25:45+00:00 SKIP_EXISTING [7/900] id=OAFX0007 window=IS
2026-08-26T17:25:45+00:00 SKIP_EXISTING [8/900] id=OAFX0008 window=IS
2026-08-26T17:25:45+00:00 SKIP_EXISTING [9/900] id=OAFX0009 window=IS
2026-08-26T17:25:45+00:00 SKIP_EXISTING [10/900] id=OAFX0010 window=IS
2026-08-26T17:25:45+00:00 GATE_SKIP id=OAFX0006 window=OOS reason=IS_NOT_SURVIVOR decision=IS_REJECT_TRADEOFF net=221289.0 PF=1.3616 DD=33.235%
2026-08-26T17:25:45+00:00 GATE_SKIP id=OAFX0007 window=OOS reason=IS_NOT_SURVIVOR decision=IS_REJECT_TRADEOFF net=226574.0 PF=1.389 DD=34.2599%
2026-08-26T17:25:45+00:00 GATE_SKIP id=OAFX0008 window=OOS reason=IS_NOT_SURVIVOR decision=IS_REJECT net=197154.0 PF=1.3553 DD=43.2011%
2026-08-26T17:25:45+00:00 GATE_SKIP id=OAFX0009 window=OOS reason=IS_NOT_SURVIVOR decision=IS_REJECT net=188901.0 PF=1.3455 DD=42.2005%
2026-08-26T17:25:45+00:00 GATE_SKIP id=OAFX0010 window=OOS reason=IS_NOT_SURVIVOR decision=IS_REJECT_TRADEOFF net=208333.0 PF=1.4046 DD=33.5901%
2026-08-26T17:25:45+00:00 SCREEN_SKIP_EXISTING_FULLBOOK [11/900] id=OAFX0011 reason=existing fullbook IS retained
2026-08-26T17:25:45+00:00 SCREEN_SKIP_EXISTING_FULLBOOK [12/900] id=OAFX0012 reason=existing fullbook IS retained
2026-08-26T17:25:45+00:00 SCREEN_SKIP_EXISTING_FULLBOOK [13/900] id=OAFX0013 reason=existing fullbook IS retained
2026-08-26T17:25:45+00:00 SCREEN_SKIP_EXISTING_FULLBOOK [14/900] id=OAFX0014 reason=existing fullbook IS retained
2026-08-26T17:25:45+00:00 SCREEN_SKIP_EXISTING_FULLBOOK [15/900] id=OAFX0015 reason=existing fullbook IS retained
2026-08-26T17:25:45+00:00 SKIP_EXISTING [11/900] id=OAFX0011 window=IS
2026-08-26T17:25:45+00:00 SKIP_EXISTING [12/900] id=OAFX0012 window=IS
2026-08-26T17:25:45+00:00 SKIP_EXISTING [13/900] id=OAFX0013 window=IS
2026-08-26T17:25:45+00:00 SKIP_EXISTING [14/900] id=OAFX0014 window=IS
2026-08-26T17:25:45+00:00 SKIP_EXISTING [15/900] id=OAFX0015 window=IS
2026-08-26T17:25:45+00:00 GATE_SKIP id=OAFX0011 window=OOS reason=IS_NOT_SURVIVOR decision=IS_REJECT_TRADEOFF net=244832.0 PF=1.3956 DD=34.9629%
2026-08-26T17:25:45+00:00 GATE_SKIP id=OAFX0012 window=OOS reason=IS_NOT_SURVIVOR decision=IS_REJECT net=248347.0 PF=1.4208 DD=35.9879%
2026-08-26T17:25:45+00:00 GATE_SKIP id=OAFX0013 window=OOS reason=IS_NOT_SURVIVOR decision=IS_REJECT net=215183.0 PF=1.3823 DD=44.9291%
2026-08-26T17:25:45+00:00 GATE_SKIP id=OAFX0014 window=OOS reason=IS_NOT_SURVIVOR decision=IS_REJECT net=207814.0 PF=1.3753 DD=43.9285%
2026-08-26T17:25:45+00:00 GATE_SKIP id=OAFX0015 window=OOS reason=IS_NOT_SURVIVOR decision=IS_REJECT_TRADEOFF net=227246.0 PF=1.4354 DD=35.311%
2026-08-26T17:25:45+00:00 SCREEN_SKIP_EXISTING_FULLBOOK [16/900] id=OAFX0016 reason=existing fullbook IS retained
2026-08-26T17:25:45+00:00 SCREEN_SKIP_EXISTING_FULLBOOK [17/900] id=OAFX0017 reason=existing fullbook IS retained
2026-08-26T17:25:45+00:00 SCREEN_SKIP_EXISTING_FULLBOOK [18/900] id=OAFX0018 reason=existing fullbook IS retained
2026-08-26T17:25:45+00:00 SCREEN_SKIP_EXISTING_FULLBOOK [19/900] id=OAFX0019 reason=existing fullbook IS retained
2026-08-26T17:25:45+00:00 SCREEN_SKIP_EXISTING_FULLBOOK [20/900] id=OAFX0020 reason=existing fullbook IS retained
2026-08-26T17:25:45+00:00 SKIP_EXISTING [16/900] id=OAFX0016 window=IS
2026-08-26T17:25:45+00:00 SKIP_EXISTING [17/900] id=OAFX0017 window=IS
2026-08-26T17:25:45+00:00 SKIP_EXISTING [18/900] id=OAFX0018 window=IS
2026-08-26T17:25:45+00:00 SKIP_EXISTING [19/900] id=OAFX0019 window=IS
2026-08-26T17:25:45+00:00 SKIP_EXISTING [20/900] id=OAFX0020 window=IS
2026-08-26T17:25:45+00:00 GATE_SKIP id=OAFX0016 window=OOS reason=IS_NOT_SURVIVOR decision=IS_REJECT_TRADEOFF net=240450.0 PF=1.3824 DD=34.9629%
2026-08-26T17:25:45+00:00 GATE_SKIP id=OAFX0017 window=OOS reason=IS_NOT_SURVIVOR decision=IS_REJECT net=242996.0 PF=1.4049 DD=35.9879%
2026-08-26T17:25:45+00:00 GATE_SKIP id=OAFX0018 window=OOS reason=IS_NOT_SURVIVOR decision=IS_REJECT net=209690.0 PF=1.366 DD=44.9291%
2026-08-26T17:25:45+00:00 GATE_SKIP id=OAFX0019 window=OOS reason=IS_NOT_SURVIVOR decision=IS_REJECT net=201711.0 PF=1.3577 DD=43.9285%
2026-08-26T17:25:45+00:00 GATE_SKIP id=OAFX0020 window=OOS reason=IS_NOT_SURVIVOR decision=IS_REJECT_TRADEOFF net=222823.0 PF=1.4203 DD=35.311%
2026-08-26T17:25:45+00:00 SCREEN_SKIP_EXISTING_FULLBOOK [21/900] id=OAFX0021 reason=existing fullbook IS retained
2026-08-26T17:25:45+00:00 SCREEN_SKIP_EXISTING_FULLBOOK [22/900] id=OAFX0022 reason=existing fullbook IS retained
2026-08-26T17:25:45+00:00 SCREEN_SKIP_EXISTING_FULLBOOK [23/900] id=OAFX0023 reason=existing fullbook IS retained
2026-08-26T17:25:45+00:00 SCREEN_SKIP_EXISTING_FULLBOOK [24/900] id=OAFX0024 reason=existing fullbook IS retained
2026-08-26T17:25:45+00:00 SCREEN_SKIP_EXISTING_FULLBOOK [25/900] id=OAFX0025 reason=existing fullbook IS retained
2026-08-26T17:25:45+00:00 SKIP_EXISTING [21/900] id=OAFX0021 window=IS
2026-08-26T17:25:45+00:00 SKIP_EXISTING [22/900] id=OAFX0022 window=IS
2026-08-26T17:25:45+00:00 SKIP_EXISTING [23/900] id=OAFX0023 window=IS
2026-08-26T17:25:45+00:00 SKIP_EXISTING [24/900] id=OAFX0024 window=IS
2026-08-26T17:25:45+00:00 SKIP_EXISTING [25/900] id=OAFX0025 window=IS
2026-08-26T17:25:45+00:00 GATE_SKIP id=OAFX0021 window=OOS reason=IS_NOT_SURVIVOR decision=IS_REJECT net=183245.0 PF=1.3356 DD=38.1007%
2026-08-26T17:25:45+00:00 GATE_SKIP id=OAFX0022 window=OOS reason=IS_NOT_SURVIVOR decision=IS_REJECT net=186376.0 PF=1.3564 DD=42.5713%
2026-08-26T17:25:45+00:00 GATE_SKIP id=OAFX0023 window=OOS reason=IS_NOT_SURVIVOR decision=IS_REJECT net=173549.0 PF=1.3476 DD=45.1215%
2026-08-26T17:25:45+00:00 GATE_SKIP id=OAFX0024 window=OOS reason=IS_NOT_SURVIVOR decision=IS_REJECT net=166946.0 PF=1.3406 DD=42.2275%
2026-08-26T17:25:45+00:00 GATE_SKIP id=OAFX0025 window=OOS reason=IS_NOT_SURVIVOR decision=IS_REJECT_TRADEOFF net=175707.0 PF=1.3729 DD=34.7495%
2026-08-26T17:25:45+00:00 SCREEN_SKIP_EXISTING_FULLBOOK [26/900] id=OAFX0026 reason=existing fullbook IS retained
2026-08-26T17:25:45+00:00 SCREEN_SKIP_EXISTING_FULLBOOK [27/900] id=OAFX0027 reason=existing fullbook IS retained
2026-08-26T17:25:45+00:00 SCREEN_SKIP_EXISTING_FULLBOOK [28/900] id=OAFX0028 reason=existing fullbook IS retained
2026-08-26T17:25:45+00:00 SCREEN_SKIP_EXISTING_FULLBOOK [29/900] id=OAFX0029 reason=existing fullbook IS retained
2026-08-26T17:25:45+00:00 SCREEN_SKIP_EXISTING_FULLBOOK [30/900] id=OAFX0030 reason=existing fullbook IS retained
2026-08-26T17:25:45+00:00 SKIP_EXISTING [26/900] id=OAFX0026 window=IS
2026-08-26T17:25:45+00:00 SKIP_EXISTING [27/900] id=OAFX0027 window=IS
2026-08-26T17:25:45+00:00 SKIP_EXISTING [28/900] id=OAFX0028 window=IS
2026-08-26T17:25:45+00:00 SKIP_EXISTING [29/900] id=OAFX0029 window=IS
2026-08-26T17:25:45+00:00 SKIP_EXISTING [30/900] id=OAFX0030 window=IS
2026-08-26T17:25:45+00:00 GATE_SKIP id=OAFX0026 window=OOS reason=IS_NOT_SURVIVOR decision=IS_REJECT net=185720.0 PF=1.3343 DD=37.0578%
2026-08-26T17:25:45+00:00 GATE_SKIP id=OAFX0027 window=OOS reason=IS_NOT_SURVIVOR decision=IS_REJECT net=188054.0 PF=1.353 DD=41.5604%
2026-08-26T17:25:45+00:00 GATE_SKIP id=OAFX0028 window=OOS reason=IS_NOT_SURVIVOR decision=IS_REJECT net=174707.0 PF=1.344 DD=44.3082%
2026-08-26T17:25:45+00:00 GATE_SKIP id=OAFX0029 window=OOS reason=IS_NOT_SURVIVOR decision=IS_REJECT net=167583.0 PF=1.3367 DD=41.5604%
2026-08-26T17:25:45+00:00 GATE_SKIP id=OAFX0030 window=OOS reason=IS_NOT_SURVIVOR decision=IS_REJECT_TRADEOFF net=176222.0 PF=1.3689 DD=34.2224%
2026-08-26T17:25:45+00:00 SCREEN_SKIP_EXISTING_FULLBOOK [31/900] id=OAFX0031 reason=existing fullbook IS retained
2026-08-26T17:25:45+00:00 SCREEN_SKIP_EXISTING_FULLBOOK [32/900] id=OAFX0032 reason=existing fullbook IS retained
2026-08-26T17:25:45+00:00 SCREEN_SKIP_EXISTING_FULLBOOK [33/900] id=OAFX0033 reason=existing fullbook IS retained
2026-08-26T17:25:45+00:00 SCREEN_SKIP_EXISTING_FULLBOOK [34/900] id=OAFX0034 reason=existing fullbook IS retained
2026-08-26T17:25:45+00:00 SCREEN_SKIP_EXISTING_FULLBOOK [35/900] id=OAFX0035 reason=existing fullbook IS retained
2026-08-26T17:25:45+00:00 SKIP_EXISTING [31/900] id=OAFX0031 window=IS
2026-08-26T17:25:45+00:00 SKIP_EXISTING [32/900] id=OAFX0032 window=IS
2026-08-26T17:25:45+00:00 SKIP_EXISTING [33/900] id=OAFX0033 window=IS
2026-08-26T17:25:45+00:00 SKIP_EXISTING [34/900] id=OAFX0034 window=IS
2026-08-26T17:25:45+00:00 SKIP_EXISTING [35/900] id=OAFX0035 window=IS
2026-08-26T17:25:45+00:00 GATE_SKIP id=OAFX0031 window=OOS reason=IS_NOT_SURVIVOR decision=IS_REJECT net=209263.0 PF=1.3721 DD=38.7857%
2026-08-26T17:25:45+00:00 GATE_SKIP id=OAFX0032 window=OOS reason=IS_NOT_SURVIVOR decision=IS_REJECT net=209827.0 PF=1.3883 DD=43.2883%
2026-08-26T17:25:45+00:00 GATE_SKIP id=OAFX0033 window=OOS reason=IS_NOT_SURVIVOR decision=IS_REJECT net=192736.0 PF=1.3736 DD=46.0361%
2026-08-26T17:25:45+00:00 GATE_SKIP id=OAFX0034 window=OOS reason=IS_NOT_SURVIVOR decision=IS_REJECT net=186496.0 PF=1.3695 DD=43.2883%
2026-08-26T17:25:45+00:00 GATE_SKIP id=OAFX0035 window=OOS reason=IS_NOT_SURVIVOR decision=IS_REJECT net=195135.0 PF=1.4027 DD=35.9456%
2026-08-26T17:25:45+00:00 SCREEN_SKIP_EXISTING_FULLBOOK [36/900] id=OAFX0036 reason=existing fullbook IS retained
2026-08-26T17:25:45+00:00 SCREEN_SKIP_EXISTING_FULLBOOK [37/900] id=OAFX0037 reason=existing fullbook IS retained
2026-08-26T17:25:45+00:00 SCREEN_SKIP_EXISTING_FULLBOOK [38/900] id=OAFX0038 reason=existing fullbook IS retained
2026-08-26T17:25:45+00:00 SCREEN_SKIP_EXISTING_FULLBOOK [39/900] id=OAFX0039 reason=existing fullbook IS retained
2026-08-26T17:25:45+00:00 SCREEN_SKIP_EXISTING_FULLBOOK [40/900] id=OAFX0040 reason=existing fullbook IS retained
2026-08-26T17:25:45+00:00 SKIP_EXISTING [36/900] id=OAFX0036 window=IS
2026-08-26T17:25:45+00:00 SKIP_EXISTING [37/900] id=OAFX0037 window=IS
2026-08-26T17:25:45+00:00 SKIP_EXISTING [38/900] id=OAFX0038 window=IS
2026-08-26T17:25:45+00:00 SKIP_EXISTING [39/900] id=OAFX0039 window=IS
2026-08-26T17:25:45+00:00 SKIP_EXISTING [40/900] id=OAFX0040 window=IS
2026-08-26T17:25:45+00:00 GATE_SKIP id=OAFX0036 window=OOS reason=IS_NOT_SURVIVOR decision=IS_REJECT net=204881.0 PF=1.358 DD=38.7857%
2026-08-26T17:25:45+00:00 GATE_SKIP id=OAFX0037 window=OOS reason=IS_NOT_SURVIVOR decision=IS_REJECT net=204476.0 PF=1.3715 DD=43.2883%
2026-08-26T17:25:45+00:00 GATE_SKIP id=OAFX0038 window=OOS reason=IS_NOT_SURVIVOR decision=IS_REJECT net=187243.0 PF=1.3561 DD=46.0361%
2026-08-26T17:25:45+00:00 GATE_SKIP id=OAFX0039 window=OOS reason=IS_NOT_SURVIVOR decision=IS_REJECT net=180393.0 PF=1.3504 DD=43.2883%
2026-08-26T17:25:45+00:00 GATE_SKIP id=OAFX0040 window=OOS reason=IS_NOT_SURVIVOR decision=IS_REJECT net=190712.0 PF=1.3869 DD=35.9456%
2026-08-26T17:25:45+00:00 SCREEN_SKIP_EXISTING_FULLBOOK [41/900] id=OAFX0041 reason=existing fullbook IS retained
2026-08-26T17:25:45+00:00 SCREEN_SKIP_EXISTING_FULLBOOK [42/900] id=OAFX0042 reason=existing fullbook IS retained
2026-08-26T17:25:45+00:00 SCREEN_SKIP_EXISTING_FULLBOOK [43/900] id=OAFX0043 reason=existing fullbook IS retained
2026-08-26T17:25:45+00:00 SCREEN_SKIP_EXISTING_FULLBOOK [44/900] id=OAFX0044 reason=existing fullbook IS retained
2026-08-26T17:25:45+00:00 SCREEN_SKIP_EXISTING_FULLBOOK [45/900] id=OAFX0045 reason=existing fullbook IS retained
2026-08-26T17:25:45+00:00 SKIP_EXISTING [41/900] id=OAFX0041 window=IS
2026-08-26T17:25:45+00:00 SKIP_EXISTING [42/900] id=OAFX0042 window=IS
2026-08-26T17:25:45+00:00 SKIP_EXISTING [43/900] id=OAFX0043 window=IS
2026-08-26T17:25:45+00:00 SKIP_EXISTING [44/900] id=OAFX0044 window=IS
2026-08-26T17:25:45+00:00 SKIP_EXISTING [45/900] id=OAFX0045 window=IS
2026-08-26T17:25:45+00:00 GATE_SKIP id=OAFX0041 window=OOS reason=IS_NOT_SURVIVOR decision=IS_REJECT net=187985.0 PF=1.3948 DD=50.4067%
2026-08-26T17:25:45+00:00 GATE_SKIP id=OAFX0042 window=OOS reason=IS_NOT_SURVIVOR decision=IS_REJECT net=185972.0 PF=1.4002 DD=55.0119%
2026-08-26T17:25:45+00:00 GATE_SKIP id=OAFX0043 window=OOS reason=IS_NOT_SURVIVOR decision=IS_REJECT net=177761.0 PF=1.4021 DD=55.9997%
2026-08-26T17:25:45+00:00 GATE_SKIP id=OAFX0044 window=OOS reason=IS_NOT_SURVIVOR decision=IS_REJECT net=175432.0 PF=1.4008 DD=59.1605%
2026-08-26T17:25:45+00:00 GATE_SKIP id=OAFX0045 window=OOS reason=IS_NOT_SURVIVOR decision=IS_REJECT net=186375.0 PF=1.4424 DD=48.8813%
2026-08-26T17:25:45+00:00 SCREEN_SKIP_EXISTING_FULLBOOK [46/900] id=OAFX0046 reason=existing fullbook IS retained
2026-08-26T17:25:45+00:00 SCREEN_SKIP_EXISTING_FULLBOOK [47/900] id=OAFX0047 reason=existing fullbook IS retained
2026-08-26T17:25:45+00:00 SCREEN_SKIP_EXISTING_FULLBOOK [48/900] id=OAFX0048 reason=existing fullbook IS retained
2026-08-26T17:25:45+00:00 SCREEN_SKIP_EXISTING_FULLBOOK [49/900] id=OAFX0049 reason=existing fullbook IS retained
2026-08-26T17:25:45+00:00 SCREEN_SKIP_EXISTING_FULLBOOK [50/900] id=OAFX0050 reason=existing fullbook IS retained
2026-08-26T17:25:45+00:00 SKIP_EXISTING [46/900] id=OAFX0046 window=IS
2026-08-26T17:25:45+00:00 SKIP_EXISTING [47/900] id=OAFX0047 window=IS
2026-08-26T17:25:45+00:00 SKIP_EXISTING [48/900] id=OAFX0048 window=IS
2026-08-26T17:25:45+00:00 SKIP_EXISTING [49/900] id=OAFX0049 window=IS
2026-08-26T17:25:45+00:00 SKIP_EXISTING [50/900] id=OAFX0050 window=IS
2026-08-26T17:25:45+00:00 GATE_SKIP id=OAFX0046 window=OOS reason=IS_NOT_SURVIVOR decision=IS_REJECT net=190460.0 PF=1.3921 DD=49.3637%
2026-08-26T17:25:45+00:00 GATE_SKIP id=OAFX0047 window=OOS reason=IS_NOT_SURVIVOR decision=IS_REJECT net=187650.0 PF=1.3956 DD=54.0011%
2026-08-26T17:25:45+00:00 GATE_SKIP id=OAFX0048 window=OOS reason=IS_NOT_SURVIVOR decision=IS_REJECT net=178919.0 PF=1.3969 DD=55.1864%
2026-08-26T17:25:45+00:00 GATE_SKIP id=OAFX0049 window=OOS reason=IS_NOT_SURVIVOR decision=IS_REJECT net=176069.0 PF=1.3955 DD=58.4935%
2026-08-26T17:25:45+00:00 GATE_SKIP id=OAFX0050 window=OOS reason=IS_NOT_SURVIVOR decision=IS_REJECT net=186890.0 PF=1.4369 DD=48.3542%
2026-08-26T17:25:45+00:00 SCREEN_SKIP_EXISTING_FULLBOOK [51/900] id=OAFX0051 reason=existing fullbook IS retained
2026-08-26T17:25:45+00:00 SCREEN_SKIP_EXISTING_FULLBOOK [52/900] id=OAFX0052 reason=existing fullbook IS retained
2026-08-26T17:25:45+00:00 SCREEN_SKIP_EXISTING_FULLBOOK [53/900] id=OAFX0053 reason=existing fullbook IS retained
2026-08-26T17:25:45+00:00 SCREEN_SKIP_EXISTING_FULLBOOK [54/900] id=OAFX0054 reason=existing fullbook IS retained
2026-08-26T17:25:45+00:00 SKIP_EXISTING [55/900] id=OAFX0055 window=SCREEN_IS
2026-08-26T17:25:45+00:00 SKIP_EXISTING [51/900] id=OAFX0051 window=IS
2026-08-26T17:25:45+00:00 SKIP_EXISTING [52/900] id=OAFX0052 window=IS
2026-08-26T17:25:45+00:00 SKIP_EXISTING [53/900] id=OAFX0053 window=IS
2026-08-26T17:25:45+00:00 SKIP_EXISTING [54/900] id=OAFX0054 window=IS
2026-08-26T17:25:45+00:00 GATE_SKIP id=OAFX0055 window=IS reason=SINGLE_SLEEVE_INFERIOR decision=SCREEN_OUT_SINGLE_SLEEVE net=13610.0 PF=1.1123 DD=18.8358%
2026-08-26T17:25:45+00:00 GATE_SKIP id=OAFX0051 window=OOS reason=IS_NOT_SURVIVOR decision=IS_REJECT net=214003.0 PF=1.4344 DD=51.0917%
2026-08-26T17:25:45+00:00 GATE_SKIP id=OAFX0052 window=OOS reason=IS_NOT_SURVIVOR decision=IS_REJECT net=209423.0 PF=1.4344 DD=55.729%
2026-08-26T17:25:45+00:00 GATE_SKIP id=OAFX0053 window=OOS reason=IS_NOT_SURVIVOR decision=IS_REJECT net=196948.0 PF=1.4293 DD=56.9143%
2026-08-26T17:25:45+00:00 GATE_SKIP id=OAFX0054 window=OOS reason=IS_NOT_SURVIVOR decision=IS_REJECT net=194982.0 PF=1.4312 DD=60.2214%
2026-08-26T17:25:45+00:00 SKIP_EXISTING [56/900] id=OAFX0056 window=SCREEN_IS
2026-08-26T17:25:45+00:00 SKIP_EXISTING [57/900] id=OAFX0057 window=SCREEN_IS
2026-08-26T17:25:45+00:00 SKIP_EXISTING [58/900] id=OAFX0058 window=SCREEN_IS
2026-08-26T17:25:45+00:00 SKIP_EXISTING [59/900] id=OAFX0059 window=SCREEN_IS
2026-08-26T17:25:45+00:00 SKIP_EXISTING [60/900] id=OAFX0060 window=SCREEN_IS
2026-08-26T17:25:45+00:00 GATE_SKIP id=OAFX0056 window=IS reason=SINGLE_SLEEVE_INFERIOR decision=SCREEN_OUT_SINGLE_SLEEVE net=17428.0 PF=1.0922 DD=20.7121%
2026-08-26T17:25:45+00:00 GATE_SKIP id=OAFX0057 window=IS reason=SINGLE_SLEEVE_INFERIOR decision=SCREEN_OUT_SINGLE_SLEEVE net=11879.0 PF=1.0665 DD=21.6146%
2026-08-26T17:25:45+00:00 GATE_SKIP id=OAFX0058 window=IS reason=SINGLE_SLEEVE_INFERIOR decision=SCREEN_OUT_SINGLE_SLEEVE net=-738.0 PF=0.9952 DD=23.4798%
2026-08-26T17:25:45+00:00 GATE_SKIP id=OAFX0059 window=IS reason=SINGLE_SLEEVE_INFERIOR decision=SCREEN_OUT_SINGLE_SLEEVE net=-3314.0 PF=0.9777 DD=23.9444%
2026-08-26T17:25:45+00:00 GATE_SKIP id=OAFX0060 window=IS reason=SINGLE_SLEEVE_INFERIOR decision=SCREEN_OUT_SINGLE_SLEEVE net=9187.0 PF=1.071 DD=21.1533%
2026-08-26T17:25:45+00:00 SKIP_EXISTING [61/900] id=OAFX0061 window=SCREEN_IS
2026-08-26T17:25:45+00:00 SKIP_EXISTING [62/900] id=OAFX0062 window=SCREEN_IS
2026-08-26T17:25:45+00:00 SKIP_EXISTING [63/900] id=OAFX0063 window=SCREEN_IS
2026-08-26T17:25:45+00:00 SKIP_EXISTING [64/900] id=OAFX0064 window=SCREEN_IS
2026-08-26T17:25:45+00:00 SKIP_EXISTING [65/900] id=OAFX0065 window=SCREEN_IS
2026-08-26T17:25:45+00:00 GATE_SKIP id=OAFX0061 window=IS reason=SINGLE_SLEEVE_INFERIOR decision=SCREEN_OUT_SINGLE_SLEEVE net=-19841.0 PF=0.835 DD=35.8062%
2026-08-26T17:25:45+00:00 GATE_SKIP id=OAFX0062 window=IS reason=SINGLE_SLEEVE_INFERIOR decision=SCREEN_OUT_SINGLE_SLEEVE net=-23159.0 PF=0.7908 DD=35.7798%
2026-08-26T17:25:45+00:00 GATE_SKIP id=OAFX0063 window=IS reason=SINGLE_SLEEVE_INFERIOR decision=SCREEN_OUT_SINGLE_SLEEVE net=-28960.0 PF=0.7103 DD=43.3035%
2026-08-26T17:25:45+00:00 GATE_SKIP id=OAFX0064 window=IS reason=SINGLE_SLEEVE_INFERIOR decision=SCREEN_OUT_SINGLE_SLEEVE net=-32927.0 PF=0.6662 DD=45.6263%
2026-08-26T17:25:45+00:00 GATE_SKIP id=OAFX0065 window=IS reason=SINGLE_SLEEVE_INFERIOR decision=SCREEN_OUT_SINGLE_SLEEVE net=-25439.0 PF=0.7049 DD=36.0011%
2026-08-26T17:25:45+00:00 SKIP_EXISTING [66/900] id=OAFX0066 window=SCREEN_IS
2026-08-26T17:25:45+00:00 SKIP_EXISTING [67/900] id=OAFX0067 window=SCREEN_IS
2026-08-26T17:25:45+00:00 SKIP_EXISTING [68/900] id=OAFX0068 window=SCREEN_IS
2026-08-26T17:25:45+00:00 SKIP_EXISTING [69/900] id=OAFX0069 window=SCREEN_IS
2026-08-26T17:25:45+00:00 SKIP_EXISTING [70/900] id=OAFX0070 window=SCREEN_IS
2026-08-26T17:25:45+00:00 GATE_SKIP id=OAFX0066 window=IS reason=SINGLE_SLEEVE_INFERIOR decision=SCREEN_OUT_SINGLE_SLEEVE net=-17366.0 PF=0.8662 DD=34.7172%
2026-08-26T17:25:45+00:00 GATE_SKIP id=OAFX0067 window=IS reason=SINGLE_SLEEVE_INFERIOR decision=SCREEN_OUT_SINGLE_SLEEVE net=-21481.0 PF=0.8217 DD=34.6766%
2026-08-26T17:25:45+00:00 GATE_SKIP id=OAFX0068 window=IS reason=SINGLE_SLEEVE_INFERIOR decision=SCREEN_OUT_SINGLE_SLEEVE net=-27802.0 PF=0.744 DD=43.5888%
2026-08-26T17:25:45+00:00 GATE_SKIP id=OAFX0069 window=IS reason=SINGLE_SLEEVE_INFERIOR decision=SCREEN_OUT_SINGLE_SLEEVE net=-32290.0 PF=0.6959 DD=46.1206%
2026-08-26T17:25:45+00:00 GATE_SKIP id=OAFX0070 window=IS reason=SINGLE_SLEEVE_INFERIOR decision=SCREEN_OUT_SINGLE_SLEEVE net=-24924.0 PF=0.731 DD=37.0439%
2026-08-26T17:25:45+00:00 SKIP_EXISTING [71/900] id=OAFX0071 window=SCREEN_IS
2026-08-26T17:25:45+00:00 SKIP_EXISTING [72/900] id=OAFX0072 window=SCREEN_IS
2026-08-26T17:25:45+00:00 SKIP_EXISTING [73/900] id=OAFX0073 window=SCREEN_IS
2026-08-26T17:25:45+00:00 SKIP_EXISTING [74/900] id=OAFX0074 window=SCREEN_IS
2026-08-26T17:25:45+00:00 SKIP_EXISTING [75/900] id=OAFX0075 window=SCREEN_IS
2026-08-26T17:25:45+00:00 GATE_SKIP id=OAFX0071 window=IS reason=SINGLE_SLEEVE_INFERIOR decision=SCREEN_OUT_SINGLE_SLEEVE net=6177.0 PF=1.0452 DD=22.1057%
2026-08-26T17:25:45+00:00 GATE_SKIP id=OAFX0072 window=IS reason=SINGLE_SLEEVE_INFERIOR decision=SCREEN_OUT_SINGLE_SLEEVE net=292.0 PF=1.0023 DD=21.7267%
2026-08-26T17:25:45+00:00 GATE_SKIP id=OAFX0073 window=IS reason=SINGLE_SLEEVE_INFERIOR decision=SCREEN_OUT_SINGLE_SLEEVE net=-9773.0 PF=0.9161 DD=25.4253%
2026-08-26T17:25:45+00:00 GATE_SKIP id=OAFX0074 window=IS reason=SINGLE_SLEEVE_INFERIOR decision=SCREEN_OUT_SINGLE_SLEEVE net=-13377.0 PF=0.8818 DD=26.7255%
2026-08-26T17:25:45+00:00 GATE_SKIP id=OAFX0075 window=IS reason=SINGLE_SLEEVE_INFERIOR decision=SCREEN_OUT_SINGLE_SLEEVE net=-6011.0 PF=0.9397 DD=22.1662%
2026-08-26T17:25:45+00:00 SKIP_EXISTING [76/900] id=OAFX0076 window=SCREEN_IS
2026-08-26T17:25:45+00:00 SKIP_EXISTING [77/900] id=OAFX0077 window=SCREEN_IS
2026-08-26T17:25:45+00:00 SKIP_EXISTING [78/900] id=OAFX0078 window=SCREEN_IS
2026-08-26T17:25:45+00:00 SKIP_EXISTING [79/900] id=OAFX0079 window=SCREEN_IS
2026-08-26T17:25:45+00:00 SKIP_EXISTING [80/900] id=OAFX0080 window=SCREEN_IS
2026-08-26T17:25:45+00:00 GATE_SKIP id=OAFX0076 window=IS reason=SINGLE_SLEEVE_INFERIOR decision=SCREEN_OUT_SINGLE_SLEEVE net=1795.0 PF=1.0122 DD=23.4626%
2026-08-26T17:25:45+00:00 GATE_SKIP id=OAFX0077 window=IS reason=SINGLE_SLEEVE_INFERIOR decision=SCREEN_OUT_SINGLE_SLEEVE net=-5059.0 PF=0.9634 DD=24.183%
2026-08-26T17:25:45+00:00 GATE_SKIP id=OAFX0078 window=IS reason=SINGLE_SLEEVE_INFERIOR decision=SCREEN_OUT_SINGLE_SLEEVE net=-15266.0 PF=0.8793 DD=28.5536%
2026-08-26T17:25:45+00:00 GATE_SKIP id=OAFX0079 window=IS reason=SINGLE_SLEEVE_INFERIOR decision=SCREEN_OUT_SINGLE_SLEEVE net=-19480.0 PF=0.842 DD=30.2833%
2026-08-26T17:25:45+00:00 GATE_SKIP id=OAFX0080 window=IS reason=SINGLE_SLEEVE_INFERIOR decision=SCREEN_OUT_SINGLE_SLEEVE net=-10434.0 PF=0.9033 DD=25.1771%
2026-08-26T17:25:45+00:00 SKIP_EXISTING [81/900] id=OAFX0081 window=SCREEN_IS
2026-08-26T17:25:45+00:00 SKIP_EXISTING [82/900] id=OAFX0082 window=SCREEN_IS
2026-08-26T17:25:45+00:00 SKIP_EXISTING [83/900] id=OAFX0083 window=SCREEN_IS
2026-08-26T17:25:45+00:00 SKIP_EXISTING [84/900] id=OAFX0084 window=SCREEN_IS
2026-08-26T17:25:45+00:00 SKIP_EXISTING [85/900] id=OAFX0085 window=SCREEN_IS
2026-08-26T17:25:45+00:00 GATE_SKIP id=OAFX0081 window=IS reason=SINGLE_SLEEVE_INFERIOR decision=SCREEN_OUT_SINGLE_SLEEVE net=-22702.0 PF=0.7338 DD=37.0934%
2026-08-26T17:25:45+00:00 GATE_SKIP id=OAFX0082 window=IS reason=SINGLE_SLEEVE_INFERIOR decision=SCREEN_OUT_SINGLE_SLEEVE net=-23776.0 PF=0.6873 DD=33.444%
2026-08-26T17:25:45+00:00 GATE_SKIP id=OAFX0083 window=IS reason=SINGLE_SLEEVE_INFERIOR decision=SCREEN_OUT_SINGLE_SLEEVE net=-24005.0 PF=0.6487 DD=33.4071%
2026-08-26T17:25:45+00:00 GATE_SKIP id=OAFX0084 window=IS reason=SINGLE_SLEEVE_INFERIOR decision=SCREEN_OUT_SINGLE_SLEEVE net=-24528.0 PF=0.6347 DD=33.8022%
2026-08-26T17:25:45+00:00 GATE_SKIP id=OAFX0085 window=IS reason=SINGLE_SLEEVE_INFERIOR decision=SCREEN_OUT_SINGLE_SLEEVE net=-14064.0 PF=0.7483 DD=23.3323%
2026-08-26T17:25:45+00:00 SKIP_EXISTING [86/900] id=OAFX0086 window=SCREEN_IS
2026-08-26T17:25:45+00:00 SKIP_EXISTING [87/900] id=OAFX0087 window=SCREEN_IS
2026-08-26T17:25:45+00:00 SKIP_EXISTING [88/900] id=OAFX0088 window=SCREEN_IS
2026-08-26T17:25:45+00:00 SKIP_EXISTING [89/900] id=OAFX0089 window=SCREEN_IS
2026-08-26T17:25:45+00:00 SKIP_EXISTING [90/900] id=OAFX0090 window=SCREEN_IS
2026-08-26T17:25:45+00:00 GATE_SKIP id=OAFX0086 window=IS reason=SINGLE_SLEEVE_INFERIOR decision=SCREEN_OUT_SINGLE_SLEEVE net=-20227.0 PF=0.7868 DD=35.197%
2026-08-26T17:25:45+00:00 GATE_SKIP id=OAFX0087 window=IS reason=SINGLE_SLEEVE_INFERIOR decision=SCREEN_OUT_SINGLE_SLEEVE net=-22098.0 PF=0.7423 DD=32.0671%
2026-08-26T17:25:45+00:00 GATE_SKIP id=OAFX0088 window=IS reason=SINGLE_SLEEVE_INFERIOR decision=SCREEN_OUT_SINGLE_SLEEVE net=-22847.0 PF=0.7032 DD=33.382%
2026-08-26T17:25:45+00:00 GATE_SKIP id=OAFX0089 window=IS reason=SINGLE_SLEEVE_INFERIOR decision=SCREEN_OUT_SINGLE_SLEEVE net=-23891.0 PF=0.68 DD=34.3433%
2026-08-26T17:25:45+00:00 GATE_SKIP id=OAFX0090 window=IS reason=SINGLE_SLEEVE_INFERIOR decision=SCREEN_OUT_SINGLE_SLEEVE net=-13549.0 PF=0.7826 DD=21.8339%
2026-08-26T17:25:45+00:00 SKIP_EXISTING [91/900] id=OAFX0091 window=SCREEN_IS
2026-08-26T17:25:45+00:00 SKIP_EXISTING [92/900] id=OAFX0092 window=SCREEN_IS
2026-08-26T17:25:45+00:00 SKIP_EXISTING [93/900] id=OAFX0093 window=SCREEN_IS
2026-08-26T17:25:45+00:00 SKIP_EXISTING [94/900] id=OAFX0094 window=SCREEN_IS
2026-08-26T17:25:45+00:00 SKIP_EXISTING [95/900] id=OAFX0095 window=SCREEN_IS
2026-08-26T17:25:45+00:00 GATE_SKIP id=OAFX0091 window=IS reason=SINGLE_SLEEVE_INFERIOR decision=SCREEN_OUT_SINGLE_SLEEVE net=3316.0 PF=1.0326 DD=23.7995%
2026-08-26T17:25:45+00:00 GATE_SKIP id=OAFX0092 window=IS reason=SINGLE_SLEEVE_INFERIOR decision=SCREEN_OUT_SINGLE_SLEEVE net=-325.0 PF=0.9965 DD=27.01%
2026-08-26T17:25:45+00:00 GATE_SKIP id=OAFX0093 window=IS reason=SINGLE_SLEEVE_INFERIOR decision=SCREEN_OUT_SINGLE_SLEEVE net=-4818.0 PF=0.9433 DD=26.2241%
2026-08-26T17:25:45+00:00 GATE_SKIP id=OAFX0094 window=IS reason=SINGLE_SLEEVE_INFERIOR decision=SCREEN_OUT_SINGLE_SLEEVE net=-4978.0 PF=0.939 DD=26.0918%
2026-08-26T17:25:45+00:00 GATE_SKIP id=OAFX0095 window=IS reason=SINGLE_SLEEVE_INFERIOR decision=SCREEN_OUT_SINGLE_SLEEVE net=5364.0 PF=1.0774 DD=20.5919%
2026-08-26T17:25:45+00:00 SKIP_EXISTING [96/900] id=OAFX0096 window=SCREEN_IS
2026-08-26T17:25:45+00:00 SKIP_EXISTING [97/900] id=OAFX0097 window=SCREEN_IS
2026-08-26T17:25:45+00:00 SKIP_EXISTING [98/900] id=OAFX0098 window=SCREEN_IS
2026-08-26T17:25:45+00:00 SKIP_EXISTING [99/900] id=OAFX0099 window=SCREEN_IS
2026-08-26T17:25:45+00:00 SKIP_EXISTING [100/900] id=OAFX0100 window=SCREEN_IS
2026-08-26T17:25:45+00:00 GATE_SKIP id=OAFX0096 window=IS reason=SINGLE_SLEEVE_INFERIOR decision=SCREEN_OUT_SINGLE_SLEEVE net=-1066.0 PF=0.9905 DD=26.3317%
2026-08-26T17:25:45+00:00 GATE_SKIP id=OAFX0097 window=IS reason=SINGLE_SLEEVE_INFERIOR decision=SCREEN_OUT_SINGLE_SLEEVE net=-5676.0 PF=0.9451 DD=29.7228%
2026-08-26T17:25:45+00:00 GATE_SKIP id=OAFX0098 window=IS reason=SINGLE_SLEEVE_INFERIOR decision=SCREEN_OUT_SINGLE_SLEEVE net=-10311.0 PF=0.8913 DD=26.3017%
2026-08-26T17:25:45+00:00 GATE_SKIP id=OAFX0099 window=IS reason=SINGLE_SLEEVE_INFERIOR decision=SCREEN_OUT_SINGLE_SLEEVE net=-11081.0 PF=0.8793 DD=26.7976%
2026-08-26T17:25:45+00:00 GATE_SKIP id=OAFX0100 window=IS reason=SINGLE_SLEEVE_INFERIOR decision=SCREEN_OUT_SINGLE_SLEEVE net=941.0 PF=1.0121 DD=18.928%
2026-08-26T17:25:45+00:00 SCREEN_SKIP_EXISTING_FULLBOOK [101/900] id=OAFX0101 reason=existing fullbook IS retained
2026-08-26T17:25:45+00:00 SKIP_EXISTING [102/900] id=OAFX0102 window=SCREEN_IS
2026-08-26T17:25:45+00:00 SKIP_EXISTING [103/900] id=OAFX0103 window=SCREEN_IS
2026-08-26T17:25:45+00:00 SKIP_EXISTING [104/900] id=OAFX0104 window=SCREEN_IS
2026-08-26T17:25:45+00:00 SKIP_EXISTING [105/900] id=OAFX0105 window=SCREEN_IS
2026-08-26T17:25:45+00:00 SKIP_EXISTING [101/900] id=OAFX0101 window=IS
2026-08-26T17:25:45+00:00 GATE_SKIP id=OAFX0102 window=IS reason=SINGLE_SLEEVE_INFERIOR decision=SCREEN_OUT_SINGLE_SLEEVE net=40227.0 PF=1.4591 DD=7.5594%
2026-08-26T17:25:45+00:00 GATE_SKIP id=OAFX0103 window=IS reason=SINGLE_SLEEVE_INFERIOR decision=SCREEN_OUT_SINGLE_SLEEVE net=31797.0 PF=1.1719 DD=11.3268%
2026-08-26T17:25:45+00:00 GATE_SKIP id=OAFX0104 window=IS reason=SINGLE_SLEEVE_INFERIOR decision=SCREEN_OUT_SINGLE_SLEEVE net=38477.0 PF=1.4308 DD=8.7357%
2026-08-26T17:25:45+00:00 GATE_SKIP id=OAFX0105 window=IS reason=SINGLE_SLEEVE_INFERIOR decision=SCREEN_OUT_SINGLE_SLEEVE net=30907.0 PF=1.1644 DD=10.8968%
2026-08-26T17:25:45+00:00 GATE_SKIP id=OAFX0101 window=OOS reason=IS_NOT_SURVIVOR decision=IS_REJECT net=223641.0 PF=1.4509 DD=39.0352%
2026-08-26T17:25:45+00:00 SKIP_EXISTING [106/900] id=OAFX0106 window=SCREEN_IS
2026-08-26T17:25:45+00:00 SKIP_EXISTING [107/900] id=OAFX0107 window=SCREEN_IS
2026-08-26T17:25:45+00:00 SKIP_EXISTING [108/900] id=OAFX0108 window=SCREEN_IS
2026-08-26T17:25:45+00:00 SKIP_EXISTING [109/900] id=OAFX0109 window=SCREEN_IS
2026-08-26T17:25:45+00:00 SKIP_EXISTING [110/900] id=OAFX0110 window=SCREEN_IS
2026-08-26T17:25:45+00:00 GATE_SKIP id=OAFX0106 window=IS reason=SINGLE_SLEEVE_INFERIOR decision=SCREEN_OUT_SINGLE_SLEEVE net=38634.0 PF=1.4304 DD=8.3495%
2026-08-26T17:25:45+00:00 GATE_SKIP id=OAFX0107 window=IS reason=SINGLE_SLEEVE_INFERIOR decision=SCREEN_OUT_SINGLE_SLEEVE net=32407.0 PF=1.172 DD=10.1664%
2026-08-26T17:25:45+00:00 GATE_SKIP id=OAFX0108 window=IS reason=SINGLE_SLEEVE_INFERIOR decision=SCREEN_OUT_SINGLE_SLEEVE net=40079.0 PF=1.4444 DD=7.843%
2026-08-26T17:25:45+00:00 GATE_SKIP id=OAFX0109 window=IS reason=SINGLE_SLEEVE_INFERIOR decision=SCREEN_OUT_SINGLE_SLEEVE net=36086.0 PF=1.1911 DD=10.0382%
2026-08-26T17:25:45+00:00 GATE_SKIP id=OAFX0110 window=IS reason=SINGLE_SLEEVE_INFERIOR decision=SCREEN_OUT_SINGLE_SLEEVE net=42005.0 PF=1.4638 DD=7.4187%
2026-08-26T17:25:45+00:00 SKIP_EXISTING [111/900] id=OAFX0111 window=SCREEN_IS
2026-08-26T17:25:45+00:00 SKIP_EXISTING [112/900] id=OAFX0112 window=SCREEN_IS
2026-08-26T17:25:45+00:00 SKIP_EXISTING [113/900] id=OAFX0113 window=SCREEN_IS
2026-08-26T17:25:45+00:00 SKIP_EXISTING [114/900] id=OAFX0114 window=SCREEN_IS
2026-08-26T17:25:45+00:00 SKIP_EXISTING [115/900] id=OAFX0115 window=SCREEN_IS
2026-08-26T17:25:45+00:00 GATE_SKIP id=OAFX0111 window=IS reason=SINGLE_SLEEVE_INFERIOR decision=SCREEN_OUT_SINGLE_SLEEVE net=36539.0 PF=1.1935 DD=9.9568%
2026-08-26T17:25:45+00:00 GATE_SKIP id=OAFX0112 window=IS reason=SINGLE_SLEEVE_INFERIOR decision=SCREEN_OUT_SINGLE_SLEEVE net=41204.0 PF=1.4549 DD=7.45%
2026-08-26T17:25:45+00:00 GATE_SKIP id=OAFX0113 window=IS reason=SINGLE_SLEEVE_INFERIOR decision=SCREEN_OUT_SINGLE_SLEEVE net=34095.0 PF=1.18 DD=10.1801%
2026-08-26T17:25:45+00:00 GATE_SKIP id=OAFX0114 window=IS reason=SINGLE_SLEEVE_INFERIOR decision=SCREEN_OUT_SINGLE_SLEEVE net=39375.0 PF=1.4317 DD=7.5766%
2026-08-26T17:25:45+00:00 GATE_SKIP id=OAFX0115 window=IS reason=SINGLE_SLEEVE_INFERIOR decision=SCREEN_OUT_SINGLE_SLEEVE net=33206.0 PF=1.1753 DD=10.2638%
2026-08-26T17:25:45+00:00 SKIP_EXISTING [116/900] id=OAFX0116 window=SCREEN_IS
2026-08-26T17:25:45+00:00 SKIP_EXISTING [117/900] id=OAFX0117 window=SCREEN_IS
2026-08-26T17:25:45+00:00 SKIP_EXISTING [118/900] id=OAFX0118 window=SCREEN_IS
2026-08-26T17:25:45+00:00 SKIP_EXISTING [119/900] id=OAFX0119 window=SCREEN_IS
2026-08-26T17:25:45+00:00 SKIP_EXISTING [120/900] id=OAFX0120 window=SCREEN_IS
2026-08-26T17:25:45+00:00 GATE_SKIP id=OAFX0116 window=IS reason=SINGLE_SLEEVE_INFERIOR decision=SCREEN_OUT_SINGLE_SLEEVE net=39922.0 PF=1.4377 DD=7.55%
2026-08-26T17:25:45+00:00 GATE_SKIP id=OAFX0117 window=IS reason=SINGLE_SLEEVE_INFERIOR decision=SCREEN_OUT_SINGLE_SLEEVE net=33694.0 PF=1.1778 DD=10.217%
2026-08-26T17:25:45+00:00 GATE_SKIP id=OAFX0118 window=IS reason=SINGLE_SLEEVE_INFERIOR decision=SCREEN_OUT_SINGLE_SLEEVE net=39804.0 PF=1.4364 DD=7.5262%
2026-08-26T17:25:45+00:00 GATE_SKIP id=OAFX0119 window=IS reason=SINGLE_SLEEVE_INFERIOR decision=SCREEN_OUT_SINGLE_SLEEVE net=33710.0 PF=1.1779 DD=10.2536%
2026-08-26T17:25:45+00:00 GATE_SKIP id=OAFX0120 window=IS reason=SINGLE_SLEEVE_INFERIOR decision=SCREEN_OUT_SINGLE_SLEEVE net=38935.0 PF=1.4269 DD=7.5847%
2026-08-26T17:25:45+00:00 SKIP_EXISTING [121/900] id=OAFX0121 window=SCREEN_IS
2026-08-26T17:25:45+00:00 SKIP_EXISTING [122/900] id=OAFX0122 window=SCREEN_IS
2026-08-26T17:25:45+00:00 SKIP_EXISTING [123/900] id=OAFX0123 window=SCREEN_IS
2026-08-26T17:25:45+00:00 SKIP_EXISTING [124/900] id=OAFX0124 window=SCREEN_IS
2026-08-26T17:25:45+00:00 SKIP_EXISTING [125/900] id=OAFX0125 window=SCREEN_IS
2026-08-26T17:25:45+00:00 GATE_SKIP id=OAFX0121 window=IS reason=SINGLE_SLEEVE_INFERIOR decision=SCREEN_OUT_SINGLE_SLEEVE net=40108.0 PF=1.1818 DD=11.5841%
2026-08-26T17:25:45+00:00 GATE_SKIP id=OAFX0122 window=IS reason=SINGLE_SLEEVE_INFERIOR decision=SCREEN_OUT_SINGLE_SLEEVE net=48236.0 PF=1.4808 DD=9.6309%
2026-08-26T17:25:45+00:00 GATE_SKIP id=OAFX0123 window=IS reason=SINGLE_SLEEVE_INFERIOR decision=SCREEN_OUT_SINGLE_SLEEVE net=41595.0 PF=1.1864 DD=12.8148%
2026-08-26T17:25:45+00:00 GATE_SKIP id=OAFX0124 window=IS reason=SINGLE_SLEEVE_INFERIOR decision=SCREEN_OUT_SINGLE_SLEEVE net=47719.0 PF=1.4678 DD=10.6055%
2026-08-26T17:25:45+00:00 GATE_SKIP id=OAFX0125 window=IS reason=SINGLE_SLEEVE_INFERIOR decision=SCREEN_OUT_SINGLE_SLEEVE net=38920.0 PF=1.171 DD=12.4031%
2026-08-26T17:25:45+00:00 SKIP_EXISTING [126/900] id=OAFX0126 window=SCREEN_IS
2026-08-26T17:25:45+00:00 SKIP_EXISTING [127/900] id=OAFX0127 window=SCREEN_IS
2026-08-26T17:25:45+00:00 SKIP_EXISTING [128/900] id=OAFX0128 window=SCREEN_IS
2026-08-26T17:25:45+00:00 SKIP_EXISTING [129/900] id=OAFX0129 window=SCREEN_IS
2026-08-26T17:25:45+00:00 SKIP_EXISTING [130/900] id=OAFX0130 window=SCREEN_IS
2026-08-26T17:25:45+00:00 GATE_SKIP id=OAFX0126 window=IS reason=SINGLE_SLEEVE_INFERIOR decision=SCREEN_OUT_SINGLE_SLEEVE net=48000.0 PF=1.4684 DD=10.2365%
2026-08-26T17:25:45+00:00 GATE_SKIP id=OAFX0127 window=IS reason=SINGLE_SLEEVE_INFERIOR decision=SCREEN_OUT_SINGLE_SLEEVE net=42154.0 PF=1.1848 DD=12.4685%
2026-08-26T17:25:45+00:00 GATE_SKIP id=OAFX0128 window=IS reason=SINGLE_SLEEVE_INFERIOR decision=SCREEN_OUT_SINGLE_SLEEVE net=50160.0 PF=1.4875 DD=9.7059%
2026-08-26T17:25:45+00:00 GATE_SKIP id=OAFX0129 window=IS reason=SINGLE_SLEEVE_INFERIOR decision=SCREEN_OUT_SINGLE_SLEEVE net=46377.0 PF=1.2027 DD=11.5504%
2026-08-26T17:25:45+00:00 GATE_SKIP id=OAFX0130 window=IS reason=SINGLE_SLEEVE_INFERIOR decision=SCREEN_OUT_SINGLE_SLEEVE net=52031.0 PF=1.5019 DD=9.0618%
2026-08-26T17:25:45+00:00 SKIP_EXISTING [131/900] id=OAFX0131 window=SCREEN_IS
2026-08-26T17:25:45+00:00 SKIP_EXISTING [132/900] id=OAFX0132 window=SCREEN_IS
2026-08-26T17:25:45+00:00 SKIP_EXISTING [133/900] id=OAFX0133 window=SCREEN_IS
2026-08-26T17:25:45+00:00 SKIP_EXISTING [134/900] id=OAFX0134 window=SCREEN_IS
2026-08-26T17:25:45+00:00 SKIP_EXISTING [135/900] id=OAFX0135 window=SCREEN_IS
2026-08-26T17:25:45+00:00 GATE_SKIP id=OAFX0131 window=IS reason=SINGLE_SLEEVE_INFERIOR decision=SCREEN_OUT_SINGLE_SLEEVE net=46719.0 PF=1.2042 DD=11.465%
2026-08-26T17:25:45+00:00 GATE_SKIP id=OAFX0132 window=IS reason=SINGLE_SLEEVE_INFERIOR decision=SCREEN_OUT_SINGLE_SLEEVE net=50718.0 PF=1.4893 DD=9.0419%
2026-08-26T17:25:45+00:00 GATE_SKIP id=OAFX0133 window=IS reason=SINGLE_SLEEVE_INFERIOR decision=SCREEN_OUT_SINGLE_SLEEVE net=44589.0 PF=1.1943 DD=11.6872%
2026-08-26T17:25:45+00:00 GATE_SKIP id=OAFX0134 window=IS reason=SINGLE_SLEEVE_INFERIOR decision=SCREEN_OUT_SINGLE_SLEEVE net=49078.0 PF=1.4706 DD=9.1155%
2026-08-26T17:25:45+00:00 GATE_SKIP id=OAFX0135 window=IS reason=SINGLE_SLEEVE_INFERIOR decision=SCREEN_OUT_SINGLE_SLEEVE net=42623.0 PF=1.1857 DD=11.9626%
2026-08-26T17:25:45+00:00 SKIP_EXISTING [136/900] id=OAFX0136 window=SCREEN_IS
2026-08-26T17:25:45+00:00 SKIP_EXISTING [137/900] id=OAFX0137 window=SCREEN_IS
2026-08-26T17:25:45+00:00 SKIP_EXISTING [138/900] id=OAFX0138 window=SCREEN_IS
2026-08-26T17:25:45+00:00 SKIP_EXISTING [139/900] id=OAFX0139 window=SCREEN_IS
2026-08-26T17:25:45+00:00 SKIP_EXISTING [140/900] id=OAFX0140 window=SCREEN_IS
2026-08-26T17:25:45+00:00 GATE_SKIP id=OAFX0136 window=IS reason=SINGLE_SLEEVE_INFERIOR decision=SCREEN_OUT_SINGLE_SLEEVE net=49732.0 PF=1.4769 DD=9.0778%
2026-08-26T17:25:45+00:00 GATE_SKIP id=OAFX0137 window=IS reason=SINGLE_SLEEVE_INFERIOR decision=SCREEN_OUT_SINGLE_SLEEVE net=42940.0 PF=1.1871 DD=11.9501%
2026-08-26T17:25:45+00:00 GATE_SKIP id=OAFX0138 window=IS reason=SINGLE_SLEEVE_INFERIOR decision=SCREEN_OUT_SINGLE_SLEEVE net=49683.0 PF=1.4764 DD=9.2401%
2026-08-26T17:25:45+00:00 GATE_SKIP id=OAFX0139 window=IS reason=SINGLE_SLEEVE_INFERIOR decision=SCREEN_OUT_SINGLE_SLEEVE net=42887.0 PF=1.1869 DD=11.9706%
2026-08-26T17:25:45+00:00 GATE_SKIP id=OAFX0140 window=IS reason=SINGLE_SLEEVE_INFERIOR decision=SCREEN_OUT_SINGLE_SLEEVE net=48488.0 PF=1.465 DD=9.3318%
2026-08-26T17:25:46+00:00 SKIP_EXISTING [141/900] id=OAFX0141 window=SCREEN_IS
2026-08-26T17:25:46+00:00 SKIP_EXISTING [142/900] id=OAFX0142 window=SCREEN_IS
2026-08-26T17:25:46+00:00 SKIP_EXISTING [143/900] id=OAFX0143 window=SCREEN_IS
2026-08-26T17:25:46+00:00 SKIP_EXISTING [144/900] id=OAFX0144 window=SCREEN_IS
2026-08-26T17:25:46+00:00 SKIP_EXISTING [145/900] id=OAFX0145 window=SCREEN_IS
2026-08-26T17:25:46+00:00 GATE_SKIP id=OAFX0141 window=IS reason=SINGLE_SLEEVE_INFERIOR decision=SCREEN_OUT_SINGLE_SLEEVE net=48768.0 PF=1.1885 DD=13.294%
2026-08-26T17:25:46+00:00 GATE_SKIP id=OAFX0142 window=IS reason=SINGLE_SLEEVE_INFERIOR decision=SCREEN_OUT_SINGLE_SLEEVE net=56245.0 PF=1.4976 DD=11.583%
2026-08-26T17:25:46+00:00 GATE_SKIP id=OAFX0143 window=IS reason=SINGLE_SLEEVE_INFERIOR decision=SCREEN_OUT_SINGLE_SLEEVE net=51393.0 PF=1.1967 DD=15.3588%
2026-08-26T17:25:46+00:00 GATE_SKIP id=OAFX0144 window=IS reason=SINGLE_SLEEVE_INFERIOR decision=SCREEN_OUT_SINGLE_SLEEVE net=56961.0 PF=1.4965 DD=12.4658%
2026-08-26T17:25:46+00:00 GATE_SKIP id=OAFX0145 window=IS reason=SINGLE_SLEEVE_INFERIOR decision=SCREEN_OUT_SINGLE_SLEEVE net=46933.0 PF=1.1756 DD=15.2255%
2026-08-26T17:25:46+00:00 SKIP_EXISTING [146/900] id=OAFX0146 window=SCREEN_IS
2026-08-26T17:25:46+00:00 SKIP_EXISTING [147/900] id=OAFX0147 window=SCREEN_IS
2026-08-26T17:25:46+00:00 SKIP_EXISTING [148/900] id=OAFX0148 window=SCREEN_IS
2026-08-26T17:25:46+00:00 SKIP_EXISTING [149/900] id=OAFX0149 window=SCREEN_IS
2026-08-26T17:25:46+00:00 SKIP_EXISTING [150/900] id=OAFX0150 window=SCREEN_IS
2026-08-26T17:25:46+00:00 GATE_SKIP id=OAFX0146 window=IS reason=SINGLE_SLEEVE_INFERIOR decision=SCREEN_OUT_SINGLE_SLEEVE net=57366.0 PF=1.4981 DD=12.1044%
2026-08-26T17:25:46+00:00 GATE_SKIP id=OAFX0147 window=IS reason=SINGLE_SLEEVE_INFERIOR decision=SCREEN_OUT_SINGLE_SLEEVE net=51901.0 PF=1.1939 DD=14.9479%
2026-08-26T17:25:46+00:00 GATE_SKIP id=OAFX0148 window=IS reason=SINGLE_SLEEVE_INFERIOR decision=SCREEN_OUT_SINGLE_SLEEVE net=60241.0 PF=1.5211 DD=11.5402%
2026-08-26T17:25:46+00:00 GATE_SKIP id=OAFX0149 window=IS reason=SINGLE_SLEEVE_INFERIOR decision=SCREEN_OUT_SINGLE_SLEEVE net=56668.0 PF=1.2108 DD=13.7552%
2026-08-26T17:25:46+00:00 GATE_SKIP id=OAFX0150 window=IS reason=SINGLE_SLEEVE_INFERIOR decision=SCREEN_OUT_SINGLE_SLEEVE net=62057.0 PF=1.5316 DD=10.8425%
2026-08-26T17:25:46+00:00 SKIP_EXISTING [151/900] id=OAFX0151 window=SCREEN_IS
2026-08-26T17:25:46+00:00 SKIP_EXISTING [152/900] id=OAFX0152 window=SCREEN_IS
2026-08-26T17:25:46+00:00 SKIP_EXISTING [153/900] id=OAFX0153 window=SCREEN_IS
2026-08-26T17:25:46+00:00 SKIP_EXISTING [154/900] id=OAFX0154 window=SCREEN_IS
2026-08-26T17:25:46+00:00 SKIP_EXISTING [155/900] id=OAFX0155 window=SCREEN_IS
2026-08-26T17:25:46+00:00 GATE_SKIP id=OAFX0151 window=IS reason=SINGLE_SLEEVE_INFERIOR decision=SCREEN_OUT_SINGLE_SLEEVE net=56899.0 PF=1.2116 DD=13.6869%
2026-08-26T17:25:46+00:00 GATE_SKIP id=OAFX0152 window=IS reason=SINGLE_SLEEVE_INFERIOR decision=SCREEN_OUT_SINGLE_SLEEVE net=60232.0 PF=1.5159 DD=10.8456%
2026-08-26T17:25:46+00:00 GATE_SKIP id=OAFX0153 window=IS reason=SINGLE_SLEEVE_INFERIOR decision=SCREEN_OUT_SINGLE_SLEEVE net=55083.0 PF=1.2044 DD=13.8169%
2026-08-26T17:25:46+00:00 GATE_SKIP id=OAFX0154 window=IS reason=SINGLE_SLEEVE_INFERIOR decision=SCREEN_OUT_SINGLE_SLEEVE net=58781.0 PF=1.5008 DD=10.8565%
2026-08-26T17:25:46+00:00 GATE_SKIP id=OAFX0155 window=IS reason=SINGLE_SLEEVE_INFERIOR decision=SCREEN_OUT_SINGLE_SLEEVE net=52040.0 PF=1.1931 DD=14.43%
2026-08-26T17:25:46+00:00 SKIP_EXISTING [156/900] id=OAFX0156 window=SCREEN_IS
2026-08-26T17:25:46+00:00 SKIP_EXISTING [157/900] id=OAFX0157 window=SCREEN_IS
2026-08-26T17:25:46+00:00 SKIP_EXISTING [158/900] id=OAFX0158 window=SCREEN_IS
2026-08-26T17:25:46+00:00 SKIP_EXISTING [159/900] id=OAFX0159 window=SCREEN_IS
2026-08-26T17:25:46+00:00 SKIP_EXISTING [160/900] id=OAFX0160 window=SCREEN_IS
2026-08-26T17:25:46+00:00 GATE_SKIP id=OAFX0156 window=IS reason=SINGLE_SLEEVE_INFERIOR decision=SCREEN_OUT_SINGLE_SLEEVE net=59542.0 PF=1.5073 DD=10.6887%
2026-08-26T17:25:46+00:00 GATE_SKIP id=OAFX0157 window=IS reason=SINGLE_SLEEVE_INFERIOR decision=SCREEN_OUT_SINGLE_SLEEVE net=52186.0 PF=1.1937 DD=14.4422%
2026-08-26T17:25:46+00:00 GATE_SKIP id=OAFX0158 window=IS reason=SINGLE_SLEEVE_INFERIOR decision=SCREEN_OUT_SINGLE_SLEEVE net=59562.0 PF=1.5075 DD=11.0103%
2026-08-26T17:25:46+00:00 GATE_SKIP id=OAFX0159 window=IS reason=SINGLE_SLEEVE_INFERIOR decision=SCREEN_OUT_SINGLE_SLEEVE net=52064.0 PF=1.1932 DD=14.4797%
2026-08-26T17:25:46+00:00 GATE_SKIP id=OAFX0160 window=IS reason=SINGLE_SLEEVE_INFERIOR decision=SCREEN_OUT_SINGLE_SLEEVE net=58041.0 PF=1.4945 DD=11.1396%
2026-08-26T17:25:46+00:00 SKIP_EXISTING [161/900] id=OAFX0161 window=SCREEN_IS
2026-08-26T17:25:46+00:00 SKIP_EXISTING [162/900] id=OAFX0162 window=SCREEN_IS
2026-08-26T17:25:46+00:00 SKIP_EXISTING [163/900] id=OAFX0163 window=SCREEN_IS
2026-08-26T17:25:46+00:00 SKIP_EXISTING [164/900] id=OAFX0164 window=SCREEN_IS
2026-08-26T17:25:46+00:00 SKIP_EXISTING [165/900] id=OAFX0165 window=SCREEN_IS
2026-08-26T17:25:46+00:00 GATE_SKIP id=OAFX0161 window=IS reason=SINGLE_SLEEVE_INFERIOR decision=SCREEN_OUT_SINGLE_SLEEVE net=57428.0 PF=1.1934 DD=15.5622%
2026-08-26T17:25:46+00:00 GATE_SKIP id=OAFX0162 window=IS reason=SINGLE_SLEEVE_INFERIOR decision=SCREEN_OUT_SINGLE_SLEEVE net=64254.0 PF=1.5111 DD=13.3277%
2026-08-26T17:25:46+00:00 GATE_SKIP id=OAFX0163 window=IS reason=SINGLE_SLEEVE_INFERIOR decision=SCREEN_OUT_SINGLE_SLEEVE net=61191.0 PF=1.2044 DD=17.4147%
2026-08-26T17:25:46+00:00 GATE_SKIP id=OAFX0164 window=IS reason=SINGLE_SLEEVE_INFERIOR decision=SCREEN_OUT_SINGLE_SLEEVE net=66203.0 PF=1.5196 DD=14.114%
2026-08-26T17:25:46+00:00 GATE_SKIP id=OAFX0165 window=IS reason=SINGLE_SLEEVE_INFERIOR decision=SCREEN_OUT_SINGLE_SLEEVE net=54946.0 PF=1.179 DD=17.6341%
2026-08-26T17:25:46+00:00 SKIP_EXISTING [166/900] id=OAFX0166 window=SCREEN_IS
2026-08-26T17:25:46+00:00 SKIP_EXISTING [167/900] id=OAFX0167 window=SCREEN_IS
2026-08-26T17:25:46+00:00 SKIP_EXISTING [168/900] id=OAFX0168 window=SCREEN_IS
2026-08-26T17:25:46+00:00 SKIP_EXISTING [169/900] id=OAFX0169 window=SCREEN_IS
2026-08-26T17:25:46+00:00 SKIP_EXISTING [170/900] id=OAFX0170 window=SCREEN_IS
2026-08-26T17:25:46+00:00 GATE_SKIP id=OAFX0166 window=IS reason=SINGLE_SLEEVE_INFERIOR decision=SCREEN_OUT_SINGLE_SLEEVE net=66732.0 PF=1.5219 DD=13.7511%
2026-08-26T17:25:46+00:00 GATE_SKIP id=OAFX0167 window=IS reason=SINGLE_SLEEVE_INFERIOR decision=SCREEN_OUT_SINGLE_SLEEVE net=61648.0 PF=1.2006 DD=16.9657%
2026-08-26T17:25:46+00:00 GATE_SKIP id=OAFX0168 window=IS reason=SINGLE_SLEEVE_INFERIOR decision=SCREEN_OUT_SINGLE_SLEEVE net=70322.0 PF=1.5481 DD=13.1484%
2026-08-26T17:25:46+00:00 GATE_SKIP id=OAFX0169 window=IS reason=SINGLE_SLEEVE_INFERIOR decision=SCREEN_OUT_SINGLE_SLEEVE net=66959.0 PF=1.2168 DD=15.7568%
2026-08-26T17:25:46+00:00 GATE_SKIP id=OAFX0170 window=IS reason=SINGLE_SLEEVE_INFERIOR decision=SCREEN_OUT_SINGLE_SLEEVE net=72083.0 PF=1.5552 DD=12.3903%
2026-08-26T17:25:46+00:00 SKIP_EXISTING [171/900] id=OAFX0171 window=SCREEN_IS
2026-08-26T17:25:46+00:00 SKIP_EXISTING [172/900] id=OAFX0172 window=SCREEN_IS
2026-08-26T17:25:46+00:00 SKIP_EXISTING [173/900] id=OAFX0173 window=SCREEN_IS
2026-08-26T17:25:46+00:00 SKIP_EXISTING [174/900] id=OAFX0174 window=SCREEN_IS
2026-08-26T17:25:46+00:00 SKIP_EXISTING [175/900] id=OAFX0175 window=SCREEN_IS
2026-08-26T17:25:46+00:00 GATE_SKIP id=OAFX0171 window=IS reason=SINGLE_SLEEVE_INFERIOR decision=SCREEN_OUT_SINGLE_SLEEVE net=67079.0 PF=1.2172 DD=15.7051%
2026-08-26T17:25:46+00:00 GATE_SKIP id=OAFX0172 window=IS reason=SINGLE_SLEEVE_INFERIOR decision=SCREEN_OUT_SINGLE_SLEEVE net=69746.0 PF=1.5372 DD=12.4184%
2026-08-26T17:25:46+00:00 GATE_SKIP id=OAFX0173 window=IS reason=SINGLE_SLEEVE_INFERIOR decision=SCREEN_OUT_SINGLE_SLEEVE net=65577.0 PF=1.2119 DD=15.8271%
2026-08-26T17:25:46+00:00 GATE_SKIP id=OAFX0174 window=IS reason=SINGLE_SLEEVE_INFERIOR decision=SCREEN_OUT_SINGLE_SLEEVE net=68484.0 PF=1.525 DD=12.429%
2026-08-26T17:25:46+00:00 GATE_SKIP id=OAFX0175 window=IS reason=SINGLE_SLEEVE_INFERIOR decision=SCREEN_OUT_SINGLE_SLEEVE net=61457.0 PF=1.1986 DD=16.531%
2026-08-26T17:25:46+00:00 SKIP_EXISTING [176/900] id=OAFX0176 window=SCREEN_IS
2026-08-26T17:25:46+00:00 SKIP_EXISTING [177/900] id=OAFX0177 window=SCREEN_IS
2026-08-26T17:25:46+00:00 SKIP_EXISTING [178/900] id=OAFX0178 window=SCREEN_IS
2026-08-26T17:25:46+00:00 SKIP_EXISTING [179/900] id=OAFX0179 window=SCREEN_IS
2026-08-26T17:25:46+00:00 SKIP_EXISTING [180/900] id=OAFX0180 window=SCREEN_IS
2026-08-26T17:25:46+00:00 GATE_SKIP id=OAFX0176 window=IS reason=SINGLE_SLEEVE_INFERIOR decision=SCREEN_OUT_SINGLE_SLEEVE net=69352.0 PF=1.5316 DD=12.256%
2026-08-26T17:25:46+00:00 GATE_SKIP id=OAFX0177 window=IS reason=SINGLE_SLEEVE_INFERIOR decision=SCREEN_OUT_SINGLE_SLEEVE net=61432.0 PF=1.1985 DD=16.5704%
2026-08-26T17:25:46+00:00 GATE_SKIP id=OAFX0178 window=IS reason=SINGLE_SLEEVE_INFERIOR decision=SCREEN_OUT_SINGLE_SLEEVE net=69441.0 PF=1.5323 DD=12.5445%
2026-08-26T17:25:46+00:00 GATE_SKIP id=OAFX0179 window=IS reason=SINGLE_SLEEVE_INFERIOR decision=SCREEN_OUT_SINGLE_SLEEVE net=61241.0 PF=1.1979 DD=16.6254%
2026-08-26T17:25:46+00:00 GATE_SKIP id=OAFX0180 window=IS reason=SINGLE_SLEEVE_INFERIOR decision=SCREEN_OUT_SINGLE_SLEEVE net=67594.0 PF=1.5181 DD=12.7118%
2026-08-26T17:25:46+00:00 SKIP_EXISTING [181/900] id=OAFX0181 window=SCREEN_IS
2026-08-26T17:25:46+00:00 SKIP_EXISTING [182/900] id=OAFX0182 window=SCREEN_IS
2026-08-26T17:25:46+00:00 SKIP_EXISTING [183/900] id=OAFX0183 window=SCREEN_IS
2026-08-26T17:25:46+00:00 SKIP_EXISTING [184/900] id=OAFX0184 window=SCREEN_IS
2026-08-26T17:25:46+00:00 SKIP_EXISTING [185/900] id=OAFX0185 window=SCREEN_IS
2026-08-26T17:25:46+00:00 GATE_SKIP id=OAFX0181 window=IS reason=SINGLE_SLEEVE_INFERIOR decision=SCREEN_OUT_SINGLE_SLEEVE net=66088.0 PF=1.1973 DD=18.2405%
2026-08-26T17:25:46+00:00 GATE_SKIP id=OAFX0182 window=IS reason=SINGLE_SLEEVE_INFERIOR decision=SCREEN_OUT_SINGLE_SLEEVE net=72263.0 PF=1.522 DD=14.8964%
2026-08-26T17:25:46+00:00 GATE_SKIP id=OAFX0183 window=IS reason=SINGLE_SLEEVE_INFERIOR decision=SCREEN_OUT_SINGLE_SLEEVE net=70989.0 PF=1.2103 DD=19.274%
2026-08-26T17:25:46+00:00 GATE_SKIP id=OAFX0184 window=IS reason=SINGLE_SLEEVE_INFERIOR decision=SCREEN_OUT_SINGLE_SLEEVE net=75445.0 PF=1.5384 DD=15.5844%
2026-08-26T17:25:46+00:00 GATE_SKIP id=OAFX0185 window=IS reason=SINGLE_SLEEVE_INFERIOR decision=SCREEN_OUT_SINGLE_SLEEVE net=62959.0 PF=1.1817 DD=19.6492%
2026-08-26T17:25:46+00:00 SKIP_EXISTING [186/900] id=OAFX0186 window=SCREEN_IS
2026-08-26T17:25:46+00:00 SKIP_EXISTING [187/900] id=OAFX0187 window=SCREEN_IS
2026-08-26T17:25:46+00:00 SCREEN_SKIP_EXISTING_FULLBOOK [188/900] id=OAFX0188 reason=existing fullbook IS retained
2026-08-26T17:25:46+00:00 SCREEN_SKIP_EXISTING_FULLBOOK [189/900] id=OAFX0189 reason=existing fullbook IS retained
2026-08-26T17:25:46+00:00 SCREEN_SKIP_EXISTING_FULLBOOK [190/900] id=OAFX0190 reason=existing fullbook IS retained
2026-08-26T17:25:46+00:00 GATE_SKIP id=OAFX0186 window=IS reason=SINGLE_SLEEVE_INFERIOR decision=SCREEN_OUT_SINGLE_SLEEVE net=76098.0 PF=1.5413 DD=15.2137%
2026-08-26T17:25:46+00:00 GATE_SKIP id=OAFX0187 window=IS reason=SINGLE_SLEEVE_INFERIOR decision=SCREEN_OUT_SINGLE_SLEEVE net=71395.0 PF=1.2058 DD=18.9363%
2026-08-26T17:25:46+00:00 SKIP_EXISTING [188/900] id=OAFX0188 window=IS
2026-08-26T17:25:46+00:00 SKIP_EXISTING [189/900] id=OAFX0189 window=IS
2026-08-26T17:25:46+00:00 SKIP_EXISTING [190/900] id=OAFX0190 window=IS
2026-08-26T17:25:46+00:00 SCREEN_SKIP_EXISTING_FULLBOOK [191/900] id=OAFX0191 reason=existing fullbook IS retained
2026-08-26T17:25:46+00:00 SKIP_EXISTING [192/900] id=OAFX0192 window=SCREEN_IS
2026-08-26T17:25:46+00:00 GATE_SKIP id=OAFX0188 window=OOS reason=IS_NOT_SURVIVOR decision=IS_REJECT net=272596.0 PF=1.5997 DD=36.8905%
2026-08-26T17:25:46+00:00 GATE_SKIP id=OAFX0189 window=OOS reason=IS_NOT_SURVIVOR decision=IS_REJECT net=269443.0 PF=1.4068 DD=35.8647%
2026-08-26T17:25:46+00:00 GATE_SKIP id=OAFX0190 window=OOS reason=IS_NOT_SURVIVOR decision=IS_REJECT net=274302.0 PF=1.601 DD=36.4886%
2026-08-26T17:25:46+00:00 SKIP_EXISTING [191/900] id=OAFX0191 window=IS
2026-08-26T17:25:46+00:00 RUN_START id=OAFX0192 family=sca_gj_boost_rr_direction window=IS terminal=BT1 run=oafx_is_oafx0192_20260827022546_4594bb
2026-08-26T17:25:46+00:00 SKIP_EXISTING [193/900] id=OAFX0193 window=SCREEN_IS
2026-08-26T17:25:46+00:00 SCREEN_SKIP_EXISTING_FULLBOOK [194/900] id=OAFX0194 reason=existing fullbook IS retained
2026-08-26T17:25:46+00:00 SKIP_EXISTING [195/900] id=OAFX0195 window=SCREEN_IS
2026-08-26T17:25:46+00:00 SKIP_EXISTING [191/900] id=OAFX0191 window=OOS
2026-08-26T17:25:46+00:00 GATE_SKIP id=OAFX0193 window=IS reason=SINGLE_SLEEVE_INFERIOR decision=SCREEN_OUT_SINGLE_SLEEVE net=76071.0 PF=1.2177 DD=17.7554%
2026-08-26T17:25:46+00:00 SKIP_EXISTING [194/900] id=OAFX0194 window=IS
2026-08-26T17:25:46+00:00 GATE_SKIP id=OAFX0195 window=IS reason=SINGLE_SLEEVE_INFERIOR decision=SCREEN_OUT_SINGLE_SLEEVE net=70874.0 PF=1.2028 DD=18.5587%
2026-08-26T17:25:46+00:00 SCREEN_SKIP_EXISTING_FULLBOOK [196/900] id=OAFX0196 reason=existing fullbook IS retained
2026-08-26T17:25:46+00:00 SKIP_EXISTING [197/900] id=OAFX0197 window=SCREEN_IS
2026-08-26T17:25:46+00:00 GATE_SKIP id=OAFX0194 window=OOS reason=IS_NOT_SURVIVOR decision=IS_REJECT net=270988.0 PF=1.5933 DD=36.2066%
2026-08-26T17:25:46+00:00 SCREEN_SKIP_EXISTING_FULLBOOK [198/900] id=OAFX0198 reason=existing fullbook IS retained
2026-08-26T17:25:46+00:00 SKIP_EXISTING [196/900] id=OAFX0196 window=IS
2026-08-26T17:25:46+00:00 GATE_SKIP id=OAFX0197 window=IS reason=SINGLE_SLEEVE_INFERIOR decision=SCREEN_OUT_SINGLE_SLEEVE net=70678.0 PF=1.2022 DD=18.6265%
2026-08-26T17:25:46+00:00 SKIP_EXISTING [199/900] id=OAFX0199 window=SCREEN_IS
2026-08-26T17:25:46+00:00 SKIP_EXISTING [198/900] id=OAFX0198 window=IS
2026-08-26T17:25:46+00:00 GATE_SKIP id=OAFX0196 window=OOS reason=IS_NOT_SURVIVOR decision=IS_REJECT net=271963.0 PF=1.5954 DD=36.2066%
2026-08-26T17:25:46+00:00 SCREEN_SKIP_EXISTING_FULLBOOK [200/900] id=OAFX0200 reason=existing fullbook IS retained
2026-08-26T17:25:46+00:00 GATE_SKIP id=OAFX0199 window=IS reason=SINGLE_SLEEVE_INFERIOR decision=SCREEN_OUT_SINGLE_SLEEVE net=70418.0 PF=1.2015 DD=18.6996%
2026-08-26T17:25:46+00:00 GATE_SKIP id=OAFX0198 window=OOS reason=IS_NOT_SURVIVOR decision=IS_REJECT net=272121.0 PF=1.5958 DD=36.2066%
2026-08-26T17:25:46+00:00 SCREEN_SKIP_EXISTING_FULLBOOK [201/900] id=OAFX0201 reason=existing fullbook IS retained
2026-08-26T17:25:46+00:00 SKIP_EXISTING [200/900] id=OAFX0200 window=IS
2026-08-26T17:25:46+00:00 SKIP_EXISTING [202/900] id=OAFX0202 window=SCREEN_IS
2026-08-26T17:25:46+00:00 SKIP_EXISTING [203/900] id=OAFX0203 window=SCREEN_IS
2026-08-26T17:25:46+00:00 SKIP_EXISTING [201/900] id=OAFX0201 window=IS
2026-08-26T17:25:46+00:00 GATE_SKIP id=OAFX0200 window=OOS reason=IS_NOT_SURVIVOR decision=IS_REJECT net=269948.0 PF=1.591 DD=36.2066%
2026-08-26T17:25:46+00:00 GATE_SKIP id=OAFX0202 window=IS reason=SINGLE_SLEEVE_INFERIOR decision=SCREEN_OUT_SINGLE_SLEEVE net=41904.0 PF=1.1506 DD=28.2758%
2026-08-26T17:25:46+00:00 GATE_SKIP id=OAFX0203 window=IS reason=SINGLE_SLEEVE_INFERIOR decision=SCREEN_OUT_SINGLE_SLEEVE net=43180.0 PF=1.1463 DD=27.8618%
2026-08-26T17:25:46+00:00 GATE_SKIP id=OAFX0201 window=OOS reason=IS_NOT_SURVIVOR decision=IS_REJECT net=215157.0 PF=1.4147 DD=51.0083%
2026-08-26T17:25:46+00:00 SKIP_EXISTING [204/900] id=OAFX0204 window=SCREEN_IS
2026-08-26T17:25:46+00:00 SKIP_EXISTING [205/900] id=OAFX0205 window=SCREEN_IS
2026-08-26T17:25:46+00:00 SKIP_EXISTING [206/900] id=OAFX0206 window=SCREEN_IS
2026-08-26T17:25:46+00:00 SKIP_EXISTING [207/900] id=OAFX0207 window=SCREEN_IS
2026-08-26T17:25:46+00:00 GATE_SKIP id=OAFX0204 window=IS reason=SINGLE_SLEEVE_INFERIOR decision=SCREEN_OUT_SINGLE_SLEEVE net=43442.0 PF=1.1452 DD=24.9711%
2026-08-26T17:25:46+00:00 GATE_SKIP id=OAFX0205 window=IS reason=SINGLE_SLEEVE_INFERIOR decision=SCREEN_OUT_SINGLE_SLEEVE net=19843.0 PF=1.1832 DD=32.277%
2026-08-26T17:25:46+00:00 GATE_SKIP id=OAFX0206 window=IS reason=SINGLE_SLEEVE_INFERIOR decision=SCREEN_OUT_SINGLE_SLEEVE net=-6748.0 PF=0.9673 DD=49.1143%
2026-08-26T17:25:46+00:00 GATE_SKIP id=OAFX0207 window=IS reason=SINGLE_SLEEVE_INFERIOR decision=SCREEN_OUT_SINGLE_SLEEVE net=26127.0 PF=1.1144 DD=35.8825%
2026-08-26T17:25:46+00:00 SKIP_EXISTING [208/900] id=OAFX0208 window=SCREEN_IS
2026-08-26T17:25:46+00:00 SKIP_EXISTING [209/900] id=OAFX0209 window=SCREEN_IS
2026-08-26T17:25:46+00:00 SKIP_EXISTING [210/900] id=OAFX0210 window=SCREEN_IS
2026-08-26T17:25:46+00:00 SKIP_EXISTING [211/900] id=OAFX0211 window=SCREEN_IS
2026-08-26T17:25:46+00:00 GATE_SKIP id=OAFX0208 window=IS reason=SINGLE_SLEEVE_INFERIOR decision=SCREEN_OUT_SINGLE_SLEEVE net=25559.0 PF=1.1096 DD=36.3068%
2026-08-26T17:25:46+00:00 GATE_SKIP id=OAFX0209 window=IS reason=SINGLE_SLEEVE_INFERIOR decision=SCREEN_OUT_SINGLE_SLEEVE net=-3511.0 PF=0.8831 DD=21.5827%
2026-08-26T17:25:46+00:00 GATE_SKIP id=OAFX0210 window=IS reason=SINGLE_SLEEVE_INFERIOR decision=SCREEN_OUT_SINGLE_SLEEVE net=-875.0 PF=0.9894 DD=25.4053%
2026-08-26T17:25:46+00:00 GATE_SKIP id=OAFX0211 window=IS reason=SINGLE_SLEEVE_INFERIOR decision=SCREEN_OUT_SINGLE_SLEEVE net=28835.0 PF=1.2641 DD=20.183%
2026-08-26T17:25:46+00:00 SKIP_EXISTING [212/900] id=OAFX0212 window=SCREEN_IS
2026-08-26T17:25:46+00:00 SKIP_EXISTING [213/900] id=OAFX0213 window=SCREEN_IS
2026-08-26T17:25:46+00:00 SKIP_EXISTING [214/900] id=OAFX0214 window=SCREEN_IS
2026-08-26T17:25:46+00:00 SKIP_EXISTING [215/900] id=OAFX0215 window=SCREEN_IS
2026-08-26T17:25:46+00:00 GATE_SKIP id=OAFX0212 window=IS reason=SINGLE_SLEEVE_INFERIOR decision=SCREEN_OUT_SINGLE_SLEEVE net=17006.0 PF=1.1275 DD=21.3358%
2026-08-26T17:25:46+00:00 GATE_SKIP id=OAFX0213 window=IS reason=SINGLE_SLEEVE_INFERIOR decision=SCREEN_OUT_SINGLE_SLEEVE net=-5788.0 PF=0.5657 DD=15.9051%
2026-08-26T17:25:46+00:00 GATE_SKIP id=OAFX0214 window=IS reason=SINGLE_SLEEVE_INFERIOR decision=SCREEN_OUT_SINGLE_SLEEVE net=-2033.0 PF=0.8957 DD=15.8824%
2026-08-26T17:25:46+00:00 GATE_SKIP id=OAFX0215 window=IS reason=SINGLE_SLEEVE_INFERIOR decision=SCREEN_OUT_SINGLE_SLEEVE net=16799.0 PF=1.3942 DD=13.7086%
2026-08-26T17:25:46+00:00 SKIP_EXISTING [216/900] id=OAFX0216 window=SCREEN_IS
2026-08-26T17:25:46+00:00 SKIP_EXISTING [217/900] id=OAFX0217 window=SCREEN_IS
2026-08-26T17:25:46+00:00 SKIP_EXISTING [218/900] id=OAFX0218 window=SCREEN_IS
2026-08-26T17:25:46+00:00 SKIP_EXISTING [219/900] id=OAFX0219 window=SCREEN_IS
2026-08-26T17:25:46+00:00 GATE_SKIP id=OAFX0216 window=IS reason=SINGLE_SLEEVE_INFERIOR decision=SCREEN_OUT_SINGLE_SLEEVE net=5650.0 PF=1.0868 DD=24.4152%
2026-08-26T17:25:46+00:00 GATE_SKIP id=OAFX0217 window=IS reason=SINGLE_SLEEVE_INFERIOR decision=SCREEN_OUT_SINGLE_SLEEVE net=-7377.0 PF=0.0831 DD=9.4633%
2026-08-26T17:25:46+00:00 GATE_SKIP id=OAFX0218 window=IS reason=SINGLE_SLEEVE_INFERIOR decision=SCREEN_OUT_SINGLE_SLEEVE net=-5704.0 PF=0.2911 DD=8.6253%
2026-08-26T17:25:46+00:00 GATE_SKIP id=OAFX0219 window=IS reason=SINGLE_SLEEVE_INFERIOR decision=SCREEN_OUT_SINGLE_SLEEVE net=2653.0 PF=1.1693 DD=12.6655%
2026-08-26T17:25:46+00:00 SKIP_EXISTING [220/900] id=OAFX0220 window=SCREEN_IS
2026-08-26T17:25:46+00:00 SKIP_EXISTING [221/900] id=OAFX0221 window=SCREEN_IS
2026-08-26T17:25:46+00:00 SKIP_EXISTING [222/900] id=OAFX0222 window=SCREEN_IS
2026-08-26T17:25:46+00:00 SKIP_EXISTING [223/900] id=OAFX0223 window=SCREEN_IS
2026-08-26T17:25:46+00:00 GATE_SKIP id=OAFX0220 window=IS reason=SINGLE_SLEEVE_INFERIOR decision=SCREEN_OUT_SINGLE_SLEEVE net=-961.0 PF=0.9567 DD=15.6171%
2026-08-26T17:25:46+00:00 GATE_SKIP id=OAFX0221 window=IS reason=SINGLE_SLEEVE_INFERIOR decision=SCREEN_OUT_SINGLE_SLEEVE net=11178.0 PF=1.0785 DD=36.317%
2026-08-26T17:25:46+00:00 GATE_SKIP id=OAFX0222 window=IS reason=SINGLE_SLEEVE_INFERIOR decision=SCREEN_OUT_SINGLE_SLEEVE net=1873.0 PF=1.0089 DD=41.2102%
2026-08-26T17:25:46+00:00 GATE_SKIP id=OAFX0223 window=IS reason=SINGLE_SLEEVE_INFERIOR decision=SCREEN_OUT_SINGLE_SLEEVE net=28280.0 PF=1.1214 DD=31.3339%
2026-08-26T17:25:46+00:00 SKIP_EXISTING [224/900] id=OAFX0224 window=SCREEN_IS
2026-08-26T17:25:46+00:00 SKIP_EXISTING [225/900] id=OAFX0225 window=SCREEN_IS
2026-08-26T17:25:46+00:00 SKIP_EXISTING [226/900] id=OAFX0226 window=SCREEN_IS
2026-08-26T17:25:46+00:00 SKIP_EXISTING [227/900] id=OAFX0227 window=SCREEN_IS
2026-08-26T17:25:46+00:00 GATE_SKIP id=OAFX0224 window=IS reason=SINGLE_SLEEVE_INFERIOR decision=SCREEN_OUT_SINGLE_SLEEVE net=17702.0 PF=1.0712 DD=38.1347%
2026-08-26T17:25:46+00:00 GATE_SKIP id=OAFX0225 window=IS reason=SINGLE_SLEEVE_INFERIOR decision=SCREEN_OUT_SINGLE_SLEEVE net=11520.0 PF=1.1414 DD=29.7454%
2026-08-26T17:25:46+00:00 GATE_SKIP id=OAFX0226 window=IS reason=SINGLE_SLEEVE_INFERIOR decision=SCREEN_OUT_SINGLE_SLEEVE net=-2668.0 PF=0.9819 DD=43.2053%
2026-08-26T17:25:46+00:00 GATE_SKIP id=OAFX0227 window=IS reason=SINGLE_SLEEVE_INFERIOR decision=SCREEN_OUT_SINGLE_SLEEVE net=25065.0 PF=1.1427 DD=33.326%
2026-08-26T17:25:46+00:00 SKIP_EXISTING [228/900] id=OAFX0228 window=SCREEN_IS
2026-08-26T17:25:46+00:00 SKIP_EXISTING [229/900] id=OAFX0229 window=SCREEN_IS
2026-08-26T17:25:46+00:00 SKIP_EXISTING [230/900] id=OAFX0230 window=SCREEN_IS
2026-08-26T17:25:46+00:00 SKIP_EXISTING [231/900] id=OAFX0231 window=SCREEN_IS
2026-08-26T17:25:46+00:00 GATE_SKIP id=OAFX0228 window=IS reason=SINGLE_SLEEVE_INFERIOR decision=SCREEN_OUT_SINGLE_SLEEVE net=16032.0 PF=1.0827 DD=40.4695%
2026-08-26T17:25:46+00:00 GATE_SKIP id=OAFX0229 window=IS reason=SINGLE_SLEEVE_INFERIOR decision=SCREEN_OUT_SINGLE_SLEEVE net=-10601.0 PF=0.63 DD=24.5543%
2026-08-26T17:25:46+00:00 GATE_SKIP id=OAFX0230 window=IS reason=SINGLE_SLEEVE_INFERIOR decision=SCREEN_OUT_SINGLE_SLEEVE net=-11107.0 PF=0.7945 DD=27.8307%
2026-08-26T17:25:46+00:00 GATE_SKIP id=OAFX0231 window=IS reason=SINGLE_SLEEVE_INFERIOR decision=SCREEN_OUT_SINGLE_SLEEVE net=23049.0 PF=1.2974 DD=15.0484%
2026-08-26T17:25:46+00:00 SKIP_EXISTING [232/900] id=OAFX0232 window=SCREEN_IS
2026-08-26T17:25:46+00:00 SKIP_EXISTING [233/900] id=OAFX0233 window=SCREEN_IS
2026-08-26T17:25:46+00:00 SKIP_EXISTING [234/900] id=OAFX0234 window=SCREEN_IS
2026-08-26T17:25:46+00:00 SKIP_EXISTING [235/900] id=OAFX0235 window=SCREEN_IS
2026-08-26T17:25:46+00:00 GATE_SKIP id=OAFX0232 window=IS reason=SINGLE_SLEEVE_INFERIOR decision=SCREEN_OUT_SINGLE_SLEEVE net=-3922.0 PF=0.967 DD=31.7191%
2026-08-26T17:25:46+00:00 GATE_SKIP id=OAFX0233 window=IS reason=SINGLE_SLEEVE_INFERIOR decision=SCREEN_OUT_SINGLE_SLEEVE net=-6767.0 PF=0.4768 DD=15.6795%
2026-08-26T17:25:46+00:00 GATE_SKIP id=OAFX0234 window=IS reason=SINGLE_SLEEVE_INFERIOR decision=SCREEN_OUT_SINGLE_SLEEVE net=-8251.0 PF=0.5468 DD=18.3975%
2026-08-26T17:25:46+00:00 GATE_SKIP id=OAFX0235 window=IS reason=SINGLE_SLEEVE_INFERIOR decision=SCREEN_OUT_SINGLE_SLEEVE net=14202.0 PF=1.4033 DD=13.1465%
2026-08-26T17:25:46+00:00 SKIP_EXISTING [236/900] id=OAFX0236 window=SCREEN_IS
2026-08-26T17:25:46+00:00 SKIP_EXISTING [237/900] id=OAFX0237 window=SCREEN_IS
2026-08-26T17:25:46+00:00 SKIP_EXISTING [238/900] id=OAFX0238 window=SCREEN_IS
2026-08-26T17:25:46+00:00 SKIP_EXISTING [239/900] id=OAFX0239 window=SCREEN_IS
2026-08-26T17:25:46+00:00 GATE_SKIP id=OAFX0236 window=IS reason=SINGLE_SLEEVE_INFERIOR decision=SCREEN_OUT_SINGLE_SLEEVE net=4097.0 PF=1.0725 DD=25.8399%
2026-08-26T17:25:46+00:00 GATE_SKIP id=OAFX0237 window=IS reason=SINGLE_SLEEVE_INFERIOR decision=SCREEN_OUT_SINGLE_SLEEVE net=-6982.0 PF=0.0874 DD=8.9566%
2026-08-26T17:25:46+00:00 GATE_SKIP id=OAFX0238 window=IS reason=SINGLE_SLEEVE_INFERIOR decision=SCREEN_OUT_SINGLE_SLEEVE net=-5309.0 PF=0.3061 DD=8.5824%
2026-08-26T17:25:46+00:00 GATE_SKIP id=OAFX0239 window=IS reason=SINGLE_SLEEVE_INFERIOR decision=SCREEN_OUT_SINGLE_SLEEVE net=5107.0 PF=1.6504 DD=7.637%
2026-08-26T17:25:46+00:00 SKIP_EXISTING [240/900] id=OAFX0240 window=SCREEN_IS
2026-08-26T17:25:46+00:00 SKIP_EXISTING [241/900] id=OAFX0241 window=SCREEN_IS
2026-08-26T17:25:46+00:00 SKIP_EXISTING [242/900] id=OAFX0242 window=SCREEN_IS
2026-08-26T17:25:46+00:00 SKIP_EXISTING [243/900] id=OAFX0243 window=SCREEN_IS
2026-08-26T17:25:46+00:00 GATE_SKIP id=OAFX0240 window=IS reason=SINGLE_SLEEVE_INFERIOR decision=SCREEN_OUT_SINGLE_SLEEVE net=3452.0 PF=1.2634 DD=9.8807%
2026-08-26T17:25:46+00:00 GATE_SKIP id=OAFX0241 window=IS reason=SINGLE_SLEEVE_INFERIOR decision=SCREEN_OUT_SINGLE_SLEEVE net=27139.0 PF=1.2831 DD=29.0532%
2026-08-26T17:25:46+00:00 GATE_SKIP id=OAFX0242 window=IS reason=SINGLE_SLEEVE_INFERIOR decision=SCREEN_OUT_SINGLE_SLEEVE net=22634.0 PF=1.1553 DD=31.5348%
2026-08-26T17:25:46+00:00 GATE_SKIP id=OAFX0243 window=IS reason=SINGLE_SLEEVE_INFERIOR decision=SCREEN_OUT_SINGLE_SLEEVE net=28819.0 PF=1.1693 DD=32.4685%
2026-08-26T17:25:46+00:00 SKIP_EXISTING [244/900] id=OAFX0244 window=SCREEN_IS
2026-08-26T17:25:46+00:00 SKIP_EXISTING [245/900] id=OAFX0245 window=SCREEN_IS
2026-08-26T17:25:46+00:00 SKIP_EXISTING [246/900] id=OAFX0246 window=SCREEN_IS
2026-08-26T17:25:46+00:00 SKIP_EXISTING [247/900] id=OAFX0247 window=SCREEN_IS
2026-08-26T17:25:46+00:00 GATE_SKIP id=OAFX0244 window=IS reason=SINGLE_SLEEVE_INFERIOR decision=SCREEN_OUT_SINGLE_SLEEVE net=26110.0 PF=1.1294 DD=29.4493%
2026-08-26T17:25:46+00:00 GATE_SKIP id=OAFX0245 window=IS reason=SINGLE_SLEEVE_INFERIOR decision=SCREEN_OUT_SINGLE_SLEEVE net=-720.0 PF=0.9888 DD=26.9421%
2026-08-26T17:25:46+00:00 GATE_SKIP id=OAFX0246 window=IS reason=SINGLE_SLEEVE_INFERIOR decision=SCREEN_OUT_SINGLE_SLEEVE net=9608.0 PF=1.0886 DD=37.4105%
2026-08-26T17:25:46+00:00 GATE_SKIP id=OAFX0247 window=IS reason=SINGLE_SLEEVE_INFERIOR decision=SCREEN_OUT_SINGLE_SLEEVE net=-3088.0 PF=0.9773 DD=43.4534%
2026-08-26T17:25:46+00:00 SKIP_EXISTING [248/900] id=OAFX0248 window=SCREEN_IS
2026-08-26T17:25:46+00:00 SKIP_EXISTING [249/900] id=OAFX0249 window=SCREEN_IS
2026-08-26T17:25:46+00:00 SKIP_EXISTING [250/900] id=OAFX0250 window=SCREEN_IS
2026-08-26T17:25:46+00:00 SKIP_EXISTING [251/900] id=OAFX0251 window=SCREEN_IS
2026-08-26T17:25:46+00:00 GATE_SKIP id=OAFX0248 window=IS reason=SINGLE_SLEEVE_INFERIOR decision=SCREEN_OUT_SINGLE_SLEEVE net=-5504.0 PF=0.9677 DD=43.7164%
2026-08-26T17:25:46+00:00 GATE_SKIP id=OAFX0249 window=IS reason=SINGLE_SLEEVE_INFERIOR decision=SCREEN_OUT_SINGLE_SLEEVE net=-11068.0 PF=0.5692 DD=24.826%
2026-08-26T17:25:46+00:00 GATE_SKIP id=OAFX0250 window=IS reason=SINGLE_SLEEVE_INFERIOR decision=SCREEN_OUT_SINGLE_SLEEVE net=-7721.0 PF=0.8272 DD=26.0066%
2026-08-26T17:25:46+00:00 GATE_SKIP id=OAFX0251 window=IS reason=SINGLE_SLEEVE_INFERIOR decision=SCREEN_OUT_SINGLE_SLEEVE net=-1018.0 PF=0.9843 DD=23.7984%
2026-08-26T17:25:46+00:00 SKIP_EXISTING [252/900] id=OAFX0252 window=SCREEN_IS
2026-08-26T17:25:46+00:00 SKIP_EXISTING [253/900] id=OAFX0253 window=SCREEN_IS
2026-08-26T17:25:46+00:00 SKIP_EXISTING [254/900] id=OAFX0254 window=SCREEN_IS
2026-08-26T17:25:46+00:00 SKIP_EXISTING [255/900] id=OAFX0255 window=SCREEN_IS
2026-08-26T17:25:46+00:00 GATE_SKIP id=OAFX0252 window=IS reason=SINGLE_SLEEVE_INFERIOR decision=SCREEN_OUT_SINGLE_SLEEVE net=-5542.0 PF=0.9434 DD=28.5642%
2026-08-26T17:25:46+00:00 GATE_SKIP id=OAFX0253 window=IS reason=SINGLE_SLEEVE_INFERIOR decision=SCREEN_OUT_SINGLE_SLEEVE net=-5492.0 PF=0.5289 DD=14.0494%
2026-08-26T17:25:46+00:00 GATE_SKIP id=OAFX0254 window=IS reason=SINGLE_SLEEVE_INFERIOR decision=SCREEN_OUT_SINGLE_SLEEVE net=-7284.0 PF=0.5033 DD=15.4707%
2026-08-26T17:25:46+00:00 GATE_SKIP id=OAFX0255 window=IS reason=SINGLE_SLEEVE_INFERIOR decision=SCREEN_OUT_SINGLE_SLEEVE net=-4936.0 PF=0.8201 DD=21.0493%
2026-08-26T17:25:46+00:00 SKIP_EXISTING [256/900] id=OAFX0256 window=SCREEN_IS
2026-08-26T17:25:46+00:00 SKIP_EXISTING [257/900] id=OAFX0257 window=SCREEN_IS
2026-08-26T17:25:46+00:00 SKIP_EXISTING [258/900] id=OAFX0258 window=SCREEN_IS
2026-08-26T17:25:46+00:00 SKIP_EXISTING [259/900] id=OAFX0259 window=SCREEN_IS
2026-08-26T17:25:46+00:00 GATE_SKIP id=OAFX0256 window=IS reason=SINGLE_SLEEVE_INFERIOR decision=SCREEN_OUT_SINGLE_SLEEVE net=-16340.0 PF=0.6504 DD=37.3054%
2026-08-26T17:25:46+00:00 GATE_SKIP id=OAFX0257 window=IS reason=SINGLE_SLEEVE_INFERIOR decision=SCREEN_OUT_SINGLE_SLEEVE net=-6379.0 PF=0.0949 DD=8.183%
2026-08-26T17:25:46+00:00 GATE_SKIP id=OAFX0258 window=IS reason=SINGLE_SLEEVE_INFERIOR decision=SCREEN_OUT_SINGLE_SLEEVE net=-4706.0 PF=0.3323 DD=7.8236%
2026-08-26T17:25:46+00:00 GATE_SKIP id=OAFX0259 window=IS reason=SINGLE_SLEEVE_INFERIOR decision=SCREEN_OUT_SINGLE_SLEEVE net=-3056.0 PF=0.5784 DD=7.6664%
2026-08-26T17:25:46+00:00 SKIP_EXISTING [260/900] id=OAFX0260 window=SCREEN_IS
2026-08-26T17:25:46+00:00 SKIP_EXISTING [261/900] id=OAFX0261 window=SCREEN_IS
2026-08-26T17:25:46+00:00 SKIP_EXISTING [262/900] id=OAFX0262 window=SCREEN_IS
2026-08-26T17:25:46+00:00 SKIP_EXISTING [263/900] id=OAFX0263 window=SCREEN_IS
2026-08-26T17:25:46+00:00 GATE_SKIP id=OAFX0260 window=IS reason=SINGLE_SLEEVE_INFERIOR decision=SCREEN_OUT_SINGLE_SLEEVE net=-6481.0 PF=0.4436 DD=11.5554%
2026-08-26T17:25:46+00:00 GATE_SKIP id=OAFX0261 window=IS reason=SINGLE_SLEEVE_INFERIOR decision=SCREEN_OUT_SINGLE_SLEEVE net=20329.0 PF=1.3365 DD=15.5933%
2026-08-26T17:25:46+00:00 GATE_SKIP id=OAFX0262 window=IS reason=SINGLE_SLEEVE_INFERIOR decision=SCREEN_OUT_SINGLE_SLEEVE net=17400.0 PF=1.1497 DD=29.0002%
2026-08-26T17:25:46+00:00 GATE_SKIP id=OAFX0263 window=IS reason=SINGLE_SLEEVE_INFERIOR decision=SCREEN_OUT_SINGLE_SLEEVE net=22349.0 PF=1.1671 DD=28.8242%
2026-08-26T17:25:46+00:00 SKIP_EXISTING [264/900] id=OAFX0264 window=SCREEN_IS
2026-08-26T17:25:46+00:00 SKIP_EXISTING [265/900] id=OAFX0265 window=SCREEN_IS
2026-08-26T17:25:46+00:00 SKIP_EXISTING [266/900] id=OAFX0266 window=SCREEN_IS
2026-08-26T17:25:46+00:00 SKIP_EXISTING [267/900] id=OAFX0267 window=SCREEN_IS
2026-08-26T17:25:46+00:00 GATE_SKIP id=OAFX0264 window=IS reason=SINGLE_SLEEVE_INFERIOR decision=SCREEN_OUT_SINGLE_SLEEVE net=14142.0 PF=1.0827 DD=28.1303%
2026-08-26T17:25:46+00:00 GATE_SKIP id=OAFX0265 window=IS reason=SINGLE_SLEEVE_INFERIOR decision=SCREEN_OUT_SINGLE_SLEEVE net=-8477.0 PF=0.7971 DD=24.2232%
2026-08-26T17:25:46+00:00 GATE_SKIP id=OAFX0266 window=IS reason=SINGLE_SLEEVE_INFERIOR decision=SCREEN_OUT_SINGLE_SLEEVE net=-13771.0 PF=0.8351 DD=36.2774%
2026-08-26T17:25:46+00:00 GATE_SKIP id=OAFX0267 window=IS reason=SINGLE_SLEEVE_INFERIOR decision=SCREEN_OUT_SINGLE_SLEEVE net=-3964.0 PF=0.9604 DD=32.695%
2026-08-26T17:25:46+00:00 SKIP_EXISTING [268/900] id=OAFX0268 window=SCREEN_IS
2026-08-26T17:25:46+00:00 SKIP_EXISTING [269/900] id=OAFX0269 window=SCREEN_IS
2026-08-26T17:25:46+00:00 SKIP_EXISTING [270/900] id=OAFX0270 window=SCREEN_IS
2026-08-26T17:25:46+00:00 SKIP_EXISTING [271/900] id=OAFX0271 window=SCREEN_IS
2026-08-26T17:25:46+00:00 GATE_SKIP id=OAFX0268 window=IS reason=SINGLE_SLEEVE_INFERIOR decision=SCREEN_OUT_SINGLE_SLEEVE net=-14412.0 PF=0.8951 DD=41.5534%
2026-08-26T17:25:46+00:00 GATE_SKIP id=OAFX0269 window=IS reason=SINGLE_SLEEVE_INFERIOR decision=SCREEN_OUT_SINGLE_SLEEVE net=-7924.0 PF=0.522 DD=15.0791%
2026-08-26T17:25:46+00:00 GATE_SKIP id=OAFX0270 window=IS reason=SINGLE_SLEEVE_INFERIOR decision=SCREEN_OUT_SINGLE_SLEEVE net=-13525.0 PF=0.57 DD=21.212%
2026-08-26T17:25:46+00:00 GATE_SKIP id=OAFX0271 window=IS reason=SINGLE_SLEEVE_INFERIOR decision=SCREEN_OUT_SINGLE_SLEEVE net=1544.0 PF=1.0374 DD=18.6763%
2026-08-26T17:25:46+00:00 SKIP_EXISTING [272/900] id=OAFX0272 window=SCREEN_IS
2026-08-26T17:25:46+00:00 SKIP_EXISTING [273/900] id=OAFX0273 window=SCREEN_IS
2026-08-26T17:25:46+00:00 SKIP_EXISTING [274/900] id=OAFX0274 window=SCREEN_IS
2026-08-26T17:25:46+00:00 SKIP_EXISTING [275/900] id=OAFX0275 window=SCREEN_IS
2026-08-26T17:25:46+00:00 GATE_SKIP id=OAFX0272 window=IS reason=SINGLE_SLEEVE_INFERIOR decision=SCREEN_OUT_SINGLE_SLEEVE net=-8740.0 PF=0.8831 DD=24.1133%
2026-08-26T17:25:46+00:00 GATE_SKIP id=OAFX0273 window=IS reason=SINGLE_SLEEVE_INFERIOR decision=SCREEN_OUT_SINGLE_SLEEVE net=-3800.0 PF=0.3648 DD=6.7926%
2026-08-26T17:25:46+00:00 GATE_SKIP id=OAFX0274 window=IS reason=SINGLE_SLEEVE_INFERIOR decision=SCREEN_OUT_SINGLE_SLEEVE net=-5165.0 PF=0.3968 DD=7.6417%
2026-08-26T17:25:46+00:00 GATE_SKIP id=OAFX0275 window=IS reason=SINGLE_SLEEVE_INFERIOR decision=SCREEN_OUT_SINGLE_SLEEVE net=6742.0 PF=1.6162 DD=6.2081%
2026-08-26T17:25:46+00:00 SKIP_EXISTING [276/900] id=OAFX0276 window=SCREEN_IS
2026-08-26T17:25:46+00:00 SKIP_EXISTING [277/900] id=OAFX0277 window=SCREEN_IS
2026-08-26T17:25:46+00:00 SKIP_EXISTING [278/900] id=OAFX0278 window=SCREEN_IS
2026-08-26T17:25:46+00:00 SKIP_EXISTING [279/900] id=OAFX0279 window=SCREEN_IS
2026-08-26T17:25:46+00:00 GATE_SKIP id=OAFX0276 window=IS reason=SINGLE_SLEEVE_INFERIOR decision=SCREEN_OUT_SINGLE_SLEEVE net=-6762.0 PF=0.753 DD=20.1983%
2026-08-26T17:25:46+00:00 GATE_SKIP id=OAFX0277 window=IS reason=SINGLE_SLEEVE_INFERIOR decision=SCREEN_OUT_SINGLE_SLEEVE net=-703.0 PF=0.4876 DD=1.2097%
2026-08-26T17:25:46+00:00 GATE_SKIP id=OAFX0278 window=IS reason=SINGLE_SLEEVE_INFERIOR decision=SCREEN_OUT_SINGLE_SLEEVE net=970.0 PF=1.707 DD=0.9828%
2026-08-26T17:25:46+00:00 GATE_SKIP id=OAFX0279 window=IS reason=SINGLE_SLEEVE_INFERIOR decision=SCREEN_OUT_SINGLE_SLEEVE net=2605.0 PF=2.6624 DD=0.963%
2026-08-26T17:25:46+00:00 SKIP_EXISTING [280/900] id=OAFX0280 window=SCREEN_IS
2026-08-26T17:25:46+00:00 SKIP_EXISTING [281/900] id=OAFX0281 window=SCREEN_IS
2026-08-26T17:25:46+00:00 SKIP_EXISTING [282/900] id=OAFX0282 window=SCREEN_IS
2026-08-26T17:25:46+00:00 SKIP_EXISTING [283/900] id=OAFX0283 window=SCREEN_IS
2026-08-26T17:25:46+00:00 GATE_SKIP id=OAFX0280 window=IS reason=SINGLE_SLEEVE_INFERIOR decision=SCREEN_OUT_SINGLE_SLEEVE net=1062.0 PF=1.3415 DD=2.5697%
2026-08-26T17:25:46+00:00 GATE_SKIP id=OAFX0281 window=IS reason=SINGLE_SLEEVE_INFERIOR decision=SCREEN_OUT_SINGLE_SLEEVE net=7186.0 PF=1.1602 DD=24.9882%
2026-08-26T17:25:46+00:00 GATE_SKIP id=OAFX0282 window=IS reason=SINGLE_SLEEVE_INFERIOR decision=SCREEN_OUT_SINGLE_SLEEVE net=8433.0 PF=1.1091 DD=30.1649%
2026-08-26T17:25:46+00:00 GATE_SKIP id=OAFX0283 window=IS reason=SINGLE_SLEEVE_INFERIOR decision=SCREEN_OUT_SINGLE_SLEEVE net=-821.0 PF=0.9918 DD=37.9105%
2026-08-26T17:25:46+00:00 SKIP_EXISTING [284/900] id=OAFX0284 window=SCREEN_IS
2026-08-26T17:25:46+00:00 SKIP_EXISTING [285/900] id=OAFX0285 window=SCREEN_IS
2026-08-26T17:25:46+00:00 SKIP_EXISTING [286/900] id=OAFX0286 window=SCREEN_IS
2026-08-26T17:25:46+00:00 SKIP_EXISTING [287/900] id=OAFX0287 window=SCREEN_IS
2026-08-26T17:25:46+00:00 GATE_SKIP id=OAFX0284 window=IS reason=SINGLE_SLEEVE_INFERIOR decision=SCREEN_OUT_SINGLE_SLEEVE net=-5506.0 PF=0.9602 DD=38.7904%
2026-08-26T17:25:46+00:00 GATE_SKIP id=OAFX0285 window=IS reason=SINGLE_SLEEVE_INFERIOR decision=SCREEN_OUT_SINGLE_SLEEVE net=-4319.0 PF=0.859 DD=21.744%
2026-08-26T17:25:46+00:00 GATE_SKIP id=OAFX0286 window=IS reason=SINGLE_SLEEVE_INFERIOR decision=SCREEN_OUT_SINGLE_SLEEVE net=-5486.0 PF=0.9027 DD=25.7128%
2026-08-26T17:25:46+00:00 GATE_SKIP id=OAFX0287 window=IS reason=SINGLE_SLEEVE_INFERIOR decision=SCREEN_OUT_SINGLE_SLEEVE net=2413.0 PF=1.0344 DD=26.9045%
2026-08-26T17:25:46+00:00 SKIP_EXISTING [288/900] id=OAFX0288 window=SCREEN_IS
2026-08-26T17:25:46+00:00 SKIP_EXISTING [289/900] id=OAFX0289 window=SCREEN_IS
2026-08-26T17:25:46+00:00 SKIP_EXISTING [290/900] id=OAFX0290 window=SCREEN_IS
2026-08-26T17:25:46+00:00 SKIP_EXISTING [291/900] id=OAFX0291 window=SCREEN_IS
2026-08-26T17:25:46+00:00 GATE_SKIP id=OAFX0288 window=IS reason=SINGLE_SLEEVE_INFERIOR decision=SCREEN_OUT_SINGLE_SLEEVE net=-7547.0 PF=0.9272 DD=29.8938%
2026-08-26T17:25:46+00:00 GATE_SKIP id=OAFX0289 window=IS reason=SINGLE_SLEEVE_INFERIOR decision=SCREEN_OUT_SINGLE_SLEEVE net=-3792.0 PF=0.6891 DD=12.7056%
2026-08-26T17:25:46+00:00 GATE_SKIP id=OAFX0290 window=IS reason=SINGLE_SLEEVE_INFERIOR decision=SCREEN_OUT_SINGLE_SLEEVE net=-5799.0 PF=0.7417 DD=16.7459%
2026-08-26T17:25:46+00:00 GATE_SKIP id=OAFX0291 window=IS reason=SINGLE_SLEEVE_INFERIOR decision=SCREEN_OUT_SINGLE_SLEEVE net=7566.0 PF=1.2772 DD=15.6133%
2026-08-26T17:25:46+00:00 SKIP_EXISTING [292/900] id=OAFX0292 window=SCREEN_IS
2026-08-26T17:25:46+00:00 SKIP_EXISTING [293/900] id=OAFX0293 window=SCREEN_IS
2026-08-26T17:25:46+00:00 SKIP_EXISTING [294/900] id=OAFX0294 window=SCREEN_IS
2026-08-26T17:25:46+00:00 SKIP_EXISTING [295/900] id=OAFX0295 window=SCREEN_IS
2026-08-26T17:25:46+00:00 GATE_SKIP id=OAFX0292 window=IS reason=SINGLE_SLEEVE_INFERIOR decision=SCREEN_OUT_SINGLE_SLEEVE net=3534.0 PF=1.0633 DD=16.5954%
2026-08-26T17:25:46+00:00 GATE_SKIP id=OAFX0293 window=IS reason=SINGLE_SLEEVE_INFERIOR decision=SCREEN_OUT_SINGLE_SLEEVE net=-2258.0 PF=0.4652 DD=4.5425%
2026-08-26T17:25:46+00:00 GATE_SKIP id=OAFX0294 window=IS reason=SINGLE_SLEEVE_INFERIOR decision=SCREEN_OUT_SINGLE_SLEEVE net=-3623.0 PF=0.4674 DD=5.3839%
2026-08-26T17:25:46+00:00 GATE_SKIP id=OAFX0295 window=IS reason=SINGLE_SLEEVE_INFERIOR decision=SCREEN_OUT_SINGLE_SLEEVE net=5094.0 PF=1.6199 DD=4.5798%
2026-08-26T17:25:46+00:00 SKIP_EXISTING [296/900] id=OAFX0296 window=SCREEN_IS
2026-08-26T17:25:46+00:00 SKIP_EXISTING [297/900] id=OAFX0297 window=SCREEN_IS
2026-08-26T17:25:46+00:00 SKIP_EXISTING [298/900] id=OAFX0298 window=SCREEN_IS
2026-08-26T17:25:46+00:00 SKIP_EXISTING [299/900] id=OAFX0299 window=SCREEN_IS
2026-08-26T17:25:46+00:00 GATE_SKIP id=OAFX0296 window=IS reason=SINGLE_SLEEVE_INFERIOR decision=SCREEN_OUT_SINGLE_SLEEVE net=-6300.0 PF=0.716 DD=17.5775%
2026-08-26T17:25:46+00:00 GATE_SKIP id=OAFX0297 window=IS reason=SINGLE_SLEEVE_INFERIOR decision=SCREEN_OUT_SINGLE_SLEEVE net=78.0 PF=1.132 DD=0.7581%
2026-08-26T17:25:46+00:00 GATE_SKIP id=OAFX0298 window=IS reason=SINGLE_SLEEVE_INFERIOR decision=SCREEN_OUT_SINGLE_SLEEVE net=1751.0 PF=3.9628 DD=0.7581%
2026-08-26T17:25:46+00:00 GATE_SKIP id=OAFX0299 window=IS reason=SINGLE_SLEEVE_INFERIOR decision=SCREEN_OUT_SINGLE_SLEEVE net=1556.0 PF=2.9796 DD=0.7581%
2026-08-26T17:25:46+00:00 SKIP_EXISTING [300/900] id=OAFX0300 window=SCREEN_IS
2026-08-26T17:25:46+00:00 SCREEN_SKIP_EXISTING_FULLBOOK [301/900] id=OAFX0301 reason=existing fullbook IS retained
2026-08-26T17:25:46+00:00 SKIP_EXISTING [302/900] id=OAFX0302 window=SCREEN_IS
2026-08-26T17:25:46+00:00 SKIP_EXISTING [303/900] id=OAFX0303 window=SCREEN_IS
2026-08-26T17:25:46+00:00 GATE_SKIP id=OAFX0300 window=IS reason=SINGLE_SLEEVE_INFERIOR decision=SCREEN_OUT_SINGLE_SLEEVE net=1063.0 PF=1.8311 DD=0.7581%
2026-08-26T17:25:46+00:00 SKIP_EXISTING [301/900] id=OAFX0301 window=IS
2026-08-26T17:25:46+00:00 GATE_SKIP id=OAFX0302 window=IS reason=SINGLE_SLEEVE_INFERIOR decision=SCREEN_OUT_SINGLE_SLEEVE net=70376.0 PF=1.1894 DD=26.6339%
2026-08-26T17:25:46+00:00 GATE_SKIP id=OAFX0303 window=IS reason=SINGLE_SLEEVE_INFERIOR decision=SCREEN_OUT_SINGLE_SLEEVE net=81013.0 PF=1.2167 DD=24.999%
2026-08-26T17:25:46+00:00 SKIP_EXISTING [304/900] id=OAFX0304 window=SCREEN_IS
2026-08-26T17:25:46+00:00 GATE_SKIP id=OAFX0301 window=OOS reason=IS_NOT_SURVIVOR decision=IS_REJECT net=274658.0 PF=1.4468 DD=40.8279%
2026-08-26T17:25:46+00:00 SCREEN_SKIP_EXISTING_FULLBOOK [305/900] id=OAFX0305 reason=existing fullbook IS retained
2026-08-26T17:25:46+00:00 SKIP_EXISTING [306/900] id=OAFX0306 window=SCREEN_IS
2026-08-26T17:25:46+00:00 GATE_SKIP id=OAFX0304 window=IS reason=SINGLE_SLEEVE_INFERIOR decision=SCREEN_OUT_SINGLE_SLEEVE net=78116.0 PF=1.2045 DD=22.1516%
2026-08-26T17:25:46+00:00 SKIP_EXISTING [307/900] id=OAFX0307 window=SCREEN_IS
2026-08-26T17:25:46+00:00 SKIP_EXISTING [305/900] id=OAFX0305 window=IS
2026-08-26T17:25:46+00:00 GATE_SKIP id=OAFX0306 window=IS reason=SINGLE_SLEEVE_INFERIOR decision=SCREEN_OUT_SINGLE_SLEEVE net=69709.0 PF=1.1874 DD=26.8238%
2026-08-26T17:25:46+00:00 SKIP_EXISTING [308/900] id=OAFX0308 window=SCREEN_IS
2026-08-26T17:25:46+00:00 GATE_SKIP id=OAFX0307 window=IS reason=SINGLE_SLEEVE_INFERIOR decision=SCREEN_OUT_SINGLE_SLEEVE net=80593.0 PF=1.2153 DD=25.0518%
2026-08-26T17:25:46+00:00 GATE_SKIP id=OAFX0305 window=OOS reason=IS_NOT_SURVIVOR decision=IS_REJECT net=281060.0 PF=1.4492 DD=41.2461%
2026-08-26T17:25:46+00:00 SKIP_EXISTING [309/900] id=OAFX0309 window=SCREEN_IS
2026-08-26T17:25:46+00:00 GATE_SKIP id=OAFX0308 window=IS reason=SINGLE_SLEEVE_INFERIOR decision=SCREEN_OUT_SINGLE_SLEEVE net=78602.0 PF=1.2058 DD=22.0969%
2026-08-26T17:25:46+00:00 SKIP_EXISTING [310/900] id=OAFX0310 window=SCREEN_IS
2026-08-26T17:25:46+00:00 SKIP_EXISTING [311/900] id=OAFX0311 window=SCREEN_IS
2026-08-26T17:25:46+00:00 GATE_SKIP id=OAFX0309 window=IS reason=SINGLE_SLEEVE_INFERIOR decision=SCREEN_OUT_SINGLE_SLEEVE net=76153.0 PF=1.235 DD=22.0441%
2026-08-26T17:25:46+00:00 SKIP_EXISTING [312/900] id=OAFX0312 window=SCREEN_IS
2026-08-26T17:25:46+00:00 GATE_SKIP id=OAFX0310 window=IS reason=SINGLE_SLEEVE_INFERIOR decision=SCREEN_OUT_SINGLE_SLEEVE net=71046.0 PF=1.1909 DD=26.6889%
2026-08-26T17:25:46+00:00 GATE_SKIP id=OAFX0311 window=IS reason=SINGLE_SLEEVE_INFERIOR decision=SCREEN_OUT_SINGLE_SLEEVE net=82255.0 PF=1.2197 DD=24.8443%
2026-08-26T17:25:46+00:00 SKIP_EXISTING [313/900] id=OAFX0313 window=SCREEN_IS
2026-08-26T17:25:46+00:00 GATE_SKIP id=OAFX0312 window=IS reason=SINGLE_SLEEVE_INFERIOR decision=SCREEN_OUT_SINGLE_SLEEVE net=78602.0 PF=1.2058 DD=22.0969%
2026-08-26T17:25:46+00:00 SKIP_EXISTING [314/900] id=OAFX0314 window=SCREEN_IS
2026-08-26T17:25:46+00:00 SKIP_EXISTING [315/900] id=OAFX0315 window=SCREEN_IS
2026-08-26T17:25:46+00:00 GATE_SKIP id=OAFX0313 window=IS reason=SINGLE_SLEEVE_INFERIOR decision=SCREEN_OUT_SINGLE_SLEEVE net=76153.0 PF=1.235 DD=22.0441%
2026-08-26T17:25:46+00:00 SKIP_EXISTING [316/900] id=OAFX0316 window=SCREEN_IS
2026-08-26T17:25:46+00:00 GATE_SKIP id=OAFX0314 window=IS reason=SINGLE_SLEEVE_INFERIOR decision=SCREEN_OUT_SINGLE_SLEEVE net=69467.0 PF=1.1861 DD=27.2859%
2026-08-26T17:25:46+00:00 GATE_SKIP id=OAFX0315 window=IS reason=SINGLE_SLEEVE_INFERIOR decision=SCREEN_OUT_SINGLE_SLEEVE net=79619.0 PF=1.2121 DD=25.5906%
2026-08-26T17:25:46+00:00 SKIP_EXISTING [317/900] id=OAFX0317 window=SCREEN_IS
2026-08-26T17:25:46+00:00 GATE_SKIP id=OAFX0316 window=IS reason=SINGLE_SLEEVE_INFERIOR decision=SCREEN_OUT_SINGLE_SLEEVE net=77496.0 PF=1.2023 DD=22.6594%
2026-08-26T17:25:46+00:00 SKIP_EXISTING [318/900] id=OAFX0318 window=SCREEN_IS
2026-08-26T17:25:46+00:00 SKIP_EXISTING [319/900] id=OAFX0319 window=SCREEN_IS
2026-08-26T17:25:46+00:00 GATE_SKIP id=OAFX0317 window=IS reason=SINGLE_SLEEVE_INFERIOR decision=SCREEN_OUT_SINGLE_SLEEVE net=76153.0 PF=1.235 DD=22.0441%
2026-08-26T17:25:46+00:00 SKIP_EXISTING [320/900] id=OAFX0320 window=SCREEN_IS
2026-08-26T17:25:46+00:00 GATE_SKIP id=OAFX0318 window=IS reason=SINGLE_SLEEVE_INFERIOR decision=SCREEN_OUT_SINGLE_SLEEVE net=69457.0 PF=1.1861 DD=27.2912%
2026-08-26T17:25:46+00:00 GATE_SKIP id=OAFX0319 window=IS reason=SINGLE_SLEEVE_INFERIOR decision=SCREEN_OUT_SINGLE_SLEEVE net=79474.0 PF=1.2116 DD=25.6092%
2026-08-26T17:25:46+00:00 SCREEN_SKIP_EXISTING_FULLBOOK [321/900] id=OAFX0321 reason=existing fullbook IS retained
2026-08-26T17:25:46+00:00 GATE_SKIP id=OAFX0320 window=IS reason=SINGLE_SLEEVE_INFERIOR decision=SCREEN_OUT_SINGLE_SLEEVE net=77496.0 PF=1.2023 DD=22.6594%
2026-08-26T17:25:46+00:00 SKIP_EXISTING [322/900] id=OAFX0322 window=SCREEN_IS
2026-08-26T17:25:46+00:00 SKIP_EXISTING [323/900] id=OAFX0323 window=SCREEN_IS
2026-08-26T17:25:46+00:00 SKIP_EXISTING [321/900] id=OAFX0321 window=IS
2026-08-26T17:25:46+00:00 SKIP_EXISTING [324/900] id=OAFX0324 window=SCREEN_IS
2026-08-26T17:25:46+00:00 GATE_SKIP id=OAFX0322 window=IS reason=SINGLE_SLEEVE_INFERIOR decision=SCREEN_OUT_SINGLE_SLEEVE net=70565.0 PF=1.1899 DD=26.6239%
2026-08-26T17:25:46+00:00 GATE_SKIP id=OAFX0323 window=IS reason=SINGLE_SLEEVE_INFERIOR decision=SCREEN_OUT_SINGLE_SLEEVE net=79188.0 PF=1.2114 DD=25.2299%
2026-08-26T17:25:46+00:00 GATE_SKIP id=OAFX0321 window=OOS reason=IS_NOT_SURVIVOR decision=IS_REJECT net=280525.0 PF=1.4497 DD=40.9921%
2026-08-26T17:25:46+00:00 GATE_SKIP id=OAFX0324 window=IS reason=SINGLE_SLEEVE_INFERIOR decision=SCREEN_OUT_SINGLE_SLEEVE net=77115.0 PF=1.2011 DD=22.8531%
2026-08-26T17:25:46+00:00 SCREEN_SKIP_EXISTING_FULLBOOK [325/900] id=OAFX0325 reason=existing fullbook IS retained
2026-08-26T17:25:46+00:00 SKIP_EXISTING [326/900] id=OAFX0326 window=SCREEN_IS
2026-08-26T17:25:46+00:00 SKIP_EXISTING [327/900] id=OAFX0327 window=SCREEN_IS
2026-08-26T17:25:46+00:00 SKIP_EXISTING [328/900] id=OAFX0328 window=SCREEN_IS
2026-08-26T17:25:46+00:00 SKIP_EXISTING [325/900] id=OAFX0325 window=IS
2026-08-26T17:25:46+00:00 GATE_SKIP id=OAFX0326 window=IS reason=SINGLE_SLEEVE_INFERIOR decision=SCREEN_OUT_SINGLE_SLEEVE net=70066.0 PF=1.1883 DD=26.7248%
2026-08-26T17:25:46+00:00 GATE_SKIP id=OAFX0327 window=IS reason=SINGLE_SLEEVE_INFERIOR decision=SCREEN_OUT_SINGLE_SLEEVE net=79188.0 PF=1.2114 DD=25.2299%
2026-08-26T17:25:46+00:00 GATE_SKIP id=OAFX0328 window=IS reason=SINGLE_SLEEVE_INFERIOR decision=SCREEN_OUT_SINGLE_SLEEVE net=77115.0 PF=1.2011 DD=22.8531%
2026-08-26T17:25:46+00:00 GATE_SKIP id=OAFX0325 window=OOS reason=IS_NOT_SURVIVOR decision=IS_REJECT net=279278.0 PF=1.4452 DD=41.4308%
2026-08-26T17:25:46+00:00 SKIP_EXISTING [329/900] id=OAFX0329 window=SCREEN_IS
2026-08-26T17:25:46+00:00 SKIP_EXISTING [330/900] id=OAFX0330 window=SCREEN_IS
2026-08-26T17:25:46+00:00 SKIP_EXISTING [331/900] id=OAFX0331 window=SCREEN_IS
2026-08-26T17:25:46+00:00 SKIP_EXISTING [332/900] id=OAFX0332 window=SCREEN_IS
2026-08-26T17:25:46+00:00 GATE_SKIP id=OAFX0329 window=IS reason=SINGLE_SLEEVE_INFERIOR decision=SCREEN_OUT_SINGLE_SLEEVE net=76153.0 PF=1.235 DD=22.0441%
2026-08-26T17:25:46+00:00 GATE_SKIP id=OAFX0330 window=IS reason=SINGLE_SLEEVE_INFERIOR decision=SCREEN_OUT_SINGLE_SLEEVE net=71589.0 PF=1.1923 DD=26.5649%
2026-08-26T17:25:46+00:00 GATE_SKIP id=OAFX0331 window=IS reason=SINGLE_SLEEVE_INFERIOR decision=SCREEN_OUT_SINGLE_SLEEVE net=79188.0 PF=1.2114 DD=25.2299%
2026-08-26T17:25:46+00:00 GATE_SKIP id=OAFX0332 window=IS reason=SINGLE_SLEEVE_INFERIOR decision=SCREEN_OUT_SINGLE_SLEEVE net=77115.0 PF=1.2011 DD=22.8531%
2026-08-26T17:25:46+00:00 SKIP_EXISTING [333/900] id=OAFX0333 window=SCREEN_IS
2026-08-26T17:25:46+00:00 SKIP_EXISTING [334/900] id=OAFX0334 window=SCREEN_IS
2026-08-26T17:25:46+00:00 SKIP_EXISTING [335/900] id=OAFX0335 window=SCREEN_IS
2026-08-26T17:25:46+00:00 SKIP_EXISTING [336/900] id=OAFX0336 window=SCREEN_IS
2026-08-26T17:25:46+00:00 GATE_SKIP id=OAFX0333 window=IS reason=SINGLE_SLEEVE_INFERIOR decision=SCREEN_OUT_SINGLE_SLEEVE net=76153.0 PF=1.235 DD=22.0441%
2026-08-26T17:25:46+00:00 GATE_SKIP id=OAFX0334 window=IS reason=SINGLE_SLEEVE_INFERIOR decision=SCREEN_OUT_SINGLE_SLEEVE net=69457.0 PF=1.1861 DD=27.2912%
2026-08-26T17:25:46+00:00 GATE_SKIP id=OAFX0335 window=IS reason=SINGLE_SLEEVE_INFERIOR decision=SCREEN_OUT_SINGLE_SLEEVE net=78082.0 PF=1.2078 DD=25.7897%
2026-08-26T17:25:46+00:00 GATE_SKIP id=OAFX0336 window=IS reason=SINGLE_SLEEVE_INFERIOR decision=SCREEN_OUT_SINGLE_SLEEVE net=77115.0 PF=1.2011 DD=22.8531%
2026-08-26T17:25:46+00:00 SKIP_EXISTING [337/900] id=OAFX0337 window=SCREEN_IS
2026-08-26T17:25:46+00:00 SKIP_EXISTING [338/900] id=OAFX0338 window=SCREEN_IS
2026-08-26T17:25:46+00:00 SKIP_EXISTING [339/900] id=OAFX0339 window=SCREEN_IS
2026-08-26T17:25:46+00:00 SKIP_EXISTING [340/900] id=OAFX0340 window=SCREEN_IS
2026-08-26T17:25:46+00:00 GATE_SKIP id=OAFX0337 window=IS reason=SINGLE_SLEEVE_INFERIOR decision=SCREEN_OUT_SINGLE_SLEEVE net=76153.0 PF=1.235 DD=22.0441%
2026-08-26T17:25:46+00:00 GATE_SKIP id=OAFX0338 window=IS reason=SINGLE_SLEEVE_INFERIOR decision=SCREEN_OUT_SINGLE_SLEEVE net=69457.0 PF=1.1861 DD=27.2912%
2026-08-26T17:25:46+00:00 GATE_SKIP id=OAFX0339 window=IS reason=SINGLE_SLEEVE_INFERIOR decision=SCREEN_OUT_SINGLE_SLEEVE net=78082.0 PF=1.2078 DD=25.7897%
2026-08-26T17:25:46+00:00 GATE_SKIP id=OAFX0340 window=IS reason=SINGLE_SLEEVE_INFERIOR decision=SCREEN_OUT_SINGLE_SLEEVE net=77115.0 PF=1.2011 DD=22.8531%
2026-08-26T17:25:46+00:00 SKIP_EXISTING [341/900] id=OAFX0341 window=SCREEN_IS
2026-08-26T17:25:46+00:00 SKIP_EXISTING [342/900] id=OAFX0342 window=SCREEN_IS
2026-08-26T17:25:46+00:00 SKIP_EXISTING [343/900] id=OAFX0343 window=SCREEN_IS
2026-08-26T17:25:46+00:00 SKIP_EXISTING [344/900] id=OAFX0344 window=SCREEN_IS
2026-08-26T17:25:46+00:00 GATE_SKIP id=OAFX0341 window=IS reason=SINGLE_SLEEVE_INFERIOR decision=SCREEN_OUT_SINGLE_SLEEVE net=80598.0 PF=1.2539 DD=20.4468%
2026-08-26T17:25:46+00:00 GATE_SKIP id=OAFX0342 window=IS reason=SINGLE_SLEEVE_INFERIOR decision=SCREEN_OUT_SINGLE_SLEEVE net=69063.0 PF=1.1853 DD=27.2643%
2026-08-26T17:25:46+00:00 GATE_SKIP id=OAFX0343 window=IS reason=SINGLE_SLEEVE_INFERIOR decision=SCREEN_OUT_SINGLE_SLEEVE net=78082.0 PF=1.2078 DD=25.7897%
2026-08-26T17:25:46+00:00 GATE_SKIP id=OAFX0344 window=IS reason=SINGLE_SLEEVE_INFERIOR decision=SCREEN_OUT_SINGLE_SLEEVE net=77115.0 PF=1.2011 DD=22.8531%
2026-08-26T17:25:46+00:00 SKIP_EXISTING [345/900] id=OAFX0345 window=SCREEN_IS
2026-08-26T17:25:46+00:00 SKIP_EXISTING [346/900] id=OAFX0346 window=SCREEN_IS
2026-08-26T17:25:46+00:00 SKIP_EXISTING [347/900] id=OAFX0347 window=SCREEN_IS
2026-08-26T17:25:46+00:00 SKIP_EXISTING [348/900] id=OAFX0348 window=SCREEN_IS
2026-08-26T17:25:46+00:00 GATE_SKIP id=OAFX0345 window=IS reason=SINGLE_SLEEVE_INFERIOR decision=SCREEN_OUT_SINGLE_SLEEVE net=80617.0 PF=1.2522 DD=20.4369%
2026-08-26T17:25:46+00:00 GATE_SKIP id=OAFX0346 window=IS reason=SINGLE_SLEEVE_INFERIOR decision=SCREEN_OUT_SINGLE_SLEEVE net=68564.0 PF=1.1837 DD=27.3668%
2026-08-26T17:25:46+00:00 GATE_SKIP id=OAFX0347 window=IS reason=SINGLE_SLEEVE_INFERIOR decision=SCREEN_OUT_SINGLE_SLEEVE net=78082.0 PF=1.2078 DD=25.7897%
2026-08-26T17:25:46+00:00 GATE_SKIP id=OAFX0348 window=IS reason=SINGLE_SLEEVE_INFERIOR decision=SCREEN_OUT_SINGLE_SLEEVE net=77115.0 PF=1.2011 DD=22.8531%
2026-08-26T17:25:46+00:00 SKIP_EXISTING [349/900] id=OAFX0349 window=SCREEN_IS
2026-08-26T17:25:46+00:00 SKIP_EXISTING [350/900] id=OAFX0350 window=SCREEN_IS
2026-08-26T17:25:46+00:00 SKIP_EXISTING [351/900] id=OAFX0351 window=SCREEN_IS
2026-08-26T17:25:46+00:00 SKIP_EXISTING [352/900] id=OAFX0352 window=SCREEN_IS
2026-08-26T17:25:46+00:00 GATE_SKIP id=OAFX0349 window=IS reason=SINGLE_SLEEVE_INFERIOR decision=SCREEN_OUT_SINGLE_SLEEVE net=76153.0 PF=1.235 DD=22.0441%
2026-08-26T17:25:46+00:00 GATE_SKIP id=OAFX0350 window=IS reason=SINGLE_SLEEVE_INFERIOR decision=SCREEN_OUT_SINGLE_SLEEVE net=70087.0 PF=1.1877 DD=27.2009%
2026-08-26T17:25:46+00:00 GATE_SKIP id=OAFX0351 window=IS reason=SINGLE_SLEEVE_INFERIOR decision=SCREEN_OUT_SINGLE_SLEEVE net=78082.0 PF=1.2078 DD=25.7897%
2026-08-26T17:25:46+00:00 GATE_SKIP id=OAFX0352 window=IS reason=SINGLE_SLEEVE_INFERIOR decision=SCREEN_OUT_SINGLE_SLEEVE net=77115.0 PF=1.2011 DD=22.8531%
2026-08-26T17:25:46+00:00 SKIP_EXISTING [353/900] id=OAFX0353 window=SCREEN_IS
2026-08-26T17:25:46+00:00 SKIP_EXISTING [354/900] id=OAFX0354 window=SCREEN_IS
2026-08-26T17:25:46+00:00 SKIP_EXISTING [355/900] id=OAFX0355 window=SCREEN_IS
2026-08-26T17:25:46+00:00 SKIP_EXISTING [356/900] id=OAFX0356 window=SCREEN_IS
2026-08-26T17:25:46+00:00 GATE_SKIP id=OAFX0353 window=IS reason=SINGLE_SLEEVE_INFERIOR decision=SCREEN_OUT_SINGLE_SLEEVE net=76153.0 PF=1.235 DD=22.0441%
2026-08-26T17:25:46+00:00 GATE_SKIP id=OAFX0354 window=IS reason=SINGLE_SLEEVE_INFERIOR decision=SCREEN_OUT_SINGLE_SLEEVE net=69457.0 PF=1.1861 DD=27.2912%
2026-08-26T17:25:46+00:00 GATE_SKIP id=OAFX0355 window=IS reason=SINGLE_SLEEVE_INFERIOR decision=SCREEN_OUT_SINGLE_SLEEVE net=78082.0 PF=1.2078 DD=25.7897%
2026-08-26T17:25:46+00:00 GATE_SKIP id=OAFX0356 window=IS reason=SINGLE_SLEEVE_INFERIOR decision=SCREEN_OUT_SINGLE_SLEEVE net=77115.0 PF=1.2011 DD=22.8531%
2026-08-26T17:25:46+00:00 SKIP_EXISTING [357/900] id=OAFX0357 window=SCREEN_IS
2026-08-26T17:25:46+00:00 SKIP_EXISTING [358/900] id=OAFX0358 window=SCREEN_IS
2026-08-26T17:25:46+00:00 SKIP_EXISTING [359/900] id=OAFX0359 window=SCREEN_IS
2026-08-26T17:25:46+00:00 SKIP_EXISTING [360/900] id=OAFX0360 window=SCREEN_IS
2026-08-26T17:25:46+00:00 GATE_SKIP id=OAFX0357 window=IS reason=SINGLE_SLEEVE_INFERIOR decision=SCREEN_OUT_SINGLE_SLEEVE net=76153.0 PF=1.235 DD=22.0441%
2026-08-26T17:25:46+00:00 GATE_SKIP id=OAFX0358 window=IS reason=SINGLE_SLEEVE_INFERIOR decision=SCREEN_OUT_SINGLE_SLEEVE net=69457.0 PF=1.1861 DD=27.2912%
2026-08-26T17:25:46+00:00 GATE_SKIP id=OAFX0359 window=IS reason=SINGLE_SLEEVE_INFERIOR decision=SCREEN_OUT_SINGLE_SLEEVE net=78082.0 PF=1.2078 DD=25.7897%
2026-08-26T17:25:46+00:00 GATE_SKIP id=OAFX0360 window=IS reason=SINGLE_SLEEVE_INFERIOR decision=SCREEN_OUT_SINGLE_SLEEVE net=77115.0 PF=1.2011 DD=22.8531%
2026-08-26T17:25:46+00:00 SKIP_EXISTING [361/900] id=OAFX0361 window=SCREEN_IS
2026-08-26T17:25:46+00:00 SKIP_EXISTING [362/900] id=OAFX0362 window=SCREEN_IS
2026-08-26T17:25:46+00:00 SKIP_EXISTING [363/900] id=OAFX0363 window=SCREEN_IS
2026-08-26T17:25:46+00:00 SKIP_EXISTING [364/900] id=OAFX0364 window=SCREEN_IS
2026-08-26T17:25:46+00:00 GATE_SKIP id=OAFX0361 window=IS reason=SINGLE_SLEEVE_INFERIOR decision=SCREEN_OUT_SINGLE_SLEEVE net=80178.0 PF=1.2525 DD=20.4934%
2026-08-26T17:25:46+00:00 GATE_SKIP id=OAFX0362 window=IS reason=SINGLE_SLEEVE_INFERIOR decision=SCREEN_OUT_SINGLE_SLEEVE net=69063.0 PF=1.1853 DD=27.2643%
2026-08-26T17:25:46+00:00 GATE_SKIP id=OAFX0363 window=IS reason=SINGLE_SLEEVE_INFERIOR decision=SCREEN_OUT_SINGLE_SLEEVE net=78082.0 PF=1.2078 DD=25.7897%
2026-08-26T17:25:46+00:00 GATE_SKIP id=OAFX0364 window=IS reason=SINGLE_SLEEVE_INFERIOR decision=SCREEN_OUT_SINGLE_SLEEVE net=77115.0 PF=1.2011 DD=22.8531%
2026-08-26T17:25:46+00:00 SKIP_EXISTING [365/900] id=OAFX0365 window=SCREEN_IS
2026-08-26T17:25:46+00:00 SKIP_EXISTING [366/900] id=OAFX0366 window=SCREEN_IS
2026-08-26T17:25:46+00:00 SKIP_EXISTING [367/900] id=OAFX0367 window=SCREEN_IS
2026-08-26T17:25:46+00:00 SKIP_EXISTING [368/900] id=OAFX0368 window=SCREEN_IS
2026-08-26T17:25:46+00:00 GATE_SKIP id=OAFX0365 window=IS reason=SINGLE_SLEEVE_INFERIOR decision=SCREEN_OUT_SINGLE_SLEEVE net=80670.0 PF=1.2524 DD=20.4311%
2026-08-26T17:25:46+00:00 GATE_SKIP id=OAFX0366 window=IS reason=SINGLE_SLEEVE_INFERIOR decision=SCREEN_OUT_SINGLE_SLEEVE net=68564.0 PF=1.1837 DD=27.3668%
2026-08-26T17:25:46+00:00 GATE_SKIP id=OAFX0367 window=IS reason=SINGLE_SLEEVE_INFERIOR decision=SCREEN_OUT_SINGLE_SLEEVE net=78082.0 PF=1.2078 DD=25.7897%
2026-08-26T17:25:46+00:00 GATE_SKIP id=OAFX0368 window=IS reason=SINGLE_SLEEVE_INFERIOR decision=SCREEN_OUT_SINGLE_SLEEVE net=77115.0 PF=1.2011 DD=22.8531%
2026-08-26T17:25:46+00:00 SKIP_EXISTING [369/900] id=OAFX0369 window=SCREEN_IS
2026-08-26T17:25:46+00:00 SKIP_EXISTING [370/900] id=OAFX0370 window=SCREEN_IS
2026-08-26T17:25:46+00:00 SKIP_EXISTING [371/900] id=OAFX0371 window=SCREEN_IS
2026-08-26T17:25:46+00:00 SKIP_EXISTING [372/900] id=OAFX0372 window=SCREEN_IS
2026-08-26T17:25:46+00:00 GATE_SKIP id=OAFX0369 window=IS reason=SINGLE_SLEEVE_INFERIOR decision=SCREEN_OUT_SINGLE_SLEEVE net=76153.0 PF=1.235 DD=22.0441%
2026-08-26T17:25:46+00:00 GATE_SKIP id=OAFX0370 window=IS reason=SINGLE_SLEEVE_INFERIOR decision=SCREEN_OUT_SINGLE_SLEEVE net=70087.0 PF=1.1877 DD=27.2009%
2026-08-26T17:25:46+00:00 GATE_SKIP id=OAFX0371 window=IS reason=SINGLE_SLEEVE_INFERIOR decision=SCREEN_OUT_SINGLE_SLEEVE net=78082.0 PF=1.2078 DD=25.7897%
2026-08-26T17:25:46+00:00 GATE_SKIP id=OAFX0372 window=IS reason=SINGLE_SLEEVE_INFERIOR decision=SCREEN_OUT_SINGLE_SLEEVE net=77115.0 PF=1.2011 DD=22.8531%
2026-08-26T17:25:46+00:00 SKIP_EXISTING [373/900] id=OAFX0373 window=SCREEN_IS
2026-08-26T17:25:46+00:00 SKIP_EXISTING [374/900] id=OAFX0374 window=SCREEN_IS
2026-08-26T17:25:46+00:00 SKIP_EXISTING [375/900] id=OAFX0375 window=SCREEN_IS
2026-08-26T17:25:46+00:00 SKIP_EXISTING [376/900] id=OAFX0376 window=SCREEN_IS
2026-08-26T17:25:46+00:00 GATE_SKIP id=OAFX0373 window=IS reason=SINGLE_SLEEVE_INFERIOR decision=SCREEN_OUT_SINGLE_SLEEVE net=76153.0 PF=1.235 DD=22.0441%
2026-08-26T17:25:46+00:00 GATE_SKIP id=OAFX0374 window=IS reason=SINGLE_SLEEVE_INFERIOR decision=SCREEN_OUT_SINGLE_SLEEVE net=69457.0 PF=1.1861 DD=27.2912%
2026-08-26T17:25:46+00:00 GATE_SKIP id=OAFX0375 window=IS reason=SINGLE_SLEEVE_INFERIOR decision=SCREEN_OUT_SINGLE_SLEEVE net=78082.0 PF=1.2078 DD=25.7897%
2026-08-26T17:25:46+00:00 GATE_SKIP id=OAFX0376 window=IS reason=SINGLE_SLEEVE_INFERIOR decision=SCREEN_OUT_SINGLE_SLEEVE net=77115.0 PF=1.2011 DD=22.8531%
2026-08-26T17:25:46+00:00 SKIP_EXISTING [377/900] id=OAFX0377 window=SCREEN_IS
2026-08-26T17:25:46+00:00 SKIP_EXISTING [378/900] id=OAFX0378 window=SCREEN_IS
2026-08-26T17:25:46+00:00 SKIP_EXISTING [379/900] id=OAFX0379 window=SCREEN_IS
2026-08-26T17:25:46+00:00 SKIP_EXISTING [380/900] id=OAFX0380 window=SCREEN_IS
2026-08-26T17:25:46+00:00 GATE_SKIP id=OAFX0377 window=IS reason=SINGLE_SLEEVE_INFERIOR decision=SCREEN_OUT_SINGLE_SLEEVE net=76153.0 PF=1.235 DD=22.0441%
2026-08-26T17:25:46+00:00 GATE_SKIP id=OAFX0378 window=IS reason=SINGLE_SLEEVE_INFERIOR decision=SCREEN_OUT_SINGLE_SLEEVE net=69457.0 PF=1.1861 DD=27.2912%
2026-08-26T17:25:46+00:00 GATE_SKIP id=OAFX0379 window=IS reason=SINGLE_SLEEVE_INFERIOR decision=SCREEN_OUT_SINGLE_SLEEVE net=78082.0 PF=1.2078 DD=25.7897%
2026-08-26T17:25:46+00:00 GATE_SKIP id=OAFX0380 window=IS reason=SINGLE_SLEEVE_INFERIOR decision=SCREEN_OUT_SINGLE_SLEEVE net=77115.0 PF=1.2011 DD=22.8531%
2026-08-26T17:25:46+00:00 SKIP_EXISTING [381/900] id=OAFX0381 window=SCREEN_IS
2026-08-26T17:25:46+00:00 SKIP_EXISTING [382/900] id=OAFX0382 window=SCREEN_IS
2026-08-26T17:25:46+00:00 SKIP_EXISTING [383/900] id=OAFX0383 window=SCREEN_IS
2026-08-26T17:25:46+00:00 SKIP_EXISTING [384/900] id=OAFX0384 window=SCREEN_IS
2026-08-26T17:25:46+00:00 GATE_SKIP id=OAFX0381 window=IS reason=SINGLE_SLEEVE_INFERIOR decision=SCREEN_OUT_SINGLE_SLEEVE net=81443.0 PF=1.2556 DD=20.3537%
2026-08-26T17:25:46+00:00 GATE_SKIP id=OAFX0382 window=IS reason=SINGLE_SLEEVE_INFERIOR decision=SCREEN_OUT_SINGLE_SLEEVE net=69568.0 PF=1.1864 DD=27.2327%
2026-08-26T17:25:46+00:00 GATE_SKIP id=OAFX0383 window=IS reason=SINGLE_SLEEVE_INFERIOR decision=SCREEN_OUT_SINGLE_SLEEVE net=78082.0 PF=1.2078 DD=25.7897%
2026-08-26T17:25:46+00:00 GATE_SKIP id=OAFX0384 window=IS reason=SINGLE_SLEEVE_INFERIOR decision=SCREEN_OUT_SINGLE_SLEEVE net=77115.0 PF=1.2011 DD=22.8531%
2026-08-26T17:25:46+00:00 SKIP_EXISTING [385/900] id=OAFX0385 window=SCREEN_IS
2026-08-26T17:25:46+00:00 SKIP_EXISTING [386/900] id=OAFX0386 window=SCREEN_IS
2026-08-26T17:25:46+00:00 SKIP_EXISTING [387/900] id=OAFX0387 window=SCREEN_IS
2026-08-26T17:25:46+00:00 SKIP_EXISTING [388/900] id=OAFX0388 window=SCREEN_IS
2026-08-26T17:25:46+00:00 GATE_SKIP id=OAFX0385 window=IS reason=SINGLE_SLEEVE_INFERIOR decision=SCREEN_OUT_SINGLE_SLEEVE net=80652.0 PF=1.2524 DD=20.433%
2026-08-26T17:25:46+00:00 GATE_SKIP id=OAFX0386 window=IS reason=SINGLE_SLEEVE_INFERIOR decision=SCREEN_OUT_SINGLE_SLEEVE net=69489.0 PF=1.1862 DD=27.2744%
2026-08-26T17:25:46+00:00 GATE_SKIP id=OAFX0387 window=IS reason=SINGLE_SLEEVE_INFERIOR decision=SCREEN_OUT_SINGLE_SLEEVE net=78082.0 PF=1.2078 DD=25.7897%
2026-08-26T17:25:46+00:00 GATE_SKIP id=OAFX0388 window=IS reason=SINGLE_SLEEVE_INFERIOR decision=SCREEN_OUT_SINGLE_SLEEVE net=77115.0 PF=1.2011 DD=22.8531%
2026-08-26T17:25:46+00:00 SKIP_EXISTING [389/900] id=OAFX0389 window=SCREEN_IS
2026-08-26T17:25:46+00:00 SKIP_EXISTING [390/900] id=OAFX0390 window=SCREEN_IS
2026-08-26T17:25:46+00:00 SKIP_EXISTING [391/900] id=OAFX0391 window=SCREEN_IS
2026-08-26T17:25:46+00:00 SKIP_EXISTING [392/900] id=OAFX0392 window=SCREEN_IS
2026-08-26T17:25:46+00:00 GATE_SKIP id=OAFX0389 window=IS reason=SINGLE_SLEEVE_INFERIOR decision=SCREEN_OUT_SINGLE_SLEEVE net=76153.0 PF=1.235 DD=22.0441%
2026-08-26T17:25:46+00:00 GATE_SKIP id=OAFX0390 window=IS reason=SINGLE_SLEEVE_INFERIOR decision=SCREEN_OUT_SINGLE_SLEEVE net=69457.0 PF=1.1861 DD=27.2912%
2026-08-26T17:25:46+00:00 GATE_SKIP id=OAFX0391 window=IS reason=SINGLE_SLEEVE_INFERIOR decision=SCREEN_OUT_SINGLE_SLEEVE net=78082.0 PF=1.2078 DD=25.7897%
2026-08-26T17:25:46+00:00 GATE_SKIP id=OAFX0392 window=IS reason=SINGLE_SLEEVE_INFERIOR decision=SCREEN_OUT_SINGLE_SLEEVE net=77115.0 PF=1.2011 DD=22.8531%
2026-08-26T17:25:46+00:00 SKIP_EXISTING [393/900] id=OAFX0393 window=SCREEN_IS
2026-08-26T17:25:46+00:00 SKIP_EXISTING [394/900] id=OAFX0394 window=SCREEN_IS
2026-08-26T17:25:46+00:00 SKIP_EXISTING [395/900] id=OAFX0395 window=SCREEN_IS
2026-08-26T17:25:46+00:00 SKIP_EXISTING [396/900] id=OAFX0396 window=SCREEN_IS
2026-08-26T17:25:46+00:00 GATE_SKIP id=OAFX0393 window=IS reason=SINGLE_SLEEVE_INFERIOR decision=SCREEN_OUT_SINGLE_SLEEVE net=76153.0 PF=1.235 DD=22.0441%
2026-08-26T17:25:46+00:00 GATE_SKIP id=OAFX0394 window=IS reason=SINGLE_SLEEVE_INFERIOR decision=SCREEN_OUT_SINGLE_SLEEVE net=69457.0 PF=1.1861 DD=27.2912%
2026-08-26T17:25:46+00:00 GATE_SKIP id=OAFX0395 window=IS reason=SINGLE_SLEEVE_INFERIOR decision=SCREEN_OUT_SINGLE_SLEEVE net=78082.0 PF=1.2078 DD=25.7897%
2026-08-26T17:25:46+00:00 GATE_SKIP id=OAFX0396 window=IS reason=SINGLE_SLEEVE_INFERIOR decision=SCREEN_OUT_SINGLE_SLEEVE net=77115.0 PF=1.2011 DD=22.8531%
2026-08-26T17:25:46+00:00 SKIP_EXISTING [397/900] id=OAFX0397 window=SCREEN_IS
2026-08-26T17:25:46+00:00 SKIP_EXISTING [398/900] id=OAFX0398 window=SCREEN_IS
2026-08-26T17:25:46+00:00 SKIP_EXISTING [399/900] id=OAFX0399 window=SCREEN_IS
2026-08-26T17:25:46+00:00 SKIP_EXISTING [400/900] id=OAFX0400 window=SCREEN_IS
2026-08-26T17:25:46+00:00 GATE_SKIP id=OAFX0397 window=IS reason=SINGLE_SLEEVE_INFERIOR decision=SCREEN_OUT_SINGLE_SLEEVE net=76153.0 PF=1.235 DD=22.0441%
2026-08-26T17:25:46+00:00 GATE_SKIP id=OAFX0398 window=IS reason=SINGLE_SLEEVE_INFERIOR decision=SCREEN_OUT_SINGLE_SLEEVE net=69457.0 PF=1.1861 DD=27.2912%
2026-08-26T17:25:46+00:00 GATE_SKIP id=OAFX0399 window=IS reason=SINGLE_SLEEVE_INFERIOR decision=SCREEN_OUT_SINGLE_SLEEVE net=78082.0 PF=1.2078 DD=25.7897%
2026-08-26T17:25:46+00:00 GATE_SKIP id=OAFX0400 window=IS reason=SINGLE_SLEEVE_INFERIOR decision=SCREEN_OUT_SINGLE_SLEEVE net=77115.0 PF=1.2011 DD=22.8531%
2026-08-26T17:25:46+00:00 SKIP_EXISTING [401/900] id=OAFX0401 window=SCREEN_IS
2026-08-26T17:25:46+00:00 SKIP_EXISTING [402/900] id=OAFX0402 window=SCREEN_IS
2026-08-26T17:25:46+00:00 SKIP_EXISTING [403/900] id=OAFX0403 window=SCREEN_IS
2026-08-26T17:25:46+00:00 SKIP_EXISTING [404/900] id=OAFX0404 window=SCREEN_IS
2026-08-26T17:25:46+00:00 GATE_SKIP id=OAFX0401 window=IS reason=SINGLE_SLEEVE_INFERIOR decision=SCREEN_OUT_SINGLE_SLEEVE net=52361.0 PF=1.2012 DD=28.3314%
2026-08-26T17:25:46+00:00 GATE_SKIP id=OAFX0402 window=IS reason=SINGLE_SLEEVE_INFERIOR decision=SCREEN_OUT_SINGLE_SLEEVE net=-5225.0 PF=0.9359 DD=14.5597%
2026-08-26T17:25:46+00:00 GATE_SKIP id=OAFX0403 window=IS reason=SINGLE_SLEEVE_INFERIOR decision=SCREEN_OUT_SINGLE_SLEEVE net=58920.0 PF=1.3323 DD=23.9083%
2026-08-26T17:25:46+00:00 GATE_SKIP id=OAFX0404 window=IS reason=SINGLE_SLEEVE_INFERIOR decision=SCREEN_OUT_SINGLE_SLEEVE net=60634.0 PF=1.4478 DD=19.9141%
2026-08-26T17:25:46+00:00 SKIP_EXISTING [405/900] id=OAFX0405 window=SCREEN_IS
2026-08-26T17:25:46+00:00 SKIP_EXISTING [406/900] id=OAFX0406 window=SCREEN_IS
2026-08-26T17:25:46+00:00 SKIP_EXISTING [407/900] id=OAFX0407 window=SCREEN_IS
2026-08-26T17:25:46+00:00 SKIP_EXISTING [408/900] id=OAFX0408 window=SCREEN_IS
2026-08-26T17:25:46+00:00 GATE_SKIP id=OAFX0405 window=IS reason=SINGLE_SLEEVE_INFERIOR decision=SCREEN_OUT_SINGLE_SLEEVE net=50869.0 PF=1.1471 DD=31.8543%
2026-08-26T17:25:46+00:00 GATE_SKIP id=OAFX0406 window=IS reason=SINGLE_SLEEVE_INFERIOR decision=SCREEN_OUT_SINGLE_SLEEVE net=8367.0 PF=1.0717 DD=13.9521%
2026-08-26T17:25:46+00:00 GATE_SKIP id=OAFX0407 window=IS reason=SINGLE_SLEEVE_INFERIOR decision=SCREEN_OUT_SINGLE_SLEEVE net=43836.0 PF=1.1925 DD=31.4475%
2026-08-26T17:25:46+00:00 GATE_SKIP id=OAFX0408 window=IS reason=SINGLE_SLEEVE_INFERIOR decision=SCREEN_OUT_SINGLE_SLEEVE net=62652.0 PF=1.3197 DD=19.5144%
2026-08-26T17:25:46+00:00 SCREEN_SKIP_EXISTING_FULLBOOK [409/900] id=OAFX0409 reason=existing fullbook IS retained
2026-08-26T17:25:46+00:00 SKIP_EXISTING [410/900] id=OAFX0410 window=SCREEN_IS
2026-08-26T17:25:46+00:00 SKIP_EXISTING [411/900] id=OAFX0411 window=SCREEN_IS
2026-08-26T17:25:46+00:00 SCREEN_SKIP_EXISTING_FULLBOOK [412/900] id=OAFX0412 reason=existing fullbook IS retained
2026-08-26T17:25:46+00:00 SKIP_EXISTING [409/900] id=OAFX0409 window=IS
2026-08-26T17:25:46+00:00 GATE_SKIP id=OAFX0410 window=IS reason=SINGLE_SLEEVE_INFERIOR decision=SCREEN_OUT_SINGLE_SLEEVE net=26785.0 PF=1.1892 DD=10.3885%
2026-08-26T17:25:46+00:00 GATE_SKIP id=OAFX0411 window=IS reason=SINGLE_SLEEVE_INFERIOR decision=SCREEN_OUT_SINGLE_SLEEVE net=60582.0 PF=1.2524 DD=24.1107%
2026-08-26T17:25:46+00:00 SKIP_EXISTING [412/900] id=OAFX0412 window=IS
2026-08-26T17:25:46+00:00 GATE_SKIP id=OAFX0409 window=OOS reason=IS_NOT_SURVIVOR decision=IS_REJECT net=278834.0 PF=1.4006 DD=36.011%
2026-08-26T17:25:46+00:00 SKIP_EXISTING [413/900] id=OAFX0413 window=SCREEN_IS
2026-08-26T17:25:46+00:00 SKIP_EXISTING [414/900] id=OAFX0414 window=SCREEN_IS
2026-08-26T17:25:46+00:00 SKIP_EXISTING [412/900] id=OAFX0412 window=OOS
2026-08-26T17:25:46+00:00 SKIP_EXISTING [415/900] id=OAFX0415 window=SCREEN_IS
2026-08-26T17:25:46+00:00 GATE_SKIP id=OAFX0413 window=IS reason=SINGLE_SLEEVE_INFERIOR decision=SCREEN_OUT_SINGLE_SLEEVE net=84921.0 PF=1.2184 DD=19.5314%
2026-08-26T17:25:46+00:00 GATE_SKIP id=OAFX0414 window=IS reason=SINGLE_SLEEVE_INFERIOR decision=SCREEN_OUT_SINGLE_SLEEVE net=25673.0 PF=1.1741 DD=9.9101%
2026-08-26T17:25:46+00:00 SCREEN_SKIP_EXISTING_FULLBOOK [416/900] id=OAFX0416 reason=existing fullbook IS retained
2026-08-26T17:25:46+00:00 GATE_SKIP id=OAFX0415 window=IS reason=SINGLE_SLEEVE_INFERIOR decision=SCREEN_OUT_SINGLE_SLEEVE net=60582.0 PF=1.2524 DD=24.1107%
2026-08-26T17:25:46+00:00 SKIP_EXISTING [417/900] id=OAFX0417 window=SCREEN_IS
2026-08-26T17:25:46+00:00 SKIP_EXISTING [418/900] id=OAFX0418 window=SCREEN_IS
2026-08-26T17:25:46+00:00 SKIP_EXISTING [416/900] id=OAFX0416 window=IS
2026-08-26T17:25:46+00:00 SKIP_EXISTING [419/900] id=OAFX0419 window=SCREEN_IS
2026-08-26T17:25:46+00:00 GATE_SKIP id=OAFX0417 window=IS reason=SINGLE_SLEEVE_INFERIOR decision=SCREEN_OUT_SINGLE_SLEEVE net=84921.0 PF=1.2184 DD=19.5314%
2026-08-26T17:25:46+00:00 GATE_SKIP id=OAFX0418 window=IS reason=SINGLE_SLEEVE_INFERIOR decision=SCREEN_OUT_SINGLE_SLEEVE net=25673.0 PF=1.1741 DD=9.9101%
2026-08-26T17:25:46+00:00 SKIP_EXISTING [416/900] id=OAFX0416 window=OOS
2026-08-26T17:25:46+00:00 GATE_SKIP id=OAFX0419 window=IS reason=SINGLE_SLEEVE_INFERIOR decision=SCREEN_OUT_SINGLE_SLEEVE net=60582.0 PF=1.2524 DD=24.1107%
2026-08-26T17:25:46+00:00 SCREEN_SKIP_EXISTING_FULLBOOK [420/900] id=OAFX0420 reason=existing fullbook IS retained
2026-08-26T17:25:46+00:00 SKIP_EXISTING [421/900] id=OAFX0421 window=SCREEN_IS
2026-08-26T17:25:46+00:00 SKIP_EXISTING [422/900] id=OAFX0422 window=SCREEN_IS
2026-08-26T17:25:46+00:00 SKIP_EXISTING [423/900] id=OAFX0423 window=SCREEN_IS
2026-08-26T17:25:46+00:00 SKIP_EXISTING [420/900] id=OAFX0420 window=IS
2026-08-26T17:25:46+00:00 GATE_SKIP id=OAFX0421 window=IS reason=SINGLE_SLEEVE_INFERIOR decision=SCREEN_OUT_SINGLE_SLEEVE net=43787.0 PF=1.2157 DD=33.558%
2026-08-26T17:25:46+00:00 GATE_SKIP id=OAFX0422 window=IS reason=SINGLE_SLEEVE_INFERIOR decision=SCREEN_OUT_SINGLE_SLEEVE net=425.0 PF=1.0064 DD=14.381%
2026-08-26T17:25:46+00:00 GATE_SKIP id=OAFX0423 window=IS reason=SINGLE_SLEEVE_INFERIOR decision=SCREEN_OUT_SINGLE_SLEEVE net=43362.0 PF=1.3175 DD=29.7757%
2026-08-26T17:25:46+00:00 SKIP_EXISTING [420/900] id=OAFX0420 window=OOS
2026-08-26T17:25:46+00:00 SKIP_EXISTING [424/900] id=OAFX0424 window=SCREEN_IS
2026-08-26T17:25:46+00:00 SKIP_EXISTING [425/900] id=OAFX0425 window=SCREEN_IS
2026-08-26T17:25:46+00:00 SKIP_EXISTING [426/900] id=OAFX0426 window=SCREEN_IS
2026-08-26T17:25:46+00:00 SKIP_EXISTING [427/900] id=OAFX0427 window=SCREEN_IS
2026-08-26T17:25:46+00:00 GATE_SKIP id=OAFX0424 window=IS reason=SINGLE_SLEEVE_INFERIOR decision=SCREEN_OUT_SINGLE_SLEEVE net=36521.0 PF=1.337 DD=17.5757%
2026-08-26T17:25:46+00:00 GATE_SKIP id=OAFX0425 window=IS reason=SINGLE_SLEEVE_INFERIOR decision=SCREEN_OUT_SINGLE_SLEEVE net=42295.0 PF=1.1466 DD=36.8993%
2026-08-26T17:25:46+00:00 GATE_SKIP id=OAFX0426 window=IS reason=SINGLE_SLEEVE_INFERIOR decision=SCREEN_OUT_SINGLE_SLEEVE net=14017.0 PF=1.1379 DD=13.5823%
2026-08-26T17:25:46+00:00 GATE_SKIP id=OAFX0427 window=IS reason=SINGLE_SLEEVE_INFERIOR decision=SCREEN_OUT_SINGLE_SLEEVE net=28278.0 PF=1.1513 DD=36.4674%
2026-08-26T17:25:46+00:00 SKIP_EXISTING [428/900] id=OAFX0428 window=SCREEN_IS
2026-08-26T17:25:46+00:00 SKIP_EXISTING [429/900] id=OAFX0429 window=SCREEN_IS
2026-08-26T17:25:46+00:00 SKIP_EXISTING [430/900] id=OAFX0430 window=SCREEN_IS
2026-08-26T17:25:46+00:00 SKIP_EXISTING [431/900] id=OAFX0431 window=SCREEN_IS
2026-08-26T17:25:46+00:00 GATE_SKIP id=OAFX0428 window=IS reason=SINGLE_SLEEVE_INFERIOR decision=SCREEN_OUT_SINGLE_SLEEVE net=38539.0 PF=1.2281 DD=18.1893%
2026-08-26T17:25:46+00:00 GATE_SKIP id=OAFX0429 window=IS reason=SINGLE_SLEEVE_INFERIOR decision=SCREEN_OUT_SINGLE_SLEEVE net=77459.0 PF=1.2378 DD=25.0146%
2026-08-26T17:25:46+00:00 GATE_SKIP id=OAFX0430 window=IS reason=SINGLE_SLEEVE_INFERIOR decision=SCREEN_OUT_SINGLE_SLEEVE net=32435.0 PF=1.2565 DD=8.905%
2026-08-26T17:25:46+00:00 GATE_SKIP id=OAFX0431 window=IS reason=SINGLE_SLEEVE_INFERIOR decision=SCREEN_OUT_SINGLE_SLEEVE net=45024.0 PF=1.2259 DD=30.9381%
2026-08-26T17:25:46+00:00 SKIP_EXISTING [432/900] id=OAFX0432 window=SCREEN_IS
2026-08-26T17:25:46+00:00 SKIP_EXISTING [433/900] id=OAFX0433 window=SCREEN_IS
2026-08-26T17:25:46+00:00 SKIP_EXISTING [434/900] id=OAFX0434 window=SCREEN_IS
2026-08-26T17:25:46+00:00 SKIP_EXISTING [435/900] id=OAFX0435 window=SCREEN_IS
2026-08-26T17:25:46+00:00 GATE_SKIP id=OAFX0432 window=IS reason=SINGLE_SLEEVE_INFERIOR decision=SCREEN_OUT_SINGLE_SLEEVE net=60089.0 PF=1.3102 DD=14.2976%
2026-08-26T17:25:46+00:00 GATE_SKIP id=OAFX0433 window=IS reason=SINGLE_SLEEVE_INFERIOR decision=SCREEN_OUT_SINGLE_SLEEVE net=76347.0 PF=1.2302 DD=25.6649%
2026-08-26T17:25:46+00:00 GATE_SKIP id=OAFX0434 window=IS reason=SINGLE_SLEEVE_INFERIOR decision=SCREEN_OUT_SINGLE_SLEEVE net=31323.0 PF=1.2366 DD=8.7539%
2026-08-26T17:25:46+00:00 GATE_SKIP id=OAFX0435 window=IS reason=SINGLE_SLEEVE_INFERIOR decision=SCREEN_OUT_SINGLE_SLEEVE net=45024.0 PF=1.2259 DD=30.9381%
2026-08-26T17:25:46+00:00 SKIP_EXISTING [436/900] id=OAFX0436 window=SCREEN_IS
2026-08-26T17:25:46+00:00 SKIP_EXISTING [437/900] id=OAFX0437 window=SCREEN_IS
2026-08-26T17:25:46+00:00 SKIP_EXISTING [438/900] id=OAFX0438 window=SCREEN_IS
2026-08-26T17:25:46+00:00 SKIP_EXISTING [439/900] id=OAFX0439 window=SCREEN_IS
2026-08-26T17:25:46+00:00 GATE_SKIP id=OAFX0436 window=IS reason=SINGLE_SLEEVE_INFERIOR decision=SCREEN_OUT_SINGLE_SLEEVE net=58977.0 PF=1.2953 DD=14.3035%
2026-08-26T17:25:46+00:00 GATE_SKIP id=OAFX0437 window=IS reason=SINGLE_SLEEVE_INFERIOR decision=SCREEN_OUT_SINGLE_SLEEVE net=76347.0 PF=1.2302 DD=25.6649%
2026-08-26T17:25:46+00:00 GATE_SKIP id=OAFX0438 window=IS reason=SINGLE_SLEEVE_INFERIOR decision=SCREEN_OUT_SINGLE_SLEEVE net=31323.0 PF=1.2366 DD=8.7539%
2026-08-26T17:25:46+00:00 GATE_SKIP id=OAFX0439 window=IS reason=SINGLE_SLEEVE_INFERIOR decision=SCREEN_OUT_SINGLE_SLEEVE net=45024.0 PF=1.2259 DD=30.9381%
2026-08-26T17:25:46+00:00 SKIP_EXISTING [440/900] id=OAFX0440 window=SCREEN_IS
2026-08-26T17:25:46+00:00 SKIP_EXISTING [441/900] id=OAFX0441 window=SCREEN_IS
2026-08-26T17:25:46+00:00 SKIP_EXISTING [442/900] id=OAFX0442 window=SCREEN_IS
2026-08-26T17:25:46+00:00 SKIP_EXISTING [443/900] id=OAFX0443 window=SCREEN_IS
2026-08-26T17:25:46+00:00 GATE_SKIP id=OAFX0440 window=IS reason=SINGLE_SLEEVE_INFERIOR decision=SCREEN_OUT_SINGLE_SLEEVE net=58977.0 PF=1.2953 DD=14.3035%
2026-08-26T17:25:46+00:00 GATE_SKIP id=OAFX0441 window=IS reason=SINGLE_SLEEVE_INFERIOR decision=SCREEN_OUT_SINGLE_SLEEVE net=40045.0 PF=1.2759 DD=31.9713%
2026-08-26T17:25:46+00:00 GATE_SKIP id=OAFX0442 window=IS reason=SINGLE_SLEEVE_INFERIOR decision=SCREEN_OUT_SINGLE_SLEEVE net=-557.0 PF=0.99 DD=14.1878%
2026-08-26T17:25:46+00:00 GATE_SKIP id=OAFX0443 window=IS reason=SINGLE_SLEEVE_INFERIOR decision=SCREEN_OUT_SINGLE_SLEEVE net=40602.0 PF=1.4531 DD=28.9326%
2026-08-26T17:25:46+00:00 SKIP_EXISTING [444/900] id=OAFX0444 window=SCREEN_IS
2026-08-26T17:25:46+00:00 SKIP_EXISTING [445/900] id=OAFX0445 window=SCREEN_IS
2026-08-26T17:25:46+00:00 SKIP_EXISTING [446/900] id=OAFX0446 window=SCREEN_IS
2026-08-26T17:25:46+00:00 SKIP_EXISTING [447/900] id=OAFX0447 window=SCREEN_IS
2026-08-26T17:25:46+00:00 GATE_SKIP id=OAFX0444 window=IS reason=SINGLE_SLEEVE_INFERIOR decision=SCREEN_OUT_SINGLE_SLEEVE net=32899.0 PF=1.4093 DD=11.2822%
2026-08-26T17:25:46+00:00 GATE_SKIP id=OAFX0445 window=IS reason=SINGLE_SLEEVE_INFERIOR decision=SCREEN_OUT_SINGLE_SLEEVE net=38553.0 PF=1.1671 DD=34.4797%
2026-08-26T17:25:46+00:00 GATE_SKIP id=OAFX0446 window=IS reason=SINGLE_SLEEVE_INFERIOR decision=SCREEN_OUT_SINGLE_SLEEVE net=13035.0 PF=1.1437 DD=13.6495%
2026-08-26T17:25:46+00:00 GATE_SKIP id=OAFX0447 window=IS reason=SINGLE_SLEEVE_INFERIOR decision=SCREEN_OUT_SINGLE_SLEEVE net=25518.0 PF=1.1823 DD=34.5878%
2026-08-26T17:25:46+00:00 SKIP_EXISTING [448/900] id=OAFX0448 window=SCREEN_IS
2026-08-26T17:25:46+00:00 SKIP_EXISTING [449/900] id=OAFX0449 window=SCREEN_IS
2026-08-26T17:25:46+00:00 SKIP_EXISTING [450/900] id=OAFX0450 window=SCREEN_IS
2026-08-26T17:25:46+00:00 SKIP_EXISTING [451/900] id=OAFX0451 window=SCREEN_IS
2026-08-26T17:25:46+00:00 GATE_SKIP id=OAFX0448 window=IS reason=SINGLE_SLEEVE_INFERIOR decision=SCREEN_OUT_SINGLE_SLEEVE net=34917.0 PF=1.2477 DD=15.2791%
2026-08-26T17:25:46+00:00 GATE_SKIP id=OAFX0449 window=IS reason=SINGLE_SLEEVE_INFERIOR decision=SCREEN_OUT_SINGLE_SLEEVE net=73717.0 PF=1.2753 DD=21.859%
2026-08-26T17:25:46+00:00 GATE_SKIP id=OAFX0450 window=IS reason=SINGLE_SLEEVE_INFERIOR decision=SCREEN_OUT_SINGLE_SLEEVE net=31453.0 PF=1.2723 DD=9.2643%
2026-08-26T17:25:46+00:00 GATE_SKIP id=OAFX0451 window=IS reason=SINGLE_SLEEVE_INFERIOR decision=SCREEN_OUT_SINGLE_SLEEVE net=42264.0 PF=1.2775 DD=26.0807%
2026-08-26T17:25:46+00:00 SKIP_EXISTING [452/900] id=OAFX0452 window=SCREEN_IS
2026-08-26T17:25:46+00:00 SKIP_EXISTING [453/900] id=OAFX0453 window=SCREEN_IS
2026-08-26T17:25:46+00:00 SKIP_EXISTING [454/900] id=OAFX0454 window=SCREEN_IS
2026-08-26T17:25:46+00:00 SKIP_EXISTING [455/900] id=OAFX0455 window=SCREEN_IS
2026-08-26T17:25:46+00:00 GATE_SKIP id=OAFX0452 window=IS reason=SINGLE_SLEEVE_INFERIOR decision=SCREEN_OUT_SINGLE_SLEEVE net=56467.0 PF=1.3407 DD=14.2873%
2026-08-26T17:25:46+00:00 GATE_SKIP id=OAFX0453 window=IS reason=SINGLE_SLEEVE_INFERIOR decision=SCREEN_OUT_SINGLE_SLEEVE net=72605.0 PF=1.2652 DD=22.5627%
2026-08-26T17:25:46+00:00 GATE_SKIP id=OAFX0454 window=IS reason=SINGLE_SLEEVE_INFERIOR decision=SCREEN_OUT_SINGLE_SLEEVE net=30341.0 PF=1.2498 DD=8.804%
2026-08-26T17:25:46+00:00 GATE_SKIP id=OAFX0455 window=IS reason=SINGLE_SLEEVE_INFERIOR decision=SCREEN_OUT_SINGLE_SLEEVE net=42264.0 PF=1.2775 DD=26.0807%
2026-08-26T17:25:46+00:00 SKIP_EXISTING [456/900] id=OAFX0456 window=SCREEN_IS
2026-08-26T17:25:46+00:00 SKIP_EXISTING [457/900] id=OAFX0457 window=SCREEN_IS
2026-08-26T17:25:46+00:00 SKIP_EXISTING [458/900] id=OAFX0458 window=SCREEN_IS
2026-08-26T17:25:46+00:00 SKIP_EXISTING [459/900] id=OAFX0459 window=SCREEN_IS
2026-08-26T17:25:46+00:00 GATE_SKIP id=OAFX0456 window=IS reason=SINGLE_SLEEVE_INFERIOR decision=SCREEN_OUT_SINGLE_SLEEVE net=55355.0 PF=1.3224 DD=14.0847%
2026-08-26T17:25:46+00:00 GATE_SKIP id=OAFX0457 window=IS reason=SINGLE_SLEEVE_INFERIOR decision=SCREEN_OUT_SINGLE_SLEEVE net=72605.0 PF=1.2652 DD=22.5627%
2026-08-26T17:25:46+00:00 GATE_SKIP id=OAFX0458 window=IS reason=SINGLE_SLEEVE_INFERIOR decision=SCREEN_OUT_SINGLE_SLEEVE net=30341.0 PF=1.2498 DD=8.804%
2026-08-26T17:25:46+00:00 GATE_SKIP id=OAFX0459 window=IS reason=SINGLE_SLEEVE_INFERIOR decision=SCREEN_OUT_SINGLE_SLEEVE net=42264.0 PF=1.2775 DD=26.0807%
2026-08-26T17:25:46+00:00 SKIP_EXISTING [460/900] id=OAFX0460 window=SCREEN_IS
2026-08-26T17:25:46+00:00 SKIP_EXISTING [461/900] id=OAFX0461 window=SCREEN_IS
2026-08-26T17:25:46+00:00 SKIP_EXISTING [462/900] id=OAFX0462 window=SCREEN_IS
2026-08-26T17:25:46+00:00 SKIP_EXISTING [463/900] id=OAFX0463 window=SCREEN_IS
2026-08-26T17:25:46+00:00 GATE_SKIP id=OAFX0460 window=IS reason=SINGLE_SLEEVE_INFERIOR decision=SCREEN_OUT_SINGLE_SLEEVE net=55355.0 PF=1.3224 DD=14.0847%
2026-08-26T17:25:46+00:00 GATE_SKIP id=OAFX0461 window=IS reason=SINGLE_SLEEVE_INFERIOR decision=SCREEN_OUT_SINGLE_SLEEVE net=12684.0 PF=1.1036 DD=37.9055%
2026-08-26T17:25:46+00:00 GATE_SKIP id=OAFX0462 window=IS reason=SINGLE_SLEEVE_INFERIOR decision=SCREEN_OUT_SINGLE_SLEEVE net=-2064.0 PF=0.9522 DD=9.974%
2026-08-26T17:25:46+00:00 GATE_SKIP id=OAFX0463 window=IS reason=SINGLE_SLEEVE_INFERIOR decision=SCREEN_OUT_SINGLE_SLEEVE net=14748.0 PF=1.1861 DD=34.4194%
2026-08-26T17:25:46+00:00 SKIP_EXISTING [464/900] id=OAFX0464 window=SCREEN_IS
2026-08-26T17:25:46+00:00 SKIP_EXISTING [465/900] id=OAFX0465 window=SCREEN_IS
2026-08-26T17:25:46+00:00 SKIP_EXISTING [466/900] id=OAFX0466 window=SCREEN_IS
2026-08-26T17:25:46+00:00 SKIP_EXISTING [467/900] id=OAFX0467 window=SCREEN_IS
2026-08-26T17:25:46+00:00 GATE_SKIP id=OAFX0464 window=IS reason=SINGLE_SLEEVE_INFERIOR decision=SCREEN_OUT_SINGLE_SLEEVE net=23142.0 PF=1.3617 DD=16.3029%
2026-08-26T17:25:46+00:00 GATE_SKIP id=OAFX0465 window=IS reason=SINGLE_SLEEVE_INFERIOR decision=SCREEN_OUT_SINGLE_SLEEVE net=11192.0 PF=1.0538 DD=41.3134%
2026-08-26T17:25:46+00:00 GATE_SKIP id=OAFX0466 window=IS reason=SINGLE_SLEEVE_INFERIOR decision=SCREEN_OUT_SINGLE_SLEEVE net=11528.0 PF=1.1471 DD=9.8324%
2026-08-26T17:25:46+00:00 GATE_SKIP id=OAFX0467 window=IS reason=SINGLE_SLEEVE_INFERIOR decision=SCREEN_OUT_SINGLE_SLEEVE net=-336.0 PF=0.9974 DD=41.3525%
2026-08-26T17:25:46+00:00 SKIP_EXISTING [468/900] id=OAFX0468 window=SCREEN_IS
2026-08-26T17:25:46+00:00 SKIP_EXISTING [469/900] id=OAFX0469 window=SCREEN_IS
2026-08-26T17:25:46+00:00 SKIP_EXISTING [470/900] id=OAFX0470 window=SCREEN_IS
2026-08-26T17:25:46+00:00 SKIP_EXISTING [471/900] id=OAFX0471 window=SCREEN_IS
2026-08-26T17:25:46+00:00 GATE_SKIP id=OAFX0468 window=IS reason=SINGLE_SLEEVE_INFERIOR decision=SCREEN_OUT_SINGLE_SLEEVE net=25160.0 PF=1.202 DD=16.6195%
2026-08-26T17:25:46+00:00 GATE_SKIP id=OAFX0469 window=IS reason=SINGLE_SLEEVE_INFERIOR decision=SCREEN_OUT_SINGLE_SLEEVE net=46356.0 PF=1.1891 DD=23.3676%
2026-08-26T17:25:46+00:00 GATE_SKIP id=OAFX0470 window=IS reason=SINGLE_SLEEVE_INFERIOR decision=SCREEN_OUT_SINGLE_SLEEVE net=29946.0 PF=1.2903 DD=8.2211%
2026-08-26T17:25:46+00:00 GATE_SKIP id=OAFX0471 window=IS reason=SINGLE_SLEEVE_INFERIOR decision=SCREEN_OUT_SINGLE_SLEEVE net=16410.0 PF=1.1156 DD=28.7907%
2026-08-26T17:25:46+00:00 SKIP_EXISTING [472/900] id=OAFX0472 window=SCREEN_IS
2026-08-26T17:25:46+00:00 SKIP_EXISTING [473/900] id=OAFX0473 window=SCREEN_IS
2026-08-26T17:25:46+00:00 SKIP_EXISTING [474/900] id=OAFX0474 window=SCREEN_IS
2026-08-26T17:25:46+00:00 SKIP_EXISTING [475/900] id=OAFX0475 window=SCREEN_IS
2026-08-26T17:25:46+00:00 GATE_SKIP id=OAFX0472 window=IS reason=SINGLE_SLEEVE_INFERIOR decision=SCREEN_OUT_SINGLE_SLEEVE net=46710.0 PF=1.3128 DD=15.4279%
2026-08-26T17:25:46+00:00 GATE_SKIP id=OAFX0473 window=IS reason=SINGLE_SLEEVE_INFERIOR decision=SCREEN_OUT_SINGLE_SLEEVE net=45244.0 PF=1.1802 DD=24.2283%
2026-08-26T17:25:46+00:00 GATE_SKIP id=OAFX0474 window=IS reason=SINGLE_SLEEVE_INFERIOR decision=SCREEN_OUT_SINGLE_SLEEVE net=28834.0 PF=1.2643 DD=8.0161%
2026-08-26T17:25:46+00:00 GATE_SKIP id=OAFX0475 window=IS reason=SINGLE_SLEEVE_INFERIOR decision=SCREEN_OUT_SINGLE_SLEEVE net=16410.0 PF=1.1156 DD=28.7907%
2026-08-26T17:25:46+00:00 SKIP_EXISTING [476/900] id=OAFX0476 window=SCREEN_IS
2026-08-26T17:25:46+00:00 SKIP_EXISTING [477/900] id=OAFX0477 window=SCREEN_IS
2026-08-26T17:25:46+00:00 SKIP_EXISTING [478/900] id=OAFX0478 window=SCREEN_IS
2026-08-26T17:25:46+00:00 SKIP_EXISTING [479/900] id=OAFX0479 window=SCREEN_IS
2026-08-26T17:25:46+00:00 GATE_SKIP id=OAFX0476 window=IS reason=SINGLE_SLEEVE_INFERIOR decision=SCREEN_OUT_SINGLE_SLEEVE net=45598.0 PF=1.2936 DD=15.2031%
2026-08-26T17:25:46+00:00 GATE_SKIP id=OAFX0477 window=IS reason=SINGLE_SLEEVE_INFERIOR decision=SCREEN_OUT_SINGLE_SLEEVE net=45244.0 PF=1.1802 DD=24.2283%
2026-08-26T17:25:46+00:00 GATE_SKIP id=OAFX0478 window=IS reason=SINGLE_SLEEVE_INFERIOR decision=SCREEN_OUT_SINGLE_SLEEVE net=28834.0 PF=1.2643 DD=8.0161%
2026-08-26T17:25:46+00:00 GATE_SKIP id=OAFX0479 window=IS reason=SINGLE_SLEEVE_INFERIOR decision=SCREEN_OUT_SINGLE_SLEEVE net=16410.0 PF=1.1156 DD=28.7907%
2026-08-26T17:25:46+00:00 SKIP_EXISTING [480/900] id=OAFX0480 window=SCREEN_IS
2026-08-26T17:25:46+00:00 SKIP_EXISTING [481/900] id=OAFX0481 window=SCREEN_IS
2026-08-26T17:25:46+00:00 SKIP_EXISTING [482/900] id=OAFX0482 window=SCREEN_IS
2026-08-26T17:25:46+00:00 SKIP_EXISTING [483/900] id=OAFX0483 window=SCREEN_IS
2026-08-26T17:25:46+00:00 GATE_SKIP id=OAFX0480 window=IS reason=SINGLE_SLEEVE_INFERIOR decision=SCREEN_OUT_SINGLE_SLEEVE net=45598.0 PF=1.2936 DD=15.2031%
2026-08-26T17:25:46+00:00 GATE_SKIP id=OAFX0481 window=IS reason=SINGLE_SLEEVE_INFERIOR decision=SCREEN_OUT_SINGLE_SLEEVE net=-15485.0 PF=0.7926 DD=35.8631%
2026-08-26T17:25:46+00:00 GATE_SKIP id=OAFX0482 window=IS reason=SINGLE_SLEEVE_INFERIOR decision=SCREEN_OUT_SINGLE_SLEEVE net=-3911.0 PF=0.8394 DD=10.1524%
2026-08-26T17:25:46+00:00 GATE_SKIP id=OAFX0483 window=IS reason=SINGLE_SLEEVE_INFERIOR decision=SCREEN_OUT_SINGLE_SLEEVE net=-11574.0 PF=0.77 DD=32.3651%
2026-08-26T17:25:46+00:00 SKIP_EXISTING [484/900] id=OAFX0484 window=SCREEN_IS
2026-08-26T17:25:46+00:00 SKIP_EXISTING [485/900] id=OAFX0485 window=SCREEN_IS
2026-08-26T17:25:46+00:00 SKIP_EXISTING [486/900] id=OAFX0486 window=SCREEN_IS
2026-08-26T17:25:46+00:00 SKIP_EXISTING [487/900] id=OAFX0487 window=SCREEN_IS
2026-08-26T17:25:46+00:00 GATE_SKIP id=OAFX0484 window=IS reason=SINGLE_SLEEVE_INFERIOR decision=SCREEN_OUT_SINGLE_SLEEVE net=5509.0 PF=1.1329 DD=21.4182%
2026-08-26T17:25:46+00:00 GATE_SKIP id=OAFX0485 window=IS reason=SINGLE_SLEEVE_INFERIOR decision=SCREEN_OUT_SINGLE_SLEEVE net=-16977.0 PF=0.894 DD=39.3749%
2026-08-26T17:25:46+00:00 GATE_SKIP id=OAFX0486 window=IS reason=SINGLE_SLEEVE_INFERIOR decision=SCREEN_OUT_SINGLE_SLEEVE net=9681.0 PF=1.1626 DD=7.8033%
2026-08-26T17:25:46+00:00 GATE_SKIP id=OAFX0487 window=IS reason=SINGLE_SLEEVE_INFERIOR decision=SCREEN_OUT_SINGLE_SLEEVE net=-26658.0 PF=0.7352 DD=41.7042%
2026-08-26T17:25:46+00:00 SKIP_EXISTING [488/900] id=OAFX0488 window=SCREEN_IS
2026-08-26T17:25:46+00:00 SKIP_EXISTING [489/900] id=OAFX0489 window=SCREEN_IS
2026-08-26T17:25:46+00:00 SKIP_EXISTING [490/900] id=OAFX0490 window=SCREEN_IS
2026-08-26T17:25:46+00:00 SKIP_EXISTING [491/900] id=OAFX0491 window=SCREEN_IS
2026-08-26T17:25:46+00:00 GATE_SKIP id=OAFX0488 window=IS reason=SINGLE_SLEEVE_INFERIOR decision=SCREEN_OUT_SINGLE_SLEEVE net=7527.0 PF=1.0738 DD=19.2348%
2026-08-26T17:25:46+00:00 GATE_SKIP id=OAFX0489 window=IS reason=SINGLE_SLEEVE_INFERIOR decision=SCREEN_OUT_SINGLE_SLEEVE net=18187.0 PF=1.0922 DD=22.1488%
2026-08-26T17:25:46+00:00 GATE_SKIP id=OAFX0490 window=IS reason=SINGLE_SLEEVE_INFERIOR decision=SCREEN_OUT_SINGLE_SLEEVE net=28099.0 PF=1.3332 DD=7.3165%
2026-08-26T17:25:46+00:00 GATE_SKIP id=OAFX0491 window=IS reason=SINGLE_SLEEVE_INFERIOR decision=SCREEN_OUT_SINGLE_SLEEVE net=-9912.0 PF=0.9123 DD=27.9957%
2026-08-26T17:25:46+00:00 SKIP_EXISTING [492/900] id=OAFX0492 window=SCREEN_IS
2026-08-26T17:25:46+00:00 SKIP_EXISTING [493/900] id=OAFX0493 window=SCREEN_IS
2026-08-26T17:25:46+00:00 SKIP_EXISTING [494/900] id=OAFX0494 window=SCREEN_IS
2026-08-26T17:25:46+00:00 SKIP_EXISTING [495/900] id=OAFX0495 window=SCREEN_IS
2026-08-26T17:25:46+00:00 GATE_SKIP id=OAFX0492 window=IS reason=SINGLE_SLEEVE_INFERIOR decision=SCREEN_OUT_SINGLE_SLEEVE net=29077.0 PF=1.2293 DD=15.9572%
2026-08-26T17:25:46+00:00 GATE_SKIP id=OAFX0493 window=IS reason=SINGLE_SLEEVE_INFERIOR decision=SCREEN_OUT_SINGLE_SLEEVE net=17075.0 PF=1.084 DD=23.274%
2026-08-26T17:25:46+00:00 GATE_SKIP id=OAFX0494 window=IS reason=SINGLE_SLEEVE_INFERIOR decision=SCREEN_OUT_SINGLE_SLEEVE net=26987.0 PF=1.2989 DD=8.4157%
2026-08-26T17:25:46+00:00 GATE_SKIP id=OAFX0495 window=IS reason=SINGLE_SLEEVE_INFERIOR decision=SCREEN_OUT_SINGLE_SLEEVE net=-9912.0 PF=0.9123 DD=27.9957%
2026-08-26T17:25:46+00:00 SKIP_EXISTING [496/900] id=OAFX0496 window=SCREEN_IS
2026-08-26T17:25:46+00:00 SKIP_EXISTING [497/900] id=OAFX0497 window=SCREEN_IS
2026-08-26T17:25:46+00:00 SKIP_EXISTING [498/900] id=OAFX0498 window=SCREEN_IS
2026-08-26T17:25:46+00:00 SKIP_EXISTING [499/900] id=OAFX0499 window=SCREEN_IS
2026-08-26T17:25:46+00:00 GATE_SKIP id=OAFX0496 window=IS reason=SINGLE_SLEEVE_INFERIOR decision=SCREEN_OUT_SINGLE_SLEEVE net=27965.0 PF=1.2106 DD=15.7127%
2026-08-26T17:25:46+00:00 GATE_SKIP id=OAFX0497 window=IS reason=SINGLE_SLEEVE_INFERIOR decision=SCREEN_OUT_SINGLE_SLEEVE net=17075.0 PF=1.084 DD=23.274%
2026-08-26T17:25:46+00:00 GATE_SKIP id=OAFX0498 window=IS reason=SINGLE_SLEEVE_INFERIOR decision=SCREEN_OUT_SINGLE_SLEEVE net=26987.0 PF=1.2989 DD=8.4157%
2026-08-26T17:25:46+00:00 GATE_SKIP id=OAFX0499 window=IS reason=SINGLE_SLEEVE_INFERIOR decision=SCREEN_OUT_SINGLE_SLEEVE net=-9912.0 PF=0.9123 DD=27.9957%
2026-08-26T17:25:46+00:00 SKIP_EXISTING [500/900] id=OAFX0500 window=SCREEN_IS
2026-08-26T17:25:46+00:00 SKIP_EXISTING [501/900] id=OAFX0501 window=SCREEN_IS
2026-08-26T17:25:46+00:00 SKIP_EXISTING [502/900] id=OAFX0502 window=SCREEN_IS
2026-08-26T17:25:46+00:00 SKIP_EXISTING [503/900] id=OAFX0503 window=SCREEN_IS
2026-08-26T17:25:46+00:00 GATE_SKIP id=OAFX0500 window=IS reason=SINGLE_SLEEVE_INFERIOR decision=SCREEN_OUT_SINGLE_SLEEVE net=27965.0 PF=1.2106 DD=15.7127%
2026-08-26T17:25:46+00:00 GATE_SKIP id=OAFX0501 window=IS reason=SINGLE_SLEEVE_INFERIOR decision=SCREEN_OUT_SINGLE_SLEEVE net=19336.0 PF=1.2675 DD=17.9836%
2026-08-26T17:25:46+00:00 GATE_SKIP id=OAFX0502 window=IS reason=SINGLE_SLEEVE_INFERIOR decision=SCREEN_OUT_SINGLE_SLEEVE net=62273.0 PF=1.4339 DD=18.3727%
2026-08-26T17:25:46+00:00 GATE_SKIP id=OAFX0503 window=IS reason=SINGLE_SLEEVE_INFERIOR decision=SCREEN_OUT_SINGLE_SLEEVE net=66334.0 PF=1.2429 DD=19.482%
2026-08-26T17:25:46+00:00 SKIP_EXISTING [504/900] id=OAFX0504 window=SCREEN_IS
2026-08-26T17:25:46+00:00 SKIP_EXISTING [505/900] id=OAFX0505 window=SCREEN_IS
2026-08-26T17:25:46+00:00 SKIP_EXISTING [506/900] id=OAFX0506 window=SCREEN_IS
2026-08-26T17:25:46+00:00 SKIP_EXISTING [507/900] id=OAFX0507 window=SCREEN_IS
2026-08-26T17:25:46+00:00 GATE_SKIP id=OAFX0504 window=IS reason=SINGLE_SLEEVE_INFERIOR decision=SCREEN_OUT_SINGLE_SLEEVE net=72760.0 PF=1.1698 DD=22.8497%
2026-08-26T17:25:46+00:00 GATE_SKIP id=OAFX0505 window=IS reason=SINGLE_SLEEVE_INFERIOR decision=SCREEN_OUT_SINGLE_SLEEVE net=31693.0 PF=1.3888 DD=20.9171%
2026-08-26T17:25:46+00:00 GATE_SKIP id=OAFX0506 window=IS reason=SINGLE_SLEEVE_INFERIOR decision=SCREEN_OUT_SINGLE_SLEEVE net=22873.0 PF=1.0936 DD=32.0056%
2026-08-26T17:25:46+00:00 GATE_SKIP id=OAFX0507 window=IS reason=SINGLE_SLEEVE_INFERIOR decision=SCREEN_OUT_SINGLE_SLEEVE net=44648.0 PF=1.1127 DD=22.7878%
2026-08-26T17:25:46+00:00 SKIP_EXISTING [508/900] id=OAFX0508 window=SCREEN_IS
2026-08-26T17:25:46+00:00 SKIP_EXISTING [509/900] id=OAFX0509 window=SCREEN_IS
2026-08-26T17:25:46+00:00 SKIP_EXISTING [510/900] id=OAFX0510 window=SCREEN_IS
2026-08-26T17:25:46+00:00 SKIP_EXISTING [511/900] id=OAFX0511 window=SCREEN_IS
2026-08-26T17:25:46+00:00 GATE_SKIP id=OAFX0508 window=IS reason=SINGLE_SLEEVE_INFERIOR decision=SCREEN_OUT_SINGLE_SLEEVE net=59604.0 PF=1.124 DD=24.7749%
2026-08-26T17:25:46+00:00 GATE_SKIP id=OAFX0509 window=IS reason=SINGLE_SLEEVE_INFERIOR decision=SCREEN_OUT_SINGLE_SLEEVE net=35143.0 PF=1.2676 DD=17.3446%
2026-08-26T17:25:46+00:00 GATE_SKIP id=OAFX0510 window=IS reason=SINGLE_SLEEVE_INFERIOR decision=SCREEN_OUT_SINGLE_SLEEVE net=49070.0 PF=1.166 DD=21.6989%
2026-08-26T17:25:46+00:00 GATE_SKIP id=OAFX0511 window=IS reason=SINGLE_SLEEVE_INFERIOR decision=SCREEN_OUT_SINGLE_SLEEVE net=84921.0 PF=1.2184 DD=19.5314%
2026-08-26T17:25:46+00:00 SCREEN_SKIP_EXISTING_FULLBOOK [512/900] id=OAFX0512 reason=existing fullbook IS retained
2026-08-26T17:25:46+00:00 SKIP_EXISTING [513/900] id=OAFX0513 window=SCREEN_IS
2026-08-26T17:25:46+00:00 SCREEN_SKIP_EXISTING_FULLBOOK [514/900] id=OAFX0514 reason=existing fullbook IS retained
2026-08-26T17:25:46+00:00 SCREEN_SKIP_EXISTING_FULLBOOK [515/900] id=OAFX0515 reason=existing fullbook IS retained
2026-08-26T17:25:46+00:00 SKIP_EXISTING [512/900] id=OAFX0512 window=IS
2026-08-26T17:25:46+00:00 GATE_SKIP id=OAFX0513 window=IS reason=SINGLE_SLEEVE_INFERIOR decision=SCREEN_OUT_SINGLE_SLEEVE net=34311.0 PF=1.2212 DD=23.2653%
2026-08-26T17:25:46+00:00 SKIP_EXISTING [514/900] id=OAFX0514 window=IS
2026-08-26T17:25:46+00:00 SKIP_EXISTING [515/900] id=OAFX0515 window=IS
2026-08-26T17:25:46+00:00 SKIP_EXISTING [512/900] id=OAFX0512 window=OOS
2026-08-26T17:25:46+00:00 SCREEN_SKIP_EXISTING_FULLBOOK [516/900] id=OAFX0516 reason=existing fullbook IS retained
2026-08-26T17:25:46+00:00 GATE_SKIP id=OAFX0514 window=OOS reason=IS_NOT_SURVIVOR decision=IS_REJECT net=275239.0 PF=1.4743 DD=39.5451%
2026-08-26T17:25:46+00:00 GATE_SKIP id=OAFX0515 window=OOS reason=IS_NOT_SURVIVOR decision=IS_REJECT net=296448.0 PF=1.4557 DD=41.6913%
2026-08-26T17:25:46+00:00 SKIP_EXISTING [517/900] id=OAFX0517 window=SCREEN_IS
2026-08-26T17:25:46+00:00 SKIP_EXISTING [516/900] id=OAFX0516 window=IS
2026-08-26T17:25:46+00:00 SCREEN_SKIP_EXISTING_FULLBOOK [518/900] id=OAFX0518 reason=existing fullbook IS retained
2026-08-26T17:25:46+00:00 SCREEN_SKIP_EXISTING_FULLBOOK [519/900] id=OAFX0519 reason=existing fullbook IS retained
2026-08-26T17:25:46+00:00 GATE_SKIP id=OAFX0517 window=IS reason=SINGLE_SLEEVE_INFERIOR decision=SCREEN_OUT_SINGLE_SLEEVE net=55492.0 PF=1.5706 DD=8.8157%
2026-08-26T17:25:46+00:00 GATE_SKIP id=OAFX0516 window=OOS reason=IS_NOT_SURVIVOR decision=IS_REJECT net=283608.0 PF=1.3857 DD=46.4736%
2026-08-26T17:25:46+00:00 SKIP_EXISTING [518/900] id=OAFX0518 window=IS
2026-08-26T17:25:46+00:00 SKIP_EXISTING [519/900] id=OAFX0519 window=IS
2026-08-26T17:25:46+00:00 SKIP_EXISTING [520/900] id=OAFX0520 window=SCREEN_IS
2026-08-26T17:25:46+00:00 SKIP_EXISTING [521/900] id=OAFX0521 window=SCREEN_IS
2026-08-26T17:25:46+00:00 GATE_SKIP id=OAFX0518 window=OOS reason=IS_NOT_SURVIVOR decision=IS_REJECT net=279786.0 PF=1.5676 DD=46.9652%
2026-08-26T17:25:46+00:00 GATE_SKIP id=OAFX0519 window=OOS reason=IS_NOT_SURVIVOR decision=IS_REJECT net=281435.0 PF=1.4882 DD=54.35%
2026-08-26T17:25:46+00:00 GATE_SKIP id=OAFX0520 window=IS reason=SINGLE_SLEEVE_INFERIOR decision=SCREEN_OUT_SINGLE_SLEEVE net=42938.0 PF=1.1284 DD=23.6924%
2026-08-26T17:25:46+00:00 GATE_SKIP id=OAFX0521 window=IS reason=SINGLE_SLEEVE_INFERIOR decision=SCREEN_OUT_SINGLE_SLEEVE net=12814.0 PF=1.1644 DD=25.2659%
2026-08-26T17:25:46+00:00 SKIP_EXISTING [522/900] id=OAFX0522 window=SCREEN_IS
2026-08-26T17:25:46+00:00 SKIP_EXISTING [523/900] id=OAFX0523 window=SCREEN_IS
2026-08-26T17:25:46+00:00 SKIP_EXISTING [524/900] id=OAFX0524 window=SCREEN_IS
2026-08-26T17:25:46+00:00 SKIP_EXISTING [525/900] id=OAFX0525 window=SCREEN_IS
2026-08-26T17:25:46+00:00 GATE_SKIP id=OAFX0522 window=IS reason=SINGLE_SLEEVE_INFERIOR decision=SCREEN_OUT_SINGLE_SLEEVE net=17052.0 PF=1.1082 DD=27.9204%
2026-08-26T17:25:46+00:00 GATE_SKIP id=OAFX0523 window=IS reason=SINGLE_SLEEVE_INFERIOR decision=SCREEN_OUT_SINGLE_SLEEVE net=1717.0 PF=1.0063 DD=40.3498%
2026-08-26T17:25:46+00:00 GATE_SKIP id=OAFX0524 window=IS reason=SINGLE_SLEEVE_INFERIOR decision=SCREEN_OUT_SINGLE_SLEEVE net=-2407.0 PF=0.9945 DD=36.9144%
2026-08-26T17:25:46+00:00 GATE_SKIP id=OAFX0525 window=IS reason=SINGLE_SLEEVE_INFERIOR decision=SCREEN_OUT_SINGLE_SLEEVE net=21361.0 PF=1.2779 DD=18.9811%
2026-08-26T17:25:46+00:00 SKIP_EXISTING [526/900] id=OAFX0526 window=SCREEN_IS
2026-08-26T17:25:46+00:00 SKIP_EXISTING [527/900] id=OAFX0527 window=SCREEN_IS
2026-08-26T17:25:46+00:00 SKIP_EXISTING [528/900] id=OAFX0528 window=SCREEN_IS
2026-08-26T17:25:46+00:00 SKIP_EXISTING [529/900] id=OAFX0529 window=SCREEN_IS
2026-08-26T17:25:46+00:00 GATE_SKIP id=OAFX0526 window=IS reason=SINGLE_SLEEVE_INFERIOR decision=SCREEN_OUT_SINGLE_SLEEVE net=20792.0 PF=1.1002 DD=30.2598%
2026-08-26T17:25:46+00:00 GATE_SKIP id=OAFX0527 window=IS reason=SINGLE_SLEEVE_INFERIOR decision=SCREEN_OUT_SINGLE_SLEEVE net=27639.0 PF=1.0744 DD=29.4576%
2026-08-26T17:25:46+00:00 GATE_SKIP id=OAFX0528 window=IS reason=SINGLE_SLEEVE_INFERIOR decision=SCREEN_OUT_SINGLE_SLEEVE net=74782.0 PF=1.1663 DD=25.4015%
2026-08-26T17:25:46+00:00 GATE_SKIP id=OAFX0529 window=IS reason=SINGLE_SLEEVE_INFERIOR decision=SCREEN_OUT_SINGLE_SLEEVE net=6673.0 PF=1.0475 DD=26.6672%
2026-08-26T17:25:46+00:00 SKIP_EXISTING [530/900] id=OAFX0530 window=SCREEN_IS
2026-08-26T17:25:46+00:00 SKIP_EXISTING [531/900] id=OAFX0531 window=SCREEN_IS
2026-08-26T17:25:46+00:00 SKIP_EXISTING [532/900] id=OAFX0532 window=SCREEN_IS
2026-08-26T17:25:46+00:00 SKIP_EXISTING [533/900] id=OAFX0533 window=SCREEN_IS
2026-08-26T17:25:46+00:00 GATE_SKIP id=OAFX0530 window=IS reason=SINGLE_SLEEVE_INFERIOR decision=SCREEN_OUT_SINGLE_SLEEVE net=8741.0 PF=1.0272 DD=39.765%
2026-08-26T17:25:46+00:00 GATE_SKIP id=OAFX0531 window=IS reason=SINGLE_SLEEVE_INFERIOR decision=SCREEN_OUT_SINGLE_SLEEVE net=72411.0 PF=1.1788 DD=31.4477%
2026-08-26T17:25:46+00:00 GATE_SKIP id=OAFX0532 window=IS reason=SINGLE_SLEEVE_INFERIOR decision=SCREEN_OUT_SINGLE_SLEEVE net=124122.0 PF=1.2729 DD=24.0942%
2026-08-26T17:25:46+00:00 GATE_SKIP id=OAFX0533 window=IS reason=SINGLE_SLEEVE_INFERIOR decision=SCREEN_OUT_SINGLE_SLEEVE net=15305.0 PF=1.0794 DD=27.6739%
2026-08-26T17:25:46+00:00 SKIP_EXISTING [534/900] id=OAFX0534 window=SCREEN_IS
2026-08-26T17:25:46+00:00 SCREEN_SKIP_EXISTING_FULLBOOK [535/900] id=OAFX0535 reason=existing fullbook IS retained
2026-08-26T17:25:46+00:00 SKIP_EXISTING [536/900] id=OAFX0536 window=SCREEN_IS
2026-08-26T17:25:46+00:00 SKIP_EXISTING [537/900] id=OAFX0537 window=SCREEN_IS
2026-08-26T17:25:46+00:00 GATE_SKIP id=OAFX0534 window=IS reason=SINGLE_SLEEVE_INFERIOR decision=SCREEN_OUT_SINGLE_SLEEVE net=81874.0 PF=1.2692 DD=23.4014%
2026-08-26T17:25:46+00:00 SKIP_EXISTING [535/900] id=OAFX0535 window=IS
2026-08-26T17:25:46+00:00 GATE_SKIP id=OAFX0536 window=IS reason=SINGLE_SLEEVE_INFERIOR decision=SCREEN_OUT_SINGLE_SLEEVE net=95145.0 PF=1.2042 DD=24.1188%
2026-08-26T17:25:46+00:00 GATE_SKIP id=OAFX0537 window=IS reason=SINGLE_SLEEVE_INFERIOR decision=SCREEN_OUT_SINGLE_SLEEVE net=72679.0 PF=1.7243 DD=8.148%
2026-08-26T17:25:46+00:00 SCREEN_SKIP_EXISTING_FULLBOOK [538/900] id=OAFX0538 reason=existing fullbook IS retained
2026-08-26T17:25:46+00:00 GATE_SKIP id=OAFX0535 window=OOS reason=IS_NOT_SURVIVOR decision=IS_REJECT net=300250.0 PF=1.4325 DD=52.2982%
2026-08-26T17:25:46+00:00 SCREEN_SKIP_EXISTING_FULLBOOK [539/900] id=OAFX0539 reason=existing fullbook IS retained
2026-08-26T17:25:46+00:00 SKIP_EXISTING [540/900] id=OAFX0540 window=SCREEN_IS
2026-08-26T17:25:46+00:00 SKIP_EXISTING [538/900] id=OAFX0538 window=IS
2026-08-26T17:25:46+00:00 SKIP_EXISTING [541/900] id=OAFX0541 window=SCREEN_IS
2026-08-26T17:25:46+00:00 SKIP_EXISTING [539/900] id=OAFX0539 window=IS
2026-08-26T17:25:46+00:00 GATE_SKIP id=OAFX0540 window=IS reason=SINGLE_SLEEVE_INFERIOR decision=SCREEN_OUT_SINGLE_SLEEVE net=55397.0 PF=1.1579 DD=18.9339%
2026-08-26T17:25:46+00:00 GATE_SKIP id=OAFX0538 window=OOS reason=IS_NOT_SURVIVOR decision=IS_REJECT net=276922.0 PF=1.5521 DD=42.4751%
2026-08-26T17:25:46+00:00 GATE_SKIP id=OAFX0541 window=IS reason=SINGLE_SLEEVE_INFERIOR decision=SCREEN_OUT_SINGLE_SLEEVE net=33506.0 PF=1.5233 DD=19.6862%
2026-08-26T17:25:46+00:00 GATE_SKIP id=OAFX0539 window=OOS reason=IS_NOT_SURVIVOR decision=IS_REJECT net=277543.0 PF=1.4659 DD=46.8712%
2026-08-26T17:25:46+00:00 SKIP_EXISTING [542/900] id=OAFX0542 window=SCREEN_IS
2026-08-26T17:25:46+00:00 SKIP_EXISTING [543/900] id=OAFX0543 window=SCREEN_IS
2026-08-26T17:25:46+00:00 SKIP_EXISTING [544/900] id=OAFX0544 window=SCREEN_IS
2026-08-26T17:25:46+00:00 SKIP_EXISTING [545/900] id=OAFX0545 window=SCREEN_IS
2026-08-26T17:25:46+00:00 GATE_SKIP id=OAFX0542 window=IS reason=SINGLE_SLEEVE_INFERIOR decision=SCREEN_OUT_SINGLE_SLEEVE net=25525.0 PF=1.1859 DD=23.5955%
2026-08-26T17:25:46+00:00 GATE_SKIP id=OAFX0543 window=IS reason=SINGLE_SLEEVE_INFERIOR decision=SCREEN_OUT_SINGLE_SLEEVE net=13213.0 PF=1.0537 DD=33.6234%
2026-08-26T17:25:46+00:00 GATE_SKIP id=OAFX0544 window=IS reason=SINGLE_SLEEVE_INFERIOR decision=SCREEN_OUT_SINGLE_SLEEVE net=16649.0 PF=1.0446 DD=36.8728%
2026-08-26T17:25:46+00:00 GATE_SKIP id=OAFX0545 window=IS reason=SINGLE_SLEEVE_INFERIOR decision=SCREEN_OUT_SINGLE_SLEEVE net=10789.0 PF=1.135 DD=19.1954%
2026-08-26T17:25:46+00:00 SKIP_EXISTING [546/900] id=OAFX0546 window=SCREEN_IS
2026-08-26T17:25:46+00:00 SKIP_EXISTING [547/900] id=OAFX0547 window=SCREEN_IS
2026-08-26T17:25:46+00:00 SKIP_EXISTING [548/900] id=OAFX0548 window=SCREEN_IS
2026-08-26T17:25:46+00:00 SKIP_EXISTING [549/900] id=OAFX0549 window=SCREEN_IS
2026-08-26T17:25:46+00:00 GATE_SKIP id=OAFX0546 window=IS reason=SINGLE_SLEEVE_INFERIOR decision=SCREEN_OUT_SINGLE_SLEEVE net=2132.0 PF=1.0103 DD=27.9224%
2026-08-26T17:25:46+00:00 GATE_SKIP id=OAFX0547 window=IS reason=SINGLE_SLEEVE_INFERIOR decision=SCREEN_OUT_SINGLE_SLEEVE net=-9330.0 PF=0.9733 DD=41.1054%
2026-08-26T17:25:46+00:00 GATE_SKIP id=OAFX0548 window=IS reason=SINGLE_SLEEVE_INFERIOR decision=SCREEN_OUT_SINGLE_SLEEVE net=15582.0 PF=1.0351 DD=31.2823%
2026-08-26T17:25:46+00:00 GATE_SKIP id=OAFX0549 window=IS reason=SINGLE_SLEEVE_INFERIOR decision=SCREEN_OUT_SINGLE_SLEEVE net=10169.0 PF=1.0813 DD=25.3048%
2026-08-26T17:25:46+00:00 SKIP_EXISTING [550/900] id=OAFX0550 window=SCREEN_IS
2026-08-26T17:25:46+00:00 SKIP_EXISTING [551/900] id=OAFX0551 window=SCREEN_IS
2026-08-26T17:25:46+00:00 SCREEN_SKIP_EXISTING_FULLBOOK [552/900] id=OAFX0552 reason=existing fullbook IS retained
2026-08-26T17:25:46+00:00 SKIP_EXISTING [553/900] id=OAFX0553 window=SCREEN_IS
2026-08-26T17:25:46+00:00 GATE_SKIP id=OAFX0550 window=IS reason=SINGLE_SLEEVE_INFERIOR decision=SCREEN_OUT_SINGLE_SLEEVE net=18298.0 PF=1.0634 DD=33.1755%
2026-08-26T17:25:46+00:00 GATE_SKIP id=OAFX0551 window=IS reason=SINGLE_SLEEVE_INFERIOR decision=SCREEN_OUT_SINGLE_SLEEVE net=62793.0 PF=1.1624 DD=22.6045%
2026-08-26T17:25:46+00:00 SKIP_EXISTING [552/900] id=OAFX0552 window=IS
2026-08-26T17:25:46+00:00 GATE_SKIP id=OAFX0553 window=IS reason=SINGLE_SLEEVE_INFERIOR decision=SCREEN_OUT_SINGLE_SLEEVE net=10184.0 PF=1.0585 DD=22.3734%
2026-08-26T17:25:46+00:00 SKIP_EXISTING [554/900] id=OAFX0554 window=SCREEN_IS
2026-08-26T17:25:46+00:00 SKIP_EXISTING [555/900] id=OAFX0555 window=SCREEN_IS
2026-08-26T17:25:46+00:00 GATE_SKIP id=OAFX0552 window=OOS reason=IS_NOT_SURVIVOR decision=IS_REJECT net=307455.0 PF=1.4085 DD=42.5187%
2026-08-26T17:25:46+00:00 SKIP_EXISTING [556/900] id=OAFX0556 window=SCREEN_IS
2026-08-26T17:25:46+00:00 GATE_SKIP id=OAFX0554 window=IS reason=SINGLE_SLEEVE_INFERIOR decision=SCREEN_OUT_SINGLE_SLEEVE net=53017.0 PF=1.1792 DD=19.3368%
2026-08-26T17:25:46+00:00 GATE_SKIP id=OAFX0555 window=IS reason=SINGLE_SLEEVE_INFERIOR decision=SCREEN_OUT_SINGLE_SLEEVE net=76531.0 PF=1.204 DD=23.419%
2026-08-26T17:25:46+00:00 SKIP_EXISTING [557/900] id=OAFX0557 window=SCREEN_IS
2026-08-26T17:25:46+00:00 GATE_SKIP id=OAFX0556 window=IS reason=SINGLE_SLEEVE_INFERIOR decision=SCREEN_OUT_SINGLE_SLEEVE net=80067.0 PF=1.1813 DD=27.3011%
2026-08-26T17:25:46+00:00 SKIP_EXISTING [558/900] id=OAFX0558 window=SCREEN_IS
2026-08-26T17:25:46+00:00 SKIP_EXISTING [559/900] id=OAFX0559 window=SCREEN_IS
2026-08-26T17:25:46+00:00 GATE_SKIP id=OAFX0557 window=IS reason=SINGLE_SLEEVE_INFERIOR decision=SCREEN_OUT_SINGLE_SLEEVE net=43008.0 PF=1.3807 DD=10.6229%
2026-08-26T17:25:46+00:00 SKIP_EXISTING [560/900] id=OAFX0560 window=SCREEN_IS
2026-08-26T17:25:46+00:00 GATE_SKIP id=OAFX0558 window=IS reason=SINGLE_SLEEVE_INFERIOR decision=SCREEN_OUT_SINGLE_SLEEVE net=76651.0 PF=1.3569 DD=20.3344%
2026-08-26T17:25:46+00:00 GATE_SKIP id=OAFX0559 window=IS reason=SINGLE_SLEEVE_INFERIOR decision=SCREEN_OUT_SINGLE_SLEEVE net=79352.0 PF=1.263 DD=34.4621%
2026-08-26T17:25:46+00:00 SKIP_EXISTING [561/900] id=OAFX0561 window=SCREEN_IS
2026-08-26T17:25:46+00:00 GATE_SKIP id=OAFX0560 window=IS reason=SINGLE_SLEEVE_INFERIOR decision=SCREEN_OUT_SINGLE_SLEEVE net=43585.0 PF=1.1175 DD=48.5924%
2026-08-26T17:25:46+00:00 SKIP_EXISTING [562/900] id=OAFX0562 window=SCREEN_IS
2026-08-26T17:25:46+00:00 SKIP_EXISTING [563/900] id=OAFX0563 window=SCREEN_IS
2026-08-26T17:25:46+00:00 GATE_SKIP id=OAFX0561 window=IS reason=SINGLE_SLEEVE_INFERIOR decision=SCREEN_OUT_SINGLE_SLEEVE net=35311.0 PF=1.6752 DD=9.8585%
2026-08-26T17:25:46+00:00 SKIP_EXISTING [564/900] id=OAFX0564 window=SCREEN_IS
2026-08-26T17:25:46+00:00 GATE_SKIP id=OAFX0562 window=IS reason=SINGLE_SLEEVE_INFERIOR decision=SCREEN_OUT_SINGLE_SLEEVE net=-15495.0 PF=0.8957 DD=44.6651%
2026-08-26T17:25:46+00:00 GATE_SKIP id=OAFX0563 window=IS reason=SINGLE_SLEEVE_INFERIOR decision=SCREEN_OUT_SINGLE_SLEEVE net=-59979.0 PF=0.7645 DD=83.0192%
2026-08-26T17:25:46+00:00 SKIP_EXISTING [565/900] id=OAFX0565 window=SCREEN_IS
2026-08-26T17:25:46+00:00 GATE_SKIP id=OAFX0564 window=IS reason=SINGLE_SLEEVE_INFERIOR decision=SCREEN_OUT_SINGLE_SLEEVE net=-28403.0 PF=0.9222 DD=63.6572%
2026-08-26T17:25:46+00:00 SKIP_EXISTING [566/900] id=OAFX0566 window=SCREEN_IS
2026-08-26T17:25:46+00:00 SKIP_EXISTING [567/900] id=OAFX0567 window=SCREEN_IS
2026-08-26T17:25:46+00:00 GATE_SKIP id=OAFX0565 window=IS reason=SINGLE_SLEEVE_INFERIOR decision=SCREEN_OUT_SINGLE_SLEEVE net=2244.0 PF=1.0267 DD=27.9508%
2026-08-26T17:25:46+00:00 SKIP_EXISTING [568/900] id=OAFX0568 window=SCREEN_IS
2026-08-26T17:25:46+00:00 GATE_SKIP id=OAFX0566 window=IS reason=SINGLE_SLEEVE_INFERIOR decision=SCREEN_OUT_SINGLE_SLEEVE net=-31758.0 PF=0.8536 DD=60.1833%
2026-08-26T17:25:46+00:00 GATE_SKIP id=OAFX0567 window=IS reason=SINGLE_SLEEVE_INFERIOR decision=SCREEN_OUT_SINGLE_SLEEVE net=8160.0 PF=1.024 DD=41.668%
2026-08-26T17:25:46+00:00 SKIP_EXISTING [569/900] id=OAFX0569 window=SCREEN_IS
2026-08-26T17:25:46+00:00 GATE_SKIP id=OAFX0568 window=IS reason=SINGLE_SLEEVE_INFERIOR decision=SCREEN_OUT_SINGLE_SLEEVE net=49854.0 PF=1.1252 DD=31.0367%
2026-08-26T17:25:46+00:00 SKIP_EXISTING [570/900] id=OAFX0570 window=SCREEN_IS
2026-08-26T17:25:46+00:00 SKIP_EXISTING [571/900] id=OAFX0571 window=SCREEN_IS
2026-08-26T17:25:46+00:00 GATE_SKIP id=OAFX0569 window=IS reason=SINGLE_SLEEVE_INFERIOR decision=SCREEN_OUT_SINGLE_SLEEVE net=-10610.0 PF=0.9284 DD=37.6278%
2026-08-26T17:25:46+00:00 SKIP_EXISTING [572/900] id=OAFX0572 window=SCREEN_IS
2026-08-26T17:25:46+00:00 GATE_SKIP id=OAFX0570 window=IS reason=SINGLE_SLEEVE_INFERIOR decision=SCREEN_OUT_SINGLE_SLEEVE net=37016.0 PF=1.1236 DD=30.836%
2026-08-26T17:25:46+00:00 GATE_SKIP id=OAFX0571 window=IS reason=SINGLE_SLEEVE_INFERIOR decision=SCREEN_OUT_SINGLE_SLEEVE net=84883.0 PF=1.2277 DD=21.9492%
2026-08-26T17:25:46+00:00 SKIP_EXISTING [573/900] id=OAFX0573 window=SCREEN_IS
2026-08-26T17:25:46+00:00 GATE_SKIP id=OAFX0572 window=IS reason=SINGLE_SLEEVE_INFERIOR decision=SCREEN_OUT_SINGLE_SLEEVE net=89410.0 PF=1.2107 DD=23.0233%
2026-08-26T17:25:46+00:00 SCREEN_SKIP_EXISTING_FULLBOOK [574/900] id=OAFX0574 reason=existing fullbook IS retained
2026-08-26T17:25:46+00:00 SKIP_EXISTING [575/900] id=OAFX0575 window=SCREEN_IS
2026-08-26T17:25:46+00:00 GATE_SKIP id=OAFX0573 window=IS reason=SINGLE_SLEEVE_INFERIOR decision=SCREEN_OUT_SINGLE_SLEEVE net=11552.0 PF=1.0619 DD=20.7998%
2026-08-26T17:25:46+00:00 SKIP_EXISTING [576/900] id=OAFX0576 window=SCREEN_IS
2026-08-26T17:25:46+00:00 SKIP_EXISTING [574/900] id=OAFX0574 window=IS
2026-08-26T17:25:46+00:00 GATE_SKIP id=OAFX0575 window=IS reason=SINGLE_SLEEVE_INFERIOR decision=SCREEN_OUT_SINGLE_SLEEVE net=69979.0 PF=1.1859 DD=24.1145%
2026-08-26T17:25:46+00:00 SKIP_EXISTING [577/900] id=OAFX0577 window=SCREEN_IS
2026-08-26T17:25:46+00:00 GATE_SKIP id=OAFX0576 window=IS reason=SINGLE_SLEEVE_INFERIOR decision=SCREEN_OUT_SINGLE_SLEEVE net=54722.0 PF=1.1188 DD=26.6669%
2026-08-26T17:25:46+00:00 GATE_SKIP id=OAFX0574 window=OOS reason=IS_NOT_SURVIVOR decision=IS_REJECT net=272674.0 PF=1.4511 DD=37.2799%
2026-08-26T17:25:46+00:00 SKIP_EXISTING [578/900] id=OAFX0578 window=SCREEN_IS
2026-08-26T17:25:46+00:00 GATE_SKIP id=OAFX0577 window=IS reason=SINGLE_SLEEVE_INFERIOR decision=SCREEN_OUT_SINGLE_SLEEVE net=26873.0 PF=1.2255 DD=17.4965%
2026-08-26T17:25:46+00:00 SKIP_EXISTING [579/900] id=OAFX0579 window=SCREEN_IS
2026-08-26T17:25:46+00:00 SKIP_EXISTING [580/900] id=OAFX0580 window=SCREEN_IS
2026-08-26T17:25:46+00:00 GATE_SKIP id=OAFX0578 window=IS reason=SINGLE_SLEEVE_INFERIOR decision=SCREEN_OUT_SINGLE_SLEEVE net=11415.0 PF=1.0511 DD=40.5453%
2026-08-26T17:25:46+00:00 SKIP_EXISTING [581/900] id=OAFX0581 window=SCREEN_IS
2026-08-26T17:25:46+00:00 GATE_SKIP id=OAFX0579 window=IS reason=SINGLE_SLEEVE_INFERIOR decision=SCREEN_OUT_SINGLE_SLEEVE net=13722.0 PF=1.0428 DD=34.1476%
2026-08-26T17:25:46+00:00 GATE_SKIP id=OAFX0580 window=IS reason=SINGLE_SLEEVE_INFERIOR decision=SCREEN_OUT_SINGLE_SLEEVE net=-13501.0 PF=0.9657 DD=56.0131%
2026-08-26T17:25:46+00:00 SKIP_EXISTING [582/900] id=OAFX0582 window=SCREEN_IS
2026-08-26T17:25:46+00:00 GATE_SKIP id=OAFX0581 window=IS reason=SINGLE_SLEEVE_INFERIOR decision=SCREEN_OUT_SINGLE_SLEEVE net=8730.0 PF=1.159 DD=10.5138%
2026-08-26T17:25:46+00:00 SKIP_EXISTING [583/900] id=OAFX0583 window=SCREEN_IS
2026-08-26T17:25:46+00:00 SKIP_EXISTING [584/900] id=OAFX0584 window=SCREEN_IS
2026-08-26T17:25:46+00:00 GATE_SKIP id=OAFX0582 window=IS reason=SINGLE_SLEEVE_INFERIOR decision=SCREEN_OUT_SINGLE_SLEEVE net=-14150.0 PF=0.8607 DD=36.1812%
2026-08-26T17:25:46+00:00 SKIP_EXISTING [585/900] id=OAFX0585 window=SCREEN_IS
2026-08-26T17:25:46+00:00 GATE_SKIP id=OAFX0583 window=IS reason=SINGLE_SLEEVE_INFERIOR decision=SCREEN_OUT_SINGLE_SLEEVE net=-15779.0 PF=0.9017 DD=43.6552%
2026-08-26T17:25:46+00:00 GATE_SKIP id=OAFX0584 window=IS reason=SINGLE_SLEEVE_INFERIOR decision=SCREEN_OUT_SINGLE_SLEEVE net=-34581.0 PF=0.8632 DD=59.8444%
2026-08-26T17:25:46+00:00 SKIP_EXISTING [586/900] id=OAFX0586 window=SCREEN_IS
2026-08-26T17:25:46+00:00 GATE_SKIP id=OAFX0585 window=IS reason=SINGLE_SLEEVE_INFERIOR decision=SCREEN_OUT_SINGLE_SLEEVE net=14462.0 PF=1.3039 DD=18.5479%
2026-08-26T17:25:46+00:00 SKIP_EXISTING [587/900] id=OAFX0587 window=SCREEN_IS
2026-08-26T17:25:46+00:00 SKIP_EXISTING [588/900] id=OAFX0588 window=SCREEN_IS
2026-08-26T17:25:46+00:00 GATE_SKIP id=OAFX0586 window=IS reason=SINGLE_SLEEVE_INFERIOR decision=SCREEN_OUT_SINGLE_SLEEVE net=23814.0 PF=1.1838 DD=16.849%
2026-08-26T17:25:46+00:00 SKIP_EXISTING [589/900] id=OAFX0589 window=SCREEN_IS
2026-08-26T17:25:46+00:00 GATE_SKIP id=OAFX0587 window=IS reason=SINGLE_SLEEVE_INFERIOR decision=SCREEN_OUT_SINGLE_SLEEVE net=8928.0 PF=1.037 DD=55.14%
2026-08-26T17:25:46+00:00 GATE_SKIP id=OAFX0588 window=IS reason=SINGLE_SLEEVE_INFERIOR decision=SCREEN_OUT_SINGLE_SLEEVE net=2433.0 PF=1.0079 DD=57.1568%
2026-08-26T17:25:46+00:00 SKIP_EXISTING [590/900] id=OAFX0590 window=SCREEN_IS
2026-08-26T17:25:46+00:00 GATE_SKIP id=OAFX0589 window=IS reason=SINGLE_SLEEVE_INFERIOR decision=SCREEN_OUT_SINGLE_SLEEVE net=11781.0 PF=1.0979 DD=31.8607%
2026-08-26T17:25:46+00:00 SKIP_EXISTING [591/900] id=OAFX0591 window=SCREEN_IS
2026-08-26T17:25:46+00:00 SKIP_EXISTING [592/900] id=OAFX0592 window=SCREEN_IS
2026-08-26T17:25:46+00:00 GATE_SKIP id=OAFX0590 window=IS reason=SINGLE_SLEEVE_INFERIOR decision=SCREEN_OUT_SINGLE_SLEEVE net=-356.0 PF=0.9987 DD=45.1889%
2026-08-26T17:25:46+00:00 SKIP_EXISTING [593/900] id=OAFX0593 window=SCREEN_IS
2026-08-26T17:25:46+00:00 GATE_SKIP id=OAFX0591 window=IS reason=SINGLE_SLEEVE_INFERIOR decision=SCREEN_OUT_SINGLE_SLEEVE net=-1132.0 PF=0.9968 DD=47.2661%
2026-08-26T17:25:46+00:00 GATE_SKIP id=OAFX0592 window=IS reason=SINGLE_SLEEVE_INFERIOR decision=SCREEN_OUT_SINGLE_SLEEVE net=33554.0 PF=1.085 DD=38.4243%
2026-08-26T17:25:46+00:00 SKIP_EXISTING [594/900] id=OAFX0594 window=SCREEN_IS
2026-08-26T17:25:46+00:00 GATE_SKIP id=OAFX0593 window=IS reason=SINGLE_SLEEVE_INFERIOR decision=SCREEN_OUT_SINGLE_SLEEVE net=-35222.0 PF=0.8275 DD=60.6122%
2026-08-26T17:25:46+00:00 SKIP_EXISTING [595/900] id=OAFX0595 window=SCREEN_IS
2026-08-26T17:25:46+00:00 SKIP_EXISTING [596/900] id=OAFX0596 window=SCREEN_IS
2026-08-26T17:25:46+00:00 GATE_SKIP id=OAFX0594 window=IS reason=SINGLE_SLEEVE_INFERIOR decision=SCREEN_OUT_SINGLE_SLEEVE net=-17811.0 PF=0.9449 DD=50.0955%
2026-08-26T17:25:46+00:00 SKIP_EXISTING [597/900] id=OAFX0597 window=SCREEN_IS
2026-08-26T17:25:46+00:00 GATE_SKIP id=OAFX0595 window=IS reason=SINGLE_SLEEVE_INFERIOR decision=SCREEN_OUT_SINGLE_SLEEVE net=-10069.0 PF=0.9748 DD=45.009%
2026-08-26T17:25:46+00:00 GATE_SKIP id=OAFX0596 window=IS reason=SINGLE_SLEEVE_INFERIOR decision=SCREEN_OUT_SINGLE_SLEEVE net=-62628.0 PF=0.8671 DD=82.4465%
2026-08-26T17:25:46+00:00 SKIP_EXISTING [598/900] id=OAFX0598 window=SCREEN_IS
2026-08-26T17:25:46+00:00 GATE_SKIP id=OAFX0597 window=IS reason=SINGLE_SLEEVE_INFERIOR decision=SCREEN_OUT_SINGLE_SLEEVE net=41730.0 PF=1.3352 DD=17.7881%
2026-08-26T17:25:46+00:00 SKIP_EXISTING [599/900] id=OAFX0599 window=SCREEN_IS
2026-08-26T17:25:46+00:00 SKIP_EXISTING [600/900] id=OAFX0600 window=SCREEN_IS
2026-08-26T17:25:46+00:00 GATE_SKIP id=OAFX0598 window=IS reason=SINGLE_SLEEVE_INFERIOR decision=SCREEN_OUT_SINGLE_SLEEVE net=54024.0 PF=1.2244 DD=21.8526%
2026-08-26T17:25:46+00:00 SKIP_EXISTING [601/900] id=OAFX0601 window=SCREEN_IS
2026-08-26T17:25:46+00:00 GATE_SKIP id=OAFX0599 window=IS reason=SINGLE_SLEEVE_INFERIOR decision=SCREEN_OUT_SINGLE_SLEEVE net=19948.0 PF=1.057 DD=38.5452%
2026-08-26T17:25:46+00:00 GATE_SKIP id=OAFX0600 window=IS reason=SINGLE_SLEEVE_INFERIOR decision=SCREEN_OUT_SINGLE_SLEEVE net=-15438.0 PF=0.9639 DD=64.6541%
2026-08-26T17:25:46+00:00 SKIP_EXISTING [602/900] id=OAFX0602 window=SCREEN_IS
2026-08-26T17:25:46+00:00 GATE_SKIP id=OAFX0601 window=IS reason=SINGLE_SLEEVE_INFERIOR decision=SCREEN_OUT_SINGLE_SLEEVE net=50300.0 PF=1.2264 DD=17.0886%
2026-08-26T17:25:46+00:00 SKIP_EXISTING [603/900] id=OAFX0603 window=SCREEN_IS
2026-08-26T17:25:46+00:00 SKIP_EXISTING [604/900] id=OAFX0604 window=SCREEN_IS
2026-08-26T17:25:46+00:00 GATE_SKIP id=OAFX0602 window=IS reason=SINGLE_SLEEVE_INFERIOR decision=SCREEN_OUT_SINGLE_SLEEVE net=66502.0 PF=1.2963 DD=12.9573%
2026-08-26T17:25:46+00:00 SKIP_EXISTING [605/900] id=OAFX0605 window=SCREEN_IS
2026-08-26T17:25:46+00:00 GATE_SKIP id=OAFX0603 window=IS reason=SINGLE_SLEEVE_INFERIOR decision=SCREEN_OUT_SINGLE_SLEEVE net=33511.0 PF=1.123 DD=19.2485%
2026-08-26T17:25:46+00:00 GATE_SKIP id=OAFX0604 window=IS reason=SINGLE_SLEEVE_INFERIOR decision=SCREEN_OUT_SINGLE_SLEEVE net=46558.0 PF=1.1655 DD=19.6255%
2026-08-26T17:25:46+00:00 SKIP_EXISTING [606/900] id=OAFX0606 window=SCREEN_IS
2026-08-26T17:25:46+00:00 GATE_SKIP id=OAFX0605 window=IS reason=SINGLE_SLEEVE_INFERIOR decision=SCREEN_OUT_SINGLE_SLEEVE net=34696.0 PF=1.1034 DD=17.5827%
2026-08-26T17:25:46+00:00 SKIP_EXISTING [607/900] id=OAFX0607 window=SCREEN_IS
2026-08-26T17:25:46+00:00 SKIP_EXISTING [608/900] id=OAFX0608 window=SCREEN_IS
2026-08-26T17:25:46+00:00 GATE_SKIP id=OAFX0606 window=IS reason=SINGLE_SLEEVE_INFERIOR decision=SCREEN_OUT_SINGLE_SLEEVE net=55102.0 PF=1.1545 DD=18.1669%
2026-08-26T17:25:46+00:00 SKIP_EXISTING [609/900] id=OAFX0609 window=SCREEN_IS
2026-08-26T17:25:46+00:00 GATE_SKIP id=OAFX0607 window=IS reason=SINGLE_SLEEVE_INFERIOR decision=SCREEN_OUT_SINGLE_SLEEVE net=36824.0 PF=1.1078 DD=18.129%
2026-08-26T17:25:46+00:00 GATE_SKIP id=OAFX0608 window=IS reason=SINGLE_SLEEVE_INFERIOR decision=SCREEN_OUT_SINGLE_SLEEVE net=57253.0 PF=1.157 DD=17.7854%
2026-08-26T17:25:46+00:00 SKIP_EXISTING [610/900] id=OAFX0610 window=SCREEN_IS
2026-08-26T17:25:46+00:00 GATE_SKIP id=OAFX0609 window=IS reason=SINGLE_SLEEVE_INFERIOR decision=SCREEN_OUT_SINGLE_SLEEVE net=34414.0 PF=1.0993 DD=26.4561%
2026-08-26T17:25:46+00:00 SKIP_EXISTING [611/900] id=OAFX0611 window=SCREEN_IS
2026-08-26T17:25:46+00:00 SKIP_EXISTING [612/900] id=OAFX0612 window=SCREEN_IS
2026-08-26T17:25:46+00:00 GATE_SKIP id=OAFX0610 window=IS reason=SINGLE_SLEEVE_INFERIOR decision=SCREEN_OUT_SINGLE_SLEEVE net=65616.0 PF=1.1797 DD=20.8159%
2026-08-26T17:25:46+00:00 SKIP_EXISTING [613/900] id=OAFX0613 window=SCREEN_IS
2026-08-26T17:25:46+00:00 GATE_SKIP id=OAFX0611 window=IS reason=SINGLE_SLEEVE_INFERIOR decision=SCREEN_OUT_SINGLE_SLEEVE net=62071.0 PF=1.2788 DD=15.1784%
2026-08-26T17:25:46+00:00 GATE_SKIP id=OAFX0612 window=IS reason=SINGLE_SLEEVE_INFERIOR decision=SCREEN_OUT_SINGLE_SLEEVE net=73567.0 PF=1.3278 DD=11.9153%
2026-08-26T17:25:46+00:00 SKIP_EXISTING [614/900] id=OAFX0614 window=SCREEN_IS
2026-08-26T17:25:46+00:00 GATE_SKIP id=OAFX0613 window=IS reason=SINGLE_SLEEVE_INFERIOR decision=SCREEN_OUT_SINGLE_SLEEVE net=44483.0 PF=1.1629 DD=17.0548%
2026-08-26T17:25:46+00:00 SKIP_EXISTING [615/900] id=OAFX0615 window=SCREEN_IS
2026-08-26T17:25:46+00:00 SKIP_EXISTING [616/900] id=OAFX0616 window=SCREEN_IS
2026-08-26T17:25:46+00:00 GATE_SKIP id=OAFX0614 window=IS reason=SINGLE_SLEEVE_INFERIOR decision=SCREEN_OUT_SINGLE_SLEEVE net=58247.0 PF=1.2069 DD=18.9267%
2026-08-26T17:25:46+00:00 SKIP_EXISTING [617/900] id=OAFX0617 window=SCREEN_IS
2026-08-26T17:25:46+00:00 GATE_SKIP id=OAFX0615 window=IS reason=SINGLE_SLEEVE_INFERIOR decision=SCREEN_OUT_SINGLE_SLEEVE net=50254.0 PF=1.1479 DD=16.0594%
2026-08-26T17:25:46+00:00 GATE_SKIP id=OAFX0616 window=IS reason=SINGLE_SLEEVE_INFERIOR decision=SCREEN_OUT_SINGLE_SLEEVE net=61943.0 PF=1.1732 DD=16.5706%
2026-08-26T17:25:46+00:00 SKIP_EXISTING [618/900] id=OAFX0618 window=SCREEN_IS
2026-08-26T17:25:46+00:00 GATE_SKIP id=OAFX0617 window=IS reason=SINGLE_SLEEVE_INFERIOR decision=SCREEN_OUT_SINGLE_SLEEVE net=47797.0 PF=1.1379 DD=18.5902%
2026-08-26T17:25:46+00:00 SKIP_EXISTING [619/900] id=OAFX0619 window=SCREEN_IS
2026-08-26T17:25:46+00:00 SKIP_EXISTING [620/900] id=OAFX0620 window=SCREEN_IS
2026-08-26T17:25:46+00:00 GATE_SKIP id=OAFX0618 window=IS reason=SINGLE_SLEEVE_INFERIOR decision=SCREEN_OUT_SINGLE_SLEEVE net=69633.0 PF=1.1898 DD=16.3947%
2026-08-26T17:25:46+00:00 SKIP_EXISTING [621/900] id=OAFX0621 window=SCREEN_IS
2026-08-26T17:25:46+00:00 GATE_SKIP id=OAFX0619 window=IS reason=SINGLE_SLEEVE_INFERIOR decision=SCREEN_OUT_SINGLE_SLEEVE net=48244.0 PF=1.1371 DD=21.7185%
2026-08-26T17:25:46+00:00 GATE_SKIP id=OAFX0620 window=IS reason=SINGLE_SLEEVE_INFERIOR decision=SCREEN_OUT_SINGLE_SLEEVE net=71925.0 PF=1.1959 DD=19.5901%
2026-08-26T17:25:46+00:00 SKIP_EXISTING [622/900] id=OAFX0622 window=SCREEN_IS
2026-08-26T17:25:46+00:00 GATE_SKIP id=OAFX0621 window=IS reason=SINGLE_SLEEVE_INFERIOR decision=SCREEN_OUT_SINGLE_SLEEVE net=69981.0 PF=1.3142 DD=14.5831%
2026-08-26T17:25:46+00:00 SKIP_EXISTING [623/900] id=OAFX0623 window=SCREEN_IS
2026-08-26T17:25:46+00:00 SKIP_EXISTING [624/900] id=OAFX0624 window=SCREEN_IS
2026-08-26T17:25:46+00:00 GATE_SKIP id=OAFX0622 window=IS reason=SINGLE_SLEEVE_INFERIOR decision=SCREEN_OUT_SINGLE_SLEEVE net=61803.0 PF=1.2746 DD=12.3076%
2026-08-26T17:25:46+00:00 SKIP_EXISTING [625/900] id=OAFX0625 window=SCREEN_IS
2026-08-26T17:25:46+00:00 GATE_SKIP id=OAFX0623 window=IS reason=SINGLE_SLEEVE_INFERIOR decision=SCREEN_OUT_SINGLE_SLEEVE net=52530.0 PF=1.1918 DD=17.0873%
2026-08-26T17:25:46+00:00 GATE_SKIP id=OAFX0624 window=IS reason=SINGLE_SLEEVE_INFERIOR decision=SCREEN_OUT_SINGLE_SLEEVE net=67147.0 PF=1.2378 DD=18.683%
2026-08-26T17:25:46+00:00 SKIP_EXISTING [626/900] id=OAFX0626 window=SCREEN_IS
2026-08-26T17:25:47+00:00 GATE_SKIP id=OAFX0625 window=IS reason=SINGLE_SLEEVE_INFERIOR decision=SCREEN_OUT_SINGLE_SLEEVE net=63163.0 PF=1.185 DD=15.3668%
2026-08-26T17:25:47+00:00 SKIP_EXISTING [627/900] id=OAFX0627 window=SCREEN_IS
2026-08-26T17:25:47+00:00 SKIP_EXISTING [628/900] id=OAFX0628 window=SCREEN_IS
2026-08-26T17:25:47+00:00 GATE_SKIP id=OAFX0626 window=IS reason=SINGLE_SLEEVE_INFERIOR decision=SCREEN_OUT_SINGLE_SLEEVE net=69170.0 PF=1.1926 DD=16.5062%
2026-08-26T17:25:47+00:00 SKIP_EXISTING [629/900] id=OAFX0629 window=SCREEN_IS
2026-08-26T17:25:47+00:00 GATE_SKIP id=OAFX0627 window=IS reason=SINGLE_SLEEVE_INFERIOR decision=SCREEN_OUT_SINGLE_SLEEVE net=63108.0 PF=1.1811 DD=16.2437%
2026-08-26T17:25:47+00:00 GATE_SKIP id=OAFX0628 window=IS reason=SINGLE_SLEEVE_INFERIOR decision=SCREEN_OUT_SINGLE_SLEEVE net=73055.0 PF=1.1979 DD=18.7551%
2026-08-26T17:25:47+00:00 SKIP_EXISTING [630/900] id=OAFX0630 window=SCREEN_IS
2026-08-26T17:25:47+00:00 GATE_SKIP id=OAFX0629 window=IS reason=SINGLE_SLEEVE_INFERIOR decision=SCREEN_OUT_SINGLE_SLEEVE net=61891.0 PF=1.1751 DD=19.9205%
2026-08-26T17:25:47+00:00 SKIP_EXISTING [631/900] id=OAFX0631 window=SCREEN_IS
2026-08-26T17:25:47+00:00 SKIP_EXISTING [632/900] id=OAFX0632 window=SCREEN_IS
2026-08-26T17:25:47+00:00 GATE_SKIP id=OAFX0630 window=IS reason=SINGLE_SLEEVE_INFERIOR decision=SCREEN_OUT_SINGLE_SLEEVE net=70906.0 PF=1.1918 DD=19.1416%
2026-08-26T17:25:47+00:00 SKIP_EXISTING [633/900] id=OAFX0633 window=SCREEN_IS
2026-08-26T17:25:47+00:00 GATE_SKIP id=OAFX0631 window=IS reason=SINGLE_SLEEVE_INFERIOR decision=SCREEN_OUT_SINGLE_SLEEVE net=74444.0 PF=1.3343 DD=13.7527%
2026-08-26T17:25:47+00:00 GATE_SKIP id=OAFX0632 window=IS reason=SINGLE_SLEEVE_INFERIOR decision=SCREEN_OUT_SINGLE_SLEEVE net=65013.0 PF=1.2889 DD=11.7813%
2026-08-26T17:25:47+00:00 SKIP_EXISTING [634/900] id=OAFX0634 window=SCREEN_IS
2026-08-26T17:25:47+00:00 GATE_SKIP id=OAFX0633 window=IS reason=SINGLE_SLEEVE_INFERIOR decision=SCREEN_OUT_SINGLE_SLEEVE net=59956.0 PF=1.2187 DD=16.2854%
2026-08-26T17:25:47+00:00 SKIP_EXISTING [635/900] id=OAFX0635 window=SCREEN_IS
2026-08-26T17:25:47+00:00 SCREEN_SKIP_EXISTING_FULLBOOK [636/900] id=OAFX0636 reason=existing fullbook IS retained
2026-08-26T17:25:47+00:00 GATE_SKIP id=OAFX0634 window=IS reason=SINGLE_SLEEVE_INFERIOR decision=SCREEN_OUT_SINGLE_SLEEVE net=71000.0 PF=1.2509 DD=18.5328%
2026-08-26T17:25:47+00:00 SKIP_EXISTING [637/900] id=OAFX0637 window=SCREEN_IS
2026-08-26T17:25:47+00:00 GATE_SKIP id=OAFX0635 window=IS reason=SINGLE_SLEEVE_INFERIOR decision=SCREEN_OUT_SINGLE_SLEEVE net=63879.0 PF=1.1866 DD=14.8067%
2026-08-26T17:25:47+00:00 SKIP_EXISTING [636/900] id=OAFX0636 window=IS
2026-08-26T17:25:47+00:00 SCREEN_SKIP_EXISTING_FULLBOOK [638/900] id=OAFX0638 reason=existing fullbook IS retained
2026-08-26T17:25:47+00:00 GATE_SKIP id=OAFX0637 window=IS reason=SINGLE_SLEEVE_INFERIOR decision=SCREEN_OUT_SINGLE_SLEEVE net=72268.0 PF=1.2062 DD=14.9484%
2026-08-26T17:25:47+00:00 SKIP_EXISTING [639/900] id=OAFX0639 window=SCREEN_IS
2026-08-26T17:25:47+00:00 GATE_SKIP id=OAFX0636 window=OOS reason=IS_NOT_SURVIVOR decision=IS_REJECT net=272690.0 PF=1.4059 DD=43.0267%
2026-08-26T17:25:47+00:00 SKIP_EXISTING [638/900] id=OAFX0638 window=IS
2026-08-26T17:25:47+00:00 SCREEN_SKIP_EXISTING_FULLBOOK [640/900] id=OAFX0640 reason=existing fullbook IS retained
2026-08-26T17:25:47+00:00 GATE_SKIP id=OAFX0639 window=IS reason=SINGLE_SLEEVE_INFERIOR decision=SCREEN_OUT_SINGLE_SLEEVE net=66630.0 PF=1.1874 DD=20.7547%
2026-08-26T17:25:47+00:00 SKIP_EXISTING [641/900] id=OAFX0641 window=SCREEN_IS
2026-08-26T17:25:47+00:00 SKIP_EXISTING [638/900] id=OAFX0638 window=OOS
2026-08-26T17:25:47+00:00 SKIP_EXISTING [640/900] id=OAFX0640 window=IS
2026-08-26T17:25:47+00:00 SKIP_EXISTING [642/900] id=OAFX0642 window=SCREEN_IS
2026-08-26T17:25:47+00:00 GATE_SKIP id=OAFX0641 window=IS reason=SINGLE_SLEEVE_INFERIOR decision=SCREEN_OUT_SINGLE_SLEEVE net=63223.0 PF=1.2833 DD=13.003%
2026-08-26T17:25:47+00:00 SKIP_EXISTING [643/900] id=OAFX0643 window=SCREEN_IS
2026-08-26T17:25:47+00:00 GATE_SKIP id=OAFX0640 window=OOS reason=IS_NOT_SURVIVOR decision=IS_REJECT net=284074.0 PF=1.4162 DD=42.3493%
2026-08-26T17:25:47+00:00 GATE_SKIP id=OAFX0642 window=IS reason=SINGLE_SLEEVE_INFERIOR decision=SCREEN_OUT_SINGLE_SLEEVE net=66442.0 PF=1.2953 DD=12.9158%
2026-08-26T17:25:47+00:00 SKIP_EXISTING [644/900] id=OAFX0644 window=SCREEN_IS
2026-08-26T17:25:47+00:00 GATE_SKIP id=OAFX0643 window=IS reason=SINGLE_SLEEVE_INFERIOR decision=SCREEN_OUT_SINGLE_SLEEVE net=72232.0 PF=1.2629 DD=15.9346%
2026-08-26T17:25:47+00:00 SCREEN_SKIP_EXISTING_FULLBOOK [645/900] id=OAFX0645 reason=existing fullbook IS retained
2026-08-26T17:25:47+00:00 SKIP_EXISTING [646/900] id=OAFX0646 window=SCREEN_IS
2026-08-26T17:25:47+00:00 GATE_SKIP id=OAFX0644 window=IS reason=SINGLE_SLEEVE_INFERIOR decision=SCREEN_OUT_SINGLE_SLEEVE net=52647.0 PF=1.1855 DD=18.5224%
2026-08-26T17:25:47+00:00 SCREEN_SKIP_EXISTING_FULLBOOK [647/900] id=OAFX0647 reason=existing fullbook IS retained
2026-08-26T17:25:47+00:00 SKIP_EXISTING [645/900] id=OAFX0645 window=IS
2026-08-26T17:25:47+00:00 GATE_SKIP id=OAFX0646 window=IS reason=SINGLE_SLEEVE_INFERIOR decision=SCREEN_OUT_SINGLE_SLEEVE net=65014.0 PF=1.1787 DD=18.0751%
2026-08-26T17:25:47+00:00 SKIP_EXISTING [648/900] id=OAFX0648 window=SCREEN_IS
2026-08-26T17:25:47+00:00 SKIP_EXISTING [647/900] id=OAFX0647 window=IS
2026-08-26T17:25:47+00:00 GATE_SKIP id=OAFX0645 window=OOS reason=IS_NOT_SURVIVOR decision=IS_REJECT net=272923.0 PF=1.4167 DD=41.7195%
2026-08-26T17:25:47+00:00 SKIP_EXISTING [649/900] id=OAFX0649 window=SCREEN_IS
2026-08-26T17:25:47+00:00 GATE_SKIP id=OAFX0648 window=IS reason=SINGLE_SLEEVE_INFERIOR decision=SCREEN_OUT_SINGLE_SLEEVE net=72169.0 PF=1.1914 DD=21.6908%
2026-08-26T17:25:47+00:00 GATE_SKIP id=OAFX0647 window=OOS reason=IS_NOT_SURVIVOR decision=IS_REJECT net=275364.0 PF=1.4148 DD=39.8376%
2026-08-26T17:25:47+00:00 SCREEN_SKIP_EXISTING_FULLBOOK [650/900] id=OAFX0650 reason=existing fullbook IS retained
2026-08-26T17:25:47+00:00 GATE_SKIP id=OAFX0649 window=IS reason=SINGLE_SLEEVE_INFERIOR decision=SCREEN_OUT_SINGLE_SLEEVE net=69959.0 PF=1.1956 DD=17.461%
2026-08-26T17:25:47+00:00 SKIP_EXISTING [651/900] id=OAFX0651 window=SCREEN_IS
2026-08-26T17:25:47+00:00 SKIP_EXISTING [652/900] id=OAFX0652 window=SCREEN_IS
2026-08-26T17:25:47+00:00 SKIP_EXISTING [650/900] id=OAFX0650 window=IS
2026-08-26T17:25:47+00:00 SKIP_EXISTING [653/900] id=OAFX0653 window=SCREEN_IS
2026-08-26T17:25:47+00:00 GATE_SKIP id=OAFX0651 window=IS reason=SINGLE_SLEEVE_INFERIOR decision=SCREEN_OUT_SINGLE_SLEEVE net=65504.0 PF=1.2935 DD=12.7153%
2026-08-26T17:25:47+00:00 GATE_SKIP id=OAFX0652 window=IS reason=SINGLE_SLEEVE_INFERIOR decision=SCREEN_OUT_SINGLE_SLEEVE net=67867.0 PF=1.3016 DD=12.882%
2026-08-26T17:25:47+00:00 GATE_SKIP id=OAFX0650 window=OOS reason=IS_NOT_SURVIVOR decision=IS_REJECT net=272643.0 PF=1.3943 DD=41.3706%
2026-08-26T17:25:47+00:00 GATE_SKIP id=OAFX0653 window=IS reason=SINGLE_SLEEVE_INFERIOR decision=SCREEN_OUT_SINGLE_SLEEVE net=73399.0 PF=1.2667 DD=15.6891%
2026-08-26T17:25:47+00:00 SKIP_EXISTING [654/900] id=OAFX0654 window=SCREEN_IS
2026-08-26T17:25:47+00:00 SCREEN_SKIP_EXISTING_FULLBOOK [655/900] id=OAFX0655 reason=existing fullbook IS retained
2026-08-26T17:25:47+00:00 SKIP_EXISTING [656/900] id=OAFX0656 window=SCREEN_IS
2026-08-26T17:25:47+00:00 SCREEN_SKIP_EXISTING_FULLBOOK [657/900] id=OAFX0657 reason=existing fullbook IS retained
2026-08-26T17:25:47+00:00 GATE_SKIP id=OAFX0654 window=IS reason=SINGLE_SLEEVE_INFERIOR decision=SCREEN_OUT_SINGLE_SLEEVE net=54263.0 PF=1.1912 DD=18.488%
2026-08-26T17:25:47+00:00 SKIP_EXISTING [655/900] id=OAFX0655 window=IS
2026-08-26T17:25:47+00:00 GATE_SKIP id=OAFX0656 window=IS reason=SINGLE_SLEEVE_INFERIOR decision=SCREEN_OUT_SINGLE_SLEEVE net=68687.0 PF=1.1888 DD=17.9486%
2026-08-26T17:25:47+00:00 SKIP_EXISTING [657/900] id=OAFX0657 window=IS
2026-08-26T17:25:47+00:00 SKIP_EXISTING [658/900] id=OAFX0658 window=SCREEN_IS
2026-08-26T17:25:47+00:00 GATE_SKIP id=OAFX0655 window=OOS reason=IS_NOT_SURVIVOR decision=IS_REJECT net=277986.0 PF=1.4241 DD=39.7427%
2026-08-26T17:25:47+00:00 SCREEN_SKIP_EXISTING_FULLBOOK [659/900] id=OAFX0659 reason=existing fullbook IS retained
2026-08-26T17:25:47+00:00 GATE_SKIP id=OAFX0657 window=OOS reason=IS_NOT_SURVIVOR decision=IS_REJECT net=281942.0 PF=1.4243 DD=37.3002%
2026-08-26T17:25:47+00:00 GATE_SKIP id=OAFX0658 window=IS reason=SINGLE_SLEEVE_INFERIOR decision=SCREEN_OUT_SINGLE_SLEEVE net=76440.0 PF=1.2027 DD=21.6965%
2026-08-26T17:25:47+00:00 SCREEN_SKIP_EXISTING_FULLBOOK [660/900] id=OAFX0660 reason=existing fullbook IS retained
2026-08-26T17:25:47+00:00 SKIP_EXISTING [659/900] id=OAFX0659 window=IS
2026-08-26T17:25:47+00:00 SKIP_EXISTING [661/900] id=OAFX0661 window=SCREEN_IS
2026-08-26T17:25:47+00:00 SKIP_EXISTING [662/900] id=OAFX0662 window=SCREEN_IS
2026-08-26T17:25:47+00:00 SKIP_EXISTING [660/900] id=OAFX0660 window=IS
2026-08-26T17:25:47+00:00 GATE_SKIP id=OAFX0659 window=OOS reason=IS_NOT_SURVIVOR decision=IS_REJECT net=272885.0 PF=1.4074 DD=45.4671%
2026-08-26T17:25:47+00:00 GATE_SKIP id=OAFX0661 window=IS reason=SINGLE_SLEEVE_INFERIOR decision=SCREEN_OUT_SINGLE_SLEEVE net=63559.0 PF=1.2848 DD=14.8758%
2026-08-26T17:25:47+00:00 GATE_SKIP id=OAFX0662 window=IS reason=SINGLE_SLEEVE_INFERIOR decision=SCREEN_OUT_SINGLE_SLEEVE net=68133.0 PF=1.3028 DD=12.8078%
2026-08-26T17:25:47+00:00 GATE_SKIP id=OAFX0660 window=OOS reason=IS_NOT_SURVIVOR decision=IS_REJECT net=276357.0 PF=1.3997 DD=40.1262%
2026-08-26T17:25:47+00:00 SKIP_EXISTING [663/900] id=OAFX0663 window=SCREEN_IS
2026-08-26T17:25:47+00:00 SKIP_EXISTING [664/900] id=OAFX0664 window=SCREEN_IS
2026-08-26T17:25:47+00:00 SKIP_EXISTING [665/900] id=OAFX0665 window=SCREEN_IS
2026-08-26T17:25:47+00:00 SKIP_EXISTING [666/900] id=OAFX0666 window=SCREEN_IS
2026-08-26T17:25:47+00:00 GATE_SKIP id=OAFX0663 window=IS reason=SINGLE_SLEEVE_INFERIOR decision=SCREEN_OUT_SINGLE_SLEEVE net=56580.0 PF=1.2051 DD=17.3712%
2026-08-26T17:25:47+00:00 GATE_SKIP id=OAFX0664 window=IS reason=SINGLE_SLEEVE_INFERIOR decision=SCREEN_OUT_SINGLE_SLEEVE net=51497.0 PF=1.1809 DD=18.3375%
2026-08-26T17:25:47+00:00 GATE_SKIP id=OAFX0665 window=IS reason=SINGLE_SLEEVE_INFERIOR decision=SCREEN_OUT_SINGLE_SLEEVE net=61286.0 PF=1.1764 DD=15.9078%
2026-08-26T17:25:47+00:00 GATE_SKIP id=OAFX0666 window=IS reason=SINGLE_SLEEVE_INFERIOR decision=SCREEN_OUT_SINGLE_SLEEVE net=67805.0 PF=1.1854 DD=17.6914%
2026-08-26T17:25:47+00:00 SKIP_EXISTING [667/900] id=OAFX0667 window=SCREEN_IS
2026-08-26T17:25:47+00:00 SKIP_EXISTING [668/900] id=OAFX0668 window=SCREEN_IS
2026-08-26T17:25:47+00:00 SKIP_EXISTING [669/900] id=OAFX0669 window=SCREEN_IS
2026-08-26T17:25:47+00:00 SCREEN_SKIP_EXISTING_FULLBOOK [670/900] id=OAFX0670 reason=existing fullbook IS retained
2026-08-26T17:25:47+00:00 GATE_SKIP id=OAFX0667 window=IS reason=SINGLE_SLEEVE_INFERIOR decision=SCREEN_OUT_SINGLE_SLEEVE net=63720.0 PF=1.1768 DD=20.3029%
2026-08-26T17:25:47+00:00 GATE_SKIP id=OAFX0668 window=IS reason=SINGLE_SLEEVE_INFERIOR decision=SCREEN_OUT_SINGLE_SLEEVE net=80530.0 PF=1.2125 DD=20.0475%
2026-08-26T17:25:47+00:00 GATE_SKIP id=OAFX0669 window=IS reason=SINGLE_SLEEVE_INFERIOR decision=SCREEN_OUT_SINGLE_SLEEVE net=60425.0 PF=1.1651 DD=19.0813%
2026-08-26T17:25:47+00:00 SKIP_EXISTING [670/900] id=OAFX0670 window=IS
2026-08-26T17:25:47+00:00 SKIP_EXISTING [671/900] id=OAFX0671 window=SCREEN_IS
2026-08-26T17:25:47+00:00 SKIP_EXISTING [672/900] id=OAFX0672 window=SCREEN_IS
2026-08-26T17:25:47+00:00 SKIP_EXISTING [673/900] id=OAFX0673 window=SCREEN_IS
2026-08-26T17:25:47+00:00 GATE_SKIP id=OAFX0670 window=OOS reason=IS_NOT_SURVIVOR decision=IS_REJECT net=282477.0 PF=1.4074 DD=36.2675%
2026-08-26T17:25:47+00:00 GATE_SKIP id=OAFX0671 window=IS reason=SINGLE_SLEEVE_INFERIOR decision=SCREEN_OUT_SINGLE_SLEEVE net=64747.0 PF=1.2901 DD=14.793%
2026-08-26T17:25:47+00:00 GATE_SKIP id=OAFX0672 window=IS reason=SINGLE_SLEEVE_INFERIOR decision=SCREEN_OUT_SINGLE_SLEEVE net=67259.0 PF=1.2989 DD=13.163%
2026-08-26T17:25:47+00:00 GATE_SKIP id=OAFX0673 window=IS reason=SINGLE_SLEEVE_INFERIOR decision=SCREEN_OUT_SINGLE_SLEEVE net=59393.0 PF=1.2153 DD=17.2239%
2026-08-26T17:25:47+00:00 SKIP_EXISTING [674/900] id=OAFX0674 window=SCREEN_IS
2026-08-26T17:25:47+00:00 SKIP_EXISTING [675/900] id=OAFX0675 window=SCREEN_IS
2026-08-26T17:25:47+00:00 SKIP_EXISTING [676/900] id=OAFX0676 window=SCREEN_IS
2026-08-26T17:25:47+00:00 SKIP_EXISTING [677/900] id=OAFX0677 window=SCREEN_IS
2026-08-26T17:25:47+00:00 GATE_SKIP id=OAFX0674 window=IS reason=SINGLE_SLEEVE_INFERIOR decision=SCREEN_OUT_SINGLE_SLEEVE net=51926.0 PF=1.1824 DD=18.6862%
2026-08-26T17:25:47+00:00 GATE_SKIP id=OAFX0675 window=IS reason=SINGLE_SLEEVE_INFERIOR decision=SCREEN_OUT_SINGLE_SLEEVE net=68048.0 PF=1.1958 DD=15.3925%
2026-08-26T17:25:47+00:00 GATE_SKIP id=OAFX0676 window=IS reason=SINGLE_SLEEVE_INFERIOR decision=SCREEN_OUT_SINGLE_SLEEVE net=72265.0 PF=1.1976 DD=16.8202%
2026-08-26T17:25:47+00:00 GATE_SKIP id=OAFX0677 window=IS reason=SINGLE_SLEEVE_INFERIOR decision=SCREEN_OUT_SINGLE_SLEEVE net=71079.0 PF=1.197 DD=19.4495%
2026-08-26T17:25:47+00:00 SKIP_EXISTING [678/900] id=OAFX0678 window=SCREEN_IS
2026-08-26T17:25:47+00:00 SKIP_EXISTING [679/900] id=OAFX0679 window=SCREEN_IS
2026-08-26T17:25:47+00:00 SCREEN_SKIP_EXISTING_FULLBOOK [680/900] id=OAFX0680 reason=existing fullbook IS retained
2026-08-26T17:25:47+00:00 SKIP_EXISTING [681/900] id=OAFX0681 window=SCREEN_IS
2026-08-26T17:25:47+00:00 GATE_SKIP id=OAFX0678 window=IS reason=SINGLE_SLEEVE_INFERIOR decision=SCREEN_OUT_SINGLE_SLEEVE net=79272.0 PF=1.2092 DD=20.4789%
2026-08-26T17:25:47+00:00 GATE_SKIP id=OAFX0679 window=IS reason=SINGLE_SLEEVE_INFERIOR decision=SCREEN_OUT_SINGLE_SLEEVE net=69630.0 PF=1.19 DD=18.0465%
2026-08-26T17:25:47+00:00 SKIP_EXISTING [680/900] id=OAFX0680 window=IS
2026-08-26T17:25:47+00:00 GATE_SKIP id=OAFX0681 window=IS reason=SINGLE_SLEEVE_INFERIOR decision=SCREEN_OUT_SINGLE_SLEEVE net=67175.0 PF=1.301 DD=14.7131%
2026-08-26T17:25:47+00:00 SKIP_EXISTING [682/900] id=OAFX0682 window=SCREEN_IS
2026-08-26T17:25:47+00:00 SKIP_EXISTING [683/900] id=OAFX0683 window=SCREEN_IS
2026-08-26T17:25:47+00:00 GATE_SKIP id=OAFX0680 window=OOS reason=IS_NOT_SURVIVOR decision=IS_REJECT net=278670.0 PF=1.4019 DD=40.1557%
2026-08-26T17:25:47+00:00 SKIP_EXISTING [684/900] id=OAFX0684 window=SCREEN_IS
2026-08-26T17:25:47+00:00 GATE_SKIP id=OAFX0682 window=IS reason=SINGLE_SLEEVE_INFERIOR decision=SCREEN_OUT_SINGLE_SLEEVE net=67969.0 PF=1.302 DD=13.163%
2026-08-26T17:25:47+00:00 GATE_SKIP id=OAFX0683 window=IS reason=SINGLE_SLEEVE_INFERIOR decision=SCREEN_OUT_SINGLE_SLEEVE net=54934.0 PF=1.1991 DD=17.7376%
2026-08-26T17:25:47+00:00 SKIP_EXISTING [685/900] id=OAFX0685 window=SCREEN_IS
2026-08-26T17:25:47+00:00 GATE_SKIP id=OAFX0684 window=IS reason=SINGLE_SLEEVE_INFERIOR decision=SCREEN_OUT_SINGLE_SLEEVE net=52568.0 PF=1.1846 DD=18.6014%
2026-08-26T17:25:47+00:00 SKIP_EXISTING [686/900] id=OAFX0686 window=SCREEN_IS
2026-08-26T17:25:47+00:00 SCREEN_SKIP_EXISTING_FULLBOOK [687/900] id=OAFX0687 reason=existing fullbook IS retained
2026-08-26T17:25:47+00:00 GATE_SKIP id=OAFX0685 window=IS reason=SINGLE_SLEEVE_INFERIOR decision=SCREEN_OUT_SINGLE_SLEEVE net=72217.0 PF=1.2078 DD=14.7953%
2026-08-26T17:25:47+00:00 SKIP_EXISTING [688/900] id=OAFX0688 window=SCREEN_IS
2026-08-26T17:25:47+00:00 GATE_SKIP id=OAFX0686 window=IS reason=SINGLE_SLEEVE_INFERIOR decision=SCREEN_OUT_SINGLE_SLEEVE net=75048.0 PF=1.2052 DD=16.1934%
2026-08-26T17:25:47+00:00 SKIP_EXISTING [687/900] id=OAFX0687 window=IS
2026-08-26T17:25:47+00:00 SKIP_EXISTING [689/900] id=OAFX0689 window=SCREEN_IS
2026-08-26T17:25:47+00:00 GATE_SKIP id=OAFX0688 window=IS reason=SINGLE_SLEEVE_INFERIOR decision=SCREEN_OUT_SINGLE_SLEEVE net=79278.0 PF=1.209 DD=20.5168%
2026-08-26T17:25:47+00:00 SCREEN_SKIP_EXISTING_FULLBOOK [690/900] id=OAFX0690 reason=existing fullbook IS retained
2026-08-26T17:25:47+00:00 GATE_SKIP id=OAFX0687 window=OOS reason=IS_NOT_SURVIVOR decision=IS_REJECT net=274479.0 PF=1.4083 DD=37.0513%
2026-08-26T17:25:47+00:00 GATE_SKIP id=OAFX0689 window=IS reason=SINGLE_SLEEVE_INFERIOR decision=SCREEN_OUT_SINGLE_SLEEVE net=75879.0 PF=1.2071 DD=17.7567%
2026-08-26T17:25:47+00:00 SKIP_EXISTING [691/900] id=OAFX0691 window=SCREEN_IS
2026-08-26T17:25:47+00:00 SKIP_EXISTING [690/900] id=OAFX0690 window=IS
2026-08-26T17:25:47+00:00 SKIP_EXISTING [692/900] id=OAFX0692 window=SCREEN_IS
2026-08-26T17:25:47+00:00 SKIP_EXISTING [693/900] id=OAFX0693 window=SCREEN_IS
2026-08-26T17:25:47+00:00 GATE_SKIP id=OAFX0691 window=IS reason=SINGLE_SLEEVE_INFERIOR decision=SCREEN_OUT_SINGLE_SLEEVE net=68480.0 PF=1.3068 DD=14.6467%
2026-08-26T17:25:47+00:00 GATE_SKIP id=OAFX0690 window=OOS reason=IS_NOT_SURVIVOR decision=IS_REJECT net=278542.0 PF=1.4014 DD=39.2052%
2026-08-26T17:25:47+00:00 GATE_SKIP id=OAFX0692 window=IS reason=SINGLE_SLEEVE_INFERIOR decision=SCREEN_OUT_SINGLE_SLEEVE net=69277.0 PF=1.3079 DD=13.163%
2026-08-26T17:25:47+00:00 GATE_SKIP id=OAFX0693 window=IS reason=SINGLE_SLEEVE_INFERIOR decision=SCREEN_OUT_SINGLE_SLEEVE net=51915.0 PF=1.1875 DD=17.5844%
2026-08-26T17:25:47+00:00 SKIP_EXISTING [694/900] id=OAFX0694 window=SCREEN_IS
2026-08-26T17:25:47+00:00 SKIP_EXISTING [695/900] id=OAFX0695 window=SCREEN_IS
2026-08-26T17:25:47+00:00 SCREEN_SKIP_EXISTING_FULLBOOK [696/900] id=OAFX0696 reason=existing fullbook IS retained
2026-08-26T17:25:47+00:00 SCREEN_SKIP_EXISTING_FULLBOOK [697/900] id=OAFX0697 reason=existing fullbook IS retained
2026-08-26T17:25:47+00:00 GATE_SKIP id=OAFX0694 window=IS reason=SINGLE_SLEEVE_INFERIOR decision=SCREEN_OUT_SINGLE_SLEEVE net=55193.0 PF=1.1939 DD=18.4988%
2026-08-26T17:25:47+00:00 GATE_SKIP id=OAFX0695 window=IS reason=SINGLE_SLEEVE_INFERIOR decision=SCREEN_OUT_SINGLE_SLEEVE net=72471.0 PF=1.2076 DD=14.5499%
2026-08-26T17:25:47+00:00 SKIP_EXISTING [696/900] id=OAFX0696 window=IS
2026-08-26T17:25:47+00:00 SKIP_EXISTING [697/900] id=OAFX0697 window=IS
2026-08-26T17:25:47+00:00 SKIP_EXISTING [698/900] id=OAFX0698 window=SCREEN_IS
2026-08-26T17:25:47+00:00 SKIP_EXISTING [699/900] id=OAFX0699 window=SCREEN_IS
2026-08-26T17:25:47+00:00 GATE_SKIP id=OAFX0696 window=OOS reason=IS_NOT_SURVIVOR decision=IS_REJECT net=273283.0 PF=1.4035 DD=42.8188%
2026-08-26T17:25:47+00:00 GATE_SKIP id=OAFX0697 window=OOS reason=IS_NOT_SURVIVOR decision=IS_REJECT net=272666.0 PF=1.4047 DD=35.7519%
2026-08-26T17:25:47+00:00 GATE_SKIP id=OAFX0698 window=IS reason=SINGLE_SLEEVE_INFERIOR decision=SCREEN_OUT_SINGLE_SLEEVE net=76997.0 PF=1.203 DD=21.0259%
2026-08-26T17:25:47+00:00 GATE_SKIP id=OAFX0699 window=IS reason=SINGLE_SLEEVE_INFERIOR decision=SCREEN_OUT_SINGLE_SLEEVE net=74928.0 PF=1.2036 DD=17.3531%
2026-08-26T17:25:47+00:00 SCREEN_SKIP_EXISTING_FULLBOOK [700/900] id=OAFX0700 reason=existing fullbook IS retained
2026-08-26T17:25:47+00:00 SCREEN_BYPASS [701/900] id=OAFX0701 route=FULLBOOK_DIRECT reason=OafxOverlapMaskで他枠の実保有を参照するため、単独枠では効果を測定不能
2026-08-26T17:25:47+00:00 SCREEN_BYPASS [702/900] id=OAFX0702 route=FULLBOOK_DIRECT reason=OafxOverlapMaskで他枠の実保有を参照するため、単独枠では効果を測定不能
2026-08-26T17:25:47+00:00 SCREEN_BYPASS [703/900] id=OAFX0703 route=FULLBOOK_DIRECT reason=OafxOverlapMaskで他枠の実保有を参照するため、単独枠では効果を測定不能
2026-08-26T17:25:47+00:00 SKIP_EXISTING [700/900] id=OAFX0700 window=IS
2026-08-26T17:25:47+00:00 SKIP_EXISTING [701/900] id=OAFX0701 window=IS
2026-08-26T17:25:47+00:00 SKIP_EXISTING [702/900] id=OAFX0702 window=IS
2026-08-26T17:25:47+00:00 SKIP_EXISTING [703/900] id=OAFX0703 window=IS
2026-08-26T17:25:47+00:00 GATE_SKIP id=OAFX0700 window=OOS reason=IS_NOT_SURVIVOR decision=IS_REJECT net=278977.0 PF=1.4021 DD=38.2084%
2026-08-26T17:25:47+00:00 GATE_SKIP id=OAFX0701 window=OOS reason=IS_NOT_SURVIVOR decision=IS_REJECT net=255914.0 PF=1.4012 DD=43.5077%
2026-08-26T17:25:47+00:00 SKIP_EXISTING [702/900] id=OAFX0702 window=OOS
2026-08-26T17:25:47+00:00 SKIP_EXISTING [703/900] id=OAFX0703 window=OOS
2026-08-26T17:25:47+00:00 SCREEN_BYPASS [704/900] id=OAFX0704 route=FULLBOOK_DIRECT reason=OafxOverlapMaskで他枠の実保有を参照するため、単独枠では効果を測定不能
2026-08-26T17:25:47+00:00 SCREEN_BYPASS [705/900] id=OAFX0705 route=FULLBOOK_DIRECT reason=OafxOverlapMaskで他枠の実保有を参照するため、単独枠では効果を測定不能
2026-08-26T17:25:47+00:00 SCREEN_BYPASS [706/900] id=OAFX0706 route=FULLBOOK_DIRECT reason=OafxOverlapMaskで他枠の実保有を参照するため、単独枠では効果を測定不能
2026-08-26T17:25:47+00:00 SCREEN_BYPASS [707/900] id=OAFX0707 route=FULLBOOK_DIRECT reason=OafxOverlapMaskで他枠の実保有を参照するため、単独枠では効果を測定不能
2026-08-26T17:25:47+00:00 SKIP_EXISTING [704/900] id=OAFX0704 window=IS
2026-08-26T17:25:47+00:00 SKIP_EXISTING [705/900] id=OAFX0705 window=IS
2026-08-26T17:25:47+00:00 SKIP_EXISTING [706/900] id=OAFX0706 window=IS
2026-08-26T17:25:47+00:00 SKIP_EXISTING [707/900] id=OAFX0707 window=IS
2026-08-26T17:25:47+00:00 SKIP_EXISTING [704/900] id=OAFX0704 window=OOS
2026-08-26T17:25:47+00:00 SKIP_EXISTING [705/900] id=OAFX0705 window=OOS
2026-08-26T17:25:47+00:00 SKIP_EXISTING [706/900] id=OAFX0706 window=OOS
2026-08-26T17:25:47+00:00 SKIP_EXISTING [707/900] id=OAFX0707 window=OOS
2026-08-26T17:25:47+00:00 SCREEN_BYPASS [708/900] id=OAFX0708 route=FULLBOOK_DIRECT reason=OafxOverlapMaskで他枠の実保有を参照するため、単独枠では効果を測定不能
2026-08-26T17:25:47+00:00 SCREEN_BYPASS [709/900] id=OAFX0709 route=FULLBOOK_DIRECT reason=OafxOverlapMaskで他枠の実保有を参照するため、単独枠では効果を測定不能
2026-08-26T17:25:47+00:00 SCREEN_BYPASS [710/900] id=OAFX0710 route=FULLBOOK_DIRECT reason=OafxOverlapMaskで他枠の実保有を参照するため、単独枠では効果を測定不能
2026-08-26T17:25:47+00:00 SCREEN_BYPASS [711/900] id=OAFX0711 route=FULLBOOK_DIRECT reason=OafxOverlapMaskで他枠の実保有を参照するため、単独枠では効果を測定不能
2026-08-26T17:25:47+00:00 SKIP_EXISTING [708/900] id=OAFX0708 window=IS
2026-08-26T17:25:47+00:00 SKIP_EXISTING [709/900] id=OAFX0709 window=IS
2026-08-26T17:25:47+00:00 SKIP_EXISTING [710/900] id=OAFX0710 window=IS
2026-08-26T17:25:47+00:00 SKIP_EXISTING [711/900] id=OAFX0711 window=IS
2026-08-26T17:25:47+00:00 SKIP_EXISTING [708/900] id=OAFX0708 window=OOS
2026-08-26T17:25:47+00:00 SKIP_EXISTING [709/900] id=OAFX0709 window=OOS
2026-08-26T17:25:47+00:00 SKIP_EXISTING [710/900] id=OAFX0710 window=OOS
2026-08-26T17:25:47+00:00 GATE_SKIP id=OAFX0711 window=OOS reason=IS_NOT_SURVIVOR decision=IS_REJECT net=242215.0 PF=1.417 DD=44.7956%
2026-08-26T17:25:47+00:00 SCREEN_BYPASS [712/900] id=OAFX0712 route=FULLBOOK_DIRECT reason=OafxOverlapMaskで他枠の実保有を参照するため、単独枠では効果を測定不能
2026-08-26T17:25:47+00:00 SCREEN_BYPASS [713/900] id=OAFX0713 route=FULLBOOK_DIRECT reason=OafxOverlapMaskで他枠の実保有を参照するため、単独枠では効果を測定不能
2026-08-26T17:25:47+00:00 SCREEN_BYPASS [714/900] id=OAFX0714 route=FULLBOOK_DIRECT reason=OafxOverlapMaskで他枠の実保有を参照するため、単独枠では効果を測定不能
2026-08-26T17:25:47+00:00 SCREEN_BYPASS [715/900] id=OAFX0715 route=FULLBOOK_DIRECT reason=OafxOverlapMaskで他枠の実保有を参照するため、単独枠では効果を測定不能
2026-08-26T17:25:47+00:00 SKIP_EXISTING [712/900] id=OAFX0712 window=IS
2026-08-26T17:25:47+00:00 SKIP_EXISTING [713/900] id=OAFX0713 window=IS
2026-08-26T17:25:47+00:00 SKIP_EXISTING [714/900] id=OAFX0714 window=IS
2026-08-26T17:25:47+00:00 SKIP_EXISTING [715/900] id=OAFX0715 window=IS
2026-08-26T17:25:47+00:00 SKIP_EXISTING [712/900] id=OAFX0712 window=OOS
2026-08-26T17:25:47+00:00 SKIP_EXISTING [713/900] id=OAFX0713 window=OOS
2026-08-26T17:25:47+00:00 SKIP_EXISTING [714/900] id=OAFX0714 window=OOS
2026-08-26T17:25:47+00:00 SKIP_EXISTING [715/900] id=OAFX0715 window=OOS
2026-08-26T17:25:47+00:00 SCREEN_BYPASS [716/900] id=OAFX0716 route=FULLBOOK_DIRECT reason=OafxOverlapMaskで他枠の実保有を参照するため、単独枠では効果を測定不能
2026-08-26T17:25:47+00:00 SCREEN_BYPASS [717/900] id=OAFX0717 route=FULLBOOK_DIRECT reason=OafxOverlapMaskで他枠の実保有を参照するため、単独枠では効果を測定不能
2026-08-26T17:25:47+00:00 SCREEN_BYPASS [718/900] id=OAFX0718 route=FULLBOOK_DIRECT reason=OafxOverlapMaskで他枠の実保有を参照するため、単独枠では効果を測定不能
2026-08-26T17:25:47+00:00 SCREEN_BYPASS [719/900] id=OAFX0719 route=FULLBOOK_DIRECT reason=OafxOverlapMaskで他枠の実保有を参照するため、単独枠では効果を測定不能
2026-08-26T17:25:47+00:00 SKIP_EXISTING [716/900] id=OAFX0716 window=IS
2026-08-26T17:25:47+00:00 SKIP_EXISTING [717/900] id=OAFX0717 window=IS
2026-08-26T17:25:47+00:00 SKIP_EXISTING [718/900] id=OAFX0718 window=IS
2026-08-26T17:25:47+00:00 SKIP_EXISTING [719/900] id=OAFX0719 window=IS
2026-08-26T17:25:47+00:00 SKIP_EXISTING [716/900] id=OAFX0716 window=OOS
2026-08-26T17:25:47+00:00 SKIP_EXISTING [717/900] id=OAFX0717 window=OOS
2026-08-26T17:25:47+00:00 SKIP_EXISTING [718/900] id=OAFX0718 window=OOS
2026-08-26T17:25:47+00:00 SKIP_EXISTING [719/900] id=OAFX0719 window=OOS
2026-08-26T17:25:47+00:00 SCREEN_BYPASS [720/900] id=OAFX0720 route=FULLBOOK_DIRECT reason=OafxOverlapMaskで他枠の実保有を参照するため、単独枠では効果を測定不能
2026-08-26T17:25:47+00:00 SCREEN_BYPASS [721/900] id=OAFX0721 route=FULLBOOK_DIRECT reason=OafxOverlapMaskで他枠の実保有を参照するため、単独枠では効果を測定不能
2026-08-26T17:25:47+00:00 SCREEN_BYPASS [722/900] id=OAFX0722 route=FULLBOOK_DIRECT reason=OafxOverlapMaskで他枠の実保有を参照するため、単独枠では効果を測定不能
2026-08-26T17:25:47+00:00 SCREEN_BYPASS [723/900] id=OAFX0723 route=FULLBOOK_DIRECT reason=OafxOverlapMaskで他枠の実保有を参照するため、単独枠では効果を測定不能
2026-08-26T17:25:47+00:00 SKIP_EXISTING [720/900] id=OAFX0720 window=IS
2026-08-26T17:25:47+00:00 SKIP_EXISTING [721/900] id=OAFX0721 window=IS
2026-08-26T17:25:47+00:00 SKIP_EXISTING [722/900] id=OAFX0722 window=IS
2026-08-26T17:25:47+00:00 SKIP_EXISTING [723/900] id=OAFX0723 window=IS
2026-08-26T17:25:47+00:00 SKIP_EXISTING [720/900] id=OAFX0720 window=OOS
2026-08-26T17:25:47+00:00 GATE_SKIP id=OAFX0721 window=OOS reason=IS_NOT_SURVIVOR decision=IS_REJECT_TRADEOFF net=230923.0 PF=1.586 DD=29.9353%
2026-08-26T17:25:47+00:00 SKIP_EXISTING [722/900] id=OAFX0722 window=OOS
2026-08-26T17:25:47+00:00 SKIP_EXISTING [723/900] id=OAFX0723 window=OOS
2026-08-26T17:25:47+00:00 SCREEN_BYPASS [724/900] id=OAFX0724 route=FULLBOOK_DIRECT reason=OafxOverlapMaskで他枠の実保有を参照するため、単独枠では効果を測定不能
2026-08-26T17:25:47+00:00 SCREEN_BYPASS [725/900] id=OAFX0725 route=FULLBOOK_DIRECT reason=OafxOverlapMaskで他枠の実保有を参照するため、単独枠では効果を測定不能
2026-08-26T17:25:47+00:00 SCREEN_BYPASS [726/900] id=OAFX0726 route=FULLBOOK_DIRECT reason=OafxOverlapMaskで他枠の実保有を参照するため、単独枠では効果を測定不能
2026-08-26T17:25:47+00:00 SCREEN_BYPASS [727/900] id=OAFX0727 route=FULLBOOK_DIRECT reason=OafxOverlapMaskで他枠の実保有を参照するため、単独枠では効果を測定不能
2026-08-26T17:25:47+00:00 SKIP_EXISTING [724/900] id=OAFX0724 window=IS
2026-08-26T17:25:47+00:00 SKIP_EXISTING [725/900] id=OAFX0725 window=IS
2026-08-26T17:25:47+00:00 SKIP_EXISTING [726/900] id=OAFX0726 window=IS
2026-08-26T17:25:47+00:00 SKIP_EXISTING [727/900] id=OAFX0727 window=IS
2026-08-26T17:25:47+00:00 SKIP_EXISTING [724/900] id=OAFX0724 window=OOS
2026-08-26T17:25:47+00:00 SKIP_EXISTING [725/900] id=OAFX0725 window=OOS
2026-08-26T17:25:47+00:00 SKIP_EXISTING [726/900] id=OAFX0726 window=OOS
2026-08-26T17:25:47+00:00 SKIP_EXISTING [727/900] id=OAFX0727 window=OOS
2026-08-26T17:25:47+00:00 SCREEN_BYPASS [728/900] id=OAFX0728 route=FULLBOOK_DIRECT reason=OafxOverlapMaskで他枠の実保有を参照するため、単独枠では効果を測定不能
2026-08-26T17:25:47+00:00 SCREEN_BYPASS [729/900] id=OAFX0729 route=FULLBOOK_DIRECT reason=OafxOverlapMaskで他枠の実保有を参照するため、単独枠では効果を測定不能
2026-08-26T17:25:47+00:00 SCREEN_BYPASS [730/900] id=OAFX0730 route=FULLBOOK_DIRECT reason=OafxOverlapMaskで他枠の実保有を参照するため、単独枠では効果を測定不能
2026-08-26T17:25:47+00:00 SCREEN_BYPASS [731/900] id=OAFX0731 route=FULLBOOK_DIRECT reason=OafxOverlapMaskで他枠の実保有を参照するため、単独枠では効果を測定不能
2026-08-26T17:25:47+00:00 SKIP_EXISTING [728/900] id=OAFX0728 window=IS
2026-08-26T17:25:47+00:00 SKIP_EXISTING [729/900] id=OAFX0729 window=IS
2026-08-26T17:25:47+00:00 SKIP_EXISTING [730/900] id=OAFX0730 window=IS
2026-08-26T17:25:47+00:00 SKIP_EXISTING [731/900] id=OAFX0731 window=IS
2026-08-26T17:25:47+00:00 SKIP_EXISTING [728/900] id=OAFX0728 window=OOS
2026-08-26T17:25:47+00:00 SKIP_EXISTING [729/900] id=OAFX0729 window=OOS
2026-08-26T17:25:47+00:00 SKIP_EXISTING [730/900] id=OAFX0730 window=OOS
2026-08-26T17:25:47+00:00 GATE_SKIP id=OAFX0731 window=OOS reason=IS_NOT_SURVIVOR decision=IS_REJECT net=266123.0 PF=1.4127 DD=39.3476%
2026-08-26T17:25:47+00:00 SCREEN_BYPASS [732/900] id=OAFX0732 route=FULLBOOK_DIRECT reason=OafxOverlapMaskで他枠の実保有を参照するため、単独枠では効果を測定不能
2026-08-26T17:25:47+00:00 SCREEN_BYPASS [733/900] id=OAFX0733 route=FULLBOOK_DIRECT reason=OafxOverlapMaskで他枠の実保有を参照するため、単独枠では効果を測定不能
2026-08-26T17:25:47+00:00 SCREEN_BYPASS [734/900] id=OAFX0734 route=FULLBOOK_DIRECT reason=OafxOverlapMaskで他枠の実保有を参照するため、単独枠では効果を測定不能
2026-08-26T17:25:47+00:00 SCREEN_BYPASS [735/900] id=OAFX0735 route=FULLBOOK_DIRECT reason=OafxOverlapMaskで他枠の実保有を参照するため、単独枠では効果を測定不能
2026-08-26T17:25:47+00:00 SKIP_EXISTING [732/900] id=OAFX0732 window=IS
2026-08-26T17:25:47+00:00 SKIP_EXISTING [733/900] id=OAFX0733 window=IS
2026-08-26T17:25:47+00:00 SKIP_EXISTING [734/900] id=OAFX0734 window=IS
2026-08-26T17:25:47+00:00 SKIP_EXISTING [735/900] id=OAFX0735 window=IS
2026-08-26T17:25:47+00:00 GATE_SKIP id=OAFX0732 window=OOS reason=IS_NOT_SURVIVOR decision=IS_REJECT net=280788.0 PF=1.4212 DD=38.2392%
2026-08-26T17:25:47+00:00 SKIP_EXISTING [733/900] id=OAFX0733 window=OOS
2026-08-26T17:25:47+00:00 SKIP_EXISTING [734/900] id=OAFX0734 window=OOS
2026-08-26T17:25:47+00:00 SKIP_EXISTING [735/900] id=OAFX0735 window=OOS
2026-08-26T17:25:47+00:00 SCREEN_BYPASS [736/900] id=OAFX0736 route=FULLBOOK_DIRECT reason=OafxOverlapMaskで他枠の実保有を参照するため、単独枠では効果を測定不能
2026-08-26T17:25:47+00:00 SCREEN_BYPASS [737/900] id=OAFX0737 route=FULLBOOK_DIRECT reason=OafxOverlapMaskで他枠の実保有を参照するため、単独枠では効果を測定不能
2026-08-26T17:25:47+00:00 SCREEN_BYPASS [738/900] id=OAFX0738 route=FULLBOOK_DIRECT reason=OafxOverlapMaskで他枠の実保有を参照するため、単独枠では効果を測定不能
2026-08-26T17:25:47+00:00 SCREEN_BYPASS [739/900] id=OAFX0739 route=FULLBOOK_DIRECT reason=OafxOverlapMaskで他枠の実保有を参照するため、単独枠では効果を測定不能
2026-08-26T17:25:47+00:00 SKIP_EXISTING [736/900] id=OAFX0736 window=IS
2026-08-26T17:25:47+00:00 SKIP_EXISTING [737/900] id=OAFX0737 window=IS
2026-08-26T17:25:47+00:00 SKIP_EXISTING [738/900] id=OAFX0738 window=IS
2026-08-26T17:25:47+00:00 SKIP_EXISTING [739/900] id=OAFX0739 window=IS
2026-08-26T17:25:47+00:00 SKIP_EXISTING [736/900] id=OAFX0736 window=OOS
2026-08-26T17:25:47+00:00 SKIP_EXISTING [737/900] id=OAFX0737 window=OOS
2026-08-26T17:25:47+00:00 SKIP_EXISTING [738/900] id=OAFX0738 window=OOS
2026-08-26T17:25:47+00:00 RUN_HEARTBEAT terminal=BT1 pid=50480 elapsed=0s
2026-08-26T17:25:47+00:00 SKIP_EXISTING [739/900] id=OAFX0739 window=OOS
2026-08-26T17:25:47+00:00 SCREEN_BYPASS [740/900] id=OAFX0740 route=FULLBOOK_DIRECT reason=OafxOverlapMaskで他枠の実保有を参照するため、単独枠では効果を測定不能
2026-08-26T17:25:47+00:00 SCREEN_BYPASS [741/900] id=OAFX0741 route=FULLBOOK_DIRECT reason=OafxOverlapMaskで他枠の実保有を参照するため、単独枠では効果を測定不能
2026-08-26T17:25:47+00:00 SCREEN_BYPASS [742/900] id=OAFX0742 route=FULLBOOK_DIRECT reason=OafxOverlapMaskで他枠の実保有を参照するため、単独枠では効果を測定不能
2026-08-26T17:25:47+00:00 SCREEN_BYPASS [743/900] id=OAFX0743 route=FULLBOOK_DIRECT reason=OafxOverlapMaskで他枠の実保有を参照するため、単独枠では効果を測定不能
2026-08-26T17:25:47+00:00 SKIP_EXISTING [740/900] id=OAFX0740 window=IS
2026-08-26T17:25:47+00:00 SKIP_EXISTING [741/900] id=OAFX0741 window=IS
2026-08-26T17:25:47+00:00 SKIP_EXISTING [742/900] id=OAFX0742 window=IS
2026-08-26T17:25:47+00:00 SKIP_EXISTING [743/900] id=OAFX0743 window=IS
2026-08-26T17:25:47+00:00 SKIP_EXISTING [740/900] id=OAFX0740 window=OOS
2026-08-26T17:25:47+00:00 GATE_SKIP id=OAFX0741 window=OOS reason=IS_NOT_SURVIVOR decision=IS_REJECT net=229564.0 PF=1.4334 DD=47.4934%
2026-08-26T17:25:47+00:00 GATE_SKIP id=OAFX0742 window=OOS reason=IS_NOT_SURVIVOR decision=IS_REJECT net=284647.0 PF=1.4777 DD=36.7666%
2026-08-26T17:25:47+00:00 GATE_SKIP id=OAFX0743 window=OOS reason=IS_NOT_SURVIVOR decision=IS_REJECT net=265360.0 PF=1.3846 DD=41.4142%
2026-08-26T17:25:47+00:00 SCREEN_BYPASS [744/900] id=OAFX0744 route=FULLBOOK_DIRECT reason=OafxOverlapMaskで他枠の実保有を参照するため、単独枠では効果を測定不能
2026-08-26T17:25:47+00:00 SCREEN_BYPASS [745/900] id=OAFX0745 route=FULLBOOK_DIRECT reason=OafxOverlapMaskで他枠の実保有を参照するため、単独枠では効果を測定不能
2026-08-26T17:25:47+00:00 SCREEN_BYPASS [746/900] id=OAFX0746 route=FULLBOOK_DIRECT reason=OafxOverlapMaskで他枠の実保有を参照するため、単独枠では効果を測定不能
2026-08-26T17:25:47+00:00 SCREEN_BYPASS [747/900] id=OAFX0747 route=FULLBOOK_DIRECT reason=OafxOverlapMaskで他枠の実保有を参照するため、単独枠では効果を測定不能
2026-08-26T17:25:47+00:00 SKIP_EXISTING [744/900] id=OAFX0744 window=IS
2026-08-26T17:25:47+00:00 SKIP_EXISTING [745/900] id=OAFX0745 window=IS
2026-08-26T17:25:47+00:00 SKIP_EXISTING [746/900] id=OAFX0746 window=IS
2026-08-26T17:25:47+00:00 SKIP_EXISTING [747/900] id=OAFX0747 window=IS
2026-08-26T17:25:47+00:00 SKIP_EXISTING [744/900] id=OAFX0744 window=OOS
2026-08-26T17:25:47+00:00 SKIP_EXISTING [745/900] id=OAFX0745 window=OOS
2026-08-26T17:25:47+00:00 SKIP_EXISTING [746/900] id=OAFX0746 window=OOS
2026-08-26T17:25:47+00:00 SKIP_EXISTING [747/900] id=OAFX0747 window=OOS
2026-08-26T17:25:47+00:00 SCREEN_BYPASS [748/900] id=OAFX0748 route=FULLBOOK_DIRECT reason=OafxOverlapMaskで他枠の実保有を参照するため、単独枠では効果を測定不能
2026-08-26T17:25:47+00:00 SCREEN_BYPASS [749/900] id=OAFX0749 route=FULLBOOK_DIRECT reason=OafxOverlapMaskで他枠の実保有を参照するため、単独枠では効果を測定不能
2026-08-26T17:25:47+00:00 SCREEN_BYPASS [750/900] id=OAFX0750 route=FULLBOOK_DIRECT reason=OafxOverlapMaskで他枠の実保有を参照するため、単独枠では効果を測定不能
2026-08-26T17:25:47+00:00 SCREEN_BYPASS [751/900] id=OAFX0751 route=FULLBOOK_DIRECT reason=OafxOverlapMaskで他枠の実保有を参照するため、単独枠では効果を測定不能
2026-08-26T17:25:47+00:00 SKIP_EXISTING [748/900] id=OAFX0748 window=IS
2026-08-26T17:25:47+00:00 SKIP_EXISTING [749/900] id=OAFX0749 window=IS
2026-08-26T17:25:47+00:00 SKIP_EXISTING [750/900] id=OAFX0750 window=IS
2026-08-26T17:25:47+00:00 SKIP_EXISTING [751/900] id=OAFX0751 window=IS
2026-08-26T17:25:47+00:00 SKIP_EXISTING [748/900] id=OAFX0748 window=OOS
2026-08-26T17:25:47+00:00 SKIP_EXISTING [749/900] id=OAFX0749 window=OOS
2026-08-26T17:25:47+00:00 SKIP_EXISTING [750/900] id=OAFX0750 window=OOS
2026-08-26T17:25:47+00:00 GATE_SKIP id=OAFX0751 window=OOS reason=IS_NOT_SURVIVOR decision=IS_REJECT_TRADEOFF net=208337.0 PF=1.5433 DD=31.2681%
2026-08-26T17:25:47+00:00 SCREEN_BYPASS [752/900] id=OAFX0752 route=FULLBOOK_DIRECT reason=OafxOverlapMaskで他枠の実保有を参照するため、単独枠では効果を測定不能
2026-08-26T17:25:47+00:00 SCREEN_BYPASS [753/900] id=OAFX0753 route=FULLBOOK_DIRECT reason=OafxOverlapMaskで他枠の実保有を参照するため、単独枠では効果を測定不能
2026-08-26T17:25:47+00:00 SCREEN_BYPASS [754/900] id=OAFX0754 route=FULLBOOK_DIRECT reason=OafxOverlapMaskで他枠の実保有を参照するため、単独枠では効果を測定不能
2026-08-26T17:25:47+00:00 SCREEN_BYPASS [755/900] id=OAFX0755 route=FULLBOOK_DIRECT reason=OafxOverlapMaskで他枠の実保有を参照するため、単独枠では効果を測定不能
2026-08-26T17:25:47+00:00 SKIP_EXISTING [752/900] id=OAFX0752 window=IS
2026-08-26T17:25:47+00:00 SKIP_EXISTING [753/900] id=OAFX0753 window=IS
2026-08-26T17:25:47+00:00 SKIP_EXISTING [754/900] id=OAFX0754 window=IS
2026-08-26T17:25:47+00:00 SKIP_EXISTING [755/900] id=OAFX0755 window=IS
2026-08-26T17:25:47+00:00 SKIP_EXISTING [752/900] id=OAFX0752 window=OOS
2026-08-26T17:25:47+00:00 SKIP_EXISTING [753/900] id=OAFX0753 window=OOS
2026-08-26T17:25:47+00:00 SKIP_EXISTING [754/900] id=OAFX0754 window=OOS
2026-08-26T17:25:47+00:00 SKIP_EXISTING [755/900] id=OAFX0755 window=OOS
2026-08-26T17:25:47+00:00 SCREEN_BYPASS [756/900] id=OAFX0756 route=FULLBOOK_DIRECT reason=OafxOverlapMaskで他枠の実保有を参照するため、単独枠では効果を測定不能
2026-08-26T17:25:47+00:00 SCREEN_BYPASS [757/900] id=OAFX0757 route=FULLBOOK_DIRECT reason=OafxOverlapMaskで他枠の実保有を参照するため、単独枠では効果を測定不能
2026-08-26T17:25:47+00:00 SCREEN_BYPASS [758/900] id=OAFX0758 route=FULLBOOK_DIRECT reason=OafxOverlapMaskで他枠の実保有を参照するため、単独枠では効果を測定不能
2026-08-26T17:25:47+00:00 SCREEN_BYPASS [759/900] id=OAFX0759 route=FULLBOOK_DIRECT reason=OafxOverlapMaskで他枠の実保有を参照するため、単独枠では効果を測定不能
2026-08-26T17:25:47+00:00 SKIP_EXISTING [756/900] id=OAFX0756 window=IS
2026-08-26T17:25:47+00:00 SKIP_EXISTING [757/900] id=OAFX0757 window=IS
2026-08-26T17:25:47+00:00 SKIP_EXISTING [758/900] id=OAFX0758 window=IS
2026-08-26T17:25:47+00:00 SKIP_EXISTING [759/900] id=OAFX0759 window=IS
2026-08-26T17:25:47+00:00 SKIP_EXISTING [756/900] id=OAFX0756 window=OOS
2026-08-26T17:25:47+00:00 SKIP_EXISTING [757/900] id=OAFX0757 window=OOS
2026-08-26T17:25:47+00:00 SKIP_EXISTING [758/900] id=OAFX0758 window=OOS
2026-08-26T17:25:47+00:00 SKIP_EXISTING [759/900] id=OAFX0759 window=OOS
2026-08-26T17:25:47+00:00 SCREEN_BYPASS [760/900] id=OAFX0760 route=FULLBOOK_DIRECT reason=OafxOverlapMaskで他枠の実保有を参照するため、単独枠では効果を測定不能
2026-08-26T17:25:47+00:00 SCREEN_BYPASS [761/900] id=OAFX0761 route=FULLBOOK_DIRECT reason=OafxOverlapMaskで他枠の実保有を参照するため、単独枠では効果を測定不能
2026-08-26T17:25:47+00:00 SCREEN_BYPASS [762/900] id=OAFX0762 route=FULLBOOK_DIRECT reason=OafxOverlapMaskで他枠の実保有を参照するため、単独枠では効果を測定不能
2026-08-26T17:25:47+00:00 SCREEN_BYPASS [763/900] id=OAFX0763 route=FULLBOOK_DIRECT reason=OafxOverlapMaskで他枠の実保有を参照するため、単独枠では効果を測定不能
2026-08-26T17:25:47+00:00 SKIP_EXISTING [760/900] id=OAFX0760 window=IS
2026-08-26T17:25:47+00:00 SKIP_EXISTING [761/900] id=OAFX0761 window=IS
2026-08-26T17:25:47+00:00 SKIP_EXISTING [762/900] id=OAFX0762 window=IS
2026-08-26T17:25:47+00:00 SKIP_EXISTING [763/900] id=OAFX0763 window=IS
2026-08-26T17:25:47+00:00 SKIP_EXISTING [760/900] id=OAFX0760 window=OOS
2026-08-26T17:25:47+00:00 GATE_SKIP id=OAFX0761 window=OOS reason=IS_NOT_SURVIVOR decision=IS_REJECT net=244290.0 PF=1.4198 DD=47.7628%
2026-08-26T17:25:47+00:00 GATE_SKIP id=OAFX0762 window=OOS reason=IS_NOT_SURVIVOR decision=IS_REJECT net=275405.0 PF=1.4417 DD=36.4741%
2026-08-26T17:25:47+00:00 SKIP_EXISTING [763/900] id=OAFX0763 window=OOS
2026-08-26T17:25:47+00:00 SCREEN_BYPASS [764/900] id=OAFX0764 route=FULLBOOK_DIRECT reason=OafxOverlapMaskで他枠の実保有を参照するため、単独枠では効果を測定不能
2026-08-26T17:25:47+00:00 SCREEN_BYPASS [765/900] id=OAFX0765 route=FULLBOOK_DIRECT reason=OafxOverlapMaskで他枠の実保有を参照するため、単独枠では効果を測定不能
2026-08-26T17:25:47+00:00 SCREEN_BYPASS [766/900] id=OAFX0766 route=FULLBOOK_DIRECT reason=OafxOverlapMaskで他枠の実保有を参照するため、単独枠では効果を測定不能
2026-08-26T17:25:47+00:00 SCREEN_BYPASS [767/900] id=OAFX0767 route=FULLBOOK_DIRECT reason=OafxOverlapMaskで他枠の実保有を参照するため、単独枠では効果を測定不能
2026-08-26T17:25:47+00:00 SKIP_EXISTING [764/900] id=OAFX0764 window=IS
2026-08-26T17:25:47+00:00 SKIP_EXISTING [765/900] id=OAFX0765 window=IS
2026-08-26T17:25:47+00:00 SKIP_EXISTING [766/900] id=OAFX0766 window=IS
2026-08-26T17:25:47+00:00 SKIP_EXISTING [767/900] id=OAFX0767 window=IS
2026-08-26T17:25:47+00:00 SKIP_EXISTING [764/900] id=OAFX0764 window=OOS
2026-08-26T17:25:47+00:00 SKIP_EXISTING [765/900] id=OAFX0765 window=OOS
2026-08-26T17:25:47+00:00 SKIP_EXISTING [766/900] id=OAFX0766 window=OOS
2026-08-26T17:25:47+00:00 SKIP_EXISTING [767/900] id=OAFX0767 window=OOS
2026-08-26T17:25:47+00:00 SCREEN_BYPASS [768/900] id=OAFX0768 route=FULLBOOK_DIRECT reason=OafxOverlapMaskで他枠の実保有を参照するため、単独枠では効果を測定不能
2026-08-26T17:25:47+00:00 SCREEN_BYPASS [769/900] id=OAFX0769 route=FULLBOOK_DIRECT reason=OafxOverlapMaskで他枠の実保有を参照するため、単独枠では効果を測定不能
2026-08-26T17:25:47+00:00 SCREEN_BYPASS [770/900] id=OAFX0770 route=FULLBOOK_DIRECT reason=OafxOverlapMaskで他枠の実保有を参照するため、単独枠では効果を測定不能
2026-08-26T17:25:47+00:00 SCREEN_BYPASS [771/900] id=OAFX0771 route=FULLBOOK_DIRECT reason=OafxOverlapMaskで他枠の実保有を参照するため、単独枠では効果を測定不能
2026-08-26T17:25:47+00:00 SKIP_EXISTING [768/900] id=OAFX0768 window=IS
2026-08-26T17:25:47+00:00 SKIP_EXISTING [769/900] id=OAFX0769 window=IS
2026-08-26T17:25:47+00:00 SKIP_EXISTING [770/900] id=OAFX0770 window=IS
2026-08-26T17:25:47+00:00 SKIP_EXISTING [771/900] id=OAFX0771 window=IS
2026-08-26T17:25:47+00:00 SKIP_EXISTING [768/900] id=OAFX0768 window=OOS
2026-08-26T17:25:47+00:00 SKIP_EXISTING [769/900] id=OAFX0769 window=OOS
2026-08-26T17:25:47+00:00 SKIP_EXISTING [770/900] id=OAFX0770 window=OOS
2026-08-26T17:25:47+00:00 GATE_SKIP id=OAFX0771 window=OOS reason=IS_NOT_SURVIVOR decision=IS_REJECT_TRADEOFF net=198490.0 PF=1.5628 DD=31.704%
2026-08-26T17:25:47+00:00 SCREEN_BYPASS [772/900] id=OAFX0772 route=FULLBOOK_DIRECT reason=OafxOverlapMaskで他枠の実保有を参照するため、単独枠では効果を測定不能
2026-08-26T17:25:47+00:00 SCREEN_BYPASS [773/900] id=OAFX0773 route=FULLBOOK_DIRECT reason=OafxOverlapMaskで他枠の実保有を参照するため、単独枠では効果を測定不能
2026-08-26T17:25:47+00:00 SCREEN_BYPASS [774/900] id=OAFX0774 route=FULLBOOK_DIRECT reason=OafxOverlapMaskで他枠の実保有を参照するため、単独枠では効果を測定不能
2026-08-26T17:25:47+00:00 SCREEN_BYPASS [775/900] id=OAFX0775 route=FULLBOOK_DIRECT reason=OafxOverlapMaskで他枠の実保有を参照するため、単独枠では効果を測定不能
2026-08-26T17:25:47+00:00 SKIP_EXISTING [772/900] id=OAFX0772 window=IS
2026-08-26T17:25:47+00:00 SKIP_EXISTING [773/900] id=OAFX0773 window=IS
2026-08-26T17:25:47+00:00 SKIP_EXISTING [774/900] id=OAFX0774 window=IS
2026-08-26T17:25:47+00:00 SKIP_EXISTING [775/900] id=OAFX0775 window=IS
2026-08-26T17:25:47+00:00 SKIP_EXISTING [772/900] id=OAFX0772 window=OOS
2026-08-26T17:25:47+00:00 SKIP_EXISTING [773/900] id=OAFX0773 window=OOS
2026-08-26T17:25:47+00:00 GATE_SKIP id=OAFX0774 window=OOS reason=IS_NOT_SURVIVOR decision=IS_REJECT net=283659.0 PF=1.4235 DD=37.5722%
2026-08-26T17:25:47+00:00 SKIP_EXISTING [775/900] id=OAFX0775 window=OOS
2026-08-26T17:25:47+00:00 SCREEN_BYPASS [776/900] id=OAFX0776 route=FULLBOOK_DIRECT reason=OafxOverlapMaskで他枠の実保有を参照するため、単独枠では効果を測定不能
2026-08-26T17:25:47+00:00 SCREEN_BYPASS [777/900] id=OAFX0777 route=FULLBOOK_DIRECT reason=OafxOverlapMaskで他枠の実保有を参照するため、単独枠では効果を測定不能
2026-08-26T17:25:47+00:00 SCREEN_BYPASS [778/900] id=OAFX0778 route=FULLBOOK_DIRECT reason=OafxOverlapMaskで他枠の実保有を参照するため、単独枠では効果を測定不能
2026-08-26T17:25:47+00:00 SCREEN_BYPASS [779/900] id=OAFX0779 route=FULLBOOK_DIRECT reason=OafxOverlapMaskで他枠の実保有を参照するため、単独枠では効果を測定不能
2026-08-26T17:25:47+00:00 SKIP_EXISTING [776/900] id=OAFX0776 window=IS
2026-08-26T17:25:47+00:00 SKIP_EXISTING [777/900] id=OAFX0777 window=IS
2026-08-26T17:25:47+00:00 SKIP_EXISTING [778/900] id=OAFX0778 window=IS
2026-08-26T17:25:47+00:00 SKIP_EXISTING [779/900] id=OAFX0779 window=IS
2026-08-26T17:25:47+00:00 SKIP_EXISTING [776/900] id=OAFX0776 window=OOS
2026-08-26T17:25:47+00:00 SKIP_EXISTING [777/900] id=OAFX0777 window=OOS
2026-08-26T17:25:47+00:00 SKIP_EXISTING [778/900] id=OAFX0778 window=OOS
2026-08-26T17:25:47+00:00 SKIP_EXISTING [779/900] id=OAFX0779 window=OOS
2026-08-26T17:25:47+00:00 SCREEN_BYPASS [780/900] id=OAFX0780 route=FULLBOOK_DIRECT reason=OafxOverlapMaskで他枠の実保有を参照するため、単独枠では効果を測定不能
2026-08-26T17:25:47+00:00 SCREEN_BYPASS [781/900] id=OAFX0781 route=FULLBOOK_DIRECT reason=OafxOverlapMaskで他枠の実保有を参照するため、単独枠では効果を測定不能
2026-08-26T17:25:47+00:00 SCREEN_BYPASS [782/900] id=OAFX0782 route=FULLBOOK_DIRECT reason=OafxOverlapMaskで他枠の実保有を参照するため、単独枠では効果を測定不能
2026-08-26T17:25:47+00:00 SCREEN_BYPASS [783/900] id=OAFX0783 route=FULLBOOK_DIRECT reason=OafxOverlapMaskで他枠の実保有を参照するため、単独枠では効果を測定不能
2026-08-26T17:25:47+00:00 SKIP_EXISTING [780/900] id=OAFX0780 window=IS
2026-08-26T17:25:47+00:00 SKIP_EXISTING [781/900] id=OAFX0781 window=IS
2026-08-26T17:25:47+00:00 SKIP_EXISTING [782/900] id=OAFX0782 window=IS
2026-08-26T17:25:47+00:00 SKIP_EXISTING [783/900] id=OAFX0783 window=IS
2026-08-26T17:25:47+00:00 SKIP_EXISTING [780/900] id=OAFX0780 window=OOS
2026-08-26T17:25:47+00:00 GATE_SKIP id=OAFX0781 window=OOS reason=IS_NOT_SURVIVOR decision=IS_REJECT net=236044.0 PF=1.4333 DD=44.8534%
2026-08-26T17:25:47+00:00 SKIP_EXISTING [782/900] id=OAFX0782 window=OOS
2026-08-26T17:25:47+00:00 GATE_SKIP id=OAFX0783 window=OOS reason=IS_NOT_SURVIVOR decision=IS_REJECT net=265179.0 PF=1.3877 DD=39.9684%
2026-08-26T17:25:47+00:00 SCREEN_BYPASS [784/900] id=OAFX0784 route=FULLBOOK_DIRECT reason=OafxOverlapMaskで他枠の実保有を参照するため、単独枠では効果を測定不能
2026-08-26T17:25:47+00:00 SCREEN_BYPASS [785/900] id=OAFX0785 route=FULLBOOK_DIRECT reason=OafxOverlapMaskで他枠の実保有を参照するため、単独枠では効果を測定不能
2026-08-26T17:25:47+00:00 SCREEN_BYPASS [786/900] id=OAFX0786 route=FULLBOOK_DIRECT reason=OafxOverlapMaskで他枠の実保有を参照するため、単独枠では効果を測定不能
2026-08-26T17:25:47+00:00 SCREEN_BYPASS [787/900] id=OAFX0787 route=FULLBOOK_DIRECT reason=OafxOverlapMaskで他枠の実保有を参照するため、単独枠では効果を測定不能
2026-08-26T17:25:47+00:00 SKIP_EXISTING [784/900] id=OAFX0784 window=IS
2026-08-26T17:25:47+00:00 SKIP_EXISTING [785/900] id=OAFX0785 window=IS
2026-08-26T17:25:47+00:00 SKIP_EXISTING [786/900] id=OAFX0786 window=IS
2026-08-26T17:25:47+00:00 SKIP_EXISTING [787/900] id=OAFX0787 window=IS
2026-08-26T17:25:47+00:00 GATE_SKIP id=OAFX0784 window=OOS reason=IS_NOT_SURVIVOR decision=IS_REJECT net=277506.0 PF=1.4045 DD=38.8601%
2026-08-26T17:25:47+00:00 SKIP_EXISTING [785/900] id=OAFX0785 window=OOS
2026-08-26T17:25:47+00:00 SKIP_EXISTING [786/900] id=OAFX0786 window=OOS
2026-08-26T17:25:47+00:00 SKIP_EXISTING [787/900] id=OAFX0787 window=OOS
2026-08-26T17:25:47+00:00 SCREEN_BYPASS [788/900] id=OAFX0788 route=FULLBOOK_DIRECT reason=OafxOverlapMaskで他枠の実保有を参照するため、単独枠では効果を測定不能
2026-08-26T17:25:47+00:00 SCREEN_BYPASS [789/900] id=OAFX0789 route=FULLBOOK_DIRECT reason=OafxOverlapMaskで他枠の実保有を参照するため、単独枠では効果を測定不能
2026-08-26T17:25:47+00:00 SCREEN_BYPASS [790/900] id=OAFX0790 route=FULLBOOK_DIRECT reason=OafxOverlapMaskで他枠の実保有を参照するため、単独枠では効果を測定不能
2026-08-26T17:25:47+00:00 SCREEN_BYPASS [791/900] id=OAFX0791 route=FULLBOOK_DIRECT reason=OafxOverlapMaskで他枠の実保有を参照するため、単独枠では効果を測定不能
2026-08-26T17:25:47+00:00 SKIP_EXISTING [788/900] id=OAFX0788 window=IS
2026-08-26T17:25:47+00:00 SKIP_EXISTING [789/900] id=OAFX0789 window=IS
2026-08-26T17:25:47+00:00 SKIP_EXISTING [790/900] id=OAFX0790 window=IS
2026-08-26T17:25:47+00:00 SKIP_EXISTING [791/900] id=OAFX0791 window=IS
2026-08-26T17:25:47+00:00 SKIP_EXISTING [788/900] id=OAFX0788 window=OOS
2026-08-26T17:25:47+00:00 SKIP_EXISTING [789/900] id=OAFX0789 window=OOS
2026-08-26T17:25:47+00:00 SKIP_EXISTING [790/900] id=OAFX0790 window=OOS
2026-08-26T17:25:47+00:00 GATE_SKIP id=OAFX0791 window=OOS reason=IS_NOT_SURVIVOR decision=IS_REJECT_TRADEOFF net=248900.0 PF=1.7699 DD=25.5731%
2026-08-26T17:25:47+00:00 SCREEN_BYPASS [792/900] id=OAFX0792 route=FULLBOOK_DIRECT reason=OafxOverlapMaskで他枠の実保有を参照するため、単独枠では効果を測定不能
2026-08-26T17:25:47+00:00 SCREEN_BYPASS [793/900] id=OAFX0793 route=FULLBOOK_DIRECT reason=OafxOverlapMaskで他枠の実保有を参照するため、単独枠では効果を測定不能
2026-08-26T17:25:47+00:00 SCREEN_BYPASS [794/900] id=OAFX0794 route=FULLBOOK_DIRECT reason=OafxOverlapMaskで他枠の実保有を参照するため、単独枠では効果を測定不能
2026-08-26T17:25:47+00:00 SCREEN_BYPASS [795/900] id=OAFX0795 route=FULLBOOK_DIRECT reason=OafxOverlapMaskで他枠の実保有を参照するため、単独枠では効果を測定不能
2026-08-26T17:25:47+00:00 SKIP_EXISTING [792/900] id=OAFX0792 window=IS
2026-08-26T17:25:47+00:00 SKIP_EXISTING [793/900] id=OAFX0793 window=IS
2026-08-26T17:25:47+00:00 SKIP_EXISTING [794/900] id=OAFX0794 window=IS
2026-08-26T17:25:47+00:00 SKIP_EXISTING [795/900] id=OAFX0795 window=IS
2026-08-26T17:25:47+00:00 SKIP_EXISTING [792/900] id=OAFX0792 window=OOS
2026-08-26T17:25:47+00:00 GATE_SKIP id=OAFX0793 window=OOS reason=IS_NOT_SURVIVOR decision=IS_REJECT net=279177.0 PF=1.5166 DD=36.002%
2026-08-26T17:25:47+00:00 SKIP_EXISTING [794/900] id=OAFX0794 window=OOS
2026-08-26T17:25:47+00:00 SKIP_EXISTING [795/900] id=OAFX0795 window=OOS
2026-08-26T17:25:47+00:00 SCREEN_BYPASS [796/900] id=OAFX0796 route=FULLBOOK_DIRECT reason=OafxOverlapMaskで他枠の実保有を参照するため、単独枠では効果を測定不能
2026-08-26T17:25:47+00:00 SCREEN_BYPASS [797/900] id=OAFX0797 route=FULLBOOK_DIRECT reason=OafxOverlapMaskで他枠の実保有を参照するため、単独枠では効果を測定不能
2026-08-26T17:25:47+00:00 SCREEN_BYPASS [798/900] id=OAFX0798 route=FULLBOOK_DIRECT reason=OafxOverlapMaskで他枠の実保有を参照するため、単独枠では効果を測定不能
2026-08-26T17:25:47+00:00 SCREEN_BYPASS [799/900] id=OAFX0799 route=FULLBOOK_DIRECT reason=OafxOverlapMaskで他枠の実保有を参照するため、単独枠では効果を測定不能
2026-08-26T17:25:47+00:00 SKIP_EXISTING [796/900] id=OAFX0796 window=IS
2026-08-26T17:25:47+00:00 SKIP_EXISTING [797/900] id=OAFX0797 window=IS
2026-08-26T17:25:47+00:00 SKIP_EXISTING [798/900] id=OAFX0798 window=IS
2026-08-26T17:25:47+00:00 SKIP_EXISTING [799/900] id=OAFX0799 window=IS
2026-08-26T17:25:47+00:00 SKIP_EXISTING [796/900] id=OAFX0796 window=OOS
2026-08-26T17:25:47+00:00 SKIP_EXISTING [797/900] id=OAFX0797 window=OOS
2026-08-26T17:25:47+00:00 SKIP_EXISTING [798/900] id=OAFX0798 window=OOS
2026-08-26T17:25:47+00:00 SKIP_EXISTING [799/900] id=OAFX0799 window=OOS
2026-08-26T17:25:47+00:00 SCREEN_BYPASS [800/900] id=OAFX0800 route=FULLBOOK_DIRECT reason=OafxOverlapMaskで他枠の実保有を参照するため、単独枠では効果を測定不能
2026-08-26T17:25:47+00:00 SCREEN_SKIP_EXISTING_FULLBOOK [801/900] id=OAFX0801 reason=existing fullbook IS retained
2026-08-26T17:25:47+00:00 SCREEN_BYPASS [802/900] id=OAFX0802 route=FULLBOOK_DIRECT reason=OafxLossScope=2 (SCA両枠) の実現損失を参照するため、単独枠では効果を測定不能
2026-08-26T17:25:47+00:00 SCREEN_BYPASS [803/900] id=OAFX0803 route=FULLBOOK_DIRECT reason=OafxLossScope=3 (全9枠) の実現損失を参照するため、単独枠では効果を測定不能
2026-08-26T17:25:47+00:00 SKIP_EXISTING [800/900] id=OAFX0800 window=IS
2026-08-26T17:25:47+00:00 SKIP_EXISTING [801/900] id=OAFX0801 window=IS
2026-08-26T17:25:47+00:00 SKIP_EXISTING [802/900] id=OAFX0802 window=IS
2026-08-26T17:25:47+00:00 SKIP_EXISTING [803/900] id=OAFX0803 window=IS
2026-08-26T17:25:47+00:00 SKIP_EXISTING [800/900] id=OAFX0800 window=OOS
2026-08-26T17:25:47+00:00 GATE_SKIP id=OAFX0801 window=OOS reason=IS_NOT_SURVIVOR decision=IS_REJECT net=336217.0 PF=1.5057 DD=39.6516%
2026-08-26T17:25:47+00:00 GATE_SKIP id=OAFX0802 window=OOS reason=IS_NOT_SURVIVOR decision=IS_REJECT net=336217.0 PF=1.5057 DD=39.6516%
2026-08-26T17:25:47+00:00 GATE_SKIP id=OAFX0803 window=OOS reason=IS_NOT_SURVIVOR decision=IS_REJECT net=336092.0 PF=1.5079 DD=44.1773%
2026-08-26T17:25:47+00:00 SCREEN_BYPASS [804/900] id=OAFX0804 route=FULLBOOK_DIRECT reason=OafxLossScope=4 (重複相手枠) の実現損失を参照するため、単独枠では効果を測定不能
2026-08-26T17:25:47+00:00 SCREEN_SKIP_EXISTING_FULLBOOK [805/900] id=OAFX0805 reason=existing fullbook IS retained
2026-08-26T17:25:47+00:00 SCREEN_BYPASS [806/900] id=OAFX0806 route=FULLBOOK_DIRECT reason=OafxLossScope=2 (SCA両枠) の実現損失を参照するため、単独枠では効果を測定不能
2026-08-26T17:25:47+00:00 SCREEN_BYPASS [807/900] id=OAFX0807 route=FULLBOOK_DIRECT reason=OafxLossScope=3 (全9枠) の実現損失を参照するため、単独枠では効果を測定不能
2026-08-26T17:25:47+00:00 SKIP_EXISTING [804/900] id=OAFX0804 window=IS
2026-08-26T17:25:47+00:00 SKIP_EXISTING [805/900] id=OAFX0805 window=IS
2026-08-26T17:25:47+00:00 SKIP_EXISTING [806/900] id=OAFX0806 window=IS
2026-08-26T17:25:47+00:00 SKIP_EXISTING [807/900] id=OAFX0807 window=IS
2026-08-26T17:25:47+00:00 SKIP_EXISTING [804/900] id=OAFX0804 window=OOS
2026-08-26T17:25:47+00:00 SKIP_EXISTING [805/900] id=OAFX0805 window=OOS
2026-08-26T17:25:47+00:00 SKIP_EXISTING [806/900] id=OAFX0806 window=OOS
2026-08-26T17:25:47+00:00 SKIP_EXISTING [807/900] id=OAFX0807 window=OOS
2026-08-26T17:25:47+00:00 SCREEN_BYPASS [808/900] id=OAFX0808 route=FULLBOOK_DIRECT reason=OafxLossScope=4 (重複相手枠) の実現損失を参照するため、単独枠では効果を測定不能
2026-08-26T17:25:47+00:00 SKIP_EXISTING [809/900] id=OAFX0809 window=SCREEN_IS
2026-08-26T17:25:47+00:00 SCREEN_BYPASS [810/900] id=OAFX0810 route=FULLBOOK_DIRECT reason=OafxLossScope=2 (SCA両枠) の実現損失を参照するため、単独枠では効果を測定不能
2026-08-26T17:25:47+00:00 SCREEN_BYPASS [811/900] id=OAFX0811 route=FULLBOOK_DIRECT reason=OafxLossScope=3 (全9枠) の実現損失を参照するため、単独枠では効果を測定不能
2026-08-26T17:25:47+00:00 SKIP_EXISTING [808/900] id=OAFX0808 window=IS
2026-08-26T17:25:47+00:00 GATE_SKIP id=OAFX0809 window=IS reason=SINGLE_SLEEVE_INFERIOR decision=SCREEN_OUT_SINGLE_SLEEVE net=84921.0 PF=1.2184 DD=19.5314%
2026-08-26T17:25:47+00:00 SKIP_EXISTING [810/900] id=OAFX0810 window=IS
2026-08-26T17:25:47+00:00 SKIP_EXISTING [811/900] id=OAFX0811 window=IS
2026-08-26T17:25:47+00:00 SKIP_EXISTING [808/900] id=OAFX0808 window=OOS
2026-08-26T17:25:47+00:00 SCREEN_BYPASS [812/900] id=OAFX0812 route=FULLBOOK_DIRECT reason=OafxLossScope=4 (重複相手枠) の実現損失を参照するため、単独枠では効果を測定不能
2026-08-26T17:25:47+00:00 SKIP_EXISTING [810/900] id=OAFX0810 window=OOS
2026-08-26T17:25:47+00:00 SKIP_EXISTING [811/900] id=OAFX0811 window=OOS
2026-08-26T17:25:47+00:00 SKIP_EXISTING [813/900] id=OAFX0813 window=SCREEN_IS
2026-08-26T17:25:47+00:00 SKIP_EXISTING [812/900] id=OAFX0812 window=IS
2026-08-26T17:25:47+00:00 SCREEN_BYPASS [814/900] id=OAFX0814 route=FULLBOOK_DIRECT reason=OafxLossScope=2 (SCA両枠) の実現損失を参照するため、単独枠では効果を測定不能
2026-08-26T17:25:47+00:00 SCREEN_BYPASS [815/900] id=OAFX0815 route=FULLBOOK_DIRECT reason=OafxLossScope=3 (全9枠) の実現損失を参照するため、単独枠では効果を測定不能
2026-08-26T17:25:47+00:00 GATE_SKIP id=OAFX0813 window=IS reason=SINGLE_SLEEVE_INFERIOR decision=SCREEN_OUT_SINGLE_SLEEVE net=84921.0 PF=1.2184 DD=19.5314%
2026-08-26T17:25:47+00:00 SKIP_EXISTING [812/900] id=OAFX0812 window=OOS
2026-08-26T17:25:47+00:00 SKIP_EXISTING [814/900] id=OAFX0814 window=IS
2026-08-26T17:25:47+00:00 SKIP_EXISTING [815/900] id=OAFX0815 window=IS
2026-08-26T17:25:47+00:00 SCREEN_BYPASS [816/900] id=OAFX0816 route=FULLBOOK_DIRECT reason=OafxLossScope=4 (重複相手枠) の実現損失を参照するため、単独枠では効果を測定不能
2026-08-26T17:25:47+00:00 SKIP_EXISTING [817/900] id=OAFX0817 window=SCREEN_IS
2026-08-26T17:25:47+00:00 SKIP_EXISTING [814/900] id=OAFX0814 window=OOS
2026-08-26T17:25:47+00:00 SKIP_EXISTING [815/900] id=OAFX0815 window=OOS
2026-08-26T17:25:47+00:00 SKIP_EXISTING [816/900] id=OAFX0816 window=IS
2026-08-26T17:25:47+00:00 GATE_SKIP id=OAFX0817 window=IS reason=SINGLE_SLEEVE_INFERIOR decision=SCREEN_OUT_SINGLE_SLEEVE net=84921.0 PF=1.2184 DD=19.5314%
2026-08-26T17:25:47+00:00 SCREEN_BYPASS [818/900] id=OAFX0818 route=FULLBOOK_DIRECT reason=OafxLossScope=2 (SCA両枠) の実現損失を参照するため、単独枠では効果を測定不能
2026-08-26T17:25:47+00:00 SCREEN_BYPASS [819/900] id=OAFX0819 route=FULLBOOK_DIRECT reason=OafxLossScope=3 (全9枠) の実現損失を参照するため、単独枠では効果を測定不能
2026-08-26T17:25:47+00:00 SKIP_EXISTING [816/900] id=OAFX0816 window=OOS
2026-08-26T17:25:47+00:00 SCREEN_BYPASS [820/900] id=OAFX0820 route=FULLBOOK_DIRECT reason=OafxLossScope=4 (重複相手枠) の実現損失を参照するため、単独枠では効果を測定不能
2026-08-26T17:25:47+00:00 SKIP_EXISTING [818/900] id=OAFX0818 window=IS
2026-08-26T17:25:47+00:00 SKIP_EXISTING [819/900] id=OAFX0819 window=IS
2026-08-26T17:25:47+00:00 SCREEN_SKIP_EXISTING_FULLBOOK [821/900] id=OAFX0821 reason=existing fullbook IS retained
2026-08-26T17:25:47+00:00 SKIP_EXISTING [820/900] id=OAFX0820 window=IS
2026-08-26T17:25:47+00:00 SKIP_EXISTING [818/900] id=OAFX0818 window=OOS
2026-08-26T17:25:47+00:00 SKIP_EXISTING [819/900] id=OAFX0819 window=OOS
2026-08-26T17:25:47+00:00 SKIP_EXISTING [821/900] id=OAFX0821 window=IS
2026-08-26T17:25:47+00:00 SKIP_EXISTING [820/900] id=OAFX0820 window=OOS
2026-08-26T17:25:47+00:00 SCREEN_BYPASS [822/900] id=OAFX0822 route=FULLBOOK_DIRECT reason=OafxLossScope=2 (SCA両枠) の実現損失を参照するため、単独枠では効果を測定不能
2026-08-26T17:25:47+00:00 SCREEN_BYPASS [823/900] id=OAFX0823 route=FULLBOOK_DIRECT reason=OafxLossScope=3 (全9枠) の実現損失を参照するため、単独枠では効果を測定不能
2026-08-26T17:25:47+00:00 GATE_SKIP id=OAFX0821 window=OOS reason=IS_NOT_SURVIVOR decision=IS_REJECT net=330289.0 PF=1.494 DD=39.6439%
2026-08-26T17:25:47+00:00 SCREEN_BYPASS [824/900] id=OAFX0824 route=FULLBOOK_DIRECT reason=OafxLossScope=4 (重複相手枠) の実現損失を参照するため、単独枠では効果を測定不能
2026-08-26T17:25:47+00:00 SKIP_EXISTING [822/900] id=OAFX0822 window=IS
2026-08-26T17:25:47+00:00 SKIP_EXISTING [823/900] id=OAFX0823 window=IS
2026-08-26T17:25:47+00:00 SKIP_EXISTING [825/900] id=OAFX0825 window=SCREEN_IS
2026-08-26T17:25:47+00:00 SKIP_EXISTING [824/900] id=OAFX0824 window=IS
2026-08-26T17:25:47+00:00 GATE_SKIP id=OAFX0822 window=OOS reason=IS_NOT_SURVIVOR decision=IS_REJECT net=329701.0 PF=1.4927 DD=39.6439%
2026-08-26T17:25:47+00:00 GATE_SKIP id=OAFX0823 window=OOS reason=IS_NOT_SURVIVOR decision=IS_REJECT net=328657.0 PF=1.5036 DD=46.2285%
2026-08-26T17:25:47+00:00 GATE_SKIP id=OAFX0825 window=IS reason=SINGLE_SLEEVE_INFERIOR decision=SCREEN_OUT_SINGLE_SLEEVE net=88276.0 PF=1.2297 DD=20.7939%
2026-08-26T17:25:47+00:00 SKIP_EXISTING [824/900] id=OAFX0824 window=OOS
2026-08-26T17:25:47+00:00 SCREEN_BYPASS [826/900] id=OAFX0826 route=FULLBOOK_DIRECT reason=OafxLossScope=2 (SCA両枠) の実現損失を参照するため、単独枠では効果を測定不能
2026-08-26T17:25:47+00:00 SCREEN_BYPASS [827/900] id=OAFX0827 route=FULLBOOK_DIRECT reason=OafxLossScope=3 (全9枠) の実現損失を参照するため、単独枠では効果を測定不能
2026-08-26T17:25:47+00:00 SCREEN_BYPASS [828/900] id=OAFX0828 route=FULLBOOK_DIRECT reason=OafxLossScope=4 (重複相手枠) の実現損失を参照するため、単独枠では効果を測定不能
2026-08-26T17:25:47+00:00 SKIP_EXISTING [829/900] id=OAFX0829 window=SCREEN_IS
2026-08-26T17:25:47+00:00 SKIP_EXISTING [826/900] id=OAFX0826 window=IS
2026-08-26T17:25:47+00:00 SKIP_EXISTING [827/900] id=OAFX0827 window=IS
2026-08-26T17:25:47+00:00 SKIP_EXISTING [828/900] id=OAFX0828 window=IS
2026-08-26T17:25:47+00:00 GATE_SKIP id=OAFX0829 window=IS reason=SINGLE_SLEEVE_INFERIOR decision=SCREEN_OUT_SINGLE_SLEEVE net=81826.0 PF=1.2087 DD=20.8489%
2026-08-26T17:25:47+00:00 SKIP_EXISTING [826/900] id=OAFX0826 window=OOS
2026-08-26T17:25:47+00:00 SKIP_EXISTING [827/900] id=OAFX0827 window=OOS
2026-08-26T17:25:47+00:00 SKIP_EXISTING [828/900] id=OAFX0828 window=OOS
2026-08-26T17:25:47+00:00 SCREEN_BYPASS [830/900] id=OAFX0830 route=FULLBOOK_DIRECT reason=OafxLossScope=2 (SCA両枠) の実現損失を参照するため、単独枠では効果を測定不能
2026-08-26T17:25:47+00:00 SCREEN_BYPASS [831/900] id=OAFX0831 route=FULLBOOK_DIRECT reason=OafxLossScope=3 (全9枠) の実現損失を参照するため、単独枠では効果を測定不能
2026-08-26T17:25:47+00:00 SCREEN_BYPASS [832/900] id=OAFX0832 route=FULLBOOK_DIRECT reason=OafxLossScope=4 (重複相手枠) の実現損失を参照するため、単独枠では効果を測定不能
2026-08-26T17:25:47+00:00 SKIP_EXISTING [833/900] id=OAFX0833 window=SCREEN_IS
2026-08-26T17:25:47+00:00 SKIP_EXISTING [830/900] id=OAFX0830 window=IS
2026-08-26T17:25:47+00:00 SKIP_EXISTING [831/900] id=OAFX0831 window=IS
2026-08-26T17:25:47+00:00 SKIP_EXISTING [832/900] id=OAFX0832 window=IS
2026-08-26T17:25:47+00:00 GATE_SKIP id=OAFX0833 window=IS reason=SINGLE_SLEEVE_INFERIOR decision=SCREEN_OUT_SINGLE_SLEEVE net=84921.0 PF=1.2184 DD=19.5314%
2026-08-26T17:25:47+00:00 SKIP_EXISTING [830/900] id=OAFX0830 window=OOS
2026-08-26T17:25:47+00:00 SKIP_EXISTING [831/900] id=OAFX0831 window=OOS
2026-08-26T17:25:47+00:00 SKIP_EXISTING [832/900] id=OAFX0832 window=OOS
2026-08-26T17:25:47+00:00 SCREEN_BYPASS [834/900] id=OAFX0834 route=FULLBOOK_DIRECT reason=OafxLossScope=2 (SCA両枠) の実現損失を参照するため、単独枠では効果を測定不能
2026-08-26T17:25:47+00:00 SCREEN_BYPASS [835/900] id=OAFX0835 route=FULLBOOK_DIRECT reason=OafxLossScope=3 (全9枠) の実現損失を参照するため、単独枠では効果を測定不能
2026-08-26T17:25:47+00:00 SCREEN_BYPASS [836/900] id=OAFX0836 route=FULLBOOK_DIRECT reason=OafxLossScope=4 (重複相手枠) の実現損失を参照するため、単独枠では効果を測定不能
2026-08-26T17:25:47+00:00 SKIP_EXISTING [837/900] id=OAFX0837 window=SCREEN_IS
2026-08-26T17:25:47+00:00 SKIP_EXISTING [834/900] id=OAFX0834 window=IS
2026-08-26T17:25:47+00:00 SKIP_EXISTING [835/900] id=OAFX0835 window=IS
2026-08-26T17:25:47+00:00 SKIP_EXISTING [836/900] id=OAFX0836 window=IS
2026-08-26T17:25:47+00:00 GATE_SKIP id=OAFX0837 window=IS reason=SINGLE_SLEEVE_INFERIOR decision=SCREEN_OUT_SINGLE_SLEEVE net=84921.0 PF=1.2184 DD=19.5314%
2026-08-26T17:25:47+00:00 SKIP_EXISTING [834/900] id=OAFX0834 window=OOS
2026-08-26T17:25:47+00:00 SKIP_EXISTING [835/900] id=OAFX0835 window=OOS
2026-08-26T17:25:47+00:00 SKIP_EXISTING [836/900] id=OAFX0836 window=OOS
2026-08-26T17:25:47+00:00 SCREEN_BYPASS [838/900] id=OAFX0838 route=FULLBOOK_DIRECT reason=OafxLossScope=2 (SCA両枠) の実現損失を参照するため、単独枠では効果を測定不能
2026-08-26T17:25:47+00:00 SCREEN_BYPASS [839/900] id=OAFX0839 route=FULLBOOK_DIRECT reason=OafxLossScope=3 (全9枠) の実現損失を参照するため、単独枠では効果を測定不能
2026-08-26T17:25:47+00:00 SCREEN_BYPASS [840/900] id=OAFX0840 route=FULLBOOK_DIRECT reason=OafxLossScope=4 (重複相手枠) の実現損失を参照するため、単独枠では効果を測定不能
2026-08-26T17:25:47+00:00 SCREEN_SKIP_EXISTING_FULLBOOK [841/900] id=OAFX0841 reason=existing fullbook IS retained
2026-08-26T17:25:47+00:00 SKIP_EXISTING [838/900] id=OAFX0838 window=IS
2026-08-26T17:25:47+00:00 SKIP_EXISTING [839/900] id=OAFX0839 window=IS
2026-08-26T17:25:47+00:00 SKIP_EXISTING [840/900] id=OAFX0840 window=IS
2026-08-26T17:25:47+00:00 SKIP_EXISTING [841/900] id=OAFX0841 window=IS
2026-08-26T17:25:47+00:00 SKIP_EXISTING [838/900] id=OAFX0838 window=OOS
2026-08-26T17:25:47+00:00 SKIP_EXISTING [839/900] id=OAFX0839 window=OOS
2026-08-26T17:25:47+00:00 SKIP_EXISTING [840/900] id=OAFX0840 window=OOS
2026-08-26T17:25:47+00:00 SKIP_EXISTING [841/900] id=OAFX0841 window=OOS
2026-08-26T17:25:47+00:00 SCREEN_BYPASS [842/900] id=OAFX0842 route=FULLBOOK_DIRECT reason=OafxLossScope=2 (SCA両枠) の実現損失を参照するため、単独枠では効果を測定不能
2026-08-26T17:25:47+00:00 SCREEN_BYPASS [843/900] id=OAFX0843 route=FULLBOOK_DIRECT reason=OafxLossScope=3 (全9枠) の実現損失を参照するため、単独枠では効果を測定不能
2026-08-26T17:25:47+00:00 SCREEN_BYPASS [844/900] id=OAFX0844 route=FULLBOOK_DIRECT reason=OafxLossScope=4 (重複相手枠) の実現損失を参照するため、単独枠では効果を測定不能
2026-08-26T17:25:47+00:00 SKIP_EXISTING [845/900] id=OAFX0845 window=SCREEN_IS
2026-08-26T17:25:47+00:00 SKIP_EXISTING [842/900] id=OAFX0842 window=IS
2026-08-26T17:25:47+00:00 RUN_START id=OAFX0843 family=sca_gj_realized_loss_cooldown window=IS terminal=PROD run=oafx_is_oafx0843_20260827022547_798b76
2026-08-26T17:25:47+00:00 SKIP_EXISTING [844/900] id=OAFX0844 window=IS
2026-08-26T17:25:47+00:00 RUN_START id=OAFX0845 family=sca_gj_realized_loss_cooldown window=IS terminal=BT3 run=oafx_is_oafx0845_20260827022547_61c82f
2026-08-26T17:25:47+00:00 SKIP_EXISTING [842/900] id=OAFX0842 window=OOS
2026-08-26T17:25:47+00:00 SKIP_BASELINE_OOS reason=existing actual measurement
2026-08-26T17:25:47+00:00 SCREEN_BYPASS [846/900] id=OAFX0846 route=FULLBOOK_DIRECT reason=OafxLossScope=2 (SCA両枠) の実現損失を参照するため、単独枠では効果を測定不能
2026-08-26T17:25:47+00:00 RUN_START id=OAFX0844 family=sca_gj_realized_loss_cooldown window=OOS terminal=BT2 run=oafx_oos_oafx0844_20260827022547_ace549
2026-08-26T17:25:47+00:00 SKIP_EXISTING [846/900] id=OAFX0846 window=IS
2026-08-26T17:25:47+00:00 SKIP_BASELINE_OOS reason=existing actual measurement
2026-08-26T17:25:47+00:00 RUN_START id=OAFX0846 family=sca_gj_realized_loss_cooldown window=OOS terminal=BT4 run=oafx_oos_oafx0846_20260827022547_264e0c
2026-08-26T17:25:48+00:00 WAIT_LAUNCH_SLOT terminal=PROD seconds=6.4
2026-08-26T17:25:48+00:00 WAIT_LAUNCH_SLOT terminal=BT3 seconds=14.4
2026-08-26T17:25:48+00:00 WAIT_LAUNCH_SLOT terminal=BT4 seconds=22.4
2026-08-26T17:25:48+00:00 WAIT_LAUNCH_SLOT terminal=BT2 seconds=30.4
2026-08-26T17:25:55+00:00 RUN_HEARTBEAT terminal=PROD pid=44520 elapsed=0s
2026-08-26T17:26:03+00:00 RUN_HEARTBEAT terminal=BT3 pid=31680 elapsed=0s
2026-08-26T17:26:11+00:00 RUN_HEARTBEAT terminal=BT4 pid=47500 elapsed=0s
2026-08-26T17:26:20+00:00 RUN_HEARTBEAT terminal=BT2 pid=42388 elapsed=0s
2026-08-26T17:26:52+00:00 RUN_HEARTBEAT terminal=BT1 pid=50480 elapsed=65s
2026-08-26T17:27:01+00:00 RUN_HEARTBEAT terminal=PROD pid=44520 elapsed=66s
2026-08-26T17:27:08+00:00 RUN_HEARTBEAT terminal=BT3 pid=31680 elapsed=65s
2026-08-26T17:27:17+00:00 RUN_HEARTBEAT terminal=BT4 pid=47500 elapsed=65s
2026-08-26T17:27:24+00:00 RUN_HEARTBEAT terminal=BT2 pid=42388 elapsed=65s
2026-08-26T17:27:56+00:00 RUN_HEARTBEAT terminal=BT1 pid=50480 elapsed=129s
2026-08-26T17:28:05+00:00 RUN_HEARTBEAT terminal=PROD pid=44520 elapsed=130s
2026-08-26T17:28:13+00:00 RUN_HEARTBEAT terminal=BT3 pid=31680 elapsed=129s
2026-08-26T17:28:21+00:00 RUN_HEARTBEAT terminal=BT4 pid=47500 elapsed=130s
2026-08-26T17:28:29+00:00 RUN_HEARTBEAT terminal=BT2 pid=42388 elapsed=129s
2026-08-26T17:29:02+00:00 RUN_HEARTBEAT terminal=BT1 pid=50480 elapsed=194s
2026-08-26T17:29:11+00:00 RUN_HEARTBEAT terminal=PROD pid=44520 elapsed=194s
2026-08-26T17:29:19+00:00 RUN_HEARTBEAT terminal=BT3 pid=31680 elapsed=195s
2026-08-26T17:29:27+00:00 RUN_HEARTBEAT terminal=BT4 pid=47500 elapsed=195s
2026-08-26T17:29:35+00:00 RUN_HEARTBEAT terminal=BT2 pid=42388 elapsed=195s
2026-08-26T17:30:08+00:00 RUN_HEARTBEAT terminal=BT1 pid=50480 elapsed=261s
2026-08-26T17:30:16+00:00 RUN_HEARTBEAT terminal=PROD pid=44520 elapsed=261s
2026-08-26T17:30:24+00:00 RUN_HEARTBEAT terminal=BT3 pid=31680 elapsed=261s
2026-08-26T17:30:32+00:00 RUN_HEARTBEAT terminal=BT4 pid=47500 elapsed=261s
2026-08-26T17:30:40+00:00 RUN_HEARTBEAT terminal=BT2 pid=42388 elapsed=261s
2026-08-26T17:31:13+00:00 RUN_HEARTBEAT terminal=BT1 pid=50480 elapsed=325s
2026-08-26T17:31:20+00:00 RUN_HEARTBEAT terminal=PROD pid=44520 elapsed=325s
2026-08-26T17:31:29+00:00 RUN_HEARTBEAT terminal=BT3 pid=31680 elapsed=325s
2026-08-26T17:31:36+00:00 RUN_HEARTBEAT terminal=BT4 pid=47500 elapsed=325s
2026-08-26T17:31:45+00:00 RUN_HEARTBEAT terminal=BT2 pid=42388 elapsed=325s
2026-08-26T17:32:17+00:00 RUN_HEARTBEAT terminal=BT1 pid=50480 elapsed=390s
2026-08-26T17:32:25+00:00 RUN_HEARTBEAT terminal=PROD pid=44520 elapsed=389s
2026-08-26T17:32:33+00:00 RUN_HEARTBEAT terminal=BT3 pid=31680 elapsed=390s
2026-08-26T17:32:42+00:00 RUN_HEARTBEAT terminal=BT4 pid=47500 elapsed=390s
2026-08-26T17:32:50+00:00 RUN_HEARTBEAT terminal=BT2 pid=42388 elapsed=390s
2026-08-26T17:33:23+00:00 RUN_HEARTBEAT terminal=BT1 pid=50480 elapsed=455s
2026-08-26T17:33:31+00:00 RUN_HEARTBEAT terminal=PROD pid=44520 elapsed=455s
2026-08-26T17:33:39+00:00 RUN_HEARTBEAT terminal=BT3 pid=31680 elapsed=455s
2026-08-26T17:33:47+00:00 RUN_HEARTBEAT terminal=BT4 pid=47500 elapsed=455s
2026-08-26T17:33:55+00:00 RUN_HEARTBEAT terminal=BT2 pid=42388 elapsed=455s
2026-08-26T17:34:28+00:00 RUN_HEARTBEAT terminal=BT1 pid=50480 elapsed=520s
2026-08-26T17:34:37+00:00 RUN_HEARTBEAT terminal=PROD pid=44520 elapsed=521s
2026-08-26T17:34:45+00:00 RUN_HEARTBEAT terminal=BT3 pid=31680 elapsed=521s
2026-08-26T17:34:54+00:00 RUN_HEARTBEAT terminal=BT4 pid=47500 elapsed=522s
2026-08-26T17:35:01+00:00 RUN_HEARTBEAT terminal=BT2 pid=42388 elapsed=521s
2026-08-26T17:35:34+00:00 RUN_HEARTBEAT terminal=BT1 pid=50480 elapsed=587s
2026-08-26T17:35:43+00:00 RUN_HEARTBEAT terminal=PROD pid=44520 elapsed=587s
2026-08-26T17:35:51+00:00 RUN_HEARTBEAT terminal=BT3 pid=31680 elapsed=587s
2026-08-26T17:36:00+00:00 RUN_HEARTBEAT terminal=BT4 pid=47500 elapsed=587s
2026-08-26T17:36:07+00:00 RUN_HEARTBEAT terminal=BT2 pid=42388 elapsed=588s
2026-08-26T17:36:41+00:00 RUN_HEARTBEAT terminal=BT1 pid=50480 elapsed=652s
2026-08-26T17:36:49+00:00 RUN_HEARTBEAT terminal=PROD pid=44520 elapsed=653s
2026-08-26T17:36:57+00:00 RUN_HEARTBEAT terminal=BT3 pid=31680 elapsed=653s
2026-08-26T17:37:05+00:00 RUN_HEARTBEAT terminal=BT4 pid=47500 elapsed=653s
2026-08-26T17:37:13+00:00 RUN_HEARTBEAT terminal=BT2 pid=42388 elapsed=654s
2026-08-26T17:37:46+00:00 RUN_HEARTBEAT terminal=BT1 pid=50480 elapsed=718s
2026-08-26T17:37:54+00:00 RUN_HEARTBEAT terminal=PROD pid=44520 elapsed=719s
2026-08-26T17:38:02+00:00 RUN_HEARTBEAT terminal=BT3 pid=31680 elapsed=719s
2026-08-26T17:38:10+00:00 RUN_HEARTBEAT terminal=BT4 pid=47500 elapsed=719s
2026-08-26T17:38:19+00:00 RUN_HEARTBEAT terminal=BT2 pid=42388 elapsed=719s
2026-08-26T17:38:51+00:00 RUN_HEARTBEAT terminal=BT1 pid=50480 elapsed=784s
2026-08-26T17:38:59+00:00 RUN_HEARTBEAT terminal=PROD pid=44520 elapsed=784s
2026-08-26T17:39:07+00:00 RUN_HEARTBEAT terminal=BT3 pid=31680 elapsed=784s
2026-08-26T17:39:16+00:00 RUN_HEARTBEAT terminal=BT4 pid=47500 elapsed=784s
2026-08-26T17:39:24+00:00 RUN_HEARTBEAT terminal=BT2 pid=42388 elapsed=784s
2026-08-26T17:39:40+00:00 RUN_END id=OAFX0192 window=IS terminal=BT1 status=OK decision=IS_SURVIVOR_STRICT elapsed=834.237s
2026-08-26T17:39:40+00:00 SKIP_BASELINE_OOS reason=existing actual measurement
2026-08-26T17:39:40+00:00 RUN_START id=OAFX0192 family=sca_gj_boost_rr_direction window=OOS terminal=BT1 run=oafx_oos_oafx0192_20260827023940_9e95ac
2026-08-26T17:39:42+00:00 RUN_HEARTBEAT terminal=BT1 pid=31256 elapsed=0s
2026-08-26T17:40:03+00:00 RUN_HEARTBEAT terminal=PROD pid=44520 elapsed=848s
2026-08-26T17:40:11+00:00 RUN_HEARTBEAT terminal=BT3 pid=31680 elapsed=848s
2026-08-26T17:40:19+00:00 RUN_HEARTBEAT terminal=BT4 pid=47500 elapsed=848s
2026-08-26T17:40:27+00:00 RUN_HEARTBEAT terminal=BT2 pid=42388 elapsed=848s
2026-08-26T17:40:45+00:00 RUN_HEARTBEAT terminal=BT1 pid=31256 elapsed=63s
2026-08-26T17:41:07+00:00 RUN_END id=OAFX0843 window=IS terminal=PROD status=OK decision=IS_REJECT elapsed=919.797s
2026-08-26T17:41:07+00:00 GATE_SKIP id=OAFX0843 window=OOS reason=IS_NOT_SURVIVOR decision=IS_REJECT net=330614.0 PF=1.5669 DD=49.0302%
2026-08-26T17:41:07+00:00 SCREEN_BYPASS [847/900] id=OAFX0847 route=FULLBOOK_DIRECT reason=OafxLossScope=3 (全9枠) の実現損失を参照するため、単独枠では効果を測定不能
2026-08-26T17:41:07+00:00 SKIP_EXISTING [847/900] id=OAFX0847 window=IS
2026-08-26T17:41:07+00:00 SKIP_BASELINE_OOS reason=existing actual measurement
2026-08-26T17:41:07+00:00 RUN_START id=OAFX0847 family=sca_gj_realized_loss_cooldown window=OOS terminal=PROD run=oafx_oos_oafx0847_20260827024107_97a464
2026-08-26T17:41:09+00:00 RUN_HEARTBEAT terminal=PROD pid=46680 elapsed=0s
2026-08-26T17:41:15+00:00 RUN_HEARTBEAT terminal=BT3 pid=31680 elapsed=912s
2026-08-26T17:41:23+00:00 RUN_HEARTBEAT terminal=BT4 pid=47500 elapsed=912s
2026-08-26T17:41:31+00:00 RUN_HEARTBEAT terminal=BT2 pid=42388 elapsed=912s
2026-08-26T17:41:48+00:00 RUN_HEARTBEAT terminal=BT1 pid=31256 elapsed=127s
2026-08-26T17:42:12+00:00 RUN_HEARTBEAT terminal=PROD pid=46680 elapsed=63s
2026-08-26T17:42:20+00:00 RUN_HEARTBEAT terminal=BT3 pid=31680 elapsed=977s
2026-08-26T17:42:26+00:00 RUN_HEARTBEAT terminal=BT4 pid=47500 elapsed=975s
2026-08-26T17:42:37+00:00 RUN_HEARTBEAT terminal=BT2 pid=42388 elapsed=977s
2026-08-26T17:42:53+00:00 RUN_HEARTBEAT terminal=BT1 pid=31256 elapsed=191s
2026-08-26T17:43:16+00:00 RUN_HEARTBEAT terminal=PROD pid=46680 elapsed=127s
2026-08-26T17:43:25+00:00 RUN_HEARTBEAT terminal=BT3 pid=31680 elapsed=1042s
2026-08-26T17:43:30+00:00 RUN_HEARTBEAT terminal=BT4 pid=47500 elapsed=1039s
2026-08-26T17:43:42+00:00 RUN_HEARTBEAT terminal=BT2 pid=42388 elapsed=1042s
2026-08-26T17:43:59+00:00 RUN_HEARTBEAT terminal=BT1 pid=31256 elapsed=256s
2026-08-26T17:44:19+00:00 RUN_HEARTBEAT terminal=PROD pid=46680 elapsed=190s
2026-08-26T17:44:31+00:00 RUN_HEARTBEAT terminal=BT3 pid=31680 elapsed=1107s
2026-08-26T17:44:33+00:00 RUN_HEARTBEAT terminal=BT4 pid=47500 elapsed=1102s
2026-08-26T17:44:47+00:00 RUN_HEARTBEAT terminal=BT2 pid=42388 elapsed=1108s
2026-08-26T17:44:47+00:00 RUN_END id=OAFX0845 window=IS terminal=BT3 status=OK decision=IS_SURVIVOR_STRICT elapsed=1140.162s
2026-08-26T17:44:47+00:00 SKIP_BASELINE_OOS reason=existing actual measurement
2026-08-26T17:44:47+00:00 RUN_START id=OAFX0845 family=sca_gj_realized_loss_cooldown window=OOS terminal=BT3 run=oafx_oos_oafx0845_20260827024447_11994d
2026-08-26T17:44:49+00:00 RUN_HEARTBEAT terminal=BT3 pid=50112 elapsed=0s
2026-08-26T17:45:03+00:00 RUN_HEARTBEAT terminal=BT1 pid=31256 elapsed=322s
2026-08-26T17:45:23+00:00 RUN_HEARTBEAT terminal=PROD pid=46680 elapsed=254s
2026-08-26T17:45:37+00:00 RUN_HEARTBEAT terminal=BT4 pid=47500 elapsed=1166s
2026-08-26T17:45:52+00:00 RUN_HEARTBEAT terminal=BT2 pid=42388 elapsed=1173s
2026-08-26T17:45:53+00:00 RUN_HEARTBEAT terminal=BT3 pid=50112 elapsed=64s
2026-08-26T17:46:08+00:00 RUN_HEARTBEAT terminal=BT1 pid=31256 elapsed=386s
2026-08-26T17:46:24+00:00 RUN_END id=OAFX0846 window=OOS terminal=BT4 status=FAILED decision=RUN_FAILED elapsed=1236.641s
2026-08-26T17:46:24+00:00 SCREEN_BYPASS [848/900] id=OAFX0848 route=FULLBOOK_DIRECT reason=OafxLossScope=4 (重複相手枠) の実現損失を参照するため、単独枠では効果を測定不能
2026-08-26T17:46:24+00:00 SKIP_EXISTING [848/900] id=OAFX0848 window=IS
2026-08-26T17:46:24+00:00 SKIP_BASELINE_OOS reason=existing actual measurement
2026-08-26T17:46:24+00:00 RUN_START id=OAFX0848 family=sca_gj_realized_loss_cooldown window=OOS terminal=BT4 run=oafx_oos_oafx0848_20260827024624_c71577
2026-08-26T17:46:25+00:00 WAIT_MT5_IDLE terminal=BT4 elapsed=1s pids=[44852]
2026-08-26T17:46:25+00:00 RUN_END id=OAFX0844 window=OOS terminal=BT2 status=OK decision=STRICT_IMPROVEMENT elapsed=1237.455s
2026-08-26T17:46:25+00:00 RUN_START id=OAFX0849 family=sca_gj_realized_loss_cooldown window=SCREEN_IS terminal=BT2 run=oafx_screen_is_oafx0849_20260827024625_b41cf6
2026-08-26T17:46:26+00:00 RUN_HEARTBEAT terminal=BT2 pid=27880 elapsed=0s
2026-08-26T17:46:26+00:00 RUN_HEARTBEAT terminal=PROD pid=46680 elapsed=318s
2026-08-26T17:46:57+00:00 RUN_HEARTBEAT terminal=BT3 pid=50112 elapsed=127s
2026-08-26T17:47:14+00:00 RUN_HEARTBEAT terminal=BT1 pid=31256 elapsed=451s
2026-08-26T17:47:30+00:00 RUN_HEARTBEAT terminal=BT2 pid=27880 elapsed=63s
2026-08-26T17:47:30+00:00 RUN_HEARTBEAT terminal=PROD pid=46680 elapsed=381s
2026-08-26T17:47:30+00:00 WAIT_MT5_IDLE terminal=BT4 elapsed=66s pids=[44852]
2026-08-26T17:48:03+00:00 RUN_HEARTBEAT terminal=BT3 pid=50112 elapsed=194s
2026-08-26T17:48:19+00:00 RUN_HEARTBEAT terminal=BT1 pid=31256 elapsed=517s
2026-08-26T17:48:36+00:00 WAIT_MT5_IDLE terminal=BT4 elapsed=132s pids=[44852]
2026-08-26T17:48:36+00:00 RUN_HEARTBEAT terminal=BT2 pid=27880 elapsed=129s
2026-08-26T17:48:36+00:00 RUN_HEARTBEAT terminal=PROD pid=46680 elapsed=447s
2026-08-26T17:49:09+00:00 RUN_HEARTBEAT terminal=BT3 pid=50112 elapsed=259s
2026-08-26T17:49:25+00:00 RUN_HEARTBEAT terminal=BT1 pid=31256 elapsed=583s
2026-08-26T17:49:42+00:00 RUN_HEARTBEAT terminal=BT2 pid=27880 elapsed=195s
2026-08-26T17:49:42+00:00 RUN_HEARTBEAT terminal=PROD pid=46680 elapsed=513s
2026-08-26T17:49:42+00:00 WAIT_MT5_IDLE terminal=BT4 elapsed=198s pids=[44852]
2026-08-26T17:49:58+00:00 RUN_END id=OAFX0849 window=SCREEN_IS terminal=BT2 status=OK decision=SCREEN_PASS_STRICT elapsed=213.676s
2026-08-26T17:49:58+00:00 RUN_START id=OAFX0849 family=sca_gj_realized_loss_cooldown window=IS terminal=BT2 run=oafx_is_oafx0849_20260827024958_9b8a9c
2026-08-26T17:50:00+00:00 RUN_HEARTBEAT terminal=BT2 pid=49792 elapsed=0s
2026-08-26T17:50:15+00:00 RUN_HEARTBEAT terminal=BT3 pid=50112 elapsed=325s
2026-08-26T17:50:31+00:00 RUN_HEARTBEAT terminal=BT1 pid=31256 elapsed=649s
2026-08-26T17:50:48+00:00 RUN_HEARTBEAT terminal=PROD pid=46680 elapsed=578s
2026-08-26T17:50:48+00:00 WAIT_MT5_IDLE terminal=BT4 elapsed=264s pids=[44852]
2026-08-26T17:51:04+00:00 RUN_HEARTBEAT terminal=BT2 pid=49792 elapsed=64s
2026-08-26T17:51:22+00:00 RUN_HEARTBEAT terminal=BT3 pid=50112 elapsed=391s
2026-08-26T17:51:38+00:00 RUN_HEARTBEAT terminal=BT1 pid=31256 elapsed=716s
2026-08-26T17:51:38+00:00 KILL_ORPHAN_TESTER terminal=BT4 pids=[44852] orphan_seconds=314
2026-08-26T17:51:55+00:00 RUN_HEARTBEAT terminal=PROD pid=46680 elapsed=645s
2026-08-26T17:51:56+00:00 RUN_HEARTBEAT terminal=BT4 pid=31400 elapsed=0s
2026-08-26T17:52:11+00:00 RUN_HEARTBEAT terminal=BT2 pid=49792 elapsed=131s
2026-08-26T17:52:28+00:00 RUN_HEARTBEAT terminal=BT3 pid=50112 elapsed=458s
2026-08-26T17:52:28+00:00 WAIT_MT5_IDLE terminal=PROD elapsed=1s pids=[43768]
2026-08-26T17:52:44+00:00 RUN_HEARTBEAT terminal=BT1 pid=31256 elapsed=782s
2026-08-26T17:53:01+00:00 RUN_HEARTBEAT terminal=BT4 pid=31400 elapsed=65s
2026-08-26T17:53:17+00:00 RUN_HEARTBEAT terminal=BT2 pid=49792 elapsed=197s
2026-08-26T17:53:34+00:00 WAIT_MT5_IDLE terminal=PROD elapsed=68s pids=[43768]
2026-08-26T17:53:34+00:00 RUN_HEARTBEAT terminal=BT3 pid=50112 elapsed=524s
2026-08-26T17:53:51+00:00 RUN_HEARTBEAT terminal=BT1 pid=31256 elapsed=848s
2026-08-26T17:54:08+00:00 RUN_HEARTBEAT terminal=BT4 pid=31400 elapsed=131s
2026-08-26T17:54:25+00:00 RUN_HEARTBEAT terminal=BT2 pid=49792 elapsed=264s
2026-08-26T17:54:42+00:00 RUN_HEARTBEAT terminal=BT3 pid=50112 elapsed=592s
2026-08-26T17:54:42+00:00 WAIT_MT5_IDLE terminal=PROD elapsed=136s pids=[43768]
2026-08-26T17:54:59+00:00 RUN_HEARTBEAT terminal=BT1 pid=31256 elapsed=916s
2026-08-26T17:55:15+00:00 RUN_HEARTBEAT terminal=BT4 pid=31400 elapsed=199s
2026-08-26T17:55:32+00:00 RUN_HEARTBEAT terminal=BT2 pid=49792 elapsed=331s
2026-08-26T17:55:48+00:00 WAIT_MT5_IDLE terminal=PROD elapsed=202s pids=[43768]
2026-08-26T17:55:48+00:00 RUN_HEARTBEAT terminal=BT3 pid=50112 elapsed=658s
2026-08-26T17:56:04+00:00 RUN_END id=OAFX0192 window=OOS terminal=BT1 status=OK decision=DD_IMPROVEMENT elapsed=984.338s
2026-08-26T17:56:04+00:00 SCREEN_BYPASS [850/900] id=OAFX0850 route=FULLBOOK_DIRECT reason=OafxLossScope=2 (SCA両枠) の実現損失を参照するため、単独枠では効果を測定不能
2026-08-26T17:56:04+00:00 RUN_START id=OAFX0850 family=sca_gj_realized_loss_cooldown window=IS terminal=BT1 run=oafx_is_oafx0850_20260827025604_06dde3
2026-08-26T17:56:06+00:00 RUN_HEARTBEAT terminal=BT1 pid=50992 elapsed=0s
2026-08-26T17:56:20+00:00 RUN_HEARTBEAT terminal=BT4 pid=31400 elapsed=264s
2026-08-26T17:56:36+00:00 RUN_HEARTBEAT terminal=BT2 pid=49792 elapsed=396s
2026-08-26T17:56:52+00:00 RUN_HEARTBEAT terminal=BT3 pid=50112 elapsed=723s
2026-08-26T17:56:52+00:00 WAIT_MT5_IDLE terminal=PROD elapsed=266s pids=[43768]
2026-08-26T17:57:09+00:00 RUN_HEARTBEAT terminal=BT1 pid=50992 elapsed=63s
2026-08-26T17:57:25+00:00 RUN_HEARTBEAT terminal=BT4 pid=31400 elapsed=329s
2026-08-26T17:57:41+00:00 RUN_HEARTBEAT terminal=BT2 pid=49792 elapsed=461s
2026-08-26T17:57:41+00:00 KILL_ORPHAN_TESTER terminal=PROD pids=[43768] orphan_seconds=314
2026-08-26T17:57:57+00:00 RUN_HEARTBEAT terminal=BT3 pid=50112 elapsed=788s
2026-08-26T17:57:58+00:00 RUN_END id=OAFX0847 window=OOS terminal=PROD status=OK decision=STRICT_IMPROVEMENT elapsed=1010.628s
2026-08-26T17:57:58+00:00 SCREEN_BYPASS [851/900] id=OAFX0851 route=FULLBOOK_DIRECT reason=OafxLossScope=3 (全9枠) の実現損失を参照するため、単独枠では効果を測定不能
2026-08-26T17:57:58+00:00 RUN_START id=OAFX0851 family=sca_gj_realized_loss_cooldown window=IS terminal=PROD run=oafx_is_oafx0851_20260827025758_aa42d2
2026-08-26T17:57:59+00:00 RUN_HEARTBEAT terminal=PROD pid=21088 elapsed=0s
2026-08-26T17:58:14+00:00 RUN_HEARTBEAT terminal=BT1 pid=50992 elapsed=128s
2026-08-26T17:58:30+00:00 RUN_HEARTBEAT terminal=BT4 pid=31400 elapsed=394s
2026-08-26T17:58:46+00:00 RUN_HEARTBEAT terminal=BT2 pid=49792 elapsed=526s
2026-08-26T17:59:03+00:00 RUN_HEARTBEAT terminal=PROD pid=21088 elapsed=63s
2026-08-26T17:59:03+00:00 RUN_HEARTBEAT terminal=BT3 pid=50112 elapsed=853s
2026-08-26T17:59:20+00:00 RUN_HEARTBEAT terminal=BT1 pid=50992 elapsed=193s
2026-08-26T17:59:36+00:00 RUN_HEARTBEAT terminal=BT4 pid=31400 elapsed=460s
2026-08-26T17:59:52+00:00 RUN_HEARTBEAT terminal=BT2 pid=49792 elapsed=592s
2026-08-26T18:00:09+00:00 RUN_HEARTBEAT terminal=BT3 pid=50112 elapsed=919s
2026-08-26T18:00:09+00:00 RUN_HEARTBEAT terminal=PROD pid=21088 elapsed=129s
2026-08-26T18:00:25+00:00 RUN_HEARTBEAT terminal=BT1 pid=50992 elapsed=259s
2026-08-26T18:00:42+00:00 RUN_HEARTBEAT terminal=BT4 pid=31400 elapsed=526s
2026-08-26T18:00:58+00:00 RUN_HEARTBEAT terminal=BT2 pid=49792 elapsed=658s
2026-08-26T18:01:15+00:00 RUN_HEARTBEAT terminal=PROD pid=21088 elapsed=195s
2026-08-26T18:01:15+00:00 RUN_HEARTBEAT terminal=BT3 pid=50112 elapsed=985s
2026-08-26T18:01:31+00:00 RUN_HEARTBEAT terminal=BT1 pid=50992 elapsed=325s
2026-08-26T18:01:48+00:00 RUN_HEARTBEAT terminal=BT4 pid=31400 elapsed=591s
2026-08-26T18:02:04+00:00 RUN_HEARTBEAT terminal=BT2 pid=49792 elapsed=724s
2026-08-26T18:02:20+00:00 RUN_HEARTBEAT terminal=PROD pid=21088 elapsed=261s
2026-08-26T18:02:20+00:00 RUN_END id=OAFX0845 window=OOS terminal=BT3 status=OK decision=STRICT_IMPROVEMENT elapsed=1052.867s
2026-08-26T18:02:20+00:00 SCREEN_BYPASS [852/900] id=OAFX0852 route=FULLBOOK_DIRECT reason=OafxLossScope=4 (重複相手枠) の実現損失を参照するため、単独枠では効果を測定不能
2026-08-26T18:02:20+00:00 RUN_START id=OAFX0852 family=sca_gj_realized_loss_cooldown window=IS terminal=BT3 run=oafx_is_oafx0852_20260827030220_6bb7f5
2026-08-26T18:02:22+00:00 RUN_HEARTBEAT terminal=BT3 pid=49072 elapsed=0s
2026-08-26T18:02:36+00:00 RUN_HEARTBEAT terminal=BT1 pid=50992 elapsed=390s
2026-08-26T18:02:36+00:00 RUN_END id=OAFX0848 window=OOS terminal=BT4 status=OK decision=STRICT_IMPROVEMENT elapsed=972.256s
2026-08-26T18:02:36+00:00 RUN_START id=OAFX0853 family=sca_gj_realized_loss_cooldown window=SCREEN_IS terminal=BT4 run=oafx_screen_is_oafx0853_20260827030236_e1bdf2
2026-08-26T18:02:38+00:00 RUN_HEARTBEAT terminal=BT4 pid=48360 elapsed=0s
2026-08-26T18:03:08+00:00 RUN_END id=OAFX0849 window=IS terminal=BT2 status=OK decision=IS_SURVIVOR_STRICT elapsed=790.212s
2026-08-26T18:03:08+00:00 SKIP_BASELINE_OOS reason=existing actual measurement
2026-08-26T18:03:08+00:00 RUN_START id=OAFX0849 family=sca_gj_realized_loss_cooldown window=OOS terminal=BT2 run=oafx_oos_oafx0849_20260827030308_59ad14
2026-08-26T18:03:10+00:00 RUN_HEARTBEAT terminal=BT2 pid=42360 elapsed=0s
2026-08-26T18:03:25+00:00 RUN_HEARTBEAT terminal=PROD pid=21088 elapsed=325s
2026-08-26T18:03:25+00:00 RUN_HEARTBEAT terminal=BT3 pid=49072 elapsed=64s
2026-08-26T18:03:41+00:00 RUN_HEARTBEAT terminal=BT4 pid=48360 elapsed=64s
2026-08-26T18:03:41+00:00 RUN_HEARTBEAT terminal=BT1 pid=50992 elapsed=455s
2026-08-26T18:04:14+00:00 RUN_HEARTBEAT terminal=BT2 pid=42360 elapsed=64s
2026-08-26T18:04:31+00:00 RUN_HEARTBEAT terminal=BT3 pid=49072 elapsed=128s
2026-08-26T18:04:31+00:00 RUN_HEARTBEAT terminal=PROD pid=21088 elapsed=391s
2026-08-26T18:04:47+00:00 RUN_HEARTBEAT terminal=BT4 pid=48360 elapsed=129s
2026-08-26T18:04:47+00:00 RUN_HEARTBEAT terminal=BT1 pid=50992 elapsed=521s
2026-08-26T18:05:20+00:00 RUN_HEARTBEAT terminal=BT2 pid=42360 elapsed=130s
2026-08-26T18:05:37+00:00 RUN_HEARTBEAT terminal=BT3 pid=49072 elapsed=195s
2026-08-26T18:05:37+00:00 RUN_HEARTBEAT terminal=PROD pid=21088 elapsed=457s
2026-08-26T18:05:53+00:00 RUN_HEARTBEAT terminal=BT1 pid=50992 elapsed=587s
2026-08-26T18:05:53+00:00 RUN_HEARTBEAT terminal=BT4 pid=48360 elapsed=195s
2026-08-26T18:06:26+00:00 RUN_HEARTBEAT terminal=BT2 pid=42360 elapsed=196s
2026-08-26T18:06:26+00:00 RUN_END id=OAFX0853 window=SCREEN_IS terminal=BT4 status=OK decision=SCREEN_PASS_STRICT elapsed=230.313s
2026-08-26T18:06:26+00:00 RUN_START id=OAFX0853 family=sca_gj_realized_loss_cooldown window=IS terminal=BT4 run=oafx_is_oafx0853_20260827030626_431f25
2026-08-26T18:06:28+00:00 RUN_HEARTBEAT terminal=BT4 pid=22496 elapsed=0s
2026-08-26T18:06:43+00:00 RUN_HEARTBEAT terminal=BT3 pid=49072 elapsed=260s
2026-08-26T18:06:43+00:00 RUN_HEARTBEAT terminal=PROD pid=21088 elapsed=523s
2026-08-26T18:06:59+00:00 RUN_HEARTBEAT terminal=BT1 pid=50992 elapsed=653s
2026-08-26T18:07:32+00:00 RUN_HEARTBEAT terminal=BT2 pid=42360 elapsed=262s
2026-08-26T18:07:32+00:00 RUN_HEARTBEAT terminal=BT4 pid=22496 elapsed=64s
2026-08-26T18:07:49+00:00 RUN_HEARTBEAT terminal=BT3 pid=49072 elapsed=327s
2026-08-26T18:07:49+00:00 RUN_HEARTBEAT terminal=PROD pid=21088 elapsed=589s
2026-08-26T18:08:06+00:00 RUN_HEARTBEAT terminal=BT1 pid=50992 elapsed=719s
2026-08-26T18:08:39+00:00 RUN_HEARTBEAT terminal=BT2 pid=42360 elapsed=328s
2026-08-26T18:08:39+00:00 RUN_HEARTBEAT terminal=BT4 pid=22496 elapsed=131s
2026-08-26T18:08:56+00:00 RUN_HEARTBEAT terminal=BT3 pid=49072 elapsed=393s
2026-08-26T18:08:56+00:00 RUN_HEARTBEAT terminal=PROD pid=21088 elapsed=656s
2026-08-26T18:09:12+00:00 RUN_END id=OAFX0850 window=IS terminal=BT1 status=OK decision=IS_SURVIVOR_STRICT elapsed=787.812s
2026-08-26T18:09:12+00:00 SKIP_BASELINE_OOS reason=existing actual measurement
2026-08-26T18:09:12+00:00 RUN_START id=OAFX0850 family=sca_gj_realized_loss_cooldown window=OOS terminal=BT1 run=oafx_oos_oafx0850_20260827030912_392819
2026-08-26T18:09:14+00:00 RUN_HEARTBEAT terminal=BT1 pid=46012 elapsed=0s
2026-08-26T18:09:45+00:00 RUN_HEARTBEAT terminal=BT2 pid=42360 elapsed=394s
2026-08-26T18:09:45+00:00 RUN_HEARTBEAT terminal=BT4 pid=22496 elapsed=196s
2026-08-26T18:10:01+00:00 RUN_HEARTBEAT terminal=BT3 pid=49072 elapsed=459s
2026-08-26T18:10:01+00:00 RUN_HEARTBEAT terminal=PROD pid=21088 elapsed=721s
2026-08-26T18:10:18+00:00 RUN_HEARTBEAT terminal=BT1 pid=46012 elapsed=64s
2026-08-26T18:10:51+00:00 RUN_HEARTBEAT terminal=BT4 pid=22496 elapsed=262s
2026-08-26T18:10:51+00:00 RUN_HEARTBEAT terminal=BT2 pid=42360 elapsed=460s
2026-08-26T18:10:51+00:00 RUN_END id=OAFX0851 window=IS terminal=PROD status=OK decision=IS_SURVIVOR_STRICT elapsed=773.292s
2026-08-26T18:10:51+00:00 SKIP_BASELINE_OOS reason=existing actual measurement
2026-08-26T18:10:51+00:00 RUN_START id=OAFX0851 family=sca_gj_realized_loss_cooldown window=OOS terminal=PROD run=oafx_oos_oafx0851_20260827031051_731f94
2026-08-26T18:10:52+00:00 RUN_HEARTBEAT terminal=PROD pid=24796 elapsed=0s
2026-08-26T18:11:08+00:00 RUN_HEARTBEAT terminal=BT3 pid=49072 elapsed=525s
2026-08-26T18:11:24+00:00 RUN_HEARTBEAT terminal=BT1 pid=46012 elapsed=130s
2026-08-26T18:11:57+00:00 RUN_HEARTBEAT terminal=BT4 pid=22496 elapsed=328s
2026-08-26T18:11:57+00:00 RUN_HEARTBEAT terminal=BT2 pid=42360 elapsed=526s
2026-08-26T18:11:57+00:00 RUN_HEARTBEAT terminal=PROD pid=24796 elapsed=64s
2026-08-26T18:12:14+00:00 RUN_HEARTBEAT terminal=BT3 pid=49072 elapsed=591s
2026-08-26T18:12:31+00:00 RUN_HEARTBEAT terminal=BT1 pid=46012 elapsed=196s
2026-08-26T18:13:04+00:00 RUN_HEARTBEAT terminal=BT2 pid=42360 elapsed=593s
2026-08-26T18:13:04+00:00 RUN_HEARTBEAT terminal=PROD pid=24796 elapsed=131s
2026-08-26T18:13:04+00:00 RUN_HEARTBEAT terminal=BT4 pid=22496 elapsed=396s
2026-08-26T18:13:20+00:00 RUN_HEARTBEAT terminal=BT3 pid=49072 elapsed=658s
2026-08-26T18:13:37+00:00 RUN_HEARTBEAT terminal=BT1 pid=46012 elapsed=263s
2026-08-26T18:14:09+00:00 RUN_HEARTBEAT terminal=BT4 pid=22496 elapsed=461s
2026-08-26T18:14:09+00:00 RUN_HEARTBEAT terminal=PROD pid=24796 elapsed=197s
2026-08-26T18:14:09+00:00 RUN_END id=OAFX0849 window=OOS terminal=BT2 status=OK decision=STRICT_IMPROVEMENT elapsed=661.001s
2026-08-26T18:14:09+00:00 SCREEN_BYPASS [854/900] id=OAFX0854 route=FULLBOOK_DIRECT reason=OafxLossScope=2 (SCA両枠) の実現損失を参照するため、単独枠では効果を測定不能
2026-08-26T18:14:09+00:00 RUN_START id=OAFX0854 family=sca_gj_realized_loss_cooldown window=IS terminal=BT2 run=oafx_is_oafx0854_20260827031409_9c9e4b
2026-08-26T18:14:11+00:00 RUN_HEARTBEAT terminal=BT2 pid=47824 elapsed=0s
2026-08-26T18:14:26+00:00 RUN_HEARTBEAT terminal=BT3 pid=49072 elapsed=723s
2026-08-26T18:14:42+00:00 RUN_HEARTBEAT terminal=BT1 pid=46012 elapsed=328s
2026-08-26T18:15:15+00:00 RUN_HEARTBEAT terminal=BT4 pid=22496 elapsed=526s
2026-08-26T18:15:15+00:00 RUN_HEARTBEAT terminal=PROD pid=24796 elapsed=262s
2026-08-26T18:15:15+00:00 RUN_HEARTBEAT terminal=BT2 pid=47824 elapsed=63s
2026-08-26T18:15:31+00:00 RUN_END id=OAFX0852 window=IS terminal=BT3 status=OK decision=IS_SURVIVOR_STRICT elapsed=790.436s
2026-08-26T18:15:31+00:00 SKIP_BASELINE_OOS reason=existing actual measurement
2026-08-26T18:15:31+00:00 RUN_START id=OAFX0852 family=sca_gj_realized_loss_cooldown window=OOS terminal=BT3 run=oafx_oos_oafx0852_20260827031531_114ee4
2026-08-26T18:15:32+00:00 RUN_HEARTBEAT terminal=BT3 pid=46260 elapsed=0s
2026-08-26T18:15:47+00:00 RUN_HEARTBEAT terminal=BT1 pid=46012 elapsed=393s
2026-08-26T18:16:20+00:00 RUN_HEARTBEAT terminal=BT4 pid=22496 elapsed=591s
2026-08-26T18:16:20+00:00 RUN_HEARTBEAT terminal=PROD pid=24796 elapsed=327s
2026-08-26T18:16:20+00:00 RUN_HEARTBEAT terminal=BT2 pid=47824 elapsed=128s
2026-08-26T18:16:37+00:00 RUN_HEARTBEAT terminal=BT3 pid=46260 elapsed=63s
2026-08-26T18:16:53+00:00 RUN_HEARTBEAT terminal=BT1 pid=46012 elapsed=459s
2026-08-26T18:17:26+00:00 RUN_HEARTBEAT terminal=PROD pid=24796 elapsed=393s
2026-08-26T18:17:26+00:00 RUN_HEARTBEAT terminal=BT2 pid=47824 elapsed=195s
2026-08-26T18:17:26+00:00 RUN_HEARTBEAT terminal=BT4 pid=22496 elapsed=658s
2026-08-26T18:17:43+00:00 RUN_HEARTBEAT terminal=BT3 pid=46260 elapsed=130s
2026-08-26T18:17:59+00:00 RUN_HEARTBEAT terminal=BT1 pid=46012 elapsed=525s
2026-08-26T18:18:32+00:00 RUN_HEARTBEAT terminal=BT4 pid=22496 elapsed=724s
2026-08-26T18:18:32+00:00 RUN_HEARTBEAT terminal=PROD pid=24796 elapsed=459s
2026-08-26T18:18:32+00:00 RUN_HEARTBEAT terminal=BT2 pid=47824 elapsed=260s
2026-08-26T18:18:48+00:00 RUN_HEARTBEAT terminal=BT3 pid=46260 elapsed=196s
2026-08-26T18:19:05+00:00 RUN_HEARTBEAT terminal=BT1 pid=46012 elapsed=591s
2026-08-26T18:19:37+00:00 RUN_HEARTBEAT terminal=BT2 pid=47824 elapsed=326s
2026-08-26T18:19:37+00:00 RUN_HEARTBEAT terminal=PROD pid=24796 elapsed=524s
2026-08-26T18:19:37+00:00 RUN_END id=OAFX0853 window=IS terminal=BT4 status=OK decision=IS_SURVIVOR_STRICT elapsed=790.729s
2026-08-26T18:19:37+00:00 SKIP_BASELINE_OOS reason=existing actual measurement
2026-08-26T18:19:37+00:00 RUN_START id=OAFX0853 family=sca_gj_realized_loss_cooldown window=OOS terminal=BT4 run=oafx_oos_oafx0853_20260827031937_c0232c
2026-08-26T18:19:39+00:00 RUN_HEARTBEAT terminal=BT4 pid=50040 elapsed=0s
2026-08-26T18:19:53+00:00 RUN_HEARTBEAT terminal=BT3 pid=46260 elapsed=261s
2026-08-26T18:20:09+00:00 RUN_END id=OAFX0850 window=OOS terminal=BT1 status=OK decision=STRICT_IMPROVEMENT elapsed=657.210s
2026-08-26T18:20:09+00:00 SCREEN_BYPASS [855/900] id=OAFX0855 route=FULLBOOK_DIRECT reason=OafxLossScope=3 (全9枠) の実現損失を参照するため、単独枠では効果を測定不能
2026-08-26T18:20:09+00:00 RUN_START id=OAFX0855 family=sca_gj_realized_loss_cooldown window=IS terminal=BT1 run=oafx_is_oafx0855_20260827032009_2dd0ff
2026-08-26T18:20:11+00:00 RUN_HEARTBEAT terminal=BT1 pid=15084 elapsed=0s
2026-08-26T18:20:42+00:00 RUN_HEARTBEAT terminal=BT2 pid=47824 elapsed=390s
2026-08-26T18:20:42+00:00 RUN_HEARTBEAT terminal=PROD pid=24796 elapsed=589s
2026-08-26T18:20:42+00:00 RUN_HEARTBEAT terminal=BT4 pid=50040 elapsed=63s
2026-08-26T18:20:58+00:00 RUN_HEARTBEAT terminal=BT3 pid=46260 elapsed=325s
2026-08-26T18:21:14+00:00 RUN_HEARTBEAT terminal=BT1 pid=15084 elapsed=63s
2026-08-26T18:21:31+00:00 RUN_END id=OAFX0851 window=OOS terminal=PROD status=OK decision=STRICT_IMPROVEMENT elapsed=640.089s
2026-08-26T18:21:31+00:00 SCREEN_BYPASS [856/900] id=OAFX0856 route=FULLBOOK_DIRECT reason=OafxLossScope=4 (重複相手枠) の実現損失を参照するため、単独枠では効果を測定不能
2026-08-26T18:21:31+00:00 RUN_START id=OAFX0856 family=sca_gj_realized_loss_cooldown window=IS terminal=PROD run=oafx_is_oafx0856_20260827032131_46ba2c
2026-08-26T18:21:33+00:00 RUN_HEARTBEAT terminal=PROD pid=47360 elapsed=0s
2026-08-26T18:21:47+00:00 RUN_HEARTBEAT terminal=BT2 pid=47824 elapsed=456s
2026-08-26T18:21:47+00:00 RUN_HEARTBEAT terminal=BT4 pid=50040 elapsed=128s
2026-08-26T18:22:04+00:00 RUN_HEARTBEAT terminal=BT3 pid=46260 elapsed=391s
2026-08-26T18:22:20+00:00 RUN_HEARTBEAT terminal=BT1 pid=15084 elapsed=128s
2026-08-26T18:22:36+00:00 RUN_HEARTBEAT terminal=PROD pid=47360 elapsed=63s
2026-08-26T18:22:52+00:00 RUN_HEARTBEAT terminal=BT2 pid=47824 elapsed=521s
2026-08-26T18:22:52+00:00 RUN_HEARTBEAT terminal=BT4 pid=50040 elapsed=193s
2026-08-26T18:23:09+00:00 RUN_HEARTBEAT terminal=BT3 pid=46260 elapsed=456s
2026-08-26T18:23:25+00:00 RUN_HEARTBEAT terminal=BT1 pid=15084 elapsed=194s
2026-08-26T18:23:42+00:00 RUN_HEARTBEAT terminal=PROD pid=47360 elapsed=129s
2026-08-26T18:23:58+00:00 RUN_HEARTBEAT terminal=BT2 pid=47824 elapsed=587s
2026-08-26T18:23:58+00:00 RUN_HEARTBEAT terminal=BT4 pid=50040 elapsed=259s
2026-08-26T18:24:14+00:00 RUN_HEARTBEAT terminal=BT3 pid=46260 elapsed=522s
2026-08-26T18:24:31+00:00 RUN_HEARTBEAT terminal=BT1 pid=15084 elapsed=259s
2026-08-26T18:24:47+00:00 RUN_HEARTBEAT terminal=PROD pid=47360 elapsed=194s
2026-08-26T18:25:04+00:00 RUN_HEARTBEAT terminal=BT4 pid=50040 elapsed=325s
2026-08-26T18:25:04+00:00 RUN_HEARTBEAT terminal=BT2 pid=47824 elapsed=652s
2026-08-26T18:25:21+00:00 RUN_HEARTBEAT terminal=BT3 pid=46260 elapsed=587s
2026-08-26T18:25:37+00:00 RUN_HEARTBEAT terminal=BT1 pid=15084 elapsed=326s
2026-08-26T18:25:55+00:00 RUN_HEARTBEAT terminal=PROD pid=47360 elapsed=260s
2026-08-26T18:26:12+00:00 RUN_HEARTBEAT terminal=BT2 pid=47824 elapsed=720s
2026-08-26T18:26:12+00:00 RUN_HEARTBEAT terminal=BT4 pid=50040 elapsed=392s
2026-08-26T18:26:28+00:00 RUN_END id=OAFX0852 window=OOS terminal=BT3 status=OK decision=STRICT_IMPROVEMENT elapsed=657.295s
2026-08-26T18:26:28+00:00 RUN_START id=OAFX0857 family=sca_gj_realized_loss_cooldown window=SCREEN_IS terminal=BT3 run=oafx_screen_is_oafx0857_20260827032628_989b45
2026-08-26T18:26:30+00:00 RUN_HEARTBEAT terminal=BT3 pid=48592 elapsed=0s
2026-08-26T18:26:44+00:00 RUN_HEARTBEAT terminal=BT1 pid=15084 elapsed=393s
2026-08-26T18:27:01+00:00 RUN_HEARTBEAT terminal=PROD pid=47360 elapsed=328s
2026-08-26T18:27:18+00:00 RUN_HEARTBEAT terminal=BT2 pid=47824 elapsed=785s
2026-08-26T18:27:18+00:00 RUN_HEARTBEAT terminal=BT4 pid=50040 elapsed=458s
2026-08-26T18:27:34+00:00 RUN_HEARTBEAT terminal=BT3 pid=48592 elapsed=64s
2026-08-26T18:27:34+00:00 RUN_END id=OAFX0854 window=IS terminal=BT2 status=OK decision=IS_SURVIVOR_STRICT elapsed=804.381s
2026-08-26T18:27:34+00:00 SKIP_BASELINE_OOS reason=existing actual measurement
2026-08-26T18:27:34+00:00 RUN_START id=OAFX0854 family=sca_gj_realized_loss_cooldown window=OOS terminal=BT2 run=oafx_oos_oafx0854_20260827032734_c50b96
2026-08-26T18:27:35+00:00 RUN_HEARTBEAT terminal=BT2 pid=49776 elapsed=0s
2026-08-26T18:27:50+00:00 RUN_HEARTBEAT terminal=BT1 pid=15084 elapsed=459s
2026-08-26T18:28:07+00:00 RUN_HEARTBEAT terminal=PROD pid=47360 elapsed=394s
2026-08-26T18:28:23+00:00 RUN_HEARTBEAT terminal=BT4 pid=50040 elapsed=524s
2026-08-26T18:28:40+00:00 RUN_HEARTBEAT terminal=BT2 pid=49776 elapsed=64s
2026-08-26T18:28:40+00:00 RUN_HEARTBEAT terminal=BT3 pid=48592 elapsed=129s
2026-08-26T18:28:57+00:00 RUN_HEARTBEAT terminal=BT1 pid=15084 elapsed=525s
2026-08-26T18:29:13+00:00 RUN_HEARTBEAT terminal=PROD pid=47360 elapsed=460s
2026-08-26T18:29:30+00:00 RUN_HEARTBEAT terminal=BT4 pid=50040 elapsed=590s
2026-08-26T18:29:47+00:00 RUN_HEARTBEAT terminal=BT2 pid=49776 elapsed=130s
2026-08-26T18:29:47+00:00 RUN_HEARTBEAT terminal=BT3 pid=48592 elapsed=196s
2026-08-26T18:30:03+00:00 RUN_HEARTBEAT terminal=BT1 pid=15084 elapsed=592s
2026-08-26T18:30:03+00:00 RUN_END id=OAFX0857 window=SCREEN_IS terminal=BT3 status=OK decision=SCREEN_OUT_SINGLE_SLEEVE elapsed=214.887s
2026-08-26T18:30:03+00:00 GATE_SKIP id=OAFX0857 window=IS reason=SINGLE_SLEEVE_INFERIOR decision=SCREEN_OUT_SINGLE_SLEEVE net=83948.0 PF=1.2159 DD=19.6278%
2026-08-26T18:30:03+00:00 SCREEN_BYPASS [858/900] id=OAFX0858 route=FULLBOOK_DIRECT reason=OafxLossScope=2 (SCA両枠) の実現損失を参照するため、単独枠では効果を測定不能
2026-08-26T18:30:03+00:00 RUN_START id=OAFX0858 family=sca_gj_realized_loss_cooldown window=IS terminal=BT3 run=oafx_is_oafx0858_20260827033003_8b4473
2026-08-26T18:30:04+00:00 RUN_HEARTBEAT terminal=BT3 pid=43572 elapsed=0s
2026-08-26T18:30:20+00:00 RUN_HEARTBEAT terminal=PROD pid=47360 elapsed=526s
2026-08-26T18:30:36+00:00 RUN_HEARTBEAT terminal=BT4 pid=50040 elapsed=657s
2026-08-26T18:30:52+00:00 RUN_HEARTBEAT terminal=BT2 pid=49776 elapsed=196s
2026-08-26T18:31:09+00:00 RUN_HEARTBEAT terminal=BT3 pid=43572 elapsed=64s
2026-08-26T18:31:09+00:00 RUN_HEARTBEAT terminal=BT1 pid=15084 elapsed=657s
2026-08-26T18:31:09+00:00 RUN_END id=OAFX0853 window=OOS terminal=BT4 status=OK decision=STRICT_IMPROVEMENT elapsed=691.568s
2026-08-26T18:31:09+00:00 SCREEN_BYPASS [859/900] id=OAFX0859 route=FULLBOOK_DIRECT reason=OafxLossScope=3 (全9枠) の実現損失を参照するため、単独枠では効果を測定不能
2026-08-26T18:31:09+00:00 RUN_START id=OAFX0859 family=sca_gj_realized_loss_cooldown window=IS terminal=BT4 run=oafx_is_oafx0859_20260827033109_8cb0db
2026-08-26T18:31:10+00:00 RUN_HEARTBEAT terminal=BT4 pid=26220 elapsed=0s
2026-08-26T18:31:25+00:00 RUN_HEARTBEAT terminal=PROD pid=47360 elapsed=592s
2026-08-26T18:31:58+00:00 RUN_HEARTBEAT terminal=BT2 pid=49776 elapsed=262s
2026-08-26T18:32:14+00:00 RUN_HEARTBEAT terminal=BT3 pid=43572 elapsed=129s
2026-08-26T18:32:14+00:00 RUN_HEARTBEAT terminal=BT1 pid=15084 elapsed=723s
2026-08-26T18:32:15+00:00 RUN_HEARTBEAT terminal=BT4 pid=26220 elapsed=64s
2026-08-26T18:32:31+00:00 RUN_HEARTBEAT terminal=PROD pid=47360 elapsed=658s
2026-08-26T18:33:04+00:00 RUN_HEARTBEAT terminal=BT2 pid=49776 elapsed=328s
2026-08-26T18:33:20+00:00 RUN_HEARTBEAT terminal=BT1 pid=15084 elapsed=789s
2026-08-26T18:33:20+00:00 RUN_HEARTBEAT terminal=BT3 pid=43572 elapsed=195s
2026-08-26T18:33:20+00:00 RUN_HEARTBEAT terminal=BT4 pid=26220 elapsed=129s
2026-08-26T18:33:37+00:00 RUN_HEARTBEAT terminal=PROD pid=47360 elapsed=724s
2026-08-26T18:34:09+00:00 RUN_HEARTBEAT terminal=BT2 pid=49776 elapsed=393s
2026-08-26T18:34:26+00:00 RUN_HEARTBEAT terminal=BT4 pid=26220 elapsed=195s
2026-08-26T18:34:26+00:00 RUN_HEARTBEAT terminal=BT3 pid=43572 elapsed=261s
2026-08-26T18:34:26+00:00 RUN_END id=OAFX0855 window=IS terminal=BT1 status=OK decision=IS_SURVIVOR_STRICT elapsed=856.492s
2026-08-26T18:34:26+00:00 SKIP_BASELINE_OOS reason=existing actual measurement
2026-08-26T18:34:26+00:00 RUN_START id=OAFX0855 family=sca_gj_realized_loss_cooldown window=OOS terminal=BT1 run=oafx_oos_oafx0855_20260827033426_a96936
2026-08-26T18:34:27+00:00 RUN_HEARTBEAT terminal=BT1 pid=32016 elapsed=0s
2026-08-26T18:34:42+00:00 RUN_HEARTBEAT terminal=PROD pid=47360 elapsed=789s
2026-08-26T18:35:15+00:00 RUN_HEARTBEAT terminal=BT2 pid=49776 elapsed=459s
2026-08-26T18:35:31+00:00 RUN_HEARTBEAT terminal=BT3 pid=43572 elapsed=326s
2026-08-26T18:35:31+00:00 RUN_HEARTBEAT terminal=BT4 pid=26220 elapsed=260s
2026-08-26T18:35:31+00:00 RUN_HEARTBEAT terminal=BT1 pid=32016 elapsed=63s
2026-08-26T18:35:48+00:00 RUN_END id=OAFX0856 window=IS terminal=PROD status=OK decision=IS_SURVIVOR_STRICT elapsed=856.609s
2026-08-26T18:35:48+00:00 SKIP_BASELINE_OOS reason=existing actual measurement
2026-08-26T18:35:48+00:00 RUN_START id=OAFX0856 family=sca_gj_realized_loss_cooldown window=OOS terminal=PROD run=oafx_oos_oafx0856_20260827033548_9ed04a
2026-08-26T18:35:49+00:00 RUN_HEARTBEAT terminal=PROD pid=32480 elapsed=0s
2026-08-26T18:36:20+00:00 RUN_HEARTBEAT terminal=BT2 pid=49776 elapsed=524s
2026-08-26T18:36:37+00:00 RUN_HEARTBEAT terminal=BT4 pid=26220 elapsed=326s
2026-08-26T18:36:37+00:00 RUN_HEARTBEAT terminal=BT1 pid=32016 elapsed=129s
2026-08-26T18:36:37+00:00 RUN_HEARTBEAT terminal=BT3 pid=43572 elapsed=392s
2026-08-26T18:36:53+00:00 RUN_HEARTBEAT terminal=PROD pid=32480 elapsed=63s
2026-08-26T18:37:26+00:00 RUN_HEARTBEAT terminal=BT2 pid=49776 elapsed=590s
2026-08-26T18:37:43+00:00 RUN_HEARTBEAT terminal=BT1 pid=32016 elapsed=195s
2026-08-26T18:37:43+00:00 RUN_HEARTBEAT terminal=BT3 pid=43572 elapsed=458s
2026-08-26T18:37:43+00:00 RUN_HEARTBEAT terminal=BT4 pid=26220 elapsed=392s
2026-08-26T18:38:00+00:00 RUN_HEARTBEAT terminal=PROD pid=32480 elapsed=129s
2026-08-26T18:38:33+00:00 RUN_END id=OAFX0854 window=OOS terminal=BT2 status=OK decision=STRICT_IMPROVEMENT elapsed=658.727s
2026-08-26T18:38:33+00:00 SCREEN_BYPASS [860/900] id=OAFX0860 route=FULLBOOK_DIRECT reason=OafxLossScope=4 (重複相手枠) の実現損失を参照するため、単独枠では効果を測定不能
2026-08-26T18:38:33+00:00 RUN_START id=OAFX0860 family=sca_gj_realized_loss_cooldown window=IS terminal=BT2 run=oafx_is_oafx0860_20260827033833_165349
2026-08-26T18:38:34+00:00 RUN_HEARTBEAT terminal=BT2 pid=43776 elapsed=0s
2026-08-26T18:38:49+00:00 RUN_HEARTBEAT terminal=BT1 pid=32016 elapsed=261s
2026-08-26T18:38:49+00:00 RUN_HEARTBEAT terminal=BT3 pid=43572 elapsed=524s
2026-08-26T18:38:49+00:00 RUN_HEARTBEAT terminal=BT4 pid=26220 elapsed=458s
2026-08-26T18:39:05+00:00 RUN_HEARTBEAT terminal=PROD pid=32480 elapsed=196s
2026-08-26T18:39:38+00:00 RUN_HEARTBEAT terminal=BT2 pid=43776 elapsed=63s
2026-08-26T18:39:55+00:00 RUN_HEARTBEAT terminal=BT4 pid=26220 elapsed=524s
2026-08-26T18:39:55+00:00 RUN_HEARTBEAT terminal=BT1 pid=32016 elapsed=327s
2026-08-26T18:39:55+00:00 RUN_HEARTBEAT terminal=BT3 pid=43572 elapsed=590s
2026-08-26T18:40:11+00:00 RUN_HEARTBEAT terminal=PROD pid=32480 elapsed=261s
2026-08-26T18:40:44+00:00 RUN_HEARTBEAT terminal=BT2 pid=43776 elapsed=129s
2026-08-26T18:41:01+00:00 RUN_HEARTBEAT terminal=BT1 pid=32016 elapsed=393s
2026-08-26T18:41:01+00:00 RUN_HEARTBEAT terminal=BT4 pid=26220 elapsed=590s
2026-08-26T18:41:01+00:00 RUN_HEARTBEAT terminal=BT3 pid=43572 elapsed=656s
2026-08-26T18:41:17+00:00 RUN_HEARTBEAT terminal=PROD pid=32480 elapsed=327s
2026-08-26T18:41:50+00:00 RUN_HEARTBEAT terminal=BT2 pid=43776 elapsed=195s
2026-08-26T18:42:06+00:00 RUN_HEARTBEAT terminal=BT4 pid=26220 elapsed=656s
2026-08-26T18:42:06+00:00 RUN_HEARTBEAT terminal=BT3 pid=43572 elapsed=722s
2026-08-26T18:42:06+00:00 RUN_HEARTBEAT terminal=BT1 pid=32016 elapsed=459s
2026-08-26T18:42:23+00:00 RUN_HEARTBEAT terminal=PROD pid=32480 elapsed=393s
2026-08-26T18:42:56+00:00 RUN_HEARTBEAT terminal=BT2 pid=43776 elapsed=261s
2026-08-26T18:43:13+00:00 RUN_HEARTBEAT terminal=BT3 pid=43572 elapsed=787s
2026-08-26T18:43:13+00:00 RUN_HEARTBEAT terminal=BT4 pid=26220 elapsed=721s
2026-08-26T18:43:13+00:00 RUN_HEARTBEAT terminal=BT1 pid=32016 elapsed=524s
2026-08-26T18:43:29+00:00 RUN_HEARTBEAT terminal=PROD pid=32480 elapsed=459s
2026-08-26T18:43:45+00:00 RUN_END id=OAFX0858 window=IS terminal=BT3 status=OK decision=IS_SURVIVOR_STRICT elapsed=822.229s
2026-08-26T18:43:45+00:00 SKIP_BASELINE_OOS reason=existing actual measurement
2026-08-26T18:43:45+00:00 RUN_START id=OAFX0858 family=sca_gj_realized_loss_cooldown window=OOS terminal=BT3 run=oafx_oos_oafx0858_20260827034345_c67b7f
2026-08-26T18:43:47+00:00 RUN_HEARTBEAT terminal=BT3 pid=39724 elapsed=0s
2026-08-26T18:44:01+00:00 RUN_HEARTBEAT terminal=BT2 pid=43776 elapsed=327s
2026-08-26T18:44:17+00:00 RUN_HEARTBEAT terminal=BT1 pid=32016 elapsed=590s
2026-08-26T18:44:17+00:00 RUN_HEARTBEAT terminal=BT4 pid=26220 elapsed=787s
2026-08-26T18:44:34+00:00 RUN_HEARTBEAT terminal=PROD pid=32480 elapsed=524s
2026-08-26T18:44:50+00:00 RUN_END id=OAFX0859 window=IS terminal=BT4 status=OK decision=IS_SURVIVOR_STRICT elapsed=821.265s
2026-08-26T18:44:50+00:00 SKIP_BASELINE_OOS reason=existing actual measurement
2026-08-26T18:44:50+00:00 RUN_START id=OAFX0859 family=sca_gj_realized_loss_cooldown window=OOS terminal=BT4 run=oafx_oos_oafx0859_20260827034450_8c6f80
2026-08-26T18:44:50+00:00 RUN_HEARTBEAT terminal=BT3 pid=39724 elapsed=64s
2026-08-26T18:44:51+00:00 RUN_HEARTBEAT terminal=BT4 pid=37784 elapsed=0s
2026-08-26T18:45:06+00:00 RUN_HEARTBEAT terminal=BT2 pid=43776 elapsed=392s
2026-08-26T18:45:23+00:00 RUN_HEARTBEAT terminal=BT1 pid=32016 elapsed=655s
2026-08-26T18:45:39+00:00 RUN_HEARTBEAT terminal=PROD pid=32480 elapsed=589s
2026-08-26T18:45:39+00:00 RUN_END id=OAFX0855 window=OOS terminal=BT1 status=OK decision=STRICT_IMPROVEMENT elapsed=673.373s
2026-08-26T18:45:39+00:00 RUN_START id=OAFX0861 family=sca_gj_realized_loss_cooldown window=SCREEN_IS terminal=BT1 run=oafx_screen_is_oafx0861_20260827034539_5f55dc
2026-08-26T18:45:41+00:00 RUN_HEARTBEAT terminal=BT1 pid=26528 elapsed=0s
2026-08-26T18:45:55+00:00 RUN_HEARTBEAT terminal=BT4 pid=37784 elapsed=63s
2026-08-26T18:45:55+00:00 RUN_HEARTBEAT terminal=BT3 pid=39724 elapsed=128s
2026-08-26T18:46:12+00:00 RUN_HEARTBEAT terminal=BT2 pid=43776 elapsed=457s
2026-08-26T18:46:45+00:00 RUN_HEARTBEAT terminal=PROD pid=32480 elapsed=655s
2026-08-26T18:46:45+00:00 RUN_HEARTBEAT terminal=BT1 pid=26528 elapsed=63s
2026-08-26T18:47:01+00:00 RUN_HEARTBEAT terminal=BT4 pid=37784 elapsed=129s
2026-08-26T18:47:01+00:00 RUN_HEARTBEAT terminal=BT3 pid=39724 elapsed=194s
2026-08-26T18:47:01+00:00 RUN_END id=OAFX0856 window=OOS terminal=PROD status=OK decision=STRICT_IMPROVEMENT elapsed=673.724s
2026-08-26T18:47:01+00:00 SCREEN_BYPASS [862/900] id=OAFX0862 route=FULLBOOK_DIRECT reason=OafxLossScope=2 (SCA両枠) の実現損失を参照するため、単独枠では効果を測定不能
2026-08-26T18:47:01+00:00 RUN_START id=OAFX0862 family=sca_gj_realized_loss_cooldown window=IS terminal=PROD run=oafx_is_oafx0862_20260827034701_c7300a
2026-08-26T18:47:03+00:00 RUN_HEARTBEAT terminal=PROD pid=16636 elapsed=0s
2026-08-26T18:47:17+00:00 RUN_HEARTBEAT terminal=BT2 pid=43776 elapsed=523s
2026-08-26T18:47:50+00:00 RUN_HEARTBEAT terminal=BT1 pid=26528 elapsed=129s
2026-08-26T18:48:07+00:00 RUN_HEARTBEAT terminal=BT4 pid=37784 elapsed=195s
2026-08-26T18:48:07+00:00 RUN_HEARTBEAT terminal=BT3 pid=39724 elapsed=260s
2026-08-26T18:48:07+00:00 RUN_HEARTBEAT terminal=PROD pid=16636 elapsed=63s
2026-08-26T18:48:23+00:00 RUN_HEARTBEAT terminal=BT2 pid=43776 elapsed=589s
2026-08-26T18:48:56+00:00 RUN_HEARTBEAT terminal=BT1 pid=26528 elapsed=195s
2026-08-26T18:49:12+00:00 RUN_HEARTBEAT terminal=BT3 pid=39724 elapsed=325s
2026-08-26T18:49:12+00:00 RUN_HEARTBEAT terminal=PROD pid=16636 elapsed=129s
2026-08-26T18:49:12+00:00 RUN_HEARTBEAT terminal=BT4 pid=37784 elapsed=260s
2026-08-26T18:49:29+00:00 RUN_HEARTBEAT terminal=BT2 pid=43776 elapsed=654s
2026-08-26T18:49:45+00:00 RUN_END id=OAFX0861 window=SCREEN_IS terminal=BT1 status=OK decision=SCREEN_PASS_DD elapsed=245.855s
2026-08-26T18:49:45+00:00 RUN_START id=OAFX0861 family=sca_gj_realized_loss_cooldown window=IS terminal=BT1 run=oafx_is_oafx0861_20260827034945_66be47
2026-08-26T18:49:47+00:00 RUN_HEARTBEAT terminal=BT1 pid=33332 elapsed=0s
2026-08-26T18:50:18+00:00 RUN_HEARTBEAT terminal=PROD pid=16636 elapsed=194s
2026-08-26T18:50:18+00:00 RUN_HEARTBEAT terminal=BT3 pid=39724 elapsed=391s
2026-08-26T18:50:18+00:00 RUN_HEARTBEAT terminal=BT4 pid=37784 elapsed=326s
2026-08-26T18:50:34+00:00 RUN_HEARTBEAT terminal=BT2 pid=43776 elapsed=719s
2026-08-26T18:50:51+00:00 RUN_HEARTBEAT terminal=BT1 pid=33332 elapsed=64s
2026-08-26T18:51:24+00:00 RUN_HEARTBEAT terminal=PROD pid=16636 elapsed=260s
2026-08-26T18:51:24+00:00 RUN_HEARTBEAT terminal=BT4 pid=37784 elapsed=392s
2026-08-26T18:51:24+00:00 RUN_HEARTBEAT terminal=BT3 pid=39724 elapsed=457s
2026-08-26T18:51:40+00:00 RUN_HEARTBEAT terminal=BT2 pid=43776 elapsed=786s
2026-08-26T18:51:57+00:00 RUN_HEARTBEAT terminal=BT1 pid=33332 elapsed=130s
2026-08-26T18:51:57+00:00 RUN_END id=OAFX0860 window=IS terminal=BT2 status=OK decision=IS_SURVIVOR_STRICT elapsed=804.273s
2026-08-26T18:51:57+00:00 SKIP_BASELINE_OOS reason=existing actual measurement
2026-08-26T18:51:57+00:00 RUN_START id=OAFX0860 family=sca_gj_realized_loss_cooldown window=OOS terminal=BT2 run=oafx_oos_oafx0860_20260827035157_5c6f84
2026-08-26T18:51:59+00:00 RUN_HEARTBEAT terminal=BT2 pid=29440 elapsed=0s
2026-08-26T18:52:31+00:00 RUN_HEARTBEAT terminal=BT3 pid=39724 elapsed=523s
2026-08-26T18:52:31+00:00 RUN_HEARTBEAT terminal=PROD pid=16636 elapsed=327s
2026-08-26T18:52:31+00:00 RUN_HEARTBEAT terminal=BT4 pid=37784 elapsed=458s
2026-08-26T18:53:04+00:00 RUN_HEARTBEAT terminal=BT2 pid=29440 elapsed=65s
2026-08-26T18:53:04+00:00 RUN_HEARTBEAT terminal=BT1 pid=33332 elapsed=197s
2026-08-26T18:53:37+00:00 RUN_HEARTBEAT terminal=PROD pid=16636 elapsed=393s
2026-08-26T18:53:37+00:00 RUN_HEARTBEAT terminal=BT3 pid=39724 elapsed=590s
2026-08-26T18:53:37+00:00 RUN_HEARTBEAT terminal=BT4 pid=37784 elapsed=525s
2026-08-26T18:54:10+00:00 RUN_HEARTBEAT terminal=BT2 pid=29440 elapsed=131s
2026-08-26T18:54:10+00:00 RUN_HEARTBEAT terminal=BT1 pid=33332 elapsed=263s
2026-08-26T18:54:43+00:00 RUN_HEARTBEAT terminal=BT4 pid=37784 elapsed=591s
2026-08-26T18:54:43+00:00 RUN_HEARTBEAT terminal=PROD pid=16636 elapsed=459s
2026-08-26T18:54:43+00:00 RUN_END id=OAFX0858 window=OOS terminal=BT3 status=OK decision=STRICT_IMPROVEMENT elapsed=658.110s
2026-08-26T18:54:43+00:00 SCREEN_BYPASS [863/900] id=OAFX0863 route=FULLBOOK_DIRECT reason=OafxLossScope=3 (全9枠) の実現損失を参照するため、単独枠では効果を測定不能
2026-08-26T18:54:43+00:00 RUN_START id=OAFX0863 family=sca_gj_realized_loss_cooldown window=IS terminal=BT3 run=oafx_is_oafx0863_20260827035443_98dbb7
2026-08-26T18:54:45+00:00 RUN_HEARTBEAT terminal=BT3 pid=11404 elapsed=0s
2026-08-26T18:55:16+00:00 RUN_HEARTBEAT terminal=BT2 pid=29440 elapsed=197s
2026-08-26T18:55:16+00:00 RUN_HEARTBEAT terminal=BT1 pid=33332 elapsed=329s
2026-08-26T18:55:49+00:00 RUN_HEARTBEAT terminal=BT3 pid=11404 elapsed=64s
2026-08-26T18:55:49+00:00 RUN_HEARTBEAT terminal=PROD pid=16636 elapsed=525s
2026-08-26T18:55:49+00:00 RUN_HEARTBEAT terminal=BT4 pid=37784 elapsed=657s
2026-08-26T18:56:21+00:00 RUN_HEARTBEAT terminal=BT2 pid=29440 elapsed=262s
2026-08-26T18:56:21+00:00 RUN_HEARTBEAT terminal=BT1 pid=33332 elapsed=394s
2026-08-26T18:56:21+00:00 RUN_END id=OAFX0859 window=OOS terminal=BT4 status=OK decision=STRICT_IMPROVEMENT elapsed=691.276s
2026-08-26T18:56:21+00:00 SCREEN_BYPASS [864/900] id=OAFX0864 route=FULLBOOK_DIRECT reason=OafxLossScope=4 (重複相手枠) の実現損失を参照するため、単独枠では効果を測定不能
2026-08-26T18:56:21+00:00 RUN_START id=OAFX0864 family=sca_gj_realized_loss_cooldown window=IS terminal=BT4 run=oafx_is_oafx0864_20260827035621_a20470
2026-08-26T18:56:23+00:00 RUN_HEARTBEAT terminal=BT4 pid=32588 elapsed=0s
2026-08-26T18:56:54+00:00 RUN_HEARTBEAT terminal=BT3 pid=11404 elapsed=129s
2026-08-26T18:56:54+00:00 RUN_HEARTBEAT terminal=PROD pid=16636 elapsed=590s
2026-08-26T18:57:27+00:00 RUN_HEARTBEAT terminal=BT2 pid=29440 elapsed=328s
2026-08-26T18:57:27+00:00 RUN_HEARTBEAT terminal=BT1 pid=33332 elapsed=460s
2026-08-26T18:57:27+00:00 RUN_HEARTBEAT terminal=BT4 pid=32588 elapsed=64s
2026-08-26T18:58:01+00:00 RUN_HEARTBEAT terminal=PROD pid=16636 elapsed=657s
2026-08-26T18:58:01+00:00 RUN_HEARTBEAT terminal=BT3 pid=11404 elapsed=195s
2026-08-26T18:58:35+00:00 RUN_HEARTBEAT terminal=BT2 pid=29440 elapsed=395s
2026-08-26T18:58:35+00:00 RUN_HEARTBEAT terminal=BT1 pid=33332 elapsed=527s
2026-08-26T18:58:35+00:00 RUN_HEARTBEAT terminal=BT4 pid=32588 elapsed=131s
2026-08-26T18:59:07+00:00 RUN_HEARTBEAT terminal=PROD pid=16636 elapsed=724s
2026-08-26T18:59:07+00:00 RUN_HEARTBEAT terminal=BT3 pid=11404 elapsed=262s
2026-08-26T18:59:40+00:00 RUN_HEARTBEAT terminal=BT2 pid=29440 elapsed=461s
2026-08-26T18:59:40+00:00 RUN_HEARTBEAT terminal=BT1 pid=33332 elapsed=593s
2026-08-26T18:59:40+00:00 RUN_HEARTBEAT terminal=BT4 pid=32588 elapsed=197s
2026-08-26T19:00:14+00:00 RUN_HEARTBEAT terminal=PROD pid=16636 elapsed=790s
2026-08-26T19:00:14+00:00 RUN_HEARTBEAT terminal=BT3 pid=11404 elapsed=328s
2026-08-26T19:00:47+00:00 RUN_HEARTBEAT terminal=BT2 pid=29440 elapsed=527s
2026-08-26T19:00:47+00:00 RUN_HEARTBEAT terminal=BT1 pid=33332 elapsed=659s
2026-08-26T19:00:47+00:00 RUN_HEARTBEAT terminal=BT4 pid=32588 elapsed=263s
2026-08-26T19:01:03+00:00 RUN_END id=OAFX0862 window=IS terminal=PROD status=OK decision=IS_REJECT elapsed=841.764s
2026-08-26T19:01:03+00:00 GATE_SKIP id=OAFX0862 window=OOS reason=IS_NOT_SURVIVOR decision=IS_REJECT net=309371.0 PF=1.5223 DD=45.4024%
2026-08-26T19:01:03+00:00 RUN_START id=OAFX0865 family=sca_gj_realized_loss_cooldown window=SCREEN_IS terminal=PROD run=oafx_screen_is_oafx0865_20260827040103_f9d214
2026-08-26T19:01:05+00:00 RUN_HEARTBEAT terminal=PROD pid=10456 elapsed=0s
2026-08-26T19:01:19+00:00 RUN_HEARTBEAT terminal=BT3 pid=11404 elapsed=394s
2026-08-26T19:01:52+00:00 RUN_HEARTBEAT terminal=BT4 pid=32588 elapsed=329s
2026-08-26T19:01:52+00:00 RUN_HEARTBEAT terminal=BT2 pid=29440 elapsed=593s
2026-08-26T19:01:52+00:00 RUN_HEARTBEAT terminal=BT1 pid=33332 elapsed=725s
2026-08-26T19:02:09+00:00 RUN_HEARTBEAT terminal=PROD pid=10456 elapsed=64s
2026-08-26T19:02:25+00:00 RUN_HEARTBEAT terminal=BT3 pid=11404 elapsed=460s
2026-08-26T19:02:58+00:00 RUN_HEARTBEAT terminal=BT2 pid=29440 elapsed=659s
2026-08-26T19:02:58+00:00 RUN_HEARTBEAT terminal=BT1 pid=33332 elapsed=791s
2026-08-26T19:02:58+00:00 RUN_HEARTBEAT terminal=BT4 pid=32588 elapsed=395s
2026-08-26T19:03:15+00:00 RUN_HEARTBEAT terminal=PROD pid=10456 elapsed=129s
2026-08-26T19:03:31+00:00 RUN_HEARTBEAT terminal=BT3 pid=11404 elapsed=526s
2026-08-26T19:03:47+00:00 RUN_END id=OAFX0861 window=IS terminal=BT1 status=OK decision=IS_REJECT elapsed=842.377s
2026-08-26T19:03:47+00:00 GATE_SKIP id=OAFX0861 window=OOS reason=IS_NOT_SURVIVOR decision=IS_REJECT net=322501.0 PF=1.5307 DD=45.0945%
2026-08-26T19:03:47+00:00 RUN_END id=OAFX0860 window=OOS terminal=BT2 status=OK decision=STRICT_IMPROVEMENT elapsed=710.512s
2026-08-26T19:03:47+00:00 SCREEN_BYPASS [867/900] id=OAFX0867 route=FULLBOOK_DIRECT reason=OafxLossScope=3 (全9枠) の実現損失を参照するため、単独枠では効果を測定不能
2026-08-26T19:03:47+00:00 SCREEN_BYPASS [866/900] id=OAFX0866 route=FULLBOOK_DIRECT reason=OafxLossScope=2 (SCA両枠) の実現損失を参照するため、単独枠では効果を測定不能
2026-08-26T19:03:47+00:00 RUN_START id=OAFX0867 family=sca_gj_realized_loss_cooldown window=IS terminal=BT2 run=oafx_is_oafx0867_20260827040347_5a69b4
2026-08-26T19:03:47+00:00 RUN_START id=OAFX0866 family=sca_gj_realized_loss_cooldown window=IS terminal=BT1 run=oafx_is_oafx0866_20260827040347_3f6daa
2026-08-26T19:03:48+00:00 WAIT_LAUNCH_SLOT terminal=BT1 seconds=8.0
2026-08-26T19:03:49+00:00 RUN_HEARTBEAT terminal=BT2 pid=8916 elapsed=0s
2026-08-26T19:03:57+00:00 RUN_HEARTBEAT terminal=BT1 pid=49636 elapsed=0s
2026-08-26T19:04:03+00:00 RUN_HEARTBEAT terminal=BT4 pid=32588 elapsed=460s
2026-08-26T19:04:20+00:00 RUN_HEARTBEAT terminal=PROD pid=10456 elapsed=194s
2026-08-26T19:04:36+00:00 RUN_HEARTBEAT terminal=BT3 pid=11404 elapsed=591s
2026-08-26T19:04:52+00:00 RUN_END id=OAFX0865 window=SCREEN_IS terminal=PROD status=OK decision=SCREEN_PASS_STRICT elapsed=229.362s
2026-08-26T19:04:52+00:00 RUN_START id=OAFX0865 family=sca_gj_realized_loss_cooldown window=IS terminal=PROD run=oafx_is_oafx0865_20260827040452_b4817f
2026-08-26T19:04:53+00:00 RUN_HEARTBEAT terminal=BT2 pid=8916 elapsed=64s
2026-08-26T19:04:54+00:00 RUN_HEARTBEAT terminal=PROD pid=35952 elapsed=0s
2026-08-26T19:05:02+00:00 RUN_HEARTBEAT terminal=BT1 pid=49636 elapsed=65s
2026-08-26T19:05:09+00:00 RUN_HEARTBEAT terminal=BT4 pid=32588 elapsed=525s
2026-08-26T19:05:42+00:00 RUN_HEARTBEAT terminal=BT3 pid=11404 elapsed=657s
2026-08-26T19:05:59+00:00 RUN_HEARTBEAT terminal=PROD pid=35952 elapsed=64s
2026-08-26T19:05:59+00:00 RUN_HEARTBEAT terminal=BT2 pid=8916 elapsed=129s
2026-08-26T19:06:07+00:00 RUN_HEARTBEAT terminal=BT1 pid=49636 elapsed=129s
2026-08-26T19:06:15+00:00 RUN_HEARTBEAT terminal=BT4 pid=32588 elapsed=592s
2026-08-26T19:06:48+00:00 RUN_HEARTBEAT terminal=BT3 pid=11404 elapsed=723s
2026-08-26T19:07:04+00:00 RUN_HEARTBEAT terminal=PROD pid=35952 elapsed=130s
2026-08-26T19:07:04+00:00 RUN_HEARTBEAT terminal=BT2 pid=8916 elapsed=195s
2026-08-26T19:07:12+00:00 RUN_HEARTBEAT terminal=BT1 pid=49636 elapsed=194s
2026-08-26T19:07:21+00:00 RUN_HEARTBEAT terminal=BT4 pid=32588 elapsed=657s
2026-08-26T19:07:54+00:00 RUN_HEARTBEAT terminal=BT3 pid=11404 elapsed=789s
2026-08-26T19:08:11+00:00 RUN_HEARTBEAT terminal=BT2 pid=8916 elapsed=261s
2026-08-26T19:08:11+00:00 RUN_HEARTBEAT terminal=PROD pid=35952 elapsed=196s
2026-08-26T19:08:17+00:00 RUN_HEARTBEAT terminal=BT1 pid=49636 elapsed=259s
2026-08-26T19:08:28+00:00 RUN_HEARTBEAT terminal=BT4 pid=32588 elapsed=724s
2026-08-26T19:08:44+00:00 RUN_END id=OAFX0863 window=IS terminal=BT3 status=OK decision=IS_REJECT elapsed=840.404s
2026-08-26T19:08:44+00:00 GATE_SKIP id=OAFX0863 window=OOS reason=IS_NOT_SURVIVOR decision=IS_REJECT net=318045.0 PF=1.5878 DD=47.1509%
2026-08-26T19:08:44+00:00 SCREEN_BYPASS [868/900] id=OAFX0868 route=FULLBOOK_DIRECT reason=OafxLossScope=4 (重複相手枠) の実現損失を参照するため、単独枠では効果を測定不能
2026-08-26T19:08:44+00:00 RUN_START id=OAFX0868 family=sca_gj_realized_loss_cooldown window=IS terminal=BT3 run=oafx_is_oafx0868_20260827040844_d18a19
2026-08-26T19:08:45+00:00 RUN_HEARTBEAT terminal=BT3 pid=4692 elapsed=0s
2026-08-26T19:09:16+00:00 RUN_HEARTBEAT terminal=PROD pid=35952 elapsed=261s
2026-08-26T19:09:16+00:00 RUN_HEARTBEAT terminal=BT2 pid=8916 elapsed=326s
2026-08-26T19:09:23+00:00 RUN_HEARTBEAT terminal=BT1 pid=49636 elapsed=326s
2026-08-26T19:09:32+00:00 RUN_HEARTBEAT terminal=BT4 pid=32588 elapsed=789s
2026-08-26T19:09:48+00:00 RUN_HEARTBEAT terminal=BT3 pid=4692 elapsed=63s
2026-08-26T19:10:21+00:00 RUN_HEARTBEAT terminal=PROD pid=35952 elapsed=326s
2026-08-26T19:10:21+00:00 RUN_HEARTBEAT terminal=BT2 pid=8916 elapsed=391s
2026-08-26T19:10:21+00:00 RUN_END id=OAFX0864 window=IS terminal=BT4 status=OK decision=IS_SURVIVOR_STRICT elapsed=839.488s
2026-08-26T19:10:21+00:00 SKIP_BASELINE_OOS reason=existing actual measurement
2026-08-26T19:10:21+00:00 RUN_START id=OAFX0864 family=sca_gj_realized_loss_cooldown window=OOS terminal=BT4 run=oafx_oos_oafx0864_20260827041021_f87772
2026-08-26T19:10:22+00:00 RUN_HEARTBEAT terminal=BT4 pid=47940 elapsed=0s
2026-08-26T19:10:28+00:00 RUN_HEARTBEAT terminal=BT1 pid=49636 elapsed=391s
2026-08-26T19:10:54+00:00 RUN_HEARTBEAT terminal=BT3 pid=4692 elapsed=128s
2026-08-26T19:11:26+00:00 RUN_HEARTBEAT terminal=PROD pid=35952 elapsed=392s
2026-08-26T19:11:26+00:00 RUN_HEARTBEAT terminal=BT4 pid=47940 elapsed=64s
2026-08-26T19:11:26+00:00 RUN_HEARTBEAT terminal=BT2 pid=8916 elapsed=457s
2026-08-26T19:11:32+00:00 RUN_HEARTBEAT terminal=BT1 pid=49636 elapsed=455s
2026-08-26T19:11:59+00:00 RUN_HEARTBEAT terminal=BT3 pid=4692 elapsed=193s
2026-08-26T19:12:32+00:00 RUN_HEARTBEAT terminal=PROD pid=35952 elapsed=457s
2026-08-26T19:12:32+00:00 RUN_HEARTBEAT terminal=BT2 pid=8916 elapsed=522s
2026-08-26T19:12:32+00:00 RUN_HEARTBEAT terminal=BT4 pid=47940 elapsed=129s
2026-08-26T19:12:36+00:00 RUN_HEARTBEAT terminal=BT1 pid=49636 elapsed=519s
2026-08-26T19:13:05+00:00 RUN_HEARTBEAT terminal=BT3 pid=4692 elapsed=259s
2026-08-26T19:13:37+00:00 RUN_HEARTBEAT terminal=BT4 pid=47940 elapsed=194s
2026-08-26T19:13:37+00:00 RUN_HEARTBEAT terminal=BT2 pid=8916 elapsed=588s
2026-08-26T19:13:37+00:00 RUN_HEARTBEAT terminal=PROD pid=35952 elapsed=523s
2026-08-26T19:13:39+00:00 RUN_HEARTBEAT terminal=BT1 pid=49636 elapsed=582s
2026-08-26T19:14:10+00:00 RUN_HEARTBEAT terminal=BT3 pid=4692 elapsed=325s
2026-08-26T19:14:43+00:00 RUN_HEARTBEAT terminal=BT2 pid=8916 elapsed=653s
2026-08-26T19:14:43+00:00 RUN_HEARTBEAT terminal=BT1 pid=49636 elapsed=645s
2026-08-26T19:14:43+00:00 RUN_HEARTBEAT terminal=PROD pid=35952 elapsed=588s
2026-08-26T19:14:43+00:00 RUN_HEARTBEAT terminal=BT4 pid=47940 elapsed=260s
2026-08-26T19:15:16+00:00 RUN_HEARTBEAT terminal=BT3 pid=4692 elapsed=390s
2026-08-26T19:15:49+00:00 RUN_HEARTBEAT terminal=BT4 pid=47940 elapsed=326s
2026-08-26T19:15:49+00:00 RUN_HEARTBEAT terminal=BT2 pid=8916 elapsed=719s
2026-08-26T19:15:49+00:00 RUN_HEARTBEAT terminal=PROD pid=35952 elapsed=654s
2026-08-26T19:15:49+00:00 RUN_HEARTBEAT terminal=BT1 pid=49636 elapsed=711s
2026-08-26T19:16:22+00:00 RUN_HEARTBEAT terminal=BT3 pid=4692 elapsed=456s
2026-08-26T19:16:54+00:00 RUN_HEARTBEAT terminal=BT1 pid=49636 elapsed=777s
2026-08-26T19:16:54+00:00 RUN_HEARTBEAT terminal=BT2 pid=8916 elapsed=785s
2026-08-26T19:16:54+00:00 RUN_HEARTBEAT terminal=BT4 pid=47940 elapsed=391s
2026-08-26T19:16:54+00:00 RUN_HEARTBEAT terminal=PROD pid=35952 elapsed=720s
2026-08-26T19:17:27+00:00 RUN_HEARTBEAT terminal=BT3 pid=4692 elapsed=521s
2026-08-26T19:18:00+00:00 RUN_HEARTBEAT terminal=PROD pid=35952 elapsed=785s
2026-08-26T19:18:00+00:00 RUN_HEARTBEAT terminal=BT1 pid=49636 elapsed=842s
2026-08-26T19:18:00+00:00 RUN_HEARTBEAT terminal=BT4 pid=47940 elapsed=457s
2026-08-26T19:18:00+00:00 RUN_HEARTBEAT terminal=BT2 pid=8916 elapsed=850s
2026-08-26T19:18:32+00:00 RUN_END id=OAFX0867 window=IS terminal=BT2 status=OK decision=IS_SURVIVOR_STRICT elapsed=884.548s
2026-08-26T19:18:32+00:00 SKIP_BASELINE_OOS reason=existing actual measurement
2026-08-26T19:18:32+00:00 RUN_START id=OAFX0867 family=sca_gj_realized_loss_cooldown window=OOS terminal=BT2 run=oafx_oos_oafx0867_20260827041832_76824c
2026-08-26T19:18:32+00:00 RUN_END id=OAFX0866 window=IS terminal=BT1 status=OK decision=IS_REJECT elapsed=884.620s
2026-08-26T19:18:32+00:00 GATE_SKIP id=OAFX0866 window=OOS reason=IS_NOT_SURVIVOR decision=IS_REJECT net=331443.0 PF=1.5242 DD=46.5467%
2026-08-26T19:18:32+00:00 RUN_HEARTBEAT terminal=BT3 pid=4692 elapsed=587s
2026-08-26T19:18:32+00:00 RUN_START id=OAFX0869 family=sca_gj_realized_loss_cooldown window=SCREEN_IS terminal=BT1 run=oafx_screen_is_oafx0869_20260827041832_0e89b7
2026-08-26T19:18:33+00:00 WAIT_LAUNCH_SLOT terminal=BT1 seconds=7.9
2026-08-26T19:18:34+00:00 RUN_HEARTBEAT terminal=BT2 pid=47440 elapsed=0s
2026-08-26T19:18:42+00:00 RUN_HEARTBEAT terminal=BT1 pid=13784 elapsed=0s
2026-08-26T19:19:04+00:00 RUN_HEARTBEAT terminal=BT4 pid=47940 elapsed=521s
2026-08-26T19:19:04+00:00 WAIT_MT5_IDLE terminal=PROD elapsed=1s pids=[49020]
2026-08-26T19:19:36+00:00 RUN_HEARTBEAT terminal=BT3 pid=4692 elapsed=651s
2026-08-26T19:19:37+00:00 RUN_HEARTBEAT terminal=BT2 pid=47440 elapsed=63s
2026-08-26T19:19:45+00:00 RUN_HEARTBEAT terminal=BT1 pid=13784 elapsed=64s
2026-08-26T19:20:08+00:00 RUN_HEARTBEAT terminal=BT4 pid=47940 elapsed=585s
2026-08-26T19:20:08+00:00 WAIT_MT5_IDLE terminal=PROD elapsed=65s pids=[49020]
2026-08-26T19:20:40+00:00 RUN_HEARTBEAT terminal=BT3 pid=4692 elapsed=715s
2026-08-26T19:20:40+00:00 RUN_HEARTBEAT terminal=BT2 pid=47440 elapsed=127s
2026-08-26T19:20:48+00:00 RUN_HEARTBEAT terminal=BT1 pid=13784 elapsed=127s
2026-08-26T19:21:12+00:00 RUN_HEARTBEAT terminal=BT4 pid=47940 elapsed=649s
2026-08-26T19:21:12+00:00 WAIT_MT5_IDLE terminal=PROD elapsed=129s pids=[49020]
2026-08-26T19:21:43+00:00 RUN_HEARTBEAT terminal=BT3 pid=4692 elapsed=778s
2026-08-26T19:21:44+00:00 RUN_HEARTBEAT terminal=BT2 pid=47440 elapsed=190s
2026-08-26T19:21:44+00:00 RUN_END id=OAFX0864 window=OOS terminal=BT4 status=OK decision=STRICT_IMPROVEMENT elapsed=682.882s
2026-08-26T19:21:44+00:00 SCREEN_BYPASS [870/900] id=OAFX0870 route=FULLBOOK_DIRECT reason=OafxLossScope=2 (SCA両枠) の実現損失を参照するため、単独枠では効果を測定不能
2026-08-26T19:21:44+00:00 RUN_START id=OAFX0870 family=sca_gj_realized_loss_cooldown window=IS terminal=BT4 run=oafx_is_oafx0870_20260827042144_2463f0
2026-08-26T19:21:45+00:00 RUN_HEARTBEAT terminal=BT4 pid=45572 elapsed=0s
2026-08-26T19:21:52+00:00 RUN_HEARTBEAT terminal=BT1 pid=13784 elapsed=190s
2026-08-26T19:22:07+00:00 RUN_END id=OAFX0869 window=SCREEN_IS terminal=BT1 status=OK decision=SCREEN_OUT_SINGLE_SLEEVE elapsed=215.286s
2026-08-26T19:22:07+00:00 GATE_SKIP id=OAFX0869 window=IS reason=SINGLE_SLEEVE_INFERIOR decision=SCREEN_OUT_SINGLE_SLEEVE net=72995.0 PF=1.1965 DD=21.2947%
2026-08-26T19:22:07+00:00 SCREEN_BYPASS [871/900] id=OAFX0871 route=FULLBOOK_DIRECT reason=OafxLossScope=3 (全9枠) の実現損失を参照するため、単独枠では効果を測定不能
2026-08-26T19:22:07+00:00 RUN_START id=OAFX0871 family=sca_gj_realized_loss_cooldown window=IS terminal=BT1 run=oafx_is_oafx0871_20260827042207_3f19b1
2026-08-26T19:22:09+00:00 RUN_HEARTBEAT terminal=BT1 pid=46680 elapsed=0s
2026-08-26T19:22:15+00:00 WAIT_MT5_IDLE terminal=PROD elapsed=192s pids=[49020]
2026-08-26T19:22:15+00:00 RUN_END id=OAFX0868 window=IS terminal=BT3 status=OK decision=IS_SURVIVOR_STRICT elapsed=811.491s
2026-08-26T19:22:15+00:00 SKIP_BASELINE_OOS reason=existing actual measurement
2026-08-26T19:22:15+00:00 RUN_START id=OAFX0868 family=sca_gj_realized_loss_cooldown window=OOS terminal=BT3 run=oafx_oos_oafx0868_20260827042215_271d23
2026-08-26T19:22:16+00:00 WAIT_LAUNCH_SLOT terminal=BT3 seconds=0.3
2026-08-26T19:22:17+00:00 RUN_HEARTBEAT terminal=BT3 pid=50944 elapsed=0s
2026-08-26T19:22:47+00:00 RUN_HEARTBEAT terminal=BT2 pid=47440 elapsed=254s
2026-08-26T19:22:48+00:00 RUN_HEARTBEAT terminal=BT4 pid=45572 elapsed=63s
2026-08-26T19:23:13+00:00 RUN_HEARTBEAT terminal=BT1 pid=46680 elapsed=64s
2026-08-26T19:23:19+00:00 WAIT_MT5_IDLE terminal=PROD elapsed=256s pids=[49020]
2026-08-26T19:23:20+00:00 RUN_HEARTBEAT terminal=BT3 pid=50944 elapsed=63s
2026-08-26T19:23:52+00:00 RUN_HEARTBEAT terminal=BT2 pid=47440 elapsed=318s
2026-08-26T19:23:52+00:00 RUN_HEARTBEAT terminal=BT4 pid=45572 elapsed=126s
2026-08-26T19:24:09+00:00 KILL_ORPHAN_TESTER terminal=PROD pids=[49020] orphan_seconds=304
2026-08-26T19:24:17+00:00 RUN_HEARTBEAT terminal=BT1 pid=46680 elapsed=128s
2026-08-26T19:24:25+00:00 RUN_HEARTBEAT terminal=BT3 pid=50944 elapsed=128s
2026-08-26T19:24:25+00:00 RUN_END id=OAFX0865 window=IS terminal=PROD status=OK decision=IS_REJECT elapsed=1172.810s
2026-08-26T19:24:25+00:00 GATE_SKIP id=OAFX0865 window=OOS reason=IS_NOT_SURVIVOR decision=IS_REJECT net=343151.0 PF=1.539 DD=45.7924%
2026-08-26T19:24:25+00:00 SCREEN_BYPASS [872/900] id=OAFX0872 route=FULLBOOK_DIRECT reason=OafxLossScope=4 (重複相手枠) の実現損失を参照するため、単独枠では効果を測定不能
2026-08-26T19:24:25+00:00 RUN_START id=OAFX0872 family=sca_gj_realized_loss_cooldown window=IS terminal=PROD run=oafx_is_oafx0872_20260827042425_28fe97
2026-08-26T19:24:27+00:00 RUN_HEARTBEAT terminal=PROD pid=13584 elapsed=0s
2026-08-26T19:24:58+00:00 RUN_HEARTBEAT terminal=BT4 pid=45572 elapsed=192s
2026-08-26T19:24:58+00:00 RUN_HEARTBEAT terminal=BT2 pid=47440 elapsed=384s
2026-08-26T19:25:23+00:00 RUN_HEARTBEAT terminal=BT1 pid=46680 elapsed=193s
2026-08-26T19:25:31+00:00 RUN_HEARTBEAT terminal=BT3 pid=50944 elapsed=193s
2026-08-26T19:25:31+00:00 RUN_HEARTBEAT terminal=PROD pid=13584 elapsed=64s
2026-08-26T19:26:03+00:00 RUN_HEARTBEAT terminal=BT4 pid=45572 elapsed=258s
2026-08-26T19:26:03+00:00 RUN_HEARTBEAT terminal=BT2 pid=47440 elapsed=449s
2026-08-26T19:26:27+00:00 RUN_HEARTBEAT terminal=BT1 pid=46680 elapsed=258s
2026-08-26T19:26:36+00:00 RUN_HEARTBEAT terminal=PROD pid=13584 elapsed=128s
2026-08-26T19:26:36+00:00 RUN_HEARTBEAT terminal=BT3 pid=50944 elapsed=258s
2026-08-26T19:27:10+00:00 RUN_HEARTBEAT terminal=BT2 pid=47440 elapsed=515s
2026-08-26T19:27:10+00:00 RUN_HEARTBEAT terminal=BT4 pid=45572 elapsed=323s
2026-08-26T19:27:31+00:00 RUN_HEARTBEAT terminal=BT1 pid=46680 elapsed=322s
2026-08-26T19:27:43+00:00 RUN_HEARTBEAT terminal=BT3 pid=50944 elapsed=325s
2026-08-26T19:27:43+00:00 RUN_HEARTBEAT terminal=PROD pid=13584 elapsed=195s
2026-08-26T19:28:16+00:00 RUN_HEARTBEAT terminal=BT4 pid=45572 elapsed=390s
2026-08-26T19:28:16+00:00 RUN_HEARTBEAT terminal=BT2 pid=47440 elapsed=582s
2026-08-26T19:28:34+00:00 RUN_HEARTBEAT terminal=BT1 pid=46680 elapsed=385s
2026-08-26T19:28:49+00:00 RUN_HEARTBEAT terminal=PROD pid=13584 elapsed=261s
2026-08-26T19:28:49+00:00 RUN_HEARTBEAT terminal=BT3 pid=50944 elapsed=391s
2026-08-26T19:29:22+00:00 RUN_HEARTBEAT terminal=BT4 pid=45572 elapsed=456s
2026-08-26T19:29:22+00:00 RUN_HEARTBEAT terminal=BT2 pid=47440 elapsed=648s
2026-08-26T19:29:38+00:00 RUN_HEARTBEAT terminal=BT1 pid=46680 elapsed=449s
2026-08-26T19:29:56+00:00 RUN_HEARTBEAT terminal=PROD pid=13584 elapsed=327s
2026-08-26T19:29:56+00:00 WAIT_MT5_IDLE terminal=BT2 elapsed=3s pids=[49056]
2026-08-26T19:29:56+00:00 RUN_HEARTBEAT terminal=BT3 pid=50944 elapsed=457s
2026-08-26T19:30:13+00:00 RUN_END id=OAFX0867 window=OOS terminal=BT2 status=OK decision=REJECT elapsed=700.649s
2026-08-26T19:30:13+00:00 RUN_START id=OAFX0873 family=sca_gj_realized_loss_cooldown window=SCREEN_IS terminal=BT2 run=oafx_screen_is_oafx0873_20260827043013_bdc743
2026-08-26T19:30:14+00:00 RUN_HEARTBEAT terminal=BT2 pid=41648 elapsed=0s
2026-08-26T19:30:29+00:00 RUN_HEARTBEAT terminal=BT4 pid=45572 elapsed=523s
2026-08-26T19:30:45+00:00 RUN_HEARTBEAT terminal=BT1 pid=46680 elapsed=516s
2026-08-26T19:31:01+00:00 RUN_HEARTBEAT terminal=BT3 pid=50944 elapsed=524s
2026-08-26T19:31:01+00:00 RUN_HEARTBEAT terminal=PROD pid=13584 elapsed=394s
2026-08-26T19:31:18+00:00 RUN_HEARTBEAT terminal=BT2 pid=41648 elapsed=63s
2026-08-26T19:31:34+00:00 RUN_HEARTBEAT terminal=BT4 pid=45572 elapsed=588s
2026-08-26T19:31:51+00:00 RUN_HEARTBEAT terminal=BT1 pid=46680 elapsed=581s
2026-08-26T19:32:07+00:00 RUN_HEARTBEAT terminal=BT3 pid=50944 elapsed=590s
2026-08-26T19:32:07+00:00 RUN_HEARTBEAT terminal=PROD pid=13584 elapsed=460s
2026-08-26T19:32:23+00:00 RUN_HEARTBEAT terminal=BT2 pid=41648 elapsed=129s
2026-08-26T19:32:40+00:00 RUN_HEARTBEAT terminal=BT4 pid=45572 elapsed=654s
2026-08-26T19:32:56+00:00 RUN_HEARTBEAT terminal=BT1 pid=46680 elapsed=647s
2026-08-26T19:33:12+00:00 RUN_HEARTBEAT terminal=BT3 pid=50944 elapsed=655s
2026-08-26T19:33:12+00:00 RUN_HEARTBEAT terminal=PROD pid=13584 elapsed=525s
2026-08-26T19:33:29+00:00 RUN_HEARTBEAT terminal=BT2 pid=41648 elapsed=194s
2026-08-26T19:33:45+00:00 RUN_HEARTBEAT terminal=BT4 pid=45572 elapsed=719s
2026-08-26T19:33:45+00:00 RUN_END id=OAFX0873 window=SCREEN_IS terminal=BT2 status=OK decision=SCREEN_OUT_SINGLE_SLEEVE elapsed=211.933s
2026-08-26T19:33:45+00:00 GATE_SKIP id=OAFX0873 window=IS reason=SINGLE_SLEEVE_INFERIOR decision=SCREEN_OUT_SINGLE_SLEEVE net=81429.0 PF=1.2156 DD=20.1568%
2026-08-26T19:33:45+00:00 SCREEN_BYPASS [874/900] id=OAFX0874 route=FULLBOOK_DIRECT reason=OafxLossScope=2 (SCA両枠) の実現損失を参照するため、単独枠では効果を測定不能
2026-08-26T19:33:45+00:00 RUN_START id=OAFX0874 family=sca_gj_realized_loss_cooldown window=IS terminal=BT2 run=oafx_is_oafx0874_20260827043345_a36d80
2026-08-26T19:33:46+00:00 RUN_HEARTBEAT terminal=BT2 pid=47120 elapsed=0s
2026-08-26T19:34:01+00:00 RUN_HEARTBEAT terminal=BT1 pid=46680 elapsed=712s
2026-08-26T19:34:17+00:00 RUN_HEARTBEAT terminal=PROD pid=13584 elapsed=590s
2026-08-26T19:34:18+00:00 RUN_END id=OAFX0868 window=OOS terminal=BT3 status=OK decision=STRICT_IMPROVEMENT elapsed=722.535s
2026-08-26T19:34:18+00:00 SCREEN_BYPASS [875/900] id=OAFX0875 route=FULLBOOK_DIRECT reason=OafxLossScope=3 (全9枠) の実現損失を参照するため、単独枠では効果を測定不能
2026-08-26T19:34:18+00:00 RUN_START id=OAFX0875 family=sca_gj_realized_loss_cooldown window=IS terminal=BT3 run=oafx_is_oafx0875_20260827043418_fa7e9e
2026-08-26T19:34:19+00:00 RUN_HEARTBEAT terminal=BT3 pid=49712 elapsed=0s
2026-08-26T19:34:51+00:00 RUN_HEARTBEAT terminal=BT4 pid=45572 elapsed=785s
2026-08-26T19:34:51+00:00 RUN_HEARTBEAT terminal=BT2 pid=47120 elapsed=64s
2026-08-26T19:35:07+00:00 RUN_HEARTBEAT terminal=BT1 pid=46680 elapsed=778s
2026-08-26T19:35:24+00:00 RUN_HEARTBEAT terminal=BT3 pid=49712 elapsed=64s
2026-08-26T19:35:24+00:00 RUN_HEARTBEAT terminal=PROD pid=13584 elapsed=656s
2026-08-26T19:35:57+00:00 RUN_HEARTBEAT terminal=BT2 pid=47120 elapsed=130s
2026-08-26T19:35:57+00:00 RUN_HEARTBEAT terminal=BT4 pid=45572 elapsed=851s
2026-08-26T19:36:13+00:00 RUN_HEARTBEAT terminal=BT1 pid=46680 elapsed=844s
2026-08-26T19:36:13+00:00 RUN_END id=OAFX0870 window=IS terminal=BT4 status=OK decision=IS_REJECT elapsed=869.773s
2026-08-26T19:36:13+00:00 GATE_SKIP id=OAFX0870 window=OOS reason=IS_NOT_SURVIVOR decision=IS_REJECT net=324533.0 PF=1.4864 DD=49.4497%
2026-08-26T19:36:13+00:00 SCREEN_BYPASS [876/900] id=OAFX0876 route=FULLBOOK_DIRECT reason=OafxLossScope=4 (重複相手枠) の実現損失を参照するため、単独枠では効果を測定不能
2026-08-26T19:36:13+00:00 RUN_START id=OAFX0876 family=sca_gj_realized_loss_cooldown window=IS terminal=BT4 run=oafx_is_oafx0876_20260827043613_54a779
2026-08-26T19:36:15+00:00 RUN_HEARTBEAT terminal=BT4 pid=46248 elapsed=0s
2026-08-26T19:36:29+00:00 RUN_HEARTBEAT terminal=PROD pid=13584 elapsed=722s
2026-08-26T19:36:29+00:00 RUN_HEARTBEAT terminal=BT3 pid=49712 elapsed=130s
2026-08-26T19:36:29+00:00 RUN_END id=OAFX0871 window=IS terminal=BT1 status=OK decision=IS_REJECT elapsed=861.992s
2026-08-26T19:36:29+00:00 GATE_SKIP id=OAFX0871 window=OOS reason=IS_NOT_SURVIVOR decision=IS_REJECT net=303778.0 PF=1.4651 DD=49.2457%
2026-08-26T19:36:29+00:00 RUN_START id=OAFX0877 family=sca_gj_realized_loss_cooldown window=SCREEN_IS terminal=BT1 run=oafx_screen_is_oafx0877_20260827043629_cf787b
2026-08-26T19:36:31+00:00 RUN_HEARTBEAT terminal=BT1 pid=42444 elapsed=0s
2026-08-26T19:37:03+00:00 RUN_HEARTBEAT terminal=BT2 pid=47120 elapsed=195s
2026-08-26T19:37:20+00:00 RUN_HEARTBEAT terminal=BT4 pid=46248 elapsed=64s
2026-08-26T19:37:39+00:00 RUN_HEARTBEAT terminal=BT1 pid=42444 elapsed=65s
2026-08-26T19:37:39+00:00 RUN_HEARTBEAT terminal=BT3 pid=49712 elapsed=197s
2026-08-26T19:37:39+00:00 RUN_HEARTBEAT terminal=PROD pid=13584 elapsed=789s
2026-08-26T19:38:13+00:00 RUN_HEARTBEAT terminal=BT2 pid=47120 elapsed=266s
2026-08-26T19:38:29+00:00 WAIT_MT5_IDLE terminal=PROD elapsed=1s pids=[33596]
2026-08-26T19:38:29+00:00 RUN_HEARTBEAT terminal=BT4 pid=46248 elapsed=133s
2026-08-26T19:38:45+00:00 RUN_HEARTBEAT terminal=BT1 pid=42444 elapsed=134s
2026-08-26T19:38:45+00:00 RUN_HEARTBEAT terminal=BT3 pid=49712 elapsed=266s
2026-08-26T19:38:45+00:00 RUN_END id=OAFX0872 window=IS terminal=PROD status=OK decision=IS_REJECT elapsed=860.056s
2026-08-26T19:38:45+00:00 GATE_SKIP id=OAFX0872 window=OOS reason=IS_NOT_SURVIVOR decision=IS_REJECT net=315849.0 PF=1.4574 DD=38.7344%
2026-08-26T19:38:45+00:00 SCREEN_BYPASS [878/900] id=OAFX0878 route=FULLBOOK_DIRECT reason=OafxLossScope=2 (SCA両枠) の実現損失を参照するため、単独枠では効果を測定不能
2026-08-26T19:38:45+00:00 RUN_START id=OAFX0878 family=sca_gj_realized_loss_cooldown window=IS terminal=PROD run=oafx_is_oafx0878_20260827043845_7da0e6
2026-08-26T19:38:47+00:00 RUN_HEARTBEAT terminal=PROD pid=43644 elapsed=0s
2026-08-26T19:39:18+00:00 RUN_HEARTBEAT terminal=BT2 pid=47120 elapsed=332s
2026-08-26T19:39:35+00:00 RUN_HEARTBEAT terminal=BT4 pid=46248 elapsed=199s
2026-08-26T19:39:51+00:00 RUN_HEARTBEAT terminal=BT3 pid=49712 elapsed=332s
2026-08-26T19:39:51+00:00 RUN_HEARTBEAT terminal=BT1 pid=42444 elapsed=200s
2026-08-26T19:39:51+00:00 RUN_HEARTBEAT terminal=PROD pid=43644 elapsed=64s
2026-08-26T19:40:24+00:00 RUN_HEARTBEAT terminal=BT2 pid=47120 elapsed=397s
2026-08-26T19:40:40+00:00 RUN_HEARTBEAT terminal=BT4 pid=46248 elapsed=265s
2026-08-26T19:40:57+00:00 RUN_HEARTBEAT terminal=PROD pid=43644 elapsed=129s
2026-08-26T19:40:57+00:00 RUN_HEARTBEAT terminal=BT1 pid=42444 elapsed=265s
2026-08-26T19:40:57+00:00 RUN_HEARTBEAT terminal=BT3 pid=49712 elapsed=397s
2026-08-26T19:41:13+00:00 RUN_END id=OAFX0877 window=SCREEN_IS terminal=BT1 status=OK decision=SCREEN_PASS_STRICT elapsed=284.138s
2026-08-26T19:41:13+00:00 RUN_START id=OAFX0877 family=sca_gj_realized_loss_cooldown window=IS terminal=BT1 run=oafx_is_oafx0877_20260827044113_84f78b
2026-08-26T19:41:15+00:00 RUN_HEARTBEAT terminal=BT1 pid=4400 elapsed=0s
2026-08-26T19:41:30+00:00 RUN_HEARTBEAT terminal=BT2 pid=47120 elapsed=463s
2026-08-26T19:41:46+00:00 RUN_HEARTBEAT terminal=BT4 pid=46248 elapsed=331s
2026-08-26T19:42:03+00:00 RUN_HEARTBEAT terminal=BT3 pid=49712 elapsed=463s
2026-08-26T19:42:03+00:00 RUN_HEARTBEAT terminal=PROD pid=43644 elapsed=195s
2026-08-26T19:42:19+00:00 RUN_HEARTBEAT terminal=BT1 pid=4400 elapsed=64s
2026-08-26T19:42:36+00:00 RUN_HEARTBEAT terminal=BT2 pid=47120 elapsed=529s
2026-08-26T19:42:52+00:00 RUN_HEARTBEAT terminal=BT4 pid=46248 elapsed=397s
2026-08-26T19:43:09+00:00 RUN_HEARTBEAT terminal=PROD pid=43644 elapsed=261s
2026-08-26T19:43:09+00:00 RUN_HEARTBEAT terminal=BT3 pid=49712 elapsed=529s
2026-08-26T19:43:25+00:00 RUN_HEARTBEAT terminal=BT1 pid=4400 elapsed=130s
2026-08-26T19:43:42+00:00 RUN_HEARTBEAT terminal=BT2 pid=47120 elapsed=595s
2026-08-26T19:43:58+00:00 RUN_HEARTBEAT terminal=BT4 pid=46248 elapsed=463s
2026-08-26T19:44:15+00:00 RUN_HEARTBEAT terminal=BT3 pid=49712 elapsed=595s
2026-08-26T19:44:15+00:00 RUN_HEARTBEAT terminal=PROD pid=43644 elapsed=327s
2026-08-26T19:44:32+00:00 RUN_HEARTBEAT terminal=BT1 pid=4400 elapsed=196s
2026-08-26T19:44:48+00:00 RUN_HEARTBEAT terminal=BT2 pid=47120 elapsed=661s
2026-08-26T19:45:05+00:00 RUN_HEARTBEAT terminal=BT4 pid=46248 elapsed=529s
2026-08-26T19:45:22+00:00 RUN_HEARTBEAT terminal=PROD pid=43644 elapsed=394s
2026-08-26T19:45:22+00:00 RUN_HEARTBEAT terminal=BT3 pid=49712 elapsed=662s
2026-08-26T19:45:38+00:00 RUN_HEARTBEAT terminal=BT1 pid=4400 elapsed=262s
2026-08-26T19:45:55+00:00 RUN_HEARTBEAT terminal=BT2 pid=47120 elapsed=728s
2026-08-26T19:46:11+00:00 RUN_HEARTBEAT terminal=BT4 pid=46248 elapsed=595s
2026-08-26T19:46:28+00:00 RUN_HEARTBEAT terminal=PROD pid=43644 elapsed=460s
2026-08-26T19:46:28+00:00 RUN_HEARTBEAT terminal=BT3 pid=49712 elapsed=728s
2026-08-26T19:46:44+00:00 RUN_HEARTBEAT terminal=BT1 pid=4400 elapsed=328s
2026-08-26T19:47:00+00:00 RUN_HEARTBEAT terminal=BT2 pid=47120 elapsed=794s
2026-08-26T19:47:17+00:00 RUN_HEARTBEAT terminal=BT4 pid=46248 elapsed=661s
2026-08-26T19:47:33+00:00 RUN_HEARTBEAT terminal=PROD pid=43644 elapsed=525s
2026-08-26T19:47:33+00:00 RUN_HEARTBEAT terminal=BT3 pid=49712 elapsed=793s
2026-08-26T19:47:49+00:00 RUN_HEARTBEAT terminal=BT1 pid=4400 elapsed=394s
2026-08-26T19:48:06+00:00 RUN_HEARTBEAT terminal=BT2 pid=47120 elapsed=859s
2026-08-26T19:48:22+00:00 RUN_HEARTBEAT terminal=BT4 pid=46248 elapsed=726s
2026-08-26T19:48:22+00:00 RUN_END id=OAFX0874 window=IS terminal=BT2 status=OK decision=IS_REJECT elapsed=877.712s
2026-08-26T19:48:22+00:00 GATE_SKIP id=OAFX0874 window=OOS reason=IS_NOT_SURVIVOR decision=IS_REJECT net=320709.0 PF=1.4681 DD=41.4911%
2026-08-26T19:48:22+00:00 SCREEN_BYPASS [879/900] id=OAFX0879 route=FULLBOOK_DIRECT reason=OafxLossScope=3 (全9枠) の実現損失を参照するため、単独枠では効果を測定不能
2026-08-26T19:48:22+00:00 RUN_START id=OAFX0879 family=sca_gj_realized_loss_cooldown window=IS terminal=BT2 run=oafx_is_oafx0879_20260827044822_78e4ef
2026-08-26T19:48:24+00:00 RUN_HEARTBEAT terminal=BT2 pid=48432 elapsed=0s
2026-08-26T19:48:38+00:00 RUN_HEARTBEAT terminal=PROD pid=43644 elapsed=591s
2026-08-26T19:48:38+00:00 RUN_END id=OAFX0875 window=IS terminal=BT3 status=OK decision=IS_REJECT elapsed=860.593s
2026-08-26T19:48:38+00:00 GATE_SKIP id=OAFX0875 window=OOS reason=IS_NOT_SURVIVOR decision=IS_REJECT net=314508.0 PF=1.4619 DD=38.7023%
2026-08-26T19:48:38+00:00 SCREEN_BYPASS [880/900] id=OAFX0880 route=FULLBOOK_DIRECT reason=OafxLossScope=4 (重複相手枠) の実現損失を参照するため、単独枠では効果を測定不能
2026-08-26T19:48:38+00:00 RUN_START id=OAFX0880 family=sca_gj_realized_loss_cooldown window=IS terminal=BT3 run=oafx_is_oafx0880_20260827044838_740365
2026-08-26T19:48:40+00:00 RUN_HEARTBEAT terminal=BT3 pid=21028 elapsed=0s
2026-08-26T19:48:54+00:00 RUN_HEARTBEAT terminal=BT1 pid=4400 elapsed=459s
2026-08-26T19:49:27+00:00 RUN_HEARTBEAT terminal=BT4 pid=46248 elapsed=792s
2026-08-26T19:49:28+00:00 RUN_HEARTBEAT terminal=BT2 pid=48432 elapsed=64s
2026-08-26T19:49:44+00:00 RUN_HEARTBEAT terminal=PROD pid=43644 elapsed=656s
2026-08-26T19:49:44+00:00 RUN_HEARTBEAT terminal=BT3 pid=21028 elapsed=64s
2026-08-26T19:50:01+00:00 RUN_HEARTBEAT terminal=BT1 pid=4400 elapsed=524s
2026-08-26T19:50:34+00:00 RUN_HEARTBEAT terminal=BT2 pid=48432 elapsed=129s
2026-08-26T19:50:34+00:00 RUN_HEARTBEAT terminal=BT4 pid=46248 elapsed=858s
2026-08-26T19:50:50+00:00 RUN_HEARTBEAT terminal=BT3 pid=21028 elapsed=130s
2026-08-26T19:50:50+00:00 RUN_HEARTBEAT terminal=PROD pid=43644 elapsed=723s
2026-08-26T19:50:50+00:00 RUN_END id=OAFX0876 window=IS terminal=BT4 status=OK decision=IS_REJECT elapsed=876.749s
2026-08-26T19:50:50+00:00 GATE_SKIP id=OAFX0876 window=OOS reason=IS_NOT_SURVIVOR decision=IS_REJECT net=315380.0 PF=1.4552 DD=38.7344%
2026-08-26T19:50:50+00:00 RUN_START id=OAFX0881 family=sca_gj_realized_loss_cooldown window=SCREEN_IS terminal=BT4 run=oafx_screen_is_oafx0881_20260827045050_d2848f
2026-08-26T19:50:52+00:00 RUN_HEARTBEAT terminal=BT4 pid=26848 elapsed=0s
2026-08-26T19:51:07+00:00 RUN_HEARTBEAT terminal=BT1 pid=4400 elapsed=591s
2026-08-26T19:51:39+00:00 RUN_HEARTBEAT terminal=BT2 pid=48432 elapsed=195s
2026-08-26T19:51:56+00:00 RUN_HEARTBEAT terminal=BT4 pid=26848 elapsed=63s
2026-08-26T19:51:56+00:00 RUN_HEARTBEAT terminal=BT3 pid=21028 elapsed=195s
2026-08-26T19:51:56+00:00 RUN_HEARTBEAT terminal=PROD pid=43644 elapsed=788s
2026-08-26T19:52:13+00:00 RUN_HEARTBEAT terminal=BT1 pid=4400 elapsed=657s
2026-08-26T19:52:46+00:00 RUN_HEARTBEAT terminal=BT2 pid=48432 elapsed=262s
2026-08-26T19:53:03+00:00 RUN_HEARTBEAT terminal=BT4 pid=26848 elapsed=130s
2026-08-26T19:53:03+00:00 RUN_HEARTBEAT terminal=BT3 pid=21028 elapsed=262s
2026-08-26T19:53:03+00:00 RUN_END id=OAFX0878 window=IS terminal=PROD status=OK decision=IS_SURVIVOR_STRICT elapsed=857.343s
2026-08-26T19:53:03+00:00 SKIP_BASELINE_OOS reason=existing actual measurement
2026-08-26T19:53:03+00:00 RUN_START id=OAFX0878 family=sca_gj_realized_loss_cooldown window=OOS terminal=PROD run=oafx_oos_oafx0878_20260827045303_3198ef
2026-08-26T19:53:04+00:00 RUN_HEARTBEAT terminal=PROD pid=40548 elapsed=0s
2026-08-26T19:53:19+00:00 RUN_HEARTBEAT terminal=BT1 pid=4400 elapsed=723s
2026-08-26T19:53:52+00:00 RUN_HEARTBEAT terminal=BT2 pid=48432 elapsed=327s
2026-08-26T19:54:09+00:00 RUN_HEARTBEAT terminal=BT3 pid=21028 elapsed=328s
2026-08-26T19:54:09+00:00 RUN_HEARTBEAT terminal=BT4 pid=26848 elapsed=196s
2026-08-26T19:54:09+00:00 RUN_HEARTBEAT terminal=PROD pid=40548 elapsed=64s
2026-08-26T19:54:26+00:00 RUN_HEARTBEAT terminal=BT1 pid=4400 elapsed=790s
2026-08-26T19:54:42+00:00 RUN_END id=OAFX0881 window=SCREEN_IS terminal=BT4 status=OK decision=SCREEN_PASS_STRICT elapsed=231.959s
2026-08-26T19:54:42+00:00 RUN_START id=OAFX0881 family=sca_gj_realized_loss_cooldown window=IS terminal=BT4 run=oafx_is_oafx0881_20260827045442_fe38ad
2026-08-26T19:54:44+00:00 RUN_HEARTBEAT terminal=BT4 pid=47316 elapsed=0s
2026-08-26T19:54:58+00:00 RUN_HEARTBEAT terminal=BT2 pid=48432 elapsed=394s
2026-08-26T19:55:15+00:00 RUN_HEARTBEAT terminal=PROD pid=40548 elapsed=130s
2026-08-26T19:55:15+00:00 RUN_HEARTBEAT terminal=BT3 pid=21028 elapsed=394s
2026-08-26T19:55:15+00:00 RUN_END id=OAFX0877 window=IS terminal=BT1 status=OK decision=IS_SURVIVOR_STRICT elapsed=841.100s
2026-08-26T19:55:15+00:00 SKIP_BASELINE_OOS reason=existing actual measurement
2026-08-26T19:55:15+00:00 RUN_START id=OAFX0877 family=sca_gj_realized_loss_cooldown window=OOS terminal=BT1 run=oafx_oos_oafx0877_20260827045515_b9d518
2026-08-26T19:55:16+00:00 RUN_HEARTBEAT terminal=BT1 pid=43020 elapsed=0s
2026-08-26T19:55:47+00:00 RUN_HEARTBEAT terminal=BT4 pid=47316 elapsed=64s
2026-08-26T19:56:04+00:00 RUN_HEARTBEAT terminal=BT2 pid=48432 elapsed=459s
2026-08-26T19:56:21+00:00 RUN_HEARTBEAT terminal=PROD pid=40548 elapsed=195s
2026-08-26T19:56:21+00:00 RUN_HEARTBEAT terminal=BT1 pid=43020 elapsed=64s
2026-08-26T19:56:21+00:00 RUN_HEARTBEAT terminal=BT3 pid=21028 elapsed=460s
2026-08-26T19:56:53+00:00 RUN_HEARTBEAT terminal=BT4 pid=47316 elapsed=129s
2026-08-26T19:57:10+00:00 RUN_HEARTBEAT terminal=BT2 pid=48432 elapsed=525s
2026-08-26T19:57:27+00:00 RUN_HEARTBEAT terminal=BT1 pid=43020 elapsed=130s
2026-08-26T19:57:27+00:00 RUN_HEARTBEAT terminal=BT3 pid=21028 elapsed=526s
2026-08-26T19:57:27+00:00 RUN_HEARTBEAT terminal=PROD pid=40548 elapsed=262s
2026-08-26T19:58:00+00:00 RUN_HEARTBEAT terminal=BT4 pid=47316 elapsed=195s
2026-08-26T19:58:16+00:00 RUN_HEARTBEAT terminal=BT2 pid=48432 elapsed=592s
2026-08-26T19:58:33+00:00 RUN_HEARTBEAT terminal=PROD pid=40548 elapsed=328s
2026-08-26T19:58:33+00:00 RUN_HEARTBEAT terminal=BT3 pid=21028 elapsed=592s
2026-08-26T19:58:33+00:00 RUN_HEARTBEAT terminal=BT1 pid=43020 elapsed=196s
2026-08-26T19:59:06+00:00 RUN_HEARTBEAT terminal=BT4 pid=47316 elapsed=262s
2026-08-26T19:59:23+00:00 RUN_HEARTBEAT terminal=BT2 pid=48432 elapsed=658s
2026-08-26T19:59:39+00:00 RUN_HEARTBEAT terminal=BT1 pid=43020 elapsed=262s
2026-08-26T19:59:39+00:00 RUN_HEARTBEAT terminal=BT3 pid=21028 elapsed=659s
2026-08-26T19:59:39+00:00 RUN_HEARTBEAT terminal=PROD pid=40548 elapsed=394s
2026-08-26T20:00:12+00:00 RUN_HEARTBEAT terminal=BT4 pid=47316 elapsed=328s
2026-08-26T20:00:29+00:00 RUN_HEARTBEAT terminal=BT2 pid=48432 elapsed=724s
2026-08-26T20:00:45+00:00 RUN_HEARTBEAT terminal=PROD pid=40548 elapsed=460s
2026-08-26T20:00:45+00:00 RUN_HEARTBEAT terminal=BT1 pid=43020 elapsed=328s
2026-08-26T20:00:45+00:00 RUN_HEARTBEAT terminal=BT3 pid=21028 elapsed=725s
2026-08-26T20:01:19+00:00 RUN_HEARTBEAT terminal=BT4 pid=47316 elapsed=394s
2026-08-26T20:01:35+00:00 RUN_HEARTBEAT terminal=BT2 pid=48432 elapsed=790s
2026-08-26T20:01:51+00:00 RUN_HEARTBEAT terminal=BT1 pid=43020 elapsed=395s
2026-08-26T20:01:51+00:00 RUN_HEARTBEAT terminal=PROD pid=40548 elapsed=526s
2026-08-26T20:01:51+00:00 RUN_HEARTBEAT terminal=BT3 pid=21028 elapsed=791s
2026-08-26T20:02:25+00:00 RUN_HEARTBEAT terminal=BT4 pid=47316 elapsed=460s
2026-08-26T20:02:40+00:00 RUN_END id=OAFX0879 window=IS terminal=BT2 status=OK decision=IS_REJECT elapsed=858.187s
2026-08-26T20:02:40+00:00 GATE_SKIP id=OAFX0879 window=OOS reason=IS_NOT_SURVIVOR decision=IS_REJECT net=318318.0 PF=1.458 DD=38.8819%
2026-08-26T20:02:40+00:00 SCREEN_BYPASS [882/900] id=OAFX0882 route=FULLBOOK_DIRECT reason=OafxLossScope=2 (SCA両枠) の実現損失を参照するため、単独枠では効果を測定不能
2026-08-26T20:02:40+00:00 RUN_START id=OAFX0882 family=sca_gj_realized_loss_cooldown window=IS terminal=BT2 run=oafx_is_oafx0882_20260827050240_671db9
2026-08-26T20:02:41+00:00 RUN_END id=OAFX0880 window=IS terminal=BT3 status=OK decision=IS_SURVIVOR_STRICT elapsed=842.321s
2026-08-26T20:02:41+00:00 SKIP_BASELINE_OOS reason=existing actual measurement
2026-08-26T20:02:41+00:00 RUN_START id=OAFX0880 family=sca_gj_realized_loss_cooldown window=OOS terminal=BT3 run=oafx_oos_oafx0880_20260827050241_708b75
2026-08-26T20:02:41+00:00 WAIT_LAUNCH_SLOT terminal=BT3 seconds=8.0
2026-08-26T20:02:42+00:00 RUN_HEARTBEAT terminal=BT2 pid=48204 elapsed=0s
2026-08-26T20:02:50+00:00 RUN_HEARTBEAT terminal=BT3 pid=50600 elapsed=0s
2026-08-26T20:02:56+00:00 RUN_HEARTBEAT terminal=PROD pid=40548 elapsed=592s
2026-08-26T20:02:57+00:00 RUN_HEARTBEAT terminal=BT1 pid=43020 elapsed=460s
2026-08-26T20:03:30+00:00 RUN_HEARTBEAT terminal=BT4 pid=47316 elapsed=525s
2026-08-26T20:03:46+00:00 RUN_HEARTBEAT terminal=BT2 pid=48204 elapsed=64s
2026-08-26T20:03:55+00:00 RUN_HEARTBEAT terminal=BT3 pid=50600 elapsed=64s
2026-08-26T20:04:02+00:00 RUN_HEARTBEAT terminal=BT1 pid=43020 elapsed=526s
2026-08-26T20:04:02+00:00 RUN_HEARTBEAT terminal=PROD pid=40548 elapsed=657s
2026-08-26T20:04:35+00:00 RUN_HEARTBEAT terminal=BT4 pid=47316 elapsed=591s
2026-08-26T20:04:35+00:00 WAIT_MT5_IDLE terminal=PROD elapsed=1s pids=[49568]
2026-08-26T20:04:51+00:00 RUN_HEARTBEAT terminal=BT2 pid=48204 elapsed=128s
2026-08-26T20:05:00+00:00 RUN_HEARTBEAT terminal=BT3 pid=50600 elapsed=129s
2026-08-26T20:05:06+00:00 RUN_HEARTBEAT terminal=BT1 pid=43020 elapsed=590s
2026-08-26T20:05:38+00:00 WAIT_MT5_IDLE terminal=PROD elapsed=65s pids=[49568]
2026-08-26T20:05:38+00:00 RUN_HEARTBEAT terminal=BT4 pid=47316 elapsed=655s
2026-08-26T20:05:54+00:00 RUN_HEARTBEAT terminal=BT2 pid=48204 elapsed=192s
2026-08-26T20:06:05+00:00 RUN_HEARTBEAT terminal=BT3 pid=50600 elapsed=194s
2026-08-26T20:06:11+00:00 RUN_HEARTBEAT terminal=BT1 pid=43020 elapsed=654s
2026-08-26T20:06:44+00:00 WAIT_MT5_IDLE terminal=PROD elapsed=130s pids=[49568]
2026-08-26T20:06:44+00:00 RUN_HEARTBEAT terminal=BT4 pid=47316 elapsed=719s
2026-08-26T20:06:59+00:00 RUN_HEARTBEAT terminal=BT2 pid=48204 elapsed=257s
2026-08-26T20:06:59+00:00 RUN_END id=OAFX0877 window=OOS terminal=BT1 status=OK decision=STRICT_IMPROVEMENT elapsed=704.878s
2026-08-26T20:06:59+00:00 SCREEN_BYPASS [883/900] id=OAFX0883 route=FULLBOOK_DIRECT reason=OafxLossScope=3 (全9枠) の実現損失を参照するため、単独枠では効果を測定不能
2026-08-26T20:06:59+00:00 RUN_START id=OAFX0883 family=sca_gj_realized_loss_cooldown window=IS terminal=BT1 run=oafx_is_oafx0883_20260827050659_54f3b7
2026-08-26T20:07:01+00:00 RUN_HEARTBEAT terminal=BT1 pid=49768 elapsed=0s
2026-08-26T20:07:08+00:00 RUN_HEARTBEAT terminal=BT3 pid=50600 elapsed=258s
2026-08-26T20:07:49+00:00 WAIT_MT5_IDLE terminal=PROD elapsed=195s pids=[49568]
2026-08-26T20:07:49+00:00 RUN_HEARTBEAT terminal=BT4 pid=47316 elapsed=784s
2026-08-26T20:08:05+00:00 RUN_HEARTBEAT terminal=BT1 pid=49768 elapsed=63s
2026-08-26T20:08:05+00:00 RUN_HEARTBEAT terminal=BT2 pid=48204 elapsed=322s
2026-08-26T20:08:12+00:00 RUN_HEARTBEAT terminal=BT3 pid=50600 elapsed=322s
2026-08-26T20:08:37+00:00 RUN_END id=OAFX0881 window=IS terminal=BT4 status=OK decision=IS_REJECT elapsed=834.870s
2026-08-26T20:08:37+00:00 GATE_SKIP id=OAFX0881 window=OOS reason=IS_NOT_SURVIVOR decision=IS_REJECT net=325006.0 PF=1.5701 DD=48.3644%
2026-08-26T20:08:37+00:00 SCREEN_BYPASS [884/900] id=OAFX0884 route=FULLBOOK_DIRECT reason=OafxLossScope=4 (重複相手枠) の実現損失を参照するため、単独枠では効果を測定不能
2026-08-26T20:08:37+00:00 RUN_START id=OAFX0884 family=sca_gj_realized_loss_cooldown window=IS terminal=BT4 run=oafx_is_oafx0884_20260827050837_04a30f
2026-08-26T20:08:38+00:00 RUN_HEARTBEAT terminal=BT4 pid=48424 elapsed=0s
2026-08-26T20:08:53+00:00 WAIT_MT5_IDLE terminal=PROD elapsed=259s pids=[49568]
2026-08-26T20:09:09+00:00 RUN_HEARTBEAT terminal=BT2 pid=48204 elapsed=387s
2026-08-26T20:09:09+00:00 RUN_HEARTBEAT terminal=BT1 pid=49768 elapsed=128s
2026-08-26T20:09:16+00:00 RUN_HEARTBEAT terminal=BT3 pid=50600 elapsed=386s
2026-08-26T20:09:42+00:00 RUN_HEARTBEAT terminal=BT4 pid=48424 elapsed=63s
2026-08-26T20:09:42+00:00 KILL_ORPHAN_TESTER terminal=PROD pids=[49568] orphan_seconds=307
2026-08-26T20:09:58+00:00 RUN_END id=OAFX0878 window=OOS terminal=PROD status=OK decision=STRICT_IMPROVEMENT elapsed=1015.619s
2026-08-26T20:09:58+00:00 RUN_START id=OAFX0885 family=sca_gj_realized_loss_cooldown window=SCREEN_IS terminal=PROD run=oafx_screen_is_oafx0885_20260827050958_42cae3
2026-08-26T20:10:00+00:00 RUN_HEARTBEAT terminal=PROD pid=40484 elapsed=0s
2026-08-26T20:10:15+00:00 RUN_HEARTBEAT terminal=BT2 pid=48204 elapsed=452s
2026-08-26T20:10:15+00:00 RUN_HEARTBEAT terminal=BT1 pid=49768 elapsed=193s
2026-08-26T20:10:20+00:00 RUN_HEARTBEAT terminal=BT3 pid=50600 elapsed=449s
2026-08-26T20:10:48+00:00 RUN_HEARTBEAT terminal=BT4 pid=48424 elapsed=129s
2026-08-26T20:11:04+00:00 RUN_HEARTBEAT terminal=PROD pid=40484 elapsed=64s
2026-08-26T20:11:21+00:00 RUN_HEARTBEAT terminal=BT2 pid=48204 elapsed=518s
2026-08-26T20:11:21+00:00 RUN_HEARTBEAT terminal=BT1 pid=49768 elapsed=259s
2026-08-26T20:11:23+00:00 RUN_HEARTBEAT terminal=BT3 pid=50600 elapsed=513s
2026-08-26T20:11:53+00:00 RUN_HEARTBEAT terminal=BT4 pid=48424 elapsed=194s
2026-08-26T20:12:09+00:00 RUN_HEARTBEAT terminal=PROD pid=40484 elapsed=129s
2026-08-26T20:12:26+00:00 RUN_HEARTBEAT terminal=BT1 pid=49768 elapsed=324s
2026-08-26T20:12:26+00:00 RUN_HEARTBEAT terminal=BT2 pid=48204 elapsed=583s
2026-08-26T20:12:26+00:00 RUN_HEARTBEAT terminal=BT3 pid=50600 elapsed=576s
2026-08-26T20:12:59+00:00 RUN_HEARTBEAT terminal=BT4 pid=48424 elapsed=260s
2026-08-26T20:13:15+00:00 RUN_HEARTBEAT terminal=PROD pid=40484 elapsed=195s
2026-08-26T20:13:32+00:00 RUN_HEARTBEAT terminal=BT1 pid=49768 elapsed=390s
2026-08-26T20:13:32+00:00 RUN_HEARTBEAT terminal=BT3 pid=50600 elapsed=641s
2026-08-26T20:13:32+00:00 RUN_HEARTBEAT terminal=BT2 pid=48204 elapsed=649s
2026-08-26T20:14:04+00:00 RUN_HEARTBEAT terminal=BT4 pid=48424 elapsed=325s
2026-08-26T20:14:04+00:00 RUN_END id=OAFX0880 window=OOS terminal=BT3 status=OK decision=STRICT_IMPROVEMENT elapsed=683.431s
2026-08-26T20:14:04+00:00 SCREEN_BYPASS [886/900] id=OAFX0886 route=FULLBOOK_DIRECT reason=OafxLossScope=2 (SCA両枠) の実現損失を参照するため、単独枠では効果を測定不能
2026-08-26T20:14:04+00:00 RUN_START id=OAFX0886 family=sca_gj_realized_loss_cooldown window=IS terminal=BT3 run=oafx_is_oafx0886_20260827051404_8ef484
2026-08-26T20:14:05+00:00 RUN_HEARTBEAT terminal=BT3 pid=3628 elapsed=0s
2026-08-26T20:14:20+00:00 RUN_END id=OAFX0885 window=SCREEN_IS terminal=PROD status=OK decision=SCREEN_PASS_STRICT elapsed=261.522s
2026-08-26T20:14:20+00:00 RUN_START id=OAFX0885 family=sca_gj_realized_loss_cooldown window=IS terminal=PROD run=oafx_is_oafx0885_20260827051420_8a32e8
2026-08-26T20:14:22+00:00 RUN_HEARTBEAT terminal=PROD pid=40808 elapsed=0s
2026-08-26T20:14:36+00:00 RUN_HEARTBEAT terminal=BT1 pid=49768 elapsed=455s
2026-08-26T20:14:36+00:00 RUN_HEARTBEAT terminal=BT2 pid=48204 elapsed=714s
2026-08-26T20:15:09+00:00 RUN_HEARTBEAT terminal=BT4 pid=48424 elapsed=390s
2026-08-26T20:15:09+00:00 RUN_HEARTBEAT terminal=BT3 pid=3628 elapsed=64s
2026-08-26T20:15:25+00:00 RUN_HEARTBEAT terminal=PROD pid=40808 elapsed=63s
2026-08-26T20:15:42+00:00 RUN_HEARTBEAT terminal=BT2 pid=48204 elapsed=779s
2026-08-26T20:15:42+00:00 RUN_HEARTBEAT terminal=BT1 pid=49768 elapsed=520s
2026-08-26T20:16:14+00:00 RUN_HEARTBEAT terminal=BT3 pid=3628 elapsed=128s
2026-08-26T20:16:14+00:00 RUN_HEARTBEAT terminal=BT4 pid=48424 elapsed=455s
2026-08-26T20:16:31+00:00 RUN_HEARTBEAT terminal=PROD pid=40808 elapsed=129s
2026-08-26T20:16:31+00:00 RUN_END id=OAFX0882 window=IS terminal=BT2 status=OK decision=IS_REJECT elapsed=830.209s
2026-08-26T20:16:31+00:00 GATE_SKIP id=OAFX0882 window=OOS reason=IS_NOT_SURVIVOR decision=IS_REJECT net=282300.0 PF=1.5075 DD=50.7043%
2026-08-26T20:16:31+00:00 SCREEN_BYPASS [887/900] id=OAFX0887 route=FULLBOOK_DIRECT reason=OafxLossScope=3 (全9枠) の実現損失を参照するため、単独枠では効果を測定不能
2026-08-26T20:16:31+00:00 RUN_START id=OAFX0887 family=sca_gj_realized_loss_cooldown window=IS terminal=BT2 run=oafx_is_oafx0887_20260827051631_930365
2026-08-26T20:16:32+00:00 RUN_HEARTBEAT terminal=BT2 pid=41916 elapsed=0s
2026-08-26T20:16:48+00:00 RUN_HEARTBEAT terminal=BT1 pid=49768 elapsed=585s
2026-08-26T20:17:22+00:00 RUN_HEARTBEAT terminal=BT4 pid=48424 elapsed=522s
2026-08-26T20:17:22+00:00 RUN_HEARTBEAT terminal=BT3 pid=3628 elapsed=195s
2026-08-26T20:17:39+00:00 RUN_HEARTBEAT terminal=PROD pid=40808 elapsed=196s
2026-08-26T20:17:39+00:00 RUN_HEARTBEAT terminal=BT2 pid=41916 elapsed=65s
2026-08-26T20:17:55+00:00 RUN_HEARTBEAT terminal=BT1 pid=49768 elapsed=654s
2026-08-26T20:18:28+00:00 RUN_HEARTBEAT terminal=BT4 pid=48424 elapsed=589s
2026-08-26T20:18:28+00:00 RUN_HEARTBEAT terminal=BT3 pid=3628 elapsed=262s
2026-08-26T20:18:45+00:00 RUN_HEARTBEAT terminal=BT2 pid=41916 elapsed=132s
2026-08-26T20:18:45+00:00 RUN_HEARTBEAT terminal=PROD pid=40808 elapsed=263s
2026-08-26T20:19:02+00:00 RUN_HEARTBEAT terminal=BT1 pid=49768 elapsed=720s
2026-08-26T20:19:35+00:00 RUN_HEARTBEAT terminal=BT4 pid=48424 elapsed=656s
2026-08-26T20:19:35+00:00 RUN_HEARTBEAT terminal=BT3 pid=3628 elapsed=329s
2026-08-26T20:19:51+00:00 RUN_HEARTBEAT terminal=BT2 pid=41916 elapsed=198s
2026-08-26T20:19:51+00:00 RUN_HEARTBEAT terminal=PROD pid=40808 elapsed=329s
2026-08-26T20:20:07+00:00 RUN_HEARTBEAT terminal=BT1 pid=49768 elapsed=786s
2026-08-26T20:20:40+00:00 RUN_HEARTBEAT terminal=BT3 pid=3628 elapsed=394s
2026-08-26T20:20:40+00:00 RUN_HEARTBEAT terminal=BT4 pid=48424 elapsed=721s
2026-08-26T20:20:40+00:00 RUN_END id=OAFX0883 window=IS terminal=BT1 status=OK decision=IS_REJECT elapsed=820.508s
2026-08-26T20:20:40+00:00 GATE_SKIP id=OAFX0883 window=OOS reason=IS_NOT_SURVIVOR decision=IS_REJECT net=264832.0 PF=1.5166 DD=54.5104%
2026-08-26T20:20:40+00:00 SCREEN_BYPASS [888/900] id=OAFX0888 route=FULLBOOK_DIRECT reason=OafxLossScope=4 (重複相手枠) の実現損失を参照するため、単独枠では効果を測定不能
2026-08-26T20:20:40+00:00 RUN_START id=OAFX0888 family=sca_gj_realized_loss_cooldown window=IS terminal=BT1 run=oafx_is_oafx0888_20260827052040_4dc204
2026-08-26T20:20:42+00:00 RUN_HEARTBEAT terminal=BT1 pid=13716 elapsed=0s
2026-08-26T20:20:56+00:00 RUN_HEARTBEAT terminal=PROD pid=40808 elapsed=394s
2026-08-26T20:20:56+00:00 RUN_HEARTBEAT terminal=BT2 pid=41916 elapsed=264s
2026-08-26T20:21:46+00:00 RUN_HEARTBEAT terminal=BT4 pid=48424 elapsed=787s
2026-08-26T20:21:46+00:00 RUN_HEARTBEAT terminal=BT3 pid=3628 elapsed=460s
2026-08-26T20:21:46+00:00 RUN_HEARTBEAT terminal=BT1 pid=13716 elapsed=64s
2026-08-26T20:22:03+00:00 RUN_HEARTBEAT terminal=PROD pid=40808 elapsed=461s
2026-08-26T20:22:03+00:00 RUN_HEARTBEAT terminal=BT2 pid=41916 elapsed=330s
2026-08-26T20:22:19+00:00 RUN_END id=OAFX0884 window=IS terminal=BT4 status=OK decision=IS_REJECT elapsed=822.040s
2026-08-26T20:22:19+00:00 GATE_SKIP id=OAFX0884 window=OOS reason=IS_NOT_SURVIVOR decision=IS_REJECT net=291633.0 PF=1.485 DD=38.8986%
2026-08-26T20:22:19+00:00 RUN_START id=OAFX0889 family=sca_gj_realized_loss_cooldown window=SCREEN_IS terminal=BT4 run=oafx_screen_is_oafx0889_20260827052219_39e679
2026-08-26T20:22:21+00:00 RUN_HEARTBEAT terminal=BT4 pid=27348 elapsed=0s
2026-08-26T20:22:52+00:00 RUN_HEARTBEAT terminal=BT3 pid=3628 elapsed=526s
2026-08-26T20:22:52+00:00 RUN_HEARTBEAT terminal=BT1 pid=13716 elapsed=130s
2026-08-26T20:23:08+00:00 RUN_HEARTBEAT terminal=PROD pid=40808 elapsed=526s
2026-08-26T20:23:08+00:00 RUN_HEARTBEAT terminal=BT2 pid=41916 elapsed=396s
2026-08-26T20:23:25+00:00 RUN_HEARTBEAT terminal=BT4 pid=27348 elapsed=64s
2026-08-26T20:23:58+00:00 RUN_HEARTBEAT terminal=BT1 pid=13716 elapsed=196s
2026-08-26T20:23:58+00:00 RUN_HEARTBEAT terminal=BT3 pid=3628 elapsed=592s
2026-08-26T20:24:14+00:00 RUN_HEARTBEAT terminal=PROD pid=40808 elapsed=592s
2026-08-26T20:24:14+00:00 RUN_HEARTBEAT terminal=BT2 pid=41916 elapsed=461s
2026-08-26T20:24:30+00:00 RUN_HEARTBEAT terminal=BT4 pid=27348 elapsed=129s
2026-08-26T20:25:03+00:00 RUN_HEARTBEAT terminal=BT3 pid=3628 elapsed=657s
2026-08-26T20:25:03+00:00 RUN_HEARTBEAT terminal=BT1 pid=13716 elapsed=261s
2026-08-26T20:25:19+00:00 RUN_HEARTBEAT terminal=PROD pid=40808 elapsed=657s
2026-08-26T20:25:19+00:00 RUN_HEARTBEAT terminal=BT2 pid=41916 elapsed=527s
2026-08-26T20:25:36+00:00 RUN_HEARTBEAT terminal=BT4 pid=27348 elapsed=195s
2026-08-26T20:26:08+00:00 RUN_HEARTBEAT terminal=BT3 pid=3628 elapsed=723s
2026-08-26T20:26:08+00:00 RUN_HEARTBEAT terminal=BT1 pid=13716 elapsed=327s
2026-08-26T20:26:09+00:00 RUN_END id=OAFX0889 window=SCREEN_IS terminal=BT4 status=OK decision=SCREEN_OUT_SINGLE_SLEEVE elapsed=229.468s
2026-08-26T20:26:09+00:00 GATE_SKIP id=OAFX0889 window=IS reason=SINGLE_SLEEVE_INFERIOR decision=SCREEN_OUT_SINGLE_SLEEVE net=69081.0 PF=1.1894 DD=21.9685%
2026-08-26T20:26:09+00:00 SCREEN_BYPASS [890/900] id=OAFX0890 route=FULLBOOK_DIRECT reason=OafxLossScope=2 (SCA両枠) の実現損失を参照するため、単独枠では効果を測定不能
2026-08-26T20:26:09+00:00 RUN_START id=OAFX0890 family=sca_gj_realized_loss_cooldown window=IS terminal=BT4 run=oafx_is_oafx0890_20260827052609_94be59
2026-08-26T20:26:10+00:00 RUN_HEARTBEAT terminal=BT4 pid=43308 elapsed=0s
2026-08-26T20:26:25+00:00 RUN_HEARTBEAT terminal=BT2 pid=41916 elapsed=592s
2026-08-26T20:26:25+00:00 RUN_HEARTBEAT terminal=PROD pid=40808 elapsed=723s
2026-08-26T20:27:15+00:00 RUN_HEARTBEAT terminal=BT4 pid=43308 elapsed=63s
2026-08-26T20:27:15+00:00 RUN_HEARTBEAT terminal=BT3 pid=3628 elapsed=788s
2026-08-26T20:27:15+00:00 RUN_HEARTBEAT terminal=BT1 pid=13716 elapsed=392s
2026-08-26T20:27:31+00:00 RUN_HEARTBEAT terminal=PROD pid=40808 elapsed=789s
2026-08-26T20:27:31+00:00 RUN_HEARTBEAT terminal=BT2 pid=41916 elapsed=658s
2026-08-26T20:27:47+00:00 RUN_END id=OAFX0886 window=IS terminal=BT3 status=OK decision=IS_REJECT elapsed=823.239s
2026-08-26T20:27:47+00:00 GATE_SKIP id=OAFX0886 window=OOS reason=IS_NOT_SURVIVOR decision=IS_REJECT net=302031.0 PF=1.4944 DD=49.8012%
2026-08-26T20:27:47+00:00 SCREEN_BYPASS [891/900] id=OAFX0891 route=FULLBOOK_DIRECT reason=OafxLossScope=3 (全9枠) の実現損失を参照するため、単独枠では効果を測定不能
2026-08-26T20:27:47+00:00 RUN_START id=OAFX0891 family=sca_gj_realized_loss_cooldown window=IS terminal=BT3 run=oafx_is_oafx0891_20260827052747_6e0da1
2026-08-26T20:27:49+00:00 RUN_HEARTBEAT terminal=BT3 pid=29416 elapsed=0s
2026-08-26T20:28:20+00:00 RUN_HEARTBEAT terminal=BT1 pid=13716 elapsed=458s
2026-08-26T20:28:20+00:00 RUN_HEARTBEAT terminal=BT4 pid=43308 elapsed=129s
2026-08-26T20:28:20+00:00 RUN_END id=OAFX0885 window=IS terminal=PROD status=OK decision=IS_REJECT elapsed=839.797s
2026-08-26T20:28:20+00:00 GATE_SKIP id=OAFX0885 window=OOS reason=IS_NOT_SURVIVOR decision=IS_REJECT net=333905.0 PF=1.5393 DD=51.9229%
2026-08-26T20:28:20+00:00 SCREEN_BYPASS [892/900] id=OAFX0892 route=FULLBOOK_DIRECT reason=OafxLossScope=4 (重複相手枠) の実現損失を参照するため、単独枠では効果を測定不能
2026-08-26T20:28:20+00:00 RUN_START id=OAFX0892 family=sca_gj_realized_loss_cooldown window=IS terminal=PROD run=oafx_is_oafx0892_20260827052820_7b0cc9
2026-08-26T20:28:21+00:00 RUN_HEARTBEAT terminal=PROD pid=6788 elapsed=0s
2026-08-26T20:28:36+00:00 RUN_HEARTBEAT terminal=BT2 pid=41916 elapsed=723s
2026-08-26T20:28:53+00:00 RUN_HEARTBEAT terminal=BT3 pid=29416 elapsed=63s
2026-08-26T20:29:26+00:00 RUN_HEARTBEAT terminal=PROD pid=6788 elapsed=65s
2026-08-26T20:29:26+00:00 RUN_HEARTBEAT terminal=BT1 pid=13716 elapsed=524s
2026-08-26T20:29:26+00:00 RUN_HEARTBEAT terminal=BT4 pid=43308 elapsed=196s
2026-08-26T20:29:43+00:00 RUN_HEARTBEAT terminal=BT2 pid=41916 elapsed=790s
2026-08-26T20:29:59+00:00 RUN_HEARTBEAT terminal=BT3 pid=29416 elapsed=130s
2026-08-26T20:30:16+00:00 RUN_END id=OAFX0887 window=IS terminal=BT2 status=OK decision=IS_REJECT elapsed=825.100s
2026-08-26T20:30:16+00:00 GATE_SKIP id=OAFX0887 window=OOS reason=IS_NOT_SURVIVOR decision=IS_REJECT net=302412.0 PF=1.5474 DD=59.4184%
2026-08-26T20:30:16+00:00 RUN_START id=OAFX0893 family=sca_gj_realized_loss_cooldown window=SCREEN_IS terminal=BT2 run=oafx_screen_is_oafx0893_20260827053016_1af0c0
2026-08-26T20:30:17+00:00 RUN_HEARTBEAT terminal=BT2 pid=43664 elapsed=0s
2026-08-26T20:30:33+00:00 RUN_HEARTBEAT terminal=PROD pid=6788 elapsed=130s
2026-08-26T20:30:33+00:00 RUN_HEARTBEAT terminal=BT4 pid=43308 elapsed=261s
2026-08-26T20:30:33+00:00 RUN_HEARTBEAT terminal=BT1 pid=13716 elapsed=590s
2026-08-26T20:31:07+00:00 RUN_HEARTBEAT terminal=BT3 pid=29416 elapsed=197s
2026-08-26T20:31:23+00:00 RUN_HEARTBEAT terminal=BT2 pid=43664 elapsed=65s
2026-08-26T20:31:39+00:00 RUN_HEARTBEAT terminal=BT4 pid=43308 elapsed=329s
2026-08-26T20:31:39+00:00 RUN_HEARTBEAT terminal=BT1 pid=13716 elapsed=657s
2026-08-26T20:31:39+00:00 RUN_HEARTBEAT terminal=PROD pid=6788 elapsed=198s
2026-08-26T20:32:12+00:00 RUN_HEARTBEAT terminal=BT3 pid=29416 elapsed=263s
2026-08-26T20:32:29+00:00 RUN_HEARTBEAT terminal=BT2 pid=43664 elapsed=131s
2026-08-26T20:32:45+00:00 RUN_HEARTBEAT terminal=BT4 pid=43308 elapsed=394s
2026-08-26T20:32:45+00:00 RUN_HEARTBEAT terminal=BT1 pid=13716 elapsed=723s
2026-08-26T20:32:45+00:00 RUN_HEARTBEAT terminal=PROD pid=6788 elapsed=263s
2026-08-26T20:33:18+00:00 RUN_HEARTBEAT terminal=BT3 pid=29416 elapsed=328s
2026-08-26T20:33:34+00:00 RUN_HEARTBEAT terminal=BT2 pid=43664 elapsed=196s
2026-08-26T20:33:50+00:00 RUN_HEARTBEAT terminal=PROD pid=6788 elapsed=328s
2026-08-26T20:33:50+00:00 RUN_HEARTBEAT terminal=BT4 pid=43308 elapsed=460s
2026-08-26T20:33:50+00:00 RUN_HEARTBEAT terminal=BT1 pid=13716 elapsed=788s
2026-08-26T20:34:06+00:00 RUN_END id=OAFX0888 window=IS terminal=BT1 status=OK decision=IS_REJECT elapsed=806.396s
2026-08-26T20:34:06+00:00 GATE_SKIP id=OAFX0888 window=OOS reason=IS_NOT_SURVIVOR decision=IS_REJECT net=292951.0 PF=1.4554 DD=40.2917%
2026-08-26T20:34:06+00:00 SCREEN_BYPASS [894/900] id=OAFX0894 route=FULLBOOK_DIRECT reason=OafxLossScope=2 (SCA両枠) の実現損失を参照するため、単独枠では効果を測定不能
2026-08-26T20:34:06+00:00 RUN_START id=OAFX0894 family=sca_gj_realized_loss_cooldown window=IS terminal=BT1 run=oafx_is_oafx0894_20260827053406_fa5159
2026-08-26T20:34:08+00:00 RUN_HEARTBEAT terminal=BT1 pid=50572 elapsed=0s
2026-08-26T20:34:22+00:00 RUN_HEARTBEAT terminal=BT3 pid=29416 elapsed=393s
2026-08-26T20:34:22+00:00 RUN_END id=OAFX0893 window=SCREEN_IS terminal=BT2 status=OK decision=SCREEN_OUT_SINGLE_SLEEVE elapsed=246.468s
2026-08-26T20:34:22+00:00 GATE_SKIP id=OAFX0893 window=IS reason=SINGLE_SLEEVE_INFERIOR decision=SCREEN_OUT_SINGLE_SLEEVE net=75260.0 PF=1.2007 DD=21.7817%
2026-08-26T20:34:22+00:00 SCREEN_BYPASS [895/900] id=OAFX0895 route=FULLBOOK_DIRECT reason=OafxLossScope=3 (全9枠) の実現損失を参照するため、単独枠では効果を測定不能
2026-08-26T20:34:22+00:00 RUN_START id=OAFX0895 family=sca_gj_realized_loss_cooldown window=IS terminal=BT2 run=oafx_is_oafx0895_20260827053422_ce65c7
2026-08-26T20:34:24+00:00 RUN_HEARTBEAT terminal=BT2 pid=32000 elapsed=0s
2026-08-26T20:34:55+00:00 RUN_HEARTBEAT terminal=PROD pid=6788 elapsed=393s
2026-08-26T20:34:55+00:00 RUN_HEARTBEAT terminal=BT4 pid=43308 elapsed=524s
2026-08-26T20:35:11+00:00 RUN_HEARTBEAT terminal=BT1 pid=50572 elapsed=63s
2026-08-26T20:35:28+00:00 RUN_HEARTBEAT terminal=BT2 pid=32000 elapsed=63s
2026-08-26T20:35:28+00:00 RUN_HEARTBEAT terminal=BT3 pid=29416 elapsed=458s
2026-08-26T20:36:01+00:00 RUN_HEARTBEAT terminal=PROD pid=6788 elapsed=459s
2026-08-26T20:36:01+00:00 RUN_HEARTBEAT terminal=BT4 pid=43308 elapsed=590s
2026-08-26T20:36:17+00:00 RUN_HEARTBEAT terminal=BT1 pid=50572 elapsed=129s
2026-08-26T20:36:34+00:00 RUN_HEARTBEAT terminal=BT3 pid=29416 elapsed=524s
2026-08-26T20:36:34+00:00 RUN_HEARTBEAT terminal=BT2 pid=32000 elapsed=129s
2026-08-26T20:37:07+00:00 RUN_HEARTBEAT terminal=PROD pid=6788 elapsed=525s
2026-08-26T20:37:07+00:00 RUN_HEARTBEAT terminal=BT4 pid=43308 elapsed=656s
2026-08-26T20:37:23+00:00 RUN_HEARTBEAT terminal=BT1 pid=50572 elapsed=195s
2026-08-26T20:37:40+00:00 RUN_HEARTBEAT terminal=BT3 pid=29416 elapsed=590s
2026-08-26T20:37:40+00:00 RUN_HEARTBEAT terminal=BT2 pid=32000 elapsed=195s
2026-08-26T20:38:13+00:00 RUN_HEARTBEAT terminal=BT4 pid=43308 elapsed=722s
2026-08-26T20:38:13+00:00 RUN_HEARTBEAT terminal=PROD pid=6788 elapsed=591s
2026-08-26T20:38:29+00:00 RUN_HEARTBEAT terminal=BT1 pid=50572 elapsed=261s
2026-08-26T20:38:46+00:00 RUN_HEARTBEAT terminal=BT2 pid=32000 elapsed=261s
2026-08-26T20:38:46+00:00 RUN_HEARTBEAT terminal=BT3 pid=29416 elapsed=656s
2026-08-26T20:39:19+00:00 RUN_HEARTBEAT terminal=BT4 pid=43308 elapsed=788s
2026-08-26T20:39:19+00:00 RUN_HEARTBEAT terminal=PROD pid=6788 elapsed=657s
2026-08-26T20:39:35+00:00 RUN_HEARTBEAT terminal=BT1 pid=50572 elapsed=327s
2026-08-26T20:39:52+00:00 RUN_HEARTBEAT terminal=BT3 pid=29416 elapsed=723s
2026-08-26T20:39:52+00:00 WAIT_MT5_IDLE terminal=BT4 elapsed=1s pids=[46368]
2026-08-26T20:39:52+00:00 RUN_HEARTBEAT terminal=BT2 pid=32000 elapsed=327s
2026-08-26T20:40:08+00:00 RUN_END id=OAFX0890 window=IS terminal=BT4 status=OK decision=IS_REJECT elapsed=839.407s
2026-08-26T20:40:08+00:00 GATE_SKIP id=OAFX0890 window=OOS reason=IS_NOT_SURVIVOR decision=IS_REJECT net=309317.0 PF=1.4661 DD=53.2481%
2026-08-26T20:40:08+00:00 SCREEN_BYPASS [896/900] id=OAFX0896 route=FULLBOOK_DIRECT reason=OafxLossScope=4 (重複相手枠) の実現損失を参照するため、単独枠では効果を測定不能
2026-08-26T20:40:08+00:00 RUN_START id=OAFX0896 family=sca_gj_realized_loss_cooldown window=IS terminal=BT4 run=oafx_is_oafx0896_20260827054008_61c57d
2026-08-26T20:40:09+00:00 RUN_HEARTBEAT terminal=BT4 pid=13772 elapsed=0s
2026-08-26T20:40:24+00:00 RUN_HEARTBEAT terminal=PROD pid=6788 elapsed=722s
2026-08-26T20:40:41+00:00 RUN_HEARTBEAT terminal=BT1 pid=50572 elapsed=392s
2026-08-26T20:40:57+00:00 RUN_HEARTBEAT terminal=BT2 pid=32000 elapsed=393s
2026-08-26T20:40:57+00:00 RUN_HEARTBEAT terminal=BT3 pid=29416 elapsed=788s
2026-08-26T20:41:14+00:00 RUN_HEARTBEAT terminal=BT4 pid=13772 elapsed=64s
2026-08-26T20:41:30+00:00 RUN_HEARTBEAT terminal=PROD pid=6788 elapsed=788s
2026-08-26T20:41:47+00:00 RUN_HEARTBEAT terminal=BT1 pid=50572 elapsed=458s
2026-08-26T20:41:47+00:00 RUN_END id=OAFX0891 window=IS terminal=BT3 status=OK decision=IS_REJECT elapsed=839.333s
2026-08-26T20:41:47+00:00 GATE_SKIP id=OAFX0891 window=OOS reason=IS_NOT_SURVIVOR decision=IS_REJECT net=293220.0 PF=1.4673 DD=56.8912%
2026-08-26T20:41:47+00:00 RUN_START id=OAFX0897 family=sca_gj_realized_loss_cooldown window=SCREEN_IS terminal=BT3 run=oafx_screen_is_oafx0897_20260827054147_6e25a1
2026-08-26T20:41:48+00:00 RUN_HEARTBEAT terminal=BT3 pid=19460 elapsed=0s
2026-08-26T20:42:03+00:00 RUN_HEARTBEAT terminal=BT2 pid=32000 elapsed=458s
2026-08-26T20:42:19+00:00 RUN_HEARTBEAT terminal=BT4 pid=13772 elapsed=129s
2026-08-26T20:42:36+00:00 RUN_END id=OAFX0892 window=IS terminal=PROD status=OK decision=IS_REJECT elapsed=856.245s
2026-08-26T20:42:36+00:00 GATE_SKIP id=OAFX0892 window=OOS reason=IS_NOT_SURVIVOR decision=IS_REJECT net=311995.0 PF=1.4593 DD=44.0683%
2026-08-26T20:42:36+00:00 SCREEN_BYPASS [898/900] id=OAFX0898 route=FULLBOOK_DIRECT reason=OafxLossScope=2 (SCA両枠) の実現損失を参照するため、単独枠では効果を測定不能
2026-08-26T20:42:36+00:00 RUN_START id=OAFX0898 family=sca_gj_realized_loss_cooldown window=IS terminal=PROD run=oafx_is_oafx0898_20260827054236_90dae8
2026-08-26T20:42:37+00:00 RUN_HEARTBEAT terminal=PROD pid=39012 elapsed=0s
2026-08-26T20:42:52+00:00 RUN_HEARTBEAT terminal=BT1 pid=50572 elapsed=524s
2026-08-26T20:42:52+00:00 RUN_HEARTBEAT terminal=BT3 pid=19460 elapsed=64s
2026-08-26T20:43:09+00:00 RUN_HEARTBEAT terminal=BT2 pid=32000 elapsed=524s
2026-08-26T20:43:25+00:00 RUN_HEARTBEAT terminal=BT4 pid=13772 elapsed=195s
2026-08-26T20:43:42+00:00 RUN_HEARTBEAT terminal=PROD pid=39012 elapsed=64s
2026-08-26T20:43:59+00:00 RUN_HEARTBEAT terminal=BT3 pid=19460 elapsed=129s
2026-08-26T20:43:59+00:00 RUN_HEARTBEAT terminal=BT1 pid=50572 elapsed=590s
2026-08-26T20:44:15+00:00 RUN_HEARTBEAT terminal=BT2 pid=32000 elapsed=591s
2026-08-26T20:44:31+00:00 RUN_HEARTBEAT terminal=BT4 pid=13772 elapsed=261s
2026-08-26T20:44:48+00:00 RUN_HEARTBEAT terminal=PROD pid=39012 elapsed=130s
2026-08-26T20:45:04+00:00 RUN_HEARTBEAT terminal=BT3 pid=19460 elapsed=196s
2026-08-26T20:45:04+00:00 RUN_HEARTBEAT terminal=BT1 pid=50572 elapsed=656s
2026-08-26T20:45:21+00:00 RUN_HEARTBEAT terminal=BT2 pid=32000 elapsed=656s
2026-08-26T20:45:37+00:00 RUN_HEARTBEAT terminal=BT4 pid=13772 elapsed=327s
2026-08-26T20:45:37+00:00 RUN_END id=OAFX0897 window=SCREEN_IS terminal=BT3 status=OK decision=SCREEN_PASS_STRICT elapsed=230.486s
2026-08-26T20:45:37+00:00 RUN_START id=OAFX0897 family=sca_gj_realized_loss_cooldown window=IS terminal=BT3 run=oafx_is_oafx0897_20260827054537_6bab0a
2026-08-26T20:45:39+00:00 RUN_HEARTBEAT terminal=BT3 pid=43120 elapsed=0s
2026-08-26T20:45:53+00:00 RUN_HEARTBEAT terminal=PROD pid=39012 elapsed=195s
2026-08-26T20:46:10+00:00 RUN_HEARTBEAT terminal=BT1 pid=50572 elapsed=721s
2026-08-26T20:46:26+00:00 RUN_HEARTBEAT terminal=BT2 pid=32000 elapsed=722s
2026-08-26T20:46:43+00:00 RUN_HEARTBEAT terminal=BT4 pid=13772 elapsed=393s
2026-08-26T20:46:43+00:00 RUN_HEARTBEAT terminal=BT3 pid=43120 elapsed=64s
2026-08-26T20:47:00+00:00 RUN_HEARTBEAT terminal=PROD pid=39012 elapsed=261s
2026-08-26T20:47:17+00:00 RUN_HEARTBEAT terminal=BT1 pid=50572 elapsed=788s
2026-08-26T20:47:33+00:00 WAIT_MT5_IDLE terminal=BT1 elapsed=1s pids=[39624]
2026-08-26T20:47:33+00:00 RUN_HEARTBEAT terminal=BT2 pid=32000 elapsed=789s
2026-08-26T20:47:50+00:00 RUN_HEARTBEAT terminal=BT3 pid=43120 elapsed=130s
2026-08-26T20:47:50+00:00 RUN_HEARTBEAT terminal=BT4 pid=13772 elapsed=460s
2026-08-26T20:47:50+00:00 RUN_END id=OAFX0894 window=IS terminal=BT1 status=OK decision=IS_REJECT elapsed=823.811s
2026-08-26T20:47:50+00:00 GATE_SKIP id=OAFX0894 window=OOS reason=IS_NOT_SURVIVOR decision=IS_REJECT net=309103.0 PF=1.4523 DD=46.4723%
2026-08-26T20:47:50+00:00 SCREEN_BYPASS [899/900] id=OAFX0899 route=FULLBOOK_DIRECT reason=OafxLossScope=3 (全9枠) の実現損失を参照するため、単独枠では効果を測定不能
2026-08-26T20:47:50+00:00 RUN_START id=OAFX0899 family=sca_gj_realized_loss_cooldown window=IS terminal=BT1 run=oafx_is_oafx0899_20260827054750_e050b4
2026-08-26T20:47:52+00:00 RUN_HEARTBEAT terminal=BT1 pid=11128 elapsed=0s
2026-08-26T20:48:06+00:00 RUN_HEARTBEAT terminal=PROD pid=39012 elapsed=328s
2026-08-26T20:48:07+00:00 RUN_END id=OAFX0895 window=IS terminal=BT2 status=OK decision=IS_REJECT elapsed=824.226s
2026-08-26T20:48:07+00:00 GATE_SKIP id=OAFX0895 window=OOS reason=IS_NOT_SURVIVOR decision=IS_REJECT net=309622.0 PF=1.4621 DD=48.2387%
2026-08-26T20:48:07+00:00 SCREEN_BYPASS [900/900] id=OAFX0900 route=FULLBOOK_DIRECT reason=OafxLossScope=4 (重複相手枠) の実現損失を参照するため、単独枠では効果を測定不能
2026-08-26T20:48:07+00:00 RUN_START id=OAFX0900 family=sca_gj_realized_loss_cooldown window=IS terminal=BT2 run=oafx_is_oafx0900_20260827054807_09a287
2026-08-26T20:48:08+00:00 RUN_HEARTBEAT terminal=BT2 pid=47372 elapsed=0s
2026-08-26T20:48:56+00:00 RUN_HEARTBEAT terminal=BT4 pid=13772 elapsed=525s
2026-08-26T20:48:56+00:00 RUN_HEARTBEAT terminal=BT3 pid=43120 elapsed=196s
2026-08-26T20:48:56+00:00 RUN_HEARTBEAT terminal=BT1 pid=11128 elapsed=63s
2026-08-26T20:49:12+00:00 RUN_HEARTBEAT terminal=PROD pid=39012 elapsed=394s
2026-08-26T20:49:12+00:00 RUN_HEARTBEAT terminal=BT2 pid=47372 elapsed=64s
2026-08-26T20:50:02+00:00 RUN_HEARTBEAT terminal=BT1 pid=11128 elapsed=129s
2026-08-26T20:50:02+00:00 RUN_HEARTBEAT terminal=BT3 pid=43120 elapsed=262s
2026-08-26T20:50:02+00:00 RUN_HEARTBEAT terminal=BT4 pid=13772 elapsed=591s
2026-08-26T20:50:18+00:00 RUN_HEARTBEAT terminal=BT2 pid=47372 elapsed=129s
2026-08-26T20:50:18+00:00 RUN_HEARTBEAT terminal=PROD pid=39012 elapsed=460s
2026-08-26T20:51:09+00:00 RUN_HEARTBEAT terminal=BT4 pid=13772 elapsed=658s
2026-08-26T20:51:09+00:00 RUN_HEARTBEAT terminal=BT1 pid=11128 elapsed=196s
2026-08-26T20:51:09+00:00 RUN_HEARTBEAT terminal=BT3 pid=43120 elapsed=329s
2026-08-26T20:51:25+00:00 RUN_HEARTBEAT terminal=PROD pid=39012 elapsed=527s
2026-08-26T20:51:25+00:00 RUN_HEARTBEAT terminal=BT2 pid=47372 elapsed=196s
2026-08-26T20:52:15+00:00 RUN_HEARTBEAT terminal=BT4 pid=13772 elapsed=725s
2026-08-26T20:52:15+00:00 RUN_HEARTBEAT terminal=BT3 pid=43120 elapsed=396s
2026-08-26T20:52:15+00:00 RUN_HEARTBEAT terminal=BT1 pid=11128 elapsed=262s
2026-08-26T20:52:31+00:00 RUN_HEARTBEAT terminal=PROD pid=39012 elapsed=593s
2026-08-26T20:52:31+00:00 RUN_HEARTBEAT terminal=BT2 pid=47372 elapsed=263s
2026-08-26T20:53:21+00:00 RUN_HEARTBEAT terminal=BT3 pid=43120 elapsed=462s
2026-08-26T20:53:21+00:00 RUN_HEARTBEAT terminal=BT4 pid=13772 elapsed=791s
2026-08-26T20:53:21+00:00 RUN_HEARTBEAT terminal=BT1 pid=11128 elapsed=328s
2026-08-26T20:53:39+00:00 RUN_HEARTBEAT terminal=BT2 pid=47372 elapsed=329s
2026-08-26T20:53:39+00:00 RUN_HEARTBEAT terminal=PROD pid=39012 elapsed=659s
2026-08-26T20:53:56+00:00 RUN_END id=OAFX0896 window=IS terminal=BT4 status=OK decision=IS_REJECT elapsed=827.803s
2026-08-26T20:53:56+00:00 GATE_SKIP id=OAFX0896 window=OOS reason=IS_NOT_SURVIVOR decision=IS_REJECT net=305852.0 PF=1.4399 DD=44.0683%
2026-08-26T20:54:28+00:00 RUN_HEARTBEAT terminal=BT1 pid=11128 elapsed=396s
2026-08-26T20:54:28+00:00 RUN_HEARTBEAT terminal=BT3 pid=43120 elapsed=530s
2026-08-26T20:54:44+00:00 RUN_HEARTBEAT terminal=BT2 pid=47372 elapsed=396s
2026-08-26T20:54:44+00:00 RUN_HEARTBEAT terminal=PROD pid=39012 elapsed=727s
2026-08-26T20:55:32+00:00 RUN_HEARTBEAT terminal=BT1 pid=11128 elapsed=460s
2026-08-26T20:55:32+00:00 RUN_HEARTBEAT terminal=BT3 pid=43120 elapsed=594s
2026-08-26T20:55:48+00:00 RUN_HEARTBEAT terminal=PROD pid=39012 elapsed=791s
2026-08-26T20:55:48+00:00 RUN_HEARTBEAT terminal=BT2 pid=47372 elapsed=460s
2026-08-26T20:56:20+00:00 WAIT_MT5_IDLE terminal=PROD elapsed=1s pids=[35096]
2026-08-26T20:56:36+00:00 RUN_HEARTBEAT terminal=BT3 pid=43120 elapsed=657s
2026-08-26T20:56:36+00:00 RUN_HEARTBEAT terminal=BT1 pid=11128 elapsed=524s
2026-08-26T20:56:52+00:00 RUN_HEARTBEAT terminal=BT2 pid=47372 elapsed=524s
2026-08-26T20:57:24+00:00 WAIT_MT5_IDLE terminal=PROD elapsed=64s pids=[35096]
2026-08-26T20:57:40+00:00 RUN_HEARTBEAT terminal=BT1 pid=11128 elapsed=588s
2026-08-26T20:57:40+00:00 RUN_HEARTBEAT terminal=BT3 pid=43120 elapsed=721s
2026-08-26T20:57:56+00:00 RUN_HEARTBEAT terminal=BT2 pid=47372 elapsed=587s
2026-08-26T20:58:27+00:00 WAIT_MT5_IDLE terminal=PROD elapsed=128s pids=[35096]
2026-08-26T20:58:43+00:00 RUN_HEARTBEAT terminal=BT1 pid=11128 elapsed=651s
2026-08-26T20:58:43+00:00 RUN_HEARTBEAT terminal=BT3 pid=43120 elapsed=785s
2026-08-26T20:58:59+00:00 RUN_HEARTBEAT terminal=BT2 pid=47372 elapsed=651s
2026-08-26T20:59:15+00:00 RUN_END id=OAFX0897 window=IS terminal=BT3 status=OK decision=IS_SURVIVOR_STRICT elapsed=817.984s
2026-08-26T20:59:15+00:00 SKIP_BASELINE_OOS reason=existing actual measurement
2026-08-26T20:59:15+00:00 RUN_START id=OAFX0897 family=sca_gj_realized_loss_cooldown window=OOS terminal=BT3 run=oafx_oos_oafx0897_20260827055915_97280d
2026-08-26T20:59:16+00:00 RUN_HEARTBEAT terminal=BT3 pid=47492 elapsed=0s
2026-08-26T20:59:31+00:00 WAIT_MT5_IDLE terminal=PROD elapsed=191s pids=[35096]
2026-08-26T20:59:47+00:00 RUN_HEARTBEAT terminal=BT1 pid=11128 elapsed=715s
2026-08-26T21:00:03+00:00 RUN_HEARTBEAT terminal=BT2 pid=47372 elapsed=715s
2026-08-26T21:00:19+00:00 RUN_HEARTBEAT terminal=BT3 pid=47492 elapsed=63s
2026-08-26T21:00:35+00:00 WAIT_MT5_IDLE terminal=PROD elapsed=256s pids=[35096]
2026-08-26T21:00:51+00:00 RUN_HEARTBEAT terminal=BT1 pid=11128 elapsed=779s
2026-08-26T21:01:07+00:00 RUN_HEARTBEAT terminal=BT2 pid=47372 elapsed=779s
2026-08-26T21:01:07+00:00 RUN_END id=OAFX0899 window=IS terminal=BT1 status=OK decision=IS_REJECT elapsed=797.131s
2026-08-26T21:01:07+00:00 GATE_SKIP id=OAFX0899 window=OOS reason=IS_NOT_SURVIVOR decision=IS_REJECT net=308910.0 PF=1.4432 DD=43.6475%
2026-08-26T21:01:23+00:00 RUN_HEARTBEAT terminal=BT3 pid=47492 elapsed=127s
2026-08-26T21:01:23+00:00 RUN_END id=OAFX0900 window=IS terminal=BT2 status=OK decision=IS_SURVIVOR_STRICT elapsed=796.538s
2026-08-26T21:01:23+00:00 SKIP_BASELINE_OOS reason=existing actual measurement
2026-08-26T21:01:23+00:00 RUN_START id=OAFX0900 family=sca_gj_realized_loss_cooldown window=OOS terminal=BT2 run=oafx_oos_oafx0900_20260827060123_28b262
2026-08-26T21:01:23+00:00 KILL_ORPHAN_TESTER terminal=PROD pids=[35096] orphan_seconds=303
2026-08-26T21:01:24+00:00 RUN_HEARTBEAT terminal=BT2 pid=43468 elapsed=0s
2026-08-26T21:01:39+00:00 RUN_END id=OAFX0898 window=IS terminal=PROD status=OK decision=IS_SURVIVOR_STRICT elapsed=1142.882s
2026-08-26T21:01:39+00:00 SKIP_BASELINE_OOS reason=existing actual measurement
2026-08-26T21:01:39+00:00 RUN_START id=OAFX0898 family=sca_gj_realized_loss_cooldown window=OOS terminal=PROD run=oafx_oos_oafx0898_20260827060139_06a1b2
2026-08-26T21:01:40+00:00 RUN_HEARTBEAT terminal=PROD pid=50024 elapsed=0s
2026-08-26T21:02:26+00:00 RUN_HEARTBEAT terminal=BT3 pid=47492 elapsed=190s
2026-08-26T21:02:27+00:00 RUN_HEARTBEAT terminal=BT2 pid=43468 elapsed=63s
2026-08-26T21:02:43+00:00 RUN_HEARTBEAT terminal=PROD pid=50024 elapsed=63s
2026-08-26T21:03:30+00:00 RUN_HEARTBEAT terminal=BT3 pid=47492 elapsed=253s
2026-08-26T21:03:30+00:00 RUN_HEARTBEAT terminal=BT2 pid=43468 elapsed=126s
2026-08-26T21:03:46+00:00 RUN_HEARTBEAT terminal=PROD pid=50024 elapsed=126s
2026-08-26T21:04:34+00:00 RUN_HEARTBEAT terminal=BT3 pid=47492 elapsed=317s
2026-08-26T21:04:34+00:00 RUN_HEARTBEAT terminal=BT2 pid=43468 elapsed=189s
2026-08-26T21:04:50+00:00 RUN_HEARTBEAT terminal=PROD pid=50024 elapsed=190s
2026-08-26T21:05:38+00:00 RUN_HEARTBEAT terminal=BT3 pid=47492 elapsed=381s
2026-08-26T21:05:38+00:00 RUN_HEARTBEAT terminal=BT2 pid=43468 elapsed=253s
2026-08-26T21:05:54+00:00 RUN_HEARTBEAT terminal=PROD pid=50024 elapsed=254s
2026-08-26T21:06:42+00:00 RUN_HEARTBEAT terminal=BT3 pid=47492 elapsed=445s
2026-08-26T21:06:42+00:00 RUN_HEARTBEAT terminal=BT2 pid=43468 elapsed=317s
2026-08-26T21:06:58+00:00 RUN_HEARTBEAT terminal=PROD pid=50024 elapsed=318s
2026-08-26T21:07:47+00:00 RUN_HEARTBEAT terminal=BT2 pid=43468 elapsed=382s
2026-08-26T21:07:47+00:00 RUN_HEARTBEAT terminal=BT3 pid=47492 elapsed=510s
2026-08-26T21:08:02+00:00 RUN_HEARTBEAT terminal=PROD pid=50024 elapsed=382s
2026-08-26T21:08:18+00:00 RUN_END id=OAFX0897 window=OOS terminal=BT3 status=OK decision=STRICT_IMPROVEMENT elapsed=543.164s
2026-08-26T21:08:49+00:00 RUN_HEARTBEAT terminal=BT2 pid=43468 elapsed=445s
2026-08-26T21:09:05+00:00 RUN_HEARTBEAT terminal=PROD pid=50024 elapsed=445s
2026-08-26T21:09:52+00:00 RUN_HEARTBEAT terminal=BT2 pid=43468 elapsed=508s
2026-08-26T21:10:08+00:00 RUN_HEARTBEAT terminal=PROD pid=50024 elapsed=508s
2026-08-26T21:10:39+00:00 RUN_END id=OAFX0900 window=OOS terminal=BT2 status=OK decision=STRICT_IMPROVEMENT elapsed=556.227s
2026-08-26T21:11:10+00:00 RUN_HEARTBEAT terminal=PROD pid=50024 elapsed=570s
2026-08-26T21:11:26+00:00 RUN_END id=OAFX0898 window=OOS terminal=PROD status=OK decision=STRICT_IMPROVEMENT elapsed=587.093s
2026-08-26T21:11:26+00:00 QUEUE_SUMMARY selected=900 started=89 skipped=964 gated=757
2026-08-26T21:11:26+00:00 DRIVER_END status=OK
スリープ抑止を解除しました
