time,profit,magic,entry,position_id,type,volume,price,sl,usdjpy,profit_jpy
1478653200,0.00,20260650,0,2,0,0.03,81.38500000,0.00000000,105.66400,0.00
1478764800,0.00,20260605,0,3,1,0.01,1.09418000,1.09668000,106.78800,0.00
1478774700,0.00,20261001,0,4,0,0.06,131.81800000,130.54100000,106.78800,0.00
1478778300,0.00,20261000,0,5,0,0.02,106.14400000,104.95400000,106.78800,0.00
1478808000,11580.00,20261001,1,4,1,0.06,133.74800000,130.54100000,106.78800,11580.00
1478815200,1364.00,20261000,1,5,1,0.02,106.82600000,104.95400000,106.78800,1364.00
1478861100,0.00,20261001,0,8,0,0.06,134.30700000,133.57400000,106.62000,0.00
1478889845,1127.00,20260605,1,3,0,0.01,1.08367000,1.09668000,106.62000,1127.00
1478894400,-462.00,20261001,1,8,1,0.06,134.23000000,133.57400000,106.62000,-462.00
1479119400,0.00,20261000,0,11,0,0.01,107.79200000,106.72800000,108.40500,0.00
1479160800,726.00,20261000,1,11,1,0.01,108.51800000,106.72800000,108.40500,726.00
1479206700,0.00,20261001,0,13,1,0.01,134.31500000,135.34900000,109.16900,0.00
1479233189,-1035.00,20261001,1,13,0,0.01,135.35000000,135.34900000,109.16900,-1035.00
1479287700,0.00,20261001,0,15,0,0.01,136.44900000,135.75000000,109.05400,0.00
1479315794,-699.00,20261001,1,15,1,0.01,135.75000000,135.75000000,109.05400,-699.00
1479375000,0.00,20261001,0,17,0,0.01,135.94600000,135.16800000,110.09500,0.00
1479412800,633.00,20261001,1,17,1,0.01,136.57900000,135.16800000,110.09500,633.00
1479462300,0.00,20261001,0,19,0,0.01,137.36900000,136.68000000,110.86700,0.00
1479477458,-689.00,20261001,1,19,1,0.01,136.68000000,136.68000000,110.86700,-689.00
1479726000,0.00,20261001,0,21,1,0.01,136.52500000,137.82500000,110.79100,0.00
1479741975,-1301.00,20261001,1,21,0,0.01,137.82600000,137.82500000,110.79100,-1301.00
1479806100,0.00,20261001,0,23,0,0.01,138.79000000,138.02500000,111.11900,0.00
1479816338,-765.00,20261001,1,23,1,0.01,138.02500000,138.02500000,111.11900,-765.00
1479978900,0.00,20261001,0,25,0,0.01,140.37700000,139.75100000,113.29200,0.00
1479980700,0.00,20261000,0,26,0,0.01,113.20500000,112.36600000,113.29200,0.00
1480017600,877.00,20261001,1,25,1,0.01,141.25400000,139.75100000,113.29200,877.00
1480024800,180.00,20261000,1,26,1,0.01,113.38500000,112.36600000,113.29200,180.00
1480065300,0.00,20261000,0,29,1,0.02,112.97600000,113.89500000,113.21300,0.00
1480065300,0.00,20261001,0,30,1,0.06,140.78300000,141.56300000,113.21300,0.00
1480075200,0.00,20260774,0,31,0,0.01,1.24727000,1.24227000,113.21300,0.00
1480104000,-1320.00,20261001,1,30,0,0.06,141.00300000,141.56300000,113.21300,-1320.00
1480111200,-152.00,20261000,1,29,0,0.02,113.05200000,113.89500000,113.21300,-152.00
1480334739,-566.00,20260774,1,31,1,0.01,1.24227000,1.24227000,111.92400,-566.00
1480348800,0.00,20260622,0,35,0,0.01,112.69000000,111.35100000,111.92400,0.00
1480411800,0.00,20261001,0,36,0,0.01,139.41600000,138.63300000,112.38500,0.00
1480417200,0.00,20261000,0,37,0,0.01,112.59800000,111.61400000,112.38500,0.00
1480429235,1409.00,20261001,1,36,1,0.01,140.82500000,138.63300000,112.38500,1409.00
1480456800,-298.00,20261000,1,37,1,0.01,112.30000000,111.61400000,112.38500,-298.00
1480503600,0.00,20261001,0,40,0,0.01,141.11200000,140.15800000,114.44400,0.00
1480510800,0.00,20260605,0,41,0,0.01,1.06526000,1.06276000,114.44400,0.00
1480515691,-292.00,20260605,1,41,1,0.01,1.06269000,1.06276000,114.44400,-292.00
1480525200,0.00,20260605,0,43,1,0.01,1.05992000,1.06242000,114.44400,0.00
1480528800,-117.00,20260605,1,43,0,0.01,1.06095000,1.06242000,114.44400,-117.00
1480528800,0.00,20260605,0,45,0,0.01,1.06095000,1.05845000,114.44400,0.00
1480529037,-285.00,20260605,1,45,1,0.01,1.05845000,1.05845000,114.44400,-285.00
1480530986,1717.00,20261001,1,40,1,0.01,142.82900000,140.15800000,114.44400,1717.00
1480579200,0.00,20260605,0,48,0,0.01,1.06146000,1.05896000,114.05500,0.00
1480611605,-287.00,20260605,1,48,1,0.01,1.05896000,1.05896000,114.05500,-287.00
1480670100,0.00,20261001,0,50,0,0.01,144.18100000,143.11500000,113.43900,0.00
1480679462,-1066.00,20261001,1,50,1,0.01,143.11500000,143.11500000,113.43900,-1066.00
1480932900,0.00,20261000,0,52,0,0.01,114.01400000,112.85900000,113.85000,0.00
1480935600,0.00,20260605,0,53,0,0.01,1.06383000,1.06133000,113.85000,0.00
1480966517,1197.00,20260605,1,53,1,0.01,1.07433000,1.06133000,113.85000,1197.00
1480975200,-266.00,20261000,1,52,1,0.01,113.74800000,112.85900000,113.85000,-266.00
1481196600,0.00,20261001,0,56,0,0.01,144.13600000,143.25300000,114.02600,0.00
1481227200,-619.00,20261001,1,56,1,0.01,143.51700000,143.25300000,114.02600,-619.00
1481248800,0.00,20260605,0,58,1,0.01,1.06208000,1.06458000,115.21900,0.00
1481280300,0.00,20261001,0,59,0,0.01,144.17700000,143.44200000,115.21900,0.00
1481299200,0.00,20260627,0,60,0,0.01,144.64600000,143.21200000,115.21900,0.00
1481313600,829.00,20261001,1,59,1,0.01,145.00600000,143.44200000,115.21900,829.00
1481501100,2831.00,20260622,1,35,1,0.01,115.42100000,111.35100000,115.01200,2831.00
1481515200,0.00,20260622,0,63,0,0.01,115.43600000,114.51700000,115.01200,0.00
1481535000,0.00,20261001,0,64,0,0.01,145.74600000,145.04100000,115.01200,0.00
1481537700,0.00,20261000,0,65,0,0.01,115.95000000,115.15400000,115.01200,0.00
1481570276,-796.00,20261000,1,65,1,0.01,115.15400000,115.15400000,115.01200,-796.00
1481572216,-284.00,20260605,1,58,0,0.01,1.06458000,1.06458000,115.01200,-284.00
1481572800,197.00,20261001,1,64,1,0.01,145.94300000,145.04100000,115.01200,197.00
1481594400,0.00,20260605,0,69,1,0.01,1.06413000,1.06663000,115.17500,0.00
1481624100,0.00,20261001,0,70,0,0.01,146.27600000,145.62100000,115.17500,0.00
1481652845,-293.00,20260605,1,69,0,0.01,1.06668000,1.06663000,115.17500,-293.00
1481659200,-108.00,20261001,1,70,1,0.01,146.16800000,145.62100000,115.17500,-108.00
1481755759,1858.00,20260622,1,63,1,0.01,117.27400000,114.51700000,117.02400,1858.00
1481803200,0.00,20260622,0,74,0,0.01,117.89700000,116.80000000,118.15900,0.00
1481881500,0.00,20261001,0,75,0,0.01,147.03600000,146.39100000,117.77600,0.00
1481918400,-29.00,20261001,1,75,1,0.01,147.00700000,146.39100000,117.77600,-29.00
1482138900,0.00,20261001,0,77,1,0.01,146.20800000,147.04300000,117.07400,0.00
1482167198,1505.00,20261001,1,77,0,0.01,144.70300000,147.04300000,117.07400,1505.00
1482170742,-1079.00,20260622,1,74,1,0.01,116.79800000,116.80000000,117.07400,-1079.00
1482220800,0.00,20260622,0,80,0,0.01,117.69000000,116.60500000,117.83500,0.00
1482228900,0.00,20261000,0,81,0,0.01,118.09900000,116.98300000,117.83500,0.00
1482228900,0.00,20261001,0,82,0,0.01,146.25100000,145.14700000,117.83500,0.00
1482264000,-706.00,20261001,1,82,1,0.01,145.54500000,145.14700000,117.83500,-706.00
1482271200,-305.00,20261000,1,81,1,0.01,117.79400000,116.98300000,117.83500,-305.00
1482317100,0.00,20261001,0,85,1,0.01,145.18700000,145.73500000,117.53400,0.00
1482350400,0.00,20260774,0,86,1,0.01,1.23521000,1.24021000,117.53400,0.00
1482350400,-105.00,20261001,1,85,0,0.01,145.29200000,145.73500000,117.53400,-105.00
1482506420,1293.00,20260774,1,86,0,0.01,1.22418000,1.24021000,117.19800,1293.00
1482919200,0.00,20260605,0,89,0,0.01,1.04671000,1.04421000,117.24200,0.00
1482922516,-294.00,20260605,1,89,1,0.01,1.04421000,1.04421000,117.24200,-294.00
1482930000,0.00,20260605,0,91,1,0.01,1.04317000,1.04567000,117.24200,0.00
1482958537,-1343.00,20260627,1,60,1,0.01,143.21200000,143.21200000,117.24200,-1343.00
1482984000,-29.00,20260605,1,91,0,0.01,1.04345000,1.04567000,116.53900,-29.00
1482984000,0.00,20260605,0,94,0,0.01,1.04345000,1.04095000,116.53900,0.00
1482991640,-1015.00,20260622,1,80,1,0.01,116.60500000,116.60500000,116.53900,-1015.00
1483061958,1224.00,20260605,1,94,1,0.01,1.05401000,1.04095000,116.81400,1224.00
1483091100,0.00,20261001,0,97,0,0.01,143.56300000,142.83600000,116.81400,0.00
1483092000,0.00,20261000,0,98,0,0.01,117.10200000,116.03700000,116.81400,0.00
1483128000,415.00,20261001,1,97,1,0.01,143.97800000,142.83600000,116.81400,415.00
1483135200,-351.00,20261000,1,98,1,0.01,116.75100000,116.03700000,116.81400,-351.00
1483350300,0.00,20261000,0,101,0,0.01,117.12400000,116.63400000,117.47800,0.00
1483350300,0.00,20261001,0,102,0,0.01,144.62000000,143.94300000,117.47800,0.00
1483381268,-696.00,20261001,1,102,1,0.01,143.92400000,143.94300000,117.47800,-696.00
1483394400,462.00,20261000,1,101,1,0.01,117.58600000,116.63400000,117.47800,462.00
1483434900,0.00,20261000,0,105,0,0.01,117.69900000,117.21000000,117.73100,0.00
1483434900,0.00,20261001,0,106,0,0.01,144.62900000,144.06700000,117.73100,0.00
1483452000,0.00,20260605,0,107,1,0.01,1.03937000,1.04187000,117.73100,0.00
1483468082,-294.00,20260605,1,107,0,0.01,1.04187000,1.04187000,117.73100,-294.00
1483468602,-565.00,20261001,1,106,1,0.01,144.06400000,144.06700000,117.73100,-565.00
1483480800,-30.00,20261000,1,105,1,0.01,117.66900000,117.21000000,117.73100,-30.00
1483502400,0.00,20260622,0,111,0,0.01,118.14800000,117.16300000,117.21400,0.00
1483521300,0.00,20261001,0,112,0,0.01,144.80300000,144.06000000,117.21400,0.00
1483534901,-743.00,20261001,1,112,1,0.01,144.06000000,144.06000000,117.21400,-743.00
1483549005,-985.00,20260622,1,111,1,0.01,117.16300000,117.16300000,117.21400,-985.00
1483549200,0.00,20260605,0,115,0,0.01,1.04629000,1.04379000,117.21400,0.00
1483605517,1223.00,20260605,1,115,1,0.01,1.05679000,1.04379000,115.33900,1223.00
1483675200,0.00,20260774,0,117,1,0.01,1.23856000,1.24356000,116.94200,0.00
1483735841,1289.00,20260774,1,117,0,0.01,1.22756000,1.24356000,116.94200,1289.00
1483952400,0.00,20260629,0,119,1,0.01,1.05321000,0.00000000,116.00500,0.00
1483952400,0.00,20260629,0,120,0,0.01,1.21802000,0.00000000,116.00500,0.00
1483953300,0.00,20261001,0,121,1,0.01,142.91200000,143.66200000,116.00500,0.00
1483974698,1350.00,20261001,1,121,0,0.01,141.56200000,143.66200000,116.00500,1350.00
1484135100,0.00,20261001,0,123,1,0.06,140.69000000,141.33500000,115.39900,0.00
1484140721,-3870.00,20261001,1,123,0,0.06,141.33500000,141.33500000,115.39900,-3870.00
1484157600,0.00,20260605,0,125,1,0.01,1.04739000,1.04989000,115.39900,0.00
1484159317,-293.00,20260605,1,125,0,0.01,1.04989000,1.04989000,115.39900,-293.00
1484164800,0.00,20260605,0,127,0,0.01,1.05589000,1.05339000,115.39900,0.00
1484218034,1223.00,20260605,1,127,1,0.01,1.06639000,1.05339000,114.70300,1223.00
1484558100,0.00,20261001,0,129,1,0.01,136.79000000,137.68000000,114.17400,0.00
1484563735,-892.00,20261001,1,129,0,0.01,137.68200000,137.68000000,114.17400,-892.00
1484651700,0.00,20261000,0,131,1,0.01,113.10000000,114.27900000,112.60900,0.00
1484690400,434.00,20261000,1,131,0,0.01,112.66600000,114.27900000,112.60900,434.00
1484712000,0.00,20260610,0,133,1,0.01,112.95600000,113.45600000,114.63100,0.00
1484744009,-502.00,20260610,1,133,0,0.01,113.45800000,113.45600000,114.63100,-502.00
1484823600,1473.00,20260629,1,120,1,0.01,1.23107000,0.00000000,114.84200,1473.00
1484823600,-1368.00,20260629,1,119,0,0.01,1.06555000,0.00000000,114.84200,-1368.00
1485144000,0.00,20260610,0,137,1,0.01,113.63800000,114.13800000,112.68600,0.00
1485216458,1075.00,20260610,1,137,0,0.01,112.53800000,114.13800000,113.78900,1075.00
1485230400,0.00,20260610,0,139,1,0.01,112.95100000,113.45100000,113.78900,0.00
1485250200,0.00,20261001,0,140,1,0.06,140.98600000,141.48200000,113.78900,0.00
1485253600,-2982.00,20261001,1,140,0,0.06,141.48300000,141.48200000,113.78900,-2982.00
1485256500,0.00,20261001,0,142,0,0.01,141.66300000,141.12200000,113.78900,0.00
1485258192,-541.00,20261001,1,142,1,0.01,141.12200000,141.12200000,113.78900,-541.00
1485262297,-500.00,20260610,1,139,0,0.01,113.45100000,113.45100000,113.78900,-500.00
1485336600,0.00,20261001,0,145,1,0.01,141.96500000,142.61300000,113.25800,0.00
1485343061,-648.00,20261001,1,145,0,0.01,142.61300000,142.61300000,113.25800,-648.00
1485343800,0.00,20261001,0,147,0,0.06,142.88200000,142.14000000,113.25800,0.00
1485374400,2442.00,20261001,1,147,1,0.06,143.28900000,142.14000000,113.25800,2442.00
1485417600,0.00,20260774,0,149,0,0.01,1.26563000,1.26063000,114.50500,0.00
1485426600,0.00,20261001,0,150,0,0.01,143.96000000,143.04800000,114.50500,0.00
1485431100,0.00,20261000,0,151,0,0.01,113.92500000,113.04400000,114.50500,0.00
1485433662,-573.00,20260774,1,149,1,0.01,1.26062000,1.26063000,114.50500,-573.00
1485460800,334.00,20261001,1,150,1,0.01,144.29400000,143.04800000,114.50500,334.00
1485468000,417.00,20261000,1,151,1,0.01,114.34200000,113.04400000,114.50500,417.00
1485770400,0.00,20260605,0,155,1,0.01,1.07003000,1.07253000,113.75000,0.00
1485774000,0.00,20261001,0,156,1,0.01,143.61900000,144.43300000,113.75000,0.00
1485801987,1466.00,20261001,1,156,0,0.01,142.15300000,144.43300000,113.75000,1466.00
1485828000,-85.00,20260605,1,155,0,0.01,1.07081000,1.07253000,112.78400,-85.00
1485828000,0.00,20260605,0,159,0,0.01,1.07081000,1.06831000,112.78400,0.00
1485856800,0.00,20261001,0,160,1,0.01,141.71300000,142.25000000,112.78400,0.00
1485858989,-538.00,20261001,1,160,0,0.01,142.25100000,142.25000000,112.78400,-538.00
1485892800,0.00,20260774,0,162,0,0.01,1.25700000,1.25200000,112.78400,0.00
1485942300,0.00,20261001,0,163,0,0.01,142.52700000,141.79600000,113.22400,0.00
1485943200,0.00,20261000,0,164,0,0.01,113.57400000,112.63600000,113.22400,0.00
1485968294,1317.00,20261001,1,163,1,0.01,143.84400000,141.79600000,113.22400,1317.00
1485986400,-553.00,20261000,1,164,1,0.01,113.02100000,112.63600000,113.22400,-553.00
1486030804,1242.00,20260774,1,162,1,0.01,1.26801000,1.25200000,112.78300,1242.00
1486032459,1173.00,20260605,1,159,1,0.01,1.08131000,1.06831000,112.78300,1173.00
1486116900,0.00,20261001,0,169,0,0.01,141.71800000,141.00100000,112.44300,0.00
1486126800,0.00,20260605,0,170,0,0.01,1.07391000,1.07141000,112.44300,0.00
1486130400,-101.00,20260605,1,170,1,0.01,1.07302000,1.07141000,112.44300,-101.00
1486130400,0.00,20260605,0,172,1,0.01,1.07302000,1.07552000,112.44300,0.00
1486135831,-718.00,20261001,1,169,1,0.01,141.00000000,141.00100000,112.44300,-718.00
1486135840,-283.00,20260605,1,172,0,0.01,1.07552000,1.07552000,112.44300,-283.00
1486400400,0.00,20260605,0,175,1,0.01,1.07285000,1.07535000,111.72600,0.00
1486414800,-166.00,20260605,1,175,0,0.01,1.07432000,1.07535000,111.72600,-166.00
1486414800,0.00,20260605,0,177,0,0.01,1.07432000,1.07182000,111.72600,0.00
1486444537,-290.00,20260605,1,177,1,0.01,1.07182000,1.07182000,112.37500,-290.00
1486462500,0.00,20261001,0,179,1,0.01,138.81900000,139.51200000,112.37500,0.00
1486490380,-693.00,20261001,1,179,0,0.01,139.51200000,139.51200000,112.37500,-693.00
1486497600,0.00,20260774,0,181,0,0.01,1.24972000,1.24472000,112.37500,0.00
1486735170,-569.00,20260774,1,181,1,0.01,1.24471000,1.24472000,113.06500,-569.00
1487242800,0.00,20261000,0,183,1,0.01,113.61800000,114.30500000,113.21400,0.00
1487282400,495.00,20261000,1,183,0,0.01,113.12300000,114.30500000,113.21400,495.00
1487329200,0.00,20261001,0,185,1,0.06,141.18400000,141.80600000,112.69700,0.00
1487332962,6720.00,20261001,1,185,0,0.06,140.06400000,141.80600000,112.69700,6720.00
1487582100,0.00,20261001,0,187,0,0.01,140.73900000,140.12800000,113.06800,0.00
1487620800,176.00,20261001,1,187,1,0.01,140.91500000,140.12800000,113.06800,176.00
1487763000,0.00,20261000,0,189,1,0.01,113.12700000,113.72600000,113.31500,0.00
1487800800,13.00,20261000,1,189,0,0.01,113.11400000,113.72600000,113.31500,13.00
1487844900,0.00,20261001,0,191,0,0.06,141.31000000,140.80400000,112.60100,0.00
1487861561,-3042.00,20261001,1,191,1,0.06,140.80300000,140.80400000,112.60100,-3042.00
1487934000,0.00,20261001,0,193,1,0.06,141.14300000,141.66400000,112.00600,0.00
1487936700,0.00,20261000,0,194,1,0.02,112.44100000,112.95200000,112.00600,0.00
1487952000,0.00,20260605,0,195,0,0.01,1.06141000,1.05891000,112.00600,0.00
1487953051,-281.00,20260605,1,195,1,0.01,1.05891000,1.05891000,112.00600,-281.00
1487955600,0.00,20260605,0,197,1,0.01,1.05712000,1.05962000,112.00600,0.00
1487958402,5628.00,20261001,1,193,0,0.06,140.20500000,141.66400000,112.00600,5628.00
1487964159,-280.00,20260605,1,197,0,0.01,1.05962000,1.05962000,112.00600,-280.00
1487973600,924.00,20261000,1,194,0,0.02,111.97900000,112.95200000,112.00600,924.00
1488232800,0.00,20260605,0,201,1,0.01,1.05881000,1.06131000,112.68300,0.00
1488274200,0.00,20261001,0,202,1,0.01,139.66400000,140.18200000,112.75200,0.00
1488301470,-276.00,20260605,1,201,0,0.01,1.06131000,1.06131000,112.75200,-276.00
1488312000,659.00,20261001,1,202,0,0.01,139.00500000,140.18200000,112.75200,659.00
1488366900,0.00,20261001,0,205,0,0.01,140.64000000,139.68400000,113.71200,0.00
1488398400,-646.00,20261001,1,205,1,0.01,139.99400000,139.68400000,113.71200,-646.00
1488448800,0.00,20261001,0,207,0,0.01,140.30100000,139.81400000,114.40900,0.00
1488484800,111.00,20261001,1,207,1,0.01,140.41200000,139.81400000,114.40900,111.00
1488541500,0.00,20261001,0,209,1,0.01,139.74700000,140.31500000,113.88600,0.00
1488562901,-569.00,20261001,1,209,0,0.01,140.31600000,140.31500000,113.88600,-569.00
1488571200,0.00,20260610,0,211,0,0.01,114.45000000,113.95000000,113.88600,0.00
1488580700,-500.00,20260610,1,211,1,0.01,113.95000000,113.95000000,113.88600,-500.00
1488792600,0.00,20261001,0,213,1,0.01,139.58500000,140.17800000,113.88100,0.00
1488830400,96.00,20261001,1,213,0,0.01,139.48900000,140.17800000,113.88100,96.00
1488873600,0.00,20260774,0,215,1,0.01,1.22392000,1.22892000,113.96800,0.00
1488916800,0.00,20260605,0,216,0,0.01,1.05751000,1.05501000,113.96800,0.00
1488920400,-100.00,20260605,1,216,1,0.01,1.05663000,1.05501000,113.96800,-100.00
1488920400,0.00,20260605,0,218,1,0.01,1.05663000,1.05913000,113.96800,0.00
1488966300,0.00,20261001,0,219,1,0.01,138.59400000,139.02600000,114.31700,0.00
1488984603,-432.00,20261001,1,219,0,0.01,139.02600000,139.02600000,114.31700,-432.00
1488988800,0.00,20260610,0,221,0,0.01,114.58400000,114.08400000,114.31700,0.00
1489057200,0.00,20261000,0,222,0,0.01,114.88300000,114.29700000,114.93200,0.00
1489075120,-279.00,20260605,1,218,0,0.01,1.05913000,1.05913000,114.93200,-279.00
1489075200,0.00,20260605,0,224,0,0.01,1.05852000,1.05602000,114.93200,0.00
1489096800,-27.00,20261000,1,222,1,0.01,114.85600000,114.29700000,114.93200,-27.00
1489137300,0.00,20261001,0,226,0,0.01,140.44200000,139.77500000,114.71700,0.00
1489165119,-667.00,20261001,1,226,1,0.01,139.77500000,139.77500000,114.71700,-667.00
1489182372,1199.00,20260605,1,224,1,0.01,1.06902000,1.05602000,114.71700,1199.00
1489396500,0.00,20261001,0,229,0,0.01,140.13100000,139.58800000,114.84300,0.00
1489435200,265.00,20261001,1,229,1,0.01,140.39600000,139.58800000,114.84300,265.00
1489482218,1261.00,20260774,1,215,0,0.01,1.21292000,1.22892000,114.73000,1261.00
1489484700,0.00,20261000,0,232,0,0.01,115.13200000,114.75800000,114.73000,0.00
1489486500,0.00,20261001,0,233,1,0.01,139.47300000,140.25300000,114.73000,0.00
1489506956,-374.00,20261000,1,232,1,0.01,114.75800000,114.75800000,114.73000,-374.00
1489521600,-36.00,20261001,1,233,0,0.01,139.50900000,140.25300000,114.73000,-36.00
1489608030,-452.00,20260610,1,221,1,0.01,114.08200000,114.08400000,113.45700,-452.00
1489636800,0.00,20260610,0,237,1,0.01,113.38600000,113.88600000,113.29400,0.00
1489656600,0.00,20261000,0,238,1,0.01,113.03200000,113.54400000,113.29400,0.00
1489657500,0.00,20261001,0,239,1,0.01,138.69500000,139.41200000,113.29400,0.00
1489672838,-717.00,20261001,1,239,0,0.01,139.41200000,139.41200000,113.29400,-717.00
1489701600,-206.00,20261000,1,238,0,0.01,113.23800000,113.54400000,113.29400,-206.00
1490001300,0.00,20261001,0,242,0,0.01,139.82000000,139.37000000,112.49500,0.00
1490030682,-452.00,20261001,1,242,1,0.01,139.36800000,139.37000000,112.49500,-452.00
1490063020,1026.00,20260610,1,237,0,0.01,112.28500000,113.88600000,111.77600,1026.00
1490087700,0.00,20261001,0,245,0,0.01,139.57300000,139.00800000,111.77600,0.00
1490126400,-170.00,20261001,1,245,1,0.01,139.40300000,139.00800000,111.77600,-170.00
1490155200,0.00,20260610,0,247,1,0.01,111.62900000,112.12900000,111.26000,0.00
1490177700,0.00,20261001,0,248,1,0.01,138.95400000,139.38000000,111.26000,0.00
1490181300,0.00,20261000,0,249,1,0.01,111.19000000,111.78800000,111.26000,0.00
1490195800,768.00,20261001,1,248,0,0.01,138.18600000,139.38000000,111.26000,768.00
1490220000,57.00,20261000,1,249,0,0.01,111.13300000,111.78800000,111.26000,57.00
1490261400,0.00,20261000,0,252,1,0.01,111.11900000,111.57600000,110.97300,0.00
1490266800,0.00,20261001,0,253,1,0.06,138.51600000,139.15800000,110.97300,0.00
1490268882,-3858.00,20261001,1,253,0,0.06,139.15900000,139.15800000,110.97300,-3858.00
1490306400,126.00,20261000,1,252,0,0.01,110.99300000,111.57600000,110.97300,126.00
1490355000,0.00,20261001,0,256,1,0.01,138.72500000,139.06400000,111.21700,0.00
1490356800,0.00,20260774,0,257,0,0.01,1.24933000,1.24433000,111.21700,0.00
1490385600,168.00,20261001,1,256,0,0.01,138.55700000,139.06400000,111.21700,168.00
1490581122,1028.00,20260610,1,247,0,0.01,110.52600000,112.12900000,110.65200,1028.00
1490627720,1215.00,20260774,1,257,1,0.01,1.26033000,1.24433000,110.65200,1215.00
1490774400,0.00,20260774,0,261,0,0.01,1.24112000,1.23612000,111.03200,0.00
1490821200,0.00,20260605,0,262,1,0.01,1.07549000,1.07799000,111.03200,0.00
1490868900,0.00,20261001,0,263,1,0.06,137.93600000,138.55300000,111.89900,0.00
1490882620,-3708.00,20261001,1,263,0,0.06,138.55400000,138.55300000,111.89900,-3708.00
1490891919,1215.00,20260774,1,261,1,0.01,1.25212000,1.23612000,111.89900,1215.00
1490955300,0.00,20261001,0,266,1,0.06,139.31500000,139.92500000,111.26400,0.00
1490990400,-1800.00,20261001,1,266,0,0.06,139.61500000,139.92500000,111.26400,-1800.00
1491219900,0.00,20261001,0,268,1,0.06,139.29600000,139.77600000,110.88400,0.00
1491242430,1172.00,20260605,1,262,0,0.01,1.06499000,1.07799000,110.88400,1172.00
1491243631,5208.00,20261001,1,268,0,0.06,138.42800000,139.77600000,110.88400,5208.00
1491392700,0.00,20261001,0,271,0,0.01,138.10200000,137.63700000,110.69300,0.00
1491410885,846.00,20261001,1,271,1,0.01,138.94800000,137.63700000,110.69300,846.00
1491811200,0.00,20260774,0,273,0,0.01,1.23875000,1.23375000,110.92900,0.00
1491824700,0.00,20261001,0,274,0,0.01,138.13800000,137.50800000,110.92900,0.00
1491854400,-333.00,20261001,1,274,1,0.01,137.80500000,137.50800000,110.92900,-333.00
1491993000,0.00,20261001,0,276,0,0.06,137.06400000,136.61000000,109.00900,0.00
1491993639,1214.00,20260774,1,273,1,0.01,1.24975000,1.23375000,109.00900,1214.00
1492027200,-1134.00,20261001,1,276,1,0.06,136.87500000,136.61000000,109.00900,-1134.00
1492074900,0.00,20261001,0,279,0,0.01,137.07700000,136.57200000,109.08500,0.00
1492077600,0.00,20261000,0,280,0,0.01,109.20300000,108.72000000,109.08500,0.00
1492088487,-505.00,20261001,1,279,1,0.01,136.57200000,136.57200000,109.08500,-505.00
1492106400,0.00,20260605,0,282,1,0.01,1.06239000,1.06489000,109.08500,0.00
1492120800,-64.00,20261000,1,280,1,0.01,109.13900000,108.72000000,109.08500,-64.00
1492424079,-265.00,20260605,1,282,0,0.01,1.06489000,1.06489000,108.89600,-265.00
1492508700,0.00,20261001,0,285,0,0.01,137.20700000,136.82800000,108.40100,0.00
1492517060,-379.00,20261001,1,285,1,0.01,136.82800000,136.82800000,108.40100,-379.00
1492527600,0.00,20260605,0,287,0,0.01,1.06786000,1.06536000,108.40100,0.00
1492549200,0.00,20260629,0,288,0,0.01,1.07229000,0.00000000,108.40100,0.00
1492549200,0.00,20260629,0,289,1,0.01,1.28298000,0.00000000,108.40100,0.00
1492596900,0.00,20261000,0,290,0,0.01,108.82800000,108.37700000,108.85400,0.00
1492596900,0.00,20261001,0,291,0,0.01,139.80200000,139.16100000,108.85400,0.00
1492629748,-641.00,20261001,1,291,1,0.01,139.16100000,139.16100000,108.85400,-641.00
1492639200,-133.00,20261000,1,290,1,0.01,108.69500000,108.37700000,108.85400,-133.00
1492683300,0.00,20261001,0,294,0,0.01,139.60300000,139.09800000,109.31200,0.00
1492718400,538.00,20261001,1,294,1,0.01,140.14100000,139.09800000,109.31200,538.00
1492992300,2365.00,20260605,1,287,1,0.01,1.08987000,1.06536000,109.74400,2365.00
1493113500,0.00,20261001,0,297,0,0.01,141.05500000,140.23500000,111.08200,0.00
1493115300,0.00,20261000,0,298,0,0.01,110.30000000,109.59000000,111.08200,0.00
1493143200,-2.00,20260629,1,289,0,0.01,1.28295000,0.00000000,111.08200,-2.00
1493143200,2237.00,20260629,1,288,1,0.01,1.09278000,0.00000000,111.08200,2237.00
1493147900,1476.00,20261001,1,297,1,0.01,142.53100000,140.23500000,111.08200,1476.00
1493157600,778.00,20261000,1,298,1,0.01,111.07800000,109.59000000,111.08200,778.00
1493284500,0.00,20261001,0,303,0,0.01,143.26700000,142.69000000,111.24400,0.00
1493323200,276.00,20261001,1,303,1,0.01,143.54300000,142.69000000,111.24400,276.00
1493631000,0.00,20261000,0,305,0,0.01,111.85300000,111.20200000,111.83500,0.00
1493631000,0.00,20261001,0,306,0,0.01,144.46700000,143.88600000,111.83500,0.00
1493668800,-126.00,20261001,1,306,1,0.01,144.34100000,143.88600000,111.83500,-126.00
1493676000,-26.00,20261000,1,305,1,0.01,111.82700000,111.20200000,111.83500,-26.00
1493716500,0.00,20261001,0,309,0,0.01,144.59100000,144.11000000,111.99600,0.00
1493755200,295.00,20261001,1,309,1,0.01,144.88600000,144.11000000,111.99600,295.00
1493802900,0.00,20261001,0,311,1,0.01,144.57900000,144.98300000,112.75100,0.00
1493807680,-404.00,20261001,1,311,0,0.01,144.98300000,144.98300000,112.75100,-404.00
1493891100,0.00,20261001,0,313,1,0.06,144.71900000,145.21800000,112.45700,0.00
1493894800,-3000.00,20261001,1,313,0,0.06,145.21900000,145.21800000,112.45700,-3000.00
1493898300,0.00,20261001,0,315,0,0.01,145.41000000,144.93800000,112.45700,0.00
1493928000,-19.00,20261001,1,315,1,0.01,145.39100000,144.93800000,112.45700,-19.00
1494000000,0.00,20260610,0,317,0,0.01,112.54500000,112.04500000,112.59800,0.00
1494270000,0.00,20260605,0,318,0,0.01,1.09285000,1.09035000,113.25300,0.00
1494322122,-292.00,20260605,1,318,1,0.01,1.09034000,1.09035000,113.96800,-292.00
1494326438,1120.00,20260610,1,317,1,0.01,113.64500000,112.04500000,113.96800,1120.00
1494342000,0.00,20260605,0,321,1,0.01,1.08861000,1.09111000,113.96800,0.00
1494603845,-283.00,20260605,1,321,0,0.01,1.09121000,1.09111000,113.32300,-283.00
1494622800,0.00,20260605,0,323,0,0.01,1.09233000,1.08983000,113.32300,0.00
1494839700,0.00,20261001,0,324,0,0.01,146.52000000,145.87900000,113.77300,0.00
1494842400,0.00,20261000,0,325,0,0.01,113.63000000,113.16100000,113.77300,0.00
1494849600,0.00,20260627,0,326,0,0.01,146.88000000,145.91000000,113.77300,0.00
1494878400,96.00,20261001,1,324,1,0.01,146.61600000,145.87900000,113.77300,96.00
1494885600,41.00,20261000,1,325,1,0.01,113.67100000,113.16100000,113.77300,41.00
1494926100,0.00,20261000,0,329,1,0.01,113.30500000,113.78700000,113.11100,0.00
1494930267,1176.00,20260605,1,323,1,0.01,1.10283000,1.08983000,113.11100,1176.00
1494934200,0.00,20261001,0,331,0,0.06,146.91100000,146.44800000,113.11100,0.00
1494936032,-2778.00,20261001,1,331,1,0.06,146.44800000,146.44800000,113.11100,-2778.00
1494956459,-967.00,20260627,1,326,1,0.01,145.90600000,145.91000000,113.11100,-967.00
1494972000,279.00,20261000,1,329,0,0.01,113.02600000,113.78700000,113.11100,279.00
1495013400,0.00,20261001,0,335,1,0.01,145.23600000,145.93300000,110.80100,0.00
1495029101,-697.00,20261001,1,335,0,0.01,145.93300000,145.93300000,110.80100,-697.00
1495107900,0.00,20261001,0,337,0,0.01,144.70000000,143.57700000,111.47500,0.00
1495137600,0.00,20260610,0,338,1,0.01,110.96700000,111.46700000,111.47500,0.00
1495137600,-525.00,20261001,1,337,1,0.01,144.17500000,143.57700000,111.47500,-525.00
1495140881,-500.00,20260610,1,338,0,0.01,111.46700000,111.46700000,111.47500,-500.00
1495189800,0.00,20261001,0,341,0,0.01,144.64100000,143.93200000,111.22800,0.00
1495224000,470.00,20261001,1,341,1,0.01,145.11100000,143.93200000,111.22800,470.00
1495449900,0.00,20261001,0,343,1,0.06,144.17700000,144.91200000,111.29500,0.00
1495458162,-4470.00,20261001,1,343,0,0.06,144.92200000,144.91200000,111.29500,-4470.00
1495532700,0.00,20261001,0,345,1,0.01,143.96700000,144.57500000,111.76500,0.00
1495535680,-609.00,20261001,1,345,0,0.01,144.57600000,144.57500000,111.76500,-609.00
1495704600,0.00,20261001,0,347,0,0.01,145.13500000,144.62700000,111.83200,0.00
1495742400,-354.00,20261001,1,347,1,0.01,144.78100000,144.62700000,111.83200,-354.00
1495793700,0.00,20261000,0,349,1,0.01,111.26600000,111.84400000,111.25300,0.00
1495836000,76.00,20261000,1,349,0,0.01,111.19000000,111.84400000,111.25300,76.00
1496056500,0.00,20261001,0,351,0,0.01,142.95900000,142.41800000,111.24400,0.00
1496088000,-114.00,20261001,1,351,1,0.01,142.84500000,142.41800000,111.24400,-114.00
1496142000,0.00,20260605,0,353,1,0.01,1.11401000,1.11651000,110.82900,0.00
1496149051,-278.00,20260605,1,353,0,0.01,1.11651000,1.11651000,110.82900,-278.00
1496163600,0.00,20260605,0,355,0,0.01,1.11916000,1.11666000,110.82900,0.00
1496219976,-285.00,20260605,1,355,1,0.01,1.11666000,1.11666000,110.77700,-285.00
1496231100,0.00,20261001,0,357,1,0.01,141.60200000,142.46700000,110.77700,0.00
1496242840,-869.00,20261001,1,357,0,0.01,142.47100000,142.46700000,110.77700,-869.00
1496316600,0.00,20261001,0,359,0,0.06,143.09000000,142.61000000,111.35100,0.00
1496321720,-2886.00,20261001,1,359,1,0.06,142.60900000,142.61000000,111.35100,-2886.00
1496365200,0.00,20260605,0,361,0,0.01,1.12145000,1.11895000,110.35100,0.00
1496365200,5910.00,20260650,1,2,1,0.03,82.13000000,0.00000000,110.35100,5910.00
1496743200,0.00,20261001,0,363,1,0.01,141.69900000,142.45200000,109.40800,0.00
1496779200,694.00,20261001,1,363,0,0.01,141.00500000,142.45200000,109.40800,694.00
1496835000,0.00,20261000,0,365,1,0.02,109.19100000,109.62700000,109.81500,0.00
1496853390,-874.00,20261000,1,365,0,0.02,109.62800000,109.62700000,109.81500,-874.00
1496937600,0.00,20260610,0,367,1,0.01,110.05000000,110.55000000,110.03700,0.00
1496975951,-311.00,20260605,1,361,1,0.01,1.11894000,1.11895000,110.30400,-311.00
1497002400,0.00,20260629,0,369,1,0.01,1.11890000,0.00000000,110.30400,0.00
1497002400,0.00,20260629,0,370,0,0.01,1.26657000,0.00000000,110.30400,0.00
1497003300,0.00,20261000,0,371,0,0.01,110.44400000,109.72000000,110.30400,0.00
1497009600,0.00,20260605,0,372,1,0.01,1.11759000,1.12009000,110.30400,0.00
1497009600,0.00,20260774,0,373,1,0.01,1.27182000,1.27682000,110.30400,0.00
1497014500,-552.00,20260774,1,373,0,0.01,1.27682000,1.27682000,110.30400,-552.00
1497023320,-525.00,20260610,1,367,0,0.01,110.55000000,110.55000000,110.30400,-525.00
1497037985,-276.00,20260605,1,372,0,0.01,1.12009000,1.12009000,110.30400,-276.00
1497045600,-278.00,20261000,1,371,1,0.01,110.16600000,109.72000000,110.30400,-278.00
1497267000,0.00,20261000,0,378,1,0.01,110.00700000,110.43600000,109.93800,0.00
1497267000,0.00,20261001,0,379,1,0.06,140.02800000,140.66900000,109.93800,0.00
1497292726,6936.00,20261001,1,379,0,0.06,138.87200000,140.66900000,109.93800,6936.00
1497297600,0.00,20260610,0,381,1,0.01,109.68500000,110.18500000,109.93800,0.00
1497304800,201.00,20261000,1,378,0,0.01,109.80600000,110.43600000,109.93800,201.00
1497348699,-525.00,20260610,1,381,0,0.01,110.18500000,110.18500000,110.05800,-525.00
1497349800,0.00,20261000,0,384,0,0.01,110.20100000,109.81900000,110.05800,0.00
1497391200,-235.00,20261000,1,384,1,0.01,109.96600000,109.81900000,110.05800,-235.00
1497456000,0.00,20260605,0,386,0,0.01,1.12634000,1.12384000,109.56800,0.00
1497476060,-275.00,20260605,1,386,1,0.01,1.12384000,1.12384000,109.56800,-275.00
1497477600,0.00,20260605,0,388,1,0.01,1.12150000,1.12400000,109.56800,0.00
1497524400,0.00,20261001,0,389,1,0.01,139.36900000,139.85400000,110.94300,0.00
1497535224,-485.00,20261001,1,389,0,0.01,139.85400000,139.85400000,110.94300,-485.00
1497574800,0.00,20260650,0,391,0,0.03,84.05700000,0.00000000,110.82400,0.00
1497606300,0.00,20261001,0,392,0,0.01,142.27800000,141.50700000,110.82400,0.00
1497631097,-780.00,20261001,1,392,1,0.01,141.49800000,141.50700000,110.82400,-780.00
1497867300,0.00,20261001,0,394,0,0.01,142.09700000,141.43700000,111.52100,0.00
1497902400,-113.00,20261001,1,394,1,0.01,141.98400000,141.43700000,111.52100,-113.00
1498438800,270.00,20260605,1,388,0,0.01,1.11934000,1.12400000,111.85600,270.00
1498438800,0.00,20260605,0,397,0,0.01,1.11934000,1.11684000,111.85600,0.00
1498555800,0.00,20261000,0,398,1,0.01,111.66700000,112.07200000,112.35200,0.00
1498581377,1181.00,20260605,1,397,1,0.01,1.12996000,1.11684000,112.35200,1181.00
1498582800,0.00,20260605,0,400,0,0.01,1.12884000,1.12634000,112.35200,0.00
1498582839,-405.00,20261000,1,398,0,0.01,112.07200000,112.07200000,112.35200,-405.00
1498648500,0.00,20261000,0,402,1,0.01,111.89800000,112.33100000,112.32300,0.00
1498672800,3068.00,20260629,1,370,1,0.01,1.29404000,0.00000000,112.32300,3068.00
1498672800,-1906.00,20260629,1,369,0,0.01,1.13636000,0.00000000,112.32300,-1906.00
1498684113,-433.00,20261000,1,402,0,0.01,112.33100000,112.33100000,112.32300,-433.00
1498710156,1165.00,20260605,1,400,1,0.01,1.13934000,1.12634000,112.16600,1165.00
1498734900,0.00,20261000,0,407,0,0.02,112.57900000,112.15500000,112.16600,0.00
1498752000,0.00,20260774,0,408,0,0.01,1.29680000,1.29180000,112.16600,0.00
1498765158,-848.00,20261000,1,407,1,0.02,112.15500000,112.15500000,112.16600,-848.00
1499073300,0.00,20261001,0,410,0,0.01,146.35000000,145.87700000,113.43900,0.00
1499077800,0.00,20261000,0,411,0,0.01,112.72500000,112.11200000,113.43900,0.00
1499112000,557.00,20261001,1,410,1,0.01,146.90700000,145.87700000,113.43900,557.00
1499119200,661.00,20261000,1,411,1,0.01,113.38600000,112.11200000,113.43900,661.00
1499140800,0.00,20260610,0,414,0,0.01,113.17600000,112.67600000,113.27300,0.00
1499168294,-569.00,20260774,1,408,1,0.01,1.29180000,1.29180000,113.27300,-569.00
1499251500,0.00,20261000,0,416,0,0.02,113.55000000,112.82000000,113.23700,0.00
1499251500,0.00,20261001,0,417,0,0.01,146.60800000,146.08900000,113.23700,0.00
1499275153,-519.00,20261001,1,417,1,0.01,146.08900000,146.08900000,113.23700,-519.00
1499292000,-414.00,20261000,1,416,1,0.02,113.34300000,112.82000000,113.23700,-414.00
1499336100,0.00,20261001,0,420,0,0.06,146.54600000,146.12900000,113.18600,0.00
1499359781,-2502.00,20261001,1,420,1,0.06,146.12900000,146.12900000,113.18600,-2502.00
1499457600,0.00,20260774,0,422,0,0.01,1.28870000,1.28370000,113.85900,0.00
1499678100,0.00,20261001,0,423,0,0.01,147.36100000,146.78000000,114.02700,0.00
1499681355,1141.00,20260610,1,414,1,0.01,114.27700000,112.67600000,114.02700,1141.00
1499681700,0.00,20261000,0,425,0,0.01,114.28200000,113.83700000,114.02700,0.00
1499690500,-581.00,20261001,1,423,1,0.01,146.78000000,146.78000000,114.02700,-581.00
1499724000,-233.00,20261000,1,425,1,0.01,114.04900000,113.83700000,114.02700,-233.00
1499764500,0.00,20261001,0,428,0,0.01,147.40200000,146.92300000,113.92300,0.00
1499789311,-480.00,20261001,1,428,1,0.01,146.92200000,146.92300000,113.92300,-480.00
1499792400,0.00,20260605,0,430,0,0.01,1.14083000,1.13833000,113.92300,0.00
1499796399,-576.00,20260774,1,422,1,0.01,1.28367000,1.28370000,113.92300,-576.00
1499850900,0.00,20261001,0,432,1,0.01,145.42000000,146.24700000,113.12300,0.00
1499870729,-827.00,20261001,1,432,0,0.01,146.24700000,146.24700000,113.12300,-827.00
1499918400,0.00,20260774,0,434,0,0.01,1.29009000,1.28509000,113.26300,0.00
1499940000,0.00,20261001,0,435,0,0.01,146.38800000,145.69800000,113.26300,0.00
1499953587,-300.00,20260605,1,430,1,0.01,1.13832000,1.13833000,113.26300,-300.00
1499954400,0.00,20260605,0,437,1,0.01,1.13879000,1.14129000,113.26300,0.00
1499956625,-285.00,20260605,1,437,0,0.01,1.14129000,1.14129000,113.26300,-285.00
1499958000,0.00,20260605,0,439,0,0.01,1.14109000,1.13859000,113.26300,0.00
1499971843,-285.00,20260605,1,439,1,0.01,1.13859000,1.13859000,113.26300,-285.00
1499976000,33.00,20261001,1,435,1,0.01,146.42100000,145.69800000,113.26300,33.00
1500047979,1255.00,20260774,1,434,1,0.01,1.30110000,1.28509000,112.52800,1255.00
1500375600,0.00,20261001,0,443,0,0.06,147.25600000,146.70000000,112.03000,0.00
1500377404,-3342.00,20261001,1,443,1,0.06,146.69900000,146.70000000,112.03000,-3342.00
1500378300,0.00,20261001,0,445,1,0.01,146.32800000,147.01100000,112.03000,0.00
1500408000,133.00,20261001,1,445,0,0.01,146.19500000,147.01100000,112.03000,133.00
1500547500,0.00,20261000,0,447,0,0.01,112.28600000,111.76700000,111.87200,0.00
1500572429,-529.00,20261000,1,447,1,0.01,111.75700000,111.76700000,111.87200,-529.00
1500637500,0.00,20261000,0,449,1,0.01,111.71200000,112.07400000,111.12200,0.00
1500674400,675.00,20261000,1,449,0,0.01,111.03700000,112.07400000,111.12200,675.00
1500975000,0.00,20261001,0,451,1,0.06,144.51600000,144.89300000,111.93900,0.00
1500980022,-2268.00,20261001,1,451,0,0.06,144.89400000,144.89300000,111.93900,-2268.00
1500982200,0.00,20261001,0,453,0,0.01,145.05500000,144.64600000,111.93900,0.00
1500998235,736.00,20261001,1,453,1,0.01,145.79100000,144.64600000,111.93900,736.00
1501063200,0.00,20261001,0,455,1,0.01,145.57700000,145.92600000,111.14000,0.00
1501076369,-350.00,20261001,1,455,0,0.01,145.92700000,145.92600000,111.14000,-350.00
1501147800,0.00,20261001,0,457,0,0.01,146.02700000,145.54500000,111.30000,0.00
1501184501,-482.00,20261001,1,457,1,0.01,145.54500000,145.54500000,111.30000,-482.00
1501242300,0.00,20261001,0,459,0,0.06,145.47900000,145.08400000,110.64000,0.00
1501272000,-330.00,20261001,1,459,1,0.06,145.42400000,145.08400000,110.64000,-330.00
1501660800,0.00,20260610,0,461,1,0.01,110.83600000,111.33600000,110.74100,0.00
1501669800,0.00,20261001,0,462,0,0.01,146.50300000,145.77000000,110.74100,0.00
1501704000,-345.00,20261001,1,462,1,0.01,146.15800000,145.77000000,110.74100,-345.00
1501760700,0.00,20261001,0,464,0,0.06,146.69300000,146.18300000,109.97900,0.00
1501768820,-3066.00,20261001,1,464,1,0.06,146.18200000,146.18300000,109.97900,-3066.00
1501772400,0.00,20260629,0,466,1,0.01,1.18540000,0.00000000,109.97900,0.00
1501772400,0.00,20260629,0,467,0,0.01,1.31443000,0.00000000,109.97900,0.00
1501776000,-296.00,20260629,1,467,1,0.01,1.31175000,0.00000000,109.97900,-296.00
1501776000,-63.00,20260629,1,466,0,0.01,1.18597000,0.00000000,109.97900,-63.00
1501779600,0.00,20260629,0,470,1,0.01,1.18532000,0.00000000,109.97900,0.00
1501779600,0.00,20260629,0,471,0,0.01,1.31251000,0.00000000,109.97900,0.00
1501783200,196.00,20260629,1,471,1,0.01,1.31429000,0.00000000,109.97900,196.00
1501783200,-287.00,20260629,1,470,0,0.01,1.18793000,0.00000000,109.97900,-287.00
1501786800,0.00,20260629,0,474,1,0.01,1.18789000,0.00000000,109.97900,0.00
1501786800,0.00,20260629,0,475,0,0.01,1.31432000,0.00000000,109.97900,0.00
1502277030,975.00,20260610,1,461,0,0.01,109.73600000,111.33600000,110.03200,975.00
1502359200,0.00,20260605,0,477,1,0.01,1.17314000,1.17564000,109.22600,0.00
1502359200,0.00,20261001,0,478,1,0.01,142.64200000,143.18800000,109.22600,0.00
1502387380,-277.00,20260605,1,477,0,0.01,1.17566000,1.17564000,109.22600,-277.00
1502395200,776.00,20261001,1,478,0,0.01,141.86600000,143.18800000,109.22600,776.00
1502442900,0.00,20261001,0,481,0,0.01,141.80200000,141.44900000,109.16300,0.00
1502450432,-355.00,20261001,1,481,1,0.01,141.44700000,141.44900000,109.16300,-355.00
1502451900,0.00,20261001,0,483,1,0.06,141.33500000,141.68400000,109.16300,0.00
1502461172,-2100.00,20261001,1,483,0,0.06,141.68500000,141.68400000,109.16300,-2100.00
1502470800,0.00,20260605,0,485,0,0.01,1.17986000,1.17736000,109.16300,0.00
1502474400,-69.00,20260605,1,485,1,0.01,1.17923000,1.17736000,109.16300,-69.00
1502474400,0.00,20260605,0,487,1,0.01,1.17923000,1.18173000,109.16300,0.00
1502478159,-274.00,20260605,1,487,0,0.01,1.18173000,1.18173000,109.16300,-274.00
1502708400,0.00,20261000,0,489,0,0.01,109.74800000,109.03200000,109.65400,0.00
1502748000,-134.00,20261000,1,489,1,0.01,109.61400000,109.03200000,109.65400,-134.00
1502899200,0.00,20260774,0,491,1,0.01,1.28621000,1.29121000,110.18500,0.00
1503050400,0.00,20261000,0,492,1,0.01,109.13900000,109.58300000,109.14400,0.00
1503051300,0.00,20261001,0,493,1,0.01,140.56100000,140.99100000,109.14400,0.00
1503057098,-550.00,20260774,1,491,0,0.01,1.29124000,1.29121000,109.14400,-550.00
1503085419,-444.00,20261000,1,492,0,0.01,109.58300000,109.58300000,109.14400,-444.00
1503086400,-247.00,20261001,1,493,0,0.01,140.80800000,140.99100000,109.14400,-247.00
1503307800,0.00,20261001,0,497,1,0.06,140.37100000,140.75000000,108.99100,0.00
1503324000,0.00,20260605,0,498,0,0.01,1.17588000,1.17338000,108.99100,0.00
1503345600,-768.00,20261001,1,497,0,0.06,140.49900000,140.75000000,108.99100,-768.00
1503471600,-1.00,20260605,1,498,1,0.01,1.17600000,1.17338000,109.02600,-1.00
1503471600,0.00,20260605,0,501,1,0.01,1.17600000,1.17850000,109.02600,0.00
1503486000,-237.00,20260605,1,501,0,0.01,1.17816000,1.17850000,109.02600,-237.00
1503486000,0.00,20260605,0,503,0,0.01,1.17816000,1.17566000,109.02600,0.00
1503486000,0.00,20261001,0,504,1,0.01,140.18600000,140.66200000,109.02600,0.00
1503518400,541.00,20261001,1,504,0,0.01,139.64500000,140.66200000,109.02600,541.00
1503567900,0.00,20261001,0,506,0,0.06,139.72700000,139.35900000,109.56300,0.00
1503574200,0.00,20261000,0,507,0,0.01,109.34200000,108.84400000,109.56300,0.00
1503587094,3972.00,20261001,1,506,1,0.06,140.38900000,139.35900000,109.56300,3972.00
1503604800,0.00,20260627,0,509,1,0.01,139.84800000,140.69100000,109.56300,0.00
1503612000,146.00,20261000,1,507,1,0.01,109.48800000,108.84400000,109.56300,146.00
1503668138,-870.00,20260627,1,509,0,0.01,140.69100000,140.69100000,109.34800,-870.00
1503691199,1137.00,20260605,1,503,1,0.01,1.18867000,1.17566000,109.34800,1137.00
1503691200,0.00,20260605,0,513,0,0.01,1.18875000,1.18625000,109.34800,0.00
1503979200,0.00,20260774,0,514,1,0.01,1.29304000,1.29804000,109.63100,0.00
1503999244,1136.00,20260605,1,513,1,0.01,1.19925000,1.18625000,109.63100,1136.00
1504084500,0.00,20261001,0,516,0,0.01,142.07900000,141.63600000,110.32500,0.00
1504085400,0.00,20261000,0,517,0,0.01,110.03500000,109.53700000,110.32500,0.00
1504123200,543.00,20261001,1,516,1,0.01,142.62200000,141.63600000,110.32500,543.00
1504130400,331.00,20261000,1,517,1,0.01,110.36600000,109.53700000,110.32500,331.00
1504279840,-555.00,20260774,1,514,0,0.01,1.29804000,1.29804000,110.24700,-555.00
1504281600,-1878.00,20260629,1,475,1,0.01,1.29750000,0.00000000,110.24700,-1878.00
1504281600,-220.00,20260629,1,474,0,0.01,1.19064000,0.00000000,110.24700,-220.00
1504517400,0.00,20261000,0,523,1,0.02,109.43800000,109.93000000,109.67300,0.00
1504517400,0.00,20261001,0,524,1,0.06,141.76700000,142.36100000,109.67300,0.00
1504555200,186.00,20261001,1,524,0,0.06,141.73600000,142.36100000,109.67300,186.00
1504562400,-452.00,20261000,1,523,0,0.02,109.66400000,109.93000000,109.67300,-452.00
1504699200,0.00,20260774,0,527,0,0.01,1.30432000,1.29932000,109.27100,0.00
1504779300,0.00,20261001,0,528,1,0.01,142.11000000,142.46900000,108.52900,0.00
1504791100,-360.00,20261001,1,528,0,0.01,142.47000000,142.46900000,108.52900,-360.00
1504803600,0.00,20260605,0,530,0,0.01,1.20004000,1.19754000,108.52900,0.00
1504863900,0.00,20261001,0,531,1,0.01,141.45200000,142.00800000,107.83400,0.00
1504873246,1204.00,20260774,1,527,1,0.01,1.31532000,1.29932000,107.83400,1204.00
1504884508,-562.00,20261001,1,531,0,0.01,142.01400000,142.00800000,107.83400,-562.00
1505123100,0.00,20261001,0,534,0,0.01,143.18600000,142.63300000,109.48600,0.00
1505146122,-289.00,20260605,1,530,1,0.01,1.19753000,1.19754000,109.48600,-289.00
1505149200,0.00,20260605,0,536,0,0.01,1.19884000,1.19634000,109.48600,0.00
1505155877,-276.00,20260605,1,536,1,0.01,1.19632000,1.19634000,109.48600,-276.00
1505160000,0.00,20260605,0,538,0,0.01,1.19702000,1.19452000,109.48600,0.00
1505160000,560.00,20261001,1,534,1,0.01,143.74600000,142.63300000,109.48600,560.00
1505215800,0.00,20261000,0,540,0,0.01,109.69100000,109.23500000,110.16100,0.00
1505223869,-290.00,20260605,1,538,1,0.01,1.19444000,1.19452000,110.16100,-290.00
1505253600,411.00,20261000,1,540,1,0.01,110.10200000,109.23500000,110.16100,411.00
1505297700,0.00,20261001,0,543,0,0.01,146.65100000,146.26000000,110.47500,0.00
1505301878,-391.00,20261001,1,543,1,0.01,146.26000000,146.26000000,110.47500,-391.00
1505303100,0.00,20261001,0,545,1,0.06,146.00000000,146.51000000,110.47500,0.00
1505326500,-3390.00,20261001,1,545,0,0.06,146.56500000,146.51000000,110.47500,-3390.00
1505358000,0.00,20260605,0,547,1,0.01,1.18880000,1.19130000,110.23500,0.00
1505386416,-275.00,20260605,1,547,0,0.01,1.19130000,1.19130000,110.23500,-275.00
1505388600,0.00,20261001,0,549,1,0.06,145.75500000,146.14100000,110.23500,0.00
1505397640,-2334.00,20261001,1,549,0,0.06,146.14400000,146.14100000,110.23500,-2334.00
1505426400,0.00,20260605,0,551,1,0.01,1.19128000,1.19378000,110.23500,0.00
1505462400,0.00,20260610,0,552,0,0.01,110.39700000,109.89700000,110.83700,0.00
1505468700,0.00,20261000,0,553,0,0.01,110.69000000,109.55000000,110.83700,0.00
1505476361,-274.00,20260605,1,551,0,0.01,1.19379000,1.19378000,110.83700,-274.00
1505491200,0.00,20260605,0,555,0,0.01,1.19792000,1.19542000,110.83700,0.00
1505500596,-279.00,20260605,1,555,1,0.01,1.19541000,1.19542000,110.83700,-279.00
1505505600,0.00,20260605,0,557,1,0.01,1.19450000,1.19700000,110.83700,0.00
1505512800,180.00,20261000,1,553,1,0.01,110.87000000,109.55000000,110.83700,180.00
1505727000,0.00,20261001,0,559,0,0.01,151.32600000,150.67500000,111.56400,0.00
1505738189,-651.00,20261001,1,559,1,0.01,150.67500000,150.67500000,111.56400,-651.00
1505743347,-274.00,20260605,1,557,0,0.01,1.19700000,1.19700000,111.56400,-274.00
1505756308,1110.00,20260610,1,552,1,0.01,111.49700000,109.89700000,111.56400,1110.00
1505764800,0.00,20260610,0,563,0,0.01,111.60200000,111.10200000,111.56400,0.00
1505821500,0.00,20261001,0,564,1,0.06,150.35500000,151.34400000,111.58800,0.00
1505851200,-2304.00,20261001,1,564,0,0.06,150.73900000,151.34400000,111.58800,-2304.00
1505944800,0.00,20260605,0,566,1,0.01,1.18902000,1.19152000,112.21200,0.00
1505987100,0.00,20261001,0,567,0,0.01,152.16700000,151.49100000,112.45700,0.00
1505987429,1131.00,20260610,1,563,1,0.01,112.70300000,111.10200000,112.45700,1131.00
1505992288,-278.00,20260605,1,566,0,0.01,1.19152000,1.19152000,112.45700,-278.00
1505995074,-676.00,20261001,1,567,1,0.01,151.49100000,151.49100000,112.45700,-676.00
1506085200,0.00,20260605,0,571,0,0.01,1.20004000,1.19754000,111.96300,0.00
1506086066,-282.00,20260605,1,571,1,0.01,1.19754000,1.19754000,111.96300,-282.00
1506110400,0.00,20260605,0,573,1,0.01,1.19445000,1.19695000,111.96300,0.00
1506367203,1187.00,20260605,1,573,0,0.01,1.18395000,1.19695000,111.72800,1187.00
1506507300,0.00,20261000,0,575,0,0.01,112.77300000,112.21300000,112.82500,0.00
1506549600,-43.00,20261000,1,575,1,0.01,112.73000000,112.21300000,112.82500,-43.00
1506941100,0.00,20261000,0,577,0,0.01,113.06800000,112.44900000,112.75200,0.00
1506981600,-406.00,20261000,1,577,1,0.01,112.66200000,112.44900000,112.75200,-406.00
1507541400,0.00,20261001,0,579,0,0.01,147.61700000,147.06700000,112.68900,0.00
1507579200,492.00,20261001,1,579,1,0.01,148.10900000,147.06700000,112.68900,492.00
1507611600,0.00,20260605,0,581,0,0.01,1.17815000,1.17565000,112.43600,0.00
1507634100,0.00,20261000,0,582,1,0.01,112.41800000,112.82700000,112.43600,0.00
1507672800,3.00,20261000,1,582,0,0.01,112.41500000,112.82700000,112.43600,3.00
1507887900,0.00,20261000,0,584,1,0.01,111.91900000,112.30400000,111.79900,0.00
1507908582,-392.00,20261000,1,584,0,0.01,112.31100000,112.30400000,111.79900,-392.00
1508145300,0.00,20261001,0,586,1,0.06,148.53400000,148.87800000,112.18600,0.00
1508149800,0.00,20261000,0,587,1,0.02,111.67200000,112.07800000,112.18600,0.00
1508161440,-2088.00,20261001,1,586,0,0.06,148.88200000,148.87800000,112.18600,-2088.00
1508185897,-812.00,20261000,1,587,0,0.02,112.07800000,112.07800000,112.18600,-812.00
1508232305,-315.00,20260605,1,581,1,0.01,1.17565000,1.17565000,112.19600,-315.00
1508238900,0.00,20261001,0,591,0,0.01,149.15300000,148.42000000,112.19600,0.00
1508247639,-733.00,20261001,1,591,1,0.01,148.42000000,148.42000000,112.19600,-733.00
1508252400,0.00,20260605,0,593,1,0.01,1.17630000,1.17880000,112.19600,0.00
1508320800,0.00,20261000,0,594,0,0.01,112.44700000,112.13300000,112.92700,0.00
1508354412,-278.00,20260605,1,593,0,0.01,1.17880000,1.17880000,112.92700,-278.00
1508364000,447.00,20261000,1,594,1,0.01,112.89400000,112.13300000,112.92700,447.00
1508406300,0.00,20261001,0,597,0,0.01,149.41100000,149.09600000,112.53400,0.00
1508407777,-316.00,20261001,1,597,1,0.01,149.09500000,149.09600000,112.53400,-316.00
1508409000,0.00,20261001,0,599,1,0.06,148.89500000,149.32300000,112.53400,0.00
1508409900,0.00,20261000,0,600,1,0.02,112.78700000,113.09200000,112.53400,0.00
1508412640,4644.00,20261001,1,599,0,0.06,148.12100000,149.32300000,112.53400,4644.00
1508450400,166.00,20261000,1,600,0,0.02,112.70400000,113.09200000,112.53400,166.00
1508494500,0.00,20261001,0,603,0,0.01,148.72000000,148.10200000,113.49500,0.00
1508529600,857.00,20261001,1,603,1,0.01,149.57700000,148.10200000,113.49500,857.00
1508757300,0.00,20261001,0,605,1,0.06,149.82900000,150.39200000,113.43100,0.00
1508788800,-1578.00,20261001,1,605,0,0.06,150.09200000,150.39200000,113.43100,-1578.00
1508836500,0.00,20261001,0,607,0,0.01,150.00400000,149.65900000,113.89200,0.00
1508840100,0.00,20261000,0,608,0,0.01,113.70100000,113.24700000,113.89200,0.00
1508860800,0.00,20260622,0,609,0,0.02,113.87000000,113.24500000,113.89200,0.00
1508864258,-345.00,20261001,1,607,1,0.01,149.65900000,149.65900000,113.89200,-345.00
1508882400,-127.00,20261000,1,608,1,0.01,113.57400000,113.24700000,113.89200,-127.00
1508926500,0.00,20261001,0,612,1,0.01,149.29000000,149.66300000,113.74000,0.00
1508927621,-373.00,20261001,1,612,0,0.01,149.66300000,149.66300000,113.74000,-373.00
1508931900,0.00,20261001,0,614,0,0.06,149.99600000,149.41700000,113.74000,0.00
1508938265,6252.00,20261001,1,614,1,0.06,151.03800000,149.41700000,113.74000,6252.00
1509015600,0.00,20260605,0,616,0,0.01,1.18232000,1.17982000,113.97000,0.00
1509018300,0.00,20261001,0,617,1,0.01,150.26300000,150.80300000,113.97000,0.00
1509029131,-284.00,20260605,1,616,1,0.01,1.17982000,1.17982000,113.97000,-284.00
1509030000,0.00,20260605,0,619,1,0.01,1.17684000,1.17934000,113.97000,0.00
1509048000,0.00,20260774,0,620,1,0.01,1.31758000,1.32258000,113.97000,0.00
1509048000,394.00,20261001,1,617,0,0.01,149.86900000,150.80300000,113.97000,394.00
1509050799,1198.00,20260605,1,619,0,0.01,1.16633000,1.17934000,113.97000,1198.00
1509362100,0.00,20261001,0,623,0,0.01,149.66900000,149.16600000,113.17400,0.00
1509388679,-1176.00,20260622,1,609,1,0.02,113.24200000,113.24500000,113.17400,-1176.00
1509393600,-250.00,20261001,1,623,1,0.01,149.41900000,149.16600000,113.17400,-250.00
1509457166,-569.00,20260774,1,620,0,0.01,1.32258000,1.32258000,113.63400,-569.00
1509480000,0.00,20260622,0,627,0,0.02,113.74800000,113.13400000,113.63400,0.00
1509529500,0.00,20261001,0,628,0,0.01,151.30100000,150.95500000,114.17500,0.00
1509549342,624.00,20261001,1,628,1,0.01,151.92500000,150.95500000,114.17500,624.00
1510051500,0.00,20261000,0,630,0,0.01,114.27500000,113.69400000,114.00100,0.00
1510053300,0.00,20261001,0,631,0,0.01,150.27700000,149.80600000,114.00100,0.00
1510062521,-472.00,20261001,1,631,1,0.01,149.80500000,149.80600000,114.00100,-472.00
1510092000,-404.00,20261000,1,630,1,0.01,113.87100000,113.69400000,114.00100,-404.00
1510134300,0.00,20261001,0,634,1,0.01,149.57300000,150.02400000,113.86500,0.00
1510152180,829.00,20261001,1,634,0,0.01,148.74400000,150.02400000,113.86500,829.00
1510225200,0.00,20260605,0,636,1,0.01,1.15940000,1.16190000,113.46900,0.00
1510225200,0.00,20261001,0,637,1,0.01,148.94200000,149.55000000,113.46900,0.00
1510233685,-284.00,20260605,1,636,0,0.01,1.16190000,1.16190000,113.46900,-284.00
1510236000,0.00,20260605,0,639,0,0.01,1.16449000,1.16199000,113.46900,0.00
1510241799,-284.00,20260605,1,639,1,0.01,1.16199000,1.16199000,113.46900,-284.00
1510243200,0.00,20260605,0,641,1,0.01,1.16042000,1.16292000,113.46900,0.00
1510246227,-287.00,20260605,1,641,0,0.01,1.16295000,1.16292000,113.46900,-287.00
1510256837,-1092.00,20260622,1,627,1,0.02,113.13200000,113.13400000,113.46900,-1092.00
1510257600,147.00,20261001,1,637,0,0.01,148.79500000,149.55000000,113.46900,147.00
1510564500,0.00,20261001,0,645,1,0.01,148.60800000,149.46900000,113.61700,0.00
1510603200,-384.00,20261001,1,645,0,0.01,148.99200000,149.46900000,113.61700,-384.00
1510738200,0.00,20261000,0,647,1,0.01,112.95900000,113.49500000,112.87200,0.00
1510746300,0.00,20261001,0,648,1,0.01,148.44200000,149.17800000,112.87200,0.00
1510776000,-560.00,20261001,1,648,0,0.01,149.00200000,149.17800000,112.87200,-560.00
1510783200,67.00,20261000,1,647,0,0.01,112.89200000,113.49500000,112.87200,67.00
1510824600,0.00,20261000,0,651,0,0.01,113.20900000,112.75800000,113.04800,0.00
1510833600,0.00,20260610,0,652,0,0.01,113.21800000,112.71800000,113.04800,0.00
1510848000,-206.00,20260610,1,652,1,0.01,113.01200000,112.71800000,113.04800,-206.00
1510848000,0.00,20260610,0,654,1,0.01,113.01200000,113.51200000,113.04800,0.00
1510851818,-451.00,20261000,1,651,1,0.01,112.75800000,112.75800000,113.04800,-451.00
1511139600,4866.00,20260650,1,391,1,0.03,84.75400000,0.00000000,112.61800,4866.00
1511141640,1061.00,20260610,1,654,0,0.01,111.90100000,113.51200000,112.61800,1061.00
1511172000,0.00,20261001,0,658,0,0.06,148.40000000,147.75600000,112.61800,0.00
1511208000,3486.00,20261001,1,658,1,0.06,148.98100000,147.75600000,112.61800,3486.00
1511251200,0.00,20260774,0,660,0,0.01,1.32471000,1.31971000,112.43100,0.00
1511347500,0.00,20261000,0,661,1,0.01,111.97500000,112.49100000,111.20600,0.00
1511388000,778.00,20261000,1,661,0,0.01,111.19700000,112.49100000,111.20600,778.00
1511436600,0.00,20261001,0,663,1,0.01,147.87900000,148.37300000,111.20000,0.00
1511467200,-67.00,20261001,1,663,0,0.01,147.94600000,148.37300000,111.20000,-67.00
1511515800,0.00,20261001,0,665,0,0.01,148.29200000,147.96300000,111.49000,0.00
1511546320,592.00,20261001,1,665,1,0.01,148.88400000,147.96300000,111.49000,592.00
1511546437,1222.00,20260774,1,660,1,0.01,1.33573000,1.31971000,111.49000,1222.00
1511777700,0.00,20261000,0,668,1,0.01,111.23500000,111.69000000,111.08500,0.00
1511778600,0.00,20261001,0,669,1,0.01,148.23400000,148.73900000,111.08500,0.00
1511812800,211.00,20261001,1,669,0,0.01,148.02300000,148.73900000,111.08500,211.00
1511820000,224.00,20261000,1,668,0,0.01,111.01100000,111.69000000,111.08500,224.00
1511948700,0.00,20261001,0,672,0,0.01,149.44700000,148.73400000,111.91800,0.00
1511985600,843.00,20261001,1,672,1,0.01,150.29000000,148.73400000,111.91800,843.00
1512036000,0.00,20261000,0,674,0,0.01,112.28800000,111.86300000,112.52700,0.00
1512036900,0.00,20261001,0,675,0,0.01,151.17700000,150.21100000,112.52700,0.00
1512057600,0.00,20260610,0,676,1,0.01,112.26900000,112.76900000,112.52700,0.00
1512061538,-426.00,20261000,1,674,1,0.01,111.86200000,111.86300000,112.52700,-426.00
1512072000,807.00,20261001,1,675,1,0.01,151.98400000,150.21100000,112.52700,807.00
1512143820,-536.00,20260610,1,676,0,0.01,112.78000000,112.76900000,112.14400,-536.00
1512379800,0.00,20261000,0,680,0,0.01,113.07400000,112.64400000,112.38700,0.00
1512422375,-430.00,20261000,1,680,1,0.01,112.64400000,112.64400000,112.38700,-430.00
1512507600,0.00,20260605,0,682,1,0.01,1.18069000,1.18319000,112.56400,0.00
1512513994,-282.00,20260605,1,682,0,0.01,1.18319000,1.18319000,112.56400,-282.00
1512547200,0.00,20260610,0,684,1,0.01,112.07900000,112.57900000,112.27900,0.00
1512552600,0.00,20261001,0,685,1,0.01,150.40800000,151.19700000,112.27900,0.00
1512590400,262.00,20261001,1,685,0,0.01,150.14600000,151.19700000,112.27900,262.00
1512633640,-525.00,20260610,1,684,0,0.01,112.57900000,112.57900000,113.08000,-525.00
1512728100,0.00,20261001,0,688,0,0.01,153.38900000,152.50400000,113.47300,0.00
1512729000,0.00,20261000,0,689,0,0.01,113.62400000,113.07700000,113.47300,0.00
1512742319,-887.00,20261001,1,688,1,0.01,152.50200000,152.50400000,113.47300,-887.00
1512770400,-109.00,20261000,1,689,1,0.01,113.51500000,113.07700000,113.47300,-109.00
1512988200,0.00,20261001,0,692,1,0.06,151.62700000,152.21600000,113.54800,0.00
1512991800,0.00,20261000,0,693,1,0.01,113.37300000,113.69000000,113.54800,0.00
1513022400,1038.00,20261001,1,692,0,0.06,151.45400000,152.21600000,113.54800,1038.00
1513029600,-141.00,20261000,1,693,0,0.01,113.51400000,113.69000000,113.54800,-141.00
1513108800,0.00,20260610,0,696,0,0.01,113.67700000,113.17700000,113.54100,0.00
1513143305,-490.00,20260610,1,696,1,0.01,113.17700000,113.17700000,112.53900,-490.00
1513195200,0.00,20260610,0,698,0,0.01,113.12800000,112.62800000,112.53900,0.00
1513202068,-500.00,20260610,1,698,1,0.01,112.62800000,112.62800000,112.53900,-500.00
1513248300,0.00,20261001,0,700,0,0.01,151.51000000,150.59300000,112.37800,0.00
1513281600,-601.00,20261001,1,700,1,0.01,150.90900000,150.59300000,112.37800,-601.00
1513588500,0.00,20261001,0,702,0,0.01,150.40100000,149.76700000,112.54000,0.00
1513627200,228.00,20261001,1,702,1,0.01,150.62900000,149.76700000,112.54000,228.00
1513681200,0.00,20260605,0,704,0,0.01,1.18052000,1.17802000,112.88400,0.00
1513731600,0.00,20260650,0,705,0,0.03,86.45300000,0.00000000,113.38700,0.00
1513770300,0.00,20261000,0,706,0,0.01,113.15200000,112.83900000,113.38700,0.00
1513807200,263.00,20261000,1,706,1,0.01,113.41500000,112.83900000,113.38700,263.00
1513848600,0.00,20261000,0,708,0,0.01,113.53000000,113.19800000,113.32400,0.00
1513893600,-188.00,20261000,1,708,1,0.01,113.34200000,113.19800000,113.32400,-188.00
1514394100,1149.00,20260605,1,704,1,0.01,1.19103000,1.17802000,113.34400,1149.00
1514544300,0.00,20261000,0,711,1,0.01,112.57600000,112.96800000,112.69500,0.00
1514544300,0.00,20261001,0,712,0,0.01,151.97500000,151.59800000,112.69500,0.00
1514577600,275.00,20261001,1,712,1,0.01,152.25000000,151.59800000,112.69500,275.00
1514584800,-75.00,20261000,1,711,0,0.01,112.65100000,112.96800000,112.69500,-75.00
1514887200,0.00,20261001,0,715,0,0.01,152.44700000,152.03900000,112.26800,0.00
1514889900,0.00,20261000,0,716,1,0.02,112.38800000,112.78400000,112.26800,0.00
1514894319,-408.00,20261001,1,715,1,0.01,152.03900000,152.03900000,112.26800,-408.00
1514930400,258.00,20261000,1,716,0,0.02,112.25900000,112.78400000,112.26800,258.00
1515061800,0.00,20261001,0,719,0,0.01,152.41400000,152.04500000,112.72800,0.00
1515096000,347.00,20261001,1,719,1,0.01,152.76100000,152.04500000,112.72800,347.00
1515148200,0.00,20261000,0,721,0,0.01,113.19000000,112.71900000,113.06200,0.00
1515189600,-48.00,20261000,1,721,1,0.01,113.14200000,112.71900000,113.06200,-48.00
1515405600,0.00,20261000,0,723,0,0.01,113.37200000,113.00800000,113.07900,0.00
1515411000,0.00,20261001,0,724,1,0.01,153.20500000,153.58200000,113.07900,0.00
1515422189,-364.00,20261000,1,723,1,0.01,113.00800000,113.00800000,113.07900,-364.00
1515434400,0.00,20260629,0,726,0,0.01,1.19753000,0.00000000,113.07900,0.00
1515434400,0.00,20260629,0,727,1,0.01,1.35805000,0.00000000,113.07900,0.00
1515441600,-124.00,20261001,1,724,0,0.01,153.32900000,153.58200000,113.07900,-124.00
1515492000,0.00,20261001,0,729,1,0.01,152.72100000,153.40300000,112.63100,0.00
1515528000,433.00,20261001,1,729,0,0.01,152.28800000,153.40300000,112.63100,433.00
1515625200,0.00,20260605,0,731,1,0.01,1.19564000,1.19814000,111.42500,0.00
1515681161,-279.00,20260605,1,731,0,0.01,1.19814000,1.19814000,111.24100,-279.00
1515682800,1080.00,20260629,1,727,0,0.01,1.34847000,0.00000000,111.24100,1080.00
1515682800,304.00,20260629,1,726,1,0.01,1.20041000,0.00000000,111.24100,304.00
1515686400,0.00,20260605,0,735,0,0.01,1.20313000,1.20063000,111.24100,0.00
1515750300,0.00,20261001,0,736,0,0.01,150.92100000,150.57400000,111.05300,0.00
1515756995,1180.00,20260605,1,735,1,0.01,1.21363000,1.20063000,111.05300,1180.00
1515764659,625.00,20261001,1,736,1,0.01,151.54600000,150.57400000,111.05300,625.00
1516013100,0.00,20261001,0,739,1,0.01,151.98200000,152.57200000,110.51700,0.00
1516017212,-599.00,20261001,1,739,0,0.01,152.58100000,152.57200000,110.51700,-599.00
1516356000,0.00,20261000,0,741,1,0.01,110.68800000,111.12700000,110.82700,0.00
1516361400,0.00,20261001,0,742,1,0.01,153.91500000,154.33300000,110.82700,0.00
1516377556,759.00,20261001,1,742,0,0.01,153.15600000,154.33300000,110.82700,759.00
1516399200,98.00,20261000,1,741,0,0.01,110.59000000,111.12700000,110.82700,98.00
1516704300,0.00,20261001,0,745,1,0.06,154.54000000,155.25400000,110.30200,0.00
1516737600,1092.00,20261001,1,745,0,0.06,154.35800000,155.25400000,110.30200,1092.00
1516791600,0.00,20261000,0,747,1,0.01,109.69100000,110.33500000,109.21900,0.00
1516831200,642.00,20261000,1,747,0,0.01,109.04900000,110.33500000,109.21900,642.00
1516875300,0.00,20261001,0,749,1,0.06,155.32200000,155.76500000,109.40300,0.00
1516876709,-2772.00,20261001,1,749,0,0.06,155.78400000,155.76500000,109.40300,-2772.00
1516958100,0.00,20261000,0,751,1,0.01,109.03000000,109.76900000,108.58300,0.00
1516967100,0.00,20261001,0,752,0,0.01,155.48500000,154.75700000,108.58300,0.00
1516985202,-728.00,20261001,1,752,1,0.01,154.75700000,154.75700000,108.58300,-728.00
1517004000,351.00,20261000,1,751,0,0.01,108.67900000,109.76900000,108.58300,351.00
1517306400,0.00,20261001,0,755,1,0.01,152.19800000,153.19000000,108.77500,0.00
1517315008,-992.00,20261001,1,755,0,0.01,153.19000000,153.19000000,108.77500,-992.00
1517479200,0.00,20261001,0,757,0,0.01,155.57700000,154.72600000,109.38500,0.00
1517515200,334.00,20261001,1,757,1,0.01,155.91100000,154.72600000,109.38500,334.00
1517824800,0.00,20261001,0,759,1,0.01,154.86500000,155.41600000,109.06000,0.00
1517860800,565.00,20261001,1,759,0,0.01,154.30000000,155.41600000,109.06000,565.00
1517904000,0.00,20260605,0,761,1,0.01,1.23758000,1.24008000,109.55500,0.00
1517908649,-272.00,20260605,1,761,0,0.01,1.24008000,1.24008000,109.55500,-272.00
1517913000,0.00,20261001,0,763,0,0.06,152.65400000,151.48400000,109.55500,0.00
1517931620,-7020.00,20261001,1,763,1,0.06,151.48400000,151.48400000,109.55500,-7020.00
1517997600,0.00,20261001,0,765,1,0.01,152.15600000,152.95000000,109.29800,0.00
1517998500,0.00,20261000,0,766,1,0.01,108.97800000,109.71100000,109.29800,0.00
1518033600,135.00,20261001,1,765,0,0.01,152.02100000,152.95000000,109.29800,135.00
1518040800,-424.00,20261000,1,766,0,0.01,109.40200000,109.71100000,109.29800,-424.00
1518051600,-2129.00,20260650,1,705,1,0.03,85.44400000,0.00000000,108.73800,-2129.00
1518167700,0.00,20261001,0,770,0,0.01,152.37000000,151.41500000,108.79600,0.00
1518172200,0.00,20261000,0,771,0,0.01,109.24700000,108.49500000,108.79600,0.00
1518182561,-972.00,20261001,1,770,1,0.01,151.39800000,151.41500000,108.79600,-972.00
1518202516,-753.00,20261000,1,771,1,0.01,108.49400000,108.49500000,108.79600,-753.00
1518513300,0.00,20261001,0,774,1,0.01,149.60400000,150.45700000,107.80800,0.00
1518515100,0.00,20261000,0,775,1,0.01,107.72100000,108.77700000,107.80800,0.00
1518552000,285.00,20261001,1,774,0,0.01,149.31900000,150.45700000,107.80800,285.00
1518559200,22.00,20261000,1,775,0,0.01,107.69900000,108.77700000,107.80800,22.00
1518595200,0.00,20260622,0,778,1,0.02,107.15600000,107.85900000,106.98700,0.00
1518692400,0.00,20260605,0,779,0,0.01,1.24915000,1.24665000,106.11400,0.00
1518702519,-267.00,20260605,1,779,1,0.01,1.24665000,1.24665000,106.11400,-267.00
1518761483,2714.00,20260622,1,778,0,0.02,105.74900000,107.85900000,106.25400,2714.00
1519056000,0.00,20260605,0,782,0,0.01,1.23728000,1.23478000,106.58400,0.00
1519121700,0.00,20261000,0,783,0,0.01,107.09600000,106.55600000,107.32200,0.00
1519121754,-274.00,20260605,1,782,1,0.01,1.23478000,1.23478000,107.32200,-274.00
1519164000,183.00,20261000,1,783,1,0.01,107.27900000,106.55600000,107.32200,183.00
1519209900,0.00,20261001,0,786,1,0.06,150.11600000,150.77500000,107.76800,0.00
1519243200,-1452.00,20261001,1,786,0,0.06,150.35800000,150.77500000,107.76800,-1452.00
1519294500,0.00,20261001,0,788,1,0.01,149.00300000,149.79200000,106.74400,0.00
1519311600,0.00,20260605,0,789,1,0.01,1.22704000,1.22954000,106.74400,0.00
1519314195,-269.00,20260605,1,789,0,0.01,1.22955000,1.22954000,106.74400,-269.00
1519315200,0.00,20260622,0,791,1,0.02,106.87500000,107.63500000,106.74400,0.00
1519322400,0.00,20260605,0,792,1,0.01,1.23220000,1.23470000,106.74400,0.00
1519329600,-100.00,20261001,1,788,0,0.01,149.10300000,149.79200000,106.74400,-100.00
1519645538,-258.00,20260605,1,792,0,0.01,1.23470000,1.23470000,106.90300,-258.00
1519754075,-1670.00,20260622,1,791,0,0.02,107.63500000,107.63500000,107.32600,-1670.00
1519984800,0.00,20261001,0,796,1,0.01,145.58800000,146.28400000,105.73000,0.00
1520006400,0.00,20260622,0,797,1,0.02,105.42100000,106.11500000,105.73000,0.00
1520020800,176.00,20261001,1,796,0,0.01,145.41200000,146.28400000,105.73000,176.00
1520236800,0.00,20260605,0,799,0,0.01,1.23190000,1.22940000,106.19200,0.00
1520239237,-264.00,20260605,1,799,1,0.01,1.22940000,1.22940000,106.19200,-264.00
1520241300,0.00,20261001,0,801,1,0.01,145.28600000,145.79200000,106.19200,0.00
1520246980,-506.00,20261001,1,801,0,0.01,145.79200000,145.79200000,106.19200,-506.00
1520251200,0.00,20260774,0,803,1,0.01,1.38162000,1.38662000,106.19200,0.00
1520273379,-529.00,20260774,1,803,0,0.01,1.38662000,1.38662000,106.19200,-529.00
1520278539,-1440.00,20260622,1,797,0,0.02,106.11600000,106.11500000,106.19200,-1440.00
1520327700,0.00,20261001,0,806,1,0.01,146.86400000,147.34900000,106.10800,0.00
1520332200,0.00,20261000,0,807,1,0.02,106.04500000,106.46300000,106.10800,0.00
1520337600,0.00,20260622,0,808,1,0.02,105.86100000,106.50500000,106.10800,0.00
1520342672,-487.00,20261001,1,806,0,0.01,147.35100000,147.34900000,106.10800,-487.00
1520373600,-350.00,20261000,1,807,0,0.02,106.22000000,106.46300000,106.10800,-350.00
1520422200,0.00,20261001,0,811,1,0.01,146.36600000,147.29900000,106.05500,0.00
1520445632,-933.00,20261001,1,811,0,0.01,147.29900000,147.29900000,106.05500,-933.00
1520560800,0.00,20260605,0,813,1,0.01,1.23070000,1.23320000,106.80600,0.00
1520563586,-1440.00,20260622,1,808,0,0.02,106.50600000,106.50500000,106.80600,-1440.00
1520578800,-72.00,20260605,1,813,0,0.01,1.23138000,1.23320000,106.80600,-72.00
1520578800,0.00,20260605,0,816,0,0.01,1.23138000,1.22888000,106.80600,0.00
1520590500,0.00,20261001,0,817,0,0.01,147.57400000,146.79400000,106.80600,0.00
1520608556,-266.00,20260605,1,816,1,0.01,1.22888000,1.22888000,106.80600,-266.00
1520625600,385.00,20261001,1,817,1,0.01,147.95900000,146.79400000,106.80600,385.00
1520934300,0.00,20261001,0,820,0,0.01,148.51100000,147.89900000,106.45900,0.00
1520939700,0.00,20261000,0,821,0,0.01,107.05900000,106.25300000,106.45900,0.00
1520971200,442.00,20261001,1,820,1,0.01,148.95300000,147.89900000,106.45900,442.00
1520978400,-525.00,20261000,1,821,1,0.01,106.53400000,106.25300000,106.45900,-525.00
1521027900,0.00,20261001,0,824,1,0.06,148.59400000,149.05100000,106.31300,0.00
1521049205,4992.00,20261001,1,824,0,0.06,147.76200000,149.05100000,106.31300,4992.00
1521114300,0.00,20261001,0,826,1,0.01,147.52700000,148.37100000,106.33600,0.00
1521133565,-850.00,20261001,1,826,0,0.01,148.37700000,148.37100000,106.33600,-850.00
1521147600,0.00,20260605,0,828,1,0.01,1.23028000,1.23278000,106.33600,0.00
1521193500,0.00,20261000,0,829,1,0.01,105.73700000,106.36300000,105.98300,0.00
1521194400,0.00,20261001,0,830,1,0.01,147.27200000,148.08000000,105.98300,0.00
1521198977,-268.00,20260605,1,828,0,0.01,1.23285000,1.23278000,105.98300,-268.00
1521230400,-603.00,20261001,1,830,0,0.01,147.87500000,148.08000000,105.98300,-603.00
1521237600,-303.00,20261000,1,829,0,0.01,106.04000000,106.36300000,105.98300,-303.00
1521459900,0.00,20261001,0,834,0,0.06,148.07000000,147.22500000,106.02600,0.00
1521468921,9192.00,20261001,1,834,1,0.06,149.60200000,147.22500000,106.02600,9192.00
1521538200,0.00,20261000,0,836,0,0.01,106.51800000,105.92700000,106.52700,0.00
1521538200,0.00,20261001,0,837,0,0.01,149.56000000,148.72200000,106.52700,0.00
1521576000,-527.00,20261001,1,837,1,0.01,149.03300000,148.72200000,106.52700,-527.00
1521583200,-4.00,20261000,1,836,1,0.01,106.51400000,105.92700000,106.52700,-4.00
1521669600,0.00,20260605,0,840,0,0.01,1.23459000,1.23209000,106.06300,0.00
1521720343,-277.00,20260605,1,840,1,0.01,1.23205000,1.23209000,105.31100,-277.00
1521723600,0.00,20260605,0,842,1,0.01,1.23179000,1.23429000,105.31100,0.00
1521793406,-262.00,20260605,1,842,0,0.01,1.23429000,1.23429000,104.73400,-262.00
1521806400,0.00,20260774,0,844,0,0.01,1.40946000,1.40446000,104.73400,0.00
1522058400,0.00,20261001,0,845,0,0.01,148.82500000,148.05500000,105.40300,0.00
1522059300,0.00,20261000,0,846,0,0.01,105.14300000,104.62800000,105.40300,0.00
1522066996,1155.00,20260774,1,844,1,0.01,1.42047000,1.40446000,105.40300,1155.00
1522094400,693.00,20261001,1,845,1,0.01,149.51800000,148.05500000,105.40300,693.00
1522101600,78.00,20261000,1,846,1,0.01,105.22100000,104.62800000,105.40300,78.00
1522143900,0.00,20261001,0,850,0,0.01,150.45100000,150.02600000,105.32700,0.00
1522146039,-425.00,20261001,1,850,1,0.01,150.02600000,150.02600000,105.32700,-425.00
1522147500,0.00,20261001,0,852,1,0.06,149.77200000,150.32900000,105.32700,0.00
1522180800,-324.00,20261001,1,852,0,0.06,149.82600000,150.32900000,105.32700,-324.00
1522228500,0.00,20261001,0,854,0,0.01,149.95800000,149.10600000,106.84500,0.00
1522267200,122.00,20261001,1,854,1,0.01,150.08000000,149.10600000,106.84500,122.00
1522320300,0.00,20261001,0,856,1,0.01,149.73900000,150.33400000,106.41900,0.00
1522324800,0.00,20260605,0,857,1,0.01,1.23069000,1.23319000,106.41900,0.00
1522333887,-263.00,20260605,1,857,0,0.01,1.23319000,1.23319000,106.41900,-263.00
1522353600,591.00,20261001,1,856,0,0.01,149.14800000,150.33400000,106.41900,591.00
1522666800,0.00,20261001,0,860,0,0.01,149.52200000,148.92000000,105.87900,0.00
1522694123,-610.00,20261001,1,860,1,0.01,148.91200000,148.92000000,105.87900,-610.00
1522747800,0.00,20261001,0,862,0,0.01,149.16300000,148.60500000,106.60300,0.00
1522749600,0.00,20260605,0,863,1,0.01,1.23230000,1.23480000,106.60300,0.00
1522754100,0.00,20261000,0,864,0,0.01,106.18800000,105.69000000,106.60300,0.00
1522785600,452.00,20261001,1,862,1,0.01,149.61500000,148.60500000,106.60300,452.00
1522792800,382.00,20261000,1,864,1,0.01,106.57000000,105.69000000,106.60300,382.00
1522839600,0.00,20261000,0,867,1,0.01,106.20400000,106.65400000,106.77200,0.00
1522876528,-450.00,20261000,1,867,0,0.01,106.65400000,106.65400000,106.77200,-450.00
1522925100,0.00,20261000,0,869,0,0.01,107.12300000,106.71000000,107.38000,0.00
1522929600,0.00,20260774,0,870,0,0.01,1.40405000,1.39905000,107.38000,0.00
1522951060,-537.00,20260774,1,870,1,0.01,1.39905000,1.39905000,107.38000,-537.00
1522965600,315.00,20261000,1,869,1,0.01,107.43800000,106.71000000,107.38000,315.00
1523010516,1140.00,20260605,1,863,0,0.01,1.22180000,1.23480000,106.94400,1140.00
1523265300,0.00,20261001,0,874,0,0.01,150.97500000,150.57500000,106.74500,0.00
1523304000,177.00,20261001,1,874,1,0.01,151.15200000,150.57500000,106.74500,177.00
1523353500,0.00,20261001,0,876,0,0.01,151.55000000,150.86300000,107.19700,0.00
1523372400,0.00,20260605,0,877,0,0.01,1.23600000,1.23350000,107.19700,0.00
1523384738,-269.00,20260605,1,877,1,0.01,1.23350000,1.23350000,107.19700,-269.00
1523390400,0.00,20260610,0,879,0,0.01,107.22500000,106.72500000,107.19700,0.00
1523390400,122.00,20261001,1,876,1,0.01,151.67200000,150.86300000,107.19700,122.00
1523460603,-490.00,20260610,1,879,1,0.01,106.72500000,106.72500000,106.78500,-490.00
1523559600,0.00,20260605,0,882,0,0.01,1.23178000,1.22928000,107.30100,0.00
1523610900,0.00,20261000,0,883,0,0.01,107.56300000,107.20200000,107.37200,0.00
1523611800,0.00,20261001,0,884,0,0.01,153.13000000,152.67100000,107.37200,0.00
1523620800,0.00,20260610,0,885,0,0.01,107.61600000,107.11600000,107.37200,0.00
1523649600,-100.00,20261001,1,884,1,0.01,153.03000000,152.67100000,107.37200,-100.00
1523656800,-144.00,20261000,1,883,1,0.01,107.41900000,107.20200000,107.37200,-144.00
1523908465,-490.00,20260610,1,885,1,0.01,107.11600000,107.11600000,107.11300,-490.00
1524042900,0.00,20261001,0,889,0,0.01,153.62100000,152.97700000,107.22900,0.00
1524051027,-645.00,20261001,1,889,1,0.01,152.97600000,152.97700000,107.22900,-645.00
1524051900,0.00,20261001,0,891,1,0.06,152.33200000,153.44500000,107.22900,0.00
1524081600,36.00,20261001,1,891,0,0.06,152.32600000,153.44500000,107.22900,36.00
1524129300,0.00,20261001,0,893,0,0.01,152.66100000,152.30900000,107.36000,0.00
1524134019,-352.00,20261001,1,893,1,0.01,152.30900000,152.30900000,107.36000,-352.00
1524135600,0.00,20261001,0,895,1,0.06,152.20900000,152.55000000,107.36000,0.00
1524144419,-2046.00,20261001,1,895,0,0.06,152.55000000,152.55000000,107.36000,-2046.00
1524217500,0.00,20261001,0,897,1,0.06,151.09900000,151.59600000,107.65500,0.00
1524231691,-2982.00,20261001,1,897,0,0.06,151.59600000,151.59600000,107.65500,-2982.00
1524239897,-310.00,20260605,1,882,1,0.01,1.22922000,1.22928000,107.65500,-310.00
1524240000,0.00,20260605,0,900,1,0.01,1.22904000,1.23154000,107.65500,0.00
1524475800,0.00,20261001,0,901,0,0.01,151.32000000,150.82700000,108.70000,0.00
1524513600,189.00,20261001,1,901,1,0.01,151.50900000,150.82700000,108.70000,189.00
1524543878,1138.00,20260605,1,900,0,0.01,1.21849000,1.23154000,108.81200,1138.00
1524650400,0.00,20261000,0,904,0,0.01,109.16700000,108.78400000,109.42200,0.00
1524693600,179.00,20261000,1,904,1,0.01,109.34600000,108.78400000,109.42200,179.00
1524830400,0.00,20260774,0,906,1,0.01,1.38197000,1.38697000,109.05100,0.00
1525171500,0.00,20261000,0,907,0,0.01,109.46300000,109.23300000,109.85700,0.00
1525174235,1202.00,20260774,1,906,0,0.01,1.37097000,1.38697000,109.85700,1202.00
1525212000,332.00,20261000,1,907,1,0.01,109.79500000,109.23300000,109.85700,332.00
1525429800,0.00,20261001,0,910,1,0.01,147.88900000,148.21600000,109.07200,0.00
1525448791,593.00,20261001,1,910,0,0.01,147.29600000,148.21600000,109.07200,593.00
1525688100,0.00,20261000,0,912,0,0.01,109.28800000,108.75700000,109.08800,0.00
1525688100,0.00,20261001,0,913,0,0.01,147.95200000,147.45800000,109.08800,0.00
1525723200,-3.00,20261001,1,913,1,0.01,147.94900000,147.45800000,109.08800,-3.00
1525730400,-232.00,20261000,1,912,1,0.01,109.05600000,108.75700000,109.08800,-232.00
1525863600,0.00,20261001,0,916,0,0.01,148.48300000,147.84100000,109.74000,0.00
1525896000,167.00,20261001,1,916,1,0.01,148.65000000,147.84100000,109.74000,167.00
1525943700,0.00,20261001,0,918,0,0.01,149.04700000,148.62900000,109.38500,0.00
1525951001,-418.00,20261001,1,918,1,0.01,148.62900000,148.62900000,109.38500,-418.00
1526031000,0.00,20261001,0,920,1,0.06,147.74800000,148.07500000,109.38600,0.00
1526036715,-1962.00,20261001,1,920,0,0.06,148.07500000,148.07500000,109.38600,-1962.00
1526292900,0.00,20261001,0,922,0,0.01,148.59000000,148.01100000,109.64700,0.00
1526293800,0.00,20261000,0,923,0,0.01,109.52000000,109.20700000,109.64700,0.00
1526328000,0.00,20260605,0,924,0,0.01,1.19762000,1.19512000,109.64700,0.00
1526328000,54.00,20261001,1,922,1,0.01,148.64400000,148.01100000,109.64700,54.00
1526330936,-274.00,20260605,1,924,1,0.01,1.19512000,1.19512000,109.64700,-274.00
1526335200,143.00,20261000,1,923,1,0.01,109.66300000,109.20700000,109.64700,143.00
1526466600,0.00,20261000,0,928,1,0.01,110.12100000,110.38500000,110.39200,0.00
1526508000,-141.00,20261000,1,928,0,0.01,110.26200000,110.38500000,110.39200,-141.00
1526548500,0.00,20261001,0,930,0,0.01,149.64900000,148.92500000,110.74700,0.00
1526549400,0.00,20261000,0,931,0,0.02,110.49200000,110.07200000,110.74700,0.00
1526587200,-109.00,20261001,1,930,1,0.01,149.54000000,148.92500000,110.74700,-109.00
1526594400,526.00,20261000,1,931,1,0.02,110.75500000,110.07200000,110.74700,526.00
1526984100,0.00,20261000,0,934,0,0.02,111.17600000,110.83900000,110.89300,0.00
1526984100,0.00,20261001,0,935,0,0.06,149.37100000,148.85200000,110.89300,0.00
1527000217,-674.00,20261000,1,934,1,0.02,110.83900000,110.83900000,110.89300,-674.00
1527011165,-3114.00,20261001,1,935,1,0.06,148.85200000,148.85200000,110.89300,-3114.00
1527067800,0.00,20261001,0,938,1,0.01,147.92600000,148.79300000,110.06900,0.00
1527070500,0.00,20261000,0,939,1,0.01,110.29200000,110.91700000,110.06900,0.00
1527079302,1560.00,20261001,1,938,0,0.01,146.36600000,148.79300000,110.06900,1560.00
1527112800,216.00,20261000,1,939,0,0.01,110.07600000,110.91700000,110.06900,216.00
1527586200,0.00,20261001,0,942,1,0.01,144.76300000,145.53300000,108.75300,0.00
1527590700,0.00,20261000,0,943,1,0.01,108.81800000,109.46600000,108.75300,0.00
1527593465,1389.00,20261001,1,942,0,0.01,143.37400000,145.53300000,108.75300,1389.00
1527631200,577.00,20261000,1,943,0,0.01,108.24100000,109.46600000,108.75300,577.00
1527672600,0.00,20261001,0,946,0,0.01,144.39200000,143.73400000,108.90300,0.00
1527710400,372.00,20261001,1,946,1,0.01,144.76400000,143.73400000,108.90300,372.00
1527765300,0.00,20261001,0,948,0,0.01,145.06500000,144.30200000,108.80200,0.00
1527784265,-766.00,20261001,1,948,1,0.01,144.29900000,144.30200000,108.80200,-766.00
1527849900,0.00,20261001,0,950,0,0.01,145.10800000,144.60000000,109.52900,0.00
1527867779,922.00,20261001,1,950,1,0.01,146.03000000,144.60000000,109.52900,922.00
1528182000,0.00,20260605,0,952,0,0.01,1.16907000,1.16657000,109.77300,0.00
1528199100,0.00,20261001,0,953,0,0.01,146.79900000,146.11900000,109.77300,0.00
1528212158,-271.00,20260605,1,952,1,0.01,1.16657000,1.16657000,109.77300,-271.00
1528218000,0.00,20260605,0,955,0,0.01,1.16632000,1.16382000,109.77300,0.00
1528228800,-175.00,20261001,1,953,1,0.01,146.62400000,146.11900000,109.77300,-175.00
1528277400,0.00,20261001,0,957,0,0.01,147.57700000,146.96500000,110.17700,0.00
1528283141,1133.00,20260605,1,955,1,0.01,1.17685000,1.16382000,110.17700,1133.00
1528315200,104.00,20261001,1,957,1,0.01,147.68100000,146.96500000,110.17700,104.00
1528367400,0.00,20261001,0,960,0,0.06,148.08500000,147.59700000,109.69000,0.00
1528381775,-2928.00,20261001,1,960,1,0.06,147.59700000,147.59700000,109.69000,-2928.00
1528452000,0.00,20261000,0,962,1,0.01,109.49600000,109.85100000,109.54300,0.00
1528495200,23.00,20261000,1,962,0,0.01,109.47300000,109.85100000,109.54300,23.00
1528708500,0.00,20261000,0,964,0,0.01,109.94600000,109.29200000,110.03200,0.00
1528708500,0.00,20261001,0,965,0,0.01,147.52300000,146.66900000,110.03200,0.00
1528747200,-334.00,20261001,1,965,1,0.01,147.18900000,146.66900000,110.03200,-334.00
1528754400,78.00,20261000,1,964,1,0.01,110.02400000,109.29200000,110.03200,78.00
1528800300,0.00,20261001,0,968,0,0.01,147.71000000,147.22800000,110.36400,0.00
1528821138,-482.00,20261001,1,968,1,0.01,147.22800000,147.22800000,110.36400,-482.00
1528973100,0.00,20261000,0,970,1,0.01,109.93700000,110.36400000,110.61900,0.00
1528993109,-427.00,20261000,1,970,0,0.01,110.36400000,110.36400000,110.61900,-427.00
1529017200,0.00,20260605,0,972,1,0.01,1.15858000,1.16108000,110.61900,0.00
1529059500,0.00,20261001,0,973,1,0.06,146.33700000,146.82800000,110.65900,0.00
1529064780,-2946.00,20261001,1,973,0,0.06,146.82800000,146.82800000,110.65900,-2946.00
1529065101,-272.00,20260605,1,972,0,0.01,1.16108000,1.16108000,110.65900,-272.00
1529317800,0.00,20261001,0,976,1,0.01,146.31700000,146.87600000,110.53800,0.00
1529352000,47.00,20261001,1,976,0,0.01,146.27000000,146.87600000,110.53800,47.00
1529575200,0.00,20261001,0,978,1,0.06,145.24500000,145.60200000,109.94700,0.00
1529583305,3876.00,20261001,1,978,0,0.06,144.59900000,145.60200000,109.94700,3876.00
1529662500,0.00,20261000,0,980,0,0.01,110.15900000,109.83300000,109.97400,0.00
1529662500,0.00,20261001,0,981,0,0.01,146.44300000,145.55800000,109.97400,0.00
1529689657,-326.00,20261000,1,980,1,0.01,109.83300000,109.83300000,109.97400,-326.00
1529697600,-742.00,20261001,1,981,1,0.01,145.70100000,145.55800000,109.97400,-742.00
1529920800,0.00,20261001,0,984,1,0.01,144.89100000,145.73000000,109.73600,0.00
1529956800,-429.00,20261001,1,984,0,0.01,145.32000000,145.73000000,109.73600,-429.00
1530028800,0.00,20260610,0,986,1,0.01,109.70700000,110.20700000,110.00800,0.00
1530043200,-292.00,20260610,1,986,0,0.01,109.99900000,110.20700000,110.00800,-292.00
1530043200,0.00,20260610,0,988,0,0.01,109.99900000,109.49900000,110.00800,0.00
1530096300,0.00,20261001,0,989,1,0.01,145.00600000,145.54900000,110.25300,0.00
1530100800,0.00,20260605,0,990,0,0.01,1.16278000,1.16028000,110.25300,0.00
1530114750,-279.00,20260605,1,990,1,0.01,1.16025000,1.16028000,110.25300,-279.00
1530115200,0.00,20260605,0,992,1,0.01,1.15968000,1.16218000,110.25300,0.00
1530129600,4.00,20261001,1,989,0,0.01,145.00200000,145.54900000,110.25300,4.00
1530250761,-276.00,20260605,1,992,0,0.01,1.16225000,1.16218000,110.75600,-276.00
1530252000,0.00,20260605,0,995,0,0.01,1.16405000,1.16155000,110.75600,0.00
1530270929,-277.00,20260605,1,995,1,0.01,1.16155000,1.16155000,110.75600,-277.00
1530272700,0.00,20261001,0,997,0,0.01,145.82800000,144.54300000,110.75600,0.00
1530302400,329.00,20261001,1,997,1,0.01,146.15700000,144.54300000,110.75600,329.00
1530526500,0.00,20261001,0,999,1,0.06,145.67500000,146.33200000,110.89400,0.00
1530561600,1188.00,20261001,1,999,0,0.06,145.47700000,146.33200000,110.89400,1188.00
1530590908,1150.00,20260610,1,988,1,0.01,111.09900000,109.49900000,110.55500,1150.00
1530612000,0.00,20261001,0,1002,0,0.01,145.98100000,145.41500000,110.55500,0.00
1530648000,-436.00,20261001,1,1002,1,0.01,145.54500000,145.41500000,110.55500,-436.00
1530691200,0.00,20260610,0,1004,0,0.01,110.45700000,109.95700000,110.42800,0.00
1530783900,0.00,20261001,0,1005,0,0.01,146.45600000,145.87600000,110.58400,0.00
1530820800,-183.00,20261001,1,1005,1,0.01,146.27300000,145.87600000,110.58400,-183.00
1530868500,0.00,20261001,0,1007,0,0.01,146.57500000,146.04700000,110.46000,0.00
1530907200,-51.00,20261001,1,1007,1,0.01,146.52400000,146.04700000,110.46000,-51.00
1531127700,0.00,20261001,0,1009,0,0.06,147.25700000,146.69700000,110.84500,0.00
1531157381,-3360.00,20261001,1,1009,1,0.06,146.69700000,146.69700000,110.84500,-3360.00
1531217700,0.00,20261001,0,1011,0,0.01,147.32900000,146.88200000,110.99200,0.00
1531252800,113.00,20261001,1,1011,1,0.01,147.44200000,146.88200000,110.99200,113.00
1531333279,1150.00,20260610,1,1004,1,0.01,111.55700000,109.95700000,111.98900,1150.00
1531387800,0.00,20261001,0,1014,0,0.01,148.29600000,147.87300000,112.53000,0.00
1531404000,0.00,20260605,0,1015,1,0.01,1.16611000,1.16861000,112.53000,0.00
1531410043,-298.00,20260605,1,1015,0,0.01,1.16878000,1.16861000,112.53000,-298.00
1531425600,350.00,20261001,1,1014,1,0.01,148.64600000,147.87300000,112.53000,350.00
1531800000,0.00,20260622,0,1018,0,0.03,112.42200000,111.99100000,112.86200,0.00
1531821600,0.00,20261001,0,1019,0,0.01,148.95500000,148.64000000,112.86200,0.00
1531822897,-315.00,20261001,1,1019,1,0.01,148.64000000,148.64000000,112.86200,-315.00
1531843200,0.00,20260774,0,1021,1,0.01,1.31548000,1.32048000,112.86200,0.00
1531864800,0.00,20260605,0,1022,1,0.01,1.16634000,1.16884000,112.86200,0.00
1531913378,1245.00,20260774,1,1021,0,0.01,1.30446000,1.32048000,112.84300,1245.00
1531997100,0.00,20261000,0,1024,0,0.02,112.94900000,112.65100000,112.43900,0.00
1532030562,-596.00,20261000,1,1024,1,0.02,112.65100000,112.65100000,112.43900,-596.00
1532101409,-1212.00,20260622,1,1018,1,0.03,111.98800000,111.99100000,111.44400,-1212.00
1532101412,-277.00,20260605,1,1022,0,0.01,1.16892000,1.16884000,111.44400,-277.00
1532329200,0.00,20260605,0,1028,0,0.01,1.17411000,1.17161000,111.33700,0.00
1532340005,-280.00,20260605,1,1028,1,0.01,1.17161000,1.17161000,111.33700,-280.00
1532426400,0.00,20260605,0,1030,1,0.01,1.16592000,1.16842000,111.19500,0.00
1532428215,-280.00,20260605,1,1030,0,0.01,1.16842000,1.16842000,111.19500,-280.00
1532430000,0.00,20260605,0,1032,0,0.01,1.16966000,1.16716000,111.19500,0.00
1532514600,0.00,20261001,0,1033,0,0.01,146.50200000,146.13200000,110.96700,0.00
1532521059,-371.00,20261001,1,1033,1,0.01,146.13100000,146.13200000,110.96700,-371.00
1532541340,-288.00,20260605,1,1032,1,0.01,1.16715000,1.16716000,110.96700,-288.00
1532597400,0.00,20261001,0,1036,1,0.01,145.99100000,146.41400000,111.21700,0.00
1532635200,0.00,20260605,0,1037,1,0.01,1.16629000,1.16879000,111.21700,0.00
1532635200,102.00,20261001,1,1036,0,0.01,145.88900000,146.41400000,111.21700,102.00
1532685600,0.00,20261001,0,1039,1,0.01,145.36300000,145.72000000,111.00700,0.00
1532714006,-357.00,20261001,1,1039,0,0.01,145.72000000,145.72000000,111.00700,-357.00
1532944800,0.00,20261001,0,1041,0,0.01,145.71800000,145.32600000,111.05900,0.00
1532954434,-272.00,20260605,1,1037,0,0.01,1.16879000,1.16879000,111.05900,-272.00
1532959200,0.00,20260605,0,1043,0,0.01,1.16809000,1.16559000,111.05900,0.00
1532980800,23.00,20261001,1,1041,1,0.01,145.74100000,145.32600000,111.05900,23.00
1533029400,0.00,20261001,0,1045,0,0.01,146.20500000,145.49900000,111.86200,0.00
1533067200,531.00,20261001,1,1045,1,0.01,146.73600000,145.49900000,111.86200,531.00
1533116700,0.00,20261000,0,1047,0,0.01,112.10400000,111.69900000,111.71600,0.00
1533116700,0.00,20261001,0,1048,0,0.06,147.01600000,146.56400000,111.71600,0.00
1533149441,-2718.00,20261001,1,1048,1,0.06,146.56300000,146.56400000,111.71600,-2718.00
1533150035,-405.00,20261000,1,1047,1,0.01,111.69900000,111.69900000,111.71600,-405.00
1533171600,-258.00,20260605,1,1043,1,0.01,1.16597000,1.16559000,111.65200,-258.00
1533171600,0.00,20260605,0,1052,1,0.01,1.16597000,1.16847000,111.65200,0.00
1533204000,0.00,20261001,0,1053,1,0.01,146.06400000,146.52700000,111.65200,0.00
1533222121,834.00,20261001,1,1053,0,0.01,145.23000000,146.52700000,111.65200,834.00
1533544050,1181.00,20260605,1,1052,0,0.01,1.15547000,1.16847000,111.39900,1181.00
1533893400,0.00,20261001,0,1056,1,0.01,141.89500000,142.43700000,110.80600,0.00
1533931200,721.00,20261001,1,1056,0,0.01,141.17400000,142.43700000,110.80600,721.00
1534158000,0.00,20261001,0,1058,1,0.01,140.35400000,141.14600000,110.71700,0.00
1534172080,-792.00,20261001,1,1058,0,0.01,141.14600000,141.14600000,110.71700,-792.00
1534238100,0.00,20261001,0,1060,0,0.01,141.76100000,141.17100000,111.13900,0.00
1534240800,0.00,20261000,0,1061,0,0.01,111.04800000,110.58400000,111.13900,0.00
1534270778,-590.00,20261001,1,1060,1,0.01,141.17100000,141.17100000,111.13900,-590.00
1534284000,168.00,20261000,1,1061,1,0.01,111.21600000,110.58400000,111.13900,168.00
1534329000,0.00,20261001,0,1064,0,0.01,141.66900000,141.23000000,110.73400,0.00
1534340127,-439.00,20261001,1,1064,1,0.01,141.23000000,141.23000000,110.73400,-439.00
1534392000,0.00,20260610,0,1066,1,0.01,110.56600000,111.06600000,110.88800,0.00
1534446518,-500.00,20260610,1,1066,0,0.01,111.06600000,111.06600000,110.88800,-500.00
1534504500,0.00,20261000,0,1068,1,0.02,110.69400000,111.04800000,110.48900,0.00
1534521600,0.00,20260610,0,1069,1,0.01,110.38300000,110.88300000,110.48900,0.00
1534543200,194.00,20261000,1,1068,0,0.02,110.59700000,111.04800000,110.48900,194.00
1534924800,0.00,20260605,0,1071,0,0.01,1.15762000,1.15512000,110.54500,0.00
1535003668,-600.00,20260610,1,1069,0,0.01,110.88300000,110.88300000,111.26500,-600.00
1535004064,-284.00,20260605,1,1071,1,0.01,1.15512000,1.15512000,111.26500,-284.00
1535083200,0.00,20260610,0,1074,0,0.01,111.40800000,110.90800000,111.23400,0.00
1535105700,0.00,20261001,0,1075,0,0.01,142.95100000,142.54700000,111.23400,0.00
1535140800,-72.00,20261001,1,1075,1,0.01,142.87900000,142.54700000,111.23400,-72.00
1535364000,0.00,20261001,0,1077,1,0.01,142.56700000,143.05000000,111.07100,0.00
1535390259,-484.00,20261001,1,1077,0,0.01,143.05100000,143.05000000,111.07100,-484.00
1535452200,0.00,20261001,0,1079,0,0.06,143.45300000,143.10300000,111.18500,0.00
1535478516,-2100.00,20261001,1,1079,1,0.06,143.10300000,143.10300000,111.18500,-2100.00
1535628600,0.00,20261001,0,1081,1,0.01,144.95200000,145.58700000,110.97000,0.00
1535659200,229.00,20261001,1,1081,0,0.01,144.72300000,145.58700000,110.97000,229.00
1535685030,-450.00,20260610,1,1074,1,0.01,110.90800000,110.90800000,111.08900,-450.00
1535711400,0.00,20261000,0,1084,1,0.02,110.71300000,111.13500000,111.08900,0.00
1535711400,0.00,20261001,0,1085,1,0.06,143.98000000,144.58800000,111.08900,0.00
1535745600,90.00,20261001,1,1085,0,0.06,143.96500000,144.58800000,111.08900,90.00
1535752800,-584.00,20261000,1,1084,0,0.02,111.00500000,111.13500000,111.08900,-584.00
1535967000,0.00,20261001,0,1088,1,0.01,143.16600000,143.61800000,111.03300,0.00
1536004800,43.00,20261001,1,1088,0,0.01,143.12300000,143.61800000,111.03300,43.00
1536052500,0.00,20261000,0,1090,0,0.01,111.33900000,110.89700000,111.35600,0.00
1536052500,0.00,20261001,0,1091,0,0.01,143.09200000,142.72000000,111.35600,0.00
1536058800,0.00,20260605,0,1092,1,0.01,1.15692000,1.15942000,111.35600,0.00
1536063845,-372.00,20261001,1,1091,1,0.01,142.72000000,142.72000000,111.35600,-372.00
1536098400,139.00,20261000,1,1090,1,0.01,111.47800000,110.89700000,111.35600,139.00
1536121119,-275.00,20260605,1,1092,0,0.01,1.15942000,1.15942000,111.52200,-275.00
1536141600,0.00,20261001,0,1096,1,0.06,142.97900000,143.54800000,111.52200,0.00
1536163528,-3420.00,20261001,1,1096,0,0.06,143.54900000,143.54800000,111.52200,-3420.00
1536170400,0.00,20260605,0,1098,1,0.01,1.16247000,1.16497000,111.52200,0.00
1536203657,-275.00,20260605,1,1098,0,0.01,1.16497000,1.16497000,110.74400,-275.00
1536312600,0.00,20261001,0,1100,0,0.06,143.20100000,142.70300000,111.03900,0.00
1536328002,5382.00,20261001,1,1100,1,0.06,144.09800000,142.70300000,111.03900,5382.00
1536595200,0.00,20260610,0,1102,0,0.01,111.13700000,110.63700000,111.10100,0.00
1536661800,0.00,20261001,0,1103,0,0.01,145.70800000,144.81700000,111.62400,0.00
1536666460,-892.00,20261001,1,1103,1,0.01,144.81600000,144.81700000,111.62400,-892.00
1536832800,0.00,20260605,0,1105,0,0.01,1.16248000,1.15998000,111.91500,0.00
1536955200,0.00,20260774,0,1106,0,0.01,1.30739000,1.30239000,112.05400,0.00
1537182000,0.00,20261000,0,1107,1,0.01,111.85900000,112.11800000,111.84000,0.00
1537221600,-22.00,20261000,1,1107,0,0.01,111.88100000,112.11800000,111.84000,-22.00
1537262100,0.00,20261001,0,1109,0,0.01,147.53100000,146.89100000,112.35900,0.00
1537262498,1160.00,20260610,1,1102,1,0.01,112.23700000,110.63700000,112.35900,1160.00
1537263000,0.00,20261000,0,1111,0,0.01,112.25700000,111.66000000,112.35900,0.00
1537273803,-641.00,20261001,1,1109,1,0.01,146.89000000,146.89100000,112.35900,-641.00
1537286400,0.00,20260610,0,1113,0,0.01,112.18600000,111.68600000,112.35900,0.00
1537308000,99.00,20261000,1,1111,1,0.01,112.35600000,111.66000000,112.35900,99.00
1537356624,1233.00,20260774,1,1106,1,0.01,1.31839000,1.30239000,112.26600,1233.00
1537357500,0.00,20261001,0,1116,0,0.06,148.40900000,147.65800000,112.26600,0.00
1537366109,-4536.00,20261001,1,1116,1,0.06,147.65300000,147.65800000,112.26600,-4536.00
1537453814,1144.00,20260605,1,1105,1,0.01,1.17298000,1.15998000,112.48300,1144.00
1537526700,0.00,20261001,0,1119,1,0.06,148.95100000,149.57300000,112.51200,0.00
1537545938,6726.00,20261001,1,1119,0,0.06,147.83000000,149.57300000,112.51200,6726.00
1538045100,0.00,20261001,0,1121,1,0.01,147.66900000,148.52900000,113.35400,0.00
1538061245,-861.00,20261001,1,1121,0,0.01,148.53000000,148.52900000,113.35400,-861.00
1538071061,1170.00,20260610,1,1113,1,0.01,113.28600000,111.68600000,113.35400,1170.00
1538107200,0.00,20260605,0,1124,1,0.01,1.16422000,1.16672000,113.67100,0.00
1538132400,0.00,20261001,0,1125,1,0.06,148.12900000,148.53100000,113.67100,0.00
1538164800,552.00,20261001,1,1125,0,0.06,148.03700000,148.53100000,113.67100,552.00
1538391600,0.00,20261000,0,1127,0,0.01,114.03800000,113.69500000,113.89000,0.00
1538431200,-58.00,20261000,1,1127,1,0.01,113.98000000,113.69500000,113.89000,-58.00
1538471700,0.00,20261001,0,1129,1,0.01,147.99800000,148.58700000,113.63700,0.00
1538471858,1206.00,20260605,1,1124,0,0.01,1.15371000,1.16672000,113.63700,1206.00
1538475300,0.00,20261000,0,1131,1,0.01,113.71800000,114.01300000,113.63700,0.00
1538510400,356.00,20261001,1,1129,0,0.01,147.64200000,148.58700000,113.63700,356.00
1538517600,30.00,20261000,1,1131,0,0.01,113.68800000,114.01300000,113.63700,30.00
1538559900,0.00,20261001,0,1134,0,0.01,148.06700000,147.39800000,114.53000,0.00
1538565300,0.00,20261000,0,1135,0,0.01,113.89600000,113.51700000,114.53000,0.00
1538596800,0.00,20260622,0,1136,0,0.03,114.36100000,113.88400000,114.53000,0.00
1538596800,447.00,20261001,1,1134,1,0.01,148.51400000,147.39800000,114.53000,447.00
1538604000,438.00,20261000,1,1135,1,0.01,114.33400000,113.51700000,114.53000,438.00
1538651700,0.00,20261001,0,1139,0,0.06,148.31200000,147.80400000,113.89700,0.00
1538673210,-1404.00,20260622,1,1136,1,0.03,113.88300000,113.88400000,113.89700,-1404.00
1538683200,-1686.00,20261001,1,1139,1,0.06,148.03100000,147.80400000,113.89700,-1686.00
1538732700,0.00,20261001,0,1142,0,0.06,148.65500000,148.16700000,113.68700,0.00
1538769600,804.00,20261001,1,1142,1,0.06,148.78900000,148.16700000,113.68700,804.00
1538991000,0.00,20261001,0,1144,1,0.01,148.98200000,149.40200000,113.22500,0.00
1538998468,757.00,20261001,1,1144,0,0.01,148.22500000,149.40200000,113.22500,757.00
1538999100,0.00,20261000,0,1146,1,0.02,113.36200000,113.93800000,113.22500,0.00
1539036000,740.00,20261000,1,1146,0,0.02,112.99200000,113.93800000,113.22500,740.00
1539080100,0.00,20261000,0,1148,0,0.02,113.31800000,112.92900000,112.94700,0.00
1539122400,-568.00,20261000,1,1148,1,0.02,113.03400000,112.92900000,112.94700,-568.00
1539165600,0.00,20261001,0,1150,0,0.01,148.99700000,148.47800000,112.26500,0.00
1539171900,0.00,20261000,0,1151,0,0.01,113.18200000,112.92100000,112.26500,0.00
1539190769,-261.00,20261000,1,1151,1,0.01,112.92100000,112.92100000,112.26500,-261.00
1539201600,-122.00,20261001,1,1150,1,0.01,148.87500000,148.47800000,112.26500,-122.00
1539306000,0.00,20260605,0,1154,0,0.01,1.15919000,1.15669000,112.18100,0.00
1539337500,0.00,20261001,0,1155,0,0.01,148.92600000,148.33500000,112.18100,0.00
1539343359,-591.00,20261001,1,1155,1,0.01,148.33500000,148.33500000,112.18100,-591.00
1539358470,-282.00,20260605,1,1154,1,0.01,1.15669000,1.15669000,112.18100,-282.00
1539367200,0.00,20260605,0,1158,0,0.01,1.15617000,1.15367000,112.18100,0.00
1539598500,0.00,20261000,0,1159,1,0.01,111.77900000,112.23100000,111.76200,0.00
1539598500,0.00,20261001,0,1160,1,0.06,146.61400000,147.01200000,111.76200,0.00
1539607179,-2424.00,20261001,1,1160,0,0.06,147.01800000,147.01200000,111.76200,-2424.00
1539640800,-114.00,20261000,1,1159,0,0.01,111.89300000,112.23100000,111.76200,-114.00
1539683100,0.00,20261001,0,1163,0,0.01,147.61400000,146.95000000,112.24500,0.00
1539720000,290.00,20261001,1,1163,1,0.01,147.90400000,146.95000000,112.24500,290.00
1539774000,0.00,20261001,0,1165,1,0.01,147.65000000,148.12800000,112.63200,0.00
1539786077,-301.00,20260605,1,1158,1,0.01,1.15367000,1.15367000,112.63200,-301.00
1539806400,61.00,20261001,1,1165,0,0.01,147.58900000,148.12800000,112.63200,61.00
1539854100,0.00,20261001,0,1168,1,0.01,147.12100000,147.63600000,112.18100,0.00
1539858931,-515.00,20261001,1,1168,0,0.01,147.63600000,147.63600000,112.18100,-515.00
1539940500,0.00,20261001,0,1170,0,0.01,146.59000000,146.09000000,112.52700,0.00
1539979200,349.00,20261001,1,1170,1,0.01,146.93900000,146.09000000,112.52700,349.00
1539982800,0.00,20260605,0,1172,1,0.01,1.15110000,1.15360000,112.52700,0.00
1540199621,-276.00,20260605,1,1172,0,0.01,1.15360000,1.15360000,112.81100,-276.00
1540199700,0.00,20261001,0,1174,0,0.01,147.39100000,146.77300000,112.81100,0.00
1540206000,0.00,20261000,0,1175,0,0.01,112.75800000,112.34500000,112.81100,0.00
1540220078,-619.00,20261001,1,1174,1,0.01,146.77200000,146.77300000,112.81100,-619.00
1540245600,43.00,20261000,1,1175,1,0.01,112.80100000,112.34500000,112.81100,43.00
1540286100,0.00,20261001,0,1178,1,0.01,145.47700000,146.20600000,112.43600,0.00
1540287900,0.00,20261000,0,1179,1,0.01,112.38500000,112.83700000,112.43600,0.00
1540306219,-729.00,20261001,1,1178,0,0.01,146.20600000,146.20600000,112.43600,-729.00
1540332000,-83.00,20261000,1,1179,0,0.01,112.46800000,112.83700000,112.43600,-83.00
1540377000,0.00,20261001,0,1182,1,0.06,145.68500000,146.18100000,112.24400,0.00
1540411200,3936.00,20261001,1,1182,0,0.06,145.02900000,146.18100000,112.24400,3936.00
1540454400,0.00,20260774,0,1184,1,0.01,1.28885000,1.29385000,112.40100,0.00
1540459800,0.00,20261001,0,1185,0,0.06,144.71000000,144.17800000,112.40100,0.00
1540466100,0.00,20261000,0,1186,0,0.02,112.33100000,111.81600000,112.40100,0.00
1540490201,-3192.00,20261001,1,1185,1,0.06,144.17800000,144.17800000,112.40100,-3192.00
1540504800,524.00,20261000,1,1186,1,0.02,112.59300000,111.81600000,112.40100,524.00
1540550700,0.00,20261001,0,1189,1,0.01,143.49900000,144.04000000,111.87700,0.00
1540564864,1238.00,20260774,1,1184,0,0.01,1.27785000,1.29385000,111.87700,1238.00
1540584000,-164.00,20261001,1,1189,0,0.01,143.66300000,144.04000000,111.87700,-164.00
1540813500,0.00,20261000,0,1192,0,0.01,112.16500000,111.77100000,112.35300,0.00
1540850400,215.00,20261000,1,1192,1,0.01,112.38000000,111.77100000,112.35300,215.00
1540894500,0.00,20261000,0,1194,0,0.01,112.83000000,112.30000000,113.08300,0.00
1540936800,134.00,20261000,1,1194,1,0.01,112.96400000,112.30000000,113.08300,134.00
1540981800,0.00,20261001,0,1196,0,0.01,144.15000000,143.69000000,112.92800,0.00
1541006978,829.00,20261001,1,1196,1,0.01,144.97900000,143.69000000,112.92800,829.00
1541063700,0.00,20261001,0,1198,0,0.01,145.32000000,144.24600000,112.65000,0.00
1541102400,1163.00,20261001,1,1198,1,0.01,146.48300000,144.24600000,112.65000,1163.00
1541150100,0.00,20261001,0,1200,0,0.01,147.11500000,146.41900000,113.18700,0.00
1541188800,-427.00,20261001,1,1200,1,0.01,146.68800000,146.41900000,113.18700,-427.00
1541498400,0.00,20260605,0,1202,0,0.01,1.14140000,1.13890000,113.42400,0.00
1541692800,0.00,20260774,0,1203,0,0.01,1.31001000,1.30501000,114.06200,0.00
1541706639,-296.00,20260605,1,1202,1,0.01,1.13890000,1.13890000,114.06200,-296.00
1541710800,0.00,20260605,0,1205,0,0.01,1.13992000,1.13742000,114.06200,0.00
1541711225,-282.00,20260605,1,1205,1,0.01,1.13742000,1.13742000,114.06200,-282.00
1541713352,-567.00,20260774,1,1203,1,0.01,1.30499000,1.30501000,114.06200,-567.00
1541714400,0.00,20260605,0,1208,1,0.01,1.13559000,1.13809000,114.06200,0.00
1541725200,0.00,20260650,0,1209,0,0.03,82.76500000,0.00000000,113.79000,0.00
1541754900,0.00,20261001,0,1210,1,0.01,148.17400000,148.91200000,113.79000,0.00
1541764800,0.00,20260774,0,1211,1,0.01,1.30067000,1.30567000,113.79000,0.00
1541793600,504.00,20261001,1,1210,0,0.01,147.67000000,148.91200000,113.79000,504.00
1542008965,1243.00,20260774,1,1211,0,0.01,1.28966000,1.30567000,113.83200,1243.00
1542015900,0.00,20261001,0,1214,1,0.06,146.88200000,147.43500000,113.83200,0.00
1542017618,1195.00,20260605,1,1208,0,0.01,1.12508000,1.13809000,113.83200,1195.00
1542052800,3846.00,20261001,1,1214,0,0.06,146.24100000,147.43500000,113.83200,3846.00
1542103200,0.00,20261001,0,1217,0,0.01,147.01600000,146.16800000,113.79900,0.00
1542108600,0.00,20261000,0,1218,0,0.01,114.12400000,113.57700000,113.79900,0.00
1542133471,1534.00,20261001,1,1217,1,0.01,148.55000000,146.16800000,113.79900,1534.00
1542146400,-280.00,20261000,1,1218,1,0.01,113.84400000,113.57700000,113.79900,-280.00
1542276000,0.00,20261001,0,1221,1,0.06,147.37400000,147.80000000,113.61900,0.00
1542279258,4602.00,20261001,1,1221,0,0.06,146.60700000,147.80000000,113.61900,4602.00
1542282300,0.00,20261000,0,1223,1,0.01,113.35200000,113.67100000,113.61900,0.00
1542283200,0.00,20260629,0,1224,1,0.01,1.12850000,0.00000000,113.61900,0.00
1542283200,0.00,20260629,0,1225,0,0.01,1.27874000,0.00000000,113.61900,0.00
1542312000,0.00,20260610,0,1226,0,0.01,113.36500000,112.86500000,113.61900,0.00
1542315627,-319.00,20261000,1,1223,0,0.01,113.67100000,113.67100000,113.61900,-319.00
1542383737,-490.00,20260610,1,1226,1,0.01,112.86500000,112.86500000,112.80900,-490.00
1542384000,0.00,20260610,0,1229,1,0.01,112.89500000,113.39500000,112.80900,0.00
1542592800,0.00,20260605,0,1230,0,0.01,1.14141000,1.13891000,112.54400,0.00
1542711600,0.00,20261000,0,1231,1,0.01,112.32800000,112.65900000,112.75200,0.00
1542733349,-289.00,20260605,1,1230,1,0.01,1.13890000,1.13891000,112.75200,-289.00
1542736800,0.00,20260605,0,1233,0,0.01,1.14100000,1.13850000,112.75200,0.00
1542739139,-334.00,20261000,1,1231,0,0.01,112.66200000,112.65900000,112.75200,-334.00
1542740979,-282.00,20260605,1,1233,1,0.01,1.13850000,1.13850000,112.75200,-282.00
1542762000,-4489.00,20260650,1,1209,1,0.03,81.20200000,0.00000000,113.04900,-4489.00
1542765600,0.00,20260605,0,1237,0,0.01,1.13726000,1.13476000,113.04900,0.00
1542793500,0.00,20261001,0,1238,0,0.01,144.67500000,144.12100000,113.04900,0.00
1542830400,-193.00,20261001,1,1238,1,0.01,144.48200000,144.12100000,113.04900,-193.00
1542977705,-296.00,20260605,1,1237,1,0.01,1.13476000,1.13476000,112.93500,-296.00
1543223700,0.00,20261001,0,1241,0,0.01,145.25300000,144.72900000,113.57300,0.00
1543249518,-651.00,20260610,1,1229,0,0.01,113.39600000,113.39500000,113.57300,-651.00
1543262400,233.00,20261001,1,1241,1,0.01,145.48600000,144.72900000,113.57300,233.00
1543310100,0.00,20261001,0,1244,1,0.01,144.96400000,145.40700000,113.77500,0.00
1543327200,0.00,20260605,0,1245,1,0.01,1.13190000,1.13440000,113.77500,0.00
1543348800,43.00,20261001,1,1244,0,0.01,144.92100000,145.40700000,113.77500,43.00
1543402800,-354.00,20260629,1,1225,1,0.01,1.27570000,0.00000000,113.67200,-354.00
1543402800,44.00,20260629,1,1224,0,0.01,1.12843000,0.00000000,113.67200,44.00
1543431882,-281.00,20260605,1,1245,0,0.01,1.13441000,1.13440000,113.67200,-281.00
1543438800,0.00,20260605,0,1250,0,0.01,1.13749000,1.13499000,113.67200,0.00
1543446000,-68.00,20260605,1,1250,1,0.01,1.13689000,1.13499000,113.67200,-68.00
1543446000,0.00,20260605,0,1252,1,0.01,1.13689000,1.13939000,113.67200,0.00
1543484079,-279.00,20260605,1,1252,0,0.01,1.13939000,1.13939000,113.47800,-279.00
1543923900,0.00,20261001,0,1254,0,0.06,144.65600000,144.07200000,112.76900,0.00
1543928400,0.00,20260605,0,1255,0,0.01,1.14065000,1.13815000,112.76900,0.00
1543940257,-3504.00,20261001,1,1254,1,0.06,144.07200000,144.07200000,112.76900,-3504.00
1543944030,-283.00,20260605,1,1255,1,0.01,1.13815000,1.13815000,112.76900,-283.00
1543946400,0.00,20260605,0,1258,1,0.01,1.13499000,1.13749000,112.76900,0.00
1543971600,0.00,20260650,0,1259,0,0.03,82.74100000,0.00000000,113.18500,0.00
1544112462,-275.00,20260605,1,1258,0,0.01,1.13749000,1.13749000,112.66400,-275.00
1544403600,-5340.00,20260650,1,1259,1,0.03,80.93600000,0.00000000,113.32500,-5340.00
1544442300,0.00,20261000,0,1262,0,0.02,112.74700000,112.23700000,113.32500,0.00
1544457600,0.00,20260629,0,1263,1,0.01,1.14107000,0.00000000,113.32500,0.00
1544457600,0.00,20260629,0,1264,0,0.01,1.26227000,0.00000000,113.32500,0.00
1544479200,918.00,20261000,1,1262,1,0.02,113.20600000,112.23700000,113.32500,918.00
1544524200,0.00,20261001,0,1266,0,0.06,142.52100000,142.08900000,113.36600,0.00
1544544000,0.00,20260610,0,1267,0,0.01,113.22000000,112.72000000,113.36600,0.00
1544547600,0.00,20260605,0,1268,1,0.01,1.13353000,1.13603000,113.36600,0.00
1544551153,-2592.00,20261001,1,1266,1,0.06,142.08900000,142.08900000,113.36600,-2592.00
1544610600,0.00,20261001,0,1270,0,0.01,142.11400000,141.58800000,113.27800,0.00
1544625674,-279.00,20260605,1,1268,0,0.01,1.13603000,1.13603000,113.27800,-279.00
1544630501,946.00,20261001,1,1270,1,0.01,143.06000000,141.58800000,113.27800,946.00
1544693400,0.00,20261001,0,1273,0,0.01,143.30100000,142.86200000,113.61800,0.00
1544720400,0.00,20260605,0,1274,1,0.01,1.13431000,1.13681000,113.61800,0.00
1544731200,188.00,20261001,1,1273,1,0.01,143.48900000,142.86200000,113.61800,188.00
1544732118,-284.00,20260605,1,1274,0,0.01,1.13681000,1.13681000,113.61800,-284.00
1544738400,0.00,20260605,0,1277,0,0.01,1.13664000,1.13414000,113.61800,0.00
1544782587,-291.00,20260605,1,1277,1,0.01,1.13414000,1.13414000,113.37900,-291.00
1544784300,0.00,20261001,0,1279,1,0.01,142.83500000,143.68800000,113.37900,0.00
1544817600,391.00,20261001,1,1279,0,0.01,142.44400000,143.68800000,113.37900,391.00
1545041700,0.00,20261001,0,1281,0,0.06,142.85700000,142.39500000,112.82600,0.00
1545065788,-2772.00,20261001,1,1281,1,0.06,142.39500000,142.39500000,112.82600,-2772.00
1545073200,0.00,20260605,0,1283,1,0.01,1.13381000,1.13631000,112.82600,0.00
1545078086,-460.00,20260610,1,1267,1,0.01,112.72000000,112.72000000,112.82600,-460.00
1545105600,-233.00,20260605,1,1283,0,0.01,1.13591000,1.13631000,112.51200,-233.00
1545105600,0.00,20260605,0,1286,0,0.01,1.13591000,1.13341000,112.51200,0.00
1545131700,0.00,20261000,0,1287,1,0.01,112.39200000,112.85100000,112.51200,0.00
1545170400,-46.00,20260605,1,1286,1,0.01,1.13550000,1.13341000,112.51200,-46.00
1545170400,0.00,20260605,0,1289,1,0.01,1.13550000,1.13800000,112.51200,0.00
1545170400,-139.00,20261000,1,1287,0,0.01,112.53100000,112.85100000,112.51200,-139.00
1545185297,-278.00,20260605,1,1289,0,0.01,1.13801000,1.13800000,112.46900,-278.00
1545627600,593.00,20260629,1,1264,1,0.01,1.26763000,0.00000000,110.32900,593.00
1545627600,292.00,20260629,1,1263,0,0.01,1.13883000,0.00000000,110.32900,292.00
1545865200,0.00,20260605,0,1294,1,0.01,1.13532000,1.13782000,111.36000,0.00
1545882639,-274.00,20260605,1,1294,0,0.01,1.13783000,1.13782000,110.97000,-274.00
1545886800,0.00,20260605,0,1296,0,0.01,1.13813000,1.13563000,110.97000,0.00
1545904800,0.00,20261001,0,1297,1,0.01,140.39900000,140.72000000,110.97000,0.00
1545937771,578.00,20261001,1,1297,0,0.01,139.82100000,140.72000000,110.97000,578.00
1545990300,0.00,20261000,0,1299,1,0.01,110.40700000,111.01900000,110.28500,0.00
1546034400,9.00,20261000,1,1299,0,0.01,110.39800000,111.01900000,110.28500,9.00
1546416600,1185.00,20260605,1,1296,1,0.01,1.14905000,1.13563000,108.87000,1185.00
1546425900,0.00,20261000,0,1302,1,0.01,108.91900000,109.42600000,108.87000,0.00
1546458458,-507.00,20261000,1,1302,0,0.01,109.42600000,109.42600000,108.87000,-507.00
1546610400,0.00,20260605,0,1304,0,0.01,1.14119000,1.13869000,108.50400,0.00
1546615828,-276.00,20260605,1,1304,1,0.01,1.13867000,1.13869000,108.50400,-276.00
1546624800,0.00,20260605,0,1306,0,0.01,1.14112000,1.13862000,108.50400,0.00
1546858800,0.00,20261001,0,1307,1,0.01,137.68400000,138.18800000,108.70600,0.00
1546868667,-505.00,20261001,1,1307,0,0.01,138.18900000,138.18800000,108.70600,-505.00
1546939800,0.00,20261001,0,1309,0,0.01,139.24800000,138.62900000,108.73100,0.00
1546950459,-619.00,20261001,1,1309,1,0.01,138.62900000,138.62900000,108.73100,-619.00
1546977600,0.00,20260622,0,1311,1,0.02,108.58400000,109.29800000,108.73100,0.00
1547029800,0.00,20261001,0,1312,0,0.01,138.87700000,138.28700000,108.15000,0.00
1547052088,1118.00,20260605,1,1306,1,0.01,1.15162000,1.13862000,108.15000,1118.00
1547055140,-591.00,20261001,1,1312,1,0.01,138.28600000,138.28700000,108.15000,-591.00
1547107200,0.00,20260774,0,1315,0,0.01,1.27876000,1.27376000,108.42300,0.00
1547111700,0.00,20261001,0,1316,1,0.01,137.74900000,138.36800000,108.42300,0.00
1547127272,-540.00,20260774,1,1315,1,0.01,1.27376000,1.27376000,108.42300,-540.00
1547143923,-621.00,20261001,1,1316,0,0.01,138.37000000,138.36800000,108.42300,-621.00
1547459100,0.00,20261001,0,1319,1,0.01,138.61100000,139.38900000,108.15400,0.00
1547481600,0.00,20260605,0,1320,0,0.01,1.14600000,1.14350000,108.15400,0.00
1547486497,-778.00,20261001,1,1319,0,0.01,139.38900000,139.38900000,108.15400,-778.00
1547550879,-280.00,20260605,1,1320,1,0.01,1.14349000,1.14350000,108.66300,-280.00
1547634600,0.00,20261001,0,1323,0,0.06,139.92100000,139.14900000,109.08800,0.00
1547643600,0.00,20260605,0,1324,1,0.01,1.13995000,1.14245000,109.08800,0.00
1547668800,720.00,20261001,1,1323,1,0.06,140.04100000,139.14900000,109.08800,720.00
1547761470,-1778.00,20260622,1,1311,0,0.02,109.29800000,109.29800000,109.24100,-1778.00
1547811000,0.00,20261000,0,1327,0,0.01,109.57200000,109.05200000,109.76700,0.00
1547848800,200.00,20261000,1,1327,1,0.01,109.77200000,109.05200000,109.76700,200.00
1548148500,0.00,20261001,0,1329,1,0.01,140.69700000,141.29300000,109.36500,0.00
1548157231,-598.00,20261001,1,1329,0,0.01,141.29500000,141.29300000,109.36500,-598.00
1548242100,0.00,20261001,0,1331,0,0.01,142.33600000,141.72700000,109.60300,0.00
1548262479,1095.00,20261001,1,1331,1,0.01,143.43100000,141.72700000,109.60300,1095.00
1548360089,1177.00,20260605,1,1324,0,0.01,1.12945000,1.14245000,109.63100,1177.00
1548667800,0.00,20261001,0,1334,1,0.01,144.03900000,144.56900000,109.33300,0.00
1548676800,0.00,20260605,0,1335,0,0.01,1.14086000,1.13836000,109.33300,0.00
1548705600,133.00,20261001,1,1334,0,0.01,143.90600000,144.56900000,109.33300,133.00
1548762300,0.00,20261000,0,1337,0,0.02,109.42400000,109.12600000,109.38600,0.00
1548799200,-310.00,20261000,1,1337,1,0.02,109.26900000,109.12600000,109.38600,-310.00
1548926980,1126.00,20260605,1,1335,1,0.01,1.15136000,1.13836000,108.85300,1126.00
1548935100,0.00,20261000,0,1340,1,0.01,108.58300000,109.06400000,108.85300,0.00
1548972000,-297.00,20261000,1,1340,0,0.01,108.88000000,109.06400000,108.85300,-297.00
1549273500,0.00,20261001,0,1342,0,0.01,143.64900000,143.11500000,109.86200,0.00
1549310400,-305.00,20261001,1,1342,1,0.01,143.34400000,143.11500000,109.86200,-305.00
1549444500,0.00,20261001,0,1344,1,0.01,141.98100000,142.40300000,109.95900,0.00
1549469161,-422.00,20261001,1,1344,0,0.01,142.40300000,142.40300000,109.95900,-422.00
1549526400,0.00,20260605,0,1346,1,0.01,1.13591000,1.13841000,109.79600,0.00
1549882800,0.00,20261000,0,1347,0,0.01,110.09200000,109.72900000,110.36100,0.00
1549883700,0.00,20261001,0,1348,0,0.01,142.44400000,141.85900000,110.36100,0.00
1549908541,-585.00,20261001,1,1348,1,0.01,141.85900000,141.85900000,110.36100,-585.00
1549922400,305.00,20261000,1,1347,1,0.01,110.39700000,109.72900000,110.36100,305.00
1549965600,0.00,20261001,0,1351,0,0.01,142.42500000,141.90800000,110.46800,0.00
1549973788,-517.00,20261001,1,1351,1,0.01,141.90800000,141.90800000,110.46800,-517.00
1550104647,1180.00,20260605,1,1346,0,0.01,1.12540000,1.13841000,110.45900,1180.00
1550131200,0.00,20260610,0,1354,0,0.01,111.03200000,110.53200000,110.45900,0.00
1550135700,0.00,20261001,0,1355,0,0.01,143.01700000,142.57500000,110.45900,0.00
1550139688,-442.00,20261001,1,1355,1,0.01,142.57500000,142.57500000,110.45900,-442.00
1550141100,0.00,20261001,0,1357,1,0.06,142.40800000,142.85000000,110.45900,0.00
1550161530,4770.00,20261001,1,1357,0,0.06,141.61300000,142.85000000,110.45900,4770.00
1550161536,-500.00,20260610,1,1354,1,0.01,110.53200000,110.53200000,110.45900,-500.00
1550488500,0.00,20261001,0,1360,0,0.01,142.86100000,142.46600000,110.58300,0.00
1550520000,28.00,20261001,1,1360,1,0.01,142.88900000,142.46600000,110.58300,28.00
1550572200,0.00,20261001,0,1362,0,0.06,143.19300000,142.55600000,110.60700,0.00
1550574000,0.00,20261000,0,1363,0,0.01,110.79900000,110.44800000,110.60700,0.00
1550604394,6882.00,20261001,1,1362,1,0.06,144.34000000,142.55600000,110.60700,6882.00
1550613600,-143.00,20261000,1,1363,1,0.01,110.65600000,110.44800000,110.60700,-143.00
1550638800,0.00,20260605,0,1366,0,0.01,1.13507000,1.13257000,110.83600,0.00
1550671819,-279.00,20260605,1,1366,1,0.01,1.13255000,1.13257000,110.83600,-279.00
1550746800,0.00,20261001,0,1368,0,0.06,144.92100000,144.19200000,110.68800,0.00
1550779200,-2904.00,20261001,1,1368,1,0.06,144.43700000,144.19200000,110.68800,-2904.00
1551258900,0.00,20261000,0,1370,1,0.01,110.38700000,110.62300000,110.98200,0.00
1551263400,0.00,20261001,0,1371,0,0.06,146.69600000,146.23500000,110.98200,0.00
1551280953,-237.00,20261000,1,1370,0,0.01,110.62400000,110.62300000,110.98200,-237.00
1551284321,4986.00,20261001,1,1371,1,0.06,147.52700000,146.23500000,110.98200,4986.00
1551347100,0.00,20261001,0,1374,1,0.01,147.13700000,147.60900000,111.37300,0.00
1551368619,-472.00,20261001,1,1374,0,0.01,147.60900000,147.60900000,111.37300,-472.00
1551434400,0.00,20261001,0,1376,0,0.01,148.27000000,147.75100000,111.92200,0.00
1551436200,0.00,20261000,0,1377,0,0.01,111.90500000,111.32000000,111.92200,0.00
1551470400,-437.00,20261001,1,1376,1,0.01,147.83300000,147.75100000,111.92200,-437.00
1551477600,96.00,20261000,1,1377,1,0.01,112.00100000,111.32000000,111.92200,96.00
1551722400,0.00,20260605,0,1380,1,0.01,1.13223000,1.13473000,111.73000,0.00
1551984665,1204.00,20260605,1,1380,0,0.01,1.12159000,1.13473000,111.54700,1204.00
1552036500,0.00,20261001,0,1382,1,0.01,145.13300000,145.97600000,111.15200,0.00
1552075200,656.00,20261001,1,1382,0,0.01,144.47700000,145.97600000,111.15200,656.00
1552295700,0.00,20261001,0,1384,0,0.01,144.51200000,143.84100000,111.21000,0.00
1552298400,0.00,20261000,0,1385,0,0.01,111.28500000,110.87400000,111.21000,0.00
1552327325,1209.00,20261001,1,1384,1,0.01,145.72100000,143.84100000,111.21000,1209.00
1552341600,-57.00,20261000,1,1385,1,0.01,111.22800000,110.87400000,111.21000,-57.00
1552420800,0.00,20260774,0,1388,0,0.01,1.30721000,1.30221000,111.33800,0.00
1552470300,0.00,20261001,0,1389,0,0.01,146.07900000,145.48200000,111.27100,0.00
1552492239,1224.00,20260774,1,1388,1,0.01,1.31822000,1.30221000,111.27100,1224.00
1552499801,1074.00,20261001,1,1389,1,0.01,147.15300000,145.48200000,111.27100,1074.00
1552558500,0.00,20261001,0,1392,0,0.06,148.62600000,147.67400000,111.64900,0.00
1552559400,0.00,20261000,0,1393,0,0.01,111.70200000,111.14100000,111.64900,0.00
1552566025,-5712.00,20261001,1,1392,1,0.06,147.67400000,147.67400000,111.64900,-5712.00
1552600800,0.00,20261000,1,1393,1,0.01,111.70200000,111.14100000,111.64900,0.00
1552643100,0.00,20261001,0,1396,1,0.01,147.65500000,148.10300000,111.45000,0.00
1552651122,-450.00,20261001,1,1396,0,0.01,148.10500000,148.10300000,111.45000,-450.00
1552665600,0.00,20260605,0,1398,0,0.01,1.13299000,1.13049000,111.45000,0.00
1553114005,1152.00,20260605,1,1398,1,0.01,1.14349000,1.13049000,110.62600,1152.00
1553161500,0.00,20261001,0,1400,1,0.06,145.61400000,146.25800000,110.84400,0.00
1553163300,0.00,20261000,0,1401,1,0.01,110.33600000,110.74200000,110.84400,0.00
1553184194,-406.00,20261000,1,1401,0,0.01,110.74200000,110.74200000,110.84400,-406.00
1553192497,6960.00,20261001,1,1400,0,0.06,144.45400000,146.25800000,110.84400,6960.00
1553251500,0.00,20261000,0,1404,1,0.01,110.56200000,110.89400000,109.92800,0.00
1553256000,0.00,20260774,0,1405,0,0.01,1.30996000,1.30496000,109.92800,0.00
1553276595,664.00,20261000,1,1404,0,0.01,109.89800000,110.89400000,109.92800,664.00
1553277330,1209.00,20260774,1,1405,1,0.01,1.32096000,1.30496000,109.92800,1209.00
1553513400,0.00,20261000,0,1408,0,0.02,110.20100000,109.70400000,109.97300,0.00
1553540400,0.00,20260605,0,1409,1,0.01,1.13112000,1.13362000,109.97300,0.00
1553551200,-472.00,20261000,1,1408,1,0.02,109.96500000,109.70400000,109.97300,-472.00
1553572800,0.00,20260610,0,1411,1,0.01,110.08600000,110.58600000,110.61100,0.00
1553599800,0.00,20261000,0,1412,0,0.01,110.33500000,109.95100000,110.61100,0.00
1553614719,-500.00,20260610,1,1411,0,0.01,110.58600000,110.58600000,110.61100,-500.00
1553637600,253.00,20261000,1,1412,1,0.01,110.58800000,109.95100000,110.61100,253.00
1553766300,0.00,20261001,0,1415,1,0.01,145.04200000,145.52000000,110.62800,0.00
1553803200,501.00,20261001,1,1415,0,0.01,144.54100000,145.52000000,110.62800,501.00
1553853600,0.00,20261001,0,1417,1,0.06,144.22700000,144.80500000,110.81000,0.00
1553863780,-3468.00,20261001,1,1417,0,0.06,144.80500000,144.80500000,110.81000,-3468.00
1554091200,0.00,20260610,0,1419,0,0.01,111.08400000,110.58400000,111.33600,0.00
1554111900,0.00,20261001,0,1420,0,0.01,145.30700000,144.51100000,111.33600,0.00
1554145421,1190.00,20260605,1,1409,0,0.01,1.12061000,1.13362000,111.33600,1190.00
1554148800,851.00,20261001,1,1420,1,0.01,146.15800000,144.51100000,111.33600,851.00
1554284700,0.00,20261001,0,1423,0,0.01,146.81100000,146.11400000,111.47600,0.00
1554321600,-33.00,20261001,1,1423,1,0.01,146.77800000,146.11400000,111.47600,-33.00
1554771600,0.00,20260605,0,1425,0,0.01,1.12610000,1.12360000,111.12400,0.00
1554840000,0.00,20260774,0,1426,1,0.01,1.30344000,1.30844000,111.12400,0.00
1554895840,-557.00,20260774,1,1426,0,0.01,1.30844000,1.30844000,110.99600,-557.00
1554912580,-285.00,20260605,1,1425,1,0.01,1.12360000,1.12360000,110.99600,-285.00
1555067700,0.00,20261000,0,1429,0,0.01,111.92600000,111.58200000,112.00300,0.00
1555067700,0.00,20261001,0,1430,0,0.01,146.26300000,145.77000000,112.00300,0.00
1555099200,0.00,20260774,0,1431,1,0.01,1.30868000,1.31368000,112.00300,0.00
1555099200,332.00,20261001,1,1430,1,0.01,146.59500000,145.77000000,112.00300,332.00
1555106400,151.00,20261000,1,1429,1,0.01,112.07700000,111.58200000,112.00300,151.00
1555642800,0.00,20260605,0,1434,1,0.01,1.12346000,1.12596000,111.90500,0.00
1555954958,1226.00,20260774,1,1431,0,0.01,1.29767000,1.31368000,111.92500,1226.00
1555957780,-276.00,20260605,1,1434,0,0.01,1.12596000,1.12596000,111.92500,-276.00
1556015400,0.00,20261001,0,1437,0,0.01,145.36500000,145.03600000,111.85200,0.00
1556035179,-329.00,20261001,1,1437,1,0.01,145.03600000,145.03600000,111.85200,-329.00
1556097300,0.00,20261001,0,1439,1,0.01,144.48800000,144.80900000,112.17700,0.00
1556110901,-321.00,20261001,1,1439,0,0.01,144.80900000,144.80900000,112.17700,-321.00
1556141260,1271.00,20260610,1,1419,1,0.01,112.18500000,110.58400000,112.17700,1271.00
1556183700,0.00,20261001,0,1442,1,0.01,144.46700000,144.87400000,111.61400,0.00
1556222400,430.00,20261001,1,1442,0,0.01,144.03700000,144.87400000,111.61400,430.00
1556271000,0.00,20261001,0,1444,0,0.01,144.25700000,143.83900000,111.55800,0.00
1556308800,81.00,20261001,1,1444,1,0.01,144.33800000,143.83900000,111.55800,81.00
1556532000,0.00,20261001,0,1446,0,0.01,144.53700000,144.12300000,111.63500,0.00
1556568000,87.00,20261001,1,1446,1,0.01,144.62400000,144.12300000,111.63500,87.00
1556616600,0.00,20261000,0,1448,1,0.01,111.36400000,111.68600000,111.41900,0.00
1556647200,0.00,20260629,0,1449,0,0.01,1.12058000,0.00000000,111.41900,0.00
1556647200,0.00,20260629,0,1450,1,0.01,1.30346000,0.00000000,111.41900,0.00
1556654400,0.00,20260610,0,1451,1,0.01,111.31900000,111.81900000,111.41900,0.00
1556661600,7.00,20261000,1,1448,0,0.01,111.35700000,111.68600000,111.41900,7.00
1556702100,0.00,20261001,0,1453,0,0.01,145.52100000,145.18400000,111.37100,0.00
1556737200,0.00,20260605,0,1454,0,0.01,1.12457000,1.12207000,111.37100,0.00
1556740800,-98.00,20261001,1,1453,1,0.01,145.42300000,145.18400000,111.37100,-98.00
1556746521,-280.00,20260605,1,1454,1,0.01,1.12206000,1.12207000,111.37100,-280.00
1556748000,0.00,20260605,0,1457,1,0.01,1.11939000,1.12189000,111.37100,0.00
1556758800,-59.00,20260605,1,1457,0,0.01,1.11996000,1.12189000,111.50200,-59.00
1556758800,0.00,20260605,0,1459,0,0.01,1.11996000,1.11746000,111.50200,0.00
1556794800,0.00,20261001,0,1460,0,0.01,145.85500000,145.32200000,111.50200,0.00
1556805760,-534.00,20261001,1,1460,1,0.01,145.32100000,145.32200000,111.50200,-534.00
1556820990,-280.00,20260605,1,1459,1,0.01,1.11745000,1.11746000,111.50200,-280.00
1557198000,0.00,20260605,0,1463,0,0.01,1.12015000,1.11765000,110.23400,0.00
1557221400,0.00,20261001,0,1464,0,0.01,145.35200000,144.88800000,110.23400,0.00
1557226059,-464.00,20261001,1,1464,1,0.01,144.88800000,144.88800000,110.23400,-464.00
1557229500,0.00,20261001,0,1466,1,0.06,144.77700000,145.20500000,110.23400,0.00
1557245035,-277.00,20260605,1,1463,1,0.01,1.11765000,1.11765000,110.23400,-277.00
1557253238,4626.00,20261001,1,1466,0,0.06,144.00600000,145.20500000,110.23400,4626.00
1557261079,975.00,20260610,1,1451,0,0.01,110.21900000,111.81900000,110.23400,975.00
1557312300,0.00,20261001,0,1470,1,0.01,143.60100000,144.06300000,110.08500,0.00
1557345600,339.00,20261001,1,1470,0,0.01,143.26200000,144.06300000,110.08500,339.00
1557397800,0.00,20261000,0,1472,1,0.01,109.74100000,110.12900000,109.77000,0.00
1557397800,0.00,20261001,0,1473,1,0.01,142.75000000,143.15100000,109.77000,0.00
1557421200,401.00,20260629,1,1450,0,0.01,1.29974000,0.00000000,109.77000,401.00
1557421200,267.00,20260629,1,1449,1,0.01,1.12346000,0.00000000,109.77000,267.00
1557432000,-221.00,20261001,1,1473,0,0.01,142.97100000,143.15100000,109.77000,-221.00
1557439200,48.00,20261000,1,1472,0,0.01,109.69300000,110.12900000,109.77000,48.00
1557763200,0.00,20260610,0,1478,1,0.01,109.13200000,109.63200000,109.29200,0.00
1557770400,0.00,20260605,0,1479,0,0.01,1.12434000,1.12184000,109.29200,0.00
1557809738,-526.00,20260610,1,1478,0,0.01,109.63300000,109.63200000,109.59800,-526.00
1557846925,-281.00,20260605,1,1479,1,0.01,1.12184000,1.12184000,109.59800,-281.00
1557856800,0.00,20260605,0,1482,0,0.01,1.12119000,1.11869000,109.59800,0.00
1557930630,-281.00,20260605,1,1482,1,0.01,1.11869000,1.11869000,109.58600,-281.00
1558002600,0.00,20261001,0,1484,1,0.01,140.26300000,140.68700000,109.83400,0.00
1558006893,-424.00,20261001,1,1484,0,0.01,140.68700000,140.68700000,109.83400,-424.00
1558085400,0.00,20261001,0,1486,1,0.01,140.05800000,140.56100000,110.03900,0.00
1558123200,68.00,20261001,1,1486,0,0.01,139.99000000,140.56100000,110.03900,68.00
1558433700,0.00,20261001,0,1488,1,0.06,139.83200000,140.26700000,110.48400,0.00
1558450706,-2610.00,20261001,1,1488,0,0.06,140.26700000,140.26700000,110.48400,-2610.00
1558516500,0.00,20261001,0,1490,1,0.01,140.23800000,140.60700000,110.34000,0.00
1558541657,664.00,20261001,1,1490,0,0.01,139.57400000,140.60700000,110.34000,664.00
1558604700,0.00,20261001,0,1492,1,0.01,139.10500000,139.62900000,109.59300,0.00
1558641600,245.00,20261001,1,1492,0,0.01,138.86000000,139.62900000,109.59300,245.00
1558948500,0.00,20261001,0,1494,0,0.01,139.56900000,139.06800000,109.51200,0.00
1558958548,-501.00,20261001,1,1494,1,0.01,139.06800000,139.06800000,109.51200,-501.00
1558962000,0.00,20260605,0,1496,0,0.01,1.11943000,1.11693000,109.51200,0.00
1559040300,0.00,20261001,0,1497,1,0.06,138.59600000,138.91600000,109.36200,0.00
1559042100,0.00,20261000,0,1498,1,0.02,109.29900000,109.62500000,109.36200,0.00
1559061396,-1920.00,20261001,1,1497,0,0.06,138.91600000,138.91600000,109.36200,-1920.00
1559066261,-281.00,20260605,1,1496,1,0.01,1.11693000,1.11693000,109.36200,-281.00
1559070000,0.00,20260605,0,1501,0,0.01,1.11771000,1.11521000,109.36200,0.00
1559080800,-376.00,20261000,1,1498,0,0.02,109.48700000,109.62500000,109.36200,-376.00
1559124338,-281.00,20260605,1,1501,1,0.01,1.11521000,1.11521000,109.58200,-281.00
1559210400,0.00,20261001,0,1504,0,0.01,138.73300000,138.28000000,109.61100,0.00
1559212200,0.00,20261000,0,1505,0,0.01,109.79100000,109.47100000,109.61100,0.00
1559238269,-453.00,20261001,1,1504,1,0.01,138.28000000,138.28000000,109.61100,-453.00
1559253600,-243.00,20261000,1,1505,1,0.01,109.54800000,109.47100000,109.61100,-243.00
1559275200,0.00,20260627,0,1508,1,0.01,137.76100000,138.58600000,108.27600,0.00
1559294100,0.00,20261001,0,1509,1,0.01,137.29600000,138.03600000,108.27600,0.00
1559329200,0.00,20260605,0,1510,1,0.01,1.11485000,1.11735000,108.27600,0.00
1559332800,232.00,20261001,1,1509,0,0.01,137.06400000,138.03600000,108.27600,232.00
1559336400,-205.00,20260605,1,1510,0,0.01,1.11672000,1.11735000,108.27600,-205.00
1559336400,0.00,20260605,0,1513,0,0.01,1.11672000,1.11422000,108.27600,0.00
1559642680,1139.00,20260605,1,1513,1,0.01,1.12724000,1.11422000,108.13500,1139.00
1559648700,0.00,20261000,0,1515,0,0.02,108.15900000,107.85300000,108.13500,0.00
1559685600,-208.00,20261000,1,1515,1,0.02,108.05500000,107.85300000,108.13500,-208.00
1559721600,0.00,20260622,0,1517,1,0.03,108.08500000,108.59300000,108.44700,0.00
1559812500,0.00,20261001,0,1518,1,0.01,137.00700000,137.48300000,108.39500,0.00
1559830781,-477.00,20261001,1,1518,0,0.01,137.48400000,137.48300000,108.39500,-477.00
1559903400,0.00,20261001,0,1520,0,0.01,137.90300000,137.55900000,108.19200,0.00
1559912377,-1677.00,20260622,1,1517,0,0.03,108.59400000,108.59300000,108.19200,-1677.00
1559923347,-344.00,20261001,1,1520,1,0.01,137.55900000,137.55900000,108.19200,-344.00
1560249900,0.00,20261001,0,1523,0,0.01,137.90200000,137.53900000,108.50900,0.00
1560283200,119.00,20261001,1,1523,1,0.01,138.02100000,137.53900000,108.50900,119.00
1560420900,0.00,20261001,0,1525,1,0.01,137.14800000,137.64800000,108.38500,0.00
1560438220,-510.00,20261001,1,1525,0,0.01,137.65800000,137.64800000,108.38500,-510.00
1560538800,0.00,20260605,0,1527,1,0.01,1.12161000,1.12411000,108.53900,0.00
1560785421,-280.00,20260605,1,1527,0,0.01,1.12423000,1.12411000,108.54000,-280.00
1560873600,0.00,20260605,0,1529,1,0.01,1.11983000,1.12233000,108.44500,0.00
1560935700,0.00,20261001,0,1530,1,0.01,135.96300000,136.38100000,108.10000,0.00
1560937500,0.00,20261000,0,1531,1,0.01,108.25800000,108.61300000,108.10000,0.00
1560946288,-419.00,20261001,1,1530,0,0.01,136.38200000,136.38100000,108.10000,-419.00
1560978021,-267.00,20260605,1,1529,0,0.01,1.12233000,1.12233000,108.10000,-267.00
1560981600,288.00,20261000,1,1531,0,0.01,107.97000000,108.61300000,108.10000,288.00
1561026600,0.00,20261001,0,1535,0,0.06,136.91100000,136.45100000,107.29100,0.00
1561043921,-2772.00,20261001,1,1535,1,0.06,136.44900000,136.45100000,107.29100,-2772.00
1561071600,0.00,20260605,0,1537,0,0.01,1.12919000,1.12669000,107.29100,0.00
1561113900,0.00,20261000,0,1538,0,0.02,107.45500000,107.04400000,107.32600,0.00
1561154400,-94.00,20261000,1,1538,1,0.02,107.40800000,107.04400000,107.32600,-94.00
1561367700,0.00,20261001,0,1540,0,0.01,137.10200000,136.67800000,107.29400,0.00
1561372505,-425.00,20261001,1,1540,1,0.01,136.67700000,136.67800000,107.29400,-425.00
1561386662,1117.00,20260605,1,1537,1,0.01,1.13971000,1.12669000,107.29400,1117.00
1561630500,0.00,20261001,0,1543,0,0.01,137.30500000,136.68900000,107.79300,0.00
1561655835,-619.00,20261001,1,1543,1,0.01,136.68600000,136.68900000,107.79300,-619.00
1561981500,0.00,20261001,0,1545,1,0.06,136.90800000,137.61200000,108.43800,0.00
1562011200,-1062.00,20261001,1,1545,0,0.06,137.08500000,137.61200000,108.43800,-1062.00
1562062500,0.00,20261001,0,1547,1,0.01,136.75500000,137.05900000,107.88100,0.00
1562066100,0.00,20261000,0,1548,1,0.01,108.21200000,108.47100000,107.88100,0.00
1562088399,548.00,20261001,1,1547,0,0.01,136.20700000,137.05900000,107.88100,548.00
1562104800,374.00,20261000,1,1548,0,0.01,107.83800000,108.47100000,107.88100,374.00
1562115600,0.00,20260605,0,1551,1,0.01,1.12890000,1.13140000,107.81000,0.00
1562145300,0.00,20261001,0,1552,1,0.01,135.34800000,135.79900000,107.81000,0.00
1562184000,-265.00,20261001,1,1552,0,0.01,135.61300000,135.79900000,107.81000,-265.00
1562580000,0.00,20261001,0,1554,1,0.01,135.60600000,135.93000000,108.71700,0.00
1562589659,-325.00,20261001,1,1554,0,0.01,135.93100000,135.93000000,108.71700,-325.00
1562663700,0.00,20261001,0,1556,1,0.06,135.97500000,136.22000000,108.85100,0.00
1562682219,2646.00,20261001,1,1556,0,0.06,135.53400000,136.22000000,108.85100,2646.00
1563279239,2439.00,20260627,1,1508,0,0.01,134.45800000,138.58600000,108.23800,2439.00
1563447600,579.00,20260605,1,1551,0,0.01,1.12394000,1.13140000,107.28700,579.00
1563447600,0.00,20260605,0,1560,0,0.01,1.12394000,1.12144000,107.28700,0.00
1563447600,0.00,20261001,0,1561,0,0.06,134.34900000,133.93100000,107.28700,0.00
1563454800,-82.00,20260605,1,1560,1,0.01,1.12318000,1.12144000,107.28700,-82.00
1563454800,0.00,20260605,0,1563,1,0.01,1.12318000,1.12568000,107.28700,0.00
1563480000,1182.00,20261001,1,1561,1,0.06,134.54600000,133.93100000,107.28700,1182.00
1563485119,-270.00,20260605,1,1563,0,0.01,1.12568000,1.12568000,107.28700,-270.00
1563487200,0.00,20260605,0,1566,0,0.01,1.12685000,1.12435000,107.28700,0.00
1563499479,-279.00,20260605,1,1566,1,0.01,1.12433000,1.12435000,107.69400,-279.00
1563771600,0.00,20260605,0,1568,1,0.01,1.12143000,1.12393000,107.86200,0.00
1563825600,0.00,20260610,0,1569,1,0.01,107.88100000,108.38100000,107.86200,0.00
1563868800,-294.00,20260610,1,1569,0,0.01,108.15000000,108.38100000,108.21700,-294.00
1563868800,0.00,20260610,0,1571,0,0.01,108.15000000,107.65000000,108.21700,0.00
1563876900,0.00,20261001,0,1572,1,0.06,134.45600000,134.70600000,108.21700,0.00
1563889110,-1500.00,20261001,1,1572,0,0.06,134.70600000,134.70600000,108.21700,-1500.00
1563964200,0.00,20261000,0,1574,1,0.01,108.05000000,108.27300000,108.17700,0.00
1564005600,-167.00,20261000,1,1574,0,0.01,108.21700000,108.27300000,108.17700,-167.00
1564051500,0.00,20261001,0,1576,1,0.01,134.76600000,135.03200000,108.62700,0.00
1564060466,-267.00,20261001,1,1576,0,0.01,135.03300000,135.03200000,108.62700,-267.00
1564068094,1148.00,20260605,1,1568,0,0.01,1.11092000,1.12393000,108.62700,1148.00
1564132500,0.00,20261001,0,1579,1,0.01,135.06400000,135.33100000,108.65400,0.00
1564164005,481.00,20261001,1,1579,0,0.01,134.58300000,135.33100000,108.65400,481.00
1564396200,0.00,20261001,0,1581,1,0.01,134.10900000,134.47100000,108.77500,0.00
1564414233,651.00,20261001,1,1581,0,0.01,133.45800000,134.47100000,108.77500,651.00
1564631187,1171.00,20260610,1,1571,1,0.01,109.25100000,107.65000000,107.33500,1171.00
1564632000,0.00,20260610,0,1584,0,0.01,109.25700000,108.75700000,107.33500,0.00
1564674145,-500.00,20260610,1,1584,1,0.01,108.75700000,108.75700000,107.33500,-500.00
1564718400,0.00,20260610,0,1586,1,0.01,107.11900000,107.61900000,106.59700,0.00
1564979662,1075.00,20260610,1,1586,0,0.01,106.01900000,107.61900000,105.94500,1075.00
1565020800,0.00,20260605,0,1588,0,0.01,1.11772000,1.11522000,105.94500,0.00
1565605800,0.00,20261001,0,1589,0,0.06,127.28500000,126.68100000,105.29400,0.00
1565640000,-480.00,20261001,1,1589,1,0.06,127.20500000,126.68100000,105.29400,-480.00
1565688600,0.00,20261001,0,1591,1,0.06,126.95000000,127.31900000,106.74300,0.00
1565714247,-2214.00,20261001,1,1591,0,0.06,127.31900000,127.31900000,106.74300,-2214.00
1565802680,-307.00,20260605,1,1588,1,0.01,1.11522000,1.11522000,105.90400,-307.00
1565862300,0.00,20261000,0,1594,0,0.01,106.38700000,105.71600000,106.12100,0.00
1565876321,-671.00,20261000,1,1594,1,0.01,105.71600000,105.71600000,106.12100,-671.00
1565899200,0.00,20260605,0,1596,1,0.01,1.10994000,1.11244000,106.12100,0.00
1565949600,0.00,20261001,0,1597,0,0.01,128.68400000,128.14700000,106.36900,0.00
1565985600,498.00,20261001,1,1597,1,0.01,129.18200000,128.14700000,106.36900,498.00
1566583541,-240.00,20260605,1,1596,0,0.01,1.11244000,1.11244000,105.41100,-240.00
1567022400,0.00,20260605,0,1600,1,0.01,1.10785000,1.11035000,106.11800,0.00
1567072800,0.00,20261001,0,1601,1,0.01,129.12200000,129.53100000,106.51500,0.00
1567078118,-409.00,20261001,1,1601,0,0.01,129.53100000,129.53100000,106.51500,-409.00
1567079100,0.00,20261000,0,1603,0,0.02,106.25300000,105.82700000,106.51500,0.00
1567116000,756.00,20261000,1,1603,1,0.02,106.63100000,105.82700000,106.51500,756.00
1567196832,1129.00,20260605,1,1600,0,0.01,1.09734000,1.11035000,106.25300,1129.00
1567415700,0.00,20261001,0,1606,0,0.01,129.30600000,128.73800000,106.21200,0.00
1567422544,-568.00,20261001,1,1606,1,0.01,128.73800000,128.73800000,106.21200,-568.00
1567423800,0.00,20261001,0,1608,1,0.06,128.57600000,129.06800000,106.21200,0.00
1567454400,2352.00,20261001,1,1608,0,0.06,128.18400000,129.06800000,106.21200,2352.00
1567503900,0.00,20261001,0,1610,1,0.01,127.31200000,128.07500000,105.92800,0.00
1567518456,-764.00,20261001,1,1610,0,0.01,128.07600000,128.07500000,105.92800,-764.00
1567588500,0.00,20261000,0,1612,0,0.01,106.20600000,105.82600000,106.38300,0.00
1567588500,0.00,20261001,0,1613,0,0.01,128.72500000,127.90300000,106.38300,0.00
1567627200,1035.00,20261001,1,1613,1,0.01,129.76000000,127.90300000,106.38300,1035.00
1567634400,199.00,20261000,1,1612,1,0.01,106.40500000,105.82600000,106.38300,199.00
1567674900,0.00,20261001,0,1616,1,0.06,130.16300000,130.58800000,106.93800,0.00
1567681060,-2550.00,20261001,1,1616,0,0.06,130.58800000,130.58800000,106.93800,-2550.00
1567683900,0.00,20261001,0,1618,0,0.01,130.75700000,130.28700000,106.93800,0.00
1567691559,847.00,20261001,1,1618,1,0.01,131.60400000,130.28700000,106.93800,847.00
1568282400,0.00,20260605,0,1620,0,0.01,1.10142000,1.09892000,108.09500,0.00
1568299720,-268.00,20260605,1,1620,1,0.01,1.09890000,1.09892000,108.09500,-268.00
1568300400,0.00,20260605,0,1622,1,0.01,1.09656000,1.09906000,108.09500,0.00
1568305539,-267.00,20260605,1,1622,0,0.01,1.09907000,1.09906000,108.09500,-267.00
1568307600,0.00,20260605,0,1624,0,0.01,1.10355000,1.10105000,108.09500,0.00
1568368800,0.00,20261000,0,1625,1,0.02,107.97600000,108.25800000,108.07300,0.00
1568376000,0.00,20260774,0,1626,0,0.01,1.24491000,1.23991000,108.07300,0.00
1568412000,-326.00,20261000,1,1625,0,0.02,108.13900000,108.25800000,108.07300,-326.00
1568653364,-283.00,20260605,1,1624,1,0.01,1.10105000,1.10105000,108.12900,-283.00
1568656481,-543.00,20260774,1,1626,1,0.01,1.23990000,1.23991000,108.12900,-543.00
1568743200,0.00,20260605,0,1630,0,0.01,1.10477000,1.10227000,108.11300,0.00
1568836800,0.00,20260610,0,1631,0,0.01,108.17200000,107.67200000,108.44200,0.00
1568843014,-278.00,20260605,1,1630,1,0.01,1.10227000,1.10227000,108.44200,-278.00
1568844000,0.00,20260605,0,1633,1,0.01,1.10329000,1.10579000,108.44200,0.00
1568891081,-266.00,20260605,1,1633,0,0.01,1.10579000,1.10579000,108.02100,-266.00
1569010625,-486.00,20260610,1,1631,1,0.01,107.66600000,107.67200000,107.55400,-486.00
1569344400,0.00,20260605,0,1636,1,0.01,1.09966000,1.10216000,107.06200,0.00
1569362615,-269.00,20260605,1,1636,0,0.01,1.10216000,1.10216000,107.06200,-269.00
1569366000,0.00,20260605,0,1638,1,0.01,1.10172000,1.10422000,107.06200,0.00
1569405600,0.00,20261001,0,1639,0,0.01,133.97700000,133.57500000,107.76800,0.00
1569406346,-404.00,20261001,1,1639,1,0.01,133.57300000,133.57500000,107.76800,-404.00
1569408300,0.00,20261001,0,1641,1,0.06,133.47100000,133.84300000,107.76800,0.00
1569441600,1632.00,20261001,1,1641,0,0.06,133.19900000,133.84300000,107.76800,1632.00
1569537335,1138.00,20260605,1,1638,0,0.01,1.09122000,1.10422000,107.82900,1138.00
1569924900,0.00,20261001,0,1644,0,0.01,133.16100000,132.80000000,107.73900,0.00
1569926700,0.00,20261000,0,1645,0,0.01,108.40400000,108.04200000,107.73900,0.00
1569942220,-362.00,20261001,1,1644,1,0.01,132.79900000,132.80000000,107.73900,-362.00
1569949417,-362.00,20261000,1,1645,1,0.01,108.04200000,108.04200000,107.73900,-362.00
1570095900,0.00,20261001,0,1648,1,0.01,131.51100000,131.86300000,106.91000,0.00
1570096800,0.00,20261000,0,1649,0,0.02,107.27200000,106.96300000,106.91000,0.00
1570098235,-352.00,20261001,1,1648,0,0.01,131.86300000,131.86300000,106.91000,-352.00
1570113376,-620.00,20261000,1,1649,1,0.02,106.96200000,106.96300000,106.91000,-620.00
1570194000,0.00,20260605,0,1652,0,0.01,1.09789000,1.09539000,106.90000,0.00
1570532400,0.00,20261001,0,1653,1,0.06,131.64800000,132.01100000,107.07200,0.00
1570537983,3936.00,20261001,1,1653,0,0.06,130.99200000,132.01100000,107.07200,3936.00
1570543200,0.00,20260629,0,1655,1,0.01,1.09871000,0.00000000,107.07200,0.00
1570543200,0.00,20260629,0,1656,0,0.01,1.22193000,0.00000000,107.07200,0.00
1570557086,-279.00,20260605,1,1652,1,0.01,1.09539000,1.09539000,107.07200,-279.00
1570564800,0.00,20260610,0,1658,1,0.01,107.14600000,107.64600000,107.07200,0.00
1570582800,0.00,20260605,0,1659,0,0.01,1.09554000,1.09304000,107.47200,0.00
1570617900,0.00,20261000,0,1660,0,0.01,107.27400000,106.93200000,107.47200,0.00
1570658400,266.00,20261000,1,1660,1,0.01,107.54000000,106.93200000,107.47200,266.00
1570682313,-550.00,20260610,1,1658,0,0.01,107.64600000,107.64600000,107.95600,-550.00
1570708800,0.00,20260774,0,1663,1,0.01,1.22287000,1.22787000,107.95600,0.00
1570727954,-538.00,20260774,1,1663,0,0.01,1.22787000,1.22787000,107.95600,-538.00
1570737600,0.00,20260774,0,1665,0,0.01,1.23960000,1.23460000,107.95600,0.00
1570741200,2522.00,20260629,1,1656,1,0.01,1.24538000,0.00000000,107.95600,2522.00
1570741200,-299.00,20260629,1,1655,0,0.01,1.10156000,0.00000000,107.95600,-299.00
1570785300,0.00,20261001,0,1668,0,0.01,134.58600000,134.10700000,108.42000,0.00
1570794279,-493.00,20261001,1,1668,1,0.01,134.09300000,134.10700000,108.42000,-493.00
1570795377,1183.00,20260774,1,1665,1,0.01,1.25060000,1.23460000,108.42000,1183.00
1570803940,1118.00,20260605,1,1659,1,0.01,1.10604000,1.09304000,108.42000,1118.00
1570813200,0.00,20260629,0,1672,0,0.01,1.10535000,0.00000000,108.42000,0.00
1570813200,0.00,20260629,0,1673,1,0.01,1.26829000,0.00000000,108.42000,0.00
1571045400,0.00,20261001,0,1674,1,0.01,136.02700000,136.97500000,108.39000,0.00
1571073683,-949.00,20261001,1,1674,0,0.01,136.97600000,136.97500000,108.39000,-949.00
1571131800,0.00,20261001,0,1676,0,0.01,137.20600000,136.60600000,108.85100,0.00
1571141377,-608.00,20261001,1,1676,1,0.01,136.59800000,136.60600000,108.85100,-608.00
1571220900,0.00,20261001,0,1678,1,0.01,138.37900000,139.03400000,108.75400,0.00
1571234741,-655.00,20261001,1,1678,0,0.01,139.03400000,139.03400000,108.75400,-655.00
1571398200,0.00,20261001,0,1680,0,0.06,140.17300000,139.48600000,108.37800,0.00
1571428800,120.00,20261001,1,1680,1,0.06,140.19300000,139.48600000,108.37800,120.00
1571655600,0.00,20261001,0,1682,0,0.06,140.58900000,139.65400000,108.59800,0.00
1571656500,0.00,20261000,0,1683,0,0.01,108.62600000,108.29000000,108.59800,0.00
1571688000,1770.00,20261001,1,1682,1,0.06,140.88400000,139.65400000,108.59800,1770.00
1571695200,-39.00,20261000,1,1683,1,0.01,108.58700000,108.29000000,108.59800,-39.00
1571846400,0.00,20260627,0,1686,0,0.01,139.79700000,138.37600000,108.69000,0.00
1572382800,0.00,20260605,0,1687,1,0.01,1.11096000,1.11346000,108.87700,0.00
1572440400,-146.00,20260605,1,1687,0,0.01,1.11234000,1.11346000,108.84300,-146.00
1572440400,0.00,20260605,0,1689,0,0.01,1.11234000,1.10984000,108.84300,0.00
1572467779,-274.00,20260605,1,1689,1,0.01,1.10982000,1.10984000,108.84300,-274.00
1572520500,0.00,20261000,0,1691,1,0.01,108.40400000,108.86700000,108.01100,0.00
1572559200,400.00,20261000,1,1691,0,0.01,108.00400000,108.86700000,108.01100,400.00
1572627600,0.00,20260605,0,1693,0,0.01,1.11496000,1.11246000,108.17900,0.00
1572903866,-277.00,20260605,1,1693,1,0.01,1.11246000,1.11246000,108.56300,-277.00
1572948000,0.00,20260605,0,1695,0,0.01,1.11365000,1.11115000,109.14400,0.00
1572950700,0.00,20261000,0,1696,0,0.01,108.90600000,108.54500000,109.14400,0.00
1572958800,-174.00,20260605,1,1695,1,0.01,1.11205000,1.11115000,109.14400,-174.00
1572958800,0.00,20260605,0,1698,1,0.01,1.11205000,1.11455000,109.14400,0.00
1572991200,306.00,20261000,1,1696,1,0.01,109.21200000,108.54500000,109.14400,306.00
1573031700,0.00,20261001,0,1700,1,0.01,140.26700000,140.58900000,108.96200,0.00
1573036356,-322.00,20261001,1,1700,0,0.01,140.58900000,140.58900000,108.96200,-322.00
1573121700,0.00,20261001,0,1702,0,0.06,140.28100000,139.58500000,109.27500,0.00
1573126200,0.00,20261000,0,1703,0,0.02,109.04800000,108.63400000,109.27500,0.00
1573138800,-1574.00,20260629,1,1673,0,0.01,1.28254000,0.00000000,109.27500,-1574.00
1573138800,111.00,20260629,1,1672,1,0.01,1.10753000,0.00000000,109.27500,111.00
1573156800,-174.00,20261001,1,1702,1,0.06,140.25200000,139.58500000,109.27500,-174.00
1573164000,492.00,20261000,1,1703,1,0.02,109.29400000,108.63400000,109.27500,492.00
1573556400,0.00,20261001,0,1708,1,0.06,140.02400000,140.46100000,108.99700,0.00
1573566170,1168.00,20260605,1,1698,0,0.01,1.10155000,1.11455000,108.99700,1168.00
1573586202,-2634.00,20261001,1,1708,0,0.06,140.46300000,140.46100000,108.99700,-2634.00
1573644600,0.00,20261001,0,1711,1,0.06,139.84300000,140.14800000,108.80900,0.00
1573675200,288.00,20261001,1,1711,0,0.06,139.79500000,140.14800000,108.80900,288.00
1573731900,0.00,20261000,0,1713,1,0.01,108.56400000,108.84900000,108.41200,0.00
1573768800,170.00,20261000,1,1713,0,0.01,108.39400000,108.84900000,108.41200,170.00
1574068500,0.00,20261001,0,1715,0,0.01,140.98800000,140.40000000,108.66500,0.00
1574071200,0.00,20261000,0,1716,0,0.01,108.93500000,108.65500000,108.66500,0.00
1574093953,-281.00,20261000,1,1716,1,0.01,108.65400000,108.65500000,108.66500,-281.00
1574100000,0.00,20260605,0,1718,0,0.01,1.10826000,1.10576000,108.66500,0.00
1574107200,-226.00,20261001,1,1715,1,0.01,140.76200000,140.40000000,108.66500,-226.00
1574154900,0.00,20261001,0,1720,0,0.01,140.93000000,140.46200000,108.52500,0.00
1574163900,0.00,20261000,0,1721,0,0.02,108.79600000,108.44900000,108.52500,0.00
1574182288,-469.00,20261001,1,1720,1,0.01,140.46100000,140.46200000,108.52500,-469.00
1574187142,-694.00,20261000,1,1721,1,0.02,108.44900000,108.44900000,108.52500,-694.00
1574246439,-286.00,20260605,1,1718,1,0.01,1.10575000,1.10576000,108.59800,-286.00
1574247600,0.00,20261001,0,1725,1,0.01,139.71900000,140.21400000,108.59800,0.00
1574266166,-495.00,20261001,1,1725,0,0.01,140.21400000,140.21400000,108.59800,-495.00
1574330400,0.00,20261001,0,1727,0,0.06,140.46900000,140.02700000,108.61100,0.00
1574361034,-2652.00,20261001,1,1727,1,0.06,140.02700000,140.02700000,108.61100,-2652.00
1574421300,0.00,20261001,0,1729,1,0.06,139.92100000,140.35500000,108.63800,0.00
1574452800,2862.00,20261001,1,1729,0,0.06,139.44400000,140.35500000,108.63800,2862.00
1574456400,0.00,20260605,0,1731,1,0.01,1.10257000,1.10507000,108.63800,0.00
1574676000,0.00,20261001,0,1732,0,0.01,140.07600000,139.64000000,108.91700,0.00
1574712000,351.00,20261001,1,1732,1,0.01,140.42700000,139.64000000,108.91700,351.00
1574759700,0.00,20261001,0,1734,1,0.06,140.37100000,140.80200000,109.02600,0.00
1574798400,486.00,20261001,1,1734,0,0.06,140.29000000,140.80200000,109.02600,486.00
1575306018,-247.00,20260605,1,1731,0,0.01,1.10507000,1.10507000,108.97000,-247.00
1575342000,0.00,20260605,0,1737,0,0.01,1.10738000,1.10488000,108.63500,0.00
1575365400,0.00,20261001,0,1738,0,0.01,141.42100000,140.99400000,108.63500,0.00
1575394602,-427.00,20261001,1,1738,1,0.01,140.99400000,140.99400000,108.63500,-427.00
1575451800,0.00,20261001,0,1740,1,0.01,140.85700000,141.19300000,108.86500,0.00
1575454161,-339.00,20261001,1,1740,0,0.01,141.19600000,141.19300000,108.86500,-339.00
1575454500,0.00,20261001,0,1742,0,0.06,141.37800000,141.02400000,108.86500,0.00
1575457662,3828.00,20261001,1,1742,1,0.06,142.01600000,141.02400000,108.86500,3828.00
1575458100,0.00,20261000,0,1744,0,0.02,108.72700000,108.48500000,108.86500,0.00
1575489600,0.00,20260610,0,1745,0,0.01,108.86500000,108.36500000,108.86500,0.00
1575496800,388.00,20261000,1,1744,1,0.02,108.92100000,108.48500000,108.86500,388.00
1575532800,-74.00,20260610,1,1745,1,0.01,108.78100000,108.36500000,108.76000,-74.00
1575532800,0.00,20260610,0,1748,1,0.01,108.78100000,109.28100000,108.76000,0.00
1575654211,-293.00,20260605,1,1737,1,0.01,1.10488000,1.10488000,108.55800,-293.00
1576144800,0.00,20261001,0,1750,0,0.01,143.63000000,143.27000000,109.29000,0.00
1576152004,-360.00,20261001,1,1750,1,0.01,143.27000000,143.27000000,109.29000,-360.00
1576173526,-625.00,20260610,1,1748,0,0.01,109.28100000,109.28100000,109.29000,-625.00
1576180800,0.00,20260610,0,1753,0,0.01,109.26700000,108.76700000,109.29000,0.00
1576195500,7405.00,20260627,1,1686,1,0.01,146.94300000,138.37600000,109.34400,7405.00
1576578600,0.00,20261001,0,1755,1,0.01,144.53800000,145.90100000,109.47200,0.00
1576612800,808.00,20261001,1,1755,0,0.01,143.73000000,145.90100000,109.47200,808.00
1577062800,0.00,20260650,0,1757,0,0.03,75.46000000,0.00000000,109.38900,0.00
1577077200,0.00,20260605,0,1758,1,0.01,1.10783000,1.11033000,109.38900,0.00
1577386816,-266.00,20260605,1,1758,0,0.01,1.11033000,1.11033000,109.62300,-266.00
1577439900,0.00,20261001,0,1760,0,0.01,142.69300000,142.15100000,109.45700,0.00
1577466000,0.00,20260605,0,1761,0,0.01,1.11584000,1.11334000,109.45700,0.00
1577476800,685.00,20261001,1,1760,1,0.01,143.37800000,142.15100000,109.45700,685.00
1577726141,-381.00,20260610,1,1753,1,0.01,108.76600000,108.76700000,108.86500,-381.00
1577736000,0.00,20260610,0,1764,1,0.01,108.88500000,109.38500000,108.86500,0.00
1577960100,0.00,20261000,0,1765,0,0.02,108.81200000,108.58800000,108.55900,0.00
1577985302,-448.00,20261000,1,1765,1,0.02,108.58800000,108.58800000,108.55900,-448.00
1578043800,0.00,20261001,0,1767,1,0.01,141.61700000,142.55600000,108.10300,0.00
1578053432,-304.00,20260605,1,1761,1,0.01,1.11334000,1.11334000,108.10300,-304.00
1578081600,300.00,20261001,1,1767,0,0.01,141.31700000,142.55600000,108.10300,300.00
1578272442,975.00,20260610,1,1764,0,0.01,107.78500000,109.38500000,108.35900,975.00
1578303000,0.00,20261001,0,1771,0,0.01,141.53200000,140.94400000,108.35900,0.00
1578334778,1059.00,20261001,1,1771,1,0.01,142.59100000,140.94400000,108.35900,1059.00
1578390300,0.00,20261001,0,1773,1,0.01,142.44100000,142.84400000,108.43400,0.00
1578392672,-410.00,20261001,1,1773,0,0.01,142.85100000,142.84400000,108.43400,-410.00
1578393000,0.00,20261001,0,1775,0,0.06,143.00600000,142.54900000,108.43400,0.00
1578400483,-2778.00,20261001,1,1775,1,0.06,142.54300000,142.54900000,108.43400,-2778.00
1578445200,-2630.00,20260650,1,1757,1,0.03,74.48400000,0.00000000,109.10200,-2630.00
1578476700,0.00,20261001,0,1778,0,0.01,142.65400000,141.39800000,109.10200,0.00
1578513600,0.00,20260610,0,1779,0,0.01,109.09900000,108.59900000,109.10200,0.00
1578513600,316.00,20261001,1,1778,1,0.01,142.97000000,141.39800000,109.10200,316.00
1578570300,0.00,20261001,0,1781,1,0.06,142.64500000,143.32100000,109.51200,0.00
1578574800,0.00,20260605,0,1782,1,0.01,1.11094000,1.11344000,109.51200,0.00
1578600000,-2412.00,20261001,1,1781,0,0.06,143.04700000,143.32100000,109.51200,-2412.00
1578913379,-270.00,20260605,1,1782,0,0.01,1.11347000,1.11344000,109.93400,-270.00
1578970542,1140.00,20260610,1,1779,1,0.01,110.19900000,108.59900000,109.98000,1140.00
1578993300,0.00,20261001,0,1786,1,0.06,142.72800000,143.11600000,109.98000,0.00
1579009782,-2370.00,20261001,1,1786,0,0.06,143.12300000,143.11600000,109.98000,-2370.00
1579129200,0.00,20260605,0,1788,0,0.01,1.11527000,1.11277000,109.88800,0.00
1579200640,-284.00,20260605,1,1788,1,0.01,1.11276000,1.11277000,110.14500,-284.00
1579201200,0.00,20260605,0,1790,1,0.01,1.11302000,1.11552000,110.14500,0.00
1579257900,0.00,20261001,0,1791,0,0.01,144.35500000,143.98100000,110.16200,0.00
1579260752,-374.00,20261001,1,1791,1,0.01,143.98100000,143.98100000,110.16200,-374.00
1579261500,0.00,20261001,0,1793,1,0.06,143.80400000,144.21800000,110.16200,0.00
1579291200,2118.00,20261001,1,1793,0,0.06,143.45100000,144.21800000,110.16200,2118.00
1579514400,0.00,20261001,0,1795,1,0.06,142.90400000,143.27800000,110.17300,0.00
1579528505,-2250.00,20261001,1,1795,0,0.06,143.27900000,143.27800000,110.17300,-2250.00
1579607100,0.00,20261001,0,1797,0,0.06,143.39300000,142.95600000,109.85300,0.00
1579636800,12.00,20261001,1,1797,1,0.06,143.39500000,142.95600000,109.85300,12.00
1579809600,0.00,20260774,0,1799,0,0.01,1.31107000,1.30607000,109.48300,0.00
1579862700,0.00,20261001,0,1800,0,0.01,143.97600000,143.61500000,109.27500,0.00
1579866991,-361.00,20261001,1,1800,1,0.01,143.61500000,143.61500000,109.27500,-361.00
1579867200,-194.00,20260774,1,1799,1,0.01,1.30932000,1.30607000,109.27500,-194.00
1579867200,0.00,20260774,0,1803,1,0.01,1.30932000,1.31432000,109.27500,0.00
1579887272,1187.00,20260605,1,1790,0,0.01,1.10247000,1.11552000,109.27500,1187.00
1580117400,0.00,20261001,0,1805,0,0.01,142.58400000,142.15000000,108.88200,0.00
1580147619,-434.00,20261001,1,1805,1,0.01,142.15000000,142.15000000,108.88200,-434.00
1580206500,0.00,20261001,0,1807,1,0.06,141.94800000,142.37700000,109.13700,0.00
1580233637,1210.00,20260774,1,1803,0,0.01,1.29832000,1.31432000,109.13700,1210.00
1580241600,492.00,20261001,1,1807,0,0.06,141.86600000,142.37700000,109.13700,492.00
1580289300,0.00,20261001,0,1810,1,0.01,141.94800000,142.28600000,109.00200,0.00
1580297400,0.00,20261000,0,1811,1,0.01,109.02800000,109.26200000,109.00200,0.00
1580328000,-90.00,20261001,1,1810,0,0.01,142.03800000,142.28600000,109.00200,-90.00
1580331643,-240.00,20261000,1,1811,0,0.01,109.26800000,109.26200000,109.00200,-240.00
1580375700,0.00,20261001,0,1814,1,0.01,141.54200000,141.92700000,108.94700,0.00
1580392760,-386.00,20261001,1,1814,0,0.01,141.92800000,141.92700000,108.94700,-386.00
1580414400,0.00,20260610,0,1816,1,0.01,108.60500000,109.10500000,108.94700,0.00
1580439797,-526.00,20260610,1,1816,0,0.01,109.10600000,109.10500000,108.34500,-526.00
1580462100,0.00,20261001,0,1818,0,0.01,143.01700000,142.57000000,108.34500,0.00
1580500800,0.00,20260610,0,1819,1,0.01,108.42200000,108.92200000,108.34500,0.00
1580500800,58.00,20261001,1,1818,1,0.01,143.07500000,142.57000000,108.34500,58.00
1580722200,0.00,20261000,0,1821,0,0.01,108.63300000,108.30400000,108.67600,0.00
1580724900,0.00,20261001,0,1822,1,0.01,142.68300000,143.02700000,108.67600,0.00
1580727600,0.00,20260605,0,1823,0,0.01,1.10666000,1.10416000,108.67600,0.00
1580731052,629.00,20261001,1,1822,0,0.01,142.05400000,143.02700000,108.67600,629.00
1580749217,-279.00,20260605,1,1823,1,0.01,1.10409000,1.10416000,108.67600,-279.00
1580752800,0.00,20260605,0,1826,0,0.01,1.10561000,1.10311000,108.67600,0.00
1580767200,43.00,20261000,1,1821,1,0.01,108.67600000,108.30400000,108.67600,43.00
1580806646,-550.00,20260610,1,1819,0,0.01,108.92200000,108.92200000,109.52000,-550.00
1580812200,0.00,20261000,0,1829,0,0.01,109.05100000,108.54700000,109.52000,0.00
1580816700,0.00,20261001,0,1830,0,0.01,141.85700000,141.11100000,109.52000,0.00
1580846400,791.00,20261001,1,1830,1,0.01,142.64800000,141.11100000,109.52000,791.00
1580853600,448.00,20261000,1,1829,1,0.01,109.49900000,108.54700000,109.52000,448.00
1580894100,0.00,20261001,0,1833,1,0.01,142.29200000,142.67200000,109.81200,0.00
1580897295,-381.00,20261001,1,1833,0,0.01,142.67300000,142.67200000,109.81200,-381.00
1580898600,0.00,20261001,0,1835,0,0.06,142.78300000,142.45000000,109.81200,0.00
1580902200,0.00,20261000,0,1836,0,0.02,109.63600000,109.36600000,109.81200,0.00
1580902530,-288.00,20260605,1,1826,1,0.01,1.10311000,1.10311000,109.81200,-288.00
1580920739,-2034.00,20261001,1,1835,1,0.06,142.44400000,142.45000000,109.81200,-2034.00
1580940000,398.00,20261000,1,1836,1,0.02,109.83500000,109.36600000,109.81200,398.00
1581500700,0.00,20261001,0,1840,0,0.01,142.50600000,142.21400000,110.07000,0.00
1581523200,0.00,20260774,0,1841,1,0.01,1.29655000,1.30155000,110.07000,0.00
1581537600,164.00,20261001,1,1840,1,0.01,142.67000000,142.21400000,110.07000,164.00
1581603195,-550.00,20260774,1,1841,0,0.01,1.30155000,1.30155000,109.80700,-550.00
1581624000,0.00,20260774,0,1844,0,0.01,1.30566000,1.30066000,109.80700,0.00
1581667200,-128.00,20260774,1,1844,1,0.01,1.30450000,1.30066000,109.77100,-128.00
1581667200,0.00,20260774,0,1846,1,0.01,1.30450000,1.30950000,109.77100,0.00
1582020900,0.00,20261001,0,1847,1,0.01,142.41300000,142.81600000,109.87200,0.00
1582028380,-403.00,20261001,1,1847,0,0.01,142.81600000,142.81600000,109.87200,-403.00
1582106400,0.00,20261001,0,1849,0,0.01,143.23200000,142.83600000,111.35800,0.00
1582109100,0.00,20261000,0,1850,0,0.01,110.16800000,109.83400000,111.35800,0.00
1582131119,669.00,20261000,1,1850,1,0.01,110.83700000,109.83400000,111.35800,669.00
1582134356,1216.00,20260774,1,1846,0,0.01,1.29350000,1.30950000,111.35800,1216.00
1582137508,712.00,20261001,1,1849,1,0.01,143.94400000,142.83600000,111.35800,712.00
1582191000,0.00,20261000,0,1854,0,0.01,111.80600000,111.11100000,112.09000,0.00
1582191000,0.00,20261001,0,1855,0,0.01,144.20000000,143.67200000,112.09000,0.00
1582228800,57.00,20261001,1,1855,1,0.01,144.25700000,143.67200000,112.09000,57.00
1582236000,254.00,20261000,1,1854,1,0.01,112.06000000,111.11100000,112.09000,254.00
1582278300,0.00,20261000,0,1858,1,0.01,111.72600000,112.18700000,111.56000,0.00
1582278300,0.00,20261001,0,1859,1,0.01,144.05500000,144.47200000,111.56000,0.00
1582284641,-430.00,20261001,1,1859,0,0.01,144.48500000,144.47200000,111.56000,-430.00
1582322400,121.00,20261000,1,1858,0,0.01,111.60500000,112.18700000,111.56000,121.00
1582541100,0.00,20261001,0,1862,1,0.06,143.91300000,144.49800000,110.71200,0.00
1582565971,6336.00,20261001,1,1862,0,0.06,142.85700000,144.49800000,110.71200,6336.00
1582627500,0.00,20261000,0,1864,1,0.02,110.56600000,111.04100000,110.18900,0.00
1582660800,0.00,20260605,0,1865,0,0.01,1.08831000,1.08581000,110.18900,0.00
1582668000,942.00,20261000,1,1864,0,0.02,110.09500000,111.04100000,110.18900,942.00
1582714800,0.00,20261001,0,1867,1,0.06,143.02700000,143.60000000,110.41500,0.00
1582732061,-290.00,20260605,1,1865,1,0.01,1.08574000,1.08581000,110.41500,-290.00
1582747200,2676.00,20261001,1,1867,0,0.06,142.58100000,143.60000000,110.41500,2676.00
1582798500,0.00,20261001,0,1870,1,0.06,142.07600000,142.47500000,109.58700,0.00
1582833600,720.00,20261001,1,1870,0,0.06,141.95600000,142.47500000,109.58700,720.00
1582862400,0.00,20260610,0,1872,1,0.01,109.40800000,109.90800000,108.05100,0.00
1582909385,1103.00,20260610,1,1872,0,0.01,108.30500000,109.90800000,108.05100,1103.00
1583406900,0.00,20261000,0,1874,1,0.01,107.08500000,107.74200000,106.14500,0.00
1583445600,685.00,20261000,1,1874,0,0.01,106.40000000,107.74200000,106.14500,685.00
1583495100,0.00,20261000,0,1876,1,0.01,105.48700000,106.34300000,105.34500,0.00
1583532000,293.00,20261000,1,1876,0,0.01,105.19400000,106.34300000,105.34500,293.00
1583755200,0.00,20260774,0,1878,0,0.01,1.31436000,1.30936000,102.35300,0.00
1583760332,-527.00,20260774,1,1878,1,0.01,1.30935000,1.30936000,102.35300,-527.00
1583870400,0.00,20260774,0,1880,1,0.01,1.29107000,1.29607000,105.63400,0.00
1583929588,-527.00,20260774,1,1880,0,0.01,1.29607000,1.29607000,104.52700,-527.00
1584032400,0.00,20260629,0,1882,1,0.01,1.12391000,0.00000000,104.62200,0.00
1584032400,0.00,20260629,0,1883,0,0.01,1.26241000,0.00000000,104.62200,0.00
1584075600,0.00,20260605,0,1884,1,0.01,1.11864000,1.12114000,108.01000,0.00
1584082288,-263.00,20260605,1,1884,0,0.01,1.12114000,1.12114000,108.01000,-263.00
1584098100,0.00,20261001,0,1886,0,0.01,133.52000000,131.62100000,108.01000,0.00
1584129600,-349.00,20261001,1,1886,1,0.01,133.17100000,131.62100000,108.01000,-349.00
1584363600,0.00,20260605,0,1888,1,0.01,1.11928000,1.12178000,105.83600,0.00
1584450223,1117.00,20260605,1,1888,0,0.01,1.10870000,1.12178000,107.66700,1117.00
1584522900,0.00,20261001,0,1890,1,0.01,129.25900000,130.13800000,108.04200,0.00
1584542596,1591.00,20261001,1,1890,0,0.01,127.66800000,130.13800000,108.04200,1591.00
1584613800,0.00,20261001,0,1892,0,0.06,126.17300000,124.29600000,110.69800,0.00
1584633600,0.00,20260610,0,1893,0,0.01,109.78100000,109.28100000,110.69800,0.00
1584644020,20274.00,20261001,1,1892,1,0.06,129.55200000,124.29600000,110.69800,20274.00
1584656381,1100.00,20260610,1,1893,1,0.01,110.88100000,109.28100000,110.69800,1100.00
1584697500,0.00,20261001,0,1896,0,0.01,128.82700000,126.83200000,110.84200,0.00
1584701100,0.00,20261000,0,1897,1,0.01,109.48900000,111.36600000,110.84200,0.00
1584730625,-1892.00,20261000,1,1897,0,0.01,111.38100000,111.36600000,110.84200,-1892.00
1584734400,1726.00,20261001,1,1896,1,0.01,130.55300000,126.83200000,110.84200,1726.00
1584962100,0.00,20261001,0,1900,1,0.01,127.90800000,129.08900000,111.21600,0.00
1584982085,-1187.00,20261001,1,1900,0,0.01,129.09500000,129.08900000,111.21600,-1187.00
1585134900,0.00,20261001,0,1902,0,0.01,131.97200000,130.71300000,111.17800,0.00
1585156701,-1261.00,20261001,1,1902,1,0.01,130.71100000,130.71300000,111.17800,-1261.00
1585249200,-5457.00,20260629,1,1883,1,0.01,1.21351000,0.00000000,109.53200,-5457.00
1585249200,2426.00,20260629,1,1882,0,0.01,1.10249000,0.00000000,109.53200,2426.00
1585296000,0.00,20260610,0,1906,1,0.01,108.34500000,108.84500000,107.96700,0.00
1585304443,-510.00,20260610,1,1906,0,0.01,108.85500000,108.84500000,107.96700,-510.00
1585533600,0.00,20260605,0,1908,0,0.01,1.11102000,1.10852000,107.68300,0.00
1585546602,-274.00,20260605,1,1908,1,0.01,1.10850000,1.10852000,107.68300,-274.00
1585944000,0.00,20260605,0,1910,1,0.01,1.07865000,1.08115000,108.44700,0.00
1585949120,-272.00,20260605,1,1910,0,0.01,1.08115000,1.08115000,108.44700,-272.00
1586164500,0.00,20261001,0,1912,0,0.01,133.66900000,132.59200000,109.18600,0.00
1586169000,0.00,20261000,0,1913,0,0.01,109.33800000,108.33500000,109.18600,0.00
1586203200,479.00,20261001,1,1912,1,0.01,134.14800000,132.59200000,109.18600,479.00
1586210400,-282.00,20261000,1,1913,1,0.01,109.05600000,108.33500000,109.18600,-282.00
1586260800,0.00,20260605,0,1916,1,0.01,1.08678000,1.08928000,108.72200,0.00
1586265676,-276.00,20260605,1,1916,0,0.01,1.08931000,1.08928000,108.72200,-276.00
1586282400,0.00,20260605,0,1918,1,0.01,1.08837000,1.09087000,108.72200,0.00
1586287902,-273.00,20260605,1,1918,0,0.01,1.09087000,1.09087000,108.72200,-273.00
1586865600,0.00,20260605,0,1920,0,0.01,1.09233000,1.08983000,107.19700,0.00
1586943900,0.00,20261001,0,1921,1,0.01,134.70400000,135.22100000,107.35600,0.00
1586963911,-284.00,20260605,1,1920,1,0.01,1.08979000,1.08983000,107.35600,-284.00
1586964687,931.00,20261001,1,1921,0,0.01,133.77300000,135.22100000,107.35600,931.00
1587118500,0.00,20261001,0,1924,1,0.06,134.23300000,134.83400000,107.54200,0.00
1587153600,-1500.00,20261001,1,1924,0,0.06,134.48300000,134.83400000,107.54200,-1500.00
1587160800,0.00,20260605,0,1926,1,0.01,1.08683000,1.08933000,107.54200,0.00
1587369600,0.00,20260610,0,1927,0,0.01,107.82400000,107.32400000,107.61400,0.00
1587381300,0.00,20261001,0,1928,1,0.06,134.13900000,134.60800000,107.61400,0.00
1587384632,-272.00,20260605,1,1926,0,0.01,1.08939000,1.08933000,107.61400,-272.00
1587412800,-486.00,20261001,1,1928,0,0.06,134.22000000,134.60800000,107.61400,-486.00
1587464612,-493.00,20260610,1,1927,1,0.01,107.32100000,107.32400000,107.75400,-493.00
1587466800,0.00,20261001,0,1932,1,0.01,133.14000000,133.88700000,107.75400,0.00
1587499200,888.00,20261001,1,1932,0,0.01,132.25200000,133.88700000,107.75400,888.00
1587552300,0.00,20261001,0,1934,0,0.01,132.70900000,132.16300000,107.73200,0.00
1587585600,5.00,20261001,1,1934,1,0.01,132.71400000,132.16300000,107.73200,5.00
1587633300,0.00,20261001,0,1936,0,0.01,133.33200000,132.82900000,107.53900,0.00
1587637422,-503.00,20261001,1,1936,1,0.01,132.82900000,132.82900000,107.53900,-503.00
1587638700,0.00,20261001,0,1938,1,0.06,132.68900000,133.18500000,107.53900,0.00
1587659874,-2976.00,20261001,1,1938,0,0.06,133.18500000,133.18500000,107.53900,-2976.00
1587980700,0.00,20261000,0,1940,1,0.01,107.09700000,107.62300000,107.20400,0.00
1588024800,-152.00,20261000,1,1940,0,0.01,107.24900000,107.62300000,107.20400,-152.00
1588071600,0.00,20261001,0,1942,0,0.06,133.51900000,133.05900000,106.84900,0.00
1588089963,-2760.00,20261001,1,1942,1,0.06,133.05900000,133.05900000,106.84900,-2760.00
1588140000,0.00,20260605,0,1944,0,0.01,1.08514000,1.08264000,106.63300,0.00
1588158000,0.00,20261000,0,1945,1,0.01,106.40600000,106.88500000,106.63300,0.00
1588197600,-185.00,20261000,1,1945,0,0.01,106.59100000,106.88500000,106.63300,-185.00
1588247100,0.00,20261001,0,1947,0,0.06,133.08800000,132.61800000,107.13300,0.00
1588268788,5082.00,20261001,1,1947,1,0.06,133.93500000,132.61800000,107.13300,5082.00
1588269572,1126.00,20260605,1,1944,1,0.01,1.09576000,1.08264000,107.13300,1126.00
1588305600,0.00,20260774,0,1950,0,0.01,1.25672000,1.25172000,106.90400,0.00
1588329900,0.00,20261001,0,1951,1,0.01,134.29200000,134.92900000,106.90400,0.00
1588331700,0.00,20261000,0,1952,1,0.01,106.90300000,107.40600000,106.90400,0.00
1588346280,-534.00,20260774,1,1950,1,0.01,1.25172000,1.25172000,106.90400,-534.00
1588363200,672.00,20261001,1,1951,0,0.01,133.62000000,134.92900000,106.90400,672.00
1588370400,36.00,20261000,1,1952,0,0.01,106.86700000,107.40600000,106.90400,36.00
1588673700,0.00,20261001,0,1956,0,0.01,133.02700000,132.63600000,106.49000,0.00
1588679442,-397.00,20261001,1,1956,1,0.01,132.63000000,132.63600000,106.49000,-397.00
1588763700,0.00,20261001,0,1958,1,0.01,132.03000000,132.54300000,106.09200,0.00
1588784921,923.00,20261001,1,1958,0,0.01,131.10700000,132.54300000,106.09200,923.00
1588842900,0.00,20261001,0,1960,0,0.01,131.41000000,130.75300000,106.26500,0.00
1588845600,0.00,20260605,0,1961,1,0.01,1.07922000,1.08172000,106.26500,0.00
1588851000,0.00,20261000,0,1962,0,0.01,106.40200000,105.99000000,106.26500,0.00
1588879898,-266.00,20260605,1,1961,0,0.01,1.08172000,1.08172000,106.26500,-266.00
1588881600,-51.00,20261001,1,1960,1,0.01,131.35900000,130.75300000,106.26500,-51.00
1588888800,0.00,20260605,0,1965,1,0.01,1.08257000,1.08507000,106.26500,0.00
1588888800,-113.00,20261000,1,1962,1,0.01,106.28900000,105.99000000,106.26500,-113.00
1588910857,-262.00,20260605,1,1965,0,0.01,1.08507000,1.08507000,106.67300,-262.00
1588960800,0.00,20260605,0,1968,0,0.01,1.08726000,1.08476000,106.67300,0.00
1588964400,-201.00,20260605,1,1968,1,0.01,1.08537000,1.08476000,106.67300,-201.00
1588964400,0.00,20260605,0,1970,1,0.01,1.08537000,1.08787000,106.67300,0.00
1589190300,0.00,20261000,0,1971,0,0.01,107.11900000,106.47500000,107.58400,0.00
1589190300,0.00,20261001,0,1972,0,0.01,133.04200000,132.17400000,107.58400,0.00
1589205571,-869.00,20261001,1,1972,1,0.01,132.17300000,132.17400000,107.58400,-869.00
1589234400,633.00,20261000,1,1971,1,0.01,107.75200000,106.47500000,107.58400,633.00
1589299963,-268.00,20260605,1,1970,0,0.01,1.08793000,1.08787000,107.11800,-268.00
1589361300,0.00,20261001,0,1976,0,0.01,131.68500000,131.29300000,107.01400,0.00
1589366258,-392.00,20261001,1,1976,1,0.01,131.29300000,131.29300000,107.01400,-392.00
1589447700,0.00,20261001,0,1978,1,0.01,130.21400000,130.85800000,107.23800,0.00
1589480355,-645.00,20261001,1,1978,0,0.01,130.85900000,130.85800000,107.23800,-645.00
1589529600,0.00,20260774,0,1980,1,0.01,1.22168000,1.22668000,107.15200,0.00
1589535000,0.00,20261001,0,1981,1,0.01,130.79700000,131.30100000,107.15200,0.00
1589540400,0.00,20261000,0,1982,1,0.01,107.09700000,107.43300000,107.15200,0.00
1589572800,761.00,20261001,1,1981,0,0.01,130.03600000,131.30100000,107.15200,761.00
1589580000,-190.00,20261000,1,1982,0,0.01,107.28700000,107.43300000,107.15200,-190.00
1589586340,1181.00,20260774,1,1980,0,0.01,1.21067000,1.22668000,107.15200,1181.00
1589794200,0.00,20261001,0,1986,0,0.01,129.79700000,129.39800000,107.28400,0.00
1589814941,723.00,20261001,1,1986,1,0.01,130.52000000,129.39800000,107.28400,723.00
1589821200,0.00,20260605,0,1988,0,0.01,1.08576000,1.08326000,107.28400,0.00
1589879700,0.00,20261001,0,1989,0,0.01,131.33600000,130.84900000,107.68700,0.00
1589895520,1123.00,20260605,1,1988,1,0.01,1.09628000,1.08326000,107.68700,1123.00
1589904000,0.00,20260610,0,1991,0,0.01,107.91200000,107.41200000,107.68700,0.00
1589905290,876.00,20261001,1,1989,1,0.01,132.21200000,130.84900000,107.68700,876.00
1589970600,0.00,20261001,0,1993,1,0.06,131.68300000,132.29200000,107.49600,0.00
1589994881,-490.00,20260610,1,1991,1,0.01,107.41200000,107.41200000,107.49600,-490.00
1590004800,0.00,20260610,0,1995,0,0.01,107.53700000,107.03700000,107.49600,0.00
1590004800,1026.00,20261001,1,1993,0,0.06,131.51200000,132.29200000,107.49600,1026.00
1590056100,0.00,20261000,0,1997,0,0.01,107.84300000,107.37500000,107.59500,0.00
1590098400,-255.00,20261000,1,1997,1,0.01,107.58800000,107.37500000,107.59500,-255.00
1590142500,0.00,20261001,0,1999,1,0.01,130.79700000,131.63100000,107.60000,0.00
1590177600,-107.00,20261001,1,1999,0,0.01,130.90400000,131.63100000,107.60000,-107.00
1590484500,0.00,20261001,0,2001,0,0.01,131.97400000,131.27100000,107.51300,0.00
1590523200,708.00,20261001,1,2001,1,0.01,132.68200000,131.27100000,107.51300,708.00
1590575400,0.00,20261001,0,2003,1,0.01,132.18200000,132.61300000,107.70900,0.00
1590583348,-431.00,20261001,1,2003,0,0.01,132.61300000,132.61300000,107.70900,-431.00
1590748200,0.00,20261001,0,2005,1,0.01,132.12000000,132.61200000,107.78000,0.00
1590770082,-492.00,20261001,1,2005,0,0.01,132.61200000,132.61200000,107.78000,-492.00
1591010100,0.00,20261000,0,2007,1,0.01,107.43100000,107.85600000,107.57700,0.00
1591048800,-175.00,20261000,1,2007,0,0.01,107.60600000,107.85600000,107.57700,-175.00
1591059600,0.00,20260650,0,2009,0,0.03,73.21400000,0.00000000,108.65600,0.00
1591090200,0.00,20261001,0,2010,0,0.01,134.82300000,134.32500000,108.65600,0.00
1591094700,0.00,20261000,0,2011,0,0.01,107.83400000,107.51200000,108.65600,0.00
1591110929,908.00,20261001,1,2010,1,0.01,135.73100000,134.32500000,108.65600,908.00
1591118819,647.00,20261000,1,2011,1,0.01,108.48100000,107.51200000,108.65600,647.00
1591119088,1190.00,20260610,1,1995,1,0.01,108.63700000,107.03700000,108.65600,1190.00
1591128000,0.00,20260610,0,2015,0,0.01,108.69200000,108.19200000,108.65600,0.00
1591156800,0.00,20260774,0,2016,0,0.01,1.25948000,1.25448000,108.89000,0.00
1591241959,-545.00,20260774,1,2016,1,0.01,1.25448000,1.25448000,109.13600,-545.00
1591348500,0.00,20261001,0,2018,0,0.01,138.19000000,137.42600000,109.57800,0.00
1591353000,0.00,20261000,0,2019,0,0.01,109.41000000,109.02900000,109.57800,0.00
1591376562,1130.00,20260610,1,2015,1,0.01,109.79200000,108.19200000,109.57800,1130.00
1591378745,1382.00,20261001,1,2018,1,0.01,139.57200000,137.42600000,109.57800,1382.00
1591394400,199.00,20261000,1,2019,1,0.01,109.60900000,109.02900000,109.57800,199.00
1591698600,0.00,20261001,0,2023,1,0.01,136.78000000,138.00800000,107.73900,0.00
1591699500,0.00,20261000,0,2024,1,0.01,107.83900000,108.54400000,107.73900,0.00
1591732800,-498.00,20261001,1,2023,0,0.01,137.27800000,138.00800000,107.73900,-498.00
1591740000,90.00,20261000,1,2024,0,0.01,107.74900000,108.54400000,107.73900,90.00
1591788600,0.00,20261000,0,2027,1,0.01,107.29500000,107.87400000,107.11800,0.00
1591826400,153.00,20261000,1,2027,0,0.01,107.14200000,107.87400000,107.11800,153.00
1591870500,0.00,20261001,0,2029,1,0.01,135.45000000,136.37300000,106.85100,0.00
1591905600,753.00,20261001,1,2029,0,0.01,134.69700000,136.37300000,106.85100,753.00
1591959600,0.00,20261001,0,2031,0,0.01,135.33400000,134.08600000,107.33800,0.00
1591992000,0.00,20260610,0,2032,0,0.01,107.50000000,107.00000000,107.33800,0.00
1591992000,-926.00,20261001,1,2031,1,0.01,134.40800000,134.08600000,107.33800,-926.00
1592208539,-490.00,20260610,1,2032,1,0.01,107.00000000,107.00000000,107.32500,-490.00
1592212500,0.00,20261001,0,2035,1,0.01,133.55300000,134.39300000,107.32500,0.00
1592218900,-840.00,20261001,1,2035,0,0.01,134.39300000,134.39300000,107.32500,-840.00
1592219700,0.00,20261001,0,2037,0,0.06,134.62400000,133.84300000,107.32500,0.00
1592251200,648.00,20261001,1,2037,1,0.06,134.73200000,133.84300000,107.32500,648.00
1592373600,0.00,20260605,0,2039,1,0.01,1.12642000,1.12892000,106.99500,0.00
1592388460,-268.00,20260605,1,2039,0,0.01,1.12892000,1.12892000,106.99500,-268.00
1592395200,0.00,20260774,0,2041,0,0.01,1.25588000,1.25088000,106.99500,0.00
1592467200,0.00,20260610,0,2042,1,0.01,106.83400000,107.33400000,106.96700,0.00
1592481692,-537.00,20260774,1,2041,1,0.01,1.25087000,1.25088000,106.96700,-537.00
1592510400,0.00,20260774,0,2044,1,0.01,1.24112000,1.24612000,106.96700,0.00
1592553600,-176.00,20260774,1,2044,0,0.01,1.24276000,1.24612000,106.86200,-176.00
1592553600,0.00,20260774,0,2046,0,0.01,1.24276000,1.23776000,106.86200,0.00
1592573259,-535.00,20260774,1,2046,1,0.01,1.23776000,1.23776000,106.86200,-535.00
1592821800,0.00,20261001,0,2048,0,0.01,132.73200000,131.89600000,106.89700,0.00
1592827200,0.00,20260774,0,2049,0,0.01,1.24274000,1.23774000,106.89700,0.00
1592856000,464.00,20261001,1,2048,1,0.01,133.19600000,131.89600000,106.89700,464.00
1592910900,0.00,20261001,0,2051,0,0.01,133.88500000,132.96600000,106.50600,0.00
1592928821,-922.00,20261001,1,2051,1,0.01,132.96300000,132.96600000,106.50600,-922.00
1592968034,1169.00,20260774,1,2049,1,0.01,1.25374000,1.23774000,107.03200,1169.00
1593003600,0.00,20260605,0,2054,0,0.01,1.13037000,1.12787000,107.03200,0.00
1593011180,-266.00,20260605,1,2054,1,0.01,1.12787000,1.12787000,107.03200,-266.00
1593021600,0.00,20260605,0,2056,0,0.01,1.12779000,1.12529000,107.03200,0.00
1593039460,-269.00,20260605,1,2056,1,0.01,1.12528000,1.12529000,107.03200,-269.00
1593039600,0.00,20260605,0,2058,1,0.01,1.12518000,1.12768000,107.03200,0.00
1593082800,0.00,20261001,0,2059,0,0.01,133.20000000,132.65300000,107.18400,0.00
1593096399,-625.00,20260610,1,2042,0,0.01,107.33400000,107.33400000,107.18400,-625.00
1593100800,0.00,20260610,0,2061,1,0.01,107.29900000,107.79900000,107.18400,0.00
1593115200,-74.00,20261001,1,2059,1,0.01,133.12600000,132.65300000,107.18400,-74.00
1593436178,-256.00,20260605,1,2058,0,0.01,1.12768000,1.12768000,107.56300,-256.00
1593450000,0.00,20260605,0,2064,0,0.01,1.12582000,1.12332000,107.56300,0.00
1593451205,-553.00,20260610,1,2061,0,0.01,107.80200000,107.79900000,107.56300,-553.00
1593452250,-270.00,20260605,1,2064,1,0.01,1.12332000,1.12332000,107.56300,-270.00
1593457200,0.00,20260605,0,2067,1,0.01,1.12359000,1.12609000,107.56300,0.00
1593460800,0.00,20260610,0,2068,0,0.01,107.77500000,107.27500000,107.56300,0.00
1593511200,0.00,20261001,0,2069,1,0.06,132.11800000,132.53200000,107.91300,0.00
1593534150,-2490.00,20261001,1,2069,0,0.06,132.53300000,132.53200000,107.91300,-2490.00
1593541122,-272.00,20260605,1,2067,0,0.01,1.12615000,1.12609000,107.91300,-272.00
1593547200,0.00,20260605,0,2072,0,0.01,1.12436000,1.12186000,107.91300,0.00
1593590187,-276.00,20260605,1,2072,1,0.01,1.12186000,1.12186000,107.45700,-276.00
1593602100,0.00,20261000,0,2074,1,0.01,107.49800000,108.16500000,107.45700,0.00
1593604800,-225.00,20260610,1,2068,1,0.01,107.53000000,107.27500000,107.45700,-225.00
1593604800,0.00,20260610,0,2076,1,0.01,107.53000000,108.03000000,107.45700,0.00
1593626400,0.00,20260605,0,2077,0,0.01,1.12610000,1.12360000,107.45700,0.00
1593640800,11.00,20261000,1,2074,0,0.01,107.48700000,108.16500000,107.45700,11.00
1593681300,0.00,20261001,0,2079,0,0.01,134.36200000,133.87900000,107.48900,0.00
1593711283,-286.00,20260605,1,2077,1,0.01,1.12350000,1.12360000,107.48900,-286.00
1593720000,-301.00,20261001,1,2079,1,0.01,134.06100000,133.87900000,107.48900,-301.00
1593766800,0.00,20260605,0,2082,1,0.01,1.12361000,1.12611000,107.48100,0.00
1594004907,-266.00,20260605,1,2082,0,0.01,1.12612000,1.12611000,107.29600,-266.00
1594118700,0.00,20261000,0,2084,0,0.01,107.59200000,107.24400000,107.50600,0.00
1594119600,0.00,20261001,0,2085,0,0.01,134.42400000,134.06400000,107.50600,0.00
1594140680,648.00,20261001,1,2085,1,0.01,135.07200000,134.06400000,107.50600,648.00
1594159200,-74.00,20261000,1,2084,1,0.01,107.51800000,107.24400000,107.50600,-74.00
1594288800,0.00,20261001,0,2088,0,0.01,135.63400000,135.21200000,107.19200,0.00
1594316678,-422.00,20261001,1,2088,1,0.01,135.21200000,135.21200000,107.19200,-422.00
1594375200,0.00,20261001,0,2090,1,0.01,134.42700000,135.04800000,106.90800,0.00
1594377900,0.00,20261000,0,2091,1,0.01,106.82000000,107.26400000,106.90800,0.00
1594398676,-624.00,20261001,1,2090,0,0.01,135.05100000,135.04800000,106.90800,-624.00
1594418400,-119.00,20261000,1,2091,0,0.01,106.93900000,107.26400000,106.90800,-119.00
1594723500,0.00,20261001,0,2094,1,0.01,134.31200000,134.69700000,107.22300,0.00
1594756800,-201.00,20261001,1,2094,0,0.01,134.51300000,134.69700000,107.22300,-201.00
1594806300,0.00,20261001,0,2096,0,0.01,135.04500000,134.58400000,106.92300,0.00
1594832081,-461.00,20261001,1,2096,1,0.01,134.58400000,134.58400000,106.92300,-461.00
1594892700,0.00,20261001,0,2098,1,0.01,134.09600000,134.53400000,107.23100,0.00
1594912527,-438.00,20261001,1,2098,0,0.01,134.53400000,134.53400000,107.23100,-438.00
1594981800,0.00,20261001,0,2100,1,0.01,134.44100000,134.81500000,107.01400,0.00
1595016000,40.00,20261001,1,2100,0,0.01,134.40100000,134.81500000,107.01400,40.00
1595322900,0.00,20261001,0,2102,0,0.01,136.18200000,135.63800000,106.78500,0.00
1595361600,0.00,20260774,0,2103,0,0.01,1.27439000,1.26939000,106.78500,0.00
1595361600,-157.00,20261001,1,2102,1,0.01,136.02500000,135.63800000,106.78500,-157.00
1595413470,-535.00,20260774,1,2103,1,0.01,1.26939000,1.26939000,107.14300,-535.00
1595413800,0.00,20261001,0,2106,1,0.01,135.56400000,136.05700000,107.14300,0.00
1595416500,0.00,20261000,0,2107,0,0.01,106.97400000,106.69700000,107.14300,0.00
1595431181,-495.00,20261001,1,2106,0,0.01,136.05900000,136.05700000,107.14300,-495.00
1595455200,259.00,20261000,1,2107,1,0.01,107.23300000,106.69700000,107.14300,259.00
1595495700,0.00,20261001,0,2110,0,0.01,136.59300000,136.29400000,106.84900,0.00
1595498852,-325.00,20261001,1,2110,1,0.01,136.26800000,136.29400000,106.84900,-325.00
1595504700,0.00,20261001,0,2112,1,0.06,136.19800000,136.51000000,106.84900,0.00
1595534400,252.00,20261001,1,2112,0,0.06,136.15600000,136.51000000,106.84900,252.00
1595572482,675.00,20260610,1,2076,0,0.01,106.43000000,108.03000000,106.11800,675.00
1595585700,0.00,20261001,0,2115,1,0.01,135.23900000,135.99800000,106.11800,0.00
1595620800,94.00,20261001,1,2115,0,0.01,135.14500000,135.99800000,106.11800,94.00
1595842200,0.00,20261001,0,2117,1,0.01,135.35300000,135.74500000,105.36000,0.00
1595880000,-209.00,20261001,1,2117,0,0.01,135.56200000,135.74500000,105.36000,-209.00
1596019500,0.00,20261000,0,2119,1,0.01,104.83500000,105.24200000,104.90600,0.00
1596060000,-208.00,20261000,1,2119,0,0.01,105.04300000,105.24200000,104.90600,-208.00
1596622500,0.00,20261001,0,2121,0,0.01,138.44600000,138.02300000,105.58800,0.00
1596657600,95.00,20261001,1,2121,1,0.01,138.54100000,138.02300000,105.58800,95.00
1596705300,0.00,20261001,0,2123,0,0.06,138.88400000,138.43500000,105.53700,0.00
1596744000,-528.00,20261001,1,2123,1,0.06,138.79600000,138.43500000,105.53700,-528.00
1596799800,0.00,20261001,0,2125,1,0.01,138.29000000,138.66500000,105.90700,0.00
1596830400,10.00,20261001,1,2125,0,0.01,138.28000000,138.66500000,105.90700,10.00
1597054500,0.00,20261001,0,2127,0,0.01,138.42500000,137.95500000,105.94800,0.00
1597089600,81.00,20261001,1,2127,1,0.01,138.50600000,137.95500000,105.94800,81.00
1597107600,0.00,20260605,0,2129,1,0.01,1.17381000,1.17631000,106.47700,0.00
1597132800,0.00,20260627,0,2130,0,0.02,138.82100000,138.15300000,106.47700,0.00
1597144300,-263.00,20260605,1,2129,0,0.01,1.17631000,1.17631000,106.47700,-263.00
1597158000,0.00,20260605,0,2132,1,0.01,1.17804000,1.18054000,106.47700,0.00
1597160825,-274.00,20260605,1,2132,0,0.01,1.18065000,1.18054000,106.47700,-274.00
1597316400,0.00,20261001,0,2134,0,0.01,139.52400000,139.19000000,106.91300,0.00
1597320000,0.00,20260605,0,2135,0,0.01,1.18386000,1.18136000,106.91300,0.00
1597327899,601.00,20261001,1,2134,1,0.01,140.12500000,139.19000000,106.91300,601.00
1597344462,-268.00,20260605,1,2135,1,0.01,1.18131000,1.18136000,106.91300,-268.00
1597743900,0.00,20261000,0,2138,1,0.01,105.49600000,106.05100000,105.39300,0.00
1597788000,89.00,20261000,1,2138,0,0.01,105.40700000,106.05100000,105.39300,89.00
1597829400,0.00,20261001,0,2140,0,0.01,139.91700000,139.45300000,106.08700,0.00
1597840603,-478.00,20261001,1,2140,1,0.01,139.43900000,139.45300000,106.08700,-478.00
1597918500,0.00,20261001,0,2142,1,0.01,138.64100000,139.03500000,105.78700,0.00
1597928442,-408.00,20261001,1,2142,0,0.01,139.04900000,139.03500000,105.78700,-408.00
1598264100,0.00,20261001,0,2144,0,0.01,138.75300000,138.39600000,105.96400,0.00
1598268643,-362.00,20261001,1,2144,1,0.01,138.39100000,138.39600000,105.96400,-362.00
1598349600,0.00,20261000,0,2146,0,0.01,106.12900000,105.87200000,106.38000,0.00
1598352300,0.00,20261001,0,2147,0,0.01,139.07300000,138.49100000,106.38000,0.00
1598360400,0.00,20260605,0,2148,1,0.01,1.18280000,1.18530000,106.38000,0.00
1598385600,601.00,20261001,1,2147,1,0.01,139.67400000,138.49100000,106.38000,601.00
1598392800,210.00,20261000,1,2146,1,0.01,106.33900000,105.87200000,106.38000,210.00
1598438700,0.00,20261000,0,2151,1,0.02,106.25900000,106.55500000,105.97200,0.00
1598479200,476.00,20261000,1,2151,0,0.02,106.02100000,106.55500000,105.97200,476.00
1598544399,-257.00,20260605,1,2148,0,0.01,1.18530000,1.18530000,106.55300,-257.00
1598595990,5528.00,20260627,1,2130,1,0.02,141.49400000,138.15300000,105.33400,5528.00
1598598000,0.00,20260605,0,2155,0,0.01,1.18595000,1.18345000,105.33400,0.00
1598896602,1107.00,20260605,1,2155,1,0.01,1.19645000,1.18345000,105.89300,1107.00
1598958000,0.00,20261001,0,2157,0,0.01,141.93900000,141.43100000,105.94100,0.00
1598990400,38.00,20261001,1,2157,1,0.01,141.97700000,141.43100000,105.94100,38.00
1599066000,0.00,20260605,0,2159,1,0.01,1.18351000,1.18601000,106.17300,0.00
1599125400,0.00,20261001,0,2160,1,0.01,141.20800000,141.75700000,106.17500,0.00
1599163200,480.00,20261001,1,2160,0,0.01,140.72800000,141.75700000,106.17500,480.00
1599170840,-261.00,20260605,1,2159,0,0.01,1.18601000,1.18601000,106.17500,-261.00
1599218100,0.00,20261001,0,2163,0,0.06,141.23200000,140.75600000,106.23300,0.00
1599231512,-2892.00,20261001,1,2163,1,0.06,140.75000000,140.75600000,106.23300,-2892.00
1599471000,0.00,20261001,0,2165,1,0.01,140.29200000,140.87200000,106.21900,0.00
1599508800,248.00,20261001,1,2165,0,0.01,140.04400000,140.87200000,106.21900,248.00
1599564600,0.00,20261001,0,2167,1,0.01,139.45100000,139.87800000,106.01400,0.00
1599571721,768.00,20261001,1,2167,0,0.01,138.68300000,139.87800000,106.01400,768.00
1599643800,0.00,20261001,0,2169,1,0.01,136.98200000,137.55700000,106.17600,0.00
1599666568,-575.00,20261001,1,2169,0,0.01,137.55700000,137.55700000,106.17600,-575.00
1599796800,0.00,20260610,0,2171,0,0.01,106.13700000,105.63700000,106.13500,0.00
1599819300,0.00,20261001,0,2172,0,0.01,136.29600000,135.86200000,106.13500,0.00
1599824312,-454.00,20261001,1,2172,1,0.01,135.84200000,135.86200000,106.13500,-454.00
1599854400,0.00,20260774,0,2174,1,0.01,1.27884000,1.28384000,106.13500,0.00
1600079020,-531.00,20260774,1,2174,0,0.01,1.28384000,1.28384000,105.71400,-531.00
1600082100,0.00,20261001,0,2176,0,0.01,136.19300000,135.54900000,105.71400,0.00
1600102001,-495.00,20260610,1,2171,1,0.01,105.63200000,105.63700000,105.71400,-495.00
1600113600,-240.00,20261001,1,2176,1,0.01,135.95300000,135.54900000,105.71400,-240.00
1600138800,0.00,20260605,0,2179,0,0.01,1.18675000,1.18425000,105.43000,0.00
1600162200,0.00,20261001,0,2180,0,0.01,136.08700000,135.53300000,105.43000,0.00
1600189902,-268.00,20260605,1,2179,1,0.01,1.18421000,1.18425000,105.43000,-268.00
1600192062,-559.00,20261001,1,2180,1,0.01,135.52800000,135.53300000,105.43000,-559.00
1600279200,0.00,20260605,0,2183,1,0.01,1.18301000,1.18551000,104.93500,0.00
1600290137,-268.00,20260605,1,2183,0,0.01,1.18555000,1.18551000,104.93500,-268.00
1600335900,0.00,20261000,0,2185,1,0.02,104.80900000,105.17400000,104.72900,0.00
1600344000,0.00,20260610,0,2186,1,0.01,104.74100000,105.24100000,104.72900,0.00
1600380000,228.00,20261000,1,2185,0,0.02,104.69500000,105.17400000,104.72900,228.00
1600383600,0.00,20260605,0,2188,0,0.01,1.18509000,1.18259000,104.72900,0.00
1600425900,0.00,20261000,0,2189,1,0.02,104.58300000,104.87000000,104.55400,0.00
1600426800,0.00,20261001,0,2190,1,0.06,135.62300000,136.05500000,104.55400,0.00
1600459200,2604.00,20261001,1,2190,0,0.06,135.18900000,136.05500000,104.55400,2604.00
1600466400,66.00,20261000,1,2189,0,0.02,104.55000000,104.87000000,104.55400,66.00
1600683300,0.00,20261000,0,2193,1,0.01,104.17000000,104.57100000,104.63300,0.00
1600686195,-272.00,20260605,1,2188,1,0.01,1.18259000,1.18259000,104.63300,-272.00
1600706018,-401.00,20261000,1,2193,0,0.01,104.57100000,104.57100000,104.63300,-401.00
1600767900,0.00,20261001,0,2196,1,0.01,133.74600000,134.17200000,104.91300,0.00
1600774229,-426.00,20261001,1,2196,0,0.01,134.17200000,134.17200000,104.91300,-426.00
1600852500,0.00,20261001,0,2198,1,0.06,133.37200000,133.83200000,105.37000,0.00
1600874371,-2760.00,20261001,1,2198,0,0.06,133.83200000,133.83200000,105.37000,-2760.00
1600881642,-601.00,20260610,1,2186,0,0.01,105.24200000,105.24100000,105.37000,-601.00
1600938900,0.00,20261001,0,2201,1,0.01,133.79000000,134.20200000,105.38900,0.00
1600948048,-412.00,20261001,1,2201,0,0.01,134.20200000,134.20200000,105.38900,-412.00
1601028000,0.00,20261000,0,2203,1,0.01,105.24800000,105.54300000,105.54100,0.00
1601028900,0.00,20261001,0,2204,0,0.01,134.76700000,134.24500000,105.54100,0.00
1601037821,-527.00,20261001,1,2204,1,0.01,134.24000000,134.24500000,105.54100,-527.00
1601052277,-295.00,20261000,1,2203,0,0.01,105.54300000,105.54300000,105.54100,-295.00
1601291700,0.00,20261001,0,2207,0,0.06,134.89700000,134.45600000,105.46100,0.00
1601298521,4812.00,20261001,1,2207,1,0.06,135.69900000,134.45600000,105.46100,4812.00
1601370900,0.00,20261001,0,2209,0,0.01,135.87300000,135.42200000,105.63400,0.00
1601372700,0.00,20261000,0,2210,0,0.01,105.68900000,105.34200000,105.63400,0.00
1601409600,-66.00,20261001,1,2209,1,0.01,135.80700000,135.42200000,105.63400,-66.00
1601416800,-11.00,20261000,1,2210,1,0.01,105.67800000,105.34200000,105.63400,-11.00
1601457300,0.00,20261001,0,2213,1,0.01,135.26000000,135.92700000,105.43400,0.00
1601483225,-676.00,20261001,1,2213,0,0.01,135.93600000,135.92700000,105.43400,-676.00
1601543700,0.00,20261001,0,2215,0,0.01,136.61000000,136.23400000,105.50800,0.00
1601548781,-377.00,20261001,1,2215,1,0.01,136.23300000,136.23400000,105.50800,-377.00
1601549100,0.00,20261001,0,2217,1,0.06,135.91000000,136.50500000,105.50800,0.00
1601562509,-3624.00,20261001,1,2217,0,0.06,136.51400000,136.50500000,105.50800,-3624.00
1601654400,0.00,20260605,0,2219,0,0.01,1.17087000,1.16837000,105.32100,0.00
1601896500,0.00,20261001,0,2220,0,0.01,136.81600000,136.06000000,105.73500,0.00
1601897400,0.00,20261000,0,2221,0,0.01,105.66600000,105.22500000,105.73500,0.00
1601928000,442.00,20261001,1,2220,1,0.01,137.25800000,136.06000000,105.73500,442.00
1601935200,56.00,20261000,1,2221,1,0.01,105.72200000,105.22500000,105.73500,56.00
1601956800,0.00,20260610,0,2224,0,0.01,105.68700000,105.18700000,105.61800,0.00
1601982900,0.00,20261000,0,2225,1,0.01,105.55200000,105.78400000,105.61800,0.00
1602021600,-8.00,20261000,1,2225,0,0.01,105.56000000,105.78400000,105.61800,-8.00
1602065700,0.00,20261001,0,2227,0,0.01,136.62500000,135.98700000,105.95800,0.00
1602067500,0.00,20261000,0,2228,0,0.01,105.91900000,105.58800000,105.95800,0.00
1602100800,259.00,20261001,1,2227,1,0.01,136.88400000,135.98700000,105.95800,259.00
1602108000,114.00,20261000,1,2228,1,0.01,106.03300000,105.58800000,105.95800,114.00
1602259232,1095.00,20260605,1,2219,1,0.01,1.18150000,1.16837000,105.61800,1095.00
1602648000,0.00,20260605,0,2232,1,0.01,1.17454000,1.17704000,105.16300,0.00
1602690040,-440.00,20260610,1,2224,1,0.01,105.18700000,105.18700000,105.16300,-440.00
1602697682,-263.00,20260605,1,2232,0,0.01,1.17704000,1.17704000,105.16300,-263.00
1602698400,0.00,20260605,0,2235,1,0.01,1.17582000,1.17832000,105.16300,0.00
1602760500,0.00,20261001,0,2236,1,0.06,136.68300000,137.07600000,105.42600,0.00
1602771541,4248.00,20261001,1,2236,0,0.06,135.97500000,137.07600000,105.42600,4248.00
1602846000,0.00,20261001,0,2238,0,0.06,136.20100000,135.70700000,105.39500,0.00
1602856418,-2976.00,20261001,1,2238,1,0.06,135.70500000,135.70700000,105.39500,-2976.00
1603101600,0.00,20261001,0,2240,0,0.01,136.51900000,135.94800000,105.42600,0.00
1603118306,-251.00,20260605,1,2235,0,0.01,1.17832000,1.17832000,105.42600,-251.00
1603126800,0.00,20260605,0,2242,0,0.01,1.17833000,1.17583000,105.42600,0.00
1603137600,329.00,20261001,1,2240,1,0.01,136.84800000,135.94800000,105.42600,329.00
1603194300,0.00,20261001,0,2244,0,0.01,136.79400000,136.38800000,105.48800,0.00
1603224000,-199.00,20261001,1,2244,1,0.01,136.59500000,136.38800000,105.48800,-199.00
1603273500,0.00,20261000,0,2246,1,0.01,105.20800000,105.52600000,104.58100,0.00
1603298436,636.00,20261000,1,2246,0,0.01,104.57200000,105.52600000,104.58100,636.00
1603444500,0.00,20261001,0,2248,1,0.01,136.69800000,137.12700000,104.70400,0.00
1603450375,-429.00,20261001,1,2248,0,0.01,137.12700000,137.12700000,104.70400,-429.00
1603451700,0.00,20261000,0,2250,1,0.01,104.58300000,104.93700000,104.70400,0.00
1603490400,-150.00,20261000,1,2250,0,0.01,104.73300000,104.93700000,104.70400,-150.00
1603708200,0.00,20261001,0,2252,1,0.06,136.32600000,136.66200000,104.82200,0.00
1603712742,-2064.00,20261001,1,2252,0,0.06,136.67000000,136.66200000,104.82200,-2064.00
1603728000,0.00,20260774,0,2254,0,0.01,1.30243000,1.29743000,104.82200,0.00
1603881900,0.00,20261001,0,2255,1,0.01,135.86300000,136.19400000,104.31500,0.00
1603883441,-304.00,20260605,1,2242,1,0.01,1.17583000,1.17583000,104.31500,-304.00
1603887571,-532.00,20260774,1,2254,1,0.01,1.29737000,1.29743000,104.31500,-532.00
1603887843,596.00,20261001,1,2255,0,0.01,135.26700000,136.19400000,104.31500,596.00
1603915200,0.00,20260774,0,2259,0,0.01,1.29817000,1.29317000,104.31500,0.00
1603963800,0.00,20261001,0,2260,0,0.01,135.95000000,135.44700000,104.58400,0.00
1603970371,-504.00,20261001,1,2260,1,0.01,135.44600000,135.44700000,104.58400,-504.00
1603984777,-525.00,20260774,1,2259,1,0.01,1.29317000,1.29317000,104.58400,-525.00
1603987200,0.00,20260605,0,2263,1,0.01,1.17040000,1.17290000,104.58400,0.00
1604311200,0.00,20261000,0,2264,0,0.01,104.85200000,104.51100000,104.68200,0.00
1604313900,0.00,20261001,0,2265,1,0.06,134.96200000,135.34100000,104.68200,0.00
1604318381,-2274.00,20261001,1,2265,0,0.06,135.34100000,135.34100000,104.68200,-2274.00
1604347200,0.00,20260774,0,2267,1,0.01,1.29049000,1.29549000,104.68200,0.00
1604354400,-21.00,20261000,1,2264,1,0.01,104.83100000,104.51100000,104.68200,-21.00
1604397600,0.00,20261000,0,2269,1,0.01,104.56200000,104.80100000,104.47600,0.00
1604398772,-533.00,20260774,1,2267,0,0.01,1.29558000,1.29549000,104.47600,-533.00
1604399400,0.00,20261001,0,2271,0,0.01,135.60800000,135.18300000,104.47600,0.00
1604404800,0.00,20260774,0,2272,0,0.01,1.29920000,1.29420000,104.47600,0.00
1604409364,-240.00,20261000,1,2269,0,0.01,104.80200000,104.80100000,104.47600,-240.00
1604422958,765.00,20261001,1,2271,1,0.01,136.37300000,135.18300000,104.47600,765.00
1604425838,-250.00,20260605,1,2263,0,0.01,1.17290000,1.17290000,104.47600,-250.00
1604452619,1153.00,20260774,1,2272,1,0.01,1.31021000,1.29420000,104.49200,1153.00
1604491200,0.00,20260610,0,2277,1,0.01,104.88500000,105.38500000,104.49200,0.00
1604568600,0.00,20261001,0,2278,0,0.06,135.86500000,135.21600000,103.44200,0.00
1604587837,1075.00,20260610,1,2277,0,0.01,103.78500000,105.38500000,103.44200,1075.00
1604606400,42.00,20261001,1,2278,1,0.06,135.87200000,135.21600000,103.44200,42.00
1604617200,0.00,20260605,0,2281,0,0.01,1.18265000,1.18015000,103.44200,0.00
1604631811,-268.00,20260605,1,2281,1,0.01,1.18013000,1.18015000,103.35900,-268.00
1604914200,0.00,20261001,0,2283,0,0.01,136.57600000,135.87400000,105.34300,0.00
1604922300,0.00,20261000,0,2284,0,0.01,103.69800000,103.18000000,105.34300,0.00
1604933201,1272.00,20261001,1,2283,1,0.01,137.84800000,135.87400000,105.34300,1272.00
1604933318,1036.00,20261000,1,2284,1,0.01,104.73400000,103.18000000,105.34300,1036.00
1604952000,0.00,20260610,0,2287,0,0.01,105.46000000,104.96000000,105.34300,0.00
1604978802,-495.00,20260610,1,2287,1,0.01,104.95500000,104.96000000,105.28100,-495.00
1604980800,0.00,20260610,0,2289,1,0.01,104.93700000,105.43700000,105.28100,0.00
1605004200,0.00,20261001,0,2290,0,0.06,138.82200000,138.27200000,105.28100,0.00
1605009600,0.00,20260629,0,2291,0,0.01,1.18068000,0.00000000,105.28100,0.00
1605009600,0.00,20260629,0,2292,1,0.01,1.32485000,0.00000000,105.28100,0.00
1605012275,-500.00,20260610,1,2289,0,0.01,105.43700000,105.43700000,105.28100,-500.00
1605038400,3300.00,20261001,1,2290,1,0.06,139.37200000,138.27200000,105.28100,3300.00
1605086100,0.00,20261001,0,2295,0,0.06,140.02400000,139.38700000,105.41400,0.00
1605090600,0.00,20261000,0,2296,0,0.01,105.46000000,105.00500000,105.41400,0.00
1605107465,-3840.00,20261001,1,2295,1,0.06,139.38400000,139.38700000,105.41400,-3840.00
1605132000,-13.00,20261000,1,2296,1,0.01,105.44700000,105.00500000,105.41400,-13.00
1605240000,0.00,20260610,0,2299,1,0.01,104.91500000,105.41500000,104.60500,0.00
1605261600,0.00,20261001,0,2300,0,0.01,138.30800000,137.64800000,104.60500,0.00
1605289902,-663.00,20261001,1,2300,1,0.01,137.64500000,137.64800000,104.60500,-663.00
1605524400,0.00,20261000,0,2302,1,0.01,104.38200000,104.72900000,104.56500,0.00
1605534785,-351.00,20261000,1,2302,0,0.01,104.73300000,104.72900000,104.56500,-351.00
1605701669,1031.00,20260610,1,2299,0,0.01,103.80900000,105.41500000,103.81800,1031.00
1605758400,0.00,20260605,0,2305,0,0.01,1.18431000,1.18181000,103.72600,0.00
1605783600,-171.00,20260605,1,2305,1,0.01,1.18266000,1.18181000,103.72600,-171.00
1605783600,0.00,20260605,0,2307,1,0.01,1.18266000,1.18516000,103.72600,0.00
1605818906,-260.00,20260605,1,2307,0,0.01,1.18516000,1.18516000,103.72600,-260.00
1606123800,0.00,20261001,0,2309,0,0.01,138.32500000,137.90000000,104.50000,0.00
1606161600,569.00,20261001,1,2309,1,0.01,138.89400000,137.90000000,104.50000,569.00
1606213800,0.00,20261001,0,2311,0,0.01,139.48700000,139.11700000,104.43000,0.00
1606217400,0.00,20261000,0,2312,1,0.01,104.22400000,104.64500000,104.43000,0.00
1606220982,-371.00,20261001,1,2311,1,0.01,139.11600000,139.11700000,104.43000,-371.00
1606233511,-421.00,20261000,1,2312,0,0.01,104.64500000,104.64500000,104.43000,-421.00
1606503600,-622.00,20260629,1,2292,0,0.01,1.33067000,0.00000000,104.08500,-622.00
1606503600,1459.00,20260629,1,2291,1,0.01,1.19537000,0.00000000,104.08500,1459.00
1606730400,0.00,20261001,0,2317,0,0.01,138.89800000,138.35400000,104.28200,0.00
1606734000,0.00,20261000,0,2318,0,0.02,104.21700000,103.83000000,104.28200,0.00
1606766400,352.00,20261001,1,2317,1,0.01,139.25000000,138.35400000,104.28200,352.00
1606773600,230.00,20261000,1,2318,1,0.02,104.33200000,103.83000000,104.28200,230.00
1606814100,0.00,20261001,0,2321,0,0.01,139.61000000,139.04500000,104.29600,0.00
1606831240,-565.00,20261001,1,2321,1,0.01,139.04500000,139.04500000,104.29600,-565.00
1606903200,0.00,20261000,0,2323,0,0.01,104.56400000,104.22500000,104.39900,0.00
1606946400,-12.00,20261000,1,2323,1,0.01,104.55200000,104.22500000,104.39900,-12.00
1607076900,0.00,20261001,0,2325,0,0.01,139.94500000,139.58400000,104.17800,0.00
1607078969,-361.00,20261001,1,2325,1,0.01,139.58400000,139.58400000,104.17800,-361.00
1607332500,0.00,20261001,0,2327,1,0.06,139.46000000,139.78500000,104.04100,0.00
1607335898,3510.00,20261001,1,2327,0,0.06,138.87500000,139.78500000,104.04100,3510.00
1607339700,0.00,20261000,0,2329,0,0.01,104.29900000,103.94100000,104.04100,0.00
1607359421,-358.00,20261000,1,2329,1,0.01,103.94100000,103.94100000,104.04100,-358.00
1607422500,0.00,20261001,0,2331,1,0.01,138.70800000,139.10700000,104.14800,0.00
1607424401,-400.00,20261001,1,2331,0,0.01,139.10800000,139.10700000,104.14800,-400.00
1607508900,0.00,20261001,0,2333,0,0.01,139.68500000,139.11800000,104.20300,0.00
1607544000,-173.00,20261001,1,2333,1,0.01,139.51200000,139.11800000,104.20300,-173.00
1607595300,0.00,20261000,0,2335,0,0.01,104.56100000,104.11900000,104.23200,0.00
1607637600,-372.00,20261000,1,2335,1,0.01,104.18900000,104.11900000,104.23200,-372.00
1607680800,0.00,20261001,0,2337,1,0.06,138.14600000,138.64200000,104.02500,0.00
1607692093,5352.00,20261001,1,2337,0,0.06,137.25400000,138.64200000,104.02500,5352.00
1607939100,0.00,20261001,0,2339,0,0.06,139.11100000,138.40800000,104.02300,0.00
1607946300,0.00,20261000,0,2340,1,0.01,103.77100000,104.06200000,104.02300,0.00
1607966742,-298.00,20261000,1,2340,0,0.01,104.06900000,104.06200000,104.02300,-298.00
1607968303,-4272.00,20261001,1,2339,1,0.06,138.39900000,138.40800000,104.02300,-4272.00
1608029100,0.00,20261001,0,2343,1,0.06,138.39900000,138.83800000,103.64900,0.00
1608038322,-2634.00,20261001,1,2343,0,0.06,138.83800000,138.83800000,103.64900,-2634.00
1608114600,0.00,20261001,0,2345,0,0.06,139.64900000,139.23600000,103.43800,0.00
1608116400,0.00,20261000,0,2346,1,0.01,103.32900000,103.72200000,103.43800,0.00
1608148800,-318.00,20261001,1,2345,1,0.06,139.59600000,139.23600000,103.43800,-318.00
1608152442,-393.00,20261000,1,2346,0,0.01,103.72200000,103.72200000,103.43800,-393.00
1608203700,0.00,20261001,0,2349,0,0.01,140.18100000,139.71400000,103.08600,0.00
1608225021,-469.00,20261001,1,2349,1,0.01,139.71200000,139.71400000,103.08600,-469.00
1608286500,0.00,20261000,0,2351,0,0.01,103.56500000,103.05000000,103.30100,0.00
1608328800,-264.00,20261000,1,2351,1,0.01,103.30100000,103.05000000,103.30100,-264.00
1608543000,0.00,20261001,0,2353,1,0.01,137.75800000,138.78500000,103.31000,0.00
1608549300,0.00,20261000,0,2354,0,0.02,103.60300000,103.25100000,103.31000,0.00
1608580800,-336.00,20261001,1,2353,0,0.01,138.09400000,138.78500000,103.31000,-336.00
1608588000,-528.00,20261000,1,2354,1,0.02,103.33900000,103.25100000,103.31000,-528.00
1608714900,0.00,20261001,0,2357,0,0.01,138.94100000,138.29800000,103.51500,0.00
1608717600,0.00,20261000,0,2358,1,0.01,103.36500000,103.63800000,103.51500,0.00
1608742832,1198.00,20261001,1,2357,1,0.01,140.13900000,138.29800000,103.51500,1198.00
1608746262,-277.00,20261000,1,2358,0,0.01,103.64200000,103.63800000,103.51500,-277.00
1608802200,0.00,20261001,0,2361,0,0.01,140.49100000,139.74000000,103.56900,0.00
1608840000,-174.00,20261001,1,2361,1,0.01,140.31700000,139.74000000,103.56900,-174.00
1609235100,0.00,20261001,0,2363,0,0.01,140.01600000,139.58100000,103.55800,0.00
1609272000,-325.00,20261001,1,2363,1,0.01,139.69100000,139.58100000,103.55800,-325.00
1609410600,0.00,20261001,0,2365,0,0.06,140.83100000,140.26200000,103.15400,0.00
1609444800,0.00,20260605,0,2366,1,0.01,1.22249000,1.22499000,103.15400,0.00
1609444800,1008.00,20261001,1,2365,1,0.06,140.99900000,140.26200000,103.15400,1008.00
1609722000,-81.00,20260605,1,2366,0,0.01,1.22331000,1.22499000,103.11300,-81.00
1609722000,0.00,20260605,0,2369,0,0.01,1.22331000,1.22081000,103.11300,0.00
1609756200,0.00,20261000,0,2370,1,0.01,102.83000000,103.31500000,103.11300,0.00
1609756200,0.00,20261001,0,2371,1,0.06,140.66100000,141.18100000,103.11300,0.00
1609787305,5628.00,20261001,1,2371,0,0.06,139.72300000,141.18100000,103.11300,5628.00
1609797600,-284.00,20261000,1,2370,0,0.01,103.11400000,103.31500000,103.11300,-284.00
1609846200,0.00,20261000,0,2374,1,0.01,102.81900000,103.19100000,102.68300,0.00
1609884000,182.00,20261000,1,2374,0,0.01,102.63700000,103.19100000,102.68300,182.00
1609926161,1060.00,20260605,1,2369,1,0.01,1.23381000,1.22081000,103.02000,1060.00
1610012700,0.00,20261000,0,2377,0,0.01,103.36600000,102.95000000,103.77200,0.00
1610015400,0.00,20261001,0,2378,0,0.01,140.62000000,140.18900000,103.77200,0.00
1610049600,122.00,20261001,1,2378,1,0.01,140.74200000,140.18900000,103.77200,122.00
1610056800,508.00,20261000,1,2377,1,0.01,103.87400000,102.95000000,103.77200,508.00
1610100900,0.00,20261000,0,2381,0,0.01,104.05800000,103.74400000,103.95500,0.00
1610120465,-320.00,20261000,1,2381,1,0.01,103.73800000,103.74400000,103.95500,-320.00
1610139600,0.00,20260605,0,2383,1,0.01,1.21948000,1.22198000,103.95500,0.00
1610143778,-259.00,20260605,1,2383,0,0.01,1.22198000,1.22198000,103.95500,-259.00
1610337600,0.00,20260610,0,2385,0,0.01,104.17600000,103.67600000,104.23900,0.00
1610449200,0.00,20261001,0,2386,0,0.01,141.26200000,140.77000000,103.74000,0.00
1610481600,530.00,20261001,1,2386,1,0.01,141.79200000,140.77000000,103.74000,530.00
1610504010,-483.00,20260610,1,2385,1,0.01,103.67300000,103.67600000,103.85200,-483.00
1610510400,0.00,20260610,0,2389,1,0.01,103.56100000,104.06100000,103.85200,0.00
1610598571,-525.00,20260610,1,2389,0,0.01,104.06100000,104.06100000,103.79400,-525.00
1610616600,0.00,20261001,0,2391,0,0.01,142.00700000,141.67300000,103.79400,0.00
1610654400,-124.00,20261001,1,2391,1,0.01,141.88300000,141.67300000,103.79400,-124.00
1610702100,0.00,20261001,0,2393,1,0.01,141.72200000,142.04900000,103.85500,0.00
1610726492,596.00,20261001,1,2393,0,0.01,141.12600000,142.04900000,103.85500,596.00
1610963100,0.00,20261001,0,2395,1,0.01,140.60600000,141.09000000,103.67500,0.00
1611000000,-242.00,20261001,1,2395,0,0.01,140.84800000,141.09000000,103.67500,-242.00
1611222300,0.00,20261001,0,2397,0,0.01,141.77300000,141.38900000,103.48300,0.00
1611259200,196.00,20261001,1,2397,1,0.01,141.96900000,141.38900000,103.48300,196.00
1611284400,0.00,20260605,0,2399,0,0.01,1.21694000,1.21444000,103.76000,0.00
1611306900,0.00,20261001,0,2400,1,0.01,141.79100000,142.14300000,103.76000,0.00
1611345600,-224.00,20261001,1,2400,0,0.01,142.01500000,142.14300000,103.76000,-224.00
1611575442,-272.00,20260605,1,2399,1,0.01,1.21438000,1.21444000,103.72900,-272.00
1611579600,0.00,20260605,0,2403,0,0.01,1.21576000,1.21326000,103.72900,0.00
1611593251,-262.00,20260605,1,2403,1,0.01,1.21324000,1.21326000,103.72900,-262.00
1611594000,0.00,20260605,0,2405,1,0.01,1.21205000,1.21455000,103.72900,0.00
1611603796,-260.00,20260605,1,2405,0,0.01,1.21455000,1.21455000,103.72900,-260.00
1611654300,0.00,20261001,0,2407,1,0.01,141.31700000,141.82600000,103.60600,0.00
1611666991,-517.00,20261001,1,2407,0,0.01,141.83400000,141.82600000,103.60600,-517.00
1611676800,0.00,20260605,0,2409,0,0.01,1.21571000,1.21321000,103.60600,0.00
1611746053,-266.00,20260605,1,2409,1,0.01,1.21321000,1.21321000,104.04900,-266.00
1611752400,0.00,20260605,0,2411,0,0.01,1.21315000,1.21065000,104.04900,0.00
1611759457,-260.00,20260605,1,2411,1,0.01,1.21065000,1.21065000,104.04900,-260.00
1611806400,0.00,20260610,0,2413,0,0.01,104.29200000,103.79200000,104.20200,0.00
1611829800,0.00,20261001,0,2414,1,0.06,142.32900000,142.59700000,104.20200,0.00
1611839741,-1638.00,20261001,1,2414,0,0.06,142.60200000,142.59700000,104.20200,-1638.00
1611853200,0.00,20260605,0,2416,1,0.01,1.21295000,1.21545000,104.20200,0.00
1611867600,-58.00,20260605,1,2416,0,0.01,1.21351000,1.21545000,104.20200,-58.00
1611867600,0.00,20260605,0,2418,0,0.01,1.21351000,1.21101000,104.20200,0.00
1611887736,-267.00,20260605,1,2418,1,0.01,1.21101000,1.21101000,104.71500,-267.00
1611916200,0.00,20261000,0,2420,0,0.01,104.63200000,104.18700000,104.71500,0.00
1611957600,117.00,20261000,1,2420,1,0.01,104.74900000,104.18700000,104.71500,117.00
1612174500,0.00,20261001,0,2422,0,0.01,143.99100000,143.48400000,104.90600,0.00
1612177200,0.00,20261000,0,2423,0,0.02,104.87600000,104.60900000,104.90600,0.00
1612198481,-514.00,20261001,1,2422,1,0.01,143.47700000,143.48400000,104.90600,-514.00
1612216800,132.00,20261000,1,2423,1,0.02,104.94200000,104.60900000,104.90600,132.00
1612264500,0.00,20261001,0,2426,0,0.01,143.74400000,143.36000000,104.96100,0.00
1612281782,-384.00,20261001,1,2426,1,0.01,143.36000000,143.36000000,104.96100,-384.00
1612430100,0.00,20261000,0,2428,0,0.01,105.24500000,104.97400000,105.52100,0.00
1612432800,0.00,20261001,0,2429,1,0.01,142.96700000,143.29700000,105.52100,0.00
1612447239,-330.00,20261001,1,2429,0,0.01,143.29700000,143.29700000,105.52100,-330.00
1612456835,1150.00,20260610,1,2413,1,0.01,105.39200000,103.79200000,105.52100,1150.00
1612476000,279.00,20261000,1,2428,1,0.01,105.52400000,104.97400000,105.52100,279.00
1612521900,0.00,20261000,0,2433,1,0.01,105.38700000,105.64400000,105.37400,0.00
1612530136,-257.00,20261000,1,2433,0,0.01,105.64400000,105.64400000,105.37400,-257.00
1612781100,0.00,20261000,0,2435,0,0.01,105.63600000,105.24300000,105.18800,0.00
1612805357,-393.00,20261000,1,2435,1,0.01,105.24300000,105.24300000,105.18800,-393.00
1612862100,0.00,20261000,0,2437,1,0.01,104.77900000,105.26200000,104.60000,0.00
1612862100,0.00,20261001,0,2438,1,0.01,144.36400000,144.61100000,104.60000,0.00
1612890000,0.00,20260605,0,2439,0,0.01,1.20917000,1.20667000,104.60000,0.00
1612900800,0.00,20260627,0,2440,0,0.02,144.28100000,143.68600000,104.60000,0.00
1612900800,83.00,20261001,1,2438,0,0.01,144.28100000,144.61100000,104.60000,83.00
1612908000,237.00,20261000,1,2437,0,0.01,104.54200000,105.26200000,104.60000,237.00
1612953900,0.00,20261000,0,2443,1,0.01,104.46200000,104.71200000,104.57500,0.00
1612954800,0.00,20261001,0,2444,0,0.06,144.67800000,144.42500000,104.57500,0.00
1612957710,-250.00,20261000,1,2443,0,0.01,104.71200000,104.71200000,104.57500,-250.00
1612987200,1530.00,20261001,1,2444,1,0.06,144.93300000,144.42500000,104.57500,1530.00
1613124900,0.00,20261000,0,2447,0,0.01,104.94000000,104.67000000,104.91500,0.00
1613124900,0.00,20261001,0,2448,0,0.06,144.79400000,144.54700000,104.91500,0.00
1613148280,2664.00,20261001,1,2448,1,0.06,145.23800000,144.54700000,104.91500,2664.00
1613167200,32.00,20261000,1,2447,1,0.01,104.97200000,104.67000000,104.91500,32.00
1613385000,0.00,20261000,0,2451,0,0.01,105.20400000,104.76800000,105.35000,0.00
1613426400,139.00,20261000,1,2451,1,0.01,105.34300000,104.76800000,105.35000,139.00
1613440838,4826.00,20260627,1,2440,1,0.02,146.65900000,143.68600000,106.02900,4826.00
1613448000,0.00,20260627,0,2454,0,0.02,147.07700000,146.37800000,106.02900,0.00
1613559102,-307.00,20260605,1,2439,1,0.01,1.20660000,1.20667000,105.85600,-307.00
1613643300,0.00,20261001,0,2456,0,0.01,146.97500000,146.57900000,105.67800,0.00
1613662828,713.00,20261001,1,2456,1,0.01,147.68800000,146.57900000,105.67800,713.00
1613667600,0.00,20260605,0,2458,1,0.01,1.20702000,1.20952000,105.67800,0.00
1613690344,-263.00,20260605,1,2458,0,0.01,1.20952000,1.20952000,105.67800,-263.00
1613731500,0.00,20261000,0,2460,1,0.01,105.38300000,105.74300000,105.41100,0.00
1613731500,0.00,20261001,0,2461,1,0.01,147.35900000,147.63900000,105.41100,0.00
1613734238,-280.00,20261001,1,2461,0,0.01,147.63900000,147.63900000,105.41100,-280.00
1613772000,-108.00,20261000,1,2460,0,0.01,105.49100000,105.74300000,105.41100,-108.00
1613988000,0.00,20261000,0,2464,0,0.01,105.82000000,105.34600000,105.05500,0.00
1613991600,0.00,20260605,0,2465,1,0.01,1.21001000,1.21251000,105.05500,0.00
1613997320,-266.00,20260605,1,2465,0,0.01,1.21253000,1.21251000,105.05500,-266.00
1613998800,0.00,20260605,0,2467,0,0.01,1.21295000,1.21045000,105.05500,0.00
1614008861,-474.00,20261000,1,2464,1,0.01,105.34600000,105.34600000,105.05500,-474.00
1614073500,0.00,20261001,0,2469,0,0.01,148.02300000,147.72000000,105.23000,0.00
1614076200,0.00,20261000,0,2470,0,0.01,105.17300000,104.92100000,105.23000,0.00
1614110400,277.00,20261001,1,2469,1,0.01,148.30000000,147.72000000,105.23000,277.00
1614117600,150.00,20261000,1,2470,1,0.01,105.32300000,104.92100000,105.23000,150.00
1614137001,5774.00,20260627,1,2454,1,0.02,149.92200000,146.37800000,105.82900,5774.00
1614163500,0.00,20261000,0,2474,0,0.01,105.65900000,105.18100000,105.82900,0.00
1614204000,285.00,20261000,1,2474,1,0.01,105.94400000,105.18100000,105.82900,285.00
1614248100,0.00,20261001,0,2476,0,0.01,150.17000000,149.64100000,106.15400,0.00
1614256357,1094.00,20260605,1,2467,1,0.01,1.22345000,1.21045000,106.15400,1094.00
1614280881,-538.00,20261001,1,2476,1,0.01,149.63200000,149.64100000,106.15400,-538.00
1614344400,0.00,20260605,0,2479,1,0.01,1.21137000,1.21387000,106.54200,0.00
1614362263,-274.00,20260605,1,2479,0,0.01,1.21396000,1.21387000,106.54200,-274.00
1614362400,0.00,20260605,0,2481,0,0.01,1.21391000,1.21141000,106.54200,0.00
1614363088,-265.00,20260605,1,2481,1,0.01,1.21141000,1.21141000,106.54200,-265.00
1614715200,0.00,20260605,0,2483,1,0.01,1.20794000,1.21044000,106.67100,0.00
1614763800,0.00,20261001,0,2484,0,0.01,149.37900000,148.90000000,106.97800,0.00
1614764492,-267.00,20260605,1,2483,0,0.01,1.21050000,1.21044000,106.97800,-267.00
1614801600,46.00,20261001,1,2484,1,0.01,149.42500000,148.90000000,106.97800,46.00
1614830400,0.00,20260622,0,2487,0,0.04,107.02300000,106.68400000,107.96100,0.00
1614844800,0.00,20260627,0,2488,0,0.01,149.41300000,148.51400000,107.96100,0.00
1614849300,0.00,20261001,0,2489,0,0.01,149.57700000,149.14800000,107.96100,0.00
1614853800,0.00,20261000,0,2490,0,0.01,107.23900000,106.95500000,107.96100,0.00
1614878585,773.00,20261001,1,2489,1,0.01,150.35000000,149.14800000,107.96100,773.00
1614885700,2712.00,20260622,1,2487,1,0.04,107.70100000,106.68400000,107.96100,2712.00
1614886696,568.00,20261000,1,2490,1,0.01,107.80700000,106.95500000,107.96100,568.00
1614940200,0.00,20261000,0,2494,0,0.01,108.37000000,107.82000000,108.36900,0.00
1614981600,-31.00,20261000,1,2494,1,0.01,108.33900000,107.82000000,108.36900,-31.00
1615203000,0.00,20261000,0,2496,0,0.01,108.57300000,108.24000000,108.86000,0.00
1615240800,294.00,20261000,1,2496,1,0.01,108.86700000,108.24000000,108.86000,294.00
1615286700,0.00,20261000,0,2498,1,0.02,108.71600000,109.23400000,108.45900,0.00
1615327200,486.00,20261000,1,2498,0,0.02,108.47300000,109.23400000,108.45900,486.00
1615371300,0.00,20261001,0,2500,0,0.01,150.99400000,150.62300000,108.36800,0.00
1615406400,-114.00,20261001,1,2500,1,0.01,150.88000000,150.62300000,108.36800,-114.00
1615449600,0.00,20260622,0,2502,0,0.02,108.70100000,108.08300000,108.49400,0.00
1615541400,0.00,20261000,0,2503,0,0.01,108.98700000,108.47600000,109.01700,0.00
1615545000,0.00,20261001,0,2504,0,0.01,152.17800000,151.79700000,109.01700,0.00
1615549865,-387.00,20261001,1,2504,1,0.01,151.79100000,151.79700000,109.01700,-387.00
1615586400,80.00,20261000,1,2503,1,0.01,109.06700000,108.47600000,109.01700,80.00
1615808700,0.00,20261001,0,2507,0,0.01,152.07000000,151.64000000,109.12500,0.00
1615829966,-430.00,20261001,1,2507,1,0.01,151.64000000,151.64000000,109.12500,-430.00
1615886100,0.00,20261001,0,2509,1,0.01,151.33400000,151.67000000,108.99400,0.00
1615924800,-122.00,20261001,1,2509,0,0.01,151.45600000,151.67000000,108.99400,-122.00
1615975200,0.00,20261001,0,2511,0,0.01,151.80400000,151.41000000,108.83800,0.00
1616011200,-232.00,20261001,1,2511,1,0.01,151.57200000,151.41000000,108.83800,-232.00
1616029200,0.00,20260605,0,2513,0,0.01,1.19799000,1.19549000,108.88300,0.00
1616062500,0.00,20261001,0,2514,0,0.06,152.35600000,151.74800000,108.88300,0.00
1616063819,-273.00,20260605,1,2513,1,0.01,1.19549000,1.19549000,108.88300,-273.00
1616064300,0.00,20261000,0,2516,0,0.01,109.24400000,108.62300000,108.88300,0.00
1616086720,-3648.00,20261001,1,2514,1,0.06,151.74800000,151.74800000,108.88300,-3648.00
1616104800,-246.00,20261000,1,2516,1,0.01,108.99800000,108.62300000,108.88300,-246.00
1616145300,0.00,20261001,0,2519,1,0.01,151.40900000,151.72300000,108.88200,0.00
1616147100,0.00,20261000,0,2520,1,0.02,108.74700000,109.12900000,108.88200,0.00
1616150258,-314.00,20261001,1,2519,0,0.01,151.72300000,151.72300000,108.88200,-314.00
1616191200,-274.00,20261000,1,2520,0,0.02,108.88400000,109.12900000,108.88200,-274.00
1616385600,0.00,20260605,0,2523,1,0.01,1.18850000,1.19100000,108.84300,0.00
1616419235,-272.00,20260605,1,2523,0,0.01,1.19100000,1.19100000,108.84300,-272.00
1616425200,0.00,20260605,0,2525,0,0.01,1.19280000,1.19030000,108.84300,0.00
1616428800,-56.00,20260605,1,2525,1,0.01,1.19229000,1.19030000,108.84300,-56.00
1616428800,0.00,20260605,0,2527,1,0.01,1.19229000,1.19479000,108.84300,0.00
1616490900,0.00,20261001,0,2528,1,0.01,150.32300000,150.79100000,108.58400,0.00
1616504672,844.00,20261001,1,2528,0,0.01,149.47900000,150.79100000,108.58400,844.00
1616581800,0.00,20261001,0,2530,1,0.01,148.60200000,149.25300000,108.73200,0.00
1616583161,1149.00,20260605,1,2527,0,0.01,1.18179000,1.19479000,108.73200,1149.00
1616591909,-651.00,20261001,1,2530,0,0.01,149.25300000,149.25300000,108.73200,-651.00
1616670000,0.00,20261000,0,2533,0,0.01,109.07800000,108.71400000,109.18200,0.00
1616671800,0.00,20261001,0,2534,0,0.01,149.40800000,148.87400000,109.18200,0.00
1616702400,508.00,20261001,1,2534,1,0.01,149.91600000,148.87400000,109.18200,508.00
1616709600,34.00,20261000,1,2533,1,0.01,109.11200000,108.71400000,109.18200,34.00
1616731200,0.00,20260774,0,2537,1,0.01,1.37499000,1.37999000,109.67400,0.00
1616750100,0.00,20261001,0,2538,0,0.01,150.46400000,149.95200000,109.67400,0.00
1616757300,0.00,20261000,0,2539,0,0.01,109.38700000,109.12900000,109.67400,0.00
1616776516,923.00,20261001,1,2538,1,0.01,151.38700000,149.95200000,109.67400,923.00
1616777741,-549.00,20260774,1,2537,0,0.01,1.37999000,1.37999000,109.67400,-549.00
1616796000,298.00,20261000,1,2539,1,0.01,109.68500000,109.12900000,109.67400,298.00
1617017400,0.00,20261001,0,2543,0,0.06,151.59000000,150.74800000,109.77100,0.00
1617048000,-2334.00,20261001,1,2543,1,0.06,151.20100000,150.74800000,109.77100,-2334.00
1617078805,2736.00,20260622,1,2502,1,0.02,109.93900000,108.08300000,110.35000,2736.00
1617091200,0.00,20260622,0,2546,0,0.03,109.94300000,109.52700000,110.35000,0.00
1617096600,0.00,20261000,0,2547,0,0.01,110.04700000,109.73500000,110.35000,0.00
1617097500,0.00,20261001,0,2548,0,0.01,151.72400000,151.12900000,110.35000,0.00
1617134400,-427.00,20261001,1,2548,1,0.01,151.29700000,151.12900000,110.35000,-427.00
1617141600,303.00,20261000,1,2547,1,0.01,110.35000000,109.73500000,110.35000,303.00
1617170249,2529.00,20260622,1,2546,1,0.03,110.77600000,109.52700000,110.67100,2529.00
1617186600,0.00,20261001,0,2552,0,0.01,152.26300000,151.63200000,110.67100,0.00
1617220800,367.00,20261001,1,2552,1,0.01,152.63000000,151.63200000,110.67100,367.00
1617296082,3738.00,20260627,1,2488,1,0.01,153.01100000,148.51400000,110.58700,3738.00
1617379200,0.00,20260622,0,2555,0,0.03,110.61500000,110.15600000,110.58600,0.00
1617619500,0.00,20261001,0,2556,0,0.01,153.12400000,152.79900000,110.17400,0.00
1617642149,-1347.00,20260622,1,2555,1,0.03,110.15600000,110.15600000,110.17400,-1347.00
1617652800,-70.00,20261001,1,2556,1,0.01,153.05400000,152.79900000,110.17400,-70.00
1617696000,0.00,20260774,0,2559,0,0.01,1.39064000,1.38564000,109.73100,0.00
1617707700,0.00,20261001,0,2560,1,0.06,152.91800000,153.32800000,109.73100,0.00
1617708099,-551.00,20260774,1,2559,1,0.01,1.38564000,1.38564000,109.73100,-551.00
1617709500,0.00,20261000,0,2562,0,0.02,110.46400000,110.09000000,109.73100,0.00
1617710400,0.00,20260605,0,2563,0,0.01,1.18139000,1.17889000,109.73100,0.00
1617710400,0.00,20260774,0,2564,1,0.01,1.38539000,1.39039000,109.73100,0.00
1617723451,-748.00,20261000,1,2562,1,0.02,110.09000000,110.09000000,109.73100,-748.00
1617724521,4446.00,20261001,1,2560,0,0.06,152.17700000,153.32800000,109.73100,4446.00
1617786900,0.00,20261001,0,2567,1,0.01,151.41400000,151.89200000,109.84700,0.00
1617795038,-478.00,20261001,1,2567,0,0.01,151.89200000,151.89200000,109.84700,-478.00
1617813571,1218.00,20260774,1,2564,0,0.01,1.37432000,1.39039000,109.84700,1218.00
1617876900,0.00,20261000,0,2570,1,0.01,109.53600000,109.90300000,109.24900,0.00
1617909845,1134.00,20260605,1,2563,1,0.01,1.19190000,1.17889000,109.24900,1134.00
1617919200,279.00,20261000,1,2570,0,0.01,109.25700000,109.90300000,109.24900,279.00
1617961500,0.00,20261001,0,2573,1,0.01,149.64300000,150.24200000,109.64900,0.00
1617963300,0.00,20261000,0,2574,0,0.01,109.49800000,109.17200000,109.64900,0.00
1617968655,-599.00,20261001,1,2573,0,0.01,150.24200000,150.24200000,109.64900,-599.00
1618005600,155.00,20261000,1,2574,1,0.01,109.65300000,109.17200000,109.64900,155.00
1618308000,0.00,20261001,0,2577,0,0.01,150.78100000,150.30200000,109.05200,0.00
1618311451,-485.00,20261001,1,2577,1,0.01,150.29600000,150.30200000,109.05200,-485.00
1618393500,0.00,20261001,0,2579,0,0.01,150.17200000,149.69500000,108.90100,0.00
1618430400,139.00,20261001,1,2579,1,0.01,150.31100000,149.69500000,108.90100,139.00
1618829100,0.00,20261000,0,2581,1,0.01,108.36900000,108.82600000,108.12900,0.00
1618831800,0.00,20261001,0,2582,1,0.06,150.00900000,150.47700000,108.12900,0.00
1618840701,-2814.00,20261001,1,2582,0,0.06,150.47800000,150.47700000,108.12900,-2814.00
1618869600,268.00,20261000,1,2581,0,0.01,108.10100000,108.82600000,108.12900,268.00
1618911900,0.00,20261000,0,2585,0,0.01,108.45200000,107.97100000,108.07900,0.00
1618911900,0.00,20261001,0,2586,0,0.01,151.74300000,151.18200000,108.07900,0.00
1618934400,0.00,20260774,0,2587,0,0.01,1.39581000,1.39081000,108.07900,0.00
1618937345,-561.00,20261001,1,2586,1,0.01,151.18200000,151.18200000,108.07900,-561.00
1618956000,-344.00,20261000,1,2585,1,0.01,108.10800000,107.97100000,108.07900,-344.00
1619002800,0.00,20261000,0,2590,0,0.02,108.22700000,107.87500000,108.05900,0.00
1619002800,0.00,20261001,0,2591,0,0.06,150.82200000,150.39700000,108.05900,0.00
1619018802,-2550.00,20261001,1,2591,1,0.06,150.39700000,150.39700000,108.05900,-2550.00
1619020472,-542.00,20260774,1,2587,1,0.01,1.39080000,1.39081000,108.05900,-542.00
1619042400,-266.00,20261000,1,2590,1,0.02,108.09400000,107.87500000,108.05900,-266.00
1619086500,0.00,20261000,0,2595,1,0.01,107.84500000,108.14100000,107.95700,0.00
1619087400,0.00,20261001,0,2596,1,0.06,150.30200000,150.58400000,107.95700,0.00
1619104108,-302.00,20261000,1,2595,0,0.01,108.14700000,108.14100000,107.95700,-302.00
1619108862,3060.00,20261001,1,2596,0,0.06,149.79200000,150.58400000,107.95700,3060.00
1619121600,0.00,20260610,0,2599,1,0.01,108.20300000,108.70300000,107.95700,0.00
1619172900,0.00,20261001,0,2600,0,0.01,149.78500000,149.35900000,107.86700,0.00
1619191422,-435.00,20261001,1,2600,1,0.01,149.35000000,149.35900000,107.86700,-435.00
1619556937,-575.00,20260610,1,2599,0,0.01,108.70300000,108.70300000,108.64900,-575.00
1619604000,0.00,20261000,0,2603,0,0.01,109.05800000,108.62500000,108.57700,0.00
1619611200,0.00,20260610,0,2604,1,0.01,108.91900000,109.41900000,108.57700,0.00
1619645884,-433.00,20261000,1,2603,1,0.01,108.62500000,108.62500000,108.57700,-433.00
1619687700,0.00,20261001,0,2606,0,0.01,151.68100000,151.22300000,108.91200,0.00
1619688600,0.00,20261000,0,2607,0,0.01,108.72700000,108.43500000,108.91200,0.00
1619726400,142.00,20261001,1,2606,1,0.01,151.82300000,151.22300000,108.91200,142.00
1619733600,140.00,20261000,1,2607,1,0.01,108.86700000,108.43500000,108.91200,140.00
1619776800,0.00,20261001,0,2610,1,0.01,151.58800000,152.01000000,109.32100,0.00
1619812800,-437.00,20260610,1,2604,0,0.01,109.30600000,109.41900000,109.32100,-437.00
1619812800,0.00,20260610,0,2612,0,0.01,109.30600000,108.80600000,109.32100,0.00
1619812800,0.00,20260774,0,2613,1,0.01,1.38295000,1.38795000,109.32100,0.00
1619812800,419.00,20261001,1,2610,0,0.01,151.16900000,152.01000000,109.32100,419.00
1620014400,-48.00,20260774,1,2613,0,0.01,1.38338000,1.38795000,109.03100,-48.00
1620014400,0.00,20260774,0,2616,0,0.01,1.38338000,1.37838000,109.03100,0.00
1620036900,0.00,20261001,0,2617,0,0.01,151.61100000,150.94900000,109.03100,0.00
1620054000,0.00,20260605,0,2618,1,0.01,1.20454000,1.20704000,109.03100,0.00
1620062126,-272.00,20260605,1,2618,0,0.01,1.20704000,1.20704000,109.03100,-272.00
1620064800,0.00,20260605,0,2620,0,0.01,1.20735000,1.20485000,109.03100,0.00
1620068400,-164.00,20260605,1,2620,1,0.01,1.20585000,1.20485000,109.03100,-164.00
1620068400,0.00,20260605,0,2622,1,0.01,1.20585000,1.20835000,109.03100,0.00
1620072000,161.00,20261001,1,2617,1,0.01,151.77200000,150.94900000,109.03100,161.00
1620123300,0.00,20261000,0,2624,0,0.01,109.43300000,108.99400000,109.33500,0.00
1620165600,-130.00,20261000,1,2624,1,0.01,109.30300000,108.99400000,109.33500,-130.00
1620208800,0.00,20261001,0,2626,0,0.01,152.19100000,151.79400000,109.17700,0.00
1620214499,-397.00,20261001,1,2626,1,0.01,151.79400000,151.79400000,109.17700,-397.00
1620331200,-163.00,20260610,1,2612,1,0.01,109.10300000,108.80600000,109.08100,-163.00
1620331200,0.00,20260610,0,2629,1,0.01,109.10300000,109.60300000,109.08100,0.00
1620381600,0.00,20261001,0,2630,0,0.01,151.83600000,151.47600000,108.59400,0.00
1620382547,-261.00,20260605,1,2622,0,0.01,1.20839000,1.20835000,108.59400,-261.00
1620396000,0.00,20260605,0,2632,0,0.01,1.20716000,1.20466000,108.59400,0.00
1620401546,1192.00,20260774,1,2616,1,0.01,1.39438000,1.37838000,108.59400,1192.00
1620402151,-360.00,20261001,1,2630,1,0.01,151.47600000,151.47600000,108.59400,-360.00
1620615211,1133.00,20260605,1,2632,1,0.01,1.21766000,1.20466000,108.79700,1133.00
1620641700,0.00,20261000,0,2636,0,0.01,108.99400000,108.45900000,108.79700,0.00
1620684000,-184.00,20261000,1,2636,1,0.01,108.81000000,108.45900000,108.79700,-184.00
1620770400,0.00,20260605,0,2638,0,0.01,1.21530000,1.21280000,108.60400,0.00
1620798870,-279.00,20260605,1,2638,1,0.01,1.21280000,1.21280000,109.62900,-279.00
1620842400,0.00,20260605,0,2640,1,0.01,1.20755000,1.21005000,109.62900,0.00
1620848310,-600.00,20260610,1,2629,0,0.01,109.60300000,109.60300000,109.62900,-600.00
1620849600,0.00,20260610,0,2642,0,0.01,109.63200000,109.13200000,109.62900,0.00
1620856800,-52.00,20260605,1,2640,0,0.01,1.20802000,1.21005000,109.62900,-52.00
1620856800,0.00,20260605,0,2644,0,0.01,1.20802000,1.20552000,109.62900,0.00
1620898200,0.00,20261001,0,2645,1,0.06,153.99400000,154.27400000,109.42400,0.00
1620906621,-285.00,20260605,1,2644,1,0.01,1.20548000,1.20552000,109.42400,-285.00
1620936000,2004.00,20261001,1,2645,0,0.06,153.66000000,154.27400000,109.42400,2004.00
1620991800,0.00,20261000,0,2648,1,0.02,109.26900000,109.65500000,109.35300,0.00
1620991800,0.00,20261001,0,2649,1,0.06,153.65500000,153.94500000,109.35300,0.00
1621000059,-1740.00,20261001,1,2649,0,0.06,153.94500000,153.94500000,109.35300,-1740.00
1621029600,-164.00,20261000,1,2648,0,0.02,109.35100000,109.65500000,109.35300,-164.00
1621256855,-470.00,20260610,1,2642,1,0.01,109.13200000,109.13200000,109.18400,-470.00
1621420200,0.00,20261001,0,2653,0,0.01,154.77100000,154.47100000,109.20100,0.00
1621439618,-300.00,20261001,1,2653,1,0.01,154.47100000,154.47100000,109.20100,-300.00
1621505700,0.00,20261000,0,2655,1,0.01,109.02100000,109.30800000,108.74700,0.00
1621510200,0.00,20261001,0,2656,1,0.01,153.94300000,154.18700000,108.74700,0.00
1621533941,-246.00,20261001,1,2656,0,0.01,154.18900000,154.18700000,108.74700,-246.00
1621548000,215.00,20261000,1,2655,0,0.01,108.80600000,109.30800000,108.74700,215.00
1621593900,0.00,20261001,0,2659,1,0.01,154.11600000,154.42900000,108.93700,0.00
1621595700,0.00,20261000,0,2660,1,0.01,108.64000000,108.89800000,108.93700,0.00
1621600478,-313.00,20261001,1,2659,0,0.01,154.42900000,154.42900000,108.93700,-313.00
1621615985,-262.00,20261000,1,2660,0,0.01,108.90200000,108.89800000,108.93700,-262.00
1621934100,0.00,20261001,0,2663,0,0.01,154.25600000,153.90000000,108.74500,0.00
1621937700,0.00,20261000,0,2664,1,0.02,108.61800000,108.86400000,108.74500,0.00
1621948036,-492.00,20261000,1,2664,0,0.02,108.86400000,108.86400000,108.74500,-492.00
1621961861,-357.00,20261001,1,2663,1,0.01,153.89900000,153.90000000,108.74500,-357.00
1622115000,0.00,20261001,0,2667,0,0.06,154.20600000,153.90400000,109.72800,0.00
1622125602,3288.00,20261001,1,2667,1,0.06,154.75400000,153.90400000,109.72800,3288.00
1622203200,0.00,20260610,0,2669,0,0.01,109.85000000,109.35000000,109.86200,0.00
1622221200,0.00,20260605,0,2670,1,0.01,1.21644000,1.21894000,109.86200,0.00
1622224542,-275.00,20260605,1,2670,0,0.01,1.21894000,1.21894000,109.86200,-275.00
1622458800,0.00,20261001,0,2672,1,0.06,155.54100000,155.84400000,109.54300,0.00
1622491200,78.00,20261001,1,2672,0,0.06,155.52800000,155.84400000,109.54300,78.00
1622494800,0.00,20260605,0,2674,0,0.01,1.22281000,1.22031000,109.54300,0.00
1622521887,-482.00,20260610,1,2669,1,0.01,109.34800000,109.35000000,109.47000,-482.00
1622547000,0.00,20261001,0,2676,1,0.06,155.54200000,155.83500000,109.47000,0.00
1622570262,3162.00,20261001,1,2676,0,0.06,155.01500000,155.83500000,109.47000,3162.00
1622625300,0.00,20261001,0,2678,0,0.01,155.31100000,154.84600000,109.53700,0.00
1622631077,-293.00,20260605,1,2674,1,0.01,1.22026000,1.22031000,109.53700,-293.00
1622631600,0.00,20260605,0,2680,1,0.01,1.22002000,1.22252000,109.53700,0.00
1622633400,0.00,20261000,0,2681,0,0.01,109.79600000,109.33100000,109.53700,0.00
1622660400,-141.00,20260605,1,2680,0,0.01,1.22131000,1.22252000,109.53700,-141.00
1622660400,0.00,20260605,0,2683,0,0.01,1.22131000,1.21881000,109.53700,0.00
1622664000,74.00,20261001,1,2678,1,0.01,155.38500000,154.84600000,109.53700,74.00
1622671200,-228.00,20261000,1,2681,1,0.01,109.56800000,109.33100000,109.53700,-228.00
1622712672,-281.00,20260605,1,2683,1,0.01,1.21881000,1.21881000,110.24600,-281.00
1622718000,0.00,20261000,0,2687,0,0.01,109.83700000,109.53100000,110.24600,0.00
1622718900,0.00,20261001,0,2688,0,0.01,155.56400000,155.23300000,110.24600,0.00
1622750400,-92.00,20261001,1,2688,1,0.01,155.47200000,155.23300000,110.24600,-92.00
1622757600,471.00,20261000,1,2687,1,0.01,110.30800000,109.53100000,110.24600,471.00
1623057300,0.00,20261001,0,2691,1,0.01,154.67900000,155.17500000,109.22700,0.00
1623096000,-289.00,20261001,1,2691,0,0.01,154.96800000,155.17500000,109.22700,-289.00
1623171600,0.00,20260605,0,2693,1,0.01,1.21826000,1.22076000,109.48300,0.00
1623250800,-134.00,20260605,1,2693,0,0.01,1.21951000,1.22076000,109.59200,-134.00
1623250800,0.00,20260605,0,2695,0,0.01,1.21951000,1.21701000,109.59200,0.00
1623261600,-105.00,20260605,1,2695,1,0.01,1.21856000,1.21701000,109.59200,-105.00
1623261600,0.00,20260605,0,2697,1,0.01,1.21856000,1.22106000,109.59200,0.00
1623670200,0.00,20261001,0,2698,1,0.06,154.41800000,154.85800000,110.05000,0.00
1623684479,-2646.00,20261001,1,2698,0,0.06,154.85900000,154.85800000,110.05000,-2646.00
1623877229,1208.00,20260605,1,2697,0,0.01,1.20779000,1.22106000,110.70000,1208.00
1623880800,0.00,20260605,0,2701,1,0.01,1.20176000,1.20426000,110.70000,0.00
1623926700,0.00,20261001,0,2702,1,0.06,154.58100000,154.93500000,110.16900,0.00
1623945282,3822.00,20261001,1,2702,0,0.06,153.94400000,154.93500000,110.16900,3822.00
1623955359,1162.00,20260605,1,2701,0,0.01,1.19126000,1.20426000,110.16900,1162.00
1624008600,0.00,20261001,0,2705,1,0.01,152.82500000,153.60400000,110.20400,0.00
1624046400,0.00,20260774,0,2706,1,0.01,1.38179000,1.38679000,110.20400,0.00
1624046400,499.00,20261001,1,2705,0,0.01,152.32600000,153.60400000,110.20400,499.00
1624060499,210.00,0,1,2706,0,0.01,1.37989000,1.38679000,110.20400,210.00
1624060499,34456.00,0,1,2009,1,0.03,82.42500000,0.00000000,110.20400,34456.00
