time,profit,magic,entry,position_id,type,volume,price,sl,usdjpy,profit_jpy
1624237200,0.00,20260650,0,2,0,0.03,82.50600000,0.00000000,110.17400,0.00
1624361400,0.00,20261001,0,3,1,0.06,153.17800000,153.77200000,110.60500,0.00
1624378052,-3564.00,20261001,1,3,0,0.06,153.77200000,153.77200000,110.60500,-3564.00
1624964400,0.00,20261000,0,5,0,0.02,110.69700000,110.45100000,110.45200,0.00
1624987418,-492.00,20261000,1,5,1,0.02,110.45100000,110.45100000,110.45200,-492.00
1625072400,0.00,20260605,0,7,1,0.01,1.18739000,1.18989000,111.09200,0.00
1625483700,0.00,20261000,0,8,1,0.02,110.86100000,111.18900000,110.93500,0.00
1625522400,-80.00,20261000,1,8,0,0.02,110.90100000,111.18900000,110.93500,-80.00
1625565600,0.00,20261001,0,10,0,0.01,154.07100000,153.42000000,110.60500,0.00
1625573735,-659.00,20261001,1,10,1,0.01,153.41200000,153.42000000,110.60500,-659.00
1625652900,0.00,20261000,0,12,0,0.02,110.73900000,110.39400000,110.60100,0.00
1625695200,-242.00,20261000,1,12,1,0.02,110.61800000,110.39400000,110.60100,-242.00
1625736600,0.00,20261001,0,14,1,0.01,151.93500000,152.74300000,109.58100,0.00
1625739300,0.00,20261000,0,15,1,0.01,110.04000000,110.67100000,109.58100,0.00
1625781600,232.00,20261000,1,15,0,0.01,109.80800000,110.67100000,109.58100,232.00
1625781600,676.00,20261001,1,14,0,0.01,151.25900000,152.74300000,109.58100,676.00
1626174000,261.00,20260605,1,7,0,0.01,1.18518000,1.18989000,110.62200,261.00
1626174000,0.00,20260605,0,19,0,0.01,1.18518000,1.18268000,110.62200,0.00
1626181200,-104.00,20260605,1,19,1,0.01,1.18423000,1.18268000,110.62200,-104.00
1626181200,0.00,20260605,0,21,1,0.01,1.18423000,1.18673000,110.62200,0.00
1626340500,0.00,20261000,0,22,1,0.01,109.76000000,110.02700000,109.80400,0.00
1626345000,0.00,20261001,0,23,1,0.01,151.73000000,152.45600000,109.80400,0.00
1626350400,-73.00,20260605,1,21,0,0.01,1.18493000,1.18673000,109.80400,-73.00
1626350400,0.00,20260605,0,25,0,0.01,1.18493000,1.18243000,109.80400,0.00
1626354212,-730.00,20261001,1,23,0,0.01,152.46000000,152.45600000,109.80400,-730.00
1626356728,-275.00,20260605,1,25,1,0.01,1.18243000,1.18243000,109.80400,-275.00
1626357600,0.00,20260605,0,28,1,0.01,1.18173000,1.18423000,109.80400,0.00
1626358782,-267.00,20261000,1,22,0,0.01,110.02700000,110.02700000,109.80400,-267.00
1626432300,0.00,20261000,0,30,0,0.01,110.17600000,109.73100000,110.07200,0.00
1626435000,0.00,20261001,0,31,0,0.01,152.50300000,151.75700000,110.07200,0.00
1626456271,-753.00,20261001,1,31,1,0.01,151.75000000,151.75700000,110.07200,-753.00
1626472800,-103.00,20261000,1,30,1,0.01,110.07300000,109.73100000,110.07200,-103.00
1626667200,0.00,20260610,0,34,1,0.01,109.86700000,110.36700000,109.37600,0.00
1626690600,0.00,20261001,0,35,1,0.01,150.83900000,151.52700000,109.37600,0.00
1626695100,0.00,20261000,0,36,1,0.01,109.74200000,110.08600000,109.37600,0.00
1626715001,1376.00,20261001,1,35,0,0.01,149.46300000,151.52700000,109.37600,1376.00
1626732000,269.00,20261000,1,36,0,0.01,109.47300000,110.08600000,109.37600,269.00
1626742800,-5919.00,20260650,1,2,1,0.03,80.35800000,0.00000000,109.81400,-5919.00
1626777900,0.00,20261000,0,40,0,0.01,109.69900000,109.35700000,109.81400,0.00
1626787418,-342.00,20261000,1,40,1,0.01,109.35700000,109.35700000,109.81400,-342.00
1626864300,0.00,20261000,0,42,0,0.01,110.09100000,109.78900000,110.28500,0.00
1626885254,-564.00,20260610,1,34,0,0.01,110.36700000,110.36700000,110.28500,-564.00
1626897600,0.00,20260610,0,44,0,0.01,110.30700000,109.80700000,110.28500,0.00
1626904800,174.00,20261000,1,42,1,0.01,110.26500000,109.78900000,110.28500,174.00
1627037100,0.00,20261000,0,46,0,0.01,110.38600000,110.05900000,110.54000,0.00
1627077600,169.00,20261000,1,46,1,0.01,110.55500000,110.05900000,110.54000,169.00
1627295400,0.00,20261000,0,48,1,0.01,110.14000000,110.58400000,110.36200,0.00
1627318800,136.00,20260605,1,28,0,0.01,1.18062000,1.18423000,110.36200,136.00
1627318800,0.00,20260605,0,50,0,0.01,1.18062000,1.17812000,110.36200,0.00
1627336800,-243.00,20261000,1,48,0,0.01,110.38300000,110.58400000,110.36200,-243.00
1627380000,-210.00,20260605,1,50,1,0.01,1.17879000,1.17812000,109.75300,-210.00
1627380000,0.00,20260605,0,53,1,0.01,1.17879000,1.18129000,109.75300,0.00
1627381800,0.00,20261000,0,54,1,0.01,110.08200000,110.38700000,109.75300,0.00
1627399199,-277.00,20260605,1,53,0,0.01,1.18131000,1.18129000,109.75300,-277.00
1627408769,-495.00,20260610,1,44,1,0.01,109.80000000,109.80700000,109.75300,-495.00
1627423200,0.00,20260605,0,57,0,0.01,1.18232000,1.17982000,109.75300,0.00
1627423200,363.00,20261000,1,54,0,0.01,109.71900000,110.38700000,109.75300,363.00
1627486205,-290.00,20260605,1,57,1,0.01,1.17975000,1.17982000,109.90000,-290.00
1627495200,0.00,20260605,0,60,0,0.01,1.18000000,1.17750000,109.90000,0.00
1627506043,-307.00,20260605,1,60,1,0.01,1.17720000,1.17750000,109.90000,-307.00
1627588800,0.00,20260610,0,62,1,0.01,109.52600000,110.02600000,109.46400,0.00
1628076600,0.00,20261000,0,63,0,0.01,109.20400000,108.92500000,109.46900,0.00
1628090132,-283.00,20261000,1,63,1,0.01,108.92100000,108.92500000,109.46900,-283.00
1628164800,0.00,20260774,0,65,0,0.01,1.39156000,1.38656000,109.76300,0.00
1628263843,-716.00,20260610,1,62,0,0.01,110.05000000,110.02600000,110.20800,-716.00
1628269200,0.00,20260605,0,67,1,0.01,1.17739000,1.17989000,110.20800,0.00
1628272537,-551.00,20260774,1,65,1,0.01,1.38656000,1.38656000,110.20800,-551.00
1628496000,0.00,20260774,0,69,0,0.01,1.38707000,1.38207000,110.21300,0.00
1628594100,0.00,20261000,0,70,0,0.01,110.47200000,110.21300000,110.54500,0.00
1628625600,-426.00,20260774,1,69,1,0.01,1.38323000,1.38207000,110.54500,-426.00
1628625600,0.00,20260774,0,72,1,0.01,1.38323000,1.38823000,110.54500,0.00
1628632800,104.00,20261000,1,70,1,0.01,110.57600000,110.21300000,110.54500,104.00
1628674200,0.00,20261000,0,74,0,0.01,110.74500000,110.44800000,110.40500,0.00
1628695841,-325.00,20261000,1,74,1,0.01,110.42000000,110.44800000,110.40500,-325.00
1628712065,-553.00,20260774,1,72,0,0.01,1.38823000,1.38823000,110.40500,-553.00
1628841600,0.00,20260610,0,77,0,0.01,110.41200000,109.91200000,109.58700,0.00
1628874661,-500.00,20260610,1,77,1,0.01,109.91200000,109.91200000,109.58700,-500.00
1628878745,-265.00,20260605,1,67,0,0.01,1.17989000,1.17989000,109.58700,-265.00
1628884800,0.00,20260610,0,80,1,0.01,109.67100000,110.17100000,109.58700,0.00
1629100800,0.00,20260774,0,81,0,0.01,1.38565000,1.38065000,109.13100,0.00
1629108000,0.00,20261001,0,82,1,0.01,151.39000000,152.20000000,109.13100,0.00
1629151200,231.00,20261001,1,82,0,0.01,151.15900000,152.20000000,109.13100,231.00
1629193289,-548.00,20260774,1,81,1,0.01,1.38065000,1.38065000,109.54600,-548.00
1629194400,0.00,20261001,0,85,1,0.06,150.81500000,151.33600000,109.54600,0.00
1629237600,1896.00,20261001,1,85,0,0.06,150.49900000,151.33600000,109.54600,1896.00
1629350735,-628.00,20260610,1,80,0,0.01,110.17100000,110.17100000,109.66800,-628.00
1629365400,0.00,20261001,0,88,1,0.06,150.71500000,151.21300000,109.66800,0.00
1629372600,0.00,20261000,0,89,1,0.02,109.64800000,110.22800000,109.66800,0.00
1629374699,5976.00,20261001,1,88,0,0.06,149.71900000,151.21300000,109.66800,5976.00
1629410400,-290.00,20261000,1,89,0,0.02,109.79300000,110.22800000,109.66800,-290.00
1629455400,0.00,20261001,0,92,1,0.06,149.20200000,149.88500000,109.79200,0.00
1629496800,-2316.00,20261001,1,92,0,0.06,149.58800000,149.88500000,109.79200,-2316.00
1629723600,0.00,20260605,0,94,1,0.01,1.17239000,1.17489000,109.68600,0.00
1629734400,-94.00,20260605,1,94,0,0.01,1.17325000,1.17489000,109.68600,-94.00
1629734400,0.00,20260605,0,96,0,0.01,1.17325000,1.17075000,109.68600,0.00
1629891000,0.00,20261001,0,97,0,0.01,150.90000000,150.36400000,109.99900,0.00
1629928800,457.00,20261001,1,97,1,0.01,151.35700000,150.36400000,109.99900,457.00
1629974700,0.00,20261000,0,99,0,0.01,110.20800000,109.92600000,110.07700,0.00
1629979200,0.00,20260610,0,100,0,0.01,110.18400000,109.68400000,110.07700,0.00
1630015200,-180.00,20261000,1,99,1,0.01,110.02800000,109.92600000,110.07700,-180.00
1630063800,0.00,20261000,0,102,0,0.02,110.14100000,109.88500000,109.84100,0.00
1630084529,-522.00,20261000,1,102,1,0.02,109.88000000,109.88500000,109.84100,-522.00
1630418909,1107.00,20260605,1,96,1,0.01,1.18376000,1.17075000,109.99200,1107.00
1630424128,-491.00,20260610,1,100,1,0.01,109.68400000,109.68400000,109.99200,-491.00
1630483200,0.00,20260610,0,106,0,0.01,110.23500000,109.73500000,109.96000,0.00
1630493100,0.00,20261000,0,107,0,0.01,110.39100000,109.97500000,109.96000,0.00
1630513321,-416.00,20261000,1,107,1,0.01,109.97500000,109.97500000,109.96000,-416.00
1630612800,0.00,20260774,0,109,0,0.01,1.38324000,1.37824000,109.92400,0.00
1630641600,-342.00,20260610,1,106,1,0.01,109.88700000,109.73500000,109.70200,-342.00
1630641600,0.00,20260610,0,111,1,0.01,109.88700000,110.38700000,109.70200,0.00
1630924200,0.00,20261000,0,112,0,0.01,109.91300000,109.58900000,109.82000,0.00
1630965600,-75.00,20261000,1,112,1,0.01,109.83800000,109.58900000,109.82000,-75.00
1631007900,0.00,20261000,0,114,0,0.01,109.93300000,109.68500000,110.25200,0.00
1631025865,-553.00,20260774,1,109,1,0.01,1.37824000,1.37824000,110.25200,-553.00
1631044800,-395.00,20260610,1,111,0,0.01,110.21800000,110.38700000,110.25200,-395.00
1631044800,0.00,20260610,0,117,0,0.01,110.21800000,109.71800000,110.25200,0.00
1631052000,355.00,20261000,1,114,1,0.01,110.28800000,109.68500000,110.25200,355.00
1631182500,0.00,20261000,0,119,1,0.01,110.01600000,110.27200000,109.68700,0.00
1631206800,0.00,20260629,0,120,0,0.01,1.18159000,0.00000000,109.68700,0.00
1631206800,0.00,20260629,0,121,1,0.01,1.38398000,0.00000000,109.68700,0.00
1631216555,-495.00,20260610,1,117,1,0.01,109.71700000,109.71800000,109.68700,-495.00
1631217600,0.00,20260605,0,123,1,0.01,1.18313000,1.18563000,109.68700,0.00
1631224800,321.00,20261000,1,119,0,0.01,109.69500000,110.27200000,109.68700,321.00
1631268000,0.00,20261001,0,125,0,0.01,152.36800000,151.70600000,109.89200,0.00
1631269800,0.00,20261000,0,126,0,0.01,109.97200000,109.64400000,109.89200,0.00
1631311200,-68.00,20261000,1,126,1,0.01,109.90400000,109.64400000,109.89200,-68.00
1631311200,-208.00,20261001,1,125,1,0.01,152.16000000,151.70600000,109.89200,-208.00
1631525400,0.00,20261000,0,129,0,0.01,110.09500000,109.77300000,109.92300,0.00
1631548800,0.00,20260610,0,130,0,0.01,110.06600000,109.56600000,109.92300,0.00
1631570400,-84.00,20261000,1,129,1,0.01,110.01100000,109.77300000,109.92300,-84.00
1631614500,0.00,20261001,0,132,0,0.01,152.54900000,152.05000000,109.67900,0.00
1631640882,-508.00,20261001,1,132,1,0.01,152.04100000,152.05000000,109.67900,-508.00
1631649600,-432.00,20260610,1,130,1,0.01,109.63100000,109.56600000,109.67900,-432.00
1631649600,0.00,20260610,0,135,1,0.01,109.63100000,110.13100000,109.67900,0.00
1631699100,0.00,20261000,0,136,1,0.01,109.47900000,109.74300000,109.36000,0.00
1631743200,83.00,20261000,1,136,0,0.01,109.39600000,109.74300000,109.36000,83.00
1631879100,0.00,20261000,0,138,0,0.01,109.96900000,109.66700000,109.96400,0.00
1631879100,0.00,20261001,0,139,0,0.01,151.84800000,151.16000000,109.96400,0.00
1631880000,-445.00,20260610,1,135,0,0.01,109.98000000,110.13100000,109.96400,-445.00
1631880000,0.00,20260610,0,141,0,0.01,109.98000000,109.48000000,109.96400,0.00
1631901079,-688.00,20261001,1,139,1,0.01,151.16000000,151.16000000,109.96400,-688.00
1631908539,1167.00,20260605,1,123,0,0.01,1.17263000,1.18563000,109.96400,1167.00
1631916000,-49.00,20261000,1,138,1,0.01,109.92000000,109.66700000,109.96400,-49.00
1632129300,0.00,20261001,0,145,1,0.01,150.54300000,151.12400000,109.42300,0.00
1632132000,1634.00,20260629,1,121,0,0.01,1.36904000,0.00000000,109.42300,1634.00
1632132000,-1171.00,20260629,1,120,1,0.01,1.17144000,0.00000000,109.42300,-1171.00
1632132900,0.00,20261000,0,148,1,0.01,109.76200000,110.03700000,109.42300,0.00
1632150086,-497.00,20260610,1,141,1,0.01,109.48000000,109.48000000,109.42300,-497.00
1632164796,1162.00,20261001,1,145,0,0.01,149.38100000,151.12400000,109.42300,1162.00
1632175200,393.00,20261000,1,148,0,0.01,109.36900000,110.03700000,109.42300,393.00
1632220200,0.00,20261000,0,152,0,0.01,109.68900000,109.34700000,109.20900,0.00
1632220200,0.00,20261001,0,153,0,0.01,150.06100000,149.17500000,109.20900,0.00
1632237278,-342.00,20261000,1,152,1,0.01,109.34700000,109.34700000,109.20900,-342.00
1632241829,-890.00,20261001,1,153,1,0.01,149.17100000,149.17500000,109.20900,-890.00
1632390300,0.00,20261001,0,156,0,0.01,150.00300000,149.35200000,110.31400,0.00
1632398400,0.00,20260610,0,157,0,0.01,109.94500000,109.44500000,110.31400,0.00
1632415661,1302.00,20261001,1,156,1,0.01,151.30500000,149.35200000,110.31400,1302.00
1632477600,0.00,20261000,0,159,0,0.01,110.57000000,110.21000000,110.72500,0.00
1632520800,222.00,20261000,1,159,1,0.01,110.79200000,110.21000000,110.72500,222.00
1632742200,0.00,20261000,0,161,0,0.02,110.87700000,110.53500000,110.99400,0.00
1632754637,1108.00,20260610,1,157,1,0.01,111.04700000,109.44500000,110.99400,1108.00
1632758400,0.00,20260610,0,163,0,0.01,110.87100000,110.37100000,110.99400,0.00
1632780000,272.00,20261000,1,161,1,0.02,111.01300000,110.53500000,110.99400,272.00
1632821400,0.00,20261000,0,165,0,0.01,111.31300000,110.93500000,111.46200,0.00
1632866400,280.00,20261000,1,165,1,0.01,111.59300000,110.93500000,111.46200,280.00
1632915000,0.00,20261000,0,167,1,0.02,111.22200000,111.68300000,111.94900,0.00
1632935645,-936.00,20261000,1,167,0,0.02,111.69000000,111.68300000,111.94900,-936.00
1632946346,1106.00,20260610,1,163,1,0.01,111.97100000,110.37100000,111.94900,1106.00
1633083300,0.00,20261001,0,170,1,0.01,149.38100000,150.17100000,111.06100,0.00
1633094967,-790.00,20261001,1,170,0,0.01,150.17100000,150.17100000,111.06100,-790.00
1633347000,0.00,20261000,0,172,0,0.01,111.18400000,110.88000000,110.91300,0.00
1633369153,-304.00,20261000,1,172,1,0.01,110.88000000,110.88000000,110.91300,-304.00
1633947300,0.00,20261000,0,174,0,0.01,112.82100000,112.12600000,113.24900,0.00
1633989600,516.00,20261000,1,174,1,0.01,113.33700000,112.12600000,113.24900,516.00
1634000400,0.00,20260650,0,176,0,0.03,83.27200000,0.00000000,113.59600,0.00
1634158800,0.00,20260605,0,177,0,0.01,1.15892000,1.15642000,113.23900,0.00
1634206500,0.00,20261001,0,178,0,0.01,155.38600000,154.60400000,113.66700,0.00
1634248800,170.00,20261001,1,178,1,0.01,155.55600000,154.60400000,113.66700,170.00
1634270400,0.00,20260622,0,180,0,0.03,113.88600000,113.41300000,114.24300,0.00
1634292900,0.00,20261001,0,181,0,0.01,156.50200000,155.37400000,114.24300,0.00
1634335200,583.00,20261001,1,181,1,0.01,157.08500000,155.37400000,114.24300,583.00
1634558400,0.00,20260774,0,183,0,0.01,1.37199000,1.36699000,114.30700,0.00
1634636700,0.00,20261000,0,184,1,0.01,114.00700000,114.35200000,114.36100,0.00
1634650576,1257.00,20260774,1,183,1,0.01,1.38301000,1.36699000,114.36100,1257.00
1634680800,-289.00,20261000,1,184,0,0.01,114.29600000,114.35200000,114.36100,-289.00
1634809500,0.00,20261001,0,187,1,0.01,157.23700000,158.20300000,113.95800,0.00
1634853600,193.00,20261001,1,187,0,0.01,157.04400000,158.20300000,113.95800,193.00
1634940220,-1374.00,20260622,1,180,1,0.03,113.41300000,113.41300000,113.48000,-1374.00
1635245100,0.00,20261000,0,190,0,0.01,114.05900000,113.67000000,114.14000,0.00
1635264000,0.00,20260622,0,191,0,0.03,114.14200000,113.64700000,114.14000,0.00
1635274800,-72.00,20260605,1,177,1,0.01,1.15900000,1.15642000,114.14000,-72.00
1635274800,0.00,20260605,0,193,1,0.01,1.15900000,1.16150000,114.14000,0.00
1635285600,101.00,20261000,1,190,1,0.01,114.16000000,113.67000000,114.14000,101.00
1635331500,0.00,20261000,0,195,1,0.01,113.79700000,114.22000000,113.79800,0.00
1635335679,-1476.00,20260622,1,191,1,0.03,113.64700000,113.64700000,113.79800,-1476.00
1635347639,-283.00,20260605,1,193,0,0.01,1.16151000,1.16150000,113.79800,-283.00
1635350400,0.00,20260774,0,198,0,0.01,1.37394000,1.36894000,113.79800,0.00
1635354000,0.00,20260605,0,199,1,0.01,1.16178000,1.16428000,113.79800,0.00
1635372000,24.00,20261000,1,195,0,0.01,113.77300000,114.22000000,113.79800,24.00
1635436800,-141.00,20260605,1,199,0,0.01,1.16304000,1.16428000,113.55800,-141.00
1635436800,0.00,20260605,0,202,0,0.01,1.16304000,1.16054000,113.55800,0.00
1635527021,-293.00,20260605,1,202,1,0.01,1.16054000,1.16054000,113.95200,-293.00
1635532041,-571.00,20260774,1,198,1,0.01,1.36894000,1.36894000,113.95200,-571.00
1635534000,0.00,20260605,0,205,1,0.01,1.15496000,1.15746000,113.95200,0.00
1635763500,0.00,20261000,0,206,0,0.01,114.39900000,114.02400000,113.98600,0.00
1635767441,-284.00,20260605,1,205,0,0.01,1.15746000,1.15746000,113.98600,-284.00
1635800838,-375.00,20261000,1,206,1,0.01,114.02400000,114.02400000,113.98600,-375.00
1636455600,0.00,20260605,0,209,0,0.01,1.15899000,1.15649000,112.83400,0.00
1636466400,-116.00,20260605,1,209,1,0.01,1.15797000,1.15649000,112.83400,-116.00
1636466400,0.00,20260605,0,211,1,0.01,1.15797000,1.16047000,112.83400,0.00
1636476341,-285.00,20260605,1,211,0,0.01,1.16047000,1.16047000,112.83400,-285.00
1637054100,0.00,20261001,0,213,0,0.01,153.56200000,152.95500000,114.80900,0.00
1637100000,457.00,20261001,1,213,1,0.01,154.01900000,152.95500000,114.80900,457.00
1637141400,0.00,20261001,0,215,0,0.01,154.61000000,153.91800000,113.97700,0.00
1637178208,-692.00,20261001,1,215,1,0.01,153.91800000,153.91800000,113.97700,-692.00
1637235000,0.00,20261001,0,217,0,0.01,154.24300000,153.65000000,114.23900,0.00
1637272800,-28.00,20261001,1,217,1,0.01,154.21500000,153.65000000,114.23900,-28.00
1637663400,0.00,20261000,0,219,1,0.02,114.64200000,115.14000000,115.11500,0.00
1637704800,-870.00,20261000,1,219,0,0.02,115.07700000,115.14000000,115.11500,-870.00
1637748900,0.00,20261001,0,221,1,0.01,153.59400000,154.15200000,115.40600,0.00
1637791200,-226.00,20261001,1,221,0,0.01,153.82000000,154.15200000,115.40600,-226.00
1638147600,-6605.00,20260650,1,176,1,0.03,80.78700000,0.00000000,113.51500,-6605.00
1638259200,0.00,20260610,0,224,1,0.01,113.08000000,113.58000000,113.13800,0.00
1638270000,0.00,20260605,0,225,0,0.01,1.13491000,1.13241000,113.13800,0.00
1638293897,-302.00,20260605,1,225,1,0.01,1.13224000,1.13241000,113.13800,-302.00
1638294823,-523.00,20260610,1,224,0,0.01,113.60300000,113.58000000,113.13800,-523.00
1638295200,0.00,20260605,0,228,1,0.01,1.12592000,1.12842000,113.13800,0.00
1638297522,-292.00,20260605,1,228,0,0.01,1.12849000,1.12842000,113.13800,-292.00
1638436500,0.00,20261001,0,230,0,0.01,150.54100000,149.50800000,113.00700,0.00
1638439200,0.00,20261000,0,231,0,0.01,113.27900000,112.63000000,113.00700,0.00
1638482400,-114.00,20261000,1,231,1,0.01,113.16500000,112.63000000,113.00700,-114.00
1638482400,-58.00,20261001,1,230,1,0.01,150.48300000,149.50800000,113.00700,-58.00
1638527400,0.00,20261000,0,234,0,0.01,113.46800000,112.95700000,112.82500,0.00
1638557562,-514.00,20261000,1,234,1,0.01,112.95400000,112.95700000,112.82500,-514.00
1638785700,0.00,20261001,0,236,0,0.01,149.83900000,149.04900000,113.43400,0.00
1638790200,0.00,20261000,0,237,0,0.01,113.26300000,112.82700000,113.43400,0.00
1638828000,231.00,20261000,1,237,1,0.01,113.49400000,112.82700000,113.43400,231.00
1638828000,618.00,20261001,1,236,1,0.01,150.45700000,149.04900000,113.43400,618.00
1639087200,0.00,20260605,0,240,1,0.01,1.12870000,1.13120000,113.45000,0.00
1639160061,-284.00,20260605,1,240,0,0.01,1.13122000,1.13120000,113.37400,-284.00
1639162800,0.00,20260605,0,242,0,0.01,1.13125000,1.12875000,113.37400,0.00
1639384297,-293.00,20260605,1,242,1,0.01,1.12875000,1.12875000,113.48800,-293.00
1639394100,0.00,20261000,0,244,0,0.01,113.68300000,113.25700000,113.48800,0.00
1639432800,-156.00,20261000,1,244,1,0.01,113.52700000,113.25700000,113.48800,-156.00
1639584000,0.00,20260610,0,246,0,0.01,113.84400000,113.34400000,113.97800,0.00
1639751260,-494.00,20260610,1,246,1,0.01,113.34400000,113.34400000,113.69800,-494.00
1639774800,0.00,20260605,0,248,1,0.01,1.12530000,1.12780000,113.69800,0.00
1639991700,0.00,20261001,0,249,1,0.01,149.84000000,150.56200000,113.52100,0.00
1640014119,-281.00,20260605,1,248,0,0.01,1.12780000,1.12780000,113.52100,-281.00
1640016000,0.00,20260605,0,251,0,0.01,1.12936000,1.12686000,113.52100,0.00
1640023200,-56.00,20260605,1,251,1,0.01,1.12887000,1.12686000,113.52100,-56.00
1640023200,0.00,20260605,0,253,1,0.01,1.12887000,1.13137000,113.52100,0.00
1640037600,-285.00,20261001,1,249,0,0.01,150.12500000,150.56200000,113.52100,-285.00
1640083500,0.00,20261001,0,255,0,0.01,150.51100000,149.88800000,114.05400,0.00
1640116800,0.00,20260610,0,256,0,0.01,114.21100000,113.71100000,114.05400,0.00
1640124000,840.00,20261001,1,255,1,0.01,151.35100000,149.88800000,114.05400,840.00
1640169000,0.00,20261000,0,258,0,0.01,114.30800000,113.94900000,114.05600,0.00
1640188591,-281.00,20260605,1,253,0,0.01,1.13137000,1.13137000,114.05600,-281.00
1640210400,-136.00,20261000,1,258,1,0.01,114.17200000,113.94900000,114.05600,-136.00
1640268000,0.00,20260629,0,261,0,0.01,1.13241000,0.00000000,114.37400,0.00
1640268000,0.00,20260629,0,262,1,0.01,1.34328000,0.00000000,114.37400,0.00
1640286000,0.00,20260605,0,263,0,0.01,1.13201000,1.12951000,114.37400,0.00
1640600100,0.00,20261000,0,264,0,0.01,114.54200000,114.29800000,114.80700,0.00
1640600100,0.00,20261001,0,265,0,0.01,153.66600000,152.94500000,114.80700,0.00
1640642400,364.00,20261000,1,264,1,0.01,114.90600000,114.29800000,114.80700,364.00
1640642400,781.00,20261001,1,265,1,0.01,154.44700000,152.94500000,114.80700,781.00
1640710454,-314.00,20260605,1,263,1,0.01,1.12951000,1.12951000,114.80700,-314.00
1640739600,0.00,20260605,0,269,1,0.01,1.13023000,1.13273000,114.89600,0.00
1640775600,0.00,20261000,0,270,0,0.01,114.99300000,114.73000000,114.89600,0.00
1640795105,-288.00,20260605,1,269,0,0.01,1.13274000,1.13273000,114.89600,-288.00
1640796510,-265.00,20261000,1,270,1,0.01,114.72800000,114.73000000,114.89600,-265.00
1640797200,0.00,20260605,0,273,0,0.01,1.13471000,1.13221000,114.89600,0.00
1640808000,0.00,20260774,0,274,0,0.01,1.34826000,1.34326000,114.89600,0.00
1640826000,0.00,20260650,0,275,0,0.03,83.34400000,0.00000000,115.02800,0.00
1640852368,-297.00,20260605,1,273,1,0.01,1.13221000,1.13221000,115.02800,-297.00
1641196033,1127.00,20260610,1,256,1,0.01,115.31100000,113.71100000,115.31500,1127.00
1641231218,-580.00,20260774,1,274,1,0.01,1.34326000,1.34326000,115.31500,-580.00
1641272400,0.00,20260605,0,279,1,0.01,1.13021000,1.13271000,116.12000,0.00
1641290400,0.00,20261001,0,280,0,0.01,156.12300000,155.10900000,116.12000,0.00
1641333600,1032.00,20261001,1,280,1,0.01,157.15500000,155.10900000,116.12000,1032.00
1641397768,-292.00,20260605,1,279,0,0.01,1.13276000,1.13271000,116.06500,-292.00
1641405600,0.00,20260605,0,283,0,0.01,1.13374000,1.13124000,116.06500,0.00
1641417081,-292.00,20260605,1,283,1,0.01,1.13121000,1.13124000,116.06500,-292.00
1641420000,0.00,20260605,0,285,1,0.01,1.13102000,1.13352000,116.06500,0.00
1641463200,0.00,20261001,0,286,1,0.01,156.40900000,157.47500000,115.81500,0.00
1641468600,0.00,20261000,0,287,1,0.01,115.72700000,116.18500000,115.81500,0.00
1641506400,-222.00,20261000,1,287,0,0.01,115.94900000,116.18500000,115.81500,-222.00
1641506400,-414.00,20261001,1,286,0,0.01,156.82300000,157.47500000,115.81500,-414.00
1641574985,-286.00,20260605,1,285,0,0.01,1.13352000,1.13352000,115.52400,-286.00
1641837600,0.00,20260605,0,291,1,0.01,1.13184000,1.13434000,115.13500,0.00
1641841200,-111.00,20260605,1,291,0,0.01,1.13280000,1.13434000,115.13500,-111.00
1641841200,0.00,20260605,0,293,0,0.01,1.13280000,1.13030000,115.13500,0.00
1641899700,0.00,20261001,0,294,0,0.01,157.11200000,156.03800000,115.28500,0.00
1641938400,74.00,20261001,1,294,1,0.01,157.18600000,156.03800000,115.28500,74.00
1641960000,0.00,20260610,0,296,0,0.01,115.29300000,114.79300000,114.62700,0.00
1642010765,-502.00,20260610,1,296,1,0.01,114.79100000,114.79300000,114.62700,-502.00
1642014638,1187.00,20260605,1,293,1,0.01,1.14330000,1.13030000,114.62700,1187.00
1642068000,0.00,20261000,0,299,1,0.01,114.40800000,114.70300000,114.15400,0.00
1642089600,0.00,20260610,0,300,1,0.01,114.27900000,114.77900000,114.15400,0.00
1642111200,339.00,20261000,1,299,0,0.01,114.06900000,114.70300000,114.15400,339.00
1642481560,-596.00,20260610,1,300,0,0.01,114.77900000,114.77900000,114.60400,-596.00
1642506300,0.00,20261001,0,303,1,0.06,156.18800000,156.90700000,114.60400,0.00
1642507200,-2262.00,20260629,1,262,0,0.01,1.36267000,0.00000000,114.60400,-2262.00
1642507200,649.00,20260629,1,261,1,0.01,1.13948000,0.00000000,114.60400,649.00
1642543200,1962.00,20261001,1,303,0,0.06,155.86100000,156.90700000,114.60400,1962.00
1642676400,0.00,20260605,0,307,1,0.01,1.13545000,1.13795000,114.08000,0.00
1642986000,-4945.00,20260650,1,275,1,0.03,81.55400000,0.00000000,113.86500,-4945.00
1643022000,0.00,20261001,0,309,1,0.06,153.75400000,154.48700000,113.86500,0.00
1643022900,0.00,20261000,0,310,1,0.02,113.54900000,113.97500000,113.86500,0.00
1643046266,-852.00,20261000,1,310,0,0.02,113.97500000,113.97500000,113.86500,-852.00
1643050800,0.00,20260629,0,312,1,0.01,1.13105000,0.00000000,113.86500,0.00
1643050800,0.00,20260629,0,313,0,0.01,1.34475000,0.00000000,113.86500,0.00
1643061600,2052.00,20261001,1,309,0,0.06,153.41200000,154.48700000,113.86500,2052.00
1643083200,0.00,20260610,0,315,1,0.01,113.84100000,114.34100000,113.84500,0.00
1643192100,0.00,20261000,0,316,0,0.01,114.03800000,113.77600000,114.55300,0.00
1643193900,0.00,20261001,0,317,0,0.01,154.17100000,153.50200000,114.55300,0.00
1643215540,-536.00,20260610,1,315,0,0.01,114.34500000,114.34100000,114.55300,-536.00
1643227200,0.00,20260610,0,319,1,0.01,114.35000000,114.85000000,114.55300,0.00
1643233243,527.00,20261000,1,316,1,0.01,114.56500000,113.77600000,114.55300,527.00
1643233543,1221.00,20260605,1,307,0,0.01,1.12487000,1.13795000,114.55300,1221.00
1643234400,60.00,20261001,1,317,1,0.01,154.23100000,153.50200000,114.55300,60.00
1643256000,-290.00,20260610,1,319,0,0.01,114.60800000,114.85000000,115.34900,-290.00
1643256000,0.00,20260610,0,324,0,0.01,114.60800000,114.10800000,115.34900,0.00
1643280300,0.00,20261000,0,325,0,0.01,114.93800000,114.47300000,115.34900,0.00
1643320800,367.00,20261000,1,325,1,0.01,115.30500000,114.47300000,115.34900,367.00
1643362200,0.00,20261000,0,327,0,0.01,115.64200000,115.22900000,115.23600,0.00
1643388673,-413.00,20261000,1,327,1,0.01,115.22900000,115.22900000,115.23600,-413.00
1643625900,0.00,20261001,0,329,0,0.01,155.19600000,154.32700000,115.04400,0.00
1643634000,-105.00,20260629,1,313,1,0.01,1.34388000,0.00000000,115.04400,-105.00
1643634000,1657.00,20260629,1,312,0,0.01,1.11679000,0.00000000,115.04400,1657.00
1643666400,-446.00,20261001,1,329,1,0.01,154.75000000,154.32700000,115.04400,-446.00
1643715000,0.00,20261000,0,333,1,0.02,114.73800000,115.19300000,114.66300,0.00
1643752800,78.00,20261000,1,333,0,0.02,114.69900000,115.19300000,114.66300,78.00
1643842800,0.00,20260605,0,335,0,0.01,1.13064000,1.12814000,114.43300,0.00
1643883300,0.00,20261000,0,336,0,0.01,114.66500000,114.26000000,114.94700,0.00
1643890296,-296.00,20260605,1,335,1,0.01,1.12814000,1.12814000,114.94700,-296.00
1643907600,0.00,20260605,0,338,0,0.01,1.13914000,1.13664000,114.94700,0.00
1643925600,270.00,20261000,1,336,1,0.01,114.93500000,114.26000000,114.94700,270.00
1644230700,0.00,20261000,0,340,1,0.02,115.06300000,115.37700000,115.04600,0.00
1644271200,-18.00,20261000,1,340,0,0.02,115.07200000,115.37700000,115.04600,-18.00
1644488100,0.00,20261001,0,342,0,0.01,156.68000000,156.08000000,115.93800,0.00
1644491192,1142.00,20260610,1,324,1,0.01,115.72000000,114.10800000,115.93800,1142.00
1644491700,0.00,20261000,0,344,0,0.01,115.82100000,115.35300000,115.93800,0.00
1644515802,1203.00,20261001,1,342,1,0.01,157.88300000,156.08000000,115.93800,1203.00
1644530400,87.00,20261000,1,344,1,0.01,115.90800000,115.35300000,115.93800,87.00
1644541200,0.00,20260650,0,347,0,0.03,83.13300000,0.00000000,115.26000,0.00
1644611920,-344.00,20260605,1,338,1,0.01,1.13664000,1.13664000,115.26000,-344.00
1644833700,0.00,20261001,0,349,1,0.01,155.94500000,156.86100000,115.52300,0.00
1644834600,0.00,20261000,0,350,1,0.02,115.18600000,115.59600000,115.52300,0.00
1644859051,-820.00,20261000,1,350,0,0.02,115.59600000,115.59600000,115.52300,-820.00
1644876000,-429.00,20261001,1,349,0,0.01,156.37400000,156.86100000,115.52300,-429.00
1644926400,0.00,20260605,0,353,1,0.01,1.13458000,1.13708000,115.59300,0.00
1645002701,-290.00,20260605,1,353,0,0.01,1.13711000,1.13708000,115.47400,-290.00
1645007400,0.00,20261001,0,355,0,0.01,156.90500000,156.31600000,115.47400,0.00
1645048800,33.00,20261001,1,355,1,0.01,156.93800000,156.31600000,115.47400,33.00
1645096500,0.00,20261000,0,357,1,0.01,114.97900000,115.53700000,114.93000,0.00
1645113600,0.00,20260610,0,358,1,0.01,114.88400000,115.38400000,114.93000,0.00
1645128000,-170.00,20260610,1,358,0,0.01,115.05400000,115.38400000,114.93000,-170.00
1645128000,0.00,20260610,0,360,0,0.01,115.05400000,114.55400000,114.93000,0.00
1645135200,99.00,20261000,1,357,0,0.01,114.88000000,115.53700000,114.93000,99.00
1645180200,0.00,20261001,0,362,0,0.01,156.97500000,156.21700000,114.98500,0.00
1645207483,-758.00,20261001,1,362,1,0.01,156.21700000,156.21700000,114.98500,-758.00
1645492659,-492.00,20260610,1,360,1,0.01,114.55300000,114.55400000,115.04100,-492.00
1645526700,0.00,20261000,0,365,0,0.02,114.87600000,114.49800000,115.04100,0.00
1645567200,382.00,20261000,1,365,1,0.02,115.06700000,114.49800000,115.04100,382.00
1645646400,0.00,20260774,0,367,1,0.01,1.35502000,1.36002000,114.97500,0.00
1645703541,1276.00,20260774,1,367,0,0.01,1.34391000,1.36002000,115.46900,1276.00
1645804800,0.00,20260610,0,369,0,0.01,115.56000000,115.06000000,115.52000,0.00
1646074902,-501.00,20260610,1,369,1,0.01,115.05600000,115.06000000,114.96900,-501.00
1646133300,0.00,20261000,0,371,1,0.02,114.89100000,115.28700000,114.87800,0.00
1646172000,62.00,20261000,1,371,0,0.02,114.86000000,115.28700000,114.87800,62.00
1646649900,0.00,20261001,0,373,1,0.06,151.37200000,152.12100000,115.26200,0.00
1646663745,-4494.00,20261001,1,373,0,0.06,152.12100000,152.12100000,115.26200,-4494.00
1646738100,0.00,20261000,0,375,0,0.01,115.61500000,115.22700000,115.56600,0.00
1646776800,126.00,20261000,1,375,1,0.01,115.74100000,115.22700000,115.56600,126.00
1646823600,0.00,20261001,0,377,0,0.01,152.16100000,151.39400000,115.77800,0.00
1646863200,538.00,20261001,1,377,1,0.01,152.69900000,151.39400000,115.77800,538.00
1647339300,0.00,20261000,0,379,1,0.02,117.92200000,118.44900000,118.28200,0.00
1647343800,0.00,20261001,0,380,1,0.06,153.44900000,154.49400000,118.28200,0.00
1647368977,-6270.00,20261001,1,380,0,0.06,154.49400000,154.49400000,118.28200,-6270.00
1647381600,-800.00,20261000,1,379,0,0.02,118.32200000,118.44900000,118.28200,-800.00
1647468000,0.00,20260605,0,383,0,0.01,1.10012000,1.09762000,118.68800,0.00
1647543341,1237.00,20260605,1,383,1,0.01,1.11065000,1.09762000,118.58600,1237.00
1647598500,0.00,20261000,0,385,0,0.01,118.95000000,118.46800000,119.10800,0.00
1647640800,178.00,20261000,1,385,1,0.01,119.12800000,118.46800000,119.10800,178.00
1647936000,0.00,20260605,0,387,1,0.01,1.09853000,1.10103000,120.76300,0.00
1647946800,0.00,20261001,0,388,0,0.01,158.29200000,157.18800000,120.76300,0.00
1647949469,-301.00,20260605,1,387,0,0.01,1.10106000,1.10103000,120.76300,-301.00
1647950400,0.00,20260605,0,390,0,0.01,1.10077000,1.09827000,120.76300,0.00
1647986400,1712.00,20261001,1,388,1,0.01,160.00400000,157.18800000,120.76300,1712.00
1648045770,-307.00,20260605,1,390,1,0.01,1.09827000,1.09827000,121.14100,-307.00
1648072800,0.00,20260605,0,393,0,0.01,1.10095000,1.09845000,121.14100,0.00
1648096052,-313.00,20260605,1,393,1,0.01,1.09840000,1.09845000,122.31000,-313.00
1648116000,0.00,20261000,0,395,0,0.01,121.58500000,120.95100000,122.31000,0.00
1648159200,651.00,20261000,1,395,1,0.01,122.23600000,120.95100000,122.31000,651.00
1648208700,0.00,20261001,0,397,1,0.01,160.05900000,161.49600000,121.96800,0.00
1648245600,-961.00,20261001,1,397,0,0.01,161.02000000,161.49600000,121.96800,-961.00
1648440000,0.00,20260605,0,399,1,0.01,1.09706000,1.09956000,123.75100,0.00
1648461600,0.00,20261001,0,400,0,0.01,162.26600000,160.71300000,123.75100,0.00
1648468120,-306.00,20260605,1,399,0,0.01,1.09956000,1.09956000,123.75100,-306.00
1648504800,-454.00,20261001,1,400,1,0.01,161.81200000,160.71300000,123.75100,-454.00
1648720800,0.00,20261000,0,403,1,0.02,121.56800000,122.45100000,121.57800,0.00
1648720800,0.00,20261001,0,404,1,0.06,159.68300000,160.87800000,121.57800,0.00
1648764000,-76.00,20261000,1,403,0,0.02,121.60600000,122.45100000,121.57800,-76.00
1648764000,-282.00,20261001,1,404,0,0.06,159.73000000,160.87800000,121.57800,-282.00
1649080800,0.00,20260605,0,407,1,0.01,1.10010000,1.10260000,122.77100,0.00
1649216919,1281.00,20260605,1,407,0,0.01,1.08960000,1.10260000,123.75000,1281.00
1649217600,0.00,20260622,0,409,0,0.02,123.83500000,123.11400000,123.75000,0.00
1649668888,2902.00,20260622,1,409,1,0.02,125.27700000,123.11400000,125.33400,2902.00
1649669400,0.00,20261000,0,411,0,0.01,125.31300000,124.00600000,125.33400,0.00
1649671200,0.00,20261001,0,412,0,0.01,162.94800000,161.49900000,125.33400,0.00
1649714400,137.00,20261000,1,411,1,0.01,125.45000000,124.00600000,125.33400,137.00
1649714400,550.00,20261001,1,412,1,0.01,163.49800000,161.49900000,125.33400,550.00
1649851200,0.00,20260627,0,415,0,0.01,163.94100000,162.97600000,125.48100,0.00
1649952000,0.00,20260622,0,416,0,0.01,125.53500000,124.61600000,125.86300,0.00
1650278700,0.00,20261001,0,417,1,0.06,164.64700000,165.41500000,126.97400,0.00
1650319200,-3270.00,20261001,1,417,0,0.06,165.19200000,165.41500000,126.97400,-3270.00
1650341206,1846.00,20260622,1,416,1,0.01,127.37200000,124.61600000,128.88700,1846.00
1650416558,3897.00,20260627,1,415,1,0.01,167.80300000,162.97600000,127.68500,3897.00
1650495600,0.00,20260605,0,421,0,0.01,1.08539000,1.08289000,127.68500,0.00
1650513600,0.00,20260622,0,422,0,0.01,128.15600000,126.96600000,128.32800,0.00
1650513600,-243.00,20260605,1,421,1,0.01,1.08356000,1.08289000,128.32800,-243.00
1650513600,0.00,20260605,0,424,1,0.01,1.08356000,1.08606000,128.32800,0.00
1650533421,-320.00,20260605,1,424,0,0.01,1.08606000,1.08606000,128.32800,-320.00
1650619800,0.00,20261001,0,426,1,0.01,166.48600000,167.58800000,128.43600,0.00
1650632400,0.00,20260629,0,427,1,0.01,1.08054000,0.00000000,128.43600,0.00
1650632400,0.00,20260629,0,428,0,0.01,1.28682000,0.00000000,128.43600,0.00
1650664800,1577.00,20261001,1,426,0,0.01,164.90900000,167.58800000,128.43600,1577.00
1650879000,0.00,20261001,0,430,1,0.01,163.75800000,165.30800000,128.12600,0.00
1650880800,0.00,20261000,0,431,1,0.01,128.08900000,128.86700000,128.12600,0.00
1650924000,57.00,20261000,1,431,0,0.01,128.03200000,128.86700000,128.12600,57.00
1650924000,735.00,20261001,1,430,0,0.01,163.02300000,165.30800000,128.12600,735.00
1651021441,-1178.00,20260622,1,422,1,0.01,126.96600000,126.96600000,128.40900,-1178.00
1651051800,0.00,20261000,0,435,0,0.01,127.98300000,126.92900000,128.40900,0.00
1651060800,0.00,20260622,0,436,0,0.01,127.96400000,126.71300000,128.40900,0.00
1651096800,354.00,20261000,1,435,1,0.01,128.33700000,126.92900000,128.40900,354.00
1651139742,2514.00,20260622,1,436,1,0.01,130.47500000,126.71300000,130.78600,2514.00
1651147200,0.00,20260622,0,439,0,0.01,130.92900000,129.62400000,130.78600,0.00
1651229100,0.00,20261000,0,440,1,0.01,130.09000000,130.94800000,129.61400,0.00
1651254929,-1302.00,20260622,1,439,1,0.01,129.62400000,129.62400000,129.61400,-1302.00
1651269600,644.00,20261000,1,440,0,0.01,129.44600000,130.94800000,129.61400,644.00
1651464000,0.00,20260622,0,443,0,0.01,130.06000000,128.67200000,130.08400,0.00
1651701403,-1414.00,20260622,1,443,1,0.01,128.64000000,128.67200000,129.04100,-1414.00
1651747500,0.00,20261000,0,445,0,0.01,129.69600000,128.74900000,130.12500,0.00
1651766400,0.00,20260622,0,446,0,0.01,129.90200000,128.99700000,130.12500,0.00
1651788000,698.00,20261000,1,445,1,0.01,130.39400000,128.74900000,130.12500,698.00
1652090400,0.00,20261000,0,448,0,0.01,131.27600000,130.41800000,130.26400,0.00
1652119646,-858.00,20261000,1,448,1,0.01,130.41800000,130.41800000,130.26400,-858.00
1652173200,0.00,20260605,0,450,0,0.01,1.05768000,1.05518000,130.42800,0.00
1652177039,-327.00,20260605,1,450,1,0.01,1.05517000,1.05518000,130.42800,-327.00
1652209200,0.00,20260605,0,452,1,0.01,1.05307000,1.05557000,130.42800,0.00
1652263906,-324.00,20260605,1,452,0,0.01,1.05558000,1.05557000,129.92600,-324.00
1652295600,0.00,20260605,0,454,1,0.01,1.05372000,1.05622000,129.92600,0.00
1652347800,0.00,20261000,0,455,1,0.01,129.32000000,130.04600000,128.25200,0.00
1652347800,0.00,20261001,0,456,1,0.01,157.79300000,159.27400000,128.25200,0.00
1652349796,-907.00,20260622,1,446,1,0.01,128.98000000,128.99700000,128.25200,-907.00
1652357012,1384.00,20260605,1,454,0,0.01,1.04297000,1.05622000,128.25200,1384.00
1652373222,1467.00,20261000,1,455,0,0.01,127.85300000,130.04600000,128.25200,1467.00
1652392800,1827.00,20261001,1,456,0,0.01,155.96600000,159.27400000,128.25200,1827.00
1652742000,-7059.00,20260629,1,428,1,0.01,1.23173000,0.00000000,129.12300,-7059.00
1652742000,4804.00,20260629,1,427,0,0.01,1.04325000,0.00000000,129.12300,4804.00
1652780700,0.00,20261001,0,463,0,0.01,160.13500000,158.78800000,129.35800,0.00
1652824800,1379.00,20261001,1,463,1,0.01,161.51400000,158.78800000,129.35800,1379.00
1652864400,0.00,20260605,0,465,0,0.01,1.05396000,1.05146000,128.21100,0.00
1652868269,-320.00,20260605,1,465,1,0.01,1.05146000,1.05146000,128.21100,-320.00
1652868900,0.00,20261001,0,467,1,0.01,160.42500000,161.78500000,128.21100,0.00
1652871600,0.00,20260605,0,468,0,0.01,1.05166000,1.04916000,128.21100,0.00
1652898449,-320.00,20260605,1,468,1,0.01,1.04916000,1.04916000,128.21100,-320.00
1652900400,0.00,20260605,0,470,0,0.01,1.04914000,1.04664000,128.21100,0.00
1652904000,-56.00,20260605,1,470,1,0.01,1.04870000,1.04664000,128.21100,-56.00
1652904000,0.00,20260605,0,472,1,0.01,1.04870000,1.05120000,128.21100,0.00
1652911200,2271.00,20261001,1,467,0,0.01,158.15400000,161.78500000,128.21100,2271.00
1652967645,-319.00,20260605,1,472,0,0.01,1.05121000,1.05120000,127.78000,-319.00
1653388200,0.00,20261000,0,475,1,0.01,127.39200000,128.08500000,126.77300,0.00
1653429600,580.00,20261000,1,475,0,0.01,126.81200000,128.08500000,126.77300,580.00
1653560100,0.00,20261000,0,477,1,0.02,126.88400000,127.58100000,127.10100,0.00
1653560100,0.00,20261001,0,478,1,0.01,159.56800000,160.82900000,127.10100,0.00
1653602400,-596.00,20261000,1,477,0,0.02,127.18200000,127.58100000,127.10100,-596.00
1653602400,-617.00,20261001,1,478,0,0.01,160.18500000,160.82900000,127.10100,-617.00
1654079400,0.00,20261000,0,481,0,0.01,129.45700000,128.55000000,130.08600,0.00
1654120800,671.00,20261000,1,481,1,0.01,130.12800000,128.55000000,130.08600,671.00
1654488000,0.00,20260605,0,483,1,0.01,1.07163000,1.07413000,131.84900,0.00
1654495200,-83.00,20260605,1,483,0,0.01,1.07227000,1.07413000,131.84900,-83.00
1654495200,0.00,20260605,0,485,0,0.01,1.07227000,1.06977000,131.84900,0.00
1654534800,-115.00,20260605,1,485,1,0.01,1.07139000,1.06977000,131.84900,-115.00
1654534800,0.00,20260605,0,487,1,0.01,1.07139000,1.07389000,131.84900,0.00
1654685100,0.00,20261000,0,488,0,0.01,133.46500000,132.51800000,134.22100,0.00
1654697922,-332.00,20260605,1,487,0,0.01,1.07390000,1.07389000,134.22100,-332.00
1654725600,0.00,20260605,0,490,1,0.01,1.07154000,1.07404000,134.22100,0.00
1654725600,709.00,20261000,1,488,1,0.01,134.17400000,132.51800000,134.22100,709.00
1654770600,0.00,20261001,0,492,1,0.01,167.18800000,168.72500000,134.31200,0.00
1654771500,0.00,20261000,0,493,1,0.01,133.49600000,134.55300000,134.31200,0.00
1654785806,-331.00,20260605,1,490,0,0.01,1.07404000,1.07404000,134.31200,-331.00
1654812000,-789.00,20261000,1,493,0,0.01,134.28500000,134.55300000,134.31200,-789.00
1654812000,-771.00,20261001,1,492,0,0.01,167.95900000,168.72500000,134.31200,-771.00
1654855200,0.00,20261001,0,497,1,0.01,167.05100000,168.01300000,134.37900,0.00
1654857000,0.00,20261000,0,498,1,0.01,133.38300000,134.47500000,134.37900,0.00
1654898400,-981.00,20261000,1,498,0,0.01,134.36400000,134.47500000,134.37900,-981.00
1654898400,1577.00,20261001,1,497,0,0.01,165.47400000,168.01300000,134.37900,1577.00
1655111700,0.00,20261001,0,501,1,0.06,165.01200000,166.12800000,134.40700,0.00
1655139321,13458.00,20261001,1,501,0,0.06,162.76900000,166.12800000,134.40700,13458.00
1655285400,0.00,20261000,0,503,1,0.01,134.66200000,135.57500000,133.81300,0.00
1655330400,533.00,20261000,1,503,0,0.01,134.12900000,135.57500000,133.81300,533.00
1655375400,0.00,20261001,0,505,1,0.06,162.30300000,163.79400000,132.15800,0.00
1655411955,-8946.00,20261001,1,505,0,0.06,163.79400000,163.79400000,132.15800,-8946.00
1655892900,0.00,20261001,0,507,1,0.01,166.11900000,167.82500000,136.20500,0.00
1655935200,-1005.00,20261001,1,507,0,0.01,167.12400000,167.82500000,136.20500,-1005.00
1655964000,0.00,20260605,0,509,0,0.01,1.05710000,1.05460000,134.93800,0.00
1655979341,-361.00,20260605,1,509,1,0.01,1.05441000,1.05460000,134.93800,-361.00
1655981100,0.00,20261001,0,511,1,0.01,164.90200000,167.04800000,134.93800,0.00
1655989200,0.00,20260605,0,512,0,0.01,1.05181000,1.04931000,134.93800,0.00
1655997281,-335.00,20260605,1,512,1,0.01,1.04931000,1.04931000,134.93800,-335.00
1656021600,-453.00,20261001,1,511,0,0.01,165.35500000,167.04800000,134.93800,-453.00
1656325800,0.00,20261001,0,515,0,0.01,166.46500000,165.12200000,135.41400,0.00
1656345600,0.00,20260774,0,516,1,0.01,1.22550000,1.23050000,135.41400,0.00
1656352112,-684.00,20260774,1,516,0,0.01,1.23060000,1.23050000,135.41400,-684.00
1656367200,-220.00,20261001,1,515,1,0.01,166.24500000,165.12200000,135.41400,-220.00
1656507600,0.00,20260605,0,519,1,0.01,1.05093000,1.05343000,136.57400,0.00
1656512759,-338.00,20260605,1,519,0,0.01,1.05345000,1.05343000,136.57400,-338.00
1656585000,0.00,20261000,0,521,1,0.01,136.04500000,136.80900000,135.70000,0.00
1656626400,478.00,20261000,1,521,0,0.01,135.56700000,136.80900000,135.70000,478.00
1656930600,0.00,20261001,0,523,0,0.01,164.23200000,162.99600000,135.48100,0.00
1656972000,83.00,20261001,1,523,1,0.01,164.31500000,162.99600000,135.48100,83.00
1657008000,0.00,20260622,0,525,0,0.01,136.25200000,135.22100000,135.74100,0.00
1657020600,0.00,20261001,0,526,1,0.06,163.61800000,165.27800000,135.74100,0.00
1657058400,9138.00,20261001,1,526,0,0.06,162.09500000,165.27800000,135.74100,9138.00
1657081662,-1028.00,20260622,1,525,1,0.01,135.22100000,135.22100000,135.91000,-1028.00
1657192500,0.00,20261001,0,529,0,0.01,162.93200000,161.57800000,135.97000,0.00
1657224000,0.00,20260629,0,530,0,0.01,1.01554000,0.00000000,135.97000,0.00
1657224000,0.00,20260629,0,531,1,0.01,1.20078000,0.00000000,135.97000,0.00
1657231200,575.00,20261001,1,529,1,0.01,163.50700000,161.57800000,135.97000,575.00
1657276200,0.00,20261001,0,533,1,0.01,162.46100000,163.93200000,136.01900,0.00
1657317600,-1343.00,20261001,1,533,0,0.01,163.80400000,163.93200000,136.01900,-1343.00
1657555200,0.00,20260622,0,535,0,0.01,137.59500000,136.52200000,137.41600,0.00
1657621800,0.00,20261001,0,536,1,0.01,162.51400000,163.55200000,136.86300,0.00
1657645292,-1074.00,20260622,1,535,1,0.01,136.51800000,136.52200000,136.86300,-1074.00
1657663200,-218.00,20261001,1,536,0,0.01,162.73200000,163.55200000,136.86300,-218.00
1657705500,0.00,20261001,0,539,0,0.01,163.52900000,162.35300000,137.23700,0.00
1657749600,-29.00,20261001,1,539,1,0.01,163.50000000,162.35300000,137.23700,-29.00
1657771200,0.00,20260622,0,541,0,0.01,137.91900000,137.07000000,138.93300,0.00
1657791900,0.00,20261001,0,542,0,0.01,164.25700000,163.08200000,138.93300,0.00
1657836000,29.00,20261001,1,542,1,0.01,164.28600000,163.08200000,138.93300,29.00
1658224800,0.00,20261000,0,544,1,0.01,137.80300000,138.39100000,138.17300,0.00
1658228400,-46.00,20260629,1,531,0,0.01,1.20100000,0.00000000,138.17300,-46.00
1658228400,1102.00,20260629,1,530,1,0.01,1.02412000,0.00000000,138.17300,1102.00
1658235600,0.00,20260605,0,547,0,0.01,1.02419000,1.02169000,138.17300,0.00
1658268000,-397.00,20261000,1,544,0,0.01,138.20000000,138.39100000,138.17300,-397.00
1658324019,-355.00,20260605,1,547,1,0.01,1.02169000,1.02169000,138.08100,-355.00
1658358000,0.00,20260605,0,550,0,0.01,1.01777000,1.01527000,138.08100,0.00
1658456981,-835.00,20260622,1,541,1,0.01,137.06600000,137.07000000,136.04800,-835.00
1658486010,-363.00,20260605,1,550,1,0.01,1.01527000,1.01527000,136.04800,-363.00
1658487600,0.00,20261001,0,553,1,0.06,164.10300000,164.99300000,136.04800,0.00
1658527200,5862.00,20261001,1,553,0,0.06,163.12600000,164.99300000,136.04800,5862.00
1658858400,0.00,20260629,0,555,0,0.01,1.01343000,0.00000000,136.77200,0.00
1658858400,0.00,20260629,0,556,1,0.01,1.20465000,0.00000000,136.77200,0.00
1659110400,0.00,20260610,0,557,1,0.01,134.06800000,134.56800000,133.20200,0.00
1659111422,-500.00,20260610,1,557,0,0.01,134.56800000,134.56800000,133.20200,-500.00
1659117600,0.00,20260605,0,559,1,0.01,1.01951000,1.02201000,133.20200,0.00
1659121200,-92.00,20260605,1,559,0,0.01,1.02019000,1.02201000,133.20200,-92.00
1659121200,0.00,20260605,0,561,0,0.01,1.02019000,1.01769000,133.20200,0.00
1659124800,0.00,20260610,0,562,1,0.01,133.31000000,133.81000000,133.20200,0.00
1659327245,1069.00,20260610,1,562,0,0.01,132.20900000,133.81000000,131.60500,1069.00
1659355200,0.00,20260774,0,564,0,0.01,1.22308000,1.21808000,131.60500,0.00
1659460205,-662.00,20260774,1,564,1,0.01,1.21808000,1.21808000,133.15200,-662.00
1659471929,-351.00,20260605,1,561,1,0.01,1.01769000,1.01769000,133.15200,-351.00
1659613500,0.00,20261000,0,567,0,0.01,134.35100000,133.41900000,132.77300,0.00
1659626069,-937.00,20261000,1,567,1,0.01,133.41400000,133.41900000,132.77300,-937.00
1659636000,0.00,20260605,0,569,0,0.01,1.02121000,1.01871000,132.77300,0.00
1659704400,-1191.00,20260629,1,556,0,0.01,1.21346000,0.00000000,134.94100,-1191.00
1659704400,1177.00,20260629,1,555,1,0.01,1.02285000,0.00000000,134.94100,1177.00
1659713429,-368.00,20260605,1,569,1,0.01,1.01853000,1.01871000,134.94100,-368.00
1659715200,0.00,20260605,0,573,1,0.01,1.01579000,1.01829000,134.94100,0.00
1659715200,0.00,20260774,0,574,1,0.01,1.20270000,1.20770000,134.94100,0.00
1659719683,-347.00,20260605,1,573,0,0.01,1.01839000,1.01829000,134.94100,-347.00
1659728861,-668.00,20260774,1,574,0,0.01,1.20771000,1.20770000,134.94100,-668.00
1659729600,0.00,20260774,0,577,0,0.01,1.20781000,1.20281000,134.94100,0.00
1660075200,0.00,20260605,0,578,0,0.01,1.02187000,1.01937000,134.91700,0.00
1660145441,1465.00,20260774,1,577,1,0.01,1.21881000,1.20281000,132.87000,1465.00
1660145503,1391.00,20260605,1,578,1,0.01,1.03237000,1.01937000,132.87000,1391.00
1660147200,0.00,20260610,0,581,1,0.01,133.14100000,133.64100000,132.87000,0.00
1660152845,1107.00,20260610,1,581,0,0.01,132.03400000,133.64100000,132.87000,1107.00
1660161600,0.00,20260610,0,583,1,0.01,132.54100000,133.04100000,132.87000,0.00
1660166860,-500.00,20260610,1,583,0,0.01,133.04100000,133.04100000,132.87000,-500.00
1660190400,0.00,20260610,0,585,1,0.01,132.77400000,133.27400000,132.99200,0.00
1660195865,-504.00,20260610,1,585,0,0.01,133.27800000,133.27400000,132.99200,-504.00
1660204800,0.00,20260610,0,587,1,0.01,133.12800000,133.62800000,132.99200,0.00
1660231418,1100.00,20260610,1,587,0,0.01,132.02800000,133.62800000,132.99200,1100.00
1660233600,0.00,20260610,0,589,1,0.01,131.93400000,132.43400000,132.99200,0.00
1660238848,-500.00,20260610,1,589,0,0.01,132.43400000,132.43400000,132.99200,-500.00
1660248000,0.00,20260610,0,591,1,0.01,132.78000000,133.28000000,132.99200,0.00
1660274789,-532.00,20260610,1,591,0,0.01,133.28000000,133.28000000,133.31300,-532.00
1660276800,0.00,20260610,0,593,1,0.01,133.27300000,133.77300000,133.31300,0.00
1660314119,-502.00,20260610,1,593,0,0.01,133.77500000,133.77300000,133.31300,-502.00
1660320000,0.00,20260610,0,595,1,0.01,133.68600000,134.18600000,133.31300,0.00
1660338000,0.00,20260605,0,596,0,0.01,1.02612000,1.02362000,133.31300,0.00
1660555840,-343.00,20260605,1,596,1,0.01,1.02362000,1.02362000,133.29700,-343.00
1660577441,1068.00,20260610,1,595,0,0.01,132.58600000,134.18600000,133.29700,1068.00
1660604400,0.00,20260605,0,599,1,0.01,1.01605000,1.01855000,133.29700,0.00
1660647600,0.00,20261001,0,600,0,0.06,161.14600000,160.08500000,134.18800,0.00
1660670978,-328.00,20260605,1,599,0,0.01,1.01855000,1.01855000,134.18800,-328.00
1660687200,6768.00,20261001,1,600,1,0.06,162.27400000,160.08500000,134.18800,6768.00
1660766400,0.00,20260774,0,603,1,0.01,1.20396000,1.20896000,134.96600,0.00
1660853187,1456.00,20260774,1,603,0,0.01,1.19296000,1.20896000,135.87600,1456.00
1660896000,0.00,20260610,0,605,0,0.01,136.27100000,135.77100000,136.88900,0.00
1660906800,0.00,20261000,0,606,0,0.01,136.66500000,135.71200000,136.88900,0.00
1660946400,227.00,20261000,1,606,1,0.01,136.89200000,135.71200000,136.88900,227.00
1661141558,1103.00,20260610,1,605,1,0.01,137.37100000,135.77100000,137.41700,1103.00
1661155200,0.00,20260610,0,609,0,0.01,137.24200000,136.74200000,137.41700,0.00
1661165100,0.00,20261001,0,610,1,0.06,161.50700000,162.52500000,137.41700,0.00
1661166282,-500.00,20260610,1,609,1,0.01,136.74200000,136.74200000,137.41700,-500.00
1661169600,0.00,20260610,0,612,0,0.01,136.93700000,136.43700000,137.41700,0.00
1661205600,-726.00,20261001,1,610,0,0.06,161.62800000,162.52500000,137.41700,-726.00
1661247900,0.00,20261001,0,614,1,0.01,160.88700000,162.06000000,136.76000,0.00
1661272499,-1177.00,20261001,1,614,0,0.01,162.06400000,162.06000000,136.76000,-1177.00
1661274043,-505.00,20260610,1,612,1,0.01,136.42900000,136.43700000,136.76000,-505.00
1661510700,0.00,20261000,0,617,0,0.01,137.06100000,136.40700000,137.57600,0.00
1661533877,-681.00,20261000,1,617,1,0.01,136.38000000,136.40700000,137.57600,-681.00
1661544000,0.00,20260610,0,619,0,0.01,137.33500000,136.83500000,137.57600,0.00
1661747081,1108.00,20260610,1,619,1,0.01,138.44000000,136.83500000,138.70100,1108.00
1661768100,0.00,20261001,0,621,0,0.01,162.07700000,161.34300000,138.70100,0.00
1661810400,368.00,20261001,1,621,1,0.01,162.44500000,161.34300000,138.70100,368.00
1661994000,0.00,20260605,0,623,0,0.01,1.00513000,1.00263000,140.19200,0.00
1662002146,-347.00,20260605,1,623,1,0.01,1.00262000,1.00263000,140.19200,-347.00
1662004800,0.00,20260610,0,625,0,0.01,139.47700000,138.97700000,140.19200,0.00
1662051600,0.00,20260605,0,626,1,0.01,0.99809000,1.00059000,140.19200,0.00
1662116400,-106.00,20260605,1,626,0,0.01,0.99887000,1.00059000,140.18300,-106.00
1662116400,0.00,20260605,0,628,0,0.01,0.99887000,0.99637000,140.18300,0.00
1662132617,1129.00,20260610,1,625,1,0.01,140.60300000,138.97700000,140.18300,1129.00
1662134400,0.00,20260610,0,630,0,0.01,140.58100000,140.08100000,140.18300,0.00
1662135801,-500.00,20260610,1,630,1,0.01,140.08100000,140.08100000,140.18300,-500.00
1662147941,-353.00,20260605,1,628,1,0.01,0.99635000,0.99637000,140.18300,-353.00
1662148800,0.00,20260610,0,633,0,0.01,140.23200000,139.73200000,140.18300,0.00
1662148800,0.00,20260605,0,634,1,0.01,0.99693000,0.99943000,140.18300,0.00
1662458681,1106.00,20260610,1,633,1,0.01,141.33200000,139.73200000,142.78100,1106.00
1662459300,0.00,20261000,0,636,0,0.01,141.45000000,140.24300000,142.78100,0.00
1662483796,1506.00,20260605,1,634,0,0.01,0.98643000,0.99943000,142.78100,1506.00
1662487200,0.00,20260605,0,638,1,0.01,0.99040000,0.99290000,142.78100,0.00
1662487781,-362.00,20260605,1,638,0,0.01,0.99294000,0.99290000,142.78100,-362.00
1662501600,1434.00,20261000,1,636,1,0.01,142.88400000,140.24300000,142.78100,1434.00
1662633900,0.00,20261001,0,641,1,0.01,165.18200000,166.31400000,144.09700,0.00
1662656400,0.00,20260605,0,642,1,0.01,0.99645000,0.99895000,144.09700,0.00
1662668659,-357.00,20260605,1,642,0,0.01,0.99895000,0.99895000,144.09700,-357.00
1662670800,0.00,20260605,0,644,0,0.01,0.99945000,0.99695000,144.09700,0.00
1662674400,-408.00,20261001,1,641,0,0.01,165.59000000,166.31400000,144.09700,-408.00
1662718420,1489.00,20260605,1,644,1,0.01,1.00995000,0.99695000,142.37500,1489.00
1663106400,0.00,20260605,0,647,1,0.01,0.99772000,1.00022000,144.54400,0.00
1663142741,-361.00,20260605,1,647,0,0.01,1.00027000,1.00022000,142.91900,-361.00
1663146900,0.00,20261001,0,649,1,0.01,165.22200000,166.49300000,142.91900,0.00
1663153200,0.00,20261000,0,650,1,0.01,143.31300000,144.95400000,142.91900,0.00
1663160400,0.00,20260605,0,651,0,0.01,1.00123000,0.99873000,142.91900,0.00
1663166802,-360.00,20260605,1,651,1,0.01,0.99872000,0.99873000,142.91900,-360.00
1663192800,189.00,20261000,1,650,0,0.01,143.12400000,144.95400000,142.91900,189.00
1663192800,52.00,20261001,1,649,0,0.01,165.17000000,166.49300000,142.91900,52.00
1663236900,0.00,20261001,0,655,0,0.01,165.62500000,164.72700000,143.46000,0.00
1663255816,-910.00,20261001,1,655,1,0.01,164.71500000,164.72700000,143.46000,-910.00
1663261200,0.00,20260605,0,657,1,0.01,0.99984000,1.00234000,143.46000,0.00
1663350759,-355.00,20260605,1,657,0,0.01,1.00234000,1.00234000,142.89800,-355.00
1663351200,0.00,20260605,0,659,0,0.01,1.00307000,1.00057000,142.89800,0.00
1663353582,-358.00,20260605,1,659,1,0.01,1.00057000,1.00057000,142.89800,-358.00
1663584300,0.00,20261000,0,661,0,0.01,143.46700000,142.63900000,143.19200,0.00
1663624800,-203.00,20261000,1,661,1,0.01,143.26400000,142.63900000,143.19200,-203.00
1663753500,0.00,20261001,0,663,1,0.06,162.65300000,163.94200000,143.96300,0.00
1663797600,-846.00,20261001,1,663,0,0.06,162.79400000,163.94200000,143.96300,-846.00
1663928100,0.00,20261001,0,665,1,0.01,159.28400000,160.44000000,143.13700,0.00
1663953872,2338.00,20261001,1,665,0,0.01,156.94600000,160.44000000,143.13700,2338.00
1664164800,0.00,20260629,0,667,1,0.01,0.95685000,0.00000000,144.74300,0.00
1664164800,0.00,20260629,0,668,0,0.01,1.03933000,0.00000000,144.74300,0.00
1664168400,2440.00,20260629,1,668,1,0.01,1.05636000,0.00000000,144.74300,2440.00
1664168400,-1216.00,20260629,1,667,0,0.01,0.96534000,0.00000000,144.74300,-1216.00
1664172000,0.00,20260629,0,671,1,0.01,0.96590000,0.00000000,144.74300,0.00
1664172000,0.00,20260629,0,672,0,0.01,1.05436000,0.00000000,144.74300,0.00
1664787600,10091.00,20260629,1,672,1,0.01,1.12483000,0.00000000,144.51400,10091.00
1664787600,-2373.00,20260629,1,671,0,0.01,0.98257000,0.00000000,144.51400,-2373.00
1664892000,0.00,20260605,0,675,0,0.01,0.98919000,0.98669000,144.04400,0.00
1664920716,1504.00,20260605,1,675,1,0.01,0.99969000,0.98669000,144.04400,1504.00
1665374400,0.00,20260622,0,677,0,0.02,145.49600000,144.79500000,145.60900,0.00
1665500400,0.00,20260605,0,678,1,0.01,0.97247000,0.97497000,145.84000,0.00
1665514598,-364.00,20260605,1,678,0,0.01,0.97497000,0.97497000,145.84000,-364.00
1665522000,0.00,20260605,0,680,1,0.01,0.97520000,0.97770000,145.84000,0.00
1665595408,2816.00,20260622,1,677,1,0.02,146.89800000,144.79500000,146.89600,2816.00
1665675088,1548.00,20260605,1,680,0,0.01,0.96470000,0.97770000,147.03100,1548.00
1665698400,0.00,20260605,0,683,1,0.01,0.97864000,0.98114000,147.03100,0.00
1665723600,-198.00,20260605,1,683,0,0.01,0.98001000,0.98114000,148.55400,-198.00
1665723600,0.00,20260605,0,685,0,0.01,0.98001000,0.97751000,148.55400,0.00
1665737939,-369.00,20260605,1,685,1,0.01,0.97750000,0.97751000,148.55400,-369.00
1665747900,0.00,20261000,0,687,0,0.01,147.59400000,146.98800000,148.55400,0.00
1665777270,1212.00,20261000,1,687,1,0.01,148.80600000,146.98800000,148.55400,1212.00
1666166400,0.00,20260622,0,689,0,0.02,149.29400000,148.58600000,149.88700,0.00
1666177200,0.00,20260605,0,690,0,0.01,0.98394000,0.98144000,149.88700,0.00
1666178729,-374.00,20260605,1,690,1,0.01,0.98144000,0.98144000,149.88700,-374.00
1666191600,0.00,20260605,0,692,0,0.01,0.97833000,0.97583000,149.88700,0.00
1666209942,-379.00,20260605,1,692,1,0.01,0.97580000,0.97583000,149.88700,-379.00
1666350900,0.00,20261000,0,694,0,0.01,150.57800000,149.93400000,147.67900,0.00
1666350992,2872.00,20260622,1,689,1,0.02,150.72400000,148.58600000,147.67900,2872.00
1666366352,1290.00,20261000,1,694,1,0.01,151.86800000,149.93400000,147.67900,1290.00
1666779300,0.00,20261000,0,697,1,0.02,147.60300000,148.40900000,146.28900,0.00
1666821600,2678.00,20261000,1,697,0,0.02,146.26400000,148.40900000,146.28900,2678.00
1666954800,0.00,20261000,0,699,0,0.01,147.07200000,145.93100000,147.50900,0.00
1666994400,444.00,20261000,1,699,1,0.01,147.51600000,145.93100000,147.50900,444.00
1667295000,0.00,20261000,0,701,1,0.01,147.86700000,148.82100000,148.22700,0.00
1667340000,-288.00,20261000,1,701,0,0.01,148.15500000,148.82100000,148.22700,-288.00
1667462400,0.00,20260774,0,703,0,0.01,1.14180000,1.13680000,147.95500,0.00
1667469600,0.00,20260605,0,704,1,0.01,0.98114000,0.98364000,147.95500,0.00
1667470341,-750.00,20260774,1,703,1,0.01,1.13674000,1.13680000,147.95500,-750.00
1667491200,0.00,20260774,0,706,1,0.01,1.11625000,1.12125000,147.95500,0.00
1667496402,-741.00,20260774,1,706,0,0.01,1.12125000,1.12125000,147.95500,-741.00
1667577457,-367.00,20260605,1,704,0,0.01,0.98364000,0.98364000,146.54100,-367.00
1667577600,0.00,20260774,0,709,0,0.01,1.12674000,1.12174000,146.54100,0.00
1667595600,0.00,20260605,0,710,0,0.01,0.99235000,0.98985000,146.54100,0.00
1667599781,1634.00,20260774,1,709,1,0.01,1.13777000,1.12174000,146.54100,1634.00
1667817000,0.00,20261001,0,712,0,0.01,167.22200000,165.86600000,146.59900,0.00
1667853031,1545.00,20260605,1,710,1,0.01,1.00285000,0.98985000,146.59900,1545.00
1667858400,1817.00,20261001,1,712,1,0.01,169.03900000,165.86600000,146.59900,1817.00
1668096000,0.00,20260605,0,715,0,0.01,1.01227000,1.00977000,140.94000,0.00
1668139200,0.00,20260610,0,716,1,0.01,142.35300000,142.85300000,138.75000,0.00
1668153752,1482.00,20260605,1,715,1,0.01,1.02281000,1.00977000,138.75000,1482.00
1668158555,1116.00,20260610,1,716,0,0.01,141.23700000,142.85300000,138.75000,1116.00
1668422700,0.00,20261001,0,719,0,0.06,165.14200000,163.69000000,139.87500,0.00
1668424500,0.00,20261000,0,720,0,0.01,140.18100000,138.79400000,139.87500,0.00
1668463200,-276.00,20261000,1,720,1,0.01,139.90500000,138.79400000,139.87500,-276.00
1668463200,-2070.00,20261001,1,719,1,0.06,164.79700000,163.69000000,139.87500,-2070.00
1668505500,0.00,20261000,0,723,1,0.02,139.38900000,140.62300000,139.26100,0.00
1668549600,640.00,20261000,1,723,0,0.02,139.06900000,140.62300000,139.26100,640.00
1669028400,0.00,20261000,0,725,0,0.01,141.14800000,140.15800000,142.10700,0.00
1669068000,1016.00,20261000,1,725,1,0.01,142.16400000,140.15800000,142.10700,1016.00
1669376700,0.00,20261000,0,727,0,0.01,139.38300000,138.23900000,139.12600,0.00
1669376700,0.00,20261001,0,728,0,0.01,168.50600000,167.35200000,139.12600,0.00
1669413600,-364.00,20261000,1,727,1,0.01,139.01900000,138.23900000,139.12600,-364.00
1669413600,-472.00,20261001,1,728,1,0.01,168.03400000,167.35200000,139.12600,-472.00
1669608000,0.00,20260605,0,731,1,0.01,1.03482000,1.03732000,138.92400,0.00
1669625190,-348.00,20260605,1,731,0,0.01,1.03732000,1.03732000,138.92400,-348.00
1669626900,0.00,20261000,0,733,1,0.01,137.87000000,139.42400000,138.92400,0.00
1669672800,0.00,20260605,0,734,1,0.01,1.03376000,1.03626000,138.92400,0.00
1669672800,-999.00,20261000,1,733,0,0.01,138.86900000,139.42400000,138.92400,-999.00
1669694235,-347.00,20260605,1,734,0,0.01,1.03628000,1.03626000,138.40600,-347.00
1669722300,0.00,20261000,0,737,1,0.01,137.98500000,139.35200000,138.40600,0.00
1669759200,-665.00,20261000,1,737,0,0.01,138.65000000,139.35200000,138.40600,-665.00
1669806900,0.00,20261001,0,739,0,0.01,166.45300000,165.34900000,137.98600,0.00
1669842000,0.00,20260605,0,740,0,0.01,1.03722000,1.03472000,137.98600,0.00
1669845600,-106.00,20261001,1,739,1,0.01,166.34700000,165.34900000,137.98600,-106.00
1669908638,1446.00,20260605,1,740,1,0.01,1.04772000,1.03472000,135.23400,1446.00
1669972500,0.00,20261000,0,743,1,0.01,134.69700000,135.59400000,134.30300,0.00
1669972500,0.00,20261001,0,744,1,0.01,164.88900000,165.91600000,134.30300,0.00
1669995103,-897.00,20261000,1,743,0,0.01,135.59400000,135.59400000,134.30300,-897.00
1670006190,-1027.00,20261001,1,744,0,0.01,165.91600000,165.91600000,134.30300,-1027.00
1670202000,29326.00,20260650,1,347,1,0.03,91.15000000,0.00000000,136.61300,29326.00
1670231700,0.00,20261000,0,748,0,0.01,135.08900000,134.12600000,136.61300,0.00
1670231700,0.00,20261001,0,749,0,0.01,166.33600000,164.69200000,136.61300,0.00
1670277600,1585.00,20261000,1,748,1,0.01,136.67400000,134.12600000,136.61300,1585.00
1670277600,41.00,20261001,1,749,1,0.01,166.37700000,164.69200000,136.61300,41.00
1670319000,0.00,20261001,0,752,0,0.01,167.48300000,166.33300000,136.89800,0.00
1670326994,-1150.00,20261001,1,752,1,0.01,166.33300000,166.33300000,136.89800,-1150.00
1670409000,0.00,20261001,0,754,0,0.01,167.10300000,165.95500000,136.60300,0.00
1670450400,-636.00,20261001,1,754,1,0.01,166.46700000,165.95500000,136.60300,-636.00
1671100200,0.00,20261000,0,756,0,0.01,136.20700000,135.23500000,137.76300,0.00
1671127200,0.00,20260629,0,757,1,0.01,1.06482000,0.00000000,137.76300,0.00
1671127200,0.00,20260629,0,758,0,0.01,1.22168000,0.00000000,137.76300,0.00
1671134461,1945.00,20261000,1,756,1,0.01,138.15200000,135.23500000,137.76300,1945.00
1671449400,0.00,20261001,0,760,0,0.01,166.38200000,164.84000000,136.89200,0.00
1671487200,-59.00,20261001,1,760,1,0.01,166.32300000,164.84000000,136.89200,-59.00
1671622200,0.00,20261001,0,762,1,0.06,159.68200000,161.03300000,132.46000,0.00
1671660000,12.00,20261001,1,762,0,0.06,159.68000000,161.03300000,132.46000,12.00
1672153200,0.00,20260605,0,764,0,0.01,1.06357000,1.06107000,133.47600,0.00
1672250400,-254.00,20260605,1,764,1,0.01,1.06188000,1.06107000,134.45400,-254.00
1672250400,0.00,20260605,0,766,1,0.01,1.06188000,1.06438000,134.45400,0.00
1672257600,-145.00,20260605,1,766,0,0.01,1.06293000,1.06438000,134.45400,-145.00
1672257600,0.00,20260605,0,768,0,0.01,1.06293000,1.06043000,134.45400,0.00
1672329600,0.00,20260622,0,769,1,0.01,133.16700000,134.22300000,133.01100,0.00
1672394400,0.00,20261000,0,770,1,0.01,132.13200000,133.09200000,131.09300,0.00
1672395300,0.00,20261001,0,771,1,0.01,159.15600000,160.44100000,131.09300,0.00
1672430286,2081.00,20260622,1,769,0,0.01,131.05400000,134.22300000,131.09300,2081.00
1672437600,1153.00,20261000,1,770,0,0.01,130.97900000,133.09200000,131.09300,1153.00
1672437600,1130.00,20261001,1,771,0,0.01,158.02600000,160.44100000,131.09300,1130.00
1672740282,-369.00,20260605,1,768,1,0.01,1.06042000,1.06043000,131.00400,-369.00
1672743600,0.00,20260605,0,776,1,0.01,1.05519000,1.05769000,131.00400,0.00
1672763740,-327.00,20260605,1,776,0,0.01,1.05769000,1.05769000,131.00400,-327.00
1672765200,-2457.00,20260629,1,758,1,0.01,1.20303000,0.00000000,131.00400,-2457.00
1672765200,1006.00,20260629,1,757,0,0.01,1.05743000,0.00000000,131.00400,1006.00
1672825500,0.00,20261000,0,780,1,0.01,130.17900000,131.46800000,132.60800,0.00
1672833600,0.00,20260622,0,781,1,0.01,130.42000000,131.79200000,132.60800,0.00
1672851600,0.00,20260605,0,782,1,0.01,1.06242000,1.06492000,132.60800,0.00
1672852121,-1289.00,20261000,1,780,0,0.01,131.46800000,131.46800000,132.60800,-1289.00
1672852542,-1372.00,20260622,1,781,0,0.01,131.79200000,131.79200000,132.60800,-1372.00
1672913700,0.00,20261000,0,785,0,0.02,132.85300000,131.67900000,133.39400,0.00
1672940138,1410.00,20260605,1,782,0,0.01,1.05192000,1.06492000,133.39400,1410.00
1672956000,668.00,20261000,1,785,1,0.02,133.18700000,131.67900000,133.39400,668.00
1673006400,0.00,20260774,0,788,1,0.01,1.18576000,1.19076000,132.13000,0.00
1673019040,-670.00,20260774,1,788,0,0.01,1.19079000,1.19076000,132.13000,-670.00
1673254800,0.00,20260605,0,790,0,0.01,1.06821000,1.06571000,131.87400,0.00
1673258400,0.00,20261001,0,791,0,0.01,160.53100000,159.22700000,131.87400,0.00
1673264700,0.00,20261000,0,792,0,0.02,132.51300000,131.30100000,131.87400,0.00
1673301600,-1892.00,20261000,1,792,1,0.02,131.56700000,131.30100000,131.87400,-1892.00
1673301600,29.00,20261001,1,791,1,0.01,160.56000000,159.22700000,131.87400,29.00
1673496000,0.00,20260622,0,795,1,0.01,131.66600000,132.75000000,129.15100,0.00
1673523900,0.00,20261000,0,796,1,0.01,130.92800000,132.46800000,129.15100,0.00
1673523900,0.00,20261001,0,797,1,0.01,159.39800000,160.89900000,129.15100,0.00
1673537307,1344.00,20260605,1,790,1,0.01,1.07874000,1.06571000,129.15100,1344.00
1673539156,2168.00,20260622,1,795,0,0.01,129.49800000,132.75000000,129.15100,2168.00
1673560800,1628.00,20261000,1,796,0,0.01,129.30000000,132.46800000,129.15100,1628.00
1673560800,1355.00,20261001,1,797,0,0.01,158.04300000,160.89900000,129.15100,1355.00
1673604900,0.00,20261000,0,802,1,0.01,128.18100000,129.41700000,127.84700,0.00
1673625600,0.00,20260774,0,803,0,0.01,1.21678000,1.21178000,127.84700,0.00
1673647200,245.00,20261000,1,802,0,0.01,127.93600000,129.41700000,127.84700,245.00
1673842203,1406.00,20260774,1,803,1,0.01,1.22778000,1.21178000,128.46700,1406.00
1673864100,0.00,20261000,0,806,0,0.01,128.53100000,127.21600000,128.46700,0.00
1673906400,30.00,20261000,1,806,1,0.01,128.56100000,127.21600000,128.46700,30.00
1674553500,0.00,20261000,0,808,1,0.01,129.78600000,130.72700000,130.15200,0.00
1674578758,-941.00,20261000,1,808,0,0.01,130.72700000,130.72700000,130.15200,-941.00
1674730800,0.00,20261000,0,810,0,0.02,129.81300000,129.02100000,130.21000,0.00
1674770400,820.00,20261000,1,810,1,0.02,130.22300000,129.02100000,130.21000,820.00
1675177200,0.00,20260605,0,812,1,0.01,1.08260000,1.08510000,130.04500,0.00
1675179031,-327.00,20260605,1,812,0,0.01,1.08511000,1.08510000,130.04500,-327.00
1675425600,0.00,20260774,0,814,0,0.01,1.22467000,1.21967000,131.16900,0.00
1675438229,-652.00,20260774,1,814,1,0.01,1.21966000,1.21967000,131.16900,-652.00
1675440000,0.00,20260605,0,816,1,0.01,1.08395000,1.08645000,131.16900,0.00
1675440000,0.00,20260774,0,817,1,0.01,1.21271000,1.21771000,131.16900,0.00
1675442790,-326.00,20260605,1,816,0,0.01,1.08645000,1.08645000,131.16900,-326.00
1675705471,1432.00,20260774,1,817,0,0.01,1.20170000,1.21771000,132.63200,1432.00
1675766700,0.00,20261000,0,820,1,0.01,131.81400000,132.70700000,131.02300,0.00
1675807200,719.00,20261000,1,820,0,0.01,131.09500000,132.70700000,131.02300,719.00
1675929600,0.00,20260610,0,822,0,0.01,131.37800000,130.87800000,131.54000,0.00
1675939237,-500.00,20260610,1,822,1,0.01,130.87800000,130.87800000,131.54000,-500.00
1675958400,0.00,20260610,0,824,1,0.01,130.40100000,130.90100000,131.54000,0.00
1675958400,0.00,20260774,0,825,0,0.01,1.21927000,1.21427000,131.54000,0.00
1675963756,-500.00,20260610,1,824,0,0.01,130.90100000,130.90100000,131.54000,-500.00
1675967500,-656.00,20260774,1,825,1,0.01,1.21426000,1.21427000,131.54000,-656.00
1676021400,0.00,20261000,0,828,1,0.02,130.88600000,131.88300000,131.36700,0.00
1676066400,-1248.00,20261000,1,828,0,0.02,131.51000000,131.88300000,131.36700,-1248.00
1676275200,0.00,20260610,0,830,0,0.01,132.18900000,131.68900000,132.36900,0.00
1676284200,0.00,20261001,0,831,0,0.01,159.57000000,158.21800000,132.36900,0.00
1676287800,0.00,20261000,0,832,0,0.01,132.57200000,131.19000000,132.36900,0.00
1676325600,-107.00,20261000,1,832,1,0.01,132.46500000,131.19000000,132.36900,-107.00
1676325600,1136.00,20261001,1,831,1,0.01,160.70600000,158.21800000,132.36900,1136.00
1676388759,-499.00,20260610,1,830,1,0.01,131.68700000,131.68900000,133.09600,-499.00
1676404800,0.00,20260774,0,836,1,0.01,1.21707000,1.22207000,133.09600,0.00
1676469569,1447.00,20260774,1,836,0,0.01,1.20607000,1.22207000,134.13400,1447.00
1677232800,0.00,20261001,0,838,0,0.01,162.17300000,161.20300000,136.47300,0.00
1677236400,0.00,20261000,0,839,0,0.02,135.06800000,134.05300000,136.47300,0.00
1677276000,2726.00,20261000,1,839,1,0.02,136.43100000,134.05300000,136.47300,2726.00
1677276000,779.00,20261001,1,838,1,0.01,162.95200000,161.20300000,136.47300,779.00
1677663900,0.00,20261001,0,842,0,0.01,164.46300000,163.44100000,136.13800,0.00
1677673900,-1022.00,20261001,1,842,1,0.01,163.44100000,163.44100000,136.13800,-1022.00
1677697200,0.00,20260605,0,844,0,0.01,1.06738000,1.06488000,136.13800,0.00
1677704614,-342.00,20260605,1,844,1,0.01,1.06487000,1.06488000,136.13800,-342.00
1677762000,0.00,20260605,0,846,1,0.01,1.06137000,1.06387000,136.75200,0.00
1677843000,0.00,20261000,0,847,1,0.01,136.17800000,136.77000000,135.81600,0.00
1677880800,338.00,20261000,1,847,0,0.01,135.84000000,136.77000000,135.81600,338.00
1677881132,-337.00,20260605,1,846,0,0.01,1.06387000,1.06387000,135.81600,-337.00
1678107600,0.00,20260605,0,850,0,0.01,1.06286000,1.06036000,135.90600,0.00
1678181400,0.00,20261000,0,851,1,0.02,135.70300000,136.17700000,137.14800,0.00
1678199310,-948.00,20261000,1,851,0,0.02,136.17700000,136.17700000,137.14800,-948.00
1678208686,-356.00,20260605,1,850,1,0.01,1.06032000,1.06036000,137.14800,-356.00
1678222800,0.00,20260605,0,854,1,0.01,1.05554000,1.05804000,137.14800,0.00
1678357800,0.00,20261001,0,855,1,0.01,161.85200000,162.64200000,136.13400,0.00
1678358700,0.00,20261000,0,856,1,0.01,136.28100000,137.33900000,136.13400,0.00
1678368395,-334.00,20260605,1,854,0,0.01,1.05804000,1.05804000,136.13400,-334.00
1678374000,0.00,20260605,0,858,1,0.01,1.05591000,1.05841000,136.13400,0.00
1678380443,-340.00,20260605,1,858,0,0.01,1.05841000,1.05841000,136.13400,-340.00
1678399200,116.00,20261000,1,856,0,0.01,136.16500000,137.33900000,136.13400,116.00
1678399200,-324.00,20261001,1,855,0,0.01,162.17600000,162.64200000,136.13400,-324.00
1678446900,0.00,20261001,0,862,0,0.01,163.34700000,161.94500000,135.05600,0.00
1678464000,0.00,20260605,0,863,0,0.01,1.06220000,1.05970000,135.05600,0.00
1678485600,-1182.00,20261001,1,862,1,0.01,162.16500000,161.94500000,135.05600,-1182.00
1678686990,1420.00,20260605,1,863,1,0.01,1.07270000,1.05970000,133.18100,1420.00
1678794300,0.00,20261001,0,866,0,0.01,163.01000000,161.85700000,134.20600,0.00
1678831200,343.00,20261001,1,866,1,0.01,163.35300000,161.85700000,134.20600,343.00
1678873500,0.00,20261001,0,868,0,0.01,163.82600000,162.96900000,133.36000,0.00
1678876200,0.00,20261000,0,869,0,0.01,134.87100000,134.03100000,133.36000,0.00
1678883556,-857.00,20261001,1,868,1,0.01,162.96900000,162.96900000,133.36000,-857.00
1678884040,-840.00,20261000,1,869,1,0.01,134.03100000,134.03100000,133.36000,-840.00
1678914000,0.00,20260605,0,872,1,0.01,1.05564000,1.05814000,133.36000,0.00
1678915712,-355.00,20260605,1,872,0,0.01,1.05829000,1.05814000,133.36000,-355.00
1679032800,0.00,20260605,0,874,0,0.01,1.06339000,1.06089000,131.79800,0.00
1679304600,0.00,20261001,0,875,1,0.01,160.12500000,161.73200000,131.31300,0.00
1679305500,0.00,20261000,0,876,1,0.02,131.39000000,132.65100000,131.31300,0.00
1679349600,162.00,20261000,1,876,0,0.02,131.30900000,132.65100000,131.31300,162.00
1679349600,-1137.00,20261001,1,875,0,0.01,161.26200000,161.73200000,131.31300,-1137.00
1679396400,0.00,20261000,0,879,0,0.02,131.86900000,131.03200000,132.47800,0.00
1679397300,0.00,20261001,0,880,0,0.06,161.77000000,160.75200000,132.47800,0.00
1679401895,1368.00,20260605,1,874,1,0.01,1.07389000,1.06089000,132.47800,1368.00
1679436000,1358.00,20261000,1,879,1,0.02,132.54800000,131.03200000,132.47800,1358.00
1679436000,906.00,20261001,1,880,1,0.06,161.92100000,160.75200000,132.47800,906.00
1679656500,0.00,20261001,0,884,1,0.01,159.31100000,160.83600000,130.71200,0.00
1679673600,0.00,20260610,0,885,1,0.01,130.16000000,130.66000000,130.71200,0.00
1679677380,-501.00,20260610,1,885,0,0.01,130.66100000,130.66000000,130.71200,-501.00
1679695200,-534.00,20261001,1,884,0,0.01,159.84500000,160.83600000,130.71200,-534.00
1679909400,0.00,20261000,0,888,0,0.01,131.28300000,130.45000000,131.54100,0.00
1679954400,286.00,20261000,1,888,1,0.01,131.56900000,130.45000000,131.54100,286.00
1680085800,0.00,20261001,0,890,0,0.01,162.65400000,161.33700000,132.84500,0.00
1680127200,713.00,20261001,1,890,1,0.01,163.36700000,161.33700000,132.84500,713.00
1680519600,0.00,20261001,0,892,0,0.06,164.56600000,163.42600000,132.39200,0.00
1680559200,-1914.00,20261001,1,892,1,0.06,164.24700000,163.42600000,132.39200,-1914.00
1680580800,0.00,20260610,0,894,1,0.01,132.55600000,133.05600000,131.68800,0.00
1680610933,-501.00,20260610,1,894,0,0.01,133.05700000,133.05600000,131.68800,-501.00
1680638400,0.00,20260610,0,896,1,0.01,131.61900000,132.11900000,131.68800,0.00
1680649200,0.00,20260605,0,897,0,0.01,1.09576000,1.09326000,131.68800,0.00
1680714617,-341.00,20260605,1,897,1,0.01,1.09323000,1.09326000,131.30200,-341.00
1680881440,-599.00,20260610,1,896,0,0.01,132.12200000,132.11900000,132.15900,-599.00
1681209900,0.00,20261000,0,900,1,0.01,133.06300000,133.68900000,133.64100,0.00
1681239919,-626.00,20261000,1,900,0,0.01,133.68900000,133.68900000,133.64100,-626.00
1681311600,0.00,20260605,0,902,0,0.01,1.09230000,1.08980000,133.12500,0.00
1681389150,1395.00,20260605,1,902,1,0.01,1.10281000,1.08980000,132.56700,1395.00
1681754400,0.00,20260605,0,904,1,0.01,1.09141000,1.09391000,134.42500,0.00
1681798475,-333.00,20260605,1,904,0,0.01,1.09392000,1.09391000,134.09500,-333.00
1681812000,0.00,20260605,0,906,0,0.01,1.09492000,1.09242000,134.09500,0.00
1681895700,0.00,20261000,0,907,0,0.01,134.61200000,133.95100000,134.69300,0.00
1681914390,-347.00,20260605,1,906,1,0.01,1.09242000,1.09242000,134.69300,-347.00
1681941600,111.00,20261000,1,907,1,0.01,134.72300000,133.95100000,134.69300,111.00
1681983900,0.00,20261000,0,910,1,0.02,134.40600000,134.97100000,134.21900,0.00
1682028000,138.00,20261000,1,910,0,0.02,134.33700000,134.97100000,134.21900,138.00
1682069400,0.00,20261001,0,912,1,0.01,166.13100000,167.06200000,134.11900,0.00
1682114400,-702.00,20261001,1,912,0,0.01,166.83300000,167.06200000,134.11900,-702.00
1682418600,0.00,20261001,0,914,1,0.01,167.13900000,167.95900000,133.72000,0.00
1682457215,1640.00,20261001,1,914,0,0.01,165.49900000,167.95900000,133.72000,1640.00
1682460000,0.00,20260605,0,916,1,0.01,1.09721000,1.09971000,133.72000,0.00
1682501552,-336.00,20260605,1,916,0,0.01,1.09973000,1.09971000,133.65500,-336.00
1682502300,0.00,20261001,0,918,0,0.01,166.30900000,165.64700000,133.65500,0.00
1682539200,0.00,20260605,0,919,0,0.01,1.10414000,1.10164000,133.65500,0.00
1682546400,25.00,20261001,1,918,1,0.01,166.33400000,165.64700000,133.65500,25.00
1682609681,-346.00,20260605,1,919,1,0.01,1.10164000,1.10164000,133.90900,-346.00
1682697600,0.00,20260610,0,922,0,0.01,136.06800000,135.56800000,136.27000,0.00
1682960713,1103.00,20260610,1,922,1,0.01,137.16800000,135.56800000,137.47800,1103.00
1683032400,0.00,20260605,0,924,1,0.01,1.09525000,1.09775000,136.53400,0.00
1683048853,-343.00,20260605,1,924,0,0.01,1.09775000,1.09775000,136.53400,-343.00
1683068400,0.00,20260605,0,926,0,0.01,1.10061000,1.09811000,136.53400,0.00
1683108900,0.00,20261000,0,927,1,0.01,135.73900000,136.60100000,134.67300,0.00
1683151200,280.00,20261000,1,927,0,0.01,135.45900000,136.60100000,134.67300,280.00
1683248400,32.00,20260605,1,926,1,0.01,1.10107000,1.09811000,134.82000,32.00
1683248400,0.00,20260605,0,930,1,0.01,1.10107000,1.10357000,134.82000,0.00
1683252000,-146.00,20260605,1,930,0,0.01,1.10215000,1.10357000,134.82000,-146.00
1683252000,0.00,20260605,0,932,0,0.01,1.10215000,1.09965000,134.82000,0.00
1683300614,-340.00,20260605,1,932,1,0.01,1.09964000,1.09965000,134.82000,-340.00
1683313200,0.00,20260605,0,934,0,0.01,1.10249000,1.09999000,134.82000,0.00
1683591030,-374.00,20260605,1,934,1,0.01,1.09988000,1.09999000,135.13900,-374.00
1683662400,0.00,20260627,0,936,0,0.01,170.58400000,169.50500000,135.13900,0.00
1683748719,-1073.00,20260627,1,936,1,0.01,169.50400000,169.50500000,134.28900,-1073.00
1683802800,0.00,20261000,0,938,0,0.01,134.55900000,133.89000000,134.37800,0.00
1683819028,-670.00,20261000,1,938,1,0.01,133.88900000,133.89000000,134.37800,-670.00
1683888300,0.00,20261000,0,940,0,0.01,134.87200000,134.29800000,135.71200,0.00
1683928800,818.00,20261000,1,940,1,0.01,135.69000000,134.29800000,135.71200,818.00
1684320300,0.00,20261000,0,942,0,0.01,136.94900000,136.30100000,137.66100,0.00
1684360800,649.00,20261000,1,942,1,0.01,137.59800000,136.30100000,137.66100,649.00
1684409400,0.00,20261000,0,944,0,0.02,137.89000000,137.28700000,138.69100,0.00
1684447200,1530.00,20261000,1,944,1,0.02,138.65500000,137.28700000,138.69100,1530.00
1684488600,0.00,20261000,0,946,1,0.01,138.07100000,138.70300000,137.95400,0.00
1684492200,0.00,20261001,0,947,1,0.01,171.38300000,172.12900000,137.95400,0.00
1684506626,-746.00,20261001,1,947,0,0.01,172.12900000,172.12900000,137.95400,-746.00
1684533600,-4.00,20261000,1,946,0,0.01,138.07500000,138.70300000,137.95400,-4.00
1684728000,0.00,20260774,0,950,1,0.01,1.24663000,1.25163000,138.58400,0.00
1684836900,0.00,20261001,0,951,1,0.01,171.90700000,172.62300000,138.57100,0.00
1684879200,-71.00,20261001,1,951,0,0.01,171.97800000,172.62300000,138.57100,-71.00
1684929600,0.00,20260622,0,953,0,0.01,138.57800000,137.71200000,139.44200,0.00
1684986758,1534.00,20260774,1,950,0,0.01,1.23559000,1.25163000,140.04100,1534.00
1685015100,0.00,20261001,0,955,0,0.06,172.56300000,171.67300000,140.04100,0.00
1685052000,-888.00,20261001,1,955,1,0.06,172.41500000,171.67300000,140.04100,-888.00
1685098800,0.00,20261000,0,957,1,0.01,139.53000000,140.10200000,140.57700,0.00
1685115161,-573.00,20261000,1,957,0,0.01,140.10300000,140.10200000,140.57700,-573.00
1685115580,1738.00,20260622,1,953,1,0.01,140.31000000,137.71200000,140.57700,1738.00
1685390400,0.00,20260627,0,960,0,0.01,173.47300000,172.47600000,140.42200,0.00
1685439000,0.00,20261000,0,961,0,0.01,140.90100000,139.96200000,139.77300,0.00
1685455999,-939.00,20261000,1,961,1,0.01,139.96200000,139.96200000,139.77300,-939.00
1685612700,0.00,20261001,0,963,0,0.01,173.71800000,172.96100000,138.78200,0.00
1685615400,0.00,20261000,0,964,0,0.01,139.88100000,138.95700000,138.78200,0.00
1685635200,0.00,20260774,0,965,0,0.01,1.24848000,1.24348000,138.78200,0.00
1685637136,-925.00,20261000,1,964,1,0.01,138.95600000,138.95700000,138.78200,-925.00
1685656800,204.00,20261001,1,963,1,0.01,173.92200000,172.96100000,138.78200,204.00
1685736000,-494.00,20260774,1,965,1,0.01,1.24493000,1.24348000,139.95500,-494.00
1685736000,0.00,20260774,0,969,1,0.01,1.24493000,1.24993000,139.95500,0.00
1685966400,0.00,20260622,0,970,0,0.01,140.26700000,139.31900000,139.56600,0.00
1685984801,-948.00,20260622,1,970,1,0.01,139.31900000,139.31900000,139.56600,-948.00
1686047400,0.00,20261001,0,972,1,0.01,173.05300000,173.77100000,139.62200,0.00
1686088800,-544.00,20261001,1,972,0,0.01,173.59700000,173.77100000,139.62200,-544.00
1686099600,0.00,20260650,0,974,0,0.03,93.12600000,0.00000000,140.06600,0.00
1686157084,-703.00,20260774,1,969,0,0.01,1.24993000,1.24993000,140.06600,-703.00
1686164400,0.00,20260605,0,976,1,0.01,1.07011000,1.07261000,140.06600,0.00
1686225083,-347.00,20260605,1,976,0,0.01,1.07262000,1.07261000,138.91000,-347.00
1686236400,0.00,20260605,0,978,0,0.01,1.07360000,1.07110000,138.91000,0.00
1686303900,0.00,20261001,0,979,0,0.01,175.19800000,174.18000000,139.36200,0.00
1686305700,0.00,20261000,0,980,0,0.01,139.53700000,138.75700000,139.36200,0.00
1686312000,0.00,20260622,0,981,0,0.01,139.66200000,138.80600000,139.36200,0.00
1686348000,-140.00,20261000,1,980,1,0.01,139.39700000,138.75700000,139.36200,-140.00
1686348000,112.00,20261001,1,979,1,0.01,175.31000000,174.18000000,139.36200,112.00
1686760716,1424.00,20260605,1,978,1,0.01,1.08410000,1.07110000,140.02500,1424.00
1686798862,4083.00,20260627,1,960,1,0.01,177.46500000,172.47600000,140.25600,4083.00
1686801600,0.00,20260627,0,986,0,0.01,177.69400000,176.61000000,140.25600,0.00
1686816098,1724.00,20260622,1,981,1,0.01,141.37400000,138.80600000,140.25600,1724.00
1686907800,0.00,20261001,0,988,0,0.01,180.20800000,178.82000000,141.87200,0.00
1686909600,0.00,20261000,0,989,0,0.01,140.97900000,139.85200000,141.87200,0.00
1686950666,4342.00,20260627,1,986,1,0.01,182.02900000,176.61000000,141.87200,4342.00
1686952800,813.00,20261000,1,989,1,0.01,141.79200000,139.85200000,141.87200,813.00
1686952800,1758.00,20261001,1,988,1,0.01,181.96600000,178.82000000,141.87200,1758.00
1687338900,0.00,20261001,0,993,0,0.01,181.30700000,180.31400000,141.85500,0.00
1687339800,0.00,20261000,0,994,0,0.01,141.99600000,141.28100000,141.85500,0.00
1687351324,-993.00,20261001,1,993,1,0.01,180.31400000,180.31400000,141.85500,-993.00
1687384800,-209.00,20261000,1,994,1,0.01,141.78700000,141.28100000,141.85500,-209.00
1687464000,0.00,20260622,0,997,0,0.01,142.99100000,142.19800000,143.10000,0.00
1687517100,0.00,20261001,0,998,1,0.01,181.44800000,182.51000000,143.70700,0.00
1687540143,-1062.00,20261001,1,998,0,0.01,182.51000000,182.51000000,143.70700,-1062.00
1687776300,0.00,20261000,0,1000,1,0.01,143.06300000,143.70700000,143.49900,0.00
1687801925,-645.00,20261000,1,1000,0,0.01,143.70800000,143.70700000,143.49900,-645.00
1687971600,0.00,20260605,0,1002,0,0.01,1.09350000,1.09100000,144.46900,0.00
1687974448,-361.00,20260605,1,1002,1,0.01,1.09100000,1.09100000,144.46900,-361.00
1687974975,1598.00,20260622,1,997,1,0.01,144.57700000,142.19800000,144.46900,1598.00
1687975200,0.00,20260605,0,1005,1,0.01,1.08985000,1.09235000,144.46900,0.00
1687988919,-361.00,20260605,1,1005,0,0.01,1.09235000,1.09235000,144.46900,-361.00
1688118300,0.00,20261000,0,1007,1,0.01,144.48200000,145.06800000,144.28500,0.00
1688162400,181.00,20261000,1,1007,0,0.01,144.30100000,145.06800000,144.28500,181.00
1688356800,0.00,20260622,0,1009,0,0.02,144.45000000,143.70800000,144.63500,0.00
1688374800,0.00,20260605,0,1010,1,0.01,1.09031000,1.09281000,144.63500,0.00
1688382000,0.00,20261000,0,1011,0,0.01,144.83500000,144.22000000,144.63500,0.00
1688403624,-615.00,20261000,1,1011,1,0.01,144.22000000,144.22000000,144.63500,-615.00
1688403628,-360.00,20260605,1,1010,0,0.01,1.09281000,1.09281000,144.63500,-360.00
1688632453,-1466.00,20260622,1,1009,1,0.02,143.70800000,143.70800000,144.05500,-1466.00
1688659200,0.00,20260627,0,1015,0,0.01,183.80700000,182.68000000,144.05500,0.00
1688666400,0.00,20260605,0,1016,1,0.01,1.08679000,1.08929000,144.05500,0.00
1688687381,-359.00,20260605,1,1016,0,0.01,1.08929000,1.08929000,144.05500,-359.00
1688723495,-1121.00,20260627,1,1015,1,0.01,182.67900000,182.68000000,142.08900,-1121.00
1688724000,0.00,20261000,0,1019,1,0.01,143.39900000,144.19600000,142.08900,0.00
1688724000,0.00,20261001,0,1020,1,0.01,182.66700000,183.56700000,142.08900,0.00
1688745600,0.00,20260605,0,1021,0,0.01,1.09121000,1.08871000,142.08900,0.00
1688767200,1265.00,20261000,1,1019,0,0.01,142.13400000,144.19600000,142.08900,1265.00
1688767200,174.00,20261001,1,1020,0,0.01,182.49300000,183.56700000,142.08900,174.00
1689054917,1470.00,20260605,1,1021,1,0.01,1.10171000,1.08871000,140.35000,1470.00
1689073200,0.00,20261001,0,1025,1,0.01,180.91100000,181.99400000,140.35000,0.00
1689112800,-680.00,20261001,1,1025,0,0.01,181.59100000,181.99400000,140.35000,-680.00
1689156000,0.00,20261001,0,1027,1,0.01,180.50000000,181.52900000,138.48300,0.00
1689199200,766.00,20261001,1,1027,0,0.01,179.73400000,181.52900000,138.48300,766.00
1689235200,0.00,20260610,0,1029,1,0.01,138.52300000,139.02300000,138.03200,0.00
1689246900,0.00,20261001,0,1030,0,0.01,180.50100000,179.48800000,138.03200,0.00
1689285600,729.00,20261001,1,1030,1,0.01,181.23000000,179.48800000,138.03200,729.00
1689309461,1069.00,20260610,1,1029,0,0.01,137.42200000,139.02300000,138.78400,1069.00
1689328800,0.00,20261000,0,1033,0,0.02,138.35200000,137.23800000,138.78400,0.00
1689372000,934.00,20261000,1,1033,1,0.02,138.81900000,137.23800000,138.78400,934.00
1689587100,0.00,20261001,0,1035,1,0.01,181.03500000,181.80600000,138.70000,0.00
1689611404,-772.00,20261001,1,1035,0,0.01,181.80700000,181.80600000,138.70000,-772.00
1689678900,0.00,20261000,0,1037,1,0.01,138.14400000,138.92500000,138.81900,0.00
1689699915,-782.00,20261000,1,1037,0,0.01,138.92600000,138.92500000,138.81900,-782.00
1689758100,0.00,20261001,0,1039,1,0.06,180.44500000,181.62400000,139.53300,0.00
1689759900,0.00,20261000,0,1040,0,0.01,139.62100000,138.75300000,139.53300,0.00
1689764400,0.00,20260629,0,1041,1,0.01,1.12266000,0.00000000,139.53300,0.00
1689764400,0.00,20260629,0,1042,0,0.01,1.29486000,0.00000000,139.53300,0.00
1689804000,-4.00,20261000,1,1040,1,0.01,139.61700000,138.75300000,139.53300,-4.00
1689804000,-456.00,20261001,1,1039,0,0.06,180.52100000,181.62400000,139.53300,-456.00
1689930900,0.00,20261001,0,1045,0,0.01,180.89600000,179.90600000,141.82200,0.00
1689936300,0.00,20261000,0,1046,0,0.01,141.06900000,139.74700000,141.82200,0.00
1689940800,0.00,20260610,0,1047,0,0.01,141.91700000,141.41700000,141.82200,0.00
1689942195,-501.00,20260610,1,1047,1,0.01,141.41600000,141.41700000,141.82200,-501.00
1689955200,0.00,20260610,0,1049,1,0.01,141.37200000,141.87200000,141.82200,0.00
1689959500,-501.00,20260610,1,1049,0,0.01,141.87300000,141.87200000,141.82200,-501.00
1689976800,741.00,20261000,1,1046,1,0.01,141.81000000,139.74700000,141.82200,741.00
1689976800,1455.00,20261001,1,1045,1,0.01,182.35100000,179.90600000,141.82200,1455.00
1690264800,0.00,20260605,0,1053,1,0.01,1.10804000,1.11054000,140.89000,0.00
1690390800,-486.00,20260629,1,1042,1,0.01,1.29147000,0.00000000,140.22700,-486.00
1690390800,2302.00,20260629,1,1041,0,0.01,1.10653000,0.00000000,140.22700,2302.00
1690408805,-363.00,20260605,1,1053,0,0.01,1.11062000,1.11054000,140.22700,-363.00
1690516800,0.00,20260610,0,1057,1,0.01,139.47500000,139.97500000,141.15000,0.00
1690525711,-500.00,20260610,1,1057,0,0.01,139.97500000,139.97500000,141.15000,-500.00
1690531200,0.00,20260610,0,1059,1,0.01,138.76300000,139.26300000,141.15000,0.00
1690534661,-500.00,20260610,1,1059,0,0.01,139.26300000,139.26300000,141.15000,-500.00
1690790400,0.00,20260610,0,1061,0,0.01,141.88500000,141.38500000,142.25800,0.00
1690797600,0.00,20261001,0,1062,0,0.01,182.63400000,180.87100000,142.25800,0.00
1690800300,0.00,20261000,0,1063,0,0.01,142.16900000,140.69100000,142.25800,0.00
1690840800,103.00,20261000,1,1063,1,0.01,142.27200000,140.69100000,142.25800,103.00
1690840800,4.00,20261001,1,1062,1,0.01,182.63800000,180.87100000,142.25800,4.00
1690902090,1103.00,20260610,1,1061,1,0.01,142.98500000,141.38500000,143.31800,1103.00
1690975800,0.00,20261000,0,1067,1,0.01,142.29500000,143.34600000,143.31500,0.00
1690995678,-1051.00,20261000,1,1067,0,0.01,143.34600000,143.34600000,143.31500,-1051.00
1691060400,0.00,20261000,0,1069,1,0.02,142.90600000,143.89000000,142.51300,0.00
1691064000,0.00,20260774,0,1070,1,0.01,1.26753000,1.27253000,142.51300,0.00
1691100000,394.00,20261000,1,1069,0,0.02,142.70900000,143.89000000,142.51300,394.00
1691121593,-716.00,20260774,1,1070,0,0.01,1.27253000,1.27253000,141.75200,-716.00
1691607600,0.00,20260605,0,1073,1,0.01,1.09740000,1.09990000,143.70400,0.00
1691647200,-73.00,20260605,1,1073,0,0.01,1.09793000,1.09990000,144.71500,-73.00
1691647200,0.00,20260605,0,1075,0,0.01,1.09793000,1.09543000,144.71500,0.00
1691769600,-172.00,20260605,1,1075,1,0.01,1.09680000,1.09543000,144.93000,-172.00
1691769600,0.00,20260605,0,1077,1,0.01,1.09680000,1.09930000,144.93000,0.00
1692246602,1510.00,20260605,1,1077,0,0.01,1.08630000,1.09930000,145.82100,1510.00
1692350100,0.00,20261001,0,1079,1,0.01,184.99400000,185.90500000,145.36100,0.00
1692355500,0.00,20261000,0,1080,1,0.01,145.17500000,145.85100000,145.36100,0.00
1692396000,-134.00,20261000,1,1080,0,0.01,145.30900000,145.85100000,145.36100,-134.00
1692396000,-170.00,20261001,1,1079,0,0.01,185.16400000,185.90500000,145.36100,-170.00
1692702900,0.00,20261000,0,1083,1,0.01,145.67700000,146.39900000,145.87400,0.00
1692720000,0.00,20260774,0,1084,1,0.01,1.27421000,1.27921000,145.87400,0.00
1692741600,-181.00,20261000,1,1083,0,0.01,145.85800000,146.39900000,145.87400,-181.00
1692797438,1602.00,20260774,1,1084,0,0.01,1.26321000,1.27921000,144.82000,1602.00
1692874800,0.00,20261000,0,1087,0,0.01,145.33200000,144.60000000,145.80500,0.00
1692914400,526.00,20261000,1,1087,1,0.01,145.85800000,144.60000000,145.80500,526.00
1693310400,0.00,20260622,0,1089,0,0.02,146.51500000,145.91300000,145.86000,0.00
1693334103,-1204.00,20260622,1,1089,1,0.02,145.91300000,145.91300000,145.86000,-1204.00
1693371600,0.00,20260605,0,1091,0,0.01,1.08691000,1.08441000,146.21300,0.00
1693388700,0.00,20261001,0,1092,0,0.01,184.92100000,184.12900000,146.21300,0.00
1693391400,0.00,20261000,0,1093,0,0.01,146.48000000,145.70300000,146.21300,0.00
1693396800,0.00,20260622,0,1094,0,0.01,146.44600000,145.63800000,146.21300,0.00
1693413066,-777.00,20261000,1,1093,1,0.01,145.70300000,145.70300000,146.21300,-777.00
1693413095,-809.00,20260622,1,1094,1,0.01,145.63700000,145.63800000,146.21300,-809.00
1693432800,970.00,20261001,1,1092,1,0.01,185.89100000,184.12900000,146.21300,970.00
1693476900,0.00,20261001,0,1098,1,0.01,185.34000000,186.00300000,145.51800,0.00
1693500446,-375.00,20260605,1,1091,1,0.01,1.08441000,1.08441000,145.51800,-375.00
1693504800,0.00,20260605,0,1100,0,0.01,1.08551000,1.08301000,145.51800,0.00
1693508400,-243.00,20260605,1,1100,1,0.01,1.08384000,1.08301000,145.51800,-243.00
1693508400,0.00,20260605,0,1102,1,0.01,1.08384000,1.08634000,145.51800,0.00
1693519200,1150.00,20261001,1,1098,0,0.01,184.19000000,186.00300000,145.51800,1150.00
1693582241,-363.00,20260605,1,1102,0,0.01,1.08635000,1.08634000,146.24600,-363.00
1693822500,0.00,20261001,0,1105,0,0.01,184.53300000,183.80600000,146.46100,0.00
1693864800,511.00,20261001,1,1105,1,0.01,185.04400000,183.80600000,146.46100,511.00
1693910700,0.00,20261000,0,1107,0,0.01,147.02000000,146.35200000,147.70200,0.00
1693911600,0.00,20261001,0,1108,1,0.06,184.56100000,185.30300000,147.70200,0.00
1693930841,-4482.00,20261001,1,1108,0,0.06,185.30800000,185.30300000,147.70200,-4482.00
1693951200,738.00,20261000,1,1107,1,0.01,147.75800000,146.35200000,147.70200,738.00
1694172600,0.00,20261001,0,1111,0,0.01,184.21600000,183.05900000,147.78500,0.00
1694174400,0.00,20260622,0,1112,0,0.01,147.41300000,146.59700000,147.78500,0.00
1694210400,-155.00,20261001,1,1111,1,0.01,184.06100000,183.05900000,147.78500,-155.00
1694410464,-814.00,20260622,1,1112,1,0.01,146.59600000,146.59700000,146.56300,-814.00
1694423700,0.00,20261001,0,1115,1,0.01,182.73900000,183.78700000,146.56300,0.00
1694436758,-1048.00,20261001,1,1115,0,0.01,183.78700000,183.78700000,146.56300,-1048.00
1694517300,0.00,20261001,0,1117,1,0.06,183.04400000,183.79300000,147.07500,0.00
1694550903,-4494.00,20261001,1,1117,0,0.06,183.79300000,183.79300000,147.07500,-4494.00
1694597400,0.00,20261001,0,1119,1,0.06,183.36900000,184.23600000,147.45000,0.00
1694620800,0.00,20260622,0,1120,0,0.02,147.43900000,146.72600000,147.45000,0.00
1694622315,-5208.00,20261001,1,1119,0,0.06,184.23700000,184.23600000,147.45000,-5208.00
1694772900,0.00,20261001,0,1122,0,0.01,183.60800000,182.76800000,147.81900,0.00
1694815200,-543.00,20261001,1,1122,1,0.01,183.06500000,182.76800000,147.81900,-543.00
1695229200,0.00,20260605,0,1124,0,0.01,1.07173000,1.06923000,148.31400,0.00
1695243689,-370.00,20260605,1,1124,1,0.01,1.06923000,1.06923000,148.31400,-370.00
1695247200,0.00,20260605,0,1126,1,0.01,1.06865000,1.07115000,148.31400,0.00
1695375900,0.00,20261000,0,1127,0,0.01,148.36700000,147.48700000,148.35400,0.00
1695375900,0.00,20261001,0,1128,0,0.01,182.19900000,181.20300000,148.35400,0.00
1695420000,19.00,20261000,1,1127,1,0.01,148.38600000,147.48700000,148.35400,19.00
1695420000,-558.00,20261001,1,1128,1,0.01,181.64100000,181.20300000,148.35400,-558.00
1695661779,2902.00,20260622,1,1120,1,0.02,148.86600000,146.72600000,148.86600,2902.00
1695662728,1574.00,20260605,1,1126,0,0.01,1.05814000,1.07115000,148.86600,1574.00
1695672000,0.00,20260622,0,1133,0,0.02,148.85100000,148.18300000,148.86600,0.00
1695720600,0.00,20261000,0,1134,0,0.01,149.13000000,148.70300000,149.03900,0.00
1695765600,-62.00,20261000,1,1134,1,0.01,149.06800000,148.70300000,149.03900,-62.00
1695899700,0.00,20261001,0,1136,0,0.06,181.73300000,181.08200000,149.29300,0.00
1695938400,1506.00,20261001,1,1136,1,0.06,181.98400000,181.08200000,149.29300,1506.00
1695980700,0.00,20261000,0,1138,1,0.01,148.84200000,149.50000000,149.34300,0.00
1696024800,-559.00,20261000,1,1138,0,0.01,149.40100000,149.50000000,149.34300,-559.00
1696240800,0.00,20261001,0,1140,0,0.01,182.74900000,182.08400000,149.84400,0.00
1696251160,-665.00,20261001,1,1140,1,0.01,182.08400000,182.08400000,149.84400,-665.00
1696353146,-1312.00,20260622,1,1133,1,0.02,148.17700000,148.18300000,148.97600,-1312.00
1696416300,0.00,20261000,0,1143,1,0.02,148.75000000,149.31800000,149.11000,0.00
1696456800,-580.00,20261000,1,1143,0,0.02,149.04000000,149.31800000,149.11000,-580.00
1696585500,0.00,20261000,0,1145,0,0.01,148.98700000,148.28000000,149.27500,0.00
1696618800,0.00,20260605,0,1146,0,0.01,1.05951000,1.05701000,149.27500,0.00
1696629600,352.00,20261000,1,1145,1,0.01,149.33900000,148.28000000,149.27500,352.00
1696809930,-658.00,20260605,1,1146,1,0.01,1.05518000,1.05701000,148.47900,-658.00
1696849200,0.00,20260605,0,1149,1,0.01,1.05228000,1.05478000,148.47900,0.00
1696867301,-382.00,20260605,1,1149,0,0.01,1.05484000,1.05478000,148.47900,-382.00
1696932000,0.00,20261000,0,1151,0,0.01,148.88900000,148.16200000,148.69900,0.00
1696975200,-164.00,20261000,1,1151,1,0.01,148.72500000,148.16200000,148.69900,-164.00
1697148000,0.00,20260605,0,1153,1,0.01,1.05266000,1.05516000,149.78900,0.00
1697176800,-293.00,20260605,1,1153,0,0.01,1.05465000,1.05516000,149.57100,-293.00
1697176800,0.00,20260605,0,1155,0,0.01,1.05465000,1.05215000,149.57100,0.00
1697203419,-372.00,20260605,1,1155,1,0.01,1.05215000,1.05215000,149.57100,-372.00
1697449500,0.00,20261001,0,1157,0,0.01,181.98400000,181.06000000,149.49400,0.00
1697493600,618.00,20261001,1,1157,1,0.01,182.60200000,181.06000000,149.49400,618.00
1697655600,0.00,20260605,0,1159,1,0.01,1.05311000,1.05561000,149.91000,0.00
1697724635,-370.00,20260605,1,1159,0,0.01,1.05562000,1.05561000,149.76200,-370.00
1697734800,0.00,20260605,0,1161,0,0.01,1.05752000,1.05502000,149.76200,0.00
1698124818,1529.00,20260605,1,1161,1,0.01,1.06802000,1.05502000,149.90200,1529.00
1698142500,0.00,20261000,0,1163,1,0.01,149.39200000,149.78800000,149.90200,0.00
1698155496,-396.00,20261000,1,1163,0,0.01,149.78800000,149.78800000,149.90200,-396.00
1698174000,0.00,20260605,0,1165,0,0.01,1.05941000,1.05691000,149.90200,0.00
1698236797,-390.00,20260605,1,1165,1,0.01,1.05688000,1.05691000,150.22300,-390.00
1698311700,0.00,20261000,0,1167,0,0.01,150.64700000,150.03800000,150.36100,0.00
1698313656,-609.00,20261000,1,1167,1,0.01,150.03800000,150.03800000,150.36100,-609.00
1698354000,0.00,20260605,0,1169,1,0.01,1.05504000,1.05754000,150.36100,0.00
1698422679,-372.00,20260605,1,1169,0,0.01,1.05754000,1.05754000,149.62400,-372.00
1698433200,0.00,20260605,0,1171,0,0.01,1.05916000,1.05666000,149.62400,0.00
1698438758,-375.00,20260605,1,1171,1,0.01,1.05666000,1.05666000,149.62400,-375.00
1698440400,0.00,20260605,0,1173,1,0.01,1.05670000,1.05920000,149.62400,0.00
1698677190,-374.00,20260605,1,1173,0,0.01,1.05921000,1.05920000,149.04100,-374.00
1698836400,0.00,20260605,0,1175,1,0.01,1.05646000,1.05896000,150.93900,0.00
1698894037,-372.00,20260605,1,1175,0,0.01,1.05896000,1.05896000,150.38300,-372.00
1698897600,0.00,20260605,0,1177,0,0.01,1.06021000,1.05771000,150.38300,0.00
1699026257,1570.00,20260605,1,1177,1,0.01,1.07075000,1.05771000,149.37800,1570.00
1699041600,0.00,20260629,0,1179,0,0.01,1.07396000,0.00000000,149.37800,0.00
1699041600,0.00,20260629,0,1180,1,0.01,1.23819000,0.00000000,149.37800,0.00
1699264800,0.00,20261001,0,1181,0,0.01,185.40800000,184.54100000,150.06200,0.00
1699308000,-169.00,20261001,1,1181,1,0.01,185.23900000,184.54100000,150.06200,-169.00
1699387200,0.00,20260774,0,1183,0,0.01,1.22722000,1.22222000,150.29900,0.00
1699564721,-763.00,20260774,1,1183,1,0.01,1.22215000,1.22222000,151.33300,-763.00
1699567200,2411.00,20260629,1,1180,0,0.01,1.22207000,0.00000000,151.33300,2411.00
1699567200,-1132.00,20260629,1,1179,1,0.01,1.06671000,0.00000000,151.33300,-1132.00
1699871400,0.00,20261001,0,1187,0,0.01,185.85900000,184.91900000,151.70700,0.00
1699912800,269.00,20261001,1,1187,1,0.01,186.12800000,184.91900000,151.70700,269.00
1700217000,0.00,20261000,0,1189,1,0.01,150.26800000,150.77400000,149.62200,0.00
1700225079,1013.00,20261000,1,1189,0,0.01,149.25500000,150.77400000,149.62200,1013.00
1700467200,0.00,20260610,0,1191,1,0.01,149.08400000,149.58400000,148.34500,0.00
1700478000,0.00,20261001,0,1192,1,0.06,185.57200000,186.78300000,148.34500,0.00
1700517600,108.00,20261001,1,1192,0,0.06,185.55400000,186.78300000,148.34500,108.00
1700537247,1070.00,20260610,1,1191,0,0.01,147.98200000,149.58400000,148.36800,1070.00
1700648100,0.00,20261001,0,1195,0,0.01,186.68300000,185.63300000,149.52000,0.00
1700649900,0.00,20261000,0,1196,0,0.01,149.29500000,148.01500000,149.52000,0.00
1700690400,283.00,20261000,1,1196,1,0.01,149.57800000,148.01500000,149.52000,283.00
1700690400,144.00,20261001,1,1195,1,0.01,186.82700000,185.63300000,149.52000,144.00
1701100800,0.00,20260610,0,1199,1,0.01,148.81300000,149.31300000,148.66100,0.00
1701193385,1071.00,20260610,1,1199,0,0.01,147.71000000,149.31300000,147.46300,1071.00
1701201600,0.00,20260610,0,1201,1,0.01,147.55300000,148.05300000,147.46300,0.00
1701360043,-572.00,20260610,1,1201,0,0.01,148.06100000,148.05300000,148.17800,-572.00
1701374400,0.00,20260605,0,1203,1,0.01,1.08899000,1.09149000,148.17800,0.00
1701426600,0.00,20261001,0,1204,0,0.01,187.47300000,186.67600000,146.81100,0.00
1701450032,-799.00,20261001,1,1204,1,0.01,186.67400000,186.67600000,146.81100,-799.00
1701684900,0.00,20261000,0,1206,0,0.01,147.03700000,146.22400000,147.18200,0.00
1701727200,254.00,20261000,1,1206,1,0.01,147.29100000,146.22400000,147.18200,254.00
1701769500,0.00,20261001,0,1208,1,0.01,185.22500000,186.18600000,147.13800,0.00
1701802421,1556.00,20260605,1,1203,0,0.01,1.07849000,1.09149000,147.13800,1556.00
1701813600,-66.00,20261001,1,1208,0,0.01,185.29100000,186.18600000,147.13800,-66.00
1701941400,0.00,20261000,0,1211,1,0.01,145.86200000,147.30000000,144.09000,0.00
1701978377,2878.00,20261000,1,1211,0,0.01,142.98400000,147.30000000,144.09000,2878.00
1702287900,0.00,20261000,0,1213,0,0.01,146.18700000,144.80900000,146.13400,0.00
1702287900,0.00,20261001,0,1214,0,0.01,183.32300000,181.55400000,146.13400,0.00
1702332000,-35.00,20261000,1,1213,1,0.01,146.15200000,144.80900000,146.13400,-35.00
1702332000,170.00,20261001,1,1214,1,0.01,183.49300000,181.55400000,146.13400,170.00
1702379700,0.00,20261001,0,1217,1,0.01,182.60200000,183.55900000,145.43200,0.00
1702418400,-316.00,20261001,1,1217,0,0.01,182.91800000,183.55900000,145.43200,-316.00
1702544400,0.00,20260605,0,1219,0,0.01,1.09018000,1.08768000,141.83600,0.00
1702582205,1536.00,20260605,1,1219,1,0.01,1.10069000,1.08768000,141.83600,1536.00
1702639800,0.00,20261001,0,1221,1,0.06,180.46200000,181.72800000,142.15400,0.00
1702677600,198.00,20261001,1,1221,0,0.06,180.42900000,181.72800000,142.15400,198.00
1702980000,0.00,20261000,0,1223,0,0.01,144.16900000,142.24400000,143.81200,0.00
1703023200,-261.00,20261000,1,1223,1,0.01,143.90800000,142.24400000,143.81200,-261.00
1703563200,0.00,20260622,0,1225,1,0.01,142.26000000,143.24100000,142.38000,0.00
1703754900,0.00,20261000,0,1226,1,0.01,140.81500000,141.81300000,141.33400,0.00
1703785238,1867.00,20260622,1,1225,0,0.01,140.29700000,143.24100000,141.33400,1867.00
1703800800,-643.00,20261000,1,1226,0,0.01,141.45800000,141.81300000,141.33400,-643.00
1703880000,0.00,20260622,0,1229,1,0.01,140.83900000,142.01800000,141.01200,0.00
1704192300,0.00,20261001,0,1230,0,0.01,180.37000000,179.07400000,141.97600,0.00
1704205217,-1219.00,20260622,1,1229,0,0.01,142.02600000,142.01800000,141.97600,-1219.00
1704213942,-1296.00,20261001,1,1230,1,0.01,179.07400000,179.07400000,141.97600,-1296.00
1704258000,0.00,20260605,0,1233,1,0.01,1.09520000,1.09770000,143.27300,0.00
1704274200,0.00,20261001,0,1234,0,0.01,179.85100000,178.90800000,143.27300,0.00
1704311019,1887.00,20261001,1,1234,1,0.01,181.73800000,178.90800000,143.27300,1887.00
1704319200,0.00,20260629,0,1236,0,0.01,1.09180000,0.00000000,143.27300,0.00
1704319200,0.00,20260629,0,1237,1,0.01,1.26637000,0.00000000,143.27300,0.00
1704366900,0.00,20261001,0,1238,0,0.01,182.44400000,181.00800000,144.61200,0.00
1704405600,923.00,20261001,1,1238,1,0.01,183.36700000,181.00800000,144.61200,923.00
1704474041,-349.00,20260605,1,1233,0,0.01,1.09770000,1.09770000,144.61300,-349.00
1704714300,0.00,20261001,0,1241,1,0.01,183.13200000,184.22200000,144.21200,0.00
1704751200,-738.00,20261001,1,1241,0,0.01,183.87000000,184.22200000,144.21200,-738.00
1704883500,0.00,20261001,0,1243,0,0.01,184.29500000,183.36200000,145.73900,0.00
1704924000,1341.00,20261001,1,1243,1,0.01,185.63600000,183.36200000,145.73900,1341.00
1705311000,0.00,20261000,0,1245,0,0.01,145.46200000,144.73500000,145.66900,0.00
1705314600,0.00,20261001,0,1246,0,0.01,185.51300000,184.56800000,145.66900,0.00
1705316400,0.00,20260605,0,1247,0,0.01,1.09583000,1.09333000,145.66900,0.00
1705320000,-170.00,20260605,1,1247,1,0.01,1.09466000,1.09333000,145.66900,-170.00
1705320000,0.00,20260605,0,1249,1,0.01,1.09466000,1.09716000,145.66900,0.00
1705356000,327.00,20261000,1,1245,1,0.01,145.78900000,144.73500000,145.66900,327.00
1705356000,28.00,20261001,1,1246,1,0.01,185.54100000,184.56800000,145.66900,28.00
1705401900,0.00,20261000,0,1252,0,0.01,146.47500000,145.58300000,147.17500,0.00
1705406400,313.00,20260629,1,1237,0,0.01,1.26411000,0.00000000,147.17500,313.00
1705406400,-572.00,20260629,1,1236,1,0.01,1.08857000,0.00000000,147.17500,-572.00
1705442400,774.00,20261000,1,1252,1,0.01,147.24900000,145.58300000,147.17500,774.00
1705507200,0.00,20260774,0,1256,1,0.01,1.26504000,1.27004000,148.14200,0.00
1705521600,-418.00,20260774,1,1256,0,0.01,1.26788000,1.27004000,148.14200,-418.00
1705521600,0.00,20260774,0,1258,0,0.01,1.26788000,1.26288000,148.14200,0.00
1705608000,0.00,20260610,0,1259,0,0.01,148.22300000,147.72300000,148.13700,0.00
1705662000,0.00,20261001,0,1260,1,0.06,187.76500000,188.93000000,148.13800,0.00
1705701600,-2364.00,20261001,1,1260,0,0.06,188.15900000,188.93000000,148.13800,-2364.00
1705934643,-495.00,20260610,1,1259,1,0.01,147.72200000,147.72300000,148.07800,-495.00
1706030617,1569.00,20260605,1,1249,0,0.01,1.08416000,1.09716000,148.29400,1569.00
1706092200,0.00,20261000,0,1264,1,0.01,147.58200000,148.39100000,147.49200,0.00
1706126400,0.00,20260610,0,1265,0,0.01,147.19700000,146.69700000,147.49200,0.00
1706133600,14.00,20261000,1,1264,0,0.01,147.56800000,148.39100000,147.49200,14.00
1706267700,0.00,20261000,0,1267,0,0.01,148.04000000,147.47800000,148.11800,0.00
1706283005,-566.00,20261000,1,1267,1,0.01,147.47400000,147.47800000,148.11800,-566.00
1706495308,1109.00,20260610,1,1265,1,0.01,148.29700000,146.69700000,147.48000,1109.00
1706742000,0.00,20260605,0,1270,1,0.01,1.08064000,1.08314000,146.85800,0.00
1706778900,0.00,20261001,0,1271,1,0.01,185.86000000,186.46800000,146.40900,0.00
1706792539,-753.00,20260774,1,1258,1,0.01,1.26288000,1.26288000,146.40900,-753.00
1706798729,-609.00,20261001,1,1271,0,0.01,186.46900000,186.46800000,146.40900,-609.00
1706808580,-368.00,20260605,1,1270,0,0.01,1.08314000,1.08314000,146.40900,-368.00
1706867100,0.00,20261001,0,1275,0,0.01,186.89300000,186.26500000,148.37500,0.00
1706878800,0.00,20260605,0,1276,0,0.01,1.08848000,1.08598000,148.37500,0.00
1706887816,-371.00,20260605,1,1276,1,0.01,1.08598000,1.08598000,148.37500,-371.00
1706889600,0.00,20260605,0,1278,1,0.01,1.08070000,1.08320000,148.37500,0.00
1706889600,0.00,20260774,0,1279,1,0.01,1.26711000,1.27211000,148.37500,0.00
1706911200,569.00,20261001,1,1275,1,0.01,187.46200000,186.26500000,148.37500,569.00
1707144877,1631.00,20260774,1,1279,0,0.01,1.25610000,1.27211000,148.66400,1631.00
1707321600,0.00,20260622,0,1282,0,0.02,148.18600000,147.49300000,148.17000,0.00
1707474125,2784.00,20260622,1,1282,1,0.02,149.57200000,147.49300000,149.25500,2784.00
1707768000,0.00,20260622,0,1284,0,0.02,149.25800000,148.65500000,149.32800,0.00
1707768000,0.00,20260627,0,1285,0,0.02,188.65800000,187.90300000,149.32800,0.00
1707839263,2422.00,20260622,1,1284,1,0.02,150.46600000,148.65500000,150.77000,2422.00
1707840000,0.00,20260622,0,1287,0,0.02,150.43600000,149.78200000,150.77000,0.00
1707840040,1612.00,20260605,1,1278,0,0.01,1.07013000,1.08320000,150.77000,1612.00
1707989400,0.00,20261001,0,1289,1,0.01,188.52500000,189.22100000,149.89600,0.00
1707997500,0.00,20261000,0,1290,1,0.01,149.96200000,150.56400000,149.89600,0.00
1708011028,-1296.00,20260622,1,1287,1,0.02,149.78200000,149.78200000,149.89600,-1296.00
1708034400,3.00,20261000,1,1290,0,0.01,149.95900000,150.56400000,149.89600,3.00
1708034400,-365.00,20261001,1,1289,0,0.01,188.89000000,189.22100000,149.89600,-365.00
1708045200,0.00,20260605,0,1294,0,0.01,1.07732000,1.07482000,150.18500,0.00
1708097439,-376.00,20260605,1,1294,1,0.01,1.07481000,1.07482000,150.18500,-376.00
1708106400,0.00,20260605,0,1296,0,0.01,1.07714000,1.07464000,150.18500,0.00
1708596926,1531.00,20260605,1,1296,1,0.01,1.08764000,1.07464000,150.51400,1531.00
1708603200,0.00,20260774,0,1298,0,0.01,1.26761000,1.26261000,150.51400,0.00
1708617365,-751.00,20260774,1,1298,1,0.01,1.26260000,1.26261000,150.51400,-751.00
1708617600,0.00,20260774,0,1300,1,0.01,1.26281000,1.26781000,150.51400,0.00
1708687800,0.00,20261000,0,1301,0,0.01,150.75800000,150.37200000,150.46000,0.00
1708693888,-757.00,20260774,1,1300,0,0.01,1.26782000,1.26781000,150.46000,-757.00
1708700980,-388.00,20261000,1,1301,1,0.01,150.37000000,150.37200000,150.46000,-388.00
1708946100,0.00,20261001,0,1304,0,0.06,190.88000000,190.33100000,150.68600,0.00
1708947900,0.00,20261000,0,1305,0,0.02,150.65300000,150.29100000,150.68600,0.00
1708984800,218.00,20261000,1,1305,1,0.02,150.76200000,150.29100000,150.68600,218.00
1708984800,1494.00,20261001,1,1304,1,0.06,191.12900000,190.33100000,150.68600,1494.00
1709028900,0.00,20261000,0,1308,1,0.01,150.31800000,150.70200000,150.49500,0.00
1709030700,0.00,20261001,0,1309,1,0.01,190.61700000,191.15400000,150.49500,0.00
1709071200,-216.00,20261000,1,1308,0,0.01,150.53400000,150.70200000,150.49500,-216.00
1709071200,-260.00,20261001,1,1309,0,0.01,190.87700000,191.15400000,150.49500,-260.00
1709116200,0.00,20261000,0,1312,0,0.01,150.77700000,150.36700000,150.67900,0.00
1709157600,-80.00,20261000,1,1312,1,0.01,150.69700000,150.36700000,150.67900,-80.00
1709288100,0.00,20261000,0,1314,0,0.01,150.57700000,149.91000000,150.06700,0.00
1709330400,-466.00,20261000,1,1314,1,0.01,150.11100000,149.91000000,150.06700,-466.00
1709545500,0.00,20261001,0,1316,0,0.01,190.53200000,189.67100000,150.51300,0.00
1709582400,0.00,20260774,0,1317,0,0.01,1.26966000,1.26466000,150.51300,0.00
1709589600,526.00,20261001,1,1316,1,0.01,191.05800000,189.67100000,150.51300,526.00
1709679600,0.00,20260605,0,1319,0,0.01,1.08588000,1.08338000,150.03100,0.00
1709716500,0.00,20261000,0,1320,1,0.01,149.48000000,150.08300000,149.34500,0.00
1709762400,129.00,20261000,1,1320,0,0.01,149.35100000,150.08300000,149.34500,129.00
1709827200,0.00,20260629,0,1322,0,0.01,1.08726000,0.00000000,148.03200,0.00
1709827200,0.00,20260629,0,1323,1,0.01,1.27514000,0.00000000,148.03200,0.00
1709844496,1641.00,20260774,1,1317,1,0.01,1.28067000,1.26466000,148.03200,1641.00
1709897400,0.00,20261000,0,1325,1,0.01,147.40900000,148.12000000,147.03200,0.00
1709897400,0.00,20261001,0,1326,1,0.01,189.02400000,189.71500000,147.03200,0.00
1709899200,0.00,20260610,0,1327,1,0.01,147.13200000,147.63200000,147.03200,0.00
1709911865,1507.00,20260605,1,1319,1,0.01,1.09639000,1.08338000,147.03200,1507.00
1709935200,359.00,20261000,1,1325,0,0.01,147.05000000,148.12000000,147.03200,359.00
1709935200,-38.00,20261001,1,1326,0,0.01,189.06200000,189.71500000,147.03200,-38.00
1710257421,-567.00,20260610,1,1327,0,0.01,147.63500000,147.63200000,147.64500,-567.00
1710259200,0.00,20260610,0,1332,1,0.01,147.64900000,148.14900000,147.64500,0.00
1710324000,0.00,20261001,0,1333,0,0.06,189.02100000,188.40800000,147.74700,0.00
1710330300,0.00,20261000,0,1334,0,0.02,147.76400000,147.23100000,147.74700,0.00
1710367200,4.00,20261000,1,1334,1,0.02,147.76600000,147.23100000,147.74700,4.00
1710367200,198.00,20261001,1,1333,1,0.06,189.05400000,188.40800000,147.74700,198.00
1710412200,0.00,20261001,0,1337,0,0.01,189.37000000,188.75400000,148.30600,0.00
1710433241,-617.00,20261001,1,1337,1,0.01,188.75300000,188.75400000,148.30600,-617.00
1710434922,-564.00,20260610,1,1332,0,0.01,148.14900000,148.14900000,148.30600,-564.00
1710734400,0.00,20260610,0,1340,0,0.01,149.28100000,148.78100000,149.14200,0.00
1710745200,348.00,20260629,1,1323,0,0.01,1.27271000,0.00000000,149.14200,348.00
1710745200,111.00,20260629,1,1322,1,0.01,1.08852000,0.00000000,149.14200,111.00
1710820800,0.00,20260605,0,1343,1,0.01,1.08692000,1.08942000,150.83800,0.00
1710836682,1104.00,20260610,1,1340,1,0.01,150.38200000,148.78100000,150.83800,1104.00
1710875140,6406.00,20260627,1,1285,1,0.02,191.67900000,187.90300000,150.83800,6406.00
1710921600,0.00,20260774,0,1346,0,0.01,1.27192000,1.26692000,151.24100,0.00
1710968741,-373.00,20260605,1,1343,0,0.01,1.08942000,1.08942000,151.24100,-373.00
1711033200,0.00,20260605,0,1348,0,0.01,1.09101000,1.08851000,151.60400,0.00
1711040044,-376.00,20260605,1,1348,1,0.01,1.08851000,1.08851000,151.60400,-376.00
1711040400,0.00,20260605,0,1350,1,0.01,1.08853000,1.09103000,151.60400,0.00
1711045152,-753.00,20260774,1,1346,1,0.01,1.26692000,1.26692000,151.60400,-753.00
1711051200,0.00,20260774,0,1352,1,0.01,1.26640000,1.27140000,151.60400,0.00
1711099800,0.00,20261001,0,1353,1,0.01,191.33000000,192.23600000,151.35100,0.00
1711116000,0.00,20260629,0,1354,1,0.01,1.08162000,0.00000000,151.35100,0.00
1711116000,0.00,20260629,0,1355,0,0.01,1.25838000,0.00000000,151.35100,0.00
1711144800,620.00,20261001,1,1353,0,0.01,190.71000000,192.23600000,151.35100,620.00
1711628159,1594.00,20260605,1,1350,0,0.01,1.07803000,1.09103000,151.36600,1594.00
1711688400,600.00,20260629,1,1355,1,0.01,1.26240000,0.00000000,151.33600,600.00
1711688400,614.00,20260629,1,1354,0,0.01,1.07764000,0.00000000,151.33600,614.00
1711995689,1640.00,20260774,1,1352,0,0.01,1.25540000,1.27140000,151.63100,1640.00
1712206800,0.00,20260605,0,1361,0,0.01,1.08412000,1.08162000,151.32800,0.00
1712331029,-387.00,20260605,1,1361,1,0.01,1.08162000,1.08162000,151.59700,-387.00
1712336400,0.00,20260605,0,1363,1,0.01,1.08009000,1.08259000,151.59700,0.00
1712338919,-377.00,20260605,1,1363,0,0.01,1.08260000,1.08259000,151.59700,-377.00
1712340000,0.00,20260605,0,1365,0,0.01,1.08190000,1.07940000,151.59700,0.00
1712575800,0.00,20261000,0,1366,0,0.01,151.89900000,151.53000000,151.78100,0.00
1712613600,-129.00,20261000,1,1366,1,0.01,151.77000000,151.53000000,151.78100,-129.00
1712678400,0.00,20260774,0,1368,0,0.01,1.26972000,1.26472000,151.73500,0.00
1712763037,-763.00,20260774,1,1368,1,0.01,1.26470000,1.26472000,153.13100,-763.00
1712763201,-426.00,20260605,1,1365,1,0.01,1.07931000,1.07940000,153.13100,-426.00
1712786400,0.00,20260605,0,1371,1,0.01,1.07361000,1.07611000,153.13100,0.00
1712830500,0.00,20261001,0,1372,0,0.06,192.19200000,191.55700000,153.25700,0.00
1712835000,0.00,20261000,0,1373,0,0.02,153.21700000,152.75700000,153.25700,0.00
1712872800,52.00,20261000,1,1373,1,0.02,153.24300000,152.75700000,153.25700,52.00
1712872800,1044.00,20261001,1,1372,1,0.06,192.36600000,191.55700000,153.25700,1044.00
1712941839,1615.00,20260605,1,1371,0,0.01,1.06311000,1.07611000,153.12800,1615.00
1713260700,0.00,20261000,0,1377,0,0.01,154.56200000,154.13000000,154.68500,0.00
1713285567,-433.00,20261000,1,1377,1,0.01,154.12900000,154.13000000,154.68500,-433.00
1713441600,0.00,20260622,0,1379,0,0.02,154.35700000,153.75200000,154.63100,0.00
1713503919,-1206.00,20260622,1,1379,1,0.02,153.75100000,153.75200000,154.56700,-1206.00
1713553200,0.00,20260629,0,1381,1,0.01,1.06547000,0.00000000,154.56700,0.00
1713553200,0.00,20260629,0,1382,0,0.01,1.23974000,0.00000000,154.56700,0.00
1713988800,0.00,20260605,0,1383,0,0.01,1.06910000,1.06660000,155.33000,0.00
1714037400,0.00,20261001,0,1384,0,0.01,194.37600000,193.16500000,155.64100,0.00
1714082400,269.00,20261001,1,1384,1,0.01,194.64500000,193.16500000,155.64100,269.00
1714125600,0.00,20261001,0,1386,0,0.01,195.65200000,194.34600000,158.29100,0.00
1714129300,-1306.00,20261001,1,1386,1,0.01,194.34600000,194.34600000,158.29100,-1306.00
1714132800,0.00,20260622,0,1388,0,0.01,156.56100000,155.74200000,158.29100,0.00
1714174408,1638.00,20260622,1,1388,1,0.01,158.19900000,155.74200000,158.29100,1638.00
1714359600,1763.00,20260629,1,1382,1,0.01,1.25092000,0.00000000,156.32200,1763.00
1714359600,-814.00,20260629,1,1381,0,0.01,1.07073000,0.00000000,156.32200,-814.00
1714514400,-254.00,20260605,1,1383,1,0.01,1.06780000,1.06660000,157.78500,-254.00
1714514400,0.00,20260605,0,1393,1,0.01,1.06780000,1.07030000,157.78500,0.00
1714599280,-392.00,20260605,1,1393,0,0.01,1.07030000,1.07030000,154.58600,-392.00
1714604400,0.00,20260605,0,1395,1,0.01,1.06893000,1.07143000,154.58600,0.00
1714606056,-397.00,20260605,1,1395,0,0.01,1.07144000,1.07143000,154.58600,-397.00
1714994100,0.00,20261001,0,1397,0,0.01,193.41700000,191.60300000,153.86300,0.00
1715032800,14.00,20261001,1,1397,1,0.01,193.43100000,191.60300000,153.86300,14.00
1715673600,0.00,20260622,0,1399,0,0.02,156.41300000,155.85800000,156.40200,0.00
1715772375,-1104.00,20260622,1,1399,1,0.02,155.85800000,155.85800000,154.85800,-1104.00
1716264000,0.00,20260627,0,1401,0,0.01,198.81400000,197.95800000,156.13300,0.00
1716393600,0.00,20260622,0,1402,0,0.02,156.54900000,155.95200000,156.76500,0.00
1716894000,0.00,20260605,0,1403,0,0.01,1.08777000,1.08527000,157.15800,0.00
1716949390,-405.00,20260605,1,1403,1,0.01,1.08527000,1.08527000,157.61700,-405.00
1716951600,0.00,20260605,0,1405,1,0.01,1.08510000,1.08760000,157.61700,0.00
1717062300,0.00,20261000,0,1406,1,0.01,156.72600000,157.66500000,156.76600,0.00
1717106400,-106.00,20261000,1,1406,0,0.01,156.83200000,157.66500000,156.76600,-106.00
1717153200,0.00,20261000,0,1408,0,0.01,157.14500000,156.57100000,157.28100,0.00
1717170220,-386.00,20260605,1,1405,0,0.01,1.08760000,1.08760000,157.28100,-386.00
1717176303,-574.00,20261000,1,1408,1,0.01,156.57100000,156.57100000,157.28100,-574.00
1717178400,0.00,20260605,0,1411,0,0.01,1.08560000,1.08310000,157.28100,0.00
1717412400,-273.00,20260605,1,1411,1,0.01,1.08394000,1.08310000,156.02400,-273.00
1717412400,0.00,20260605,0,1413,1,0.01,1.08394000,1.08644000,156.02400,0.00
1717412400,0.00,20261001,0,1414,1,0.06,199.78400000,200.64800000,156.02400,0.00
1717434017,-407.00,20260605,1,1413,0,0.01,1.08654000,1.08644000,156.02400,-407.00
1717440973,-1146.00,20260622,1,1402,1,0.02,155.95200000,155.95200000,156.02400,-1146.00
1717452000,-858.00,20261001,1,1414,0,0.06,199.92700000,200.64800000,156.02400,-858.00
1717492500,0.00,20261001,0,1418,1,0.06,199.53400000,200.41500000,154.84600,0.00
1717496100,0.00,20261000,0,1419,1,0.02,155.65500000,156.48500000,154.84600,0.00
1717503639,-786.00,20260627,1,1401,1,0.01,197.95800000,197.95800000,154.84600,-786.00
1717506578,10572.00,20261001,1,1418,0,0.06,197.77200000,200.41500000,154.84600,10572.00
1717538400,1888.00,20261000,1,1419,0,0.02,154.71100000,156.48500000,154.84600,1888.00
1717668000,0.00,20261001,0,1423,0,0.06,199.73700000,198.96200000,155.58400,0.00
1717670700,0.00,20261000,0,1424,0,0.02,156.21700000,155.35800000,155.58400,0.00
1717711200,-1086.00,20261000,1,1424,1,0.02,155.67400000,155.35800000,155.58400,-1086.00
1717711200,-3378.00,20261001,1,1423,1,0.06,199.17400000,198.96200000,155.58400,-3378.00
1717751700,0.00,20261000,0,1427,1,0.01,155.31800000,155.93600000,156.70400,0.00
1717751700,0.00,20261001,0,1428,1,0.01,198.56000000,199.37000000,156.70400,0.00
1717774230,-621.00,20261000,1,1427,0,0.01,155.93900000,155.93600000,156.70400,-621.00
1717774241,-813.00,20261001,1,1428,0,0.01,199.37300000,199.37000000,156.70400,-813.00
1717776000,0.00,20260610,0,1431,0,0.01,156.78000000,156.28000000,156.70400,0.00
1717779600,0.00,20260605,0,1432,1,0.01,1.08195000,1.08445000,156.70400,0.00
1717981200,0.00,20260629,0,1433,0,0.01,1.07737000,0.00000000,156.99300,0.00
1717981200,0.00,20260629,0,1434,1,0.01,1.27170000,0.00000000,156.99300,0.00
1718190900,0.00,20261001,0,1435,0,0.01,200.65300000,199.91800000,156.69800,0.00
1718207138,-491.00,20260610,1,1431,1,0.01,156.28000000,156.28000000,156.69800,-491.00
1718213284,-382.00,20260605,1,1432,0,0.01,1.08445000,1.08445000,156.69800,-382.00
1718229600,-23.00,20261001,1,1435,1,0.01,200.63000000,199.91800000,156.69800,-23.00
1718308800,0.00,20260610,0,1439,0,0.01,156.85000000,156.35000000,156.96700,0.00
1718347110,1103.00,20260610,1,1439,1,0.01,157.95000000,156.35000000,157.30600,1103.00
1718870400,0.00,20260627,0,1441,0,0.01,201.06300000,200.26900000,158.92500,0.00
1718882100,0.00,20261000,0,1442,0,0.01,158.38700000,157.80600000,158.92500,0.00
1718899200,594.00,20260629,1,1434,0,0.01,1.26785000,0.00000000,158.92500,594.00
1718899200,-963.00,20260629,1,1433,1,0.01,1.07190000,0.00000000,158.92500,-963.00
1718913600,0.00,20260622,0,1445,0,0.02,158.86200000,158.32300000,158.92500,0.00
1718920800,411.00,20261000,1,1442,1,0.01,158.79800000,157.80600000,158.92500,411.00
1719401611,2184.00,20260622,1,1445,1,0.02,159.94200000,158.32300000,160.78500,2184.00
1719403200,0.00,20260622,0,1448,0,0.02,159.96000000,159.33500000,160.78500,0.00
1719493200,0.00,20260605,0,1449,1,0.01,1.06970000,1.07220000,160.73200,0.00
1719503646,-401.00,20260605,1,1449,0,0.01,1.07220000,1.07220000,160.73200,-401.00
1719504000,0.00,20260605,0,1451,0,0.01,1.07198000,1.06948000,160.73200,0.00
1719511200,-120.00,20260605,1,1451,1,0.01,1.07123000,1.06948000,160.73200,-120.00
1719511200,0.00,20260605,0,1453,1,0.01,1.07123000,1.07373000,160.73200,0.00
1719549026,2510.00,20260622,1,1448,1,0.02,161.20900000,159.33500000,160.82100,2510.00
1719792300,-566.00,20260605,1,1453,0,0.01,1.07478000,1.07373000,161.43100,-566.00
1719806400,0.00,20260622,0,1456,0,0.02,160.99400000,160.23500000,161.43100,0.00
1719825300,0.00,20261001,0,1457,0,0.01,204.09800000,203.07400000,161.43100,0.00
1719826324,3224.00,20260627,1,1441,1,0.01,204.23800000,200.26900000,161.43100,3224.00
1719835200,0.00,20260627,0,1459,0,0.01,204.06700000,203.20300000,161.43100,0.00
1719871200,75.00,20261001,1,1457,1,0.01,204.17300000,203.07400000,161.43100,75.00
1719936000,0.00,20260605,0,1461,0,0.01,1.07320000,1.07070000,161.40500,0.00
1719936000,0.00,20260774,0,1462,1,0.01,1.26641000,1.27141000,161.40500,0.00
1720001700,0.00,20261001,0,1463,0,0.01,205.44700000,204.56200000,161.65100,0.00
1720019922,-824.00,20260774,1,1462,0,0.01,1.27149000,1.27141000,161.65100,-824.00
1720022400,0.00,20260774,0,1465,0,0.01,1.27190000,1.26690000,161.65100,0.00
1720044000,441.00,20261001,1,1463,1,0.01,205.88800000,204.56200000,161.65100,441.00
1720193442,1648.00,20260605,1,1461,1,0.01,1.08370000,1.07070000,160.71700,1648.00
1720433700,0.00,20261001,0,1468,0,0.01,206.03900000,205.29000000,160.80000,0.00
1720435500,0.00,20261000,0,1469,0,0.02,160.92200000,160.25800000,160.80000,0.00
1720445538,1766.00,20260774,1,1465,1,0.01,1.28290000,1.26690000,160.80000,1766.00
1720476000,-272.00,20261000,1,1469,1,0.02,160.78600000,160.25800000,160.80000,-272.00
1720476000,-42.00,20261001,1,1468,1,0.01,205.99700000,205.29000000,160.80000,-42.00
1720634981,3505.00,20260627,1,1459,1,0.01,207.52300000,203.20300000,161.66700,3505.00
1720641600,0.00,20260627,0,1474,0,0.02,207.71800000,206.96900000,161.66700,0.00
1720712535,-1476.00,20260622,1,1456,1,0.02,160.23200000,160.23500000,158.76100,-1476.00
1720712550,-1494.00,20260627,1,1474,1,0.02,206.96400000,206.96900000,158.76100,-1494.00
1721211300,0.00,20261000,0,1477,1,0.01,157.57400000,158.62200000,156.15700,0.00
1721212200,0.00,20261001,0,1478,1,0.01,204.42800000,205.68400000,156.15700,0.00
1721232000,0.00,20260610,0,1479,1,0.01,156.56200000,157.06200000,156.15700,0.00
1721253600,1466.00,20261000,1,1477,0,0.01,156.10800000,158.62200000,156.15700,1466.00
1721253600,1394.00,20261001,1,1478,0,0.01,203.03400000,205.68400000,156.15700,1394.00
1721270309,1078.00,20260610,1,1479,0,0.01,155.45200000,157.06200000,157.35900,1078.00
1721388600,0.00,20261001,0,1483,1,0.06,203.18100000,204.22500000,157.38700,0.00
1721426400,-828.00,20261001,1,1483,0,0.06,203.31900000,204.22500000,157.38700,-828.00
1721639700,0.00,20261000,0,1485,1,0.01,156.67500000,157.61200000,157.00100,0.00
1721639700,0.00,20261001,0,1486,1,0.01,202.34900000,203.60800000,157.00100,0.00
1721685600,-397.00,20261000,1,1485,0,0.01,157.07200000,157.61200000,157.00100,-397.00
1721685600,-661.00,20261001,1,1486,0,0.01,203.01000000,203.60800000,157.00100,-661.00
1721732400,0.00,20261000,0,1489,1,0.01,156.03900000,157.09900000,155.54100,0.00
1721732400,0.00,20261001,0,1490,1,0.01,201.54500000,203.15400000,155.54100,0.00
1721772000,409.00,20261000,1,1489,0,0.01,155.63000000,157.09900000,155.54100,409.00
1721772000,719.00,20261001,1,1490,0,0.01,200.82600000,203.15400000,155.54100,719.00
1721790000,0.00,20260605,0,1493,1,0.01,1.08494000,1.08744000,153.84700,0.00
1721880000,0.00,20260610,0,1494,1,0.01,153.24300000,153.74300000,153.92700,0.00
1721904280,1101.00,20260610,1,1494,0,0.01,152.14200000,153.74300000,153.92700,1101.00
1721908800,0.00,20260610,0,1496,1,0.01,152.70500000,153.20500000,153.92700,0.00
1721921439,-500.00,20260610,1,1496,0,0.01,153.20500000,153.20500000,153.92700,-500.00
1721923200,0.00,20260610,0,1498,1,0.01,153.51400000,154.01400000,153.92700,0.00
1721923590,-501.00,20260610,1,1498,0,0.01,154.01500000,154.01400000,153.92700,-501.00
1721937600,0.00,20260610,0,1500,1,0.01,154.02200000,154.52200000,153.92700,0.00
1721993400,0.00,20261001,0,1501,0,0.06,198.45300000,197.17200000,153.72100,0.00
1721994300,0.00,20261000,0,1502,0,0.02,154.37000000,153.33800000,153.72100,0.00
1722001823,-532.00,20260610,1,1500,0,0.01,154.52200000,154.52200000,153.72100,-532.00
1722014368,-2068.00,20261000,1,1502,1,0.02,153.33600000,153.33800000,153.72100,-2068.00
1722014368,-7698.00,20261001,1,1501,1,0.06,197.17000000,197.17200000,153.72100,-7698.00
1722253500,0.00,20261001,0,1506,1,0.01,197.03800000,198.60800000,154.00700,0.00
1722290400,-1064.00,20261001,1,1506,0,0.01,198.10200000,198.60800000,154.00700,-1064.00
1722331800,0.00,20261001,0,1508,0,0.01,199.08400000,197.48900000,152.66700,0.00
1722332700,0.00,20261000,0,1509,0,0.01,155.14900000,153.61500000,152.66700,0.00
1722362680,-1599.00,20261001,1,1508,1,0.01,197.48500000,197.48900000,152.66700,-1599.00
1722366997,-1535.00,20261000,1,1509,1,0.01,153.61400000,153.61500000,152.66700,-1535.00
1722474000,22266.00,20260650,1,974,1,0.03,98.03900000,0.00000000,149.33700,22266.00
1722593700,0.00,20261001,0,1513,1,0.01,189.16000000,190.51000000,146.44800,0.00
1722613713,-363.00,20260605,1,1493,0,0.01,1.08744000,1.08744000,146.44800,-363.00
1722636000,1564.00,20261001,1,1513,0,0.01,187.59600000,190.51000000,146.44800,1564.00
1722859200,0.00,20260774,0,1516,1,0.01,1.27620000,1.28120000,144.16500,0.00
1723546655,-782.00,20260774,1,1516,0,0.01,1.28121000,1.28120000,146.82100,-782.00
1724169600,0.00,20260622,0,1518,1,0.01,146.16800000,147.77300000,145.24200,0.00
1724237100,0.00,20261000,0,1519,0,0.01,146.09800000,144.92600000,145.11700,0.00
1724274030,-1172.00,20261000,1,1519,1,0.01,144.92600000,144.92600000,145.11700,-1172.00
1725022800,0.00,20260605,0,1521,1,0.01,1.10826000,1.11076000,146.13500,0.00
1725275700,0.00,20261001,0,1522,0,0.01,192.64100000,191.32500000,146.87400,0.00
1725276600,0.00,20261000,0,1523,0,0.01,146.78700000,145.77000000,146.87400,0.00
1725314400,115.00,20261000,1,1523,1,0.01,146.90200000,145.77000000,146.87400,115.00
1725314400,473.00,20261001,1,1522,1,0.01,193.11400000,191.32500000,146.87400,473.00
1725356700,0.00,20261001,0,1526,1,0.01,191.45700000,193.35800000,145.46000,0.00
1725361200,0.00,20261000,0,1527,1,0.01,145.94900000,147.20900000,145.46000,0.00
1725400800,139.00,20261000,1,1527,0,0.01,145.81000000,147.20900000,145.46000,139.00
1725400800,442.00,20261001,1,1526,0,0.01,191.01500000,193.35800000,145.46000,442.00
1725546569,-348.00,20260605,1,1521,0,0.01,1.11077000,1.11076000,143.42000,-348.00
1725549629,2832.00,20260622,1,1518,0,0.01,142.95200000,147.77300000,143.42000,2832.00
1725617700,0.00,20261000,0,1532,1,0.01,142.11900000,143.48000000,142.24900,0.00
1725617700,0.00,20261001,0,1533,1,0.01,187.40800000,189.04400000,142.24900,0.00
1725636602,-1362.00,20261000,1,1532,0,0.01,143.48100000,143.48000000,142.24900,-1362.00
1725636603,-1637.00,20261001,1,1533,0,0.01,189.04500000,189.04400000,142.24900,-1637.00
1725876900,0.00,20261000,0,1536,0,0.01,143.32000000,141.91500000,143.16000,0.00
1725912000,0.00,20260622,0,1537,1,0.01,142.87800000,144.60000000,143.16000,0.00
1725919200,-512.00,20261000,1,1536,1,0.01,142.80800000,141.91500000,143.16000,-512.00
1725961500,0.00,20261001,0,1539,0,0.06,187.76300000,186.77600000,142.42700,0.00
1725983081,-5922.00,20261001,1,1539,1,0.06,186.77600000,186.77600000,142.42700,-5922.00
1726189200,0.00,20260605,0,1541,0,0.01,1.10751000,1.10501000,140.78000,0.00
1726226100,0.00,20261001,0,1542,1,0.01,184.72400000,186.20100000,140.78000,0.00
1726264800,-193.00,20261001,1,1542,0,0.01,184.91700000,186.20100000,140.78000,-193.00
1726482600,0.00,20261000,0,1544,1,0.01,139.72300000,140.89500000,140.60000,0.00
1726482600,0.00,20261001,0,1545,1,0.01,183.90500000,185.02900000,140.60000,0.00
1726492361,-1127.00,20261001,1,1545,0,0.01,185.03200000,185.02900000,140.60000,-1127.00
1726512659,-1180.00,20261000,1,1544,0,0.01,140.90300000,140.89500000,140.60000,-1180.00
1726695141,1458.00,20260605,1,1541,1,0.01,1.11811000,1.10501000,142.25900,1458.00
1726722000,0.00,20260605,0,1549,0,0.01,1.10835000,1.10585000,142.61200,0.00
1726826400,0.00,20261001,0,1550,0,0.06,190.53600000,188.69400000,143.76200,0.00
1726829100,0.00,20261000,0,1551,0,0.02,143.43800000,141.94900000,143.76200,0.00
1726869600,864.00,20261000,1,1551,1,0.02,143.87000000,141.94900000,143.76200,864.00
1726869600,6402.00,20261001,1,1550,1,0.06,191.60300000,188.69400000,143.76200,6402.00
1727086500,0.00,20261001,0,1554,1,0.06,191.09800000,192.30200000,143.58100,0.00
1727110892,-7314.00,20261001,1,1554,0,0.06,192.31700000,192.30200000,143.58100,-7314.00
1727172000,0.00,20261000,0,1556,0,0.01,144.42700000,143.37700000,143.19700,0.00
1727172000,0.00,20261001,0,1557,0,0.01,192.83500000,191.33600000,143.19700,0.00
1727172281,-2074.00,20260622,1,1537,0,0.01,144.60000000,144.60000000,143.19700,-2074.00
1727212892,-1050.00,20261000,1,1556,1,0.01,143.37700000,143.37700000,143.19700,-1050.00
1727215200,-697.00,20261001,1,1557,1,0.01,192.13800000,191.33600000,143.19700,-697.00
1727229506,1461.00,20260605,1,1549,1,0.01,1.11885000,1.10585000,144.73900,1461.00
1727258400,0.00,20261000,0,1562,0,0.01,143.68200000,142.88600000,144.73900,0.00
1727301600,996.00,20261000,1,1562,1,0.01,144.67800000,142.88600000,144.73900,996.00
1727429400,0.00,20261001,0,1564,1,0.06,192.58500000,195.96600000,142.15500,0.00
1727467200,0.00,20260605,0,1565,0,0.01,1.11521000,1.11271000,142.15500,0.00
1727474400,13626.00,20261001,1,1564,0,0.06,190.31400000,195.96600000,142.15500,13626.00
1727730700,-373.00,20260605,1,1565,1,0.01,1.11271000,1.11271000,143.60900,-373.00
1727762400,0.00,20260605,0,1568,1,0.01,1.11389000,1.11639000,143.54400,0.00
1727869500,0.00,20261001,0,1569,0,0.01,191.78000000,190.41000000,146.44500,0.00
1727892099,1522.00,20260605,1,1568,0,0.01,1.10339000,1.11639000,146.44500,1522.00
1727906400,2262.00,20261001,1,1569,1,0.01,194.04200000,190.41000000,146.44500,2262.00
1727951400,0.00,20261001,0,1572,1,0.01,192.60900000,195.17100000,146.91300,0.00
1727953200,0.00,20260629,0,1573,1,0.01,1.10328000,0.00000000,146.91300,0.00
1727953200,0.00,20260629,0,1574,0,0.01,1.31548000,0.00000000,146.91300,0.00
1727956800,-563.00,20260629,1,1574,1,0.01,1.31159000,0.00000000,146.91300,-563.00
1727956800,-77.00,20260629,1,1573,0,0.01,1.10381000,0.00000000,146.91300,-77.00
1727960400,0.00,20260629,0,1577,1,0.01,1.10356000,0.00000000,146.91300,0.00
1727960400,0.00,20260629,0,1578,0,0.01,1.31170000,0.00000000,146.91300,0.00
1727964000,9.00,20260629,1,1578,1,0.01,1.31176000,0.00000000,146.91300,9.00
1727964000,-109.00,20260629,1,1577,0,0.01,1.10431000,0.00000000,146.91300,-109.00
1727967600,0.00,20260629,0,1581,1,0.01,1.10427000,0.00000000,146.91300,0.00
1727967600,0.00,20260629,0,1582,0,0.01,1.31136000,0.00000000,146.91300,0.00
1727992800,6.00,20261001,1,1572,0,0.01,192.60300000,195.17100000,146.91300,6.00
1728475200,0.00,20260774,0,1584,1,0.01,1.30773000,1.31273000,149.28400,0.00
1728964800,-704.00,20260629,1,1582,1,0.01,1.30655000,0.00000000,149.18500,-704.00
1728964800,1977.00,20260629,1,1581,0,0.01,1.09077000,0.00000000,149.18500,1977.00
1729506600,0.00,20261000,0,1587,0,0.02,149.78500000,149.08400000,150.81700,0.00
1729548000,1978.00,20261000,1,1587,1,0.02,150.77400000,149.08400000,150.81700,1978.00
1729602065,1645.00,20260774,1,1584,0,0.01,1.29670000,1.31273000,151.03400,1645.00
1729731600,0.00,20260650,0,1590,0,0.03,101.34900000,0.00000000,151.81400,0.00
1729828800,0.00,20260622,0,1591,0,0.01,152.00700000,150.98200000,152.25200,0.00
1730201400,0.00,20261001,0,1592,0,0.06,198.99600000,198.03600000,153.34200,0.00
1730239200,3132.00,20261001,1,1592,1,0.06,199.51800000,198.03600000,153.34200,3132.00
1730300400,0.00,20260605,0,1594,0,0.01,1.08246000,1.07996000,153.39300,0.00
1730304000,-167.00,20260605,1,1594,1,0.01,1.08137000,1.07996000,153.39300,-167.00
1730304000,0.00,20260605,0,1596,1,0.01,1.08137000,1.08387000,153.39300,0.00
1730307209,-382.00,20260605,1,1596,0,0.01,1.08387000,1.08387000,153.39300,-382.00
1730367900,0.00,20261000,0,1598,1,0.01,152.63200000,153.62100000,152.01700,0.00
1730368800,0.00,20261001,0,1599,1,0.01,197.41800000,198.90500000,152.01700,0.00
1730397600,0.00,20260629,0,1600,1,0.01,1.08653000,0.00000000,152.01700,0.00
1730397600,0.00,20260629,0,1601,0,0.01,1.28912000,0.00000000,152.01700,0.00
1730401200,-548.00,20260629,1,1601,1,0.01,1.28552000,0.00000000,152.01700,-548.00
1730401200,146.00,20260629,1,1600,0,0.01,1.08557000,0.00000000,152.01700,146.00
1730404800,0.00,20260629,0,1604,1,0.01,1.08580000,0.00000000,152.01700,0.00
1730404800,0.00,20260629,0,1605,0,0.01,1.28642000,0.00000000,152.01700,0.00
1730412000,578.00,20261000,1,1598,0,0.01,152.05400000,153.62100000,152.01700,578.00
1730412000,1548.00,20261001,1,1599,0,0.01,195.87000000,198.90500000,152.01700,1548.00
1730459700,0.00,20261001,0,1608,0,0.01,196.99000000,195.76500000,152.94100,0.00
1730498400,728.00,20261001,1,1608,1,0.01,197.71800000,195.76500000,152.94100,728.00
1730869172,2075.00,20260622,1,1591,1,0.01,154.05800000,150.98200000,154.61500,2075.00
1730883600,0.00,20260605,0,1611,1,0.01,1.07252000,1.07502000,154.61500,0.00
1730884805,-391.00,20260605,1,1611,0,0.01,1.07506000,1.07502000,154.61500,-391.00
1730952000,379.00,20260629,1,1605,1,0.01,1.28891000,0.00000000,152.91300,379.00
1730952000,2172.00,20260629,1,1604,0,0.01,1.07180000,0.00000000,152.91300,2172.00
1730970900,0.00,20261000,0,1615,1,0.01,153.76900000,154.71100000,152.91300,0.00
1731013200,0.00,20260605,0,1616,1,0.01,1.07969000,1.08219000,152.91300,0.00
1731016800,683.00,20261000,1,1615,0,0.01,153.08600000,154.71100000,152.91300,683.00
1731060900,0.00,20261001,0,1618,1,0.01,197.52900000,198.92300000,152.61200,0.00
1731063600,0.00,20261000,0,1619,1,0.01,152.34900000,153.36700000,152.61200,0.00
1731093099,1607.00,20260605,1,1616,0,0.01,1.06919000,1.08219000,152.61200,1607.00
1731103200,-329.00,20261000,1,1619,0,0.01,152.67800000,153.36700000,152.61200,-329.00
1731103200,384.00,20261001,1,1618,0,0.01,197.14500000,198.92300000,152.61200,384.00
1731297600,0.00,20260622,0,1623,0,0.01,153.22500000,152.04500000,153.70400,0.00
1731321000,0.00,20261000,0,1624,0,0.01,153.83500000,152.60100000,153.70400,0.00
1731362400,-67.00,20261000,1,1624,1,0.01,153.76800000,152.60100000,153.70400,-67.00
1731531552,2367.00,20260622,1,1623,1,0.01,155.58600000,152.04500000,155.44700,2367.00
1731663000,0.00,20261000,0,1627,1,0.01,155.85200000,156.74800000,154.25000,0.00
1731702516,1792.00,20261000,1,1627,0,0.01,154.06000000,156.74800000,154.25000,1792.00
1731891600,-4297.00,20260650,1,1590,1,0.03,99.77500000,0.00000000,154.64400,-4297.00
1732013100,0.00,20261000,0,1630,1,0.01,153.56400000,154.64600000,154.63900,0.00
1732013100,0.00,20261001,0,1631,1,0.01,194.33900000,196.06200000,154.63900,0.00
1732046117,-1085.00,20261000,1,1630,0,0.01,154.64900000,154.64600000,154.63900,-1085.00
1732046189,-1723.00,20261001,1,1631,0,0.01,196.06200000,196.06200000,154.63900,-1723.00
1732046400,0.00,20260622,0,1634,0,0.01,154.72600000,153.12200000,154.63900,0.00
1732094100,0.00,20261001,0,1635,0,0.01,197.61400000,195.89600000,155.37000,0.00
1732095900,0.00,20261000,0,1636,0,0.01,155.63000000,154.52400000,155.37000,0.00
1732140000,-262.00,20261000,1,1636,1,0.01,155.36800000,154.52400000,155.37000,-262.00
1732140000,-1118.00,20261001,1,1635,1,0.01,196.49600000,195.89600000,155.37000,-1118.00
1732185900,0.00,20261001,0,1639,1,0.01,195.21000000,196.56800000,154.52000,0.00
1732187700,0.00,20261000,0,1640,1,0.01,154.18800000,155.38400000,154.52000,0.00
1732226400,-323.00,20261000,1,1640,0,0.01,154.51100000,155.38400000,154.52000,-323.00
1732226400,505.00,20261001,1,1639,0,0.01,194.70500000,196.56800000,154.52000,505.00
1732274100,0.00,20261001,0,1643,1,0.06,193.50300000,194.80400000,154.70500,0.00
1732312800,-2412.00,20261001,1,1643,0,0.06,193.90500000,194.80400000,154.70500,-2412.00
1732531500,0.00,20261000,0,1645,0,0.01,154.67800000,153.54600000,154.17200,0.00
1732572000,-542.00,20261000,1,1645,1,0.01,154.13600000,153.54600000,154.17200,-542.00
1732630745,-1591.00,20260622,1,1634,1,0.01,153.12000000,153.12200000,153.08600,-1591.00
1732700700,0.00,20261000,0,1648,1,0.01,151.83800000,153.23400000,151.06500,0.00
1732702500,0.00,20261001,0,1649,1,0.01,191.02600000,192.61400000,151.06500,0.00
1732730400,0.00,20260605,0,1650,0,0.01,1.05708000,1.05458000,151.06500,0.00
1732744800,810.00,20261000,1,1648,0,0.01,151.02800000,153.23400000,151.06500,810.00
1732744800,-368.00,20261001,1,1649,0,0.01,191.39400000,192.61400000,151.06500,-368.00
1732780897,-389.00,20260605,1,1650,1,0.01,1.05458000,1.05458000,151.52500,-389.00
1733263200,0.00,20260605,0,1654,1,0.01,1.05042000,1.05292000,149.57900,0.00
1733302265,-375.00,20260605,1,1654,0,0.01,1.05292000,1.05292000,150.54200,-375.00
1733304600,0.00,20261000,0,1656,0,0.01,150.36600000,149.52000000,150.54200,0.00
1733304600,0.00,20261001,0,1657,0,0.01,190.68800000,189.35100000,150.54200,0.00
1733349600,72.00,20261000,1,1656,1,0.01,150.43800000,149.52000000,150.54200,72.00
1733349600,374.00,20261001,1,1657,1,0.01,191.06200000,189.35100000,150.54200,374.00
1733483700,0.00,20261000,0,1660,0,0.02,150.45900000,149.76600000,149.88200,0.00
1733500674,-1386.00,20261000,1,1660,1,0.02,149.76600000,149.76600000,149.88200,-1386.00
1733739300,0.00,20261000,0,1662,0,0.01,150.36300000,149.69000000,151.14300,0.00
1733781600,876.00,20261000,1,1662,1,0.01,151.23900000,149.69000000,151.14300,876.00
1733825700,0.00,20261000,0,1664,0,0.01,151.74600000,150.89300000,151.92000,0.00
1733828400,0.00,20260605,0,1665,1,0.01,1.05376000,1.05626000,151.92000,0.00
1733868000,182.00,20261000,1,1664,1,0.01,151.92800000,150.89300000,151.92000,182.00
1733916600,0.00,20261000,0,1667,0,0.02,152.39700000,151.41300000,152.43500,0.00
1733954400,488.00,20261000,1,1667,1,0.02,152.64100000,151.41300000,152.43500,488.00
1734076800,0.00,20260610,0,1669,0,0.01,152.89300000,152.39300000,153.68800,0.00
1734090300,0.00,20261000,0,1670,0,0.01,153.38700000,152.44800000,153.68800,0.00
1734127200,293.00,20261000,1,1670,1,0.01,153.68000000,152.44800000,153.68800,293.00
1734359556,1104.00,20260610,1,1669,1,0.01,153.99400000,152.39300000,154.08300,1104.00
1734404400,149.00,20260605,1,1665,0,0.01,1.05289000,1.05626000,153.35400,149.00
1734404400,0.00,20260605,0,1674,0,0.01,1.05289000,1.05039000,153.35400,0.00
1734408000,-119.00,20260605,1,1674,1,0.01,1.05212000,1.05039000,153.35400,-119.00
1734408000,0.00,20260605,0,1676,1,0.01,1.05212000,1.05462000,153.35400,0.00
1734556172,1625.00,20260605,1,1676,0,0.01,1.04159000,1.05462000,154.63200,1625.00
1735228800,0.00,20260622,0,1678,0,0.02,157.83500000,157.22500000,157.95700,0.00
1735577116,-1202.00,20260622,1,1678,1,0.02,157.22500000,157.22500000,156.81700,-1202.00
1735811100,0.00,20261000,0,1680,1,0.01,156.49300000,157.77800000,157.46700,0.00
1735811100,0.00,20261001,0,1681,1,0.01,196.08400000,197.50900000,157.46700,0.00
1735845868,-1285.00,20261000,1,1680,0,0.01,157.77800000,157.77800000,157.46700,-1285.00
1735855200,1122.00,20261001,1,1681,0,0.01,194.96200000,197.50900000,157.46700,1122.00
1736158500,0.00,20261001,0,1684,0,0.01,196.55400000,195.09000000,157.51700,0.00
1736200800,568.00,20261001,1,1684,1,0.01,197.12200000,195.09000000,157.51700,568.00
1736272800,0.00,20260605,0,1686,1,0.01,1.03727000,1.03977000,158.04200,0.00
1736348400,0.00,20260629,0,1687,1,0.01,1.02825000,0.00000000,158.33400,0.00
1736348400,0.00,20260629,0,1688,0,0.01,1.23370000,0.00000000,158.33400,0.00
1736415000,0.00,20261001,0,1689,1,0.01,194.20700000,195.80300000,158.04800,0.00
1736460000,-412.00,20261001,1,1689,0,0.01,194.61900000,195.80300000,158.04800,-412.00
1736507700,0.00,20261000,0,1691,1,0.02,157.64500000,158.42400000,157.62600,0.00
1736523026,1670.00,20260605,1,1686,0,0.01,1.02677000,1.03977000,157.62600,1670.00
1736523031,-1558.00,20261000,1,1691,0,0.02,158.42400000,158.42400000,157.62600,-1558.00
1736932500,0.00,20261001,0,1694,1,0.01,191.55400000,192.99100000,156.45600,0.00
1736935200,0.00,20260605,0,1695,0,0.01,1.03062000,1.02812000,156.45600,0.00
1736935200,0.00,20261000,0,1696,1,0.01,156.88300000,158.08000000,156.45600,0.00
1736938800,-154.00,20260605,1,1695,1,0.01,1.02964000,1.02812000,156.45600,-154.00
1736938800,0.00,20260605,0,1698,1,0.01,1.02964000,1.03214000,156.45600,0.00
1736955015,-392.00,20260605,1,1698,0,0.01,1.03214000,1.03214000,156.45600,-392.00
1736967600,0.00,20260605,0,1700,1,0.01,1.02810000,1.03060000,156.45600,0.00
1736978400,416.00,20261000,1,1696,0,0.01,156.46700000,158.08000000,156.45600,416.00
1736978400,188.00,20261001,1,1694,0,0.01,191.36600000,192.99100000,156.45600,188.00
1737048882,-388.00,20260605,1,1700,0,0.01,1.03060000,1.03060000,155.09100,-388.00
1737064800,0.00,20260605,0,1704,0,0.01,1.03021000,1.02771000,155.09100,0.00
1737130436,-403.00,20260605,1,1704,1,0.01,1.02771000,1.02771000,156.26100,-403.00
1737684000,245.00,20260629,1,1688,1,0.01,1.23534000,0.00000000,155.90800,245.00
1737684000,-2053.00,20260629,1,1687,0,0.01,1.04160000,0.00000000,155.90800,-2053.00
1737974700,0.00,20261001,0,1708,1,0.06,193.19900000,194.64900000,154.49700,0.00
1737975600,0.00,20261000,0,1709,1,0.02,155.13100000,156.24800000,154.49700,0.00
1738015200,1162.00,20261000,1,1709,0,0.02,154.55000000,156.24800000,154.49700,1162.00
1738015200,1026.00,20261001,1,1708,0,0.06,193.02800000,194.64900000,154.49700,1026.00
1738324800,0.00,20260605,0,1712,1,0.01,1.03833000,1.04083000,155.04500,0.00
1738350556,-405.00,20260605,1,1712,0,0.01,1.04095000,1.04083000,155.04500,-405.00
1738357200,0.00,20260605,0,1714,1,0.01,1.03696000,1.03946000,155.04500,0.00
1738541100,1944.00,20260605,1,1714,0,0.01,1.02440000,1.03946000,154.73700,1944.00
1738742400,0.00,20260610,0,1716,1,0.01,153.42200000,153.92200000,152.58600,0.00
1738754100,0.00,20261000,0,1717,1,0.01,152.93400000,154.46000000,152.58600,0.00
1738771200,0.00,20260605,0,1718,0,0.01,1.04082000,1.03832000,152.58600,0.00
1738774958,1100.00,20260610,1,1716,0,0.01,152.32200000,153.92200000,152.58600,1100.00
1738785600,0.00,20260610,0,1720,1,0.01,152.28900000,152.78900000,152.58600,0.00
1738792800,407.00,20261000,1,1717,0,0.01,152.52700000,154.46000000,152.58600,407.00
1738834417,-392.00,20260605,1,1718,1,0.01,1.03832000,1.03832000,151.34000,-392.00
1738840590,-532.00,20260610,1,1720,0,0.01,152.78900000,152.78900000,151.34000,-532.00
1738843200,0.00,20260610,0,1724,1,0.01,152.65900000,153.15900000,151.34000,0.00
1738873655,1100.00,20260610,1,1724,0,0.01,151.55900000,153.15900000,151.34000,1100.00
1738922400,0.00,20261001,0,1726,0,0.01,188.89100000,187.64100000,151.31000,0.00
1738952142,-1263.00,20261001,1,1726,1,0.01,187.62800000,187.64100000,151.31000,-1263.00
1739182500,0.00,20261001,0,1728,0,0.01,188.86200000,187.08700000,151.98400,0.00
1739183400,0.00,20261000,0,1729,0,0.01,152.37200000,151.18200000,151.98400,0.00
1739224800,-395.00,20261000,1,1729,1,0.01,151.97700000,151.18200000,151.98400,-395.00
1739224800,-923.00,20261001,1,1728,1,0.01,187.93900000,187.08700000,151.98400,-923.00
1739390400,0.00,20260605,0,1732,0,0.01,1.04265000,1.04015000,154.40700,0.00
1739392529,-380.00,20260605,1,1732,1,0.01,1.04015000,1.04015000,154.40700,-380.00
1739894400,0.00,20260622,0,1734,1,0.01,151.69200000,152.51300000,152.04800,0.00
1739965500,0.00,20261001,0,1735,1,0.01,191.11300000,192.13200000,151.46200,0.00
1740002400,428.00,20261001,1,1735,0,0.01,190.68500000,192.13200000,151.46200,428.00
1740041165,1579.00,20260622,1,1734,0,0.01,150.04900000,152.51300000,149.62600,1579.00
1740476700,0.00,20261001,0,1738,1,0.06,188.60100000,189.66500000,149.00800,0.00
1740477600,0.00,20261000,0,1739,1,0.02,149.28000000,150.30100000,149.00800,0.00
1740497557,-6384.00,20261001,1,1738,0,0.06,189.66500000,189.66500000,149.00800,-6384.00
1740520800,400.00,20261000,1,1739,0,0.02,149.08000000,150.30100000,149.00800,400.00
1740632400,0.00,20260605,0,1742,1,0.01,1.04710000,1.04960000,149.79700,0.00
1740653100,0.00,20261000,0,1743,0,0.01,149.63200000,148.74300000,149.79700,0.00
1740693600,231.00,20261000,1,1743,1,0.01,149.86300000,148.74300000,149.79700,231.00
1740735900,0.00,20261000,0,1745,0,0.01,150.34600000,149.09600000,150.56500,0.00
1740736800,0.00,20261001,0,1746,0,0.06,189.37500000,187.67400000,150.56500,0.00
1740774123,1582.00,20260605,1,1742,0,0.01,1.03660000,1.04960000,150.56500,1582.00
1740780000,196.00,20261000,1,1745,1,0.01,150.54200000,149.09600000,150.56500,196.00
1740780000,-732.00,20261001,1,1746,1,0.06,189.25300000,187.67400000,150.56500,-732.00
1740997800,0.00,20261000,0,1750,1,0.01,150.05200000,151.02100000,149.49100,0.00
1740997800,0.00,20261001,0,1751,1,0.06,188.88700000,190.31000000,149.49100,0.00
1741004859,-8544.00,20261001,1,1751,0,0.06,190.31100000,190.31000000,149.49100,-8544.00
1741009947,-970.00,20261000,1,1750,0,0.01,151.02200000,151.02100000,149.49100,-970.00
1741024800,0.00,20260605,0,1754,0,0.01,1.04849000,1.04599000,149.49100,0.00
1741121849,1575.00,20260605,1,1754,1,0.01,1.05899000,1.04599000,149.71200,1575.00
1741171500,0.00,20261000,0,1756,1,0.02,149.30300000,150.18300000,148.86300,0.00
1741212000,1028.00,20261000,1,1756,0,0.02,148.78900000,150.18300000,148.86300,1028.00
1741252500,0.00,20261000,0,1758,1,0.01,148.52300000,149.33300000,147.96600,0.00
1741253400,0.00,20261001,0,1759,1,0.01,191.55100000,192.54200000,147.96600,0.00
1741298400,829.00,20261000,1,1758,0,0.01,147.69400000,149.33300000,147.96600,829.00
1741298400,1112.00,20261001,1,1759,0,0.01,190.43900000,192.54200000,147.96600,1112.00
1741665600,0.00,20260622,0,1762,1,0.01,146.74300000,148.03500000,147.76300,0.00
1741691700,0.00,20261001,0,1763,0,0.06,190.08200000,188.79100000,147.76300,0.00
1741709159,-1301.00,20260622,1,1762,0,0.01,148.04400000,148.03500000,147.76300,-1301.00
1741730400,9036.00,20261001,1,1763,1,0.06,191.58800000,188.79100000,147.76300,9036.00
1741777200,0.00,20261000,0,1766,0,0.01,148.59700000,147.54900000,148.23700,0.00
1741816800,-252.00,20261000,1,1766,1,0.01,148.34500000,147.54900000,148.23700,-252.00
1741852800,0.00,20260622,0,1768,1,0.01,147.84900000,149.18100000,147.80200,0.00
1741859100,0.00,20261001,0,1769,1,0.01,191.21600000,192.34100000,147.80200,0.00
1741903200,-149.00,20261001,1,1769,0,0.01,191.36500000,192.34100000,147.80200,-149.00
1741948200,0.00,20261000,0,1771,0,0.01,148.91100000,147.67500000,148.61300,0.00
1741948200,0.00,20261001,0,1772,0,0.01,192.55500000,191.15200000,148.61300,0.00
1741989600,-375.00,20261000,1,1771,1,0.01,148.53600000,147.67500000,148.61300,-375.00
1741989600,-470.00,20261001,1,1772,1,0.01,192.08500000,191.15200000,148.61300,-470.00
1742248263,-1396.00,20260622,1,1768,0,0.01,149.18100000,149.18100000,149.19300,-1396.00
1742377500,0.00,20261000,0,1776,0,0.01,149.95700000,149.17600000,148.67300,0.00
1742380887,-781.00,20261000,1,1776,1,0.01,149.17600000,149.17600000,148.67300,-781.00
1742497200,0.00,20260605,0,1778,1,0.01,1.08471000,1.08721000,148.76900,0.00
1742811300,0.00,20261001,0,1779,0,0.01,193.94200000,192.49900000,150.68400,0.00
1742853600,645.00,20261001,1,1779,1,0.01,194.58700000,192.49900000,150.68400,645.00
1742987700,0.00,20261001,0,1781,1,0.06,193.79900000,194.78500000,150.55800,0.00
1743026400,-390.00,20261001,1,1781,0,0.06,193.86400000,194.78500000,150.55800,-390.00
1743035099,1581.00,20260605,1,1778,0,0.01,1.07421000,1.08721000,151.03600,1581.00
1743156900,0.00,20261000,0,1784,1,0.01,150.55900000,151.21100000,149.81400,0.00
1743199200,593.00,20261000,1,1784,0,0.01,149.96600000,151.21100000,149.81400,593.00
1743631200,0.00,20260605,0,1786,0,0.01,1.08546000,1.08296000,149.22700,0.00
1743636458,-375.00,20260605,1,1786,1,0.01,1.08296000,1.08296000,149.22700,-375.00
1743763500,0.00,20261001,0,1788,1,0.01,190.19800000,191.75300000,146.85100,0.00
1743778800,0.00,20260629,0,1789,1,0.01,1.10609000,0.00000000,146.85100,0.00
1743778800,0.00,20260629,0,1790,0,0.01,1.30217000,0.00000000,146.85100,0.00
1743804000,967.00,20261001,1,1788,0,0.01,189.23100000,191.75300000,146.85100,967.00
1744107300,0.00,20261000,0,1792,1,0.01,147.06300000,148.12000000,146.26000,0.00
1744109100,0.00,20261001,0,1793,1,0.06,187.62700000,188.94400000,146.26000,0.00
1744149600,674.00,20261000,1,1792,0,0.01,146.38900000,148.12000000,146.26000,674.00
1744149600,2418.00,20261001,1,1793,0,0.06,187.22400000,188.94400000,146.26000,2418.00
1744371900,0.00,20261000,0,1796,1,0.01,142.35000000,144.58500000,143.40300,0.00
1744408800,-1462.00,20261000,1,1796,0,0.01,143.81200000,144.58500000,143.40300,-1462.00
1744750800,2805.00,20260629,1,1790,1,0.01,1.32172000,0.00000000,143.10900,2805.00
1744750800,-3026.00,20260629,1,1789,0,0.01,1.12728000,0.00000000,143.10900,-3026.00
1744885800,0.00,20261001,0,1800,0,0.01,188.94500000,187.44700000,142.33800,0.00
1744927200,22.00,20261001,1,1800,1,0.01,188.96700000,187.44700000,142.33800,22.00
1745006400,0.00,20260622,0,1802,1,0.01,142.19400000,143.16700000,142.13900,0.00
1745301811,1882.00,20260622,1,1802,0,0.01,140.24800000,143.16700000,141.54700,1882.00
1745460000,0.00,20260605,0,1804,1,0.01,1.13322000,1.13572000,142.58500,0.00
1745470117,-352.00,20260605,1,1804,0,0.01,1.13573000,1.13572000,142.58500,-352.00
1745870400,0.00,20260605,0,1806,0,0.01,1.14118000,1.13868000,141.99100,0.00
1745899200,-185.00,20260605,1,1806,1,0.01,1.13994000,1.13868000,142.27000,-185.00
1745899200,0.00,20260605,0,1808,1,0.01,1.13994000,1.14244000,142.27000,0.00
1746087816,1479.00,20260605,1,1808,0,0.01,1.12944000,1.14244000,145.35600,1479.00
1746091800,0.00,20261001,0,1810,0,0.01,191.75000000,190.33600000,145.35600,0.00
1746093600,0.00,20261000,0,1811,0,0.01,144.58800000,142.87400000,145.35600,0.00
1746136800,1091.00,20261000,1,1811,1,0.01,145.67900000,142.87400000,145.35600,1091.00
1746136800,1674.00,20261001,1,1810,1,0.01,193.42400000,190.33600000,145.35600,1674.00
1746444600,0.00,20261001,0,1814,1,0.01,191.44900000,192.28600000,143.67500,0.00
1746482400,198.00,20261001,1,1814,0,0.01,191.25100000,192.28600000,143.67500,198.00
1746528300,0.00,20261000,0,1816,1,0.02,143.22200000,144.27400000,142.37600,0.00
1746547200,0.00,20260605,0,1817,1,0.01,1.13401000,1.13651000,142.37600,0.00
1746550800,-191.00,20260605,1,1817,0,0.01,1.13535000,1.13651000,142.37600,-191.00
1746550800,0.00,20260605,0,1819,0,0.01,1.13535000,1.13285000,142.37600,0.00
1746568800,1544.00,20261000,1,1816,0,0.02,142.45000000,144.27400000,142.37600,1544.00
1746581125,-367.00,20260605,1,1819,1,0.01,1.13285000,1.13285000,143.80000,-367.00
1746616500,0.00,20261001,0,1822,0,0.01,191.37400000,190.30800000,143.80000,0.00
1746655200,-182.00,20261001,1,1822,1,0.01,191.19200000,190.30800000,143.80000,-182.00
1746696600,0.00,20261000,0,1824,0,0.01,144.24600000,143.44600000,145.90300,0.00
1746702900,0.00,20261001,0,1825,0,0.01,191.95300000,190.90800000,145.90300,0.00
1746735878,1600.00,20261000,1,1824,1,0.01,145.84600000,143.44600000,145.90300,1600.00
1746741600,1349.00,20261001,1,1825,1,0.01,193.30200000,190.90800000,145.90300,1349.00
1746785700,0.00,20261000,0,1828,1,0.01,145.18900000,146.18600000,145.26300,0.00
1746828000,-78.00,20261000,1,1828,0,0.01,145.26700000,146.18600000,145.26300,-78.00
1747044900,0.00,20261000,0,1830,0,0.02,146.95000000,145.69900000,148.44300,0.00
1747087200,2772.00,20261000,1,1830,1,0.02,148.33600000,145.69900000,148.44300,2772.00
1747221300,0.00,20261000,0,1832,1,0.01,146.57200000,147.66900000,146.74500,0.00
1747260000,-156.00,20261000,1,1832,0,0.01,146.72800000,147.66900000,146.74500,-156.00
1747302300,0.00,20261000,0,1834,1,0.01,145.67200000,146.75200000,145.64900,0.00
1747346400,-20.00,20261000,1,1834,0,0.01,145.69200000,146.75200000,145.64900,-20.00
1747651500,0.00,20261001,0,1836,0,0.01,193.51400000,192.55600000,144.84000,0.00
1747692000,102.00,20261001,1,1836,1,0.01,193.61600000,192.55600000,144.84000,102.00
1747738800,0.00,20261000,0,1838,1,0.01,144.12600000,145.50900000,144.48900,0.00
1747778400,-427.00,20261000,1,1838,0,0.01,144.55300000,145.50900000,144.48900,-427.00
1747803600,0.00,20260605,0,1840,0,0.01,1.12987000,1.12737000,143.66000,0.00
1747910700,0.00,20261001,0,1841,1,0.01,192.05100000,193.57300000,143.99600,0.00
1747912500,0.00,20261000,0,1842,1,0.01,142.86500000,144.39100000,143.99600,0.00
1747937234,-371.00,20260605,1,1840,1,0.01,1.12737000,1.12737000,143.99600,-371.00
1747949556,-1523.00,20261001,1,1841,0,0.01,193.57400000,193.57300000,143.99600,-1523.00
1747951200,-1288.00,20261000,1,1842,0,0.01,144.15300000,144.39100000,143.99600,-1288.00
1748016000,0.00,20260629,0,1846,0,0.01,1.13337000,0.00000000,142.54400,0.00
1748016000,0.00,20260629,0,1847,1,0.01,1.35176000,0.00000000,142.54400,0.00
1748251800,0.00,20261001,0,1848,0,0.01,194.04100000,192.57000000,142.82300,0.00
1748296800,-433.00,20261001,1,1848,1,0.01,193.60800000,192.57000000,142.82300,-433.00
1748340900,0.00,20261001,0,1850,0,0.01,194.36900000,193.05700000,144.31600,0.00
1748342700,0.00,20261000,0,1851,0,0.01,143.69500000,142.10700000,144.31600,0.00
1748383200,559.00,20261000,1,1851,1,0.01,144.25400000,142.10700000,144.31600,559.00
1748383200,549.00,20261001,1,1850,1,0.01,194.91800000,193.05700000,144.31600,549.00
1748505600,0.00,20260610,0,1854,0,0.01,145.74500000,145.24500000,144.17800,0.00
1748515886,-500.00,20260610,1,1854,1,0.01,145.24500000,145.24500000,144.17800,-500.00
1748577600,0.00,20260610,0,1856,1,0.01,143.76800000,144.26800000,143.95000,0.00
1748626994,-500.00,20260610,1,1856,0,0.01,144.26800000,144.26800000,143.95000,-500.00
1748635200,805.00,20260629,1,1847,0,0.01,1.34611000,0.00000000,143.95000,805.00
1748635200,184.00,20260629,1,1846,1,0.01,1.13503000,0.00000000,143.95000,184.00
1748857500,0.00,20261000,0,1860,1,0.01,143.14800000,143.97500000,142.65100,0.00
1748901600,331.00,20261000,1,1860,0,0.01,142.81700000,143.97500000,142.65100,331.00
1748950200,0.00,20261001,0,1862,1,0.06,192.85400000,193.81100000,143.88500,0.00
1748968217,-5742.00,20261001,1,1862,0,0.06,193.81100000,193.81100000,143.88500,-5742.00
1749116700,0.00,20261001,0,1864,0,0.01,194.03900000,193.25100000,143.41900,0.00
1749121200,0.00,20261000,0,1865,0,0.01,143.34700000,142.52500000,143.41900,0.00
1749160800,281.00,20261000,1,1865,1,0.01,143.62800000,142.52500000,143.41900,281.00
1749160800,1008.00,20261001,1,1864,1,0.01,195.04700000,193.25100000,143.41900,1008.00
1749465900,0.00,20261000,0,1868,1,0.01,144.14700000,144.94500000,144.51400,0.00
1749506400,-410.00,20261000,1,1868,0,0.01,144.55700000,144.94500000,144.51400,-410.00
1749546900,0.00,20261001,0,1870,1,0.06,195.45300000,196.44700000,144.84400,0.00
1749592800,-978.00,20261001,1,1870,0,0.06,195.61600000,196.44700000,144.84400,-978.00
1750305600,0.00,20260610,0,1872,0,0.01,144.88400000,144.38400000,145.40800,0.00
1750329000,0.00,20261001,0,1873,0,0.06,194.94900000,194.00900000,145.40800,0.00
1750370400,5088.00,20261001,1,1873,1,0.06,195.79700000,194.00900000,145.40800,5088.00
1750456102,1104.00,20260610,1,1872,1,0.01,145.98500000,144.38400000,146.01100,1104.00
1750677300,0.00,20261000,0,1876,0,0.01,147.49500000,146.14200000,146.07700,0.00
1750712621,-1354.00,20261000,1,1876,1,0.01,146.14100000,146.14200000,146.07700,-1354.00
1750757400,0.00,20261000,0,1878,1,0.01,145.10900000,146.16100000,144.89700,0.00
1750802400,420.00,20261000,1,1878,0,0.01,144.68900000,146.16100000,144.89700,420.00
1750843800,0.00,20261001,0,1880,0,0.01,197.82900000,196.99600000,145.17200,0.00
1750845600,0.00,20261000,0,1881,0,0.01,145.30400000,144.60500000,145.17200,0.00
1750888800,-154.00,20261000,1,1881,1,0.01,145.15000000,144.60500000,145.17200,-154.00
1750888800,486.00,20261001,1,1880,1,0.01,198.31500000,196.99600000,145.17200,486.00
1750931100,0.00,20261000,0,1884,1,0.01,144.34800000,145.25300000,144.36500,0.00
1750953600,0.00,20260610,0,1885,1,0.01,144.30500000,144.80500000,144.36500,0.00
1750975200,143.00,20261000,1,1884,0,0.01,144.20500000,145.25300000,144.36500,143.00
1750995099,-534.00,20260610,1,1885,0,0.01,144.80700000,144.80500000,144.63500,-534.00
1751278500,0.00,20261001,0,1888,1,0.01,197.30500000,198.44800000,143.96200,0.00
1751320800,-518.00,20261001,1,1888,0,0.01,197.82300000,198.44800000,143.96200,-518.00
1751366700,0.00,20261000,0,1890,1,0.01,143.23700000,144.04200000,143.36600,0.00
1751366700,0.00,20261001,0,1891,1,0.01,197.01800000,197.78100000,143.36600,0.00
1751407200,-488.00,20261000,1,1890,0,0.01,143.72500000,144.04200000,143.36600,-488.00
1751407200,-425.00,20261001,1,1891,0,0.01,197.44300000,197.78100000,143.36600,-425.00
1751537700,0.00,20261001,0,1894,0,0.01,196.45600000,195.58300000,144.91000,0.00
1751580000,1483.00,20261001,1,1894,1,0.01,197.93900000,195.58300000,144.91000,1483.00
1751886000,0.00,20261000,0,1896,0,0.01,145.20000000,144.22300000,146.04300,0.00
1751889600,0.00,20260610,0,1897,0,0.01,145.33900000,144.83900000,146.04300,0.00
1751925600,971.00,20261000,1,1896,1,0.01,146.17100000,144.22300000,146.04300,971.00
1751948197,1103.00,20260610,1,1897,1,0.01,146.43900000,144.83900000,146.54500,1103.00
1752033600,0.00,20260605,0,1900,1,0.01,1.17244000,1.17494000,146.30700,0.00
1752118955,-363.00,20260605,1,1900,0,0.01,1.17494000,1.17494000,146.24000,-363.00
1752120000,0.00,20260605,0,1902,1,0.01,1.17435000,1.17685000,146.24000,0.00
1752454800,0.00,20260650,0,1903,0,0.03,96.61800000,0.00000000,147.68900,0.00
1752486300,0.00,20261001,0,1904,1,0.06,198.11900000,198.98400000,147.68900,0.00
1752530400,-1854.00,20261001,1,1904,0,0.06,198.42800000,198.98400000,147.68900,-1854.00
1752598842,1548.00,20260605,1,1902,0,0.01,1.16384000,1.17685000,148.82100,1548.00
1752752700,0.00,20261001,0,1907,0,0.01,199.27100000,198.13800000,148.50900,0.00
1752789600,160.00,20261001,1,1907,1,0.01,199.43100000,198.13800000,148.50900,160.00
1752834600,0.00,20261001,0,1909,0,0.01,199.85800000,199.10100000,148.75100,0.00
1752876000,-265.00,20261001,1,1909,1,0.01,199.59300000,199.10100000,148.75100,-265.00
1753177500,0.00,20261001,0,1911,0,0.01,199.22500000,198.42300000,146.60300,0.00
1753195237,-802.00,20261001,1,1911,1,0.01,198.42300000,198.42300000,146.60300,-802.00
1753207200,0.00,20260605,0,1913,0,0.01,1.17223000,1.16973000,146.60300,0.00
1753329600,0.00,20260774,0,1914,0,0.01,1.35744000,1.35244000,146.98200,0.00
1753358400,-453.00,20260774,1,1914,1,0.01,1.35435000,1.35244000,146.98200,-453.00
1753358400,0.00,20260774,0,1916,1,0.01,1.35435000,1.35935000,146.98200,0.00
1753442100,0.00,20261000,0,1917,0,0.02,147.75300000,146.80900000,147.59500,0.00
1753457978,1626.00,20260774,1,1916,0,0.01,1.34334000,1.35935000,147.59500,1626.00
1753480800,-384.00,20261000,1,1917,1,0.02,147.56100000,146.80900000,147.59500,-384.00
1753698747,-413.00,20260605,1,1913,1,0.01,1.16973000,1.16973000,148.43000,-413.00
1753700400,0.00,20261000,0,1921,0,0.01,148.29300000,147.51700000,148.43000,0.00
1753702200,0.00,20261001,0,1922,0,0.01,198.91600000,198.24400000,148.43000,0.00
1753740000,259.00,20261000,1,1921,1,0.01,148.55200000,147.51700000,148.43000,259.00
1753740000,-548.00,20261001,1,1922,1,0.01,198.36800000,198.24400000,148.43000,-548.00
1753761600,0.00,20260605,0,1925,1,0.01,1.15847000,1.16097000,148.37800,0.00
1753890870,1563.00,20260605,1,1925,0,0.01,1.14797000,1.16097000,149.48800,1563.00
1753958700,0.00,20261000,0,1927,0,0.02,149.65600000,148.58700000,150.70400,0.00
1753958700,0.00,20261001,0,1928,0,0.06,198.26700000,196.96100000,150.70400,0.00
1753999200,2204.00,20261000,1,1927,1,0.02,150.75800000,148.58700000,150.70400,2204.00
1753999200,6066.00,20261001,1,1928,1,0.06,199.27800000,196.96100000,150.70400,6066.00
1754046900,0.00,20261001,0,1931,1,0.01,198.44200000,199.30100000,147.30600,0.00
1754066901,1718.00,20261001,1,1931,0,0.01,196.72400000,199.30100000,147.30600,1718.00
1754307000,0.00,20261001,0,1933,0,0.01,196.51900000,195.27400000,147.06600,0.00
1754339499,-1245.00,20261001,1,1933,1,0.01,195.27400000,195.27400000,147.06600,-1245.00
1754392500,0.00,20261000,0,1935,0,0.01,147.44800000,146.61700000,147.59400,0.00
1754431200,158.00,20261000,1,1935,1,0.01,147.60600000,146.61700000,147.59400,158.00
1754559900,0.00,20261000,0,1937,1,0.01,146.97600000,147.70900000,147.11100,0.00
1754560800,0.00,20261001,0,1938,1,0.06,196.40900000,197.18300000,147.11100,0.00
1754575219,-4644.00,20261001,1,1938,0,0.06,197.18300000,197.18300000,147.11100,-4644.00
1754604000,-593.00,20261000,1,1937,0,0.01,147.56900000,147.70900000,147.11100,-593.00
1754625600,0.00,20260605,0,1941,0,0.01,1.16730000,1.16480000,147.65300,0.00
1754641112,-370.00,20260605,1,1941,1,0.01,1.16479000,1.16480000,147.65300,-370.00
1754649900,0.00,20261001,0,1943,0,0.01,198.13400000,197.38500000,147.65300,0.00
1754690400,512.00,20261001,1,1943,1,0.01,198.64600000,197.38500000,147.65300,512.00
1754996400,0.00,20261001,0,1945,0,0.01,199.54900000,198.72600000,147.80100,0.00
1755036000,-178.00,20261001,1,1945,1,0.01,199.37100000,198.72600000,147.80100,-178.00
1755080100,0.00,20261000,0,1947,1,0.02,147.55000000,148.16600000,147.35600,0.00
1755122400,222.00,20261000,1,1947,0,0.02,147.43900000,148.16600000,147.35600,222.00
1755258300,0.00,20261001,0,1949,1,0.01,199.05800000,200.00600000,147.09300,0.00
1755295200,-474.00,20261001,1,1949,0,0.01,199.53200000,200.00600000,147.09300,-474.00
1755619200,0.00,20260605,0,1951,0,0.01,1.16757000,1.16507000,147.65700,0.00
1755630000,-255.00,20260605,1,1951,1,0.01,1.16584000,1.16507000,147.65700,-255.00
1755630000,0.00,20260605,0,1953,1,0.01,1.16584000,1.16834000,147.65700,0.00
1755682200,0.00,20261000,0,1954,1,0.01,147.23500000,147.81400000,147.31800,0.00
1755727200,-37.00,20261000,1,1954,0,0.01,147.27200000,147.81400000,147.31800,-37.00
1755882663,-359.00,20260605,1,1953,0,0.01,1.16834000,1.16834000,146.88300,-359.00
1755885600,0.00,20260605,0,1957,0,0.01,1.17185000,1.16935000,146.88300,0.00
1756097232,-381.00,20260605,1,1957,1,0.01,1.16934000,1.16935000,147.76400,-381.00
1756152000,0.00,20260605,0,1959,1,0.01,1.16548000,1.16798000,147.76400,0.00
1756395658,-359.00,20260605,1,1959,0,0.01,1.16798000,1.16798000,146.90900,-359.00
1756411200,0.00,20260610,0,1961,1,0.01,146.84500000,147.34500000,146.90900,0.00
1756436400,0.00,20260605,0,1962,0,0.01,1.16789000,1.16539000,146.94300,0.00
1756454400,0.00,20260774,0,1963,0,0.01,1.35034000,1.34534000,146.94300,0.00
1756476384,-736.00,20260774,1,1963,1,0.01,1.34534000,1.34534000,146.94300,-736.00
1756480286,-370.00,20260605,1,1962,1,0.01,1.16538000,1.16539000,146.94300,-370.00
1756482098,-533.00,20260610,1,1961,0,0.01,147.34600000,147.34500000,146.94300,-533.00
1756497600,0.00,20260610,0,1967,1,0.01,146.91200000,147.41200000,146.94300,0.00
1756787503,-564.00,20260610,1,1967,0,0.01,147.41200000,147.41200000,148.34700,-564.00
1756808100,0.00,20261000,0,1969,0,0.01,148.26200000,147.04500000,148.34700,0.00
1756814400,0.00,20260610,0,1970,0,0.01,148.43800000,147.93800000,148.34700,0.00
1756828800,0.00,20260605,0,1971,1,0.01,1.16171000,1.16421000,148.34700,0.00
1756828800,0.00,20260774,0,1972,1,0.01,1.33512000,1.34012000,148.34700,0.00
1756830821,-371.00,20260605,1,1971,0,0.01,1.16421000,1.16421000,148.34700,-371.00
1756832435,-741.00,20260774,1,1972,0,0.01,1.34012000,1.34012000,148.34700,-741.00
1756833941,-501.00,20260610,1,1970,1,0.01,147.93700000,147.93800000,148.34700,-501.00
1756836000,0.00,20260605,0,1976,0,0.01,1.16628000,1.16378000,148.34700,0.00
1756847306,-371.00,20260605,1,1976,1,0.01,1.16378000,1.16378000,148.34700,-371.00
1756850400,209.00,20261000,1,1969,1,0.01,148.47100000,147.04500000,148.34700,209.00
1756929600,0.00,20260774,0,1979,0,0.01,1.34503000,1.34003000,148.06100,0.00
1756972800,0.00,20260605,0,1980,1,0.01,1.16513000,1.16763000,148.47100,0.00
1757062592,-368.00,20260605,1,1980,0,0.01,1.16763000,1.16763000,147.35000,-368.00
1757070000,0.00,20260605,0,1982,0,0.01,1.16773000,1.16523000,147.35000,0.00
1757088000,0.00,20260610,0,1983,1,0.01,147.29800000,147.79800000,147.35000,0.00
1757289900,-934.00,20260610,1,1983,0,0.01,148.20000000,147.79800000,147.43600,-934.00
1757304000,0.00,20260610,0,1985,0,0.01,148.34000000,147.84000000,147.43600,0.00
1757325100,-501.00,20260610,1,1985,1,0.01,147.83900000,147.84000000,147.43600,-501.00
1757326500,0.00,20261000,0,1987,1,0.02,147.72000000,148.57400000,147.43600,0.00
1757332800,0.00,20260610,0,1988,1,0.01,147.68200000,148.18200000,147.43600,0.00
1757368800,512.00,20261000,1,1987,0,0.02,147.46400000,148.57400000,147.43600,512.00
1757388390,1615.00,20260774,1,1979,1,0.01,1.35603000,1.34003000,147.40100,1615.00
1757417400,0.00,20261000,0,1991,1,0.01,146.67200000,147.51100000,147.40100,0.00
1757417400,0.00,20261001,0,1992,1,0.01,199.07200000,199.86700000,147.40100,0.00
1757417611,1068.00,20260610,1,1988,0,0.01,146.58200000,148.18200000,147.40100,1068.00
1757419200,0.00,20260610,0,1994,1,0.01,146.61500000,147.11500000,147.40100,0.00
1757439674,-501.00,20260610,1,1994,0,0.01,147.11600000,147.11500000,147.40100,-501.00
1757455200,-732.00,20261000,1,1991,0,0.01,147.40400000,147.51100000,147.40100,-732.00
1757455200,-256.00,20261001,1,1992,0,0.01,199.32800000,199.86700000,147.40100,-256.00
1757595600,77.00,20260605,1,1982,1,0.01,1.16855000,1.16523000,147.19900,77.00
1757595600,0.00,20260605,0,1999,1,0.01,1.16855000,1.17105000,147.19900,0.00
1757604691,-369.00,20260605,1,1999,0,0.01,1.17105000,1.17105000,147.19900,-369.00
1757675700,0.00,20261000,0,2001,0,0.01,147.67600000,147.07400000,147.56000,0.00
1757682000,0.00,20260605,0,2002,0,0.01,1.17226000,1.16976000,147.56000,0.00
1757714400,-193.00,20261000,1,2001,1,0.01,147.48300000,147.07400000,147.56000,-193.00
1757935800,0.00,20261001,0,2004,0,0.01,200.44300000,199.84000000,147.31100,0.00
1757973600,-9.00,20261001,1,2004,1,0.01,200.43400000,199.84000000,147.31100,-9.00
1758017700,0.00,20261000,0,2006,1,0.01,146.72500000,147.53600000,146.45400,0.00
1758042160,1518.00,20260605,1,2002,1,0.01,1.18276000,1.16976000,146.45400,1518.00
1758060000,376.00,20261000,1,2006,0,0.01,146.34900000,147.53600000,146.45400,376.00
1758186900,0.00,20261000,0,2009,0,0.01,147.52500000,146.76200000,147.97900,0.00
1758232800,357.00,20261000,1,2009,1,0.01,147.88200000,146.76200000,147.97900,357.00
1758279600,0.00,20260629,0,2011,1,0.01,1.17699000,0.00000000,147.88600,0.00
1758279600,0.00,20260629,0,2012,0,0.01,1.34916000,0.00000000,147.88600,0.00
1758294000,0.00,20260605,0,2013,1,0.01,1.17368000,1.17618000,147.88600,0.00
1758300627,-371.00,20260605,1,2013,0,0.01,1.17619000,1.17618000,147.88600,-371.00
1758542400,0.00,20260610,0,2015,0,0.01,147.85700000,147.35700000,147.69800,0.00
1758546000,0.00,20260605,0,2016,0,0.01,1.17763000,1.17513000,147.69800,0.00
1758708900,0.00,20261000,0,2017,0,0.01,148.08400000,147.50900000,148.88400,0.00
1758721591,-393.00,20260605,1,2016,1,0.01,1.17513000,1.17513000,148.88400,-393.00
1758751200,759.00,20261000,1,2017,1,0.01,148.84300000,147.50900000,148.88400,759.00
1758798000,0.00,20260605,0,2020,1,0.01,1.17332000,1.17582000,149.77600,0.00
1758814227,1109.00,20260610,1,2015,1,0.01,148.95700000,147.35700000,149.77600,1109.00
1758816000,0.00,20260610,0,2022,0,0.01,149.24500000,148.74500000,149.77600,0.00
1758859200,0.00,20260774,0,2023,1,0.01,1.33448000,1.33948000,149.42900,0.00
1758906460,-748.00,20260774,1,2023,0,0.01,1.33948000,1.33948000,149.42900,-748.00
1759134760,-494.00,20260610,1,2022,1,0.01,148.74500000,148.74500000,148.56700,-494.00
1759142700,0.00,20261000,0,2026,1,0.01,148.61500000,149.50500000,148.56700,0.00
1759142700,0.00,20261001,0,2027,1,0.01,199.78500000,200.40200000,148.56700,0.00
1759183200,-26.00,20261000,1,2026,0,0.01,148.64100000,149.50500000,148.56700,-26.00
1759183200,46.00,20261001,1,2027,0,0.01,199.73900000,200.40200000,148.56700,46.00
1759225500,0.00,20261000,0,2030,1,0.01,148.11000000,148.83800000,147.85300,0.00
1759226400,0.00,20261001,0,2031,1,0.01,199.01200000,199.76400000,147.85300,0.00
1759232549,-361.00,20260605,1,2020,0,0.01,1.17582000,1.17582000,147.85300,-361.00
1759269600,234.00,20261000,1,2030,0,0.01,147.87600000,148.83800000,147.85300,234.00
1759269600,136.00,20261001,1,2031,0,0.01,198.87600000,199.76400000,147.85300,136.00
1759310100,0.00,20261001,0,2035,1,0.01,198.38600000,199.21200000,147.05100,0.00
1759311000,0.00,20261000,0,2036,1,0.01,147.34300000,148.22300000,147.05100,0.00
1759323600,-411.00,20260629,1,2012,1,0.01,1.34642000,0.00000000,147.05100,-411.00
1759323600,564.00,20260629,1,2011,0,0.01,1.17332000,0.00000000,147.05100,564.00
1759345200,0.00,20260605,0,2039,1,0.01,1.17226000,1.17476000,147.05100,0.00
1759348800,0.00,20260610,0,2040,1,0.01,147.16000000,147.66000000,147.05100,0.00
1759356000,249.00,20261000,1,2036,0,0.01,147.09400000,148.22300000,147.05100,249.00
1759356000,16.00,20261001,1,2035,0,0.01,198.37000000,199.21200000,147.05100,16.00
1759399466,-366.00,20260605,1,2039,0,0.01,1.17477000,1.17476000,147.20100,-366.00
1759400100,0.00,20261001,0,2044,0,0.01,198.53600000,198.03100000,147.20100,0.00
1759402800,0.00,20260605,0,2045,0,0.01,1.17504000,1.17254000,147.20100,0.00
1759407965,-505.00,20261001,1,2044,1,0.01,198.03100000,198.03100000,147.20100,-505.00
1759423417,-368.00,20260605,1,2045,1,0.01,1.17254000,1.17254000,147.20100,-368.00
1759466067,-564.00,20260610,1,2040,0,0.01,147.66000000,147.66000000,147.43600,-564.00
1759737600,0.00,20260610,0,2049,0,0.01,150.31700000,149.81700000,150.31700,0.00
1759752000,0.00,20260774,0,2050,1,0.01,1.34356000,1.34856000,150.31700,0.00
1759765837,-501.00,20260610,1,2049,1,0.01,149.81600000,149.81700000,150.31700,-501.00
1759766400,0.00,20260610,0,2052,0,0.01,149.78100000,149.28100000,150.31700,0.00
1759784494,-752.00,20260774,1,2050,0,0.01,1.34857000,1.34856000,150.31700,-752.00
1759832100,0.00,20261001,0,2054,1,0.01,202.36500000,203.05100000,151.88400,0.00
1759837500,0.00,20261000,0,2055,0,0.01,150.74900000,150.16200000,151.88400,0.00
1759847607,1103.00,20260610,1,2052,1,0.01,150.88100000,149.28100000,151.88400,1103.00
1759859879,-686.00,20261001,1,2054,0,0.01,203.05100000,203.05100000,151.88400,-686.00
1759873202,1174.00,20261000,1,2055,1,0.01,151.92300000,150.16200000,151.88400,1174.00
1759921200,0.00,20261001,0,2059,0,0.01,204.67800000,203.72100000,152.67200,0.00
1759960800,-210.00,20261001,1,2059,1,0.01,204.46800000,203.72100000,152.67200,-210.00
1760089500,0.00,20261001,0,2061,1,0.06,203.08300000,203.74600000,151.17200,0.00
1760133600,3558.00,20261001,1,2061,0,0.06,202.49000000,203.74600000,151.17200,3558.00
1760433300,0.00,20261001,0,2063,1,0.01,202.06800000,203.51100000,151.82100,0.00
1760479200,-202.00,20261001,1,2063,0,0.01,202.27000000,203.51100000,151.82100,-202.00
1760612400,0.00,20261001,0,2065,0,0.01,203.06700000,201.99000000,150.41300,0.00
1760643103,-1077.00,20261001,1,2065,1,0.01,201.99000000,201.99000000,150.41300,-1077.00
1760677200,0.00,20260605,0,2067,0,0.01,1.17012000,1.16762000,150.44500,0.00
1760696100,0.00,20261000,0,2068,1,0.01,149.50400000,150.43100000,150.44500,0.00
1760713805,-931.00,20261000,1,2068,0,0.01,150.43500000,150.43100000,150.44500,-931.00
1760714018,-378.00,20260605,1,2067,1,0.01,1.16761000,1.16762000,150.44500,-378.00
1760976000,0.00,20260774,0,2071,1,0.01,1.34254000,1.34754000,150.72200,0.00
1761051600,0.00,20260605,0,2072,1,0.01,1.16203000,1.16453000,151.91600,0.00
1761131680,1652.00,20260774,1,2071,0,0.01,1.33153000,1.34754000,151.95900,1652.00
1761319840,-367.00,20260605,1,2072,0,0.01,1.16453000,1.16453000,152.74000,-367.00
1761595200,0.00,20260622,0,2075,0,0.02,152.99500000,152.22100000,152.86000,0.00
1761598800,0.00,20260605,0,2076,0,0.01,1.16383000,1.16133000,152.86000,0.00
1761634480,-1548.00,20260622,1,2075,1,0.02,152.21800000,152.22100000,152.09200,-1548.00
1761650100,0.00,20261001,0,2078,1,0.01,202.69900000,203.86500000,152.09200,0.00
1761688800,707.00,20261001,1,2078,0,0.01,201.99200000,203.86500000,152.09200,707.00
1761724800,-87.00,20260605,1,2076,1,0.01,1.16340000,1.16133000,152.71100,-87.00
1761724800,0.00,20260605,0,2081,1,0.01,1.16340000,1.16590000,152.71100,0.00
1761763575,-382.00,20260605,1,2081,0,0.01,1.16591000,1.16590000,152.71100,-382.00
1761817500,0.00,20261000,0,2083,0,0.01,153.50900000,152.15700000,154.11100,0.00
1761817500,0.00,20261001,0,2084,0,0.01,202.61800000,200.97800000,154.11100,0.00
1761861600,571.00,20261000,1,2083,1,0.01,154.08000000,152.15700000,154.11100,571.00
1761861600,-51.00,20261001,1,2084,1,0.01,202.56700000,200.97800000,154.11100,-51.00
1761905700,0.00,20261000,0,2087,0,0.02,154.29600000,153.64600000,153.95800,0.00
1761948000,-422.00,20261000,1,2087,1,0.02,154.08500000,153.64600000,153.95800,-422.00
1762251300,0.00,20261001,0,2089,1,0.01,201.18100000,202.67200000,153.65100,0.00
1762293600,1217.00,20261001,1,2089,0,0.01,199.96400000,202.67200000,153.65100,1217.00
1762337700,0.00,20261001,0,2091,0,0.01,200.39400000,199.05900000,154.10400,0.00
1762380000,649.00,20261001,1,2091,1,0.01,201.04300000,199.05900000,154.10400,649.00
1762426800,0.00,20261000,0,2093,1,0.01,153.55900000,154.14000000,153.05300,0.00
1762466400,414.00,20261000,1,2093,0,0.01,153.14500000,154.14000000,153.05300,414.00
1762770600,0.00,20261001,0,2095,0,0.01,202.91900000,201.74200000,154.12900,0.00
1762812000,117.00,20261001,1,2095,1,0.01,203.03600000,201.74200000,154.12900,117.00
1762833600,0.00,20260622,0,2097,0,0.02,154.32500000,153.56300000,154.12700,0.00
1762930800,0.00,20260605,0,2098,0,0.01,1.15724000,1.15474000,154.78200,0.00
1762942500,0.00,20261001,0,2099,0,0.01,203.54800000,202.54700000,154.78200,0.00
1762984800,-409.00,20261001,1,2099,1,0.01,203.13900000,202.54700000,154.78200,-409.00
1763032500,0.00,20261000,0,2101,1,0.02,154.43000000,155.00800000,154.53500,0.00
1763071200,-90.00,20261000,1,2101,0,0.02,154.47500000,155.00800000,154.53500,-90.00
1763116200,0.00,20261001,0,2103,1,0.01,202.83700000,203.83600000,154.44600,0.00
1763116961,-1001.00,20261001,1,2103,0,0.01,203.83800000,203.83600000,154.44600,-1001.00
1763552667,3084.00,20260622,1,2097,1,0.02,155.84900000,153.56300000,157.13200,3084.00
1763552700,0.00,20261000,0,2106,0,0.02,155.85900000,155.21400000,157.13200,0.00
1763553600,0.00,20260622,0,2107,0,0.02,155.95600000,155.26800000,157.13200,0.00
1763572234,-452.00,20260605,1,2098,1,0.01,1.15474000,1.15474000,157.13200,-452.00
1763589600,0.00,20260605,0,2109,1,0.01,1.15209000,1.15459000,157.13200,0.00
1763589600,2342.00,20261000,1,2106,1,0.02,157.03000000,155.21400000,157.13200,2342.00
1763610634,2760.00,20260622,1,2107,1,0.02,157.33300000,155.26800000,157.43900,2760.00
1763656289,-392.00,20260605,1,2109,0,0.01,1.15460000,1.15459000,157.43900,-392.00
1763718300,0.00,20261000,0,2113,1,0.01,156.77300000,157.54100000,156.28900,0.00
1763762400,440.00,20261000,1,2113,0,0.01,156.33300000,157.54100000,156.28900,440.00
1763956800,0.00,20260622,0,2115,0,0.01,156.72100000,155.70800000,156.83100,0.00
1763982000,0.00,20261001,0,2116,0,0.01,205.46500000,204.64500000,156.83100,0.00
1764021600,-4.00,20261001,1,2116,1,0.01,205.46100000,204.64500000,156.83100,-4.00
1764069300,0.00,20261000,0,2118,1,0.01,156.37900000,156.98100000,156.01300,0.00
1764108000,546.00,20261000,1,2118,0,0.01,155.83300000,156.98100000,156.01300,546.00
1764131213,-1008.00,20260622,1,2115,1,0.01,155.70700000,155.70800000,156.45100,-1008.00
1764270000,0.00,20260605,0,2121,0,0.01,1.15998000,1.15748000,156.28200,0.00
1764324038,-403.00,20260605,1,2121,1,0.01,1.15747000,1.15748000,156.07900,-403.00
1764327600,0.00,20261001,0,2123,1,0.01,206.42300000,207.19700000,156.07900,0.00
1764331200,0.00,20260605,0,2124,0,0.01,1.15681000,1.15431000,156.07900,0.00
1764367200,-372.00,20261001,1,2123,0,0.01,206.79500000,207.19700000,156.07900,-372.00
1764666900,0.00,20261001,0,2126,0,0.01,205.95100000,205.29300000,155.81400,0.00
1764671400,0.00,20261000,0,2127,0,0.01,155.95100000,155.39400000,155.81400,0.00
1764712800,-60.00,20261000,1,2127,1,0.01,155.89100000,155.39400000,155.81400,-60.00
1764712800,-17.00,20261001,1,2126,1,0.01,205.93400000,205.29300000,155.81400,-17.00
1764774928,1602.00,20260605,1,2124,1,0.01,1.16732000,1.15431000,155.21400,1602.00
1764844200,0.00,20261000,0,2131,1,0.02,154.81400000,155.53900000,155.08300,0.00
1764885600,-420.00,20261000,1,2131,0,0.02,155.02400000,155.53900000,155.08300,-420.00
1765275300,0.00,20261000,0,2133,0,0.01,156.25600000,155.74000000,156.84900,0.00
1765275300,0.00,20261001,0,2134,0,0.01,208.27200000,207.42800000,156.84900,0.00
1765296000,0.00,20260774,0,2135,0,0.01,1.33147000,1.32647000,156.84900,0.00
1765317600,576.00,20261000,1,2133,1,0.01,156.83200000,155.74000000,156.84900,576.00
1765317600,353.00,20261001,1,2134,1,0.01,208.62500000,207.42800000,156.84900,353.00
1765471050,1723.00,20260774,1,2135,1,0.01,1.34247000,1.32647000,155.54400,1723.00
1765885500,0.00,20261001,0,2139,0,0.06,207.67800000,206.76600000,154.70000,0.00
1765922400,-186.00,20261001,1,2139,1,0.06,207.64700000,206.76600000,154.70000,-186.00
1765964700,0.00,20261001,0,2141,1,0.06,207.26200000,207.98500000,155.66900,0.00
1765966500,0.00,20261000,0,2142,0,0.01,155.56400000,154.50900000,155.66900,0.00
1765991560,-4338.00,20261001,1,2141,0,0.06,207.98500000,207.98500000,155.66900,-4338.00
1766008800,79.00,20261000,1,2142,1,0.01,155.64300000,154.50900000,155.66900,79.00
1766138400,0.00,20261000,0,2145,0,0.01,156.73400000,155.43200000,157.72300,0.00
1766181600,793.00,20261000,1,2145,1,0.01,157.52700000,155.43200000,157.72300,793.00
1766396700,0.00,20261001,0,2147,0,0.06,211.13300000,210.45200000,157.03100,0.00
1766440800,156.00,20261001,1,2147,1,0.06,211.15900000,210.45200000,157.03100,156.00
1766488500,0.00,20261000,0,2149,1,0.01,155.77300000,157.02400000,156.15900,0.00
1766527200,-425.00,20261000,1,2149,0,0.01,156.19800000,157.02400000,156.15900,-425.00
1767001500,0.00,20261001,0,2151,1,0.01,210.56300000,211.33600000,156.01900,0.00
1767013200,0.00,20260605,0,2152,0,0.01,1.17660000,1.17410000,156.01900,0.00
1767038400,-222.00,20260605,1,2152,1,0.01,1.17518000,1.17410000,156.01900,-222.00
1767038400,0.00,20260605,0,2154,1,0.01,1.17518000,1.17768000,156.01900,0.00
1767045600,-194.00,20261001,1,2151,0,0.01,210.75700000,211.33600000,156.01900,-194.00
1767077020,-389.00,20260605,1,2154,0,0.01,1.17769000,1.17768000,156.37300,-389.00
1767326400,0.00,20260605,0,2157,0,0.01,1.17614000,1.17364000,156.77900,0.00
1767346288,-392.00,20260605,1,2157,1,0.01,1.17363000,1.17364000,156.77900,-392.00
1767625200,0.00,20260629,0,2159,0,0.01,1.16712000,0.00000000,156.30300,0.00
1767625200,0.00,20260629,0,2160,1,0.01,1.34555000,0.00000000,156.30300,0.00
1767639600,-1095.00,20260629,1,2160,0,0.01,1.35256000,0.00000000,156.30300,-1095.00
1767639600,679.00,20260629,1,2159,1,0.01,1.17147000,0.00000000,156.30300,679.00
1767643200,0.00,20260629,0,2163,0,0.01,1.17148000,0.00000000,156.30300,0.00
1767643200,0.00,20260629,0,2164,1,0.01,1.35322000,0.00000000,156.30300,0.00
1767866400,0.00,20261001,0,2165,1,0.01,210.37100000,211.15500000,156.85000,0.00
1767909600,-452.00,20261001,1,2165,0,0.01,210.82300000,211.15500000,156.85000,-452.00
1767931200,0.00,20260610,0,2167,0,0.01,157.16100000,156.66100000,157.82700,0.00
1767945600,0.00,20260627,0,2168,0,0.01,211.35400000,210.52500000,157.82700,0.00
1767951900,0.00,20261000,0,2169,0,0.01,157.54400000,156.68600000,157.82700,0.00
1767952800,0.00,20261001,0,2170,0,0.01,211.48700000,210.41200000,157.82700,0.00
1767996000,340.00,20261000,1,2169,1,0.01,157.88400000,156.68600000,157.82700,340.00
1767996000,177.00,20261001,1,2170,1,0.01,211.66400000,210.41200000,157.82700,177.00
1768272749,1107.00,20260610,1,2167,1,0.01,158.26200000,156.66100000,159.10500,1107.00
1768388400,0.00,20261000,0,2174,1,0.02,158.92100000,159.45000000,158.36800,0.00
1768428000,826.00,20261000,1,2174,0,0.02,158.50800000,159.45000000,158.36800,826.00
1768468500,0.00,20261001,0,2176,0,0.01,213.18900000,212.56000000,158.58300,0.00
1768488998,-630.00,20261001,1,2176,1,0.01,212.55900000,212.56000000,158.58300,-630.00
1768492800,2501.00,20260629,1,2164,0,0.01,1.33734000,0.00000000,158.58300,2501.00
1768492800,-1895.00,20260629,1,2163,1,0.01,1.16013000,0.00000000,158.58300,-1895.00
1768816800,0.00,20261000,0,2180,0,0.02,158.08200000,157.42100000,158.03900,0.00
1768860000,0.00,20261000,1,2180,1,0.02,158.08200000,157.42100000,158.03900,0.00
1768901400,0.00,20261001,0,2182,0,0.01,213.14900000,211.84000000,158.12600,0.00
1768907700,0.00,20261000,0,2183,1,0.02,157.74400000,158.46600000,158.12600,0.00
1768914000,0.00,20260605,0,2184,0,0.01,1.17315000,1.17065000,158.12600,0.00
1768917600,0.00,20260629,0,2185,1,0.01,1.17348000,0.00000000,158.12600,0.00
1768917600,0.00,20260629,0,2186,0,0.01,1.34638000,0.00000000,158.12600,0.00
1768946400,-1092.00,20261000,1,2183,0,0.02,158.29000000,158.46600000,158.12600,-1092.00
1768946400,-609.00,20261001,1,2182,1,0.01,212.54000000,211.84000000,158.12600,-609.00
1768991434,-409.00,20260605,1,2184,1,0.01,1.17064000,1.17065000,158.27200,-409.00
1769075100,0.00,20261001,0,2190,0,0.01,213.36400000,212.31600000,158.31000,0.00
1769119200,330.00,20261001,1,2190,1,0.01,213.69400000,212.31600000,158.31000,330.00
1769160334,3389.00,20260627,1,2168,1,0.01,214.67300000,210.52500000,155.64700,3389.00
1769160600,0.00,20261000,0,2193,0,0.01,159.17000000,158.32900000,155.64700,0.00
1769160600,0.00,20261001,0,2194,0,0.01,214.70900000,213.52600000,155.64700,0.00
1769161409,-843.00,20261000,1,2193,1,0.01,158.32700000,158.32900000,155.64700,-843.00
1769161410,-1189.00,20261001,1,2194,1,0.01,213.52000000,213.52600000,155.64700,-1189.00
1769161500,0.00,20261000,0,2197,1,0.02,157.51300000,158.94700000,155.64700,0.00
1769161500,0.00,20261001,0,2198,1,0.06,212.65500000,214.34400000,155.64700,0.00
1769187744,-10146.00,20261001,1,2198,0,0.06,214.34600000,214.34400000,155.64700,-10146.00
1769191200,1581.00,20260629,1,2186,1,0.01,1.35640000,0.00000000,155.64700,1581.00
1769191200,-364.00,20260629,1,2185,0,0.01,1.17584000,0.00000000,155.64700,-364.00
1769205600,3242.00,20261000,1,2197,0,0.02,155.89200000,158.94700000,155.64700,3242.00
1769486400,0.00,20260610,0,2203,1,0.01,154.34700000,154.84700000,152.11100,0.00
1769510010,-500.00,20260610,1,2203,0,0.01,154.84700000,154.84700000,152.11100,-500.00
1769510700,0.00,20261000,0,2205,0,0.01,154.82100000,154.07800000,152.11100,0.00
1769514732,-744.00,20261000,1,2205,1,0.01,154.07700000,154.07800000,152.11100,-744.00
1769515200,0.00,20260610,0,2207,1,0.01,153.74200000,154.24200000,152.11100,0.00
1769542962,1100.00,20260610,1,2207,0,0.01,152.64200000,154.24200000,152.11100,1100.00
1769544000,0.00,20260610,0,2209,1,0.01,152.76500000,153.26500000,152.11100,0.00
1769620109,-532.00,20260610,1,2209,0,0.01,153.26500000,153.26500000,153.39900,-532.00
1770200100,0.00,20261001,0,2211,0,0.01,214.72700000,213.01700000,156.82000,0.00
1770205500,0.00,20261000,0,2212,0,0.01,156.57900000,155.64400000,156.82000,0.00
1770206400,0.00,20260610,0,2213,0,0.01,156.64900000,156.14900000,156.82000,0.00
1770242400,244.00,20261000,1,2212,1,0.01,156.82300000,155.64400000,156.82000,244.00
1770242400,-466.00,20261001,1,2211,1,0.01,214.26100000,213.01700000,156.82000,-466.00
1770290100,0.00,20261001,0,2216,1,0.01,213.33900000,214.22700000,156.98100,0.00
1770292800,0.00,20260605,0,2217,1,0.01,1.17805000,1.18055000,156.98100,0.00
1770305417,-404.00,20260605,1,2217,0,0.01,1.18063000,1.18055000,156.98100,-404.00
1770328800,763.00,20261001,1,2216,0,0.01,212.57600000,214.22700000,156.98100,763.00
1770377400,0.00,20261001,0,2220,0,0.01,213.16800000,211.59400000,157.08000,0.00
1770415200,742.00,20261001,1,2220,1,0.01,213.91000000,211.59400000,157.08000,742.00
1770649829,-492.00,20260610,1,2213,1,0.01,156.14800000,156.14900000,155.84900,-492.00
1770652800,0.00,20260610,0,2223,1,0.01,155.92900000,156.42900000,155.84900,0.00
1770737729,1069.00,20260610,1,2223,0,0.01,154.82800000,156.42900000,154.37800,1069.00
1770739200,0.00,20260610,0,2225,1,0.01,154.75900000,155.25900000,154.37800,0.00
1770784708,1068.00,20260610,1,2225,0,0.01,153.65900000,155.25900000,153.23600,1068.00
1770796800,0.00,20260610,0,2227,1,0.01,153.04100000,153.54100000,153.23600,0.00
1770818496,-501.00,20260610,1,2227,0,0.01,153.54200000,153.54100000,153.23600,-501.00
1770825600,0.00,20260610,0,2229,1,0.01,153.83100000,154.33100000,153.23600,0.00
1770838176,1100.00,20260610,1,2229,0,0.01,152.73100000,154.33100000,153.23600,1100.00
1770840000,0.00,20260610,0,2231,1,0.01,152.82800000,153.32800000,153.23600,0.00
1770854940,-551.00,20260610,1,2231,0,0.01,153.34700000,153.32800000,152.72500,-551.00
1770865200,0.00,20260605,0,2233,0,0.01,1.18770000,1.18520000,152.72500,0.00
1770973409,-395.00,20260605,1,2233,1,0.01,1.18520000,1.18520000,152.61300,-395.00
1770975900,0.00,20261001,0,2235,0,0.01,208.93900000,207.70800000,152.61300,0.00
1770979500,0.00,20261000,0,2236,0,0.01,153.59700000,152.60900000,152.61300,0.00
1771010045,-990.00,20261000,1,2236,1,0.01,152.60700000,152.60900000,152.61300,-990.00
1771020000,-506.00,20261001,1,2235,1,0.01,208.43300000,207.70800000,152.61300,-506.00
1771235100,0.00,20261001,0,2239,0,0.01,209.26000000,207.98000000,153.41200,0.00
1771242300,0.00,20261000,0,2240,0,0.01,153.50600000,152.53600000,153.41200,0.00
1771279200,-24.00,20261000,1,2240,1,0.01,153.48200000,152.53600000,153.41200,-24.00
1771279200,-35.00,20261001,1,2239,1,0.01,209.22500000,207.98000000,153.41200,-35.00
1771319700,0.00,20261001,0,2243,1,0.01,207.53800000,209.49100000,153.26100,0.00
1771351200,0.00,20260629,0,2244,1,0.01,1.18106000,0.00000000,153.26100,0.00
1771351200,0.00,20260629,0,2245,0,0.01,1.35034000,0.00000000,153.26100,0.00
1771365600,-300.00,20261001,1,2243,0,0.01,207.83800000,209.49100000,153.26100,-300.00
1771466400,0.00,20260605,0,2247,1,0.01,1.17883000,1.18133000,154.97300,0.00
1771584300,0.00,20261000,0,2248,0,0.01,155.55600000,154.83400000,154.94300,0.00
1771588800,0.00,20260774,0,2249,1,0.01,1.34664000,1.35164000,154.94300,0.00
1771607739,-723.00,20261000,1,2248,1,0.01,154.83300000,154.83400000,154.94300,-723.00
1771809681,-384.00,20260605,1,2247,0,0.01,1.18135000,1.18133000,154.59100,-384.00
1771810707,-776.00,20260774,1,2249,0,0.01,1.35164000,1.35164000,154.59100,-776.00
1771924500,0.00,20261000,0,2253,0,0.01,155.72800000,154.52100000,155.81000,0.00
1771924500,0.00,20261001,0,2254,0,0.01,209.88100000,208.42400000,155.81000,0.00
1771970400,48.00,20261000,1,2253,1,0.01,155.77600000,154.52100000,155.81000,48.00
1771970400,442.00,20261001,1,2254,1,0.01,210.32300000,208.42400000,155.81000,442.00
1772015400,0.00,20261001,0,2257,0,0.01,210.97500000,209.99800000,156.28600,0.00
1772017200,0.00,20261000,0,2258,0,0.02,156.30700000,155.34600000,156.28600,0.00
1772056800,264.00,20261000,1,2258,1,0.02,156.43900000,155.34600000,156.28600,264.00
1772056800,1005.00,20261001,1,2257,1,0.01,211.98000000,209.99800000,156.28600,1005.00
1772078400,0.00,20260774,0,2261,0,0.01,1.35738000,1.35238000,156.10600,0.00
1772092800,-211.00,20260774,1,2261,1,0.01,1.35603000,1.35238000,156.10600,-211.00
1772092800,0.00,20260774,0,2263,1,0.01,1.35603000,1.36103000,156.10600,0.00
1772135381,1721.00,20260774,1,2263,0,0.01,1.34503000,1.36103000,156.10600,1721.00
1772424000,0.00,20260605,0,2265,1,0.01,1.17918000,1.18168000,157.32600,0.00
1772446500,0.00,20261000,0,2266,0,0.01,157.15800000,155.93700000,157.32600,0.00
1772474079,1656.00,20260605,1,2265,0,0.01,1.16868000,1.18168000,157.32600,1656.00
1772488800,-5.00,20261000,1,2266,1,0.01,157.15300000,155.93700000,157.32600,-5.00
1772532900,0.00,20261001,0,2269,1,0.01,209.61200000,211.35200000,157.72400,0.00
1772538300,0.00,20261000,0,2270,0,0.02,157.74100000,157.17400000,157.72400,0.00
1772560800,-3200.00,20260629,1,2245,1,0.01,1.33013000,0.00000000,157.72400,-3200.00
1772560800,3777.00,20260629,1,2244,0,0.01,1.15732000,0.00000000,157.72400,3777.00
1772575200,-154.00,20261000,1,2270,1,0.02,157.66400000,157.17400000,157.72400,-154.00
1772575200,-964.00,20261001,1,2269,0,0.01,210.57600000,211.35200000,157.72400,-964.00
1773129600,0.00,20260774,0,2275,1,0.01,1.34244000,1.34744000,158.03000,0.00
1773138504,-790.00,20260774,1,2275,0,0.01,1.34745000,1.34744000,158.03000,-790.00
1773138600,0.00,20261000,0,2277,1,0.01,157.38100000,157.95200000,158.03000,0.00
1773155788,-571.00,20261000,1,2277,0,0.01,157.95200000,157.95200000,158.03000,-571.00
1773158400,0.00,20260774,0,2279,1,0.01,1.34410000,1.34910000,158.03000,0.00
1773288000,0.00,20260610,0,2280,0,0.01,158.98400000,158.48400000,159.34200,0.00
1773387398,1752.00,20260774,1,2279,0,0.01,1.33309000,1.34910000,159.71400,1752.00
1773849600,0.00,20260622,0,2282,0,0.02,159.44900000,158.69200000,159.83000,0.00
1773915300,0.00,20261001,0,2283,1,0.01,211.51800000,212.34400000,157.67100,0.00
1773916200,0.00,20261000,0,2284,1,0.01,159.40200000,159.85300000,157.67100,0.00
1773937238,-1508.00,20260622,1,2282,1,0.02,158.69200000,158.69200000,157.67100,-1508.00
1773938979,903.00,20261000,1,2284,0,0.01,158.49900000,159.85300000,157.67100,903.00
1773938981,-486.00,20260610,1,2280,1,0.01,158.48300000,158.48400000,157.67100,-486.00
1773957600,-102.00,20261001,1,2283,0,0.01,211.62000000,212.34400000,157.67100,-102.00
1773961200,0.00,20260605,0,2289,0,0.01,1.15850000,1.15600000,157.67100,0.00
1773987299,-411.00,20260605,1,2289,1,0.01,1.15598000,1.15600000,159.21500,-411.00
1774001700,0.00,20261001,0,2291,0,0.01,212.47200000,211.56500000,159.21500,0.00
1774044000,-124.00,20261001,1,2291,1,0.01,212.34800000,211.56500000,159.21500,-124.00
1774299600,0.00,20260605,0,2293,0,0.01,1.16021000,1.15771000,158.43000,0.00
1774336523,-408.00,20260605,1,2293,1,0.01,1.15771000,1.15771000,158.69300,-408.00
1774347300,0.00,20261001,0,2295,0,0.06,212.94900000,212.28100000,158.69300,0.00
1774353040,-4008.00,20261001,1,2295,1,0.06,212.28100000,212.28100000,158.69300,-4008.00
1774648800,0.00,20260605,0,2297,1,0.01,1.15134000,1.15384000,160.24000,0.00
1774866600,0.00,20261001,0,2298,1,0.01,211.49200000,212.60600000,159.69900,0.00
1774908000,1025.00,20261001,1,2298,0,0.01,210.46700000,212.60600000,159.69900,1025.00
1774929600,0.00,20260622,0,2300,0,0.02,159.88600000,159.16500000,158.70200,0.00
1774975505,-1452.00,20260622,1,2300,1,0.02,159.16000000,159.16500000,158.70200,-1452.00
1774978320,-393.00,20260605,1,2297,0,0.01,1.15385000,1.15384000,158.70200,-393.00
1774980000,0.00,20260605,0,2303,1,0.01,1.15200000,1.15450000,158.70200,0.00
1774986029,-398.00,20260605,1,2303,0,0.01,1.15450000,1.15450000,158.70200,-398.00
1774998000,0.00,20260605,0,2305,0,0.01,1.15594000,1.15344000,158.70200,0.00
1775037600,0.00,20261000,0,2306,1,0.01,158.30700000,159.01100000,158.78300,0.00
1775042100,0.00,20261001,0,2307,0,0.01,210.56400000,209.66100000,158.78300,0.00
1775080800,-546.00,20261000,1,2306,0,0.01,158.85300000,159.01100000,158.78300,-546.00
1775080800,634.00,20261001,1,2307,1,0.01,211.19800000,209.66100000,158.78300,634.00
1775109600,-227.00,20260605,1,2305,1,0.01,1.15466000,1.15344000,159.51300,-227.00
1775109600,0.00,20260605,0,2311,1,0.01,1.15466000,1.15716000,159.51300,0.00
1775121300,0.00,20261001,0,2312,1,0.01,210.40800000,211.27400000,159.51300,0.00
1775124900,0.00,20261000,0,2313,0,0.01,159.60600000,158.53500000,159.51300,0.00
1775152800,-78.00,20260605,1,2311,0,0.01,1.15515000,1.15716000,159.51300,-78.00
1775152800,0.00,20260605,0,2315,0,0.01,1.15515000,1.15265000,159.51300,0.00
1775167200,26.00,20261000,1,2313,1,0.01,159.63200000,158.53500000,159.51300,26.00
1775167200,-648.00,20261001,1,2312,0,0.01,211.05600000,211.27400000,159.51300,-648.00
1775230226,-411.00,20260605,1,2315,1,0.01,1.15265000,1.15265000,159.50100,-411.00
1775471400,0.00,20261001,0,2319,0,0.01,211.07900000,210.22500000,159.67500,0.00
1775512800,303.00,20261001,1,2319,1,0.01,211.38200000,210.22500000,159.67500,303.00
1775581200,0.00,20260605,0,2321,0,0.01,1.15640000,1.15390000,159.52900,0.00
1775613580,1664.00,20260605,1,2321,1,0.01,1.16690000,1.15390000,158.50800,1664.00
1775732400,0.00,20261001,0,2323,0,0.01,212.91700000,212.16600000,158.91900,0.00
1775734200,0.00,20261000,0,2324,0,0.01,159.09000000,158.41300000,158.91900,0.00
1775772000,-80.00,20261000,1,2324,1,0.01,159.01000000,158.41300000,158.91900,-80.00
1775772000,671.00,20261001,1,2323,1,0.01,213.58800000,212.16600000,158.91900,671.00
1776075300,0.00,20261001,0,2327,0,0.01,214.27400000,213.52500000,159.43400,0.00
1776117600,936.00,20261001,1,2327,1,0.01,215.21000000,213.52500000,159.43400,936.00
1776182400,0.00,20260774,0,2329,0,0.01,1.35871000,1.35371000,158.77700,0.00
1776342695,-797.00,20260774,1,2329,1,0.01,1.35371000,1.35371000,159.09200,-797.00
1776770100,0.00,20261000,0,2331,0,0.01,159.17700000,158.59500000,159.33700,0.00
1776808800,193.00,20261000,1,2331,1,0.01,159.37000000,158.59500000,159.33700,193.00
1776924000,0.00,20260605,0,2333,1,0.01,1.16971000,1.17221000,159.69200,0.00
1777074360,-397.00,20260605,1,2333,0,0.01,1.17222000,1.17221000,159.29100,-397.00
1777548600,0.00,20261000,0,2335,1,0.02,159.91500000,160.65600000,156.55500,0.00
1777550400,0.00,20260610,0,2336,0,0.01,159.59000000,159.09000000,156.55500,0.00
1777555597,-502.00,20260610,1,2336,1,0.01,159.08800000,159.09000000,156.55500,-502.00
1777555778,2966.00,20261000,1,2335,0,0.02,158.43200000,160.65600000,156.55500,2966.00
1777564800,0.00,20260610,0,2339,1,0.01,156.82200000,157.32200000,156.55500,0.00
1777614635,-532.00,20260610,1,2339,0,0.01,157.32200000,157.32200000,156.93100,-532.00
1777629600,0.00,20261000,0,2341,1,0.02,155.96300000,157.32500000,156.93100,0.00
1777672800,-2112.00,20261000,1,2341,0,0.02,157.01900000,157.32500000,156.93100,-2112.00
1777867200,0.00,20260605,0,2343,0,0.01,1.17274000,1.17024000,157.21400,0.00
1777900050,-396.00,20260605,1,2343,1,0.01,1.17022000,1.17024000,157.21400,-396.00
1777903200,0.00,20260605,0,2345,1,0.01,1.17049000,1.17299000,157.21400,0.00
1777914000,-160.00,20260605,1,2345,0,0.01,1.17151000,1.17299000,157.21400,-160.00
1777914000,0.00,20260605,0,2347,0,0.01,1.17151000,1.16901000,157.21400,0.00
1777921709,-393.00,20260605,1,2347,1,0.01,1.16901000,1.16901000,157.21400,-393.00
1778011200,0.00,20260605,0,2349,1,0.01,1.16992000,1.17242000,157.87100,0.00
1778033677,-391.00,20260605,1,2349,0,0.01,1.17243000,1.17242000,156.34200,-391.00
1778205600,0.00,20260605,0,2351,0,0.01,1.17253000,1.17003000,156.62100,0.00
1778583600,0.00,20260629,0,2352,1,0.01,1.17477000,0.00000000,157.60500,0.00
1778583600,0.00,20260629,0,2353,0,0.01,1.35186000,0.00000000,157.60500,0.00
1778673157,-429.00,20260605,1,2351,1,0.01,1.17003000,1.17003000,157.86700,-429.00
1778680800,0.00,20260605,0,2355,1,0.01,1.17125000,1.17375000,157.86700,0.00
1779206400,0.00,20260610,0,2356,0,0.01,159.06900000,158.56900000,159.04800,0.00
1779207579,1685.00,20260605,1,2355,0,0.01,1.16074000,1.17375000,159.04800,1685.00
1779454800,-1467.00,20260629,1,2353,1,0.01,1.34269000,0.00000000,159.12000,-1467.00
1779454800,2301.00,20260629,1,2352,0,0.01,1.16046000,0.00000000,159.12000,2301.00
1779790500,0.00,20261000,0,2360,0,0.01,159.15600000,158.77700000,159.29000,0.00
1779832800,177.00,20261000,1,2360,1,0.01,159.33300000,158.77700000,159.29000,177.00
1779915600,0.00,20260605,0,2362,0,0.01,1.16276000,1.16026000,159.50500,0.00
1779949122,-411.00,20260605,1,2362,1,0.01,1.16026000,1.16026000,159.22600,-411.00
1779969600,0.00,20260774,0,2364,1,0.01,1.34013000,1.34513000,159.22600,0.00
1779984000,0.00,20260605,0,2365,0,0.01,1.16369000,1.16119000,159.22600,0.00
1779988457,-799.00,20260774,1,2364,0,0.01,1.34515000,1.34513000,159.22600,-799.00
1780314300,0.00,20261001,0,2367,0,0.01,214.81400000,214.27000000,159.63100,0.00
1780332697,-544.00,20261001,1,2367,1,0.01,214.27000000,214.27000000,159.63100,-544.00
1780332700,-423.00,20260605,1,2365,1,0.01,1.16119000,1.16119000,159.63100,-423.00
1780391700,0.00,20261001,0,2370,0,0.01,215.20000000,214.63300000,159.89300,0.00
1780434000,0.00,20260605,0,2371,1,0.01,1.16213000,1.16463000,159.89300,0.00
1780437600,169.00,20261001,1,2370,1,0.01,215.36900000,214.63300000,159.89300,169.00
1780483500,0.00,20261000,0,2373,1,0.02,159.66500000,159.99700000,160.05100,0.00
1780510061,-668.00,20261000,1,2373,0,0.02,159.99900000,159.99700000,160.05100,-668.00
1780585200,-326.00,20260605,1,2371,0,0.01,1.16421000,1.16463000,160.00700,-326.00
1780585200,0.00,20260605,0,2376,0,0.01,1.16421000,1.16171000,160.00700,0.00
1780596000,-189.00,20260605,1,2376,1,0.01,1.16303000,1.16171000,160.00700,-189.00
1780596000,0.00,20260605,0,2378,1,0.01,1.16303000,1.16553000,160.00700,0.00
1780675048,1139.00,20260610,1,2356,1,0.01,160.16900000,158.56900000,160.23400,1139.00
1780686977,1685.00,20260605,1,2378,0,0.01,1.15253000,1.16553000,160.23400,1685.00
1781001900,0.00,20261001,0,2381,0,0.01,214.12400000,213.47400000,160.34200,0.00
1781042400,560.00,20261001,1,2381,1,0.01,214.68400000,213.47400000,160.34200,560.00
1781553600,0.00,20260605,0,2383,0,0.01,1.16038000,1.15788000,160.31900,0.00
1781594012,-414.00,20260605,1,2383,1,0.01,1.15787000,1.15788000,160.35500,-414.00
1781610300,0.00,20261001,0,2385,0,0.06,215.13600000,214.52000000,160.35500,0.00
1781647200,1818.00,20261001,1,2385,1,0.06,215.43900000,214.52000000,160.35500,1818.00
1781694000,0.00,20261000,0,2387,1,0.01,160.18700000,160.43900000,160.63800,0.00
1781712000,0.00,20260605,0,2388,0,0.01,1.16024000,1.15774000,160.63800,0.00
1781730014,-402.00,20260605,1,2388,1,0.01,1.15773000,1.15774000,160.63800,-402.00
1781730330,-254.00,20261000,1,2387,0,0.01,160.44100000,160.43900000,160.63800,-254.00
1781733600,0.00,20260605,0,2391,1,0.01,1.15385000,1.15635000,160.63800,0.00
1781794800,0.00,20260629,0,2392,1,0.01,1.14571000,0.00000000,161.36400,0.00
1781794800,0.00,20260629,0,2393,0,0.01,1.32114000,0.00000000,161.36400,0.00
1781855359,1691.00,20260605,1,2391,0,0.01,1.14335000,1.15635000,161.23700,1691.00
1781869500,0.00,20261001,0,2395,0,0.06,213.38700000,212.45800000,161.23700,0.00
1781906400,90.00,20261001,1,2395,1,0.06,213.40200000,212.45800000,161.23700,90.00
1781913599,41.00,0,1,2393,1,0.01,1.32140000,0.00000000,161.23700,41.00
1781913599,-260.00,0,1,2392,0,0.01,1.14735000,0.00000000,161.23700,-260.00
1781913599,55143.00,0,1,1903,1,0.03,112.96500000,0.00000000,161.23700,55143.00
