time,profit,magic,entry,position_id,type,volume,price,sl,usdjpy,profit_jpy
1624360500,0.00,20261001,0,2,1,0.06,153.27500000,153.67300000,110.60500,0.00
1624373666,-2388.00,20261001,1,2,0,0.06,153.67300000,153.67300000,110.60500,-2388.00
1624439700,0.00,20261001,0,4,0,0.01,154.53400000,154.17900000,110.94200,0.00
1624444226,496.00,20261001,1,4,1,0.01,155.03000000,154.17900000,110.94200,496.00
1624616100,0.00,20261001,0,6,1,0.06,154.03600000,154.45200000,110.76800,0.00
1624651200,-234.00,20261001,1,6,0,0.06,154.07500000,154.45200000,110.76800,-234.00
1624874400,0.00,20261001,0,8,0,0.01,154.13100000,153.67300000,110.60900,0.00
1624903052,-468.00,20261001,1,8,1,0.01,153.66300000,153.67300000,110.60900,-468.00
1625048100,0.00,20261001,0,10,1,0.06,152.78400000,153.12300000,111.09200,0.00
1625057562,-2082.00,20261001,1,10,0,0.06,153.13100000,153.12300000,111.09200,-2082.00
1625134500,0.00,20261001,0,12,0,0.06,153.83700000,153.42800000,111.51300,0.00
1625141556,-2454.00,20261001,1,12,1,0.06,153.42800000,153.42800000,111.51300,-2454.00
1625563800,0.00,20261001,0,14,0,0.01,153.97800000,153.52800000,110.60500,0.00
1625570203,-459.00,20261001,1,14,1,0.01,153.51900000,153.52800000,110.60500,-459.00
1625650200,0.00,20261001,0,16,0,0.01,152.90900000,152.41500000,110.60100,0.00
1625679016,-495.00,20261001,1,16,1,0.01,152.41400000,152.41500000,110.60100,-495.00
1625736600,0.00,20261001,0,18,1,0.01,151.93500000,152.59600000,109.58100,0.00
1625751043,934.00,20261001,1,18,0,0.01,151.00100000,152.59600000,109.58100,934.00
1625831100,0.00,20261001,0,20,0,0.01,151.74100000,151.16300000,110.09200,0.00
1625849159,815.00,20261001,1,20,1,0.01,152.55600000,151.16300000,110.09200,815.00
1626086700,0.00,20261001,0,22,1,0.06,152.76100000,153.17400000,110.34800,0.00
1626108763,-2490.00,20261001,1,22,0,0.06,153.17600000,153.17400000,110.34800,-2490.00
1626171300,0.00,20261001,0,24,1,0.06,153.08200000,153.40700000,110.62200,0.00
1626186397,2730.00,20261001,1,24,0,0.06,152.62700000,153.40700000,110.62200,2730.00
1626345000,0.00,20261001,0,26,1,0.01,151.73000000,152.33200000,109.80400,0.00
1626354103,-630.00,20261001,1,26,0,0.01,152.36000000,152.33200000,109.80400,-630.00
1626434100,0.00,20261001,0,28,0,0.01,152.31600000,151.85800000,110.07200,0.00
1626455739,-458.00,20261001,1,28,1,0.01,151.85800000,151.85800000,110.07200,-458.00
1626689700,0.00,20261001,0,30,1,0.01,150.97200000,151.42900000,109.37600,0.00
1626705195,641.00,20261001,1,30,0,0.01,150.33100000,151.42900000,109.37600,641.00
1626774300,0.00,20261001,0,32,1,0.06,149.38500000,149.86100000,109.81400,0.00
1626780160,-2904.00,20261001,1,32,0,0.06,149.86900000,149.86100000,109.81400,-2904.00
1626858900,0.00,20261001,0,34,1,0.01,149.37800000,149.86900000,110.28500,0.00
1626864376,-500.00,20261001,1,34,0,0.01,149.87800000,149.86900000,110.28500,-500.00
1626867000,0.00,20261001,0,36,0,0.06,150.04000000,149.57700000,110.28500,0.00
1626885759,3888.00,20261001,1,36,1,0.06,150.68800000,149.57700000,110.28500,3888.00
1626948000,0.00,20261001,0,38,0,0.06,151.28200000,150.84000000,110.09300,0.00
1626962080,3714.00,20261001,1,38,1,0.06,151.90100000,150.84000000,110.09300,3714.00
1627292700,0.00,20261001,0,40,1,0.01,151.56900000,152.04900000,110.36200,0.00
1627301739,-480.00,20261001,1,40,0,0.01,152.04900000,152.04900000,110.36200,-480.00
1627551000,0.00,20261001,0,42,0,0.01,152.98100000,152.60400000,109.46400,0.00
1627588800,-36.00,20261001,1,42,1,0.01,152.94500000,152.60400000,109.46400,-36.00
1628068500,0.00,20261001,0,44,0,0.01,151.96800000,151.60900000,109.46900,0.00
1628090249,-359.00,20261001,1,44,1,0.01,151.60900000,151.60900000,109.46900,-359.00
1628157600,0.00,20261001,0,46,0,0.01,152.41100000,152.06800000,109.76300,0.00
1628183442,482.00,20261001,1,46,1,0.01,152.89300000,152.06800000,109.76300,482.00
1628674200,0.00,20261001,0,48,0,0.01,153.10000000,152.84600000,110.40500,0.00
1628712000,145.00,20261001,1,48,1,0.01,153.24500000,152.84600000,110.40500,145.00
1628849700,0.00,20261001,0,50,1,0.06,152.24100000,152.52200000,109.58700,0.00
1628884800,930.00,20261001,1,50,0,0.06,152.08600000,152.52200000,109.58700,930.00
1629108000,0.00,20261001,0,52,1,0.01,151.39000000,152.05700000,109.13100,0.00
1629144000,136.00,20261001,1,52,0,0.01,151.25400000,152.05700000,109.13100,136.00
1629192600,0.00,20261001,0,54,1,0.06,150.97500000,151.26600000,109.54600,0.00
1629195100,2466.00,20261001,1,54,0,0.06,150.56400000,151.26600000,109.54600,2466.00
1629365400,0.00,20261001,0,56,1,0.06,150.71500000,151.14000000,109.66800,0.00
1629371907,3564.00,20261001,1,56,0,0.06,150.12100000,151.14000000,109.66800,3564.00
1629455400,0.00,20261001,0,58,1,0.06,149.20200000,149.76800000,109.79200,0.00
1629478018,-3396.00,20261001,1,58,0,0.06,149.76800000,149.76800000,109.79200,-3396.00
1629804600,0.00,20261001,0,60,1,0.06,150.34200000,150.84500000,109.50200,0.00
1629835200,-1200.00,20261001,1,60,0,0.06,150.54200000,150.84500000,109.50200,-1200.00
1629891000,0.00,20261001,0,62,0,0.01,150.90000000,150.44500000,109.99900,0.00
1629921600,288.00,20261001,1,62,1,0.01,151.18800000,150.44500000,109.99900,288.00
1629974700,0.00,20261001,0,64,0,0.06,151.54100000,151.21100000,110.07700,0.00
1629986416,-1980.00,20261001,1,64,1,0.06,151.21100000,151.21100000,110.07700,-1980.00
1630060200,0.00,20261001,0,66,0,0.06,150.93900000,150.53200000,109.84100,0.00
1630084303,3426.00,20261001,1,66,1,0.06,151.51000000,150.53200000,109.84100,3426.00
1630401300,0.00,20261001,0,68,0,0.01,151.55200000,151.17100000,109.99200,0.00
1630424129,-381.00,20261001,1,68,1,0.01,151.17100000,151.17100000,109.99200,-381.00
1630579500,0.00,20261001,0,70,0,0.01,151.74400000,151.35400000,109.92400,0.00
1630612800,414.00,20261001,1,70,1,0.01,152.15800000,151.35400000,109.92400,414.00
1631184300,0.00,20261001,0,72,1,0.01,151.46400000,151.79400000,109.68700,0.00
1631187451,-330.00,20261001,1,72,0,0.01,151.79400000,151.79400000,109.68700,-330.00
1631268000,0.00,20261001,0,74,0,0.01,152.36800000,151.80800000,109.89200,0.00
1631304000,-79.00,20261001,1,74,1,0.01,152.28900000,151.80800000,109.89200,-79.00
1631614500,0.00,20261001,0,76,0,0.01,152.54900000,152.12900000,109.67900,0.00
1631640332,-423.00,20261001,1,76,1,0.01,152.12600000,152.12900000,109.67900,-423.00
1631879100,0.00,20261001,0,78,0,0.01,151.84800000,151.27600000,109.96400,0.00
1631900201,-575.00,20261001,1,78,1,0.01,151.27300000,151.27600000,109.96400,-575.00
1632129300,0.00,20261001,0,80,1,0.01,150.54300000,151.01800000,109.42300,0.00
1632136661,675.00,20261001,1,80,0,0.01,149.86800000,151.01800000,109.42300,675.00
1632219300,0.00,20261001,0,82,0,0.01,149.92500000,149.32000000,109.20900,0.00
1632240100,-605.00,20261001,1,82,1,0.01,149.32000000,149.32000000,109.20900,-605.00
1632390300,0.00,20261001,0,84,0,0.01,150.00300000,149.46100000,110.31400,0.00
1632407585,759.00,20261001,1,84,1,0.01,150.76200000,149.46100000,110.31400,759.00
1632476700,0.00,20261001,0,86,0,0.01,151.70100000,151.30700000,110.72500,0.00
1632481662,-401.00,20261001,1,86,1,0.01,151.30000000,151.30700000,110.72500,-401.00
1632482100,0.00,20261001,0,88,1,0.06,151.18300000,151.56200000,110.72500,0.00
1632501315,-2274.00,20261001,1,88,0,0.06,151.56200000,151.56200000,110.72500,-2274.00
1632739500,0.00,20261001,0,90,0,0.01,151.56900000,151.19500000,110.99400,0.00
1632751897,525.00,20261001,1,90,1,0.01,152.09400000,151.19500000,110.99400,525.00
1632910500,0.00,20261001,0,92,1,0.06,150.50400000,151.11200000,111.94900,0.00
1632945600,1290.00,20261001,1,92,0,0.06,150.28900000,151.11200000,111.94900,1290.00
1633081500,0.00,20261001,0,94,1,0.01,149.47700000,150.03800000,111.06100,0.00
1633093062,-565.00,20261001,1,94,0,0.01,150.04200000,150.03800000,111.06100,-565.00
1633342500,0.00,20261001,0,96,0,0.01,150.69900000,150.25000000,110.91300,0.00
1633365905,629.00,20261001,1,96,1,0.01,151.32800000,150.25000000,110.91300,629.00
1633428000,0.00,20261001,0,98,0,0.01,151.20500000,150.83400000,111.45100,0.00
1633444161,524.00,20261001,1,98,1,0.01,151.72900000,150.83400000,111.45100,524.00
1634119200,0.00,20261001,0,100,0,0.01,154.57100000,154.19700000,113.23900,0.00
1634155200,191.00,20261001,1,100,1,0.01,154.76200000,154.19700000,113.23900,191.00
1634203800,0.00,20261001,0,102,0,0.01,155.32600000,154.74000000,113.66700,0.00
1634241600,188.00,20261001,1,102,1,0.01,155.51400000,154.74000000,113.66700,188.00
1634292000,0.00,20261001,0,104,0,0.01,156.22100000,155.52900000,114.24300,0.00
1634306549,969.00,20261001,1,104,1,0.01,157.19000000,155.52900000,114.24300,969.00
1634727600,0.00,20261001,0,106,1,0.06,157.49200000,158.08000000,114.22300,0.00
1634760000,-1824.00,20261001,1,106,0,0.06,157.79600000,158.08000000,114.22300,-1824.00
1634809500,0.00,20261001,0,108,1,0.01,157.23700000,158.04000000,113.95800,0.00
1634846400,365.00,20261001,1,108,0,0.01,156.87200000,158.04000000,113.95800,365.00
1634900400,0.00,20261001,0,110,1,0.06,156.91000000,157.52100000,113.48000,0.00
1634929063,5262.00,20261001,1,110,0,0.06,156.03300000,157.52100000,113.48000,5262.00
1635241500,0.00,20261001,0,112,0,0.01,156.87600000,156.51200000,114.14000,0.00
1635253589,510.00,20261001,1,112,1,0.01,157.38600000,156.51200000,114.14000,510.00
1635330600,0.00,20261001,0,114,1,0.01,156.71000000,157.18900000,113.79800,0.00
1635335979,670.00,20261001,1,114,0,0.01,156.04000000,157.18900000,113.79800,670.00
1635417900,0.00,20261001,0,116,0,0.06,156.47200000,156.06800000,113.55800,0.00
1635421231,-2430.00,20261001,1,116,1,0.06,156.06700000,156.06800000,113.55800,-2430.00
1635844500,0.00,20261001,0,118,1,0.01,155.10300000,155.74000000,113.94900,0.00
1635883200,145.00,20261001,1,118,0,0.01,154.95800000,155.74000000,113.94900,145.00
1636024500,0.00,20261001,0,120,1,0.01,155.79400000,156.16000000,113.73900,0.00
1636031321,516.00,20261001,1,120,0,0.01,155.27800000,156.16000000,113.73900,516.00
1636112700,0.00,20261001,0,122,1,0.01,153.09200000,153.64700000,113.38200,0.00
1636142400,-12.00,20261001,1,122,0,0.01,153.10400000,153.64700000,113.38200,-12.00
1636709400,0.00,20261001,0,124,0,0.01,152.82200000,152.45100000,113.91400,0.00
1636734665,-371.00,20261001,1,124,1,0.01,152.45100000,152.45100000,113.91400,-371.00
1637054100,0.00,20261001,0,126,0,0.01,153.56200000,153.05900000,114.80900,0.00
1637092800,356.00,20261001,1,126,1,0.01,153.91800000,153.05900000,114.80900,356.00
1637140500,0.00,20261001,0,128,0,0.01,154.54400000,154.03000000,113.97700,0.00
1637177790,-514.00,20261001,1,128,1,0.01,154.03000000,154.03000000,113.97700,-514.00
1637234100,0.00,20261001,0,130,0,0.01,154.20100000,153.74800000,114.23900,0.00
1637265600,-5.00,20261001,1,130,1,0.01,154.19600000,153.74800000,114.23900,-5.00
1637572500,0.00,20261001,0,132,0,0.01,153.61600000,153.19100000,114.86100,0.00
1637575979,-432.00,20261001,1,132,1,0.01,153.18400000,153.19100000,114.86100,-432.00
1637659800,0.00,20261001,0,134,1,0.06,153.68200000,154.12500000,115.11500,0.00
1637697600,-720.00,20261001,1,134,0,0.06,153.80200000,154.12500000,115.11500,-720.00
1637748000,0.00,20261001,0,136,1,0.01,153.62800000,154.05400000,115.40600,0.00
1637784000,-193.00,20261001,1,136,0,0.01,153.82100000,154.05400000,115.40600,-193.00
1638436500,0.00,20261001,0,138,0,0.01,150.54100000,149.69600000,113.00700,0.00
1638475200,26.00,20261001,1,138,1,0.01,150.56700000,149.69600000,113.00700,26.00
1638526500,0.00,20261001,0,140,0,0.01,150.61100000,150.24700000,112.82500,0.00
1638536612,-379.00,20261001,1,140,1,0.01,150.23200000,150.24700000,112.82500,-379.00
1638784800,0.00,20261001,0,142,0,0.01,149.72400000,149.17700000,113.43400,0.00
1638820800,659.00,20261001,1,142,1,0.01,150.38300000,149.17700000,113.43400,659.00
1639044000,0.00,20261001,0,144,1,0.06,149.80800000,150.22600000,113.45000,0.00
1639080000,-1302.00,20261001,1,144,0,0.06,150.02500000,150.22600000,113.45000,-1302.00
1639477800,0.00,20261001,0,146,0,0.01,150.18300000,149.84300000,113.60100,0.00
1639512000,163.00,20261001,1,146,1,0.01,150.34600000,149.84300000,113.60100,163.00
1639649700,0.00,20261001,0,148,0,0.01,151.59400000,151.07700000,113.60200,0.00
1639663241,755.00,20261001,1,148,1,0.01,152.34900000,151.07700000,113.60200,755.00
1639991700,0.00,20261001,0,150,1,0.01,149.84000000,150.43400000,113.52100,0.00
1640030400,-131.00,20261001,1,150,0,0.01,149.97100000,150.43400000,113.52100,-131.00
1640079000,0.00,20261001,0,152,0,0.01,150.44900000,149.98700000,114.05400,0.00
1640110062,646.00,20261001,1,152,1,0.01,151.09500000,149.98700000,114.05400,646.00
1640252700,0.00,20261001,0,154,0,0.01,152.70800000,152.26400000,114.37400,0.00
1640262150,623.00,20261001,1,154,1,0.01,153.33100000,152.26400000,114.37400,623.00
1640599200,0.00,20261001,0,156,0,0.01,153.51100000,153.05600000,114.80700,0.00
1640622868,639.00,20261001,1,156,1,0.01,154.15000000,153.05600000,114.80700,639.00
1641290400,0.00,20261001,0,158,0,0.01,156.12300000,155.28800000,116.12000,0.00
1641313958,1168.00,20261001,1,158,1,0.01,157.29100000,155.28800000,116.12000,1168.00
1641463200,0.00,20261001,0,160,1,0.01,156.40900000,157.29800000,115.81500,0.00
1641499200,-296.00,20261001,1,160,0,0.01,156.70500000,157.29800000,115.81500,-296.00
1641896100,0.00,20261001,0,162,0,0.01,156.93300000,156.20600000,115.28500,0.00
1641931200,282.00,20261001,1,162,1,0.01,157.21500000,156.20600000,115.28500,282.00
1642411800,0.00,20261001,0,164,0,0.01,156.61200000,156.00300000,114.59400,0.00
1642449600,-148.00,20261001,1,164,1,0.01,156.46400000,156.00300000,114.59400,-148.00
1642504500,0.00,20261001,0,166,1,0.06,156.21100000,156.78000000,114.60400,0.00
1642536000,3726.00,20261001,1,166,0,0.06,155.59000000,156.78000000,114.60400,3726.00
1643021100,0.00,20261001,0,168,1,0.06,153.97000000,154.38400000,113.86500,0.00
1643026778,3474.00,20261001,1,168,0,0.06,153.39100000,154.38400000,113.86500,3474.00
1643192100,0.00,20261001,0,170,0,0.01,154.01400000,153.59800000,114.55300,0.00
1643224753,583.00,20261001,1,170,1,0.01,154.59700000,153.59800000,114.55300,583.00
1643623200,0.00,20261001,0,172,0,0.01,155.08500000,154.47500000,115.04400,0.00
1643652125,-624.00,20261001,1,172,1,0.01,154.46100000,154.47500000,115.04400,-624.00
1643707800,0.00,20261001,0,174,0,0.06,154.94200000,154.55600000,114.66300,0.00
1643727479,-2346.00,20261001,1,174,1,0.06,154.55100000,154.55600000,114.66300,-2346.00
1643883300,0.00,20261001,0,176,0,0.06,155.42700000,155.11000000,114.94700,0.00
1643896829,2664.00,20261001,1,176,1,0.06,155.87100000,155.11000000,114.94700,2664.00
1643975100,0.00,20261001,0,178,1,0.01,156.03100000,156.41500000,115.16400,0.00
1644004800,40.00,20261001,1,178,0,0.01,155.99100000,156.41500000,115.16400,40.00
1644320700,0.00,20261001,0,180,0,0.01,156.29600000,155.60300000,115.52800,0.00
1644350400,258.00,20261001,1,180,1,0.01,156.55400000,155.60300000,115.52800,258.00
1644487200,0.00,20261001,0,182,0,0.01,156.59900000,156.17700000,115.93800,0.00
1644492929,591.00,20261001,1,182,1,0.01,157.19000000,156.17700000,115.93800,591.00
1644576300,0.00,20261001,0,184,0,0.06,157.39300000,156.98800000,115.26000,0.00
1644609600,1314.00,20261001,1,184,1,0.06,157.61200000,156.98800000,115.26000,1314.00
1644833700,0.00,20261001,0,186,1,0.01,155.94500000,156.71000000,115.52300,0.00
1644868800,-526.00,20261001,1,186,0,0.01,156.47100000,156.71000000,115.52300,-526.00
1644920100,0.00,20261001,0,188,0,0.06,156.59700000,156.05600000,115.59300,0.00
1644955200,-474.00,20261001,1,188,1,0.06,156.51800000,156.05600000,115.59300,-474.00
1645002900,0.00,20261001,0,190,0,0.01,156.85100000,156.41200000,115.47400,0.00
1645027121,-439.00,20261001,1,190,1,0.01,156.41200000,156.41200000,115.47400,-439.00
1645179300,0.00,20261001,0,192,0,0.01,156.89400000,156.35000000,114.98500,0.00
1645202131,-554.00,20261001,1,192,1,0.01,156.34000000,156.35000000,114.98500,-554.00
1645434900,0.00,20261001,0,194,0,0.01,156.70800000,156.20200000,114.72800,0.00
1645456780,-507.00,20261001,1,194,1,0.01,156.20100000,156.20200000,114.72800,-507.00
1645785000,0.00,20261001,0,196,1,0.06,154.27100000,154.71300000,115.52000,0.00
1645800620,-2652.00,20261001,1,196,0,0.06,154.71300000,154.71300000,115.52000,-2652.00
1646135100,0.00,20261001,0,198,1,0.06,154.03000000,154.56300000,114.87800,0.00
1646157392,4500.00,20261001,1,198,0,0.06,153.28000000,154.56300000,114.87800,4500.00
1646212500,0.00,20261001,0,200,1,0.06,152.86600000,153.34600000,115.51300,0.00
1646217572,-2922.00,20261001,1,200,0,0.06,153.35300000,153.34600000,115.51300,-2922.00
1646392500,0.00,20261001,0,202,1,0.01,153.55500000,154.08700000,114.71800,0.00
1646408585,769.00,20261001,1,202,0,0.01,152.78600000,154.08700000,114.71800,769.00
1646645400,0.00,20261001,0,204,0,0.01,152.17900000,151.60500000,115.26200,0.00
1646648257,-574.00,20261001,1,204,1,0.01,151.60500000,151.60500000,115.26200,-574.00
1646649900,0.00,20261001,0,206,1,0.06,151.37200000,151.99200000,115.26200,0.00
1646662767,-3720.00,20261001,1,206,0,0.06,151.99200000,151.99200000,115.26200,-3720.00
1646820900,0.00,20261001,0,208,0,0.01,152.08800000,151.52100000,115.77800,0.00
1646856000,550.00,20261001,1,208,1,0.01,152.63800000,151.52100000,115.77800,550.00
1646908200,0.00,20261001,0,210,1,0.06,152.35000000,152.90100000,116.12500,0.00
1646927132,-3336.00,20261001,1,210,0,0.06,152.90600000,152.90100000,116.12500,-3336.00
1646990100,0.00,20261001,0,212,0,0.01,152.88300000,152.04700000,117.24400,0.00
1647028800,-26.00,20261001,1,212,1,0.01,152.85700000,152.04700000,117.24400,-26.00
1647253800,0.00,20261001,0,214,0,0.01,153.50900000,152.95700000,118.17300,0.00
1647288000,244.00,20261001,1,214,1,0.01,153.75300000,152.95700000,118.17300,244.00
1647343800,0.00,20261001,0,216,1,0.06,153.44900000,154.31200000,118.28200,0.00
1647360796,-5178.00,20261001,1,216,0,0.06,154.31200000,154.31200000,118.28200,-5178.00
1647512100,0.00,20261001,0,218,0,0.01,156.60800000,156.09200000,118.58600,0.00
1647522042,-539.00,20261001,1,218,1,0.01,156.06900000,156.09200000,118.58600,-539.00
1647594900,0.00,20261001,0,220,0,0.01,156.42800000,155.94900000,119.10800,0.00
1647632730,671.00,20261001,1,220,1,0.01,157.09900000,155.94900000,119.10800,671.00
1647945000,0.00,20261001,0,222,0,0.01,158.25300000,157.38300000,120.76300,0.00
1647955220,1221.00,20261001,1,222,1,0.01,159.47400000,157.38300000,120.76300,1221.00
1648035900,0.00,20261001,0,224,1,0.06,160.06200000,160.89900000,121.14100,0.00
1648065600,1314.00,20261001,1,224,0,0.06,159.84300000,160.89900000,121.14100,1314.00
1648114200,0.00,20261001,0,226,0,0.01,160.26400000,159.69500000,122.31000,0.00
1648149861,803.00,20261001,1,226,1,0.01,161.06700000,159.69500000,122.31000,803.00
1648208700,0.00,20261001,0,228,1,0.01,160.05900000,161.22800000,121.96800,0.00
1648226441,-1171.00,20261001,1,228,0,0.01,161.23000000,161.22800000,121.96800,-1171.00
1648461600,0.00,20261001,0,230,0,0.01,162.26600000,160.97200000,123.75100,0.00
1648468112,1817.00,20261001,1,230,1,0.01,164.08300000,160.97200000,123.75100,1817.00
1648720800,0.00,20261001,0,232,1,0.06,159.68300000,160.66400000,121.57800,0.00
1648756800,-192.00,20261001,1,232,0,0.06,159.71500000,160.66400000,121.57800,-192.00
1649064600,0.00,20261001,0,234,0,0.01,161.10500000,160.42900000,122.77100,0.00
1649102400,-269.00,20261001,1,234,1,0.01,160.83600000,160.42900000,122.77100,-269.00
1649154600,0.00,20261001,0,236,0,0.06,161.32300000,160.61900000,123.59200,0.00
1649188800,2292.00,20261001,1,236,1,0.06,161.70500000,160.61900000,123.59200,2292.00
1649244600,0.00,20261001,0,238,0,0.01,162.16100000,161.57000000,123.75000,0.00
1649275200,-351.00,20261001,1,238,1,0.01,161.81000000,161.57000000,123.75000,-351.00
1649325600,0.00,20261001,0,240,0,0.01,162.05800000,161.51500000,123.88200,0.00
1649361600,-295.00,20261001,1,240,1,0.01,161.76300000,161.51500000,123.88200,-295.00
1649670300,0.00,20261001,0,242,0,0.01,162.91300000,161.76200000,125.33400,0.00
1649707200,560.00,20261001,1,242,1,0.01,163.47300000,161.76200000,125.33400,560.00
1649841300,0.00,20261001,0,244,0,0.01,163.57800000,163.00300000,125.48100,0.00
1649878356,806.00,20261001,1,244,1,0.01,164.38400000,163.00300000,125.48100,806.00
1650015900,0.00,20261001,0,246,0,0.01,165.39800000,164.48900000,126.42700,0.00
1650052800,-333.00,20261001,1,246,1,0.01,165.06500000,164.48900000,126.42700,-333.00
1650278700,0.00,20261001,0,248,1,0.06,164.64700000,165.28100000,126.97400,0.00
1650312000,-3222.00,20261001,1,248,0,0.06,165.18400000,165.28100000,126.97400,-3222.00
1650618900,0.00,20261001,0,250,1,0.01,166.56900000,167.39000000,128.43600,0.00
1650623382,1156.00,20261001,1,250,0,0.01,165.41300000,167.39000000,128.43600,1156.00
1650879000,0.00,20261001,0,252,1,0.01,163.75800000,165.06600000,128.12600,0.00
1650916800,1199.00,20261001,1,252,0,0.01,162.55900000,165.06600000,128.12600,1199.00
1651050900,0.00,20261001,0,254,0,0.01,160.93700000,159.86000000,128.40900,0.00
1651089600,240.00,20261001,1,254,1,0.01,161.17700000,159.86000000,128.40900,240.00
1651573800,0.00,20261001,0,256,0,0.01,163.15900000,162.52400000,130.12900,0.00
1651586256,-635.00,20261001,1,256,1,0.01,162.52400000,162.52400000,130.12900,-635.00
1651831200,0.00,20261001,0,258,1,0.06,160.37900000,161.44100000,130.51800,0.00
1651867200,-4788.00,20261001,1,258,0,0.06,161.17700000,161.44100000,130.51800,-4788.00
1652346900,0.00,20261001,0,260,1,0.01,158.00900000,159.03600000,128.25200,0.00
1652356799,1438.00,20261001,1,260,0,0.01,156.57100000,159.03600000,128.25200,1438.00
1652780700,0.00,20261001,0,262,0,0.01,160.13500000,158.98500000,129.35800,0.00
1652801802,1614.00,20261001,1,262,1,0.01,161.74900000,158.98500000,129.35800,1614.00
1652868900,0.00,20261001,0,264,1,0.01,160.42500000,161.57400000,128.21100,0.00
1652901698,1609.00,20261001,1,264,0,0.01,158.81600000,161.57400000,128.21100,1609.00
1653390000,0.00,20261001,0,266,1,0.01,160.14800000,160.83400000,126.77300,0.00
1653392319,960.00,20261001,1,266,0,0.01,159.18800000,160.83400000,126.77300,960.00
1653557400,0.00,20261001,0,268,1,0.01,159.78600000,160.62300000,127.10100,0.00
1653595200,-374.00,20261001,1,268,0,0.01,160.16000000,160.62300000,127.10100,-374.00
1653988500,0.00,20261001,0,270,1,0.01,161.13600000,161.81200000,128.55500,0.00
1654014359,-676.00,20261001,1,270,0,0.01,161.81200000,161.81200000,128.55500,-676.00
1654076700,0.00,20261001,0,272,0,0.01,162.93100000,162.12200000,130.08600,0.00
1654102107,-809.00,20261001,1,272,1,0.01,162.12200000,162.12200000,130.08600,-809.00
1654511400,0.00,20261001,0,274,0,0.06,163.64700000,163.04100000,131.84900,0.00
1654535188,5088.00,20261001,1,274,1,0.06,164.49500000,163.04100000,131.84900,5088.00
1654600500,0.00,20261001,0,276,0,0.01,166.17800000,165.27700000,132.52600,0.00
1654632000,788.00,20261001,1,276,1,0.01,166.96600000,165.27700000,132.52600,788.00
1654681500,0.00,20261001,0,278,0,0.01,167.48500000,166.93000000,134.22100,0.00
1654698460,777.00,20261001,1,278,1,0.01,168.26200000,166.93000000,134.22100,777.00
1654770600,0.00,20261001,0,280,1,0.01,167.18800000,168.46200000,134.31200,0.00
1654797321,-1275.00,20261001,1,280,0,0.01,168.46300000,168.46200000,134.31200,-1275.00
1654855200,0.00,20261001,0,282,1,0.01,167.05100000,167.84900000,134.37900,0.00
1654876469,1117.00,20261001,1,282,0,0.01,165.93400000,167.84900000,134.37900,1117.00
1655111700,0.00,20261001,0,284,1,0.06,165.01200000,165.95600000,134.40700,0.00
1655130457,7926.00,20261001,1,284,0,0.06,163.69100000,165.95600000,134.40700,7926.00
1655375400,0.00,20261001,0,286,1,0.06,162.30300000,163.56200000,132.15800,0.00
1655382681,10650.00,20261001,1,286,0,0.06,160.52800000,163.56200000,132.15800,10650.00
1655805600,0.00,20261001,0,288,0,0.01,165.92100000,165.27800000,136.45200,0.00
1655820016,901.00,20261001,1,288,1,0.01,166.82200000,165.27800000,136.45200,901.00
1655892900,0.00,20261001,0,290,1,0.01,166.11900000,167.55700000,136.20500,0.00
1655928000,-981.00,20261001,1,290,0,0.01,167.10000000,167.55700000,136.20500,-981.00
1655980200,0.00,20261001,0,292,1,0.01,165.52300000,166.76500000,134.93800,0.00
1656014400,718.00,20261001,1,292,0,0.01,164.80500000,166.76500000,134.93800,718.00
1656325800,0.00,20261001,0,294,0,0.01,166.46500000,165.34600000,135.41400,0.00
1656360000,-105.00,20261001,1,294,1,0.01,166.36000000,165.34600000,135.41400,-105.00
1656927900,0.00,20261001,0,296,0,0.01,164.09200000,163.19400000,135.48100,0.00
1656964800,251.00,20261001,1,296,1,0.01,164.34300000,163.19400000,135.48100,251.00
1657020600,0.00,20261001,0,298,1,0.06,163.61800000,165.00500000,135.74100,0.00
1657045346,11652.00,20261001,1,298,0,0.06,161.67600000,165.00500000,135.74100,11652.00
1657098900,0.00,20261001,0,300,1,0.01,161.17600000,162.18400000,135.91000,0.00
1657102960,-1008.00,20261001,1,300,0,0.01,162.18400000,162.18400000,135.91000,-1008.00
1657103400,0.00,20261001,0,302,0,0.06,162.55000000,161.45300000,135.91000,0.00
1657109661,-6588.00,20261001,1,302,1,0.06,161.45200000,161.45300000,135.91000,-6588.00
1657187100,0.00,20261001,0,304,0,0.01,162.53400000,161.75900000,135.97000,0.00
1657224000,815.00,20261001,1,304,1,0.01,163.34900000,161.75900000,135.97000,815.00
1657276200,0.00,20261001,0,306,1,0.01,162.46100000,163.66600000,136.01900,0.00
1657296161,-1214.00,20261001,1,306,0,0.01,163.67500000,163.66600000,136.01900,-1214.00
1657621800,0.00,20261001,0,308,1,0.01,162.51400000,163.38500000,136.86300,0.00
1657656000,-283.00,20261001,1,308,0,0.01,162.79700000,163.38500000,136.86300,-283.00
1657705500,0.00,20261001,0,310,0,0.01,163.52900000,162.56200000,137.23700,0.00
1657742400,54.00,20261001,1,310,1,0.01,163.58300000,162.56200000,137.23700,54.00
1657791000,0.00,20261001,0,312,0,0.01,164.13600000,163.28900000,138.93300,0.00
1657828800,-473.00,20261001,1,312,1,0.01,163.66300000,163.28900000,138.93300,-473.00
1657878300,0.00,20261001,0,314,1,0.01,164.03700000,164.58200000,138.51800,0.00
1657915200,-230.00,20261001,1,314,0,0.01,164.26700000,164.58200000,138.51800,-230.00
1658226600,0.00,20261001,0,316,0,0.01,165.50100000,164.83600000,138.17300,0.00
1658260800,249.00,20261001,1,316,1,0.01,165.75000000,164.83600000,138.17300,249.00
1658484000,0.00,20261001,0,318,0,0.01,165.09400000,164.39500000,136.04800,0.00
1658485843,-726.00,20261001,1,318,1,0.01,164.36800000,164.39500000,136.04800,-726.00
1658486700,0.00,20261001,0,320,1,0.06,164.18200000,164.84400000,136.04800,0.00
1658520000,3912.00,20261001,1,320,0,0.06,163.53000000,164.84400000,136.04800,3912.00
1658749500,0.00,20261001,0,322,0,0.06,163.82000000,163.13500000,136.65200,0.00
1658758418,5754.00,20261001,1,322,1,0.06,164.77900000,163.13500000,136.65200,5754.00
1659435300,0.00,20261001,0,324,1,0.01,159.60400000,161.11700000,133.15200,0.00
1659463362,-1517.00,20261001,1,324,0,0.01,161.12100000,161.11700000,133.15200,-1517.00
1659604500,0.00,20261001,0,326,0,0.01,162.97000000,162.39100000,132.77300,0.00
1659621639,811.00,20261001,1,326,1,0.01,163.78100000,162.39100000,132.77300,811.00
1659695400,0.00,20261001,0,328,0,0.01,162.06100000,161.28700000,134.94100,0.00
1659701862,-774.00,20261001,1,328,1,0.01,161.28700000,161.28700000,134.94100,-774.00
1659951000,0.00,20261001,0,330,0,0.01,163.60300000,162.88600000,134.80000,0.00
1659982635,-718.00,20261001,1,330,1,0.01,162.88500000,162.88600000,134.80000,-718.00
1660044600,0.00,20261001,0,332,0,0.01,163.32600000,162.75100000,134.91700,0.00
1660075200,-167.00,20261001,1,332,1,0.01,163.15900000,162.75100000,134.91700,-167.00
1660563900,0.00,20261001,0,334,1,0.01,161.18300000,161.89200000,133.29700,0.00
1660593600,288.00,20261001,1,334,0,0.01,160.89500000,161.89200000,133.29700,288.00
1660646700,0.00,20261001,0,336,0,0.06,160.91900000,160.24300000,134.18800,0.00
1660664321,5682.00,20261001,1,336,1,0.06,161.86600000,160.24300000,134.18800,5682.00
1661164200,0.00,20261001,0,338,1,0.06,161.61900000,162.35400000,137.41700,0.00
1661198400,-1428.00,20261001,1,338,0,0.06,161.85700000,162.35400000,137.41700,-1428.00
1661247000,0.00,20261001,0,340,1,0.01,161.10800000,161.88300000,136.76000,0.00
1661271271,-781.00,20261001,1,340,0,0.01,161.88900000,161.88300000,136.76000,-781.00
1661768100,0.00,20261001,0,342,0,0.01,162.07700000,161.46400000,138.70100,0.00
1661803200,552.00,20261001,1,342,1,0.01,162.62900000,161.46400000,138.70100,552.00
1662376500,0.00,20261001,0,344,0,0.06,161.43700000,160.80100000,140.57400,0.00
1662408000,2292.00,20261001,1,344,1,0.06,161.81900000,160.80100000,140.57400,2292.00
1662544800,0.00,20261001,0,346,0,0.01,165.64900000,164.44200000,143.71800,0.00
1662580800,222.00,20261001,1,346,1,0.01,165.87100000,164.44200000,143.71800,222.00
1662629400,0.00,20261001,0,348,1,0.01,165.28400000,166.10800000,144.09700,0.00
1662667200,-201.00,20261001,1,348,0,0.01,165.48500000,166.10800000,144.09700,-201.00
1663146900,0.00,20261001,0,350,1,0.01,165.22200000,166.28100000,142.91900,0.00
1663185600,-89.00,20261001,1,350,0,0.01,165.31100000,166.28100000,142.91900,-89.00
1663235100,0.00,20261001,0,352,0,0.01,165.48500000,164.87200000,143.46000,0.00
1663244499,-614.00,20261001,1,352,1,0.01,164.87100000,164.87200000,143.46000,-614.00
1663323300,0.00,20261001,0,354,1,0.01,163.83500000,164.43600000,142.89800,0.00
1663325259,841.00,20261001,1,354,0,0.01,162.99400000,164.43600000,142.89800,841.00
1663667100,0.00,20261001,0,356,0,0.01,164.10600000,163.49000000,143.71400,0.00
1663702658,-617.00,20261001,1,356,1,0.01,163.48900000,163.49000000,143.71400,-617.00
1663753500,0.00,20261001,0,358,1,0.06,162.65300000,163.80700000,143.96300,0.00
1663790400,-4386.00,20261001,1,358,0,0.06,163.38400000,163.80700000,143.96300,-4386.00
1663928100,0.00,20261001,0,360,1,0.01,159.28400000,160.23800000,143.13700,0.00
1663940296,1337.00,20261001,1,360,0,0.01,157.94700000,160.23800000,143.13700,1337.00
1664538300,0.00,20261001,0,362,0,0.01,161.91300000,160.51800000,144.70700,0.00
1664544391,-1395.00,20261001,1,362,1,0.01,160.51800000,160.51800000,144.70700,-1395.00
1664878500,0.00,20261001,0,364,0,0.01,164.80800000,163.46800000,144.04400,0.00
1664913600,389.00,20261001,1,364,1,0.01,165.19700000,163.46800000,144.04400,389.00
1665574200,0.00,20261001,0,366,0,0.01,161.55100000,160.07500000,146.89600,0.00
1665604800,1010.00,20261001,1,366,1,0.01,162.56100000,160.07500000,146.89600,1010.00
1667385000,0.00,20261001,0,368,1,0.01,169.25900000,170.11500000,147.86400,0.00
1667419200,686.00,20261001,1,368,0,0.01,168.57300000,170.11500000,147.86400,686.00
1667816100,0.00,20261001,0,370,0,0.01,167.01600000,166.07500000,146.59900,0.00
1667848062,1317.00,20261001,1,370,1,0.01,168.33300000,166.07500000,146.59900,1317.00
1668422700,0.00,20261001,0,372,0,0.06,165.14200000,163.94500000,139.87500,0.00
1668456000,-1422.00,20261001,1,372,1,0.06,164.90500000,163.94500000,139.87500,-1422.00
1669030200,0.00,20261001,0,374,0,0.06,167.11600000,166.26400000,142.10700,0.00
1669060800,2916.00,20261001,1,374,1,0.06,167.60200000,166.26400000,142.10700,2916.00
1669281300,0.00,20261001,0,376,1,0.01,167.57800000,168.16100000,138.29200,0.00
1669320000,-233.00,20261001,1,376,0,0.01,167.81100000,168.16100000,138.29200,-233.00
1669375800,0.00,20261001,0,378,0,0.01,168.35200000,167.54400000,139.12600,0.00
1669406400,-65.00,20261001,1,378,1,0.01,168.28700000,167.54400000,139.12600,-65.00
1669626900,0.00,20261001,0,380,1,0.01,166.45500000,167.88000000,138.92400,0.00
1669665600,-119.00,20261001,1,380,0,0.01,166.57400000,167.88000000,138.92400,-119.00
1669806900,0.00,20261001,0,382,0,0.01,166.45300000,165.53200000,137.98600,0.00
1669838400,-9.00,20261001,1,382,1,0.01,166.44400000,165.53200000,137.98600,-9.00
1669972500,0.00,20261001,0,384,1,0.01,164.88900000,165.77200000,134.30300,0.00
1670005461,-888.00,20261001,1,384,0,0.01,165.77700000,165.77200000,134.30300,-888.00
1670231700,0.00,20261001,0,386,0,0.01,166.33600000,164.97500000,136.61300,0.00
1670270400,98.00,20261001,1,386,1,0.01,166.43400000,164.97500000,136.61300,98.00
1670319000,0.00,20261001,0,388,0,0.01,167.48300000,166.52300000,136.89800,0.00
1670323597,-960.00,20261001,1,388,1,0.01,166.52300000,166.52300000,136.89800,-960.00
1670408100,0.00,20261001,0,390,0,0.01,167.05100000,166.16000000,136.60300,0.00
1670443200,-387.00,20261001,1,390,1,0.01,166.66400000,166.16000000,136.60300,-387.00
1670842800,0.00,20261001,0,392,0,0.01,167.73000000,167.11500000,137.65000,0.00
1670858321,860.00,20261001,1,392,1,0.01,168.59000000,167.11500000,137.65000,860.00
1671183900,0.00,20261001,0,394,1,0.01,167.26700000,167.87600000,136.71100,0.00
1671188984,853.00,20261001,1,394,0,0.01,166.41400000,167.87600000,136.71100,853.00
1671448500,0.00,20261001,0,396,0,0.01,166.24000000,165.09800000,136.89200,0.00
1671480000,346.00,20261001,1,396,1,0.01,166.58600000,165.09800000,136.89200,346.00
1671622200,0.00,20261001,0,398,1,0.06,159.68200000,160.79900000,132.46000,0.00
1671638562,-6702.00,20261001,1,398,0,0.06,160.79900000,160.79900000,132.46000,-6702.00
1671790500,0.00,20261001,0,400,0,0.01,159.99300000,159.10400000,132.78100,0.00
1671825600,117.00,20261001,1,400,1,0.01,160.11000000,159.10400000,132.78100,117.00
1672223400,0.00,20261001,0,402,0,0.01,161.43700000,160.38500000,134.45400,0.00
1672257600,157.00,20261001,1,402,1,0.01,161.59400000,160.38500000,134.45400,157.00
1672392600,0.00,20261001,0,404,1,0.01,159.46900000,160.25800000,131.09300,0.00
1672430400,955.00,20261001,1,404,0,0.01,158.51400000,160.25800000,131.09300,955.00
1672740900,0.00,20261001,0,406,1,0.01,155.86900000,157.97700000,131.00400,0.00
1672776000,-620.00,20261001,1,406,0,0.01,156.48900000,157.97700000,131.00400,-620.00
1673257500,0.00,20261001,0,408,0,0.01,160.38300000,159.44300000,131.87400,0.00
1673294400,291.00,20261001,1,408,1,0.01,160.67400000,159.44300000,131.87400,291.00
1673433000,0.00,20261001,0,410,0,0.01,161.13400000,160.51000000,132.33900,0.00
1673467200,-556.00,20261001,1,410,1,0.01,160.57800000,160.51000000,132.33900,-556.00
1673523000,0.00,20261001,0,412,1,0.01,159.78700000,160.68600000,129.15100,0.00
1673535640,1258.00,20261001,1,412,0,0.01,158.52900000,160.68600000,129.15100,1258.00
1673604900,0.00,20261001,0,414,1,0.01,156.63500000,157.76000000,127.84700,0.00
1673640000,710.00,20261001,1,414,0,0.01,155.92500000,157.76000000,127.84700,710.00
1673865000,0.00,20261001,0,416,0,0.01,157.03600000,156.01900000,128.46700,0.00
1673899200,-135.00,20261001,1,416,1,0.01,156.90100000,156.01900000,128.46700,-135.00
1673947800,0.00,20261001,0,418,0,0.01,157.25500000,156.55400000,128.02000,0.00
1673985600,-5.00,20261001,1,418,1,0.01,157.25000000,156.55400000,128.02000,-5.00
1674553500,0.00,20261001,0,420,1,0.01,161.00400000,161.64000000,130.15200,0.00
1674572043,891.00,20261001,1,420,0,0.01,160.11300000,161.64000000,130.15200,891.00
1674728100,0.00,20261001,0,422,0,0.06,160.97300000,160.13500000,130.21000,0.00
1674763200,1890.00,20261001,1,422,1,0.06,161.28800000,160.13500000,130.21000,1890.00
1674814500,0.00,20261001,0,424,1,0.01,160.65500000,161.40100000,129.82100,0.00
1674849600,-336.00,20261001,1,424,0,0.01,160.99100000,161.40100000,129.82100,-336.00
1675071000,0.00,20261001,0,426,1,0.01,160.25300000,161.17200000,130.25900,0.00
1675079142,-920.00,20261001,1,426,0,0.01,161.17300000,161.17200000,130.25900,-920.00
1675160100,0.00,20261001,0,428,1,0.01,160.47000000,161.07700000,130.04500,0.00
1675195200,-10.00,20261001,1,428,0,0.01,160.48000000,161.07700000,130.04500,-10.00
1675243800,0.00,20261001,0,430,0,0.01,160.66200000,159.99800000,128.93600,0.00
1675249515,-667.00,20261001,1,430,1,0.01,159.99500000,159.99800000,128.93600,-667.00
1675416600,0.00,20261001,0,432,1,0.01,156.81300000,157.27800000,131.16900,0.00
1675424178,-466.00,20261001,1,432,0,0.01,157.27900000,157.27800000,131.16900,-466.00
1675850400,0.00,20261001,0,434,0,0.01,158.37000000,157.73600000,131.32700,0.00
1675886400,240.00,20261001,1,434,1,0.01,158.61000000,157.73600000,131.32700,240.00
1676021400,0.00,20261001,0,436,1,0.01,158.35300000,159.51500000,131.36700,0.00
1676059200,-95.00,20261001,1,436,0,0.01,158.44800000,159.51500000,131.36700,-95.00
1676284200,0.00,20261001,0,438,0,0.01,159.57000000,158.46400000,132.36900,0.00
1676310700,1553.00,20261001,1,438,1,0.01,161.12300000,158.46400000,132.36900,1553.00
1676452500,0.00,20261001,0,440,1,0.01,161.22700000,161.89800000,134.13400,0.00
1676491200,7.00,20261001,1,440,0,0.01,161.22000000,161.89800000,134.13400,7.00
1677232800,0.00,20261001,0,442,0,0.01,162.17300000,161.37400000,136.47300,0.00
1677268800,827.00,20261001,1,442,1,0.01,163.00000000,161.37400000,136.47300,827.00
1677498300,0.00,20261001,0,444,0,0.06,163.25200000,162.70700000,136.13500,0.00
1677525559,4578.00,20261001,1,444,1,0.06,164.01500000,162.70700000,136.13500,4578.00
1677578400,0.00,20261001,0,446,0,0.01,164.60200000,164.08400000,136.10200,0.00
1677582999,725.00,20261001,1,446,1,0.01,165.32700000,164.08400000,136.10200,725.00
1677662100,0.00,20261001,0,448,0,0.01,164.33100000,163.61600000,136.13800,0.00
1677673778,-715.00,20261001,1,448,1,0.01,163.61600000,163.61600000,136.13800,-715.00
1678184100,0.00,20261001,0,450,1,0.06,163.21300000,163.75500000,137.14800,0.00
1678211549,4560.00,20261001,1,450,0,0.06,162.45300000,163.75500000,137.14800,4560.00
1678354200,0.00,20261001,0,452,1,0.01,161.94900000,162.50600000,136.13400,0.00
1678383342,-557.00,20261001,1,452,0,0.01,162.50600000,162.50600000,136.13400,-557.00
1678446900,0.00,20261001,0,454,0,0.01,163.34700000,162.19200000,135.05600,0.00
1678478400,-859.00,20261001,1,454,1,0.01,162.48800000,162.19200000,135.05600,-859.00
1678793400,0.00,20261001,0,456,0,0.01,162.84500000,162.04900000,134.20600,0.00
1678811443,1119.00,20261001,1,456,1,0.01,163.96400000,162.04900000,134.20600,1119.00
1678871700,0.00,20261001,0,458,0,0.01,163.76400000,163.11300000,133.36000,0.00
1678883492,-656.00,20261001,1,458,1,0.01,163.10800000,163.11300000,133.36000,-656.00
1679304600,0.00,20261001,0,460,1,0.01,160.12500000,161.47700000,131.31300,0.00
1679335299,-1353.00,20261001,1,460,0,0.01,161.47800000,161.47700000,131.31300,-1353.00
1679397300,0.00,20261001,0,462,0,0.06,161.77000000,160.92100000,132.47800,0.00
1679428800,-2142.00,20261001,1,462,1,0.06,161.41300000,160.92100000,132.47800,-2142.00
1679656500,0.00,20261001,0,464,1,0.01,159.31100000,160.61800000,130.71200,0.00
1679688000,-493.00,20261001,1,464,0,0.01,159.80400000,160.61800000,130.71200,-493.00
1679908500,0.00,20261001,0,466,0,0.01,160.32800000,159.60200000,131.54100,0.00
1679926047,1017.00,20261001,1,466,1,0.01,161.34500000,159.60200000,131.54100,1017.00
1680000300,0.00,20261001,0,468,0,0.06,161.71800000,160.90600000,130.84400,0.00
1680007538,-4878.00,20261001,1,468,1,0.06,160.90500000,160.90600000,130.84400,-4878.00
1680081300,0.00,20261001,0,470,0,0.01,162.60100000,161.56400000,132.84500,0.00
1680120000,674.00,20261001,1,470,1,0.01,163.27500000,161.56400000,132.84500,674.00
1680516900,0.00,20261001,0,472,0,0.06,164.44700000,163.62100000,132.39200,0.00
1680552000,-1530.00,20261001,1,472,1,0.06,164.19200000,163.62100000,132.39200,-1530.00
1680604200,0.00,20261001,0,474,0,0.01,165.13100000,164.32200000,131.68800,0.00
1680610719,1134.00,20261001,1,474,1,0.01,166.26500000,164.32200000,131.68800,1134.00
1680693300,0.00,20261001,0,476,1,0.01,163.94900000,164.53200000,131.30200,0.00
1680714212,838.00,20261001,1,476,0,0.01,163.11100000,164.53200000,131.30200,838.00
1680773400,0.00,20261001,0,478,0,0.06,163.59400000,163.02300000,131.75800,0.00
1680811200,2238.00,20261001,1,478,1,0.06,163.96700000,163.02300000,131.75800,2238.00
1681812900,0.00,20261001,0,480,0,0.01,166.90200000,166.27200000,134.09500,0.00
1681848000,-252.00,20261001,1,480,1,0.01,166.65000000,166.27200000,134.09500,-252.00
1681895700,0.00,20261001,0,482,0,0.01,167.26200000,166.57000000,134.69300,0.00
1681934400,417.00,20261001,1,482,1,0.01,167.67900000,166.57000000,134.69300,417.00
1682068500,0.00,20261001,0,484,1,0.01,166.29900000,166.91000000,134.11900,0.00
1682107200,-432.00,20261001,1,484,0,0.01,166.73100000,166.91000000,134.11900,-432.00
1682418600,0.00,20261001,0,486,1,0.01,167.13900000,167.82800000,133.72000,0.00
1682439028,965.00,20261001,1,486,0,0.01,166.17400000,167.82800000,133.72000,965.00
1682502300,0.00,20261001,0,488,0,0.01,166.30900000,165.75700000,133.65500,0.00
1682539200,522.00,20261001,1,488,1,0.01,166.83100000,165.75700000,133.65500,522.00
1683026100,0.00,20261001,0,490,1,0.06,171.51100000,172.15300000,136.53400,0.00
1683047429,5394.00,20261001,1,490,0,0.06,170.61200000,172.15300000,136.53400,5394.00
1683193500,0.00,20261001,0,492,1,0.01,168.78200000,169.32900000,134.23600,0.00
1683196294,-547.00,20261001,1,492,0,0.01,169.32900000,169.32900000,134.23600,-547.00
1683629100,0.00,20261001,0,494,1,0.01,169.90000000,170.50900000,135.13900,0.00
1683656175,-610.00,20261001,1,494,0,0.01,170.51000000,170.50900000,135.13900,-610.00
1683711000,0.00,20261001,0,496,0,0.01,170.93600000,170.47100000,134.28900,0.00
1683727176,-465.00,20261001,1,496,1,0.01,170.47100000,170.47100000,134.28900,-465.00
1683883800,0.00,20261001,0,498,0,0.01,168.68000000,168.18200000,135.71200,0.00
1683921600,233.00,20261001,1,498,1,0.01,168.91300000,168.18200000,135.71200,233.00
1684151100,0.00,20261001,0,500,0,0.01,169.93100000,168.98100000,136.10200,0.00
1684180800,624.00,20261001,1,500,1,0.01,170.55500000,168.98100000,136.10200,624.00
1684401300,0.00,20261001,0,502,1,0.01,171.38700000,171.82900000,138.69100,0.00
1684424668,-442.00,20261001,1,502,0,0.01,171.82900000,171.82900000,138.69100,-442.00
1684491300,0.00,20261001,0,504,1,0.01,171.39700000,171.99900000,137.95400,0.00
1684505834,-603.00,20261001,1,504,0,0.01,172.00000000,171.99900000,137.95400,-603.00
1684836900,0.00,20261001,0,506,1,0.01,171.90700000,172.50400000,138.57100,0.00
1684872000,-227.00,20261001,1,506,0,0.01,172.13400000,172.50400000,138.57100,-227.00
1685008800,0.00,20261001,0,508,0,0.06,172.48800000,171.82900000,140.04100,0.00
1685044800,-1506.00,20261001,1,508,1,0.06,172.23700000,171.82900000,140.04100,-1506.00
1685439000,0.00,20261001,0,510,0,0.01,173.79000000,173.19200000,139.77300,0.00
1685439222,-599.00,20261001,1,510,1,0.01,173.19100000,173.19200000,139.77300,-599.00
1685441700,0.00,20261001,0,512,1,0.01,172.99200000,173.51300000,139.77300,0.00
1685448197,-521.00,20261001,1,512,0,0.01,173.51300000,173.51300000,139.77300,-521.00
1685531700,0.00,20261001,0,514,1,0.01,172.55600000,173.44000000,139.32900,0.00
1685551204,-885.00,20261001,1,514,0,0.01,173.44100000,173.44000000,139.32900,-885.00
1685610900,0.00,20261001,0,516,0,0.01,173.67000000,173.09000000,138.78200,0.00
1685649600,270.00,20261001,1,516,1,0.01,173.94000000,173.09000000,138.78200,270.00
1686047400,0.00,20261001,0,518,1,0.01,173.05300000,173.65400000,139.62200,0.00
1686071370,-601.00,20261001,1,518,0,0.01,173.65400000,173.65400000,139.62200,-601.00
1686132000,0.00,20261001,0,520,1,0.01,172.74300000,173.38300000,140.06600,0.00
1686139203,-641.00,20261001,1,520,0,0.01,173.38400000,173.38300000,140.06600,-641.00
1686303900,0.00,20261001,0,522,0,0.01,175.19800000,174.35000000,139.36200,0.00
1686340800,140.00,20261001,1,522,1,0.01,175.33800000,174.35000000,139.36200,140.00
1686564900,0.00,20261001,0,524,0,0.01,175.55100000,175.07200000,139.58800,0.00
1686576975,-479.00,20261001,1,524,1,0.01,175.07200000,175.07200000,139.58800,-479.00
1686647700,0.00,20261001,0,526,0,0.01,175.23400000,174.55200000,140.20200,0.00
1686679060,955.00,20261001,1,526,1,0.01,176.18900000,174.55200000,140.20200,955.00
1686906900,0.00,20261001,0,528,0,0.01,180.02200000,179.05800000,141.87200,0.00
1686933460,1350.00,20261001,1,528,1,0.01,181.37200000,179.05800000,141.87200,1350.00
1687261500,0.00,20261001,0,530,1,0.01,181.07200000,181.90000000,141.43800,0.00
1687291200,870.00,20261001,1,530,0,0.01,180.20200000,181.90000000,141.43800,870.00
1687338900,0.00,20261001,0,532,0,0.01,181.30700000,180.45700000,141.85500,0.00
1687349620,-851.00,20261001,1,532,1,0.01,180.45600000,180.45700000,141.85500,-851.00
1687517100,0.00,20261001,0,534,1,0.01,181.44800000,182.33600000,143.70700,0.00
1687525479,-888.00,20261001,1,534,0,0.01,182.33600000,182.33600000,143.70700,-888.00
1687858200,0.00,20261001,0,536,0,0.01,182.97400000,182.35200000,144.05900,0.00
1687896000,584.00,20261001,1,536,1,0.01,183.55800000,182.35200000,144.05900,584.00
1688638500,0.00,20261001,0,538,1,0.01,182.56000000,183.51400000,144.05500,0.00
1688649461,-955.00,20261001,1,538,0,0.01,183.51500000,183.51400000,144.05500,-955.00
1688722200,0.00,20261001,0,540,1,0.01,182.81200000,183.43000000,142.08900,0.00
1688760000,208.00,20261001,1,540,0,0.01,182.60400000,183.43000000,142.08900,208.00
1688985000,0.00,20261001,0,542,1,0.06,182.19200000,183.02800000,141.29400,0.00
1689019200,2652.00,20261001,1,542,0,0.06,181.75000000,183.02800000,141.29400,2652.00
1689073200,0.00,20261001,0,544,1,0.01,180.91100000,181.79500000,140.35000,0.00
1689093931,-885.00,20261001,1,544,0,0.01,181.79600000,181.79500000,140.35000,-885.00
1689154200,0.00,20261001,0,546,1,0.01,180.64300000,181.35400000,138.48300,0.00
1689187232,996.00,20261001,1,546,0,0.01,179.64700000,181.35400000,138.48300,996.00
1689246900,0.00,20261001,0,548,0,0.01,180.50100000,179.65800000,138.03200,0.00
1689278400,555.00,20261001,1,548,1,0.01,181.05600000,179.65800000,138.03200,555.00
1689329700,0.00,20261001,0,550,0,0.06,181.40800000,180.42200000,138.78400,0.00
1689364800,2496.00,20261001,1,550,1,0.06,181.82400000,180.42200000,138.78400,2496.00
1689587100,0.00,20261001,0,552,1,0.01,181.03500000,181.67800000,138.70000,0.00
1689591199,-643.00,20261001,1,552,0,0.01,181.67800000,181.67800000,138.70000,-643.00
1689671700,0.00,20261001,0,554,1,0.01,181.12600000,181.55000000,138.81900,0.00
1689698307,595.00,20261001,1,554,0,0.01,180.53100000,181.55000000,138.81900,595.00
1689758100,0.00,20261001,0,556,1,0.06,180.44500000,181.47700000,139.53300,0.00
1689796800,1182.00,20261001,1,556,0,0.06,180.24800000,181.47700000,139.53300,1182.00
1689848100,0.00,20261001,0,558,1,0.01,180.05000000,180.59400000,140.06200,0.00
1689883200,-492.00,20261001,1,558,0,0.01,180.54200000,180.59400000,140.06200,-492.00
1689930900,0.00,20261001,0,560,0,0.01,180.89600000,180.06300000,141.82200,0.00
1689937300,1167.00,20261001,1,560,1,0.01,182.06300000,180.06300000,141.82200,1167.00
1690195500,0.00,20261001,0,562,1,0.06,181.65100000,182.22000000,141.46500,0.00
1690214114,4782.00,20261001,1,562,0,0.06,180.85400000,182.22000000,141.46500,4782.00
1690458300,0.00,20261001,0,564,0,0.01,181.80500000,181.00300000,139.37800,0.00
1690475499,-802.00,20261001,1,564,1,0.01,181.00300000,181.00300000,139.37800,-802.00
1690797600,0.00,20261001,0,566,0,0.01,182.63400000,181.18300000,142.25800,0.00
1690833600,94.00,20261001,1,566,1,0.01,182.72800000,181.18300000,142.25800,94.00
1690967700,0.00,20261001,0,568,1,0.01,182.29900000,182.96700000,143.31500,0.00
1691006400,113.00,20261001,1,568,0,0.01,182.18600000,182.96700000,143.31500,113.00
1691057700,0.00,20261001,0,570,1,0.06,182.05200000,182.62100000,142.51300,0.00
1691062898,4782.00,20261001,1,570,0,0.06,181.25500000,182.62100000,142.51300,4782.00
1691658900,0.00,20261001,0,572,0,0.01,183.38600000,182.75700000,144.71500,0.00
1691697600,282.00,20261001,1,572,1,0.01,183.66800000,182.75700000,144.71500,282.00
1692350100,0.00,20261001,0,574,1,0.01,184.99400000,185.75100000,145.36100,0.00
1692388800,101.00,20261001,1,574,0,0.01,184.89300000,185.75100000,145.36100,101.00
1692785700,0.00,20261001,0,576,0,0.01,185.87400000,185.47900000,144.82000,0.00
1692786688,-395.00,20261001,1,576,1,0.01,185.47900000,185.47900000,144.82000,-395.00
1692787500,0.00,20261001,0,578,1,0.06,185.07100000,185.73100000,144.82000,0.00
1692790599,5550.00,20261001,1,578,0,0.06,184.14600000,185.73100000,144.82000,5550.00
1693386900,0.00,20261001,0,580,0,0.01,184.71100000,184.24200000,146.21300,0.00
1693404179,660.00,20261001,1,580,1,0.01,185.37100000,184.24200000,146.21300,660.00
1693476900,0.00,20261001,0,582,1,0.01,185.34000000,185.88700000,145.51800,0.00
1693504537,766.00,20261001,1,582,0,0.01,184.57400000,185.88700000,145.51800,766.00
1693821600,0.00,20261001,0,584,0,0.01,184.43600000,183.92200000,146.46100,0.00
1693857600,551.00,20261001,1,584,1,0.01,184.98700000,183.92200000,146.46100,551.00
1693911600,0.00,20261001,0,586,1,0.06,184.56100000,185.17600000,147.70200,0.00
1693929959,-3690.00,20261001,1,586,0,0.06,185.17600000,185.17600000,147.70200,-3690.00
1693993500,0.00,20261001,0,588,1,0.01,184.96800000,185.48300000,147.64000,0.00
1694030400,443.00,20261001,1,588,0,0.01,184.52500000,185.48300000,147.64000,443.00
1694080800,0.00,20261001,0,590,1,0.01,184.15600000,184.67700000,147.27800,0.00
1694103040,736.00,20261001,1,590,0,0.01,183.42000000,184.67700000,147.27800,736.00
1694170800,0.00,20261001,0,592,0,0.01,184.15300000,183.27000000,147.78500,0.00
1694203200,-10.00,20261001,1,592,1,0.01,184.14300000,183.27000000,147.78500,-10.00
1694423700,0.00,20261001,0,594,1,0.01,182.73900000,183.60300000,146.56300,0.00
1694436123,-865.00,20261001,1,594,0,0.01,183.60400000,183.60300000,146.56300,-865.00
1694510100,0.00,20261001,0,596,0,0.01,183.85000000,183.32600000,147.07500,0.00
1694515528,-525.00,20261001,1,596,1,0.01,183.32500000,183.32600000,147.07500,-525.00
1694517300,0.00,20261001,0,598,1,0.06,183.04400000,183.67600000,147.07500,0.00
1694545958,-3792.00,20261001,1,598,0,0.06,183.67600000,183.67600000,147.07500,-3792.00
1694597400,0.00,20261001,0,600,1,0.06,183.36900000,184.09000000,147.45000,0.00
1694619401,-4326.00,20261001,1,600,0,0.06,184.09000000,184.09000000,147.45000,-4326.00
1694772900,0.00,20261001,0,602,0,0.01,183.60800000,182.91300000,147.81900,0.00
1694808000,-269.00,20261001,1,602,1,0.01,183.33900000,182.91300000,147.81900,-269.00
1695296700,0.00,20261001,0,604,1,0.01,182.34500000,182.92500000,147.56400,0.00
1695304818,812.00,20261001,1,604,0,0.01,181.53300000,182.92500000,147.56400,812.00
1695375900,0.00,20261001,0,606,0,0.01,182.19900000,181.37200000,148.35400,0.00
1695385596,-827.00,20261001,1,606,1,0.01,181.37200000,181.37200000,148.35400,-827.00
1695899700,0.00,20261001,0,608,0,0.06,181.73300000,181.18000000,149.29300,0.00
1695931200,2334.00,20261001,1,608,1,0.06,182.12200000,181.18000000,149.29300,2334.00
1696239900,0.00,20261001,0,610,0,0.01,182.67200000,182.19300000,149.84400,0.00
1696250615,-480.00,20261001,1,610,1,0.01,182.19200000,182.19300000,149.84400,-480.00
1696329000,0.00,20261001,0,612,1,0.01,180.61200000,181.11900000,148.97600,0.00
1696331141,-507.00,20261001,1,612,0,0.01,181.11900000,181.11900000,148.97600,-507.00
1696419900,0.00,20261001,0,614,0,0.01,180.37700000,179.81200000,149.11000,0.00
1696434458,791.00,20261001,1,614,1,0.01,181.16800000,179.81200000,149.11000,791.00
1696583700,0.00,20261001,0,616,0,0.01,181.25800000,180.86000000,149.27500,0.00
1696595713,558.00,20261001,1,616,1,0.01,181.81600000,180.86000000,149.27500,558.00
1696845600,0.00,20261001,0,618,1,0.06,181.70300000,182.21200000,148.47900,0.00
1696881600,1758.00,20261001,1,618,0,0.06,181.41000000,182.21200000,148.47900,1758.00
1696933800,0.00,20261001,0,620,0,0.01,182.13500000,181.64000000,148.69900,0.00
1696968000,448.00,20261001,1,620,1,0.01,182.58300000,181.64000000,148.69900,448.00
1697017500,0.00,20261001,0,622,0,0.01,183.10800000,182.48600000,149.14700,0.00
1697023418,-622.00,20261001,1,622,1,0.01,182.48600000,182.48600000,149.14700,-622.00
1697193000,0.00,20261001,0,624,0,0.01,182.84600000,182.37900000,149.57100,0.00
1697202037,-467.00,20261001,1,624,1,0.01,182.37900000,182.37900000,149.57100,-467.00
1697447700,0.00,20261001,0,626,0,0.01,181.86900000,181.21200000,149.49400,0.00
1697486400,617.00,20261001,1,626,1,0.01,182.48600000,181.21200000,149.49400,617.00
1697706900,0.00,20261001,0,628,1,0.01,181.45500000,181.90100000,149.76200,0.00
1697709941,-446.00,20261001,1,628,0,0.01,181.90100000,181.90100000,149.76200,-446.00
1698139800,0.00,20261001,0,630,0,0.01,183.71700000,183.18300000,149.90200,0.00
1698145438,-534.00,20261001,1,630,1,0.01,183.18300000,183.18300000,149.90200,-534.00
1698147000,0.00,20261001,0,632,1,0.06,183.01200000,183.56600000,149.90200,0.00
1698175180,4656.00,20261001,1,632,0,0.06,182.23600000,183.56600000,149.90200,4656.00
1698745500,0.00,20261001,0,634,0,0.01,182.53500000,181.41200000,151.53300,0.00
1698782400,1534.00,20261001,1,634,1,0.01,184.06900000,181.41200000,151.53300,1534.00
1698922800,0.00,20261001,0,636,1,0.01,183.00300000,183.44700000,150.38300,0.00
1698937221,-444.00,20261001,1,636,0,0.01,183.44700000,183.44700000,150.38300,-444.00
1699263000,0.00,20261001,0,638,0,0.01,185.30500000,184.68800000,150.06200,0.00
1699300800,78.00,20261001,1,638,1,0.01,185.38300000,184.68800000,150.06200,78.00
1699871400,0.00,20261001,0,640,0,0.01,185.85900000,185.08500000,151.70700,0.00
1699905600,167.00,20261001,1,640,1,0.01,186.02600000,185.08500000,151.70700,167.00
1699953300,0.00,20261001,0,642,0,0.01,186.34800000,186.00100000,150.36500,0.00
1699975840,488.00,20261001,1,642,1,0.01,186.83600000,186.00100000,150.36500,488.00
1700046000,0.00,20261001,0,644,1,0.06,187.57100000,188.12200000,151.30500,0.00
1700078400,-1320.00,20261001,1,644,0,0.06,187.79100000,188.12200000,151.30500,-1320.00
1700212500,0.00,20261001,0,646,1,0.01,186.57500000,187.03800000,149.62200,0.00
1700217458,649.00,20261001,1,646,0,0.01,185.92600000,187.03800000,149.62200,649.00
1700477100,0.00,20261001,0,648,1,0.06,185.67700000,186.57600000,148.34500,0.00
1700510400,1338.00,20261001,1,648,0,0.06,185.45400000,186.57600000,148.34500,1338.00
1700645400,0.00,20261001,0,650,0,0.01,186.54300000,185.81300000,149.52000,0.00
1700683200,162.00,20261001,1,650,1,0.01,186.70500000,185.81300000,149.52000,162.00
1700739900,0.00,20261001,0,652,0,0.06,187.38700000,186.39000000,149.54700,0.00
1700769600,612.00,20261001,1,652,1,0.06,187.48900000,186.39000000,149.54700,612.00
1700822700,0.00,20261001,0,654,0,0.06,187.70500000,187.20900000,149.39900,0.00
1700844822,4164.00,20261001,1,654,1,0.06,188.39900000,187.20900000,149.39900,4164.00
1701252900,0.00,20261001,0,656,0,0.06,187.33900000,186.74600000,147.22800,0.00
1701282147,-3558.00,20261001,1,656,1,0.06,186.74600000,186.74600000,147.22800,-3558.00
1701341100,0.00,20261001,0,658,1,0.01,186.30900000,186.81100000,148.17800,0.00
1701360060,-502.00,20261001,1,658,0,0.01,186.81100000,186.81100000,148.17800,-502.00
1701425700,0.00,20261001,0,660,0,0.01,187.41900000,186.81400000,146.81100,0.00
1701450019,-605.00,20261001,1,660,1,0.01,186.81400000,186.81400000,146.81100,-605.00
1701767700,0.00,20261001,0,662,1,0.01,185.35800000,186.02600000,147.13800,0.00
1701806400,40.00,20261001,1,662,0,0.01,185.31800000,186.02600000,147.13800,40.00
1702287900,0.00,20261001,0,664,0,0.01,183.32300000,181.79400000,146.13400,0.00
1702324800,341.00,20261001,1,664,1,0.01,183.66400000,181.79400000,146.13400,341.00
1702372500,0.00,20261001,0,666,1,0.01,182.75400000,183.40100000,145.43200,0.00
1702411200,10.00,20261001,1,666,0,0.01,182.74400000,183.40100000,145.43200,10.00
1702637100,0.00,20261001,0,668,1,0.06,180.68600000,181.53300000,142.15400,0.00
1702670400,1308.00,20261001,1,668,0,0.06,180.46800000,181.53300000,142.15400,1308.00
1702892700,0.00,20261001,0,670,0,0.01,180.73100000,180.00500000,142.71800,0.00
1702929600,100.00,20261001,1,670,1,0.01,180.83100000,180.00500000,142.71800,100.00
1702977300,0.00,20261001,0,672,0,0.01,182.32300000,180.41900000,143.81200,0.00
1703016000,849.00,20261001,1,672,1,0.01,183.17200000,180.41900000,143.81200,849.00
1703063700,0.00,20261001,0,674,1,0.01,181.78000000,183.15000000,143.54400,0.00
1703102400,-538.00,20261001,1,674,0,0.01,182.31800000,183.15000000,143.54400,-538.00
1703668500,0.00,20261001,0,676,0,0.01,181.76300000,181.07900000,141.81300,0.00
1703707200,-25.00,20261001,1,676,1,0.01,181.73800000,181.07900000,141.81300,-25.00
1703754900,0.00,20261001,0,678,1,0.01,180.50800000,181.33100000,141.33400,0.00
1703784495,1152.00,20261001,1,678,0,0.01,179.35600000,181.33100000,141.33400,1152.00
1704190500,0.00,20261001,0,680,0,0.01,180.33000000,179.30400000,141.97600,0.00
1704209942,-1027.00,20261001,1,680,1,0.01,179.30300000,179.30400000,141.97600,-1027.00
1704273300,0.00,20261001,0,682,0,0.01,179.77900000,179.06800000,143.27300,0.00
1704299196,996.00,20261001,1,682,1,0.01,180.77500000,179.06800000,143.27300,996.00
1704366000,0.00,20261001,0,684,0,0.01,182.38500000,181.25700000,144.61200,0.00
1704398400,1011.00,20261001,1,684,1,0.01,183.39600000,181.25700000,144.61200,1011.00
1704713400,0.00,20261001,0,686,1,0.01,183.25600000,184.03100000,144.21200,0.00
1704744000,-375.00,20261001,1,686,0,0.01,183.63100000,184.03100000,144.21200,-375.00
1704878100,0.00,20261001,0,688,0,0.01,184.14900000,183.51700000,145.73900,0.00
1704905465,896.00,20261001,1,688,1,0.01,185.04500000,183.51700000,145.73900,896.00
1705310100,0.00,20261001,0,690,0,0.01,185.42900000,184.72000000,145.66900,0.00
1705348800,133.00,20261001,1,690,1,0.01,185.56200000,184.72000000,145.66900,133.00
1705482900,0.00,20261001,0,692,0,0.01,186.83300000,185.89100000,148.14200,0.00
1705521600,1092.00,20261001,1,692,1,0.01,187.92500000,185.89100000,148.14200,1092.00
1705661100,0.00,20261001,0,694,1,0.06,187.84300000,188.72100000,148.13800,0.00
1705694400,-618.00,20261001,1,694,0,0.06,187.94600000,188.72100000,148.13800,-618.00
1706092200,0.00,20261001,0,696,1,0.01,187.61800000,188.14800000,147.49200,0.00
1706095960,-531.00,20261001,1,696,0,0.01,188.14900000,188.14800000,147.49200,-531.00
1706096700,0.00,20261001,0,698,0,0.06,188.35500000,187.75500000,147.49200,0.00
1706105129,-3600.00,20261001,1,698,1,0.06,187.75500000,187.75500000,147.49200,-3600.00
1706176800,0.00,20261001,0,700,0,0.01,188.01800000,187.54100000,147.64400,0.00
1706198140,-477.00,20261001,1,700,1,0.01,187.54100000,187.54100000,147.64400,-477.00
1706263200,0.00,20261001,0,702,1,0.01,187.40700000,187.75600000,148.11800,0.00
1706266284,-349.00,20261001,1,702,0,0.01,187.75600000,187.75600000,148.11800,-349.00
1706267700,0.00,20261001,0,704,0,0.06,188.08400000,187.50600000,148.11800,0.00
1706299200,324.00,20261001,1,704,1,0.06,188.13800000,187.50600000,148.11800,324.00
1706606100,0.00,20261001,0,706,1,0.01,186.80900000,187.41800000,147.58700,0.00
1706642138,-609.00,20261001,1,706,0,0.01,187.41800000,187.41800000,147.58700,-609.00
1706778900,0.00,20261001,0,708,1,0.01,185.86000000,186.36200000,146.40900,0.00
1706797325,-502.00,20261001,1,708,0,0.01,186.36200000,186.36200000,146.40900,-502.00
1706866200,0.00,20261001,0,710,0,0.01,186.83700000,186.37200000,148.37500,0.00
1706888432,655.00,20261001,1,710,1,0.01,187.49200000,186.37200000,148.37500,655.00
1707297300,0.00,20261001,0,712,0,0.01,186.63300000,186.25900000,148.17000,0.00
1707317165,523.00,20261001,1,712,1,0.01,187.15600000,186.25900000,148.17000,523.00
1707387300,0.00,20261001,0,714,0,0.01,187.99300000,187.07500000,149.30600,0.00
1707422400,474.00,20261001,1,714,1,0.01,188.46700000,187.07500000,149.30600,474.00
1707472800,0.00,20261001,0,716,0,0.01,188.73400000,188.26700000,149.25500,0.00
1707478711,-467.00,20261001,1,716,1,0.01,188.26700000,188.26700000,149.25500,-467.00
1707902100,0.00,20261001,0,718,1,0.01,189.06100000,189.79500000,150.52600,0.00
1707940800,45.00,20261001,1,718,0,0.01,189.01600000,189.79500000,150.52600,45.00
1707988500,0.00,20261001,0,720,1,0.01,188.58800000,189.09700000,149.89600,0.00
1708027200,-331.00,20261001,1,720,0,0.01,188.91900000,189.09700000,149.89600,-331.00
1708420500,0.00,20261001,0,722,0,0.01,189.37200000,189.01400000,149.99200,0.00
1708459200,21.00,20261001,1,722,1,0.01,189.39300000,189.01400000,149.99200,21.00
1708509600,0.00,20261001,0,724,0,0.01,189.64700000,189.25000000,150.28300,0.00
1708513418,-397.00,20261001,1,724,1,0.01,189.25000000,189.25000000,150.28300,-397.00
1708596000,0.00,20261001,0,726,0,0.01,190.28600000,189.91300000,150.51400,0.00
1708597480,523.00,20261001,1,726,1,0.01,190.80900000,189.91300000,150.51400,523.00
1708683300,0.00,20261001,0,728,0,0.01,190.81400000,190.46400000,150.46000,0.00
1708718400,-127.00,20261001,1,728,1,0.01,190.68700000,190.46400000,150.46000,-127.00
1708945200,0.00,20261001,0,730,0,0.06,190.80700000,190.42400000,150.68600,0.00
1708977600,1872.00,20261001,1,730,1,0.06,191.11900000,190.42400000,150.68600,1872.00
1709029800,0.00,20261001,0,732,1,0.01,190.66700000,191.06600000,150.49500,0.00
1709064000,-157.00,20261001,1,732,0,0.01,190.82400000,191.06600000,150.49500,-157.00
1709116200,0.00,20261001,0,734,1,0.01,190.53200000,190.85800000,150.67900,0.00
1709145928,-327.00,20261001,1,734,0,0.01,190.85900000,190.85800000,150.67900,-327.00
1709286300,0.00,20261001,0,736,0,0.01,190.04200000,189.27700000,150.06700,0.00
1709323200,-18.00,20261001,1,736,1,0.01,190.02400000,189.27700000,150.06700,-18.00
1709543700,0.00,20261001,0,738,0,0.01,190.47700000,189.83000000,150.51300,0.00
1709582400,626.00,20261001,1,738,1,0.01,191.10300000,189.83000000,150.51300,626.00
1709631900,0.00,20261001,0,740,1,0.01,190.66500000,190.98100000,150.03100,0.00
1709661271,-317.00,20261001,1,740,0,0.01,190.98200000,190.98100000,150.03100,-317.00
1709716500,0.00,20261001,0,742,1,0.01,189.99500000,190.58700000,149.34500,0.00
1709722815,-592.00,20261001,1,742,0,0.01,190.58700000,190.58700000,149.34500,-592.00
1709897400,0.00,20261001,0,744,1,0.01,189.02400000,189.59500000,147.03200,0.00
1709928000,103.00,20261001,1,744,0,0.01,188.92100000,189.59500000,147.03200,103.00
1710157500,0.00,20261001,0,746,1,0.01,188.43100000,189.02500000,146.92900,0.00
1710187200,329.00,20261001,1,746,0,0.01,188.10200000,189.02500000,146.92900,329.00
1710323100,0.00,20261001,0,748,0,0.06,188.98100000,188.51000000,147.74700,0.00
1710360000,246.00,20261001,1,748,1,0.06,189.02200000,188.51000000,147.74700,246.00
1710411300,0.00,20261001,0,750,0,0.01,189.29400000,188.85700000,148.30600,0.00
1710433231,-437.00,20261001,1,750,1,0.01,188.85700000,188.85700000,148.30600,-437.00
1710496800,0.00,20261001,0,752,1,0.01,188.82000000,189.18600000,148.98100,0.00
1710499770,-367.00,20261001,1,752,0,0.01,189.18700000,189.18600000,148.98100,-367.00
1710501300,0.00,20261001,0,754,0,0.06,189.34600000,188.92900000,148.98100,0.00
1710529049,3504.00,20261001,1,754,1,0.06,189.93000000,188.92900000,148.98100,3504.00
1710926100,0.00,20261001,0,756,0,0.01,192.79100000,191.98400000,151.24100,0.00
1710964800,29.00,20261001,1,756,1,0.01,192.82000000,191.98400000,151.24100,29.00
1711099800,0.00,20261001,0,758,1,0.01,191.33000000,192.07100000,151.35100,0.00
1711137600,649.00,20261001,1,758,0,0.01,190.68100000,192.07100000,151.35100,649.00
1711366200,0.00,20261001,0,760,0,0.01,190.86200000,190.43900000,151.39900,0.00
1711392699,592.00,20261001,1,760,1,0.01,191.45400000,190.43900000,151.39900,592.00
1712052900,0.00,20261001,0,762,0,0.06,190.48800000,190.12100000,151.54300,0.00
1712088000,504.00,20261001,1,762,1,0.06,190.57200000,190.12100000,151.54300,504.00
1712317500,0.00,20261001,0,764,0,0.06,191.37000000,190.79800000,151.59700,0.00
1712333611,-3462.00,20261001,1,764,1,0.06,190.79300000,190.79800000,151.59700,-3462.00
1712574900,0.00,20261001,0,766,0,0.01,191.83600000,191.38400000,151.78100,0.00
1712606400,207.00,20261001,1,766,1,0.01,192.04300000,191.38400000,151.78100,207.00
1712654100,0.00,20261001,0,768,0,0.01,192.30900000,191.98200000,151.73500,0.00
1712677898,458.00,20261001,1,768,1,0.01,192.76700000,191.98200000,151.73500,458.00
1712830500,0.00,20261001,0,770,0,0.06,192.19200000,191.65000000,153.25700,0.00
1712865600,-498.00,20261001,1,770,1,0.06,192.10900000,191.65000000,153.25700,-498.00
1712915100,0.00,20261001,0,772,1,0.01,191.87400000,192.32900000,153.12800,0.00
1712929875,638.00,20261001,1,772,0,0.01,191.23600000,192.32900000,153.12800,638.00
1714036500,0.00,20261001,0,774,0,0.01,194.21900000,193.37200000,155.64100,0.00
1714075200,395.00,20261001,1,774,1,0.01,194.61400000,193.37200000,155.64100,395.00
1714124700,0.00,20261001,0,776,0,0.01,195.42600000,194.54300000,158.29100,0.00
1714129298,-883.00,20261001,1,776,1,0.01,194.54300000,194.54300000,158.29100,-883.00
1714990500,0.00,20261001,0,778,0,0.01,193.22000000,191.91900000,153.86300,0.00
1715025600,135.00,20261001,1,778,1,0.01,193.35500000,191.91900000,153.86300,135.00
1716462900,0.00,20261001,0,780,0,0.01,199.64100000,199.26400000,156.88600,0.00
1716465975,-378.00,20261001,1,780,1,0.01,199.26300000,199.26400000,156.88600,-378.00
1716551100,0.00,20261001,0,782,0,0.01,199.46900000,199.07000000,156.90100,0.00
1716574600,559.00,20261001,1,782,1,0.01,200.02800000,199.07000000,156.90100,559.00
1716805800,0.00,20261001,0,784,0,0.06,200.00800000,199.67900000,156.82800,0.00
1716840000,2058.00,20261001,1,784,1,0.06,200.35100000,199.67900000,156.82800,2058.00
1717155000,0.00,20261001,0,786,0,0.06,199.92100000,199.36700000,157.28100,0.00
1717185600,960.00,20261001,1,786,1,0.06,200.08100000,199.36700000,157.28100,960.00
1717412400,0.00,20261001,0,788,1,0.06,199.78400000,200.53300000,156.02400,0.00
1717444800,2046.00,20261001,1,788,0,0.06,199.44300000,200.53300000,156.02400,2046.00
1717492500,0.00,20261001,0,790,1,0.06,199.53400000,200.27200000,154.84600,0.00
1717500868,6198.00,20261001,1,790,0,0.06,198.50100000,200.27200000,154.84600,6198.00
1717666200,0.00,20261001,0,792,0,0.06,199.68900000,199.09600000,155.58400,0.00
1717703825,-3564.00,20261001,1,792,1,0.06,199.09500000,199.09600000,155.58400,-3564.00
1717751700,0.00,20261001,0,794,1,0.01,198.56000000,199.24200000,156.70400,0.00
1717772120,-682.00,20261001,1,794,0,0.01,199.24200000,199.24200000,156.70400,-682.00
1718106300,0.00,20261001,0,796,0,0.01,200.36900000,199.84200000,157.08000,0.00
1718120037,-527.00,20261001,1,796,1,0.01,199.84200000,199.84200000,157.08000,-527.00
1718183700,0.00,20261001,0,798,0,0.01,200.46600000,200.02500000,156.69800,0.00
1718211466,-441.00,20261001,1,798,1,0.01,200.02500000,200.02500000,156.69800,-441.00
1718270100,0.00,20261001,0,800,0,0.01,200.84800000,200.41900000,156.96700,0.00
1718300920,-429.00,20261001,1,800,1,0.01,200.41900000,200.41900000,156.96700,-429.00
1718615700,0.00,20261001,0,802,1,0.06,199.24300000,199.79700000,157.71300,0.00
1718622569,-3324.00,20261001,1,802,0,0.06,199.79700000,199.79700000,157.71300,-3324.00
1718704800,0.00,20261001,0,804,0,0.01,200.64200000,200.12100000,157.84200,0.00
1718724603,-522.00,20261001,1,804,1,0.01,200.12000000,200.12100000,157.84200,-522.00
1718880300,0.00,20261001,0,806,0,0.06,201.17100000,200.73800000,158.92500,0.00
1718913600,-18.00,20261001,1,806,1,0.06,201.16800000,200.73800000,158.92500,-18.00
1719227700,0.00,20261001,0,808,0,0.01,202.21100000,201.79600000,159.52900,0.00
1719234339,-417.00,20261001,1,808,1,0.01,201.79400000,201.79600000,159.52900,-417.00
1719825300,0.00,20261001,0,810,0,0.01,204.09800000,203.25500000,161.43100,0.00
1719864000,198.00,20261001,1,810,1,0.01,204.29600000,203.25500000,161.43100,198.00
1719999000,0.00,20261001,0,812,0,0.01,205.32000000,204.70900000,161.65100,0.00
1720036800,700.00,20261001,1,812,1,0.01,206.02000000,204.70900000,161.65100,700.00
1720433700,0.00,20261001,0,814,0,0.01,206.03900000,205.42500000,160.80000,0.00
1720468800,34.00,20261001,1,814,1,0.01,206.07300000,205.42500000,160.80000,34.00
1720610100,0.00,20261001,0,816,0,0.01,206.67800000,206.14200000,161.66700,0.00
1720631728,752.00,20261001,1,816,1,0.01,207.43000000,206.14200000,161.66700,752.00
1720689300,0.00,20261001,0,818,0,0.01,208.02800000,207.63400000,158.76100,0.00
1720711803,-400.00,20261001,1,818,1,0.01,207.62800000,207.63400000,158.76100,-400.00
1721212200,0.00,20261001,0,820,1,0.01,204.42800000,205.49600000,156.15700,0.00
1721246400,1164.00,20261001,1,820,0,0.01,203.26400000,205.49600000,156.15700,1164.00
1721384100,0.00,20261001,0,822,1,0.06,203.27500000,204.04900000,157.38700,0.00
1721419200,-132.00,20261001,1,822,0,0.06,203.29700000,204.04900000,157.38700,-132.00
1721639700,0.00,20261001,0,824,1,0.01,202.34900000,203.44100000,157.00100,0.00
1721678400,-565.00,20261001,1,824,0,0.01,202.91400000,203.44100000,157.00100,-565.00
1721731500,0.00,20261001,0,826,1,0.01,201.88000000,202.91500000,155.54100,0.00
1721764800,757.00,20261001,1,826,0,0.01,201.12300000,202.91500000,155.54100,757.00
1721993400,0.00,20261001,0,828,0,0.06,198.45300000,197.37300000,153.72100,0.00
1722014318,-6492.00,20261001,1,828,1,0.06,197.37100000,197.37300000,153.72100,-6492.00
1722248100,0.00,20261001,0,830,1,0.01,197.16100000,198.32500000,154.00700,0.00
1722283200,-732.00,20261001,1,830,0,0.01,197.89300000,198.32500000,154.00700,-732.00
1722331800,0.00,20261001,0,832,0,0.01,199.08400000,197.76000000,152.66700,0.00
1722362670,-1324.00,20261001,1,832,1,0.01,197.76000000,197.76000000,152.66700,-1324.00
1722592800,0.00,20261001,0,834,1,0.01,189.42400000,190.31000000,146.44800,0.00
1722612819,1242.00,20261001,1,834,0,0.01,188.18200000,190.31000000,146.44800,1242.00
1723455000,0.00,20261001,0,836,0,0.01,188.13600000,187.03800000,147.18000,0.00
1723492800,-146.00,20261001,1,836,1,0.01,187.99000000,187.03800000,147.18000,-146.00
1723540500,0.00,20261001,0,838,0,0.01,188.99500000,187.84500000,146.82100,0.00
1723579200,-519.00,20261001,1,838,1,0.01,188.47600000,187.84500000,146.82100,-519.00
1724058900,0.00,20261001,0,840,1,0.01,188.49100000,190.99700000,146.54200,0.00
1724097600,-1697.00,20261001,1,840,0,0.01,190.18800000,190.99700000,146.54200,-1697.00
1724231700,0.00,20261001,0,842,0,0.01,189.99900000,189.12400000,145.11700,0.00
1724259640,1226.00,20261001,1,842,1,0.01,191.22500000,189.12400000,145.11700,1226.00
1724753700,0.00,20261001,0,844,0,0.01,191.42000000,190.42300000,143.91900,0.00
1724788800,-688.00,20261001,1,844,1,0.01,190.73200000,190.42300000,143.91900,-688.00
1724928300,0.00,20261001,0,846,0,0.01,191.39900000,190.46500000,144.97200,0.00
1724930638,-934.00,20261001,1,846,1,0.01,190.46500000,190.46500000,144.97200,-934.00
1725275700,0.00,20261001,0,848,0,0.01,192.64100000,191.55900000,146.87400,0.00
1725307200,301.00,20261001,1,848,1,0.01,192.94200000,191.55900000,146.87400,301.00
1725355800,0.00,20261001,0,850,1,0.01,191.69400000,193.03900000,145.46000,0.00
1725393600,688.00,20261001,1,850,0,0.01,191.00600000,193.03900000,145.46000,688.00
1725444000,0.00,20261001,0,852,1,0.01,189.91000000,190.66400000,143.71900,0.00
1725480000,478.00,20261001,1,852,0,0.01,189.43200000,190.66400000,143.71900,478.00
1725528600,0.00,20261001,0,854,1,0.01,188.19200000,189.05400000,143.42000,0.00
1725534783,-862.00,20261001,1,854,0,0.01,189.05400000,189.05400000,143.42000,-862.00
1725617700,0.00,20261001,0,856,1,0.01,187.40800000,188.75600000,142.24900,0.00
1725636400,-1348.00,20261001,1,856,0,0.01,188.75600000,188.75600000,142.24900,-1348.00
1725961500,0.00,20261001,0,858,0,0.06,187.76300000,186.93100000,142.42700,0.00
1725982259,-4992.00,20261001,1,858,1,0.06,186.93100000,186.93100000,142.42700,-4992.00
1726137000,0.00,20261001,0,860,0,0.01,186.58300000,185.63700000,141.79900,0.00
1726154368,-946.00,20261001,1,860,1,0.01,185.63700000,185.63700000,141.79900,-946.00
1726226100,0.00,20261001,0,862,1,0.01,184.72400000,185.94900000,140.78000,0.00
1726257600,-181.00,20261001,1,862,0,0.01,184.90500000,185.94900000,140.78000,-181.00
1726481700,0.00,20261001,0,864,1,0.01,184.08400000,184.85600000,140.60000,0.00
1726490798,-772.00,20261001,1,864,0,0.01,184.85600000,184.85600000,140.60000,-772.00
1726826400,0.00,20261001,0,866,0,0.06,190.53600000,188.91300000,143.76200,0.00
1726862400,6180.00,20261001,1,866,1,0.06,191.56600000,188.91300000,143.76200,6180.00
1727086500,0.00,20261001,0,868,1,0.06,191.09800000,192.10000000,143.58100,0.00
1727110601,-6012.00,20261001,1,868,0,0.06,192.10000000,192.10000000,143.58100,-6012.00
1727172000,0.00,20261001,0,870,0,0.01,192.83500000,191.59200000,143.19700,0.00
1727208000,-734.00,20261001,1,870,1,0.01,192.10100000,191.59200000,143.19700,-734.00
1727261100,0.00,20261001,0,872,0,0.01,192.59600000,191.90600000,144.73900,0.00
1727294400,101.00,20261001,1,872,1,0.01,192.69700000,191.90600000,144.73900,101.00
1727345700,0.00,20261001,0,874,0,0.01,193.60900000,192.68700000,144.79900,0.00
1727363357,-924.00,20261001,1,874,1,0.01,192.68500000,192.68700000,144.79900,-924.00
1727429400,0.00,20261001,0,876,1,0.06,192.58500000,195.58900000,142.15500,0.00
1727467200,11118.00,20261001,1,876,0,0.06,190.73200000,195.58900000,142.15500,11118.00
1727781300,0.00,20261001,0,878,1,0.06,191.74900000,192.95600000,143.54400,0.00
1727811921,10170.00,20261001,1,878,0,0.06,190.05400000,192.95600000,143.54400,10170.00
1727865900,0.00,20261001,0,880,0,0.01,191.59500000,190.63800000,146.44500,0.00
1727883706,1345.00,20261001,1,880,1,0.01,192.94000000,190.63800000,146.44500,1345.00
1727950500,0.00,20261001,0,882,1,0.01,192.97300000,194.74100000,146.91300,0.00
1727985600,401.00,20261001,1,882,0,0.01,192.57200000,194.74100000,146.91300,401.00
1728297900,0.00,20261001,0,884,1,0.01,194.20600000,195.38700000,148.17000,0.00
1728331200,468.00,20261001,1,884,0,0.01,193.73800000,195.38700000,148.17000,468.00
1728383400,0.00,20261001,0,886,1,0.01,193.04500000,193.79500000,148.18500,0.00
1728395560,-750.00,20261001,1,886,0,0.01,193.79500000,193.79500000,148.18500,-750.00
1728986400,0.00,20261001,0,888,1,0.01,194.82900000,195.56100000,149.18500,0.00
1729003600,-732.00,20261001,1,888,0,0.01,195.56100000,195.56100000,149.18500,-732.00
1729593900,0.00,20261001,0,890,0,0.01,196.45400000,195.61900000,151.03400,0.00
1729602064,-835.00,20261001,1,890,1,0.01,195.61900000,195.61900000,151.03400,-835.00
1729768500,0.00,20261001,0,892,0,0.06,197.45900000,196.79500000,151.81400,0.00
1729769622,-4020.00,20261001,1,892,1,0.06,196.78900000,196.79500000,151.81400,-4020.00
1729855800,0.00,20261001,0,894,0,0.06,197.28000000,196.54700000,152.25200,0.00
1729886400,1296.00,20261001,1,894,1,0.06,197.49600000,196.54700000,152.25200,1296.00
1730201400,0.00,20261001,0,896,0,0.06,198.99600000,198.19800000,153.34200,0.00
1730232000,3618.00,20261001,1,896,1,0.06,199.59900000,198.19800000,153.34200,3618.00
1730367900,0.00,20261001,0,898,1,0.01,197.81900000,198.69800000,152.01700,0.00
1730397639,1231.00,20261001,1,898,0,0.01,196.58800000,198.69800000,152.01700,1231.00
1730459700,0.00,20261001,0,900,0,0.01,196.99000000,195.96800000,152.94100,0.00
1730491200,1099.00,20261001,1,900,1,0.01,198.08900000,195.96800000,152.94100,1099.00
1730719800,0.00,20261001,0,902,1,0.06,196.85600000,197.62500000,152.11600,0.00
1730750400,-558.00,20261001,1,902,0,0.06,196.94900000,197.62500000,152.11600,-558.00
1731060900,0.00,20261001,0,904,1,0.01,197.52900000,198.70300000,152.61200,0.00
1731096000,642.00,20261001,1,904,0,0.01,196.88700000,198.70300000,152.61200,642.00
1731493800,0.00,20261001,0,906,0,0.01,197.67400000,196.98300000,155.44700,0.00
1731512562,-691.00,20261001,1,906,1,0.01,196.98300000,196.98300000,155.44700,-691.00
1731663000,0.00,20261001,0,908,1,0.06,197.59100000,198.31300000,154.25000,0.00
1731671559,6066.00,20261001,1,908,0,0.06,196.58000000,198.31300000,154.25000,6066.00
1732013100,0.00,20261001,0,910,1,0.01,194.33900000,195.89000000,154.63900,0.00
1732045061,-1552.00,20261001,1,910,0,0.01,195.89100000,195.89000000,154.63900,-1552.00
1732094100,0.00,20261001,0,912,0,0.01,197.61400000,196.16600000,155.37000,0.00
1732127557,-1448.00,20261001,1,912,1,0.01,196.16600000,196.16600000,155.37000,-1448.00
1732181400,0.00,20261001,0,914,1,0.01,195.49900000,196.37100000,154.52000,0.00
1732219200,898.00,20261001,1,914,0,0.01,194.60100000,196.37100000,154.52000,898.00
1732274100,0.00,20261001,0,916,1,0.06,193.50300000,194.59800000,154.70500,0.00
1732305600,-2496.00,20261001,1,916,0,0.06,193.91900000,194.59800000,154.70500,-2496.00
1732700700,0.00,20261001,0,918,1,0.01,191.18600000,192.33100000,151.06500,0.00
1732737600,98.00,20261001,1,918,0,0.01,191.08800000,192.33100000,151.06500,98.00
1733219100,0.00,20261001,0,920,0,0.01,189.98800000,189.30000000,149.57900,0.00
1733237562,-688.00,20261001,1,920,1,0.01,189.30000000,189.30000000,149.57900,-688.00
1733303700,0.00,20261001,0,922,0,0.01,190.63300000,189.59000000,150.54200,0.00
1733342400,322.00,20261001,1,922,1,0.01,190.95500000,189.59000000,150.54200,322.00
1733480100,0.00,20261001,0,924,0,0.06,191.92400000,191.07200000,149.88200,0.00
1733501681,-5112.00,20261001,1,924,1,0.06,191.07200000,191.07200000,149.88200,-5112.00
1733736600,0.00,20261001,0,926,0,0.01,191.36100000,190.73600000,151.14300,0.00
1733746169,878.00,20261001,1,926,1,0.01,192.23900000,190.73600000,151.14300,878.00
1733825700,0.00,20261001,0,928,0,0.01,193.33900000,192.58800000,151.92000,0.00
1733860800,534.00,20261001,1,928,1,0.01,193.87300000,192.58800000,151.92000,534.00
1733908500,0.00,20261001,0,930,1,0.01,193.35500000,193.94700000,152.43500,0.00
1733915503,831.00,20261001,1,930,0,0.01,192.52400000,193.94700000,152.43500,831.00
1733916600,0.00,20261001,0,932,0,0.06,194.22600000,193.55600000,152.43500,0.00
1733947200,606.00,20261001,1,932,1,0.06,194.32700000,193.55600000,152.43500,606.00
1734349500,0.00,20261001,0,934,0,0.01,194.67600000,193.76400000,154.08300,0.00
1734379200,823.00,20261001,1,934,1,0.01,195.49900000,193.76400000,154.08300,823.00
1734435900,0.00,20261001,0,936,1,0.01,195.11300000,195.73600000,153.35400,0.00
1734465600,148.00,20261001,1,936,0,0.01,194.96500000,195.73600000,153.35400,148.00
1734516900,0.00,20261001,0,938,1,0.06,194.72600000,195.32400000,154.63200,0.00
1734526648,-3588.00,20261001,1,938,0,0.06,195.32400000,195.32400000,154.63200,-3588.00
1735641900,0.00,20261001,0,940,1,0.01,195.83600000,196.81100000,157.18200,0.00
1735647940,-981.00,20261001,1,940,0,0.01,196.81700000,196.81100000,157.18200,-981.00
1735811100,0.00,20261001,0,942,1,0.01,196.08400000,197.26300000,157.46700,0.00
1735832682,1650.00,20261001,1,942,0,0.01,194.43400000,197.26300000,157.46700,1650.00
1736158500,0.00,20261001,0,944,0,0.01,196.55400000,195.34200000,157.51700,0.00
1736193600,612.00,20261001,1,944,1,0.01,197.16600000,195.34200000,157.51700,612.00
1736414100,0.00,20261001,0,946,1,0.01,194.36800000,195.51600000,158.04800,0.00
1736452800,-125.00,20261001,1,946,0,0.01,194.49300000,195.51600000,158.04800,-125.00
1736932500,0.00,20261001,0,948,1,0.01,191.55400000,192.76000000,156.45600,0.00
1736971200,328.00,20261001,1,948,0,0.01,191.22600000,192.76000000,156.45600,328.00
1737973800,0.00,20261001,0,950,1,0.06,193.43100000,194.41100000,154.49700,0.00
1738008000,5718.00,20261001,1,950,0,0.06,192.47800000,194.41100000,154.49700,5718.00
1738148400,0.00,20261001,0,952,1,0.01,192.98200000,193.61000000,155.21300,0.00
1738180800,50.00,20261001,1,952,0,0.01,192.93200000,193.61000000,155.21300,50.00
1738919700,0.00,20261001,0,954,0,0.01,188.78800000,187.85200000,151.31000,0.00
1738950881,-970.00,20261001,1,954,1,0.01,187.81800000,187.85200000,151.31000,-970.00
1739179800,0.00,20261001,0,956,0,0.01,188.68900000,187.39800000,151.98400,0.00
1739217600,-679.00,20261001,1,956,1,0.01,188.01000000,187.39800000,151.98400,-679.00
1739354400,0.00,20261001,0,958,0,0.01,191.44500000,189.85600000,154.40700,0.00
1739390400,1144.00,20261001,1,958,1,0.01,192.58900000,189.85600000,154.40700,1144.00
1739440800,0.00,20261001,0,960,0,0.01,192.99500000,192.09700000,152.79200,0.00
1739444428,-898.00,20261001,1,960,1,0.01,192.09700000,192.09700000,152.79200,-898.00
1739531700,0.00,20261001,0,962,0,0.06,192.37200000,191.64700000,152.21300,0.00
1739557239,-4350.00,20261001,1,962,1,0.06,191.64700000,191.64700000,152.21300,-4350.00
1739872800,0.00,20261001,0,964,0,0.01,191.81000000,191.01200000,152.04800,0.00
1739890316,-798.00,20261001,1,964,1,0.01,191.01200000,191.01200000,152.04800,-798.00
1739965500,0.00,20261001,0,966,1,0.01,191.11300000,191.96400000,151.46200,0.00
1739995200,369.00,20261001,1,966,0,0.01,190.74400000,191.96400000,151.46200,369.00
1740475800,0.00,20261001,0,968,1,0.06,188.71800000,189.50000000,149.00800,0.00
1740491739,-4692.00,20261001,1,968,0,0.06,189.50000000,189.50000000,149.00800,-4692.00
1740652200,0.00,20261001,0,970,0,0.01,189.40300000,188.69300000,149.79700,0.00
1740686400,-261.00,20261001,1,970,1,0.01,189.14200000,188.69300000,149.79700,-261.00
1740735900,0.00,20261001,0,972,0,0.06,189.14800000,187.96500000,150.56500,0.00
1740772800,852.00,20261001,1,972,1,0.06,189.29000000,187.96500000,150.56500,852.00
1740996000,0.00,20261001,0,974,1,0.06,189.22700000,190.10700000,149.49100,0.00
1741003273,-5286.00,20261001,1,974,0,0.06,190.10800000,190.10700000,149.49100,-5286.00
1741253400,0.00,20261001,0,976,1,0.01,191.55100000,192.37300000,147.96600,0.00
1741260614,1151.00,20261001,1,976,0,0.01,190.40000000,192.37300000,147.96600,1151.00
1741605300,0.00,20261001,0,978,1,0.01,189.91000000,190.86100000,147.25400,0.00
1741636800,20.00,20261001,1,978,0,0.01,189.89000000,190.86100000,147.25400,20.00
1741685400,0.00,20261001,0,980,0,0.06,189.92900000,188.99500000,147.76300,0.00
1741708639,7854.00,20261001,1,980,1,0.06,191.23800000,188.99500000,147.76300,7854.00
1741776300,0.00,20261001,0,982,0,0.01,191.89800000,191.14500000,148.23700,0.00
1741794697,1055.00,20261001,1,982,1,0.01,192.95300000,191.14500000,148.23700,1055.00
1741857300,0.00,20261001,0,984,1,0.01,191.28000000,192.14600000,147.80200,0.00
1741896000,203.00,20261001,1,984,0,0.01,191.07700000,192.14600000,147.80200,203.00
1741945500,0.00,20261001,0,986,0,0.01,192.45800000,191.40100000,148.61300,0.00
1741982400,-716.00,20261001,1,986,1,0.01,191.74200000,191.40100000,148.61300,-716.00
1742289300,0.00,20261001,0,988,0,0.01,194.29600000,193.74200000,149.25600,0.00
1742328000,-66.00,20261001,1,988,1,0.01,194.23000000,193.74200000,149.25600,-66.00
1742462100,0.00,20261001,0,990,1,0.01,192.61600000,193.40700000,148.76900,0.00
1742500800,-253.00,20261001,1,990,0,0.01,192.86900000,193.40700000,148.76900,-253.00
1742811300,0.00,20261001,0,992,0,0.01,193.94200000,192.75600000,150.68400,0.00
1742846400,347.00,20261001,1,992,1,0.01,194.28900000,192.75600000,150.68400,347.00
1742901300,0.00,20261001,0,994,1,0.01,194.38300000,194.87800000,149.89400,0.00
1742922545,694.00,20261001,1,994,0,0.01,193.68900000,194.87800000,149.89400,694.00
1742987700,0.00,20261001,0,996,1,0.06,193.79900000,194.61100000,150.55800,0.00
1743019200,-2280.00,20261001,1,996,0,0.06,194.17900000,194.61100000,150.55800,-2280.00
1743067800,0.00,20261001,0,998,0,0.06,194.29100000,193.63700000,151.03600,0.00
1743083619,5496.00,20261001,1,998,1,0.06,195.20700000,193.63700000,151.03600,5496.00
1743154200,0.00,20261001,0,1000,1,0.01,195.05600000,195.58800000,149.81400,0.00
1743183254,746.00,20261001,1,1000,0,0.01,194.31000000,195.58800000,149.81400,746.00
1743504300,0.00,20261001,0,1002,1,0.01,193.11700000,193.81600000,149.59600,0.00
1743537600,-159.00,20261001,1,1002,0,0.01,193.27600000,193.81600000,149.59600,-159.00
1743592500,0.00,20261001,0,1004,1,0.06,193.12200000,193.65300000,149.22700,0.00
1743598056,-3186.00,20261001,1,1004,0,0.06,193.65300000,193.65300000,149.22700,-3186.00
1743763500,0.00,20261001,0,1006,1,0.01,190.19800000,191.46700000,146.85100,0.00
1743775941,1778.00,20261001,1,1006,0,0.01,188.42000000,191.46700000,146.85100,1778.00
1744109100,0.00,20261001,0,1008,1,0.06,187.62700000,188.71600000,146.26000,0.00
1744132666,-6594.00,20261001,1,1008,0,0.06,188.72600000,188.71600000,146.26000,-6594.00
1744630200,0.00,20261001,0,1010,0,0.06,188.56300000,186.95700000,142.94600,0.00
1744660800,6.00,20261001,1,1010,1,0.06,188.56400000,186.95700000,142.94600,6.00
1744881300,0.00,20261001,0,1012,0,0.01,188.66200000,187.68600000,142.33800,0.00
1744920000,176.00,20261001,1,1012,1,0.01,188.83800000,187.68600000,142.33800,176.00
1745319600,0.00,20261001,0,1014,1,0.01,187.66000000,188.55800000,141.54700,0.00
1745348429,-900.00,20261001,1,1014,0,0.01,188.56000000,188.55800000,141.54700,-900.00
1745839800,0.00,20261001,0,1016,0,0.01,191.34100000,190.79500000,141.99100,0.00
1745870400,-431.00,20261001,1,1016,1,0.01,190.91000000,190.79500000,141.99100,-431.00
1746091800,0.00,20261001,0,1018,0,0.01,191.75000000,190.58300000,145.35600,0.00
1746129600,1334.00,20261001,1,1018,1,0.01,193.08400000,190.58300000,145.35600,1334.00
1746186300,0.00,20261001,0,1020,1,0.06,192.69100000,193.53400000,144.83500,0.00
1746204757,7086.00,20261001,1,1020,0,0.06,191.51000000,193.53400000,144.83500,7086.00
1746443700,0.00,20261001,0,1022,1,0.01,191.50300000,192.13800000,143.67500,0.00
1746475200,126.00,20261001,1,1022,0,0.01,191.37700000,192.13800000,143.67500,126.00
1746530100,0.00,20261001,0,1024,1,0.06,190.71500000,191.24600000,142.37600,0.00
1746561600,312.00,20261001,1,1024,0,0.06,190.66300000,191.24600000,142.37600,312.00
1746616500,0.00,20261001,0,1026,0,0.01,191.37400000,190.49900000,143.80000,0.00
1746648000,56.00,20261001,1,1026,1,0.01,191.43000000,190.49900000,143.80000,56.00
1746697500,0.00,20261001,0,1028,0,0.01,191.84000000,191.08300000,145.90300,0.00
1746717095,1060.00,20261001,1,1028,1,0.01,192.90000000,191.08300000,145.90300,1060.00
1746782100,0.00,20261001,0,1030,1,0.01,192.46300000,193.17300000,145.26300,0.00
1746816027,-711.00,20261001,1,1030,0,0.01,193.17400000,193.17300000,145.26300,-711.00
1747044900,0.00,20261001,0,1032,0,0.01,194.56000000,193.74300000,148.44300,0.00
1747069709,1144.00,20261001,1,1032,1,0.01,195.70400000,193.74300000,148.44300,1144.00
1747303200,0.00,20261001,0,1034,1,0.01,193.61800000,194.40700000,145.64900,0.00
1747339200,99.00,20261001,1,1034,0,0.01,193.51900000,194.40700000,145.64900,99.00
1747650600,0.00,20261001,0,1036,0,0.01,193.38400000,192.71900000,144.84000,0.00
1747684800,230.00,20261001,1,1036,1,0.01,193.61400000,192.71900000,144.84000,230.00
1747737000,0.00,20261001,0,1038,1,0.01,192.91800000,193.96600000,144.48900,0.00
1747771200,-718.00,20261001,1,1038,0,0.01,193.63600000,193.96600000,144.48900,-718.00
1747905300,0.00,20261001,0,1040,1,0.01,192.22200000,193.31500000,143.99600,0.00
1747941360,-1093.00,20261001,1,1040,0,0.01,193.31500000,193.31500000,143.99600,-1093.00
1748251800,0.00,20261001,0,1042,0,0.01,194.04100000,192.81500000,142.82300,0.00
1748289600,-453.00,20261001,1,1042,1,0.01,193.58800000,192.81500000,142.82300,-453.00
1748339100,0.00,20261001,0,1044,0,0.01,194.28900000,193.29800000,144.31600,0.00
1748376000,720.00,20261001,1,1044,1,0.01,195.00900000,193.29800000,144.31600,720.00
1748859300,0.00,20261001,0,1046,0,0.01,193.83300000,193.41700000,142.65100,0.00
1748870366,-417.00,20261001,1,1046,1,0.01,193.41600000,193.41700000,142.65100,-417.00
1748949300,0.00,20261001,0,1048,1,0.06,192.90300000,193.64600000,143.88500,0.00
1748965836,-4464.00,20261001,1,1048,0,0.06,193.64700000,193.64600000,143.88500,-4464.00
1749114900,0.00,20261001,0,1050,0,0.01,193.95800000,193.38400000,143.41900,0.00
1749138605,805.00,20261001,1,1050,1,0.01,194.76300000,193.38400000,143.41900,805.00
1749461400,0.00,20261001,0,1052,1,0.06,195.64800000,196.05000000,144.51400,0.00
1749499200,-852.00,20261001,1,1052,0,0.06,195.79000000,196.05000000,144.51400,-852.00
1749546900,0.00,20261001,0,1054,1,0.06,195.45300000,196.27700000,144.84400,0.00
1749585600,-1458.00,20261001,1,1054,0,0.06,195.69600000,196.27700000,144.84400,-1458.00
1749719700,0.00,20261001,0,1056,1,0.01,195.06000000,195.67800000,143.47000,0.00
1749758400,-133.00,20261001,1,1056,0,0.01,195.19300000,195.67800000,143.47000,-133.00
1750069800,0.00,20261001,0,1058,0,0.01,196.14000000,195.11000000,144.70600,0.00
1750104000,49.00,20261001,1,1058,1,0.01,196.18900000,195.11000000,144.70600,49.00
1750158000,0.00,20261001,0,1060,1,0.01,196.04700000,196.68200000,145.18300,0.00
1750190400,400.00,20261001,1,1060,0,0.01,195.64700000,196.68200000,145.18300,400.00
1750328100,0.00,20261001,0,1062,0,0.06,194.81500000,194.16700000,145.40800,0.00
1750341399,5454.00,20261001,1,1062,1,0.06,195.72400000,194.16700000,145.40800,5454.00
1750760100,0.00,20261001,0,1064,1,0.01,196.99100000,197.53900000,144.89700,0.00
1750767214,-548.00,20261001,1,1064,0,0.01,197.53900000,197.53900000,144.89700,-548.00
1750843800,0.00,20261001,0,1066,0,0.01,197.82900000,197.13400000,145.17200,0.00
1750881600,568.00,20261001,1,1066,1,0.01,198.39700000,197.13400000,145.17200,568.00
1750929300,0.00,20261001,0,1068,1,0.01,197.96700000,198.47100000,144.36500,0.00
1750963619,-506.00,20261001,1,1068,0,0.01,198.47300000,198.47100000,144.36500,-506.00
1751278500,0.00,20261001,0,1070,1,0.01,197.30500000,198.25600000,143.96200,0.00
1751313600,-494.00,20261001,1,1070,0,0.01,197.79900000,198.25600000,143.96200,-494.00
1751365800,0.00,20261001,0,1072,1,0.01,197.13100000,197.66200000,143.36600,0.00
1751381874,744.00,20261001,1,1072,0,0.01,196.38700000,197.66200000,143.36600,744.00
1751535000,0.00,20261001,0,1074,0,0.01,196.34400000,195.72300000,144.91000,0.00
1751557359,871.00,20261001,1,1074,1,0.01,197.21500000,195.72300000,144.91000,871.00
1751620500,0.00,20261001,0,1076,1,0.01,197.26200000,197.76900000,144.41800,0.00
1751659200,59.00,20261001,1,1076,0,0.01,197.20300000,197.76900000,144.41800,59.00
1752139800,0.00,20261001,0,1078,0,0.01,199.13100000,198.52100000,146.24000,0.00
1752160537,-613.00,20261001,1,1078,1,0.01,198.51800000,198.52100000,146.24000,-613.00
1752486300,0.00,20261001,0,1080,1,0.06,198.11900000,198.83800000,147.68900,0.00
1752523200,-2088.00,20261001,1,1080,0,0.06,198.46700000,198.83800000,147.68900,-2088.00
1752743700,0.00,20261001,0,1082,0,0.01,199.06500000,198.31500000,148.50900,0.00
1752782400,94.00,20261001,1,1082,1,0.01,199.15900000,198.31500000,148.50900,94.00
1752831900,0.00,20261001,0,1084,0,0.01,199.75100000,199.22000000,148.75100,0.00
1752868800,-227.00,20261001,1,1084,1,0.01,199.52400000,199.22000000,148.75100,-227.00
1753176600,0.00,20261001,0,1086,0,0.01,199.13500000,198.56200000,146.60300,0.00
1753195153,-574.00,20261001,1,1086,1,0.01,198.56100000,198.56200000,146.60300,-574.00
1753434900,0.00,20261001,0,1088,1,0.01,198.20000000,198.88900000,147.59500,0.00
1753441714,-689.00,20261001,1,1088,0,0.01,198.88900000,198.88900000,147.59500,-689.00
1753700400,0.00,20261001,0,1090,0,0.01,198.85400000,198.36000000,148.43000,0.00
1753732800,-204.00,20261001,1,1090,1,0.01,198.65000000,198.36000000,148.43000,-204.00
1753958700,0.00,20261001,0,1092,0,0.06,198.26700000,197.16600000,150.70400,0.00
1753992000,5838.00,20261001,1,1092,1,0.06,199.24000000,197.16600000,150.70400,5838.00
1754046900,0.00,20261001,0,1094,1,0.01,198.44200000,199.16300000,147.30600,0.00
1754064027,1010.00,20261001,1,1094,0,0.01,197.43200000,199.16300000,147.30600,1010.00
1754304300,0.00,20261001,0,1096,0,0.01,196.44100000,195.48900000,147.06600,0.00
1754333214,-952.00,20261001,1,1096,1,0.01,195.48900000,195.48900000,147.06600,-952.00
1754387100,0.00,20261001,0,1098,0,0.01,195.62400000,195.13000000,147.59400,0.00
1754399579,695.00,20261001,1,1098,1,0.01,196.31900000,195.13000000,147.59400,695.00
1754560800,0.00,20261001,0,1100,1,0.06,196.40900000,197.06000000,147.11100,0.00
1754571893,-3906.00,20261001,1,1100,0,0.06,197.06000000,197.06000000,147.11100,-3906.00
1754649900,0.00,20261001,0,1102,0,0.01,198.13400000,197.50700000,147.65300,0.00
1754683200,526.00,20261001,1,1102,1,0.01,198.66000000,197.50700000,147.65300,526.00
1754903700,0.00,20261001,0,1104,0,0.01,198.75500000,198.21900000,148.12900,0.00
1754909730,-538.00,20261001,1,1104,1,0.01,198.21700000,198.21900000,148.12900,-538.00
1754993700,0.00,20261001,0,1106,0,0.01,199.40300000,198.85800000,147.80100,0.00
1755028800,232.00,20261001,1,1106,1,0.01,199.63500000,198.85800000,147.80100,232.00
1755163800,0.00,20261001,0,1108,1,0.01,198.66700000,199.75700000,147.74400,0.00
1755192435,-1090.00,20261001,1,1108,0,0.01,199.75700000,199.75700000,147.74400,-1090.00
1755256500,0.00,20261001,0,1110,1,0.01,199.17000000,199.84500000,147.09300,0.00
1755288000,-399.00,20261001,1,1110,0,0.01,199.56900000,199.84500000,147.09300,-399.00
1755687600,0.00,20261001,0,1112,0,0.06,199.42700000,198.75400000,147.31800,0.00
1755701978,-4050.00,20261001,1,1112,1,0.06,198.75200000,198.75400000,147.31800,-4050.00
1755773100,0.00,20261001,0,1114,0,0.01,198.45200000,198.08600000,148.35400,0.00
1755779798,512.00,20261001,1,1114,1,0.01,198.96400000,198.08600000,148.35400,512.00
1756466100,0.00,20261001,0,1116,1,0.01,198.18200000,198.56600000,146.94300,0.00
1756497600,-276.00,20261001,1,1116,0,0.01,198.45800000,198.56600000,146.94300,-276.00
1756725300,0.00,20261001,0,1118,0,0.01,199.10100000,198.40000000,147.16300,0.00
1756756800,282.00,20261001,1,1118,1,0.01,199.38300000,198.40000000,147.16300,282.00
1756804500,0.00,20261001,0,1120,0,0.01,200.15700000,199.21900000,148.34700,0.00
1756810394,-938.00,20261001,1,1120,1,0.01,199.21900000,199.21900000,148.34700,-938.00
1756812600,0.00,20261001,0,1122,1,0.06,198.82000000,199.80800000,148.34700,0.00
1756843200,1242.00,20261001,1,1122,0,0.06,198.61300000,199.80800000,148.34700,1242.00
1756899000,0.00,20261001,0,1124,0,0.06,199.09300000,198.59800000,148.06100,0.00
1756929600,-726.00,20261001,1,1124,1,0.06,198.97200000,198.59800000,148.06100,-726.00
1756982700,0.00,20261001,0,1126,0,0.06,199.18900000,198.84600000,148.47100,0.00
1757008649,2886.00,20261001,1,1126,1,0.06,199.67000000,198.84600000,148.47100,2886.00
1757063700,0.00,20261001,0,1128,0,0.01,199.59100000,199.27200000,147.35000,0.00
1757086228,-320.00,20261001,1,1128,1,0.01,199.27100000,199.27200000,147.35000,-320.00
1757329200,0.00,20261001,0,1130,1,0.01,199.39800000,200.15600000,147.43600,0.00
1757361600,-538.00,20261001,1,1130,0,0.01,199.93600000,200.15600000,147.43600,-538.00
1757417400,0.00,20261001,0,1132,1,0.01,199.07200000,199.77300000,147.40100,0.00
1757448000,-257.00,20261001,1,1132,0,0.01,199.32900000,199.77300000,147.40100,-257.00
1757674800,0.00,20261001,0,1134,0,0.06,200.01800000,199.69500000,147.56000,0.00
1757682640,2724.00,20261001,1,1134,1,0.06,200.47200000,199.69500000,147.56000,2724.00
1757934900,0.00,20261001,0,1136,0,0.01,200.33400000,199.93100000,147.31100,0.00
1757966400,21.00,20261001,1,1136,1,0.01,200.35500000,199.93100000,147.31100,21.00
1758186900,0.00,20261001,0,1138,0,0.01,200.45300000,200.06000000,147.97900,0.00
1758195868,550.00,20261001,1,1138,1,0.01,201.00300000,200.06000000,147.97900,550.00
1758273300,0.00,20261001,0,1140,1,0.01,199.50400000,200.39000000,147.88600,0.00
1758312000,157.00,20261001,1,1140,0,0.01,199.34700000,200.39000000,147.88600,157.00
1758625200,0.00,20261001,0,1142,0,0.01,199.74000000,199.41000000,147.56800,0.00
1758627039,-331.00,20261001,1,1142,1,0.01,199.40900000,199.41000000,147.56800,-331.00
1758627900,0.00,20261001,0,1144,1,0.06,199.24500000,199.64000000,147.56800,0.00
1758636101,-2370.00,20261001,1,1144,0,0.06,199.64000000,199.64000000,147.56800,-2370.00
1758791700,0.00,20261001,0,1146,0,0.01,200.25700000,199.94200000,149.77600,0.00
1758797885,-317.00,20261001,1,1146,1,0.01,199.94000000,199.94200000,149.77600,-317.00
1758878100,0.00,20261001,0,1148,0,0.01,199.99100000,199.65600000,149.42900,0.00
1758906753,472.00,20261001,1,1148,1,0.01,200.46300000,199.65600000,149.42900,472.00
1759137300,0.00,20261001,0,1150,1,0.01,199.88800000,200.30700000,148.56700,0.00
1759176000,323.00,20261001,1,1150,0,0.01,199.56500000,200.30700000,148.56700,323.00
1759226400,0.00,20261001,0,1152,1,0.01,199.01200000,199.64400000,147.85300,0.00
1759262400,160.00,20261001,1,1152,0,0.01,198.85200000,199.64400000,147.85300,160.00
1759310100,0.00,20261001,0,1154,1,0.01,198.38600000,199.06800000,147.05100,0.00
1759348800,91.00,20261001,1,1154,0,0.01,198.29500000,199.06800000,147.05100,91.00
1759398300,0.00,20261001,0,1156,0,0.01,198.50400000,198.11300000,147.20100,0.00
1759406794,-392.00,20261001,1,1156,1,0.01,198.11200000,198.11300000,147.20100,-392.00
1759832100,0.00,20261001,0,1158,1,0.01,202.36500000,202.92900000,151.88400,0.00
1759858671,-564.00,20261001,1,1158,0,0.01,202.92900000,202.92900000,151.88400,-564.00
1759921200,0.00,20261001,0,1160,0,0.01,204.67800000,203.87200000,152.67200,0.00
1759953600,-190.00,20261001,1,1160,1,0.01,204.48800000,203.87200000,152.67200,-190.00
1760010300,0.00,20261001,0,1162,1,0.01,204.30000000,204.76400000,153.04300,0.00
1760034878,651.00,20261001,1,1162,0,0.01,203.64900000,204.76400000,153.04300,651.00
1760089500,0.00,20261001,0,1164,1,0.06,203.08300000,203.63300000,151.17200,0.00
1760121176,4620.00,20261001,1,1164,0,0.06,202.31300000,203.63300000,151.17200,4620.00
1760351400,0.00,20261001,0,1166,0,0.01,203.15500000,202.42400000,152.26000,0.00
1760385600,-164.00,20261001,1,1166,1,0.01,202.99100000,202.42400000,152.26000,-164.00
1760433300,0.00,20261001,0,1168,1,0.01,202.06800000,203.28100000,151.82100,0.00
1760472000,-14.00,20261001,1,1168,0,0.01,202.08200000,203.28100000,151.82100,-14.00
1760607900,0.00,20261001,0,1170,0,0.01,202.86600000,202.15300000,150.41300,0.00
1760642729,-714.00,20261001,1,1170,1,0.01,202.15200000,202.15300000,150.41300,-714.00
1760694300,0.00,20261001,0,1172,1,0.01,201.55600000,202.03000000,150.44500,0.00
1760696379,664.00,20261001,1,1172,0,0.01,200.89200000,202.03000000,150.44500,664.00
1761038100,0.00,20261001,0,1174,0,0.01,202.71400000,201.81700000,151.91600,0.00
1761076800,361.00,20261001,1,1174,1,0.01,203.07500000,201.81700000,151.91600,361.00
1761125400,0.00,20261001,0,1176,1,0.06,202.52400000,203.13300000,151.95900,0.00
1761163200,-2418.00,20261001,1,1176,0,0.06,202.92700000,203.13300000,151.95900,-2418.00
1761210900,0.00,20261001,0,1178,0,0.01,203.45100000,202.87700000,152.53600,0.00
1761249600,-153.00,20261001,1,1178,1,0.01,203.29800000,202.87700000,152.53600,-153.00
1761298200,0.00,20261001,0,1180,0,0.01,203.88200000,203.23300000,152.74000,0.00
1761319815,-649.00,20261001,1,1180,1,0.01,203.23300000,203.23300000,152.74000,-649.00
1761650100,0.00,20261001,0,1182,1,0.01,202.69900000,203.66100000,152.09200,0.00
1761681600,543.00,20261001,1,1182,0,0.01,202.15600000,203.66100000,152.09200,543.00
1761733800,0.00,20261001,0,1184,1,0.01,201.03800000,201.80000000,152.71100,0.00
1761768000,-227.00,20261001,1,1184,0,0.01,201.26500000,201.80000000,152.71100,-227.00
1761817500,0.00,20261001,0,1186,0,0.01,202.61800000,201.21400000,154.11100,0.00
1761854400,100.00,20261001,1,1186,1,0.01,202.71800000,201.21400000,154.11100,100.00
1761907500,0.00,20261001,0,1188,0,0.06,202.79400000,202.28600000,153.95800,0.00
1761921509,-3060.00,20261001,1,1188,1,0.06,202.28400000,202.28600000,153.95800,-3060.00
1762249500,0.00,20261001,0,1190,1,0.01,201.35800000,202.42600000,153.65100,0.00
1762286400,1245.00,20261001,1,1190,0,0.01,200.11300000,202.42600000,153.65100,1245.00
1762337700,0.00,20261001,0,1192,0,0.01,200.39400000,199.30300000,154.10400,0.00
1762372800,499.00,20261001,1,1192,1,0.01,200.89300000,199.30300000,154.10400,499.00
1762766100,0.00,20261001,0,1194,0,0.01,202.67700000,201.91600000,154.12900,0.00
1762804800,203.00,20261001,1,1194,1,0.01,202.88000000,201.91600000,154.12900,203.00
1762852500,0.00,20261001,0,1196,1,0.01,202.48600000,203.17400000,154.12700,0.00
1762891200,-497.00,20261001,1,1196,0,0.01,202.98300000,203.17400000,154.12700,-497.00
1762942500,0.00,20261001,0,1198,0,0.01,203.54800000,202.69000000,154.78200,0.00
1762977600,-427.00,20261001,1,1198,1,0.01,203.12100000,202.69000000,154.78200,-427.00
1763112600,0.00,20261001,0,1200,1,0.01,202.90200000,203.65500000,154.44600,0.00
1763116957,-754.00,20261001,1,1200,0,0.01,203.65600000,203.65500000,154.44600,-754.00
1763717400,0.00,20261001,0,1202,1,0.01,205.53600000,205.95000000,156.28900,0.00
1763718927,580.00,20261001,1,1202,0,0.01,204.95600000,205.95000000,156.28900,580.00
1763979300,0.00,20261001,0,1204,0,0.01,205.40100000,204.78300000,156.83100,0.00
1764014400,124.00,20261001,1,1204,1,0.01,205.52500000,204.78300000,156.83100,124.00
1764068400,0.00,20261001,0,1206,1,0.01,205.14500000,205.61200000,156.01300,0.00
1764088015,-467.00,20261001,1,1206,0,0.01,205.61200000,205.61200000,156.01300,-467.00
1764150300,0.00,20261001,0,1208,0,0.01,206.10200000,205.37700000,156.45100,0.00
1764187200,755.00,20261001,1,1208,1,0.01,206.85700000,205.37700000,156.45100,755.00
1764324000,0.00,20261001,0,1210,1,0.01,206.51000000,207.07200000,156.07900,0.00
1764360000,-270.00,20261001,1,1210,0,0.01,206.78000000,207.07200000,156.07900,-270.00
1764582300,0.00,20261001,0,1212,1,0.01,205.49400000,206.50800000,155.43900,0.00
1764619200,41.00,20261001,1,1212,0,0.01,205.45300000,206.50800000,155.43900,41.00
1764666900,0.00,20261001,0,1214,0,0.01,205.95100000,205.40600000,155.81400,0.00
1764705600,-201.00,20261001,1,1214,1,0.01,205.75000000,205.40600000,155.81400,-201.00
1764754200,0.00,20261001,0,1216,0,0.01,206.15700000,205.69000000,155.21400,0.00
1764775594,654.00,20261001,1,1216,1,0.01,206.81100000,205.69000000,155.21400,654.00
1764843300,0.00,20261001,0,1218,1,0.01,206.71400000,207.25900000,155.08300,0.00
1764878400,-26.00,20261001,1,1218,0,0.01,206.74000000,207.25900000,155.08300,-26.00
1764934200,0.00,20261001,0,1220,0,0.06,206.84300000,206.32800000,155.21400,0.00
1764964800,990.00,20261001,1,1220,1,0.06,207.00800000,206.32800000,155.21400,990.00
1765190700,0.00,20261001,0,1222,0,0.01,207.11600000,206.64000000,155.90900,0.00
1765224000,397.00,20261001,1,1222,1,0.01,207.51300000,206.64000000,155.90900,397.00
1765274400,0.00,20261001,0,1224,0,0.01,208.17900000,207.56100000,156.84900,0.00
1765310400,471.00,20261001,1,1224,1,0.01,208.65000000,207.56100000,156.84900,471.00
1765359900,0.00,20261001,0,1226,0,0.01,208.75800000,208.32600000,155.93100,0.00
1765396800,-161.00,20261001,1,1226,1,0.01,208.59700000,208.32600000,155.93100,-161.00
1765885500,0.00,20261001,0,1228,0,0.06,207.67800000,206.92900000,154.70000,0.00
1765915200,-276.00,20261001,1,1228,1,0.06,207.63200000,206.92900000,154.70000,-276.00
1765964700,0.00,20261001,0,1230,1,0.06,207.26200000,207.86900000,155.66900,0.00
1765991458,-3648.00,20261001,1,1230,0,0.06,207.87000000,207.86900000,155.66900,-3648.00
1766049300,0.00,20261001,0,1232,0,0.01,208.42900000,207.96600000,155.52100,0.00
1766057233,-465.00,20261001,1,1232,1,0.01,207.96400000,207.96600000,155.52100,-465.00
1766395800,0.00,20261001,0,1234,0,0.06,211.03600000,210.56600000,157.03100,0.00
1766433600,1440.00,20261001,1,1234,1,0.06,211.27600000,210.56600000,157.03100,1440.00
1767000600,0.00,20261001,0,1236,1,0.01,210.62200000,211.20900000,156.01900,0.00
1767038400,-11.00,20261001,1,1236,0,0.01,210.63300000,211.20900000,156.01900,-11.00
1767178800,0.00,20261001,0,1238,1,0.06,210.29600000,210.72800000,156.70100,0.00
1767187947,-2592.00,20261001,1,1238,0,0.06,210.72800000,210.72800000,156.70100,-2592.00
1767609000,0.00,20261001,0,1240,1,0.06,210.57200000,211.18400000,156.30300,0.00
1767632188,-3672.00,20261001,1,1240,0,0.06,211.18400000,211.18400000,156.30300,-3672.00
1767780900,0.00,20261001,0,1242,1,0.01,211.06300000,211.62100000,156.74300,0.00
1767816000,46.00,20261001,1,1242,0,0.01,211.01700000,211.62100000,156.74300,46.00
1767866400,0.00,20261001,0,1244,1,0.01,210.37100000,211.03700000,156.85000,0.00
1767893533,-666.00,20261001,1,1244,0,0.01,211.03700000,211.03700000,156.85000,-666.00
1767951900,0.00,20261001,0,1246,0,0.01,211.41400000,210.60900000,157.82700,0.00
1767988800,417.00,20261001,1,1246,1,0.01,211.83100000,210.60900000,157.82700,417.00
1768216500,0.00,20261001,0,1248,0,0.01,212.39500000,211.73900000,158.04000,0.00
1768248000,447.00,20261001,1,1248,1,0.01,212.84200000,211.73900000,158.04000,447.00
1768468500,0.00,20261001,0,1250,0,0.01,213.18900000,212.65500000,158.58300,0.00
1768481259,-534.00,20261001,1,1250,1,0.01,212.65500000,212.65500000,158.58300,-534.00
1768815000,0.00,20261001,0,1252,0,0.01,211.65100000,210.77900000,158.03900,0.00
1768852800,599.00,20261001,1,1252,1,0.01,212.25000000,210.77900000,158.03900,599.00
1768900500,0.00,20261001,0,1254,0,0.01,212.95800000,212.04800000,158.12600,0.00
1768939200,-407.00,20261001,1,1254,1,0.01,212.55100000,212.04800000,158.12600,-407.00
1768990500,0.00,20261001,0,1256,1,0.01,212.19200000,212.58300000,158.27200,0.00
1769004090,548.00,20261001,1,1256,0,0.01,211.64400000,212.58300000,158.27200,548.00
1769074200,0.00,20261001,0,1258,0,0.01,213.32600000,212.50500000,158.31000,0.00
1769112000,266.00,20261001,1,1258,1,0.01,213.59200000,212.50500000,158.31000,266.00
1769159700,0.00,20261001,0,1260,0,0.01,214.41100000,213.69000000,155.64700,0.00
1769161409,-722.00,20261001,1,1260,1,0.01,213.68900000,213.69000000,155.64700,-722.00
1769161500,0.00,20261001,0,1262,1,0.06,212.65500000,214.18000000,155.64700,0.00
1769175638,-9150.00,20261001,1,1262,0,0.06,214.18000000,214.18000000,155.64700,-9150.00
1769679000,0.00,20261001,0,1264,0,0.01,212.05200000,211.42800000,153.08100,0.00
1769691544,-626.00,20261001,1,1264,1,0.01,211.42600000,211.42800000,153.08100,-626.00
1769772600,0.00,20261001,0,1266,0,0.01,211.95800000,211.26700000,154.76500,0.00
1769803200,-238.00,20261001,1,1266,1,0.01,211.72000000,211.26700000,154.76500,-238.00
1770119100,0.00,20261001,0,1268,0,0.01,213.07000000,212.48800000,155.70700,0.00
1770148800,197.00,20261001,1,1268,1,0.01,213.26700000,212.48800000,155.70700,197.00
1770199200,0.00,20261001,0,1270,0,0.01,214.55100000,213.31800000,156.82000,0.00
1770235200,-762.00,20261001,1,1270,1,0.01,213.78900000,213.31800000,156.82000,-762.00
1770290100,0.00,20261001,0,1272,1,0.01,213.33900000,214.07600000,156.98100,0.00
1770310827,1031.00,20261001,1,1272,0,0.01,212.30800000,214.07600000,156.98100,1031.00
1770376500,0.00,20261001,0,1274,0,0.01,213.08100000,211.87700000,157.08000,0.00
1770408000,789.00,20261001,1,1274,1,0.01,213.87000000,211.87700000,157.08000,789.00
1770975900,0.00,20261001,0,1276,0,0.01,208.93900000,207.92300000,152.61300,0.00
1771012800,-388.00,20261001,1,1276,1,0.01,208.55100000,207.92300000,152.61300,-388.00
1771233300,0.00,20261001,0,1278,0,0.01,209.09800000,208.18700000,153.41200,0.00
1771272000,32.00,20261001,1,1278,1,0.01,209.13000000,208.18700000,153.41200,32.00
1771319700,0.00,20261001,0,1280,1,0.01,207.53800000,209.20200000,153.26100,0.00
1771358400,-365.00,20261001,1,1280,0,0.01,207.90300000,209.20200000,153.26100,-365.00
1771407900,0.00,20261001,0,1282,0,0.01,208.33700000,207.70900000,154.78400,0.00
1771444800,617.00,20261001,1,1282,1,0.01,208.95400000,207.70900000,154.78400,617.00
1771844400,0.00,20261001,0,1284,0,0.01,209.11300000,208.38800000,154.59100,0.00
1771869145,-728.00,20261001,1,1284,1,0.01,208.38500000,208.38800000,154.59100,-728.00
1771924500,0.00,20261001,0,1286,0,0.01,209.88100000,208.61700000,155.81000,0.00
1771963200,667.00,20261001,1,1286,1,0.01,210.54800000,208.61700000,155.81000,667.00
1772013600,0.00,20261001,0,1288,0,0.01,210.90700000,210.16500000,156.28600,0.00
1772032238,1039.00,20261001,1,1288,1,0.01,211.94600000,210.16500000,156.28600,1039.00
1772100900,0.00,20261001,0,1290,1,0.01,211.16800000,211.79100000,156.10600,0.00
1772136000,801.00,20261001,1,1290,0,0.01,210.36700000,211.79100000,156.10600,801.00
1772529300,0.00,20261001,0,1292,1,0.01,209.91800000,211.08400000,157.72400,0.00
1772568000,-373.00,20261001,1,1292,0,0.01,210.29100000,211.08400000,157.72400,-373.00
1773053100,0.00,20261001,0,1294,0,0.01,211.42400000,210.75800000,157.64400,0.00
1773086400,331.00,20261001,1,1294,1,0.01,211.75500000,210.75800000,157.64400,331.00
1773138600,0.00,20261001,0,1296,0,0.01,212.05600000,211.64400000,158.03000,0.00
1773172800,73.00,20261001,1,1296,1,0.01,212.12900000,211.64400000,158.03000,73.00
1773314100,0.00,20261001,0,1298,1,0.01,212.49800000,213.02900000,159.34200,0.00
1773345600,-19.00,20261001,1,1298,0,0.01,212.51700000,213.02900000,159.34200,-19.00
1773395100,0.00,20261001,0,1300,1,0.01,212.23900000,212.75400000,159.71400,0.00
1773400160,722.00,20261001,1,1300,0,0.01,211.51700000,212.75400000,159.71400,722.00
1773915300,0.00,20261001,0,1302,1,0.01,211.51800000,212.22200000,157.67100,0.00
1773950400,220.00,20261001,1,1302,0,0.01,211.29800000,212.22200000,157.67100,220.00
1773998100,0.00,20261001,0,1304,0,0.01,212.38100000,211.72200000,159.21500,0.00
1774036800,-191.00,20261001,1,1304,1,0.01,212.19000000,211.72200000,159.21500,-191.00
1774347300,0.00,20261001,0,1306,0,0.06,212.94900000,212.38700000,158.69300,0.00
1774353020,-3378.00,20261001,1,1306,1,0.06,212.38600000,212.38700000,158.69300,-3378.00
1774607400,0.00,20261001,0,1308,0,0.01,213.07600000,212.67900000,160.24000,0.00
1774615530,-398.00,20261001,1,1308,1,0.01,212.67800000,212.67900000,160.24000,-398.00
1774865700,0.00,20261001,0,1310,1,0.01,211.69000000,212.43500000,159.69900,0.00
1774888340,1043.00,20261001,1,1310,0,0.01,210.64700000,212.43500000,159.69900,1043.00
1775041200,0.00,20261001,0,1312,0,0.01,210.56000000,209.82500000,158.78300,0.00
1775073600,855.00,20261001,1,1312,1,0.01,211.41500000,209.82500000,158.78300,855.00
1775121300,0.00,20261001,0,1314,1,0.01,210.40800000,211.14500000,159.51300,0.00
1775160000,-615.00,20261001,1,1314,0,0.01,211.02300000,211.14500000,159.51300,-615.00
1775213100,0.00,20261001,0,1316,0,0.01,211.29300000,210.71200000,159.50100,0.00
1775230238,-583.00,20261001,1,1316,1,0.01,210.71000000,210.71200000,159.50100,-583.00
1775469600,0.00,20261001,0,1318,0,0.01,210.99500000,210.36900000,159.67500,0.00
1775505600,326.00,20261001,1,1318,1,0.01,211.32100000,210.36900000,159.67500,326.00
1775554200,0.00,20261001,0,1320,0,0.01,211.54900000,211.17100000,159.52900,0.00
1775592000,332.00,20261001,1,1320,1,0.01,211.88100000,211.17100000,159.52900,332.00
1775729700,0.00,20261001,0,1322,0,0.01,212.81000000,212.28500000,158.91900,0.00
1775754256,737.00,20261001,1,1322,1,0.01,213.54700000,212.28500000,158.91900,737.00
1775812500,0.00,20261001,0,1324,0,0.01,213.76200000,213.43100000,159.18600,0.00
1775837076,464.00,20261001,1,1324,1,0.01,214.22600000,213.43100000,159.18600,464.00
1776075300,0.00,20261001,0,1326,0,0.01,214.27400000,213.65300000,159.43400,0.00
1776110400,665.00,20261001,1,1326,1,0.01,214.93900000,213.65300000,159.43400,665.00
1776330900,0.00,20261001,0,1328,0,0.01,215.71800000,215.20200000,159.09200,0.00
1776360399,-517.00,20261001,1,1328,1,0.01,215.20100000,215.20200000,159.09200,-517.00
1776855600,0.00,20261001,0,1330,0,0.01,215.37600000,215.05900000,159.45600,0.00
1776868718,-317.00,20261001,1,1330,1,0.01,215.05900000,215.05900000,159.45600,-317.00
1777030200,0.00,20261001,0,1332,0,0.01,215.31600000,214.90400000,159.29100,0.00
1777060800,138.00,20261001,1,1332,1,0.01,215.45400000,214.90400000,159.29100,138.00
1777369500,0.00,20261001,0,1334,1,0.01,215.12100000,215.68300000,159.60100,0.00
1777406400,-519.00,20261001,1,1334,0,0.01,215.64000000,215.68300000,159.60100,-519.00
1777540500,0.00,20261001,0,1336,0,0.01,216.28200000,215.93100000,156.55500,0.00
1777546649,-353.00,20261001,1,1336,1,0.01,215.92900000,215.93100000,156.55500,-353.00
1777548600,0.00,20261001,0,1338,1,0.06,215.78700000,216.15400000,156.55500,0.00
1777549992,3084.00,20261001,1,1338,0,0.06,215.27300000,216.15400000,156.55500,3084.00
1777629600,0.00,20261001,0,1340,1,0.06,212.26900000,213.78300000,156.93100,0.00
1777665600,-6930.00,20261001,1,1340,0,0.06,213.42400000,213.78300000,156.93100,-6930.00
1778231700,0.00,20261001,0,1342,0,0.01,212.97500000,212.39600000,156.62100,0.00
1778270400,396.00,20261001,1,1342,1,0.01,213.37100000,212.39600000,156.62100,396.00
1778584500,0.00,20261001,0,1344,1,0.01,212.80700000,213.92200000,157.60500,0.00
1778616000,-443.00,20261001,1,1344,0,0.01,213.25000000,213.92200000,157.60500,-443.00
1778837400,0.00,20261001,0,1346,1,0.01,211.50600000,212.11400000,158.78500,0.00
1778875200,-62.00,20261001,1,1346,0,0.01,211.56800000,212.11400000,158.78500,-62.00
1779095700,0.00,20261001,0,1348,0,0.01,211.92600000,211.28800000,158.81800,0.00
1779125136,893.00,20261001,1,1348,1,0.01,212.81900000,211.28800000,158.81800,893.00
1779449400,0.00,20261001,0,1350,0,0.01,213.70400000,213.23400000,159.12000,0.00
1779480000,267.00,20261001,1,1350,1,0.01,213.97100000,213.23400000,159.12000,267.00
1779704100,0.00,20261001,0,1352,0,0.01,214.36000000,213.63800000,158.87700,0.00
1779739200,205.00,20261001,1,1352,1,0.01,214.56500000,213.63800000,158.87700,205.00
1780305300,0.00,20261001,0,1354,0,0.01,214.76600000,214.36300000,159.63100,0.00
1780332518,-403.00,20261001,1,1354,1,0.01,214.36300000,214.36300000,159.63100,-403.00
1780391700,0.00,20261001,0,1356,0,0.01,215.20000000,214.72500000,159.89300,0.00
1780430400,123.00,20261001,1,1356,1,0.01,215.32300000,214.72500000,159.89300,123.00
1780652700,0.00,20261001,0,1358,0,0.06,214.90300000,214.58900000,160.23400,0.00
1780661622,2634.00,20261001,1,1358,1,0.06,215.34200000,214.58900000,160.23400,2634.00
1780996500,0.00,20261001,0,1360,0,0.01,214.07900000,213.59000000,160.34200,0.00
1781020841,688.00,20261001,1,1360,1,0.01,214.76700000,213.59000000,160.34200,688.00
1781082900,0.00,20261001,0,1362,0,0.01,214.78100000,214.34100000,160.52200,0.00
1781121600,93.00,20261001,1,1362,1,0.01,214.87400000,214.34100000,160.52200,93.00
1781173800,0.00,20261001,0,1364,0,0.01,214.91900000,214.42700000,159.90900,0.00
1781183657,-492.00,20261001,1,1364,1,0.01,214.42700000,214.42700000,159.90900,-492.00
1781609400,0.00,20261001,0,1366,0,0.06,215.08100000,214.62800000,160.35500,0.00
1781640000,1878.00,20261001,1,1366,1,0.06,215.39400000,214.62800000,160.35500,1878.00
1781775000,0.00,20261001,0,1368,0,0.01,214.04200000,213.28200000,161.36400,0.00
1781781998,-760.00,20261001,1,1368,1,0.01,213.28200000,213.28200000,161.36400,-760.00
1781868600,0.00,20261001,0,1370,0,0.06,213.22900000,212.60700000,161.23700,0.00
1781899200,1110.00,20261001,1,1370,1,0.06,213.41400000,212.60700000,161.23700,1110.00
