time,profit,magic,entry,position_id,type,volume,price,sl,usdjpy,profit_jpy
1624237200,0.00,20260650,0,2,0,0.03,82.50600000,0.00000000,110.17400,0.00
1624360500,0.00,20261001,0,3,1,0.06,153.27500000,153.77200000,110.60500,0.00
1624378052,-2982.00,20261001,1,3,0,0.06,153.77200000,153.77200000,110.60500,-2982.00
1624439700,0.00,20261001,0,5,0,0.01,154.53400000,154.09900000,110.94200,0.00
1624485600,413.00,20261001,1,5,1,0.01,154.94700000,154.09900000,110.94200,413.00
1624616100,0.00,20261001,0,7,1,0.06,154.03600000,154.53300000,110.76800,0.00
1624658400,1410.00,20261001,1,7,0,0.06,153.80100000,154.53300000,110.76800,1410.00
1624874400,0.00,20261001,0,9,0,0.01,154.13100000,153.59000000,110.60900,0.00
1624903123,-544.00,20261001,1,9,1,0.01,153.58700000,153.59000000,110.60900,-544.00
1624964400,0.00,20261000,0,11,0,0.02,110.69700000,110.45100000,110.45200,0.00
1624987418,-492.00,20261000,1,11,1,0.02,110.45100000,110.45100000,110.45200,-492.00
1625048100,0.00,20261001,0,13,1,0.06,152.78400000,153.20500000,111.09200,0.00
1625059925,-2532.00,20261001,1,13,0,0.06,153.20600000,153.20500000,111.09200,-2532.00
1625072400,0.00,20260605,0,15,1,0.01,1.18739000,1.18989000,111.09200,0.00
1625134500,0.00,20261001,0,16,0,0.06,153.83700000,153.35200000,111.51300,0.00
1625176800,-1818.00,20261001,1,16,1,0.06,153.53400000,153.35200000,111.51300,-1818.00
1625483700,0.00,20261000,0,18,1,0.02,110.86100000,111.18900000,110.93500,0.00
1625522400,-80.00,20261000,1,18,0,0.02,110.90100000,111.18900000,110.93500,-80.00
1625563800,0.00,20261001,0,20,0,0.01,153.97800000,153.42000000,110.60500,0.00
1625573735,-566.00,20261001,1,20,1,0.01,153.41200000,153.42000000,110.60500,-566.00
1625650200,0.00,20261001,0,22,0,0.01,152.90900000,152.32900000,110.60100,0.00
1625652900,0.00,20261000,0,23,0,0.02,110.73900000,110.39400000,110.60100,0.00
1625679298,-580.00,20261001,1,22,1,0.01,152.32900000,152.32900000,110.60100,-580.00
1625695200,-242.00,20261000,1,23,1,0.02,110.61800000,110.39400000,110.60100,-242.00
1625736600,0.00,20261001,0,26,1,0.01,151.93500000,152.74300000,109.58100,0.00
1625739300,0.00,20261000,0,27,1,0.01,110.04000000,110.67100000,109.58100,0.00
1625781600,232.00,20261000,1,27,0,0.01,109.80800000,110.67100000,109.58100,232.00
1625781600,676.00,20261001,1,26,0,0.01,151.25900000,152.74300000,109.58100,676.00
1625831100,0.00,20261001,0,30,0,0.01,151.74100000,151.02800000,110.09200,0.00
1625868000,1260.00,20261001,1,30,1,0.01,153.00100000,151.02800000,110.09200,1260.00
1626086700,0.00,20261001,0,32,1,0.06,152.76100000,153.25300000,110.34800,0.00
1626109625,-2952.00,20261001,1,32,0,0.06,153.25300000,153.25300000,110.34800,-2952.00
1626171300,0.00,20261001,0,34,1,0.06,153.08200000,153.48400000,110.62200,0.00
1626174000,348.00,20260605,1,15,0,0.01,1.18518000,1.18989000,110.62200,348.00
1626174000,0.00,20260605,0,36,0,0.01,1.18518000,1.18268000,110.62200,0.00
1626181200,-104.00,20260605,1,36,1,0.01,1.18423000,1.18268000,110.62200,-104.00
1626181200,0.00,20260605,0,38,1,0.01,1.18423000,1.18673000,110.62200,0.00
1626213600,1380.00,20261001,1,34,0,0.06,152.85200000,153.48400000,110.62200,1380.00
1626340500,0.00,20261000,0,40,1,0.01,109.76000000,110.02700000,109.80400,0.00
1626345000,0.00,20261001,0,41,1,0.01,151.73000000,152.45600000,109.80400,0.00
1626350400,-55.00,20260605,1,38,0,0.01,1.18493000,1.18673000,109.80400,-55.00
1626350400,0.00,20260605,0,43,0,0.01,1.18493000,1.18243000,109.80400,0.00
1626354212,-730.00,20261001,1,41,0,0.01,152.46000000,152.45600000,109.80400,-730.00
1626356728,-275.00,20260605,1,43,1,0.01,1.18243000,1.18243000,109.80400,-275.00
1626357600,0.00,20260605,0,46,1,0.01,1.18173000,1.18423000,109.80400,0.00
1626358782,-267.00,20261000,1,40,0,0.01,110.02700000,110.02700000,109.80400,-267.00
1626432300,0.00,20261000,0,48,0,0.01,110.17600000,109.73100000,110.07200,0.00
1626434100,0.00,20261001,0,49,0,0.01,152.31600000,151.75700000,110.07200,0.00
1626456271,-566.00,20261001,1,49,1,0.01,151.75000000,151.75700000,110.07200,-566.00
1626472800,-103.00,20261000,1,48,1,0.01,110.07300000,109.73100000,110.07200,-103.00
1626667200,0.00,20260610,0,52,1,0.01,109.86700000,110.36700000,109.37600,0.00
1626689700,0.00,20261001,0,53,1,0.01,150.97200000,151.52700000,109.37600,0.00
1626695100,0.00,20261000,0,54,1,0.01,109.74200000,110.08600000,109.37600,0.00
1626710560,1110.00,20261001,1,53,0,0.01,149.86200000,151.52700000,109.37600,1110.00
1626732000,269.00,20261000,1,54,0,0.01,109.47300000,110.08600000,109.37600,269.00
1626742800,-4890.00,20260650,1,2,1,0.03,80.35800000,0.00000000,109.81400,-4890.00
1626774300,0.00,20261001,0,58,1,0.06,149.38500000,149.97200000,109.81400,0.00
1626777900,0.00,20261000,0,59,0,0.01,109.69900000,109.35700000,109.81400,0.00
1626780701,-3522.00,20261001,1,58,0,0.06,149.97200000,149.97200000,109.81400,-3522.00
1626787418,-342.00,20261000,1,59,1,0.01,109.35700000,109.35700000,109.81400,-342.00
1626858900,0.00,20261001,0,62,1,0.01,149.37800000,149.96600000,110.28500,0.00
1626864300,0.00,20261000,0,63,0,0.01,110.09100000,109.78900000,110.28500,0.00
1626866608,-600.00,20261001,1,62,0,0.01,149.97800000,149.96600000,110.28500,-600.00
1626867000,0.00,20261001,0,65,0,0.06,150.04000000,149.48000000,110.28500,0.00
1626885254,-650.00,20260610,1,52,0,0.01,110.36700000,110.36700000,110.28500,-650.00
1626897600,0.00,20260610,0,67,0,0.01,110.30700000,109.80700000,110.28500,0.00
1626897818,6720.00,20261001,1,65,1,0.06,151.16000000,149.48000000,110.28500,6720.00
1626904800,174.00,20261000,1,63,1,0.01,110.26500000,109.78900000,110.28500,174.00
1626948000,0.00,20261001,0,70,0,0.06,151.28200000,150.73500000,110.09300,0.00
1626991200,2580.00,20261001,1,70,1,0.06,151.71200000,150.73500000,110.09300,2580.00
1627037100,0.00,20261000,0,72,0,0.01,110.38600000,110.05900000,110.54000,0.00
1627077600,169.00,20261000,1,72,1,0.01,110.55500000,110.05900000,110.54000,169.00
1627292700,0.00,20261001,0,74,1,0.01,151.56900000,152.15900000,110.36200,0.00
1627295400,0.00,20261000,0,75,1,0.01,110.14000000,110.58400000,110.36200,0.00
1627302397,-590.00,20261001,1,74,0,0.01,152.15900000,152.15900000,110.36200,-590.00
1627318800,204.00,20260605,1,46,0,0.01,1.18062000,1.18423000,110.36200,204.00
1627318800,0.00,20260605,0,78,0,0.01,1.18062000,1.17812000,110.36200,0.00
1627336800,-243.00,20261000,1,75,0,0.01,110.38300000,110.58400000,110.36200,-243.00
1627380000,-222.00,20260605,1,78,1,0.01,1.17879000,1.17812000,109.75300,-222.00
1627380000,0.00,20260605,0,81,1,0.01,1.17879000,1.18129000,109.75300,0.00
1627381800,0.00,20261000,0,82,1,0.01,110.08200000,110.38700000,109.75300,0.00
1627399199,-277.00,20260605,1,81,0,0.01,1.18131000,1.18129000,109.75300,-277.00
1627408769,-387.00,20260610,1,67,1,0.01,109.80000000,109.80700000,109.75300,-387.00
1627423200,0.00,20260605,0,85,0,0.01,1.18232000,1.17982000,109.75300,0.00
1627423200,363.00,20261000,1,82,0,0.01,109.71900000,110.38700000,109.75300,363.00
1627486205,-302.00,20260605,1,85,1,0.01,1.17975000,1.17982000,109.90000,-302.00
1627495200,0.00,20260605,0,88,0,0.01,1.18000000,1.17750000,109.90000,0.00
1627506043,-307.00,20260605,1,88,1,0.01,1.17720000,1.17750000,109.90000,-307.00
1627551000,0.00,20261001,0,90,0,0.01,152.98100000,152.51300000,109.46400,0.00
1627588800,0.00,20260610,0,91,1,0.01,109.52600000,110.02600000,109.46400,0.00
1627596000,-61.00,20261001,1,90,1,0.01,152.92000000,152.51300000,109.46400,-61.00
1628068500,0.00,20261001,0,93,0,0.01,151.96800000,151.53100000,109.46900,0.00
1628076600,0.00,20261000,0,94,0,0.01,109.20400000,108.92500000,109.46900,0.00
1628090132,-283.00,20261000,1,94,1,0.01,108.92100000,108.92500000,109.46900,-283.00
1628090322,-437.00,20261001,1,93,1,0.01,151.53100000,151.53100000,109.46900,-437.00
1628157600,0.00,20261001,0,97,0,0.01,152.41100000,151.98800000,109.76300,0.00
1628164800,0.00,20260774,0,98,0,0.01,1.39156000,1.38656000,109.76300,0.00
1628200800,493.00,20261001,1,97,1,0.01,152.90400000,151.98800000,109.76300,493.00
1628263843,-974.00,20260610,1,91,0,0.01,110.05000000,110.02600000,110.20800,-974.00
1628269200,0.00,20260605,0,101,1,0.01,1.17739000,1.17989000,110.20800,0.00
1628272537,-553.00,20260774,1,98,1,0.01,1.38656000,1.38656000,110.20800,-553.00
1628496000,0.00,20260774,0,103,0,0.01,1.38707000,1.38207000,110.21300,0.00
1628594100,0.00,20261000,0,104,0,0.01,110.47200000,110.21300000,110.54500,0.00
1628625600,-428.00,20260774,1,103,1,0.01,1.38323000,1.38207000,110.54500,-428.00
1628625600,0.00,20260774,0,106,1,0.01,1.38323000,1.38823000,110.54500,0.00
1628632800,104.00,20261000,1,104,1,0.01,110.57600000,110.21300000,110.54500,104.00
1628674200,0.00,20261000,0,108,0,0.01,110.74500000,110.44800000,110.40500,0.00
1628674200,0.00,20261001,0,109,0,0.01,153.10000000,152.78700000,110.40500,0.00
1628695841,-325.00,20261000,1,108,1,0.01,110.42000000,110.44800000,110.40500,-325.00
1628712065,-556.00,20260774,1,106,0,0.01,1.38823000,1.38823000,110.40500,-556.00
1628719200,39.00,20261001,1,109,1,0.01,153.13900000,152.78700000,110.40500,39.00
1628841600,0.00,20260610,0,113,0,0.01,110.41200000,109.91200000,109.58700,0.00
1628849700,0.00,20261001,0,114,1,0.06,152.24100000,152.58100000,109.58700,0.00
1628874661,-500.00,20260610,1,113,1,0.01,109.91200000,109.91200000,109.58700,-500.00
1628878745,-215.00,20260605,1,101,0,0.01,1.17989000,1.17989000,109.58700,-215.00
1628884800,0.00,20260610,0,117,1,0.01,109.67100000,110.17100000,109.58700,0.00
1628892000,1512.00,20261001,1,114,0,0.06,151.98900000,152.58100000,109.58700,1512.00
1629100800,0.00,20260774,0,119,0,0.01,1.38565000,1.38065000,109.13100,0.00
1629108000,0.00,20261001,0,120,1,0.01,151.39000000,152.20000000,109.13100,0.00
1629151200,231.00,20261001,1,120,0,0.01,151.15900000,152.20000000,109.13100,231.00
1629192600,0.00,20261001,0,122,1,0.06,150.97500000,151.33600000,109.54600,0.00
1629193289,-550.00,20260774,1,119,1,0.01,1.38065000,1.38065000,109.54600,-550.00
1629237600,2856.00,20261001,1,122,0,0.06,150.49900000,151.33600000,109.54600,2856.00
1629350735,-800.00,20260610,1,117,0,0.01,110.17100000,110.17100000,109.66800,-800.00
1629365400,0.00,20261001,0,126,1,0.06,150.71500000,151.21300000,109.66800,0.00
1629372600,0.00,20261000,0,127,1,0.02,109.64800000,110.22800000,109.66800,0.00
1629374699,5976.00,20261001,1,126,0,0.06,149.71900000,151.21300000,109.66800,5976.00
1629410400,-290.00,20261000,1,127,0,0.02,109.79300000,110.22800000,109.66800,-290.00
1629455400,0.00,20261001,0,130,1,0.06,149.20200000,149.88500000,109.79200,0.00
1629496800,-2316.00,20261001,1,130,0,0.06,149.58800000,149.88500000,109.79200,-2316.00
1629723600,0.00,20260605,0,132,1,0.01,1.17239000,1.17489000,109.68600,0.00
1629734400,-94.00,20260605,1,132,0,0.01,1.17325000,1.17489000,109.68600,-94.00
1629734400,0.00,20260605,0,134,0,0.01,1.17325000,1.17075000,109.68600,0.00
1629804600,0.00,20261001,0,135,1,0.06,150.34200000,150.97000000,109.50200,0.00
1629842400,-1644.00,20261001,1,135,0,0.06,150.61600000,150.97000000,109.50200,-1644.00
1629891000,0.00,20261001,0,137,0,0.01,150.90000000,150.36400000,109.99900,0.00
1629928800,457.00,20261001,1,137,1,0.01,151.35700000,150.36400000,109.99900,457.00
1629974700,0.00,20261000,0,139,0,0.01,110.20800000,109.92600000,110.07700,0.00
1629974700,0.00,20261001,0,140,0,0.06,151.54100000,151.14400000,110.07700,0.00
1629979200,0.00,20260610,0,141,0,0.01,110.18400000,109.68400000,110.07700,0.00
1629991409,-2382.00,20261001,1,140,1,0.06,151.14400000,151.14400000,110.07700,-2382.00
1630015200,-180.00,20261000,1,139,1,0.01,110.02800000,109.92600000,110.07700,-180.00
1630060200,0.00,20261001,0,144,0,0.06,150.93900000,150.45900000,109.84100,0.00
1630063800,0.00,20261000,0,145,0,0.02,110.14100000,109.88500000,109.84100,0.00
1630084529,-522.00,20261000,1,145,1,0.02,109.88000000,109.88500000,109.84100,-522.00
1630101600,1602.00,20261001,1,144,1,0.06,151.20600000,150.45900000,109.84100,1602.00
1630401300,0.00,20261001,0,148,0,0.01,151.55200000,151.08600000,109.99200,0.00
1630418909,1035.00,20260605,1,134,1,0.01,1.18376000,1.17075000,109.99200,1035.00
1630424128,-410.00,20260610,1,141,1,0.01,109.68400000,109.68400000,109.99200,-410.00
1630424371,-468.00,20261001,1,148,1,0.01,151.08400000,151.08600000,109.99200,-468.00
1630483200,0.00,20260610,0,152,0,0.01,110.23500000,109.73500000,109.96000,0.00
1630493100,0.00,20261000,0,153,0,0.01,110.39100000,109.97500000,109.96000,0.00
1630513321,-416.00,20261000,1,153,1,0.01,109.97500000,109.97500000,109.96000,-416.00
1630579500,0.00,20261001,0,155,0,0.01,151.74400000,151.27600000,109.92400,0.00
1630612800,0.00,20260774,0,156,0,0.01,1.38324000,1.37824000,109.92400,0.00
1630620000,441.00,20261001,1,155,1,0.01,152.18500000,151.27600000,109.92400,441.00
1630641600,-288.00,20260610,1,152,1,0.01,109.88700000,109.73500000,109.70200,-288.00
1630641600,0.00,20260610,0,159,1,0.01,109.88700000,110.38700000,109.70200,0.00
1630924200,0.00,20261000,0,160,0,0.01,109.91300000,109.58900000,109.82000,0.00
1630965600,-75.00,20261000,1,160,1,0.01,109.83800000,109.58900000,109.82000,-75.00
1631007900,0.00,20261000,0,162,0,0.01,109.93300000,109.68500000,110.25200,0.00
1631025865,-559.00,20260774,1,156,1,0.01,1.37824000,1.37824000,110.25200,-559.00
1631044800,-481.00,20260610,1,159,0,0.01,110.21800000,110.38700000,110.25200,-481.00
1631044800,0.00,20260610,0,165,0,0.01,110.21800000,109.71800000,110.25200,0.00
1631052000,355.00,20261000,1,162,1,0.01,110.28800000,109.68500000,110.25200,355.00
1631182500,0.00,20261000,0,167,1,0.01,110.01600000,110.27200000,109.68700,0.00
1631184300,0.00,20261001,0,168,1,0.01,151.46400000,151.87200000,109.68700,0.00
1631190395,-408.00,20261001,1,168,0,0.01,151.87200000,151.87200000,109.68700,-408.00
1631206800,0.00,20260629,0,170,0,0.01,1.18159000,0.00000000,109.68700,0.00
1631206800,0.00,20260629,0,171,1,0.01,1.38398000,0.00000000,109.68700,0.00
1631216555,-441.00,20260610,1,165,1,0.01,109.71700000,109.71800000,109.68700,-441.00
1631217600,0.00,20260605,0,173,1,0.01,1.18313000,1.18563000,109.68700,0.00
1631224800,321.00,20261000,1,167,0,0.01,109.69500000,110.27200000,109.68700,321.00
1631268000,0.00,20261001,0,175,0,0.01,152.36800000,151.70600000,109.89200,0.00
1631269800,0.00,20261000,0,176,0,0.01,109.97200000,109.64400000,109.89200,0.00
1631311200,-68.00,20261000,1,176,1,0.01,109.90400000,109.64400000,109.89200,-68.00
1631311200,-208.00,20261001,1,175,1,0.01,152.16000000,151.70600000,109.89200,-208.00
1631525400,0.00,20261000,0,179,0,0.01,110.09500000,109.77300000,109.92300,0.00
1631548800,0.00,20260610,0,180,0,0.01,110.06600000,109.56600000,109.92300,0.00
1631570400,-84.00,20261000,1,179,1,0.01,110.01100000,109.77300000,109.92300,-84.00
1631614500,0.00,20261001,0,182,0,0.01,152.54900000,152.05000000,109.67900,0.00
1631640882,-508.00,20261001,1,182,1,0.01,152.04100000,152.05000000,109.67900,-508.00
1631649600,-405.00,20260610,1,180,1,0.01,109.63100000,109.56600000,109.67900,-405.00
1631649600,0.00,20260610,0,185,1,0.01,109.63100000,110.13100000,109.67900,0.00
1631699100,0.00,20261000,0,186,1,0.01,109.47900000,109.74300000,109.36000,0.00
1631743200,83.00,20261000,1,186,0,0.01,109.39600000,109.74300000,109.36000,83.00
1631879100,0.00,20261000,0,188,0,0.01,109.96900000,109.66700000,109.96400,0.00
1631879100,0.00,20261001,0,189,0,0.01,151.84800000,151.16000000,109.96400,0.00
1631880000,-574.00,20260610,1,185,0,0.01,109.98000000,110.13100000,109.96400,-574.00
1631880000,0.00,20260610,0,191,0,0.01,109.98000000,109.48000000,109.96400,0.00
1631901079,-688.00,20261001,1,189,1,0.01,151.16000000,151.16000000,109.96400,-688.00
1631908539,1223.00,20260605,1,173,0,0.01,1.17263000,1.18563000,109.96400,1223.00
1631916000,-49.00,20261000,1,188,1,0.01,109.92000000,109.66700000,109.96400,-49.00
1632129300,0.00,20261001,0,195,1,0.01,150.54300000,151.12400000,109.42300,0.00
1632132000,1613.00,20260629,1,171,0,0.01,1.36904000,0.00000000,109.42300,1613.00
1632132000,-1255.00,20260629,1,170,1,0.01,1.17144000,0.00000000,109.42300,-1255.00
1632132900,0.00,20261000,0,198,1,0.01,109.76200000,110.03700000,109.42300,0.00
1632150086,-470.00,20260610,1,191,1,0.01,109.48000000,109.48000000,109.42300,-470.00
1632164796,1162.00,20261001,1,195,0,0.01,149.38100000,151.12400000,109.42300,1162.00
1632175200,393.00,20261000,1,198,0,0.01,109.36900000,110.03700000,109.42300,393.00
1632219300,0.00,20261001,0,202,0,0.01,149.92500000,149.17500000,109.20900,0.00
1632220200,0.00,20261000,0,203,0,0.01,109.68900000,109.34700000,109.20900,0.00
1632237278,-342.00,20261000,1,203,1,0.01,109.34700000,109.34700000,109.20900,-342.00
1632241829,-754.00,20261001,1,202,1,0.01,149.17100000,149.17500000,109.20900,-754.00
1632390300,0.00,20261001,0,206,0,0.01,150.00300000,149.35200000,110.31400,0.00
1632398400,0.00,20260610,0,207,0,0.01,109.94500000,109.44500000,110.31400,0.00
1632415661,1302.00,20261001,1,206,1,0.01,151.30500000,149.35200000,110.31400,1302.00
1632476700,0.00,20261001,0,209,0,0.01,151.70100000,151.22200000,110.72500,0.00
1632477600,0.00,20261000,0,210,0,0.01,110.57000000,110.21000000,110.72500,0.00
1632482011,-488.00,20261001,1,209,1,0.01,151.21300000,151.22200000,110.72500,-488.00
1632482100,0.00,20261001,0,212,1,0.06,151.18300000,151.64700000,110.72500,0.00
1632520800,222.00,20261000,1,210,1,0.01,110.79200000,110.21000000,110.72500,222.00
1632520800,-1044.00,20261001,1,212,0,0.06,151.35700000,151.64700000,110.72500,-1044.00
1632739500,0.00,20261001,0,215,0,0.01,151.56900000,151.12300000,110.99400,0.00
1632742200,0.00,20261000,0,216,0,0.02,110.87700000,110.53500000,110.99400,0.00
1632754637,1162.00,20260610,1,207,1,0.01,111.04700000,109.44500000,110.99400,1162.00
1632758400,0.00,20260610,0,218,0,0.01,110.87100000,110.37100000,110.99400,0.00
1632780000,272.00,20261000,1,216,1,0.02,111.01300000,110.53500000,110.99400,272.00
1632780000,609.00,20261001,1,215,1,0.01,152.17800000,151.12300000,110.99400,609.00
1632821400,0.00,20261000,0,221,0,0.01,111.31300000,110.93500000,111.46200,0.00
1632866400,280.00,20261000,1,221,1,0.01,111.59300000,110.93500000,111.46200,280.00
1632910500,0.00,20261001,0,223,1,0.06,150.50400000,151.19500000,111.94900,0.00
1632915000,0.00,20261000,0,224,1,0.02,111.22200000,111.68300000,111.94900,0.00
1632935645,-936.00,20261000,1,224,0,0.02,111.69000000,111.68300000,111.94900,-936.00
1632946346,1160.00,20260610,1,218,1,0.01,111.97100000,110.37100000,111.94900,1160.00
1632952800,294.00,20261001,1,223,0,0.06,150.45500000,151.19500000,111.94900,294.00
1633081500,0.00,20261001,0,228,1,0.01,149.47700000,150.17100000,111.06100,0.00
1633094967,-694.00,20261001,1,228,0,0.01,150.17100000,150.17100000,111.06100,-694.00
1633342500,0.00,20261001,0,230,0,0.01,150.69900000,150.15300000,110.91300,0.00
1633347000,0.00,20261000,0,231,0,0.01,111.18400000,110.88000000,110.91300,0.00
1633369153,-304.00,20261000,1,231,1,0.01,110.88000000,110.88000000,110.91300,-304.00
1633384800,284.00,20261001,1,230,1,0.01,150.98300000,150.15300000,110.91300,284.00
1633428000,0.00,20261001,0,234,0,0.01,151.20500000,150.74500000,111.45100,0.00
1633471200,744.00,20261001,1,234,1,0.01,151.94900000,150.74500000,111.45100,744.00
1633947300,0.00,20261000,0,236,0,0.01,112.82100000,112.12600000,113.24900,0.00
1633989600,516.00,20261000,1,236,1,0.01,113.33700000,112.12600000,113.24900,516.00
1634000400,0.00,20260650,0,238,0,0.03,83.27200000,0.00000000,113.59600,0.00
1634119200,0.00,20261001,0,239,0,0.01,154.57100000,154.10700000,113.23900,0.00
1634158800,0.00,20260605,0,240,0,0.01,1.15892000,1.15642000,113.23900,0.00
1634162400,69.00,20261001,1,239,1,0.01,154.64000000,154.10700000,113.23900,69.00
1634203800,0.00,20261001,0,242,0,0.01,155.32600000,154.60400000,113.66700,0.00
1634248800,230.00,20261001,1,242,1,0.01,155.55600000,154.60400000,113.66700,230.00
1634270400,0.00,20260622,0,244,0,0.03,113.88600000,113.41300000,114.24300,0.00
1634292000,0.00,20261001,0,245,0,0.01,156.22100000,155.37400000,114.24300,0.00
1634335200,864.00,20261001,1,245,1,0.01,157.08500000,155.37400000,114.24300,864.00
1634558400,0.00,20260774,0,247,0,0.01,1.37199000,1.36699000,114.30700,0.00
1634636700,0.00,20261000,0,248,1,0.01,114.00700000,114.35200000,114.36100,0.00
1634650576,1255.00,20260774,1,247,1,0.01,1.38301000,1.36699000,114.36100,1255.00
1634680800,-289.00,20261000,1,248,0,0.01,114.29600000,114.35200000,114.36100,-289.00
1634727600,0.00,20261001,0,251,1,0.06,157.49200000,158.21700000,114.22300,0.00
1634767200,-2808.00,20261001,1,251,0,0.06,157.96000000,158.21700000,114.22300,-2808.00
1634809500,0.00,20261001,0,253,1,0.01,157.23700000,158.20300000,113.95800,0.00
1634853600,193.00,20261001,1,253,0,0.01,157.04400000,158.20300000,113.95800,193.00
1634900400,0.00,20261001,0,255,1,0.06,156.91000000,157.66100000,113.48000,0.00
1634940000,5226.00,20261001,1,255,0,0.06,156.03900000,157.66100000,113.48000,5226.00
1634940220,-974.00,20260622,1,244,1,0.03,113.41300000,113.41300000,113.48000,-974.00
1635241500,0.00,20261001,0,258,0,0.01,156.87600000,156.42700000,114.14000,0.00
1635245100,0.00,20261000,0,259,0,0.01,114.05900000,113.67000000,114.14000,0.00
1635264000,0.00,20260622,0,260,0,0.03,114.14200000,113.64700000,114.14000,0.00
1635274800,-180.00,20260605,1,240,1,0.01,1.15900000,1.15642000,114.14000,-180.00
1635274800,0.00,20260605,0,262,1,0.01,1.15900000,1.16150000,114.14000,0.00
1635285600,101.00,20261000,1,259,1,0.01,114.16000000,113.67000000,114.14000,101.00
1635285600,276.00,20261001,1,258,1,0.01,157.15200000,156.42700000,114.14000,276.00
1635330600,0.00,20261001,0,265,1,0.01,156.71000000,157.26800000,113.79800,0.00
1635331500,0.00,20261000,0,266,1,0.01,113.79700000,114.22000000,113.79800,0.00
1635335679,-1396.00,20260622,1,260,1,0.03,113.64700000,113.64700000,113.79800,-1396.00
1635347639,-273.00,20260605,1,262,0,0.01,1.16151000,1.16150000,113.79800,-273.00
1635350400,0.00,20260774,0,269,0,0.01,1.37394000,1.36894000,113.79800,0.00
1635354000,0.00,20260605,0,270,1,0.01,1.16178000,1.16428000,113.79800,0.00
1635372000,24.00,20261000,1,266,0,0.01,113.77300000,114.22000000,113.79800,24.00
1635372000,318.00,20261001,1,265,0,0.01,156.39200000,157.26800000,113.79800,318.00
1635417900,0.00,20261001,0,273,0,0.06,156.47200000,155.97700000,113.55800,0.00
1635434549,-2970.00,20261001,1,273,1,0.06,155.97700000,155.97700000,113.55800,-2970.00
1635436800,-131.00,20260605,1,270,0,0.01,1.16304000,1.16428000,113.55800,-131.00
1635436800,0.00,20260605,0,276,0,0.01,1.16304000,1.16054000,113.55800,0.00
1635527021,-305.00,20260605,1,276,1,0.01,1.16054000,1.16054000,113.95200,-305.00
1635532041,-575.00,20260774,1,269,1,0.01,1.36894000,1.36894000,113.95200,-575.00
1635534000,0.00,20260605,0,279,1,0.01,1.15496000,1.15746000,113.95200,0.00
1635763500,0.00,20261000,0,280,0,0.01,114.39900000,114.02400000,113.98600,0.00
1635767441,-274.00,20260605,1,279,0,0.01,1.15746000,1.15746000,113.98600,-274.00
1635800838,-375.00,20261000,1,280,1,0.01,114.02400000,114.02400000,113.98600,-375.00
1635844500,0.00,20261001,0,283,1,0.01,155.10300000,155.89000000,113.94900,0.00
1635890400,-79.00,20261001,1,283,0,0.01,155.18200000,155.89000000,113.94900,-79.00
1636024500,0.00,20261001,0,285,1,0.01,155.79400000,156.24800000,113.73900,0.00
1636038032,969.00,20261001,1,285,0,0.01,154.82500000,156.24800000,113.73900,969.00
1636112700,0.00,20261001,0,287,1,0.01,153.09200000,153.77800000,113.38200,0.00
1636149600,209.00,20261001,1,287,0,0.01,152.88300000,153.77800000,113.38200,209.00
1636455600,0.00,20260605,0,289,0,0.01,1.15899000,1.15649000,112.83400,0.00
1636466400,-116.00,20260605,1,289,1,0.01,1.15797000,1.15649000,112.83400,-116.00
1636466400,0.00,20260605,0,291,1,0.01,1.15797000,1.16047000,112.83400,0.00
1636476341,-285.00,20260605,1,291,0,0.01,1.16047000,1.16047000,112.83400,-285.00
1636709400,0.00,20261001,0,293,0,0.01,152.82200000,152.37400000,113.91400,0.00
1636754400,41.00,20261001,1,293,1,0.01,152.86300000,152.37400000,113.91400,41.00
1637054100,0.00,20261001,0,295,0,0.01,153.56200000,152.95500000,114.80900,0.00
1637100000,457.00,20261001,1,295,1,0.01,154.01900000,152.95500000,114.80900,457.00
1637140500,0.00,20261001,0,297,0,0.01,154.54400000,153.91800000,113.97700,0.00
1637178208,-626.00,20261001,1,297,1,0.01,153.91800000,153.91800000,113.97700,-626.00
1637234100,0.00,20261001,0,299,0,0.01,154.20100000,153.65000000,114.23900,0.00
1637272800,14.00,20261001,1,299,1,0.01,154.21500000,153.65000000,114.23900,14.00
1637572500,0.00,20261001,0,301,0,0.01,153.61600000,153.11200000,114.86100,0.00
1637618400,237.00,20261001,1,301,1,0.01,153.85300000,153.11200000,114.86100,237.00
1637659800,0.00,20261001,0,303,1,0.06,153.68200000,154.21500000,115.11500,0.00
1637663400,0.00,20261000,0,304,1,0.02,114.64200000,115.14000000,115.11500,0.00
1637704800,-870.00,20261000,1,304,0,0.02,115.07700000,115.14000000,115.11500,-870.00
1637704800,-1812.00,20261001,1,303,0,0.06,153.98400000,154.21500000,115.11500,-1812.00
1637748000,0.00,20261001,0,307,1,0.01,153.62800000,154.15200000,115.40600,0.00
1637791200,-192.00,20261001,1,307,0,0.01,153.82000000,154.15200000,115.40600,-192.00
1638147600,-4939.00,20260650,1,238,1,0.03,80.78700000,0.00000000,113.51500,-4939.00
1638259200,0.00,20260610,0,310,1,0.01,113.08000000,113.58000000,113.13800,0.00
1638270000,0.00,20260605,0,311,0,0.01,1.13491000,1.13241000,113.13800,0.00
1638293897,-302.00,20260605,1,311,1,0.01,1.13224000,1.13241000,113.13800,-302.00
1638294823,-523.00,20260610,1,310,0,0.01,113.60300000,113.58000000,113.13800,-523.00
1638295200,0.00,20260605,0,314,1,0.01,1.12592000,1.12842000,113.13800,0.00
1638297522,-292.00,20260605,1,314,0,0.01,1.12849000,1.12842000,113.13800,-292.00
1638436500,0.00,20261001,0,316,0,0.01,150.54100000,149.50800000,113.00700,0.00
1638439200,0.00,20261000,0,317,0,0.01,113.27900000,112.63000000,113.00700,0.00
1638482400,-114.00,20261000,1,317,1,0.01,113.16500000,112.63000000,113.00700,-114.00
1638482400,-58.00,20261001,1,316,1,0.01,150.48300000,149.50800000,113.00700,-58.00
1638526500,0.00,20261001,0,320,0,0.01,150.61100000,150.16000000,112.82500,0.00
1638527400,0.00,20261000,0,321,0,0.01,113.46800000,112.95700000,112.82500,0.00
1638536682,-451.00,20261001,1,320,1,0.01,150.16000000,150.16000000,112.82500,-451.00
1638557562,-514.00,20261000,1,321,1,0.01,112.95400000,112.95700000,112.82500,-514.00
1638784800,0.00,20261001,0,324,0,0.01,149.72400000,149.04900000,113.43400,0.00
1638790200,0.00,20261000,0,325,0,0.01,113.26300000,112.82700000,113.43400,0.00
1638828000,231.00,20261000,1,325,1,0.01,113.49400000,112.82700000,113.43400,231.00
1638828000,733.00,20261001,1,324,1,0.01,150.45700000,149.04900000,113.43400,733.00
1639044000,0.00,20261001,0,328,1,0.06,149.80800000,150.31500000,113.45000,0.00
1639087200,0.00,20260605,0,329,1,0.01,1.12870000,1.13120000,113.45000,0.00
1639087200,-432.00,20261001,1,328,0,0.06,149.88000000,150.31500000,113.45000,-432.00
1639160061,-274.00,20260605,1,329,0,0.01,1.13122000,1.13120000,113.37400,-274.00
1639162800,0.00,20260605,0,332,0,0.01,1.13125000,1.12875000,113.37400,0.00
1639384297,-305.00,20260605,1,332,1,0.01,1.12875000,1.12875000,113.48800,-305.00
1639394100,0.00,20261000,0,334,0,0.01,113.68300000,113.25700000,113.48800,0.00
1639432800,-156.00,20261000,1,334,1,0.01,113.52700000,113.25700000,113.48800,-156.00
1639477800,0.00,20261001,0,336,0,0.01,150.18300000,149.76100000,113.60100,0.00
1639519200,189.00,20261001,1,336,1,0.01,150.37200000,149.76100000,113.60100,189.00
1639584000,0.00,20260610,0,338,0,0.01,113.84400000,113.34400000,113.97800,0.00
1639649700,0.00,20261001,0,339,0,0.01,151.59400000,150.97700000,113.60200,0.00
1639692000,-401.00,20261001,1,339,1,0.01,151.19300000,150.97700000,113.60200,-401.00
1639751260,-440.00,20260610,1,338,1,0.01,113.34400000,113.34400000,113.69800,-440.00
1639774800,0.00,20260605,0,342,1,0.01,1.12530000,1.12780000,113.69800,0.00
1639991700,0.00,20261001,0,343,1,0.01,149.84000000,150.56200000,113.52100,0.00
1640014119,-271.00,20260605,1,342,0,0.01,1.12780000,1.12780000,113.52100,-271.00
1640016000,0.00,20260605,0,345,0,0.01,1.12936000,1.12686000,113.52100,0.00
1640023200,-56.00,20260605,1,345,1,0.01,1.12887000,1.12686000,113.52100,-56.00
1640023200,0.00,20260605,0,347,1,0.01,1.12887000,1.13137000,113.52100,0.00
1640037600,-285.00,20261001,1,343,0,0.01,150.12500000,150.56200000,113.52100,-285.00
1640079000,0.00,20261001,0,349,0,0.01,150.44900000,149.88800000,114.05400,0.00
1640116800,0.00,20260610,0,350,0,0.01,114.21100000,113.71100000,114.05400,0.00
1640124000,902.00,20261001,1,349,1,0.01,151.35100000,149.88800000,114.05400,902.00
1640169000,0.00,20261000,0,352,0,0.01,114.30800000,113.94900000,114.05600,0.00
1640188591,-261.00,20260605,1,347,0,0.01,1.13137000,1.13137000,114.05600,-261.00
1640210400,-136.00,20261000,1,352,1,0.01,114.17200000,113.94900000,114.05600,-136.00
1640252700,0.00,20261001,0,355,0,0.01,152.70800000,152.18400000,114.37400,0.00
1640268000,0.00,20260629,0,356,0,0.01,1.13241000,0.00000000,114.37400,0.00
1640268000,0.00,20260629,0,357,1,0.01,1.34328000,0.00000000,114.37400,0.00
1640286000,0.00,20260605,0,358,0,0.01,1.13201000,1.12951000,114.37400,0.00
1640296800,860.00,20261001,1,355,1,0.01,153.56800000,152.18400000,114.37400,860.00
1640599200,0.00,20261001,0,360,0,0.01,153.51100000,152.94500000,114.80700,0.00
1640600100,0.00,20261000,0,361,0,0.01,114.54200000,114.29800000,114.80700,0.00
1640642400,364.00,20261000,1,361,1,0.01,114.90600000,114.29800000,114.80700,364.00
1640642400,936.00,20261001,1,360,1,0.01,154.44700000,152.94500000,114.80700,936.00
1640710454,-350.00,20260605,1,358,1,0.01,1.12951000,1.12951000,114.80700,-350.00
1640739600,0.00,20260605,0,365,1,0.01,1.13023000,1.13273000,114.89600,0.00
1640775600,0.00,20261000,0,366,0,0.01,114.99300000,114.73000000,114.89600,0.00
1640795105,-288.00,20260605,1,365,0,0.01,1.13274000,1.13273000,114.89600,-288.00
1640796510,-265.00,20261000,1,366,1,0.01,114.72800000,114.73000000,114.89600,-265.00
1640797200,0.00,20260605,0,369,0,0.01,1.13471000,1.13221000,114.89600,0.00
1640808000,0.00,20260774,0,370,0,0.01,1.34826000,1.34326000,114.89600,0.00
1640826000,0.00,20260650,0,371,0,0.03,83.34400000,0.00000000,115.02800,0.00
1640852368,-309.00,20260605,1,369,1,0.01,1.13221000,1.13221000,115.02800,-309.00
1641196033,1370.00,20260610,1,350,1,0.01,115.31100000,113.71100000,115.31500,1370.00
1641231218,-586.00,20260774,1,370,1,0.01,1.34326000,1.34326000,115.31500,-586.00
1641272400,0.00,20260605,0,375,1,0.01,1.13021000,1.13271000,116.12000,0.00
1641290400,0.00,20261001,0,376,0,0.01,156.12300000,155.10900000,116.12000,0.00
1641333600,1032.00,20261001,1,376,1,0.01,157.15500000,155.10900000,116.12000,1032.00
1641397768,-282.00,20260605,1,375,0,0.01,1.13276000,1.13271000,116.06500,-282.00
1641405600,0.00,20260605,0,379,0,0.01,1.13374000,1.13124000,116.06500,0.00
1641417081,-292.00,20260605,1,379,1,0.01,1.13121000,1.13124000,116.06500,-292.00
1641420000,0.00,20260605,0,381,1,0.01,1.13102000,1.13352000,116.06500,0.00
1641463200,0.00,20261001,0,382,1,0.01,156.40900000,157.47500000,115.81500,0.00
1641468600,0.00,20261000,0,383,1,0.01,115.72700000,116.18500000,115.81500,0.00
1641506400,-222.00,20261000,1,383,0,0.01,115.94900000,116.18500000,115.81500,-222.00
1641506400,-414.00,20261001,1,382,0,0.01,156.82300000,157.47500000,115.81500,-414.00
1641574985,-266.00,20260605,1,381,0,0.01,1.13352000,1.13352000,115.52400,-266.00
1641837600,0.00,20260605,0,387,1,0.01,1.13184000,1.13434000,115.13500,0.00
1641841200,-111.00,20260605,1,387,0,0.01,1.13280000,1.13434000,115.13500,-111.00
1641841200,0.00,20260605,0,389,0,0.01,1.13280000,1.13030000,115.13500,0.00
1641896100,0.00,20261001,0,390,0,0.01,156.93300000,156.03800000,115.28500,0.00
1641938400,253.00,20261001,1,390,1,0.01,157.18600000,156.03800000,115.28500,253.00
1641960000,0.00,20260610,0,392,0,0.01,115.29300000,114.79300000,114.62700,0.00
1642010765,-502.00,20260610,1,392,1,0.01,114.79100000,114.79300000,114.62700,-502.00
1642014638,1163.00,20260605,1,389,1,0.01,1.14330000,1.13030000,114.62700,1163.00
1642068000,0.00,20261000,0,395,1,0.01,114.40800000,114.70300000,114.15400,0.00
1642089600,0.00,20260610,0,396,1,0.01,114.27900000,114.77900000,114.15400,0.00
1642111200,339.00,20261000,1,395,0,0.01,114.06900000,114.70300000,114.15400,339.00
1642411800,0.00,20261001,0,398,0,0.01,156.61200000,155.85500000,114.59400,0.00
1642456800,-266.00,20261001,1,398,1,0.01,156.34600000,155.85500000,114.59400,-266.00
1642481560,-725.00,20260610,1,396,0,0.01,114.77900000,114.77900000,114.60400,-725.00
1642504500,0.00,20261001,0,401,1,0.06,156.21100000,156.90700000,114.60400,0.00
1642507200,-2298.00,20260629,1,357,0,0.01,1.36267000,0.00000000,114.60400,-2298.00
1642507200,433.00,20260629,1,356,1,0.01,1.13948000,0.00000000,114.60400,433.00
1642543200,2100.00,20261001,1,401,0,0.06,155.86100000,156.90700000,114.60400,2100.00
1642676400,0.00,20260605,0,405,1,0.01,1.13545000,1.13795000,114.08000,0.00
1642986000,-4112.00,20260650,1,371,1,0.03,81.55400000,0.00000000,113.86500,-4112.00
1643021100,0.00,20261001,0,407,1,0.06,153.97000000,154.48700000,113.86500,0.00
1643022900,0.00,20261000,0,408,1,0.02,113.54900000,113.97500000,113.86500,0.00
1643046266,-852.00,20261000,1,408,0,0.02,113.97500000,113.97500000,113.86500,-852.00
1643050800,0.00,20260629,0,410,1,0.01,1.13105000,0.00000000,113.86500,0.00
1643050800,0.00,20260629,0,411,0,0.01,1.34475000,0.00000000,113.86500,0.00
1643051852,6204.00,20261001,1,407,0,0.06,152.93600000,154.48700000,113.86500,6204.00
1643083200,0.00,20260610,0,413,1,0.01,113.84100000,114.34100000,113.84500,0.00
1643192100,0.00,20261000,0,414,0,0.01,114.03800000,113.77600000,114.55300,0.00
1643192100,0.00,20261001,0,415,0,0.01,154.01400000,153.50200000,114.55300,0.00
1643215540,-579.00,20260610,1,413,0,0.01,114.34500000,114.34100000,114.55300,-579.00
1643227200,0.00,20260610,0,417,1,0.01,114.35000000,114.85000000,114.55300,0.00
1643233243,527.00,20261000,1,414,1,0.01,114.56500000,113.77600000,114.55300,527.00
1643233543,1261.00,20260605,1,405,0,0.01,1.12487000,1.13795000,114.55300,1261.00
1643234400,217.00,20261001,1,415,1,0.01,154.23100000,153.50200000,114.55300,217.00
1643256000,-333.00,20260610,1,417,0,0.01,114.60800000,114.85000000,115.34900,-333.00
1643256000,0.00,20260610,0,422,0,0.01,114.60800000,114.10800000,115.34900,0.00
1643280300,0.00,20261000,0,423,0,0.01,114.93800000,114.47300000,115.34900,0.00
1643320800,367.00,20261000,1,423,1,0.01,115.30500000,114.47300000,115.34900,367.00
1643362200,0.00,20261000,0,425,0,0.01,115.64200000,115.22900000,115.23600,0.00
1643388673,-413.00,20261000,1,425,1,0.01,115.22900000,115.22900000,115.23600,-413.00
1643623200,0.00,20261001,0,427,0,0.01,155.08500000,154.32700000,115.04400,0.00
1643634000,-115.00,20260629,1,411,1,0.01,1.34388000,0.00000000,115.04400,-115.00
1643634000,1707.00,20260629,1,410,0,0.01,1.11679000,0.00000000,115.04400,1707.00
1643666400,-335.00,20261001,1,427,1,0.01,154.75000000,154.32700000,115.04400,-335.00
1643707800,0.00,20261001,0,431,0,0.06,154.94200000,154.48600000,114.66300,0.00
1643715000,0.00,20261000,0,432,1,0.02,114.73800000,115.19300000,114.66300,0.00
1643752800,78.00,20261000,1,432,0,0.02,114.69900000,115.19300000,114.66300,78.00
1643752800,582.00,20261001,1,431,1,0.06,155.03900000,154.48600000,114.66300,582.00
1643842800,0.00,20260605,0,435,0,0.01,1.13064000,1.12814000,114.43300,0.00
1643883300,0.00,20261000,0,436,0,0.01,114.66500000,114.26000000,114.94700,0.00
1643883300,0.00,20261001,0,437,0,0.06,155.42700000,155.04400000,114.94700,0.00
1643890296,-308.00,20260605,1,435,1,0.01,1.12814000,1.12814000,114.94700,-308.00
1643896840,4596.00,20261001,1,437,1,0.06,156.19300000,155.04400000,114.94700,4596.00
1643907600,0.00,20260605,0,440,0,0.01,1.13914000,1.13664000,114.94700,0.00
1643925600,270.00,20261000,1,436,1,0.01,114.93500000,114.26000000,114.94700,270.00
1643975100,0.00,20261001,0,442,1,0.01,156.03100000,156.50300000,115.16400,0.00
1644012000,94.00,20261001,1,442,0,0.01,155.93700000,156.50300000,115.16400,94.00
1644230700,0.00,20261000,0,444,1,0.02,115.06300000,115.37700000,115.04600,0.00
1644271200,-18.00,20261000,1,444,0,0.02,115.07200000,115.37700000,115.04600,-18.00
1644320700,0.00,20261001,0,446,0,0.01,156.29600000,155.44200000,115.52800,0.00
1644357600,171.00,20261001,1,446,1,0.01,156.46700000,155.44200000,115.52800,171.00
1644487200,0.00,20261001,0,448,0,0.01,156.59900000,156.08000000,115.93800,0.00
1644491192,1412.00,20260610,1,422,1,0.01,115.72000000,114.10800000,115.93800,1412.00
1644491700,0.00,20261000,0,450,0,0.01,115.82100000,115.35300000,115.93800,0.00
1644513037,1038.00,20261001,1,448,1,0.01,157.63700000,156.08000000,115.93800,1038.00
1644530400,87.00,20261000,1,450,1,0.01,115.90800000,115.35300000,115.93800,87.00
1644541200,0.00,20260650,0,453,0,0.03,83.13300000,0.00000000,115.26000,0.00
1644576300,0.00,20261001,0,454,0,0.06,157.39300000,156.89000000,115.26000,0.00
1644611920,-416.00,20260605,1,440,1,0.01,1.13664000,1.13664000,115.26000,-416.00
1644611983,-3156.00,20261001,1,454,1,0.06,156.86700000,156.89000000,115.26000,-3156.00
1644833700,0.00,20261001,0,457,1,0.01,155.94500000,156.86100000,115.52300,0.00
1644834600,0.00,20261000,0,458,1,0.02,115.18600000,115.59600000,115.52300,0.00
1644859051,-820.00,20261000,1,458,0,0.02,115.59600000,115.59600000,115.52300,-820.00
1644876000,-429.00,20261001,1,457,0,0.01,156.37400000,156.86100000,115.52300,-429.00
1644920100,0.00,20261001,0,461,0,0.06,156.59700000,155.96400000,115.59300,0.00
1644926400,0.00,20260605,0,462,1,0.01,1.13458000,1.13708000,115.59300,0.00
1644962400,-558.00,20261001,1,461,1,0.06,156.50400000,155.96400000,115.59300,-558.00
1645002701,-280.00,20260605,1,462,0,0.01,1.13711000,1.13708000,115.47400,-280.00
1645002900,0.00,20261001,0,465,0,0.01,156.85100000,156.31600000,115.47400,0.00
1645048800,87.00,20261001,1,465,1,0.01,156.93800000,156.31600000,115.47400,87.00
1645096500,0.00,20261000,0,467,1,0.01,114.97900000,115.53700000,114.93000,0.00
1645113600,0.00,20260610,0,468,1,0.01,114.88400000,115.38400000,114.93000,0.00
1645128000,-170.00,20260610,1,468,0,0.01,115.05400000,115.38400000,114.93000,-170.00
1645128000,0.00,20260610,0,470,0,0.01,115.05400000,114.55400000,114.93000,0.00
1645135200,99.00,20261000,1,467,0,0.01,114.88000000,115.53700000,114.93000,99.00
1645179300,0.00,20261001,0,472,0,0.01,156.89400000,156.21700000,114.98500,0.00
1645207483,-677.00,20261001,1,472,1,0.01,156.21700000,156.21700000,114.98500,-677.00
1645434900,0.00,20261001,0,474,0,0.01,156.70800000,156.08200000,114.72800,0.00
1645477300,-627.00,20261001,1,474,1,0.01,156.08100000,156.08200000,114.72800,-627.00
1645492659,-411.00,20260610,1,470,1,0.01,114.55300000,114.55400000,115.04100,-411.00
1645526700,0.00,20261000,0,477,0,0.02,114.87600000,114.49800000,115.04100,0.00
1645567200,382.00,20261000,1,477,1,0.02,115.06700000,114.49800000,115.04100,382.00
1645646400,0.00,20260774,0,479,1,0.01,1.35502000,1.36002000,114.97500,0.00
1645703541,1274.00,20260774,1,479,0,0.01,1.34391000,1.36002000,115.46900,1274.00
1645785000,0.00,20261001,0,481,1,0.06,154.27100000,154.79700000,115.52000,0.00
1645800631,-3156.00,20261001,1,481,0,0.06,154.79700000,154.79700000,115.52000,-3156.00
1645804800,0.00,20260610,0,483,0,0.01,115.56000000,115.06000000,115.52000,0.00
1646074902,-474.00,20260610,1,483,1,0.01,115.05600000,115.06000000,114.96900,-474.00
1646133300,0.00,20261000,0,485,1,0.02,114.89100000,115.28700000,114.87800,0.00
1646135100,0.00,20261001,0,486,1,0.06,154.03000000,154.68300000,114.87800,0.00
1646166271,7836.00,20261001,1,486,0,0.06,152.72400000,154.68300000,114.87800,7836.00
1646172000,62.00,20261000,1,485,0,0.02,114.86000000,115.28700000,114.87800,62.00
1646212500,0.00,20261001,0,489,1,0.06,152.86600000,153.44000000,115.51300,0.00
1646223196,-3444.00,20261001,1,489,0,0.06,153.44000000,153.44000000,115.51300,-3444.00
1646392500,0.00,20261001,0,491,1,0.01,153.55500000,154.21900000,114.71800,0.00
1646413359,1328.00,20261001,1,491,0,0.01,152.22700000,154.21900000,114.71800,1328.00
1646645400,0.00,20261001,0,493,0,0.01,152.17900000,151.47600000,115.26200,0.00
1646649269,-707.00,20261001,1,493,1,0.01,151.47200000,151.47600000,115.26200,-707.00
1646649900,0.00,20261001,0,495,1,0.06,151.37200000,152.12100000,115.26200,0.00
1646663745,-4494.00,20261001,1,495,0,0.06,152.12100000,152.12100000,115.26200,-4494.00
1646738100,0.00,20261000,0,497,0,0.01,115.61500000,115.22700000,115.56600,0.00
1646776800,126.00,20261000,1,497,1,0.01,115.74100000,115.22700000,115.56600,126.00
1646820900,0.00,20261001,0,499,0,0.01,152.08800000,151.39400000,115.77800,0.00
1646863200,611.00,20261001,1,499,1,0.01,152.69900000,151.39400000,115.77800,611.00
1646908200,0.00,20261001,0,501,1,0.06,152.35000000,152.99500000,116.12500,0.00
1646949600,1674.00,20261001,1,501,0,0.06,152.07100000,152.99500000,116.12500,1674.00
1646990100,0.00,20261001,0,503,0,0.01,152.88300000,151.84400000,117.24400,0.00
1647036000,121.00,20261001,1,503,1,0.01,153.00400000,151.84400000,117.24400,121.00
1647253800,0.00,20261001,0,505,0,0.01,153.50900000,152.83200000,118.17300,0.00
1647295200,212.00,20261001,1,505,1,0.01,153.72100000,152.83200000,118.17300,212.00
1647339300,0.00,20261000,0,507,1,0.02,117.92200000,118.44900000,118.28200,0.00
1647343800,0.00,20261001,0,508,1,0.06,153.44900000,154.49400000,118.28200,0.00
1647368977,-6270.00,20261001,1,508,0,0.06,154.49400000,154.49400000,118.28200,-6270.00
1647381600,-800.00,20261000,1,507,0,0.02,118.32200000,118.44900000,118.28200,-800.00
1647468000,0.00,20260605,0,511,0,0.01,1.10012000,1.09762000,118.68800,0.00
1647512100,0.00,20261001,0,512,0,0.01,156.60800000,155.97200000,118.58600,0.00
1647529240,-636.00,20261001,1,512,1,0.01,155.97200000,155.97200000,118.58600,-636.00
1647543341,1225.00,20260605,1,511,1,0.01,1.11065000,1.09762000,118.58600,1225.00
1647594900,0.00,20261001,0,515,0,0.01,156.42800000,155.85000000,119.10800,0.00
1647598500,0.00,20261000,0,516,0,0.01,118.95000000,118.46800000,119.10800,0.00
1647640800,178.00,20261000,1,516,1,0.01,119.12800000,118.46800000,119.10800,178.00
1647640800,664.00,20261001,1,515,1,0.01,157.09200000,155.85000000,119.10800,664.00
1647936000,0.00,20260605,0,519,1,0.01,1.09853000,1.10103000,120.76300,0.00
1647945000,0.00,20261001,0,520,0,0.01,158.25300000,157.18800000,120.76300,0.00
1647949469,-301.00,20260605,1,519,0,0.01,1.10106000,1.10103000,120.76300,-301.00
1647950400,0.00,20260605,0,522,0,0.01,1.10077000,1.09827000,120.76300,0.00
1647986400,1751.00,20261001,1,520,1,0.01,160.00400000,157.18800000,120.76300,1751.00
1648035900,0.00,20261001,0,524,1,0.06,160.06200000,161.09600000,121.14100,0.00
1648045770,-320.00,20260605,1,522,1,0.01,1.09827000,1.09827000,121.14100,-320.00
1648072800,0.00,20260605,0,526,0,0.01,1.10095000,1.09845000,121.14100,0.00
1648072800,630.00,20261001,1,524,0,0.06,159.95700000,161.09600000,121.14100,630.00
1648096052,-326.00,20260605,1,526,1,0.01,1.09840000,1.09845000,122.31000,-326.00
1648114200,0.00,20261001,0,529,0,0.01,160.26400000,159.58100000,122.31000,0.00
1648116000,0.00,20261000,0,530,0,0.01,121.58500000,120.95100000,122.31000,0.00
1648159200,651.00,20261000,1,530,1,0.01,122.23600000,120.95100000,122.31000,651.00
1648159200,874.00,20261001,1,529,1,0.01,161.13800000,159.58100000,122.31000,874.00
1648208700,0.00,20261001,0,533,1,0.01,160.05900000,161.49600000,121.96800,0.00
1648245600,-961.00,20261001,1,533,0,0.01,161.02000000,161.49600000,121.96800,-961.00
1648440000,0.00,20260605,0,535,1,0.01,1.09706000,1.09956000,123.75100,0.00
1648461600,0.00,20261001,0,536,0,0.01,162.26600000,160.71300000,123.75100,0.00
1648468120,-306.00,20260605,1,535,0,0.01,1.09956000,1.09956000,123.75100,-306.00
1648504800,-454.00,20261001,1,536,1,0.01,161.81200000,160.71300000,123.75100,-454.00
1648720800,0.00,20261000,0,539,1,0.02,121.56800000,122.45100000,121.57800,0.00
1648720800,0.00,20261001,0,540,1,0.06,159.68300000,160.87800000,121.57800,0.00
1648764000,-76.00,20261000,1,539,0,0.02,121.60600000,122.45100000,121.57800,-76.00
1648764000,-282.00,20261001,1,540,0,0.06,159.73000000,160.87800000,121.57800,-282.00
1649064600,0.00,20261001,0,543,0,0.01,161.10500000,160.27100000,122.77100,0.00
1649080800,0.00,20260605,0,544,1,0.01,1.10010000,1.10260000,122.77100,0.00
1649109600,-45.00,20261001,1,543,1,0.01,161.06000000,160.27100000,122.77100,-45.00
1649154600,0.00,20261001,0,546,0,0.06,161.32300000,160.50200000,123.59200,0.00
1649196000,2142.00,20261001,1,546,1,0.06,161.68000000,160.50200000,123.59200,2142.00
1649216919,1303.00,20260605,1,544,0,0.01,1.08960000,1.10260000,123.75000,1303.00
1649217600,0.00,20260622,0,549,0,0.02,123.83500000,123.11400000,123.75000,0.00
1649244600,0.00,20261001,0,550,0,0.01,162.16100000,161.43000000,123.75000,0.00
1649282400,-406.00,20261001,1,550,1,0.01,161.75500000,161.43000000,123.75000,-406.00
1649325600,0.00,20261001,0,552,0,0.01,162.05800000,161.39900000,123.88200,0.00
1649368800,0.00,20261001,1,552,1,0.01,162.05800000,161.39900000,123.88200,0.00
1649668888,3064.00,20260622,1,549,1,0.02,125.27700000,123.11400000,125.33400,3064.00
1649669400,0.00,20261000,0,555,0,0.01,125.31300000,124.00600000,125.33400,0.00
1649670300,0.00,20261001,0,556,0,0.01,162.91300000,161.49900000,125.33400,0.00
1649714400,137.00,20261000,1,555,1,0.01,125.45000000,124.00600000,125.33400,137.00
1649714400,585.00,20261001,1,556,1,0.01,163.49800000,161.49900000,125.33400,585.00
1649841300,0.00,20261001,0,559,0,0.01,163.57800000,162.89400000,125.48100,0.00
1649851200,0.00,20260627,0,560,0,0.01,163.94100000,162.97600000,125.48100,0.00
1649887200,1079.00,20261001,1,559,1,0.01,164.65700000,162.89400000,125.48100,1079.00
1649952000,0.00,20260622,0,562,0,0.01,125.53500000,124.61600000,125.86300,0.00
1650015900,0.00,20261001,0,563,0,0.01,165.39800000,164.30000000,126.42700,0.00
1650060000,-320.00,20261001,1,563,1,0.01,165.07800000,164.30000000,126.42700,-320.00
1650278700,0.00,20261001,0,565,1,0.06,164.64700000,165.41500000,126.97400,0.00
1650319200,-3270.00,20261001,1,565,0,0.06,165.19200000,165.41500000,126.97400,-3270.00
1650341206,1927.00,20260622,1,562,1,0.01,127.37200000,124.61600000,128.88700,1927.00
1650416558,4002.00,20260627,1,560,1,0.01,167.80300000,162.97600000,127.68500,4002.00
1650495600,0.00,20260605,0,569,0,0.01,1.08539000,1.08289000,127.68500,0.00
1650513600,0.00,20260622,0,570,0,0.01,128.15600000,126.96600000,128.32800,0.00
1650513600,-256.00,20260605,1,569,1,0.01,1.08356000,1.08289000,128.32800,-256.00
1650513600,0.00,20260605,0,572,1,0.01,1.08356000,1.08606000,128.32800,0.00
1650533421,-320.00,20260605,1,572,0,0.01,1.08606000,1.08606000,128.32800,-320.00
1650618900,0.00,20261001,0,574,1,0.01,166.56900000,167.58800000,128.43600,0.00
1650632400,0.00,20260629,0,575,1,0.01,1.08054000,0.00000000,128.43600,0.00
1650632400,0.00,20260629,0,576,0,0.01,1.28682000,0.00000000,128.43600,0.00
1650664800,1660.00,20261001,1,574,0,0.01,164.90900000,167.58800000,128.43600,1660.00
1650879000,0.00,20261001,0,578,1,0.01,163.75800000,165.30800000,128.12600,0.00
1650880800,0.00,20261000,0,579,1,0.01,128.08900000,128.86700000,128.12600,0.00
1650924000,57.00,20261000,1,579,0,0.01,128.03200000,128.86700000,128.12600,57.00
1650924000,735.00,20261001,1,578,0,0.01,163.02300000,165.30800000,128.12600,735.00
1651021441,-1070.00,20260622,1,570,1,0.01,126.96600000,126.96600000,128.40900,-1070.00
1651050900,0.00,20261001,0,583,0,0.01,160.93700000,159.59900000,128.40900,0.00
1651051800,0.00,20261000,0,584,0,0.01,127.98300000,126.92900000,128.40900,0.00
1651060800,0.00,20260622,0,585,0,0.01,127.96400000,126.71300000,128.40900,0.00
1651096800,354.00,20261000,1,584,1,0.01,128.33700000,126.92900000,128.40900,354.00
1651096800,-12.00,20261001,1,583,1,0.01,160.92500000,159.59900000,128.40900,-12.00
1651139742,2541.00,20260622,1,585,1,0.01,130.47500000,126.71300000,130.78600,2541.00
1651147200,0.00,20260622,0,589,0,0.01,130.92900000,129.62400000,130.78600,0.00
1651229100,0.00,20261000,0,590,1,0.01,130.09000000,130.94800000,129.61400,0.00
1651254929,-1275.00,20260622,1,589,1,0.01,129.62400000,129.62400000,129.61400,-1275.00
1651269600,644.00,20261000,1,590,0,0.01,129.44600000,130.94800000,129.61400,644.00
1651464000,0.00,20260622,0,593,0,0.01,130.06000000,128.67200000,130.08400,0.00
1651573800,0.00,20261001,0,594,0,0.01,163.15900000,162.39400000,130.12900,0.00
1651614087,-765.00,20261001,1,594,1,0.01,162.39400000,162.39400000,130.12900,-765.00
1651701403,-1360.00,20260622,1,593,1,0.01,128.64000000,128.67200000,129.04100,-1360.00
1651747500,0.00,20261000,0,597,0,0.01,129.69600000,128.74900000,130.12500,0.00
1651766400,0.00,20260622,0,598,0,0.01,129.90200000,128.99700000,130.12500,0.00
1651788000,698.00,20261000,1,597,1,0.01,130.39400000,128.74900000,130.12500,698.00
1651831200,0.00,20261001,0,600,1,0.06,160.37900000,161.60200000,130.51800,0.00
1651874400,-3918.00,20261001,1,600,0,0.06,161.03200000,161.60200000,130.51800,-3918.00
1652090400,0.00,20261000,0,602,0,0.01,131.27600000,130.41800000,130.26400,0.00
1652119646,-858.00,20261000,1,602,1,0.01,130.41800000,130.41800000,130.26400,-858.00
1652173200,0.00,20260605,0,604,0,0.01,1.05768000,1.05518000,130.42800,0.00
1652177039,-327.00,20260605,1,604,1,0.01,1.05517000,1.05518000,130.42800,-327.00
1652209200,0.00,20260605,0,606,1,0.01,1.05307000,1.05557000,130.42800,0.00
1652263906,-313.00,20260605,1,606,0,0.01,1.05558000,1.05557000,129.92600,-313.00
1652295600,0.00,20260605,0,608,1,0.01,1.05372000,1.05622000,129.92600,0.00
1652346900,0.00,20261001,0,609,1,0.01,158.00900000,159.27400000,128.25200,0.00
1652347800,0.00,20261000,0,610,1,0.01,129.32000000,130.04600000,128.25200,0.00
1652349796,-772.00,20260622,1,598,1,0.01,128.98000000,128.99700000,128.25200,-772.00
1652357012,1396.00,20260605,1,608,0,0.01,1.04297000,1.05622000,128.25200,1396.00
1652373222,1467.00,20261000,1,610,0,0.01,127.85300000,130.04600000,128.25200,1467.00
1652392800,2043.00,20261001,1,609,0,0.01,155.96600000,159.27400000,128.25200,2043.00
1652742000,-7107.00,20260629,1,576,1,0.01,1.23173000,0.00000000,129.12300,-7107.00
1652742000,4985.00,20260629,1,575,0,0.01,1.04325000,0.00000000,129.12300,4985.00
1652780700,0.00,20261001,0,617,0,0.01,160.13500000,158.78800000,129.35800,0.00
1652824800,1379.00,20261001,1,617,1,0.01,161.51400000,158.78800000,129.35800,1379.00
1652864400,0.00,20260605,0,619,0,0.01,1.05396000,1.05146000,128.21100,0.00
1652868269,-320.00,20260605,1,619,1,0.01,1.05146000,1.05146000,128.21100,-320.00
1652868900,0.00,20261001,0,621,1,0.01,160.42500000,161.78500000,128.21100,0.00
1652871600,0.00,20260605,0,622,0,0.01,1.05166000,1.04916000,128.21100,0.00
1652898449,-320.00,20260605,1,622,1,0.01,1.04916000,1.04916000,128.21100,-320.00
1652900400,0.00,20260605,0,624,0,0.01,1.04914000,1.04664000,128.21100,0.00
1652904000,-56.00,20260605,1,624,1,0.01,1.04870000,1.04664000,128.21100,-56.00
1652904000,0.00,20260605,0,626,1,0.01,1.04870000,1.05120000,128.21100,0.00
1652911200,2271.00,20261001,1,621,0,0.01,158.15400000,161.78500000,128.21100,2271.00
1652967645,-308.00,20260605,1,626,0,0.01,1.05121000,1.05120000,127.78000,-308.00
1653388200,0.00,20261000,0,629,1,0.01,127.39200000,128.08500000,126.77300,0.00
1653390000,0.00,20261001,0,630,1,0.01,160.14800000,160.97800000,126.77300,0.00
1653409959,1660.00,20261001,1,630,0,0.01,158.48800000,160.97800000,126.77300,1660.00
1653429600,580.00,20261000,1,629,0,0.01,126.81200000,128.08500000,126.77300,580.00
1653557400,0.00,20261001,0,633,1,0.01,159.78600000,160.82900000,127.10100,0.00
1653560100,0.00,20261000,0,634,1,0.02,126.88400000,127.58100000,127.10100,0.00
1653602400,-596.00,20261000,1,634,0,0.02,127.18200000,127.58100000,127.10100,-596.00
1653602400,-399.00,20261001,1,633,0,0.01,160.18500000,160.82900000,127.10100,-399.00
1653988500,0.00,20261001,0,637,1,0.01,161.13600000,161.96200000,128.55500,0.00
1654015662,-829.00,20261001,1,637,0,0.01,161.96500000,161.96200000,128.55500,-829.00
1654076700,0.00,20261001,0,639,0,0.01,162.93100000,161.96200000,130.08600,0.00
1654079400,0.00,20261000,0,640,0,0.01,129.45700000,128.55000000,130.08600,0.00
1654108996,-973.00,20261001,1,639,1,0.01,161.95800000,161.96200000,130.08600,-973.00
1654120800,671.00,20261000,1,640,1,0.01,130.12800000,128.55000000,130.08600,671.00
1654488000,0.00,20260605,0,643,1,0.01,1.07163000,1.07413000,131.84900,0.00
1654495200,-83.00,20260605,1,643,0,0.01,1.07227000,1.07413000,131.84900,-83.00
1654495200,0.00,20260605,0,645,0,0.01,1.07227000,1.06977000,131.84900,0.00
1654511400,0.00,20261001,0,646,0,0.06,163.64700000,162.90400000,131.84900,0.00
1654534800,-115.00,20260605,1,645,1,0.01,1.07139000,1.06977000,131.84900,-115.00
1654534800,0.00,20260605,0,648,1,0.01,1.07139000,1.07389000,131.84900,0.00
1654545753,8916.00,20261001,1,646,1,0.06,165.13300000,162.90400000,131.84900,8916.00
1654600500,0.00,20261001,0,650,0,0.01,166.17800000,165.06200000,132.52600,0.00
1654639200,666.00,20261001,1,650,1,0.01,166.84400000,165.06200000,132.52600,666.00
1654681500,0.00,20261001,0,652,0,0.01,167.48500000,166.80100000,134.22100,0.00
1654685100,0.00,20261000,0,653,0,0.01,133.46500000,132.51800000,134.22100,0.00
1654697922,-308.00,20260605,1,648,0,0.01,1.07390000,1.07389000,134.22100,-308.00
1654725600,0.00,20260605,0,655,1,0.01,1.07154000,1.07404000,134.22100,0.00
1654725600,709.00,20261000,1,653,1,0.01,134.17400000,132.51800000,134.22100,709.00
1654725600,747.00,20261001,1,652,1,0.01,168.23200000,166.80100000,134.22100,747.00
1654770600,0.00,20261001,0,658,1,0.01,167.18800000,168.72500000,134.31200,0.00
1654771500,0.00,20261000,0,659,1,0.01,133.49600000,134.55300000,134.31200,0.00
1654785806,-320.00,20260605,1,655,0,0.01,1.07404000,1.07404000,134.31200,-320.00
1654812000,-789.00,20261000,1,659,0,0.01,134.28500000,134.55300000,134.31200,-789.00
1654812000,-771.00,20261001,1,658,0,0.01,167.95900000,168.72500000,134.31200,-771.00
1654855200,0.00,20261001,0,663,1,0.01,167.05100000,168.01300000,134.37900,0.00
1654857000,0.00,20261000,0,664,1,0.01,133.38300000,134.47500000,134.37900,0.00
1654898400,-981.00,20261000,1,664,0,0.01,134.36400000,134.47500000,134.37900,-981.00
1654898400,1577.00,20261001,1,663,0,0.01,165.47400000,168.01300000,134.37900,1577.00
1655111700,0.00,20261001,0,667,1,0.06,165.01200000,166.12800000,134.40700,0.00
1655139321,13458.00,20261001,1,667,0,0.06,162.76900000,166.12800000,134.40700,13458.00
1655285400,0.00,20261000,0,669,1,0.01,134.66200000,135.57500000,133.81300,0.00
1655330400,533.00,20261000,1,669,0,0.01,134.12900000,135.57500000,133.81300,533.00
1655375400,0.00,20261001,0,671,1,0.06,162.30300000,163.79400000,132.15800,0.00
1655411955,-8946.00,20261001,1,671,0,0.06,163.79400000,163.79400000,132.15800,-8946.00
1655805600,0.00,20261001,0,673,0,0.01,165.92100000,165.12900000,136.45200,0.00
1655847998,1584.00,20261001,1,673,1,0.01,167.50500000,165.12900000,136.45200,1584.00
1655892900,0.00,20261001,0,675,1,0.01,166.11900000,167.82500000,136.20500,0.00
1655935200,-1005.00,20261001,1,675,0,0.01,167.12400000,167.82500000,136.20500,-1005.00
1655964000,0.00,20260605,0,677,0,0.01,1.05710000,1.05460000,134.93800,0.00
1655979341,-361.00,20260605,1,677,1,0.01,1.05441000,1.05460000,134.93800,-361.00
1655980200,0.00,20261001,0,679,1,0.01,165.52300000,167.04800000,134.93800,0.00
1655989200,0.00,20260605,0,680,0,0.01,1.05181000,1.04931000,134.93800,0.00
1655997281,-335.00,20260605,1,680,1,0.01,1.04931000,1.04931000,134.93800,-335.00
1656021600,168.00,20261001,1,679,0,0.01,165.35500000,167.04800000,134.93800,168.00
1656325800,0.00,20261001,0,683,0,0.01,166.46500000,165.12200000,135.41400,0.00
1656345600,0.00,20260774,0,684,1,0.01,1.22550000,1.23050000,135.41400,0.00
1656352112,-684.00,20260774,1,684,0,0.01,1.23060000,1.23050000,135.41400,-684.00
1656367200,-220.00,20261001,1,683,1,0.01,166.24500000,165.12200000,135.41400,-220.00
1656507600,0.00,20260605,0,687,1,0.01,1.05093000,1.05343000,136.57400,0.00
1656512759,-338.00,20260605,1,687,0,0.01,1.05345000,1.05343000,136.57400,-338.00
1656585000,0.00,20261000,0,689,1,0.01,136.04500000,136.80900000,135.70000,0.00
1656626400,478.00,20261000,1,689,0,0.01,135.56700000,136.80900000,135.70000,478.00
1656927900,0.00,20261001,0,691,0,0.01,164.09200000,162.99600000,135.48100,0.00
1656972000,223.00,20261001,1,691,1,0.01,164.31500000,162.99600000,135.48100,223.00
1657008000,0.00,20260622,0,693,0,0.01,136.25200000,135.22100000,135.74100,0.00
1657020600,0.00,20261001,0,694,1,0.06,163.61800000,165.27800000,135.74100,0.00
1657058400,9138.00,20261001,1,694,0,0.06,162.09500000,165.27800000,135.74100,9138.00
1657081662,-1001.00,20260622,1,693,1,0.01,135.22100000,135.22100000,135.91000,-1001.00
1657103400,0.00,20261001,0,697,0,0.06,162.55000000,161.21000000,135.91000,0.00
1657117948,-8040.00,20261001,1,697,1,0.06,161.21000000,161.21000000,135.91000,-8040.00
1657187100,0.00,20261001,0,699,0,0.01,162.53400000,161.57800000,135.97000,0.00
1657224000,0.00,20260629,0,700,0,0.01,1.01554000,0.00000000,135.97000,0.00
1657224000,0.00,20260629,0,701,1,0.01,1.20078000,0.00000000,135.97000,0.00
1657231200,973.00,20261001,1,699,1,0.01,163.50700000,161.57800000,135.97000,973.00
1657276200,0.00,20261001,0,703,1,0.01,162.46100000,163.93200000,136.01900,0.00
1657317600,-1343.00,20261001,1,703,0,0.01,163.80400000,163.93200000,136.01900,-1343.00
1657555200,0.00,20260622,0,705,0,0.01,137.59500000,136.52200000,137.41600,0.00
1657621800,0.00,20261001,0,706,1,0.01,162.51400000,163.55200000,136.86300,0.00
1657645292,-1047.00,20260622,1,705,1,0.01,136.51800000,136.52200000,136.86300,-1047.00
1657663200,-218.00,20261001,1,706,0,0.01,162.73200000,163.55200000,136.86300,-218.00
1657705500,0.00,20261001,0,709,0,0.01,163.52900000,162.35300000,137.23700,0.00
1657749600,-29.00,20261001,1,709,1,0.01,163.50000000,162.35300000,137.23700,-29.00
1657771200,0.00,20260622,0,711,0,0.01,137.91900000,137.07000000,138.93300,0.00
1657791000,0.00,20261001,0,712,0,0.01,164.13600000,163.08200000,138.93300,0.00
1657836000,150.00,20261001,1,712,1,0.01,164.28600000,163.08200000,138.93300,150.00
1657878300,0.00,20261001,0,714,1,0.01,164.03700000,164.70400000,138.51800,0.00
1657922400,-271.00,20261001,1,714,0,0.01,164.30800000,164.70400000,138.51800,-271.00
1658224800,0.00,20261000,0,716,1,0.01,137.80300000,138.39100000,138.17300,0.00
1658226600,0.00,20261001,0,717,0,0.01,165.50100000,164.71700000,138.17300,0.00
1658228400,-70.00,20260629,1,701,0,0.01,1.20100000,0.00000000,138.17300,-70.00
1658228400,984.00,20260629,1,700,1,0.01,1.02412000,0.00000000,138.17300,984.00
1658235600,0.00,20260605,0,720,0,0.01,1.02419000,1.02169000,138.17300,0.00
1658268000,-397.00,20261000,1,716,0,0.01,138.20000000,138.39100000,138.17300,-397.00
1658268000,289.00,20261001,1,717,1,0.01,165.79000000,164.71700000,138.17300,289.00
1658324019,-370.00,20260605,1,720,1,0.01,1.02169000,1.02169000,138.08100,-370.00
1658358000,0.00,20260605,0,724,0,0.01,1.01777000,1.01527000,138.08100,0.00
1658456981,-673.00,20260622,1,711,1,0.01,137.06600000,137.07000000,136.04800,-673.00
1658484000,0.00,20261001,0,726,0,0.01,165.09400000,164.24600000,136.04800,0.00
1658486010,-393.00,20260605,1,724,1,0.01,1.01527000,1.01527000,136.04800,-393.00
1658486072,-857.00,20261001,1,726,1,0.01,164.23700000,164.24600000,136.04800,-857.00
1658486700,0.00,20261001,0,729,1,0.06,164.18200000,164.99300000,136.04800,0.00
1658527200,6336.00,20261001,1,729,0,0.06,163.12600000,164.99300000,136.04800,6336.00
1658749500,0.00,20261001,0,731,0,0.06,163.82000000,162.99200000,136.65200,0.00
1658786400,5406.00,20261001,1,731,1,0.06,164.72100000,162.99200000,136.65200,5406.00
1658858400,0.00,20260629,0,733,0,0.01,1.01343000,0.00000000,136.77200,0.00
1658858400,0.00,20260629,0,734,1,0.01,1.20465000,0.00000000,136.77200,0.00
1659110400,0.00,20260610,0,735,1,0.01,134.06800000,134.56800000,133.20200,0.00
1659111422,-500.00,20260610,1,735,0,0.01,134.56800000,134.56800000,133.20200,-500.00
1659117600,0.00,20260605,0,737,1,0.01,1.01951000,1.02201000,133.20200,0.00
1659121200,-92.00,20260605,1,737,0,0.01,1.02019000,1.02201000,133.20200,-92.00
1659121200,0.00,20260605,0,739,0,0.01,1.02019000,1.01769000,133.20200,0.00
1659124800,0.00,20260610,0,740,1,0.01,133.31000000,133.81000000,133.20200,0.00
1659327245,1026.00,20260610,1,740,0,0.01,132.20900000,133.81000000,131.60500,1026.00
1659355200,0.00,20260774,0,742,0,0.01,1.22308000,1.21808000,131.60500,0.00
1659435300,0.00,20261001,0,743,1,0.01,159.60400000,161.45700000,133.15200,0.00
1659460205,-665.00,20260774,1,742,1,0.01,1.21808000,1.21808000,133.15200,-665.00
1659465917,-1860.00,20261001,1,743,0,0.01,161.46400000,161.45700000,133.15200,-1860.00
1659471929,-379.00,20260605,1,739,1,0.01,1.01769000,1.01769000,133.15200,-379.00
1659604500,0.00,20261001,0,747,0,0.01,162.97000000,162.25500000,132.77300,0.00
1659613500,0.00,20261000,0,748,0,0.01,134.35100000,133.41900000,132.77300,0.00
1659622144,-715.00,20261001,1,747,1,0.01,162.25500000,162.25500000,132.77300,-715.00
1659626069,-937.00,20261000,1,748,1,0.01,133.41400000,133.41900000,132.77300,-937.00
1659636000,0.00,20260605,0,751,0,0.01,1.02121000,1.01871000,132.77300,0.00
1659695400,0.00,20261001,0,752,0,0.01,162.06100000,161.10400000,134.94100,0.00
1659704400,-1215.00,20260629,1,734,0,0.01,1.21346000,0.00000000,134.94100,-1215.00
1659704400,1062.00,20260629,1,733,1,0.01,1.02285000,0.00000000,134.94100,1062.00
1659713429,-382.00,20260605,1,751,1,0.01,1.01853000,1.01871000,134.94100,-382.00
1659715200,0.00,20260605,0,756,1,0.01,1.01579000,1.01829000,134.94100,0.00
1659715200,0.00,20260774,0,757,1,0.01,1.20270000,1.20770000,134.94100,0.00
1659719683,-347.00,20260605,1,756,0,0.01,1.01839000,1.01829000,134.94100,-347.00
1659728861,-668.00,20260774,1,757,0,0.01,1.20771000,1.20770000,134.94100,-668.00
1659729600,0.00,20260774,0,760,0,0.01,1.20781000,1.20281000,134.94100,0.00
1659736800,920.00,20261001,1,752,1,0.01,162.98100000,161.10400000,134.94100,920.00
1659951000,0.00,20261001,0,762,0,0.01,163.60300000,162.74100000,134.80000,0.00
1659986968,-862.00,20261001,1,762,1,0.01,162.74100000,162.74100000,134.80000,-862.00
1660044600,0.00,20261001,0,764,0,0.01,163.32600000,162.62000000,134.91700,0.00
1660075200,0.00,20260605,0,765,0,0.01,1.02187000,1.01937000,134.91700,0.00
1660082400,-199.00,20261001,1,764,1,0.01,163.12700000,162.62000000,134.91700,-199.00
1660145441,1456.00,20260774,1,760,1,0.01,1.21881000,1.20281000,132.87000,1456.00
1660145503,1377.00,20260605,1,765,1,0.01,1.03237000,1.01937000,132.87000,1377.00
1660147200,0.00,20260610,0,769,1,0.01,133.14100000,133.64100000,132.87000,0.00
1660152845,1107.00,20260610,1,769,0,0.01,132.03400000,133.64100000,132.87000,1107.00
1660161600,0.00,20260610,0,771,1,0.01,132.54100000,133.04100000,132.87000,0.00
1660166860,-500.00,20260610,1,771,0,0.01,133.04100000,133.04100000,132.87000,-500.00
1660190400,0.00,20260610,0,773,1,0.01,132.77400000,133.27400000,132.99200,0.00
1660195865,-504.00,20260610,1,773,0,0.01,133.27800000,133.27400000,132.99200,-504.00
1660204800,0.00,20260610,0,775,1,0.01,133.12800000,133.62800000,132.99200,0.00
1660231418,1100.00,20260610,1,775,0,0.01,132.02800000,133.62800000,132.99200,1100.00
1660233600,0.00,20260610,0,777,1,0.01,131.93400000,132.43400000,132.99200,0.00
1660238848,-500.00,20260610,1,777,0,0.01,132.43400000,132.43400000,132.99200,-500.00
1660248000,0.00,20260610,0,779,1,0.01,132.78000000,133.28000000,132.99200,0.00
1660274789,-575.00,20260610,1,779,0,0.01,133.28000000,133.28000000,133.31300,-575.00
1660276800,0.00,20260610,0,781,1,0.01,133.27300000,133.77300000,133.31300,0.00
1660314119,-502.00,20260610,1,781,0,0.01,133.77500000,133.77300000,133.31300,-502.00
1660320000,0.00,20260610,0,783,1,0.01,133.68600000,134.18600000,133.31300,0.00
1660338000,0.00,20260605,0,784,0,0.01,1.02612000,1.02362000,133.31300,0.00
1660555840,-357.00,20260605,1,784,1,0.01,1.02362000,1.02362000,133.29700,-357.00
1660563900,0.00,20261001,0,786,1,0.01,161.18300000,162.06800000,133.29700,0.00
1660577441,1025.00,20260610,1,783,0,0.01,132.58600000,134.18600000,133.29700,1025.00
1660600800,483.00,20261001,1,786,0,0.01,160.70000000,162.06800000,133.29700,483.00
1660604400,0.00,20260605,0,789,1,0.01,1.01605000,1.01855000,133.29700,0.00
1660646700,0.00,20261001,0,790,0,0.06,160.91900000,160.08500000,134.18800,0.00
1660668827,10038.00,20261001,1,790,1,0.06,162.59200000,160.08500000,134.18800,10038.00
1660670978,-317.00,20260605,1,789,0,0.01,1.01855000,1.01855000,134.18800,-317.00
1660766400,0.00,20260774,0,793,1,0.01,1.20396000,1.20896000,134.96600,0.00
1660853187,1453.00,20260774,1,793,0,0.01,1.19296000,1.20896000,135.87600,1453.00
1660896000,0.00,20260610,0,795,0,0.01,136.27100000,135.77100000,136.88900,0.00
1660906800,0.00,20261000,0,796,0,0.01,136.66500000,135.71200000,136.88900,0.00
1660946400,227.00,20261000,1,796,1,0.01,136.89200000,135.71200000,136.88900,227.00
1661141558,1130.00,20260610,1,795,1,0.01,137.37100000,135.77100000,137.41700,1130.00
1661155200,0.00,20260610,0,799,0,0.01,137.24200000,136.74200000,137.41700,0.00
1661164200,0.00,20261001,0,800,1,0.06,161.61900000,162.52500000,137.41700,0.00
1661166282,-500.00,20260610,1,799,1,0.01,136.74200000,136.74200000,137.41700,-500.00
1661169600,0.00,20260610,0,802,0,0.01,136.93700000,136.43700000,137.41700,0.00
1661205600,-54.00,20261001,1,800,0,0.06,161.62800000,162.52500000,137.41700,-54.00
1661247000,0.00,20261001,0,804,1,0.01,161.10800000,162.06000000,136.76000,0.00
1661272499,-956.00,20261001,1,804,0,0.01,162.06400000,162.06000000,136.76000,-956.00
1661274043,-478.00,20260610,1,802,1,0.01,136.42900000,136.43700000,136.76000,-478.00
1661510700,0.00,20261000,0,807,0,0.01,137.06100000,136.40700000,137.57600,0.00
1661533877,-681.00,20261000,1,807,1,0.01,136.38000000,136.40700000,137.57600,-681.00
1661544000,0.00,20260610,0,809,0,0.01,137.33500000,136.83500000,137.57600,0.00
1661747081,1135.00,20260610,1,809,1,0.01,138.44000000,136.83500000,138.70100,1135.00
1661768100,0.00,20261001,0,811,0,0.01,162.07700000,161.34300000,138.70100,0.00
1661810400,368.00,20261001,1,811,1,0.01,162.44500000,161.34300000,138.70100,368.00
1661994000,0.00,20260605,0,813,0,0.01,1.00513000,1.00263000,140.19200,0.00
1662002146,-347.00,20260605,1,813,1,0.01,1.00262000,1.00263000,140.19200,-347.00
1662004800,0.00,20260610,0,815,0,0.01,139.47700000,138.97700000,140.19200,0.00
1662051600,0.00,20260605,0,816,1,0.01,0.99809000,1.00059000,140.19200,0.00
1662116400,-94.00,20260605,1,816,0,0.01,0.99887000,1.00059000,140.18300,-94.00
1662116400,0.00,20260605,0,818,0,0.01,0.99887000,0.99637000,140.18300,0.00
1662132617,1156.00,20260610,1,815,1,0.01,140.60300000,138.97700000,140.18300,1156.00
1662134400,0.00,20260610,0,820,0,0.01,140.58100000,140.08100000,140.18300,0.00
1662135801,-500.00,20260610,1,820,1,0.01,140.08100000,140.08100000,140.18300,-500.00
1662147941,-353.00,20260605,1,818,1,0.01,0.99635000,0.99637000,140.18300,-353.00
1662148800,0.00,20260610,0,823,0,0.01,140.23200000,139.73200000,140.18300,0.00
1662148800,0.00,20260605,0,824,1,0.01,0.99693000,0.99943000,140.18300,0.00
1662376500,0.00,20261001,0,825,0,0.06,161.43700000,160.65800000,140.57400,0.00
1662415200,2514.00,20261001,1,825,1,0.06,161.85600000,160.65800000,140.57400,2514.00
1662458681,1160.00,20260610,1,823,1,0.01,141.33200000,139.73200000,142.78100,1160.00
1662459300,0.00,20261000,0,828,0,0.01,141.45000000,140.24300000,142.78100,0.00
1662483796,1530.00,20260605,1,824,0,0.01,0.98643000,0.99943000,142.78100,1530.00
1662487200,0.00,20260605,0,830,1,0.01,0.99040000,0.99290000,142.78100,0.00
1662487781,-362.00,20260605,1,830,0,0.01,0.99294000,0.99290000,142.78100,-362.00
1662501600,1434.00,20261000,1,828,1,0.01,142.88400000,140.24300000,142.78100,1434.00
1662544800,0.00,20261001,0,833,0,0.01,165.64900000,164.18300000,143.71800,0.00
1662588000,118.00,20261001,1,833,1,0.01,165.76700000,164.18300000,143.71800,118.00
1662629400,0.00,20261001,0,835,1,0.01,165.28400000,166.31400000,144.09700,0.00
1662656400,0.00,20260605,0,836,1,0.01,0.99645000,0.99895000,144.09700,0.00
1662668659,-357.00,20260605,1,836,0,0.01,0.99895000,0.99895000,144.09700,-357.00
1662670800,0.00,20260605,0,838,0,0.01,0.99945000,0.99695000,144.09700,0.00
1662674400,-306.00,20261001,1,835,0,0.01,165.59000000,166.31400000,144.09700,-306.00
1662718420,1474.00,20260605,1,838,1,0.01,1.00995000,0.99695000,142.37500,1474.00
1663106400,0.00,20260605,0,841,1,0.01,0.99772000,1.00022000,144.54400,0.00
1663142741,-349.00,20260605,1,841,0,0.01,1.00027000,1.00022000,142.91900,-349.00
1663146900,0.00,20261001,0,843,1,0.01,165.22200000,166.49300000,142.91900,0.00
1663153200,0.00,20261000,0,844,1,0.01,143.31300000,144.95400000,142.91900,0.00
1663160400,0.00,20260605,0,845,0,0.01,1.00123000,0.99873000,142.91900,0.00
1663166802,-360.00,20260605,1,845,1,0.01,0.99872000,0.99873000,142.91900,-360.00
1663192800,189.00,20261000,1,844,0,0.01,143.12400000,144.95400000,142.91900,189.00
1663192800,52.00,20261001,1,843,0,0.01,165.17000000,166.49300000,142.91900,52.00
1663235100,0.00,20261001,0,849,0,0.01,165.48500000,164.72700000,143.46000,0.00
1663255816,-770.00,20261001,1,849,1,0.01,164.71500000,164.72700000,143.46000,-770.00
1663261200,0.00,20260605,0,851,1,0.01,0.99984000,1.00234000,143.46000,0.00
1663323300,0.00,20261001,0,852,1,0.01,163.83500000,164.56100000,142.89800,0.00
1663350759,-343.00,20260605,1,851,0,0.01,1.00234000,1.00234000,142.89800,-343.00
1663351200,0.00,20260605,0,854,0,0.01,1.00307000,1.00057000,142.89800,0.00
1663353582,-358.00,20260605,1,854,1,0.01,1.00057000,1.00057000,142.89800,-358.00
1663365600,688.00,20261001,1,852,0,0.01,163.14700000,164.56100000,142.89800,688.00
1663584300,0.00,20261000,0,857,0,0.01,143.46700000,142.63900000,143.19200,0.00
1663624800,-203.00,20261000,1,857,1,0.01,143.26400000,142.63900000,143.19200,-203.00
1663667100,0.00,20261001,0,859,0,0.01,164.10600000,163.37600000,143.71400,0.00
1663702865,-734.00,20261001,1,859,1,0.01,163.37200000,163.37600000,143.71400,-734.00
1663753500,0.00,20261001,0,861,1,0.06,162.65300000,163.94200000,143.96300,0.00
1663797600,-846.00,20261001,1,861,0,0.06,162.79400000,163.94200000,143.96300,-846.00
1663928100,0.00,20261001,0,863,1,0.01,159.28400000,160.44000000,143.13700,0.00
1663953872,2338.00,20261001,1,863,0,0.01,156.94600000,160.44000000,143.13700,2338.00
1664164800,0.00,20260629,0,865,1,0.01,0.95685000,0.00000000,144.74300,0.00
1664164800,0.00,20260629,0,866,0,0.01,1.03933000,0.00000000,144.74300,0.00
1664168400,2440.00,20260629,1,866,1,0.01,1.05636000,0.00000000,144.74300,2440.00
1664168400,-1216.00,20260629,1,865,0,0.01,0.96534000,0.00000000,144.74300,-1216.00
1664172000,0.00,20260629,0,869,1,0.01,0.96590000,0.00000000,144.74300,0.00
1664172000,0.00,20260629,0,870,0,0.01,1.05436000,0.00000000,144.74300,0.00
1664538300,0.00,20261001,0,871,0,0.01,161.91300000,160.21400000,144.70700,0.00
1664544583,-1709.00,20261001,1,871,1,0.01,160.20400000,160.21400000,144.70700,-1709.00
1664787600,10076.00,20260629,1,870,1,0.01,1.12483000,0.00000000,144.51400,10076.00
1664787600,-2313.00,20260629,1,869,0,0.01,0.98257000,0.00000000,144.51400,-2313.00
1664878500,0.00,20261001,0,875,0,0.01,164.80800000,163.20100000,144.04400,0.00
1664892000,0.00,20260605,0,876,0,0.01,0.98919000,0.98669000,144.04400,0.00
1664920716,1504.00,20260605,1,876,1,0.01,0.99969000,0.98669000,144.04400,1504.00
1664920800,416.00,20261001,1,875,1,0.01,165.22400000,163.20100000,144.04400,416.00
1665374400,0.00,20260622,0,879,0,0.02,145.49600000,144.79500000,145.60900,0.00
1665500400,0.00,20260605,0,880,1,0.01,0.97247000,0.97497000,145.84000,0.00
1665514598,-364.00,20260605,1,880,0,0.01,0.97497000,0.97497000,145.84000,-364.00
1665522000,0.00,20260605,0,882,1,0.01,0.97520000,0.97770000,145.84000,0.00
1665574200,0.00,20261001,0,883,0,0.01,161.55100000,159.72400000,146.89600,0.00
1665595408,2924.00,20260622,1,879,1,0.02,146.89800000,144.79500000,146.89600,2924.00
1665612000,1378.00,20261001,1,883,1,0.01,162.92900000,159.72400000,146.89600,1378.00
1665675088,1572.00,20260605,1,882,0,0.01,0.96470000,0.97770000,147.03100,1572.00
1665698400,0.00,20260605,0,887,1,0.01,0.97864000,0.98114000,147.03100,0.00
1665723600,-186.00,20260605,1,887,0,0.01,0.98001000,0.98114000,148.55400,-186.00
1665723600,0.00,20260605,0,889,0,0.01,0.98001000,0.97751000,148.55400,0.00
1665737939,-369.00,20260605,1,889,1,0.01,0.97750000,0.97751000,148.55400,-369.00
1665747900,0.00,20261000,0,891,0,0.01,147.59400000,146.98800000,148.55400,0.00
1665777270,1212.00,20261000,1,891,1,0.01,148.80600000,146.98800000,148.55400,1212.00
1666166400,0.00,20260622,0,893,0,0.02,149.29400000,148.58600000,149.88700,0.00
1666177200,0.00,20260605,0,894,0,0.01,0.98394000,0.98144000,149.88700,0.00
1666178729,-374.00,20260605,1,894,1,0.01,0.98144000,0.98144000,149.88700,-374.00
1666191600,0.00,20260605,0,896,0,0.01,0.97833000,0.97583000,149.88700,0.00
1666209942,-379.00,20260605,1,896,1,0.01,0.97580000,0.97583000,149.88700,-379.00
1666350900,0.00,20261000,0,898,0,0.01,150.57800000,149.93400000,147.67900,0.00
1666350992,2980.00,20260622,1,893,1,0.02,150.72400000,148.58600000,147.67900,2980.00
1666366352,1290.00,20261000,1,898,1,0.01,151.86800000,149.93400000,147.67900,1290.00
1666779300,0.00,20261000,0,901,1,0.02,147.60300000,148.40900000,146.28900,0.00
1666821600,2678.00,20261000,1,901,0,0.02,146.26400000,148.40900000,146.28900,2678.00
1666954800,0.00,20261000,0,903,0,0.01,147.07200000,145.93100000,147.50900,0.00
1666994400,444.00,20261000,1,903,1,0.01,147.51600000,145.93100000,147.50900,444.00
1667295000,0.00,20261000,0,905,1,0.01,147.86700000,148.82100000,148.22700,0.00
1667340000,-288.00,20261000,1,905,0,0.01,148.15500000,148.82100000,148.22700,-288.00
1667385000,0.00,20261001,0,907,1,0.01,169.25900000,170.31300000,147.86400,0.00
1667426400,749.00,20261001,1,907,0,0.01,168.51000000,170.31300000,147.86400,749.00
1667462400,0.00,20260774,0,909,0,0.01,1.14180000,1.13680000,147.95500,0.00
1667469600,0.00,20260605,0,910,1,0.01,0.98114000,0.98364000,147.95500,0.00
1667470341,-750.00,20260774,1,909,1,0.01,1.13674000,1.13680000,147.95500,-750.00
1667491200,0.00,20260774,0,912,1,0.01,1.11625000,1.12125000,147.95500,0.00
1667496402,-741.00,20260774,1,912,0,0.01,1.12125000,1.12125000,147.95500,-741.00
1667577457,-354.00,20260605,1,910,0,0.01,0.98364000,0.98364000,146.54100,-354.00
1667577600,0.00,20260774,0,915,0,0.01,1.12674000,1.12174000,146.54100,0.00
1667595600,0.00,20260605,0,916,0,0.01,0.99235000,0.98985000,146.54100,0.00
1667599781,1634.00,20260774,1,915,1,0.01,1.13777000,1.12174000,146.54100,1634.00
1667816100,0.00,20261001,0,918,0,0.01,167.01600000,165.86600000,146.59900,0.00
1667853031,1529.00,20260605,1,916,1,0.01,1.00285000,0.98985000,146.59900,1529.00
1667858400,2023.00,20261001,1,918,1,0.01,169.03900000,165.86600000,146.59900,2023.00
1668096000,0.00,20260605,0,921,0,0.01,1.01227000,1.00977000,140.94000,0.00
1668139200,0.00,20260610,0,922,1,0.01,142.35300000,142.85300000,138.75000,0.00
1668153752,1466.00,20260605,1,921,1,0.01,1.02281000,1.00977000,138.75000,1466.00
1668158555,1116.00,20260610,1,922,0,0.01,141.23700000,142.85300000,138.75000,1116.00
1668422700,0.00,20261001,0,925,0,0.06,165.14200000,163.69000000,139.87500,0.00
1668424500,0.00,20261000,0,926,0,0.01,140.18100000,138.79400000,139.87500,0.00
1668463200,-276.00,20261000,1,926,1,0.01,139.90500000,138.79400000,139.87500,-276.00
1668463200,-2070.00,20261001,1,925,1,0.06,164.79700000,163.69000000,139.87500,-2070.00
1668505500,0.00,20261000,0,929,1,0.02,139.38900000,140.62300000,139.26100,0.00
1668549600,640.00,20261000,1,929,0,0.02,139.06900000,140.62300000,139.26100,640.00
1669028400,0.00,20261000,0,931,0,0.01,141.14800000,140.15800000,142.10700,0.00
1669030200,0.00,20261001,0,932,0,0.06,167.11600000,166.09200000,142.10700,0.00
1669068000,1016.00,20261000,1,931,1,0.01,142.16400000,140.15800000,142.10700,1016.00
1669068000,5142.00,20261001,1,932,1,0.06,167.97300000,166.09200000,142.10700,5142.00
1669281300,0.00,20261001,0,935,1,0.01,167.57800000,168.29000000,138.29200,0.00
1669327200,-248.00,20261001,1,935,0,0.01,167.82600000,168.29000000,138.29200,-248.00
1669375800,0.00,20261001,0,937,0,0.01,168.35200000,167.35200000,139.12600,0.00
1669376700,0.00,20261000,0,938,0,0.01,139.38300000,138.23900000,139.12600,0.00
1669413600,-364.00,20261000,1,938,1,0.01,139.01900000,138.23900000,139.12600,-364.00
1669413600,-318.00,20261001,1,937,1,0.01,168.03400000,167.35200000,139.12600,-318.00
1669608000,0.00,20260605,0,941,1,0.01,1.03482000,1.03732000,138.92400,0.00
1669625190,-348.00,20260605,1,941,0,0.01,1.03732000,1.03732000,138.92400,-348.00
1669626900,0.00,20261000,0,943,1,0.01,137.87000000,139.42400000,138.92400,0.00
1669626900,0.00,20261001,0,944,1,0.01,166.45500000,168.21300000,138.92400,0.00
1669672800,0.00,20260605,0,945,1,0.01,1.03376000,1.03626000,138.92400,0.00
1669672800,-999.00,20261000,1,943,0,0.01,138.86900000,139.42400000,138.92400,-999.00
1669672800,472.00,20261001,1,944,0,0.01,165.98300000,168.21300000,138.92400,472.00
1669694235,-335.00,20260605,1,945,0,0.01,1.03628000,1.03626000,138.40600,-335.00
1669722300,0.00,20261000,0,949,1,0.01,137.98500000,139.35200000,138.40600,0.00
1669759200,-665.00,20261000,1,949,0,0.01,138.65000000,139.35200000,138.40600,-665.00
1669806900,0.00,20261001,0,951,0,0.01,166.45300000,165.34900000,137.98600,0.00
1669842000,0.00,20260605,0,952,0,0.01,1.03722000,1.03472000,137.98600,0.00
1669845600,-106.00,20261001,1,951,1,0.01,166.34700000,165.34900000,137.98600,-106.00
1669908638,1431.00,20260605,1,952,1,0.01,1.04772000,1.03472000,135.23400,1431.00
1669972500,0.00,20261000,0,955,1,0.01,134.69700000,135.59400000,134.30300,0.00
1669972500,0.00,20261001,0,956,1,0.01,164.88900000,165.91600000,134.30300,0.00
1669995103,-897.00,20261000,1,955,0,0.01,135.59400000,135.59400000,134.30300,-897.00
1670006190,-1027.00,20261001,1,956,0,0.01,165.91600000,165.91600000,134.30300,-1027.00
1670202000,39665.00,20260650,1,453,1,0.03,91.15000000,0.00000000,136.61300,39665.00
1670231700,0.00,20261000,0,960,0,0.01,135.08900000,134.12600000,136.61300,0.00
1670231700,0.00,20261001,0,961,0,0.01,166.33600000,164.69200000,136.61300,0.00
1670277600,1585.00,20261000,1,960,1,0.01,136.67400000,134.12600000,136.61300,1585.00
1670277600,41.00,20261001,1,961,1,0.01,166.37700000,164.69200000,136.61300,41.00
1670319000,0.00,20261001,0,964,0,0.01,167.48300000,166.33300000,136.89800,0.00
1670326994,-1150.00,20261001,1,964,1,0.01,166.33300000,166.33300000,136.89800,-1150.00
1670408100,0.00,20261001,0,966,0,0.01,167.05100000,165.95500000,136.60300,0.00
1670450400,-584.00,20261001,1,966,1,0.01,166.46700000,165.95500000,136.60300,-584.00
1670842800,0.00,20261001,0,968,0,0.01,167.73000000,166.98600000,137.65000,0.00
1670882400,1133.00,20261001,1,968,1,0.01,168.86300000,166.98600000,137.65000,1133.00
1671100200,0.00,20261000,0,970,0,0.01,136.20700000,135.23500000,137.76300,0.00
1671127200,0.00,20260629,0,971,1,0.01,1.06482000,0.00000000,137.76300,0.00
1671127200,0.00,20260629,0,972,0,0.01,1.22168000,0.00000000,137.76300,0.00
1671134461,1945.00,20261000,1,970,1,0.01,138.15200000,135.23500000,137.76300,1945.00
1671183900,0.00,20261001,0,974,1,0.01,167.26700000,168.00100000,136.71100,0.00
1671228000,1123.00,20261001,1,974,0,0.01,166.14400000,168.00100000,136.71100,1123.00
1671448500,0.00,20261001,0,976,0,0.01,166.24000000,164.84000000,136.89200,0.00
1671487200,83.00,20261001,1,976,1,0.01,166.32300000,164.84000000,136.89200,83.00
1671622200,0.00,20261001,0,978,1,0.06,159.68200000,161.03300000,132.46000,0.00
1671660000,12.00,20261001,1,978,0,0.06,159.68000000,161.03300000,132.46000,12.00
1671790500,0.00,20261001,0,980,0,0.01,159.99300000,158.90000000,132.78100,0.00
1671832800,-72.00,20261001,1,980,1,0.01,159.92100000,158.90000000,132.78100,-72.00
1672153200,0.00,20260605,0,982,0,0.01,1.06357000,1.06107000,133.47600,0.00
1672223400,0.00,20261001,0,983,0,0.01,161.43700000,160.13600000,134.45400,0.00
1672250400,-283.00,20260605,1,982,1,0.01,1.06188000,1.06107000,134.45400,-283.00
1672250400,0.00,20260605,0,985,1,0.01,1.06188000,1.06438000,134.45400,0.00
1672257600,-145.00,20260605,1,985,0,0.01,1.06293000,1.06438000,134.45400,-145.00
1672257600,0.00,20260605,0,987,0,0.01,1.06293000,1.06043000,134.45400,0.00
1672264800,170.00,20261001,1,983,1,0.01,161.60700000,160.13600000,134.45400,170.00
1672329600,0.00,20260622,0,989,1,0.01,133.16700000,134.22300000,133.01100,0.00
1672392600,0.00,20261001,0,990,1,0.01,159.46900000,160.44100000,131.09300,0.00
1672394400,0.00,20261000,0,991,1,0.01,132.13200000,133.09200000,131.09300,0.00
1672430286,2038.00,20260622,1,989,0,0.01,131.05400000,134.22300000,131.09300,2038.00
1672437600,1153.00,20261000,1,991,0,0.01,130.97900000,133.09200000,131.09300,1153.00
1672437600,1443.00,20261001,1,990,0,0.01,158.02600000,160.44100000,131.09300,1443.00
1672740282,-426.00,20260605,1,987,1,0.01,1.06042000,1.06043000,131.00400,-426.00
1672740900,0.00,20261001,0,996,1,0.01,155.86900000,158.38000000,131.00400,0.00
1672743600,0.00,20260605,0,997,1,0.01,1.05519000,1.05769000,131.00400,0.00
1672763740,-327.00,20260605,1,997,0,0.01,1.05769000,1.05769000,131.00400,-327.00
1672765200,-2495.00,20260629,1,972,1,0.01,1.20303000,0.00000000,131.00400,-2495.00
1672765200,1151.00,20260629,1,971,0,0.01,1.05743000,0.00000000,131.00400,1151.00
1672783200,-863.00,20261001,1,996,0,0.01,156.73200000,158.38000000,131.00400,-863.00
1672825500,0.00,20261000,0,1002,1,0.01,130.17900000,131.46800000,132.60800,0.00
1672833600,0.00,20260622,0,1003,1,0.01,130.42000000,131.79200000,132.60800,0.00
1672851600,0.00,20260605,0,1004,1,0.01,1.06242000,1.06492000,132.60800,0.00
1672852121,-1289.00,20261000,1,1002,0,0.01,131.46800000,131.46800000,132.60800,-1289.00
1672852542,-1372.00,20260622,1,1003,0,0.01,131.79200000,131.79200000,132.60800,-1372.00
1672913700,0.00,20261000,0,1007,0,0.02,132.85300000,131.67900000,133.39400,0.00
1672940138,1421.00,20260605,1,1004,0,0.01,1.05192000,1.06492000,133.39400,1421.00
1672956000,668.00,20261000,1,1007,1,0.02,133.18700000,131.67900000,133.39400,668.00
1673006400,0.00,20260774,0,1010,1,0.01,1.18576000,1.19076000,132.13000,0.00
1673019040,-670.00,20260774,1,1010,0,0.01,1.19079000,1.19076000,132.13000,-670.00
1673254800,0.00,20260605,0,1012,0,0.01,1.06821000,1.06571000,131.87400,0.00
1673257500,0.00,20261001,0,1013,0,0.01,160.38300000,159.22700000,131.87400,0.00
1673264700,0.00,20261000,0,1014,0,0.02,132.51300000,131.30100000,131.87400,0.00
1673301600,-1892.00,20261000,1,1014,1,0.02,131.56700000,131.30100000,131.87400,-1892.00
1673301600,177.00,20261001,1,1013,1,0.01,160.56000000,159.22700000,131.87400,177.00
1673433000,0.00,20261001,0,1017,0,0.01,161.13400000,160.36500000,132.33900,0.00
1673474400,-191.00,20261001,1,1017,1,0.01,160.94300000,160.36500000,132.33900,-191.00
1673496000,0.00,20260622,0,1019,1,0.01,131.66600000,132.75000000,129.15100,0.00
1673523000,0.00,20261001,0,1020,1,0.01,159.78700000,160.89900000,129.15100,0.00
1673523900,0.00,20261000,0,1021,1,0.01,130.92800000,132.46800000,129.15100,0.00
1673537307,1302.00,20260605,1,1012,1,0.01,1.07874000,1.06571000,129.15100,1302.00
1673539156,2168.00,20260622,1,1019,0,0.01,129.49800000,132.75000000,129.15100,2168.00
1673560800,1628.00,20261000,1,1021,0,0.01,129.30000000,132.46800000,129.15100,1628.00
1673560800,1744.00,20261001,1,1020,0,0.01,158.04300000,160.89900000,129.15100,1744.00
1673604900,0.00,20261000,0,1026,1,0.01,128.18100000,129.41700000,127.84700,0.00
1673604900,0.00,20261001,0,1027,1,0.01,156.63500000,158.01600000,127.84700,0.00
1673625600,0.00,20260774,0,1028,0,0.01,1.21678000,1.21178000,127.84700,0.00
1673647200,245.00,20261000,1,1026,0,0.01,127.93600000,129.41700000,127.84700,245.00
1673647200,190.00,20261001,1,1027,0,0.01,156.44500000,158.01600000,127.84700,190.00
1673842203,1403.00,20260774,1,1028,1,0.01,1.22778000,1.21178000,128.46700,1403.00
1673864100,0.00,20261000,0,1032,0,0.01,128.53100000,127.21600000,128.46700,0.00
1673865000,0.00,20261001,0,1033,0,0.01,157.03600000,155.79300000,128.46700,0.00
1673906400,30.00,20261000,1,1032,1,0.01,128.56100000,127.21600000,128.46700,30.00
1673906400,-258.00,20261001,1,1033,1,0.01,156.77800000,155.79300000,128.46700,-258.00
1673947800,0.00,20261001,0,1036,0,0.01,157.25500000,156.38200000,128.02000,0.00
1673992800,272.00,20261001,1,1036,1,0.01,157.52700000,156.38200000,128.02000,272.00
1674553500,0.00,20261000,0,1038,1,0.01,129.78600000,130.72700000,130.15200,0.00
1674553500,0.00,20261001,0,1039,1,0.01,161.00400000,161.76700000,130.15200,0.00
1674578758,-941.00,20261000,1,1038,0,0.01,130.72700000,130.72700000,130.15200,-941.00
1674597600,557.00,20261001,1,1039,0,0.01,160.44700000,161.76700000,130.15200,557.00
1674728100,0.00,20261001,0,1042,0,0.06,160.97300000,160.00200000,130.21000,0.00
1674730800,0.00,20261000,0,1043,0,0.02,129.81300000,129.02100000,130.21000,0.00
1674770400,820.00,20261000,1,1043,1,0.02,130.22300000,129.02100000,130.21000,820.00
1674770400,3624.00,20261001,1,1042,1,0.06,161.57700000,160.00200000,130.21000,3624.00
1674814500,0.00,20261001,0,1046,1,0.01,160.65500000,161.57600000,129.82100,0.00
1674856800,-340.00,20261001,1,1046,0,0.01,160.99500000,161.57600000,129.82100,-340.00
1675071000,0.00,20261001,0,1048,1,0.01,160.25300000,161.40100000,130.25900,0.00
1675101159,-1148.00,20261001,1,1048,0,0.01,161.40100000,161.40100000,130.25900,-1148.00
1675160100,0.00,20261001,0,1050,1,0.01,160.47000000,161.19300000,130.04500,0.00
1675177200,0.00,20260605,0,1051,1,0.01,1.08260000,1.08510000,130.04500,0.00
1675179031,-327.00,20260605,1,1051,0,0.01,1.08511000,1.08510000,130.04500,-327.00
1675202400,58.00,20261001,1,1050,0,0.01,160.41200000,161.19300000,130.04500,58.00
1675243800,0.00,20261001,0,1054,0,0.01,160.66200000,159.84900000,128.93600,0.00
1675260626,-813.00,20261001,1,1054,1,0.01,159.84900000,159.84900000,128.93600,-813.00
1675416600,0.00,20261001,0,1056,1,0.01,156.81300000,157.39300000,131.16900,0.00
1675424765,-580.00,20261001,1,1056,0,0.01,157.39300000,157.39300000,131.16900,-580.00
1675425600,0.00,20260774,0,1058,0,0.01,1.22467000,1.21967000,131.16900,0.00
1675438229,-652.00,20260774,1,1058,1,0.01,1.21966000,1.21967000,131.16900,-652.00
1675440000,0.00,20260605,0,1060,1,0.01,1.08395000,1.08645000,131.16900,0.00
1675440000,0.00,20260774,0,1061,1,0.01,1.21271000,1.21771000,131.16900,0.00
1675442790,-326.00,20260605,1,1060,0,0.01,1.08645000,1.08645000,131.16900,-326.00
1675705471,1429.00,20260774,1,1061,0,0.01,1.20170000,1.21771000,132.63200,1429.00
1675766700,0.00,20261000,0,1064,1,0.01,131.81400000,132.70700000,131.02300,0.00
1675807200,719.00,20261000,1,1064,0,0.01,131.09500000,132.70700000,131.02300,719.00
1675850400,0.00,20261001,0,1066,0,0.01,158.37000000,157.60900000,131.32700,0.00
1675893600,194.00,20261001,1,1066,1,0.01,158.56400000,157.60900000,131.32700,194.00
1675929600,0.00,20260610,0,1068,0,0.01,131.37800000,130.87800000,131.54000,0.00
1675939237,-500.00,20260610,1,1068,1,0.01,130.87800000,130.87800000,131.54000,-500.00
1675958400,0.00,20260610,0,1070,1,0.01,130.40100000,130.90100000,131.54000,0.00
1675958400,0.00,20260774,0,1071,0,0.01,1.21927000,1.21427000,131.54000,0.00
1675963756,-500.00,20260610,1,1070,0,0.01,130.90100000,130.90100000,131.54000,-500.00
1675967500,-656.00,20260774,1,1071,1,0.01,1.21426000,1.21427000,131.54000,-656.00
1676021400,0.00,20261000,0,1074,1,0.02,130.88600000,131.88300000,131.36700,0.00
1676021400,0.00,20261001,0,1075,1,0.01,158.35300000,159.63100000,131.36700,0.00
1676066400,-1248.00,20261000,1,1074,0,0.02,131.51000000,131.88300000,131.36700,-1248.00
1676066400,-109.00,20261001,1,1075,0,0.01,158.46200000,159.63100000,131.36700,-109.00
1676275200,0.00,20260610,0,1078,0,0.01,132.18900000,131.68900000,132.36900,0.00
1676284200,0.00,20261001,0,1079,0,0.01,159.57000000,158.21800000,132.36900,0.00
1676287800,0.00,20261000,0,1080,0,0.01,132.57200000,131.19000000,132.36900,0.00
1676325600,-107.00,20261000,1,1080,1,0.01,132.46500000,131.19000000,132.36900,-107.00
1676325600,1136.00,20261001,1,1079,1,0.01,160.70600000,158.21800000,132.36900,1136.00
1676388759,-472.00,20260610,1,1078,1,0.01,131.68700000,131.68900000,133.09600,-472.00
1676404800,0.00,20260774,0,1084,1,0.01,1.21707000,1.22207000,133.09600,0.00
1676452500,0.00,20261001,0,1085,1,0.01,161.22700000,162.04300000,134.13400,0.00
1676469569,1444.00,20260774,1,1084,0,0.01,1.20607000,1.22207000,134.13400,1444.00
1676498400,-72.00,20261001,1,1085,0,0.01,161.29900000,162.04300000,134.13400,-72.00
1677232800,0.00,20261001,0,1088,0,0.01,162.17300000,161.20300000,136.47300,0.00
1677236400,0.00,20261000,0,1089,0,0.02,135.06800000,134.05300000,136.47300,0.00
1677276000,2726.00,20261000,1,1089,1,0.02,136.43100000,134.05300000,136.47300,2726.00
1677276000,779.00,20261001,1,1088,1,0.01,162.95200000,161.20300000,136.47300,779.00
1677498300,0.00,20261001,0,1092,0,0.06,163.25200000,162.60300000,136.13500,0.00
1677535200,6162.00,20261001,1,1092,1,0.06,164.27900000,162.60300000,136.13500,6162.00
1677578400,0.00,20261001,0,1094,0,0.01,164.60200000,163.97600000,136.10200,0.00
1677598695,1252.00,20261001,1,1094,1,0.01,165.85400000,163.97600000,136.10200,1252.00
1677662100,0.00,20261001,0,1096,0,0.01,164.33100000,163.44100000,136.13800,0.00
1677673900,-890.00,20261001,1,1096,1,0.01,163.44100000,163.44100000,136.13800,-890.00
1677697200,0.00,20260605,0,1098,0,0.01,1.06738000,1.06488000,136.13800,0.00
1677704614,-342.00,20260605,1,1098,1,0.01,1.06487000,1.06488000,136.13800,-342.00
1677762000,0.00,20260605,0,1100,1,0.01,1.06137000,1.06387000,136.75200,0.00
1677843000,0.00,20261000,0,1101,1,0.01,136.17800000,136.77000000,135.81600,0.00
1677880800,338.00,20261000,1,1101,0,0.01,135.84000000,136.77000000,135.81600,338.00
1677881132,-326.00,20260605,1,1100,0,0.01,1.06387000,1.06387000,135.81600,-326.00
1678107600,0.00,20260605,0,1104,0,0.01,1.06286000,1.06036000,135.90600,0.00
1678181400,0.00,20261000,0,1105,1,0.02,135.70300000,136.17700000,137.14800,0.00
1678184100,0.00,20261001,0,1106,1,0.06,163.21300000,163.85700000,137.14800,0.00
1678199310,-948.00,20261000,1,1105,0,0.02,136.17700000,136.17700000,137.14800,-948.00
1678208686,-371.00,20260605,1,1104,1,0.01,1.06032000,1.06036000,137.14800,-371.00
1678222800,0.00,20260605,0,1109,1,0.01,1.05554000,1.05804000,137.14800,0.00
1678226400,6114.00,20261001,1,1106,0,0.06,162.19400000,163.85700000,137.14800,6114.00
1678354200,0.00,20261001,0,1111,1,0.01,161.94900000,162.64200000,136.13400,0.00
1678358700,0.00,20261000,0,1112,1,0.01,136.28100000,137.33900000,136.13400,0.00
1678368395,-312.00,20260605,1,1109,0,0.01,1.05804000,1.05804000,136.13400,-312.00
1678374000,0.00,20260605,0,1114,1,0.01,1.05591000,1.05841000,136.13400,0.00
1678380443,-340.00,20260605,1,1114,0,0.01,1.05841000,1.05841000,136.13400,-340.00
1678399200,116.00,20261000,1,1112,0,0.01,136.16500000,137.33900000,136.13400,116.00
1678399200,-227.00,20261001,1,1111,0,0.01,162.17600000,162.64200000,136.13400,-227.00
1678446900,0.00,20261001,0,1118,0,0.01,163.34700000,161.94500000,135.05600,0.00
1678464000,0.00,20260605,0,1119,0,0.01,1.06220000,1.05970000,135.05600,0.00
1678485600,-1182.00,20261001,1,1118,1,0.01,162.16500000,161.94500000,135.05600,-1182.00
1678686990,1405.00,20260605,1,1119,1,0.01,1.07270000,1.05970000,133.18100,1405.00
1678793400,0.00,20261001,0,1122,0,0.01,162.84500000,161.85700000,134.20600,0.00
1678831200,508.00,20261001,1,1122,1,0.01,163.35300000,161.85700000,134.20600,508.00
1678871700,0.00,20261001,0,1124,0,0.01,163.76400000,162.96900000,133.36000,0.00
1678876200,0.00,20261000,0,1125,0,0.01,134.87100000,134.03100000,133.36000,0.00
1678883556,-795.00,20261001,1,1124,1,0.01,162.96900000,162.96900000,133.36000,-795.00
1678884040,-840.00,20261000,1,1125,1,0.01,134.03100000,134.03100000,133.36000,-840.00
1678914000,0.00,20260605,0,1128,1,0.01,1.05564000,1.05814000,133.36000,0.00
1678915712,-355.00,20260605,1,1128,0,0.01,1.05829000,1.05814000,133.36000,-355.00
1679032800,0.00,20260605,0,1130,0,0.01,1.06339000,1.06089000,131.79800,0.00
1679304600,0.00,20261001,0,1131,1,0.01,160.12500000,161.73200000,131.31300,0.00
1679305500,0.00,20261000,0,1132,1,0.02,131.39000000,132.65100000,131.31300,0.00
1679349600,162.00,20261000,1,1132,0,0.02,131.30900000,132.65100000,131.31300,162.00
1679349600,-1137.00,20261001,1,1131,0,0.01,161.26200000,161.73200000,131.31300,-1137.00
1679396400,0.00,20261000,0,1135,0,0.02,131.86900000,131.03200000,132.47800,0.00
1679397300,0.00,20261001,0,1136,0,0.06,161.77000000,160.75200000,132.47800,0.00
1679401895,1340.00,20260605,1,1130,1,0.01,1.07389000,1.06089000,132.47800,1340.00
1679436000,1358.00,20261000,1,1135,1,0.02,132.54800000,131.03200000,132.47800,1358.00
1679436000,906.00,20261001,1,1136,1,0.06,161.92100000,160.75200000,132.47800,906.00
1679656500,0.00,20261001,0,1140,1,0.01,159.31100000,160.83600000,130.71200,0.00
1679673600,0.00,20260610,0,1141,1,0.01,130.16000000,130.66000000,130.71200,0.00
1679677380,-501.00,20260610,1,1141,0,0.01,130.66100000,130.66000000,130.71200,-501.00
1679695200,-534.00,20261001,1,1140,0,0.01,159.84500000,160.83600000,130.71200,-534.00
1679908500,0.00,20261001,0,1144,0,0.01,160.32800000,159.42500000,131.54100,0.00
1679909400,0.00,20261000,0,1145,0,0.01,131.28300000,130.45000000,131.54100,0.00
1679954400,286.00,20261000,1,1145,1,0.01,131.56900000,130.45000000,131.54100,286.00
1679954400,1362.00,20261001,1,1144,1,0.01,161.69000000,159.42500000,131.54100,1362.00
1680000300,0.00,20261001,0,1148,0,0.06,161.71800000,160.72800000,130.84400,0.00
1680040800,-2250.00,20261001,1,1148,1,0.06,161.34300000,160.72800000,130.84400,-2250.00
1680081300,0.00,20261001,0,1150,0,0.01,162.60100000,161.33700000,132.84500,0.00
1680127200,766.00,20261001,1,1150,1,0.01,163.36700000,161.33700000,132.84500,766.00
1680516900,0.00,20261001,0,1152,0,0.06,164.44700000,163.42600000,132.39200,0.00
1680559200,-1200.00,20261001,1,1152,1,0.06,164.24700000,163.42600000,132.39200,-1200.00
1680580800,0.00,20260610,0,1154,1,0.01,132.55600000,133.05600000,131.68800,0.00
1680604200,0.00,20261001,0,1155,0,0.01,165.13100000,164.16900000,131.68800,0.00
1680610933,-501.00,20260610,1,1154,0,0.01,133.05700000,133.05600000,131.68800,-501.00
1680638400,0.00,20260610,0,1157,1,0.01,131.61900000,132.11900000,131.68800,0.00
1680645600,-623.00,20261001,1,1155,1,0.01,164.50800000,164.16900000,131.68800,-623.00
1680649200,0.00,20260605,0,1159,0,0.01,1.09576000,1.09326000,131.68800,0.00
1680693300,0.00,20261001,0,1160,1,0.01,163.94900000,164.67300000,131.30200,0.00
1680714617,-355.00,20260605,1,1159,1,0.01,1.09323000,1.09326000,131.30200,-355.00
1680732000,640.00,20261001,1,1160,0,0.01,163.30900000,164.67300000,131.30200,640.00
1680773400,0.00,20261001,0,1163,0,0.06,163.59400000,162.89300000,131.75800,0.00
1680818400,2676.00,20261001,1,1163,1,0.06,164.04000000,162.89300000,131.75800,2676.00
1680881440,-728.00,20260610,1,1157,0,0.01,132.12200000,132.11900000,132.15900,-728.00
1681209900,0.00,20261000,0,1166,1,0.01,133.06300000,133.68900000,133.64100,0.00
1681239919,-626.00,20261000,1,1166,0,0.01,133.68900000,133.68900000,133.64100,-626.00
1681311600,0.00,20260605,0,1168,0,0.01,1.09230000,1.08980000,133.12500,0.00
1681389150,1381.00,20260605,1,1168,1,0.01,1.10281000,1.08980000,132.56700,1381.00
1681754400,0.00,20260605,0,1170,1,0.01,1.09141000,1.09391000,134.42500,0.00
1681798475,-322.00,20260605,1,1170,0,0.01,1.09392000,1.09391000,134.09500,-322.00
1681812000,0.00,20260605,0,1172,0,0.01,1.09492000,1.09242000,134.09500,0.00
1681812900,0.00,20261001,0,1173,0,0.01,166.90200000,166.15700000,134.09500,0.00
1681855200,-276.00,20261001,1,1173,1,0.01,166.62600000,166.15700000,134.09500,-276.00
1681895700,0.00,20261000,0,1175,0,0.01,134.61200000,133.95100000,134.69300,0.00
1681895700,0.00,20261001,0,1176,0,0.01,167.26200000,166.48200000,134.69300,0.00
1681914390,-361.00,20260605,1,1172,1,0.01,1.09242000,1.09242000,134.69300,-361.00
1681941600,111.00,20261000,1,1175,1,0.01,134.72300000,133.95100000,134.69300,111.00
1681941600,309.00,20261001,1,1176,1,0.01,167.57100000,166.48200000,134.69300,309.00
1681983900,0.00,20261000,0,1180,1,0.02,134.40600000,134.97100000,134.21900,0.00
1682028000,138.00,20261000,1,1180,0,0.02,134.33700000,134.97100000,134.21900,138.00
1682068500,0.00,20261001,0,1182,1,0.01,166.29900000,167.06200000,134.11900,0.00
1682114400,-534.00,20261001,1,1182,0,0.01,166.83300000,167.06200000,134.11900,-534.00
1682418600,0.00,20261001,0,1184,1,0.01,167.13900000,167.95900000,133.72000,0.00
1682457215,1640.00,20261001,1,1184,0,0.01,165.49900000,167.95900000,133.72000,1640.00
1682460000,0.00,20260605,0,1186,1,0.01,1.09721000,1.09971000,133.72000,0.00
1682501552,-325.00,20260605,1,1186,0,0.01,1.09973000,1.09971000,133.65500,-325.00
1682502300,0.00,20261001,0,1188,0,0.01,166.30900000,165.64700000,133.65500,0.00
1682539200,0.00,20260605,0,1189,0,0.01,1.10414000,1.10164000,133.65500,0.00
1682546400,25.00,20261001,1,1188,1,0.01,166.33400000,165.64700000,133.65500,25.00
1682609681,-360.00,20260605,1,1189,1,0.01,1.10164000,1.10164000,133.90900,-360.00
1682697600,0.00,20260610,0,1192,0,0.01,136.06800000,135.56800000,136.27000,0.00
1682960713,1130.00,20260610,1,1192,1,0.01,137.16800000,135.56800000,137.47800,1130.00
1683026100,0.00,20261001,0,1194,1,0.06,171.51100000,172.31300000,136.53400,0.00
1683032400,0.00,20260605,0,1195,1,0.01,1.09525000,1.09775000,136.53400,0.00
1683048853,-343.00,20260605,1,1195,0,0.01,1.09775000,1.09775000,136.53400,-343.00
1683064800,6252.00,20261001,1,1194,0,0.06,170.46900000,172.31300000,136.53400,6252.00
1683068400,0.00,20260605,0,1198,0,0.01,1.10061000,1.09811000,136.53400,0.00
1683108900,0.00,20261000,0,1199,1,0.01,135.73900000,136.60100000,134.67300,0.00
1683151200,280.00,20261000,1,1199,0,0.01,135.45900000,136.60100000,134.67300,280.00
1683193500,0.00,20261001,0,1201,1,0.01,168.78200000,169.43700000,134.23600,0.00
1683196602,-655.00,20261001,1,1201,0,0.01,169.43700000,169.43700000,134.23600,-655.00
1683248400,-13.00,20260605,1,1198,1,0.01,1.10107000,1.09811000,134.82000,-13.00
1683248400,0.00,20260605,0,1204,1,0.01,1.10107000,1.10357000,134.82000,0.00
1683252000,-146.00,20260605,1,1204,0,0.01,1.10215000,1.10357000,134.82000,-146.00
1683252000,0.00,20260605,0,1206,0,0.01,1.10215000,1.09965000,134.82000,0.00
1683300614,-340.00,20260605,1,1206,1,0.01,1.09964000,1.09965000,134.82000,-340.00
1683313200,0.00,20260605,0,1208,0,0.01,1.10249000,1.09999000,134.82000,0.00
1683591030,-404.00,20260605,1,1208,1,0.01,1.09988000,1.09999000,135.13900,-404.00
1683629100,0.00,20261001,0,1210,1,0.01,169.90000000,170.61400000,135.13900,0.00
1683662400,0.00,20260627,0,1211,0,0.01,170.58400000,169.50500000,135.13900,0.00
1683665553,-714.00,20261001,1,1210,0,0.01,170.61400000,170.61400000,135.13900,-714.00
1683711000,0.00,20261001,0,1213,0,0.01,170.93600000,170.36800000,134.28900,0.00
1683732629,-568.00,20261001,1,1213,1,0.01,170.36800000,170.36800000,134.28900,-568.00
1683748719,-1052.00,20260627,1,1211,1,0.01,169.50400000,169.50500000,134.28900,-1052.00
1683802800,0.00,20261000,0,1216,0,0.01,134.55900000,133.89000000,134.37800,0.00
1683819028,-670.00,20261000,1,1216,1,0.01,133.88900000,133.89000000,134.37800,-670.00
1683883800,0.00,20261001,0,1218,0,0.01,168.68000000,168.06400000,135.71200,0.00
1683888300,0.00,20261000,0,1219,0,0.01,134.87200000,134.29800000,135.71200,0.00
1683928800,818.00,20261000,1,1219,1,0.01,135.69000000,134.29800000,135.71200,818.00
1683928800,225.00,20261001,1,1218,1,0.01,168.90500000,168.06400000,135.71200,225.00
1684151100,0.00,20261001,0,1222,0,0.01,169.93100000,168.76700000,136.10200,0.00
1684188000,560.00,20261001,1,1222,1,0.01,170.49100000,168.76700000,136.10200,560.00
1684320300,0.00,20261000,0,1224,0,0.01,136.94900000,136.30100000,137.66100,0.00
1684360800,649.00,20261000,1,1224,1,0.01,137.59800000,136.30100000,137.66100,649.00
1684401300,0.00,20261001,0,1226,1,0.01,171.38700000,171.93900000,138.69100,0.00
1684409400,0.00,20261000,0,1227,0,0.02,137.89000000,137.28700000,138.69100,0.00
1684427860,-552.00,20261001,1,1226,0,0.01,171.93900000,171.93900000,138.69100,-552.00
1684447200,1530.00,20261000,1,1227,1,0.02,138.65500000,137.28700000,138.69100,1530.00
1684488600,0.00,20261000,0,1230,1,0.01,138.07100000,138.70300000,137.95400,0.00
1684491300,0.00,20261001,0,1231,1,0.01,171.39700000,172.12900000,137.95400,0.00
1684506626,-732.00,20261001,1,1231,0,0.01,172.12900000,172.12900000,137.95400,-732.00
1684533600,-4.00,20261000,1,1230,0,0.01,138.07500000,138.70300000,137.95400,-4.00
1684728000,0.00,20260774,0,1234,1,0.01,1.24663000,1.25163000,138.58400,0.00
1684836900,0.00,20261001,0,1235,1,0.01,171.90700000,172.62300000,138.57100,0.00
1684879200,-71.00,20261001,1,1235,0,0.01,171.97800000,172.62300000,138.57100,-71.00
1684929600,0.00,20260622,0,1237,0,0.01,138.57800000,137.71200000,139.44200,0.00
1684986758,1525.00,20260774,1,1234,0,0.01,1.23559000,1.25163000,140.04100,1525.00
1685008800,0.00,20261001,0,1239,0,0.06,172.48800000,171.67300000,140.04100,0.00
1685052000,-438.00,20261001,1,1239,1,0.06,172.41500000,171.67300000,140.04100,-438.00
1685098800,0.00,20261000,0,1241,1,0.01,139.53000000,140.10200000,140.57700,0.00
1685115161,-573.00,20261000,1,1241,0,0.01,140.10300000,140.10200000,140.57700,-573.00
1685115580,1792.00,20260622,1,1237,1,0.01,140.31000000,137.71200000,140.57700,1792.00
1685390400,0.00,20260627,0,1244,0,0.01,173.47300000,172.47600000,140.42200,0.00
1685439000,0.00,20261000,0,1245,0,0.01,140.90100000,139.96200000,139.77300,0.00
1685439000,0.00,20261001,0,1246,0,0.01,173.79000000,173.08500000,139.77300,0.00
1685441428,-705.00,20261001,1,1246,1,0.01,173.08500000,173.08500000,139.77300,-705.00
1685441700,0.00,20261001,0,1248,1,0.01,172.99200000,173.62000000,139.77300,0.00
1685448209,-629.00,20261001,1,1248,0,0.01,173.62100000,173.62000000,139.77300,-629.00
1685455999,-939.00,20261000,1,1245,1,0.01,139.96200000,139.96200000,139.77300,-939.00
1685531700,0.00,20261001,0,1251,1,0.01,172.55600000,173.64600000,139.32900,0.00
1685570400,-489.00,20261001,1,1251,0,0.01,173.04500000,173.64600000,139.32900,-489.00
1685610900,0.00,20261001,0,1253,0,0.01,173.67000000,172.96100000,138.78200,0.00
1685615400,0.00,20261000,0,1254,0,0.01,139.88100000,138.95700000,138.78200,0.00
1685635200,0.00,20260774,0,1255,0,0.01,1.24848000,1.24348000,138.78200,0.00
1685637136,-925.00,20261000,1,1254,1,0.01,138.95600000,138.95700000,138.78200,-925.00
1685656800,252.00,20261001,1,1253,1,0.01,173.92200000,172.96100000,138.78200,252.00
1685736000,-497.00,20260774,1,1255,1,0.01,1.24493000,1.24348000,139.95500,-497.00
1685736000,0.00,20260774,0,1259,1,0.01,1.24493000,1.24993000,139.95500,0.00
1685966400,0.00,20260622,0,1260,0,0.01,140.26700000,139.31900000,139.56600,0.00
1685984801,-948.00,20260622,1,1260,1,0.01,139.31900000,139.31900000,139.56600,-948.00
1686047400,0.00,20261001,0,1262,1,0.01,173.05300000,173.77100000,139.62200,0.00
1686088800,-544.00,20261001,1,1262,0,0.01,173.59700000,173.77100000,139.62200,-544.00
1686099600,0.00,20260650,0,1264,0,0.03,93.12600000,0.00000000,140.06600,0.00
1686132000,0.00,20261001,0,1265,1,0.01,172.74300000,173.53300000,140.06600,0.00
1686144445,-791.00,20261001,1,1265,0,0.01,173.53400000,173.53300000,140.06600,-791.00
1686157084,-712.00,20260774,1,1259,0,0.01,1.24993000,1.24993000,140.06600,-712.00
1686164400,0.00,20260605,0,1268,1,0.01,1.07011000,1.07261000,140.06600,0.00
1686225083,-335.00,20260605,1,1268,0,0.01,1.07262000,1.07261000,138.91000,-335.00
1686236400,0.00,20260605,0,1270,0,0.01,1.07360000,1.07110000,138.91000,0.00
1686303900,0.00,20261001,0,1271,0,0.01,175.19800000,174.18000000,139.36200,0.00
1686305700,0.00,20261000,0,1272,0,0.01,139.53700000,138.75700000,139.36200,0.00
1686312000,0.00,20260622,0,1273,0,0.01,139.66200000,138.80600000,139.36200,0.00
1686348000,-140.00,20261000,1,1272,1,0.01,139.39700000,138.75700000,139.36200,-140.00
1686348000,112.00,20261001,1,1271,1,0.01,175.31000000,174.18000000,139.36200,112.00
1686564900,0.00,20261001,0,1276,0,0.01,175.55100000,174.97300000,139.58800,0.00
1686577521,-578.00,20261001,1,1276,1,0.01,174.97300000,174.97300000,139.58800,-578.00
1686647700,0.00,20261001,0,1278,0,0.01,175.23400000,174.45400000,140.20200,0.00
1686693600,1551.00,20261001,1,1278,1,0.01,176.78500000,174.45400000,140.20200,1551.00
1686760716,1365.00,20260605,1,1270,1,0.01,1.08410000,1.07110000,140.02500,1365.00
1686798862,4356.00,20260627,1,1244,1,0.01,177.46500000,172.47600000,140.25600,4356.00
1686801600,0.00,20260627,0,1282,0,0.01,177.69400000,176.61000000,140.25600,0.00
1686816098,1832.00,20260622,1,1273,1,0.01,141.37400000,138.80600000,140.25600,1832.00
1686906900,0.00,20261001,0,1284,0,0.01,180.02200000,178.82000000,141.87200,0.00
1686909600,0.00,20261000,0,1285,0,0.01,140.97900000,139.85200000,141.87200,0.00
1686950666,4363.00,20260627,1,1282,1,0.01,182.02900000,176.61000000,141.87200,4363.00
1686952800,813.00,20261000,1,1285,1,0.01,141.79200000,139.85200000,141.87200,813.00
1686952800,1944.00,20261001,1,1284,1,0.01,181.96600000,178.82000000,141.87200,1944.00
1687261500,0.00,20261001,0,1289,1,0.01,181.07200000,182.08700000,141.43800,0.00
1687298400,697.00,20261001,1,1289,0,0.01,180.37500000,182.08700000,141.43800,697.00
1687338900,0.00,20261001,0,1291,0,0.01,181.30700000,180.31400000,141.85500,0.00
1687339800,0.00,20261000,0,1292,0,0.01,141.99600000,141.28100000,141.85500,0.00
1687351324,-993.00,20261001,1,1291,1,0.01,180.31400000,180.31400000,141.85500,-993.00
1687384800,-209.00,20261000,1,1292,1,0.01,141.78700000,141.28100000,141.85500,-209.00
1687464000,0.00,20260622,0,1295,0,0.01,142.99100000,142.19800000,143.10000,0.00
1687517100,0.00,20261001,0,1296,1,0.01,181.44800000,182.51000000,143.70700,0.00
1687540143,-1062.00,20261001,1,1296,0,0.01,182.51000000,182.51000000,143.70700,-1062.00
1687776300,0.00,20261000,0,1298,1,0.01,143.06300000,143.70700000,143.49900,0.00
1687801925,-645.00,20261000,1,1298,0,0.01,143.70800000,143.70700000,143.49900,-645.00
1687858200,0.00,20261001,0,1300,0,0.01,182.97400000,182.21800000,144.05900,0.00
1687903200,692.00,20261001,1,1300,1,0.01,183.66600000,182.21800000,144.05900,692.00
1687971600,0.00,20260605,0,1302,0,0.01,1.09350000,1.09100000,144.46900,0.00
1687974448,-361.00,20260605,1,1302,1,0.01,1.09100000,1.09100000,144.46900,-361.00
1687974975,1706.00,20260622,1,1295,1,0.01,144.57700000,142.19800000,144.46900,1706.00
1687975200,0.00,20260605,0,1305,1,0.01,1.08985000,1.09235000,144.46900,0.00
1687988919,-361.00,20260605,1,1305,0,0.01,1.09235000,1.09235000,144.46900,-361.00
1688118300,0.00,20261000,0,1307,1,0.01,144.48200000,145.06800000,144.28500,0.00
1688162400,181.00,20261000,1,1307,0,0.01,144.30100000,145.06800000,144.28500,181.00
1688356800,0.00,20260622,0,1309,0,0.02,144.45000000,143.70800000,144.63500,0.00
1688374800,0.00,20260605,0,1310,1,0.01,1.09031000,1.09281000,144.63500,0.00
1688382000,0.00,20261000,0,1311,0,0.01,144.83500000,144.22000000,144.63500,0.00
1688403624,-615.00,20261000,1,1311,1,0.01,144.22000000,144.22000000,144.63500,-615.00
1688403628,-360.00,20260605,1,1310,0,0.01,1.09281000,1.09281000,144.63500,-360.00
1688632453,-1304.00,20260622,1,1309,1,0.02,143.70800000,143.70800000,144.05500,-1304.00
1688659200,0.00,20260627,0,1315,0,0.01,183.80700000,182.68000000,144.05500,0.00
1688666400,0.00,20260605,0,1316,1,0.01,1.08679000,1.08929000,144.05500,0.00
1688687381,-359.00,20260605,1,1316,0,0.01,1.08929000,1.08929000,144.05500,-359.00
1688722200,0.00,20261001,0,1318,1,0.01,182.81200000,183.56700000,142.08900,0.00
1688723495,-1100.00,20260627,1,1315,1,0.01,182.67900000,182.68000000,142.08900,-1100.00
1688724000,0.00,20261000,0,1320,1,0.01,143.39900000,144.19600000,142.08900,0.00
1688745600,0.00,20260605,0,1321,0,0.01,1.09121000,1.08871000,142.08900,0.00
1688767200,1265.00,20261000,1,1320,0,0.01,142.13400000,144.19600000,142.08900,1265.00
1688767200,319.00,20261001,1,1318,0,0.01,182.49300000,183.56700000,142.08900,319.00
1688985000,0.00,20261001,0,1324,1,0.06,182.19200000,183.21800000,141.29400,0.00
1689026400,3036.00,20261001,1,1324,0,0.06,181.68600000,183.21800000,141.29400,3036.00
1689054917,1440.00,20260605,1,1321,1,0.01,1.10171000,1.08871000,140.35000,1440.00
1689073200,0.00,20261001,0,1327,1,0.01,180.91100000,181.99400000,140.35000,0.00
1689112800,-680.00,20261001,1,1327,0,0.01,181.59100000,181.99400000,140.35000,-680.00
1689154200,0.00,20261001,0,1329,1,0.01,180.64300000,181.52900000,138.48300,0.00
1689199200,909.00,20261001,1,1329,0,0.01,179.73400000,181.52900000,138.48300,909.00
1689235200,0.00,20260610,0,1331,1,0.01,138.52300000,139.02300000,138.03200,0.00
1689246900,0.00,20261001,0,1332,0,0.01,180.50100000,179.48800000,138.03200,0.00
1689285600,729.00,20261001,1,1332,1,0.01,181.23000000,179.48800000,138.03200,729.00
1689309461,1026.00,20260610,1,1331,0,0.01,137.42200000,139.02300000,138.78400,1026.00
1689328800,0.00,20261000,0,1335,0,0.02,138.35200000,137.23800000,138.78400,0.00
1689329700,0.00,20261001,0,1336,0,0.06,181.40800000,180.19500000,138.78400,0.00
1689372000,934.00,20261000,1,1335,1,0.02,138.81900000,137.23800000,138.78400,934.00
1689372000,2916.00,20261001,1,1336,1,0.06,181.89400000,180.19500000,138.78400,2916.00
1689587100,0.00,20261001,0,1339,1,0.01,181.03500000,181.80600000,138.70000,0.00
1689611404,-772.00,20261001,1,1339,0,0.01,181.80700000,181.80600000,138.70000,-772.00
1689671700,0.00,20261001,0,1341,1,0.01,181.12600000,181.65100000,138.81900,0.00
1689678900,0.00,20261000,0,1342,1,0.01,138.14400000,138.92500000,138.81900,0.00
1689699902,-527.00,20261001,1,1341,0,0.01,181.65300000,181.65100000,138.81900,-527.00
1689699915,-782.00,20261000,1,1342,0,0.01,138.92600000,138.92500000,138.81900,-782.00
1689758100,0.00,20261001,0,1345,1,0.06,180.44500000,181.62400000,139.53300,0.00
1689759900,0.00,20261000,0,1346,0,0.01,139.62100000,138.75300000,139.53300,0.00
1689764400,0.00,20260629,0,1347,1,0.01,1.12266000,0.00000000,139.53300,0.00
1689764400,0.00,20260629,0,1348,0,0.01,1.29486000,0.00000000,139.53300,0.00
1689804000,-4.00,20261000,1,1346,1,0.01,139.61700000,138.75300000,139.53300,-4.00
1689804000,-456.00,20261001,1,1345,0,0.06,180.52100000,181.62400000,139.53300,-456.00
1689848100,0.00,20261001,0,1351,1,0.01,180.05000000,180.71200000,140.06200,0.00
1689890400,-247.00,20261001,1,1351,0,0.01,180.29700000,180.71200000,140.06200,-247.00
1689930900,0.00,20261001,0,1353,0,0.01,180.89600000,179.90600000,141.82200,0.00
1689936300,0.00,20261000,0,1354,0,0.01,141.06900000,139.74700000,141.82200,0.00
1689940800,0.00,20260610,0,1355,0,0.01,141.91700000,141.41700000,141.82200,0.00
1689942195,-501.00,20260610,1,1355,1,0.01,141.41600000,141.41700000,141.82200,-501.00
1689955200,0.00,20260610,0,1357,1,0.01,141.37200000,141.87200000,141.82200,0.00
1689959500,-501.00,20260610,1,1357,0,0.01,141.87300000,141.87200000,141.82200,-501.00
1689976800,741.00,20261000,1,1354,1,0.01,141.81000000,139.74700000,141.82200,741.00
1689976800,1455.00,20261001,1,1353,1,0.01,182.35100000,179.90600000,141.82200,1455.00
1690195500,0.00,20261001,0,1361,1,0.06,181.65100000,182.34000000,141.46500,0.00
1690236000,1506.00,20261001,1,1361,0,0.06,181.40000000,182.34000000,141.46500,1506.00
1690264800,0.00,20260605,0,1363,1,0.01,1.10804000,1.11054000,140.89000,0.00
1690390800,-501.00,20260629,1,1348,1,0.01,1.29147000,0.00000000,140.22700,-501.00
1690390800,2362.00,20260629,1,1347,0,0.01,1.10653000,0.00000000,140.22700,2362.00
1690408805,-351.00,20260605,1,1363,0,0.01,1.11062000,1.11054000,140.22700,-351.00
1690458300,0.00,20261001,0,1367,0,0.01,181.80500000,180.81500000,139.37800,0.00
1690488257,-990.00,20261001,1,1367,1,0.01,180.81500000,180.81500000,139.37800,-990.00
1690516800,0.00,20260610,0,1369,1,0.01,139.47500000,139.97500000,141.15000,0.00
1690525711,-500.00,20260610,1,1369,0,0.01,139.97500000,139.97500000,141.15000,-500.00
1690531200,0.00,20260610,0,1371,1,0.01,138.76300000,139.26300000,141.15000,0.00
1690534661,-500.00,20260610,1,1371,0,0.01,139.26300000,139.26300000,141.15000,-500.00
1690790400,0.00,20260610,0,1373,0,0.01,141.88500000,141.38500000,142.25800,0.00
1690797600,0.00,20261001,0,1374,0,0.01,182.63400000,180.87100000,142.25800,0.00
1690800300,0.00,20261000,0,1375,0,0.01,142.16900000,140.69100000,142.25800,0.00
1690840800,103.00,20261000,1,1375,1,0.01,142.27200000,140.69100000,142.25800,103.00
1690840800,4.00,20261001,1,1374,1,0.01,182.63800000,180.87100000,142.25800,4.00
1690902090,1130.00,20260610,1,1373,1,0.01,142.98500000,141.38500000,143.31800,1130.00
1690967700,0.00,20261001,0,1379,1,0.01,182.29900000,183.12500000,143.31500,0.00
1690975800,0.00,20261000,0,1380,1,0.01,142.29500000,143.34600000,143.31500,0.00
1690995678,-1051.00,20261000,1,1380,0,0.01,143.34600000,143.34600000,143.31500,-1051.00
1691013600,57.00,20261001,1,1379,0,0.01,182.24200000,183.12500000,143.31500,57.00
1691057700,0.00,20261001,0,1383,1,0.06,182.05200000,182.76200000,142.51300,0.00
1691060400,0.00,20261000,0,1384,1,0.02,142.90600000,143.89000000,142.51300,0.00
1691064000,0.00,20260774,0,1385,1,0.01,1.26753000,1.27253000,142.51300,0.00
1691071224,8532.00,20261001,1,1383,0,0.06,180.63000000,182.76200000,142.51300,8532.00
1691100000,394.00,20261000,1,1384,0,0.02,142.70900000,143.89000000,142.51300,394.00
1691121593,-719.00,20260774,1,1385,0,0.01,1.27253000,1.27253000,141.75200,-719.00
1691607600,0.00,20260605,0,1389,1,0.01,1.09740000,1.09990000,143.70400,0.00
1691647200,-61.00,20260605,1,1389,0,0.01,1.09793000,1.09990000,144.71500,-61.00
1691647200,0.00,20260605,0,1391,0,0.01,1.09793000,1.09543000,144.71500,0.00
1691658900,0.00,20261001,0,1392,0,0.01,183.38600000,182.63400000,144.71500,0.00
1691704800,304.00,20261001,1,1392,1,0.01,183.69000000,182.63400000,144.71500,304.00
1691769600,-187.00,20260605,1,1391,1,0.01,1.09680000,1.09543000,144.93000,-187.00
1691769600,0.00,20260605,0,1395,1,0.01,1.09680000,1.09930000,144.93000,0.00
1692246602,1558.00,20260605,1,1395,0,0.01,1.08630000,1.09930000,145.82100,1558.00
1692350100,0.00,20261001,0,1397,1,0.01,184.99400000,185.90500000,145.36100,0.00
1692355500,0.00,20261000,0,1398,1,0.01,145.17500000,145.85100000,145.36100,0.00
1692396000,-134.00,20261000,1,1398,0,0.01,145.30900000,145.85100000,145.36100,-134.00
1692396000,-170.00,20261001,1,1397,0,0.01,185.16400000,185.90500000,145.36100,-170.00
1692702900,0.00,20261000,0,1401,1,0.01,145.67700000,146.39900000,145.87400,0.00
1692720000,0.00,20260774,0,1402,1,0.01,1.27421000,1.27921000,145.87400,0.00
1692741600,-181.00,20261000,1,1401,0,0.01,145.85800000,146.39900000,145.87400,-181.00
1692785700,0.00,20261001,0,1404,0,0.01,185.87400000,185.39500000,144.82000,0.00
1692786700,-479.00,20261001,1,1404,1,0.01,185.39500000,185.39500000,144.82000,-479.00
1692787500,0.00,20261001,0,1406,1,0.06,185.07100000,185.81500000,144.82000,0.00
1692797438,1599.00,20260774,1,1402,0,0.01,1.26321000,1.27921000,144.82000,1599.00
1692799235,8934.00,20261001,1,1406,0,0.06,183.58200000,185.81500000,144.82000,8934.00
1692874800,0.00,20261000,0,1409,0,0.01,145.33200000,144.60000000,145.80500,0.00
1692914400,526.00,20261000,1,1409,1,0.01,145.85800000,144.60000000,145.80500,526.00
1693310400,0.00,20260622,0,1411,0,0.02,146.51500000,145.91300000,145.86000,0.00
1693334103,-1204.00,20260622,1,1411,1,0.02,145.91300000,145.91300000,145.86000,-1204.00
1693371600,0.00,20260605,0,1413,0,0.01,1.08691000,1.08441000,146.21300,0.00
1693386900,0.00,20261001,0,1414,0,0.01,184.71100000,184.12900000,146.21300,0.00
1693391400,0.00,20261000,0,1415,0,0.01,146.48000000,145.70300000,146.21300,0.00
1693396800,0.00,20260622,0,1416,0,0.01,146.44600000,145.63800000,146.21300,0.00
1693413066,-777.00,20261000,1,1415,1,0.01,145.70300000,145.70300000,146.21300,-777.00
1693413095,-809.00,20260622,1,1416,1,0.01,145.63700000,145.63800000,146.21300,-809.00
1693427704,1164.00,20261001,1,1414,1,0.01,185.87500000,184.12900000,146.21300,1164.00
1693476900,0.00,20261001,0,1420,1,0.01,185.34000000,186.00300000,145.51800,0.00
1693500446,-390.00,20260605,1,1413,1,0.01,1.08441000,1.08441000,145.51800,-390.00
1693504800,0.00,20260605,0,1422,0,0.01,1.08551000,1.08301000,145.51800,0.00
1693508400,-243.00,20260605,1,1422,1,0.01,1.08384000,1.08301000,145.51800,-243.00
1693508400,0.00,20260605,0,1424,1,0.01,1.08384000,1.08634000,145.51800,0.00
1693519200,1150.00,20261001,1,1420,0,0.01,184.19000000,186.00300000,145.51800,1150.00
1693582241,-351.00,20260605,1,1424,0,0.01,1.08635000,1.08634000,146.24600,-351.00
1693821600,0.00,20261001,0,1427,0,0.01,184.43600000,183.80600000,146.46100,0.00
1693864800,608.00,20261001,1,1427,1,0.01,185.04400000,183.80600000,146.46100,608.00
1693910700,0.00,20261000,0,1429,0,0.01,147.02000000,146.35200000,147.70200,0.00
1693911600,0.00,20261001,0,1430,1,0.06,184.56100000,185.30300000,147.70200,0.00
1693930841,-4482.00,20261001,1,1430,0,0.06,185.30800000,185.30300000,147.70200,-4482.00
1693951200,738.00,20261000,1,1429,1,0.01,147.75800000,146.35200000,147.70200,738.00
1693993500,0.00,20261001,0,1433,1,0.01,184.96800000,185.60200000,147.64000,0.00
1694037600,246.00,20261001,1,1433,0,0.01,184.72200000,185.60200000,147.64000,246.00
1694080800,0.00,20261001,0,1435,1,0.01,184.15600000,184.76900000,147.27800,0.00
1694124000,625.00,20261001,1,1435,0,0.01,183.53100000,184.76900000,147.27800,625.00
1694170800,0.00,20261001,0,1437,0,0.01,184.15300000,183.05900000,147.78500,0.00
1694174400,0.00,20260622,0,1438,0,0.01,147.41300000,146.59700000,147.78500,0.00
1694210400,-92.00,20261001,1,1437,1,0.01,184.06100000,183.05900000,147.78500,-92.00
1694410464,-787.00,20260622,1,1438,1,0.01,146.59600000,146.59700000,146.56300,-787.00
1694423700,0.00,20261001,0,1441,1,0.01,182.73900000,183.78700000,146.56300,0.00
1694436758,-1048.00,20261001,1,1441,0,0.01,183.78700000,183.78700000,146.56300,-1048.00
1694510100,0.00,20261001,0,1443,0,0.01,183.85000000,183.20900000,147.07500,0.00
1694515658,-642.00,20261001,1,1443,1,0.01,183.20800000,183.20900000,147.07500,-642.00
1694517300,0.00,20261001,0,1445,1,0.06,183.04400000,183.79300000,147.07500,0.00
1694550903,-4494.00,20261001,1,1445,0,0.06,183.79300000,183.79300000,147.07500,-4494.00
1694597400,0.00,20261001,0,1447,1,0.06,183.36900000,184.23600000,147.45000,0.00
1694620800,0.00,20260622,0,1448,0,0.02,147.43900000,146.72600000,147.45000,0.00
1694622315,-5208.00,20261001,1,1447,0,0.06,184.23700000,184.23600000,147.45000,-5208.00
1694772900,0.00,20261001,0,1450,0,0.01,183.60800000,182.76800000,147.81900,0.00
1694815200,-543.00,20261001,1,1450,1,0.01,183.06500000,182.76800000,147.81900,-543.00
1695229200,0.00,20260605,0,1452,0,0.01,1.07173000,1.06923000,148.31400,0.00
1695243689,-370.00,20260605,1,1452,1,0.01,1.06923000,1.06923000,148.31400,-370.00
1695247200,0.00,20260605,0,1454,1,0.01,1.06865000,1.07115000,148.31400,0.00
1695296700,0.00,20261001,0,1455,1,0.01,182.34500000,183.06000000,147.56400,0.00
1695304840,1433.00,20261001,1,1455,0,0.01,180.91200000,183.06000000,147.56400,1433.00
1695375900,0.00,20261000,0,1457,0,0.01,148.36700000,147.48700000,148.35400,0.00
1695375900,0.00,20261001,0,1458,0,0.01,182.19900000,181.20300000,148.35400,0.00
1695420000,19.00,20261000,1,1457,1,0.01,148.38600000,147.48700000,148.35400,19.00
1695420000,-558.00,20261001,1,1458,1,0.01,181.64100000,181.20300000,148.35400,-558.00
1695661779,3334.00,20260622,1,1448,1,0.02,148.86600000,146.72600000,148.86600,3334.00
1695662728,1612.00,20260605,1,1454,0,0.01,1.05814000,1.07115000,148.86600,1612.00
1695672000,0.00,20260622,0,1463,0,0.02,148.85100000,148.18300000,148.86600,0.00
1695720600,0.00,20261000,0,1464,0,0.01,149.13000000,148.70300000,149.03900,0.00
1695765600,-62.00,20261000,1,1464,1,0.01,149.06800000,148.70300000,149.03900,-62.00
1695899700,0.00,20261001,0,1466,0,0.06,181.73300000,181.08200000,149.29300,0.00
1695938400,1506.00,20261001,1,1466,1,0.06,181.98400000,181.08200000,149.29300,1506.00
1695980700,0.00,20261000,0,1468,1,0.01,148.84200000,149.50000000,149.34300,0.00
1696024800,-559.00,20261000,1,1468,0,0.01,149.40100000,149.50000000,149.34300,-559.00
1696239900,0.00,20261001,0,1470,0,0.01,182.67200000,182.08400000,149.84400,0.00
1696251160,-588.00,20261001,1,1470,1,0.01,182.08400000,182.08400000,149.84400,-588.00
1696329000,0.00,20261001,0,1472,1,0.01,180.61200000,181.20500000,148.97600,0.00
1696331915,-593.00,20261001,1,1472,0,0.01,181.20500000,181.20500000,148.97600,-593.00
1696353146,-988.00,20260622,1,1463,1,0.02,148.17700000,148.18300000,148.97600,-988.00
1696416300,0.00,20261000,0,1475,1,0.02,148.75000000,149.31800000,149.11000,0.00
1696419900,0.00,20261001,0,1476,0,0.01,180.37700000,179.68600000,149.11000,0.00
1696456800,-580.00,20261000,1,1475,0,0.02,149.04000000,149.31800000,149.11000,-580.00
1696456800,524.00,20261001,1,1476,1,0.01,180.90100000,179.68600000,149.11000,524.00
1696583700,0.00,20261001,0,1479,0,0.01,181.25800000,180.77400000,149.27500,0.00
1696585500,0.00,20261000,0,1480,0,0.01,148.98700000,148.28000000,149.27500,0.00
1696616007,969.00,20261001,1,1479,1,0.01,182.22700000,180.77400000,149.27500,969.00
1696618800,0.00,20260605,0,1482,0,0.01,1.05951000,1.05701000,149.27500,0.00
1696629600,352.00,20261000,1,1480,1,0.01,149.33900000,148.28000000,149.27500,352.00
1696809930,-674.00,20260605,1,1482,1,0.01,1.05518000,1.05701000,148.47900,-674.00
1696845600,0.00,20261001,0,1485,1,0.06,181.70300000,182.31300000,148.47900,0.00
1696849200,0.00,20260605,0,1486,1,0.01,1.05228000,1.05478000,148.47900,0.00
1696867301,-382.00,20260605,1,1486,0,0.01,1.05484000,1.05478000,148.47900,-382.00
1696888800,432.00,20261001,1,1485,0,0.06,181.63100000,182.31300000,148.47900,432.00
1696932000,0.00,20261000,0,1489,0,0.01,148.88900000,148.16200000,148.69900,0.00
1696933800,0.00,20261001,0,1490,0,0.01,182.13500000,181.54100000,148.69900,0.00
1696975200,-164.00,20261000,1,1489,1,0.01,148.72500000,148.16200000,148.69900,-164.00
1696975200,495.00,20261001,1,1490,1,0.01,182.63000000,181.54100000,148.69900,495.00
1697017500,0.00,20261001,0,1493,0,0.01,183.10800000,182.35300000,149.14700,0.00
1697061600,543.00,20261001,1,1493,1,0.01,183.65100000,182.35300000,149.14700,543.00
1697148000,0.00,20260605,0,1495,1,0.01,1.05266000,1.05516000,149.78900,0.00
1697176800,-280.00,20260605,1,1495,0,0.01,1.05465000,1.05516000,149.57100,-280.00
1697176800,0.00,20260605,0,1497,0,0.01,1.05465000,1.05215000,149.57100,0.00
1697193000,0.00,20261001,0,1498,0,0.01,182.84600000,182.26800000,149.57100,0.00
1697203419,-372.00,20260605,1,1497,1,0.01,1.05215000,1.05215000,149.57100,-372.00
1697203708,-579.00,20261001,1,1498,1,0.01,182.26700000,182.26800000,149.57100,-579.00
1697447700,0.00,20261001,0,1501,0,0.01,181.86900000,181.06000000,149.49400,0.00
1697493600,733.00,20261001,1,1501,1,0.01,182.60200000,181.06000000,149.49400,733.00
1697655600,0.00,20260605,0,1503,1,0.01,1.05311000,1.05561000,149.91000,0.00
1697706900,0.00,20261001,0,1504,1,0.01,181.45500000,181.99800000,149.76200,0.00
1697724635,-357.00,20260605,1,1503,0,0.01,1.05562000,1.05561000,149.76200,-357.00
1697731417,-544.00,20261001,1,1504,0,0.01,181.99900000,181.99800000,149.76200,-544.00
1697734800,0.00,20260605,0,1507,0,0.01,1.05752000,1.05502000,149.76200,0.00
1698124818,1481.00,20260605,1,1507,1,0.01,1.06802000,1.05502000,149.90200,1481.00
1698139800,0.00,20261001,0,1509,0,0.01,183.71700000,183.05500000,149.90200,0.00
1698142500,0.00,20261000,0,1510,1,0.01,149.39200000,149.78800000,149.90200,0.00
1698146246,-662.00,20261001,1,1509,1,0.01,183.05500000,183.05500000,149.90200,-662.00
1698147000,0.00,20261001,0,1512,1,0.06,183.01200000,183.69400000,149.90200,0.00
1698155496,-396.00,20261000,1,1510,0,0.01,149.78800000,149.78800000,149.90200,-396.00
1698174000,0.00,20260605,0,1514,0,0.01,1.05941000,1.05691000,149.90200,0.00
1698184800,4218.00,20261001,1,1512,0,0.06,182.30900000,183.69400000,149.90200,4218.00
1698236797,-406.00,20260605,1,1514,1,0.01,1.05688000,1.05691000,150.22300,-406.00
1698311700,0.00,20261000,0,1517,0,0.01,150.64700000,150.03800000,150.36100,0.00
1698313656,-609.00,20261000,1,1517,1,0.01,150.03800000,150.03800000,150.36100,-609.00
1698354000,0.00,20260605,0,1519,1,0.01,1.05504000,1.05754000,150.36100,0.00
1698422679,-359.00,20260605,1,1519,0,0.01,1.05754000,1.05754000,149.62400,-359.00
1698433200,0.00,20260605,0,1521,0,0.01,1.05916000,1.05666000,149.62400,0.00
1698438758,-375.00,20260605,1,1521,1,0.01,1.05666000,1.05666000,149.62400,-375.00
1698440400,0.00,20260605,0,1523,1,0.01,1.05670000,1.05920000,149.62400,0.00
1698677190,-361.00,20260605,1,1523,0,0.01,1.05921000,1.05920000,149.04100,-361.00
1698745500,0.00,20261001,0,1525,0,0.01,182.53500000,181.14100000,151.53300,0.00
1698789600,1646.00,20261001,1,1525,1,0.01,184.18100000,181.14100000,151.53300,1646.00
1698836400,0.00,20260605,0,1527,1,0.01,1.05646000,1.05896000,150.93900,0.00
1698894037,-359.00,20260605,1,1527,0,0.01,1.05896000,1.05896000,150.38300,-359.00
1698897600,0.00,20260605,0,1529,0,0.01,1.06021000,1.05771000,150.38300,0.00
1698922800,0.00,20261001,0,1530,1,0.01,183.00300000,183.54700000,150.38300,0.00
1698937231,-546.00,20261001,1,1530,0,0.01,183.54900000,183.54700000,150.38300,-546.00
1699026257,1554.00,20260605,1,1529,1,0.01,1.07075000,1.05771000,149.37800,1554.00
1699041600,0.00,20260629,0,1533,0,0.01,1.07396000,0.00000000,149.37800,0.00
1699041600,0.00,20260629,0,1534,1,0.01,1.23819000,0.00000000,149.37800,0.00
1699263000,0.00,20261001,0,1535,0,0.01,185.30500000,184.54100000,150.06200,0.00
1699308000,-66.00,20261001,1,1535,1,0.01,185.23900000,184.54100000,150.06200,-66.00
1699387200,0.00,20260774,0,1537,0,0.01,1.22722000,1.22222000,150.29900,0.00
1699564721,-771.00,20260774,1,1537,1,0.01,1.22215000,1.22222000,151.33300,-771.00
1699567200,2395.00,20260629,1,1534,0,0.01,1.22207000,0.00000000,151.33300,2395.00
1699567200,-1196.00,20260629,1,1533,1,0.01,1.06671000,0.00000000,151.33300,-1196.00
1699871400,0.00,20261001,0,1541,0,0.01,185.85900000,184.91900000,151.70700,0.00
1699912800,269.00,20261001,1,1541,1,0.01,186.12800000,184.91900000,151.70700,269.00
1699953300,0.00,20261001,0,1543,0,0.01,186.34800000,185.92100000,150.36500,0.00
1699976100,855.00,20261001,1,1543,1,0.01,187.20300000,185.92100000,150.36500,855.00
1700046000,0.00,20261001,0,1545,1,0.06,187.57100000,188.23400000,151.30500,0.00
1700085600,-2544.00,20261001,1,1545,0,0.06,187.99500000,188.23400000,151.30500,-2544.00
1700212500,0.00,20261001,0,1547,1,0.01,186.57500000,187.14100000,149.62200,0.00
1700217000,0.00,20261000,0,1548,1,0.01,150.26800000,150.77400000,149.62200,0.00
1700218684,1132.00,20261001,1,1547,0,0.01,185.44300000,187.14100000,149.62200,1132.00
1700225079,1013.00,20261000,1,1548,0,0.01,149.25500000,150.77400000,149.62200,1013.00
1700467200,0.00,20260610,0,1551,1,0.01,149.08400000,149.58400000,148.34500,0.00
1700477100,0.00,20261001,0,1552,1,0.06,185.67700000,186.78300000,148.34500,0.00
1700517600,738.00,20261001,1,1552,0,0.06,185.55400000,186.78300000,148.34500,738.00
1700537247,1027.00,20260610,1,1551,0,0.01,147.98200000,149.58400000,148.36800,1027.00
1700645400,0.00,20261001,0,1555,0,0.01,186.54300000,185.63300000,149.52000,0.00
1700649900,0.00,20261000,0,1556,0,0.01,149.29500000,148.01500000,149.52000,0.00
1700690400,283.00,20261000,1,1556,1,0.01,149.57800000,148.01500000,149.52000,283.00
1700690400,284.00,20261001,1,1555,1,0.01,186.82700000,185.63300000,149.52000,284.00
1700739900,0.00,20261001,0,1559,0,0.06,187.38700000,186.28300000,149.54700,0.00
1700776800,486.00,20261001,1,1559,1,0.06,187.46800000,186.28300000,149.54700,486.00
1700822700,0.00,20261001,0,1561,0,0.06,187.70500000,187.10000000,149.39900,0.00
1700863200,4632.00,20261001,1,1561,1,0.06,188.47700000,187.10000000,149.39900,4632.00
1701100800,0.00,20260610,0,1563,1,0.01,148.81300000,149.31300000,148.66100,0.00
1701193385,1028.00,20260610,1,1563,0,0.01,147.71000000,149.31300000,147.46300,1028.00
1701201600,0.00,20260610,0,1565,1,0.01,147.55300000,148.05300000,147.46300,0.00
1701252900,0.00,20261001,0,1566,0,0.06,187.33900000,186.61700000,147.22800,0.00
1701295200,-1392.00,20261001,1,1566,1,0.06,187.10700000,186.61700000,147.22800,-1392.00
1701341100,0.00,20261001,0,1568,1,0.01,186.30900000,186.90600000,148.17800,0.00
1701360043,-658.00,20260610,1,1565,0,0.01,148.06100000,148.05300000,148.17800,-658.00
1701360103,-597.00,20261001,1,1568,0,0.01,186.90600000,186.90600000,148.17800,-597.00
1701374400,0.00,20260605,0,1571,1,0.01,1.08899000,1.09149000,148.17800,0.00
1701425700,0.00,20261001,0,1572,0,0.01,187.41900000,186.67600000,146.81100,0.00
1701450032,-745.00,20261001,1,1572,1,0.01,186.67400000,186.67600000,146.81100,-745.00
1701684900,0.00,20261000,0,1574,0,0.01,147.03700000,146.22400000,147.18200,0.00
1701727200,254.00,20261000,1,1574,1,0.01,147.29100000,146.22400000,147.18200,254.00
1701767700,0.00,20261001,0,1576,1,0.01,185.35800000,186.18600000,147.13800,0.00
1701802421,1594.00,20260605,1,1571,0,0.01,1.07849000,1.09149000,147.13800,1594.00
1701813600,67.00,20261001,1,1576,0,0.01,185.29100000,186.18600000,147.13800,67.00
1701941400,0.00,20261000,0,1579,1,0.01,145.86200000,147.30000000,144.09000,0.00
1701978377,2878.00,20261000,1,1579,0,0.01,142.98400000,147.30000000,144.09000,2878.00
1702287900,0.00,20261000,0,1581,0,0.01,146.18700000,144.80900000,146.13400,0.00
1702287900,0.00,20261001,0,1582,0,0.01,183.32300000,181.55400000,146.13400,0.00
1702332000,-35.00,20261000,1,1581,1,0.01,146.15200000,144.80900000,146.13400,-35.00
1702332000,170.00,20261001,1,1582,1,0.01,183.49300000,181.55400000,146.13400,170.00
1702372500,0.00,20261001,0,1585,1,0.01,182.75400000,183.55900000,145.43200,0.00
1702418400,-164.00,20261001,1,1585,0,0.01,182.91800000,183.55900000,145.43200,-164.00
1702544400,0.00,20260605,0,1587,0,0.01,1.09018000,1.08768000,141.83600,0.00
1702582205,1536.00,20260605,1,1587,1,0.01,1.10069000,1.08768000,141.83600,1536.00
1702637100,0.00,20261001,0,1589,1,0.06,180.68600000,181.72800000,142.15400,0.00
1702677600,1542.00,20261001,1,1589,0,0.06,180.42900000,181.72800000,142.15400,1542.00
1702892700,0.00,20261001,0,1591,0,0.01,180.73100000,179.84700000,142.71800,0.00
1702936800,-125.00,20261001,1,1591,1,0.01,180.60600000,179.84700000,142.71800,-125.00
1702977300,0.00,20261001,0,1593,0,0.01,182.32300000,180.03500000,143.81200,0.00
1702980000,0.00,20261000,0,1594,0,0.01,144.16900000,142.24400000,143.81200,0.00
1703023200,-261.00,20261000,1,1594,1,0.01,143.90800000,142.24400000,143.81200,-261.00
1703023200,765.00,20261001,1,1593,1,0.01,183.08800000,180.03500000,143.81200,765.00
1703063700,0.00,20261001,0,1597,1,0.01,181.78000000,183.33300000,143.54400,0.00
1703109600,-24.00,20261001,1,1597,0,0.01,181.80400000,183.33300000,143.54400,-24.00
1703563200,0.00,20260622,0,1599,1,0.01,142.26000000,143.24100000,142.38000,0.00
1703668500,0.00,20261001,0,1600,0,0.01,181.76300000,180.93200000,141.81300,0.00
1703714400,-235.00,20261001,1,1600,1,0.01,181.52800000,180.93200000,141.81300,-235.00
1703754900,0.00,20261000,0,1602,1,0.01,140.81500000,141.81300000,141.33400,0.00
1703754900,0.00,20261001,0,1603,1,0.01,180.50800000,181.48800000,141.33400,0.00
1703785238,1739.00,20260622,1,1599,0,0.01,140.29700000,143.24100000,141.33400,1739.00
1703800800,-643.00,20261000,1,1602,0,0.01,141.45800000,141.81300000,141.33400,-643.00
1703800800,466.00,20261001,1,1603,0,0.01,180.04200000,181.48800000,141.33400,466.00
1703880000,0.00,20260622,0,1607,1,0.01,140.83900000,142.01800000,141.01200,0.00
1704190500,0.00,20261001,0,1608,0,0.01,180.33000000,179.07400000,141.97600,0.00
1704205217,-1262.00,20260622,1,1607,0,0.01,142.02600000,142.01800000,141.97600,-1262.00
1704213942,-1256.00,20261001,1,1608,1,0.01,179.07400000,179.07400000,141.97600,-1256.00
1704258000,0.00,20260605,0,1611,1,0.01,1.09520000,1.09770000,143.27300,0.00
1704273300,0.00,20261001,0,1612,0,0.01,179.77900000,178.90800000,143.27300,0.00
1704309219,1748.00,20261001,1,1612,1,0.01,181.52700000,178.90800000,143.27300,1748.00
1704319200,0.00,20260629,0,1614,0,0.01,1.09180000,0.00000000,143.27300,0.00
1704319200,0.00,20260629,0,1615,1,0.01,1.26637000,0.00000000,143.27300,0.00
1704366000,0.00,20261001,0,1616,0,0.01,182.38500000,181.00800000,144.61200,0.00
1704405600,982.00,20261001,1,1616,1,0.01,183.36700000,181.00800000,144.61200,982.00
1704474041,-325.00,20260605,1,1611,0,0.01,1.09770000,1.09770000,144.61300,-325.00
1704713400,0.00,20261001,0,1619,1,0.01,183.25600000,184.22200000,144.21200,0.00
1704751200,-614.00,20261001,1,1619,0,0.01,183.87000000,184.22200000,144.21200,-614.00
1704878100,0.00,20261001,0,1621,0,0.01,184.14900000,183.36200000,145.73900,0.00
1704924000,1487.00,20261001,1,1621,1,0.01,185.63600000,183.36200000,145.73900,1487.00
1705310100,0.00,20261001,0,1623,0,0.01,185.42900000,184.56800000,145.66900,0.00
1705311000,0.00,20261000,0,1624,0,0.01,145.46200000,144.73500000,145.66900,0.00
1705316400,0.00,20260605,0,1625,0,0.01,1.09583000,1.09333000,145.66900,0.00
1705320000,-170.00,20260605,1,1625,1,0.01,1.09466000,1.09333000,145.66900,-170.00
1705320000,0.00,20260605,0,1627,1,0.01,1.09466000,1.09716000,145.66900,0.00
1705356000,327.00,20261000,1,1624,1,0.01,145.78900000,144.73500000,145.66900,327.00
1705356000,112.00,20261001,1,1623,1,0.01,185.54100000,184.56800000,145.66900,112.00
1705401900,0.00,20261000,0,1630,0,0.01,146.47500000,145.58300000,147.17500,0.00
1705406400,286.00,20260629,1,1615,0,0.01,1.26411000,0.00000000,147.17500,286.00
1705406400,-707.00,20260629,1,1614,1,0.01,1.08857000,0.00000000,147.17500,-707.00
1705442400,774.00,20261000,1,1630,1,0.01,147.24900000,145.58300000,147.17500,774.00
1705482900,0.00,20261001,0,1634,0,0.01,186.83300000,185.77700000,148.14200,0.00
1705507200,0.00,20260774,0,1635,1,0.01,1.26504000,1.27004000,148.14200,0.00
1705521600,-418.00,20260774,1,1635,0,0.01,1.26788000,1.27004000,148.14200,-418.00
1705521600,0.00,20260774,0,1637,0,0.01,1.26788000,1.26288000,148.14200,0.00
1705528800,1142.00,20261001,1,1634,1,0.01,187.97500000,185.77700000,148.14200,1142.00
1705608000,0.00,20260610,0,1639,0,0.01,148.22300000,147.72300000,148.13700,0.00
1705661100,0.00,20261001,0,1640,1,0.06,187.84300000,188.93000000,148.13800,0.00
1705701600,-1896.00,20261001,1,1640,0,0.06,188.15900000,188.93000000,148.13800,-1896.00
1705934643,-441.00,20260610,1,1639,1,0.01,147.72200000,147.72300000,148.07800,-441.00
1706030617,1643.00,20260605,1,1627,0,0.01,1.08416000,1.09716000,148.29400,1643.00
1706092200,0.00,20261000,0,1644,1,0.01,147.58200000,148.39100000,147.49200,0.00
1706092200,0.00,20261001,0,1645,1,0.01,187.61800000,188.27900000,147.49200,0.00
1706096498,-661.00,20261001,1,1645,0,0.01,188.27900000,188.27900000,147.49200,-661.00
1706096700,0.00,20261001,0,1647,0,0.06,188.35500000,187.62400000,147.49200,0.00
1706106455,-4392.00,20261001,1,1647,1,0.06,187.62300000,187.62400000,147.49200,-4392.00
1706126400,0.00,20260610,0,1649,0,0.01,147.19700000,146.69700000,147.49200,0.00
1706133600,14.00,20261000,1,1644,0,0.01,147.56800000,148.39100000,147.49200,14.00
1706176800,0.00,20261001,0,1651,0,0.01,188.01800000,187.42700000,147.64400,0.00
1706198678,-591.00,20261001,1,1651,1,0.01,187.42700000,187.42700000,147.64400,-591.00
1706263200,0.00,20261001,0,1653,1,0.01,187.40700000,187.83900000,148.11800,0.00
1706266540,-432.00,20261001,1,1653,0,0.01,187.83900000,187.83900000,148.11800,-432.00
1706267700,0.00,20261000,0,1655,0,0.01,148.04000000,147.47800000,148.11800,0.00
1706267700,0.00,20261001,0,1656,0,0.06,188.08400000,187.42300000,148.11800,0.00
1706283005,-566.00,20261000,1,1655,1,0.01,147.47400000,147.47800000,148.11800,-566.00
1706306400,420.00,20261001,1,1656,1,0.06,188.15400000,187.42300000,148.11800,420.00
1706495308,1190.00,20260610,1,1649,1,0.01,148.29700000,146.69700000,147.48000,1190.00
1706606100,0.00,20261001,0,1660,1,0.01,186.80900000,187.50900000,147.58700,0.00
1706652000,-592.00,20261001,1,1660,0,0.01,187.40100000,187.50900000,147.58700,-592.00
1706742000,0.00,20260605,0,1662,1,0.01,1.08064000,1.08314000,146.85800,0.00
1706778900,0.00,20261001,0,1663,1,0.01,185.86000000,186.46800000,146.40900,0.00
1706792539,-786.00,20260774,1,1637,1,0.01,1.26288000,1.26288000,146.40900,-786.00
1706798729,-609.00,20261001,1,1663,0,0.01,186.46900000,186.46800000,146.40900,-609.00
1706808580,-355.00,20260605,1,1662,0,0.01,1.08314000,1.08314000,146.40900,-355.00
1706866200,0.00,20261001,0,1667,0,0.01,186.83700000,186.26500000,148.37500,0.00
1706878800,0.00,20260605,0,1668,0,0.01,1.08848000,1.08598000,148.37500,0.00
1706887816,-371.00,20260605,1,1668,1,0.01,1.08598000,1.08598000,148.37500,-371.00
1706889600,0.00,20260605,0,1670,1,0.01,1.08070000,1.08320000,148.37500,0.00
1706889600,0.00,20260774,0,1671,1,0.01,1.26711000,1.27211000,148.37500,0.00
1706911200,625.00,20261001,1,1667,1,0.01,187.46200000,186.26500000,148.37500,625.00
1707144877,1627.00,20260774,1,1671,0,0.01,1.25610000,1.27211000,148.66400,1627.00
1707297300,0.00,20261001,0,1674,0,0.01,186.63300000,186.17400000,148.17000,0.00
1707321600,0.00,20260622,0,1675,0,0.02,148.18600000,147.49300000,148.17000,0.00
1707343200,434.00,20261001,1,1674,1,0.01,187.06700000,186.17400000,148.17000,434.00
1707387300,0.00,20261001,0,1677,0,0.01,187.99300000,186.86700000,149.30600,0.00
1707429600,460.00,20261001,1,1677,1,0.01,188.45300000,186.86700000,149.30600,460.00
1707472800,0.00,20261001,0,1679,0,0.01,188.73400000,188.19200000,149.25500,0.00
1707474125,2892.00,20260622,1,1675,1,0.02,149.57200000,147.49300000,149.25500,2892.00
1707516000,-127.00,20261001,1,1679,1,0.01,188.60700000,188.19200000,149.25500,-127.00
1707768000,0.00,20260622,0,1682,0,0.02,149.25800000,148.65500000,149.32800,0.00
1707768000,0.00,20260627,0,1683,0,0.02,188.65800000,187.90300000,149.32800,0.00
1707839263,2476.00,20260622,1,1682,1,0.02,150.46600000,148.65500000,150.77000,2476.00
1707840000,0.00,20260622,0,1685,0,0.02,150.43600000,149.78200000,150.77000,0.00
1707840040,1703.00,20260605,1,1670,0,0.01,1.07013000,1.08320000,150.77000,1703.00
1707902100,0.00,20261001,0,1687,1,0.01,189.06100000,189.87000000,150.52600,0.00
1707948000,-64.00,20261001,1,1687,0,0.01,189.12500000,189.87000000,150.52600,-64.00
1707988500,0.00,20261001,0,1689,1,0.01,188.58800000,189.22100000,149.89600,0.00
1707997500,0.00,20261000,0,1690,1,0.01,149.96200000,150.56400000,149.89600,0.00
1708011028,-1188.00,20260622,1,1685,1,0.02,149.78200000,149.78200000,149.89600,-1188.00
1708034400,3.00,20261000,1,1690,0,0.01,149.95900000,150.56400000,149.89600,3.00
1708034400,-302.00,20261001,1,1689,0,0.01,188.89000000,189.22100000,149.89600,-302.00
1708045200,0.00,20260605,0,1694,0,0.01,1.07732000,1.07482000,150.18500,0.00
1708097439,-376.00,20260605,1,1694,1,0.01,1.07481000,1.07482000,150.18500,-376.00
1708106400,0.00,20260605,0,1696,0,0.01,1.07714000,1.07464000,150.18500,0.00
1708420500,0.00,20261001,0,1697,0,0.01,189.37200000,188.93900000,149.99200,0.00
1708466400,-66.00,20261001,1,1697,1,0.01,189.30600000,188.93900000,149.99200,-66.00
1708509600,0.00,20261001,0,1699,0,0.01,189.64700000,189.18100000,150.28300,0.00
1708513781,-467.00,20261001,1,1699,1,0.01,189.18000000,189.18100000,150.28300,-467.00
1708596000,0.00,20261001,0,1701,0,0.01,190.28600000,189.83400000,150.51400,0.00
1708596926,1467.00,20260605,1,1696,1,0.01,1.08764000,1.07464000,150.51400,1467.00
1708603200,0.00,20260774,0,1703,0,0.01,1.26761000,1.26261000,150.51400,0.00
1708617365,-751.00,20260774,1,1703,1,0.01,1.26260000,1.26261000,150.51400,-751.00
1708617600,0.00,20260774,0,1705,1,0.01,1.26281000,1.26781000,150.51400,0.00
1708639200,291.00,20261001,1,1701,1,0.01,190.57700000,189.83400000,150.51400,291.00
1708683300,0.00,20261001,0,1707,0,0.01,190.81400000,190.39200000,150.46000,0.00
1708687800,0.00,20261000,0,1708,0,0.01,150.75800000,150.37200000,150.46000,0.00
1708693888,-761.00,20260774,1,1705,0,0.01,1.26782000,1.26781000,150.46000,-761.00
1708700980,-388.00,20261000,1,1708,1,0.01,150.37000000,150.37200000,150.46000,-388.00
1708725600,-118.00,20261001,1,1707,1,0.01,190.69600000,190.39200000,150.46000,-118.00
1708945200,0.00,20261001,0,1712,0,0.06,190.80700000,190.33100000,150.68600,0.00
1708947900,0.00,20261000,0,1713,0,0.02,150.65300000,150.29100000,150.68600,0.00
1708984800,218.00,20261000,1,1713,1,0.02,150.76200000,150.29100000,150.68600,218.00
1708984800,1932.00,20261001,1,1712,1,0.06,191.12900000,190.33100000,150.68600,1932.00
1709028900,0.00,20261000,0,1716,1,0.01,150.31800000,150.70200000,150.49500,0.00
1709029800,0.00,20261001,0,1717,1,0.01,190.66700000,191.15400000,150.49500,0.00
1709071200,-216.00,20261000,1,1716,0,0.01,150.53400000,150.70200000,150.49500,-216.00
1709071200,-210.00,20261001,1,1717,0,0.01,190.87700000,191.15400000,150.49500,-210.00
1709116200,0.00,20261000,0,1720,0,0.01,150.77700000,150.36700000,150.67900,0.00
1709116200,0.00,20261001,0,1721,1,0.01,190.53200000,190.93200000,150.67900,0.00
1709147134,-400.00,20261001,1,1721,0,0.01,190.93200000,190.93200000,150.67900,-400.00
1709157600,-80.00,20261000,1,1720,1,0.01,150.69700000,150.36700000,150.67900,-80.00
1709286300,0.00,20261001,0,1724,0,0.01,190.04200000,189.08800000,150.06700,0.00
1709288100,0.00,20261000,0,1725,0,0.01,150.57700000,149.91000000,150.06700,0.00
1709330400,-466.00,20261000,1,1725,1,0.01,150.11100000,149.91000000,150.06700,-466.00
1709330400,36.00,20261001,1,1724,1,0.01,190.07800000,189.08800000,150.06700,36.00
1709543700,0.00,20261001,0,1728,0,0.01,190.47700000,189.67100000,150.51300,0.00
1709582400,0.00,20260774,0,1729,0,0.01,1.26966000,1.26466000,150.51300,0.00
1709589600,581.00,20261001,1,1728,1,0.01,191.05800000,189.67100000,150.51300,581.00
1709631900,0.00,20261001,0,1731,1,0.01,190.66500000,191.04400000,150.03100,0.00
1709663561,-380.00,20261001,1,1731,0,0.01,191.04500000,191.04400000,150.03100,-380.00
1709679600,0.00,20260605,0,1733,0,0.01,1.08588000,1.08338000,150.03100,0.00
1709716500,0.00,20261000,0,1734,1,0.01,149.48000000,150.08300000,149.34500,0.00
1709716500,0.00,20261001,0,1735,1,0.01,189.99500000,190.65700000,149.34500,0.00
1709723006,-663.00,20261001,1,1735,0,0.01,190.65800000,190.65700000,149.34500,-663.00
1709762400,129.00,20261000,1,1734,0,0.01,149.35100000,150.08300000,149.34500,129.00
1709827200,0.00,20260629,0,1738,0,0.01,1.08726000,0.00000000,148.03200,0.00
1709827200,0.00,20260629,0,1739,1,0.01,1.27514000,0.00000000,148.03200,0.00
1709844496,1630.00,20260774,1,1729,1,0.01,1.28067000,1.26466000,148.03200,1630.00
1709897400,0.00,20261000,0,1741,1,0.01,147.40900000,148.12000000,147.03200,0.00
1709897400,0.00,20261001,0,1742,1,0.01,189.02400000,189.71500000,147.03200,0.00
1709899200,0.00,20260610,0,1743,1,0.01,147.13200000,147.63200000,147.03200,0.00
1709911865,1459.00,20260605,1,1733,1,0.01,1.09639000,1.08338000,147.03200,1459.00
1709935200,359.00,20261000,1,1741,0,0.01,147.05000000,148.12000000,147.03200,359.00
1709935200,-38.00,20261001,1,1742,0,0.01,189.06200000,189.71500000,147.03200,-38.00
1710157500,0.00,20261001,0,1747,1,0.01,188.43100000,189.16700000,146.92900,0.00
1710194400,234.00,20261001,1,1747,0,0.01,188.19700000,189.16700000,146.92900,234.00
1710257421,-653.00,20260610,1,1743,0,0.01,147.63500000,147.63200000,147.64500,-653.00
1710259200,0.00,20260610,0,1750,1,0.01,147.64900000,148.14900000,147.64500,0.00
1710323100,0.00,20261001,0,1751,0,0.06,188.98100000,188.40800000,147.74700,0.00
1710330300,0.00,20261000,0,1752,0,0.02,147.76400000,147.23100000,147.74700,0.00
1710367200,4.00,20261000,1,1752,1,0.02,147.76600000,147.23100000,147.74700,4.00
1710367200,438.00,20261001,1,1751,1,0.06,189.05400000,188.40800000,147.74700,438.00
1710411300,0.00,20261001,0,1755,0,0.01,189.29400000,188.75400000,148.30600,0.00
1710433241,-541.00,20261001,1,1755,1,0.01,188.75300000,188.75400000,148.30600,-541.00
1710434922,-650.00,20260610,1,1750,0,0.01,148.14900000,148.14900000,148.30600,-650.00
1710496800,0.00,20261001,0,1758,1,0.01,188.82000000,189.27200000,148.98100,0.00
1710500417,-452.00,20261001,1,1758,0,0.01,189.27200000,189.27200000,148.98100,-452.00
1710501300,0.00,20261001,0,1760,0,0.06,189.34600000,188.84300000,148.98100,0.00
1710540000,3072.00,20261001,1,1760,1,0.06,189.85800000,188.84300000,148.98100,3072.00
1710734400,0.00,20260610,0,1762,0,0.01,149.28100000,148.78100000,149.14200,0.00
1710745200,322.00,20260629,1,1739,0,0.01,1.27271000,0.00000000,149.14200,322.00
1710745200,-1.00,20260629,1,1738,1,0.01,1.08852000,0.00000000,149.14200,-1.00
1710820800,0.00,20260605,0,1765,1,0.01,1.08692000,1.08942000,150.83800,0.00
1710836682,1131.00,20260610,1,1762,1,0.01,150.38200000,148.78100000,150.83800,1131.00
1710875140,7472.00,20260627,1,1683,1,0.02,191.67900000,187.90300000,150.83800,7472.00
1710921600,0.00,20260774,0,1768,0,0.01,1.27192000,1.26692000,151.24100,0.00
1710926100,0.00,20261001,0,1769,0,0.01,192.79100000,191.78800000,151.24100,0.00
1710968741,-360.00,20260605,1,1765,0,0.01,1.08942000,1.08942000,151.24100,-360.00
1710972000,-101.00,20261001,1,1769,1,0.01,192.69000000,191.78800000,151.24100,-101.00
1711033200,0.00,20260605,0,1772,0,0.01,1.09101000,1.08851000,151.60400,0.00
1711040044,-376.00,20260605,1,1772,1,0.01,1.08851000,1.08851000,151.60400,-376.00
1711040400,0.00,20260605,0,1774,1,0.01,1.08853000,1.09103000,151.60400,0.00
1711045152,-757.00,20260774,1,1768,1,0.01,1.26692000,1.26692000,151.60400,-757.00
1711051200,0.00,20260774,0,1776,1,0.01,1.26640000,1.27140000,151.60400,0.00
1711099800,0.00,20261001,0,1777,1,0.01,191.33000000,192.23600000,151.35100,0.00
1711116000,0.00,20260629,0,1778,1,0.01,1.08162000,0.00000000,151.35100,0.00
1711116000,0.00,20260629,0,1779,0,0.01,1.25838000,0.00000000,151.35100,0.00
1711144800,620.00,20261001,1,1777,0,0.01,190.71000000,192.23600000,151.35100,620.00
1711366200,0.00,20261001,0,1781,0,0.01,190.86200000,190.33600000,151.39900,0.00
1711404000,565.00,20261001,1,1781,1,0.01,191.42700000,190.33600000,151.39900,565.00
1711628159,1659.00,20260605,1,1774,0,0.01,1.07803000,1.09103000,151.36600,1659.00
1711688400,580.00,20260629,1,1779,1,0.01,1.26240000,0.00000000,151.33600,580.00
1711688400,679.00,20260629,1,1778,0,0.01,1.07764000,0.00000000,151.33600,679.00
1711995689,1612.00,20260774,1,1776,0,0.01,1.25540000,1.27140000,151.63100,1612.00
1712052900,0.00,20261001,0,1787,0,0.06,190.48800000,190.03400000,151.54300,0.00
1712095200,312.00,20261001,1,1787,1,0.06,190.54000000,190.03400000,151.54300,312.00
1712206800,0.00,20260605,0,1789,0,0.01,1.08412000,1.08162000,151.32800,0.00
1712317500,0.00,20261001,0,1790,0,0.06,191.37000000,190.67200000,151.59700,0.00
1712331029,-403.00,20260605,1,1789,1,0.01,1.08162000,1.08162000,151.59700,-403.00
1712336400,0.00,20260605,0,1792,1,0.01,1.08009000,1.08259000,151.59700,0.00
1712338919,-377.00,20260605,1,1792,0,0.01,1.08260000,1.08259000,151.59700,-377.00
1712340000,0.00,20260605,0,1794,0,0.01,1.08190000,1.07940000,151.59700,0.00
1712354400,618.00,20261001,1,1790,1,0.06,191.47300000,190.67200000,151.59700,618.00
1712574900,0.00,20261001,0,1796,0,0.01,191.83600000,191.27400000,151.78100,0.00
1712575800,0.00,20261000,0,1797,0,0.01,151.89900000,151.53000000,151.78100,0.00
1712613600,-129.00,20261000,1,1797,1,0.01,151.77000000,151.53000000,151.78100,-129.00
1712613600,265.00,20261001,1,1796,1,0.01,192.10100000,191.27400000,151.78100,265.00
1712654100,0.00,20261001,0,1800,0,0.01,192.30900000,191.90400000,151.73500,0.00
1712678400,0.00,20260774,0,1801,0,0.01,1.26972000,1.26472000,151.73500,0.00
1712700000,-52.00,20261001,1,1800,1,0.01,192.25700000,191.90400000,151.73500,-52.00
1712763037,-767.00,20260774,1,1801,1,0.01,1.26470000,1.26472000,153.13100,-767.00
1712763201,-474.00,20260605,1,1794,1,0.01,1.07931000,1.07940000,153.13100,-474.00
1712786400,0.00,20260605,0,1805,1,0.01,1.07361000,1.07611000,153.13100,0.00
1712830500,0.00,20261001,0,1806,0,0.06,192.19200000,191.55700000,153.25700,0.00
1712835000,0.00,20261000,0,1807,0,0.02,153.21700000,152.75700000,153.25700,0.00
1712872800,52.00,20261000,1,1807,1,0.02,153.24300000,152.75700000,153.25700,52.00
1712872800,1044.00,20261001,1,1806,1,0.06,192.36600000,191.55700000,153.25700,1044.00
1712915100,0.00,20261001,0,1810,1,0.01,191.87400000,192.40100000,153.12800,0.00
1712936224,1055.00,20261001,1,1810,0,0.01,190.81900000,192.40100000,153.12800,1055.00
1712941839,1641.00,20260605,1,1805,0,0.01,1.06311000,1.07611000,153.12800,1641.00
1713260700,0.00,20261000,0,1813,0,0.01,154.56200000,154.13000000,154.68500,0.00
1713285567,-433.00,20261000,1,1813,1,0.01,154.12900000,154.13000000,154.68500,-433.00
1713441600,0.00,20260622,0,1815,0,0.02,154.35700000,153.75200000,154.63100,0.00
1713503919,-1152.00,20260622,1,1815,1,0.02,153.75100000,153.75200000,154.56700,-1152.00
1713553200,0.00,20260629,0,1817,1,0.01,1.06547000,0.00000000,154.56700,0.00
1713553200,0.00,20260629,0,1818,0,0.01,1.23974000,0.00000000,154.56700,0.00
1713988800,0.00,20260605,0,1819,0,0.01,1.06910000,1.06660000,155.33000,0.00
1714036500,0.00,20261001,0,1820,0,0.01,194.21900000,193.16500000,155.64100,0.00
1714082400,426.00,20261001,1,1820,1,0.01,194.64500000,193.16500000,155.64100,426.00
1714124700,0.00,20261001,0,1822,0,0.01,195.42600000,194.34600000,158.29100,0.00
1714129300,-1080.00,20261001,1,1822,1,0.01,194.34600000,194.34600000,158.29100,-1080.00
1714132800,0.00,20260622,0,1824,0,0.01,156.56100000,155.74200000,158.29100,0.00
1714174408,1638.00,20260622,1,1824,1,0.01,158.19900000,155.74200000,158.29100,1638.00
1714359600,1739.00,20260629,1,1818,1,0.01,1.25092000,0.00000000,156.32200,1739.00
1714359600,-735.00,20260629,1,1817,0,0.01,1.07073000,0.00000000,156.32200,-735.00
1714514400,-320.00,20260605,1,1819,1,0.01,1.06780000,1.06660000,157.78500,-320.00
1714514400,0.00,20260605,0,1829,1,0.01,1.06780000,1.07030000,157.78500,0.00
1714599280,-378.00,20260605,1,1829,0,0.01,1.07030000,1.07030000,154.58600,-378.00
1714604400,0.00,20260605,0,1831,1,0.01,1.06893000,1.07143000,154.58600,0.00
1714606056,-397.00,20260605,1,1831,0,0.01,1.07144000,1.07143000,154.58600,-397.00
1714990500,0.00,20261001,0,1833,0,0.01,193.22000000,191.60300000,153.86300,0.00
1715032800,211.00,20261001,1,1833,1,0.01,193.43100000,191.60300000,153.86300,211.00
1715673600,0.00,20260622,0,1835,0,0.02,156.41300000,155.85800000,156.40200,0.00
1715772375,-1050.00,20260622,1,1835,1,0.02,155.85800000,155.85800000,154.85800,-1050.00
1716264000,0.00,20260627,0,1837,0,0.01,198.81400000,197.95800000,156.13300,0.00
1716393600,0.00,20260622,0,1838,0,0.02,156.54900000,155.95200000,156.76500,0.00
1716462900,0.00,20261001,0,1839,0,0.01,199.64100000,199.18400000,156.88600,0.00
1716466598,-457.00,20261001,1,1839,1,0.01,199.18400000,199.18400000,156.88600,-457.00
1716551100,0.00,20261001,0,1841,0,0.01,199.46900000,198.97700000,156.90100,0.00
1716588000,445.00,20261001,1,1841,1,0.01,199.91400000,198.97700000,156.90100,445.00
1716805800,0.00,20261001,0,1843,0,0.06,200.00800000,199.60700000,156.82800,0.00
1716847200,1728.00,20261001,1,1843,1,0.06,200.29600000,199.60700000,156.82800,1728.00
1716894000,0.00,20260605,0,1845,0,0.01,1.08777000,1.08527000,157.15800,0.00
1716949390,-421.00,20260605,1,1845,1,0.01,1.08527000,1.08527000,157.61700,-421.00
1716951600,0.00,20260605,0,1847,1,0.01,1.08510000,1.08760000,157.61700,0.00
1717062300,0.00,20261000,0,1848,1,0.01,156.72600000,157.66500000,156.76600,0.00
1717106400,-106.00,20261000,1,1848,0,0.01,156.83200000,157.66500000,156.76600,-106.00
1717153200,0.00,20261000,0,1850,0,0.01,157.14500000,156.57100000,157.28100,0.00
1717155000,0.00,20261001,0,1851,0,0.06,199.92100000,199.23600000,157.28100,0.00
1717170220,-359.00,20260605,1,1847,0,0.01,1.08760000,1.08760000,157.28100,-359.00
1717176303,-574.00,20261000,1,1850,1,0.01,156.57100000,156.57100000,157.28100,-574.00
1717178400,0.00,20260605,0,1854,0,0.01,1.08560000,1.08310000,157.28100,0.00
1717192800,1746.00,20261001,1,1851,1,0.06,200.21200000,199.23600000,157.28100,1746.00
1717412400,-289.00,20260605,1,1854,1,0.01,1.08394000,1.08310000,156.02400,-289.00
1717412400,0.00,20260605,0,1857,1,0.01,1.08394000,1.08644000,156.02400,0.00
1717412400,0.00,20261001,0,1858,1,0.06,199.78400000,200.64800000,156.02400,0.00
1717434017,-407.00,20260605,1,1857,0,0.01,1.08654000,1.08644000,156.02400,-407.00
1717440973,-714.00,20260622,1,1838,1,0.02,155.95200000,155.95200000,156.02400,-714.00
1717452000,-858.00,20261001,1,1858,0,0.06,199.92700000,200.64800000,156.02400,-858.00
1717492500,0.00,20261001,0,1862,1,0.06,199.53400000,200.41500000,154.84600,0.00
1717496100,0.00,20261000,0,1863,1,0.02,155.65500000,156.48500000,154.84600,0.00
1717503639,-576.00,20260627,1,1837,1,0.01,197.95800000,197.95800000,154.84600,-576.00
1717506578,10572.00,20261001,1,1862,0,0.06,197.77200000,200.41500000,154.84600,10572.00
1717538400,1888.00,20261000,1,1863,0,0.02,154.71100000,156.48500000,154.84600,1888.00
1717666200,0.00,20261001,0,1867,0,0.06,199.68900000,198.96200000,155.58400,0.00
1717670700,0.00,20261000,0,1868,0,0.02,156.21700000,155.35800000,155.58400,0.00
1717711200,-1086.00,20261000,1,1868,1,0.02,155.67400000,155.35800000,155.58400,-1086.00
1717711200,-3090.00,20261001,1,1867,1,0.06,199.17400000,198.96200000,155.58400,-3090.00
1717751700,0.00,20261000,0,1871,1,0.01,155.31800000,155.93600000,156.70400,0.00
1717751700,0.00,20261001,0,1872,1,0.01,198.56000000,199.37000000,156.70400,0.00
1717774230,-621.00,20261000,1,1871,0,0.01,155.93900000,155.93600000,156.70400,-621.00
1717774241,-813.00,20261001,1,1872,0,0.01,199.37300000,199.37000000,156.70400,-813.00
1717776000,0.00,20260610,0,1875,0,0.01,156.78000000,156.28000000,156.70400,0.00
1717779600,0.00,20260605,0,1876,1,0.01,1.08195000,1.08445000,156.70400,0.00
1717981200,0.00,20260629,0,1877,0,0.01,1.07737000,0.00000000,156.99300,0.00
1717981200,0.00,20260629,0,1878,1,0.01,1.27170000,0.00000000,156.99300,0.00
1718106300,0.00,20261001,0,1879,0,0.01,200.36900000,199.71400000,157.08000,0.00
1718125477,-655.00,20261001,1,1879,1,0.01,199.71400000,199.71400000,157.08000,-655.00
1718183700,0.00,20261001,0,1881,0,0.01,200.46600000,199.91800000,156.69800,0.00
1718207138,-410.00,20260610,1,1875,1,0.01,156.28000000,156.28000000,156.69800,-410.00
1718213284,-343.00,20260605,1,1876,0,0.01,1.08445000,1.08445000,156.69800,-343.00
1718229600,164.00,20261001,1,1881,1,0.01,200.63000000,199.91800000,156.69800,164.00
1718270100,0.00,20261001,0,1885,0,0.01,200.84800000,200.31800000,156.96700,0.00
1718301639,-531.00,20261001,1,1885,1,0.01,200.31700000,200.31800000,156.96700,-531.00
1718308800,0.00,20260610,0,1887,0,0.01,156.85000000,156.35000000,156.96700,0.00
1718347110,1130.00,20260610,1,1887,1,0.01,157.95000000,156.35000000,157.30600,1130.00
1718615700,0.00,20261001,0,1889,1,0.06,199.24300000,199.90200000,157.71300,0.00
1718623865,-3954.00,20261001,1,1889,0,0.06,199.90200000,199.90200000,157.71300,-3954.00
1718704800,0.00,20261001,0,1891,0,0.01,200.64200000,200.02500000,157.84200,0.00
1718724615,-617.00,20261001,1,1891,1,0.01,200.02500000,200.02500000,157.84200,-617.00
1718870400,0.00,20260627,0,1893,0,0.01,201.06300000,200.26900000,158.92500,0.00
1718880300,0.00,20261001,0,1894,0,0.06,201.17100000,200.64500000,158.92500,0.00
1718882100,0.00,20261000,0,1895,0,0.01,158.38700000,157.80600000,158.92500,0.00
1718899200,562.00,20260629,1,1878,0,0.01,1.26785000,0.00000000,158.92500,562.00
1718899200,-1095.00,20260629,1,1877,1,0.01,1.07190000,0.00000000,158.92500,-1095.00
1718913600,0.00,20260622,0,1898,0,0.02,158.86200000,158.32300000,158.92500,0.00
1718920800,411.00,20261000,1,1895,1,0.01,158.79800000,157.80600000,158.92500,411.00
1718920800,198.00,20261001,1,1894,1,0.06,201.20400000,200.64500000,158.92500,198.00
1719227700,0.00,20261001,0,1901,0,0.01,202.21100000,201.70700000,159.52900,0.00
1719234389,-508.00,20261001,1,1901,1,0.01,201.70300000,201.70700000,159.52900,-508.00
1719401611,2400.00,20260622,1,1898,1,0.02,159.94200000,158.32300000,160.78500,2400.00
1719403200,0.00,20260622,0,1904,0,0.02,159.96000000,159.33500000,160.78500,0.00
1719493200,0.00,20260605,0,1905,1,0.01,1.06970000,1.07220000,160.73200,0.00
1719503646,-401.00,20260605,1,1905,0,0.01,1.07220000,1.07220000,160.73200,-401.00
1719504000,0.00,20260605,0,1907,0,0.01,1.07198000,1.06948000,160.73200,0.00
1719511200,-120.00,20260605,1,1907,1,0.01,1.07123000,1.06948000,160.73200,-120.00
1719511200,0.00,20260605,0,1909,1,0.01,1.07123000,1.07373000,160.73200,0.00
1719549026,2618.00,20260622,1,1904,1,0.02,161.20900000,159.33500000,160.82100,2618.00
1719792300,-538.00,20260605,1,1909,0,0.01,1.07478000,1.07373000,161.43100,-538.00
1719806400,0.00,20260622,0,1912,0,0.02,160.99400000,160.23500000,161.43100,0.00
1719825300,0.00,20261001,0,1913,0,0.01,204.09800000,203.07400000,161.43100,0.00
1719826324,3371.00,20260627,1,1893,1,0.01,204.23800000,200.26900000,161.43100,3371.00
1719835200,0.00,20260627,0,1915,0,0.01,204.06700000,203.20300000,161.43100,0.00
1719871200,75.00,20261001,1,1913,1,0.01,204.17300000,203.07400000,161.43100,75.00
1719936000,0.00,20260605,0,1917,0,0.01,1.07320000,1.07070000,161.40500,0.00
1719936000,0.00,20260774,0,1918,1,0.01,1.26641000,1.27141000,161.40500,0.00
1719999000,0.00,20261001,0,1919,0,0.01,205.32000000,204.56200000,161.65100,0.00
1720019922,-828.00,20260774,1,1918,0,0.01,1.27149000,1.27141000,161.65100,-828.00
1720022400,0.00,20260774,0,1921,0,0.01,1.27190000,1.26690000,161.65100,0.00
1720044000,568.00,20261001,1,1919,1,0.01,205.88800000,204.56200000,161.65100,568.00
1720193442,1597.00,20260605,1,1917,1,0.01,1.08370000,1.07070000,160.71700,1597.00
1720433700,0.00,20261001,0,1924,0,0.01,206.03900000,205.29000000,160.80000,0.00
1720435500,0.00,20261000,0,1925,0,0.02,160.92200000,160.25800000,160.80000,0.00
1720445538,1755.00,20260774,1,1921,1,0.01,1.28290000,1.26690000,160.80000,1755.00
1720476000,-272.00,20261000,1,1925,1,0.02,160.78600000,160.25800000,160.80000,-272.00
1720476000,-42.00,20261001,1,1924,1,0.01,205.99700000,205.29000000,160.80000,-42.00
1720610100,0.00,20261001,0,1929,0,0.01,206.67800000,206.01600000,161.66700,0.00
1720634981,3652.00,20260627,1,1915,1,0.01,207.52300000,203.20300000,161.66700,3652.00
1720641600,0.00,20260627,0,1931,0,0.02,207.71800000,206.96900000,161.66700,0.00
1720648800,1133.00,20261001,1,1929,1,0.01,207.81100000,206.01600000,161.66700,1133.00
1720689300,0.00,20261001,0,1933,0,0.01,208.02800000,207.55600000,158.76100,0.00
1720711804,-475.00,20261001,1,1933,1,0.01,207.55300000,207.55600000,158.76100,-475.00
1720712535,-1044.00,20260622,1,1912,1,0.02,160.23200000,160.23500000,158.76100,-1044.00
1720712550,-1453.00,20260627,1,1931,1,0.02,206.96400000,206.96900000,158.76100,-1453.00
1721211300,0.00,20261000,0,1937,1,0.01,157.57400000,158.62200000,156.15700,0.00
1721212200,0.00,20261001,0,1938,1,0.01,204.42800000,205.68400000,156.15700,0.00
1721232000,0.00,20260610,0,1939,1,0.01,156.56200000,157.06200000,156.15700,0.00
1721253600,1466.00,20261000,1,1937,0,0.01,156.10800000,158.62200000,156.15700,1466.00
1721253600,1394.00,20261001,1,1938,0,0.01,203.03400000,205.68400000,156.15700,1394.00
1721270309,1035.00,20260610,1,1939,0,0.01,155.45200000,157.06200000,157.35900,1035.00
1721384100,0.00,20261001,0,1943,1,0.06,203.27500000,204.22500000,157.38700,0.00
1721426400,-264.00,20261001,1,1943,0,0.06,203.31900000,204.22500000,157.38700,-264.00
1721639700,0.00,20261000,0,1945,1,0.01,156.67500000,157.61200000,157.00100,0.00
1721639700,0.00,20261001,0,1946,1,0.01,202.34900000,203.60800000,157.00100,0.00
1721685600,-397.00,20261000,1,1945,0,0.01,157.07200000,157.61200000,157.00100,-397.00
1721685600,-661.00,20261001,1,1946,0,0.01,203.01000000,203.60800000,157.00100,-661.00
1721731500,0.00,20261001,0,1949,1,0.01,201.88000000,203.15400000,155.54100,0.00
1721732400,0.00,20261000,0,1950,1,0.01,156.03900000,157.09900000,155.54100,0.00
1721772000,409.00,20261000,1,1950,0,0.01,155.63000000,157.09900000,155.54100,409.00
1721772000,1054.00,20261001,1,1949,0,0.01,200.82600000,203.15400000,155.54100,1054.00
1721790000,0.00,20260605,0,1953,1,0.01,1.08494000,1.08744000,153.84700,0.00
1721880000,0.00,20260610,0,1954,1,0.01,153.24300000,153.74300000,153.92700,0.00
1721904280,1101.00,20260610,1,1954,0,0.01,152.14200000,153.74300000,153.92700,1101.00
1721908800,0.00,20260610,0,1956,1,0.01,152.70500000,153.20500000,153.92700,0.00
1721921439,-500.00,20260610,1,1956,0,0.01,153.20500000,153.20500000,153.92700,-500.00
1721923200,0.00,20260610,0,1958,1,0.01,153.51400000,154.01400000,153.92700,0.00
1721923590,-501.00,20260610,1,1958,0,0.01,154.01500000,154.01400000,153.92700,-501.00
1721937600,0.00,20260610,0,1960,1,0.01,154.02200000,154.52200000,153.92700,0.00
1721993400,0.00,20261001,0,1961,0,0.06,198.45300000,197.17200000,153.72100,0.00
1721994300,0.00,20261000,0,1962,0,0.02,154.37000000,153.33800000,153.72100,0.00
1722001823,-575.00,20260610,1,1960,0,0.01,154.52200000,154.52200000,153.72100,-575.00
1722014368,-2068.00,20261000,1,1962,1,0.02,153.33600000,153.33800000,153.72100,-2068.00
1722014368,-7698.00,20261001,1,1961,1,0.06,197.17000000,197.17200000,153.72100,-7698.00
1722248100,0.00,20261001,0,1966,1,0.01,197.16100000,198.60800000,154.00700,0.00
1722290400,-941.00,20261001,1,1966,0,0.01,198.10200000,198.60800000,154.00700,-941.00
1722331800,0.00,20261001,0,1968,0,0.01,199.08400000,197.48900000,152.66700,0.00
1722332700,0.00,20261000,0,1969,0,0.01,155.14900000,153.61500000,152.66700,0.00
1722362680,-1599.00,20261001,1,1968,1,0.01,197.48500000,197.48900000,152.66700,-1599.00
1722366997,-1535.00,20261000,1,1969,1,0.01,153.61400000,153.61500000,152.66700,-1535.00
1722474000,37013.00,20260650,1,1264,1,0.03,98.03900000,0.00000000,149.33700,37013.00
1722592800,0.00,20261001,0,1973,1,0.01,189.42400000,190.51000000,146.44800,0.00
1722613713,-272.00,20260605,1,1953,0,0.01,1.08744000,1.08744000,146.44800,-272.00
1722636000,1828.00,20261001,1,1973,0,0.01,187.59600000,190.51000000,146.44800,1828.00
1722859200,0.00,20260774,0,1976,1,0.01,1.27620000,1.28120000,144.16500,0.00
1723455000,0.00,20261001,0,1977,0,0.01,188.13600000,186.80300000,147.18000,0.00
1723500000,-52.00,20261001,1,1977,1,0.01,188.08400000,186.80300000,147.18000,-52.00
1723540500,0.00,20261001,0,1979,0,0.01,188.99500000,187.57900000,146.82100,0.00
1723546655,-806.00,20260774,1,1976,0,0.01,1.28121000,1.28120000,146.82100,-806.00
1723586400,-254.00,20261001,1,1979,1,0.01,188.74100000,187.57900000,146.82100,-254.00
1724058900,0.00,20261001,0,1982,1,0.01,188.49100000,191.62300000,146.54200,0.00
1724104800,-2050.00,20261001,1,1982,0,0.01,190.54100000,191.62300000,146.54200,-2050.00
1724169600,0.00,20260622,0,1984,1,0.01,146.16800000,147.77300000,145.24200,0.00
1724231700,0.00,20261001,0,1985,0,0.01,189.99900000,188.92500000,145.11700,0.00
1724237100,0.00,20261000,0,1986,0,0.01,146.09800000,144.92600000,145.11700,0.00
1724274030,-1172.00,20261000,1,1986,1,0.01,144.92600000,144.92600000,145.11700,-1172.00
1724277600,-301.00,20261001,1,1985,1,0.01,189.69800000,188.92500000,145.11700,-301.00
1724753700,0.00,20261001,0,1989,0,0.01,191.42000000,190.23300000,143.91900,0.00
1724796000,-469.00,20261001,1,1989,1,0.01,190.95100000,190.23300000,143.91900,-469.00
1724928300,0.00,20261001,0,1991,0,0.01,191.39900000,190.24200000,144.97200,0.00
1724968800,-714.00,20261001,1,1991,1,0.01,190.68500000,190.24200000,144.97200,-714.00
1725022800,0.00,20260605,0,1993,1,0.01,1.10826000,1.11076000,146.13500,0.00
1725275700,0.00,20261001,0,1994,0,0.01,192.64100000,191.32500000,146.87400,0.00
1725276600,0.00,20261000,0,1995,0,0.01,146.78700000,145.77000000,146.87400,0.00
1725314400,115.00,20261000,1,1995,1,0.01,146.90200000,145.77000000,146.87400,115.00
1725314400,473.00,20261001,1,1994,1,0.01,193.11400000,191.32500000,146.87400,473.00
1725355800,0.00,20261001,0,1998,1,0.01,191.69400000,193.35800000,145.46000,0.00
1725361200,0.00,20261000,0,1999,1,0.01,145.94900000,147.20900000,145.46000,0.00
1725400800,139.00,20261000,1,1999,0,0.01,145.81000000,147.20900000,145.46000,139.00
1725400800,679.00,20261001,1,1998,0,0.01,191.01500000,193.35800000,145.46000,679.00
1725444000,0.00,20261001,0,2002,1,0.01,189.91000000,190.84400000,143.71900,0.00
1725487200,826.00,20261001,1,2002,0,0.01,189.08400000,190.84400000,143.71900,826.00
1725528600,0.00,20261001,0,2004,1,0.01,188.19200000,189.26200000,143.42000,0.00
1725546569,-300.00,20260605,1,1993,0,0.01,1.11077000,1.11076000,143.42000,-300.00
1725549629,2316.00,20260622,1,1984,0,0.01,142.95200000,147.77300000,143.42000,2316.00
1725556963,-1074.00,20261001,1,2004,0,0.01,189.26600000,189.26200000,143.42000,-1074.00
1725617700,0.00,20261000,0,2008,1,0.01,142.11900000,143.48000000,142.24900,0.00
1725617700,0.00,20261001,0,2009,1,0.01,187.40800000,189.04400000,142.24900,0.00
1725636602,-1362.00,20261000,1,2008,0,0.01,143.48100000,143.48000000,142.24900,-1362.00
1725636603,-1637.00,20261001,1,2009,0,0.01,189.04500000,189.04400000,142.24900,-1637.00
1725876900,0.00,20261000,0,2012,0,0.01,143.32000000,141.91500000,143.16000,0.00
1725912000,0.00,20260622,0,2013,1,0.01,142.87800000,144.60000000,143.16000,0.00
1725919200,-512.00,20261000,1,2012,1,0.01,142.80800000,141.91500000,143.16000,-512.00
1725961500,0.00,20261001,0,2015,0,0.06,187.76300000,186.77600000,142.42700,0.00
1725983081,-5922.00,20261001,1,2015,1,0.06,186.77600000,186.77600000,142.42700,-5922.00
1726137000,0.00,20261001,0,2017,0,0.01,186.58300000,185.41600000,141.79900,0.00
1726155014,-1167.00,20261001,1,2017,1,0.01,185.41600000,185.41600000,141.79900,-1167.00
1726189200,0.00,20260605,0,2019,0,0.01,1.10751000,1.10501000,140.78000,0.00
1726226100,0.00,20261001,0,2020,1,0.01,184.72400000,186.20100000,140.78000,0.00
1726264800,-193.00,20261001,1,2020,0,0.01,184.91700000,186.20100000,140.78000,-193.00
1726481700,0.00,20261001,0,2022,1,0.01,184.08400000,185.02900000,140.60000,0.00
1726482600,0.00,20261000,0,2023,1,0.01,139.72300000,140.89500000,140.60000,0.00
1726492361,-948.00,20261001,1,2022,0,0.01,185.03200000,185.02900000,140.60000,-948.00
1726512659,-1180.00,20261000,1,2023,0,0.01,140.90300000,140.89500000,140.60000,-1180.00
1726695141,1415.00,20260605,1,2019,1,0.01,1.11811000,1.10501000,142.25900,1415.00
1726722000,0.00,20260605,0,2027,0,0.01,1.10835000,1.10585000,142.61200,0.00
1726826400,0.00,20261001,0,2028,0,0.06,190.53600000,188.69400000,143.76200,0.00
1726829100,0.00,20261000,0,2029,0,0.02,143.43800000,141.94900000,143.76200,0.00
1726869600,864.00,20261000,1,2029,1,0.02,143.87000000,141.94900000,143.76200,864.00
1726869600,6402.00,20261001,1,2028,1,0.06,191.60300000,188.69400000,143.76200,6402.00
1727086500,0.00,20261001,0,2032,1,0.06,191.09800000,192.30200000,143.58100,0.00
1727110892,-7314.00,20261001,1,2032,0,0.06,192.31700000,192.30200000,143.58100,-7314.00
1727172000,0.00,20261000,0,2034,0,0.01,144.42700000,143.37700000,143.19700,0.00
1727172000,0.00,20261001,0,2035,0,0.01,192.83500000,191.33600000,143.19700,0.00
1727172281,-2547.00,20260622,1,2013,0,0.01,144.60000000,144.60000000,143.19700,-2547.00
1727212892,-1050.00,20261000,1,2034,1,0.01,143.37700000,143.37700000,143.19700,-1050.00
1727215200,-697.00,20261001,1,2035,1,0.01,192.13800000,191.33600000,143.19700,-697.00
1727229506,1401.00,20260605,1,2027,1,0.01,1.11885000,1.10585000,144.73900,1401.00
1727258400,0.00,20261000,0,2040,0,0.01,143.68200000,142.88600000,144.73900,0.00
1727261100,0.00,20261001,0,2041,0,0.01,192.59600000,191.75100000,144.73900,0.00
1727301600,996.00,20261000,1,2040,1,0.01,144.67800000,142.88600000,144.73900,996.00
1727301600,114.00,20261001,1,2041,1,0.01,192.71000000,191.75100000,144.73900,114.00
1727345700,0.00,20261001,0,2044,0,0.01,193.60900000,192.50600000,144.79900,0.00
1727388000,463.00,20261001,1,2044,1,0.01,194.07200000,192.50600000,144.79900,463.00
1727429400,0.00,20261001,0,2046,1,0.06,192.58500000,195.96600000,142.15500,0.00
1727467200,0.00,20260605,0,2047,0,0.01,1.11521000,1.11271000,142.15500,0.00
1727474400,13626.00,20261001,1,2046,0,0.06,190.31400000,195.96600000,142.15500,13626.00
1727730700,-388.00,20260605,1,2047,1,0.01,1.11271000,1.11271000,143.60900,-388.00
1727762400,0.00,20260605,0,2050,1,0.01,1.11389000,1.11639000,143.54400,0.00
1727781300,0.00,20261001,0,2051,1,0.06,191.74900000,193.23300000,143.54400,0.00
1727820000,5346.00,20261001,1,2051,0,0.06,190.85800000,193.23300000,143.54400,5346.00
1727865900,0.00,20261001,0,2053,0,0.01,191.59500000,190.41000000,146.44500,0.00
1727892099,1534.00,20260605,1,2050,0,0.01,1.10339000,1.11639000,146.44500,1534.00
1727893824,2371.00,20261001,1,2053,1,0.01,193.96600000,190.41000000,146.44500,2371.00
1727950500,0.00,20261001,0,2056,1,0.01,192.97300000,195.17100000,146.91300,0.00
1727953200,0.00,20260629,0,2057,1,0.01,1.10328000,0.00000000,146.91300,0.00
1727953200,0.00,20260629,0,2058,0,0.01,1.31548000,0.00000000,146.91300,0.00
1727956800,-563.00,20260629,1,2058,1,0.01,1.31159000,0.00000000,146.91300,-563.00
1727956800,-77.00,20260629,1,2057,0,0.01,1.10381000,0.00000000,146.91300,-77.00
1727960400,0.00,20260629,0,2061,1,0.01,1.10356000,0.00000000,146.91300,0.00
1727960400,0.00,20260629,0,2062,0,0.01,1.31170000,0.00000000,146.91300,0.00
1727964000,9.00,20260629,1,2062,1,0.01,1.31176000,0.00000000,146.91300,9.00
1727964000,-109.00,20260629,1,2061,0,0.01,1.10431000,0.00000000,146.91300,-109.00
1727967600,0.00,20260629,0,2065,1,0.01,1.10427000,0.00000000,146.91300,0.00
1727967600,0.00,20260629,0,2066,0,0.01,1.31136000,0.00000000,146.91300,0.00
1727992800,370.00,20261001,1,2056,0,0.01,192.60300000,195.17100000,146.91300,370.00
1728297900,0.00,20261001,0,2068,1,0.01,194.20600000,195.61400000,148.17000,0.00
1728338400,617.00,20261001,1,2068,0,0.01,193.58900000,195.61400000,148.17000,617.00
1728383400,0.00,20261001,0,2070,1,0.01,193.04500000,193.97700000,148.18500,0.00
1728400241,-938.00,20261001,1,2070,0,0.01,193.98300000,193.97700000,148.18500,-938.00
1728475200,0.00,20260774,0,2072,1,0.01,1.30773000,1.31273000,149.28400,0.00
1728964800,-728.00,20260629,1,2066,1,0.01,1.30655000,0.00000000,149.18500,-728.00
1728964800,2073.00,20260629,1,2065,0,0.01,1.09077000,0.00000000,149.18500,2073.00
1728986400,0.00,20261001,0,2075,1,0.01,194.82900000,195.72500000,149.18500,0.00
1729029600,-252.00,20261001,1,2075,0,0.01,195.08100000,195.72500000,149.18500,-252.00
1729506600,0.00,20261000,0,2077,0,0.02,149.78500000,149.08400000,150.81700,0.00
1729548000,1978.00,20261000,1,2077,1,0.02,150.77400000,149.08400000,150.81700,1978.00
1729593900,0.00,20261001,0,2079,0,0.01,196.45400000,195.42600000,151.03400,0.00
1729602065,1617.00,20260774,1,2072,0,0.01,1.29670000,1.31273000,151.03400,1617.00
1729613371,-1029.00,20261001,1,2079,1,0.01,195.42500000,195.42600000,151.03400,-1029.00
1729731600,0.00,20260650,0,2082,0,0.03,101.34900000,0.00000000,151.81400,0.00
1729768500,0.00,20261001,0,2083,0,0.06,197.45900000,196.64300000,151.81400,0.00
1729796945,-4902.00,20261001,1,2083,1,0.06,196.64200000,196.64300000,151.81400,-4902.00
1729828800,0.00,20260622,0,2085,0,0.01,152.00700000,150.98200000,152.25200,0.00
1729855800,0.00,20261001,0,2086,0,0.06,197.28000000,196.37900000,152.25200,0.00
1729893600,930.00,20261001,1,2086,1,0.06,197.43500000,196.37900000,152.25200,930.00
1730201400,0.00,20261001,0,2088,0,0.06,198.99600000,198.03600000,153.34200,0.00
1730239200,3132.00,20261001,1,2088,1,0.06,199.51800000,198.03600000,153.34200,3132.00
1730300400,0.00,20260605,0,2090,0,0.01,1.08246000,1.07996000,153.39300,0.00
1730304000,-167.00,20260605,1,2090,1,0.01,1.08137000,1.07996000,153.39300,-167.00
1730304000,0.00,20260605,0,2092,1,0.01,1.08137000,1.08387000,153.39300,0.00
1730307209,-382.00,20260605,1,2092,0,0.01,1.08387000,1.08387000,153.39300,-382.00
1730367900,0.00,20261000,0,2094,1,0.01,152.63200000,153.62100000,152.01700,0.00
1730367900,0.00,20261001,0,2095,1,0.01,197.81900000,198.90500000,152.01700,0.00
1730397600,0.00,20260629,0,2096,1,0.01,1.08653000,0.00000000,152.01700,0.00
1730397600,0.00,20260629,0,2097,0,0.01,1.28912000,0.00000000,152.01700,0.00
1730400621,2176.00,20261001,1,2095,0,0.01,195.64300000,198.90500000,152.01700,2176.00
1730401200,-548.00,20260629,1,2097,1,0.01,1.28552000,0.00000000,152.01700,-548.00
1730401200,146.00,20260629,1,2096,0,0.01,1.08557000,0.00000000,152.01700,146.00
1730404800,0.00,20260629,0,2101,1,0.01,1.08580000,0.00000000,152.01700,0.00
1730404800,0.00,20260629,0,2102,0,0.01,1.28642000,0.00000000,152.01700,0.00
1730412000,578.00,20261000,1,2094,0,0.01,152.05400000,153.62100000,152.01700,578.00
1730459700,0.00,20261001,0,2104,0,0.01,196.99000000,195.76500000,152.94100,0.00
1730498400,728.00,20261001,1,2104,1,0.01,197.71800000,195.76500000,152.94100,728.00
1730719800,0.00,20261001,0,2106,1,0.06,196.85600000,197.81400000,152.11600,0.00
1730757600,-1410.00,20261001,1,2106,0,0.06,197.09100000,197.81400000,152.11600,-1410.00
1730869172,2291.00,20260622,1,2085,1,0.01,154.05800000,150.98200000,154.61500,2291.00
1730883600,0.00,20260605,0,2109,1,0.01,1.07252000,1.07502000,154.61500,0.00
1730884805,-391.00,20260605,1,2109,0,0.01,1.07506000,1.07502000,154.61500,-391.00
1730952000,359.00,20260629,1,2102,1,0.01,1.28891000,0.00000000,152.91300,359.00
1730952000,2237.00,20260629,1,2101,0,0.01,1.07180000,0.00000000,152.91300,2237.00
1730970900,0.00,20261000,0,2113,1,0.01,153.76900000,154.71100000,152.91300,0.00
1731013200,0.00,20260605,0,2114,1,0.01,1.07969000,1.08219000,152.91300,0.00
1731016800,683.00,20261000,1,2113,0,0.01,153.08600000,154.71100000,152.91300,683.00
1731060900,0.00,20261001,0,2116,1,0.01,197.52900000,198.92300000,152.61200,0.00
1731063600,0.00,20261000,0,2117,1,0.01,152.34900000,153.36700000,152.61200,0.00
1731093099,1620.00,20260605,1,2114,0,0.01,1.06919000,1.08219000,152.61200,1620.00
1731103200,-329.00,20261000,1,2117,0,0.01,152.67800000,153.36700000,152.61200,-329.00
1731103200,384.00,20261001,1,2116,0,0.01,197.14500000,198.92300000,152.61200,384.00
1731297600,0.00,20260622,0,2121,0,0.01,153.22500000,152.04500000,153.70400,0.00
1731321000,0.00,20261000,0,2122,0,0.01,153.83500000,152.60100000,153.70400,0.00
1731362400,-67.00,20261000,1,2122,1,0.01,153.76800000,152.60100000,153.70400,-67.00
1731493800,0.00,20261001,0,2124,0,0.01,197.67400000,196.82200000,155.44700,0.00
1731514182,-852.00,20261001,1,2124,1,0.01,196.82200000,196.82200000,155.44700,-852.00
1731531552,2421.00,20260622,1,2121,1,0.01,155.58600000,152.04500000,155.44700,2421.00
1731663000,0.00,20261000,0,2127,1,0.01,155.85200000,156.74800000,154.25000,0.00
1731663000,0.00,20261001,0,2128,1,0.06,197.59100000,198.44700000,154.25000,0.00
1731691960,10272.00,20261001,1,2128,0,0.06,195.87900000,198.44700000,154.25000,10272.00
1731702516,1792.00,20261000,1,2127,0,0.01,154.06000000,156.74800000,154.25000,1792.00
1731891600,-3464.00,20260650,1,2082,1,0.03,99.77500000,0.00000000,154.64400,-3464.00
1732013100,0.00,20261000,0,2132,1,0.01,153.56400000,154.64600000,154.63900,0.00
1732013100,0.00,20261001,0,2133,1,0.01,194.33900000,196.06200000,154.63900,0.00
1732046117,-1085.00,20261000,1,2132,0,0.01,154.64900000,154.64600000,154.63900,-1085.00
1732046189,-1723.00,20261001,1,2133,0,0.01,196.06200000,196.06200000,154.63900,-1723.00
1732046400,0.00,20260622,0,2136,0,0.01,154.72600000,153.12200000,154.63900,0.00
1732094100,0.00,20261001,0,2137,0,0.01,197.61400000,195.89600000,155.37000,0.00
1732095900,0.00,20261000,0,2138,0,0.01,155.63000000,154.52400000,155.37000,0.00
1732140000,-262.00,20261000,1,2138,1,0.01,155.36800000,154.52400000,155.37000,-262.00
1732140000,-1118.00,20261001,1,2137,1,0.01,196.49600000,195.89600000,155.37000,-1118.00
1732181400,0.00,20261001,0,2141,1,0.01,195.49900000,196.56800000,154.52000,0.00
1732187700,0.00,20261000,0,2142,1,0.01,154.18800000,155.38400000,154.52000,0.00
1732226400,-323.00,20261000,1,2142,0,0.01,154.51100000,155.38400000,154.52000,-323.00
1732226400,794.00,20261001,1,2141,0,0.01,194.70500000,196.56800000,154.52000,794.00
1732274100,0.00,20261001,0,2145,1,0.06,193.50300000,194.80400000,154.70500,0.00
1732312800,-2412.00,20261001,1,2145,0,0.06,193.90500000,194.80400000,154.70500,-2412.00
1732531500,0.00,20261000,0,2147,0,0.01,154.67800000,153.54600000,154.17200,0.00
1732572000,-542.00,20261000,1,2147,1,0.01,154.13600000,153.54600000,154.17200,-542.00
1732630745,-1456.00,20260622,1,2136,1,0.01,153.12000000,153.12200000,153.08600,-1456.00
1732700700,0.00,20261000,0,2150,1,0.01,151.83800000,153.23400000,151.06500,0.00
1732700700,0.00,20261001,0,2151,1,0.01,191.18600000,192.61400000,151.06500,0.00
1732730400,0.00,20260605,0,2152,0,0.01,1.05708000,1.05458000,151.06500,0.00
1732744800,810.00,20261000,1,2150,0,0.01,151.02800000,153.23400000,151.06500,810.00
1732744800,-208.00,20261001,1,2151,0,0.01,191.39400000,192.61400000,151.06500,-208.00
1732780897,-405.00,20260605,1,2152,1,0.01,1.05458000,1.05458000,151.52500,-405.00
1733219100,0.00,20261001,0,2156,0,0.01,189.98800000,189.14200000,149.57900,0.00
1733239360,-854.00,20261001,1,2156,1,0.01,189.13400000,189.14200000,149.57900,-854.00
1733263200,0.00,20260605,0,2158,1,0.01,1.05042000,1.05292000,149.57900,0.00
1733302265,-362.00,20260605,1,2158,0,0.01,1.05292000,1.05292000,150.54200,-362.00
1733303700,0.00,20261001,0,2160,0,0.01,190.63300000,189.35100000,150.54200,0.00
1733304600,0.00,20261000,0,2161,0,0.01,150.36600000,149.52000000,150.54200,0.00
1733349600,72.00,20261000,1,2161,1,0.01,150.43800000,149.52000000,150.54200,72.00
1733349600,429.00,20261001,1,2160,1,0.01,191.06200000,189.35100000,150.54200,429.00
1733480100,0.00,20261001,0,2164,0,0.06,191.92400000,190.91800000,149.88200,0.00
1733483700,0.00,20261000,0,2165,0,0.02,150.45900000,149.76600000,149.88200,0.00
1733500674,-1386.00,20261000,1,2165,1,0.02,149.76600000,149.76600000,149.88200,-1386.00
1733502401,-6042.00,20261001,1,2164,1,0.06,190.91700000,190.91800000,149.88200,-6042.00
1733736600,0.00,20261001,0,2168,0,0.01,191.36100000,190.59500000,151.14300,0.00
1733739300,0.00,20261000,0,2169,0,0.01,150.36300000,149.69000000,151.14300,0.00
1733759585,1534.00,20261001,1,2168,1,0.01,192.89500000,190.59500000,151.14300,1534.00
1733781600,876.00,20261000,1,2169,1,0.01,151.23900000,149.69000000,151.14300,876.00
1733825700,0.00,20261000,0,2172,0,0.01,151.74600000,150.89300000,151.92000,0.00
1733825700,0.00,20261001,0,2173,0,0.01,193.33900000,192.44800000,151.92000,0.00
1733828400,0.00,20260605,0,2174,1,0.01,1.05376000,1.05626000,151.92000,0.00
1733868000,182.00,20261000,1,2172,1,0.01,151.92800000,150.89300000,151.92000,182.00
1733868000,724.00,20261001,1,2173,1,0.01,194.06300000,192.44800000,151.92000,724.00
1733908500,0.00,20261001,0,2177,1,0.01,193.35500000,194.07800000,152.43500,0.00
1733916210,-723.00,20261001,1,2177,0,0.01,194.07800000,194.07800000,152.43500,-723.00
1733916600,0.00,20261000,0,2179,0,0.02,152.39700000,151.41300000,152.43500,0.00
1733916600,0.00,20261001,0,2180,0,0.06,194.22600000,193.42500000,152.43500,0.00
1733954400,488.00,20261000,1,2179,1,0.02,152.64100000,151.41300000,152.43500,488.00
1733954400,1878.00,20261001,1,2180,1,0.06,194.53900000,193.42500000,152.43500,1878.00
1734076800,0.00,20260610,0,2183,0,0.01,152.89300000,152.39300000,153.68800,0.00
1734090300,0.00,20261000,0,2184,0,0.01,153.38700000,152.44800000,153.68800,0.00
1734127200,293.00,20261000,1,2184,1,0.01,153.68000000,152.44800000,153.68800,293.00
1734349500,0.00,20261001,0,2186,0,0.01,194.67600000,193.56400000,154.08300,0.00
1734359556,1131.00,20260610,1,2183,1,0.01,153.99400000,152.39300000,154.08300,1131.00
1734386400,809.00,20261001,1,2186,1,0.01,195.48500000,193.56400000,154.08300,809.00
1734404400,214.00,20260605,1,2174,0,0.01,1.05289000,1.05626000,153.35400,214.00
1734404400,0.00,20260605,0,2190,0,0.01,1.05289000,1.05039000,153.35400,0.00
1734408000,-119.00,20260605,1,2190,1,0.01,1.05212000,1.05039000,153.35400,-119.00
1734408000,0.00,20260605,0,2192,1,0.01,1.05212000,1.05462000,153.35400,0.00
1734435900,0.00,20261001,0,2193,1,0.01,195.11300000,195.89000000,153.35400,0.00
1734472800,203.00,20261001,1,2193,0,0.01,194.91000000,195.89000000,153.35400,203.00
1734516900,0.00,20261001,0,2195,1,0.06,194.72600000,195.47200000,154.63200,0.00
1734533911,-4500.00,20261001,1,2195,0,0.06,195.47600000,195.47200000,154.63200,-4500.00
1734556172,1638.00,20260605,1,2192,0,0.01,1.04159000,1.05462000,154.63200,1638.00
1735228800,0.00,20260622,0,2198,0,0.02,157.83500000,157.22500000,157.95700,0.00
1735577116,-1041.00,20260622,1,2198,1,0.02,157.22500000,157.22500000,156.81700,-1041.00
1735641900,0.00,20261001,0,2200,1,0.01,195.83600000,197.04400000,157.18200,0.00
1735670741,-1208.00,20261001,1,2200,0,0.01,197.04400000,197.04400000,157.18200,-1208.00
1735811100,0.00,20261000,0,2202,1,0.01,156.49300000,157.77800000,157.46700,0.00
1735811100,0.00,20261001,0,2203,1,0.01,196.08400000,197.50900000,157.46700,0.00
1735845868,-1285.00,20261000,1,2202,0,0.01,157.77800000,157.77800000,157.46700,-1285.00
1735855200,1122.00,20261001,1,2203,0,0.01,194.96200000,197.50900000,157.46700,1122.00
1736158500,0.00,20261001,0,2206,0,0.01,196.55400000,195.09000000,157.51700,0.00
1736200800,568.00,20261001,1,2206,1,0.01,197.12200000,195.09000000,157.51700,568.00
1736272800,0.00,20260605,0,2208,1,0.01,1.03727000,1.03977000,158.04200,0.00
1736348400,0.00,20260629,0,2209,1,0.01,1.02825000,0.00000000,158.33400,0.00
1736348400,0.00,20260629,0,2210,0,0.01,1.23370000,0.00000000,158.33400,0.00
1736414100,0.00,20261001,0,2211,1,0.01,194.36800000,195.80300000,158.04800,0.00
1736460000,-251.00,20261001,1,2211,0,0.01,194.61900000,195.80300000,158.04800,-251.00
1736507700,0.00,20261000,0,2213,1,0.02,157.64500000,158.42400000,157.62600,0.00
1736523026,1712.00,20260605,1,2208,0,0.01,1.02677000,1.03977000,157.62600,1712.00
1736523031,-1558.00,20261000,1,2213,0,0.02,158.42400000,158.42400000,157.62600,-1558.00
1736932500,0.00,20261001,0,2216,1,0.01,191.55400000,192.99100000,156.45600,0.00
1736935200,0.00,20260605,0,2217,0,0.01,1.03062000,1.02812000,156.45600,0.00
1736935200,0.00,20261000,0,2218,1,0.01,156.88300000,158.08000000,156.45600,0.00
1736938800,-154.00,20260605,1,2217,1,0.01,1.02964000,1.02812000,156.45600,-154.00
1736938800,0.00,20260605,0,2220,1,0.01,1.02964000,1.03214000,156.45600,0.00
1736955015,-392.00,20260605,1,2220,0,0.01,1.03214000,1.03214000,156.45600,-392.00
1736967600,0.00,20260605,0,2222,1,0.01,1.02810000,1.03060000,156.45600,0.00
1736978400,416.00,20261000,1,2218,0,0.01,156.46700000,158.08000000,156.45600,416.00
1736978400,188.00,20261001,1,2216,0,0.01,191.36600000,192.99100000,156.45600,188.00
1737048882,-375.00,20260605,1,2222,0,0.01,1.03060000,1.03060000,155.09100,-375.00
1737064800,0.00,20260605,0,2226,0,0.01,1.03021000,1.02771000,155.09100,0.00
1737130436,-419.00,20260605,1,2226,1,0.01,1.02771000,1.02771000,156.26100,-419.00
1737684000,197.00,20260629,1,2210,1,0.01,1.23534000,0.00000000,155.90800,197.00
1737684000,-1892.00,20260629,1,2209,0,0.01,1.04160000,0.00000000,155.90800,-1892.00
1737973800,0.00,20261001,0,2230,1,0.06,193.43100000,194.64900000,154.49700,0.00
1737975600,0.00,20261000,0,2231,1,0.02,155.13100000,156.24800000,154.49700,0.00
1738015200,1162.00,20261000,1,2231,0,0.02,154.55000000,156.24800000,154.49700,1162.00
1738015200,2418.00,20261001,1,2230,0,0.06,193.02800000,194.64900000,154.49700,2418.00
1738148400,0.00,20261001,0,2234,1,0.01,192.98200000,193.75400000,155.21300,0.00
1738188000,-215.00,20261001,1,2234,0,0.01,193.19700000,193.75400000,155.21300,-215.00
1738324800,0.00,20260605,0,2236,1,0.01,1.03833000,1.04083000,155.04500,0.00
1738350556,-405.00,20260605,1,2236,0,0.01,1.04095000,1.04083000,155.04500,-405.00
1738357200,0.00,20260605,0,2238,1,0.01,1.03696000,1.03946000,155.04500,0.00
1738541100,1957.00,20260605,1,2238,0,0.01,1.02440000,1.03946000,154.73700,1957.00
1738742400,0.00,20260610,0,2240,1,0.01,153.42200000,153.92200000,152.58600,0.00
1738754100,0.00,20261000,0,2241,1,0.01,152.93400000,154.46000000,152.58600,0.00
1738771200,0.00,20260605,0,2242,0,0.01,1.04082000,1.03832000,152.58600,0.00
1738774958,1100.00,20260610,1,2240,0,0.01,152.32200000,153.92200000,152.58600,1100.00
1738785600,0.00,20260610,0,2244,1,0.01,152.28900000,152.78900000,152.58600,0.00
1738792800,407.00,20261000,1,2241,0,0.01,152.52700000,154.46000000,152.58600,407.00
1738834417,-409.00,20260605,1,2242,1,0.01,1.03832000,1.03832000,151.34000,-409.00
1738840590,-575.00,20260610,1,2244,0,0.01,152.78900000,152.78900000,151.34000,-575.00
1738843200,0.00,20260610,0,2248,1,0.01,152.65900000,153.15900000,151.34000,0.00
1738873655,1100.00,20260610,1,2248,0,0.01,151.55900000,153.15900000,151.34000,1100.00
1738919700,0.00,20261001,0,2250,0,0.01,188.78800000,187.64100000,151.31000,0.00
1738952142,-1160.00,20261001,1,2250,1,0.01,187.62800000,187.64100000,151.31000,-1160.00
1739179800,0.00,20261001,0,2252,0,0.01,188.68900000,187.08700000,151.98400,0.00
1739183400,0.00,20261000,0,2253,0,0.01,152.37200000,151.18200000,151.98400,0.00
1739224800,-395.00,20261000,1,2253,1,0.01,151.97700000,151.18200000,151.98400,-395.00
1739224800,-750.00,20261001,1,2252,1,0.01,187.93900000,187.08700000,151.98400,-750.00
1739354400,0.00,20261001,0,2256,0,0.01,191.44500000,189.47400000,154.40700,0.00
1739390400,0.00,20260605,0,2257,0,0.01,1.04265000,1.04015000,154.40700,0.00
1739392529,-380.00,20260605,1,2257,1,0.01,1.04015000,1.04015000,154.40700,-380.00
1739397600,753.00,20261001,1,2256,1,0.01,192.19800000,189.47400000,154.40700,753.00
1739440800,0.00,20261001,0,2260,0,0.01,192.99500000,191.88300000,152.79200,0.00
1739454391,-1112.00,20261001,1,2260,1,0.01,191.88300000,191.88300000,152.79200,-1112.00
1739531700,0.00,20261001,0,2262,0,0.06,192.37200000,191.47300000,152.21300,0.00
1739570400,-3984.00,20261001,1,2262,1,0.06,191.70800000,191.47300000,152.21300,-3984.00
1739872800,0.00,20261001,0,2264,0,0.01,191.81000000,190.82900000,152.04800,0.00
1739894400,0.00,20260622,0,2265,1,0.01,151.69200000,152.51300000,152.04800,0.00
1739916000,-425.00,20261001,1,2264,1,0.01,191.38500000,190.82900000,152.04800,-425.00
1739965500,0.00,20261001,0,2267,1,0.01,191.11300000,192.13200000,151.46200,0.00
1740002400,428.00,20261001,1,2267,0,0.01,190.68500000,192.13200000,151.46200,428.00
1740041165,1493.00,20260622,1,2265,0,0.01,150.04900000,152.51300000,149.62600,1493.00
1740475800,0.00,20261001,0,2270,1,0.06,188.71800000,189.66500000,149.00800,0.00
1740477600,0.00,20261000,0,2271,1,0.02,149.28000000,150.30100000,149.00800,0.00
1740497557,-5682.00,20261001,1,2270,0,0.06,189.66500000,189.66500000,149.00800,-5682.00
1740520800,400.00,20261000,1,2271,0,0.02,149.08000000,150.30100000,149.00800,400.00
1740632400,0.00,20260605,0,2274,1,0.01,1.04710000,1.04960000,149.79700,0.00
1740652200,0.00,20261001,0,2275,0,0.01,189.40300000,188.56500000,149.79700,0.00
1740653100,0.00,20261000,0,2276,0,0.01,149.63200000,148.74300000,149.79700,0.00
1740693600,231.00,20261000,1,2276,1,0.01,149.86300000,148.74300000,149.79700,231.00
1740693600,-461.00,20261001,1,2275,1,0.01,188.94200000,188.56500000,149.79700,-461.00
1740735900,0.00,20261000,0,2279,0,0.01,150.34600000,149.09600000,150.56500,0.00
1740735900,0.00,20261001,0,2280,0,0.06,189.14800000,187.67400000,150.56500,0.00
1740774123,1595.00,20260605,1,2274,0,0.01,1.03660000,1.04960000,150.56500,1595.00
1740780000,196.00,20261000,1,2279,1,0.01,150.54200000,149.09600000,150.56500,196.00
1740780000,630.00,20261001,1,2280,1,0.06,189.25300000,187.67400000,150.56500,630.00
1740996000,0.00,20261001,0,2284,1,0.06,189.22700000,190.31000000,149.49100,0.00
1740997800,0.00,20261000,0,2285,1,0.01,150.05200000,151.02100000,149.49100,0.00
1741004859,-6504.00,20261001,1,2284,0,0.06,190.31100000,190.31000000,149.49100,-6504.00
1741009947,-970.00,20261000,1,2285,0,0.01,151.02200000,151.02100000,149.49100,-970.00
1741024800,0.00,20260605,0,2288,0,0.01,1.04849000,1.04599000,149.49100,0.00
1741121849,1559.00,20260605,1,2288,1,0.01,1.05899000,1.04599000,149.71200,1559.00
1741171500,0.00,20261000,0,2290,1,0.02,149.30300000,150.18300000,148.86300,0.00
1741212000,1028.00,20261000,1,2290,0,0.02,148.78900000,150.18300000,148.86300,1028.00
1741252500,0.00,20261000,0,2292,1,0.01,148.52300000,149.33300000,147.96600,0.00
1741253400,0.00,20261001,0,2293,1,0.01,191.55100000,192.54200000,147.96600,0.00
1741298400,829.00,20261000,1,2292,0,0.01,147.69400000,149.33300000,147.96600,829.00
1741298400,1112.00,20261001,1,2293,0,0.01,190.43900000,192.54200000,147.96600,1112.00
1741605300,0.00,20261001,0,2296,1,0.01,189.91000000,191.00500000,147.25400,0.00
1741644000,413.00,20261001,1,2296,0,0.01,189.49700000,191.00500000,147.25400,413.00
1741665600,0.00,20260622,0,2298,1,0.01,146.74300000,148.03500000,147.76300,0.00
1741685400,0.00,20261001,0,2299,0,0.06,189.92900000,188.79100000,147.76300,0.00
1741709159,-1301.00,20260622,1,2298,0,0.01,148.04400000,148.03500000,147.76300,-1301.00
1741730400,9954.00,20261001,1,2299,1,0.06,191.58800000,188.79100000,147.76300,9954.00
1741776300,0.00,20261001,0,2302,0,0.01,191.89800000,190.99400000,148.23700,0.00
1741777200,0.00,20261000,0,2303,0,0.01,148.59700000,147.54900000,148.23700,0.00
1741816800,-252.00,20261000,1,2303,1,0.01,148.34500000,147.54900000,148.23700,-252.00
1741816800,465.00,20261001,1,2302,1,0.01,192.36300000,190.99400000,148.23700,465.00
1741852800,0.00,20260622,0,2306,1,0.01,147.84900000,149.18100000,147.80200,0.00
1741857300,0.00,20261001,0,2307,1,0.01,191.28000000,192.34100000,147.80200,0.00
1741903200,-85.00,20261001,1,2307,0,0.01,191.36500000,192.34100000,147.80200,-85.00
1741945500,0.00,20261001,0,2309,0,0.01,192.45800000,191.15200000,148.61300,0.00
1741948200,0.00,20261000,0,2310,0,0.01,148.91100000,147.67500000,148.61300,0.00
1741989600,-375.00,20261000,1,2310,1,0.01,148.53600000,147.67500000,148.61300,-375.00
1741989600,-373.00,20261001,1,2309,1,0.01,192.08500000,191.15200000,148.61300,-373.00
1742248263,-1482.00,20260622,1,2306,0,0.01,149.18100000,149.18100000,149.19300,-1482.00
1742289300,0.00,20261001,0,2314,0,0.01,194.29600000,193.61000000,149.25600,0.00
1742335200,-217.00,20261001,1,2314,1,0.01,194.07900000,193.61000000,149.25600,-217.00
1742377500,0.00,20261000,0,2316,0,0.01,149.95700000,149.17600000,148.67300,0.00
1742380887,-781.00,20261000,1,2316,1,0.01,149.17600000,149.17600000,148.67300,-781.00
1742462100,0.00,20261001,0,2318,1,0.01,192.61600000,193.57100000,148.76900,0.00
1742497200,0.00,20260605,0,2319,1,0.01,1.08471000,1.08721000,148.76900,0.00
1742508000,-243.00,20261001,1,2318,0,0.01,192.85900000,193.57100000,148.76900,-243.00
1742811300,0.00,20261001,0,2321,0,0.01,193.94200000,192.49900000,150.68400,0.00
1742853600,645.00,20261001,1,2321,1,0.01,194.58700000,192.49900000,150.68400,645.00
1742901300,0.00,20261001,0,2323,1,0.01,194.38300000,195.00000000,149.89400,0.00
1742940000,389.00,20261001,1,2323,0,0.01,193.99400000,195.00000000,149.89400,389.00
1742987700,0.00,20261001,0,2325,1,0.06,193.79900000,194.78500000,150.55800,0.00
1743026400,-390.00,20261001,1,2325,0,0.06,193.86400000,194.78500000,150.55800,-390.00
1743035099,1646.00,20260605,1,2319,0,0.01,1.07421000,1.08721000,151.03600,1646.00
1743067800,0.00,20261001,0,2328,0,0.06,194.29100000,193.49700000,151.03600,0.00
1743101431,9534.00,20261001,1,2328,1,0.06,195.88000000,193.49700000,151.03600,9534.00
1743154200,0.00,20261001,0,2330,1,0.01,195.05600000,195.71700000,149.81400,0.00
1743156900,0.00,20261000,0,2331,1,0.01,150.55900000,151.21100000,149.81400,0.00
1743199200,593.00,20261000,1,2331,0,0.01,149.96600000,151.21100000,149.81400,593.00
1743199200,1003.00,20261001,1,2330,0,0.01,194.05300000,195.71700000,149.81400,1003.00
1743504300,0.00,20261001,0,2334,1,0.01,193.11700000,193.92600000,149.59600,0.00
1743544800,234.00,20261001,1,2334,0,0.01,192.88300000,193.92600000,149.59600,234.00
1743592500,0.00,20261001,0,2336,1,0.06,193.12200000,193.77700000,149.22700,0.00
1743615595,-3936.00,20261001,1,2336,0,0.06,193.77800000,193.77700000,149.22700,-3936.00
1743631200,0.00,20260605,0,2338,0,0.01,1.08546000,1.08296000,149.22700,0.00
1743636458,-375.00,20260605,1,2338,1,0.01,1.08296000,1.08296000,149.22700,-375.00
1743763500,0.00,20261001,0,2340,1,0.01,190.19800000,191.75300000,146.85100,0.00
1743778800,0.00,20260629,0,2341,1,0.01,1.10609000,0.00000000,146.85100,0.00
1743778800,0.00,20260629,0,2342,0,0.01,1.30217000,0.00000000,146.85100,0.00
1743804000,967.00,20261001,1,2340,0,0.01,189.23100000,191.75300000,146.85100,967.00
1744107300,0.00,20261000,0,2344,1,0.01,147.06300000,148.12000000,146.26000,0.00
1744109100,0.00,20261001,0,2345,1,0.06,187.62700000,188.94400000,146.26000,0.00
1744149600,674.00,20261000,1,2344,0,0.01,146.38900000,148.12000000,146.26000,674.00
1744149600,2418.00,20261001,1,2345,0,0.06,187.22400000,188.94400000,146.26000,2418.00
1744371900,0.00,20261000,0,2348,1,0.01,142.35000000,144.58500000,143.40300,0.00
1744408800,-1462.00,20261000,1,2348,0,0.01,143.81200000,144.58500000,143.40300,-1462.00
1744630200,0.00,20261001,0,2350,0,0.06,188.56300000,186.57600000,142.94600,0.00
1744668000,24.00,20261001,1,2350,1,0.06,188.56700000,186.57600000,142.94600,24.00
1744750800,2784.00,20260629,1,2342,1,0.01,1.32172000,0.00000000,143.10900,2784.00
1744750800,-2940.00,20260629,1,2341,0,0.01,1.12728000,0.00000000,143.10900,-2940.00
1744881300,0.00,20261001,0,2354,0,0.01,188.66200000,187.44700000,142.33800,0.00
1744927200,305.00,20261001,1,2354,1,0.01,188.96700000,187.44700000,142.33800,305.00
1745006400,0.00,20260622,0,2356,1,0.01,142.19400000,143.16700000,142.13900,0.00
1745301811,1796.00,20260622,1,2356,0,0.01,140.24800000,143.16700000,141.54700,1796.00
1745319600,0.00,20261001,0,2358,1,0.01,187.66000000,188.77500000,141.54700,0.00
1745359200,-1048.00,20261001,1,2358,0,0.01,188.70800000,188.77500000,141.54700,-1048.00
1745460000,0.00,20260605,0,2360,1,0.01,1.13322000,1.13572000,142.58500,0.00
1745470117,-352.00,20260605,1,2360,0,0.01,1.13573000,1.13572000,142.58500,-352.00
1745839800,0.00,20261001,0,2362,0,0.01,191.34100000,190.66300000,141.99100,0.00
1745870400,0.00,20260605,0,2363,0,0.01,1.14118000,1.13868000,141.99100,0.00
1745877600,-527.00,20261001,1,2362,1,0.01,190.81400000,190.66300000,141.99100,-527.00
1745899200,-199.00,20260605,1,2363,1,0.01,1.13994000,1.13868000,142.27000,-199.00
1745899200,0.00,20260605,0,2366,1,0.01,1.13994000,1.14244000,142.27000,0.00
1746087816,1503.00,20260605,1,2366,0,0.01,1.12944000,1.14244000,145.35600,1503.00
1746091800,0.00,20261001,0,2368,0,0.01,191.75000000,190.33600000,145.35600,0.00
1746093600,0.00,20261000,0,2369,0,0.01,144.58800000,142.87400000,145.35600,0.00
1746136800,1091.00,20261000,1,2369,1,0.01,145.67900000,142.87400000,145.35600,1091.00
1746136800,1674.00,20261001,1,2368,1,0.01,193.42400000,190.33600000,145.35600,1674.00
1746186300,0.00,20261001,0,2372,1,0.06,192.69100000,193.74500000,144.83500,0.00
1746223200,1068.00,20261001,1,2372,0,0.06,192.51300000,193.74500000,144.83500,1068.00
1746443700,0.00,20261001,0,2374,1,0.01,191.50300000,192.28600000,143.67500,0.00
1746482400,252.00,20261001,1,2374,0,0.01,191.25100000,192.28600000,143.67500,252.00
1746528300,0.00,20261000,0,2376,1,0.02,143.22200000,144.27400000,142.37600,0.00
1746530100,0.00,20261001,0,2377,1,0.06,190.71500000,191.34700000,142.37600,0.00
1746547200,0.00,20260605,0,2378,1,0.01,1.13401000,1.13651000,142.37600,0.00
1746550800,-191.00,20260605,1,2378,0,0.01,1.13535000,1.13651000,142.37600,-191.00
1746550800,0.00,20260605,0,2380,0,0.01,1.13535000,1.13285000,142.37600,0.00
1746568800,1544.00,20261000,1,2376,0,0.02,142.45000000,144.27400000,142.37600,1544.00
1746568800,1032.00,20261001,1,2377,0,0.06,190.54300000,191.34700000,142.37600,1032.00
1746581125,-382.00,20260605,1,2380,1,0.01,1.13285000,1.13285000,143.80000,-382.00
1746616500,0.00,20261001,0,2384,0,0.01,191.37400000,190.30800000,143.80000,0.00
1746655200,-182.00,20261001,1,2384,1,0.01,191.19200000,190.30800000,143.80000,-182.00
1746696600,0.00,20261000,0,2386,0,0.01,144.24600000,143.44600000,145.90300,0.00
1746697500,0.00,20261001,0,2387,0,0.01,191.84000000,190.90800000,145.90300,0.00
1746735878,1600.00,20261000,1,2386,1,0.01,145.84600000,143.44600000,145.90300,1600.00
1746741600,1462.00,20261001,1,2387,1,0.01,193.30200000,190.90800000,145.90300,1462.00
1746782100,0.00,20261001,0,2390,1,0.01,192.46300000,193.34600000,145.26300,0.00
1746785700,0.00,20261000,0,2391,1,0.01,145.18900000,146.18600000,145.26300,0.00
1746817625,-883.00,20261001,1,2390,0,0.01,193.34600000,193.34600000,145.26300,-883.00
1746828000,-78.00,20261000,1,2391,0,0.01,145.26700000,146.18600000,145.26300,-78.00
1747044900,0.00,20261000,0,2394,0,0.02,146.95000000,145.69900000,148.44300,0.00
1747044900,0.00,20261001,0,2395,0,0.01,194.56000000,193.62600000,148.44300,0.00
1747087200,2772.00,20261000,1,2394,1,0.02,148.33600000,145.69900000,148.44300,2772.00
1747087200,945.00,20261001,1,2395,1,0.01,195.50500000,193.62600000,148.44300,945.00
1747221300,0.00,20261000,0,2398,1,0.01,146.57200000,147.66900000,146.74500,0.00
1747260000,-156.00,20261000,1,2398,0,0.01,146.72800000,147.66900000,146.74500,-156.00
1747302300,0.00,20261000,0,2400,1,0.01,145.67200000,146.75200000,145.64900,0.00
1747303200,0.00,20261001,0,2401,1,0.01,193.61800000,194.59600000,145.64900,0.00
1747346400,-20.00,20261000,1,2400,0,0.01,145.69200000,146.75200000,145.64900,-20.00
1747346400,-126.00,20261001,1,2401,0,0.01,193.74400000,194.59600000,145.64900,-126.00
1747650600,0.00,20261001,0,2404,0,0.01,193.38400000,192.55600000,144.84000,0.00
1747692000,232.00,20261001,1,2404,1,0.01,193.61600000,192.55600000,144.84000,232.00
1747737000,0.00,20261001,0,2406,1,0.01,192.91800000,194.20300000,144.48900,0.00
1747738800,0.00,20261000,0,2407,1,0.01,144.12600000,145.50900000,144.48900,0.00
1747778400,-427.00,20261000,1,2407,0,0.01,144.55300000,145.50900000,144.48900,-427.00
1747778400,-472.00,20261001,1,2406,0,0.01,193.39000000,194.20300000,144.48900,-472.00
1747803600,0.00,20260605,0,2410,0,0.01,1.12987000,1.12737000,143.66000,0.00
1747905300,0.00,20261001,0,2411,1,0.01,192.22200000,193.57300000,143.99600,0.00
1747912500,0.00,20261000,0,2412,1,0.01,142.86500000,144.39100000,143.99600,0.00
1747937234,-386.00,20260605,1,2410,1,0.01,1.12737000,1.12737000,143.99600,-386.00
1747949556,-1352.00,20261001,1,2411,0,0.01,193.57400000,193.57300000,143.99600,-1352.00
1747951200,-1288.00,20261000,1,2412,0,0.01,144.15300000,144.39100000,143.99600,-1288.00
1748016000,0.00,20260629,0,2416,0,0.01,1.13337000,0.00000000,142.54400,0.00
1748016000,0.00,20260629,0,2417,1,0.01,1.35176000,0.00000000,142.54400,0.00
1748251800,0.00,20261001,0,2418,0,0.01,194.04100000,192.57000000,142.82300,0.00
1748296800,-433.00,20261001,1,2418,1,0.01,193.60800000,192.57000000,142.82300,-433.00
1748339100,0.00,20261001,0,2420,0,0.01,194.28900000,193.05700000,144.31600,0.00
1748342700,0.00,20261000,0,2421,0,0.01,143.69500000,142.10700000,144.31600,0.00
1748383200,559.00,20261000,1,2421,1,0.01,144.25400000,142.10700000,144.31600,559.00
1748383200,629.00,20261001,1,2420,1,0.01,194.91800000,193.05700000,144.31600,629.00
1748505600,0.00,20260610,0,2424,0,0.01,145.74500000,145.24500000,144.17800,0.00
1748515886,-500.00,20260610,1,2424,1,0.01,145.24500000,145.24500000,144.17800,-500.00
1748577600,0.00,20260610,0,2426,1,0.01,143.76800000,144.26800000,143.95000,0.00
1748626994,-500.00,20260610,1,2426,0,0.01,144.26800000,144.26800000,143.95000,-500.00
1748635200,790.00,20260629,1,2417,0,0.01,1.34611000,0.00000000,143.95000,790.00
1748635200,109.00,20260629,1,2416,1,0.01,1.13503000,0.00000000,143.95000,109.00
1748857500,0.00,20261000,0,2430,1,0.01,143.14800000,143.97500000,142.65100,0.00
1748859300,0.00,20261001,0,2431,0,0.01,193.83300000,193.32100000,142.65100,0.00
1748871095,-512.00,20261001,1,2431,1,0.01,193.32100000,193.32100000,142.65100,-512.00
1748901600,331.00,20261000,1,2430,0,0.01,142.81700000,143.97500000,142.65100,331.00
1748949300,0.00,20261001,0,2434,1,0.06,192.90300000,193.81100000,143.88500,0.00
1748968217,-5448.00,20261001,1,2434,0,0.06,193.81100000,193.81100000,143.88500,-5448.00
1749114900,0.00,20261001,0,2436,0,0.01,193.95800000,193.25100000,143.41900,0.00
1749121200,0.00,20261000,0,2437,0,0.01,143.34700000,142.52500000,143.41900,0.00
1749148359,1414.00,20261001,1,2436,1,0.01,195.37200000,193.25100000,143.41900,1414.00
1749160800,281.00,20261000,1,2437,1,0.01,143.62800000,142.52500000,143.41900,281.00
1749461400,0.00,20261001,0,2440,1,0.06,195.64800000,196.14800000,144.51400,0.00
1749465900,0.00,20261000,0,2441,1,0.01,144.14700000,144.94500000,144.51400,0.00
1749506400,-410.00,20261000,1,2441,0,0.01,144.55700000,144.94500000,144.51400,-410.00
1749506400,-2496.00,20261001,1,2440,0,0.06,196.06400000,196.14800000,144.51400,-2496.00
1749546900,0.00,20261001,0,2444,1,0.06,195.45300000,196.44700000,144.84400,0.00
1749592800,-978.00,20261001,1,2444,0,0.06,195.61600000,196.44700000,144.84400,-978.00
1749719700,0.00,20261001,0,2446,1,0.01,195.06000000,195.79000000,143.47000,0.00
1749765600,-97.00,20261001,1,2446,0,0.01,195.15700000,195.79000000,143.47000,-97.00
1750069800,0.00,20261001,0,2448,0,0.01,196.14000000,194.87500000,144.70600,0.00
1750111200,455.00,20261001,1,2448,1,0.01,196.59500000,194.87500000,144.70600,455.00
1750158000,0.00,20261001,0,2450,1,0.01,196.04700000,196.84100000,145.18300,0.00
1750197600,842.00,20261001,1,2450,0,0.01,195.20500000,196.84100000,145.18300,842.00
1750305600,0.00,20260610,0,2452,0,0.01,144.88400000,144.38400000,145.40800,0.00
1750328100,0.00,20261001,0,2453,0,0.06,194.81500000,194.00900000,145.40800,0.00
1750370400,5892.00,20261001,1,2453,1,0.06,195.79700000,194.00900000,145.40800,5892.00
1750456102,1131.00,20260610,1,2452,1,0.01,145.98500000,144.38400000,146.01100,1131.00
1750677300,0.00,20261000,0,2456,0,0.01,147.49500000,146.14200000,146.07700,0.00
1750712621,-1354.00,20261000,1,2456,1,0.01,146.14100000,146.14200000,146.07700,-1354.00
1750757400,0.00,20261000,0,2458,1,0.01,145.10900000,146.16100000,144.89700,0.00
1750760100,0.00,20261001,0,2459,1,0.01,196.99100000,197.66800000,144.89700,0.00
1750802400,420.00,20261000,1,2458,0,0.01,144.68900000,146.16100000,144.89700,420.00
1750802400,-234.00,20261001,1,2459,0,0.01,197.22500000,197.66800000,144.89700,-234.00
1750843800,0.00,20261001,0,2462,0,0.01,197.82900000,196.99600000,145.17200,0.00
1750845600,0.00,20261000,0,2463,0,0.01,145.30400000,144.60500000,145.17200,0.00
1750888800,-154.00,20261000,1,2463,1,0.01,145.15000000,144.60500000,145.17200,-154.00
1750888800,486.00,20261001,1,2462,1,0.01,198.31500000,196.99600000,145.17200,486.00
1750929300,0.00,20261001,0,2466,1,0.01,197.96700000,198.58900000,144.36500,0.00
1750931100,0.00,20261000,0,2467,1,0.01,144.34800000,145.25300000,144.36500,0.00
1750953600,0.00,20260610,0,2468,1,0.01,144.30500000,144.80500000,144.36500,0.00
1750975200,143.00,20261000,1,2467,0,0.01,144.20500000,145.25300000,144.36500,143.00
1750975200,-296.00,20261001,1,2466,0,0.01,198.26300000,198.58900000,144.36500,-296.00
1750995099,-577.00,20260610,1,2468,0,0.01,144.80700000,144.80500000,144.63500,-577.00
1751278500,0.00,20261001,0,2472,1,0.01,197.30500000,198.44800000,143.96200,0.00
1751320800,-518.00,20261001,1,2472,0,0.01,197.82300000,198.44800000,143.96200,-518.00
1751365800,0.00,20261001,0,2474,1,0.01,197.13100000,197.78100000,143.36600,0.00
1751366700,0.00,20261000,0,2475,1,0.01,143.23700000,144.04200000,143.36600,0.00
1751407200,-488.00,20261000,1,2475,0,0.01,143.72500000,144.04200000,143.36600,-488.00
1751407200,-312.00,20261001,1,2474,0,0.01,197.44300000,197.78100000,143.36600,-312.00
1751535000,0.00,20261001,0,2478,0,0.01,196.34400000,195.58300000,144.91000,0.00
1751562091,1525.00,20261001,1,2478,1,0.01,197.86900000,195.58300000,144.91000,1525.00
1751620500,0.00,20261001,0,2480,1,0.01,197.26200000,197.89200000,144.41800,0.00
1751666400,-11.00,20261001,1,2480,0,0.01,197.27300000,197.89200000,144.41800,-11.00
1751886000,0.00,20261000,0,2482,0,0.01,145.20000000,144.22300000,146.04300,0.00
1751889600,0.00,20260610,0,2483,0,0.01,145.33900000,144.83900000,146.04300,0.00
1751925600,971.00,20261000,1,2482,1,0.01,146.17100000,144.22300000,146.04300,971.00
1751948197,1130.00,20260610,1,2483,1,0.01,146.43900000,144.83900000,146.54500,1130.00
1752033600,0.00,20260605,0,2486,1,0.01,1.17244000,1.17494000,146.30700,0.00
1752118955,-351.00,20260605,1,2486,0,0.01,1.17494000,1.17494000,146.24000,-351.00
1752120000,0.00,20260605,0,2488,1,0.01,1.17435000,1.17685000,146.24000,0.00
1752139800,0.00,20261001,0,2489,0,0.01,199.13100000,198.37200000,146.24000,0.00
1752184800,-616.00,20261001,1,2489,1,0.01,198.51500000,198.37200000,146.24000,-616.00
1752454800,0.00,20260650,0,2491,0,0.03,96.61800000,0.00000000,147.68900,0.00
1752486300,0.00,20261001,0,2492,1,0.06,198.11900000,198.98400000,147.68900,0.00
1752530400,-1854.00,20261001,1,2492,0,0.06,198.42800000,198.98400000,147.68900,-1854.00
1752598842,1584.00,20260605,1,2488,0,0.01,1.16384000,1.17685000,148.82100,1584.00
1752743700,0.00,20261001,0,2495,0,0.01,199.06500000,198.13800000,148.50900,0.00
1752789600,366.00,20261001,1,2495,1,0.01,199.43100000,198.13800000,148.50900,366.00
1752831900,0.00,20261001,0,2497,0,0.01,199.75100000,199.10100000,148.75100,0.00
1752876000,-158.00,20261001,1,2497,1,0.01,199.59300000,199.10100000,148.75100,-158.00
1753176600,0.00,20261001,0,2499,0,0.01,199.13500000,198.42300000,146.60300,0.00
1753195237,-712.00,20261001,1,2499,1,0.01,198.42300000,198.42300000,146.60300,-712.00
1753207200,0.00,20260605,0,2501,0,0.01,1.17223000,1.16973000,146.60300,0.00
1753329600,0.00,20260774,0,2502,0,0.01,1.35744000,1.35244000,146.98200,0.00
1753358400,-453.00,20260774,1,2502,1,0.01,1.35435000,1.35244000,146.98200,-453.00
1753358400,0.00,20260774,0,2504,1,0.01,1.35435000,1.35935000,146.98200,0.00
1753434900,0.00,20261001,0,2505,1,0.01,198.20000000,199.05000000,147.59500,0.00
1753442100,0.00,20261000,0,2506,0,0.02,147.75300000,146.80900000,147.59500,0.00
1753443386,-850.00,20261001,1,2505,0,0.01,199.05000000,199.05000000,147.59500,-850.00
1753457978,1623.00,20260774,1,2504,0,0.01,1.34334000,1.35935000,147.59500,1623.00
1753480800,-384.00,20261000,1,2506,1,0.02,147.56100000,146.80900000,147.59500,-384.00
1753698747,-474.00,20260605,1,2501,1,0.01,1.16973000,1.16973000,148.43000,-474.00
1753700400,0.00,20261000,0,2511,0,0.01,148.29300000,147.51700000,148.43000,0.00
1753700400,0.00,20261001,0,2512,0,0.01,198.85400000,198.24400000,148.43000,0.00
1753740000,259.00,20261000,1,2511,1,0.01,148.55200000,147.51700000,148.43000,259.00
1753740000,-486.00,20261001,1,2512,1,0.01,198.36800000,198.24400000,148.43000,-486.00
1753761600,0.00,20260605,0,2515,1,0.01,1.15847000,1.16097000,148.37800,0.00
1753890870,1576.00,20260605,1,2515,0,0.01,1.14797000,1.16097000,149.48800,1576.00
1753958700,0.00,20261000,0,2517,0,0.02,149.65600000,148.58700000,150.70400,0.00
1753958700,0.00,20261001,0,2518,0,0.06,198.26700000,196.96100000,150.70400,0.00
1753999200,2204.00,20261000,1,2517,1,0.02,150.75800000,148.58700000,150.70400,2204.00
1753999200,6066.00,20261001,1,2518,1,0.06,199.27800000,196.96100000,150.70400,6066.00
1754046900,0.00,20261001,0,2521,1,0.01,198.44200000,199.30100000,147.30600,0.00
1754066901,1718.00,20261001,1,2521,0,0.01,196.72400000,199.30100000,147.30600,1718.00
1754304300,0.00,20261001,0,2523,0,0.01,196.44100000,195.27400000,147.06600,0.00
1754339499,-1167.00,20261001,1,2523,1,0.01,195.27400000,195.27400000,147.06600,-1167.00
1754387100,0.00,20261001,0,2525,0,0.01,195.62400000,195.02500000,147.59400,0.00
1754392500,0.00,20261000,0,2526,0,0.01,147.44800000,146.61700000,147.59400,0.00
1754431200,158.00,20261000,1,2526,1,0.01,147.60600000,146.61700000,147.59400,158.00
1754431200,614.00,20261001,1,2525,1,0.01,196.23800000,195.02500000,147.59400,614.00
1754559900,0.00,20261000,0,2529,1,0.01,146.97600000,147.70900000,147.11100,0.00
1754560800,0.00,20261001,0,2530,1,0.06,196.40900000,197.18300000,147.11100,0.00
1754575219,-4644.00,20261001,1,2530,0,0.06,197.18300000,197.18300000,147.11100,-4644.00
1754604000,-593.00,20261000,1,2529,0,0.01,147.56900000,147.70900000,147.11100,-593.00
1754625600,0.00,20260605,0,2533,0,0.01,1.16730000,1.16480000,147.65300,0.00
1754641112,-370.00,20260605,1,2533,1,0.01,1.16479000,1.16480000,147.65300,-370.00
1754649900,0.00,20261001,0,2535,0,0.01,198.13400000,197.38500000,147.65300,0.00
1754690400,512.00,20261001,1,2535,1,0.01,198.64600000,197.38500000,147.65300,512.00
1754903700,0.00,20261001,0,2537,0,0.01,198.75500000,198.10100000,148.12900,0.00
1754949600,263.00,20261001,1,2537,1,0.01,199.01800000,198.10100000,148.12900,263.00
1754993700,0.00,20261001,0,2539,0,0.01,199.40300000,198.72600000,147.80100,0.00
1755036000,-32.00,20261001,1,2539,1,0.01,199.37100000,198.72600000,147.80100,-32.00
1755080100,0.00,20261000,0,2541,1,0.02,147.55000000,148.16600000,147.35600,0.00
1755122400,222.00,20261000,1,2541,0,0.02,147.43900000,148.16600000,147.35600,222.00
1755163800,0.00,20261001,0,2543,1,0.01,198.66700000,200.02900000,147.74400,0.00
1755194759,-1363.00,20261001,1,2543,0,0.01,200.03000000,200.02900000,147.74400,-1363.00
1755256500,0.00,20261001,0,2545,1,0.01,199.17000000,200.00600000,147.09300,0.00
1755295200,-362.00,20261001,1,2545,0,0.01,199.53200000,200.00600000,147.09300,-362.00
1755619200,0.00,20260605,0,2547,0,0.01,1.16757000,1.16507000,147.65700,0.00
1755630000,-255.00,20260605,1,2547,1,0.01,1.16584000,1.16507000,147.65700,-255.00
1755630000,0.00,20260605,0,2549,1,0.01,1.16584000,1.16834000,147.65700,0.00
1755682200,0.00,20261000,0,2550,1,0.01,147.23500000,147.81400000,147.31800,0.00
1755687600,0.00,20261001,0,2551,0,0.06,199.42700000,198.63000000,147.31800,0.00
1755705504,-4782.00,20261001,1,2551,1,0.06,198.63000000,198.63000000,147.31800,-4782.00
1755727200,-37.00,20261000,1,2550,0,0.01,147.27200000,147.81400000,147.31800,-37.00
1755773100,0.00,20261001,0,2554,0,0.01,198.45200000,197.99700000,148.35400,0.00
1755813600,581.00,20261001,1,2554,1,0.01,199.03300000,197.99700000,148.35400,581.00
1755882663,-323.00,20260605,1,2549,0,0.01,1.16834000,1.16834000,146.88300,-323.00
1755885600,0.00,20260605,0,2557,0,0.01,1.17185000,1.16935000,146.88300,0.00
1756097232,-397.00,20260605,1,2557,1,0.01,1.16934000,1.16935000,147.76400,-397.00
1756152000,0.00,20260605,0,2559,1,0.01,1.16548000,1.16798000,147.76400,0.00
1756395658,-323.00,20260605,1,2559,0,0.01,1.16798000,1.16798000,146.90900,-323.00
1756411200,0.00,20260610,0,2561,1,0.01,146.84500000,147.34500000,146.90900,0.00
1756436400,0.00,20260605,0,2562,0,0.01,1.16789000,1.16539000,146.94300,0.00
1756454400,0.00,20260774,0,2563,0,0.01,1.35034000,1.34534000,146.94300,0.00
1756466100,0.00,20261001,0,2564,1,0.01,198.18200000,198.64800000,146.94300,0.00
1756476384,-736.00,20260774,1,2563,1,0.01,1.34534000,1.34534000,146.94300,-736.00
1756480286,-370.00,20260605,1,2562,1,0.01,1.16538000,1.16539000,146.94300,-370.00
1756482098,-576.00,20260610,1,2561,0,0.01,147.34600000,147.34500000,146.94300,-576.00
1756497600,0.00,20260610,0,2568,1,0.01,146.91200000,147.41200000,146.94300,0.00
1756504800,-445.00,20261001,1,2564,0,0.01,198.62700000,198.64800000,146.94300,-445.00
1756725300,0.00,20261001,0,2570,0,0.01,199.10100000,198.23300000,147.16300,0.00
1756764000,284.00,20261001,1,2570,1,0.01,199.38500000,198.23300000,147.16300,284.00
1756787503,-650.00,20260610,1,2568,0,0.01,147.41200000,147.41200000,148.34700,-650.00
1756804500,0.00,20261001,0,2573,0,0.01,200.15700000,199.02200000,148.34700,0.00
1756808100,0.00,20261000,0,2574,0,0.01,148.26200000,147.04500000,148.34700,0.00
1756811142,-1136.00,20261001,1,2573,1,0.01,199.02100000,199.02200000,148.34700,-1136.00
1756812600,0.00,20261001,0,2576,1,0.06,198.82000000,200.00500000,148.34700,0.00
1756814400,0.00,20260610,0,2577,0,0.01,148.43800000,147.93800000,148.34700,0.00
1756828800,0.00,20260605,0,2578,1,0.01,1.16171000,1.16421000,148.34700,0.00
1756828800,0.00,20260774,0,2579,1,0.01,1.33512000,1.34012000,148.34700,0.00
1756830821,-371.00,20260605,1,2578,0,0.01,1.16421000,1.16421000,148.34700,-371.00
1756832435,-741.00,20260774,1,2579,0,0.01,1.34012000,1.34012000,148.34700,-741.00
1756833941,-501.00,20260610,1,2577,1,0.01,147.93700000,147.93800000,148.34700,-501.00
1756836000,0.00,20260605,0,2583,0,0.01,1.16628000,1.16378000,148.34700,0.00
1756847306,-371.00,20260605,1,2583,1,0.01,1.16378000,1.16378000,148.34700,-371.00
1756850400,209.00,20261000,1,2574,1,0.01,148.47100000,147.04500000,148.34700,209.00
1756850400,1008.00,20261001,1,2576,0,0.06,198.65200000,200.00500000,148.34700,1008.00
1756899000,0.00,20261001,0,2587,0,0.06,199.09300000,198.48200000,148.06100,0.00
1756929600,0.00,20260774,0,2588,0,0.01,1.34503000,1.34003000,148.06100,0.00
1756936800,-1200.00,20261001,1,2587,1,0.06,198.89300000,198.48200000,148.06100,-1200.00
1756972800,0.00,20260605,0,2590,1,0.01,1.16513000,1.16763000,148.47100,0.00
1756982700,0.00,20261001,0,2591,0,0.06,199.18900000,198.77700000,148.47100,0.00
1757023200,1614.00,20261001,1,2591,1,0.06,199.45800000,198.77700000,148.47100,1614.00
1757062592,-355.00,20260605,1,2590,0,0.01,1.16763000,1.16763000,147.35000,-355.00
1757063700,0.00,20261001,0,2594,0,0.01,199.59100000,199.20100000,147.35000,0.00
1757070000,0.00,20260605,0,2595,0,0.01,1.16773000,1.16523000,147.35000,0.00
1757086230,-392.00,20261001,1,2594,1,0.01,199.19900000,199.20100000,147.35000,-392.00
1757088000,0.00,20260610,0,2597,1,0.01,147.29800000,147.79800000,147.35000,0.00
1757289900,-977.00,20260610,1,2597,0,0.01,148.20000000,147.79800000,147.43600,-977.00
1757304000,0.00,20260610,0,2599,0,0.01,148.34000000,147.84000000,147.43600,0.00
1757325100,-501.00,20260610,1,2599,1,0.01,147.83900000,147.84000000,147.43600,-501.00
1757326500,0.00,20261000,0,2601,1,0.02,147.72000000,148.57400000,147.43600,0.00
1757329200,0.00,20261001,0,2602,1,0.01,199.39800000,200.34100000,147.43600,0.00
1757332800,0.00,20260610,0,2603,1,0.01,147.68200000,148.18200000,147.43600,0.00
1757368800,512.00,20261000,1,2601,0,0.02,147.46400000,148.57400000,147.43600,512.00
1757368800,-462.00,20261001,1,2602,0,0.01,199.86000000,200.34100000,147.43600,-462.00
1757388390,1603.00,20260774,1,2588,1,0.01,1.35603000,1.34003000,147.40100,1603.00
1757417400,0.00,20261000,0,2607,1,0.01,146.67200000,147.51100000,147.40100,0.00
1757417400,0.00,20261001,0,2608,1,0.01,199.07200000,199.86700000,147.40100,0.00
1757417611,1025.00,20260610,1,2603,0,0.01,146.58200000,148.18200000,147.40100,1025.00
1757419200,0.00,20260610,0,2610,1,0.01,146.61500000,147.11500000,147.40100,0.00
1757439674,-501.00,20260610,1,2610,0,0.01,147.11600000,147.11500000,147.40100,-501.00
1757455200,-732.00,20261000,1,2607,0,0.01,147.40400000,147.51100000,147.40100,-732.00
1757455200,-256.00,20261001,1,2608,0,0.01,199.32800000,199.86700000,147.40100,-256.00
1757595600,13.00,20260605,1,2595,1,0.01,1.16855000,1.16523000,147.19900,13.00
1757595600,0.00,20260605,0,2615,1,0.01,1.16855000,1.17105000,147.19900,0.00
1757604691,-369.00,20260605,1,2615,0,0.01,1.17105000,1.17105000,147.19900,-369.00
1757674800,0.00,20261001,0,2617,0,0.06,200.01800000,199.62000000,147.56000,0.00
1757675700,0.00,20261000,0,2618,0,0.01,147.67600000,147.07400000,147.56000,0.00
1757682000,0.00,20260605,0,2619,0,0.01,1.17226000,1.16976000,147.56000,0.00
1757714400,-193.00,20261000,1,2618,1,0.01,147.48300000,147.07400000,147.56000,-193.00
1757714400,684.00,20261001,1,2617,1,0.06,200.13200000,199.62000000,147.56000,684.00
1757934900,0.00,20261001,0,2622,0,0.01,200.33400000,199.84000000,147.31100,0.00
1757973600,100.00,20261001,1,2622,1,0.01,200.43400000,199.84000000,147.31100,100.00
1758017700,0.00,20261000,0,2624,1,0.01,146.72500000,147.53600000,146.45400,0.00
1758042160,1486.00,20260605,1,2619,1,0.01,1.18276000,1.16976000,146.45400,1486.00
1758060000,376.00,20261000,1,2624,0,0.01,146.34900000,147.53600000,146.45400,376.00
1758186900,0.00,20261000,0,2627,0,0.01,147.52500000,146.76200000,147.97900,0.00
1758186900,0.00,20261001,0,2628,0,0.01,200.45300000,199.98400000,147.97900,0.00
1758232800,357.00,20261000,1,2627,1,0.01,147.88200000,146.76200000,147.97900,357.00
1758232800,-32.00,20261001,1,2628,1,0.01,200.42100000,199.98400000,147.97900,-32.00
1758273300,0.00,20261001,0,2631,1,0.01,199.50400000,200.60700000,147.88600,0.00
1758279600,0.00,20260629,0,2632,1,0.01,1.17699000,0.00000000,147.88600,0.00
1758279600,0.00,20260629,0,2633,0,0.01,1.34916000,0.00000000,147.88600,0.00
1758294000,0.00,20260605,0,2634,1,0.01,1.17368000,1.17618000,147.88600,0.00
1758300627,-371.00,20260605,1,2634,0,0.01,1.17619000,1.17618000,147.88600,-371.00
1758319200,202.00,20261001,1,2631,0,0.01,199.30200000,200.60700000,147.88600,202.00
1758542400,0.00,20260610,0,2637,0,0.01,147.85700000,147.35700000,147.69800,0.00
1758546000,0.00,20260605,0,2638,0,0.01,1.17763000,1.17513000,147.69800,0.00
1758625200,0.00,20261001,0,2639,0,0.01,199.74000000,199.33400000,147.56800,0.00
1758627159,-406.00,20261001,1,2639,1,0.01,199.33400000,199.33400000,147.56800,-406.00
1758627900,0.00,20261001,0,2641,1,0.06,199.24500000,199.71600000,147.56800,0.00
1758638820,-2826.00,20261001,1,2641,0,0.06,199.71600000,199.71600000,147.56800,-2826.00
1758708900,0.00,20261000,0,2643,0,0.01,148.08400000,147.50900000,148.88400,0.00
1758721591,-425.00,20260605,1,2638,1,0.01,1.17513000,1.17513000,148.88400,-425.00
1758751200,759.00,20261000,1,2643,1,0.01,148.84300000,147.50900000,148.88400,759.00
1758791700,0.00,20261001,0,2646,0,0.01,200.25700000,199.87100000,149.77600,0.00
1758798000,0.00,20260605,0,2647,1,0.01,1.17332000,1.17582000,149.77600,0.00
1758810920,-386.00,20261001,1,2646,1,0.01,199.87100000,199.87100000,149.77600,-386.00
1758814227,1190.00,20260610,1,2637,1,0.01,148.95700000,147.35700000,149.77600,1190.00
1758816000,0.00,20260610,0,2650,0,0.01,149.24500000,148.74500000,149.77600,0.00
1758859200,0.00,20260774,0,2651,1,0.01,1.33448000,1.33948000,149.42900,0.00
1758878100,0.00,20261001,0,2652,0,0.01,199.99100000,199.58100000,149.42900,0.00
1758906460,-748.00,20260774,1,2651,0,0.01,1.33948000,1.33948000,149.42900,-748.00
1758924000,399.00,20261001,1,2652,1,0.01,200.39000000,199.58100000,149.42900,399.00
1759134760,-440.00,20260610,1,2650,1,0.01,148.74500000,148.74500000,148.56700,-440.00
1759137300,0.00,20261001,0,2656,1,0.01,199.88800000,200.40200000,148.56700,0.00
1759142700,0.00,20261000,0,2657,1,0.01,148.61500000,149.50500000,148.56700,0.00
1759183200,-26.00,20261000,1,2657,0,0.01,148.64100000,149.50500000,148.56700,-26.00
1759183200,149.00,20261001,1,2656,0,0.01,199.73900000,200.40200000,148.56700,149.00
1759225500,0.00,20261000,0,2660,1,0.01,148.11000000,148.83800000,147.85300,0.00
1759226400,0.00,20261001,0,2661,1,0.01,199.01200000,199.76400000,147.85300,0.00
1759232549,-322.00,20260605,1,2647,0,0.01,1.17582000,1.17582000,147.85300,-322.00
1759269600,234.00,20261000,1,2660,0,0.01,147.87600000,148.83800000,147.85300,234.00
1759269600,136.00,20261001,1,2661,0,0.01,198.87600000,199.76400000,147.85300,136.00
1759310100,0.00,20261001,0,2665,1,0.01,198.38600000,199.21200000,147.05100,0.00
1759311000,0.00,20261000,0,2666,1,0.01,147.34300000,148.22300000,147.05100,0.00
1759323600,-435.00,20260629,1,2633,1,0.01,1.34642000,0.00000000,147.05100,-435.00
1759323600,664.00,20260629,1,2632,0,0.01,1.17332000,0.00000000,147.05100,664.00
1759345200,0.00,20260605,0,2669,1,0.01,1.17226000,1.17476000,147.05100,0.00
1759348800,0.00,20260610,0,2670,1,0.01,147.16000000,147.66000000,147.05100,0.00
1759356000,249.00,20261000,1,2666,0,0.01,147.09400000,148.22300000,147.05100,249.00
1759356000,16.00,20261001,1,2665,0,0.01,198.37000000,199.21200000,147.05100,16.00
1759398300,0.00,20261001,0,2673,0,0.01,198.50400000,198.03100000,147.20100,0.00
1759399466,-354.00,20260605,1,2669,0,0.01,1.17477000,1.17476000,147.20100,-354.00
1759402800,0.00,20260605,0,2675,0,0.01,1.17504000,1.17254000,147.20100,0.00
1759407965,-473.00,20261001,1,2673,1,0.01,198.03100000,198.03100000,147.20100,-473.00
1759423417,-368.00,20260605,1,2675,1,0.01,1.17254000,1.17254000,147.20100,-368.00
1759466067,-650.00,20260610,1,2670,0,0.01,147.66000000,147.66000000,147.43600,-650.00
1759737600,0.00,20260610,0,2679,0,0.01,150.31700000,149.81700000,150.31700,0.00
1759752000,0.00,20260774,0,2680,1,0.01,1.34356000,1.34856000,150.31700,0.00
1759765837,-501.00,20260610,1,2679,1,0.01,149.81600000,149.81700000,150.31700,-501.00
1759766400,0.00,20260610,0,2682,0,0.01,149.78100000,149.28100000,150.31700,0.00
1759784494,-752.00,20260774,1,2680,0,0.01,1.34857000,1.34856000,150.31700,-752.00
1759832100,0.00,20261001,0,2684,1,0.01,202.36500000,203.05100000,151.88400,0.00
1759837500,0.00,20261000,0,2685,0,0.01,150.74900000,150.16200000,151.88400,0.00
1759847607,1130.00,20260610,1,2682,1,0.01,150.88100000,149.28100000,151.88400,1130.00
1759859879,-686.00,20261001,1,2684,0,0.01,203.05100000,203.05100000,151.88400,-686.00
1759873202,1174.00,20261000,1,2685,1,0.01,151.92300000,150.16200000,151.88400,1174.00
1759921200,0.00,20261001,0,2689,0,0.01,204.67800000,203.72100000,152.67200,0.00
1759960800,-210.00,20261001,1,2689,1,0.01,204.46800000,203.72100000,152.67200,-210.00
1760010300,0.00,20261001,0,2691,1,0.01,204.30000000,204.87500000,153.04300,0.00
1760047200,858.00,20261001,1,2691,0,0.01,203.44200000,204.87500000,153.04300,858.00
1760089500,0.00,20261001,0,2693,1,0.06,203.08300000,203.74600000,151.17200,0.00
1760133600,3558.00,20261001,1,2693,0,0.06,202.49000000,203.74600000,151.17200,3558.00
1760351400,0.00,20261001,0,2695,0,0.01,203.15500000,202.26100000,152.26000,0.00
1760392800,-106.00,20261001,1,2695,1,0.01,203.04900000,202.26100000,152.26000,-106.00
1760433300,0.00,20261001,0,2697,1,0.01,202.06800000,203.51100000,151.82100,0.00
1760479200,-202.00,20261001,1,2697,0,0.01,202.27000000,203.51100000,151.82100,-202.00
1760607900,0.00,20261001,0,2699,0,0.01,202.86600000,201.99000000,150.41300,0.00
1760643103,-876.00,20261001,1,2699,1,0.01,201.99000000,201.99000000,150.41300,-876.00
1760677200,0.00,20260605,0,2701,0,0.01,1.17012000,1.16762000,150.44500,0.00
1760694300,0.00,20261001,0,2702,1,0.01,201.55600000,202.13800000,150.44500,0.00
1760696100,0.00,20261000,0,2703,1,0.01,149.50400000,150.43100000,150.44500,0.00
1760713805,-931.00,20261000,1,2703,0,0.01,150.43500000,150.43100000,150.44500,-931.00
1760714018,-378.00,20260605,1,2701,1,0.01,1.16761000,1.16762000,150.44500,-378.00
1760736769,-583.00,20261001,1,2702,0,0.01,202.13900000,202.13800000,150.44500,-583.00
1760976000,0.00,20260774,0,2707,1,0.01,1.34254000,1.34754000,150.72200,0.00
1761038100,0.00,20261001,0,2708,0,0.01,202.71400000,201.59600000,151.91600,0.00
1761051600,0.00,20260605,0,2709,1,0.01,1.16203000,1.16453000,151.91600,0.00
1761084000,427.00,20261001,1,2708,1,0.01,203.14100000,201.59600000,151.91600,427.00
1761125400,0.00,20261001,0,2711,1,0.06,202.52400000,203.25800000,151.95900,0.00
1761131680,1644.00,20260774,1,2707,0,0.01,1.33153000,1.34754000,151.95900,1644.00
1761170400,-1962.00,20261001,1,2711,0,0.06,202.85100000,203.25800000,151.95900,-1962.00
1761210900,0.00,20261001,0,2714,0,0.01,203.45100000,202.74800000,152.53600,0.00
1761256800,-235.00,20261001,1,2714,1,0.01,203.21600000,202.74800000,152.53600,-235.00
1761298200,0.00,20261001,0,2716,0,0.01,203.88200000,203.09300000,152.74000,0.00
1761319840,-328.00,20260605,1,2709,0,0.01,1.16453000,1.16453000,152.74000,-328.00
1761328598,-790.00,20261001,1,2716,1,0.01,203.09200000,203.09300000,152.74000,-790.00
1761595200,0.00,20260622,0,2719,0,0.02,152.99500000,152.22100000,152.86000,0.00
1761598800,0.00,20260605,0,2720,0,0.01,1.16383000,1.16133000,152.86000,0.00
1761634480,-1494.00,20260622,1,2719,1,0.02,152.21800000,152.22100000,152.09200,-1494.00
1761724800,-121.00,20260605,1,2720,1,0.01,1.16340000,1.16133000,152.71100,-121.00
1761724800,0.00,20260605,0,2723,1,0.01,1.16340000,1.16590000,152.71100,0.00
1761733800,0.00,20261001,0,2724,1,0.01,201.03800000,201.96800000,152.71100,0.00
1761763575,-382.00,20260605,1,2723,0,0.01,1.16591000,1.16590000,152.71100,-382.00
1761775200,-93.00,20261001,1,2724,0,0.01,201.13100000,201.96800000,152.71100,-93.00
1761817500,0.00,20261000,0,2727,0,0.01,153.50900000,152.15700000,154.11100,0.00
1761817500,0.00,20261001,0,2728,0,0.01,202.61800000,200.97800000,154.11100,0.00
1761861600,571.00,20261000,1,2727,1,0.01,154.08000000,152.15700000,154.11100,571.00
1761861600,-51.00,20261001,1,2728,1,0.01,202.56700000,200.97800000,154.11100,-51.00
1761905700,0.00,20261000,0,2731,0,0.02,154.29600000,153.64600000,153.95800,0.00
1761907500,0.00,20261001,0,2732,0,0.06,202.79400000,202.17300000,153.95800,0.00
1761923344,-3744.00,20261001,1,2732,1,0.06,202.17000000,202.17300000,153.95800,-3744.00
1761948000,-422.00,20261000,1,2731,1,0.02,154.08500000,153.64600000,153.95800,-422.00
1762249500,0.00,20261001,0,2735,1,0.01,201.35800000,202.67200000,153.65100,0.00
1762293600,1394.00,20261001,1,2735,0,0.01,199.96400000,202.67200000,153.65100,1394.00
1762337700,0.00,20261001,0,2737,0,0.01,200.39400000,199.05900000,154.10400,0.00
1762380000,649.00,20261001,1,2737,1,0.01,201.04300000,199.05900000,154.10400,649.00
1762426800,0.00,20261000,0,2739,1,0.01,153.55900000,154.14000000,153.05300,0.00
1762466400,414.00,20261000,1,2739,0,0.01,153.14500000,154.14000000,153.05300,414.00
1762766100,0.00,20261001,0,2741,0,0.01,202.67700000,201.74200000,154.12900,0.00
1762812000,359.00,20261001,1,2741,1,0.01,203.03600000,201.74200000,154.12900,359.00
1762833600,0.00,20260622,0,2743,0,0.02,154.32500000,153.56300000,154.12700,0.00
1762852500,0.00,20261001,0,2744,1,0.01,202.48600000,203.27300000,154.12700,0.00
1762898400,-444.00,20261001,1,2744,0,0.01,202.93000000,203.27300000,154.12700,-444.00
1762930800,0.00,20260605,0,2746,0,0.01,1.15724000,1.15474000,154.78200,0.00
1762942500,0.00,20261001,0,2747,0,0.01,203.54800000,202.54700000,154.78200,0.00
1762984800,-409.00,20261001,1,2747,1,0.01,203.13900000,202.54700000,154.78200,-409.00
1763032500,0.00,20261000,0,2749,1,0.02,154.43000000,155.00800000,154.53500,0.00
1763071200,-90.00,20261000,1,2749,0,0.02,154.47500000,155.00800000,154.53500,-90.00
1763112600,0.00,20261001,0,2751,1,0.01,202.90200000,203.83600000,154.44600,0.00
1763116961,-936.00,20261001,1,2751,0,0.01,203.83800000,203.83600000,154.44600,-936.00
1763552667,3408.00,20260622,1,2743,1,0.02,155.84900000,153.56300000,157.13200,3408.00
1763552700,0.00,20261000,0,2754,0,0.02,155.85900000,155.21400000,157.13200,0.00
1763553600,0.00,20260622,0,2755,0,0.02,155.95600000,155.26800000,157.13200,0.00
1763572234,-532.00,20260605,1,2746,1,0.01,1.15474000,1.15474000,157.13200,-532.00
1763589600,0.00,20260605,0,2757,1,0.01,1.15209000,1.15459000,157.13200,0.00
1763589600,2342.00,20261000,1,2754,1,0.02,157.03000000,155.21400000,157.13200,2342.00
1763610634,2814.00,20260622,1,2755,1,0.02,157.33300000,155.26800000,157.43900,2814.00
1763656289,-379.00,20260605,1,2757,0,0.01,1.15460000,1.15459000,157.43900,-379.00
1763717400,0.00,20261001,0,2761,1,0.01,205.53600000,206.04300000,156.28900,0.00
1763718300,0.00,20261000,0,2762,1,0.01,156.77300000,157.54100000,156.28900,0.00
1763726740,1014.00,20261001,1,2761,0,0.01,204.52200000,206.04300000,156.28900,1014.00
1763762400,440.00,20261000,1,2762,0,0.01,156.33300000,157.54100000,156.28900,440.00
1763956800,0.00,20260622,0,2765,0,0.01,156.72100000,155.70800000,156.83100,0.00
1763979300,0.00,20261001,0,2766,0,0.01,205.40100000,204.64500000,156.83100,0.00
1764021600,60.00,20261001,1,2766,1,0.01,205.46100000,204.64500000,156.83100,60.00
1764068400,0.00,20261001,0,2768,1,0.01,205.14500000,205.70600000,156.01300,0.00
1764069300,0.00,20261000,0,2769,1,0.01,156.37900000,156.98100000,156.01300,0.00
1764088350,-561.00,20261001,1,2768,0,0.01,205.70600000,205.70600000,156.01300,-561.00
1764108000,546.00,20261000,1,2769,0,0.01,155.83300000,156.98100000,156.01300,546.00
1764131213,-954.00,20260622,1,2765,1,0.01,155.70700000,155.70800000,156.45100,-954.00
1764150300,0.00,20261001,0,2773,0,0.01,206.10200000,205.19900000,156.45100,0.00
1764194400,963.00,20261001,1,2773,1,0.01,207.06500000,205.19900000,156.45100,963.00
1764270000,0.00,20260605,0,2775,0,0.01,1.15998000,1.15748000,156.28200,0.00
1764324000,0.00,20261001,0,2776,1,0.01,206.51000000,207.19700000,156.07900,0.00
1764324038,-419.00,20260605,1,2775,1,0.01,1.15747000,1.15748000,156.07900,-419.00
1764331200,0.00,20260605,0,2778,0,0.01,1.15681000,1.15431000,156.07900,0.00
1764367200,-285.00,20261001,1,2776,0,0.01,206.79500000,207.19700000,156.07900,-285.00
1764582300,0.00,20261001,0,2780,1,0.01,205.49400000,206.74700000,155.43900,0.00
1764626400,60.00,20261001,1,2780,0,0.01,205.43400000,206.74700000,155.43900,60.00
1764666900,0.00,20261001,0,2782,0,0.01,205.95100000,205.29300000,155.81400,0.00
1764671400,0.00,20261000,0,2783,0,0.01,155.95100000,155.39400000,155.81400,0.00
1764712800,-60.00,20261000,1,2783,1,0.01,155.89100000,155.39400000,155.81400,-60.00
1764712800,-17.00,20261001,1,2782,1,0.01,205.93400000,205.29300000,155.81400,-17.00
1764754200,0.00,20261001,0,2786,0,0.01,206.15700000,205.58700000,155.21400,0.00
1764774928,1554.00,20260605,1,2778,1,0.01,1.16732000,1.15431000,155.21400,1554.00
1764799200,970.00,20261001,1,2786,1,0.01,207.12700000,205.58700000,155.21400,970.00
1764843300,0.00,20261001,0,2789,1,0.01,206.71400000,207.35600000,155.08300,0.00
1764844200,0.00,20261000,0,2790,1,0.02,154.81400000,155.53900000,155.08300,0.00
1764885600,-420.00,20261000,1,2790,0,0.02,155.02400000,155.53900000,155.08300,-420.00
1764885600,-80.00,20261001,1,2789,0,0.01,206.79400000,207.35600000,155.08300,-80.00
1764934200,0.00,20261001,0,2793,0,0.06,206.84300000,206.21000000,155.21400,0.00
1764972000,1308.00,20261001,1,2793,1,0.06,207.06100000,206.21000000,155.21400,1308.00
1765190700,0.00,20261001,0,2795,0,0.01,207.11600000,206.52700000,155.90900,0.00
1765231200,653.00,20261001,1,2795,1,0.01,207.76900000,206.52700000,155.90900,653.00
1765274400,0.00,20261001,0,2797,0,0.01,208.17900000,207.42800000,156.84900,0.00
1765275300,0.00,20261000,0,2798,0,0.01,156.25600000,155.74000000,156.84900,0.00
1765296000,0.00,20260774,0,2799,0,0.01,1.33147000,1.32647000,156.84900,0.00
1765317600,576.00,20261000,1,2798,1,0.01,156.83200000,155.74000000,156.84900,576.00
1765317600,446.00,20261001,1,2797,1,0.01,208.62500000,207.42800000,156.84900,446.00
1765359900,0.00,20261001,0,2802,0,0.01,208.75800000,208.22800000,155.93100,0.00
1765404000,75.00,20261001,1,2802,1,0.01,208.83300000,208.22800000,155.93100,75.00
1765471050,1715.00,20260774,1,2799,1,0.01,1.34247000,1.32647000,155.54400,1715.00
1765885500,0.00,20261001,0,2805,0,0.06,207.67800000,206.76600000,154.70000,0.00
1765922400,-186.00,20261001,1,2805,1,0.06,207.64700000,206.76600000,154.70000,-186.00
1765964700,0.00,20261001,0,2807,1,0.06,207.26200000,207.98500000,155.66900,0.00
1765966500,0.00,20261000,0,2808,0,0.01,155.56400000,154.50900000,155.66900,0.00
1765991560,-4338.00,20261001,1,2807,0,0.06,207.98500000,207.98500000,155.66900,-4338.00
1766008800,79.00,20261000,1,2808,1,0.01,155.64300000,154.50900000,155.66900,79.00
1766049300,0.00,20261001,0,2811,0,0.01,208.42900000,207.85400000,155.52100,0.00
1766066405,-575.00,20261001,1,2811,1,0.01,207.85400000,207.85400000,155.52100,-575.00
1766138400,0.00,20261000,0,2813,0,0.01,156.73400000,155.43200000,157.72300,0.00
1766181600,793.00,20261000,1,2813,1,0.01,157.52700000,155.43200000,157.72300,793.00
1766395800,0.00,20261001,0,2815,0,0.06,211.03600000,210.45200000,157.03100,0.00
1766440800,738.00,20261001,1,2815,1,0.06,211.15900000,210.45200000,157.03100,738.00
1766488500,0.00,20261000,0,2817,1,0.01,155.77300000,157.02400000,156.15900,0.00
1766527200,-425.00,20261000,1,2817,0,0.01,156.19800000,157.02400000,156.15900,-425.00
1767000600,0.00,20261001,0,2819,1,0.01,210.62200000,211.33600000,156.01900,0.00
1767013200,0.00,20260605,0,2820,0,0.01,1.17660000,1.17410000,156.01900,0.00
1767038400,-222.00,20260605,1,2820,1,0.01,1.17518000,1.17410000,156.01900,-222.00
1767038400,0.00,20260605,0,2822,1,0.01,1.17518000,1.17768000,156.01900,0.00
1767045600,-135.00,20261001,1,2819,0,0.01,210.75700000,211.33600000,156.01900,-135.00
1767077020,-376.00,20260605,1,2822,0,0.01,1.17769000,1.17768000,156.37300,-376.00
1767178800,0.00,20261001,0,2825,1,0.06,210.29600000,210.82600000,156.70100,0.00
1767191714,-3192.00,20261001,1,2825,0,0.06,210.82800000,210.82600000,156.70100,-3192.00
1767326400,0.00,20260605,0,2827,0,0.01,1.17614000,1.17364000,156.77900,0.00
1767346288,-392.00,20260605,1,2827,1,0.01,1.17363000,1.17364000,156.77900,-392.00
1767609000,0.00,20261001,0,2829,1,0.06,210.57200000,211.33200000,156.30300,0.00
1767625200,0.00,20260629,0,2830,0,0.01,1.16712000,0.00000000,156.30300,0.00
1767625200,0.00,20260629,0,2831,1,0.01,1.34555000,0.00000000,156.30300,0.00
1767635480,-4566.00,20261001,1,2829,0,0.06,211.33300000,211.33200000,156.30300,-4566.00
1767639600,-1095.00,20260629,1,2831,0,0.01,1.35256000,0.00000000,156.30300,-1095.00
1767639600,679.00,20260629,1,2830,1,0.01,1.17147000,0.00000000,156.30300,679.00
1767643200,0.00,20260629,0,2835,0,0.01,1.17148000,0.00000000,156.30300,0.00
1767643200,0.00,20260629,0,2836,1,0.01,1.35322000,0.00000000,156.30300,0.00
1767780900,0.00,20261001,0,2837,1,0.01,211.06300000,211.74600000,156.74300,0.00
1767823200,22.00,20261001,1,2837,0,0.01,211.04100000,211.74600000,156.74300,22.00
1767866400,0.00,20261001,0,2839,1,0.01,210.37100000,211.15500000,156.85000,0.00
1767909600,-452.00,20261001,1,2839,0,0.01,210.82300000,211.15500000,156.85000,-452.00
1767931200,0.00,20260610,0,2841,0,0.01,157.16100000,156.66100000,157.82700,0.00
1767945600,0.00,20260627,0,2842,0,0.01,211.35400000,210.52500000,157.82700,0.00
1767951900,0.00,20261000,0,2843,0,0.01,157.54400000,156.68600000,157.82700,0.00
1767951900,0.00,20261001,0,2844,0,0.01,211.41400000,210.41200000,157.82700,0.00
1767996000,340.00,20261000,1,2843,1,0.01,157.88400000,156.68600000,157.82700,340.00
1767996000,250.00,20261001,1,2844,1,0.01,211.66400000,210.41200000,157.82700,250.00
1768216500,0.00,20261001,0,2847,0,0.01,212.39500000,211.57900000,158.04000,0.00
1768255200,548.00,20261001,1,2847,1,0.01,212.94300000,211.57900000,158.04000,548.00
1768272749,1161.00,20260610,1,2841,1,0.01,158.26200000,156.66100000,159.10500,1161.00
1768388400,0.00,20261000,0,2850,1,0.02,158.92100000,159.45000000,158.36800,0.00
1768428000,826.00,20261000,1,2850,0,0.02,158.50800000,159.45000000,158.36800,826.00
1768468500,0.00,20261001,0,2852,0,0.01,213.18900000,212.56000000,158.58300,0.00
1768488998,-630.00,20261001,1,2852,1,0.01,212.55900000,212.56000000,158.58300,-630.00
1768492800,2469.00,20260629,1,2836,0,0.01,1.33734000,0.00000000,158.58300,2469.00
1768492800,-2027.00,20260629,1,2835,1,0.01,1.16013000,0.00000000,158.58300,-2027.00
1768815000,0.00,20261001,0,2856,0,0.01,211.65100000,210.57200000,158.03900,0.00
1768816800,0.00,20261000,0,2857,0,0.02,158.08200000,157.42100000,158.03900,0.00
1768860000,0.00,20261000,1,2857,1,0.02,158.08200000,157.42100000,158.03900,0.00
1768860000,588.00,20261001,1,2856,1,0.01,212.23900000,210.57200000,158.03900,588.00
1768900500,0.00,20261001,0,2860,0,0.01,212.95800000,211.84000000,158.12600,0.00
1768907700,0.00,20261000,0,2861,1,0.02,157.74400000,158.46600000,158.12600,0.00
1768914000,0.00,20260605,0,2862,0,0.01,1.17315000,1.17065000,158.12600,0.00
1768917600,0.00,20260629,0,2863,1,0.01,1.17348000,0.00000000,158.12600,0.00
1768917600,0.00,20260629,0,2864,0,0.01,1.34638000,0.00000000,158.12600,0.00
1768946400,-1092.00,20261000,1,2861,0,0.02,158.29000000,158.46600000,158.12600,-1092.00
1768946400,-418.00,20261001,1,2860,1,0.01,212.54000000,211.84000000,158.12600,-418.00
1768990500,0.00,20261001,0,2867,1,0.01,212.19200000,212.66300000,158.27200,0.00
1768991434,-426.00,20260605,1,2862,1,0.01,1.17064000,1.17065000,158.27200,-426.00
1769013735,-472.00,20261001,1,2867,0,0.01,212.66400000,212.66300000,158.27200,-472.00
1769074200,0.00,20261001,0,2870,0,0.01,213.32600000,212.31600000,158.31000,0.00
1769119200,368.00,20261001,1,2870,1,0.01,213.69400000,212.31600000,158.31000,368.00
1769159700,0.00,20261001,0,2872,0,0.01,214.41100000,213.52600000,155.64700,0.00
1769160334,3599.00,20260627,1,2842,1,0.01,214.67300000,210.52500000,155.64700,3599.00
1769160600,0.00,20261000,0,2874,0,0.01,159.17000000,158.32900000,155.64700,0.00
1769161409,-843.00,20261000,1,2874,1,0.01,158.32700000,158.32900000,155.64700,-843.00
1769161410,-891.00,20261001,1,2872,1,0.01,213.52000000,213.52600000,155.64700,-891.00
1769161500,0.00,20261000,0,2877,1,0.02,157.51300000,158.94700000,155.64700,0.00
1769161500,0.00,20261001,0,2878,1,0.06,212.65500000,214.34400000,155.64700,0.00
1769187744,-10146.00,20261001,1,2878,0,0.06,214.34600000,214.34400000,155.64700,-10146.00
1769191200,1569.00,20260629,1,2864,1,0.01,1.35640000,0.00000000,155.64700,1569.00
1769191200,-322.00,20260629,1,2863,0,0.01,1.17584000,0.00000000,155.64700,-322.00
1769205600,3242.00,20261000,1,2877,0,0.02,155.89200000,158.94700000,155.64700,3242.00
1769486400,0.00,20260610,0,2883,1,0.01,154.34700000,154.84700000,152.11100,0.00
1769510010,-500.00,20260610,1,2883,0,0.01,154.84700000,154.84700000,152.11100,-500.00
1769510700,0.00,20261000,0,2885,0,0.01,154.82100000,154.07800000,152.11100,0.00
1769514732,-744.00,20261000,1,2885,1,0.01,154.07700000,154.07800000,152.11100,-744.00
1769515200,0.00,20260610,0,2887,1,0.01,153.74200000,154.24200000,152.11100,0.00
1769542962,1100.00,20260610,1,2887,0,0.01,152.64200000,154.24200000,152.11100,1100.00
1769544000,0.00,20260610,0,2889,1,0.01,152.76500000,153.26500000,152.11100,0.00
1769620109,-575.00,20260610,1,2889,0,0.01,153.26500000,153.26500000,153.39900,-575.00
1769679000,0.00,20261001,0,2891,0,0.01,212.05200000,211.32300000,153.08100,0.00
1769706879,-729.00,20261001,1,2891,1,0.01,211.32300000,211.32300000,153.08100,-729.00
1769772600,0.00,20261001,0,2893,0,0.01,211.95800000,211.10600000,154.76500,0.00
1769810400,-286.00,20261001,1,2893,1,0.01,211.67200000,211.10600000,154.76500,-286.00
1770119100,0.00,20261001,0,2895,0,0.01,213.07000000,212.36400000,155.70700,0.00
1770156000,144.00,20261001,1,2895,1,0.01,213.21400000,212.36400000,155.70700,144.00
1770199200,0.00,20261001,0,2897,0,0.01,214.55100000,213.01700000,156.82000,0.00
1770205500,0.00,20261000,0,2898,0,0.01,156.57900000,155.64400000,156.82000,0.00
1770206400,0.00,20260610,0,2899,0,0.01,156.64900000,156.14900000,156.82000,0.00
1770242400,244.00,20261000,1,2898,1,0.01,156.82300000,155.64400000,156.82000,244.00
1770242400,-290.00,20261001,1,2897,1,0.01,214.26100000,213.01700000,156.82000,-290.00
1770290100,0.00,20261001,0,2902,1,0.01,213.33900000,214.22700000,156.98100,0.00
1770292800,0.00,20260605,0,2903,1,0.01,1.17805000,1.18055000,156.98100,0.00
1770305417,-404.00,20260605,1,2903,0,0.01,1.18063000,1.18055000,156.98100,-404.00
1770328800,763.00,20261001,1,2902,0,0.01,212.57600000,214.22700000,156.98100,763.00
1770376500,0.00,20261001,0,2906,0,0.01,213.08100000,211.59400000,157.08000,0.00
1770415200,829.00,20261001,1,2906,1,0.01,213.91000000,211.59400000,157.08000,829.00
1770649829,-411.00,20260610,1,2899,1,0.01,156.14800000,156.14900000,155.84900,-411.00
1770652800,0.00,20260610,0,2909,1,0.01,155.92900000,156.42900000,155.84900,0.00
1770737729,1026.00,20260610,1,2909,0,0.01,154.82800000,156.42900000,154.37800,1026.00
1770739200,0.00,20260610,0,2911,1,0.01,154.75900000,155.25900000,154.37800,0.00
1770784708,1025.00,20260610,1,2911,0,0.01,153.65900000,155.25900000,153.23600,1025.00
1770796800,0.00,20260610,0,2913,1,0.01,153.04100000,153.54100000,153.23600,0.00
1770818496,-501.00,20260610,1,2913,0,0.01,153.54200000,153.54100000,153.23600,-501.00
1770825600,0.00,20260610,0,2915,1,0.01,153.83100000,154.33100000,153.23600,0.00
1770838176,1100.00,20260610,1,2915,0,0.01,152.73100000,154.33100000,153.23600,1100.00
1770840000,0.00,20260610,0,2917,1,0.01,152.82800000,153.32800000,153.23600,0.00
1770854940,-594.00,20260610,1,2917,0,0.01,153.34700000,153.32800000,152.72500,-594.00
1770865200,0.00,20260605,0,2919,0,0.01,1.18770000,1.18520000,152.72500,0.00
1770973409,-411.00,20260605,1,2919,1,0.01,1.18520000,1.18520000,152.61300,-411.00
1770975900,0.00,20261001,0,2921,0,0.01,208.93900000,207.70800000,152.61300,0.00
1770979500,0.00,20261000,0,2922,0,0.01,153.59700000,152.60900000,152.61300,0.00
1771010045,-990.00,20261000,1,2922,1,0.01,152.60700000,152.60900000,152.61300,-990.00
1771020000,-506.00,20261001,1,2921,1,0.01,208.43300000,207.70800000,152.61300,-506.00
1771233300,0.00,20261001,0,2925,0,0.01,209.09800000,207.98000000,153.41200,0.00
1771242300,0.00,20261000,0,2926,0,0.01,153.50600000,152.53600000,153.41200,0.00
1771279200,-24.00,20261000,1,2926,1,0.01,153.48200000,152.53600000,153.41200,-24.00
1771279200,127.00,20261001,1,2925,1,0.01,209.22500000,207.98000000,153.41200,127.00
1771319700,0.00,20261001,0,2929,1,0.01,207.53800000,209.49100000,153.26100,0.00
1771351200,0.00,20260629,0,2930,1,0.01,1.18106000,0.00000000,153.26100,0.00
1771351200,0.00,20260629,0,2931,0,0.01,1.35034000,0.00000000,153.26100,0.00
1771365600,-300.00,20261001,1,2929,0,0.01,207.83800000,209.49100000,153.26100,-300.00
1771407900,0.00,20261001,0,2933,0,0.01,208.33700000,207.55700000,154.78400,0.00
1771452000,534.00,20261001,1,2933,1,0.01,208.87100000,207.55700000,154.78400,534.00
1771466400,0.00,20260605,0,2935,1,0.01,1.17883000,1.18133000,154.97300,0.00
1771584300,0.00,20261000,0,2936,0,0.01,155.55600000,154.83400000,154.94300,0.00
1771588800,0.00,20260774,0,2937,1,0.01,1.34664000,1.35164000,154.94300,0.00
1771607739,-723.00,20261000,1,2936,1,0.01,154.83300000,154.83400000,154.94300,-723.00
1771809681,-358.00,20260605,1,2935,0,0.01,1.18135000,1.18133000,154.59100,-358.00
1771810707,-780.00,20260774,1,2937,0,0.01,1.35164000,1.35164000,154.59100,-780.00
1771844400,0.00,20261001,0,2941,0,0.01,209.11300000,208.20800000,154.59100,0.00
1771873992,-905.00,20261001,1,2941,1,0.01,208.20800000,208.20800000,154.59100,-905.00
1771924500,0.00,20261000,0,2943,0,0.01,155.72800000,154.52100000,155.81000,0.00
1771924500,0.00,20261001,0,2944,0,0.01,209.88100000,208.42400000,155.81000,0.00
1771970400,48.00,20261000,1,2943,1,0.01,155.77600000,154.52100000,155.81000,48.00
1771970400,442.00,20261001,1,2944,1,0.01,210.32300000,208.42400000,155.81000,442.00
1772013600,0.00,20261001,0,2947,0,0.01,210.90700000,209.99800000,156.28600,0.00
1772017200,0.00,20261000,0,2948,0,0.02,156.30700000,155.34600000,156.28600,0.00
1772056800,264.00,20261000,1,2948,1,0.02,156.43900000,155.34600000,156.28600,264.00
1772056800,1073.00,20261001,1,2947,1,0.01,211.98000000,209.99800000,156.28600,1073.00
1772078400,0.00,20260774,0,2951,0,0.01,1.35738000,1.35238000,156.10600,0.00
1772092800,-211.00,20260774,1,2951,1,0.01,1.35603000,1.35238000,156.10600,-211.00
1772092800,0.00,20260774,0,2953,1,0.01,1.35603000,1.36103000,156.10600,0.00
1772100900,0.00,20261001,0,2954,1,0.01,211.16800000,211.94600000,156.10600,0.00
1772135381,1721.00,20260774,1,2953,0,0.01,1.34503000,1.36103000,156.10600,1721.00
1772143200,586.00,20261001,1,2954,0,0.01,210.58200000,211.94600000,156.10600,586.00
1772424000,0.00,20260605,0,2957,1,0.01,1.17918000,1.18168000,157.32600,0.00
1772446500,0.00,20261000,0,2958,0,0.01,157.15800000,155.93700000,157.32600,0.00
1772474079,1656.00,20260605,1,2957,0,0.01,1.16868000,1.18168000,157.32600,1656.00
1772488800,-5.00,20261000,1,2958,1,0.01,157.15300000,155.93700000,157.32600,-5.00
1772529300,0.00,20261001,0,2961,1,0.01,209.91800000,211.35200000,157.72400,0.00
1772538300,0.00,20261000,0,2962,0,0.02,157.74100000,157.17400000,157.72400,0.00
1772560800,-3240.00,20260629,1,2931,1,0.01,1.33013000,0.00000000,157.72400,-3240.00
1772560800,3907.00,20260629,1,2930,0,0.01,1.15732000,0.00000000,157.72400,3907.00
1772575200,-154.00,20261000,1,2962,1,0.02,157.66400000,157.17400000,157.72400,-154.00
1772575200,-658.00,20261001,1,2961,0,0.01,210.57600000,211.35200000,157.72400,-658.00
1773053100,0.00,20261001,0,2967,0,0.01,211.42400000,210.60200000,157.64400,0.00
1773093600,584.00,20261001,1,2967,1,0.01,212.00800000,210.60200000,157.64400,584.00
1773129600,0.00,20260774,0,2969,1,0.01,1.34244000,1.34744000,158.03000,0.00
1773138504,-790.00,20260774,1,2969,0,0.01,1.34745000,1.34744000,158.03000,-790.00
1773138600,0.00,20261000,0,2971,1,0.01,157.38100000,157.95200000,158.03000,0.00
1773138600,0.00,20261001,0,2972,0,0.01,212.05600000,211.54400000,158.03000,0.00
1773155788,-571.00,20261000,1,2971,0,0.01,157.95200000,157.95200000,158.03000,-571.00
1773158400,0.00,20260774,0,2974,1,0.01,1.34410000,1.34910000,158.03000,0.00
1773180000,-73.00,20261001,1,2972,1,0.01,211.98300000,211.54400000,158.03000,-73.00
1773288000,0.00,20260610,0,2976,0,0.01,158.98400000,158.48400000,159.34200,0.00
1773314100,0.00,20261001,0,2977,1,0.01,212.49800000,213.14800000,159.34200,0.00
1773352800,-189.00,20261001,1,2977,0,0.01,212.68700000,213.14800000,159.34200,-189.00
1773387398,1740.00,20260774,1,2974,0,0.01,1.33309000,1.34910000,159.71400,1740.00
1773395100,0.00,20261001,0,2980,1,0.01,212.23900000,212.86900000,159.71400,0.00
1773439200,825.00,20261001,1,2980,0,0.01,211.41400000,212.86900000,159.71400,825.00
1773849600,0.00,20260622,0,2982,0,0.02,159.44900000,158.69200000,159.83000,0.00
1773915300,0.00,20261001,0,2983,1,0.01,211.51800000,212.34400000,157.67100,0.00
1773916200,0.00,20261000,0,2984,1,0.01,159.40200000,159.85300000,157.67100,0.00
1773937238,-1454.00,20260622,1,2982,1,0.02,158.69200000,158.69200000,157.67100,-1454.00
1773938979,903.00,20261000,1,2984,0,0.01,158.49900000,159.85300000,157.67100,903.00
1773938981,-351.00,20260610,1,2976,1,0.01,158.48300000,158.48400000,157.67100,-351.00
1773957600,-102.00,20261001,1,2983,0,0.01,211.62000000,212.34400000,157.67100,-102.00
1773961200,0.00,20260605,0,2989,0,0.01,1.15850000,1.15600000,157.67100,0.00
1773987299,-428.00,20260605,1,2989,1,0.01,1.15598000,1.15600000,159.21500,-428.00
1773998100,0.00,20261001,0,2991,0,0.01,212.38100000,211.56500000,159.21500,0.00
1774044000,-33.00,20261001,1,2991,1,0.01,212.34800000,211.56500000,159.21500,-33.00
1774299600,0.00,20260605,0,2993,0,0.01,1.16021000,1.15771000,158.43000,0.00
1774336523,-425.00,20260605,1,2993,1,0.01,1.15771000,1.15771000,158.69300,-425.00
1774347300,0.00,20261001,0,2995,0,0.06,212.94900000,212.28100000,158.69300,0.00
1774353040,-4008.00,20261001,1,2995,1,0.06,212.28100000,212.28100000,158.69300,-4008.00
1774607400,0.00,20261001,0,2997,0,0.01,213.07600000,212.59300000,160.24000,0.00
1774622297,-483.00,20261001,1,2997,1,0.01,212.59300000,212.59300000,160.24000,-483.00
1774648800,0.00,20260605,0,2999,1,0.01,1.15134000,1.15384000,160.24000,0.00
1774865700,0.00,20261001,0,3000,1,0.01,211.69000000,212.60600000,159.69900,0.00
1774908000,1223.00,20261001,1,3000,0,0.01,210.46700000,212.60600000,159.69900,1223.00
1774929600,0.00,20260622,0,3002,0,0.02,159.88600000,159.16500000,158.70200,0.00
1774975505,-1452.00,20260622,1,3002,1,0.02,159.16000000,159.16500000,158.70200,-1452.00
1774978320,-365.00,20260605,1,2999,0,0.01,1.15385000,1.15384000,158.70200,-365.00
1774980000,0.00,20260605,0,3005,1,0.01,1.15200000,1.15450000,158.70200,0.00
1774986029,-398.00,20260605,1,3005,0,0.01,1.15450000,1.15450000,158.70200,-398.00
1774998000,0.00,20260605,0,3007,0,0.01,1.15594000,1.15344000,158.70200,0.00
1775037600,0.00,20261000,0,3008,1,0.01,158.30700000,159.01100000,158.78300,0.00
1775041200,0.00,20261001,0,3009,0,0.01,210.56000000,209.66100000,158.78300,0.00
1775080800,-546.00,20261000,1,3008,0,0.01,158.85300000,159.01100000,158.78300,-546.00
1775080800,638.00,20261001,1,3009,1,0.01,211.19800000,209.66100000,158.78300,638.00
1775109600,-261.00,20260605,1,3007,1,0.01,1.15466000,1.15344000,159.51300,-261.00
1775109600,0.00,20260605,0,3013,1,0.01,1.15466000,1.15716000,159.51300,0.00
1775121300,0.00,20261001,0,3014,1,0.01,210.40800000,211.27400000,159.51300,0.00
1775124900,0.00,20261000,0,3015,0,0.01,159.60600000,158.53500000,159.51300,0.00
1775152800,-78.00,20260605,1,3013,0,0.01,1.15515000,1.15716000,159.51300,-78.00
1775152800,0.00,20260605,0,3017,0,0.01,1.15515000,1.15265000,159.51300,0.00
1775167200,26.00,20261000,1,3015,1,0.01,159.63200000,158.53500000,159.51300,26.00
1775167200,-648.00,20261001,1,3014,0,0.01,211.05600000,211.27400000,159.51300,-648.00
1775213100,0.00,20261001,0,3020,0,0.01,211.29300000,210.57300000,159.50100,0.00
1775230226,-428.00,20260605,1,3017,1,0.01,1.15265000,1.15265000,159.50100,-428.00
1775230242,-721.00,20261001,1,3020,1,0.01,210.57200000,210.57300000,159.50100,-721.00
1775469600,0.00,20261001,0,3023,0,0.01,210.99500000,210.22500000,159.67500,0.00
1775512800,387.00,20261001,1,3023,1,0.01,211.38200000,210.22500000,159.67500,387.00
1775554200,0.00,20261001,0,3025,0,0.01,211.54900000,211.08700000,159.52900,0.00
1775581200,0.00,20260605,0,3026,0,0.01,1.15640000,1.15390000,159.52900,0.00
1775599200,375.00,20261001,1,3025,1,0.01,211.92400000,211.08700000,159.52900,375.00
1775613580,1647.00,20260605,1,3026,1,0.01,1.16690000,1.15390000,158.50800,1647.00
1775729700,0.00,20261001,0,3029,0,0.01,212.81000000,212.16600000,158.91900,0.00
1775734200,0.00,20261000,0,3030,0,0.01,159.09000000,158.41300000,158.91900,0.00
1775772000,-80.00,20261000,1,3030,1,0.01,159.01000000,158.41300000,158.91900,-80.00
1775772000,778.00,20261001,1,3029,1,0.01,213.58800000,212.16600000,158.91900,778.00
1775812500,0.00,20261001,0,3033,0,0.01,213.76200000,213.35200000,159.18600,0.00
1775858400,771.00,20261001,1,3033,1,0.01,214.53300000,213.35200000,159.18600,771.00
1776075300,0.00,20261001,0,3035,0,0.01,214.27400000,213.52500000,159.43400,0.00
1776117600,936.00,20261001,1,3035,1,0.01,215.21000000,213.52500000,159.43400,936.00
1776182400,0.00,20260774,0,3037,0,0.01,1.35871000,1.35371000,158.77700,0.00
1776330900,0.00,20261001,0,3038,0,0.01,215.71800000,215.10700000,159.09200,0.00
1776342695,-805.00,20260774,1,3037,1,0.01,1.35371000,1.35371000,159.09200,-805.00
1776376800,-285.00,20261001,1,3038,1,0.01,215.43300000,215.10700000,159.09200,-285.00
1776770100,0.00,20261000,0,3041,0,0.01,159.17700000,158.59500000,159.33700,0.00
1776808800,193.00,20261000,1,3041,1,0.01,159.37000000,158.59500000,159.33700,193.00
1776855600,0.00,20261001,0,3043,0,0.01,215.37600000,214.98300000,159.45600,0.00
1776869739,-395.00,20261001,1,3043,1,0.01,214.98100000,214.98300000,159.45600,-395.00
1776924000,0.00,20260605,0,3045,1,0.01,1.16971000,1.17221000,159.69200,0.00
1777030200,0.00,20261001,0,3046,0,0.01,215.31600000,214.81700000,159.29100,0.00
1777068000,352.00,20261001,1,3046,1,0.01,215.66800000,214.81700000,159.29100,352.00
1777074360,-383.00,20260605,1,3045,0,0.01,1.17222000,1.17221000,159.29100,-383.00
1777369500,0.00,20261001,0,3049,1,0.01,215.12100000,215.82300000,159.60100,0.00
1777413600,-641.00,20261001,1,3049,0,0.01,215.76200000,215.82300000,159.60100,-641.00
1777540500,0.00,20261001,0,3051,0,0.01,216.28200000,215.85600000,156.55500,0.00
1777546651,-428.00,20261001,1,3051,1,0.01,215.85400000,215.85600000,156.55500,-428.00
1777548600,0.00,20261000,0,3053,1,0.02,159.91500000,160.65600000,156.55500,0.00
1777548600,0.00,20261001,0,3054,1,0.06,215.78700000,216.22900000,156.55500,0.00
1777550400,0.00,20260610,0,3055,0,0.01,159.59000000,159.09000000,156.55500,0.00
1777551576,5304.00,20261001,1,3054,0,0.06,214.90300000,216.22900000,156.55500,5304.00
1777555597,-502.00,20260610,1,3055,1,0.01,159.08800000,159.09000000,156.55500,-502.00
1777555778,2966.00,20261000,1,3053,0,0.02,158.43200000,160.65600000,156.55500,2966.00
1777564800,0.00,20260610,0,3059,1,0.01,156.82200000,157.32200000,156.55500,0.00
1777614635,-575.00,20260610,1,3059,0,0.01,157.32200000,157.32200000,156.93100,-575.00
1777629600,0.00,20261000,0,3061,1,0.02,155.96300000,157.32500000,156.93100,0.00
1777629600,0.00,20261001,0,3062,1,0.06,212.26900000,214.04600000,156.93100,0.00
1777672800,-2112.00,20261000,1,3061,0,0.02,157.01900000,157.32500000,156.93100,-2112.00
1777672800,-6030.00,20261001,1,3062,0,0.06,213.27400000,214.04600000,156.93100,-6030.00
1777867200,0.00,20260605,0,3065,0,0.01,1.17274000,1.17024000,157.21400,0.00
1777900050,-396.00,20260605,1,3065,1,0.01,1.17022000,1.17024000,157.21400,-396.00
1777903200,0.00,20260605,0,3067,1,0.01,1.17049000,1.17299000,157.21400,0.00
1777914000,-160.00,20260605,1,3067,0,0.01,1.17151000,1.17299000,157.21400,-160.00
1777914000,0.00,20260605,0,3069,0,0.01,1.17151000,1.16901000,157.21400,0.00
1777921709,-393.00,20260605,1,3069,1,0.01,1.16901000,1.16901000,157.21400,-393.00
1778011200,0.00,20260605,0,3071,1,0.01,1.16992000,1.17242000,157.87100,0.00
1778033677,-378.00,20260605,1,3071,0,0.01,1.17243000,1.17242000,156.34200,-378.00
1778205600,0.00,20260605,0,3073,0,0.01,1.17253000,1.17003000,156.62100,0.00
1778231700,0.00,20261001,0,3074,0,0.01,212.97500000,212.26700000,156.62100,0.00
1778277600,467.00,20261001,1,3074,1,0.01,213.44200000,212.26700000,156.62100,467.00
1778583600,0.00,20260629,0,3076,1,0.01,1.17477000,0.00000000,157.60500,0.00
1778583600,0.00,20260629,0,3077,0,0.01,1.35186000,0.00000000,157.60500,0.00
1778584500,0.00,20261001,0,3078,1,0.01,212.80700000,214.19700000,157.60500,0.00
1778623200,-458.00,20261001,1,3078,0,0.01,213.26500000,214.19700000,157.60500,-458.00
1778673157,-477.00,20260605,1,3073,1,0.01,1.17003000,1.17003000,157.86700,-477.00
1778680800,0.00,20260605,0,3081,1,0.01,1.17125000,1.17375000,157.86700,0.00
1778837400,0.00,20261001,0,3082,1,0.01,211.50600000,212.24600000,158.78500,0.00
1778882400,81.00,20261001,1,3082,0,0.01,211.42500000,212.24600000,158.78500,81.00
1779095700,0.00,20261001,0,3084,0,0.01,211.92600000,211.15900000,158.81800,0.00
1779131603,1534.00,20261001,1,3084,1,0.01,213.46000000,211.15900000,158.81800,1534.00
1779206400,0.00,20260610,0,3086,0,0.01,159.06900000,158.56900000,159.04800,0.00
1779207579,1737.00,20260605,1,3081,0,0.01,1.16074000,1.17375000,159.04800,1737.00
1779449400,0.00,20261001,0,3088,0,0.01,213.70400000,213.12900000,159.12000,0.00
1779454800,-1499.00,20260629,1,3077,1,0.01,1.34269000,0.00000000,159.12000,-1499.00
1779454800,2408.00,20260629,1,3076,0,0.01,1.16046000,0.00000000,159.12000,2408.00
1779487200,275.00,20261001,1,3088,1,0.01,213.97900000,213.12900000,159.12000,275.00
1779704100,0.00,20261001,0,3092,0,0.01,214.36000000,213.47300000,158.87700,0.00
1779746400,267.00,20261001,1,3092,1,0.01,214.62700000,213.47300000,158.87700,267.00
1779790500,0.00,20261000,0,3094,0,0.01,159.15600000,158.77700000,159.29000,0.00
1779832800,177.00,20261000,1,3094,1,0.01,159.33300000,158.77700000,159.29000,177.00
1779915600,0.00,20260605,0,3096,0,0.01,1.16276000,1.16026000,159.50500,0.00
1779949122,-428.00,20260605,1,3096,1,0.01,1.16026000,1.16026000,159.22600,-428.00
1779969600,0.00,20260774,0,3098,1,0.01,1.34013000,1.34513000,159.22600,0.00
1779984000,0.00,20260605,0,3099,0,0.01,1.16369000,1.16119000,159.22600,0.00
1779988457,-799.00,20260774,1,3098,0,0.01,1.34515000,1.34513000,159.22600,-799.00
1780305300,0.00,20261001,0,3101,0,0.01,214.76600000,214.27000000,159.63100,0.00
1780332697,-496.00,20261001,1,3101,1,0.01,214.27000000,214.27000000,159.63100,-496.00
1780332700,-457.00,20260605,1,3099,1,0.01,1.16119000,1.16119000,159.63100,-457.00
1780391700,0.00,20261001,0,3104,0,0.01,215.20000000,214.63300000,159.89300,0.00
1780434000,0.00,20260605,0,3105,1,0.01,1.16213000,1.16463000,159.89300,0.00
1780437600,169.00,20261001,1,3104,1,0.01,215.36900000,214.63300000,159.89300,169.00
1780483500,0.00,20261000,0,3107,1,0.02,159.66500000,159.99700000,160.05100,0.00
1780510061,-668.00,20261000,1,3107,0,0.02,159.99900000,159.99700000,160.05100,-668.00
1780585200,-298.00,20260605,1,3105,0,0.01,1.16421000,1.16463000,160.00700,-298.00
1780585200,0.00,20260605,0,3110,0,0.01,1.16421000,1.16171000,160.00700,0.00
1780596000,-189.00,20260605,1,3110,1,0.01,1.16303000,1.16171000,160.00700,-189.00
1780596000,0.00,20260605,0,3112,1,0.01,1.16303000,1.16553000,160.00700,0.00
1780652700,0.00,20261001,0,3113,0,0.06,214.90300000,214.52400000,160.23400,0.00
1780675048,1490.00,20260610,1,3086,1,0.01,160.16900000,158.56900000,160.23400,1490.00
1780675289,-2280.00,20261001,1,3113,1,0.06,214.52300000,214.52400000,160.23400,-2280.00
1780686977,1699.00,20260605,1,3112,0,0.01,1.15253000,1.16553000,160.23400,1699.00
1780996500,0.00,20261001,0,3117,0,0.01,214.07900000,213.47400000,160.34200,0.00
1781042400,605.00,20261001,1,3117,1,0.01,214.68400000,213.47400000,160.34200,605.00
1781082900,0.00,20261001,0,3119,0,0.01,214.78100000,214.23500000,160.52200,0.00
1781128800,-52.00,20261001,1,3119,1,0.01,214.72900000,214.23500000,160.52200,-52.00
1781173800,0.00,20261001,0,3121,0,0.01,214.91900000,214.31800000,159.90900,0.00
1781191358,-601.00,20261001,1,3121,1,0.01,214.31800000,214.31800000,159.90900,-601.00
1781553600,0.00,20260605,0,3123,0,0.01,1.16038000,1.15788000,160.31900,0.00
1781594012,-431.00,20260605,1,3123,1,0.01,1.15787000,1.15788000,160.35500,-431.00
1781609400,0.00,20261001,0,3125,0,0.06,215.08100000,214.52000000,160.35500,0.00
1781647200,2148.00,20261001,1,3125,1,0.06,215.43900000,214.52000000,160.35500,2148.00
1781694000,0.00,20261000,0,3127,1,0.01,160.18700000,160.43900000,160.63800,0.00
1781712000,0.00,20260605,0,3128,0,0.01,1.16024000,1.15774000,160.63800,0.00
1781730014,-402.00,20260605,1,3128,1,0.01,1.15773000,1.15774000,160.63800,-402.00
1781730330,-254.00,20261000,1,3127,0,0.01,160.44100000,160.43900000,160.63800,-254.00
1781733600,0.00,20260605,0,3131,1,0.01,1.15385000,1.15635000,160.63800,0.00
1781775000,0.00,20261001,0,3132,0,0.01,214.04200000,213.10800000,161.36400,0.00
1781783121,-934.00,20261001,1,3132,1,0.01,213.10800000,213.10800000,161.36400,-934.00
1781794800,0.00,20260629,0,3134,1,0.01,1.14571000,0.00000000,161.36400,0.00
1781794800,0.00,20260629,0,3135,0,0.01,1.32114000,0.00000000,161.36400,0.00
1781855359,1719.00,20260605,1,3131,0,0.01,1.14335000,1.15635000,161.23700,1719.00
1781868600,0.00,20261001,0,3137,0,0.06,213.22900000,212.45800000,161.23700,0.00
1781906400,1038.00,20261001,1,3137,1,0.06,213.40200000,212.45800000,161.23700,1038.00
1781913599,37.00,0,1,3135,1,0.01,1.32140000,0.00000000,161.23700,37.00
1781913599,-246.00,0,1,3134,0,0.01,1.14735000,0.00000000,161.23700,-246.00
1781913599,67097.00,0,1,2491,1,0.03,112.96500000,0.00000000,161.23700,67097.00
