time,profit,magic,entry,position_id,type,volume,price,sl,usdjpy,profit_jpy
1624237200,0.00,20260650,0,2,0,0.03,82.50600000,0.00000000,110.17400,0.00
1625072400,0.00,20260605,0,3,1,0.01,1.18739000,1.18989000,111.09200,0.00
1626174000,280.00,20260605,1,3,0,0.01,1.18518000,1.18989000,110.62200,280.00
1626174000,0.00,20260605,0,5,0,0.01,1.18518000,1.18268000,110.62200,0.00
1626181200,-105.00,20260605,1,5,1,0.01,1.18423000,1.18268000,110.62200,-105.00
1626181200,0.00,20260605,0,7,1,0.01,1.18423000,1.18673000,110.62200,0.00
1626350400,-69.00,20260605,1,7,0,0.01,1.18493000,1.18673000,109.80400,-69.00
1626350400,0.00,20260605,0,9,0,0.01,1.18493000,1.18243000,109.80400,0.00
1626356728,-275.00,20260605,1,9,1,0.01,1.18243000,1.18243000,109.80400,-275.00
1626357600,0.00,20260605,0,11,1,0.01,1.18173000,1.18423000,109.80400,0.00
1626667200,0.00,20260610,0,12,1,0.01,109.86700000,110.36700000,109.37600,0.00
1626742800,-5919.00,20260650,1,2,1,0.03,80.35800000,0.00000000,109.81400,-5919.00
1626774300,0.00,20261001,0,14,1,0.06,149.38500000,149.97200000,109.81400,0.00
1626777900,0.00,20261000,0,15,0,0.01,109.69900000,109.35700000,109.81400,0.00
1626780701,-3522.00,20261001,1,14,0,0.06,149.97200000,149.97200000,109.81400,-3522.00
1626787418,-342.00,20261000,1,15,1,0.01,109.35700000,109.35700000,109.81400,-342.00
1626858900,0.00,20261001,0,18,1,0.01,149.37800000,149.96600000,110.28500,0.00
1626864300,0.00,20261000,0,19,0,0.01,110.09100000,109.78900000,110.28500,0.00
1626866608,-600.00,20261001,1,18,0,0.01,149.97800000,149.96600000,110.28500,-600.00
1626867000,0.00,20261001,0,21,0,0.06,150.04000000,149.48000000,110.28500,0.00
1626885254,-550.00,20260610,1,12,0,0.01,110.36700000,110.36700000,110.28500,-550.00
1626897600,0.00,20260610,0,23,0,0.01,110.30700000,109.80700000,110.28500,0.00
1626897818,6720.00,20261001,1,21,1,0.06,151.16000000,149.48000000,110.28500,6720.00
1626904800,174.00,20261000,1,19,1,0.01,110.26500000,109.78900000,110.28500,174.00
1626948000,0.00,20261001,0,26,0,0.06,151.28200000,150.73500000,110.09300,0.00
1626991200,2580.00,20261001,1,26,1,0.06,151.71200000,150.73500000,110.09300,2580.00
1627037100,0.00,20261000,0,28,0,0.01,110.38600000,110.05900000,110.54000,0.00
1627077600,169.00,20261000,1,28,1,0.01,110.55500000,110.05900000,110.54000,169.00
1627292700,0.00,20261001,0,30,1,0.01,151.56900000,152.15900000,110.36200,0.00
1627295400,0.00,20261000,0,31,1,0.01,110.14000000,110.58400000,110.36200,0.00
1627302397,-590.00,20261001,1,30,0,0.01,152.15900000,152.15900000,110.36200,-590.00
1627318800,150.00,20260605,1,11,0,0.01,1.18062000,1.18423000,110.36200,150.00
1627318800,0.00,20260605,0,34,0,0.01,1.18062000,1.17812000,110.36200,0.00
1627336800,-243.00,20261000,1,31,0,0.01,110.38300000,110.58400000,110.36200,-243.00
1627380000,-209.00,20260605,1,34,1,0.01,1.17879000,1.17812000,109.75300,-209.00
1627380000,0.00,20260605,0,37,1,0.01,1.17879000,1.18129000,109.75300,0.00
1627381800,0.00,20261000,0,38,1,0.01,110.08200000,110.38700000,109.75300,0.00
1627399199,-277.00,20260605,1,37,0,0.01,1.18131000,1.18129000,109.75300,-277.00
1627408769,-467.00,20260610,1,23,1,0.01,109.80000000,109.80700000,109.75300,-467.00
1627423200,0.00,20260605,0,41,0,0.01,1.18232000,1.17982000,109.75300,0.00
1627423200,363.00,20261000,1,38,0,0.01,109.71900000,110.38700000,109.75300,363.00
1627486205,-289.00,20260605,1,41,1,0.01,1.17975000,1.17982000,109.90000,-289.00
1627495200,0.00,20260605,0,44,0,0.01,1.18000000,1.17750000,109.90000,0.00
1627506043,-307.00,20260605,1,44,1,0.01,1.17720000,1.17750000,109.90000,-307.00
1627551000,0.00,20261001,0,46,0,0.01,152.98100000,152.51300000,109.46400,0.00
1627588800,0.00,20260610,0,47,1,0.01,109.52600000,110.02600000,109.46400,0.00
1627596000,-61.00,20261001,1,46,1,0.01,152.92000000,152.51300000,109.46400,-61.00
1628068500,0.00,20261001,0,49,0,0.01,151.96800000,151.53100000,109.46900,0.00
1628076600,0.00,20261000,0,50,0,0.01,109.20400000,108.92500000,109.46900,0.00
1628090132,-283.00,20261000,1,50,1,0.01,108.92100000,108.92500000,109.46900,-283.00
1628090322,-437.00,20261001,1,49,1,0.01,151.53100000,151.53100000,109.46900,-437.00
1628157600,0.00,20261001,0,53,0,0.01,152.41100000,151.98800000,109.76300,0.00
1628164800,0.00,20260774,0,54,0,0.01,1.39156000,1.38656000,109.76300,0.00
1628200800,493.00,20261001,1,53,1,0.01,152.90400000,151.98800000,109.76300,493.00
1628263843,-674.00,20260610,1,47,0,0.01,110.05000000,110.02600000,110.20800,-674.00
1628269200,0.00,20260605,0,57,1,0.01,1.17739000,1.17989000,110.20800,0.00
1628272537,-551.00,20260774,1,54,1,0.01,1.38656000,1.38656000,110.20800,-551.00
1628496000,0.00,20260774,0,59,0,0.01,1.38707000,1.38207000,110.21300,0.00
1628594100,0.00,20261000,0,60,0,0.01,110.47200000,110.21300000,110.54500,0.00
1628625600,-426.00,20260774,1,59,1,0.01,1.38323000,1.38207000,110.54500,-426.00
1628625600,0.00,20260774,0,62,1,0.01,1.38323000,1.38823000,110.54500,0.00
1628632800,104.00,20261000,1,60,1,0.01,110.57600000,110.21300000,110.54500,104.00
1628674200,0.00,20261000,0,64,0,0.01,110.74500000,110.44800000,110.40500,0.00
1628674200,0.00,20261001,0,65,0,0.01,153.10000000,152.78700000,110.40500,0.00
1628695841,-325.00,20261000,1,64,1,0.01,110.42000000,110.44800000,110.40500,-325.00
1628712065,-553.00,20260774,1,62,0,0.01,1.38823000,1.38823000,110.40500,-553.00
1628719200,39.00,20261001,1,65,1,0.01,153.13900000,152.78700000,110.40500,39.00
1628841600,0.00,20260610,0,69,0,0.01,110.41200000,109.91200000,109.58700,0.00
1628849700,0.00,20261001,0,70,1,0.06,152.24100000,152.58100000,109.58700,0.00
1628874661,-500.00,20260610,1,69,1,0.01,109.91200000,109.91200000,109.58700,-500.00
1628878745,-255.00,20260605,1,57,0,0.01,1.17989000,1.17989000,109.58700,-255.00
1628884800,0.00,20260610,0,73,1,0.01,109.67100000,110.17100000,109.58700,0.00
1628892000,1512.00,20261001,1,70,0,0.06,151.98900000,152.58100000,109.58700,1512.00
1629100800,0.00,20260774,0,75,0,0.01,1.38565000,1.38065000,109.13100,0.00
1629108000,0.00,20261001,0,76,1,0.01,151.39000000,152.20000000,109.13100,0.00
1629151200,231.00,20261001,1,76,0,0.01,151.15900000,152.20000000,109.13100,231.00
1629192600,0.00,20261001,0,78,1,0.06,150.97500000,151.33600000,109.54600,0.00
1629193289,-548.00,20260774,1,75,1,0.01,1.38065000,1.38065000,109.54600,-548.00
1629237600,2856.00,20261001,1,78,0,0.06,150.49900000,151.33600000,109.54600,2856.00
1629350735,-600.00,20260610,1,73,0,0.01,110.17100000,110.17100000,109.66800,-600.00
1629365400,0.00,20261001,0,82,1,0.06,150.71500000,151.21300000,109.66800,0.00
1629372600,0.00,20261000,0,83,1,0.02,109.64800000,110.22800000,109.66800,0.00
1629374699,5976.00,20261001,1,82,0,0.06,149.71900000,151.21300000,109.66800,5976.00
1629410400,-290.00,20261000,1,83,0,0.02,109.79300000,110.22800000,109.66800,-290.00
1629455400,0.00,20261001,0,86,1,0.06,149.20200000,149.88500000,109.79200,0.00
1629496800,-2316.00,20261001,1,86,0,0.06,149.58800000,149.88500000,109.79200,-2316.00
1629723600,0.00,20260605,0,88,1,0.01,1.17239000,1.17489000,109.68600,0.00
1629734400,-94.00,20260605,1,88,0,0.01,1.17325000,1.17489000,109.68600,-94.00
1629734400,0.00,20260605,0,90,0,0.01,1.17325000,1.17075000,109.68600,0.00
1629804600,0.00,20261001,0,91,1,0.06,150.34200000,150.97000000,109.50200,0.00
1629842400,-1644.00,20261001,1,91,0,0.06,150.61600000,150.97000000,109.50200,-1644.00
1629891000,0.00,20261001,0,93,0,0.01,150.90000000,150.36400000,109.99900,0.00
1629928800,457.00,20261001,1,93,1,0.01,151.35700000,150.36400000,109.99900,457.00
1629974700,0.00,20261000,0,95,0,0.01,110.20800000,109.92600000,110.07700,0.00
1629974700,0.00,20261001,0,96,0,0.06,151.54100000,151.14400000,110.07700,0.00
1629979200,0.00,20260610,0,97,0,0.01,110.18400000,109.68400000,110.07700,0.00
1629991409,-2382.00,20261001,1,96,1,0.06,151.14400000,151.14400000,110.07700,-2382.00
1630015200,-180.00,20261000,1,95,1,0.01,110.02800000,109.92600000,110.07700,-180.00
1630060200,0.00,20261001,0,100,0,0.06,150.93900000,150.45900000,109.84100,0.00
1630063800,0.00,20261000,0,101,0,0.02,110.14100000,109.88500000,109.84100,0.00
1630084529,-522.00,20261000,1,101,1,0.02,109.88000000,109.88500000,109.84100,-522.00
1630101600,1602.00,20261001,1,100,1,0.06,151.20600000,150.45900000,109.84100,1602.00
1630401300,0.00,20261001,0,104,0,0.01,151.55200000,151.08600000,109.99200,0.00
1630418909,1113.00,20260605,1,90,1,0.01,1.18376000,1.17075000,109.99200,1113.00
1630424128,-470.00,20260610,1,97,1,0.01,109.68400000,109.68400000,109.99200,-470.00
1630424371,-468.00,20261001,1,104,1,0.01,151.08400000,151.08600000,109.99200,-468.00
1630483200,0.00,20260610,0,108,0,0.01,110.23500000,109.73500000,109.96000,0.00
1630493100,0.00,20261000,0,109,0,0.01,110.39100000,109.97500000,109.96000,0.00
1630513321,-416.00,20261000,1,109,1,0.01,109.97500000,109.97500000,109.96000,-416.00
1630579500,0.00,20261001,0,111,0,0.01,151.74400000,151.27600000,109.92400,0.00
1630612800,0.00,20260774,0,112,0,0.01,1.38324000,1.37824000,109.92400,0.00
1630620000,441.00,20261001,1,111,1,0.01,152.18500000,151.27600000,109.92400,441.00
1630641600,-328.00,20260610,1,108,1,0.01,109.88700000,109.73500000,109.70200,-328.00
1630641600,0.00,20260610,0,115,1,0.01,109.88700000,110.38700000,109.70200,0.00
1630924200,0.00,20261000,0,116,0,0.01,109.91300000,109.58900000,109.82000,0.00
1630965600,-75.00,20261000,1,116,1,0.01,109.83800000,109.58900000,109.82000,-75.00
1631007900,0.00,20261000,0,118,0,0.01,109.93300000,109.68500000,110.25200,0.00
1631025865,-553.00,20260774,1,112,1,0.01,1.37824000,1.37824000,110.25200,-553.00
1631044800,-381.00,20260610,1,115,0,0.01,110.21800000,110.38700000,110.25200,-381.00
1631044800,0.00,20260610,0,121,0,0.01,110.21800000,109.71800000,110.25200,0.00
1631052000,355.00,20261000,1,118,1,0.01,110.28800000,109.68500000,110.25200,355.00
1631182500,0.00,20261000,0,123,1,0.01,110.01600000,110.27200000,109.68700,0.00
1631184300,0.00,20261001,0,124,1,0.01,151.46400000,151.87200000,109.68700,0.00
1631190395,-408.00,20261001,1,124,0,0.01,151.87200000,151.87200000,109.68700,-408.00
1631206800,0.00,20260629,0,126,0,0.01,1.18159000,0.00000000,109.68700,0.00
1631206800,0.00,20260629,0,127,1,0.01,1.38398000,0.00000000,109.68700,0.00
1631216555,-481.00,20260610,1,121,1,0.01,109.71700000,109.71800000,109.68700,-481.00
1631217600,0.00,20260605,0,129,1,0.01,1.18313000,1.18563000,109.68700,0.00
1631224800,321.00,20261000,1,123,0,0.01,109.69500000,110.27200000,109.68700,321.00
1631268000,0.00,20261001,0,131,0,0.01,152.36800000,151.70600000,109.89200,0.00
1631269800,0.00,20261000,0,132,0,0.01,109.97200000,109.64400000,109.89200,0.00
1631311200,-68.00,20261000,1,132,1,0.01,109.90400000,109.64400000,109.89200,-68.00
1631311200,-208.00,20261001,1,131,1,0.01,152.16000000,151.70600000,109.89200,-208.00
1631525400,0.00,20261000,0,135,0,0.01,110.09500000,109.77300000,109.92300,0.00
1631548800,0.00,20260610,0,136,0,0.01,110.06600000,109.56600000,109.92300,0.00
1631570400,-84.00,20261000,1,135,1,0.01,110.01100000,109.77300000,109.92300,-84.00
1631614500,0.00,20261001,0,138,0,0.01,152.54900000,152.05000000,109.67900,0.00
1631640882,-508.00,20261001,1,138,1,0.01,152.04100000,152.05000000,109.67900,-508.00
1631649600,-425.00,20260610,1,136,1,0.01,109.63100000,109.56600000,109.67900,-425.00
1631649600,0.00,20260610,0,141,1,0.01,109.63100000,110.13100000,109.67900,0.00
1631699100,0.00,20261000,0,142,1,0.01,109.47900000,109.74300000,109.36000,0.00
1631743200,83.00,20261000,1,142,0,0.01,109.39600000,109.74300000,109.36000,83.00
1631879100,0.00,20261000,0,144,0,0.01,109.96900000,109.66700000,109.96400,0.00
1631879100,0.00,20261001,0,145,0,0.01,151.84800000,151.16000000,109.96400,0.00
1631880000,-424.00,20260610,1,141,0,0.01,109.98000000,110.13100000,109.96400,-424.00
1631880000,0.00,20260610,0,147,0,0.01,109.98000000,109.48000000,109.96400,0.00
1631901079,-688.00,20261001,1,145,1,0.01,151.16000000,151.16000000,109.96400,-688.00
1631908539,1179.00,20260605,1,129,0,0.01,1.17263000,1.18563000,109.96400,1179.00
1631916000,-49.00,20261000,1,144,1,0.01,109.92000000,109.66700000,109.96400,-49.00
1632129300,0.00,20261001,0,151,1,0.01,150.54300000,151.12400000,109.42300,0.00
1632132000,1634.00,20260629,1,127,0,0.01,1.36904000,0.00000000,109.42300,1634.00
1632132000,-1164.00,20260629,1,126,1,0.01,1.17144000,0.00000000,109.42300,-1164.00
1632132900,0.00,20261000,0,154,1,0.01,109.76200000,110.03700000,109.42300,0.00
1632150086,-490.00,20260610,1,147,1,0.01,109.48000000,109.48000000,109.42300,-490.00
1632164796,1162.00,20261001,1,151,0,0.01,149.38100000,151.12400000,109.42300,1162.00
1632175200,393.00,20261000,1,154,0,0.01,109.36900000,110.03700000,109.42300,393.00
1632219300,0.00,20261001,0,158,0,0.01,149.92500000,149.17500000,109.20900,0.00
1632220200,0.00,20261000,0,159,0,0.01,109.68900000,109.34700000,109.20900,0.00
1632237278,-342.00,20261000,1,159,1,0.01,109.34700000,109.34700000,109.20900,-342.00
1632241829,-754.00,20261001,1,158,1,0.01,149.17100000,149.17500000,109.20900,-754.00
1632390300,0.00,20261001,0,162,0,0.01,150.00300000,149.35200000,110.31400,0.00
1632398400,0.00,20260610,0,163,0,0.01,109.94500000,109.44500000,110.31400,0.00
1632415661,1302.00,20261001,1,162,1,0.01,151.30500000,149.35200000,110.31400,1302.00
1632476700,0.00,20261001,0,165,0,0.01,151.70100000,151.22200000,110.72500,0.00
1632477600,0.00,20261000,0,166,0,0.01,110.57000000,110.21000000,110.72500,0.00
1632482011,-488.00,20261001,1,165,1,0.01,151.21300000,151.22200000,110.72500,-488.00
1632482100,0.00,20261001,0,168,1,0.06,151.18300000,151.64700000,110.72500,0.00
1632520800,222.00,20261000,1,166,1,0.01,110.79200000,110.21000000,110.72500,222.00
1632520800,-1044.00,20261001,1,168,0,0.06,151.35700000,151.64700000,110.72500,-1044.00
1632739500,0.00,20261001,0,171,0,0.01,151.56900000,151.12300000,110.99400,0.00
1632742200,0.00,20261000,0,172,0,0.02,110.87700000,110.53500000,110.99400,0.00
1632754637,1122.00,20260610,1,163,1,0.01,111.04700000,109.44500000,110.99400,1122.00
1632758400,0.00,20260610,0,174,0,0.01,110.87100000,110.37100000,110.99400,0.00
1632780000,272.00,20261000,1,172,1,0.02,111.01300000,110.53500000,110.99400,272.00
1632780000,609.00,20261001,1,171,1,0.01,152.17800000,151.12300000,110.99400,609.00
1632821400,0.00,20261000,0,177,0,0.01,111.31300000,110.93500000,111.46200,0.00
1632866400,280.00,20261000,1,177,1,0.01,111.59300000,110.93500000,111.46200,280.00
1632910500,0.00,20261001,0,179,1,0.06,150.50400000,151.19500000,111.94900,0.00
1632915000,0.00,20261000,0,180,1,0.02,111.22200000,111.68300000,111.94900,0.00
1632935645,-936.00,20261000,1,180,0,0.02,111.69000000,111.68300000,111.94900,-936.00
1632946346,1120.00,20260610,1,174,1,0.01,111.97100000,110.37100000,111.94900,1120.00
1632952800,294.00,20261001,1,179,0,0.06,150.45500000,151.19500000,111.94900,294.00
1633081500,0.00,20261001,0,184,1,0.01,149.47700000,150.17100000,111.06100,0.00
1633094967,-694.00,20261001,1,184,0,0.01,150.17100000,150.17100000,111.06100,-694.00
1633342500,0.00,20261001,0,186,0,0.01,150.69900000,150.15300000,110.91300,0.00
1633347000,0.00,20261000,0,187,0,0.01,111.18400000,110.88000000,110.91300,0.00
1633369153,-304.00,20261000,1,187,1,0.01,110.88000000,110.88000000,110.91300,-304.00
1633384800,284.00,20261001,1,186,1,0.01,150.98300000,150.15300000,110.91300,284.00
1633428000,0.00,20261001,0,190,0,0.01,151.20500000,150.74500000,111.45100,0.00
1633471200,744.00,20261001,1,190,1,0.01,151.94900000,150.74500000,111.45100,744.00
1633947300,0.00,20261000,0,192,0,0.01,112.82100000,112.12600000,113.24900,0.00
1633989600,516.00,20261000,1,192,1,0.01,113.33700000,112.12600000,113.24900,516.00
1634000400,0.00,20260650,0,194,0,0.03,83.27200000,0.00000000,113.59600,0.00
1634158800,0.00,20260605,0,195,0,0.01,1.15892000,1.15642000,113.23900,0.00
1634270400,0.00,20260622,0,196,0,0.03,113.88600000,113.41300000,114.24300,0.00
1634558400,0.00,20260774,0,197,0,0.01,1.37199000,1.36699000,114.30700,0.00
1634650576,1257.00,20260774,1,197,1,0.01,1.38301000,1.36699000,114.36100,1257.00
1634940220,-1269.00,20260622,1,196,1,0.03,113.41300000,113.41300000,113.48000,-1269.00
1635264000,0.00,20260622,0,200,0,0.03,114.14200000,113.64700000,114.14000,0.00
1635274800,-54.00,20260605,1,195,1,0.01,1.15900000,1.15642000,114.14000,-54.00
1635274800,0.00,20260605,0,202,1,0.01,1.15900000,1.16150000,114.14000,0.00
1635335679,-1455.00,20260622,1,200,1,0.03,113.64700000,113.64700000,113.79800,-1455.00
1635347639,-281.00,20260605,1,202,0,0.01,1.16151000,1.16150000,113.79800,-281.00
1635350400,0.00,20260774,0,205,0,0.01,1.37394000,1.36894000,113.79800,0.00
1635354000,0.00,20260605,0,206,1,0.01,1.16178000,1.16428000,113.79800,0.00
1635436800,-139.00,20260605,1,206,0,0.01,1.16304000,1.16428000,113.55800,-139.00
1635436800,0.00,20260605,0,208,0,0.01,1.16304000,1.16054000,113.55800,0.00
1635527021,-291.00,20260605,1,208,1,0.01,1.16054000,1.16054000,113.95200,-291.00
1635532041,-570.00,20260774,1,205,1,0.01,1.36894000,1.36894000,113.95200,-570.00
1635534000,0.00,20260605,0,211,1,0.01,1.15496000,1.15746000,113.95200,0.00
1635767441,-280.00,20260605,1,211,0,0.01,1.15746000,1.15746000,113.98600,-280.00
1636455600,0.00,20260605,0,213,0,0.01,1.15899000,1.15649000,112.83400,0.00
1636466400,-116.00,20260605,1,213,1,0.01,1.15797000,1.15649000,112.83400,-116.00
1636466400,0.00,20260605,0,215,1,0.01,1.15797000,1.16047000,112.83400,0.00
1636476341,-284.00,20260605,1,215,0,0.01,1.16047000,1.16047000,112.83400,-284.00
1638147600,-6605.00,20260650,1,194,1,0.03,80.78700000,0.00000000,113.51500,-6605.00
1638259200,0.00,20260610,0,218,1,0.01,113.08000000,113.58000000,113.13800,0.00
1638270000,0.00,20260605,0,219,0,0.01,1.13491000,1.13241000,113.13800,0.00
1638293897,-302.00,20260605,1,219,1,0.01,1.13224000,1.13241000,113.13800,-302.00
1638294823,-523.00,20260610,1,218,0,0.01,113.60300000,113.58000000,113.13800,-523.00
1638295200,0.00,20260605,0,222,1,0.01,1.12592000,1.12842000,113.13800,0.00
1638297522,-292.00,20260605,1,222,0,0.01,1.12849000,1.12842000,113.13800,-292.00
1638436500,0.00,20261001,0,224,0,0.01,150.54100000,149.50800000,113.00700,0.00
1638439200,0.00,20261000,0,225,0,0.01,113.27900000,112.63000000,113.00700,0.00
1638482400,-114.00,20261000,1,225,1,0.01,113.16500000,112.63000000,113.00700,-114.00
1638482400,-58.00,20261001,1,224,1,0.01,150.48300000,149.50800000,113.00700,-58.00
1638526500,0.00,20261001,0,228,0,0.01,150.61100000,150.16000000,112.82500,0.00
1638527400,0.00,20261000,0,229,0,0.01,113.46800000,112.95700000,112.82500,0.00
1638536682,-451.00,20261001,1,228,1,0.01,150.16000000,150.16000000,112.82500,-451.00
1638557562,-514.00,20261000,1,229,1,0.01,112.95400000,112.95700000,112.82500,-514.00
1638784800,0.00,20261001,0,232,0,0.01,149.72400000,149.04900000,113.43400,0.00
1638790200,0.00,20261000,0,233,0,0.01,113.26300000,112.82700000,113.43400,0.00
1638828000,231.00,20261000,1,233,1,0.01,113.49400000,112.82700000,113.43400,231.00
1638828000,733.00,20261001,1,232,1,0.01,150.45700000,149.04900000,113.43400,733.00
1639044000,0.00,20261001,0,236,1,0.06,149.80800000,150.31500000,113.45000,0.00
1639087200,0.00,20260605,0,237,1,0.01,1.12870000,1.13120000,113.45000,0.00
1639087200,-432.00,20261001,1,236,0,0.06,149.88000000,150.31500000,113.45000,-432.00
1639160061,-282.00,20260605,1,237,0,0.01,1.13122000,1.13120000,113.37400,-282.00
1639162800,0.00,20260605,0,240,0,0.01,1.13125000,1.12875000,113.37400,0.00
1639384297,-291.00,20260605,1,240,1,0.01,1.12875000,1.12875000,113.48800,-291.00
1639394100,0.00,20261000,0,242,0,0.01,113.68300000,113.25700000,113.48800,0.00
1639432800,-156.00,20261000,1,242,1,0.01,113.52700000,113.25700000,113.48800,-156.00
1639477800,0.00,20261001,0,244,0,0.01,150.18300000,149.76100000,113.60100,0.00
1639519200,189.00,20261001,1,244,1,0.01,150.37200000,149.76100000,113.60100,189.00
1639584000,0.00,20260610,0,246,0,0.01,113.84400000,113.34400000,113.97800,0.00
1639649700,0.00,20261001,0,247,0,0.01,151.59400000,150.97700000,113.60200,0.00
1639692000,-401.00,20261001,1,247,1,0.01,151.19300000,150.97700000,113.60200,-401.00
1639751260,-480.00,20260610,1,246,1,0.01,113.34400000,113.34400000,113.69800,-480.00
1639774800,0.00,20260605,0,250,1,0.01,1.12530000,1.12780000,113.69800,0.00
1639991700,0.00,20261001,0,251,1,0.01,149.84000000,150.56200000,113.52100,0.00
1640014119,-279.00,20260605,1,250,0,0.01,1.12780000,1.12780000,113.52100,-279.00
1640016000,0.00,20260605,0,253,0,0.01,1.12936000,1.12686000,113.52100,0.00
1640023200,-56.00,20260605,1,253,1,0.01,1.12887000,1.12686000,113.52100,-56.00
1640023200,0.00,20260605,0,255,1,0.01,1.12887000,1.13137000,113.52100,0.00
1640037600,-285.00,20261001,1,251,0,0.01,150.12500000,150.56200000,113.52100,-285.00
1640079000,0.00,20261001,0,257,0,0.01,150.44900000,149.88800000,114.05400,0.00
1640116800,0.00,20260610,0,258,0,0.01,114.21100000,113.71100000,114.05400,0.00
1640124000,902.00,20261001,1,257,1,0.01,151.35100000,149.88800000,114.05400,902.00
1640169000,0.00,20261000,0,260,0,0.01,114.30800000,113.94900000,114.05600,0.00
1640188591,-277.00,20260605,1,255,0,0.01,1.13137000,1.13137000,114.05600,-277.00
1640210400,-136.00,20261000,1,260,1,0.01,114.17200000,113.94900000,114.05600,-136.00
1640252700,0.00,20261001,0,263,0,0.01,152.70800000,152.18400000,114.37400,0.00
1640268000,0.00,20260629,0,264,0,0.01,1.13241000,0.00000000,114.37400,0.00
1640268000,0.00,20260629,0,265,1,0.01,1.34328000,0.00000000,114.37400,0.00
1640286000,0.00,20260605,0,266,0,0.01,1.13201000,1.12951000,114.37400,0.00
1640296800,860.00,20261001,1,263,1,0.01,153.56800000,152.18400000,114.37400,860.00
1640599200,0.00,20261001,0,268,0,0.01,153.51100000,152.94500000,114.80700,0.00
1640600100,0.00,20261000,0,269,0,0.01,114.54200000,114.29800000,114.80700,0.00
1640642400,364.00,20261000,1,269,1,0.01,114.90600000,114.29800000,114.80700,364.00
1640642400,936.00,20261001,1,268,1,0.01,154.44700000,152.94500000,114.80700,936.00
1640710454,-308.00,20260605,1,266,1,0.01,1.12951000,1.12951000,114.80700,-308.00
1640739600,0.00,20260605,0,273,1,0.01,1.13023000,1.13273000,114.89600,0.00
1640775600,0.00,20261000,0,274,0,0.01,114.99300000,114.73000000,114.89600,0.00
1640795105,-288.00,20260605,1,273,0,0.01,1.13274000,1.13273000,114.89600,-288.00
1640796510,-265.00,20261000,1,274,1,0.01,114.72800000,114.73000000,114.89600,-265.00
1640797200,0.00,20260605,0,277,0,0.01,1.13471000,1.13221000,114.89600,0.00
1640808000,0.00,20260774,0,278,0,0.01,1.34826000,1.34326000,114.89600,0.00
1640826000,0.00,20260650,0,279,0,0.03,83.34400000,0.00000000,115.02800,0.00
1640852368,-295.00,20260605,1,277,1,0.01,1.13221000,1.13221000,115.02800,-295.00
1641196033,1190.00,20260610,1,258,1,0.01,115.31100000,113.71100000,115.31500,1190.00
1641231218,-580.00,20260774,1,278,1,0.01,1.34326000,1.34326000,115.31500,-580.00
1641272400,0.00,20260605,0,283,1,0.01,1.13021000,1.13271000,116.12000,0.00
1641397768,-290.00,20260605,1,283,0,0.01,1.13276000,1.13271000,116.06500,-290.00
1641405600,0.00,20260605,0,285,0,0.01,1.13374000,1.13124000,116.06500,0.00
1641417081,-292.00,20260605,1,285,1,0.01,1.13121000,1.13124000,116.06500,-292.00
1641420000,0.00,20260605,0,287,1,0.01,1.13102000,1.13352000,116.06500,0.00
1641574985,-280.00,20260605,1,287,0,0.01,1.13352000,1.13352000,115.52400,-280.00
1641837600,0.00,20260605,0,289,1,0.01,1.13184000,1.13434000,115.13500,0.00
1641841200,-111.00,20260605,1,289,0,0.01,1.13280000,1.13434000,115.13500,-111.00
1641841200,0.00,20260605,0,291,0,0.01,1.13280000,1.13030000,115.13500,0.00
1641960000,0.00,20260610,0,292,0,0.01,115.29300000,114.79300000,114.62700,0.00
1642010765,-502.00,20260610,1,292,1,0.01,114.79100000,114.79300000,114.62700,-502.00
1642014638,1191.00,20260605,1,291,1,0.01,1.14330000,1.13030000,114.62700,1191.00
1642089600,0.00,20260610,0,295,1,0.01,114.27900000,114.77900000,114.15400,0.00
1642481560,-575.00,20260610,1,295,0,0.01,114.77900000,114.77900000,114.60400,-575.00
1642507200,-2244.00,20260629,1,265,0,0.01,1.36267000,0.00000000,114.60400,-2244.00
1642507200,685.00,20260629,1,264,1,0.01,1.13948000,0.00000000,114.60400,685.00
1642676400,0.00,20260605,0,299,1,0.01,1.13545000,1.13795000,114.08000,0.00
1642986000,-4945.00,20260650,1,279,1,0.03,81.55400000,0.00000000,113.86500,-4945.00
1643021100,0.00,20261001,0,301,1,0.06,153.97000000,154.48700000,113.86500,0.00
1643022900,0.00,20261000,0,302,1,0.02,113.54900000,113.97500000,113.86500,0.00
1643046266,-852.00,20261000,1,302,0,0.02,113.97500000,113.97500000,113.86500,-852.00
1643050800,0.00,20260629,0,304,1,0.01,1.13105000,0.00000000,113.86500,0.00
1643050800,0.00,20260629,0,305,0,0.01,1.34475000,0.00000000,113.86500,0.00
1643051852,6204.00,20261001,1,301,0,0.06,152.93600000,154.48700000,113.86500,6204.00
1643083200,0.00,20260610,0,307,1,0.01,113.84100000,114.34100000,113.84500,0.00
1643192100,0.00,20261000,0,308,0,0.01,114.03800000,113.77600000,114.55300,0.00
1643192100,0.00,20261001,0,309,0,0.01,154.01400000,153.50200000,114.55300,0.00
1643215540,-529.00,20260610,1,307,0,0.01,114.34500000,114.34100000,114.55300,-529.00
1643227200,0.00,20260610,0,311,1,0.01,114.35000000,114.85000000,114.55300,0.00
1643233243,527.00,20261000,1,308,1,0.01,114.56500000,113.77600000,114.55300,527.00
1643233543,1229.00,20260605,1,299,0,0.01,1.12487000,1.13795000,114.55300,1229.00
1643234400,217.00,20261001,1,309,1,0.01,154.23100000,153.50200000,114.55300,217.00
1643256000,-283.00,20260610,1,311,0,0.01,114.60800000,114.85000000,115.34900,-283.00
1643256000,0.00,20260610,0,316,0,0.01,114.60800000,114.10800000,115.34900,0.00
1643280300,0.00,20261000,0,317,0,0.01,114.93800000,114.47300000,115.34900,0.00
1643320800,367.00,20261000,1,317,1,0.01,115.30500000,114.47300000,115.34900,367.00
1643362200,0.00,20261000,0,319,0,0.01,115.64200000,115.22900000,115.23600,0.00
1643388673,-413.00,20261000,1,319,1,0.01,115.22900000,115.22900000,115.23600,-413.00
1643623200,0.00,20261001,0,321,0,0.01,155.08500000,154.32700000,115.04400,0.00
1643634000,-105.00,20260629,1,305,1,0.01,1.34388000,0.00000000,115.04400,-105.00
1643634000,1667.00,20260629,1,304,0,0.01,1.11679000,0.00000000,115.04400,1667.00
1643666400,-335.00,20261001,1,321,1,0.01,154.75000000,154.32700000,115.04400,-335.00
1643707800,0.00,20261001,0,325,0,0.06,154.94200000,154.48600000,114.66300,0.00
1643715000,0.00,20261000,0,326,1,0.02,114.73800000,115.19300000,114.66300,0.00
1643752800,78.00,20261000,1,326,0,0.02,114.69900000,115.19300000,114.66300,78.00
1643752800,582.00,20261001,1,325,1,0.06,155.03900000,154.48600000,114.66300,582.00
1643842800,0.00,20260605,0,329,0,0.01,1.13064000,1.12814000,114.43300,0.00
1643883300,0.00,20261000,0,330,0,0.01,114.66500000,114.26000000,114.94700,0.00
1643883300,0.00,20261001,0,331,0,0.06,155.42700000,155.04400000,114.94700,0.00
1643890296,-294.00,20260605,1,329,1,0.01,1.12814000,1.12814000,114.94700,-294.00
1643896840,4596.00,20261001,1,331,1,0.06,156.19300000,155.04400000,114.94700,4596.00
1643907600,0.00,20260605,0,334,0,0.01,1.13914000,1.13664000,114.94700,0.00
1643925600,270.00,20261000,1,330,1,0.01,114.93500000,114.26000000,114.94700,270.00
1643975100,0.00,20261001,0,336,1,0.01,156.03100000,156.50300000,115.16400,0.00
1644012000,94.00,20261001,1,336,0,0.01,155.93700000,156.50300000,115.16400,94.00
1644230700,0.00,20261000,0,338,1,0.02,115.06300000,115.37700000,115.04600,0.00
1644271200,-18.00,20261000,1,338,0,0.02,115.07200000,115.37700000,115.04600,-18.00
1644320700,0.00,20261001,0,340,0,0.01,156.29600000,155.44200000,115.52800,0.00
1644357600,171.00,20261001,1,340,1,0.01,156.46700000,155.44200000,115.52800,171.00
1644487200,0.00,20261001,0,342,0,0.01,156.59900000,156.08000000,115.93800,0.00
1644491192,1212.00,20260610,1,316,1,0.01,115.72000000,114.10800000,115.93800,1212.00
1644491700,0.00,20261000,0,344,0,0.01,115.82100000,115.35300000,115.93800,0.00
1644513037,1038.00,20261001,1,342,1,0.01,157.63700000,156.08000000,115.93800,1038.00
1644530400,87.00,20261000,1,344,1,0.01,115.90800000,115.35300000,115.93800,87.00
1644541200,0.00,20260650,0,347,0,0.03,83.13300000,0.00000000,115.26000,0.00
1644611920,-332.00,20260605,1,334,1,0.01,1.13664000,1.13664000,115.26000,-332.00
1644926400,0.00,20260605,0,349,1,0.01,1.13458000,1.13708000,115.59300,0.00
1645002701,-289.00,20260605,1,349,0,0.01,1.13711000,1.13708000,115.47400,-289.00
1645113600,0.00,20260610,0,351,1,0.01,114.88400000,115.38400000,114.93000,0.00
1645128000,-170.00,20260610,1,351,0,0.01,115.05400000,115.38400000,114.93000,-170.00
1645128000,0.00,20260610,0,353,0,0.01,115.05400000,114.55400000,114.93000,0.00
1645492659,-471.00,20260610,1,353,1,0.01,114.55300000,114.55400000,115.04100,-471.00
1645646400,0.00,20260774,0,355,1,0.01,1.35502000,1.36002000,114.97500,0.00
1645703541,1272.00,20260774,1,355,0,0.01,1.34391000,1.36002000,115.46900,1272.00
1645804800,0.00,20260610,0,357,0,0.01,115.56000000,115.06000000,115.52000,0.00
1646074902,-494.00,20260610,1,357,1,0.01,115.05600000,115.06000000,114.96900,-494.00
1647468000,0.00,20260605,0,359,0,0.01,1.10012000,1.09762000,118.68800,0.00
1647543341,1205.00,20260605,1,359,1,0.01,1.11065000,1.09762000,118.58600,1205.00
1647936000,0.00,20260605,0,361,1,0.01,1.09853000,1.10103000,120.76300,0.00
1647949469,-291.00,20260605,1,361,0,0.01,1.10106000,1.10103000,120.76300,-291.00
1647950400,0.00,20260605,0,363,0,0.01,1.10077000,1.09827000,120.76300,0.00
1648045770,-295.00,20260605,1,363,1,0.01,1.09827000,1.09827000,121.14100,-295.00
1648072800,0.00,20260605,0,365,0,0.01,1.10095000,1.09845000,121.14100,0.00
1648096052,-300.00,20260605,1,365,1,0.01,1.09840000,1.09845000,122.31000,-300.00
1648440000,0.00,20260605,0,367,1,0.01,1.09706000,1.09956000,123.75100,0.00
1648468120,-288.00,20260605,1,367,0,0.01,1.09956000,1.09956000,123.75100,-288.00
1649080800,0.00,20260605,0,369,1,0.01,1.10010000,1.10260000,122.77100,0.00
1649216919,1216.00,20260605,1,369,0,0.01,1.08960000,1.10260000,123.75000,1216.00
1649217600,0.00,20260622,0,371,0,0.02,123.83500000,123.11400000,123.75000,0.00
1649668888,2944.00,20260622,1,371,1,0.02,125.27700000,123.11400000,125.33400,2944.00
1649851200,0.00,20260627,0,373,0,0.01,163.94100000,162.97600000,125.48100,0.00
1649952000,0.00,20260622,0,374,0,0.01,125.53500000,124.61600000,125.86300,0.00
1650341206,1867.00,20260622,1,374,1,0.01,127.37200000,124.61600000,128.88700,1867.00
1650416558,3897.00,20260627,1,373,1,0.01,167.80300000,162.97600000,127.68500,3897.00
1650495600,0.00,20260605,0,377,0,0.01,1.08539000,1.08289000,127.68500,0.00
1650513600,0.00,20260622,0,378,0,0.01,128.15600000,126.96600000,128.32800,0.00
1650513600,-241.00,20260605,1,377,1,0.01,1.08356000,1.08289000,128.32800,-241.00
1650513600,0.00,20260605,0,380,1,0.01,1.08356000,1.08606000,128.32800,0.00
1650533421,-320.00,20260605,1,380,0,0.01,1.08606000,1.08606000,128.32800,-320.00
1650632400,0.00,20260629,0,382,1,0.01,1.08054000,0.00000000,128.43600,0.00
1650632400,0.00,20260629,0,383,0,0.01,1.28682000,0.00000000,128.43600,0.00
1651021441,-1150.00,20260622,1,378,1,0.01,126.96600000,126.96600000,128.40900,-1150.00
1651060800,0.00,20260622,0,385,0,0.01,127.96400000,126.71300000,128.40900,0.00
1651139742,2521.00,20260622,1,385,1,0.01,130.47500000,126.71300000,130.78600,2521.00
1651147200,0.00,20260622,0,387,0,0.01,130.92900000,129.62400000,130.78600,0.00
1651254929,-1295.00,20260622,1,387,1,0.01,129.62400000,129.62400000,129.61400,-1295.00
1651464000,0.00,20260622,0,389,0,0.01,130.06000000,128.67200000,130.08400,0.00
1651701403,-1400.00,20260622,1,389,1,0.01,128.64000000,128.67200000,129.04100,-1400.00
1651766400,0.00,20260622,0,391,0,0.01,129.90200000,128.99700000,130.12500,0.00
1652173200,0.00,20260605,0,392,0,0.01,1.05768000,1.05518000,130.42800,0.00
1652177039,-327.00,20260605,1,392,1,0.01,1.05517000,1.05518000,130.42800,-327.00
1652209200,0.00,20260605,0,394,1,0.01,1.05307000,1.05557000,130.42800,0.00
1652263906,-322.00,20260605,1,394,0,0.01,1.05558000,1.05557000,129.92600,-322.00
1652295600,0.00,20260605,0,396,1,0.01,1.05372000,1.05622000,129.92600,0.00
1652349796,-872.00,20260622,1,391,1,0.01,128.98000000,128.99700000,128.25200,-872.00
1652357012,1392.00,20260605,1,396,0,0.01,1.04297000,1.05622000,128.25200,1392.00
1652742000,-7122.00,20260629,1,383,1,0.01,1.23173000,0.00000000,129.12300,-7122.00
1652742000,4883.00,20260629,1,382,0,0.01,1.04325000,0.00000000,129.12300,4883.00
1652864400,0.00,20260605,0,401,0,0.01,1.05396000,1.05146000,128.21100,0.00
1652868269,-322.00,20260605,1,401,1,0.01,1.05146000,1.05146000,128.21100,-322.00
1652871600,0.00,20260605,0,403,0,0.01,1.05166000,1.04916000,128.21100,0.00
1652898449,-322.00,20260605,1,403,1,0.01,1.04916000,1.04916000,128.21100,-322.00
1652900400,0.00,20260605,0,405,0,0.01,1.04914000,1.04664000,128.21100,0.00
1652904000,-57.00,20260605,1,405,1,0.01,1.04870000,1.04664000,128.21100,-57.00
1652904000,0.00,20260605,0,407,1,0.01,1.04870000,1.05120000,128.21100,0.00
1652967645,-320.00,20260605,1,407,0,0.01,1.05121000,1.05120000,127.78000,-320.00
1654488000,0.00,20260605,0,409,1,0.01,1.07163000,1.07413000,131.84900,0.00
1654495200,-83.00,20260605,1,409,0,0.01,1.07227000,1.07413000,131.84900,-83.00
1654495200,0.00,20260605,0,411,0,0.01,1.07227000,1.06977000,131.84900,0.00
1654534800,-114.00,20260605,1,411,1,0.01,1.07139000,1.06977000,131.84900,-114.00
1654534800,0.00,20260605,0,413,1,0.01,1.07139000,1.07389000,131.84900,0.00
1654697922,-316.00,20260605,1,413,0,0.01,1.07390000,1.07389000,134.22100,-316.00
1654725600,0.00,20260605,0,415,1,0.01,1.07154000,1.07404000,134.22100,0.00
1654785806,-318.00,20260605,1,415,0,0.01,1.07404000,1.07404000,134.31200,-318.00
1655964000,0.00,20260605,0,417,0,0.01,1.05710000,1.05460000,134.93800,0.00
1655979341,-347.00,20260605,1,417,1,0.01,1.05441000,1.05460000,134.93800,-347.00
1655989200,0.00,20260605,0,419,0,0.01,1.05181000,1.04931000,134.93800,0.00
1655997281,-322.00,20260605,1,419,1,0.01,1.04931000,1.04931000,134.93800,-322.00
1656345600,0.00,20260774,0,421,1,0.01,1.22550000,1.23050000,135.41400,0.00
1656352112,-658.00,20260774,1,421,0,0.01,1.23060000,1.23050000,135.41400,-658.00
1656507600,0.00,20260605,0,423,1,0.01,1.05093000,1.05343000,136.57400,0.00
1656512759,-325.00,20260605,1,423,0,0.01,1.05345000,1.05343000,136.57400,-325.00
1657008000,0.00,20260622,0,425,0,0.01,136.25200000,135.22100000,135.74100,0.00
1657081662,-1021.00,20260622,1,425,1,0.01,135.22100000,135.22100000,135.91000,-1021.00
1657224000,0.00,20260629,0,427,0,0.01,1.01554000,0.00000000,135.97000,0.00
1657224000,0.00,20260629,0,428,1,0.01,1.20078000,0.00000000,135.97000,0.00
1657555200,0.00,20260622,0,429,0,0.01,137.59500000,136.52200000,137.41600,0.00
1657645292,-1067.00,20260622,1,429,1,0.01,136.51800000,136.52200000,136.86300,-1067.00
1657771200,0.00,20260622,0,431,0,0.01,137.91900000,137.07000000,138.93300,0.00
1658228400,-38.00,20260629,1,428,0,0.01,1.20100000,0.00000000,138.17300,-38.00
1658228400,1118.00,20260629,1,427,1,0.01,1.02412000,0.00000000,138.17300,1118.00
1658235600,0.00,20260605,0,434,0,0.01,1.02419000,1.02169000,138.17300,0.00
1658324019,-353.00,20260605,1,434,1,0.01,1.02169000,1.02169000,138.08100,-353.00
1658358000,0.00,20260605,0,436,0,0.01,1.01777000,1.01527000,138.08100,0.00
1658456981,-793.00,20260622,1,431,1,0.01,137.06600000,137.07000000,136.04800,-793.00
1658486010,-359.00,20260605,1,436,1,0.01,1.01527000,1.01527000,136.04800,-359.00
1658858400,0.00,20260629,0,439,0,0.01,1.01343000,0.00000000,136.77200,0.00
1658858400,0.00,20260629,0,440,1,0.01,1.20465000,0.00000000,136.77200,0.00
1659110400,0.00,20260610,0,441,1,0.01,134.06800000,134.56800000,133.20200,0.00
1659111422,-500.00,20260610,1,441,0,0.01,134.56800000,134.56800000,133.20200,-500.00
1659117600,0.00,20260605,0,443,1,0.01,1.01951000,1.02201000,133.20200,0.00
1659121200,-92.00,20260605,1,443,0,0.01,1.02019000,1.02201000,133.20200,-92.00
1659121200,0.00,20260605,0,445,0,0.01,1.02019000,1.01769000,133.20200,0.00
1659124800,0.00,20260610,0,446,1,0.01,133.31000000,133.81000000,133.20200,0.00
1659327245,1076.00,20260610,1,446,0,0.01,132.20900000,133.81000000,131.60500,1076.00
1659355200,0.00,20260774,0,448,0,0.01,1.22308000,1.21808000,131.60500,0.00
1659460205,-662.00,20260774,1,448,1,0.01,1.21808000,1.21808000,133.15200,-662.00
1659471929,-347.00,20260605,1,445,1,0.01,1.01769000,1.01769000,133.15200,-347.00
1659636000,0.00,20260605,0,451,0,0.01,1.02121000,1.01871000,132.77300,0.00
1659704400,-1173.00,20260629,1,440,0,0.01,1.21346000,0.00000000,134.94100,-1173.00
1659704400,1181.00,20260629,1,439,1,0.01,1.02285000,0.00000000,134.94100,1181.00
1659713429,-362.00,20260605,1,451,1,0.01,1.01853000,1.01871000,134.94100,-362.00
1659715200,0.00,20260605,0,455,1,0.01,1.01579000,1.01829000,134.94100,0.00
1659715200,0.00,20260774,0,456,1,0.01,1.20270000,1.20770000,134.94100,0.00
1659719683,-344.00,20260605,1,455,0,0.01,1.01839000,1.01829000,134.94100,-344.00
1659728861,-662.00,20260774,1,456,0,0.01,1.20771000,1.20770000,134.94100,-662.00
1659729600,0.00,20260774,0,459,0,0.01,1.20781000,1.20281000,134.94100,0.00
1660075200,0.00,20260605,0,460,0,0.01,1.02187000,1.01937000,134.91700,0.00
1660145441,1451.00,20260774,1,459,1,0.01,1.21881000,1.20281000,132.87000,1451.00
1660145503,1380.00,20260605,1,460,1,0.01,1.03237000,1.01937000,132.87000,1380.00
1660147200,0.00,20260610,0,463,1,0.01,133.14100000,133.64100000,132.87000,0.00
1660152845,1107.00,20260610,1,463,0,0.01,132.03400000,133.64100000,132.87000,1107.00
1660161600,0.00,20260610,0,465,1,0.01,132.54100000,133.04100000,132.87000,0.00
1660166860,-500.00,20260610,1,465,0,0.01,133.04100000,133.04100000,132.87000,-500.00
1660190400,0.00,20260610,0,467,1,0.01,132.77400000,133.27400000,132.99200,0.00
1660195865,-504.00,20260610,1,467,0,0.01,133.27800000,133.27400000,132.99200,-504.00
1660204800,0.00,20260610,0,469,1,0.01,133.12800000,133.62800000,132.99200,0.00
1660231418,1100.00,20260610,1,469,0,0.01,132.02800000,133.62800000,132.99200,1100.00
1660233600,0.00,20260610,0,471,1,0.01,131.93400000,132.43400000,132.99200,0.00
1660238848,-500.00,20260610,1,471,0,0.01,132.43400000,132.43400000,132.99200,-500.00
1660248000,0.00,20260610,0,473,1,0.01,132.78000000,133.28000000,132.99200,0.00
1660274789,-525.00,20260610,1,473,0,0.01,133.28000000,133.28000000,133.31300,-525.00
1660276800,0.00,20260610,0,475,1,0.01,133.27300000,133.77300000,133.31300,0.00
1660314119,-502.00,20260610,1,475,0,0.01,133.77500000,133.77300000,133.31300,-502.00
1660320000,0.00,20260610,0,477,1,0.01,133.68600000,134.18600000,133.31300,0.00
1660338000,0.00,20260605,0,478,0,0.01,1.02612000,1.02362000,133.31300,0.00
1660555840,-341.00,20260605,1,478,1,0.01,1.02362000,1.02362000,133.29700,-341.00
1660577441,1075.00,20260610,1,477,0,0.01,132.58600000,134.18600000,133.29700,1075.00
1660604400,0.00,20260605,0,481,1,0.01,1.01605000,1.01855000,133.29700,0.00
1660670978,-326.00,20260605,1,481,0,0.01,1.01855000,1.01855000,134.18800,-326.00
1660766400,0.00,20260774,0,483,1,0.01,1.20396000,1.20896000,134.96600,0.00
1660853187,1457.00,20260774,1,483,0,0.01,1.19296000,1.20896000,135.87600,1457.00
1660896000,0.00,20260610,0,485,0,0.01,136.27100000,135.77100000,136.88900,0.00
1661141558,1110.00,20260610,1,485,1,0.01,137.37100000,135.77100000,137.41700,1110.00
1661155200,0.00,20260610,0,487,0,0.01,137.24200000,136.74200000,137.41700,0.00
1661166282,-500.00,20260610,1,487,1,0.01,136.74200000,136.74200000,137.41700,-500.00
1661169600,0.00,20260610,0,489,0,0.01,136.93700000,136.43700000,137.41700,0.00
1661274043,-498.00,20260610,1,489,1,0.01,136.42900000,136.43700000,136.76000,-498.00
1661544000,0.00,20260610,0,491,0,0.01,137.33500000,136.83500000,137.57600,0.00
1661747081,1115.00,20260610,1,491,1,0.01,138.44000000,136.83500000,138.70100,1115.00
1661994000,0.00,20260605,0,493,0,0.01,1.00513000,1.00263000,140.19200,0.00
1662002146,-347.00,20260605,1,493,1,0.01,1.00262000,1.00263000,140.19200,-347.00
1662004800,0.00,20260610,0,495,0,0.01,139.47700000,138.97700000,140.19200,0.00
1662051600,0.00,20260605,0,496,1,0.01,0.99809000,1.00059000,140.19200,0.00
1662116400,-104.00,20260605,1,496,0,0.01,0.99887000,1.00059000,140.18300,-104.00
1662116400,0.00,20260605,0,498,0,0.01,0.99887000,0.99637000,140.18300,0.00
1662132617,1136.00,20260610,1,495,1,0.01,140.60300000,138.97700000,140.18300,1136.00
1662134400,0.00,20260610,0,500,0,0.01,140.58100000,140.08100000,140.18300,0.00
1662135801,-500.00,20260610,1,500,1,0.01,140.08100000,140.08100000,140.18300,-500.00
1662147941,-353.00,20260605,1,498,1,0.01,0.99635000,0.99637000,140.18300,-353.00
1662148800,0.00,20260610,0,503,0,0.01,140.23200000,139.73200000,140.18300,0.00
1662148800,0.00,20260605,0,504,1,0.01,0.99693000,0.99943000,140.18300,0.00
1662458681,1120.00,20260610,1,503,1,0.01,141.33200000,139.73200000,142.78100,1120.00
1662483796,1494.00,20260605,1,504,0,0.01,0.98643000,0.99943000,142.78100,1494.00
1662487200,0.00,20260605,0,507,1,0.01,0.99040000,0.99290000,142.78100,0.00
1662487781,-359.00,20260605,1,507,0,0.01,0.99294000,0.99290000,142.78100,-359.00
1662656400,0.00,20260605,0,509,1,0.01,0.99645000,0.99895000,144.09700,0.00
1662668659,-353.00,20260605,1,509,0,0.01,0.99895000,0.99895000,144.09700,-353.00
1662670800,0.00,20260605,0,511,0,0.01,0.99945000,0.99695000,144.09700,0.00
1662718420,1475.00,20260605,1,511,1,0.01,1.00995000,0.99695000,142.37500,1475.00
1663106400,0.00,20260605,0,513,1,0.01,0.99772000,1.00022000,144.54400,0.00
1663142741,-355.00,20260605,1,513,0,0.01,1.00027000,1.00022000,142.91900,-355.00
1663160400,0.00,20260605,0,515,0,0.01,1.00123000,0.99873000,142.91900,0.00
1663166802,-355.00,20260605,1,515,1,0.01,0.99872000,0.99873000,142.91900,-355.00
1663261200,0.00,20260605,0,517,1,0.01,0.99984000,1.00234000,143.46000,0.00
1663350759,-348.00,20260605,1,517,0,0.01,1.00234000,1.00234000,142.89800,-348.00
1663351200,0.00,20260605,0,519,0,0.01,1.00307000,1.00057000,142.89800,0.00
1663353582,-353.00,20260605,1,519,1,0.01,1.00057000,1.00057000,142.89800,-353.00
1664164800,0.00,20260629,0,521,1,0.01,0.95685000,0.00000000,144.74300,0.00
1664164800,0.00,20260629,0,522,0,0.01,1.03933000,0.00000000,144.74300,0.00
1664168400,2407.00,20260629,1,522,1,0.01,1.05636000,0.00000000,144.74300,2407.00
1664168400,-1200.00,20260629,1,521,0,0.01,0.96534000,0.00000000,144.74300,-1200.00
1664172000,0.00,20260629,0,525,1,0.01,0.96590000,0.00000000,144.74300,0.00
1664172000,0.00,20260629,0,526,0,0.01,1.05436000,0.00000000,144.74300,0.00
1664787600,9955.00,20260629,1,526,1,0.01,1.12483000,0.00000000,144.51400,9955.00
1664787600,-2331.00,20260629,1,525,0,0.01,0.98257000,0.00000000,144.51400,-2331.00
1664892000,0.00,20260605,0,529,0,0.01,0.98919000,0.98669000,144.04400,0.00
1664920716,1484.00,20260605,1,529,1,0.01,0.99969000,0.98669000,144.04400,1484.00
1665374400,0.00,20260622,0,531,0,0.02,145.49600000,144.79500000,145.60900,0.00
1665500400,0.00,20260605,0,532,1,0.01,0.97247000,0.97497000,145.84000,0.00
1665514598,-364.00,20260605,1,532,0,0.01,0.97497000,0.97497000,145.84000,-364.00
1665522000,0.00,20260605,0,534,1,0.01,0.97520000,0.97770000,145.84000,0.00
1665595408,2844.00,20260622,1,531,1,0.02,146.89800000,144.79500000,146.89600,2844.00
1665675088,1552.00,20260605,1,534,0,0.01,0.96470000,0.97770000,147.03100,1552.00
1665698400,0.00,20260605,0,537,1,0.01,0.97864000,0.98114000,147.03100,0.00
1665723600,-196.00,20260605,1,537,0,0.01,0.98001000,0.98114000,148.55400,-196.00
1665723600,0.00,20260605,0,539,0,0.01,0.98001000,0.97751000,148.55400,0.00
1665737939,-369.00,20260605,1,539,1,0.01,0.97750000,0.97751000,148.55400,-369.00
1666166400,0.00,20260622,0,541,0,0.02,149.29400000,148.58600000,149.88700,0.00
1666177200,0.00,20260605,0,542,0,0.01,0.98394000,0.98144000,149.88700,0.00
1666178729,-374.00,20260605,1,542,1,0.01,0.98144000,0.98144000,149.88700,-374.00
1666191600,0.00,20260605,0,544,0,0.01,0.97833000,0.97583000,149.88700,0.00
1666209942,-379.00,20260605,1,544,1,0.01,0.97580000,0.97583000,149.88700,-379.00
1666350992,2900.00,20260622,1,541,1,0.02,150.72400000,148.58600000,147.67900,2900.00
1667462400,0.00,20260774,0,547,0,0.01,1.14180000,1.13680000,147.95500,0.00
1667469600,0.00,20260605,0,548,1,0.01,0.98114000,0.98364000,147.95500,0.00
1667470341,-763.00,20260774,1,547,1,0.01,1.13674000,1.13680000,147.95500,-763.00
1667491200,0.00,20260774,0,550,1,0.01,1.11625000,1.12125000,147.95500,0.00
1667496402,-754.00,20260774,1,550,0,0.01,1.12125000,1.12125000,147.95500,-754.00
1667577457,-372.00,20260605,1,548,0,0.01,0.98364000,0.98364000,146.54100,-372.00
1667577600,0.00,20260774,0,553,0,0.01,1.12674000,1.12174000,146.54100,0.00
1667595600,0.00,20260605,0,554,0,0.01,0.99235000,0.98985000,146.54100,0.00
1667599781,1663.00,20260774,1,553,1,0.01,1.13777000,1.12174000,146.54100,1663.00
1667853031,1574.00,20260605,1,554,1,0.01,1.00285000,0.98985000,146.59900,1574.00
1668096000,0.00,20260605,0,557,0,0.01,1.01227000,1.00977000,140.94000,0.00
1668139200,0.00,20260610,0,558,1,0.01,142.35300000,142.85300000,138.75000,0.00
1668153752,1484.00,20260605,1,557,1,0.01,1.02281000,1.00977000,138.75000,1484.00
1668158555,1116.00,20260610,1,558,0,0.01,141.23700000,142.85300000,138.75000,1116.00
1669608000,0.00,20260605,0,561,1,0.01,1.03482000,1.03732000,138.92400,0.00
1669625190,-353.00,20260605,1,561,0,0.01,1.03732000,1.03732000,138.92400,-353.00
1669672800,0.00,20260605,0,563,1,0.01,1.03376000,1.03626000,138.92400,0.00
1669694235,-351.00,20260605,1,563,0,0.01,1.03628000,1.03626000,138.40600,-351.00
1669842000,0.00,20260605,0,565,0,0.01,1.03722000,1.03472000,137.98600,0.00
1669908638,1474.00,20260605,1,565,1,0.01,1.04772000,1.03472000,135.23400,1474.00
1670202000,29326.00,20260650,1,347,1,0.03,91.15000000,0.00000000,136.61300,29326.00
1670231700,0.00,20261000,0,568,0,0.01,135.08900000,134.12600000,136.61300,0.00
1670231700,0.00,20261001,0,569,0,0.01,166.33600000,164.69200000,136.61300,0.00
1670277600,1585.00,20261000,1,568,1,0.01,136.67400000,134.12600000,136.61300,1585.00
1670277600,41.00,20261001,1,569,1,0.01,166.37700000,164.69200000,136.61300,41.00
1670319000,0.00,20261001,0,572,0,0.01,167.48300000,166.33300000,136.89800,0.00
1670326994,-1150.00,20261001,1,572,1,0.01,166.33300000,166.33300000,136.89800,-1150.00
1670408100,0.00,20261001,0,574,0,0.01,167.05100000,165.95500000,136.60300,0.00
1670450400,-584.00,20261001,1,574,1,0.01,166.46700000,165.95500000,136.60300,-584.00
1670842800,0.00,20261001,0,576,0,0.01,167.73000000,166.98600000,137.65000,0.00
1670882400,1133.00,20261001,1,576,1,0.01,168.86300000,166.98600000,137.65000,1133.00
1671100200,0.00,20261000,0,578,0,0.01,136.20700000,135.23500000,137.76300,0.00
1671127200,0.00,20260629,0,579,1,0.01,1.06482000,0.00000000,137.76300,0.00
1671127200,0.00,20260629,0,580,0,0.01,1.22168000,0.00000000,137.76300,0.00
1671134461,1945.00,20261000,1,578,1,0.01,138.15200000,135.23500000,137.76300,1945.00
1671183900,0.00,20261001,0,582,1,0.01,167.26700000,168.00100000,136.71100,0.00
1671228000,1123.00,20261001,1,582,0,0.01,166.14400000,168.00100000,136.71100,1123.00
1671448500,0.00,20261001,0,584,0,0.01,166.24000000,164.84000000,136.89200,0.00
1671487200,83.00,20261001,1,584,1,0.01,166.32300000,164.84000000,136.89200,83.00
1671622200,0.00,20261001,0,586,1,0.06,159.68200000,161.03300000,132.46000,0.00
1671660000,12.00,20261001,1,586,0,0.06,159.68000000,161.03300000,132.46000,12.00
1671790500,0.00,20261001,0,588,0,0.01,159.99300000,158.90000000,132.78100,0.00
1671832800,-72.00,20261001,1,588,1,0.01,159.92100000,158.90000000,132.78100,-72.00
1672153200,0.00,20260605,0,590,0,0.01,1.06357000,1.06107000,133.47600,0.00
1672223400,0.00,20261001,0,591,0,0.01,161.43700000,160.13600000,134.45400,0.00
1672250400,-250.00,20260605,1,590,1,0.01,1.06188000,1.06107000,134.45400,-250.00
1672250400,0.00,20260605,0,593,1,0.01,1.06188000,1.06438000,134.45400,0.00
1672257600,-145.00,20260605,1,593,0,0.01,1.06293000,1.06438000,134.45400,-145.00
1672257600,0.00,20260605,0,595,0,0.01,1.06293000,1.06043000,134.45400,0.00
1672264800,170.00,20261001,1,591,1,0.01,161.60700000,160.13600000,134.45400,170.00
1672329600,0.00,20260622,0,597,1,0.01,133.16700000,134.22300000,133.01100,0.00
1672392600,0.00,20261001,0,598,1,0.01,159.46900000,160.44100000,131.09300,0.00
1672394400,0.00,20261000,0,599,1,0.01,132.13200000,133.09200000,131.09300,0.00
1672430286,2088.00,20260622,1,597,0,0.01,131.05400000,134.22300000,131.09300,2088.00
1672437600,1153.00,20261000,1,599,0,0.01,130.97900000,133.09200000,131.09300,1153.00
1672437600,1443.00,20261001,1,598,0,0.01,158.02600000,160.44100000,131.09300,1443.00
1672740282,-361.00,20260605,1,595,1,0.01,1.06042000,1.06043000,131.00400,-361.00
1672740900,0.00,20261001,0,604,1,0.01,155.86900000,158.38000000,131.00400,0.00
1672743600,0.00,20260605,0,605,1,0.01,1.05519000,1.05769000,131.00400,0.00
1672763740,-327.00,20260605,1,605,0,0.01,1.05769000,1.05769000,131.00400,-327.00
1672765200,-2456.00,20260629,1,580,1,0.01,1.20303000,0.00000000,131.00400,-2456.00
1672765200,1033.00,20260629,1,579,0,0.01,1.05743000,0.00000000,131.00400,1033.00
1672783200,-863.00,20261001,1,604,0,0.01,156.73200000,158.38000000,131.00400,-863.00
1672825500,0.00,20261000,0,610,1,0.01,130.17900000,131.46800000,132.60800,0.00
1672833600,0.00,20260622,0,611,1,0.01,130.42000000,131.79200000,132.60800,0.00
1672851600,0.00,20260605,0,612,1,0.01,1.06242000,1.06492000,132.60800,0.00
1672852121,-1289.00,20261000,1,610,0,0.01,131.46800000,131.46800000,132.60800,-1289.00
1672852542,-1372.00,20260622,1,611,0,0.01,131.79200000,131.79200000,132.60800,-1372.00
1672913700,0.00,20261000,0,615,0,0.02,132.85300000,131.67900000,133.39400,0.00
1672940138,1412.00,20260605,1,612,0,0.01,1.05192000,1.06492000,133.39400,1412.00
1672956000,668.00,20261000,1,615,1,0.02,133.18700000,131.67900000,133.39400,668.00
1673006400,0.00,20260774,0,618,1,0.01,1.18576000,1.19076000,132.13000,0.00
1673019040,-670.00,20260774,1,618,0,0.01,1.19079000,1.19076000,132.13000,-670.00
1673254800,0.00,20260605,0,620,0,0.01,1.06821000,1.06571000,131.87400,0.00
1673257500,0.00,20261001,0,621,0,0.01,160.38300000,159.22700000,131.87400,0.00
1673264700,0.00,20261000,0,622,0,0.02,132.51300000,131.30100000,131.87400,0.00
1673301600,-1892.00,20261000,1,622,1,0.02,131.56700000,131.30100000,131.87400,-1892.00
1673301600,177.00,20261001,1,621,1,0.01,160.56000000,159.22700000,131.87400,177.00
1673433000,0.00,20261001,0,625,0,0.01,161.13400000,160.36500000,132.33900,0.00
1673474400,-191.00,20261001,1,625,1,0.01,160.94300000,160.36500000,132.33900,-191.00
1673496000,0.00,20260622,0,627,1,0.01,131.66600000,132.75000000,129.15100,0.00
1673523000,0.00,20261001,0,628,1,0.01,159.78700000,160.89900000,129.15100,0.00
1673523900,0.00,20261000,0,629,1,0.01,130.92800000,132.46800000,129.15100,0.00
1673537307,1350.00,20260605,1,620,1,0.01,1.07874000,1.06571000,129.15100,1350.00
1673539156,2168.00,20260622,1,627,0,0.01,129.49800000,132.75000000,129.15100,2168.00
1673560800,1628.00,20261000,1,629,0,0.01,129.30000000,132.46800000,129.15100,1628.00
1673560800,1744.00,20261001,1,628,0,0.01,158.04300000,160.89900000,129.15100,1744.00
1673604900,0.00,20261000,0,634,1,0.01,128.18100000,129.41700000,127.84700,0.00
1673604900,0.00,20261001,0,635,1,0.01,156.63500000,158.01600000,127.84700,0.00
1673625600,0.00,20260774,0,636,0,0.01,1.21678000,1.21178000,127.84700,0.00
1673647200,245.00,20261000,1,634,0,0.01,127.93600000,129.41700000,127.84700,245.00
1673647200,190.00,20261001,1,635,0,0.01,156.44500000,158.01600000,127.84700,190.00
1673842203,1406.00,20260774,1,636,1,0.01,1.22778000,1.21178000,128.46700,1406.00
1673864100,0.00,20261000,0,640,0,0.01,128.53100000,127.21600000,128.46700,0.00
1673865000,0.00,20261001,0,641,0,0.01,157.03600000,155.79300000,128.46700,0.00
1673906400,30.00,20261000,1,640,1,0.01,128.56100000,127.21600000,128.46700,30.00
1673906400,-258.00,20261001,1,641,1,0.01,156.77800000,155.79300000,128.46700,-258.00
1673947800,0.00,20261001,0,644,0,0.01,157.25500000,156.38200000,128.02000,0.00
1673992800,272.00,20261001,1,644,1,0.01,157.52700000,156.38200000,128.02000,272.00
1674553500,0.00,20261000,0,646,1,0.01,129.78600000,130.72700000,130.15200,0.00
1674553500,0.00,20261001,0,647,1,0.01,161.00400000,161.76700000,130.15200,0.00
1674578758,-941.00,20261000,1,646,0,0.01,130.72700000,130.72700000,130.15200,-941.00
1674597600,557.00,20261001,1,647,0,0.01,160.44700000,161.76700000,130.15200,557.00
1674728100,0.00,20261001,0,650,0,0.06,160.97300000,160.00200000,130.21000,0.00
1674730800,0.00,20261000,0,651,0,0.02,129.81300000,129.02100000,130.21000,0.00
1674770400,820.00,20261000,1,651,1,0.02,130.22300000,129.02100000,130.21000,820.00
1674770400,3624.00,20261001,1,650,1,0.06,161.57700000,160.00200000,130.21000,3624.00
1674814500,0.00,20261001,0,654,1,0.01,160.65500000,161.57600000,129.82100,0.00
1674856800,-340.00,20261001,1,654,0,0.01,160.99500000,161.57600000,129.82100,-340.00
1675071000,0.00,20261001,0,656,1,0.01,160.25300000,161.40100000,130.25900,0.00
1675101159,-1148.00,20261001,1,656,0,0.01,161.40100000,161.40100000,130.25900,-1148.00
1675160100,0.00,20261001,0,658,1,0.01,160.47000000,161.19300000,130.04500,0.00
1675177200,0.00,20260605,0,659,1,0.01,1.08260000,1.08510000,130.04500,0.00
1675179031,-327.00,20260605,1,659,0,0.01,1.08511000,1.08510000,130.04500,-327.00
1675202400,58.00,20261001,1,658,0,0.01,160.41200000,161.19300000,130.04500,58.00
1675243800,0.00,20261001,0,662,0,0.01,160.66200000,159.84900000,128.93600,0.00
1675260626,-813.00,20261001,1,662,1,0.01,159.84900000,159.84900000,128.93600,-813.00
1675416600,0.00,20261001,0,664,1,0.01,156.81300000,157.39300000,131.16900,0.00
1675424765,-580.00,20261001,1,664,0,0.01,157.39300000,157.39300000,131.16900,-580.00
1675425600,0.00,20260774,0,666,0,0.01,1.22467000,1.21967000,131.16900,0.00
1675438229,-652.00,20260774,1,666,1,0.01,1.21966000,1.21967000,131.16900,-652.00
1675440000,0.00,20260605,0,668,1,0.01,1.08395000,1.08645000,131.16900,0.00
1675440000,0.00,20260774,0,669,1,0.01,1.21271000,1.21771000,131.16900,0.00
1675442790,-326.00,20260605,1,668,0,0.01,1.08645000,1.08645000,131.16900,-326.00
1675705471,1433.00,20260774,1,669,0,0.01,1.20170000,1.21771000,132.63200,1433.00
1675766700,0.00,20261000,0,672,1,0.01,131.81400000,132.70700000,131.02300,0.00
1675807200,719.00,20261000,1,672,0,0.01,131.09500000,132.70700000,131.02300,719.00
1675850400,0.00,20261001,0,674,0,0.01,158.37000000,157.60900000,131.32700,0.00
1675893600,194.00,20261001,1,674,1,0.01,158.56400000,157.60900000,131.32700,194.00
1675929600,0.00,20260610,0,676,0,0.01,131.37800000,130.87800000,131.54000,0.00
1675939237,-500.00,20260610,1,676,1,0.01,130.87800000,130.87800000,131.54000,-500.00
1675958400,0.00,20260610,0,678,1,0.01,130.40100000,130.90100000,131.54000,0.00
1675958400,0.00,20260774,0,679,0,0.01,1.21927000,1.21427000,131.54000,0.00
1675963756,-500.00,20260610,1,678,0,0.01,130.90100000,130.90100000,131.54000,-500.00
1675967500,-656.00,20260774,1,679,1,0.01,1.21426000,1.21427000,131.54000,-656.00
1676021400,0.00,20261000,0,682,1,0.02,130.88600000,131.88300000,131.36700,0.00
1676021400,0.00,20261001,0,683,1,0.01,158.35300000,159.63100000,131.36700,0.00
1676066400,-1248.00,20261000,1,682,0,0.02,131.51000000,131.88300000,131.36700,-1248.00
1676066400,-109.00,20261001,1,683,0,0.01,158.46200000,159.63100000,131.36700,-109.00
1676275200,0.00,20260610,0,686,0,0.01,132.18900000,131.68900000,132.36900,0.00
1676284200,0.00,20261001,0,687,0,0.01,159.57000000,158.21800000,132.36900,0.00
1676287800,0.00,20261000,0,688,0,0.01,132.57200000,131.19000000,132.36900,0.00
1676325600,-107.00,20261000,1,688,1,0.01,132.46500000,131.19000000,132.36900,-107.00
1676325600,1136.00,20261001,1,687,1,0.01,160.70600000,158.21800000,132.36900,1136.00
1676388759,-492.00,20260610,1,686,1,0.01,131.68700000,131.68900000,133.09600,-492.00
1676404800,0.00,20260774,0,692,1,0.01,1.21707000,1.22207000,133.09600,0.00
1676452500,0.00,20261001,0,693,1,0.01,161.22700000,162.04300000,134.13400,0.00
1676469569,1448.00,20260774,1,692,0,0.01,1.20607000,1.22207000,134.13400,1448.00
1676498400,-72.00,20261001,1,693,0,0.01,161.29900000,162.04300000,134.13400,-72.00
1677232800,0.00,20261001,0,696,0,0.01,162.17300000,161.20300000,136.47300,0.00
1677236400,0.00,20261000,0,697,0,0.02,135.06800000,134.05300000,136.47300,0.00
1677276000,2726.00,20261000,1,697,1,0.02,136.43100000,134.05300000,136.47300,2726.00
1677276000,779.00,20261001,1,696,1,0.01,162.95200000,161.20300000,136.47300,779.00
1677498300,0.00,20261001,0,700,0,0.06,163.25200000,162.60300000,136.13500,0.00
1677535200,6162.00,20261001,1,700,1,0.06,164.27900000,162.60300000,136.13500,6162.00
1677578400,0.00,20261001,0,702,0,0.01,164.60200000,163.97600000,136.10200,0.00
1677598695,1252.00,20261001,1,702,1,0.01,165.85400000,163.97600000,136.10200,1252.00
1677662100,0.00,20261001,0,704,0,0.01,164.33100000,163.44100000,136.13800,0.00
1677673900,-890.00,20261001,1,704,1,0.01,163.44100000,163.44100000,136.13800,-890.00
1677697200,0.00,20260605,0,706,0,0.01,1.06738000,1.06488000,136.13800,0.00
1677704614,-342.00,20260605,1,706,1,0.01,1.06487000,1.06488000,136.13800,-342.00
1677762000,0.00,20260605,0,708,1,0.01,1.06137000,1.06387000,136.75200,0.00
1677843000,0.00,20261000,0,709,1,0.01,136.17800000,136.77000000,135.81600,0.00
1677880800,338.00,20261000,1,709,0,0.01,135.84000000,136.77000000,135.81600,338.00
1677881132,-335.00,20260605,1,708,0,0.01,1.06387000,1.06387000,135.81600,-335.00
1678107600,0.00,20260605,0,712,0,0.01,1.06286000,1.06036000,135.90600,0.00
1678181400,0.00,20261000,0,713,1,0.02,135.70300000,136.17700000,137.14800,0.00
1678184100,0.00,20261001,0,714,1,0.06,163.21300000,163.85700000,137.14800,0.00
1678199310,-948.00,20261000,1,713,0,0.02,136.17700000,136.17700000,137.14800,-948.00
1678208686,-354.00,20260605,1,712,1,0.01,1.06032000,1.06036000,137.14800,-354.00
1678222800,0.00,20260605,0,717,1,0.01,1.05554000,1.05804000,137.14800,0.00
1678226400,6114.00,20261001,1,714,0,0.06,162.19400000,163.85700000,137.14800,6114.00
1678354200,0.00,20261001,0,719,1,0.01,161.94900000,162.64200000,136.13400,0.00
1678358700,0.00,20261000,0,720,1,0.01,136.28100000,137.33900000,136.13400,0.00
1678368395,-330.00,20260605,1,717,0,0.01,1.05804000,1.05804000,136.13400,-330.00
1678374000,0.00,20260605,0,722,1,0.01,1.05591000,1.05841000,136.13400,0.00
1678380443,-340.00,20260605,1,722,0,0.01,1.05841000,1.05841000,136.13400,-340.00
1678399200,116.00,20261000,1,720,0,0.01,136.16500000,137.33900000,136.13400,116.00
1678399200,-227.00,20261001,1,719,0,0.01,162.17600000,162.64200000,136.13400,-227.00
1678446900,0.00,20261001,0,726,0,0.01,163.34700000,161.94500000,135.05600,0.00
1678464000,0.00,20260605,0,727,0,0.01,1.06220000,1.05970000,135.05600,0.00
1678485600,-1182.00,20261001,1,726,1,0.01,162.16500000,161.94500000,135.05600,-1182.00
1678686990,1422.00,20260605,1,727,1,0.01,1.07270000,1.05970000,133.18100,1422.00
1678793400,0.00,20261001,0,730,0,0.01,162.84500000,161.85700000,134.20600,0.00
1678831200,508.00,20261001,1,730,1,0.01,163.35300000,161.85700000,134.20600,508.00
1678871700,0.00,20261001,0,732,0,0.01,163.76400000,162.96900000,133.36000,0.00
1678876200,0.00,20261000,0,733,0,0.01,134.87100000,134.03100000,133.36000,0.00
1678883556,-795.00,20261001,1,732,1,0.01,162.96900000,162.96900000,133.36000,-795.00
1678884040,-840.00,20261000,1,733,1,0.01,134.03100000,134.03100000,133.36000,-840.00
1678914000,0.00,20260605,0,736,1,0.01,1.05564000,1.05814000,133.36000,0.00
1678915712,-355.00,20260605,1,736,0,0.01,1.05829000,1.05814000,133.36000,-355.00
1679032800,0.00,20260605,0,738,0,0.01,1.06339000,1.06089000,131.79800,0.00
1679304600,0.00,20261001,0,739,1,0.01,160.12500000,161.73200000,131.31300,0.00
1679305500,0.00,20261000,0,740,1,0.02,131.39000000,132.65100000,131.31300,0.00
1679349600,162.00,20261000,1,740,0,0.02,131.30900000,132.65100000,131.31300,162.00
1679349600,-1137.00,20261001,1,739,0,0.01,161.26200000,161.73200000,131.31300,-1137.00
1679396400,0.00,20261000,0,743,0,0.02,131.86900000,131.03200000,132.47800,0.00
1679397300,0.00,20261001,0,744,0,0.06,161.77000000,160.75200000,132.47800,0.00
1679401895,1372.00,20260605,1,738,1,0.01,1.07389000,1.06089000,132.47800,1372.00
1679436000,1358.00,20261000,1,743,1,0.02,132.54800000,131.03200000,132.47800,1358.00
1679436000,906.00,20261001,1,744,1,0.06,161.92100000,160.75200000,132.47800,906.00
1679656500,0.00,20261001,0,748,1,0.01,159.31100000,160.83600000,130.71200,0.00
1679673600,0.00,20260610,0,749,1,0.01,130.16000000,130.66000000,130.71200,0.00
1679677380,-501.00,20260610,1,749,0,0.01,130.66100000,130.66000000,130.71200,-501.00
1679695200,-534.00,20261001,1,748,0,0.01,159.84500000,160.83600000,130.71200,-534.00
1679908500,0.00,20261001,0,752,0,0.01,160.32800000,159.42500000,131.54100,0.00
1679909400,0.00,20261000,0,753,0,0.01,131.28300000,130.45000000,131.54100,0.00
1679954400,286.00,20261000,1,753,1,0.01,131.56900000,130.45000000,131.54100,286.00
1679954400,1362.00,20261001,1,752,1,0.01,161.69000000,159.42500000,131.54100,1362.00
1680000300,0.00,20261001,0,756,0,0.06,161.71800000,160.72800000,130.84400,0.00
1680040800,-2250.00,20261001,1,756,1,0.06,161.34300000,160.72800000,130.84400,-2250.00
1680081300,0.00,20261001,0,758,0,0.01,162.60100000,161.33700000,132.84500,0.00
1680127200,766.00,20261001,1,758,1,0.01,163.36700000,161.33700000,132.84500,766.00
1680516900,0.00,20261001,0,760,0,0.06,164.44700000,163.42600000,132.39200,0.00
1680559200,-1200.00,20261001,1,760,1,0.06,164.24700000,163.42600000,132.39200,-1200.00
1680580800,0.00,20260610,0,762,1,0.01,132.55600000,133.05600000,131.68800,0.00
1680604200,0.00,20261001,0,763,0,0.01,165.13100000,164.16900000,131.68800,0.00
1680610933,-501.00,20260610,1,762,0,0.01,133.05700000,133.05600000,131.68800,-501.00
1680638400,0.00,20260610,0,765,1,0.01,131.61900000,132.11900000,131.68800,0.00
1680645600,-623.00,20261001,1,763,1,0.01,164.50800000,164.16900000,131.68800,-623.00
1680649200,0.00,20260605,0,767,0,0.01,1.09576000,1.09326000,131.68800,0.00
1680693300,0.00,20261001,0,768,1,0.01,163.94900000,164.67300000,131.30200,0.00
1680714617,-339.00,20260605,1,767,1,0.01,1.09323000,1.09326000,131.30200,-339.00
1680732000,640.00,20261001,1,768,0,0.01,163.30900000,164.67300000,131.30200,640.00
1680773400,0.00,20261001,0,771,0,0.06,163.59400000,162.89300000,131.75800,0.00
1680818400,2676.00,20261001,1,771,1,0.06,164.04000000,162.89300000,131.75800,2676.00
1680881440,-578.00,20260610,1,765,0,0.01,132.12200000,132.11900000,132.15900,-578.00
1681209900,0.00,20261000,0,774,1,0.01,133.06300000,133.68900000,133.64100,0.00
1681239919,-626.00,20261000,1,774,0,0.01,133.68900000,133.68900000,133.64100,-626.00
1681311600,0.00,20260605,0,776,0,0.01,1.09230000,1.08980000,133.12500,0.00
1681389150,1397.00,20260605,1,776,1,0.01,1.10281000,1.08980000,132.56700,1397.00
1681754400,0.00,20260605,0,778,1,0.01,1.09141000,1.09391000,134.42500,0.00
1681798475,-331.00,20260605,1,778,0,0.01,1.09392000,1.09391000,134.09500,-331.00
1681812000,0.00,20260605,0,780,0,0.01,1.09492000,1.09242000,134.09500,0.00
1681812900,0.00,20261001,0,781,0,0.01,166.90200000,166.15700000,134.09500,0.00
1681855200,-276.00,20261001,1,781,1,0.01,166.62600000,166.15700000,134.09500,-276.00
1681895700,0.00,20261000,0,783,0,0.01,134.61200000,133.95100000,134.69300,0.00
1681895700,0.00,20261001,0,784,0,0.01,167.26200000,166.48200000,134.69300,0.00
1681914390,-345.00,20260605,1,780,1,0.01,1.09242000,1.09242000,134.69300,-345.00
1681941600,111.00,20261000,1,783,1,0.01,134.72300000,133.95100000,134.69300,111.00
1681941600,309.00,20261001,1,784,1,0.01,167.57100000,166.48200000,134.69300,309.00
1681983900,0.00,20261000,0,788,1,0.02,134.40600000,134.97100000,134.21900,0.00
1682028000,138.00,20261000,1,788,0,0.02,134.33700000,134.97100000,134.21900,138.00
1682068500,0.00,20261001,0,790,1,0.01,166.29900000,167.06200000,134.11900,0.00
1682114400,-534.00,20261001,1,790,0,0.01,166.83300000,167.06200000,134.11900,-534.00
1682418600,0.00,20261001,0,792,1,0.01,167.13900000,167.95900000,133.72000,0.00
1682457215,1640.00,20261001,1,792,0,0.01,165.49900000,167.95900000,133.72000,1640.00
1682460000,0.00,20260605,0,794,1,0.01,1.09721000,1.09971000,133.72000,0.00
1682501552,-334.00,20260605,1,794,0,0.01,1.09973000,1.09971000,133.65500,-334.00
1682502300,0.00,20261001,0,796,0,0.01,166.30900000,165.64700000,133.65500,0.00
1682539200,0.00,20260605,0,797,0,0.01,1.10414000,1.10164000,133.65500,0.00
1682546400,25.00,20261001,1,796,1,0.01,166.33400000,165.64700000,133.65500,25.00
1682609681,-344.00,20260605,1,797,1,0.01,1.10164000,1.10164000,133.90900,-344.00
1682697600,0.00,20260610,0,800,0,0.01,136.06800000,135.56800000,136.27000,0.00
1682960713,1110.00,20260610,1,800,1,0.01,137.16800000,135.56800000,137.47800,1110.00
1683026100,0.00,20261001,0,802,1,0.06,171.51100000,172.31300000,136.53400,0.00
1683032400,0.00,20260605,0,803,1,0.01,1.09525000,1.09775000,136.53400,0.00
1683048853,-343.00,20260605,1,803,0,0.01,1.09775000,1.09775000,136.53400,-343.00
1683064800,6252.00,20261001,1,802,0,0.06,170.46900000,172.31300000,136.53400,6252.00
1683068400,0.00,20260605,0,806,0,0.01,1.10061000,1.09811000,136.53400,0.00
1683108900,0.00,20261000,0,807,1,0.01,135.73900000,136.60100000,134.67300,0.00
1683151200,280.00,20261000,1,807,0,0.01,135.45900000,136.60100000,134.67300,280.00
1683193500,0.00,20261001,0,809,1,0.01,168.78200000,169.43700000,134.23600,0.00
1683196602,-655.00,20261001,1,809,0,0.01,169.43700000,169.43700000,134.23600,-655.00
1683248400,38.00,20260605,1,806,1,0.01,1.10107000,1.09811000,134.82000,38.00
1683248400,0.00,20260605,0,812,1,0.01,1.10107000,1.10357000,134.82000,0.00
1683252000,-146.00,20260605,1,812,0,0.01,1.10215000,1.10357000,134.82000,-146.00
1683252000,0.00,20260605,0,814,0,0.01,1.10215000,1.09965000,134.82000,0.00
1683300614,-340.00,20260605,1,814,1,0.01,1.09964000,1.09965000,134.82000,-340.00
1683313200,0.00,20260605,0,816,0,0.01,1.10249000,1.09999000,134.82000,0.00
1683591030,-370.00,20260605,1,816,1,0.01,1.09988000,1.09999000,135.13900,-370.00
1683629100,0.00,20261001,0,818,1,0.01,169.90000000,170.61400000,135.13900,0.00
1683662400,0.00,20260627,0,819,0,0.01,170.58400000,169.50500000,135.13900,0.00
1683665553,-714.00,20261001,1,818,0,0.01,170.61400000,170.61400000,135.13900,-714.00
1683711000,0.00,20261001,0,821,0,0.01,170.93600000,170.36800000,134.28900,0.00
1683732629,-568.00,20261001,1,821,1,0.01,170.36800000,170.36800000,134.28900,-568.00
1683748719,-1073.00,20260627,1,819,1,0.01,169.50400000,169.50500000,134.28900,-1073.00
1683802800,0.00,20261000,0,824,0,0.01,134.55900000,133.89000000,134.37800,0.00
1683819028,-670.00,20261000,1,824,1,0.01,133.88900000,133.89000000,134.37800,-670.00
1683883800,0.00,20261001,0,826,0,0.01,168.68000000,168.06400000,135.71200,0.00
1683888300,0.00,20261000,0,827,0,0.01,134.87200000,134.29800000,135.71200,0.00
1683928800,818.00,20261000,1,827,1,0.01,135.69000000,134.29800000,135.71200,818.00
1683928800,225.00,20261001,1,826,1,0.01,168.90500000,168.06400000,135.71200,225.00
1684151100,0.00,20261001,0,830,0,0.01,169.93100000,168.76700000,136.10200,0.00
1684188000,560.00,20261001,1,830,1,0.01,170.49100000,168.76700000,136.10200,560.00
1684320300,0.00,20261000,0,832,0,0.01,136.94900000,136.30100000,137.66100,0.00
1684360800,649.00,20261000,1,832,1,0.01,137.59800000,136.30100000,137.66100,649.00
1684401300,0.00,20261001,0,834,1,0.01,171.38700000,171.93900000,138.69100,0.00
1684409400,0.00,20261000,0,835,0,0.02,137.89000000,137.28700000,138.69100,0.00
1684427860,-552.00,20261001,1,834,0,0.01,171.93900000,171.93900000,138.69100,-552.00
1684447200,1530.00,20261000,1,835,1,0.02,138.65500000,137.28700000,138.69100,1530.00
1684488600,0.00,20261000,0,838,1,0.01,138.07100000,138.70300000,137.95400,0.00
1684491300,0.00,20261001,0,839,1,0.01,171.39700000,172.12900000,137.95400,0.00
1684506626,-732.00,20261001,1,839,0,0.01,172.12900000,172.12900000,137.95400,-732.00
1684533600,-4.00,20261000,1,838,0,0.01,138.07500000,138.70300000,137.95400,-4.00
1684728000,0.00,20260774,0,842,1,0.01,1.24663000,1.25163000,138.58400,0.00
1684836900,0.00,20261001,0,843,1,0.01,171.90700000,172.62300000,138.57100,0.00
1684879200,-71.00,20261001,1,843,0,0.01,171.97800000,172.62300000,138.57100,-71.00
1684929600,0.00,20260622,0,845,0,0.01,138.57800000,137.71200000,139.44200,0.00
1684986758,1537.00,20260774,1,842,0,0.01,1.23559000,1.25163000,140.04100,1537.00
1685008800,0.00,20261001,0,847,0,0.06,172.48800000,171.67300000,140.04100,0.00
1685052000,-438.00,20261001,1,847,1,0.06,172.41500000,171.67300000,140.04100,-438.00
1685098800,0.00,20261000,0,849,1,0.01,139.53000000,140.10200000,140.57700,0.00
1685115161,-573.00,20261000,1,849,0,0.01,140.10300000,140.10200000,140.57700,-573.00
1685115580,1752.00,20260622,1,845,1,0.01,140.31000000,137.71200000,140.57700,1752.00
1685390400,0.00,20260627,0,852,0,0.01,173.47300000,172.47600000,140.42200,0.00
1685439000,0.00,20261000,0,853,0,0.01,140.90100000,139.96200000,139.77300,0.00
1685439000,0.00,20261001,0,854,0,0.01,173.79000000,173.08500000,139.77300,0.00
1685441428,-705.00,20261001,1,854,1,0.01,173.08500000,173.08500000,139.77300,-705.00
1685441700,0.00,20261001,0,856,1,0.01,172.99200000,173.62000000,139.77300,0.00
1685448209,-629.00,20261001,1,856,0,0.01,173.62100000,173.62000000,139.77300,-629.00
1685455999,-939.00,20261000,1,853,1,0.01,139.96200000,139.96200000,139.77300,-939.00
1685531700,0.00,20261001,0,859,1,0.01,172.55600000,173.64600000,139.32900,0.00
1685570400,-489.00,20261001,1,859,0,0.01,173.04500000,173.64600000,139.32900,-489.00
1685610900,0.00,20261001,0,861,0,0.01,173.67000000,172.96100000,138.78200,0.00
1685615400,0.00,20261000,0,862,0,0.01,139.88100000,138.95700000,138.78200,0.00
1685635200,0.00,20260774,0,863,0,0.01,1.24848000,1.24348000,138.78200,0.00
1685637136,-925.00,20261000,1,862,1,0.01,138.95600000,138.95700000,138.78200,-925.00
1685656800,252.00,20261001,1,861,1,0.01,173.92200000,172.96100000,138.78200,252.00
1685736000,-494.00,20260774,1,863,1,0.01,1.24493000,1.24348000,139.95500,-494.00
1685736000,0.00,20260774,0,867,1,0.01,1.24493000,1.24993000,139.95500,0.00
1685966400,0.00,20260622,0,868,0,0.01,140.26700000,139.31900000,139.56600,0.00
1685984801,-948.00,20260622,1,868,1,0.01,139.31900000,139.31900000,139.56600,-948.00
1686047400,0.00,20261001,0,870,1,0.01,173.05300000,173.77100000,139.62200,0.00
1686088800,-544.00,20261001,1,870,0,0.01,173.59700000,173.77100000,139.62200,-544.00
1686099600,0.00,20260650,0,872,0,0.03,93.12600000,0.00000000,140.06600,0.00
1686157084,-700.00,20260774,1,867,0,0.01,1.24993000,1.24993000,140.06600,-700.00
1686164400,0.00,20260605,0,874,1,0.01,1.07011000,1.07261000,140.06600,0.00
1686225083,-345.00,20260605,1,874,0,0.01,1.07262000,1.07261000,138.91000,-345.00
1686236400,0.00,20260605,0,876,0,0.01,1.07360000,1.07110000,138.91000,0.00
1686312000,0.00,20260622,0,877,0,0.01,139.66200000,138.80600000,139.36200,0.00
1686760716,1433.00,20260605,1,876,1,0.01,1.08410000,1.07110000,140.02500,1433.00
1686798862,4083.00,20260627,1,852,1,0.01,177.46500000,172.47600000,140.25600,4083.00
1686801600,0.00,20260627,0,880,0,0.01,177.69400000,176.61000000,140.25600,0.00
1686816098,1752.00,20260622,1,877,1,0.01,141.37400000,138.80600000,140.25600,1752.00
1686950666,4342.00,20260627,1,880,1,0.01,182.02900000,176.61000000,141.87200,4342.00
1687464000,0.00,20260622,0,883,0,0.01,142.99100000,142.19800000,143.10000,0.00
1687971600,0.00,20260605,0,884,0,0.01,1.09350000,1.09100000,144.46900,0.00
1687974448,-361.00,20260605,1,884,1,0.01,1.09100000,1.09100000,144.46900,-361.00
1687974975,1626.00,20260622,1,883,1,0.01,144.57700000,142.19800000,144.46900,1626.00
1687975200,0.00,20260605,0,887,1,0.01,1.08985000,1.09235000,144.46900,0.00
1687988919,-361.00,20260605,1,887,0,0.01,1.09235000,1.09235000,144.46900,-361.00
1688356800,0.00,20260622,0,889,0,0.02,144.45000000,143.70800000,144.63500,0.00
1688374800,0.00,20260605,0,890,1,0.01,1.09031000,1.09281000,144.63500,0.00
1688403628,-360.00,20260605,1,890,0,0.01,1.09281000,1.09281000,144.63500,-360.00
1688632453,-1424.00,20260622,1,889,1,0.02,143.70800000,143.70800000,144.05500,-1424.00
1688659200,0.00,20260627,0,893,0,0.01,183.80700000,182.68000000,144.05500,0.00
1688666400,0.00,20260605,0,894,1,0.01,1.08679000,1.08929000,144.05500,0.00
1688687381,-359.00,20260605,1,894,0,0.01,1.08929000,1.08929000,144.05500,-359.00
1688723495,-1121.00,20260627,1,893,1,0.01,182.67900000,182.68000000,142.08900,-1121.00
1688745600,0.00,20260605,0,897,0,0.01,1.09121000,1.08871000,142.08900,0.00
1689054917,1491.00,20260605,1,897,1,0.01,1.10171000,1.08871000,140.35000,1491.00
1689235200,0.00,20260610,0,899,1,0.01,138.52300000,139.02300000,138.03200,0.00
1689309461,1076.00,20260610,1,899,0,0.01,137.42200000,139.02300000,138.78400,1076.00
1689764400,0.00,20260629,0,901,1,0.01,1.12266000,0.00000000,139.53300,0.00
1689764400,0.00,20260629,0,902,0,0.01,1.29486000,0.00000000,139.53300,0.00
1689940800,0.00,20260610,0,903,0,0.01,141.91700000,141.41700000,141.82200,0.00
1689942195,-501.00,20260610,1,903,1,0.01,141.41600000,141.41700000,141.82200,-501.00
1689955200,0.00,20260610,0,905,1,0.01,141.37200000,141.87200000,141.82200,0.00
1689959500,-501.00,20260610,1,905,0,0.01,141.87300000,141.87200000,141.82200,-501.00
1690264800,0.00,20260605,0,907,1,0.01,1.10804000,1.11054000,140.89000,0.00
1690390800,-486.00,20260629,1,902,1,0.01,1.29147000,0.00000000,140.22700,-486.00
1690390800,2313.00,20260629,1,901,0,0.01,1.10653000,0.00000000,140.22700,2313.00
1690408805,-361.00,20260605,1,907,0,0.01,1.11062000,1.11054000,140.22700,-361.00
1690516800,0.00,20260610,0,911,1,0.01,139.47500000,139.97500000,141.15000,0.00
1690525711,-500.00,20260610,1,911,0,0.01,139.97500000,139.97500000,141.15000,-500.00
1690531200,0.00,20260610,0,913,1,0.01,138.76300000,139.26300000,141.15000,0.00
1690534661,-500.00,20260610,1,913,0,0.01,139.26300000,139.26300000,141.15000,-500.00
1690790400,0.00,20260610,0,915,0,0.01,141.88500000,141.38500000,142.25800,0.00
1690902090,1110.00,20260610,1,915,1,0.01,142.98500000,141.38500000,143.31800,1110.00
1691064000,0.00,20260774,0,917,1,0.01,1.26753000,1.27253000,142.51300,0.00
1691121593,-716.00,20260774,1,917,0,0.01,1.27253000,1.27253000,141.75200,-716.00
1691607600,0.00,20260605,0,919,1,0.01,1.09740000,1.09990000,143.70400,0.00
1691647200,-71.00,20260605,1,919,0,0.01,1.09793000,1.09990000,144.71500,-71.00
1691647200,0.00,20260605,0,921,0,0.01,1.09793000,1.09543000,144.71500,0.00
1691769600,-171.00,20260605,1,921,1,0.01,1.09680000,1.09543000,144.93000,-171.00
1691769600,0.00,20260605,0,923,1,0.01,1.09680000,1.09930000,144.93000,0.00
1692246602,1521.00,20260605,1,923,0,0.01,1.08630000,1.09930000,145.82100,1521.00
1692720000,0.00,20260774,0,925,1,0.01,1.27421000,1.27921000,145.87400,0.00
1692797438,1572.00,20260774,1,925,0,0.01,1.26321000,1.27921000,144.82000,1572.00
1693310400,0.00,20260622,0,927,0,0.02,146.51500000,145.91300000,145.86000,0.00
1693334103,-1204.00,20260622,1,927,1,0.02,145.91300000,145.91300000,145.86000,-1204.00
1693371600,0.00,20260605,0,929,0,0.01,1.08691000,1.08441000,146.21300,0.00
1693396800,0.00,20260622,0,930,0,0.01,146.44600000,145.63800000,146.21300,0.00
1693413095,-809.00,20260622,1,930,1,0.01,145.63700000,145.63800000,146.21300,-809.00
1693500446,-373.00,20260605,1,929,1,0.01,1.08441000,1.08441000,145.51800,-373.00
1693504800,0.00,20260605,0,933,0,0.01,1.08551000,1.08301000,145.51800,0.00
1693508400,-243.00,20260605,1,933,1,0.01,1.08384000,1.08301000,145.51800,-243.00
1693508400,0.00,20260605,0,935,1,0.01,1.08384000,1.08634000,145.51800,0.00
1693582241,-361.00,20260605,1,935,0,0.01,1.08635000,1.08634000,146.24600,-361.00
1694174400,0.00,20260622,0,937,0,0.01,147.41300000,146.59700000,147.78500,0.00
1694410464,-807.00,20260622,1,937,1,0.01,146.59600000,146.59700000,146.56300,-807.00
1694620800,0.00,20260622,0,939,0,0.02,147.43900000,146.72600000,147.45000,0.00
1695229200,0.00,20260605,0,940,0,0.01,1.07173000,1.06923000,148.31400,0.00
1695243689,-370.00,20260605,1,940,1,0.01,1.06923000,1.06923000,148.31400,-370.00
1695247200,0.00,20260605,0,942,1,0.01,1.06865000,1.07115000,148.31400,0.00
1695661779,3014.00,20260622,1,939,1,0.02,148.86600000,146.72600000,148.86600,3014.00
1695662728,1580.00,20260605,1,942,0,0.01,1.05814000,1.07115000,148.86600,1580.00
1695672000,0.00,20260622,0,945,0,0.02,148.85100000,148.18300000,148.86600,0.00
1696353146,-1228.00,20260622,1,945,1,0.02,148.17700000,148.18300000,148.97600,-1228.00
1696618800,0.00,20260605,0,947,0,0.01,1.05951000,1.05701000,149.27500,0.00
1696809930,-651.00,20260605,1,947,1,0.01,1.05518000,1.05701000,148.47900,-651.00
1696849200,0.00,20260605,0,949,1,0.01,1.05228000,1.05478000,148.47900,0.00
1696867301,-379.00,20260605,1,949,0,0.01,1.05484000,1.05478000,148.47900,-379.00
1697148000,0.00,20260605,0,951,1,0.01,1.05266000,1.05516000,149.78900,0.00
1697176800,-290.00,20260605,1,951,0,0.01,1.05465000,1.05516000,149.57100,-290.00
1697176800,0.00,20260605,0,953,0,0.01,1.05465000,1.05215000,149.57100,0.00
1697203419,-370.00,20260605,1,953,1,0.01,1.05215000,1.05215000,149.57100,-370.00
1697655600,0.00,20260605,0,955,1,0.01,1.05311000,1.05561000,149.91000,0.00
1697724635,-367.00,20260605,1,955,0,0.01,1.05562000,1.05561000,149.76200,-367.00
1697734800,0.00,20260605,0,957,0,0.01,1.05752000,1.05502000,149.76200,0.00
1698124818,1529.00,20260605,1,957,1,0.01,1.06802000,1.05502000,149.90200,1529.00
1698174000,0.00,20260605,0,959,0,0.01,1.05941000,1.05691000,149.90200,0.00
1698236797,-384.00,20260605,1,959,1,0.01,1.05688000,1.05691000,150.22300,-384.00
1698354000,0.00,20260605,0,961,1,0.01,1.05504000,1.05754000,150.36100,0.00
1698422679,-365.00,20260605,1,961,0,0.01,1.05754000,1.05754000,149.62400,-365.00
1698433200,0.00,20260605,0,963,0,0.01,1.05916000,1.05666000,149.62400,0.00
1698438758,-370.00,20260605,1,963,1,0.01,1.05666000,1.05666000,149.62400,-370.00
1698440400,0.00,20260605,0,965,1,0.01,1.05670000,1.05920000,149.62400,0.00
1698677190,-367.00,20260605,1,965,0,0.01,1.05921000,1.05920000,149.04100,-367.00
1698836400,0.00,20260605,0,967,1,0.01,1.05646000,1.05896000,150.93900,0.00
1698894037,-365.00,20260605,1,967,0,0.01,1.05896000,1.05896000,150.38300,-365.00
1698897600,0.00,20260605,0,969,0,0.01,1.06021000,1.05771000,150.38300,0.00
1699026257,1553.00,20260605,1,969,1,0.01,1.07075000,1.05771000,149.37800,1553.00
1699041600,0.00,20260629,0,971,0,0.01,1.07396000,0.00000000,149.37800,0.00
1699041600,0.00,20260629,0,972,1,0.01,1.23819000,0.00000000,149.37800,0.00
1699387200,0.00,20260774,0,973,0,0.01,1.22722000,1.22222000,150.29900,0.00
1699564721,-753.00,20260774,1,973,1,0.01,1.22215000,1.22222000,151.33300,-753.00
1699567200,2385.00,20260629,1,972,0,0.01,1.22207000,0.00000000,151.33300,2385.00
1699567200,-1110.00,20260629,1,971,1,0.01,1.06671000,0.00000000,151.33300,-1110.00
1700467200,0.00,20260610,0,977,1,0.01,149.08400000,149.58400000,148.34500,0.00
1700537247,1077.00,20260610,1,977,0,0.01,147.98200000,149.58400000,148.36800,1077.00
1701100800,0.00,20260610,0,979,1,0.01,148.81300000,149.31300000,148.66100,0.00
1701193385,1078.00,20260610,1,979,0,0.01,147.71000000,149.31300000,147.46300,1078.00
1701201600,0.00,20260610,0,981,1,0.01,147.55300000,148.05300000,147.46300,0.00
1701360043,-558.00,20260610,1,981,0,0.01,148.06100000,148.05300000,148.17800,-558.00
1701374400,0.00,20260605,0,983,1,0.01,1.08899000,1.09149000,148.17800,0.00
1701802421,1570.00,20260605,1,983,0,0.01,1.07849000,1.09149000,147.13800,1570.00
1702544400,0.00,20260605,0,985,0,0.01,1.09018000,1.08768000,141.83600,0.00
1702582205,1556.00,20260605,1,985,1,0.01,1.10069000,1.08768000,141.83600,1556.00
1703563200,0.00,20260622,0,987,1,0.01,142.26000000,143.24100000,142.38000,0.00
1703785238,1888.00,20260622,1,987,0,0.01,140.29700000,143.24100000,141.33400,1888.00
1703880000,0.00,20260622,0,989,1,0.01,140.83900000,142.01800000,141.01200,0.00
1704205217,-1212.00,20260622,1,989,0,0.01,142.02600000,142.01800000,141.97600,-1212.00
1704258000,0.00,20260605,0,991,1,0.01,1.09520000,1.09770000,143.27300,0.00
1704319200,0.00,20260629,0,992,0,0.01,1.09180000,0.00000000,143.27300,0.00
1704319200,0.00,20260629,0,993,1,0.01,1.26637000,0.00000000,143.27300,0.00
1704474041,-345.00,20260605,1,991,0,0.01,1.09770000,1.09770000,144.61300,-345.00
1705316400,0.00,20260605,0,995,0,0.01,1.09583000,1.09333000,145.66900,0.00
1705320000,-166.00,20260605,1,995,1,0.01,1.09466000,1.09333000,145.66900,-166.00
1705320000,0.00,20260605,0,997,1,0.01,1.09466000,1.09716000,145.66900,0.00
1705406400,312.00,20260629,1,993,0,0.01,1.26411000,0.00000000,147.17500,312.00
1705406400,-540.00,20260629,1,992,1,0.01,1.08857000,0.00000000,147.17500,-540.00
1705507200,0.00,20260774,0,1000,1,0.01,1.26504000,1.27004000,148.14200,0.00
1705521600,-403.00,20260774,1,1000,0,0.01,1.26788000,1.27004000,148.14200,-403.00
1705521600,0.00,20260774,0,1002,0,0.01,1.26788000,1.26288000,148.14200,0.00
1705608000,0.00,20260610,0,1003,0,0.01,148.22300000,147.72300000,148.13700,0.00
1705934643,-481.00,20260610,1,1003,1,0.01,147.72200000,147.72300000,148.07800,-481.00
1706030617,1581.00,20260605,1,997,0,0.01,1.08416000,1.09716000,148.29400,1581.00
1706126400,0.00,20260610,0,1006,0,0.01,147.19700000,146.69700000,147.49200,0.00
1706495308,1130.00,20260610,1,1006,1,0.01,148.29700000,146.69700000,147.48000,1130.00
1706742000,0.00,20260605,0,1008,1,0.01,1.08064000,1.08314000,146.85800,0.00
1706792539,-753.00,20260774,1,1002,1,0.01,1.26288000,1.26288000,146.40900,-753.00
1706808580,-366.00,20260605,1,1008,0,0.01,1.08314000,1.08314000,146.40900,-366.00
1706878800,0.00,20260605,0,1011,0,0.01,1.08848000,1.08598000,148.37500,0.00
1706887816,-371.00,20260605,1,1011,1,0.01,1.08598000,1.08598000,148.37500,-371.00
1706889600,0.00,20260605,0,1013,1,0.01,1.08070000,1.08320000,148.37500,0.00
1706889600,0.00,20260774,0,1014,1,0.01,1.26711000,1.27211000,148.37500,0.00
1707144877,1632.00,20260774,1,1014,0,0.01,1.25610000,1.27211000,148.66400,1632.00
1707321600,0.00,20260622,0,1016,0,0.02,148.18600000,147.49300000,148.17000,0.00
1707474125,2812.00,20260622,1,1016,1,0.02,149.57200000,147.49300000,149.25500,2812.00
1707768000,0.00,20260622,0,1018,0,0.02,149.25800000,148.65500000,149.32800,0.00
1707768000,0.00,20260627,0,1019,0,0.02,188.65800000,187.90300000,149.32800,0.00
1707839263,2436.00,20260622,1,1018,1,0.02,150.46600000,148.65500000,150.77000,2436.00
1707840000,0.00,20260622,0,1021,0,0.02,150.43600000,149.78200000,150.77000,0.00
1707840040,1626.00,20260605,1,1013,0,0.01,1.07013000,1.08320000,150.77000,1626.00
1708011028,-1268.00,20260622,1,1021,1,0.02,149.78200000,149.78200000,149.89600,-1268.00
1708045200,0.00,20260605,0,1024,0,0.01,1.07732000,1.07482000,150.18500,0.00
1708097439,-376.00,20260605,1,1024,1,0.01,1.07481000,1.07482000,150.18500,-376.00
1708106400,0.00,20260605,0,1026,0,0.01,1.07714000,1.07464000,150.18500,0.00
1708596926,1537.00,20260605,1,1026,1,0.01,1.08764000,1.07464000,150.51400,1537.00
1708603200,0.00,20260774,0,1028,0,0.01,1.26761000,1.26261000,150.51400,0.00
1708617365,-750.00,20260774,1,1028,1,0.01,1.26260000,1.26261000,150.51400,-750.00
1708617600,0.00,20260774,0,1030,1,0.01,1.26281000,1.26781000,150.51400,0.00
1708693888,-751.00,20260774,1,1030,0,0.01,1.26782000,1.26781000,150.46000,-751.00
1709582400,0.00,20260774,0,1032,0,0.01,1.26966000,1.26466000,150.51300,0.00
1709679600,0.00,20260605,0,1033,0,0.01,1.08588000,1.08338000,150.03100,0.00
1709827200,0.00,20260629,0,1034,0,0.01,1.08726000,0.00000000,148.03200,0.00
1709827200,0.00,20260629,0,1035,1,0.01,1.27514000,0.00000000,148.03200,0.00
1709844496,1646.00,20260774,1,1032,1,0.01,1.28067000,1.26466000,148.03200,1646.00
1709899200,0.00,20260610,0,1037,1,0.01,147.13200000,147.63200000,147.03200,0.00
1709911865,1513.00,20260605,1,1033,1,0.01,1.09639000,1.08338000,147.03200,1513.00
1710257421,-553.00,20260610,1,1037,0,0.01,147.63500000,147.63200000,147.64500,-553.00
1710259200,0.00,20260610,0,1040,1,0.01,147.64900000,148.14900000,147.64500,0.00
1710434922,-550.00,20260610,1,1040,0,0.01,148.14900000,148.14900000,148.30600,-550.00
1710734400,0.00,20260610,0,1042,0,0.01,149.28100000,148.78100000,149.14200,0.00
1710745200,355.00,20260629,1,1035,0,0.01,1.27271000,0.00000000,149.14200,355.00
1710745200,125.00,20260629,1,1034,1,0.01,1.08852000,0.00000000,149.14200,125.00
1710820800,0.00,20260605,0,1045,1,0.01,1.08692000,1.08942000,150.83800,0.00
1710836682,1111.00,20260610,1,1042,1,0.01,150.38200000,148.78100000,150.83800,1111.00
1710875140,6406.00,20260627,1,1019,1,0.02,191.67900000,187.90300000,150.83800,6406.00
1710921600,0.00,20260774,0,1048,0,0.01,1.27192000,1.26692000,151.24100,0.00
1710968741,-371.00,20260605,1,1045,0,0.01,1.08942000,1.08942000,151.24100,-371.00
1711033200,0.00,20260605,0,1050,0,0.01,1.09101000,1.08851000,151.60400,0.00
1711040044,-376.00,20260605,1,1050,1,0.01,1.08851000,1.08851000,151.60400,-376.00
1711040400,0.00,20260605,0,1052,1,0.01,1.08853000,1.09103000,151.60400,0.00
1711045152,-753.00,20260774,1,1048,1,0.01,1.26692000,1.26692000,151.60400,-753.00
1711051200,0.00,20260774,0,1054,1,0.01,1.26640000,1.27140000,151.60400,0.00
1711116000,0.00,20260629,0,1055,1,0.01,1.08162000,0.00000000,151.35100,0.00
1711116000,0.00,20260629,0,1056,0,0.01,1.25838000,0.00000000,151.35100,0.00
1711628159,1604.00,20260605,1,1052,0,0.01,1.07803000,1.09103000,151.36600,1604.00
1711688400,600.00,20260629,1,1056,1,0.01,1.26240000,0.00000000,151.33600,600.00
1711688400,624.00,20260629,1,1055,0,0.01,1.07764000,0.00000000,151.33600,624.00
1711995689,1647.00,20260774,1,1054,0,0.01,1.25540000,1.27140000,151.63100,1647.00
1712206800,0.00,20260605,0,1061,0,0.01,1.08412000,1.08162000,151.32800,0.00
1712331029,-385.00,20260605,1,1061,1,0.01,1.08162000,1.08162000,151.59700,-385.00
1712336400,0.00,20260605,0,1063,1,0.01,1.08009000,1.08259000,151.59700,0.00
1712338919,-377.00,20260605,1,1063,0,0.01,1.08260000,1.08259000,151.59700,-377.00
1712340000,0.00,20260605,0,1065,0,0.01,1.08190000,1.07940000,151.59700,0.00
1712678400,0.00,20260774,0,1066,0,0.01,1.26972000,1.26472000,151.73500,0.00
1712763037,-756.00,20260774,1,1066,1,0.01,1.26470000,1.26472000,153.13100,-756.00
1712763201,-416.00,20260605,1,1065,1,0.01,1.07931000,1.07940000,153.13100,-416.00
1712786400,0.00,20260605,0,1069,1,0.01,1.07361000,1.07611000,153.13100,0.00
1712941839,1589.00,20260605,1,1069,0,0.01,1.06311000,1.07611000,153.12800,1589.00
1713441600,0.00,20260622,0,1071,0,0.02,154.35700000,153.75200000,154.63100,0.00
1713503919,-1192.00,20260622,1,1071,1,0.02,153.75100000,153.75200000,154.56700,-1192.00
1713553200,0.00,20260629,0,1073,1,0.01,1.06547000,0.00000000,154.56700,0.00
1713553200,0.00,20260629,0,1074,0,0.01,1.23974000,0.00000000,154.56700,0.00
1713988800,0.00,20260605,0,1075,0,0.01,1.06910000,1.06660000,155.33000,0.00
1714132800,0.00,20260622,0,1076,0,0.01,156.56100000,155.74200000,158.29100,0.00
1714174408,1638.00,20260622,1,1076,1,0.01,158.19900000,155.74200000,158.29100,1638.00
1714359600,1763.00,20260629,1,1074,1,0.01,1.25092000,0.00000000,156.32200,1763.00
1714359600,-801.00,20260629,1,1073,0,0.01,1.07073000,0.00000000,156.32200,-801.00
1714514400,-244.00,20260605,1,1075,1,0.01,1.06780000,1.06660000,157.78500,-244.00
1714514400,0.00,20260605,0,1081,1,0.01,1.06780000,1.07030000,157.78500,0.00
1714599280,-389.00,20260605,1,1081,0,0.01,1.07030000,1.07030000,154.58600,-389.00
1714604400,0.00,20260605,0,1083,1,0.01,1.06893000,1.07143000,154.58600,0.00
1714606056,-397.00,20260605,1,1083,0,0.01,1.07144000,1.07143000,154.58600,-397.00
1715673600,0.00,20260622,0,1085,0,0.02,156.41300000,155.85800000,156.40200,0.00
1715772375,-1090.00,20260622,1,1085,1,0.02,155.85800000,155.85800000,154.85800,-1090.00
1716264000,0.00,20260627,0,1087,0,0.01,198.81400000,197.95800000,156.13300,0.00
1716393600,0.00,20260622,0,1088,0,0.02,156.54900000,155.95200000,156.76500,0.00
1716894000,0.00,20260605,0,1089,0,0.01,1.08777000,1.08527000,157.15800,0.00
1716949390,-402.00,20260605,1,1089,1,0.01,1.08527000,1.08527000,157.61700,-402.00
1716951600,0.00,20260605,0,1091,1,0.01,1.08510000,1.08760000,157.61700,0.00
1717170220,-382.00,20260605,1,1091,0,0.01,1.08760000,1.08760000,157.28100,-382.00
1717178400,0.00,20260605,0,1093,0,0.01,1.08560000,1.08310000,157.28100,0.00
1717412400,-270.00,20260605,1,1093,1,0.01,1.08394000,1.08310000,156.02400,-270.00
1717412400,0.00,20260605,0,1095,1,0.01,1.08394000,1.08644000,156.02400,0.00
1717434017,-407.00,20260605,1,1095,0,0.01,1.08654000,1.08644000,156.02400,-407.00
1717440973,-1034.00,20260622,1,1088,1,0.02,155.95200000,155.95200000,156.02400,-1034.00
1717503639,-786.00,20260627,1,1087,1,0.01,197.95800000,197.95800000,154.84600,-786.00
1717776000,0.00,20260610,0,1099,0,0.01,156.78000000,156.28000000,156.70400,0.00
1717779600,0.00,20260605,0,1100,1,0.01,1.08195000,1.08445000,156.70400,0.00
1717981200,0.00,20260629,0,1101,0,0.01,1.07737000,0.00000000,156.99300,0.00
1717981200,0.00,20260629,0,1102,1,0.01,1.27170000,0.00000000,156.99300,0.00
1718207138,-470.00,20260610,1,1099,1,0.01,156.28000000,156.28000000,156.69800,-470.00
1718213284,-376.00,20260605,1,1100,0,0.01,1.08445000,1.08445000,156.69800,-376.00
1718308800,0.00,20260610,0,1105,0,0.01,156.85000000,156.35000000,156.96700,0.00
1718347110,1110.00,20260610,1,1105,1,0.01,157.95000000,156.35000000,157.30600,1110.00
1718870400,0.00,20260627,0,1107,0,0.01,201.06300000,200.26900000,158.92500,0.00
1718899200,600.00,20260629,1,1102,0,0.01,1.26785000,0.00000000,158.92500,600.00
1718899200,-940.00,20260629,1,1101,1,0.01,1.07190000,0.00000000,158.92500,-940.00
1718913600,0.00,20260622,0,1110,0,0.02,158.86200000,158.32300000,158.92500,0.00
1719401611,2240.00,20260622,1,1110,1,0.02,159.94200000,158.32300000,160.78500,2240.00
1719403200,0.00,20260622,0,1112,0,0.02,159.96000000,159.33500000,160.78500,0.00
1719493200,0.00,20260605,0,1113,1,0.01,1.06970000,1.07220000,160.73200,0.00
1719503646,-401.00,20260605,1,1113,0,0.01,1.07220000,1.07220000,160.73200,-401.00
1719504000,0.00,20260605,0,1115,0,0.01,1.07198000,1.06948000,160.73200,0.00
1719511200,-120.00,20260605,1,1115,1,0.01,1.07123000,1.06948000,160.73200,-120.00
1719511200,0.00,20260605,0,1117,1,0.01,1.07123000,1.07373000,160.73200,0.00
1719549026,2538.00,20260622,1,1112,1,0.02,161.20900000,159.33500000,160.82100,2538.00
1719792300,-560.00,20260605,1,1117,0,0.01,1.07478000,1.07373000,161.43100,-560.00
1719806400,0.00,20260622,0,1120,0,0.02,160.99400000,160.23500000,161.43100,0.00
1719826324,3224.00,20260627,1,1107,1,0.01,204.23800000,200.26900000,161.43100,3224.00
1719835200,0.00,20260627,0,1122,0,0.01,204.06700000,203.20300000,161.43100,0.00
1719936000,0.00,20260605,0,1123,0,0.01,1.07320000,1.07070000,161.40500,0.00
1719936000,0.00,20260774,0,1124,1,0.01,1.26641000,1.27141000,161.40500,0.00
1720019922,-824.00,20260774,1,1124,0,0.01,1.27149000,1.27141000,161.65100,-824.00
1720022400,0.00,20260774,0,1126,0,0.01,1.27190000,1.26690000,161.65100,0.00
1720193442,1654.00,20260605,1,1123,1,0.01,1.08370000,1.07070000,160.71700,1654.00
1720445538,1767.00,20260774,1,1126,1,0.01,1.28290000,1.26690000,160.80000,1767.00
1720634981,3505.00,20260627,1,1122,1,0.01,207.52300000,203.20300000,161.66700,3505.00
1720641600,0.00,20260627,0,1130,0,0.02,207.71800000,206.96900000,161.66700,0.00
1720712535,-1364.00,20260622,1,1120,1,0.02,160.23200000,160.23500000,158.76100,-1364.00
1720712550,-1494.00,20260627,1,1130,1,0.02,206.96400000,206.96900000,158.76100,-1494.00
1721232000,0.00,20260610,0,1133,1,0.01,156.56200000,157.06200000,156.15700,0.00
1721270309,1085.00,20260610,1,1133,0,0.01,155.45200000,157.06200000,157.35900,1085.00
1721790000,0.00,20260605,0,1135,1,0.01,1.08494000,1.08744000,153.84700,0.00
1721880000,0.00,20260610,0,1136,1,0.01,153.24300000,153.74300000,153.92700,0.00
1721904280,1101.00,20260610,1,1136,0,0.01,152.14200000,153.74300000,153.92700,1101.00
1721908800,0.00,20260610,0,1138,1,0.01,152.70500000,153.20500000,153.92700,0.00
1721921439,-500.00,20260610,1,1138,0,0.01,153.20500000,153.20500000,153.92700,-500.00
1721923200,0.00,20260610,0,1140,1,0.01,153.51400000,154.01400000,153.92700,0.00
1721923590,-501.00,20260610,1,1140,0,0.01,154.01500000,154.01400000,153.92700,-501.00
1721937600,0.00,20260610,0,1142,1,0.01,154.02200000,154.52200000,153.92700,0.00
1722001823,-525.00,20260610,1,1142,0,0.01,154.52200000,154.52200000,153.72100,-525.00
1722474000,22262.00,20260650,1,872,1,0.03,98.03900000,0.00000000,149.33700,22262.00
1722592800,0.00,20261001,0,1145,1,0.01,189.42400000,190.51000000,146.44800,0.00
1722613713,-351.00,20260605,1,1135,0,0.01,1.08744000,1.08744000,146.44800,-351.00
1722636000,1828.00,20261001,1,1145,0,0.01,187.59600000,190.51000000,146.44800,1828.00
1722859200,0.00,20260774,0,1148,1,0.01,1.27620000,1.28120000,144.16500,0.00
1723455000,0.00,20261001,0,1149,0,0.01,188.13600000,186.80300000,147.18000,0.00
1723500000,-52.00,20261001,1,1149,1,0.01,188.08400000,186.80300000,147.18000,-52.00
1723540500,0.00,20261001,0,1151,0,0.01,188.99500000,187.57900000,146.82100,0.00
1723546655,-780.00,20260774,1,1148,0,0.01,1.28121000,1.28120000,146.82100,-780.00
1723586400,-254.00,20261001,1,1151,1,0.01,188.74100000,187.57900000,146.82100,-254.00
1724058900,0.00,20261001,0,1154,1,0.01,188.49100000,191.62300000,146.54200,0.00
1724104800,-2050.00,20261001,1,1154,0,0.01,190.54100000,191.62300000,146.54200,-2050.00
1724169600,0.00,20260622,0,1156,1,0.01,146.16800000,147.77300000,145.24200,0.00
1724231700,0.00,20261001,0,1157,0,0.01,189.99900000,188.92500000,145.11700,0.00
1724237100,0.00,20261000,0,1158,0,0.01,146.09800000,144.92600000,145.11700,0.00
1724274030,-1172.00,20261000,1,1158,1,0.01,144.92600000,144.92600000,145.11700,-1172.00
1724277600,-301.00,20261001,1,1157,1,0.01,189.69800000,188.92500000,145.11700,-301.00
1724753700,0.00,20261001,0,1161,0,0.01,191.42000000,190.23300000,143.91900,0.00
1724796000,-469.00,20261001,1,1161,1,0.01,190.95100000,190.23300000,143.91900,-469.00
1724928300,0.00,20261001,0,1163,0,0.01,191.39900000,190.24200000,144.97200,0.00
1724968800,-714.00,20261001,1,1163,1,0.01,190.68500000,190.24200000,144.97200,-714.00
1725022800,0.00,20260605,0,1165,1,0.01,1.10826000,1.11076000,146.13500,0.00
1725275700,0.00,20261001,0,1166,0,0.01,192.64100000,191.32500000,146.87400,0.00
1725276600,0.00,20261000,0,1167,0,0.01,146.78700000,145.77000000,146.87400,0.00
1725314400,115.00,20261000,1,1167,1,0.01,146.90200000,145.77000000,146.87400,115.00
1725314400,473.00,20261001,1,1166,1,0.01,193.11400000,191.32500000,146.87400,473.00
1725355800,0.00,20261001,0,1170,1,0.01,191.69400000,193.35800000,145.46000,0.00
1725361200,0.00,20261000,0,1171,1,0.01,145.94900000,147.20900000,145.46000,0.00
1725400800,139.00,20261000,1,1171,0,0.01,145.81000000,147.20900000,145.46000,139.00
1725400800,679.00,20261001,1,1170,0,0.01,191.01500000,193.35800000,145.46000,679.00
1725444000,0.00,20261001,0,1174,1,0.01,189.91000000,190.84400000,143.71900,0.00
1725487200,826.00,20261001,1,1174,0,0.01,189.08400000,190.84400000,143.71900,826.00
1725528600,0.00,20261001,0,1176,1,0.01,188.19200000,189.26200000,143.42000,0.00
1725546569,-340.00,20260605,1,1165,0,0.01,1.11077000,1.11076000,143.42000,-340.00
1725549629,2916.00,20260622,1,1156,0,0.01,142.95200000,147.77300000,143.42000,2916.00
1725556963,-1074.00,20261001,1,1176,0,0.01,189.26600000,189.26200000,143.42000,-1074.00
1725617700,0.00,20261000,0,1180,1,0.01,142.11900000,143.48000000,142.24900,0.00
1725617700,0.00,20261001,0,1181,1,0.01,187.40800000,189.04400000,142.24900,0.00
1725636602,-1362.00,20261000,1,1180,0,0.01,143.48100000,143.48000000,142.24900,-1362.00
1725636603,-1637.00,20261001,1,1181,0,0.01,189.04500000,189.04400000,142.24900,-1637.00
1725876900,0.00,20261000,0,1184,0,0.01,143.32000000,141.91500000,143.16000,0.00
1725912000,0.00,20260622,0,1185,1,0.01,142.87800000,144.60000000,143.16000,0.00
1725919200,-512.00,20261000,1,1184,1,0.01,142.80800000,141.91500000,143.16000,-512.00
1725961500,0.00,20261001,0,1187,0,0.06,187.76300000,186.77600000,142.42700,0.00
1725983081,-5922.00,20261001,1,1187,1,0.06,186.77600000,186.77600000,142.42700,-5922.00
1726137000,0.00,20261001,0,1189,0,0.01,186.58300000,185.41600000,141.79900,0.00
1726155014,-1167.00,20261001,1,1189,1,0.01,185.41600000,185.41600000,141.79900,-1167.00
1726189200,0.00,20260605,0,1191,0,0.01,1.10751000,1.10501000,140.78000,0.00
1726226100,0.00,20261001,0,1192,1,0.01,184.72400000,186.20100000,140.78000,0.00
1726264800,-193.00,20261001,1,1192,0,0.01,184.91700000,186.20100000,140.78000,-193.00
1726481700,0.00,20261001,0,1194,1,0.01,184.08400000,185.02900000,140.60000,0.00
1726482600,0.00,20261000,0,1195,1,0.01,139.72300000,140.89500000,140.60000,0.00
1726492361,-948.00,20261001,1,1194,0,0.01,185.03200000,185.02900000,140.60000,-948.00
1726512659,-1180.00,20261000,1,1195,0,0.01,140.90300000,140.89500000,140.60000,-1180.00
1726695141,1466.00,20260605,1,1191,1,0.01,1.11811000,1.10501000,142.25900,1466.00
1726722000,0.00,20260605,0,1199,0,0.01,1.10835000,1.10585000,142.61200,0.00
1726826400,0.00,20261001,0,1200,0,0.06,190.53600000,188.69400000,143.76200,0.00
1726829100,0.00,20261000,0,1201,0,0.02,143.43800000,141.94900000,143.76200,0.00
1726869600,864.00,20261000,1,1201,1,0.02,143.87000000,141.94900000,143.76200,864.00
1726869600,6402.00,20261001,1,1200,1,0.06,191.60300000,188.69400000,143.76200,6402.00
1727086500,0.00,20261001,0,1204,1,0.06,191.09800000,192.30200000,143.58100,0.00
1727110892,-7314.00,20261001,1,1204,0,0.06,192.31700000,192.30200000,143.58100,-7314.00
1727172000,0.00,20261000,0,1206,0,0.01,144.42700000,143.37700000,143.19700,0.00
1727172000,0.00,20261001,0,1207,0,0.01,192.83500000,191.33600000,143.19700,0.00
1727172281,-1997.00,20260622,1,1185,0,0.01,144.60000000,144.60000000,143.19700,-1997.00
1727212892,-1050.00,20261000,1,1206,1,0.01,143.37700000,143.37700000,143.19700,-1050.00
1727215200,-697.00,20261001,1,1207,1,0.01,192.13800000,191.33600000,143.19700,-697.00
1727229506,1469.00,20260605,1,1199,1,0.01,1.11885000,1.10585000,144.73900,1469.00
1727258400,0.00,20261000,0,1212,0,0.01,143.68200000,142.88600000,144.73900,0.00
1727261100,0.00,20261001,0,1213,0,0.01,192.59600000,191.75100000,144.73900,0.00
1727301600,996.00,20261000,1,1212,1,0.01,144.67800000,142.88600000,144.73900,996.00
1727301600,114.00,20261001,1,1213,1,0.01,192.71000000,191.75100000,144.73900,114.00
1727345700,0.00,20261001,0,1216,0,0.01,193.60900000,192.50600000,144.79900,0.00
1727388000,463.00,20261001,1,1216,1,0.01,194.07200000,192.50600000,144.79900,463.00
1727429400,0.00,20261001,0,1218,1,0.06,192.58500000,195.96600000,142.15500,0.00
1727467200,0.00,20260605,0,1219,0,0.01,1.11521000,1.11271000,142.15500,0.00
1727474400,13626.00,20261001,1,1218,0,0.06,190.31400000,195.96600000,142.15500,13626.00
1727730700,-371.00,20260605,1,1219,1,0.01,1.11271000,1.11271000,143.60900,-371.00
1727762400,0.00,20260605,0,1222,1,0.01,1.11389000,1.11639000,143.54400,0.00
1727781300,0.00,20261001,0,1223,1,0.06,191.74900000,193.23300000,143.54400,0.00
1727820000,5346.00,20261001,1,1223,0,0.06,190.85800000,193.23300000,143.54400,5346.00
1727865900,0.00,20261001,0,1225,0,0.01,191.59500000,190.41000000,146.44500,0.00
1727892099,1524.00,20260605,1,1222,0,0.01,1.10339000,1.11639000,146.44500,1524.00
1727893824,2371.00,20261001,1,1225,1,0.01,193.96600000,190.41000000,146.44500,2371.00
1727950500,0.00,20261001,0,1228,1,0.01,192.97300000,195.17100000,146.91300,0.00
1727953200,0.00,20260629,0,1229,1,0.01,1.10328000,0.00000000,146.91300,0.00
1727953200,0.00,20260629,0,1230,0,0.01,1.31548000,0.00000000,146.91300,0.00
1727956800,-563.00,20260629,1,1230,1,0.01,1.31159000,0.00000000,146.91300,-563.00
1727956800,-77.00,20260629,1,1229,0,0.01,1.10381000,0.00000000,146.91300,-77.00
1727960400,0.00,20260629,0,1233,1,0.01,1.10356000,0.00000000,146.91300,0.00
1727960400,0.00,20260629,0,1234,0,0.01,1.31170000,0.00000000,146.91300,0.00
1727964000,9.00,20260629,1,1234,1,0.01,1.31176000,0.00000000,146.91300,9.00
1727964000,-109.00,20260629,1,1233,0,0.01,1.10431000,0.00000000,146.91300,-109.00
1727967600,0.00,20260629,0,1237,1,0.01,1.10427000,0.00000000,146.91300,0.00
1727967600,0.00,20260629,0,1238,0,0.01,1.31136000,0.00000000,146.91300,0.00
1727992800,370.00,20261001,1,1228,0,0.01,192.60300000,195.17100000,146.91300,370.00
1728297900,0.00,20261001,0,1240,1,0.01,194.20600000,195.61400000,148.17000,0.00
1728338400,617.00,20261001,1,1240,0,0.01,193.58900000,195.61400000,148.17000,617.00
1728383400,0.00,20261001,0,1242,1,0.01,193.04500000,193.97700000,148.18500,0.00
1728400241,-938.00,20261001,1,1242,0,0.01,193.98300000,193.97700000,148.18500,-938.00
1728475200,0.00,20260774,0,1244,1,0.01,1.30773000,1.31273000,149.28400,0.00
1728964800,-704.00,20260629,1,1238,1,0.01,1.30655000,0.00000000,149.18500,-704.00
1728964800,1993.00,20260629,1,1237,0,0.01,1.09077000,0.00000000,149.18500,1993.00
1728986400,0.00,20261001,0,1247,1,0.01,194.82900000,195.72500000,149.18500,0.00
1729029600,-252.00,20261001,1,1247,0,0.01,195.08100000,195.72500000,149.18500,-252.00
1729506600,0.00,20261000,0,1249,0,0.02,149.78500000,149.08400000,150.81700,0.00
1729548000,1978.00,20261000,1,1249,1,0.02,150.77400000,149.08400000,150.81700,1978.00
1729593900,0.00,20261001,0,1251,0,0.01,196.45400000,195.42600000,151.03400,0.00
1729602065,1654.00,20260774,1,1244,0,0.01,1.29670000,1.31273000,151.03400,1654.00
1729613371,-1029.00,20261001,1,1251,1,0.01,195.42500000,195.42600000,151.03400,-1029.00
1729731600,0.00,20260650,0,1254,0,0.03,101.34900000,0.00000000,151.81400,0.00
1729828800,0.00,20260622,0,1255,0,0.01,152.00700000,150.98200000,152.25200,0.00
1730300400,0.00,20260605,0,1256,0,0.01,1.08246000,1.07996000,153.39300,0.00
1730304000,-167.00,20260605,1,1256,1,0.01,1.08137000,1.07996000,153.39300,-167.00
1730304000,0.00,20260605,0,1258,1,0.01,1.08137000,1.08387000,153.39300,0.00
1730307209,-382.00,20260605,1,1258,0,0.01,1.08387000,1.08387000,153.39300,-382.00
1730397600,0.00,20260629,0,1260,1,0.01,1.08653000,0.00000000,152.01700,0.00
1730397600,0.00,20260629,0,1261,0,0.01,1.28912000,0.00000000,152.01700,0.00
1730401200,-548.00,20260629,1,1261,1,0.01,1.28552000,0.00000000,152.01700,-548.00
1730401200,146.00,20260629,1,1260,0,0.01,1.08557000,0.00000000,152.01700,146.00
1730404800,0.00,20260629,0,1264,1,0.01,1.08580000,0.00000000,152.01700,0.00
1730404800,0.00,20260629,0,1265,0,0.01,1.28642000,0.00000000,152.01700,0.00
1730869172,2131.00,20260622,1,1255,1,0.01,154.05800000,150.98200000,154.61500,2131.00
1730883600,0.00,20260605,0,1267,1,0.01,1.07252000,1.07502000,154.61500,0.00
1730884805,-391.00,20260605,1,1267,0,0.01,1.07506000,1.07502000,154.61500,-391.00
1730952000,379.00,20260629,1,1265,1,0.01,1.28891000,0.00000000,152.91300,379.00
1730952000,2182.00,20260629,1,1264,0,0.01,1.07180000,0.00000000,152.91300,2182.00
1731013200,0.00,20260605,0,1271,1,0.01,1.07969000,1.08219000,152.91300,0.00
1731093099,1623.00,20260605,1,1271,0,0.01,1.06919000,1.08219000,152.61200,1623.00
1731297600,0.00,20260622,0,1273,0,0.01,153.22500000,152.04500000,153.70400,0.00
1731531552,2381.00,20260622,1,1273,1,0.01,155.58600000,152.04500000,155.44700,2381.00
1731891600,-4297.00,20260650,1,1254,1,0.03,99.77500000,0.00000000,154.64400,-4297.00
1732013100,0.00,20261000,0,1276,1,0.01,153.56400000,154.64600000,154.63900,0.00
1732013100,0.00,20261001,0,1277,1,0.01,194.33900000,196.06200000,154.63900,0.00
1732046117,-1085.00,20261000,1,1276,0,0.01,154.64900000,154.64600000,154.63900,-1085.00
1732046189,-1723.00,20261001,1,1277,0,0.01,196.06200000,196.06200000,154.63900,-1723.00
1732046400,0.00,20260622,0,1280,0,0.01,154.72600000,153.12200000,154.63900,0.00
1732094100,0.00,20261001,0,1281,0,0.01,197.61400000,195.89600000,155.37000,0.00
1732095900,0.00,20261000,0,1282,0,0.01,155.63000000,154.52400000,155.37000,0.00
1732140000,-262.00,20261000,1,1282,1,0.01,155.36800000,154.52400000,155.37000,-262.00
1732140000,-1118.00,20261001,1,1281,1,0.01,196.49600000,195.89600000,155.37000,-1118.00
1732181400,0.00,20261001,0,1285,1,0.01,195.49900000,196.56800000,154.52000,0.00
1732187700,0.00,20261000,0,1286,1,0.01,154.18800000,155.38400000,154.52000,0.00
1732226400,-323.00,20261000,1,1286,0,0.01,154.51100000,155.38400000,154.52000,-323.00
1732226400,794.00,20261001,1,1285,0,0.01,194.70500000,196.56800000,154.52000,794.00
1732274100,0.00,20261001,0,1289,1,0.06,193.50300000,194.80400000,154.70500,0.00
1732312800,-2412.00,20261001,1,1289,0,0.06,193.90500000,194.80400000,154.70500,-2412.00
1732531500,0.00,20261000,0,1291,0,0.01,154.67800000,153.54600000,154.17200,0.00
1732572000,-542.00,20261000,1,1291,1,0.01,154.13600000,153.54600000,154.17200,-542.00
1732630745,-1556.00,20260622,1,1280,1,0.01,153.12000000,153.12200000,153.08600,-1556.00
1732700700,0.00,20261000,0,1294,1,0.01,151.83800000,153.23400000,151.06500,0.00
1732700700,0.00,20261001,0,1295,1,0.01,191.18600000,192.61400000,151.06500,0.00
1732730400,0.00,20260605,0,1296,0,0.01,1.05708000,1.05458000,151.06500,0.00
1732744800,810.00,20261000,1,1294,0,0.01,151.02800000,153.23400000,151.06500,810.00
1732744800,-208.00,20261001,1,1295,0,0.01,191.39400000,192.61400000,151.06500,-208.00
1732780897,-387.00,20260605,1,1296,1,0.01,1.05458000,1.05458000,151.52500,-387.00
1733219100,0.00,20261001,0,1300,0,0.01,189.98800000,189.14200000,149.57900,0.00
1733239360,-854.00,20261001,1,1300,1,0.01,189.13400000,189.14200000,149.57900,-854.00
1733263200,0.00,20260605,0,1302,1,0.01,1.05042000,1.05292000,149.57900,0.00
1733302265,-373.00,20260605,1,1302,0,0.01,1.05292000,1.05292000,150.54200,-373.00
1733303700,0.00,20261001,0,1304,0,0.01,190.63300000,189.35100000,150.54200,0.00
1733304600,0.00,20261000,0,1305,0,0.01,150.36600000,149.52000000,150.54200,0.00
1733349600,72.00,20261000,1,1305,1,0.01,150.43800000,149.52000000,150.54200,72.00
1733349600,429.00,20261001,1,1304,1,0.01,191.06200000,189.35100000,150.54200,429.00
1733480100,0.00,20261001,0,1308,0,0.06,191.92400000,190.91800000,149.88200,0.00
1733483700,0.00,20261000,0,1309,0,0.02,150.45900000,149.76600000,149.88200,0.00
1733500674,-1386.00,20261000,1,1309,1,0.02,149.76600000,149.76600000,149.88200,-1386.00
1733502401,-6042.00,20261001,1,1308,1,0.06,190.91700000,190.91800000,149.88200,-6042.00
1733736600,0.00,20261001,0,1312,0,0.01,191.36100000,190.59500000,151.14300,0.00
1733739300,0.00,20261000,0,1313,0,0.01,150.36300000,149.69000000,151.14300,0.00
1733759585,1534.00,20261001,1,1312,1,0.01,192.89500000,190.59500000,151.14300,1534.00
1733781600,876.00,20261000,1,1313,1,0.01,151.23900000,149.69000000,151.14300,876.00
1733825700,0.00,20261000,0,1316,0,0.01,151.74600000,150.89300000,151.92000,0.00
1733825700,0.00,20261001,0,1317,0,0.01,193.33900000,192.44800000,151.92000,0.00
1733828400,0.00,20260605,0,1318,1,0.01,1.05376000,1.05626000,151.92000,0.00
1733868000,182.00,20261000,1,1316,1,0.01,151.92800000,150.89300000,151.92000,182.00
1733868000,724.00,20261001,1,1317,1,0.01,194.06300000,192.44800000,151.92000,724.00
1733908500,0.00,20261001,0,1321,1,0.01,193.35500000,194.07800000,152.43500,0.00
1733916210,-723.00,20261001,1,1321,0,0.01,194.07800000,194.07800000,152.43500,-723.00
1733916600,0.00,20261000,0,1323,0,0.02,152.39700000,151.41300000,152.43500,0.00
1733916600,0.00,20261001,0,1324,0,0.06,194.22600000,193.42500000,152.43500,0.00
1733954400,488.00,20261000,1,1323,1,0.02,152.64100000,151.41300000,152.43500,488.00
1733954400,1878.00,20261001,1,1324,1,0.06,194.53900000,193.42500000,152.43500,1878.00
1734076800,0.00,20260610,0,1327,0,0.01,152.89300000,152.39300000,153.68800,0.00
1734090300,0.00,20261000,0,1328,0,0.01,153.38700000,152.44800000,153.68800,0.00
1734127200,293.00,20261000,1,1328,1,0.01,153.68000000,152.44800000,153.68800,293.00
1734349500,0.00,20261001,0,1330,0,0.01,194.67600000,193.56400000,154.08300,0.00
1734359556,1111.00,20260610,1,1327,1,0.01,153.99400000,152.39300000,154.08300,1111.00
1734386400,809.00,20261001,1,1330,1,0.01,195.48500000,193.56400000,154.08300,809.00
1734404400,159.00,20260605,1,1318,0,0.01,1.05289000,1.05626000,153.35400,159.00
1734404400,0.00,20260605,0,1334,0,0.01,1.05289000,1.05039000,153.35400,0.00
1734408000,-119.00,20260605,1,1334,1,0.01,1.05212000,1.05039000,153.35400,-119.00
1734408000,0.00,20260605,0,1336,1,0.01,1.05212000,1.05462000,153.35400,0.00
1734435900,0.00,20261001,0,1337,1,0.01,195.11300000,195.89000000,153.35400,0.00
1734472800,203.00,20261001,1,1337,0,0.01,194.91000000,195.89000000,153.35400,203.00
1734516900,0.00,20261001,0,1339,1,0.06,194.72600000,195.47200000,154.63200,0.00
1734533911,-4500.00,20261001,1,1339,0,0.06,195.47600000,195.47200000,154.63200,-4500.00
1734556172,1627.00,20260605,1,1336,0,0.01,1.04159000,1.05462000,154.63200,1627.00
1735228800,0.00,20260622,0,1342,0,0.02,157.83500000,157.22500000,157.95700,0.00
1735577116,-1160.00,20260622,1,1342,1,0.02,157.22500000,157.22500000,156.81700,-1160.00
1735641900,0.00,20261001,0,1344,1,0.01,195.83600000,197.04400000,157.18200,0.00
1735670741,-1208.00,20261001,1,1344,0,0.01,197.04400000,197.04400000,157.18200,-1208.00
1735811100,0.00,20261000,0,1346,1,0.01,156.49300000,157.77800000,157.46700,0.00
1735811100,0.00,20261001,0,1347,1,0.01,196.08400000,197.50900000,157.46700,0.00
1735845868,-1285.00,20261000,1,1346,0,0.01,157.77800000,157.77800000,157.46700,-1285.00
1735855200,1122.00,20261001,1,1347,0,0.01,194.96200000,197.50900000,157.46700,1122.00
1736158500,0.00,20261001,0,1350,0,0.01,196.55400000,195.09000000,157.51700,0.00
1736200800,568.00,20261001,1,1350,1,0.01,197.12200000,195.09000000,157.51700,568.00
1736272800,0.00,20260605,0,1352,1,0.01,1.03727000,1.03977000,158.04200,0.00
1736348400,0.00,20260629,0,1353,1,0.01,1.02825000,0.00000000,158.33400,0.00
1736348400,0.00,20260629,0,1354,0,0.01,1.23370000,0.00000000,158.33400,0.00
1736414100,0.00,20261001,0,1355,1,0.01,194.36800000,195.80300000,158.04800,0.00
1736460000,-251.00,20261001,1,1355,0,0.01,194.61900000,195.80300000,158.04800,-251.00
1736507700,0.00,20261000,0,1357,1,0.02,157.64500000,158.42400000,157.62600,0.00
1736523026,1676.00,20260605,1,1352,0,0.01,1.02677000,1.03977000,157.62600,1676.00
1736523031,-1558.00,20261000,1,1357,0,0.02,158.42400000,158.42400000,157.62600,-1558.00
1736932500,0.00,20261001,0,1360,1,0.01,191.55400000,192.99100000,156.45600,0.00
1736935200,0.00,20260605,0,1361,0,0.01,1.03062000,1.02812000,156.45600,0.00
1736935200,0.00,20261000,0,1362,1,0.01,156.88300000,158.08000000,156.45600,0.00
1736938800,-154.00,20260605,1,1361,1,0.01,1.02964000,1.02812000,156.45600,-154.00
1736938800,0.00,20260605,0,1364,1,0.01,1.02964000,1.03214000,156.45600,0.00
1736955015,-392.00,20260605,1,1364,0,0.01,1.03214000,1.03214000,156.45600,-392.00
1736967600,0.00,20260605,0,1366,1,0.01,1.02810000,1.03060000,156.45600,0.00
1736978400,416.00,20261000,1,1362,0,0.01,156.46700000,158.08000000,156.45600,416.00
1736978400,188.00,20261001,1,1360,0,0.01,191.36600000,192.99100000,156.45600,188.00
1737048882,-386.00,20260605,1,1366,0,0.01,1.03060000,1.03060000,155.09100,-386.00
1737064800,0.00,20260605,0,1370,0,0.01,1.03021000,1.02771000,155.09100,0.00
1737130436,-400.00,20260605,1,1370,1,0.01,1.02771000,1.02771000,156.26100,-400.00
1737684000,245.00,20260629,1,1354,1,0.01,1.23534000,0.00000000,155.90800,245.00
1737684000,-2026.00,20260629,1,1353,0,0.01,1.04160000,0.00000000,155.90800,-2026.00
1737973800,0.00,20261001,0,1374,1,0.06,193.43100000,194.64900000,154.49700,0.00
1737975600,0.00,20261000,0,1375,1,0.02,155.13100000,156.24800000,154.49700,0.00
1738015200,1162.00,20261000,1,1375,0,0.02,154.55000000,156.24800000,154.49700,1162.00
1738015200,2418.00,20261001,1,1374,0,0.06,193.02800000,194.64900000,154.49700,2418.00
1738148400,0.00,20261001,0,1378,1,0.01,192.98200000,193.75400000,155.21300,0.00
1738188000,-215.00,20261001,1,1378,0,0.01,193.19700000,193.75400000,155.21300,-215.00
1738324800,0.00,20260605,0,1380,1,0.01,1.03833000,1.04083000,155.04500,0.00
1738350556,-405.00,20260605,1,1380,0,0.01,1.04095000,1.04083000,155.04500,-405.00
1738357200,0.00,20260605,0,1382,1,0.01,1.03696000,1.03946000,155.04500,0.00
1738541100,1946.00,20260605,1,1382,0,0.01,1.02440000,1.03946000,154.73700,1946.00
1738742400,0.00,20260610,0,1384,1,0.01,153.42200000,153.92200000,152.58600,0.00
1738754100,0.00,20261000,0,1385,1,0.01,152.93400000,154.46000000,152.58600,0.00
1738771200,0.00,20260605,0,1386,0,0.01,1.04082000,1.03832000,152.58600,0.00
1738774958,1100.00,20260610,1,1384,0,0.01,152.32200000,153.92200000,152.58600,1100.00
1738785600,0.00,20260610,0,1388,1,0.01,152.28900000,152.78900000,152.58600,0.00
1738792800,407.00,20261000,1,1385,0,0.01,152.52700000,154.46000000,152.58600,407.00
1738834417,-390.00,20260605,1,1386,1,0.01,1.03832000,1.03832000,151.34000,-390.00
1738840590,-525.00,20260610,1,1388,0,0.01,152.78900000,152.78900000,151.34000,-525.00
1738843200,0.00,20260610,0,1392,1,0.01,152.65900000,153.15900000,151.34000,0.00
1738873655,1100.00,20260610,1,1392,0,0.01,151.55900000,153.15900000,151.34000,1100.00
1738919700,0.00,20261001,0,1394,0,0.01,188.78800000,187.64100000,151.31000,0.00
1738952142,-1160.00,20261001,1,1394,1,0.01,187.62800000,187.64100000,151.31000,-1160.00
1739179800,0.00,20261001,0,1396,0,0.01,188.68900000,187.08700000,151.98400,0.00
1739183400,0.00,20261000,0,1397,0,0.01,152.37200000,151.18200000,151.98400,0.00
1739224800,-395.00,20261000,1,1397,1,0.01,151.97700000,151.18200000,151.98400,-395.00
1739224800,-750.00,20261001,1,1396,1,0.01,187.93900000,187.08700000,151.98400,-750.00
1739354400,0.00,20261001,0,1400,0,0.01,191.44500000,189.47400000,154.40700,0.00
1739390400,0.00,20260605,0,1401,0,0.01,1.04265000,1.04015000,154.40700,0.00
1739392529,-380.00,20260605,1,1401,1,0.01,1.04015000,1.04015000,154.40700,-380.00
1739397600,753.00,20261001,1,1400,1,0.01,192.19800000,189.47400000,154.40700,753.00
1739440800,0.00,20261001,0,1404,0,0.01,192.99500000,191.88300000,152.79200,0.00
1739454391,-1112.00,20261001,1,1404,1,0.01,191.88300000,191.88300000,152.79200,-1112.00
1739531700,0.00,20261001,0,1406,0,0.06,192.37200000,191.47300000,152.21300,0.00
1739570400,-3984.00,20261001,1,1406,1,0.06,191.70800000,191.47300000,152.21300,-3984.00
1739872800,0.00,20261001,0,1408,0,0.01,191.81000000,190.82900000,152.04800,0.00
1739894400,0.00,20260622,0,1409,1,0.01,151.69200000,152.51300000,152.04800,0.00
1739916000,-425.00,20261001,1,1408,1,0.01,191.38500000,190.82900000,152.04800,-425.00
1739965500,0.00,20261001,0,1411,1,0.01,191.11300000,192.13200000,151.46200,0.00
1740002400,428.00,20261001,1,1411,0,0.01,190.68500000,192.13200000,151.46200,428.00
1740041165,1593.00,20260622,1,1409,0,0.01,150.04900000,152.51300000,149.62600,1593.00
1740475800,0.00,20261001,0,1414,1,0.06,188.71800000,189.66500000,149.00800,0.00
1740477600,0.00,20261000,0,1415,1,0.02,149.28000000,150.30100000,149.00800,0.00
1740497557,-5682.00,20261001,1,1414,0,0.06,189.66500000,189.66500000,149.00800,-5682.00
1740520800,400.00,20261000,1,1415,0,0.02,149.08000000,150.30100000,149.00800,400.00
1740632400,0.00,20260605,0,1418,1,0.01,1.04710000,1.04960000,149.79700,0.00
1740652200,0.00,20261001,0,1419,0,0.01,189.40300000,188.56500000,149.79700,0.00
1740653100,0.00,20261000,0,1420,0,0.01,149.63200000,148.74300000,149.79700,0.00
1740693600,231.00,20261000,1,1420,1,0.01,149.86300000,148.74300000,149.79700,231.00
1740693600,-461.00,20261001,1,1419,1,0.01,188.94200000,188.56500000,149.79700,-461.00
1740735900,0.00,20261000,0,1423,0,0.01,150.34600000,149.09600000,150.56500,0.00
1740735900,0.00,20261001,0,1424,0,0.06,189.14800000,187.67400000,150.56500,0.00
1740774123,1584.00,20260605,1,1418,0,0.01,1.03660000,1.04960000,150.56500,1584.00
1740780000,196.00,20261000,1,1423,1,0.01,150.54200000,149.09600000,150.56500,196.00
1740780000,630.00,20261001,1,1424,1,0.06,189.25300000,187.67400000,150.56500,630.00
1740996000,0.00,20261001,0,1428,1,0.06,189.22700000,190.31000000,149.49100,0.00
1740997800,0.00,20261000,0,1429,1,0.01,150.05200000,151.02100000,149.49100,0.00
1741004859,-6504.00,20261001,1,1428,0,0.06,190.31100000,190.31000000,149.49100,-6504.00
1741009947,-970.00,20261000,1,1429,0,0.01,151.02200000,151.02100000,149.49100,-970.00
1741024800,0.00,20260605,0,1432,0,0.01,1.04849000,1.04599000,149.49100,0.00
1741121849,1577.00,20260605,1,1432,1,0.01,1.05899000,1.04599000,149.71200,1577.00
1741171500,0.00,20261000,0,1434,1,0.02,149.30300000,150.18300000,148.86300,0.00
1741212000,1028.00,20261000,1,1434,0,0.02,148.78900000,150.18300000,148.86300,1028.00
1741252500,0.00,20261000,0,1436,1,0.01,148.52300000,149.33300000,147.96600,0.00
1741253400,0.00,20261001,0,1437,1,0.01,191.55100000,192.54200000,147.96600,0.00
1741298400,829.00,20261000,1,1436,0,0.01,147.69400000,149.33300000,147.96600,829.00
1741298400,1112.00,20261001,1,1437,0,0.01,190.43900000,192.54200000,147.96600,1112.00
1741605300,0.00,20261001,0,1440,1,0.01,189.91000000,191.00500000,147.25400,0.00
1741644000,413.00,20261001,1,1440,0,0.01,189.49700000,191.00500000,147.25400,413.00
1741665600,0.00,20260622,0,1442,1,0.01,146.74300000,148.03500000,147.76300,0.00
1741685400,0.00,20261001,0,1443,0,0.06,189.92900000,188.79100000,147.76300,0.00
1741709159,-1301.00,20260622,1,1442,0,0.01,148.04400000,148.03500000,147.76300,-1301.00
1741730400,9954.00,20261001,1,1443,1,0.06,191.58800000,188.79100000,147.76300,9954.00
1741776300,0.00,20261001,0,1446,0,0.01,191.89800000,190.99400000,148.23700,0.00
1741777200,0.00,20261000,0,1447,0,0.01,148.59700000,147.54900000,148.23700,0.00
1741816800,-252.00,20261000,1,1447,1,0.01,148.34500000,147.54900000,148.23700,-252.00
1741816800,465.00,20261001,1,1446,1,0.01,192.36300000,190.99400000,148.23700,465.00
1741852800,0.00,20260622,0,1450,1,0.01,147.84900000,149.18100000,147.80200,0.00
1741857300,0.00,20261001,0,1451,1,0.01,191.28000000,192.34100000,147.80200,0.00
1741903200,-85.00,20261001,1,1451,0,0.01,191.36500000,192.34100000,147.80200,-85.00
1741945500,0.00,20261001,0,1453,0,0.01,192.45800000,191.15200000,148.61300,0.00
1741948200,0.00,20261000,0,1454,0,0.01,148.91100000,147.67500000,148.61300,0.00
1741989600,-375.00,20261000,1,1454,1,0.01,148.53600000,147.67500000,148.61300,-375.00
1741989600,-373.00,20261001,1,1453,1,0.01,192.08500000,191.15200000,148.61300,-373.00
1742248263,-1382.00,20260622,1,1450,0,0.01,149.18100000,149.18100000,149.19300,-1382.00
1742289300,0.00,20261001,0,1458,0,0.01,194.29600000,193.61000000,149.25600,0.00
1742335200,-217.00,20261001,1,1458,1,0.01,194.07900000,193.61000000,149.25600,-217.00
1742377500,0.00,20261000,0,1460,0,0.01,149.95700000,149.17600000,148.67300,0.00
1742380887,-781.00,20261000,1,1460,1,0.01,149.17600000,149.17600000,148.67300,-781.00
1742462100,0.00,20261001,0,1462,1,0.01,192.61600000,193.57100000,148.76900,0.00
1742497200,0.00,20260605,0,1463,1,0.01,1.08471000,1.08721000,148.76900,0.00
1742508000,-243.00,20261001,1,1462,0,0.01,192.85900000,193.57100000,148.76900,-243.00
1742811300,0.00,20261001,0,1465,0,0.01,193.94200000,192.49900000,150.68400,0.00
1742853600,645.00,20261001,1,1465,1,0.01,194.58700000,192.49900000,150.68400,645.00
1742901300,0.00,20261001,0,1467,1,0.01,194.38300000,195.00000000,149.89400,0.00
1742940000,389.00,20261001,1,1467,0,0.01,193.99400000,195.00000000,149.89400,389.00
1742987700,0.00,20261001,0,1469,1,0.06,193.79900000,194.78500000,150.55800,0.00
1743026400,-390.00,20261001,1,1469,0,0.06,193.86400000,194.78500000,150.55800,-390.00
1743035099,1591.00,20260605,1,1463,0,0.01,1.07421000,1.08721000,151.03600,1591.00
1743067800,0.00,20261001,0,1472,0,0.06,194.29100000,193.49700000,151.03600,0.00
1743101431,9534.00,20261001,1,1472,1,0.06,195.88000000,193.49700000,151.03600,9534.00
1743154200,0.00,20261001,0,1474,1,0.01,195.05600000,195.71700000,149.81400,0.00
1743156900,0.00,20261000,0,1475,1,0.01,150.55900000,151.21100000,149.81400,0.00
1743199200,593.00,20261000,1,1475,0,0.01,149.96600000,151.21100000,149.81400,593.00
1743199200,1003.00,20261001,1,1474,0,0.01,194.05300000,195.71700000,149.81400,1003.00
1743504300,0.00,20261001,0,1478,1,0.01,193.11700000,193.92600000,149.59600,0.00
1743544800,234.00,20261001,1,1478,0,0.01,192.88300000,193.92600000,149.59600,234.00
1743592500,0.00,20261001,0,1480,1,0.06,193.12200000,193.77700000,149.22700,0.00
1743615595,-3936.00,20261001,1,1480,0,0.06,193.77800000,193.77700000,149.22700,-3936.00
1743631200,0.00,20260605,0,1482,0,0.01,1.08546000,1.08296000,149.22700,0.00
1743636458,-375.00,20260605,1,1482,1,0.01,1.08296000,1.08296000,149.22700,-375.00
1743763500,0.00,20261001,0,1484,1,0.01,190.19800000,191.75300000,146.85100,0.00
1743778800,0.00,20260629,0,1485,1,0.01,1.10609000,0.00000000,146.85100,0.00
1743778800,0.00,20260629,0,1486,0,0.01,1.30217000,0.00000000,146.85100,0.00
1743804000,967.00,20261001,1,1484,0,0.01,189.23100000,191.75300000,146.85100,967.00
1744107300,0.00,20261000,0,1488,1,0.01,147.06300000,148.12000000,146.26000,0.00
1744109100,0.00,20261001,0,1489,1,0.06,187.62700000,188.94400000,146.26000,0.00
1744149600,674.00,20261000,1,1488,0,0.01,146.38900000,148.12000000,146.26000,674.00
1744149600,2418.00,20261001,1,1489,0,0.06,187.22400000,188.94400000,146.26000,2418.00
1744371900,0.00,20261000,0,1492,1,0.01,142.35000000,144.58500000,143.40300,0.00
1744408800,-1462.00,20261000,1,1492,0,0.01,143.81200000,144.58500000,143.40300,-1462.00
1744630200,0.00,20261001,0,1494,0,0.06,188.56300000,186.57600000,142.94600,0.00
1744668000,24.00,20261001,1,1494,1,0.06,188.56700000,186.57600000,142.94600,24.00
1744750800,2805.00,20260629,1,1486,1,0.01,1.32172000,0.00000000,143.10900,2805.00
1744750800,-3012.00,20260629,1,1485,0,0.01,1.12728000,0.00000000,143.10900,-3012.00
1744881300,0.00,20261001,0,1498,0,0.01,188.66200000,187.44700000,142.33800,0.00
1744927200,305.00,20261001,1,1498,1,0.01,188.96700000,187.44700000,142.33800,305.00
1745006400,0.00,20260622,0,1500,1,0.01,142.19400000,143.16700000,142.13900,0.00
1745301811,1896.00,20260622,1,1500,0,0.01,140.24800000,143.16700000,141.54700,1896.00
1745319600,0.00,20261001,0,1502,1,0.01,187.66000000,188.77500000,141.54700,0.00
1745359200,-1048.00,20261001,1,1502,0,0.01,188.70800000,188.77500000,141.54700,-1048.00
1745460000,0.00,20260605,0,1504,1,0.01,1.13322000,1.13572000,142.58500,0.00
1745470117,-352.00,20260605,1,1504,0,0.01,1.13573000,1.13572000,142.58500,-352.00
1745839800,0.00,20261001,0,1506,0,0.01,191.34100000,190.66300000,141.99100,0.00
1745870400,0.00,20260605,0,1507,0,0.01,1.14118000,1.13868000,141.99100,0.00
1745877600,-527.00,20261001,1,1506,1,0.01,190.81400000,190.66300000,141.99100,-527.00
1745899200,-182.00,20260605,1,1507,1,0.01,1.13994000,1.13868000,142.27000,-182.00
1745899200,0.00,20260605,0,1510,1,0.01,1.13994000,1.14244000,142.27000,0.00
1746087816,1483.00,20260605,1,1510,0,0.01,1.12944000,1.14244000,145.35600,1483.00
1746091800,0.00,20261001,0,1512,0,0.01,191.75000000,190.33600000,145.35600,0.00
1746093600,0.00,20261000,0,1513,0,0.01,144.58800000,142.87400000,145.35600,0.00
1746136800,1091.00,20261000,1,1513,1,0.01,145.67900000,142.87400000,145.35600,1091.00
1746136800,1674.00,20261001,1,1512,1,0.01,193.42400000,190.33600000,145.35600,1674.00
1746186300,0.00,20261001,0,1516,1,0.06,192.69100000,193.74500000,144.83500,0.00
1746223200,1068.00,20261001,1,1516,0,0.06,192.51300000,193.74500000,144.83500,1068.00
1746443700,0.00,20261001,0,1518,1,0.01,191.50300000,192.28600000,143.67500,0.00
1746482400,252.00,20261001,1,1518,0,0.01,191.25100000,192.28600000,143.67500,252.00
1746528300,0.00,20261000,0,1520,1,0.02,143.22200000,144.27400000,142.37600,0.00
1746530100,0.00,20261001,0,1521,1,0.06,190.71500000,191.34700000,142.37600,0.00
1746547200,0.00,20260605,0,1522,1,0.01,1.13401000,1.13651000,142.37600,0.00
1746550800,-191.00,20260605,1,1522,0,0.01,1.13535000,1.13651000,142.37600,-191.00
1746550800,0.00,20260605,0,1524,0,0.01,1.13535000,1.13285000,142.37600,0.00
1746568800,1544.00,20261000,1,1520,0,0.02,142.45000000,144.27400000,142.37600,1544.00
1746568800,1032.00,20261001,1,1521,0,0.06,190.54300000,191.34700000,142.37600,1032.00
1746581125,-365.00,20260605,1,1524,1,0.01,1.13285000,1.13285000,143.80000,-365.00
1746616500,0.00,20261001,0,1528,0,0.01,191.37400000,190.30800000,143.80000,0.00
1746655200,-182.00,20261001,1,1528,1,0.01,191.19200000,190.30800000,143.80000,-182.00
1746696600,0.00,20261000,0,1530,0,0.01,144.24600000,143.44600000,145.90300,0.00
1746697500,0.00,20261001,0,1531,0,0.01,191.84000000,190.90800000,145.90300,0.00
1746735878,1600.00,20261000,1,1530,1,0.01,145.84600000,143.44600000,145.90300,1600.00
1746741600,1462.00,20261001,1,1531,1,0.01,193.30200000,190.90800000,145.90300,1462.00
1746782100,0.00,20261001,0,1534,1,0.01,192.46300000,193.34600000,145.26300,0.00
1746785700,0.00,20261000,0,1535,1,0.01,145.18900000,146.18600000,145.26300,0.00
1746817625,-883.00,20261001,1,1534,0,0.01,193.34600000,193.34600000,145.26300,-883.00
1746828000,-78.00,20261000,1,1535,0,0.01,145.26700000,146.18600000,145.26300,-78.00
1747044900,0.00,20261000,0,1538,0,0.02,146.95000000,145.69900000,148.44300,0.00
1747044900,0.00,20261001,0,1539,0,0.01,194.56000000,193.62600000,148.44300,0.00
1747087200,2772.00,20261000,1,1538,1,0.02,148.33600000,145.69900000,148.44300,2772.00
1747087200,945.00,20261001,1,1539,1,0.01,195.50500000,193.62600000,148.44300,945.00
1747221300,0.00,20261000,0,1542,1,0.01,146.57200000,147.66900000,146.74500,0.00
1747260000,-156.00,20261000,1,1542,0,0.01,146.72800000,147.66900000,146.74500,-156.00
1747302300,0.00,20261000,0,1544,1,0.01,145.67200000,146.75200000,145.64900,0.00
1747303200,0.00,20261001,0,1545,1,0.01,193.61800000,194.59600000,145.64900,0.00
1747346400,-20.00,20261000,1,1544,0,0.01,145.69200000,146.75200000,145.64900,-20.00
1747346400,-126.00,20261001,1,1545,0,0.01,193.74400000,194.59600000,145.64900,-126.00
1747650600,0.00,20261001,0,1548,0,0.01,193.38400000,192.55600000,144.84000,0.00
1747692000,232.00,20261001,1,1548,1,0.01,193.61600000,192.55600000,144.84000,232.00
1747737000,0.00,20261001,0,1550,1,0.01,192.91800000,194.20300000,144.48900,0.00
1747738800,0.00,20261000,0,1551,1,0.01,144.12600000,145.50900000,144.48900,0.00
1747778400,-427.00,20261000,1,1551,0,0.01,144.55300000,145.50900000,144.48900,-427.00
1747778400,-472.00,20261001,1,1550,0,0.01,193.39000000,194.20300000,144.48900,-472.00
1747803600,0.00,20260605,0,1554,0,0.01,1.12987000,1.12737000,143.66000,0.00
1747905300,0.00,20261001,0,1555,1,0.01,192.22200000,193.57300000,143.99600,0.00
1747912500,0.00,20261000,0,1556,1,0.01,142.86500000,144.39100000,143.99600,0.00
1747937234,-369.00,20260605,1,1554,1,0.01,1.12737000,1.12737000,143.99600,-369.00
1747949556,-1352.00,20261001,1,1555,0,0.01,193.57400000,193.57300000,143.99600,-1352.00
1747951200,-1288.00,20261000,1,1556,0,0.01,144.15300000,144.39100000,143.99600,-1288.00
1748016000,0.00,20260629,0,1560,0,0.01,1.13337000,0.00000000,142.54400,0.00
1748016000,0.00,20260629,0,1561,1,0.01,1.35176000,0.00000000,142.54400,0.00
1748251800,0.00,20261001,0,1562,0,0.01,194.04100000,192.57000000,142.82300,0.00
1748296800,-433.00,20261001,1,1562,1,0.01,193.60800000,192.57000000,142.82300,-433.00
1748339100,0.00,20261001,0,1564,0,0.01,194.28900000,193.05700000,144.31600,0.00
1748342700,0.00,20261000,0,1565,0,0.01,143.69500000,142.10700000,144.31600,0.00
1748383200,559.00,20261000,1,1565,1,0.01,144.25400000,142.10700000,144.31600,559.00
1748383200,629.00,20261001,1,1564,1,0.01,194.91800000,193.05700000,144.31600,629.00
1748505600,0.00,20260610,0,1568,0,0.01,145.74500000,145.24500000,144.17800,0.00
1748515886,-500.00,20260610,1,1568,1,0.01,145.24500000,145.24500000,144.17800,-500.00
1748577600,0.00,20260610,0,1570,1,0.01,143.76800000,144.26800000,143.95000,0.00
1748626994,-500.00,20260610,1,1570,0,0.01,144.26800000,144.26800000,143.95000,-500.00
1748635200,810.00,20260629,1,1561,0,0.01,1.34611000,0.00000000,143.95000,810.00
1748635200,194.00,20260629,1,1560,1,0.01,1.13503000,0.00000000,143.95000,194.00
1748857500,0.00,20261000,0,1574,1,0.01,143.14800000,143.97500000,142.65100,0.00
1748859300,0.00,20261001,0,1575,0,0.01,193.83300000,193.32100000,142.65100,0.00
1748871095,-512.00,20261001,1,1575,1,0.01,193.32100000,193.32100000,142.65100,-512.00
1748901600,331.00,20261000,1,1574,0,0.01,142.81700000,143.97500000,142.65100,331.00
1748949300,0.00,20261001,0,1578,1,0.06,192.90300000,193.81100000,143.88500,0.00
1748968217,-5448.00,20261001,1,1578,0,0.06,193.81100000,193.81100000,143.88500,-5448.00
1749114900,0.00,20261001,0,1580,0,0.01,193.95800000,193.25100000,143.41900,0.00
1749121200,0.00,20261000,0,1581,0,0.01,143.34700000,142.52500000,143.41900,0.00
1749148359,1414.00,20261001,1,1580,1,0.01,195.37200000,193.25100000,143.41900,1414.00
1749160800,281.00,20261000,1,1581,1,0.01,143.62800000,142.52500000,143.41900,281.00
1749461400,0.00,20261001,0,1584,1,0.06,195.64800000,196.14800000,144.51400,0.00
1749465900,0.00,20261000,0,1585,1,0.01,144.14700000,144.94500000,144.51400,0.00
1749506400,-410.00,20261000,1,1585,0,0.01,144.55700000,144.94500000,144.51400,-410.00
1749506400,-2496.00,20261001,1,1584,0,0.06,196.06400000,196.14800000,144.51400,-2496.00
1749546900,0.00,20261001,0,1588,1,0.06,195.45300000,196.44700000,144.84400,0.00
1749592800,-978.00,20261001,1,1588,0,0.06,195.61600000,196.44700000,144.84400,-978.00
1749719700,0.00,20261001,0,1590,1,0.01,195.06000000,195.79000000,143.47000,0.00
1749765600,-97.00,20261001,1,1590,0,0.01,195.15700000,195.79000000,143.47000,-97.00
1750069800,0.00,20261001,0,1592,0,0.01,196.14000000,194.87500000,144.70600,0.00
1750111200,455.00,20261001,1,1592,1,0.01,196.59500000,194.87500000,144.70600,455.00
1750158000,0.00,20261001,0,1594,1,0.01,196.04700000,196.84100000,145.18300,0.00
1750197600,842.00,20261001,1,1594,0,0.01,195.20500000,196.84100000,145.18300,842.00
1750305600,0.00,20260610,0,1596,0,0.01,144.88400000,144.38400000,145.40800,0.00
1750328100,0.00,20261001,0,1597,0,0.06,194.81500000,194.00900000,145.40800,0.00
1750370400,5892.00,20261001,1,1597,1,0.06,195.79700000,194.00900000,145.40800,5892.00
1750456102,1111.00,20260610,1,1596,1,0.01,145.98500000,144.38400000,146.01100,1111.00
1750677300,0.00,20261000,0,1600,0,0.01,147.49500000,146.14200000,146.07700,0.00
1750712621,-1354.00,20261000,1,1600,1,0.01,146.14100000,146.14200000,146.07700,-1354.00
1750757400,0.00,20261000,0,1602,1,0.01,145.10900000,146.16100000,144.89700,0.00
1750760100,0.00,20261001,0,1603,1,0.01,196.99100000,197.66800000,144.89700,0.00
1750802400,420.00,20261000,1,1602,0,0.01,144.68900000,146.16100000,144.89700,420.00
1750802400,-234.00,20261001,1,1603,0,0.01,197.22500000,197.66800000,144.89700,-234.00
1750843800,0.00,20261001,0,1606,0,0.01,197.82900000,196.99600000,145.17200,0.00
1750845600,0.00,20261000,0,1607,0,0.01,145.30400000,144.60500000,145.17200,0.00
1750888800,-154.00,20261000,1,1607,1,0.01,145.15000000,144.60500000,145.17200,-154.00
1750888800,486.00,20261001,1,1606,1,0.01,198.31500000,196.99600000,145.17200,486.00
1750929300,0.00,20261001,0,1610,1,0.01,197.96700000,198.58900000,144.36500,0.00
1750931100,0.00,20261000,0,1611,1,0.01,144.34800000,145.25300000,144.36500,0.00
1750953600,0.00,20260610,0,1612,1,0.01,144.30500000,144.80500000,144.36500,0.00
1750975200,143.00,20261000,1,1611,0,0.01,144.20500000,145.25300000,144.36500,143.00
1750975200,-296.00,20261001,1,1610,0,0.01,198.26300000,198.58900000,144.36500,-296.00
1750995099,-527.00,20260610,1,1612,0,0.01,144.80700000,144.80500000,144.63500,-527.00
1751278500,0.00,20261001,0,1616,1,0.01,197.30500000,198.44800000,143.96200,0.00
1751320800,-518.00,20261001,1,1616,0,0.01,197.82300000,198.44800000,143.96200,-518.00
1751365800,0.00,20261001,0,1618,1,0.01,197.13100000,197.78100000,143.36600,0.00
1751366700,0.00,20261000,0,1619,1,0.01,143.23700000,144.04200000,143.36600,0.00
1751407200,-488.00,20261000,1,1619,0,0.01,143.72500000,144.04200000,143.36600,-488.00
1751407200,-312.00,20261001,1,1618,0,0.01,197.44300000,197.78100000,143.36600,-312.00
1751535000,0.00,20261001,0,1622,0,0.01,196.34400000,195.58300000,144.91000,0.00
1751562091,1525.00,20261001,1,1622,1,0.01,197.86900000,195.58300000,144.91000,1525.00
1751620500,0.00,20261001,0,1624,1,0.01,197.26200000,197.89200000,144.41800,0.00
1751666400,-11.00,20261001,1,1624,0,0.01,197.27300000,197.89200000,144.41800,-11.00
1751886000,0.00,20261000,0,1626,0,0.01,145.20000000,144.22300000,146.04300,0.00
1751889600,0.00,20260610,0,1627,0,0.01,145.33900000,144.83900000,146.04300,0.00
1751925600,971.00,20261000,1,1626,1,0.01,146.17100000,144.22300000,146.04300,971.00
1751948197,1110.00,20260610,1,1627,1,0.01,146.43900000,144.83900000,146.54500,1110.00
1752033600,0.00,20260605,0,1630,1,0.01,1.17244000,1.17494000,146.30700,0.00
1752118955,-361.00,20260605,1,1630,0,0.01,1.17494000,1.17494000,146.24000,-361.00
1752120000,0.00,20260605,0,1632,1,0.01,1.17435000,1.17685000,146.24000,0.00
1752139800,0.00,20261001,0,1633,0,0.01,199.13100000,198.37200000,146.24000,0.00
1752184800,-616.00,20261001,1,1633,1,0.01,198.51500000,198.37200000,146.24000,-616.00
1752454800,0.00,20260650,0,1635,0,0.03,96.61800000,0.00000000,147.68900,0.00
1752598842,1554.00,20260605,1,1632,0,0.01,1.16384000,1.17685000,148.82100,1554.00
1753207200,0.00,20260605,0,1637,0,0.01,1.17223000,1.16973000,146.60300,0.00
1753329600,0.00,20260774,0,1638,0,0.01,1.35744000,1.35244000,146.98200,0.00
1753358400,-453.00,20260774,1,1638,1,0.01,1.35435000,1.35244000,146.98200,-453.00
1753358400,0.00,20260774,0,1640,1,0.01,1.35435000,1.35935000,146.98200,0.00
1753457978,1611.00,20260774,1,1640,0,0.01,1.34334000,1.35935000,147.59500,1611.00
1753698747,-402.00,20260605,1,1637,1,0.01,1.16973000,1.16973000,148.43000,-402.00
1753761600,0.00,20260605,0,1643,1,0.01,1.15847000,1.16097000,148.37800,0.00
1753890870,1543.00,20260605,1,1643,0,0.01,1.14797000,1.16097000,149.48800,1543.00
1754625600,0.00,20260605,0,1645,0,0.01,1.16730000,1.16480000,147.65300,0.00
1754641112,-368.00,20260605,1,1645,1,0.01,1.16479000,1.16480000,147.65300,-368.00
1755619200,0.00,20260605,0,1647,0,0.01,1.16757000,1.16507000,147.65700,0.00
1755630000,-253.00,20260605,1,1647,1,0.01,1.16584000,1.16507000,147.65700,-253.00
1755630000,0.00,20260605,0,1649,1,0.01,1.16584000,1.16834000,147.65700,0.00
1755882663,-351.00,20260605,1,1649,0,0.01,1.16834000,1.16834000,146.88300,-351.00
1755885600,0.00,20260605,0,1651,0,0.01,1.17185000,1.16935000,146.88300,0.00
1756097232,-377.00,20260605,1,1651,1,0.01,1.16934000,1.16935000,147.76400,-377.00
1756152000,0.00,20260605,0,1653,1,0.01,1.16548000,1.16798000,147.76400,0.00
1756395658,-351.00,20260605,1,1653,0,0.01,1.16798000,1.16798000,146.90900,-351.00
1756411200,0.00,20260610,0,1655,1,0.01,146.84500000,147.34500000,146.90900,0.00
1756436400,0.00,20260605,0,1656,0,0.01,1.16789000,1.16539000,146.94300,0.00
1756454400,0.00,20260774,0,1657,0,0.01,1.35034000,1.34534000,146.94300,0.00
1756476384,-736.00,20260774,1,1657,1,0.01,1.34534000,1.34534000,146.94300,-736.00
1756480286,-370.00,20260605,1,1656,1,0.01,1.16538000,1.16539000,146.94300,-370.00
1756482098,-526.00,20260610,1,1655,0,0.01,147.34600000,147.34500000,146.94300,-526.00
1756497600,0.00,20260610,0,1661,1,0.01,146.91200000,147.41200000,146.94300,0.00
1756787503,-550.00,20260610,1,1661,0,0.01,147.41200000,147.41200000,148.34700,-550.00
1756814400,0.00,20260610,0,1663,0,0.01,148.43800000,147.93800000,148.34700,0.00
1756828800,0.00,20260605,0,1664,1,0.01,1.16171000,1.16421000,148.34700,0.00
1756828800,0.00,20260774,0,1665,1,0.01,1.33512000,1.34012000,148.34700,0.00
1756830821,-371.00,20260605,1,1664,0,0.01,1.16421000,1.16421000,148.34700,-371.00
1756832435,-741.00,20260774,1,1665,0,0.01,1.34012000,1.34012000,148.34700,-741.00
1756833941,-501.00,20260610,1,1663,1,0.01,147.93700000,147.93800000,148.34700,-501.00
1756836000,0.00,20260605,0,1669,0,0.01,1.16628000,1.16378000,148.34700,0.00
1756847306,-370.00,20260605,1,1669,1,0.01,1.16378000,1.16378000,148.34700,-370.00
1756929600,0.00,20260774,0,1671,0,0.01,1.34503000,1.34003000,148.06100,0.00
1756972800,0.00,20260605,0,1672,1,0.01,1.16513000,1.16763000,148.47100,0.00
1757062592,-365.00,20260605,1,1672,0,0.01,1.16763000,1.16763000,147.35000,-365.00
1757070000,0.00,20260605,0,1674,0,0.01,1.16773000,1.16523000,147.35000,0.00
1757088000,0.00,20260610,0,1675,1,0.01,147.29800000,147.79800000,147.35000,0.00
1757289900,-927.00,20260610,1,1675,0,0.01,148.20000000,147.79800000,147.43600,-927.00
1757304000,0.00,20260610,0,1677,0,0.01,148.34000000,147.84000000,147.43600,0.00
1757325100,-501.00,20260610,1,1677,1,0.01,147.83900000,147.84000000,147.43600,-501.00
1757332800,0.00,20260610,0,1679,1,0.01,147.68200000,148.18200000,147.43600,0.00
1757388390,1615.00,20260774,1,1671,1,0.01,1.35603000,1.34003000,147.40100,1615.00
1757417611,1075.00,20260610,1,1679,0,0.01,146.58200000,148.18200000,147.40100,1075.00
1757419200,0.00,20260610,0,1682,1,0.01,146.61500000,147.11500000,147.40100,0.00
1757439674,-501.00,20260610,1,1682,0,0.01,147.11600000,147.11500000,147.40100,-501.00
1757595600,85.00,20260605,1,1674,1,0.01,1.16855000,1.16523000,147.19900,85.00
1757595600,0.00,20260605,0,1685,1,0.01,1.16855000,1.17105000,147.19900,0.00
1757604691,-368.00,20260605,1,1685,0,0.01,1.17105000,1.17105000,147.19900,-368.00
1757682000,0.00,20260605,0,1687,0,0.01,1.17226000,1.16976000,147.56000,0.00
1758042160,1527.00,20260605,1,1687,1,0.01,1.18276000,1.16976000,146.45400,1527.00
1758279600,0.00,20260629,0,1689,1,0.01,1.17699000,0.00000000,147.88600,0.00
1758279600,0.00,20260629,0,1690,0,0.01,1.34916000,0.00000000,147.88600,0.00
1758294000,0.00,20260605,0,1691,1,0.01,1.17368000,1.17618000,147.88600,0.00
1758300627,-369.00,20260605,1,1691,0,0.01,1.17619000,1.17618000,147.88600,-369.00
1758542400,0.00,20260610,0,1693,0,0.01,147.85700000,147.35700000,147.69800,0.00
1758546000,0.00,20260605,0,1694,0,0.01,1.17763000,1.17513000,147.69800,0.00
1758721591,-389.00,20260605,1,1694,1,0.01,1.17513000,1.17513000,148.88400,-389.00
1758798000,0.00,20260605,0,1696,1,0.01,1.17332000,1.17582000,149.77600,0.00
1758814227,1130.00,20260610,1,1693,1,0.01,148.95700000,147.35700000,149.77600,1130.00
1758816000,0.00,20260610,0,1698,0,0.01,149.24500000,148.74500000,149.77600,0.00
1758859200,0.00,20260774,0,1699,1,0.01,1.33448000,1.33948000,149.42900,0.00
1758906460,-748.00,20260774,1,1699,0,0.01,1.33948000,1.33948000,149.42900,-748.00
1759134760,-480.00,20260610,1,1698,1,0.01,148.74500000,148.74500000,148.56700,-480.00
1759232549,-357.00,20260605,1,1696,0,0.01,1.17582000,1.17582000,147.85300,-357.00
1759323600,-416.00,20260629,1,1690,1,0.01,1.34642000,0.00000000,147.05100,-416.00
1759323600,586.00,20260629,1,1689,0,0.01,1.17332000,0.00000000,147.05100,586.00
1759345200,0.00,20260605,0,1705,1,0.01,1.17226000,1.17476000,147.05100,0.00
1759348800,0.00,20260610,0,1706,1,0.01,147.16000000,147.66000000,147.05100,0.00
1759399466,-364.00,20260605,1,1705,0,0.01,1.17477000,1.17476000,147.20100,-364.00
1759402800,0.00,20260605,0,1708,0,0.01,1.17504000,1.17254000,147.20100,0.00
1759423417,-368.00,20260605,1,1708,1,0.01,1.17254000,1.17254000,147.20100,-368.00
1759466067,-550.00,20260610,1,1706,0,0.01,147.66000000,147.66000000,147.43600,-550.00
1759737600,0.00,20260610,0,1711,0,0.01,150.31700000,149.81700000,150.31700,0.00
1759752000,0.00,20260774,0,1712,1,0.01,1.34356000,1.34856000,150.31700,0.00
1759765837,-501.00,20260610,1,1711,1,0.01,149.81600000,149.81700000,150.31700,-501.00
1759766400,0.00,20260610,0,1714,0,0.01,149.78100000,149.28100000,150.31700,0.00
1759784494,-752.00,20260774,1,1712,0,0.01,1.34857000,1.34856000,150.31700,-752.00
1759847607,1110.00,20260610,1,1714,1,0.01,150.88100000,149.28100000,151.88400,1110.00
1760677200,0.00,20260605,0,1717,0,0.01,1.17012000,1.16762000,150.44500,0.00
1760714018,-379.00,20260605,1,1717,1,0.01,1.16761000,1.16762000,150.44500,-379.00
1760976000,0.00,20260774,0,1719,1,0.01,1.34254000,1.34754000,150.72200,0.00
1761051600,0.00,20260605,0,1720,1,0.01,1.16203000,1.16453000,151.91600,0.00
1761131680,1659.00,20260774,1,1719,0,0.01,1.33153000,1.34754000,151.95900,1659.00
1761319840,-362.00,20260605,1,1720,0,0.01,1.16453000,1.16453000,152.74000,-362.00
1761595200,0.00,20260622,0,1723,0,0.02,152.99500000,152.22100000,152.86000,0.00
1761598800,0.00,20260605,0,1724,0,0.01,1.16383000,1.16133000,152.86000,0.00
1761634480,-1534.00,20260622,1,1723,1,0.02,152.21800000,152.22100000,152.09200,-1534.00
1761724800,-83.00,20260605,1,1724,1,0.01,1.16340000,1.16133000,152.71100,-83.00
1761724800,0.00,20260605,0,1727,1,0.01,1.16340000,1.16590000,152.71100,0.00
1761763575,-382.00,20260605,1,1727,0,0.01,1.16591000,1.16590000,152.71100,-382.00
1762833600,0.00,20260622,0,1729,0,0.02,154.32500000,153.56300000,154.12700,0.00
1762930800,0.00,20260605,0,1730,0,0.01,1.15724000,1.15474000,154.78200,0.00
1763552667,3168.00,20260622,1,1729,1,0.02,155.84900000,153.56300000,157.13200,3168.00
1763553600,0.00,20260622,0,1732,0,0.02,155.95600000,155.26800000,157.13200,0.00
1763572234,-437.00,20260605,1,1730,1,0.01,1.15474000,1.15474000,157.13200,-437.00
1763589600,0.00,20260605,0,1734,1,0.01,1.15209000,1.15459000,157.13200,0.00
1763610634,2774.00,20260622,1,1732,1,0.02,157.33300000,155.26800000,157.43900,2774.00
1763656289,-390.00,20260605,1,1734,0,0.01,1.15460000,1.15459000,157.43900,-390.00
1763956800,0.00,20260622,0,1737,0,0.01,156.72100000,155.70800000,156.83100,0.00
1764131213,-994.00,20260622,1,1737,1,0.01,155.70700000,155.70800000,156.45100,-994.00
1764270000,0.00,20260605,0,1739,0,0.01,1.15998000,1.15748000,156.28200,0.00
1764324038,-400.00,20260605,1,1739,1,0.01,1.15747000,1.15748000,156.07900,-400.00
1764331200,0.00,20260605,0,1741,0,0.01,1.15681000,1.15431000,156.07900,0.00
1764774928,1610.00,20260605,1,1741,1,0.01,1.16732000,1.15431000,155.21400,1610.00
1765296000,0.00,20260774,0,1743,0,0.01,1.33147000,1.32647000,156.84900,0.00
1765471050,1711.00,20260774,1,1743,1,0.01,1.34247000,1.32647000,155.54400,1711.00
1767013200,0.00,20260605,0,1745,0,0.01,1.17660000,1.17410000,156.01900,0.00
1767038400,-221.00,20260605,1,1745,1,0.01,1.17518000,1.17410000,156.01900,-221.00
1767038400,0.00,20260605,0,1747,1,0.01,1.17518000,1.17768000,156.01900,0.00
1767077020,-386.00,20260605,1,1747,0,0.01,1.17769000,1.17768000,156.37300,-386.00
1767326400,0.00,20260605,0,1749,0,0.01,1.17614000,1.17364000,156.77900,0.00
1767346288,-391.00,20260605,1,1749,1,0.01,1.17363000,1.17364000,156.77900,-391.00
1767625200,0.00,20260629,0,1751,0,0.01,1.16712000,0.00000000,156.30300,0.00
1767625200,0.00,20260629,0,1752,1,0.01,1.34555000,0.00000000,156.30300,0.00
1767639600,-1092.00,20260629,1,1752,0,0.01,1.35256000,0.00000000,156.30300,-1092.00
1767639600,677.00,20260629,1,1751,1,0.01,1.17147000,0.00000000,156.30300,677.00
1767643200,0.00,20260629,0,1755,0,0.01,1.17148000,0.00000000,156.30300,0.00
1767643200,0.00,20260629,0,1756,1,0.01,1.35322000,0.00000000,156.30300,0.00
1767931200,0.00,20260610,0,1757,0,0.01,157.16100000,156.66100000,157.82700,0.00
1767945600,0.00,20260627,0,1758,0,0.01,211.35400000,210.52500000,157.82700,0.00
1768272749,1121.00,20260610,1,1757,1,0.01,158.26200000,156.66100000,159.10500,1121.00
1768492800,2505.00,20260629,1,1756,0,0.01,1.33734000,0.00000000,158.58300,2505.00
1768492800,-1872.00,20260629,1,1755,1,0.01,1.16013000,0.00000000,158.58300,-1872.00
1768914000,0.00,20260605,0,1762,0,0.01,1.17315000,1.17065000,158.12600,0.00
1768917600,0.00,20260629,0,1763,1,0.01,1.17348000,0.00000000,158.12600,0.00
1768917600,0.00,20260629,0,1764,0,0.01,1.34638000,0.00000000,158.12600,0.00
1768991434,-407.00,20260605,1,1762,1,0.01,1.17064000,1.17065000,158.27200,-407.00
1769160334,3389.00,20260627,1,1758,1,0.01,214.67300000,210.52500000,155.64700,3389.00
1769191200,1583.00,20260629,1,1764,1,0.01,1.35640000,0.00000000,155.64700,1583.00
1769191200,-355.00,20260629,1,1763,0,0.01,1.17584000,0.00000000,155.64700,-355.00
1769486400,0.00,20260610,0,1769,1,0.01,154.34700000,154.84700000,152.11100,0.00
1769510010,-500.00,20260610,1,1769,0,0.01,154.84700000,154.84700000,152.11100,-500.00
1769515200,0.00,20260610,0,1771,1,0.01,153.74200000,154.24200000,152.11100,0.00
1769542962,1100.00,20260610,1,1771,0,0.01,152.64200000,154.24200000,152.11100,1100.00
1769544000,0.00,20260610,0,1773,1,0.01,152.76500000,153.26500000,152.11100,0.00
1769620109,-525.00,20260610,1,1773,0,0.01,153.26500000,153.26500000,153.39900,-525.00
1770206400,0.00,20260610,0,1775,0,0.01,156.64900000,156.14900000,156.82000,0.00
1770292800,0.00,20260605,0,1776,1,0.01,1.17805000,1.18055000,156.98100,0.00
1770305417,-404.00,20260605,1,1776,0,0.01,1.18063000,1.18055000,156.98100,-404.00
1770649829,-471.00,20260610,1,1775,1,0.01,156.14800000,156.14900000,155.84900,-471.00
1770652800,0.00,20260610,0,1779,1,0.01,155.92900000,156.42900000,155.84900,0.00
1770737729,1076.00,20260610,1,1779,0,0.01,154.82800000,156.42900000,154.37800,1076.00
1770739200,0.00,20260610,0,1781,1,0.01,154.75900000,155.25900000,154.37800,0.00
1770784708,1075.00,20260610,1,1781,0,0.01,153.65900000,155.25900000,153.23600,1075.00
1770796800,0.00,20260610,0,1783,1,0.01,153.04100000,153.54100000,153.23600,0.00
1770818496,-501.00,20260610,1,1783,0,0.01,153.54200000,153.54100000,153.23600,-501.00
1770825600,0.00,20260610,0,1785,1,0.01,153.83100000,154.33100000,153.23600,0.00
1770838176,1100.00,20260610,1,1785,0,0.01,152.73100000,154.33100000,153.23600,1100.00
1770840000,0.00,20260610,0,1787,1,0.01,152.82800000,153.32800000,153.23600,0.00
1770854940,-544.00,20260610,1,1787,0,0.01,153.34700000,153.32800000,152.72500,-544.00
1770865200,0.00,20260605,0,1789,0,0.01,1.18770000,1.18520000,152.72500,0.00
1770973409,-392.00,20260605,1,1789,1,0.01,1.18520000,1.18520000,152.61300,-392.00
1771351200,0.00,20260629,0,1791,1,0.01,1.18106000,0.00000000,153.26100,0.00
1771351200,0.00,20260629,0,1792,0,0.01,1.35034000,0.00000000,153.26100,0.00
1771466400,0.00,20260605,0,1793,1,0.01,1.17883000,1.18133000,154.97300,0.00
1771588800,0.00,20260774,0,1794,1,0.01,1.34664000,1.35164000,154.94300,0.00
1771809681,-376.00,20260605,1,1793,0,0.01,1.18135000,1.18133000,154.59100,-376.00
1771810707,-767.00,20260774,1,1794,0,0.01,1.35164000,1.35164000,154.59100,-767.00
1772078400,0.00,20260774,0,1797,0,0.01,1.35738000,1.35238000,156.10600,0.00
1772092800,-207.00,20260774,1,1797,1,0.01,1.35603000,1.35238000,156.10600,-207.00
1772092800,0.00,20260774,0,1799,1,0.01,1.35603000,1.36103000,156.10600,0.00
1772135381,1685.00,20260774,1,1799,0,0.01,1.34503000,1.36103000,156.10600,1685.00
1772424000,0.00,20260605,0,1801,1,0.01,1.17918000,1.18168000,157.32600,0.00
1772474079,1608.00,20260605,1,1801,0,0.01,1.16868000,1.18168000,157.32600,1608.00
1772560800,-3109.00,20260629,1,1792,1,0.01,1.33013000,0.00000000,157.72400,-3109.00
1772560800,3686.00,20260629,1,1791,0,0.01,1.15732000,0.00000000,157.72400,3686.00
1773129600,0.00,20260774,0,1805,1,0.01,1.34244000,1.34744000,158.03000,0.00
1773138504,-767.00,20260774,1,1805,0,0.01,1.34745000,1.34744000,158.03000,-767.00
1773158400,0.00,20260774,0,1807,1,0.01,1.34410000,1.34910000,158.03000,0.00
1773288000,0.00,20260610,0,1808,0,0.01,158.98400000,158.48400000,159.34200,0.00
1773387398,1755.00,20260774,1,1807,0,0.01,1.33309000,1.34910000,159.71400,1755.00
1773849600,0.00,20260622,0,1810,0,0.02,159.44900000,158.69200000,159.83000,0.00
1773937238,-1494.00,20260622,1,1810,1,0.02,158.69200000,158.69200000,157.67100,-1494.00
1773938981,-451.00,20260610,1,1808,1,0.01,158.48300000,158.48400000,157.67100,-451.00
1773961200,0.00,20260605,0,1813,0,0.01,1.15850000,1.15600000,157.67100,0.00
1773987299,-409.00,20260605,1,1813,1,0.01,1.15598000,1.15600000,159.21500,-409.00
1774299600,0.00,20260605,0,1815,0,0.01,1.16021000,1.15771000,158.43000,0.00
1774336523,-406.00,20260605,1,1815,1,0.01,1.15771000,1.15771000,158.69300,-406.00
1774648800,0.00,20260605,0,1817,1,0.01,1.15134000,1.15384000,160.24000,0.00
1774929600,0.00,20260622,0,1818,0,0.02,159.88600000,159.16500000,158.70200,0.00
1774975505,-1452.00,20260622,1,1818,1,0.02,159.16000000,159.16500000,158.70200,-1452.00
1774978320,-387.00,20260605,1,1817,0,0.01,1.15385000,1.15384000,158.70200,-387.00
1774980000,0.00,20260605,0,1821,1,0.01,1.15200000,1.15450000,158.70200,0.00
1774986029,-398.00,20260605,1,1821,0,0.01,1.15450000,1.15450000,158.70200,-398.00
1774998000,0.00,20260605,0,1823,0,0.01,1.15594000,1.15344000,158.70200,0.00
1775109600,-224.00,20260605,1,1823,1,0.01,1.15466000,1.15344000,159.51300,-224.00
1775109600,0.00,20260605,0,1825,1,0.01,1.15466000,1.15716000,159.51300,0.00
1775152800,-78.00,20260605,1,1825,0,0.01,1.15515000,1.15716000,159.51300,-78.00
1775152800,0.00,20260605,0,1827,0,0.01,1.15515000,1.15265000,159.51300,0.00
1775230226,-408.00,20260605,1,1827,1,0.01,1.15265000,1.15265000,159.50100,-408.00
1775581200,0.00,20260605,0,1829,0,0.01,1.15640000,1.15390000,159.52900,0.00
1775613580,1661.00,20260605,1,1829,1,0.01,1.16690000,1.15390000,158.50800,1661.00
1776182400,0.00,20260774,0,1831,0,0.01,1.35871000,1.35371000,158.77700,0.00
1776342695,-798.00,20260774,1,1831,1,0.01,1.35371000,1.35371000,159.09200,-798.00
1776924000,0.00,20260605,0,1833,1,0.01,1.16971000,1.17221000,159.69200,0.00
1777074360,-393.00,20260605,1,1833,0,0.01,1.17222000,1.17221000,159.29100,-393.00
1777550400,0.00,20260610,0,1835,0,0.01,159.59000000,159.09000000,156.55500,0.00
1777555597,-502.00,20260610,1,1835,1,0.01,159.08800000,159.09000000,156.55500,-502.00
1777564800,0.00,20260610,0,1837,1,0.01,156.82200000,157.32200000,156.55500,0.00
1777614635,-525.00,20260610,1,1837,0,0.01,157.32200000,157.32200000,156.93100,-525.00
1777867200,0.00,20260605,0,1839,0,0.01,1.17274000,1.17024000,157.21400,0.00
1777900050,-396.00,20260605,1,1839,1,0.01,1.17022000,1.17024000,157.21400,-396.00
1777903200,0.00,20260605,0,1841,1,0.01,1.17049000,1.17299000,157.21400,0.00
1777914000,-160.00,20260605,1,1841,0,0.01,1.17151000,1.17299000,157.21400,-160.00
1777914000,0.00,20260605,0,1843,0,0.01,1.17151000,1.16901000,157.21400,0.00
1777921709,-393.00,20260605,1,1843,1,0.01,1.16901000,1.16901000,157.21400,-393.00
1778011200,0.00,20260605,0,1845,1,0.01,1.16992000,1.17242000,157.87100,0.00
1778033677,-390.00,20260605,1,1845,0,0.01,1.17243000,1.17242000,156.34200,-390.00
1778205600,0.00,20260605,0,1847,0,0.01,1.17253000,1.17003000,156.62100,0.00
1778583600,0.00,20260629,0,1848,1,0.01,1.17477000,0.00000000,157.60500,0.00
1778583600,0.00,20260629,0,1849,0,0.01,1.35186000,0.00000000,157.60500,0.00
1778673157,-420.00,20260605,1,1847,1,0.01,1.17003000,1.17003000,157.86700,-420.00
1778680800,0.00,20260605,0,1851,1,0.01,1.17125000,1.17375000,157.86700,0.00
1779206400,0.00,20260610,0,1852,0,0.01,159.06900000,158.56900000,159.04800,0.00
1779207579,1693.00,20260605,1,1851,0,0.01,1.16074000,1.17375000,159.04800,1693.00
1779454800,-1467.00,20260629,1,1849,1,0.01,1.34269000,0.00000000,159.12000,-1467.00
1779454800,2320.00,20260629,1,1848,0,0.01,1.16046000,0.00000000,159.12000,2320.00
1779915600,0.00,20260605,0,1856,0,0.01,1.16276000,1.16026000,159.50500,0.00
1779949122,-409.00,20260605,1,1856,1,0.01,1.16026000,1.16026000,159.22600,-409.00
1779969600,0.00,20260774,0,1858,1,0.01,1.34013000,1.34513000,159.22600,0.00
1779984000,0.00,20260605,0,1859,0,0.01,1.16369000,1.16119000,159.22600,0.00
1779988457,-799.00,20260774,1,1858,0,0.01,1.34515000,1.34513000,159.22600,-799.00
1780332700,-419.00,20260605,1,1859,1,0.01,1.16119000,1.16119000,159.63100,-419.00
1780434000,0.00,20260605,0,1862,1,0.01,1.16213000,1.16463000,159.89300,0.00
1780585200,-320.00,20260605,1,1862,0,0.01,1.16421000,1.16463000,160.00700,-320.00
1780585200,0.00,20260605,0,1864,0,0.01,1.16421000,1.16171000,160.00700,0.00
1780596000,-189.00,20260605,1,1864,1,0.01,1.16303000,1.16171000,160.00700,-189.00
1780596000,0.00,20260605,0,1866,1,0.01,1.16303000,1.16553000,160.00700,0.00
1780675048,1230.00,20260610,1,1852,1,0.01,160.16900000,158.56900000,160.23400,1230.00
1780686977,1688.00,20260605,1,1866,0,0.01,1.15253000,1.16553000,160.23400,1688.00
1781553600,0.00,20260605,0,1869,0,0.01,1.16038000,1.15788000,160.31900,0.00
1781594012,-412.00,20260605,1,1869,1,0.01,1.15787000,1.15788000,160.35500,-412.00
1781712000,0.00,20260605,0,1871,0,0.01,1.16024000,1.15774000,160.63800,0.00
1781730014,-402.00,20260605,1,1871,1,0.01,1.15773000,1.15774000,160.63800,-402.00
1781733600,0.00,20260605,0,1873,1,0.01,1.15385000,1.15635000,160.63800,0.00
1781794800,0.00,20260629,0,1874,1,0.01,1.14571000,0.00000000,161.36400,0.00
1781794800,0.00,20260629,0,1875,0,0.01,1.32114000,0.00000000,161.36400,0.00
1781855359,1694.00,20260605,1,1873,0,0.01,1.14335000,1.15635000,161.23700,1694.00
1781913599,41.00,0,1,1875,1,0.01,1.32140000,0.00000000,161.23700,41.00
1781913599,-257.00,0,1,1874,0,0.01,1.14735000,0.00000000,161.23700,-257.00
1781913599,55139.00,0,1,1635,1,0.03,112.96500000,0.00000000,161.23700,55139.00
