time,profit,magic,entry,position_id,type,volume,price,sl,usdjpy,profit_jpy
1624360500,0.00,20261001,0,2,1,0.06,153.27500000,153.57400000,110.60500,0.00
1624373187,-1794.00,20261001,1,2,0,0.06,153.57400000,153.57400000,110.60500,-1794.00
1624439700,0.00,20261001,0,4,0,0.01,154.53400000,154.26000000,110.94200,0.00
1624471200,216.00,20261001,1,4,1,0.01,154.75000000,154.26000000,110.94200,216.00
1624616100,0.00,20261001,0,6,1,0.06,154.03600000,154.37200000,110.76800,0.00
1624644000,-492.00,20261001,1,6,0,0.06,154.11800000,154.37200000,110.76800,-492.00
1624874400,0.00,20261001,0,8,0,0.01,154.13100000,153.75600000,110.60900,0.00
1624902988,-375.00,20261001,1,8,1,0.01,153.75600000,153.75600000,110.60900,-375.00
1625048100,0.00,20261001,0,10,1,0.06,152.78400000,153.04100000,111.09200,0.00
1625057431,-1560.00,20261001,1,10,0,0.06,153.04400000,153.04100000,111.09200,-1560.00
1625134500,0.00,20261001,0,12,0,0.06,153.83700000,153.50400000,111.51300,0.00
1625140652,-2010.00,20261001,1,12,1,0.06,153.50200000,153.50400000,111.51300,-2010.00
1625563800,0.00,20261001,0,14,0,0.01,153.97800000,153.63600000,110.60500,0.00
1625569181,-344.00,20261001,1,14,1,0.01,153.63400000,153.63600000,110.60500,-344.00
1625650200,0.00,20261001,0,16,0,0.01,152.90900000,152.50000000,110.60100,0.00
1625678801,-413.00,20261001,1,16,1,0.01,152.49600000,152.50000000,110.60100,-413.00
1625736600,0.00,20261001,0,18,1,0.01,151.93500000,152.44900000,109.58100,0.00
1625757805,1235.00,20261001,1,18,0,0.01,150.70000000,152.44900000,109.58100,1235.00
1625831100,0.00,20261001,0,20,0,0.01,151.74100000,151.29800000,110.09200,0.00
1625850942,1063.00,20261001,1,20,1,0.01,152.80400000,151.29800000,110.09200,1063.00
1626086700,0.00,20261001,0,22,1,0.06,152.76100000,153.09600000,110.34800,0.00
1626108390,-2010.00,20261001,1,22,0,0.06,153.09600000,153.09600000,110.34800,-2010.00
1626171300,0.00,20261001,0,24,1,0.06,153.08200000,153.33000000,110.62200,0.00
1626190292,3600.00,20261001,1,24,0,0.06,152.48200000,153.33000000,110.62200,3600.00
1626345000,0.00,20261001,0,26,1,0.01,151.73000000,152.20700000,109.80400,0.00
1626354043,-477.00,20261001,1,26,0,0.01,152.20700000,152.20700000,109.80400,-477.00
1626434100,0.00,20261001,0,28,0,0.01,152.31600000,151.95900000,110.07200,0.00
1626455442,-360.00,20261001,1,28,1,0.01,151.95600000,151.95900000,110.07200,-360.00
1626689700,0.00,20261001,0,30,1,0.01,150.97200000,151.33200000,109.37600,0.00
1626707501,864.00,20261001,1,30,0,0.01,150.10800000,151.33200000,109.37600,864.00
1626774300,0.00,20261001,0,32,1,0.06,149.38500000,149.75000000,109.81400,0.00
1626778076,-2190.00,20261001,1,32,0,0.06,149.75000000,149.75000000,109.81400,-2190.00
1626858900,0.00,20261001,0,34,1,0.01,149.37800000,149.77200000,110.28500,0.00
1626864167,-398.00,20261001,1,34,0,0.01,149.77600000,149.77200000,110.28500,-398.00
1626867000,0.00,20261001,0,36,0,0.06,150.04000000,149.67400000,110.28500,0.00
1626887741,5262.00,20261001,1,36,1,0.06,150.91700000,149.67400000,110.28500,5262.00
1626948000,0.00,20261001,0,38,0,0.06,151.28200000,150.94500000,110.09300,0.00
1626976800,1296.00,20261001,1,38,1,0.06,151.49800000,150.94500000,110.09300,1296.00
1627292700,0.00,20261001,0,40,1,0.01,151.56900000,151.93900000,110.36200,0.00
1627301383,-370.00,20261001,1,40,0,0.01,151.93900000,151.93900000,110.36200,-370.00
1627551000,0.00,20261001,0,42,0,0.01,152.98100000,152.69500000,109.46400,0.00
1627581600,206.00,20261001,1,42,1,0.01,153.18700000,152.69500000,109.46400,206.00
1628068500,0.00,20261001,0,44,0,0.01,151.96800000,151.68800000,109.46900,0.00
1628090143,-293.00,20261001,1,44,1,0.01,151.67500000,151.68800000,109.46900,-293.00
1628157600,0.00,20261001,0,46,0,0.01,152.41100000,152.14800000,109.76300,0.00
1628186400,429.00,20261001,1,46,1,0.01,152.84000000,152.14800000,109.76300,429.00
1628674200,0.00,20261001,0,48,0,0.01,153.10000000,152.90500000,110.40500,0.00
1628687781,-195.00,20261001,1,48,1,0.01,152.90500000,152.90500000,110.40500,-195.00
1628849700,0.00,20261001,0,50,1,0.06,152.24100000,152.46300000,109.58700,0.00
1628868411,-1332.00,20261001,1,50,0,0.06,152.46300000,152.46300000,109.58700,-1332.00
1629108000,0.00,20261001,0,52,1,0.01,151.39000000,151.91400000,109.13100,0.00
1629136800,136.00,20261001,1,52,0,0.01,151.25400000,151.91400000,109.13100,136.00
1629192600,0.00,20261001,0,54,1,0.06,150.97500000,151.19600000,109.54600,0.00
1629223200,2448.00,20261001,1,54,0,0.06,150.56700000,151.19600000,109.54600,2448.00
1629365400,0.00,20261001,0,56,1,0.06,150.71500000,151.06600000,109.66800,0.00
1629374429,5058.00,20261001,1,56,0,0.06,149.87200000,151.06600000,109.66800,5058.00
1629455400,0.00,20261001,0,58,1,0.06,149.20200000,149.65100000,109.79200,0.00
1629476236,-2694.00,20261001,1,58,0,0.06,149.65100000,149.65100000,109.79200,-2694.00
1629804600,0.00,20261001,0,60,1,0.06,150.34200000,150.72100000,109.50200,0.00
1629828000,-1734.00,20261001,1,60,0,0.06,150.63100000,150.72100000,109.50200,-1734.00
1629891000,0.00,20261001,0,62,0,0.01,150.90000000,150.52500000,109.99900,0.00
1629914400,233.00,20261001,1,62,1,0.01,151.13300000,150.52500000,109.99900,233.00
1629974700,0.00,20261001,0,64,0,0.06,151.54100000,151.27900000,110.07700,0.00
1629978818,-1572.00,20261001,1,64,1,0.06,151.27900000,151.27900000,110.07700,-1572.00
1630060200,0.00,20261001,0,66,0,0.06,150.93900000,150.60500000,109.84100,0.00
1630087200,1452.00,20261001,1,66,1,0.06,151.18100000,150.60500000,109.84100,1452.00
1630401300,0.00,20261001,0,68,0,0.01,151.55200000,151.25600000,109.99200,0.00
1630413940,-296.00,20261001,1,68,1,0.01,151.25600000,151.25600000,109.99200,-296.00
1630579500,0.00,20261001,0,70,0,0.01,151.74400000,151.43300000,109.92400,0.00
1630605600,408.00,20261001,1,70,1,0.01,152.15200000,151.43300000,109.92400,408.00
1631184300,0.00,20261001,0,72,1,0.01,151.46400000,151.71600000,109.68700,0.00
1631186369,-253.00,20261001,1,72,0,0.01,151.71700000,151.71600000,109.68700,-253.00
1631268000,0.00,20261001,0,74,0,0.01,152.36800000,151.91000000,109.89200,0.00
1631296800,-190.00,20261001,1,74,1,0.01,152.17800000,151.91000000,109.89200,-190.00
1631614500,0.00,20261001,0,76,0,0.01,152.54900000,152.20900000,109.67900,0.00
1631640185,-340.00,20261001,1,76,1,0.01,152.20900000,152.20900000,109.67900,-340.00
1631879100,0.00,20261001,0,78,0,0.01,151.84800000,151.39200000,109.96400,0.00
1631898665,-456.00,20261001,1,78,1,0.01,151.39200000,151.39200000,109.96400,-456.00
1632129300,0.00,20261001,0,80,1,0.01,150.54300000,150.91200000,109.42300,0.00
1632148948,887.00,20261001,1,80,0,0.01,149.65600000,150.91200000,109.42300,887.00
1632219300,0.00,20261001,0,82,0,0.01,149.92500000,149.46600000,109.20900,0.00
1632239560,-460.00,20261001,1,82,1,0.01,149.46500000,149.46600000,109.20900,-460.00
1632390300,0.00,20261001,0,84,0,0.01,150.00300000,149.57000000,110.31400,0.00
1632412478,1040.00,20261001,1,84,1,0.01,151.04300000,149.57000000,110.31400,1040.00
1632476700,0.00,20261001,0,86,0,0.01,151.70100000,151.39200000,110.72500,0.00
1632478002,-314.00,20261001,1,86,1,0.01,151.38700000,151.39200000,110.72500,-314.00
1632482100,0.00,20261001,0,88,1,0.06,151.18300000,151.47700000,110.72500,0.00
1632484280,-1788.00,20261001,1,88,0,0.06,151.48100000,151.47700000,110.72500,-1788.00
1632739500,0.00,20261001,0,90,0,0.01,151.56900000,151.26600000,110.99400,0.00
1632765600,549.00,20261001,1,90,1,0.01,152.11800000,151.26600000,110.99400,549.00
1632910500,0.00,20261001,0,92,1,0.06,150.50400000,151.02800000,111.94900,0.00
1632938400,1530.00,20261001,1,92,0,0.06,150.24900000,151.02800000,111.94900,1530.00
1633081500,0.00,20261001,0,94,1,0.01,149.47700000,149.90400000,111.06100,0.00
1633090708,-430.00,20261001,1,94,0,0.01,149.90700000,149.90400000,111.06100,-430.00
1633342500,0.00,20261001,0,96,0,0.01,150.69900000,150.34700000,110.91300,0.00
1633370400,150.00,20261001,1,96,1,0.01,150.84900000,150.34700000,110.91300,150.00
1633428000,0.00,20261001,0,98,0,0.01,151.20500000,150.92300000,111.45100,0.00
1633455244,676.00,20261001,1,98,1,0.01,151.88100000,150.92300000,111.45100,676.00
1634119200,0.00,20261001,0,100,0,0.01,154.57100000,154.28700000,113.23900,0.00
1634148000,-59.00,20261001,1,100,1,0.01,154.51200000,154.28700000,113.23900,-59.00
1634203800,0.00,20261001,0,102,0,0.01,155.32600000,154.87600000,113.66700,0.00
1634234400,246.00,20261001,1,102,1,0.01,155.57200000,154.87600000,113.66700,246.00
1634292000,0.00,20261001,0,104,0,0.01,156.22100000,155.68400000,114.24300,0.00
1634320800,831.00,20261001,1,104,1,0.01,157.05200000,155.68400000,114.24300,831.00
1634727600,0.00,20261001,0,106,1,0.06,157.49200000,157.94400000,114.22300,0.00
1634752240,-2712.00,20261001,1,106,0,0.06,157.94400000,157.94400000,114.22300,-2712.00
1634809500,0.00,20261001,0,108,1,0.01,157.23700000,157.87800000,113.95800,0.00
1634839200,-146.00,20261001,1,108,0,0.01,157.38300000,157.87800000,113.95800,-146.00
1634900400,0.00,20261001,0,110,1,0.06,156.91000000,157.38100000,113.48000,0.00
1634904031,-2874.00,20261001,1,110,0,0.06,157.38900000,157.38100000,113.48000,-2874.00
1635241500,0.00,20261001,0,112,0,0.01,156.87600000,156.59700000,114.14000,0.00
1635254848,671.00,20261001,1,112,1,0.01,157.54700000,156.59700000,114.14000,671.00
1635330600,0.00,20261001,0,114,1,0.01,156.71000000,157.11000000,113.79800,0.00
1635352657,959.00,20261001,1,114,0,0.01,155.75100000,157.11000000,113.79800,959.00
1635417900,0.00,20261001,0,116,0,0.06,156.47200000,156.16000000,113.55800,0.00
1635420297,-1872.00,20261001,1,116,1,0.06,156.16000000,156.16000000,113.55800,-1872.00
1635844500,0.00,20261001,0,118,1,0.01,155.10300000,155.59000000,113.94900,0.00
1635876000,42.00,20261001,1,118,0,0.01,155.06100000,155.59000000,113.94900,42.00
1636024500,0.00,20261001,0,120,1,0.01,155.79400000,156.07200000,113.73900,0.00
1636036565,666.00,20261001,1,120,0,0.01,155.12800000,156.07200000,113.73900,666.00
1636112700,0.00,20261001,0,122,1,0.01,153.09200000,153.51600000,113.38200,0.00
1636135200,200.00,20261001,1,122,0,0.01,152.89200000,153.51600000,113.38200,200.00
1636709400,0.00,20261001,0,124,0,0.01,152.82200000,152.52800000,113.91400,0.00
1636733765,-294.00,20261001,1,124,1,0.01,152.52800000,152.52800000,113.91400,-294.00
1637054100,0.00,20261001,0,126,0,0.01,153.56200000,153.16300000,114.80900,0.00
1637085600,209.00,20261001,1,126,1,0.01,153.77100000,153.16300000,114.80900,209.00
1637140500,0.00,20261001,0,128,0,0.01,154.54400000,154.14200000,113.97700,0.00
1637150138,-402.00,20261001,1,128,1,0.01,154.14200000,154.14200000,113.97700,-402.00
1637234100,0.00,20261001,0,130,0,0.01,154.20100000,153.84700000,114.23900,0.00
1637247725,-354.00,20261001,1,130,1,0.01,153.84700000,153.84700000,114.23900,-354.00
1637572500,0.00,20261001,0,132,0,0.01,153.61600000,153.27100000,114.86100,0.00
1637575947,-357.00,20261001,1,132,1,0.01,153.25900000,153.27100000,114.86100,-357.00
1637659800,0.00,20261001,0,134,1,0.06,153.68200000,154.03500000,115.11500,0.00
1637690400,-234.00,20261001,1,134,0,0.06,153.72100000,154.03500000,115.11500,-234.00
1637748000,0.00,20261001,0,136,1,0.01,153.62800000,153.95600000,115.40600,0.00
1637773385,-329.00,20261001,1,136,0,0.01,153.95700000,153.95600000,115.40600,-329.00
1638436500,0.00,20261001,0,138,0,0.01,150.54100000,149.88400000,113.00700,0.00
1638468000,-225.00,20261001,1,138,1,0.01,150.31600000,149.88400000,113.00700,-225.00
1638526500,0.00,20261001,0,140,0,0.01,150.61100000,150.33500000,112.82500,0.00
1638534941,-276.00,20261001,1,140,1,0.01,150.33500000,150.33500000,112.82500,-276.00
1638784800,0.00,20261001,0,142,0,0.01,149.72400000,149.30500000,113.43400,0.00
1638813600,439.00,20261001,1,142,1,0.01,150.16300000,149.30500000,113.43400,439.00
1639044000,0.00,20261001,0,144,1,0.06,149.80800000,150.13800000,113.45000,0.00
1639072800,-72.00,20261001,1,144,0,0.06,149.82000000,150.13800000,113.45000,-72.00
1639477800,0.00,20261001,0,146,0,0.01,150.18300000,149.92500000,113.60100,0.00
1639504800,298.00,20261001,1,146,1,0.01,150.48100000,149.92500000,113.60100,298.00
1639649700,0.00,20261001,0,148,0,0.01,151.59400000,151.17600000,113.60200,0.00
1639664072,1008.00,20261001,1,148,1,0.01,152.60200000,151.17600000,113.60200,1008.00
1639991700,0.00,20261001,0,150,1,0.01,149.84000000,150.30600000,113.52100,0.00
1640013665,-466.00,20261001,1,150,0,0.01,150.30600000,150.30600000,113.52100,-466.00
1640079000,0.00,20261001,0,152,0,0.01,150.44900000,150.08700000,114.05400,0.00
1640109600,511.00,20261001,1,152,1,0.01,150.96000000,150.08700000,114.05400,511.00
1640252700,0.00,20261001,0,154,0,0.01,152.70800000,152.34400000,114.37400,0.00
1640268218,874.00,20261001,1,154,1,0.01,153.58200000,152.34400000,114.37400,874.00
1640599200,0.00,20261001,0,156,0,0.01,153.51100000,153.16600000,114.80700,0.00
1640628000,614.00,20261001,1,156,1,0.01,154.12500000,153.16600000,114.80700,614.00
1641290400,0.00,20261001,0,158,0,0.01,156.12300000,155.46800000,116.12000,0.00
1641319200,1276.00,20261001,1,158,1,0.01,157.39900000,155.46800000,116.12000,1276.00
1641463200,0.00,20261001,0,160,1,0.01,156.40900000,157.12100000,115.81500,0.00
1641492000,-175.00,20261001,1,160,0,0.01,156.58400000,157.12100000,115.81500,-175.00
1641896100,0.00,20261001,0,162,0,0.01,156.93300000,156.37400000,115.28500,0.00
1641924000,148.00,20261001,1,162,1,0.01,157.08100000,156.37400000,115.28500,148.00
1642411800,0.00,20261001,0,164,0,0.01,156.61200000,156.15100000,114.59400,0.00
1642442400,-187.00,20261001,1,164,1,0.01,156.42500000,156.15100000,114.59400,-187.00
1642504500,0.00,20261001,0,166,1,0.06,156.21100000,156.65200000,114.60400,0.00
1642528800,3750.00,20261001,1,166,0,0.06,155.58600000,156.65200000,114.60400,3750.00
1643021100,0.00,20261001,0,168,1,0.06,153.97000000,154.28000000,113.86500,0.00
1643040003,4470.00,20261001,1,168,0,0.06,153.22500000,154.28000000,113.86500,4470.00
1643192100,0.00,20261001,0,170,0,0.01,154.01400000,153.69300000,114.55300,0.00
1643220000,426.00,20261001,1,170,1,0.01,154.44000000,153.69300000,114.55300,426.00
1643623200,0.00,20261001,0,172,0,0.01,155.08500000,154.62400000,115.04400,0.00
1643651896,-461.00,20261001,1,172,1,0.01,154.62400000,154.62400000,115.04400,-461.00
1643707800,0.00,20261001,0,174,0,0.06,154.94200000,154.62500000,114.66300,0.00
1643724125,-1908.00,20261001,1,174,1,0.06,154.62400000,154.62500000,114.66300,-1908.00
1643883300,0.00,20261001,0,176,0,0.06,155.42700000,155.17500000,114.94700,0.00
1643896832,3624.00,20261001,1,176,1,0.06,156.03100000,155.17500000,114.94700,3624.00
1643975100,0.00,20261001,0,178,1,0.01,156.03100000,156.32600000,115.16400,0.00
1643997600,61.00,20261001,1,178,0,0.01,155.97000000,156.32600000,115.16400,61.00
1644320700,0.00,20261001,0,180,0,0.01,156.29600000,155.76500000,115.52800,0.00
1644343200,360.00,20261001,1,180,1,0.01,156.65600000,155.76500000,115.52800,360.00
1644487200,0.00,20261001,0,182,0,0.01,156.59900000,156.27400000,115.93800,0.00
1644508783,785.00,20261001,1,182,1,0.01,157.38400000,156.27400000,115.93800,785.00
1644576300,0.00,20261001,0,184,0,0.06,157.39300000,157.08600000,115.26000,0.00
1644602400,1398.00,20261001,1,184,1,0.06,157.62600000,157.08600000,115.26000,1398.00
1644833700,0.00,20261001,0,186,1,0.01,155.94500000,156.55900000,115.52300,0.00
1644861600,-250.00,20261001,1,186,0,0.01,156.19500000,156.55900000,115.52300,-250.00
1644920100,0.00,20261001,0,188,0,0.06,156.59700000,156.14800000,115.59300,0.00
1644948000,-588.00,20261001,1,188,1,0.06,156.49900000,156.14800000,115.59300,-588.00
1645002900,0.00,20261001,0,190,0,0.01,156.85100000,156.50700000,115.47400,0.00
1645026630,-344.00,20261001,1,190,1,0.01,156.50700000,156.50700000,115.47400,-344.00
1645179300,0.00,20261001,0,192,0,0.01,156.89400000,156.48300000,114.98500,0.00
1645197975,-411.00,20261001,1,192,1,0.01,156.48300000,156.48300000,114.98500,-411.00
1645434900,0.00,20261001,0,194,0,0.01,156.70800000,156.32300000,114.72800,0.00
1645450805,-389.00,20261001,1,194,1,0.01,156.31900000,156.32300000,114.72800,-389.00
1645785000,0.00,20261001,0,196,1,0.06,154.27100000,154.62900000,115.52000,0.00
1645796836,-2178.00,20261001,1,196,0,0.06,154.63400000,154.62900000,115.52000,-2178.00
1646135100,0.00,20261001,0,198,1,0.06,154.03000000,154.44300000,114.87800,0.00
1646157600,4452.00,20261001,1,198,0,0.06,153.28800000,154.44300000,114.87800,4452.00
1646212500,0.00,20261001,0,200,1,0.06,152.86600000,153.25300000,115.51300,0.00
1646216583,-2322.00,20261001,1,200,0,0.06,153.25300000,153.25300000,115.51300,-2322.00
1646392500,0.00,20261001,0,202,1,0.01,153.55500000,153.95500000,114.71800,0.00
1646409096,960.00,20261001,1,202,0,0.01,152.59500000,153.95500000,114.71800,960.00
1646645400,0.00,20261001,0,204,0,0.01,152.17900000,151.73400000,115.26200,0.00
1646647898,-445.00,20261001,1,204,1,0.01,151.73400000,151.73400000,115.26200,-445.00
1646649900,0.00,20261001,0,206,1,0.06,151.37200000,151.86300000,115.26200,0.00
1646662602,-2952.00,20261001,1,206,0,0.06,151.86400000,151.86300000,115.26200,-2952.00
1646820900,0.00,20261001,0,208,0,0.01,152.08800000,151.64800000,115.77800,0.00
1646848800,290.00,20261001,1,208,1,0.01,152.37800000,151.64800000,115.77800,290.00
1646908200,0.00,20261001,0,210,1,0.06,152.35000000,152.80700000,116.12500,0.00
1646910041,-2790.00,20261001,1,210,0,0.06,152.81500000,152.80700000,116.12500,-2790.00
1646990100,0.00,20261001,0,212,0,0.01,152.88300000,152.25000000,117.24400,0.00
1647021600,211.00,20261001,1,212,1,0.01,153.09400000,152.25000000,117.24400,211.00
1647253800,0.00,20261001,0,214,0,0.01,153.50900000,153.08100000,118.17300,0.00
1647280800,543.00,20261001,1,214,1,0.01,154.05200000,153.08100000,118.17300,543.00
1647343800,0.00,20261001,0,216,1,0.06,153.44900000,154.12900000,118.28200,0.00
1647354878,-4086.00,20261001,1,216,0,0.06,154.13000000,154.12900000,118.28200,-4086.00
1647512100,0.00,20261001,0,218,0,0.01,156.60800000,156.21200000,118.58600,0.00
1647522021,-405.00,20261001,1,218,1,0.01,156.20300000,156.21200000,118.58600,-405.00
1647594900,0.00,20261001,0,220,0,0.01,156.42800000,156.04700000,119.10800,0.00
1647604119,-381.00,20261001,1,220,1,0.01,156.04700000,156.04700000,119.10800,-381.00
1647945000,0.00,20261001,0,222,0,0.01,158.25300000,157.57700000,120.76300,0.00
1647962138,1622.00,20261001,1,222,1,0.01,159.87500000,157.57700000,120.76300,1622.00
1648035900,0.00,20261001,0,224,1,0.06,160.06200000,160.70100000,121.14100,0.00
1648058400,2598.00,20261001,1,224,0,0.06,159.62900000,160.70100000,121.14100,2598.00
1648114200,0.00,20261001,0,226,0,0.01,160.26400000,159.80800000,122.31000,0.00
1648144800,579.00,20261001,1,226,1,0.01,160.84300000,159.80800000,122.31000,579.00
1648208700,0.00,20261001,0,228,1,0.01,160.05900000,160.96000000,121.96800,0.00
1648225531,-911.00,20261001,1,228,0,0.01,160.97000000,160.96000000,121.96800,-911.00
1648461600,0.00,20261001,0,230,0,0.01,162.26600000,161.23100000,123.75100,0.00
1648490400,-638.00,20261001,1,230,1,0.01,161.62800000,161.23100000,123.75100,-638.00
1648720800,0.00,20261001,0,232,1,0.06,159.68300000,160.45000000,121.57800,0.00
1648749600,-450.00,20261001,1,232,0,0.06,159.75800000,160.45000000,121.57800,-450.00
1649064600,0.00,20261001,0,234,0,0.01,161.10500000,160.58700000,122.77100,0.00
1649095200,-145.00,20261001,1,234,1,0.01,160.96000000,160.58700000,122.77100,-145.00
1649154600,0.00,20261001,0,236,0,0.06,161.32300000,160.73600000,123.59200,0.00
1649181600,3432.00,20261001,1,236,1,0.06,161.89500000,160.73600000,123.59200,3432.00
1649244600,0.00,20261001,0,238,0,0.01,162.16100000,161.71100000,123.75000,0.00
1649268000,-173.00,20261001,1,238,1,0.01,161.98800000,161.71100000,123.75000,-173.00
1649325600,0.00,20261001,0,240,0,0.01,162.05800000,161.63100000,123.88200,0.00
1649334326,-427.00,20261001,1,240,1,0.01,161.63100000,161.63100000,123.88200,-427.00
1649670300,0.00,20261001,0,242,0,0.01,162.91300000,162.02600000,125.33400,0.00
1649700000,772.00,20261001,1,242,1,0.01,163.68500000,162.02600000,125.33400,772.00
1649841300,0.00,20261001,0,244,0,0.01,163.57800000,163.11200000,125.48100,0.00
1649872800,324.00,20261001,1,244,1,0.01,163.90200000,163.11200000,125.48100,324.00
1650015900,0.00,20261001,0,246,0,0.01,165.39800000,164.67800000,126.42700,0.00
1650045600,-219.00,20261001,1,246,1,0.01,165.17900000,164.67800000,126.42700,-219.00
1650278700,0.00,20261001,0,248,1,0.06,164.64700000,165.14800000,126.97400,0.00
1650304800,-1428.00,20261001,1,248,0,0.06,164.88500000,165.14800000,126.97400,-1428.00
1650618900,0.00,20261001,0,250,1,0.01,166.56900000,167.19200000,128.43600,0.00
1650645871,1494.00,20261001,1,250,0,0.01,165.07500000,167.19200000,128.43600,1494.00
1650879000,0.00,20261001,0,252,1,0.01,163.75800000,164.82400000,128.12600,0.00
1650909600,1203.00,20261001,1,252,0,0.01,162.55500000,164.82400000,128.12600,1203.00
1651050900,0.00,20261001,0,254,0,0.01,160.93700000,160.12100000,128.40900,0.00
1651082400,-528.00,20261001,1,254,1,0.01,160.40900000,160.12100000,128.40900,-528.00
1651573800,0.00,20261001,0,256,0,0.01,163.15900000,162.65500000,130.12900,0.00
1651585717,-504.00,20261001,1,256,1,0.01,162.65500000,162.65500000,130.12900,-504.00
1651831200,0.00,20261001,0,258,1,0.06,160.37900000,161.27900000,130.51800,0.00
1651845930,-5400.00,20261001,1,258,0,0.06,161.27900000,161.27900000,130.51800,-5400.00
1652346900,0.00,20261001,0,260,1,0.01,158.00900000,158.79800000,128.25200,0.00
1652373260,1893.00,20261001,1,260,0,0.01,156.11600000,158.79800000,128.25200,1893.00
1652780700,0.00,20261001,0,262,0,0.01,160.13500000,159.18100000,129.35800,0.00
1652810400,1085.00,20261001,1,262,1,0.01,161.22000000,159.18100000,129.35800,1085.00
1652868900,0.00,20261001,0,264,1,0.01,160.42500000,161.36400000,128.21100,0.00
1652896800,951.00,20261001,1,264,0,0.01,159.47400000,161.36400000,128.21100,951.00
1653390000,0.00,20261001,0,266,1,0.01,160.14800000,160.69000000,126.77300,0.00
1653395552,1301.00,20261001,1,266,0,0.01,158.84700000,160.69000000,126.77300,1301.00
1653557400,0.00,20261001,0,268,1,0.01,159.78600000,160.41800000,127.10100,0.00
1653588000,-301.00,20261001,1,268,0,0.01,160.08700000,160.41800000,127.10100,-301.00
1653988500,0.00,20261001,0,270,1,0.01,161.13600000,161.66200000,128.55500,0.00
1654012902,-526.00,20261001,1,270,0,0.01,161.66200000,161.66200000,128.55500,-526.00
1654076700,0.00,20261001,0,272,0,0.01,162.93100000,162.28100000,130.08600,0.00
1654101569,-650.00,20261001,1,272,1,0.01,162.28100000,162.28100000,130.08600,-650.00
1654511400,0.00,20261001,0,274,0,0.06,163.64700000,163.17800000,131.84900,0.00
1654537122,6810.00,20261001,1,274,1,0.06,164.78200000,163.17800000,131.84900,6810.00
1654600500,0.00,20261001,0,276,0,0.01,166.17800000,165.49200000,132.52600,0.00
1654624800,477.00,20261001,1,276,1,0.01,166.65500000,165.49200000,132.52600,477.00
1654681500,0.00,20261001,0,278,0,0.01,167.48500000,167.05900000,134.22100,0.00
1654702960,1022.00,20261001,1,278,1,0.01,168.50700000,167.05900000,134.22100,1022.00
1654770600,0.00,20261001,0,280,1,0.01,167.18800000,168.20000000,134.31200,0.00
1654796910,-1012.00,20261001,1,280,0,0.01,168.20000000,168.20000000,134.31200,-1012.00
1654855200,0.00,20261001,0,282,1,0.01,167.05100000,167.68400000,134.37900,0.00
1654881332,1538.00,20261001,1,282,0,0.01,165.51300000,167.68400000,134.37900,1538.00
1655111700,0.00,20261001,0,284,1,0.06,165.01200000,165.78400000,134.40700,0.00
1655136401,11112.00,20261001,1,284,0,0.06,163.16000000,165.78400000,134.40700,11112.00
1655375400,0.00,20261001,0,286,1,0.06,162.30300000,163.33000000,132.15800,0.00
1655402400,-2454.00,20261001,1,286,0,0.06,162.71200000,163.33000000,132.15800,-2454.00
1655805600,0.00,20261001,0,288,0,0.01,165.92100000,165.42600000,136.45200,0.00
1655823690,1188.00,20261001,1,288,1,0.01,167.10900000,165.42600000,136.45200,1188.00
1655892900,0.00,20261001,0,290,1,0.01,166.11900000,167.29000000,136.20500,0.00
1655919903,-1171.00,20261001,1,290,0,0.01,167.29000000,167.29000000,136.20500,-1171.00
1655980200,0.00,20261001,0,292,1,0.01,165.52300000,166.48200000,134.93800,0.00
1656007200,446.00,20261001,1,292,0,0.01,165.07700000,166.48200000,134.93800,446.00
1656325800,0.00,20261001,0,294,0,0.01,166.46500000,165.57100000,135.41400,0.00
1656352800,-173.00,20261001,1,294,1,0.01,166.29200000,165.57100000,135.41400,-173.00
1656927900,0.00,20261001,0,296,0,0.01,164.09200000,163.39200000,135.48100,0.00
1656957600,353.00,20261001,1,296,1,0.01,164.44500000,163.39200000,135.48100,353.00
1657020600,0.00,20261001,0,298,1,0.06,163.61800000,164.73200000,135.74100,0.00
1657044000,9156.00,20261001,1,298,0,0.06,162.09200000,164.73200000,135.74100,9156.00
1657098900,0.00,20261001,0,300,1,0.01,161.17600000,161.94000000,135.91000,0.00
1657100716,-776.00,20261001,1,300,0,0.01,161.95200000,161.94000000,135.91000,-776.00
1657103400,0.00,20261001,0,302,0,0.06,162.55000000,161.69700000,135.91000,0.00
1657107691,-5118.00,20261001,1,302,1,0.06,161.69700000,161.69700000,135.91000,-5118.00
1657187100,0.00,20261001,0,304,0,0.01,162.53400000,161.94100000,135.97000,0.00
1657216800,601.00,20261001,1,304,1,0.01,163.13500000,161.94100000,135.97000,601.00
1657276200,0.00,20261001,0,306,1,0.01,162.46100000,163.40000000,136.01900,0.00
1657293544,-940.00,20261001,1,306,0,0.01,163.40100000,163.40000000,136.01900,-940.00
1657621800,0.00,20261001,0,308,1,0.01,162.51400000,163.21900000,136.86300,0.00
1657648800,66.00,20261001,1,308,0,0.01,162.44800000,163.21900000,136.86300,66.00
1657705500,0.00,20261001,0,310,0,0.01,163.52900000,162.77200000,137.23700,0.00
1657735200,318.00,20261001,1,310,1,0.01,163.84700000,162.77200000,137.23700,318.00
1657791000,0.00,20261001,0,312,0,0.01,164.13600000,163.49500000,138.93300,0.00
1657821600,-32.00,20261001,1,312,1,0.01,164.10400000,163.49500000,138.93300,-32.00
1657878300,0.00,20261001,0,314,1,0.01,164.03700000,164.46000000,138.51800,0.00
1657901190,-423.00,20261001,1,314,0,0.01,164.46000000,164.46000000,138.51800,-423.00
1658226600,0.00,20261001,0,316,0,0.01,165.50100000,164.95400000,138.17300,0.00
1658253600,320.00,20261001,1,316,1,0.01,165.82100000,164.95400000,138.17300,320.00
1658484000,0.00,20261001,0,318,0,0.01,165.09400000,164.54500000,136.04800,0.00
1658485778,-549.00,20261001,1,318,1,0.01,164.54500000,164.54500000,136.04800,-549.00
1658486700,0.00,20261001,0,320,1,0.06,164.18200000,164.69400000,136.04800,0.00
1658512800,1944.00,20261001,1,320,0,0.06,163.85800000,164.69400000,136.04800,1944.00
1658749500,0.00,20261001,0,322,0,0.06,163.82000000,163.27800000,136.65200,0.00
1658772000,4938.00,20261001,1,322,1,0.06,164.64300000,163.27800000,136.65200,4938.00
1659435300,0.00,20261001,0,324,1,0.01,159.60400000,160.77800000,133.15200,0.00
1659462223,-1184.00,20261001,1,324,0,0.01,160.78800000,160.77800000,133.15200,-1184.00
1659604500,0.00,20261001,0,326,0,0.01,162.97000000,162.52700000,132.77300,0.00
1659622101,-453.00,20261001,1,326,1,0.01,162.51700000,162.52700000,132.77300,-453.00
1659695400,0.00,20261001,0,328,0,0.01,162.06100000,161.46900000,134.94100,0.00
1659701177,-592.00,20261001,1,328,1,0.01,161.46900000,161.46900000,134.94100,-592.00
1659951000,0.00,20261001,0,330,0,0.01,163.60300000,163.03100000,134.80000,0.00
1659962854,-573.00,20261001,1,330,1,0.01,163.03000000,163.03100000,134.80000,-573.00
1660044600,0.00,20261001,0,332,0,0.01,163.32600000,162.88200000,134.91700,0.00
1660068000,-196.00,20261001,1,332,1,0.01,163.13000000,162.88200000,134.91700,-196.00
1660563900,0.00,20261001,0,334,1,0.01,161.18300000,161.71600000,133.29700,0.00
1660586400,533.00,20261001,1,334,0,0.01,160.65000000,161.71600000,133.29700,533.00
1660646700,0.00,20261001,0,336,0,0.06,160.91900000,160.40000000,134.18800,0.00
1660665282,7488.00,20261001,1,336,1,0.06,162.16700000,160.40000000,134.18800,7488.00
1661164200,0.00,20261001,0,338,1,0.06,161.61900000,162.18400000,137.41700,0.00
1661183798,-3390.00,20261001,1,338,0,0.06,162.18400000,162.18400000,137.41700,-3390.00
1661247000,0.00,20261001,0,340,1,0.01,161.10800000,161.70600000,136.76000,0.00
1661256544,-598.00,20261001,1,340,0,0.01,161.70600000,161.70600000,136.76000,-598.00
1661768100,0.00,20261001,0,342,0,0.01,162.07700000,161.58500000,138.70100,0.00
1661796000,127.00,20261001,1,342,1,0.01,162.20400000,161.58500000,138.70100,127.00
1662376500,0.00,20261001,0,344,0,0.06,161.43700000,160.94400000,140.57400,0.00
1662400800,1704.00,20261001,1,344,1,0.06,161.72100000,160.94400000,140.57400,1704.00
1662544800,0.00,20261001,0,346,0,0.01,165.64900000,164.70000000,143.71800,0.00
1662573600,27.00,20261001,1,346,1,0.01,165.67600000,164.70000000,143.71800,27.00
1662629400,0.00,20261001,0,348,1,0.01,165.28400000,165.90200000,144.09700,0.00
1662645459,-618.00,20261001,1,348,0,0.01,165.90200000,165.90200000,144.09700,-618.00
1663146900,0.00,20261001,0,350,1,0.01,165.22200000,166.06900000,142.91900,0.00
1663178400,55.00,20261001,1,350,0,0.01,165.16700000,166.06900000,142.91900,55.00
1663235100,0.00,20261001,0,352,0,0.01,165.48500000,165.01600000,143.46000,0.00
1663244237,-470.00,20261001,1,352,1,0.01,165.01500000,165.01600000,143.46000,-470.00
1663323300,0.00,20261001,0,354,1,0.01,163.83500000,164.31100000,142.89800,0.00
1663351200,406.00,20261001,1,354,0,0.01,163.42900000,164.31100000,142.89800,406.00
1663667100,0.00,20261001,0,356,0,0.01,164.10600000,163.60400000,143.71400,0.00
1663696800,-54.00,20261001,1,356,1,0.01,164.05200000,163.60400000,143.71400,-54.00
1663753500,0.00,20261001,0,358,1,0.06,162.65300000,163.67300000,143.96300,0.00
1663783200,-3804.00,20261001,1,358,0,0.06,163.28700000,163.67300000,143.96300,-3804.00
1663928100,0.00,20261001,0,360,1,0.01,159.28400000,160.03500000,143.13700,0.00
1663934523,-751.00,20261001,1,360,0,0.01,160.03500000,160.03500000,143.13700,-751.00
1664538300,0.00,20261001,0,362,0,0.01,161.91300000,160.82200000,144.70700,0.00
1664543683,-1108.00,20261001,1,362,1,0.01,160.80500000,160.82200000,144.70700,-1108.00
1664878500,0.00,20261001,0,364,0,0.01,164.80800000,163.73500000,144.04400,0.00
1664893385,-1129.00,20261001,1,364,1,0.01,163.67900000,163.73500000,144.04400,-1129.00
1665574200,0.00,20261001,0,366,0,0.01,161.55100000,160.42700000,146.89600,0.00
1665597600,1041.00,20261001,1,366,1,0.01,162.59200000,160.42700000,146.89600,1041.00
1667385000,0.00,20261001,0,368,1,0.01,169.25900000,169.91700000,147.86400,0.00
1667412000,714.00,20261001,1,368,0,0.01,168.54500000,169.91700000,147.86400,714.00
1667816100,0.00,20261001,0,370,0,0.01,167.01600000,166.28400000,146.59900,0.00
1667844000,903.00,20261001,1,370,1,0.01,167.91900000,166.28400000,146.59900,903.00
1668422700,0.00,20261001,0,372,0,0.06,165.14200000,164.20100000,139.87500,0.00
1668448800,-2682.00,20261001,1,372,1,0.06,164.69500000,164.20100000,139.87500,-2682.00
1669030200,0.00,20261001,0,374,0,0.06,167.11600000,166.43600000,142.10700,0.00
1669053600,960.00,20261001,1,374,1,0.06,167.27600000,166.43600000,142.10700,960.00
1669281300,0.00,20261001,0,376,1,0.01,167.57800000,168.03300000,138.29200,0.00
1669284267,-455.00,20261001,1,376,0,0.01,168.03300000,168.03300000,138.29200,-455.00
1669375800,0.00,20261001,0,378,0,0.01,168.35200000,167.73500000,139.12600,0.00
1669399200,39.00,20261001,1,378,1,0.01,168.39100000,167.73500000,139.12600,39.00
1669626900,0.00,20261001,0,380,1,0.01,166.45500000,167.54600000,138.92400,0.00
1669658400,-606.00,20261001,1,380,0,0.01,167.06100000,167.54600000,138.92400,-606.00
1669806900,0.00,20261001,0,382,0,0.01,166.45300000,165.71500000,137.98600,0.00
1669831200,-295.00,20261001,1,382,1,0.01,166.15800000,165.71500000,137.98600,-295.00
1669972500,0.00,20261001,0,384,1,0.01,164.88900000,165.62900000,134.30300,0.00
1670004000,-615.00,20261001,1,384,0,0.01,165.50400000,165.62900000,134.30300,-615.00
1670231700,0.00,20261001,0,386,0,0.01,166.33600000,165.25800000,136.61300,0.00
1670263200,176.00,20261001,1,386,1,0.01,166.51200000,165.25800000,136.61300,176.00
1670319000,0.00,20261001,0,388,0,0.01,167.48300000,166.71400000,136.89800,0.00
1670322872,-770.00,20261001,1,388,1,0.01,166.71300000,166.71400000,136.89800,-770.00
1670408100,0.00,20261001,0,390,0,0.01,167.05100000,166.36500000,136.60300,0.00
1670433163,-695.00,20261001,1,390,1,0.01,166.35600000,166.36500000,136.60300,-695.00
1670842800,0.00,20261001,0,392,0,0.01,167.73000000,167.24500000,137.65000,0.00
1670868000,627.00,20261001,1,392,1,0.01,168.35700000,167.24500000,137.65000,627.00
1671183900,0.00,20261001,0,394,1,0.01,167.26700000,167.75200000,136.71100,0.00
1671213197,1164.00,20261001,1,394,0,0.01,166.10300000,167.75200000,136.71100,1164.00
1671448500,0.00,20261001,0,396,0,0.01,166.24000000,165.35600000,136.89200,0.00
1671472800,-83.00,20261001,1,396,1,0.01,166.15700000,165.35600000,136.89200,-83.00
1671622200,0.00,20261001,0,398,1,0.06,159.68200000,160.56600000,132.46000,0.00
1671638134,-5304.00,20261001,1,398,0,0.06,160.56600000,160.56600000,132.46000,-5304.00
1671790500,0.00,20261001,0,400,0,0.01,159.99300000,159.30800000,132.78100,0.00
1671818400,177.00,20261001,1,400,1,0.01,160.17000000,159.30800000,132.78100,177.00
1672223400,0.00,20261001,0,402,0,0.01,161.43700000,160.63400000,134.45400,0.00
1672250400,113.00,20261001,1,402,1,0.01,161.55000000,160.63400000,134.45400,113.00
1672392600,0.00,20261001,0,404,1,0.01,159.46900000,160.07500000,131.09300,0.00
1672423200,759.00,20261001,1,404,0,0.01,158.71000000,160.07500000,131.09300,759.00
1672740900,0.00,20261001,0,406,1,0.01,155.86900000,157.57500000,131.00400,0.00
1672768800,-1146.00,20261001,1,406,0,0.01,157.01500000,157.57500000,131.00400,-1146.00
1673257500,0.00,20261001,0,408,0,0.01,160.38300000,159.65800000,131.87400,0.00
1673287200,469.00,20261001,1,408,1,0.01,160.85200000,159.65800000,131.87400,469.00
1673433000,0.00,20261001,0,410,0,0.01,161.13400000,160.65500000,132.33900,0.00
1673438560,-479.00,20261001,1,410,1,0.01,160.65500000,160.65500000,132.33900,-479.00
1673523000,0.00,20261001,0,412,1,0.01,159.78700000,160.47200000,129.15100,0.00
1673537415,1644.00,20261001,1,412,0,0.01,158.14300000,160.47200000,129.15100,1644.00
1673604900,0.00,20261001,0,414,1,0.01,156.63500000,157.50500000,127.84700,0.00
1673632800,872.00,20261001,1,414,0,0.01,155.76300000,157.50500000,127.84700,872.00
1673865000,0.00,20261001,0,416,0,0.01,157.03600000,156.24500000,128.46700,0.00
1673892000,-166.00,20261001,1,416,1,0.01,156.87000000,156.24500000,128.46700,-166.00
1673947800,0.00,20261001,0,418,0,0.01,157.25500000,156.72500000,128.02000,0.00
1673978400,87.00,20261001,1,418,1,0.01,157.34200000,156.72500000,128.02000,87.00
1674553500,0.00,20261001,0,420,1,0.01,161.00400000,161.51400000,130.15200,0.00
1674583200,790.00,20261001,1,420,0,0.01,160.21400000,161.51400000,130.15200,790.00
1674728100,0.00,20261001,0,422,0,0.06,160.97300000,160.26800000,130.21000,0.00
1674756000,1158.00,20261001,1,422,1,0.06,161.16600000,160.26800000,130.21000,1158.00
1674814500,0.00,20261001,0,424,1,0.01,160.65500000,161.22700000,129.82100,0.00
1674842400,19.00,20261001,1,424,0,0.01,160.63600000,161.22700000,129.82100,19.00
1675071000,0.00,20261001,0,426,1,0.01,160.25300000,160.94300000,130.25900,0.00
1675073970,-690.00,20261001,1,426,0,0.01,160.94300000,160.94300000,130.25900,-690.00
1675160100,0.00,20261001,0,428,1,0.01,160.47000000,160.96000000,130.04500,0.00
1675188000,453.00,20261001,1,428,0,0.01,160.01700000,160.96000000,130.04500,453.00
1675243800,0.00,20261001,0,430,0,0.01,160.66200000,160.14700000,128.93600,0.00
1675248518,-515.00,20261001,1,430,1,0.01,160.14700000,160.14700000,128.93600,-515.00
1675416600,0.00,20261001,0,432,1,0.01,156.81300000,157.16300000,131.16900,0.00
1675423827,-350.00,20261001,1,432,0,0.01,157.16300000,157.16300000,131.16900,-350.00
1675850400,0.00,20261001,0,434,0,0.01,158.37000000,157.86400000,131.32700,0.00
1675879200,409.00,20261001,1,434,1,0.01,158.77900000,157.86400000,131.32700,409.00
1676021400,0.00,20261001,0,436,1,0.01,158.35300000,159.39900000,131.36700,0.00
1676052000,-241.00,20261001,1,436,0,0.01,158.59400000,159.39900000,131.36700,-241.00
1676284200,0.00,20261001,0,438,0,0.01,159.57000000,158.71000000,132.36900,0.00
1676311200,1605.00,20261001,1,438,1,0.01,161.17500000,158.71000000,132.36900,1605.00
1676452500,0.00,20261001,0,440,1,0.01,161.22700000,161.75300000,134.13400,0.00
1676484000,60.00,20261001,1,440,0,0.01,161.16700000,161.75300000,134.13400,60.00
1677232800,0.00,20261001,0,442,0,0.01,162.17300000,161.54400000,136.47300,0.00
1677261600,692.00,20261001,1,442,1,0.01,162.86500000,161.54400000,136.47300,692.00
1677498300,0.00,20261001,0,444,0,0.06,163.25200000,162.81100000,136.13500,0.00
1677520800,2304.00,20261001,1,444,1,0.06,163.63600000,162.81100000,136.13500,2304.00
1677578400,0.00,20261001,0,446,0,0.01,164.60200000,164.19200000,136.10200,0.00
1677596796,984.00,20261001,1,446,1,0.01,165.58600000,164.19200000,136.10200,984.00
1677662100,0.00,20261001,0,448,0,0.01,164.33100000,163.79200000,136.13800,0.00
1677672570,-540.00,20261001,1,448,1,0.01,163.79100000,163.79200000,136.13800,-540.00
1678184100,0.00,20261001,0,450,1,0.06,163.21300000,163.65300000,137.14800,0.00
1678212000,4674.00,20261001,1,450,0,0.06,162.43400000,163.65300000,137.14800,4674.00
1678354200,0.00,20261001,0,452,1,0.01,161.94900000,162.37000000,136.13400,0.00
1678379430,-421.00,20261001,1,452,0,0.01,162.37000000,162.37000000,136.13400,-421.00
1678446900,0.00,20261001,0,454,0,0.01,163.34700000,162.44000000,135.05600,0.00
1678470099,-908.00,20261001,1,454,1,0.01,162.43900000,162.44000000,135.05600,-908.00
1678793400,0.00,20261001,0,456,0,0.01,162.84500000,162.24200000,134.20600,0.00
1678816800,661.00,20261001,1,456,1,0.01,163.50600000,162.24200000,134.20600,661.00
1678871700,0.00,20261001,0,458,0,0.01,163.76400000,163.25700000,133.36000,0.00
1678883249,-507.00,20261001,1,458,1,0.01,163.25700000,163.25700000,133.36000,-507.00
1679304600,0.00,20261001,0,460,1,0.01,160.12500000,161.22300000,131.31300,0.00
1679330825,-1099.00,20261001,1,460,0,0.01,161.22400000,161.22300000,131.31300,-1099.00
1679397300,0.00,20261001,0,462,0,0.06,161.77000000,161.09100000,132.47800,0.00
1679419598,-4074.00,20261001,1,462,1,0.06,161.09100000,161.09100000,132.47800,-4074.00
1679656500,0.00,20261001,0,464,1,0.01,159.31100000,160.40000000,130.71200,0.00
1679680800,-183.00,20261001,1,464,0,0.01,159.49400000,160.40000000,130.71200,-183.00
1679908500,0.00,20261001,0,466,0,0.01,160.32800000,159.77800000,131.54100,0.00
1679936977,1321.00,20261001,1,466,1,0.01,161.64900000,159.77800000,131.54100,1321.00
1680000300,0.00,20261001,0,468,0,0.06,161.71800000,161.08400000,130.84400,0.00
1680005503,-3804.00,20261001,1,468,1,0.06,161.08400000,161.08400000,130.84400,-3804.00
1680081300,0.00,20261001,0,470,0,0.01,162.60100000,161.79100000,132.84500,0.00
1680112800,500.00,20261001,1,470,1,0.01,163.10100000,161.79100000,132.84500,500.00
1680516900,0.00,20261001,0,472,0,0.06,164.44700000,163.81500000,132.39200,0.00
1680544800,-2478.00,20261001,1,472,1,0.06,164.03400000,163.81500000,132.39200,-2478.00
1680604200,0.00,20261001,0,474,0,0.01,165.13100000,164.47400000,131.68800,0.00
1680631200,-155.00,20261001,1,474,1,0.01,164.97600000,164.47400000,131.68800,-155.00
1680693300,0.00,20261001,0,476,1,0.01,163.94900000,164.39100000,131.30200,0.00
1680696399,-442.00,20261001,1,476,0,0.01,164.39100000,164.39100000,131.30200,-442.00
1680773400,0.00,20261001,0,478,0,0.06,163.59400000,163.15400000,131.75800,0.00
1680804000,1158.00,20261001,1,478,1,0.06,163.78700000,163.15400000,131.75800,1158.00
1681812900,0.00,20261001,0,480,0,0.01,166.90200000,166.38600000,134.09500,0.00
1681840800,-409.00,20261001,1,480,1,0.01,166.49300000,166.38600000,134.09500,-409.00
1681895700,0.00,20261001,0,482,0,0.01,167.26200000,166.65900000,134.69300,0.00
1681927200,312.00,20261001,1,482,1,0.01,167.57400000,166.65900000,134.69300,312.00
1682068500,0.00,20261001,0,484,1,0.01,166.29900000,166.75800000,134.11900,0.00
1682100000,-335.00,20261001,1,484,0,0.01,166.63400000,166.75800000,134.11900,-335.00
1682418600,0.00,20261001,0,486,1,0.01,167.13900000,167.69700000,133.72000,0.00
1682445600,1142.00,20261001,1,486,0,0.01,165.99700000,167.69700000,133.72000,1142.00
1682502300,0.00,20261001,0,488,0,0.01,166.30900000,165.86600000,133.65500,0.00
1682532000,-65.00,20261001,1,488,1,0.01,166.24400000,165.86600000,133.65500,-65.00
1683026100,0.00,20261001,0,490,1,0.06,171.51100000,171.99400000,136.53400,0.00
1683048160,6954.00,20261001,1,490,0,0.06,170.35200000,171.99400000,136.53400,6954.00
1683193500,0.00,20261001,0,492,1,0.01,168.78200000,169.22100000,134.23600,0.00
1683195750,-439.00,20261001,1,492,0,0.01,169.22100000,169.22100000,134.23600,-439.00
1683629100,0.00,20261001,0,494,1,0.01,169.90000000,170.40400000,135.13900,0.00
1683633874,-506.00,20261001,1,494,0,0.01,170.40600000,170.40400000,135.13900,-506.00
1683711000,0.00,20261001,0,496,0,0.01,170.93600000,170.57400000,134.28900,0.00
1683716475,-363.00,20261001,1,496,1,0.01,170.57300000,170.57400000,134.28900,-363.00
1683883800,0.00,20261001,0,498,0,0.01,168.68000000,168.30100000,135.71200,0.00
1683914400,55.00,20261001,1,498,1,0.01,168.73500000,168.30100000,135.71200,55.00
1684151100,0.00,20261001,0,500,0,0.01,169.93100000,169.19500000,136.10200,0.00
1684173600,369.00,20261001,1,500,1,0.01,170.30000000,169.19500000,136.10200,369.00
1684401300,0.00,20261001,0,502,1,0.01,171.38700000,171.71900000,138.69100,0.00
1684424371,-332.00,20261001,1,502,0,0.01,171.71900000,171.71900000,138.69100,-332.00
1684491300,0.00,20261001,0,504,1,0.01,171.39700000,171.86900000,137.95400,0.00
1684502726,-473.00,20261001,1,504,0,0.01,171.87000000,171.86900000,137.95400,-473.00
1684836900,0.00,20261001,0,506,1,0.01,171.90700000,172.38500000,138.57100,0.00
1684864800,-167.00,20261001,1,506,0,0.01,172.07400000,172.38500000,138.57100,-167.00
1685008800,0.00,20261001,0,508,0,0.06,172.48800000,171.98500000,140.04100,0.00
1685010974,-3018.00,20261001,1,508,1,0.06,171.98500000,171.98500000,140.04100,-3018.00
1685439000,0.00,20261001,0,510,0,0.01,173.79000000,173.29900000,139.77300,0.00
1685439218,-491.00,20261001,1,510,1,0.01,173.29900000,173.29900000,139.77300,-491.00
1685441700,0.00,20261001,0,512,1,0.01,172.99200000,173.40600000,139.77300,0.00
1685443829,-415.00,20261001,1,512,0,0.01,173.40700000,173.40600000,139.77300,-415.00
1685531700,0.00,20261001,0,514,1,0.01,172.55600000,173.23300000,139.32900,0.00
1685550688,-677.00,20261001,1,514,0,0.01,173.23300000,173.23300000,139.32900,-677.00
1685610900,0.00,20261001,0,516,0,0.01,173.67000000,173.21900000,138.78200,0.00
1685642400,268.00,20261001,1,516,1,0.01,173.93800000,173.21900000,138.78200,268.00
1686047400,0.00,20261001,0,518,1,0.01,173.05300000,173.53700000,139.62200,0.00
1686071250,-484.00,20261001,1,518,0,0.01,173.53700000,173.53700000,139.62200,-484.00
1686132000,0.00,20261001,0,520,1,0.01,172.74300000,173.23400000,140.06600,0.00
1686136755,-491.00,20261001,1,520,0,0.01,173.23400000,173.23400000,140.06600,-491.00
1686303900,0.00,20261001,0,522,0,0.01,175.19800000,174.51900000,139.36200,0.00
1686333600,140.00,20261001,1,522,1,0.01,175.33800000,174.51900000,139.36200,140.00
1686564900,0.00,20261001,0,524,0,0.01,175.55100000,175.17000000,139.58800,0.00
1686576044,-381.00,20261001,1,524,1,0.01,175.17000000,175.17000000,139.58800,-381.00
1686647700,0.00,20261001,0,526,0,0.01,175.23400000,174.65000000,140.20200,0.00
1686679200,992.00,20261001,1,526,1,0.01,176.22600000,174.65000000,140.20200,992.00
1686906900,0.00,20261001,0,528,0,0.01,180.02200000,179.29600000,141.87200,0.00
1686938400,1250.00,20261001,1,528,1,0.01,181.27200000,179.29600000,141.87200,1250.00
1687261500,0.00,20261001,0,530,1,0.01,181.07200000,181.71200000,141.43800,0.00
1687284000,1089.00,20261001,1,530,0,0.01,179.98300000,181.71200000,141.43800,1089.00
1687338900,0.00,20261001,0,532,0,0.01,181.30700000,180.60000000,141.85500,0.00
1687347567,-709.00,20261001,1,532,1,0.01,180.59800000,180.60000000,141.85500,-709.00
1687517100,0.00,20261001,0,534,1,0.01,181.44800000,182.16200000,143.70700,0.00
1687524866,-714.00,20261001,1,534,0,0.01,182.16200000,182.16200000,143.70700,-714.00
1687858200,0.00,20261001,0,536,0,0.01,182.97400000,182.48600000,144.05900,0.00
1687888800,602.00,20261001,1,536,1,0.01,183.57600000,182.48600000,144.05900,602.00
1688638500,0.00,20261001,0,538,1,0.01,182.56000000,183.27600000,144.05500,0.00
1688646927,-716.00,20261001,1,538,0,0.01,183.27600000,183.27600000,144.05500,-716.00
1688722200,0.00,20261001,0,540,1,0.01,182.81200000,183.29400000,142.08900,0.00
1688752800,405.00,20261001,1,540,0,0.01,182.40700000,183.29400000,142.08900,405.00
1688985000,0.00,20261001,0,542,1,0.06,182.19200000,182.83700000,141.29400,0.00
1689012000,3588.00,20261001,1,542,0,0.06,181.59400000,182.83700000,141.29400,3588.00
1689073200,0.00,20261001,0,544,1,0.01,180.91100000,181.59600000,140.35000,0.00
1689093464,-685.00,20261001,1,544,0,0.01,181.59600000,181.59600000,140.35000,-685.00
1689154200,0.00,20261001,0,546,1,0.01,180.64300000,181.17900000,138.48300,0.00
1689184800,721.00,20261001,1,546,0,0.01,179.92200000,181.17900000,138.48300,721.00
1689246900,0.00,20261001,0,548,0,0.01,180.50100000,179.82800000,138.03200,0.00
1689271200,719.00,20261001,1,548,1,0.01,181.22000000,179.82800000,138.03200,719.00
1689329700,0.00,20261001,0,550,0,0.06,181.40800000,180.64900000,138.78400,0.00
1689357600,1632.00,20261001,1,550,1,0.06,181.68000000,180.64900000,138.78400,1632.00
1689587100,0.00,20261001,0,552,1,0.01,181.03500000,181.55000000,138.70000,0.00
1689591023,-516.00,20261001,1,552,0,0.01,181.55100000,181.55000000,138.70000,-516.00
1689671700,0.00,20261001,0,554,1,0.01,181.12600000,181.45000000,138.81900,0.00
1689688767,-324.00,20261001,1,554,0,0.01,181.45000000,181.45000000,138.81900,-324.00
1689758100,0.00,20261001,0,556,1,0.06,180.44500000,181.33000000,139.53300,0.00
1689789600,3126.00,20261001,1,556,0,0.06,179.92400000,181.33000000,139.53300,3126.00
1689848100,0.00,20261001,0,558,1,0.01,180.05000000,180.47600000,140.06200,0.00
1689876000,-300.00,20261001,1,558,0,0.01,180.35000000,180.47600000,140.06200,-300.00
1689930900,0.00,20261001,0,560,0,0.01,180.89600000,180.22000000,141.82200,0.00
1689940541,1621.00,20261001,1,560,1,0.01,182.51700000,180.22000000,141.82200,1621.00
1690195500,0.00,20261001,0,562,1,0.06,181.65100000,182.10100000,141.46500,0.00
1690221600,4338.00,20261001,1,562,0,0.06,180.92800000,182.10100000,141.46500,4338.00
1690458300,0.00,20261001,0,564,0,0.01,181.80500000,181.19100000,139.37800,0.00
1690474161,-614.00,20261001,1,564,1,0.01,181.19100000,181.19100000,139.37800,-614.00
1690797600,0.00,20261001,0,566,0,0.01,182.63400000,181.49400000,142.25800,0.00
1690826400,86.00,20261001,1,566,1,0.01,182.72000000,181.49400000,142.25800,86.00
1690967700,0.00,20261001,0,568,1,0.01,182.29900000,182.80900000,143.31500,0.00
1690999200,432.00,20261001,1,568,0,0.01,181.86700000,182.80900000,143.31500,432.00
1691057700,0.00,20261001,0,570,1,0.06,182.05200000,182.48000000,142.51300,0.00
1691063802,6168.00,20261001,1,570,0,0.06,181.02400000,182.48000000,142.51300,6168.00
1691658900,0.00,20261001,0,572,0,0.01,183.38600000,182.87900000,144.71500,0.00
1691690400,490.00,20261001,1,572,1,0.01,183.87600000,182.87900000,144.71500,490.00
1692350100,0.00,20261001,0,574,1,0.01,184.99400000,185.59800000,145.36100,0.00
1692381600,217.00,20261001,1,574,0,0.01,184.77700000,185.59800000,145.36100,217.00
1692785700,0.00,20261001,0,576,0,0.01,185.87400000,185.56300000,144.82000,0.00
1692786659,-323.00,20261001,1,576,1,0.01,185.55100000,185.56300000,144.82000,-323.00
1692787500,0.00,20261001,0,578,1,0.06,185.07100000,185.64700000,144.82000,0.00
1692798601,8292.00,20261001,1,578,0,0.06,183.68900000,185.64700000,144.82000,8292.00
1693386900,0.00,20261001,0,580,0,0.01,184.71100000,184.35600000,146.21300,0.00
1693414839,852.00,20261001,1,580,1,0.01,185.56300000,184.35600000,146.21300,852.00
1693476900,0.00,20261001,0,582,1,0.01,185.34000000,185.77100000,145.51800,0.00
1693504800,817.00,20261001,1,582,0,0.01,184.52300000,185.77100000,145.51800,817.00
1693821600,0.00,20261001,0,584,0,0.01,184.43600000,184.03900000,146.46100,0.00
1693850400,344.00,20261001,1,584,1,0.01,184.78000000,184.03900000,146.46100,344.00
1693911600,0.00,20261001,0,586,1,0.06,184.56100000,185.04900000,147.70200,0.00
1693926928,-2928.00,20261001,1,586,0,0.06,185.04900000,185.04900000,147.70200,-2928.00
1693993500,0.00,20261001,0,588,1,0.01,184.96800000,185.36400000,147.64000,0.00
1693995999,-397.00,20261001,1,588,0,0.01,185.36500000,185.36400000,147.64000,-397.00
1694080800,0.00,20261001,0,590,1,0.01,184.15600000,184.58500000,147.27800,0.00
1694109600,625.00,20261001,1,590,0,0.01,183.53100000,184.58500000,147.27800,625.00
1694170800,0.00,20261001,0,592,0,0.01,184.15300000,183.48000000,147.78500,0.00
1694196000,174.00,20261001,1,592,1,0.01,184.32700000,183.48000000,147.78500,174.00
1694423700,0.00,20261001,0,594,1,0.01,182.73900000,183.41900000,146.56300,0.00
1694434777,-680.00,20261001,1,594,0,0.01,183.41900000,183.41900000,146.56300,-680.00
1694510100,0.00,20261001,0,596,0,0.01,183.85000000,183.44300000,147.07500,0.00
1694513620,-408.00,20261001,1,596,1,0.01,183.44200000,183.44300000,147.07500,-408.00
1694517300,0.00,20261001,0,598,1,0.06,183.04400000,183.55900000,147.07500,0.00
1694534021,-3096.00,20261001,1,598,0,0.06,183.56000000,183.55900000,147.07500,-3096.00
1694597400,0.00,20261001,0,600,1,0.06,183.36900000,183.94400000,147.45000,0.00
1694616757,-3456.00,20261001,1,600,0,0.06,183.94500000,183.94400000,147.45000,-3456.00
1694772900,0.00,20261001,0,602,0,0.01,183.60800000,183.05800000,147.81900,0.00
1694800800,-342.00,20261001,1,602,1,0.01,183.26600000,183.05800000,147.81900,-342.00
1695296700,0.00,20261001,0,604,1,0.01,182.34500000,182.79000000,147.56400,0.00
1695304828,1068.00,20261001,1,604,0,0.01,181.27700000,182.79000000,147.56400,1068.00
1695375900,0.00,20261001,0,606,0,0.01,182.19900000,181.54100000,148.35400,0.00
1695382205,-658.00,20261001,1,606,1,0.01,181.54100000,181.54100000,148.35400,-658.00
1695899700,0.00,20261001,0,608,0,0.06,181.73300000,181.27800000,149.29300,0.00
1695924000,2898.00,20261001,1,608,1,0.06,182.21600000,181.27800000,149.29300,2898.00
1696239900,0.00,20261001,0,610,0,0.01,182.67200000,182.30200000,149.84400,0.00
1696248545,-370.00,20261001,1,610,1,0.01,182.30200000,182.30200000,149.84400,-370.00
1696329000,0.00,20261001,0,612,1,0.01,180.61200000,181.03300000,148.97600,0.00
1696330585,-422.00,20261001,1,612,0,0.01,181.03400000,181.03300000,148.97600,-422.00
1696419900,0.00,20261001,0,614,0,0.01,180.37700000,179.93800000,149.11000,0.00
1696442400,93.00,20261001,1,614,1,0.01,180.47000000,179.93800000,149.11000,93.00
1696583700,0.00,20261001,0,616,0,0.01,181.25800000,180.94600000,149.27500,0.00
1696598080,749.00,20261001,1,616,1,0.01,182.00700000,180.94600000,149.27500,749.00
1696845600,0.00,20261001,0,618,1,0.06,181.70300000,182.11200000,148.47900,0.00
1696874400,1920.00,20261001,1,618,0,0.06,181.38300000,182.11200000,148.47900,1920.00
1696933800,0.00,20261001,0,620,0,0.01,182.13500000,181.74000000,148.69900,0.00
1696960800,308.00,20261001,1,620,1,0.01,182.44300000,181.74000000,148.69900,308.00
1697017500,0.00,20261001,0,622,0,0.01,183.10800000,182.61900000,149.14700,0.00
1697021549,-490.00,20261001,1,622,1,0.01,182.61800000,182.61900000,149.14700,-490.00
1697193000,0.00,20261001,0,624,0,0.01,182.84600000,182.49000000,149.57100,0.00
1697201300,-357.00,20261001,1,624,1,0.01,182.48900000,182.49000000,149.57100,-357.00
1697447700,0.00,20261001,0,626,0,0.01,181.86900000,181.36400000,149.49400,0.00
1697479200,522.00,20261001,1,626,1,0.01,182.39100000,181.36400000,149.49400,522.00
1697706900,0.00,20261001,0,628,1,0.01,181.45500000,181.80400000,149.76200,0.00
1697709638,-349.00,20261001,1,628,0,0.01,181.80400000,181.80400000,149.76200,-349.00
1698139800,0.00,20261001,0,630,0,0.01,183.71700000,183.31100000,149.90200,0.00
1698143431,-406.00,20261001,1,630,1,0.01,183.31100000,183.31100000,149.90200,-406.00
1698147000,0.00,20261001,0,632,1,0.06,183.01200000,183.43800000,149.90200,0.00
1698170400,2946.00,20261001,1,632,0,0.06,182.52100000,183.43800000,149.90200,2946.00
1698745500,0.00,20261001,0,634,0,0.01,182.53500000,181.68400000,151.53300,0.00
1698775200,1054.00,20261001,1,634,1,0.01,183.58900000,181.68400000,151.53300,1054.00
1698922800,0.00,20261001,0,636,1,0.01,183.00300000,183.34800000,150.38300,0.00
1698931804,-346.00,20261001,1,636,0,0.01,183.34900000,183.34800000,150.38300,-346.00
1699263000,0.00,20261001,0,638,0,0.01,185.30500000,184.83600000,150.06200,0.00
1699293600,205.00,20261001,1,638,1,0.01,185.51000000,184.83600000,150.06200,205.00
1699871400,0.00,20261001,0,640,0,0.01,185.85900000,185.25100000,151.70700,0.00
1699898400,-5.00,20261001,1,640,1,0.01,185.85400000,185.25100000,151.70700,-5.00
1699953300,0.00,20261001,0,642,0,0.01,186.34800000,186.08100000,150.36500,0.00
1699975903,641.00,20261001,1,642,1,0.01,186.98900000,186.08100000,150.36500,641.00
1700046000,0.00,20261001,0,644,1,0.06,187.57100000,188.01000000,151.30500,0.00
1700071200,-1188.00,20261001,1,644,0,0.06,187.76900000,188.01000000,151.30500,-1188.00
1700212500,0.00,20261001,0,646,1,0.01,186.57500000,186.93500000,149.62200,0.00
1700218297,867.00,20261001,1,646,0,0.01,185.70800000,186.93500000,149.62200,867.00
1700477100,0.00,20261001,0,648,1,0.06,185.67700000,186.37000000,148.34500,0.00
1700503200,1902.00,20261001,1,648,0,0.06,185.36000000,186.37000000,148.34500,1902.00
1700645400,0.00,20261001,0,650,0,0.01,186.54300000,185.99200000,149.52000,0.00
1700676000,-55.00,20261001,1,650,1,0.01,186.48800000,185.99200000,149.52000,-55.00
1700739900,0.00,20261001,0,652,0,0.06,187.38700000,186.49800000,149.54700,0.00
1700762400,378.00,20261001,1,652,1,0.06,187.45000000,186.49800000,149.54700,378.00
1700822700,0.00,20261001,0,654,0,0.06,187.70500000,187.31900000,149.39900,0.00
1700848800,5124.00,20261001,1,654,1,0.06,188.55900000,187.31900000,149.39900,5124.00
1701252900,0.00,20261001,0,656,0,0.06,187.33900000,186.87500000,147.22800,0.00
1701255642,-2808.00,20261001,1,656,1,0.06,186.87100000,186.87500000,147.22800,-2808.00
1701341100,0.00,20261001,0,658,1,0.01,186.30900000,186.71600000,148.17800,0.00
1701349781,-408.00,20261001,1,658,0,0.01,186.71700000,186.71600000,148.17800,-408.00
1701425700,0.00,20261001,0,660,0,0.01,187.41900000,186.95200000,146.81100,0.00
1701448835,-473.00,20261001,1,660,1,0.01,186.94600000,186.95200000,146.81100,-473.00
1701767700,0.00,20261001,0,662,1,0.01,185.35800000,185.86600000,147.13800,0.00
1701775835,-508.00,20261001,1,662,0,0.01,185.86600000,185.86600000,147.13800,-508.00
1702287900,0.00,20261001,0,664,0,0.01,183.32300000,182.03400000,146.13400,0.00
1702317600,432.00,20261001,1,664,1,0.01,183.75500000,182.03400000,146.13400,432.00
1702372500,0.00,20261001,0,666,1,0.01,182.75400000,183.24200000,145.43200,0.00
1702404000,-191.00,20261001,1,666,0,0.01,182.94500000,183.24200000,145.43200,-191.00
1702637100,0.00,20261001,0,668,1,0.06,180.68600000,181.33900000,142.15400,0.00
1702663200,4074.00,20261001,1,668,0,0.06,180.00700000,181.33900000,142.15400,4074.00
1702892700,0.00,20261001,0,670,0,0.01,180.73100000,180.16300000,142.71800,0.00
1702922400,223.00,20261001,1,670,1,0.01,180.95400000,180.16300000,142.71800,223.00
1702977300,0.00,20261001,0,672,0,0.01,182.32300000,180.80400000,143.81200,0.00
1703008800,859.00,20261001,1,672,1,0.01,183.18200000,180.80400000,143.81200,859.00
1703063700,0.00,20261001,0,674,1,0.01,181.78000000,182.96700000,143.54400,0.00
1703095200,-241.00,20261001,1,674,0,0.01,182.02100000,182.96700000,143.54400,-241.00
1703668500,0.00,20261001,0,676,0,0.01,181.76300000,181.22500000,141.81300,0.00
1703671479,-538.00,20261001,1,676,1,0.01,181.22500000,181.22500000,141.81300,-538.00
1703754900,0.00,20261001,0,678,1,0.01,180.50800000,181.17400000,141.33400,0.00
1703786400,589.00,20261001,1,678,0,0.01,179.91900000,181.17400000,141.33400,589.00
1704190500,0.00,20261001,0,680,0,0.01,180.33000000,179.53300000,141.97600,0.00
1704201269,-801.00,20261001,1,680,1,0.01,179.52900000,179.53300000,141.97600,-801.00
1704273300,0.00,20261001,0,682,0,0.01,179.77900000,179.22700000,143.27300,0.00
1704302429,1324.00,20261001,1,682,1,0.01,181.10300000,179.22700000,143.27300,1324.00
1704366000,0.00,20261001,0,684,0,0.01,182.38500000,181.50700000,144.61200,0.00
1704391200,1322.00,20261001,1,684,1,0.01,183.70700000,181.50700000,144.61200,1322.00
1704713400,0.00,20261001,0,686,1,0.01,183.25600000,183.84000000,144.21200,0.00
1704722953,-584.00,20261001,1,686,0,0.01,183.84000000,183.84000000,144.21200,-584.00
1704878100,0.00,20261001,0,688,0,0.01,184.14900000,183.67200000,145.73900,0.00
1704908318,1146.00,20261001,1,688,1,0.01,185.29500000,183.67200000,145.73900,1146.00
1705310100,0.00,20261001,0,690,0,0.01,185.42900000,184.87200000,145.66900,0.00
1705341600,167.00,20261001,1,690,1,0.01,185.59600000,184.87200000,145.66900,167.00
1705482900,0.00,20261001,0,692,0,0.01,186.83300000,186.00500000,148.14200,0.00
1705514400,1057.00,20261001,1,692,1,0.01,187.89000000,186.00500000,148.14200,1057.00
1705661100,0.00,20261001,0,694,1,0.06,187.84300000,188.51200000,148.13800,0.00
1705687200,288.00,20261001,1,694,0,0.06,187.79500000,188.51200000,148.13800,288.00
1706092200,0.00,20261001,0,696,1,0.01,187.61800000,188.01700000,147.49200,0.00
1706095862,-399.00,20261001,1,696,0,0.01,188.01700000,188.01700000,147.49200,-399.00
1706096700,0.00,20261001,0,698,0,0.06,188.35500000,187.88600000,147.49200,0.00
1706104899,-2826.00,20261001,1,698,1,0.06,187.88400000,187.88600000,147.49200,-2826.00
1706176800,0.00,20261001,0,700,0,0.01,188.01800000,187.65600000,147.64400,0.00
1706197122,-362.00,20261001,1,700,1,0.01,187.65600000,187.65600000,147.64400,-362.00
1706263200,0.00,20261001,0,702,1,0.01,187.40700000,187.67300000,148.11800,0.00
1706265866,-266.00,20261001,1,702,0,0.01,187.67300000,187.67300000,148.11800,-266.00
1706267700,0.00,20261001,0,704,0,0.06,188.08400000,187.58900000,148.11800,0.00
1706292000,1842.00,20261001,1,704,1,0.06,188.39100000,187.58900000,148.11800,1842.00
1706606100,0.00,20261001,0,706,1,0.01,186.80900000,187.32700000,147.58700,0.00
1706637600,-450.00,20261001,1,706,0,0.01,187.25900000,187.32700000,147.58700,-450.00
1706778900,0.00,20261001,0,708,1,0.01,185.86000000,186.25600000,146.40900,0.00
1706796936,-396.00,20261001,1,708,0,0.01,186.25600000,186.25600000,146.40900,-396.00
1706866200,0.00,20261001,0,710,0,0.01,186.83700000,186.47900000,148.37500,0.00
1706896111,868.00,20261001,1,710,1,0.01,187.70500000,186.47900000,148.37500,868.00
1707297300,0.00,20261001,0,712,0,0.01,186.63300000,186.34400000,148.17000,0.00
1707328800,237.00,20261001,1,712,1,0.01,186.87000000,186.34400000,148.17000,237.00
1707387300,0.00,20261001,0,714,0,0.01,187.99300000,187.28300000,149.30600,0.00
1707415200,360.00,20261001,1,714,1,0.01,188.35300000,187.28300000,149.30600,360.00
1707472800,0.00,20261001,0,716,0,0.01,188.73400000,188.34300000,149.25500,0.00
1707477860,-391.00,20261001,1,716,1,0.01,188.34300000,188.34300000,149.25500,-391.00
1707902100,0.00,20261001,0,718,1,0.01,189.06100000,189.72000000,150.52600,0.00
1707933600,42.00,20261001,1,718,0,0.01,189.01900000,189.72000000,150.52600,42.00
1707988500,0.00,20261001,0,720,1,0.01,188.58800000,188.97300000,149.89600,0.00
1708020000,-244.00,20261001,1,720,0,0.01,188.83200000,188.97300000,149.89600,-244.00
1708420500,0.00,20261001,0,722,0,0.01,189.37200000,189.08900000,149.99200,0.00
1708437659,-286.00,20261001,1,722,1,0.01,189.08600000,189.08900000,149.99200,-286.00
1708509600,0.00,20261001,0,724,0,0.01,189.64700000,189.31900000,150.28300,0.00
1708513224,-328.00,20261001,1,724,1,0.01,189.31900000,189.31900000,150.28300,-328.00
1708596000,0.00,20261001,0,726,0,0.01,190.28600000,189.99300000,150.51400,0.00
1708618721,-295.00,20261001,1,726,1,0.01,189.99100000,189.99300000,150.51400,-295.00
1708683300,0.00,20261001,0,728,0,0.01,190.81400000,190.53700000,150.46000,0.00
1708711200,11.00,20261001,1,728,1,0.01,190.82500000,190.53700000,150.46000,11.00
1708945200,0.00,20261001,0,730,0,0.06,190.80700000,190.51800000,150.68600,0.00
1708970400,2328.00,20261001,1,730,1,0.06,191.19500000,190.51800000,150.68600,2328.00
1709029800,0.00,20261001,0,732,1,0.01,190.66700000,190.97800000,150.49500,0.00
1709056800,-128.00,20261001,1,732,0,0.01,190.79500000,190.97800000,150.49500,-128.00
1709116200,0.00,20261001,0,734,1,0.01,190.53200000,190.78400000,150.67900,0.00
1709138859,-255.00,20261001,1,734,0,0.01,190.78700000,190.78400000,150.67900,-255.00
1709286300,0.00,20261001,0,736,0,0.01,190.04200000,189.46600000,150.06700,0.00
1709316000,-105.00,20261001,1,736,1,0.01,189.93700000,189.46600000,150.06700,-105.00
1709543700,0.00,20261001,0,738,0,0.01,190.47700000,189.98800000,150.51300,0.00
1709575200,605.00,20261001,1,738,1,0.01,191.08200000,189.98800000,150.51300,605.00
1709631900,0.00,20261001,0,740,1,0.01,190.66500000,190.91900000,150.03100,0.00
1709661063,-254.00,20261001,1,740,0,0.01,190.91900000,190.91900000,150.03100,-254.00
1709716500,0.00,20261001,0,742,1,0.01,189.99500000,190.51600000,149.34500,0.00
1709721493,-521.00,20261001,1,742,0,0.01,190.51600000,190.51600000,149.34500,-521.00
1709897400,0.00,20261001,0,744,1,0.01,189.02400000,189.47500000,147.03200,0.00
1709918712,-451.00,20261001,1,744,0,0.01,189.47500000,189.47500000,147.03200,-451.00
1710157500,0.00,20261001,0,746,1,0.01,188.43100000,188.88200000,146.92900,0.00
1710180000,45.00,20261001,1,746,0,0.01,188.38600000,188.88200000,146.92900,45.00
1710323100,0.00,20261001,0,748,0,0.06,188.98100000,188.61300000,147.74700,0.00
1710326189,-2208.00,20261001,1,748,1,0.06,188.61300000,188.61300000,147.74700,-2208.00
1710411300,0.00,20261001,0,750,0,0.01,189.29400000,188.96000000,148.30600,0.00
1710430231,-335.00,20261001,1,750,1,0.01,188.95900000,188.96000000,148.30600,-335.00
1710496800,0.00,20261001,0,752,1,0.01,188.82000000,189.10000000,148.98100,0.00
1710498161,-280.00,20261001,1,752,0,0.01,189.10000000,189.10000000,148.98100,-280.00
1710501300,0.00,20261001,0,754,0,0.06,189.34600000,189.01500000,148.98100,0.00
1710525600,2958.00,20261001,1,754,1,0.06,189.83900000,189.01500000,148.98100,2958.00
1710926100,0.00,20261001,0,756,0,0.01,192.79100000,192.18000000,151.24100,0.00
1710957600,-98.00,20261001,1,756,1,0.01,192.69300000,192.18000000,151.24100,-98.00
1711099800,0.00,20261001,0,758,1,0.01,191.33000000,191.90700000,151.35100,0.00
1711130400,735.00,20261001,1,758,0,0.01,190.59500000,191.90700000,151.35100,735.00
1711366200,0.00,20261001,0,760,0,0.01,190.86200000,190.54200000,151.39900,0.00
1711389600,556.00,20261001,1,760,1,0.01,191.41800000,190.54200000,151.39900,556.00
1712052900,0.00,20261001,0,762,0,0.06,190.48800000,190.20800000,151.54300,0.00
1712080800,-72.00,20261001,1,762,1,0.06,190.47600000,190.20800000,151.54300,-72.00
1712317500,0.00,20261001,0,764,0,0.06,191.37000000,190.92400000,151.59700,0.00
1712331041,-2682.00,20261001,1,764,1,0.06,190.92300000,190.92400000,151.59700,-2682.00
1712574900,0.00,20261001,0,766,0,0.01,191.83600000,191.49400000,151.78100,0.00
1712599200,153.00,20261001,1,766,1,0.01,191.98900000,191.49400000,151.78100,153.00
1712654100,0.00,20261001,0,768,0,0.01,192.30900000,192.06000000,151.73500,0.00
1712685600,-99.00,20261001,1,768,1,0.01,192.21000000,192.06000000,151.73500,-99.00
1712830500,0.00,20261001,0,770,0,0.06,192.19200000,191.74200000,153.25700,0.00
1712858400,-1866.00,20261001,1,770,1,0.06,191.88100000,191.74200000,153.25700,-1866.00
1712915100,0.00,20261001,0,772,1,0.01,191.87400000,192.25600000,153.12800,0.00
1712934700,917.00,20261001,1,772,0,0.01,190.95700000,192.25600000,153.12800,917.00
1714036500,0.00,20261001,0,774,0,0.01,194.21900000,193.57900000,155.64100,0.00
1714068000,72.00,20261001,1,774,1,0.01,194.29100000,193.57900000,155.64100,72.00
1714124700,0.00,20261001,0,776,0,0.01,195.42600000,194.74000000,158.29100,0.00
1714129291,-688.00,20261001,1,776,1,0.01,194.73800000,194.74000000,158.29100,-688.00
1714990500,0.00,20261001,0,778,0,0.01,193.22000000,192.23500000,153.86300,0.00
1715018400,383.00,20261001,1,778,1,0.01,193.60300000,192.23500000,153.86300,383.00
1716462900,0.00,20261001,0,780,0,0.01,199.64100000,199.34500000,156.88600,0.00
1716465925,-296.00,20261001,1,780,1,0.01,199.34500000,199.34500000,156.88600,-296.00
1716551100,0.00,20261001,0,782,0,0.01,199.46900000,199.16200000,156.90100,0.00
1716573600,467.00,20261001,1,782,1,0.01,199.93600000,199.16200000,156.90100,467.00
1716805800,0.00,20261001,0,784,0,0.06,200.00800000,199.75100000,156.82800,0.00
1716832800,1446.00,20261001,1,784,1,0.06,200.24900000,199.75100000,156.82800,1446.00
1717155000,0.00,20261001,0,786,0,0.06,199.92100000,199.49700000,157.28100,0.00
1717178400,912.00,20261001,1,786,1,0.06,200.07300000,199.49700000,157.28100,912.00
1717412400,0.00,20261001,0,788,1,0.06,199.78400000,200.41900000,156.02400,0.00
1717437600,1716.00,20261001,1,788,0,0.06,199.49800000,200.41900000,156.02400,1716.00
1717492500,0.00,20261001,0,790,1,0.06,199.53400000,200.12900000,154.84600,0.00
1717503620,8580.00,20261001,1,790,0,0.06,198.10400000,200.12900000,154.84600,8580.00
1717666200,0.00,20261001,0,792,0,0.06,199.68900000,199.23100000,155.58400,0.00
1717691776,-2754.00,20261001,1,792,1,0.06,199.23000000,199.23100000,155.58400,-2754.00
1717751700,0.00,20261001,0,794,1,0.01,198.56000000,199.11400000,156.70400,0.00
1717770964,-554.00,20261001,1,794,0,0.01,199.11400000,199.11400000,156.70400,-554.00
1718106300,0.00,20261001,0,796,0,0.01,200.36900000,199.97000000,157.08000,0.00
1718107239,-400.00,20261001,1,796,1,0.01,199.96900000,199.97000000,157.08000,-400.00
1718183700,0.00,20261001,0,798,0,0.01,200.46600000,200.13200000,156.69800,0.00
1718211040,-336.00,20261001,1,798,1,0.01,200.13000000,200.13200000,156.69800,-336.00
1718270100,0.00,20261001,0,800,0,0.01,200.84800000,200.51900000,156.96700,0.00
1718292640,-330.00,20261001,1,800,1,0.01,200.51800000,200.51900000,156.96700,-330.00
1718615700,0.00,20261001,0,802,1,0.06,199.24300000,199.69200000,157.71300,0.00
1718620119,-2694.00,20261001,1,802,0,0.06,199.69200000,199.69200000,157.71300,-2694.00
1718704800,0.00,20261001,0,804,0,0.01,200.64200000,200.21700000,157.84200,0.00
1718724600,-425.00,20261001,1,804,1,0.01,200.21700000,200.21700000,157.84200,-425.00
1718880300,0.00,20261001,0,806,0,0.06,201.17100000,200.83200000,158.92500,0.00
1718897377,-2040.00,20261001,1,806,1,0.06,200.83100000,200.83200000,158.92500,-2040.00
1719227700,0.00,20261001,0,808,0,0.01,202.21100000,201.88600000,159.52900,0.00
1719234327,-325.00,20261001,1,808,1,0.01,201.88600000,201.88600000,159.52900,-325.00
1719825300,0.00,20261001,0,810,0,0.01,204.09800000,203.43600000,161.43100,0.00
1719856800,332.00,20261001,1,810,1,0.01,204.43000000,203.43600000,161.43100,332.00
1719999000,0.00,20261001,0,812,0,0.01,205.32000000,204.85700000,161.65100,0.00
1720029600,566.00,20261001,1,812,1,0.01,205.88600000,204.85700000,161.65100,566.00
1720433700,0.00,20261001,0,814,0,0.01,206.03900000,205.56000000,160.80000,0.00
1720461600,81.00,20261001,1,814,1,0.01,206.12000000,205.56000000,160.80000,81.00
1720610100,0.00,20261001,0,816,0,0.01,206.67800000,206.26700000,161.66700,0.00
1720634400,726.00,20261001,1,816,1,0.01,207.40400000,206.26700000,161.66700,726.00
1720689300,0.00,20261001,0,818,0,0.01,208.02800000,207.71300000,158.76100,0.00
1720711802,-318.00,20261001,1,818,1,0.01,207.71000000,207.71300000,158.76100,-318.00
1721212200,0.00,20261001,0,820,1,0.01,204.42800000,205.30800000,156.15700,0.00
1721239200,772.00,20261001,1,820,0,0.01,203.65600000,205.30800000,156.15700,772.00
1721384100,0.00,20261001,0,822,1,0.06,203.27500000,203.87200000,157.38700,0.00
1721412000,216.00,20261001,1,822,0,0.06,203.23900000,203.87200000,157.38700,216.00
1721639700,0.00,20261001,0,824,1,0.01,202.34900000,203.27400000,157.00100,0.00
1721671200,-227.00,20261001,1,824,0,0.01,202.57600000,203.27400000,157.00100,-227.00
1721731500,0.00,20261001,0,826,1,0.01,201.88000000,202.67600000,155.54100,0.00
1721757600,539.00,20261001,1,826,0,0.01,201.34100000,202.67600000,155.54100,539.00
1721993400,0.00,20261001,0,828,0,0.06,198.45300000,197.57500000,153.72100,0.00
1722014304,-5280.00,20261001,1,828,1,0.06,197.57300000,197.57500000,153.72100,-5280.00
1722248100,0.00,20261001,0,830,1,0.01,197.16100000,198.04100000,154.00700,0.00
1722270938,-880.00,20261001,1,830,0,0.01,198.04100000,198.04100000,154.00700,-880.00
1722331800,0.00,20261001,0,832,0,0.01,199.08400000,198.03100000,152.66700,0.00
1722362400,-781.00,20261001,1,832,1,0.01,198.30300000,198.03100000,152.66700,-781.00
1722592800,0.00,20261001,0,834,1,0.01,189.42400000,190.10900000,146.44800,0.00
1722612880,1646.00,20261001,1,834,0,0.01,187.77800000,190.10900000,146.44800,1646.00
1723455000,0.00,20261001,0,836,0,0.01,188.13600000,187.27400000,147.18000,0.00
1723485600,901.00,20261001,1,836,1,0.01,189.03700000,187.27400000,147.18000,901.00
1723540500,0.00,20261001,0,838,0,0.01,188.99500000,188.11100000,146.82100,0.00
1723565642,-886.00,20261001,1,838,1,0.01,188.10900000,188.11100000,146.82100,-886.00
1724058900,0.00,20261001,0,840,1,0.01,188.49100000,190.37200000,146.54200,0.00
1724090400,-1592.00,20261001,1,840,0,0.01,190.08300000,190.37200000,146.54200,-1592.00
1724231700,0.00,20261001,0,842,0,0.01,189.99900000,189.32300000,145.11700,0.00
1724263200,211.00,20261001,1,842,1,0.01,190.21000000,189.32300000,145.11700,211.00
1724753700,0.00,20261001,0,844,0,0.01,191.42000000,190.61300000,143.91900,0.00
1724781600,-511.00,20261001,1,844,1,0.01,190.90900000,190.61300000,143.91900,-511.00
1724928300,0.00,20261001,0,846,0,0.01,191.39900000,190.68900000,144.97200,0.00
1724930488,-710.00,20261001,1,846,1,0.01,190.68900000,190.68900000,144.97200,-710.00
1725275700,0.00,20261001,0,848,0,0.01,192.64100000,191.79400000,146.87400,0.00
1725300000,636.00,20261001,1,848,1,0.01,193.27700000,191.79400000,146.87400,636.00
1725355800,0.00,20261001,0,850,1,0.01,191.69400000,192.72000000,145.46000,0.00
1725386400,1078.00,20261001,1,850,0,0.01,190.61600000,192.72000000,145.46000,1078.00
1725444000,0.00,20261001,0,852,1,0.01,189.91000000,190.48400000,143.71900,0.00
1725448902,-574.00,20261001,1,852,0,0.01,190.48400000,190.48400000,143.71900,-574.00
1725528600,0.00,20261001,0,854,1,0.01,188.19200000,188.84600000,143.42000,0.00
1725532363,-661.00,20261001,1,854,0,0.01,188.85300000,188.84600000,143.42000,-661.00
1725617700,0.00,20261001,0,856,1,0.01,187.40800000,188.46800000,142.24900,0.00
1725632861,-1060.00,20261001,1,856,0,0.01,188.46800000,188.46800000,142.24900,-1060.00
1725961500,0.00,20261001,0,858,0,0.06,187.76300000,187.08600000,142.42700,0.00
1725981989,-4062.00,20261001,1,858,1,0.06,187.08600000,187.08600000,142.42700,-4062.00
1726137000,0.00,20261001,0,860,0,0.01,186.58300000,185.85900000,141.79900,0.00
1726139022,-734.00,20261001,1,860,1,0.01,185.84900000,185.85900000,141.79900,-734.00
1726226100,0.00,20261001,0,862,1,0.01,184.72400000,185.69600000,140.78000,0.00
1726250400,-282.00,20261001,1,862,0,0.01,185.00600000,185.69600000,140.78000,-282.00
1726481700,0.00,20261001,0,864,1,0.01,184.08400000,184.68300000,140.60000,0.00
1726489890,-599.00,20261001,1,864,0,0.01,184.68300000,184.68300000,140.60000,-599.00
1726826400,0.00,20261001,0,866,0,0.06,190.53600000,189.13200000,143.76200,0.00
1726855200,7578.00,20261001,1,866,1,0.06,191.79900000,189.13200000,143.76200,7578.00
1727086500,0.00,20261001,0,868,1,0.06,191.09800000,191.89800000,143.58100,0.00
1727109941,-4806.00,20261001,1,868,0,0.06,191.89900000,191.89800000,143.58100,-4806.00
1727172000,0.00,20261001,0,870,0,0.01,192.83500000,191.84800000,143.19700,0.00
1727200800,-473.00,20261001,1,870,1,0.01,192.36200000,191.84800000,143.19700,-473.00
1727261100,0.00,20261001,0,872,0,0.01,192.59600000,192.06100000,144.73900,0.00
1727287200,464.00,20261001,1,872,1,0.01,193.06000000,192.06100000,144.73900,464.00
1727345700,0.00,20261001,0,874,0,0.01,193.60900000,192.86800000,144.79900,0.00
1727361931,-741.00,20261001,1,874,1,0.01,192.86800000,192.86800000,144.79900,-741.00
1727429400,0.00,20261001,0,876,1,0.06,192.58500000,195.21200000,142.15500,0.00
1727460000,6246.00,20261001,1,876,0,0.06,191.54400000,195.21200000,142.15500,6246.00
1727781300,0.00,20261001,0,878,1,0.06,191.74900000,192.68000000,143.54400,0.00
1727805600,5478.00,20261001,1,878,0,0.06,190.83600000,192.68000000,143.54400,5478.00
1727865900,0.00,20261001,0,880,0,0.01,191.59500000,190.86600000,146.44500,0.00
1727887716,1749.00,20261001,1,880,1,0.01,193.34400000,190.86600000,146.44500,1749.00
1727950500,0.00,20261001,0,882,1,0.01,192.97300000,194.31100000,146.91300,0.00
1727978400,590.00,20261001,1,882,0,0.01,192.38300000,194.31100000,146.91300,590.00
1728297900,0.00,20261001,0,884,1,0.01,194.20600000,195.16100000,148.17000,0.00
1728324000,351.00,20261001,1,884,0,0.01,193.85500000,195.16100000,148.17000,351.00
1728383400,0.00,20261001,0,886,1,0.01,193.04500000,193.61300000,148.18500,0.00
1728388656,-568.00,20261001,1,886,0,0.01,193.61300000,193.61300000,148.18500,-568.00
1728986400,0.00,20261001,0,888,1,0.01,194.82900000,195.39700000,149.18500,0.00
1729002997,-568.00,20261001,1,888,0,0.01,195.39700000,195.39700000,149.18500,-568.00
1729593900,0.00,20261001,0,890,0,0.01,196.45400000,195.81200000,151.03400,0.00
1729601175,-642.00,20261001,1,890,1,0.01,195.81200000,195.81200000,151.03400,-642.00
1729768500,0.00,20261001,0,892,0,0.06,197.45900000,196.94800000,151.81400,0.00
1729769538,-3072.00,20261001,1,892,1,0.06,196.94700000,196.94800000,151.81400,-3072.00
1729855800,0.00,20261001,0,894,0,0.06,197.28000000,196.71600000,152.25200,0.00
1729879200,1296.00,20261001,1,894,1,0.06,197.49600000,196.71600000,152.25200,1296.00
1730201400,0.00,20261001,0,896,0,0.06,198.99600000,198.35900000,153.34200,0.00
1730224800,2088.00,20261001,1,896,1,0.06,199.34400000,198.35900000,153.34200,2088.00
1730367900,0.00,20261001,0,898,1,0.01,197.81900000,198.49200000,152.01700,0.00
1730390618,-673.00,20261001,1,898,0,0.01,198.49200000,198.49200000,152.01700,-673.00
1730459700,0.00,20261001,0,900,0,0.01,196.99000000,196.17200000,152.94100,0.00
1730484000,1259.00,20261001,1,900,1,0.01,198.24900000,196.17200000,152.94100,1259.00
1730719800,0.00,20261001,0,902,1,0.06,196.85600000,197.43700000,152.11600,0.00
1730742090,-3486.00,20261001,1,902,0,0.06,197.43700000,197.43700000,152.11600,-3486.00
1731060900,0.00,20261001,0,904,1,0.01,197.52900000,198.48400000,152.61200,0.00
1731088800,316.00,20261001,1,904,0,0.01,197.21300000,198.48400000,152.61200,316.00
1731493800,0.00,20261001,0,906,0,0.01,197.67400000,197.14500000,155.44700,0.00
1731511841,-530.00,20261001,1,906,1,0.01,197.14400000,197.14500000,155.44700,-530.00
1731663000,0.00,20261001,0,908,1,0.06,197.59100000,198.17800000,154.25000,0.00
1731690640,8454.00,20261001,1,908,0,0.06,196.18200000,198.17800000,154.25000,8454.00
1732013100,0.00,20261001,0,910,1,0.01,194.33900000,195.71900000,154.63900,0.00
1732039200,-650.00,20261001,1,910,0,0.01,194.98900000,195.71900000,154.63900,-650.00
1732094100,0.00,20261001,0,912,0,0.01,197.61400000,196.43700000,155.37000,0.00
1732122402,-1177.00,20261001,1,912,1,0.01,196.43700000,196.43700000,155.37000,-1177.00
1732181400,0.00,20261001,0,914,1,0.01,195.49900000,196.17400000,154.52000,0.00
1732212000,779.00,20261001,1,914,0,0.01,194.72000000,196.17400000,154.52000,779.00
1732274100,0.00,20261001,0,916,1,0.06,193.50300000,194.39300000,154.70500,0.00
1732298400,-3228.00,20261001,1,916,0,0.06,194.04100000,194.39300000,154.70500,-3228.00
1732700700,0.00,20261001,0,918,1,0.01,191.18600000,192.04800000,151.06500,0.00
1732730400,-367.00,20261001,1,918,0,0.01,191.55300000,192.04800000,151.06500,-367.00
1733219100,0.00,20261001,0,920,0,0.01,189.98800000,189.45800000,149.57900,0.00
1733235485,-532.00,20261001,1,920,1,0.01,189.45600000,189.45800000,149.57900,-532.00
1733303700,0.00,20261001,0,922,0,0.01,190.63300000,189.82900000,150.54200,0.00
1733335200,481.00,20261001,1,922,1,0.01,191.11400000,189.82900000,150.54200,481.00
1733480100,0.00,20261001,0,924,0,0.06,191.92400000,191.22700000,149.88200,0.00
1733501079,-4182.00,20261001,1,924,1,0.06,191.22700000,191.22700000,149.88200,-4182.00
1733736600,0.00,20261001,0,926,0,0.01,191.36100000,190.87700000,151.14300,0.00
1733756740,1163.00,20261001,1,926,1,0.01,192.52400000,190.87700000,151.14300,1163.00
1733825700,0.00,20261001,0,928,0,0.01,193.33900000,192.72800000,151.92000,0.00
1733853600,435.00,20261001,1,928,1,0.01,193.77400000,192.72800000,151.92000,435.00
1733908500,0.00,20261001,0,930,1,0.01,193.35500000,193.81700000,152.43500,0.00
1733916104,-462.00,20261001,1,930,0,0.01,193.81700000,193.81700000,152.43500,-462.00
1733916600,0.00,20261001,0,932,0,0.06,194.22600000,193.68600000,152.43500,0.00
1733940000,366.00,20261001,1,932,1,0.06,194.28700000,193.68600000,152.43500,366.00
1734349500,0.00,20261001,0,934,0,0.01,194.67600000,193.96400000,154.08300,0.00
1734372000,1052.00,20261001,1,934,1,0.01,195.72800000,193.96400000,154.08300,1052.00
1734435900,0.00,20261001,0,936,1,0.01,195.11300000,195.58300000,153.35400,0.00
1734448123,-475.00,20261001,1,936,0,0.01,195.58800000,195.58300000,153.35400,-475.00
1734516900,0.00,20261001,0,938,1,0.06,194.72600000,195.17600000,154.63200,0.00
1734525749,-2700.00,20261001,1,938,0,0.06,195.17600000,195.17600000,154.63200,-2700.00
1735641900,0.00,20261001,0,940,1,0.01,195.83600000,196.57800000,157.18200,0.00
1735645359,-742.00,20261001,1,940,0,0.01,196.57800000,196.57800000,157.18200,-742.00
1735811100,0.00,20261001,0,942,1,0.01,196.08400000,197.01700000,157.46700,0.00
1735840800,1608.00,20261001,1,942,0,0.01,194.47600000,197.01700000,157.46700,1608.00
1736158500,0.00,20261001,0,944,0,0.01,196.55400000,195.59400000,157.51700,0.00
1736186400,484.00,20261001,1,944,1,0.01,197.03800000,195.59400000,157.51700,484.00
1736414100,0.00,20261001,0,946,1,0.01,194.36800000,195.23000000,158.04800,0.00
1736445600,15.00,20261001,1,946,0,0.01,194.35300000,195.23000000,158.04800,15.00
1736932500,0.00,20261001,0,948,1,0.01,191.55400000,192.53000000,156.45600,0.00
1736964000,-34.00,20261001,1,948,0,0.01,191.58800000,192.53000000,156.45600,-34.00
1737973800,0.00,20261001,0,950,1,0.06,193.43100000,194.17300000,154.49700,0.00
1738000800,5448.00,20261001,1,950,0,0.06,192.52300000,194.17300000,154.49700,5448.00
1738148400,0.00,20261001,0,952,1,0.01,192.98200000,193.46600000,155.21300,0.00
1738173600,241.00,20261001,1,952,0,0.01,192.74100000,193.46600000,155.21300,241.00
1738919700,0.00,20261001,0,954,0,0.01,188.78800000,188.06200000,151.31000,0.00
1738950821,-727.00,20261001,1,954,1,0.01,188.06100000,188.06200000,151.31000,-727.00
1739179800,0.00,20261001,0,956,0,0.01,188.68900000,187.70800000,151.98400,0.00
1739205416,-981.00,20261001,1,956,1,0.01,187.70800000,187.70800000,151.98400,-981.00
1739354400,0.00,20261001,0,958,0,0.01,191.44500000,190.23800000,154.40700,0.00
1739383200,586.00,20261001,1,958,1,0.01,192.03100000,190.23800000,154.40700,586.00
1739440800,0.00,20261001,0,960,0,0.01,192.99500000,192.31000000,152.79200,0.00
1739443177,-686.00,20261001,1,960,1,0.01,192.30900000,192.31000000,152.79200,-686.00
1739531700,0.00,20261001,0,962,0,0.06,192.37200000,191.82100000,152.21300,0.00
1739534945,-3306.00,20261001,1,962,1,0.06,191.82100000,191.82100000,152.21300,-3306.00
1739872800,0.00,20261001,0,964,0,0.01,191.81000000,191.19400000,152.04800,0.00
1739880984,-616.00,20261001,1,964,1,0.01,191.19400000,191.19400000,152.04800,-616.00
1739965500,0.00,20261001,0,966,1,0.01,191.11300000,191.79600000,151.46200,0.00
1739988000,481.00,20261001,1,966,0,0.01,190.63200000,191.79600000,151.46200,481.00
1740475800,0.00,20261001,0,968,1,0.06,188.71800000,189.33500000,149.00800,0.00
1740490347,-3714.00,20261001,1,968,0,0.06,189.33700000,189.33500000,149.00800,-3714.00
1740652200,0.00,20261001,0,970,0,0.01,189.40300000,188.82000000,149.79700,0.00
1740679200,-59.00,20261001,1,970,1,0.01,189.34400000,188.82000000,149.79700,-59.00
1740735900,0.00,20261001,0,972,0,0.06,189.14800000,188.25700000,150.56500,0.00
1740765600,3546.00,20261001,1,972,1,0.06,189.73900000,188.25700000,150.56500,3546.00
1740996000,0.00,20261001,0,974,1,0.06,189.22700000,189.90300000,149.49100,0.00
1741003001,-4062.00,20261001,1,974,0,0.06,189.90400000,189.90300000,149.49100,-4062.00
1741253400,0.00,20261001,0,976,1,0.01,191.55100000,192.20400000,147.96600,0.00
1741273892,1575.00,20261001,1,976,0,0.01,189.97600000,192.20400000,147.96600,1575.00
1741605300,0.00,20261001,0,978,1,0.01,189.91000000,190.71800000,147.25400,0.00
1741629600,321.00,20261001,1,978,0,0.01,189.58900000,190.71800000,147.25400,321.00
1741685400,0.00,20261001,0,980,0,0.06,189.92900000,189.19900000,147.76300,0.00
1741716000,3600.00,20261001,1,980,1,0.06,190.52900000,189.19900000,147.76300,3600.00
1741776300,0.00,20261001,0,982,0,0.01,191.89800000,191.29600000,148.23700,0.00
1741802400,115.00,20261001,1,982,1,0.01,192.01300000,191.29600000,148.23700,115.00
1741857300,0.00,20261001,0,984,1,0.01,191.28000000,191.95000000,147.80200,0.00
1741870685,-671.00,20261001,1,984,0,0.01,191.95100000,191.95000000,147.80200,-671.00
1741945500,0.00,20261001,0,986,0,0.01,192.45800000,191.65000000,148.61300,0.00
1741975200,-561.00,20261001,1,986,1,0.01,191.89700000,191.65000000,148.61300,-561.00
1742289300,0.00,20261001,0,988,0,0.01,194.29600000,193.87300000,149.25600,0.00
1742316315,-423.00,20261001,1,988,1,0.01,193.87300000,193.87300000,149.25600,-423.00
1742462100,0.00,20261001,0,990,1,0.01,192.61600000,193.24300000,148.76900,0.00
1742493600,-187.00,20261001,1,990,0,0.01,192.80300000,193.24300000,148.76900,-187.00
1742811300,0.00,20261001,0,992,0,0.01,193.94200000,193.01300000,150.68400,0.00
1742839200,569.00,20261001,1,992,1,0.01,194.51100000,193.01300000,150.68400,569.00
1742901300,0.00,20261001,0,994,1,0.01,194.38300000,194.75700000,149.89400,0.00
1742925600,506.00,20261001,1,994,0,0.01,193.87700000,194.75700000,149.89400,506.00
1742987700,0.00,20261001,0,996,1,0.06,193.79900000,194.43600000,150.55800,0.00
1743012000,-2304.00,20261001,1,996,0,0.06,194.18300000,194.43600000,150.55800,-2304.00
1743067800,0.00,20261001,0,998,0,0.06,194.29100000,193.77800000,151.03600,0.00
1743089438,7392.00,20261001,1,998,1,0.06,195.52300000,193.77800000,151.03600,7392.00
1743154200,0.00,20261001,0,1000,1,0.01,195.05600000,195.45900000,149.81400,0.00
1743184800,702.00,20261001,1,1000,0,0.01,194.35400000,195.45900000,149.81400,702.00
1743504300,0.00,20261001,0,1002,1,0.01,193.11700000,193.70600000,149.59600,0.00
1743530400,217.00,20261001,1,1002,0,0.01,192.90000000,193.70600000,149.59600,217.00
1743592500,0.00,20261001,0,1004,1,0.06,193.12200000,193.52800000,149.22700,0.00
1743597696,-2436.00,20261001,1,1004,0,0.06,193.52800000,193.52800000,149.22700,-2436.00
1743763500,0.00,20261001,0,1006,1,0.01,190.19800000,191.18100000,146.85100,0.00
1743788174,2359.00,20261001,1,1006,0,0.01,187.83900000,191.18100000,146.85100,2359.00
1744109100,0.00,20261001,0,1008,1,0.06,187.62700000,188.48800000,146.26000,0.00
1744131628,-5166.00,20261001,1,1008,0,0.06,188.48800000,188.48800000,146.26000,-5166.00
1744630200,0.00,20261001,0,1010,0,0.06,188.56300000,187.33800000,142.94600,0.00
1744653600,2286.00,20261001,1,1010,1,0.06,188.94400000,187.33800000,142.94600,2286.00
1744881300,0.00,20261001,0,1012,0,0.01,188.66200000,187.92500000,142.33800,0.00
1744912800,-524.00,20261001,1,1012,1,0.01,188.13800000,187.92500000,142.33800,-524.00
1745319600,0.00,20261001,0,1014,1,0.01,187.66000000,188.34100000,141.54700,0.00
1745341153,-681.00,20261001,1,1014,0,0.01,188.34100000,188.34100000,141.54700,-681.00
1745839800,0.00,20261001,0,1016,0,0.01,191.34100000,190.92600000,141.99100,0.00
1745863200,-33.00,20261001,1,1016,1,0.01,191.30800000,190.92600000,141.99100,-33.00
1746091800,0.00,20261001,0,1018,0,0.01,191.75000000,190.83100000,145.35600,0.00
1746122400,1493.00,20261001,1,1018,1,0.01,193.24300000,190.83100000,145.35600,1493.00
1746186300,0.00,20261001,0,1020,1,0.06,192.69100000,193.32400000,144.83500,0.00
1746208800,5100.00,20261001,1,1020,0,0.06,191.84100000,193.32400000,144.83500,5100.00
1746443700,0.00,20261001,0,1022,1,0.01,191.50300000,191.99000000,143.67500,0.00
1746468000,197.00,20261001,1,1022,0,0.01,191.30600000,191.99000000,143.67500,197.00
1746530100,0.00,20261001,0,1024,1,0.06,190.71500000,191.14500000,142.37600,0.00
1746540625,-2604.00,20261001,1,1024,0,0.06,191.14900000,191.14500000,142.37600,-2604.00
1746616500,0.00,20261001,0,1026,0,0.01,191.37400000,190.69100000,143.80000,0.00
1746640800,163.00,20261001,1,1026,1,0.01,191.53700000,190.69100000,143.80000,163.00
1746697500,0.00,20261001,0,1028,0,0.01,191.84000000,191.25800000,145.90300,0.00
1746727200,1148.00,20261001,1,1028,1,0.01,192.98800000,191.25800000,145.90300,1148.00
1746782100,0.00,20261001,0,1030,1,0.01,192.46300000,193.00100000,145.26300,0.00
1746806662,-538.00,20261001,1,1030,0,0.01,193.00100000,193.00100000,145.26300,-538.00
1747044900,0.00,20261001,0,1032,0,0.01,194.56000000,193.86000000,148.44300,0.00
1747072800,1075.00,20261001,1,1032,1,0.01,195.63500000,193.86000000,148.44300,1075.00
1747303200,0.00,20261001,0,1034,1,0.01,193.61800000,194.21800000,145.64900,0.00
1747324205,-601.00,20261001,1,1034,0,0.01,194.21900000,194.21800000,145.64900,-601.00
1747650600,0.00,20261001,0,1036,0,0.01,193.38400000,192.88100000,144.84000,0.00
1747677600,301.00,20261001,1,1036,1,0.01,193.68500000,192.88100000,144.84000,301.00
1747737000,0.00,20261001,0,1038,1,0.01,192.91800000,193.72900000,144.48900,0.00
1747764000,-349.00,20261001,1,1038,0,0.01,193.26700000,193.72900000,144.48900,-349.00
1747905300,0.00,20261001,0,1040,1,0.01,192.22200000,193.05600000,143.99600,0.00
1747933049,-836.00,20261001,1,1040,0,0.01,193.05800000,193.05600000,143.99600,-836.00
1748251800,0.00,20261001,0,1042,0,0.01,194.04100000,193.06100000,142.82300,0.00
1748282400,-394.00,20261001,1,1042,1,0.01,193.64700000,193.06100000,142.82300,-394.00
1748339100,0.00,20261001,0,1044,0,0.01,194.28900000,193.54000000,144.31600,0.00
1748368800,927.00,20261001,1,1044,1,0.01,195.21600000,193.54000000,144.31600,927.00
1748859300,0.00,20261001,0,1046,0,0.01,193.83300000,193.51200000,142.65100,0.00
1748862837,-322.00,20261001,1,1046,1,0.01,193.51100000,193.51200000,142.65100,-322.00
1748949300,0.00,20261001,0,1048,1,0.06,192.90300000,193.48100000,143.88500,0.00
1748964938,-3468.00,20261001,1,1048,0,0.06,193.48100000,193.48100000,143.88500,-3468.00
1749114900,0.00,20261001,0,1050,0,0.01,193.95800000,193.51700000,143.41900,0.00
1749138641,1059.00,20261001,1,1050,1,0.01,195.01700000,193.51700000,143.41900,1059.00
1749461400,0.00,20261001,0,1052,1,0.06,195.64800000,195.95200000,144.51400,0.00
1749480735,-1824.00,20261001,1,1052,0,0.06,195.95200000,195.95200000,144.51400,-1824.00
1749546900,0.00,20261001,0,1054,1,0.06,195.45300000,196.10800000,144.84400,0.00
1749578400,-1416.00,20261001,1,1054,0,0.06,195.68900000,196.10800000,144.84400,-1416.00
1749719700,0.00,20261001,0,1056,1,0.01,195.06000000,195.56600000,143.47000,0.00
1749751200,-341.00,20261001,1,1056,0,0.01,195.40100000,195.56600000,143.47000,-341.00
1750069800,0.00,20261001,0,1058,0,0.01,196.14000000,195.34500000,144.70600,0.00
1750096800,-291.00,20261001,1,1058,1,0.01,195.84900000,195.34500000,144.70600,-291.00
1750158000,0.00,20261001,0,1060,1,0.01,196.04700000,196.52400000,145.18300,0.00
1750183200,-130.00,20261001,1,1060,0,0.01,196.17700000,196.52400000,145.18300,-130.00
1750328100,0.00,20261001,0,1062,0,0.06,194.81500000,194.32500000,145.40800,0.00
1750356000,4836.00,20261001,1,1062,1,0.06,195.62100000,194.32500000,145.40800,4836.00
1750760100,0.00,20261001,0,1064,1,0.01,196.99100000,197.41000000,144.89700,0.00
1750767023,-419.00,20261001,1,1064,0,0.01,197.41000000,197.41000000,144.89700,-419.00
1750843800,0.00,20261001,0,1066,0,0.01,197.82900000,197.27200000,145.17200,0.00
1750874400,676.00,20261001,1,1066,1,0.01,198.50500000,197.27200000,145.17200,676.00
1750929300,0.00,20261001,0,1068,1,0.01,197.96700000,198.35400000,144.36500,0.00
1750958186,-387.00,20261001,1,1068,0,0.01,198.35400000,198.35400000,144.36500,-387.00
1751278500,0.00,20261001,0,1070,1,0.01,197.30500000,198.06400000,143.96200,0.00
1751306400,-645.00,20261001,1,1070,0,0.01,197.95000000,198.06400000,143.96200,-645.00
1751365800,0.00,20261001,0,1072,1,0.01,197.13100000,197.54300000,143.36600,0.00
1751392800,360.00,20261001,1,1072,0,0.01,196.77100000,197.54300000,143.36600,360.00
1751535000,0.00,20261001,0,1074,0,0.01,196.34400000,195.86300000,144.91000,0.00
1751558549,1156.00,20261001,1,1074,1,0.01,197.50000000,195.86300000,144.91000,1156.00
1751620500,0.00,20261001,0,1076,1,0.01,197.26200000,197.64700000,144.41800,0.00
1751652000,96.00,20261001,1,1076,0,0.01,197.16600000,197.64700000,144.41800,96.00
1752139800,0.00,20261001,0,1078,0,0.01,199.13100000,198.67000000,146.24000,0.00
1752155856,-462.00,20261001,1,1078,1,0.01,198.66900000,198.67000000,146.24000,-462.00
1752486300,0.00,20261001,0,1080,1,0.06,198.11900000,198.69200000,147.68900,0.00
1752489365,-3438.00,20261001,1,1080,0,0.06,198.69200000,198.69200000,147.68900,-3438.00
1752743700,0.00,20261001,0,1082,0,0.01,199.06500000,198.49300000,148.50900,0.00
1752775200,31.00,20261001,1,1082,1,0.01,199.09600000,198.49300000,148.50900,31.00
1752831900,0.00,20261001,0,1084,0,0.01,199.75100000,199.34000000,148.75100,0.00
1752861600,-167.00,20261001,1,1084,1,0.01,199.58400000,199.34000000,148.75100,-167.00
1753176600,0.00,20261001,0,1086,0,0.01,199.13500000,198.70100000,146.60300,0.00
1753194788,-434.00,20261001,1,1086,1,0.01,198.70100000,198.70100000,146.60300,-434.00
1753434900,0.00,20261001,0,1088,1,0.01,198.20000000,198.72800000,147.59500,0.00
1753441526,-528.00,20261001,1,1088,0,0.01,198.72800000,198.72800000,147.59500,-528.00
1753700400,0.00,20261001,0,1090,0,0.01,198.85400000,198.47600000,148.43000,0.00
1753725600,11.00,20261001,1,1090,1,0.01,198.86500000,198.47600000,148.43000,11.00
1753958700,0.00,20261001,0,1092,0,0.06,198.26700000,197.37100000,150.70400,0.00
1753984800,5016.00,20261001,1,1092,1,0.06,199.10300000,197.37100000,150.70400,5016.00
1754046900,0.00,20261001,0,1094,1,0.01,198.44200000,199.02500000,147.30600,0.00
1754064564,1400.00,20261001,1,1094,0,0.01,197.04200000,199.02500000,147.30600,1400.00
1754304300,0.00,20261001,0,1096,0,0.01,196.44100000,195.70300000,147.06600,0.00
1754322436,-739.00,20261001,1,1096,1,0.01,195.70200000,195.70300000,147.06600,-739.00
1754387100,0.00,20261001,0,1098,0,0.01,195.62400000,195.23500000,147.59400,0.00
1754416800,327.00,20261001,1,1098,1,0.01,195.95100000,195.23500000,147.59400,327.00
1754560800,0.00,20261001,0,1100,1,0.06,196.40900000,196.93800000,147.11100,0.00
1754570533,-3174.00,20261001,1,1100,0,0.06,196.93800000,196.93800000,147.11100,-3174.00
1754649900,0.00,20261001,0,1102,0,0.01,198.13400000,197.63000000,147.65300,0.00
1754676000,501.00,20261001,1,1102,1,0.01,198.63500000,197.63000000,147.65300,501.00
1754903700,0.00,20261001,0,1104,0,0.01,198.75500000,198.33600000,148.12900,0.00
1754908950,-419.00,20261001,1,1104,1,0.01,198.33600000,198.33600000,148.12900,-419.00
1754993700,0.00,20261001,0,1106,0,0.01,199.40300000,198.99100000,147.80100,0.00
1755021600,437.00,20261001,1,1106,1,0.01,199.84000000,198.99100000,147.80100,437.00
1755163800,0.00,20261001,0,1108,1,0.01,198.66700000,199.48600000,147.74400,0.00
1755189216,-819.00,20261001,1,1108,0,0.01,199.48600000,199.48600000,147.74400,-819.00
1755256500,0.00,20261001,0,1110,1,0.01,199.17000000,199.68400000,147.09300,0.00
1755280800,40.00,20261001,1,1110,0,0.01,199.13000000,199.68400000,147.09300,40.00
1755687600,0.00,20261001,0,1112,0,0.06,199.42700000,198.87800000,147.31800,0.00
1755698853,-3300.00,20261001,1,1112,1,0.06,198.87700000,198.87800000,147.31800,-3300.00
1755773100,0.00,20261001,0,1114,0,0.01,198.45200000,198.17500000,148.35400,0.00
1755783214,666.00,20261001,1,1114,1,0.01,199.11800000,198.17500000,148.35400,666.00
1756466100,0.00,20261001,0,1116,1,0.01,198.18200000,198.48400000,146.94300,0.00
1756490400,-177.00,20261001,1,1116,0,0.01,198.35900000,198.48400000,146.94300,-177.00
1756725300,0.00,20261001,0,1118,0,0.01,199.10100000,198.56700000,147.16300,0.00
1756749600,431.00,20261001,1,1118,1,0.01,199.53200000,198.56700000,147.16300,431.00
1756804500,0.00,20261001,0,1120,0,0.01,200.15700000,199.41500000,148.34700,0.00
1756810276,-744.00,20261001,1,1120,1,0.01,199.41300000,199.41500000,148.34700,-744.00
1756812600,0.00,20261001,0,1122,1,0.06,198.82000000,199.61200000,148.34700,0.00
1756836000,2550.00,20261001,1,1122,0,0.06,198.39500000,199.61200000,148.34700,2550.00
1756899000,0.00,20261001,0,1124,0,0.06,199.09300000,198.71400000,148.06100,0.00
1756922400,-306.00,20261001,1,1124,1,0.06,199.04200000,198.71400000,148.06100,-306.00
1756982700,0.00,20261001,0,1126,0,0.06,199.18900000,198.91500000,148.47100,0.00
1757008800,3126.00,20261001,1,1126,1,0.06,199.71000000,198.91500000,148.47100,3126.00
1757063700,0.00,20261001,0,1128,0,0.01,199.59100000,199.34300000,147.35000,0.00
1757086220,-249.00,20261001,1,1128,1,0.01,199.34200000,199.34300000,147.35000,-249.00
1757329200,0.00,20261001,0,1130,1,0.01,199.39800000,199.97100000,147.43600,0.00
1757339355,-573.00,20261001,1,1130,0,0.01,199.97100000,199.97100000,147.43600,-573.00
1757417400,0.00,20261001,0,1132,1,0.01,199.07200000,199.67900000,147.40100,0.00
1757440800,-96.00,20261001,1,1132,0,0.01,199.16800000,199.67900000,147.40100,-96.00
1757674800,0.00,20261001,0,1134,0,0.06,200.01800000,199.77100000,147.56000,0.00
1757700000,1200.00,20261001,1,1134,1,0.06,200.21800000,199.77100000,147.56000,1200.00
1757934900,0.00,20261001,0,1136,0,0.01,200.33400000,200.02200000,147.31100,0.00
1757959200,-6.00,20261001,1,1136,1,0.01,200.32800000,200.02200000,147.31100,-6.00
1758186900,0.00,20261001,0,1138,0,0.01,200.45300000,200.13600000,147.97900,0.00
1758196445,760.00,20261001,1,1138,1,0.01,201.21300000,200.13600000,147.97900,760.00
1758273300,0.00,20261001,0,1140,1,0.01,199.50400000,200.17400000,147.88600,0.00
1758304800,114.00,20261001,1,1140,0,0.01,199.39000000,200.17400000,147.88600,114.00
1758625200,0.00,20261001,0,1142,0,0.01,199.74000000,199.48700000,147.56800,0.00
1758627028,-255.00,20261001,1,1142,1,0.01,199.48500000,199.48700000,147.56800,-255.00
1758627900,0.00,20261001,0,1144,1,0.06,199.24500000,199.56300000,147.56800,0.00
1758635667,-1908.00,20261001,1,1144,0,0.06,199.56300000,199.56300000,147.56800,-1908.00
1758791700,0.00,20261001,0,1146,0,0.01,200.25700000,200.01200000,149.77600,0.00
1758797192,-245.00,20261001,1,1146,1,0.01,200.01200000,200.01200000,149.77600,-245.00
1758878100,0.00,20261001,0,1148,0,0.01,199.99100000,199.73100000,149.42900,0.00
1758909600,362.00,20261001,1,1148,1,0.01,200.35300000,199.73100000,149.42900,362.00
1759137300,0.00,20261001,0,1150,1,0.01,199.88800000,200.21200000,148.56700,0.00
1759168800,423.00,20261001,1,1150,0,0.01,199.46500000,200.21200000,148.56700,423.00
1759226400,0.00,20261001,0,1152,1,0.01,199.01200000,199.52400000,147.85300,0.00
1759255200,196.00,20261001,1,1152,0,0.01,198.81600000,199.52400000,147.85300,196.00
1759310100,0.00,20261001,0,1154,1,0.01,198.38600000,198.92400000,147.05100,0.00
1759341600,19.00,20261001,1,1154,0,0.01,198.36700000,198.92400000,147.05100,19.00
1759398300,0.00,20261001,0,1156,0,0.01,198.50400000,198.19500000,147.20100,0.00
1759405758,-314.00,20261001,1,1156,1,0.01,198.19000000,198.19500000,147.20100,-314.00
1759832100,0.00,20261001,0,1158,1,0.01,202.36500000,202.80800000,151.88400,0.00
1759858240,-444.00,20261001,1,1158,0,0.01,202.80900000,202.80800000,151.88400,-444.00
1759921200,0.00,20261001,0,1160,0,0.01,204.67800000,204.02200000,152.67200,0.00
1759946400,11.00,20261001,1,1160,1,0.01,204.68900000,204.02200000,152.67200,11.00
1760010300,0.00,20261001,0,1162,1,0.01,204.30000000,204.65300000,153.04300,0.00
1760032800,255.00,20261001,1,1162,0,0.01,204.04500000,204.65300000,153.04300,255.00
1760089500,0.00,20261001,0,1164,1,0.06,203.08300000,203.52000000,151.17200,0.00
1760119200,1650.00,20261001,1,1164,0,0.06,202.80800000,203.52000000,151.17200,1650.00
1760351400,0.00,20261001,0,1166,0,0.01,203.15500000,202.58800000,152.26000,0.00
1760378400,-95.00,20261001,1,1166,1,0.01,203.06000000,202.58800000,152.26000,-95.00
1760433300,0.00,20261001,0,1168,1,0.01,202.06800000,203.05100000,151.82100,0.00
1760464800,177.00,20261001,1,1168,0,0.01,201.89100000,203.05100000,151.82100,177.00
1760607900,0.00,20261001,0,1170,0,0.01,202.86600000,202.31600000,150.41300,0.00
1760637600,-320.00,20261001,1,1170,1,0.01,202.54600000,202.31600000,150.41300,-320.00
1760694300,0.00,20261001,0,1172,1,0.01,201.55600000,201.92300000,150.44500,0.00
1760710420,-368.00,20261001,1,1172,0,0.01,201.92400000,201.92300000,150.44500,-368.00
1761038100,0.00,20261001,0,1174,0,0.01,202.71400000,202.03700000,151.91600,0.00
1761069600,377.00,20261001,1,1174,1,0.01,203.09100000,202.03700000,151.91600,377.00
1761125400,0.00,20261001,0,1176,1,0.06,202.52400000,203.00800000,151.95900,0.00
1761156000,-1920.00,20261001,1,1176,0,0.06,202.84400000,203.00800000,151.95900,-1920.00
1761210900,0.00,20261001,0,1178,0,0.01,203.45100000,203.00700000,152.53600,0.00
1761242400,-146.00,20261001,1,1178,1,0.01,203.30500000,203.00700000,152.53600,-146.00
1761298200,0.00,20261001,0,1180,0,0.01,203.88200000,203.37300000,152.74000,0.00
1761319802,-510.00,20261001,1,1180,1,0.01,203.37200000,203.37300000,152.74000,-510.00
1761650100,0.00,20261001,0,1182,1,0.01,202.69900000,203.45600000,152.09200,0.00
1761674400,909.00,20261001,1,1182,0,0.01,201.79000000,203.45600000,152.09200,909.00
1761733800,0.00,20261001,0,1184,1,0.01,201.03800000,201.63300000,152.71100,0.00
1761760800,-78.00,20261001,1,1184,0,0.01,201.11600000,201.63300000,152.71100,-78.00
1761817500,0.00,20261001,0,1186,0,0.01,202.61800000,201.45000000,154.11100,0.00
1761847200,378.00,20261001,1,1186,1,0.01,202.99600000,201.45000000,154.11100,378.00
1761907500,0.00,20261001,0,1188,0,0.06,202.79400000,202.39900000,153.95800,0.00
1761918697,-2376.00,20261001,1,1188,1,0.06,202.39800000,202.39900000,153.95800,-2376.00
1762249500,0.00,20261001,0,1190,1,0.01,201.35800000,202.17900000,153.65100,0.00
1762279200,1245.00,20261001,1,1190,0,0.01,200.11300000,202.17900000,153.65100,1245.00
1762337700,0.00,20261001,0,1192,0,0.01,200.39400000,199.54700000,154.10400,0.00
1762365600,832.00,20261001,1,1192,1,0.01,201.22600000,199.54700000,154.10400,832.00
1762766100,0.00,20261001,0,1194,0,0.01,202.67700000,202.09000000,154.12900,0.00
1762797600,-170.00,20261001,1,1194,1,0.01,202.50700000,202.09000000,154.12900,-170.00
1762852500,0.00,20261001,0,1196,1,0.01,202.48600000,203.07500000,154.12700,0.00
1762884000,-343.00,20261001,1,1196,0,0.01,202.82900000,203.07500000,154.12700,-343.00
1762942500,0.00,20261001,0,1198,0,0.01,203.54800000,202.83300000,154.78200,0.00
1762964137,-716.00,20261001,1,1198,1,0.01,202.83200000,202.83300000,154.78200,-716.00
1763112600,0.00,20261001,0,1200,1,0.01,202.90200000,203.47400000,154.44600,0.00
1763116948,-574.00,20261001,1,1200,0,0.01,203.47600000,203.47400000,154.44600,-574.00
1763717400,0.00,20261001,0,1202,1,0.01,205.53600000,205.85700000,156.28900,0.00
1763726261,769.00,20261001,1,1202,0,0.01,204.76700000,205.85700000,156.28900,769.00
1763979300,0.00,20261001,0,1204,0,0.01,205.40100000,204.92100000,156.83100,0.00
1764007200,-29.00,20261001,1,1204,1,0.01,205.37200000,204.92100000,156.83100,-29.00
1764068400,0.00,20261001,0,1206,1,0.01,205.14500000,205.51700000,156.01300,0.00
1764081818,-374.00,20261001,1,1206,0,0.01,205.51900000,205.51700000,156.01300,-374.00
1764150300,0.00,20261001,0,1208,0,0.01,206.10200000,205.55500000,156.45100,0.00
1764166299,-548.00,20261001,1,1208,1,0.01,205.55400000,205.55500000,156.45100,-548.00
1764324000,0.00,20261001,0,1210,1,0.01,206.51000000,206.94600000,156.07900,0.00
1764352800,-256.00,20261001,1,1210,0,0.01,206.76600000,206.94600000,156.07900,-256.00
1764582300,0.00,20261001,0,1212,1,0.01,205.49400000,206.26900000,155.43900,0.00
1764612000,-44.00,20261001,1,1212,0,0.01,205.53800000,206.26900000,155.43900,-44.00
1764666900,0.00,20261001,0,1214,0,0.01,205.95100000,205.51900000,155.81400,0.00
1764698400,-186.00,20261001,1,1214,1,0.01,205.76500000,205.51900000,155.81400,-186.00
1764754200,0.00,20261001,0,1216,0,0.01,206.15700000,205.79400000,155.21400,0.00
1764781417,872.00,20261001,1,1216,1,0.01,207.02900000,205.79400000,155.21400,872.00
1764843300,0.00,20261001,0,1218,1,0.01,206.71400000,207.16200000,155.08300,0.00
1764871200,-75.00,20261001,1,1218,0,0.01,206.78900000,207.16200000,155.08300,-75.00
1764934200,0.00,20261001,0,1220,0,0.06,206.84300000,206.44500000,155.21400,0.00
1764957600,1806.00,20261001,1,1220,1,0.06,207.14400000,206.44500000,155.21400,1806.00
1765190700,0.00,20261001,0,1222,0,0.01,207.11600000,206.75400000,155.90900,0.00
1765216800,350.00,20261001,1,1222,1,0.01,207.46600000,206.75400000,155.90900,350.00
1765274400,0.00,20261001,0,1224,0,0.01,208.17900000,207.69400000,156.84900,0.00
1765303200,399.00,20261001,1,1224,1,0.01,208.57800000,207.69400000,156.84900,399.00
1765359900,0.00,20261001,0,1226,0,0.01,208.75800000,208.42400000,155.93100,0.00
1765387262,-334.00,20261001,1,1226,1,0.01,208.42400000,208.42400000,155.93100,-334.00
1765885500,0.00,20261001,0,1228,0,0.06,207.67800000,207.09200000,154.70000,0.00
1765908000,-234.00,20261001,1,1228,1,0.06,207.63900000,207.09200000,154.70000,-234.00
1765964700,0.00,20261001,0,1230,1,0.06,207.26200000,207.75300000,155.66900,0.00
1765988173,-2952.00,20261001,1,1230,0,0.06,207.75400000,207.75300000,155.66900,-2952.00
1766049300,0.00,20261001,0,1232,0,0.01,208.42900000,208.07800000,155.52100,0.00
1766056535,-351.00,20261001,1,1232,1,0.01,208.07800000,208.07800000,155.52100,-351.00
1766395800,0.00,20261001,0,1234,0,0.06,211.03600000,210.67900000,157.03100,0.00
1766426400,900.00,20261001,1,1234,1,0.06,211.18600000,210.67900000,157.03100,900.00
1767000600,0.00,20261001,0,1236,1,0.01,210.62200000,211.08100000,156.01900,0.00
1767010864,-459.00,20261001,1,1236,0,0.01,211.08100000,211.08100000,156.01900,-459.00
1767178800,0.00,20261001,0,1238,1,0.06,210.29600000,210.62900000,156.70100,0.00
1767186878,-2004.00,20261001,1,1238,0,0.06,210.63000000,210.62900000,156.70100,-2004.00
1767609000,0.00,20261001,0,1240,1,0.06,210.57200000,211.03600000,156.30300,0.00
1767630641,-2784.00,20261001,1,1240,0,0.06,211.03600000,211.03600000,156.30300,-2784.00
1767780900,0.00,20261001,0,1242,1,0.01,211.06300000,211.49500000,156.74300,0.00
1767808800,-154.00,20261001,1,1242,0,0.01,211.21700000,211.49500000,156.74300,-154.00
1767866400,0.00,20261001,0,1244,1,0.01,210.37100000,210.91900000,156.85000,0.00
1767890282,-548.00,20261001,1,1244,0,0.01,210.91900000,210.91900000,156.85000,-548.00
1767951900,0.00,20261001,0,1246,0,0.01,211.41400000,210.80600000,157.82700,0.00
1767981600,409.00,20261001,1,1246,1,0.01,211.82300000,210.80600000,157.82700,409.00
1768216500,0.00,20261001,0,1248,0,0.01,212.39500000,211.89800000,158.04000,0.00
1768240800,474.00,20261001,1,1248,1,0.01,212.86900000,211.89800000,158.04000,474.00
1768468500,0.00,20261001,0,1250,0,0.01,213.18900000,212.74900000,158.58300,0.00
1768478753,-440.00,20261001,1,1250,1,0.01,212.74900000,212.74900000,158.58300,-440.00
1768815000,0.00,20261001,0,1252,0,0.01,211.65100000,210.98700000,158.03900,0.00
1768845600,487.00,20261001,1,1252,1,0.01,212.13800000,210.98700000,158.03900,487.00
1768900500,0.00,20261001,0,1254,0,0.01,212.95800000,212.25700000,158.12600,0.00
1768918982,-702.00,20261001,1,1254,1,0.01,212.25600000,212.25700000,158.12600,-702.00
1768990500,0.00,20261001,0,1256,1,0.01,212.19200000,212.50200000,158.27200,0.00
1769013509,-310.00,20261001,1,1256,0,0.01,212.50200000,212.50200000,158.27200,-310.00
1769074200,0.00,20261001,0,1258,0,0.01,213.32600000,212.69300000,158.31000,0.00
1769087801,-635.00,20261001,1,1258,1,0.01,212.69100000,212.69300000,158.31000,-635.00
1769159700,0.00,20261001,0,1260,0,0.01,214.41100000,213.85300000,155.64700,0.00
1769161408,-563.00,20261001,1,1260,1,0.01,213.84800000,213.85300000,155.64700,-563.00
1769161500,0.00,20261001,0,1262,1,0.06,212.65500000,214.01700000,155.64700,0.00
1769171379,-8184.00,20261001,1,1262,0,0.06,214.01900000,214.01700000,155.64700,-8184.00
1769679000,0.00,20261001,0,1264,0,0.01,212.05200000,211.53300000,153.08100,0.00
1769690906,-519.00,20261001,1,1264,1,0.01,211.53300000,211.53300000,153.08100,-519.00
1769772600,0.00,20261001,0,1266,0,0.01,211.95800000,211.42700000,154.76500,0.00
1769796000,-373.00,20261001,1,1266,1,0.01,211.58500000,211.42700000,154.76500,-373.00
1770119100,0.00,20261001,0,1268,0,0.01,213.07000000,212.61200000,155.70700,0.00
1770141600,294.00,20261001,1,1268,1,0.01,213.36400000,212.61200000,155.70700,294.00
1770199200,0.00,20261001,0,1270,0,0.01,214.55100000,213.61900000,156.82000,0.00
1770228000,-507.00,20261001,1,1270,1,0.01,214.04400000,213.61900000,156.82000,-507.00
1770290100,0.00,20261001,0,1272,1,0.01,213.33900000,213.92400000,156.98100,0.00
1770297820,-585.00,20261001,1,1272,0,0.01,213.92400000,213.92400000,156.98100,-585.00
1770376500,0.00,20261001,0,1274,0,0.01,213.08100000,212.16000000,157.08000,0.00
1770400800,435.00,20261001,1,1274,1,0.01,213.51600000,212.16000000,157.08000,435.00
1770975900,0.00,20261001,0,1276,0,0.01,208.93900000,208.13900000,152.61300,0.00
1771000915,-800.00,20261001,1,1276,1,0.01,208.13900000,208.13900000,152.61300,-800.00
1771233300,0.00,20261001,0,1278,0,0.01,209.09800000,208.39400000,153.41200,0.00
1771264800,111.00,20261001,1,1278,1,0.01,209.20900000,208.39400000,153.41200,111.00
1771319700,0.00,20261001,0,1280,1,0.01,207.53800000,208.91300000,153.26100,0.00
1771351200,-143.00,20261001,1,1280,0,0.01,207.68100000,208.91300000,153.26100,-143.00
1771407900,0.00,20261001,0,1282,0,0.01,208.33700000,207.86000000,154.78400,0.00
1771437600,644.00,20261001,1,1282,1,0.01,208.98100000,207.86000000,154.78400,644.00
1771844400,0.00,20261001,0,1284,0,0.01,209.11300000,208.56700000,154.59100,0.00
1771868879,-547.00,20261001,1,1284,1,0.01,208.56600000,208.56700000,154.59100,-547.00
1771924500,0.00,20261001,0,1286,0,0.01,209.88100000,208.81000000,155.81000,0.00
1771956000,817.00,20261001,1,1286,1,0.01,210.69800000,208.81000000,155.81000,817.00
1772013600,0.00,20261001,0,1288,0,0.01,210.90700000,210.33200000,156.28600,0.00
1772042400,711.00,20261001,1,1288,1,0.01,211.61800000,210.33200000,156.28600,711.00
1772100900,0.00,20261001,0,1290,1,0.01,211.16800000,211.63600000,156.10600,0.00
1772128800,281.00,20261001,1,1290,0,0.01,210.88700000,211.63600000,156.10600,281.00
1772529300,0.00,20261001,0,1292,1,0.01,209.91800000,210.81600000,157.72400,0.00
1772560800,-44.00,20261001,1,1292,0,0.01,209.96200000,210.81600000,157.72400,-44.00
1773053100,0.00,20261001,0,1294,0,0.01,211.42400000,210.91400000,157.64400,0.00
1773079200,446.00,20261001,1,1294,1,0.01,211.87000000,210.91400000,157.64400,446.00
1773138600,0.00,20261001,0,1296,0,0.01,212.05600000,211.74300000,158.03000,0.00
1773165600,302.00,20261001,1,1296,1,0.01,212.35800000,211.74300000,158.03000,302.00
1773314100,0.00,20261001,0,1298,1,0.01,212.49800000,212.91000000,159.34200,0.00
1773338400,-121.00,20261001,1,1298,0,0.01,212.61900000,212.91000000,159.34200,-121.00
1773395100,0.00,20261001,0,1300,1,0.01,212.23900000,212.63900000,159.71400,0.00
1773403231,960.00,20261001,1,1300,0,0.01,211.27900000,212.63900000,159.71400,960.00
1773915300,0.00,20261001,0,1302,1,0.01,211.51800000,212.10000000,157.67100,0.00
1773943200,-138.00,20261001,1,1302,0,0.01,211.65600000,212.10000000,157.67100,-138.00
1773998100,0.00,20261001,0,1304,0,0.01,212.38100000,211.87900000,159.21500,0.00
1774027348,-502.00,20261001,1,1304,1,0.01,211.87900000,211.87900000,159.21500,-502.00
1774347300,0.00,20261001,0,1306,0,0.06,212.94900000,212.49400000,158.69300,0.00
1774351839,-2730.00,20261001,1,1306,1,0.06,212.49400000,212.49400000,158.69300,-2730.00
1774607400,0.00,20261001,0,1308,0,0.01,213.07600000,212.76500000,160.24000,0.00
1774611759,-311.00,20261001,1,1308,1,0.01,212.76500000,212.76500000,160.24000,-311.00
1774865700,0.00,20261001,0,1310,1,0.01,211.69000000,212.26400000,159.69900,0.00
1774889610,1377.00,20261001,1,1310,0,0.01,210.31300000,212.26400000,159.69900,1377.00
1775041200,0.00,20261001,0,1312,0,0.01,210.56000000,209.98900000,158.78300,0.00
1775066400,690.00,20261001,1,1312,1,0.01,211.25000000,209.98900000,158.78300,690.00
1775121300,0.00,20261001,0,1314,1,0.01,210.40800000,211.01600000,159.51300,0.00
1775125590,-608.00,20261001,1,1314,0,0.01,211.01600000,211.01600000,159.51300,-608.00
1775213100,0.00,20261001,0,1316,0,0.01,211.29300000,210.85100000,159.50100,0.00
1775230229,-444.00,20261001,1,1316,1,0.01,210.84900000,210.85100000,159.50100,-444.00
1775469600,0.00,20261001,0,1318,0,0.01,210.99500000,210.51300000,159.67500,0.00
1775498400,419.00,20261001,1,1318,1,0.01,211.41400000,210.51300000,159.67500,419.00
1775554200,0.00,20261001,0,1320,0,0.01,211.54900000,211.25500000,159.52900,0.00
1775584800,332.00,20261001,1,1320,1,0.01,211.88100000,211.25500000,159.52900,332.00
1775729700,0.00,20261001,0,1322,0,0.01,212.81000000,212.40400000,158.91900,0.00
1775757600,733.00,20261001,1,1322,1,0.01,213.54300000,212.40400000,158.91900,733.00
1775812500,0.00,20261001,0,1324,0,0.01,213.76200000,213.50900000,159.18600,0.00
1775838560,608.00,20261001,1,1324,1,0.01,214.37000000,213.50900000,159.18600,608.00
1776075300,0.00,20261001,0,1326,0,0.01,214.27400000,213.78100000,159.43400,0.00
1776103200,512.00,20261001,1,1326,1,0.01,214.78600000,213.78100000,159.43400,512.00
1776330900,0.00,20261001,0,1328,0,0.01,215.71800000,215.29800000,159.09200,0.00
1776342578,-420.00,20261001,1,1328,1,0.01,215.29800000,215.29800000,159.09200,-420.00
1776855600,0.00,20261001,0,1330,0,0.01,215.37600000,215.13500000,159.45600,0.00
1776868055,-243.00,20261001,1,1330,1,0.01,215.13300000,215.13500000,159.45600,-243.00
1777030200,0.00,20261001,0,1332,0,0.01,215.31600000,214.99200000,159.29100,0.00
1777053600,24.00,20261001,1,1332,1,0.01,215.34000000,214.99200000,159.29100,24.00
1777369500,0.00,20261001,0,1334,1,0.01,215.12100000,215.54400000,159.60100,0.00
1777373857,-423.00,20261001,1,1334,0,0.01,215.54400000,215.54400000,159.60100,-423.00
1777540500,0.00,20261001,0,1336,0,0.01,216.28200000,216.00500000,156.55500,0.00
1777546647,-278.00,20261001,1,1336,1,0.01,216.00400000,216.00500000,156.55500,-278.00
1777548600,0.00,20261001,0,1338,1,0.06,215.78700000,216.08000000,156.55500,0.00
1777550187,4224.00,20261001,1,1338,0,0.06,215.08300000,216.08000000,156.55500,4224.00
1777629600,0.00,20261001,0,1340,1,0.06,212.26900000,213.52100000,156.93100,0.00
1777651717,-7518.00,20261001,1,1340,0,0.06,213.52200000,213.52100000,156.93100,-7518.00
1778231700,0.00,20261001,0,1342,0,0.01,212.97500000,212.52500000,156.62100,0.00
1778263200,427.00,20261001,1,1342,1,0.01,213.40200000,212.52500000,156.62100,427.00
1778584500,0.00,20261001,0,1344,1,0.01,212.80700000,213.64800000,157.60500,0.00
1778608800,-375.00,20261001,1,1344,0,0.01,213.18200000,213.64800000,157.60500,-375.00
1778837400,0.00,20261001,0,1346,1,0.01,211.50600000,211.98200000,158.78500,0.00
1778853097,-476.00,20261001,1,1346,0,0.01,211.98200000,211.98200000,158.78500,-476.00
1779095700,0.00,20261001,0,1348,0,0.01,211.92600000,211.41800000,158.81800,0.00
1779127200,820.00,20261001,1,1348,1,0.01,212.74600000,211.41800000,158.81800,820.00
1779449400,0.00,20261001,0,1350,0,0.01,213.70400000,213.33900000,159.12000,0.00
1779472800,13.00,20261001,1,1350,1,0.01,213.71700000,213.33900000,159.12000,13.00
1779704100,0.00,20261001,0,1352,0,0.01,214.36000000,213.80200000,158.87700,0.00
1779732000,184.00,20261001,1,1352,1,0.01,214.54400000,213.80200000,158.87700,184.00
1780305300,0.00,20261001,0,1354,0,0.01,214.76600000,214.45700000,159.63100,0.00
1780331639,-310.00,20261001,1,1354,1,0.01,214.45600000,214.45700000,159.63100,-310.00
1780391700,0.00,20261001,0,1356,0,0.01,215.20000000,214.81700000,159.89300,0.00
1780423200,165.00,20261001,1,1356,1,0.01,215.36500000,214.81700000,159.89300,165.00
1780652700,0.00,20261001,0,1358,0,0.06,214.90300000,214.65500000,160.23400,0.00
1780665665,3576.00,20261001,1,1358,1,0.06,215.49900000,214.65500000,160.23400,3576.00
1780996500,0.00,20261001,0,1360,0,0.01,214.07900000,213.70600000,160.34200,0.00
1781028000,601.00,20261001,1,1360,1,0.01,214.68000000,213.70600000,160.34200,601.00
1781082900,0.00,20261001,0,1362,0,0.01,214.78100000,214.44700000,160.52200,0.00
1781114400,282.00,20261001,1,1362,1,0.01,215.06300000,214.44700000,160.52200,282.00
1781173800,0.00,20261001,0,1364,0,0.01,214.91900000,214.53600000,159.90900,0.00
1781178779,-383.00,20261001,1,1364,1,0.01,214.53600000,214.53600000,159.90900,-383.00
1781609400,0.00,20261001,0,1366,0,0.06,215.08100000,214.73600000,160.35500,0.00
1781632800,1734.00,20261001,1,1366,1,0.06,215.37000000,214.73600000,160.35500,1734.00
1781775000,0.00,20261001,0,1368,0,0.01,214.04200000,213.45600000,161.36400,0.00
1781780619,-586.00,20261001,1,1368,1,0.01,213.45600000,213.45600000,161.36400,-586.00
1781868600,0.00,20261001,0,1370,0,0.06,213.22900000,212.75700000,161.23700,0.00
1781892000,-42.00,20261001,1,1370,1,0.06,213.22200000,212.75700000,161.23700,-42.00
