time,profit,magic,entry,position_id,type,volume,price,sl,usdjpy,profit_jpy
1624360500,0.00,20261001,0,2,1,0.01,153.27500000,153.77200000,110.60500,0.00
1624378052,-497.00,20261001,1,2,0,0.01,153.77200000,153.77200000,110.60500,-497.00
1624454100,0.00,20261001,0,4,0,0.01,155.13200000,154.23300000,110.94200,0.00
1624485600,-185.00,20261001,1,4,1,0.01,154.94700000,154.23300000,110.94200,-185.00
1624544100,0.00,20261001,0,6,1,0.01,154.29700000,155.14300000,110.85200,0.00
1624572000,-93.00,20261001,1,6,0,0.01,154.39000000,155.14300000,110.85200,-93.00
1624619700,0.00,20261001,0,8,1,0.01,153.96300000,154.53300000,110.76800,0.00
1624658400,162.00,20261001,1,8,0,0.01,153.80100000,154.53300000,110.76800,162.00
1624968000,0.00,20261001,0,10,1,0.01,153.02800000,153.53900000,110.45200,0.00
1625004000,-37.00,20261001,1,10,0,0.01,153.06500000,153.53900000,110.45200,-37.00
1625062500,0.00,20261001,0,12,0,0.06,153.21800000,152.69900000,111.09200,0.00
1625090400,696.00,20261001,1,12,1,0.06,153.33400000,152.69900000,111.09200,696.00
1625571000,0.00,20261001,0,14,1,0.06,153.51000000,154.07100000,110.60500,0.00
1625600070,6744.00,20261001,1,14,0,0.06,152.38600000,154.07100000,110.60500,6744.00
1625663700,0.00,20261001,0,16,0,0.01,153.01000000,152.32900000,110.60100,0.00
1625679298,-681.00,20261001,1,16,1,0.01,152.32900000,152.32900000,110.60100,-681.00
1625831100,0.00,20261001,0,18,0,0.01,151.74100000,151.16900000,110.09200,0.00
1625863542,1148.00,20261001,1,18,1,0.01,152.88900000,151.16900000,110.09200,1148.00
1626091200,0.00,20261001,0,20,1,0.01,152.58700000,153.25300000,110.34800,0.00
1626109625,-666.00,20261001,1,20,0,0.01,153.25300000,153.25300000,110.34800,-666.00
1626174900,0.00,20261001,0,22,1,0.01,152.97700000,153.48400000,110.62200,0.00
1626213600,125.00,20261001,1,22,0,0.01,152.85200000,153.48400000,110.62200,125.00
1626270300,0.00,20261001,0,24,0,0.01,153.23300000,152.60500000,109.94300,0.00
1626285462,-631.00,20261001,1,24,1,0.01,152.60200000,152.60500000,109.94300,-631.00
1626354900,0.00,20261001,0,26,0,0.06,152.62400000,151.60400000,109.80400,0.00
1626386400,-5736.00,20261001,1,26,1,0.06,151.66800000,151.60400000,109.80400,-5736.00
1626434100,0.00,20261001,0,28,0,0.01,152.31600000,151.75700000,110.07200,0.00
1626456271,-566.00,20261001,1,28,1,0.01,151.75000000,151.75700000,110.07200,-566.00
1626695100,0.00,20261001,0,30,1,0.01,150.41600000,151.51900000,109.37600,0.00
1626732000,883.00,20261001,1,30,0,0.01,149.53300000,151.51900000,109.37600,883.00
1626788700,0.00,20261001,0,32,1,0.01,149.16700000,149.97200000,109.81400,0.00
1626818400,-476.00,20261001,1,32,0,0.01,149.64300000,149.97200000,109.81400,-476.00
1626867000,0.00,20261001,0,34,0,0.01,150.04000000,149.28600000,110.28500,0.00
1626904800,1197.00,20261001,1,34,1,0.01,151.23700000,149.28600000,110.28500,1197.00
1626961500,0.00,20261001,0,36,0,0.01,151.85000000,150.73500000,110.09300,0.00
1626991200,-138.00,20261001,1,36,1,0.01,151.71200000,150.73500000,110.09300,-138.00
1627303500,0.00,20261001,0,38,0,0.06,152.20900000,151.42500000,110.36200,0.00
1627336800,1602.00,20261001,1,38,1,0.06,152.47600000,151.42500000,110.36200,1602.00
1627473600,0.00,20261001,0,40,0,0.01,152.73900000,152.17800000,109.90000,0.00
1627509600,182.00,20261001,1,40,1,0.01,152.92100000,152.17800000,109.90000,182.00
1627560000,0.00,20261001,0,42,0,0.01,153.28800000,152.51300000,109.46400,0.00
1627596000,-368.00,20261001,1,42,1,0.01,152.92000000,152.51300000,109.46400,-368.00
1627648200,0.00,20261001,0,44,0,0.01,153.22200000,152.62800000,109.65000,0.00
1627667789,-595.00,20261001,1,44,1,0.01,152.62700000,152.62800000,109.65000,-595.00
1627912800,0.00,20261001,0,46,1,0.06,152.22100000,152.85700000,109.29500,0.00
1627941600,2556.00,20261001,1,46,0,0.06,151.79500000,152.85700000,109.29500,2556.00
1627998300,0.00,20261001,0,48,0,0.01,152.09200000,151.54000000,109.01200,0.00
1628007281,-552.00,20261001,1,48,1,0.01,151.54000000,151.54000000,109.01200,-552.00
1628507700,0.00,20261001,0,50,1,0.01,152.68700000,153.07000000,110.21300,0.00
1628546400,-99.00,20261001,1,50,0,0.01,152.78600000,153.07000000,110.21300,-99.00
1628594100,0.00,20261001,0,52,0,0.01,153.12900000,152.62000000,110.54500,0.00
1628632800,-95.00,20261001,1,52,1,0.01,153.03400000,152.62000000,110.54500,-95.00
1628854200,0.00,20261001,0,54,1,0.01,152.12500000,152.55100000,109.58700,0.00
1628892000,136.00,20261001,1,54,0,0.01,151.98900000,152.55100000,109.58700,136.00
1629294300,0.00,20261001,0,56,0,0.01,150.92600000,150.43700000,109.75700,0.00
1629324000,295.00,20261001,1,56,1,0.01,151.22100000,150.43700000,109.75700,295.00
1629804600,0.00,20261001,0,58,1,0.06,150.34200000,151.01000000,109.50200,0.00
1629842400,-1644.00,20261001,1,58,0,0.06,150.61600000,151.01000000,109.50200,-1644.00
1629891000,0.00,20261001,0,60,0,0.01,150.90000000,150.44200000,109.99900,0.00
1629928800,457.00,20261001,1,60,1,0.01,151.35700000,150.44200000,109.99900,457.00
1630074600,0.00,20261001,0,62,0,0.01,151.07400000,150.45900000,109.84100,0.00
1630101600,132.00,20261001,1,62,1,0.01,151.20600000,150.45900000,109.84100,132.00
1630676700,0.00,20261001,0,64,1,0.06,151.95800000,152.29500000,109.70200,0.00
1630702299,-2022.00,20261001,1,64,0,0.06,152.29500000,152.29500000,109.70200,-2022.00
1631020500,0.00,20261001,0,66,1,0.06,151.78000000,152.21900000,110.25200,0.00
1631052000,-1704.00,20261001,1,66,0,0.06,152.06400000,152.21900000,110.25200,-1704.00
1631099700,0.00,20261001,0,68,1,0.01,151.59400000,152.09200000,110.21400,0.00
1631138400,-308.00,20261001,1,68,0,0.01,151.90200000,152.09200000,110.21400,-308.00
1631190600,0.00,20261001,0,70,0,0.06,151.88500000,151.42100000,109.68700,0.00
1631224800,-564.00,20261001,1,70,1,0.06,151.79100000,151.42100000,109.68700,-564.00
1631538900,0.00,20261001,0,72,0,0.01,152.28500000,151.88900000,109.92300,0.00
1631570400,-120.00,20261001,1,72,1,0.01,152.16500000,151.88900000,109.92300,-120.00
1631627100,0.00,20261001,0,74,0,0.01,152.72000000,152.17000000,109.67900,0.00
1631640279,-550.00,20261001,1,74,1,0.01,152.17000000,152.17000000,109.67900,-550.00
1631709000,0.00,20261001,0,76,1,0.01,151.12700000,151.55800000,109.36000,0.00
1631743200,-199.00,20261001,1,76,0,0.01,151.32600000,151.55800000,109.36000,-199.00
1631879100,0.00,20261001,0,78,0,0.01,151.84800000,151.30400000,109.96400,0.00
1631899001,-544.00,20261001,1,78,1,0.01,151.30400000,151.30400000,109.96400,-544.00
1632222900,0.00,20261001,0,80,0,0.01,150.12200000,149.29000000,109.20900,0.00
1632240999,-833.00,20261001,1,80,1,0.01,149.28900000,149.29000000,109.20900,-833.00
1632395700,0.00,20261001,0,82,0,0.01,150.26600000,149.47500000,110.31400,0.00
1632434400,1119.00,20261001,1,82,1,0.01,151.38500000,149.47500000,110.31400,1119.00
1632482100,0.00,20261001,0,84,1,0.06,151.18300000,151.73500000,110.72500,0.00
1632520800,-1044.00,20261001,1,84,0,0.06,151.35700000,151.73500000,110.72500,-1044.00
1632742200,0.00,20261001,0,86,0,0.01,151.82500000,151.12300000,110.99400,0.00
1632780000,353.00,20261001,1,86,1,0.01,152.17800000,151.12300000,110.99400,353.00
1632834000,0.00,20261001,0,88,1,0.06,151.87400000,152.57000000,111.46200,0.00
1632866400,5130.00,20261001,1,88,0,0.06,151.01900000,152.57000000,111.46200,5130.00
1632914100,0.00,20261001,0,90,1,0.01,150.41900000,151.19500000,111.94900,0.00
1632952800,-36.00,20261001,1,90,0,0.01,150.45500000,151.19500000,111.94900,-36.00
1633095000,0.00,20261001,0,92,0,0.06,150.20200000,149.22700000,111.06100,0.00
1633125600,1938.00,20261001,1,92,1,0.06,150.52500000,149.22700000,111.06100,1938.00
1633348800,0.00,20261001,0,94,0,0.01,150.79600000,150.18100000,110.91300,0.00
1633384800,187.00,20261001,1,94,1,0.01,150.98300000,150.18100000,110.91300,187.00
1633434300,0.00,20261001,0,96,0,0.01,151.42300000,150.74500000,111.45100,0.00
1633471200,526.00,20261001,1,96,1,0.01,151.94900000,150.74500000,111.45100,526.00
1633518900,0.00,20261001,0,98,1,0.01,151.38300000,152.15800000,111.38300,0.00
1633557600,47.00,20261001,1,98,0,0.01,151.33600000,152.15800000,111.38300,47.00
1633605300,0.00,20261001,0,100,1,0.01,151.10600000,151.55700000,111.61100,0.00
1633609048,-451.00,20261001,1,100,0,0.01,151.55700000,151.55700000,111.61100,-451.00
1633616100,0.00,20261001,0,102,0,0.06,151.61100000,151.13900000,111.61100,0.00
1633644000,2556.00,20261001,1,102,1,0.06,152.03700000,151.13900000,111.61100,2556.00
1633698000,0.00,20261001,0,104,0,0.01,152.41100000,151.93200000,112.21800,0.00
1633730400,408.00,20261001,1,104,1,0.01,152.81900000,151.93200000,112.21800,408.00
1634040900,0.00,20261001,0,106,0,0.06,154.37700000,153.67800000,113.59600,0.00
1634076000,762.00,20261001,1,106,1,0.06,154.50400000,153.67800000,113.59600,762.00
1634124600,0.00,20261001,0,108,0,0.01,154.79100000,154.10700000,113.23900,0.00
1634162400,-151.00,20261001,1,108,1,0.01,154.64000000,154.10700000,113.23900,-151.00
1634211900,0.00,20261001,0,110,0,0.01,155.54700000,154.67600000,113.66700,0.00
1634248800,9.00,20261001,1,110,1,0.01,155.55600000,154.67600000,113.66700,9.00
1634296500,0.00,20261001,0,112,0,0.01,156.71000000,155.40100000,114.24300,0.00
1634335200,375.00,20261001,1,112,1,0.01,157.08500000,155.40100000,114.24300,375.00
1634646600,0.00,20261001,0,114,0,0.01,157.40100000,156.87300000,114.36100,0.00
1634680800,310.00,20261001,1,114,1,0.01,157.71100000,156.87300000,114.36100,310.00
1634740200,0.00,20261001,0,116,1,0.01,157.31900000,158.21700000,114.22300,0.00
1634767200,-641.00,20261001,1,116,0,0.01,157.96000000,158.21700000,114.22300,-641.00
1635251400,0.00,20261001,0,118,0,0.01,157.20000000,156.46900000,114.14000,0.00
1635285600,-48.00,20261001,1,118,1,0.01,157.15200000,156.46900000,114.14000,-48.00
1635335100,0.00,20261001,0,120,1,0.01,156.13600000,157.26800000,113.79800,0.00
1635372000,-256.00,20261001,1,120,0,0.01,156.39200000,157.26800000,113.79800,-256.00
1635518700,0.00,20261001,0,122,0,0.01,157.01700000,156.35600000,113.95200,0.00
1635527372,-668.00,20261001,1,122,1,0.01,156.34900000,156.35600000,113.95200,-668.00
1635774300,0.00,20261001,0,124,1,0.06,155.87000000,156.44400000,113.98600,0.00
1635804000,1092.00,20261001,1,124,0,0.06,155.68800000,156.44400000,113.98600,1092.00
1635854400,0.00,20261001,0,126,1,0.01,154.74200000,155.89000000,113.94900,0.00
1635890400,-440.00,20261001,1,126,0,0.01,155.18200000,155.89000000,113.94900,-440.00
1636024500,0.00,20261001,0,128,1,0.06,155.79400000,156.24800000,113.73900,0.00
1636038032,5814.00,20261001,1,128,0,0.06,154.82500000,156.24800000,113.73900,5814.00
1636112700,0.00,20261001,0,130,1,0.06,153.09200000,153.77800000,113.38200,0.00
1636149600,1254.00,20261001,1,130,0,0.06,152.88300000,153.77800000,113.38200,1254.00
1636380000,0.00,20261001,0,132,0,0.01,153.37300000,152.70500000,113.21200,0.00
1636408800,112.00,20261001,1,132,1,0.01,153.48500000,152.70500000,113.21200,112.00
1636554600,0.00,20261001,0,134,1,0.06,152.83300000,153.37300000,113.89500,0.00
1636560391,-3264.00,20261001,1,134,0,0.06,153.37700000,153.37300000,113.89500,-3264.00
1636977600,0.00,20261001,0,136,1,0.01,152.68200000,153.13200000,114.11000,0.00
1636995905,-455.00,20261001,1,136,0,0.01,153.13700000,153.13200000,114.11000,-455.00
1637234100,0.00,20261001,0,138,0,0.01,154.20100000,153.70800000,114.23900,0.00
1637272800,14.00,20261001,1,138,1,0.01,154.21500000,153.70800000,114.23900,14.00
1637321400,0.00,20261001,0,140,1,0.01,153.43200000,154.44900000,114.00400,0.00
1637359200,222.00,20261001,1,140,0,0.01,153.21000000,154.44900000,114.00400,222.00
1637755200,0.00,20261001,0,142,1,0.01,153.54200000,154.15200000,115.40600,0.00
1637791200,-278.00,20261001,1,142,0,0.01,153.82000000,154.15200000,115.40600,-278.00
1638443700,0.00,20261001,0,144,0,0.01,150.78300000,149.72800000,113.00700,0.00
1638482400,-300.00,20261001,1,144,1,0.01,150.48300000,149.72800000,113.00700,-300.00
1638789300,0.00,20261001,0,146,0,0.01,150.17800000,149.35300000,113.43400,0.00
1638828000,279.00,20261001,1,146,1,0.01,150.45700000,149.35300000,113.43400,279.00
1638886500,0.00,20261001,0,148,1,0.06,150.34300000,151.12800000,113.57100,0.00
1638914400,-462.00,20261001,1,148,0,0.06,150.42000000,151.12800000,113.57100,-462.00
1638967500,0.00,20261001,0,150,1,0.06,149.70600000,150.52700000,113.61600,0.00
1638978941,-4926.00,20261001,1,150,0,0.06,150.52700000,150.52700000,113.61600,-4926.00
1639060200,0.00,20261001,0,152,1,0.01,149.60200000,150.31500000,113.45000,0.00
1639087200,-278.00,20261001,1,152,0,0.01,149.88000000,150.31500000,113.45000,-278.00
1639396800,0.00,20261001,0,154,0,0.06,150.61000000,150.07800000,113.48800,0.00
1639420085,-3222.00,20261001,1,154,1,0.06,150.07300000,150.07800000,113.48800,-3222.00
1639481400,0.00,20261001,0,156,0,0.01,150.28500000,149.76100000,113.60100,0.00
1639519200,87.00,20261001,1,156,1,0.01,150.37200000,149.76100000,113.60100,87.00
1639664100,0.00,20261001,0,158,0,0.01,152.58700000,151.11000000,113.60200,0.00
1639692000,-1394.00,20261001,1,158,1,0.01,151.19300000,151.11000000,113.60200,-1394.00
1639743300,0.00,20261001,0,160,1,0.01,151.08800000,151.71700000,113.69800,0.00
1639778400,423.00,20261001,1,160,0,0.01,150.66500000,151.71700000,113.69800,423.00
1639999800,0.00,20261001,0,162,1,0.01,149.55400000,150.51100000,113.52100,0.00
1640037600,-571.00,20261001,1,162,0,0.01,150.12500000,150.51100000,113.52100,-571.00
1640086200,0.00,20261001,0,164,0,0.01,150.54500000,149.88800000,114.05400,0.00
1640124000,806.00,20261001,1,164,1,0.01,151.35100000,149.88800000,114.05400,806.00
1640173500,0.00,20261001,0,166,0,0.01,151.85700000,151.09700000,114.05600,0.00
1640210400,662.00,20261001,1,166,1,0.01,152.51900000,151.09700000,114.05600,662.00
1640259900,0.00,20261001,0,168,0,0.01,153.08700000,152.24400000,114.37400,0.00
1640296800,481.00,20261001,1,168,1,0.01,153.56800000,152.24400000,114.37400,481.00
1640615400,0.00,20261001,0,170,0,0.01,153.78900000,153.16200000,114.80700,0.00
1640642400,658.00,20261001,1,170,1,0.01,154.44700000,153.16200000,114.80700,658.00
1640863800,0.00,20261001,0,172,1,0.01,154.95400000,155.35100000,115.02800,0.00
1640874325,-397.00,20261001,1,172,0,0.01,155.35100000,155.35100000,115.02800,-397.00
1640875500,0.00,20261001,0,174,0,0.06,155.41700000,154.95400000,115.02800,0.00
1640901600,132.00,20261001,1,174,1,0.06,155.43900000,154.95400000,115.02800,132.00
1640958300,0.00,20261001,0,176,1,0.06,155.22400000,155.61800000,115.01900,0.00
1640968505,-2382.00,20261001,1,176,0,0.06,155.62100000,155.61800000,115.01900,-2382.00
1641214800,0.00,20261001,0,178,1,0.06,155.48500000,155.92100000,115.31500,0.00
1641247200,-234.00,20261001,1,178,0,0.06,155.52400000,155.92100000,115.31500,-234.00
1641295800,0.00,20261001,0,180,0,0.01,156.48300000,155.34400000,116.12000,0.00
1641333600,672.00,20261001,1,180,1,0.01,157.15500000,155.34400000,116.12000,672.00
1641384000,0.00,20261001,0,182,1,0.01,156.77200000,157.29600000,116.06500,0.00
1641407416,-525.00,20261001,1,182,0,0.01,157.29700000,157.29600000,116.06500,-525.00
1641820500,0.00,20261001,0,184,1,0.06,156.94600000,157.37700000,115.13500,0.00
1641833319,5172.00,20261001,1,184,0,0.06,156.08400000,157.37700000,115.13500,5172.00
1641899700,0.00,20261001,0,186,0,0.01,157.11200000,156.40400000,115.28500,0.00
1641938400,74.00,20261001,1,186,1,0.01,157.18600000,156.40400000,115.28500,74.00
1642073400,0.00,20261001,0,188,0,0.01,157.46400000,156.99000000,114.15400,0.00
1642084527,-476.00,20261001,1,188,1,0.01,156.98800000,156.99000000,114.15400,-476.00
1642085100,0.00,20261001,0,190,1,0.06,156.86200000,157.33600000,114.15400,0.00
1642111200,2124.00,20261001,1,190,0,0.06,156.50800000,157.33600000,114.15400,2124.00
1642170600,0.00,20261001,0,192,1,0.01,155.93700000,156.61800000,114.18600,0.00
1642197600,-174.00,20261001,1,192,0,0.01,156.11100000,156.61800000,114.18600,-174.00
1642421700,0.00,20261001,0,194,0,0.01,156.67000000,156.13200000,114.59400,0.00
1642456800,-324.00,20261001,1,194,1,0.01,156.34600000,156.13200000,114.59400,-324.00
1642504500,0.00,20261001,0,196,1,0.06,156.21100000,156.90700000,114.60400,0.00
1642543200,2100.00,20261001,1,196,0,0.06,155.86100000,156.90700000,114.60400,2100.00
1642598100,0.00,20261001,0,198,0,0.06,156.16400000,155.39900000,114.31200,0.00
1642629600,-3054.00,20261001,1,198,1,0.06,155.65500000,155.39900000,114.31200,-3054.00
1642688100,0.00,20261001,0,200,1,0.06,155.43900000,156.06200000,114.08000,0.00
1642716000,72.00,20261001,1,200,0,0.06,155.42700000,156.06200000,114.08000,72.00
1642771800,0.00,20261001,0,202,1,0.01,154.30900000,155.20500000,113.66900,0.00
1642802400,238.00,20261001,1,202,0,0.01,154.07100000,155.20500000,113.66900,238.00
1643022900,0.00,20261001,0,204,1,0.01,153.68000000,154.48700000,113.86500,0.00
1643061600,268.00,20261001,1,204,0,0.01,153.41200000,154.48700000,113.86500,268.00
1643201100,0.00,20261001,0,206,0,0.01,154.30200000,153.66900000,114.55300,0.00
1643234400,-71.00,20261001,1,206,1,0.01,154.23100000,153.66900000,114.55300,-71.00
1643287500,0.00,20261001,0,208,0,0.06,154.61600000,153.81800000,115.34900,0.00
1643320800,-2478.00,20261001,1,208,1,0.06,154.20300000,153.81800000,115.34900,-2478.00
1643631300,0.00,20261001,0,210,0,0.01,155.23800000,154.39100000,115.04400,0.00
1643666400,-488.00,20261001,1,210,1,0.01,154.75000000,154.39100000,115.04400,-488.00
1643886900,0.00,20261001,0,212,0,0.01,155.51700000,155.04400000,114.94700,0.00
1643897682,955.00,20261001,1,212,1,0.01,156.47200000,155.04400000,114.94700,955.00
1643974200,0.00,20261001,0,214,1,0.01,156.09000000,156.50300000,115.16400,0.00
1644012000,153.00,20261001,1,214,0,0.01,155.93700000,156.50300000,115.16400,153.00
1644233400,0.00,20261001,0,216,1,0.01,155.60900000,156.16600000,115.04600,0.00
1644271200,-178.00,20261001,1,216,0,0.01,155.78700000,156.16600000,115.04600,-178.00
1644320700,0.00,20261001,0,218,0,0.01,156.29600000,155.67700000,115.52800,0.00
1644357600,171.00,20261001,1,218,1,0.01,156.46700000,155.67700000,115.52800,171.00
1644408900,0.00,20261001,0,220,0,0.01,156.74600000,156.27900000,115.44500,0.00
1644433096,-469.00,20261001,1,220,1,0.01,156.27700000,156.27900000,115.44500,-469.00
1644491700,0.00,20261001,0,222,0,0.01,157.00200000,156.24600000,115.93800,0.00
1644530400,328.00,20261001,1,222,1,0.01,157.33000000,156.24600000,115.93800,328.00
1644588900,0.00,20261001,0,224,0,0.06,157.49100000,156.70500000,115.26000,0.00
1644612404,-4716.00,20261001,1,224,1,0.06,156.70500000,156.70500000,115.26000,-4716.00
1645614900,0.00,20261001,0,226,0,0.01,156.74800000,156.25800000,114.97500,0.00
1645635641,-493.00,20261001,1,226,1,0.01,156.25500000,156.25800000,114.97500,-493.00
1646051400,0.00,20261001,0,228,0,0.01,154.80300000,153.90800000,114.96900,0.00
1646085600,-744.00,20261001,1,228,1,0.01,154.05900000,153.90800000,114.96900,-744.00
1646134200,0.00,20261001,0,230,1,0.06,154.16500000,154.68300000,114.87800,0.00
1646159721,6246.00,20261001,1,230,0,0.06,153.12400000,154.68300000,114.87800,6246.00
1646225100,0.00,20261001,0,232,0,0.01,153.56100000,152.81200000,115.51300,0.00
1646258400,1026.00,20261001,1,232,1,0.01,154.58700000,152.81200000,115.51300,1026.00
1646399700,0.00,20261001,0,234,1,0.01,153.42300000,154.21900000,114.71800,0.00
1646415759,1592.00,20261001,1,234,0,0.01,151.83100000,154.21900000,114.71800,1592.00
1646740800,0.00,20261001,0,236,0,0.01,151.66900000,150.97600000,115.56600,0.00
1646776800,34.00,20261001,1,236,1,0.01,151.70300000,150.97600000,115.56600,34.00
1646825400,0.00,20261001,0,238,0,0.01,152.26500000,151.44000000,115.77800,0.00
1646863200,434.00,20261001,1,238,1,0.01,152.69900000,151.44000000,115.77800,434.00
1647004500,0.00,20261001,0,240,0,0.01,153.07000000,151.94000000,117.24400,0.00
1647036000,-66.00,20261001,1,240,1,0.01,153.00400000,151.94000000,117.24400,-66.00
1647256500,0.00,20261001,0,242,0,0.01,153.65300000,152.86900000,118.17300,0.00
1647295200,68.00,20261001,1,242,1,0.01,153.72100000,152.86900000,118.17300,68.00
1647343800,0.00,20261001,0,244,1,0.06,153.44900000,154.49400000,118.28200,0.00
1647368977,-6270.00,20261001,1,244,0,0.06,154.49400000,154.49400000,118.28200,-6270.00
1647947700,0.00,20261001,0,246,0,0.01,158.42700000,157.23600000,120.76300,0.00
1647986400,1577.00,20261001,1,246,1,0.01,160.00400000,157.23600000,120.76300,1577.00
1648035900,0.00,20261001,0,248,1,0.06,160.06200000,161.09600000,121.14100,0.00
1648072800,630.00,20261001,1,248,0,0.06,159.95700000,161.09600000,121.14100,630.00
1648208700,0.00,20261001,0,250,1,0.01,160.05900000,161.49600000,121.96800,0.00
1648245600,-961.00,20261001,1,250,0,0.01,161.02000000,161.49600000,121.96800,-961.00
1649244600,0.00,20261001,0,252,0,0.01,162.16100000,161.51900000,123.75000,0.00
1649282400,-406.00,20261001,1,252,1,0.01,161.75500000,161.51900000,123.75000,-406.00
1649675700,0.00,20261001,0,254,0,0.01,163.17500000,161.76800000,125.33400,0.00
1649714400,323.00,20261001,1,254,1,0.01,163.49800000,161.76800000,125.33400,323.00
1650983400,0.00,20261001,0,256,1,0.01,161.97400000,163.59900000,127.21100,0.00
1651010400,1382.00,20261001,1,256,0,0.01,160.59200000,163.59900000,127.21100,1382.00
1651234500,0.00,20261001,0,258,0,0.01,163.60000000,162.89400000,129.61400,0.00
1651253801,-706.00,20261001,1,258,1,0.01,162.89400000,162.89400000,129.61400,-706.00
1651500900,0.00,20261001,0,260,1,0.06,163.18900000,163.88600000,130.08400,0.00
1651528800,5166.00,20261001,1,260,0,0.06,162.32800000,163.88600000,130.08400,5166.00
1651576500,0.00,20261001,0,262,0,0.01,163.36000000,162.48800000,130.12900,0.00
1651600663,-873.00,20261001,1,262,1,0.01,162.48700000,162.48800000,130.12900,-873.00
1651760100,0.00,20261001,0,264,1,0.01,161.59000000,163.56500000,130.12500,0.00
1651788000,552.00,20261001,1,264,0,0.01,161.03800000,163.56500000,130.12500,552.00
1652101200,0.00,20261001,0,266,0,0.01,161.57300000,160.72800000,130.26400,0.00
1652118059,-845.00,20261001,1,266,1,0.01,160.72800000,160.72800000,130.26400,-845.00
1652279400,0.00,20261001,0,268,1,0.01,160.13200000,160.87700000,129.92600,0.00
1652285562,-745.00,20261001,1,268,0,0.01,160.87700000,160.87700000,129.92600,-745.00
1652874300,0.00,20261001,0,270,1,0.01,159.95100000,161.78500000,128.21100,0.00
1652911200,1797.00,20261001,1,270,0,0.01,158.15400000,161.78500000,128.21100,1797.00
1653048900,0.00,20261001,0,272,0,0.01,160.15000000,158.72900000,127.79300,0.00
1653084000,-782.00,20261001,1,272,1,0.01,159.36800000,158.72900000,127.79300,-782.00
1653392700,0.00,20261001,0,274,1,0.01,159.04200000,160.93800000,126.77300,0.00
1653429600,382.00,20261001,1,274,0,0.01,158.66000000,160.93800000,126.77300,382.00
1653487200,0.00,20261001,0,276,1,0.06,158.78000000,159.70200000,127.23600,0.00
1653500056,-5532.00,20261001,1,276,0,0.06,159.70200000,159.70200000,127.23600,-5532.00
1653567300,0.00,20261001,0,278,1,0.01,159.06900000,160.82900000,127.10100,0.00
1653602400,-1116.00,20261001,1,278,0,0.01,160.18500000,160.82900000,127.10100,-1116.00
1654170300,0.00,20261001,0,280,0,0.01,162.94000000,162.10600000,129.78700,0.00
1654207200,243.00,20261001,1,280,1,0.01,163.18300000,162.10600000,129.78700,243.00
1654514100,0.00,20261001,0,282,0,0.01,164.44500000,162.90400000,131.84900,0.00
1654552800,1005.00,20261001,1,282,1,0.01,165.45000000,162.90400000,131.84900,1005.00
1654600500,0.00,20261001,0,284,0,0.01,166.17800000,165.23600000,132.52600,0.00
1654639200,666.00,20261001,1,284,1,0.01,166.84400000,165.23600000,132.52600,666.00
1654695900,0.00,20261001,0,286,0,0.01,167.93600000,166.93100000,134.22100,0.00
1654725600,296.00,20261001,1,286,1,0.01,168.23200000,166.93100000,134.22100,296.00
1654868700,0.00,20261001,0,288,1,0.01,166.53700000,168.01300000,134.37900,0.00
1654898400,1063.00,20261001,1,288,0,0.01,165.47400000,168.01300000,134.37900,1063.00
1655118900,0.00,20261001,0,290,1,0.01,164.42700000,166.12800000,134.40700,0.00
1655157600,1376.00,20261001,1,290,0,0.01,163.05100000,166.12800000,134.40700,1376.00
1655211600,0.00,20261001,0,292,1,0.06,162.46200000,164.31700000,135.46000,0.00
1655244000,3204.00,20261001,1,292,0,0.06,161.92800000,164.31700000,135.46000,3204.00
1655304300,0.00,20261001,0,294,0,0.06,162.85400000,161.72000000,133.81300,0.00
1655330400,-1554.00,20261001,1,294,1,0.06,162.59500000,161.72000000,133.81300,-1554.00
1655379000,0.00,20261001,0,296,1,0.01,161.51200000,163.79400000,132.15800,0.00
1655411955,-2282.00,20261001,1,296,0,0.01,163.79400000,163.79400000,132.15800,-2282.00
1655736300,0.00,20261001,0,298,0,0.06,165.65300000,164.46400000,134.95300,0.00
1655762400,-1626.00,20261001,1,298,1,0.06,165.38200000,164.46400000,134.95300,-1626.00
1655811000,0.00,20261001,0,300,0,0.01,166.45400000,165.33600000,136.45200,0.00
1655848800,1144.00,20261001,1,300,1,0.01,167.59800000,165.33600000,136.45200,1144.00
1656072900,0.00,20261001,0,302,0,0.06,165.74800000,164.79800000,135.21200,0.00
1656108000,1014.00,20261001,1,302,1,0.06,165.91700000,164.79800000,135.21200,1014.00
1656598500,0.00,20261001,0,304,1,0.01,165.06200000,165.82400000,135.70000,0.00
1656626400,-100.00,20261001,1,304,0,0.01,165.16200000,165.82400000,135.70000,-100.00
1656684000,0.00,20261001,0,306,1,0.01,163.16700000,165.31400000,135.19600,0.00
1656712800,-448.00,20261001,1,306,0,0.01,163.61500000,165.31400000,135.19600,-448.00
1656938700,0.00,20261001,0,308,0,0.01,164.35200000,162.99600000,135.48100,0.00
1656972000,-37.00,20261001,1,308,1,0.01,164.31500000,162.99600000,135.48100,-37.00
1657019700,0.00,20261001,0,310,1,0.06,163.99800000,165.27800000,135.74100,0.00
1657058400,11418.00,20261001,1,310,0,0.06,162.09500000,165.27800000,135.74100,11418.00
1657192500,0.00,20261001,0,312,0,0.01,162.93200000,161.57800000,135.97000,0.00
1657231200,575.00,20261001,1,312,1,0.01,163.50700000,161.57800000,135.97000,575.00
1657279800,0.00,20261001,0,314,1,0.01,161.90100000,163.93200000,136.01900,0.00
1657317600,-1903.00,20261001,1,314,0,0.01,163.80400000,163.93200000,136.01900,-1903.00
1657624500,0.00,20261001,0,316,1,0.01,162.09600000,163.55200000,136.86300,0.00
1657663200,-636.00,20261001,1,316,0,0.01,162.73200000,163.55200000,136.86300,-636.00
1658142900,0.00,20261001,0,318,0,0.01,165.04900000,164.16800000,138.11600,0.00
1658181600,-31.00,20261001,1,318,1,0.01,165.01800000,164.16800000,138.11600,-31.00
1658324700,0.00,20261001,0,320,1,0.01,165.50200000,166.24500000,138.08100,0.00
1658354400,53.00,20261001,1,320,0,0.01,165.44900000,166.24500000,138.08100,53.00
1658495700,0.00,20261001,0,322,1,0.01,164.04700000,165.14600000,136.04800,0.00
1658527200,921.00,20261001,1,322,0,0.01,163.12600000,165.14600000,136.04800,921.00
1658749500,0.00,20261001,0,324,0,0.01,163.82000000,162.99200000,136.65200,0.00
1658786400,901.00,20261001,1,324,1,0.01,164.72100000,162.99200000,136.65200,901.00
1658837700,0.00,20261001,0,326,1,0.01,164.25400000,164.96600000,136.77200,0.00
1658872800,-157.00,20261001,1,326,0,0.01,164.41100000,164.96600000,136.77200,-157.00
1659012300,0.00,20261001,0,328,1,0.01,164.50100000,166.07400000,134.24000,0.00
1659045600,1261.00,20261001,1,328,0,0.01,163.24000000,166.07400000,134.24000,1261.00
1659614400,0.00,20261001,0,330,0,0.01,163.38100000,162.25500000,132.77300,0.00
1659622144,-1126.00,20261001,1,330,1,0.01,162.25500000,162.25500000,132.77300,-1126.00
1659624300,0.00,20261001,0,332,1,0.06,161.84200000,163.32700000,132.77300,0.00
1659650400,162.00,20261001,1,332,0,0.06,161.81500000,163.32700000,132.77300,162.00
1660044600,0.00,20261001,0,334,0,0.01,163.32600000,162.62000000,134.91700,0.00
1660082400,-199.00,20261001,1,334,1,0.01,163.12700000,162.62000000,134.91700,-199.00
1660306500,0.00,20261001,0,336,1,0.06,162.07400000,162.79400000,133.31300,0.00
1660341600,54.00,20261001,1,336,0,0.06,162.06500000,162.79400000,133.31300,54.00
1660563900,0.00,20261001,0,338,1,0.01,161.18300000,162.06800000,133.29700,0.00
1660600800,483.00,20261001,1,338,0,0.01,160.70000000,162.06800000,133.29700,483.00
1660648500,0.00,20261001,0,340,0,0.01,161.27300000,160.08500000,134.18800,0.00
1660687200,1001.00,20261001,1,340,1,0.01,162.27400000,160.08500000,134.18800,1001.00
1660735800,0.00,20261001,0,342,0,0.01,163.20200000,162.17000000,134.96600,0.00
1660773600,-295.00,20261001,1,342,1,0.01,162.90700000,162.17000000,134.96600,-295.00
1660821300,0.00,20261001,0,344,0,0.06,162.89000000,162.27200000,135.87600,0.00
1660840292,-3780.00,20261001,1,344,1,0.06,162.26000000,162.27200000,135.87600,-3780.00
1660914900,0.00,20261001,0,346,1,0.06,161.89500000,162.83800000,136.88900,0.00
1660946400,1236.00,20261001,1,346,0,0.06,161.68900000,162.83800000,136.88900,1236.00
1661343300,0.00,20261001,0,348,1,0.01,161.04500000,161.88800000,137.07100,0.00
1661378400,-549.00,20261001,1,348,0,0.01,161.59400000,161.88800000,137.07100,-549.00
1661435100,0.00,20261001,0,350,1,0.01,161.38000000,161.98900000,136.42700,0.00
1661464800,4.00,20261001,1,350,0,0.01,161.37600000,161.98900000,136.42700,4.00
1661869800,0.00,20261001,0,352,1,0.06,161.81900000,162.58500000,138.78300,0.00
1661896800,972.00,20261001,1,352,0,0.06,161.65700000,162.58500000,138.78300,972.00
1661947200,0.00,20261001,0,354,1,0.01,161.32500000,161.90100000,138.94800,0.00
1661983200,192.00,20261001,1,354,0,0.01,161.13300000,161.90100000,138.94800,192.00
1662039900,0.00,20261001,0,356,1,0.06,161.17100000,161.71400000,140.19200,0.00
1662064181,-3258.00,20261001,1,356,0,0.06,161.71400000,161.71400000,140.19200,-3258.00
1662122700,0.00,20261001,0,358,0,0.01,162.26600000,161.61800000,140.18300,0.00
1662137837,-654.00,20261001,1,358,1,0.01,161.61200000,161.61800000,140.18300,-654.00
1662376500,0.00,20261001,0,360,0,0.01,161.43700000,160.65800000,140.57400,0.00
1662415200,419.00,20261001,1,360,1,0.01,161.85600000,160.65800000,140.57400,419.00
1662724800,0.00,20261001,0,362,1,0.01,165.08700000,166.24200000,142.37500,0.00
1662760800,-290.00,20261001,1,362,0,0.01,165.37700000,166.24200000,142.37500,-290.00
1663938000,0.00,20261001,0,364,1,0.01,158.71700000,160.44000000,143.13700,0.00
1663970400,3189.00,20261001,1,364,0,0.01,155.52800000,160.44000000,143.13700,3189.00
1664374500,0.00,20261001,0,366,1,0.01,153.04900000,155.45800000,144.16400,0.00
1664387199,-2409.00,20261001,1,366,0,0.01,155.45800000,155.45800000,144.16400,-2409.00
1664454600,0.00,20261001,0,368,0,0.06,156.92900000,155.60400000,144.39400,0.00
1664474431,15900.00,20261001,1,368,1,0.06,159.57900000,155.60400000,144.39400,15900.00
1664538300,0.00,20261001,0,370,0,0.01,161.91300000,160.21400000,144.70700,0.00
1664544583,-1709.00,20261001,1,370,1,0.01,160.20400000,160.21400000,144.70700,-1709.00
1664545500,0.00,20261001,0,372,1,0.06,160.20600000,161.73300000,144.70700,0.00
1664574995,-9180.00,20261001,1,372,0,0.06,161.73600000,161.73300000,144.70700,-9180.00
1664977500,0.00,20261001,0,374,1,0.01,164.14200000,165.71800000,144.47800,0.00
1665007200,218.00,20261001,1,374,0,0.01,163.92400000,165.71800000,144.47800,218.00
1665574200,0.00,20261001,0,376,0,0.01,161.55100000,159.72400000,146.89600,0.00
1665612000,1378.00,20261001,1,376,1,0.01,162.92900000,159.72400000,146.89600,1378.00
1665750600,0.00,20261001,0,378,1,0.06,166.03700000,167.21000000,148.55400,0.00
1665784800,-726.00,20261001,1,378,0,0.06,166.15800000,167.21000000,148.55400,-726.00
1666012500,0.00,20261001,0,380,0,0.01,168.20700000,166.45600000,149.02000,0.00
1666044000,982.00,20261001,1,380,1,0.01,169.18900000,166.45600000,149.02000,982.00
1666097100,0.00,20261001,0,382,1,0.01,168.18200000,169.80600000,149.23900,0.00
1666130400,-666.00,20261001,1,382,0,0.01,168.84800000,169.80600000,149.23900,-666.00
1666179000,0.00,20261001,0,384,1,0.01,168.15600000,169.37200000,149.88700,0.00
1666216800,203.00,20261001,1,384,0,0.01,167.95300000,169.37200000,149.88700,203.00
1666785600,0.00,20261001,0,386,0,0.01,170.51300000,169.31500000,146.28900,0.00
1666821600,-493.00,20261001,1,386,1,0.01,170.02000000,169.31500000,146.28900,-493.00
1666958400,0.00,20261001,0,388,0,0.01,169.96100000,168.86100000,147.50900,0.00
1666994400,1311.00,20261001,1,388,1,0.01,171.27200000,168.86100000,147.50900,1311.00
1667304900,0.00,20261001,0,390,1,0.01,170.03600000,170.94600000,148.22700,0.00
1667340000,-102.00,20261001,1,390,0,0.01,170.13800000,170.94600000,148.22700,-102.00
1667392200,0.00,20261001,0,392,1,0.01,168.99600000,170.31300000,147.86400,0.00
1667426400,486.00,20261001,1,392,0,0.01,168.51000000,170.31300000,147.86400,486.00
1667475000,0.00,20261001,0,394,1,0.01,167.36400000,168.55900000,147.95500,0.00
1667512800,1844.00,20261001,1,394,0,0.01,165.52000000,168.55900000,147.95500,1844.00
1667819700,0.00,20261001,0,396,0,0.01,168.13000000,166.21400000,146.59900,0.00
1667858400,909.00,20261001,1,396,1,0.01,169.03900000,166.21400000,146.59900,909.00
1667906100,0.00,20261001,0,398,1,0.01,167.76800000,169.07200000,145.65600,0.00
1667944800,-131.00,20261001,1,398,0,0.01,167.89900000,169.07200000,145.65600,-131.00
1668165300,0.00,20261001,0,400,1,0.01,165.13300000,166.09300000,138.75000,0.00
1668170369,1920.00,20261001,1,400,0,0.01,163.21300000,166.09300000,138.75000,1920.00
1668426300,0.00,20261001,0,402,0,0.01,165.41200000,163.68600000,139.87500,0.00
1668463200,-615.00,20261001,1,402,1,0.01,164.79700000,163.68600000,139.87500,-615.00
1668523500,0.00,20261001,0,404,0,0.01,165.72600000,164.44700000,139.26100,0.00
1668546401,-1279.00,20261001,1,404,1,0.01,164.44700000,164.44700000,139.26100,-1279.00
1668771000,0.00,20261001,0,406,0,0.01,167.16800000,166.25300000,140.37000,0.00
1668788563,-915.00,20261001,1,406,1,0.01,166.25300000,166.25300000,140.37000,-915.00
1669030200,0.00,20261001,0,408,0,0.06,167.11600000,166.09200000,142.10700,0.00
1669068000,5142.00,20261001,1,408,1,0.06,167.97300000,166.09200000,142.10700,5142.00
1669115700,0.00,20261001,0,410,1,0.01,167.54800000,168.29300000,141.19100,0.00
1669154400,-251.00,20261001,1,410,0,0.01,167.79900000,168.29300000,141.19100,-251.00
1669292100,0.00,20261001,0,412,1,0.01,167.20400000,168.29000000,138.29200,0.00
1669327200,-622.00,20261001,1,412,0,0.01,167.82600000,168.29000000,138.29200,-622.00
1669375800,0.00,20261001,0,414,0,0.01,168.35200000,167.63200000,139.12600,0.00
1669413600,-318.00,20261001,1,414,1,0.01,168.03400000,167.63200000,139.12600,-318.00
1669723200,0.00,20261001,0,416,1,0.06,165.55800000,166.67000000,138.40600,0.00
1669759200,-978.00,20261001,1,416,0,0.06,165.72100000,166.67000000,138.40600,-978.00
1669806900,0.00,20261001,0,418,0,0.01,166.45300000,165.45200000,137.98600,0.00
1669845600,-106.00,20261001,1,418,1,0.01,166.34700000,165.45200000,137.98600,-106.00
1670329800,0.00,20261001,0,420,1,0.01,166.37500000,167.49200000,136.89800,0.00
1670364000,107.00,20261001,1,420,0,0.01,166.26800000,167.49200000,136.89800,107.00
1670417100,0.00,20261001,0,422,0,0.01,167.38200000,165.95500000,136.60300,0.00
1670450400,-915.00,20261001,1,422,1,0.01,166.46700000,165.95500000,136.60300,-915.00
1670507100,0.00,20261001,0,424,1,0.06,166.34300000,167.17700000,136.57400,0.00
1670531319,-5004.00,20261001,1,424,0,0.06,167.17700000,167.17700000,136.57400,-5004.00
1670589000,0.00,20261001,0,426,1,0.01,166.54200000,167.41200000,136.56000,0.00
1670605352,-881.00,20261001,1,426,0,0.01,167.42300000,167.41200000,136.56000,-881.00
1670843700,0.00,20261001,0,428,0,0.01,167.91300000,167.07400000,137.65000,0.00
1670882400,950.00,20261001,1,428,1,0.01,168.86300000,167.07400000,137.65000,950.00
1671021900,0.00,20261001,0,430,1,0.01,167.01200000,167.70600000,135.46000,0.00
1671045940,-695.00,20261001,1,430,0,0.01,167.70700000,167.70600000,135.46000,-695.00
1671104700,0.00,20261001,0,432,0,0.06,168.48600000,167.82800000,137.76300,0.00
1671112842,-3948.00,20261001,1,432,1,0.06,167.82800000,167.82800000,137.76300,-3948.00
1671189300,0.00,20261001,0,434,1,0.01,166.18200000,168.00100000,136.71100,0.00
1671228000,38.00,20261001,1,434,0,0.01,166.14400000,168.00100000,136.71100,38.00
1671448500,0.00,20261001,0,436,0,0.01,166.24000000,165.46200000,136.89200,0.00
1671487200,83.00,20261001,1,436,1,0.01,166.32300000,165.46200000,136.89200,83.00
1671622200,0.00,20261001,0,438,1,0.01,159.68200000,161.03300000,132.46000,0.00
1671660000,2.00,20261001,1,438,0,0.01,159.68000000,161.03300000,132.46000,2.00
1671716700,0.00,20261001,0,440,1,0.06,159.26900000,160.24300000,132.32100,0.00
1671746400,-102.00,20261001,1,440,0,0.06,159.28600000,160.24300000,132.32100,-102.00
1671800400,0.00,20261001,0,442,0,0.01,160.11700000,159.04500000,132.78100,0.00
1671832800,-196.00,20261001,1,442,1,0.01,159.92100000,159.04500000,132.78100,-196.00
1672232400,0.00,20261001,0,444,0,0.01,161.47200000,160.45700000,134.45400,0.00
1672264800,135.00,20261001,1,444,1,0.01,161.60700000,160.45700000,134.45400,135.00
1672398900,0.00,20261001,0,446,1,0.01,158.50900000,160.44100000,131.09300,0.00
1672437600,483.00,20261001,1,446,0,0.01,158.02600000,160.44100000,131.09300,483.00
1672661700,0.00,20261001,0,448,1,0.01,157.54000000,158.39200000,130.74700,0.00
1672696800,18.00,20261001,1,448,0,0.01,157.52200000,158.39200000,130.74700,18.00
1672831800,0.00,20261001,0,450,0,0.01,157.31500000,156.49700000,132.60800,0.00
1672854759,1636.00,20261001,1,450,1,0.01,158.95100000,156.49700000,132.60800,1636.00
1673262900,0.00,20261001,0,452,0,0.01,160.86600000,159.30600000,131.87400,0.00
1673301600,-306.00,20261001,1,452,1,0.01,160.56000000,159.30600000,131.87400,-306.00
1673523900,0.00,20261001,0,454,1,0.01,159.39800000,160.84100000,129.15100,0.00
1673560800,1355.00,20261001,1,454,0,0.01,158.04300000,160.84100000,129.15100,1355.00
1673955000,0.00,20261001,0,456,0,0.01,157.34900000,156.38200000,128.02000,0.00
1673992800,178.00,20261001,1,456,1,0.01,157.52700000,156.38200000,128.02000,178.00
1674216900,0.00,20261001,0,458,0,0.01,160.09100000,159.03200000,129.57700,0.00
1674252000,508.00,20261001,1,458,1,0.01,160.59900000,159.03200000,129.57700,508.00
1674560700,0.00,20261001,0,460,1,0.01,160.68700000,161.76700000,130.15200,0.00
1674597600,240.00,20261001,1,460,0,0.01,160.44700000,161.76700000,130.15200,240.00
1674645300,0.00,20261001,0,462,1,0.01,160.22300000,160.92500000,129.58500,0.00
1674684000,-397.00,20261001,1,462,0,0.01,160.62000000,160.92500000,129.58500,-397.00
1675260900,0.00,20261001,0,464,1,0.01,159.85100000,160.66700000,128.93600,0.00
1675288800,582.00,20261001,1,464,0,0.01,159.26900000,160.66700000,128.93600,582.00
1675341900,0.00,20261001,0,466,1,0.01,158.85300000,159.61400000,128.56800,0.00
1675365567,1524.00,20261001,1,466,0,0.01,157.32900000,159.61400000,128.56800,1524.00
1675425600,0.00,20261001,0,468,0,0.06,157.44000000,156.72800000,131.16900,0.00
1675461600,3312.00,20261001,1,468,1,0.06,157.99200000,156.72800000,131.16900,3312.00
1675771200,0.00,20261001,0,470,1,0.01,158.23500000,159.57100000,131.02300,0.00
1675807200,480.00,20261001,1,470,0,0.01,157.75500000,159.57100000,131.02300,480.00
1676286900,0.00,20261001,0,472,0,0.01,159.65400000,158.33000000,132.36900,0.00
1676325600,1052.00,20261001,1,472,1,0.01,160.70600000,158.33000000,132.36900,1052.00
1676376000,0.00,20261001,0,474,0,0.01,160.91700000,160.09900000,133.09600,0.00
1676412000,1060.00,20261001,1,474,1,0.01,161.97700000,160.09900000,133.09600,1060.00
1676466000,0.00,20261001,0,476,1,0.01,160.95700000,162.04300000,134.13400,0.00
1676498400,-342.00,20261001,1,476,0,0.01,161.29900000,162.04300000,134.13400,-342.00
1676637000,0.00,20261001,0,478,0,0.01,161.12000000,160.49700000,134.13800,0.00
1676671200,463.00,20261001,1,478,1,0.01,161.58300000,160.49700000,134.13800,463.00
1676979900,0.00,20261001,0,480,0,0.01,162.51600000,161.43200000,134.99100,0.00
1677016800,901.00,20261001,1,480,1,0.01,163.41700000,161.43200000,134.99100,901.00
1677237300,0.00,20261001,0,482,0,0.01,162.54500000,161.20300000,136.47300,0.00
1677276000,407.00,20261001,1,482,1,0.01,162.95200000,161.20300000,136.47300,407.00
1677498300,0.00,20261001,0,484,0,0.01,163.25200000,162.60300000,136.13500,0.00
1677535200,1027.00,20261001,1,484,1,0.01,164.27900000,162.60300000,136.13500,1027.00
1677582900,0.00,20261001,0,486,0,0.01,165.31300000,164.08900000,136.10200,0.00
1677615329,-1224.00,20261001,1,486,1,0.01,164.08900000,164.08900000,136.10200,-1224.00
1677673800,0.00,20261001,0,488,1,0.06,163.62700000,164.50600000,136.13800,0.00
1677708000,-54.00,20261001,1,488,0,0.06,163.63600000,164.50600000,136.13800,-54.00
1678104000,0.00,20261001,0,490,0,0.01,163.70400000,163.03100000,135.90600,0.00
1678120038,-674.00,20261001,1,490,1,0.01,163.03000000,163.03100000,135.90600,-674.00
1678189500,0.00,20261001,0,492,1,0.01,163.05100000,163.85700000,137.14800,0.00
1678226400,857.00,20261001,1,492,0,0.01,162.19400000,163.85700000,137.14800,857.00
1678362300,0.00,20261001,0,494,1,0.01,161.69300000,162.64200000,136.13400,0.00
1678399200,-483.00,20261001,1,494,0,0.01,162.17600000,162.64200000,136.13400,-483.00
1678793400,0.00,20261001,0,496,0,0.01,162.84500000,161.85700000,134.20600,0.00
1678831200,508.00,20261001,1,496,1,0.01,163.35300000,161.85700000,134.20600,508.00
1678884300,0.00,20261001,0,498,1,0.06,162.49500000,164.04200000,133.36000,0.00
1678908002,18570.00,20261001,1,498,0,0.06,159.40000000,164.04200000,133.36000,18570.00
1678976100,0.00,20261001,0,500,1,0.06,159.79300000,161.23500000,133.71300,0.00
1678995997,-8652.00,20261001,1,500,0,0.06,161.23500000,161.23500000,133.71300,-8652.00
1679397300,0.00,20261001,0,502,0,0.01,161.77000000,160.75200000,132.47800,0.00
1679436000,151.00,20261001,1,502,1,0.01,161.92100000,160.75200000,132.47800,151.00
1679484600,0.00,20261001,0,504,0,0.01,162.71000000,161.63400000,131.41300,0.00
1679521418,-1076.00,20261001,1,504,1,0.01,161.63400000,161.63400000,131.41300,-1076.00
1679571000,0.00,20261001,0,506,0,0.01,161.43000000,160.68700000,130.77900,0.00
1679606734,-743.00,20261001,1,506,1,0.01,160.68700000,160.68700000,130.77900,-743.00
1679656500,0.00,20261001,0,508,1,0.01,159.31100000,160.83600000,130.71200,0.00
1679695200,-534.00,20261001,1,508,0,0.01,159.84500000,160.83600000,130.71200,-534.00
1679922000,0.00,20261001,0,510,0,0.01,161.11700000,159.71000000,131.54100,0.00
1679954400,573.00,20261001,1,510,1,0.01,161.69000000,159.71000000,131.54100,573.00
1680098400,0.00,20261001,0,512,0,0.01,162.84200000,161.33700000,132.84500,0.00
1680127200,525.00,20261001,1,512,1,0.01,163.36700000,161.33700000,132.84500,525.00
1680524100,0.00,20261001,0,514,0,0.01,164.69400000,163.42600000,132.39200,0.00
1680559200,-447.00,20261001,1,514,1,0.01,164.24700000,163.42600000,132.39200,-447.00
1680606900,0.00,20261001,0,516,0,0.01,165.48700000,164.16900000,131.68800,0.00
1680645600,-979.00,20261001,1,516,1,0.01,164.50800000,164.16900000,131.68800,-979.00
1680694200,0.00,20261001,0,518,1,0.01,163.79000000,164.67300000,131.30200,0.00
1680732000,481.00,20261001,1,518,0,0.01,163.30900000,164.67300000,131.30200,481.00
1680792300,0.00,20261001,0,520,0,0.01,163.99600000,162.89300000,131.75800,0.00
1680818400,44.00,20261001,1,520,1,0.01,164.04000000,162.89300000,131.75800,44.00
1680876000,0.00,20261001,0,522,1,0.06,163.62200000,164.27800000,132.15900,0.00
1680904800,-3576.00,20261001,1,522,0,0.06,164.21800000,164.27800000,132.15900,-3576.00
1681137900,0.00,20261001,0,524,0,0.01,164.89300000,163.77300000,133.58900,0.00
1681164000,531.00,20261001,1,524,1,0.01,165.42400000,163.77300000,133.58900,531.00
1681306200,0.00,20261001,0,526,1,0.06,165.95800000,166.58300000,133.12500,0.00
1681333051,-3756.00,20261001,1,526,0,0.06,166.58400000,166.58300000,133.12500,-3756.00
1681470900,0.00,20261001,0,528,1,0.01,165.54500000,166.18000000,133.73100,0.00
1681495828,-635.00,20261001,1,528,0,0.01,166.18000000,166.18000000,133.73100,-635.00
1681732800,0.00,20261001,0,530,1,0.06,165.81600000,166.56000000,134.42500,0.00
1681748382,-4470.00,20261001,1,530,0,0.06,166.56100000,166.56000000,134.42500,-4470.00
1682078400,0.00,20261001,0,532,1,0.01,165.87200000,167.06200000,134.11900,0.00
1682114400,-961.00,20261001,1,532,0,0.01,166.83300000,167.06200000,134.11900,-961.00
1682338500,0.00,20261001,0,534,0,0.01,167.28200000,166.53600000,134.22400,0.00
1682373600,310.00,20261001,1,534,1,0.01,167.59200000,166.53600000,134.22400,310.00
1682425800,0.00,20261001,0,536,1,0.01,166.93600000,167.95900000,133.72000,0.00
1682460000,1192.00,20261001,1,536,0,0.01,165.74400000,167.95900000,133.72000,1192.00
1682508600,0.00,20261001,0,538,0,0.01,166.52900000,165.64700000,133.65500,0.00
1682546400,-195.00,20261001,1,538,1,0.01,166.33400000,165.64700000,133.65500,-195.00
1683026100,0.00,20261001,0,540,1,0.06,171.51100000,172.32800000,136.53400,0.00
1683064800,6252.00,20261001,1,540,0,0.06,170.46900000,172.32800000,136.53400,6252.00
1683117900,0.00,20261001,0,542,1,0.01,169.70800000,170.36900000,134.67300,0.00
1683150040,-661.00,20261001,1,542,0,0.01,170.36900000,170.36900000,134.67300,-661.00
1683553500,0.00,20261001,0,544,0,0.01,170.95400000,170.24000000,135.01400,0.00
1683568350,-715.00,20261001,1,544,1,0.01,170.23900000,170.24000000,135.01400,-715.00
1683728100,0.00,20261001,0,546,1,0.06,170.45000000,171.17500000,134.28900,0.00
1683756000,5892.00,20261001,1,546,0,0.06,169.46800000,171.17500000,134.28900,5892.00
1683816300,0.00,20261001,0,548,1,0.01,168.92900000,169.63800000,134.37800,0.00
1683842400,618.00,20261001,1,548,0,0.01,168.31100000,169.63800000,134.37800,618.00
1684151100,0.00,20261001,0,550,0,0.01,169.93100000,168.92400000,136.10200,0.00
1684188000,560.00,20261001,1,550,1,0.01,170.49100000,168.92400000,136.10200,560.00
1684507500,0.00,20261001,0,552,0,0.06,172.16200000,171.24800000,137.95400,0.00
1684533600,-1608.00,20261001,1,552,1,0.06,171.89400000,171.24800000,137.95400,-1608.00
1684762200,0.00,20261001,0,554,0,0.06,171.86500000,171.19400000,138.58400,0.00
1684792800,3234.00,20261001,1,554,1,0.06,172.40400000,171.19400000,138.58400,3234.00
1684840500,0.00,20261001,0,556,1,0.01,171.51300000,172.62300000,138.57100,0.00
1684879200,-465.00,20261001,1,556,0,0.01,171.97800000,172.62300000,138.57100,-465.00
1684931400,0.00,20261001,0,558,1,0.06,171.79100000,172.79000000,139.44200,0.00
1684965600,-1188.00,20261001,1,558,0,0.06,171.98900000,172.79000000,139.44200,-1188.00
1685015100,0.00,20261001,0,560,0,0.06,172.56300000,171.67300000,140.04100,0.00
1685052000,-888.00,20261001,1,560,1,0.06,172.41500000,171.67300000,140.04100,-888.00
1685361600,0.00,20261001,0,562,1,0.01,173.24200000,173.95400000,140.42200,0.00
1685397600,-258.00,20261001,1,562,0,0.01,173.50000000,173.95400000,140.42200,-258.00
1685448900,0.00,20261001,0,564,0,0.06,173.94800000,172.98700000,139.77300,0.00
1685484000,-3870.00,20261001,1,564,1,0.06,173.30300000,172.98700000,139.77300,-3870.00
1685621700,0.00,20261001,0,566,0,0.01,173.90100000,172.96100000,138.78200,0.00
1685656800,21.00,20261001,1,566,1,0.01,173.92200000,172.96100000,138.78200,21.00
1685969100,0.00,20261001,0,568,1,0.01,173.92600000,174.35200000,139.56600,0.00
1685984431,853.00,20261001,1,568,0,0.01,173.07300000,174.35200000,139.56600,853.00
1686053700,0.00,20261001,0,570,1,0.01,172.73100000,173.77100000,139.62200,0.00
1686088800,-866.00,20261001,1,570,0,0.01,173.59700000,173.77100000,139.62200,-866.00
1686145500,0.00,20261001,0,572,0,0.06,173.55000000,172.66300000,140.06600,0.00
1686175200,4572.00,20261001,1,572,1,0.06,174.31200000,172.66300000,140.06600,4572.00
1686576600,0.00,20261001,0,574,1,0.06,175.14200000,175.76500000,139.58800,0.00
1686607200,3378.00,20261001,1,574,0,0.06,174.57900000,175.76500000,139.58800,3378.00
1686665700,0.00,20261001,0,576,0,0.01,175.50000000,174.45400000,140.20200,0.00
1686693600,1285.00,20261001,1,576,1,0.01,176.78500000,174.45400000,140.20200,1285.00
1686746700,0.00,20261001,0,578,0,0.06,176.90000000,176.44000000,140.02500,0.00
1686780000,612.00,20261001,1,578,1,0.06,177.00200000,176.44000000,140.02500,612.00
1687262400,0.00,20261001,0,580,1,0.01,180.94100000,182.08700000,141.43800,0.00
1687298400,566.00,20261001,1,580,0,0.01,180.37500000,182.08700000,141.43800,566.00
1687352400,0.00,20261001,0,582,1,0.06,180.25300000,181.60500000,141.85500,0.00
1687384800,-5322.00,20261001,1,582,0,0.06,181.14000000,181.60500000,141.85500,-5322.00
1687788000,0.00,20261001,0,584,1,0.01,181.87600000,182.99100000,143.49900,0.00
1687816800,-583.00,20261001,1,584,0,0.01,182.45900000,182.99100000,143.49900,-583.00
1687867200,0.00,20261001,0,586,0,0.01,183.05600000,182.23100000,144.05900,0.00
1687903200,610.00,20261001,1,586,1,0.01,183.66600000,182.23100000,144.05900,610.00
1687954500,0.00,20261001,0,588,1,0.01,183.00300000,183.67500000,144.46900,0.00
1687989600,470.00,20261001,1,588,0,0.01,182.53300000,183.67500000,144.46900,470.00
1688653800,0.00,20261001,0,590,0,0.06,183.73400000,182.49900000,144.05500,0.00
1688680800,-456.00,20261001,1,590,1,0.06,183.65800000,182.49900000,144.05500,-456.00
1688728500,0.00,20261001,0,592,1,0.01,182.28000000,183.56700000,142.08900,0.00
1688767200,-213.00,20261001,1,592,0,0.01,182.49300000,183.56700000,142.08900,-213.00
1688998500,0.00,20261001,0,594,1,0.01,182.08400000,183.21800000,141.29400,0.00
1689026400,398.00,20261001,1,594,0,0.01,181.68600000,183.21800000,141.29400,398.00
1689169500,0.00,20261001,0,596,1,0.01,180.43400000,181.49400000,138.48300,0.00
1689199200,700.00,20261001,1,596,0,0.01,179.73400000,181.49400000,138.48300,700.00
1689247800,0.00,20261001,0,598,0,0.01,180.77800000,179.48800000,138.03200,0.00
1689285600,452.00,20261001,1,598,1,0.01,181.23000000,179.48800000,138.03200,452.00
1689336900,0.00,20261001,0,600,0,0.01,181.62700000,180.19500000,138.78400,0.00
1689372000,267.00,20261001,1,600,1,0.01,181.89400000,180.19500000,138.78400,267.00
1689597900,0.00,20261001,0,602,1,0.06,180.89700000,181.80600000,138.70000,0.00
1689611404,-5460.00,20261001,1,602,0,0.06,181.80700000,181.80600000,138.70000,-5460.00
1689678900,0.00,20261001,0,604,1,0.01,180.77600000,181.65100000,138.81900,0.00
1689699902,-877.00,20261001,1,604,0,0.01,181.65300000,181.65100000,138.81900,-877.00
1689859800,0.00,20261001,0,606,1,0.01,179.94600000,180.71200000,140.06200,0.00
1689890400,-351.00,20261001,1,606,0,0.01,180.29700000,180.71200000,140.06200,-351.00
1690199100,0.00,20261001,0,608,1,0.01,181.28500000,182.34000000,141.46500,0.00
1690236000,-115.00,20261001,1,608,0,0.01,181.40000000,182.34000000,141.46500,-115.00
1690370100,0.00,20261001,0,610,1,0.01,181.26400000,181.94000000,140.22700,0.00
1690408800,-145.00,20261001,1,610,0,0.01,181.40900000,181.94000000,140.22700,-145.00
1690458300,0.00,20261001,0,612,0,0.01,181.80500000,180.81500000,139.37800,0.00
1690488257,-990.00,20261001,1,612,1,0.01,180.81500000,180.81500000,139.37800,-990.00
1690804800,0.00,20261001,0,614,0,0.01,183.03200000,180.87100000,142.25800,0.00
1690840800,-394.00,20261001,1,614,1,0.01,182.63800000,180.87100000,142.25800,-394.00
1690975800,0.00,20261001,0,616,1,0.06,182.06000000,183.12500000,143.31500,0.00
1691013600,-1092.00,20261001,1,616,0,0.06,182.24200000,183.12500000,143.31500,-1092.00
1691064000,0.00,20261001,0,618,1,0.01,181.06400000,182.76200000,142.51300,0.00
1691100000,-176.00,20261001,1,618,0,0.01,181.24000000,182.76200000,142.51300,-176.00
1691417700,0.00,20261001,0,620,0,0.01,181.27000000,180.53700000,142.47900,0.00
1691445600,799.00,20261001,1,620,1,0.01,182.06900000,180.53700000,142.47900,799.00
1691504100,0.00,20261001,0,622,1,0.06,181.84500000,182.95300000,143.35300,0.00
1691532000,-5502.00,20261001,1,622,0,0.06,182.76200000,182.95300000,143.35300,-5502.00
1691667000,0.00,20261001,0,624,0,0.01,183.63100000,182.66600000,144.71500,0.00
1691704800,59.00,20261001,1,624,1,0.01,183.69000000,182.66600000,144.71500,59.00
1692020700,0.00,20261001,0,626,0,0.06,184.26100000,183.46100000,145.53500,0.00
1692050400,936.00,20261001,1,626,1,0.06,184.41700000,183.46100000,145.53500,936.00
1692184500,0.00,20261001,0,628,0,0.01,185.42500000,184.69000000,146.33300,0.00
1692223200,637.00,20261001,1,628,1,0.01,186.06200000,184.69000000,146.33300,637.00
1692621000,0.00,20261001,0,630,0,0.01,185.48600000,184.88000000,146.20400,0.00
1692655200,998.00,20261001,1,630,1,0.01,186.48400000,184.88000000,146.20400,998.00
1692702900,0.00,20261001,0,632,1,0.06,186.29900000,186.76300000,145.87400,0.00
1692741600,2994.00,20261001,1,632,0,0.06,185.80000000,186.76300000,145.87400,2994.00
1692791100,0.00,20261001,0,634,1,0.01,184.31800000,185.94000000,144.82000,0.00
1692828000,201.00,20261001,1,634,0,0.01,184.11700000,185.94000000,144.82000,201.00
1692972000,0.00,20261001,0,636,0,0.06,184.04400000,183.34800000,146.43100,0.00
1693000800,1446.00,20261001,1,636,1,0.06,184.28500000,183.34800000,146.43100,1446.00
1693319400,0.00,20261001,0,638,0,0.01,185.05800000,184.47100000,145.86000,0.00
1693330650,-587.00,20261001,1,638,1,0.01,184.47100000,184.47100000,145.86000,-587.00
1693398600,0.00,20261001,0,640,0,0.01,185.35400000,184.39200000,146.21300,0.00
1693432800,537.00,20261001,1,640,1,0.01,185.89100000,184.39200000,146.21300,537.00
1693482300,0.00,20261001,0,642,1,0.01,185.16900000,185.90600000,145.51800,0.00
1693519200,979.00,20261001,1,642,0,0.01,184.19000000,185.90600000,145.51800,979.00
1693828800,0.00,20261001,0,644,0,0.01,184.98400000,183.83800000,146.46100,0.00
1693864800,60.00,20261001,1,644,1,0.01,185.04400000,183.83800000,146.46100,60.00
1693912500,0.00,20261001,0,646,1,0.01,184.26900000,185.30300000,147.70200,0.00
1693930841,-1039.00,20261001,1,646,0,0.01,185.30800000,185.30300000,147.70200,-1039.00
1694086200,0.00,20261001,0,648,1,0.01,183.70300000,184.76900000,147.27800,0.00
1694124000,172.00,20261001,1,648,0,0.01,183.53100000,184.76900000,147.27800,172.00
1694171700,0.00,20261001,0,650,0,0.01,184.20900000,183.05900000,147.78500,0.00
1694210400,-148.00,20261001,1,650,1,0.01,184.06100000,183.05900000,147.78500,-148.00
1694437200,0.00,20261001,0,652,0,0.01,183.83300000,182.67400000,146.56300,0.00
1694469600,-531.00,20261001,1,652,1,0.01,183.30200000,182.67400000,146.56300,-531.00
1694517300,0.00,20261001,0,654,1,0.01,183.04400000,183.93300000,147.07500,0.00
1694556000,-625.00,20261001,1,654,0,0.01,183.66900000,183.93300000,147.07500,-625.00
1694776500,0.00,20261001,0,656,0,0.01,183.76800000,182.76800000,147.81900,0.00
1694815200,-703.00,20261001,1,656,1,0.01,183.06500000,182.76800000,147.81900,-703.00
1695296700,0.00,20261001,0,658,1,0.01,182.34500000,182.98100000,147.56400,0.00
1695304832,1273.00,20261001,1,658,0,0.01,181.07200000,182.98100000,147.56400,1273.00
1695649500,0.00,20261001,0,660,0,0.01,181.84500000,181.41100000,148.86600,0.00
1695679200,-154.00,20261001,1,660,1,0.01,181.69100000,181.41100000,148.86600,-154.00
1695899700,0.00,20261001,0,662,0,0.01,181.73300000,181.05600000,149.29300,0.00
1695938400,251.00,20261001,1,662,1,0.01,181.98400000,181.05600000,149.29300,251.00
1695992400,0.00,20261001,0,664,0,0.06,182.81000000,181.90000000,149.34300,0.00
1696008482,-5460.00,20261001,1,664,1,0.06,181.90000000,181.90000000,149.34300,-5460.00
1696252500,0.00,20261001,0,666,1,0.06,182.05400000,182.81400000,149.84400,0.00
1696284000,4584.00,20261001,1,666,0,0.06,181.29000000,182.81400000,149.84400,4584.00
1696419900,0.00,20261001,0,668,0,0.06,180.37700000,179.56100000,149.11000,0.00
1696456800,3144.00,20261001,1,668,1,0.06,180.90100000,179.56100000,149.11000,3144.00
1696596300,0.00,20261001,0,670,0,0.01,181.78900000,180.84000000,149.27500,0.00
1696629600,1088.00,20261001,1,670,1,0.01,182.87700000,180.84000000,149.27500,1088.00
1696850100,0.00,20261001,0,672,1,0.01,181.51100000,182.31300000,148.47900,0.00
1696888800,-120.00,20261001,1,672,0,0.01,181.63100000,182.31300000,148.47900,-120.00
1696937400,0.00,20261001,0,674,0,0.01,182.37500000,181.54100000,148.69900,0.00
1696975200,255.00,20261001,1,674,1,0.01,182.63000000,181.54100000,148.69900,255.00
1697112000,0.00,20261001,0,676,1,0.01,183.30900000,183.81600000,149.78900,0.00
1697148000,921.00,20261001,1,676,0,0.01,182.38800000,183.81600000,149.78900,921.00
1697202900,0.00,20261001,0,678,1,0.06,182.30800000,182.94200000,149.57100,0.00
1697234400,5280.00,20261001,1,678,0,0.06,181.42800000,182.94200000,149.57100,5280.00
1697543100,0.00,20261001,0,680,1,0.01,181.96800000,182.72800000,149.79800,0.00
1697569204,-760.00,20261001,1,680,0,0.01,182.72800000,182.72800000,149.79800,-760.00
1697631300,0.00,20261001,0,682,0,0.01,182.75100000,182.06200000,149.91000,0.00
1697648620,-690.00,20261001,1,682,1,0.01,182.06100000,182.06200000,149.91000,-690.00
1697715900,0.00,20261001,0,684,1,0.01,181.36500000,181.99000000,149.76200,0.00
1697731409,-625.00,20261001,1,684,0,0.01,181.99000000,181.99000000,149.76200,-625.00
1697812200,0.00,20261001,0,686,0,0.06,182.01100000,181.29400000,149.83600,0.00
1697839200,1008.00,20261001,1,686,1,0.06,182.17900000,181.29400000,149.83600,1008.00
1698146100,0.00,20261001,0,688,1,0.06,183.12500000,183.75200000,149.90200,0.00
1698184800,4896.00,20261001,1,688,0,0.06,182.30900000,183.75200000,149.90200,4896.00
1698236100,0.00,20261001,0,690,1,0.01,181.88400000,182.44900000,150.22300,0.00
1698271200,124.00,20261001,1,690,0,0.01,181.76000000,182.44900000,150.22300,124.00
1698405300,0.00,20261001,0,692,1,0.01,181.88900000,182.50600000,149.62400,0.00
1698444000,764.00,20261001,1,692,0,0.01,181.12500000,182.50600000,149.62400,764.00
1698669000,0.00,20261001,0,694,0,0.06,181.51300000,180.78400000,149.04100,0.00
1698703200,-1824.00,20261001,1,694,1,0.06,181.20900000,180.78400000,149.04100,-1824.00
1698845400,0.00,20261001,0,696,1,0.01,183.48600000,184.26400000,150.93900,0.00
1698876000,321.00,20261001,1,696,0,0.01,183.16500000,184.26400000,150.93900,321.00
1699269300,0.00,20261001,0,698,0,0.01,185.68000000,184.73200000,150.06200,0.00
1699308000,-441.00,20261001,1,698,1,0.01,185.23900000,184.73200000,150.06200,-441.00
1699528500,0.00,20261001,0,700,0,0.01,185.73800000,185.24400000,151.33300,0.00
1699537526,-494.00,20261001,1,700,1,0.01,185.24400000,185.24400000,151.33300,-494.00
1699963200,0.00,20261001,0,702,0,0.01,186.63400000,186.08900000,150.36500,0.00
1699979671,1090.00,20261001,1,702,1,0.01,187.72400000,186.08900000,150.36500,1090.00
1700047800,0.00,20261001,0,704,1,0.01,187.47100000,188.23400000,151.30500,0.00
1700085600,-524.00,20261001,1,704,0,0.01,187.99500000,188.23400000,151.30500,-524.00
1700478900,0.00,20261001,0,706,1,0.01,185.44200000,186.78300000,148.34500,0.00
1700517600,-112.00,20261001,1,706,0,0.01,185.55400000,186.78300000,148.34500,-112.00
1700651700,0.00,20261001,0,708,0,0.01,186.92300000,185.63300000,149.52000,0.00
1700690400,-96.00,20261001,1,708,1,0.01,186.82700000,185.63300000,149.52000,-96.00
1700739900,0.00,20261001,0,710,0,0.06,187.38700000,186.28300000,149.54700,0.00
1700776800,486.00,20261001,1,710,1,0.06,187.46800000,186.28300000,149.54700,486.00
1700824500,0.00,20261001,0,712,0,0.01,187.84600000,187.10000000,149.39900,0.00
1700863200,631.00,20261001,1,712,1,0.01,188.47700000,187.10000000,149.39900,631.00
1701262800,0.00,20261001,0,714,0,0.06,187.45400000,186.61700000,147.22800,0.00
1701295200,-2082.00,20261001,1,714,1,0.06,187.10700000,186.61700000,147.22800,-2082.00
1702388700,0.00,20261001,0,716,1,0.01,182.39600000,183.49500000,145.43200,0.00
1702418400,-522.00,20261001,1,716,0,0.01,182.91800000,183.49500000,145.43200,-522.00
1702470600,0.00,20261001,0,718,1,0.06,182.44200000,183.14800000,142.86300,0.00
1702502943,8472.00,20261001,1,718,0,0.06,181.03000000,183.14800000,142.86300,8472.00
1702639800,0.00,20261001,0,720,1,0.01,180.46200000,181.72800000,142.15400,0.00
1702677600,33.00,20261001,1,720,0,0.01,180.42900000,181.72800000,142.15400,33.00
1703250900,0.00,20261001,0,722,0,0.01,180.98100000,179.94100000,142.41000,0.00
1703282400,-31.00,20261001,1,722,1,0.01,180.95000000,179.94100000,142.41000,-31.00
1703762100,0.00,20261001,0,724,1,0.01,180.28600000,181.38200000,141.33400,0.00
1703800800,244.00,20261001,1,724,0,0.01,180.04200000,181.38200000,141.33400,244.00
1704194100,0.00,20261001,0,726,0,0.01,180.62100000,179.26600000,141.97600,0.00
1704212134,-1356.00,20261001,1,726,1,0.01,179.26500000,179.26600000,141.97600,-1356.00
1704289500,0.00,20261001,0,728,0,0.01,180.37300000,179.17600000,143.27300,0.00
1704319200,1019.00,20261001,1,728,1,0.01,181.39200000,179.17600000,143.27300,1019.00
1704367800,0.00,20261001,0,730,0,0.01,182.61600000,181.00800000,144.61200,0.00
1704405600,751.00,20261001,1,730,1,0.01,183.36700000,181.00800000,144.61200,751.00
1704714300,0.00,20261001,0,732,1,0.01,183.13200000,184.22200000,144.21200,0.00
1704751200,-738.00,20261001,1,732,0,0.01,183.87000000,184.22200000,144.21200,-738.00
1704886200,0.00,20261001,0,734,0,0.01,184.44600000,183.40500000,145.73900,0.00
1704924000,1190.00,20261001,1,734,1,0.01,185.63600000,183.40500000,145.73900,1190.00
1705067100,0.00,20261001,0,736,1,0.01,184.91800000,185.65500000,144.88300,0.00
1705096800,237.00,20261001,1,736,0,0.01,184.68100000,185.65500000,144.88300,237.00
1705328100,0.00,20261001,0,738,0,0.01,185.66100000,184.67700000,145.66900,0.00
1705356000,-120.00,20261001,1,738,1,0.01,185.54100000,184.67700000,145.66900,-120.00
1705414500,0.00,20261001,0,740,0,0.06,185.55700000,184.94300000,147.17500,0.00
1705442400,2640.00,20261001,1,740,1,0.06,185.99700000,184.94300000,147.17500,2640.00
1705493700,0.00,20261001,0,742,0,0.01,187.37200000,185.87300000,148.14200,0.00
1705528800,603.00,20261001,1,742,1,0.01,187.97500000,185.87300000,148.14200,603.00
1705662900,0.00,20261001,0,744,1,0.01,187.68300000,188.93000000,148.13800,0.00
1705701600,-476.00,20261001,1,744,0,0.01,188.15900000,188.93000000,148.13800,-476.00
1706096700,0.00,20261001,0,746,0,0.06,188.35500000,187.45600000,147.49200,0.00
1706107394,-5400.00,20261001,1,746,1,0.06,187.45500000,187.45600000,147.49200,-5400.00
1706267700,0.00,20261001,0,748,0,0.01,188.08400000,187.33400000,148.11800,0.00
1706306400,70.00,20261001,1,748,1,0.01,188.15400000,187.33400000,148.11800,70.00
1706529600,0.00,20261001,0,750,1,0.01,187.68400000,188.28800000,147.48000,0.00
1706565600,285.00,20261001,1,750,0,0.01,187.39900000,188.28800000,147.48000,285.00
1706614200,0.00,20261001,0,752,1,0.01,186.70400000,187.50900000,147.58700,0.00
1706652000,-697.00,20261001,1,752,0,0.01,187.40100000,187.50900000,147.58700,-697.00
1706708700,0.00,20261001,0,754,0,0.06,187.45800000,186.90900000,146.85800,0.00
1706719761,-3300.00,20261001,1,754,1,0.06,186.90800000,186.90900000,146.85800,-3300.00
1706793300,0.00,20261001,0,756,1,0.01,185.39400000,186.46800000,146.40900,0.00
1706798729,-1075.00,20261001,1,756,0,0.01,186.46900000,186.46800000,146.40900,-1075.00
1706873400,0.00,20261001,0,758,0,0.01,187.23800000,186.43300000,148.37500,0.00
1706911200,224.00,20261001,1,758,1,0.01,187.46200000,186.43300000,148.37500,224.00
1707135300,0.00,20261001,0,760,1,0.01,186.86000000,187.60100000,148.66400,0.00
1707170400,473.00,20261001,1,760,0,0.01,186.38700000,187.60100000,148.66400,473.00
1707227100,0.00,20261001,0,762,0,0.01,186.71000000,186.18500000,147.92800,0.00
1707242501,-530.00,20261001,1,762,1,0.01,186.18000000,186.18500000,147.92800,-530.00
1707309000,0.00,20261001,0,764,0,0.01,187.05200000,186.17400000,148.17000,0.00
1707343200,15.00,20261001,1,764,1,0.01,187.06700000,186.17400000,148.17000,15.00
1707396300,0.00,20261001,0,766,0,0.01,188.03400000,186.86700000,149.30600,0.00
1707429600,419.00,20261001,1,766,1,0.01,188.45300000,186.86700000,149.30600,419.00
1707482700,0.00,20261001,0,768,1,0.06,188.28700000,188.86300000,149.25500,0.00
1707516000,-1998.00,20261001,1,768,0,0.06,188.62000000,188.86300000,149.25500,-1998.00
1707740100,0.00,20261001,0,770,1,0.01,188.19100000,188.63700000,149.32800,0.00
1707761401,-447.00,20261001,1,770,0,0.01,188.63800000,188.63700000,149.32800,-447.00
1707827400,0.00,20261001,0,772,0,0.01,189.36500000,188.43600000,150.77000,0.00
1707861600,343.00,20261001,1,772,1,0.01,189.70800000,188.43600000,150.77000,343.00
1707911100,0.00,20261001,0,774,1,0.01,188.79200000,189.83800000,150.52600,0.00
1707948000,-333.00,20261001,1,774,0,0.01,189.12500000,189.83800000,150.52600,-333.00
1708003800,0.00,20261001,0,776,1,0.01,188.25500000,189.22100000,149.89600,0.00
1708034400,-635.00,20261001,1,776,0,0.01,188.89000000,189.22100000,149.89600,-635.00
1708428600,0.00,20261001,0,778,0,0.01,189.40100000,189.03000000,149.99200,0.00
1708466400,-95.00,20261001,1,778,1,0.01,189.30600000,189.03000000,149.99200,-95.00
1708514100,0.00,20261001,0,780,1,0.06,189.20500000,189.66800000,150.28300,0.00
1708540062,-2802.00,20261001,1,780,0,0.06,189.67200000,189.66800000,150.28300,-2802.00
1708691400,0.00,20261001,0,782,0,0.01,190.94000000,190.39600000,150.46000,0.00
1708725600,-244.00,20261001,1,782,1,0.01,190.69600000,190.39600000,150.46000,-244.00
1708946100,0.00,20261001,0,784,0,0.01,190.88000000,190.33100000,150.68600,0.00
1708984800,249.00,20261001,1,784,1,0.01,191.12900000,190.33100000,150.68600,249.00
1709036100,0.00,20261001,0,786,1,0.01,190.46300000,191.12200000,150.49500,0.00
1709071200,-414.00,20261001,1,786,0,0.01,190.87700000,191.12200000,150.49500,-414.00
1709120700,0.00,20261001,0,788,1,0.01,190.33100000,190.89300000,150.67900,0.00
1709146215,-564.00,20261001,1,788,0,0.01,190.89500000,190.89300000,150.67900,-564.00
1709556300,0.00,20261001,0,790,0,0.01,190.70100000,189.77700000,150.51300,0.00
1709589600,357.00,20261001,1,790,1,0.01,191.05800000,189.77700000,150.51300,357.00
1709897400,0.00,20261001,0,792,1,0.06,189.02400000,189.71500000,147.03200,0.00
1709935200,-228.00,20261001,1,792,0,0.06,189.06200000,189.71500000,147.03200,-228.00
1710157500,0.00,20261001,0,794,1,0.01,188.43100000,189.05800000,146.92900,0.00
1710194400,234.00,20261001,1,794,0,0.01,188.19700000,189.05800000,146.92900,234.00
1710330300,0.00,20261001,0,796,0,0.06,189.12500000,188.40800000,147.74700,0.00
1710367200,-426.00,20261001,1,796,1,0.06,189.05400000,188.40800000,147.74700,-426.00
1710418500,0.00,20261001,0,798,0,0.01,189.46600000,188.81000000,148.30600,0.00
1710433239,-658.00,20261001,1,798,1,0.01,188.80800000,188.81000000,148.30600,-658.00
1710501300,0.00,20261001,0,800,0,0.01,189.34600000,188.58700000,148.98100,0.00
1710540000,512.00,20261001,1,800,1,0.01,189.85800000,188.58700000,148.98100,512.00
1711366200,0.00,20261001,0,802,0,0.06,190.86200000,190.33600000,151.39900,0.00
1711404000,3390.00,20261001,1,802,1,0.06,191.42700000,190.33600000,151.39900,3390.00
1711541700,0.00,20261001,0,804,1,0.06,191.02100000,191.52600000,151.30800,0.00
1711576800,-390.00,20261001,1,804,0,0.06,191.08600000,191.52600000,151.30800,-390.00
1711978200,0.00,20261001,0,806,1,0.06,190.90400000,191.34300000,151.63100,0.00
1712008800,4104.00,20261001,1,806,0,0.06,190.22000000,191.34300000,151.63100,4104.00
1712060100,0.00,20261001,0,808,0,0.01,190.59300000,190.03400000,151.54300,0.00
1712095200,-53.00,20261001,1,808,1,0.01,190.54000000,190.03400000,151.54300,-53.00
1712317500,0.00,20261001,0,810,0,0.06,191.37000000,190.67200000,151.59700,0.00
1712354400,618.00,20261001,1,810,1,0.06,191.47300000,190.67200000,151.59700,618.00
1712574900,0.00,20261001,0,812,0,0.01,191.83600000,191.36800000,151.78100,0.00
1712613600,265.00,20261001,1,812,1,0.01,192.10100000,191.36800000,151.78100,265.00
1712748600,0.00,20261001,0,814,0,0.01,192.69700000,192.25300000,153.13100,0.00
1712763040,-446.00,20261001,1,814,1,0.01,192.25100000,192.25300000,153.13100,-446.00
1712834100,0.00,20261001,0,816,0,0.01,192.49500000,191.55700000,153.25700,0.00
1712872800,-129.00,20261001,1,816,1,0.01,192.36600000,191.55700000,153.25700,-129.00
1712925000,0.00,20261001,0,818,1,0.01,191.48900000,192.40100000,153.12800,0.00
1712959200,817.00,20261001,1,818,0,0.01,190.67200000,192.40100000,153.12800,817.00
1713267000,0.00,20261001,0,820,0,0.01,192.30800000,191.64300000,154.68500,0.00
1713304800,57.00,20261001,1,820,1,0.01,192.36500000,191.64300000,154.68500,57.00
1713353400,0.00,20261001,0,822,0,0.01,192.76500000,192.00700000,154.36700,0.00
1713381807,-758.00,20261001,1,822,1,0.01,192.00700000,192.00700000,154.36700,-758.00
1713441600,0.00,20261001,0,824,0,0.01,192.54900000,191.89600000,154.63100,0.00
1713477600,-294.00,20261001,1,824,1,0.01,192.25500000,191.89600000,154.63100,-294.00
1713792600,0.00,20261001,0,826,1,0.06,190.90500000,191.69400000,154.83100,0.00
1713823200,-2556.00,20261001,1,826,0,0.06,191.33100000,191.69400000,154.83100,-2556.00
1713872700,0.00,20261001,0,828,0,0.01,191.75300000,190.82500000,154.81800,0.00
1713909600,927.00,20261001,1,828,1,0.01,192.68000000,190.82500000,154.81800,927.00
1714043700,0.00,20261001,0,830,0,0.01,194.76300000,193.33200000,155.64100,0.00
1714082400,-118.00,20261001,1,830,1,0.01,194.64500000,193.33200000,155.64100,-118.00
1714994100,0.00,20261001,0,832,0,0.01,193.41700000,191.67700000,153.86300,0.00
1715032800,14.00,20261001,1,832,1,0.01,193.43100000,191.67700000,153.86300,14.00
1716462900,0.00,20261001,0,834,0,0.01,199.64100000,199.08600000,156.88600,0.00
1716499179,-555.00,20261001,1,834,1,0.01,199.08600000,199.08600000,156.88600,-555.00
1716552900,0.00,20261001,0,836,0,0.01,199.51500000,199.00100000,156.90100,0.00
1716588000,399.00,20261001,1,836,1,0.01,199.91400000,199.00100000,156.90100,399.00
1716813000,0.00,20261001,0,838,0,0.01,200.01100000,199.60700000,156.82800,0.00
1716847200,285.00,20261001,1,838,1,0.01,200.29600000,199.60700000,156.82800,285.00
1717155000,0.00,20261001,0,840,0,0.01,199.92100000,199.23600000,157.28100,0.00
1717192800,291.00,20261001,1,840,1,0.01,200.21200000,199.23600000,157.28100,291.00
1717413300,0.00,20261001,0,842,1,0.01,199.66100000,200.64800000,156.02400,0.00
1717452000,-266.00,20261001,1,842,0,0.01,199.92700000,200.64800000,156.02400,-266.00
1718022600,0.00,20261001,0,844,1,0.06,199.18200000,199.92300000,156.99300,0.00
1718049821,-4446.00,20261001,1,844,0,0.06,199.92300000,199.92300000,156.99300,-4446.00
1718190900,0.00,20261001,0,846,0,0.01,200.65300000,200.05500000,156.69800,0.00
1718211160,-599.00,20261001,1,846,1,0.01,200.05400000,200.05500000,156.69800,-599.00
1718278200,0.00,20261001,0,848,0,0.01,201.23400000,200.33500000,156.96700,0.00
1718301281,-899.00,20261001,1,848,1,0.01,200.33500000,200.33500000,156.96700,-899.00
1718635500,0.00,20261001,0,850,0,0.01,199.99100000,199.06100000,157.71300,0.00
1718661600,389.00,20261001,1,850,1,0.01,200.38000000,199.06100000,157.71300,389.00
1719493200,0.00,20261001,0,852,0,0.06,202.98100000,202.49500000,160.73200,0.00
1719525600,1836.00,20261001,1,852,1,0.06,203.28700000,202.49500000,160.73200,1836.00
1719585900,0.00,20261001,0,854,1,0.06,203.04600000,203.58600000,160.82100,0.00
1719612000,-1422.00,20261001,1,854,0,0.06,203.28300000,203.58600000,160.82100,-1422.00
1719929700,0.00,20261001,0,856,0,0.06,204.40800000,203.87500000,161.40500,0.00
1719957600,2550.00,20261001,1,856,1,0.06,204.83300000,203.87500000,161.40500,2550.00
1720010700,0.00,20261001,0,858,0,0.01,205.56800000,204.70600000,161.65100,0.00
1720044000,320.00,20261001,1,858,1,0.01,205.88800000,204.70600000,161.65100,320.00
1720101600,0.00,20261001,0,860,1,0.01,205.45200000,206.05400000,161.20100,0.00
1720130400,-344.00,20261001,1,860,0,0.01,205.79600000,206.05400000,161.20100,-344.00
1720437300,0.00,20261001,0,862,0,0.01,206.25500000,205.29000000,160.80000,0.00
1720476000,-258.00,20261001,1,862,1,0.01,205.99700000,205.29000000,160.80000,-258.00
1720531800,0.00,20261001,0,864,0,0.01,206.32600000,205.85600000,161.27200,0.00
1720562400,-65.00,20261001,1,864,1,0.01,206.26100000,205.85600000,161.27200,-65.00
1720610100,0.00,20261001,0,866,0,0.01,206.67800000,206.19100000,161.66700,0.00
1720635690,976.00,20261001,1,866,1,0.01,207.65400000,206.19100000,161.66700,976.00
1721214900,0.00,20261001,0,868,1,0.01,203.93700000,205.68400000,156.15700,0.00
1721253600,903.00,20261001,1,868,0,0.01,203.03400000,205.68400000,156.15700,903.00
1721391300,0.00,20261001,0,870,1,0.01,202.97100000,204.22500000,157.38700,0.00
1721426400,-348.00,20261001,1,870,0,0.01,203.31900000,204.22500000,157.38700,-348.00
1721738700,0.00,20261001,0,872,1,0.01,201.38400000,203.15400000,155.54100,0.00
1721772000,558.00,20261001,1,872,0,0.01,200.82600000,203.15400000,155.54100,558.00
1721993400,0.00,20261001,0,874,0,0.01,198.45300000,197.17200000,153.72100,0.00
1722014368,-1283.00,20261001,1,874,1,0.01,197.17000000,197.17200000,153.72100,-1283.00
1722254400,0.00,20261001,0,876,1,0.01,196.91300000,198.60800000,154.00700,0.00
1722290400,-1189.00,20261001,1,876,0,0.01,198.10200000,198.60800000,154.00700,-1189.00
1723472100,0.00,20261001,0,878,0,0.01,188.22700000,187.10200000,147.18000,0.00
1723500000,-143.00,20261001,1,878,1,0.01,188.08400000,187.10200000,147.18000,-143.00
1724244300,0.00,20261001,0,880,0,0.01,190.34500000,188.92500000,145.11700,0.00
1724277600,-647.00,20261001,1,880,1,0.01,189.69800000,188.92500000,145.11700,-647.00
1724414400,0.00,20261001,0,882,0,0.06,191.60300000,190.36200000,144.30200,0.00
1724450400,-6762.00,20261001,1,882,1,0.06,190.47600000,190.36200000,144.30200,-6762.00
1724758200,0.00,20261001,0,884,0,0.01,191.72700000,190.23300000,143.91900,0.00
1724796000,-776.00,20261001,1,884,1,0.01,190.95100000,190.23300000,143.91900,-776.00
1725017400,0.00,20261001,0,886,0,0.01,191.32500000,190.48200000,146.13500,0.00
1725055200,371.00,20261001,1,886,1,0.01,191.69600000,190.48200000,146.13500,371.00
1725275700,0.00,20261001,0,888,0,0.01,192.64100000,191.32500000,146.87400,0.00
1725314400,473.00,20261001,1,888,1,0.01,193.11400000,191.32500000,146.87400,473.00
1725362100,0.00,20261001,0,890,1,0.01,191.30600000,193.35800000,145.46000,0.00
1725400800,291.00,20261001,1,890,0,0.01,191.01500000,193.35800000,145.46000,291.00
1725885000,0.00,20261001,0,892,0,0.01,187.93400000,186.37900000,143.16000,0.00
1725919200,-1170.00,20261001,1,892,1,0.01,186.76400000,186.37900000,143.16000,-1170.00
1726226100,0.00,20261001,0,894,1,0.01,184.72400000,186.20100000,140.78000,0.00
1726264800,-193.00,20261001,1,894,0,0.01,184.91700000,186.20100000,140.78000,-193.00
1726492500,0.00,20261001,0,896,0,0.06,185.05500000,183.75700000,140.60000,0.00
1726524000,4674.00,20261001,1,896,1,0.06,185.83400000,183.75700000,140.60000,4674.00
1726748100,0.00,20261001,0,898,0,0.01,189.75300000,187.39500000,142.61200,0.00
1726783200,-270.00,20261001,1,898,1,0.01,189.48300000,187.39500000,142.61200,-270.00
1727090100,0.00,20261001,0,900,1,0.01,190.26000000,192.30200000,143.58100,0.00
1727110892,-2057.00,20261001,1,900,0,0.01,192.31700000,192.30200000,143.58100,-2057.00
1727262900,0.00,20261001,0,902,0,0.01,192.73000000,191.75100000,144.73900,0.00
1727301600,-20.00,20261001,1,902,1,0.01,192.71000000,191.75100000,144.73900,-20.00
1727781300,0.00,20261001,0,904,1,0.06,191.74900000,193.36100000,143.54400,0.00
1727820000,5346.00,20261001,1,904,0,0.06,190.85800000,193.36100000,143.54400,5346.00
1727869500,0.00,20261001,0,906,0,0.01,191.78000000,190.41000000,146.44500,0.00
1727906400,2262.00,20261001,1,906,1,0.01,194.04200000,190.41000000,146.44500,2262.00
1727955000,0.00,20261001,0,908,1,0.01,192.36600000,195.17100000,146.91300,0.00
1727992800,-237.00,20261001,1,908,0,0.01,192.60300000,195.17100000,146.91300,-237.00
1728048600,0.00,20261001,0,910,0,0.06,192.92500000,191.72800000,148.64600,0.00
1728071011,14382.00,20261001,1,910,1,0.06,195.32200000,191.72800000,148.64600,14382.00
1728303300,0.00,20261001,0,912,1,0.01,194.07500000,195.61400000,148.17000,0.00
1728338400,486.00,20261001,1,912,0,0.01,193.58900000,195.61400000,148.17000,486.00
1728479700,0.00,20261001,0,914,0,0.01,194.61000000,193.58600000,149.28400,0.00
1728511200,526.00,20261001,1,914,1,0.01,195.13600000,193.58600000,149.28400,526.00
1729512000,0.00,20261001,0,916,0,0.01,195.33300000,194.56200000,150.81700,0.00
1729548000,352.00,20261001,1,916,1,0.01,195.68500000,194.56200000,150.81700,352.00
1729855800,0.00,20261001,0,918,0,0.01,197.28000000,196.37900000,152.25200,0.00
1729893600,155.00,20261001,1,918,1,0.01,197.43500000,196.37900000,152.25200,155.00
1730201400,0.00,20261001,0,920,0,0.06,198.99600000,198.03600000,153.34200,0.00
1730239200,3132.00,20261001,1,920,1,0.06,199.51800000,198.03600000,153.34200,3132.00
1730459700,0.00,20261001,0,922,0,0.01,196.99000000,195.76500000,152.94100,0.00
1730498400,728.00,20261001,1,922,1,0.01,197.71800000,195.76500000,152.94100,728.00
1730719800,0.00,20261001,0,924,1,0.01,196.85600000,197.72800000,152.11600,0.00
1730757600,-235.00,20261001,1,924,0,0.01,197.09100000,197.72800000,152.11600,-235.00
1730983500,0.00,20261001,0,926,1,0.06,198.67900000,199.55600000,152.91300,0.00
1731016800,1188.00,20261001,1,926,0,0.06,198.48100000,199.55600000,152.91300,1188.00
1731069900,0.00,20261001,0,928,1,0.01,197.12100000,198.92300000,152.61200,0.00
1731103200,-24.00,20261001,1,928,0,0.01,197.14500000,198.92300000,152.61200,-24.00
1731589200,0.00,20261001,0,930,1,0.06,197.28400000,197.99100000,156.24800,0.00
1731605301,-4272.00,20261001,1,930,0,0.06,197.99600000,197.99100000,156.24800,-4272.00
1731672000,0.00,20261001,0,932,1,0.01,196.56800000,198.44700000,154.25000,0.00
1731708000,2072.00,20261001,1,932,0,0.01,194.49600000,198.44700000,154.25000,2072.00
1732187700,0.00,20261001,0,934,1,0.01,194.78900000,196.56600000,154.52000,0.00
1732226400,84.00,20261001,1,934,0,0.01,194.70500000,196.56600000,154.52000,84.00
1732274100,0.00,20261001,0,936,1,0.01,193.50300000,194.80400000,154.70500,0.00
1732312800,-402.00,20261001,1,936,0,0.01,193.90500000,194.80400000,154.70500,-402.00
1732708800,0.00,20261001,0,938,1,0.01,190.91500000,192.61400000,151.06500,0.00
1732744800,-479.00,20261001,1,938,0,0.01,191.39400000,192.61400000,151.06500,-479.00
1732796100,0.00,20261001,0,940,0,0.01,192.26500000,191.30700000,151.52500,0.00
1732831200,-17.00,20261001,1,940,1,0.01,192.24800000,191.30700000,151.52500,-17.00
1733314500,0.00,20261001,0,942,0,0.01,191.09600000,189.35100000,150.54200,0.00
1733349600,-34.00,20261001,1,942,1,0.01,191.06200000,189.35100000,150.54200,-34.00
1733483700,0.00,20261001,0,944,0,0.01,192.04000000,190.91800000,149.88200,0.00
1733502401,-1123.00,20261001,1,944,1,0.01,190.91700000,190.91800000,149.88200,-1123.00
1733742900,0.00,20261001,0,946,0,0.01,192.16700000,190.59500000,151.14300,0.00
1733781600,714.00,20261001,1,946,1,0.01,192.88100000,190.59500000,151.14300,714.00
1733832900,0.00,20261001,0,948,0,0.01,193.46300000,192.44800000,151.92000,0.00
1733868000,600.00,20261001,1,948,1,0.01,194.06300000,192.44800000,151.92000,600.00
1733916600,0.00,20261001,0,950,0,0.06,194.22600000,192.93800000,152.43500,0.00
1733954400,1878.00,20261001,1,950,1,0.06,194.53900000,192.93800000,152.43500,1878.00
1734009300,0.00,20261001,0,952,1,0.06,193.97000000,194.99300000,152.61500,0.00
1734040800,4152.00,20261001,1,952,0,0.06,193.27800000,194.99300000,152.61500,4152.00
1734091200,0.00,20261001,0,954,0,0.01,193.91300000,192.85100000,153.68800,0.00
1734127200,-19.00,20261001,1,954,1,0.01,193.89400000,192.85100000,153.68800,-19.00
1734349500,0.00,20261001,0,956,0,0.01,194.67600000,193.64300000,154.08300,0.00
1734386400,809.00,20261001,1,956,1,0.01,195.48500000,193.64300000,154.08300,809.00
1734435900,0.00,20261001,0,958,1,0.01,195.11300000,195.89000000,153.35400,0.00
1734472800,203.00,20261001,1,958,0,0.01,194.91000000,195.89000000,153.35400,203.00
1735307100,0.00,20261001,0,960,0,0.06,197.89000000,197.20100000,157.79300,0.00
1735336800,4878.00,20261001,1,960,1,0.06,198.70300000,197.20100000,157.79300,4878.00
1736162100,0.00,20261001,0,962,0,0.01,196.86300000,195.36400000,157.51700,0.00
1736200800,259.00,20261001,1,962,1,0.01,197.12200000,195.36400000,157.51700,259.00
1736334900,0.00,20261001,0,964,1,0.01,196.81400000,197.54500000,158.33400,0.00
1736346755,1462.00,20261001,1,964,0,0.01,195.35200000,197.54500000,158.33400,1462.00
1736507700,0.00,20261001,0,966,1,0.01,193.76700000,194.77100000,157.62600,0.00
1736546400,996.00,20261001,1,966,0,0.01,192.77100000,194.77100000,157.62600,996.00
1737547200,0.00,20261001,0,968,0,0.01,192.48000000,191.70100000,156.46100,0.00
1737583200,436.00,20261001,1,968,1,0.01,192.91600000,191.70100000,156.46100,436.00
1737722700,0.00,20261001,0,970,0,0.01,193.72800000,192.06100000,155.90800,0.00
1737756000,775.00,20261001,1,970,1,0.01,194.50300000,192.06100000,155.90800,775.00
1737976500,0.00,20261001,0,972,1,0.01,192.72900000,194.64900000,154.49700,0.00
1738015200,-299.00,20261001,1,972,0,0.01,193.02800000,194.64900000,154.49700,-299.00
1738152000,0.00,20261001,0,974,1,0.01,192.94200000,193.75400000,155.21300,0.00
1738188000,-255.00,20261001,1,974,0,0.01,193.19700000,193.75400000,155.21300,-255.00
1738247400,0.00,20261001,0,976,1,0.01,191.91100000,193.28200000,154.28700,0.00
1738274400,-102.00,20261001,1,976,0,0.01,192.01300000,193.28200000,154.28700,-102.00
1738584000,0.00,20261001,0,978,1,0.06,190.53200000,191.65700000,154.73700,0.00
1738603481,-6750.00,20261001,1,978,0,0.06,191.65700000,191.65700000,154.73700,-6750.00
1738843200,0.00,20261001,0,980,1,0.01,189.68400000,190.95800000,151.34000,0.00
1738879200,1417.00,20261001,1,980,0,0.01,188.26700000,190.95800000,151.34000,1417.00
1738930500,0.00,20261001,0,982,0,0.01,189.37300000,187.64100000,151.31000,0.00
1738952142,-1745.00,20261001,1,982,1,0.01,187.62800000,187.64100000,151.31000,-1745.00
1739272500,0.00,20261001,0,984,0,0.06,188.02300000,187.24100000,152.47400,0.00
1739309623,9390.00,20261001,1,984,1,0.06,189.58800000,187.24100000,152.47400,9390.00
1739456100,0.00,20261001,0,986,1,0.06,191.75400000,193.05200000,152.79200,0.00
1739484000,114.00,20261001,1,986,0,0.06,191.73500000,193.05200000,152.79200,114.00
1739531700,0.00,20261001,0,988,0,0.01,192.37200000,191.47300000,152.21300,0.00
1739570400,-664.00,20261001,1,988,1,0.01,191.70800000,191.47300000,152.21300,-664.00
1739965500,0.00,20261001,0,990,1,0.01,191.11300000,192.11100000,151.46200,0.00
1740002400,428.00,20261001,1,990,0,0.01,190.68500000,192.11100000,151.46200,428.00
1740656700,0.00,20261001,0,992,0,0.01,189.98100000,188.56500000,149.79700,0.00
1740693600,-1039.00,20261001,1,992,1,0.01,188.94200000,188.56500000,149.79700,-1039.00
1741005000,0.00,20261001,0,994,0,0.06,190.33000000,188.81600000,149.49100,0.00
1741039200,2100.00,20261001,1,994,1,0.06,190.68000000,188.81600000,149.49100,2100.00
1741097700,0.00,20261001,0,996,1,0.01,188.75100000,190.11700000,149.71200,0.00
1741119221,-1366.00,20261001,1,996,0,0.01,190.11700000,190.11700000,149.71200,-1366.00
1741259700,0.00,20261001,0,998,1,0.01,190.77700000,192.54200000,147.96600,0.00
1741298400,338.00,20261001,1,998,0,0.01,190.43900000,192.54200000,147.96600,338.00
1741605300,0.00,20261001,0,1000,1,0.01,189.91000000,191.00500000,147.25400,0.00
1741644000,413.00,20261001,1,1000,0,0.01,189.49700000,191.00500000,147.25400,413.00
1741692600,0.00,20261001,0,1002,0,0.01,190.27400000,188.79100000,147.76300,0.00
1741730400,1314.00,20261001,1,1002,1,0.01,191.58800000,188.79100000,147.76300,1314.00
1741783500,0.00,20261001,0,1004,0,0.01,192.25900000,191.15700000,148.23700,0.00
1741816800,104.00,20261001,1,1004,1,0.01,192.36300000,191.15700000,148.23700,104.00
1742296500,0.00,20261001,0,1006,0,0.01,194.81200000,193.61000000,149.25600,0.00
1742335200,-733.00,20261001,1,1006,1,0.01,194.07900000,193.61000000,149.25600,-733.00
1742476500,0.00,20261001,0,1008,1,0.01,192.39700000,193.57100000,148.76900,0.00
1742508000,-462.00,20261001,1,1008,0,0.01,192.85900000,193.57100000,148.76900,-462.00
1742823900,0.00,20261001,0,1010,0,0.01,194.00800000,192.65700000,150.68400,0.00
1742853600,579.00,20261001,1,1010,1,0.01,194.58700000,192.65700000,150.68400,579.00
1742987700,0.00,20261001,0,1012,1,0.06,193.79900000,194.78500000,150.55800,0.00
1743026400,-390.00,20261001,1,1012,0,0.06,193.86400000,194.78500000,150.55800,-390.00
1743075900,0.00,20261001,0,1014,0,0.01,194.50800000,193.49700000,151.03600,0.00
1743112800,1177.00,20261001,1,1014,1,0.01,195.68500000,193.49700000,151.03600,1177.00
1743513300,0.00,20261001,0,1016,1,0.01,193.03000000,193.92600000,149.59600,0.00
1743544800,147.00,20261001,1,1016,0,0.01,192.88300000,193.92600000,149.59600,147.00
1743678900,0.00,20261001,0,1018,0,0.01,193.54100000,192.26600000,146.04400,0.00
1743694177,-1276.00,20261001,1,1018,1,0.01,192.26500000,192.26600000,146.04400,-1276.00
1743767100,0.00,20261001,0,1020,1,0.01,190.02800000,191.75300000,146.85100,0.00
1743804000,797.00,20261001,1,1020,0,0.01,189.23100000,191.75300000,146.85100,797.00
1744118100,0.00,20261001,0,1022,1,0.01,187.51200000,188.94400000,146.26000,0.00
1744149600,288.00,20261001,1,1022,0,0.01,187.22400000,188.94400000,146.26000,288.00
1744209000,0.00,20261001,0,1024,1,0.01,185.50500000,187.15000000,147.66600,0.00
1744230211,-1646.00,20261001,1,1024,0,0.01,187.15100000,187.15000000,147.66600,-1646.00
1744288200,0.00,20261001,0,1026,1,0.01,188.02700000,189.41500000,144.43900,0.00
1744322400,339.00,20261001,1,1026,0,0.01,187.68800000,189.41500000,144.43900,339.00
1744630200,0.00,20261001,0,1028,0,0.01,188.56300000,186.57600000,142.94600,0.00
1744668000,4.00,20261001,1,1028,1,0.01,188.56700000,186.57600000,142.94600,4.00
1744804800,0.00,20261001,0,1030,0,0.06,189.45100000,188.53800000,141.82800,0.00
1744832773,-5484.00,20261001,1,1030,1,0.06,188.53700000,188.53800000,141.82800,-5484.00
1744888500,0.00,20261001,0,1032,0,0.01,189.20000000,187.45700000,142.33800,0.00
1744927200,-233.00,20261001,1,1032,1,0.01,188.96700000,187.45700000,142.33800,-233.00
1745328600,0.00,20261001,0,1034,1,0.01,187.48900000,188.77500000,141.54700,0.00
1745359200,-1219.00,20261001,1,1034,0,0.01,188.70800000,188.77500000,141.54700,-1219.00
1745839800,0.00,20261001,0,1036,0,0.01,191.34100000,190.66300000,141.99100,0.00
1745877600,-527.00,20261001,1,1036,1,0.01,190.81400000,190.66300000,141.99100,-527.00
1746186300,0.00,20261001,0,1038,1,0.06,192.69100000,193.74500000,144.83500,0.00
1746223200,1068.00,20261001,1,1038,0,0.06,192.51300000,193.74500000,144.83500,1068.00
1746443700,0.00,20261001,0,1040,1,0.01,191.50300000,192.28600000,143.67500,0.00
1746482400,252.00,20261001,1,1040,0,0.01,191.25100000,192.28600000,143.67500,252.00
1746530100,0.00,20261001,0,1042,1,0.01,190.71500000,191.34700000,142.37600,0.00
1746568800,172.00,20261001,1,1042,0,0.01,190.54300000,191.34700000,142.37600,172.00
1746616500,0.00,20261001,0,1044,0,0.01,191.37400000,190.39700000,143.80000,0.00
1746655200,-182.00,20261001,1,1044,1,0.01,191.19200000,190.39700000,143.80000,-182.00
1746702900,0.00,20261001,0,1046,0,0.01,191.95300000,190.99000000,145.90300,0.00
1746741600,1349.00,20261001,1,1046,1,0.01,193.30200000,190.99000000,145.90300,1349.00
1747048500,0.00,20261001,0,1048,0,0.01,194.92600000,193.62600000,148.44300,0.00
1747087200,579.00,20261001,1,1048,1,0.01,195.50500000,193.62600000,148.44300,579.00
1747143900,0.00,20261001,0,1050,0,0.06,195.62600000,194.77200000,147.46100,0.00
1747173600,3312.00,20261001,1,1050,1,0.06,196.17800000,194.77200000,147.46100,3312.00
1747224000,0.00,20261001,0,1052,1,0.01,195.19500000,196.40100000,146.74500,0.00
1747260000,562.00,20261001,1,1052,0,0.01,194.63300000,196.40100000,146.74500,562.00
1747653300,0.00,20261001,0,1054,0,0.01,193.65800000,192.76200000,144.84000,0.00
1747692000,-42.00,20261001,1,1054,1,0.01,193.61600000,192.76200000,144.84000,-42.00
1747835100,0.00,20261001,0,1056,1,0.01,192.77300000,193.47100000,143.66000,0.00
1747864800,-102.00,20261001,1,1056,0,0.01,192.87500000,193.47100000,143.66000,-102.00
1747912500,0.00,20261001,0,1058,1,0.01,191.96000000,193.57300000,143.99600,0.00
1747949556,-1614.00,20261001,1,1058,0,0.01,193.57400000,193.57300000,143.99600,-1614.00
1748005200,0.00,20261001,0,1060,0,0.06,193.42400000,192.81600000,142.54400,0.00
1748011478,-3648.00,20261001,1,1060,1,0.06,192.81600000,192.81600000,142.54400,-3648.00
1748011500,0.00,20261001,0,1062,1,0.01,192.78500000,193.32300000,142.54400,0.00
1748037600,-39.00,20261001,1,1062,0,0.01,192.82400000,193.32300000,142.54400,-39.00
1748345400,0.00,20261001,0,1064,0,0.01,194.63600000,193.05700000,144.31600,0.00
1748383200,282.00,20261001,1,1064,1,0.01,194.91800000,193.05700000,144.31600,282.00
1748872800,0.00,20261001,0,1066,1,0.06,193.22600000,193.89700000,142.65100,0.00
1748901600,-942.00,20261001,1,1066,0,0.06,193.38300000,193.89700000,142.65100,-942.00
1748950200,0.00,20261001,0,1068,1,0.01,192.85400000,193.81100000,143.88500,0.00
1748968217,-957.00,20261001,1,1068,0,0.01,193.81100000,193.81100000,143.88500,-957.00
1749042000,0.00,20261001,0,1070,0,0.01,195.04600000,194.52200000,142.75400,0.00
1749050368,-526.00,20261001,1,1070,1,0.01,194.52000000,194.52200000,142.75400,-526.00
1749122100,0.00,20261001,0,1072,0,0.01,194.51200000,193.25100000,143.41900,0.00
1749160800,535.00,20261001,1,1072,1,0.01,195.04700000,193.25100000,143.41900,535.00
1749221100,0.00,20261001,0,1074,0,0.01,195.34600000,194.70000000,144.82400,0.00
1749247200,624.00,20261001,1,1074,1,0.01,195.97000000,194.70000000,144.82400,624.00
1749653100,0.00,20261001,0,1076,0,0.01,195.96500000,195.28700000,144.51800,0.00
1749679200,-198.00,20261001,1,1076,1,0.01,195.76700000,195.28700000,144.51800,-198.00
1750255200,0.00,20261001,0,1078,1,0.06,194.65400000,195.34800000,145.08800,0.00
1750284000,450.00,20261001,1,1078,0,0.06,194.57900000,195.34800000,145.08800,450.00
1750332600,0.00,20261001,0,1080,0,0.01,195.02100000,194.00900000,145.40800,0.00
1750370400,776.00,20261001,1,1080,1,0.01,195.79700000,194.00900000,145.40800,776.00
1750429800,0.00,20261001,0,1082,0,0.01,196.33600000,195.67200000,146.01100,0.00
1750456800,208.00,20261001,1,1082,1,0.01,196.54400000,195.67200000,146.01100,208.00
1750852800,0.00,20261001,0,1084,0,0.01,198.16200000,197.02600000,145.17200,0.00
1750888800,153.00,20261001,1,1084,1,0.01,198.31500000,197.02600000,145.17200,153.00
1751368500,0.00,20261001,0,1086,1,0.01,196.83100000,197.74900000,143.36600,0.00
1751407200,-612.00,20261001,1,1086,0,0.01,197.44300000,197.74900000,143.36600,-612.00
1751541300,0.00,20261001,0,1088,0,0.01,196.66300000,195.74900000,144.91000,0.00
1751580000,1276.00,20261001,1,1088,1,0.01,197.93900000,195.74900000,144.91000,1276.00
1751631300,0.00,20261001,0,1090,1,0.01,197.07100000,197.88200000,144.41800,0.00
1751666400,-202.00,20261001,1,1090,0,0.01,197.27300000,197.88200000,144.41800,-202.00
1751892300,0.00,20261001,0,1092,0,0.01,197.69100000,196.78100000,146.04300,0.00
1751925600,1270.00,20261001,1,1092,1,0.01,198.96100000,196.78100000,146.04300,1270.00
1752585300,0.00,20261001,0,1094,0,0.01,198.76800000,198.20200000,148.82100,0.00
1752616800,535.00,20261001,1,1094,1,0.01,199.30300000,198.20200000,148.82100,535.00
1752669900,0.00,20261001,0,1096,1,0.06,199.10200000,199.73600000,147.78800,0.00
1752703200,4338.00,20261001,1,1096,0,0.06,198.37900000,199.73600000,147.78800,4338.00
1752752700,0.00,20261001,0,1098,0,0.01,199.27100000,198.22300000,148.50900,0.00
1752789600,160.00,20261001,1,1098,1,0.01,199.43100000,198.22300000,148.50900,160.00
1753195500,0.00,20261001,0,1100,1,0.06,198.42400000,199.28500000,146.60300,0.00
1753221600,948.00,20261001,1,1100,0,0.06,198.26600000,199.28500000,146.60300,948.00
1753448400,0.00,20261001,0,1102,0,0.06,199.08600000,198.12400000,147.59500,0.00
1753480800,-4992.00,20261001,1,1102,1,0.06,198.25400000,198.12400000,147.59500,-4992.00
1753703100,0.00,20261001,0,1104,0,0.01,199.00000000,198.33700000,148.43000,0.00
1753736715,-663.00,20261001,1,1104,1,0.01,198.33700000,198.33700000,148.43000,-663.00
1754046900,0.00,20261001,0,1106,1,0.01,198.44200000,199.30100000,147.30600,0.00
1754066901,1718.00,20261001,1,1106,0,0.01,196.72400000,199.30100000,147.30600,1718.00
1754307000,0.00,20261001,0,1108,0,0.01,196.51900000,195.27400000,147.06600,0.00
1754339499,-1245.00,20261001,1,1108,1,0.01,195.27400000,195.27400000,147.06600,-1245.00
1754393400,0.00,20261001,0,1110,0,0.01,195.90000000,195.02500000,147.59400,0.00
1754431200,338.00,20261001,1,1110,1,0.01,196.23800000,195.02500000,147.59400,338.00
1754576100,0.00,20261001,0,1112,0,0.06,197.87500000,196.23200000,147.11100,0.00
1754604000,84.00,20261001,1,1112,1,0.06,197.88900000,196.23200000,147.11100,84.00
1754653500,0.00,20261001,0,1114,0,0.01,198.20000000,197.38500000,147.65300,0.00
1754690400,446.00,20261001,1,1114,1,0.01,198.64600000,197.38500000,147.65300,446.00
1754998200,0.00,20261001,0,1116,0,0.01,199.65700000,198.88200000,147.80100,0.00
1755036000,-286.00,20261001,1,1116,1,0.01,199.37100000,198.88200000,147.80100,-286.00
1755093600,0.00,20261001,0,1118,0,0.01,200.01100000,199.42500000,147.35600,0.00
1755122400,9.00,20261001,1,1118,1,0.01,200.02000000,199.42500000,147.35600,9.00
1755256500,0.00,20261001,0,1120,1,0.01,199.17000000,200.00600000,147.09300,0.00
1755295200,-362.00,20261001,1,1120,0,0.01,199.53200000,200.00600000,147.09300,-362.00
1755775800,0.00,20261001,0,1122,0,0.01,198.69200000,198.08800000,148.35400,0.00
1755813600,341.00,20261001,1,1122,1,0.01,199.03300000,198.08800000,148.35400,341.00
1755864000,0.00,20261001,0,1124,0,0.01,199.35900000,198.85100000,146.88300,0.00
1755882579,-508.00,20261001,1,1124,1,0.01,198.85100000,198.85100000,146.88300,-508.00
1756391400,0.00,20261001,0,1126,1,0.01,198.48900000,199.13300000,146.90900,0.00
1756418400,43.00,20261001,1,1126,0,0.01,198.44600000,199.13300000,146.90900,43.00
1756466100,0.00,20261001,0,1128,1,0.01,198.18200000,198.64800000,146.94300,0.00
1756504800,-445.00,20261001,1,1128,0,0.01,198.62700000,198.64800000,146.94300,-445.00
1756725300,0.00,20261001,0,1130,0,0.01,199.10100000,198.41200000,147.16300,0.00
1756764000,284.00,20261001,1,1130,1,0.01,199.38500000,198.41200000,147.16300,284.00
1756899000,0.00,20261001,0,1132,0,0.01,199.09300000,198.48200000,148.06100,0.00
1756936800,-200.00,20261001,1,1132,1,0.01,198.89300000,198.48200000,148.06100,-200.00
1756984500,0.00,20261001,0,1134,0,0.01,199.34500000,198.77700000,148.47100,0.00
1757023200,113.00,20261001,1,1134,1,0.01,199.45800000,198.77700000,148.47100,113.00
1757077200,0.00,20261001,0,1136,0,0.01,199.75600000,199.21600000,147.35000,0.00
1757086230,-540.00,20261001,1,1136,1,0.01,199.21600000,199.21600000,147.35000,-540.00
1757417400,0.00,20261001,0,1138,1,0.01,199.07200000,199.86700000,147.40100,0.00
1757455200,-256.00,20261001,1,1138,0,0.01,199.32800000,199.86700000,147.40100,-256.00
1757512800,0.00,20261001,0,1140,0,0.01,199.67300000,199.24000000,147.45000,0.00
1757541600,-264.00,20261001,1,1140,1,0.01,199.40900000,199.24000000,147.45000,-264.00
1757589300,0.00,20261001,0,1142,0,0.01,199.80000000,199.26400000,147.19900,0.00
1757628000,51.00,20261001,1,1142,1,0.01,199.85100000,199.26400000,147.19900,51.00
1757676600,0.00,20261001,0,1144,0,0.01,200.11800000,199.66000000,147.56000,0.00
1757714400,14.00,20261001,1,1144,1,0.01,200.13200000,199.66000000,147.56000,14.00
1757935800,0.00,20261001,0,1146,0,0.01,200.44300000,199.92000000,147.31100,0.00
1757973600,-9.00,20261001,1,1146,1,0.01,200.43400000,199.92000000,147.31100,-9.00
1758114900,0.00,20261001,0,1148,1,0.06,199.66200000,200.02600000,146.94900,0.00
1758145050,-2184.00,20261001,1,1148,0,0.06,200.02600000,200.02600000,146.94900,-2184.00
1758194100,0.00,20261001,0,1150,0,0.01,200.75900000,200.03300000,147.97900,0.00
1758232800,-338.00,20261001,1,1150,1,0.01,200.42100000,200.03300000,147.97900,-338.00
1758715200,0.00,20261001,0,1152,0,0.01,199.92100000,199.45600000,148.88400,0.00
1758751200,245.00,20261001,1,1152,1,0.01,200.16600000,199.45600000,148.88400,245.00
1758811500,0.00,20261001,0,1154,1,0.01,199.72400000,200.34300000,149.77600,0.00
1758837600,-142.00,20261001,1,1154,0,0.01,199.86600000,200.34300000,149.77600,-142.00
1759144500,0.00,20261001,0,1156,1,0.01,199.69700000,200.40200000,148.56700,0.00
1759183200,-42.00,20261001,1,1156,0,0.01,199.73900000,200.40200000,148.56700,-42.00
1759233600,0.00,20261001,0,1158,1,0.01,198.79700000,199.76400000,147.85300,0.00
1759269600,-79.00,20261001,1,1158,0,0.01,198.87600000,199.76400000,147.85300,-79.00
1759408200,0.00,20261001,0,1160,1,0.06,198.03200000,198.60900000,147.20100,0.00
1759442400,444.00,20261001,1,1160,0,0.06,197.95800000,198.60900000,147.20100,444.00
1759847400,0.00,20261001,0,1162,1,0.01,202.24900000,203.05100000,151.88400,0.00
1759859879,-802.00,20261001,1,1162,0,0.01,203.05100000,203.05100000,151.88400,-802.00
1759923900,0.00,20261001,0,1164,0,0.01,204.67900000,203.72100000,152.67200,0.00
1759960800,-211.00,20261001,1,1164,1,0.01,204.46800000,203.72100000,152.67200,-211.00
1760009400,0.00,20261001,0,1166,1,0.01,204.31900000,204.87500000,153.04300,0.00
1760047200,877.00,20261001,1,1166,0,0.01,203.44200000,204.87500000,153.04300,877.00
1760104800,0.00,20261001,0,1168,1,0.01,202.53500000,203.74600000,151.17200,0.00
1760133600,45.00,20261001,1,1168,0,0.01,202.49000000,203.74600000,151.17200,45.00
1760615100,0.00,20261001,0,1170,0,0.01,203.14200000,201.99000000,150.41300,0.00
1760643103,-1152.00,20261001,1,1170,1,0.01,201.99000000,201.99000000,150.41300,-1152.00
1761048000,0.00,20261001,0,1172,0,0.01,202.85700000,201.81800000,151.91600,0.00
1761084000,284.00,20261001,1,1172,1,0.01,203.14100000,201.81800000,151.91600,284.00
1761131700,0.00,20261001,0,1174,1,0.01,202.07400000,203.26100000,151.95900,0.00
1761170400,-777.00,20261001,1,1174,0,0.01,202.85100000,203.26100000,151.95900,-777.00
1761650100,0.00,20261001,0,1176,1,0.01,202.69900000,203.81500000,152.09200,0.00
1761688800,707.00,20261001,1,1176,0,0.01,201.99200000,203.81500000,152.09200,707.00
1762353900,0.00,20261001,0,1178,0,0.01,200.49200000,199.05900000,154.10400,0.00
1762380000,551.00,20261001,1,1178,1,0.01,201.04300000,199.05900000,154.10400,551.00
1762775100,0.00,20261001,0,1180,0,0.01,203.18100000,201.75800000,154.12900,0.00
1762812000,-145.00,20261001,1,1180,1,0.01,203.03600000,201.75800000,154.12900,-145.00
1763039700,0.00,20261001,0,1182,0,0.01,203.55600000,202.96100000,154.53500,0.00
1763071200,188.00,20261001,1,1182,1,0.01,203.74400000,202.96100000,154.53500,188.00
1763388000,0.00,20261001,0,1184,0,0.01,204.02000000,203.13000000,155.22200,0.00
1763416800,61.00,20261001,1,1184,1,0.01,204.08100000,203.13000000,155.22200,61.00
1763470800,0.00,20261001,0,1186,0,0.06,204.35100000,203.68700000,155.48900,0.00
1763503200,1428.00,20261001,1,1186,1,0.06,204.58900000,203.68700000,155.48900,1428.00
1763553600,0.00,20261001,0,1188,0,0.06,204.72100000,203.97600000,157.13200,0.00
1763589600,780.00,20261001,1,1188,1,0.06,204.85100000,203.97600000,157.13200,780.00
1763726400,0.00,20261001,0,1190,1,0.01,204.74600000,206.04300000,156.28900,0.00
1763762400,-86.00,20261001,1,1190,0,0.01,204.83200000,206.04300000,156.28900,-86.00
1763995500,0.00,20261001,0,1192,0,0.01,205.57400000,204.87300000,156.83100,0.00
1764021600,-113.00,20261001,1,1192,1,0.01,205.46100000,204.87300000,156.83100,-113.00
1764080100,0.00,20261001,0,1194,1,0.01,205.08600000,205.70600000,156.01300,0.00
1764088350,-620.00,20261001,1,1194,0,0.01,205.70600000,205.70600000,156.01300,-620.00
1764164700,0.00,20261001,0,1196,0,0.01,206.28200000,205.32800000,156.45100,0.00
1764194400,783.00,20261001,1,1196,1,0.01,207.06500000,205.32800000,156.45100,783.00
1764334800,0.00,20261001,0,1198,1,0.01,206.38300000,207.19700000,156.07900,0.00
1764367200,-412.00,20261001,1,1198,0,0.01,206.79500000,207.19700000,156.07900,-412.00
1764674100,0.00,20261001,0,1200,0,0.01,206.23700000,205.31800000,155.81400,0.00
1764712800,-303.00,20261001,1,1200,1,0.01,205.93400000,205.31800000,155.81400,-303.00
1764762300,0.00,20261001,0,1202,0,0.01,206.58600000,205.78500000,155.21400,0.00
1764799200,541.00,20261001,1,1202,1,0.01,207.12700000,205.78500000,155.21400,541.00
1764850500,0.00,20261001,0,1204,1,0.01,206.54600000,207.35600000,155.08300,0.00
1764885600,-248.00,20261001,1,1204,0,0.01,206.79400000,207.35600000,155.08300,-248.00
1764934200,0.00,20261001,0,1206,0,0.01,206.84300000,206.18800000,155.21400,0.00
1764972000,218.00,20261001,1,1206,1,0.01,207.06100000,206.18800000,155.21400,218.00
1765192500,0.00,20261001,0,1208,0,0.01,207.14500000,206.59300000,155.90900,0.00
1765231200,624.00,20261001,1,1208,1,0.01,207.76900000,206.59300000,155.90900,624.00
1765885500,0.00,20261001,0,1210,0,0.06,207.67800000,206.76600000,154.70000,0.00
1765922400,-186.00,20261001,1,1210,1,0.06,207.64700000,206.76600000,154.70000,-186.00
1766407500,0.00,20261001,0,1212,0,0.01,211.44500000,210.59000000,157.03100,0.00
1766440800,-286.00,20261001,1,1212,1,0.01,211.15900000,210.59000000,157.03100,-286.00
1767103200,0.00,20261001,0,1214,1,0.06,210.51300000,211.09000000,156.37300,0.00
1767132000,-1356.00,20261001,1,1214,0,0.06,210.73900000,211.09000000,156.37300,-1356.00
1767192300,0.00,20261001,0,1216,0,0.06,210.87500000,210.25400000,156.70100,0.00
1767218400,600.00,20261001,1,1216,1,0.06,210.97500000,210.25400000,156.70100,600.00
1767359700,0.00,20261001,0,1218,1,0.06,210.85200000,211.43600000,156.77900,0.00
1767376539,-3504.00,20261001,1,1218,0,0.06,211.43600000,211.43600000,156.77900,-3504.00
1767698100,0.00,20261001,0,1220,1,0.01,211.71600000,212.14600000,156.62800,0.00
1767736800,257.00,20261001,1,1220,0,0.01,211.45900000,212.14600000,156.62800,257.00
1768217400,0.00,20261001,0,1222,0,0.01,212.43800000,211.57900000,158.04000,0.00
1768255200,505.00,20261001,1,1222,1,0.01,212.94300000,211.57900000,158.04000,505.00
1768394700,0.00,20261001,0,1224,1,0.06,213.37500000,214.10000000,158.36800,0.00
1768428000,2874.00,20261001,1,1224,0,0.06,212.89600000,214.10000000,158.36800,2874.00
1768995000,0.00,20261001,0,1226,1,0.01,212.03200000,212.64400000,158.27200,0.00
1769013732,-614.00,20261001,1,1226,0,0.01,212.64600000,212.64400000,158.27200,-614.00
1769515200,0.00,20261001,0,1228,1,0.06,210.60900000,211.75500000,152.11100,0.00
1769551200,690.00,20261001,1,1228,0,0.06,210.49400000,211.75500000,152.11100,690.00
1769598900,0.00,20261001,0,1230,1,0.01,210.37000000,211.21500000,153.39900,0.00
1769620279,-846.00,20261001,1,1230,0,0.01,211.21600000,211.21500000,153.39900,-846.00
1769778900,0.00,20261001,0,1232,0,0.01,211.97200000,211.11700000,154.76500,0.00
1769810400,-300.00,20261001,1,1232,1,0.01,211.67200000,211.11700000,154.76500,-300.00
1770210000,0.00,20261001,0,1234,0,0.01,214.98500000,213.21500000,156.82000,0.00
1770242400,-724.00,20261001,1,1234,1,0.01,214.26100000,213.21500000,156.82000,-724.00
1770290100,0.00,20261001,0,1236,1,0.01,213.33900000,214.22700000,156.98100,0.00
1770328800,763.00,20261001,1,1236,0,0.01,212.57600000,214.22700000,156.98100,763.00
1770376500,0.00,20261001,0,1238,0,0.01,213.08100000,211.59400000,157.08000,0.00
1770415200,829.00,20261001,1,1238,1,0.01,213.91000000,211.59400000,157.08000,829.00
1770725700,0.00,20261001,0,1240,1,0.01,212.13100000,213.71900000,154.37800,0.00
1770760800,1384.00,20261001,1,1240,0,0.01,210.74700000,213.71900000,154.37800,1384.00
1770904800,0.00,20261001,0,1242,0,0.06,209.25600000,207.62400000,152.72500,0.00
1770920798,-9792.00,20261001,1,1242,1,0.06,207.62400000,207.62400000,152.72500,-9792.00
1771241400,0.00,20261001,0,1244,0,0.01,209.49000000,208.17900000,153.41200,0.00
1771279200,-265.00,20261001,1,1244,1,0.01,209.22500000,208.17900000,153.41200,-265.00
1771413300,0.00,20261001,0,1246,0,0.01,208.62500000,207.61500000,154.78400,0.00
1771452000,246.00,20261001,1,1246,1,0.01,208.87100000,207.61500000,154.78400,246.00
1771506900,0.00,20261001,0,1248,1,0.06,208.63000000,209.53800000,154.97300,0.00
1771538400,72.00,20261001,1,1248,0,0.06,208.61800000,209.53800000,154.97300,72.00
1771587900,0.00,20261001,0,1250,0,0.01,209.47400000,208.37900000,154.94300,0.00
1771624800,-284.00,20261001,1,1250,1,0.01,209.19000000,208.37900000,154.94300,-284.00
1771847100,0.00,20261001,0,1252,0,0.01,209.19400000,208.20800000,154.59100,0.00
1771873992,-986.00,20261001,1,1252,1,0.01,208.20800000,208.20800000,154.59100,-986.00
1772018100,0.00,20261001,0,1254,0,0.01,211.36000000,209.99800000,156.28600,0.00
1772056800,620.00,20261001,1,1254,1,0.01,211.98000000,209.99800000,156.28600,620.00
1772460900,0.00,20261001,0,1256,0,0.01,210.61700000,209.34100000,157.32600,0.00
1772488800,403.00,20261001,1,1256,1,0.01,211.02000000,209.34100000,157.32600,403.00
1772716500,0.00,20261001,0,1258,0,0.06,210.11900000,209.17800000,157.53200,0.00
1772748000,498.00,20261001,1,1258,1,0.06,210.20200000,209.17800000,157.53200,498.00
1773065700,0.00,20261001,0,1260,0,0.01,211.55900000,210.60200000,157.64400,0.00
1773093600,449.00,20261001,1,1260,1,0.01,212.00800000,210.60200000,157.64400,449.00
1773142200,0.00,20261001,0,1262,0,0.01,212.12300000,211.58400000,158.03000,0.00
1773180000,-140.00,20261001,1,1262,1,0.01,211.98300000,211.58400000,158.03000,-140.00
1773314100,0.00,20261001,0,1264,1,0.01,212.49800000,213.09400000,159.34200,0.00
1773352800,-189.00,20261001,1,1264,0,0.01,212.68700000,213.09400000,159.34200,-189.00
1773400500,0.00,20261001,0,1266,1,0.01,211.50800000,212.86900000,159.71400,0.00
1773439200,94.00,20261001,1,1266,0,0.01,211.41400000,212.86900000,159.71400,94.00
1773751500,0.00,20261001,0,1268,0,0.01,212.20200000,211.62400000,158.96100,0.00
1773784800,214.00,20261001,1,1268,1,0.01,212.41600000,211.62400000,158.96100,214.00
1773918900,0.00,20261001,0,1270,1,0.01,210.93600000,212.34400000,157.67100,0.00
1773957600,-684.00,20261001,1,1270,0,0.01,211.62000000,212.34400000,157.67100,-684.00
1774270800,0.00,20261001,0,1272,1,0.06,211.69800000,212.73700000,158.43000,0.00
1774274789,-6240.00,20261001,1,1272,0,0.06,212.73800000,212.73700000,158.43000,-6240.00
1774622700,0.00,20261001,0,1274,1,0.06,212.50900000,213.09100000,160.24000,0.00
1774648800,-894.00,20261001,1,1274,0,0.06,212.65800000,213.09100000,160.24000,-894.00
1774871100,0.00,20261001,0,1276,1,0.01,211.36500000,212.53900000,159.69900,0.00
1774908000,898.00,20261001,1,1276,0,0.01,210.46700000,212.53900000,159.69900,898.00
1775043000,0.00,20261001,0,1278,0,0.01,210.66300000,209.72600000,158.78300,0.00
1775080800,535.00,20261001,1,1278,1,0.01,211.19800000,209.72600000,158.78300,535.00
1775562300,0.00,20261001,0,1280,0,0.01,211.78400000,211.20400000,159.52900,0.00
1775599200,140.00,20261001,1,1280,1,0.01,211.92400000,211.20400000,159.52900,140.00
1775654100,0.00,20261001,0,1282,0,0.01,212.86900000,212.07700000,158.50800,0.00
1775685600,-384.00,20261001,1,1282,1,0.01,212.48500000,212.07700000,158.50800,-384.00
1775733300,0.00,20261001,0,1284,0,0.01,212.92200000,212.32000000,158.91900,0.00
1775772000,666.00,20261001,1,1284,1,0.01,213.58800000,212.32000000,158.91900,666.00
1776081600,0.00,20261001,0,1286,0,0.01,214.46100000,213.68800000,159.43400,0.00
1776117600,749.00,20261001,1,1286,1,0.01,215.21000000,213.68800000,159.43400,749.00
1776175200,0.00,20261001,0,1288,0,0.01,215.36300000,214.90100000,158.77700,0.00
1776204000,41.00,20261001,1,1288,1,0.01,215.40400000,214.90100000,158.77700,41.00
1776251700,0.00,20261001,0,1290,1,0.06,215.32500000,215.78200000,158.96200,0.00
1776273627,-2742.00,20261001,1,1290,0,0.06,215.78200000,215.78200000,158.96200,-2742.00
1776690000,0.00,20261001,0,1292,0,0.01,214.84200000,214.13700000,158.75000,0.00
1776722400,185.00,20261001,1,1292,1,0.01,215.02700000,214.13700000,158.75000,185.00
1776944700,0.00,20261001,0,1294,0,0.01,215.59400000,215.06200000,159.69200,0.00
1776971313,-532.00,20261001,1,1294,1,0.01,215.06200000,215.06200000,159.69200,-532.00
1777295700,0.00,20261001,0,1296,0,0.01,215.81000000,215.34600000,159.40200,0.00
1777327200,-47.00,20261001,1,1296,1,0.01,215.76300000,215.34600000,159.40200,-47.00
1777468500,0.00,20261001,0,1298,0,0.01,215.86700000,215.48600000,160.36600,0.00
1777500000,153.00,20261001,1,1298,1,0.01,216.02000000,215.48600000,160.36600,153.00
1777549500,0.00,20261001,0,1300,1,0.01,215.41700000,216.59300000,156.55500,0.00
1777556670,2354.00,20261001,1,1300,0,0.01,213.06300000,216.59300000,156.55500,2354.00
1778154300,0.00,20261001,0,1302,0,0.01,212.87300000,212.28400000,156.89600,0.00
1778191200,-11.00,20261001,1,1302,1,0.01,212.86200000,212.28400000,156.89600,-11.00
1778239800,0.00,20261001,0,1304,0,0.01,213.15600000,212.50200000,156.62100,0.00
1778277600,286.00,20261001,1,1304,1,0.01,213.44200000,212.50200000,156.62100,286.00
1778499000,0.00,20261001,0,1306,0,0.01,213.76900000,212.63300000,157.16500,0.00
1778536800,479.00,20261001,1,1306,1,0.01,214.24800000,212.63300000,157.16500,479.00
1778584500,0.00,20261001,0,1308,1,0.01,212.80700000,214.19700000,157.60500,0.00
1778623200,-458.00,20261001,1,1308,0,0.01,213.26500000,214.19700000,157.60500,-458.00
1778847300,0.00,20261001,0,1310,1,0.01,211.37700000,212.23900000,158.78500,0.00
1778882400,-48.00,20261001,1,1310,0,0.01,211.42500000,212.23900000,158.78500,-48.00
1779103800,0.00,20261001,0,1312,0,0.01,212.30100000,211.18400000,158.81800,0.00
1779141600,893.00,20261001,1,1312,1,0.01,213.19400000,211.18400000,158.81800,893.00
1779710400,0.00,20261001,0,1314,0,0.01,214.43700000,213.62300000,158.87700,0.00
1779746400,190.00,20261001,1,1314,1,0.01,214.62700000,213.62300000,158.87700,190.00
1780053300,0.00,20261001,0,1316,1,0.01,213.66500000,214.20800000,159.26700,0.00
1780076923,-543.00,20261001,1,1316,0,0.01,214.20800000,214.20800000,159.26700,-543.00
1780576200,0.00,20261001,0,1318,0,0.01,214.83600000,214.34300000,160.00700,0.00
1780610400,-9.00,20261001,1,1318,1,0.01,214.82700000,214.34300000,160.00700,-9.00
1780658100,0.00,20261001,0,1320,0,0.01,215.16800000,214.58200000,160.23400,0.00
1780675288,-587.00,20261001,1,1320,1,0.01,214.58100000,214.58200000,160.23400,-587.00
1780920000,0.00,20261001,0,1322,1,0.06,213.17100000,214.04500000,160.13500,0.00
1780956000,-3570.00,20261001,1,1322,0,0.06,213.76600000,214.04500000,160.13500,-3570.00
1781003700,0.00,20261001,0,1324,0,0.01,214.21300000,213.49100000,160.34200,0.00
1781042400,471.00,20261001,1,1324,1,0.01,214.68400000,213.49100000,160.34200,471.00
1781095500,0.00,20261001,0,1326,0,0.01,214.92800000,214.35000000,160.52200,0.00
1781128800,-199.00,20261001,1,1326,1,0.01,214.72900000,214.35000000,160.52200,-199.00
1781609400,0.00,20261001,0,1328,0,0.01,215.08100000,214.52000000,160.35500,0.00
1781647200,358.00,20261001,1,1328,1,0.01,215.43900000,214.52000000,160.35500,358.00
1781694900,0.00,20261001,0,1330,1,0.01,214.89100000,215.43000000,160.63800,0.00
1781733600,838.00,20261001,1,1330,0,0.01,214.05300000,215.43000000,160.63800,838.00
1781782200,0.00,20261001,0,1332,1,0.06,213.26400000,214.05800000,161.36400,0.00
1781820000,-1194.00,20261001,1,1332,0,0.06,213.46300000,214.05800000,161.36400,-1194.00
1781868600,0.00,20261001,0,1334,0,0.06,213.22900000,212.45800000,161.23700,0.00
1781906400,1038.00,20261001,1,1334,1,0.06,213.40200000,212.45800000,161.23700,1038.00
