time,profit,magic,entry,position_id,type,volume,price,sl,usdjpy,profit_jpy
1624237200,0.00,20260650,0,2,0,0.03,82.50600000,0.00000000,110.17400,0.00
1624361400,0.00,20261001,0,3,1,0.06,153.17800000,153.77200000,110.60500,0.00
1624378052,-3564.00,20261001,1,3,0,0.06,153.77200000,153.77200000,110.60500,-3564.00
1624617000,0.00,20261001,0,5,1,0.06,154.03700000,154.53300000,110.76800,0.00
1624658400,1416.00,20261001,1,5,0,0.06,153.80100000,154.53300000,110.76800,1416.00
1624876200,0.00,20261001,0,7,0,0.01,154.08700000,153.59000000,110.60900,0.00
1624903123,-500.00,20261001,1,7,1,0.01,153.58700000,153.59000000,110.60900,-500.00
1624964400,0.00,20261000,0,9,0,0.02,110.69700000,110.45100000,110.45200,0.00
1624987418,-492.00,20261000,1,9,1,0.02,110.45100000,110.45100000,110.45200,-492.00
1625049000,0.00,20261001,0,11,1,0.06,152.74500000,153.20500000,111.09200,0.00
1625059925,-2766.00,20261001,1,11,0,0.06,153.20600000,153.20500000,111.09200,-2766.00
1625072400,0.00,20260605,0,13,1,0.01,1.18739000,1.18989000,111.09200,0.00
1625135400,0.00,20261001,0,14,0,0.06,153.82400000,153.35200000,111.51300,0.00
1625176800,-1740.00,20261001,1,14,1,0.06,153.53400000,153.35200000,111.51300,-1740.00
1625483700,0.00,20261000,0,16,1,0.02,110.86100000,111.18900000,110.93500,0.00
1625522400,-80.00,20261000,1,16,0,0.02,110.90100000,111.18900000,110.93500,-80.00
1625651100,0.00,20261001,0,18,0,0.01,152.83000000,152.32900000,110.60100,0.00
1625652900,0.00,20261000,0,19,0,0.02,110.73900000,110.39400000,110.60100,0.00
1625679298,-501.00,20261001,1,18,1,0.01,152.32900000,152.32900000,110.60100,-501.00
1625695200,-242.00,20261000,1,19,1,0.02,110.61800000,110.39400000,110.60100,-242.00
1625739300,0.00,20261000,0,22,1,0.01,110.04000000,110.67100000,109.58100,0.00
1625781600,232.00,20261000,1,22,0,0.01,109.80800000,110.67100000,109.58100,232.00
1626174000,261.00,20260605,1,13,0,0.01,1.18518000,1.18989000,110.62200,261.00
1626174000,0.00,20260605,0,25,0,0.01,1.18518000,1.18268000,110.62200,0.00
1626174000,0.00,20261001,0,26,1,0.06,153.01100000,153.48400000,110.62200,0.00
1626181200,-104.00,20260605,1,25,1,0.01,1.18423000,1.18268000,110.62200,-104.00
1626181200,0.00,20260605,0,28,1,0.01,1.18423000,1.18673000,110.62200,0.00
1626213600,954.00,20261001,1,26,0,0.06,152.85200000,153.48400000,110.62200,954.00
1626340500,0.00,20261000,0,30,1,0.01,109.76000000,110.02700000,109.80400,0.00
1626345900,0.00,20261001,0,31,1,0.01,151.77000000,152.45600000,109.80400,0.00
1626350400,-73.00,20260605,1,28,0,0.01,1.18493000,1.18673000,109.80400,-73.00
1626350400,0.00,20260605,0,33,0,0.01,1.18493000,1.18243000,109.80400,0.00
1626354212,-690.00,20261001,1,31,0,0.01,152.46000000,152.45600000,109.80400,-690.00
1626356728,-275.00,20260605,1,33,1,0.01,1.18243000,1.18243000,109.80400,-275.00
1626357600,0.00,20260605,0,36,1,0.01,1.18173000,1.18423000,109.80400,0.00
1626358782,-267.00,20261000,1,30,0,0.01,110.02700000,110.02700000,109.80400,-267.00
1626432300,0.00,20261000,0,38,0,0.01,110.17600000,109.73100000,110.07200,0.00
1626472800,-103.00,20261000,1,38,1,0.01,110.07300000,109.73100000,110.07200,-103.00
1626667200,0.00,20260610,0,40,1,0.01,109.86700000,110.36700000,109.37600,0.00
1626695100,0.00,20261000,0,41,1,0.01,109.74200000,110.08600000,109.37600,0.00
1626732000,269.00,20261000,1,41,0,0.01,109.47300000,110.08600000,109.37600,269.00
1626742800,-5919.00,20260650,1,2,1,0.03,80.35800000,0.00000000,109.81400,-5919.00
1626775200,0.00,20261001,0,44,1,0.06,149.36200000,149.97200000,109.81400,0.00
1626777900,0.00,20261000,0,45,0,0.01,109.69900000,109.35700000,109.81400,0.00
1626780701,-3660.00,20261001,1,44,0,0.06,149.97200000,149.97200000,109.81400,-3660.00
1626787418,-342.00,20261000,1,45,1,0.01,109.35700000,109.35700000,109.81400,-342.00
1626860700,0.00,20261001,0,48,1,0.01,149.47000000,149.96600000,110.28500,0.00
1626864300,0.00,20261000,0,49,0,0.01,110.09100000,109.78900000,110.28500,0.00
1626866608,-508.00,20261001,1,48,0,0.01,149.97800000,149.96600000,110.28500,-508.00
1626867900,0.00,20261001,0,51,0,0.06,150.04300000,149.48000000,110.28500,0.00
1626885254,-564.00,20260610,1,40,0,0.01,110.36700000,110.36700000,110.28500,-564.00
1626897600,0.00,20260610,0,53,0,0.01,110.30700000,109.80700000,110.28500,0.00
1626897821,6762.00,20261001,1,51,1,0.06,151.17000000,149.48000000,110.28500,6762.00
1626904800,174.00,20261000,1,49,1,0.01,110.26500000,109.78900000,110.28500,174.00
1627037100,0.00,20261000,0,56,0,0.01,110.38600000,110.05900000,110.54000,0.00
1627077600,169.00,20261000,1,56,1,0.01,110.55500000,110.05900000,110.54000,169.00
1627293600,0.00,20261001,0,58,1,0.01,151.60100000,152.15900000,110.36200,0.00
1627295400,0.00,20261000,0,59,1,0.01,110.14000000,110.58400000,110.36200,0.00
1627302397,-558.00,20261001,1,58,0,0.01,152.15900000,152.15900000,110.36200,-558.00
1627318800,136.00,20260605,1,36,0,0.01,1.18062000,1.18423000,110.36200,136.00
1627318800,0.00,20260605,0,62,0,0.01,1.18062000,1.17812000,110.36200,0.00
1627336800,-243.00,20261000,1,59,0,0.01,110.38300000,110.58400000,110.36200,-243.00
1627380000,-210.00,20260605,1,62,1,0.01,1.17879000,1.17812000,109.75300,-210.00
1627380000,0.00,20260605,0,65,1,0.01,1.17879000,1.18129000,109.75300,0.00
1627381800,0.00,20261000,0,66,1,0.01,110.08200000,110.38700000,109.75300,0.00
1627399199,-277.00,20260605,1,65,0,0.01,1.18131000,1.18129000,109.75300,-277.00
1627408769,-495.00,20260610,1,53,1,0.01,109.80000000,109.80700000,109.75300,-495.00
1627423200,0.00,20260605,0,69,0,0.01,1.18232000,1.17982000,109.75300,0.00
1627423200,363.00,20261000,1,66,0,0.01,109.71900000,110.38700000,109.75300,363.00
1627486205,-290.00,20260605,1,69,1,0.01,1.17975000,1.17982000,109.90000,-290.00
1627495200,0.00,20260605,0,72,0,0.01,1.18000000,1.17750000,109.90000,0.00
1627506043,-307.00,20260605,1,72,1,0.01,1.17720000,1.17750000,109.90000,-307.00
1627551900,0.00,20261001,0,74,0,0.01,152.99200000,152.51300000,109.46400,0.00
1627588800,0.00,20260610,0,75,1,0.01,109.52600000,110.02600000,109.46400,0.00
1627596000,-72.00,20261001,1,74,1,0.01,152.92000000,152.51300000,109.46400,-72.00
1628069400,0.00,20261001,0,77,0,0.01,151.96800000,151.53100000,109.46900,0.00
1628076600,0.00,20261000,0,78,0,0.01,109.20400000,108.92500000,109.46900,0.00
1628090132,-283.00,20261000,1,78,1,0.01,108.92100000,108.92500000,109.46900,-283.00
1628090322,-437.00,20261001,1,77,1,0.01,151.53100000,151.53100000,109.46900,-437.00
1628162100,0.00,20261001,0,81,0,0.01,152.49100000,151.98800000,109.76300,0.00
1628164800,0.00,20260774,0,82,0,0.01,1.39156000,1.38656000,109.76300,0.00
1628200800,413.00,20261001,1,81,1,0.01,152.90400000,151.98800000,109.76300,413.00
1628263843,-716.00,20260610,1,75,0,0.01,110.05000000,110.02600000,110.20800,-716.00
1628269200,0.00,20260605,0,85,1,0.01,1.17739000,1.17989000,110.20800,0.00
1628272537,-551.00,20260774,1,82,1,0.01,1.38656000,1.38656000,110.20800,-551.00
1628496000,0.00,20260774,0,87,0,0.01,1.38707000,1.38207000,110.21300,0.00
1628594100,0.00,20261000,0,88,0,0.01,110.47200000,110.21300000,110.54500,0.00
1628625600,-426.00,20260774,1,87,1,0.01,1.38323000,1.38207000,110.54500,-426.00
1628625600,0.00,20260774,0,90,1,0.01,1.38323000,1.38823000,110.54500,0.00
1628632800,104.00,20261000,1,88,1,0.01,110.57600000,110.21300000,110.54500,104.00
1628674200,0.00,20261000,0,92,0,0.01,110.74500000,110.44800000,110.40500,0.00
1628676900,0.00,20261001,0,93,0,0.01,153.12500000,152.78700000,110.40500,0.00
1628695841,-325.00,20261000,1,92,1,0.01,110.42000000,110.44800000,110.40500,-325.00
1628712065,-553.00,20260774,1,90,0,0.01,1.38823000,1.38823000,110.40500,-553.00
1628719200,14.00,20261001,1,93,1,0.01,153.13900000,152.78700000,110.40500,14.00
1628841600,0.00,20260610,0,97,0,0.01,110.41200000,109.91200000,109.58700,0.00
1628850600,0.00,20261001,0,98,1,0.06,152.24100000,152.58100000,109.58700,0.00
1628874661,-500.00,20260610,1,97,1,0.01,109.91200000,109.91200000,109.58700,-500.00
1628878745,-265.00,20260605,1,85,0,0.01,1.17989000,1.17989000,109.58700,-265.00
1628884800,0.00,20260610,0,101,1,0.01,109.67100000,110.17100000,109.58700,0.00
1628892000,1512.00,20261001,1,98,0,0.06,151.98900000,152.58100000,109.58700,1512.00
1629100800,0.00,20260774,0,103,0,0.01,1.38565000,1.38065000,109.13100,0.00
1629109800,0.00,20261001,0,104,1,0.01,151.48100000,152.20000000,109.13100,0.00
1629151200,322.00,20261001,1,104,0,0.01,151.15900000,152.20000000,109.13100,322.00
1629193289,-548.00,20260774,1,103,1,0.01,1.38065000,1.38065000,109.54600,-548.00
1629193500,0.00,20261001,0,107,1,0.06,150.96400000,151.33600000,109.54600,0.00
1629237600,2790.00,20261001,1,107,0,0.06,150.49900000,151.33600000,109.54600,2790.00
1629350735,-628.00,20260610,1,101,0,0.01,110.17100000,110.17100000,109.66800,-628.00
1629372600,0.00,20261000,0,110,1,0.02,109.64800000,110.22800000,109.66800,0.00
1629410400,-290.00,20261000,1,110,0,0.02,109.79300000,110.22800000,109.66800,-290.00
1629456300,0.00,20261001,0,112,1,0.06,149.27200000,149.88500000,109.79200,0.00
1629496800,-1896.00,20261001,1,112,0,0.06,149.58800000,149.88500000,109.79200,-1896.00
1629723600,0.00,20260605,0,114,1,0.01,1.17239000,1.17489000,109.68600,0.00
1629734400,-94.00,20260605,1,114,0,0.01,1.17325000,1.17489000,109.68600,-94.00
1629734400,0.00,20260605,0,116,0,0.01,1.17325000,1.17075000,109.68600,0.00
1629974700,0.00,20261000,0,117,0,0.01,110.20800000,109.92600000,110.07700,0.00
1629979200,0.00,20260610,0,118,0,0.01,110.18400000,109.68400000,110.07700,0.00
1630015200,-180.00,20261000,1,117,1,0.01,110.02800000,109.92600000,110.07700,-180.00
1630062900,0.00,20261001,0,120,0,0.06,150.90400000,150.45900000,109.84100,0.00
1630063800,0.00,20261000,0,121,0,0.02,110.14100000,109.88500000,109.84100,0.00
1630084529,-522.00,20261000,1,121,1,0.02,109.88000000,109.88500000,109.84100,-522.00
1630101600,1812.00,20261001,1,120,1,0.06,151.20600000,150.45900000,109.84100,1812.00
1630402200,0.00,20261001,0,124,0,0.01,151.56300000,151.08600000,109.99200,0.00
1630418909,1107.00,20260605,1,116,1,0.01,1.18376000,1.17075000,109.99200,1107.00
1630424128,-491.00,20260610,1,118,1,0.01,109.68400000,109.68400000,109.99200,-491.00
1630424371,-479.00,20261001,1,124,1,0.01,151.08400000,151.08600000,109.99200,-479.00
1630483200,0.00,20260610,0,128,0,0.01,110.23500000,109.73500000,109.96000,0.00
1630493100,0.00,20261000,0,129,0,0.01,110.39100000,109.97500000,109.96000,0.00
1630513321,-416.00,20261000,1,129,1,0.01,109.97500000,109.97500000,109.96000,-416.00
1630580400,0.00,20261001,0,131,0,0.01,151.69800000,151.27600000,109.92400,0.00
1630612800,0.00,20260774,0,132,0,0.01,1.38324000,1.37824000,109.92400,0.00
1630620000,487.00,20261001,1,131,1,0.01,152.18500000,151.27600000,109.92400,487.00
1630641600,-342.00,20260610,1,128,1,0.01,109.88700000,109.73500000,109.70200,-342.00
1630641600,0.00,20260610,0,135,1,0.01,109.88700000,110.38700000,109.70200,0.00
1630924200,0.00,20261000,0,136,0,0.01,109.91300000,109.58900000,109.82000,0.00
1630965600,-75.00,20261000,1,136,1,0.01,109.83800000,109.58900000,109.82000,-75.00
1631007900,0.00,20261000,0,138,0,0.01,109.93300000,109.68500000,110.25200,0.00
1631025865,-553.00,20260774,1,132,1,0.01,1.37824000,1.37824000,110.25200,-553.00
1631044800,-395.00,20260610,1,135,0,0.01,110.21800000,110.38700000,110.25200,-395.00
1631044800,0.00,20260610,0,141,0,0.01,110.21800000,109.71800000,110.25200,0.00
1631052000,355.00,20261000,1,138,1,0.01,110.28800000,109.68500000,110.25200,355.00
1631182500,0.00,20261000,0,143,1,0.01,110.01600000,110.27200000,109.68700,0.00
1631206800,0.00,20260629,0,144,0,0.01,1.18159000,0.00000000,109.68700,0.00
1631206800,0.00,20260629,0,145,1,0.01,1.38398000,0.00000000,109.68700,0.00
1631216555,-495.00,20260610,1,141,1,0.01,109.71700000,109.71800000,109.68700,-495.00
1631217600,0.00,20260605,0,147,1,0.01,1.18313000,1.18563000,109.68700,0.00
1631224800,321.00,20261000,1,143,0,0.01,109.69500000,110.27200000,109.68700,321.00
1631269800,0.00,20261000,0,149,0,0.01,109.97200000,109.64400000,109.89200,0.00
1631311200,-68.00,20261000,1,149,1,0.01,109.90400000,109.64400000,109.89200,-68.00
1631525400,0.00,20261000,0,151,0,0.01,110.09500000,109.77300000,109.92300,0.00
1631548800,0.00,20260610,0,152,0,0.01,110.06600000,109.56600000,109.92300,0.00
1631570400,-84.00,20261000,1,151,1,0.01,110.01100000,109.77300000,109.92300,-84.00
1631615400,0.00,20261001,0,154,0,0.01,152.49500000,152.05000000,109.67900,0.00
1631640882,-454.00,20261001,1,154,1,0.01,152.04100000,152.05000000,109.67900,-454.00
1631649600,-432.00,20260610,1,152,1,0.01,109.63100000,109.56600000,109.67900,-432.00
1631649600,0.00,20260610,0,157,1,0.01,109.63100000,110.13100000,109.67900,0.00
1631699100,0.00,20261000,0,158,1,0.01,109.47900000,109.74300000,109.36000,0.00
1631743200,83.00,20261000,1,158,0,0.01,109.39600000,109.74300000,109.36000,83.00
1631879100,0.00,20261000,0,160,0,0.01,109.96900000,109.66700000,109.96400,0.00
1631880000,-445.00,20260610,1,157,0,0.01,109.98000000,110.13100000,109.96400,-445.00
1631880000,0.00,20260610,0,162,0,0.01,109.98000000,109.48000000,109.96400,0.00
1631908539,1167.00,20260605,1,147,0,0.01,1.17263000,1.18563000,109.96400,1167.00
1631916000,-49.00,20261000,1,160,1,0.01,109.92000000,109.66700000,109.96400,-49.00
1632130200,0.00,20261001,0,165,1,0.01,150.54300000,151.12400000,109.42300,0.00
1632132000,1634.00,20260629,1,145,0,0.01,1.36904000,0.00000000,109.42300,1634.00
1632132000,-1171.00,20260629,1,144,1,0.01,1.17144000,0.00000000,109.42300,-1171.00
1632132900,0.00,20261000,0,168,1,0.01,109.76200000,110.03700000,109.42300,0.00
1632150086,-497.00,20260610,1,162,1,0.01,109.48000000,109.48000000,109.42300,-497.00
1632164796,1162.00,20261001,1,165,0,0.01,149.38100000,151.12400000,109.42300,1162.00
1632175200,393.00,20261000,1,168,0,0.01,109.36900000,110.03700000,109.42300,393.00
1632220200,0.00,20261000,0,172,0,0.01,109.68900000,109.34700000,109.20900,0.00
1632237278,-342.00,20261000,1,172,1,0.01,109.34700000,109.34700000,109.20900,-342.00
1632398400,0.00,20260610,0,174,0,0.01,109.94500000,109.44500000,110.31400,0.00
1632477600,0.00,20261000,0,175,0,0.01,110.57000000,110.21000000,110.72500,0.00
1632477600,0.00,20261001,0,176,0,0.01,151.70400000,151.22200000,110.72500,0.00
1632482011,-491.00,20261001,1,176,1,0.01,151.21300000,151.22200000,110.72500,-491.00
1632520800,222.00,20261000,1,175,1,0.01,110.79200000,110.21000000,110.72500,222.00
1632740400,0.00,20261001,0,179,0,0.01,151.55500000,151.12300000,110.99400,0.00
1632742200,0.00,20261000,0,180,0,0.02,110.87700000,110.53500000,110.99400,0.00
1632754637,1108.00,20260610,1,174,1,0.01,111.04700000,109.44500000,110.99400,1108.00
1632758400,0.00,20260610,0,182,0,0.01,110.87100000,110.37100000,110.99400,0.00
1632780000,272.00,20261000,1,180,1,0.02,111.01300000,110.53500000,110.99400,272.00
1632780000,623.00,20261001,1,179,1,0.01,152.17800000,151.12300000,110.99400,623.00
1632821400,0.00,20261000,0,185,0,0.01,111.31300000,110.93500000,111.46200,0.00
1632866400,280.00,20261000,1,185,1,0.01,111.59300000,110.93500000,111.46200,280.00
1632911400,0.00,20261001,0,187,1,0.06,150.68400000,151.19500000,111.94900,0.00
1632915000,0.00,20261000,0,188,1,0.02,111.22200000,111.68300000,111.94900,0.00
1632935645,-936.00,20261000,1,188,0,0.02,111.69000000,111.68300000,111.94900,-936.00
1632946346,1106.00,20260610,1,182,1,0.01,111.97100000,110.37100000,111.94900,1106.00
1632952800,1374.00,20261001,1,187,0,0.06,150.45500000,151.19500000,111.94900,1374.00
1633347000,0.00,20261000,0,192,0,0.01,111.18400000,110.88000000,110.91300,0.00
1633369153,-304.00,20261000,1,192,1,0.01,110.88000000,110.88000000,110.91300,-304.00
1633430700,0.00,20261001,0,194,0,0.01,151.29300000,150.74500000,111.45100,0.00
1633471200,656.00,20261001,1,194,1,0.01,151.94900000,150.74500000,111.45100,656.00
1633947300,0.00,20261000,0,196,0,0.01,112.82100000,112.12600000,113.24900,0.00
1633989600,516.00,20261000,1,196,1,0.01,113.33700000,112.12600000,113.24900,516.00
1634000400,0.00,20260650,0,198,0,0.03,83.27200000,0.00000000,113.59600,0.00
1634120100,0.00,20261001,0,199,0,0.01,154.58400000,154.10700000,113.23900,0.00
1634158800,0.00,20260605,0,200,0,0.01,1.15892000,1.15642000,113.23900,0.00
1634162400,56.00,20261001,1,199,1,0.01,154.64000000,154.10700000,113.23900,56.00
1634207400,0.00,20261001,0,202,0,0.01,155.39700000,154.60400000,113.66700,0.00
1634248800,159.00,20261001,1,202,1,0.01,155.55600000,154.60400000,113.66700,159.00
1634270400,0.00,20260622,0,204,0,0.03,113.88600000,113.41300000,114.24300,0.00
1634558400,0.00,20260774,0,205,0,0.01,1.37199000,1.36699000,114.30700,0.00
1634636700,0.00,20261000,0,206,1,0.01,114.00700000,114.35200000,114.36100,0.00
1634650576,1257.00,20260774,1,205,1,0.01,1.38301000,1.36699000,114.36100,1257.00
1634680800,-289.00,20261000,1,206,0,0.01,114.29600000,114.35200000,114.36100,-289.00
1634810400,0.00,20261001,0,209,1,0.01,157.35300000,158.20300000,113.95800,0.00
1634853600,309.00,20261001,1,209,0,0.01,157.04400000,158.20300000,113.95800,309.00
1634940220,-1374.00,20260622,1,204,1,0.03,113.41300000,113.41300000,113.48000,-1374.00
1635242400,0.00,20261001,0,212,0,0.01,156.96700000,156.42700000,114.14000,0.00
1635245100,0.00,20261000,0,213,0,0.01,114.05900000,113.67000000,114.14000,0.00
1635264000,0.00,20260622,0,214,0,0.03,114.14200000,113.64700000,114.14000,0.00
1635274800,-72.00,20260605,1,200,1,0.01,1.15900000,1.15642000,114.14000,-72.00
1635274800,0.00,20260605,0,216,1,0.01,1.15900000,1.16150000,114.14000,0.00
1635285600,101.00,20261000,1,213,1,0.01,114.16000000,113.67000000,114.14000,101.00
1635285600,185.00,20261001,1,212,1,0.01,157.15200000,156.42700000,114.14000,185.00
1635331500,0.00,20261000,0,219,1,0.01,113.79700000,114.22000000,113.79800,0.00
1635335679,-1476.00,20260622,1,214,1,0.03,113.64700000,113.64700000,113.79800,-1476.00
1635347639,-283.00,20260605,1,216,0,0.01,1.16151000,1.16150000,113.79800,-283.00
1635350400,0.00,20260774,0,222,0,0.01,1.37394000,1.36894000,113.79800,0.00
1635354000,0.00,20260605,0,223,1,0.01,1.16178000,1.16428000,113.79800,0.00
1635372000,24.00,20261000,1,219,0,0.01,113.77300000,114.22000000,113.79800,24.00
1635436800,-141.00,20260605,1,223,0,0.01,1.16304000,1.16428000,113.55800,-141.00
1635436800,0.00,20260605,0,226,0,0.01,1.16304000,1.16054000,113.55800,0.00
1635527021,-293.00,20260605,1,226,1,0.01,1.16054000,1.16054000,113.95200,-293.00
1635532041,-571.00,20260774,1,222,1,0.01,1.36894000,1.36894000,113.95200,-571.00
1635534000,0.00,20260605,0,229,1,0.01,1.15496000,1.15746000,113.95200,0.00
1635763500,0.00,20261000,0,230,0,0.01,114.39900000,114.02400000,113.98600,0.00
1635767441,-284.00,20260605,1,229,0,0.01,1.15746000,1.15746000,113.98600,-284.00
1635800838,-375.00,20261000,1,230,1,0.01,114.02400000,114.02400000,113.98600,-375.00
1635845400,0.00,20261001,0,233,1,0.01,155.11100000,155.89000000,113.94900,0.00
1635890400,-71.00,20261001,1,233,0,0.01,155.18200000,155.89000000,113.94900,-71.00
1636455600,0.00,20260605,0,235,0,0.01,1.15899000,1.15649000,112.83400,0.00
1636466400,-116.00,20260605,1,235,1,0.01,1.15797000,1.15649000,112.83400,-116.00
1636466400,0.00,20260605,0,237,1,0.01,1.15797000,1.16047000,112.83400,0.00
1636476341,-285.00,20260605,1,237,0,0.01,1.16047000,1.16047000,112.83400,-285.00
1636710300,0.00,20261001,0,239,0,0.01,152.77900000,152.37400000,113.91400,0.00
1636754400,84.00,20261001,1,239,1,0.01,152.86300000,152.37400000,113.91400,84.00
1637143200,0.00,20261001,0,241,0,0.01,154.49600000,153.91800000,113.97700,0.00
1637178208,-578.00,20261001,1,241,1,0.01,153.91800000,153.91800000,113.97700,-578.00
1637235000,0.00,20261001,0,243,0,0.01,154.24300000,153.65000000,114.23900,0.00
1637272800,-28.00,20261001,1,243,1,0.01,154.21500000,153.65000000,114.23900,-28.00
1637660700,0.00,20261001,0,245,1,0.06,153.70200000,154.21500000,115.11500,0.00
1637663400,0.00,20261000,0,246,1,0.02,114.64200000,115.14000000,115.11500,0.00
1637704800,-870.00,20261000,1,246,0,0.02,115.07700000,115.14000000,115.11500,-870.00
1637704800,-1692.00,20261001,1,245,0,0.06,153.98400000,154.21500000,115.11500,-1692.00
1637748900,0.00,20261001,0,249,1,0.01,153.59400000,154.15200000,115.40600,0.00
1637791200,-226.00,20261001,1,249,0,0.01,153.82000000,154.15200000,115.40600,-226.00
1638147600,-6605.00,20260650,1,198,1,0.03,80.78700000,0.00000000,113.51500,-6605.00
1638259200,0.00,20260610,0,252,1,0.01,113.08000000,113.58000000,113.13800,0.00
1638270000,0.00,20260605,0,253,0,0.01,1.13491000,1.13241000,113.13800,0.00
1638293897,-302.00,20260605,1,253,1,0.01,1.13224000,1.13241000,113.13800,-302.00
1638294823,-523.00,20260610,1,252,0,0.01,113.60300000,113.58000000,113.13800,-523.00
1638295200,0.00,20260605,0,256,1,0.01,1.12592000,1.12842000,113.13800,0.00
1638297522,-292.00,20260605,1,256,0,0.01,1.12849000,1.12842000,113.13800,-292.00
1638439200,0.00,20261000,0,258,0,0.01,113.27900000,112.63000000,113.00700,0.00
1638441900,0.00,20261001,0,259,0,0.01,150.51300000,149.50800000,113.00700,0.00
1638482400,-114.00,20261000,1,258,1,0.01,113.16500000,112.63000000,113.00700,-114.00
1638482400,-30.00,20261001,1,259,1,0.01,150.48300000,149.50800000,113.00700,-30.00
1638527400,0.00,20261000,0,262,0,0.01,113.46800000,112.95700000,112.82500,0.00
1638527400,0.00,20261001,0,263,0,0.01,150.70500000,150.16000000,112.82500,0.00
1638536682,-545.00,20261001,1,263,1,0.01,150.16000000,150.16000000,112.82500,-545.00
1638557562,-514.00,20261000,1,262,1,0.01,112.95400000,112.95700000,112.82500,-514.00
1638790200,0.00,20261000,0,266,0,0.01,113.26300000,112.82700000,113.43400,0.00
1638828000,231.00,20261000,1,266,1,0.01,113.49400000,112.82700000,113.43400,231.00
1639044900,0.00,20261001,0,268,1,0.06,149.74400000,150.31500000,113.45000,0.00
1639087200,0.00,20260605,0,269,1,0.01,1.12870000,1.13120000,113.45000,0.00
1639087200,-816.00,20261001,1,268,0,0.06,149.88000000,150.31500000,113.45000,-816.00
1639160061,-284.00,20260605,1,269,0,0.01,1.13122000,1.13120000,113.37400,-284.00
1639162800,0.00,20260605,0,272,0,0.01,1.13125000,1.12875000,113.37400,0.00
1639384297,-293.00,20260605,1,272,1,0.01,1.12875000,1.12875000,113.48800,-293.00
1639394100,0.00,20261000,0,274,0,0.01,113.68300000,113.25700000,113.48800,0.00
1639432800,-156.00,20261000,1,274,1,0.01,113.52700000,113.25700000,113.48800,-156.00
1639480500,0.00,20261001,0,276,0,0.01,150.23000000,149.76100000,113.60100,0.00
1639519200,142.00,20261001,1,276,1,0.01,150.37200000,149.76100000,113.60100,142.00
1639584000,0.00,20260610,0,278,0,0.01,113.84400000,113.34400000,113.97800,0.00
1639751260,-494.00,20260610,1,278,1,0.01,113.34400000,113.34400000,113.69800,-494.00
1639774800,0.00,20260605,0,280,1,0.01,1.12530000,1.12780000,113.69800,0.00
1639993500,0.00,20261001,0,281,1,0.01,149.89300000,150.56200000,113.52100,0.00
1640014119,-281.00,20260605,1,280,0,0.01,1.12780000,1.12780000,113.52100,-281.00
1640016000,0.00,20260605,0,283,0,0.01,1.12936000,1.12686000,113.52100,0.00
1640023200,-56.00,20260605,1,283,1,0.01,1.12887000,1.12686000,113.52100,-56.00
1640023200,0.00,20260605,0,285,1,0.01,1.12887000,1.13137000,113.52100,0.00
1640037600,-232.00,20261001,1,281,0,0.01,150.12500000,150.56200000,113.52100,-232.00
1640082600,0.00,20261001,0,287,0,0.01,150.42700000,149.88800000,114.05400,0.00
1640116800,0.00,20260610,0,288,0,0.01,114.21100000,113.71100000,114.05400,0.00
1640124000,924.00,20261001,1,287,1,0.01,151.35100000,149.88800000,114.05400,924.00
1640169000,0.00,20261000,0,290,0,0.01,114.30800000,113.94900000,114.05600,0.00
1640188591,-281.00,20260605,1,285,0,0.01,1.13137000,1.13137000,114.05600,-281.00
1640210400,-136.00,20261000,1,290,1,0.01,114.17200000,113.94900000,114.05600,-136.00
1640268000,0.00,20260629,0,293,0,0.01,1.13241000,0.00000000,114.37400,0.00
1640268000,0.00,20260629,0,294,1,0.01,1.34328000,0.00000000,114.37400,0.00
1640286000,0.00,20260605,0,295,0,0.01,1.13201000,1.12951000,114.37400,0.00
1640600100,0.00,20261000,0,296,0,0.01,114.54200000,114.29800000,114.80700,0.00
1640602800,0.00,20261001,0,297,0,0.01,153.60100000,152.94500000,114.80700,0.00
1640642400,364.00,20261000,1,296,1,0.01,114.90600000,114.29800000,114.80700,364.00
1640642400,846.00,20261001,1,297,1,0.01,154.44700000,152.94500000,114.80700,846.00
1640710454,-314.00,20260605,1,295,1,0.01,1.12951000,1.12951000,114.80700,-314.00
1640739600,0.00,20260605,0,301,1,0.01,1.13023000,1.13273000,114.89600,0.00
1640775600,0.00,20261000,0,302,0,0.01,114.99300000,114.73000000,114.89600,0.00
1640795105,-288.00,20260605,1,301,0,0.01,1.13274000,1.13273000,114.89600,-288.00
1640796510,-265.00,20261000,1,302,1,0.01,114.72800000,114.73000000,114.89600,-265.00
1640797200,0.00,20260605,0,305,0,0.01,1.13471000,1.13221000,114.89600,0.00
1640808000,0.00,20260774,0,306,0,0.01,1.34826000,1.34326000,114.89600,0.00
1640826000,0.00,20260650,0,307,0,0.03,83.34400000,0.00000000,115.02800,0.00
1640852368,-297.00,20260605,1,305,1,0.01,1.13221000,1.13221000,115.02800,-297.00
1641196033,1127.00,20260610,1,288,1,0.01,115.31100000,113.71100000,115.31500,1127.00
1641231218,-580.00,20260774,1,306,1,0.01,1.34326000,1.34326000,115.31500,-580.00
1641272400,0.00,20260605,0,311,1,0.01,1.13021000,1.13271000,116.12000,0.00
1641397768,-292.00,20260605,1,311,0,0.01,1.13276000,1.13271000,116.06500,-292.00
1641405600,0.00,20260605,0,313,0,0.01,1.13374000,1.13124000,116.06500,0.00
1641417081,-292.00,20260605,1,313,1,0.01,1.13121000,1.13124000,116.06500,-292.00
1641420000,0.00,20260605,0,315,1,0.01,1.13102000,1.13352000,116.06500,0.00
1641468600,0.00,20261000,0,316,1,0.01,115.72700000,116.18500000,115.81500,0.00
1641506400,-222.00,20261000,1,316,0,0.01,115.94900000,116.18500000,115.81500,-222.00
1641574985,-286.00,20260605,1,315,0,0.01,1.13352000,1.13352000,115.52400,-286.00
1641837600,0.00,20260605,0,319,1,0.01,1.13184000,1.13434000,115.13500,0.00
1641841200,-111.00,20260605,1,319,0,0.01,1.13280000,1.13434000,115.13500,-111.00
1641841200,0.00,20260605,0,321,0,0.01,1.13280000,1.13030000,115.13500,0.00
1641897000,0.00,20261001,0,322,0,0.01,156.93500000,156.03800000,115.28500,0.00
1641938400,251.00,20261001,1,322,1,0.01,157.18600000,156.03800000,115.28500,251.00
1641960000,0.00,20260610,0,324,0,0.01,115.29300000,114.79300000,114.62700,0.00
1642010765,-502.00,20260610,1,324,1,0.01,114.79100000,114.79300000,114.62700,-502.00
1642014638,1187.00,20260605,1,321,1,0.01,1.14330000,1.13030000,114.62700,1187.00
1642068000,0.00,20261000,0,327,1,0.01,114.40800000,114.70300000,114.15400,0.00
1642089600,0.00,20260610,0,328,1,0.01,114.27900000,114.77900000,114.15400,0.00
1642111200,339.00,20261000,1,327,0,0.01,114.06900000,114.70300000,114.15400,339.00
1642412700,0.00,20261001,0,330,0,0.01,156.61900000,155.85500000,114.59400,0.00
1642456800,-273.00,20261001,1,330,1,0.01,156.34600000,155.85500000,114.59400,-273.00
1642481560,-596.00,20260610,1,328,0,0.01,114.77900000,114.77900000,114.60400,-596.00
1642505400,0.00,20261001,0,333,1,0.06,156.20600000,156.90700000,114.60400,0.00
1642507200,-2262.00,20260629,1,294,0,0.01,1.36267000,0.00000000,114.60400,-2262.00
1642507200,649.00,20260629,1,293,1,0.01,1.13948000,0.00000000,114.60400,649.00
1642543200,2070.00,20261001,1,333,0,0.06,155.86100000,156.90700000,114.60400,2070.00
1642676400,0.00,20260605,0,337,1,0.01,1.13545000,1.13795000,114.08000,0.00
1642986000,-4945.00,20260650,1,307,1,0.03,81.55400000,0.00000000,113.86500,-4945.00
1643022900,0.00,20261000,0,339,1,0.02,113.54900000,113.97500000,113.86500,0.00
1643046266,-852.00,20261000,1,339,0,0.02,113.97500000,113.97500000,113.86500,-852.00
1643050800,0.00,20260629,0,341,1,0.01,1.13105000,0.00000000,113.86500,0.00
1643050800,0.00,20260629,0,342,0,0.01,1.34475000,0.00000000,113.86500,0.00
1643083200,0.00,20260610,0,343,1,0.01,113.84100000,114.34100000,113.84500,0.00
1643192100,0.00,20261000,0,344,0,0.01,114.03800000,113.77600000,114.55300,0.00
1643193000,0.00,20261001,0,345,0,0.01,154.05400000,153.50200000,114.55300,0.00
1643215540,-536.00,20260610,1,343,0,0.01,114.34500000,114.34100000,114.55300,-536.00
1643227200,0.00,20260610,0,347,1,0.01,114.35000000,114.85000000,114.55300,0.00
1643233243,527.00,20261000,1,344,1,0.01,114.56500000,113.77600000,114.55300,527.00
1643233543,1221.00,20260605,1,337,0,0.01,1.12487000,1.13795000,114.55300,1221.00
1643234400,177.00,20261001,1,345,1,0.01,154.23100000,153.50200000,114.55300,177.00
1643256000,-290.00,20260610,1,347,0,0.01,114.60800000,114.85000000,115.34900,-290.00
1643256000,0.00,20260610,0,352,0,0.01,114.60800000,114.10800000,115.34900,0.00
1643280300,0.00,20261000,0,353,0,0.01,114.93800000,114.47300000,115.34900,0.00
1643320800,367.00,20261000,1,353,1,0.01,115.30500000,114.47300000,115.34900,367.00
1643362200,0.00,20261000,0,355,0,0.01,115.64200000,115.22900000,115.23600,0.00
1643388673,-413.00,20261000,1,355,1,0.01,115.22900000,115.22900000,115.23600,-413.00
1643626800,0.00,20261001,0,357,0,0.01,155.10700000,154.32700000,115.04400,0.00
1643634000,-105.00,20260629,1,342,1,0.01,1.34388000,0.00000000,115.04400,-105.00
1643634000,1657.00,20260629,1,341,0,0.01,1.11679000,0.00000000,115.04400,1657.00
1643666400,-357.00,20261001,1,357,1,0.01,154.75000000,154.32700000,115.04400,-357.00
1643708700,0.00,20261001,0,361,0,0.06,154.92600000,154.48600000,114.66300,0.00
1643715000,0.00,20261000,0,362,1,0.02,114.73800000,115.19300000,114.66300,0.00
1643752800,78.00,20261000,1,362,0,0.02,114.69900000,115.19300000,114.66300,78.00
1643752800,678.00,20261001,1,361,1,0.06,155.03900000,154.48600000,114.66300,678.00
1643842800,0.00,20260605,0,365,0,0.01,1.13064000,1.12814000,114.43300,0.00
1643883300,0.00,20261000,0,366,0,0.01,114.66500000,114.26000000,114.94700,0.00
1643884200,0.00,20261001,0,367,0,0.06,155.41400000,155.04400000,114.94700,0.00
1643890296,-296.00,20260605,1,365,1,0.01,1.12814000,1.12814000,114.94700,-296.00
1643896839,4440.00,20261001,1,367,1,0.06,156.15400000,155.04400000,114.94700,4440.00
1643907600,0.00,20260605,0,370,0,0.01,1.13914000,1.13664000,114.94700,0.00
1643925600,270.00,20261000,1,366,1,0.01,114.93500000,114.26000000,114.94700,270.00
1644230700,0.00,20261000,0,372,1,0.02,115.06300000,115.37700000,115.04600,0.00
1644271200,-18.00,20261000,1,372,0,0.02,115.07200000,115.37700000,115.04600,-18.00
1644489000,0.00,20261001,0,374,0,0.01,156.66700000,156.08000000,115.93800,0.00
1644491192,1142.00,20260610,1,352,1,0.01,115.72000000,114.10800000,115.93800,1142.00
1644491700,0.00,20261000,0,376,0,0.01,115.82100000,115.35300000,115.93800,0.00
1644515742,1178.00,20261001,1,374,1,0.01,157.84500000,156.08000000,115.93800,1178.00
1644530400,87.00,20261000,1,376,1,0.01,115.90800000,115.35300000,115.93800,87.00
1644541200,0.00,20260650,0,379,0,0.03,83.13300000,0.00000000,115.26000,0.00
1644611920,-344.00,20260605,1,370,1,0.01,1.13664000,1.13664000,115.26000,-344.00
1644834600,0.00,20261000,0,381,1,0.02,115.18600000,115.59600000,115.52300,0.00
1644859051,-820.00,20261000,1,381,0,0.02,115.59600000,115.59600000,115.52300,-820.00
1644926400,0.00,20260605,0,383,1,0.01,1.13458000,1.13708000,115.59300,0.00
1645002701,-290.00,20260605,1,383,0,0.01,1.13711000,1.13708000,115.47400,-290.00
1645003800,0.00,20261001,0,385,0,0.01,156.82100000,156.31600000,115.47400,0.00
1645048800,117.00,20261001,1,385,1,0.01,156.93800000,156.31600000,115.47400,117.00
1645096500,0.00,20261000,0,387,1,0.01,114.97900000,115.53700000,114.93000,0.00
1645113600,0.00,20260610,0,388,1,0.01,114.88400000,115.38400000,114.93000,0.00
1645128000,-170.00,20260610,1,388,0,0.01,115.05400000,115.38400000,114.93000,-170.00
1645128000,0.00,20260610,0,390,0,0.01,115.05400000,114.55400000,114.93000,0.00
1645135200,99.00,20261000,1,387,0,0.01,114.88000000,115.53700000,114.93000,99.00
1645180200,0.00,20261001,0,392,0,0.01,156.97500000,156.21700000,114.98500,0.00
1645207483,-758.00,20261001,1,392,1,0.01,156.21700000,156.21700000,114.98500,-758.00
1645492659,-492.00,20260610,1,390,1,0.01,114.55300000,114.55400000,115.04100,-492.00
1645526700,0.00,20261000,0,395,0,0.02,114.87600000,114.49800000,115.04100,0.00
1645567200,382.00,20261000,1,395,1,0.02,115.06700000,114.49800000,115.04100,382.00
1645646400,0.00,20260774,0,397,1,0.01,1.35502000,1.36002000,114.97500,0.00
1645703541,1276.00,20260774,1,397,0,0.01,1.34391000,1.36002000,115.46900,1276.00
1645787700,0.00,20261001,0,399,1,0.06,154.33800000,154.79700000,115.52000,0.00
1645800631,-2754.00,20261001,1,399,0,0.06,154.79700000,154.79700000,115.52000,-2754.00
1645804800,0.00,20260610,0,401,0,0.01,115.56000000,115.06000000,115.52000,0.00
1646074902,-501.00,20260610,1,401,1,0.01,115.05600000,115.06000000,114.96900,-501.00
1646133300,0.00,20261000,0,403,1,0.02,114.89100000,115.28700000,114.87800,0.00
1646172000,62.00,20261000,1,403,0,0.02,114.86000000,115.28700000,114.87800,62.00
1646213400,0.00,20261001,0,405,1,0.06,152.89800000,153.44000000,115.51300,0.00
1646223196,-3252.00,20261001,1,405,0,0.06,153.44000000,153.44000000,115.51300,-3252.00
1646650800,0.00,20261001,0,407,1,0.06,151.38600000,152.12100000,115.26200,0.00
1646663745,-4410.00,20261001,1,407,0,0.06,152.12100000,152.12100000,115.26200,-4410.00
1646738100,0.00,20261000,0,409,0,0.01,115.61500000,115.22700000,115.56600,0.00
1646776800,126.00,20261000,1,409,1,0.01,115.74100000,115.22700000,115.56600,126.00
1646821800,0.00,20261001,0,411,0,0.01,152.05900000,151.39400000,115.77800,0.00
1646863200,640.00,20261001,1,411,1,0.01,152.69900000,151.39400000,115.77800,640.00
1646909100,0.00,20261001,0,413,1,0.06,152.46200000,152.99500000,116.12500,0.00
1646949600,2346.00,20261001,1,413,0,0.06,152.07100000,152.99500000,116.12500,2346.00
1646998200,0.00,20261001,0,415,0,0.01,152.87100000,151.84400000,117.24400,0.00
1647036000,133.00,20261001,1,415,1,0.01,153.00400000,151.84400000,117.24400,133.00
1647254700,0.00,20261001,0,417,0,0.01,153.50100000,152.83200000,118.17300,0.00
1647295200,220.00,20261001,1,417,1,0.01,153.72100000,152.83200000,118.17300,220.00
1647339300,0.00,20261000,0,419,1,0.02,117.92200000,118.44900000,118.28200,0.00
1647344700,0.00,20261001,0,420,1,0.06,153.44000000,154.49400000,118.28200,0.00
1647368977,-6324.00,20261001,1,420,0,0.06,154.49400000,154.49400000,118.28200,-6324.00
1647381600,-800.00,20261000,1,419,0,0.02,118.32200000,118.44900000,118.28200,-800.00
1647468000,0.00,20260605,0,423,0,0.01,1.10012000,1.09762000,118.68800,0.00
1647543341,1237.00,20260605,1,423,1,0.01,1.11065000,1.09762000,118.58600,1237.00
1647595800,0.00,20261001,0,425,0,0.01,156.44700000,155.85000000,119.10800,0.00
1647598500,0.00,20261000,0,426,0,0.01,118.95000000,118.46800000,119.10800,0.00
1647640800,178.00,20261000,1,426,1,0.01,119.12800000,118.46800000,119.10800,178.00
1647640800,645.00,20261001,1,425,1,0.01,157.09200000,155.85000000,119.10800,645.00
1647936000,0.00,20260605,0,429,1,0.01,1.09853000,1.10103000,120.76300,0.00
1647945900,0.00,20261001,0,430,0,0.01,158.20200000,157.18800000,120.76300,0.00
1647949469,-301.00,20260605,1,429,0,0.01,1.10106000,1.10103000,120.76300,-301.00
1647950400,0.00,20260605,0,432,0,0.01,1.10077000,1.09827000,120.76300,0.00
1647986400,1802.00,20261001,1,430,1,0.01,160.00400000,157.18800000,120.76300,1802.00
1648045770,-307.00,20260605,1,432,1,0.01,1.09827000,1.09827000,121.14100,-307.00
1648072800,0.00,20260605,0,435,0,0.01,1.10095000,1.09845000,121.14100,0.00
1648096052,-313.00,20260605,1,435,1,0.01,1.09840000,1.09845000,122.31000,-313.00
1648115100,0.00,20261001,0,437,0,0.01,160.31200000,159.58100000,122.31000,0.00
1648116000,0.00,20261000,0,438,0,0.01,121.58500000,120.95100000,122.31000,0.00
1648159200,651.00,20261000,1,438,1,0.01,122.23600000,120.95100000,122.31000,651.00
1648159200,826.00,20261001,1,437,1,0.01,161.13800000,159.58100000,122.31000,826.00
1648440000,0.00,20260605,0,441,1,0.01,1.09706000,1.09956000,123.75100,0.00
1648468120,-306.00,20260605,1,441,0,0.01,1.09956000,1.09956000,123.75100,-306.00
1648720800,0.00,20261000,0,443,1,0.02,121.56800000,122.45100000,121.57800,0.00
1648764000,-76.00,20261000,1,443,0,0.02,121.60600000,122.45100000,121.57800,-76.00
1649065500,0.00,20261001,0,445,0,0.01,161.07700000,160.27100000,122.77100,0.00
1649080800,0.00,20260605,0,446,1,0.01,1.10010000,1.10260000,122.77100,0.00
1649109600,-17.00,20261001,1,445,1,0.01,161.06000000,160.27100000,122.77100,-17.00
1649158200,0.00,20261001,0,448,0,0.06,161.26900000,160.50200000,123.59200,0.00
1649196000,2466.00,20261001,1,448,1,0.06,161.68000000,160.50200000,123.59200,2466.00
1649216919,1281.00,20260605,1,446,0,0.01,1.08960000,1.10260000,123.75000,1281.00
1649217600,0.00,20260622,0,451,0,0.02,123.83500000,123.11400000,123.75000,0.00
1649327400,0.00,20261001,0,452,0,0.01,162.16000000,161.39900000,123.88200,0.00
1649368800,-102.00,20261001,1,452,1,0.01,162.05800000,161.39900000,123.88200,-102.00
1649668888,2902.00,20260622,1,451,1,0.02,125.27700000,123.11400000,125.33400,2902.00
1649669400,0.00,20261000,0,455,0,0.01,125.31300000,124.00600000,125.33400,0.00
1649671200,0.00,20261001,0,456,0,0.01,162.94800000,161.49900000,125.33400,0.00
1649714400,137.00,20261000,1,455,1,0.01,125.45000000,124.00600000,125.33400,137.00
1649714400,550.00,20261001,1,456,1,0.01,163.49800000,161.49900000,125.33400,550.00
1649851200,0.00,20260627,0,459,0,0.01,163.94100000,162.97600000,125.48100,0.00
1649952000,0.00,20260622,0,460,0,0.01,125.53500000,124.61600000,125.86300,0.00
1650016800,0.00,20261001,0,461,0,0.01,165.26600000,164.30000000,126.42700,0.00
1650060000,-188.00,20261001,1,461,1,0.01,165.07800000,164.30000000,126.42700,-188.00
1650279600,0.00,20261001,0,463,1,0.06,164.74300000,165.41500000,126.97400,0.00
1650319200,-2694.00,20261001,1,463,0,0.06,165.19200000,165.41500000,126.97400,-2694.00
1650341206,1846.00,20260622,1,460,1,0.01,127.37200000,124.61600000,128.88700,1846.00
1650416558,3897.00,20260627,1,459,1,0.01,167.80300000,162.97600000,127.68500,3897.00
1650495600,0.00,20260605,0,467,0,0.01,1.08539000,1.08289000,127.68500,0.00
1650513600,0.00,20260622,0,468,0,0.01,128.15600000,126.96600000,128.32800,0.00
1650513600,-243.00,20260605,1,467,1,0.01,1.08356000,1.08289000,128.32800,-243.00
1650513600,0.00,20260605,0,470,1,0.01,1.08356000,1.08606000,128.32800,0.00
1650533421,-320.00,20260605,1,470,0,0.01,1.08606000,1.08606000,128.32800,-320.00
1650619800,0.00,20261001,0,472,1,0.01,166.48600000,167.58800000,128.43600,0.00
1650632400,0.00,20260629,0,473,1,0.01,1.08054000,0.00000000,128.43600,0.00
1650632400,0.00,20260629,0,474,0,0.01,1.28682000,0.00000000,128.43600,0.00
1650664800,1577.00,20261001,1,472,0,0.01,164.90900000,167.58800000,128.43600,1577.00
1650880800,0.00,20261000,0,476,1,0.01,128.08900000,128.86700000,128.12600,0.00
1650924000,57.00,20261000,1,476,0,0.01,128.03200000,128.86700000,128.12600,57.00
1651021441,-1178.00,20260622,1,468,1,0.01,126.96600000,126.96600000,128.40900,-1178.00
1651051800,0.00,20261000,0,479,0,0.01,127.98300000,126.92900000,128.40900,0.00
1651051800,0.00,20261001,0,480,0,0.01,160.99400000,159.59900000,128.40900,0.00
1651060800,0.00,20260622,0,481,0,0.01,127.96400000,126.71300000,128.40900,0.00
1651096800,354.00,20261000,1,479,1,0.01,128.33700000,126.92900000,128.40900,354.00
1651096800,-69.00,20261001,1,480,1,0.01,160.92500000,159.59900000,128.40900,-69.00
1651139742,2514.00,20260622,1,481,1,0.01,130.47500000,126.71300000,130.78600,2514.00
1651147200,0.00,20260622,0,485,0,0.01,130.92900000,129.62400000,130.78600,0.00
1651229100,0.00,20261000,0,486,1,0.01,130.09000000,130.94800000,129.61400,0.00
1651254929,-1302.00,20260622,1,485,1,0.01,129.62400000,129.62400000,129.61400,-1302.00
1651269600,644.00,20261000,1,486,0,0.01,129.44600000,130.94800000,129.61400,644.00
1651464000,0.00,20260622,0,489,0,0.01,130.06000000,128.67200000,130.08400,0.00
1651574700,0.00,20261001,0,490,0,0.01,163.17600000,162.39400000,130.12900,0.00
1651614087,-782.00,20261001,1,490,1,0.01,162.39400000,162.39400000,130.12900,-782.00
1651701403,-1414.00,20260622,1,489,1,0.01,128.64000000,128.67200000,129.04100,-1414.00
1651747500,0.00,20261000,0,493,0,0.01,129.69600000,128.74900000,130.12500,0.00
1651766400,0.00,20260622,0,494,0,0.01,129.90200000,128.99700000,130.12500,0.00
1651788000,698.00,20261000,1,493,1,0.01,130.39400000,128.74900000,130.12500,698.00
1651832100,0.00,20261001,0,496,1,0.06,160.63000000,161.60200000,130.51800,0.00
1651874400,-2412.00,20261001,1,496,0,0.06,161.03200000,161.60200000,130.51800,-2412.00
1652090400,0.00,20261000,0,498,0,0.01,131.27600000,130.41800000,130.26400,0.00
1652119646,-858.00,20261000,1,498,1,0.01,130.41800000,130.41800000,130.26400,-858.00
1652173200,0.00,20260605,0,500,0,0.01,1.05768000,1.05518000,130.42800,0.00
1652177039,-327.00,20260605,1,500,1,0.01,1.05517000,1.05518000,130.42800,-327.00
1652209200,0.00,20260605,0,502,1,0.01,1.05307000,1.05557000,130.42800,0.00
1652263906,-324.00,20260605,1,502,0,0.01,1.05558000,1.05557000,129.92600,-324.00
1652295600,0.00,20260605,0,504,1,0.01,1.05372000,1.05622000,129.92600,0.00
1652347800,0.00,20261000,0,505,1,0.01,129.32000000,130.04600000,128.25200,0.00
1652348700,0.00,20261001,0,506,1,0.01,158.05400000,159.27400000,128.25200,0.00
1652349796,-907.00,20260622,1,494,1,0.01,128.98000000,128.99700000,128.25200,-907.00
1652357012,1384.00,20260605,1,504,0,0.01,1.04297000,1.05622000,128.25200,1384.00
1652373222,1467.00,20261000,1,505,0,0.01,127.85300000,130.04600000,128.25200,1467.00
1652373523,2459.00,20261001,1,506,0,0.01,155.59500000,159.27400000,128.25200,2459.00
1652742000,-7059.00,20260629,1,474,1,0.01,1.23173000,0.00000000,129.12300,-7059.00
1652742000,4804.00,20260629,1,473,0,0.01,1.04325000,0.00000000,129.12300,4804.00
1652864400,0.00,20260605,0,513,0,0.01,1.05396000,1.05146000,128.21100,0.00
1652868269,-320.00,20260605,1,513,1,0.01,1.05146000,1.05146000,128.21100,-320.00
1652871600,0.00,20260605,0,515,0,0.01,1.05166000,1.04916000,128.21100,0.00
1652898449,-320.00,20260605,1,515,1,0.01,1.04916000,1.04916000,128.21100,-320.00
1652900400,0.00,20260605,0,517,0,0.01,1.04914000,1.04664000,128.21100,0.00
1652904000,-56.00,20260605,1,517,1,0.01,1.04870000,1.04664000,128.21100,-56.00
1652904000,0.00,20260605,0,519,1,0.01,1.04870000,1.05120000,128.21100,0.00
1652967645,-319.00,20260605,1,519,0,0.01,1.05121000,1.05120000,127.78000,-319.00
1653388200,0.00,20261000,0,521,1,0.01,127.39200000,128.08500000,126.77300,0.00
1653390900,0.00,20261001,0,522,1,0.01,160.21800000,160.97800000,126.77300,0.00
1653409939,1521.00,20261001,1,522,0,0.01,158.69700000,160.97800000,126.77300,1521.00
1653429600,580.00,20261000,1,521,0,0.01,126.81200000,128.08500000,126.77300,580.00
1653558300,0.00,20261001,0,525,1,0.01,159.72600000,160.82900000,127.10100,0.00
1653560100,0.00,20261000,0,526,1,0.02,126.88400000,127.58100000,127.10100,0.00
1653602400,-596.00,20261000,1,526,0,0.02,127.18200000,127.58100000,127.10100,-596.00
1653602400,-459.00,20261001,1,525,0,0.01,160.18500000,160.82900000,127.10100,-459.00
1653989400,0.00,20261001,0,529,1,0.01,161.14400000,161.96200000,128.55500,0.00
1654015662,-821.00,20261001,1,529,0,0.01,161.96500000,161.96200000,128.55500,-821.00
1654077600,0.00,20261001,0,531,0,0.01,162.97700000,161.96200000,130.08600,0.00
1654079400,0.00,20261000,0,532,0,0.01,129.45700000,128.55000000,130.08600,0.00
1654108996,-1019.00,20261001,1,531,1,0.01,161.95800000,161.96200000,130.08600,-1019.00
1654120800,671.00,20261000,1,532,1,0.01,130.12800000,128.55000000,130.08600,671.00
1654488000,0.00,20260605,0,535,1,0.01,1.07163000,1.07413000,131.84900,0.00
1654495200,-83.00,20260605,1,535,0,0.01,1.07227000,1.07413000,131.84900,-83.00
1654495200,0.00,20260605,0,537,0,0.01,1.07227000,1.06977000,131.84900,0.00
1654512300,0.00,20261001,0,538,0,0.06,163.66500000,162.90400000,131.84900,0.00
1654534800,-115.00,20260605,1,537,1,0.01,1.07139000,1.06977000,131.84900,-115.00
1654534800,0.00,20260605,0,540,1,0.01,1.07139000,1.07389000,131.84900,0.00
1654545797,9132.00,20261001,1,538,1,0.06,165.18700000,162.90400000,131.84900,9132.00
1654683300,0.00,20261001,0,542,0,0.01,167.53900000,166.80100000,134.22100,0.00
1654685100,0.00,20261000,0,543,0,0.01,133.46500000,132.51800000,134.22100,0.00
1654697922,-332.00,20260605,1,540,0,0.01,1.07390000,1.07389000,134.22100,-332.00
1654725600,0.00,20260605,0,545,1,0.01,1.07154000,1.07404000,134.22100,0.00
1654725600,709.00,20261000,1,543,1,0.01,134.17400000,132.51800000,134.22100,709.00
1654725600,693.00,20261001,1,542,1,0.01,168.23200000,166.80100000,134.22100,693.00
1654771500,0.00,20261000,0,548,1,0.01,133.49600000,134.55300000,134.31200,0.00
1654775100,0.00,20261001,0,549,1,0.01,167.36800000,168.72500000,134.31200,0.00
1654785806,-331.00,20260605,1,545,0,0.01,1.07404000,1.07404000,134.31200,-331.00
1654812000,-789.00,20261000,1,548,0,0.01,134.28500000,134.55300000,134.31200,-789.00
1654812000,-591.00,20261001,1,549,0,0.01,167.95900000,168.72500000,134.31200,-591.00
1654856100,0.00,20261001,0,553,1,0.01,167.18100000,168.01300000,134.37900,0.00
1654857000,0.00,20261000,0,554,1,0.01,133.38300000,134.47500000,134.37900,0.00
1654881332,1668.00,20261001,1,553,0,0.01,165.51300000,168.01300000,134.37900,1668.00
1654898400,-981.00,20261000,1,554,0,0.01,134.36400000,134.47500000,134.37900,-981.00
1655112600,0.00,20261001,0,557,1,0.06,165.10200000,166.12800000,134.40700,0.00
1655137777,12318.00,20261001,1,557,0,0.06,163.04900000,166.12800000,134.40700,12318.00
1655285400,0.00,20261000,0,559,1,0.01,134.66200000,135.57500000,133.81300,0.00
1655330400,533.00,20261000,1,559,0,0.01,134.12900000,135.57500000,133.81300,533.00
1655897400,0.00,20261001,0,561,1,0.01,166.27900000,167.82500000,136.20500,0.00
1655935200,-845.00,20261001,1,561,0,0.01,167.12400000,167.82500000,136.20500,-845.00
1655964000,0.00,20260605,0,563,0,0.01,1.05710000,1.05460000,134.93800,0.00
1655979341,-361.00,20260605,1,563,1,0.01,1.05441000,1.05460000,134.93800,-361.00
1655989200,0.00,20260605,0,565,0,0.01,1.05181000,1.04931000,134.93800,0.00
1655997281,-335.00,20260605,1,565,1,0.01,1.04931000,1.04931000,134.93800,-335.00
1656326700,0.00,20261001,0,567,0,0.01,166.28600000,165.12200000,135.41400,0.00
1656345600,0.00,20260774,0,568,1,0.01,1.22550000,1.23050000,135.41400,0.00
1656352112,-684.00,20260774,1,568,0,0.01,1.23060000,1.23050000,135.41400,-684.00
1656367200,-41.00,20261001,1,567,1,0.01,166.24500000,165.12200000,135.41400,-41.00
1656507600,0.00,20260605,0,571,1,0.01,1.05093000,1.05343000,136.57400,0.00
1656512759,-338.00,20260605,1,571,0,0.01,1.05345000,1.05343000,136.57400,-338.00
1656585000,0.00,20261000,0,573,1,0.01,136.04500000,136.80900000,135.70000,0.00
1656626400,478.00,20261000,1,573,0,0.01,135.56700000,136.80900000,135.70000,478.00
1656931500,0.00,20261001,0,575,0,0.01,164.10900000,162.99600000,135.48100,0.00
1656972000,206.00,20261001,1,575,1,0.01,164.31500000,162.99600000,135.48100,206.00
1657008000,0.00,20260622,0,577,0,0.01,136.25200000,135.22100000,135.74100,0.00
1657081662,-1028.00,20260622,1,577,1,0.01,135.22100000,135.22100000,135.91000,-1028.00
1657224000,0.00,20260629,0,579,0,0.01,1.01554000,0.00000000,135.97000,0.00
1657224000,0.00,20260629,0,580,1,0.01,1.20078000,0.00000000,135.97000,0.00
1657555200,0.00,20260622,0,581,0,0.01,137.59500000,136.52200000,137.41600,0.00
1657623600,0.00,20261001,0,582,1,0.01,162.60300000,163.55200000,136.86300,0.00
1657645292,-1074.00,20260622,1,581,1,0.01,136.51800000,136.52200000,136.86300,-1074.00
1657663200,-129.00,20261001,1,582,0,0.01,162.73200000,163.55200000,136.86300,-129.00
1657706400,0.00,20261001,0,585,0,0.01,163.48700000,162.35300000,137.23700,0.00
1657749600,13.00,20261001,1,585,1,0.01,163.50000000,162.35300000,137.23700,13.00
1657771200,0.00,20260622,0,587,0,0.01,137.91900000,137.07000000,138.93300,0.00
1657791900,0.00,20261001,0,588,0,0.01,164.25700000,163.08200000,138.93300,0.00
1657836000,29.00,20261001,1,588,1,0.01,164.28600000,163.08200000,138.93300,29.00
1658224800,0.00,20261000,0,590,1,0.01,137.80300000,138.39100000,138.17300,0.00
1658228400,-46.00,20260629,1,580,0,0.01,1.20100000,0.00000000,138.17300,-46.00
1658228400,1102.00,20260629,1,579,1,0.01,1.02412000,0.00000000,138.17300,1102.00
1658229300,0.00,20261001,0,593,0,0.01,165.48100000,164.71700000,138.17300,0.00
1658235600,0.00,20260605,0,594,0,0.01,1.02419000,1.02169000,138.17300,0.00
1658268000,-397.00,20261000,1,590,0,0.01,138.20000000,138.39100000,138.17300,-397.00
1658268000,309.00,20261001,1,593,1,0.01,165.79000000,164.71700000,138.17300,309.00
1658324019,-355.00,20260605,1,594,1,0.01,1.02169000,1.02169000,138.08100,-355.00
1658358000,0.00,20260605,0,598,0,0.01,1.01777000,1.01527000,138.08100,0.00
1658456981,-835.00,20260622,1,587,1,0.01,137.06600000,137.07000000,136.04800,-835.00
1658486010,-363.00,20260605,1,598,1,0.01,1.01527000,1.01527000,136.04800,-363.00
1658487600,0.00,20261001,0,601,1,0.06,164.10300000,164.99300000,136.04800,0.00
1658527200,5862.00,20261001,1,601,0,0.06,163.12600000,164.99300000,136.04800,5862.00
1658858400,0.00,20260629,0,603,0,0.01,1.01343000,0.00000000,136.77200,0.00
1658858400,0.00,20260629,0,604,1,0.01,1.20465000,0.00000000,136.77200,0.00
1659110400,0.00,20260610,0,605,1,0.01,134.06800000,134.56800000,133.20200,0.00
1659111422,-500.00,20260610,1,605,0,0.01,134.56800000,134.56800000,133.20200,-500.00
1659117600,0.00,20260605,0,607,1,0.01,1.01951000,1.02201000,133.20200,0.00
1659121200,-92.00,20260605,1,607,0,0.01,1.02019000,1.02201000,133.20200,-92.00
1659121200,0.00,20260605,0,609,0,0.01,1.02019000,1.01769000,133.20200,0.00
1659124800,0.00,20260610,0,610,1,0.01,133.31000000,133.81000000,133.20200,0.00
1659327245,1069.00,20260610,1,610,0,0.01,132.20900000,133.81000000,131.60500,1069.00
1659355200,0.00,20260774,0,612,0,0.01,1.22308000,1.21808000,131.60500,0.00
1659436200,0.00,20261001,0,613,1,0.01,159.73500000,161.45700000,133.15200,0.00
1659460205,-662.00,20260774,1,612,1,0.01,1.21808000,1.21808000,133.15200,-662.00
1659465917,-1729.00,20261001,1,613,0,0.01,161.46400000,161.45700000,133.15200,-1729.00
1659471929,-351.00,20260605,1,609,1,0.01,1.01769000,1.01769000,133.15200,-351.00
1659609000,0.00,20261001,0,617,0,0.01,163.11200000,162.25500000,132.77300,0.00
1659613500,0.00,20261000,0,618,0,0.01,134.35100000,133.41900000,132.77300,0.00
1659622144,-857.00,20261001,1,617,1,0.01,162.25500000,162.25500000,132.77300,-857.00
1659626069,-937.00,20261000,1,618,1,0.01,133.41400000,133.41900000,132.77300,-937.00
1659636000,0.00,20260605,0,621,0,0.01,1.02121000,1.01871000,132.77300,0.00
1659696300,0.00,20261001,0,622,0,0.01,162.12200000,161.10400000,134.94100,0.00
1659704400,-1191.00,20260629,1,604,0,0.01,1.21346000,0.00000000,134.94100,-1191.00
1659704400,1177.00,20260629,1,603,1,0.01,1.02285000,0.00000000,134.94100,1177.00
1659713429,-368.00,20260605,1,621,1,0.01,1.01853000,1.01871000,134.94100,-368.00
1659715200,0.00,20260605,0,626,1,0.01,1.01579000,1.01829000,134.94100,0.00
1659715200,0.00,20260774,0,627,1,0.01,1.20270000,1.20770000,134.94100,0.00
1659719683,-347.00,20260605,1,626,0,0.01,1.01839000,1.01829000,134.94100,-347.00
1659728861,-668.00,20260774,1,627,0,0.01,1.20771000,1.20770000,134.94100,-668.00
1659729600,0.00,20260774,0,630,0,0.01,1.20781000,1.20281000,134.94100,0.00
1659736800,859.00,20261001,1,622,1,0.01,162.98100000,161.10400000,134.94100,859.00
1659951900,0.00,20261001,0,632,0,0.01,163.54800000,162.74100000,134.80000,0.00
1659986968,-807.00,20261001,1,632,1,0.01,162.74100000,162.74100000,134.80000,-807.00
1660045500,0.00,20261001,0,634,0,0.01,163.39900000,162.62000000,134.91700,0.00
1660075200,0.00,20260605,0,635,0,0.01,1.02187000,1.01937000,134.91700,0.00
1660082400,-272.00,20261001,1,634,1,0.01,163.12700000,162.62000000,134.91700,-272.00
1660145441,1465.00,20260774,1,630,1,0.01,1.21881000,1.20281000,132.87000,1465.00
1660145503,1391.00,20260605,1,635,1,0.01,1.03237000,1.01937000,132.87000,1391.00
1660147200,0.00,20260610,0,639,1,0.01,133.14100000,133.64100000,132.87000,0.00
1660152845,1107.00,20260610,1,639,0,0.01,132.03400000,133.64100000,132.87000,1107.00
1660161600,0.00,20260610,0,641,1,0.01,132.54100000,133.04100000,132.87000,0.00
1660166860,-500.00,20260610,1,641,0,0.01,133.04100000,133.04100000,132.87000,-500.00
1660190400,0.00,20260610,0,643,1,0.01,132.77400000,133.27400000,132.99200,0.00
1660195865,-504.00,20260610,1,643,0,0.01,133.27800000,133.27400000,132.99200,-504.00
1660204800,0.00,20260610,0,645,1,0.01,133.12800000,133.62800000,132.99200,0.00
1660231418,1100.00,20260610,1,645,0,0.01,132.02800000,133.62800000,132.99200,1100.00
1660233600,0.00,20260610,0,647,1,0.01,131.93400000,132.43400000,132.99200,0.00
1660238848,-500.00,20260610,1,647,0,0.01,132.43400000,132.43400000,132.99200,-500.00
1660248000,0.00,20260610,0,649,1,0.01,132.78000000,133.28000000,132.99200,0.00
1660274789,-532.00,20260610,1,649,0,0.01,133.28000000,133.28000000,133.31300,-532.00
1660276800,0.00,20260610,0,651,1,0.01,133.27300000,133.77300000,133.31300,0.00
1660314119,-502.00,20260610,1,651,0,0.01,133.77500000,133.77300000,133.31300,-502.00
1660320000,0.00,20260610,0,653,1,0.01,133.68600000,134.18600000,133.31300,0.00
1660338000,0.00,20260605,0,654,0,0.01,1.02612000,1.02362000,133.31300,0.00
1660555840,-343.00,20260605,1,654,1,0.01,1.02362000,1.02362000,133.29700,-343.00
1660577441,1068.00,20260610,1,653,0,0.01,132.58600000,134.18600000,133.29700,1068.00
1660604400,0.00,20260605,0,657,1,0.01,1.01605000,1.01855000,133.29700,0.00
1660670978,-328.00,20260605,1,657,0,0.01,1.01855000,1.01855000,134.18800,-328.00
1660766400,0.00,20260774,0,659,1,0.01,1.20396000,1.20896000,134.96600,0.00
1660853187,1456.00,20260774,1,659,0,0.01,1.19296000,1.20896000,135.87600,1456.00
1660896000,0.00,20260610,0,661,0,0.01,136.27100000,135.77100000,136.88900,0.00
1660906800,0.00,20261000,0,662,0,0.01,136.66500000,135.71200000,136.88900,0.00
1660946400,227.00,20261000,1,662,1,0.01,136.89200000,135.71200000,136.88900,227.00
1661141558,1103.00,20260610,1,661,1,0.01,137.37100000,135.77100000,137.41700,1103.00
1661155200,0.00,20260610,0,665,0,0.01,137.24200000,136.74200000,137.41700,0.00
1661165100,0.00,20261001,0,666,1,0.06,161.50700000,162.52500000,137.41700,0.00
1661166282,-500.00,20260610,1,665,1,0.01,136.74200000,136.74200000,137.41700,-500.00
1661169600,0.00,20260610,0,668,0,0.01,136.93700000,136.43700000,137.41700,0.00
1661205600,-726.00,20261001,1,666,0,0.06,161.62800000,162.52500000,137.41700,-726.00
1661250600,0.00,20261001,0,670,1,0.01,161.05600000,162.06000000,136.76000,0.00
1661272499,-1008.00,20261001,1,670,0,0.01,162.06400000,162.06000000,136.76000,-1008.00
1661274043,-505.00,20260610,1,668,1,0.01,136.42900000,136.43700000,136.76000,-505.00
1661510700,0.00,20261000,0,673,0,0.01,137.06100000,136.40700000,137.57600,0.00
1661533877,-681.00,20261000,1,673,1,0.01,136.38000000,136.40700000,137.57600,-681.00
1661544000,0.00,20260610,0,675,0,0.01,137.33500000,136.83500000,137.57600,0.00
1661747081,1108.00,20260610,1,675,1,0.01,138.44000000,136.83500000,138.70100,1108.00
1661769000,0.00,20261001,0,677,0,0.01,162.03800000,161.34300000,138.70100,0.00
1661810400,407.00,20261001,1,677,1,0.01,162.44500000,161.34300000,138.70100,407.00
1661994000,0.00,20260605,0,679,0,0.01,1.00513000,1.00263000,140.19200,0.00
1662002146,-347.00,20260605,1,679,1,0.01,1.00262000,1.00263000,140.19200,-347.00
1662004800,0.00,20260610,0,681,0,0.01,139.47700000,138.97700000,140.19200,0.00
1662051600,0.00,20260605,0,682,1,0.01,0.99809000,1.00059000,140.19200,0.00
1662116400,-106.00,20260605,1,682,0,0.01,0.99887000,1.00059000,140.18300,-106.00
1662116400,0.00,20260605,0,684,0,0.01,0.99887000,0.99637000,140.18300,0.00
1662132617,1129.00,20260610,1,681,1,0.01,140.60300000,138.97700000,140.18300,1129.00
1662134400,0.00,20260610,0,686,0,0.01,140.58100000,140.08100000,140.18300,0.00
1662135801,-500.00,20260610,1,686,1,0.01,140.08100000,140.08100000,140.18300,-500.00
1662147941,-353.00,20260605,1,684,1,0.01,0.99635000,0.99637000,140.18300,-353.00
1662148800,0.00,20260610,0,689,0,0.01,140.23200000,139.73200000,140.18300,0.00
1662148800,0.00,20260605,0,690,1,0.01,0.99693000,0.99943000,140.18300,0.00
1662377400,0.00,20261001,0,691,0,0.06,161.44700000,160.65800000,140.57400,0.00
1662415200,2454.00,20261001,1,691,1,0.06,161.85600000,160.65800000,140.57400,2454.00
1662458681,1106.00,20260610,1,689,1,0.01,141.33200000,139.73200000,142.78100,1106.00
1662459300,0.00,20261000,0,694,0,0.01,141.45000000,140.24300000,142.78100,0.00
1662483796,1506.00,20260605,1,690,0,0.01,0.98643000,0.99943000,142.78100,1506.00
1662487200,0.00,20260605,0,696,1,0.01,0.99040000,0.99290000,142.78100,0.00
1662487781,-362.00,20260605,1,696,0,0.01,0.99294000,0.99290000,142.78100,-362.00
1662501600,1434.00,20261000,1,694,1,0.01,142.88400000,140.24300000,142.78100,1434.00
1662545700,0.00,20261001,0,699,0,0.01,165.54900000,164.18300000,143.71800,0.00
1662588000,218.00,20261001,1,699,1,0.01,165.76700000,164.18300000,143.71800,218.00
1662634800,0.00,20261001,0,701,1,0.01,165.20800000,166.31400000,144.09700,0.00
1662656400,0.00,20260605,0,702,1,0.01,0.99645000,0.99895000,144.09700,0.00
1662668659,-357.00,20260605,1,702,0,0.01,0.99895000,0.99895000,144.09700,-357.00
1662670800,0.00,20260605,0,704,0,0.01,0.99945000,0.99695000,144.09700,0.00
1662674400,-382.00,20261001,1,701,0,0.01,165.59000000,166.31400000,144.09700,-382.00
1662718420,1489.00,20260605,1,704,1,0.01,1.00995000,0.99695000,142.37500,1489.00
1663106400,0.00,20260605,0,707,1,0.01,0.99772000,1.00022000,144.54400,0.00
1663142741,-361.00,20260605,1,707,0,0.01,1.00027000,1.00022000,142.91900,-361.00
1663153200,0.00,20261000,0,709,1,0.01,143.31300000,144.95400000,142.91900,0.00
1663155900,0.00,20261001,0,710,1,0.01,165.30100000,166.49300000,142.91900,0.00
1663160400,0.00,20260605,0,711,0,0.01,1.00123000,0.99873000,142.91900,0.00
1663166802,-360.00,20260605,1,711,1,0.01,0.99872000,0.99873000,142.91900,-360.00
1663192800,189.00,20261000,1,709,0,0.01,143.12400000,144.95400000,142.91900,189.00
1663192800,131.00,20261001,1,710,0,0.01,165.17000000,166.49300000,142.91900,131.00
1663236000,0.00,20261001,0,715,0,0.01,165.54000000,164.72700000,143.46000,0.00
1663255816,-825.00,20261001,1,715,1,0.01,164.71500000,164.72700000,143.46000,-825.00
1663261200,0.00,20260605,0,717,1,0.01,0.99984000,1.00234000,143.46000,0.00
1663350759,-355.00,20260605,1,717,0,0.01,1.00234000,1.00234000,142.89800,-355.00
1663351200,0.00,20260605,0,719,0,0.01,1.00307000,1.00057000,142.89800,0.00
1663353582,-358.00,20260605,1,719,1,0.01,1.00057000,1.00057000,142.89800,-358.00
1663584300,0.00,20261000,0,721,0,0.01,143.46700000,142.63900000,143.19200,0.00
1663624800,-203.00,20261000,1,721,1,0.01,143.26400000,142.63900000,143.19200,-203.00
1663668000,0.00,20261001,0,723,0,0.01,164.00000000,163.37600000,143.71400,0.00
1663702865,-628.00,20261001,1,723,1,0.01,163.37200000,163.37600000,143.71400,-628.00
1664164800,0.00,20260629,0,725,1,0.01,0.95685000,0.00000000,144.74300,0.00
1664164800,0.00,20260629,0,726,0,0.01,1.03933000,0.00000000,144.74300,0.00
1664168400,2440.00,20260629,1,726,1,0.01,1.05636000,0.00000000,144.74300,2440.00
1664168400,-1216.00,20260629,1,725,0,0.01,0.96534000,0.00000000,144.74300,-1216.00
1664172000,0.00,20260629,0,729,1,0.01,0.96590000,0.00000000,144.74300,0.00
1664172000,0.00,20260629,0,730,0,0.01,1.05436000,0.00000000,144.74300,0.00
1664787600,10091.00,20260629,1,730,1,0.01,1.12483000,0.00000000,144.51400,10091.00
1664787600,-2373.00,20260629,1,729,0,0.01,0.98257000,0.00000000,144.51400,-2373.00
1664879400,0.00,20261001,0,733,0,0.01,164.87200000,163.20100000,144.04400,0.00
1664892000,0.00,20260605,0,734,0,0.01,0.98919000,0.98669000,144.04400,0.00
1664920716,1504.00,20260605,1,734,1,0.01,0.99969000,0.98669000,144.04400,1504.00
1664920800,352.00,20261001,1,733,1,0.01,165.22400000,163.20100000,144.04400,352.00
1665374400,0.00,20260622,0,737,0,0.02,145.49600000,144.79500000,145.60900,0.00
1665500400,0.00,20260605,0,738,1,0.01,0.97247000,0.97497000,145.84000,0.00
1665514598,-364.00,20260605,1,738,0,0.01,0.97497000,0.97497000,145.84000,-364.00
1665522000,0.00,20260605,0,740,1,0.01,0.97520000,0.97770000,145.84000,0.00
1665595408,2816.00,20260622,1,737,1,0.02,146.89800000,144.79500000,146.89600,2816.00
1665675088,1548.00,20260605,1,740,0,0.01,0.96470000,0.97770000,147.03100,1548.00
1665698400,0.00,20260605,0,743,1,0.01,0.97864000,0.98114000,147.03100,0.00
1665723600,-198.00,20260605,1,743,0,0.01,0.98001000,0.98114000,148.55400,-198.00
1665723600,0.00,20260605,0,745,0,0.01,0.98001000,0.97751000,148.55400,0.00
1665737939,-369.00,20260605,1,745,1,0.01,0.97750000,0.97751000,148.55400,-369.00
1665747900,0.00,20261000,0,747,0,0.01,147.59400000,146.98800000,148.55400,0.00
1665777270,1212.00,20261000,1,747,1,0.01,148.80600000,146.98800000,148.55400,1212.00
1666166400,0.00,20260622,0,749,0,0.02,149.29400000,148.58600000,149.88700,0.00
1666177200,0.00,20260605,0,750,0,0.01,0.98394000,0.98144000,149.88700,0.00
1666178729,-374.00,20260605,1,750,1,0.01,0.98144000,0.98144000,149.88700,-374.00
1666191600,0.00,20260605,0,752,0,0.01,0.97833000,0.97583000,149.88700,0.00
1666209942,-379.00,20260605,1,752,1,0.01,0.97580000,0.97583000,149.88700,-379.00
1666350900,0.00,20261000,0,754,0,0.01,150.57800000,149.93400000,147.67900,0.00
1666350992,2872.00,20260622,1,749,1,0.02,150.72400000,148.58600000,147.67900,2872.00
1666366352,1290.00,20261000,1,754,1,0.01,151.86800000,149.93400000,147.67900,1290.00
1666779300,0.00,20261000,0,757,1,0.02,147.60300000,148.40900000,146.28900,0.00
1666821600,2678.00,20261000,1,757,0,0.02,146.26400000,148.40900000,146.28900,2678.00
1666954800,0.00,20261000,0,759,0,0.01,147.07200000,145.93100000,147.50900,0.00
1666994400,444.00,20261000,1,759,1,0.01,147.51600000,145.93100000,147.50900,444.00
1667295000,0.00,20261000,0,761,1,0.01,147.86700000,148.82100000,148.22700,0.00
1667340000,-288.00,20261000,1,761,0,0.01,148.15500000,148.82100000,148.22700,-288.00
1667462400,0.00,20260774,0,763,0,0.01,1.14180000,1.13680000,147.95500,0.00
1667469600,0.00,20260605,0,764,1,0.01,0.98114000,0.98364000,147.95500,0.00
1667470341,-750.00,20260774,1,763,1,0.01,1.13674000,1.13680000,147.95500,-750.00
1667491200,0.00,20260774,0,766,1,0.01,1.11625000,1.12125000,147.95500,0.00
1667496402,-741.00,20260774,1,766,0,0.01,1.12125000,1.12125000,147.95500,-741.00
1667577457,-367.00,20260605,1,764,0,0.01,0.98364000,0.98364000,146.54100,-367.00
1667577600,0.00,20260774,0,769,0,0.01,1.12674000,1.12174000,146.54100,0.00
1667595600,0.00,20260605,0,770,0,0.01,0.99235000,0.98985000,146.54100,0.00
1667599781,1634.00,20260774,1,769,1,0.01,1.13777000,1.12174000,146.54100,1634.00
1667853031,1545.00,20260605,1,770,1,0.01,1.00285000,0.98985000,146.59900,1545.00
1668096000,0.00,20260605,0,773,0,0.01,1.01227000,1.00977000,140.94000,0.00
1668139200,0.00,20260610,0,774,1,0.01,142.35300000,142.85300000,138.75000,0.00
1668153752,1482.00,20260605,1,773,1,0.01,1.02281000,1.00977000,138.75000,1482.00
1668158555,1116.00,20260610,1,774,0,0.01,141.23700000,142.85300000,138.75000,1116.00
1668424500,0.00,20261000,0,777,0,0.01,140.18100000,138.79400000,139.87500,0.00
1668425400,0.00,20261001,0,778,0,0.06,165.15900000,163.69000000,139.87500,0.00
1668463200,-276.00,20261000,1,777,1,0.01,139.90500000,138.79400000,139.87500,-276.00
1668463200,-2172.00,20261001,1,778,1,0.06,164.79700000,163.69000000,139.87500,-2172.00
1668505500,0.00,20261000,0,781,1,0.02,139.38900000,140.62300000,139.26100,0.00
1668549600,640.00,20261000,1,781,0,0.02,139.06900000,140.62300000,139.26100,640.00
1669028400,0.00,20261000,0,783,0,0.01,141.14800000,140.15800000,142.10700,0.00
1669068000,1016.00,20261000,1,783,1,0.01,142.16400000,140.15800000,142.10700,1016.00
1669282200,0.00,20261001,0,785,1,0.01,167.61000000,168.29000000,138.29200,0.00
1669327200,-216.00,20261001,1,785,0,0.01,167.82600000,168.29000000,138.29200,-216.00
1669376700,0.00,20261000,0,787,0,0.01,139.38300000,138.23900000,139.12600,0.00
1669376700,0.00,20261001,0,788,0,0.01,168.50600000,167.35200000,139.12600,0.00
1669413600,-364.00,20261000,1,787,1,0.01,139.01900000,138.23900000,139.12600,-364.00
1669413600,-472.00,20261001,1,788,1,0.01,168.03400000,167.35200000,139.12600,-472.00
1669608000,0.00,20260605,0,791,1,0.01,1.03482000,1.03732000,138.92400,0.00
1669625190,-348.00,20260605,1,791,0,0.01,1.03732000,1.03732000,138.92400,-348.00
1669626900,0.00,20261000,0,793,1,0.01,137.87000000,139.42400000,138.92400,0.00
1669672800,0.00,20260605,0,794,1,0.01,1.03376000,1.03626000,138.92400,0.00
1669672800,-999.00,20261000,1,793,0,0.01,138.86900000,139.42400000,138.92400,-999.00
1669694235,-347.00,20260605,1,794,0,0.01,1.03628000,1.03626000,138.40600,-347.00
1669722300,0.00,20261000,0,797,1,0.01,137.98500000,139.35200000,138.40600,0.00
1669759200,-665.00,20261000,1,797,0,0.01,138.65000000,139.35200000,138.40600,-665.00
1669807800,0.00,20261001,0,799,0,0.01,166.39500000,165.34900000,137.98600,0.00
1669842000,0.00,20260605,0,800,0,0.01,1.03722000,1.03472000,137.98600,0.00
1669845600,-48.00,20261001,1,799,1,0.01,166.34700000,165.34900000,137.98600,-48.00
1669908638,1446.00,20260605,1,800,1,0.01,1.04772000,1.03472000,135.23400,1446.00
1669972500,0.00,20261000,0,803,1,0.01,134.69700000,135.59400000,134.30300,0.00
1669974300,0.00,20261001,0,804,1,0.01,165.05600000,165.91600000,134.30300,0.00
1669995103,-897.00,20261000,1,803,0,0.01,135.59400000,135.59400000,134.30300,-897.00
1670006190,-860.00,20261001,1,804,0,0.01,165.91600000,165.91600000,134.30300,-860.00
1670202000,29326.00,20260650,1,379,1,0.03,91.15000000,0.00000000,136.61300,29326.00
1670231700,0.00,20261000,0,808,0,0.01,135.08900000,134.12600000,136.61300,0.00
1670234400,0.00,20261001,0,809,0,0.01,166.14800000,164.69200000,136.61300,0.00
1670277600,1585.00,20261000,1,808,1,0.01,136.67400000,134.12600000,136.61300,1585.00
1670277600,229.00,20261001,1,809,1,0.01,166.37700000,164.69200000,136.61300,229.00
1670409000,0.00,20261001,0,812,0,0.01,167.10300000,165.95500000,136.60300,0.00
1670450400,-636.00,20261001,1,812,1,0.01,166.46700000,165.95500000,136.60300,-636.00
1670845500,0.00,20261001,0,814,0,0.01,167.79300000,166.98600000,137.65000,0.00
1670882400,1070.00,20261001,1,814,1,0.01,168.86300000,166.98600000,137.65000,1070.00
1671100200,0.00,20261000,0,816,0,0.01,136.20700000,135.23500000,137.76300,0.00
1671127200,0.00,20260629,0,817,1,0.01,1.06482000,0.00000000,137.76300,0.00
1671127200,0.00,20260629,0,818,0,0.01,1.22168000,0.00000000,137.76300,0.00
1671134461,1945.00,20261000,1,816,1,0.01,138.15200000,135.23500000,137.76300,1945.00
1671450300,0.00,20261001,0,820,0,0.01,166.17100000,164.84000000,136.89200,0.00
1671487200,152.00,20261001,1,820,1,0.01,166.32300000,164.84000000,136.89200,152.00
1671623100,0.00,20261001,0,822,1,0.06,159.80100000,161.03300000,132.46000,0.00
1671660000,726.00,20261001,1,822,0,0.06,159.68000000,161.03300000,132.46000,726.00
1672153200,0.00,20260605,0,824,0,0.01,1.06357000,1.06107000,133.47600,0.00
1672250400,-254.00,20260605,1,824,1,0.01,1.06188000,1.06107000,134.45400,-254.00
1672250400,0.00,20260605,0,826,1,0.01,1.06188000,1.06438000,134.45400,0.00
1672257600,-145.00,20260605,1,826,0,0.01,1.06293000,1.06438000,134.45400,-145.00
1672257600,0.00,20260605,0,828,0,0.01,1.06293000,1.06043000,134.45400,0.00
1672329600,0.00,20260622,0,829,1,0.01,133.16700000,134.22300000,133.01100,0.00
1672393500,0.00,20261001,0,830,1,0.01,159.39800000,160.44100000,131.09300,0.00
1672394400,0.00,20261000,0,831,1,0.01,132.13200000,133.09200000,131.09300,0.00
1672430286,2081.00,20260622,1,829,0,0.01,131.05400000,134.22300000,131.09300,2081.00
1672437600,1153.00,20261000,1,831,0,0.01,130.97900000,133.09200000,131.09300,1153.00
1672437600,1372.00,20261001,1,830,0,0.01,158.02600000,160.44100000,131.09300,1372.00
1672740282,-369.00,20260605,1,828,1,0.01,1.06042000,1.06043000,131.00400,-369.00
1672741800,0.00,20261001,0,836,1,0.01,156.33700000,158.38000000,131.00400,0.00
1672743600,0.00,20260605,0,837,1,0.01,1.05519000,1.05769000,131.00400,0.00
1672763740,-327.00,20260605,1,837,0,0.01,1.05769000,1.05769000,131.00400,-327.00
1672765200,-2457.00,20260629,1,818,1,0.01,1.20303000,0.00000000,131.00400,-2457.00
1672765200,1006.00,20260629,1,817,0,0.01,1.05743000,0.00000000,131.00400,1006.00
1672783200,-395.00,20261001,1,836,0,0.01,156.73200000,158.38000000,131.00400,-395.00
1672825500,0.00,20261000,0,842,1,0.01,130.17900000,131.46800000,132.60800,0.00
1672833600,0.00,20260622,0,843,1,0.01,130.42000000,131.79200000,132.60800,0.00
1672851600,0.00,20260605,0,844,1,0.01,1.06242000,1.06492000,132.60800,0.00
1672852121,-1289.00,20261000,1,842,0,0.01,131.46800000,131.46800000,132.60800,-1289.00
1672852542,-1372.00,20260622,1,843,0,0.01,131.79200000,131.79200000,132.60800,-1372.00
1672913700,0.00,20261000,0,847,0,0.02,132.85300000,131.67900000,133.39400,0.00
1672940138,1410.00,20260605,1,844,0,0.01,1.05192000,1.06492000,133.39400,1410.00
1672956000,668.00,20261000,1,847,1,0.02,133.18700000,131.67900000,133.39400,668.00
1673006400,0.00,20260774,0,850,1,0.01,1.18576000,1.19076000,132.13000,0.00
1673019040,-670.00,20260774,1,850,0,0.01,1.19079000,1.19076000,132.13000,-670.00
1673254800,0.00,20260605,0,852,0,0.01,1.06821000,1.06571000,131.87400,0.00
1673258400,0.00,20261001,0,853,0,0.01,160.53100000,159.22700000,131.87400,0.00
1673264700,0.00,20261000,0,854,0,0.02,132.51300000,131.30100000,131.87400,0.00
1673301600,-1892.00,20261000,1,854,1,0.02,131.56700000,131.30100000,131.87400,-1892.00
1673301600,29.00,20261001,1,853,1,0.01,160.56000000,159.22700000,131.87400,29.00
1673496000,0.00,20260622,0,857,1,0.01,131.66600000,132.75000000,129.15100,0.00
1673523900,0.00,20261000,0,858,1,0.01,130.92800000,132.46800000,129.15100,0.00
1673537307,1344.00,20260605,1,852,1,0.01,1.07874000,1.06571000,129.15100,1344.00
1673539156,2168.00,20260622,1,857,0,0.01,129.49800000,132.75000000,129.15100,2168.00
1673560800,1628.00,20261000,1,858,0,0.01,129.30000000,132.46800000,129.15100,1628.00
1673604900,0.00,20261000,0,862,1,0.01,128.18100000,129.41700000,127.84700,0.00
1673625600,0.00,20260774,0,863,0,0.01,1.21678000,1.21178000,127.84700,0.00
1673647200,245.00,20261000,1,862,0,0.01,127.93600000,129.41700000,127.84700,245.00
1673842203,1406.00,20260774,1,863,1,0.01,1.22778000,1.21178000,128.46700,1406.00
1673864100,0.00,20261000,0,866,0,0.01,128.53100000,127.21600000,128.46700,0.00
1673906400,30.00,20261000,1,866,1,0.01,128.56100000,127.21600000,128.46700,30.00
1673948700,0.00,20261001,0,868,0,0.01,157.31200000,156.38200000,128.02000,0.00
1673992800,215.00,20261001,1,868,1,0.01,157.52700000,156.38200000,128.02000,215.00
1674553500,0.00,20261000,0,870,1,0.01,129.78600000,130.72700000,130.15200,0.00
1674554400,0.00,20261001,0,871,1,0.01,161.07800000,161.76700000,130.15200,0.00
1674578758,-941.00,20261000,1,870,0,0.01,130.72700000,130.72700000,130.15200,-941.00
1674597600,631.00,20261001,1,871,0,0.01,160.44700000,161.76700000,130.15200,631.00
1674729900,0.00,20261001,0,874,0,0.06,160.84400000,160.00200000,130.21000,0.00
1674730800,0.00,20261000,0,875,0,0.02,129.81300000,129.02100000,130.21000,0.00
1674770400,820.00,20261000,1,875,1,0.02,130.22300000,129.02100000,130.21000,820.00
1674770400,4398.00,20261001,1,874,1,0.06,161.57700000,160.00200000,130.21000,4398.00
1674815400,0.00,20261001,0,878,1,0.01,160.70800000,161.57600000,129.82100,0.00
1674856800,-287.00,20261001,1,878,0,0.01,160.99500000,161.57600000,129.82100,-287.00
1675161000,0.00,20261001,0,880,1,0.01,160.55700000,161.19300000,130.04500,0.00
1675177200,0.00,20260605,0,881,1,0.01,1.08260000,1.08510000,130.04500,0.00
1675179031,-327.00,20260605,1,881,0,0.01,1.08511000,1.08510000,130.04500,-327.00
1675202400,145.00,20261001,1,880,0,0.01,160.41200000,161.19300000,130.04500,145.00
1675425600,0.00,20260774,0,884,0,0.01,1.22467000,1.21967000,131.16900,0.00
1675438229,-652.00,20260774,1,884,1,0.01,1.21966000,1.21967000,131.16900,-652.00
1675440000,0.00,20260605,0,886,1,0.01,1.08395000,1.08645000,131.16900,0.00
1675440000,0.00,20260774,0,887,1,0.01,1.21271000,1.21771000,131.16900,0.00
1675442790,-326.00,20260605,1,886,0,0.01,1.08645000,1.08645000,131.16900,-326.00
1675705471,1432.00,20260774,1,887,0,0.01,1.20170000,1.21771000,132.63200,1432.00
1675766700,0.00,20261000,0,890,1,0.01,131.81400000,132.70700000,131.02300,0.00
1675807200,719.00,20261000,1,890,0,0.01,131.09500000,132.70700000,131.02300,719.00
1675851300,0.00,20261001,0,892,0,0.01,158.35500000,157.60900000,131.32700,0.00
1675893600,209.00,20261001,1,892,1,0.01,158.56400000,157.60900000,131.32700,209.00
1675929600,0.00,20260610,0,894,0,0.01,131.37800000,130.87800000,131.54000,0.00
1675939237,-500.00,20260610,1,894,1,0.01,130.87800000,130.87800000,131.54000,-500.00
1675958400,0.00,20260610,0,896,1,0.01,130.40100000,130.90100000,131.54000,0.00
1675958400,0.00,20260774,0,897,0,0.01,1.21927000,1.21427000,131.54000,0.00
1675963756,-500.00,20260610,1,896,0,0.01,130.90100000,130.90100000,131.54000,-500.00
1675967500,-656.00,20260774,1,897,1,0.01,1.21426000,1.21427000,131.54000,-656.00
1676021400,0.00,20261000,0,900,1,0.02,130.88600000,131.88300000,131.36700,0.00
1676028600,0.00,20261001,0,901,1,0.01,158.89100000,159.63100000,131.36700,0.00
1676066400,-1248.00,20261000,1,900,0,0.02,131.51000000,131.88300000,131.36700,-1248.00
1676066400,429.00,20261001,1,901,0,0.01,158.46200000,159.63100000,131.36700,429.00
1676275200,0.00,20260610,0,904,0,0.01,132.18900000,131.68900000,132.36900,0.00
1676285100,0.00,20261001,0,905,0,0.01,159.54300000,158.21800000,132.36900,0.00
1676287800,0.00,20261000,0,906,0,0.01,132.57200000,131.19000000,132.36900,0.00
1676325600,-107.00,20261000,1,906,1,0.01,132.46500000,131.19000000,132.36900,-107.00
1676325600,1163.00,20261001,1,905,1,0.01,160.70600000,158.21800000,132.36900,1163.00
1676388759,-499.00,20260610,1,904,1,0.01,131.68700000,131.68900000,133.09600,-499.00
1676404800,0.00,20260774,0,910,1,0.01,1.21707000,1.22207000,133.09600,0.00
1676453400,0.00,20261001,0,911,1,0.01,161.23900000,162.04300000,134.13400,0.00
1676469569,1447.00,20260774,1,910,0,0.01,1.20607000,1.22207000,134.13400,1447.00
1676498400,-60.00,20261001,1,911,0,0.01,161.29900000,162.04300000,134.13400,-60.00
1677236400,0.00,20261000,0,914,0,0.02,135.06800000,134.05300000,136.47300,0.00
1677276000,2726.00,20261000,1,914,1,0.02,136.43100000,134.05300000,136.47300,2726.00
1677579300,0.00,20261001,0,916,0,0.01,164.58800000,163.97600000,136.10200,0.00
1677598411,1231.00,20261001,1,916,1,0.01,165.81900000,163.97600000,136.10200,1231.00
1677663000,0.00,20261001,0,918,0,0.01,164.41100000,163.44100000,136.13800,0.00
1677673900,-970.00,20261001,1,918,1,0.01,163.44100000,163.44100000,136.13800,-970.00
1677697200,0.00,20260605,0,920,0,0.01,1.06738000,1.06488000,136.13800,0.00
1677704614,-342.00,20260605,1,920,1,0.01,1.06487000,1.06488000,136.13800,-342.00
1677762000,0.00,20260605,0,922,1,0.01,1.06137000,1.06387000,136.75200,0.00
1677843000,0.00,20261000,0,923,1,0.01,136.17800000,136.77000000,135.81600,0.00
1677880800,338.00,20261000,1,923,0,0.01,135.84000000,136.77000000,135.81600,338.00
1677881132,-337.00,20260605,1,922,0,0.01,1.06387000,1.06387000,135.81600,-337.00
1678107600,0.00,20260605,0,926,0,0.01,1.06286000,1.06036000,135.90600,0.00
1678181400,0.00,20261000,0,927,1,0.02,135.70300000,136.17700000,137.14800,0.00
1678185000,0.00,20261001,0,928,1,0.06,163.24900000,163.85700000,137.14800,0.00
1678199310,-948.00,20261000,1,927,0,0.02,136.17700000,136.17700000,137.14800,-948.00
1678208686,-356.00,20260605,1,926,1,0.01,1.06032000,1.06036000,137.14800,-356.00
1678222800,0.00,20260605,0,931,1,0.01,1.05554000,1.05804000,137.14800,0.00
1678226400,6330.00,20261001,1,928,0,0.06,162.19400000,163.85700000,137.14800,6330.00
1678358700,0.00,20261000,0,933,1,0.01,136.28100000,137.33900000,136.13400,0.00
1678360500,0.00,20261001,0,934,1,0.01,161.89100000,162.64200000,136.13400,0.00
1678368395,-334.00,20260605,1,931,0,0.01,1.05804000,1.05804000,136.13400,-334.00
1678374000,0.00,20260605,0,936,1,0.01,1.05591000,1.05841000,136.13400,0.00
1678380443,-340.00,20260605,1,936,0,0.01,1.05841000,1.05841000,136.13400,-340.00
1678399200,116.00,20261000,1,933,0,0.01,136.16500000,137.33900000,136.13400,116.00
1678399200,-285.00,20261001,1,934,0,0.01,162.17600000,162.64200000,136.13400,-285.00
1678464000,0.00,20260605,0,940,0,0.01,1.06220000,1.05970000,135.05600,0.00
1678686990,1420.00,20260605,1,940,1,0.01,1.07270000,1.05970000,133.18100,1420.00
1678872600,0.00,20261001,0,942,0,0.01,163.73400000,162.96900000,133.36000,0.00
1678876200,0.00,20261000,0,943,0,0.01,134.87100000,134.03100000,133.36000,0.00
1678883556,-765.00,20261001,1,942,1,0.01,162.96900000,162.96900000,133.36000,-765.00
1678884040,-840.00,20261000,1,943,1,0.01,134.03100000,134.03100000,133.36000,-840.00
1678914000,0.00,20260605,0,946,1,0.01,1.05564000,1.05814000,133.36000,0.00
1678915712,-355.00,20260605,1,946,0,0.01,1.05829000,1.05814000,133.36000,-355.00
1679032800,0.00,20260605,0,948,0,0.01,1.06339000,1.06089000,131.79800,0.00
1679305500,0.00,20261000,0,949,1,0.02,131.39000000,132.65100000,131.31300,0.00
1679349600,162.00,20261000,1,949,0,0.02,131.30900000,132.65100000,131.31300,162.00
1679396400,0.00,20261000,0,951,0,0.02,131.86900000,131.03200000,132.47800,0.00
1679398200,0.00,20261001,0,952,0,0.06,161.80600000,160.75200000,132.47800,0.00
1679401895,1368.00,20260605,1,948,1,0.01,1.07389000,1.06089000,132.47800,1368.00
1679436000,1358.00,20261000,1,951,1,0.02,132.54800000,131.03200000,132.47800,1358.00
1679436000,690.00,20261001,1,952,1,0.06,161.92100000,160.75200000,132.47800,690.00
1679657400,0.00,20261001,0,956,1,0.01,159.56400000,160.83600000,130.71200,0.00
1679673600,0.00,20260610,0,957,1,0.01,130.16000000,130.66000000,130.71200,0.00
1679677380,-501.00,20260610,1,957,0,0.01,130.66100000,130.66000000,130.71200,-501.00
1679695200,-281.00,20261001,1,956,0,0.01,159.84500000,160.83600000,130.71200,-281.00
1679909400,0.00,20261000,0,960,0,0.01,131.28300000,130.45000000,131.54100,0.00
1679909400,0.00,20261001,0,961,0,0.01,160.51400000,159.42500000,131.54100,0.00
1679954400,286.00,20261000,1,960,1,0.01,131.56900000,130.45000000,131.54100,286.00
1679954400,1176.00,20261001,1,961,1,0.01,161.69000000,159.42500000,131.54100,1176.00
1680084900,0.00,20261001,0,964,0,0.01,162.50400000,161.33700000,132.84500,0.00
1680127200,863.00,20261001,1,964,1,0.01,163.36700000,161.33700000,132.84500,863.00
1680519600,0.00,20261001,0,966,0,0.06,164.56600000,163.42600000,132.39200,0.00
1680559200,-1914.00,20261001,1,966,1,0.06,164.24700000,163.42600000,132.39200,-1914.00
1680580800,0.00,20260610,0,968,1,0.01,132.55600000,133.05600000,131.68800,0.00
1680610933,-501.00,20260610,1,968,0,0.01,133.05700000,133.05600000,131.68800,-501.00
1680638400,0.00,20260610,0,970,1,0.01,131.61900000,132.11900000,131.68800,0.00
1680649200,0.00,20260605,0,971,0,0.01,1.09576000,1.09326000,131.68800,0.00
1680694200,0.00,20261001,0,972,1,0.01,163.79000000,164.67300000,131.30200,0.00
1680714617,-341.00,20260605,1,971,1,0.01,1.09323000,1.09326000,131.30200,-341.00
1680732000,481.00,20261001,1,972,0,0.01,163.30900000,164.67300000,131.30200,481.00
1680774300,0.00,20261001,0,975,0,0.06,163.69300000,162.89300000,131.75800,0.00
1680818400,2082.00,20261001,1,975,1,0.06,164.04000000,162.89300000,131.75800,2082.00
1680881440,-599.00,20260610,1,970,0,0.01,132.12200000,132.11900000,132.15900,-599.00
1681209900,0.00,20261000,0,978,1,0.01,133.06300000,133.68900000,133.64100,0.00
1681239919,-626.00,20261000,1,978,0,0.01,133.68900000,133.68900000,133.64100,-626.00
1681311600,0.00,20260605,0,980,0,0.01,1.09230000,1.08980000,133.12500,0.00
1681389150,1395.00,20260605,1,980,1,0.01,1.10281000,1.08980000,132.56700,1395.00
1681754400,0.00,20260605,0,982,1,0.01,1.09141000,1.09391000,134.42500,0.00
1681798475,-333.00,20260605,1,982,0,0.01,1.09392000,1.09391000,134.09500,-333.00
1681812000,0.00,20260605,0,984,0,0.01,1.09492000,1.09242000,134.09500,0.00
1681813800,0.00,20261001,0,985,0,0.01,166.86100000,166.15700000,134.09500,0.00
1681855200,-235.00,20261001,1,985,1,0.01,166.62600000,166.15700000,134.09500,-235.00
1681895700,0.00,20261000,0,987,0,0.01,134.61200000,133.95100000,134.69300,0.00
1681914390,-347.00,20260605,1,984,1,0.01,1.09242000,1.09242000,134.69300,-347.00
1681941600,111.00,20261000,1,987,1,0.01,134.72300000,133.95100000,134.69300,111.00
1681983900,0.00,20261000,0,990,1,0.02,134.40600000,134.97100000,134.21900,0.00
1682028000,138.00,20261000,1,990,0,0.02,134.33700000,134.97100000,134.21900,138.00
1682075700,0.00,20261001,0,992,1,0.01,166.22200000,167.06200000,134.11900,0.00
1682114400,-611.00,20261001,1,992,0,0.01,166.83300000,167.06200000,134.11900,-611.00
1682419500,0.00,20261001,0,994,1,0.01,167.18600000,167.95900000,133.72000,0.00
1682456644,1546.00,20261001,1,994,0,0.01,165.64000000,167.95900000,133.72000,1546.00
1682460000,0.00,20260605,0,996,1,0.01,1.09721000,1.09971000,133.72000,0.00
1682501552,-336.00,20260605,1,996,0,0.01,1.09973000,1.09971000,133.65500,-336.00
1682503200,0.00,20261001,0,998,0,0.01,166.30500000,165.64700000,133.65500,0.00
1682539200,0.00,20260605,0,999,0,0.01,1.10414000,1.10164000,133.65500,0.00
1682546400,29.00,20261001,1,998,1,0.01,166.33400000,165.64700000,133.65500,29.00
1682609681,-346.00,20260605,1,999,1,0.01,1.10164000,1.10164000,133.90900,-346.00
1682697600,0.00,20260610,0,1002,0,0.01,136.06800000,135.56800000,136.27000,0.00
1682960713,1103.00,20260610,1,1002,1,0.01,137.16800000,135.56800000,137.47800,1103.00
1683032400,0.00,20260605,0,1004,1,0.01,1.09525000,1.09775000,136.53400,0.00
1683048853,-343.00,20260605,1,1004,0,0.01,1.09775000,1.09775000,136.53400,-343.00
1683068400,0.00,20260605,0,1006,0,0.01,1.10061000,1.09811000,136.53400,0.00
1683108900,0.00,20261000,0,1007,1,0.01,135.73900000,136.60100000,134.67300,0.00
1683151200,280.00,20261000,1,1007,0,0.01,135.45900000,136.60100000,134.67300,280.00
1683248400,32.00,20260605,1,1006,1,0.01,1.10107000,1.09811000,134.82000,32.00
1683248400,0.00,20260605,0,1010,1,0.01,1.10107000,1.10357000,134.82000,0.00
1683252000,-146.00,20260605,1,1010,0,0.01,1.10215000,1.10357000,134.82000,-146.00
1683252000,0.00,20260605,0,1012,0,0.01,1.10215000,1.09965000,134.82000,0.00
1683300614,-340.00,20260605,1,1012,1,0.01,1.09964000,1.09965000,134.82000,-340.00
1683313200,0.00,20260605,0,1014,0,0.01,1.10249000,1.09999000,134.82000,0.00
1683591030,-374.00,20260605,1,1014,1,0.01,1.09988000,1.09999000,135.13900,-374.00
1683630900,0.00,20261001,0,1016,1,0.01,170.04800000,170.61400000,135.13900,0.00
1683662400,0.00,20260627,0,1017,0,0.01,170.58400000,169.50500000,135.13900,0.00
1683665553,-566.00,20261001,1,1016,0,0.01,170.61400000,170.61400000,135.13900,-566.00
1683715500,0.00,20261001,0,1019,0,0.01,170.90900000,170.36800000,134.28900,0.00
1683732629,-541.00,20261001,1,1019,1,0.01,170.36800000,170.36800000,134.28900,-541.00
1683748719,-1073.00,20260627,1,1017,1,0.01,169.50400000,169.50500000,134.28900,-1073.00
1683802800,0.00,20261000,0,1022,0,0.01,134.55900000,133.89000000,134.37800,0.00
1683819028,-670.00,20261000,1,1022,1,0.01,133.88900000,133.89000000,134.37800,-670.00
1683884700,0.00,20261001,0,1024,0,0.01,168.76000000,168.06400000,135.71200,0.00
1683888300,0.00,20261000,0,1025,0,0.01,134.87200000,134.29800000,135.71200,0.00
1683928800,818.00,20261000,1,1025,1,0.01,135.69000000,134.29800000,135.71200,818.00
1683928800,145.00,20261001,1,1024,1,0.01,168.90500000,168.06400000,135.71200,145.00
1684320300,0.00,20261000,0,1028,0,0.01,136.94900000,136.30100000,137.66100,0.00
1684360800,649.00,20261000,1,1028,1,0.01,137.59800000,136.30100000,137.66100,649.00
1684404000,0.00,20261001,0,1030,1,0.01,171.36400000,171.93900000,138.69100,0.00
1684409400,0.00,20261000,0,1031,0,0.02,137.89000000,137.28700000,138.69100,0.00
1684427860,-575.00,20261001,1,1030,0,0.01,171.93900000,171.93900000,138.69100,-575.00
1684447200,1530.00,20261000,1,1031,1,0.02,138.65500000,137.28700000,138.69100,1530.00
1684488600,0.00,20261000,0,1034,1,0.01,138.07100000,138.70300000,137.95400,0.00
1684492200,0.00,20261001,0,1035,1,0.01,171.38300000,172.12900000,137.95400,0.00
1684506626,-746.00,20261001,1,1035,0,0.01,172.12900000,172.12900000,137.95400,-746.00
1684533600,-4.00,20261000,1,1034,0,0.01,138.07500000,138.70300000,137.95400,-4.00
1684728000,0.00,20260774,0,1038,1,0.01,1.24663000,1.25163000,138.58400,0.00
1684838700,0.00,20261001,0,1039,1,0.01,171.95200000,172.62300000,138.57100,0.00
1684879200,-26.00,20261001,1,1039,0,0.01,171.97800000,172.62300000,138.57100,-26.00
1684929600,0.00,20260622,0,1041,0,0.01,138.57800000,137.71200000,139.44200,0.00
1684986758,1534.00,20260774,1,1038,0,0.01,1.23559000,1.25163000,140.04100,1534.00
1685098800,0.00,20261000,0,1043,1,0.01,139.53000000,140.10200000,140.57700,0.00
1685115161,-573.00,20261000,1,1043,0,0.01,140.10300000,140.10200000,140.57700,-573.00
1685115580,1738.00,20260622,1,1041,1,0.01,140.31000000,137.71200000,140.57700,1738.00
1685390400,0.00,20260627,0,1046,0,0.01,173.47300000,172.47600000,140.42200,0.00
1685439000,0.00,20261000,0,1047,0,0.01,140.90100000,139.96200000,139.77300,0.00
1685455999,-939.00,20261000,1,1047,1,0.01,139.96200000,139.96200000,139.77300,-939.00
1685611800,0.00,20261001,0,1049,0,0.01,173.63000000,172.96100000,138.78200,0.00
1685615400,0.00,20261000,0,1050,0,0.01,139.88100000,138.95700000,138.78200,0.00
1685635200,0.00,20260774,0,1051,0,0.01,1.24848000,1.24348000,138.78200,0.00
1685637136,-925.00,20261000,1,1050,1,0.01,138.95600000,138.95700000,138.78200,-925.00
1685656800,292.00,20261001,1,1049,1,0.01,173.92200000,172.96100000,138.78200,292.00
1685736000,-494.00,20260774,1,1051,1,0.01,1.24493000,1.24348000,139.95500,-494.00
1685736000,0.00,20260774,0,1055,1,0.01,1.24493000,1.24993000,139.95500,0.00
1685966400,0.00,20260622,0,1056,0,0.01,140.26700000,139.31900000,139.56600,0.00
1685984801,-948.00,20260622,1,1056,1,0.01,139.31900000,139.31900000,139.56600,-948.00
1686099600,0.00,20260650,0,1058,0,0.03,93.12600000,0.00000000,140.06600,0.00
1686132900,0.00,20261001,0,1059,1,0.01,172.76400000,173.53300000,140.06600,0.00
1686144445,-770.00,20261001,1,1059,0,0.01,173.53400000,173.53300000,140.06600,-770.00
1686157084,-703.00,20260774,1,1055,0,0.01,1.24993000,1.24993000,140.06600,-703.00
1686164400,0.00,20260605,0,1062,1,0.01,1.07011000,1.07261000,140.06600,0.00
1686225083,-347.00,20260605,1,1062,0,0.01,1.07262000,1.07261000,138.91000,-347.00
1686236400,0.00,20260605,0,1064,0,0.01,1.07360000,1.07110000,138.91000,0.00
1686304800,0.00,20261001,0,1065,0,0.01,175.08800000,174.18000000,139.36200,0.00
1686305700,0.00,20261000,0,1066,0,0.01,139.53700000,138.75700000,139.36200,0.00
1686312000,0.00,20260622,0,1067,0,0.01,139.66200000,138.80600000,139.36200,0.00
1686348000,-140.00,20261000,1,1066,1,0.01,139.39700000,138.75700000,139.36200,-140.00
1686348000,222.00,20261001,1,1065,1,0.01,175.31000000,174.18000000,139.36200,222.00
1686565800,0.00,20261001,0,1070,0,0.01,175.56600000,174.97300000,139.58800,0.00
1686577521,-593.00,20261001,1,1070,1,0.01,174.97300000,174.97300000,139.58800,-593.00
1686760716,1424.00,20260605,1,1064,1,0.01,1.08410000,1.07110000,140.02500,1424.00
1686798862,4083.00,20260627,1,1046,1,0.01,177.46500000,172.47600000,140.25600,4083.00
1686801600,0.00,20260627,0,1074,0,0.01,177.69400000,176.61000000,140.25600,0.00
1686816098,1724.00,20260622,1,1067,1,0.01,141.37400000,138.80600000,140.25600,1724.00
1686909600,0.00,20261000,0,1076,0,0.01,140.97900000,139.85200000,141.87200,0.00
1686950666,4342.00,20260627,1,1074,1,0.01,182.02900000,176.61000000,141.87200,4342.00
1686952800,813.00,20261000,1,1076,1,0.01,141.79200000,139.85200000,141.87200,813.00
1687339800,0.00,20261000,0,1079,0,0.01,141.99600000,141.28100000,141.85500,0.00
1687342500,0.00,20261001,0,1080,0,0.01,181.09500000,180.31400000,141.85500,0.00
1687351324,-781.00,20261001,1,1080,1,0.01,180.31400000,180.31400000,141.85500,-781.00
1687384800,-209.00,20261000,1,1079,1,0.01,141.78700000,141.28100000,141.85500,-209.00
1687464000,0.00,20260622,0,1083,0,0.01,142.99100000,142.19800000,143.10000,0.00
1687518000,0.00,20261001,0,1084,1,0.01,181.60200000,182.51000000,143.70700,0.00
1687540143,-908.00,20261001,1,1084,0,0.01,182.51000000,182.51000000,143.70700,-908.00
1687776300,0.00,20261000,0,1086,1,0.01,143.06300000,143.70700000,143.49900,0.00
1687801925,-645.00,20261000,1,1086,0,0.01,143.70800000,143.70700000,143.49900,-645.00
1687865400,0.00,20261001,0,1088,0,0.01,182.95000000,182.21800000,144.05900,0.00
1687903200,716.00,20261001,1,1088,1,0.01,183.66600000,182.21800000,144.05900,716.00
1687971600,0.00,20260605,0,1090,0,0.01,1.09350000,1.09100000,144.46900,0.00
1687974448,-361.00,20260605,1,1090,1,0.01,1.09100000,1.09100000,144.46900,-361.00
1687974975,1598.00,20260622,1,1083,1,0.01,144.57700000,142.19800000,144.46900,1598.00
1687975200,0.00,20260605,0,1093,1,0.01,1.08985000,1.09235000,144.46900,0.00
1687988919,-361.00,20260605,1,1093,0,0.01,1.09235000,1.09235000,144.46900,-361.00
1688118300,0.00,20261000,0,1095,1,0.01,144.48200000,145.06800000,144.28500,0.00
1688162400,181.00,20261000,1,1095,0,0.01,144.30100000,145.06800000,144.28500,181.00
1688356800,0.00,20260622,0,1097,0,0.02,144.45000000,143.70800000,144.63500,0.00
1688374800,0.00,20260605,0,1098,1,0.01,1.09031000,1.09281000,144.63500,0.00
1688382000,0.00,20261000,0,1099,0,0.01,144.83500000,144.22000000,144.63500,0.00
1688403624,-615.00,20261000,1,1099,1,0.01,144.22000000,144.22000000,144.63500,-615.00
1688403628,-360.00,20260605,1,1098,0,0.01,1.09281000,1.09281000,144.63500,-360.00
1688632453,-1466.00,20260622,1,1097,1,0.02,143.70800000,143.70800000,144.05500,-1466.00
1688659200,0.00,20260627,0,1103,0,0.01,183.80700000,182.68000000,144.05500,0.00
1688666400,0.00,20260605,0,1104,1,0.01,1.08679000,1.08929000,144.05500,0.00
1688687381,-359.00,20260605,1,1104,0,0.01,1.08929000,1.08929000,144.05500,-359.00
1688723495,-1121.00,20260627,1,1103,1,0.01,182.67900000,182.68000000,142.08900,-1121.00
1688724000,0.00,20261000,0,1107,1,0.01,143.39900000,144.19600000,142.08900,0.00
1688745600,0.00,20260605,0,1108,0,0.01,1.09121000,1.08871000,142.08900,0.00
1688767200,1265.00,20261000,1,1107,0,0.01,142.13400000,144.19600000,142.08900,1265.00
1689054917,1470.00,20260605,1,1108,1,0.01,1.10171000,1.08871000,140.35000,1470.00
1689155100,0.00,20261001,0,1111,1,0.01,180.63900000,181.52900000,138.48300,0.00
1689199200,905.00,20261001,1,1111,0,0.01,179.73400000,181.52900000,138.48300,905.00
1689235200,0.00,20260610,0,1113,1,0.01,138.52300000,139.02300000,138.03200,0.00
1689309461,1069.00,20260610,1,1113,0,0.01,137.42200000,139.02300000,138.78400,1069.00
1689328800,0.00,20261000,0,1115,0,0.02,138.35200000,137.23800000,138.78400,0.00
1689330600,0.00,20261001,0,1116,0,0.06,181.35800000,180.19500000,138.78400,0.00
1689372000,934.00,20261000,1,1115,1,0.02,138.81900000,137.23800000,138.78400,934.00
1689372000,3216.00,20261001,1,1116,1,0.06,181.89400000,180.19500000,138.78400,3216.00
1689588000,0.00,20261001,0,1119,1,0.01,181.12100000,181.80600000,138.70000,0.00
1689611404,-686.00,20261001,1,1119,0,0.01,181.80700000,181.80600000,138.70000,-686.00
1689675300,0.00,20261001,0,1121,1,0.01,181.09500000,181.65100000,138.81900,0.00
1689678900,0.00,20261000,0,1122,1,0.01,138.14400000,138.92500000,138.81900,0.00
1689699902,-558.00,20261001,1,1121,0,0.01,181.65300000,181.65100000,138.81900,-558.00
1689699915,-782.00,20261000,1,1122,0,0.01,138.92600000,138.92500000,138.81900,-782.00
1689759900,0.00,20261000,0,1125,0,0.01,139.62100000,138.75300000,139.53300,0.00
1689760800,0.00,20261001,0,1126,1,0.06,180.75600000,181.62400000,139.53300,0.00
1689764400,0.00,20260629,0,1127,1,0.01,1.12266000,0.00000000,139.53300,0.00
1689764400,0.00,20260629,0,1128,0,0.01,1.29486000,0.00000000,139.53300,0.00
1689804000,-4.00,20261000,1,1125,1,0.01,139.61700000,138.75300000,139.53300,-4.00
1689804000,1410.00,20261001,1,1126,0,0.06,180.52100000,181.62400000,139.53300,1410.00
1689931800,0.00,20261001,0,1131,0,0.01,180.74900000,179.90600000,141.82200,0.00
1689936300,0.00,20261000,0,1132,0,0.01,141.06900000,139.74700000,141.82200,0.00
1689939761,1686.00,20261001,1,1131,1,0.01,182.43500000,179.90600000,141.82200,1686.00
1689940800,0.00,20260610,0,1134,0,0.01,141.91700000,141.41700000,141.82200,0.00
1689942195,-501.00,20260610,1,1134,1,0.01,141.41600000,141.41700000,141.82200,-501.00
1689955200,0.00,20260610,0,1136,1,0.01,141.37200000,141.87200000,141.82200,0.00
1689959500,-501.00,20260610,1,1136,0,0.01,141.87300000,141.87200000,141.82200,-501.00
1689976800,741.00,20261000,1,1132,1,0.01,141.81000000,139.74700000,141.82200,741.00
1690196400,0.00,20261001,0,1139,1,0.06,181.70200000,182.34000000,141.46500,0.00
1690236000,1812.00,20261001,1,1139,0,0.06,181.40000000,182.34000000,141.46500,1812.00
1690264800,0.00,20260605,0,1141,1,0.01,1.10804000,1.11054000,140.89000,0.00
1690390800,-486.00,20260629,1,1128,1,0.01,1.29147000,0.00000000,140.22700,-486.00
1690390800,2302.00,20260629,1,1127,0,0.01,1.10653000,0.00000000,140.22700,2302.00
1690408805,-363.00,20260605,1,1141,0,0.01,1.11062000,1.11054000,140.22700,-363.00
1690516800,0.00,20260610,0,1145,1,0.01,139.47500000,139.97500000,141.15000,0.00
1690525711,-500.00,20260610,1,1145,0,0.01,139.97500000,139.97500000,141.15000,-500.00
1690531200,0.00,20260610,0,1147,1,0.01,138.76300000,139.26300000,141.15000,0.00
1690534661,-500.00,20260610,1,1147,0,0.01,139.26300000,139.26300000,141.15000,-500.00
1690790400,0.00,20260610,0,1149,0,0.01,141.88500000,141.38500000,142.25800,0.00
1690800300,0.00,20261000,0,1150,0,0.01,142.16900000,140.69100000,142.25800,0.00
1690840800,103.00,20261000,1,1150,1,0.01,142.27200000,140.69100000,142.25800,103.00
1690902090,1103.00,20260610,1,1149,1,0.01,142.98500000,141.38500000,143.31800,1103.00
1690968600,0.00,20261001,0,1153,1,0.01,182.24700000,183.12500000,143.31500,0.00
1690975800,0.00,20261000,0,1154,1,0.01,142.29500000,143.34600000,143.31500,0.00
1690995678,-1051.00,20261000,1,1154,0,0.01,143.34600000,143.34600000,143.31500,-1051.00
1691013600,5.00,20261001,1,1153,0,0.01,182.24200000,183.12500000,143.31500,5.00
1691060400,0.00,20261000,0,1157,1,0.02,142.90600000,143.89000000,142.51300,0.00
1691064000,0.00,20260774,0,1158,1,0.01,1.26753000,1.27253000,142.51300,0.00
1691100000,394.00,20261000,1,1157,0,0.02,142.70900000,143.89000000,142.51300,394.00
1691121593,-716.00,20260774,1,1158,0,0.01,1.27253000,1.27253000,141.75200,-716.00
1691607600,0.00,20260605,0,1161,1,0.01,1.09740000,1.09990000,143.70400,0.00
1691647200,-73.00,20260605,1,1161,0,0.01,1.09793000,1.09990000,144.71500,-73.00
1691647200,0.00,20260605,0,1163,0,0.01,1.09793000,1.09543000,144.71500,0.00
1691659800,0.00,20261001,0,1164,0,0.01,183.30700000,182.63400000,144.71500,0.00
1691704800,383.00,20261001,1,1164,1,0.01,183.69000000,182.63400000,144.71500,383.00
1691769600,-172.00,20260605,1,1163,1,0.01,1.09680000,1.09543000,144.93000,-172.00
1691769600,0.00,20260605,0,1167,1,0.01,1.09680000,1.09930000,144.93000,0.00
1692246602,1510.00,20260605,1,1167,0,0.01,1.08630000,1.09930000,145.82100,1510.00
1692355500,0.00,20261000,0,1169,1,0.01,145.17500000,145.85100000,145.36100,0.00
1692358200,0.00,20261001,0,1170,1,0.01,185.06900000,185.90500000,145.36100,0.00
1692396000,-134.00,20261000,1,1169,0,0.01,145.30900000,145.85100000,145.36100,-134.00
1692396000,-95.00,20261001,1,1170,0,0.01,185.16400000,185.90500000,145.36100,-95.00
1692702900,0.00,20261000,0,1173,1,0.01,145.67700000,146.39900000,145.87400,0.00
1692720000,0.00,20260774,0,1174,1,0.01,1.27421000,1.27921000,145.87400,0.00
1692741600,-181.00,20261000,1,1173,0,0.01,145.85800000,146.39900000,145.87400,-181.00
1692786600,0.00,20261001,0,1176,0,0.01,185.83500000,185.39500000,144.82000,0.00
1692786700,-440.00,20261001,1,1176,1,0.01,185.39500000,185.39500000,144.82000,-440.00
1692797438,1602.00,20260774,1,1174,0,0.01,1.26321000,1.27921000,144.82000,1602.00
1692874800,0.00,20261000,0,1179,0,0.01,145.33200000,144.60000000,145.80500,0.00
1692914400,526.00,20261000,1,1179,1,0.01,145.85800000,144.60000000,145.80500,526.00
1693310400,0.00,20260622,0,1181,0,0.02,146.51500000,145.91300000,145.86000,0.00
1693334103,-1204.00,20260622,1,1181,1,0.02,145.91300000,145.91300000,145.86000,-1204.00
1693371600,0.00,20260605,0,1183,0,0.01,1.08691000,1.08441000,146.21300,0.00
1693387800,0.00,20261001,0,1184,0,0.01,184.79000000,184.12900000,146.21300,0.00
1693391400,0.00,20261000,0,1185,0,0.01,146.48000000,145.70300000,146.21300,0.00
1693396800,0.00,20260622,0,1186,0,0.01,146.44600000,145.63800000,146.21300,0.00
1693413066,-777.00,20261000,1,1185,1,0.01,145.70300000,145.70300000,146.21300,-777.00
1693413095,-809.00,20260622,1,1186,1,0.01,145.63700000,145.63800000,146.21300,-809.00
1693432800,1101.00,20261001,1,1184,1,0.01,185.89100000,184.12900000,146.21300,1101.00
1693477800,0.00,20261001,0,1190,1,0.01,185.30600000,186.00300000,145.51800,0.00
1693500446,-375.00,20260605,1,1183,1,0.01,1.08441000,1.08441000,145.51800,-375.00
1693504800,0.00,20260605,0,1192,0,0.01,1.08551000,1.08301000,145.51800,0.00
1693508400,-243.00,20260605,1,1192,1,0.01,1.08384000,1.08301000,145.51800,-243.00
1693508400,0.00,20260605,0,1194,1,0.01,1.08384000,1.08634000,145.51800,0.00
1693519200,1116.00,20261001,1,1190,0,0.01,184.19000000,186.00300000,145.51800,1116.00
1693582241,-363.00,20260605,1,1194,0,0.01,1.08635000,1.08634000,146.24600,-363.00
1693822500,0.00,20261001,0,1197,0,0.01,184.53300000,183.80600000,146.46100,0.00
1693864800,511.00,20261001,1,1197,1,0.01,185.04400000,183.80600000,146.46100,511.00
1693910700,0.00,20261000,0,1199,0,0.01,147.02000000,146.35200000,147.70200,0.00
1693951200,738.00,20261000,1,1199,1,0.01,147.75800000,146.35200000,147.70200,738.00
1694171700,0.00,20261001,0,1201,0,0.01,184.20900000,183.05900000,147.78500,0.00
1694174400,0.00,20260622,0,1202,0,0.01,147.41300000,146.59700000,147.78500,0.00
1694210400,-148.00,20261001,1,1201,1,0.01,184.06100000,183.05900000,147.78500,-148.00
1694410464,-814.00,20260622,1,1202,1,0.01,146.59600000,146.59700000,146.56300,-814.00
1694424600,0.00,20261001,0,1205,1,0.01,182.84200000,183.78700000,146.56300,0.00
1694436758,-945.00,20261001,1,1205,0,0.01,183.78700000,183.78700000,146.56300,-945.00
1694518200,0.00,20261001,0,1207,1,0.06,183.15700000,183.79300000,147.07500,0.00
1694550903,-3816.00,20261001,1,1207,0,0.06,183.79300000,183.79300000,147.07500,-3816.00
1694598300,0.00,20261001,0,1209,1,0.06,183.39400000,184.23600000,147.45000,0.00
1694620800,0.00,20260622,0,1210,0,0.02,147.43900000,146.72600000,147.45000,0.00
1694622315,-5058.00,20261001,1,1209,0,0.06,184.23700000,184.23600000,147.45000,-5058.00
1694773800,0.00,20261001,0,1212,0,0.01,183.54400000,182.76800000,147.81900,0.00
1694815200,-479.00,20261001,1,1212,1,0.01,183.06500000,182.76800000,147.81900,-479.00
1695229200,0.00,20260605,0,1214,0,0.01,1.07173000,1.06923000,148.31400,0.00
1695243689,-370.00,20260605,1,1214,1,0.01,1.06923000,1.06923000,148.31400,-370.00
1695247200,0.00,20260605,0,1216,1,0.01,1.06865000,1.07115000,148.31400,0.00
1695375900,0.00,20261000,0,1217,0,0.01,148.36700000,147.48700000,148.35400,0.00
1695376800,0.00,20261001,0,1218,0,0.01,182.18300000,181.20300000,148.35400,0.00
1695420000,19.00,20261000,1,1217,1,0.01,148.38600000,147.48700000,148.35400,19.00
1695420000,-542.00,20261001,1,1218,1,0.01,181.64100000,181.20300000,148.35400,-542.00
1695661779,2902.00,20260622,1,1210,1,0.02,148.86600000,146.72600000,148.86600,2902.00
1695662728,1574.00,20260605,1,1216,0,0.01,1.05814000,1.07115000,148.86600,1574.00
1695672000,0.00,20260622,0,1223,0,0.02,148.85100000,148.18300000,148.86600,0.00
1695720600,0.00,20261000,0,1224,0,0.01,149.13000000,148.70300000,149.03900,0.00
1695765600,-62.00,20261000,1,1224,1,0.01,149.06800000,148.70300000,149.03900,-62.00
1695980700,0.00,20261000,0,1226,1,0.01,148.84200000,149.50000000,149.34300,0.00
1696024800,-559.00,20261000,1,1226,0,0.01,149.40100000,149.50000000,149.34300,-559.00
1696243500,0.00,20261001,0,1228,0,0.01,182.64300000,182.08400000,149.84400,0.00
1696251160,-559.00,20261001,1,1228,1,0.01,182.08400000,182.08400000,149.84400,-559.00
1696353146,-1312.00,20260622,1,1223,1,0.02,148.17700000,148.18300000,148.97600,-1312.00
1696416300,0.00,20261000,0,1231,1,0.02,148.75000000,149.31800000,149.11000,0.00
1696456800,-580.00,20261000,1,1231,0,0.02,149.04000000,149.31800000,149.11000,-580.00
1696585500,0.00,20261000,0,1233,0,0.01,148.98700000,148.28000000,149.27500,0.00
1696586400,0.00,20261001,0,1234,0,0.01,181.28000000,180.77400000,149.27500,0.00
1696616022,1012.00,20261001,1,1234,1,0.01,182.29200000,180.77400000,149.27500,1012.00
1696618800,0.00,20260605,0,1236,0,0.01,1.05951000,1.05701000,149.27500,0.00
1696629600,352.00,20261000,1,1233,1,0.01,149.33900000,148.28000000,149.27500,352.00
1696809930,-658.00,20260605,1,1236,1,0.01,1.05518000,1.05701000,148.47900,-658.00
1696846500,0.00,20261001,0,1239,1,0.06,181.70400000,182.31300000,148.47900,0.00
1696849200,0.00,20260605,0,1240,1,0.01,1.05228000,1.05478000,148.47900,0.00
1696867301,-382.00,20260605,1,1240,0,0.01,1.05484000,1.05478000,148.47900,-382.00
1696888800,438.00,20261001,1,1239,0,0.06,181.63100000,182.31300000,148.47900,438.00
1696932000,0.00,20261000,0,1243,0,0.01,148.88900000,148.16200000,148.69900,0.00
1696934700,0.00,20261001,0,1244,0,0.01,182.17700000,181.54100000,148.69900,0.00
1696975200,-164.00,20261000,1,1243,1,0.01,148.72500000,148.16200000,148.69900,-164.00
1696975200,453.00,20261001,1,1244,1,0.01,182.63000000,181.54100000,148.69900,453.00
1697148000,0.00,20260605,0,1247,1,0.01,1.05266000,1.05516000,149.78900,0.00
1697176800,-293.00,20260605,1,1247,0,0.01,1.05465000,1.05516000,149.57100,-293.00
1697176800,0.00,20260605,0,1249,0,0.01,1.05465000,1.05215000,149.57100,0.00
1697203419,-372.00,20260605,1,1249,1,0.01,1.05215000,1.05215000,149.57100,-372.00
1697448600,0.00,20261001,0,1251,0,0.01,181.86200000,181.06000000,149.49400,0.00
1697493600,740.00,20261001,1,1251,1,0.01,182.60200000,181.06000000,149.49400,740.00
1697655600,0.00,20260605,0,1253,1,0.01,1.05311000,1.05561000,149.91000,0.00
1697724635,-370.00,20260605,1,1253,0,0.01,1.05562000,1.05561000,149.76200,-370.00
1697734800,0.00,20260605,0,1255,0,0.01,1.05752000,1.05502000,149.76200,0.00
1698124818,1529.00,20260605,1,1255,1,0.01,1.06802000,1.05502000,149.90200,1529.00
1698140700,0.00,20261001,0,1257,0,0.01,183.70900000,183.05500000,149.90200,0.00
1698142500,0.00,20261000,0,1258,1,0.01,149.39200000,149.78800000,149.90200,0.00
1698146246,-654.00,20261001,1,1257,1,0.01,183.05500000,183.05500000,149.90200,-654.00
1698155496,-396.00,20261000,1,1258,0,0.01,149.78800000,149.78800000,149.90200,-396.00
1698174000,0.00,20260605,0,1261,0,0.01,1.05941000,1.05691000,149.90200,0.00
1698236797,-390.00,20260605,1,1261,1,0.01,1.05688000,1.05691000,150.22300,-390.00
1698311700,0.00,20261000,0,1263,0,0.01,150.64700000,150.03800000,150.36100,0.00
1698313656,-609.00,20261000,1,1263,1,0.01,150.03800000,150.03800000,150.36100,-609.00
1698354000,0.00,20260605,0,1265,1,0.01,1.05504000,1.05754000,150.36100,0.00
1698422679,-372.00,20260605,1,1265,0,0.01,1.05754000,1.05754000,149.62400,-372.00
1698433200,0.00,20260605,0,1267,0,0.01,1.05916000,1.05666000,149.62400,0.00
1698438758,-375.00,20260605,1,1267,1,0.01,1.05666000,1.05666000,149.62400,-375.00
1698440400,0.00,20260605,0,1269,1,0.01,1.05670000,1.05920000,149.62400,0.00
1698677190,-374.00,20260605,1,1269,0,0.01,1.05921000,1.05920000,149.04100,-374.00
1698836400,0.00,20260605,0,1271,1,0.01,1.05646000,1.05896000,150.93900,0.00
1698894037,-372.00,20260605,1,1271,0,0.01,1.05896000,1.05896000,150.38300,-372.00
1698897600,0.00,20260605,0,1273,0,0.01,1.06021000,1.05771000,150.38300,0.00
1698923700,0.00,20261001,0,1274,1,0.01,182.96800000,183.54700000,150.38300,0.00
1698937231,-581.00,20261001,1,1274,0,0.01,183.54900000,183.54700000,150.38300,-581.00
1699026257,1570.00,20260605,1,1273,1,0.01,1.07075000,1.05771000,149.37800,1570.00
1699041600,0.00,20260629,0,1277,0,0.01,1.07396000,0.00000000,149.37800,0.00
1699041600,0.00,20260629,0,1278,1,0.01,1.23819000,0.00000000,149.37800,0.00
1699263900,0.00,20261001,0,1279,0,0.01,185.36900000,184.54100000,150.06200,0.00
1699308000,-130.00,20261001,1,1279,1,0.01,185.23900000,184.54100000,150.06200,-130.00
1699387200,0.00,20260774,0,1281,0,0.01,1.22722000,1.22222000,150.29900,0.00
1699564721,-763.00,20260774,1,1281,1,0.01,1.22215000,1.22222000,151.33300,-763.00
1699567200,2411.00,20260629,1,1278,0,0.01,1.22207000,0.00000000,151.33300,2411.00
1699567200,-1132.00,20260629,1,1277,1,0.01,1.06671000,0.00000000,151.33300,-1132.00
1699874100,0.00,20261001,0,1285,0,0.01,185.83900000,184.91900000,151.70700,0.00
1699912800,289.00,20261001,1,1285,1,0.01,186.12800000,184.91900000,151.70700,289.00
1699954200,0.00,20261001,0,1287,0,0.01,186.46100000,185.92100000,150.36500,0.00
1699979080,1080.00,20261001,1,1287,1,0.01,187.54100000,185.92100000,150.36500,1080.00
1700046900,0.00,20261001,0,1289,1,0.06,187.57200000,188.23400000,151.30500,0.00
1700085600,-2538.00,20261001,1,1289,0,0.06,187.99500000,188.23400000,151.30500,-2538.00
1700213400,0.00,20261001,0,1291,1,0.01,186.54900000,187.14100000,149.62200,0.00
1700217000,0.00,20261000,0,1292,1,0.01,150.26800000,150.77400000,149.62200,0.00
1700219394,1184.00,20261001,1,1291,0,0.01,185.36500000,187.14100000,149.62200,1184.00
1700225079,1013.00,20261000,1,1292,0,0.01,149.25500000,150.77400000,149.62200,1013.00
1700467200,0.00,20260610,0,1295,1,0.01,149.08400000,149.58400000,148.34500,0.00
1700537247,1070.00,20260610,1,1295,0,0.01,147.98200000,149.58400000,148.36800,1070.00
1700649900,0.00,20261000,0,1297,0,0.01,149.29500000,148.01500000,149.52000,0.00
1700690400,283.00,20261000,1,1297,1,0.01,149.57800000,148.01500000,149.52000,283.00
1700826300,0.00,20261001,0,1299,0,0.06,187.75600000,187.10000000,149.39900,0.00
1700863200,4326.00,20261001,1,1299,1,0.06,188.47700000,187.10000000,149.39900,4326.00
1701100800,0.00,20260610,0,1301,1,0.01,148.81300000,149.31300000,148.66100,0.00
1701193385,1071.00,20260610,1,1301,0,0.01,147.71000000,149.31300000,147.46300,1071.00
1701201600,0.00,20260610,0,1303,1,0.01,147.55300000,148.05300000,147.46300,0.00
1701342000,0.00,20261001,0,1304,1,0.01,186.38600000,186.90600000,148.17800,0.00
1701360043,-572.00,20260610,1,1303,0,0.01,148.06100000,148.05300000,148.17800,-572.00
1701360103,-520.00,20261001,1,1304,0,0.01,186.90600000,186.90600000,148.17800,-520.00
1701374400,0.00,20260605,0,1307,1,0.01,1.08899000,1.09149000,148.17800,0.00
1701426600,0.00,20261001,0,1308,0,0.01,187.47300000,186.67600000,146.81100,0.00
1701450032,-799.00,20261001,1,1308,1,0.01,186.67400000,186.67600000,146.81100,-799.00
1701684900,0.00,20261000,0,1310,0,0.01,147.03700000,146.22400000,147.18200,0.00
1701727200,254.00,20261000,1,1310,1,0.01,147.29100000,146.22400000,147.18200,254.00
1701768600,0.00,20261001,0,1312,1,0.01,185.36400000,186.18600000,147.13800,0.00
1701802421,1556.00,20260605,1,1307,0,0.01,1.07849000,1.09149000,147.13800,1556.00
1701813600,73.00,20261001,1,1312,0,0.01,185.29100000,186.18600000,147.13800,73.00
1701941400,0.00,20261000,0,1315,1,0.01,145.86200000,147.30000000,144.09000,0.00
1701978377,2878.00,20261000,1,1315,0,0.01,142.98400000,147.30000000,144.09000,2878.00
1702287900,0.00,20261000,0,1317,0,0.01,146.18700000,144.80900000,146.13400,0.00
1702332000,-35.00,20261000,1,1317,1,0.01,146.15200000,144.80900000,146.13400,-35.00
1702378800,0.00,20261001,0,1319,1,0.01,182.66300000,183.55900000,145.43200,0.00
1702418400,-255.00,20261001,1,1319,0,0.01,182.91800000,183.55900000,145.43200,-255.00
1702544400,0.00,20260605,0,1321,0,0.01,1.09018000,1.08768000,141.83600,0.00
1702582205,1536.00,20260605,1,1321,1,0.01,1.10069000,1.08768000,141.83600,1536.00
1702638000,0.00,20261001,0,1323,1,0.06,180.65100000,181.72800000,142.15400,0.00
1702677600,1332.00,20261001,1,1323,0,0.06,180.42900000,181.72800000,142.15400,1332.00
1702893600,0.00,20261001,0,1325,0,0.01,180.70000000,179.84700000,142.71800,0.00
1702936800,-94.00,20261001,1,1325,1,0.01,180.60600000,179.84700000,142.71800,-94.00
1702980000,0.00,20261000,0,1327,0,0.01,144.16900000,142.24400000,143.81200,0.00
1703023200,-261.00,20261000,1,1327,1,0.01,143.90800000,142.24400000,143.81200,-261.00
1703563200,0.00,20260622,0,1329,1,0.01,142.26000000,143.24100000,142.38000,0.00
1703669400,0.00,20261001,0,1330,0,0.01,181.81600000,180.93200000,141.81300,0.00
1703714400,-288.00,20261001,1,1330,1,0.01,181.52800000,180.93200000,141.81300,-288.00
1703754900,0.00,20261000,0,1332,1,0.01,140.81500000,141.81300000,141.33400,0.00
1703755800,0.00,20261001,0,1333,1,0.01,180.48200000,181.48800000,141.33400,0.00
1703785238,1867.00,20260622,1,1329,0,0.01,140.29700000,143.24100000,141.33400,1867.00
1703800800,-643.00,20261000,1,1332,0,0.01,141.45800000,141.81300000,141.33400,-643.00
1703800800,440.00,20261001,1,1333,0,0.01,180.04200000,181.48800000,141.33400,440.00
1703880000,0.00,20260622,0,1337,1,0.01,140.83900000,142.01800000,141.01200,0.00
1704191400,0.00,20261001,0,1338,0,0.01,180.28700000,179.07400000,141.97600,0.00
1704205217,-1219.00,20260622,1,1337,0,0.01,142.02600000,142.01800000,141.97600,-1219.00
1704213942,-1213.00,20261001,1,1338,1,0.01,179.07400000,179.07400000,141.97600,-1213.00
1704258000,0.00,20260605,0,1341,1,0.01,1.09520000,1.09770000,143.27300,0.00
1704274200,0.00,20261001,0,1342,0,0.01,179.85100000,178.90800000,143.27300,0.00
1704311019,1887.00,20261001,1,1342,1,0.01,181.73800000,178.90800000,143.27300,1887.00
1704319200,0.00,20260629,0,1344,0,0.01,1.09180000,0.00000000,143.27300,0.00
1704319200,0.00,20260629,0,1345,1,0.01,1.26637000,0.00000000,143.27300,0.00
1704366900,0.00,20261001,0,1346,0,0.01,182.44400000,181.00800000,144.61200,0.00
1704405600,923.00,20261001,1,1346,1,0.01,183.36700000,181.00800000,144.61200,923.00
1704474041,-349.00,20260605,1,1341,0,0.01,1.09770000,1.09770000,144.61300,-349.00
1704714300,0.00,20261001,0,1349,1,0.01,183.13200000,184.22200000,144.21200,0.00
1704751200,-738.00,20261001,1,1349,0,0.01,183.87000000,184.22200000,144.21200,-738.00
1705311000,0.00,20261000,0,1351,0,0.01,145.46200000,144.73500000,145.66900,0.00
1705311000,0.00,20261001,0,1352,0,0.01,185.40300000,184.56800000,145.66900,0.00
1705316400,0.00,20260605,0,1353,0,0.01,1.09583000,1.09333000,145.66900,0.00
1705320000,-170.00,20260605,1,1353,1,0.01,1.09466000,1.09333000,145.66900,-170.00
1705320000,0.00,20260605,0,1355,1,0.01,1.09466000,1.09716000,145.66900,0.00
1705356000,327.00,20261000,1,1351,1,0.01,145.78900000,144.73500000,145.66900,327.00
1705356000,138.00,20261001,1,1352,1,0.01,185.54100000,184.56800000,145.66900,138.00
1705401900,0.00,20261000,0,1358,0,0.01,146.47500000,145.58300000,147.17500,0.00
1705406400,313.00,20260629,1,1345,0,0.01,1.26411000,0.00000000,147.17500,313.00
1705406400,-572.00,20260629,1,1344,1,0.01,1.08857000,0.00000000,147.17500,-572.00
1705442400,774.00,20261000,1,1358,1,0.01,147.24900000,145.58300000,147.17500,774.00
1705507200,0.00,20260774,0,1362,1,0.01,1.26504000,1.27004000,148.14200,0.00
1705521600,-418.00,20260774,1,1362,0,0.01,1.26788000,1.27004000,148.14200,-418.00
1705521600,0.00,20260774,0,1364,0,0.01,1.26788000,1.26288000,148.14200,0.00
1705608000,0.00,20260610,0,1365,0,0.01,148.22300000,147.72300000,148.13700,0.00
1705662000,0.00,20261001,0,1366,1,0.06,187.76500000,188.93000000,148.13800,0.00
1705701600,-2364.00,20261001,1,1366,0,0.06,188.15900000,188.93000000,148.13800,-2364.00
1705934643,-495.00,20260610,1,1365,1,0.01,147.72200000,147.72300000,148.07800,-495.00
1706030617,1569.00,20260605,1,1355,0,0.01,1.08416000,1.09716000,148.29400,1569.00
1706092200,0.00,20261000,0,1370,1,0.01,147.58200000,148.39100000,147.49200,0.00
1706093100,0.00,20261001,0,1371,1,0.01,187.59400000,188.27900000,147.49200,0.00
1706096498,-685.00,20261001,1,1371,0,0.01,188.27900000,188.27900000,147.49200,-685.00
1706126400,0.00,20260610,0,1373,0,0.01,147.19700000,146.69700000,147.49200,0.00
1706133600,14.00,20261000,1,1370,0,0.01,147.56800000,148.39100000,147.49200,14.00
1706177700,0.00,20261001,0,1375,0,0.01,188.07400000,187.42700000,147.64400,0.00
1706198678,-647.00,20261001,1,1375,1,0.01,187.42700000,187.42700000,147.64400,-647.00
1706267700,0.00,20261000,0,1377,0,0.01,148.04000000,147.47800000,148.11800,0.00
1706283005,-566.00,20261000,1,1377,1,0.01,147.47400000,147.47800000,148.11800,-566.00
1706495308,1109.00,20260610,1,1373,1,0.01,148.29700000,146.69700000,147.48000,1109.00
1706742000,0.00,20260605,0,1380,1,0.01,1.08064000,1.08314000,146.85800,0.00
1706779800,0.00,20261001,0,1381,1,0.01,185.83800000,186.46800000,146.40900,0.00
1706792539,-753.00,20260774,1,1364,1,0.01,1.26288000,1.26288000,146.40900,-753.00
1706798729,-631.00,20261001,1,1381,0,0.01,186.46900000,186.46800000,146.40900,-631.00
1706808580,-368.00,20260605,1,1380,0,0.01,1.08314000,1.08314000,146.40900,-368.00
1706867100,0.00,20261001,0,1385,0,0.01,186.89300000,186.26500000,148.37500,0.00
1706878800,0.00,20260605,0,1386,0,0.01,1.08848000,1.08598000,148.37500,0.00
1706887816,-371.00,20260605,1,1386,1,0.01,1.08598000,1.08598000,148.37500,-371.00
1706889600,0.00,20260605,0,1388,1,0.01,1.08070000,1.08320000,148.37500,0.00
1706889600,0.00,20260774,0,1389,1,0.01,1.26711000,1.27211000,148.37500,0.00
1706911200,569.00,20261001,1,1385,1,0.01,187.46200000,186.26500000,148.37500,569.00
1707144877,1631.00,20260774,1,1389,0,0.01,1.25610000,1.27211000,148.66400,1631.00
1707300900,0.00,20261001,0,1392,0,0.01,186.72400000,186.17400000,148.17000,0.00
1707321600,0.00,20260622,0,1393,0,0.02,148.18600000,147.49300000,148.17000,0.00
1707343200,343.00,20261001,1,1392,1,0.01,187.06700000,186.17400000,148.17000,343.00
1707388200,0.00,20261001,0,1395,0,0.01,187.94000000,186.86700000,149.30600,0.00
1707429600,513.00,20261001,1,1395,1,0.01,188.45300000,186.86700000,149.30600,513.00
1707474125,2784.00,20260622,1,1393,1,0.02,149.57200000,147.49300000,149.25500,2784.00
1707768000,0.00,20260622,0,1398,0,0.02,149.25800000,148.65500000,149.32800,0.00
1707768000,0.00,20260627,0,1399,0,0.02,188.65800000,187.90300000,149.32800,0.00
1707839263,2422.00,20260622,1,1398,1,0.02,150.46600000,148.65500000,150.77000,2422.00
1707840000,0.00,20260622,0,1401,0,0.02,150.43600000,149.78200000,150.77000,0.00
1707840040,1612.00,20260605,1,1388,0,0.01,1.07013000,1.08320000,150.77000,1612.00
1707989400,0.00,20261001,0,1403,1,0.01,188.52500000,189.22100000,149.89600,0.00
1707997500,0.00,20261000,0,1404,1,0.01,149.96200000,150.56400000,149.89600,0.00
1708011028,-1296.00,20260622,1,1401,1,0.02,149.78200000,149.78200000,149.89600,-1296.00
1708034400,3.00,20261000,1,1404,0,0.01,149.95900000,150.56400000,149.89600,3.00
1708034400,-365.00,20261001,1,1403,0,0.01,188.89000000,189.22100000,149.89600,-365.00
1708045200,0.00,20260605,0,1408,0,0.01,1.07732000,1.07482000,150.18500,0.00
1708097439,-376.00,20260605,1,1408,1,0.01,1.07481000,1.07482000,150.18500,-376.00
1708106400,0.00,20260605,0,1410,0,0.01,1.07714000,1.07464000,150.18500,0.00
1708421400,0.00,20261001,0,1411,0,0.01,189.34300000,188.93900000,149.99200,0.00
1708466400,-37.00,20261001,1,1411,1,0.01,189.30600000,188.93900000,149.99200,-37.00
1708510500,0.00,20261001,0,1413,0,0.01,189.63100000,189.18100000,150.28300,0.00
1708513781,-451.00,20261001,1,1413,1,0.01,189.18000000,189.18100000,150.28300,-451.00
1708596926,1531.00,20260605,1,1410,1,0.01,1.08764000,1.07464000,150.51400,1531.00
1708602300,0.00,20261001,0,1416,0,0.01,190.33700000,189.83400000,150.51400,0.00
1708603200,0.00,20260774,0,1417,0,0.01,1.26761000,1.26261000,150.51400,0.00
1708617365,-751.00,20260774,1,1417,1,0.01,1.26260000,1.26261000,150.51400,-751.00
1708617600,0.00,20260774,0,1419,1,0.01,1.26281000,1.26781000,150.51400,0.00
1708639200,240.00,20261001,1,1416,1,0.01,190.57700000,189.83400000,150.51400,240.00
1708686000,0.00,20261001,0,1421,0,0.01,190.80600000,190.39200000,150.46000,0.00
1708687800,0.00,20261000,0,1422,0,0.01,150.75800000,150.37200000,150.46000,0.00
1708693888,-757.00,20260774,1,1419,0,0.01,1.26782000,1.26781000,150.46000,-757.00
1708700980,-388.00,20261000,1,1422,1,0.01,150.37000000,150.37200000,150.46000,-388.00
1708725600,-110.00,20261001,1,1421,1,0.01,190.69600000,190.39200000,150.46000,-110.00
1708946100,0.00,20261001,0,1426,0,0.06,190.88000000,190.33100000,150.68600,0.00
1708947900,0.00,20261000,0,1427,0,0.02,150.65300000,150.29100000,150.68600,0.00
1708984800,218.00,20261000,1,1427,1,0.02,150.76200000,150.29100000,150.68600,218.00
1708984800,1494.00,20261001,1,1426,1,0.06,191.12900000,190.33100000,150.68600,1494.00
1709028900,0.00,20261000,0,1430,1,0.01,150.31800000,150.70200000,150.49500,0.00
1709071200,-216.00,20261000,1,1430,0,0.01,150.53400000,150.70200000,150.49500,-216.00
1709116200,0.00,20261000,0,1432,0,0.01,150.77700000,150.36700000,150.67900,0.00
1709117100,0.00,20261001,0,1433,1,0.01,190.51600000,190.93200000,150.67900,0.00
1709147134,-416.00,20261001,1,1433,0,0.01,190.93200000,190.93200000,150.67900,-416.00
1709157600,-80.00,20261000,1,1432,1,0.01,150.69700000,150.36700000,150.67900,-80.00
1709287200,0.00,20261001,0,1436,0,0.01,190.10500000,189.08800000,150.06700,0.00
1709288100,0.00,20261000,0,1437,0,0.01,150.57700000,149.91000000,150.06700,0.00
1709330400,-466.00,20261000,1,1437,1,0.01,150.11100000,149.91000000,150.06700,-466.00
1709330400,-27.00,20261001,1,1436,1,0.01,190.07800000,189.08800000,150.06700,-27.00
1709546400,0.00,20261001,0,1440,0,0.01,190.57100000,189.67100000,150.51300,0.00
1709582400,0.00,20260774,0,1441,0,0.01,1.26966000,1.26466000,150.51300,0.00
1709589600,487.00,20261001,1,1440,1,0.01,191.05800000,189.67100000,150.51300,487.00
1709632800,0.00,20261001,0,1443,1,0.01,190.67900000,191.04400000,150.03100,0.00
1709663561,-366.00,20261001,1,1443,0,0.01,191.04500000,191.04400000,150.03100,-366.00
1709679600,0.00,20260605,0,1445,0,0.01,1.08588000,1.08338000,150.03100,0.00
1709716500,0.00,20261000,0,1446,1,0.01,149.48000000,150.08300000,149.34500,0.00
1709720100,0.00,20261001,0,1447,1,0.01,190.23800000,190.65700000,149.34500,0.00
1709723006,-420.00,20261001,1,1447,0,0.01,190.65800000,190.65700000,149.34500,-420.00
1709762400,129.00,20261000,1,1446,0,0.01,149.35100000,150.08300000,149.34500,129.00
1709827200,0.00,20260629,0,1450,0,0.01,1.08726000,0.00000000,148.03200,0.00
1709827200,0.00,20260629,0,1451,1,0.01,1.27514000,0.00000000,148.03200,0.00
1709844496,1641.00,20260774,1,1441,1,0.01,1.28067000,1.26466000,148.03200,1641.00
1709897400,0.00,20261000,0,1453,1,0.01,147.40900000,148.12000000,147.03200,0.00
1709899200,0.00,20260610,0,1454,1,0.01,147.13200000,147.63200000,147.03200,0.00
1709911865,1507.00,20260605,1,1445,1,0.01,1.09639000,1.08338000,147.03200,1507.00
1709935200,359.00,20261000,1,1453,0,0.01,147.05000000,148.12000000,147.03200,359.00
1710257421,-567.00,20260610,1,1454,0,0.01,147.63500000,147.63200000,147.64500,-567.00
1710259200,0.00,20260610,0,1458,1,0.01,147.64900000,148.14900000,147.64500,0.00
1710324000,0.00,20261001,0,1459,0,0.06,189.02100000,188.40800000,147.74700,0.00
1710330300,0.00,20261000,0,1460,0,0.02,147.76400000,147.23100000,147.74700,0.00
1710367200,4.00,20261000,1,1460,1,0.02,147.76600000,147.23100000,147.74700,4.00
1710367200,198.00,20261001,1,1459,1,0.06,189.05400000,188.40800000,147.74700,198.00
1710412200,0.00,20261001,0,1463,0,0.01,189.37000000,188.75400000,148.30600,0.00
1710433241,-617.00,20261001,1,1463,1,0.01,188.75300000,188.75400000,148.30600,-617.00
1710434922,-564.00,20260610,1,1458,0,0.01,148.14900000,148.14900000,148.30600,-564.00
1710497700,0.00,20261001,0,1466,1,0.01,188.79300000,189.27200000,148.98100,0.00
1710500417,-479.00,20261001,1,1466,0,0.01,189.27200000,189.27200000,148.98100,-479.00
1710734400,0.00,20260610,0,1468,0,0.01,149.28100000,148.78100000,149.14200,0.00
1710745200,348.00,20260629,1,1451,0,0.01,1.27271000,0.00000000,149.14200,348.00
1710745200,111.00,20260629,1,1450,1,0.01,1.08852000,0.00000000,149.14200,111.00
1710820800,0.00,20260605,0,1471,1,0.01,1.08692000,1.08942000,150.83800,0.00
1710836682,1104.00,20260610,1,1468,1,0.01,150.38200000,148.78100000,150.83800,1104.00
1710875140,6406.00,20260627,1,1399,1,0.02,191.67900000,187.90300000,150.83800,6406.00
1710921600,0.00,20260774,0,1474,0,0.01,1.27192000,1.26692000,151.24100,0.00
1710927000,0.00,20261001,0,1475,0,0.01,192.79700000,191.78800000,151.24100,0.00
1710968741,-373.00,20260605,1,1471,0,0.01,1.08942000,1.08942000,151.24100,-373.00
1710972000,-107.00,20261001,1,1475,1,0.01,192.69000000,191.78800000,151.24100,-107.00
1711033200,0.00,20260605,0,1478,0,0.01,1.09101000,1.08851000,151.60400,0.00
1711040044,-376.00,20260605,1,1478,1,0.01,1.08851000,1.08851000,151.60400,-376.00
1711040400,0.00,20260605,0,1480,1,0.01,1.08853000,1.09103000,151.60400,0.00
1711045152,-753.00,20260774,1,1474,1,0.01,1.26692000,1.26692000,151.60400,-753.00
1711051200,0.00,20260774,0,1482,1,0.01,1.26640000,1.27140000,151.60400,0.00
1711116000,0.00,20260629,0,1483,1,0.01,1.08162000,0.00000000,151.35100,0.00
1711116000,0.00,20260629,0,1484,0,0.01,1.25838000,0.00000000,151.35100,0.00
1711628159,1594.00,20260605,1,1480,0,0.01,1.07803000,1.09103000,151.36600,1594.00
1711688400,600.00,20260629,1,1484,1,0.01,1.26240000,0.00000000,151.33600,600.00
1711688400,614.00,20260629,1,1483,0,0.01,1.07764000,0.00000000,151.33600,614.00
1711995689,1640.00,20260774,1,1482,0,0.01,1.25540000,1.27140000,151.63100,1640.00
1712206800,0.00,20260605,0,1489,0,0.01,1.08412000,1.08162000,151.32800,0.00
1712331029,-387.00,20260605,1,1489,1,0.01,1.08162000,1.08162000,151.59700,-387.00
1712336400,0.00,20260605,0,1491,1,0.01,1.08009000,1.08259000,151.59700,0.00
1712338919,-377.00,20260605,1,1491,0,0.01,1.08260000,1.08259000,151.59700,-377.00
1712340000,0.00,20260605,0,1493,0,0.01,1.08190000,1.07940000,151.59700,0.00
1712575800,0.00,20261000,0,1494,0,0.01,151.89900000,151.53000000,151.78100,0.00
1712613600,-129.00,20261000,1,1494,1,0.01,151.77000000,151.53000000,151.78100,-129.00
1712678400,0.00,20260774,0,1496,0,0.01,1.26972000,1.26472000,151.73500,0.00
1712763037,-763.00,20260774,1,1496,1,0.01,1.26470000,1.26472000,153.13100,-763.00
1712763201,-426.00,20260605,1,1493,1,0.01,1.07931000,1.07940000,153.13100,-426.00
1712786400,0.00,20260605,0,1499,1,0.01,1.07361000,1.07611000,153.13100,0.00
1712835000,0.00,20261000,0,1500,0,0.02,153.21700000,152.75700000,153.25700,0.00
1712872800,52.00,20261000,1,1500,1,0.02,153.24300000,152.75700000,153.25700,52.00
1712941839,1615.00,20260605,1,1499,0,0.01,1.06311000,1.07611000,153.12800,1615.00
1713260700,0.00,20261000,0,1503,0,0.01,154.56200000,154.13000000,154.68500,0.00
1713285567,-433.00,20261000,1,1503,1,0.01,154.12900000,154.13000000,154.68500,-433.00
1713441600,0.00,20260622,0,1505,0,0.02,154.35700000,153.75200000,154.63100,0.00
1713503919,-1206.00,20260622,1,1505,1,0.02,153.75100000,153.75200000,154.56700,-1206.00
1713553200,0.00,20260629,0,1507,1,0.01,1.06547000,0.00000000,154.56700,0.00
1713553200,0.00,20260629,0,1508,0,0.01,1.23974000,0.00000000,154.56700,0.00
1713988800,0.00,20260605,0,1509,0,0.01,1.06910000,1.06660000,155.33000,0.00
1714132800,0.00,20260622,0,1510,0,0.01,156.56100000,155.74200000,158.29100,0.00
1714174408,1638.00,20260622,1,1510,1,0.01,158.19900000,155.74200000,158.29100,1638.00
1714359600,1763.00,20260629,1,1508,1,0.01,1.25092000,0.00000000,156.32200,1763.00
1714359600,-814.00,20260629,1,1507,0,0.01,1.07073000,0.00000000,156.32200,-814.00
1714514400,-254.00,20260605,1,1509,1,0.01,1.06780000,1.06660000,157.78500,-254.00
1714514400,0.00,20260605,0,1515,1,0.01,1.06780000,1.07030000,157.78500,0.00
1714599280,-392.00,20260605,1,1515,0,0.01,1.07030000,1.07030000,154.58600,-392.00
1714604400,0.00,20260605,0,1517,1,0.01,1.06893000,1.07143000,154.58600,0.00
1714606056,-397.00,20260605,1,1517,0,0.01,1.07144000,1.07143000,154.58600,-397.00
1714991400,0.00,20261001,0,1519,0,0.01,193.21400000,191.60300000,153.86300,0.00
1715032800,217.00,20261001,1,1519,1,0.01,193.43100000,191.60300000,153.86300,217.00
1715673600,0.00,20260622,0,1521,0,0.02,156.41300000,155.85800000,156.40200,0.00
1715772375,-1104.00,20260622,1,1521,1,0.02,155.85800000,155.85800000,154.85800,-1104.00
1716264000,0.00,20260627,0,1523,0,0.01,198.81400000,197.95800000,156.13300,0.00
1716393600,0.00,20260622,0,1524,0,0.02,156.54900000,155.95200000,156.76500,0.00
1716463800,0.00,20261001,0,1525,0,0.01,199.69100000,199.18400000,156.88600,0.00
1716466598,-507.00,20261001,1,1525,1,0.01,199.18400000,199.18400000,156.88600,-507.00
1716806700,0.00,20261001,0,1527,0,0.06,199.97800000,199.60700000,156.82800,0.00
1716847200,1908.00,20261001,1,1527,1,0.06,200.29600000,199.60700000,156.82800,1908.00
1716894000,0.00,20260605,0,1529,0,0.01,1.08777000,1.08527000,157.15800,0.00
1716949390,-405.00,20260605,1,1529,1,0.01,1.08527000,1.08527000,157.61700,-405.00
1716951600,0.00,20260605,0,1531,1,0.01,1.08510000,1.08760000,157.61700,0.00
1717062300,0.00,20261000,0,1532,1,0.01,156.72600000,157.66500000,156.76600,0.00
1717106400,-106.00,20261000,1,1532,0,0.01,156.83200000,157.66500000,156.76600,-106.00
1717153200,0.00,20261000,0,1534,0,0.01,157.14500000,156.57100000,157.28100,0.00
1717170220,-386.00,20260605,1,1531,0,0.01,1.08760000,1.08760000,157.28100,-386.00
1717176303,-574.00,20261000,1,1534,1,0.01,156.57100000,156.57100000,157.28100,-574.00
1717178400,0.00,20260605,0,1537,0,0.01,1.08560000,1.08310000,157.28100,0.00
1717412400,-273.00,20260605,1,1537,1,0.01,1.08394000,1.08310000,156.02400,-273.00
1717412400,0.00,20260605,0,1539,1,0.01,1.08394000,1.08644000,156.02400,0.00
1717434017,-407.00,20260605,1,1539,0,0.01,1.08654000,1.08644000,156.02400,-407.00
1717440973,-1146.00,20260622,1,1524,1,0.02,155.95200000,155.95200000,156.02400,-1146.00
1717496100,0.00,20261000,0,1542,1,0.02,155.65500000,156.48500000,154.84600,0.00
1717503639,-786.00,20260627,1,1523,1,0.01,197.95800000,197.95800000,154.84600,-786.00
1717538400,1888.00,20261000,1,1542,0,0.02,154.71100000,156.48500000,154.84600,1888.00
1717667100,0.00,20261001,0,1545,0,0.06,199.71500000,198.96200000,155.58400,0.00
1717670700,0.00,20261000,0,1546,0,0.02,156.21700000,155.35800000,155.58400,0.00
1717711200,-1086.00,20261000,1,1546,1,0.02,155.67400000,155.35800000,155.58400,-1086.00
1717711200,-3246.00,20261001,1,1545,1,0.06,199.17400000,198.96200000,155.58400,-3246.00
1717751700,0.00,20261000,0,1549,1,0.01,155.31800000,155.93600000,156.70400,0.00
1717753500,0.00,20261001,0,1550,1,0.01,198.70100000,199.37000000,156.70400,0.00
1717774230,-621.00,20261000,1,1549,0,0.01,155.93900000,155.93600000,156.70400,-621.00
1717774241,-672.00,20261001,1,1550,0,0.01,199.37300000,199.37000000,156.70400,-672.00
1717776000,0.00,20260610,0,1553,0,0.01,156.78000000,156.28000000,156.70400,0.00
1717779600,0.00,20260605,0,1554,1,0.01,1.08195000,1.08445000,156.70400,0.00
1717981200,0.00,20260629,0,1555,0,0.01,1.07737000,0.00000000,156.99300,0.00
1717981200,0.00,20260629,0,1556,1,0.01,1.27170000,0.00000000,156.99300,0.00
1718190000,0.00,20261001,0,1557,0,0.01,200.52800000,199.91800000,156.69800,0.00
1718207138,-491.00,20260610,1,1553,1,0.01,156.28000000,156.28000000,156.69800,-491.00
1718213284,-382.00,20260605,1,1554,0,0.01,1.08445000,1.08445000,156.69800,-382.00
1718229600,102.00,20261001,1,1557,1,0.01,200.63000000,199.91800000,156.69800,102.00
1718271000,0.00,20261001,0,1561,0,0.01,200.92500000,200.31800000,156.96700,0.00
1718301639,-608.00,20261001,1,1561,1,0.01,200.31700000,200.31800000,156.96700,-608.00
1718308800,0.00,20260610,0,1563,0,0.01,156.85000000,156.35000000,156.96700,0.00
1718347110,1103.00,20260610,1,1563,1,0.01,157.95000000,156.35000000,157.30600,1103.00
1718705700,0.00,20261001,0,1565,0,0.01,200.62100000,200.02500000,157.84200,0.00
1718724615,-596.00,20261001,1,1565,1,0.01,200.02500000,200.02500000,157.84200,-596.00
1718870400,0.00,20260627,0,1567,0,0.01,201.06300000,200.26900000,158.92500,0.00
1718881200,0.00,20261001,0,1568,0,0.06,201.12200000,200.64500000,158.92500,0.00
1718882100,0.00,20261000,0,1569,0,0.01,158.38700000,157.80600000,158.92500,0.00
1718899200,594.00,20260629,1,1556,0,0.01,1.26785000,0.00000000,158.92500,594.00
1718899200,-963.00,20260629,1,1555,1,0.01,1.07190000,0.00000000,158.92500,-963.00
1718913600,0.00,20260622,0,1572,0,0.02,158.86200000,158.32300000,158.92500,0.00
1718920800,411.00,20261000,1,1569,1,0.01,158.79800000,157.80600000,158.92500,411.00
1718920800,492.00,20261001,1,1568,1,0.06,201.20400000,200.64500000,158.92500,492.00
1719228600,0.00,20261001,0,1575,0,0.01,202.27000000,201.70700000,159.52900,0.00
1719234389,-567.00,20261001,1,1575,1,0.01,201.70300000,201.70700000,159.52900,-567.00
1719401611,2184.00,20260622,1,1572,1,0.02,159.94200000,158.32300000,160.78500,2184.00
1719403200,0.00,20260622,0,1578,0,0.02,159.96000000,159.33500000,160.78500,0.00
1719493200,0.00,20260605,0,1579,1,0.01,1.06970000,1.07220000,160.73200,0.00
1719503646,-401.00,20260605,1,1579,0,0.01,1.07220000,1.07220000,160.73200,-401.00
1719504000,0.00,20260605,0,1581,0,0.01,1.07198000,1.06948000,160.73200,0.00
1719511200,-120.00,20260605,1,1581,1,0.01,1.07123000,1.06948000,160.73200,-120.00
1719511200,0.00,20260605,0,1583,1,0.01,1.07123000,1.07373000,160.73200,0.00
1719549026,2510.00,20260622,1,1578,1,0.02,161.20900000,159.33500000,160.82100,2510.00
1719792300,-566.00,20260605,1,1583,0,0.01,1.07478000,1.07373000,161.43100,-566.00
1719806400,0.00,20260622,0,1586,0,0.02,160.99400000,160.23500000,161.43100,0.00
1719826324,3224.00,20260627,1,1567,1,0.01,204.23800000,200.26900000,161.43100,3224.00
1719828000,0.00,20261001,0,1588,0,0.01,204.10600000,203.07400000,161.43100,0.00
1719835200,0.00,20260627,0,1589,0,0.01,204.06700000,203.20300000,161.43100,0.00
1719871200,67.00,20261001,1,1588,1,0.01,204.17300000,203.07400000,161.43100,67.00
1719936000,0.00,20260605,0,1591,0,0.01,1.07320000,1.07070000,161.40500,0.00
1719936000,0.00,20260774,0,1592,1,0.01,1.26641000,1.27141000,161.40500,0.00
1720004400,0.00,20261001,0,1593,0,0.01,205.34900000,204.56200000,161.65100,0.00
1720019922,-824.00,20260774,1,1592,0,0.01,1.27149000,1.27141000,161.65100,-824.00
1720022400,0.00,20260774,0,1595,0,0.01,1.27190000,1.26690000,161.65100,0.00
1720044000,539.00,20261001,1,1593,1,0.01,205.88800000,204.56200000,161.65100,539.00
1720193442,1648.00,20260605,1,1591,1,0.01,1.08370000,1.07070000,160.71700,1648.00
1720434600,0.00,20261001,0,1598,0,0.01,206.08100000,205.29000000,160.80000,0.00
1720435500,0.00,20261000,0,1599,0,0.02,160.92200000,160.25800000,160.80000,0.00
1720445538,1766.00,20260774,1,1595,1,0.01,1.28290000,1.26690000,160.80000,1766.00
1720476000,-272.00,20261000,1,1599,1,0.02,160.78600000,160.25800000,160.80000,-272.00
1720476000,-84.00,20261001,1,1598,1,0.01,205.99700000,205.29000000,160.80000,-84.00
1720634981,3505.00,20260627,1,1589,1,0.01,207.52300000,203.20300000,161.66700,3505.00
1720641600,0.00,20260627,0,1604,0,0.02,207.71800000,206.96900000,161.66700,0.00
1720692900,0.00,20261001,0,1605,0,0.01,208.02300000,207.55600000,158.76100,0.00
1720711804,-470.00,20261001,1,1605,1,0.01,207.55300000,207.55600000,158.76100,-470.00
1720712535,-1476.00,20260622,1,1586,1,0.02,160.23200000,160.23500000,158.76100,-1476.00
1720712550,-1494.00,20260627,1,1604,1,0.02,206.96400000,206.96900000,158.76100,-1494.00
1721211300,0.00,20261000,0,1609,1,0.01,157.57400000,158.62200000,156.15700,0.00
1721232000,0.00,20260610,0,1610,1,0.01,156.56200000,157.06200000,156.15700,0.00
1721253600,1466.00,20261000,1,1609,0,0.01,156.10800000,158.62200000,156.15700,1466.00
1721270309,1078.00,20260610,1,1610,0,0.01,155.45200000,157.06200000,157.35900,1078.00
1721388600,0.00,20261001,0,1613,1,0.06,203.18100000,204.22500000,157.38700,0.00
1721426400,-828.00,20261001,1,1613,0,0.06,203.31900000,204.22500000,157.38700,-828.00
1721639700,0.00,20261000,0,1615,1,0.01,156.67500000,157.61200000,157.00100,0.00
1721645100,0.00,20261001,0,1616,1,0.01,202.62400000,203.60800000,157.00100,0.00
1721685600,-397.00,20261000,1,1615,0,0.01,157.07200000,157.61200000,157.00100,-397.00
1721685600,-386.00,20261001,1,1616,0,0.01,203.01000000,203.60800000,157.00100,-386.00
1721732400,0.00,20261000,0,1619,1,0.01,156.03900000,157.09900000,155.54100,0.00
1721772000,409.00,20261000,1,1619,0,0.01,155.63000000,157.09900000,155.54100,409.00
1721790000,0.00,20260605,0,1621,1,0.01,1.08494000,1.08744000,153.84700,0.00
1721880000,0.00,20260610,0,1622,1,0.01,153.24300000,153.74300000,153.92700,0.00
1721904280,1101.00,20260610,1,1622,0,0.01,152.14200000,153.74300000,153.92700,1101.00
1721908800,0.00,20260610,0,1624,1,0.01,152.70500000,153.20500000,153.92700,0.00
1721921439,-500.00,20260610,1,1624,0,0.01,153.20500000,153.20500000,153.92700,-500.00
1721923200,0.00,20260610,0,1626,1,0.01,153.51400000,154.01400000,153.92700,0.00
1721923590,-501.00,20260610,1,1626,0,0.01,154.01500000,154.01400000,153.92700,-501.00
1721937600,0.00,20260610,0,1628,1,0.01,154.02200000,154.52200000,153.92700,0.00
1721994300,0.00,20261000,0,1629,0,0.02,154.37000000,153.33800000,153.72100,0.00
1722001823,-532.00,20260610,1,1628,0,0.01,154.52200000,154.52200000,153.72100,-532.00
1722014368,-2068.00,20261000,1,1629,1,0.02,153.33600000,153.33800000,153.72100,-2068.00
1722251700,0.00,20261001,0,1632,1,0.01,197.15500000,198.60800000,154.00700,0.00
1722290400,-947.00,20261001,1,1632,0,0.01,198.10200000,198.60800000,154.00700,-947.00
1722332700,0.00,20261000,0,1634,0,0.01,155.14900000,153.61500000,152.66700,0.00
1722337200,0.00,20261001,0,1635,0,0.01,199.05900000,197.48900000,152.66700,0.00
1722362680,-1574.00,20261001,1,1635,1,0.01,197.48500000,197.48900000,152.66700,-1574.00
1722366997,-1535.00,20261000,1,1634,1,0.01,153.61400000,153.61500000,152.66700,-1535.00
1722474000,22266.00,20260650,1,1058,1,0.03,98.03900000,0.00000000,149.33700,22266.00
1722613713,-363.00,20260605,1,1621,0,0.01,1.08744000,1.08744000,146.44800,-363.00
1722859200,0.00,20260774,0,1640,1,0.01,1.27620000,1.28120000,144.16500,0.00
1723455900,0.00,20261001,0,1641,0,0.01,188.07700000,186.80300000,147.18000,0.00
1723500000,7.00,20261001,1,1641,1,0.01,188.08400000,186.80300000,147.18000,7.00
1723541400,0.00,20261001,0,1643,0,0.01,189.26700000,187.57900000,146.82100,0.00
1723546655,-782.00,20260774,1,1640,0,0.01,1.28121000,1.28120000,146.82100,-782.00
1723586400,-526.00,20261001,1,1643,1,0.01,188.74100000,187.57900000,146.82100,-526.00
1724169600,0.00,20260622,0,1646,1,0.01,146.16800000,147.77300000,145.24200,0.00
1724232600,0.00,20261001,0,1647,0,0.01,189.96000000,188.92500000,145.11700,0.00
1724237100,0.00,20261000,0,1648,0,0.01,146.09800000,144.92600000,145.11700,0.00
1724274030,-1172.00,20261000,1,1648,1,0.01,144.92600000,144.92600000,145.11700,-1172.00
1724277600,-262.00,20261001,1,1647,1,0.01,189.69800000,188.92500000,145.11700,-262.00
1724756400,0.00,20261001,0,1651,0,0.01,191.40400000,190.23300000,143.91900,0.00
1724796000,-453.00,20261001,1,1651,1,0.01,190.95100000,190.23300000,143.91900,-453.00
1725022800,0.00,20260605,0,1653,1,0.01,1.10826000,1.11076000,146.13500,0.00
1725276600,0.00,20261000,0,1654,0,0.01,146.78700000,145.77000000,146.87400,0.00
1725314400,115.00,20261000,1,1654,1,0.01,146.90200000,145.77000000,146.87400,115.00
1725361200,0.00,20261000,0,1656,1,0.01,145.94900000,147.20900000,145.46000,0.00
1725400800,139.00,20261000,1,1656,0,0.01,145.81000000,147.20900000,145.46000,139.00
1725546569,-348.00,20260605,1,1653,0,0.01,1.11077000,1.11076000,143.42000,-348.00
1725549629,2832.00,20260622,1,1646,0,0.01,142.95200000,147.77300000,143.42000,2832.00
1725617700,0.00,20261000,0,1660,1,0.01,142.11900000,143.48000000,142.24900,0.00
1725618600,0.00,20261001,0,1661,1,0.01,187.59400000,189.04400000,142.24900,0.00
1725636602,-1362.00,20261000,1,1660,0,0.01,143.48100000,143.48000000,142.24900,-1362.00
1725636603,-1451.00,20261001,1,1661,0,0.01,189.04500000,189.04400000,142.24900,-1451.00
1725876900,0.00,20261000,0,1664,0,0.01,143.32000000,141.91500000,143.16000,0.00
1725912000,0.00,20260622,0,1665,1,0.01,142.87800000,144.60000000,143.16000,0.00
1725919200,-512.00,20261000,1,1664,1,0.01,142.80800000,141.91500000,143.16000,-512.00
1726189200,0.00,20260605,0,1667,0,0.01,1.10751000,1.10501000,140.78000,0.00
1726482600,0.00,20261000,0,1668,1,0.01,139.72300000,140.89500000,140.60000,0.00
1726483500,0.00,20261001,0,1669,1,0.01,184.05600000,185.02900000,140.60000,0.00
1726492361,-976.00,20261001,1,1669,0,0.01,185.03200000,185.02900000,140.60000,-976.00
1726512659,-1180.00,20261000,1,1668,0,0.01,140.90300000,140.89500000,140.60000,-1180.00
1726695141,1458.00,20260605,1,1667,1,0.01,1.11811000,1.10501000,142.25900,1458.00
1726722000,0.00,20260605,0,1673,0,0.01,1.10835000,1.10585000,142.61200,0.00
1726829100,0.00,20261000,0,1674,0,0.02,143.43800000,141.94900000,143.76200,0.00
1726869600,864.00,20261000,1,1674,1,0.02,143.87000000,141.94900000,143.76200,864.00
1727172000,0.00,20261000,0,1676,0,0.01,144.42700000,143.37700000,143.19700,0.00
1727172281,-2074.00,20260622,1,1665,0,0.01,144.60000000,144.60000000,143.19700,-2074.00
1727173800,0.00,20261001,0,1678,0,0.01,192.74100000,191.33600000,143.19700,0.00
1727212892,-1050.00,20261000,1,1676,1,0.01,143.37700000,143.37700000,143.19700,-1050.00
1727215200,-603.00,20261001,1,1678,1,0.01,192.13800000,191.33600000,143.19700,-603.00
1727229506,1461.00,20260605,1,1673,1,0.01,1.11885000,1.10585000,144.73900,1461.00
1727258400,0.00,20261000,0,1682,0,0.01,143.68200000,142.88600000,144.73900,0.00
1727262000,0.00,20261001,0,1683,0,0.01,192.65100000,191.75100000,144.73900,0.00
1727301600,996.00,20261000,1,1682,1,0.01,144.67800000,142.88600000,144.73900,996.00
1727301600,59.00,20261001,1,1683,1,0.01,192.71000000,191.75100000,144.73900,59.00
1727348400,0.00,20261001,0,1686,0,0.01,193.53100000,192.50600000,144.79900,0.00
1727388000,541.00,20261001,1,1686,1,0.01,194.07200000,192.50600000,144.79900,541.00
1727467200,0.00,20260605,0,1688,0,0.01,1.11521000,1.11271000,142.15500,0.00
1727730700,-373.00,20260605,1,1688,1,0.01,1.11271000,1.11271000,143.60900,-373.00
1727762400,0.00,20260605,0,1690,1,0.01,1.11389000,1.11639000,143.54400,0.00
1727782200,0.00,20261001,0,1691,1,0.06,191.70400000,193.23300000,143.54400,0.00
1727820000,5076.00,20261001,1,1691,0,0.06,190.85800000,193.23300000,143.54400,5076.00
1727869500,0.00,20261001,0,1693,0,0.01,191.78000000,190.41000000,146.44500,0.00
1727892099,1522.00,20260605,1,1690,0,0.01,1.10339000,1.11639000,146.44500,1522.00
1727906400,2262.00,20261001,1,1693,1,0.01,194.04200000,190.41000000,146.44500,2262.00
1727953200,0.00,20260629,0,1696,1,0.01,1.10328000,0.00000000,146.91300,0.00
1727953200,0.00,20260629,0,1697,0,0.01,1.31548000,0.00000000,146.91300,0.00
1727956800,-563.00,20260629,1,1697,1,0.01,1.31159000,0.00000000,146.91300,-563.00
1727956800,-77.00,20260629,1,1696,0,0.01,1.10381000,0.00000000,146.91300,-77.00
1727960400,0.00,20260629,0,1700,1,0.01,1.10356000,0.00000000,146.91300,0.00
1727960400,0.00,20260629,0,1701,0,0.01,1.31170000,0.00000000,146.91300,0.00
1727964000,9.00,20260629,1,1701,1,0.01,1.31176000,0.00000000,146.91300,9.00
1727964000,-109.00,20260629,1,1700,0,0.01,1.10431000,0.00000000,146.91300,-109.00
1727967600,0.00,20260629,0,1704,1,0.01,1.10427000,0.00000000,146.91300,0.00
1727967600,0.00,20260629,0,1705,0,0.01,1.31136000,0.00000000,146.91300,0.00
1728298800,0.00,20261001,0,1706,1,0.01,194.41600000,195.61400000,148.17000,0.00
1728338400,827.00,20261001,1,1706,0,0.01,193.58900000,195.61400000,148.17000,827.00
1728475200,0.00,20260774,0,1708,1,0.01,1.30773000,1.31273000,149.28400,0.00
1728964800,-704.00,20260629,1,1705,1,0.01,1.30655000,0.00000000,149.18500,-704.00
1728964800,1977.00,20260629,1,1704,0,0.01,1.09077000,0.00000000,149.18500,1977.00
1728987300,0.00,20261001,0,1711,1,0.01,194.83100000,195.72500000,149.18500,0.00
1729029600,-250.00,20261001,1,1711,0,0.01,195.08100000,195.72500000,149.18500,-250.00
1729506600,0.00,20261000,0,1713,0,0.02,149.78500000,149.08400000,150.81700,0.00
1729548000,1978.00,20261000,1,1713,1,0.02,150.77400000,149.08400000,150.81700,1978.00
1729594800,0.00,20261001,0,1715,0,0.01,196.44900000,195.42600000,151.03400,0.00
1729602065,1645.00,20260774,1,1708,0,0.01,1.29670000,1.31273000,151.03400,1645.00
1729613371,-1024.00,20261001,1,1715,1,0.01,195.42500000,195.42600000,151.03400,-1024.00
1729731600,0.00,20260650,0,1718,0,0.03,101.34900000,0.00000000,151.81400,0.00
1729828800,0.00,20260622,0,1719,0,0.01,152.00700000,150.98200000,152.25200,0.00
1730300400,0.00,20260605,0,1720,0,0.01,1.08246000,1.07996000,153.39300,0.00
1730304000,-167.00,20260605,1,1720,1,0.01,1.08137000,1.07996000,153.39300,-167.00
1730304000,0.00,20260605,0,1722,1,0.01,1.08137000,1.08387000,153.39300,0.00
1730307209,-382.00,20260605,1,1722,0,0.01,1.08387000,1.08387000,153.39300,-382.00
1730367900,0.00,20261000,0,1724,1,0.01,152.63200000,153.62100000,152.01700,0.00
1730397600,0.00,20260629,0,1725,1,0.01,1.08653000,0.00000000,152.01700,0.00
1730397600,0.00,20260629,0,1726,0,0.01,1.28912000,0.00000000,152.01700,0.00
1730401200,-548.00,20260629,1,1726,1,0.01,1.28552000,0.00000000,152.01700,-548.00
1730401200,146.00,20260629,1,1725,0,0.01,1.08557000,0.00000000,152.01700,146.00
1730404800,0.00,20260629,0,1729,1,0.01,1.08580000,0.00000000,152.01700,0.00
1730404800,0.00,20260629,0,1730,0,0.01,1.28642000,0.00000000,152.01700,0.00
1730412000,578.00,20261000,1,1724,0,0.01,152.05400000,153.62100000,152.01700,578.00
1730869172,2075.00,20260622,1,1719,1,0.01,154.05800000,150.98200000,154.61500,2075.00
1730883600,0.00,20260605,0,1733,1,0.01,1.07252000,1.07502000,154.61500,0.00
1730884805,-391.00,20260605,1,1733,0,0.01,1.07506000,1.07502000,154.61500,-391.00
1730952000,379.00,20260629,1,1730,1,0.01,1.28891000,0.00000000,152.91300,379.00
1730952000,2172.00,20260629,1,1729,0,0.01,1.07180000,0.00000000,152.91300,2172.00
1730970900,0.00,20261000,0,1737,1,0.01,153.76900000,154.71100000,152.91300,0.00
1731013200,0.00,20260605,0,1738,1,0.01,1.07969000,1.08219000,152.91300,0.00
1731016800,683.00,20261000,1,1737,0,0.01,153.08600000,154.71100000,152.91300,683.00
1731062700,0.00,20261001,0,1740,1,0.01,197.65700000,198.92300000,152.61200,0.00
1731063600,0.00,20261000,0,1741,1,0.01,152.34900000,153.36700000,152.61200,0.00
1731093099,1607.00,20260605,1,1738,0,0.01,1.06919000,1.08219000,152.61200,1607.00
1731103200,-329.00,20261000,1,1741,0,0.01,152.67800000,153.36700000,152.61200,-329.00
1731103200,512.00,20261001,1,1740,0,0.01,197.14500000,198.92300000,152.61200,512.00
1731297600,0.00,20260622,0,1745,0,0.01,153.22500000,152.04500000,153.70400,0.00
1731321000,0.00,20261000,0,1746,0,0.01,153.83500000,152.60100000,153.70400,0.00
1731362400,-67.00,20261000,1,1746,1,0.01,153.76800000,152.60100000,153.70400,-67.00
1731531552,2367.00,20260622,1,1745,1,0.01,155.58600000,152.04500000,155.44700,2367.00
1731663000,0.00,20261000,0,1749,1,0.01,155.85200000,156.74800000,154.25000,0.00
1731702516,1792.00,20261000,1,1749,0,0.01,154.06000000,156.74800000,154.25000,1792.00
1731891600,-4297.00,20260650,1,1718,1,0.03,99.77500000,0.00000000,154.64400,-4297.00
1732013100,0.00,20261000,0,1752,1,0.01,153.56400000,154.64600000,154.63900,0.00
1732046117,-1085.00,20261000,1,1752,0,0.01,154.64900000,154.64600000,154.63900,-1085.00
1732046400,0.00,20260622,0,1754,0,0.01,154.72600000,153.12200000,154.63900,0.00
1732095900,0.00,20261000,0,1755,0,0.01,155.63000000,154.52400000,155.37000,0.00
1732099500,0.00,20261001,0,1756,0,0.01,197.29400000,195.89600000,155.37000,0.00
1732140000,-262.00,20261000,1,1755,1,0.01,155.36800000,154.52400000,155.37000,-262.00
1732140000,-798.00,20261001,1,1756,1,0.01,196.49600000,195.89600000,155.37000,-798.00
1732187700,0.00,20261000,0,1759,1,0.01,154.18800000,155.38400000,154.52000,0.00
1732226400,-323.00,20261000,1,1759,0,0.01,154.51100000,155.38400000,154.52000,-323.00
1732531500,0.00,20261000,0,1761,0,0.01,154.67800000,153.54600000,154.17200,0.00
1732572000,-542.00,20261000,1,1761,1,0.01,154.13600000,153.54600000,154.17200,-542.00
1732630745,-1591.00,20260622,1,1754,1,0.01,153.12000000,153.12200000,153.08600,-1591.00
1732700700,0.00,20261000,0,1764,1,0.01,151.83800000,153.23400000,151.06500,0.00
1732707000,0.00,20261001,0,1765,1,0.01,191.13100000,192.61400000,151.06500,0.00
1732730400,0.00,20260605,0,1766,0,0.01,1.05708000,1.05458000,151.06500,0.00
1732744800,810.00,20261000,1,1764,0,0.01,151.02800000,153.23400000,151.06500,810.00
1732744800,-263.00,20261001,1,1765,0,0.01,191.39400000,192.61400000,151.06500,-263.00
1732780897,-389.00,20260605,1,1766,1,0.01,1.05458000,1.05458000,151.52500,-389.00
1733220000,0.00,20261001,0,1770,0,0.01,189.95600000,189.14200000,149.57900,0.00
1733239360,-822.00,20261001,1,1770,1,0.01,189.13400000,189.14200000,149.57900,-822.00
1733263200,0.00,20260605,0,1772,1,0.01,1.05042000,1.05292000,149.57900,0.00
1733302265,-375.00,20260605,1,1772,0,0.01,1.05292000,1.05292000,150.54200,-375.00
1733304600,0.00,20261000,0,1774,0,0.01,150.36600000,149.52000000,150.54200,0.00
1733304600,0.00,20261001,0,1775,0,0.01,190.68800000,189.35100000,150.54200,0.00
1733349600,72.00,20261000,1,1774,1,0.01,150.43800000,149.52000000,150.54200,72.00
1733349600,374.00,20261001,1,1775,1,0.01,191.06200000,189.35100000,150.54200,374.00
1733481900,0.00,20261001,0,1778,0,0.06,191.82100000,190.91800000,149.88200,0.00
1733483700,0.00,20261000,0,1779,0,0.02,150.45900000,149.76600000,149.88200,0.00
1733500674,-1386.00,20261000,1,1779,1,0.02,149.76600000,149.76600000,149.88200,-1386.00
1733502401,-5424.00,20261001,1,1778,1,0.06,190.91700000,190.91800000,149.88200,-5424.00
1733739300,0.00,20261000,0,1782,0,0.01,150.36300000,149.69000000,151.14300,0.00
1733781600,876.00,20261000,1,1782,1,0.01,151.23900000,149.69000000,151.14300,876.00
1733825700,0.00,20261000,0,1784,0,0.01,151.74600000,150.89300000,151.92000,0.00
1733826600,0.00,20261001,0,1785,0,0.01,193.19600000,192.44800000,151.92000,0.00
1733828400,0.00,20260605,0,1786,1,0.01,1.05376000,1.05626000,151.92000,0.00
1733868000,182.00,20261000,1,1784,1,0.01,151.92800000,150.89300000,151.92000,182.00
1733868000,867.00,20261001,1,1785,1,0.01,194.06300000,192.44800000,151.92000,867.00
1733912100,0.00,20261001,0,1789,1,0.01,193.22700000,194.07800000,152.43500,0.00
1733916210,-851.00,20261001,1,1789,0,0.01,194.07800000,194.07800000,152.43500,-851.00
1733916600,0.00,20261000,0,1791,0,0.02,152.39700000,151.41300000,152.43500,0.00
1733917500,0.00,20261001,0,1792,0,0.06,194.22700000,193.42500000,152.43500,0.00
1733954400,488.00,20261000,1,1791,1,0.02,152.64100000,151.41300000,152.43500,488.00
1733954400,1872.00,20261001,1,1792,1,0.06,194.53900000,193.42500000,152.43500,1872.00
1734076800,0.00,20260610,0,1795,0,0.01,152.89300000,152.39300000,153.68800,0.00
1734090300,0.00,20261000,0,1796,0,0.01,153.38700000,152.44800000,153.68800,0.00
1734127200,293.00,20261000,1,1796,1,0.01,153.68000000,152.44800000,153.68800,293.00
1734359556,1104.00,20260610,1,1795,1,0.01,153.99400000,152.39300000,154.08300,1104.00
1734404400,149.00,20260605,1,1786,0,0.01,1.05289000,1.05626000,153.35400,149.00
1734404400,0.00,20260605,0,1800,0,0.01,1.05289000,1.05039000,153.35400,0.00
1734408000,-119.00,20260605,1,1800,1,0.01,1.05212000,1.05039000,153.35400,-119.00
1734408000,0.00,20260605,0,1802,1,0.01,1.05212000,1.05462000,153.35400,0.00
1734556172,1625.00,20260605,1,1802,0,0.01,1.04159000,1.05462000,154.63200,1625.00
1735228800,0.00,20260622,0,1804,0,0.02,157.83500000,157.22500000,157.95700,0.00
1735577116,-1202.00,20260622,1,1804,1,0.02,157.22500000,157.22500000,156.81700,-1202.00
1735811100,0.00,20261000,0,1806,1,0.01,156.49300000,157.77800000,157.46700,0.00
1735812000,0.00,20261001,0,1807,1,0.01,196.17100000,197.50900000,157.46700,0.00
1735845868,-1285.00,20261000,1,1806,0,0.01,157.77800000,157.77800000,157.46700,-1285.00
1735855200,1209.00,20261001,1,1807,0,0.01,194.96200000,197.50900000,157.46700,1209.00
1736272800,0.00,20260605,0,1810,1,0.01,1.03727000,1.03977000,158.04200,0.00
1736348400,0.00,20260629,0,1811,1,0.01,1.02825000,0.00000000,158.33400,0.00
1736348400,0.00,20260629,0,1812,0,0.01,1.23370000,0.00000000,158.33400,0.00
1736415000,0.00,20261001,0,1813,1,0.01,194.20700000,195.80300000,158.04800,0.00
1736460000,-412.00,20261001,1,1813,0,0.01,194.61900000,195.80300000,158.04800,-412.00
1736507700,0.00,20261000,0,1815,1,0.02,157.64500000,158.42400000,157.62600,0.00
1736523026,1670.00,20260605,1,1810,0,0.01,1.02677000,1.03977000,157.62600,1670.00
1736523031,-1558.00,20261000,1,1815,0,0.02,158.42400000,158.42400000,157.62600,-1558.00
1736933400,0.00,20261001,0,1818,1,0.01,191.72900000,192.99100000,156.45600,0.00
1736935200,0.00,20260605,0,1819,0,0.01,1.03062000,1.02812000,156.45600,0.00
1736935200,0.00,20261000,0,1820,1,0.01,156.88300000,158.08000000,156.45600,0.00
1736938800,-154.00,20260605,1,1819,1,0.01,1.02964000,1.02812000,156.45600,-154.00
1736938800,0.00,20260605,0,1822,1,0.01,1.02964000,1.03214000,156.45600,0.00
1736955015,-392.00,20260605,1,1822,0,0.01,1.03214000,1.03214000,156.45600,-392.00
1736967600,0.00,20260605,0,1824,1,0.01,1.02810000,1.03060000,156.45600,0.00
1736978400,416.00,20261000,1,1820,0,0.01,156.46700000,158.08000000,156.45600,416.00
1736978400,363.00,20261001,1,1818,0,0.01,191.36600000,192.99100000,156.45600,363.00
1737048882,-388.00,20260605,1,1824,0,0.01,1.03060000,1.03060000,155.09100,-388.00
1737064800,0.00,20260605,0,1828,0,0.01,1.03021000,1.02771000,155.09100,0.00
1737130436,-403.00,20260605,1,1828,1,0.01,1.02771000,1.02771000,156.26100,-403.00
1737684000,245.00,20260629,1,1812,1,0.01,1.23534000,0.00000000,155.90800,245.00
1737684000,-2053.00,20260629,1,1811,0,0.01,1.04160000,0.00000000,155.90800,-2053.00
1737975600,0.00,20261000,0,1832,1,0.02,155.13100000,156.24800000,154.49700,0.00
1738015200,1162.00,20261000,1,1832,0,0.02,154.55000000,156.24800000,154.49700,1162.00
1738151100,0.00,20261001,0,1834,1,0.01,193.02200000,193.75400000,155.21300,0.00
1738188000,-175.00,20261001,1,1834,0,0.01,193.19700000,193.75400000,155.21300,-175.00
1738324800,0.00,20260605,0,1836,1,0.01,1.03833000,1.04083000,155.04500,0.00
1738350556,-405.00,20260605,1,1836,0,0.01,1.04095000,1.04083000,155.04500,-405.00
1738357200,0.00,20260605,0,1838,1,0.01,1.03696000,1.03946000,155.04500,0.00
1738541100,1944.00,20260605,1,1838,0,0.01,1.02440000,1.03946000,154.73700,1944.00
1738742400,0.00,20260610,0,1840,1,0.01,153.42200000,153.92200000,152.58600,0.00
1738754100,0.00,20261000,0,1841,1,0.01,152.93400000,154.46000000,152.58600,0.00
1738771200,0.00,20260605,0,1842,0,0.01,1.04082000,1.03832000,152.58600,0.00
1738774958,1100.00,20260610,1,1840,0,0.01,152.32200000,153.92200000,152.58600,1100.00
1738785600,0.00,20260610,0,1844,1,0.01,152.28900000,152.78900000,152.58600,0.00
1738792800,407.00,20261000,1,1841,0,0.01,152.52700000,154.46000000,152.58600,407.00
1738834417,-392.00,20260605,1,1842,1,0.01,1.03832000,1.03832000,151.34000,-392.00
1738840590,-532.00,20260610,1,1844,0,0.01,152.78900000,152.78900000,151.34000,-532.00
1738843200,0.00,20260610,0,1848,1,0.01,152.65900000,153.15900000,151.34000,0.00
1738873655,1100.00,20260610,1,1848,0,0.01,151.55900000,153.15900000,151.34000,1100.00
1738920600,0.00,20261001,0,1850,0,0.01,188.76800000,187.64100000,151.31000,0.00
1738952142,-1140.00,20261001,1,1850,1,0.01,187.62800000,187.64100000,151.31000,-1140.00
1739180700,0.00,20261001,0,1852,0,0.01,188.68000000,187.08700000,151.98400,0.00
1739183400,0.00,20261000,0,1853,0,0.01,152.37200000,151.18200000,151.98400,0.00
1739224800,-395.00,20261000,1,1853,1,0.01,151.97700000,151.18200000,151.98400,-395.00
1739224800,-741.00,20261001,1,1852,1,0.01,187.93900000,187.08700000,151.98400,-741.00
1739355300,0.00,20261001,0,1856,0,0.01,191.44300000,189.47400000,154.40700,0.00
1739390400,0.00,20260605,0,1857,0,0.01,1.04265000,1.04015000,154.40700,0.00
1739392529,-380.00,20260605,1,1857,1,0.01,1.04015000,1.04015000,154.40700,-380.00
1739397600,755.00,20261001,1,1856,1,0.01,192.19800000,189.47400000,154.40700,755.00
1739894400,0.00,20260622,0,1860,1,0.01,151.69200000,152.51300000,152.04800,0.00
1740041165,1579.00,20260622,1,1860,0,0.01,150.04900000,152.51300000,149.62600,1579.00
1740477600,0.00,20261000,0,1862,1,0.02,149.28000000,150.30100000,149.00800,0.00
1740478500,0.00,20261001,0,1863,1,0.06,188.71900000,189.66500000,149.00800,0.00
1740497557,-5676.00,20261001,1,1863,0,0.06,189.66500000,189.66500000,149.00800,-5676.00
1740520800,400.00,20261000,1,1862,0,0.02,149.08000000,150.30100000,149.00800,400.00
1740632400,0.00,20260605,0,1866,1,0.01,1.04710000,1.04960000,149.79700,0.00
1740653100,0.00,20261000,0,1867,0,0.01,149.63200000,148.74300000,149.79700,0.00
1740693600,231.00,20261000,1,1867,1,0.01,149.86300000,148.74300000,149.79700,231.00
1740735900,0.00,20261000,0,1869,0,0.01,150.34600000,149.09600000,150.56500,0.00
1740774123,1582.00,20260605,1,1866,0,0.01,1.03660000,1.04960000,150.56500,1582.00
1740780000,196.00,20261000,1,1869,1,0.01,150.54200000,149.09600000,150.56500,196.00
1740997800,0.00,20261000,0,1872,1,0.01,150.05200000,151.02100000,149.49100,0.00
1741000500,0.00,20261001,0,1873,1,0.06,189.15600000,190.31000000,149.49100,0.00
1741004859,-6930.00,20261001,1,1873,0,0.06,190.31100000,190.31000000,149.49100,-6930.00
1741009947,-970.00,20261000,1,1872,0,0.01,151.02200000,151.02100000,149.49100,-970.00
1741024800,0.00,20260605,0,1876,0,0.01,1.04849000,1.04599000,149.49100,0.00
1741121849,1575.00,20260605,1,1876,1,0.01,1.05899000,1.04599000,149.71200,1575.00
1741171500,0.00,20261000,0,1878,1,0.02,149.30300000,150.18300000,148.86300,0.00
1741212000,1028.00,20261000,1,1878,0,0.02,148.78900000,150.18300000,148.86300,1028.00
1741252500,0.00,20261000,0,1880,1,0.01,148.52300000,149.33300000,147.96600,0.00
1741255200,0.00,20261001,0,1881,1,0.01,191.52400000,192.54200000,147.96600,0.00
1741298400,829.00,20261000,1,1880,0,0.01,147.69400000,149.33300000,147.96600,829.00
1741298400,1085.00,20261001,1,1881,0,0.01,190.43900000,192.54200000,147.96600,1085.00
1741665600,0.00,20260622,0,1884,1,0.01,146.74300000,148.03500000,147.76300,0.00
1741686300,0.00,20261001,0,1885,0,0.06,189.93200000,188.79100000,147.76300,0.00
1741709159,-1301.00,20260622,1,1884,0,0.01,148.04400000,148.03500000,147.76300,-1301.00
1741730400,9936.00,20261001,1,1885,1,0.06,191.58800000,188.79100000,147.76300,9936.00
1741777200,0.00,20261000,0,1888,0,0.01,148.59700000,147.54900000,148.23700,0.00
1741778100,0.00,20261001,0,1889,0,0.01,191.87000000,190.99400000,148.23700,0.00
1741816800,-252.00,20261000,1,1888,1,0.01,148.34500000,147.54900000,148.23700,-252.00
1741816800,493.00,20261001,1,1889,1,0.01,192.36300000,190.99400000,148.23700,493.00
1741852800,0.00,20260622,0,1892,1,0.01,147.84900000,149.18100000,147.80200,0.00
1741858200,0.00,20261001,0,1893,1,0.01,191.28100000,192.34100000,147.80200,0.00
1741903200,-84.00,20261001,1,1893,0,0.01,191.36500000,192.34100000,147.80200,-84.00
1741946400,0.00,20261001,0,1895,0,0.01,192.41600000,191.15200000,148.61300,0.00
1741948200,0.00,20261000,0,1896,0,0.01,148.91100000,147.67500000,148.61300,0.00
1741989600,-375.00,20261000,1,1896,1,0.01,148.53600000,147.67500000,148.61300,-375.00
1741989600,-331.00,20261001,1,1895,1,0.01,192.08500000,191.15200000,148.61300,-331.00
1742248263,-1396.00,20260622,1,1892,0,0.01,149.18100000,149.18100000,149.19300,-1396.00
1742290200,0.00,20261001,0,1900,0,0.01,194.31300000,193.61000000,149.25600,0.00
1742335200,-234.00,20261001,1,1900,1,0.01,194.07900000,193.61000000,149.25600,-234.00
1742377500,0.00,20261000,0,1902,0,0.01,149.95700000,149.17600000,148.67300,0.00
1742380887,-781.00,20261000,1,1902,1,0.01,149.17600000,149.17600000,148.67300,-781.00
1742463900,0.00,20261001,0,1904,1,0.01,192.61300000,193.57100000,148.76900,0.00
1742497200,0.00,20260605,0,1905,1,0.01,1.08471000,1.08721000,148.76900,0.00
1742508000,-246.00,20261001,1,1904,0,0.01,192.85900000,193.57100000,148.76900,-246.00
1742812200,0.00,20261001,0,1907,0,0.01,193.92700000,192.49900000,150.68400,0.00
1742853600,660.00,20261001,1,1907,1,0.01,194.58700000,192.49900000,150.68400,660.00
1742988600,0.00,20261001,0,1909,1,0.06,193.79500000,194.78500000,150.55800,0.00
1743026400,-414.00,20261001,1,1909,0,0.06,193.86400000,194.78500000,150.55800,-414.00
1743035099,1581.00,20260605,1,1905,0,0.01,1.07421000,1.08721000,151.03600,1581.00
1743069600,0.00,20261001,0,1912,0,0.06,194.32400000,193.49700000,151.03600,0.00
1743112800,8166.00,20261001,1,1912,1,0.06,195.68500000,193.49700000,151.03600,8166.00
1743155100,0.00,20261001,0,1914,1,0.01,194.99900000,195.71700000,149.81400,0.00
1743156900,0.00,20261000,0,1915,1,0.01,150.55900000,151.21100000,149.81400,0.00
1743199200,593.00,20261000,1,1915,0,0.01,149.96600000,151.21100000,149.81400,593.00
1743199200,946.00,20261001,1,1914,0,0.01,194.05300000,195.71700000,149.81400,946.00
1743506100,0.00,20261001,0,1918,1,0.01,193.21100000,193.92600000,149.59600,0.00
1743544800,328.00,20261001,1,1918,0,0.01,192.88300000,193.92600000,149.59600,328.00
1743593400,0.00,20261001,0,1920,1,0.06,193.13800000,193.77700000,149.22700,0.00
1743615595,-3840.00,20261001,1,1920,0,0.06,193.77800000,193.77700000,149.22700,-3840.00
1743631200,0.00,20260605,0,1922,0,0.01,1.08546000,1.08296000,149.22700,0.00
1743636458,-375.00,20260605,1,1922,1,0.01,1.08296000,1.08296000,149.22700,-375.00
1743764400,0.00,20261001,0,1924,1,0.01,190.26500000,191.75300000,146.85100,0.00
1743778800,0.00,20260629,0,1925,1,0.01,1.10609000,0.00000000,146.85100,0.00
1743778800,0.00,20260629,0,1926,0,0.01,1.30217000,0.00000000,146.85100,0.00
1743804000,1034.00,20261001,1,1924,0,0.01,189.23100000,191.75300000,146.85100,1034.00
1744107300,0.00,20261000,0,1928,1,0.01,147.06300000,148.12000000,146.26000,0.00
1744111800,0.00,20261001,0,1929,1,0.06,187.79100000,188.94400000,146.26000,0.00
1744149600,674.00,20261000,1,1928,0,0.01,146.38900000,148.12000000,146.26000,674.00
1744149600,3402.00,20261001,1,1929,0,0.06,187.22400000,188.94400000,146.26000,3402.00
1744371900,0.00,20261000,0,1932,1,0.01,142.35000000,144.58500000,143.40300,0.00
1744408800,-1462.00,20261000,1,1932,0,0.01,143.81200000,144.58500000,143.40300,-1462.00
1744750800,2805.00,20260629,1,1926,1,0.01,1.32172000,0.00000000,143.10900,2805.00
1744750800,-3026.00,20260629,1,1925,0,0.01,1.12728000,0.00000000,143.10900,-3026.00
1744882200,0.00,20261001,0,1936,0,0.01,188.67400000,187.44700000,142.33800,0.00
1744927200,293.00,20261001,1,1936,1,0.01,188.96700000,187.44700000,142.33800,293.00
1745006400,0.00,20260622,0,1938,1,0.01,142.19400000,143.16700000,142.13900,0.00
1745301811,1882.00,20260622,1,1938,0,0.01,140.24800000,143.16700000,141.54700,1882.00
1745460000,0.00,20260605,0,1940,1,0.01,1.13322000,1.13572000,142.58500,0.00
1745470117,-352.00,20260605,1,1940,0,0.01,1.13573000,1.13572000,142.58500,-352.00
1745840700,0.00,20261001,0,1942,0,0.01,191.45300000,190.66300000,141.99100,0.00
1745870400,0.00,20260605,0,1943,0,0.01,1.14118000,1.13868000,141.99100,0.00
1745877600,-639.00,20261001,1,1942,1,0.01,190.81400000,190.66300000,141.99100,-639.00
1745899200,-185.00,20260605,1,1943,1,0.01,1.13994000,1.13868000,142.27000,-185.00
1745899200,0.00,20260605,0,1946,1,0.01,1.13994000,1.14244000,142.27000,0.00
1746087816,1479.00,20260605,1,1946,0,0.01,1.12944000,1.14244000,145.35600,1479.00
1746093600,0.00,20261000,0,1948,0,0.01,144.58800000,142.87400000,145.35600,0.00
1746136800,1091.00,20261000,1,1948,1,0.01,145.67900000,142.87400000,145.35600,1091.00
1746444600,0.00,20261001,0,1950,1,0.01,191.44900000,192.28600000,143.67500,0.00
1746482400,198.00,20261001,1,1950,0,0.01,191.25100000,192.28600000,143.67500,198.00
1746528300,0.00,20261000,0,1952,1,0.02,143.22200000,144.27400000,142.37600,0.00
1746547200,0.00,20260605,0,1953,1,0.01,1.13401000,1.13651000,142.37600,0.00
1746550800,-191.00,20260605,1,1953,0,0.01,1.13535000,1.13651000,142.37600,-191.00
1746550800,0.00,20260605,0,1955,0,0.01,1.13535000,1.13285000,142.37600,0.00
1746568800,1544.00,20261000,1,1952,0,0.02,142.45000000,144.27400000,142.37600,1544.00
1746581125,-367.00,20260605,1,1955,1,0.01,1.13285000,1.13285000,143.80000,-367.00
1746617400,0.00,20261001,0,1958,0,0.01,191.39500000,190.30800000,143.80000,0.00
1746655200,-203.00,20261001,1,1958,1,0.01,191.19200000,190.30800000,143.80000,-203.00
1746696600,0.00,20261000,0,1960,0,0.01,144.24600000,143.44600000,145.90300,0.00
1746698400,0.00,20261001,0,1961,0,0.01,191.81800000,190.90800000,145.90300,0.00
1746735878,1600.00,20261000,1,1960,1,0.01,145.84600000,143.44600000,145.90300,1600.00
1746741600,1484.00,20261001,1,1961,1,0.01,193.30200000,190.90800000,145.90300,1484.00
1746784800,0.00,20261001,0,1964,1,0.01,192.39400000,193.34600000,145.26300,0.00
1746785700,0.00,20261000,0,1965,1,0.01,145.18900000,146.18600000,145.26300,0.00
1746817625,-952.00,20261001,1,1964,0,0.01,193.34600000,193.34600000,145.26300,-952.00
1746828000,-78.00,20261000,1,1965,0,0.01,145.26700000,146.18600000,145.26300,-78.00
1747044900,0.00,20261000,0,1968,0,0.02,146.95000000,145.69900000,148.44300,0.00
1747087200,2772.00,20261000,1,1968,1,0.02,148.33600000,145.69900000,148.44300,2772.00
1747221300,0.00,20261000,0,1970,1,0.01,146.57200000,147.66900000,146.74500,0.00
1747260000,-156.00,20261000,1,1970,0,0.01,146.72800000,147.66900000,146.74500,-156.00
1747302300,0.00,20261000,0,1972,1,0.01,145.67200000,146.75200000,145.64900,0.00
1747304100,0.00,20261001,0,1973,1,0.01,193.59700000,194.59600000,145.64900,0.00
1747346400,-20.00,20261000,1,1972,0,0.01,145.69200000,146.75200000,145.64900,-20.00
1747346400,-147.00,20261001,1,1973,0,0.01,193.74400000,194.59600000,145.64900,-147.00
1747651500,0.00,20261001,0,1976,0,0.01,193.51400000,192.55600000,144.84000,0.00
1747692000,102.00,20261001,1,1976,1,0.01,193.61600000,192.55600000,144.84000,102.00
1747737900,0.00,20261001,0,1978,1,0.01,192.99800000,194.20300000,144.48900,0.00
1747738800,0.00,20261000,0,1979,1,0.01,144.12600000,145.50900000,144.48900,0.00
1747778400,-427.00,20261000,1,1979,0,0.01,144.55300000,145.50900000,144.48900,-427.00
1747778400,-392.00,20261001,1,1978,0,0.01,193.39000000,194.20300000,144.48900,-392.00
1747803600,0.00,20260605,0,1982,0,0.01,1.12987000,1.12737000,143.66000,0.00
1747906200,0.00,20261001,0,1983,1,0.01,192.26500000,193.57300000,143.99600,0.00
1747912500,0.00,20261000,0,1984,1,0.01,142.86500000,144.39100000,143.99600,0.00
1747937234,-371.00,20260605,1,1982,1,0.01,1.12737000,1.12737000,143.99600,-371.00
1747949556,-1309.00,20261001,1,1983,0,0.01,193.57400000,193.57300000,143.99600,-1309.00
1747951200,-1288.00,20261000,1,1984,0,0.01,144.15300000,144.39100000,143.99600,-1288.00
1748016000,0.00,20260629,0,1988,0,0.01,1.13337000,0.00000000,142.54400,0.00
1748016000,0.00,20260629,0,1989,1,0.01,1.35176000,0.00000000,142.54400,0.00
1748252700,0.00,20261001,0,1990,0,0.01,193.84600000,192.57000000,142.82300,0.00
1748296800,-238.00,20261001,1,1990,1,0.01,193.60800000,192.57000000,142.82300,-238.00
1748340000,0.00,20261001,0,1992,0,0.01,194.36400000,193.05700000,144.31600,0.00
1748342700,0.00,20261000,0,1993,0,0.01,143.69500000,142.10700000,144.31600,0.00
1748383200,559.00,20261000,1,1993,1,0.01,144.25400000,142.10700000,144.31600,559.00
1748383200,554.00,20261001,1,1992,1,0.01,194.91800000,193.05700000,144.31600,554.00
1748505600,0.00,20260610,0,1996,0,0.01,145.74500000,145.24500000,144.17800,0.00
1748515886,-500.00,20260610,1,1996,1,0.01,145.24500000,145.24500000,144.17800,-500.00
1748577600,0.00,20260610,0,1998,1,0.01,143.76800000,144.26800000,143.95000,0.00
1748626994,-500.00,20260610,1,1998,0,0.01,144.26800000,144.26800000,143.95000,-500.00
1748635200,805.00,20260629,1,1989,0,0.01,1.34611000,0.00000000,143.95000,805.00
1748635200,184.00,20260629,1,1988,1,0.01,1.13503000,0.00000000,143.95000,184.00
1748857500,0.00,20261000,0,2002,1,0.01,143.14800000,143.97500000,142.65100,0.00
1748901600,331.00,20261000,1,2002,0,0.01,142.81700000,143.97500000,142.65100,331.00
1748950200,0.00,20261001,0,2004,1,0.06,192.85400000,193.81100000,143.88500,0.00
1748968217,-5742.00,20261001,1,2004,0,0.06,193.81100000,193.81100000,143.88500,-5742.00
1749115800,0.00,20261001,0,2006,0,0.01,193.99500000,193.25100000,143.41900,0.00
1749121200,0.00,20261000,0,2007,0,0.01,143.34700000,142.52500000,143.41900,0.00
1749150038,1488.00,20261001,1,2006,1,0.01,195.48300000,193.25100000,143.41900,1488.00
1749160800,281.00,20261000,1,2007,1,0.01,143.62800000,142.52500000,143.41900,281.00
1749465000,0.00,20261001,0,2010,1,0.06,195.65600000,196.14800000,144.51400,0.00
1749465900,0.00,20261000,0,2011,1,0.01,144.14700000,144.94500000,144.51400,0.00
1749506400,-410.00,20261000,1,2011,0,0.01,144.55700000,144.94500000,144.51400,-410.00
1749506400,-2448.00,20261001,1,2010,0,0.06,196.06400000,196.14800000,144.51400,-2448.00
1749724200,0.00,20261001,0,2014,1,0.01,195.07500000,195.79000000,143.47000,0.00
1749765600,-82.00,20261001,1,2014,0,0.01,195.15700000,195.79000000,143.47000,-82.00
1750305600,0.00,20260610,0,2016,0,0.01,144.88400000,144.38400000,145.40800,0.00
1750329000,0.00,20261001,0,2017,0,0.06,194.94900000,194.00900000,145.40800,0.00
1750370400,5088.00,20261001,1,2017,1,0.06,195.79700000,194.00900000,145.40800,5088.00
1750456102,1104.00,20260610,1,2016,1,0.01,145.98500000,144.38400000,146.01100,1104.00
1750677300,0.00,20261000,0,2020,0,0.01,147.49500000,146.14200000,146.07700,0.00
1750712621,-1354.00,20261000,1,2020,1,0.01,146.14100000,146.14200000,146.07700,-1354.00
1750757400,0.00,20261000,0,2022,1,0.01,145.10900000,146.16100000,144.89700,0.00
1750761000,0.00,20261001,0,2023,1,0.01,197.01300000,197.66800000,144.89700,0.00
1750802400,420.00,20261000,1,2022,0,0.01,144.68900000,146.16100000,144.89700,420.00
1750802400,-212.00,20261001,1,2023,0,0.01,197.22500000,197.66800000,144.89700,-212.00
1750844700,0.00,20261001,0,2026,0,0.01,197.81400000,196.99600000,145.17200,0.00
1750845600,0.00,20261000,0,2027,0,0.01,145.30400000,144.60500000,145.17200,0.00
1750888800,-154.00,20261000,1,2027,1,0.01,145.15000000,144.60500000,145.17200,-154.00
1750888800,501.00,20261001,1,2026,1,0.01,198.31500000,196.99600000,145.17200,501.00
1750931100,0.00,20261000,0,2030,1,0.01,144.34800000,145.25300000,144.36500,0.00
1750932000,0.00,20261001,0,2031,1,0.01,197.97300000,198.58900000,144.36500,0.00
1750953600,0.00,20260610,0,2032,1,0.01,144.30500000,144.80500000,144.36500,0.00
1750975200,143.00,20261000,1,2030,0,0.01,144.20500000,145.25300000,144.36500,143.00
1750975200,-290.00,20261001,1,2031,0,0.01,198.26300000,198.58900000,144.36500,-290.00
1750995099,-534.00,20260610,1,2032,0,0.01,144.80700000,144.80500000,144.63500,-534.00
1751280300,0.00,20261001,0,2036,1,0.01,197.44900000,198.44800000,143.96200,0.00
1751320800,-374.00,20261001,1,2036,0,0.01,197.82300000,198.44800000,143.96200,-374.00
1751366700,0.00,20261000,0,2038,1,0.01,143.23700000,144.04200000,143.36600,0.00
1751407200,-488.00,20261000,1,2038,0,0.01,143.72500000,144.04200000,143.36600,-488.00
1751535900,0.00,20261001,0,2040,0,0.01,196.31400000,195.58300000,144.91000,0.00
1751562039,1463.00,20261001,1,2040,1,0.01,197.77700000,195.58300000,144.91000,1463.00
1751625900,0.00,20261001,0,2042,1,0.01,197.22900000,197.89200000,144.41800,0.00
1751666400,-44.00,20261001,1,2042,0,0.01,197.27300000,197.89200000,144.41800,-44.00
1751886000,0.00,20261000,0,2044,0,0.01,145.20000000,144.22300000,146.04300,0.00
1751889600,0.00,20260610,0,2045,0,0.01,145.33900000,144.83900000,146.04300,0.00
1751925600,971.00,20261000,1,2044,1,0.01,146.17100000,144.22300000,146.04300,971.00
1751948197,1103.00,20260610,1,2045,1,0.01,146.43900000,144.83900000,146.54500,1103.00
1752033600,0.00,20260605,0,2048,1,0.01,1.17244000,1.17494000,146.30700,0.00
1752118955,-363.00,20260605,1,2048,0,0.01,1.17494000,1.17494000,146.24000,-363.00
1752120000,0.00,20260605,0,2050,1,0.01,1.17435000,1.17685000,146.24000,0.00
1752140700,0.00,20261001,0,2051,0,0.01,199.16600000,198.37200000,146.24000,0.00
1752184800,-651.00,20261001,1,2051,1,0.01,198.51500000,198.37200000,146.24000,-651.00
1752454800,0.00,20260650,0,2053,0,0.03,96.61800000,0.00000000,147.68900,0.00
1752487200,0.00,20261001,0,2054,1,0.06,198.15700000,198.98400000,147.68900,0.00
1752530400,-1626.00,20261001,1,2054,0,0.06,198.42800000,198.98400000,147.68900,-1626.00
1752598842,1548.00,20260605,1,2050,0,0.01,1.16384000,1.17685000,148.82100,1548.00
1752748200,0.00,20261001,0,2057,0,0.01,199.10700000,198.13800000,148.50900,0.00
1752789600,324.00,20261001,1,2057,1,0.01,199.43100000,198.13800000,148.50900,324.00
1752832800,0.00,20261001,0,2059,0,0.01,199.78800000,199.10100000,148.75100,0.00
1752876000,-195.00,20261001,1,2059,1,0.01,199.59300000,199.10100000,148.75100,-195.00
1753177500,0.00,20261001,0,2061,0,0.01,199.22500000,198.42300000,146.60300,0.00
1753195237,-802.00,20261001,1,2061,1,0.01,198.42300000,198.42300000,146.60300,-802.00
1753207200,0.00,20260605,0,2063,0,0.01,1.17223000,1.16973000,146.60300,0.00
1753329600,0.00,20260774,0,2064,0,0.01,1.35744000,1.35244000,146.98200,0.00
1753358400,-453.00,20260774,1,2064,1,0.01,1.35435000,1.35244000,146.98200,-453.00
1753358400,0.00,20260774,0,2066,1,0.01,1.35435000,1.35935000,146.98200,0.00
1753442100,0.00,20261000,0,2067,0,0.02,147.75300000,146.80900000,147.59500,0.00
1753457978,1626.00,20260774,1,2066,0,0.01,1.34334000,1.35935000,147.59500,1626.00
1753480800,-384.00,20261000,1,2067,1,0.02,147.56100000,146.80900000,147.59500,-384.00
1753698747,-413.00,20260605,1,2063,1,0.01,1.16973000,1.16973000,148.43000,-413.00
1753700400,0.00,20261000,0,2071,0,0.01,148.29300000,147.51700000,148.43000,0.00
1753701300,0.00,20261001,0,2072,0,0.01,198.87900000,198.24400000,148.43000,0.00
1753740000,259.00,20261000,1,2071,1,0.01,148.55200000,147.51700000,148.43000,259.00
1753740000,-511.00,20261001,1,2072,1,0.01,198.36800000,198.24400000,148.43000,-511.00
1753761600,0.00,20260605,0,2075,1,0.01,1.15847000,1.16097000,148.37800,0.00
1753890870,1563.00,20260605,1,2075,0,0.01,1.14797000,1.16097000,149.48800,1563.00
1753958700,0.00,20261000,0,2077,0,0.02,149.65600000,148.58700000,150.70400,0.00
1753959600,0.00,20261001,0,2078,0,0.06,198.09400000,196.96100000,150.70400,0.00
1753999200,2204.00,20261000,1,2077,1,0.02,150.75800000,148.58700000,150.70400,2204.00
1753999200,7104.00,20261001,1,2078,1,0.06,199.27800000,196.96100000,150.70400,7104.00
1754307900,0.00,20261001,0,2081,0,0.01,196.40600000,195.27400000,147.06600,0.00
1754339499,-1132.00,20261001,1,2081,1,0.01,195.27400000,195.27400000,147.06600,-1132.00
1754388000,0.00,20261001,0,2083,0,0.01,195.64100000,195.02500000,147.59400,0.00
1754392500,0.00,20261000,0,2084,0,0.01,147.44800000,146.61700000,147.59400,0.00
1754431200,158.00,20261000,1,2084,1,0.01,147.60600000,146.61700000,147.59400,158.00
1754431200,597.00,20261001,1,2083,1,0.01,196.23800000,195.02500000,147.59400,597.00
1754559900,0.00,20261000,0,2087,1,0.01,146.97600000,147.70900000,147.11100,0.00
1754561700,0.00,20261001,0,2088,1,0.06,196.46100000,197.18300000,147.11100,0.00
1754575219,-4332.00,20261001,1,2088,0,0.06,197.18300000,197.18300000,147.11100,-4332.00
1754604000,-593.00,20261000,1,2087,0,0.01,147.56900000,147.70900000,147.11100,-593.00
1754625600,0.00,20260605,0,2091,0,0.01,1.16730000,1.16480000,147.65300,0.00
1754641112,-370.00,20260605,1,2091,1,0.01,1.16479000,1.16480000,147.65300,-370.00
1754650800,0.00,20261001,0,2093,0,0.01,198.03600000,197.38500000,147.65300,0.00
1754690400,610.00,20261001,1,2093,1,0.01,198.64600000,197.38500000,147.65300,610.00
1754904600,0.00,20261001,0,2095,0,0.01,198.78000000,198.10100000,148.12900,0.00
1754949600,238.00,20261001,1,2095,1,0.01,199.01800000,198.10100000,148.12900,238.00
1754997300,0.00,20261001,0,2097,0,0.01,199.48100000,198.72600000,147.80100,0.00
1755036000,-110.00,20261001,1,2097,1,0.01,199.37100000,198.72600000,147.80100,-110.00
1755080100,0.00,20261000,0,2099,1,0.02,147.55000000,148.16600000,147.35600,0.00
1755122400,222.00,20261000,1,2099,0,0.02,147.43900000,148.16600000,147.35600,222.00
1755257400,0.00,20261001,0,2101,1,0.01,199.13400000,200.00600000,147.09300,0.00
1755295200,-398.00,20261001,1,2101,0,0.01,199.53200000,200.00600000,147.09300,-398.00
1755619200,0.00,20260605,0,2103,0,0.01,1.16757000,1.16507000,147.65700,0.00
1755630000,-255.00,20260605,1,2103,1,0.01,1.16584000,1.16507000,147.65700,-255.00
1755630000,0.00,20260605,0,2105,1,0.01,1.16584000,1.16834000,147.65700,0.00
1755682200,0.00,20261000,0,2106,1,0.01,147.23500000,147.81400000,147.31800,0.00
1755727200,-37.00,20261000,1,2106,0,0.01,147.27200000,147.81400000,147.31800,-37.00
1755774000,0.00,20261001,0,2108,0,0.01,198.58300000,197.99700000,148.35400,0.00
1755813600,450.00,20261001,1,2108,1,0.01,199.03300000,197.99700000,148.35400,450.00
1755882663,-359.00,20260605,1,2105,0,0.01,1.16834000,1.16834000,146.88300,-359.00
1755885600,0.00,20260605,0,2111,0,0.01,1.17185000,1.16935000,146.88300,0.00
1756097232,-381.00,20260605,1,2111,1,0.01,1.16934000,1.16935000,147.76400,-381.00
1756152000,0.00,20260605,0,2113,1,0.01,1.16548000,1.16798000,147.76400,0.00
1756395658,-359.00,20260605,1,2113,0,0.01,1.16798000,1.16798000,146.90900,-359.00
1756411200,0.00,20260610,0,2115,1,0.01,146.84500000,147.34500000,146.90900,0.00
1756436400,0.00,20260605,0,2116,0,0.01,1.16789000,1.16539000,146.94300,0.00
1756454400,0.00,20260774,0,2117,0,0.01,1.35034000,1.34534000,146.94300,0.00
1756476384,-736.00,20260774,1,2117,1,0.01,1.34534000,1.34534000,146.94300,-736.00
1756480286,-370.00,20260605,1,2116,1,0.01,1.16538000,1.16539000,146.94300,-370.00
1756482098,-533.00,20260610,1,2115,0,0.01,147.34600000,147.34500000,146.94300,-533.00
1756497600,0.00,20260610,0,2121,1,0.01,146.91200000,147.41200000,146.94300,0.00
1756787503,-564.00,20260610,1,2121,0,0.01,147.41200000,147.41200000,148.34700,-564.00
1756805400,0.00,20261001,0,2123,0,0.01,200.12100000,199.02200000,148.34700,0.00
1756808100,0.00,20261000,0,2124,0,0.01,148.26200000,147.04500000,148.34700,0.00
1756811142,-1100.00,20261001,1,2123,1,0.01,199.02100000,199.02200000,148.34700,-1100.00
1756814400,0.00,20260610,0,2126,0,0.01,148.43800000,147.93800000,148.34700,0.00
1756828800,0.00,20260605,0,2127,1,0.01,1.16171000,1.16421000,148.34700,0.00
1756828800,0.00,20260774,0,2128,1,0.01,1.33512000,1.34012000,148.34700,0.00
1756830821,-371.00,20260605,1,2127,0,0.01,1.16421000,1.16421000,148.34700,-371.00
1756832435,-741.00,20260774,1,2128,0,0.01,1.34012000,1.34012000,148.34700,-741.00
1756833941,-501.00,20260610,1,2126,1,0.01,147.93700000,147.93800000,148.34700,-501.00
1756836000,0.00,20260605,0,2132,0,0.01,1.16628000,1.16378000,148.34700,0.00
1756847306,-371.00,20260605,1,2132,1,0.01,1.16378000,1.16378000,148.34700,-371.00
1756850400,209.00,20261000,1,2124,1,0.01,148.47100000,147.04500000,148.34700,209.00
1756899900,0.00,20261001,0,2135,0,0.06,199.12700000,198.48200000,148.06100,0.00
1756929600,0.00,20260774,0,2136,0,0.01,1.34503000,1.34003000,148.06100,0.00
1756936800,-1404.00,20261001,1,2135,1,0.06,198.89300000,198.48200000,148.06100,-1404.00
1756972800,0.00,20260605,0,2138,1,0.01,1.16513000,1.16763000,148.47100,0.00
1756983600,0.00,20261001,0,2139,0,0.06,199.21500000,198.77700000,148.47100,0.00
1757023200,1458.00,20261001,1,2139,1,0.06,199.45800000,198.77700000,148.47100,1458.00
1757062592,-368.00,20260605,1,2138,0,0.01,1.16763000,1.16763000,147.35000,-368.00
1757064600,0.00,20261001,0,2142,0,0.01,199.60500000,199.20100000,147.35000,0.00
1757070000,0.00,20260605,0,2143,0,0.01,1.16773000,1.16523000,147.35000,0.00
1757086230,-406.00,20261001,1,2142,1,0.01,199.19900000,199.20100000,147.35000,-406.00
1757088000,0.00,20260610,0,2145,1,0.01,147.29800000,147.79800000,147.35000,0.00
1757289900,-934.00,20260610,1,2145,0,0.01,148.20000000,147.79800000,147.43600,-934.00
1757304000,0.00,20260610,0,2147,0,0.01,148.34000000,147.84000000,147.43600,0.00
1757325100,-501.00,20260610,1,2147,1,0.01,147.83900000,147.84000000,147.43600,-501.00
1757326500,0.00,20261000,0,2149,1,0.02,147.72000000,148.57400000,147.43600,0.00
1757332800,0.00,20260610,0,2150,1,0.01,147.68200000,148.18200000,147.43600,0.00
1757368800,512.00,20261000,1,2149,0,0.02,147.46400000,148.57400000,147.43600,512.00
1757388390,1615.00,20260774,1,2136,1,0.01,1.35603000,1.34003000,147.40100,1615.00
1757417400,0.00,20261000,0,2153,1,0.01,146.67200000,147.51100000,147.40100,0.00
1757417611,1068.00,20260610,1,2150,0,0.01,146.58200000,148.18200000,147.40100,1068.00
1757419200,0.00,20260610,0,2155,1,0.01,146.61500000,147.11500000,147.40100,0.00
1757439674,-501.00,20260610,1,2155,0,0.01,147.11600000,147.11500000,147.40100,-501.00
1757455200,-732.00,20261000,1,2153,0,0.01,147.40400000,147.51100000,147.40100,-732.00
1757595600,77.00,20260605,1,2143,1,0.01,1.16855000,1.16523000,147.19900,77.00
1757595600,0.00,20260605,0,2159,1,0.01,1.16855000,1.17105000,147.19900,0.00
1757604691,-369.00,20260605,1,2159,0,0.01,1.17105000,1.17105000,147.19900,-369.00
1757675700,0.00,20261000,0,2161,0,0.01,147.67600000,147.07400000,147.56000,0.00
1757675700,0.00,20261001,0,2162,0,0.06,200.03300000,199.62000000,147.56000,0.00
1757682000,0.00,20260605,0,2163,0,0.01,1.17226000,1.16976000,147.56000,0.00
1757714400,-193.00,20261000,1,2161,1,0.01,147.48300000,147.07400000,147.56000,-193.00
1757714400,594.00,20261001,1,2162,1,0.06,200.13200000,199.62000000,147.56000,594.00
1758017700,0.00,20261000,0,2166,1,0.01,146.72500000,147.53600000,146.45400,0.00
1758042160,1518.00,20260605,1,2163,1,0.01,1.18276000,1.16976000,146.45400,1518.00
1758060000,376.00,20261000,1,2166,0,0.01,146.34900000,147.53600000,146.45400,376.00
1758186900,0.00,20261000,0,2169,0,0.01,147.52500000,146.76200000,147.97900,0.00
1758189600,0.00,20261001,0,2170,0,0.01,200.40300000,199.98400000,147.97900,0.00
1758196465,839.00,20261001,1,2170,1,0.01,201.24200000,199.98400000,147.97900,839.00
1758232800,357.00,20261000,1,2169,1,0.01,147.88200000,146.76200000,147.97900,357.00
1758274200,0.00,20261001,0,2173,1,0.01,199.42600000,200.60700000,147.88600,0.00
1758279600,0.00,20260629,0,2174,1,0.01,1.17699000,0.00000000,147.88600,0.00
1758279600,0.00,20260629,0,2175,0,0.01,1.34916000,0.00000000,147.88600,0.00
1758294000,0.00,20260605,0,2176,1,0.01,1.17368000,1.17618000,147.88600,0.00
1758300627,-371.00,20260605,1,2176,0,0.01,1.17619000,1.17618000,147.88600,-371.00
1758319200,124.00,20261001,1,2173,0,0.01,199.30200000,200.60700000,147.88600,124.00
1758542400,0.00,20260610,0,2179,0,0.01,147.85700000,147.35700000,147.69800,0.00
1758546000,0.00,20260605,0,2180,0,0.01,1.17763000,1.17513000,147.69800,0.00
1758626100,0.00,20261001,0,2181,0,0.01,199.73300000,199.33400000,147.56800,0.00
1758627159,-399.00,20261001,1,2181,1,0.01,199.33400000,199.33400000,147.56800,-399.00
1758708900,0.00,20261000,0,2183,0,0.01,148.08400000,147.50900000,148.88400,0.00
1758721591,-393.00,20260605,1,2180,1,0.01,1.17513000,1.17513000,148.88400,-393.00
1758751200,759.00,20261000,1,2183,1,0.01,148.84300000,147.50900000,148.88400,759.00
1758792600,0.00,20261001,0,2186,0,0.01,200.25200000,199.87100000,149.77600,0.00
1758798000,0.00,20260605,0,2187,1,0.01,1.17332000,1.17582000,149.77600,0.00
1758810920,-381.00,20261001,1,2186,1,0.01,199.87100000,199.87100000,149.77600,-381.00
1758814227,1109.00,20260610,1,2179,1,0.01,148.95700000,147.35700000,149.77600,1109.00
1758816000,0.00,20260610,0,2190,0,0.01,149.24500000,148.74500000,149.77600,0.00
1758859200,0.00,20260774,0,2191,1,0.01,1.33448000,1.33948000,149.42900,0.00
1758879000,0.00,20261001,0,2192,0,0.01,200.00900000,199.58100000,149.42900,0.00
1758906460,-748.00,20260774,1,2191,0,0.01,1.33948000,1.33948000,149.42900,-748.00
1758924000,381.00,20261001,1,2192,1,0.01,200.39000000,199.58100000,149.42900,381.00
1759134760,-494.00,20260610,1,2190,1,0.01,148.74500000,148.74500000,148.56700,-494.00
1759141800,0.00,20261001,0,2196,1,0.01,199.90100000,200.40200000,148.56700,0.00
1759142700,0.00,20261000,0,2197,1,0.01,148.61500000,149.50500000,148.56700,0.00
1759183200,-26.00,20261000,1,2197,0,0.01,148.64100000,149.50500000,148.56700,-26.00
1759183200,162.00,20261001,1,2196,0,0.01,199.73900000,200.40200000,148.56700,162.00
1759225500,0.00,20261000,0,2200,1,0.01,148.11000000,148.83800000,147.85300,0.00
1759228200,0.00,20261001,0,2201,1,0.01,199.09300000,199.76400000,147.85300,0.00
1759232549,-361.00,20260605,1,2187,0,0.01,1.17582000,1.17582000,147.85300,-361.00
1759269600,234.00,20261000,1,2200,0,0.01,147.87600000,148.83800000,147.85300,234.00
1759269600,217.00,20261001,1,2201,0,0.01,198.87600000,199.76400000,147.85300,217.00
1759311000,0.00,20261000,0,2205,1,0.01,147.34300000,148.22300000,147.05100,0.00
1759311000,0.00,20261001,0,2206,1,0.01,198.43200000,199.21200000,147.05100,0.00
1759323600,-411.00,20260629,1,2175,1,0.01,1.34642000,0.00000000,147.05100,-411.00
1759323600,564.00,20260629,1,2174,0,0.01,1.17332000,0.00000000,147.05100,564.00
1759345200,0.00,20260605,0,2209,1,0.01,1.17226000,1.17476000,147.05100,0.00
1759348800,0.00,20260610,0,2210,1,0.01,147.16000000,147.66000000,147.05100,0.00
1759356000,249.00,20261000,1,2205,0,0.01,147.09400000,148.22300000,147.05100,249.00
1759356000,62.00,20261001,1,2206,0,0.01,198.37000000,199.21200000,147.05100,62.00
1759399200,0.00,20261001,0,2213,0,0.01,198.50700000,198.03100000,147.20100,0.00
1759399466,-366.00,20260605,1,2209,0,0.01,1.17477000,1.17476000,147.20100,-366.00
1759402800,0.00,20260605,0,2215,0,0.01,1.17504000,1.17254000,147.20100,0.00
1759407965,-476.00,20261001,1,2213,1,0.01,198.03100000,198.03100000,147.20100,-476.00
1759423417,-368.00,20260605,1,2215,1,0.01,1.17254000,1.17254000,147.20100,-368.00
1759466067,-564.00,20260610,1,2210,0,0.01,147.66000000,147.66000000,147.43600,-564.00
1759737600,0.00,20260610,0,2219,0,0.01,150.31700000,149.81700000,150.31700,0.00
1759752000,0.00,20260774,0,2220,1,0.01,1.34356000,1.34856000,150.31700,0.00
1759765837,-501.00,20260610,1,2219,1,0.01,149.81600000,149.81700000,150.31700,-501.00
1759766400,0.00,20260610,0,2222,0,0.01,149.78100000,149.28100000,150.31700,0.00
1759784494,-752.00,20260774,1,2220,0,0.01,1.34857000,1.34856000,150.31700,-752.00
1759833900,0.00,20261001,0,2224,1,0.01,202.36200000,203.05100000,151.88400,0.00
1759837500,0.00,20261000,0,2225,0,0.01,150.74900000,150.16200000,151.88400,0.00
1759847607,1103.00,20260610,1,2222,1,0.01,150.88100000,149.28100000,151.88400,1103.00
1759859879,-689.00,20261001,1,2224,0,0.01,203.05100000,203.05100000,151.88400,-689.00
1759873202,1174.00,20261000,1,2225,1,0.01,151.92300000,150.16200000,151.88400,1174.00
1759923000,0.00,20261001,0,2229,0,0.01,204.51200000,203.72100000,152.67200,0.00
1759960800,-44.00,20261001,1,2229,1,0.01,204.46800000,203.72100000,152.67200,-44.00
1760092200,0.00,20261001,0,2231,1,0.06,203.15400000,203.74600000,151.17200,0.00
1760133600,3984.00,20261001,1,2231,0,0.06,202.49000000,203.74600000,151.17200,3984.00
1760352300,0.00,20261001,0,2233,0,0.01,203.09600000,202.26100000,152.26000,0.00
1760392800,-47.00,20261001,1,2233,1,0.01,203.04900000,202.26100000,152.26000,-47.00
1760677200,0.00,20260605,0,2235,0,0.01,1.17012000,1.16762000,150.44500,0.00
1760696100,0.00,20261000,0,2236,1,0.01,149.50400000,150.43100000,150.44500,0.00
1760713805,-931.00,20261000,1,2236,0,0.01,150.43500000,150.43100000,150.44500,-931.00
1760714018,-378.00,20260605,1,2235,1,0.01,1.16761000,1.16762000,150.44500,-378.00
1760976000,0.00,20260774,0,2239,1,0.01,1.34254000,1.34754000,150.72200,0.00
1761039000,0.00,20261001,0,2240,0,0.01,202.74500000,201.59600000,151.91600,0.00
1761051600,0.00,20260605,0,2241,1,0.01,1.16203000,1.16453000,151.91600,0.00
1761084000,396.00,20261001,1,2240,1,0.01,203.14100000,201.59600000,151.91600,396.00
1761131680,1652.00,20260774,1,2239,0,0.01,1.33153000,1.34754000,151.95900,1652.00
1761211800,0.00,20261001,0,2244,0,0.01,203.52700000,202.74800000,152.53600,0.00
1761256800,-311.00,20261001,1,2244,1,0.01,203.21600000,202.74800000,152.53600,-311.00
1761299100,0.00,20261001,0,2246,0,0.01,203.88000000,203.09300000,152.74000,0.00
1761319840,-367.00,20260605,1,2241,0,0.01,1.16453000,1.16453000,152.74000,-367.00
1761328598,-788.00,20261001,1,2246,1,0.01,203.09200000,203.09300000,152.74000,-788.00
1761595200,0.00,20260622,0,2249,0,0.02,152.99500000,152.22100000,152.86000,0.00
1761598800,0.00,20260605,0,2250,0,0.01,1.16383000,1.16133000,152.86000,0.00
1761634480,-1548.00,20260622,1,2249,1,0.02,152.21800000,152.22100000,152.09200,-1548.00
1761724800,-87.00,20260605,1,2250,1,0.01,1.16340000,1.16133000,152.71100,-87.00
1761724800,0.00,20260605,0,2253,1,0.01,1.16340000,1.16590000,152.71100,0.00
1761763575,-382.00,20260605,1,2253,0,0.01,1.16591000,1.16590000,152.71100,-382.00
1761817500,0.00,20261000,0,2255,0,0.01,153.50900000,152.15700000,154.11100,0.00
1761861600,571.00,20261000,1,2255,1,0.01,154.08000000,152.15700000,154.11100,571.00
1761905700,0.00,20261000,0,2257,0,0.02,154.29600000,153.64600000,153.95800,0.00
1761908400,0.00,20261001,0,2258,0,0.06,202.84500000,202.17300000,153.95800,0.00
1761923344,-4050.00,20261001,1,2258,1,0.06,202.17000000,202.17300000,153.95800,-4050.00
1761948000,-422.00,20261000,1,2257,1,0.02,154.08500000,153.64600000,153.95800,-422.00
1762253100,0.00,20261001,0,2261,1,0.01,201.32800000,202.67200000,153.65100,0.00
1762293600,1364.00,20261001,1,2261,0,0.01,199.96400000,202.67200000,153.65100,1364.00
1762426800,0.00,20261000,0,2263,1,0.01,153.55900000,154.14000000,153.05300,0.00
1762466400,414.00,20261000,1,2263,0,0.01,153.14500000,154.14000000,153.05300,414.00
1762767000,0.00,20261001,0,2265,0,0.01,202.65000000,201.74200000,154.12900,0.00
1762812000,386.00,20261001,1,2265,1,0.01,203.03600000,201.74200000,154.12900,386.00
1762833600,0.00,20260622,0,2267,0,0.02,154.32500000,153.56300000,154.12700,0.00
1762861500,0.00,20261001,0,2268,1,0.01,202.63100000,203.27300000,154.12700,0.00
1762898400,-299.00,20261001,1,2268,0,0.01,202.93000000,203.27300000,154.12700,-299.00
1762930800,0.00,20260605,0,2270,0,0.01,1.15724000,1.15474000,154.78200,0.00
1763032500,0.00,20261000,0,2271,1,0.02,154.43000000,155.00800000,154.53500,0.00
1763071200,-90.00,20261000,1,2271,0,0.02,154.47500000,155.00800000,154.53500,-90.00
1763552667,3084.00,20260622,1,2267,1,0.02,155.84900000,153.56300000,157.13200,3084.00
1763552700,0.00,20261000,0,2274,0,0.02,155.85900000,155.21400000,157.13200,0.00
1763553600,0.00,20260622,0,2275,0,0.02,155.95600000,155.26800000,157.13200,0.00
1763572234,-452.00,20260605,1,2270,1,0.01,1.15474000,1.15474000,157.13200,-452.00
1763589600,0.00,20260605,0,2277,1,0.01,1.15209000,1.15459000,157.13200,0.00
1763589600,2342.00,20261000,1,2274,1,0.02,157.03000000,155.21400000,157.13200,2342.00
1763610634,2760.00,20260622,1,2275,1,0.02,157.33300000,155.26800000,157.43900,2760.00
1763656289,-392.00,20260605,1,2277,0,0.01,1.15460000,1.15459000,157.43900,-392.00
1763718300,0.00,20261000,0,2281,1,0.01,156.77300000,157.54100000,156.28900,0.00
1763722800,0.00,20261001,0,2282,1,0.01,205.52700000,206.04300000,156.28900,0.00
1763726845,1032.00,20261001,1,2282,0,0.01,204.49500000,206.04300000,156.28900,1032.00
1763762400,440.00,20261000,1,2281,0,0.01,156.33300000,157.54100000,156.28900,440.00
1763956800,0.00,20260622,0,2285,0,0.01,156.72100000,155.70800000,156.83100,0.00
1763982000,0.00,20261001,0,2286,0,0.01,205.46500000,204.64500000,156.83100,0.00
1764021600,-4.00,20261001,1,2286,1,0.01,205.46100000,204.64500000,156.83100,-4.00
1764069300,0.00,20261000,0,2288,1,0.01,156.37900000,156.98100000,156.01300,0.00
1764069300,0.00,20261001,0,2289,1,0.01,205.17900000,205.70600000,156.01300,0.00
1764088350,-527.00,20261001,1,2289,0,0.01,205.70600000,205.70600000,156.01300,-527.00
1764108000,546.00,20261000,1,2288,0,0.01,155.83300000,156.98100000,156.01300,546.00
1764131213,-1008.00,20260622,1,2285,1,0.01,155.70700000,155.70800000,156.45100,-1008.00
1764151200,0.00,20261001,0,2293,0,0.01,206.09900000,205.19900000,156.45100,0.00
1764194400,966.00,20261001,1,2293,1,0.01,207.06500000,205.19900000,156.45100,966.00
1764270000,0.00,20260605,0,2295,0,0.01,1.15998000,1.15748000,156.28200,0.00
1764324038,-403.00,20260605,1,2295,1,0.01,1.15747000,1.15748000,156.07900,-403.00
1764324900,0.00,20261001,0,2297,1,0.01,206.55300000,207.19700000,156.07900,0.00
1764331200,0.00,20260605,0,2298,0,0.01,1.15681000,1.15431000,156.07900,0.00
1764367200,-242.00,20261001,1,2297,0,0.01,206.79500000,207.19700000,156.07900,-242.00
1764584100,0.00,20261001,0,2300,1,0.01,205.44100000,206.74700000,155.43900,0.00
1764626400,7.00,20261001,1,2300,0,0.01,205.43400000,206.74700000,155.43900,7.00
1764667800,0.00,20261001,0,2302,0,0.01,205.87300000,205.29300000,155.81400,0.00
1764671400,0.00,20261000,0,2303,0,0.01,155.95100000,155.39400000,155.81400,0.00
1764712800,-60.00,20261000,1,2303,1,0.01,155.89100000,155.39400000,155.81400,-60.00
1764712800,61.00,20261001,1,2302,1,0.01,205.93400000,205.29300000,155.81400,61.00
1764756900,0.00,20261001,0,2306,0,0.01,206.18900000,205.58700000,155.21400,0.00
1764774928,1602.00,20260605,1,2298,1,0.01,1.16732000,1.15431000,155.21400,1602.00
1764799200,938.00,20261001,1,2306,1,0.01,207.12700000,205.58700000,155.21400,938.00
1764844200,0.00,20261000,0,2309,1,0.02,154.81400000,155.53900000,155.08300,0.00
1764844200,0.00,20261001,0,2310,1,0.01,206.77400000,207.35600000,155.08300,0.00
1764885600,-420.00,20261000,1,2309,0,0.02,155.02400000,155.53900000,155.08300,-420.00
1764885600,-20.00,20261001,1,2310,0,0.01,206.79400000,207.35600000,155.08300,-20.00
1765275300,0.00,20261000,0,2313,0,0.01,156.25600000,155.74000000,156.84900,0.00
1765296000,0.00,20260774,0,2314,0,0.01,1.33147000,1.32647000,156.84900,0.00
1765317600,576.00,20261000,1,2313,1,0.01,156.83200000,155.74000000,156.84900,576.00
1765367100,0.00,20261001,0,2316,0,0.01,208.76700000,208.22800000,155.93100,0.00
1765404000,66.00,20261001,1,2316,1,0.01,208.83300000,208.22800000,155.93100,66.00
1765471050,1723.00,20260774,1,2314,1,0.01,1.34247000,1.32647000,155.54400,1723.00
1765966500,0.00,20261000,0,2319,0,0.01,155.56400000,154.50900000,155.66900,0.00
1765970100,0.00,20261001,0,2320,1,0.06,207.30400000,207.98500000,155.66900,0.00
1765991560,-4086.00,20261001,1,2320,0,0.06,207.98500000,207.98500000,155.66900,-4086.00
1766008800,79.00,20261000,1,2319,1,0.01,155.64300000,154.50900000,155.66900,79.00
1766050200,0.00,20261001,0,2323,0,0.01,208.46700000,207.85400000,155.52100,0.00
1766066405,-613.00,20261001,1,2323,1,0.01,207.85400000,207.85400000,155.52100,-613.00
1766138400,0.00,20261000,0,2325,0,0.01,156.73400000,155.43200000,157.72300,0.00
1766181600,793.00,20261000,1,2325,1,0.01,157.52700000,155.43200000,157.72300,793.00
1766396700,0.00,20261001,0,2327,0,0.06,211.13300000,210.45200000,157.03100,0.00
1766440800,156.00,20261001,1,2327,1,0.06,211.15900000,210.45200000,157.03100,156.00
1766488500,0.00,20261000,0,2329,1,0.01,155.77300000,157.02400000,156.15900,0.00
1766527200,-425.00,20261000,1,2329,0,0.01,156.19800000,157.02400000,156.15900,-425.00
1767003300,0.00,20261001,0,2331,1,0.01,210.65100000,211.33600000,156.01900,0.00
1767013200,0.00,20260605,0,2332,0,0.01,1.17660000,1.17410000,156.01900,0.00
1767038400,-222.00,20260605,1,2332,1,0.01,1.17518000,1.17410000,156.01900,-222.00
1767038400,0.00,20260605,0,2334,1,0.01,1.17518000,1.17768000,156.01900,0.00
1767045600,-106.00,20261001,1,2331,0,0.01,210.75700000,211.33600000,156.01900,-106.00
1767077020,-389.00,20260605,1,2334,0,0.01,1.17769000,1.17768000,156.37300,-389.00
1767179700,0.00,20261001,0,2337,1,0.06,210.28900000,210.82600000,156.70100,0.00
1767191714,-3234.00,20261001,1,2337,0,0.06,210.82800000,210.82600000,156.70100,-3234.00
1767326400,0.00,20260605,0,2339,0,0.01,1.17614000,1.17364000,156.77900,0.00
1767346288,-392.00,20260605,1,2339,1,0.01,1.17363000,1.17364000,156.77900,-392.00
1767611700,0.00,20261001,0,2341,1,0.06,210.56400000,211.33200000,156.30300,0.00
1767625200,0.00,20260629,0,2342,0,0.01,1.16712000,0.00000000,156.30300,0.00
1767625200,0.00,20260629,0,2343,1,0.01,1.34555000,0.00000000,156.30300,0.00
1767635480,-4614.00,20261001,1,2341,0,0.06,211.33300000,211.33200000,156.30300,-4614.00
1767639600,-1095.00,20260629,1,2343,0,0.01,1.35256000,0.00000000,156.30300,-1095.00
1767639600,679.00,20260629,1,2342,1,0.01,1.17147000,0.00000000,156.30300,679.00
1767643200,0.00,20260629,0,2347,0,0.01,1.17148000,0.00000000,156.30300,0.00
1767643200,0.00,20260629,0,2348,1,0.01,1.35322000,0.00000000,156.30300,0.00
1767781800,0.00,20261001,0,2349,1,0.01,211.09300000,211.74600000,156.74300,0.00
1767823200,52.00,20261001,1,2349,0,0.01,211.04100000,211.74600000,156.74300,52.00
1767931200,0.00,20260610,0,2351,0,0.01,157.16100000,156.66100000,157.82700,0.00
1767945600,0.00,20260627,0,2352,0,0.01,211.35400000,210.52500000,157.82700,0.00
1767951900,0.00,20261000,0,2353,0,0.01,157.54400000,156.68600000,157.82700,0.00
1767952800,0.00,20261001,0,2354,0,0.01,211.48700000,210.41200000,157.82700,0.00
1767996000,340.00,20261000,1,2353,1,0.01,157.88400000,156.68600000,157.82700,340.00
1767996000,177.00,20261001,1,2354,1,0.01,211.66400000,210.41200000,157.82700,177.00
1768217400,0.00,20261001,0,2357,0,0.01,212.43800000,211.57900000,158.04000,0.00
1768255200,505.00,20261001,1,2357,1,0.01,212.94300000,211.57900000,158.04000,505.00
1768272749,1107.00,20260610,1,2351,1,0.01,158.26200000,156.66100000,159.10500,1107.00
1768388400,0.00,20261000,0,2360,1,0.02,158.92100000,159.45000000,158.36800,0.00
1768428000,826.00,20261000,1,2360,0,0.02,158.50800000,159.45000000,158.36800,826.00
1768472100,0.00,20261001,0,2362,0,0.01,213.09300000,212.56000000,158.58300,0.00
1768488998,-534.00,20261001,1,2362,1,0.01,212.55900000,212.56000000,158.58300,-534.00
1768492800,2501.00,20260629,1,2348,0,0.01,1.33734000,0.00000000,158.58300,2501.00
1768492800,-1895.00,20260629,1,2347,1,0.01,1.16013000,0.00000000,158.58300,-1895.00
1768816800,0.00,20261000,0,2366,0,0.02,158.08200000,157.42100000,158.03900,0.00
1768817700,0.00,20261001,0,2367,0,0.01,211.71200000,210.57200000,158.03900,0.00
1768860000,0.00,20261000,1,2366,1,0.02,158.08200000,157.42100000,158.03900,0.00
1768860000,527.00,20261001,1,2367,1,0.01,212.23900000,210.57200000,158.03900,527.00
1768907700,0.00,20261000,0,2370,1,0.02,157.74400000,158.46600000,158.12600,0.00
1768914000,0.00,20260605,0,2371,0,0.01,1.17315000,1.17065000,158.12600,0.00
1768917600,0.00,20260629,0,2372,1,0.01,1.17348000,0.00000000,158.12600,0.00
1768917600,0.00,20260629,0,2373,0,0.01,1.34638000,0.00000000,158.12600,0.00
1768946400,-1092.00,20261000,1,2370,0,0.02,158.29000000,158.46600000,158.12600,-1092.00
1768991434,-409.00,20260605,1,2371,1,0.01,1.17064000,1.17065000,158.27200,-409.00
1768993200,0.00,20261001,0,2376,1,0.01,212.15200000,212.66300000,158.27200,0.00
1769013735,-512.00,20261001,1,2376,0,0.01,212.66400000,212.66300000,158.27200,-512.00
1769075100,0.00,20261001,0,2378,0,0.01,213.36400000,212.31600000,158.31000,0.00
1769119200,330.00,20261001,1,2378,1,0.01,213.69400000,212.31600000,158.31000,330.00
1769160334,3389.00,20260627,1,2352,1,0.01,214.67300000,210.52500000,155.64700,3389.00
1769160600,0.00,20261000,0,2381,0,0.01,159.17000000,158.32900000,155.64700,0.00
1769161409,-843.00,20261000,1,2381,1,0.01,158.32700000,158.32900000,155.64700,-843.00
1769161500,0.00,20261000,0,2383,1,0.02,157.51300000,158.94700000,155.64700,0.00
1769191200,1581.00,20260629,1,2373,1,0.01,1.35640000,0.00000000,155.64700,1581.00
1769191200,-364.00,20260629,1,2372,0,0.01,1.17584000,0.00000000,155.64700,-364.00
1769205600,3242.00,20261000,1,2383,0,0.02,155.89200000,158.94700000,155.64700,3242.00
1769486400,0.00,20260610,0,2387,1,0.01,154.34700000,154.84700000,152.11100,0.00
1769510010,-500.00,20260610,1,2387,0,0.01,154.84700000,154.84700000,152.11100,-500.00
1769510700,0.00,20261000,0,2389,0,0.01,154.82100000,154.07800000,152.11100,0.00
1769514732,-744.00,20261000,1,2389,1,0.01,154.07700000,154.07800000,152.11100,-744.00
1769515200,0.00,20260610,0,2391,1,0.01,153.74200000,154.24200000,152.11100,0.00
1769542962,1100.00,20260610,1,2391,0,0.01,152.64200000,154.24200000,152.11100,1100.00
1769544000,0.00,20260610,0,2393,1,0.01,152.76500000,153.26500000,152.11100,0.00
1769620109,-532.00,20260610,1,2393,0,0.01,153.26500000,153.26500000,153.39900,-532.00
1769684400,0.00,20261001,0,2395,0,0.01,211.90400000,211.32300000,153.08100,0.00
1769706879,-581.00,20261001,1,2395,1,0.01,211.32300000,211.32300000,153.08100,-581.00
1770204600,0.00,20261001,0,2397,0,0.01,214.64700000,213.01700000,156.82000,0.00
1770205500,0.00,20261000,0,2398,0,0.01,156.57900000,155.64400000,156.82000,0.00
1770206400,0.00,20260610,0,2399,0,0.01,156.64900000,156.14900000,156.82000,0.00
1770242400,244.00,20261000,1,2398,1,0.01,156.82300000,155.64400000,156.82000,244.00
1770242400,-386.00,20261001,1,2397,1,0.01,214.26100000,213.01700000,156.82000,-386.00
1770292800,0.00,20260605,0,2402,1,0.01,1.17805000,1.18055000,156.98100,0.00
1770305417,-404.00,20260605,1,2402,0,0.01,1.18063000,1.18055000,156.98100,-404.00
1770377400,0.00,20261001,0,2404,0,0.01,213.16800000,211.59400000,157.08000,0.00
1770415200,742.00,20261001,1,2404,1,0.01,213.91000000,211.59400000,157.08000,742.00
1770649829,-492.00,20260610,1,2399,1,0.01,156.14800000,156.14900000,155.84900,-492.00
1770652800,0.00,20260610,0,2407,1,0.01,155.92900000,156.42900000,155.84900,0.00
1770737729,1069.00,20260610,1,2407,0,0.01,154.82800000,156.42900000,154.37800,1069.00
1770739200,0.00,20260610,0,2409,1,0.01,154.75900000,155.25900000,154.37800,0.00
1770784708,1068.00,20260610,1,2409,0,0.01,153.65900000,155.25900000,153.23600,1068.00
1770796800,0.00,20260610,0,2411,1,0.01,153.04100000,153.54100000,153.23600,0.00
1770818496,-501.00,20260610,1,2411,0,0.01,153.54200000,153.54100000,153.23600,-501.00
1770825600,0.00,20260610,0,2413,1,0.01,153.83100000,154.33100000,153.23600,0.00
1770838176,1100.00,20260610,1,2413,0,0.01,152.73100000,154.33100000,153.23600,1100.00
1770840000,0.00,20260610,0,2415,1,0.01,152.82800000,153.32800000,153.23600,0.00
1770854940,-551.00,20260610,1,2415,0,0.01,153.34700000,153.32800000,152.72500,-551.00
1770865200,0.00,20260605,0,2417,0,0.01,1.18770000,1.18520000,152.72500,0.00
1770973409,-395.00,20260605,1,2417,1,0.01,1.18520000,1.18520000,152.61300,-395.00
1770976800,0.00,20261001,0,2419,0,0.01,208.84200000,207.70800000,152.61300,0.00
1770979500,0.00,20261000,0,2420,0,0.01,153.59700000,152.60900000,152.61300,0.00
1771010045,-990.00,20261000,1,2420,1,0.01,152.60700000,152.60900000,152.61300,-990.00
1771020000,-409.00,20261001,1,2419,1,0.01,208.43300000,207.70800000,152.61300,-409.00
1771234200,0.00,20261001,0,2423,0,0.01,209.14700000,207.98000000,153.41200,0.00
1771242300,0.00,20261000,0,2424,0,0.01,153.50600000,152.53600000,153.41200,0.00
1771279200,-24.00,20261000,1,2424,1,0.01,153.48200000,152.53600000,153.41200,-24.00
1771279200,78.00,20261001,1,2423,1,0.01,209.22500000,207.98000000,153.41200,78.00
1771351200,0.00,20260629,0,2427,1,0.01,1.18106000,0.00000000,153.26100,0.00
1771351200,0.00,20260629,0,2428,0,0.01,1.35034000,0.00000000,153.26100,0.00
1771408800,0.00,20261001,0,2429,0,0.01,208.39800000,207.55700000,154.78400,0.00
1771452000,473.00,20261001,1,2429,1,0.01,208.87100000,207.55700000,154.78400,473.00
1771466400,0.00,20260605,0,2431,1,0.01,1.17883000,1.18133000,154.97300,0.00
1771584300,0.00,20261000,0,2432,0,0.01,155.55600000,154.83400000,154.94300,0.00
1771588800,0.00,20260774,0,2433,1,0.01,1.34664000,1.35164000,154.94300,0.00
1771607739,-723.00,20261000,1,2432,1,0.01,154.83300000,154.83400000,154.94300,-723.00
1771809681,-384.00,20260605,1,2431,0,0.01,1.18135000,1.18133000,154.59100,-384.00
1771810707,-776.00,20260774,1,2433,0,0.01,1.35164000,1.35164000,154.59100,-776.00
1771924500,0.00,20261000,0,2437,0,0.01,155.72800000,154.52100000,155.81000,0.00
1771970400,48.00,20261000,1,2437,1,0.01,155.77600000,154.52100000,155.81000,48.00
1772014500,0.00,20261001,0,2439,0,0.01,210.95600000,209.99800000,156.28600,0.00
1772017200,0.00,20261000,0,2440,0,0.02,156.30700000,155.34600000,156.28600,0.00
1772056800,264.00,20261000,1,2440,1,0.02,156.43900000,155.34600000,156.28600,264.00
1772056800,1024.00,20261001,1,2439,1,0.01,211.98000000,209.99800000,156.28600,1024.00
1772078400,0.00,20260774,0,2443,0,0.01,1.35738000,1.35238000,156.10600,0.00
1772092800,-211.00,20260774,1,2443,1,0.01,1.35603000,1.35238000,156.10600,-211.00
1772092800,0.00,20260774,0,2445,1,0.01,1.35603000,1.36103000,156.10600,0.00
1772101800,0.00,20261001,0,2446,1,0.01,211.14200000,211.94600000,156.10600,0.00
1772135381,1721.00,20260774,1,2445,0,0.01,1.34503000,1.36103000,156.10600,1721.00
1772143200,560.00,20261001,1,2446,0,0.01,210.58200000,211.94600000,156.10600,560.00
1772424000,0.00,20260605,0,2449,1,0.01,1.17918000,1.18168000,157.32600,0.00
1772446500,0.00,20261000,0,2450,0,0.01,157.15800000,155.93700000,157.32600,0.00
1772474079,1656.00,20260605,1,2449,0,0.01,1.16868000,1.18168000,157.32600,1656.00
1772488800,-5.00,20261000,1,2450,1,0.01,157.15300000,155.93700000,157.32600,-5.00
1772530200,0.00,20261001,0,2453,1,0.01,209.95300000,211.35200000,157.72400,0.00
1772538300,0.00,20261000,0,2454,0,0.02,157.74100000,157.17400000,157.72400,0.00
1772560800,-3200.00,20260629,1,2428,1,0.01,1.33013000,0.00000000,157.72400,-3200.00
1772560800,3777.00,20260629,1,2427,0,0.01,1.15732000,0.00000000,157.72400,3777.00
1772575200,-154.00,20261000,1,2454,1,0.02,157.66400000,157.17400000,157.72400,-154.00
1772575200,-623.00,20261001,1,2453,0,0.01,210.57600000,211.35200000,157.72400,-623.00
1773054000,0.00,20261001,0,2459,0,0.01,211.46300000,210.60200000,157.64400,0.00
1773093600,545.00,20261001,1,2459,1,0.01,212.00800000,210.60200000,157.64400,545.00
1773129600,0.00,20260774,0,2461,1,0.01,1.34244000,1.34744000,158.03000,0.00
1773138504,-790.00,20260774,1,2461,0,0.01,1.34745000,1.34744000,158.03000,-790.00
1773138600,0.00,20261000,0,2463,1,0.01,157.38100000,157.95200000,158.03000,0.00
1773142200,0.00,20261001,0,2464,0,0.01,212.12300000,211.54400000,158.03000,0.00
1773155788,-571.00,20261000,1,2463,0,0.01,157.95200000,157.95200000,158.03000,-571.00
1773158400,0.00,20260774,0,2466,1,0.01,1.34410000,1.34910000,158.03000,0.00
1773180000,-140.00,20261001,1,2464,1,0.01,211.98300000,211.54400000,158.03000,-140.00
1773288000,0.00,20260610,0,2468,0,0.01,158.98400000,158.48400000,159.34200,0.00
1773387398,1752.00,20260774,1,2466,0,0.01,1.33309000,1.34910000,159.71400,1752.00
1773396000,0.00,20261001,0,2470,1,0.01,212.28400000,212.86900000,159.71400,0.00
1773414004,1170.00,20261001,1,2470,0,0.01,211.11400000,212.86900000,159.71400,1170.00
1773849600,0.00,20260622,0,2472,0,0.02,159.44900000,158.69200000,159.83000,0.00
1773916200,0.00,20261000,0,2473,1,0.01,159.40200000,159.85300000,157.67100,0.00
1773937238,-1508.00,20260622,1,2472,1,0.02,158.69200000,158.69200000,157.67100,-1508.00
1773938979,903.00,20261000,1,2473,0,0.01,158.49900000,159.85300000,157.67100,903.00
1773938981,-486.00,20260610,1,2468,1,0.01,158.48300000,158.48400000,157.67100,-486.00
1773961200,0.00,20260605,0,2477,0,0.01,1.15850000,1.15600000,157.67100,0.00
1773987299,-411.00,20260605,1,2477,1,0.01,1.15598000,1.15600000,159.21500,-411.00
1773999000,0.00,20261001,0,2479,0,0.01,212.37100000,211.56500000,159.21500,0.00
1774044000,-23.00,20261001,1,2479,1,0.01,212.34800000,211.56500000,159.21500,-23.00
1774299600,0.00,20260605,0,2481,0,0.01,1.16021000,1.15771000,158.43000,0.00
1774336523,-408.00,20260605,1,2481,1,0.01,1.15771000,1.15771000,158.69300,-408.00
1774348200,0.00,20261001,0,2483,0,0.06,212.86700000,212.28100000,158.69300,0.00
1774353040,-3516.00,20261001,1,2483,1,0.06,212.28100000,212.28100000,158.69300,-3516.00
1774648800,0.00,20260605,0,2485,1,0.01,1.15134000,1.15384000,160.24000,0.00
1774929600,0.00,20260622,0,2486,0,0.02,159.88600000,159.16500000,158.70200,0.00
1774975505,-1452.00,20260622,1,2486,1,0.02,159.16000000,159.16500000,158.70200,-1452.00
1774978320,-393.00,20260605,1,2485,0,0.01,1.15385000,1.15384000,158.70200,-393.00
1774980000,0.00,20260605,0,2489,1,0.01,1.15200000,1.15450000,158.70200,0.00
1774986029,-398.00,20260605,1,2489,0,0.01,1.15450000,1.15450000,158.70200,-398.00
1774998000,0.00,20260605,0,2491,0,0.01,1.15594000,1.15344000,158.70200,0.00
1775037600,0.00,20261000,0,2492,1,0.01,158.30700000,159.01100000,158.78300,0.00
1775042100,0.00,20261001,0,2493,0,0.01,210.56400000,209.66100000,158.78300,0.00
1775080800,-546.00,20261000,1,2492,0,0.01,158.85300000,159.01100000,158.78300,-546.00
1775080800,634.00,20261001,1,2493,1,0.01,211.19800000,209.66100000,158.78300,634.00
1775109600,-227.00,20260605,1,2491,1,0.01,1.15466000,1.15344000,159.51300,-227.00
1775109600,0.00,20260605,0,2497,1,0.01,1.15466000,1.15716000,159.51300,0.00
1775124900,0.00,20261000,0,2498,0,0.01,159.60600000,158.53500000,159.51300,0.00
1775152800,-78.00,20260605,1,2497,0,0.01,1.15515000,1.15716000,159.51300,-78.00
1775152800,0.00,20260605,0,2500,0,0.01,1.15515000,1.15265000,159.51300,0.00
1775167200,26.00,20261000,1,2498,1,0.01,159.63200000,158.53500000,159.51300,26.00
1775230226,-411.00,20260605,1,2500,1,0.01,1.15265000,1.15265000,159.50100,-411.00
1775470500,0.00,20261001,0,2503,0,0.01,210.99400000,210.22500000,159.67500,0.00
1775512800,388.00,20261001,1,2503,1,0.01,211.38200000,210.22500000,159.67500,388.00
1775555100,0.00,20261001,0,2505,0,0.01,211.56200000,211.08700000,159.52900,0.00
1775581200,0.00,20260605,0,2506,0,0.01,1.15640000,1.15390000,159.52900,0.00
1775599200,362.00,20261001,1,2505,1,0.01,211.92400000,211.08700000,159.52900,362.00
1775613580,1664.00,20260605,1,2506,1,0.01,1.16690000,1.15390000,158.50800,1664.00
1775734200,0.00,20261000,0,2509,0,0.01,159.09000000,158.41300000,158.91900,0.00
1775772000,-80.00,20261000,1,2509,1,0.01,159.01000000,158.41300000,158.91900,-80.00
1775813400,0.00,20261001,0,2511,0,0.01,213.75800000,213.35200000,159.18600,0.00
1775858400,775.00,20261001,1,2511,1,0.01,214.53300000,213.35200000,159.18600,775.00
1776182400,0.00,20260774,0,2513,0,0.01,1.35871000,1.35371000,158.77700,0.00
1776331800,0.00,20261001,0,2514,0,0.01,215.61900000,215.10700000,159.09200,0.00
1776342695,-797.00,20260774,1,2513,1,0.01,1.35371000,1.35371000,159.09200,-797.00
1776376800,-186.00,20261001,1,2514,1,0.01,215.43300000,215.10700000,159.09200,-186.00
1776770100,0.00,20261000,0,2517,0,0.01,159.17700000,158.59500000,159.33700,0.00
1776808800,193.00,20261000,1,2517,1,0.01,159.37000000,158.59500000,159.33700,193.00
1776856500,0.00,20261001,0,2519,0,0.01,215.42900000,214.98300000,159.45600,0.00
1776869739,-448.00,20261001,1,2519,1,0.01,214.98100000,214.98300000,159.45600,-448.00
1776924000,0.00,20260605,0,2521,1,0.01,1.16971000,1.17221000,159.69200,0.00
1777074360,-397.00,20260605,1,2521,0,0.01,1.17222000,1.17221000,159.29100,-397.00
1777541400,0.00,20261001,0,2523,0,0.01,216.32100000,215.85600000,156.55500,0.00
1777546651,-467.00,20261001,1,2523,1,0.01,215.85400000,215.85600000,156.55500,-467.00
1777548600,0.00,20261000,0,2525,1,0.02,159.91500000,160.65600000,156.55500,0.00
1777550400,0.00,20260610,0,2526,0,0.01,159.59000000,159.09000000,156.55500,0.00
1777555597,-502.00,20260610,1,2526,1,0.01,159.08800000,159.09000000,156.55500,-502.00
1777555778,2966.00,20261000,1,2525,0,0.02,158.43200000,160.65600000,156.55500,2966.00
1777564800,0.00,20260610,0,2529,1,0.01,156.82200000,157.32200000,156.55500,0.00
1777614635,-532.00,20260610,1,2529,0,0.01,157.32200000,157.32200000,156.93100,-532.00
1777629600,0.00,20261000,0,2531,1,0.02,155.96300000,157.32500000,156.93100,0.00
1777672800,-2112.00,20261000,1,2531,0,0.02,157.01900000,157.32500000,156.93100,-2112.00
1777867200,0.00,20260605,0,2533,0,0.01,1.17274000,1.17024000,157.21400,0.00
1777900050,-396.00,20260605,1,2533,1,0.01,1.17022000,1.17024000,157.21400,-396.00
1777903200,0.00,20260605,0,2535,1,0.01,1.17049000,1.17299000,157.21400,0.00
1777914000,-160.00,20260605,1,2535,0,0.01,1.17151000,1.17299000,157.21400,-160.00
1777914000,0.00,20260605,0,2537,0,0.01,1.17151000,1.16901000,157.21400,0.00
1777921709,-393.00,20260605,1,2537,1,0.01,1.16901000,1.16901000,157.21400,-393.00
1778011200,0.00,20260605,0,2539,1,0.01,1.16992000,1.17242000,157.87100,0.00
1778033677,-391.00,20260605,1,2539,0,0.01,1.17243000,1.17242000,156.34200,-391.00
1778205600,0.00,20260605,0,2541,0,0.01,1.17253000,1.17003000,156.62100,0.00
1778232600,0.00,20261001,0,2542,0,0.01,212.98700000,212.26700000,156.62100,0.00
1778277600,455.00,20261001,1,2542,1,0.01,213.44200000,212.26700000,156.62100,455.00
1778583600,0.00,20260629,0,2544,1,0.01,1.17477000,0.00000000,157.60500,0.00
1778583600,0.00,20260629,0,2545,0,0.01,1.35186000,0.00000000,157.60500,0.00
1778673157,-429.00,20260605,1,2541,1,0.01,1.17003000,1.17003000,157.86700,-429.00
1778680800,0.00,20260605,0,2547,1,0.01,1.17125000,1.17375000,157.86700,0.00
1778845500,0.00,20261001,0,2548,1,0.01,211.56900000,212.24600000,158.78500,0.00
1778882400,144.00,20261001,1,2548,0,0.01,211.42500000,212.24600000,158.78500,144.00
1779206400,0.00,20260610,0,2550,0,0.01,159.06900000,158.56900000,159.04800,0.00
1779207579,1685.00,20260605,1,2547,0,0.01,1.16074000,1.17375000,159.04800,1685.00
1779454800,-1467.00,20260629,1,2545,1,0.01,1.34269000,0.00000000,159.12000,-1467.00
1779454800,2301.00,20260629,1,2544,0,0.01,1.16046000,0.00000000,159.12000,2301.00
1779707700,0.00,20261001,0,2554,0,0.01,214.37100000,213.47300000,158.87700,0.00
1779746400,256.00,20261001,1,2554,1,0.01,214.62700000,213.47300000,158.87700,256.00
1779790500,0.00,20261000,0,2556,0,0.01,159.15600000,158.77700000,159.29000,0.00
1779832800,177.00,20261000,1,2556,1,0.01,159.33300000,158.77700000,159.29000,177.00
1779915600,0.00,20260605,0,2558,0,0.01,1.16276000,1.16026000,159.50500,0.00
1779949122,-411.00,20260605,1,2558,1,0.01,1.16026000,1.16026000,159.22600,-411.00
1779969600,0.00,20260774,0,2560,1,0.01,1.34013000,1.34513000,159.22600,0.00
1779984000,0.00,20260605,0,2561,0,0.01,1.16369000,1.16119000,159.22600,0.00
1779988457,-799.00,20260774,1,2560,0,0.01,1.34515000,1.34513000,159.22600,-799.00
1780308000,0.00,20261001,0,2563,0,0.01,214.79300000,214.27000000,159.63100,0.00
1780332697,-523.00,20261001,1,2563,1,0.01,214.27000000,214.27000000,159.63100,-523.00
1780332700,-423.00,20260605,1,2561,1,0.01,1.16119000,1.16119000,159.63100,-423.00
1780395300,0.00,20261001,0,2566,0,0.01,215.19200000,214.63300000,159.89300,0.00
1780434000,0.00,20260605,0,2567,1,0.01,1.16213000,1.16463000,159.89300,0.00
1780437600,177.00,20261001,1,2566,1,0.01,215.36900000,214.63300000,159.89300,177.00
1780483500,0.00,20261000,0,2569,1,0.02,159.66500000,159.99700000,160.05100,0.00
1780510061,-668.00,20261000,1,2569,0,0.02,159.99900000,159.99700000,160.05100,-668.00
1780585200,-326.00,20260605,1,2567,0,0.01,1.16421000,1.16463000,160.00700,-326.00
1780585200,0.00,20260605,0,2572,0,0.01,1.16421000,1.16171000,160.00700,0.00
1780596000,-189.00,20260605,1,2572,1,0.01,1.16303000,1.16171000,160.00700,-189.00
1780596000,0.00,20260605,0,2574,1,0.01,1.16303000,1.16553000,160.00700,0.00
1780653600,0.00,20261001,0,2575,0,0.06,214.88400000,214.52400000,160.23400,0.00
1780675048,1139.00,20260610,1,2550,1,0.01,160.16900000,158.56900000,160.23400,1139.00
1780675289,-2166.00,20261001,1,2575,1,0.06,214.52300000,214.52400000,160.23400,-2166.00
1780686977,1685.00,20260605,1,2574,0,0.01,1.15253000,1.16553000,160.23400,1685.00
1780997400,0.00,20261001,0,2579,0,0.01,214.07200000,213.47400000,160.34200,0.00
1781042400,612.00,20261001,1,2579,1,0.01,214.68400000,213.47400000,160.34200,612.00
1781083800,0.00,20261001,0,2581,0,0.01,214.82200000,214.23500000,160.52200,0.00
1781128800,-93.00,20261001,1,2581,1,0.01,214.72900000,214.23500000,160.52200,-93.00
1781553600,0.00,20260605,0,2583,0,0.01,1.16038000,1.15788000,160.31900,0.00
1781594012,-414.00,20260605,1,2583,1,0.01,1.15787000,1.15788000,160.35500,-414.00
1781610300,0.00,20261001,0,2585,0,0.06,215.13600000,214.52000000,160.35500,0.00
1781647200,1818.00,20261001,1,2585,1,0.06,215.43900000,214.52000000,160.35500,1818.00
1781694000,0.00,20261000,0,2587,1,0.01,160.18700000,160.43900000,160.63800,0.00
1781712000,0.00,20260605,0,2588,0,0.01,1.16024000,1.15774000,160.63800,0.00
1781730014,-402.00,20260605,1,2588,1,0.01,1.15773000,1.15774000,160.63800,-402.00
1781730330,-254.00,20261000,1,2587,0,0.01,160.44100000,160.43900000,160.63800,-254.00
1781733600,0.00,20260605,0,2591,1,0.01,1.15385000,1.15635000,160.63800,0.00
1781775900,0.00,20261001,0,2592,0,0.01,214.03500000,213.10800000,161.36400,0.00
1781783121,-927.00,20261001,1,2592,1,0.01,213.10800000,213.10800000,161.36400,-927.00
1781794800,0.00,20260629,0,2594,1,0.01,1.14571000,0.00000000,161.36400,0.00
1781794800,0.00,20260629,0,2595,0,0.01,1.32114000,0.00000000,161.36400,0.00
1781855359,1691.00,20260605,1,2591,0,0.01,1.14335000,1.15635000,161.23700,1691.00
1781913599,41.00,0,1,2595,1,0.01,1.32140000,0.00000000,161.23700,41.00
1781913599,-260.00,0,1,2594,0,0.01,1.14735000,0.00000000,161.23700,-260.00
1781913599,55143.00,0,1,2053,1,0.03,112.96500000,0.00000000,161.23700,55143.00
