position_id,time,magic,symbol,overlap,concentration,profit
2,1466504100,20261001,GBPJPY,0.0,1.0,-188.0
3,1466505000,20261000,USDJPY,1.0,2.0,183.0
4,1466505900,20261002,GOLD,1.0,2.0,1273.0
8,1466625600,20260605,EURUSD,0.0,1.0,1075.0
10,1466744400,20260605,EURUSD,0.0,1.0,1100.0
12,1466755200,20260774,GBPUSD,0.0,1.0,-530.0
14,1467111600,20261001,GBPJPY,0.0,1.0,723.0
15,1467117000,20261002,GOLD,0.0,1.0,-305.0
18,1467369900,20261000,USDJPY,0.0,1.0,-104.0
20,1467715500,20261000,USDJPY,0.0,1.0,199.0
21,1467720000,20260622,USDJPY,2.0,2.0,3019.0
24,1467810900,20261002,GOLD,0.0,1.0,-908.0
26,1467871200,20260605,EURUSD,0.0,1.0,-113.0
28,1467874800,20260605,EURUSD,0.0,1.0,-253.0
30,1468228500,20261000,USDJPY,0.0,1.0,1040.0
31,1468233000,20261002,GOLD,1.0,2.0,103.0
34,1468314900,20261001,GBPJPY,0.0,1.0,3876.0
35,1468316700,20261000,USDJPY,1.0,2.0,1303.0
36,1468332000,20260605,EURUSD,0.0,1.0,-271.0
38,1468346400,20260605,EURUSD,1.0,2.0,-262.0
41,1468404000,20261002,GOLD,0.0,0.0,41.0
44,1468487700,20261001,GBPJPY,0.0,1.0,824.0
45,1468488600,20261000,USDJPY,1.0,2.0,-250.0
46,1468494900,20261002,GOLD,1.0,2.0,-391.0
50,1468602000,20260605,EURUSD,0.0,1.0,19.0
52,1468911600,20260605,EURUSD,0.0,1.0,-264.0
54,1469009700,20261002,GOLD,0.0,1.0,728.0
55,1469013300,20261000,USDJPY,1.0,2.0,408.0
56,1469014200,20261001,GBPJPY,1.0,2.0,6324.0
60,1469100600,20261001,GBPJPY,0.0,1.0,6924.0
61,1469101500,20261000,USDJPY,1.0,2.0,72.0
62,1469113200,20260605,EURUSD,0.0,1.0,-265.0
66,1469462400,20260610,USDJPY,0.0,1.0,-499.0
68,1469525400,20261001,GBPJPY,0.0,1.0,-838.0
70,1469714400,20260605,EURUSD,0.0,1.0,1072.0
71,1469779200,20260610,USDJPY,1.0,2.0,-500.0
73,1469793600,20260610,USDJPY,1.0,2.0,1100.0
76,1470132900,20261002,GOLD,0.0,1.0,1757.0
77,1470134700,20261000,USDJPY,1.0,2.0,936.0
80,1470320100,20261002,GOLD,0.0,1.0,198.0
82,1470384000,20260640,GOLD,0.0,1.0,-1018.0
84,1470736800,20261001,GBPJPY,0.0,1.0,348.0
85,1470758400,20260627,GBPJPY,2.0,2.0,-1843.0
87,1470787200,20260605,EURUSD,0.0,1.0,-252.0
89,1470801600,20260605,EURUSD,0.0,1.0,-23.0
90,1470913200,20261001,GBPJPY,2.0,2.0,-4734.0
93,1470949200,20260605,EURUSD,0.0,1.0,-251.0
95,1471017600,20260605,EURUSD,0.0,1.0,-255.0
97,1471257900,20261001,GBPJPY,2.0,2.0,828.0
98,1471291200,20260610,USDJPY,2.0,3.0,1070.0
100,1471338900,20261001,GBPJPY,3.0,3.0,-1043.0
101,1471339800,20261002,GOLD,1.0,2.0,-145.0
105,1471520700,20261001,GBPJPY,0.0,0.0,-1650.0
106,1471522500,20261002,GOLD,0.0,1.0,-963.0
109,1471601700,20261001,GBPJPY,2.0,2.0,1506.0
111,1471863600,20261001,GBPJPY,0.0,0.0,-156.0
112,1471896000,20260774,GBPUSD,0.0,1.0,1093.0
115,1472117400,20261001,GBPJPY,2.0,2.0,224.0
118,1472529600,20260774,GBPUSD,0.0,1.0,-519.0
119,1472552100,20261001,GBPJPY,0.0,1.0,5916.0
120,1472553000,20261000,USDJPY,2.0,2.0,565.0
123,1472635800,20261001,GBPJPY,0.0,1.0,586.0
126,1472726700,20261001,GBPJPY,0.0,1.0,6900.0
127,1472727600,20261000,USDJPY,1.0,2.0,-544.0
128,1472729400,20261002,GOLD,1.0,2.0,-1391.0
132,1472809500,20261000,USDJPY,0.0,1.0,-489.0
133,1472809500,20261001,GBPJPY,1.0,2.0,631.0
135,1472832000,20260774,GBPUSD,1.0,2.0,1127.0
137,1473070500,20261001,GBPJPY,0.0,1.0,-53.0
140,1473328800,20260605,EURUSD,0.0,1.0,-271.0
141,1473336900,20261002,GOLD,1.0,2.0,-762.0
144,1473679800,20261000,USDJPY,0.0,1.0,313.0
145,1473679800,20261001,GBPJPY,1.0,2.0,-1248.0
148,1473845400,20261001,GBPJPY,0.0,1.0,-1344.0
149,1473857100,20261002,GOLD,0.0,1.0,-154.0
152,1473926400,20260774,GBPUSD,0.0,1.0,-510.0
154,1474021800,20261001,GBPJPY,0.0,1.0,7044.0
155,1474041600,20260774,GBPUSD,1.0,2.0,1126.0
156,1474056000,20260610,USDJPY,1.0,2.0,-499.0
159,1474257600,20260605,EURUSD,1.0,2.0,-254.0
160,1474279200,20261001,GBPJPY,1.0,2.0,-649.0
162,1474283700,20261000,USDJPY,0.0,0.0,-61.0
166,1474401600,20260610,USDJPY,0.0,1.0,-532.0
168,1474444800,20260610,USDJPY,0.0,1.0,-500.0
170,1474454700,20261002,GOLD,0.0,1.0,836.0
171,1474473600,20260610,USDJPY,1.0,2.0,-620.0
173,1474542000,20261000,USDJPY,0.0,0.0,225.0
174,1474563600,20260605,EURUSD,0.0,1.0,-253.0
176,1474581600,20260605,EURUSD,0.0,1.0,-251.0
179,1474617600,20260610,USDJPY,0.0,1.0,-679.0
180,1474622100,20261001,GBPJPY,1.0,2.0,461.0
183,1474883100,20261001,GBPJPY,1.0,2.0,498.0
184,1474886700,20261000,USDJPY,3.0,3.0,191.0
187,1474967700,20261001,GBPJPY,0.0,1.0,-573.0
188,1474995600,20260605,EURUSD,1.0,2.0,-251.0
190,1474999200,20260605,EURUSD,0.0,1.0,-111.0
192,1475002800,20260605,EURUSD,1.0,2.0,-260.0
196,1475140500,20261001,GBPJPY,0.0,1.0,-1413.0
197,1475179200,20260610,USDJPY,0.0,1.0,-532.0
200,1475227800,20261000,USDJPY,0.0,1.0,-1300.0
201,1475227800,20261001,GBPJPY,1.0,2.0,-7734.0
202,1475254800,20260605,EURUSD,0.0,1.0,-253.0
204,1475258400,20260605,EURUSD,1.0,2.0,-262.0
207,1475489700,20261001,GBPJPY,0.0,1.0,-876.0
210,1475539200,20260610,USDJPY,0.0,1.0,1100.0
212,1475643600,20260605,EURUSD,0.0,1.0,-257.0
214,1476353700,20261001,GBPJPY,0.0,1.0,-895.0
216,1476784800,20261002,GOLD,0.0,1.0,5.0
217,1476785700,20261001,GBPJPY,0.0,1.0,246.0
220,1476873000,20261000,USDJPY,0.0,1.0,22.0
221,1476907200,20260627,GBPJPY,1.0,2.0,-1287.0
223,1476950400,20260610,USDJPY,0.0,1.0,1109.0
225,1477392300,20261002,GOLD,0.0,0.0,304.0
227,1477425600,20260627,GBPJPY,0.0,1.0,-1154.0
230,1477568700,20261001,GBPJPY,0.0,1.0,-162.0
232,1477908900,20261001,GBPJPY,0.0,1.0,327.0
234,1477958400,20260605,EURUSD,0.0,1.0,1091.0
235,1477993500,20261001,GBPJPY,0.0,1.0,-2898.0
236,1477995300,20261000,USDJPY,1.0,2.0,-419.0
237,1477999800,20261002,GOLD,0.0,1.0,695.0
241,1478080800,20261002,GOLD,1.0,2.0,968.0
243,1478081700,20261000,USDJPY,1.0,2.0,103.0
246,1478169900,20261002,GOLD,0.0,1.0,-1226.0
248,1478250900,20261001,GBPJPY,0.0,1.0,36.0
250,1478516400,20261002,GOLD,0.0,1.0,277.0
252,1478563200,20260650,AUDJPY,0.0,1.0,179829.0
253,1478598300,20261001,GBPJPY,1.0,2.0,424.0
255,1478764800,20260605,EURUSD,0.0,1.0,1124.0
256,1478774700,20261001,GBPJPY,1.0,2.0,14310.0
257,1478776500,20261002,GOLD,0.0,0.0,-1790.0
258,1478778300,20261000,USDJPY,2.0,3.0,1344.0
262,1478861100,20261001,GBPJPY,1.0,2.0,1368.0
265,1479119400,20261000,USDJPY,1.0,2.0,713.0
267,1479206700,20261001,GBPJPY,0.0,1.0,-1202.0
269,1479287700,20261001,GBPJPY,1.0,2.0,-665.0
271,1479375000,20261001,GBPJPY,1.0,2.0,475.0
273,1479441600,20260640,GOLD,0.0,1.0,-1432.0
274,1479461400,20261001,GBPJPY,1.0,2.0,-803.0
276,1479726000,20261001,GBPJPY,0.0,1.0,-4038.0
279,1479806100,20261001,GBPJPY,1.0,2.0,-918.0
281,1479978900,20261001,GBPJPY,1.0,2.0,810.0
282,1479980700,20261000,USDJPY,2.0,3.0,184.0
283,1479988800,20260628,AUDJPY,4.0,4.0,3214.0
286,1480065300,20261000,USDJPY,0.0,1.0,-156.0
287,1480065300,20261001,GBPJPY,0.0,1.0,-1674.0
288,1480075200,20260774,GBPUSD,1.0,2.0,-570.0
292,1480348800,20260622,USDJPY,2.0,3.0,2653.0
293,1480377600,20260724,BTCUSD,0.0,0.0,-445.0
294,1480411800,20261001,GBPJPY,3.0,4.0,1839.0
295,1480417200,20261000,USDJPY,4.0,5.0,-301.0
298,1480503600,20261001,GBPJPY,3.0,4.0,1801.0
299,1480510800,20260605,EURUSD,0.0,1.0,-284.0
301,1480525200,20260605,EURUSD,0.0,1.0,-132.0
303,1480528800,20260605,EURUSD,0.0,1.0,-285.0
306,1480579200,20260605,EURUSD,0.0,1.0,-214.0
307,1480608000,20260629,EURUSD,2.0,2.0,-2986.0
308,1480608000,20260629,EURUSD,0.0,1.0,3993.0
310,1480611600,20260605,EURUSD,0.0,1.0,-286.0
312,1480670100,20261001,GBPJPY,3.0,4.0,272.0
314,1480932900,20261002,GOLD,0.0,1.0,-448.0
315,1480932900,20261000,USDJPY,4.0,4.0,-268.0
316,1480935600,20260605,EURUSD,0.0,1.0,1196.0
320,1481097600,20260640,GOLD,0.0,1.0,3708.0
321,1481196600,20261001,GBPJPY,3.0,4.0,-585.0
323,1481248800,20260605,EURUSD,1.0,2.0,-287.0
324,1481280300,20261001,GBPJPY,3.0,4.0,603.0
325,1481299200,20260627,GBPJPY,5.0,5.0,-1364.0
327,1481313600,20260622,USDJPY,5.0,5.0,3894.0
329,1481535000,20261001,GBPJPY,5.0,5.0,93.0
330,1481537700,20261000,USDJPY,7.0,6.0,-805.0
335,1481594400,20260605,EURUSD,2.0,3.0,-288.0
336,1481624100,20261001,GBPJPY,5.0,5.0,-361.0
339,1481673600,20260724,BTCUSD,0.0,1.0,-332.0
342,1481760000,20260628,AUDJPY,3.0,3.0,-517.0
344,1481803200,20260622,USDJPY,3.0,4.0,-1092.0
345,1481803200,20260640,GOLD,0.0,1.0,-1350.0
346,1481805000,20261002,GOLD,1.0,2.0,443.0
348,1481881500,20261001,GBPJPY,5.0,5.0,123.0
351,1482138900,20261001,GBPJPY,0.0,2.0,815.0
354,1482220800,20260622,USDJPY,2.0,3.0,-1068.0
355,1482228900,20261001,GBPJPY,4.0,4.0,-601.0
356,1482229800,20261000,USDJPY,5.0,5.0,-366.0
359,1482244200,20261002,GOLD,2.0,3.0,-262.0
363,1482317100,20261001,GBPJPY,0.0,2.0,-8.0
364,1482350400,20260774,GBPUSD,1.0,2.0,1273.0
368,1482832800,20261002,GOLD,0.0,1.0,-803.0
371,1482930000,20260605,EURUSD,1.0,2.0,-37.0
374,1482984000,20260605,EURUSD,0.0,1.0,1224.0
377,1483091100,20261001,GBPJPY,1.0,2.0,322.0
378,1483092000,20261000,USDJPY,2.0,3.0,-360.0
381,1483434900,20261000,USDJPY,1.0,2.0,-78.0
382,1483434900,20261001,GBPJPY,2.0,3.0,-666.0
383,1483443900,20261002,GOLD,1.0,2.0,-2426.0
384,1483466400,20260605,EURUSD,2.0,3.0,-294.0
389,1483521300,20261001,GBPJPY,1.0,2.0,-898.0
390,1483525800,20261002,GOLD,0.0,1.0,41.0
392,1483549200,20260605,EURUSD,1.0,2.0,1211.0
395,1483660801,20260724,BTCUSD,0.0,1.0,-620.0
396,1483704000,20260774,GBPUSD,0.0,1.0,1294.0
398,1483952400,20260629,EURUSD,0.0,1.0,-1385.0
399,1483952400,20260629,EURUSD,0.0,1.0,1428.0
400,1483953300,20261001,GBPJPY,0.0,1.0,1739.0
402,1484135100,20261001,GBPJPY,0.0,1.0,-1344.0
403,1484164800,20260605,EURUSD,1.0,2.0,1208.0
405,1484216100,20261002,GOLD,2.0,3.0,-293.0
408,1484558100,20261001,GBPJPY,0.0,1.0,-1113.0
410,1484648100,20261002,GOLD,1.0,2.0,-128.0
411,1484651700,20261000,USDJPY,2.0,3.0,433.0
414,1484740800,20260610,USDJPY,1.0,2.0,-500.0
419,1485144000,20260610,USDJPY,0.0,1.0,1070.0
421,1485230400,20260610,USDJPY,0.0,1.0,-500.0
422,1485250200,20261001,GBPJPY,0.0,1.0,-3702.0
424,1485252000,20261002,GOLD,0.0,1.0,11.0
426,1485256500,20261001,GBPJPY,1.0,2.0,-655.0
429,1485336600,20261001,GBPJPY,0.0,1.0,-807.0
430,1485342000,20261002,GOLD,0.0,1.0,408.0
432,1485343800,20261001,GBPJPY,1.0,2.0,3072.0
435,1485426600,20261001,GBPJPY,1.0,2.0,193.0
436,1485431100,20261002,GOLD,0.0,1.0,877.0
437,1485431100,20261000,USDJPY,3.0,3.0,413.0
438,1485432000,20260774,GBPUSD,1.0,2.0,-571.0
443,1485770400,20260605,EURUSD,0.0,1.0,-102.0
444,1485774000,20261001,GBPJPY,0.0,1.0,1688.0
447,1485828000,20260605,EURUSD,0.0,1.0,1151.0
448,1485856800,20261001,GBPJPY,0.0,1.0,-656.0
450,1485871200,20261002,GOLD,1.0,2.0,676.0
451,1485892800,20260774,GBPUSD,1.0,2.0,1226.0
453,1485942300,20261001,GBPJPY,2.0,2.0,712.0
454,1485943200,20261000,USDJPY,2.0,3.0,-564.0
459,1486037700,20261002,GOLD,0.0,1.0,-675.0
461,1486116900,20261001,GBPJPY,1.0,2.0,-887.0
462,1486126800,20260605,EURUSD,0.0,1.0,-106.0
464,1486130400,20260605,EURUSD,0.0,1.0,-284.0
467,1486339200,20260724,BTCUSD,0.0,1.0,-449.0
468,1486400400,20260605,EURUSD,0.0,1.0,-179.0
469,1486411200,20260640,GOLD,0.0,1.0,-2022.0
471,1486414800,20260605,EURUSD,2.0,3.0,-292.0
473,1486462500,20261001,GBPJPY,0.0,1.0,-816.0
474,1486483200,20260774,GBPUSD,2.0,3.0,1243.0
478,1487242800,20261000,USDJPY,1.0,2.0,493.0
480,1487328300,20261001,GBPJPY,0.0,1.0,7644.0
481,1487332800,20260640,GOLD,1.0,2.0,-1338.0
483,1487582100,20261001,GBPJPY,1.0,2.0,245.0
486,1487707200,20260640,GOLD,1.0,2.0,1645.0
487,1487763000,20261000,USDJPY,2.0,3.0,3.0
490,1487844900,20261001,GBPJPY,1.0,2.0,408.0
492,1487934000,20261001,GBPJPY,0.0,1.0,7380.0
493,1487936700,20261000,USDJPY,1.0,2.0,912.0
495,1487952000,20260640,GOLD,1.0,2.0,-1138.0
496,1487952000,20260605,EURUSD,2.0,3.0,-281.0
498,1487955600,20260605,EURUSD,0.0,1.0,-280.0
502,1488232800,20260605,EURUSD,0.0,1.0,-278.0
504,1488274200,20261001,GBPJPY,0.0,1.0,505.0
507,1488326400,20260605,EURUSD,0.0,1.0,-285.0
508,1488366900,20261001,GBPJPY,1.0,2.0,-1026.0
509,1488377700,20261002,GOLD,1.0,2.0,-657.0
512,1488448800,20261001,GBPJPY,1.0,2.0,61.0
513,1488456900,20261002,GOLD,1.0,2.0,1069.0
516,1488541500,20261001,GBPJPY,0.0,1.0,-683.0
518,1488571200,20260610,USDJPY,2.0,2.0,-500.0
521,1488792600,20261001,GBPJPY,0.0,1.0,154.0
523,1488873600,20260774,GBPUSD,0.0,1.0,1232.0
524,1488880800,20261001,GBPJPY,1.0,2.0,-174.0
525,1488916800,20260605,EURUSD,0.0,1.0,-109.0
527,1488920400,20260605,EURUSD,1.0,2.0,-294.0
529,1488966300,20261001,GBPJPY,1.0,2.0,-546.0
531,1488988800,20260610,USDJPY,3.0,3.0,-486.0
532,1489057200,20261000,USDJPY,5.0,4.0,-33.0
534,1489075200,20260605,EURUSD,0.0,2.0,1199.0
536,1489137300,20261001,GBPJPY,2.0,3.0,-808.0
539,1489395630,20260724,BTCUSD,0.0,1.0,-1536.0
540,1489396500,20261001,GBPJPY,2.0,3.0,242.0
543,1489484700,20261000,USDJPY,2.0,3.0,-382.0
544,1489486500,20261001,GBPJPY,0.0,2.0,34.0
548,1489636800,20260610,USDJPY,1.0,2.0,1020.0
549,1489656600,20261000,USDJPY,2.0,3.0,-510.0
550,1489657500,20261002,GOLD,3.0,4.0,-266.0
551,1489657500,20261001,GBPJPY,1.0,2.0,-849.0
555,1490001300,20261001,GBPJPY,0.0,1.0,-525.0
558,1490087700,20261001,GBPJPY,1.0,2.0,-152.0
560,1490140830,20260610,USDJPY,1.0,2.0,1015.0
561,1490177700,20261001,GBPJPY,0.0,1.0,1054.0
562,1490181300,20261000,USDJPY,3.0,3.0,53.0
565,1490261400,20261000,USDJPY,2.0,3.0,119.0
566,1490266800,20261001,GBPJPY,1.0,2.0,-4572.0
570,1490356800,20260774,GBPUSD,1.0,2.0,1227.0
572,1490774400,20260774,GBPUSD,1.0,2.0,1230.0
573,1490821200,20260605,EURUSD,0.0,1.0,1174.0
574,1490868900,20261001,GBPJPY,0.0,0.0,-4590.0
577,1490954400,20261001,GBPJPY,0.0,1.0,-906.0
579,1491219900,20261001,GBPJPY,0.0,1.0,5316.0
582,1491392700,20261001,GBPJPY,1.0,2.0,347.0
584,1491487200,20261002,GOLD,0.0,0.0,-196.0
586,1491811200,20260774,GBPUSD,1.0,2.0,1214.0
587,1491903900,20261001,GBPJPY,0.0,0.0,-416.0
589,1491993000,20261001,GBPJPY,2.0,2.0,-186.0
591,1492027200,20260628,AUDJPY,0.0,1.0,-735.0
594,1492074900,20261001,GBPJPY,1.0,2.0,-600.0
595,1492077600,20261000,USDJPY,2.0,3.0,-144.0
596,1492106400,20260605,EURUSD,0.0,1.0,-278.0
599,1492171200,20260628,AUDJPY,0.0,0.0,-1467.0
601,1492508700,20261001,GBPJPY,0.0,1.0,-458.0
603,1492527600,20260605,EURUSD,1.0,2.0,2357.0
604,1492549200,20260629,EURUSD,3.0,3.0,2199.0
605,1492549200,20260629,EURUSD,0.0,2.0,-36.0
606,1492596900,20261001,GBPJPY,0.0,1.0,-754.0
607,1492597800,20261000,USDJPY,1.0,2.0,-157.0
608,1492601400,20261002,GOLD,0.0,0.0,-4.0
612,1492681500,20261001,GBPJPY,0.0,1.0,520.0
616,1493113500,20261001,GBPJPY,1.0,2.0,1453.0
617,1493115300,20261002,GOLD,0.0,0.0,745.0
618,1493115300,20261000,USDJPY,2.0,3.0,771.0
625,1493251260,20260724,BTCUSD,0.0,1.0,34.0
626,1493284500,20261001,GBPJPY,1.0,2.0,265.0
628,1493631000,20261000,USDJPY,1.0,2.0,-39.0
629,1493631000,20261001,GBPJPY,2.0,3.0,-172.0
632,1493716500,20261001,GBPJPY,1.0,2.0,258.0
634,1493802900,20261001,GBPJPY,0.0,1.0,-504.0
636,1493891100,20261002,GOLD,0.0,0.0,351.0
637,1493891100,20261001,GBPJPY,0.0,1.0,-3564.0
639,1493897400,20261001,GBPJPY,1.0,2.0,-111.0
642,1494000000,20260610,USDJPY,1.0,2.0,1106.0
643,1494270000,20260605,EURUSD,0.0,1.0,-295.0
646,1494342000,20260605,EURUSD,0.0,1.0,-280.0
649,1494622800,20260605,EURUSD,0.0,1.0,1172.0
650,1494806400,20260724,BTCUSD,1.0,2.0,-52.0
651,1494839700,20261001,GBPJPY,1.0,2.0,49.0
652,1494842400,20261000,USDJPY,2.0,3.0,34.0
653,1494849600,20260627,GBPJPY,4.0,4.0,-976.0
656,1494926100,20261000,USDJPY,2.0,3.0,272.0
658,1494934200,20261001,GBPJPY,2.0,2.0,-3612.0
662,1495013400,20261001,GBPJPY,0.0,1.0,1259.0
663,1495026000,20261002,GOLD,1.0,2.0,1153.0
666,1495099800,20261002,GOLD,0.0,0.0,-713.0
667,1495107900,20261001,GBPJPY,1.0,2.0,-1309.0
669,1495116000,20261002,GOLD,1.0,2.0,-1512.0
671,1495137600,20260610,USDJPY,1.0,2.0,-516.0
674,1495152090,20260610,USDJPY,1.0,2.0,-499.0
675,1495189800,20261001,GBPJPY,2.0,3.0,500.0
678,1495532700,20261001,GBPJPY,0.0,1.0,-730.0
680,1495704600,20261001,GBPJPY,1.0,2.0,-529.0
682,1495793700,20261000,USDJPY,1.0,2.0,71.0
685,1496056500,20261001,GBPJPY,1.0,2.0,-68.0
687,1496142000,20260605,EURUSD,0.0,1.0,-285.0
688,1496142000,20261002,GOLD,1.0,2.0,351.0
690,1496163600,20260605,EURUSD,0.0,1.0,-287.0
693,1496231100,20261001,GBPJPY,0.0,1.0,-1067.0
696,1496316600,20261001,GBPJPY,0.0,1.0,1380.0
698,1496361660,20260605,EURUSD,0.0,1.0,-337.0
699,1496707230,20260724,BTCUSD,1.0,2.0,-680.0
700,1496741400,20261002,GOLD,2.0,3.0,480.0
701,1496743200,20261001,GBPJPY,0.0,1.0,497.0
704,1496835000,20261000,USDJPY,2.0,3.0,-874.0
706,1496933100,20261002,GOLD,0.0,1.0,2112.0
707,1496937600,20260610,USDJPY,1.0,2.0,-544.0
710,1497002400,20260629,EURUSD,0.0,1.0,-1937.0
711,1497002400,20260629,EURUSD,1.0,2.0,3016.0
712,1497009600,20260605,EURUSD,0.0,1.0,-276.0
713,1497009600,20260774,GBPUSD,0.0,1.0,-552.0
717,1497267000,20261000,USDJPY,1.0,2.0,195.0
718,1497267000,20261001,GBPJPY,1.0,2.0,6246.0
719,1497297600,20260610,USDJPY,4.0,3.0,-530.0
723,1497349800,20261000,USDJPY,0.0,1.0,-239.0
725,1497456000,20260605,EURUSD,1.0,2.0,-275.0
727,1497477600,20260605,EURUSD,0.0,1.0,246.0
728,1497524400,20261001,GBPJPY,0.0,1.0,-608.0
729,1497531600,20261002,GOLD,0.0,1.0,1071.0
732,1497571230,20260650,AUDJPY,0.0,1.0,127082.0
733,1497606300,20261001,GBPJPY,1.0,2.0,-643.0
735,1497867300,20261001,GBPJPY,1.0,2.0,-120.0
739,1498438800,20260605,EURUSD,0.0,1.0,1171.0
740,1498555800,20261000,USDJPY,1.0,2.0,-419.0
742,1498582800,20260605,EURUSD,1.0,2.0,1145.0
744,1498648500,20261000,USDJPY,1.0,2.0,-445.0
749,1498730400,20261001,GBPJPY,1.0,2.0,-85.0
750,1498734000,20261002,GOLD,0.0,1.0,157.0
751,1498734900,20261000,USDJPY,3.0,3.0,-862.0
752,1498752000,20260774,GBPUSD,1.0,2.0,-578.0
756,1499073300,20261001,GBPJPY,2.0,2.0,328.0
757,1499077800,20261002,GOLD,0.0,0.0,1315.0
758,1499077800,20261000,USDJPY,2.0,3.0,654.0
762,1499140800,20260610,USDJPY,1.0,2.0,1112.0
764,1499247900,20261001,GBPJPY,2.0,3.0,95.0
765,1499251500,20261000,USDJPY,4.0,4.0,-426.0
766,1499257800,20261002,GOLD,2.0,3.0,-403.0
770,1499336100,20261001,GBPJPY,2.0,3.0,2142.0
771,1499351400,20261002,GOLD,1.0,2.0,-102.0
774,1499457600,20260774,GBPUSD,0.0,1.0,-585.0
775,1499678100,20261001,GBPJPY,3.0,3.0,-429.0
778,1499745600,20260628,AUDJPY,2.0,2.0,2330.0
779,1499764500,20261001,GBPJPY,3.0,3.0,-603.0
781,1499792400,20260605,EURUSD,1.0,2.0,-326.0
783,1499817660,20260724,BTCUSD,1.0,2.0,-360.0
784,1499850900,20261001,GBPJPY,0.0,1.0,-565.0
786,1499918400,20260774,GBPUSD,2.0,3.0,1253.0
787,1499940000,20261001,GBPJPY,3.0,3.0,168.0
789,1499954400,20260605,EURUSD,0.0,1.0,-286.0
791,1499958000,20260605,EURUSD,2.0,3.0,-286.0
795,1500375600,20261001,GBPJPY,2.0,3.0,-3948.0
797,1500378300,20261001,GBPJPY,0.0,1.0,204.0
800,1500547500,20261000,USDJPY,1.0,2.0,-536.0
801,1500559200,20261002,GOLD,0.0,1.0,-634.0
804,1500637500,20261000,USDJPY,1.0,2.0,666.0
806,1500975000,20261001,GBPJPY,0.0,1.0,-2832.0
808,1500982200,20261001,GBPJPY,1.0,2.0,791.0
809,1500998400,20260628,AUDJPY,3.0,3.0,-598.0
811,1501063200,20261001,GBPJPY,0.0,1.0,-2616.0
814,1501147800,20261001,GBPJPY,2.0,3.0,-596.0
816,1501242300,20261001,GBPJPY,2.0,3.0,-300.0
818,1501459200,20260724,BTCUSD,0.0,1.0,920.0
820,1501560000,20260628,AUDJPY,2.0,2.0,-612.0
822,1501660800,20260610,USDJPY,1.0,2.0,896.0
823,1501669800,20261001,GBPJPY,0.0,1.0,-214.0
825,1501760700,20261001,GBPJPY,0.0,1.0,-614.0
827,1501771500,20261002,GOLD,2.0,3.0,-115.0
828,1501772400,20260629,EURUSD,0.0,2.0,-84.0
829,1501772400,20260629,EURUSD,2.0,3.0,-297.0
832,1501779600,20260629,EURUSD,0.0,2.0,-333.0
833,1501779600,20260629,EURUSD,2.0,3.0,236.0
836,1501786800,20260629,EURUSD,0.0,2.0,-258.0
837,1501786800,20260629,EURUSD,2.0,3.0,-1980.0
839,1502273700,20261002,GOLD,2.0,3.0,471.0
842,1502359200,20260605,EURUSD,0.0,1.0,-274.0
843,1502359200,20261001,GBPJPY,0.0,1.0,771.0
844,1502372700,20261002,GOLD,0.0,1.0,392.0
848,1502442900,20261001,GBPJPY,1.0,2.0,-432.0
850,1502451900,20261001,GBPJPY,0.0,1.0,-2574.0
852,1502470800,20260605,EURUSD,1.0,2.0,-82.0
854,1502474400,20260605,EURUSD,0.0,1.0,-274.0
857,1502707500,20261002,GOLD,0.0,1.0,-280.0
858,1502708400,20261000,USDJPY,2.0,2.0,-141.0
861,1502841660,20260724,BTCUSD,0.0,1.0,65.0
862,1502899200,20260774,GBPUSD,0.0,1.0,-564.0
863,1503050400,20261000,USDJPY,0.0,1.0,-438.0
864,1503051300,20261001,GBPJPY,1.0,2.0,-684.0
868,1503311400,20261002,GOLD,1.0,2.0,359.0
869,1503324000,20260605,EURUSD,2.0,3.0,-10.0
872,1503471600,20260605,EURUSD,0.0,1.0,-274.0
874,1503486000,20260605,EURUSD,1.0,2.0,1116.0
875,1503486000,20261001,GBPJPY,0.0,1.0,571.0
877,1503567900,20261001,GBPJPY,1.0,2.0,2646.0
878,1503574200,20261000,USDJPY,2.0,3.0,145.0
879,1503604800,20260627,GBPJPY,0.0,2.0,-1781.0
884,1503950400,20260640,GOLD,1.0,2.0,1512.0
885,1503964800,20260774,GBPUSD,0.0,1.0,-549.0
887,1504006200,20261002,GOLD,2.0,3.0,-1346.0
888,1504022400,20260774,GBPUSD,0.0,2.0,-585.0
891,1504084500,20261001,GBPJPY,1.0,2.0,552.0
892,1504085400,20261000,USDJPY,2.0,3.0,316.0
896,1504281600,20260640,GOLD,0.0,0.0,1986.0
899,1504517400,20261001,GBPJPY,1.0,2.0,-246.0
901,1504611000,20261002,GOLD,0.0,1.0,-1751.0
904,1504699200,20260774,GBPUSD,1.0,2.0,1200.0
905,1504779300,20261001,GBPJPY,0.0,0.0,-416.0
908,1504803600,20260605,EURUSD,1.0,2.0,-294.0
909,1504857600,20260640,GOLD,2.0,3.0,-1187.0
910,1504863900,20261001,GBPJPY,0.0,0.0,-698.0
914,1505123100,20261001,GBPJPY,1.0,2.0,853.0
916,1505149200,20260605,EURUSD,0.0,1.0,-277.0
918,1505160000,20260605,EURUSD,0.0,1.0,-285.0
921,1505215800,20261000,USDJPY,1.0,2.0,798.0
923,1505354400,20260605,EURUSD,0.0,1.0,-275.0
924,1505388600,20261001,GBPJPY,0.0,1.0,-480.0
927,1505426400,20260605,EURUSD,0.0,1.0,-283.0
928,1505468700,20261000,USDJPY,2.0,2.0,216.0
930,1505476800,20260610,USDJPY,3.0,3.0,1104.0
931,1505491200,20260605,EURUSD,0.0,1.0,-278.0
933,1505505600,20260605,EURUSD,2.0,3.0,-276.0
935,1505727000,20261001,GBPJPY,2.0,3.0,-785.0
939,1505821500,20261001,GBPJPY,0.0,1.0,-2766.0
940,1505822400,20260610,USDJPY,0.0,1.0,1108.0
942,1505944800,20260605,EURUSD,1.0,2.0,-277.0
943,1505987100,20261001,GBPJPY,2.0,3.0,592.0
945,1505988000,20261002,GOLD,1.0,2.0,87.0
949,1506038520,20260724,BTCUSD,0.0,1.0,264.0
950,1506085200,20260605,EURUSD,1.0,2.0,-282.0
952,1506110400,20260605,EURUSD,0.0,1.0,1190.0
954,1506423600,20261002,GOLD,0.0,0.0,1873.0
956,1506507300,20261000,USDJPY,1.0,2.0,-57.0
958,1506939300,20261002,GOLD,0.0,0.0,-227.0
959,1506941100,20261000,USDJPY,1.0,2.0,-375.0
960,1506943800,20261001,GBPJPY,0.0,1.0,4128.0
965,1507541400,20261001,GBPJPY,1.0,2.0,540.0
967,1507611600,20260605,EURUSD,0.0,1.0,-234.0
968,1507634100,20261000,USDJPY,1.0,2.0,39.0
969,1507635000,20261002,GOLD,2.0,3.0,91.0
972,1507887900,20261000,USDJPY,1.0,2.0,12.0
974,1508146200,20261001,GBPJPY,0.0,1.0,-1236.0
975,1508149800,20261000,USDJPY,1.0,2.0,-820.0
978,1508232600,20261002,GOLD,0.0,0.0,463.0
979,1508238900,20261001,GBPJPY,1.0,2.0,-4242.0
982,1508252400,20260605,EURUSD,1.0,2.0,-285.0
984,1508320800,20261000,USDJPY,2.0,2.0,575.0
985,1508327100,20261002,GOLD,2.0,3.0,-49.0
989,1508409000,20261002,GOLD,0.0,1.0,1074.0
990,1508409900,20261000,USDJPY,1.0,2.0,240.0
993,1508494500,20261001,GBPJPY,1.0,2.0,976.0
995,1508716890,20260724,BTCUSD,0.0,1.0,891.0
996,1508757300,20261001,GBPJPY,0.0,1.0,-1884.0
998,1508836500,20261001,GBPJPY,1.0,2.0,-466.0
999,1508840100,20261000,USDJPY,2.0,3.0,-97.0
1000,1508860800,20260622,USDJPY,3.0,4.0,-1841.0
1003,1508918400,20260640,GOLD,0.0,1.0,-993.0
1004,1508947200,20260627,GBPJPY,2.0,3.0,-1043.0
1006,1509015600,20260605,EURUSD,0.0,1.0,-284.0
1008,1509018300,20261001,GBPJPY,0.0,1.0,262.0
1009,1509019200,20260640,GOLD,0.0,0.0,-793.0
1011,1509030000,20260605,EURUSD,1.0,2.0,1197.0
1014,1509062430,20260774,GBPUSD,1.0,2.0,-571.0
1015,1509100200,20261001,GBPJPY,1.0,2.0,251.0
1019,1509448500,20261001,GBPJPY,1.0,2.0,5016.0
1021,1509527700,20261001,GBPJPY,1.0,2.0,-197.0
1022,1509535800,20261002,GOLD,0.0,1.0,-384.0
1026,1509926430,20260724,BTCUSD,0.0,0.0,217.0
1027,1510051500,20261000,USDJPY,1.0,2.0,-419.0
1028,1510053300,20261001,GBPJPY,2.0,3.0,-619.0
1031,1510134300,20261001,GBPJPY,0.0,1.0,357.0
1034,1510221600,20260605,EURUSD,0.0,1.0,-294.0
1035,1510225200,20261001,GBPJPY,0.0,1.0,5.0
1037,1510234200,20261002,GOLD,1.0,2.0,-38.0
1038,1510236000,20260605,EURUSD,2.0,3.0,-288.0
1040,1510243200,20260605,EURUSD,0.0,1.0,-285.0
1044,1510309800,20261001,GBPJPY,1.0,2.0,3792.0
1046,1510564500,20261001,GBPJPY,0.0,1.0,-346.0
1048,1510738200,20261000,USDJPY,1.0,2.0,55.0
1049,1510746300,20261001,GBPJPY,0.0,1.0,-228.0
1052,1510824600,20261000,USDJPY,1.0,2.0,-485.0
1053,1510832700,20261001,GBPJPY,2.0,3.0,-200.0
1054,1510833600,20260610,USDJPY,3.0,4.0,-222.0
1056,1510848000,20260610,USDJPY,0.0,2.0,1040.0
1061,1511172000,20261001,GBPJPY,1.0,2.0,4326.0
1064,1511251200,20260774,GBPUSD,0.0,1.0,1203.0
1065,1511323200,20260628,AUDJPY,0.0,1.0,-685.0
1066,1511347500,20261000,USDJPY,2.0,2.0,805.0
1068,1511436600,20261001,GBPJPY,1.0,2.0,-882.0
1070,1511482740,20260724,BTCUSD,1.0,2.0,8128.0
1071,1511515800,20261001,GBPJPY,1.0,2.0,426.0
1074,1511777700,20261002,GOLD,1.0,2.0,315.0
1075,1511777700,20261000,USDJPY,3.0,3.0,210.0
1076,1511778600,20261001,GBPJPY,2.0,3.0,343.0
1080,1511948700,20261001,GBPJPY,0.0,1.0,622.0
1082,1512036000,20261000,USDJPY,0.0,0.0,-457.0
1083,1512036900,20261001,GBPJPY,0.0,1.0,990.0
1084,1512057600,20260610,USDJPY,0.0,1.0,-530.0
1089,1512379800,20261000,USDJPY,0.0,1.0,-386.0
1091,1512507600,20260605,EURUSD,0.0,1.0,-281.0
1093,1512547200,20260610,USDJPY,1.0,2.0,-589.0
1094,1512552600,20261001,GBPJPY,1.0,2.0,193.0
1097,1512638100,20261001,GBPJPY,0.0,1.0,1145.0
1098,1512650700,20261002,GOLD,0.0,0.0,303.0
1102,1512728100,20261001,GBPJPY,0.0,1.0,-1113.0
1103,1512729000,20261000,USDJPY,1.0,2.0,-71.0
1106,1512987300,20261001,GBPJPY,0.0,1.0,2094.0
1107,1512991800,20261000,USDJPY,1.0,2.0,-155.0
1110,1513108800,20260610,USDJPY,0.0,1.0,-508.0
1112,1513248300,20261001,GBPJPY,0.0,1.0,-737.0
1114,1513588500,20261001,GBPJPY,0.0,1.0,210.0
1116,1513681200,20260605,EURUSD,0.0,1.0,1092.0
1117,1513728030,20260650,AUDJPY,0.0,1.0,-45573.0
1118,1513770300,20261000,USDJPY,1.0,2.0,250.0
1120,1513848600,20261000,USDJPY,1.0,2.0,-200.0
1122,1514279100,20260724,BTCUSD,1.0,2.0,-1532.0
1124,1514544300,20261000,USDJPY,1.0,2.0,-87.0
1125,1514544300,20261001,GBPJPY,0.0,1.0,272.0
1128,1515061800,20261001,GBPJPY,1.0,2.0,389.0
1130,1515148200,20261000,USDJPY,1.0,2.0,-63.0
1132,1515398400,20260610,USDJPY,1.0,2.0,-499.0
1133,1515405600,20261002,GOLD,0.0,1.0,-293.0
1134,1515405600,20261000,USDJPY,3.0,3.0,-368.0
1135,1515411000,20261001,GBPJPY,0.0,2.0,-197.0
1137,1515434400,20260629,EURUSD,0.0,1.0,261.0
1138,1515434400,20260629,EURUSD,0.0,1.0,1030.0
1141,1515456030,20260628,AUDJPY,3.0,3.0,-456.0
1144,1515494700,20261002,GOLD,0.0,0.0,256.0
1145,1515528000,20260610,USDJPY,1.0,2.0,1070.0
1148,1515579300,20261002,GOLD,1.0,2.0,2078.0
1151,1515675600,20260605,EURUSD,0.0,1.0,-279.0
1153,1515682800,20260605,EURUSD,0.0,1.0,1161.0
1156,1515750300,20261001,GBPJPY,1.0,2.0,910.0
1159,1516013100,20261001,GBPJPY,0.0,1.0,-730.0
1161,1516147230,20260724,BTCUSD,0.0,1.0,-896.0
1162,1516282200,20261002,GOLD,1.0,2.0,-240.0
1164,1516356000,20261000,USDJPY,1.0,2.0,84.0
1165,1516361400,20261001,GBPJPY,0.0,1.0,470.0
1168,1516636800,20260628,AUDJPY,2.0,2.0,-477.0
1170,1516704300,20261001,GBPJPY,0.0,1.0,522.0
1172,1516791600,20261000,USDJPY,1.0,2.0,627.0
1174,1516875300,20261001,GBPJPY,0.0,1.0,-3246.0
1176,1516958100,20261000,USDJPY,1.0,2.0,338.0
1177,1516967100,20261001,GBPJPY,0.0,1.0,-912.0
1180,1517235300,20261002,GOLD,0.0,0.0,173.0
1182,1517306400,20261001,GBPJPY,0.0,1.0,-1192.0
1183,1517313600,20261002,GOLD,1.0,2.0,-1198.0
1185,1517328000,20260640,GOLD,2.0,3.0,-1302.0
1189,1517477400,20261002,GOLD,0.0,1.0,-223.0
1190,1517479200,20261001,GBPJPY,1.0,2.0,455.0
1193,1517788800,20260724,BTCUSD,0.0,1.0,2581.0
1194,1517824800,20261001,GBPJPY,0.0,1.0,1249.0
1197,1517904000,20260605,EURUSD,0.0,1.0,-274.0
1199,1517913000,20261001,GBPJPY,0.0,1.0,-79.0
1201,1517997600,20261001,GBPJPY,0.0,1.0,268.0
1202,1517998500,20261000,USDJPY,2.0,2.0,-434.0
1205,1518100200,20261002,GOLD,0.0,0.0,-1186.0
1207,1518167700,20261001,GBPJPY,0.0,1.0,-1211.0
1208,1518172200,20261000,USDJPY,1.0,2.0,-767.0
1211,1518513300,20261001,GBPJPY,0.0,1.0,122.0
1212,1518515100,20261000,USDJPY,2.0,2.0,12.0
1215,1518595200,20260622,USDJPY,1.0,2.0,3854.0
1216,1518692400,20260605,EURUSD,2.0,3.0,-268.0
1219,1519056000,20260605,EURUSD,1.0,2.0,-276.0
1221,1519121700,20261002,GOLD,0.0,0.0,803.0
1222,1519121700,20261000,USDJPY,0.0,1.0,170.0
1226,1519171260,20260724,BTCUSD,0.0,1.0,-1500.0
1227,1519209900,20261001,GBPJPY,0.0,1.0,-486.0
1229,1519294500,20261001,GBPJPY,0.0,1.0,147.0
1230,1519311600,20260605,EURUSD,0.0,1.0,-268.0
1232,1519315200,20260622,USDJPY,2.0,2.0,-1717.0
1233,1519322400,20260605,EURUSD,0.0,1.0,-262.0
1235,1519387200,20260628,AUDJPY,1.0,2.0,-902.0
1238,1519902000,20261002,GOLD,0.0,0.0,170.0
1240,1519984800,20261001,GBPJPY,1.0,2.0,19.0
1241,1520006400,20260622,USDJPY,3.0,3.0,-2171.0
1243,1520236800,20260605,EURUSD,2.0,3.0,-264.0
1245,1520241300,20261001,GBPJPY,2.0,3.0,-3702.0
1247,1520251200,20260774,GBPUSD,0.0,1.0,-530.0
1250,1520327700,20261001,GBPJPY,1.0,2.0,-603.0
1251,1520332200,20261000,USDJPY,3.0,3.0,-374.0
1252,1520337600,20260622,USDJPY,5.0,4.0,-2376.0
1256,1520422200,20261001,GBPJPY,2.0,3.0,-1127.0
1257,1520430300,20261002,GOLD,0.0,0.0,548.0
1260,1520560800,20260605,EURUSD,0.0,1.0,-86.0
1263,1520578800,20260605,EURUSD,0.0,1.0,-266.0
1264,1520590500,20261001,GBPJPY,0.0,1.0,252.0
1267,1520812800,20260724,BTCUSD,0.0,1.0,-1540.0
1268,1520934300,20261001,GBPJPY,0.0,1.0,164.0
1270,1520939700,20261000,USDJPY,1.0,2.0,-537.0
1271,1520951400,20261002,GOLD,0.0,1.0,-898.0
1275,1521027900,20261001,GBPJPY,0.0,1.0,858.0
1277,1521114300,20261001,GBPJPY,0.0,1.0,-605.0
1278,1521147600,20260605,EURUSD,0.0,1.0,-263.0
1280,1521193500,20261000,USDJPY,0.0,1.0,-318.0
1281,1521194400,20261001,GBPJPY,1.0,2.0,-618.0
1285,1521459900,20261001,GBPJPY,0.0,1.0,4704.0
1287,1521538200,20261000,USDJPY,0.0,1.0,-15.0
1288,1521538200,20261001,GBPJPY,1.0,2.0,-484.0
1289,1521576000,20260628,AUDJPY,0.0,1.0,-674.0
1292,1521626400,20261002,GOLD,1.0,2.0,729.0
1295,1521666000,20260605,EURUSD,1.0,2.0,-165.0
1297,1521723600,20260605,EURUSD,0.0,1.0,-264.0
1298,1521777600,20260628,AUDJPY,0.0,1.0,-900.0
1299,1521777600,20260774,GBPUSD,0.0,1.0,1153.0
1302,1522057500,20261002,GOLD,0.0,0.0,-725.0
1303,1522058400,20261001,GBPJPY,1.0,2.0,838.0
1304,1522059300,20261000,USDJPY,0.0,1.0,69.0
1310,1522143900,20261001,GBPJPY,0.0,1.0,-573.0
1312,1522147500,20261001,GBPJPY,0.0,1.0,2322.0
1314,1522195200,20260622,USDJPY,0.0,1.0,-1914.0
1315,1522228500,20261001,GBPJPY,0.0,1.0,509.0
1318,1522320300,20261001,GBPJPY,0.0,1.0,276.0
1319,1522324800,20260605,EURUSD,0.0,1.0,-274.0
1322,1522627200,20260724,BTCUSD,0.0,1.0,956.0
1323,1522666800,20261001,GBPJPY,0.0,1.0,-635.0
1325,1522747800,20261001,GBPJPY,0.0,1.0,613.0
1326,1522749600,20260605,EURUSD,0.0,1.0,1137.0
1327,1522754100,20261000,USDJPY,1.0,2.0,371.0
1330,1522839600,20261000,USDJPY,0.0,1.0,-451.0
1331,1522839600,20261001,GBPJPY,1.0,2.0,-3294.0
1334,1522872000,20260610,USDJPY,0.0,1.0,1122.0
1335,1522886400,20260774,GBPUSD,0.0,1.0,-535.0
1336,1522921500,20261002,GOLD,0.0,1.0,107.0
1337,1522923300,20261000,USDJPY,2.0,2.0,324.0
1341,1522972800,20260774,GBPUSD,0.0,1.0,1174.0
1343,1523265300,20261001,GBPJPY,2.0,2.0,-90.0
1346,1523353500,20261001,GBPJPY,1.0,2.0,425.0
1347,1523372400,20260605,EURUSD,0.0,1.0,-269.0
1350,1523559600,20260605,EURUSD,0.0,1.0,-334.0
1351,1523610900,20261000,USDJPY,1.0,2.0,-156.0
1352,1523611800,20261001,GBPJPY,2.0,3.0,-226.0
1354,1523635200,20260610,USDJPY,2.0,3.0,-498.0
1359,1523923260,20260724,BTCUSD,1.0,2.0,857.0
1360,1524042900,20261001,GBPJPY,0.0,1.0,-853.0
1362,1524051900,20261001,GBPJPY,0.0,1.0,-300.0
1364,1524129300,20261001,GBPJPY,0.0,1.0,-457.0
1366,1524135600,20261001,GBPJPY,0.0,1.0,-2532.0
1368,1524217500,20261001,GBPJPY,0.0,1.0,1194.0
1370,1524240000,20260605,EURUSD,0.0,1.0,1132.0
1372,1524475800,20261001,GBPJPY,0.0,1.0,58.0
1375,1524650400,20261000,USDJPY,0.0,1.0,167.0
1376,1524651300,20261002,GOLD,0.0,1.0,174.0
1379,1524830400,20260774,GBPUSD,0.0,1.0,1196.0
1382,1525219200,20260724,BTCUSD,0.0,1.0,-1089.0
1383,1525350600,20261002,GOLD,1.0,2.0,-50.0
1385,1525429800,20261001,GBPJPY,0.0,1.0,96.0
1387,1525684500,20261002,GOLD,0.0,0.0,-135.0
1388,1525688100,20261000,USDJPY,0.0,1.0,-243.0
1389,1525688100,20261001,GBPJPY,1.0,2.0,-79.0
1393,1525782600,20261002,GOLD,0.0,0.0,-489.0
1395,1525857300,20261002,GOLD,0.0,0.0,-831.0
1396,1525863600,20261001,GBPJPY,0.0,1.0,210.0
1399,1525943700,20261001,GBPJPY,0.0,1.0,-530.0
1401,1526031000,20261001,GBPJPY,0.0,1.0,-2466.0
1403,1526292900,20261001,GBPJPY,0.0,1.0,163.0
1404,1526293800,20261000,USDJPY,1.0,2.0,128.0
1405,1526328000,20260605,EURUSD,0.0,1.0,-276.0
1409,1526342400,20260605,EURUSD,0.0,1.0,1153.0
1412,1526466600,20261002,GOLD,0.0,1.0,-780.0
1413,1526466600,20261000,USDJPY,1.0,2.0,-155.0
1415,1526481900,20261002,GOLD,0.0,0.0,-1066.0
1418,1526515200,20260622,USDJPY,0.0,1.0,3796.0
1419,1526548500,20261001,GBPJPY,1.0,2.0,-71.0
1420,1526549400,20261000,USDJPY,3.0,3.0,494.0
1424,1526895000,20261002,GOLD,0.0,1.0,-641.0
1426,1526984100,20261000,USDJPY,0.0,1.0,-702.0
1427,1526984100,20261001,GBPJPY,1.0,2.0,-1920.0
1428,1526987700,20261002,GOLD,0.0,0.0,-91.0
1432,1527067800,20261002,GOLD,0.0,1.0,-652.0
1433,1527067800,20261001,GBPJPY,0.0,1.0,984.0
1434,1527070500,20261000,USDJPY,1.0,2.0,201.0
1436,1527080400,20261002,GOLD,1.0,2.0,-1632.0
1440,1527245100,20261001,GBPJPY,0.0,1.0,1158.0
1442,1527586200,20261001,GBPJPY,0.0,1.0,1341.0
1443,1527590700,20261000,USDJPY,1.0,2.0,563.0
1446,1527672600,20261001,GBPJPY,0.0,1.0,147.0
1447,1527673500,20261002,GOLD,0.0,1.0,-1279.0
1450,1527765300,20261001,GBPJPY,0.0,1.0,-966.0
1452,1527846300,20261001,GBPJPY,0.0,1.0,1200.0
1454,1528182000,20260605,EURUSD,0.0,1.0,-271.0
1455,1528199100,20261001,GBPJPY,0.0,1.0,167.0
1457,1528218000,20260605,EURUSD,0.0,1.0,1128.0
1459,1528277400,20261001,GBPJPY,0.0,1.0,160.0
1462,1528367400,20261001,GBPJPY,0.0,1.0,-614.0
1464,1528452000,20261000,USDJPY,0.0,1.0,9.0
1466,1528708500,20261000,USDJPY,0.0,1.0,63.0
1467,1528708500,20261001,GBPJPY,1.0,2.0,-340.0
1470,1528800300,20261001,GBPJPY,0.0,1.0,-151.0
1472,1528890300,20261001,GBPJPY,0.0,1.0,-1290.0
1474,1528973100,20261000,USDJPY,0.0,1.0,-427.0
1476,1529017200,20260605,EURUSD,0.0,1.0,-277.0
1477,1529059500,20261001,GBPJPY,0.0,1.0,-3678.0
1480,1529280000,20260724,BTCUSD,0.0,1.0,-675.0
1481,1529317800,20261001,GBPJPY,0.0,1.0,-30.0
1483,1529417700,20261002,GOLD,0.0,0.0,18.0
1485,1529573400,20261002,GOLD,0.0,0.0,-660.0
1486,1529575200,20261001,GBPJPY,0.0,1.0,-2634.0
1489,1529662500,20261000,USDJPY,0.0,1.0,-334.0
1490,1529662500,20261001,GBPJPY,1.0,2.0,-718.0
1493,1529920800,20261001,GBPJPY,0.0,1.0,-458.0
1495,1530000000,20260640,GOLD,0.0,0.0,1586.0
1496,1530009900,20261002,GOLD,0.0,1.0,207.0
1497,1530028800,20260610,USDJPY,0.0,1.0,-304.0
1499,1530043200,20260610,USDJPY,0.0,1.0,1117.0
1501,1530096300,20261001,GBPJPY,0.0,1.0,296.0
1502,1530100800,20260605,EURUSD,0.0,1.0,-276.0
1504,1530115200,20260605,EURUSD,1.0,2.0,-273.0
1508,1530252000,20260605,EURUSD,0.0,1.0,-277.0
1510,1530272700,20261001,GBPJPY,1.0,2.0,380.0
1513,1530518400,20260640,GOLD,1.0,2.0,-786.0
1514,1530522900,20261002,GOLD,2.0,3.0,665.0
1515,1530526500,20261001,GBPJPY,0.0,1.0,804.0
1519,1530612000,20261001,GBPJPY,0.0,1.0,-123.0
1520,1530614700,20261002,GOLD,0.0,0.0,2069.0
1524,1530705600,20260610,USDJPY,0.0,1.0,1114.0
1525,1530783900,20261001,GBPJPY,1.0,2.0,-240.0
1526,1530793800,20261002,GOLD,1.0,2.0,-626.0
1529,1530868500,20261001,GBPJPY,1.0,2.0,-67.0
1531,1531127700,20261002,GOLD,0.0,0.0,-284.0
1532,1531127700,20261001,GBPJPY,1.0,2.0,-680.0
1535,1531217700,20261001,GBPJPY,1.0,2.0,277.0
1538,1531388700,20261001,GBPJPY,0.0,1.0,226.0
1539,1531404000,20260605,EURUSD,0.0,1.0,-279.0
1542,1531468800,20260640,GOLD,0.0,1.0,1691.0
1543,1531800000,20260622,USDJPY,1.0,2.0,-1655.0
1544,1531819800,20261002,GOLD,0.0,1.0,-580.0
1545,1531821600,20261001,GBPJPY,1.0,2.0,-435.0
1547,1531843200,20260774,GBPUSD,1.0,2.0,1243.0
1550,1531857600,20260640,GOLD,2.0,3.0,2249.0
1551,1531864800,20260605,EURUSD,3.0,4.0,-271.0
1552,1531906200,20261002,GOLD,4.0,5.0,-494.0
1554,1531913400,20261001,GBPJPY,0.0,1.0,-1122.0
1557,1531995300,20261002,GOLD,3.0,4.0,553.0
1558,1531997100,20261000,USDJPY,5.0,5.0,-620.0
1563,1532329200,20260605,EURUSD,0.0,1.0,-283.0
1565,1532347200,20261002,GOLD,1.0,2.0,510.0
1567,1532426400,20260605,EURUSD,1.0,2.0,-280.0
1569,1532430000,20260605,EURUSD,0.0,1.0,-289.0
1570,1532438100,20261002,GOLD,0.0,1.0,-356.0
1572,1532476800,20260724,BTCUSD,0.0,1.0,-2066.0
1573,1532514600,20261001,GBPJPY,0.0,1.0,-476.0
1576,1532597400,20261001,GBPJPY,0.0,1.0,158.0
1577,1532601900,20261002,GOLD,0.0,1.0,78.0
1578,1532635200,20260605,EURUSD,0.0,1.0,-277.0
1581,1532685600,20261001,GBPJPY,0.0,1.0,-192.0
1583,1532944800,20261001,GBPJPY,0.0,1.0,81.0
1585,1532959200,20260605,EURUSD,0.0,1.0,-293.0
1587,1533029400,20261001,GBPJPY,0.0,1.0,569.0
1589,1533116700,20261000,USDJPY,0.0,1.0,-412.0
1590,1533116700,20261001,GBPJPY,1.0,2.0,-512.0
1594,1533171600,20260605,EURUSD,0.0,1.0,1177.0
1595,1533204000,20261001,GBPJPY,0.0,1.0,583.0
1599,1533556800,20260640,GOLD,0.0,0.0,2044.0
1601,1533893400,20261001,GBPJPY,0.0,1.0,716.0
1603,1534156200,20261002,GOLD,1.0,2.0,1338.0
1604,1534158000,20261001,GBPJPY,0.0,1.0,-987.0
1607,1534176000,20260640,GOLD,1.0,2.0,2042.0
1609,1534238100,20261001,GBPJPY,0.0,1.0,-387.0
1610,1534240800,20261000,USDJPY,2.0,2.0,161.0
1613,1534291200,20260724,BTCUSD,0.0,0.0,567.0
1614,1534329000,20261001,GBPJPY,0.0,1.0,-527.0
1615,1534335300,20261002,GOLD,0.0,1.0,916.0
1619,1534406400,20260610,USDJPY,1.0,2.0,-709.0
1620,1534504500,20261000,USDJPY,3.0,3.0,190.0
1622,1534924800,20260605,EURUSD,2.0,3.0,-304.0
1624,1535011200,20260640,GOLD,0.0,1.0,-928.0
1625,1535019300,20261002,GOLD,0.0,0.0,66.0
1628,1535083200,20260610,USDJPY,0.0,1.0,-486.0
1629,1535105700,20261001,GBPJPY,1.0,2.0,-119.0
1632,1535364000,20261001,GBPJPY,0.0,1.0,-600.0
1634,1535452200,20261001,GBPJPY,1.0,2.0,-351.0
1637,1535628600,20261001,GBPJPY,0.0,1.0,436.0
1640,1535711400,20261000,USDJPY,0.0,1.0,-602.0
1641,1535711400,20261001,GBPJPY,1.0,2.0,906.0
1644,1535967000,20261001,GBPJPY,0.0,1.0,111.0
1645,1535971500,20261002,GOLD,0.0,1.0,-896.0
1647,1536052500,20261000,USDJPY,0.0,1.0,133.0
1648,1536052500,20261001,GBPJPY,1.0,2.0,-437.0
1650,1536062400,20260605,EURUSD,1.0,2.0,-279.0
1654,1536141600,20261001,GBPJPY,0.0,1.0,-4212.0
1656,1536170400,20260605,EURUSD,0.0,1.0,-275.0
1658,1536311700,20261001,GBPJPY,0.0,1.0,6774.0
1660,1536537600,20260724,BTCUSD,0.0,1.0,-238.0
1661,1536595200,20260610,USDJPY,0.0,1.0,1116.0
1662,1536661800,20261001,GBPJPY,1.0,2.0,-1105.0
1664,1536832800,20260605,EURUSD,0.0,1.0,1117.0
1665,1536940800,20260774,GBPUSD,1.0,2.0,1228.0
1666,1537182000,20261000,USDJPY,2.0,3.0,-260.0
1668,1537262100,20261001,GBPJPY,2.0,2.0,66.0
1669,1537263000,20261000,USDJPY,2.0,3.0,94.0
1670,1537265700,20261002,GOLD,0.0,0.0,-613.0
1673,1537300800,20260610,USDJPY,2.0,3.0,1126.0
1677,1537357500,20261001,GBPJPY,1.0,2.0,-5082.0
1680,1537526700,20261001,GBPJPY,0.0,1.0,8952.0
1683,1538045100,20261001,GBPJPY,0.0,1.0,-784.0
1686,1538107200,20260605,EURUSD,0.0,1.0,1202.0
1687,1538132400,20261001,GBPJPY,0.0,1.0,48.0
1689,1538391600,20261000,USDJPY,1.0,2.0,-66.0
1691,1538471700,20261001,GBPJPY,0.0,1.0,444.0
1693,1538475300,20261000,USDJPY,1.0,2.0,27.0
1696,1538559900,20261001,GBPJPY,0.0,1.0,280.0
1697,1538565300,20261000,USDJPY,1.0,2.0,429.0
1698,1538596800,20260622,USDJPY,3.0,3.0,-1891.0
1701,1538651700,20261001,GBPJPY,1.0,2.0,-192.0
1704,1538732700,20261001,GBPJPY,0.0,1.0,2634.0
1706,1538990100,20261001,GBPJPY,0.0,1.0,886.0
1707,1538996400,20261002,GOLD,0.0,1.0,808.0
1709,1538999100,20261000,USDJPY,0.0,1.0,732.0
1712,1539080100,20261000,USDJPY,0.0,1.0,-580.0
1714,1539165600,20261001,GBPJPY,0.0,1.0,-426.0
1715,1539171900,20261000,USDJPY,1.0,2.0,-268.0
1718,1539306000,20260605,EURUSD,0.0,1.0,-282.0
1719,1539337500,20261001,GBPJPY,0.0,1.0,-703.0
1722,1539367200,20260605,EURUSD,0.0,1.0,-308.0
1723,1539596700,20261002,GOLD,1.0,2.0,335.0
1724,1539598500,20261000,USDJPY,2.0,3.0,-118.0
1725,1539598500,20261001,GBPJPY,1.0,2.0,-2898.0
1729,1539648030,20260724,BTCUSD,1.0,2.0,-520.0
1730,1539683100,20261001,GBPJPY,0.0,1.0,351.0
1732,1539774000,20261001,GBPJPY,0.0,1.0,28.0
1735,1539820830,20260605,EURUSD,0.0,1.0,-280.0
1736,1539854100,20261001,GBPJPY,0.0,1.0,905.0
1739,1539940500,20261001,GBPJPY,0.0,1.0,508.0
1740,1539982800,20260605,EURUSD,0.0,1.0,-278.0
1743,1540199700,20261001,GBPJPY,0.0,1.0,-733.0
1744,1540206000,20261000,USDJPY,1.0,2.0,36.0
1747,1540286100,20261001,GBPJPY,0.0,1.0,-839.0
1748,1540287900,20261000,USDJPY,2.0,2.0,-89.0
1751,1540377000,20261001,GBPJPY,0.0,1.0,5136.0
1753,1540454400,20260774,GBPUSD,0.0,1.0,1222.0
1754,1540459800,20261001,GBPJPY,0.0,1.0,-3714.0
1755,1540466100,20261000,USDJPY,1.0,2.0,510.0
1758,1540550700,20261001,GBPJPY,1.0,2.0,-15.0
1761,1540813500,20261000,USDJPY,1.0,2.0,210.0
1764,1540893600,20261000,USDJPY,0.0,1.0,147.0
1766,1540981800,20261001,GBPJPY,0.0,1.0,43.0
1768,1541063700,20261001,GBPJPY,0.0,1.0,1317.0
1769,1541064600,20261002,GOLD,0.0,1.0,1485.0
1772,1541150100,20261001,GBPJPY,0.0,1.0,-345.0
1774,1541494800,20260605,EURUSD,0.0,1.0,-318.0
1775,1541589300,20261002,GOLD,1.0,2.0,-560.0
1777,1541692800,20260774,GBPUSD,1.0,2.0,-566.0
1779,1541707200,20260605,EURUSD,0.0,1.0,-90.0
1781,1541710800,20260605,EURUSD,1.0,2.0,-284.0
1784,1541721630,20260650,AUDJPY,0.0,1.0,-151237.0
1785,1541754900,20261001,GBPJPY,0.0,1.0,513.0
1786,1541764800,20260774,GBPUSD,1.0,2.0,1239.0
1789,1542015900,20261001,GBPJPY,0.0,1.0,3084.0
1790,1542016800,20261002,GOLD,0.0,1.0,119.0
1793,1542103200,20261001,GBPJPY,1.0,2.0,460.0
1794,1542108600,20261000,USDJPY,2.0,3.0,-285.0
1795,1542111300,20261002,GOLD,1.0,2.0,-946.0
1799,1542276000,20261001,GBPJPY,0.0,1.0,6414.0
1800,1542276900,20261002,GOLD,0.0,1.0,-737.0
1802,1542282300,20261000,USDJPY,1.0,2.0,-319.0
1803,1542283200,20260629,EURUSD,0.0,1.0,21.0
1804,1542283200,20260629,EURUSD,1.0,2.0,-398.0
1806,1542312000,20260610,USDJPY,0.0,1.0,-498.0
1809,1542384000,20260610,USDJPY,0.0,1.0,-741.0
1810,1542592800,20260605,EURUSD,1.0,2.0,-291.0
1811,1542711600,20261000,USDJPY,2.0,3.0,-662.0
1814,1542736800,20260605,EURUSD,1.0,2.0,-283.0
1816,1542765600,20260605,EURUSD,1.0,2.0,-319.0
1817,1542793500,20261001,GBPJPY,0.0,1.0,-164.0
1820,1543223700,20261001,GBPJPY,0.0,1.0,310.0
1822,1543262400,20260610,USDJPY,2.0,3.0,-485.0
1824,1543310100,20261001,GBPJPY,0.0,1.0,71.0
1825,1543327200,20260605,EURUSD,1.0,2.0,-291.0
1830,1543438800,20260605,EURUSD,0.0,1.0,-76.0
1832,1543446000,20260605,EURUSD,1.0,2.0,-279.0
1834,1543493700,20261002,GOLD,0.0,0.0,-103.0
1836,1543828500,20261002,GOLD,0.0,0.0,317.0
1839,1543920300,20261002,GOLD,0.0,1.0,96.0
1840,1543923900,20261001,GBPJPY,1.0,2.0,-4254.0
1841,1543928400,20260605,EURUSD,1.0,2.0,-284.0
1844,1543946400,20260605,EURUSD,0.0,1.0,-277.0
1846,1544089500,20261002,GOLD,1.0,2.0,-617.0
1849,1544126400,20260610,USDJPY,0.0,1.0,-566.0
1850,1544442300,20261000,USDJPY,0.0,1.0,900.0
1851,1544457600,20260629,EURUSD,0.0,1.0,270.0
1852,1544457600,20260629,EURUSD,0.0,0.0,538.0
1854,1544472000,20260610,USDJPY,3.0,3.0,-484.0
1856,1544547600,20260605,EURUSD,1.0,2.0,-281.0
1857,1544607000,20261001,GBPJPY,2.0,3.0,1060.0
1860,1544659230,20260605,EURUSD,0.0,1.0,-284.0
1861,1544693400,20261001,GBPJPY,2.0,3.0,518.0
1863,1544720400,20260605,EURUSD,1.0,2.0,-284.0
1865,1544738400,20260605,EURUSD,0.0,1.0,-293.0
1868,1544783400,20261001,GBPJPY,0.0,1.0,592.0
1870,1545041700,20261001,GBPJPY,2.0,3.0,-3648.0
1872,1545073200,20260605,EURUSD,1.0,2.0,-245.0
1875,1545105600,20260605,EURUSD,0.0,1.0,-55.0
1877,1545131700,20261000,USDJPY,1.0,2.0,-146.0
1878,1545138900,20261002,GOLD,2.0,3.0,-254.0
1881,1545170400,20260605,EURUSD,0.0,1.0,-279.0
1884,1545299100,20261002,GOLD,0.0,1.0,1014.0
1888,1545815100,20260724,BTCUSD,0.0,1.0,-391.0
1889,1545840000,20260627,GBPJPY,0.0,1.0,-1938.0
1891,1545876000,20260605,EURUSD,0.0,1.0,-282.0
1893,1545886800,20260605,EURUSD,1.0,2.0,1122.0
1894,1545904800,20261001,GBPJPY,0.0,1.0,301.0
1895,1545911100,20261002,GOLD,2.0,3.0,449.0
1898,1545988500,20261001,GBPJPY,0.0,1.0,-250.0
1899,1545990300,20261000,USDJPY,3.0,3.0,3.0
1902,1546252200,20261000,USDJPY,2.0,3.0,1521.0
1903,1546257600,20260640,GOLD,3.0,4.0,-812.0
1906,1546477200,20260605,EURUSD,0.0,1.0,-274.0
1908,1546599600,20260605,EURUSD,2.0,3.0,-274.0
1910,1546624800,20260605,EURUSD,2.0,3.0,1112.0
1911,1546858800,20261001,GBPJPY,0.0,1.0,-629.0
1913,1546939800,20261001,GBPJPY,0.0,1.0,-718.0
1915,1546977600,20260622,USDJPY,3.0,4.0,-2081.0
1916,1547029800,20261001,GBPJPY,0.0,1.0,-723.0
1917,1547037900,20261002,GOLD,0.0,3.0,-712.0
1922,1547092800,20260628,AUDJPY,1.0,2.0,-701.0
1923,1547092800,20260774,GBPUSD,2.0,3.0,-540.0
1924,1547111700,20261001,GBPJPY,2.0,3.0,-461.0
1928,1547459100,20261001,GBPJPY,1.0,2.0,-946.0
1929,1547461800,20261002,GOLD,2.0,3.0,-211.0
1930,1547485200,20260605,EURUSD,3.0,4.0,-281.0
1934,1547634600,20261001,GBPJPY,0.0,1.0,1524.0
1935,1547643600,20260605,EURUSD,0.0,1.0,1172.0
1937,1547718300,20261001,GBPJPY,1.0,2.0,-803.0
1940,1547811000,20261000,USDJPY,0.0,1.0,190.0
1942,1548148500,20261001,GBPJPY,0.0,1.0,-718.0
1944,1548242100,20261001,GBPJPY,0.0,1.0,824.0
1948,1548667800,20261001,GBPJPY,0.0,1.0,146.0
1949,1548676800,20260605,EURUSD,0.0,1.0,-352.0
1951,1548762300,20261000,USDJPY,0.0,1.0,-324.0
1953,1548845100,20261001,GBPJPY,0.0,1.0,-467.0
1955,1548935100,20261000,USDJPY,1.0,2.0,-306.0
1957,1549273500,20261001,GBPJPY,0.0,1.0,-289.0
1958,1549276200,20261002,GOLD,0.0,0.0,-394.0
1961,1549353600,20260640,GOLD,1.0,2.0,-930.0
1963,1549444500,20261001,GBPJPY,0.0,1.0,-310.0
1966,1549526400,20260605,EURUSD,0.0,1.0,1172.0
1967,1549569600,20260640,GOLD,0.0,0.0,-1536.0
1968,1549882800,20261002,GOLD,0.0,1.0,216.0
1969,1549882800,20261000,USDJPY,1.0,2.0,295.0
1970,1549883700,20261001,GBPJPY,1.0,2.0,-573.0
1974,1549962900,20261002,GOLD,0.0,1.0,-231.0
1975,1549965600,20261001,GBPJPY,0.0,1.0,103.0
1979,1550135700,20261001,GBPJPY,0.0,1.0,-525.0
1981,1550141100,20261001,GBPJPY,0.0,1.0,6456.0
1983,1550160000,20260610,USDJPY,0.0,1.0,1130.0
1985,1550500200,20261002,GOLD,0.0,0.0,1116.0
1986,1550572200,20261001,GBPJPY,1.0,2.0,8694.0
1987,1550574000,20261000,USDJPY,2.0,3.0,-151.0
1991,1550620860,20260724,BTCUSD,0.0,0.0,-605.0
1992,1550638800,20260605,EURUSD,0.0,1.0,-277.0
1994,1550746800,20261001,GBPJPY,1.0,2.0,-3678.0
1996,1551258900,20261000,USDJPY,0.0,1.0,-236.0
1997,1551263400,20261001,GBPJPY,0.0,1.0,6456.0
2000,1551347100,20261001,GBPJPY,0.0,1.0,-582.0
2003,1551434400,20261001,GBPJPY,0.0,1.0,-553.0
2004,1551436200,20261000,USDJPY,1.0,2.0,88.0
2007,1551722400,20260605,EURUSD,0.0,1.0,1185.0
2009,1551916830,20260724,BTCUSD,0.0,0.0,-365.0
2011,1552036500,20261001,GBPJPY,0.0,1.0,552.0
2013,1552295700,20261001,GBPJPY,0.0,1.0,1598.0
2014,1552298400,20261000,USDJPY,1.0,2.0,-61.0
2017,1552401900,20261002,GOLD,1.0,2.0,-115.0
2018,1552406400,20260774,GBPUSD,2.0,3.0,-556.0
2021,1552470300,20261001,GBPJPY,0.0,1.0,1230.0
2023,1552558500,20261001,GBPJPY,0.0,1.0,-6552.0
2024,1552559400,20261000,USDJPY,1.0,2.0,-10.0
2025,1552561200,20261002,GOLD,0.0,1.0,647.0
2029,1552643100,20261001,GBPJPY,0.0,1.0,-552.0
2031,1552665600,20260605,EURUSD,1.0,2.0,1152.0
2032,1552908600,20261002,GOLD,2.0,3.0,-213.0
2034,1553004900,20261002,GOLD,2.0,3.0,-145.0
2038,1553161500,20261001,GBPJPY,0.0,1.0,2886.0
2039,1553163300,20261000,USDJPY,1.0,2.0,-404.0
2042,1553251500,20261000,USDJPY,0.0,1.0,658.0
2043,1553251500,20261001,GBPJPY,1.0,2.0,-426.0
2044,1553256000,20260774,GBPUSD,1.0,2.0,1209.0
2048,1553513400,20261000,USDJPY,0.0,1.0,-482.0
2049,1553516100,20261002,GOLD,0.0,0.0,511.0
2050,1553518800,20260605,EURUSD,0.0,1.0,1183.0
2051,1553544000,20260610,USDJPY,0.0,1.0,-533.0
2054,1553592600,20261002,GOLD,0.0,1.0,95.0
2055,1553593500,20261001,GBPJPY,0.0,1.0,362.0
2057,1553599800,20261000,USDJPY,3.0,3.0,250.0
2061,1553766300,20261001,GBPJPY,0.0,1.0,650.0
2062,1553777100,20261002,GOLD,1.0,2.0,1944.0
2065,1553853600,20261001,GBPJPY,0.0,1.0,-4206.0
2067,1554091200,20260610,USDJPY,1.0,2.0,1147.0
2068,1554111900,20261001,GBPJPY,1.0,2.0,877.0
2071,1554284700,20261001,GBPJPY,1.0,2.0,-192.0
2073,1554716700,20261002,GOLD,0.0,0.0,-42.0
2075,1554771600,20260605,EURUSD,0.0,1.0,-287.0
2076,1554825600,20260774,GBPUSD,0.0,1.0,-564.0
2079,1555067700,20261000,USDJPY,2.0,2.0,146.0
2080,1555067700,20261001,GBPJPY,2.0,3.0,290.0
2081,1555099200,20260774,GBPUSD,2.0,3.0,1193.0
2084,1555333200,20261002,GOLD,2.0,3.0,-454.0
2086,1555410600,20261001,GBPJPY,1.0,2.0,161.0
2087,1555418700,20261002,GOLD,2.0,3.0,961.0
2090,1555642800,20260605,EURUSD,2.0,3.0,-280.0
2093,1556015400,20261001,GBPJPY,1.0,2.0,-395.0
2095,1556097300,20261001,GBPJPY,0.0,1.0,-383.0
2098,1556183700,20261001,GBPJPY,0.0,1.0,502.0
2100,1556236800,20260724,BTCUSD,0.0,1.0,101.0
2101,1556271000,20261001,GBPJPY,0.0,1.0,61.0
2103,1556529300,20261001,GBPJPY,0.0,1.0,69.0
2105,1556615700,20261001,GBPJPY,0.0,1.0,-339.0
2106,1556616600,20261000,USDJPY,2.0,2.0,0.0
2108,1556624700,20261001,GBPJPY,0.0,1.0,3834.0
2109,1556628300,20261002,GOLD,2.0,3.0,-185.0
2110,1556640000,20260610,USDJPY,0.0,2.0,-65.0
2112,1556647200,20260629,EURUSD,2.0,3.0,210.0
2113,1556647200,20260629,EURUSD,0.0,2.0,350.0
2115,1556654400,20260610,USDJPY,3.0,3.0,891.0
2118,1556703000,20261002,GOLD,0.0,1.0,-526.0
2119,1556704800,20261000,USDJPY,0.0,0.0,-189.0
2120,1556705730,20261001,GBPJPY,0.0,1.0,-21.0
2123,1556733600,20260605,EURUSD,2.0,3.0,-279.0
2125,1556748000,20260605,EURUSD,0.0,1.0,-66.0
2128,1556758800,20260605,EURUSD,2.0,3.0,-279.0
2129,1556788500,20261002,GOLD,0.0,2.0,107.0
2130,1556794800,20261001,GBPJPY,0.0,1.0,-601.0
2134,1557198000,20260605,EURUSD,2.0,3.0,-277.0
2135,1557221400,20261001,GBPJPY,0.0,1.0,-563.0
2137,1557229500,20261001,GBPJPY,1.0,2.0,4302.0
2141,1557273600,20260610,USDJPY,1.0,2.0,952.0
2142,1557312300,20261001,GBPJPY,1.0,2.0,383.0
2144,1557397800,20261000,USDJPY,3.0,3.0,39.0
2145,1557397800,20261001,GBPJPY,2.0,3.0,-113.0
2152,1557763200,20260610,USDJPY,0.0,1.0,-531.0
2153,1557770400,20260605,EURUSD,1.0,2.0,-274.0
2156,1557828000,20261002,GOLD,0.0,1.0,150.0
2157,1557856800,20260605,EURUSD,0.0,1.0,-118.0
2160,1557878430,20260605,EURUSD,0.0,1.0,105.0
2161,1558002600,20261001,GBPJPY,0.0,1.0,-491.0
2163,1558085400,20261001,GBPJPY,0.0,1.0,-70.0
2165,1558433700,20261001,GBPJPY,0.0,1.0,-3096.0
2167,1558516500,20261001,GBPJPY,0.0,1.0,898.0
2169,1558604700,20261001,GBPJPY,0.0,1.0,544.0
2170,1558627200,20260628,AUDJPY,1.0,2.0,-574.0
2172,1558656000,20260724,BTCUSD,0.0,0.0,-760.0
2173,1558948500,20261001,GBPJPY,0.0,1.0,-597.0
2176,1558962000,20260605,EURUSD,1.0,2.0,-283.0
2177,1559039400,20261001,GBPJPY,1.0,2.0,390.0
2178,1559042100,20261000,USDJPY,4.0,3.0,-384.0
2180,1559070000,20260605,EURUSD,2.0,3.0,-283.0
2184,1559131200,20260627,GBPJPY,1.0,2.0,2935.0
2186,1559210400,20261001,GBPJPY,0.0,0.0,-520.0
2187,1559212200,20261000,USDJPY,0.0,1.0,-252.0
2190,1559294100,20261001,GBPJPY,2.0,2.0,336.0
2191,1559304000,20260628,AUDJPY,2.0,3.0,-561.0
2192,1559332800,20260605,EURUSD,0.0,1.0,-71.0
2194,1559336400,20260605,EURUSD,1.0,2.0,1133.0
2196,1559556900,20261002,GOLD,2.0,3.0,757.0
2199,1559643300,20261002,GOLD,1.0,2.0,-769.0
2200,1559648700,20261000,USDJPY,0.0,1.0,-222.0
2203,1559721600,20260622,USDJPY,3.0,3.0,-1870.0
2205,1559733300,20261001,GBPJPY,0.0,1.0,11.0
2207,1559812500,20261001,GBPJPY,3.0,3.0,-597.0
2208,1559817900,20261002,GOLD,2.0,3.0,470.0
2213,1560124800,20260724,BTCUSD,0.0,1.0,2997.0
2214,1560164400,20261002,GOLD,0.0,0.0,-170.0
2216,1560249900,20261001,GBPJPY,0.0,0.0,106.0
2218,1560326400,20260640,GOLD,1.0,2.0,1624.0
2219,1560330900,20261002,GOLD,2.0,3.0,-450.0
2221,1560384000,20260628,AUDJPY,1.0,2.0,-541.0
2222,1560420900,20261001,GBPJPY,3.0,3.0,-583.0
2225,1560538800,20260605,EURUSD,0.0,1.0,-275.0
2226,1560769200,20261002,GOLD,0.0,1.0,-530.0
2229,1560850200,20261002,GOLD,1.0,2.0,91.0
2230,1560873600,20260605,EURUSD,0.0,1.0,-270.0
2232,1560935700,20261001,GBPJPY,3.0,3.0,-515.0
2233,1560937500,20261000,USDJPY,3.0,4.0,281.0
2235,1560974400,20260640,GOLD,1.0,2.0,2084.0
2239,1561026600,20261001,GBPJPY,0.0,1.0,-544.0
2241,1561071600,20260605,EURUSD,1.0,2.0,1113.0
2242,1561113900,20261000,USDJPY,0.0,1.0,-108.0
2245,1561367700,20261001,GBPJPY,0.0,1.0,-545.0
2249,1561630500,20261001,GBPJPY,0.0,0.0,-688.0
2251,1561694400,20260640,GOLD,0.0,1.0,-2577.0
2252,1561939200,20260724,BTCUSD,1.0,2.0,-1432.0
2254,1561975200,20261002,GOLD,0.0,0.0,-410.0
2255,1561978800,20261001,GBPJPY,2.0,2.0,54.0
2258,1562062500,20261001,GBPJPY,2.0,2.0,726.0
2259,1562066100,20261000,USDJPY,3.0,3.0,368.0
2260,1562067900,20261002,GOLD,2.0,3.0,1121.0
2262,1562097600,20260640,GOLD,2.0,3.0,-2319.0
2265,1562119200,20260605,EURUSD,0.0,1.0,563.0
2266,1562145300,20261001,GBPJPY,2.0,2.0,-309.0
2270,1562572800,20260627,GBPJPY,0.0,1.0,-1958.0
2271,1562580000,20261001,GBPJPY,2.0,2.0,-368.0
2272,1562580900,20261002,GOLD,0.0,1.0,-1168.0
2276,1562663700,20261001,GBPJPY,0.0,1.0,1410.0
2277,1562673600,20260627,GBPJPY,2.0,2.0,4367.0
2280,1563192000,20260640,GOLD,0.0,0.0,-1619.0
2282,1563393600,20260640,GOLD,0.0,0.0,2726.0
2284,1563447600,20260605,EURUSD,1.0,2.0,-96.0
2285,1563447600,20261001,GBPJPY,0.0,0.0,2736.0
2287,1563454800,20260605,EURUSD,0.0,1.0,-271.0
2291,1563771600,20260605,EURUSD,0.0,1.0,1147.0
2292,1563795900,20261001,GBPJPY,2.0,2.0,-1224.0
2293,1563825600,20260610,USDJPY,2.0,3.0,-310.0
2296,1563868800,20260610,USDJPY,1.0,2.0,1124.0
2297,1563876900,20261001,GBPJPY,1.0,2.0,-1866.0
2299,1563897600,20260640,GOLD,0.0,1.0,-1911.0
2300,1563964200,20261000,USDJPY,0.0,1.0,-191.0
2302,1564051500,20261001,GBPJPY,1.0,2.0,-315.0
2306,1564132500,20261001,GBPJPY,1.0,2.0,424.0
2308,1564372800,20260640,GOLD,0.0,0.0,-1767.0
2309,1564396200,20261001,GBPJPY,1.0,2.0,900.0
2314,1564632000,20260610,USDJPY,0.0,1.0,-500.0
2315,1564658100,20261002,GOLD,1.0,2.0,-1450.0
2318,1564704000,20260610,USDJPY,0.0,1.0,1070.0
2320,1564997400,20261002,GOLD,0.0,1.0,848.0
2321,1565020800,20260605,EURUSD,1.0,2.0,-341.0
2323,1565188200,20261002,GOLD,1.0,2.0,1264.0
2325,1565605800,20261001,GBPJPY,0.0,1.0,-858.0
2327,1565688600,20261002,GOLD,1.0,2.0,-1462.0
2328,1565688600,20261001,GBPJPY,0.0,1.0,-2754.0
2332,1565862300,20261000,USDJPY,0.0,1.0,-688.0
2334,1565899200,20260605,EURUSD,0.0,1.0,-249.0
2335,1565949600,20261001,GBPJPY,0.0,1.0,464.0
2337,1566417600,20260640,GOLD,0.0,0.0,-1591.0
2340,1566590400,20260640,GOLD,0.0,1.0,2844.0
2342,1566814500,20261002,GOLD,0.0,1.0,484.0
2344,1567022400,20260605,EURUSD,0.0,1.0,1129.0
2345,1567072800,20261001,GBPJPY,0.0,1.0,-508.0
2347,1567079100,20261000,USDJPY,1.0,2.0,734.0
2350,1567415700,20261001,GBPJPY,0.0,1.0,-679.0
2351,1567420200,20261002,GOLD,0.0,1.0,-1357.0
2353,1567423800,20261001,GBPJPY,0.0,1.0,2424.0
2354,1567454400,20260628,AUDJPY,1.0,2.0,-463.0
2356,1567503900,20261001,GBPJPY,1.0,2.0,-929.0
2360,1567588500,20261002,GOLD,0.0,1.0,-940.0
2361,1567588500,20261000,USDJPY,1.0,2.0,191.0
2362,1567588500,20261001,GBPJPY,1.0,2.0,1185.0
2366,1567674900,20261001,GBPJPY,0.0,1.0,-3162.0
2368,1567683900,20261001,GBPJPY,0.0,1.0,1154.0
2369,1567689300,20261002,GOLD,0.0,1.0,2106.0
2372,1568282400,20260605,EURUSD,0.0,1.0,-270.0
2374,1568300400,20260605,EURUSD,0.0,1.0,-267.0
2376,1568307600,20260605,EURUSD,0.0,1.0,-287.0
2377,1568369700,20261000,USDJPY,1.0,2.0,-364.0
2378,1568376000,20260774,GBPUSD,2.0,3.0,-545.0
2382,1568743200,20260605,EURUSD,0.0,1.0,-280.0
2383,1568836800,20260610,USDJPY,0.0,1.0,-492.0
2385,1568844000,20260605,EURUSD,1.0,2.0,-265.0
2388,1569344400,20260605,EURUSD,0.0,1.0,-270.0
2390,1569366000,20260605,EURUSD,0.0,1.0,1139.0
2391,1569405600,20261001,GBPJPY,0.0,1.0,-501.0
2393,1569408300,20261001,GBPJPY,0.0,1.0,1920.0
2396,1569835800,20261002,GOLD,0.0,1.0,1742.0
2398,1569924900,20261001,GBPJPY,0.0,1.0,-450.0
2399,1569926700,20261002,GOLD,0.0,1.0,-1648.0
2400,1569926700,20261000,USDJPY,2.0,2.0,-373.0
2404,1570060800,20260720,BTCUSD,0.0,1.0,547.0
2405,1570095900,20261001,GBPJPY,0.0,1.0,-425.0
2406,1570096800,20261000,USDJPY,0.0,0.0,-644.0
2409,1570197600,20260605,EURUSD,1.0,2.0,-268.0
2411,1570503600,20260605,EURUSD,1.0,2.0,-267.0
2412,1570532400,20261001,GBPJPY,0.0,1.0,5214.0
2414,1570543200,20260629,EURUSD,0.0,1.0,-312.0
2415,1570543200,20260629,EURUSD,1.0,2.0,2497.0
2417,1570564800,20260610,USDJPY,1.0,2.0,-619.0
2418,1570582800,20260605,EURUSD,2.0,3.0,1098.0
2419,1570617900,20261000,USDJPY,0.0,2.0,253.0
2422,1570708800,20260774,GBPUSD,0.0,1.0,-539.0
2424,1570737600,20260774,GBPUSD,2.0,3.0,1184.0
2427,1570785300,20261001,GBPJPY,1.0,2.0,-600.0
2431,1570813200,20260629,EURUSD,1.0,2.0,-3.0
2432,1570813200,20260629,EURUSD,0.0,1.0,-1664.0
2433,1571045400,20261001,GBPJPY,0.0,1.0,-258.0
2435,1571131800,20261001,GBPJPY,0.0,1.0,-708.0
2437,1571220900,20261001,GBPJPY,0.0,1.0,-839.0
2439,1571398200,20261001,GBPJPY,0.0,1.0,1314.0
2441,1571655600,20261001,GBPJPY,0.0,1.0,1218.0
2442,1571656500,20261000,USDJPY,1.0,2.0,-51.0
2445,1571716800,20260628,AUDJPY,0.0,1.0,-377.0
2447,1571846400,20260627,GBPJPY,0.0,1.0,5887.0
2449,1572379200,20260605,EURUSD,0.0,1.0,-159.0
2451,1572429600,20260605,EURUSD,0.0,1.0,-274.0
2453,1572520500,20261000,USDJPY,0.0,1.0,414.0
2455,1572624000,20260605,EURUSD,0.0,1.0,-292.0
2456,1572638400,20260610,USDJPY,1.0,2.0,1113.0
2458,1572946200,20261001,GBPJPY,3.0,3.0,370.0
2459,1572948000,20260605,EURUSD,0.0,1.0,-162.0
2460,1572950700,20261000,USDJPY,3.0,4.0,324.0
2462,1572958800,20260605,EURUSD,2.0,3.0,1161.0
2463,1572963300,20261002,GOLD,3.0,4.0,1303.0
2467,1573031700,20261001,GBPJPY,0.0,1.0,238.0
2469,1573119900,20261000,USDJPY,4.0,3.0,542.0
2470,1573121700,20261001,GBPJPY,4.0,4.0,-900.0
2476,1573557300,20261001,GBPJPY,0.0,0.0,-894.0
2479,1573644600,20261001,GBPJPY,0.0,0.0,888.0
2480,1573645500,20261002,GOLD,0.0,1.0,-556.0
2483,1573731900,20261000,USDJPY,0.0,1.0,182.0
2485,1574068500,20261001,GBPJPY,2.0,2.0,-233.0
2486,1574071200,20261000,USDJPY,2.0,3.0,-264.0
2488,1574103600,20260605,EURUSD,0.0,1.0,-289.0
2490,1574154900,20261001,GBPJPY,2.0,2.0,-509.0
2491,1574161200,20261000,USDJPY,2.0,3.0,-622.0
2494,1574246700,20261001,GBPJPY,0.0,0.0,-565.0
2497,1574330400,20261001,GBPJPY,2.0,2.0,-260.0
2499,1574421300,20261001,GBPJPY,0.0,0.0,3288.0
2500,1574456400,20260605,EURUSD,0.0,1.0,-263.0
2502,1574676000,20261001,GBPJPY,2.0,2.0,530.0
2504,1574759700,20261001,GBPJPY,0.0,0.0,300.0
2506,1574812800,20260720,BTCUSD,0.0,0.0,-1014.0
2507,1575028800,20260640,GOLD,0.0,1.0,-652.0
2509,1575281700,20261002,GOLD,0.0,1.0,-811.0
2512,1575342000,20260605,EURUSD,1.0,2.0,-316.0
2513,1575364500,20261001,GBPJPY,2.0,2.0,-290.0
2515,1575450900,20261002,GOLD,2.0,3.0,-745.0
2516,1575451800,20261001,GBPJPY,0.0,0.0,-2346.0
2518,1575454500,20261001,GBPJPY,2.0,2.0,856.0
2520,1575458100,20261002,GOLD,0.0,1.0,-1355.0
2521,1575459000,20261000,USDJPY,2.0,3.0,318.0
2524,1575489600,20260610,USDJPY,2.0,3.0,-89.0
2527,1575532800,20260610,USDJPY,2.0,3.0,-710.0
2529,1576144800,20261001,GBPJPY,1.0,2.0,-482.0
2532,1576180800,20260610,USDJPY,1.0,2.0,-468.0
2534,1576578600,20261001,GBPJPY,0.0,1.0,856.0
2536,1577077230,20260605,EURUSD,0.0,1.0,-276.0
2537,1577092500,20261002,GOLD,0.0,0.0,-115.0
2539,1577145600,20260650,AUDJPY,1.0,2.0,-102209.0
2540,1577189700,20261002,GOLD,0.0,0.0,1202.0
2544,1577439900,20261001,GBPJPY,2.0,3.0,583.0
2545,1577480400,20260605,EURUSD,0.0,1.0,-331.0
2547,1577664000,20260720,BTCUSD,0.0,1.0,154.0
2549,1577750400,20260610,USDJPY,2.0,3.0,864.0
2550,1577980800,20260640,GOLD,3.0,4.0,1476.0
2552,1578043800,20261001,GBPJPY,0.0,1.0,317.0
2555,1578303000,20261001,GBPJPY,0.0,1.0,1206.0
2557,1578390300,20261001,GBPJPY,0.0,1.0,-3042.0
2559,1578393000,20261001,GBPJPY,0.0,1.0,-571.0
2563,1578476700,20261001,GBPJPY,0.0,1.0,415.0
2564,1578513600,20260610,USDJPY,1.0,2.0,1125.0
2567,1578528000,20260724,BTCUSD,0.0,0.0,72.0
2568,1578570300,20261001,GBPJPY,0.0,1.0,-2352.0
2569,1578600000,20260605,EURUSD,0.0,1.0,-272.0
2572,1578906900,20261002,GOLD,0.0,1.0,289.0
2573,1578914100,20261000,USDJPY,2.0,2.0,51.0
2576,1578996900,20261001,GBPJPY,0.0,1.0,-4236.0
2578,1579129200,20260605,EURUSD,0.0,1.0,-304.0
2580,1579201200,20260605,EURUSD,0.0,1.0,1172.0
2582,1579257900,20261001,GBPJPY,0.0,1.0,-479.0
2584,1579261500,20261001,GBPJPY,0.0,1.0,2376.0
2586,1579507200,20260640,GOLD,0.0,1.0,-1168.0
2587,1579603500,20261002,GOLD,0.0,0.0,-7.0
2588,1579607100,20261001,GBPJPY,0.0,1.0,-912.0
2592,1579694400,20260640,GOLD,0.0,1.0,2208.0
2593,1579737630,20260650,AUDJPY,0.0,1.0,-123699.0
2595,1579773600,20261002,GOLD,0.0,1.0,-1063.0
2597,1579862700,20261001,GBPJPY,1.0,2.0,-472.0
2601,1580117400,20261001,GBPJPY,1.0,2.0,-477.0
2602,1580121000,20261002,GOLD,0.0,1.0,-465.0
2603,1580126400,20260774,GBPUSD,1.0,2.0,1207.0
2607,1580205600,20261001,GBPJPY,1.0,2.0,498.0
2609,1580241600,20260610,USDJPY,1.0,2.0,-558.0
2611,1580289300,20261001,GBPJPY,1.0,2.0,-100.0
2612,1580297400,20261000,USDJPY,3.0,3.0,-480.0
2613,1580298300,20261002,GOLD,2.0,3.0,-68.0
2617,1580375700,20261001,GBPJPY,1.0,2.0,-477.0
2618,1580376600,20261002,GOLD,1.0,2.0,-815.0
2621,1580414400,20260640,GOLD,1.0,2.0,-1566.0
2623,1580462100,20261001,GBPJPY,0.0,1.0,-14.0
2624,1580472000,20260640,GOLD,1.0,2.0,-1601.0
2626,1580722200,20261000,USDJPY,0.0,1.0,29.0
2627,1580724900,20261001,GBPJPY,0.0,1.0,842.0
2628,1580727600,20260605,EURUSD,1.0,2.0,-347.0
2631,1580752800,20260605,EURUSD,1.0,2.0,-292.0
2633,1580812200,20261002,GOLD,0.0,2.0,1735.0
2634,1580812200,20261000,USDJPY,0.0,1.0,435.0
2636,1580816700,20261001,GBPJPY,0.0,1.0,876.0
2639,1580846400,20260610,USDJPY,2.0,3.0,1130.0
2642,1580894100,20261002,GOLD,0.0,1.0,-1106.0
2643,1580902200,20261000,USDJPY,1.0,2.0,360.0
2646,1580903100,20261002,GOLD,2.0,3.0,-1686.0
2649,1581500700,20261001,GBPJPY,1.0,2.0,127.0
2651,1581595200,20260774,GBPUSD,1.0,2.0,-551.0
2653,1581624000,20260774,GBPUSD,0.0,1.0,-146.0
2655,1581667200,20260774,GBPUSD,1.0,2.0,1205.0
2656,1582020900,20261001,GBPJPY,1.0,2.0,-472.0
2658,1582106400,20261001,GBPJPY,1.0,2.0,892.0
2659,1582109100,20261000,USDJPY,4.0,3.0,668.0
2664,1582191000,20261000,USDJPY,0.0,1.0,242.0
2665,1582191000,20261001,GBPJPY,1.0,2.0,119.0
2666,1582206300,20261002,GOLD,0.0,0.0,495.0
2670,1582278300,20261000,USDJPY,0.0,1.0,110.0
2671,1582278300,20261001,GBPJPY,1.0,2.0,-2892.0
2674,1582502400,20260724,BTCUSD,0.0,1.0,-2327.0
2675,1582541100,20261001,GBPJPY,0.0,1.0,5322.0
2677,1582627500,20261000,USDJPY,1.0,2.0,912.0
2678,1582660800,20260605,EURUSD,2.0,3.0,-288.0
2680,1582713000,20261002,GOLD,2.0,3.0,-1644.0
2681,1582714800,20261001,GBPJPY,0.0,1.0,4266.0
2685,1582798500,20261001,GBPJPY,0.0,1.0,301.0
2687,1582876800,20260610,USDJPY,1.0,2.0,1101.0
2689,1583241300,20261002,GOLD,1.0,2.0,3044.0
2691,1583313300,20261002,GOLD,0.0,0.0,-1832.0
2693,1583406900,20261000,USDJPY,1.0,2.0,672.0
2695,1583481600,20260628,AUDJPY,0.0,1.0,3918.0
2696,1583495100,20261000,USDJPY,2.0,2.0,282.0
2700,1583755200,20260774,GBPUSD,0.0,1.0,-526.0
2702,1583798400,20260724,BTCUSD,0.0,1.0,-2131.0
2703,1583870400,20260774,GBPUSD,0.0,1.0,-532.0
2704,1583922600,20261001,GBPJPY,0.0,1.0,-7848.0
2707,1584012600,20261001,GBPJPY,0.0,1.0,-508.0
2708,1584022500,20261002,GOLD,0.0,0.0,3691.0
2710,1584028800,20260629,EURUSD,0.0,1.0,2365.0
2711,1584028800,20260629,EURUSD,0.0,1.0,-5425.0
2713,1584072000,20260605,EURUSD,0.0,1.0,-263.0
2715,1584094500,20261001,GBPJPY,0.0,1.0,206.0
2717,1584316800,20260720,BTCUSD,1.0,2.0,214.0
2718,1584357300,20261001,GBPJPY,0.0,1.0,918.0
2719,1584360000,20260605,EURUSD,0.0,1.0,1106.0
2720,1584360900,20261002,GOLD,0.0,0.0,6851.0
2723,1584444600,20261001,GBPJPY,0.0,1.0,-2628.0
2724,1584445500,20261002,GOLD,0.0,0.0,-4773.0
2728,1584525600,20261002,GOLD,0.0,1.0,845.0
2729,1584530100,20261001,GBPJPY,0.0,1.0,2478.0
2732,1584618300,20261001,GBPJPY,0.0,1.0,3052.0
2733,1584633600,20260610,USDJPY,1.0,2.0,1102.0
2736,1584697500,20261001,GBPJPY,0.0,1.0,-916.0
2739,1585044900,20261001,GBPJPY,0.0,1.0,2058.0
2741,1585130400,20261001,GBPJPY,0.0,1.0,-1591.0
2742,1585132200,20261002,GOLD,0.0,0.0,-1500.0
2743,1585152000,20260610,USDJPY,1.0,2.0,-502.0
2747,1585220400,20261000,USDJPY,1.0,2.0,686.0
2751,1585296000,20260610,USDJPY,1.0,2.0,-501.0
2753,1585537200,20260605,EURUSD,1.0,2.0,-273.0
2755,1585944000,20260605,EURUSD,0.0,1.0,-274.0
2757,1586164500,20261001,GBPJPY,0.0,1.0,456.0
2758,1586169000,20261000,USDJPY,1.0,2.0,-296.0
2761,1586260800,20260605,EURUSD,0.0,1.0,-276.0
2763,1586282400,20260605,EURUSD,0.0,1.0,-278.0
2766,1586822400,20260720,BTCUSD,0.0,1.0,1379.0
2767,1586865600,20260605,EURUSD,1.0,2.0,-282.0
2768,1586943900,20261001,GBPJPY,0.0,1.0,-177.0
2771,1587118500,20261001,GBPJPY,0.0,1.0,-966.0
2772,1587160800,20260605,EURUSD,0.0,1.0,-268.0
2774,1587340950,20260724,BTCUSD,0.0,1.0,1197.0
2775,1587355200,20260610,USDJPY,0.0,1.0,-498.0
2776,1587378600,20261001,GBPJPY,0.0,1.0,1416.0
2780,1587466800,20261001,GBPJPY,0.0,1.0,773.0
2782,1587552300,20261001,GBPJPY,0.0,1.0,-366.0
2784,1587633300,20261001,GBPJPY,0.0,1.0,-613.0
2786,1587637800,20261001,GBPJPY,0.0,1.0,-3492.0
2788,1587979800,20261000,USDJPY,2.0,3.0,-121.0
2790,1588072500,20261000,USDJPY,2.0,3.0,159.0
2792,1588140000,20260605,EURUSD,2.0,3.0,1094.0
2793,1588158000,20261000,USDJPY,3.0,4.0,-202.0
2795,1588238100,20261001,GBPJPY,0.0,1.0,-385.0
2797,1588247100,20261001,GBPJPY,0.0,1.0,4962.0
2800,1588276800,20260774,GBPUSD,2.0,3.0,-540.0
2802,1588329900,20261001,GBPJPY,0.0,1.0,853.0
2803,1588330800,20261000,USDJPY,3.0,3.0,61.0
2808,1588763700,20261001,GBPJPY,0.0,1.0,1065.0
2810,1588842900,20261001,GBPJPY,0.0,1.0,-100.0
2811,1588845600,20260605,EURUSD,0.0,1.0,-268.0
2813,1588851000,20261000,USDJPY,1.0,2.0,-126.0
2814,1588888800,20260605,EURUSD,0.0,1.0,-264.0
2818,1588960800,20260605,EURUSD,0.0,1.0,-214.0
2820,1588964400,20260605,EURUSD,0.0,1.0,-265.0
2821,1589155230,20260724,BTCUSD,0.0,0.0,-321.0
2822,1589190300,20261000,USDJPY,0.0,1.0,621.0
2823,1589190300,20261001,GBPJPY,1.0,2.0,-1023.0
2824,1589202900,20261002,GOLD,1.0,2.0,149.0
2829,1589361300,20261001,GBPJPY,0.0,1.0,-500.0
2831,1589447700,20261001,GBPJPY,0.0,1.0,-570.0
2833,1589529600,20260774,GBPUSD,0.0,1.0,1181.0
2834,1589535000,20261001,GBPJPY,1.0,2.0,771.0
2835,1589540400,20261000,USDJPY,1.0,2.0,-404.0
2839,1589794200,20261001,GBPJPY,0.0,1.0,1048.0
2841,1589821200,20260605,EURUSD,1.0,2.0,1119.0
2842,1589879700,20261001,GBPJPY,0.0,1.0,1144.0
2844,1589904000,20260610,USDJPY,1.0,2.0,-502.0
2846,1589961600,20260640,GOLD,0.0,1.0,-2554.0
2847,1589968800,20261001,GBPJPY,0.0,1.0,1998.0
2849,1590004800,20260610,USDJPY,0.0,1.0,1126.0
2851,1590055200,20261002,GOLD,0.0,0.0,1224.0
2852,1590056100,20261000,USDJPY,1.0,2.0,-267.0
2856,1590142500,20261001,GBPJPY,0.0,1.0,-191.0
2857,1590148800,20260640,GOLD,0.0,1.0,-2173.0
2860,1590379200,20260628,AUDJPY,1.0,2.0,3000.0
2861,1590451200,20260724,BTCUSD,0.0,1.0,248.0
2862,1590484500,20261001,GBPJPY,2.0,3.0,724.0
2863,1590497100,20261002,GOLD,0.0,0.0,2106.0
2867,1590575400,20261001,GBPJPY,0.0,1.0,-543.0
2869,1590590700,20261002,GOLD,0.0,1.0,-666.0
2871,1590660900,20261002,GOLD,0.0,1.0,-152.0
2873,1590710400,20260720,BTCUSD,0.0,1.0,-125.0
2874,1590748200,20261001,GBPJPY,0.0,1.0,-598.0
2877,1591010100,20261000,USDJPY,0.0,1.0,-192.0
2879,1591056000,20260650,AUDJPY,3.0,3.0,643055.0
2880,1591090200,20261001,GBPJPY,3.0,4.0,1262.0
2882,1591094700,20261000,USDJPY,3.0,4.0,670.0
2886,1591128000,20260610,USDJPY,1.0,2.0,1111.0
2887,1591156800,20260774,GBPUSD,0.0,1.0,-557.0
2888,1591182900,20261002,GOLD,0.0,0.0,2175.0
2891,1591348500,20261001,GBPJPY,2.0,3.0,649.0
2892,1591353000,20261000,USDJPY,3.0,4.0,186.0
2896,1591608600,20261002,GOLD,1.0,2.0,411.0
2897,1591609500,20261001,GBPJPY,0.0,1.0,5892.0
2898,1591617600,20260628,AUDJPY,1.0,2.0,-976.0
2903,1591698600,20261001,GBPJPY,0.0,1.0,-522.0
2904,1591699500,20261000,USDJPY,0.0,1.0,81.0
2905,1591703100,20261002,GOLD,1.0,2.0,967.0
2909,1591788600,20261000,USDJPY,0.0,1.0,141.0
2911,1591833600,20260610,USDJPY,0.0,1.0,-429.0
2912,1591870500,20261001,GBPJPY,0.0,1.0,902.0
2914,1591920000,20260724,BTCUSD,1.0,2.0,-676.0
2915,1591959600,20261001,GBPJPY,0.0,1.0,-1157.0
2917,1591992000,20260610,USDJPY,2.0,3.0,-499.0
2920,1592212500,20261001,GBPJPY,0.0,1.0,-1034.0
2921,1592217000,20261002,GOLD,0.0,0.0,-506.0
2923,1592219700,20261001,GBPJPY,1.0,2.0,2292.0
2926,1592265600,20260720,BTCUSD,1.0,2.0,-198.0
2927,1592373600,20260605,EURUSD,0.0,1.0,-270.0
2929,1592395200,20260774,GBPUSD,2.0,3.0,-551.0
2930,1592467200,20260610,USDJPY,3.0,4.0,-713.0
2932,1592510400,20260774,GBPUSD,0.0,2.0,-198.0
2934,1592553600,20260774,GBPUSD,3.0,4.0,-535.0
2936,1592821800,20261001,GBPJPY,0.0,1.0,619.0
2937,1592827200,20260774,GBPUSD,4.0,4.0,1163.0
2940,1592910900,20261001,GBPJPY,1.0,2.0,-1164.0
2943,1593003600,20260605,EURUSD,2.0,3.0,-269.0
2945,1593021600,20260605,EURUSD,2.0,3.0,-268.0
2947,1593039600,20260605,EURUSD,0.0,1.0,-259.0
2948,1593078300,20261002,GOLD,1.0,2.0,-564.0
2950,1593100800,20260610,USDJPY,1.0,2.0,-560.0
2954,1593450000,20260605,EURUSD,1.0,2.0,-269.0
2957,1593457200,20260605,EURUSD,0.0,1.0,-269.0
2958,1593460800,20260610,USDJPY,2.0,2.0,-252.0
2959,1593511200,20261001,GBPJPY,0.0,1.0,-3126.0
2962,1593547200,20260605,EURUSD,0.0,1.0,-278.0
2964,1593602100,20261000,USDJPY,0.0,1.0,-1.0
2966,1593604800,20260610,USDJPY,1.0,2.0,354.0
2967,1593626400,20260605,EURUSD,2.0,3.0,-296.0
2969,1593681300,20261001,GBPJPY,0.0,1.0,-333.0
2972,1593766800,20260605,EURUSD,0.0,1.0,-268.0
2974,1594118700,20261000,USDJPY,0.0,1.0,-85.0
2975,1594119600,20261001,GBPJPY,1.0,2.0,918.0
2977,1594152000,20260628,AUDJPY,2.0,2.0,-495.0
2979,1594208700,20261001,GBPJPY,0.0,1.0,-3036.0
2981,1594288800,20261001,GBPJPY,1.0,2.0,-355.0
2984,1594375200,20261001,GBPJPY,0.0,1.0,-752.0
2985,1594377900,20261000,USDJPY,2.0,2.0,-132.0
2988,1594627200,20260628,AUDJPY,1.0,2.0,2546.0
2989,1594642500,20261002,GOLD,1.0,2.0,28.0
2991,1594723500,20261001,GBPJPY,0.0,1.0,-323.0
2993,1594806300,20261001,GBPJPY,1.0,2.0,-548.0
2994,1594809900,20261000,USDJPY,1.0,2.0,104.0
2997,1594892700,20261001,GBPJPY,0.0,1.0,-542.0
2999,1594979100,20261001,GBPJPY,0.0,1.0,558.0
3000,1595001600,20260640,GOLD,1.0,2.0,2336.0
3002,1595245500,20261001,GBPJPY,1.0,2.0,981.0
3004,1595322900,20261001,GBPJPY,1.0,2.0,23.0
3006,1595361600,20260774,GBPUSD,2.0,2.0,-550.0
3009,1595413800,20261001,GBPJPY,0.0,1.0,-576.0
3010,1595416500,20261000,USDJPY,0.0,1.0,246.0
3013,1595502900,20261002,GOLD,1.0,2.0,3209.0
3016,1595585700,20261001,GBPJPY,0.0,1.0,-355.0
3018,1595842200,20261001,GBPJPY,0.0,1.0,-321.0
3020,1596019500,20261000,USDJPY,0.0,1.0,-438.0
3022,1596104100,20261002,GOLD,0.0,1.0,432.0
3024,1596168000,20260640,GOLD,0.0,1.0,5691.0
3025,1596461400,20261002,GOLD,0.0,0.0,-328.0
3027,1596539700,20261001,GBPJPY,0.0,1.0,1698.0
3030,1596600000,20260640,GOLD,0.0,1.0,4801.0
3031,1596621600,20261002,GOLD,1.0,2.0,-183.0
3033,1596705300,20261001,GBPJPY,2.0,3.0,-70.0
3034,1596724200,20261002,GOLD,1.0,2.0,823.0
3038,1596799800,20261001,GBPJPY,0.0,1.0,-15.0
3040,1597060800,20260627,GBPJPY,2.0,3.0,6045.0
3041,1597107600,20260605,EURUSD,0.0,1.0,-264.0
3042,1597138200,20261002,GOLD,1.0,2.0,5801.0
3044,1597158000,20260605,EURUSD,1.0,2.0,-265.0
3047,1597190700,20260724,BTCUSD,0.0,1.0,-522.0
3048,1597223700,20261001,GBPJPY,4.0,4.0,-69.0
3050,1597320000,20260605,EURUSD,1.0,2.0,-265.0
3052,1597397400,20261001,GBPJPY,0.0,2.0,-337.0
3054,1597661100,20261002,GOLD,1.0,2.0,6634.0
3056,1597743900,20261000,USDJPY,1.0,2.0,73.0
3057,1597749300,20261001,GBPJPY,3.0,3.0,3378.0
3060,1597829400,20261001,GBPJPY,4.0,4.0,-644.0
3062,1597918500,20261001,GBPJPY,0.0,2.0,-496.0
3064,1598264100,20261001,GBPJPY,4.0,4.0,-462.0
3066,1598349600,20261000,USDJPY,3.0,4.0,197.0
3067,1598352300,20261001,GBPJPY,5.0,5.0,704.0
3068,1598360400,20260605,EURUSD,0.0,1.0,-264.0
3072,1598438700,20261000,USDJPY,0.0,2.0,450.0
3074,1598486700,20260724,BTCUSD,0.0,0.0,-1922.0
3078,1598598000,20260605,EURUSD,1.0,2.0,1102.0
3080,1598958000,20261001,GBPJPY,1.0,2.0,-138.0
3082,1599066000,20260605,EURUSD,0.0,1.0,-265.0
3084,1599125400,20261001,GBPJPY,0.0,1.0,415.0
3085,1599126300,20261002,GOLD,0.0,0.0,165.0
3088,1599218100,20261001,GBPJPY,1.0,2.0,-605.0
3090,1599471000,20261001,GBPJPY,0.0,1.0,274.0
3092,1599564600,20261001,GBPJPY,0.0,1.0,1052.0
3094,1599643800,20261001,GBPJPY,0.0,1.0,-740.0
3097,1599796800,20260610,USDJPY,1.0,2.0,-498.0
3098,1599819300,20261001,GBPJPY,2.0,3.0,-539.0
3100,1599854400,20260774,GBPUSD,1.0,2.0,-535.0
3102,1600082100,20261001,GBPJPY,2.0,3.0,-337.0
3105,1600138800,20260605,EURUSD,0.0,1.0,-268.0
3106,1600162200,20261001,GBPJPY,1.0,2.0,-90.0
3109,1600214700,20260720,BTCUSD,0.0,1.0,-450.0
3110,1600254900,20261002,GOLD,1.0,2.0,-229.0
3111,1600279200,20260605,EURUSD,0.0,1.0,-265.0
3114,1600339500,20261000,USDJPY,1.0,2.0,22.0
3115,1600344000,20260610,USDJPY,2.0,3.0,-620.0
3117,1600387200,20260605,EURUSD,2.0,3.0,-270.0
3118,1600425900,20261000,USDJPY,3.0,4.0,40.0
3119,1600426800,20261001,GBPJPY,1.0,2.0,2718.0
3122,1600683300,20261000,USDJPY,3.0,4.0,-403.0
3124,1600688700,20261002,GOLD,0.0,2.0,5573.0
3127,1600767900,20261002,GOLD,0.0,1.0,458.0
3128,1600767900,20261001,GBPJPY,0.0,1.0,-533.0
3131,1600852500,20261002,GOLD,0.0,1.0,1122.0
3134,1600938900,20261001,GBPJPY,0.0,1.0,-511.0
3136,1601028000,20261000,USDJPY,1.0,2.0,-300.0
3138,1601292600,20261001,GBPJPY,1.0,2.0,2166.0
3140,1601370900,20261001,GBPJPY,1.0,2.0,29.0
3141,1601372700,20261000,USDJPY,2.0,3.0,-23.0
3144,1601457300,20261002,GOLD,0.0,0.0,-1567.0
3145,1601457300,20261001,GBPJPY,0.0,1.0,-803.0
3148,1601543700,20261001,GBPJPY,1.0,2.0,-473.0
3150,1601549100,20261001,GBPJPY,0.0,1.0,-4122.0
3152,1601654400,20260605,EURUSD,1.0,2.0,1054.0
3153,1601892900,20261002,GOLD,0.0,1.0,-1825.0
3154,1601896500,20261001,GBPJPY,1.0,2.0,300.0
3155,1601897400,20261000,USDJPY,2.0,3.0,45.0
3159,1601956800,20260610,USDJPY,1.0,2.0,-484.0
3160,1601982900,20261000,USDJPY,1.0,2.0,-20.0
3162,1602063000,20261002,GOLD,1.0,2.0,-378.0
3163,1602065700,20261001,GBPJPY,2.0,3.0,248.0
3164,1602067500,20261000,USDJPY,3.0,4.0,102.0
3170,1602648000,20260605,EURUSD,1.0,2.0,-263.0
3171,1602684900,20261002,GOLD,0.0,1.0,-55.0
3174,1602694800,20260605,EURUSD,0.0,1.0,-254.0
3176,1602761400,20261001,GBPJPY,0.0,1.0,3054.0
3178,1603101600,20261001,GBPJPY,1.0,2.0,-53.0
3179,1603104300,20261002,GOLD,0.0,0.0,-176.0
3181,1603126800,20260605,EURUSD,1.0,2.0,-335.0
3184,1603194300,20261001,GBPJPY,1.0,2.0,-335.0
3185,1603195200,20260628,AUDJPY,0.0,1.0,-574.0
3187,1603273500,20261000,USDJPY,1.0,2.0,639.0
3188,1603278900,20261002,GOLD,2.0,3.0,232.0
3192,1603440000,20260628,AUDJPY,0.0,0.0,-460.0
3193,1603451700,20261000,USDJPY,1.0,2.0,-161.0
3196,1603703700,20261000,USDJPY,1.0,2.0,-135.0
3197,1603713600,20260774,GBPUSD,0.0,1.0,-525.0
3200,1603799100,20261000,USDJPY,1.0,2.0,125.0
3202,1603878300,20261001,GBPJPY,0.0,1.0,806.0
3205,1603968300,20261001,GBPJPY,0.0,1.0,366.0
3206,1603969200,20261000,USDJPY,0.0,1.0,-560.0
3207,1603983600,20260605,EURUSD,0.0,1.0,-259.0
3210,1604016300,20260720,BTCUSD,0.0,0.0,3682.0
3211,1604311200,20261000,USDJPY,1.0,2.0,-34.0
3212,1604313900,20261001,GBPJPY,0.0,1.0,-2820.0
3213,1604315700,20261002,GOLD,0.0,0.0,618.0
3215,1604347200,20260774,GBPUSD,1.0,2.0,-530.0
3218,1604394900,20261000,USDJPY,0.0,0.0,-37.0
3220,1604404800,20260774,GBPUSD,1.0,2.0,1148.0
3224,1604491200,20260610,USDJPY,1.0,2.0,1012.0
3225,1604568600,20261001,GBPJPY,0.0,1.0,900.0
3228,1604617200,20260605,EURUSD,1.0,2.0,-268.0
3230,1604880300,20260724,BTCUSD,1.0,2.0,2735.0
3231,1604913300,20261001,GBPJPY,1.0,2.0,1656.0
3232,1604922300,20261000,USDJPY,2.0,3.0,1056.0
3233,1604930400,20261002,GOLD,0.0,0.0,8410.0
3237,1604952000,20260610,USDJPY,1.0,2.0,-499.0
3239,1604980800,20260610,USDJPY,2.0,3.0,-502.0
3240,1605004200,20261001,GBPJPY,0.0,1.0,4236.0
3241,1605009600,20260629,EURUSD,3.0,4.0,1375.0
3242,1605009600,20260629,EURUSD,0.0,3.0,-695.0
3245,1605086100,20261001,GBPJPY,1.0,2.0,-4386.0
3246,1605090600,20261000,USDJPY,2.0,3.0,-25.0
3249,1605240000,20260610,USDJPY,2.0,3.0,1012.0
3250,1605261600,20261001,GBPJPY,0.0,1.0,-465.0
3252,1605524400,20261000,USDJPY,3.0,4.0,-344.0
3253,1605526200,20261001,GBPJPY,1.0,2.0,-4152.0
3258,1605758400,20260605,EURUSD,1.0,2.0,-183.0
3260,1605783600,20260605,EURUSD,0.0,1.0,-261.0
3263,1606123800,20261001,GBPJPY,1.0,2.0,887.0
3265,1606176300,20260724,BTCUSD,0.0,1.0,115.0
3266,1606213800,20261001,GBPJPY,1.0,2.0,100.0
3267,1606217400,20261000,USDJPY,1.0,2.0,-852.0
3268,1606221000,20261002,GOLD,0.0,1.0,1337.0
3272,1606301100,20261001,GBPJPY,0.0,1.0,-2322.0
3276,1606708800,20260640,GOLD,0.0,0.0,-1892.0
3277,1606730400,20261001,GBPJPY,1.0,2.0,1728.0
3278,1606734000,20261000,USDJPY,2.0,3.0,204.0
3281,1606814100,20261001,GBPJPY,1.0,2.0,443.0
3282,1606816800,20261002,GOLD,0.0,1.0,2440.0
3286,1606903200,20261000,USDJPY,1.0,2.0,-24.0
3288,1606988700,20261002,GOLD,1.0,2.0,-1480.0
3289,1606989600,20261000,USDJPY,2.0,3.0,908.0
3292,1607076900,20261001,GBPJPY,1.0,2.0,-468.0
3294,1607332500,20261001,GBPJPY,0.0,1.0,5052.0
3296,1607339700,20261000,USDJPY,1.0,2.0,-369.0
3299,1607422500,20261001,GBPJPY,0.0,1.0,-484.0
3301,1607508900,20261001,GBPJPY,1.0,2.0,-99.0
3302,1607521500,20261002,GOLD,0.0,1.0,1198.0
3305,1607587200,20260628,AUDJPY,2.0,2.0,-443.0
3306,1607595300,20261000,USDJPY,2.0,3.0,-382.0
3308,1607680800,20261001,GBPJPY,0.0,1.0,7050.0
3310,1607939100,20261001,GBPJPY,2.0,3.0,-2898.0
3311,1607945400,20261000,USDJPY,0.0,2.0,-538.0
3314,1608024600,20261002,GOLD,0.0,1.0,723.0
3315,1608029100,20261001,GBPJPY,0.0,1.0,-3168.0
3318,1608076800,20260605,EURUSD,0.0,1.0,-259.0
3319,1608114600,20261001,GBPJPY,2.0,3.0,-60.0
3320,1608116400,20261000,USDJPY,1.0,2.0,-394.0
3324,1608203700,20261001,GBPJPY,2.0,3.0,-613.0
3326,1608286500,20261000,USDJPY,2.0,3.0,-279.0
3328,1608544800,20261000,USDJPY,2.0,3.0,-544.0
3329,1608552900,20261002,GOLD,1.0,2.0,-1938.0
3333,1608714900,20261001,GBPJPY,1.0,2.0,1307.0
3334,1608717600,20261000,USDJPY,0.0,1.0,-276.0
3337,1608768330,20260724,BTCUSD,0.0,1.0,14743.0
3338,1608782400,20260628,AUDJPY,2.0,2.0,2731.0
3339,1608802200,20261001,GBPJPY,2.0,3.0,-880.0
3340,1609163100,20261002,GOLD,0.0,0.0,-624.0
3343,1609235100,20261001,GBPJPY,2.0,3.0,-273.0
3345,1609410600,20261001,GBPJPY,2.0,3.0,-510.0
3346,1609722000,20260605,EURUSD,1.0,2.0,1055.0
3347,1609755300,20261002,GOLD,2.0,3.0,936.0
3348,1609756200,20261000,USDJPY,3.0,4.0,-297.0
3349,1609756200,20261001,GBPJPY,0.0,1.0,4458.0
3354,1609846200,20261000,USDJPY,2.0,3.0,166.0
3355,1609852500,20261002,GOLD,3.0,4.0,499.0
3359,1609934400,20261002,GOLD,1.0,2.0,-3449.0
3361,1609944300,20261002,GOLD,0.0,0.0,2279.0
3363,1610012700,20261000,USDJPY,2.0,3.0,495.0
3364,1610015400,20261001,GBPJPY,3.0,4.0,320.0
3365,1610022600,20261002,GOLD,0.0,1.0,166.0
3369,1610139600,20260605,EURUSD,0.0,1.0,-261.0
3372,1610337600,20260610,USDJPY,2.0,3.0,-400.0
3373,1610357400,20261001,GBPJPY,0.0,2.0,-344.0
3375,1610449200,20261001,GBPJPY,3.0,4.0,574.0
3376,1610452800,20261002,GOLD,0.0,0.0,-2271.0
3380,1610496000,20260610,USDJPY,0.0,1.0,-631.0
3381,1610616600,20261001,GBPJPY,1.0,2.0,-29.0
3383,1610702100,20261001,GBPJPY,0.0,1.0,647.0
3385,1610963100,20261001,GBPJPY,0.0,1.0,-295.0
3387,1611134100,20261001,GBPJPY,1.0,2.0,-350.0
3388,1611141300,20261002,GOLD,1.0,2.0,-1810.0
3391,1611222300,20261001,GBPJPY,1.0,2.0,266.0
3393,1611284400,20260605,EURUSD,1.0,2.0,-269.0
3394,1611306900,20261001,GBPJPY,0.0,1.0,-301.0
3396,1611533100,20260724,BTCUSD,2.0,3.0,6445.0
3397,1611575100,20261001,GBPJPY,0.0,1.0,474.0
3399,1611579600,20260605,EURUSD,2.0,3.0,-260.0
3401,1611594000,20260605,EURUSD,0.0,1.0,-260.0
3404,1611654300,20261001,GBPJPY,0.0,1.0,-641.0
3406,1611676800,20260605,EURUSD,2.0,3.0,-270.0
3408,1611752400,20260605,EURUSD,2.0,3.0,-261.0
3411,1611763200,20260610,USDJPY,2.0,3.0,1112.0
3412,1611829800,20261001,GBPJPY,0.0,2.0,-2022.0
3414,1611853200,20260605,EURUSD,0.0,1.0,-69.0
3416,1611867600,20260605,EURUSD,0.0,1.0,-269.0
3418,1611916200,20261000,USDJPY,3.0,4.0,106.0
3420,1612174500,20261002,GOLD,0.0,1.0,-572.0
3421,1612174500,20261001,GBPJPY,3.0,4.0,-630.0
3422,1612177200,20261000,USDJPY,4.0,5.0,112.0
3426,1612257300,20261002,GOLD,0.0,1.0,2003.0
3427,1612261800,20261001,GBPJPY,3.0,4.0,-492.0
3431,1612432800,20261001,GBPJPY,0.0,1.0,-415.0
3432,1612437300,20261002,GOLD,0.0,0.0,2538.0
3435,1612521900,20261000,USDJPY,1.0,2.0,-508.0
3438,1612781100,20261000,USDJPY,2.0,3.0,-376.0
3439,1612791900,20261002,GOLD,0.0,0.0,2171.0
3443,1612843200,20260627,GBPJPY,1.0,2.0,-1767.0
3444,1612862100,20261000,USDJPY,0.0,1.0,225.0
3445,1612862100,20261001,GBPJPY,0.0,0.0,-65.0
3446,1612870200,20261002,GOLD,1.0,2.0,-824.0
3448,1612890000,20260605,EURUSD,2.0,3.0,-331.0
3449,1612900800,20260627,GBPJPY,0.0,0.0,7210.0
3453,1612915200,20260628,AUDJPY,3.0,3.0,1866.0
3454,1612953900,20261000,USDJPY,1.0,2.0,-504.0
3455,1612954800,20261001,GBPJPY,3.0,3.0,129.0
3458,1613124900,20261000,USDJPY,3.0,4.0,21.0
3459,1613128500,20261001,GBPJPY,5.0,5.0,2922.0
3462,1613385000,20261000,USDJPY,3.0,4.0,123.0
3465,1613448000,20260627,GBPJPY,2.0,3.0,8323.0
3467,1613643300,20261001,GBPJPY,4.0,4.0,697.0
3468,1613667600,20260605,EURUSD,0.0,1.0,-264.0
3471,1613731500,20261000,USDJPY,0.0,2.0,-121.0
3472,1613731500,20261001,GBPJPY,0.0,1.0,-348.0
3476,1613988000,20261000,USDJPY,2.0,3.0,-472.0
3477,1613991600,20260605,EURUSD,1.0,2.0,-265.0
3478,1613993400,20261002,GOLD,0.0,1.0,1188.0
3480,1613998800,20260605,EURUSD,0.0,1.0,1072.0
3483,1614071700,20261001,GBPJPY,3.0,3.0,596.0
3484,1614076200,20261000,USDJPY,3.0,4.0,136.0
3488,1614163500,20261000,USDJPY,1.0,2.0,274.0
3489,1614182400,20260640,GOLD,0.0,1.0,4387.0
3491,1614245400,20261002,GOLD,0.0,1.0,2118.0
3492,1614248100,20261001,GBPJPY,1.0,2.0,-670.0
3496,1614344400,20260605,EURUSD,1.0,2.0,-270.0
3499,1614362400,20260605,EURUSD,0.0,1.0,-266.0
3501,1614557100,20260724,BTCUSD,0.0,1.0,15370.0
3502,1614591900,20261002,GOLD,1.0,2.0,-2684.0
3504,1614689100,20261002,GOLD,1.0,2.0,1326.0
3505,1614715200,20260605,EURUSD,0.0,1.0,-266.0
3507,1614758400,20260622,USDJPY,1.0,2.0,3757.0
3508,1614763800,20261001,GBPJPY,2.0,3.0,-119.0
3511,1614844800,20260627,GBPJPY,2.0,3.0,7542.0
3512,1614849300,20261001,GBPJPY,4.0,4.0,1106.0
3513,1614853800,20261000,USDJPY,4.0,5.0,656.0
3517,1614940200,20261000,USDJPY,2.0,3.0,-42.0
3519,1615283100,20261002,GOLD,1.0,2.0,2140.0
3520,1615286700,20261000,USDJPY,2.0,3.0,460.0
3523,1615371300,20261001,GBPJPY,3.0,3.0,-13.0
3525,1615449600,20260622,USDJPY,2.0,3.0,3851.0
3526,1615449600,20260628,AUDJPY,4.0,4.0,-525.0
3527,1615536000,20260640,GOLD,0.0,1.0,-1831.0
3528,1615541400,20261000,USDJPY,5.0,5.0,71.0
3529,1615545000,20261001,GBPJPY,6.0,6.0,-556.0
3534,1615886100,20261001,GBPJPY,0.0,3.0,-340.0
3536,1615972500,20261001,GBPJPY,5.0,5.0,-500.0
3538,1616025600,20260605,EURUSD,0.0,1.0,-272.0
3540,1616058900,20261001,GBPJPY,5.0,5.0,-757.0
3541,1616060700,20261000,USDJPY,6.0,6.0,-376.0
3544,1616148900,20261000,USDJPY,0.0,3.0,-230.0
3546,1616382000,20260605,EURUSD,1.0,2.0,-272.0
3548,1616421600,20260605,EURUSD,0.0,1.0,-69.0
3550,1616425200,20260605,EURUSD,1.0,2.0,-272.0
3553,1616495400,20261001,GBPJPY,0.0,2.0,869.0
3555,1616544300,20260724,BTCUSD,0.0,0.0,3082.0
3556,1616578200,20261001,GBPJPY,0.0,2.0,-813.0
3558,1616666400,20261000,USDJPY,3.0,4.0,24.0
3559,1616668200,20261001,GBPJPY,5.0,5.0,454.0
3562,1616716800,20260774,GBPUSD,0.0,1.0,-548.0
3563,1616752800,20261001,GBPJPY,3.0,4.0,678.0
3564,1616753700,20261000,USDJPY,5.0,5.0,229.0
3568,1617017400,20261001,GBPJPY,4.0,4.0,-2964.0
3571,1617091200,20260640,GOLD,0.0,0.0,3014.0
3572,1617096600,20261000,USDJPY,2.0,3.0,291.0
3573,1617097500,20261001,GBPJPY,4.0,4.0,-323.0
3574,1617098400,20261002,GOLD,1.0,2.0,1885.0
3579,1617186600,20261001,GBPJPY,3.0,3.0,274.0
3582,1617379200,20260622,USDJPY,1.0,2.0,-1840.0
3584,1617707700,20261001,GBPJPY,0.0,1.0,5964.0
3585,1617709500,20261000,USDJPY,0.0,1.0,-366.0
3586,1617710400,20260605,EURUSD,0.0,1.0,1113.0
3587,1617710400,20260774,GBPUSD,1.0,2.0,1206.0
3591,1617786900,20261001,GBPJPY,1.0,2.0,-563.0
3594,1617876900,20261000,USDJPY,1.0,2.0,264.0
3595,1617891300,20261002,GOLD,2.0,3.0,995.0
3599,1617961500,20261001,GBPJPY,0.0,1.0,-683.0
3600,1617963300,20261000,USDJPY,0.0,1.0,143.0
3603,1618308000,20261001,GBPJPY,1.0,2.0,-570.0
3605,1618393500,20261001,GBPJPY,1.0,2.0,-91.0
3607,1618829100,20261000,USDJPY,0.0,1.0,255.0
3608,1618830000,20261002,GOLD,1.0,2.0,-1534.0
3609,1618831800,20261001,GBPJPY,0.0,1.0,-579.0
3613,1618911900,20261000,USDJPY,1.0,2.0,-356.0
3614,1618911900,20261001,GBPJPY,2.0,3.0,-678.0
3615,1618934400,20260774,GBPUSD,1.0,2.0,-545.0
3618,1618999200,20261002,GOLD,1.0,2.0,290.0
3619,1619002800,20261000,USDJPY,1.0,2.0,-286.0
3620,1619002800,20261001,GBPJPY,3.0,3.0,-3162.0
3625,1619086500,20261000,USDJPY,0.0,1.0,-297.0
3626,1619087400,20261001,GBPJPY,0.0,1.0,691.0
3627,1619092800,20260610,USDJPY,2.0,2.0,-591.0
3630,1619172900,20261001,GBPJPY,0.0,1.0,-526.0
3633,1619604000,20261000,USDJPY,1.0,2.0,-386.0
3634,1619611200,20260610,USDJPY,0.0,1.0,-517.0
3635,1619613000,20261002,GOLD,0.0,1.0,-1152.0
3638,1619687700,20261001,GBPJPY,0.0,1.0,149.0
3639,1619688600,20261000,USDJPY,1.0,2.0,130.0
3640,1619689500,20261002,GOLD,0.0,1.0,3433.0
3644,1619776800,20261001,GBPJPY,0.0,1.0,636.0
3646,1619812800,20260610,USDJPY,0.0,1.0,-486.0
3647,1619812800,20260774,GBPUSD,2.0,2.0,-67.0
3650,1620014400,20260774,GBPUSD,0.0,1.0,1174.0
3651,1620034200,20261002,GOLD,0.0,1.0,1811.0
3652,1620036900,20261001,GBPJPY,3.0,3.0,156.0
3653,1620054000,20260605,EURUSD,0.0,1.0,-272.0
3656,1620064800,20260605,EURUSD,0.0,1.0,-179.0
3658,1620068400,20260605,EURUSD,0.0,1.0,-262.0
3660,1620123300,20261000,USDJPY,3.0,3.0,-142.0
3661,1620134100,20261002,GOLD,2.0,3.0,-1185.0
3664,1620208800,20261001,GBPJPY,3.0,3.0,-275.0
3666,1620294300,20261002,GOLD,0.0,0.0,2054.0
3668,1620345900,20260724,BTCUSD,0.0,0.0,-17927.0
3669,1620381600,20261001,GBPJPY,3.0,3.0,-477.0
3671,1620396000,20260605,EURUSD,1.0,2.0,1134.0
3675,1620641700,20261000,USDJPY,1.0,2.0,-193.0
3676,1620657900,20261002,GOLD,1.0,2.0,-380.0
3680,1620729900,20261001,GBPJPY,1.0,2.0,-394.0
3682,1620770400,20260605,EURUSD,1.0,2.0,-281.0
3684,1620842400,20260605,EURUSD,0.0,1.0,-58.0
3685,1620849600,20260610,USDJPY,1.0,2.0,-490.0
3687,1620856800,20260605,EURUSD,0.0,1.0,-300.0
3688,1620898200,20261001,GBPJPY,0.0,1.0,1596.0
3690,1620910800,20261002,GOLD,0.0,1.0,-2545.0
3693,1620990900,20261000,USDJPY,0.0,1.0,-36.0
3695,1621238400,20260640,GOLD,0.0,1.0,3426.0
3697,1621420200,20261001,GBPJPY,1.0,2.0,-389.0
3700,1621454400,20260640,GOLD,1.0,2.0,-4047.0
3701,1621469100,20260720,BTCUSD,2.0,3.0,-1088.0
3702,1621505700,20261000,USDJPY,3.0,4.0,202.0
3703,1621510200,20261001,GBPJPY,0.0,1.0,-312.0
3707,1621593900,20261001,GBPJPY,0.0,1.0,-366.0
3708,1621595700,20261000,USDJPY,2.0,3.0,-257.0
3711,1621847700,20261001,GBPJPY,0.0,1.0,-127.0
3713,1621935000,20261001,GBPJPY,1.0,2.0,-457.0
3714,1621938600,20261000,USDJPY,2.0,3.0,-570.0
3717,1622026800,20261002,GOLD,2.0,3.0,-779.0
3719,1622115000,20261001,GBPJPY,1.0,2.0,4662.0
3721,1622203200,20260610,USDJPY,1.0,2.0,-499.0
3722,1622221200,20260605,EURUSD,0.0,1.0,-275.0
3724,1622456100,20261001,GBPJPY,0.0,1.0,-12.0
3726,1622491200,20260605,EURUSD,2.0,3.0,-291.0
3728,1622505600,20260627,GBPJPY,1.0,2.0,-1920.0
3729,1622547000,20261001,GBPJPY,0.0,1.0,3414.0
3732,1622625300,20261001,GBPJPY,1.0,2.0,-99.0
3734,1622631600,20260605,EURUSD,0.0,1.0,-151.0
3735,1622633400,20261000,USDJPY,2.0,3.0,-241.0
3737,1622660400,20260605,EURUSD,1.0,2.0,-301.0
3740,1622711700,20261002,GOLD,0.0,2.0,1806.0
3742,1622718000,20261000,USDJPY,1.0,2.0,460.0
3743,1622718900,20261001,GBPJPY,2.0,3.0,-97.0
3748,1623057300,20261001,GBPJPY,0.0,1.0,-319.0
3750,1623171600,20260605,EURUSD,0.0,1.0,-146.0
3752,1623254400,20260605,EURUSD,1.0,2.0,-116.0
3754,1623261600,20260605,EURUSD,0.0,1.0,1169.0
3755,1623411000,20261000,USDJPY,1.0,2.0,128.0
3757,1623666600,20261002,GOLD,0.0,1.0,-754.0
3758,1623669300,20261001,GBPJPY,0.0,1.0,-2778.0
3761,1623748500,20261001,GBPJPY,1.0,2.0,-359.0
3764,1623880800,20260605,EURUSD,0.0,1.0,1157.0
3766,1623926700,20261002,GOLD,1.0,2.0,6437.0
3767,1623926700,20261001,GBPJPY,0.0,1.0,5268.0
3771,1624008600,20261001,GBPJPY,0.0,1.0,590.0
3772,1624046400,20260774,GBPUSD,1.0,2.0,-555.0
3775,1624320330,20260720,BTCUSD,0.0,1.0,-2892.0
3776,1624360500,20261001,GBPJPY,0.0,1.0,-500.0
3778,1624439700,20261001,GBPJPY,1.0,2.0,390.0
3780,1624618800,20261000,USDJPY,1.0,2.0,-101.0
3782,1624874400,20261001,GBPJPY,1.0,2.0,-3390.0
3784,1624964400,20261000,USDJPY,1.0,2.0,-514.0
3786,1625072400,20260605,EURUSD,0.0,1.0,252.0
3787,1625483700,20261000,USDJPY,0.0,1.0,-112.0
3789,1625562900,20261002,GOLD,0.0,1.0,-1720.0
3790,1625563800,20261001,GBPJPY,1.0,2.0,-489.0
3793,1625650200,20261001,GBPJPY,1.0,2.0,-602.0
3794,1625652900,20261000,USDJPY,2.0,3.0,-260.0
3797,1625736600,20261001,GBPJPY,0.0,1.0,654.0
3798,1625739300,20261000,USDJPY,0.0,1.0,220.0
3799,1625742000,20261002,GOLD,1.0,2.0,-2534.0
3803,1625831100,20261001,GBPJPY,1.0,2.0,1237.0
3805,1626086700,20261001,GBPJPY,0.0,1.0,-493.0
3807,1626171300,20261001,GBPJPY,0.0,1.0,1206.0
3809,1626174000,20260605,EURUSD,1.0,2.0,-117.0
3811,1626181200,20260605,EURUSD,0.0,1.0,-84.0
3813,1626269400,20261002,GOLD,0.0,1.0,727.0
3815,1626340500,20261000,USDJPY,0.0,1.0,-267.0
3816,1626345000,20261001,GBPJPY,0.0,1.0,-757.0
3818,1626350400,20260605,EURUSD,2.0,3.0,-275.0
3821,1626357600,20260605,EURUSD,0.0,1.0,134.0
3823,1626432300,20261000,USDJPY,1.0,2.0,-116.0
3824,1626434100,20261001,GBPJPY,2.0,3.0,-591.0
3827,1626667200,20260610,USDJPY,0.0,1.0,-561.0
3828,1626689700,20261001,GBPJPY,0.0,1.0,1213.0
3829,1626695100,20261000,USDJPY,2.0,2.0,255.0
3834,1626774300,20261001,GBPJPY,1.0,2.0,-590.0
3835,1626777900,20261000,USDJPY,0.0,1.0,-350.0
3838,1626825900,20260720,BTCUSD,0.0,1.0,10267.0
3839,1626858900,20261001,GBPJPY,1.0,2.0,-584.0
3840,1626864300,20261000,USDJPY,0.0,1.0,163.0
3842,1626867000,20261001,GBPJPY,0.0,1.0,6912.0
3844,1626897600,20260610,USDJPY,3.0,3.0,-489.0
3847,1626948000,20261001,GBPJPY,1.0,2.0,2442.0
3849,1627037100,20261000,USDJPY,2.0,2.0,158.0
3851,1627292700,20261001,GBPJPY,0.0,1.0,-591.0
3852,1627295400,20261002,GOLD,0.0,0.0,-1376.0
3853,1627295400,20261000,USDJPY,0.0,1.0,-254.0
3854,1627300800,20260628,AUDJPY,1.0,2.0,-549.0
3857,1627318800,20260605,EURUSD,2.0,3.0,-217.0
3862,1627380000,20260605,EURUSD,0.0,1.0,-275.0
3863,1627381800,20261000,USDJPY,0.0,0.0,348.0
3864,1627387200,20260628,AUDJPY,0.0,1.0,-786.0
3867,1627423200,20260605,EURUSD,1.0,2.0,-284.0
3869,1627470900,20261000,USDJPY,0.0,1.0,-20.0
3871,1627495200,20260605,EURUSD,0.0,1.0,-279.0
3874,1627550100,20261001,GBPJPY,0.0,1.0,-78.0
3875,1627554600,20261002,GOLD,1.0,2.0,1267.0
3876,1627588800,20260610,USDJPY,1.0,2.0,-741.0
3880,1627904700,20261002,GOLD,0.0,0.0,-1059.0
3882,1628068500,20261001,GBPJPY,0.0,1.0,-466.0
3883,1628076600,20261000,USDJPY,0.0,0.0,-293.0
3886,1628157600,20261001,GBPJPY,0.0,1.0,467.0
3887,1628164800,20260774,GBPUSD,2.0,2.0,-556.0
3890,1628269200,20260605,EURUSD,0.0,1.0,-262.0
3892,1628496000,20260774,GBPUSD,0.0,1.0,-444.0
3893,1628507700,20261001,GBPJPY,1.0,2.0,-127.0
3895,1628553900,20260724,BTCUSD,0.0,1.0,3763.0
3896,1628594100,20261000,USDJPY,0.0,0.0,93.0
3898,1628625600,20260774,GBPUSD,1.0,2.0,-563.0
3900,1628674200,20261000,USDJPY,1.0,2.0,-291.0
3901,1628690400,20261002,GOLD,0.0,1.0,1358.0
3906,1628841600,20260610,USDJPY,0.0,1.0,-500.0
3909,1628884800,20260610,USDJPY,1.0,2.0,-679.0
3910,1629100800,20260774,GBPUSD,2.0,3.0,-551.0
3911,1629108000,20261001,GBPJPY,1.0,2.0,202.0
3913,1629192600,20261001,GBPJPY,1.0,2.0,453.0
3917,1629365400,20261001,GBPJPY,0.0,1.0,5988.0
3918,1629372600,20261000,USDJPY,2.0,2.0,-318.0
3921,1629455400,20261001,GBPJPY,0.0,1.0,-409.0
3923,1629710100,20261001,GBPJPY,0.0,1.0,396.0
3924,1629720000,20260605,EURUSD,1.0,2.0,-94.0
3926,1629723600,20260605,EURUSD,0.0,1.0,-274.0
3927,1629727200,20261002,GOLD,0.0,1.0,1367.0
3932,1629804600,20261001,GBPJPY,0.0,1.0,-1800.0
3934,1629891000,20261001,GBPJPY,0.0,1.0,430.0
3936,1629973800,20261000,USDJPY,0.0,1.0,-148.0
3937,1629974700,20261001,GBPJPY,1.0,2.0,-2508.0
3938,1629979200,20260610,USDJPY,3.0,3.0,-496.0
3941,1630060200,20261001,GBPJPY,1.0,2.0,1458.0
3942,1630063800,20261000,USDJPY,3.0,3.0,-546.0
3945,1630401300,20261001,GBPJPY,1.0,2.0,-456.0
3948,1630483200,20260610,USDJPY,0.0,1.0,-355.0
3949,1630493100,20261000,USDJPY,2.0,2.0,-435.0
3951,1630579500,20261001,GBPJPY,1.0,2.0,417.0
3952,1630612800,20260774,GBPUSD,1.0,2.0,-563.0
3955,1630641600,20260610,USDJPY,1.0,2.0,-405.0
3956,1630924200,20261000,USDJPY,0.0,1.0,-87.0
3958,1631007900,20261000,USDJPY,0.0,1.0,343.0
3959,1631013300,20261002,GOLD,0.0,0.0,2037.0
3963,1631044800,20260610,USDJPY,2.0,2.0,-492.0
3965,1631182500,20261000,USDJPY,0.0,0.0,314.0
3966,1631184300,20261001,GBPJPY,0.0,1.0,-453.0
3968,1631206800,20260629,EURUSD,0.0,1.0,-1205.0
3969,1631206800,20260629,EURUSD,0.0,0.0,1586.0
3971,1631217600,20260605,EURUSD,0.0,1.0,1171.0
3973,1631268000,20261001,GBPJPY,0.0,1.0,-227.0
3974,1631269800,20261000,USDJPY,2.0,2.0,-85.0
3977,1631525400,20261000,USDJPY,1.0,2.0,-97.0
3979,1631614500,20261001,GBPJPY,0.0,1.0,-486.0
3981,1631664000,20260774,GBPUSD,1.0,2.0,1186.0
3982,1631698200,20261000,USDJPY,0.0,1.0,93.0
3984,1631787300,20261002,GOLD,2.0,3.0,2020.0
3986,1631879100,20261000,USDJPY,2.0,3.0,-60.0
3987,1631879100,20261001,GBPJPY,1.0,2.0,-706.0
3988,1631880000,20260610,USDJPY,5.0,4.0,-498.0
3992,1632129300,20261001,GBPJPY,1.0,2.0,1178.0
3996,1632132900,20261000,USDJPY,0.0,1.0,382.0
3997,1632138300,20261002,GOLD,0.0,1.0,1063.0
4002,1632219300,20261001,GBPJPY,0.0,1.0,-661.0
4003,1632220200,20261000,USDJPY,1.0,2.0,-364.0
4006,1632390300,20261001,GBPJPY,0.0,1.0,1337.0
4007,1632398400,20260610,USDJPY,1.0,2.0,1104.0
4009,1632476700,20261000,USDJPY,2.0,2.0,234.0
4010,1632476700,20261001,GBPJPY,2.0,3.0,-501.0
4012,1632482100,20261001,GBPJPY,0.0,1.0,-1212.0
4015,1632739500,20261001,GBPJPY,1.0,2.0,587.0
4016,1632742200,20261000,USDJPY,3.0,3.0,250.0
4018,1632758400,20260610,USDJPY,3.0,3.0,1105.0
4021,1632821400,20261000,USDJPY,2.0,2.0,272.0
4023,1632910500,20261001,GBPJPY,0.0,1.0,162.0
4024,1632915000,20261000,USDJPY,0.0,1.0,-920.0
4028,1633081500,20261001,GBPJPY,0.0,1.0,-703.0
4030,1633342500,20261001,GBPJPY,0.0,1.0,259.0
4031,1633347000,20261000,USDJPY,1.0,2.0,-316.0
4034,1633392300,20260724,BTCUSD,0.0,1.0,13182.0
4035,1633428000,20261001,GBPJPY,0.0,1.0,723.0
4036,1633442400,20261002,GOLD,0.0,0.0,-654.0
4039,1633945500,20261001,GBPJPY,0.0,1.0,163.0
4040,1633947300,20261000,USDJPY,1.0,2.0,500.0
4043,1633996800,20260650,AUDJPY,0.0,1.0,-238805.0
4044,1634032800,20261000,USDJPY,1.0,2.0,-826.0
4045,1634049000,20261002,GOLD,2.0,3.0,-372.0
4048,1634120100,20261001,GBPJPY,1.0,2.0,32.0
4049,1634158800,20260605,EURUSD,1.0,2.0,-127.0
4051,1634203800,20261001,GBPJPY,1.0,2.0,209.0
4052,1634241600,20260628,AUDJPY,3.0,3.0,-497.0
4054,1634270400,20260622,USDJPY,2.0,3.0,-1839.0
4055,1634292000,20261001,GBPJPY,3.0,4.0,842.0
4057,1634558400,20260774,GBPUSD,1.0,2.0,1253.0
4059,1634636700,20261000,USDJPY,1.0,2.0,-302.0
4060,1634639400,20261002,GOLD,2.0,3.0,-1164.0
4064,1634724900,20261001,GBPJPY,0.0,2.0,-2142.0
4065,1634730300,20261002,GOLD,0.0,1.0,837.0
4068,1634809500,20261001,GBPJPY,0.0,2.0,177.0
4070,1634900400,20261001,GBPJPY,0.0,2.0,5028.0
4073,1635163200,20261002,GOLD,1.0,2.0,384.0
4075,1635241500,20261001,GBPJPY,2.0,3.0,250.0
4076,1635245100,20261000,USDJPY,3.0,4.0,90.0
4077,1635264000,20260622,USDJPY,4.0,5.0,-1972.0
4079,1635274800,20260605,EURUSD,2.0,3.0,-282.0
4082,1635330600,20261001,GBPJPY,0.0,2.0,290.0
4083,1635331500,20261000,USDJPY,0.0,1.0,16.0
4086,1635350400,20260774,GBPUSD,1.0,2.0,-588.0
4087,1635354000,20260605,EURUSD,0.0,1.0,-159.0
4090,1635417900,20261001,GBPJPY,3.0,3.0,-3126.0
4093,1635436800,20260605,EURUSD,1.0,2.0,-295.0
4096,1635534000,20260605,EURUSD,0.0,1.0,-284.0
4097,1635760800,20261000,USDJPY,3.0,3.0,-412.0
4100,1635850800,20261000,USDJPY,0.0,1.0,-463.0
4101,1635850800,20261001,GBPJPY,0.0,1.0,-444.0
4104,1635950700,20261002,GOLD,0.0,1.0,1229.0
4106,1636020900,20261001,GBPJPY,0.0,1.0,910.0
4108,1636109100,20261001,GBPJPY,0.0,1.0,143.0
4111,1636455600,20260605,EURUSD,0.0,1.0,-129.0
4113,1636466400,20260605,EURUSD,0.0,1.0,-285.0
4115,1636624800,20261002,GOLD,0.0,1.0,573.0
4117,1636709400,20261001,GBPJPY,1.0,2.0,17.0
4119,1637020800,20260622,USDJPY,1.0,2.0,3946.0
4120,1637054100,20261001,GBPJPY,2.0,3.0,434.0
4121,1637064000,20260640,GOLD,0.0,0.0,-1898.0
4125,1637140500,20261001,GBPJPY,1.0,2.0,-654.0
4127,1637193600,20260774,GBPUSD,0.0,1.0,1248.0
4128,1637208000,20260640,GOLD,0.0,0.0,-1858.0
4129,1637234100,20261001,GBPJPY,1.0,2.0,-10.0
4132,1637572500,20261001,GBPJPY,1.0,2.0,-495.0
4134,1637659800,20261001,GBPJPY,1.0,2.0,-1950.0
4135,1637663400,20261000,USDJPY,0.0,1.0,-896.0
4139,1637748000,20261001,GBPJPY,0.0,1.0,-207.0
4141,1638183600,20261002,GOLD,0.0,1.0,-1627.0
4144,1638259200,20260610,USDJPY,0.0,1.0,-502.0
4145,1638270000,20260605,EURUSD,1.0,2.0,-283.0
4148,1638295200,20260605,EURUSD,0.0,1.0,-285.0
4150,1638436500,20261001,GBPJPY,0.0,1.0,-73.0
4151,1638439200,20261000,USDJPY,1.0,2.0,-126.0
4154,1638527400,20261000,USDJPY,0.0,1.0,-526.0
4155,1638527400,20261001,GBPJPY,1.0,2.0,-3426.0
4158,1638784800,20261001,GBPJPY,0.0,1.0,713.0
4159,1638790200,20261000,USDJPY,1.0,2.0,217.0
4162,1639083600,20260605,EURUSD,0.0,1.0,-284.0
4164,1639162800,20260605,EURUSD,0.0,1.0,-293.0
4166,1639394100,20261000,USDJPY,0.0,1.0,-172.0
4168,1639479600,20261001,GBPJPY,0.0,1.0,126.0
4170,1639584000,20260610,USDJPY,0.0,1.0,-494.0
4171,1639612800,20260605,EURUSD,1.0,2.0,-286.0
4173,1639649700,20261001,GBPJPY,1.0,2.0,-433.0
4174,1639652400,20261002,GOLD,0.0,0.0,1181.0
4178,1639774800,20260605,EURUSD,0.0,1.0,-281.0
4179,1639991700,20261001,GBPJPY,0.0,1.0,-307.0
4181,1640016000,20260605,EURUSD,0.0,1.0,-69.0
4183,1640023200,20260605,EURUSD,0.0,1.0,-281.0
4185,1640079000,20261001,GBPJPY,0.0,1.0,879.0
4186,1640116800,20260610,USDJPY,2.0,2.0,1126.0
4188,1640169000,20261000,USDJPY,3.0,3.0,-145.0
4191,1640252700,20261001,GBPJPY,1.0,2.0,840.0
4192,1640257200,20261000,USDJPY,3.0,3.0,100.0
4193,1640268000,20260629,EURUSD,0.0,1.0,581.0
4194,1640268000,20260629,EURUSD,1.0,2.0,-2350.0
4195,1640286000,20260605,EURUSD,0.0,1.0,-314.0
4198,1640599200,20261001,GBPJPY,1.0,2.0,896.0
4199,1640600100,20261000,USDJPY,2.0,3.0,356.0
4202,1640695500,20261002,GOLD,0.0,1.0,-814.0
4205,1640750400,20260605,EURUSD,1.0,2.0,-96.0
4207,1640754000,20260605,EURUSD,0.0,1.0,-287.0
4209,1640775600,20261000,USDJPY,2.0,2.0,-281.0
4210,1640793600,20260605,EURUSD,0.0,1.0,-333.0
4212,1640808000,20260774,GBPUSD,0.0,1.0,-598.0
4213,1640822430,20260650,AUDJPY,1.0,2.0,-198004.0
4214,1640862000,20261001,GBPJPY,0.0,1.0,-2370.0
4217,1641202200,20261002,GOLD,0.0,1.0,1614.0
4221,1641290400,20261001,GBPJPY,1.0,2.0,1012.0
4222,1641294000,20260605,EURUSD,0.0,1.0,-288.0
4225,1641409200,20260605,EURUSD,0.0,1.0,-288.0
4227,1641420000,20260605,EURUSD,0.0,1.0,-283.0
4228,1641463200,20261001,GBPJPY,0.0,1.0,-436.0
4229,1641465000,20261002,GOLD,1.0,2.0,764.0
4230,1641465900,20261000,USDJPY,0.0,1.0,-225.0
4235,1641834000,20260605,EURUSD,0.0,1.0,-293.0
4237,1641837600,20260605,EURUSD,0.0,1.0,1188.0
4238,1641896100,20261001,GBPJPY,1.0,2.0,231.0
4240,1641988800,20260610,USDJPY,1.0,2.0,-502.0
4243,1642032000,20260610,USDJPY,1.0,2.0,-368.0
4244,1642068000,20261000,USDJPY,0.0,1.0,326.0
4246,1642089600,20260610,USDJPY,1.0,2.0,-275.0
4249,1642392000,20260610,USDJPY,1.0,2.0,-491.0
4250,1642411800,20261001,GBPJPY,2.0,3.0,-294.0
4252,1642497300,20261002,GOLD,1.0,2.0,217.0
4253,1642504500,20261001,GBPJPY,0.0,1.0,1956.0
4258,1642676400,20260605,EURUSD,1.0,2.0,1211.0
4260,1643016600,20261001,GBPJPY,0.0,1.0,6108.0
4261,1643020200,20261002,GOLD,0.0,0.0,-1109.0
4262,1643022900,20261000,USDJPY,0.0,1.0,-856.0
4265,1643050800,20260629,EURUSD,2.0,2.0,1646.0
4266,1643050800,20260629,EURUSD,0.0,1.0,-144.0
4269,1643083200,20260610,USDJPY,0.0,1.0,-530.0
4270,1643192100,20261000,USDJPY,0.0,1.0,556.0
4271,1643192100,20261001,GBPJPY,0.0,1.0,194.0
4273,1643227200,20260610,USDJPY,0.0,1.0,-385.0
4278,1643241600,20260610,USDJPY,0.0,1.0,1129.0
4279,1643280300,20261000,USDJPY,2.0,2.0,352.0
4280,1643291100,20261002,GOLD,2.0,3.0,1769.0
4283,1643328300,20260720,BTCUSD,0.0,0.0,1498.0
4284,1643362200,20261000,USDJPY,1.0,2.0,-398.0
4286,1643623200,20261001,GBPJPY,1.0,2.0,-356.0
4290,1643707800,20261001,GBPJPY,1.0,2.0,444.0
4291,1643713200,20261002,GOLD,0.0,1.0,-272.0
4292,1643715000,20261000,USDJPY,1.0,2.0,46.0
4296,1643842800,20260605,EURUSD,0.0,1.0,-315.0
4297,1643883300,20261000,USDJPY,1.0,2.0,260.0
4298,1643883300,20261001,GBPJPY,2.0,3.0,4920.0
4301,1643907600,20260605,EURUSD,0.0,1.0,-364.0
4303,1643971500,20261001,GBPJPY,0.0,1.0,918.0
4305,1644230700,20261000,USDJPY,1.0,2.0,-50.0
4306,1644232500,20261001,GBPJPY,0.0,1.0,-47.0
4309,1644320700,20261001,GBPJPY,1.0,2.0,151.0
4311,1644399900,20261001,GBPJPY,0.0,1.0,-2286.0
4313,1644487200,20261001,GBPJPY,1.0,2.0,748.0
4315,1644491700,20261000,USDJPY,1.0,2.0,69.0
4318,1644537600,20260650,AUDJPY,0.0,1.0,867371.0
4319,1644576300,20261001,GBPJPY,1.0,2.0,-3168.0
4322,1644833700,20261001,GBPJPY,0.0,1.0,-459.0
4323,1644834600,20261000,USDJPY,1.0,2.0,-820.0
4326,1644883200,20260605,EURUSD,0.0,1.0,-290.0
4328,1644920100,20261001,GBPJPY,1.0,2.0,-708.0
4329,1644921000,20261002,GOLD,0.0,0.0,3779.0
4330,1644926400,20260605,EURUSD,0.0,1.0,-287.0
4334,1645002900,20261001,GBPJPY,1.0,2.0,63.0
4336,1645093800,20261002,GOLD,1.0,2.0,1485.0
4337,1645096500,20261000,USDJPY,2.0,3.0,84.0
4338,1645113600,20260610,USDJPY,3.0,4.0,-185.0
4340,1645128000,20260610,USDJPY,0.0,1.0,-496.0
4343,1645179300,20261001,GBPJPY,2.0,3.0,-704.0
4346,1645434900,20261001,GBPJPY,2.0,3.0,-648.0
4349,1645526700,20261000,USDJPY,1.0,2.0,362.0
4351,1645646400,20260774,GBPUSD,0.0,1.0,1252.0
4352,1645660800,20260720,BTCUSD,0.0,0.0,4870.0
4354,1645785000,20261001,GBPJPY,0.0,1.0,-3132.0
4356,1645804800,20260610,USDJPY,1.0,2.0,-500.0
4357,1646040600,20261002,GOLD,0.0,1.0,120.0
4360,1646134200,20261000,USDJPY,1.0,2.0,-100.0
4361,1646135100,20261001,GBPJPY,0.0,1.0,7884.0
4364,1646212500,20261001,GBPJPY,0.0,1.0,-573.0
4366,1646224200,20261002,GOLD,0.0,0.0,324.0
4369,1646392500,20261001,GBPJPY,0.0,1.0,1332.0
4371,1646645400,20261001,GBPJPY,1.0,2.0,-4362.0
4373,1646649900,20261001,GBPJPY,0.0,1.0,-780.0
4375,1646697600,20260720,BTCUSD,0.0,1.0,4546.0
4376,1646730900,20261001,GBPJPY,0.0,1.0,-3360.0
4378,1646738100,20261000,USDJPY,1.0,2.0,110.0
4380,1646820900,20261001,GBPJPY,1.0,2.0,596.0
4381,1646825400,20261002,GOLD,0.0,0.0,4495.0
4385,1646908200,20261001,GBPJPY,0.0,1.0,-3870.0
4386,1646916300,20261002,GOLD,0.0,1.0,1667.0
4389,1646990100,20261001,GBPJPY,1.0,2.0,103.0
4391,1647216000,20260720,BTCUSD,0.0,1.0,2587.0
4392,1647250200,20261001,GBPJPY,1.0,2.0,136.0
4394,1647335700,20261000,USDJPY,1.0,2.0,-776.0
4395,1647335700,20261001,GBPJPY,0.0,1.0,-5196.0
4396,1647349200,20261002,GOLD,0.0,1.0,-357.0
4400,1647432000,20260622,USDJPY,1.0,2.0,3247.0
4401,1647464400,20260605,EURUSD,0.0,1.0,1215.0
4403,1647508500,20261001,GBPJPY,2.0,3.0,-657.0
4406,1647576000,20260628,AUDJPY,3.0,3.0,3784.0
4407,1647595800,20261000,USDJPY,4.0,4.0,134.0
4410,1647932400,20260605,EURUSD,0.0,1.0,-300.0
4411,1647941400,20261001,GBPJPY,2.0,3.0,1851.0
4413,1647946800,20260605,EURUSD,0.0,1.0,-309.0
4415,1648031400,20261001,GBPJPY,0.0,1.0,732.0
4417,1648069200,20260605,EURUSD,0.0,1.0,-331.0
4420,1648113300,20261001,GBPJPY,2.0,3.0,782.0
4421,1648114200,20261000,USDJPY,3.0,4.0,587.0
4425,1648205100,20261001,GBPJPY,0.0,1.0,-1090.0
4427,1648440000,20260605,EURUSD,0.0,1.0,-308.0
4428,1648461600,20261001,GBPJPY,1.0,2.0,-471.0
4429,1648467000,20261002,GOLD,1.0,2.0,-1007.0
4433,1648719000,20261001,GBPJPY,0.0,1.0,678.0
4434,1648720800,20261000,USDJPY,0.0,1.0,-100.0
4437,1648828800,20260628,AUDJPY,2.0,2.0,-918.0
4438,1649064600,20261001,GBPJPY,2.0,3.0,-64.0
4439,1649080800,20260605,EURUSD,0.0,1.0,1281.0
4441,1649154600,20261001,GBPJPY,2.0,3.0,2004.0
4444,1649217600,20260622,USDJPY,2.0,3.0,2891.0
4445,1649244600,20261001,GBPJPY,3.0,4.0,-427.0
4447,1649325600,20261001,GBPJPY,3.0,4.0,-9.0
4450,1649669400,20261000,USDJPY,2.0,3.0,124.0
4451,1649670300,20261001,GBPJPY,3.0,4.0,560.0
4454,1649808000,20260720,BTCUSD,0.0,1.0,713.0
4455,1649841300,20261001,GBPJPY,2.0,3.0,1053.0
4456,1649842200,20261000,USDJPY,3.0,4.0,-535.0
4457,1649851200,20260627,GBPJPY,5.0,5.0,7791.0
4458,1649852100,20261002,GOLD,0.0,1.0,399.0
4462,1649952000,20260622,USDJPY,3.0,4.0,3692.0
4463,1650015900,20261001,GBPJPY,5.0,5.0,-441.0
4466,1650277800,20261002,GOLD,0.0,0.0,-471.0
4467,1650278700,20261001,GBPJPY,0.0,3.0,-3444.0
4470,1650326400,20260720,BTCUSD,0.0,0.0,814.0
4473,1650462300,20261002,GOLD,1.0,2.0,0.0
4475,1650495600,20260605,EURUSD,1.0,2.0,-275.0
4477,1650513600,20260622,USDJPY,2.0,3.0,-1151.0
4479,1650513600,20260605,EURUSD,1.0,2.0,-320.0
4481,1650618900,20261001,GBPJPY,0.0,2.0,1633.0
4482,1650632400,20260629,EURUSD,1.0,2.0,4795.0
4483,1650632400,20260629,EURUSD,0.0,1.0,-7171.0
4485,1650844800,20260720,BTCUSD,0.0,0.0,-1946.0
4486,1650879000,20261001,GBPJPY,0.0,2.0,706.0
4487,1650880800,20261000,USDJPY,0.0,1.0,43.0
4488,1650894300,20261002,GOLD,0.0,0.0,1688.0
4495,1651050900,20261001,GBPJPY,1.0,2.0,-42.0
4496,1651051800,20261000,USDJPY,2.0,3.0,344.0
4497,1651058100,20261002,GOLD,1.0,2.0,-2038.0
4498,1651060800,20260622,USDJPY,5.0,4.0,2501.0
4502,1651104000,20260720,BTCUSD,0.0,0.0,-1280.0
4504,1651147200,20260622,USDJPY,1.0,2.0,-1299.0
4505,1651149000,20261002,GOLD,0.0,1.0,-149.0
4507,1651229100,20261000,USDJPY,0.0,1.0,629.0
4510,1651464000,20260622,USDJPY,1.0,2.0,-1378.0
4511,1651491900,20261002,GOLD,0.0,1.0,1815.0
4514,1651573800,20261001,GBPJPY,2.0,3.0,-755.0
4517,1651747500,20261000,USDJPY,1.0,2.0,688.0
4518,1651766400,20260622,USDJPY,3.0,3.0,-1775.0
4520,1651831200,20261001,GBPJPY,0.0,1.0,-4050.0
4522,1652090400,20261000,USDJPY,3.0,3.0,-833.0
4523,1652092200,20261002,GOLD,2.0,3.0,1016.0
4526,1652173200,20260605,EURUSD,0.0,1.0,-326.0
4528,1652209200,20260605,EURUSD,1.0,2.0,-323.0
4530,1652295600,20260605,EURUSD,1.0,2.0,1359.0
4531,1652346900,20261001,GBPJPY,0.0,1.0,2010.0
4532,1652347800,20261000,USDJPY,0.0,1.0,1476.0
4537,1652400000,20260720,BTCUSD,0.0,1.0,3069.0
4541,1652780700,20261001,GBPJPY,1.0,2.0,1356.0
4543,1652864400,20260605,EURUSD,0.0,1.0,-320.0
4545,1652868900,20261001,GBPJPY,0.0,1.0,2260.0
4546,1652878800,20260605,EURUSD,0.0,1.0,-320.0
4548,1652904000,20260605,EURUSD,0.0,1.0,-315.0
4550,1652918400,20260720,BTCUSD,0.0,0.0,-84.0
4552,1653305400,20261002,GOLD,1.0,2.0,-1323.0
4555,1653388200,20261000,USDJPY,0.0,1.0,569.0
4556,1653390000,20261001,GBPJPY,0.0,1.0,1660.0
4559,1653436800,20260720,BTCUSD,0.0,1.0,305.0
4561,1653557400,20261001,GBPJPY,0.0,1.0,-427.0
4562,1653560100,20261000,USDJPY,0.0,1.0,-620.0
4565,1653988500,20261001,GBPJPY,0.0,1.0,-813.0
4567,1654076700,20261001,GBPJPY,1.0,2.0,-943.0
4568,1654079400,20261000,USDJPY,2.0,3.0,660.0
4571,1654488000,20260605,EURUSD,0.0,1.0,-103.0
4573,1654495200,20260605,EURUSD,0.0,1.0,-133.0
4574,1654511400,20261001,GBPJPY,1.0,2.0,9240.0
4576,1654534800,20260605,EURUSD,0.0,1.0,-332.0
4578,1654600500,20261001,GBPJPY,1.0,2.0,638.0
4580,1654681500,20261001,GBPJPY,1.0,2.0,720.0
4581,1654685100,20261000,USDJPY,3.0,3.0,696.0
4583,1654725600,20260605,EURUSD,0.0,1.0,-329.0
4586,1654770600,20261001,GBPJPY,0.0,1.0,-795.0
4587,1654771500,20261000,USDJPY,0.0,1.0,-800.0
4591,1654855200,20261001,GBPJPY,0.0,1.0,1549.0
4592,1654857000,20261000,USDJPY,0.0,1.0,-995.0
4595,1655111700,20261001,GBPJPY,0.0,1.0,13332.0
4596,1655117100,20261002,GOLD,0.0,1.0,3661.0
4599,1655200800,20261002,GOLD,0.0,1.0,-2395.0
4601,1655251200,20260720,BTCUSD,0.0,1.0,-1285.0
4602,1655285400,20261000,USDJPY,1.0,2.0,524.0
4603,1655286300,20261002,GOLD,2.0,3.0,-288.0
4606,1655374500,20261001,GBPJPY,0.0,1.0,13212.0
4608,1655892900,20261001,GBPJPY,0.0,1.0,-1033.0
4610,1655964000,20260605,EURUSD,1.0,2.0,-335.0
4612,1655980200,20261001,GBPJPY,0.0,1.0,140.0
4613,1655989200,20260605,EURUSD,1.0,2.0,-335.0
4617,1656325800,20261001,GBPJPY,1.0,2.0,-1440.0
4618,1656345600,20260774,GBPUSD,0.0,1.0,-671.0
4621,1656507600,20260605,EURUSD,0.0,1.0,-335.0
4623,1656585000,20261000,USDJPY,0.0,1.0,466.0
4625,1656633600,20260720,BTCUSD,0.0,1.0,826.0
4627,1656927900,20261001,GBPJPY,1.0,2.0,1140.0
4629,1657008000,20260622,USDJPY,1.0,2.0,-1960.0
4630,1657020600,20261001,GBPJPY,0.0,1.0,9054.0
4633,1657098900,20261001,GBPJPY,0.0,1.0,-1250.0
4635,1657103400,20261001,GBPJPY,1.0,2.0,-8142.0
4636,1657113300,20261002,GOLD,0.0,1.0,2301.0
4639,1657187100,20261001,GBPJPY,1.0,2.0,958.0
4640,1657224000,20260629,EURUSD,0.0,1.0,1060.0
4641,1657224000,20260629,EURUSD,0.0,0.0,-99.0
4643,1657276200,20261001,GBPJPY,0.0,1.0,-1475.0
4645,1657555200,20260622,USDJPY,1.0,2.0,-2128.0
4646,1657612800,20260640,GOLD,1.0,2.0,-2303.0
4647,1657621800,20261001,GBPJPY,0.0,1.0,-240.0
4650,1657705500,20261001,GBPJPY,1.0,2.0,-35.0
4651,1657728000,20260622,USDJPY,3.0,3.0,3285.0
4654,1657791000,20261001,GBPJPY,2.0,3.0,142.0
4655,1657792800,20261002,GOLD,1.0,2.0,3145.0
4659,1657878300,20261001,GBPJPY,0.0,1.0,-295.0
4661,1658146500,20261002,GOLD,0.0,1.0,-1224.0
4663,1658203200,20260622,USDJPY,1.0,2.0,-2157.0
4664,1658224800,20261000,USDJPY,0.0,1.0,-406.0
4667,1658235600,20260605,EURUSD,0.0,1.0,-357.0
4670,1658318400,20260640,GOLD,0.0,0.0,-1887.0
4672,1658358000,20260605,EURUSD,0.0,1.0,-379.0
4674,1658484000,20261001,GBPJPY,1.0,2.0,-758.0
4676,1658486700,20261001,GBPJPY,0.0,1.0,6222.0
4679,1658749500,20261001,GBPJPY,1.0,2.0,5292.0
4681,1658858400,20260629,EURUSD,0.0,1.0,1117.0
4682,1658858400,20260629,EURUSD,0.0,0.0,-1252.0
4683,1659110400,20260610,USDJPY,0.0,1.0,-500.0
4685,1659117600,20260605,EURUSD,0.0,1.0,-104.0
4687,1659121200,20260605,EURUSD,0.0,1.0,-338.0
4689,1659124800,20260610,USDJPY,0.0,1.0,1070.0
4691,1659355200,20260774,GBPUSD,0.0,1.0,-666.0
4692,1659435300,20261001,GBPJPY,0.0,0.0,-1864.0
4695,1659604500,20261001,GBPJPY,1.0,2.0,-729.0
4696,1659613500,20261000,USDJPY,2.0,3.0,-941.0
4697,1659614400,20261002,GOLD,0.0,0.0,1848.0
4700,1659636000,20260605,EURUSD,1.0,2.0,-347.0
4702,1659695400,20261001,GBPJPY,1.0,2.0,900.0
4706,1659715200,20260605,EURUSD,0.0,1.0,-339.0
4707,1659715200,20260774,GBPUSD,1.0,2.0,-670.0
4710,1659729600,20260774,GBPUSD,1.0,2.0,1458.0
4712,1659951000,20261001,GBPJPY,2.0,2.0,-850.0
4714,1660044600,20261001,GBPJPY,2.0,2.0,-218.0
4715,1660075200,20260605,EURUSD,1.0,2.0,1390.0
4719,1660147200,20260610,USDJPY,0.0,1.0,1100.0
4721,1660161600,20260610,USDJPY,0.0,1.0,-501.0
4723,1660176000,20260610,USDJPY,0.0,1.0,1100.0
4724,1660229100,20261002,GOLD,1.0,2.0,-1459.0
4726,1660233600,20260610,USDJPY,1.0,2.0,-500.0
4728,1660248000,20260610,USDJPY,0.0,1.0,-530.0
4731,1660276800,20260610,USDJPY,0.0,1.0,-500.0
4733,1660320000,20260610,USDJPY,0.0,1.0,1070.0
4734,1660338000,20260605,EURUSD,1.0,2.0,-344.0
4736,1660558500,20261002,GOLD,0.0,0.0,893.0
4737,1660563900,20261001,GBPJPY,0.0,1.0,459.0
4741,1660604400,20260605,EURUSD,0.0,1.0,-329.0
4742,1660646700,20261001,GBPJPY,1.0,2.0,10266.0
4745,1660766400,20260774,GBPUSD,0.0,1.0,1442.0
4747,1660896000,20260610,USDJPY,1.0,2.0,1103.0
4748,1660906800,20261000,USDJPY,3.0,3.0,210.0
4751,1661164200,20261001,GBPJPY,0.0,1.0,-186.0
4752,1661169600,20260610,USDJPY,0.0,1.0,-500.0
4754,1661247000,20261001,GBPJPY,0.0,1.0,-945.0
4757,1661420700,20261002,GOLD,0.0,1.0,-334.0
4759,1661508000,20261000,USDJPY,1.0,2.0,-621.0
4761,1661544000,20260610,USDJPY,1.0,2.0,1102.0
4762,1661731200,20260720,BTCUSD,0.0,0.0,-161.0
4764,1661768100,20261001,GBPJPY,1.0,2.0,340.0
4766,1661994000,20260605,EURUSD,1.0,2.0,-346.0
4768,1662004800,20260610,USDJPY,1.0,2.0,1103.0
4769,1662039900,20261002,GOLD,0.0,1.0,797.0
4770,1662051600,20260605,EURUSD,1.0,2.0,-127.0
4774,1662116400,20260605,EURUSD,0.0,1.0,-353.0
4776,1662134400,20260610,USDJPY,1.0,2.0,-505.0
4779,1662148800,20260610,USDJPY,1.0,2.0,1109.0
4780,1662148800,20260605,EURUSD,1.0,2.0,-354.0
4781,1662376500,20261001,GBPJPY,2.0,3.0,2376.0
4784,1662459300,20261000,USDJPY,2.0,2.0,1416.0
4786,1662544800,20261001,GBPJPY,1.0,2.0,103.0
4787,1662553800,20261002,GOLD,0.0,0.0,2815.0
4791,1662595200,20260720,BTCUSD,0.0,1.0,3059.0
4792,1662629400,20261001,GBPJPY,0.0,1.0,-329.0
4793,1662656400,20260605,EURUSD,0.0,1.0,-357.0
4795,1662670800,20260605,EURUSD,1.0,2.0,1489.0
4799,1662974100,20261001,GBPJPY,1.0,2.0,18.0
4801,1663106400,20260605,EURUSD,0.0,1.0,-355.0
4803,1663146900,20261001,GBPJPY,0.0,1.0,28.0
4804,1663153200,20261000,USDJPY,0.0,1.0,175.0
4805,1663160400,20260605,EURUSD,1.0,2.0,-363.0
4809,1663235100,20261001,GBPJPY,1.0,2.0,-714.0
4811,1663261200,20260605,EURUSD,0.0,1.0,-356.0
4812,1663323300,20261001,GBPJPY,0.0,1.0,664.0
4814,1663351200,20260605,EURUSD,0.0,1.0,-358.0
4817,1663578900,20261002,GOLD,0.0,1.0,-811.0
4818,1663584300,20261000,USDJPY,2.0,2.0,-217.0
4821,1663667100,20261001,GBPJPY,1.0,2.0,-755.0
4823,1663747200,20260640,GOLD,0.0,1.0,-1994.0
4825,1663753500,20261001,GBPJPY,0.0,1.0,-1032.0
4826,1663790400,20260640,GOLD,0.0,1.0,-2096.0
4829,1663891230,20260720,BTCUSD,0.0,1.0,-498.0
4830,1663928100,20261001,GBPJPY,0.0,1.0,2318.0
4832,1664164800,20260629,EURUSD,0.0,1.0,-1225.0
4833,1664164800,20260629,EURUSD,0.0,1.0,2275.0
4836,1664172000,20260629,EURUSD,0.0,1.0,-2391.0
4837,1664172000,20260629,EURUSD,0.0,1.0,10037.0
4838,1664188200,20261002,GOLD,1.0,2.0,-5037.0
4840,1664274600,20261002,GOLD,1.0,2.0,-1582.0
4843,1664352000,20260640,GOLD,0.0,1.0,-3208.0
4845,1664538300,20261001,GBPJPY,1.0,2.0,-1717.0
4849,1664878500,20261001,GBPJPY,1.0,2.0,386.0
4850,1664892000,20260605,EURUSD,0.0,1.0,1504.0
4853,1665056700,20261001,GBPJPY,0.0,1.0,13086.0
4855,1665100800,20260622,USDJPY,1.0,2.0,3322.0
4856,1665399600,20261002,GOLD,1.0,2.0,2138.0
4858,1665500400,20260605,EURUSD,1.0,2.0,-365.0
4860,1665522000,20260605,EURUSD,1.0,2.0,1568.0
4861,1665574200,20261001,GBPJPY,2.0,3.0,1348.0
4863,1665590400,20260622,USDJPY,3.0,3.0,3934.0
4866,1665698400,20260605,EURUSD,1.0,2.0,-214.0
4868,1665723600,20260605,EURUSD,0.0,1.0,-369.0
4870,1665746100,20261000,USDJPY,3.0,3.0,1242.0
4873,1665998100,20261001,GBPJPY,1.0,2.0,1187.0
4875,1666166400,20260622,USDJPY,1.0,2.0,4279.0
4876,1666177200,20260605,EURUSD,0.0,1.0,-374.0
4878,1666191600,20260605,EURUSD,0.0,1.0,-375.0
4880,1666273500,20261002,GOLD,0.0,0.0,-444.0
4882,1666350900,20261000,USDJPY,3.0,3.0,1198.0
4885,1666608300,20261002,GOLD,0.0,1.0,-131.0
4887,1666775700,20261002,GOLD,0.0,1.0,555.0
4888,1666779300,20261000,USDJPY,1.0,2.0,2654.0
4891,1666828830,20260774,GBPUSD,0.0,1.0,-731.0
4893,1666950300,20261001,GBPJPY,0.0,1.0,-989.0
4894,1666954800,20261000,USDJPY,0.0,1.0,431.0
4897,1667294100,20261002,GOLD,0.0,1.0,-87.0
4899,1667381400,20261001,GBPJPY,0.0,1.0,849.0
4901,1667462400,20260774,GBPUSD,0.0,1.0,-738.0
4902,1667466000,20260605,EURUSD,0.0,1.0,-369.0
4904,1667467800,20261001,GBPJPY,0.0,1.0,1637.0
4905,1667475000,20261000,USDJPY,1.0,2.0,-102.0
4907,1667491200,20260774,GBPUSD,2.0,3.0,-739.0
4911,1667577600,20260774,GBPUSD,0.0,1.0,1626.0
4912,1667592000,20260605,EURUSD,1.0,2.0,1544.0
4913,1667816100,20261001,GBPJPY,2.0,2.0,2000.0
4917,1668038400,20260720,BTCUSD,0.0,1.0,448.0
4918,1668096000,20260605,EURUSD,1.0,2.0,1475.0
4919,1668139200,20260610,USDJPY,2.0,3.0,1101.0
4922,1668164400,20261000,USDJPY,1.0,2.0,4252.0
4923,1668167100,20261001,GBPJPY,0.0,1.0,3924.0
4926,1668422700,20261001,GBPJPY,1.0,2.0,-2202.0
4927,1668424500,20261000,USDJPY,2.0,3.0,-286.0
4930,1668505500,20261000,USDJPY,1.0,2.0,612.0
4932,1669028400,20261000,USDJPY,1.0,2.0,1007.0
4933,1669030200,20261001,GBPJPY,2.0,3.0,4980.0
4937,1669281300,20261001,GBPJPY,0.0,1.0,-259.0
4939,1669375800,20261001,GBPJPY,1.0,2.0,-280.0
4941,1669608000,20260605,EURUSD,0.0,1.0,-358.0
4943,1669626900,20261000,USDJPY,0.0,1.0,-1012.0
4944,1669626900,20261001,GBPJPY,0.0,1.0,454.0
4945,1669631400,20261002,GOLD,1.0,2.0,-3188.0
4949,1669718700,20261002,GOLD,0.0,1.0,-784.0
4950,1669719600,20261000,USDJPY,1.0,2.0,-568.0
4953,1669806900,20261001,GBPJPY,1.0,2.0,-126.0
4954,1669842000,20260605,EURUSD,0.0,1.0,1424.0
4957,1669972500,20261000,USDJPY,0.0,1.0,-893.0
4958,1669972500,20261001,GBPJPY,0.0,1.0,-1033.0
4961,1670231700,20261000,USDJPY,1.0,2.0,1573.0
4962,1670231700,20261001,GBPJPY,2.0,3.0,30.0
4966,1670319000,20261001,GBPJPY,0.0,1.0,-1111.0
4968,1670408100,20261001,GBPJPY,0.0,1.0,-612.0
4970,1670515200,20260640,GOLD,0.0,1.0,3541.0
4971,1670842800,20261001,GBPJPY,0.0,1.0,1116.0
4974,1671099300,20261002,GOLD,0.0,1.0,730.0
4975,1671100200,20261000,USDJPY,1.0,2.0,1539.0
4976,1671127200,20260629,EURUSD,2.0,3.0,505.0
4977,1671127200,20260629,EURUSD,0.0,2.0,-2152.0
4980,1671183900,20261001,GBPJPY,0.0,1.0,1103.0
4982,1671448500,20261001,GBPJPY,0.0,1.0,67.0
4984,1671531300,20261002,GOLD,0.0,1.0,2773.0
4985,1671537600,20260640,GOLD,1.0,2.0,-2862.0
4987,1671619500,20261001,GBPJPY,0.0,1.0,2382.0
4990,1671790500,20261001,GBPJPY,0.0,1.0,-100.0
4992,1672113600,20260640,GOLD,0.0,1.0,2952.0
4993,1672153200,20260605,EURUSD,1.0,2.0,-344.0
4995,1672223400,20261001,GBPJPY,0.0,1.0,152.0
4996,1672250400,20260605,EURUSD,0.0,1.0,-154.0
4998,1672257600,20260605,EURUSD,1.0,2.0,-377.0
5001,1672329600,20260622,USDJPY,1.0,2.0,4133.0
5002,1672392600,20261001,GBPJPY,1.0,2.0,1425.0
5003,1672394400,20261000,USDJPY,4.0,3.0,1143.0
5008,1672738200,20261002,GOLD,0.0,1.0,-1069.0
5009,1672740900,20261001,GBPJPY,0.0,1.0,-882.0
5010,1672743600,20260605,EURUSD,0.0,1.0,-334.0
5014,1672823700,20261002,GOLD,0.0,1.0,-132.0
5015,1672825500,20261000,USDJPY,1.0,2.0,-1281.0
5016,1672833600,20260622,USDJPY,3.0,3.0,-1386.0
5019,1672851600,20260605,EURUSD,0.0,2.0,1414.0
5023,1672913700,20261000,USDJPY,1.0,2.0,648.0
5026,1673006400,20260774,GBPUSD,0.0,1.0,-678.0
5028,1673236800,20260605,EURUSD,0.0,1.0,1363.0
5029,1673236800,20260774,GBPUSD,1.0,2.0,1401.0
5030,1673257500,20261001,GBPJPY,1.0,2.0,160.0
5031,1673264700,20261000,USDJPY,1.0,2.0,-1920.0
5034,1673424000,20260640,GOLD,2.0,3.0,3652.0
5035,1673433000,20261001,GBPJPY,1.0,2.0,-212.0
5038,1673496000,20260622,USDJPY,2.0,3.0,4330.0
5039,1673523000,20261001,GBPJPY,1.0,2.0,1722.0
5040,1673523900,20261000,USDJPY,5.0,4.0,1617.0
5041,1673533800,20261002,GOLD,4.0,5.0,-1878.0
5047,1673604900,20261000,USDJPY,1.0,2.0,238.0
5048,1673604900,20261001,GBPJPY,1.0,2.0,178.0
5052,1673864100,20261000,USDJPY,0.0,1.0,18.0
5053,1673865000,20261001,GBPJPY,1.0,2.0,-285.0
5054,1673865900,20261002,GOLD,1.0,2.0,-332.0
5058,1673948700,20261001,GBPJPY,0.0,1.0,189.0
5059,1673957700,20261002,GOLD,0.0,1.0,-253.0
5060,1673971200,20260640,GOLD,0.0,0.0,3033.0
5063,1674036900,20261002,GOLD,1.0,2.0,-1787.0
5065,1674123300,20261002,GOLD,1.0,2.0,780.0
5067,1674468900,20261002,GOLD,0.0,0.0,-625.0
5069,1674553500,20261000,USDJPY,1.0,2.0,-944.0
5070,1674553500,20261001,GBPJPY,1.0,2.0,534.0
5073,1674648900,20261002,GOLD,0.0,0.0,-2047.0
5075,1674728100,20261001,GBPJPY,0.0,1.0,3498.0
5076,1674730800,20261000,USDJPY,1.0,2.0,796.0
5079,1674814500,20261001,GBPJPY,0.0,1.0,-370.0
5081,1675074600,20261002,GOLD,0.0,0.0,-669.0
5083,1675160100,20261002,GOLD,0.0,0.0,-2511.0
5084,1675160100,20261001,GBPJPY,0.0,1.0,41.0
5085,1675177200,20260605,EURUSD,0.0,1.0,-326.0
5089,1675243800,20261001,GBPJPY,0.0,1.0,-836.0
5092,1675296000,20260622,USDJPY,0.0,1.0,-2079.0
5093,1675416600,20261001,GBPJPY,1.0,2.0,-576.0
5095,1675425600,20260774,GBPUSD,1.0,2.0,-645.0
5098,1675440000,20260605,EURUSD,0.0,1.0,-325.0
5099,1675440000,20260774,GBPUSD,1.0,2.0,1425.0
5102,1675766700,20261000,USDJPY,0.0,1.0,713.0
5104,1675850400,20261001,GBPJPY,0.0,1.0,176.0
5106,1675958400,20260610,USDJPY,0.0,1.0,-500.0
5107,1675958400,20260774,GBPUSD,1.0,2.0,-654.0
5110,1675972800,20260610,USDJPY,0.0,1.0,-499.0
5112,1676021400,20261000,USDJPY,0.0,1.0,-1272.0
5113,1676021400,20261001,GBPJPY,1.0,2.0,-131.0
5116,1676275200,20260610,USDJPY,0.0,1.0,-499.0
5117,1676284200,20261001,GBPJPY,1.0,2.0,1110.0
5118,1676287800,20261000,USDJPY,3.0,3.0,-120.0
5122,1676404800,20260774,GBPUSD,0.0,1.0,1446.0
5123,1676452500,20261001,GBPJPY,1.0,2.0,-85.0
5124,1676454300,20261002,GOLD,1.0,2.0,327.0
5128,1677232800,20261001,GBPJPY,0.0,1.0,758.0
5129,1677236400,20261000,USDJPY,1.0,2.0,1351.0
5132,1677498300,20261001,GBPJPY,0.0,1.0,6006.0
5134,1677662100,20261001,GBPJPY,0.0,1.0,-887.0
5136,1677677400,20261002,GOLD,0.0,1.0,-112.0
5137,1677697200,20260605,EURUSD,1.0,2.0,-342.0
5140,1677762000,20260605,EURUSD,0.0,1.0,-339.0
5141,1677843000,20261000,USDJPY,0.0,1.0,333.0
5144,1678107600,20260605,EURUSD,0.0,1.0,-372.0
5145,1678181400,20261000,USDJPY,1.0,2.0,-944.0
5146,1678184100,20261001,GBPJPY,1.0,2.0,5988.0
5149,1678222800,20260605,EURUSD,0.0,1.0,-332.0
5151,1678354200,20261001,GBPJPY,0.0,1.0,-704.0
5152,1678358700,20261000,USDJPY,1.0,2.0,104.0
5154,1678374000,20260605,EURUSD,0.0,1.0,-340.0
5158,1678446900,20261001,GBPJPY,0.0,1.0,-1203.0
5159,1678464000,20260605,EURUSD,0.0,1.0,1420.0
5162,1678707900,20261002,GOLD,0.0,1.0,4703.0
5164,1678789800,20261001,GBPJPY,0.0,1.0,520.0
5166,1678872600,20261001,GBPJPY,0.0,1.0,-801.0
5168,1678880700,20261001,GBPJPY,0.0,1.0,15996.0
5170,1678910400,20260605,EURUSD,0.0,1.0,-340.0
5172,1678974300,20261002,GOLD,0.0,1.0,-2674.0
5174,1679029200,20260605,EURUSD,0.0,1.0,1366.0
5175,1679303700,20261002,GOLD,1.0,2.0,-3614.0
5176,1679307300,20261000,USDJPY,2.0,3.0,-687.0
5179,1679393700,20261002,GOLD,0.0,0.0,3158.0
5180,1679393700,20261000,USDJPY,0.0,1.0,338.0
5181,1679393700,20261001,GBPJPY,1.0,2.0,27.0
5186,1679500800,20260774,GBPUSD,0.0,1.0,1419.0
5187,1679644800,20260610,USDJPY,1.0,2.0,-500.0
5188,1679652900,20261001,GBPJPY,1.0,2.0,-568.0
5189,1679658300,20261000,USDJPY,4.0,3.0,-1028.0
5193,1679875200,20260724,BTCUSD,1.0,2.0,-28.0
5194,1679908500,20261001,GBPJPY,1.0,2.0,1343.0
5195,1679909400,20261000,USDJPY,1.0,2.0,275.0
5198,1680000300,20261001,GBPJPY,1.0,2.0,-2406.0
5201,1680081300,20261001,GBPJPY,0.0,1.0,749.0
5203,1680516900,20261001,GBPJPY,0.0,1.0,-1326.0
5204,1680530400,20261002,GOLD,1.0,2.0,3750.0
5207,1680566430,20260610,USDJPY,1.0,2.0,-502.0
5209,1680604200,20261001,GBPJPY,0.0,1.0,-642.0
5210,1680638400,20260610,USDJPY,1.0,2.0,-649.0
5212,1680649200,20260605,EURUSD,2.0,3.0,-337.0
5213,1680693300,20261001,GBPJPY,1.0,2.0,617.0
5214,1680710400,20260640,GOLD,3.0,4.0,-2845.0
5219,1680773400,20261001,GBPJPY,0.0,1.0,2550.0
5220,1680774300,20261000,USDJPY,0.0,1.0,522.0
5224,1681200000,20260640,GOLD,0.0,1.0,4764.0
5225,1681209900,20261002,GOLD,1.0,2.0,341.0
5226,1681209900,20261000,USDJPY,2.0,3.0,-630.0
5229,1681311600,20260605,EURUSD,1.0,2.0,1373.0
5232,1681401600,20260640,GOLD,0.0,1.0,-3294.0
5234,1681754400,20260605,EURUSD,0.0,1.0,-332.0
5236,1681812000,20260605,EURUSD,0.0,1.0,-350.0
5237,1681812900,20261001,GBPJPY,0.0,1.0,-304.0
5239,1681895700,20261000,USDJPY,0.0,1.0,97.0
5240,1681895700,20261001,GBPJPY,1.0,2.0,291.0
5244,1681983900,20261000,USDJPY,0.0,1.0,114.0
5246,1682068500,20261001,GBPJPY,0.0,1.0,-553.0
5248,1682418600,20261001,GBPJPY,0.0,1.0,1634.0
5249,1682429400,20261002,GOLD,0.0,1.0,-1897.0
5252,1682460000,20260605,EURUSD,0.0,1.0,-335.0
5254,1682502300,20261001,GBPJPY,0.0,1.0,11.0
5255,1682539200,20260605,EURUSD,0.0,1.0,-368.0
5258,1682683200,20260610,USDJPY,0.0,1.0,1102.0
5260,1682942400,20261002,GOLD,0.0,1.0,-1984.0
5262,1683026100,20261001,GBPJPY,0.0,1.0,6114.0
5263,1683032400,20260605,EURUSD,0.0,1.0,-343.0
5266,1683068400,20260605,EURUSD,0.0,1.0,8.0
5267,1683108900,20261000,USDJPY,1.0,2.0,272.0
5269,1683193500,20261001,GBPJPY,0.0,1.0,-3930.0
5272,1683248400,20260605,EURUSD,0.0,1.0,-150.0
5274,1683252000,20260605,EURUSD,0.0,1.0,-340.0
5276,1683313200,20260605,EURUSD,0.0,1.0,-350.0
5278,1683629100,20261001,GBPJPY,0.0,1.0,-713.0
5280,1683662400,20260627,GBPJPY,0.0,1.0,-2086.0
5282,1683802800,20261000,USDJPY,0.0,1.0,-678.0
5284,1684151100,20261001,GBPJPY,0.0,1.0,542.0
5286,1684320300,20261000,USDJPY,0.0,1.0,639.0
5288,1684401300,20261001,GBPJPY,0.0,1.0,-566.0
5289,1684409400,20261000,USDJPY,0.0,1.0,1510.0
5292,1684488600,20261000,USDJPY,0.0,1.0,-18.0
5293,1684491300,20261001,GBPJPY,1.0,2.0,-761.0
5296,1684728000,20260774,GBPUSD,0.0,1.0,1506.0
5297,1684836900,20261001,GBPJPY,1.0,2.0,-109.0
5298,1684837800,20261002,GOLD,1.0,2.0,-2121.0
5301,1684929600,20260622,USDJPY,1.0,2.0,3475.0
5303,1685008800,20261001,GBPJPY,1.0,2.0,-95.0
5305,1685098800,20261000,USDJPY,0.0,0.0,-573.0
5308,1685332800,20260627,GBPJPY,0.0,1.0,-2106.0
5309,1685357100,20261001,GBPJPY,0.0,0.0,-201.0
5311,1685439000,20261000,USDJPY,1.0,2.0,-954.0
5312,1685439000,20261001,GBPJPY,3.0,3.0,-733.0
5314,1685441700,20261001,GBPJPY,0.0,1.0,-618.0
5316,1685451600,20261002,GOLD,0.0,0.0,1856.0
5320,1685531700,20261001,GBPJPY,0.0,1.0,-1090.0
5322,1685610900,20261001,GBPJPY,0.0,1.0,235.0
5323,1685615400,20261000,USDJPY,1.0,2.0,-930.0
5324,1685635200,20260774,GBPUSD,1.0,2.0,-518.0
5328,1685736000,20260774,GBPUSD,0.0,1.0,-715.0
5329,1685923500,20260650,AUDJPY,0.0,1.0,1010065.0
5330,1685966400,20260622,USDJPY,2.0,2.0,-1894.0
5332,1686047400,20261001,GBPJPY,1.0,2.0,-3396.0
5334,1686132000,20261001,GBPJPY,1.0,2.0,-792.0
5337,1686164400,20260605,EURUSD,0.0,1.0,-342.0
5339,1686236400,20260605,EURUSD,0.0,1.0,1421.0
5340,1686303900,20261001,GBPJPY,1.0,2.0,84.0
5341,1686305700,20261000,USDJPY,2.0,3.0,-148.0
5342,1686312000,20260622,USDJPY,3.0,4.0,3459.0
5343,1686340800,20260627,GBPJPY,5.0,5.0,-1846.0
5347,1686628800,20260627,GBPJPY,2.0,3.0,10033.0
5348,1686647700,20261001,GBPJPY,4.0,4.0,1531.0
5352,1686816000,20260627,GBPJPY,2.0,3.0,9283.0
5354,1686840300,20261002,GOLD,0.0,1.0,-2278.0
5356,1686906900,20261001,GBPJPY,3.0,3.0,1921.0
5357,1686909600,20261000,USDJPY,3.0,4.0,805.0
5360,1687261500,20261001,GBPJPY,0.0,1.0,4038.0
5362,1687338900,20261001,GBPJPY,3.0,3.0,-1001.0
5363,1687339800,20261000,USDJPY,3.0,4.0,-218.0
5366,1687420800,20260640,GOLD,0.0,1.0,4314.0
5367,1687464000,20260622,USDJPY,3.0,3.0,4782.0
5368,1687517100,20261001,GBPJPY,0.0,2.0,-1056.0
5370,1687774500,20261001,GBPJPY,0.0,2.0,-1038.0
5371,1687776300,20261000,USDJPY,0.0,1.0,-655.0
5374,1687858200,20261001,GBPJPY,4.0,4.0,669.0
5377,1687971600,20260605,EURUSD,0.0,1.0,-361.0
5380,1687975200,20260605,EURUSD,1.0,2.0,-361.0
5383,1688054400,20260640,GOLD,0.0,1.0,-2390.0
5385,1688118300,20261000,USDJPY,0.0,1.0,171.0
5387,1688356800,20260622,USDJPY,1.0,2.0,-2198.0
5388,1688371200,20260627,GBPJPY,2.0,3.0,-1973.0
5389,1688374800,20260605,EURUSD,1.0,2.0,-362.0
5390,1688382000,20261000,USDJPY,5.0,4.0,-621.0
5395,1688638500,20261001,GBPJPY,0.0,1.0,-1168.0
5397,1688659200,20260627,GBPJPY,1.0,2.0,-2228.0
5398,1688666400,20260605,EURUSD,0.0,1.0,-359.0
5400,1688722200,20261001,GBPJPY,0.0,1.0,301.0
5402,1688724000,20261000,USDJPY,0.0,1.0,1257.0
5403,1688745600,20260605,EURUSD,1.0,2.0,1470.0
5406,1688985000,20261001,GBPJPY,0.0,1.0,2874.0
5409,1689073200,20261001,GBPJPY,0.0,1.0,-703.0
5411,1689154200,20261001,GBPJPY,0.0,1.0,892.0
5413,1689235200,20260610,USDJPY,0.0,1.0,1071.0
5414,1689246900,20261001,GBPJPY,0.0,1.0,702.0
5417,1689328800,20261000,USDJPY,1.0,2.0,908.0
5418,1689329700,20261001,GBPJPY,2.0,3.0,2778.0
5421,1689587100,20261001,GBPJPY,0.0,1.0,-769.0
5423,1689671700,20261001,GBPJPY,0.0,1.0,-529.0
5424,1689676200,20261002,GOLD,0.0,1.0,1888.0
5425,1689678900,20261000,USDJPY,1.0,2.0,-779.0
5429,1689758100,20261001,GBPJPY,0.0,1.0,-570.0
5430,1689759900,20261000,USDJPY,0.0,1.0,-14.0
5431,1689764400,20260629,EURUSD,1.0,2.0,2284.0
5432,1689764400,20260629,EURUSD,0.0,1.0,-521.0
5435,1689848100,20261001,GBPJPY,0.0,1.0,-273.0
5437,1689930900,20261001,GBPJPY,1.0,2.0,1442.0
5438,1689936300,20261000,USDJPY,2.0,3.0,734.0
5439,1689940800,20260610,USDJPY,4.0,4.0,-501.0
5441,1689955200,20260610,USDJPY,0.0,2.0,-500.0
5445,1690195500,20261001,GBPJPY,0.0,1.0,1368.0
5447,1690264800,20260605,EURUSD,0.0,1.0,-362.0
5451,1690458300,20261001,GBPJPY,1.0,2.0,-1023.0
5453,1690502430,20260610,USDJPY,0.0,1.0,-509.0
5455,1690531200,20260610,USDJPY,0.0,1.0,-509.0
5457,1690790400,20260610,USDJPY,1.0,2.0,1103.0
5458,1690797600,20261001,GBPJPY,2.0,3.0,-15.0
5459,1690800300,20261000,USDJPY,4.0,4.0,93.0
5463,1690967700,20261001,GBPJPY,0.0,1.0,38.0
5464,1690975800,20261000,USDJPY,0.0,1.0,-1056.0
5467,1691057700,20261001,GBPJPY,0.0,1.0,8490.0
5468,1691060400,20261000,USDJPY,0.0,1.0,370.0
5469,1691064000,20260774,GBPUSD,1.0,2.0,-712.0
5473,1691407800,20261002,GOLD,0.0,1.0,-16.0
5475,1691607600,20260605,EURUSD,0.0,1.0,-84.0
5477,1691647200,20260605,EURUSD,0.0,1.0,-188.0
5478,1691658900,20261001,GBPJPY,1.0,2.0,280.0
5481,1691769600,20260605,EURUSD,0.0,1.0,1512.0
5483,1692316800,20260774,GBPUSD,0.0,1.0,-738.0
5484,1692350100,20261001,GBPJPY,1.0,2.0,-185.0
5485,1692355500,20261000,USDJPY,0.0,1.0,-144.0
5489,1692702900,20261000,USDJPY,0.0,1.0,-194.0
5490,1692703800,20261001,GBPJPY,0.0,1.0,2664.0
5491,1692720000,20260774,GBPUSD,1.0,2.0,1598.0
5494,1692785700,20261001,GBPJPY,1.0,2.0,-496.0
5496,1692787500,20261001,GBPJPY,1.0,2.0,8940.0
5497,1692791100,20261002,GOLD,0.0,0.0,1760.0
5501,1692874800,20261000,USDJPY,1.0,2.0,506.0
5503,1693310400,20260622,USDJPY,1.0,2.0,-2400.0
5504,1693319400,20261002,GOLD,1.0,2.0,-2091.0
5507,1693371600,20260605,EURUSD,0.0,1.0,-398.0
5508,1693386900,20261001,GBPJPY,1.0,2.0,1072.0
5509,1693391400,20261000,USDJPY,2.0,3.0,-784.0
5510,1693396800,20260622,USDJPY,3.0,4.0,-2427.0
5514,1693476900,20261001,GBPJPY,0.0,1.0,1126.0
5516,1693504800,20260605,EURUSD,0.0,1.0,-261.0
5518,1693508400,20260605,EURUSD,0.0,1.0,-365.0
5521,1693821600,20261001,GBPJPY,1.0,2.0,588.0
5523,1693910700,20261000,USDJPY,1.0,2.0,726.0
5524,1693911600,20261001,GBPJPY,0.0,1.0,-4452.0
5527,1693993500,20261001,GBPJPY,0.0,1.0,229.0
5529,1694080800,20261001,GBPJPY,0.0,1.0,604.0
5531,1694170800,20261001,GBPJPY,1.0,2.0,-116.0
5532,1694174400,20260622,USDJPY,2.0,3.0,-2442.0
5535,1694423700,20261001,GBPJPY,0.0,1.0,-1040.0
5536,1694427300,20261002,GOLD,0.0,1.0,-1075.0
5539,1694510100,20261001,GBPJPY,1.0,2.0,-641.0
5541,1694517300,20261001,GBPJPY,0.0,1.0,-4494.0
5543,1694596500,20261001,GBPJPY,0.0,1.0,-4320.0
5545,1694692800,20260622,USDJPY,1.0,2.0,4921.0
5546,1694772900,20261001,GBPJPY,2.0,3.0,-565.0
5548,1695033900,20261001,GBPJPY,0.0,1.0,-216.0
5550,1695229200,20260605,EURUSD,0.0,1.0,-380.0
5552,1695247200,20260605,EURUSD,1.0,2.0,1574.0
5553,1695296700,20261001,GBPJPY,0.0,1.0,1437.0
5554,1695297600,20261002,GOLD,2.0,3.0,487.0
5557,1695375900,20261000,USDJPY,4.0,3.0,3.0
5558,1695375900,20261001,GBPJPY,3.0,4.0,-583.0
5562,1695657600,20260622,USDJPY,2.0,2.0,4078.0
5564,1695720600,20261000,USDJPY,3.0,3.0,-79.0
5566,1695818700,20261002,GOLD,1.0,2.0,2065.0
5568,1695895200,20261001,GBPJPY,0.0,1.0,-442.0
5570,1695899700,20261001,GBPJPY,2.0,3.0,1374.0
5572,1695980700,20261000,USDJPY,0.0,1.0,-660.0
5573,1695983400,20261001,GBPJPY,0.0,1.0,-4170.0
5576,1696239900,20261001,GBPJPY,2.0,3.0,-3612.0
5577,1696248900,20261002,GOLD,1.0,2.0,945.0
5580,1696329000,20261001,GBPJPY,0.0,1.0,-592.0
5583,1696414500,20261001,GBPJPY,0.0,1.0,-3042.0
5584,1696416300,20261000,USDJPY,0.0,1.0,-616.0
5586,1696419900,20261001,GBPJPY,0.0,1.0,501.0
5589,1696507200,20261002,GOLD,0.0,1.0,432.0
5591,1696550400,20260720,BTCUSD,0.0,1.0,-36.0
5592,1696583700,20261001,GBPJPY,1.0,2.0,957.0
5593,1696585500,20261000,USDJPY,2.0,3.0,336.0
5595,1696618800,20260605,EURUSD,0.0,1.0,-702.0
5598,1696845600,20261001,GBPJPY,0.0,1.0,294.0
5599,1696849200,20260605,EURUSD,0.0,1.0,-375.0
5603,1696932000,20261000,USDJPY,1.0,2.0,-179.0
5604,1696933800,20261001,GBPJPY,2.0,3.0,472.0
5607,1697017500,20261001,GBPJPY,1.0,2.0,518.0
5609,1697148000,20260605,EURUSD,0.0,1.0,-309.0
5611,1697176800,20260605,EURUSD,0.0,1.0,-372.0
5612,1697193000,20261001,GBPJPY,1.0,2.0,-543.0
5615,1697447700,20261001,GBPJPY,1.0,2.0,710.0
5616,1697448600,20261002,GOLD,0.0,1.0,-1435.0
5619,1697633100,20261002,GOLD,0.0,1.0,659.0
5620,1697655600,20260605,EURUSD,0.0,1.0,-366.0
5622,1697706900,20261001,GBPJPY,0.0,1.0,-552.0
5625,1697734800,20260605,EURUSD,0.0,1.0,1527.0
5626,1697760000,20260720,BTCUSD,1.0,2.0,1565.0
5628,1698059700,20261002,GOLD,1.0,2.0,-878.0
5631,1698139800,20261001,GBPJPY,1.0,2.0,-633.0
5632,1698142500,20261000,USDJPY,0.0,1.0,-399.0
5634,1698147000,20261001,GBPJPY,0.0,1.0,4008.0
5636,1698174000,20260605,EURUSD,0.0,1.0,-386.0
5639,1698311700,20261000,USDJPY,1.0,2.0,-627.0
5641,1698354000,20260605,EURUSD,0.0,1.0,-373.0
5643,1698433200,20260605,EURUSD,0.0,1.0,-375.0
5645,1698440400,20260605,EURUSD,0.0,1.0,-373.0
5646,1698660000,20261002,GOLD,1.0,2.0,-681.0
5649,1698832800,20260605,EURUSD,0.0,1.0,-369.0
5651,1698894000,20260605,EURUSD,0.0,1.0,1579.0
5652,1698919200,20261001,GBPJPY,0.0,1.0,-554.0
5655,1699038000,20260629,EURUSD,0.0,1.0,-1175.0
5656,1699038000,20260629,EURUSD,0.0,0.0,2366.0
5657,1699263000,20261001,GBPJPY,1.0,2.0,-89.0
5659,1699372800,20260774,GBPUSD,0.0,1.0,-756.0
5663,1699871400,20261001,GBPJPY,1.0,2.0,245.0
5665,1700044200,20261002,GOLD,0.0,1.0,-1619.0
5666,1700045100,20261001,GBPJPY,0.0,1.0,-2040.0
5669,1700212500,20261001,GBPJPY,0.0,1.0,1127.0
5670,1700217000,20261000,USDJPY,0.0,1.0,1013.0
5673,1700467200,20260610,USDJPY,0.0,1.0,1071.0
5674,1700474400,20261001,GBPJPY,0.0,1.0,184.0
5675,1700489700,20261002,GOLD,0.0,0.0,-742.0
5679,1700645400,20261001,GBPJPY,1.0,2.0,263.0
5680,1700649900,20261000,USDJPY,2.0,3.0,267.0
5683,1700712000,20260640,GOLD,0.0,1.0,4406.0
5684,1700739900,20261001,GBPJPY,1.0,2.0,360.0
5686,1700822700,20261001,GBPJPY,1.0,2.0,4434.0
5687,1700827200,20260628,AUDJPY,3.0,3.0,-455.0
5689,1701100800,20260610,USDJPY,1.0,2.0,1071.0
5692,1701201600,20260640,GOLD,0.0,1.0,4165.0
5693,1701201600,20260610,USDJPY,1.0,2.0,-619.0
5694,1701216000,20260724,BTCUSD,2.0,3.0,7765.0
5696,1701252900,20261001,GBPJPY,0.0,1.0,-1512.0
5697,1701258300,20261002,GOLD,0.0,2.0,-2471.0
5700,1701341100,20261001,GBPJPY,0.0,1.0,-569.0
5703,1701374400,20260605,EURUSD,0.0,1.0,1552.0
5704,1701425700,20261001,GBPJPY,1.0,2.0,-764.0
5707,1701684900,20261000,USDJPY,1.0,2.0,239.0
5709,1701767700,20261001,GBPJPY,0.0,1.0,45.0
5710,1701779400,20261002,GOLD,0.0,1.0,1806.0
5714,1701941400,20261000,USDJPY,1.0,2.0,2901.0
5717,1702287900,20261000,USDJPY,1.0,2.0,-53.0
5718,1702287900,20261001,GBPJPY,2.0,3.0,138.0
5719,1702288800,20261002,GOLD,1.0,2.0,2310.0
5723,1702339200,20260724,BTCUSD,0.0,1.0,3480.0
5724,1702372500,20261001,GBPJPY,0.0,1.0,-195.0
5726,1702544400,20260605,EURUSD,1.0,2.0,1535.0
5728,1702637100,20261001,GBPJPY,0.0,1.0,1362.0
5730,1702892700,20261001,GBPJPY,1.0,2.0,-150.0
5732,1702977300,20261001,GBPJPY,1.0,2.0,738.0
5733,1702980000,20261000,USDJPY,2.0,3.0,-278.0
5736,1703063700,20261001,GBPJPY,0.0,1.0,-47.0
5739,1703736000,20260640,GOLD,0.0,1.0,-2168.0
5740,1703750400,20260622,USDJPY,1.0,2.0,-2417.0
5741,1703754900,20261000,USDJPY,2.0,3.0,-663.0
5742,1703754900,20261001,GBPJPY,1.0,2.0,431.0
5743,1703762100,20261002,GOLD,0.0,2.0,-260.0
5748,1703836800,20260640,GOLD,1.0,2.0,-2446.0
5750,1703880000,20260622,USDJPY,1.0,2.0,-2411.0
5751,1704189600,20261001,GBPJPY,0.0,1.0,-1090.0
5752,1704195900,20261002,GOLD,2.0,3.0,-2308.0
5757,1704258000,20260605,EURUSD,0.0,1.0,-347.0
5758,1704273300,20261001,GBPJPY,1.0,2.0,1746.0
5760,1704319200,20260629,EURUSD,0.0,0.0,-160.0
5761,1704319200,20260629,EURUSD,0.0,1.0,-232.0
5762,1704366000,20261001,GBPJPY,1.0,2.0,960.0
5765,1704713400,20261001,GBPJPY,0.0,1.0,-636.0
5766,1704719700,20261002,GOLD,0.0,1.0,-317.0
5769,1704881700,20261001,GBPJPY,1.0,2.0,1419.0
5771,1705310100,20261000,USDJPY,1.0,2.0,332.0
5772,1705310100,20261001,GBPJPY,2.0,3.0,87.0
5773,1705316400,20260605,EURUSD,0.0,1.0,-189.0
5775,1705320000,20260605,EURUSD,1.0,2.0,1567.0
5780,1705401900,20261000,USDJPY,2.0,2.0,755.0
5782,1705482900,20261001,GBPJPY,1.0,2.0,1130.0
5783,1705507200,20260774,GBPUSD,1.0,2.0,-437.0
5785,1705521600,20260774,GBPUSD,1.0,2.0,-833.0
5787,1705608000,20260610,USDJPY,1.0,2.0,-500.0
5788,1705661100,20261001,GBPJPY,0.0,1.0,-2070.0
5792,1706092200,20261000,USDJPY,1.0,2.0,-4.0
5793,1706092200,20261001,GBPJPY,0.0,1.0,-653.0
5795,1706096700,20261001,GBPJPY,1.0,2.0,-4548.0
5797,1706126400,20260610,USDJPY,0.0,1.0,1110.0
5799,1706176800,20261001,GBPJPY,3.0,3.0,-594.0
5801,1706263200,20261001,GBPJPY,0.0,1.0,-437.0
5803,1706267700,20261000,USDJPY,2.0,3.0,-586.0
5804,1706267700,20261001,GBPJPY,4.0,4.0,288.0
5808,1706519700,20261002,GOLD,1.0,2.0,-300.0
5810,1706606100,20261001,GBPJPY,0.0,0.0,-614.0
5812,1706742000,20260605,EURUSD,0.0,1.0,-365.0
5813,1706778900,20261001,GBPJPY,0.0,0.0,-613.0
5814,1706791500,20261002,GOLD,0.0,1.0,-4292.0
5819,1706866200,20261001,GBPJPY,1.0,2.0,601.0
5820,1706878800,20260605,EURUSD,0.0,1.0,-374.0
5822,1706889600,20260605,EURUSD,0.0,1.0,1600.0
5823,1706889600,20260774,GBPUSD,1.0,2.0,1625.0
5825,1707128100,20261002,GOLD,2.0,3.0,-156.0
5828,1707297300,20261001,GBPJPY,1.0,2.0,413.0
5830,1707387300,20261001,GBPJPY,1.0,2.0,441.0
5831,1707408000,20260622,USDJPY,3.0,3.0,-2168.0
5833,1707768000,20260627,GBPJPY,2.0,3.0,9302.0
5835,1707902100,20261001,GBPJPY,0.0,2.0,-85.0
5837,1707988500,20261001,GBPJPY,0.0,2.0,-332.0
5838,1707997500,20261000,USDJPY,0.0,1.0,-14.0
5841,1708045200,20260605,EURUSD,0.0,1.0,-376.0
5843,1708106400,20260605,EURUSD,0.0,1.0,1505.0
5844,1708300860,20260724,BTCUSD,0.0,1.0,12489.0
5845,1708420500,20261001,GBPJPY,4.0,4.0,-87.0
5847,1708508700,20261001,GBPJPY,4.0,4.0,-387.0
5849,1708560000,20260774,GBPUSD,0.0,0.0,-756.0
5850,1708596000,20261001,GBPJPY,3.0,4.0,273.0
5853,1708603200,20260774,GBPUSD,2.0,3.0,-754.0
5855,1708617600,20260774,GBPUSD,0.0,1.0,-759.0
5858,1708683300,20261001,GBPJPY,4.0,4.0,-142.0
5859,1708687800,20261000,USDJPY,4.0,5.0,-406.0
5862,1708945200,20261001,GBPJPY,4.0,4.0,1788.0
5863,1708947900,20261000,USDJPY,4.0,5.0,182.0
5866,1709028900,20261000,USDJPY,0.0,2.0,-233.0
5867,1709029800,20261001,GBPJPY,0.0,1.0,-232.0
5870,1709116200,20261000,USDJPY,3.0,4.0,-100.0
5871,1709116200,20261001,GBPJPY,0.0,3.0,-409.0
5875,1709251200,20260724,BTCUSD,0.0,0.0,10911.0
5876,1709287200,20261001,GBPJPY,4.0,4.0,-49.0
5877,1709288100,20261000,USDJPY,4.0,5.0,-484.0
5880,1709543700,20261001,GBPJPY,4.0,4.0,556.0
5881,1709582400,20260774,GBPUSD,2.0,3.0,1609.0
5883,1709631000,20261001,GBPJPY,0.0,2.0,-320.0
5884,1709634600,20261002,GOLD,1.0,2.0,2415.0
5887,1709679600,20260605,EURUSD,1.0,2.0,1480.0
5888,1709716500,20261000,USDJPY,2.0,3.0,111.0
5889,1709716500,20261001,GBPJPY,0.0,1.0,-679.0
5893,1709827200,20260629,EURUSD,4.0,4.0,64.0
5894,1709827200,20260629,EURUSD,0.0,3.0,301.0
5896,1709897400,20261000,USDJPY,2.0,3.0,337.0
5897,1709897400,20261001,GBPJPY,0.0,0.0,-63.0
5898,1709899200,20260640,GOLD,3.0,4.0,-4087.0
5899,1709899200,20260610,USDJPY,4.0,5.0,-561.0
5904,1710153900,20261001,GBPJPY,0.0,0.0,154.0
5906,1710201600,20260724,BTCUSD,2.0,3.0,-11086.0
5907,1710252000,20261002,GOLD,0.0,2.0,2800.0
5909,1710259200,20260610,USDJPY,1.0,2.0,-619.0
5911,1710326700,20261001,GBPJPY,2.0,2.0,30.0
5912,1710329400,20261000,USDJPY,2.0,3.0,-117.0
5915,1710407700,20261001,GBPJPY,2.0,2.0,-506.0
5918,1710497700,20261001,GBPJPY,3.0,3.0,3186.0
5919,1710499500,20261000,USDJPY,3.0,4.0,598.0
5922,1710734400,20260610,USDJPY,2.0,3.0,1103.0
5926,1710767700,20261002,GOLD,0.0,1.0,-21.0
5928,1710817200,20260605,EURUSD,0.0,1.0,-392.0
5931,1710878400,20260774,GBPUSD,0.0,1.0,-781.0
5932,1710935100,20261000,USDJPY,1.0,2.0,-953.0
5935,1711017900,20261000,USDJPY,1.0,2.0,600.0
5936,1711029600,20260605,EURUSD,1.0,2.0,-379.0
5938,1711036800,20260605,EURUSD,0.0,1.0,1603.0
5940,1711051200,20260774,GBPUSD,1.0,2.0,1609.0
5943,1711112400,20260629,EURUSD,3.0,3.0,597.0
5944,1711112400,20260629,EURUSD,0.0,2.0,546.0
5945,1711362600,20261001,GBPJPY,1.0,2.0,508.0
5947,1711538100,20261000,USDJPY,0.0,1.0,-72.0
5948,1711538100,20261001,GBPJPY,1.0,2.0,-696.0
5951,1711612800,20260640,GOLD,0.0,1.0,6410.0
5952,1711624500,20261001,GBPJPY,1.0,2.0,-589.0
5954,1711629000,20261002,GOLD,0.0,1.0,2603.0
5961,1712056500,20261002,GOLD,0.0,1.0,-300.0
5963,1712206800,20260605,EURUSD,0.0,1.0,-392.0
5964,1712316600,20261000,USDJPY,1.0,2.0,226.0
5965,1712317500,20261001,GBPJPY,2.0,3.0,474.0
5966,1712318400,20260640,GOLD,0.0,1.0,8242.0
5968,1712336400,20260605,EURUSD,0.0,1.0,-379.0
5970,1712340000,20260605,EURUSD,0.0,1.0,-415.0
5974,1712574900,20261001,GBPJPY,1.0,2.0,244.0
5975,1712575800,20261000,USDJPY,2.0,3.0,-146.0
5978,1712654100,20261001,GBPJPY,1.0,2.0,-79.0
5979,1712678400,20260774,GBPUSD,2.0,2.0,-765.0
5983,1712786400,20260605,EURUSD,0.0,1.0,1618.0
5984,1712830500,20261001,GBPJPY,1.0,2.0,912.0
5985,1712835000,20261000,USDJPY,3.0,3.0,20.0
5988,1712908800,20260640,GOLD,0.0,0.0,-5059.0
5989,1712915100,20261001,GBPJPY,0.0,1.0,1046.0
5993,1713260700,20261000,USDJPY,1.0,2.0,-451.0
5995,1713347100,20261001,GBPJPY,1.0,2.0,-3936.0
5997,1713441600,20260622,USDJPY,1.0,2.0,-2380.0
5998,1713456000,20260640,GOLD,0.0,0.0,-5505.0
6000,1713553200,20260629,EURUSD,0.0,1.0,-839.0
6001,1713553200,20260629,EURUSD,0.0,1.0,1705.0
6003,1713780000,20261002,GOLD,0.0,1.0,3930.0
6005,1713988800,20260605,EURUSD,0.0,1.0,-297.0
6006,1714003200,20260622,USDJPY,1.0,2.0,4729.0
6007,1714036500,20261001,GBPJPY,2.0,3.0,399.0
6010,1714124700,20261001,GBPJPY,1.0,2.0,-1122.0
6012,1714132800,20260622,USDJPY,1.0,2.0,4911.0
6017,1714514400,20260605,EURUSD,0.0,1.0,-394.0
6019,1714604400,20260605,EURUSD,0.0,1.0,-397.0
6021,1714608000,20260605,EURUSD,0.0,1.0,-396.0
6023,1714990500,20261001,GBPJPY,1.0,2.0,184.0
6024,1714992300,20261002,GOLD,0.0,1.0,346.0
6027,1715080500,20261001,GBPJPY,0.0,1.0,-2232.0
6029,1715284800,20260628,AUDJPY,2.0,2.0,2624.0
6030,1715673600,20260622,USDJPY,2.0,3.0,-2196.0
6031,1715673600,20260640,GOLD,0.0,0.0,6531.0
6034,1715817600,20260774,GBPUSD,0.0,1.0,1664.0
6035,1715832000,20260640,GOLD,1.0,2.0,-3582.0
6037,1716264000,20260627,GBPJPY,3.0,3.0,-2341.0
6038,1716369300,20261001,GBPJPY,5.0,4.0,-202.0
6039,1716389100,20261002,GOLD,0.0,0.0,2446.0
6040,1716393600,20260622,USDJPY,4.0,5.0,-2274.0
6043,1716462000,20261002,GOLD,0.0,1.0,2318.0
6044,1716462900,20261001,GBPJPY,6.0,5.0,-513.0
6047,1716551100,20261001,GBPJPY,6.0,5.0,426.0
6049,1716805800,20261001,GBPJPY,6.0,5.0,1590.0
6051,1716894000,20260605,EURUSD,0.0,1.0,-405.0
6054,1716951600,20260605,EURUSD,1.0,2.0,-383.0
6055,1716974100,20261001,GBPJPY,0.0,3.0,348.0
6057,1717062300,20261000,USDJPY,0.0,3.0,-119.0
6059,1717153200,20261000,USDJPY,6.0,5.0,-592.0
6060,1717155000,20261001,GBPJPY,6.0,6.0,1632.0
6063,1717178400,20260605,EURUSD,0.0,1.0,-289.0
6065,1717409700,20261001,GBPJPY,0.0,3.0,1122.0
6067,1717412400,20260605,EURUSD,1.0,2.0,-391.0
6071,1717492500,20261001,GBPJPY,0.0,2.0,10524.0
6072,1717496100,20261000,USDJPY,0.0,1.0,1852.0
6076,1717578900,20261001,GBPJPY,2.0,3.0,802.0
6078,1717666200,20261001,GBPJPY,2.0,3.0,-3222.0
6079,1717670700,20261000,USDJPY,3.0,4.0,-1126.0
6082,1717751700,20261000,USDJPY,0.0,1.0,-619.0
6083,1717751700,20261001,GBPJPY,0.0,1.0,-814.0
6086,1717776000,20260610,USDJPY,2.0,3.0,-495.0
6087,1717779600,20260605,EURUSD,1.0,2.0,-385.0
6088,1717981200,20260629,EURUSD,0.0,1.0,-1015.0
6089,1717981200,20260629,EURUSD,1.0,2.0,559.0
6090,1718106300,20261001,GBPJPY,3.0,4.0,-696.0
6092,1718187300,20261001,GBPJPY,3.0,4.0,-537.0
6096,1718270100,20261001,GBPJPY,2.0,3.0,-556.0
6098,1718308800,20260610,USDJPY,2.0,3.0,1102.0
6100,1718615700,20261001,GBPJPY,0.0,1.0,-3960.0
6102,1718704800,20261001,GBPJPY,2.0,3.0,-638.0
6105,1718841720,20260628,AUDJPY,2.0,2.0,2532.0
6106,1718870400,20260627,GBPJPY,2.0,3.0,9649.0
6107,1718880300,20261001,GBPJPY,4.0,4.0,78.0
6108,1718882100,20261000,USDJPY,4.0,5.0,394.0
6113,1718942400,20260622,USDJPY,3.0,4.0,4958.0
6114,1719227700,20261001,GBPJPY,5.0,5.0,-516.0
6117,1719408600,20261002,GOLD,0.0,1.0,1344.0
6118,1719417600,20260622,USDJPY,4.0,4.0,5385.0
6120,1719493200,20260605,EURUSD,1.0,2.0,-401.0
6122,1719504000,20260605,EURUSD,0.0,1.0,-140.0
6124,1719511200,20260605,EURUSD,1.0,2.0,-549.0
6126,1719825300,20261001,GBPJPY,5.0,5.0,49.0
6128,1719849600,20260627,GBPJPY,5.0,5.0,10706.0
6131,1719907200,20260622,USDJPY,3.0,4.0,-2406.0
6132,1719936000,20260605,EURUSD,0.0,1.0,1629.0
6133,1719950400,20260774,GBPUSD,0.0,1.0,-816.0
6135,1719999000,20261001,GBPJPY,3.0,4.0,544.0
6136,1720008000,20260628,AUDJPY,5.0,5.0,-450.0
6138,1720022400,20260774,GBPUSD,2.0,3.0,1741.0
6142,1720433700,20261001,GBPJPY,5.0,4.0,-63.0
6143,1720435500,20261000,USDJPY,4.0,5.0,-302.0
6147,1720610100,20261001,GBPJPY,4.0,4.0,1111.0
6148,1720641600,20260622,USDJPY,4.0,5.0,-2207.0
6151,1720689300,20261001,GBPJPY,3.0,4.0,-496.0
6155,1721125800,20261002,GOLD,0.0,1.0,3780.0
6157,1721211300,20261000,USDJPY,0.0,1.0,1449.0
6158,1721212200,20261001,GBPJPY,0.0,1.0,1375.0
6159,1721232000,20260610,USDJPY,2.0,2.0,1012.0
6163,1721296800,20261002,GOLD,0.0,1.0,-2265.0
6165,1721384100,20261001,GBPJPY,0.0,1.0,-390.0
6167,1721639700,20261000,USDJPY,0.0,1.0,-410.0
6168,1721639700,20261001,GBPJPY,0.0,1.0,-680.0
6171,1721731500,20261001,GBPJPY,0.0,1.0,1035.0
6172,1721732400,20261000,USDJPY,0.0,1.0,396.0
6175,1721790000,20260605,EURUSD,0.0,1.0,-363.0
6176,1721880000,20260610,USDJPY,0.0,0.0,1100.0
6178,1721908800,20260610,USDJPY,0.0,0.0,-500.0
6180,1721923200,20260610,USDJPY,0.0,0.0,-501.0
6182,1721937600,20260610,USDJPY,0.0,0.0,-530.0
6183,1721993400,20261001,GBPJPY,0.0,1.0,-7800.0
6184,1721994300,20261000,USDJPY,1.0,2.0,-2044.0
6188,1722248100,20261001,GBPJPY,0.0,1.0,-961.0
6190,1722331800,20261001,GBPJPY,1.0,2.0,-1626.0
6191,1722332700,20261000,USDJPY,3.0,3.0,-1555.0
6195,1722512700,20261002,GOLD,1.0,2.0,-3681.0
6197,1722592800,20261001,GBPJPY,0.0,1.0,1816.0
6200,1722859200,20260774,GBPUSD,0.0,1.0,-819.0
6201,1723540500,20261001,GBPJPY,0.0,1.0,-273.0
6204,1723635900,20261002,GOLD,0.0,1.0,-6996.0
6206,1724058900,20261001,GBPJPY,0.0,1.0,-2070.0
6208,1724112000,20260720,BTCUSD,0.0,1.0,-7768.0
6209,1724169600,20260622,USDJPY,1.0,2.0,2694.0
6210,1724227200,20260640,GOLD,2.0,3.0,-4077.0
6211,1724231700,20261001,GBPJPY,0.0,1.0,-328.0
6212,1724237100,20261000,USDJPY,0.0,2.0,-1186.0
6216,1724644800,20260640,GOLD,2.0,3.0,-4224.0
6217,1724753700,20261001,GBPJPY,0.0,1.0,-496.0
6219,1724856300,20261002,GOLD,0.0,2.0,16.0
6221,1724928300,20261001,GBPJPY,0.0,1.0,-736.0
6222,1724936400,20261002,GOLD,3.0,4.0,-2759.0
6225,1725022800,20260605,EURUSD,0.0,2.0,-347.0
6227,1725275700,20261001,GBPJPY,0.0,1.0,447.0
6228,1725276600,20261000,USDJPY,0.0,1.0,96.0
6231,1725355800,20261001,GBPJPY,1.0,2.0,654.0
6232,1725361200,20261000,USDJPY,3.0,3.0,125.0
6235,1725444000,20261001,GBPJPY,1.0,2.0,810.0
6237,1725528600,20261001,GBPJPY,1.0,2.0,-1070.0
6241,1725617700,20261000,USDJPY,1.0,2.0,-1368.0
6242,1725617700,20261001,GBPJPY,1.0,2.0,-1658.0
6246,1725876900,20261000,USDJPY,0.0,1.0,-531.0
6247,1725912000,20260622,USDJPY,0.0,0.0,-2153.0
6249,1725926400,20260720,BTCUSD,1.0,2.0,3913.0
6250,1725961500,20261001,GBPJPY,0.0,1.0,-989.0
6252,1726056000,20260640,GOLD,2.0,3.0,-2520.0
6254,1726128000,20260640,GOLD,2.0,3.0,5367.0
6255,1726137000,20261001,GBPJPY,0.0,1.0,-1191.0
6258,1726189200,20260605,EURUSD,2.0,3.0,1444.0
6259,1726226100,20261001,GBPJPY,1.0,2.0,-209.0
6261,1726473600,20260640,GOLD,3.0,4.0,-3237.0
6262,1726481700,20261001,GBPJPY,1.0,2.0,-951.0
6263,1726482600,20261000,USDJPY,6.0,5.0,-1175.0
6266,1726579800,20261002,GOLD,0.0,3.0,1363.0
6270,1726632000,20260640,GOLD,2.0,3.0,-2889.0
6273,1726722000,20260605,EURUSD,1.0,2.0,1463.0
6274,1726737300,20261002,GOLD,2.0,3.0,2048.0
6276,1726826400,20261001,GBPJPY,0.0,1.0,6210.0
6277,1726829100,20261000,USDJPY,0.0,1.0,830.0
6280,1727086500,20261001,GBPJPY,1.0,2.0,-7224.0
6282,1727121600,20260640,GOLD,2.0,3.0,7214.0
6283,1727172000,20261000,USDJPY,0.0,2.0,-1071.0
6284,1727172000,20261001,GBPJPY,0.0,1.0,-725.0
6289,1727258400,20261000,USDJPY,0.0,1.0,972.0
6290,1727261100,20261001,GBPJPY,1.0,2.0,100.0
6293,1727345700,20261001,GBPJPY,0.0,1.0,440.0
6296,1727429400,20261001,GBPJPY,0.0,1.0,13494.0
6297,1727467200,20260605,EURUSD,0.0,1.0,-373.0
6299,1727668800,20260640,GOLD,1.0,2.0,-3665.0
6300,1727703000,20261002,GOLD,0.0,1.0,1588.0
6304,1727762400,20260605,EURUSD,0.0,1.0,1527.0
6305,1727781300,20261001,GBPJPY,0.0,1.0,5214.0
6306,1727798400,20260640,GOLD,0.0,0.0,-4733.0
6308,1727865900,20261001,GBPJPY,0.0,1.0,2420.0
6311,1727950500,20261001,GBPJPY,0.0,1.0,338.0
6312,1727953200,20260629,EURUSD,0.0,1.0,-88.0
6313,1727953200,20260629,EURUSD,0.0,1.0,-586.0
6316,1727960400,20260629,EURUSD,0.0,1.0,-124.0
6317,1727960400,20260629,EURUSD,0.0,1.0,-12.0
6320,1727967600,20260629,EURUSD,0.0,1.0,1951.0
6321,1727967600,20260629,EURUSD,0.0,1.0,-760.0
6323,1728297900,20261001,GBPJPY,0.0,1.0,3576.0
6325,1728383400,20261001,GBPJPY,0.0,1.0,-933.0
6328,1728475200,20260774,GBPUSD,0.0,1.0,1580.0
6329,1728898200,20261002,GOLD,0.0,0.0,-2497.0
6333,1728986400,20261001,GBPJPY,1.0,2.0,-269.0
6334,1728990900,20261002,GOLD,0.0,0.0,2037.0
6337,1729094400,20260640,GOLD,0.0,0.0,5943.0
6339,1729506600,20261000,USDJPY,1.0,2.0,1940.0
6340,1729513800,20261002,GOLD,0.0,1.0,-2466.0
6343,1729593900,20261001,GBPJPY,0.0,1.0,-1056.0
6344,1729604700,20261002,GOLD,0.0,0.0,980.0
6348,1729681200,20261002,GOLD,0.0,1.0,-2610.0
6350,1729728032,20260650,AUDJPY,0.0,1.0,-313838.0
6351,1729762200,20261002,GOLD,0.0,1.0,12.0
6352,1729768500,20261001,GBPJPY,1.0,2.0,-5016.0
6353,1729771200,20260640,GOLD,1.0,2.0,6600.0
6356,1729828800,20260622,USDJPY,1.0,2.0,4123.0
6357,1729855800,20261001,GBPJPY,2.0,3.0,822.0
6358,1729872000,20260628,AUDJPY,4.0,4.0,-729.0
6360,1730197800,20261001,GBPJPY,3.0,4.0,3144.0
6364,1730275200,20260640,GOLD,0.0,0.0,-3917.0
6365,1730286000,20261000,USDJPY,0.0,1.0,-614.0
6366,1730286000,20261001,GBPJPY,0.0,1.0,-601.0
6367,1730293200,20260605,EURUSD,1.0,2.0,-383.0
6370,1730300400,20260605,EURUSD,0.0,1.0,-382.0
6374,1730394000,20260629,EURUSD,1.0,2.0,129.0
6375,1730394000,20260629,EURUSD,0.0,1.0,-562.0
6378,1730401200,20260629,EURUSD,1.0,2.0,2152.0
6379,1730401200,20260629,EURUSD,0.0,1.0,318.0
6380,1730456100,20261001,GBPJPY,2.0,3.0,628.0
6381,1730460600,20261000,USDJPY,4.0,4.0,132.0
6384,1730719800,20261001,GBPJPY,0.0,1.0,-1560.0
6386,1730798100,20261002,GOLD,0.0,0.0,159.0
6389,1730883600,20260605,EURUSD,0.0,1.0,-385.0
6393,1730970900,20261000,USDJPY,0.0,1.0,665.0
6394,1730983500,20261002,GOLD,1.0,2.0,9976.0
6396,1731013200,20260605,EURUSD,0.0,1.0,1605.0
6398,1731060900,20261001,GBPJPY,0.0,1.0,338.0
6399,1731063600,20261000,USDJPY,0.0,1.0,-346.0
6403,1731297600,20260622,USDJPY,1.0,2.0,4660.0
6404,1731321000,20261000,USDJPY,3.0,3.0,-90.0
6405,1731330000,20261002,GOLD,2.0,3.0,5588.0
6408,1731369630,20260724,BTCUSD,0.0,0.0,14801.0
6409,1731404700,20261002,GOLD,0.0,1.0,-138.0
6411,1731493800,20261001,GBPJPY,2.0,3.0,-847.0
6414,1731584700,20261002,GOLD,0.0,0.0,-4616.0
6416,1731663000,20261000,USDJPY,1.0,2.0,1795.0
6417,1731663000,20261001,GBPJPY,0.0,1.0,10272.0
6421,1732013100,20261000,USDJPY,1.0,2.0,-1090.0
6422,1732013100,20261001,GBPJPY,1.0,2.0,-1721.0
6425,1732094100,20261001,GBPJPY,0.0,1.0,-1136.0
6426,1732096800,20261000,USDJPY,1.0,2.0,-311.0
6429,1732181400,20261001,GBPJPY,0.0,1.0,770.0
6430,1732187700,20261000,USDJPY,2.0,2.0,-337.0
6434,1732274100,20261001,GBPJPY,0.0,1.0,-2532.0
6436,1732531500,20261000,USDJPY,0.0,1.0,-558.0
6438,1732700700,20261000,USDJPY,0.0,1.0,801.0
6439,1732700700,20261001,GBPJPY,1.0,2.0,-223.0
6440,1732705200,20261002,GOLD,1.0,2.0,-2492.0
6441,1732730400,20260605,EURUSD,2.0,3.0,-414.0
6446,1732791600,20261002,GOLD,0.0,1.0,-515.0
6448,1733169600,20260610,USDJPY,0.0,1.0,-531.0
6449,1733184000,20260724,BTCUSD,1.0,2.0,5991.0
6451,1733219100,20261001,GBPJPY,0.0,1.0,-860.0
6453,1733263200,20260605,EURUSD,0.0,1.0,-376.0
6455,1733303700,20261001,GBPJPY,0.0,1.0,408.0
6456,1733304600,20261000,USDJPY,1.0,2.0,54.0
6459,1733480100,20261001,GBPJPY,0.0,1.0,-6150.0
6460,1733483700,20261000,USDJPY,1.0,2.0,-1420.0
6463,1733736600,20261001,GBPJPY,0.0,1.0,1572.0
6464,1733738400,20261000,USDJPY,1.0,2.0,876.0
6465,1733743800,20261002,GOLD,0.0,1.0,3384.0
6469,1733825700,20261000,USDJPY,0.0,1.0,168.0
6470,1733825700,20261001,GBPJPY,1.0,2.0,707.0
6471,1733828400,20260605,EURUSD,0.0,1.0,126.0
6472,1733840100,20261002,GOLD,0.0,0.0,2449.0
6476,1733908500,20261001,GBPJPY,0.0,1.0,-720.0
6478,1733916600,20261000,USDJPY,0.0,1.0,452.0
6479,1733916600,20261001,GBPJPY,1.0,2.0,1740.0
6483,1734076800,20260610,USDJPY,1.0,2.0,1102.0
6484,1734090300,20261000,USDJPY,3.0,3.0,281.0
6486,1734349500,20261001,GBPJPY,1.0,2.0,795.0
6490,1734404400,20260605,EURUSD,0.0,1.0,-140.0
6492,1734408000,20260605,EURUSD,0.0,1.0,1631.0
6493,1734435900,20261001,GBPJPY,0.0,1.0,183.0
6495,1734516900,20261001,GBPJPY,0.0,1.0,-4428.0
6498,1734606900,20261002,GOLD,0.0,1.0,-4343.0
6500,1734961500,20261002,GOLD,0.0,1.0,1063.0
6502,1735214400,20260622,USDJPY,0.0,1.0,-2342.0
6504,1735641900,20261001,GBPJPY,0.0,1.0,-1202.0
6506,1735811100,20261000,USDJPY,0.0,1.0,-717.0
6507,1735811100,20261001,GBPJPY,1.0,2.0,1861.0
6510,1736156700,20261002,GOLD,0.0,1.0,-3399.0
6511,1736158500,20261001,GBPJPY,0.0,1.0,552.0
6513,1736179200,20260605,EURUSD,0.0,1.0,-396.0
6516,1736258400,20261002,GOLD,0.0,1.0,597.0
6517,1736272800,20260605,EURUSD,0.0,1.0,1679.0
6519,1736348400,20260629,EURUSD,2.0,2.0,-2072.0
6520,1736348400,20260629,EURUSD,0.0,1.0,134.0
6521,1736414100,20261001,GBPJPY,0.0,1.0,-273.0
6523,1736507700,20261000,USDJPY,0.0,1.0,-1580.0
6526,1736775900,20261002,GOLD,0.0,1.0,5135.0
6528,1736932500,20261001,GBPJPY,0.0,1.0,168.0
6529,1736934300,20261000,USDJPY,1.0,2.0,601.0
6530,1736935200,20260605,EURUSD,1.0,2.0,-174.0
6532,1736938800,20260605,EURUSD,0.0,1.0,-391.0
6533,1736939700,20261002,GOLD,0.0,1.0,1141.0
6535,1736967600,20260605,EURUSD,0.0,1.0,-387.0
6539,1737027000,20261002,GOLD,0.0,0.0,5094.0
6542,1737064800,20260605,EURUSD,0.0,1.0,-403.0
6543,1737105300,20261001,GBPJPY,0.0,1.0,-4314.0
6546,1737452700,20261002,GOLD,0.0,1.0,1292.0
6548,1737545400,20261002,GOLD,0.0,1.0,-873.0
6552,1737970200,20261002,GOLD,0.0,1.0,2260.0
6553,1737973800,20261001,GBPJPY,0.0,1.0,2274.0
6554,1737975600,20261000,USDJPY,1.0,2.0,1126.0
6558,1738148400,20261001,GBPJPY,0.0,1.0,-246.0
6560,1738324800,20260605,EURUSD,0.0,1.0,-386.0
6562,1738357200,20260605,EURUSD,0.0,1.0,1863.0
6564,1738661400,20261002,GOLD,0.0,1.0,-2638.0
6566,1738749600,20261002,GOLD,0.0,1.0,1323.0
6567,1738754100,20261000,USDJPY,1.0,2.0,393.0
6568,1738771200,20260610,USDJPY,3.0,3.0,1012.0
6569,1738774800,20260605,EURUSD,3.0,4.0,-383.0
6574,1738814400,20260610,USDJPY,0.0,1.0,-501.0
6576,1738828800,20260610,USDJPY,0.0,1.0,1104.0
6577,1738836000,20261002,GOLD,0.0,0.0,475.0
6580,1738900800,20260640,GOLD,0.0,1.0,8456.0
6581,1738919700,20261001,GBPJPY,0.0,1.0,-1161.0
6583,1739179800,20261001,GBPJPY,0.0,1.0,-773.0
6584,1739183400,20261000,USDJPY,1.0,2.0,-415.0
6588,1739246400,20260640,GOLD,0.0,1.0,-4757.0
6590,1739354400,20261001,GBPJPY,0.0,1.0,733.0
6591,1739364300,20261002,GOLD,0.0,1.0,-2987.0
6593,1739390400,20260640,GOLD,0.0,1.0,-8407.0
6594,1739390400,20260605,EURUSD,1.0,2.0,-380.0
6597,1739440800,20261001,GBPJPY,0.0,1.0,-1101.0
6599,1739505600,20260774,GBPUSD,1.0,2.0,1611.0
6600,1739531700,20261001,GBPJPY,1.0,2.0,-4128.0
6602,1739872800,20261001,GBPJPY,1.0,2.0,-448.0
6603,1739894400,20260622,USDJPY,2.0,3.0,4568.0
6605,1739965500,20261001,GBPJPY,1.0,2.0,408.0
6609,1740405600,20261002,GOLD,1.0,2.0,-689.0
6611,1740475800,20261001,GBPJPY,0.0,1.0,-5670.0
6612,1740477600,20261000,USDJPY,2.0,2.0,372.0
6613,1740494700,20261002,GOLD,0.0,1.0,2676.0
6617,1740614400,20260605,EURUSD,1.0,2.0,-233.0
6619,1740632400,20260605,EURUSD,0.0,1.0,1588.0
6620,1740651300,20261002,GOLD,0.0,1.0,213.0
6621,1740652200,20261001,GBPJPY,0.0,1.0,-485.0
6622,1740653100,20261000,USDJPY,2.0,2.0,206.0
6627,1740735900,20261000,USDJPY,1.0,2.0,171.0
6628,1740735900,20261001,GBPJPY,1.0,2.0,51.0
6632,1740996000,20261001,GBPJPY,0.0,1.0,-6444.0
6633,1740997800,20261000,USDJPY,1.0,2.0,-967.0
6636,1741024800,20260605,EURUSD,0.0,1.0,1574.0
6638,1741169700,20261001,GBPJPY,0.0,1.0,-940.0
6639,1741171500,20261000,USDJPY,0.0,1.0,984.0
6642,1741252500,20261000,USDJPY,0.0,1.0,814.0
6643,1741253400,20261001,GBPJPY,1.0,2.0,1090.0
6646,1741600800,20261001,GBPJPY,0.0,1.0,3750.0
6648,1741665600,20260622,USDJPY,0.0,1.0,-2456.0
6649,1741689000,20261002,GOLD,1.0,2.0,1511.0
6650,1741689000,20261001,GBPJPY,0.0,1.0,1074.0
6652,1741723200,20260622,USDJPY,0.0,1.0,-2701.0
6656,1741773600,20261000,USDJPY,0.0,1.0,-261.0
6658,1741838400,20260640,GOLD,0.0,1.0,7359.0
6659,1741852800,20260622,USDJPY,1.0,2.0,-2631.0
6662,1741944600,20261000,USDJPY,0.0,1.0,-286.0
6663,1741944600,20261001,GBPJPY,1.0,2.0,-303.0
6666,1742291100,20261001,GBPJPY,0.0,1.0,-398.0
6667,1742293800,20261002,GOLD,0.0,1.0,1173.0
6670,1742376600,20261001,GBPJPY,0.0,1.0,-4536.0
6671,1742382000,20261002,GOLD,0.0,1.0,-1442.0
6674,1742493600,20260605,EURUSD,0.0,1.0,1569.0
6675,1742807700,20261001,GBPJPY,0.0,1.0,686.0
6677,1742961600,20260640,GOLD,0.0,0.0,6796.0
6678,1742984100,20261001,GBPJPY,0.0,1.0,-1692.0
6681,1743072300,20261001,GBPJPY,0.0,1.0,1049.0
6682,1743075000,20261000,USDJPY,1.0,2.0,346.0
6683,1743077700,20261002,GOLD,0.0,1.0,994.0
6688,1743134400,20260640,GOLD,0.0,1.0,7543.0
6689,1743155100,20261000,USDJPY,1.0,2.0,664.0
6690,1743156000,20261001,GBPJPY,1.0,2.0,900.0
6694,1743504300,20261001,GBPJPY,0.0,1.0,215.0
6696,1743592500,20261001,GBPJPY,0.0,1.0,-3960.0
6698,1743627600,20260605,EURUSD,0.0,1.0,-374.0
6700,1743763500,20261001,GBPJPY,0.0,1.0,943.0
6701,1743778800,20260629,EURUSD,0.0,1.0,-3075.0
6702,1743778800,20260629,EURUSD,0.0,0.0,2749.0
6704,1744104600,20261002,GOLD,0.0,1.0,-3834.0
6705,1744107300,20261000,USDJPY,1.0,2.0,652.0
6706,1744109100,20261001,GBPJPY,1.0,2.0,2208.0
6710,1744191000,20261002,GOLD,0.0,1.0,9187.0
6712,1744371000,20261000,USDJPY,0.0,1.0,-1176.0
6714,1744630200,20261001,GBPJPY,0.0,1.0,-66.0
6718,1744798500,20261002,GOLD,0.0,1.0,4304.0
6720,1744881300,20261001,GBPJPY,0.0,1.0,286.0
6721,1744885800,20261002,GOLD,0.0,1.0,73.0
6724,1745006400,20260622,USDJPY,0.0,1.0,3732.0
6725,1745228700,20261002,GOLD,1.0,2.0,3269.0
6728,1745319600,20261001,GBPJPY,0.0,1.0,-1117.0
6730,1745402400,20261002,GOLD,0.0,1.0,813.0
6732,1745460000,20260605,EURUSD,0.0,1.0,-352.0
6734,1745839800,20261001,GBPJPY,0.0,1.0,-555.0
6735,1745870400,20260605,EURUSD,0.0,1.0,-198.0
6738,1745899200,20260605,EURUSD,0.0,1.0,1481.0
6740,1746091800,20261001,GBPJPY,0.0,1.0,1645.0
6741,1746093600,20261000,USDJPY,1.0,2.0,1071.0
6742,1746105300,20261002,GOLD,1.0,2.0,-688.0
6746,1746186300,20261001,GBPJPY,0.0,1.0,924.0
6748,1746443700,20261001,GBPJPY,0.0,1.0,232.0
6749,1746445500,20261002,GOLD,0.0,1.0,4701.0
6752,1746528300,20261000,USDJPY,0.0,1.0,1506.0
6753,1746528300,20261001,GBPJPY,1.0,2.0,1710.0
6754,1746547200,20260605,EURUSD,0.0,1.0,-211.0
6756,1746550800,20260605,EURUSD,1.0,2.0,-367.0
6760,1746616500,20261001,GBPJPY,0.0,1.0,-200.0
6762,1746695700,20261002,GOLD,0.0,1.0,5055.0
6763,1746696600,20261000,USDJPY,1.0,2.0,1642.0
6764,1746697500,20261001,GBPJPY,1.0,2.0,1439.0
6768,1746782100,20261001,GBPJPY,0.0,1.0,-880.0
6769,1746785700,20261000,USDJPY,1.0,2.0,-92.0
6772,1747044900,20261002,GOLD,0.0,1.0,3271.0
6773,1747044900,20261000,USDJPY,1.0,2.0,2734.0
6774,1747044900,20261001,GBPJPY,1.0,2.0,921.0
6778,1747221300,20261000,USDJPY,0.0,1.0,-171.0
6780,1747302300,20261000,USDJPY,0.0,1.0,-40.0
6781,1747303200,20261001,GBPJPY,1.0,2.0,-152.0
6784,1747650600,20261001,GBPJPY,0.0,1.0,202.0
6786,1747737000,20261001,GBPJPY,0.0,1.0,-497.0
6787,1747738800,20261000,USDJPY,1.0,2.0,-442.0
6790,1747803600,20260605,EURUSD,0.0,1.0,-393.0
6791,1747905300,20261001,GBPJPY,0.0,1.0,-1359.0
6792,1747912500,20261000,USDJPY,2.0,2.0,-1306.0
6796,1747999800,20261001,GBPJPY,0.0,1.0,-3204.0
6798,1748016000,20260629,EURUSD,0.0,1.0,144.0
6799,1748016000,20260629,EURUSD,0.0,0.0,760.0
6800,1748251800,20261001,GBPJPY,0.0,1.0,-458.0
6801,1748289600,20260640,GOLD,0.0,1.0,-6632.0
6803,1748339100,20261001,GBPJPY,0.0,1.0,646.0
6804,1748340000,20261002,GOLD,0.0,0.0,1507.0
6805,1748342700,20261000,USDJPY,1.0,2.0,545.0
6810,1748505600,20260610,USDJPY,0.0,1.0,-501.0
6812,1748525400,20261002,GOLD,0.0,1.0,6833.0
6814,1748577600,20260610,USDJPY,0.0,1.0,-500.0
6818,1748856600,20261002,GOLD,0.0,1.0,4838.0
6819,1748857500,20261000,USDJPY,1.0,2.0,315.0
6822,1748908800,20260724,BTCUSD,0.0,1.0,954.0
6823,1748949300,20261001,GBPJPY,0.0,1.0,-5442.0
6825,1749114900,20261001,GBPJPY,0.0,1.0,1464.0
6826,1749121200,20261000,USDJPY,1.0,2.0,263.0
6829,1749461400,20261001,GBPJPY,0.0,1.0,-440.0
6830,1749463200,20261002,GOLD,1.0,2.0,1920.0
6831,1749465900,20261000,USDJPY,3.0,3.0,-428.0
6835,1749546900,20261001,GBPJPY,0.0,1.0,-178.0
6836,1749554100,20261002,GOLD,1.0,2.0,-3212.0
6839,1749642300,20261002,GOLD,1.0,2.0,-2354.0
6841,1749719700,20261001,GBPJPY,0.0,1.0,-106.0
6844,1750068900,20261002,GOLD,0.0,1.0,1639.0
6845,1750069800,20261001,GBPJPY,0.0,1.0,430.0
6848,1750158000,20261001,GBPJPY,0.0,1.0,823.0
6850,1750320000,20260610,USDJPY,0.0,1.0,1103.0
6851,1750324500,20261002,GOLD,1.0,2.0,-2297.0
6852,1750328100,20261001,GBPJPY,1.0,2.0,5760.0
6856,1750677300,20261000,USDJPY,0.0,1.0,-1371.0
6858,1750757400,20261002,GOLD,0.0,1.0,573.0
6859,1750757400,20261000,USDJPY,0.0,1.0,406.0
6860,1750760100,20261001,GBPJPY,1.0,2.0,-256.0
6864,1750843800,20261001,GBPJPY,0.0,1.0,469.0
6865,1750845600,20261000,USDJPY,1.0,2.0,-165.0
6868,1750929300,20261001,GBPJPY,0.0,1.0,-307.0
6869,1750931100,20261000,USDJPY,1.0,2.0,124.0
6870,1750953600,20260610,USDJPY,3.0,3.0,-531.0
6874,1751276700,20261002,GOLD,0.0,1.0,220.0
6875,1751278500,20261001,GBPJPY,0.0,1.0,-540.0
6878,1751364900,20261002,GOLD,0.0,1.0,733.0
6879,1751365800,20261001,GBPJPY,0.0,1.0,-334.0
6880,1751366700,20261000,USDJPY,2.0,2.0,-505.0
6884,1751535000,20261001,GBPJPY,0.0,1.0,1230.0
6886,1751620500,20261001,GBPJPY,0.0,1.0,-31.0
6888,1751886000,20261002,GOLD,0.0,1.0,-3744.0
6889,1751886900,20261000,USDJPY,1.0,2.0,939.0
6890,1751889600,20260610,USDJPY,3.0,3.0,1102.0
6894,1752033600,20260605,EURUSD,0.0,1.0,-360.0
6896,1752139800,20261001,GBPJPY,0.0,1.0,-779.0
6898,1752486300,20261001,GBPJPY,0.0,1.0,-330.0
6900,1752537630,20260650,AUDJPY,0.0,1.0,0.0
6901,1752595200,20260628,AUDJPY,2.0,2.0,-553.0
6903,1752743700,20261001,GBPJPY,1.0,2.0,336.0
6905,1752831900,20261001,GBPJPY,1.0,2.0,-160.0
6907,1753108200,20261002,GOLD,0.0,1.0,3188.0
6909,1753176600,20261001,GBPJPY,1.0,2.0,-691.0
6911,1753210800,20260605,EURUSD,0.0,1.0,-378.0
6913,1753315230,20260774,GBPUSD,0.0,1.0,-603.0
6914,1753349400,20261002,GOLD,0.0,0.0,663.0
6916,1753358400,20260774,GBPUSD,1.0,2.0,1622.0
6918,1753434900,20261001,GBPJPY,1.0,2.0,-855.0
6919,1753442100,20261000,USDJPY,1.0,2.0,-428.0
6923,1753700400,20261000,USDJPY,1.0,2.0,242.0
6924,1753700400,20261001,GBPJPY,2.0,3.0,-499.0
6927,1753761600,20260605,EURUSD,0.0,1.0,1562.0
6929,1753958700,20261002,GOLD,0.0,1.0,-1429.0
6930,1753958700,20261000,USDJPY,1.0,2.0,2166.0
6931,1753958700,20261001,GBPJPY,2.0,3.0,5910.0
6935,1754046900,20261001,GBPJPY,0.0,1.0,1716.0
6937,1754304300,20261001,GBPJPY,1.0,2.0,-1171.0
6939,1754387100,20261001,GBPJPY,1.0,2.0,3576.0
6940,1754392500,20261000,USDJPY,2.0,3.0,140.0
6943,1754559900,20261000,USDJPY,0.0,1.0,-603.0
6944,1754560800,20261002,GOLD,1.0,2.0,108.0
6945,1754560800,20261001,GBPJPY,0.0,1.0,-4698.0
6949,1754625600,20260605,EURUSD,0.0,1.0,-370.0
6951,1754649900,20261001,GBPJPY,1.0,2.0,496.0
6953,1754903700,20261001,GBPJPY,1.0,2.0,-573.0
6954,1754907300,20261002,GOLD,0.0,1.0,2740.0
6957,1754993700,20261001,GBPJPY,1.0,2.0,-54.0
6959,1755080100,20261000,USDJPY,0.0,1.0,200.0
6961,1755163800,20261001,GBPJPY,0.0,1.0,-1357.0
6962,1755168300,20261002,GOLD,0.0,1.0,5207.0
6965,1755256500,20261001,GBPJPY,0.0,1.0,-386.0
6967,1755619200,20260605,EURUSD,0.0,1.0,-273.0
6969,1755630000,20260605,EURUSD,0.0,1.0,-360.0
6970,1755682200,20261000,USDJPY,0.0,0.0,-58.0
6971,1755687600,20261001,GBPJPY,0.0,1.0,-4962.0
6975,1755885600,20260605,EURUSD,0.0,1.0,-380.0
6977,1756152000,20260605,EURUSD,0.0,1.0,-357.0
6978,1756339200,20260610,USDJPY,0.0,0.0,-590.0
6979,1756391400,20261002,GOLD,0.0,1.0,3233.0
6982,1756436400,20260605,EURUSD,1.0,2.0,-368.0
6983,1756454400,20260774,GBPUSD,2.0,3.0,-737.0
6984,1756466100,20261001,GBPJPY,0.0,1.0,-2880.0
6988,1756725300,20261001,GBPJPY,0.0,1.0,269.0
6991,1756804500,20261001,GBPJPY,1.0,2.0,-1067.0
6992,1756808100,20261000,USDJPY,2.0,3.0,196.0
6994,1756812600,20261001,GBPJPY,0.0,1.0,858.0
6995,1756814400,20260610,USDJPY,2.0,2.0,-500.0
6996,1756828800,20260605,EURUSD,2.0,3.0,-371.0
6997,1756828800,20260774,GBPUSD,4.0,4.0,-741.0
7001,1756836000,20260605,EURUSD,0.0,1.0,-371.0
7005,1756899000,20261001,GBPJPY,1.0,2.0,-1350.0
7006,1756929600,20260774,GBPUSD,1.0,2.0,1588.0
7008,1756972800,20260605,EURUSD,0.0,1.0,-371.0
7009,1756982700,20261001,GBPJPY,2.0,2.0,246.0
7012,1757063700,20261001,GBPJPY,2.0,2.0,-460.0
7013,1757070000,20260605,EURUSD,1.0,2.0,25.0
7015,1757088000,20260610,USDJPY,2.0,3.0,-956.0
7017,1757304000,20260610,USDJPY,1.0,2.0,-501.0
7019,1757326500,20261002,GOLD,2.0,3.0,6049.0
7020,1757326500,20261000,USDJPY,3.0,4.0,486.0
7021,1757327400,20261001,GBPJPY,0.0,1.0,-343.0
7022,1757332800,20260610,USDJPY,5.0,5.0,1079.0
7027,1757417400,20261000,USDJPY,2.0,3.0,-750.0
7028,1757417400,20261001,GBPJPY,1.0,2.0,-279.0
7030,1757419200,20260610,USDJPY,3.0,3.0,-503.0
7034,1757508300,20261002,GOLD,1.0,2.0,-1263.0
7036,1757592900,20261002,GOLD,0.0,0.0,-2633.0
7038,1757595600,20260605,EURUSD,1.0,2.0,-373.0
7041,1757664000,20260640,GOLD,0.0,1.0,8776.0
7042,1757674800,20261001,GBPJPY,1.0,2.0,564.0
7043,1757675700,20261000,USDJPY,2.0,3.0,-216.0
7044,1757682000,20260605,EURUSD,0.0,1.0,1517.0
7047,1757935800,20261001,GBPJPY,1.0,2.0,-28.0
7049,1758017700,20261000,USDJPY,2.0,3.0,359.0
7052,1758102300,20261002,GOLD,0.0,0.0,-1988.0
7054,1758186900,20261002,GOLD,0.0,0.0,-5110.0
7055,1758186900,20261000,USDJPY,1.0,2.0,341.0
7056,1758186900,20261001,GBPJPY,2.0,3.0,-50.0
7060,1758279600,20260629,EURUSD,0.0,1.0,540.0
7061,1758279600,20260629,EURUSD,0.0,1.0,-468.0
7062,1758294000,20260605,EURUSD,0.0,1.0,-370.0
7065,1758542400,20260640,GOLD,0.0,1.0,10588.0
7066,1758542400,20260610,USDJPY,1.0,2.0,1110.0
7067,1758546000,20260605,EURUSD,0.0,1.0,-395.0
7068,1758627900,20261002,GOLD,1.0,2.0,1302.0
7070,1758708900,20261000,USDJPY,2.0,3.0,737.0
7073,1758791700,20261001,GBPJPY,2.0,3.0,-407.0
7074,1758798000,20260605,EURUSD,0.0,1.0,-364.0
7075,1758798900,20261002,GOLD,0.0,0.0,-4198.0
7078,1758816000,20260610,USDJPY,1.0,2.0,-496.0
7080,1758859200,20260774,GBPUSD,1.0,2.0,-748.0
7081,1758878100,20261001,GBPJPY,2.0,3.0,381.0
7085,1759132800,20260640,GOLD,0.0,1.0,13190.0
7087,1759137300,20261001,GBPJPY,0.0,1.0,119.0
7088,1759142700,20261000,USDJPY,0.0,1.0,-40.0
7091,1759225500,20261000,USDJPY,0.0,1.0,219.0
7092,1759226400,20261001,GBPJPY,0.0,1.0,119.0
7094,1759232700,20261002,GOLD,0.0,1.0,-9098.0
7098,1759310100,20261001,GBPJPY,0.0,1.0,0.0
7099,1759311000,20261000,USDJPY,1.0,2.0,231.0
7102,1759345200,20260605,EURUSD,0.0,1.0,-363.0
7103,1759348800,20260610,USDJPY,2.0,2.0,-619.0
7106,1759398300,20261001,GBPJPY,0.0,1.0,-455.0
7108,1759402800,20260605,EURUSD,2.0,3.0,-368.0
7113,1759723200,20260640,GOLD,0.0,1.0,14191.0
7114,1759737600,20260610,USDJPY,1.0,2.0,-500.0
7115,1759752000,20260774,GBPUSD,0.0,1.0,-750.0
7117,1759766400,20260610,USDJPY,1.0,2.0,1102.0
7119,1759832100,20261001,GBPJPY,0.0,1.0,-691.0
7120,1759837500,20261000,USDJPY,1.0,2.0,1135.0
7125,1759921200,20261001,GBPJPY,1.0,2.0,-224.0
7126,1759927500,20261002,GOLD,0.0,1.0,2427.0
7129,1760009400,20261001,GBPJPY,0.0,1.0,5088.0
7131,1760089500,20261001,GBPJPY,0.0,1.0,582.0
7133,1760313630,20260720,BTCUSD,0.0,1.0,-1747.0
7134,1760328000,20260640,GOLD,1.0,2.0,25286.0
7135,1760351400,20261001,GBPJPY,1.0,2.0,-117.0
7137,1760433300,20261001,GBPJPY,0.0,1.0,-220.0
7139,1760522400,20261002,GOLD,2.0,3.0,-94.0
7142,1760607900,20261001,GBPJPY,1.0,2.0,-901.0
7143,1760625900,20261002,GOLD,1.0,2.0,10851.0
7146,1760680800,20260605,EURUSD,1.0,2.0,-376.0
7147,1760694300,20261001,GBPJPY,0.0,1.0,-587.0
7148,1760696100,20261000,USDJPY,2.0,3.0,-928.0
7152,1760976000,20260640,GOLD,1.0,2.0,-18792.0
7153,1760976000,20260774,GBPUSD,0.0,1.0,1642.0
7154,1761038100,20261001,GBPJPY,1.0,2.0,403.0
7155,1761043500,20261002,GOLD,0.0,0.0,16818.0
7156,1761051600,20260605,EURUSD,0.0,1.0,-368.0
7160,1761125400,20261001,GBPJPY,1.0,2.0,-2130.0
7163,1761210900,20261002,GOLD,0.0,1.0,415.0
7164,1761210900,20261001,GBPJPY,1.0,2.0,-246.0
7167,1761298200,20261001,GBPJPY,1.0,2.0,-776.0
7170,1761595200,20260605,EURUSD,1.0,2.0,-111.0
7172,1761643800,20261002,GOLD,0.0,0.0,-4768.0
7173,1761646500,20261001,GBPJPY,0.0,1.0,843.0
7177,1761721200,20260605,EURUSD,0.0,1.0,-376.0
7178,1761730200,20261001,GBPJPY,0.0,1.0,-603.0
7181,1761822900,20261002,GOLD,0.0,1.0,-150.0
7183,1761903900,20261001,GBPJPY,1.0,2.0,-637.0
7184,1761906600,20261000,USDJPY,2.0,3.0,-269.0
7187,1762171200,20260622,USDJPY,1.0,2.0,-2526.0
7189,1762249500,20261001,GBPJPY,0.0,1.0,1374.0
7191,1762337700,20261001,GBPJPY,1.0,2.0,612.0
7193,1762425000,20261000,USDJPY,0.0,1.0,522.0
7195,1762766100,20261001,GBPJPY,1.0,2.0,343.0
7196,1762773300,20261000,USDJPY,2.0,3.0,-160.0
7197,1762783200,20261002,GOLD,0.0,0.0,2597.0
7201,1762833600,20260622,USDJPY,1.0,2.0,4642.0
7202,1762852500,20261001,GBPJPY,0.0,1.0,-467.0
7204,1762930800,20260605,EURUSD,0.0,1.0,-478.0
7205,1762942500,20261001,GBPJPY,2.0,3.0,-431.0
7207,1763028900,20261002,GOLD,0.0,1.0,-4380.0
7208,1763031600,20261000,USDJPY,1.0,2.0,60.0
7211,1763112600,20261001,GBPJPY,0.0,1.0,-1053.0
7214,1763552700,20261000,USDJPY,1.0,2.0,2302.0
7215,1763553600,20261002,GOLD,0.0,1.0,-5446.0
7216,1763568000,20260622,USDJPY,2.0,3.0,5737.0
7219,1763589600,20260605,EURUSD,1.0,2.0,-387.0
7223,1763717400,20261001,GBPJPY,0.0,1.0,1030.0
7224,1763718300,20261000,USDJPY,0.0,1.0,424.0
7227,1763956800,20260622,USDJPY,1.0,2.0,-2024.0
7228,1763979300,20261001,GBPJPY,2.0,3.0,40.0
7230,1764068400,20261001,GBPJPY,0.0,1.0,-556.0
7231,1764069300,20261000,USDJPY,0.0,0.0,535.0
7235,1764151200,20261001,GBPJPY,1.0,2.0,929.0
7237,1764270000,20260605,EURUSD,0.0,1.0,-409.0
7238,1764324000,20261001,GBPJPY,0.0,1.0,-306.0
7240,1764331200,20260605,EURUSD,0.0,1.0,1601.0
7242,1764582300,20261001,GBPJPY,0.0,1.0,42.0
7244,1764648000,20260628,AUDJPY,2.0,2.0,2721.0
7245,1764666900,20261001,GBPJPY,2.0,3.0,-39.0
7246,1764671400,20261000,USDJPY,3.0,4.0,-77.0
7247,1764675900,20261002,GOLD,0.0,1.0,-569.0
7251,1764754200,20261001,GBPJPY,2.0,3.0,952.0
7254,1764843300,20261001,GBPJPY,0.0,1.0,-105.0
7255,1764844200,20261000,USDJPY,0.0,1.0,-450.0
7258,1764934200,20261001,GBPJPY,2.0,3.0,1176.0
7260,1765190700,20261001,GBPJPY,2.0,3.0,629.0
7262,1765274400,20261001,GBPJPY,2.0,3.0,411.0
7263,1765275300,20261000,USDJPY,3.0,4.0,559.0
7264,1765278900,20261002,GOLD,0.0,0.0,-282.0
7265,1765296000,20260774,GBPUSD,1.0,2.0,1704.0
7269,1765359900,20261001,GBPJPY,3.0,3.0,60.0
7272,1765885500,20261001,GBPJPY,2.0,3.0,-318.0
7274,1765944000,20260640,GOLD,0.0,1.0,16366.0
7275,1765964700,20261001,GBPJPY,0.0,1.0,-4344.0
7276,1765966500,20261000,USDJPY,1.0,2.0,61.0
7279,1766049300,20261001,GBPJPY,2.0,3.0,-283.0
7281,1766138400,20261000,USDJPY,2.0,3.0,778.0
7283,1766395800,20261001,GBPJPY,2.0,3.0,588.0
7286,1766433600,20260640,GOLD,0.0,1.0,-9800.0
7288,1767000600,20261001,GBPJPY,0.0,1.0,-156.0
7290,1767034800,20260605,EURUSD,0.0,1.0,-93.0
7292,1767038400,20260605,EURUSD,0.0,1.0,-392.0
7295,1767099600,20261002,GOLD,0.0,1.0,-2351.0
7297,1767178800,20261001,GBPJPY,0.0,1.0,-3228.0
7299,1767609000,20261001,GBPJPY,0.0,1.0,-4608.0
7300,1767612600,20261002,GOLD,0.0,1.0,1657.0
7303,1767729600,20260628,AUDJPY,2.0,2.0,-611.0
7304,1767779100,20261001,GBPJPY,0.0,1.0,55.0
7307,1767866400,20261001,GBPJPY,0.0,1.0,-469.0
7309,1767945600,20260627,GBPJPY,1.0,2.0,13302.0
7310,1767951900,20261000,USDJPY,2.0,3.0,325.0
7311,1767952800,20261001,GBPJPY,4.0,4.0,158.0
7312,1767988800,20260628,AUDJPY,5.0,5.0,2814.0
7315,1768190400,20260640,GOLD,0.0,1.0,19702.0
7316,1768216500,20261001,GBPJPY,4.0,4.0,532.0
7317,1768233600,20260610,USDJPY,4.0,5.0,1102.0
7320,1768389300,20261000,USDJPY,1.0,2.0,622.0
7322,1768468500,20261001,GBPJPY,4.0,4.0,-674.0
7324,1768815000,20261001,GBPJPY,4.0,4.0,560.0
7325,1768816800,20261000,USDJPY,4.0,5.0,-36.0
7329,1768896000,20260640,GOLD,0.0,1.0,20237.0
7330,1768900500,20261001,GBPJPY,4.0,4.0,-436.0
7331,1768904100,20261002,GOLD,1.0,2.0,5395.0
7332,1768907700,20261000,USDJPY,2.0,3.0,-1130.0
7333,1768914000,20260605,EURUSD,3.0,4.0,-408.0
7334,1768917600,20260629,EURUSD,0.0,3.0,-394.0
7335,1768917600,20260629,EURUSD,3.0,4.0,1537.0
7340,1768990500,20261001,GBPJPY,0.0,2.0,-2718.0
7343,1769074200,20261001,GBPJPY,4.0,4.0,357.0
7346,1769126430,20260628,AUDJPY,3.0,3.0,-693.0
7347,1769159700,20261001,GBPJPY,4.0,4.0,-899.0
7349,1769160600,20261000,USDJPY,3.0,4.0,-860.0
7353,1769161500,20261000,USDJPY,0.0,1.0,3208.0
7354,1769161500,20261001,GBPJPY,0.0,1.0,-10182.0
7359,1769472000,20260610,USDJPY,0.0,1.0,-500.0
7361,1769500800,20260610,USDJPY,0.0,1.0,1105.0
7362,1769510700,20261000,USDJPY,0.0,1.0,-782.0
7365,1769515200,20260610,USDJPY,0.0,1.0,1100.0
7367,1769544000,20260610,USDJPY,0.0,1.0,-532.0
7368,1769598900,20261001,GBPJPY,0.0,1.0,-5094.0
7371,1769679000,20261001,GBPJPY,1.0,2.0,-757.0
7373,1769772600,20261001,GBPJPY,1.0,2.0,-310.0
7375,1770199200,20261001,GBPJPY,1.0,2.0,-314.0
7376,1770205500,20261000,USDJPY,2.0,3.0,220.0
7377,1770206400,20260610,USDJPY,4.0,4.0,-490.0
7380,1770290100,20261001,GBPJPY,0.0,1.0,735.0
7381,1770292800,20260605,EURUSD,1.0,2.0,-392.0
7384,1770376500,20261001,GBPJPY,2.0,3.0,802.0
7386,1770595200,20260720,BTCUSD,0.0,0.0,-5188.0
7388,1770696000,20260610,USDJPY,1.0,2.0,1100.0
7390,1770753600,20260610,USDJPY,1.0,2.0,1070.0
7392,1770796800,20260610,USDJPY,1.0,2.0,-501.0
7394,1770825600,20260610,USDJPY,1.0,2.0,1100.0
7396,1770840000,20260610,USDJPY,1.0,2.0,-502.0
7398,1770854400,20260610,USDJPY,1.0,2.0,-505.0
7399,1770865200,20260605,EURUSD,2.0,3.0,-384.0
7402,1770975900,20261001,GBPJPY,1.0,2.0,-521.0
7403,1770979500,20261000,USDJPY,2.0,3.0,-1012.0
7406,1771233300,20261001,GBPJPY,1.0,2.0,107.0
7407,1771242300,20261000,USDJPY,2.0,3.0,-46.0
7410,1771319700,20261001,GBPJPY,0.0,1.0,-319.0
7413,1771407900,20261001,GBPJPY,1.0,2.0,518.0
7415,1771470000,20260605,EURUSD,0.0,1.0,-386.0
7416,1771574400,20260774,GBPUSD,1.0,2.0,-777.0
7417,1771584300,20261000,USDJPY,3.0,3.0,-710.0
7420,1771617600,20260640,GOLD,0.0,0.0,25422.0
7422,1771844400,20261001,GBPJPY,1.0,2.0,-921.0
7425,1771924500,20261000,USDJPY,1.0,2.0,35.0
7426,1771924500,20261001,GBPJPY,2.0,3.0,418.0
7429,1771992000,20260640,GOLD,0.0,1.0,32035.0
7430,1772013600,20261001,GBPJPY,1.0,2.0,1051.0
7431,1772017200,20261000,USDJPY,2.0,3.0,234.0
7434,1772078400,20260774,GBPUSD,1.0,2.0,-227.0
7436,1772092800,20260774,GBPUSD,0.0,1.0,1721.0
7437,1772101800,20261001,GBPJPY,1.0,2.0,544.0
7440,1772179200,20260628,AUDJPY,2.0,2.0,-1326.0
7443,1772420400,20260605,EURUSD,0.0,1.0,1655.0
7444,1772424000,20260640,GOLD,0.0,0.0,-15295.0
7445,1772442900,20261002,GOLD,0.0,1.0,-16751.0
7446,1772446500,20261000,USDJPY,1.0,2.0,-24.0
7450,1772529300,20261001,GBPJPY,0.0,1.0,-678.0
7452,1772537400,20261002,GOLD,0.0,1.0,32537.0
7453,1772538300,20261000,USDJPY,1.0,2.0,-192.0
7457,1772755200,20260610,USDJPY,1.0,2.0,1102.0
7459,1773049500,20261001,GBPJPY,1.0,2.0,548.0
7461,1773100800,20260720,BTCUSD,0.0,1.0,8309.0
7462,1773135900,20261000,USDJPY,1.0,2.0,-622.0
7463,1773137700,20261001,GBPJPY,0.0,1.0,-60.0
7465,1773158400,20260774,GBPUSD,0.0,0.0,1722.0
7467,1773302400,20260610,USDJPY,1.0,2.0,-501.0
7468,1773310500,20261001,GBPJPY,1.0,2.0,-249.0
7470,1773331200,20260610,USDJPY,0.0,1.0,-487.0
7473,1773393300,20261001,GBPJPY,0.0,1.0,739.0
7475,1773652500,20261001,GBPJPY,0.0,1.0,-676.0
7477,1773676800,20260628,AUDJPY,3.0,3.0,-789.0
7479,1773747900,20261001,GBPJPY,3.0,4.0,900.0
7481,1773827100,20261001,GBPJPY,0.0,2.0,-458.0
7483,1773911700,20261001,GBPJPY,0.0,2.0,-241.0
7484,1773912600,20261000,USDJPY,0.0,1.0,891.0
7485,1773913500,20261002,GOLD,0.0,1.0,30379.0
7490,1773957600,20260605,EURUSD,0.0,1.0,-408.0
7493,1773998100,20261001,GBPJPY,1.0,2.0,-92.0
7494,1774005300,20261000,USDJPY,2.0,3.0,727.0
7497,1774224000,20260720,BTCUSD,0.0,1.0,3661.0
7498,1774266300,20261001,GBPJPY,0.0,1.0,-5736.0
7500,1774296000,20260605,EURUSD,1.0,2.0,-411.0
7502,1774343700,20261001,GBPJPY,1.0,2.0,-684.0
7505,1774603800,20261000,USDJPY,1.0,2.0,165.0
7506,1774603800,20261001,GBPJPY,2.0,3.0,-520.0
7508,1774645200,20260605,EURUSD,1.0,2.0,-394.0
7510,1774863900,20261002,GOLD,0.0,0.0,-167.0
7511,1774865700,20261001,GBPJPY,0.0,1.0,1201.0
7514,1774915200,20260622,USDJPY,2.0,2.0,-2952.0
7516,1774980000,20260605,EURUSD,1.0,2.0,-399.0
7519,1774998000,20260605,EURUSD,0.0,1.0,-275.0
7520,1775037600,20261000,USDJPY,1.0,2.0,-569.0
7521,1775041200,20261001,GBPJPY,0.0,1.0,623.0
7525,1775109600,20260605,EURUSD,0.0,1.0,-104.0
7526,1775121300,20261001,GBPJPY,0.0,1.0,-670.0
7527,1775124900,20261000,USDJPY,1.0,2.0,6.0
7529,1775152800,20260605,EURUSD,0.0,1.0,-412.0
7532,1775208600,20261001,GBPJPY,1.0,2.0,-528.0
7535,1775469600,20261001,GBPJPY,1.0,2.0,363.0
7537,1775554200,20261001,GBPJPY,1.0,2.0,357.0
7538,1775584800,20260605,EURUSD,0.0,1.0,1663.0
7541,1775729700,20261001,GBPJPY,1.0,2.0,766.0
7542,1775734200,20261000,USDJPY,2.0,3.0,-96.0
7545,1776038400,20260720,BTCUSD,0.0,1.0,10677.0
7546,1776075300,20261001,GBPJPY,1.0,2.0,914.0
7548,1776182400,20260774,GBPUSD,1.0,2.0,-819.0
7549,1776255300,20261002,GOLD,0.0,1.0,103.0
7551,1776330900,20261001,GBPJPY,2.0,2.0,-303.0
7554,1776770100,20261002,GOLD,0.0,0.0,10277.0
7555,1776770100,20261000,USDJPY,1.0,2.0,176.0
7558,1776855600,20261001,GBPJPY,1.0,2.0,-377.0
7559,1776859200,20260628,AUDJPY,3.0,3.0,-458.0
7562,1776924000,20260605,EURUSD,0.0,1.0,-396.0
7563,1776951000,20261002,GOLD,1.0,2.0,-7465.0
7566,1776988800,20260720,BTCUSD,0.0,0.0,336.0
7567,1777030200,20261001,GBPJPY,1.0,2.0,332.0
7571,1777334400,20260720,BTCUSD,0.0,1.0,-2274.0
7572,1777363200,20260640,GOLD,0.0,0.0,19726.0
7573,1777369500,20261001,GBPJPY,0.0,1.0,-667.0
7574,1777379400,20261002,GOLD,0.0,1.0,4076.0
7579,1777536000,20260610,USDJPY,1.0,2.0,-502.0
7580,1777540500,20261001,GBPJPY,2.0,3.0,-410.0
7581,1777543200,20261002,GOLD,0.0,0.0,2768.0
7584,1777548600,20261000,USDJPY,1.0,2.0,2950.0
7585,1777548600,20261001,GBPJPY,0.0,1.0,5244.0
7588,1777564800,20260610,USDJPY,1.0,2.0,-536.0
7589,1777579200,20260640,GOLD,0.0,0.0,-13325.0
7592,1777629600,20261000,USDJPY,0.0,0.0,-2144.0
7593,1777629600,20261001,GBPJPY,0.0,1.0,-6108.0
7596,1777867200,20260605,EURUSD,0.0,1.0,-405.0
7597,1777887900,20261002,GOLD,0.0,1.0,12027.0
7599,1777903200,20260605,EURUSD,2.0,3.0,-181.0
7601,1777914000,20260605,EURUSD,0.0,1.0,-394.0
7604,1778011200,20260605,EURUSD,1.0,2.0,-391.0
7605,1778025600,20260720,BTCUSD,0.0,1.0,-1730.0
7608,1778205600,20260605,EURUSD,1.0,2.0,-430.0
7609,1778231700,20261001,GBPJPY,1.0,2.0,446.0
7612,1778497200,20261001,GBPJPY,1.0,2.0,541.0
7614,1778578200,20261002,GOLD,0.0,0.0,3815.0
7615,1778583600,20260629,EURUSD,0.0,1.0,2282.0
7616,1778583600,20260629,EURUSD,0.0,1.0,-1551.0
7619,1778680800,20260605,EURUSD,0.0,1.0,1684.0
7620,1778837400,20261001,GBPJPY,0.0,1.0,52.0
7622,1779095700,20261001,GBPJPY,1.0,2.0,1555.0
7623,1779115500,20261002,GOLD,0.0,0.0,-2002.0
7626,1779206400,20260610,USDJPY,2.0,2.0,1138.0
7628,1779359400,20261002,GOLD,1.0,2.0,-1120.0
7632,1779704100,20261001,GBPJPY,2.0,3.0,253.0
7634,1779799500,20261002,GOLD,1.0,2.0,1231.0
7636,1779874200,20261002,GOLD,1.0,2.0,12616.0
7638,1779915600,20260605,EURUSD,0.0,1.0,-123.0
7640,1779926400,20260605,EURUSD,1.0,2.0,-233.0
7641,1779969600,20260774,GBPUSD,2.0,3.0,-796.0
7643,1779984000,20260605,EURUSD,0.0,1.0,-425.0
7645,1780305300,20261001,GBPJPY,2.0,3.0,-494.0
7648,1780391700,20261001,GBPJPY,2.0,3.0,144.0
7649,1780394400,20261002,GOLD,0.0,0.0,-7094.0
7651,1780434000,20260605,EURUSD,1.0,2.0,-390.0
7653,1780483500,20261000,USDJPY,0.0,1.0,-662.0
7655,1780583400,20261002,GOLD,0.0,1.0,-1171.0
7657,1780585200,20260605,EURUSD,0.0,1.0,-210.0
7659,1780596000,20260605,EURUSD,0.0,1.0,1684.0
7663,1780996500,20261001,GBPJPY,1.0,2.0,586.0
7665,1781082900,20261001,GBPJPY,1.0,2.0,-72.0
7666,1781090100,20261002,GOLD,0.0,1.0,7064.0
7669,1781173800,20261001,GBPJPY,1.0,2.0,-613.0
7671,1781481630,20260720,BTCUSD,0.0,1.0,-1867.0
7672,1781553600,20260605,EURUSD,1.0,2.0,-413.0
7674,1781694000,20261000,USDJPY,1.0,2.0,-258.0
7675,1781712000,20260605,EURUSD,2.0,3.0,-401.0
7678,1781733600,20260605,EURUSD,0.0,1.0,1695.0
7679,1781775000,20261001,GBPJPY,1.0,2.0,-875.0
7681,1781783100,20261001,GBPJPY,0.0,1.0,-2226.0
7682,1781792100,20261002,GOLD,0.0,1.0,8720.0
7683,1781794800,20260629,EURUSD,2.0,2.0,0.0
7684,1781794800,20260629,EURUSD,0.0,1.0,0.0
7689,1781868600,20261001,GBPJPY,1.0,2.0,894.0
