2026-08-17T22:21:02+00:00 DRIVER_START pid=38116 stage=all targets=560
2026-08-17T22:21:02+00:00 SKIP_EXISTING [1/560] id=GDD01_01 window=IS
2026-08-17T22:21:02+00:00 SKIP_EXISTING [1/560] id=GDD01_01 window=OOS
2026-08-17T22:21:02+00:00 GATE_SKIP id=GDD01_01 window=XM5 reason=OOS_NOT_STRICT
2026-08-17T22:21:02+00:00 SKIP_EXISTING [2/560] id=GDD01_02 window=IS
2026-08-17T22:21:02+00:00 SKIP_EXISTING [2/560] id=GDD01_02 window=OOS
2026-08-17T22:21:02+00:00 GATE_SKIP id=GDD01_02 window=XM5 reason=OOS_NOT_STRICT
2026-08-17T22:21:02+00:00 SKIP_EXISTING [3/560] id=GDD01_03 window=IS
2026-08-17T22:21:02+00:00 SKIP_EXISTING [3/560] id=GDD01_03 window=OOS
2026-08-17T22:21:02+00:00 GATE_SKIP id=GDD01_03 window=XM5 reason=OOS_NOT_STRICT
2026-08-17T22:21:02+00:00 SKIP_EXISTING [4/560] id=GDD01_04 window=IS
2026-08-17T22:21:02+00:00 SKIP_EXISTING [4/560] id=GDD01_04 window=OOS
2026-08-17T22:21:02+00:00 GATE_SKIP id=GDD01_04 window=XM5 reason=OOS_NOT_STRICT
2026-08-17T22:21:02+00:00 SKIP_EXISTING [5/560] id=GDD01_05 window=IS
2026-08-17T22:21:02+00:00 SKIP_EXISTING [5/560] id=GDD01_05 window=OOS
2026-08-17T22:21:02+00:00 GATE_SKIP id=GDD01_05 window=XM5 reason=OOS_NOT_STRICT
2026-08-17T22:21:02+00:00 SKIP_EXISTING [6/560] id=GDD01_06 window=IS
2026-08-17T22:21:02+00:00 SKIP_EXISTING [6/560] id=GDD01_06 window=OOS
2026-08-17T22:21:02+00:00 GATE_SKIP id=GDD01_06 window=XM5 reason=OOS_NOT_STRICT
2026-08-17T22:21:02+00:00 SKIP_EXISTING [7/560] id=GDD01_07 window=IS
2026-08-17T22:21:02+00:00 SKIP_EXISTING [7/560] id=GDD01_07 window=OOS
2026-08-17T22:21:02+00:00 GATE_SKIP id=GDD01_07 window=XM5 reason=OOS_NOT_STRICT
2026-08-17T22:21:02+00:00 SKIP_EXISTING [8/560] id=GDD01_08 window=IS
2026-08-17T22:21:02+00:00 SKIP_EXISTING [8/560] id=GDD01_08 window=OOS
2026-08-17T22:21:02+00:00 GATE_SKIP id=GDD01_08 window=XM5 reason=OOS_NOT_STRICT
2026-08-17T22:21:02+00:00 SKIP_EXISTING [9/560] id=GDD01_09 window=IS
2026-08-17T22:21:02+00:00 SKIP_EXISTING [9/560] id=GDD01_09 window=OOS
2026-08-17T22:21:02+00:00 GATE_SKIP id=GDD01_09 window=XM5 reason=OOS_NOT_STRICT
2026-08-17T22:21:02+00:00 SKIP_EXISTING [10/560] id=GDD01_10 window=IS
2026-08-17T22:21:02+00:00 SKIP_EXISTING [10/560] id=GDD01_10 window=OOS
2026-08-17T22:21:02+00:00 GATE_SKIP id=GDD01_10 window=XM5 reason=OOS_NOT_STRICT
2026-08-17T22:21:02+00:00 SKIP_EXISTING [11/560] id=GDD01_11 window=IS
2026-08-17T22:21:02+00:00 SKIP_EXISTING [11/560] id=GDD01_11 window=OOS
2026-08-17T22:21:02+00:00 GATE_SKIP id=GDD01_11 window=XM5 reason=OOS_NOT_STRICT
2026-08-17T22:21:02+00:00 SKIP_EXISTING [12/560] id=GDD01_12 window=IS
2026-08-17T22:21:02+00:00 SKIP_EXISTING [12/560] id=GDD01_12 window=OOS
2026-08-17T22:21:02+00:00 GATE_SKIP id=GDD01_12 window=XM5 reason=OOS_NOT_STRICT
2026-08-17T22:21:02+00:00 SKIP_EXISTING [13/560] id=GDD01_13 window=IS
2026-08-17T22:21:02+00:00 SKIP_EXISTING [13/560] id=GDD01_13 window=OOS
2026-08-17T22:21:02+00:00 GATE_SKIP id=GDD01_13 window=XM5 reason=OOS_NOT_STRICT
2026-08-17T22:21:02+00:00 SKIP_EXISTING [14/560] id=GDD01_14 window=IS
2026-08-17T22:21:02+00:00 SKIP_EXISTING [14/560] id=GDD01_14 window=OOS
2026-08-17T22:21:02+00:00 GATE_SKIP id=GDD01_14 window=XM5 reason=OOS_NOT_STRICT
2026-08-17T22:21:02+00:00 SKIP_EXISTING [15/560] id=GDD01_15 window=IS
2026-08-17T22:21:02+00:00 SKIP_EXISTING [15/560] id=GDD01_15 window=OOS
2026-08-17T22:21:02+00:00 GATE_SKIP id=GDD01_15 window=XM5 reason=OOS_NOT_STRICT
2026-08-17T22:21:02+00:00 SKIP_EXISTING [16/560] id=GDD01_16 window=IS
2026-08-17T22:21:02+00:00 SKIP_EXISTING [16/560] id=GDD01_16 window=OOS
2026-08-17T22:21:02+00:00 GATE_SKIP id=GDD01_16 window=XM5 reason=OOS_NOT_STRICT
2026-08-17T22:21:02+00:00 SKIP_EXISTING [17/560] id=GDD01_17 window=IS
2026-08-17T22:21:02+00:00 SKIP_EXISTING [17/560] id=GDD01_17 window=OOS
2026-08-17T22:21:02+00:00 GATE_SKIP id=GDD01_17 window=XM5 reason=OOS_NOT_STRICT
2026-08-17T22:21:02+00:00 SKIP_EXISTING [18/560] id=GDD01_18 window=IS
2026-08-17T22:21:02+00:00 GATE_SKIP id=GDD01_18 window=OOS reason=IS_NOT_SURVIVOR
2026-08-17T22:21:02+00:00 GATE_SKIP id=GDD01_18 window=XM5 reason=OOS_NOT_STRICT
2026-08-17T22:21:02+00:00 SKIP_EXISTING [19/560] id=GDD01_19 window=IS
2026-08-17T22:21:02+00:00 GATE_SKIP id=GDD01_19 window=OOS reason=IS_NOT_SURVIVOR
2026-08-17T22:21:02+00:00 GATE_SKIP id=GDD01_19 window=XM5 reason=OOS_NOT_STRICT
2026-08-17T22:21:02+00:00 SKIP_EXISTING [20/560] id=GDD01_20 window=IS
2026-08-17T22:21:02+00:00 GATE_SKIP id=GDD01_20 window=OOS reason=IS_NOT_SURVIVOR
2026-08-17T22:21:02+00:00 GATE_SKIP id=GDD01_20 window=XM5 reason=OOS_NOT_STRICT
2026-08-17T22:21:02+00:00 SKIP_EXISTING [21/560] id=GDD02_01 window=IS
2026-08-17T22:21:02+00:00 GATE_SKIP id=GDD02_01 window=OOS reason=IS_NOT_SURVIVOR
2026-08-17T22:21:02+00:00 GATE_SKIP id=GDD02_01 window=XM5 reason=OOS_NOT_STRICT
2026-08-17T22:21:02+00:00 SKIP_EXISTING [22/560] id=GDD02_02 window=IS
2026-08-17T22:21:02+00:00 GATE_SKIP id=GDD02_02 window=OOS reason=IS_NOT_SURVIVOR
2026-08-17T22:21:02+00:00 GATE_SKIP id=GDD02_02 window=XM5 reason=OOS_NOT_STRICT
2026-08-17T22:21:02+00:00 SKIP_EXISTING [23/560] id=GDD02_03 window=IS
2026-08-17T22:21:02+00:00 GATE_SKIP id=GDD02_03 window=OOS reason=IS_NOT_SURVIVOR
2026-08-17T22:21:02+00:00 GATE_SKIP id=GDD02_03 window=XM5 reason=OOS_NOT_STRICT
2026-08-17T22:21:02+00:00 SKIP_EXISTING [24/560] id=GDD02_04 window=IS
2026-08-17T22:21:02+00:00 GATE_SKIP id=GDD02_04 window=OOS reason=IS_NOT_SURVIVOR
2026-08-17T22:21:02+00:00 GATE_SKIP id=GDD02_04 window=XM5 reason=OOS_NOT_STRICT
2026-08-17T22:21:02+00:00 SKIP_EXISTING [25/560] id=GDD02_05 window=IS
2026-08-17T22:21:02+00:00 GATE_SKIP id=GDD02_05 window=OOS reason=IS_NOT_SURVIVOR
2026-08-17T22:21:02+00:00 GATE_SKIP id=GDD02_05 window=XM5 reason=OOS_NOT_STRICT
2026-08-17T22:21:02+00:00 SKIP_EXISTING [26/560] id=GDD02_06 window=IS
2026-08-17T22:21:02+00:00 GATE_SKIP id=GDD02_06 window=OOS reason=IS_NOT_SURVIVOR
2026-08-17T22:21:02+00:00 GATE_SKIP id=GDD02_06 window=XM5 reason=OOS_NOT_STRICT
2026-08-17T22:21:02+00:00 SKIP_EXISTING [27/560] id=GDD02_07 window=IS
2026-08-17T22:21:02+00:00 SKIP_EXISTING [27/560] id=GDD02_07 window=OOS
2026-08-17T22:21:02+00:00 GATE_SKIP id=GDD02_07 window=XM5 reason=OOS_NOT_STRICT
2026-08-17T22:21:02+00:00 SKIP_EXISTING [28/560] id=GDD02_08 window=IS
2026-08-17T22:21:02+00:00 SKIP_EXISTING [28/560] id=GDD02_08 window=OOS
2026-08-17T22:21:02+00:00 GATE_SKIP id=GDD02_08 window=XM5 reason=OOS_NOT_STRICT
2026-08-17T22:21:02+00:00 SKIP_EXISTING [29/560] id=GDD02_09 window=IS
2026-08-17T22:21:02+00:00 GATE_SKIP id=GDD02_09 window=OOS reason=IS_NOT_SURVIVOR
2026-08-17T22:21:02+00:00 GATE_SKIP id=GDD02_09 window=XM5 reason=OOS_NOT_STRICT
2026-08-17T22:21:02+00:00 SKIP_EXISTING [30/560] id=GDD02_10 window=IS
2026-08-17T22:21:02+00:00 GATE_SKIP id=GDD02_10 window=OOS reason=IS_NOT_SURVIVOR
2026-08-17T22:21:02+00:00 GATE_SKIP id=GDD02_10 window=XM5 reason=OOS_NOT_STRICT
2026-08-17T22:21:02+00:00 SKIP_EXISTING [31/560] id=GDD02_11 window=IS
2026-08-17T22:21:02+00:00 SKIP_EXISTING [31/560] id=GDD02_11 window=OOS
2026-08-17T22:21:02+00:00 GATE_SKIP id=GDD02_11 window=XM5 reason=OOS_NOT_STRICT
2026-08-17T22:21:02+00:00 SKIP_EXISTING [32/560] id=GDD02_12 window=IS
2026-08-17T22:21:02+00:00 SKIP_EXISTING [32/560] id=GDD02_12 window=OOS
2026-08-17T22:21:02+00:00 GATE_SKIP id=GDD02_12 window=XM5 reason=OOS_NOT_STRICT
2026-08-17T22:21:02+00:00 SKIP_EXISTING [33/560] id=GDD02_13 window=IS
2026-08-17T22:21:02+00:00 SKIP_EXISTING [33/560] id=GDD02_13 window=OOS
2026-08-17T22:21:02+00:00 GATE_SKIP id=GDD02_13 window=XM5 reason=OOS_NOT_STRICT
2026-08-17T22:21:02+00:00 SKIP_EXISTING [34/560] id=GDD02_14 window=IS
2026-08-17T22:21:02+00:00 SKIP_EXISTING [34/560] id=GDD02_14 window=OOS
2026-08-17T22:21:02+00:00 GATE_SKIP id=GDD02_14 window=XM5 reason=OOS_NOT_STRICT
2026-08-17T22:21:02+00:00 SKIP_EXISTING [35/560] id=GDD02_15 window=IS
2026-08-17T22:21:02+00:00 GATE_SKIP id=GDD02_15 window=OOS reason=IS_NOT_SURVIVOR
2026-08-17T22:21:02+00:00 GATE_SKIP id=GDD02_15 window=XM5 reason=OOS_NOT_STRICT
2026-08-17T22:21:02+00:00 SKIP_EXISTING [36/560] id=GDD02_16 window=IS
2026-08-17T22:21:02+00:00 GATE_SKIP id=GDD02_16 window=OOS reason=IS_NOT_SURVIVOR
2026-08-17T22:21:02+00:00 GATE_SKIP id=GDD02_16 window=XM5 reason=OOS_NOT_STRICT
2026-08-17T22:21:02+00:00 SKIP_EXISTING [37/560] id=GDD02_17 window=IS
2026-08-17T22:21:02+00:00 GATE_SKIP id=GDD02_17 window=OOS reason=IS_NOT_SURVIVOR
2026-08-17T22:21:02+00:00 GATE_SKIP id=GDD02_17 window=XM5 reason=OOS_NOT_STRICT
2026-08-17T22:21:02+00:00 SKIP_EXISTING [38/560] id=GDD02_18 window=IS
2026-08-17T22:21:02+00:00 SKIP_EXISTING [38/560] id=GDD02_18 window=OOS
2026-08-17T22:21:02+00:00 GATE_SKIP id=GDD02_18 window=XM5 reason=OOS_NOT_STRICT
2026-08-17T22:21:02+00:00 SKIP_EXISTING [39/560] id=GDD02_19 window=IS
2026-08-17T22:21:02+00:00 SKIP_EXISTING [39/560] id=GDD02_19 window=OOS
2026-08-17T22:21:02+00:00 GATE_SKIP id=GDD02_19 window=XM5 reason=OOS_NOT_STRICT
2026-08-17T22:21:02+00:00 SKIP_EXISTING [40/560] id=GDD02_20 window=IS
2026-08-17T22:21:02+00:00 SKIP_EXISTING [40/560] id=GDD02_20 window=OOS
2026-08-17T22:21:02+00:00 GATE_SKIP id=GDD02_20 window=XM5 reason=OOS_NOT_STRICT
2026-08-17T22:21:02+00:00 SKIP_EXISTING [41/560] id=GDD03_01 window=IS
2026-08-17T22:21:02+00:00 SKIP_EXISTING [41/560] id=GDD03_01 window=OOS
2026-08-17T22:21:02+00:00 GATE_SKIP id=GDD03_01 window=XM5 reason=OOS_NOT_STRICT
2026-08-17T22:21:02+00:00 SKIP_EXISTING [42/560] id=GDD03_02 window=IS
2026-08-17T22:21:02+00:00 SKIP_EXISTING [42/560] id=GDD03_02 window=OOS
2026-08-17T22:21:02+00:00 GATE_SKIP id=GDD03_02 window=XM5 reason=OOS_NOT_STRICT
2026-08-17T22:21:02+00:00 SKIP_EXISTING [43/560] id=GDD03_03 window=IS
2026-08-17T22:21:02+00:00 SKIP_EXISTING [43/560] id=GDD03_03 window=OOS
2026-08-17T22:21:02+00:00 GATE_SKIP id=GDD03_03 window=XM5 reason=OOS_NOT_STRICT
2026-08-17T22:21:02+00:00 SKIP_EXISTING [44/560] id=GDD03_04 window=IS
2026-08-17T22:21:02+00:00 SKIP_EXISTING [44/560] id=GDD03_04 window=OOS
2026-08-17T22:21:02+00:00 GATE_SKIP id=GDD03_04 window=XM5 reason=OOS_NOT_STRICT
2026-08-17T22:21:02+00:00 SKIP_EXISTING [45/560] id=GDD03_05 window=IS
2026-08-17T22:21:02+00:00 SKIP_EXISTING [45/560] id=GDD03_05 window=OOS
2026-08-17T22:21:02+00:00 GATE_SKIP id=GDD03_05 window=XM5 reason=OOS_NOT_STRICT
2026-08-17T22:21:02+00:00 SKIP_EXISTING [46/560] id=GDD03_06 window=IS
2026-08-17T22:21:02+00:00 SKIP_EXISTING [46/560] id=GDD03_06 window=OOS
2026-08-17T22:21:02+00:00 GATE_SKIP id=GDD03_06 window=XM5 reason=OOS_NOT_STRICT
2026-08-17T22:21:02+00:00 SKIP_EXISTING [47/560] id=GDD03_07 window=IS
2026-08-17T22:21:02+00:00 SKIP_EXISTING [47/560] id=GDD03_07 window=OOS
2026-08-17T22:21:02+00:00 GATE_SKIP id=GDD03_07 window=XM5 reason=OOS_NOT_STRICT
2026-08-17T22:21:02+00:00 SKIP_EXISTING [48/560] id=GDD03_08 window=IS
2026-08-17T22:21:02+00:00 SKIP_EXISTING [48/560] id=GDD03_08 window=OOS
2026-08-17T22:21:02+00:00 GATE_SKIP id=GDD03_08 window=XM5 reason=OOS_NOT_STRICT
2026-08-17T22:21:02+00:00 SKIP_EXISTING [49/560] id=GDD03_09 window=IS
2026-08-17T22:21:02+00:00 SKIP_EXISTING [49/560] id=GDD03_09 window=OOS
2026-08-17T22:21:02+00:00 GATE_SKIP id=GDD03_09 window=XM5 reason=OOS_NOT_STRICT
2026-08-17T22:21:02+00:00 SKIP_EXISTING [50/560] id=GDD03_10 window=IS
2026-08-17T22:21:02+00:00 SKIP_EXISTING [50/560] id=GDD03_10 window=OOS
2026-08-17T22:21:02+00:00 GATE_SKIP id=GDD03_10 window=XM5 reason=OOS_NOT_STRICT
2026-08-17T22:21:02+00:00 SKIP_EXISTING [51/560] id=GDD03_11 window=IS
2026-08-17T22:21:02+00:00 SKIP_EXISTING [51/560] id=GDD03_11 window=OOS
2026-08-17T22:21:02+00:00 GATE_SKIP id=GDD03_11 window=XM5 reason=OOS_NOT_STRICT
2026-08-17T22:21:02+00:00 SKIP_EXISTING [52/560] id=GDD03_12 window=IS
2026-08-17T22:21:02+00:00 SKIP_EXISTING [52/560] id=GDD03_12 window=OOS
2026-08-17T22:21:02+00:00 GATE_SKIP id=GDD03_12 window=XM5 reason=OOS_NOT_STRICT
2026-08-17T22:21:02+00:00 SKIP_EXISTING [53/560] id=GDD03_13 window=IS
2026-08-17T22:21:02+00:00 SKIP_EXISTING [53/560] id=GDD03_13 window=OOS
2026-08-17T22:21:02+00:00 GATE_SKIP id=GDD03_13 window=XM5 reason=OOS_NOT_STRICT
2026-08-17T22:21:02+00:00 SKIP_EXISTING [54/560] id=GDD03_14 window=IS
2026-08-17T22:21:02+00:00 SKIP_EXISTING [54/560] id=GDD03_14 window=OOS
2026-08-17T22:21:02+00:00 GATE_SKIP id=GDD03_14 window=XM5 reason=OOS_NOT_STRICT
2026-08-17T22:21:02+00:00 SKIP_EXISTING [55/560] id=GDD03_15 window=IS
2026-08-17T22:21:02+00:00 SKIP_EXISTING [55/560] id=GDD03_15 window=OOS
2026-08-17T22:21:02+00:00 GATE_SKIP id=GDD03_15 window=XM5 reason=OOS_NOT_STRICT
2026-08-17T22:21:02+00:00 SKIP_EXISTING [56/560] id=GDD03_16 window=IS
2026-08-17T22:21:02+00:00 SKIP_EXISTING [56/560] id=GDD03_16 window=OOS
2026-08-17T22:21:02+00:00 GATE_SKIP id=GDD03_16 window=XM5 reason=OOS_NOT_STRICT
2026-08-17T22:21:02+00:00 SKIP_EXISTING [57/560] id=GDD03_17 window=IS
2026-08-17T22:21:02+00:00 SKIP_EXISTING [57/560] id=GDD03_17 window=OOS
2026-08-17T22:21:02+00:00 GATE_SKIP id=GDD03_17 window=XM5 reason=OOS_NOT_STRICT
2026-08-17T22:21:02+00:00 SKIP_EXISTING [58/560] id=GDD03_18 window=IS
2026-08-17T22:21:02+00:00 SKIP_EXISTING [58/560] id=GDD03_18 window=OOS
2026-08-17T22:21:02+00:00 GATE_SKIP id=GDD03_18 window=XM5 reason=OOS_NOT_STRICT
2026-08-17T22:21:02+00:00 SKIP_EXISTING [59/560] id=GDD03_19 window=IS
2026-08-17T22:21:02+00:00 SKIP_EXISTING [59/560] id=GDD03_19 window=OOS
2026-08-17T22:21:02+00:00 GATE_SKIP id=GDD03_19 window=XM5 reason=OOS_NOT_STRICT
2026-08-17T22:21:02+00:00 SKIP_EXISTING [60/560] id=GDD03_20 window=IS
2026-08-17T22:21:02+00:00 SKIP_EXISTING [60/560] id=GDD03_20 window=OOS
2026-08-17T22:21:02+00:00 GATE_SKIP id=GDD03_20 window=XM5 reason=OOS_NOT_STRICT
2026-08-17T22:21:02+00:00 SKIP_EXISTING [61/560] id=GDD04_01 window=IS
2026-08-17T22:21:02+00:00 SKIP_EXISTING [61/560] id=GDD04_01 window=OOS
2026-08-17T22:21:02+00:00 GATE_SKIP id=GDD04_01 window=XM5 reason=OOS_NOT_STRICT
2026-08-17T22:21:02+00:00 SKIP_EXISTING [62/560] id=GDD04_02 window=IS
2026-08-17T22:21:02+00:00 SKIP_EXISTING [62/560] id=GDD04_02 window=OOS
2026-08-17T22:21:02+00:00 GATE_SKIP id=GDD04_02 window=XM5 reason=OOS_NOT_STRICT
2026-08-17T22:21:02+00:00 SKIP_EXISTING [63/560] id=GDD04_03 window=IS
2026-08-17T22:21:02+00:00 SKIP_EXISTING [63/560] id=GDD04_03 window=OOS
2026-08-17T22:21:02+00:00 GATE_SKIP id=GDD04_03 window=XM5 reason=OOS_NOT_STRICT
2026-08-17T22:21:02+00:00 SKIP_EXISTING [64/560] id=GDD04_04 window=IS
2026-08-17T22:21:02+00:00 SKIP_EXISTING [64/560] id=GDD04_04 window=OOS
2026-08-17T22:21:02+00:00 GATE_SKIP id=GDD04_04 window=XM5 reason=OOS_NOT_STRICT
2026-08-17T22:21:02+00:00 SKIP_EXISTING [65/560] id=GDD04_05 window=IS
2026-08-17T22:21:02+00:00 SKIP_EXISTING [65/560] id=GDD04_05 window=OOS
2026-08-17T22:21:02+00:00 GATE_SKIP id=GDD04_05 window=XM5 reason=OOS_NOT_STRICT
2026-08-17T22:21:02+00:00 SKIP_EXISTING [66/560] id=GDD04_06 window=IS
2026-08-17T22:21:02+00:00 SKIP_EXISTING [66/560] id=GDD04_06 window=OOS
2026-08-17T22:21:02+00:00 GATE_SKIP id=GDD04_06 window=XM5 reason=OOS_NOT_STRICT
2026-08-17T22:21:02+00:00 SKIP_EXISTING [67/560] id=GDD04_07 window=IS
2026-08-17T22:21:02+00:00 SKIP_EXISTING [67/560] id=GDD04_07 window=OOS
2026-08-17T22:21:02+00:00 GATE_SKIP id=GDD04_07 window=XM5 reason=OOS_NOT_STRICT
2026-08-17T22:21:02+00:00 SKIP_EXISTING [68/560] id=GDD04_08 window=IS
2026-08-17T22:21:02+00:00 SKIP_EXISTING [68/560] id=GDD04_08 window=OOS
2026-08-17T22:21:02+00:00 GATE_SKIP id=GDD04_08 window=XM5 reason=OOS_NOT_STRICT
2026-08-17T22:21:02+00:00 SKIP_EXISTING [69/560] id=GDD04_09 window=IS
2026-08-17T22:21:02+00:00 SKIP_EXISTING [69/560] id=GDD04_09 window=OOS
2026-08-17T22:21:02+00:00 GATE_SKIP id=GDD04_09 window=XM5 reason=OOS_NOT_STRICT
2026-08-17T22:21:02+00:00 SKIP_EXISTING [70/560] id=GDD04_10 window=IS
2026-08-17T22:21:02+00:00 SKIP_EXISTING [70/560] id=GDD04_10 window=OOS
2026-08-17T22:21:02+00:00 GATE_SKIP id=GDD04_10 window=XM5 reason=OOS_NOT_STRICT
2026-08-17T22:21:02+00:00 SKIP_EXISTING [71/560] id=GDD04_11 window=IS
2026-08-17T22:21:02+00:00 SKIP_EXISTING [71/560] id=GDD04_11 window=OOS
2026-08-17T22:21:02+00:00 GATE_SKIP id=GDD04_11 window=XM5 reason=OOS_NOT_STRICT
2026-08-17T22:21:02+00:00 SKIP_EXISTING [72/560] id=GDD04_12 window=IS
2026-08-17T22:21:02+00:00 SKIP_EXISTING [72/560] id=GDD04_12 window=OOS
2026-08-17T22:21:02+00:00 GATE_SKIP id=GDD04_12 window=XM5 reason=OOS_NOT_STRICT
2026-08-17T22:21:02+00:00 SKIP_EXISTING [73/560] id=GDD04_13 window=IS
2026-08-17T22:21:02+00:00 SKIP_EXISTING [73/560] id=GDD04_13 window=OOS
2026-08-17T22:21:02+00:00 GATE_SKIP id=GDD04_13 window=XM5 reason=OOS_NOT_STRICT
2026-08-17T22:21:02+00:00 SKIP_EXISTING [74/560] id=GDD04_14 window=IS
2026-08-17T22:21:02+00:00 SKIP_EXISTING [74/560] id=GDD04_14 window=OOS
2026-08-17T22:21:02+00:00 GATE_SKIP id=GDD04_14 window=XM5 reason=OOS_NOT_STRICT
2026-08-17T22:21:02+00:00 SKIP_EXISTING [75/560] id=GDD04_15 window=IS
2026-08-17T22:21:02+00:00 SKIP_EXISTING [75/560] id=GDD04_15 window=OOS
2026-08-17T22:21:02+00:00 GATE_SKIP id=GDD04_15 window=XM5 reason=OOS_NOT_STRICT
2026-08-17T22:21:02+00:00 SKIP_EXISTING [76/560] id=GDD04_16 window=IS
2026-08-17T22:21:02+00:00 SKIP_EXISTING [76/560] id=GDD04_16 window=OOS
2026-08-17T22:21:02+00:00 GATE_SKIP id=GDD04_16 window=XM5 reason=OOS_NOT_STRICT
2026-08-17T22:21:02+00:00 SKIP_EXISTING [77/560] id=GDD04_17 window=IS
2026-08-17T22:21:02+00:00 SKIP_EXISTING [77/560] id=GDD04_17 window=OOS
2026-08-17T22:21:02+00:00 GATE_SKIP id=GDD04_17 window=XM5 reason=OOS_NOT_STRICT
2026-08-17T22:21:02+00:00 SKIP_EXISTING [78/560] id=GDD04_18 window=IS
2026-08-17T22:21:02+00:00 GATE_SKIP id=GDD04_18 window=OOS reason=IS_NOT_SURVIVOR
2026-08-17T22:21:02+00:00 GATE_SKIP id=GDD04_18 window=XM5 reason=OOS_NOT_STRICT
2026-08-17T22:21:02+00:00 SKIP_EXISTING [79/560] id=GDD04_19 window=IS
2026-08-17T22:21:02+00:00 GATE_SKIP id=GDD04_19 window=OOS reason=IS_NOT_SURVIVOR
2026-08-17T22:21:02+00:00 GATE_SKIP id=GDD04_19 window=XM5 reason=OOS_NOT_STRICT
2026-08-17T22:21:02+00:00 SKIP_EXISTING [80/560] id=GDD04_20 window=IS
2026-08-17T22:21:02+00:00 GATE_SKIP id=GDD04_20 window=OOS reason=IS_NOT_SURVIVOR
2026-08-17T22:21:02+00:00 GATE_SKIP id=GDD04_20 window=XM5 reason=OOS_NOT_STRICT
2026-08-17T22:21:02+00:00 SKIP_EXISTING [81/560] id=GDD05_01 window=IS
2026-08-17T22:21:02+00:00 SKIP_EXISTING [81/560] id=GDD05_01 window=OOS
2026-08-17T22:21:02+00:00 GATE_SKIP id=GDD05_01 window=XM5 reason=OOS_NOT_STRICT
2026-08-17T22:21:02+00:00 SKIP_EXISTING [82/560] id=GDD05_02 window=IS
2026-08-17T22:21:02+00:00 SKIP_EXISTING [82/560] id=GDD05_02 window=OOS
2026-08-17T22:21:02+00:00 GATE_SKIP id=GDD05_02 window=XM5 reason=OOS_NOT_STRICT
2026-08-17T22:21:02+00:00 SKIP_EXISTING [83/560] id=GDD05_03 window=IS
2026-08-17T22:21:02+00:00 SKIP_EXISTING [83/560] id=GDD05_03 window=OOS
2026-08-17T22:21:02+00:00 GATE_SKIP id=GDD05_03 window=XM5 reason=OOS_NOT_STRICT
2026-08-17T22:21:02+00:00 SKIP_EXISTING [84/560] id=GDD05_04 window=IS
2026-08-17T22:21:02+00:00 SKIP_EXISTING [84/560] id=GDD05_04 window=OOS
2026-08-17T22:21:02+00:00 GATE_SKIP id=GDD05_04 window=XM5 reason=OOS_NOT_STRICT
2026-08-17T22:21:02+00:00 SKIP_EXISTING [85/560] id=GDD05_05 window=IS
2026-08-17T22:21:02+00:00 SKIP_EXISTING [85/560] id=GDD05_05 window=OOS
2026-08-17T22:21:02+00:00 GATE_SKIP id=GDD05_05 window=XM5 reason=OOS_NOT_STRICT
2026-08-17T22:21:02+00:00 SKIP_EXISTING [86/560] id=GDD05_06 window=IS
2026-08-17T22:21:02+00:00 SKIP_EXISTING [86/560] id=GDD05_06 window=OOS
2026-08-17T22:21:02+00:00 GATE_SKIP id=GDD05_06 window=XM5 reason=OOS_NOT_STRICT
2026-08-17T22:21:02+00:00 SKIP_EXISTING [87/560] id=GDD05_07 window=IS
2026-08-17T22:21:02+00:00 GATE_SKIP id=GDD05_07 window=OOS reason=IS_NOT_SURVIVOR
2026-08-17T22:21:02+00:00 GATE_SKIP id=GDD05_07 window=XM5 reason=OOS_NOT_STRICT
2026-08-17T22:21:02+00:00 SKIP_EXISTING [88/560] id=GDD05_08 window=IS
2026-08-17T22:21:02+00:00 SKIP_EXISTING [88/560] id=GDD05_08 window=OOS
2026-08-17T22:21:02+00:00 GATE_SKIP id=GDD05_08 window=XM5 reason=OOS_NOT_STRICT
2026-08-17T22:21:02+00:00 SKIP_EXISTING [89/560] id=GDD05_09 window=IS
2026-08-17T22:21:02+00:00 SKIP_EXISTING [89/560] id=GDD05_09 window=OOS
2026-08-17T22:21:02+00:00 GATE_SKIP id=GDD05_09 window=XM5 reason=OOS_NOT_STRICT
2026-08-17T22:21:02+00:00 SKIP_EXISTING [90/560] id=GDD05_10 window=IS
2026-08-17T22:21:02+00:00 GATE_SKIP id=GDD05_10 window=OOS reason=IS_NOT_SURVIVOR
2026-08-17T22:21:02+00:00 GATE_SKIP id=GDD05_10 window=XM5 reason=OOS_NOT_STRICT
2026-08-17T22:21:02+00:00 SKIP_EXISTING [91/560] id=GDD05_11 window=IS
2026-08-17T22:21:02+00:00 SKIP_EXISTING [91/560] id=GDD05_11 window=OOS
2026-08-17T22:21:02+00:00 GATE_SKIP id=GDD05_11 window=XM5 reason=OOS_NOT_STRICT
2026-08-17T22:21:02+00:00 SKIP_EXISTING [92/560] id=GDD05_12 window=IS
2026-08-17T22:21:02+00:00 SKIP_EXISTING [92/560] id=GDD05_12 window=OOS
2026-08-17T22:21:02+00:00 GATE_SKIP id=GDD05_12 window=XM5 reason=OOS_NOT_STRICT
2026-08-17T22:21:02+00:00 SKIP_EXISTING [93/560] id=GDD05_13 window=IS
2026-08-17T22:21:02+00:00 SKIP_EXISTING [93/560] id=GDD05_13 window=OOS
2026-08-17T22:21:02+00:00 GATE_SKIP id=GDD05_13 window=XM5 reason=OOS_NOT_STRICT
2026-08-17T22:21:02+00:00 SKIP_EXISTING [94/560] id=GDD05_14 window=IS
2026-08-17T22:21:02+00:00 SKIP_EXISTING [94/560] id=GDD05_14 window=OOS
2026-08-17T22:21:02+00:00 GATE_SKIP id=GDD05_14 window=XM5 reason=OOS_NOT_STRICT
2026-08-17T22:21:02+00:00 SKIP_EXISTING [95/560] id=GDD05_15 window=IS
2026-08-17T22:21:02+00:00 SKIP_EXISTING [95/560] id=GDD05_15 window=OOS
2026-08-17T22:21:02+00:00 GATE_SKIP id=GDD05_15 window=XM5 reason=OOS_NOT_STRICT
2026-08-17T22:21:02+00:00 SKIP_EXISTING [96/560] id=GDD05_16 window=IS
2026-08-17T22:21:02+00:00 SKIP_EXISTING [96/560] id=GDD05_16 window=OOS
2026-08-17T22:21:02+00:00 GATE_SKIP id=GDD05_16 window=XM5 reason=OOS_NOT_STRICT
2026-08-17T22:21:02+00:00 SKIP_EXISTING [97/560] id=GDD05_17 window=IS
2026-08-17T22:21:02+00:00 SKIP_EXISTING [97/560] id=GDD05_17 window=OOS
2026-08-17T22:21:02+00:00 GATE_SKIP id=GDD05_17 window=XM5 reason=OOS_NOT_STRICT
2026-08-17T22:21:02+00:00 SKIP_EXISTING [98/560] id=GDD05_18 window=IS
2026-08-17T22:21:02+00:00 GATE_SKIP id=GDD05_18 window=OOS reason=IS_NOT_SURVIVOR
2026-08-17T22:21:02+00:00 GATE_SKIP id=GDD05_18 window=XM5 reason=OOS_NOT_STRICT
2026-08-17T22:21:02+00:00 SKIP_EXISTING [99/560] id=GDD05_19 window=IS
2026-08-17T22:21:02+00:00 GATE_SKIP id=GDD05_19 window=OOS reason=IS_NOT_SURVIVOR
2026-08-17T22:21:02+00:00 GATE_SKIP id=GDD05_19 window=XM5 reason=OOS_NOT_STRICT
2026-08-17T22:21:02+00:00 SKIP_EXISTING [100/560] id=GDD05_20 window=IS
2026-08-17T22:21:02+00:00 GATE_SKIP id=GDD05_20 window=OOS reason=IS_NOT_SURVIVOR
2026-08-17T22:21:02+00:00 GATE_SKIP id=GDD05_20 window=XM5 reason=OOS_NOT_STRICT
2026-08-17T22:21:02+00:00 SKIP_EXISTING [101/560] id=GDD10_01 window=IS
2026-08-17T22:21:02+00:00 GATE_SKIP id=GDD10_01 window=OOS reason=IS_NOT_SURVIVOR
2026-08-17T22:21:02+00:00 GATE_SKIP id=GDD10_01 window=XM5 reason=OOS_NOT_STRICT
2026-08-17T22:21:02+00:00 SKIP_EXISTING [102/560] id=GDD10_02 window=IS
2026-08-17T22:21:02+00:00 GATE_SKIP id=GDD10_02 window=OOS reason=IS_NOT_SURVIVOR
2026-08-17T22:21:02+00:00 GATE_SKIP id=GDD10_02 window=XM5 reason=OOS_NOT_STRICT
2026-08-17T22:21:02+00:00 SKIP_EXISTING [103/560] id=GDD10_03 window=IS
2026-08-17T22:21:02+00:00 SKIP_EXISTING [103/560] id=GDD10_03 window=OOS
2026-08-17T22:21:02+00:00 GATE_SKIP id=GDD10_03 window=XM5 reason=OOS_NOT_STRICT
2026-08-17T22:21:02+00:00 SKIP_EXISTING [104/560] id=GDD10_04 window=IS
2026-08-17T22:21:02+00:00 GATE_SKIP id=GDD10_04 window=OOS reason=IS_NOT_SURVIVOR
2026-08-17T22:21:02+00:00 GATE_SKIP id=GDD10_04 window=XM5 reason=OOS_NOT_STRICT
2026-08-17T22:21:02+00:00 SKIP_EXISTING [105/560] id=GDD10_05 window=IS
2026-08-17T22:21:02+00:00 SKIP_EXISTING [105/560] id=GDD10_05 window=OOS
2026-08-17T22:21:02+00:00 GATE_SKIP id=GDD10_05 window=XM5 reason=OOS_NOT_STRICT
2026-08-17T22:21:02+00:00 SKIP_EXISTING [106/560] id=GDD10_06 window=IS
2026-08-17T22:21:02+00:00 SKIP_EXISTING [106/560] id=GDD10_06 window=OOS
2026-08-17T22:21:02+00:00 GATE_SKIP id=GDD10_06 window=XM5 reason=OOS_NOT_STRICT
2026-08-17T22:21:02+00:00 SKIP_EXISTING [107/560] id=GDD10_07 window=IS
2026-08-17T22:21:02+00:00 SKIP_EXISTING [107/560] id=GDD10_07 window=OOS
2026-08-17T22:21:02+00:00 GATE_SKIP id=GDD10_07 window=XM5 reason=OOS_NOT_STRICT
2026-08-17T22:21:02+00:00 SKIP_EXISTING [108/560] id=GDD10_08 window=IS
2026-08-17T22:21:02+00:00 SKIP_EXISTING [108/560] id=GDD10_08 window=OOS
2026-08-17T22:21:02+00:00 GATE_SKIP id=GDD10_08 window=XM5 reason=OOS_NOT_STRICT
2026-08-17T22:21:02+00:00 SKIP_EXISTING [109/560] id=GDD10_09 window=IS
2026-08-17T22:21:02+00:00 SKIP_EXISTING [109/560] id=GDD10_09 window=OOS
2026-08-17T22:21:02+00:00 GATE_SKIP id=GDD10_09 window=XM5 reason=OOS_NOT_STRICT
2026-08-17T22:21:02+00:00 SKIP_EXISTING [110/560] id=GDD10_10 window=IS
2026-08-17T22:21:02+00:00 SKIP_EXISTING [110/560] id=GDD10_10 window=OOS
2026-08-17T22:21:02+00:00 GATE_SKIP id=GDD10_10 window=XM5 reason=OOS_NOT_STRICT
2026-08-17T22:21:02+00:00 RUN_START id=GDD10_11 family=pb_ema_pair window=IS run=gdd2p_is_gdd10_11_20260818072102_ce6fcf
2026-08-17T22:22:13+00:00 RUN_END id=GDD10_11 window=IS status=OK decision=IS_SURVIVOR_TRADEOFF elapsed=70.512s
2026-08-17T22:22:13+00:00 RUN_START id=GDD10_11 family=pb_ema_pair window=OOS run=gdd2p_oos_gdd10_11_20260818072213_6be4bc
2026-08-17T22:23:03+00:00 RUN_END id=GDD10_11 window=OOS status=OK decision=OOS_REJECT elapsed=50.528s
2026-08-17T22:23:03+00:00 GATE_SKIP id=GDD10_11 window=XM5 reason=OOS_NOT_STRICT
2026-08-17T22:23:03+00:00 SKIP_EXISTING [112/560] id=GDD10_12 window=IS
2026-08-17T22:23:03+00:00 SKIP_EXISTING [112/560] id=GDD10_12 window=OOS
2026-08-17T22:23:03+00:00 GATE_SKIP id=GDD10_12 window=XM5 reason=OOS_NOT_STRICT
2026-08-17T22:23:03+00:00 SKIP_EXISTING [113/560] id=GDD10_13 window=IS
2026-08-17T22:23:03+00:00 SKIP_EXISTING [113/560] id=GDD10_13 window=OOS
2026-08-17T22:23:03+00:00 GATE_SKIP id=GDD10_13 window=XM5 reason=OOS_NOT_STRICT
2026-08-17T22:23:03+00:00 SKIP_EXISTING [114/560] id=GDD10_14 window=IS
2026-08-17T22:23:03+00:00 GATE_SKIP id=GDD10_14 window=OOS reason=IS_NOT_SURVIVOR
2026-08-17T22:23:03+00:00 GATE_SKIP id=GDD10_14 window=XM5 reason=OOS_NOT_STRICT
2026-08-17T22:23:03+00:00 SKIP_EXISTING [115/560] id=GDD10_15 window=IS
2026-08-17T22:23:03+00:00 GATE_SKIP id=GDD10_15 window=OOS reason=IS_NOT_SURVIVOR
2026-08-17T22:23:03+00:00 GATE_SKIP id=GDD10_15 window=XM5 reason=OOS_NOT_STRICT
2026-08-17T22:23:03+00:00 SKIP_EXISTING [116/560] id=GDD10_16 window=IS
2026-08-17T22:23:03+00:00 GATE_SKIP id=GDD10_16 window=OOS reason=IS_NOT_SURVIVOR
2026-08-17T22:23:03+00:00 GATE_SKIP id=GDD10_16 window=XM5 reason=OOS_NOT_STRICT
2026-08-17T22:23:03+00:00 SKIP_EXISTING [117/560] id=GDD10_17 window=IS
2026-08-17T22:23:03+00:00 GATE_SKIP id=GDD10_17 window=OOS reason=IS_NOT_SURVIVOR
2026-08-17T22:23:03+00:00 GATE_SKIP id=GDD10_17 window=XM5 reason=OOS_NOT_STRICT
2026-08-17T22:23:03+00:00 SKIP_EXISTING [118/560] id=GDD10_18 window=IS
2026-08-17T22:23:03+00:00 GATE_SKIP id=GDD10_18 window=OOS reason=IS_NOT_SURVIVOR
2026-08-17T22:23:03+00:00 GATE_SKIP id=GDD10_18 window=XM5 reason=OOS_NOT_STRICT
2026-08-17T22:23:03+00:00 SKIP_EXISTING [119/560] id=GDD10_19 window=IS
2026-08-17T22:23:03+00:00 GATE_SKIP id=GDD10_19 window=OOS reason=IS_NOT_SURVIVOR
2026-08-17T22:23:03+00:00 GATE_SKIP id=GDD10_19 window=XM5 reason=OOS_NOT_STRICT
2026-08-17T22:23:03+00:00 SKIP_EXISTING [120/560] id=GDD10_20 window=IS
2026-08-17T22:23:03+00:00 GATE_SKIP id=GDD10_20 window=OOS reason=IS_NOT_SURVIVOR
2026-08-17T22:23:03+00:00 GATE_SKIP id=GDD10_20 window=XM5 reason=OOS_NOT_STRICT
2026-08-17T22:23:03+00:00 SKIP_EXISTING [121/560] id=GDD11_01 window=IS
2026-08-17T22:23:03+00:00 GATE_SKIP id=GDD11_01 window=OOS reason=IS_NOT_SURVIVOR
2026-08-17T22:23:03+00:00 GATE_SKIP id=GDD11_01 window=XM5 reason=OOS_NOT_STRICT
2026-08-17T22:23:03+00:00 SKIP_EXISTING [122/560] id=GDD11_02 window=IS
2026-08-17T22:23:03+00:00 GATE_SKIP id=GDD11_02 window=OOS reason=IS_NOT_SURVIVOR
2026-08-17T22:23:03+00:00 GATE_SKIP id=GDD11_02 window=XM5 reason=OOS_NOT_STRICT
2026-08-17T22:23:03+00:00 SKIP_EXISTING [123/560] id=GDD11_03 window=IS
2026-08-17T22:23:03+00:00 GATE_SKIP id=GDD11_03 window=OOS reason=IS_NOT_SURVIVOR
2026-08-17T22:23:03+00:00 GATE_SKIP id=GDD11_03 window=XM5 reason=OOS_NOT_STRICT
2026-08-17T22:23:03+00:00 SKIP_EXISTING [124/560] id=GDD11_04 window=IS
2026-08-17T22:23:03+00:00 GATE_SKIP id=GDD11_04 window=OOS reason=IS_NOT_SURVIVOR
2026-08-17T22:23:03+00:00 GATE_SKIP id=GDD11_04 window=XM5 reason=OOS_NOT_STRICT
2026-08-17T22:23:03+00:00 SKIP_EXISTING [125/560] id=GDD11_05 window=IS
2026-08-17T22:23:03+00:00 GATE_SKIP id=GDD11_05 window=OOS reason=IS_NOT_SURVIVOR
2026-08-17T22:23:03+00:00 GATE_SKIP id=GDD11_05 window=XM5 reason=OOS_NOT_STRICT
2026-08-17T22:23:03+00:00 SKIP_EXISTING [126/560] id=GDD11_06 window=IS
2026-08-17T22:23:03+00:00 SKIP_EXISTING [126/560] id=GDD11_06 window=OOS
2026-08-17T22:23:03+00:00 GATE_SKIP id=GDD11_06 window=XM5 reason=OOS_NOT_STRICT
2026-08-17T22:23:03+00:00 SKIP_EXISTING [127/560] id=GDD11_07 window=IS
2026-08-17T22:23:03+00:00 GATE_SKIP id=GDD11_07 window=OOS reason=IS_NOT_SURVIVOR
2026-08-17T22:23:03+00:00 GATE_SKIP id=GDD11_07 window=XM5 reason=OOS_NOT_STRICT
2026-08-17T22:23:03+00:00 SKIP_EXISTING [128/560] id=GDD11_08 window=IS
2026-08-17T22:23:03+00:00 SKIP_EXISTING [128/560] id=GDD11_08 window=OOS
2026-08-17T22:23:03+00:00 GATE_SKIP id=GDD11_08 window=XM5 reason=OOS_NOT_STRICT
2026-08-17T22:23:03+00:00 SKIP_EXISTING [129/560] id=GDD11_09 window=IS
2026-08-17T22:23:03+00:00 GATE_SKIP id=GDD11_09 window=OOS reason=IS_NOT_SURVIVOR
2026-08-17T22:23:03+00:00 GATE_SKIP id=GDD11_09 window=XM5 reason=OOS_NOT_STRICT
2026-08-17T22:23:03+00:00 SKIP_EXISTING [130/560] id=GDD11_10 window=IS
2026-08-17T22:23:03+00:00 GATE_SKIP id=GDD11_10 window=OOS reason=IS_NOT_SURVIVOR
2026-08-17T22:23:03+00:00 GATE_SKIP id=GDD11_10 window=XM5 reason=OOS_NOT_STRICT
2026-08-17T22:23:03+00:00 SKIP_EXISTING [131/560] id=GDD11_11 window=IS
2026-08-17T22:23:03+00:00 SKIP_EXISTING [131/560] id=GDD11_11 window=OOS
2026-08-17T22:23:03+00:00 GATE_SKIP id=GDD11_11 window=XM5 reason=OOS_NOT_STRICT
2026-08-17T22:23:03+00:00 SKIP_EXISTING [132/560] id=GDD11_12 window=IS
2026-08-17T22:23:03+00:00 GATE_SKIP id=GDD11_12 window=OOS reason=IS_NOT_SURVIVOR
2026-08-17T22:23:03+00:00 GATE_SKIP id=GDD11_12 window=XM5 reason=OOS_NOT_STRICT
2026-08-17T22:23:03+00:00 SKIP_EXISTING [133/560] id=GDD11_13 window=IS
2026-08-17T22:23:04+00:00 GATE_SKIP id=GDD11_13 window=OOS reason=IS_NOT_SURVIVOR
2026-08-17T22:23:04+00:00 GATE_SKIP id=GDD11_13 window=XM5 reason=OOS_NOT_STRICT
2026-08-17T22:23:04+00:00 SKIP_EXISTING [134/560] id=GDD11_14 window=IS
2026-08-17T22:23:04+00:00 GATE_SKIP id=GDD11_14 window=OOS reason=IS_NOT_SURVIVOR
2026-08-17T22:23:04+00:00 GATE_SKIP id=GDD11_14 window=XM5 reason=OOS_NOT_STRICT
2026-08-17T22:23:04+00:00 SKIP_EXISTING [135/560] id=GDD11_15 window=IS
2026-08-17T22:23:04+00:00 GATE_SKIP id=GDD11_15 window=OOS reason=IS_NOT_SURVIVOR
2026-08-17T22:23:04+00:00 GATE_SKIP id=GDD11_15 window=XM5 reason=OOS_NOT_STRICT
2026-08-17T22:23:04+00:00 SKIP_EXISTING [136/560] id=GDD11_16 window=IS
2026-08-17T22:23:04+00:00 GATE_SKIP id=GDD11_16 window=OOS reason=IS_NOT_SURVIVOR
2026-08-17T22:23:04+00:00 GATE_SKIP id=GDD11_16 window=XM5 reason=OOS_NOT_STRICT
2026-08-17T22:23:04+00:00 SKIP_EXISTING [137/560] id=GDD11_17 window=IS
2026-08-17T22:23:04+00:00 SKIP_EXISTING [137/560] id=GDD11_17 window=OOS
2026-08-17T22:23:04+00:00 GATE_SKIP id=GDD11_17 window=XM5 reason=OOS_NOT_STRICT
2026-08-17T22:23:04+00:00 SKIP_EXISTING [138/560] id=GDD11_18 window=IS
2026-08-17T22:23:04+00:00 GATE_SKIP id=GDD11_18 window=OOS reason=IS_NOT_SURVIVOR
2026-08-17T22:23:04+00:00 GATE_SKIP id=GDD11_18 window=XM5 reason=OOS_NOT_STRICT
2026-08-17T22:23:04+00:00 SKIP_EXISTING [139/560] id=GDD11_19 window=IS
2026-08-17T22:23:04+00:00 GATE_SKIP id=GDD11_19 window=OOS reason=IS_NOT_SURVIVOR
2026-08-17T22:23:04+00:00 GATE_SKIP id=GDD11_19 window=XM5 reason=OOS_NOT_STRICT
2026-08-17T22:23:04+00:00 SKIP_EXISTING [140/560] id=GDD11_20 window=IS
2026-08-17T22:23:04+00:00 GATE_SKIP id=GDD11_20 window=OOS reason=IS_NOT_SURVIVOR
2026-08-17T22:23:04+00:00 GATE_SKIP id=GDD11_20 window=XM5 reason=OOS_NOT_STRICT
2026-08-17T22:23:04+00:00 SKIP_EXISTING [141/560] id=GDD12_01 window=IS
2026-08-17T22:23:04+00:00 GATE_SKIP id=GDD12_01 window=OOS reason=IS_NOT_SURVIVOR
2026-08-17T22:23:04+00:00 GATE_SKIP id=GDD12_01 window=XM5 reason=OOS_NOT_STRICT
2026-08-17T22:23:04+00:00 SKIP_EXISTING [142/560] id=GDD12_02 window=IS
2026-08-17T22:23:04+00:00 GATE_SKIP id=GDD12_02 window=OOS reason=IS_NOT_SURVIVOR
2026-08-17T22:23:04+00:00 GATE_SKIP id=GDD12_02 window=XM5 reason=OOS_NOT_STRICT
2026-08-17T22:23:04+00:00 SKIP_EXISTING [143/560] id=GDD12_03 window=IS
2026-08-17T22:23:04+00:00 GATE_SKIP id=GDD12_03 window=OOS reason=IS_NOT_SURVIVOR
2026-08-17T22:23:04+00:00 GATE_SKIP id=GDD12_03 window=XM5 reason=OOS_NOT_STRICT
2026-08-17T22:23:04+00:00 SKIP_EXISTING [144/560] id=GDD12_04 window=IS
2026-08-17T22:23:04+00:00 GATE_SKIP id=GDD12_04 window=OOS reason=IS_NOT_SURVIVOR
2026-08-17T22:23:04+00:00 GATE_SKIP id=GDD12_04 window=XM5 reason=OOS_NOT_STRICT
2026-08-17T22:23:04+00:00 SKIP_EXISTING [145/560] id=GDD12_05 window=IS
2026-08-17T22:23:04+00:00 GATE_SKIP id=GDD12_05 window=OOS reason=IS_NOT_SURVIVOR
2026-08-17T22:23:04+00:00 GATE_SKIP id=GDD12_05 window=XM5 reason=OOS_NOT_STRICT
2026-08-17T22:23:04+00:00 SKIP_EXISTING [146/560] id=GDD12_06 window=IS
2026-08-17T22:23:04+00:00 GATE_SKIP id=GDD12_06 window=OOS reason=IS_NOT_SURVIVOR
2026-08-17T22:23:04+00:00 GATE_SKIP id=GDD12_06 window=XM5 reason=OOS_NOT_STRICT
2026-08-17T22:23:04+00:00 SKIP_EXISTING [147/560] id=GDD12_07 window=IS
2026-08-17T22:23:04+00:00 GATE_SKIP id=GDD12_07 window=OOS reason=IS_NOT_SURVIVOR
2026-08-17T22:23:04+00:00 GATE_SKIP id=GDD12_07 window=XM5 reason=OOS_NOT_STRICT
2026-08-17T22:23:04+00:00 SKIP_EXISTING [148/560] id=GDD12_08 window=IS
2026-08-17T22:23:04+00:00 SKIP_EXISTING [148/560] id=GDD12_08 window=OOS
2026-08-17T22:23:04+00:00 GATE_SKIP id=GDD12_08 window=XM5 reason=OOS_NOT_STRICT
2026-08-17T22:23:04+00:00 SKIP_EXISTING [149/560] id=GDD12_09 window=IS
2026-08-17T22:23:04+00:00 SKIP_EXISTING [149/560] id=GDD12_09 window=OOS
2026-08-17T22:23:04+00:00 GATE_SKIP id=GDD12_09 window=XM5 reason=OOS_NOT_STRICT
2026-08-17T22:23:04+00:00 SKIP_EXISTING [150/560] id=GDD12_10 window=IS
2026-08-17T22:23:04+00:00 GATE_SKIP id=GDD12_10 window=OOS reason=IS_NOT_SURVIVOR
2026-08-17T22:23:04+00:00 GATE_SKIP id=GDD12_10 window=XM5 reason=OOS_NOT_STRICT
2026-08-17T22:23:04+00:00 SKIP_EXISTING [151/560] id=GDD12_11 window=IS
2026-08-17T22:23:04+00:00 SKIP_EXISTING [151/560] id=GDD12_11 window=OOS
2026-08-17T22:23:04+00:00 SKIP_EXISTING [151/560] id=GDD12_11 window=XM5
2026-08-17T22:23:04+00:00 SKIP_EXISTING [152/560] id=GDD12_12 window=IS
2026-08-17T22:23:04+00:00 SKIP_EXISTING [152/560] id=GDD12_12 window=OOS
2026-08-17T22:23:04+00:00 SKIP_EXISTING [152/560] id=GDD12_12 window=XM5
2026-08-17T22:23:04+00:00 SKIP_EXISTING [153/560] id=GDD12_13 window=IS
2026-08-17T22:23:04+00:00 SKIP_EXISTING [153/560] id=GDD12_13 window=OOS
2026-08-17T22:23:04+00:00 GATE_SKIP id=GDD12_13 window=XM5 reason=OOS_NOT_STRICT
2026-08-17T22:23:04+00:00 SKIP_EXISTING [154/560] id=GDD12_14 window=IS
2026-08-17T22:23:04+00:00 SKIP_EXISTING [154/560] id=GDD12_14 window=OOS
2026-08-17T22:23:04+00:00 GATE_SKIP id=GDD12_14 window=XM5 reason=OOS_NOT_STRICT
2026-08-17T22:23:04+00:00 SKIP_EXISTING [155/560] id=GDD12_15 window=IS
2026-08-17T22:23:04+00:00 SKIP_EXISTING [155/560] id=GDD12_15 window=OOS
2026-08-17T22:23:04+00:00 GATE_SKIP id=GDD12_15 window=XM5 reason=OOS_NOT_STRICT
2026-08-17T22:23:04+00:00 SKIP_EXISTING [156/560] id=GDD12_16 window=IS
2026-08-17T22:23:04+00:00 SKIP_EXISTING [156/560] id=GDD12_16 window=OOS
2026-08-17T22:23:04+00:00 GATE_SKIP id=GDD12_16 window=XM5 reason=OOS_NOT_STRICT
2026-08-17T22:23:04+00:00 SKIP_EXISTING [157/560] id=GDD12_17 window=IS
2026-08-17T22:23:04+00:00 SKIP_EXISTING [157/560] id=GDD12_17 window=OOS
2026-08-17T22:23:04+00:00 GATE_SKIP id=GDD12_17 window=XM5 reason=OOS_NOT_STRICT
2026-08-17T22:23:04+00:00 SKIP_EXISTING [158/560] id=GDD12_18 window=IS
2026-08-17T22:23:04+00:00 GATE_SKIP id=GDD12_18 window=OOS reason=IS_NOT_SURVIVOR
2026-08-17T22:23:04+00:00 GATE_SKIP id=GDD12_18 window=XM5 reason=OOS_NOT_STRICT
2026-08-17T22:23:04+00:00 SKIP_EXISTING [159/560] id=GDD12_19 window=IS
2026-08-17T22:23:04+00:00 GATE_SKIP id=GDD12_19 window=OOS reason=IS_NOT_SURVIVOR
2026-08-17T22:23:04+00:00 GATE_SKIP id=GDD12_19 window=XM5 reason=OOS_NOT_STRICT
2026-08-17T22:23:04+00:00 SKIP_EXISTING [160/560] id=GDD12_20 window=IS
2026-08-17T22:23:04+00:00 GATE_SKIP id=GDD12_20 window=OOS reason=IS_NOT_SURVIVOR
2026-08-17T22:23:04+00:00 GATE_SKIP id=GDD12_20 window=XM5 reason=OOS_NOT_STRICT
2026-08-17T22:23:04+00:00 SKIP_EXISTING [161/560] id=GDD13_01 window=IS
2026-08-17T22:23:04+00:00 GATE_SKIP id=GDD13_01 window=OOS reason=IS_NOT_SURVIVOR
2026-08-17T22:23:04+00:00 GATE_SKIP id=GDD13_01 window=XM5 reason=OOS_NOT_STRICT
2026-08-17T22:23:04+00:00 SKIP_EXISTING [162/560] id=GDD13_02 window=IS
2026-08-17T22:23:04+00:00 GATE_SKIP id=GDD13_02 window=OOS reason=IS_NOT_SURVIVOR
2026-08-17T22:23:04+00:00 GATE_SKIP id=GDD13_02 window=XM5 reason=OOS_NOT_STRICT
2026-08-17T22:23:04+00:00 SKIP_EXISTING [163/560] id=GDD13_03 window=IS
2026-08-17T22:23:04+00:00 SKIP_EXISTING [163/560] id=GDD13_03 window=OOS
2026-08-17T22:23:04+00:00 GATE_SKIP id=GDD13_03 window=XM5 reason=OOS_NOT_STRICT
2026-08-17T22:23:04+00:00 SKIP_EXISTING [164/560] id=GDD13_04 window=IS
2026-08-17T22:23:04+00:00 SKIP_EXISTING [164/560] id=GDD13_04 window=OOS
2026-08-17T22:23:04+00:00 GATE_SKIP id=GDD13_04 window=XM5 reason=OOS_NOT_STRICT
2026-08-17T22:23:04+00:00 SKIP_EXISTING [165/560] id=GDD13_05 window=IS
2026-08-17T22:23:04+00:00 SKIP_EXISTING [165/560] id=GDD13_05 window=OOS
2026-08-17T22:23:04+00:00 GATE_SKIP id=GDD13_05 window=XM5 reason=OOS_NOT_STRICT
2026-08-17T22:23:04+00:00 SKIP_EXISTING [166/560] id=GDD13_06 window=IS
2026-08-17T22:23:04+00:00 SKIP_EXISTING [166/560] id=GDD13_06 window=OOS
2026-08-17T22:23:04+00:00 GATE_SKIP id=GDD13_06 window=XM5 reason=OOS_NOT_STRICT
2026-08-17T22:23:04+00:00 SKIP_EXISTING [167/560] id=GDD13_07 window=IS
2026-08-17T22:23:04+00:00 SKIP_EXISTING [167/560] id=GDD13_07 window=OOS
2026-08-17T22:23:04+00:00 GATE_SKIP id=GDD13_07 window=XM5 reason=OOS_NOT_STRICT
2026-08-17T22:23:04+00:00 SKIP_EXISTING [168/560] id=GDD13_08 window=IS
2026-08-17T22:23:04+00:00 SKIP_EXISTING [168/560] id=GDD13_08 window=OOS
2026-08-17T22:23:04+00:00 GATE_SKIP id=GDD13_08 window=XM5 reason=OOS_NOT_STRICT
2026-08-17T22:23:04+00:00 SKIP_EXISTING [169/560] id=GDD13_09 window=IS
2026-08-17T22:23:04+00:00 SKIP_EXISTING [169/560] id=GDD13_09 window=OOS
2026-08-17T22:23:04+00:00 GATE_SKIP id=GDD13_09 window=XM5 reason=OOS_NOT_STRICT
2026-08-17T22:23:04+00:00 SKIP_EXISTING [170/560] id=GDD13_10 window=IS
2026-08-17T22:23:04+00:00 SKIP_EXISTING [170/560] id=GDD13_10 window=OOS
2026-08-17T22:23:04+00:00 GATE_SKIP id=GDD13_10 window=XM5 reason=OOS_NOT_STRICT
2026-08-17T22:23:04+00:00 SKIP_EXISTING [171/560] id=GDD13_11 window=IS
2026-08-17T22:23:04+00:00 SKIP_EXISTING [171/560] id=GDD13_11 window=OOS
2026-08-17T22:23:04+00:00 GATE_SKIP id=GDD13_11 window=XM5 reason=OOS_NOT_STRICT
2026-08-17T22:23:04+00:00 SKIP_EXISTING [172/560] id=GDD13_12 window=IS
2026-08-17T22:23:04+00:00 GATE_SKIP id=GDD13_12 window=OOS reason=IS_NOT_SURVIVOR
2026-08-17T22:23:04+00:00 GATE_SKIP id=GDD13_12 window=XM5 reason=OOS_NOT_STRICT
2026-08-17T22:23:04+00:00 SKIP_EXISTING [173/560] id=GDD13_13 window=IS
2026-08-17T22:23:04+00:00 GATE_SKIP id=GDD13_13 window=OOS reason=IS_NOT_SURVIVOR
2026-08-17T22:23:04+00:00 GATE_SKIP id=GDD13_13 window=XM5 reason=OOS_NOT_STRICT
2026-08-17T22:23:04+00:00 SKIP_EXISTING [174/560] id=GDD13_14 window=IS
2026-08-17T22:23:04+00:00 GATE_SKIP id=GDD13_14 window=OOS reason=IS_NOT_SURVIVOR
2026-08-17T22:23:04+00:00 GATE_SKIP id=GDD13_14 window=XM5 reason=OOS_NOT_STRICT
2026-08-17T22:23:04+00:00 SKIP_EXISTING [175/560] id=GDD13_15 window=IS
2026-08-17T22:23:04+00:00 SKIP_EXISTING [175/560] id=GDD13_15 window=OOS
2026-08-17T22:23:04+00:00 GATE_SKIP id=GDD13_15 window=XM5 reason=OOS_NOT_STRICT
2026-08-17T22:23:04+00:00 SKIP_EXISTING [176/560] id=GDD13_16 window=IS
2026-08-17T22:23:04+00:00 SKIP_EXISTING [176/560] id=GDD13_16 window=OOS
2026-08-17T22:23:04+00:00 GATE_SKIP id=GDD13_16 window=XM5 reason=OOS_NOT_STRICT
2026-08-17T22:23:04+00:00 SKIP_EXISTING [177/560] id=GDD13_17 window=IS
2026-08-17T22:23:04+00:00 SKIP_EXISTING [177/560] id=GDD13_17 window=OOS
2026-08-17T22:23:04+00:00 GATE_SKIP id=GDD13_17 window=XM5 reason=OOS_NOT_STRICT
2026-08-17T22:23:04+00:00 SKIP_EXISTING [178/560] id=GDD13_18 window=IS
2026-08-17T22:23:04+00:00 GATE_SKIP id=GDD13_18 window=OOS reason=IS_NOT_SURVIVOR
2026-08-17T22:23:04+00:00 GATE_SKIP id=GDD13_18 window=XM5 reason=OOS_NOT_STRICT
2026-08-17T22:23:04+00:00 SKIP_EXISTING [179/560] id=GDD13_19 window=IS
2026-08-17T22:23:04+00:00 GATE_SKIP id=GDD13_19 window=OOS reason=IS_NOT_SURVIVOR
2026-08-17T22:23:04+00:00 GATE_SKIP id=GDD13_19 window=XM5 reason=OOS_NOT_STRICT
2026-08-17T22:23:04+00:00 SKIP_EXISTING [180/560] id=GDD13_20 window=IS
2026-08-17T22:23:04+00:00 GATE_SKIP id=GDD13_20 window=OOS reason=IS_NOT_SURVIVOR
2026-08-17T22:23:04+00:00 GATE_SKIP id=GDD13_20 window=XM5 reason=OOS_NOT_STRICT
2026-08-17T22:23:04+00:00 SKIP_EXISTING [181/560] id=GDD14_01 window=IS
2026-08-17T22:23:04+00:00 GATE_SKIP id=GDD14_01 window=OOS reason=IS_NOT_SURVIVOR
2026-08-17T22:23:04+00:00 GATE_SKIP id=GDD14_01 window=XM5 reason=OOS_NOT_STRICT
2026-08-17T22:23:04+00:00 SKIP_EXISTING [182/560] id=GDD14_02 window=IS
2026-08-17T22:23:04+00:00 GATE_SKIP id=GDD14_02 window=OOS reason=IS_NOT_SURVIVOR
2026-08-17T22:23:04+00:00 GATE_SKIP id=GDD14_02 window=XM5 reason=OOS_NOT_STRICT
2026-08-17T22:23:04+00:00 SKIP_EXISTING [183/560] id=GDD14_03 window=IS
2026-08-17T22:23:04+00:00 GATE_SKIP id=GDD14_03 window=OOS reason=IS_NOT_SURVIVOR
2026-08-17T22:23:04+00:00 GATE_SKIP id=GDD14_03 window=XM5 reason=OOS_NOT_STRICT
2026-08-17T22:23:04+00:00 SKIP_EXISTING [184/560] id=GDD14_04 window=IS
2026-08-17T22:23:04+00:00 GATE_SKIP id=GDD14_04 window=OOS reason=IS_NOT_SURVIVOR
2026-08-17T22:23:04+00:00 GATE_SKIP id=GDD14_04 window=XM5 reason=OOS_NOT_STRICT
2026-08-17T22:23:04+00:00 SKIP_EXISTING [185/560] id=GDD14_05 window=IS
2026-08-17T22:23:04+00:00 GATE_SKIP id=GDD14_05 window=OOS reason=IS_NOT_SURVIVOR
2026-08-17T22:23:04+00:00 GATE_SKIP id=GDD14_05 window=XM5 reason=OOS_NOT_STRICT
2026-08-17T22:23:04+00:00 SKIP_EXISTING [186/560] id=GDD14_06 window=IS
2026-08-17T22:23:04+00:00 GATE_SKIP id=GDD14_06 window=OOS reason=IS_NOT_SURVIVOR
2026-08-17T22:23:04+00:00 GATE_SKIP id=GDD14_06 window=XM5 reason=OOS_NOT_STRICT
2026-08-17T22:23:04+00:00 SKIP_EXISTING [187/560] id=GDD14_07 window=IS
2026-08-17T22:23:04+00:00 SKIP_EXISTING [187/560] id=GDD14_07 window=OOS
2026-08-17T22:23:04+00:00 SKIP_EXISTING [187/560] id=GDD14_07 window=XM5
2026-08-17T22:23:04+00:00 SKIP_EXISTING [188/560] id=GDD14_08 window=IS
2026-08-17T22:23:04+00:00 SKIP_EXISTING [188/560] id=GDD14_08 window=OOS
2026-08-17T22:23:04+00:00 GATE_SKIP id=GDD14_08 window=XM5 reason=OOS_NOT_STRICT
2026-08-17T22:23:04+00:00 SKIP_EXISTING [189/560] id=GDD14_09 window=IS
2026-08-17T22:23:04+00:00 SKIP_EXISTING [189/560] id=GDD14_09 window=OOS
2026-08-17T22:23:04+00:00 GATE_SKIP id=GDD14_09 window=XM5 reason=OOS_NOT_STRICT
2026-08-17T22:23:04+00:00 SKIP_EXISTING [190/560] id=GDD14_10 window=IS
2026-08-17T22:23:04+00:00 SKIP_EXISTING [190/560] id=GDD14_10 window=OOS
2026-08-17T22:23:04+00:00 GATE_SKIP id=GDD14_10 window=XM5 reason=OOS_NOT_STRICT
2026-08-17T22:23:04+00:00 SKIP_EXISTING [191/560] id=GDD14_11 window=IS
2026-08-17T22:23:04+00:00 SKIP_EXISTING [191/560] id=GDD14_11 window=OOS
2026-08-17T22:23:04+00:00 GATE_SKIP id=GDD14_11 window=XM5 reason=OOS_NOT_STRICT
2026-08-17T22:23:04+00:00 SKIP_EXISTING [192/560] id=GDD14_12 window=IS
2026-08-17T22:23:04+00:00 SKIP_EXISTING [192/560] id=GDD14_12 window=OOS
2026-08-17T22:23:04+00:00 GATE_SKIP id=GDD14_12 window=XM5 reason=OOS_NOT_STRICT
2026-08-17T22:23:04+00:00 SKIP_EXISTING [193/560] id=GDD14_13 window=IS
2026-08-17T22:23:04+00:00 SKIP_EXISTING [193/560] id=GDD14_13 window=OOS
2026-08-17T22:23:04+00:00 GATE_SKIP id=GDD14_13 window=XM5 reason=OOS_NOT_STRICT
2026-08-17T22:23:04+00:00 SKIP_EXISTING [194/560] id=GDD14_14 window=IS
2026-08-17T22:23:04+00:00 SKIP_EXISTING [194/560] id=GDD14_14 window=OOS
2026-08-17T22:23:04+00:00 GATE_SKIP id=GDD14_14 window=XM5 reason=OOS_NOT_STRICT
2026-08-17T22:23:04+00:00 SKIP_EXISTING [195/560] id=GDD14_15 window=IS
2026-08-17T22:23:04+00:00 SKIP_EXISTING [195/560] id=GDD14_15 window=OOS
2026-08-17T22:23:04+00:00 GATE_SKIP id=GDD14_15 window=XM5 reason=OOS_NOT_STRICT
2026-08-17T22:23:04+00:00 SKIP_EXISTING [196/560] id=GDD14_16 window=IS
2026-08-17T22:23:04+00:00 SKIP_EXISTING [196/560] id=GDD14_16 window=OOS
2026-08-17T22:23:04+00:00 GATE_SKIP id=GDD14_16 window=XM5 reason=OOS_NOT_STRICT
2026-08-17T22:23:04+00:00 SKIP_EXISTING [197/560] id=GDD14_17 window=IS
2026-08-17T22:23:04+00:00 SKIP_EXISTING [197/560] id=GDD14_17 window=OOS
2026-08-17T22:23:04+00:00 GATE_SKIP id=GDD14_17 window=XM5 reason=OOS_NOT_STRICT
2026-08-17T22:23:04+00:00 SKIP_EXISTING [198/560] id=GDD14_18 window=IS
2026-08-17T22:23:04+00:00 SKIP_EXISTING [198/560] id=GDD14_18 window=OOS
2026-08-17T22:23:04+00:00 GATE_SKIP id=GDD14_18 window=XM5 reason=OOS_NOT_STRICT
2026-08-17T22:23:04+00:00 SKIP_EXISTING [199/560] id=GDD14_19 window=IS
2026-08-17T22:23:04+00:00 GATE_SKIP id=GDD14_19 window=OOS reason=IS_NOT_SURVIVOR
2026-08-17T22:23:04+00:00 GATE_SKIP id=GDD14_19 window=XM5 reason=OOS_NOT_STRICT
2026-08-17T22:23:04+00:00 SKIP_EXISTING [200/560] id=GDD14_20 window=IS
2026-08-17T22:23:04+00:00 GATE_SKIP id=GDD14_20 window=OOS reason=IS_NOT_SURVIVOR
2026-08-17T22:23:04+00:00 GATE_SKIP id=GDD14_20 window=XM5 reason=OOS_NOT_STRICT
2026-08-17T22:23:04+00:00 SKIP_EXISTING [201/560] id=GDD15_01 window=IS
2026-08-17T22:23:04+00:00 GATE_SKIP id=GDD15_01 window=OOS reason=IS_NOT_SURVIVOR
2026-08-17T22:23:04+00:00 GATE_SKIP id=GDD15_01 window=XM5 reason=OOS_NOT_STRICT
2026-08-17T22:23:04+00:00 SKIP_EXISTING [202/560] id=GDD15_02 window=IS
2026-08-17T22:23:04+00:00 SKIP_EXISTING [202/560] id=GDD15_02 window=OOS
2026-08-17T22:23:04+00:00 GATE_SKIP id=GDD15_02 window=XM5 reason=OOS_NOT_STRICT
2026-08-17T22:23:04+00:00 SKIP_EXISTING [203/560] id=GDD15_03 window=IS
2026-08-17T22:23:04+00:00 SKIP_EXISTING [203/560] id=GDD15_03 window=OOS
2026-08-17T22:23:04+00:00 GATE_SKIP id=GDD15_03 window=XM5 reason=OOS_NOT_STRICT
2026-08-17T22:23:04+00:00 SKIP_EXISTING [204/560] id=GDD15_04 window=IS
2026-08-17T22:23:04+00:00 SKIP_EXISTING [204/560] id=GDD15_04 window=OOS
2026-08-17T22:23:04+00:00 GATE_SKIP id=GDD15_04 window=XM5 reason=OOS_NOT_STRICT
2026-08-17T22:23:04+00:00 SKIP_EXISTING [205/560] id=GDD15_05 window=IS
2026-08-17T22:23:04+00:00 SKIP_EXISTING [205/560] id=GDD15_05 window=OOS
2026-08-17T22:23:04+00:00 GATE_SKIP id=GDD15_05 window=XM5 reason=OOS_NOT_STRICT
2026-08-17T22:23:04+00:00 SKIP_EXISTING [206/560] id=GDD15_06 window=IS
2026-08-17T22:23:04+00:00 SKIP_EXISTING [206/560] id=GDD15_06 window=OOS
2026-08-17T22:23:04+00:00 GATE_SKIP id=GDD15_06 window=XM5 reason=OOS_NOT_STRICT
2026-08-17T22:23:04+00:00 SKIP_EXISTING [207/560] id=GDD15_07 window=IS
2026-08-17T22:23:04+00:00 SKIP_EXISTING [207/560] id=GDD15_07 window=OOS
2026-08-17T22:23:04+00:00 GATE_SKIP id=GDD15_07 window=XM5 reason=OOS_NOT_STRICT
2026-08-17T22:23:04+00:00 SKIP_EXISTING [208/560] id=GDD15_08 window=IS
2026-08-17T22:23:04+00:00 SKIP_EXISTING [208/560] id=GDD15_08 window=OOS
2026-08-17T22:23:04+00:00 GATE_SKIP id=GDD15_08 window=XM5 reason=OOS_NOT_STRICT
2026-08-17T22:23:04+00:00 SKIP_EXISTING [209/560] id=GDD15_09 window=IS
2026-08-17T22:23:04+00:00 SKIP_EXISTING [209/560] id=GDD15_09 window=OOS
2026-08-17T22:23:04+00:00 GATE_SKIP id=GDD15_09 window=XM5 reason=OOS_NOT_STRICT
2026-08-17T22:23:04+00:00 SKIP_EXISTING [210/560] id=GDD15_10 window=IS
2026-08-17T22:23:04+00:00 SKIP_EXISTING [210/560] id=GDD15_10 window=OOS
2026-08-17T22:23:04+00:00 GATE_SKIP id=GDD15_10 window=XM5 reason=OOS_NOT_STRICT
2026-08-17T22:23:04+00:00 SKIP_EXISTING [211/560] id=GDD15_11 window=IS
2026-08-17T22:23:04+00:00 SKIP_EXISTING [211/560] id=GDD15_11 window=OOS
2026-08-17T22:23:04+00:00 GATE_SKIP id=GDD15_11 window=XM5 reason=OOS_NOT_STRICT
2026-08-17T22:23:04+00:00 SKIP_EXISTING [212/560] id=GDD15_12 window=IS
2026-08-17T22:23:04+00:00 GATE_SKIP id=GDD15_12 window=OOS reason=IS_NOT_SURVIVOR
2026-08-17T22:23:04+00:00 GATE_SKIP id=GDD15_12 window=XM5 reason=OOS_NOT_STRICT
2026-08-17T22:23:04+00:00 SKIP_EXISTING [213/560] id=GDD15_13 window=IS
2026-08-17T22:23:04+00:00 GATE_SKIP id=GDD15_13 window=OOS reason=IS_NOT_SURVIVOR
2026-08-17T22:23:04+00:00 GATE_SKIP id=GDD15_13 window=XM5 reason=OOS_NOT_STRICT
2026-08-17T22:23:04+00:00 SKIP_EXISTING [214/560] id=GDD15_14 window=IS
2026-08-17T22:23:04+00:00 GATE_SKIP id=GDD15_14 window=OOS reason=IS_NOT_SURVIVOR
2026-08-17T22:23:04+00:00 GATE_SKIP id=GDD15_14 window=XM5 reason=OOS_NOT_STRICT
2026-08-17T22:23:04+00:00 SKIP_EXISTING [215/560] id=GDD15_15 window=IS
2026-08-17T22:23:04+00:00 GATE_SKIP id=GDD15_15 window=OOS reason=IS_NOT_SURVIVOR
2026-08-17T22:23:04+00:00 GATE_SKIP id=GDD15_15 window=XM5 reason=OOS_NOT_STRICT
2026-08-17T22:23:04+00:00 SKIP_EXISTING [216/560] id=GDD15_16 window=IS
2026-08-17T22:23:04+00:00 GATE_SKIP id=GDD15_16 window=OOS reason=IS_NOT_SURVIVOR
2026-08-17T22:23:04+00:00 GATE_SKIP id=GDD15_16 window=XM5 reason=OOS_NOT_STRICT
2026-08-17T22:23:04+00:00 SKIP_EXISTING [217/560] id=GDD15_17 window=IS
2026-08-17T22:23:04+00:00 GATE_SKIP id=GDD15_17 window=OOS reason=IS_NOT_SURVIVOR
2026-08-17T22:23:04+00:00 GATE_SKIP id=GDD15_17 window=XM5 reason=OOS_NOT_STRICT
2026-08-17T22:23:04+00:00 SKIP_EXISTING [218/560] id=GDD15_18 window=IS
2026-08-17T22:23:04+00:00 GATE_SKIP id=GDD15_18 window=OOS reason=IS_NOT_SURVIVOR
2026-08-17T22:23:04+00:00 GATE_SKIP id=GDD15_18 window=XM5 reason=OOS_NOT_STRICT
2026-08-17T22:23:04+00:00 SKIP_EXISTING [219/560] id=GDD15_19 window=IS
2026-08-17T22:23:04+00:00 GATE_SKIP id=GDD15_19 window=OOS reason=IS_NOT_SURVIVOR
2026-08-17T22:23:04+00:00 GATE_SKIP id=GDD15_19 window=XM5 reason=OOS_NOT_STRICT
2026-08-17T22:23:04+00:00 SKIP_EXISTING [220/560] id=GDD15_20 window=IS
2026-08-17T22:23:04+00:00 GATE_SKIP id=GDD15_20 window=OOS reason=IS_NOT_SURVIVOR
2026-08-17T22:23:04+00:00 GATE_SKIP id=GDD15_20 window=XM5 reason=OOS_NOT_STRICT
2026-08-17T22:23:04+00:00 SKIP_EXISTING [221/560] id=GDD16_01 window=IS
2026-08-17T22:23:04+00:00 GATE_SKIP id=GDD16_01 window=OOS reason=IS_NOT_SURVIVOR
2026-08-17T22:23:04+00:00 GATE_SKIP id=GDD16_01 window=XM5 reason=OOS_NOT_STRICT
2026-08-17T22:23:04+00:00 SKIP_EXISTING [222/560] id=GDD16_02 window=IS
2026-08-17T22:23:04+00:00 GATE_SKIP id=GDD16_02 window=OOS reason=IS_NOT_SURVIVOR
2026-08-17T22:23:04+00:00 GATE_SKIP id=GDD16_02 window=XM5 reason=OOS_NOT_STRICT
2026-08-17T22:23:04+00:00 SKIP_EXISTING [223/560] id=GDD16_03 window=IS
2026-08-17T22:23:04+00:00 GATE_SKIP id=GDD16_03 window=OOS reason=IS_NOT_SURVIVOR
2026-08-17T22:23:04+00:00 GATE_SKIP id=GDD16_03 window=XM5 reason=OOS_NOT_STRICT
2026-08-17T22:23:04+00:00 SKIP_EXISTING [224/560] id=GDD16_04 window=IS
2026-08-17T22:23:04+00:00 GATE_SKIP id=GDD16_04 window=OOS reason=IS_NOT_SURVIVOR
2026-08-17T22:23:04+00:00 GATE_SKIP id=GDD16_04 window=XM5 reason=OOS_NOT_STRICT
2026-08-17T22:23:04+00:00 SKIP_EXISTING [225/560] id=GDD16_05 window=IS
2026-08-17T22:23:04+00:00 GATE_SKIP id=GDD16_05 window=OOS reason=IS_NOT_SURVIVOR
2026-08-17T22:23:04+00:00 GATE_SKIP id=GDD16_05 window=XM5 reason=OOS_NOT_STRICT
2026-08-17T22:23:04+00:00 SKIP_EXISTING [226/560] id=GDD16_06 window=IS
2026-08-17T22:23:04+00:00 GATE_SKIP id=GDD16_06 window=OOS reason=IS_NOT_SURVIVOR
2026-08-17T22:23:04+00:00 GATE_SKIP id=GDD16_06 window=XM5 reason=OOS_NOT_STRICT
2026-08-17T22:23:04+00:00 SKIP_EXISTING [227/560] id=GDD16_07 window=IS
2026-08-17T22:23:04+00:00 GATE_SKIP id=GDD16_07 window=OOS reason=IS_NOT_SURVIVOR
2026-08-17T22:23:04+00:00 GATE_SKIP id=GDD16_07 window=XM5 reason=OOS_NOT_STRICT
2026-08-17T22:23:04+00:00 SKIP_EXISTING [228/560] id=GDD16_08 window=IS
2026-08-17T22:23:04+00:00 GATE_SKIP id=GDD16_08 window=OOS reason=IS_NOT_SURVIVOR
2026-08-17T22:23:04+00:00 GATE_SKIP id=GDD16_08 window=XM5 reason=OOS_NOT_STRICT
2026-08-17T22:23:04+00:00 SKIP_EXISTING [229/560] id=GDD16_09 window=IS
2026-08-17T22:23:04+00:00 GATE_SKIP id=GDD16_09 window=OOS reason=IS_NOT_SURVIVOR
2026-08-17T22:23:04+00:00 GATE_SKIP id=GDD16_09 window=XM5 reason=OOS_NOT_STRICT
2026-08-17T22:23:04+00:00 SKIP_EXISTING [230/560] id=GDD16_10 window=IS
2026-08-17T22:23:04+00:00 SKIP_EXISTING [230/560] id=GDD16_10 window=OOS
2026-08-17T22:23:04+00:00 GATE_SKIP id=GDD16_10 window=XM5 reason=OOS_NOT_STRICT
2026-08-17T22:23:04+00:00 SKIP_EXISTING [231/560] id=GDD16_11 window=IS
2026-08-17T22:23:04+00:00 SKIP_EXISTING [231/560] id=GDD16_11 window=OOS
2026-08-17T22:23:04+00:00 GATE_SKIP id=GDD16_11 window=XM5 reason=OOS_NOT_STRICT
2026-08-17T22:23:04+00:00 SKIP_EXISTING [232/560] id=GDD16_12 window=IS
2026-08-17T22:23:04+00:00 SKIP_EXISTING [232/560] id=GDD16_12 window=OOS
2026-08-17T22:23:04+00:00 GATE_SKIP id=GDD16_12 window=XM5 reason=OOS_NOT_STRICT
2026-08-17T22:23:04+00:00 RUN_START id=GDD16_13 family=pb_extension_cap window=IS run=gdd2p_is_gdd16_13_20260818072304_d1ac3a
2026-08-17T22:24:09+00:00 RUN_END id=GDD16_13 window=IS status=OK decision=IS_SURVIVOR_TRADEOFF elapsed=65.483s
2026-08-17T22:24:09+00:00 RUN_START id=GDD16_13 family=pb_extension_cap window=OOS run=gdd2p_oos_gdd16_13_20260818072409_41dc57
2026-08-17T22:24:10+00:00 WAIT_MT5 elapsed=0s processes=metatester64.exe
2026-08-17T22:25:11+00:00 WAIT_MT5 elapsed=62s processes=metatester64.exe
2026-08-17T22:26:13+00:00 WAIT_MT5 elapsed=124s processes=metatester64.exe
2026-08-17T22:27:15+00:00 WAIT_MT5 elapsed=186s processes=metatester64.exe
2026-08-17T22:28:17+00:00 WAIT_MT5 elapsed=247s processes=metatester64.exe
2026-08-17T22:29:19+00:00 KILL_ORPHAN_TESTER elapsed=309s
2026-08-17T22:30:19+00:00 RUN_END id=GDD16_13 window=OOS status=OK decision=OOS_REJECT elapsed=369.818s
2026-08-17T22:30:19+00:00 GATE_SKIP id=GDD16_13 window=XM5 reason=OOS_NOT_STRICT
2026-08-17T22:30:19+00:00 SKIP_EXISTING [234/560] id=GDD16_14 window=IS
2026-08-17T22:30:19+00:00 GATE_SKIP id=GDD16_14 window=OOS reason=IS_NOT_SURVIVOR
2026-08-17T22:30:19+00:00 GATE_SKIP id=GDD16_14 window=XM5 reason=OOS_NOT_STRICT
2026-08-17T22:30:19+00:00 SKIP_EXISTING [235/560] id=GDD16_15 window=IS
2026-08-17T22:30:19+00:00 GATE_SKIP id=GDD16_15 window=OOS reason=IS_NOT_SURVIVOR
2026-08-17T22:30:19+00:00 GATE_SKIP id=GDD16_15 window=XM5 reason=OOS_NOT_STRICT
2026-08-17T22:30:19+00:00 SKIP_EXISTING [236/560] id=GDD16_16 window=IS
2026-08-17T22:30:19+00:00 GATE_SKIP id=GDD16_16 window=OOS reason=IS_NOT_SURVIVOR
2026-08-17T22:30:19+00:00 GATE_SKIP id=GDD16_16 window=XM5 reason=OOS_NOT_STRICT
2026-08-17T22:30:19+00:00 SKIP_EXISTING [237/560] id=GDD16_17 window=IS
2026-08-17T22:30:19+00:00 SKIP_EXISTING [237/560] id=GDD16_17 window=OOS
2026-08-17T22:30:19+00:00 GATE_SKIP id=GDD16_17 window=XM5 reason=OOS_NOT_STRICT
2026-08-17T22:30:19+00:00 SKIP_EXISTING [238/560] id=GDD16_18 window=IS
2026-08-17T22:30:19+00:00 GATE_SKIP id=GDD16_18 window=OOS reason=IS_NOT_SURVIVOR
2026-08-17T22:30:19+00:00 GATE_SKIP id=GDD16_18 window=XM5 reason=OOS_NOT_STRICT
2026-08-17T22:30:19+00:00 SKIP_EXISTING [239/560] id=GDD16_19 window=IS
2026-08-17T22:30:19+00:00 SKIP_EXISTING [239/560] id=GDD16_19 window=OOS
2026-08-17T22:30:19+00:00 GATE_SKIP id=GDD16_19 window=XM5 reason=OOS_NOT_STRICT
2026-08-17T22:30:19+00:00 SKIP_EXISTING [240/560] id=GDD16_20 window=IS
2026-08-17T22:30:19+00:00 SKIP_EXISTING [240/560] id=GDD16_20 window=OOS
2026-08-17T22:30:19+00:00 GATE_SKIP id=GDD16_20 window=XM5 reason=OOS_NOT_STRICT
2026-08-17T22:30:19+00:00 SKIP_EXISTING [241/560] id=GDD17_01 window=IS
2026-08-17T22:30:19+00:00 GATE_SKIP id=GDD17_01 window=OOS reason=IS_NOT_SURVIVOR
2026-08-17T22:30:19+00:00 GATE_SKIP id=GDD17_01 window=XM5 reason=OOS_NOT_STRICT
2026-08-17T22:30:19+00:00 SKIP_EXISTING [242/560] id=GDD17_02 window=IS
2026-08-17T22:30:19+00:00 GATE_SKIP id=GDD17_02 window=OOS reason=IS_NOT_SURVIVOR
2026-08-17T22:30:19+00:00 GATE_SKIP id=GDD17_02 window=XM5 reason=OOS_NOT_STRICT
2026-08-17T22:30:19+00:00 SKIP_EXISTING [243/560] id=GDD17_03 window=IS
2026-08-17T22:30:19+00:00 GATE_SKIP id=GDD17_03 window=OOS reason=IS_NOT_SURVIVOR
2026-08-17T22:30:19+00:00 GATE_SKIP id=GDD17_03 window=XM5 reason=OOS_NOT_STRICT
2026-08-17T22:30:19+00:00 SKIP_EXISTING [244/560] id=GDD17_04 window=IS
2026-08-17T22:30:19+00:00 SKIP_EXISTING [244/560] id=GDD17_04 window=OOS
2026-08-17T22:30:19+00:00 GATE_SKIP id=GDD17_04 window=XM5 reason=OOS_NOT_STRICT
2026-08-17T22:30:19+00:00 SKIP_EXISTING [245/560] id=GDD17_05 window=IS
2026-08-17T22:30:19+00:00 SKIP_EXISTING [245/560] id=GDD17_05 window=OOS
2026-08-17T22:30:19+00:00 GATE_SKIP id=GDD17_05 window=XM5 reason=OOS_NOT_STRICT
2026-08-17T22:30:19+00:00 SKIP_EXISTING [246/560] id=GDD17_06 window=IS
2026-08-17T22:30:19+00:00 SKIP_EXISTING [246/560] id=GDD17_06 window=OOS
2026-08-17T22:30:19+00:00 GATE_SKIP id=GDD17_06 window=XM5 reason=OOS_NOT_STRICT
2026-08-17T22:30:19+00:00 SKIP_EXISTING [247/560] id=GDD17_07 window=IS
2026-08-17T22:30:19+00:00 SKIP_EXISTING [247/560] id=GDD17_07 window=OOS
2026-08-17T22:30:19+00:00 GATE_SKIP id=GDD17_07 window=XM5 reason=OOS_NOT_STRICT
2026-08-17T22:30:19+00:00 SKIP_EXISTING [248/560] id=GDD17_08 window=IS
2026-08-17T22:30:19+00:00 GATE_SKIP id=GDD17_08 window=OOS reason=IS_NOT_SURVIVOR
2026-08-17T22:30:19+00:00 GATE_SKIP id=GDD17_08 window=XM5 reason=OOS_NOT_STRICT
2026-08-17T22:30:19+00:00 SKIP_EXISTING [249/560] id=GDD17_09 window=IS
2026-08-17T22:30:19+00:00 GATE_SKIP id=GDD17_09 window=OOS reason=IS_NOT_SURVIVOR
2026-08-17T22:30:19+00:00 GATE_SKIP id=GDD17_09 window=XM5 reason=OOS_NOT_STRICT
2026-08-17T22:30:19+00:00 SKIP_EXISTING [250/560] id=GDD17_10 window=IS
2026-08-17T22:30:19+00:00 GATE_SKIP id=GDD17_10 window=OOS reason=IS_NOT_SURVIVOR
2026-08-17T22:30:19+00:00 GATE_SKIP id=GDD17_10 window=XM5 reason=OOS_NOT_STRICT
2026-08-17T22:30:19+00:00 SKIP_EXISTING [251/560] id=GDD17_11 window=IS
2026-08-17T22:30:19+00:00 GATE_SKIP id=GDD17_11 window=OOS reason=IS_NOT_SURVIVOR
2026-08-17T22:30:19+00:00 GATE_SKIP id=GDD17_11 window=XM5 reason=OOS_NOT_STRICT
2026-08-17T22:30:19+00:00 SKIP_EXISTING [252/560] id=GDD17_12 window=IS
2026-08-17T22:30:19+00:00 GATE_SKIP id=GDD17_12 window=OOS reason=IS_NOT_SURVIVOR
2026-08-17T22:30:19+00:00 GATE_SKIP id=GDD17_12 window=XM5 reason=OOS_NOT_STRICT
2026-08-17T22:30:19+00:00 SKIP_EXISTING [253/560] id=GDD17_13 window=IS
2026-08-17T22:30:19+00:00 GATE_SKIP id=GDD17_13 window=OOS reason=IS_NOT_SURVIVOR
2026-08-17T22:30:19+00:00 GATE_SKIP id=GDD17_13 window=XM5 reason=OOS_NOT_STRICT
2026-08-17T22:30:19+00:00 SKIP_EXISTING [254/560] id=GDD17_14 window=IS
2026-08-17T22:30:19+00:00 GATE_SKIP id=GDD17_14 window=OOS reason=IS_NOT_SURVIVOR
2026-08-17T22:30:19+00:00 GATE_SKIP id=GDD17_14 window=XM5 reason=OOS_NOT_STRICT
2026-08-17T22:30:19+00:00 SKIP_EXISTING [255/560] id=GDD17_15 window=IS
2026-08-17T22:30:19+00:00 GATE_SKIP id=GDD17_15 window=OOS reason=IS_NOT_SURVIVOR
2026-08-17T22:30:19+00:00 GATE_SKIP id=GDD17_15 window=XM5 reason=OOS_NOT_STRICT
2026-08-17T22:30:19+00:00 SKIP_EXISTING [256/560] id=GDD17_16 window=IS
2026-08-17T22:30:19+00:00 GATE_SKIP id=GDD17_16 window=OOS reason=IS_NOT_SURVIVOR
2026-08-17T22:30:19+00:00 GATE_SKIP id=GDD17_16 window=XM5 reason=OOS_NOT_STRICT
2026-08-17T22:30:19+00:00 SKIP_EXISTING [257/560] id=GDD17_17 window=IS
2026-08-17T22:30:19+00:00 GATE_SKIP id=GDD17_17 window=OOS reason=IS_NOT_SURVIVOR
2026-08-17T22:30:19+00:00 GATE_SKIP id=GDD17_17 window=XM5 reason=OOS_NOT_STRICT
2026-08-17T22:30:19+00:00 SKIP_EXISTING [258/560] id=GDD17_18 window=IS
2026-08-17T22:30:19+00:00 SKIP_EXISTING [258/560] id=GDD17_18 window=OOS
2026-08-17T22:30:19+00:00 GATE_SKIP id=GDD17_18 window=XM5 reason=OOS_NOT_STRICT
2026-08-17T22:30:19+00:00 SKIP_EXISTING [259/560] id=GDD17_19 window=IS
2026-08-17T22:30:19+00:00 SKIP_EXISTING [259/560] id=GDD17_19 window=OOS
2026-08-17T22:30:19+00:00 GATE_SKIP id=GDD17_19 window=XM5 reason=OOS_NOT_STRICT
2026-08-17T22:30:19+00:00 SKIP_EXISTING [260/560] id=GDD17_20 window=IS
2026-08-17T22:30:19+00:00 SKIP_EXISTING [260/560] id=GDD17_20 window=OOS
2026-08-17T22:30:19+00:00 GATE_SKIP id=GDD17_20 window=XM5 reason=OOS_NOT_STRICT
2026-08-17T22:30:19+00:00 SKIP_EXISTING [261/560] id=GDD18_01 window=IS
2026-08-17T22:30:19+00:00 GATE_SKIP id=GDD18_01 window=OOS reason=IS_NOT_SURVIVOR
2026-08-17T22:30:19+00:00 GATE_SKIP id=GDD18_01 window=XM5 reason=OOS_NOT_STRICT
2026-08-17T22:30:19+00:00 SKIP_EXISTING [262/560] id=GDD18_02 window=IS
2026-08-17T22:30:19+00:00 GATE_SKIP id=GDD18_02 window=OOS reason=IS_NOT_SURVIVOR
2026-08-17T22:30:19+00:00 GATE_SKIP id=GDD18_02 window=XM5 reason=OOS_NOT_STRICT
2026-08-17T22:30:19+00:00 SKIP_EXISTING [263/560] id=GDD18_03 window=IS
2026-08-17T22:30:19+00:00 GATE_SKIP id=GDD18_03 window=OOS reason=IS_NOT_SURVIVOR
2026-08-17T22:30:19+00:00 GATE_SKIP id=GDD18_03 window=XM5 reason=OOS_NOT_STRICT
2026-08-17T22:30:19+00:00 SKIP_EXISTING [264/560] id=GDD18_04 window=IS
2026-08-17T22:30:19+00:00 GATE_SKIP id=GDD18_04 window=OOS reason=IS_NOT_SURVIVOR
2026-08-17T22:30:19+00:00 GATE_SKIP id=GDD18_04 window=XM5 reason=OOS_NOT_STRICT
2026-08-17T22:30:19+00:00 SKIP_EXISTING [265/560] id=GDD18_05 window=IS
2026-08-17T22:30:19+00:00 GATE_SKIP id=GDD18_05 window=OOS reason=IS_NOT_SURVIVOR
2026-08-17T22:30:19+00:00 GATE_SKIP id=GDD18_05 window=XM5 reason=OOS_NOT_STRICT
2026-08-17T22:30:19+00:00 SKIP_EXISTING [266/560] id=GDD18_06 window=IS
2026-08-17T22:30:19+00:00 GATE_SKIP id=GDD18_06 window=OOS reason=IS_NOT_SURVIVOR
2026-08-17T22:30:19+00:00 GATE_SKIP id=GDD18_06 window=XM5 reason=OOS_NOT_STRICT
2026-08-17T22:30:19+00:00 SKIP_EXISTING [267/560] id=GDD18_07 window=IS
2026-08-17T22:30:19+00:00 GATE_SKIP id=GDD18_07 window=OOS reason=IS_NOT_SURVIVOR
2026-08-17T22:30:19+00:00 GATE_SKIP id=GDD18_07 window=XM5 reason=OOS_NOT_STRICT
2026-08-17T22:30:19+00:00 SKIP_EXISTING [268/560] id=GDD18_08 window=IS
2026-08-17T22:30:19+00:00 GATE_SKIP id=GDD18_08 window=OOS reason=IS_NOT_SURVIVOR
2026-08-17T22:30:19+00:00 GATE_SKIP id=GDD18_08 window=XM5 reason=OOS_NOT_STRICT
2026-08-17T22:30:19+00:00 SKIP_EXISTING [269/560] id=GDD18_09 window=IS
2026-08-17T22:30:19+00:00 GATE_SKIP id=GDD18_09 window=OOS reason=IS_NOT_SURVIVOR
2026-08-17T22:30:19+00:00 GATE_SKIP id=GDD18_09 window=XM5 reason=OOS_NOT_STRICT
2026-08-17T22:30:19+00:00 SKIP_EXISTING [270/560] id=GDD18_10 window=IS
2026-08-17T22:30:19+00:00 GATE_SKIP id=GDD18_10 window=OOS reason=IS_NOT_SURVIVOR
2026-08-17T22:30:19+00:00 GATE_SKIP id=GDD18_10 window=XM5 reason=OOS_NOT_STRICT
2026-08-17T22:30:19+00:00 SKIP_EXISTING [271/560] id=GDD18_11 window=IS
2026-08-17T22:30:19+00:00 GATE_SKIP id=GDD18_11 window=OOS reason=IS_NOT_SURVIVOR
2026-08-17T22:30:19+00:00 GATE_SKIP id=GDD18_11 window=XM5 reason=OOS_NOT_STRICT
2026-08-17T22:30:19+00:00 SKIP_EXISTING [272/560] id=GDD18_12 window=IS
2026-08-17T22:30:19+00:00 SKIP_EXISTING [272/560] id=GDD18_12 window=OOS
2026-08-17T22:30:19+00:00 GATE_SKIP id=GDD18_12 window=XM5 reason=OOS_NOT_STRICT
2026-08-17T22:30:19+00:00 SKIP_EXISTING [273/560] id=GDD18_13 window=IS
2026-08-17T22:30:19+00:00 SKIP_EXISTING [273/560] id=GDD18_13 window=OOS
2026-08-17T22:30:19+00:00 SKIP_EXISTING [273/560] id=GDD18_13 window=XM5
2026-08-17T22:30:19+00:00 SKIP_EXISTING [274/560] id=GDD18_14 window=IS
2026-08-17T22:30:19+00:00 SKIP_EXISTING [274/560] id=GDD18_14 window=OOS
2026-08-17T22:30:19+00:00 SKIP_EXISTING [274/560] id=GDD18_14 window=XM5
2026-08-17T22:30:19+00:00 SKIP_EXISTING [275/560] id=GDD18_15 window=IS
2026-08-17T22:30:19+00:00 SKIP_EXISTING [275/560] id=GDD18_15 window=OOS
2026-08-17T22:30:19+00:00 SKIP_EXISTING [275/560] id=GDD18_15 window=XM5
2026-08-17T22:30:19+00:00 SKIP_EXISTING [276/560] id=GDD18_16 window=IS
2026-08-17T22:30:19+00:00 SKIP_EXISTING [276/560] id=GDD18_16 window=OOS
2026-08-17T22:30:19+00:00 SKIP_EXISTING [276/560] id=GDD18_16 window=XM5
2026-08-17T22:30:19+00:00 SKIP_EXISTING [277/560] id=GDD18_17 window=IS
2026-08-17T22:30:19+00:00 SKIP_EXISTING [277/560] id=GDD18_17 window=OOS
2026-08-17T22:30:19+00:00 SKIP_EXISTING [277/560] id=GDD18_17 window=XM5
2026-08-17T22:30:19+00:00 SKIP_EXISTING [278/560] id=GDD18_18 window=IS
2026-08-17T22:30:19+00:00 SKIP_EXISTING [278/560] id=GDD18_18 window=OOS
2026-08-17T22:30:19+00:00 SKIP_EXISTING [278/560] id=GDD18_18 window=XM5
2026-08-17T22:30:19+00:00 SKIP_EXISTING [279/560] id=GDD18_19 window=IS
2026-08-17T22:30:19+00:00 SKIP_EXISTING [279/560] id=GDD18_19 window=OOS
2026-08-17T22:30:19+00:00 SKIP_EXISTING [279/560] id=GDD18_19 window=XM5
2026-08-17T22:30:19+00:00 SKIP_EXISTING [280/560] id=GDD18_20 window=IS
2026-08-17T22:30:19+00:00 SKIP_EXISTING [280/560] id=GDD18_20 window=OOS
2026-08-17T22:30:19+00:00 SKIP_EXISTING [280/560] id=GDD18_20 window=XM5
2026-08-17T22:30:19+00:00 SKIP_EXISTING [281/560] id=GDD19_01 window=IS
2026-08-17T22:30:19+00:00 GATE_SKIP id=GDD19_01 window=OOS reason=IS_NOT_SURVIVOR
2026-08-17T22:30:19+00:00 GATE_SKIP id=GDD19_01 window=XM5 reason=OOS_NOT_STRICT
2026-08-17T22:30:19+00:00 SKIP_EXISTING [282/560] id=GDD19_02 window=IS
2026-08-17T22:30:19+00:00 GATE_SKIP id=GDD19_02 window=OOS reason=IS_NOT_SURVIVOR
2026-08-17T22:30:19+00:00 GATE_SKIP id=GDD19_02 window=XM5 reason=OOS_NOT_STRICT
2026-08-17T22:30:19+00:00 SKIP_EXISTING [283/560] id=GDD19_03 window=IS
2026-08-17T22:30:19+00:00 SKIP_EXISTING [283/560] id=GDD19_03 window=OOS
2026-08-17T22:30:19+00:00 GATE_SKIP id=GDD19_03 window=XM5 reason=OOS_NOT_STRICT
2026-08-17T22:30:19+00:00 SKIP_EXISTING [284/560] id=GDD19_04 window=IS
2026-08-17T22:30:19+00:00 SKIP_EXISTING [284/560] id=GDD19_04 window=OOS
2026-08-17T22:30:19+00:00 GATE_SKIP id=GDD19_04 window=XM5 reason=OOS_NOT_STRICT
2026-08-17T22:30:19+00:00 SKIP_EXISTING [285/560] id=GDD19_05 window=IS
2026-08-17T22:30:19+00:00 SKIP_EXISTING [285/560] id=GDD19_05 window=OOS
2026-08-17T22:30:19+00:00 GATE_SKIP id=GDD19_05 window=XM5 reason=OOS_NOT_STRICT
2026-08-17T22:30:19+00:00 SKIP_EXISTING [286/560] id=GDD19_06 window=IS
2026-08-17T22:30:19+00:00 SKIP_EXISTING [286/560] id=GDD19_06 window=OOS
2026-08-17T22:30:19+00:00 GATE_SKIP id=GDD19_06 window=XM5 reason=OOS_NOT_STRICT
2026-08-17T22:30:19+00:00 SKIP_EXISTING [287/560] id=GDD19_07 window=IS
2026-08-17T22:30:19+00:00 SKIP_EXISTING [287/560] id=GDD19_07 window=OOS
2026-08-17T22:30:19+00:00 GATE_SKIP id=GDD19_07 window=XM5 reason=OOS_NOT_STRICT
2026-08-17T22:30:19+00:00 SKIP_EXISTING [288/560] id=GDD19_08 window=IS
2026-08-17T22:30:19+00:00 SKIP_EXISTING [288/560] id=GDD19_08 window=OOS
2026-08-17T22:30:19+00:00 GATE_SKIP id=GDD19_08 window=XM5 reason=OOS_NOT_STRICT
2026-08-17T22:30:19+00:00 SKIP_EXISTING [289/560] id=GDD19_09 window=IS
2026-08-17T22:30:19+00:00 SKIP_EXISTING [289/560] id=GDD19_09 window=OOS
2026-08-17T22:30:19+00:00 GATE_SKIP id=GDD19_09 window=XM5 reason=OOS_NOT_STRICT
2026-08-17T22:30:19+00:00 SKIP_EXISTING [290/560] id=GDD19_10 window=IS
2026-08-17T22:30:19+00:00 SKIP_EXISTING [290/560] id=GDD19_10 window=OOS
2026-08-17T22:30:19+00:00 GATE_SKIP id=GDD19_10 window=XM5 reason=OOS_NOT_STRICT
2026-08-17T22:30:19+00:00 SKIP_EXISTING [291/560] id=GDD19_11 window=IS
2026-08-17T22:30:19+00:00 SKIP_EXISTING [291/560] id=GDD19_11 window=OOS
2026-08-17T22:30:19+00:00 GATE_SKIP id=GDD19_11 window=XM5 reason=OOS_NOT_STRICT
2026-08-17T22:30:19+00:00 SKIP_EXISTING [292/560] id=GDD19_12 window=IS
2026-08-17T22:30:19+00:00 SKIP_EXISTING [292/560] id=GDD19_12 window=OOS
2026-08-17T22:30:19+00:00 GATE_SKIP id=GDD19_12 window=XM5 reason=OOS_NOT_STRICT
2026-08-17T22:30:19+00:00 SKIP_EXISTING [293/560] id=GDD19_13 window=IS
2026-08-17T22:30:19+00:00 SKIP_EXISTING [293/560] id=GDD19_13 window=OOS
2026-08-17T22:30:19+00:00 SKIP_EXISTING [293/560] id=GDD19_13 window=XM5
2026-08-17T22:30:19+00:00 SKIP_EXISTING [294/560] id=GDD19_14 window=IS
2026-08-17T22:30:19+00:00 SKIP_EXISTING [294/560] id=GDD19_14 window=OOS
2026-08-17T22:30:19+00:00 SKIP_EXISTING [294/560] id=GDD19_14 window=XM5
2026-08-17T22:30:19+00:00 SKIP_EXISTING [295/560] id=GDD19_15 window=IS
2026-08-17T22:30:19+00:00 GATE_SKIP id=GDD19_15 window=OOS reason=IS_NOT_SURVIVOR
2026-08-17T22:30:19+00:00 GATE_SKIP id=GDD19_15 window=XM5 reason=OOS_NOT_STRICT
2026-08-17T22:30:19+00:00 SKIP_EXISTING [296/560] id=GDD19_16 window=IS
2026-08-17T22:30:19+00:00 GATE_SKIP id=GDD19_16 window=OOS reason=IS_NOT_SURVIVOR
2026-08-17T22:30:19+00:00 GATE_SKIP id=GDD19_16 window=XM5 reason=OOS_NOT_STRICT
2026-08-17T22:30:19+00:00 SKIP_EXISTING [297/560] id=GDD19_17 window=IS
2026-08-17T22:30:19+00:00 GATE_SKIP id=GDD19_17 window=OOS reason=IS_NOT_SURVIVOR
2026-08-17T22:30:19+00:00 GATE_SKIP id=GDD19_17 window=XM5 reason=OOS_NOT_STRICT
2026-08-17T22:30:19+00:00 SKIP_EXISTING [298/560] id=GDD19_18 window=IS
2026-08-17T22:30:19+00:00 GATE_SKIP id=GDD19_18 window=OOS reason=IS_NOT_SURVIVOR
2026-08-17T22:30:19+00:00 GATE_SKIP id=GDD19_18 window=XM5 reason=OOS_NOT_STRICT
2026-08-17T22:30:19+00:00 SKIP_EXISTING [299/560] id=GDD19_19 window=IS
2026-08-17T22:30:19+00:00 GATE_SKIP id=GDD19_19 window=OOS reason=IS_NOT_SURVIVOR
2026-08-17T22:30:19+00:00 GATE_SKIP id=GDD19_19 window=XM5 reason=OOS_NOT_STRICT
2026-08-17T22:30:19+00:00 SKIP_EXISTING [300/560] id=GDD19_20 window=IS
2026-08-17T22:30:19+00:00 GATE_SKIP id=GDD19_20 window=OOS reason=IS_NOT_SURVIVOR
2026-08-17T22:30:19+00:00 GATE_SKIP id=GDD19_20 window=XM5 reason=OOS_NOT_STRICT
2026-08-17T22:30:19+00:00 SKIP_EXISTING [301/560] id=GDD20_01 window=IS
2026-08-17T22:30:19+00:00 GATE_SKIP id=GDD20_01 window=OOS reason=IS_NOT_SURVIVOR
2026-08-17T22:30:19+00:00 GATE_SKIP id=GDD20_01 window=XM5 reason=OOS_NOT_STRICT
2026-08-17T22:30:19+00:00 SKIP_EXISTING [302/560] id=GDD20_02 window=IS
2026-08-17T22:30:19+00:00 GATE_SKIP id=GDD20_02 window=OOS reason=IS_NOT_SURVIVOR
2026-08-17T22:30:19+00:00 GATE_SKIP id=GDD20_02 window=XM5 reason=OOS_NOT_STRICT
2026-08-17T22:30:19+00:00 SKIP_EXISTING [303/560] id=GDD20_03 window=IS
2026-08-17T22:30:19+00:00 GATE_SKIP id=GDD20_03 window=OOS reason=IS_NOT_SURVIVOR
2026-08-17T22:30:19+00:00 GATE_SKIP id=GDD20_03 window=XM5 reason=OOS_NOT_STRICT
2026-08-17T22:30:19+00:00 SKIP_EXISTING [304/560] id=GDD20_04 window=IS
2026-08-17T22:30:19+00:00 GATE_SKIP id=GDD20_04 window=OOS reason=IS_NOT_SURVIVOR
2026-08-17T22:30:19+00:00 GATE_SKIP id=GDD20_04 window=XM5 reason=OOS_NOT_STRICT
2026-08-17T22:30:19+00:00 SKIP_EXISTING [305/560] id=GDD20_05 window=IS
2026-08-17T22:30:19+00:00 GATE_SKIP id=GDD20_05 window=OOS reason=IS_NOT_SURVIVOR
2026-08-17T22:30:19+00:00 GATE_SKIP id=GDD20_05 window=XM5 reason=OOS_NOT_STRICT
2026-08-17T22:30:19+00:00 SKIP_EXISTING [306/560] id=GDD20_06 window=IS
2026-08-17T22:30:19+00:00 GATE_SKIP id=GDD20_06 window=OOS reason=IS_NOT_SURVIVOR
2026-08-17T22:30:19+00:00 GATE_SKIP id=GDD20_06 window=XM5 reason=OOS_NOT_STRICT
2026-08-17T22:30:19+00:00 SKIP_EXISTING [307/560] id=GDD20_07 window=IS
2026-08-17T22:30:19+00:00 GATE_SKIP id=GDD20_07 window=OOS reason=IS_NOT_SURVIVOR
2026-08-17T22:30:19+00:00 GATE_SKIP id=GDD20_07 window=XM5 reason=OOS_NOT_STRICT
2026-08-17T22:30:19+00:00 SKIP_EXISTING [308/560] id=GDD20_08 window=IS
2026-08-17T22:30:19+00:00 GATE_SKIP id=GDD20_08 window=OOS reason=IS_NOT_SURVIVOR
2026-08-17T22:30:19+00:00 GATE_SKIP id=GDD20_08 window=XM5 reason=OOS_NOT_STRICT
2026-08-17T22:30:19+00:00 SKIP_EXISTING [309/560] id=GDD20_09 window=IS
2026-08-17T22:30:19+00:00 GATE_SKIP id=GDD20_09 window=OOS reason=IS_NOT_SURVIVOR
2026-08-17T22:30:19+00:00 GATE_SKIP id=GDD20_09 window=XM5 reason=OOS_NOT_STRICT
2026-08-17T22:30:19+00:00 SKIP_EXISTING [310/560] id=GDD20_10 window=IS
2026-08-17T22:30:19+00:00 GATE_SKIP id=GDD20_10 window=OOS reason=IS_NOT_SURVIVOR
2026-08-17T22:30:19+00:00 GATE_SKIP id=GDD20_10 window=XM5 reason=OOS_NOT_STRICT
2026-08-17T22:30:19+00:00 SKIP_EXISTING [311/560] id=GDD20_11 window=IS
2026-08-17T22:30:19+00:00 GATE_SKIP id=GDD20_11 window=OOS reason=IS_NOT_SURVIVOR
2026-08-17T22:30:19+00:00 GATE_SKIP id=GDD20_11 window=XM5 reason=OOS_NOT_STRICT
2026-08-17T22:30:19+00:00 SKIP_EXISTING [312/560] id=GDD20_12 window=IS
2026-08-17T22:30:19+00:00 SKIP_EXISTING [312/560] id=GDD20_12 window=OOS
2026-08-17T22:30:19+00:00 GATE_SKIP id=GDD20_12 window=XM5 reason=OOS_NOT_STRICT
2026-08-17T22:30:19+00:00 SKIP_EXISTING [313/560] id=GDD20_13 window=IS
2026-08-17T22:30:19+00:00 SKIP_EXISTING [313/560] id=GDD20_13 window=OOS
2026-08-17T22:30:19+00:00 GATE_SKIP id=GDD20_13 window=XM5 reason=OOS_NOT_STRICT
2026-08-17T22:30:19+00:00 SKIP_EXISTING [314/560] id=GDD20_14 window=IS
2026-08-17T22:30:19+00:00 SKIP_EXISTING [314/560] id=GDD20_14 window=OOS
2026-08-17T22:30:19+00:00 GATE_SKIP id=GDD20_14 window=XM5 reason=OOS_NOT_STRICT
2026-08-17T22:30:19+00:00 SKIP_EXISTING [315/560] id=GDD20_15 window=IS
2026-08-17T22:30:19+00:00 SKIP_EXISTING [315/560] id=GDD20_15 window=OOS
2026-08-17T22:30:19+00:00 GATE_SKIP id=GDD20_15 window=XM5 reason=OOS_NOT_STRICT
2026-08-17T22:30:19+00:00 SKIP_EXISTING [316/560] id=GDD20_16 window=IS
2026-08-17T22:30:19+00:00 SKIP_EXISTING [316/560] id=GDD20_16 window=OOS
2026-08-17T22:30:19+00:00 SKIP_EXISTING [316/560] id=GDD20_16 window=XM5
2026-08-17T22:30:19+00:00 SKIP_EXISTING [317/560] id=GDD20_17 window=IS
2026-08-17T22:30:19+00:00 SKIP_EXISTING [317/560] id=GDD20_17 window=OOS
2026-08-17T22:30:19+00:00 GATE_SKIP id=GDD20_17 window=XM5 reason=OOS_NOT_STRICT
2026-08-17T22:30:19+00:00 SKIP_EXISTING [318/560] id=GDD20_18 window=IS
2026-08-17T22:30:19+00:00 SKIP_EXISTING [318/560] id=GDD20_18 window=OOS
2026-08-17T22:30:19+00:00 GATE_SKIP id=GDD20_18 window=XM5 reason=OOS_NOT_STRICT
2026-08-17T22:30:19+00:00 SKIP_EXISTING [319/560] id=GDD20_19 window=IS
2026-08-17T22:30:19+00:00 SKIP_EXISTING [319/560] id=GDD20_19 window=OOS
2026-08-17T22:30:19+00:00 GATE_SKIP id=GDD20_19 window=XM5 reason=OOS_NOT_STRICT
2026-08-17T22:30:19+00:00 SKIP_EXISTING [320/560] id=GDD20_20 window=IS
2026-08-17T22:30:19+00:00 SKIP_EXISTING [320/560] id=GDD20_20 window=OOS
2026-08-17T22:30:19+00:00 SKIP_EXISTING [320/560] id=GDD20_20 window=XM5
2026-08-17T22:30:19+00:00 SKIP_EXISTING [321/560] id=GDD28_01 window=IS
2026-08-17T22:30:19+00:00 SKIP_EXISTING [321/560] id=GDD28_01 window=OOS
2026-08-17T22:30:19+00:00 GATE_SKIP id=GDD28_01 window=XM5 reason=OOS_NOT_STRICT
2026-08-17T22:30:19+00:00 SKIP_EXISTING [322/560] id=GDD28_02 window=IS
2026-08-17T22:30:19+00:00 GATE_SKIP id=GDD28_02 window=OOS reason=IS_NOT_SURVIVOR
2026-08-17T22:30:19+00:00 GATE_SKIP id=GDD28_02 window=XM5 reason=OOS_NOT_STRICT
2026-08-17T22:30:19+00:00 SKIP_EXISTING [323/560] id=GDD28_03 window=IS
2026-08-17T22:30:19+00:00 SKIP_EXISTING [323/560] id=GDD28_03 window=OOS
2026-08-17T22:30:19+00:00 GATE_SKIP id=GDD28_03 window=XM5 reason=OOS_NOT_STRICT
2026-08-17T22:30:19+00:00 SKIP_EXISTING [324/560] id=GDD28_04 window=IS
2026-08-17T22:30:19+00:00 SKIP_EXISTING [324/560] id=GDD28_04 window=OOS
2026-08-17T22:30:19+00:00 GATE_SKIP id=GDD28_04 window=XM5 reason=OOS_NOT_STRICT
2026-08-17T22:30:19+00:00 SKIP_EXISTING [325/560] id=GDD28_05 window=IS
2026-08-17T22:30:19+00:00 SKIP_EXISTING [325/560] id=GDD28_05 window=OOS
2026-08-17T22:30:19+00:00 GATE_SKIP id=GDD28_05 window=XM5 reason=OOS_NOT_STRICT
2026-08-17T22:30:19+00:00 SKIP_EXISTING [326/560] id=GDD28_06 window=IS
2026-08-17T22:30:19+00:00 SKIP_EXISTING [326/560] id=GDD28_06 window=OOS
2026-08-17T22:30:19+00:00 GATE_SKIP id=GDD28_06 window=XM5 reason=OOS_NOT_STRICT
2026-08-17T22:30:19+00:00 SKIP_EXISTING [327/560] id=GDD28_07 window=IS
2026-08-17T22:30:19+00:00 SKIP_EXISTING [327/560] id=GDD28_07 window=OOS
2026-08-17T22:30:19+00:00 GATE_SKIP id=GDD28_07 window=XM5 reason=OOS_NOT_STRICT
2026-08-17T22:30:19+00:00 SKIP_EXISTING [328/560] id=GDD28_08 window=IS
2026-08-17T22:30:19+00:00 SKIP_EXISTING [328/560] id=GDD28_08 window=OOS
2026-08-17T22:30:19+00:00 GATE_SKIP id=GDD28_08 window=XM5 reason=OOS_NOT_STRICT
2026-08-17T22:30:19+00:00 SKIP_EXISTING [329/560] id=GDD28_09 window=IS
2026-08-17T22:30:19+00:00 GATE_SKIP id=GDD28_09 window=OOS reason=IS_NOT_SURVIVOR
2026-08-17T22:30:19+00:00 GATE_SKIP id=GDD28_09 window=XM5 reason=OOS_NOT_STRICT
2026-08-17T22:30:19+00:00 SKIP_EXISTING [330/560] id=GDD28_10 window=IS
2026-08-17T22:30:19+00:00 GATE_SKIP id=GDD28_10 window=OOS reason=IS_NOT_SURVIVOR
2026-08-17T22:30:19+00:00 GATE_SKIP id=GDD28_10 window=XM5 reason=OOS_NOT_STRICT
2026-08-17T22:30:19+00:00 SKIP_EXISTING [331/560] id=GDD28_11 window=IS
2026-08-17T22:30:19+00:00 GATE_SKIP id=GDD28_11 window=OOS reason=IS_NOT_SURVIVOR
2026-08-17T22:30:19+00:00 GATE_SKIP id=GDD28_11 window=XM5 reason=OOS_NOT_STRICT
2026-08-17T22:30:19+00:00 SKIP_EXISTING [332/560] id=GDD28_12 window=IS
2026-08-17T22:30:19+00:00 GATE_SKIP id=GDD28_12 window=OOS reason=IS_NOT_SURVIVOR
2026-08-17T22:30:19+00:00 GATE_SKIP id=GDD28_12 window=XM5 reason=OOS_NOT_STRICT
2026-08-17T22:30:19+00:00 SKIP_EXISTING [333/560] id=GDD28_13 window=IS
2026-08-17T22:30:19+00:00 GATE_SKIP id=GDD28_13 window=OOS reason=IS_NOT_SURVIVOR
2026-08-17T22:30:19+00:00 GATE_SKIP id=GDD28_13 window=XM5 reason=OOS_NOT_STRICT
2026-08-17T22:30:19+00:00 SKIP_EXISTING [334/560] id=GDD28_14 window=IS
2026-08-17T22:30:19+00:00 GATE_SKIP id=GDD28_14 window=OOS reason=IS_NOT_SURVIVOR
2026-08-17T22:30:19+00:00 GATE_SKIP id=GDD28_14 window=XM5 reason=OOS_NOT_STRICT
2026-08-17T22:30:19+00:00 SKIP_EXISTING [335/560] id=GDD28_15 window=IS
2026-08-17T22:30:19+00:00 GATE_SKIP id=GDD28_15 window=OOS reason=IS_NOT_SURVIVOR
2026-08-17T22:30:19+00:00 GATE_SKIP id=GDD28_15 window=XM5 reason=OOS_NOT_STRICT
2026-08-17T22:30:19+00:00 SKIP_EXISTING [336/560] id=GDD28_16 window=IS
2026-08-17T22:30:19+00:00 GATE_SKIP id=GDD28_16 window=OOS reason=IS_NOT_SURVIVOR
2026-08-17T22:30:19+00:00 GATE_SKIP id=GDD28_16 window=XM5 reason=OOS_NOT_STRICT
2026-08-17T22:30:19+00:00 SKIP_EXISTING [337/560] id=GDD28_17 window=IS
2026-08-17T22:30:19+00:00 GATE_SKIP id=GDD28_17 window=OOS reason=IS_NOT_SURVIVOR
2026-08-17T22:30:19+00:00 GATE_SKIP id=GDD28_17 window=XM5 reason=OOS_NOT_STRICT
2026-08-17T22:30:19+00:00 SKIP_EXISTING [338/560] id=GDD28_18 window=IS
2026-08-17T22:30:19+00:00 GATE_SKIP id=GDD28_18 window=OOS reason=IS_NOT_SURVIVOR
2026-08-17T22:30:19+00:00 GATE_SKIP id=GDD28_18 window=XM5 reason=OOS_NOT_STRICT
2026-08-17T22:30:19+00:00 SKIP_EXISTING [339/560] id=GDD28_19 window=IS
2026-08-17T22:30:19+00:00 GATE_SKIP id=GDD28_19 window=OOS reason=IS_NOT_SURVIVOR
2026-08-17T22:30:19+00:00 GATE_SKIP id=GDD28_19 window=XM5 reason=OOS_NOT_STRICT
2026-08-17T22:30:19+00:00 SKIP_EXISTING [340/560] id=GDD28_20 window=IS
2026-08-17T22:30:19+00:00 GATE_SKIP id=GDD28_20 window=OOS reason=IS_NOT_SURVIVOR
2026-08-17T22:30:19+00:00 GATE_SKIP id=GDD28_20 window=XM5 reason=OOS_NOT_STRICT
2026-08-17T22:30:19+00:00 SKIP_EXISTING [341/560] id=GDD29_01 window=IS
2026-08-17T22:30:19+00:00 GATE_SKIP id=GDD29_01 window=OOS reason=IS_NOT_SURVIVOR
2026-08-17T22:30:19+00:00 GATE_SKIP id=GDD29_01 window=XM5 reason=OOS_NOT_STRICT
2026-08-17T22:30:19+00:00 SKIP_EXISTING [342/560] id=GDD29_02 window=IS
2026-08-17T22:30:19+00:00 GATE_SKIP id=GDD29_02 window=OOS reason=IS_NOT_SURVIVOR
2026-08-17T22:30:19+00:00 GATE_SKIP id=GDD29_02 window=XM5 reason=OOS_NOT_STRICT
2026-08-17T22:30:19+00:00 SKIP_EXISTING [343/560] id=GDD29_03 window=IS
2026-08-17T22:30:19+00:00 GATE_SKIP id=GDD29_03 window=OOS reason=IS_NOT_SURVIVOR
2026-08-17T22:30:19+00:00 GATE_SKIP id=GDD29_03 window=XM5 reason=OOS_NOT_STRICT
2026-08-17T22:30:19+00:00 SKIP_EXISTING [344/560] id=GDD29_04 window=IS
2026-08-17T22:30:19+00:00 SKIP_EXISTING [344/560] id=GDD29_04 window=OOS
2026-08-17T22:30:19+00:00 GATE_SKIP id=GDD29_04 window=XM5 reason=OOS_NOT_STRICT
2026-08-17T22:30:19+00:00 SKIP_EXISTING [345/560] id=GDD29_05 window=IS
2026-08-17T22:30:19+00:00 GATE_SKIP id=GDD29_05 window=OOS reason=IS_NOT_SURVIVOR
2026-08-17T22:30:19+00:00 GATE_SKIP id=GDD29_05 window=XM5 reason=OOS_NOT_STRICT
2026-08-17T22:30:19+00:00 SKIP_EXISTING [346/560] id=GDD29_06 window=IS
2026-08-17T22:30:19+00:00 GATE_SKIP id=GDD29_06 window=OOS reason=IS_NOT_SURVIVOR
2026-08-17T22:30:19+00:00 GATE_SKIP id=GDD29_06 window=XM5 reason=OOS_NOT_STRICT
2026-08-17T22:30:19+00:00 SKIP_EXISTING [347/560] id=GDD29_07 window=IS
2026-08-17T22:30:19+00:00 GATE_SKIP id=GDD29_07 window=OOS reason=IS_NOT_SURVIVOR
2026-08-17T22:30:19+00:00 GATE_SKIP id=GDD29_07 window=XM5 reason=OOS_NOT_STRICT
2026-08-17T22:30:19+00:00 SKIP_EXISTING [348/560] id=GDD29_08 window=IS
2026-08-17T22:30:19+00:00 GATE_SKIP id=GDD29_08 window=OOS reason=IS_NOT_SURVIVOR
2026-08-17T22:30:19+00:00 GATE_SKIP id=GDD29_08 window=XM5 reason=OOS_NOT_STRICT
2026-08-17T22:30:19+00:00 SKIP_EXISTING [349/560] id=GDD29_09 window=IS
2026-08-17T22:30:19+00:00 GATE_SKIP id=GDD29_09 window=OOS reason=IS_NOT_SURVIVOR
2026-08-17T22:30:19+00:00 GATE_SKIP id=GDD29_09 window=XM5 reason=OOS_NOT_STRICT
2026-08-17T22:30:19+00:00 SKIP_EXISTING [350/560] id=GDD29_10 window=IS
2026-08-17T22:30:19+00:00 SKIP_EXISTING [350/560] id=GDD29_10 window=OOS
2026-08-17T22:30:19+00:00 GATE_SKIP id=GDD29_10 window=XM5 reason=OOS_NOT_STRICT
2026-08-17T22:30:19+00:00 SKIP_EXISTING [351/560] id=GDD29_11 window=IS
2026-08-17T22:30:19+00:00 GATE_SKIP id=GDD29_11 window=OOS reason=IS_NOT_SURVIVOR
2026-08-17T22:30:19+00:00 GATE_SKIP id=GDD29_11 window=XM5 reason=OOS_NOT_STRICT
2026-08-17T22:30:19+00:00 SKIP_EXISTING [352/560] id=GDD29_12 window=IS
2026-08-17T22:30:19+00:00 GATE_SKIP id=GDD29_12 window=OOS reason=IS_NOT_SURVIVOR
2026-08-17T22:30:19+00:00 GATE_SKIP id=GDD29_12 window=XM5 reason=OOS_NOT_STRICT
2026-08-17T22:30:19+00:00 SKIP_EXISTING [353/560] id=GDD29_13 window=IS
2026-08-17T22:30:19+00:00 GATE_SKIP id=GDD29_13 window=OOS reason=IS_NOT_SURVIVOR
2026-08-17T22:30:19+00:00 GATE_SKIP id=GDD29_13 window=XM5 reason=OOS_NOT_STRICT
2026-08-17T22:30:19+00:00 SKIP_EXISTING [354/560] id=GDD29_14 window=IS
2026-08-17T22:30:19+00:00 GATE_SKIP id=GDD29_14 window=OOS reason=IS_NOT_SURVIVOR
2026-08-17T22:30:19+00:00 GATE_SKIP id=GDD29_14 window=XM5 reason=OOS_NOT_STRICT
2026-08-17T22:30:19+00:00 SKIP_EXISTING [355/560] id=GDD29_15 window=IS
2026-08-17T22:30:19+00:00 GATE_SKIP id=GDD29_15 window=OOS reason=IS_NOT_SURVIVOR
2026-08-17T22:30:19+00:00 GATE_SKIP id=GDD29_15 window=XM5 reason=OOS_NOT_STRICT
2026-08-17T22:30:19+00:00 SKIP_EXISTING [356/560] id=GDD29_16 window=IS
2026-08-17T22:30:19+00:00 GATE_SKIP id=GDD29_16 window=OOS reason=IS_NOT_SURVIVOR
2026-08-17T22:30:19+00:00 GATE_SKIP id=GDD29_16 window=XM5 reason=OOS_NOT_STRICT
2026-08-17T22:30:20+00:00 SKIP_EXISTING [357/560] id=GDD29_17 window=IS
2026-08-17T22:30:20+00:00 GATE_SKIP id=GDD29_17 window=OOS reason=IS_NOT_SURVIVOR
2026-08-17T22:30:20+00:00 GATE_SKIP id=GDD29_17 window=XM5 reason=OOS_NOT_STRICT
2026-08-17T22:30:20+00:00 SKIP_EXISTING [358/560] id=GDD29_18 window=IS
2026-08-17T22:30:20+00:00 GATE_SKIP id=GDD29_18 window=OOS reason=IS_NOT_SURVIVOR
2026-08-17T22:30:20+00:00 GATE_SKIP id=GDD29_18 window=XM5 reason=OOS_NOT_STRICT
2026-08-17T22:30:20+00:00 SKIP_EXISTING [359/560] id=GDD29_19 window=IS
2026-08-17T22:30:20+00:00 GATE_SKIP id=GDD29_19 window=OOS reason=IS_NOT_SURVIVOR
2026-08-17T22:30:20+00:00 GATE_SKIP id=GDD29_19 window=XM5 reason=OOS_NOT_STRICT
2026-08-17T22:30:20+00:00 SKIP_EXISTING [360/560] id=GDD29_20 window=IS
2026-08-17T22:30:20+00:00 GATE_SKIP id=GDD29_20 window=OOS reason=IS_NOT_SURVIVOR
2026-08-17T22:30:20+00:00 GATE_SKIP id=GDD29_20 window=XM5 reason=OOS_NOT_STRICT
2026-08-17T22:30:20+00:00 SKIP_EXISTING [361/560] id=GDD32_01 window=IS
2026-08-17T22:30:20+00:00 SKIP_EXISTING [361/560] id=GDD32_01 window=OOS
2026-08-17T22:30:20+00:00 GATE_SKIP id=GDD32_01 window=XM5 reason=OOS_NOT_STRICT
2026-08-17T22:30:20+00:00 SKIP_EXISTING [362/560] id=GDD32_02 window=IS
2026-08-17T22:30:20+00:00 SKIP_EXISTING [362/560] id=GDD32_02 window=OOS
2026-08-17T22:30:20+00:00 GATE_SKIP id=GDD32_02 window=XM5 reason=OOS_NOT_STRICT
2026-08-17T22:30:20+00:00 SKIP_EXISTING [363/560] id=GDD32_03 window=IS
2026-08-17T22:30:20+00:00 SKIP_EXISTING [363/560] id=GDD32_03 window=OOS
2026-08-17T22:30:20+00:00 GATE_SKIP id=GDD32_03 window=XM5 reason=OOS_NOT_STRICT
2026-08-17T22:30:20+00:00 SKIP_EXISTING [364/560] id=GDD32_04 window=IS
2026-08-17T22:30:20+00:00 SKIP_EXISTING [364/560] id=GDD32_04 window=OOS
2026-08-17T22:30:20+00:00 GATE_SKIP id=GDD32_04 window=XM5 reason=OOS_NOT_STRICT
2026-08-17T22:30:20+00:00 SKIP_EXISTING [365/560] id=GDD32_05 window=IS
2026-08-17T22:30:20+00:00 SKIP_EXISTING [365/560] id=GDD32_05 window=OOS
2026-08-17T22:30:20+00:00 GATE_SKIP id=GDD32_05 window=XM5 reason=OOS_NOT_STRICT
2026-08-17T22:30:20+00:00 SKIP_EXISTING [366/560] id=GDD32_06 window=IS
2026-08-17T22:30:20+00:00 SKIP_EXISTING [366/560] id=GDD32_06 window=OOS
2026-08-17T22:30:20+00:00 GATE_SKIP id=GDD32_06 window=XM5 reason=OOS_NOT_STRICT
2026-08-17T22:30:20+00:00 SKIP_EXISTING [367/560] id=GDD32_07 window=IS
2026-08-17T22:30:20+00:00 SKIP_EXISTING [367/560] id=GDD32_07 window=OOS
2026-08-17T22:30:20+00:00 GATE_SKIP id=GDD32_07 window=XM5 reason=OOS_NOT_STRICT
2026-08-17T22:30:20+00:00 SKIP_EXISTING [368/560] id=GDD32_08 window=IS
2026-08-17T22:30:20+00:00 SKIP_EXISTING [368/560] id=GDD32_08 window=OOS
2026-08-17T22:30:20+00:00 GATE_SKIP id=GDD32_08 window=XM5 reason=OOS_NOT_STRICT
2026-08-17T22:30:20+00:00 SKIP_EXISTING [369/560] id=GDD32_09 window=IS
2026-08-17T22:30:20+00:00 SKIP_EXISTING [369/560] id=GDD32_09 window=OOS
2026-08-17T22:30:20+00:00 GATE_SKIP id=GDD32_09 window=XM5 reason=OOS_NOT_STRICT
2026-08-17T22:30:20+00:00 SKIP_EXISTING [370/560] id=GDD32_10 window=IS
2026-08-17T22:30:20+00:00 GATE_SKIP id=GDD32_10 window=OOS reason=IS_NOT_SURVIVOR
2026-08-17T22:30:20+00:00 GATE_SKIP id=GDD32_10 window=XM5 reason=OOS_NOT_STRICT
2026-08-17T22:30:20+00:00 SKIP_EXISTING [371/560] id=GDD32_11 window=IS
2026-08-17T22:30:20+00:00 GATE_SKIP id=GDD32_11 window=OOS reason=IS_NOT_SURVIVOR
2026-08-17T22:30:20+00:00 GATE_SKIP id=GDD32_11 window=XM5 reason=OOS_NOT_STRICT
2026-08-17T22:30:20+00:00 SKIP_EXISTING [372/560] id=GDD32_12 window=IS
2026-08-17T22:30:20+00:00 GATE_SKIP id=GDD32_12 window=OOS reason=IS_NOT_SURVIVOR
2026-08-17T22:30:20+00:00 GATE_SKIP id=GDD32_12 window=XM5 reason=OOS_NOT_STRICT
2026-08-17T22:30:20+00:00 SKIP_EXISTING [373/560] id=GDD32_13 window=IS
2026-08-17T22:30:20+00:00 SKIP_EXISTING [373/560] id=GDD32_13 window=OOS
2026-08-17T22:30:20+00:00 GATE_SKIP id=GDD32_13 window=XM5 reason=OOS_NOT_STRICT
2026-08-17T22:30:20+00:00 SKIP_EXISTING [374/560] id=GDD32_14 window=IS
2026-08-17T22:30:20+00:00 SKIP_EXISTING [374/560] id=GDD32_14 window=OOS
2026-08-17T22:30:20+00:00 GATE_SKIP id=GDD32_14 window=XM5 reason=OOS_NOT_STRICT
2026-08-17T22:30:20+00:00 SKIP_EXISTING [375/560] id=GDD32_15 window=IS
2026-08-17T22:30:20+00:00 SKIP_EXISTING [375/560] id=GDD32_15 window=OOS
2026-08-17T22:30:20+00:00 GATE_SKIP id=GDD32_15 window=XM5 reason=OOS_NOT_STRICT
2026-08-17T22:30:20+00:00 SKIP_EXISTING [376/560] id=GDD32_16 window=IS
2026-08-17T22:30:20+00:00 SKIP_EXISTING [376/560] id=GDD32_16 window=OOS
2026-08-17T22:30:20+00:00 GATE_SKIP id=GDD32_16 window=XM5 reason=OOS_NOT_STRICT
2026-08-17T22:30:20+00:00 SKIP_EXISTING [377/560] id=GDD32_17 window=IS
2026-08-17T22:30:20+00:00 SKIP_EXISTING [377/560] id=GDD32_17 window=OOS
2026-08-17T22:30:20+00:00 GATE_SKIP id=GDD32_17 window=XM5 reason=OOS_NOT_STRICT
2026-08-17T22:30:20+00:00 SKIP_EXISTING [378/560] id=GDD32_18 window=IS
2026-08-17T22:30:20+00:00 SKIP_EXISTING [378/560] id=GDD32_18 window=OOS
2026-08-17T22:30:20+00:00 GATE_SKIP id=GDD32_18 window=XM5 reason=OOS_NOT_STRICT
2026-08-17T22:30:20+00:00 SKIP_EXISTING [379/560] id=GDD32_19 window=IS
2026-08-17T22:30:20+00:00 GATE_SKIP id=GDD32_19 window=OOS reason=IS_NOT_SURVIVOR
2026-08-17T22:30:20+00:00 GATE_SKIP id=GDD32_19 window=XM5 reason=OOS_NOT_STRICT
2026-08-17T22:30:20+00:00 SKIP_EXISTING [380/560] id=GDD32_20 window=IS
2026-08-17T22:30:20+00:00 GATE_SKIP id=GDD32_20 window=OOS reason=IS_NOT_SURVIVOR
2026-08-17T22:30:20+00:00 GATE_SKIP id=GDD32_20 window=XM5 reason=OOS_NOT_STRICT
2026-08-17T22:30:20+00:00 SKIP_EXISTING [381/560] id=GDD33_01 window=IS
2026-08-17T22:30:20+00:00 GATE_SKIP id=GDD33_01 window=OOS reason=IS_NOT_SURVIVOR
2026-08-17T22:30:20+00:00 GATE_SKIP id=GDD33_01 window=XM5 reason=OOS_NOT_STRICT
2026-08-17T22:30:20+00:00 SKIP_EXISTING [382/560] id=GDD33_02 window=IS
2026-08-17T22:30:20+00:00 GATE_SKIP id=GDD33_02 window=OOS reason=IS_NOT_SURVIVOR
2026-08-17T22:30:20+00:00 GATE_SKIP id=GDD33_02 window=XM5 reason=OOS_NOT_STRICT
2026-08-17T22:30:20+00:00 SKIP_EXISTING [383/560] id=GDD33_03 window=IS
2026-08-17T22:30:20+00:00 GATE_SKIP id=GDD33_03 window=OOS reason=IS_NOT_SURVIVOR
2026-08-17T22:30:20+00:00 GATE_SKIP id=GDD33_03 window=XM5 reason=OOS_NOT_STRICT
2026-08-17T22:30:20+00:00 SKIP_EXISTING [384/560] id=GDD33_04 window=IS
2026-08-17T22:30:20+00:00 GATE_SKIP id=GDD33_04 window=OOS reason=IS_NOT_SURVIVOR
2026-08-17T22:30:20+00:00 GATE_SKIP id=GDD33_04 window=XM5 reason=OOS_NOT_STRICT
2026-08-17T22:30:20+00:00 SKIP_EXISTING [385/560] id=GDD33_05 window=IS
2026-08-17T22:30:20+00:00 GATE_SKIP id=GDD33_05 window=OOS reason=IS_NOT_SURVIVOR
2026-08-17T22:30:20+00:00 GATE_SKIP id=GDD33_05 window=XM5 reason=OOS_NOT_STRICT
2026-08-17T22:30:20+00:00 SKIP_EXISTING [386/560] id=GDD33_06 window=IS
2026-08-17T22:30:20+00:00 GATE_SKIP id=GDD33_06 window=OOS reason=IS_NOT_SURVIVOR
2026-08-17T22:30:20+00:00 GATE_SKIP id=GDD33_06 window=XM5 reason=OOS_NOT_STRICT
2026-08-17T22:30:20+00:00 SKIP_EXISTING [387/560] id=GDD33_07 window=IS
2026-08-17T22:30:20+00:00 GATE_SKIP id=GDD33_07 window=OOS reason=IS_NOT_SURVIVOR
2026-08-17T22:30:20+00:00 GATE_SKIP id=GDD33_07 window=XM5 reason=OOS_NOT_STRICT
2026-08-17T22:30:20+00:00 SKIP_EXISTING [388/560] id=GDD33_08 window=IS
2026-08-17T22:30:20+00:00 GATE_SKIP id=GDD33_08 window=OOS reason=IS_NOT_SURVIVOR
2026-08-17T22:30:20+00:00 GATE_SKIP id=GDD33_08 window=XM5 reason=OOS_NOT_STRICT
2026-08-17T22:30:20+00:00 SKIP_EXISTING [389/560] id=GDD33_09 window=IS
2026-08-17T22:30:20+00:00 GATE_SKIP id=GDD33_09 window=OOS reason=IS_NOT_SURVIVOR
2026-08-17T22:30:20+00:00 GATE_SKIP id=GDD33_09 window=XM5 reason=OOS_NOT_STRICT
2026-08-17T22:30:20+00:00 SKIP_EXISTING [390/560] id=GDD33_10 window=IS
2026-08-17T22:30:20+00:00 GATE_SKIP id=GDD33_10 window=OOS reason=IS_NOT_SURVIVOR
2026-08-17T22:30:20+00:00 GATE_SKIP id=GDD33_10 window=XM5 reason=OOS_NOT_STRICT
2026-08-17T22:30:20+00:00 SKIP_EXISTING [391/560] id=GDD33_11 window=IS
2026-08-17T22:30:20+00:00 GATE_SKIP id=GDD33_11 window=OOS reason=IS_NOT_SURVIVOR
2026-08-17T22:30:20+00:00 GATE_SKIP id=GDD33_11 window=XM5 reason=OOS_NOT_STRICT
2026-08-17T22:30:20+00:00 SKIP_EXISTING [392/560] id=GDD33_12 window=IS
2026-08-17T22:30:20+00:00 GATE_SKIP id=GDD33_12 window=OOS reason=IS_NOT_SURVIVOR
2026-08-17T22:30:20+00:00 GATE_SKIP id=GDD33_12 window=XM5 reason=OOS_NOT_STRICT
2026-08-17T22:30:20+00:00 SKIP_EXISTING [393/560] id=GDD33_13 window=IS
2026-08-17T22:30:20+00:00 GATE_SKIP id=GDD33_13 window=OOS reason=IS_NOT_SURVIVOR
2026-08-17T22:30:20+00:00 GATE_SKIP id=GDD33_13 window=XM5 reason=OOS_NOT_STRICT
2026-08-17T22:30:20+00:00 SKIP_EXISTING [394/560] id=GDD33_14 window=IS
2026-08-17T22:30:20+00:00 GATE_SKIP id=GDD33_14 window=OOS reason=IS_NOT_SURVIVOR
2026-08-17T22:30:20+00:00 GATE_SKIP id=GDD33_14 window=XM5 reason=OOS_NOT_STRICT
2026-08-17T22:30:20+00:00 SKIP_EXISTING [395/560] id=GDD33_15 window=IS
2026-08-17T22:30:20+00:00 GATE_SKIP id=GDD33_15 window=OOS reason=IS_NOT_SURVIVOR
2026-08-17T22:30:20+00:00 GATE_SKIP id=GDD33_15 window=XM5 reason=OOS_NOT_STRICT
2026-08-17T22:30:20+00:00 SKIP_EXISTING [396/560] id=GDD33_16 window=IS
2026-08-17T22:30:20+00:00 GATE_SKIP id=GDD33_16 window=OOS reason=IS_NOT_SURVIVOR
2026-08-17T22:30:20+00:00 GATE_SKIP id=GDD33_16 window=XM5 reason=OOS_NOT_STRICT
2026-08-17T22:30:20+00:00 SKIP_EXISTING [397/560] id=GDD33_17 window=IS
2026-08-17T22:30:20+00:00 GATE_SKIP id=GDD33_17 window=OOS reason=IS_NOT_SURVIVOR
2026-08-17T22:30:20+00:00 GATE_SKIP id=GDD33_17 window=XM5 reason=OOS_NOT_STRICT
2026-08-17T22:30:20+00:00 SKIP_EXISTING [398/560] id=GDD33_18 window=IS
2026-08-17T22:30:20+00:00 GATE_SKIP id=GDD33_18 window=OOS reason=IS_NOT_SURVIVOR
2026-08-17T22:30:20+00:00 GATE_SKIP id=GDD33_18 window=XM5 reason=OOS_NOT_STRICT
2026-08-17T22:30:20+00:00 SKIP_EXISTING [399/560] id=GDD33_19 window=IS
2026-08-17T22:30:20+00:00 SKIP_EXISTING [399/560] id=GDD33_19 window=OOS
2026-08-17T22:30:20+00:00 GATE_SKIP id=GDD33_19 window=XM5 reason=OOS_NOT_STRICT
2026-08-17T22:30:20+00:00 SKIP_EXISTING [400/560] id=GDD33_20 window=IS
2026-08-17T22:30:20+00:00 GATE_SKIP id=GDD33_20 window=OOS reason=IS_NOT_SURVIVOR
2026-08-17T22:30:20+00:00 GATE_SKIP id=GDD33_20 window=XM5 reason=OOS_NOT_STRICT
2026-08-17T22:30:20+00:00 SKIP_EXISTING [401/560] id=GDD35_01 window=IS
2026-08-17T22:30:20+00:00 SKIP_EXISTING [401/560] id=GDD35_01 window=OOS
2026-08-17T22:30:20+00:00 GATE_SKIP id=GDD35_01 window=XM5 reason=OOS_NOT_STRICT
2026-08-17T22:30:20+00:00 SKIP_EXISTING [402/560] id=GDD35_02 window=IS
2026-08-17T22:30:20+00:00 SKIP_EXISTING [402/560] id=GDD35_02 window=OOS
2026-08-17T22:30:20+00:00 GATE_SKIP id=GDD35_02 window=XM5 reason=OOS_NOT_STRICT
2026-08-17T22:30:20+00:00 SKIP_EXISTING [403/560] id=GDD35_03 window=IS
2026-08-17T22:30:20+00:00 SKIP_EXISTING [403/560] id=GDD35_03 window=OOS
2026-08-17T22:30:20+00:00 SKIP_EXISTING [403/560] id=GDD35_03 window=XM5
2026-08-17T22:30:20+00:00 SKIP_EXISTING [404/560] id=GDD35_04 window=IS
2026-08-17T22:30:20+00:00 SKIP_EXISTING [404/560] id=GDD35_04 window=OOS
2026-08-17T22:30:20+00:00 SKIP_EXISTING [404/560] id=GDD35_04 window=XM5
2026-08-17T22:30:20+00:00 SKIP_EXISTING [405/560] id=GDD35_05 window=IS
2026-08-17T22:30:20+00:00 SKIP_EXISTING [405/560] id=GDD35_05 window=OOS
2026-08-17T22:30:20+00:00 RUN_START id=GDD35_05 family=portfolio_loss_cooldown window=XM5 run=gdd2p_xm5_gdd35_05_20260818073020_cecf33
2026-08-17T22:38:25+00:00 RUN_END id=GDD35_05 window=XM5 status=OK decision=XM5_MEASURED elapsed=485.556s
2026-08-17T22:38:25+00:00 SKIP_EXISTING [406/560] id=GDD35_06 window=IS
2026-08-17T22:38:25+00:00 SKIP_EXISTING [406/560] id=GDD35_06 window=OOS
2026-08-17T22:38:25+00:00 RUN_START id=GDD35_06 family=portfolio_loss_cooldown window=XM5 run=gdd2p_xm5_gdd35_06_20260818073825_1c6bc4
2026-08-17T22:38:26+00:00 WAIT_MT5 elapsed=1s processes=metatester64.exe
2026-08-17T22:39:28+00:00 WAIT_MT5 elapsed=62s processes=metatester64.exe
2026-08-17T22:40:29+00:00 WAIT_MT5 elapsed=124s processes=metatester64.exe
2026-08-17T22:41:31+00:00 WAIT_MT5 elapsed=186s processes=metatester64.exe
2026-08-17T22:42:33+00:00 WAIT_MT5 elapsed=248s processes=metatester64.exe
2026-08-17T22:43:35+00:00 KILL_ORPHAN_TESTER elapsed=310s
2026-08-17T22:44:41+00:00 RUN_END id=GDD35_06 window=XM5 status=FAILED decision=RUN_FAILED elapsed=375.389s
2026-08-17T22:44:41+00:00 SKIP_EXISTING [407/560] id=GDD35_07 window=IS
2026-08-17T22:44:41+00:00 SKIP_EXISTING [407/560] id=GDD35_07 window=OOS
2026-08-17T22:44:41+00:00 SKIP_EXISTING [407/560] id=GDD35_07 window=XM5
2026-08-17T22:44:41+00:00 SKIP_EXISTING [408/560] id=GDD35_08 window=IS
2026-08-17T22:44:41+00:00 SKIP_EXISTING [408/560] id=GDD35_08 window=OOS
2026-08-17T22:44:41+00:00 SKIP_EXISTING [408/560] id=GDD35_08 window=XM5
2026-08-17T22:44:41+00:00 SKIP_EXISTING [409/560] id=GDD35_09 window=IS
2026-08-17T22:44:41+00:00 GATE_SKIP id=GDD35_09 window=OOS reason=IS_NOT_SURVIVOR
2026-08-17T22:44:41+00:00 GATE_SKIP id=GDD35_09 window=XM5 reason=OOS_NOT_STRICT
2026-08-17T22:44:41+00:00 SKIP_EXISTING [410/560] id=GDD35_10 window=IS
2026-08-17T22:44:41+00:00 GATE_SKIP id=GDD35_10 window=OOS reason=IS_NOT_SURVIVOR
2026-08-17T22:44:41+00:00 GATE_SKIP id=GDD35_10 window=XM5 reason=OOS_NOT_STRICT
2026-08-17T22:44:41+00:00 SKIP_EXISTING [411/560] id=GDD35_11 window=IS
2026-08-17T22:44:41+00:00 GATE_SKIP id=GDD35_11 window=OOS reason=IS_NOT_SURVIVOR
2026-08-17T22:44:41+00:00 GATE_SKIP id=GDD35_11 window=XM5 reason=OOS_NOT_STRICT
2026-08-17T22:44:41+00:00 SKIP_EXISTING [412/560] id=GDD35_12 window=IS
2026-08-17T22:44:41+00:00 GATE_SKIP id=GDD35_12 window=OOS reason=IS_NOT_SURVIVOR
2026-08-17T22:44:41+00:00 GATE_SKIP id=GDD35_12 window=XM5 reason=OOS_NOT_STRICT
2026-08-17T22:44:41+00:00 SKIP_EXISTING [413/560] id=GDD35_13 window=IS
2026-08-17T22:44:41+00:00 SKIP_EXISTING [413/560] id=GDD35_13 window=OOS
2026-08-17T22:44:41+00:00 GATE_SKIP id=GDD35_13 window=XM5 reason=OOS_NOT_STRICT
2026-08-17T22:44:41+00:00 SKIP_EXISTING [414/560] id=GDD35_14 window=IS
2026-08-17T22:44:41+00:00 SKIP_EXISTING [414/560] id=GDD35_14 window=OOS
2026-08-17T22:44:41+00:00 GATE_SKIP id=GDD35_14 window=XM5 reason=OOS_NOT_STRICT
2026-08-17T22:44:41+00:00 SKIP_EXISTING [415/560] id=GDD35_15 window=IS
2026-08-17T22:44:41+00:00 SKIP_EXISTING [415/560] id=GDD35_15 window=OOS
2026-08-17T22:44:41+00:00 GATE_SKIP id=GDD35_15 window=XM5 reason=OOS_NOT_STRICT
2026-08-17T22:44:41+00:00 SKIP_EXISTING [416/560] id=GDD35_16 window=IS
2026-08-17T22:44:41+00:00 SKIP_EXISTING [416/560] id=GDD35_16 window=OOS
2026-08-17T22:44:41+00:00 GATE_SKIP id=GDD35_16 window=XM5 reason=OOS_NOT_STRICT
2026-08-17T22:44:41+00:00 SKIP_EXISTING [417/560] id=GDD35_17 window=IS
2026-08-17T22:44:41+00:00 GATE_SKIP id=GDD35_17 window=OOS reason=IS_NOT_SURVIVOR
2026-08-17T22:44:41+00:00 GATE_SKIP id=GDD35_17 window=XM5 reason=OOS_NOT_STRICT
2026-08-17T22:44:41+00:00 SKIP_EXISTING [418/560] id=GDD35_18 window=IS
2026-08-17T22:44:41+00:00 GATE_SKIP id=GDD35_18 window=OOS reason=IS_NOT_SURVIVOR
2026-08-17T22:44:41+00:00 GATE_SKIP id=GDD35_18 window=XM5 reason=OOS_NOT_STRICT
2026-08-17T22:44:41+00:00 SKIP_EXISTING [419/560] id=GDD35_19 window=IS
2026-08-17T22:44:41+00:00 GATE_SKIP id=GDD35_19 window=OOS reason=IS_NOT_SURVIVOR
2026-08-17T22:44:41+00:00 GATE_SKIP id=GDD35_19 window=XM5 reason=OOS_NOT_STRICT
2026-08-17T22:44:41+00:00 SKIP_EXISTING [420/560] id=GDD35_20 window=IS
2026-08-17T22:44:41+00:00 SKIP_EXISTING [420/560] id=GDD35_20 window=OOS
2026-08-17T22:44:41+00:00 GATE_SKIP id=GDD35_20 window=XM5 reason=OOS_NOT_STRICT
2026-08-17T22:44:41+00:00 SKIP_EXISTING [421/560] id=GDD36_01 window=IS
2026-08-17T22:44:41+00:00 GATE_SKIP id=GDD36_01 window=OOS reason=IS_NOT_SURVIVOR
2026-08-17T22:44:41+00:00 GATE_SKIP id=GDD36_01 window=XM5 reason=OOS_NOT_STRICT
2026-08-17T22:44:41+00:00 SKIP_EXISTING [422/560] id=GDD36_02 window=IS
2026-08-17T22:44:41+00:00 GATE_SKIP id=GDD36_02 window=OOS reason=IS_NOT_SURVIVOR
2026-08-17T22:44:41+00:00 GATE_SKIP id=GDD36_02 window=XM5 reason=OOS_NOT_STRICT
2026-08-17T22:44:41+00:00 SKIP_EXISTING [423/560] id=GDD36_03 window=IS
2026-08-17T22:44:41+00:00 GATE_SKIP id=GDD36_03 window=OOS reason=IS_NOT_SURVIVOR
2026-08-17T22:44:41+00:00 GATE_SKIP id=GDD36_03 window=XM5 reason=OOS_NOT_STRICT
2026-08-17T22:44:41+00:00 SKIP_EXISTING [424/560] id=GDD36_04 window=IS
2026-08-17T22:44:41+00:00 GATE_SKIP id=GDD36_04 window=OOS reason=IS_NOT_SURVIVOR
2026-08-17T22:44:41+00:00 GATE_SKIP id=GDD36_04 window=XM5 reason=OOS_NOT_STRICT
2026-08-17T22:44:41+00:00 SKIP_EXISTING [425/560] id=GDD36_05 window=IS
2026-08-17T22:44:41+00:00 GATE_SKIP id=GDD36_05 window=OOS reason=IS_NOT_SURVIVOR
2026-08-17T22:44:41+00:00 GATE_SKIP id=GDD36_05 window=XM5 reason=OOS_NOT_STRICT
2026-08-17T22:44:41+00:00 SKIP_EXISTING [426/560] id=GDD36_06 window=IS
2026-08-17T22:44:41+00:00 GATE_SKIP id=GDD36_06 window=OOS reason=IS_NOT_SURVIVOR
2026-08-17T22:44:41+00:00 GATE_SKIP id=GDD36_06 window=XM5 reason=OOS_NOT_STRICT
2026-08-17T22:44:41+00:00 SKIP_EXISTING [427/560] id=GDD36_07 window=IS
2026-08-17T22:44:41+00:00 SKIP_EXISTING [427/560] id=GDD36_07 window=OOS
2026-08-17T22:44:41+00:00 SKIP_EXISTING [427/560] id=GDD36_07 window=XM5
2026-08-17T22:44:41+00:00 SKIP_EXISTING [428/560] id=GDD36_08 window=IS
2026-08-17T22:44:41+00:00 SKIP_EXISTING [428/560] id=GDD36_08 window=OOS
2026-08-17T22:44:41+00:00 GATE_SKIP id=GDD36_08 window=XM5 reason=OOS_NOT_STRICT
2026-08-17T22:44:41+00:00 SKIP_EXISTING [429/560] id=GDD36_09 window=IS
2026-08-17T22:44:41+00:00 GATE_SKIP id=GDD36_09 window=OOS reason=IS_NOT_SURVIVOR
2026-08-17T22:44:41+00:00 GATE_SKIP id=GDD36_09 window=XM5 reason=OOS_NOT_STRICT
2026-08-17T22:44:41+00:00 SKIP_EXISTING [430/560] id=GDD36_10 window=IS
2026-08-17T22:44:41+00:00 GATE_SKIP id=GDD36_10 window=OOS reason=IS_NOT_SURVIVOR
2026-08-17T22:44:41+00:00 GATE_SKIP id=GDD36_10 window=XM5 reason=OOS_NOT_STRICT
2026-08-17T22:44:41+00:00 SKIP_EXISTING [431/560] id=GDD36_11 window=IS
2026-08-17T22:44:41+00:00 GATE_SKIP id=GDD36_11 window=OOS reason=IS_NOT_SURVIVOR
2026-08-17T22:44:41+00:00 GATE_SKIP id=GDD36_11 window=XM5 reason=OOS_NOT_STRICT
2026-08-17T22:44:41+00:00 SKIP_EXISTING [432/560] id=GDD36_12 window=IS
2026-08-17T22:44:41+00:00 GATE_SKIP id=GDD36_12 window=OOS reason=IS_NOT_SURVIVOR
2026-08-17T22:44:41+00:00 GATE_SKIP id=GDD36_12 window=XM5 reason=OOS_NOT_STRICT
2026-08-17T22:44:41+00:00 SKIP_EXISTING [433/560] id=GDD36_13 window=IS
2026-08-17T22:44:41+00:00 SKIP_EXISTING [433/560] id=GDD36_13 window=OOS
2026-08-17T22:44:41+00:00 GATE_SKIP id=GDD36_13 window=XM5 reason=OOS_NOT_STRICT
2026-08-17T22:44:41+00:00 SKIP_EXISTING [434/560] id=GDD36_14 window=IS
2026-08-17T22:44:41+00:00 SKIP_EXISTING [434/560] id=GDD36_14 window=OOS
2026-08-17T22:44:41+00:00 GATE_SKIP id=GDD36_14 window=XM5 reason=OOS_NOT_STRICT
2026-08-17T22:44:41+00:00 SKIP_EXISTING [435/560] id=GDD36_15 window=IS
2026-08-17T22:44:41+00:00 SKIP_EXISTING [435/560] id=GDD36_15 window=OOS
2026-08-17T22:44:41+00:00 GATE_SKIP id=GDD36_15 window=XM5 reason=OOS_NOT_STRICT
2026-08-17T22:44:41+00:00 SKIP_EXISTING [436/560] id=GDD36_16 window=IS
2026-08-17T22:44:41+00:00 SKIP_EXISTING [436/560] id=GDD36_16 window=OOS
2026-08-17T22:44:41+00:00 GATE_SKIP id=GDD36_16 window=XM5 reason=OOS_NOT_STRICT
2026-08-17T22:44:41+00:00 SKIP_EXISTING [437/560] id=GDD36_17 window=IS
2026-08-17T22:44:41+00:00 SKIP_EXISTING [437/560] id=GDD36_17 window=OOS
2026-08-17T22:44:41+00:00 GATE_SKIP id=GDD36_17 window=XM5 reason=OOS_NOT_STRICT
2026-08-17T22:44:41+00:00 SKIP_EXISTING [438/560] id=GDD36_18 window=IS
2026-08-17T22:44:41+00:00 SKIP_EXISTING [438/560] id=GDD36_18 window=OOS
2026-08-17T22:44:41+00:00 GATE_SKIP id=GDD36_18 window=XM5 reason=OOS_NOT_STRICT
2026-08-17T22:44:41+00:00 SKIP_EXISTING [439/560] id=GDD36_19 window=IS
2026-08-17T22:44:41+00:00 SKIP_EXISTING [439/560] id=GDD36_19 window=OOS
2026-08-17T22:44:41+00:00 GATE_SKIP id=GDD36_19 window=XM5 reason=OOS_NOT_STRICT
2026-08-17T22:44:41+00:00 SKIP_EXISTING [440/560] id=GDD36_20 window=IS
2026-08-17T22:44:41+00:00 SKIP_EXISTING [440/560] id=GDD36_20 window=OOS
2026-08-17T22:44:41+00:00 GATE_SKIP id=GDD36_20 window=XM5 reason=OOS_NOT_STRICT
2026-08-17T22:44:41+00:00 SKIP_EXISTING [441/560] id=GDD37_01 window=IS
2026-08-17T22:44:41+00:00 SKIP_EXISTING [441/560] id=GDD37_01 window=OOS
2026-08-17T22:44:41+00:00 SKIP_EXISTING [441/560] id=GDD37_01 window=XM5
2026-08-17T22:44:41+00:00 SKIP_EXISTING [442/560] id=GDD37_02 window=IS
2026-08-17T22:44:41+00:00 SKIP_EXISTING [442/560] id=GDD37_02 window=OOS
2026-08-17T22:44:41+00:00 GATE_SKIP id=GDD37_02 window=XM5 reason=OOS_NOT_STRICT
2026-08-17T22:44:41+00:00 SKIP_EXISTING [443/560] id=GDD37_03 window=IS
2026-08-17T22:44:41+00:00 GATE_SKIP id=GDD37_03 window=OOS reason=IS_NOT_SURVIVOR
2026-08-17T22:44:41+00:00 GATE_SKIP id=GDD37_03 window=XM5 reason=OOS_NOT_STRICT
2026-08-17T22:44:41+00:00 SKIP_EXISTING [444/560] id=GDD37_04 window=IS
2026-08-17T22:44:41+00:00 GATE_SKIP id=GDD37_04 window=OOS reason=IS_NOT_SURVIVOR
2026-08-17T22:44:41+00:00 GATE_SKIP id=GDD37_04 window=XM5 reason=OOS_NOT_STRICT
2026-08-17T22:44:41+00:00 SKIP_EXISTING [445/560] id=GDD37_05 window=IS
2026-08-17T22:44:41+00:00 GATE_SKIP id=GDD37_05 window=OOS reason=IS_NOT_SURVIVOR
2026-08-17T22:44:41+00:00 GATE_SKIP id=GDD37_05 window=XM5 reason=OOS_NOT_STRICT
2026-08-17T22:44:41+00:00 SKIP_EXISTING [446/560] id=GDD37_06 window=IS
2026-08-17T22:44:41+00:00 GATE_SKIP id=GDD37_06 window=OOS reason=IS_NOT_SURVIVOR
2026-08-17T22:44:41+00:00 GATE_SKIP id=GDD37_06 window=XM5 reason=OOS_NOT_STRICT
2026-08-17T22:44:41+00:00 SKIP_EXISTING [447/560] id=GDD37_07 window=IS
2026-08-17T22:44:41+00:00 GATE_SKIP id=GDD37_07 window=OOS reason=IS_NOT_SURVIVOR
2026-08-17T22:44:41+00:00 GATE_SKIP id=GDD37_07 window=XM5 reason=OOS_NOT_STRICT
2026-08-17T22:44:41+00:00 SKIP_EXISTING [448/560] id=GDD37_08 window=IS
2026-08-17T22:44:41+00:00 GATE_SKIP id=GDD37_08 window=OOS reason=IS_NOT_SURVIVOR
2026-08-17T22:44:41+00:00 GATE_SKIP id=GDD37_08 window=XM5 reason=OOS_NOT_STRICT
2026-08-17T22:44:41+00:00 SKIP_EXISTING [449/560] id=GDD37_09 window=IS
2026-08-17T22:44:41+00:00 GATE_SKIP id=GDD37_09 window=OOS reason=IS_NOT_SURVIVOR
2026-08-17T22:44:41+00:00 GATE_SKIP id=GDD37_09 window=XM5 reason=OOS_NOT_STRICT
2026-08-17T22:44:41+00:00 SKIP_EXISTING [450/560] id=GDD37_10 window=IS
2026-08-17T22:44:41+00:00 GATE_SKIP id=GDD37_10 window=OOS reason=IS_NOT_SURVIVOR
2026-08-17T22:44:41+00:00 GATE_SKIP id=GDD37_10 window=XM5 reason=OOS_NOT_STRICT
2026-08-17T22:44:41+00:00 SKIP_EXISTING [451/560] id=GDD37_11 window=IS
2026-08-17T22:44:41+00:00 GATE_SKIP id=GDD37_11 window=OOS reason=IS_NOT_SURVIVOR
2026-08-17T22:44:41+00:00 GATE_SKIP id=GDD37_11 window=XM5 reason=OOS_NOT_STRICT
2026-08-17T22:44:41+00:00 SKIP_EXISTING [452/560] id=GDD37_12 window=IS
2026-08-17T22:44:41+00:00 GATE_SKIP id=GDD37_12 window=OOS reason=IS_NOT_SURVIVOR
2026-08-17T22:44:41+00:00 GATE_SKIP id=GDD37_12 window=XM5 reason=OOS_NOT_STRICT
2026-08-17T22:44:41+00:00 SKIP_EXISTING [453/560] id=GDD37_13 window=IS
2026-08-17T22:44:41+00:00 GATE_SKIP id=GDD37_13 window=OOS reason=IS_NOT_SURVIVOR
2026-08-17T22:44:41+00:00 GATE_SKIP id=GDD37_13 window=XM5 reason=OOS_NOT_STRICT
2026-08-17T22:44:41+00:00 SKIP_EXISTING [454/560] id=GDD37_14 window=IS
2026-08-17T22:44:41+00:00 GATE_SKIP id=GDD37_14 window=OOS reason=IS_NOT_SURVIVOR
2026-08-17T22:44:41+00:00 GATE_SKIP id=GDD37_14 window=XM5 reason=OOS_NOT_STRICT
2026-08-17T22:44:41+00:00 SKIP_EXISTING [455/560] id=GDD37_15 window=IS
2026-08-17T22:44:41+00:00 GATE_SKIP id=GDD37_15 window=OOS reason=IS_NOT_SURVIVOR
2026-08-17T22:44:41+00:00 GATE_SKIP id=GDD37_15 window=XM5 reason=OOS_NOT_STRICT
2026-08-17T22:44:41+00:00 SKIP_EXISTING [456/560] id=GDD37_16 window=IS
2026-08-17T22:44:41+00:00 GATE_SKIP id=GDD37_16 window=OOS reason=IS_NOT_SURVIVOR
2026-08-17T22:44:41+00:00 GATE_SKIP id=GDD37_16 window=XM5 reason=OOS_NOT_STRICT
2026-08-17T22:44:41+00:00 SKIP_EXISTING [457/560] id=GDD37_17 window=IS
2026-08-17T22:44:41+00:00 GATE_SKIP id=GDD37_17 window=OOS reason=IS_NOT_SURVIVOR
2026-08-17T22:44:41+00:00 GATE_SKIP id=GDD37_17 window=XM5 reason=OOS_NOT_STRICT
2026-08-17T22:44:41+00:00 SKIP_EXISTING [458/560] id=GDD37_18 window=IS
2026-08-17T22:44:41+00:00 GATE_SKIP id=GDD37_18 window=OOS reason=IS_NOT_SURVIVOR
2026-08-17T22:44:41+00:00 GATE_SKIP id=GDD37_18 window=XM5 reason=OOS_NOT_STRICT
2026-08-17T22:44:41+00:00 SKIP_EXISTING [459/560] id=GDD37_19 window=IS
2026-08-17T22:44:41+00:00 GATE_SKIP id=GDD37_19 window=OOS reason=IS_NOT_SURVIVOR
2026-08-17T22:44:41+00:00 GATE_SKIP id=GDD37_19 window=XM5 reason=OOS_NOT_STRICT
2026-08-17T22:44:41+00:00 SKIP_EXISTING [460/560] id=GDD37_20 window=IS
2026-08-17T22:44:41+00:00 GATE_SKIP id=GDD37_20 window=OOS reason=IS_NOT_SURVIVOR
2026-08-17T22:44:41+00:00 GATE_SKIP id=GDD37_20 window=XM5 reason=OOS_NOT_STRICT
2026-08-17T22:44:41+00:00 SKIP_EXISTING [461/560] id=GDD38_01 window=IS
2026-08-17T22:44:41+00:00 GATE_SKIP id=GDD38_01 window=OOS reason=IS_NOT_SURVIVOR
2026-08-17T22:44:41+00:00 GATE_SKIP id=GDD38_01 window=XM5 reason=OOS_NOT_STRICT
2026-08-17T22:44:41+00:00 SKIP_EXISTING [462/560] id=GDD38_02 window=IS
2026-08-17T22:44:41+00:00 SKIP_EXISTING [462/560] id=GDD38_02 window=OOS
2026-08-17T22:44:41+00:00 GATE_SKIP id=GDD38_02 window=XM5 reason=OOS_NOT_STRICT
2026-08-17T22:44:41+00:00 SKIP_EXISTING [463/560] id=GDD38_03 window=IS
2026-08-17T22:44:41+00:00 SKIP_EXISTING [463/560] id=GDD38_03 window=OOS
2026-08-17T22:44:41+00:00 GATE_SKIP id=GDD38_03 window=XM5 reason=OOS_NOT_STRICT
2026-08-17T22:44:41+00:00 SKIP_EXISTING [464/560] id=GDD38_04 window=IS
2026-08-17T22:44:41+00:00 GATE_SKIP id=GDD38_04 window=OOS reason=IS_NOT_SURVIVOR
2026-08-17T22:44:41+00:00 GATE_SKIP id=GDD38_04 window=XM5 reason=OOS_NOT_STRICT
2026-08-17T22:44:41+00:00 SKIP_EXISTING [465/560] id=GDD38_05 window=IS
2026-08-17T22:44:41+00:00 GATE_SKIP id=GDD38_05 window=OOS reason=IS_NOT_SURVIVOR
2026-08-17T22:44:41+00:00 GATE_SKIP id=GDD38_05 window=XM5 reason=OOS_NOT_STRICT
2026-08-17T22:44:41+00:00 SKIP_EXISTING [466/560] id=GDD38_06 window=IS
2026-08-17T22:44:41+00:00 GATE_SKIP id=GDD38_06 window=OOS reason=IS_NOT_SURVIVOR
2026-08-17T22:44:41+00:00 GATE_SKIP id=GDD38_06 window=XM5 reason=OOS_NOT_STRICT
2026-08-17T22:44:41+00:00 SKIP_EXISTING [467/560] id=GDD38_07 window=IS
2026-08-17T22:44:41+00:00 GATE_SKIP id=GDD38_07 window=OOS reason=IS_NOT_SURVIVOR
2026-08-17T22:44:41+00:00 GATE_SKIP id=GDD38_07 window=XM5 reason=OOS_NOT_STRICT
2026-08-17T22:44:41+00:00 SKIP_EXISTING [468/560] id=GDD38_08 window=IS
2026-08-17T22:44:41+00:00 GATE_SKIP id=GDD38_08 window=OOS reason=IS_NOT_SURVIVOR
2026-08-17T22:44:41+00:00 GATE_SKIP id=GDD38_08 window=XM5 reason=OOS_NOT_STRICT
2026-08-17T22:44:41+00:00 SKIP_EXISTING [469/560] id=GDD38_09 window=IS
2026-08-17T22:44:41+00:00 GATE_SKIP id=GDD38_09 window=OOS reason=IS_NOT_SURVIVOR
2026-08-17T22:44:41+00:00 GATE_SKIP id=GDD38_09 window=XM5 reason=OOS_NOT_STRICT
2026-08-17T22:44:41+00:00 SKIP_EXISTING [470/560] id=GDD38_10 window=IS
2026-08-17T22:44:41+00:00 GATE_SKIP id=GDD38_10 window=OOS reason=IS_NOT_SURVIVOR
2026-08-17T22:44:41+00:00 GATE_SKIP id=GDD38_10 window=XM5 reason=OOS_NOT_STRICT
2026-08-17T22:44:41+00:00 SKIP_EXISTING [471/560] id=GDD38_11 window=IS
2026-08-17T22:44:41+00:00 GATE_SKIP id=GDD38_11 window=OOS reason=IS_NOT_SURVIVOR
2026-08-17T22:44:41+00:00 GATE_SKIP id=GDD38_11 window=XM5 reason=OOS_NOT_STRICT
2026-08-17T22:44:41+00:00 SKIP_EXISTING [472/560] id=GDD38_12 window=IS
2026-08-17T22:44:41+00:00 GATE_SKIP id=GDD38_12 window=OOS reason=IS_NOT_SURVIVOR
2026-08-17T22:44:41+00:00 GATE_SKIP id=GDD38_12 window=XM5 reason=OOS_NOT_STRICT
2026-08-17T22:44:41+00:00 SKIP_EXISTING [473/560] id=GDD38_13 window=IS
2026-08-17T22:44:41+00:00 GATE_SKIP id=GDD38_13 window=OOS reason=IS_NOT_SURVIVOR
2026-08-17T22:44:41+00:00 GATE_SKIP id=GDD38_13 window=XM5 reason=OOS_NOT_STRICT
2026-08-17T22:44:41+00:00 SKIP_EXISTING [474/560] id=GDD38_14 window=IS
2026-08-17T22:44:41+00:00 GATE_SKIP id=GDD38_14 window=OOS reason=IS_NOT_SURVIVOR
2026-08-17T22:44:41+00:00 GATE_SKIP id=GDD38_14 window=XM5 reason=OOS_NOT_STRICT
2026-08-17T22:44:41+00:00 SKIP_EXISTING [475/560] id=GDD38_15 window=IS
2026-08-17T22:44:41+00:00 GATE_SKIP id=GDD38_15 window=OOS reason=IS_NOT_SURVIVOR
2026-08-17T22:44:41+00:00 GATE_SKIP id=GDD38_15 window=XM5 reason=OOS_NOT_STRICT
2026-08-17T22:44:41+00:00 SKIP_EXISTING [476/560] id=GDD38_16 window=IS
2026-08-17T22:44:41+00:00 GATE_SKIP id=GDD38_16 window=OOS reason=IS_NOT_SURVIVOR
2026-08-17T22:44:41+00:00 GATE_SKIP id=GDD38_16 window=XM5 reason=OOS_NOT_STRICT
2026-08-17T22:44:41+00:00 SKIP_EXISTING [477/560] id=GDD38_17 window=IS
2026-08-17T22:44:41+00:00 GATE_SKIP id=GDD38_17 window=OOS reason=IS_NOT_SURVIVOR
2026-08-17T22:44:41+00:00 GATE_SKIP id=GDD38_17 window=XM5 reason=OOS_NOT_STRICT
2026-08-17T22:44:41+00:00 SKIP_EXISTING [478/560] id=GDD38_18 window=IS
2026-08-17T22:44:41+00:00 GATE_SKIP id=GDD38_18 window=OOS reason=IS_NOT_SURVIVOR
2026-08-17T22:44:41+00:00 GATE_SKIP id=GDD38_18 window=XM5 reason=OOS_NOT_STRICT
2026-08-17T22:44:41+00:00 SKIP_EXISTING [479/560] id=GDD38_19 window=IS
2026-08-17T22:44:41+00:00 GATE_SKIP id=GDD38_19 window=OOS reason=IS_NOT_SURVIVOR
2026-08-17T22:44:41+00:00 GATE_SKIP id=GDD38_19 window=XM5 reason=OOS_NOT_STRICT
2026-08-17T22:44:41+00:00 SKIP_EXISTING [480/560] id=GDD38_20 window=IS
2026-08-17T22:44:41+00:00 GATE_SKIP id=GDD38_20 window=OOS reason=IS_NOT_SURVIVOR
2026-08-17T22:44:41+00:00 GATE_SKIP id=GDD38_20 window=XM5 reason=OOS_NOT_STRICT
2026-08-17T22:44:41+00:00 SKIP_EXISTING [481/560] id=GDD39_01 window=IS
2026-08-17T22:44:41+00:00 SKIP_EXISTING [481/560] id=GDD39_01 window=OOS
2026-08-17T22:44:41+00:00 GATE_SKIP id=GDD39_01 window=XM5 reason=OOS_NOT_STRICT
2026-08-17T22:44:41+00:00 SKIP_EXISTING [482/560] id=GDD39_02 window=IS
2026-08-17T22:44:41+00:00 SKIP_EXISTING [482/560] id=GDD39_02 window=OOS
2026-08-17T22:44:41+00:00 GATE_SKIP id=GDD39_02 window=XM5 reason=OOS_NOT_STRICT
2026-08-17T22:44:41+00:00 SKIP_EXISTING [483/560] id=GDD39_03 window=IS
2026-08-17T22:44:41+00:00 SKIP_EXISTING [483/560] id=GDD39_03 window=OOS
2026-08-17T22:44:41+00:00 GATE_SKIP id=GDD39_03 window=XM5 reason=OOS_NOT_STRICT
2026-08-17T22:44:41+00:00 SKIP_EXISTING [484/560] id=GDD39_04 window=IS
2026-08-17T22:44:41+00:00 SKIP_EXISTING [484/560] id=GDD39_04 window=OOS
2026-08-17T22:44:41+00:00 GATE_SKIP id=GDD39_04 window=XM5 reason=OOS_NOT_STRICT
2026-08-17T22:44:41+00:00 SKIP_EXISTING [485/560] id=GDD39_05 window=IS
2026-08-17T22:44:41+00:00 SKIP_EXISTING [485/560] id=GDD39_05 window=OOS
2026-08-17T22:44:41+00:00 GATE_SKIP id=GDD39_05 window=XM5 reason=OOS_NOT_STRICT
2026-08-17T22:44:41+00:00 SKIP_EXISTING [486/560] id=GDD39_06 window=IS
2026-08-17T22:44:41+00:00 GATE_SKIP id=GDD39_06 window=OOS reason=IS_NOT_SURVIVOR
2026-08-17T22:44:41+00:00 GATE_SKIP id=GDD39_06 window=XM5 reason=OOS_NOT_STRICT
2026-08-17T22:44:41+00:00 SKIP_EXISTING [487/560] id=GDD39_07 window=IS
2026-08-17T22:44:41+00:00 GATE_SKIP id=GDD39_07 window=OOS reason=IS_NOT_SURVIVOR
2026-08-17T22:44:41+00:00 GATE_SKIP id=GDD39_07 window=XM5 reason=OOS_NOT_STRICT
2026-08-17T22:44:41+00:00 SKIP_EXISTING [488/560] id=GDD39_08 window=IS
2026-08-17T22:44:41+00:00 GATE_SKIP id=GDD39_08 window=OOS reason=IS_NOT_SURVIVOR
2026-08-17T22:44:41+00:00 GATE_SKIP id=GDD39_08 window=XM5 reason=OOS_NOT_STRICT
2026-08-17T22:44:41+00:00 SKIP_EXISTING [489/560] id=GDD39_09 window=IS
2026-08-17T22:44:41+00:00 GATE_SKIP id=GDD39_09 window=OOS reason=IS_NOT_SURVIVOR
2026-08-17T22:44:41+00:00 GATE_SKIP id=GDD39_09 window=XM5 reason=OOS_NOT_STRICT
2026-08-17T22:44:41+00:00 SKIP_EXISTING [490/560] id=GDD39_10 window=IS
2026-08-17T22:44:41+00:00 GATE_SKIP id=GDD39_10 window=OOS reason=IS_NOT_SURVIVOR
2026-08-17T22:44:41+00:00 GATE_SKIP id=GDD39_10 window=XM5 reason=OOS_NOT_STRICT
2026-08-17T22:44:41+00:00 SKIP_EXISTING [491/560] id=GDD39_11 window=IS
2026-08-17T22:44:41+00:00 GATE_SKIP id=GDD39_11 window=OOS reason=IS_NOT_SURVIVOR
2026-08-17T22:44:41+00:00 GATE_SKIP id=GDD39_11 window=XM5 reason=OOS_NOT_STRICT
2026-08-17T22:44:41+00:00 SKIP_EXISTING [492/560] id=GDD39_12 window=IS
2026-08-17T22:44:41+00:00 GATE_SKIP id=GDD39_12 window=OOS reason=IS_NOT_SURVIVOR
2026-08-17T22:44:41+00:00 GATE_SKIP id=GDD39_12 window=XM5 reason=OOS_NOT_STRICT
2026-08-17T22:44:41+00:00 SKIP_EXISTING [493/560] id=GDD39_13 window=IS
2026-08-17T22:44:41+00:00 GATE_SKIP id=GDD39_13 window=OOS reason=IS_NOT_SURVIVOR
2026-08-17T22:44:41+00:00 GATE_SKIP id=GDD39_13 window=XM5 reason=OOS_NOT_STRICT
2026-08-17T22:44:41+00:00 SKIP_EXISTING [494/560] id=GDD39_14 window=IS
2026-08-17T22:44:41+00:00 GATE_SKIP id=GDD39_14 window=OOS reason=IS_NOT_SURVIVOR
2026-08-17T22:44:41+00:00 GATE_SKIP id=GDD39_14 window=XM5 reason=OOS_NOT_STRICT
2026-08-17T22:44:41+00:00 SKIP_EXISTING [495/560] id=GDD39_15 window=IS
2026-08-17T22:44:41+00:00 GATE_SKIP id=GDD39_15 window=OOS reason=IS_NOT_SURVIVOR
2026-08-17T22:44:41+00:00 GATE_SKIP id=GDD39_15 window=XM5 reason=OOS_NOT_STRICT
2026-08-17T22:44:41+00:00 SKIP_EXISTING [496/560] id=GDD39_16 window=IS
2026-08-17T22:44:41+00:00 GATE_SKIP id=GDD39_16 window=OOS reason=IS_NOT_SURVIVOR
2026-08-17T22:44:41+00:00 GATE_SKIP id=GDD39_16 window=XM5 reason=OOS_NOT_STRICT
2026-08-17T22:44:41+00:00 SKIP_EXISTING [497/560] id=GDD39_17 window=IS
2026-08-17T22:44:41+00:00 GATE_SKIP id=GDD39_17 window=OOS reason=IS_NOT_SURVIVOR
2026-08-17T22:44:41+00:00 GATE_SKIP id=GDD39_17 window=XM5 reason=OOS_NOT_STRICT
2026-08-17T22:44:41+00:00 SKIP_EXISTING [498/560] id=GDD39_18 window=IS
2026-08-17T22:44:41+00:00 GATE_SKIP id=GDD39_18 window=OOS reason=IS_NOT_SURVIVOR
2026-08-17T22:44:41+00:00 GATE_SKIP id=GDD39_18 window=XM5 reason=OOS_NOT_STRICT
2026-08-17T22:44:41+00:00 SKIP_EXISTING [499/560] id=GDD39_19 window=IS
2026-08-17T22:44:41+00:00 GATE_SKIP id=GDD39_19 window=OOS reason=IS_NOT_SURVIVOR
2026-08-17T22:44:41+00:00 GATE_SKIP id=GDD39_19 window=XM5 reason=OOS_NOT_STRICT
2026-08-17T22:44:41+00:00 SKIP_EXISTING [500/560] id=GDD39_20 window=IS
2026-08-17T22:44:41+00:00 GATE_SKIP id=GDD39_20 window=OOS reason=IS_NOT_SURVIVOR
2026-08-17T22:44:41+00:00 GATE_SKIP id=GDD39_20 window=XM5 reason=OOS_NOT_STRICT
2026-08-17T22:44:41+00:00 RUN_START id=GDD43_01 family=range_regime window=IS run=gdd2p_is_gdd43_01_20260818074441_8638e4
2026-08-17T22:45:46+00:00 RUN_END id=GDD43_01 window=IS status=FAILED decision=RUN_FAILED elapsed=65.501s
2026-08-17T22:45:46+00:00 SKIP_EXISTING [502/560] id=GDD43_02 window=IS
2026-08-17T22:45:46+00:00 GATE_SKIP id=GDD43_02 window=OOS reason=IS_NOT_SURVIVOR
2026-08-17T22:45:46+00:00 GATE_SKIP id=GDD43_02 window=XM5 reason=OOS_NOT_STRICT
2026-08-17T22:45:46+00:00 SKIP_EXISTING [503/560] id=GDD43_03 window=IS
2026-08-17T22:45:46+00:00 GATE_SKIP id=GDD43_03 window=OOS reason=IS_NOT_SURVIVOR
2026-08-17T22:45:46+00:00 GATE_SKIP id=GDD43_03 window=XM5 reason=OOS_NOT_STRICT
2026-08-17T22:45:46+00:00 SKIP_EXISTING [504/560] id=GDD43_04 window=IS
2026-08-17T22:45:46+00:00 GATE_SKIP id=GDD43_04 window=OOS reason=IS_NOT_SURVIVOR
2026-08-17T22:45:46+00:00 GATE_SKIP id=GDD43_04 window=XM5 reason=OOS_NOT_STRICT
2026-08-17T22:45:46+00:00 SKIP_EXISTING [505/560] id=GDD43_05 window=IS
2026-08-17T22:45:46+00:00 SKIP_EXISTING [505/560] id=GDD43_05 window=OOS
2026-08-17T22:45:46+00:00 GATE_SKIP id=GDD43_05 window=XM5 reason=OOS_NOT_STRICT
2026-08-17T22:45:46+00:00 SKIP_EXISTING [506/560] id=GDD43_06 window=IS
2026-08-17T22:45:46+00:00 SKIP_EXISTING [506/560] id=GDD43_06 window=OOS
2026-08-17T22:45:46+00:00 GATE_SKIP id=GDD43_06 window=XM5 reason=OOS_NOT_STRICT
2026-08-17T22:45:46+00:00 SKIP_EXISTING [507/560] id=GDD43_07 window=IS
2026-08-17T22:45:46+00:00 SKIP_EXISTING [507/560] id=GDD43_07 window=OOS
2026-08-17T22:45:46+00:00 GATE_SKIP id=GDD43_07 window=XM5 reason=OOS_NOT_STRICT
2026-08-17T22:45:46+00:00 SKIP_EXISTING [508/560] id=GDD43_08 window=IS
2026-08-17T22:45:46+00:00 SKIP_EXISTING [508/560] id=GDD43_08 window=OOS
2026-08-17T22:45:46+00:00 GATE_SKIP id=GDD43_08 window=XM5 reason=OOS_NOT_STRICT
2026-08-17T22:45:46+00:00 SKIP_EXISTING [509/560] id=GDD43_09 window=IS
2026-08-17T22:45:46+00:00 SKIP_EXISTING [509/560] id=GDD43_09 window=OOS
2026-08-17T22:45:46+00:00 GATE_SKIP id=GDD43_09 window=XM5 reason=OOS_NOT_STRICT
2026-08-17T22:45:46+00:00 SKIP_EXISTING [510/560] id=GDD43_10 window=IS
2026-08-17T22:45:46+00:00 GATE_SKIP id=GDD43_10 window=OOS reason=IS_NOT_SURVIVOR
2026-08-17T22:45:46+00:00 GATE_SKIP id=GDD43_10 window=XM5 reason=OOS_NOT_STRICT
2026-08-17T22:45:46+00:00 SKIP_EXISTING [511/560] id=GDD43_11 window=IS
2026-08-17T22:45:46+00:00 SKIP_EXISTING [511/560] id=GDD43_11 window=OOS
2026-08-17T22:45:46+00:00 GATE_SKIP id=GDD43_11 window=XM5 reason=OOS_NOT_STRICT
2026-08-17T22:45:46+00:00 SKIP_EXISTING [512/560] id=GDD43_12 window=IS
2026-08-17T22:45:46+00:00 SKIP_EXISTING [512/560] id=GDD43_12 window=OOS
2026-08-17T22:45:46+00:00 GATE_SKIP id=GDD43_12 window=XM5 reason=OOS_NOT_STRICT
2026-08-17T22:45:46+00:00 SKIP_EXISTING [513/560] id=GDD43_13 window=IS
2026-08-17T22:45:46+00:00 GATE_SKIP id=GDD43_13 window=OOS reason=IS_NOT_SURVIVOR
2026-08-17T22:45:46+00:00 GATE_SKIP id=GDD43_13 window=XM5 reason=OOS_NOT_STRICT
2026-08-17T22:45:46+00:00 SKIP_EXISTING [514/560] id=GDD43_14 window=IS
2026-08-17T22:45:46+00:00 GATE_SKIP id=GDD43_14 window=OOS reason=IS_NOT_SURVIVOR
2026-08-17T22:45:46+00:00 GATE_SKIP id=GDD43_14 window=XM5 reason=OOS_NOT_STRICT
2026-08-17T22:45:46+00:00 SKIP_EXISTING [515/560] id=GDD43_15 window=IS
2026-08-17T22:45:46+00:00 GATE_SKIP id=GDD43_15 window=OOS reason=IS_NOT_SURVIVOR
2026-08-17T22:45:46+00:00 GATE_SKIP id=GDD43_15 window=XM5 reason=OOS_NOT_STRICT
2026-08-17T22:45:46+00:00 SKIP_EXISTING [516/560] id=GDD43_16 window=IS
2026-08-17T22:45:46+00:00 GATE_SKIP id=GDD43_16 window=OOS reason=IS_NOT_SURVIVOR
2026-08-17T22:45:46+00:00 GATE_SKIP id=GDD43_16 window=XM5 reason=OOS_NOT_STRICT
2026-08-17T22:45:46+00:00 SKIP_EXISTING [517/560] id=GDD43_17 window=IS
2026-08-17T22:45:46+00:00 GATE_SKIP id=GDD43_17 window=OOS reason=IS_NOT_SURVIVOR
2026-08-17T22:45:46+00:00 GATE_SKIP id=GDD43_17 window=XM5 reason=OOS_NOT_STRICT
2026-08-17T22:45:46+00:00 SKIP_EXISTING [518/560] id=GDD43_18 window=IS
2026-08-17T22:45:46+00:00 GATE_SKIP id=GDD43_18 window=OOS reason=IS_NOT_SURVIVOR
2026-08-17T22:45:46+00:00 GATE_SKIP id=GDD43_18 window=XM5 reason=OOS_NOT_STRICT
2026-08-17T22:45:46+00:00 SKIP_EXISTING [519/560] id=GDD43_19 window=IS
2026-08-17T22:45:46+00:00 GATE_SKIP id=GDD43_19 window=OOS reason=IS_NOT_SURVIVOR
2026-08-17T22:45:46+00:00 GATE_SKIP id=GDD43_19 window=XM5 reason=OOS_NOT_STRICT
2026-08-17T22:45:46+00:00 SKIP_EXISTING [520/560] id=GDD43_20 window=IS
2026-08-17T22:45:46+00:00 GATE_SKIP id=GDD43_20 window=OOS reason=IS_NOT_SURVIVOR
2026-08-17T22:45:46+00:00 GATE_SKIP id=GDD43_20 window=XM5 reason=OOS_NOT_STRICT
2026-08-17T22:45:46+00:00 SKIP_EXISTING [521/560] id=GDD44_01 window=IS
2026-08-17T22:45:46+00:00 GATE_SKIP id=GDD44_01 window=OOS reason=IS_NOT_SURVIVOR
2026-08-17T22:45:46+00:00 GATE_SKIP id=GDD44_01 window=XM5 reason=OOS_NOT_STRICT
2026-08-17T22:45:46+00:00 SKIP_EXISTING [522/560] id=GDD44_02 window=IS
2026-08-17T22:45:46+00:00 GATE_SKIP id=GDD44_02 window=OOS reason=IS_NOT_SURVIVOR
2026-08-17T22:45:46+00:00 GATE_SKIP id=GDD44_02 window=XM5 reason=OOS_NOT_STRICT
2026-08-17T22:45:46+00:00 SKIP_EXISTING [523/560] id=GDD44_03 window=IS
2026-08-17T22:45:46+00:00 GATE_SKIP id=GDD44_03 window=OOS reason=IS_NOT_SURVIVOR
2026-08-17T22:45:46+00:00 GATE_SKIP id=GDD44_03 window=XM5 reason=OOS_NOT_STRICT
2026-08-17T22:45:46+00:00 SKIP_EXISTING [524/560] id=GDD44_04 window=IS
2026-08-17T22:45:46+00:00 GATE_SKIP id=GDD44_04 window=OOS reason=IS_NOT_SURVIVOR
2026-08-17T22:45:46+00:00 GATE_SKIP id=GDD44_04 window=XM5 reason=OOS_NOT_STRICT
2026-08-17T22:45:46+00:00 SKIP_EXISTING [525/560] id=GDD44_05 window=IS
2026-08-17T22:45:46+00:00 GATE_SKIP id=GDD44_05 window=OOS reason=IS_NOT_SURVIVOR
2026-08-17T22:45:46+00:00 GATE_SKIP id=GDD44_05 window=XM5 reason=OOS_NOT_STRICT
2026-08-17T22:45:46+00:00 SKIP_EXISTING [526/560] id=GDD44_06 window=IS
2026-08-17T22:45:46+00:00 GATE_SKIP id=GDD44_06 window=OOS reason=IS_NOT_SURVIVOR
2026-08-17T22:45:46+00:00 GATE_SKIP id=GDD44_06 window=XM5 reason=OOS_NOT_STRICT
2026-08-17T22:45:46+00:00 SKIP_EXISTING [527/560] id=GDD44_07 window=IS
2026-08-17T22:45:46+00:00 SKIP_EXISTING [527/560] id=GDD44_07 window=OOS
2026-08-17T22:45:46+00:00 GATE_SKIP id=GDD44_07 window=XM5 reason=OOS_NOT_STRICT
2026-08-17T22:45:46+00:00 SKIP_EXISTING [528/560] id=GDD44_08 window=IS
2026-08-17T22:45:46+00:00 GATE_SKIP id=GDD44_08 window=OOS reason=IS_NOT_SURVIVOR
2026-08-17T22:45:46+00:00 GATE_SKIP id=GDD44_08 window=XM5 reason=OOS_NOT_STRICT
2026-08-17T22:45:46+00:00 SKIP_EXISTING [529/560] id=GDD44_09 window=IS
2026-08-17T22:45:46+00:00 GATE_SKIP id=GDD44_09 window=OOS reason=IS_NOT_SURVIVOR
2026-08-17T22:45:46+00:00 GATE_SKIP id=GDD44_09 window=XM5 reason=OOS_NOT_STRICT
2026-08-17T22:45:46+00:00 SKIP_EXISTING [530/560] id=GDD44_10 window=IS
2026-08-17T22:45:46+00:00 GATE_SKIP id=GDD44_10 window=OOS reason=IS_NOT_SURVIVOR
2026-08-17T22:45:46+00:00 GATE_SKIP id=GDD44_10 window=XM5 reason=OOS_NOT_STRICT
2026-08-17T22:45:46+00:00 RUN_START id=GDD44_11 family=gap_regime window=IS run=gdd2p_is_gdd44_11_20260818074546_361e9a
2026-08-17T22:46:57+00:00 RUN_END id=GDD44_11 window=IS status=OK decision=IS_REJECT elapsed=70.506s
2026-08-17T22:46:57+00:00 GATE_SKIP id=GDD44_11 window=OOS reason=IS_NOT_SURVIVOR
2026-08-17T22:46:57+00:00 GATE_SKIP id=GDD44_11 window=XM5 reason=OOS_NOT_STRICT
2026-08-17T22:46:57+00:00 SKIP_EXISTING [532/560] id=GDD44_12 window=IS
2026-08-17T22:46:57+00:00 GATE_SKIP id=GDD44_12 window=OOS reason=IS_NOT_SURVIVOR
2026-08-17T22:46:57+00:00 GATE_SKIP id=GDD44_12 window=XM5 reason=OOS_NOT_STRICT
2026-08-17T22:46:57+00:00 RUN_START id=GDD44_13 family=gap_regime window=IS run=gdd2p_is_gdd44_13_20260818074657_b6a19c
2026-08-17T22:48:08+00:00 RUN_END id=GDD44_13 window=IS status=OK decision=IS_REJECT elapsed=70.502s
2026-08-17T22:48:08+00:00 GATE_SKIP id=GDD44_13 window=OOS reason=IS_NOT_SURVIVOR
2026-08-17T22:48:08+00:00 GATE_SKIP id=GDD44_13 window=XM5 reason=OOS_NOT_STRICT
2026-08-17T22:48:08+00:00 SKIP_EXISTING [534/560] id=GDD44_14 window=IS
2026-08-17T22:48:08+00:00 GATE_SKIP id=GDD44_14 window=OOS reason=IS_NOT_SURVIVOR
2026-08-17T22:48:08+00:00 GATE_SKIP id=GDD44_14 window=XM5 reason=OOS_NOT_STRICT
2026-08-17T22:48:08+00:00 SKIP_EXISTING [535/560] id=GDD44_15 window=IS
2026-08-17T22:48:08+00:00 GATE_SKIP id=GDD44_15 window=OOS reason=IS_NOT_SURVIVOR
2026-08-17T22:48:08+00:00 GATE_SKIP id=GDD44_15 window=XM5 reason=OOS_NOT_STRICT
2026-08-17T22:48:08+00:00 SKIP_EXISTING [536/560] id=GDD44_16 window=IS
2026-08-17T22:48:08+00:00 GATE_SKIP id=GDD44_16 window=OOS reason=IS_NOT_SURVIVOR
2026-08-17T22:48:08+00:00 GATE_SKIP id=GDD44_16 window=XM5 reason=OOS_NOT_STRICT
2026-08-17T22:48:08+00:00 SKIP_EXISTING [537/560] id=GDD44_17 window=IS
2026-08-17T22:48:08+00:00 GATE_SKIP id=GDD44_17 window=OOS reason=IS_NOT_SURVIVOR
2026-08-17T22:48:08+00:00 GATE_SKIP id=GDD44_17 window=XM5 reason=OOS_NOT_STRICT
2026-08-17T22:48:08+00:00 SKIP_EXISTING [538/560] id=GDD44_18 window=IS
2026-08-17T22:48:08+00:00 GATE_SKIP id=GDD44_18 window=OOS reason=IS_NOT_SURVIVOR
2026-08-17T22:48:08+00:00 GATE_SKIP id=GDD44_18 window=XM5 reason=OOS_NOT_STRICT
2026-08-17T22:48:08+00:00 SKIP_EXISTING [539/560] id=GDD44_19 window=IS
2026-08-17T22:48:08+00:00 GATE_SKIP id=GDD44_19 window=OOS reason=IS_NOT_SURVIVOR
2026-08-17T22:48:08+00:00 GATE_SKIP id=GDD44_19 window=XM5 reason=OOS_NOT_STRICT
2026-08-17T22:48:08+00:00 SKIP_EXISTING [540/560] id=GDD44_20 window=IS
2026-08-17T22:48:08+00:00 GATE_SKIP id=GDD44_20 window=OOS reason=IS_NOT_SURVIVOR
2026-08-17T22:48:08+00:00 GATE_SKIP id=GDD44_20 window=XM5 reason=OOS_NOT_STRICT
2026-08-17T22:48:08+00:00 RUN_START id=GDD46_01 family=spread_gate window=IS run=gdd2p_is_gdd46_01_20260818074808_0b89ba
2026-08-17T22:53:38+00:00 RUN_END id=GDD46_01 window=IS status=FAILED decision=RUN_FAILED elapsed=330.491s
2026-08-17T22:53:38+00:00 RUN_START id=GDD46_02 family=spread_gate window=IS run=gdd2p_is_gdd46_02_20260818075338_151ccb
2026-08-17T22:54:43+00:00 RUN_END id=GDD46_02 window=IS status=FAILED decision=RUN_FAILED elapsed=65.457s
2026-08-17T22:54:43+00:00 SKIP_EXISTING [543/560] id=GDD46_03 window=IS
2026-08-17T22:54:43+00:00 GATE_SKIP id=GDD46_03 window=OOS reason=IS_NOT_SURVIVOR
2026-08-17T22:54:43+00:00 GATE_SKIP id=GDD46_03 window=XM5 reason=OOS_NOT_STRICT
2026-08-17T22:54:43+00:00 SKIP_EXISTING [544/560] id=GDD46_04 window=IS
2026-08-17T22:54:43+00:00 GATE_SKIP id=GDD46_04 window=OOS reason=IS_NOT_SURVIVOR
2026-08-17T22:54:43+00:00 GATE_SKIP id=GDD46_04 window=XM5 reason=OOS_NOT_STRICT
2026-08-17T22:54:43+00:00 SKIP_EXISTING [545/560] id=GDD46_05 window=IS
2026-08-17T22:54:43+00:00 SKIP_EXISTING [545/560] id=GDD46_05 window=OOS
2026-08-17T22:54:43+00:00 GATE_SKIP id=GDD46_05 window=XM5 reason=OOS_NOT_STRICT
2026-08-17T22:54:43+00:00 SKIP_EXISTING [546/560] id=GDD46_06 window=IS
2026-08-17T22:54:43+00:00 GATE_SKIP id=GDD46_06 window=OOS reason=IS_NOT_SURVIVOR
2026-08-17T22:54:43+00:00 GATE_SKIP id=GDD46_06 window=XM5 reason=OOS_NOT_STRICT
2026-08-17T22:54:43+00:00 SKIP_EXISTING [547/560] id=GDD46_07 window=IS
2026-08-17T22:54:43+00:00 GATE_SKIP id=GDD46_07 window=OOS reason=IS_NOT_SURVIVOR
2026-08-17T22:54:43+00:00 GATE_SKIP id=GDD46_07 window=XM5 reason=OOS_NOT_STRICT
2026-08-17T22:54:43+00:00 SKIP_EXISTING [548/560] id=GDD46_08 window=IS
2026-08-17T22:54:43+00:00 GATE_SKIP id=GDD46_08 window=OOS reason=IS_NOT_SURVIVOR
2026-08-17T22:54:44+00:00 GATE_SKIP id=GDD46_08 window=XM5 reason=OOS_NOT_STRICT
2026-08-17T22:54:44+00:00 SKIP_EXISTING [549/560] id=GDD46_09 window=IS
2026-08-17T22:54:44+00:00 GATE_SKIP id=GDD46_09 window=OOS reason=IS_NOT_SURVIVOR
2026-08-17T22:54:44+00:00 GATE_SKIP id=GDD46_09 window=XM5 reason=OOS_NOT_STRICT
2026-08-17T22:54:44+00:00 SKIP_EXISTING [550/560] id=GDD46_10 window=IS
2026-08-17T22:54:44+00:00 GATE_SKIP id=GDD46_10 window=OOS reason=IS_NOT_SURVIVOR
2026-08-17T22:54:44+00:00 GATE_SKIP id=GDD46_10 window=XM5 reason=OOS_NOT_STRICT
2026-08-17T22:54:44+00:00 SKIP_EXISTING [551/560] id=GDD46_11 window=IS
2026-08-17T22:54:44+00:00 GATE_SKIP id=GDD46_11 window=OOS reason=IS_NOT_SURVIVOR
2026-08-17T22:54:44+00:00 GATE_SKIP id=GDD46_11 window=XM5 reason=OOS_NOT_STRICT
2026-08-17T22:54:44+00:00 SKIP_EXISTING [552/560] id=GDD46_12 window=IS
2026-08-17T22:54:44+00:00 GATE_SKIP id=GDD46_12 window=OOS reason=IS_NOT_SURVIVOR
2026-08-17T22:54:44+00:00 GATE_SKIP id=GDD46_12 window=XM5 reason=OOS_NOT_STRICT
2026-08-17T22:54:44+00:00 SKIP_EXISTING [553/560] id=GDD46_13 window=IS
2026-08-17T22:54:44+00:00 GATE_SKIP id=GDD46_13 window=OOS reason=IS_NOT_SURVIVOR
2026-08-17T22:54:44+00:00 GATE_SKIP id=GDD46_13 window=XM5 reason=OOS_NOT_STRICT
2026-08-17T22:54:44+00:00 SKIP_EXISTING [554/560] id=GDD46_14 window=IS
2026-08-17T22:54:44+00:00 GATE_SKIP id=GDD46_14 window=OOS reason=IS_NOT_SURVIVOR
2026-08-17T22:54:44+00:00 GATE_SKIP id=GDD46_14 window=XM5 reason=OOS_NOT_STRICT
2026-08-17T22:54:44+00:00 SKIP_EXISTING [555/560] id=GDD46_15 window=IS
2026-08-17T22:54:44+00:00 GATE_SKIP id=GDD46_15 window=OOS reason=IS_NOT_SURVIVOR
2026-08-17T22:54:44+00:00 GATE_SKIP id=GDD46_15 window=XM5 reason=OOS_NOT_STRICT
2026-08-17T22:54:44+00:00 SKIP_EXISTING [556/560] id=GDD46_16 window=IS
2026-08-17T22:54:44+00:00 GATE_SKIP id=GDD46_16 window=OOS reason=IS_NOT_SURVIVOR
2026-08-17T22:54:44+00:00 GATE_SKIP id=GDD46_16 window=XM5 reason=OOS_NOT_STRICT
2026-08-17T22:54:44+00:00 SKIP_EXISTING [557/560] id=GDD46_17 window=IS
2026-08-17T22:54:44+00:00 GATE_SKIP id=GDD46_17 window=OOS reason=IS_NOT_SURVIVOR
2026-08-17T22:54:44+00:00 GATE_SKIP id=GDD46_17 window=XM5 reason=OOS_NOT_STRICT
2026-08-17T22:54:44+00:00 SKIP_EXISTING [558/560] id=GDD46_18 window=IS
2026-08-17T22:54:44+00:00 GATE_SKIP id=GDD46_18 window=OOS reason=IS_NOT_SURVIVOR
2026-08-17T22:54:44+00:00 GATE_SKIP id=GDD46_18 window=XM5 reason=OOS_NOT_STRICT
2026-08-17T22:54:44+00:00 SKIP_EXISTING [559/560] id=GDD46_19 window=IS
2026-08-17T22:54:44+00:00 GATE_SKIP id=GDD46_19 window=OOS reason=IS_NOT_SURVIVOR
2026-08-17T22:54:44+00:00 GATE_SKIP id=GDD46_19 window=XM5 reason=OOS_NOT_STRICT
2026-08-17T22:54:44+00:00 SKIP_EXISTING [560/560] id=GDD46_20 window=IS
2026-08-17T22:54:44+00:00 GATE_SKIP id=GDD46_20 window=OOS reason=IS_NOT_SURVIVOR
2026-08-17T22:54:44+00:00 GATE_SKIP id=GDD46_20 window=XM5 reason=OOS_NOT_STRICT
2026-08-17T22:54:44+00:00 QUEUE_SUMMARY selected=560 started=11 skipped=817
2026-08-17T22:54:44+00:00 DRIVER_END status=OK
