2026-08-15T23:13:34+00:00 DRIVER_START pid=30940 stage=all targets=560
2026-08-15T23:13:34+00:00 RUN_START id=BASELINE_OFF family=regression window=IS run=gdd2_is_baseline_off_20260816081334_3670d2
2026-08-15T23:14:44+00:00 RUN_END id=BASELINE_OFF window=IS status=OK decision=REGRESSION_PASS elapsed=70.429s
2026-08-15T23:14:44+00:00 RUN_START id=BASELINE_OFF family=regression window=OOS run=gdd2_oos_baseline_off_20260816081444_5d939c
2026-08-15T23:15:30+00:00 RUN_END id=BASELINE_OFF window=OOS status=OK decision=REGRESSION_PASS elapsed=45.374s
2026-08-15T23:15:30+00:00 LIMIT_REACHED actual_proposal_runs=0
2026-08-15T23:15:30+00:00 QUEUE_SUMMARY selected=560 started=0 skipped=0
2026-08-15T23:15:30+00:00 DRIVER_END status=OK
2026-08-15T23:15:38+00:00 DRIVER_START pid=22244 stage=is targets=3
2026-08-15T23:15:38+00:00 RUN_START id=GDD01_01 family=overlap_mutex window=IS run=gdd2_is_gdd01_01_20260816081538_0c3866
2026-08-15T23:16:43+00:00 RUN_END id=GDD01_01 window=IS status=OK decision=IS_SURVIVOR_TRADEOFF elapsed=65.382s
2026-08-15T23:16:43+00:00 RUN_START id=GDD10_01 family=pb_ema_pair window=IS run=gdd2_is_gdd10_01_20260816081643_62c1cb
2026-08-15T23:17:54+00:00 RUN_END id=GDD10_01 window=IS status=OK decision=IS_REJECT elapsed=70.374s
2026-08-15T23:17:54+00:00 RUN_START id=GDD37_01 family=daily_loss_cap window=IS run=gdd2_is_gdd37_01_20260816081754_084a8b
2026-08-15T23:19:14+00:00 RUN_END id=GDD37_01 window=IS status=OK decision=IS_SURVIVOR_TRADEOFF elapsed=80.369s
2026-08-15T23:19:14+00:00 QUEUE_SUMMARY selected=3 started=3 skipped=0
2026-08-15T23:19:14+00:00 DRIVER_END status=OK
2026-08-15T23:19:21+00:00 DRIVER_START pid=32616 stage=is targets=3
2026-08-15T23:19:21+00:00 SKIP_EXISTING [1/3] id=GDD01_01 window=IS
2026-08-15T23:19:21+00:00 SKIP_EXISTING [2/3] id=GDD10_01 window=IS
2026-08-15T23:19:21+00:00 SKIP_EXISTING [3/3] id=GDD37_01 window=IS
2026-08-15T23:19:21+00:00 QUEUE_SUMMARY selected=3 started=0 skipped=3
2026-08-15T23:19:21+00:00 DRIVER_END status=OK
2026-08-15T23:20:40+00:00 DRIVER_START pid=23980 stage=all targets=560
2026-08-15T23:20:40+00:00 SKIP_REGRESSION id=BASELINE_OFF window=IS
2026-08-15T23:20:40+00:00 SKIP_REGRESSION id=BASELINE_OFF window=OOS
2026-08-15T23:20:40+00:00 RUN_START id=BASELINE_PRODUCTION family=regression window=IS run=gdd2_is_baseline_production_20260816082040_0110b3
2026-08-15T23:21:45+00:00 RUN_END id=BASELINE_PRODUCTION window=IS status=OK decision=REGRESSION_PASS elapsed=65.405s
2026-08-15T23:21:45+00:00 RUN_START id=BASELINE_PRODUCTION family=regression window=OOS run=gdd2_oos_baseline_production_20260816082145_17181a
2026-08-15T23:22:30+00:00 RUN_END id=BASELINE_PRODUCTION window=OOS status=OK decision=REGRESSION_PASS elapsed=45.389s
2026-08-15T23:22:30+00:00 LIMIT_REACHED actual_proposal_runs=0
2026-08-15T23:22:30+00:00 QUEUE_SUMMARY selected=560 started=0 skipped=0
2026-08-15T23:22:30+00:00 DRIVER_END status=OK
2026-08-15T23:22:37+00:00 DRIVER_START pid=33972 stage=is targets=3
2026-08-15T23:22:37+00:00 RUN_START id=GDD01_01 family=overlap_mutex window=IS run=gdd2p_is_gdd01_01_20260816082237_d7f269
2026-08-15T23:23:42+00:00 RUN_END id=GDD01_01 window=IS status=OK decision=IS_SURVIVOR_TRADEOFF elapsed=65.381s
2026-08-15T23:23:42+00:00 RUN_START id=GDD10_01 family=pb_ema_pair window=IS run=gdd2p_is_gdd10_01_20260816082342_2a5747
2026-08-15T23:24:53+00:00 RUN_END id=GDD10_01 window=IS status=OK decision=IS_REJECT elapsed=70.374s
2026-08-15T23:24:53+00:00 RUN_START id=GDD37_01 family=daily_loss_cap window=IS run=gdd2p_is_gdd37_01_20260816082453_031e3f
2026-08-15T23:26:13+00:00 RUN_END id=GDD37_01 window=IS status=OK decision=IS_SURVIVOR_STRICT elapsed=80.364s
2026-08-15T23:26:13+00:00 QUEUE_SUMMARY selected=3 started=3 skipped=0
2026-08-15T23:26:13+00:00 DRIVER_END status=OK
2026-08-15T23:26:17+00:00 DRIVER_START pid=35688 stage=is targets=3
2026-08-15T23:26:17+00:00 SKIP_EXISTING [1/3] id=GDD01_01 window=IS
2026-08-15T23:26:17+00:00 SKIP_EXISTING [2/3] id=GDD10_01 window=IS
2026-08-15T23:26:17+00:00 SKIP_EXISTING [3/3] id=GDD37_01 window=IS
2026-08-15T23:26:17+00:00 QUEUE_SUMMARY selected=3 started=0 skipped=3
2026-08-15T23:26:17+00:00 DRIVER_END status=OK
2026-08-15T23:27:23+00:00 DRIVER_START pid=36856 stage=all targets=560
2026-08-15T23:27:23+00:00 RUN_START id=BASELINE_OFF family=regression window=IS run=gdd2_is_baseline_off_20260816082723_a58f71
2026-08-15T23:28:28+00:00 RUN_END id=BASELINE_OFF window=IS status=OK decision=REGRESSION_PASS elapsed=65.422s
2026-08-15T23:28:28+00:00 RUN_START id=BASELINE_OFF family=regression window=OOS run=gdd2_oos_baseline_off_20260816082828_0408a6
2026-08-15T23:29:14+00:00 RUN_END id=BASELINE_OFF window=OOS status=OK decision=REGRESSION_PASS elapsed=45.383s
2026-08-15T23:29:14+00:00 RUN_START id=BASELINE_PRODUCTION family=regression window=IS run=gdd2_is_baseline_production_20260816082914_409538
2026-08-15T23:30:19+00:00 RUN_END id=BASELINE_PRODUCTION window=IS status=OK decision=REGRESSION_PASS elapsed=65.373s
2026-08-15T23:30:19+00:00 RUN_START id=BASELINE_PRODUCTION family=regression window=OOS run=gdd2_oos_baseline_production_20260816083019_1e67cc
2026-08-15T23:31:04+00:00 RUN_END id=BASELINE_PRODUCTION window=OOS status=OK decision=REGRESSION_PASS elapsed=45.372s
2026-08-15T23:31:04+00:00 LIMIT_REACHED actual_proposal_runs=0
2026-08-15T23:31:04+00:00 QUEUE_SUMMARY selected=560 started=0 skipped=0
2026-08-15T23:31:04+00:00 DRIVER_END status=OK
2026-08-15T23:31:12+00:00 DRIVER_START pid=23656 stage=is targets=3
2026-08-15T23:31:12+00:00 RUN_START id=GDD01_01 family=overlap_mutex window=IS run=gdd2p_is_gdd01_01_20260816083112_3fe4c0
2026-08-15T23:32:17+00:00 RUN_END id=GDD01_01 window=IS status=OK decision=IS_SURVIVOR_TRADEOFF elapsed=65.386s
2026-08-15T23:32:17+00:00 RUN_START id=GDD10_01 family=pb_ema_pair window=IS run=gdd2p_is_gdd10_01_20260816083217_db0f1b
2026-08-15T23:33:28+00:00 RUN_END id=GDD10_01 window=IS status=OK decision=IS_REJECT elapsed=70.373s
2026-08-15T23:33:28+00:00 RUN_START id=GDD37_01 family=daily_loss_cap window=IS run=gdd2p_is_gdd37_01_20260816083328_b0fb15
2026-08-15T23:34:48+00:00 RUN_END id=GDD37_01 window=IS status=OK decision=IS_SURVIVOR_STRICT elapsed=80.381s
2026-08-15T23:34:48+00:00 QUEUE_SUMMARY selected=3 started=3 skipped=0
2026-08-15T23:34:48+00:00 DRIVER_END status=OK
2026-08-15T23:34:54+00:00 DRIVER_START pid=34644 stage=is targets=3
2026-08-15T23:34:54+00:00 SKIP_EXISTING [1/3] id=GDD01_01 window=IS
2026-08-15T23:34:54+00:00 SKIP_EXISTING [2/3] id=GDD10_01 window=IS
2026-08-15T23:34:54+00:00 SKIP_EXISTING [3/3] id=GDD37_01 window=IS
2026-08-15T23:34:54+00:00 QUEUE_SUMMARY selected=3 started=0 skipped=3
2026-08-15T23:34:54+00:00 DRIVER_END status=OK
2026-08-15T23:35:02+00:00 DRIVER_START pid=2808 stage=oos targets=3
2026-08-15T23:35:02+00:00 DRY_RUN [1/3] id=GDD01_01 window=OOS
2026-08-15T23:35:02+00:00 GATE_SKIP id=GDD10_01 window=OOS reason=IS_NOT_SURVIVOR
2026-08-15T23:35:02+00:00 DRY_RUN [3/3] id=GDD37_01 window=OOS
2026-08-15T23:35:02+00:00 QUEUE_SUMMARY selected=3 started=0 skipped=0
2026-08-15T23:35:02+00:00 DRIVER_END status=OK
2026-08-15T23:35:19+00:00 DRIVER_START pid=21656 stage=all targets=560
2026-08-15T23:35:19+00:00 SKIP_EXISTING [1/560] id=GDD01_01 window=IS
2026-08-15T23:35:19+00:00 RUN_START id=GDD01_01 family=overlap_mutex window=OOS run=gdd2p_oos_gdd01_01_20260816083519_e09b22
2026-08-15T23:36:09+00:00 RUN_END id=GDD01_01 window=OOS status=OK decision=OOS_REJECT elapsed=50.388s
2026-08-15T23:36:09+00:00 GATE_SKIP id=GDD01_01 window=XM5 reason=OOS_NOT_STRICT
2026-08-15T23:36:09+00:00 RUN_START id=GDD01_02 family=overlap_mutex window=IS run=gdd2p_is_gdd01_02_20260816083609_77a5f0
2026-08-15T23:37:20+00:00 RUN_END id=GDD01_02 window=IS status=OK decision=IS_SURVIVOR_TRADEOFF elapsed=70.369s
2026-08-15T23:37:20+00:00 RUN_START id=GDD01_02 family=overlap_mutex window=OOS run=gdd2p_oos_gdd01_02_20260816083720_3a5d0e
2026-08-15T23:38:05+00:00 RUN_END id=GDD01_02 window=OOS status=OK decision=OOS_REJECT elapsed=45.390s
2026-08-15T23:38:05+00:00 GATE_SKIP id=GDD01_02 window=XM5 reason=OOS_NOT_STRICT
2026-08-15T23:38:05+00:00 RUN_START id=GDD01_03 family=overlap_mutex window=IS run=gdd2p_is_gdd01_03_20260816083805_804c4e
2026-08-15T23:39:11+00:00 RUN_END id=GDD01_03 window=IS status=OK decision=IS_SURVIVOR_TRADEOFF elapsed=65.374s
2026-08-15T23:39:11+00:00 RUN_START id=GDD01_03 family=overlap_mutex window=OOS run=gdd2p_oos_gdd01_03_20260816083911_8b2d3e
2026-08-15T23:39:56+00:00 RUN_END id=GDD01_03 window=OOS status=OK decision=OOS_REJECT elapsed=45.398s
2026-08-15T23:39:56+00:00 GATE_SKIP id=GDD01_03 window=XM5 reason=OOS_NOT_STRICT
2026-08-15T23:39:56+00:00 RUN_START id=GDD01_04 family=overlap_mutex window=IS run=gdd2p_is_gdd01_04_20260816083956_af2912
2026-08-15T23:41:06+00:00 RUN_END id=GDD01_04 window=IS status=OK decision=IS_SURVIVOR_TRADEOFF elapsed=70.364s
2026-08-15T23:41:06+00:00 RUN_START id=GDD01_04 family=overlap_mutex window=OOS run=gdd2p_oos_gdd01_04_20260816084106_710920
2026-08-15T23:41:52+00:00 RUN_END id=GDD01_04 window=OOS status=OK decision=OOS_REJECT elapsed=45.419s
2026-08-15T23:41:52+00:00 GATE_SKIP id=GDD01_04 window=XM5 reason=OOS_NOT_STRICT
2026-08-15T23:41:52+00:00 RUN_START id=GDD01_05 family=overlap_mutex window=IS run=gdd2p_is_gdd01_05_20260816084152_bc72c1
2026-08-15T23:43:02+00:00 RUN_END id=GDD01_05 window=IS status=OK decision=IS_SURVIVOR_TRADEOFF elapsed=70.373s
2026-08-15T23:43:02+00:00 RUN_START id=GDD01_05 family=overlap_mutex window=OOS run=gdd2p_oos_gdd01_05_20260816084302_35c75d
2026-08-15T23:43:48+00:00 RUN_END id=GDD01_05 window=OOS status=OK decision=OOS_REJECT elapsed=45.389s
2026-08-15T23:43:48+00:00 GATE_SKIP id=GDD01_05 window=XM5 reason=OOS_NOT_STRICT
2026-08-15T23:43:48+00:00 RUN_START id=GDD01_06 family=overlap_mutex window=IS run=gdd2p_is_gdd01_06_20260816084348_4f64d7
2026-08-15T23:44:53+00:00 RUN_END id=GDD01_06 window=IS status=OK decision=IS_SURVIVOR_TRADEOFF elapsed=65.380s
2026-08-15T23:44:53+00:00 RUN_START id=GDD01_06 family=overlap_mutex window=OOS run=gdd2p_oos_gdd01_06_20260816084453_11c58d
2026-08-15T23:45:38+00:00 RUN_END id=GDD01_06 window=OOS status=OK decision=OOS_REJECT elapsed=45.389s
2026-08-15T23:45:38+00:00 GATE_SKIP id=GDD01_06 window=XM5 reason=OOS_NOT_STRICT
2026-08-15T23:45:38+00:00 RUN_START id=GDD01_07 family=overlap_mutex window=IS run=gdd2p_is_gdd01_07_20260816084538_1d105f
2026-08-15T23:46:44+00:00 RUN_END id=GDD01_07 window=IS status=OK decision=IS_SURVIVOR_TRADEOFF elapsed=65.389s
2026-08-15T23:46:44+00:00 RUN_START id=GDD01_07 family=overlap_mutex window=OOS run=gdd2p_oos_gdd01_07_20260816084644_3bb422
2026-08-15T23:47:29+00:00 RUN_END id=GDD01_07 window=OOS status=OK decision=OOS_REJECT elapsed=45.434s
2026-08-15T23:47:29+00:00 GATE_SKIP id=GDD01_07 window=XM5 reason=OOS_NOT_STRICT
2026-08-15T23:47:29+00:00 RUN_START id=GDD01_08 family=overlap_mutex window=IS run=gdd2p_is_gdd01_08_20260816084729_ee22ac
2026-08-15T23:48:35+00:00 RUN_END id=GDD01_08 window=IS status=OK decision=IS_SURVIVOR_TRADEOFF elapsed=65.375s
2026-08-15T23:48:35+00:00 RUN_START id=GDD01_08 family=overlap_mutex window=OOS run=gdd2p_oos_gdd01_08_20260816084835_641809
2026-08-15T23:49:20+00:00 RUN_END id=GDD01_08 window=OOS status=OK decision=OOS_REJECT elapsed=45.389s
2026-08-15T23:49:20+00:00 GATE_SKIP id=GDD01_08 window=XM5 reason=OOS_NOT_STRICT
2026-08-15T23:49:20+00:00 RUN_START id=GDD01_09 family=overlap_mutex window=IS run=gdd2p_is_gdd01_09_20260816084920_3829d7
2026-08-15T23:50:25+00:00 RUN_END id=GDD01_09 window=IS status=OK decision=IS_SURVIVOR_TRADEOFF elapsed=65.387s
2026-08-15T23:50:25+00:00 RUN_START id=GDD01_09 family=overlap_mutex window=OOS run=gdd2p_oos_gdd01_09_20260816085025_e145ea
2026-08-15T23:51:16+00:00 RUN_END id=GDD01_09 window=OOS status=OK decision=OOS_REJECT elapsed=50.397s
2026-08-15T23:51:16+00:00 GATE_SKIP id=GDD01_09 window=XM5 reason=OOS_NOT_STRICT
2026-08-15T23:51:16+00:00 RUN_START id=GDD01_10 family=overlap_mutex window=IS run=gdd2p_is_gdd01_10_20260816085116_284b22
2026-08-15T23:52:21+00:00 RUN_END id=GDD01_10 window=IS status=OK decision=IS_SURVIVOR_TRADEOFF elapsed=65.385s
2026-08-15T23:52:21+00:00 RUN_START id=GDD01_10 family=overlap_mutex window=OOS run=gdd2p_oos_gdd01_10_20260816085221_166b15
2026-08-15T23:53:06+00:00 RUN_END id=GDD01_10 window=OOS status=OK decision=OOS_REJECT elapsed=45.396s
2026-08-15T23:53:06+00:00 GATE_SKIP id=GDD01_10 window=XM5 reason=OOS_NOT_STRICT
2026-08-15T23:53:06+00:00 RUN_START id=GDD01_11 family=overlap_mutex window=IS run=gdd2p_is_gdd01_11_20260816085306_bcafe6
2026-08-15T23:54:12+00:00 RUN_END id=GDD01_11 window=IS status=OK decision=IS_SURVIVOR_TRADEOFF elapsed=65.381s
2026-08-15T23:54:12+00:00 RUN_START id=GDD01_11 family=overlap_mutex window=OOS run=gdd2p_oos_gdd01_11_20260816085412_906f3f
2026-08-15T23:54:57+00:00 RUN_END id=GDD01_11 window=OOS status=OK decision=OOS_REJECT elapsed=45.395s
2026-08-15T23:54:57+00:00 GATE_SKIP id=GDD01_11 window=XM5 reason=OOS_NOT_STRICT
2026-08-15T23:54:57+00:00 RUN_START id=GDD01_12 family=overlap_mutex window=IS run=gdd2p_is_gdd01_12_20260816085457_afe328
2026-08-15T23:56:08+00:00 RUN_END id=GDD01_12 window=IS status=OK decision=IS_SURVIVOR_TRADEOFF elapsed=70.380s
2026-08-15T23:56:08+00:00 RUN_START id=GDD01_12 family=overlap_mutex window=OOS run=gdd2p_oos_gdd01_12_20260816085608_e7dc99
2026-08-15T23:56:53+00:00 RUN_END id=GDD01_12 window=OOS status=OK decision=OOS_REJECT elapsed=45.390s
2026-08-15T23:56:53+00:00 GATE_SKIP id=GDD01_12 window=XM5 reason=OOS_NOT_STRICT
2026-08-15T23:56:53+00:00 RUN_START id=GDD01_13 family=overlap_mutex window=IS run=gdd2p_is_gdd01_13_20260816085653_c93ab8
2026-08-15T23:57:58+00:00 RUN_END id=GDD01_13 window=IS status=OK decision=IS_SURVIVOR_TRADEOFF elapsed=65.387s
2026-08-15T23:57:58+00:00 RUN_START id=GDD01_13 family=overlap_mutex window=OOS run=gdd2p_oos_gdd01_13_20260816085758_608aaf
2026-08-15T23:58:44+00:00 RUN_END id=GDD01_13 window=OOS status=OK decision=OOS_REJECT elapsed=45.396s
2026-08-15T23:58:44+00:00 GATE_SKIP id=GDD01_13 window=XM5 reason=OOS_NOT_STRICT
2026-08-15T23:58:44+00:00 RUN_START id=GDD01_14 family=overlap_mutex window=IS run=gdd2p_is_gdd01_14_20260816085844_047207
2026-08-15T23:59:49+00:00 RUN_END id=GDD01_14 window=IS status=OK decision=IS_SURVIVOR_TRADEOFF elapsed=65.395s
2026-08-15T23:59:49+00:00 RUN_START id=GDD01_14 family=overlap_mutex window=OOS run=gdd2p_oos_gdd01_14_20260816085949_bc81a6
2026-08-16T00:00:35+00:00 RUN_END id=GDD01_14 window=OOS status=OK decision=OOS_REJECT elapsed=45.391s
2026-08-16T00:00:35+00:00 GATE_SKIP id=GDD01_14 window=XM5 reason=OOS_NOT_STRICT
2026-08-16T00:00:35+00:00 RUN_START id=GDD01_15 family=overlap_mutex window=IS run=gdd2p_is_gdd01_15_20260816090035_c6575d
2026-08-16T00:01:45+00:00 RUN_END id=GDD01_15 window=IS status=OK decision=IS_SURVIVOR_TRADEOFF elapsed=70.381s
2026-08-16T00:01:45+00:00 RUN_START id=GDD01_15 family=overlap_mutex window=OOS run=gdd2p_oos_gdd01_15_20260816090145_c331fd
2026-08-16T00:02:35+00:00 RUN_END id=GDD01_15 window=OOS status=OK decision=OOS_REJECT elapsed=50.426s
2026-08-16T00:02:35+00:00 GATE_SKIP id=GDD01_15 window=XM5 reason=OOS_NOT_STRICT
2026-08-16T00:02:35+00:00 RUN_START id=GDD01_16 family=overlap_mutex window=IS run=gdd2p_is_gdd01_16_20260816090235_15a581
2026-08-16T00:03:41+00:00 RUN_END id=GDD01_16 window=IS status=OK decision=IS_SURVIVOR_TRADEOFF elapsed=65.376s
2026-08-16T00:03:41+00:00 RUN_START id=GDD01_16 family=overlap_mutex window=OOS run=gdd2p_oos_gdd01_16_20260816090341_6ef6aa
2026-08-16T00:04:26+00:00 RUN_END id=GDD01_16 window=OOS status=OK decision=OOS_REJECT elapsed=45.390s
2026-08-16T00:04:26+00:00 GATE_SKIP id=GDD01_16 window=XM5 reason=OOS_NOT_STRICT
2026-08-16T00:04:26+00:00 RUN_START id=GDD01_17 family=overlap_mutex window=IS run=gdd2p_is_gdd01_17_20260816090426_87be34
2026-08-16T00:05:32+00:00 RUN_END id=GDD01_17 window=IS status=OK decision=IS_SURVIVOR_TRADEOFF elapsed=65.377s
2026-08-16T00:05:32+00:00 RUN_START id=GDD01_17 family=overlap_mutex window=OOS run=gdd2p_oos_gdd01_17_20260816090532_a20419
2026-08-16T00:06:22+00:00 RUN_END id=GDD01_17 window=OOS status=OK decision=OOS_REJECT elapsed=50.388s
2026-08-16T00:06:22+00:00 GATE_SKIP id=GDD01_17 window=XM5 reason=OOS_NOT_STRICT
2026-08-16T00:06:22+00:00 RUN_START id=GDD01_18 family=overlap_mutex window=IS run=gdd2p_is_gdd01_18_20260816090622_73183c
2026-08-16T00:07:27+00:00 RUN_END id=GDD01_18 window=IS status=OK decision=IS_REJECT elapsed=65.388s
2026-08-16T00:07:27+00:00 GATE_SKIP id=GDD01_18 window=OOS reason=IS_NOT_SURVIVOR
2026-08-16T00:07:27+00:00 GATE_SKIP id=GDD01_18 window=XM5 reason=OOS_NOT_STRICT
2026-08-16T00:07:27+00:00 RUN_START id=GDD01_19 family=overlap_mutex window=IS run=gdd2p_is_gdd01_19_20260816090727_39932e
2026-08-16T00:08:33+00:00 RUN_END id=GDD01_19 window=IS status=OK decision=IS_REJECT elapsed=65.375s
2026-08-16T00:08:33+00:00 GATE_SKIP id=GDD01_19 window=OOS reason=IS_NOT_SURVIVOR
2026-08-16T00:08:33+00:00 GATE_SKIP id=GDD01_19 window=XM5 reason=OOS_NOT_STRICT
2026-08-16T00:08:33+00:00 RUN_START id=GDD01_20 family=overlap_mutex window=IS run=gdd2p_is_gdd01_20_20260816090833_9f765a
2026-08-16T00:09:38+00:00 RUN_END id=GDD01_20 window=IS status=OK decision=IS_REJECT elapsed=65.367s
2026-08-16T00:09:38+00:00 GATE_SKIP id=GDD01_20 window=OOS reason=IS_NOT_SURVIVOR
2026-08-16T00:09:38+00:00 GATE_SKIP id=GDD01_20 window=XM5 reason=OOS_NOT_STRICT
2026-08-16T00:09:38+00:00 RUN_START id=GDD02_01 family=overlap_priority_pb window=IS run=gdd2p_is_gdd02_01_20260816090938_fb660d
2026-08-16T00:10:49+00:00 RUN_END id=GDD02_01 window=IS status=OK decision=IS_REJECT elapsed=70.378s
2026-08-16T00:10:49+00:00 GATE_SKIP id=GDD02_01 window=OOS reason=IS_NOT_SURVIVOR
2026-08-16T00:10:49+00:00 GATE_SKIP id=GDD02_01 window=XM5 reason=OOS_NOT_STRICT
2026-08-16T00:10:49+00:00 RUN_START id=GDD02_02 family=overlap_priority_pb window=IS run=gdd2p_is_gdd02_02_20260816091049_bf22a3
2026-08-16T00:11:54+00:00 RUN_END id=GDD02_02 window=IS status=OK decision=IS_REJECT elapsed=65.383s
2026-08-16T00:11:54+00:00 GATE_SKIP id=GDD02_02 window=OOS reason=IS_NOT_SURVIVOR
2026-08-16T00:11:54+00:00 GATE_SKIP id=GDD02_02 window=XM5 reason=OOS_NOT_STRICT
2026-08-16T00:11:54+00:00 RUN_START id=GDD02_03 family=overlap_priority_pb window=IS run=gdd2p_is_gdd02_03_20260816091154_a56a23
2026-08-16T00:13:04+00:00 RUN_END id=GDD02_03 window=IS status=OK decision=IS_REJECT elapsed=70.370s
2026-08-16T00:13:04+00:00 GATE_SKIP id=GDD02_03 window=OOS reason=IS_NOT_SURVIVOR
2026-08-16T00:13:04+00:00 GATE_SKIP id=GDD02_03 window=XM5 reason=OOS_NOT_STRICT
2026-08-16T00:13:04+00:00 RUN_START id=GDD02_04 family=overlap_priority_pb window=IS run=gdd2p_is_gdd02_04_20260816091304_f06243
2026-08-16T00:14:10+00:00 RUN_END id=GDD02_04 window=IS status=OK decision=IS_REJECT elapsed=65.389s
2026-08-16T00:14:10+00:00 GATE_SKIP id=GDD02_04 window=OOS reason=IS_NOT_SURVIVOR
2026-08-16T00:14:10+00:00 GATE_SKIP id=GDD02_04 window=XM5 reason=OOS_NOT_STRICT
2026-08-16T00:14:10+00:00 RUN_START id=GDD02_05 family=overlap_priority_pb window=IS run=gdd2p_is_gdd02_05_20260816091410_b585e9
2026-08-16T00:15:15+00:00 RUN_END id=GDD02_05 window=IS status=OK decision=IS_REJECT elapsed=65.382s
2026-08-16T00:15:15+00:00 GATE_SKIP id=GDD02_05 window=OOS reason=IS_NOT_SURVIVOR
2026-08-16T00:15:15+00:00 GATE_SKIP id=GDD02_05 window=XM5 reason=OOS_NOT_STRICT
2026-08-16T00:15:15+00:00 RUN_START id=GDD02_06 family=overlap_priority_pb window=IS run=gdd2p_is_gdd02_06_20260816091515_6e5b64
2026-08-16T00:16:20+00:00 RUN_END id=GDD02_06 window=IS status=OK decision=IS_REJECT elapsed=65.371s
2026-08-16T00:16:20+00:00 GATE_SKIP id=GDD02_06 window=OOS reason=IS_NOT_SURVIVOR
2026-08-16T00:16:20+00:00 GATE_SKIP id=GDD02_06 window=XM5 reason=OOS_NOT_STRICT
2026-08-16T00:16:20+00:00 RUN_START id=GDD02_07 family=overlap_priority_pb window=IS run=gdd2p_is_gdd02_07_20260816091620_057a41
2026-08-16T00:17:31+00:00 RUN_END id=GDD02_07 window=IS status=OK decision=IS_SURVIVOR_TRADEOFF elapsed=70.374s
2026-08-16T00:17:31+00:00 RUN_START id=GDD02_07 family=overlap_priority_pb window=OOS run=gdd2p_oos_gdd02_07_20260816091731_9c0178
2026-08-16T00:18:21+00:00 RUN_END id=GDD02_07 window=OOS status=OK decision=OOS_REJECT elapsed=50.403s
2026-08-16T00:18:21+00:00 GATE_SKIP id=GDD02_07 window=XM5 reason=OOS_NOT_STRICT
2026-08-16T00:18:21+00:00 RUN_START id=GDD02_08 family=overlap_priority_pb window=IS run=gdd2p_is_gdd02_08_20260816091821_62940b
2026-08-16T00:19:27+00:00 RUN_END id=GDD02_08 window=IS status=OK decision=IS_SURVIVOR_TRADEOFF elapsed=65.397s
2026-08-16T00:19:27+00:00 RUN_START id=GDD02_08 family=overlap_priority_pb window=OOS run=gdd2p_oos_gdd02_08_20260816091927_d31be1
2026-08-16T00:20:12+00:00 RUN_END id=GDD02_08 window=OOS status=OK decision=OOS_REJECT elapsed=45.399s
2026-08-16T00:20:12+00:00 GATE_SKIP id=GDD02_08 window=XM5 reason=OOS_NOT_STRICT
2026-08-16T00:20:12+00:00 RUN_START id=GDD02_09 family=overlap_priority_pb window=IS run=gdd2p_is_gdd02_09_20260816092012_35a8da
2026-08-16T00:21:22+00:00 RUN_END id=GDD02_09 window=IS status=OK decision=IS_REJECT elapsed=70.373s
2026-08-16T00:21:22+00:00 GATE_SKIP id=GDD02_09 window=OOS reason=IS_NOT_SURVIVOR
2026-08-16T00:21:22+00:00 GATE_SKIP id=GDD02_09 window=XM5 reason=OOS_NOT_STRICT
2026-08-16T00:21:22+00:00 RUN_START id=GDD02_10 family=overlap_priority_pb window=IS run=gdd2p_is_gdd02_10_20260816092122_53726d
2026-08-16T00:22:33+00:00 RUN_END id=GDD02_10 window=IS status=OK decision=IS_REJECT elapsed=70.374s
2026-08-16T00:22:33+00:00 GATE_SKIP id=GDD02_10 window=OOS reason=IS_NOT_SURVIVOR
2026-08-16T00:22:33+00:00 GATE_SKIP id=GDD02_10 window=XM5 reason=OOS_NOT_STRICT
2026-08-16T00:22:33+00:00 RUN_START id=GDD02_11 family=overlap_priority_pb window=IS run=gdd2p_is_gdd02_11_20260816092233_b04500
2026-08-16T00:23:38+00:00 RUN_END id=GDD02_11 window=IS status=OK decision=IS_SURVIVOR_TRADEOFF elapsed=65.427s
2026-08-16T00:23:38+00:00 RUN_START id=GDD02_11 family=overlap_priority_pb window=OOS run=gdd2p_oos_gdd02_11_20260816092338_aa99a9
2026-08-16T00:24:29+00:00 RUN_END id=GDD02_11 window=OOS status=OK decision=OOS_REJECT elapsed=50.402s
2026-08-16T00:24:29+00:00 GATE_SKIP id=GDD02_11 window=XM5 reason=OOS_NOT_STRICT
2026-08-16T00:24:29+00:00 RUN_START id=GDD02_12 family=overlap_priority_pb window=IS run=gdd2p_is_gdd02_12_20260816092429_ddc4bc
2026-08-16T00:25:34+00:00 RUN_END id=GDD02_12 window=IS status=OK decision=IS_SURVIVOR_TRADEOFF elapsed=65.381s
2026-08-16T00:25:34+00:00 RUN_START id=GDD02_12 family=overlap_priority_pb window=OOS run=gdd2p_oos_gdd02_12_20260816092534_59ab03
2026-08-16T00:26:24+00:00 RUN_END id=GDD02_12 window=OOS status=OK decision=OOS_REJECT elapsed=50.435s
2026-08-16T00:26:24+00:00 GATE_SKIP id=GDD02_12 window=XM5 reason=OOS_NOT_STRICT
2026-08-16T00:26:24+00:00 RUN_START id=GDD02_13 family=overlap_priority_pb window=IS run=gdd2p_is_gdd02_13_20260816092624_c38cfd
2026-08-16T00:27:30+00:00 RUN_END id=GDD02_13 window=IS status=OK decision=IS_SURVIVOR_TRADEOFF elapsed=65.381s
2026-08-16T00:27:30+00:00 RUN_START id=GDD02_13 family=overlap_priority_pb window=OOS run=gdd2p_oos_gdd02_13_20260816092730_560586
2026-08-16T00:28:15+00:00 RUN_END id=GDD02_13 window=OOS status=OK decision=OOS_REJECT elapsed=45.402s
2026-08-16T00:28:15+00:00 GATE_SKIP id=GDD02_13 window=XM5 reason=OOS_NOT_STRICT
2026-08-16T00:28:15+00:00 RUN_START id=GDD02_14 family=overlap_priority_pb window=IS run=gdd2p_is_gdd02_14_20260816092815_0ad2e0
2026-08-16T00:29:21+00:00 RUN_END id=GDD02_14 window=IS status=OK decision=IS_SURVIVOR_TRADEOFF elapsed=65.375s
2026-08-16T00:29:21+00:00 RUN_START id=GDD02_14 family=overlap_priority_pb window=OOS run=gdd2p_oos_gdd02_14_20260816092921_ead911
2026-08-16T00:30:06+00:00 RUN_END id=GDD02_14 window=OOS status=OK decision=OOS_REJECT elapsed=45.397s
2026-08-16T00:30:06+00:00 GATE_SKIP id=GDD02_14 window=XM5 reason=OOS_NOT_STRICT
2026-08-16T00:30:06+00:00 RUN_START id=GDD02_15 family=overlap_priority_pb window=IS run=gdd2p_is_gdd02_15_20260816093006_4f791f
2026-08-16T00:31:11+00:00 RUN_END id=GDD02_15 window=IS status=OK decision=IS_REJECT elapsed=65.402s
2026-08-16T00:31:11+00:00 GATE_SKIP id=GDD02_15 window=OOS reason=IS_NOT_SURVIVOR
2026-08-16T00:31:11+00:00 GATE_SKIP id=GDD02_15 window=XM5 reason=OOS_NOT_STRICT
2026-08-16T00:31:11+00:00 RUN_START id=GDD02_16 family=overlap_priority_pb window=IS run=gdd2p_is_gdd02_16_20260816093111_2d4bee
2026-08-16T00:32:17+00:00 RUN_END id=GDD02_16 window=IS status=OK decision=IS_REJECT elapsed=65.396s
2026-08-16T00:32:17+00:00 GATE_SKIP id=GDD02_16 window=OOS reason=IS_NOT_SURVIVOR
2026-08-16T00:32:17+00:00 GATE_SKIP id=GDD02_16 window=XM5 reason=OOS_NOT_STRICT
2026-08-16T00:32:17+00:00 RUN_START id=GDD02_17 family=overlap_priority_pb window=IS run=gdd2p_is_gdd02_17_20260816093217_329599
2026-08-16T00:33:27+00:00 RUN_END id=GDD02_17 window=IS status=OK decision=IS_REJECT elapsed=70.390s
2026-08-16T00:33:27+00:00 GATE_SKIP id=GDD02_17 window=OOS reason=IS_NOT_SURVIVOR
2026-08-16T00:33:27+00:00 GATE_SKIP id=GDD02_17 window=XM5 reason=OOS_NOT_STRICT
2026-08-16T00:33:27+00:00 RUN_START id=GDD02_18 family=overlap_priority_pb window=IS run=gdd2p_is_gdd02_18_20260816093327_56344f
2026-08-16T00:34:33+00:00 RUN_END id=GDD02_18 window=IS status=OK decision=IS_SURVIVOR_TRADEOFF elapsed=65.375s
2026-08-16T00:34:33+00:00 RUN_START id=GDD02_18 family=overlap_priority_pb window=OOS run=gdd2p_oos_gdd02_18_20260816093433_21f0f4
2026-08-16T00:35:18+00:00 RUN_END id=GDD02_18 window=OOS status=OK decision=OOS_REJECT elapsed=45.398s
2026-08-16T00:35:18+00:00 GATE_SKIP id=GDD02_18 window=XM5 reason=OOS_NOT_STRICT
2026-08-16T00:35:18+00:00 RUN_START id=GDD02_19 family=overlap_priority_pb window=IS run=gdd2p_is_gdd02_19_20260816093518_93f0d0
2026-08-16T00:36:28+00:00 RUN_END id=GDD02_19 window=IS status=OK decision=IS_SURVIVOR_TRADEOFF elapsed=70.370s
2026-08-16T00:36:28+00:00 RUN_START id=GDD02_19 family=overlap_priority_pb window=OOS run=gdd2p_oos_gdd02_19_20260816093628_9eb0e9
2026-08-16T00:37:14+00:00 RUN_END id=GDD02_19 window=OOS status=OK decision=OOS_REJECT elapsed=45.391s
2026-08-16T00:37:14+00:00 GATE_SKIP id=GDD02_19 window=XM5 reason=OOS_NOT_STRICT
2026-08-16T00:37:14+00:00 RUN_START id=GDD02_20 family=overlap_priority_pb window=IS run=gdd2p_is_gdd02_20_20260816093714_a4a0e4
2026-08-16T00:38:19+00:00 RUN_END id=GDD02_20 window=IS status=OK decision=IS_SURVIVOR_TRADEOFF elapsed=65.376s
2026-08-16T00:38:19+00:00 RUN_START id=GDD02_20 family=overlap_priority_pb window=OOS run=gdd2p_oos_gdd02_20_20260816093819_d827c8
2026-08-16T00:39:04+00:00 RUN_END id=GDD02_20 window=OOS status=OK decision=OOS_REJECT elapsed=45.386s
2026-08-16T00:39:04+00:00 GATE_SKIP id=GDD02_20 window=XM5 reason=OOS_NOT_STRICT
2026-08-16T00:39:04+00:00 RUN_START id=GDD03_01 family=overlap_priority_sca window=IS run=gdd2p_is_gdd03_01_20260816093904_f8cab4
2026-08-16T00:40:15+00:00 RUN_END id=GDD03_01 window=IS status=OK decision=IS_SURVIVOR_TRADEOFF elapsed=70.379s
2026-08-16T00:40:15+00:00 RUN_START id=GDD03_01 family=overlap_priority_sca window=OOS run=gdd2p_oos_gdd03_01_20260816094015_37c74e
2026-08-16T00:41:00+00:00 RUN_END id=GDD03_01 window=OOS status=OK decision=OOS_REJECT elapsed=45.397s
2026-08-16T00:41:00+00:00 GATE_SKIP id=GDD03_01 window=XM5 reason=OOS_NOT_STRICT
2026-08-16T00:41:00+00:00 RUN_START id=GDD03_02 family=overlap_priority_sca window=IS run=gdd2p_is_gdd03_02_20260816094100_851a56
2026-08-16T00:42:06+00:00 RUN_END id=GDD03_02 window=IS status=OK decision=IS_SURVIVOR_TRADEOFF elapsed=65.361s
2026-08-16T00:42:06+00:00 RUN_START id=GDD03_02 family=overlap_priority_sca window=OOS run=gdd2p_oos_gdd03_02_20260816094206_196f23
2026-08-16T00:42:56+00:00 RUN_END id=GDD03_02 window=OOS status=OK decision=OOS_REJECT elapsed=50.393s
2026-08-16T00:42:56+00:00 GATE_SKIP id=GDD03_02 window=XM5 reason=OOS_NOT_STRICT
2026-08-16T00:42:56+00:00 RUN_START id=GDD03_03 family=overlap_priority_sca window=IS run=gdd2p_is_gdd03_03_20260816094256_5db967
2026-08-16T00:44:06+00:00 RUN_END id=GDD03_03 window=IS status=OK decision=IS_SURVIVOR_TRADEOFF elapsed=70.404s
2026-08-16T00:44:06+00:00 RUN_START id=GDD03_03 family=overlap_priority_sca window=OOS run=gdd2p_oos_gdd03_03_20260816094406_02b06c
2026-08-16T00:44:57+00:00 RUN_END id=GDD03_03 window=OOS status=OK decision=OOS_REJECT elapsed=50.379s
2026-08-16T00:44:57+00:00 GATE_SKIP id=GDD03_03 window=XM5 reason=OOS_NOT_STRICT
2026-08-16T00:44:57+00:00 RUN_START id=GDD03_04 family=overlap_priority_sca window=IS run=gdd2p_is_gdd03_04_20260816094457_e75043
2026-08-16T00:46:02+00:00 RUN_END id=GDD03_04 window=IS status=OK decision=IS_SURVIVOR_TRADEOFF elapsed=65.380s
2026-08-16T00:46:02+00:00 RUN_START id=GDD03_04 family=overlap_priority_sca window=OOS run=gdd2p_oos_gdd03_04_20260816094602_506591
2026-08-16T00:46:53+00:00 RUN_END id=GDD03_04 window=OOS status=OK decision=OOS_REJECT elapsed=50.386s
2026-08-16T00:46:53+00:00 GATE_SKIP id=GDD03_04 window=XM5 reason=OOS_NOT_STRICT
2026-08-16T00:46:53+00:00 RUN_START id=GDD03_05 family=overlap_priority_sca window=IS run=gdd2p_is_gdd03_05_20260816094653_fbec40
2026-08-16T00:47:58+00:00 RUN_END id=GDD03_05 window=IS status=OK decision=IS_SURVIVOR_STRICT elapsed=65.375s
2026-08-16T00:47:58+00:00 RUN_START id=GDD03_05 family=overlap_priority_sca window=OOS run=gdd2p_oos_gdd03_05_20260816094758_6b38ba
2026-08-16T00:48:48+00:00 RUN_END id=GDD03_05 window=OOS status=OK decision=OOS_REJECT elapsed=50.383s
2026-08-16T00:48:48+00:00 GATE_SKIP id=GDD03_05 window=XM5 reason=OOS_NOT_STRICT
2026-08-16T00:48:48+00:00 RUN_START id=GDD03_06 family=overlap_priority_sca window=IS run=gdd2p_is_gdd03_06_20260816094848_babe13
2026-08-16T00:49:54+00:00 RUN_END id=GDD03_06 window=IS status=OK decision=IS_SURVIVOR_STRICT elapsed=65.380s
2026-08-16T00:49:54+00:00 RUN_START id=GDD03_06 family=overlap_priority_sca window=OOS run=gdd2p_oos_gdd03_06_20260816094954_235c04
2026-08-16T00:50:44+00:00 RUN_END id=GDD03_06 window=OOS status=OK decision=OOS_REJECT elapsed=50.378s
2026-08-16T00:50:44+00:00 GATE_SKIP id=GDD03_06 window=XM5 reason=OOS_NOT_STRICT
2026-08-16T00:50:44+00:00 RUN_START id=GDD03_07 family=overlap_priority_sca window=IS run=gdd2p_is_gdd03_07_20260816095044_15f523
2026-08-16T00:51:50+00:00 RUN_END id=GDD03_07 window=IS status=OK decision=IS_SURVIVOR_STRICT elapsed=65.370s
2026-08-16T00:51:50+00:00 RUN_START id=GDD03_07 family=overlap_priority_sca window=OOS run=gdd2p_oos_gdd03_07_20260816095150_207766
2026-08-16T00:52:40+00:00 RUN_END id=GDD03_07 window=OOS status=OK decision=OOS_REJECT elapsed=50.393s
2026-08-16T00:52:40+00:00 GATE_SKIP id=GDD03_07 window=XM5 reason=OOS_NOT_STRICT
2026-08-16T00:52:40+00:00 RUN_START id=GDD03_08 family=overlap_priority_sca window=IS run=gdd2p_is_gdd03_08_20260816095240_5df365
2026-08-16T00:53:50+00:00 RUN_END id=GDD03_08 window=IS status=OK decision=IS_SURVIVOR_STRICT elapsed=70.371s
2026-08-16T00:53:50+00:00 RUN_START id=GDD03_08 family=overlap_priority_sca window=OOS run=gdd2p_oos_gdd03_08_20260816095350_15b8f2
2026-08-16T00:54:36+00:00 RUN_END id=GDD03_08 window=OOS status=OK decision=OOS_REJECT elapsed=45.428s
2026-08-16T00:54:36+00:00 GATE_SKIP id=GDD03_08 window=XM5 reason=OOS_NOT_STRICT
2026-08-16T00:54:36+00:00 RUN_START id=GDD03_09 family=overlap_priority_sca window=IS run=gdd2p_is_gdd03_09_20260816095436_8a7a14
2026-08-16T00:55:41+00:00 RUN_END id=GDD03_09 window=IS status=OK decision=IS_SURVIVOR_STRICT elapsed=65.366s
2026-08-16T00:55:41+00:00 RUN_START id=GDD03_09 family=overlap_priority_sca window=OOS run=gdd2p_oos_gdd03_09_20260816095541_bd00c0
2026-08-16T00:56:26+00:00 RUN_END id=GDD03_09 window=OOS status=OK decision=OOS_REJECT elapsed=45.378s
2026-08-16T00:56:26+00:00 GATE_SKIP id=GDD03_09 window=XM5 reason=OOS_NOT_STRICT
2026-08-16T00:56:26+00:00 RUN_START id=GDD03_10 family=overlap_priority_sca window=IS run=gdd2p_is_gdd03_10_20260816095626_1d0537
2026-08-16T00:57:32+00:00 RUN_END id=GDD03_10 window=IS status=OK decision=IS_SURVIVOR_STRICT elapsed=65.376s
2026-08-16T00:57:32+00:00 RUN_START id=GDD03_10 family=overlap_priority_sca window=OOS run=gdd2p_oos_gdd03_10_20260816095732_476a98
2026-08-16T00:58:22+00:00 RUN_END id=GDD03_10 window=OOS status=OK decision=OOS_REJECT elapsed=50.386s
2026-08-16T00:58:22+00:00 GATE_SKIP id=GDD03_10 window=XM5 reason=OOS_NOT_STRICT
2026-08-16T00:58:22+00:00 RUN_START id=GDD03_11 family=overlap_priority_sca window=IS run=gdd2p_is_gdd03_11_20260816095822_891b18
2026-08-16T00:59:28+00:00 RUN_END id=GDD03_11 window=IS status=OK decision=IS_SURVIVOR_STRICT elapsed=65.362s
2026-08-16T00:59:28+00:00 RUN_START id=GDD03_11 family=overlap_priority_sca window=OOS run=gdd2p_oos_gdd03_11_20260816095928_c845e8
2026-08-16T01:00:18+00:00 RUN_END id=GDD03_11 window=OOS status=OK decision=OOS_REJECT elapsed=50.409s
2026-08-16T01:00:18+00:00 GATE_SKIP id=GDD03_11 window=XM5 reason=OOS_NOT_STRICT
2026-08-16T01:00:18+00:00 RUN_START id=GDD03_12 family=overlap_priority_sca window=IS run=gdd2p_is_gdd03_12_20260816100018_3c2eee
2026-08-16T01:01:23+00:00 RUN_END id=GDD03_12 window=IS status=OK decision=IS_SURVIVOR_STRICT elapsed=65.379s
2026-08-16T01:01:23+00:00 RUN_START id=GDD03_12 family=overlap_priority_sca window=OOS run=gdd2p_oos_gdd03_12_20260816100123_eeed82
2026-08-16T01:02:09+00:00 RUN_END id=GDD03_12 window=OOS status=OK decision=OOS_REJECT elapsed=45.390s
2026-08-16T01:02:09+00:00 GATE_SKIP id=GDD03_12 window=XM5 reason=OOS_NOT_STRICT
2026-08-16T01:02:09+00:00 RUN_START id=GDD03_13 family=overlap_priority_sca window=IS run=gdd2p_is_gdd03_13_20260816100209_bfc39a
2026-08-16T01:03:19+00:00 RUN_END id=GDD03_13 window=IS status=OK decision=IS_SURVIVOR_STRICT elapsed=70.366s
2026-08-16T01:03:19+00:00 RUN_START id=GDD03_13 family=overlap_priority_sca window=OOS run=gdd2p_oos_gdd03_13_20260816100319_1ff26c
2026-08-16T01:04:05+00:00 RUN_END id=GDD03_13 window=OOS status=OK decision=OOS_REJECT elapsed=45.414s
2026-08-16T01:04:05+00:00 GATE_SKIP id=GDD03_13 window=XM5 reason=OOS_NOT_STRICT
2026-08-16T01:04:05+00:00 RUN_START id=GDD03_14 family=overlap_priority_sca window=IS run=gdd2p_is_gdd03_14_20260816100405_9462fd
2026-08-16T01:05:15+00:00 RUN_END id=GDD03_14 window=IS status=OK decision=IS_SURVIVOR_STRICT elapsed=70.358s
2026-08-16T01:05:15+00:00 RUN_START id=GDD03_14 family=overlap_priority_sca window=OOS run=gdd2p_oos_gdd03_14_20260816100515_fb7281
2026-08-16T01:05:15+00:00 WAIT_MT5 elapsed=0s processes=metatester64.exe
2026-08-16T01:06:17+00:00 WAIT_MT5 elapsed=62s processes=metatester64.exe
2026-08-16T01:07:18+00:00 WAIT_MT5 elapsed=123s processes=metatester64.exe
2026-08-16T01:08:19+00:00 WAIT_MT5 elapsed=184s processes=metatester64.exe
2026-08-16T01:09:20+00:00 WAIT_MT5 elapsed=246s processes=metatester64.exe
2026-08-16T01:10:22+00:00 KILL_ORPHAN_TESTER elapsed=307s
2026-08-16T01:12:22+00:00 RUN_END id=GDD03_14 window=OOS status=OK decision=OOS_REJECT elapsed=427.362s
2026-08-16T01:12:22+00:00 GATE_SKIP id=GDD03_14 window=XM5 reason=OOS_NOT_STRICT
2026-08-16T01:12:22+00:00 RUN_START id=GDD03_15 family=overlap_priority_sca window=IS run=gdd2p_is_gdd03_15_20260816101222_e33c40
2026-08-16T01:13:28+00:00 RUN_END id=GDD03_15 window=IS status=OK decision=IS_SURVIVOR_STRICT elapsed=65.366s
2026-08-16T01:13:28+00:00 RUN_START id=GDD03_15 family=overlap_priority_sca window=OOS run=gdd2p_oos_gdd03_15_20260816101328_825647
2026-08-16T01:14:13+00:00 RUN_END id=GDD03_15 window=OOS status=OK decision=OOS_REJECT elapsed=45.388s
2026-08-16T01:14:13+00:00 GATE_SKIP id=GDD03_15 window=XM5 reason=OOS_NOT_STRICT
2026-08-16T01:14:13+00:00 RUN_START id=GDD03_16 family=overlap_priority_sca window=IS run=gdd2p_is_gdd03_16_20260816101413_4025c1
2026-08-16T01:15:18+00:00 RUN_END id=GDD03_16 window=IS status=OK decision=IS_SURVIVOR_STRICT elapsed=65.376s
2026-08-16T01:15:18+00:00 RUN_START id=GDD03_16 family=overlap_priority_sca window=OOS run=gdd2p_oos_gdd03_16_20260816101518_60efba
2026-08-16T01:16:04+00:00 RUN_END id=GDD03_16 window=OOS status=OK decision=OOS_REJECT elapsed=45.392s
2026-08-16T01:16:04+00:00 GATE_SKIP id=GDD03_16 window=XM5 reason=OOS_NOT_STRICT
2026-08-16T01:16:04+00:00 RUN_START id=GDD03_17 family=overlap_priority_sca window=IS run=gdd2p_is_gdd03_17_20260816101604_589246
2026-08-16T01:17:09+00:00 RUN_END id=GDD03_17 window=IS status=OK decision=IS_SURVIVOR_STRICT elapsed=65.373s
2026-08-16T01:17:09+00:00 RUN_START id=GDD03_17 family=overlap_priority_sca window=OOS run=gdd2p_oos_gdd03_17_20260816101709_e2202d
2026-08-16T01:18:00+00:00 RUN_END id=GDD03_17 window=OOS status=OK decision=OOS_REJECT elapsed=50.421s
2026-08-16T01:18:00+00:00 GATE_SKIP id=GDD03_17 window=XM5 reason=OOS_NOT_STRICT
2026-08-16T01:18:00+00:00 RUN_START id=GDD03_18 family=overlap_priority_sca window=IS run=gdd2p_is_gdd03_18_20260816101800_cfe88e
2026-08-16T01:19:05+00:00 RUN_END id=GDD03_18 window=IS status=OK decision=IS_SURVIVOR_TRADEOFF elapsed=65.366s
2026-08-16T01:19:05+00:00 RUN_START id=GDD03_18 family=overlap_priority_sca window=OOS run=gdd2p_oos_gdd03_18_20260816101905_3542b5
2026-08-16T01:19:50+00:00 RUN_END id=GDD03_18 window=OOS status=OK decision=OOS_REJECT elapsed=45.389s
2026-08-16T01:19:50+00:00 GATE_SKIP id=GDD03_18 window=XM5 reason=OOS_NOT_STRICT
2026-08-16T01:19:50+00:00 RUN_START id=GDD03_19 family=overlap_priority_sca window=IS run=gdd2p_is_gdd03_19_20260816101950_3812c8
2026-08-16T01:21:01+00:00 RUN_END id=GDD03_19 window=IS status=OK decision=IS_SURVIVOR_TRADEOFF elapsed=70.381s
2026-08-16T01:21:01+00:00 RUN_START id=GDD03_19 family=overlap_priority_sca window=OOS run=gdd2p_oos_gdd03_19_20260816102101_88b23c
2026-08-16T01:21:46+00:00 RUN_END id=GDD03_19 window=OOS status=OK decision=OOS_REJECT elapsed=45.385s
2026-08-16T01:21:46+00:00 GATE_SKIP id=GDD03_19 window=XM5 reason=OOS_NOT_STRICT
2026-08-16T01:21:46+00:00 RUN_START id=GDD03_20 family=overlap_priority_sca window=IS run=gdd2p_is_gdd03_20_20260816102146_31b5c1
2026-08-16T01:22:52+00:00 RUN_END id=GDD03_20 window=IS status=OK decision=IS_SURVIVOR_TRADEOFF elapsed=65.371s
2026-08-16T01:22:52+00:00 RUN_START id=GDD03_20 family=overlap_priority_sca window=OOS run=gdd2p_oos_gdd03_20_20260816102252_8d84ed
2026-08-16T01:23:37+00:00 RUN_END id=GDD03_20 window=OOS status=OK decision=OOS_REJECT elapsed=45.395s
2026-08-16T01:23:37+00:00 GATE_SKIP id=GDD03_20 window=XM5 reason=OOS_NOT_STRICT
2026-08-16T01:23:37+00:00 RUN_START id=GDD04_01 family=overlap_direction window=IS run=gdd2p_is_gdd04_01_20260816102337_460992
2026-08-16T01:24:47+00:00 RUN_END id=GDD04_01 window=IS status=OK decision=IS_SURVIVOR_TRADEOFF elapsed=70.364s
2026-08-16T01:24:47+00:00 RUN_START id=GDD04_01 family=overlap_direction window=OOS run=gdd2p_oos_gdd04_01_20260816102447_cdf420
2026-08-16T01:25:33+00:00 RUN_END id=GDD04_01 window=OOS status=OK decision=OOS_REJECT elapsed=45.375s
2026-08-16T01:25:33+00:00 GATE_SKIP id=GDD04_01 window=XM5 reason=OOS_NOT_STRICT
2026-08-16T01:25:33+00:00 RUN_START id=GDD04_02 family=overlap_direction window=IS run=gdd2p_is_gdd04_02_20260816102533_a198fe
2026-08-16T01:26:43+00:00 RUN_END id=GDD04_02 window=IS status=OK decision=IS_SURVIVOR_STRICT elapsed=70.378s
2026-08-16T01:26:43+00:00 RUN_START id=GDD04_02 family=overlap_direction window=OOS run=gdd2p_oos_gdd04_02_20260816102643_357b86
2026-08-16T01:27:28+00:00 RUN_END id=GDD04_02 window=OOS status=OK decision=OOS_REJECT elapsed=45.383s
2026-08-16T01:27:28+00:00 GATE_SKIP id=GDD04_02 window=XM5 reason=OOS_NOT_STRICT
2026-08-16T01:27:28+00:00 RUN_START id=GDD04_03 family=overlap_direction window=IS run=gdd2p_is_gdd04_03_20260816102728_0f4b53
2026-08-16T01:28:34+00:00 RUN_END id=GDD04_03 window=IS status=OK decision=IS_SURVIVOR_TRADEOFF elapsed=65.372s
2026-08-16T01:28:34+00:00 RUN_START id=GDD04_03 family=overlap_direction window=OOS run=gdd2p_oos_gdd04_03_20260816102834_b61c52
2026-08-16T01:29:19+00:00 RUN_END id=GDD04_03 window=OOS status=OK decision=OOS_REJECT elapsed=45.424s
2026-08-16T01:29:19+00:00 GATE_SKIP id=GDD04_03 window=XM5 reason=OOS_NOT_STRICT
2026-08-16T01:29:19+00:00 RUN_START id=GDD04_04 family=overlap_direction window=IS run=gdd2p_is_gdd04_04_20260816102919_6231f4
2026-08-16T01:30:25+00:00 RUN_END id=GDD04_04 window=IS status=OK decision=IS_SURVIVOR_TRADEOFF elapsed=65.370s
2026-08-16T01:30:25+00:00 RUN_START id=GDD04_04 family=overlap_direction window=OOS run=gdd2p_oos_gdd04_04_20260816103025_09674d
2026-08-16T01:31:10+00:00 RUN_END id=GDD04_04 window=OOS status=OK decision=OOS_REJECT elapsed=45.389s
2026-08-16T01:31:10+00:00 GATE_SKIP id=GDD04_04 window=XM5 reason=OOS_NOT_STRICT
2026-08-16T01:31:10+00:00 RUN_START id=GDD04_05 family=overlap_direction window=IS run=gdd2p_is_gdd04_05_20260816103110_e7f60d
2026-08-16T01:32:15+00:00 RUN_END id=GDD04_05 window=IS status=OK decision=IS_SURVIVOR_TRADEOFF elapsed=65.405s
2026-08-16T01:32:15+00:00 RUN_START id=GDD04_05 family=overlap_direction window=OOS run=gdd2p_oos_gdd04_05_20260816103215_cacc06
2026-08-16T01:33:06+00:00 RUN_END id=GDD04_05 window=OOS status=OK decision=OOS_REJECT elapsed=50.385s
2026-08-16T01:33:06+00:00 GATE_SKIP id=GDD04_05 window=XM5 reason=OOS_NOT_STRICT
2026-08-16T01:33:06+00:00 RUN_START id=GDD04_06 family=overlap_direction window=IS run=gdd2p_is_gdd04_06_20260816103306_707ebe
2026-08-16T01:34:16+00:00 RUN_END id=GDD04_06 window=IS status=OK decision=IS_SURVIVOR_STRICT elapsed=70.366s
2026-08-16T01:34:16+00:00 RUN_START id=GDD04_06 family=overlap_direction window=OOS run=gdd2p_oos_gdd04_06_20260816103416_e5f347
2026-08-16T01:35:07+00:00 RUN_END id=GDD04_06 window=OOS status=OK decision=OOS_REJECT elapsed=50.388s
2026-08-16T01:35:07+00:00 GATE_SKIP id=GDD04_06 window=XM5 reason=OOS_NOT_STRICT
2026-08-16T01:35:07+00:00 RUN_START id=GDD04_07 family=overlap_direction window=IS run=gdd2p_is_gdd04_07_20260816103507_6f1879
2026-08-16T01:36:17+00:00 RUN_END id=GDD04_07 window=IS status=OK decision=IS_SURVIVOR_TRADEOFF elapsed=70.381s
2026-08-16T01:36:17+00:00 RUN_START id=GDD04_07 family=overlap_direction window=OOS run=gdd2p_oos_gdd04_07_20260816103617_c87fd0
2026-08-16T01:37:02+00:00 RUN_END id=GDD04_07 window=OOS status=OK decision=OOS_REJECT elapsed=45.383s
2026-08-16T01:37:02+00:00 GATE_SKIP id=GDD04_07 window=XM5 reason=OOS_NOT_STRICT
2026-08-16T01:37:02+00:00 RUN_START id=GDD04_08 family=overlap_direction window=IS run=gdd2p_is_gdd04_08_20260816103702_8f9db0
2026-08-16T01:38:08+00:00 RUN_END id=GDD04_08 window=IS status=OK decision=IS_SURVIVOR_STRICT elapsed=65.369s
2026-08-16T01:38:08+00:00 RUN_START id=GDD04_08 family=overlap_direction window=OOS run=gdd2p_oos_gdd04_08_20260816103808_61e92f
2026-08-16T01:38:53+00:00 RUN_END id=GDD04_08 window=OOS status=OK decision=OOS_REJECT elapsed=45.392s
2026-08-16T01:38:53+00:00 GATE_SKIP id=GDD04_08 window=XM5 reason=OOS_NOT_STRICT
2026-08-16T01:38:53+00:00 RUN_START id=GDD04_09 family=overlap_direction window=IS run=gdd2p_is_gdd04_09_20260816103853_8be882
2026-08-16T01:39:58+00:00 RUN_END id=GDD04_09 window=IS status=OK decision=IS_SURVIVOR_TRADEOFF elapsed=65.376s
2026-08-16T01:39:58+00:00 RUN_START id=GDD04_09 family=overlap_direction window=OOS run=gdd2p_oos_gdd04_09_20260816103958_5e49ce
2026-08-16T01:40:49+00:00 RUN_END id=GDD04_09 window=OOS status=OK decision=OOS_REJECT elapsed=50.402s
2026-08-16T01:40:49+00:00 GATE_SKIP id=GDD04_09 window=XM5 reason=OOS_NOT_STRICT
2026-08-16T01:40:49+00:00 RUN_START id=GDD04_10 family=overlap_direction window=IS run=gdd2p_is_gdd04_10_20260816104049_f93f49
2026-08-16T01:41:54+00:00 RUN_END id=GDD04_10 window=IS status=OK decision=IS_SURVIVOR_TRADEOFF elapsed=65.379s
2026-08-16T01:41:54+00:00 RUN_START id=GDD04_10 family=overlap_direction window=OOS run=gdd2p_oos_gdd04_10_20260816104154_c7edba
2026-08-16T01:42:40+00:00 RUN_END id=GDD04_10 window=OOS status=OK decision=OOS_REJECT elapsed=45.396s
2026-08-16T01:42:40+00:00 GATE_SKIP id=GDD04_10 window=XM5 reason=OOS_NOT_STRICT
2026-08-16T01:42:40+00:00 RUN_START id=GDD04_11 family=overlap_direction window=IS run=gdd2p_is_gdd04_11_20260816104240_e7218f
2026-08-16T01:43:45+00:00 RUN_END id=GDD04_11 window=IS status=OK decision=IS_SURVIVOR_TRADEOFF elapsed=65.381s
2026-08-16T01:43:45+00:00 RUN_START id=GDD04_11 family=overlap_direction window=OOS run=gdd2p_oos_gdd04_11_20260816104345_1309e9
2026-08-16T01:44:30+00:00 RUN_END id=GDD04_11 window=OOS status=OK decision=OOS_REJECT elapsed=45.395s
2026-08-16T01:44:30+00:00 GATE_SKIP id=GDD04_11 window=XM5 reason=OOS_NOT_STRICT
2026-08-16T01:44:30+00:00 RUN_START id=GDD04_12 family=overlap_direction window=IS run=gdd2p_is_gdd04_12_20260816104430_3f69fe
2026-08-16T01:45:36+00:00 RUN_END id=GDD04_12 window=IS status=OK decision=IS_SURVIVOR_TRADEOFF elapsed=65.393s
2026-08-16T01:45:36+00:00 RUN_START id=GDD04_12 family=overlap_direction window=OOS run=gdd2p_oos_gdd04_12_20260816104536_0a5ba7
2026-08-16T01:46:26+00:00 RUN_END id=GDD04_12 window=OOS status=OK decision=OOS_REJECT elapsed=50.403s
2026-08-16T01:46:26+00:00 GATE_SKIP id=GDD04_12 window=XM5 reason=OOS_NOT_STRICT
2026-08-16T01:46:26+00:00 RUN_START id=GDD04_13 family=overlap_direction window=IS run=gdd2p_is_gdd04_13_20260816104626_72217d
2026-08-16T01:47:32+00:00 RUN_END id=GDD04_13 window=IS status=OK decision=IS_SURVIVOR_TRADEOFF elapsed=65.379s
2026-08-16T01:47:32+00:00 RUN_START id=GDD04_13 family=overlap_direction window=OOS run=gdd2p_oos_gdd04_13_20260816104732_a0bb4f
2026-08-16T01:48:22+00:00 RUN_END id=GDD04_13 window=OOS status=OK decision=OOS_REJECT elapsed=50.399s
2026-08-16T01:48:22+00:00 GATE_SKIP id=GDD04_13 window=XM5 reason=OOS_NOT_STRICT
2026-08-16T01:48:22+00:00 RUN_START id=GDD04_14 family=overlap_direction window=IS run=gdd2p_is_gdd04_14_20260816104822_08a517
2026-08-16T01:49:27+00:00 RUN_END id=GDD04_14 window=IS status=OK decision=IS_SURVIVOR_TRADEOFF elapsed=65.389s
2026-08-16T01:49:27+00:00 RUN_START id=GDD04_14 family=overlap_direction window=OOS run=gdd2p_oos_gdd04_14_20260816104927_71315f
2026-08-16T01:50:13+00:00 RUN_END id=GDD04_14 window=OOS status=OK decision=OOS_REJECT elapsed=45.399s
2026-08-16T01:50:13+00:00 GATE_SKIP id=GDD04_14 window=XM5 reason=OOS_NOT_STRICT
2026-08-16T01:50:13+00:00 RUN_START id=GDD04_15 family=overlap_direction window=IS run=gdd2p_is_gdd04_15_20260816105013_a35cc2
2026-08-16T01:51:23+00:00 RUN_END id=GDD04_15 window=IS status=OK decision=IS_SURVIVOR_TRADEOFF elapsed=70.369s
2026-08-16T01:51:23+00:00 RUN_START id=GDD04_15 family=overlap_direction window=OOS run=gdd2p_oos_gdd04_15_20260816105123_f50e69
2026-08-16T01:52:14+00:00 RUN_END id=GDD04_15 window=OOS status=OK decision=OOS_REJECT elapsed=50.436s
2026-08-16T01:52:14+00:00 GATE_SKIP id=GDD04_15 window=XM5 reason=OOS_NOT_STRICT
2026-08-16T01:52:14+00:00 RUN_START id=GDD04_16 family=overlap_direction window=IS run=gdd2p_is_gdd04_16_20260816105214_a31187
2026-08-16T01:53:19+00:00 RUN_END id=GDD04_16 window=IS status=OK decision=IS_SURVIVOR_TRADEOFF elapsed=65.378s
2026-08-16T01:53:19+00:00 RUN_START id=GDD04_16 family=overlap_direction window=OOS run=gdd2p_oos_gdd04_16_20260816105319_368323
2026-08-16T01:54:04+00:00 RUN_END id=GDD04_16 window=OOS status=OK decision=OOS_REJECT elapsed=45.395s
2026-08-16T01:54:04+00:00 GATE_SKIP id=GDD04_16 window=XM5 reason=OOS_NOT_STRICT
2026-08-16T01:54:04+00:00 RUN_START id=GDD04_17 family=overlap_direction window=IS run=gdd2p_is_gdd04_17_20260816105404_a3c679
2026-08-16T01:55:15+00:00 RUN_END id=GDD04_17 window=IS status=OK decision=IS_SURVIVOR_TRADEOFF elapsed=70.383s
2026-08-16T01:55:15+00:00 RUN_START id=GDD04_17 family=overlap_direction window=OOS run=gdd2p_oos_gdd04_17_20260816105515_87bbb5
2026-08-16T01:56:00+00:00 RUN_END id=GDD04_17 window=OOS status=OK decision=OOS_REJECT elapsed=45.380s
2026-08-16T01:56:00+00:00 GATE_SKIP id=GDD04_17 window=XM5 reason=OOS_NOT_STRICT
2026-08-16T01:56:00+00:00 RUN_START id=GDD04_18 family=overlap_direction window=IS run=gdd2p_is_gdd04_18_20260816105600_801f35
2026-08-16T01:57:06+00:00 RUN_END id=GDD04_18 window=IS status=OK decision=IS_REJECT elapsed=65.381s
2026-08-16T01:57:06+00:00 GATE_SKIP id=GDD04_18 window=OOS reason=IS_NOT_SURVIVOR
2026-08-16T01:57:06+00:00 GATE_SKIP id=GDD04_18 window=XM5 reason=OOS_NOT_STRICT
2026-08-16T01:57:06+00:00 RUN_START id=GDD04_19 family=overlap_direction window=IS run=gdd2p_is_gdd04_19_20260816105706_883f43
2026-08-16T01:58:11+00:00 RUN_END id=GDD04_19 window=IS status=OK decision=IS_REJECT elapsed=65.377s
2026-08-16T01:58:11+00:00 GATE_SKIP id=GDD04_19 window=OOS reason=IS_NOT_SURVIVOR
2026-08-16T01:58:11+00:00 GATE_SKIP id=GDD04_19 window=XM5 reason=OOS_NOT_STRICT
2026-08-16T01:58:11+00:00 RUN_START id=GDD04_20 family=overlap_direction window=IS run=gdd2p_is_gdd04_20_20260816105811_91a1c4
2026-08-16T01:59:16+00:00 RUN_END id=GDD04_20 window=IS status=OK decision=IS_REJECT elapsed=65.377s
2026-08-16T01:59:16+00:00 GATE_SKIP id=GDD04_20 window=OOS reason=IS_NOT_SURVIVOR
2026-08-16T01:59:16+00:00 GATE_SKIP id=GDD04_20 window=XM5 reason=OOS_NOT_STRICT
2026-08-16T01:59:16+00:00 RUN_START id=GDD05_01 family=overlap_opposite window=IS run=gdd2p_is_gdd05_01_20260816105916_e2309c
2026-08-16T02:00:27+00:00 RUN_END id=GDD05_01 window=IS status=OK decision=IS_SURVIVOR_TRADEOFF elapsed=70.381s
2026-08-16T02:00:27+00:00 RUN_START id=GDD05_01 family=overlap_opposite window=OOS run=gdd2p_oos_gdd05_01_20260816110027_9bd52b
2026-08-16T02:01:12+00:00 RUN_END id=GDD05_01 window=OOS status=OK decision=OOS_REJECT elapsed=45.438s
2026-08-16T02:01:12+00:00 GATE_SKIP id=GDD05_01 window=XM5 reason=OOS_NOT_STRICT
2026-08-16T02:01:12+00:00 RUN_START id=GDD05_02 family=overlap_opposite window=IS run=gdd2p_is_gdd05_02_20260816110112_48bda6
2026-08-16T02:02:23+00:00 RUN_END id=GDD05_02 window=IS status=OK decision=IS_SURVIVOR_TRADEOFF elapsed=70.378s
2026-08-16T02:02:23+00:00 RUN_START id=GDD05_02 family=overlap_opposite window=OOS run=gdd2p_oos_gdd05_02_20260816110223_b2ef7e
2026-08-16T02:03:13+00:00 RUN_END id=GDD05_02 window=OOS status=OK decision=OOS_REJECT elapsed=50.426s
2026-08-16T02:03:13+00:00 GATE_SKIP id=GDD05_02 window=XM5 reason=OOS_NOT_STRICT
2026-08-16T02:03:13+00:00 RUN_START id=GDD05_03 family=overlap_opposite window=IS run=gdd2p_is_gdd05_03_20260816110313_2c373c
2026-08-16T02:04:23+00:00 RUN_END id=GDD05_03 window=IS status=OK decision=IS_SURVIVOR_TRADEOFF elapsed=70.379s
2026-08-16T02:04:23+00:00 RUN_START id=GDD05_03 family=overlap_opposite window=OOS run=gdd2p_oos_gdd05_03_20260816110423_128f7e
2026-08-16T02:05:14+00:00 RUN_END id=GDD05_03 window=OOS status=OK decision=OOS_REJECT elapsed=50.433s
2026-08-16T02:05:14+00:00 GATE_SKIP id=GDD05_03 window=XM5 reason=OOS_NOT_STRICT
2026-08-16T02:05:14+00:00 RUN_START id=GDD05_04 family=overlap_opposite window=IS run=gdd2p_is_gdd05_04_20260816110514_b2e8f3
2026-08-16T02:06:24+00:00 RUN_END id=GDD05_04 window=IS status=OK decision=IS_SURVIVOR_STRICT elapsed=70.387s
2026-08-16T02:06:24+00:00 RUN_START id=GDD05_04 family=overlap_opposite window=OOS run=gdd2p_oos_gdd05_04_20260816110624_0900cb
2026-08-16T02:07:15+00:00 RUN_END id=GDD05_04 window=OOS status=OK decision=OOS_REJECT elapsed=50.432s
2026-08-16T02:07:15+00:00 GATE_SKIP id=GDD05_04 window=XM5 reason=OOS_NOT_STRICT
2026-08-16T02:07:15+00:00 RUN_START id=GDD05_05 family=overlap_opposite window=IS run=gdd2p_is_gdd05_05_20260816110715_fd8ca6
2026-08-16T02:08:20+00:00 RUN_END id=GDD05_05 window=IS status=OK decision=IS_SURVIVOR_TRADEOFF elapsed=65.373s
2026-08-16T02:08:20+00:00 RUN_START id=GDD05_05 family=overlap_opposite window=OOS run=gdd2p_oos_gdd05_05_20260816110820_b735bd
2026-08-16T02:09:05+00:00 RUN_END id=GDD05_05 window=OOS status=OK decision=OOS_REJECT elapsed=45.380s
2026-08-16T02:09:05+00:00 GATE_SKIP id=GDD05_05 window=XM5 reason=OOS_NOT_STRICT
2026-08-16T02:09:05+00:00 RUN_START id=GDD05_06 family=overlap_opposite window=IS run=gdd2p_is_gdd05_06_20260816110905_d839d1
2026-08-16T02:10:11+00:00 RUN_END id=GDD05_06 window=IS status=OK decision=IS_SURVIVOR_TRADEOFF elapsed=65.403s
2026-08-16T02:10:11+00:00 RUN_START id=GDD05_06 family=overlap_opposite window=OOS run=gdd2p_oos_gdd05_06_20260816111011_ea866b
2026-08-16T02:11:01+00:00 RUN_END id=GDD05_06 window=OOS status=OK decision=OOS_REJECT elapsed=50.402s
2026-08-16T02:11:01+00:00 GATE_SKIP id=GDD05_06 window=XM5 reason=OOS_NOT_STRICT
2026-08-16T02:11:01+00:00 RUN_START id=GDD05_07 family=overlap_opposite window=IS run=gdd2p_is_gdd05_07_20260816111101_47847c
2026-08-16T02:12:07+00:00 RUN_END id=GDD05_07 window=IS status=OK decision=IS_REJECT elapsed=65.385s
2026-08-16T02:12:07+00:00 GATE_SKIP id=GDD05_07 window=OOS reason=IS_NOT_SURVIVOR
2026-08-16T02:12:07+00:00 GATE_SKIP id=GDD05_07 window=XM5 reason=OOS_NOT_STRICT
2026-08-16T02:12:07+00:00 RUN_START id=GDD05_08 family=overlap_opposite window=IS run=gdd2p_is_gdd05_08_20260816111207_cda8ec
2026-08-16T02:13:17+00:00 RUN_END id=GDD05_08 window=IS status=OK decision=IS_SURVIVOR_TRADEOFF elapsed=70.374s
2026-08-16T02:13:17+00:00 RUN_START id=GDD05_08 family=overlap_opposite window=OOS run=gdd2p_oos_gdd05_08_20260816111317_b6f76d
2026-08-16T02:14:02+00:00 RUN_END id=GDD05_08 window=OOS status=OK decision=OOS_REJECT elapsed=45.395s
2026-08-16T02:14:02+00:00 GATE_SKIP id=GDD05_08 window=XM5 reason=OOS_NOT_STRICT
2026-08-16T02:14:02+00:00 RUN_START id=GDD05_09 family=overlap_opposite window=IS run=gdd2p_is_gdd05_09_20260816111402_0d531c
2026-08-16T02:15:08+00:00 RUN_END id=GDD05_09 window=IS status=OK decision=IS_SURVIVOR_TRADEOFF elapsed=65.387s
2026-08-16T02:15:08+00:00 RUN_START id=GDD05_09 family=overlap_opposite window=OOS run=gdd2p_oos_gdd05_09_20260816111508_dae7e5
2026-08-16T02:15:58+00:00 RUN_END id=GDD05_09 window=OOS status=OK decision=OOS_REJECT elapsed=50.387s
2026-08-16T02:15:58+00:00 GATE_SKIP id=GDD05_09 window=XM5 reason=OOS_NOT_STRICT
2026-08-16T02:15:58+00:00 RUN_START id=GDD05_10 family=overlap_opposite window=IS run=gdd2p_is_gdd05_10_20260816111558_8382ea
2026-08-16T02:17:09+00:00 RUN_END id=GDD05_10 window=IS status=OK decision=IS_REJECT elapsed=70.381s
2026-08-16T02:17:09+00:00 GATE_SKIP id=GDD05_10 window=OOS reason=IS_NOT_SURVIVOR
2026-08-16T02:17:09+00:00 GATE_SKIP id=GDD05_10 window=XM5 reason=OOS_NOT_STRICT
2026-08-16T02:17:09+00:00 RUN_START id=GDD05_11 family=overlap_opposite window=IS run=gdd2p_is_gdd05_11_20260816111709_852af2
2026-08-16T02:18:14+00:00 RUN_END id=GDD05_11 window=IS status=OK decision=IS_SURVIVOR_TRADEOFF elapsed=65.379s
2026-08-16T02:18:14+00:00 RUN_START id=GDD05_11 family=overlap_opposite window=OOS run=gdd2p_oos_gdd05_11_20260816111814_79d329
2026-08-16T02:18:59+00:00 RUN_END id=GDD05_11 window=OOS status=OK decision=OOS_REJECT elapsed=45.391s
2026-08-16T02:18:59+00:00 GATE_SKIP id=GDD05_11 window=XM5 reason=OOS_NOT_STRICT
2026-08-16T02:18:59+00:00 RUN_START id=GDD05_12 family=overlap_opposite window=IS run=gdd2p_is_gdd05_12_20260816111859_0efd3f
2026-08-16T02:20:10+00:00 RUN_END id=GDD05_12 window=IS status=OK decision=IS_SURVIVOR_TRADEOFF elapsed=70.379s
2026-08-16T02:20:10+00:00 RUN_START id=GDD05_12 family=overlap_opposite window=OOS run=gdd2p_oos_gdd05_12_20260816112010_c1cc29
2026-08-16T02:20:55+00:00 RUN_END id=GDD05_12 window=OOS status=OK decision=OOS_REJECT elapsed=45.400s
2026-08-16T02:20:55+00:00 GATE_SKIP id=GDD05_12 window=XM5 reason=OOS_NOT_STRICT
2026-08-16T02:20:55+00:00 RUN_START id=GDD05_13 family=overlap_opposite window=IS run=gdd2p_is_gdd05_13_20260816112055_5dffde
2026-08-16T02:22:04+00:00 RUN_END id=GDD05_13 window=IS status=OK decision=IS_SURVIVOR_TRADEOFF elapsed=70.390s
2026-08-16T02:22:04+00:00 RUN_START id=GDD05_13 family=overlap_opposite window=OOS run=gdd2p_oos_gdd05_13_20260816112204_aeae02
2026-08-16T02:22:50+00:00 RUN_END id=GDD05_13 window=OOS status=OK decision=OOS_REJECT elapsed=45.406s
2026-08-16T02:22:50+00:00 GATE_SKIP id=GDD05_13 window=XM5 reason=OOS_NOT_STRICT
2026-08-16T02:22:50+00:00 RUN_START id=GDD05_14 family=overlap_opposite window=IS run=gdd2p_is_gdd05_14_20260816112250_31c26f
2026-08-16T02:23:55+00:00 RUN_END id=GDD05_14 window=IS status=OK decision=IS_SURVIVOR_TRADEOFF elapsed=65.381s
2026-08-16T02:23:55+00:00 RUN_START id=GDD05_14 family=overlap_opposite window=OOS run=gdd2p_oos_gdd05_14_20260816112355_0c55c3
2026-08-16T02:24:40+00:00 RUN_END id=GDD05_14 window=OOS status=OK decision=OOS_REJECT elapsed=45.401s
2026-08-16T02:24:40+00:00 GATE_SKIP id=GDD05_14 window=XM5 reason=OOS_NOT_STRICT
2026-08-16T02:24:40+00:00 RUN_START id=GDD05_15 family=overlap_opposite window=IS run=gdd2p_is_gdd05_15_20260816112440_f28129
2026-08-16T02:25:51+00:00 RUN_END id=GDD05_15 window=IS status=OK decision=IS_SURVIVOR_TRADEOFF elapsed=70.364s
2026-08-16T02:25:51+00:00 RUN_START id=GDD05_15 family=overlap_opposite window=OOS run=gdd2p_oos_gdd05_15_20260816112551_d72f95
2026-08-16T02:26:36+00:00 RUN_END id=GDD05_15 window=OOS status=OK decision=OOS_REJECT elapsed=45.379s
2026-08-16T02:26:36+00:00 GATE_SKIP id=GDD05_15 window=XM5 reason=OOS_NOT_STRICT
2026-08-16T02:26:36+00:00 RUN_START id=GDD05_16 family=overlap_opposite window=IS run=gdd2p_is_gdd05_16_20260816112636_e23bfd
2026-08-16T02:27:41+00:00 RUN_END id=GDD05_16 window=IS status=OK decision=IS_SURVIVOR_TRADEOFF elapsed=65.357s
2026-08-16T02:27:41+00:00 RUN_START id=GDD05_16 family=overlap_opposite window=OOS run=gdd2p_oos_gdd05_16_20260816112741_ac86d5
2026-08-16T02:28:27+00:00 RUN_END id=GDD05_16 window=OOS status=OK decision=OOS_REJECT elapsed=45.392s
2026-08-16T02:28:27+00:00 GATE_SKIP id=GDD05_16 window=XM5 reason=OOS_NOT_STRICT
2026-08-16T02:28:27+00:00 RUN_START id=GDD05_17 family=overlap_opposite window=IS run=gdd2p_is_gdd05_17_20260816112827_b8c2e6
2026-08-16T02:29:32+00:00 RUN_END id=GDD05_17 window=IS status=OK decision=IS_SURVIVOR_TRADEOFF elapsed=65.368s
2026-08-16T02:29:32+00:00 RUN_START id=GDD05_17 family=overlap_opposite window=OOS run=gdd2p_oos_gdd05_17_20260816112932_d7047a
2026-08-16T02:30:18+00:00 RUN_END id=GDD05_17 window=OOS status=OK decision=OOS_REJECT elapsed=45.397s
2026-08-16T02:30:18+00:00 GATE_SKIP id=GDD05_17 window=XM5 reason=OOS_NOT_STRICT
2026-08-16T02:30:18+00:00 RUN_START id=GDD05_18 family=overlap_opposite window=IS run=gdd2p_is_gdd05_18_20260816113018_5a86d2
2026-08-16T02:31:28+00:00 RUN_END id=GDD05_18 window=IS status=OK decision=IS_REJECT elapsed=70.366s
2026-08-16T02:31:28+00:00 GATE_SKIP id=GDD05_18 window=OOS reason=IS_NOT_SURVIVOR
2026-08-16T02:31:28+00:00 GATE_SKIP id=GDD05_18 window=XM5 reason=OOS_NOT_STRICT
2026-08-16T02:31:28+00:00 RUN_START id=GDD05_19 family=overlap_opposite window=IS run=gdd2p_is_gdd05_19_20260816113128_762c59
2026-08-16T02:32:33+00:00 RUN_END id=GDD05_19 window=IS status=OK decision=IS_REJECT elapsed=65.362s
2026-08-16T02:32:33+00:00 GATE_SKIP id=GDD05_19 window=OOS reason=IS_NOT_SURVIVOR
2026-08-16T02:32:33+00:00 GATE_SKIP id=GDD05_19 window=XM5 reason=OOS_NOT_STRICT
2026-08-16T02:32:33+00:00 RUN_START id=GDD05_20 family=overlap_opposite window=IS run=gdd2p_is_gdd05_20_20260816113233_86154e
2026-08-16T02:33:39+00:00 RUN_END id=GDD05_20 window=IS status=OK decision=IS_REJECT elapsed=65.373s
2026-08-16T02:33:39+00:00 GATE_SKIP id=GDD05_20 window=OOS reason=IS_NOT_SURVIVOR
2026-08-16T02:33:39+00:00 GATE_SKIP id=GDD05_20 window=XM5 reason=OOS_NOT_STRICT
2026-08-16T02:33:39+00:00 SKIP_EXISTING [101/560] id=GDD10_01 window=IS
2026-08-16T02:33:39+00:00 GATE_SKIP id=GDD10_01 window=OOS reason=IS_NOT_SURVIVOR
2026-08-16T02:33:39+00:00 GATE_SKIP id=GDD10_01 window=XM5 reason=OOS_NOT_STRICT
2026-08-16T02:33:39+00:00 RUN_START id=GDD10_02 family=pb_ema_pair window=IS run=gdd2p_is_gdd10_02_20260816113339_51b93d
2026-08-16T02:34:49+00:00 RUN_END id=GDD10_02 window=IS status=OK decision=IS_REJECT elapsed=70.385s
2026-08-16T02:34:49+00:00 GATE_SKIP id=GDD10_02 window=OOS reason=IS_NOT_SURVIVOR
2026-08-16T02:34:49+00:00 GATE_SKIP id=GDD10_02 window=XM5 reason=OOS_NOT_STRICT
2026-08-16T02:34:49+00:00 RUN_START id=GDD10_03 family=pb_ema_pair window=IS run=gdd2p_is_gdd10_03_20260816113449_af789d
2026-08-16T02:35:59+00:00 RUN_END id=GDD10_03 window=IS status=OK decision=IS_SURVIVOR_TRADEOFF elapsed=70.380s
2026-08-16T02:35:59+00:00 RUN_START id=GDD10_03 family=pb_ema_pair window=OOS run=gdd2p_oos_gdd10_03_20260816113559_65573d
2026-08-16T02:36:50+00:00 RUN_END id=GDD10_03 window=OOS status=OK decision=OOS_REJECT elapsed=50.403s
2026-08-16T02:36:50+00:00 GATE_SKIP id=GDD10_03 window=XM5 reason=OOS_NOT_STRICT
2026-08-16T02:36:50+00:00 RUN_START id=GDD10_04 family=pb_ema_pair window=IS run=gdd2p_is_gdd10_04_20260816113650_f5f2c2
2026-08-16T02:38:00+00:00 RUN_END id=GDD10_04 window=IS status=OK decision=IS_REJECT elapsed=70.370s
2026-08-16T02:38:00+00:00 GATE_SKIP id=GDD10_04 window=OOS reason=IS_NOT_SURVIVOR
2026-08-16T02:38:00+00:00 GATE_SKIP id=GDD10_04 window=XM5 reason=OOS_NOT_STRICT
2026-08-16T02:38:00+00:00 RUN_START id=GDD10_05 family=pb_ema_pair window=IS run=gdd2p_is_gdd10_05_20260816113800_a52720
2026-08-16T02:39:11+00:00 RUN_END id=GDD10_05 window=IS status=OK decision=IS_SURVIVOR_TRADEOFF elapsed=70.412s
2026-08-16T02:39:11+00:00 RUN_START id=GDD10_05 family=pb_ema_pair window=OOS run=gdd2p_oos_gdd10_05_20260816113911_de39b0
2026-08-16T02:40:01+00:00 RUN_END id=GDD10_05 window=OOS status=OK decision=OOS_REJECT elapsed=50.393s
2026-08-16T02:40:01+00:00 GATE_SKIP id=GDD10_05 window=XM5 reason=OOS_NOT_STRICT
2026-08-16T02:40:01+00:00 RUN_START id=GDD10_06 family=pb_ema_pair window=IS run=gdd2p_is_gdd10_06_20260816114001_e1f07e
2026-08-16T02:41:11+00:00 RUN_END id=GDD10_06 window=IS status=OK decision=IS_SURVIVOR_TRADEOFF elapsed=70.365s
2026-08-16T02:41:11+00:00 RUN_START id=GDD10_06 family=pb_ema_pair window=OOS run=gdd2p_oos_gdd10_06_20260816114111_76ec26
2026-08-16T02:42:02+00:00 RUN_END id=GDD10_06 window=OOS status=OK decision=OOS_REJECT elapsed=50.422s
2026-08-16T02:42:02+00:00 GATE_SKIP id=GDD10_06 window=XM5 reason=OOS_NOT_STRICT
2026-08-16T02:42:02+00:00 RUN_START id=GDD10_07 family=pb_ema_pair window=IS run=gdd2p_is_gdd10_07_20260816114202_aaf7e9
2026-08-16T02:43:12+00:00 RUN_END id=GDD10_07 window=IS status=OK decision=IS_SURVIVOR_TRADEOFF elapsed=70.366s
2026-08-16T02:43:12+00:00 RUN_START id=GDD10_07 family=pb_ema_pair window=OOS run=gdd2p_oos_gdd10_07_20260816114312_448b39
2026-08-16T02:44:03+00:00 RUN_END id=GDD10_07 window=OOS status=OK decision=OOS_REJECT elapsed=50.392s
2026-08-16T02:44:03+00:00 GATE_SKIP id=GDD10_07 window=XM5 reason=OOS_NOT_STRICT
2026-08-16T02:44:03+00:00 RUN_START id=GDD10_08 family=pb_ema_pair window=IS run=gdd2p_is_gdd10_08_20260816114403_961d2f
2026-08-16T02:45:13+00:00 RUN_END id=GDD10_08 window=IS status=OK decision=IS_SURVIVOR_TRADEOFF elapsed=70.377s
2026-08-16T02:45:13+00:00 RUN_START id=GDD10_08 family=pb_ema_pair window=OOS run=gdd2p_oos_gdd10_08_20260816114513_ec26ed
2026-08-16T02:46:03+00:00 RUN_END id=GDD10_08 window=OOS status=OK decision=OOS_REJECT elapsed=50.406s
2026-08-16T02:46:03+00:00 GATE_SKIP id=GDD10_08 window=XM5 reason=OOS_NOT_STRICT
2026-08-16T02:46:03+00:00 RUN_START id=GDD10_09 family=pb_ema_pair window=IS run=gdd2p_is_gdd10_09_20260816114603_3f8e72
2026-08-16T02:47:14+00:00 RUN_END id=GDD10_09 window=IS status=OK decision=IS_SURVIVOR_TRADEOFF elapsed=70.382s
2026-08-16T02:47:14+00:00 RUN_START id=GDD10_09 family=pb_ema_pair window=OOS run=gdd2p_oos_gdd10_09_20260816114714_b1497e
2026-08-16T02:48:04+00:00 RUN_END id=GDD10_09 window=OOS status=OK decision=OOS_REJECT elapsed=50.398s
2026-08-16T02:48:04+00:00 GATE_SKIP id=GDD10_09 window=XM5 reason=OOS_NOT_STRICT
2026-08-16T02:48:04+00:00 RUN_START id=GDD10_10 family=pb_ema_pair window=IS run=gdd2p_is_gdd10_10_20260816114804_d9fa40
2026-08-16T02:49:15+00:00 RUN_END id=GDD10_10 window=IS status=OK decision=IS_SURVIVOR_TRADEOFF elapsed=70.374s
2026-08-16T02:49:15+00:00 RUN_START id=GDD10_10 family=pb_ema_pair window=OOS run=gdd2p_oos_gdd10_10_20260816114915_e46bfc
2026-08-16T02:50:05+00:00 RUN_END id=GDD10_10 window=OOS status=OK decision=OOS_REJECT elapsed=50.389s
2026-08-16T02:50:05+00:00 GATE_SKIP id=GDD10_10 window=XM5 reason=OOS_NOT_STRICT
2026-08-16T02:50:05+00:00 RUN_START id=GDD10_11 family=pb_ema_pair window=IS run=gdd2p_is_gdd10_11_20260816115005_131c8c
2026-08-16T03:16:43+00:00 RUN_END id=GDD10_11 window=IS status=FAILED decision=RUN_FAILED elapsed=1598.357s
2026-08-16T03:16:43+00:00 RUN_START id=GDD10_12 family=pb_ema_pair window=IS run=gdd2p_is_gdd10_12_20260816121643_873bd4
2026-08-16T03:18:04+00:00 RUN_END id=GDD10_12 window=IS status=OK decision=IS_SURVIVOR_TRADEOFF elapsed=80.450s
2026-08-16T03:18:04+00:00 RUN_START id=GDD10_12 family=pb_ema_pair window=OOS run=gdd2p_oos_gdd10_12_20260816121804_a973ef
2026-08-16T03:19:04+00:00 RUN_END id=GDD10_12 window=OOS status=OK decision=OOS_REJECT elapsed=60.635s
2026-08-16T03:19:04+00:00 GATE_SKIP id=GDD10_12 window=XM5 reason=OOS_NOT_STRICT
2026-08-16T03:19:04+00:00 RUN_START id=GDD10_13 family=pb_ema_pair window=IS run=gdd2p_is_gdd10_13_20260816121904_a66304
2026-08-16T03:20:15+00:00 RUN_END id=GDD10_13 window=IS status=OK decision=IS_SURVIVOR_TRADEOFF elapsed=70.526s
2026-08-16T03:20:15+00:00 RUN_START id=GDD10_13 family=pb_ema_pair window=OOS run=gdd2p_oos_gdd10_13_20260816122015_92b035
2026-08-16T03:21:05+00:00 RUN_END id=GDD10_13 window=OOS status=OK decision=OOS_REJECT elapsed=50.567s
2026-08-16T03:21:05+00:00 GATE_SKIP id=GDD10_13 window=XM5 reason=OOS_NOT_STRICT
2026-08-16T03:21:05+00:00 RUN_START id=GDD10_14 family=pb_ema_pair window=IS run=gdd2p_is_gdd10_14_20260816122105_77d4e3
2026-08-16T03:22:16+00:00 RUN_END id=GDD10_14 window=IS status=OK decision=IS_REJECT elapsed=70.481s
2026-08-16T03:22:16+00:00 GATE_SKIP id=GDD10_14 window=OOS reason=IS_NOT_SURVIVOR
2026-08-16T03:22:16+00:00 GATE_SKIP id=GDD10_14 window=XM5 reason=OOS_NOT_STRICT
2026-08-16T03:22:16+00:00 RUN_START id=GDD10_15 family=pb_ema_pair window=IS run=gdd2p_is_gdd10_15_20260816122216_f755ad
2026-08-16T03:23:31+00:00 RUN_END id=GDD10_15 window=IS status=OK decision=IS_REJECT elapsed=75.512s
2026-08-16T03:23:31+00:00 GATE_SKIP id=GDD10_15 window=OOS reason=IS_NOT_SURVIVOR
2026-08-16T03:23:31+00:00 GATE_SKIP id=GDD10_15 window=XM5 reason=OOS_NOT_STRICT
2026-08-16T03:23:31+00:00 RUN_START id=GDD10_16 family=pb_ema_pair window=IS run=gdd2p_is_gdd10_16_20260816122331_816f41
2026-08-16T03:24:47+00:00 RUN_END id=GDD10_16 window=IS status=OK decision=IS_REJECT elapsed=75.416s
2026-08-16T03:24:47+00:00 GATE_SKIP id=GDD10_16 window=OOS reason=IS_NOT_SURVIVOR
2026-08-16T03:24:47+00:00 GATE_SKIP id=GDD10_16 window=XM5 reason=OOS_NOT_STRICT
2026-08-16T03:24:47+00:00 RUN_START id=GDD10_17 family=pb_ema_pair window=IS run=gdd2p_is_gdd10_17_20260816122447_122c77
2026-08-16T03:25:57+00:00 RUN_END id=GDD10_17 window=IS status=OK decision=IS_REJECT elapsed=70.415s
2026-08-16T03:25:57+00:00 GATE_SKIP id=GDD10_17 window=OOS reason=IS_NOT_SURVIVOR
2026-08-16T03:25:57+00:00 GATE_SKIP id=GDD10_17 window=XM5 reason=OOS_NOT_STRICT
2026-08-16T03:25:57+00:00 RUN_START id=GDD10_18 family=pb_ema_pair window=IS run=gdd2p_is_gdd10_18_20260816122557_f30757
2026-08-16T03:27:08+00:00 RUN_END id=GDD10_18 window=IS status=OK decision=IS_REJECT elapsed=70.406s
2026-08-16T03:27:08+00:00 GATE_SKIP id=GDD10_18 window=OOS reason=IS_NOT_SURVIVOR
2026-08-16T03:27:08+00:00 GATE_SKIP id=GDD10_18 window=XM5 reason=OOS_NOT_STRICT
2026-08-16T03:27:08+00:00 RUN_START id=GDD10_19 family=pb_ema_pair window=IS run=gdd2p_is_gdd10_19_20260816122708_782092
2026-08-16T03:28:18+00:00 RUN_END id=GDD10_19 window=IS status=OK decision=IS_REJECT elapsed=70.418s
2026-08-16T03:28:18+00:00 GATE_SKIP id=GDD10_19 window=OOS reason=IS_NOT_SURVIVOR
2026-08-16T03:28:18+00:00 GATE_SKIP id=GDD10_19 window=XM5 reason=OOS_NOT_STRICT
2026-08-16T03:28:18+00:00 RUN_START id=GDD10_20 family=pb_ema_pair window=IS run=gdd2p_is_gdd10_20_20260816122818_17b7f7
2026-08-16T03:29:28+00:00 RUN_END id=GDD10_20 window=IS status=OK decision=IS_REJECT elapsed=70.411s
2026-08-16T03:29:29+00:00 GATE_SKIP id=GDD10_20 window=OOS reason=IS_NOT_SURVIVOR
2026-08-16T03:29:29+00:00 GATE_SKIP id=GDD10_20 window=XM5 reason=OOS_NOT_STRICT
2026-08-16T03:29:29+00:00 RUN_START id=GDD11_01 family=pb_trend_ma window=IS run=gdd2p_is_gdd11_01_20260816122929_c3f31b
2026-08-16T03:30:44+00:00 RUN_END id=GDD11_01 window=IS status=OK decision=IS_REJECT elapsed=75.412s
2026-08-16T03:30:44+00:00 GATE_SKIP id=GDD11_01 window=OOS reason=IS_NOT_SURVIVOR
2026-08-16T03:30:44+00:00 GATE_SKIP id=GDD11_01 window=XM5 reason=OOS_NOT_STRICT
2026-08-16T03:30:44+00:00 RUN_START id=GDD11_02 family=pb_trend_ma window=IS run=gdd2p_is_gdd11_02_20260816123044_41e888
2026-08-16T03:31:59+00:00 RUN_END id=GDD11_02 window=IS status=OK decision=IS_REJECT elapsed=75.411s
2026-08-16T03:31:59+00:00 GATE_SKIP id=GDD11_02 window=OOS reason=IS_NOT_SURVIVOR
2026-08-16T03:31:59+00:00 GATE_SKIP id=GDD11_02 window=XM5 reason=OOS_NOT_STRICT
2026-08-16T03:31:59+00:00 RUN_START id=GDD11_03 family=pb_trend_ma window=IS run=gdd2p_is_gdd11_03_20260816123159_82b38b
2026-08-16T03:33:15+00:00 RUN_END id=GDD11_03 window=IS status=OK decision=IS_REJECT elapsed=75.406s
2026-08-16T03:33:15+00:00 GATE_SKIP id=GDD11_03 window=OOS reason=IS_NOT_SURVIVOR
2026-08-16T03:33:15+00:00 GATE_SKIP id=GDD11_03 window=XM5 reason=OOS_NOT_STRICT
2026-08-16T03:33:15+00:00 RUN_START id=GDD11_04 family=pb_trend_ma window=IS run=gdd2p_is_gdd11_04_20260816123315_c9efe3
2026-08-16T03:34:25+00:00 RUN_END id=GDD11_04 window=IS status=OK decision=IS_REJECT elapsed=70.410s
2026-08-16T03:34:25+00:00 GATE_SKIP id=GDD11_04 window=OOS reason=IS_NOT_SURVIVOR
2026-08-16T03:34:25+00:00 GATE_SKIP id=GDD11_04 window=XM5 reason=OOS_NOT_STRICT
2026-08-16T03:34:25+00:00 RUN_START id=GDD11_05 family=pb_trend_ma window=IS run=gdd2p_is_gdd11_05_20260816123425_6c8f48
2026-08-16T03:35:36+00:00 RUN_END id=GDD11_05 window=IS status=OK decision=IS_REJECT elapsed=70.406s
2026-08-16T03:35:36+00:00 GATE_SKIP id=GDD11_05 window=OOS reason=IS_NOT_SURVIVOR
2026-08-16T03:35:36+00:00 GATE_SKIP id=GDD11_05 window=XM5 reason=OOS_NOT_STRICT
2026-08-16T03:35:36+00:00 RUN_START id=GDD11_06 family=pb_trend_ma window=IS run=gdd2p_is_gdd11_06_20260816123536_5169ed
2026-08-16T03:36:51+00:00 RUN_END id=GDD11_06 window=IS status=OK decision=IS_SURVIVOR_TRADEOFF elapsed=75.409s
2026-08-16T03:36:51+00:00 RUN_START id=GDD11_06 family=pb_trend_ma window=OOS run=gdd2p_oos_gdd11_06_20260816123651_685382
2026-08-16T03:37:41+00:00 RUN_END id=GDD11_06 window=OOS status=OK decision=OOS_REJECT elapsed=50.415s
2026-08-16T03:37:41+00:00 GATE_SKIP id=GDD11_06 window=XM5 reason=OOS_NOT_STRICT
2026-08-16T03:37:41+00:00 RUN_START id=GDD11_07 family=pb_trend_ma window=IS run=gdd2p_is_gdd11_07_20260816123741_58b443
2026-08-16T03:38:52+00:00 RUN_END id=GDD11_07 window=IS status=OK decision=IS_REJECT elapsed=70.376s
2026-08-16T03:38:52+00:00 GATE_SKIP id=GDD11_07 window=OOS reason=IS_NOT_SURVIVOR
2026-08-16T03:38:52+00:00 GATE_SKIP id=GDD11_07 window=XM5 reason=OOS_NOT_STRICT
2026-08-16T03:38:52+00:00 RUN_START id=GDD11_08 family=pb_trend_ma window=IS run=gdd2p_is_gdd11_08_20260816123852_967e7f
2026-08-16T03:40:02+00:00 RUN_END id=GDD11_08 window=IS status=OK decision=IS_SURVIVOR_TRADEOFF elapsed=70.434s
2026-08-16T03:40:02+00:00 RUN_START id=GDD11_08 family=pb_trend_ma window=OOS run=gdd2p_oos_gdd11_08_20260816124002_33c044
2026-08-16T03:40:53+00:00 RUN_END id=GDD11_08 window=OOS status=OK decision=OOS_REJECT elapsed=50.412s
2026-08-16T03:40:53+00:00 GATE_SKIP id=GDD11_08 window=XM5 reason=OOS_NOT_STRICT
2026-08-16T03:40:53+00:00 RUN_START id=GDD11_09 family=pb_trend_ma window=IS run=gdd2p_is_gdd11_09_20260816124053_1bcdd0
2026-08-16T03:42:03+00:00 RUN_END id=GDD11_09 window=IS status=OK decision=IS_REJECT elapsed=70.393s
2026-08-16T03:42:03+00:00 GATE_SKIP id=GDD11_09 window=OOS reason=IS_NOT_SURVIVOR
2026-08-16T03:42:03+00:00 GATE_SKIP id=GDD11_09 window=XM5 reason=OOS_NOT_STRICT
2026-08-16T03:42:03+00:00 RUN_START id=GDD11_10 family=pb_trend_ma window=IS run=gdd2p_is_gdd11_10_20260816124203_377ada
2026-08-16T03:43:18+00:00 RUN_END id=GDD11_10 window=IS status=OK decision=IS_REJECT elapsed=75.440s
2026-08-16T03:43:18+00:00 GATE_SKIP id=GDD11_10 window=OOS reason=IS_NOT_SURVIVOR
2026-08-16T03:43:18+00:00 GATE_SKIP id=GDD11_10 window=XM5 reason=OOS_NOT_STRICT
2026-08-16T03:43:18+00:00 RUN_START id=GDD11_11 family=pb_trend_ma window=IS run=gdd2p_is_gdd11_11_20260816124318_15acc0
2026-08-16T03:44:29+00:00 RUN_END id=GDD11_11 window=IS status=OK decision=IS_SURVIVOR_TRADEOFF elapsed=70.383s
2026-08-16T03:44:29+00:00 RUN_START id=GDD11_11 family=pb_trend_ma window=OOS run=gdd2p_oos_gdd11_11_20260816124429_894f01
2026-08-16T03:45:19+00:00 RUN_END id=GDD11_11 window=OOS status=OK decision=OOS_REJECT elapsed=50.452s
2026-08-16T03:45:19+00:00 GATE_SKIP id=GDD11_11 window=XM5 reason=OOS_NOT_STRICT
2026-08-16T03:45:19+00:00 RUN_START id=GDD11_12 family=pb_trend_ma window=IS run=gdd2p_is_gdd11_12_20260816124519_6737fd
2026-08-16T03:46:30+00:00 RUN_END id=GDD11_12 window=IS status=OK decision=IS_REJECT elapsed=70.391s
2026-08-16T03:46:30+00:00 GATE_SKIP id=GDD11_12 window=OOS reason=IS_NOT_SURVIVOR
2026-08-16T03:46:30+00:00 GATE_SKIP id=GDD11_12 window=XM5 reason=OOS_NOT_STRICT
2026-08-16T03:46:30+00:00 RUN_START id=GDD11_13 family=pb_trend_ma window=IS run=gdd2p_is_gdd11_13_20260816124630_54b62c
2026-08-16T03:47:40+00:00 RUN_END id=GDD11_13 window=IS status=OK decision=IS_REJECT elapsed=70.415s
2026-08-16T03:47:40+00:00 GATE_SKIP id=GDD11_13 window=OOS reason=IS_NOT_SURVIVOR
2026-08-16T03:47:40+00:00 GATE_SKIP id=GDD11_13 window=XM5 reason=OOS_NOT_STRICT
2026-08-16T03:47:40+00:00 RUN_START id=GDD11_14 family=pb_trend_ma window=IS run=gdd2p_is_gdd11_14_20260816124740_68bd66
2026-08-16T03:47:41+00:00 WAIT_MT5 elapsed=0s processes=metatester64.exe
2026-08-16T03:48:42+00:00 WAIT_MT5 elapsed=62s processes=metatester64.exe
2026-08-16T03:49:43+00:00 WAIT_MT5 elapsed=123s processes=metatester64.exe
2026-08-16T03:50:45+00:00 WAIT_MT5 elapsed=185s processes=metatester64.exe
2026-08-16T03:51:46+00:00 WAIT_MT5 elapsed=246s processes=metatester64.exe
2026-08-16T03:52:48+00:00 KILL_ORPHAN_TESTER elapsed=308s
2026-08-16T03:55:03+00:00 RUN_END id=GDD11_14 window=IS status=OK decision=IS_REJECT elapsed=443.141s
2026-08-16T03:55:03+00:00 GATE_SKIP id=GDD11_14 window=OOS reason=IS_NOT_SURVIVOR
2026-08-16T03:55:03+00:00 GATE_SKIP id=GDD11_14 window=XM5 reason=OOS_NOT_STRICT
2026-08-16T03:55:03+00:00 RUN_START id=GDD11_15 family=pb_trend_ma window=IS run=gdd2p_is_gdd11_15_20260816125503_8dfc28
2026-08-16T03:56:14+00:00 RUN_END id=GDD11_15 window=IS status=OK decision=IS_REJECT elapsed=70.420s
2026-08-16T03:56:14+00:00 GATE_SKIP id=GDD11_15 window=OOS reason=IS_NOT_SURVIVOR
2026-08-16T03:56:14+00:00 GATE_SKIP id=GDD11_15 window=XM5 reason=OOS_NOT_STRICT
2026-08-16T03:56:14+00:00 RUN_START id=GDD11_16 family=pb_trend_ma window=IS run=gdd2p_is_gdd11_16_20260816125614_26ac01
2026-08-16T03:57:24+00:00 RUN_END id=GDD11_16 window=IS status=OK decision=IS_REJECT elapsed=70.418s
2026-08-16T03:57:24+00:00 GATE_SKIP id=GDD11_16 window=OOS reason=IS_NOT_SURVIVOR
2026-08-16T03:57:24+00:00 GATE_SKIP id=GDD11_16 window=XM5 reason=OOS_NOT_STRICT
2026-08-16T03:57:24+00:00 RUN_START id=GDD11_17 family=pb_trend_ma window=IS run=gdd2p_is_gdd11_17_20260816125724_b23bfe
2026-08-16T03:58:35+00:00 RUN_END id=GDD11_17 window=IS status=OK decision=IS_SURVIVOR_TRADEOFF elapsed=70.375s
2026-08-16T03:58:35+00:00 RUN_START id=GDD11_17 family=pb_trend_ma window=OOS run=gdd2p_oos_gdd11_17_20260816125835_8a279b
2026-08-16T03:59:25+00:00 RUN_END id=GDD11_17 window=OOS status=OK decision=OOS_REJECT elapsed=50.400s
2026-08-16T03:59:25+00:00 GATE_SKIP id=GDD11_17 window=XM5 reason=OOS_NOT_STRICT
2026-08-16T03:59:25+00:00 RUN_START id=GDD11_18 family=pb_trend_ma window=IS run=gdd2p_is_gdd11_18_20260816125925_7d0d47
2026-08-16T04:00:35+00:00 RUN_END id=GDD11_18 window=IS status=OK decision=IS_REJECT elapsed=70.378s
2026-08-16T04:00:35+00:00 GATE_SKIP id=GDD11_18 window=OOS reason=IS_NOT_SURVIVOR
2026-08-16T04:00:35+00:00 GATE_SKIP id=GDD11_18 window=XM5 reason=OOS_NOT_STRICT
2026-08-16T04:00:35+00:00 RUN_START id=GDD11_19 family=pb_trend_ma window=IS run=gdd2p_is_gdd11_19_20260816130035_4ee25c
2026-08-16T04:01:46+00:00 RUN_END id=GDD11_19 window=IS status=OK decision=IS_REJECT elapsed=70.388s
2026-08-16T04:01:46+00:00 GATE_SKIP id=GDD11_19 window=OOS reason=IS_NOT_SURVIVOR
2026-08-16T04:01:46+00:00 GATE_SKIP id=GDD11_19 window=XM5 reason=OOS_NOT_STRICT
2026-08-16T04:01:46+00:00 RUN_START id=GDD11_20 family=pb_trend_ma window=IS run=gdd2p_is_gdd11_20_20260816130146_c9bdb4
2026-08-16T04:02:56+00:00 RUN_END id=GDD11_20 window=IS status=OK decision=IS_REJECT elapsed=70.413s
2026-08-16T04:02:56+00:00 GATE_SKIP id=GDD11_20 window=OOS reason=IS_NOT_SURVIVOR
2026-08-16T04:02:56+00:00 GATE_SKIP id=GDD11_20 window=XM5 reason=OOS_NOT_STRICT
2026-08-16T04:02:56+00:00 RUN_START id=GDD12_01 family=pb_adx_period window=IS run=gdd2p_is_gdd12_01_20260816130256_5cccc0
2026-08-16T04:04:11+00:00 RUN_END id=GDD12_01 window=IS status=OK decision=IS_REJECT elapsed=75.384s
2026-08-16T04:04:11+00:00 GATE_SKIP id=GDD12_01 window=OOS reason=IS_NOT_SURVIVOR
2026-08-16T04:04:11+00:00 GATE_SKIP id=GDD12_01 window=XM5 reason=OOS_NOT_STRICT
2026-08-16T04:04:11+00:00 RUN_START id=GDD12_02 family=pb_adx_period window=IS run=gdd2p_is_gdd12_02_20260816130411_42893a
2026-08-16T04:05:22+00:00 RUN_END id=GDD12_02 window=IS status=OK decision=IS_REJECT elapsed=70.367s
2026-08-16T04:05:22+00:00 GATE_SKIP id=GDD12_02 window=OOS reason=IS_NOT_SURVIVOR
2026-08-16T04:05:22+00:00 GATE_SKIP id=GDD12_02 window=XM5 reason=OOS_NOT_STRICT
2026-08-16T04:05:22+00:00 RUN_START id=GDD12_03 family=pb_adx_period window=IS run=gdd2p_is_gdd12_03_20260816130522_eaf905
2026-08-16T04:06:32+00:00 RUN_END id=GDD12_03 window=IS status=OK decision=IS_REJECT elapsed=70.413s
2026-08-16T04:06:32+00:00 GATE_SKIP id=GDD12_03 window=OOS reason=IS_NOT_SURVIVOR
2026-08-16T04:06:32+00:00 GATE_SKIP id=GDD12_03 window=XM5 reason=OOS_NOT_STRICT
2026-08-16T04:06:32+00:00 RUN_START id=GDD12_04 family=pb_adx_period window=IS run=gdd2p_is_gdd12_04_20260816130632_788a03
2026-08-16T04:07:48+00:00 RUN_END id=GDD12_04 window=IS status=OK decision=IS_REJECT elapsed=75.373s
2026-08-16T04:07:48+00:00 GATE_SKIP id=GDD12_04 window=OOS reason=IS_NOT_SURVIVOR
2026-08-16T04:07:48+00:00 GATE_SKIP id=GDD12_04 window=XM5 reason=OOS_NOT_STRICT
2026-08-16T04:07:48+00:00 RUN_START id=GDD12_05 family=pb_adx_period window=IS run=gdd2p_is_gdd12_05_20260816130748_445bfa
2026-08-16T04:08:58+00:00 RUN_END id=GDD12_05 window=IS status=OK decision=IS_REJECT elapsed=70.407s
2026-08-16T04:08:58+00:00 GATE_SKIP id=GDD12_05 window=OOS reason=IS_NOT_SURVIVOR
2026-08-16T04:08:58+00:00 GATE_SKIP id=GDD12_05 window=XM5 reason=OOS_NOT_STRICT
2026-08-16T04:08:58+00:00 RUN_START id=GDD12_06 family=pb_adx_period window=IS run=gdd2p_is_gdd12_06_20260816130858_49c0d5
2026-08-16T04:10:08+00:00 RUN_END id=GDD12_06 window=IS status=OK decision=IS_REJECT elapsed=70.374s
2026-08-16T04:10:08+00:00 GATE_SKIP id=GDD12_06 window=OOS reason=IS_NOT_SURVIVOR
2026-08-16T04:10:08+00:00 GATE_SKIP id=GDD12_06 window=XM5 reason=OOS_NOT_STRICT
2026-08-16T04:10:08+00:00 RUN_START id=GDD12_07 family=pb_adx_period window=IS run=gdd2p_is_gdd12_07_20260816131008_9bc9f7
2026-08-16T04:11:19+00:00 RUN_END id=GDD12_07 window=IS status=OK decision=IS_REJECT elapsed=70.372s
2026-08-16T04:11:19+00:00 GATE_SKIP id=GDD12_07 window=OOS reason=IS_NOT_SURVIVOR
2026-08-16T04:11:19+00:00 GATE_SKIP id=GDD12_07 window=XM5 reason=OOS_NOT_STRICT
2026-08-16T04:11:19+00:00 RUN_START id=GDD12_08 family=pb_adx_period window=IS run=gdd2p_is_gdd12_08_20260816131119_dc4f8a
2026-08-16T04:12:29+00:00 RUN_END id=GDD12_08 window=IS status=OK decision=IS_SURVIVOR_TRADEOFF elapsed=70.425s
2026-08-16T04:12:29+00:00 RUN_START id=GDD12_08 family=pb_adx_period window=OOS run=gdd2p_oos_gdd12_08_20260816131229_9817f2
2026-08-16T04:13:20+00:00 RUN_END id=GDD12_08 window=OOS status=OK decision=OOS_REJECT elapsed=50.403s
2026-08-16T04:13:20+00:00 GATE_SKIP id=GDD12_08 window=XM5 reason=OOS_NOT_STRICT
2026-08-16T04:13:20+00:00 RUN_START id=GDD12_09 family=pb_adx_period window=IS run=gdd2p_is_gdd12_09_20260816131320_4441de
2026-08-16T04:14:30+00:00 RUN_END id=GDD12_09 window=IS status=OK decision=IS_SURVIVOR_STRICT elapsed=70.376s
2026-08-16T04:14:30+00:00 RUN_START id=GDD12_09 family=pb_adx_period window=OOS run=gdd2p_oos_gdd12_09_20260816131430_912282
2026-08-16T04:15:20+00:00 RUN_END id=GDD12_09 window=OOS status=OK decision=OOS_REJECT elapsed=50.404s
2026-08-16T04:15:20+00:00 GATE_SKIP id=GDD12_09 window=XM5 reason=OOS_NOT_STRICT
2026-08-16T04:15:20+00:00 RUN_START id=GDD12_10 family=pb_adx_period window=IS run=gdd2p_is_gdd12_10_20260816131520_48dd41
2026-08-16T04:16:31+00:00 RUN_END id=GDD12_10 window=IS status=OK decision=IS_REJECT elapsed=70.385s
2026-08-16T04:16:31+00:00 GATE_SKIP id=GDD12_10 window=OOS reason=IS_NOT_SURVIVOR
2026-08-16T04:16:31+00:00 GATE_SKIP id=GDD12_10 window=XM5 reason=OOS_NOT_STRICT
2026-08-16T04:16:31+00:00 RUN_START id=GDD12_11 family=pb_adx_period window=IS run=gdd2p_is_gdd12_11_20260816131631_4bd61d
2026-08-16T04:17:41+00:00 RUN_END id=GDD12_11 window=IS status=OK decision=IS_SURVIVOR_STRICT elapsed=70.382s
2026-08-16T04:17:41+00:00 RUN_START id=GDD12_11 family=pb_adx_period window=OOS run=gdd2p_oos_gdd12_11_20260816131741_cb1256
2026-08-16T04:18:32+00:00 RUN_END id=GDD12_11 window=OOS status=OK decision=OOS_STRICT_PASS elapsed=50.408s
2026-08-16T04:18:32+00:00 RUN_START id=GDD12_11 family=pb_adx_period window=XM5 run=gdd2p_xm5_gdd12_11_20260816131832_f9aa59
2026-08-16T04:27:02+00:00 RUN_END id=GDD12_11 window=XM5 status=OK decision=XM5_MEASURED elapsed=510.424s
2026-08-16T04:27:02+00:00 RUN_START id=GDD12_12 family=pb_adx_period window=IS run=gdd2p_is_gdd12_12_20260816132702_b63c53
2026-08-16T04:27:02+00:00 WAIT_MT5 elapsed=0s processes=metatester64.exe
2026-08-16T04:28:04+00:00 WAIT_MT5 elapsed=62s processes=metatester64.exe
2026-08-16T04:29:05+00:00 WAIT_MT5 elapsed=123s processes=metatester64.exe
2026-08-16T04:30:06+00:00 WAIT_MT5 elapsed=184s processes=metatester64.exe
2026-08-16T04:31:08+00:00 WAIT_MT5 elapsed=246s processes=metatester64.exe
2026-08-16T04:32:09+00:00 KILL_ORPHAN_TESTER elapsed=307s
2026-08-16T04:33:40+00:00 RUN_END id=GDD12_12 window=IS status=OK decision=IS_SURVIVOR_STRICT elapsed=397.475s
2026-08-16T04:33:40+00:00 RUN_START id=GDD12_12 family=pb_adx_period window=OOS run=gdd2p_oos_gdd12_12_20260816133340_51998a
2026-08-16T04:34:30+00:00 RUN_END id=GDD12_12 window=OOS status=OK decision=OOS_STRICT_PASS elapsed=50.436s
2026-08-16T04:34:30+00:00 RUN_START id=GDD12_12 family=pb_adx_period window=XM5 run=gdd2p_xm5_gdd12_12_20260816133430_ef1e19
2026-08-16T04:43:10+00:00 RUN_END id=GDD12_12 window=XM5 status=OK decision=XM5_MEASURED elapsed=520.421s
2026-08-16T04:43:10+00:00 RUN_START id=GDD12_13 family=pb_adx_period window=IS run=gdd2p_is_gdd12_13_20260816134310_240921
2026-08-16T04:43:11+00:00 WAIT_MT5 elapsed=0s processes=metatester64.exe
2026-08-16T04:44:12+00:00 WAIT_MT5 elapsed=62s processes=metatester64.exe
2026-08-16T04:45:13+00:00 WAIT_MT5 elapsed=123s processes=metatester64.exe
2026-08-16T04:46:15+00:00 WAIT_MT5 elapsed=184s processes=metatester64.exe
2026-08-16T04:47:16+00:00 WAIT_MT5 elapsed=246s processes=metatester64.exe
2026-08-16T04:48:17+00:00 KILL_ORPHAN_TESTER elapsed=307s
2026-08-16T04:49:48+00:00 RUN_END id=GDD12_13 window=IS status=OK decision=IS_SURVIVOR_TRADEOFF elapsed=397.427s
2026-08-16T04:49:48+00:00 RUN_START id=GDD12_13 family=pb_adx_period window=OOS run=gdd2p_oos_gdd12_13_20260816134948_095826
2026-08-16T04:50:38+00:00 RUN_END id=GDD12_13 window=OOS status=OK decision=OOS_REJECT elapsed=50.445s
2026-08-16T04:50:38+00:00 GATE_SKIP id=GDD12_13 window=XM5 reason=OOS_NOT_STRICT
2026-08-16T04:50:38+00:00 RUN_START id=GDD12_14 family=pb_adx_period window=IS run=gdd2p_is_gdd12_14_20260816135038_e1e10a
2026-08-16T04:51:49+00:00 RUN_END id=GDD12_14 window=IS status=OK decision=IS_SURVIVOR_TRADEOFF elapsed=70.385s
2026-08-16T04:51:49+00:00 RUN_START id=GDD12_14 family=pb_adx_period window=OOS run=gdd2p_oos_gdd12_14_20260816135149_97c2bf
2026-08-16T04:52:39+00:00 RUN_END id=GDD12_14 window=OOS status=OK decision=OOS_REJECT elapsed=50.411s
2026-08-16T04:52:39+00:00 GATE_SKIP id=GDD12_14 window=XM5 reason=OOS_NOT_STRICT
2026-08-16T04:52:39+00:00 RUN_START id=GDD12_15 family=pb_adx_period window=IS run=gdd2p_is_gdd12_15_20260816135239_0e23b8
2026-08-16T04:53:49+00:00 RUN_END id=GDD12_15 window=IS status=OK decision=IS_SURVIVOR_TRADEOFF elapsed=70.392s
2026-08-16T04:53:49+00:00 RUN_START id=GDD12_15 family=pb_adx_period window=OOS run=gdd2p_oos_gdd12_15_20260816135349_a5dc51
2026-08-16T04:54:40+00:00 RUN_END id=GDD12_15 window=OOS status=OK decision=OOS_REJECT elapsed=50.400s
2026-08-16T04:54:40+00:00 GATE_SKIP id=GDD12_15 window=XM5 reason=OOS_NOT_STRICT
2026-08-16T04:54:40+00:00 RUN_START id=GDD12_16 family=pb_adx_period window=IS run=gdd2p_is_gdd12_16_20260816135440_091920
2026-08-16T04:55:50+00:00 RUN_END id=GDD12_16 window=IS status=OK decision=IS_SURVIVOR_TRADEOFF elapsed=70.380s
2026-08-16T04:55:50+00:00 RUN_START id=GDD12_16 family=pb_adx_period window=OOS run=gdd2p_oos_gdd12_16_20260816135550_cb0996
2026-08-16T04:56:41+00:00 RUN_END id=GDD12_16 window=OOS status=OK decision=OOS_REJECT elapsed=50.413s
2026-08-16T04:56:41+00:00 GATE_SKIP id=GDD12_16 window=XM5 reason=OOS_NOT_STRICT
2026-08-16T04:56:41+00:00 RUN_START id=GDD12_17 family=pb_adx_period window=IS run=gdd2p_is_gdd12_17_20260816135641_d1244a
2026-08-16T04:57:51+00:00 RUN_END id=GDD12_17 window=IS status=OK decision=IS_SURVIVOR_TRADEOFF elapsed=70.387s
2026-08-16T04:57:51+00:00 RUN_START id=GDD12_17 family=pb_adx_period window=OOS run=gdd2p_oos_gdd12_17_20260816135751_97b3df
2026-08-16T04:58:41+00:00 RUN_END id=GDD12_17 window=OOS status=OK decision=OOS_REJECT elapsed=50.400s
2026-08-16T04:58:41+00:00 GATE_SKIP id=GDD12_17 window=XM5 reason=OOS_NOT_STRICT
2026-08-16T04:58:41+00:00 RUN_START id=GDD12_18 family=pb_adx_period window=IS run=gdd2p_is_gdd12_18_20260816135841_9990aa
2026-08-16T04:59:52+00:00 RUN_END id=GDD12_18 window=IS status=OK decision=IS_REJECT elapsed=70.391s
2026-08-16T04:59:52+00:00 GATE_SKIP id=GDD12_18 window=OOS reason=IS_NOT_SURVIVOR
2026-08-16T04:59:52+00:00 GATE_SKIP id=GDD12_18 window=XM5 reason=OOS_NOT_STRICT
2026-08-16T04:59:52+00:00 RUN_START id=GDD12_19 family=pb_adx_period window=IS run=gdd2p_is_gdd12_19_20260816135952_925384
2026-08-16T05:01:07+00:00 RUN_END id=GDD12_19 window=IS status=OK decision=IS_REJECT elapsed=75.385s
2026-08-16T05:01:07+00:00 GATE_SKIP id=GDD12_19 window=OOS reason=IS_NOT_SURVIVOR
2026-08-16T05:01:07+00:00 GATE_SKIP id=GDD12_19 window=XM5 reason=OOS_NOT_STRICT
2026-08-16T05:01:07+00:00 RUN_START id=GDD12_20 family=pb_adx_period window=IS run=gdd2p_is_gdd12_20_20260816140107_afab87
2026-08-16T05:02:18+00:00 RUN_END id=GDD12_20 window=IS status=OK decision=IS_REJECT elapsed=70.415s
2026-08-16T05:02:18+00:00 GATE_SKIP id=GDD12_20 window=OOS reason=IS_NOT_SURVIVOR
2026-08-16T05:02:18+00:00 GATE_SKIP id=GDD12_20 window=XM5 reason=OOS_NOT_STRICT
2026-08-16T05:02:18+00:00 RUN_START id=GDD13_01 family=pb_candle_body window=IS run=gdd2p_is_gdd13_01_20260816140218_ae32bb
2026-08-16T05:03:28+00:00 RUN_END id=GDD13_01 window=IS status=OK decision=IS_REJECT elapsed=70.367s
2026-08-16T05:03:28+00:00 GATE_SKIP id=GDD13_01 window=OOS reason=IS_NOT_SURVIVOR
2026-08-16T05:03:28+00:00 GATE_SKIP id=GDD13_01 window=XM5 reason=OOS_NOT_STRICT
2026-08-16T05:03:28+00:00 RUN_START id=GDD13_02 family=pb_candle_body window=IS run=gdd2p_is_gdd13_02_20260816140328_3c3c15
2026-08-16T05:04:38+00:00 RUN_END id=GDD13_02 window=IS status=OK decision=IS_REJECT elapsed=70.375s
2026-08-16T05:04:38+00:00 GATE_SKIP id=GDD13_02 window=OOS reason=IS_NOT_SURVIVOR
2026-08-16T05:04:38+00:00 GATE_SKIP id=GDD13_02 window=XM5 reason=OOS_NOT_STRICT
2026-08-16T05:04:38+00:00 RUN_START id=GDD13_03 family=pb_candle_body window=IS run=gdd2p_is_gdd13_03_20260816140438_853ac8
2026-08-16T05:05:49+00:00 RUN_END id=GDD13_03 window=IS status=OK decision=IS_SURVIVOR_STRICT elapsed=70.419s
2026-08-16T05:05:49+00:00 RUN_START id=GDD13_03 family=pb_candle_body window=OOS run=gdd2p_oos_gdd13_03_20260816140549_ce6d8c
2026-08-16T05:06:39+00:00 RUN_END id=GDD13_03 window=OOS status=OK decision=OOS_REJECT elapsed=50.408s
2026-08-16T05:06:39+00:00 GATE_SKIP id=GDD13_03 window=XM5 reason=OOS_NOT_STRICT
2026-08-16T05:06:39+00:00 RUN_START id=GDD13_04 family=pb_candle_body window=IS run=gdd2p_is_gdd13_04_20260816140639_eb0ff6
2026-08-16T05:07:50+00:00 RUN_END id=GDD13_04 window=IS status=OK decision=IS_SURVIVOR_STRICT elapsed=70.406s
2026-08-16T05:07:50+00:00 RUN_START id=GDD13_04 family=pb_candle_body window=OOS run=gdd2p_oos_gdd13_04_20260816140750_aad066
2026-08-16T05:08:40+00:00 RUN_END id=GDD13_04 window=OOS status=OK decision=OOS_REJECT elapsed=50.389s
2026-08-16T05:08:40+00:00 GATE_SKIP id=GDD13_04 window=XM5 reason=OOS_NOT_STRICT
2026-08-16T05:08:40+00:00 RUN_START id=GDD13_05 family=pb_candle_body window=IS run=gdd2p_is_gdd13_05_20260816140840_f99e95
2026-08-16T05:09:50+00:00 RUN_END id=GDD13_05 window=IS status=OK decision=IS_SURVIVOR_STRICT elapsed=70.396s
2026-08-16T05:09:50+00:00 RUN_START id=GDD13_05 family=pb_candle_body window=OOS run=gdd2p_oos_gdd13_05_20260816140950_7dd73b
2026-08-16T05:10:41+00:00 RUN_END id=GDD13_05 window=OOS status=OK decision=OOS_REJECT elapsed=50.392s
2026-08-16T05:10:41+00:00 GATE_SKIP id=GDD13_05 window=XM5 reason=OOS_NOT_STRICT
2026-08-16T05:10:41+00:00 RUN_START id=GDD13_06 family=pb_candle_body window=IS run=gdd2p_is_gdd13_06_20260816141041_4aaa64
2026-08-16T05:11:51+00:00 RUN_END id=GDD13_06 window=IS status=OK decision=IS_SURVIVOR_TRADEOFF elapsed=70.377s
2026-08-16T05:11:51+00:00 RUN_START id=GDD13_06 family=pb_candle_body window=OOS run=gdd2p_oos_gdd13_06_20260816141151_c19e6c
2026-08-16T05:12:42+00:00 RUN_END id=GDD13_06 window=OOS status=OK decision=OOS_REJECT elapsed=50.394s
2026-08-16T05:12:42+00:00 GATE_SKIP id=GDD13_06 window=XM5 reason=OOS_NOT_STRICT
2026-08-16T05:12:42+00:00 RUN_START id=GDD13_07 family=pb_candle_body window=IS run=gdd2p_is_gdd13_07_20260816141242_3a02aa
2026-08-16T05:13:52+00:00 RUN_END id=GDD13_07 window=IS status=OK decision=IS_SURVIVOR_TRADEOFF elapsed=70.381s
2026-08-16T05:13:52+00:00 RUN_START id=GDD13_07 family=pb_candle_body window=OOS run=gdd2p_oos_gdd13_07_20260816141352_6b7539
2026-08-16T05:14:42+00:00 RUN_END id=GDD13_07 window=OOS status=OK decision=OOS_REJECT elapsed=50.392s
2026-08-16T05:14:42+00:00 GATE_SKIP id=GDD13_07 window=XM5 reason=OOS_NOT_STRICT
2026-08-16T05:14:42+00:00 RUN_START id=GDD13_08 family=pb_candle_body window=IS run=gdd2p_is_gdd13_08_20260816141442_beb447
2026-08-16T05:15:53+00:00 RUN_END id=GDD13_08 window=IS status=OK decision=IS_SURVIVOR_TRADEOFF elapsed=70.374s
2026-08-16T05:15:53+00:00 RUN_START id=GDD13_08 family=pb_candle_body window=OOS run=gdd2p_oos_gdd13_08_20260816141553_fdd197
2026-08-16T05:16:43+00:00 RUN_END id=GDD13_08 window=OOS status=OK decision=OOS_REJECT elapsed=50.399s
2026-08-16T05:16:43+00:00 GATE_SKIP id=GDD13_08 window=XM5 reason=OOS_NOT_STRICT
2026-08-16T05:16:43+00:00 RUN_START id=GDD13_09 family=pb_candle_body window=IS run=gdd2p_is_gdd13_09_20260816141643_c57a62
2026-08-16T05:17:54+00:00 RUN_END id=GDD13_09 window=IS status=OK decision=IS_SURVIVOR_TRADEOFF elapsed=70.383s
2026-08-16T05:17:54+00:00 RUN_START id=GDD13_09 family=pb_candle_body window=OOS run=gdd2p_oos_gdd13_09_20260816141754_7108f3
2026-08-16T05:18:44+00:00 RUN_END id=GDD13_09 window=OOS status=OK decision=OOS_REJECT elapsed=50.400s
2026-08-16T05:18:44+00:00 GATE_SKIP id=GDD13_09 window=XM5 reason=OOS_NOT_STRICT
2026-08-16T05:18:44+00:00 RUN_START id=GDD13_10 family=pb_candle_body window=IS run=gdd2p_is_gdd13_10_20260816141844_66b8da
2026-08-16T05:19:54+00:00 RUN_END id=GDD13_10 window=IS status=OK decision=IS_SURVIVOR_TRADEOFF elapsed=70.379s
2026-08-16T05:19:54+00:00 RUN_START id=GDD13_10 family=pb_candle_body window=OOS run=gdd2p_oos_gdd13_10_20260816141954_014f2b
2026-08-16T05:20:45+00:00 RUN_END id=GDD13_10 window=OOS status=OK decision=OOS_REJECT elapsed=50.433s
2026-08-16T05:20:45+00:00 GATE_SKIP id=GDD13_10 window=XM5 reason=OOS_NOT_STRICT
2026-08-16T05:20:45+00:00 RUN_START id=GDD13_11 family=pb_candle_body window=IS run=gdd2p_is_gdd13_11_20260816142045_8997d9
2026-08-16T05:21:55+00:00 RUN_END id=GDD13_11 window=IS status=OK decision=IS_SURVIVOR_TRADEOFF elapsed=70.369s
2026-08-16T05:21:55+00:00 RUN_START id=GDD13_11 family=pb_candle_body window=OOS run=gdd2p_oos_gdd13_11_20260816142155_d9e892
2026-08-16T05:22:46+00:00 RUN_END id=GDD13_11 window=OOS status=OK decision=OOS_REJECT elapsed=50.434s
2026-08-16T05:22:46+00:00 GATE_SKIP id=GDD13_11 window=XM5 reason=OOS_NOT_STRICT
2026-08-16T05:22:46+00:00 RUN_START id=GDD13_12 family=pb_candle_body window=IS run=gdd2p_is_gdd13_12_20260816142246_66a04a
2026-08-16T05:23:56+00:00 RUN_END id=GDD13_12 window=IS status=OK decision=IS_REJECT elapsed=70.383s
2026-08-16T05:23:56+00:00 GATE_SKIP id=GDD13_12 window=OOS reason=IS_NOT_SURVIVOR
2026-08-16T05:23:56+00:00 GATE_SKIP id=GDD13_12 window=XM5 reason=OOS_NOT_STRICT
2026-08-16T05:23:56+00:00 RUN_START id=GDD13_13 family=pb_candle_body window=IS run=gdd2p_is_gdd13_13_20260816142356_620427
2026-08-16T05:25:06+00:00 RUN_END id=GDD13_13 window=IS status=OK decision=IS_REJECT elapsed=70.420s
2026-08-16T05:25:06+00:00 GATE_SKIP id=GDD13_13 window=OOS reason=IS_NOT_SURVIVOR
2026-08-16T05:25:06+00:00 GATE_SKIP id=GDD13_13 window=XM5 reason=OOS_NOT_STRICT
2026-08-16T05:25:06+00:00 RUN_START id=GDD13_14 family=pb_candle_body window=IS run=gdd2p_is_gdd13_14_20260816142506_beba16
2026-08-16T05:26:17+00:00 RUN_END id=GDD13_14 window=IS status=OK decision=IS_REJECT elapsed=70.379s
2026-08-16T05:26:17+00:00 GATE_SKIP id=GDD13_14 window=OOS reason=IS_NOT_SURVIVOR
2026-08-16T05:26:17+00:00 GATE_SKIP id=GDD13_14 window=XM5 reason=OOS_NOT_STRICT
2026-08-16T05:26:17+00:00 RUN_START id=GDD13_15 family=pb_candle_body window=IS run=gdd2p_is_gdd13_15_20260816142617_c587a1
2026-08-16T05:27:27+00:00 RUN_END id=GDD13_15 window=IS status=OK decision=IS_SURVIVOR_TRADEOFF elapsed=70.383s
2026-08-16T05:27:27+00:00 RUN_START id=GDD13_15 family=pb_candle_body window=OOS run=gdd2p_oos_gdd13_15_20260816142727_45c031
2026-08-16T05:28:18+00:00 RUN_END id=GDD13_15 window=OOS status=OK decision=OOS_REJECT elapsed=50.395s
2026-08-16T05:28:18+00:00 GATE_SKIP id=GDD13_15 window=XM5 reason=OOS_NOT_STRICT
2026-08-16T05:28:18+00:00 RUN_START id=GDD13_16 family=pb_candle_body window=IS run=gdd2p_is_gdd13_16_20260816142818_bba60d
2026-08-16T05:29:28+00:00 RUN_END id=GDD13_16 window=IS status=OK decision=IS_SURVIVOR_TRADEOFF elapsed=70.368s
2026-08-16T05:29:28+00:00 RUN_START id=GDD13_16 family=pb_candle_body window=OOS run=gdd2p_oos_gdd13_16_20260816142928_81ac83
2026-08-16T05:30:18+00:00 RUN_END id=GDD13_16 window=OOS status=OK decision=OOS_REJECT elapsed=50.426s
2026-08-16T05:30:18+00:00 GATE_SKIP id=GDD13_16 window=XM5 reason=OOS_NOT_STRICT
2026-08-16T05:30:18+00:00 RUN_START id=GDD13_17 family=pb_candle_body window=IS run=gdd2p_is_gdd13_17_20260816143018_750e9f
2026-08-16T05:31:29+00:00 RUN_END id=GDD13_17 window=IS status=OK decision=IS_SURVIVOR_TRADEOFF elapsed=70.375s
2026-08-16T05:31:29+00:00 RUN_START id=GDD13_17 family=pb_candle_body window=OOS run=gdd2p_oos_gdd13_17_20260816143129_e8515f
2026-08-16T05:32:19+00:00 RUN_END id=GDD13_17 window=OOS status=OK decision=OOS_REJECT elapsed=50.429s
2026-08-16T05:32:19+00:00 GATE_SKIP id=GDD13_17 window=XM5 reason=OOS_NOT_STRICT
2026-08-16T05:32:19+00:00 RUN_START id=GDD13_18 family=pb_candle_body window=IS run=gdd2p_is_gdd13_18_20260816143219_8125a1
2026-08-16T05:33:30+00:00 RUN_END id=GDD13_18 window=IS status=OK decision=IS_REJECT elapsed=70.367s
2026-08-16T05:33:30+00:00 GATE_SKIP id=GDD13_18 window=OOS reason=IS_NOT_SURVIVOR
2026-08-16T05:33:30+00:00 GATE_SKIP id=GDD13_18 window=XM5 reason=OOS_NOT_STRICT
2026-08-16T05:33:30+00:00 RUN_START id=GDD13_19 family=pb_candle_body window=IS run=gdd2p_is_gdd13_19_20260816143330_65eae3
2026-08-16T05:34:40+00:00 RUN_END id=GDD13_19 window=IS status=OK decision=IS_REJECT elapsed=70.419s
2026-08-16T05:34:40+00:00 GATE_SKIP id=GDD13_19 window=OOS reason=IS_NOT_SURVIVOR
2026-08-16T05:34:40+00:00 GATE_SKIP id=GDD13_19 window=XM5 reason=OOS_NOT_STRICT
2026-08-16T05:34:40+00:00 RUN_START id=GDD13_20 family=pb_candle_body window=IS run=gdd2p_is_gdd13_20_20260816143440_9d1893
2026-08-16T05:35:50+00:00 RUN_END id=GDD13_20 window=IS status=UNVERIFIED decision=UNVERIFIED_MAGIC_GATE elapsed=70.377s
2026-08-16T05:35:50+00:00 RUN_START id=GDD14_01 family=pb_close_location window=IS run=gdd2p_is_gdd14_01_20260816143550_0ded87
2026-08-16T05:37:01+00:00 RUN_END id=GDD14_01 window=IS status=OK decision=IS_REJECT elapsed=70.373s
2026-08-16T05:37:01+00:00 GATE_SKIP id=GDD14_01 window=OOS reason=IS_NOT_SURVIVOR
2026-08-16T05:37:01+00:00 GATE_SKIP id=GDD14_01 window=XM5 reason=OOS_NOT_STRICT
2026-08-16T05:37:01+00:00 RUN_START id=GDD14_02 family=pb_close_location window=IS run=gdd2p_is_gdd14_02_20260816143701_5dbca8
2026-08-16T05:38:11+00:00 RUN_END id=GDD14_02 window=IS status=OK decision=IS_REJECT elapsed=70.363s
2026-08-16T05:38:11+00:00 GATE_SKIP id=GDD14_02 window=OOS reason=IS_NOT_SURVIVOR
2026-08-16T05:38:11+00:00 GATE_SKIP id=GDD14_02 window=XM5 reason=OOS_NOT_STRICT
2026-08-16T05:38:11+00:00 RUN_START id=GDD14_03 family=pb_close_location window=IS run=gdd2p_is_gdd14_03_20260816143811_358081
2026-08-16T05:38:11+00:00 WAIT_MT5 elapsed=0s processes=metatester64.exe
2026-08-16T05:39:13+00:00 WAIT_MT5 elapsed=62s processes=metatester64.exe
2026-08-16T05:40:14+00:00 WAIT_MT5 elapsed=123s processes=metatester64.exe
2026-08-16T05:41:15+00:00 WAIT_MT5 elapsed=184s processes=metatester64.exe
2026-08-16T05:42:17+00:00 WAIT_MT5 elapsed=246s processes=metatester64.exe
2026-08-16T05:43:18+00:00 KILL_ORPHAN_TESTER elapsed=307s
2026-08-16T05:44:43+00:00 RUN_END id=GDD14_03 window=IS status=OK decision=IS_REJECT elapsed=392.307s
2026-08-16T05:44:43+00:00 GATE_SKIP id=GDD14_03 window=OOS reason=IS_NOT_SURVIVOR
2026-08-16T05:44:43+00:00 GATE_SKIP id=GDD14_03 window=XM5 reason=OOS_NOT_STRICT
2026-08-16T05:44:43+00:00 RUN_START id=GDD14_04 family=pb_close_location window=IS run=gdd2p_is_gdd14_04_20260816144443_efa305
2026-08-16T05:45:54+00:00 RUN_END id=GDD14_04 window=IS status=OK decision=IS_REJECT elapsed=70.411s
2026-08-16T05:45:54+00:00 GATE_SKIP id=GDD14_04 window=OOS reason=IS_NOT_SURVIVOR
2026-08-16T05:45:54+00:00 GATE_SKIP id=GDD14_04 window=XM5 reason=OOS_NOT_STRICT
2026-08-16T05:45:54+00:00 RUN_START id=GDD14_05 family=pb_close_location window=IS run=gdd2p_is_gdd14_05_20260816144554_0f9585
2026-08-16T05:47:04+00:00 RUN_END id=GDD14_05 window=IS status=OK decision=IS_REJECT elapsed=70.361s
2026-08-16T05:47:04+00:00 GATE_SKIP id=GDD14_05 window=OOS reason=IS_NOT_SURVIVOR
2026-08-16T05:47:04+00:00 GATE_SKIP id=GDD14_05 window=XM5 reason=OOS_NOT_STRICT
2026-08-16T05:47:04+00:00 RUN_START id=GDD14_06 family=pb_close_location window=IS run=gdd2p_is_gdd14_06_20260816144704_170daf
2026-08-16T05:48:20+00:00 RUN_END id=GDD14_06 window=IS status=OK decision=IS_REJECT elapsed=75.411s
2026-08-16T05:48:20+00:00 GATE_SKIP id=GDD14_06 window=OOS reason=IS_NOT_SURVIVOR
2026-08-16T05:48:20+00:00 GATE_SKIP id=GDD14_06 window=XM5 reason=OOS_NOT_STRICT
2026-08-16T05:48:20+00:00 RUN_START id=GDD14_07 family=pb_close_location window=IS run=gdd2p_is_gdd14_07_20260816144820_91f7cd
2026-08-16T05:49:35+00:00 RUN_END id=GDD14_07 window=IS status=OK decision=IS_SURVIVOR_STRICT elapsed=75.394s
2026-08-16T05:49:35+00:00 RUN_START id=GDD14_07 family=pb_close_location window=OOS run=gdd2p_oos_gdd14_07_20260816144935_b52179
2026-08-16T05:50:25+00:00 RUN_END id=GDD14_07 window=OOS status=OK decision=OOS_STRICT_PASS elapsed=50.430s
2026-08-16T05:50:25+00:00 RUN_START id=GDD14_07 family=pb_close_location window=XM5 run=gdd2p_xm5_gdd14_07_20260816145025_d70d22
2026-08-16T05:58:56+00:00 RUN_END id=GDD14_07 window=XM5 status=OK decision=XM5_MEASURED elapsed=510.397s
2026-08-16T05:58:56+00:00 RUN_START id=GDD14_08 family=pb_close_location window=IS run=gdd2p_is_gdd14_08_20260816145856_0dc381
2026-08-16T05:58:56+00:00 WAIT_MT5 elapsed=0s processes=metatester64.exe
2026-08-16T05:59:57+00:00 WAIT_MT5 elapsed=62s processes=metatester64.exe
2026-08-16T06:00:59+00:00 WAIT_MT5 elapsed=123s processes=metatester64.exe
2026-08-16T06:02:00+00:00 WAIT_MT5 elapsed=184s processes=metatester64.exe
2026-08-16T06:03:01+00:00 WAIT_MT5 elapsed=246s processes=metatester64.exe
2026-08-16T06:04:03+00:00 KILL_ORPHAN_TESTER elapsed=307s
2026-08-16T06:05:33+00:00 RUN_END id=GDD14_08 window=IS status=OK decision=IS_SURVIVOR_TRADEOFF elapsed=397.339s
2026-08-16T06:05:33+00:00 RUN_START id=GDD14_08 family=pb_close_location window=OOS run=gdd2p_oos_gdd14_08_20260816150533_6d4a99
2026-08-16T06:06:24+00:00 RUN_END id=GDD14_08 window=OOS status=OK decision=OOS_REJECT elapsed=50.432s
2026-08-16T06:06:24+00:00 GATE_SKIP id=GDD14_08 window=XM5 reason=OOS_NOT_STRICT
2026-08-16T06:06:24+00:00 RUN_START id=GDD14_09 family=pb_close_location window=IS run=gdd2p_is_gdd14_09_20260816150624_a34fb0
2026-08-16T06:07:39+00:00 RUN_END id=GDD14_09 window=IS status=OK decision=IS_SURVIVOR_TRADEOFF elapsed=75.381s
2026-08-16T06:07:39+00:00 RUN_START id=GDD14_09 family=pb_close_location window=OOS run=gdd2p_oos_gdd14_09_20260816150739_1cedab
2026-08-16T06:08:29+00:00 RUN_END id=GDD14_09 window=OOS status=OK decision=OOS_REJECT elapsed=50.399s
2026-08-16T06:08:29+00:00 GATE_SKIP id=GDD14_09 window=XM5 reason=OOS_NOT_STRICT
2026-08-16T06:08:29+00:00 RUN_START id=GDD14_10 family=pb_close_location window=IS run=gdd2p_is_gdd14_10_20260816150829_af9a26
2026-08-16T06:09:40+00:00 RUN_END id=GDD14_10 window=IS status=OK decision=IS_SURVIVOR_TRADEOFF elapsed=70.365s
2026-08-16T06:09:40+00:00 RUN_START id=GDD14_10 family=pb_close_location window=OOS run=gdd2p_oos_gdd14_10_20260816150940_beb7a6
2026-08-16T06:10:30+00:00 RUN_END id=GDD14_10 window=OOS status=OK decision=OOS_REJECT elapsed=50.399s
2026-08-16T06:10:30+00:00 GATE_SKIP id=GDD14_10 window=XM5 reason=OOS_NOT_STRICT
2026-08-16T06:10:30+00:00 RUN_START id=GDD14_11 family=pb_close_location window=IS run=gdd2p_is_gdd14_11_20260816151030_81704c
2026-08-16T06:11:41+00:00 RUN_END id=GDD14_11 window=IS status=OK decision=IS_SURVIVOR_TRADEOFF elapsed=70.388s
2026-08-16T06:11:41+00:00 RUN_START id=GDD14_11 family=pb_close_location window=OOS run=gdd2p_oos_gdd14_11_20260816151141_00058c
2026-08-16T06:12:31+00:00 RUN_END id=GDD14_11 window=OOS status=OK decision=OOS_REJECT elapsed=50.405s
2026-08-16T06:12:31+00:00 GATE_SKIP id=GDD14_11 window=XM5 reason=OOS_NOT_STRICT
2026-08-16T06:12:31+00:00 RUN_START id=GDD14_12 family=pb_close_location window=IS run=gdd2p_is_gdd14_12_20260816151231_71036f
2026-08-16T06:13:41+00:00 RUN_END id=GDD14_12 window=IS status=OK decision=IS_SURVIVOR_TRADEOFF elapsed=70.392s
2026-08-16T06:13:41+00:00 RUN_START id=GDD14_12 family=pb_close_location window=OOS run=gdd2p_oos_gdd14_12_20260816151341_fea94c
2026-08-16T06:14:32+00:00 RUN_END id=GDD14_12 window=OOS status=OK decision=OOS_REJECT elapsed=50.413s
2026-08-16T06:14:32+00:00 GATE_SKIP id=GDD14_12 window=XM5 reason=OOS_NOT_STRICT
2026-08-16T06:14:32+00:00 RUN_START id=GDD14_13 family=pb_close_location window=IS run=gdd2p_is_gdd14_13_20260816151432_69c673
2026-08-16T06:15:42+00:00 RUN_END id=GDD14_13 window=IS status=OK decision=IS_SURVIVOR_TRADEOFF elapsed=70.390s
2026-08-16T06:15:42+00:00 RUN_START id=GDD14_13 family=pb_close_location window=OOS run=gdd2p_oos_gdd14_13_20260816151542_f799ad
2026-08-16T06:16:33+00:00 RUN_END id=GDD14_13 window=OOS status=OK decision=OOS_REJECT elapsed=50.400s
2026-08-16T06:16:33+00:00 GATE_SKIP id=GDD14_13 window=XM5 reason=OOS_NOT_STRICT
2026-08-16T06:16:33+00:00 RUN_START id=GDD14_14 family=pb_close_location window=IS run=gdd2p_is_gdd14_14_20260816151633_fd0a61
2026-08-16T06:17:43+00:00 RUN_END id=GDD14_14 window=IS status=OK decision=IS_SURVIVOR_TRADEOFF elapsed=70.397s
2026-08-16T06:17:43+00:00 RUN_START id=GDD14_14 family=pb_close_location window=OOS run=gdd2p_oos_gdd14_14_20260816151743_ca638c
2026-08-16T06:18:33+00:00 RUN_END id=GDD14_14 window=OOS status=OK decision=OOS_REJECT elapsed=50.398s
2026-08-16T06:18:33+00:00 GATE_SKIP id=GDD14_14 window=XM5 reason=OOS_NOT_STRICT
2026-08-16T06:18:33+00:00 RUN_START id=GDD14_15 family=pb_close_location window=IS run=gdd2p_is_gdd14_15_20260816151833_bface7
2026-08-16T06:19:49+00:00 RUN_END id=GDD14_15 window=IS status=OK decision=IS_SURVIVOR_TRADEOFF elapsed=75.381s
2026-08-16T06:19:49+00:00 RUN_START id=GDD14_15 family=pb_close_location window=OOS run=gdd2p_oos_gdd14_15_20260816151949_816081
2026-08-16T06:20:39+00:00 RUN_END id=GDD14_15 window=OOS status=OK decision=OOS_REJECT elapsed=50.397s
2026-08-16T06:20:39+00:00 GATE_SKIP id=GDD14_15 window=XM5 reason=OOS_NOT_STRICT
2026-08-16T06:20:39+00:00 RUN_START id=GDD14_16 family=pb_close_location window=IS run=gdd2p_is_gdd14_16_20260816152039_870bb9
2026-08-16T06:21:50+00:00 RUN_END id=GDD14_16 window=IS status=OK decision=IS_SURVIVOR_STRICT elapsed=70.382s
2026-08-16T06:21:50+00:00 RUN_START id=GDD14_16 family=pb_close_location window=OOS run=gdd2p_oos_gdd14_16_20260816152150_6befa0
2026-08-16T06:22:40+00:00 RUN_END id=GDD14_16 window=OOS status=OK decision=OOS_REJECT elapsed=50.389s
2026-08-16T06:22:40+00:00 GATE_SKIP id=GDD14_16 window=XM5 reason=OOS_NOT_STRICT
2026-08-16T06:22:40+00:00 RUN_START id=GDD14_17 family=pb_close_location window=IS run=gdd2p_is_gdd14_17_20260816152240_6f24e1
2026-08-16T06:23:50+00:00 RUN_END id=GDD14_17 window=IS status=OK decision=IS_SURVIVOR_TRADEOFF elapsed=70.382s
2026-08-16T06:23:50+00:00 RUN_START id=GDD14_17 family=pb_close_location window=OOS run=gdd2p_oos_gdd14_17_20260816152350_b9a1d9
2026-08-16T06:24:41+00:00 RUN_END id=GDD14_17 window=OOS status=OK decision=OOS_REJECT elapsed=50.392s
2026-08-16T06:24:41+00:00 GATE_SKIP id=GDD14_17 window=XM5 reason=OOS_NOT_STRICT
2026-08-16T06:24:41+00:00 RUN_START id=GDD14_18 family=pb_close_location window=IS run=gdd2p_is_gdd14_18_20260816152441_6f5db6
2026-08-16T06:25:51+00:00 RUN_END id=GDD14_18 window=IS status=OK decision=IS_SURVIVOR_TRADEOFF elapsed=70.372s
2026-08-16T06:25:51+00:00 RUN_START id=GDD14_18 family=pb_close_location window=OOS run=gdd2p_oos_gdd14_18_20260816152551_00b362
2026-08-16T06:26:42+00:00 RUN_END id=GDD14_18 window=OOS status=OK decision=OOS_REJECT elapsed=50.391s
2026-08-16T06:26:42+00:00 GATE_SKIP id=GDD14_18 window=XM5 reason=OOS_NOT_STRICT
2026-08-16T06:26:42+00:00 RUN_START id=GDD14_19 family=pb_close_location window=IS run=gdd2p_is_gdd14_19_20260816152642_98ec57
2026-08-16T06:27:52+00:00 RUN_END id=GDD14_19 window=IS status=OK decision=IS_REJECT elapsed=70.380s
2026-08-16T06:27:52+00:00 GATE_SKIP id=GDD14_19 window=OOS reason=IS_NOT_SURVIVOR
2026-08-16T06:27:52+00:00 GATE_SKIP id=GDD14_19 window=XM5 reason=OOS_NOT_STRICT
2026-08-16T06:27:52+00:00 RUN_START id=GDD14_20 family=pb_close_location window=IS run=gdd2p_is_gdd14_20_20260816152752_00d7f5
2026-08-16T06:29:02+00:00 RUN_END id=GDD14_20 window=IS status=UNVERIFIED decision=UNVERIFIED_MAGIC_GATE elapsed=70.376s
2026-08-16T06:29:02+00:00 RUN_START id=GDD15_01 family=pb_pullback_depth window=IS run=gdd2p_is_gdd15_01_20260816152902_14f056
2026-08-16T06:30:13+00:00 RUN_END id=GDD15_01 window=IS status=OK decision=IS_REJECT elapsed=70.377s
2026-08-16T06:30:13+00:00 GATE_SKIP id=GDD15_01 window=OOS reason=IS_NOT_SURVIVOR
2026-08-16T06:30:13+00:00 GATE_SKIP id=GDD15_01 window=XM5 reason=OOS_NOT_STRICT
2026-08-16T06:30:13+00:00 RUN_START id=GDD15_02 family=pb_pullback_depth window=IS run=gdd2p_is_gdd15_02_20260816153013_9ea59d
2026-08-16T06:31:23+00:00 RUN_END id=GDD15_02 window=IS status=OK decision=IS_SURVIVOR_TRADEOFF elapsed=70.375s
2026-08-16T06:31:23+00:00 RUN_START id=GDD15_02 family=pb_pullback_depth window=OOS run=gdd2p_oos_gdd15_02_20260816153123_439b02
2026-08-16T06:32:13+00:00 RUN_END id=GDD15_02 window=OOS status=OK decision=OOS_REJECT elapsed=50.387s
2026-08-16T06:32:13+00:00 GATE_SKIP id=GDD15_02 window=XM5 reason=OOS_NOT_STRICT
2026-08-16T06:32:13+00:00 RUN_START id=GDD15_03 family=pb_pullback_depth window=IS run=gdd2p_is_gdd15_03_20260816153213_2f2249
2026-08-16T06:33:29+00:00 RUN_END id=GDD15_03 window=IS status=OK decision=IS_SURVIVOR_TRADEOFF elapsed=75.391s
2026-08-16T06:33:29+00:00 RUN_START id=GDD15_03 family=pb_pullback_depth window=OOS run=gdd2p_oos_gdd15_03_20260816153329_67dd3a
2026-08-16T06:34:19+00:00 RUN_END id=GDD15_03 window=OOS status=OK decision=OOS_REJECT elapsed=50.428s
2026-08-16T06:34:19+00:00 GATE_SKIP id=GDD15_03 window=XM5 reason=OOS_NOT_STRICT
2026-08-16T06:34:19+00:00 RUN_START id=GDD15_04 family=pb_pullback_depth window=IS run=gdd2p_is_gdd15_04_20260816153419_6bd95d
2026-08-16T06:35:30+00:00 RUN_END id=GDD15_04 window=IS status=OK decision=IS_SURVIVOR_TRADEOFF elapsed=70.368s
2026-08-16T06:35:30+00:00 RUN_START id=GDD15_04 family=pb_pullback_depth window=OOS run=gdd2p_oos_gdd15_04_20260816153530_ebd92d
2026-08-16T06:36:20+00:00 RUN_END id=GDD15_04 window=OOS status=OK decision=OOS_REJECT elapsed=50.424s
2026-08-16T06:36:20+00:00 GATE_SKIP id=GDD15_04 window=XM5 reason=OOS_NOT_STRICT
2026-08-16T06:36:20+00:00 RUN_START id=GDD15_05 family=pb_pullback_depth window=IS run=gdd2p_is_gdd15_05_20260816153620_617a03
2026-08-16T06:37:30+00:00 RUN_END id=GDD15_05 window=IS status=OK decision=IS_SURVIVOR_STRICT elapsed=70.367s
2026-08-16T06:37:30+00:00 RUN_START id=GDD15_05 family=pb_pullback_depth window=OOS run=gdd2p_oos_gdd15_05_20260816153730_f8d5cc
2026-08-16T06:38:21+00:00 RUN_END id=GDD15_05 window=OOS status=OK decision=OOS_REJECT elapsed=50.429s
2026-08-16T06:38:21+00:00 GATE_SKIP id=GDD15_05 window=XM5 reason=OOS_NOT_STRICT
2026-08-16T06:38:21+00:00 RUN_START id=GDD15_06 family=pb_pullback_depth window=IS run=gdd2p_is_gdd15_06_20260816153821_c342fc
2026-08-16T06:39:31+00:00 RUN_END id=GDD15_06 window=IS status=OK decision=IS_SURVIVOR_STRICT elapsed=70.371s
2026-08-16T06:39:31+00:00 RUN_START id=GDD15_06 family=pb_pullback_depth window=OOS run=gdd2p_oos_gdd15_06_20260816153931_25ed87
2026-08-16T06:40:22+00:00 RUN_END id=GDD15_06 window=OOS status=OK decision=OOS_REJECT elapsed=50.430s
2026-08-16T06:40:22+00:00 GATE_SKIP id=GDD15_06 window=XM5 reason=OOS_NOT_STRICT
2026-08-16T06:40:22+00:00 RUN_START id=GDD15_07 family=pb_pullback_depth window=IS run=gdd2p_is_gdd15_07_20260816154022_f1d1cb
2026-08-16T06:41:32+00:00 RUN_END id=GDD15_07 window=IS status=OK decision=IS_SURVIVOR_STRICT elapsed=70.364s
2026-08-16T06:41:32+00:00 RUN_START id=GDD15_07 family=pb_pullback_depth window=OOS run=gdd2p_oos_gdd15_07_20260816154132_095b7e
2026-08-16T06:42:22+00:00 RUN_END id=GDD15_07 window=OOS status=OK decision=OOS_REJECT elapsed=50.388s
2026-08-16T06:42:22+00:00 GATE_SKIP id=GDD15_07 window=XM5 reason=OOS_NOT_STRICT
2026-08-16T06:42:22+00:00 RUN_START id=GDD15_08 family=pb_pullback_depth window=IS run=gdd2p_is_gdd15_08_20260816154222_5565e2
2026-08-16T06:43:33+00:00 RUN_END id=GDD15_08 window=IS status=OK decision=IS_SURVIVOR_STRICT elapsed=70.368s
2026-08-16T06:43:33+00:00 RUN_START id=GDD15_08 family=pb_pullback_depth window=OOS run=gdd2p_oos_gdd15_08_20260816154333_0eb1b3
2026-08-16T06:44:23+00:00 RUN_END id=GDD15_08 window=OOS status=OK decision=OOS_REJECT elapsed=50.405s
2026-08-16T06:44:23+00:00 GATE_SKIP id=GDD15_08 window=XM5 reason=OOS_NOT_STRICT
2026-08-16T06:44:23+00:00 RUN_START id=GDD15_09 family=pb_pullback_depth window=IS run=gdd2p_is_gdd15_09_20260816154423_462b7d
2026-08-16T06:45:34+00:00 RUN_END id=GDD15_09 window=IS status=OK decision=IS_SURVIVOR_STRICT elapsed=70.389s
2026-08-16T06:45:34+00:00 RUN_START id=GDD15_09 family=pb_pullback_depth window=OOS run=gdd2p_oos_gdd15_09_20260816154534_3f74da
2026-08-16T06:46:24+00:00 RUN_END id=GDD15_09 window=OOS status=OK decision=OOS_REJECT elapsed=50.390s
2026-08-16T06:46:24+00:00 GATE_SKIP id=GDD15_09 window=XM5 reason=OOS_NOT_STRICT
2026-08-16T06:46:24+00:00 RUN_START id=GDD15_10 family=pb_pullback_depth window=IS run=gdd2p_is_gdd15_10_20260816154624_97016a
2026-08-16T06:47:34+00:00 RUN_END id=GDD15_10 window=IS status=OK decision=IS_SURVIVOR_STRICT elapsed=70.377s
2026-08-16T06:47:34+00:00 RUN_START id=GDD15_10 family=pb_pullback_depth window=OOS run=gdd2p_oos_gdd15_10_20260816154734_727d41
2026-08-16T06:48:25+00:00 RUN_END id=GDD15_10 window=OOS status=OK decision=OOS_REJECT elapsed=50.396s
2026-08-16T06:48:25+00:00 GATE_SKIP id=GDD15_10 window=XM5 reason=OOS_NOT_STRICT
2026-08-16T06:48:25+00:00 RUN_START id=GDD15_11 family=pb_pullback_depth window=IS run=gdd2p_is_gdd15_11_20260816154825_9bcb7d
2026-08-16T06:49:40+00:00 RUN_END id=GDD15_11 window=IS status=OK decision=IS_SURVIVOR_STRICT elapsed=75.369s
2026-08-16T06:49:40+00:00 RUN_START id=GDD15_11 family=pb_pullback_depth window=OOS run=gdd2p_oos_gdd15_11_20260816154940_51c99a
2026-08-16T06:50:31+00:00 RUN_END id=GDD15_11 window=OOS status=OK decision=OOS_REJECT elapsed=50.428s
2026-08-16T06:50:31+00:00 GATE_SKIP id=GDD15_11 window=XM5 reason=OOS_NOT_STRICT
2026-08-16T06:50:31+00:00 RUN_START id=GDD15_12 family=pb_pullback_depth window=IS run=gdd2p_is_gdd15_12_20260816155031_aef870
2026-08-16T06:51:41+00:00 RUN_END id=GDD15_12 window=IS status=OK decision=IS_REJECT elapsed=70.370s
2026-08-16T06:51:41+00:00 GATE_SKIP id=GDD15_12 window=OOS reason=IS_NOT_SURVIVOR
2026-08-16T06:51:41+00:00 GATE_SKIP id=GDD15_12 window=XM5 reason=OOS_NOT_STRICT
2026-08-16T06:51:41+00:00 RUN_START id=GDD15_13 family=pb_pullback_depth window=IS run=gdd2p_is_gdd15_13_20260816155141_fcee06
2026-08-16T06:52:56+00:00 RUN_END id=GDD15_13 window=IS status=OK decision=IS_REJECT elapsed=75.417s
2026-08-16T06:52:56+00:00 GATE_SKIP id=GDD15_13 window=OOS reason=IS_NOT_SURVIVOR
2026-08-16T06:52:56+00:00 GATE_SKIP id=GDD15_13 window=XM5 reason=OOS_NOT_STRICT
2026-08-16T06:52:56+00:00 RUN_START id=GDD15_14 family=pb_pullback_depth window=IS run=gdd2p_is_gdd15_14_20260816155256_0c2f6a
2026-08-16T06:54:12+00:00 RUN_END id=GDD15_14 window=IS status=OK decision=IS_REJECT elapsed=75.386s
2026-08-16T06:54:12+00:00 GATE_SKIP id=GDD15_14 window=OOS reason=IS_NOT_SURVIVOR
2026-08-16T06:54:12+00:00 GATE_SKIP id=GDD15_14 window=XM5 reason=OOS_NOT_STRICT
2026-08-16T06:54:12+00:00 RUN_START id=GDD15_15 family=pb_pullback_depth window=IS run=gdd2p_is_gdd15_15_20260816155412_efe522
2026-08-16T06:55:22+00:00 RUN_END id=GDD15_15 window=IS status=OK decision=IS_REJECT elapsed=70.412s
2026-08-16T06:55:22+00:00 GATE_SKIP id=GDD15_15 window=OOS reason=IS_NOT_SURVIVOR
2026-08-16T06:55:22+00:00 GATE_SKIP id=GDD15_15 window=XM5 reason=OOS_NOT_STRICT
2026-08-16T06:55:22+00:00 RUN_START id=GDD15_16 family=pb_pullback_depth window=IS run=gdd2p_is_gdd15_16_20260816155522_b8d982
2026-08-16T06:56:33+00:00 RUN_END id=GDD15_16 window=IS status=OK decision=IS_REJECT elapsed=70.383s
2026-08-16T06:56:33+00:00 GATE_SKIP id=GDD15_16 window=OOS reason=IS_NOT_SURVIVOR
2026-08-16T06:56:33+00:00 GATE_SKIP id=GDD15_16 window=XM5 reason=OOS_NOT_STRICT
2026-08-16T06:56:33+00:00 RUN_START id=GDD15_17 family=pb_pullback_depth window=IS run=gdd2p_is_gdd15_17_20260816155633_ca89ee
2026-08-16T06:57:48+00:00 RUN_END id=GDD15_17 window=IS status=OK decision=IS_REJECT elapsed=75.372s
2026-08-16T06:57:48+00:00 GATE_SKIP id=GDD15_17 window=OOS reason=IS_NOT_SURVIVOR
2026-08-16T06:57:48+00:00 GATE_SKIP id=GDD15_17 window=XM5 reason=OOS_NOT_STRICT
2026-08-16T06:57:48+00:00 RUN_START id=GDD15_18 family=pb_pullback_depth window=IS run=gdd2p_is_gdd15_18_20260816155748_9d16ae
2026-08-16T06:58:58+00:00 RUN_END id=GDD15_18 window=IS status=OK decision=IS_REJECT elapsed=70.419s
2026-08-16T06:58:58+00:00 GATE_SKIP id=GDD15_18 window=OOS reason=IS_NOT_SURVIVOR
2026-08-16T06:58:58+00:00 GATE_SKIP id=GDD15_18 window=XM5 reason=OOS_NOT_STRICT
2026-08-16T06:58:58+00:00 RUN_START id=GDD15_19 family=pb_pullback_depth window=IS run=gdd2p_is_gdd15_19_20260816155858_57a098
2026-08-16T07:00:14+00:00 RUN_END id=GDD15_19 window=IS status=OK decision=IS_REJECT elapsed=75.378s
2026-08-16T07:00:14+00:00 GATE_SKIP id=GDD15_19 window=OOS reason=IS_NOT_SURVIVOR
2026-08-16T07:00:14+00:00 GATE_SKIP id=GDD15_19 window=XM5 reason=OOS_NOT_STRICT
2026-08-16T07:00:14+00:00 RUN_START id=GDD15_20 family=pb_pullback_depth window=IS run=gdd2p_is_gdd15_20_20260816160014_594b6e
2026-08-16T07:01:29+00:00 RUN_END id=GDD15_20 window=IS status=OK decision=IS_REJECT elapsed=75.420s
2026-08-16T07:01:29+00:00 GATE_SKIP id=GDD15_20 window=OOS reason=IS_NOT_SURVIVOR
2026-08-16T07:01:29+00:00 GATE_SKIP id=GDD15_20 window=XM5 reason=OOS_NOT_STRICT
2026-08-16T07:01:29+00:00 RUN_START id=GDD16_01 family=pb_extension_cap window=IS run=gdd2p_is_gdd16_01_20260816160129_474b23
2026-08-16T07:02:40+00:00 RUN_END id=GDD16_01 window=IS status=UNVERIFIED decision=UNVERIFIED_MAGIC_GATE elapsed=70.373s
2026-08-16T07:02:40+00:00 RUN_START id=GDD16_02 family=pb_extension_cap window=IS run=gdd2p_is_gdd16_02_20260816160240_773568
2026-08-16T07:03:50+00:00 RUN_END id=GDD16_02 window=IS status=UNVERIFIED decision=UNVERIFIED_MAGIC_GATE elapsed=70.420s
2026-08-16T07:03:50+00:00 RUN_START id=GDD16_03 family=pb_extension_cap window=IS run=gdd2p_is_gdd16_03_20260816160350_5abbd7
2026-08-16T07:05:00+00:00 RUN_END id=GDD16_03 window=IS status=UNVERIFIED decision=UNVERIFIED_MAGIC_GATE elapsed=70.374s
2026-08-16T07:05:00+00:00 RUN_START id=GDD16_04 family=pb_extension_cap window=IS run=gdd2p_is_gdd16_04_20260816160500_eca2ef
2026-08-16T07:06:11+00:00 RUN_END id=GDD16_04 window=IS status=UNVERIFIED decision=UNVERIFIED_MAGIC_GATE elapsed=70.385s
2026-08-16T07:06:11+00:00 RUN_START id=GDD16_05 family=pb_extension_cap window=IS run=gdd2p_is_gdd16_05_20260816160611_29feb5
2026-08-16T07:06:11+00:00 WAIT_MT5 elapsed=0s processes=metatester64.exe
2026-08-16T07:07:12+00:00 WAIT_MT5 elapsed=62s processes=metatester64.exe
2026-08-16T07:08:14+00:00 WAIT_MT5 elapsed=123s processes=metatester64.exe
2026-08-16T07:09:15+00:00 WAIT_MT5 elapsed=184s processes=metatester64.exe
2026-08-16T07:10:16+00:00 WAIT_MT5 elapsed=246s processes=metatester64.exe
2026-08-16T07:11:18+00:00 KILL_ORPHAN_TESTER elapsed=307s
2026-08-16T07:13:33+00:00 RUN_END id=GDD16_05 window=IS status=OK decision=IS_REJECT elapsed=442.463s
2026-08-16T07:13:33+00:00 GATE_SKIP id=GDD16_05 window=OOS reason=IS_NOT_SURVIVOR
2026-08-16T07:13:33+00:00 GATE_SKIP id=GDD16_05 window=XM5 reason=OOS_NOT_STRICT
2026-08-16T07:13:33+00:00 RUN_START id=GDD16_06 family=pb_extension_cap window=IS run=gdd2p_is_gdd16_06_20260816161333_a10b1a
2026-08-16T07:14:44+00:00 RUN_END id=GDD16_06 window=IS status=OK decision=IS_REJECT elapsed=70.415s
2026-08-16T07:14:44+00:00 GATE_SKIP id=GDD16_06 window=OOS reason=IS_NOT_SURVIVOR
2026-08-16T07:14:44+00:00 GATE_SKIP id=GDD16_06 window=XM5 reason=OOS_NOT_STRICT
2026-08-16T07:14:44+00:00 RUN_START id=GDD16_07 family=pb_extension_cap window=IS run=gdd2p_is_gdd16_07_20260816161444_a2f831
2026-08-16T07:15:54+00:00 RUN_END id=GDD16_07 window=IS status=OK decision=IS_REJECT elapsed=70.404s
2026-08-16T07:15:54+00:00 GATE_SKIP id=GDD16_07 window=OOS reason=IS_NOT_SURVIVOR
2026-08-16T07:15:54+00:00 GATE_SKIP id=GDD16_07 window=XM5 reason=OOS_NOT_STRICT
2026-08-16T07:15:54+00:00 RUN_START id=GDD16_08 family=pb_extension_cap window=IS run=gdd2p_is_gdd16_08_20260816161554_c6c7e4
2026-08-16T07:17:04+00:00 RUN_END id=GDD16_08 window=IS status=OK decision=IS_REJECT elapsed=70.381s
2026-08-16T07:17:04+00:00 GATE_SKIP id=GDD16_08 window=OOS reason=IS_NOT_SURVIVOR
2026-08-16T07:17:04+00:00 GATE_SKIP id=GDD16_08 window=XM5 reason=OOS_NOT_STRICT
2026-08-16T07:17:04+00:00 RUN_START id=GDD16_09 family=pb_extension_cap window=IS run=gdd2p_is_gdd16_09_20260816161704_136ee5
2026-08-16T07:18:15+00:00 RUN_END id=GDD16_09 window=IS status=OK decision=IS_REJECT elapsed=70.383s
2026-08-16T07:18:15+00:00 GATE_SKIP id=GDD16_09 window=OOS reason=IS_NOT_SURVIVOR
2026-08-16T07:18:15+00:00 GATE_SKIP id=GDD16_09 window=XM5 reason=OOS_NOT_STRICT
2026-08-16T07:18:15+00:00 RUN_START id=GDD16_10 family=pb_extension_cap window=IS run=gdd2p_is_gdd16_10_20260816161815_6c5a5f
2026-08-16T07:19:25+00:00 RUN_END id=GDD16_10 window=IS status=OK decision=IS_SURVIVOR_TRADEOFF elapsed=70.420s
2026-08-16T07:19:25+00:00 RUN_START id=GDD16_10 family=pb_extension_cap window=OOS run=gdd2p_oos_gdd16_10_20260816161925_dff921
2026-08-16T07:20:16+00:00 RUN_END id=GDD16_10 window=OOS status=OK decision=OOS_REJECT elapsed=50.391s
2026-08-16T07:20:16+00:00 GATE_SKIP id=GDD16_10 window=XM5 reason=OOS_NOT_STRICT
2026-08-16T07:20:16+00:00 RUN_START id=GDD16_11 family=pb_extension_cap window=IS run=gdd2p_is_gdd16_11_20260816162016_69eae6
2026-08-16T07:21:26+00:00 RUN_END id=GDD16_11 window=IS status=OK decision=IS_SURVIVOR_TRADEOFF elapsed=70.378s
2026-08-16T07:21:26+00:00 RUN_START id=GDD16_11 family=pb_extension_cap window=OOS run=gdd2p_oos_gdd16_11_20260816162126_06dd39
2026-08-16T07:22:16+00:00 RUN_END id=GDD16_11 window=OOS status=OK decision=OOS_REJECT elapsed=50.393s
2026-08-16T07:22:16+00:00 GATE_SKIP id=GDD16_11 window=XM5 reason=OOS_NOT_STRICT
2026-08-16T07:22:16+00:00 RUN_START id=GDD16_12 family=pb_extension_cap window=IS run=gdd2p_is_gdd16_12_20260816162216_bc3738
2026-08-16T07:23:27+00:00 RUN_END id=GDD16_12 window=IS status=OK decision=IS_SURVIVOR_TRADEOFF elapsed=70.450s
2026-08-16T07:23:27+00:00 RUN_START id=GDD16_12 family=pb_extension_cap window=OOS run=gdd2p_oos_gdd16_12_20260816162327_b41e44
2026-08-16T07:24:17+00:00 RUN_END id=GDD16_12 window=OOS status=OK decision=OOS_REJECT elapsed=50.405s
2026-08-16T07:24:17+00:00 GATE_SKIP id=GDD16_12 window=XM5 reason=OOS_NOT_STRICT
2026-08-16T07:24:17+00:00 RUN_START id=GDD16_13 family=pb_extension_cap window=IS run=gdd2p_is_gdd16_13_20260816162417_1bdb33
2026-08-16T10:35:43+00:00 RUN_END id=GDD16_13 window=IS status=FAILED decision=RUN_FAILED elapsed=11485.804s
2026-08-16T10:35:43+00:00 RUN_START id=GDD16_14 family=pb_extension_cap window=IS run=gdd2p_is_gdd16_14_20260816193543_88d261
2026-08-16T10:37:17+00:00 RUN_END id=GDD16_14 window=IS status=OK decision=IS_REJECT elapsed=94.527s
2026-08-16T10:37:17+00:00 GATE_SKIP id=GDD16_14 window=OOS reason=IS_NOT_SURVIVOR
2026-08-16T10:37:17+00:00 GATE_SKIP id=GDD16_14 window=XM5 reason=OOS_NOT_STRICT
2026-08-16T10:37:17+00:00 RUN_START id=GDD16_15 family=pb_extension_cap window=IS run=gdd2p_is_gdd16_15_20260816193717_bc1627
2026-08-16T10:38:33+00:00 RUN_END id=GDD16_15 window=IS status=OK decision=IS_REJECT elapsed=75.591s
2026-08-16T10:38:33+00:00 GATE_SKIP id=GDD16_15 window=OOS reason=IS_NOT_SURVIVOR
2026-08-16T10:38:33+00:00 GATE_SKIP id=GDD16_15 window=XM5 reason=OOS_NOT_STRICT
2026-08-16T10:38:33+00:00 RUN_START id=GDD16_16 family=pb_extension_cap window=IS run=gdd2p_is_gdd16_16_20260816193833_75f31e
2026-08-16T10:39:49+00:00 RUN_END id=GDD16_16 window=IS status=OK decision=IS_REJECT elapsed=75.518s
2026-08-16T10:39:49+00:00 GATE_SKIP id=GDD16_16 window=OOS reason=IS_NOT_SURVIVOR
2026-08-16T10:39:49+00:00 GATE_SKIP id=GDD16_16 window=XM5 reason=OOS_NOT_STRICT
2026-08-16T10:39:49+00:00 RUN_START id=GDD16_17 family=pb_extension_cap window=IS run=gdd2p_is_gdd16_17_20260816193949_1803cc
2026-08-16T10:41:04+00:00 RUN_END id=GDD16_17 window=IS status=OK decision=IS_SURVIVOR_TRADEOFF elapsed=75.566s
2026-08-16T10:41:04+00:00 RUN_START id=GDD16_17 family=pb_extension_cap window=OOS run=gdd2p_oos_gdd16_17_20260816194104_5669ed
2026-08-16T10:41:55+00:00 RUN_END id=GDD16_17 window=OOS status=OK decision=OOS_REJECT elapsed=50.551s
2026-08-16T10:41:55+00:00 GATE_SKIP id=GDD16_17 window=XM5 reason=OOS_NOT_STRICT
2026-08-16T10:41:55+00:00 RUN_START id=GDD16_18 family=pb_extension_cap window=IS run=gdd2p_is_gdd16_18_20260816194155_25a40c
2026-08-16T10:43:10+00:00 RUN_END id=GDD16_18 window=IS status=OK decision=IS_REJECT elapsed=75.516s
2026-08-16T10:43:10+00:00 GATE_SKIP id=GDD16_18 window=OOS reason=IS_NOT_SURVIVOR
2026-08-16T10:43:10+00:00 GATE_SKIP id=GDD16_18 window=XM5 reason=OOS_NOT_STRICT
2026-08-16T10:43:10+00:00 RUN_START id=GDD16_19 family=pb_extension_cap window=IS run=gdd2p_is_gdd16_19_20260816194310_5dedc4
2026-08-16T10:44:26+00:00 RUN_END id=GDD16_19 window=IS status=OK decision=IS_SURVIVOR_TRADEOFF elapsed=75.520s
2026-08-16T10:44:26+00:00 RUN_START id=GDD16_19 family=pb_extension_cap window=OOS run=gdd2p_oos_gdd16_19_20260816194426_f8cf87
2026-08-16T10:45:16+00:00 RUN_END id=GDD16_19 window=OOS status=OK decision=OOS_REJECT elapsed=50.543s
2026-08-16T10:45:16+00:00 GATE_SKIP id=GDD16_19 window=XM5 reason=OOS_NOT_STRICT
2026-08-16T10:45:16+00:00 RUN_START id=GDD16_20 family=pb_extension_cap window=IS run=gdd2p_is_gdd16_20_20260816194516_793949
2026-08-16T10:46:27+00:00 RUN_END id=GDD16_20 window=IS status=OK decision=IS_SURVIVOR_TRADEOFF elapsed=70.483s
2026-08-16T10:46:27+00:00 RUN_START id=GDD16_20 family=pb_extension_cap window=OOS run=gdd2p_oos_gdd16_20_20260816194627_e3f837
2026-08-16T10:47:17+00:00 RUN_END id=GDD16_20 window=OOS status=OK decision=OOS_REJECT elapsed=50.520s
2026-08-16T10:47:17+00:00 GATE_SKIP id=GDD16_20 window=XM5 reason=OOS_NOT_STRICT
2026-08-16T10:47:17+00:00 RUN_START id=GDD17_01 family=pb_higher_tf window=IS run=gdd2p_is_gdd17_01_20260816194717_ea2416
2026-08-16T10:48:33+00:00 RUN_END id=GDD17_01 window=IS status=OK decision=IS_REJECT elapsed=75.408s
2026-08-16T10:48:33+00:00 GATE_SKIP id=GDD17_01 window=OOS reason=IS_NOT_SURVIVOR
2026-08-16T10:48:33+00:00 GATE_SKIP id=GDD17_01 window=XM5 reason=OOS_NOT_STRICT
2026-08-16T10:48:33+00:00 RUN_START id=GDD17_02 family=pb_higher_tf window=IS run=gdd2p_is_gdd17_02_20260816194833_a3bd27
2026-08-16T10:49:48+00:00 RUN_END id=GDD17_02 window=IS status=OK decision=IS_REJECT elapsed=75.397s
2026-08-16T10:49:48+00:00 GATE_SKIP id=GDD17_02 window=OOS reason=IS_NOT_SURVIVOR
2026-08-16T10:49:48+00:00 GATE_SKIP id=GDD17_02 window=XM5 reason=OOS_NOT_STRICT
2026-08-16T10:49:48+00:00 RUN_START id=GDD17_03 family=pb_higher_tf window=IS run=gdd2p_is_gdd17_03_20260816194948_0332ab
2026-08-16T10:51:04+00:00 RUN_END id=GDD17_03 window=IS status=OK decision=IS_REJECT elapsed=75.434s
2026-08-16T10:51:04+00:00 GATE_SKIP id=GDD17_03 window=OOS reason=IS_NOT_SURVIVOR
2026-08-16T10:51:04+00:00 GATE_SKIP id=GDD17_03 window=XM5 reason=OOS_NOT_STRICT
2026-08-16T10:51:04+00:00 RUN_START id=GDD17_04 family=pb_higher_tf window=IS run=gdd2p_is_gdd17_04_20260816195104_9a5719
2026-08-16T10:52:19+00:00 RUN_END id=GDD17_04 window=IS status=OK decision=IS_SURVIVOR_TRADEOFF elapsed=75.409s
2026-08-16T10:52:19+00:00 RUN_START id=GDD17_04 family=pb_higher_tf window=OOS run=gdd2p_oos_gdd17_04_20260816195219_a9ec6a
2026-08-16T10:53:09+00:00 RUN_END id=GDD17_04 window=OOS status=OK decision=OOS_REJECT elapsed=50.462s
2026-08-16T10:53:09+00:00 GATE_SKIP id=GDD17_04 window=XM5 reason=OOS_NOT_STRICT
2026-08-16T10:53:09+00:00 RUN_START id=GDD17_05 family=pb_higher_tf window=IS run=gdd2p_is_gdd17_05_20260816195309_0332a8
2026-08-16T10:54:25+00:00 RUN_END id=GDD17_05 window=IS status=OK decision=IS_SURVIVOR_TRADEOFF elapsed=75.400s
2026-08-16T10:54:25+00:00 RUN_START id=GDD17_05 family=pb_higher_tf window=OOS run=gdd2p_oos_gdd17_05_20260816195425_691e56
2026-08-16T10:55:15+00:00 RUN_END id=GDD17_05 window=OOS status=OK decision=OOS_REJECT elapsed=50.457s
2026-08-16T10:55:15+00:00 GATE_SKIP id=GDD17_05 window=XM5 reason=OOS_NOT_STRICT
2026-08-16T10:55:15+00:00 RUN_START id=GDD17_06 family=pb_higher_tf window=IS run=gdd2p_is_gdd17_06_20260816195515_4bbb57
2026-08-16T10:56:26+00:00 RUN_END id=GDD17_06 window=IS status=OK decision=IS_SURVIVOR_TRADEOFF elapsed=70.401s
2026-08-16T10:56:26+00:00 RUN_START id=GDD17_06 family=pb_higher_tf window=OOS run=gdd2p_oos_gdd17_06_20260816195626_881175
2026-08-16T10:57:16+00:00 RUN_END id=GDD17_06 window=OOS status=OK decision=OOS_REJECT elapsed=50.416s
2026-08-16T10:57:16+00:00 GATE_SKIP id=GDD17_06 window=XM5 reason=OOS_NOT_STRICT
2026-08-16T10:57:16+00:00 RUN_START id=GDD17_07 family=pb_higher_tf window=IS run=gdd2p_is_gdd17_07_20260816195716_12fb47
2026-08-16T10:58:27+00:00 RUN_END id=GDD17_07 window=IS status=OK decision=IS_SURVIVOR_TRADEOFF elapsed=70.404s
2026-08-16T10:58:27+00:00 RUN_START id=GDD17_07 family=pb_higher_tf window=OOS run=gdd2p_oos_gdd17_07_20260816195827_c13a56
2026-08-16T10:59:17+00:00 RUN_END id=GDD17_07 window=OOS status=OK decision=OOS_REJECT elapsed=50.415s
2026-08-16T10:59:17+00:00 GATE_SKIP id=GDD17_07 window=XM5 reason=OOS_NOT_STRICT
2026-08-16T10:59:17+00:00 RUN_START id=GDD17_08 family=pb_higher_tf window=IS run=gdd2p_is_gdd17_08_20260816195917_29eea8
2026-08-16T11:00:27+00:00 RUN_END id=GDD17_08 window=IS status=OK decision=IS_REJECT elapsed=70.400s
2026-08-16T11:00:27+00:00 GATE_SKIP id=GDD17_08 window=OOS reason=IS_NOT_SURVIVOR
2026-08-16T11:00:27+00:00 GATE_SKIP id=GDD17_08 window=XM5 reason=OOS_NOT_STRICT
2026-08-16T11:00:27+00:00 RUN_START id=GDD17_09 family=pb_higher_tf window=IS run=gdd2p_is_gdd17_09_20260816200027_f9231e
2026-08-16T11:01:38+00:00 RUN_END id=GDD17_09 window=IS status=OK decision=IS_REJECT elapsed=70.393s
2026-08-16T11:01:38+00:00 GATE_SKIP id=GDD17_09 window=OOS reason=IS_NOT_SURVIVOR
2026-08-16T11:01:38+00:00 GATE_SKIP id=GDD17_09 window=XM5 reason=OOS_NOT_STRICT
2026-08-16T11:01:38+00:00 RUN_START id=GDD17_10 family=pb_higher_tf window=IS run=gdd2p_is_gdd17_10_20260816200138_6c5b7f
2026-08-16T11:02:53+00:00 RUN_END id=GDD17_10 window=IS status=OK decision=IS_REJECT elapsed=75.379s
2026-08-16T11:02:53+00:00 GATE_SKIP id=GDD17_10 window=OOS reason=IS_NOT_SURVIVOR
2026-08-16T11:02:53+00:00 GATE_SKIP id=GDD17_10 window=XM5 reason=OOS_NOT_STRICT
2026-08-16T11:02:53+00:00 RUN_START id=GDD17_11 family=pb_higher_tf window=IS run=gdd2p_is_gdd17_11_20260816200253_3636d7
2026-08-16T11:04:04+00:00 RUN_END id=GDD17_11 window=IS status=OK decision=IS_REJECT elapsed=70.428s
2026-08-16T11:04:04+00:00 GATE_SKIP id=GDD17_11 window=OOS reason=IS_NOT_SURVIVOR
2026-08-16T11:04:04+00:00 GATE_SKIP id=GDD17_11 window=XM5 reason=OOS_NOT_STRICT
2026-08-16T11:04:04+00:00 RUN_START id=GDD17_12 family=pb_higher_tf window=IS run=gdd2p_is_gdd17_12_20260816200404_7b375e
2026-08-16T11:05:14+00:00 RUN_END id=GDD17_12 window=IS status=OK decision=IS_REJECT elapsed=70.385s
2026-08-16T11:05:14+00:00 GATE_SKIP id=GDD17_12 window=OOS reason=IS_NOT_SURVIVOR
2026-08-16T11:05:14+00:00 GATE_SKIP id=GDD17_12 window=XM5 reason=OOS_NOT_STRICT
2026-08-16T11:05:14+00:00 RUN_START id=GDD17_13 family=pb_higher_tf window=IS run=gdd2p_is_gdd17_13_20260816200514_5a434b
2026-08-16T11:06:24+00:00 RUN_END id=GDD17_13 window=IS status=OK decision=IS_REJECT elapsed=70.379s
2026-08-16T11:06:24+00:00 GATE_SKIP id=GDD17_13 window=OOS reason=IS_NOT_SURVIVOR
2026-08-16T11:06:24+00:00 GATE_SKIP id=GDD17_13 window=XM5 reason=OOS_NOT_STRICT
2026-08-16T11:06:24+00:00 RUN_START id=GDD17_14 family=pb_higher_tf window=IS run=gdd2p_is_gdd17_14_20260816200624_b7349a
2026-08-16T11:07:40+00:00 RUN_END id=GDD17_14 window=IS status=OK decision=IS_REJECT elapsed=75.423s
2026-08-16T11:07:40+00:00 GATE_SKIP id=GDD17_14 window=OOS reason=IS_NOT_SURVIVOR
2026-08-16T11:07:40+00:00 GATE_SKIP id=GDD17_14 window=XM5 reason=OOS_NOT_STRICT
2026-08-16T11:07:40+00:00 RUN_START id=GDD17_15 family=pb_higher_tf window=IS run=gdd2p_is_gdd17_15_20260816200740_3eb206
2026-08-16T11:08:55+00:00 RUN_END id=GDD17_15 window=IS status=OK decision=IS_REJECT elapsed=75.391s
2026-08-16T11:08:55+00:00 GATE_SKIP id=GDD17_15 window=OOS reason=IS_NOT_SURVIVOR
2026-08-16T11:08:55+00:00 GATE_SKIP id=GDD17_15 window=XM5 reason=OOS_NOT_STRICT
2026-08-16T11:08:55+00:00 RUN_START id=GDD17_16 family=pb_higher_tf window=IS run=gdd2p_is_gdd17_16_20260816200855_d7179f
2026-08-16T11:10:06+00:00 RUN_END id=GDD17_16 window=IS status=OK decision=IS_REJECT elapsed=70.388s
2026-08-16T11:10:06+00:00 GATE_SKIP id=GDD17_16 window=OOS reason=IS_NOT_SURVIVOR
2026-08-16T11:10:06+00:00 GATE_SKIP id=GDD17_16 window=XM5 reason=OOS_NOT_STRICT
2026-08-16T11:10:06+00:00 RUN_START id=GDD17_17 family=pb_higher_tf window=IS run=gdd2p_is_gdd17_17_20260816201006_1b003a
2026-08-16T11:11:16+00:00 RUN_END id=GDD17_17 window=IS status=OK decision=IS_REJECT elapsed=70.427s
2026-08-16T11:11:16+00:00 GATE_SKIP id=GDD17_17 window=OOS reason=IS_NOT_SURVIVOR
2026-08-16T11:11:16+00:00 GATE_SKIP id=GDD17_17 window=XM5 reason=OOS_NOT_STRICT
2026-08-16T11:11:16+00:00 RUN_START id=GDD17_18 family=pb_higher_tf window=IS run=gdd2p_is_gdd17_18_20260816201116_766d8c
2026-08-16T11:12:26+00:00 RUN_END id=GDD17_18 window=IS status=OK decision=IS_SURVIVOR_TRADEOFF elapsed=70.405s
2026-08-16T11:12:26+00:00 RUN_START id=GDD17_18 family=pb_higher_tf window=OOS run=gdd2p_oos_gdd17_18_20260816201226_32dea3
2026-08-16T11:13:17+00:00 RUN_END id=GDD17_18 window=OOS status=OK decision=OOS_REJECT elapsed=50.412s
2026-08-16T11:13:17+00:00 GATE_SKIP id=GDD17_18 window=XM5 reason=OOS_NOT_STRICT
2026-08-16T11:13:17+00:00 RUN_START id=GDD17_19 family=pb_higher_tf window=IS run=gdd2p_is_gdd17_19_20260816201317_cbc811
2026-08-16T11:14:27+00:00 RUN_END id=GDD17_19 window=IS status=OK decision=IS_SURVIVOR_TRADEOFF elapsed=70.387s
2026-08-16T11:14:27+00:00 RUN_START id=GDD17_19 family=pb_higher_tf window=OOS run=gdd2p_oos_gdd17_19_20260816201427_b87ac8
2026-08-16T11:15:18+00:00 RUN_END id=GDD17_19 window=OOS status=OK decision=OOS_REJECT elapsed=50.412s
2026-08-16T11:15:18+00:00 GATE_SKIP id=GDD17_19 window=XM5 reason=OOS_NOT_STRICT
2026-08-16T11:15:18+00:00 RUN_START id=GDD17_20 family=pb_higher_tf window=IS run=gdd2p_is_gdd17_20_20260816201518_8914c1
2026-08-16T11:16:28+00:00 RUN_END id=GDD17_20 window=IS status=OK decision=IS_SURVIVOR_TRADEOFF elapsed=70.387s
2026-08-16T11:16:28+00:00 RUN_START id=GDD17_20 family=pb_higher_tf window=OOS run=gdd2p_oos_gdd17_20_20260816201628_01bd78
2026-08-16T11:17:18+00:00 RUN_END id=GDD17_20 window=OOS status=OK decision=OOS_REJECT elapsed=50.418s
2026-08-16T11:17:18+00:00 GATE_SKIP id=GDD17_20 window=XM5 reason=OOS_NOT_STRICT
2026-08-16T11:17:18+00:00 RUN_START id=GDD18_01 family=pb_hold_limit window=IS run=gdd2p_is_gdd18_01_20260816201718_a9a2f5
2026-08-16T11:19:04+00:00 RUN_END id=GDD18_01 window=IS status=OK decision=IS_REJECT elapsed=105.409s
2026-08-16T11:19:04+00:00 GATE_SKIP id=GDD18_01 window=OOS reason=IS_NOT_SURVIVOR
2026-08-16T11:19:04+00:00 GATE_SKIP id=GDD18_01 window=XM5 reason=OOS_NOT_STRICT
2026-08-16T11:19:04+00:00 RUN_START id=GDD18_02 family=pb_hold_limit window=IS run=gdd2p_is_gdd18_02_20260816201904_056fe6
2026-08-16T11:20:49+00:00 RUN_END id=GDD18_02 window=IS status=OK decision=IS_REJECT elapsed=105.451s
2026-08-16T11:20:49+00:00 GATE_SKIP id=GDD18_02 window=OOS reason=IS_NOT_SURVIVOR
2026-08-16T11:20:49+00:00 GATE_SKIP id=GDD18_02 window=XM5 reason=OOS_NOT_STRICT
2026-08-16T11:20:49+00:00 RUN_START id=GDD18_03 family=pb_hold_limit window=IS run=gdd2p_is_gdd18_03_20260816202049_4852ec
2026-08-16T11:22:35+00:00 RUN_END id=GDD18_03 window=IS status=OK decision=IS_REJECT elapsed=105.438s
2026-08-16T11:22:35+00:00 GATE_SKIP id=GDD18_03 window=OOS reason=IS_NOT_SURVIVOR
2026-08-16T11:22:35+00:00 GATE_SKIP id=GDD18_03 window=XM5 reason=OOS_NOT_STRICT
2026-08-16T11:22:35+00:00 RUN_START id=GDD18_04 family=pb_hold_limit window=IS run=gdd2p_is_gdd18_04_20260816202235_04f69f
2026-08-16T11:24:20+00:00 RUN_END id=GDD18_04 window=IS status=OK decision=IS_REJECT elapsed=105.455s
2026-08-16T11:24:20+00:00 GATE_SKIP id=GDD18_04 window=OOS reason=IS_NOT_SURVIVOR
2026-08-16T11:24:20+00:00 GATE_SKIP id=GDD18_04 window=XM5 reason=OOS_NOT_STRICT
2026-08-16T11:24:20+00:00 RUN_START id=GDD18_05 family=pb_hold_limit window=IS run=gdd2p_is_gdd18_05_20260816202420_335519
2026-08-16T11:26:11+00:00 RUN_END id=GDD18_05 window=IS status=OK decision=IS_REJECT elapsed=110.440s
2026-08-16T11:26:11+00:00 GATE_SKIP id=GDD18_05 window=OOS reason=IS_NOT_SURVIVOR
2026-08-16T11:26:11+00:00 GATE_SKIP id=GDD18_05 window=XM5 reason=OOS_NOT_STRICT
2026-08-16T11:26:11+00:00 RUN_START id=GDD18_06 family=pb_hold_limit window=IS run=gdd2p_is_gdd18_06_20260816202611_87856d
2026-08-16T11:28:01+00:00 RUN_END id=GDD18_06 window=IS status=OK decision=IS_REJECT elapsed=110.444s
2026-08-16T11:28:01+00:00 GATE_SKIP id=GDD18_06 window=OOS reason=IS_NOT_SURVIVOR
2026-08-16T11:28:01+00:00 GATE_SKIP id=GDD18_06 window=XM5 reason=OOS_NOT_STRICT
2026-08-16T11:28:01+00:00 RUN_START id=GDD18_07 family=pb_hold_limit window=IS run=gdd2p_is_gdd18_07_20260816202801_50b3b5
2026-08-16T11:29:52+00:00 RUN_END id=GDD18_07 window=IS status=OK decision=IS_REJECT elapsed=110.443s
2026-08-16T11:29:52+00:00 GATE_SKIP id=GDD18_07 window=OOS reason=IS_NOT_SURVIVOR
2026-08-16T11:29:52+00:00 GATE_SKIP id=GDD18_07 window=XM5 reason=OOS_NOT_STRICT
2026-08-16T11:29:52+00:00 RUN_START id=GDD18_08 family=pb_hold_limit window=IS run=gdd2p_is_gdd18_08_20260816202952_90ef4c
2026-08-16T11:31:42+00:00 RUN_END id=GDD18_08 window=IS status=OK decision=IS_REJECT elapsed=110.444s
2026-08-16T11:31:42+00:00 GATE_SKIP id=GDD18_08 window=OOS reason=IS_NOT_SURVIVOR
2026-08-16T11:31:42+00:00 GATE_SKIP id=GDD18_08 window=XM5 reason=OOS_NOT_STRICT
2026-08-16T11:31:42+00:00 RUN_START id=GDD18_09 family=pb_hold_limit window=IS run=gdd2p_is_gdd18_09_20260816203142_0d806a
2026-08-16T11:33:32+00:00 RUN_END id=GDD18_09 window=IS status=OK decision=IS_REJECT elapsed=110.446s
2026-08-16T11:33:32+00:00 GATE_SKIP id=GDD18_09 window=OOS reason=IS_NOT_SURVIVOR
2026-08-16T11:33:32+00:00 GATE_SKIP id=GDD18_09 window=XM5 reason=OOS_NOT_STRICT
2026-08-16T11:33:32+00:00 RUN_START id=GDD18_10 family=pb_hold_limit window=IS run=gdd2p_is_gdd18_10_20260816203332_dbcddd
2026-08-16T11:35:23+00:00 RUN_END id=GDD18_10 window=IS status=OK decision=IS_REJECT elapsed=110.448s
2026-08-16T11:35:23+00:00 GATE_SKIP id=GDD18_10 window=OOS reason=IS_NOT_SURVIVOR
2026-08-16T11:35:23+00:00 GATE_SKIP id=GDD18_10 window=XM5 reason=OOS_NOT_STRICT
2026-08-16T11:35:23+00:00 RUN_START id=GDD18_11 family=pb_hold_limit window=IS run=gdd2p_is_gdd18_11_20260816203523_1f30cb
2026-08-16T11:37:13+00:00 RUN_END id=GDD18_11 window=IS status=OK decision=IS_REJECT elapsed=110.446s
2026-08-16T11:37:13+00:00 GATE_SKIP id=GDD18_11 window=OOS reason=IS_NOT_SURVIVOR
2026-08-16T11:37:13+00:00 GATE_SKIP id=GDD18_11 window=XM5 reason=OOS_NOT_STRICT
2026-08-16T11:37:13+00:00 RUN_START id=GDD18_12 family=pb_hold_limit window=IS run=gdd2p_is_gdd18_12_20260816203713_390d27
2026-08-16T11:39:04+00:00 RUN_END id=GDD18_12 window=IS status=OK decision=IS_SURVIVOR_TRADEOFF elapsed=110.414s
2026-08-16T11:39:04+00:00 RUN_START id=GDD18_12 family=pb_hold_limit window=OOS run=gdd2p_oos_gdd18_12_20260816203904_096267
2026-08-16T11:40:19+00:00 RUN_END id=GDD18_12 window=OOS status=OK decision=OOS_REJECT elapsed=75.454s
2026-08-16T11:40:19+00:00 GATE_SKIP id=GDD18_12 window=XM5 reason=OOS_NOT_STRICT
2026-08-16T11:40:19+00:00 RUN_START id=GDD18_13 family=pb_hold_limit window=IS run=gdd2p_is_gdd18_13_20260816204019_eff56d
2026-08-16T11:42:10+00:00 RUN_END id=GDD18_13 window=IS status=OK decision=IS_SURVIVOR_STRICT elapsed=110.450s
2026-08-16T11:42:10+00:00 RUN_START id=GDD18_13 family=pb_hold_limit window=OOS run=gdd2p_oos_gdd18_13_20260816204210_c33bb4
2026-08-16T11:43:25+00:00 RUN_END id=GDD18_13 window=OOS status=OK decision=OOS_STRICT_PASS elapsed=75.469s
2026-08-16T11:43:25+00:00 RUN_START id=GDD18_13 family=pb_hold_limit window=XM5 run=gdd2p_xm5_gdd18_13_20260816204325_71dd26
2026-08-16T11:53:01+00:00 RUN_END id=GDD18_13 window=XM5 status=OK decision=XM5_MEASURED elapsed=575.448s
2026-08-16T11:53:01+00:00 RUN_START id=GDD18_14 family=pb_hold_limit window=IS run=gdd2p_is_gdd18_14_20260816205301_03e8c4
2026-08-16T11:53:01+00:00 WAIT_MT5 elapsed=0s processes=metatester64.exe
2026-08-16T11:54:02+00:00 WAIT_MT5 elapsed=62s processes=metatester64.exe
2026-08-16T11:55:04+00:00 WAIT_MT5 elapsed=123s processes=metatester64.exe
2026-08-16T11:56:05+00:00 WAIT_MT5 elapsed=184s processes=metatester64.exe
2026-08-16T11:57:06+00:00 WAIT_MT5 elapsed=246s processes=metatester64.exe
2026-08-16T11:58:08+00:00 KILL_ORPHAN_TESTER elapsed=307s
2026-08-16T12:00:18+00:00 RUN_END id=GDD18_14 window=IS status=OK decision=IS_SURVIVOR_STRICT elapsed=437.576s
2026-08-16T12:00:18+00:00 RUN_START id=GDD18_14 family=pb_hold_limit window=OOS run=gdd2p_oos_gdd18_14_20260816210018_c8c720
2026-08-16T12:01:34+00:00 RUN_END id=GDD18_14 window=OOS status=OK decision=OOS_STRICT_PASS elapsed=75.481s
2026-08-16T12:01:34+00:00 RUN_START id=GDD18_14 family=pb_hold_limit window=XM5 run=gdd2p_xm5_gdd18_14_20260816210134_d1099a
2026-08-16T12:11:14+00:00 RUN_END id=GDD18_14 window=XM5 status=OK decision=XM5_MEASURED elapsed=580.418s
2026-08-16T12:11:14+00:00 RUN_START id=GDD18_15 family=pb_hold_limit window=IS run=gdd2p_is_gdd18_15_20260816211114_9a26c5
2026-08-16T12:11:14+00:00 WAIT_MT5 elapsed=0s processes=metatester64.exe
2026-08-16T12:12:16+00:00 WAIT_MT5 elapsed=62s processes=metatester64.exe
2026-08-16T12:13:17+00:00 WAIT_MT5 elapsed=123s processes=metatester64.exe
2026-08-16T12:14:18+00:00 WAIT_MT5 elapsed=184s processes=metatester64.exe
2026-08-16T12:15:20+00:00 WAIT_MT5 elapsed=246s processes=metatester64.exe
2026-08-16T12:16:21+00:00 KILL_ORPHAN_TESTER elapsed=307s
2026-08-16T12:18:32+00:00 RUN_END id=GDD18_15 window=IS status=OK decision=IS_SURVIVOR_STRICT elapsed=437.523s
2026-08-16T12:18:32+00:00 RUN_START id=GDD18_15 family=pb_hold_limit window=OOS run=gdd2p_oos_gdd18_15_20260816211832_3ab879
2026-08-16T12:19:47+00:00 RUN_END id=GDD18_15 window=OOS status=OK decision=OOS_STRICT_PASS elapsed=75.436s
2026-08-16T12:19:47+00:00 RUN_START id=GDD18_15 family=pb_hold_limit window=XM5 run=gdd2p_xm5_gdd18_15_20260816211947_97175d
2026-08-16T12:29:27+00:00 RUN_END id=GDD18_15 window=XM5 status=OK decision=XM5_MEASURED elapsed=580.448s
2026-08-16T12:29:27+00:00 RUN_START id=GDD18_16 family=pb_hold_limit window=IS run=gdd2p_is_gdd18_16_20260816212927_05688d
2026-08-16T12:29:28+00:00 WAIT_MT5 elapsed=0s processes=metatester64.exe
2026-08-16T12:30:29+00:00 WAIT_MT5 elapsed=62s processes=metatester64.exe
2026-08-16T12:31:30+00:00 WAIT_MT5 elapsed=123s processes=metatester64.exe
2026-08-16T12:32:32+00:00 WAIT_MT5 elapsed=184s processes=metatester64.exe
2026-08-16T12:33:33+00:00 WAIT_MT5 elapsed=246s processes=metatester64.exe
2026-08-16T12:34:34+00:00 KILL_ORPHAN_TESTER elapsed=307s
2026-08-16T12:36:45+00:00 RUN_END id=GDD18_16 window=IS status=OK decision=IS_SURVIVOR_STRICT elapsed=437.365s
2026-08-16T12:36:45+00:00 RUN_START id=GDD18_16 family=pb_hold_limit window=OOS run=gdd2p_oos_gdd18_16_20260816213645_4bf948
2026-08-16T12:38:00+00:00 RUN_END id=GDD18_16 window=OOS status=OK decision=OOS_STRICT_PASS elapsed=75.398s
2026-08-16T12:38:00+00:00 RUN_START id=GDD18_16 family=pb_hold_limit window=XM5 run=gdd2p_xm5_gdd18_16_20260816213800_9f7db3
2026-08-16T12:47:31+00:00 RUN_END id=GDD18_16 window=XM5 status=OK decision=XM5_MEASURED elapsed=570.427s
2026-08-16T12:47:31+00:00 RUN_START id=GDD18_17 family=pb_hold_limit window=IS run=gdd2p_is_gdd18_17_20260816214731_ca47db
2026-08-16T12:47:31+00:00 WAIT_MT5 elapsed=0s processes=metatester64.exe
2026-08-16T12:48:32+00:00 WAIT_MT5 elapsed=62s processes=metatester64.exe
2026-08-16T12:49:34+00:00 WAIT_MT5 elapsed=123s processes=metatester64.exe
2026-08-16T12:50:35+00:00 WAIT_MT5 elapsed=184s processes=metatester64.exe
2026-08-16T12:51:36+00:00 WAIT_MT5 elapsed=246s processes=metatester64.exe
2026-08-16T12:52:38+00:00 KILL_ORPHAN_TESTER elapsed=307s
2026-08-16T12:54:53+00:00 RUN_END id=GDD18_17 window=IS status=OK decision=IS_SURVIVOR_STRICT elapsed=442.275s
2026-08-16T12:54:53+00:00 RUN_START id=GDD18_17 family=pb_hold_limit window=OOS run=gdd2p_oos_gdd18_17_20260816215453_875ec0
2026-08-16T12:56:08+00:00 RUN_END id=GDD18_17 window=OOS status=OK decision=OOS_STRICT_PASS elapsed=75.398s
2026-08-16T12:56:08+00:00 RUN_START id=GDD18_17 family=pb_hold_limit window=XM5 run=gdd2p_xm5_gdd18_17_20260816215608_c82eb7
2026-08-16T13:05:49+00:00 RUN_END id=GDD18_17 window=XM5 status=OK decision=XM5_MEASURED elapsed=580.449s
2026-08-16T13:05:49+00:00 RUN_START id=GDD18_18 family=pb_hold_limit window=IS run=gdd2p_is_gdd18_18_20260816220549_8eaf09
2026-08-16T13:05:49+00:00 WAIT_MT5 elapsed=0s processes=metatester64.exe
2026-08-16T13:06:50+00:00 WAIT_MT5 elapsed=62s processes=metatester64.exe
2026-08-16T13:07:52+00:00 WAIT_MT5 elapsed=123s processes=metatester64.exe
2026-08-16T13:08:53+00:00 WAIT_MT5 elapsed=184s processes=metatester64.exe
2026-08-16T13:09:54+00:00 WAIT_MT5 elapsed=246s processes=metatester64.exe
2026-08-16T13:10:56+00:00 KILL_ORPHAN_TESTER elapsed=307s
2026-08-16T13:13:06+00:00 RUN_END id=GDD18_18 window=IS status=OK decision=IS_SURVIVOR_STRICT elapsed=437.341s
2026-08-16T13:13:06+00:00 RUN_START id=GDD18_18 family=pb_hold_limit window=OOS run=gdd2p_oos_gdd18_18_20260816221306_142b41
2026-08-16T13:14:22+00:00 RUN_END id=GDD18_18 window=OOS status=OK decision=OOS_STRICT_PASS elapsed=75.436s
2026-08-16T13:14:22+00:00 RUN_START id=GDD18_18 family=pb_hold_limit window=XM5 run=gdd2p_xm5_gdd18_18_20260816221422_a522a5
2026-08-16T13:24:52+00:00 RUN_END id=GDD18_18 window=XM5 status=OK decision=XM5_MEASURED elapsed=630.466s
2026-08-16T13:24:52+00:00 RUN_START id=GDD18_19 family=pb_hold_limit window=IS run=gdd2p_is_gdd18_19_20260816222452_fa5e14
2026-08-16T13:24:53+00:00 WAIT_MT5 elapsed=1s processes=metatester64.exe
2026-08-16T13:25:54+00:00 WAIT_MT5 elapsed=62s processes=metatester64.exe
2026-08-16T13:26:56+00:00 WAIT_MT5 elapsed=124s processes=metatester64.exe
2026-08-16T13:27:58+00:00 WAIT_MT5 elapsed=186s processes=metatester64.exe
2026-08-16T13:28:59+00:00 WAIT_MT5 elapsed=247s processes=metatester64.exe
2026-08-16T13:30:01+00:00 KILL_ORPHAN_TESTER elapsed=309s
2026-08-16T13:32:12+00:00 RUN_END id=GDD18_19 window=IS status=OK decision=IS_SURVIVOR_STRICT elapsed=439.747s
2026-08-16T13:32:12+00:00 RUN_START id=GDD18_19 family=pb_hold_limit window=OOS run=gdd2p_oos_gdd18_19_20260816223212_3ad52b
2026-08-16T13:32:12+00:00 WAIT_MT5 elapsed=0s processes=metatester64.exe
2026-08-16T13:33:14+00:00 WAIT_MT5 elapsed=62s processes=metatester64.exe
2026-08-16T13:34:16+00:00 WAIT_MT5 elapsed=124s processes=metatester64.exe
2026-08-16T13:35:17+00:00 WAIT_MT5 elapsed=186s processes=metatester64.exe
2026-08-16T13:36:19+00:00 WAIT_MT5 elapsed=248s processes=metatester64.exe
2026-08-16T13:37:21+00:00 KILL_ORPHAN_TESTER elapsed=309s
2026-08-16T13:38:52+00:00 RUN_END id=GDD18_19 window=OOS status=OK decision=OOS_STRICT_PASS elapsed=399.971s
2026-08-16T13:38:52+00:00 RUN_START id=GDD18_19 family=pb_hold_limit window=XM5 run=gdd2p_xm5_gdd18_19_20260816223852_817869
2026-08-16T13:49:02+00:00 RUN_END id=GDD18_19 window=XM5 status=OK decision=XM5_MEASURED elapsed=610.543s
2026-08-16T13:49:02+00:00 RUN_START id=GDD18_20 family=pb_hold_limit window=IS run=gdd2p_is_gdd18_20_20260816224902_f2e3f3
2026-08-16T13:49:03+00:00 WAIT_MT5 elapsed=1s processes=metatester64.exe
2026-08-16T13:50:05+00:00 WAIT_MT5 elapsed=62s processes=metatester64.exe
2026-08-16T13:51:07+00:00 WAIT_MT5 elapsed=124s processes=metatester64.exe
2026-08-16T13:52:08+00:00 WAIT_MT5 elapsed=186s processes=metatester64.exe
2026-08-16T13:53:10+00:00 WAIT_MT5 elapsed=248s processes=metatester64.exe
2026-08-16T13:54:12+00:00 KILL_ORPHAN_TESTER elapsed=310s
2026-08-16T13:56:23+00:00 RUN_END id=GDD18_20 window=IS status=OK decision=IS_SURVIVOR_STRICT elapsed=440.294s
2026-08-16T13:56:23+00:00 RUN_START id=GDD18_20 family=pb_hold_limit window=OOS run=gdd2p_oos_gdd18_20_20260816225623_7789c3
2026-08-16T13:57:43+00:00 RUN_END id=GDD18_20 window=OOS status=OK decision=OOS_STRICT_PASS elapsed=80.548s
2026-08-16T13:57:43+00:00 RUN_START id=GDD18_20 family=pb_hold_limit window=XM5 run=gdd2p_xm5_gdd18_20_20260816225743_7d62c8
2026-08-16T14:07:44+00:00 RUN_END id=GDD18_20 window=XM5 status=OK decision=XM5_MEASURED elapsed=600.610s
2026-08-16T14:07:44+00:00 RUN_START id=GDD19_01 family=pb_breakeven window=IS run=gdd2p_is_gdd19_01_20260816230744_18cdbe
2026-08-16T14:07:44+00:00 WAIT_MT5 elapsed=1s processes=metatester64.exe
2026-08-16T14:08:46+00:00 WAIT_MT5 elapsed=62s processes=metatester64.exe
2026-08-16T14:09:48+00:00 WAIT_MT5 elapsed=124s processes=metatester64.exe
2026-08-16T14:10:50+00:00 WAIT_MT5 elapsed=186s processes=metatester64.exe
2026-08-16T14:11:51+00:00 WAIT_MT5 elapsed=248s processes=metatester64.exe
2026-08-16T14:12:53+00:00 KILL_ORPHAN_TESTER elapsed=309s
2026-08-16T14:15:04+00:00 RUN_END id=GDD19_01 window=IS status=OK decision=IS_REJECT elapsed=439.927s
2026-08-16T14:15:04+00:00 GATE_SKIP id=GDD19_01 window=OOS reason=IS_NOT_SURVIVOR
2026-08-16T14:15:04+00:00 GATE_SKIP id=GDD19_01 window=XM5 reason=OOS_NOT_STRICT
2026-08-16T14:15:04+00:00 RUN_START id=GDD19_02 family=pb_breakeven window=IS run=gdd2p_is_gdd19_02_20260816231504_a25848
2026-08-16T14:16:54+00:00 RUN_END id=GDD19_02 window=IS status=OK decision=IS_REJECT elapsed=110.537s
2026-08-16T14:16:54+00:00 GATE_SKIP id=GDD19_02 window=OOS reason=IS_NOT_SURVIVOR
2026-08-16T14:16:54+00:00 GATE_SKIP id=GDD19_02 window=XM5 reason=OOS_NOT_STRICT
2026-08-16T14:16:54+00:00 RUN_START id=GDD19_03 family=pb_breakeven window=IS run=gdd2p_is_gdd19_03_20260816231654_710c6b
2026-08-16T14:18:40+00:00 RUN_END id=GDD19_03 window=IS status=OK decision=IS_SURVIVOR_TRADEOFF elapsed=105.505s
2026-08-16T14:18:40+00:00 RUN_START id=GDD19_03 family=pb_breakeven window=OOS run=gdd2p_oos_gdd19_03_20260816231840_fffae6
2026-08-16T14:19:55+00:00 RUN_END id=GDD19_03 window=OOS status=OK decision=OOS_REJECT elapsed=75.625s
2026-08-16T14:19:55+00:00 GATE_SKIP id=GDD19_03 window=XM5 reason=OOS_NOT_STRICT
2026-08-16T14:19:55+00:00 RUN_START id=GDD19_04 family=pb_breakeven window=IS run=gdd2p_is_gdd19_04_20260816231955_9c1bf6
2026-08-16T14:21:51+00:00 RUN_END id=GDD19_04 window=IS status=OK decision=IS_SURVIVOR_TRADEOFF elapsed=115.512s
2026-08-16T14:21:51+00:00 RUN_START id=GDD19_04 family=pb_breakeven window=OOS run=gdd2p_oos_gdd19_04_20260816232151_edcc70
2026-08-16T14:23:06+00:00 RUN_END id=GDD19_04 window=OOS status=OK decision=OOS_REJECT elapsed=75.567s
2026-08-16T14:23:06+00:00 GATE_SKIP id=GDD19_04 window=XM5 reason=OOS_NOT_STRICT
2026-08-16T14:23:06+00:00 RUN_START id=GDD19_05 family=pb_breakeven window=IS run=gdd2p_is_gdd19_05_20260816232306_42adae
2026-08-16T14:24:57+00:00 RUN_END id=GDD19_05 window=IS status=OK decision=IS_SURVIVOR_TRADEOFF elapsed=110.493s
2026-08-16T14:24:57+00:00 RUN_START id=GDD19_05 family=pb_breakeven window=OOS run=gdd2p_oos_gdd19_05_20260816232457_8e2fa2
2026-08-16T14:26:13+00:00 RUN_END id=GDD19_05 window=OOS status=OK decision=OOS_REJECT elapsed=75.539s
2026-08-16T14:26:13+00:00 GATE_SKIP id=GDD19_05 window=XM5 reason=OOS_NOT_STRICT
2026-08-16T14:26:13+00:00 RUN_START id=GDD19_06 family=pb_breakeven window=IS run=gdd2p_is_gdd19_06_20260816232613_f1d20a
2026-08-16T14:28:08+00:00 RUN_END id=GDD19_06 window=IS status=OK decision=IS_SURVIVOR_TRADEOFF elapsed=115.538s
2026-08-16T14:28:08+00:00 RUN_START id=GDD19_06 family=pb_breakeven window=OOS run=gdd2p_oos_gdd19_06_20260816232808_16d109
2026-08-16T14:29:24+00:00 RUN_END id=GDD19_06 window=OOS status=OK decision=OOS_REJECT elapsed=75.535s
2026-08-16T14:29:24+00:00 GATE_SKIP id=GDD19_06 window=XM5 reason=OOS_NOT_STRICT
2026-08-16T14:29:24+00:00 RUN_START id=GDD19_07 family=pb_breakeven window=IS run=gdd2p_is_gdd19_07_20260816232924_e9eddd
2026-08-16T14:31:14+00:00 RUN_END id=GDD19_07 window=IS status=OK decision=IS_SURVIVOR_TRADEOFF elapsed=110.550s
2026-08-16T14:31:14+00:00 RUN_START id=GDD19_07 family=pb_breakeven window=OOS run=gdd2p_oos_gdd19_07_20260816233114_868aae
2026-08-16T14:32:25+00:00 RUN_END id=GDD19_07 window=OOS status=OK decision=OOS_REJECT elapsed=70.499s
2026-08-16T14:32:25+00:00 GATE_SKIP id=GDD19_07 window=XM5 reason=OOS_NOT_STRICT
2026-08-16T14:32:25+00:00 RUN_START id=GDD19_08 family=pb_breakeven window=IS run=gdd2p_is_gdd19_08_20260816233225_ebc17f
2026-08-16T14:32:25+00:00 WAIT_MT5 elapsed=0s processes=metatester64.exe
2026-08-16T14:33:27+00:00 WAIT_MT5 elapsed=62s processes=metatester64.exe
2026-08-16T14:34:29+00:00 WAIT_MT5 elapsed=124s processes=metatester64.exe
2026-08-16T14:35:30+00:00 WAIT_MT5 elapsed=186s processes=metatester64.exe
2026-08-16T14:36:32+00:00 WAIT_MT5 elapsed=247s processes=metatester64.exe
2026-08-16T14:37:34+00:00 KILL_ORPHAN_TESTER elapsed=309s
2026-08-16T14:39:39+00:00 RUN_END id=GDD19_08 window=IS status=OK decision=IS_SURVIVOR_TRADEOFF elapsed=434.673s
2026-08-16T14:39:39+00:00 RUN_START id=GDD19_08 family=pb_breakeven window=OOS run=gdd2p_oos_gdd19_08_20260816233939_0b7ac7
2026-08-16T14:40:55+00:00 RUN_END id=GDD19_08 window=OOS status=OK decision=OOS_REJECT elapsed=75.570s
2026-08-16T14:40:55+00:00 GATE_SKIP id=GDD19_08 window=XM5 reason=OOS_NOT_STRICT
2026-08-16T14:40:55+00:00 RUN_START id=GDD19_09 family=pb_breakeven window=IS run=gdd2p_is_gdd19_09_20260816234055_f7b5f3
2026-08-16T14:42:45+00:00 RUN_END id=GDD19_09 window=IS status=OK decision=IS_SURVIVOR_TRADEOFF elapsed=110.543s
2026-08-16T14:42:45+00:00 RUN_START id=GDD19_09 family=pb_breakeven window=OOS run=gdd2p_oos_gdd19_09_20260816234245_f5fb12
2026-08-16T14:44:01+00:00 RUN_END id=GDD19_09 window=OOS status=OK decision=OOS_REJECT elapsed=75.553s
2026-08-16T14:44:01+00:00 GATE_SKIP id=GDD19_09 window=XM5 reason=OOS_NOT_STRICT
2026-08-16T14:44:01+00:00 RUN_START id=GDD19_10 family=pb_breakeven window=IS run=gdd2p_is_gdd19_10_20260816234401_f8a09e
2026-08-16T14:45:52+00:00 RUN_END id=GDD19_10 window=IS status=OK decision=IS_SURVIVOR_STRICT elapsed=110.541s
2026-08-16T14:45:52+00:00 RUN_START id=GDD19_10 family=pb_breakeven window=OOS run=gdd2p_oos_gdd19_10_20260816234552_f8dd03
2026-08-16T14:47:07+00:00 RUN_END id=GDD19_10 window=OOS status=OK decision=OOS_REJECT elapsed=75.564s
2026-08-16T14:47:07+00:00 GATE_SKIP id=GDD19_10 window=XM5 reason=OOS_NOT_STRICT
2026-08-16T14:47:07+00:00 RUN_START id=GDD19_11 family=pb_breakeven window=IS run=gdd2p_is_gdd19_11_20260816234707_8dbea7
2026-08-16T14:49:03+00:00 RUN_END id=GDD19_11 window=IS status=OK decision=IS_SURVIVOR_STRICT elapsed=115.468s
2026-08-16T14:49:03+00:00 RUN_START id=GDD19_11 family=pb_breakeven window=OOS run=gdd2p_oos_gdd19_11_20260816234903_a55606
2026-08-16T14:50:18+00:00 RUN_END id=GDD19_11 window=OOS status=OK decision=OOS_REJECT elapsed=75.577s
2026-08-16T14:50:18+00:00 GATE_SKIP id=GDD19_11 window=XM5 reason=OOS_NOT_STRICT
2026-08-16T14:50:18+00:00 RUN_START id=GDD19_12 family=pb_breakeven window=IS run=gdd2p_is_gdd19_12_20260816235018_e57ce3
2026-08-16T14:52:14+00:00 RUN_END id=GDD19_12 window=IS status=OK decision=IS_SURVIVOR_TRADEOFF elapsed=115.488s
2026-08-16T14:52:14+00:00 RUN_START id=GDD19_12 family=pb_breakeven window=OOS run=gdd2p_oos_gdd19_12_20260816235214_ebe46b
2026-08-16T14:53:29+00:00 RUN_END id=GDD19_12 window=OOS status=OK decision=OOS_REJECT elapsed=75.573s
2026-08-16T14:53:29+00:00 GATE_SKIP id=GDD19_12 window=XM5 reason=OOS_NOT_STRICT
2026-08-16T14:53:29+00:00 RUN_START id=GDD19_13 family=pb_breakeven window=IS run=gdd2p_is_gdd19_13_20260816235329_133d44
2026-08-16T14:55:20+00:00 RUN_END id=GDD19_13 window=IS status=OK decision=IS_SURVIVOR_STRICT elapsed=110.547s
2026-08-16T14:55:20+00:00 RUN_START id=GDD19_13 family=pb_breakeven window=OOS run=gdd2p_oos_gdd19_13_20260816235520_e67e28
2026-08-16T14:56:35+00:00 RUN_END id=GDD19_13 window=OOS status=OK decision=OOS_STRICT_PASS elapsed=75.514s
2026-08-16T14:56:35+00:00 RUN_START id=GDD19_13 family=pb_breakeven window=XM5 run=gdd2p_xm5_gdd19_13_20260816235635_20bff5
2026-08-16T15:06:41+00:00 RUN_END id=GDD19_13 window=XM5 status=OK decision=XM5_MEASURED elapsed=605.698s
2026-08-16T15:06:41+00:00 RUN_START id=GDD19_14 family=pb_breakeven window=IS run=gdd2p_is_gdd19_14_20260817000641_2b2095
2026-08-16T15:06:42+00:00 WAIT_MT5 elapsed=1s processes=metatester64.exe
2026-08-16T15:07:43+00:00 WAIT_MT5 elapsed=62s processes=metatester64.exe
2026-08-16T15:08:45+00:00 WAIT_MT5 elapsed=124s processes=metatester64.exe
2026-08-16T15:09:47+00:00 WAIT_MT5 elapsed=186s processes=metatester64.exe
2026-08-16T15:10:49+00:00 WAIT_MT5 elapsed=248s processes=metatester64.exe
2026-08-16T15:11:51+00:00 KILL_ORPHAN_TESTER elapsed=310s
2026-08-16T15:14:06+00:00 RUN_END id=GDD19_14 window=IS status=OK decision=IS_SURVIVOR_STRICT elapsed=445.442s
2026-08-16T15:14:06+00:00 RUN_START id=GDD19_14 family=pb_breakeven window=OOS run=gdd2p_oos_gdd19_14_20260817001406_0ae05f
2026-08-16T15:15:22+00:00 RUN_END id=GDD19_14 window=OOS status=OK decision=OOS_STRICT_PASS elapsed=75.597s
2026-08-16T15:15:22+00:00 RUN_START id=GDD19_14 family=pb_breakeven window=XM5 run=gdd2p_xm5_gdd19_14_20260817001522_dcaae8
2026-08-16T15:25:28+00:00 RUN_END id=GDD19_14 window=XM5 status=OK decision=XM5_MEASURED elapsed=605.600s
2026-08-16T15:25:28+00:00 RUN_START id=GDD19_15 family=pb_breakeven window=IS run=gdd2p_is_gdd19_15_20260817002528_68b5f5
2026-08-16T15:25:28+00:00 WAIT_MT5 elapsed=1s processes=metatester64.exe
2026-08-16T15:26:30+00:00 WAIT_MT5 elapsed=62s processes=metatester64.exe
2026-08-16T15:27:32+00:00 WAIT_MT5 elapsed=124s processes=metatester64.exe
2026-08-16T15:28:34+00:00 WAIT_MT5 elapsed=186s processes=metatester64.exe
2026-08-16T15:29:35+00:00 WAIT_MT5 elapsed=248s processes=metatester64.exe
2026-08-16T15:30:37+00:00 KILL_ORPHAN_TESTER elapsed=309s
2026-08-16T15:32:48+00:00 RUN_END id=GDD19_15 window=IS status=OK decision=IS_REJECT elapsed=439.930s
2026-08-16T15:32:48+00:00 GATE_SKIP id=GDD19_15 window=OOS reason=IS_NOT_SURVIVOR
2026-08-16T15:32:48+00:00 GATE_SKIP id=GDD19_15 window=XM5 reason=OOS_NOT_STRICT
2026-08-16T15:32:48+00:00 RUN_START id=GDD19_16 family=pb_breakeven window=IS run=gdd2p_is_gdd19_16_20260817003248_8c2299
2026-08-16T15:34:43+00:00 RUN_END id=GDD19_16 window=IS status=OK decision=IS_REJECT elapsed=115.512s
2026-08-16T15:34:43+00:00 GATE_SKIP id=GDD19_16 window=OOS reason=IS_NOT_SURVIVOR
2026-08-16T15:34:43+00:00 GATE_SKIP id=GDD19_16 window=XM5 reason=OOS_NOT_STRICT
2026-08-16T15:34:43+00:00 RUN_START id=GDD19_17 family=pb_breakeven window=IS run=gdd2p_is_gdd19_17_20260817003443_fefe59
2026-08-16T15:36:39+00:00 RUN_END id=GDD19_17 window=IS status=OK decision=IS_REJECT elapsed=115.517s
2026-08-16T15:36:39+00:00 GATE_SKIP id=GDD19_17 window=OOS reason=IS_NOT_SURVIVOR
2026-08-16T15:36:39+00:00 GATE_SKIP id=GDD19_17 window=XM5 reason=OOS_NOT_STRICT
2026-08-16T15:36:39+00:00 RUN_START id=GDD19_18 family=pb_breakeven window=IS run=gdd2p_is_gdd19_18_20260817003639_c83a92
2026-08-16T15:38:34+00:00 RUN_END id=GDD19_18 window=IS status=OK decision=IS_REJECT elapsed=115.489s
2026-08-16T15:38:34+00:00 GATE_SKIP id=GDD19_18 window=OOS reason=IS_NOT_SURVIVOR
2026-08-16T15:38:34+00:00 GATE_SKIP id=GDD19_18 window=XM5 reason=OOS_NOT_STRICT
2026-08-16T15:38:34+00:00 RUN_START id=GDD19_19 family=pb_breakeven window=IS run=gdd2p_is_gdd19_19_20260817003834_606e3f
2026-08-16T15:40:30+00:00 RUN_END id=GDD19_19 window=IS status=OK decision=IS_REJECT elapsed=115.491s
2026-08-16T15:40:30+00:00 GATE_SKIP id=GDD19_19 window=OOS reason=IS_NOT_SURVIVOR
2026-08-16T15:40:30+00:00 GATE_SKIP id=GDD19_19 window=XM5 reason=OOS_NOT_STRICT
2026-08-16T15:40:30+00:00 RUN_START id=GDD19_20 family=pb_breakeven window=IS run=gdd2p_is_gdd19_20_20260817004030_3bd648
2026-08-16T15:42:20+00:00 RUN_END id=GDD19_20 window=IS status=OK decision=IS_REJECT elapsed=110.539s
2026-08-16T15:42:20+00:00 GATE_SKIP id=GDD19_20 window=OOS reason=IS_NOT_SURVIVOR
2026-08-16T15:42:20+00:00 GATE_SKIP id=GDD19_20 window=XM5 reason=OOS_NOT_STRICT
2026-08-16T15:42:20+00:00 RUN_START id=GDD20_01 family=pb_trailing window=IS run=gdd2p_is_gdd20_01_20260817004220_913cdd
2026-08-16T15:44:06+00:00 RUN_END id=GDD20_01 window=IS status=OK decision=IS_REJECT elapsed=105.456s
2026-08-16T15:44:06+00:00 GATE_SKIP id=GDD20_01 window=OOS reason=IS_NOT_SURVIVOR
2026-08-16T15:44:06+00:00 GATE_SKIP id=GDD20_01 window=XM5 reason=OOS_NOT_STRICT
2026-08-16T15:44:06+00:00 RUN_START id=GDD20_02 family=pb_trailing window=IS run=gdd2p_is_gdd20_02_20260817004406_621b58
2026-08-16T15:45:51+00:00 RUN_END id=GDD20_02 window=IS status=OK decision=IS_REJECT elapsed=105.445s
2026-08-16T15:45:51+00:00 GATE_SKIP id=GDD20_02 window=OOS reason=IS_NOT_SURVIVOR
2026-08-16T15:45:51+00:00 GATE_SKIP id=GDD20_02 window=XM5 reason=OOS_NOT_STRICT
2026-08-16T15:45:51+00:00 RUN_START id=GDD20_03 family=pb_trailing window=IS run=gdd2p_is_gdd20_03_20260817004551_e18944
2026-08-16T15:47:37+00:00 RUN_END id=GDD20_03 window=IS status=OK decision=IS_REJECT elapsed=105.447s
2026-08-16T15:47:37+00:00 GATE_SKIP id=GDD20_03 window=OOS reason=IS_NOT_SURVIVOR
2026-08-16T15:47:37+00:00 GATE_SKIP id=GDD20_03 window=XM5 reason=OOS_NOT_STRICT
2026-08-16T15:47:37+00:00 RUN_START id=GDD20_04 family=pb_trailing window=IS run=gdd2p_is_gdd20_04_20260817004737_8ae494
2026-08-16T15:49:22+00:00 RUN_END id=GDD20_04 window=IS status=OK decision=IS_REJECT elapsed=105.402s
2026-08-16T15:49:22+00:00 GATE_SKIP id=GDD20_04 window=OOS reason=IS_NOT_SURVIVOR
2026-08-16T15:49:22+00:00 GATE_SKIP id=GDD20_04 window=XM5 reason=OOS_NOT_STRICT
2026-08-16T15:49:22+00:00 RUN_START id=GDD20_05 family=pb_trailing window=IS run=gdd2p_is_gdd20_05_20260817004922_4eb31f
2026-08-16T15:51:07+00:00 RUN_END id=GDD20_05 window=IS status=OK decision=IS_REJECT elapsed=105.432s
2026-08-16T15:51:07+00:00 GATE_SKIP id=GDD20_05 window=OOS reason=IS_NOT_SURVIVOR
2026-08-16T15:51:07+00:00 GATE_SKIP id=GDD20_05 window=XM5 reason=OOS_NOT_STRICT
2026-08-16T15:51:07+00:00 RUN_START id=GDD20_06 family=pb_trailing window=IS run=gdd2p_is_gdd20_06_20260817005107_872b51
2026-08-16T15:52:53+00:00 RUN_END id=GDD20_06 window=IS status=OK decision=IS_REJECT elapsed=105.440s
2026-08-16T15:52:53+00:00 GATE_SKIP id=GDD20_06 window=OOS reason=IS_NOT_SURVIVOR
2026-08-16T15:52:53+00:00 GATE_SKIP id=GDD20_06 window=XM5 reason=OOS_NOT_STRICT
2026-08-16T15:52:53+00:00 RUN_START id=GDD20_07 family=pb_trailing window=IS run=gdd2p_is_gdd20_07_20260817005253_b24cbc
2026-08-16T15:54:43+00:00 RUN_END id=GDD20_07 window=IS status=OK decision=IS_REJECT elapsed=110.461s
2026-08-16T15:54:43+00:00 GATE_SKIP id=GDD20_07 window=OOS reason=IS_NOT_SURVIVOR
2026-08-16T15:54:43+00:00 GATE_SKIP id=GDD20_07 window=XM5 reason=OOS_NOT_STRICT
2026-08-16T15:54:43+00:00 RUN_START id=GDD20_08 family=pb_trailing window=IS run=gdd2p_is_gdd20_08_20260817005443_959e2b
2026-08-16T15:56:34+00:00 RUN_END id=GDD20_08 window=IS status=OK decision=IS_REJECT elapsed=110.410s
2026-08-16T15:56:34+00:00 GATE_SKIP id=GDD20_08 window=OOS reason=IS_NOT_SURVIVOR
2026-08-16T15:56:34+00:00 GATE_SKIP id=GDD20_08 window=XM5 reason=OOS_NOT_STRICT
2026-08-16T15:56:34+00:00 RUN_START id=GDD20_09 family=pb_trailing window=IS run=gdd2p_is_gdd20_09_20260817005634_179272
2026-08-16T15:58:24+00:00 RUN_END id=GDD20_09 window=IS status=OK decision=IS_REJECT elapsed=110.441s
2026-08-16T15:58:24+00:00 GATE_SKIP id=GDD20_09 window=OOS reason=IS_NOT_SURVIVOR
2026-08-16T15:58:24+00:00 GATE_SKIP id=GDD20_09 window=XM5 reason=OOS_NOT_STRICT
2026-08-16T15:58:24+00:00 RUN_START id=GDD20_10 family=pb_trailing window=IS run=gdd2p_is_gdd20_10_20260817005824_7af528
2026-08-16T16:00:15+00:00 RUN_END id=GDD20_10 window=IS status=OK decision=IS_REJECT elapsed=110.442s
2026-08-16T16:00:15+00:00 GATE_SKIP id=GDD20_10 window=OOS reason=IS_NOT_SURVIVOR
2026-08-16T16:00:15+00:00 GATE_SKIP id=GDD20_10 window=XM5 reason=OOS_NOT_STRICT
2026-08-16T16:00:15+00:00 RUN_START id=GDD20_11 family=pb_trailing window=IS run=gdd2p_is_gdd20_11_20260817010015_348b1d
2026-08-16T16:02:05+00:00 RUN_END id=GDD20_11 window=IS status=OK decision=IS_REJECT elapsed=110.440s
2026-08-16T16:02:05+00:00 GATE_SKIP id=GDD20_11 window=OOS reason=IS_NOT_SURVIVOR
2026-08-16T16:02:05+00:00 GATE_SKIP id=GDD20_11 window=XM5 reason=OOS_NOT_STRICT
2026-08-16T16:02:05+00:00 RUN_START id=GDD20_12 family=pb_trailing window=IS run=gdd2p_is_gdd20_12_20260817010205_aa2004
2026-08-16T16:03:55+00:00 RUN_END id=GDD20_12 window=IS status=OK decision=IS_SURVIVOR_TRADEOFF elapsed=110.444s
2026-08-16T16:03:55+00:00 RUN_START id=GDD20_12 family=pb_trailing window=OOS run=gdd2p_oos_gdd20_12_20260817010355_940997
2026-08-16T16:05:11+00:00 RUN_END id=GDD20_12 window=OOS status=OK decision=OOS_REJECT elapsed=75.418s
2026-08-16T16:05:11+00:00 GATE_SKIP id=GDD20_12 window=XM5 reason=OOS_NOT_STRICT
2026-08-16T16:05:11+00:00 RUN_START id=GDD20_13 family=pb_trailing window=IS run=gdd2p_is_gdd20_13_20260817010511_c793eb
2026-08-16T16:07:01+00:00 RUN_END id=GDD20_13 window=IS status=OK decision=IS_SURVIVOR_TRADEOFF elapsed=110.433s
2026-08-16T16:07:01+00:00 RUN_START id=GDD20_13 family=pb_trailing window=OOS run=gdd2p_oos_gdd20_13_20260817010701_99d877
2026-08-16T16:08:17+00:00 RUN_END id=GDD20_13 window=OOS status=OK decision=OOS_REJECT elapsed=75.455s
2026-08-16T16:08:17+00:00 GATE_SKIP id=GDD20_13 window=XM5 reason=OOS_NOT_STRICT
2026-08-16T16:08:17+00:00 RUN_START id=GDD20_14 family=pb_trailing window=IS run=gdd2p_is_gdd20_14_20260817010817_cb28c5
2026-08-16T16:10:07+00:00 RUN_END id=GDD20_14 window=IS status=OK decision=IS_SURVIVOR_TRADEOFF elapsed=110.556s
2026-08-16T16:10:07+00:00 RUN_START id=GDD20_14 family=pb_trailing window=OOS run=gdd2p_oos_gdd20_14_20260817011007_59afad
2026-08-16T16:11:23+00:00 RUN_END id=GDD20_14 window=OOS status=OK decision=OOS_REJECT elapsed=75.457s
2026-08-16T16:11:23+00:00 GATE_SKIP id=GDD20_14 window=XM5 reason=OOS_NOT_STRICT
2026-08-16T16:11:23+00:00 RUN_START id=GDD20_15 family=pb_trailing window=IS run=gdd2p_is_gdd20_15_20260817011123_54c7c4
2026-08-16T16:13:13+00:00 RUN_END id=GDD20_15 window=IS status=OK decision=IS_SURVIVOR_TRADEOFF elapsed=110.405s
2026-08-16T16:13:13+00:00 RUN_START id=GDD20_15 family=pb_trailing window=OOS run=gdd2p_oos_gdd20_15_20260817011313_d71241
2026-08-16T16:14:29+00:00 RUN_END id=GDD20_15 window=OOS status=OK decision=OOS_REJECT elapsed=75.462s
2026-08-16T16:14:29+00:00 GATE_SKIP id=GDD20_15 window=XM5 reason=OOS_NOT_STRICT
2026-08-16T16:14:29+00:00 RUN_START id=GDD20_16 family=pb_trailing window=IS run=gdd2p_is_gdd20_16_20260817011429_833137
2026-08-16T16:16:24+00:00 RUN_END id=GDD20_16 window=IS status=OK decision=IS_SURVIVOR_STRICT elapsed=115.443s
2026-08-16T16:16:24+00:00 RUN_START id=GDD20_16 family=pb_trailing window=OOS run=gdd2p_oos_gdd20_16_20260817011624_dd3863
2026-08-16T16:17:40+00:00 RUN_END id=GDD20_16 window=OOS status=OK decision=OOS_STRICT_PASS elapsed=75.450s
2026-08-16T16:17:40+00:00 RUN_START id=GDD20_16 family=pb_trailing window=XM5 run=gdd2p_xm5_gdd20_16_20260817011740_3ec1d1
2026-08-16T16:27:00+00:00 RUN_END id=GDD20_16 window=XM5 status=OK decision=XM5_MEASURED elapsed=560.469s
2026-08-16T16:27:00+00:00 RUN_START id=GDD20_17 family=pb_trailing window=IS run=gdd2p_is_gdd20_17_20260817012700_70b94c
2026-08-16T16:27:01+00:00 WAIT_MT5 elapsed=0s processes=metatester64.exe
2026-08-16T16:28:02+00:00 WAIT_MT5 elapsed=62s processes=metatester64.exe
2026-08-16T16:29:03+00:00 WAIT_MT5 elapsed=123s processes=metatester64.exe
2026-08-16T16:30:05+00:00 WAIT_MT5 elapsed=185s processes=metatester64.exe
2026-08-16T16:31:06+00:00 WAIT_MT5 elapsed=246s processes=metatester64.exe
2026-08-16T16:32:08+00:00 KILL_ORPHAN_TESTER elapsed=307s
2026-08-16T16:35:08+00:00 RUN_END id=GDD20_17 window=IS status=OK decision=IS_SURVIVOR_TRADEOFF elapsed=487.825s
2026-08-16T16:35:08+00:00 RUN_START id=GDD20_17 family=pb_trailing window=OOS run=gdd2p_oos_gdd20_17_20260817013508_b616c1
2026-08-16T16:36:23+00:00 RUN_END id=GDD20_17 window=OOS status=OK decision=OOS_REJECT elapsed=75.465s
2026-08-16T16:36:23+00:00 GATE_SKIP id=GDD20_17 window=XM5 reason=OOS_NOT_STRICT
2026-08-16T16:36:23+00:00 RUN_START id=GDD20_18 family=pb_trailing window=IS run=gdd2p_is_gdd20_18_20260817013623_ab127a
2026-08-16T16:38:09+00:00 RUN_END id=GDD20_18 window=IS status=OK decision=IS_SURVIVOR_TRADEOFF elapsed=105.387s
2026-08-16T16:38:09+00:00 RUN_START id=GDD20_18 family=pb_trailing window=OOS run=gdd2p_oos_gdd20_18_20260817013809_8c7dab
2026-08-16T16:39:19+00:00 RUN_END id=GDD20_18 window=OOS status=OK decision=OOS_REJECT elapsed=70.425s
2026-08-16T16:39:19+00:00 GATE_SKIP id=GDD20_18 window=XM5 reason=OOS_NOT_STRICT
2026-08-16T16:39:19+00:00 RUN_START id=GDD20_19 family=pb_trailing window=IS run=gdd2p_is_gdd20_19_20260817013919_4d07c8
2026-08-16T16:41:05+00:00 RUN_END id=GDD20_19 window=IS status=OK decision=IS_SURVIVOR_TRADEOFF elapsed=105.380s
2026-08-16T16:41:05+00:00 RUN_START id=GDD20_19 family=pb_trailing window=OOS run=gdd2p_oos_gdd20_19_20260817014105_78019f
2026-08-16T16:42:15+00:00 RUN_END id=GDD20_19 window=OOS status=OK decision=OOS_REJECT elapsed=70.462s
2026-08-16T16:42:15+00:00 GATE_SKIP id=GDD20_19 window=XM5 reason=OOS_NOT_STRICT
2026-08-16T16:42:15+00:00 RUN_START id=GDD20_20 family=pb_trailing window=IS run=gdd2p_is_gdd20_20_20260817014215_ff9917
2026-08-16T16:44:00+00:00 RUN_END id=GDD20_20 window=IS status=OK decision=IS_SURVIVOR_STRICT elapsed=105.419s
2026-08-16T16:44:00+00:00 RUN_START id=GDD20_20 family=pb_trailing window=OOS run=gdd2p_oos_gdd20_20_20260817014400_85e18a
2026-08-16T16:45:11+00:00 RUN_END id=GDD20_20 window=OOS status=OK decision=OOS_STRICT_PASS elapsed=70.465s
2026-08-16T16:45:11+00:00 RUN_START id=GDD20_20 family=pb_trailing window=XM5 run=gdd2p_xm5_gdd20_20_20260817014511_27c25b
2026-08-16T16:54:21+00:00 RUN_END id=GDD20_20 window=XM5 status=OK decision=XM5_MEASURED elapsed=550.446s
2026-08-16T16:54:21+00:00 RUN_START id=GDD28_01 family=sca_range_start window=IS run=gdd2p_is_gdd28_01_20260817015421_c01c47
2026-08-16T16:55:32+00:00 RUN_END id=GDD28_01 window=IS status=OK decision=IS_SURVIVOR_TRADEOFF elapsed=70.441s
2026-08-16T16:55:32+00:00 RUN_START id=GDD28_01 family=sca_range_start window=OOS run=gdd2p_oos_gdd28_01_20260817015532_546b72
2026-08-16T16:56:22+00:00 RUN_END id=GDD28_01 window=OOS status=OK decision=OOS_REJECT elapsed=50.408s
2026-08-16T16:56:22+00:00 GATE_SKIP id=GDD28_01 window=XM5 reason=OOS_NOT_STRICT
2026-08-16T16:56:22+00:00 RUN_START id=GDD28_02 family=sca_range_start window=IS run=gdd2p_is_gdd28_02_20260817015622_a7e137
2026-08-16T16:57:33+00:00 RUN_END id=GDD28_02 window=IS status=OK decision=IS_REJECT elapsed=70.399s
2026-08-16T16:57:33+00:00 GATE_SKIP id=GDD28_02 window=OOS reason=IS_NOT_SURVIVOR
2026-08-16T16:57:33+00:00 GATE_SKIP id=GDD28_02 window=XM5 reason=OOS_NOT_STRICT
2026-08-16T16:57:33+00:00 RUN_START id=GDD28_03 family=sca_range_start window=IS run=gdd2p_is_gdd28_03_20260817015733_106c3a
2026-08-16T16:58:43+00:00 RUN_END id=GDD28_03 window=IS status=OK decision=IS_SURVIVOR_TRADEOFF elapsed=70.445s
2026-08-16T16:58:43+00:00 RUN_START id=GDD28_03 family=sca_range_start window=OOS run=gdd2p_oos_gdd28_03_20260817015843_eb2a8d
2026-08-16T16:59:34+00:00 RUN_END id=GDD28_03 window=OOS status=OK decision=OOS_REJECT elapsed=50.425s
2026-08-16T16:59:34+00:00 GATE_SKIP id=GDD28_03 window=XM5 reason=OOS_NOT_STRICT
2026-08-16T16:59:34+00:00 RUN_START id=GDD28_04 family=sca_range_start window=IS run=gdd2p_is_gdd28_04_20260817015934_d82844
2026-08-16T17:00:44+00:00 RUN_END id=GDD28_04 window=IS status=OK decision=IS_SURVIVOR_TRADEOFF elapsed=70.402s
2026-08-16T17:00:44+00:00 RUN_START id=GDD28_04 family=sca_range_start window=OOS run=gdd2p_oos_gdd28_04_20260817020044_c63ae3
2026-08-16T17:01:34+00:00 RUN_END id=GDD28_04 window=OOS status=OK decision=OOS_REJECT elapsed=50.403s
2026-08-16T17:01:34+00:00 GATE_SKIP id=GDD28_04 window=XM5 reason=OOS_NOT_STRICT
2026-08-16T17:01:34+00:00 RUN_START id=GDD28_05 family=sca_range_start window=IS run=gdd2p_is_gdd28_05_20260817020134_4a9411
2026-08-16T17:02:45+00:00 RUN_END id=GDD28_05 window=IS status=OK decision=IS_SURVIVOR_TRADEOFF elapsed=70.401s
2026-08-16T17:02:45+00:00 RUN_START id=GDD28_05 family=sca_range_start window=OOS run=gdd2p_oos_gdd28_05_20260817020245_e6f3fc
2026-08-16T17:03:35+00:00 RUN_END id=GDD28_05 window=OOS status=OK decision=OOS_REJECT elapsed=50.432s
2026-08-16T17:03:35+00:00 GATE_SKIP id=GDD28_05 window=XM5 reason=OOS_NOT_STRICT
2026-08-16T17:03:35+00:00 RUN_START id=GDD28_06 family=sca_range_start window=IS run=gdd2p_is_gdd28_06_20260817020335_d732a1
2026-08-16T17:04:46+00:00 RUN_END id=GDD28_06 window=IS status=OK decision=IS_SURVIVOR_TRADEOFF elapsed=70.408s
2026-08-16T17:04:46+00:00 RUN_START id=GDD28_06 family=sca_range_start window=OOS run=gdd2p_oos_gdd28_06_20260817020446_8db6d4
2026-08-16T17:05:36+00:00 RUN_END id=GDD28_06 window=OOS status=OK decision=OOS_REJECT elapsed=50.419s
2026-08-16T17:05:36+00:00 GATE_SKIP id=GDD28_06 window=XM5 reason=OOS_NOT_STRICT
2026-08-16T17:05:36+00:00 RUN_START id=GDD28_07 family=sca_range_start window=IS run=gdd2p_is_gdd28_07_20260817020536_54ef27
2026-08-16T17:06:46+00:00 RUN_END id=GDD28_07 window=IS status=OK decision=IS_SURVIVOR_TRADEOFF elapsed=70.404s
2026-08-16T17:06:46+00:00 RUN_START id=GDD28_07 family=sca_range_start window=OOS run=gdd2p_oos_gdd28_07_20260817020646_701eee
2026-08-16T17:07:37+00:00 RUN_END id=GDD28_07 window=OOS status=OK decision=OOS_REJECT elapsed=50.403s
2026-08-16T17:07:37+00:00 GATE_SKIP id=GDD28_07 window=XM5 reason=OOS_NOT_STRICT
2026-08-16T17:07:37+00:00 RUN_START id=GDD28_08 family=sca_range_start window=IS run=gdd2p_is_gdd28_08_20260817020737_f59092
2026-08-16T17:08:47+00:00 RUN_END id=GDD28_08 window=IS status=OK decision=IS_SURVIVOR_STRICT elapsed=70.405s
2026-08-16T17:08:47+00:00 RUN_START id=GDD28_08 family=sca_range_start window=OOS run=gdd2p_oos_gdd28_08_20260817020847_42fec6
2026-08-16T17:09:38+00:00 RUN_END id=GDD28_08 window=OOS status=OK decision=OOS_REJECT elapsed=50.429s
2026-08-16T17:09:38+00:00 GATE_SKIP id=GDD28_08 window=XM5 reason=OOS_NOT_STRICT
2026-08-16T17:09:38+00:00 RUN_START id=GDD28_09 family=sca_range_start window=IS run=gdd2p_is_gdd28_09_20260817020938_8c856a
2026-08-16T17:10:48+00:00 RUN_END id=GDD28_09 window=IS status=OK decision=IS_REJECT elapsed=70.410s
2026-08-16T17:10:48+00:00 GATE_SKIP id=GDD28_09 window=OOS reason=IS_NOT_SURVIVOR
2026-08-16T17:10:48+00:00 GATE_SKIP id=GDD28_09 window=XM5 reason=OOS_NOT_STRICT
2026-08-16T17:10:48+00:00 RUN_START id=GDD28_10 family=sca_range_start window=IS run=gdd2p_is_gdd28_10_20260817021048_bdf2e0
2026-08-16T17:11:53+00:00 RUN_END id=GDD28_10 window=IS status=UNVERIFIED decision=UNVERIFIED_MAGIC_GATE elapsed=65.406s
2026-08-16T17:11:53+00:00 RUN_START id=GDD28_11 family=sca_range_start window=IS run=gdd2p_is_gdd28_11_20260817021153_616347
2026-08-16T17:13:04+00:00 RUN_END id=GDD28_11 window=IS status=UNVERIFIED decision=UNVERIFIED_MAGIC_GATE elapsed=70.415s
2026-08-16T17:13:04+00:00 RUN_START id=GDD28_12 family=sca_range_start window=IS run=gdd2p_is_gdd28_12_20260817021304_4f2356
2026-08-16T17:14:14+00:00 RUN_END id=GDD28_12 window=IS status=UNVERIFIED decision=UNVERIFIED_MAGIC_GATE elapsed=70.388s
2026-08-16T17:14:14+00:00 RUN_START id=GDD28_13 family=sca_range_start window=IS run=gdd2p_is_gdd28_13_20260817021414_3092d8
2026-08-16T17:15:20+00:00 RUN_END id=GDD28_13 window=IS status=UNVERIFIED decision=UNVERIFIED_MAGIC_GATE elapsed=65.396s
2026-08-16T17:15:20+00:00 RUN_START id=GDD28_14 family=sca_range_start window=IS run=gdd2p_is_gdd28_14_20260817021520_a18635
2026-08-16T17:15:20+00:00 WAIT_MT5 elapsed=0s processes=metatester64.exe
2026-08-16T17:16:21+00:00 WAIT_MT5 elapsed=62s processes=metatester64.exe
2026-08-16T17:17:23+00:00 WAIT_MT5 elapsed=123s processes=metatester64.exe
2026-08-16T17:18:24+00:00 WAIT_MT5 elapsed=184s processes=metatester64.exe
2026-08-16T17:19:25+00:00 WAIT_MT5 elapsed=246s processes=metatester64.exe
2026-08-16T17:20:27+00:00 KILL_ORPHAN_TESTER elapsed=307s
2026-08-16T17:21:52+00:00 RUN_END id=GDD28_14 window=IS status=UNVERIFIED decision=UNVERIFIED_MAGIC_GATE elapsed=392.567s
2026-08-16T17:21:52+00:00 RUN_START id=GDD28_15 family=sca_range_start window=IS run=gdd2p_is_gdd28_15_20260817022152_3f1694
2026-08-16T17:23:03+00:00 RUN_END id=GDD28_15 window=IS status=UNVERIFIED decision=UNVERIFIED_MAGIC_GATE elapsed=70.426s
2026-08-16T17:23:03+00:00 RUN_START id=GDD28_16 family=sca_range_start window=IS run=gdd2p_is_gdd28_16_20260817022303_7e1630
2026-08-16T17:24:08+00:00 RUN_END id=GDD28_16 window=IS status=UNVERIFIED decision=UNVERIFIED_MAGIC_GATE elapsed=65.418s
2026-08-16T17:24:08+00:00 RUN_START id=GDD28_17 family=sca_range_start window=IS run=gdd2p_is_gdd28_17_20260817022408_28303a
2026-08-16T17:25:14+00:00 RUN_END id=GDD28_17 window=IS status=UNVERIFIED decision=UNVERIFIED_MAGIC_GATE elapsed=65.404s
2026-08-16T17:25:14+00:00 RUN_START id=GDD28_18 family=sca_range_start window=IS run=gdd2p_is_gdd28_18_20260817022514_9fba72
2026-08-16T17:26:19+00:00 RUN_END id=GDD28_18 window=IS status=UNVERIFIED decision=UNVERIFIED_MAGIC_GATE elapsed=65.380s
2026-08-16T17:26:19+00:00 RUN_START id=GDD28_19 family=sca_range_start window=IS run=gdd2p_is_gdd28_19_20260817022619_641dbd
2026-08-16T17:27:24+00:00 RUN_END id=GDD28_19 window=IS status=UNVERIFIED decision=UNVERIFIED_MAGIC_GATE elapsed=65.378s
2026-08-16T17:27:24+00:00 RUN_START id=GDD28_20 family=sca_range_start window=IS run=gdd2p_is_gdd28_20_20260817022724_5b5d75
2026-08-16T17:28:30+00:00 RUN_END id=GDD28_20 window=IS status=UNVERIFIED decision=UNVERIFIED_MAGIC_GATE elapsed=65.373s
2026-08-16T17:28:30+00:00 RUN_START id=GDD29_01 family=sca_range_end window=IS run=gdd2p_is_gdd29_01_20260817022830_8597eb
2026-08-16T17:29:40+00:00 RUN_END id=GDD29_01 window=IS status=OK decision=IS_REJECT elapsed=70.399s
2026-08-16T17:29:40+00:00 GATE_SKIP id=GDD29_01 window=OOS reason=IS_NOT_SURVIVOR
2026-08-16T17:29:40+00:00 GATE_SKIP id=GDD29_01 window=XM5 reason=OOS_NOT_STRICT
2026-08-16T17:29:40+00:00 RUN_START id=GDD29_02 family=sca_range_end window=IS run=gdd2p_is_gdd29_02_20260817022940_952152
2026-08-16T17:30:50+00:00 RUN_END id=GDD29_02 window=IS status=OK decision=IS_REJECT elapsed=70.396s
2026-08-16T17:30:50+00:00 GATE_SKIP id=GDD29_02 window=OOS reason=IS_NOT_SURVIVOR
2026-08-16T17:30:50+00:00 GATE_SKIP id=GDD29_02 window=XM5 reason=OOS_NOT_STRICT
2026-08-16T17:30:50+00:00 RUN_START id=GDD29_03 family=sca_range_end window=IS run=gdd2p_is_gdd29_03_20260817023050_fbe7a7
2026-08-16T17:32:01+00:00 RUN_END id=GDD29_03 window=IS status=OK decision=IS_REJECT elapsed=70.443s
2026-08-16T17:32:01+00:00 GATE_SKIP id=GDD29_03 window=OOS reason=IS_NOT_SURVIVOR
2026-08-16T17:32:01+00:00 GATE_SKIP id=GDD29_03 window=XM5 reason=OOS_NOT_STRICT
2026-08-16T17:32:01+00:00 RUN_START id=GDD29_04 family=sca_range_end window=IS run=gdd2p_is_gdd29_04_20260817023201_f4a856
2026-08-16T17:33:11+00:00 RUN_END id=GDD29_04 window=IS status=OK decision=IS_SURVIVOR_TRADEOFF elapsed=70.400s
2026-08-16T17:33:11+00:00 RUN_START id=GDD29_04 family=sca_range_end window=OOS run=gdd2p_oos_gdd29_04_20260817023311_8335cc
2026-08-16T17:34:02+00:00 RUN_END id=GDD29_04 window=OOS status=OK decision=OOS_REJECT elapsed=50.421s
2026-08-16T17:34:02+00:00 GATE_SKIP id=GDD29_04 window=XM5 reason=OOS_NOT_STRICT
2026-08-16T17:34:02+00:00 RUN_START id=GDD29_05 family=sca_range_end window=IS run=gdd2p_is_gdd29_05_20260817023402_e51099
2026-08-16T17:35:12+00:00 RUN_END id=GDD29_05 window=IS status=OK decision=IS_REJECT elapsed=70.408s
2026-08-16T17:35:12+00:00 GATE_SKIP id=GDD29_05 window=OOS reason=IS_NOT_SURVIVOR
2026-08-16T17:35:12+00:00 GATE_SKIP id=GDD29_05 window=XM5 reason=OOS_NOT_STRICT
2026-08-16T17:35:12+00:00 RUN_START id=GDD29_06 family=sca_range_end window=IS run=gdd2p_is_gdd29_06_20260817023512_dc129a
2026-08-16T17:36:23+00:00 RUN_END id=GDD29_06 window=IS status=OK decision=IS_REJECT elapsed=70.389s
2026-08-16T17:36:23+00:00 GATE_SKIP id=GDD29_06 window=OOS reason=IS_NOT_SURVIVOR
2026-08-16T17:36:23+00:00 GATE_SKIP id=GDD29_06 window=XM5 reason=OOS_NOT_STRICT
2026-08-16T17:36:23+00:00 RUN_START id=GDD29_07 family=sca_range_end window=IS run=gdd2p_is_gdd29_07_20260817023623_01375f
2026-08-16T17:37:33+00:00 RUN_END id=GDD29_07 window=IS status=OK decision=IS_REJECT elapsed=70.405s
2026-08-16T17:37:33+00:00 GATE_SKIP id=GDD29_07 window=OOS reason=IS_NOT_SURVIVOR
2026-08-16T17:37:33+00:00 GATE_SKIP id=GDD29_07 window=XM5 reason=OOS_NOT_STRICT
2026-08-16T17:37:33+00:00 RUN_START id=GDD29_08 family=sca_range_end window=IS run=gdd2p_is_gdd29_08_20260817023733_af5b01
2026-08-16T17:38:43+00:00 RUN_END id=GDD29_08 window=IS status=OK decision=IS_REJECT elapsed=70.415s
2026-08-16T17:38:43+00:00 GATE_SKIP id=GDD29_08 window=OOS reason=IS_NOT_SURVIVOR
2026-08-16T17:38:43+00:00 GATE_SKIP id=GDD29_08 window=XM5 reason=OOS_NOT_STRICT
2026-08-16T17:38:43+00:00 RUN_START id=GDD29_09 family=sca_range_end window=IS run=gdd2p_is_gdd29_09_20260817023843_bcef40
2026-08-16T17:39:54+00:00 RUN_END id=GDD29_09 window=IS status=OK decision=IS_REJECT elapsed=70.409s
2026-08-16T17:39:54+00:00 GATE_SKIP id=GDD29_09 window=OOS reason=IS_NOT_SURVIVOR
2026-08-16T17:39:54+00:00 GATE_SKIP id=GDD29_09 window=XM5 reason=OOS_NOT_STRICT
2026-08-16T17:39:54+00:00 RUN_START id=GDD29_10 family=sca_range_end window=IS run=gdd2p_is_gdd29_10_20260817023954_5708b9
2026-08-16T17:41:04+00:00 RUN_END id=GDD29_10 window=IS status=OK decision=IS_SURVIVOR_TRADEOFF elapsed=70.412s
2026-08-16T17:41:04+00:00 RUN_START id=GDD29_10 family=sca_range_end window=OOS run=gdd2p_oos_gdd29_10_20260817024104_a7cde2
2026-08-16T17:41:55+00:00 RUN_END id=GDD29_10 window=OOS status=OK decision=OOS_REJECT elapsed=50.451s
2026-08-16T17:41:55+00:00 GATE_SKIP id=GDD29_10 window=XM5 reason=OOS_NOT_STRICT
2026-08-16T17:41:55+00:00 RUN_START id=GDD29_11 family=sca_range_end window=IS run=gdd2p_is_gdd29_11_20260817024155_c88ad4
2026-08-16T17:43:05+00:00 RUN_END id=GDD29_11 window=IS status=OK decision=IS_REJECT elapsed=70.374s
2026-08-16T17:43:05+00:00 GATE_SKIP id=GDD29_11 window=OOS reason=IS_NOT_SURVIVOR
2026-08-16T17:43:05+00:00 GATE_SKIP id=GDD29_11 window=XM5 reason=OOS_NOT_STRICT
2026-08-16T17:43:05+00:00 RUN_START id=GDD29_12 family=sca_range_end window=IS run=gdd2p_is_gdd29_12_20260817024305_d6fb4b
2026-08-16T17:44:15+00:00 RUN_END id=GDD29_12 window=IS status=UNVERIFIED decision=UNVERIFIED_MAGIC_GATE elapsed=70.438s
2026-08-16T17:44:15+00:00 RUN_START id=GDD29_13 family=sca_range_end window=IS run=gdd2p_is_gdd29_13_20260817024415_cd1f7f
2026-08-16T17:45:21+00:00 RUN_END id=GDD29_13 window=IS status=UNVERIFIED decision=UNVERIFIED_MAGIC_GATE elapsed=65.394s
2026-08-16T17:45:21+00:00 RUN_START id=GDD29_14 family=sca_range_end window=IS run=gdd2p_is_gdd29_14_20260817024521_7e40cd
2026-08-16T17:46:26+00:00 RUN_END id=GDD29_14 window=IS status=UNVERIFIED decision=UNVERIFIED_MAGIC_GATE elapsed=65.396s
2026-08-16T17:46:26+00:00 RUN_START id=GDD29_15 family=sca_range_end window=IS run=gdd2p_is_gdd29_15_20260817024626_a0c635
2026-08-16T17:47:32+00:00 RUN_END id=GDD29_15 window=IS status=UNVERIFIED decision=UNVERIFIED_MAGIC_GATE elapsed=65.396s
2026-08-16T17:47:32+00:00 RUN_START id=GDD29_16 family=sca_range_end window=IS run=gdd2p_is_gdd29_16_20260817024732_9f5b41
2026-08-16T17:47:32+00:00 WAIT_MT5 elapsed=0s processes=metatester64.exe
2026-08-16T17:48:33+00:00 WAIT_MT5 elapsed=62s processes=metatester64.exe
2026-08-16T17:49:35+00:00 WAIT_MT5 elapsed=123s processes=metatester64.exe
2026-08-16T17:50:36+00:00 WAIT_MT5 elapsed=184s processes=metatester64.exe
2026-08-16T17:51:37+00:00 WAIT_MT5 elapsed=246s processes=metatester64.exe
2026-08-16T17:52:39+00:00 KILL_ORPHAN_TESTER elapsed=307s
2026-08-16T17:53:59+00:00 RUN_END id=GDD29_16 window=IS status=UNVERIFIED decision=UNVERIFIED_MAGIC_GATE elapsed=387.611s
2026-08-16T17:53:59+00:00 RUN_START id=GDD29_17 family=sca_range_end window=IS run=gdd2p_is_gdd29_17_20260817025359_eed247
2026-08-16T17:55:05+00:00 RUN_END id=GDD29_17 window=IS status=UNVERIFIED decision=UNVERIFIED_MAGIC_GATE elapsed=65.429s
2026-08-16T17:55:05+00:00 RUN_START id=GDD29_18 family=sca_range_end window=IS run=gdd2p_is_gdd29_18_20260817025505_79883f
2026-08-16T17:56:15+00:00 RUN_END id=GDD29_18 window=IS status=UNVERIFIED decision=UNVERIFIED_MAGIC_GATE elapsed=70.390s
2026-08-16T17:56:15+00:00 RUN_START id=GDD29_19 family=sca_range_end window=IS run=gdd2p_is_gdd29_19_20260817025615_7f60c8
2026-08-16T17:57:25+00:00 RUN_END id=GDD29_19 window=IS status=UNVERIFIED decision=UNVERIFIED_MAGIC_GATE elapsed=70.375s
2026-08-16T17:57:25+00:00 RUN_START id=GDD29_20 family=sca_range_end window=IS run=gdd2p_is_gdd29_20_20260817025725_95ebed
2026-08-16T17:58:31+00:00 RUN_END id=GDD29_20 window=IS status=UNVERIFIED decision=UNVERIFIED_MAGIC_GATE elapsed=65.390s
2026-08-16T17:58:31+00:00 RUN_START id=GDD32_01 family=sca_one_direction window=IS run=gdd2p_is_gdd32_01_20260817025831_33a2b8
2026-08-16T17:59:41+00:00 RUN_END id=GDD32_01 window=IS status=OK decision=IS_SURVIVOR_TRADEOFF elapsed=70.381s
2026-08-16T17:59:41+00:00 RUN_START id=GDD32_01 family=sca_one_direction window=OOS run=gdd2p_oos_gdd32_01_20260817025941_c2779a
2026-08-16T18:00:32+00:00 RUN_END id=GDD32_01 window=OOS status=OK decision=OOS_REJECT elapsed=50.426s
2026-08-16T18:00:32+00:00 GATE_SKIP id=GDD32_01 window=XM5 reason=OOS_NOT_STRICT
2026-08-16T18:00:32+00:00 RUN_START id=GDD32_02 family=sca_one_direction window=IS run=gdd2p_is_gdd32_02_20260817030032_5bbb1a
2026-08-16T18:01:42+00:00 RUN_END id=GDD32_02 window=IS status=OK decision=IS_SURVIVOR_TRADEOFF elapsed=70.410s
2026-08-16T18:01:42+00:00 RUN_START id=GDD32_02 family=sca_one_direction window=OOS run=gdd2p_oos_gdd32_02_20260817030142_96e781
2026-08-16T18:02:33+00:00 RUN_END id=GDD32_02 window=OOS status=OK decision=OOS_REJECT elapsed=50.413s
2026-08-16T18:02:33+00:00 GATE_SKIP id=GDD32_02 window=XM5 reason=OOS_NOT_STRICT
2026-08-16T18:02:33+00:00 RUN_START id=GDD32_03 family=sca_one_direction window=IS run=gdd2p_is_gdd32_03_20260817030233_db20e4
2026-08-16T18:03:43+00:00 RUN_END id=GDD32_03 window=IS status=OK decision=IS_SURVIVOR_TRADEOFF elapsed=70.403s
2026-08-16T18:03:43+00:00 RUN_START id=GDD32_03 family=sca_one_direction window=OOS run=gdd2p_oos_gdd32_03_20260817030343_e81b45
2026-08-16T18:04:33+00:00 RUN_END id=GDD32_03 window=OOS status=OK decision=OOS_REJECT elapsed=50.414s
2026-08-16T18:04:33+00:00 GATE_SKIP id=GDD32_03 window=XM5 reason=OOS_NOT_STRICT
2026-08-16T18:04:33+00:00 RUN_START id=GDD32_04 family=sca_one_direction window=IS run=gdd2p_is_gdd32_04_20260817030433_2b5700
2026-08-16T18:05:44+00:00 RUN_END id=GDD32_04 window=IS status=OK decision=IS_SURVIVOR_TRADEOFF elapsed=70.390s
2026-08-16T18:05:44+00:00 RUN_START id=GDD32_04 family=sca_one_direction window=OOS run=gdd2p_oos_gdd32_04_20260817030544_0ec9a1
2026-08-16T18:06:29+00:00 RUN_END id=GDD32_04 window=OOS status=OK decision=OOS_REJECT elapsed=45.422s
2026-08-16T18:06:29+00:00 GATE_SKIP id=GDD32_04 window=XM5 reason=OOS_NOT_STRICT
2026-08-16T18:06:29+00:00 RUN_START id=GDD32_05 family=sca_one_direction window=IS run=gdd2p_is_gdd32_05_20260817030629_9095ab
2026-08-16T18:07:40+00:00 RUN_END id=GDD32_05 window=IS status=OK decision=IS_SURVIVOR_TRADEOFF elapsed=70.407s
2026-08-16T18:07:40+00:00 RUN_START id=GDD32_05 family=sca_one_direction window=OOS run=gdd2p_oos_gdd32_05_20260817030740_5a166b
2026-08-16T18:08:30+00:00 RUN_END id=GDD32_05 window=OOS status=OK decision=OOS_REJECT elapsed=50.402s
2026-08-16T18:08:30+00:00 GATE_SKIP id=GDD32_05 window=XM5 reason=OOS_NOT_STRICT
2026-08-16T18:08:30+00:00 RUN_START id=GDD32_06 family=sca_one_direction window=IS run=gdd2p_is_gdd32_06_20260817030830_9dd852
2026-08-16T18:09:40+00:00 RUN_END id=GDD32_06 window=IS status=OK decision=IS_SURVIVOR_TRADEOFF elapsed=70.379s
2026-08-16T18:09:40+00:00 RUN_START id=GDD32_06 family=sca_one_direction window=OOS run=gdd2p_oos_gdd32_06_20260817030940_94945d
2026-08-16T18:10:26+00:00 RUN_END id=GDD32_06 window=OOS status=OK decision=OOS_REJECT elapsed=45.404s
2026-08-16T18:10:26+00:00 GATE_SKIP id=GDD32_06 window=XM5 reason=OOS_NOT_STRICT
2026-08-16T18:10:26+00:00 RUN_START id=GDD32_07 family=sca_one_direction window=IS run=gdd2p_is_gdd32_07_20260817031026_480e74
2026-08-16T18:11:36+00:00 RUN_END id=GDD32_07 window=IS status=OK decision=IS_SURVIVOR_TRADEOFF elapsed=70.392s
2026-08-16T18:11:36+00:00 RUN_START id=GDD32_07 family=sca_one_direction window=OOS run=gdd2p_oos_gdd32_07_20260817031136_1adb87
2026-08-16T18:12:22+00:00 RUN_END id=GDD32_07 window=OOS status=OK decision=OOS_REJECT elapsed=45.407s
2026-08-16T18:12:22+00:00 GATE_SKIP id=GDD32_07 window=XM5 reason=OOS_NOT_STRICT
2026-08-16T18:12:22+00:00 RUN_START id=GDD32_08 family=sca_one_direction window=IS run=gdd2p_is_gdd32_08_20260817031222_5e972c
2026-08-16T18:13:27+00:00 RUN_END id=GDD32_08 window=IS status=OK decision=IS_SURVIVOR_TRADEOFF elapsed=65.394s
2026-08-16T18:13:27+00:00 RUN_START id=GDD32_08 family=sca_one_direction window=OOS run=gdd2p_oos_gdd32_08_20260817031327_ea4a3b
2026-08-16T18:14:12+00:00 RUN_END id=GDD32_08 window=OOS status=OK decision=OOS_REJECT elapsed=45.394s
2026-08-16T18:14:12+00:00 GATE_SKIP id=GDD32_08 window=XM5 reason=OOS_NOT_STRICT
2026-08-16T18:14:12+00:00 RUN_START id=GDD32_09 family=sca_one_direction window=IS run=gdd2p_is_gdd32_09_20260817031412_ab5902
2026-08-16T18:15:23+00:00 RUN_END id=GDD32_09 window=IS status=OK decision=IS_SURVIVOR_TRADEOFF elapsed=70.395s
2026-08-16T18:15:23+00:00 RUN_START id=GDD32_09 family=sca_one_direction window=OOS run=gdd2p_oos_gdd32_09_20260817031523_d3dfcf
2026-08-16T18:16:13+00:00 RUN_END id=GDD32_09 window=OOS status=OK decision=OOS_REJECT elapsed=50.391s
2026-08-16T18:16:13+00:00 GATE_SKIP id=GDD32_09 window=XM5 reason=OOS_NOT_STRICT
2026-08-16T18:16:13+00:00 RUN_START id=GDD32_10 family=sca_one_direction window=IS run=gdd2p_is_gdd32_10_20260817031613_9cbe55
2026-08-16T18:17:19+00:00 RUN_END id=GDD32_10 window=IS status=UNVERIFIED decision=UNVERIFIED_MAGIC_GATE elapsed=65.401s
2026-08-16T18:17:19+00:00 RUN_START id=GDD32_11 family=sca_one_direction window=IS run=gdd2p_is_gdd32_11_20260817031719_3a44c4
2026-08-16T18:18:24+00:00 RUN_END id=GDD32_11 window=IS status=OK decision=IS_REJECT elapsed=65.400s
2026-08-16T18:18:24+00:00 GATE_SKIP id=GDD32_11 window=OOS reason=IS_NOT_SURVIVOR
2026-08-16T18:18:24+00:00 GATE_SKIP id=GDD32_11 window=XM5 reason=OOS_NOT_STRICT
2026-08-16T18:18:24+00:00 RUN_START id=GDD32_12 family=sca_one_direction window=IS run=gdd2p_is_gdd32_12_20260817031824_d59c22
2026-08-16T18:19:29+00:00 RUN_END id=GDD32_12 window=IS status=OK decision=IS_REJECT elapsed=65.401s
2026-08-16T18:19:29+00:00 GATE_SKIP id=GDD32_12 window=OOS reason=IS_NOT_SURVIVOR
2026-08-16T18:19:29+00:00 GATE_SKIP id=GDD32_12 window=XM5 reason=OOS_NOT_STRICT
2026-08-16T18:19:29+00:00 RUN_START id=GDD32_13 family=sca_one_direction window=IS run=gdd2p_is_gdd32_13_20260817031929_262e23
2026-08-16T18:20:40+00:00 RUN_END id=GDD32_13 window=IS status=OK decision=IS_SURVIVOR_TRADEOFF elapsed=70.402s
2026-08-16T18:20:40+00:00 RUN_START id=GDD32_13 family=sca_one_direction window=OOS run=gdd2p_oos_gdd32_13_20260817032040_6b5690
2026-08-16T18:21:30+00:00 RUN_END id=GDD32_13 window=OOS status=OK decision=OOS_REJECT elapsed=50.405s
2026-08-16T18:21:30+00:00 GATE_SKIP id=GDD32_13 window=XM5 reason=OOS_NOT_STRICT
2026-08-16T18:21:30+00:00 RUN_START id=GDD32_14 family=sca_one_direction window=IS run=gdd2p_is_gdd32_14_20260817032130_de3c0f
2026-08-16T18:22:41+00:00 RUN_END id=GDD32_14 window=IS status=OK decision=IS_SURVIVOR_TRADEOFF elapsed=70.401s
2026-08-16T18:22:41+00:00 RUN_START id=GDD32_14 family=sca_one_direction window=OOS run=gdd2p_oos_gdd32_14_20260817032241_cc2cdc
2026-08-16T18:23:31+00:00 RUN_END id=GDD32_14 window=OOS status=OK decision=OOS_REJECT elapsed=50.431s
2026-08-16T18:23:31+00:00 GATE_SKIP id=GDD32_14 window=XM5 reason=OOS_NOT_STRICT
2026-08-16T18:23:31+00:00 RUN_START id=GDD32_15 family=sca_one_direction window=IS run=gdd2p_is_gdd32_15_20260817032331_c19967
2026-08-16T18:24:36+00:00 RUN_END id=GDD32_15 window=IS status=OK decision=IS_SURVIVOR_TRADEOFF elapsed=65.369s
2026-08-16T18:24:36+00:00 RUN_START id=GDD32_15 family=sca_one_direction window=OOS run=gdd2p_oos_gdd32_15_20260817032436_656205
2026-08-16T18:25:22+00:00 RUN_END id=GDD32_15 window=OOS status=OK decision=OOS_REJECT elapsed=45.413s
2026-08-16T18:25:22+00:00 GATE_SKIP id=GDD32_15 window=XM5 reason=OOS_NOT_STRICT
2026-08-16T18:25:22+00:00 RUN_START id=GDD32_16 family=sca_one_direction window=IS run=gdd2p_is_gdd32_16_20260817032522_5ff4a5
2026-08-16T18:26:27+00:00 RUN_END id=GDD32_16 window=IS status=OK decision=IS_SURVIVOR_TRADEOFF elapsed=65.382s
2026-08-16T18:26:27+00:00 RUN_START id=GDD32_16 family=sca_one_direction window=OOS run=gdd2p_oos_gdd32_16_20260817032627_fa187b
2026-08-16T18:27:18+00:00 RUN_END id=GDD32_16 window=OOS status=OK decision=OOS_REJECT elapsed=50.407s
2026-08-16T18:27:18+00:00 GATE_SKIP id=GDD32_16 window=XM5 reason=OOS_NOT_STRICT
2026-08-16T18:27:18+00:00 RUN_START id=GDD32_17 family=sca_one_direction window=IS run=gdd2p_is_gdd32_17_20260817032718_031b7a
2026-08-16T18:28:23+00:00 RUN_END id=GDD32_17 window=IS status=OK decision=IS_SURVIVOR_TRADEOFF elapsed=65.398s
2026-08-16T18:28:23+00:00 RUN_START id=GDD32_17 family=sca_one_direction window=OOS run=gdd2p_oos_gdd32_17_20260817032823_aa512a
2026-08-16T18:29:13+00:00 RUN_END id=GDD32_17 window=OOS status=UNVERIFIED decision=UNVERIFIED_MAGIC_GATE elapsed=50.372s
2026-08-16T18:29:13+00:00 RUN_START id=GDD32_18 family=sca_one_direction window=IS run=gdd2p_is_gdd32_18_20260817032913_886f20
2026-08-16T18:30:24+00:00 RUN_END id=GDD32_18 window=IS status=OK decision=IS_SURVIVOR_TRADEOFF elapsed=70.360s
2026-08-16T18:30:24+00:00 RUN_START id=GDD32_18 family=sca_one_direction window=OOS run=gdd2p_oos_gdd32_18_20260817033024_8939e4
2026-08-16T18:31:09+00:00 RUN_END id=GDD32_18 window=OOS status=UNVERIFIED decision=UNVERIFIED_MAGIC_GATE elapsed=45.387s
2026-08-16T18:31:09+00:00 RUN_START id=GDD32_19 family=sca_one_direction window=IS run=gdd2p_is_gdd32_19_20260817033109_f721fe
2026-08-16T18:32:15+00:00 RUN_END id=GDD32_19 window=IS status=UNVERIFIED decision=UNVERIFIED_MAGIC_GATE elapsed=65.391s
2026-08-16T18:32:15+00:00 RUN_START id=GDD32_20 family=sca_one_direction window=IS run=gdd2p_is_gdd32_20_20260817033215_528526
2026-08-16T18:33:20+00:00 RUN_END id=GDD32_20 window=IS status=UNVERIFIED decision=UNVERIFIED_MAGIC_GATE elapsed=65.380s
2026-08-16T18:33:20+00:00 RUN_START id=GDD33_01 family=sca_failed_break window=IS run=gdd2p_is_gdd33_01_20260817033320_47e34e
2026-08-16T18:34:30+00:00 RUN_END id=GDD33_01 window=IS status=OK decision=IS_REJECT elapsed=70.394s
2026-08-16T18:34:30+00:00 GATE_SKIP id=GDD33_01 window=OOS reason=IS_NOT_SURVIVOR
2026-08-16T18:34:30+00:00 GATE_SKIP id=GDD33_01 window=XM5 reason=OOS_NOT_STRICT
2026-08-16T18:34:30+00:00 RUN_START id=GDD33_02 family=sca_failed_break window=IS run=gdd2p_is_gdd33_02_20260817033430_2c789f
2026-08-16T18:35:41+00:00 RUN_END id=GDD33_02 window=IS status=OK decision=IS_REJECT elapsed=70.374s
2026-08-16T18:35:41+00:00 GATE_SKIP id=GDD33_02 window=OOS reason=IS_NOT_SURVIVOR
2026-08-16T18:35:41+00:00 GATE_SKIP id=GDD33_02 window=XM5 reason=OOS_NOT_STRICT
2026-08-16T18:35:41+00:00 RUN_START id=GDD33_03 family=sca_failed_break window=IS run=gdd2p_is_gdd33_03_20260817033541_8a9ade
2026-08-16T18:36:51+00:00 RUN_END id=GDD33_03 window=IS status=OK decision=IS_REJECT elapsed=70.379s
2026-08-16T18:36:51+00:00 GATE_SKIP id=GDD33_03 window=OOS reason=IS_NOT_SURVIVOR
2026-08-16T18:36:51+00:00 GATE_SKIP id=GDD33_03 window=XM5 reason=OOS_NOT_STRICT
2026-08-16T18:36:51+00:00 RUN_START id=GDD33_04 family=sca_failed_break window=IS run=gdd2p_is_gdd33_04_20260817033651_f7599c
2026-08-16T18:38:01+00:00 RUN_END id=GDD33_04 window=IS status=OK decision=IS_REJECT elapsed=70.376s
2026-08-16T18:38:01+00:00 GATE_SKIP id=GDD33_04 window=OOS reason=IS_NOT_SURVIVOR
2026-08-16T18:38:01+00:00 GATE_SKIP id=GDD33_04 window=XM5 reason=OOS_NOT_STRICT
2026-08-16T18:38:01+00:00 RUN_START id=GDD33_05 family=sca_failed_break window=IS run=gdd2p_is_gdd33_05_20260817033801_c7895a
2026-08-16T18:39:12+00:00 RUN_END id=GDD33_05 window=IS status=OK decision=IS_REJECT elapsed=70.396s
2026-08-16T18:39:12+00:00 GATE_SKIP id=GDD33_05 window=OOS reason=IS_NOT_SURVIVOR
2026-08-16T18:39:12+00:00 GATE_SKIP id=GDD33_05 window=XM5 reason=OOS_NOT_STRICT
2026-08-16T18:39:12+00:00 RUN_START id=GDD33_06 family=sca_failed_break window=IS run=gdd2p_is_gdd33_06_20260817033912_4fcf09
2026-08-16T18:40:22+00:00 RUN_END id=GDD33_06 window=IS status=OK decision=IS_REJECT elapsed=70.406s
2026-08-16T18:40:22+00:00 GATE_SKIP id=GDD33_06 window=OOS reason=IS_NOT_SURVIVOR
2026-08-16T18:40:22+00:00 GATE_SKIP id=GDD33_06 window=XM5 reason=OOS_NOT_STRICT
2026-08-16T18:40:22+00:00 RUN_START id=GDD33_07 family=sca_failed_break window=IS run=gdd2p_is_gdd33_07_20260817034022_36d238
2026-08-16T18:41:33+00:00 RUN_END id=GDD33_07 window=IS status=OK decision=IS_REJECT elapsed=70.418s
2026-08-16T18:41:33+00:00 GATE_SKIP id=GDD33_07 window=OOS reason=IS_NOT_SURVIVOR
2026-08-16T18:41:33+00:00 GATE_SKIP id=GDD33_07 window=XM5 reason=OOS_NOT_STRICT
2026-08-16T18:41:33+00:00 RUN_START id=GDD33_08 family=sca_failed_break window=IS run=gdd2p_is_gdd33_08_20260817034133_c2e149
2026-08-16T18:42:43+00:00 RUN_END id=GDD33_08 window=IS status=OK decision=IS_REJECT elapsed=70.417s
2026-08-16T18:42:43+00:00 GATE_SKIP id=GDD33_08 window=OOS reason=IS_NOT_SURVIVOR
2026-08-16T18:42:43+00:00 GATE_SKIP id=GDD33_08 window=XM5 reason=OOS_NOT_STRICT
2026-08-16T18:42:43+00:00 RUN_START id=GDD33_09 family=sca_failed_break window=IS run=gdd2p_is_gdd33_09_20260817034243_c2acbb
2026-08-16T18:43:53+00:00 RUN_END id=GDD33_09 window=IS status=OK decision=IS_REJECT elapsed=70.379s
2026-08-16T18:43:53+00:00 GATE_SKIP id=GDD33_09 window=OOS reason=IS_NOT_SURVIVOR
2026-08-16T18:43:53+00:00 GATE_SKIP id=GDD33_09 window=XM5 reason=OOS_NOT_STRICT
2026-08-16T18:43:53+00:00 RUN_START id=GDD33_10 family=sca_failed_break window=IS run=gdd2p_is_gdd33_10_20260817034353_bcbd31
2026-08-16T18:45:04+00:00 RUN_END id=GDD33_10 window=IS status=OK decision=IS_REJECT elapsed=70.376s
2026-08-16T18:45:04+00:00 GATE_SKIP id=GDD33_10 window=OOS reason=IS_NOT_SURVIVOR
2026-08-16T18:45:04+00:00 GATE_SKIP id=GDD33_10 window=XM5 reason=OOS_NOT_STRICT
2026-08-16T18:45:04+00:00 RUN_START id=GDD33_11 family=sca_failed_break window=IS run=gdd2p_is_gdd33_11_20260817034504_e8cd9d
2026-08-16T18:46:14+00:00 RUN_END id=GDD33_11 window=IS status=OK decision=IS_REJECT elapsed=70.432s
2026-08-16T18:46:14+00:00 GATE_SKIP id=GDD33_11 window=OOS reason=IS_NOT_SURVIVOR
2026-08-16T18:46:14+00:00 GATE_SKIP id=GDD33_11 window=XM5 reason=OOS_NOT_STRICT
2026-08-16T18:46:14+00:00 RUN_START id=GDD33_12 family=sca_failed_break window=IS run=gdd2p_is_gdd33_12_20260817034614_3b99e4
2026-08-16T18:47:25+00:00 RUN_END id=GDD33_12 window=IS status=OK decision=IS_REJECT elapsed=70.404s
2026-08-16T18:47:25+00:00 GATE_SKIP id=GDD33_12 window=OOS reason=IS_NOT_SURVIVOR
2026-08-16T18:47:25+00:00 GATE_SKIP id=GDD33_12 window=XM5 reason=OOS_NOT_STRICT
2026-08-16T18:47:25+00:00 RUN_START id=GDD33_13 family=sca_failed_break window=IS run=gdd2p_is_gdd33_13_20260817034725_a94565
2026-08-16T18:48:35+00:00 RUN_END id=GDD33_13 window=IS status=OK decision=IS_REJECT elapsed=70.393s
2026-08-16T18:48:35+00:00 GATE_SKIP id=GDD33_13 window=OOS reason=IS_NOT_SURVIVOR
2026-08-16T18:48:35+00:00 GATE_SKIP id=GDD33_13 window=XM5 reason=OOS_NOT_STRICT
2026-08-16T18:48:35+00:00 RUN_START id=GDD33_14 family=sca_failed_break window=IS run=gdd2p_is_gdd33_14_20260817034835_6ff431
2026-08-16T18:49:46+00:00 RUN_END id=GDD33_14 window=IS status=OK decision=IS_REJECT elapsed=70.415s
2026-08-16T18:49:46+00:00 GATE_SKIP id=GDD33_14 window=OOS reason=IS_NOT_SURVIVOR
2026-08-16T18:49:46+00:00 GATE_SKIP id=GDD33_14 window=XM5 reason=OOS_NOT_STRICT
2026-08-16T18:49:46+00:00 RUN_START id=GDD33_15 family=sca_failed_break window=IS run=gdd2p_is_gdd33_15_20260817034946_cc6990
2026-08-16T18:50:56+00:00 RUN_END id=GDD33_15 window=IS status=OK decision=IS_REJECT elapsed=70.385s
2026-08-16T18:50:56+00:00 GATE_SKIP id=GDD33_15 window=OOS reason=IS_NOT_SURVIVOR
2026-08-16T18:50:56+00:00 GATE_SKIP id=GDD33_15 window=XM5 reason=OOS_NOT_STRICT
2026-08-16T18:50:56+00:00 RUN_START id=GDD33_16 family=sca_failed_break window=IS run=gdd2p_is_gdd33_16_20260817035056_ef6f9b
2026-08-16T18:52:06+00:00 RUN_END id=GDD33_16 window=IS status=OK decision=IS_REJECT elapsed=70.366s
2026-08-16T18:52:06+00:00 GATE_SKIP id=GDD33_16 window=OOS reason=IS_NOT_SURVIVOR
2026-08-16T18:52:06+00:00 GATE_SKIP id=GDD33_16 window=XM5 reason=OOS_NOT_STRICT
2026-08-16T18:52:06+00:00 RUN_START id=GDD33_17 family=sca_failed_break window=IS run=gdd2p_is_gdd33_17_20260817035206_4c9d7a
2026-08-16T18:53:17+00:00 RUN_END id=GDD33_17 window=IS status=OK decision=IS_REJECT elapsed=70.434s
2026-08-16T18:53:17+00:00 GATE_SKIP id=GDD33_17 window=OOS reason=IS_NOT_SURVIVOR
2026-08-16T18:53:17+00:00 GATE_SKIP id=GDD33_17 window=XM5 reason=OOS_NOT_STRICT
2026-08-16T18:53:17+00:00 RUN_START id=GDD33_18 family=sca_failed_break window=IS run=gdd2p_is_gdd33_18_20260817035317_570d3a
2026-08-16T18:54:27+00:00 RUN_END id=GDD33_18 window=IS status=OK decision=IS_REJECT elapsed=70.416s
2026-08-16T18:54:27+00:00 GATE_SKIP id=GDD33_18 window=OOS reason=IS_NOT_SURVIVOR
2026-08-16T18:54:27+00:00 GATE_SKIP id=GDD33_18 window=XM5 reason=OOS_NOT_STRICT
2026-08-16T18:54:27+00:00 RUN_START id=GDD33_19 family=sca_failed_break window=IS run=gdd2p_is_gdd33_19_20260817035427_8219ff
2026-08-16T18:55:38+00:00 RUN_END id=GDD33_19 window=IS status=OK decision=IS_SURVIVOR_TRADEOFF elapsed=70.411s
2026-08-16T18:55:38+00:00 RUN_START id=GDD33_19 family=sca_failed_break window=OOS run=gdd2p_oos_gdd33_19_20260817035538_44e716
2026-08-16T18:56:28+00:00 RUN_END id=GDD33_19 window=OOS status=OK decision=OOS_REJECT elapsed=50.391s
2026-08-16T18:56:28+00:00 GATE_SKIP id=GDD33_19 window=XM5 reason=OOS_NOT_STRICT
2026-08-16T18:56:28+00:00 RUN_START id=GDD33_20 family=sca_failed_break window=IS run=gdd2p_is_gdd33_20_20260817035628_7ecd7a
2026-08-16T18:57:38+00:00 RUN_END id=GDD33_20 window=IS status=OK decision=IS_REJECT elapsed=70.396s
2026-08-16T18:57:38+00:00 GATE_SKIP id=GDD33_20 window=OOS reason=IS_NOT_SURVIVOR
2026-08-16T18:57:38+00:00 GATE_SKIP id=GDD33_20 window=XM5 reason=OOS_NOT_STRICT
2026-08-16T18:57:38+00:00 RUN_START id=GDD35_01 family=portfolio_loss_cooldown window=IS run=gdd2p_is_gdd35_01_20260817035738_7afe2b
2026-08-16T18:58:49+00:00 RUN_END id=GDD35_01 window=IS status=OK decision=IS_SURVIVOR_STRICT elapsed=70.419s
2026-08-16T18:58:49+00:00 RUN_START id=GDD35_01 family=portfolio_loss_cooldown window=OOS run=gdd2p_oos_gdd35_01_20260817035849_538bd3
2026-08-16T18:59:39+00:00 RUN_END id=GDD35_01 window=OOS status=OK decision=OOS_REJECT elapsed=50.430s
2026-08-16T18:59:39+00:00 GATE_SKIP id=GDD35_01 window=XM5 reason=OOS_NOT_STRICT
2026-08-16T18:59:39+00:00 RUN_START id=GDD35_02 family=portfolio_loss_cooldown window=IS run=gdd2p_is_gdd35_02_20260817035939_581eda
2026-08-16T19:00:50+00:00 RUN_END id=GDD35_02 window=IS status=OK decision=IS_SURVIVOR_TRADEOFF elapsed=70.411s
2026-08-16T19:00:50+00:00 RUN_START id=GDD35_02 family=portfolio_loss_cooldown window=OOS run=gdd2p_oos_gdd35_02_20260817040050_178819
2026-08-16T19:01:40+00:00 RUN_END id=GDD35_02 window=OOS status=OK decision=OOS_REJECT elapsed=50.424s
2026-08-16T19:01:40+00:00 GATE_SKIP id=GDD35_02 window=XM5 reason=OOS_NOT_STRICT
2026-08-16T19:01:40+00:00 RUN_START id=GDD35_03 family=portfolio_loss_cooldown window=IS run=gdd2p_is_gdd35_03_20260817040140_f1691b
2026-08-16T19:02:50+00:00 RUN_END id=GDD35_03 window=IS status=OK decision=IS_SURVIVOR_STRICT elapsed=70.383s
2026-08-16T19:02:50+00:00 RUN_START id=GDD35_03 family=portfolio_loss_cooldown window=OOS run=gdd2p_oos_gdd35_03_20260817040250_f71f7b
2026-08-16T19:03:41+00:00 RUN_END id=GDD35_03 window=OOS status=OK decision=OOS_STRICT_PASS elapsed=50.418s
2026-08-16T19:03:41+00:00 RUN_START id=GDD35_03 family=portfolio_loss_cooldown window=XM5 run=gdd2p_xm5_gdd35_03_20260817040341_47a8db
2026-08-16T19:11:31+00:00 RUN_END id=GDD35_03 window=XM5 status=OK decision=XM5_MEASURED elapsed=470.438s
2026-08-16T19:11:31+00:00 RUN_START id=GDD35_04 family=portfolio_loss_cooldown window=IS run=gdd2p_is_gdd35_04_20260817041131_407387
2026-08-16T19:11:32+00:00 WAIT_MT5 elapsed=0s processes=metatester64.exe
2026-08-16T19:12:33+00:00 WAIT_MT5 elapsed=62s processes=metatester64.exe
2026-08-16T19:13:34+00:00 WAIT_MT5 elapsed=123s processes=metatester64.exe
2026-08-16T19:14:36+00:00 WAIT_MT5 elapsed=185s processes=metatester64.exe
2026-08-16T19:15:37+00:00 WAIT_MT5 elapsed=246s processes=metatester64.exe
2026-08-16T19:16:39+00:00 KILL_ORPHAN_TESTER elapsed=307s
2026-08-16T19:18:04+00:00 RUN_END id=GDD35_04 window=IS status=OK decision=IS_SURVIVOR_STRICT elapsed=392.804s
2026-08-16T19:18:04+00:00 RUN_START id=GDD35_04 family=portfolio_loss_cooldown window=OOS run=gdd2p_oos_gdd35_04_20260817041804_6368a3
2026-08-16T19:18:55+00:00 RUN_END id=GDD35_04 window=OOS status=OK decision=OOS_STRICT_PASS elapsed=50.451s
2026-08-16T19:18:55+00:00 RUN_START id=GDD35_04 family=portfolio_loss_cooldown window=XM5 run=gdd2p_xm5_gdd35_04_20260817041855_2aad8d
2026-08-16T19:26:45+00:00 RUN_END id=GDD35_04 window=XM5 status=OK decision=XM5_MEASURED elapsed=470.395s
2026-08-16T19:26:45+00:00 RUN_START id=GDD35_05 family=portfolio_loss_cooldown window=IS run=gdd2p_is_gdd35_05_20260817042645_12faf9
2026-08-16T19:26:45+00:00 WAIT_MT5 elapsed=0s processes=metatester64.exe
2026-08-16T19:27:47+00:00 WAIT_MT5 elapsed=62s processes=metatester64.exe
2026-08-16T19:28:48+00:00 WAIT_MT5 elapsed=123s processes=metatester64.exe
2026-08-16T19:29:49+00:00 WAIT_MT5 elapsed=185s processes=metatester64.exe
2026-08-16T19:30:51+00:00 WAIT_MT5 elapsed=246s processes=metatester64.exe
2026-08-16T19:31:52+00:00 KILL_ORPHAN_TESTER elapsed=307s
2026-08-16T19:33:18+00:00 RUN_END id=GDD35_05 window=IS status=OK decision=IS_SURVIVOR_STRICT elapsed=392.705s
2026-08-16T19:33:18+00:00 RUN_START id=GDD35_05 family=portfolio_loss_cooldown window=OOS run=gdd2p_oos_gdd35_05_20260817043318_ed1f56
2026-08-16T19:34:08+00:00 RUN_END id=GDD35_05 window=OOS status=OK decision=OOS_STRICT_PASS elapsed=50.439s
2026-08-16T19:34:08+00:00 RUN_START id=GDD35_05 family=portfolio_loss_cooldown window=XM5 run=gdd2p_xm5_gdd35_05_20260817043408_52d9bf
2026-08-16T19:53:38+00:00 RUN_END id=GDD35_05 window=XM5 status=FAILED decision=RUN_FAILED elapsed=1169.554s
2026-08-16T19:53:38+00:00 RUN_START id=GDD35_06 family=portfolio_loss_cooldown window=IS run=gdd2p_is_gdd35_06_20260817045338_2e789c
2026-08-16T19:54:53+00:00 RUN_END id=GDD35_06 window=IS status=OK decision=IS_SURVIVOR_STRICT elapsed=75.409s
2026-08-16T19:54:53+00:00 RUN_START id=GDD35_06 family=portfolio_loss_cooldown window=OOS run=gdd2p_oos_gdd35_06_20260817045453_40d6b2
2026-08-16T19:55:43+00:00 RUN_END id=GDD35_06 window=OOS status=OK decision=OOS_STRICT_PASS elapsed=50.440s
2026-08-16T19:55:43+00:00 RUN_START id=GDD35_06 family=portfolio_loss_cooldown window=XM5 run=gdd2p_xm5_gdd35_06_20260817045543_2e70ae
2026-08-16T22:10:10+00:00 RUN_END id=GDD35_06 window=XM5 status=FAILED decision=RUN_FAILED elapsed=8066.467s
2026-08-16T22:10:10+00:00 RUN_START id=GDD35_07 family=portfolio_loss_cooldown window=IS run=gdd2p_is_gdd35_07_20260817071010_5dc489
2026-08-16T22:11:26+00:00 RUN_END id=GDD35_07 window=IS status=OK decision=IS_SURVIVOR_STRICT elapsed=76.750s
2026-08-16T22:11:27+00:00 RUN_START id=GDD35_07 family=portfolio_loss_cooldown window=OOS run=gdd2p_oos_gdd35_07_20260817071126_fbc0e7
2026-08-16T22:12:17+00:00 RUN_END id=GDD35_07 window=OOS status=OK decision=OOS_STRICT_PASS elapsed=50.450s
2026-08-16T22:12:17+00:00 RUN_START id=GDD35_07 family=portfolio_loss_cooldown window=XM5 run=gdd2p_xm5_gdd35_07_20260817071217_b6498e
2026-08-16T22:20:22+00:00 RUN_END id=GDD35_07 window=XM5 status=OK decision=XM5_MEASURED elapsed=485.456s
2026-08-16T22:20:22+00:00 RUN_START id=GDD35_08 family=portfolio_loss_cooldown window=IS run=gdd2p_is_gdd35_08_20260817072022_b2dc1e
2026-08-16T22:20:23+00:00 WAIT_MT5 elapsed=0s processes=metatester64.exe
2026-08-16T22:21:24+00:00 WAIT_MT5 elapsed=62s processes=metatester64.exe
2026-08-16T22:22:26+00:00 WAIT_MT5 elapsed=123s processes=metatester64.exe
2026-08-16T22:23:27+00:00 WAIT_MT5 elapsed=185s processes=metatester64.exe
2026-08-16T22:24:28+00:00 WAIT_MT5 elapsed=246s processes=metatester64.exe
2026-08-16T22:25:30+00:00 KILL_ORPHAN_TESTER elapsed=307s
2026-08-16T22:26:55+00:00 RUN_END id=GDD35_08 window=IS status=OK decision=IS_SURVIVOR_STRICT elapsed=392.964s
2026-08-16T22:26:55+00:00 RUN_START id=GDD35_08 family=portfolio_loss_cooldown window=OOS run=gdd2p_oos_gdd35_08_20260817072655_debeb3
2026-08-16T22:27:41+00:00 RUN_END id=GDD35_08 window=OOS status=OK decision=OOS_STRICT_PASS elapsed=45.433s
2026-08-16T22:27:41+00:00 RUN_START id=GDD35_08 family=portfolio_loss_cooldown window=XM5 run=gdd2p_xm5_gdd35_08_20260817072741_9706ec
2026-08-16T22:35:21+00:00 RUN_END id=GDD35_08 window=XM5 status=OK decision=XM5_MEASURED elapsed=460.434s
2026-08-16T22:35:21+00:00 RUN_START id=GDD35_09 family=portfolio_loss_cooldown window=IS run=gdd2p_is_gdd35_09_20260817073521_1a99b7
2026-08-16T22:36:32+00:00 RUN_END id=GDD35_09 window=IS status=OK decision=IS_REJECT elapsed=70.399s
2026-08-16T22:36:32+00:00 GATE_SKIP id=GDD35_09 window=OOS reason=IS_NOT_SURVIVOR
2026-08-16T22:36:32+00:00 GATE_SKIP id=GDD35_09 window=XM5 reason=OOS_NOT_STRICT
2026-08-16T22:36:32+00:00 RUN_START id=GDD35_10 family=portfolio_loss_cooldown window=IS run=gdd2p_is_gdd35_10_20260817073632_e64a82
2026-08-16T22:37:42+00:00 RUN_END id=GDD35_10 window=IS status=OK decision=IS_REJECT elapsed=70.434s
2026-08-16T22:37:42+00:00 GATE_SKIP id=GDD35_10 window=OOS reason=IS_NOT_SURVIVOR
2026-08-16T22:37:42+00:00 GATE_SKIP id=GDD35_10 window=XM5 reason=OOS_NOT_STRICT
2026-08-16T22:37:42+00:00 RUN_START id=GDD35_11 family=portfolio_loss_cooldown window=IS run=gdd2p_is_gdd35_11_20260817073742_5d7286
2026-08-16T22:38:52+00:00 RUN_END id=GDD35_11 window=IS status=OK decision=IS_REJECT elapsed=70.409s
2026-08-16T22:38:52+00:00 GATE_SKIP id=GDD35_11 window=OOS reason=IS_NOT_SURVIVOR
2026-08-16T22:38:52+00:00 GATE_SKIP id=GDD35_11 window=XM5 reason=OOS_NOT_STRICT
2026-08-16T22:38:52+00:00 RUN_START id=GDD35_12 family=portfolio_loss_cooldown window=IS run=gdd2p_is_gdd35_12_20260817073852_361eee
2026-08-16T22:40:03+00:00 RUN_END id=GDD35_12 window=IS status=OK decision=IS_REJECT elapsed=70.408s
2026-08-16T22:40:03+00:00 GATE_SKIP id=GDD35_12 window=OOS reason=IS_NOT_SURVIVOR
2026-08-16T22:40:03+00:00 GATE_SKIP id=GDD35_12 window=XM5 reason=OOS_NOT_STRICT
2026-08-16T22:40:03+00:00 RUN_START id=GDD35_13 family=portfolio_loss_cooldown window=IS run=gdd2p_is_gdd35_13_20260817074003_a70fb3
2026-08-16T22:41:13+00:00 RUN_END id=GDD35_13 window=IS status=OK decision=IS_SURVIVOR_TRADEOFF elapsed=70.433s
2026-08-16T22:41:13+00:00 RUN_START id=GDD35_13 family=portfolio_loss_cooldown window=OOS run=gdd2p_oos_gdd35_13_20260817074113_81ef1c
2026-08-16T22:42:04+00:00 RUN_END id=GDD35_13 window=OOS status=OK decision=OOS_REJECT elapsed=50.423s
2026-08-16T22:42:04+00:00 GATE_SKIP id=GDD35_13 window=XM5 reason=OOS_NOT_STRICT
2026-08-16T22:42:04+00:00 RUN_START id=GDD35_14 family=portfolio_loss_cooldown window=IS run=gdd2p_is_gdd35_14_20260817074204_897d4a
2026-08-16T22:43:14+00:00 RUN_END id=GDD35_14 window=IS status=OK decision=IS_SURVIVOR_TRADEOFF elapsed=70.410s
2026-08-16T22:43:14+00:00 RUN_START id=GDD35_14 family=portfolio_loss_cooldown window=OOS run=gdd2p_oos_gdd35_14_20260817074314_866a90
2026-08-16T22:44:04+00:00 RUN_END id=GDD35_14 window=OOS status=OK decision=OOS_REJECT elapsed=50.439s
2026-08-16T22:44:04+00:00 GATE_SKIP id=GDD35_14 window=XM5 reason=OOS_NOT_STRICT
2026-08-16T22:44:04+00:00 RUN_START id=GDD35_15 family=portfolio_loss_cooldown window=IS run=gdd2p_is_gdd35_15_20260817074404_5a4635
2026-08-16T22:45:10+00:00 RUN_END id=GDD35_15 window=IS status=OK decision=IS_SURVIVOR_TRADEOFF elapsed=65.403s
2026-08-16T22:45:10+00:00 RUN_START id=GDD35_15 family=portfolio_loss_cooldown window=OOS run=gdd2p_oos_gdd35_15_20260817074510_2e81a8
2026-08-16T22:45:55+00:00 RUN_END id=GDD35_15 window=OOS status=OK decision=OOS_REJECT elapsed=45.419s
2026-08-16T22:45:55+00:00 GATE_SKIP id=GDD35_15 window=XM5 reason=OOS_NOT_STRICT
2026-08-16T22:45:55+00:00 RUN_START id=GDD35_16 family=portfolio_loss_cooldown window=IS run=gdd2p_is_gdd35_16_20260817074555_e6a40f
2026-08-16T22:47:06+00:00 RUN_END id=GDD35_16 window=IS status=OK decision=IS_SURVIVOR_TRADEOFF elapsed=70.395s
2026-08-16T22:47:06+00:00 RUN_START id=GDD35_16 family=portfolio_loss_cooldown window=OOS run=gdd2p_oos_gdd35_16_20260817074706_f99d1b
2026-08-16T22:47:56+00:00 RUN_END id=GDD35_16 window=OOS status=OK decision=OOS_REJECT elapsed=50.415s
2026-08-16T22:47:56+00:00 GATE_SKIP id=GDD35_16 window=XM5 reason=OOS_NOT_STRICT
2026-08-16T22:47:56+00:00 RUN_START id=GDD35_17 family=portfolio_loss_cooldown window=IS run=gdd2p_is_gdd35_17_20260817074756_80b703
2026-08-16T22:49:01+00:00 RUN_END id=GDD35_17 window=IS status=OK decision=IS_REJECT elapsed=65.405s
2026-08-16T22:49:01+00:00 GATE_SKIP id=GDD35_17 window=OOS reason=IS_NOT_SURVIVOR
2026-08-16T22:49:01+00:00 GATE_SKIP id=GDD35_17 window=XM5 reason=OOS_NOT_STRICT
2026-08-16T22:49:01+00:00 RUN_START id=GDD35_18 family=portfolio_loss_cooldown window=IS run=gdd2p_is_gdd35_18_20260817074901_4af1f0
2026-08-16T22:50:12+00:00 RUN_END id=GDD35_18 window=IS status=OK decision=IS_REJECT elapsed=70.403s
2026-08-16T22:50:12+00:00 GATE_SKIP id=GDD35_18 window=OOS reason=IS_NOT_SURVIVOR
2026-08-16T22:50:12+00:00 GATE_SKIP id=GDD35_18 window=XM5 reason=OOS_NOT_STRICT
2026-08-16T22:50:12+00:00 RUN_START id=GDD35_19 family=portfolio_loss_cooldown window=IS run=gdd2p_is_gdd35_19_20260817075012_435237
2026-08-16T22:51:22+00:00 RUN_END id=GDD35_19 window=IS status=OK decision=IS_REJECT elapsed=70.391s
2026-08-16T22:51:22+00:00 GATE_SKIP id=GDD35_19 window=OOS reason=IS_NOT_SURVIVOR
2026-08-16T22:51:22+00:00 GATE_SKIP id=GDD35_19 window=XM5 reason=OOS_NOT_STRICT
2026-08-16T22:51:22+00:00 RUN_START id=GDD35_20 family=portfolio_loss_cooldown window=IS run=gdd2p_is_gdd35_20_20260817075122_9177f4
2026-08-16T22:52:28+00:00 RUN_END id=GDD35_20 window=IS status=OK decision=IS_SURVIVOR_TRADEOFF elapsed=65.392s
2026-08-16T22:52:28+00:00 RUN_START id=GDD35_20 family=portfolio_loss_cooldown window=OOS run=gdd2p_oos_gdd35_20_20260817075228_46e76c
2026-08-16T22:53:13+00:00 RUN_END id=GDD35_20 window=OOS status=OK decision=OOS_REJECT elapsed=45.457s
2026-08-16T22:53:13+00:00 GATE_SKIP id=GDD35_20 window=XM5 reason=OOS_NOT_STRICT
2026-08-16T22:53:13+00:00 RUN_START id=GDD36_01 family=sleeve_loss_cooldown window=IS run=gdd2p_is_gdd36_01_20260817075313_12bc47
2026-08-16T22:54:23+00:00 RUN_END id=GDD36_01 window=IS status=OK decision=IS_REJECT elapsed=70.398s
2026-08-16T22:54:23+00:00 GATE_SKIP id=GDD36_01 window=OOS reason=IS_NOT_SURVIVOR
2026-08-16T22:54:23+00:00 GATE_SKIP id=GDD36_01 window=XM5 reason=OOS_NOT_STRICT
2026-08-16T22:54:23+00:00 RUN_START id=GDD36_02 family=sleeve_loss_cooldown window=IS run=gdd2p_is_gdd36_02_20260817075423_52c646
2026-08-16T22:55:34+00:00 RUN_END id=GDD36_02 window=IS status=OK decision=IS_REJECT elapsed=70.429s
2026-08-16T22:55:34+00:00 GATE_SKIP id=GDD36_02 window=OOS reason=IS_NOT_SURVIVOR
2026-08-16T22:55:34+00:00 GATE_SKIP id=GDD36_02 window=XM5 reason=OOS_NOT_STRICT
2026-08-16T22:55:34+00:00 RUN_START id=GDD36_03 family=sleeve_loss_cooldown window=IS run=gdd2p_is_gdd36_03_20260817075534_99cce6
2026-08-16T22:56:44+00:00 RUN_END id=GDD36_03 window=IS status=OK decision=IS_REJECT elapsed=70.393s
2026-08-16T22:56:44+00:00 GATE_SKIP id=GDD36_03 window=OOS reason=IS_NOT_SURVIVOR
2026-08-16T22:56:44+00:00 GATE_SKIP id=GDD36_03 window=XM5 reason=OOS_NOT_STRICT
2026-08-16T22:56:44+00:00 RUN_START id=GDD36_04 family=sleeve_loss_cooldown window=IS run=gdd2p_is_gdd36_04_20260817075644_e156da
2026-08-16T22:57:55+00:00 RUN_END id=GDD36_04 window=IS status=OK decision=IS_REJECT elapsed=70.399s
2026-08-16T22:57:55+00:00 GATE_SKIP id=GDD36_04 window=OOS reason=IS_NOT_SURVIVOR
2026-08-16T22:57:55+00:00 GATE_SKIP id=GDD36_04 window=XM5 reason=OOS_NOT_STRICT
2026-08-16T22:57:55+00:00 RUN_START id=GDD36_05 family=sleeve_loss_cooldown window=IS run=gdd2p_is_gdd36_05_20260817075755_b66e8d
2026-08-16T22:59:05+00:00 RUN_END id=GDD36_05 window=IS status=OK decision=IS_REJECT elapsed=70.434s
2026-08-16T22:59:05+00:00 GATE_SKIP id=GDD36_05 window=OOS reason=IS_NOT_SURVIVOR
2026-08-16T22:59:05+00:00 GATE_SKIP id=GDD36_05 window=XM5 reason=OOS_NOT_STRICT
2026-08-16T22:59:05+00:00 RUN_START id=GDD36_06 family=sleeve_loss_cooldown window=IS run=gdd2p_is_gdd36_06_20260817075905_28d963
2026-08-16T23:00:15+00:00 RUN_END id=GDD36_06 window=IS status=OK decision=IS_REJECT elapsed=70.397s
2026-08-16T23:00:15+00:00 GATE_SKIP id=GDD36_06 window=OOS reason=IS_NOT_SURVIVOR
2026-08-16T23:00:15+00:00 GATE_SKIP id=GDD36_06 window=XM5 reason=OOS_NOT_STRICT
2026-08-16T23:00:15+00:00 RUN_START id=GDD36_07 family=sleeve_loss_cooldown window=IS run=gdd2p_is_gdd36_07_20260817080015_00f6c2
2026-08-16T23:01:26+00:00 RUN_END id=GDD36_07 window=IS status=OK decision=IS_SURVIVOR_STRICT elapsed=70.407s
2026-08-16T23:01:26+00:00 RUN_START id=GDD36_07 family=sleeve_loss_cooldown window=OOS run=gdd2p_oos_gdd36_07_20260817080126_648414
2026-08-16T23:02:16+00:00 RUN_END id=GDD36_07 window=OOS status=OK decision=OOS_STRICT_PASS elapsed=50.469s
2026-08-16T23:02:16+00:00 RUN_START id=GDD36_07 family=sleeve_loss_cooldown window=XM5 run=gdd2p_xm5_gdd36_07_20260817080216_7679a7
2026-08-16T23:09:52+00:00 RUN_END id=GDD36_07 window=XM5 status=OK decision=XM5_MEASURED elapsed=455.455s
2026-08-16T23:09:52+00:00 RUN_START id=GDD36_08 family=sleeve_loss_cooldown window=IS run=gdd2p_is_gdd36_08_20260817080952_9fe41b
2026-08-16T23:09:52+00:00 WAIT_MT5 elapsed=0s processes=metatester64.exe
2026-08-16T23:10:54+00:00 WAIT_MT5 elapsed=62s processes=metatester64.exe
2026-08-16T23:11:55+00:00 WAIT_MT5 elapsed=123s processes=metatester64.exe
2026-08-16T23:12:56+00:00 WAIT_MT5 elapsed=185s processes=metatester64.exe
2026-08-16T23:13:58+00:00 WAIT_MT5 elapsed=246s processes=metatester64.exe
2026-08-16T23:14:59+00:00 KILL_ORPHAN_TESTER elapsed=307s
2026-08-16T23:16:25+00:00 RUN_END id=GDD36_08 window=IS status=OK decision=IS_SURVIVOR_TRADEOFF elapsed=392.989s
2026-08-16T23:16:25+00:00 RUN_START id=GDD36_08 family=sleeve_loss_cooldown window=OOS run=gdd2p_oos_gdd36_08_20260817081625_ef68c0
2026-08-16T23:17:15+00:00 RUN_END id=GDD36_08 window=OOS status=OK decision=OOS_REJECT elapsed=50.463s
2026-08-16T23:17:15+00:00 GATE_SKIP id=GDD36_08 window=XM5 reason=OOS_NOT_STRICT
2026-08-16T23:17:15+00:00 RUN_START id=GDD36_09 family=sleeve_loss_cooldown window=IS run=gdd2p_is_gdd36_09_20260817081715_aa544d
2026-08-16T23:18:26+00:00 RUN_END id=GDD36_09 window=IS status=OK decision=IS_REJECT elapsed=70.386s
2026-08-16T23:18:26+00:00 GATE_SKIP id=GDD36_09 window=OOS reason=IS_NOT_SURVIVOR
2026-08-16T23:18:26+00:00 GATE_SKIP id=GDD36_09 window=XM5 reason=OOS_NOT_STRICT
2026-08-16T23:18:26+00:00 RUN_START id=GDD36_10 family=sleeve_loss_cooldown window=IS run=gdd2p_is_gdd36_10_20260817081826_97003a
2026-08-16T23:19:36+00:00 RUN_END id=GDD36_10 window=IS status=OK decision=IS_REJECT elapsed=70.391s
2026-08-16T23:19:36+00:00 GATE_SKIP id=GDD36_10 window=OOS reason=IS_NOT_SURVIVOR
2026-08-16T23:19:36+00:00 GATE_SKIP id=GDD36_10 window=XM5 reason=OOS_NOT_STRICT
2026-08-16T23:19:36+00:00 RUN_START id=GDD36_11 family=sleeve_loss_cooldown window=IS run=gdd2p_is_gdd36_11_20260817081936_5f71fe
2026-08-16T23:20:46+00:00 RUN_END id=GDD36_11 window=IS status=OK decision=IS_REJECT elapsed=70.408s
2026-08-16T23:20:46+00:00 GATE_SKIP id=GDD36_11 window=OOS reason=IS_NOT_SURVIVOR
2026-08-16T23:20:46+00:00 GATE_SKIP id=GDD36_11 window=XM5 reason=OOS_NOT_STRICT
2026-08-16T23:20:46+00:00 RUN_START id=GDD36_12 family=sleeve_loss_cooldown window=IS run=gdd2p_is_gdd36_12_20260817082046_974817
2026-08-16T23:21:57+00:00 RUN_END id=GDD36_12 window=IS status=OK decision=IS_REJECT elapsed=70.454s
2026-08-16T23:21:57+00:00 GATE_SKIP id=GDD36_12 window=OOS reason=IS_NOT_SURVIVOR
2026-08-16T23:21:57+00:00 GATE_SKIP id=GDD36_12 window=XM5 reason=OOS_NOT_STRICT
2026-08-16T23:21:57+00:00 RUN_START id=GDD36_13 family=sleeve_loss_cooldown window=IS run=gdd2p_is_gdd36_13_20260817082157_4d7f43
2026-08-16T23:23:07+00:00 RUN_END id=GDD36_13 window=IS status=OK decision=IS_SURVIVOR_TRADEOFF elapsed=70.409s
2026-08-16T23:23:07+00:00 RUN_START id=GDD36_13 family=sleeve_loss_cooldown window=OOS run=gdd2p_oos_gdd36_13_20260817082307_bf09d2
2026-08-16T23:23:58+00:00 RUN_END id=GDD36_13 window=OOS status=OK decision=OOS_REJECT elapsed=50.438s
2026-08-16T23:23:58+00:00 GATE_SKIP id=GDD36_13 window=XM5 reason=OOS_NOT_STRICT
2026-08-16T23:23:58+00:00 RUN_START id=GDD36_14 family=sleeve_loss_cooldown window=IS run=gdd2p_is_gdd36_14_20260817082358_861bd5
2026-08-16T23:25:08+00:00 RUN_END id=GDD36_14 window=IS status=OK decision=IS_SURVIVOR_TRADEOFF elapsed=70.389s
2026-08-16T23:25:08+00:00 RUN_START id=GDD36_14 family=sleeve_loss_cooldown window=OOS run=gdd2p_oos_gdd36_14_20260817082508_534a13
2026-08-16T23:25:58+00:00 RUN_END id=GDD36_14 window=OOS status=OK decision=OOS_REJECT elapsed=50.423s
2026-08-16T23:25:58+00:00 GATE_SKIP id=GDD36_14 window=XM5 reason=OOS_NOT_STRICT
2026-08-16T23:25:58+00:00 RUN_START id=GDD36_15 family=sleeve_loss_cooldown window=IS run=gdd2p_is_gdd36_15_20260817082558_27f4c6
2026-08-16T23:27:09+00:00 RUN_END id=GDD36_15 window=IS status=OK decision=IS_SURVIVOR_TRADEOFF elapsed=70.392s
2026-08-16T23:27:09+00:00 RUN_START id=GDD36_15 family=sleeve_loss_cooldown window=OOS run=gdd2p_oos_gdd36_15_20260817082709_9d2cff
2026-08-16T23:27:54+00:00 RUN_END id=GDD36_15 window=OOS status=OK decision=OOS_REJECT elapsed=45.427s
2026-08-16T23:27:54+00:00 GATE_SKIP id=GDD36_15 window=XM5 reason=OOS_NOT_STRICT
2026-08-16T23:27:54+00:00 RUN_START id=GDD36_16 family=sleeve_loss_cooldown window=IS run=gdd2p_is_gdd36_16_20260817082754_1cd732
2026-08-16T23:29:05+00:00 RUN_END id=GDD36_16 window=IS status=OK decision=IS_SURVIVOR_TRADEOFF elapsed=70.414s
2026-08-16T23:29:05+00:00 RUN_START id=GDD36_16 family=sleeve_loss_cooldown window=OOS run=gdd2p_oos_gdd36_16_20260817082905_b3c591
2026-08-16T23:29:50+00:00 RUN_END id=GDD36_16 window=OOS status=OK decision=OOS_REJECT elapsed=45.427s
2026-08-16T23:29:50+00:00 GATE_SKIP id=GDD36_16 window=XM5 reason=OOS_NOT_STRICT
2026-08-16T23:29:50+00:00 RUN_START id=GDD36_17 family=sleeve_loss_cooldown window=IS run=gdd2p_is_gdd36_17_20260817082950_801deb
2026-08-16T23:31:00+00:00 RUN_END id=GDD36_17 window=IS status=OK decision=IS_SURVIVOR_TRADEOFF elapsed=70.414s
2026-08-16T23:31:00+00:00 RUN_START id=GDD36_17 family=sleeve_loss_cooldown window=OOS run=gdd2p_oos_gdd36_17_20260817083100_935e9a
2026-08-16T23:31:46+00:00 RUN_END id=GDD36_17 window=OOS status=OK decision=OOS_REJECT elapsed=45.414s
2026-08-16T23:31:46+00:00 GATE_SKIP id=GDD36_17 window=XM5 reason=OOS_NOT_STRICT
2026-08-16T23:31:46+00:00 RUN_START id=GDD36_18 family=sleeve_loss_cooldown window=IS run=gdd2p_is_gdd36_18_20260817083146_9e8385
2026-08-16T23:32:56+00:00 RUN_END id=GDD36_18 window=IS status=OK decision=IS_SURVIVOR_TRADEOFF elapsed=70.401s
2026-08-16T23:32:56+00:00 RUN_START id=GDD36_18 family=sleeve_loss_cooldown window=OOS run=gdd2p_oos_gdd36_18_20260817083256_0a7bc0
2026-08-16T23:33:47+00:00 RUN_END id=GDD36_18 window=OOS status=OK decision=OOS_REJECT elapsed=50.424s
2026-08-16T23:33:47+00:00 GATE_SKIP id=GDD36_18 window=XM5 reason=OOS_NOT_STRICT
2026-08-16T23:33:47+00:00 RUN_START id=GDD36_19 family=sleeve_loss_cooldown window=IS run=gdd2p_is_gdd36_19_20260817083347_a42d0a
2026-08-16T23:34:57+00:00 RUN_END id=GDD36_19 window=IS status=OK decision=IS_SURVIVOR_TRADEOFF elapsed=70.406s
2026-08-16T23:34:57+00:00 RUN_START id=GDD36_19 family=sleeve_loss_cooldown window=OOS run=gdd2p_oos_gdd36_19_20260817083457_d3e5a5
2026-08-16T23:35:48+00:00 RUN_END id=GDD36_19 window=OOS status=OK decision=OOS_REJECT elapsed=50.447s
2026-08-16T23:35:48+00:00 GATE_SKIP id=GDD36_19 window=XM5 reason=OOS_NOT_STRICT
2026-08-16T23:35:48+00:00 RUN_START id=GDD36_20 family=sleeve_loss_cooldown window=IS run=gdd2p_is_gdd36_20_20260817083548_ae4164
2026-08-16T23:36:58+00:00 RUN_END id=GDD36_20 window=IS status=OK decision=IS_SURVIVOR_TRADEOFF elapsed=70.406s
2026-08-16T23:36:58+00:00 RUN_START id=GDD36_20 family=sleeve_loss_cooldown window=OOS run=gdd2p_oos_gdd36_20_20260817083658_a55d1f
2026-08-16T23:37:48+00:00 RUN_END id=GDD36_20 window=OOS status=OK decision=OOS_REJECT elapsed=50.422s
2026-08-16T23:37:48+00:00 GATE_SKIP id=GDD36_20 window=XM5 reason=OOS_NOT_STRICT
2026-08-16T23:37:48+00:00 SKIP_EXISTING [441/560] id=GDD37_01 window=IS
2026-08-16T23:37:48+00:00 RUN_START id=GDD37_01 family=daily_loss_cap window=OOS run=gdd2p_oos_gdd37_01_20260817083748_b1f54b
2026-08-16T23:38:49+00:00 RUN_END id=GDD37_01 window=OOS status=OK decision=OOS_STRICT_PASS elapsed=60.411s
2026-08-16T23:38:49+00:00 RUN_START id=GDD37_01 family=daily_loss_cap window=XM5 run=gdd2p_xm5_gdd37_01_20260817083849_0610c9
2026-08-16T23:47:49+00:00 RUN_END id=GDD37_01 window=XM5 status=OK decision=XM5_MEASURED elapsed=540.433s
2026-08-16T23:47:49+00:00 RUN_START id=GDD37_02 family=daily_loss_cap window=IS run=gdd2p_is_gdd37_02_20260817084749_5f4f88
2026-08-16T23:49:15+00:00 RUN_END id=GDD37_02 window=IS status=OK decision=IS_SURVIVOR_STRICT elapsed=85.419s
2026-08-16T23:49:15+00:00 RUN_START id=GDD37_02 family=daily_loss_cap window=OOS run=gdd2p_oos_gdd37_02_20260817084915_0d79c9
2026-08-16T23:50:15+00:00 RUN_END id=GDD37_02 window=OOS status=OK decision=OOS_REJECT elapsed=60.468s
2026-08-16T23:50:15+00:00 GATE_SKIP id=GDD37_02 window=XM5 reason=OOS_NOT_STRICT
2026-08-16T23:50:15+00:00 RUN_START id=GDD37_03 family=daily_loss_cap window=IS run=gdd2p_is_gdd37_03_20260817085015_5b51db
2026-08-16T23:51:35+00:00 RUN_END id=GDD37_03 window=IS status=OK decision=IS_REJECT elapsed=80.413s
2026-08-16T23:51:35+00:00 GATE_SKIP id=GDD37_03 window=OOS reason=IS_NOT_SURVIVOR
2026-08-16T23:51:35+00:00 GATE_SKIP id=GDD37_03 window=XM5 reason=OOS_NOT_STRICT
2026-08-16T23:51:35+00:00 RUN_START id=GDD37_04 family=daily_loss_cap window=IS run=gdd2p_is_gdd37_04_20260817085135_fcaa93
2026-08-16T23:51:36+00:00 WAIT_MT5 elapsed=0s processes=metatester64.exe
2026-08-16T23:52:37+00:00 WAIT_MT5 elapsed=62s processes=metatester64.exe
2026-08-16T23:53:39+00:00 WAIT_MT5 elapsed=123s processes=metatester64.exe
2026-08-16T23:54:40+00:00 WAIT_MT5 elapsed=184s processes=metatester64.exe
2026-08-16T23:55:41+00:00 WAIT_MT5 elapsed=246s processes=metatester64.exe
2026-08-16T23:56:43+00:00 KILL_ORPHAN_TESTER elapsed=307s
2026-08-16T23:58:18+00:00 RUN_END id=GDD37_04 window=IS status=OK decision=IS_REJECT elapsed=402.597s
2026-08-16T23:58:18+00:00 GATE_SKIP id=GDD37_04 window=OOS reason=IS_NOT_SURVIVOR
2026-08-16T23:58:18+00:00 GATE_SKIP id=GDD37_04 window=XM5 reason=OOS_NOT_STRICT
2026-08-16T23:58:18+00:00 RUN_START id=GDD37_05 family=daily_loss_cap window=IS run=gdd2p_is_gdd37_05_20260817085818_2f5230
2026-08-16T23:59:43+00:00 RUN_END id=GDD37_05 window=IS status=OK decision=IS_REJECT elapsed=85.425s
2026-08-16T23:59:43+00:00 GATE_SKIP id=GDD37_05 window=OOS reason=IS_NOT_SURVIVOR
2026-08-16T23:59:44+00:00 GATE_SKIP id=GDD37_05 window=XM5 reason=OOS_NOT_STRICT
2026-08-16T23:59:44+00:00 RUN_START id=GDD37_06 family=daily_loss_cap window=IS run=gdd2p_is_gdd37_06_20260817085944_66e178
2026-08-17T00:01:09+00:00 RUN_END id=GDD37_06 window=IS status=OK decision=IS_REJECT elapsed=85.393s
2026-08-17T00:01:09+00:00 GATE_SKIP id=GDD37_06 window=OOS reason=IS_NOT_SURVIVOR
2026-08-17T00:01:09+00:00 GATE_SKIP id=GDD37_06 window=XM5 reason=OOS_NOT_STRICT
2026-08-17T00:01:09+00:00 RUN_START id=GDD37_07 family=daily_loss_cap window=IS run=gdd2p_is_gdd37_07_20260817090109_a3b162
2026-08-17T00:02:34+00:00 RUN_END id=GDD37_07 window=IS status=OK decision=IS_REJECT elapsed=85.390s
2026-08-17T00:02:34+00:00 GATE_SKIP id=GDD37_07 window=OOS reason=IS_NOT_SURVIVOR
2026-08-17T00:02:34+00:00 GATE_SKIP id=GDD37_07 window=XM5 reason=OOS_NOT_STRICT
2026-08-17T00:02:34+00:00 RUN_START id=GDD37_08 family=daily_loss_cap window=IS run=gdd2p_is_gdd37_08_20260817090234_be844d
2026-08-17T00:03:55+00:00 RUN_END id=GDD37_08 window=IS status=OK decision=IS_REJECT elapsed=80.390s
2026-08-17T00:03:55+00:00 GATE_SKIP id=GDD37_08 window=OOS reason=IS_NOT_SURVIVOR
2026-08-17T00:03:55+00:00 GATE_SKIP id=GDD37_08 window=XM5 reason=OOS_NOT_STRICT
2026-08-17T00:03:55+00:00 RUN_START id=GDD37_09 family=daily_loss_cap window=IS run=gdd2p_is_gdd37_09_20260817090355_52a968
2026-08-17T00:05:20+00:00 RUN_END id=GDD37_09 window=IS status=OK decision=IS_REJECT elapsed=85.394s
2026-08-17T00:05:20+00:00 GATE_SKIP id=GDD37_09 window=OOS reason=IS_NOT_SURVIVOR
2026-08-17T00:05:20+00:00 GATE_SKIP id=GDD37_09 window=XM5 reason=OOS_NOT_STRICT
2026-08-17T00:05:20+00:00 RUN_START id=GDD37_10 family=daily_loss_cap window=IS run=gdd2p_is_gdd37_10_20260817090520_ad35b6
2026-08-17T00:06:45+00:00 RUN_END id=GDD37_10 window=IS status=OK decision=IS_REJECT elapsed=85.395s
2026-08-17T00:06:45+00:00 GATE_SKIP id=GDD37_10 window=OOS reason=IS_NOT_SURVIVOR
2026-08-17T00:06:45+00:00 GATE_SKIP id=GDD37_10 window=XM5 reason=OOS_NOT_STRICT
2026-08-17T00:06:45+00:00 RUN_START id=GDD37_11 family=daily_loss_cap window=IS run=gdd2p_is_gdd37_11_20260817090645_802609
2026-08-17T00:08:11+00:00 RUN_END id=GDD37_11 window=IS status=OK decision=IS_REJECT elapsed=85.402s
2026-08-17T00:08:11+00:00 GATE_SKIP id=GDD37_11 window=OOS reason=IS_NOT_SURVIVOR
2026-08-17T00:08:11+00:00 GATE_SKIP id=GDD37_11 window=XM5 reason=OOS_NOT_STRICT
2026-08-17T00:08:11+00:00 RUN_START id=GDD37_12 family=daily_loss_cap window=IS run=gdd2p_is_gdd37_12_20260817090811_51f9f3
2026-08-17T00:09:36+00:00 RUN_END id=GDD37_12 window=IS status=OK decision=IS_REJECT elapsed=85.397s
2026-08-17T00:09:36+00:00 GATE_SKIP id=GDD37_12 window=OOS reason=IS_NOT_SURVIVOR
2026-08-17T00:09:36+00:00 GATE_SKIP id=GDD37_12 window=XM5 reason=OOS_NOT_STRICT
2026-08-17T00:09:36+00:00 RUN_START id=GDD37_13 family=daily_loss_cap window=IS run=gdd2p_is_gdd37_13_20260817090936_8083e6
2026-08-17T00:11:02+00:00 RUN_END id=GDD37_13 window=IS status=OK decision=IS_REJECT elapsed=85.385s
2026-08-17T00:11:02+00:00 GATE_SKIP id=GDD37_13 window=OOS reason=IS_NOT_SURVIVOR
2026-08-17T00:11:02+00:00 GATE_SKIP id=GDD37_13 window=XM5 reason=OOS_NOT_STRICT
2026-08-17T00:11:02+00:00 RUN_START id=GDD37_14 family=daily_loss_cap window=IS run=gdd2p_is_gdd37_14_20260817091102_bfde35
2026-08-17T00:12:27+00:00 RUN_END id=GDD37_14 window=IS status=OK decision=IS_REJECT elapsed=85.384s
2026-08-17T00:12:27+00:00 GATE_SKIP id=GDD37_14 window=OOS reason=IS_NOT_SURVIVOR
2026-08-17T00:12:27+00:00 GATE_SKIP id=GDD37_14 window=XM5 reason=OOS_NOT_STRICT
2026-08-17T00:12:27+00:00 RUN_START id=GDD37_15 family=daily_loss_cap window=IS run=gdd2p_is_gdd37_15_20260817091227_37e026
2026-08-17T00:13:52+00:00 RUN_END id=GDD37_15 window=IS status=OK decision=IS_REJECT elapsed=85.401s
2026-08-17T00:13:52+00:00 GATE_SKIP id=GDD37_15 window=OOS reason=IS_NOT_SURVIVOR
2026-08-17T00:13:52+00:00 GATE_SKIP id=GDD37_15 window=XM5 reason=OOS_NOT_STRICT
2026-08-17T00:13:52+00:00 RUN_START id=GDD37_16 family=daily_loss_cap window=IS run=gdd2p_is_gdd37_16_20260817091352_64daeb
2026-08-17T00:15:18+00:00 RUN_END id=GDD37_16 window=IS status=OK decision=IS_REJECT elapsed=85.432s
2026-08-17T00:15:18+00:00 GATE_SKIP id=GDD37_16 window=OOS reason=IS_NOT_SURVIVOR
2026-08-17T00:15:18+00:00 GATE_SKIP id=GDD37_16 window=XM5 reason=OOS_NOT_STRICT
2026-08-17T00:15:18+00:00 RUN_START id=GDD37_17 family=daily_loss_cap window=IS run=gdd2p_is_gdd37_17_20260817091518_e625e6
2026-08-17T00:16:43+00:00 RUN_END id=GDD37_17 window=IS status=OK decision=IS_REJECT elapsed=85.389s
2026-08-17T00:16:43+00:00 GATE_SKIP id=GDD37_17 window=OOS reason=IS_NOT_SURVIVOR
2026-08-17T00:16:43+00:00 GATE_SKIP id=GDD37_17 window=XM5 reason=OOS_NOT_STRICT
2026-08-17T00:16:43+00:00 RUN_START id=GDD37_18 family=daily_loss_cap window=IS run=gdd2p_is_gdd37_18_20260817091643_d2b176
2026-08-17T00:18:09+00:00 RUN_END id=GDD37_18 window=IS status=OK decision=IS_REJECT elapsed=85.430s
2026-08-17T00:18:09+00:00 GATE_SKIP id=GDD37_18 window=OOS reason=IS_NOT_SURVIVOR
2026-08-17T00:18:09+00:00 GATE_SKIP id=GDD37_18 window=XM5 reason=OOS_NOT_STRICT
2026-08-17T00:18:09+00:00 RUN_START id=GDD37_19 family=daily_loss_cap window=IS run=gdd2p_is_gdd37_19_20260817091809_6cdcb4
2026-08-17T00:19:34+00:00 RUN_END id=GDD37_19 window=IS status=OK decision=IS_REJECT elapsed=85.422s
2026-08-17T00:19:34+00:00 GATE_SKIP id=GDD37_19 window=OOS reason=IS_NOT_SURVIVOR
2026-08-17T00:19:34+00:00 GATE_SKIP id=GDD37_19 window=XM5 reason=OOS_NOT_STRICT
2026-08-17T00:19:34+00:00 RUN_START id=GDD37_20 family=daily_loss_cap window=IS run=gdd2p_is_gdd37_20_20260817091934_643788
2026-08-17T00:21:00+00:00 RUN_END id=GDD37_20 window=IS status=OK decision=IS_REJECT elapsed=85.429s
2026-08-17T00:21:00+00:00 GATE_SKIP id=GDD37_20 window=OOS reason=IS_NOT_SURVIVOR
2026-08-17T00:21:00+00:00 GATE_SKIP id=GDD37_20 window=XM5 reason=OOS_NOT_STRICT
2026-08-17T00:21:00+00:00 RUN_START id=GDD38_01 family=weekly_loss_cap window=IS run=gdd2p_is_gdd38_01_20260817092100_e39e2a
2026-08-17T00:22:25+00:00 RUN_END id=GDD38_01 window=IS status=OK decision=IS_REJECT elapsed=85.433s
2026-08-17T00:22:25+00:00 GATE_SKIP id=GDD38_01 window=OOS reason=IS_NOT_SURVIVOR
2026-08-17T00:22:25+00:00 GATE_SKIP id=GDD38_01 window=XM5 reason=OOS_NOT_STRICT
2026-08-17T00:22:25+00:00 RUN_START id=GDD38_02 family=weekly_loss_cap window=IS run=gdd2p_is_gdd38_02_20260817092225_3e1d78
2026-08-17T00:23:50+00:00 RUN_END id=GDD38_02 window=IS status=OK decision=IS_SURVIVOR_TRADEOFF elapsed=85.429s
2026-08-17T00:23:50+00:00 RUN_START id=GDD38_02 family=weekly_loss_cap window=OOS run=gdd2p_oos_gdd38_02_20260817092350_01850e
2026-08-17T00:24:56+00:00 RUN_END id=GDD38_02 window=OOS status=OK decision=OOS_REJECT elapsed=65.463s
2026-08-17T00:24:56+00:00 GATE_SKIP id=GDD38_02 window=XM5 reason=OOS_NOT_STRICT
2026-08-17T00:24:56+00:00 RUN_START id=GDD38_03 family=weekly_loss_cap window=IS run=gdd2p_is_gdd38_03_20260817092456_aee2b7
2026-08-17T00:26:21+00:00 RUN_END id=GDD38_03 window=IS status=OK decision=IS_SURVIVOR_STRICT elapsed=85.403s
2026-08-17T00:26:21+00:00 RUN_START id=GDD38_03 family=weekly_loss_cap window=OOS run=gdd2p_oos_gdd38_03_20260817092621_03440e
2026-08-17T00:27:22+00:00 RUN_END id=GDD38_03 window=OOS status=OK decision=OOS_REJECT elapsed=60.446s
2026-08-17T00:27:22+00:00 GATE_SKIP id=GDD38_03 window=XM5 reason=OOS_NOT_STRICT
2026-08-17T00:27:22+00:00 RUN_START id=GDD38_04 family=weekly_loss_cap window=IS run=gdd2p_is_gdd38_04_20260817092722_19d195
2026-08-17T00:28:47+00:00 RUN_END id=GDD38_04 window=IS status=OK decision=IS_REJECT elapsed=85.400s
2026-08-17T00:28:47+00:00 GATE_SKIP id=GDD38_04 window=OOS reason=IS_NOT_SURVIVOR
2026-08-17T00:28:47+00:00 GATE_SKIP id=GDD38_04 window=XM5 reason=OOS_NOT_STRICT
2026-08-17T00:28:47+00:00 RUN_START id=GDD38_05 family=weekly_loss_cap window=IS run=gdd2p_is_gdd38_05_20260817092847_dc1dba
2026-08-17T00:30:13+00:00 RUN_END id=GDD38_05 window=IS status=OK decision=IS_REJECT elapsed=85.382s
2026-08-17T00:30:13+00:00 GATE_SKIP id=GDD38_05 window=OOS reason=IS_NOT_SURVIVOR
2026-08-17T00:30:13+00:00 GATE_SKIP id=GDD38_05 window=XM5 reason=OOS_NOT_STRICT
2026-08-17T00:30:13+00:00 RUN_START id=GDD38_06 family=weekly_loss_cap window=IS run=gdd2p_is_gdd38_06_20260817093013_ed5159
2026-08-17T00:31:38+00:00 RUN_END id=GDD38_06 window=IS status=OK decision=IS_REJECT elapsed=85.415s
2026-08-17T00:31:38+00:00 GATE_SKIP id=GDD38_06 window=OOS reason=IS_NOT_SURVIVOR
2026-08-17T00:31:38+00:00 GATE_SKIP id=GDD38_06 window=XM5 reason=OOS_NOT_STRICT
2026-08-17T00:31:38+00:00 RUN_START id=GDD38_07 family=weekly_loss_cap window=IS run=gdd2p_is_gdd38_07_20260817093138_dc9599
2026-08-17T00:33:03+00:00 RUN_END id=GDD38_07 window=IS status=OK decision=IS_REJECT elapsed=85.427s
2026-08-17T00:33:03+00:00 GATE_SKIP id=GDD38_07 window=OOS reason=IS_NOT_SURVIVOR
2026-08-17T00:33:03+00:00 GATE_SKIP id=GDD38_07 window=XM5 reason=OOS_NOT_STRICT
2026-08-17T00:33:03+00:00 RUN_START id=GDD38_08 family=weekly_loss_cap window=IS run=gdd2p_is_gdd38_08_20260817093303_cec24f
2026-08-17T00:34:29+00:00 RUN_END id=GDD38_08 window=IS status=OK decision=IS_REJECT elapsed=85.432s
2026-08-17T00:34:29+00:00 GATE_SKIP id=GDD38_08 window=OOS reason=IS_NOT_SURVIVOR
2026-08-17T00:34:29+00:00 GATE_SKIP id=GDD38_08 window=XM5 reason=OOS_NOT_STRICT
2026-08-17T00:34:29+00:00 RUN_START id=GDD38_09 family=weekly_loss_cap window=IS run=gdd2p_is_gdd38_09_20260817093429_a450c9
2026-08-17T00:35:54+00:00 RUN_END id=GDD38_09 window=IS status=OK decision=IS_REJECT elapsed=85.377s
2026-08-17T00:35:54+00:00 GATE_SKIP id=GDD38_09 window=OOS reason=IS_NOT_SURVIVOR
2026-08-17T00:35:54+00:00 GATE_SKIP id=GDD38_09 window=XM5 reason=OOS_NOT_STRICT
2026-08-17T00:35:54+00:00 RUN_START id=GDD38_10 family=weekly_loss_cap window=IS run=gdd2p_is_gdd38_10_20260817093554_a82eed
2026-08-17T00:37:20+00:00 RUN_END id=GDD38_10 window=IS status=OK decision=IS_REJECT elapsed=85.411s
2026-08-17T00:37:20+00:00 GATE_SKIP id=GDD38_10 window=OOS reason=IS_NOT_SURVIVOR
2026-08-17T00:37:20+00:00 GATE_SKIP id=GDD38_10 window=XM5 reason=OOS_NOT_STRICT
2026-08-17T00:37:20+00:00 RUN_START id=GDD38_11 family=weekly_loss_cap window=IS run=gdd2p_is_gdd38_11_20260817093720_6a0b23
2026-08-17T00:38:45+00:00 RUN_END id=GDD38_11 window=IS status=OK decision=IS_REJECT elapsed=85.422s
2026-08-17T00:38:45+00:00 GATE_SKIP id=GDD38_11 window=OOS reason=IS_NOT_SURVIVOR
2026-08-17T00:38:45+00:00 GATE_SKIP id=GDD38_11 window=XM5 reason=OOS_NOT_STRICT
2026-08-17T00:38:45+00:00 RUN_START id=GDD38_12 family=weekly_loss_cap window=IS run=gdd2p_is_gdd38_12_20260817093845_89d408
2026-08-17T00:40:10+00:00 RUN_END id=GDD38_12 window=IS status=OK decision=IS_REJECT elapsed=85.393s
2026-08-17T00:40:10+00:00 GATE_SKIP id=GDD38_12 window=OOS reason=IS_NOT_SURVIVOR
2026-08-17T00:40:10+00:00 GATE_SKIP id=GDD38_12 window=XM5 reason=OOS_NOT_STRICT
2026-08-17T00:40:10+00:00 RUN_START id=GDD38_13 family=weekly_loss_cap window=IS run=gdd2p_is_gdd38_13_20260817094010_251621
2026-08-17T00:41:36+00:00 RUN_END id=GDD38_13 window=IS status=OK decision=IS_REJECT elapsed=85.424s
2026-08-17T00:41:36+00:00 GATE_SKIP id=GDD38_13 window=OOS reason=IS_NOT_SURVIVOR
2026-08-17T00:41:36+00:00 GATE_SKIP id=GDD38_13 window=XM5 reason=OOS_NOT_STRICT
2026-08-17T00:41:36+00:00 RUN_START id=GDD38_14 family=weekly_loss_cap window=IS run=gdd2p_is_gdd38_14_20260817094136_73e1ab
2026-08-17T00:43:01+00:00 RUN_END id=GDD38_14 window=IS status=OK decision=IS_REJECT elapsed=85.424s
2026-08-17T00:43:01+00:00 GATE_SKIP id=GDD38_14 window=OOS reason=IS_NOT_SURVIVOR
2026-08-17T00:43:01+00:00 GATE_SKIP id=GDD38_14 window=XM5 reason=OOS_NOT_STRICT
2026-08-17T00:43:01+00:00 RUN_START id=GDD38_15 family=weekly_loss_cap window=IS run=gdd2p_is_gdd38_15_20260817094301_24255a
2026-08-17T00:44:27+00:00 RUN_END id=GDD38_15 window=IS status=OK decision=IS_REJECT elapsed=85.441s
2026-08-17T00:44:27+00:00 GATE_SKIP id=GDD38_15 window=OOS reason=IS_NOT_SURVIVOR
2026-08-17T00:44:27+00:00 GATE_SKIP id=GDD38_15 window=XM5 reason=OOS_NOT_STRICT
2026-08-17T00:44:27+00:00 RUN_START id=GDD38_16 family=weekly_loss_cap window=IS run=gdd2p_is_gdd38_16_20260817094427_4a57bc
2026-08-17T00:45:52+00:00 RUN_END id=GDD38_16 window=IS status=OK decision=IS_REJECT elapsed=85.437s
2026-08-17T00:45:52+00:00 GATE_SKIP id=GDD38_16 window=OOS reason=IS_NOT_SURVIVOR
2026-08-17T00:45:52+00:00 GATE_SKIP id=GDD38_16 window=XM5 reason=OOS_NOT_STRICT
2026-08-17T00:45:52+00:00 RUN_START id=GDD38_17 family=weekly_loss_cap window=IS run=gdd2p_is_gdd38_17_20260817094552_2b8fab
2026-08-17T00:47:18+00:00 RUN_END id=GDD38_17 window=IS status=OK decision=IS_REJECT elapsed=85.417s
2026-08-17T00:47:18+00:00 GATE_SKIP id=GDD38_17 window=OOS reason=IS_NOT_SURVIVOR
2026-08-17T00:47:18+00:00 GATE_SKIP id=GDD38_17 window=XM5 reason=OOS_NOT_STRICT
2026-08-17T00:47:18+00:00 RUN_START id=GDD38_18 family=weekly_loss_cap window=IS run=gdd2p_is_gdd38_18_20260817094718_05d253
2026-08-17T00:48:48+00:00 RUN_END id=GDD38_18 window=IS status=OK decision=IS_REJECT elapsed=90.395s
2026-08-17T00:48:48+00:00 GATE_SKIP id=GDD38_18 window=OOS reason=IS_NOT_SURVIVOR
2026-08-17T00:48:48+00:00 GATE_SKIP id=GDD38_18 window=XM5 reason=OOS_NOT_STRICT
2026-08-17T00:48:48+00:00 RUN_START id=GDD38_19 family=weekly_loss_cap window=IS run=gdd2p_is_gdd38_19_20260817094848_5c4974
2026-08-17T00:50:13+00:00 RUN_END id=GDD38_19 window=IS status=OK decision=IS_REJECT elapsed=85.425s
2026-08-17T00:50:13+00:00 GATE_SKIP id=GDD38_19 window=OOS reason=IS_NOT_SURVIVOR
2026-08-17T00:50:13+00:00 GATE_SKIP id=GDD38_19 window=XM5 reason=OOS_NOT_STRICT
2026-08-17T00:50:13+00:00 RUN_START id=GDD38_20 family=weekly_loss_cap window=IS run=gdd2p_is_gdd38_20_20260817095013_7f2d19
2026-08-17T00:51:39+00:00 RUN_END id=GDD38_20 window=IS status=OK decision=IS_REJECT elapsed=85.397s
2026-08-17T00:51:39+00:00 GATE_SKIP id=GDD38_20 window=OOS reason=IS_NOT_SURVIVOR
2026-08-17T00:51:39+00:00 GATE_SKIP id=GDD38_20 window=XM5 reason=OOS_NOT_STRICT
2026-08-17T00:51:39+00:00 RUN_START id=GDD39_01 family=equity_overlap_cap window=IS run=gdd2p_is_gdd39_01_20260817095139_336a15
2026-08-17T00:52:49+00:00 RUN_END id=GDD39_01 window=IS status=OK decision=IS_SURVIVOR_TRADEOFF elapsed=70.435s
2026-08-17T00:52:49+00:00 RUN_START id=GDD39_01 family=equity_overlap_cap window=OOS run=gdd2p_oos_gdd39_01_20260817095249_fafe79
2026-08-17T00:53:40+00:00 RUN_END id=GDD39_01 window=OOS status=OK decision=OOS_REJECT elapsed=50.428s
2026-08-17T00:53:40+00:00 GATE_SKIP id=GDD39_01 window=XM5 reason=OOS_NOT_STRICT
2026-08-17T00:53:40+00:00 RUN_START id=GDD39_02 family=equity_overlap_cap window=IS run=gdd2p_is_gdd39_02_20260817095340_456aa2
2026-08-17T00:54:50+00:00 RUN_END id=GDD39_02 window=IS status=OK decision=IS_SURVIVOR_TRADEOFF elapsed=70.375s
2026-08-17T00:54:50+00:00 RUN_START id=GDD39_02 family=equity_overlap_cap window=OOS run=gdd2p_oos_gdd39_02_20260817095450_aa837a
2026-08-17T00:55:40+00:00 RUN_END id=GDD39_02 window=OOS status=OK decision=OOS_REJECT elapsed=50.422s
2026-08-17T00:55:40+00:00 GATE_SKIP id=GDD39_02 window=XM5 reason=OOS_NOT_STRICT
2026-08-17T00:55:40+00:00 RUN_START id=GDD39_03 family=equity_overlap_cap window=IS run=gdd2p_is_gdd39_03_20260817095540_3cfbd2
2026-08-17T00:56:51+00:00 RUN_END id=GDD39_03 window=IS status=OK decision=IS_SURVIVOR_TRADEOFF elapsed=70.399s
2026-08-17T00:56:51+00:00 RUN_START id=GDD39_03 family=equity_overlap_cap window=OOS run=gdd2p_oos_gdd39_03_20260817095651_5a64b4
2026-08-17T00:57:41+00:00 RUN_END id=GDD39_03 window=OOS status=OK decision=OOS_REJECT elapsed=50.411s
2026-08-17T00:57:41+00:00 GATE_SKIP id=GDD39_03 window=XM5 reason=OOS_NOT_STRICT
2026-08-17T00:57:41+00:00 RUN_START id=GDD39_04 family=equity_overlap_cap window=IS run=gdd2p_is_gdd39_04_20260817095741_ef7eb6
2026-08-17T00:58:52+00:00 RUN_END id=GDD39_04 window=IS status=OK decision=IS_SURVIVOR_TRADEOFF elapsed=70.413s
2026-08-17T00:58:52+00:00 RUN_START id=GDD39_04 family=equity_overlap_cap window=OOS run=gdd2p_oos_gdd39_04_20260817095852_26e177
2026-08-17T00:59:42+00:00 RUN_END id=GDD39_04 window=OOS status=OK decision=OOS_REJECT elapsed=50.432s
2026-08-17T00:59:42+00:00 GATE_SKIP id=GDD39_04 window=XM5 reason=OOS_NOT_STRICT
2026-08-17T00:59:42+00:00 RUN_START id=GDD39_05 family=equity_overlap_cap window=IS run=gdd2p_is_gdd39_05_20260817095942_62d08c
2026-08-17T01:00:53+00:00 RUN_END id=GDD39_05 window=IS status=OK decision=IS_SURVIVOR_TRADEOFF elapsed=70.403s
2026-08-17T01:00:53+00:00 RUN_START id=GDD39_05 family=equity_overlap_cap window=OOS run=gdd2p_oos_gdd39_05_20260817100053_523323
2026-08-17T01:01:43+00:00 RUN_END id=GDD39_05 window=OOS status=OK decision=OOS_REJECT elapsed=50.412s
2026-08-17T01:01:43+00:00 GATE_SKIP id=GDD39_05 window=XM5 reason=OOS_NOT_STRICT
2026-08-17T01:01:43+00:00 RUN_START id=GDD39_06 family=equity_overlap_cap window=IS run=gdd2p_is_gdd39_06_20260817100143_2df9af
2026-08-17T01:02:53+00:00 RUN_END id=GDD39_06 window=IS status=OK decision=IS_REJECT elapsed=70.406s
2026-08-17T01:02:53+00:00 GATE_SKIP id=GDD39_06 window=OOS reason=IS_NOT_SURVIVOR
2026-08-17T01:02:53+00:00 GATE_SKIP id=GDD39_06 window=XM5 reason=OOS_NOT_STRICT
2026-08-17T01:02:53+00:00 RUN_START id=GDD39_07 family=equity_overlap_cap window=IS run=gdd2p_is_gdd39_07_20260817100253_d1087c
2026-08-17T01:04:04+00:00 RUN_END id=GDD39_07 window=IS status=OK decision=IS_REJECT elapsed=70.431s
2026-08-17T01:04:04+00:00 GATE_SKIP id=GDD39_07 window=OOS reason=IS_NOT_SURVIVOR
2026-08-17T01:04:04+00:00 GATE_SKIP id=GDD39_07 window=XM5 reason=OOS_NOT_STRICT
2026-08-17T01:04:04+00:00 RUN_START id=GDD39_08 family=equity_overlap_cap window=IS run=gdd2p_is_gdd39_08_20260817100404_b422be
2026-08-17T01:05:14+00:00 RUN_END id=GDD39_08 window=IS status=OK decision=IS_REJECT elapsed=70.410s
2026-08-17T01:05:14+00:00 GATE_SKIP id=GDD39_08 window=OOS reason=IS_NOT_SURVIVOR
2026-08-17T01:05:14+00:00 GATE_SKIP id=GDD39_08 window=XM5 reason=OOS_NOT_STRICT
2026-08-17T01:05:14+00:00 RUN_START id=GDD39_09 family=equity_overlap_cap window=IS run=gdd2p_is_gdd39_09_20260817100514_a899c4
2026-08-17T01:06:25+00:00 RUN_END id=GDD39_09 window=IS status=OK decision=IS_REJECT elapsed=70.398s
2026-08-17T01:06:25+00:00 GATE_SKIP id=GDD39_09 window=OOS reason=IS_NOT_SURVIVOR
2026-08-17T01:06:25+00:00 GATE_SKIP id=GDD39_09 window=XM5 reason=OOS_NOT_STRICT
2026-08-17T01:06:25+00:00 RUN_START id=GDD39_10 family=equity_overlap_cap window=IS run=gdd2p_is_gdd39_10_20260817100625_cb8b68
2026-08-17T01:07:35+00:00 RUN_END id=GDD39_10 window=IS status=OK decision=IS_REJECT elapsed=70.396s
2026-08-17T01:07:35+00:00 GATE_SKIP id=GDD39_10 window=OOS reason=IS_NOT_SURVIVOR
2026-08-17T01:07:35+00:00 GATE_SKIP id=GDD39_10 window=XM5 reason=OOS_NOT_STRICT
2026-08-17T01:07:35+00:00 RUN_START id=GDD39_11 family=equity_overlap_cap window=IS run=gdd2p_is_gdd39_11_20260817100735_835ff7
2026-08-17T01:07:35+00:00 WAIT_MT5 elapsed=0s processes=metatester64.exe
2026-08-17T01:08:37+00:00 WAIT_MT5 elapsed=62s processes=metatester64.exe
2026-08-17T01:09:38+00:00 WAIT_MT5 elapsed=123s processes=metatester64.exe
2026-08-17T01:10:40+00:00 WAIT_MT5 elapsed=185s processes=metatester64.exe
2026-08-17T01:11:42+00:00 WAIT_MT5 elapsed=246s processes=metatester64.exe
2026-08-17T01:12:43+00:00 KILL_ORPHAN_TESTER elapsed=308s
2026-08-17T01:15:04+00:00 RUN_END id=GDD39_11 window=IS status=OK decision=IS_REJECT elapsed=448.511s
2026-08-17T01:15:04+00:00 GATE_SKIP id=GDD39_11 window=OOS reason=IS_NOT_SURVIVOR
2026-08-17T01:15:04+00:00 GATE_SKIP id=GDD39_11 window=XM5 reason=OOS_NOT_STRICT
2026-08-17T01:15:04+00:00 RUN_START id=GDD39_12 family=equity_overlap_cap window=IS run=gdd2p_is_gdd39_12_20260817101504_1dd1ee
2026-08-17T01:16:14+00:00 RUN_END id=GDD39_12 window=IS status=OK decision=IS_REJECT elapsed=70.456s
2026-08-17T01:16:14+00:00 GATE_SKIP id=GDD39_12 window=OOS reason=IS_NOT_SURVIVOR
2026-08-17T01:16:14+00:00 GATE_SKIP id=GDD39_12 window=XM5 reason=OOS_NOT_STRICT
2026-08-17T01:16:14+00:00 RUN_START id=GDD39_13 family=equity_overlap_cap window=IS run=gdd2p_is_gdd39_13_20260817101614_8b105d
2026-08-17T01:17:29+00:00 RUN_END id=GDD39_13 window=IS status=OK decision=IS_REJECT elapsed=75.475s
2026-08-17T01:17:29+00:00 GATE_SKIP id=GDD39_13 window=OOS reason=IS_NOT_SURVIVOR
2026-08-17T01:17:29+00:00 GATE_SKIP id=GDD39_13 window=XM5 reason=OOS_NOT_STRICT
2026-08-17T01:17:29+00:00 RUN_START id=GDD39_14 family=equity_overlap_cap window=IS run=gdd2p_is_gdd39_14_20260817101729_4ffcf5
2026-08-17T01:17:30+00:00 WAIT_MT5 elapsed=0s processes=metatester64.exe
2026-08-17T01:18:32+00:00 WAIT_MT5 elapsed=62s processes=metatester64.exe
2026-08-17T01:19:33+00:00 WAIT_MT5 elapsed=124s processes=metatester64.exe
2026-08-17T01:20:34+00:00 WAIT_MT5 elapsed=185s processes=metatester64.exe
2026-08-17T01:21:36+00:00 WAIT_MT5 elapsed=246s processes=metatester64.exe
2026-08-17T01:22:37+00:00 KILL_ORPHAN_TESTER elapsed=308s
2026-08-17T01:24:03+00:00 RUN_END id=GDD39_14 window=IS status=OK decision=IS_REJECT elapsed=393.233s
2026-08-17T01:24:03+00:00 GATE_SKIP id=GDD39_14 window=OOS reason=IS_NOT_SURVIVOR
2026-08-17T01:24:03+00:00 GATE_SKIP id=GDD39_14 window=XM5 reason=OOS_NOT_STRICT
2026-08-17T01:24:03+00:00 RUN_START id=GDD39_15 family=equity_overlap_cap window=IS run=gdd2p_is_gdd39_15_20260817102403_28f4b9
2026-08-17T01:25:13+00:00 RUN_END id=GDD39_15 window=IS status=OK decision=IS_REJECT elapsed=70.441s
2026-08-17T01:25:13+00:00 GATE_SKIP id=GDD39_15 window=OOS reason=IS_NOT_SURVIVOR
2026-08-17T01:25:13+00:00 GATE_SKIP id=GDD39_15 window=XM5 reason=OOS_NOT_STRICT
2026-08-17T01:25:13+00:00 RUN_START id=GDD39_16 family=equity_overlap_cap window=IS run=gdd2p_is_gdd39_16_20260817102513_ccf152
2026-08-17T01:26:24+00:00 RUN_END id=GDD39_16 window=IS status=OK decision=IS_REJECT elapsed=70.397s
2026-08-17T01:26:24+00:00 GATE_SKIP id=GDD39_16 window=OOS reason=IS_NOT_SURVIVOR
2026-08-17T01:26:24+00:00 GATE_SKIP id=GDD39_16 window=XM5 reason=OOS_NOT_STRICT
2026-08-17T01:26:24+00:00 RUN_START id=GDD39_17 family=equity_overlap_cap window=IS run=gdd2p_is_gdd39_17_20260817102624_f197ae
2026-08-17T01:27:34+00:00 RUN_END id=GDD39_17 window=IS status=OK decision=IS_REJECT elapsed=70.381s
2026-08-17T01:27:34+00:00 GATE_SKIP id=GDD39_17 window=OOS reason=IS_NOT_SURVIVOR
2026-08-17T01:27:34+00:00 GATE_SKIP id=GDD39_17 window=XM5 reason=OOS_NOT_STRICT
2026-08-17T01:27:34+00:00 RUN_START id=GDD39_18 family=equity_overlap_cap window=IS run=gdd2p_is_gdd39_18_20260817102734_262dc4
2026-08-17T01:28:44+00:00 RUN_END id=GDD39_18 window=IS status=OK decision=IS_REJECT elapsed=70.387s
2026-08-17T01:28:44+00:00 GATE_SKIP id=GDD39_18 window=OOS reason=IS_NOT_SURVIVOR
2026-08-17T01:28:44+00:00 GATE_SKIP id=GDD39_18 window=XM5 reason=OOS_NOT_STRICT
2026-08-17T01:28:44+00:00 RUN_START id=GDD39_19 family=equity_overlap_cap window=IS run=gdd2p_is_gdd39_19_20260817102844_1d72e3
2026-08-17T01:29:55+00:00 RUN_END id=GDD39_19 window=IS status=OK decision=IS_REJECT elapsed=70.420s
2026-08-17T01:29:55+00:00 GATE_SKIP id=GDD39_19 window=OOS reason=IS_NOT_SURVIVOR
2026-08-17T01:29:55+00:00 GATE_SKIP id=GDD39_19 window=XM5 reason=OOS_NOT_STRICT
2026-08-17T01:29:55+00:00 RUN_START id=GDD39_20 family=equity_overlap_cap window=IS run=gdd2p_is_gdd39_20_20260817102955_2d8847
2026-08-17T01:31:05+00:00 RUN_END id=GDD39_20 window=IS status=OK decision=IS_REJECT elapsed=70.404s
2026-08-17T01:31:05+00:00 GATE_SKIP id=GDD39_20 window=OOS reason=IS_NOT_SURVIVOR
2026-08-17T01:31:05+00:00 GATE_SKIP id=GDD39_20 window=XM5 reason=OOS_NOT_STRICT
2026-08-17T01:31:05+00:00 RUN_START id=GDD43_01 family=range_regime window=IS run=gdd2p_is_gdd43_01_20260817103105_7f707a
2026-08-17T01:32:11+00:00 RUN_END id=GDD43_01 window=IS status=FAILED decision=RUN_FAILED elapsed=65.417s
2026-08-17T01:32:11+00:00 RUN_START id=GDD43_02 family=range_regime window=IS run=gdd2p_is_gdd43_02_20260817103211_285bc8
2026-08-17T01:33:16+00:00 RUN_END id=GDD43_02 window=IS status=OK decision=IS_REJECT elapsed=65.449s
2026-08-17T01:33:16+00:00 GATE_SKIP id=GDD43_02 window=OOS reason=IS_NOT_SURVIVOR
2026-08-17T01:33:16+00:00 GATE_SKIP id=GDD43_02 window=XM5 reason=OOS_NOT_STRICT
2026-08-17T01:33:16+00:00 RUN_START id=GDD43_03 family=range_regime window=IS run=gdd2p_is_gdd43_03_20260817103316_b91c56
2026-08-17T01:34:21+00:00 RUN_END id=GDD43_03 window=IS status=OK decision=IS_REJECT elapsed=65.378s
2026-08-17T01:34:21+00:00 GATE_SKIP id=GDD43_03 window=OOS reason=IS_NOT_SURVIVOR
2026-08-17T01:34:21+00:00 GATE_SKIP id=GDD43_03 window=XM5 reason=OOS_NOT_STRICT
2026-08-17T01:34:21+00:00 RUN_START id=GDD43_04 family=range_regime window=IS run=gdd2p_is_gdd43_04_20260817103421_bba23a
2026-08-17T01:35:32+00:00 RUN_END id=GDD43_04 window=IS status=OK decision=IS_REJECT elapsed=70.394s
2026-08-17T01:35:32+00:00 GATE_SKIP id=GDD43_04 window=OOS reason=IS_NOT_SURVIVOR
2026-08-17T01:35:32+00:00 GATE_SKIP id=GDD43_04 window=XM5 reason=OOS_NOT_STRICT
2026-08-17T01:35:32+00:00 RUN_START id=GDD43_05 family=range_regime window=IS run=gdd2p_is_gdd43_05_20260817103532_75af1e
2026-08-17T01:36:42+00:00 RUN_END id=GDD43_05 window=IS status=OK decision=IS_SURVIVOR_TRADEOFF elapsed=70.394s
2026-08-17T01:36:42+00:00 RUN_START id=GDD43_05 family=range_regime window=OOS run=gdd2p_oos_gdd43_05_20260817103642_34a645
2026-08-17T01:37:28+00:00 RUN_END id=GDD43_05 window=OOS status=OK decision=OOS_REJECT elapsed=45.480s
2026-08-17T01:37:28+00:00 GATE_SKIP id=GDD43_05 window=XM5 reason=OOS_NOT_STRICT
2026-08-17T01:37:28+00:00 RUN_START id=GDD43_06 family=range_regime window=IS run=gdd2p_is_gdd43_06_20260817103728_83b814
2026-08-17T01:38:38+00:00 RUN_END id=GDD43_06 window=IS status=OK decision=IS_SURVIVOR_TRADEOFF elapsed=70.393s
2026-08-17T01:38:38+00:00 RUN_START id=GDD43_06 family=range_regime window=OOS run=gdd2p_oos_gdd43_06_20260817103838_54b785
2026-08-17T01:39:24+00:00 RUN_END id=GDD43_06 window=OOS status=OK decision=OOS_REJECT elapsed=45.421s
2026-08-17T01:39:24+00:00 GATE_SKIP id=GDD43_06 window=XM5 reason=OOS_NOT_STRICT
2026-08-17T01:39:24+00:00 RUN_START id=GDD43_07 family=range_regime window=IS run=gdd2p_is_gdd43_07_20260817103924_d7867d
2026-08-17T01:40:34+00:00 RUN_END id=GDD43_07 window=IS status=OK decision=IS_SURVIVOR_TRADEOFF elapsed=70.393s
2026-08-17T01:40:34+00:00 RUN_START id=GDD43_07 family=range_regime window=OOS run=gdd2p_oos_gdd43_07_20260817104034_4ff2ac
2026-08-17T01:41:19+00:00 RUN_END id=GDD43_07 window=OOS status=OK decision=OOS_REJECT elapsed=45.422s
2026-08-17T01:41:19+00:00 GATE_SKIP id=GDD43_07 window=XM5 reason=OOS_NOT_STRICT
2026-08-17T01:41:19+00:00 RUN_START id=GDD43_08 family=range_regime window=IS run=gdd2p_is_gdd43_08_20260817104119_a176ce
2026-08-17T01:42:30+00:00 RUN_END id=GDD43_08 window=IS status=OK decision=IS_SURVIVOR_TRADEOFF elapsed=70.410s
2026-08-17T01:42:30+00:00 RUN_START id=GDD43_08 family=range_regime window=OOS run=gdd2p_oos_gdd43_08_20260817104230_5e0d7a
2026-08-17T01:43:20+00:00 RUN_END id=GDD43_08 window=OOS status=OK decision=OOS_REJECT elapsed=50.427s
2026-08-17T01:43:20+00:00 GATE_SKIP id=GDD43_08 window=XM5 reason=OOS_NOT_STRICT
2026-08-17T01:43:20+00:00 RUN_START id=GDD43_09 family=range_regime window=IS run=gdd2p_is_gdd43_09_20260817104320_80368b
2026-08-17T01:44:31+00:00 RUN_END id=GDD43_09 window=IS status=OK decision=IS_SURVIVOR_TRADEOFF elapsed=70.409s
2026-08-17T01:44:31+00:00 RUN_START id=GDD43_09 family=range_regime window=OOS run=gdd2p_oos_gdd43_09_20260817104431_1a81a8
2026-08-17T01:45:16+00:00 RUN_END id=GDD43_09 window=OOS status=OK decision=OOS_REJECT elapsed=45.411s
2026-08-17T01:45:16+00:00 GATE_SKIP id=GDD43_09 window=XM5 reason=OOS_NOT_STRICT
2026-08-17T01:45:16+00:00 RUN_START id=GDD43_10 family=range_regime window=IS run=gdd2p_is_gdd43_10_20260817104516_c79e72
2026-08-17T01:46:26+00:00 RUN_END id=GDD43_10 window=IS status=OK decision=IS_REJECT elapsed=70.392s
2026-08-17T01:46:26+00:00 GATE_SKIP id=GDD43_10 window=OOS reason=IS_NOT_SURVIVOR
2026-08-17T01:46:26+00:00 GATE_SKIP id=GDD43_10 window=XM5 reason=OOS_NOT_STRICT
2026-08-17T01:46:26+00:00 RUN_START id=GDD43_11 family=range_regime window=IS run=gdd2p_is_gdd43_11_20260817104626_4a0fe2
2026-08-17T01:47:32+00:00 RUN_END id=GDD43_11 window=IS status=OK decision=IS_SURVIVOR_TRADEOFF elapsed=65.384s
2026-08-17T01:47:32+00:00 RUN_START id=GDD43_11 family=range_regime window=OOS run=gdd2p_oos_gdd43_11_20260817104732_cab0f7
2026-08-17T01:48:17+00:00 RUN_END id=GDD43_11 window=OOS status=OK decision=OOS_REJECT elapsed=45.429s
2026-08-17T01:48:17+00:00 GATE_SKIP id=GDD43_11 window=XM5 reason=OOS_NOT_STRICT
2026-08-17T01:48:17+00:00 RUN_START id=GDD43_12 family=range_regime window=IS run=gdd2p_is_gdd43_12_20260817104817_629e7e
2026-08-17T01:49:23+00:00 RUN_END id=GDD43_12 window=IS status=OK decision=IS_SURVIVOR_TRADEOFF elapsed=65.400s
2026-08-17T01:49:23+00:00 RUN_START id=GDD43_12 family=range_regime window=OOS run=gdd2p_oos_gdd43_12_20260817104923_e4f193
2026-08-17T01:50:13+00:00 RUN_END id=GDD43_12 window=OOS status=OK decision=OOS_REJECT elapsed=50.419s
2026-08-17T01:50:13+00:00 GATE_SKIP id=GDD43_12 window=XM5 reason=OOS_NOT_STRICT
2026-08-17T01:50:13+00:00 RUN_START id=GDD43_13 family=range_regime window=IS run=gdd2p_is_gdd43_13_20260817105013_9e649c
2026-08-17T01:51:23+00:00 RUN_END id=GDD43_13 window=IS status=OK decision=IS_REJECT elapsed=70.393s
2026-08-17T01:51:23+00:00 GATE_SKIP id=GDD43_13 window=OOS reason=IS_NOT_SURVIVOR
2026-08-17T01:51:23+00:00 GATE_SKIP id=GDD43_13 window=XM5 reason=OOS_NOT_STRICT
2026-08-17T01:51:23+00:00 RUN_START id=GDD43_14 family=range_regime window=IS run=gdd2p_is_gdd43_14_20260817105123_899046
2026-08-17T01:52:34+00:00 RUN_END id=GDD43_14 window=IS status=OK decision=IS_REJECT elapsed=70.386s
2026-08-17T01:52:34+00:00 GATE_SKIP id=GDD43_14 window=OOS reason=IS_NOT_SURVIVOR
2026-08-17T01:52:34+00:00 GATE_SKIP id=GDD43_14 window=XM5 reason=OOS_NOT_STRICT
2026-08-17T01:52:34+00:00 RUN_START id=GDD43_15 family=range_regime window=IS run=gdd2p_is_gdd43_15_20260817105234_f918c3
2026-08-17T01:53:44+00:00 RUN_END id=GDD43_15 window=IS status=OK decision=IS_REJECT elapsed=70.372s
2026-08-17T01:53:44+00:00 GATE_SKIP id=GDD43_15 window=OOS reason=IS_NOT_SURVIVOR
2026-08-17T01:53:44+00:00 GATE_SKIP id=GDD43_15 window=XM5 reason=OOS_NOT_STRICT
2026-08-17T01:53:44+00:00 RUN_START id=GDD43_16 family=range_regime window=IS run=gdd2p_is_gdd43_16_20260817105344_593017
2026-08-17T01:54:55+00:00 RUN_END id=GDD43_16 window=IS status=OK decision=IS_REJECT elapsed=70.389s
2026-08-17T01:54:55+00:00 GATE_SKIP id=GDD43_16 window=OOS reason=IS_NOT_SURVIVOR
2026-08-17T01:54:55+00:00 GATE_SKIP id=GDD43_16 window=XM5 reason=OOS_NOT_STRICT
2026-08-17T01:54:55+00:00 RUN_START id=GDD43_17 family=range_regime window=IS run=gdd2p_is_gdd43_17_20260817105455_08f8e8
2026-08-17T01:56:05+00:00 RUN_END id=GDD43_17 window=IS status=OK decision=IS_REJECT elapsed=70.385s
2026-08-17T01:56:05+00:00 GATE_SKIP id=GDD43_17 window=OOS reason=IS_NOT_SURVIVOR
2026-08-17T01:56:05+00:00 GATE_SKIP id=GDD43_17 window=XM5 reason=OOS_NOT_STRICT
2026-08-17T01:56:05+00:00 RUN_START id=GDD43_18 family=range_regime window=IS run=gdd2p_is_gdd43_18_20260817105605_e27bb9
2026-08-17T01:57:15+00:00 RUN_END id=GDD43_18 window=IS status=OK decision=IS_REJECT elapsed=70.405s
2026-08-17T01:57:15+00:00 GATE_SKIP id=GDD43_18 window=OOS reason=IS_NOT_SURVIVOR
2026-08-17T01:57:15+00:00 GATE_SKIP id=GDD43_18 window=XM5 reason=OOS_NOT_STRICT
2026-08-17T01:57:15+00:00 RUN_START id=GDD43_19 family=range_regime window=IS run=gdd2p_is_gdd43_19_20260817105715_d9c273
2026-08-17T01:58:26+00:00 RUN_END id=GDD43_19 window=IS status=OK decision=IS_REJECT elapsed=70.372s
2026-08-17T01:58:26+00:00 GATE_SKIP id=GDD43_19 window=OOS reason=IS_NOT_SURVIVOR
2026-08-17T01:58:26+00:00 GATE_SKIP id=GDD43_19 window=XM5 reason=OOS_NOT_STRICT
2026-08-17T01:58:26+00:00 RUN_START id=GDD43_20 family=range_regime window=IS run=gdd2p_is_gdd43_20_20260817105826_d8cbed
2026-08-17T01:59:36+00:00 RUN_END id=GDD43_20 window=IS status=OK decision=IS_REJECT elapsed=70.377s
2026-08-17T01:59:36+00:00 GATE_SKIP id=GDD43_20 window=OOS reason=IS_NOT_SURVIVOR
2026-08-17T01:59:36+00:00 GATE_SKIP id=GDD43_20 window=XM5 reason=OOS_NOT_STRICT
2026-08-17T01:59:36+00:00 RUN_START id=GDD44_01 family=gap_regime window=IS run=gdd2p_is_gdd44_01_20260817105936_9afe38
2026-08-17T02:00:47+00:00 RUN_END id=GDD44_01 window=IS status=OK decision=IS_REJECT elapsed=70.404s
2026-08-17T02:00:47+00:00 GATE_SKIP id=GDD44_01 window=OOS reason=IS_NOT_SURVIVOR
2026-08-17T02:00:47+00:00 GATE_SKIP id=GDD44_01 window=XM5 reason=OOS_NOT_STRICT
2026-08-17T02:00:47+00:00 RUN_START id=GDD44_02 family=gap_regime window=IS run=gdd2p_is_gdd44_02_20260817110047_d7bef9
2026-08-17T02:01:57+00:00 RUN_END id=GDD44_02 window=IS status=OK decision=IS_REJECT elapsed=70.398s
2026-08-17T02:01:57+00:00 GATE_SKIP id=GDD44_02 window=OOS reason=IS_NOT_SURVIVOR
2026-08-17T02:01:57+00:00 GATE_SKIP id=GDD44_02 window=XM5 reason=OOS_NOT_STRICT
2026-08-17T02:01:57+00:00 RUN_START id=GDD44_03 family=gap_regime window=IS run=gdd2p_is_gdd44_03_20260817110157_dc6be7
2026-08-17T02:03:07+00:00 RUN_END id=GDD44_03 window=IS status=OK decision=IS_REJECT elapsed=70.417s
2026-08-17T02:03:07+00:00 GATE_SKIP id=GDD44_03 window=OOS reason=IS_NOT_SURVIVOR
2026-08-17T02:03:07+00:00 GATE_SKIP id=GDD44_03 window=XM5 reason=OOS_NOT_STRICT
2026-08-17T02:03:07+00:00 RUN_START id=GDD44_04 family=gap_regime window=IS run=gdd2p_is_gdd44_04_20260817110307_e3259a
2026-08-17T02:04:18+00:00 RUN_END id=GDD44_04 window=IS status=OK decision=IS_REJECT elapsed=70.415s
2026-08-17T02:04:18+00:00 GATE_SKIP id=GDD44_04 window=OOS reason=IS_NOT_SURVIVOR
2026-08-17T02:04:18+00:00 GATE_SKIP id=GDD44_04 window=XM5 reason=OOS_NOT_STRICT
2026-08-17T02:04:18+00:00 RUN_START id=GDD44_05 family=gap_regime window=IS run=gdd2p_is_gdd44_05_20260817110418_ced943
2026-08-17T02:05:28+00:00 RUN_END id=GDD44_05 window=IS status=OK decision=IS_REJECT elapsed=70.409s
2026-08-17T02:05:28+00:00 GATE_SKIP id=GDD44_05 window=OOS reason=IS_NOT_SURVIVOR
2026-08-17T02:05:28+00:00 GATE_SKIP id=GDD44_05 window=XM5 reason=OOS_NOT_STRICT
2026-08-17T02:05:28+00:00 RUN_START id=GDD44_06 family=gap_regime window=IS run=gdd2p_is_gdd44_06_20260817110528_badb9b
2026-08-17T02:06:39+00:00 RUN_END id=GDD44_06 window=IS status=OK decision=IS_REJECT elapsed=70.370s
2026-08-17T02:06:39+00:00 GATE_SKIP id=GDD44_06 window=OOS reason=IS_NOT_SURVIVOR
2026-08-17T02:06:39+00:00 GATE_SKIP id=GDD44_06 window=XM5 reason=OOS_NOT_STRICT
2026-08-17T02:06:39+00:00 RUN_START id=GDD44_07 family=gap_regime window=IS run=gdd2p_is_gdd44_07_20260817110639_8b79a4
2026-08-17T02:07:49+00:00 RUN_END id=GDD44_07 window=IS status=OK decision=IS_SURVIVOR_STRICT elapsed=70.394s
2026-08-17T02:07:49+00:00 RUN_START id=GDD44_07 family=gap_regime window=OOS run=gdd2p_oos_gdd44_07_20260817110749_81ecc4
2026-08-17T02:08:39+00:00 RUN_END id=GDD44_07 window=OOS status=OK decision=OOS_REJECT elapsed=50.418s
2026-08-17T02:08:39+00:00 GATE_SKIP id=GDD44_07 window=XM5 reason=OOS_NOT_STRICT
2026-08-17T02:08:39+00:00 RUN_START id=GDD44_08 family=gap_regime window=IS run=gdd2p_is_gdd44_08_20260817110839_9bc565
2026-08-17T02:09:50+00:00 RUN_END id=GDD44_08 window=IS status=OK decision=IS_REJECT elapsed=70.399s
2026-08-17T02:09:50+00:00 GATE_SKIP id=GDD44_08 window=OOS reason=IS_NOT_SURVIVOR
2026-08-17T02:09:50+00:00 GATE_SKIP id=GDD44_08 window=XM5 reason=OOS_NOT_STRICT
2026-08-17T02:09:50+00:00 RUN_START id=GDD44_09 family=gap_regime window=IS run=gdd2p_is_gdd44_09_20260817110950_7eafa9
2026-08-17T02:11:00+00:00 RUN_END id=GDD44_09 window=IS status=OK decision=IS_REJECT elapsed=70.430s
2026-08-17T02:11:00+00:00 GATE_SKIP id=GDD44_09 window=OOS reason=IS_NOT_SURVIVOR
2026-08-17T02:11:00+00:00 GATE_SKIP id=GDD44_09 window=XM5 reason=OOS_NOT_STRICT
2026-08-17T02:11:00+00:00 RUN_START id=GDD44_10 family=gap_regime window=IS run=gdd2p_is_gdd44_10_20260817111100_061431
2026-08-17T02:12:11+00:00 RUN_END id=GDD44_10 window=IS status=OK decision=IS_REJECT elapsed=70.379s
2026-08-17T02:12:11+00:00 GATE_SKIP id=GDD44_10 window=OOS reason=IS_NOT_SURVIVOR
2026-08-17T02:12:11+00:00 GATE_SKIP id=GDD44_10 window=XM5 reason=OOS_NOT_STRICT
2026-08-17T02:12:11+00:00 RUN_START id=GDD44_11 family=gap_regime window=IS run=gdd2p_is_gdd44_11_20260817111211_d724e6
2026-08-17T19:53:28+00:00 RUN_END id=GDD44_11 window=IS status=FAILED decision=RUN_FAILED elapsed=63677.817s
2026-08-17T19:53:28+00:00 RUN_START id=GDD44_12 family=gap_regime window=IS run=gdd2p_is_gdd44_12_20260818045328_8b3425
2026-08-17T19:54:56+00:00 RUN_END id=GDD44_12 window=IS status=OK decision=IS_REJECT elapsed=87.242s
2026-08-17T19:54:56+00:00 GATE_SKIP id=GDD44_12 window=OOS reason=IS_NOT_SURVIVOR
2026-08-17T19:54:56+00:00 GATE_SKIP id=GDD44_12 window=XM5 reason=OOS_NOT_STRICT
2026-08-17T19:54:56+00:00 RUN_START id=GDD44_13 family=gap_regime window=IS run=gdd2p_is_gdd44_13_20260818045456_0e11f3
2026-08-17T21:42:09+00:00 RUN_END id=GDD44_13 window=IS status=FAILED decision=RUN_FAILED elapsed=6433.262s
2026-08-17T21:42:09+00:00 RUN_START id=GDD44_14 family=gap_regime window=IS run=gdd2p_is_gdd44_14_20260818064209_81a5b3
2026-08-17T21:43:35+00:00 RUN_END id=GDD44_14 window=IS status=OK decision=IS_REJECT elapsed=86.597s
2026-08-17T21:43:35+00:00 GATE_SKIP id=GDD44_14 window=OOS reason=IS_NOT_SURVIVOR
2026-08-17T21:43:35+00:00 GATE_SKIP id=GDD44_14 window=XM5 reason=OOS_NOT_STRICT
2026-08-17T21:43:35+00:00 RUN_START id=GDD44_15 family=gap_regime window=IS run=gdd2p_is_gdd44_15_20260818064335_719afe
2026-08-17T21:44:46+00:00 RUN_END id=GDD44_15 window=IS status=OK decision=IS_REJECT elapsed=70.530s
2026-08-17T21:44:46+00:00 GATE_SKIP id=GDD44_15 window=OOS reason=IS_NOT_SURVIVOR
2026-08-17T21:44:46+00:00 GATE_SKIP id=GDD44_15 window=XM5 reason=OOS_NOT_STRICT
2026-08-17T21:44:46+00:00 RUN_START id=GDD44_16 family=gap_regime window=IS run=gdd2p_is_gdd44_16_20260818064446_5bf788
2026-08-17T21:45:56+00:00 RUN_END id=GDD44_16 window=IS status=OK decision=IS_REJECT elapsed=70.423s
2026-08-17T21:45:56+00:00 GATE_SKIP id=GDD44_16 window=OOS reason=IS_NOT_SURVIVOR
2026-08-17T21:45:56+00:00 GATE_SKIP id=GDD44_16 window=XM5 reason=OOS_NOT_STRICT
2026-08-17T21:45:56+00:00 RUN_START id=GDD44_17 family=gap_regime window=IS run=gdd2p_is_gdd44_17_20260818064556_3650ba
2026-08-17T21:47:07+00:00 RUN_END id=GDD44_17 window=IS status=OK decision=IS_REJECT elapsed=70.452s
2026-08-17T21:47:07+00:00 GATE_SKIP id=GDD44_17 window=OOS reason=IS_NOT_SURVIVOR
2026-08-17T21:47:07+00:00 GATE_SKIP id=GDD44_17 window=XM5 reason=OOS_NOT_STRICT
2026-08-17T21:47:07+00:00 RUN_START id=GDD44_18 family=gap_regime window=IS run=gdd2p_is_gdd44_18_20260818064707_f6877e
2026-08-17T21:48:22+00:00 RUN_END id=GDD44_18 window=IS status=OK decision=IS_REJECT elapsed=75.486s
2026-08-17T21:48:22+00:00 GATE_SKIP id=GDD44_18 window=OOS reason=IS_NOT_SURVIVOR
2026-08-17T21:48:22+00:00 GATE_SKIP id=GDD44_18 window=XM5 reason=OOS_NOT_STRICT
2026-08-17T21:48:22+00:00 RUN_START id=GDD44_19 family=gap_regime window=IS run=gdd2p_is_gdd44_19_20260818064822_fad057
2026-08-17T21:49:33+00:00 RUN_END id=GDD44_19 window=IS status=OK decision=IS_REJECT elapsed=70.457s
2026-08-17T21:49:33+00:00 GATE_SKIP id=GDD44_19 window=OOS reason=IS_NOT_SURVIVOR
2026-08-17T21:49:33+00:00 GATE_SKIP id=GDD44_19 window=XM5 reason=OOS_NOT_STRICT
2026-08-17T21:49:33+00:00 RUN_START id=GDD44_20 family=gap_regime window=IS run=gdd2p_is_gdd44_20_20260818064933_f7e42b
2026-08-17T21:50:43+00:00 RUN_END id=GDD44_20 window=IS status=OK decision=IS_REJECT elapsed=70.456s
2026-08-17T21:50:43+00:00 GATE_SKIP id=GDD44_20 window=OOS reason=IS_NOT_SURVIVOR
2026-08-17T21:50:43+00:00 GATE_SKIP id=GDD44_20 window=XM5 reason=OOS_NOT_STRICT
2026-08-17T21:50:43+00:00 RUN_START id=GDD46_01 family=spread_gate window=IS run=gdd2p_is_gdd46_01_20260818065043_503578
2026-08-17T21:51:49+00:00 RUN_END id=GDD46_01 window=IS status=FAILED decision=RUN_FAILED elapsed=65.493s
2026-08-17T21:51:49+00:00 RUN_START id=GDD46_02 family=spread_gate window=IS run=gdd2p_is_gdd46_02_20260818065149_44a7a4
2026-08-17T21:52:54+00:00 RUN_END id=GDD46_02 window=IS status=FAILED decision=RUN_FAILED elapsed=65.430s
2026-08-17T21:52:54+00:00 RUN_START id=GDD46_03 family=spread_gate window=IS run=gdd2p_is_gdd46_03_20260818065254_63bdea
2026-08-17T21:54:05+00:00 RUN_END id=GDD46_03 window=IS status=OK decision=IS_REJECT elapsed=70.423s
2026-08-17T21:54:05+00:00 GATE_SKIP id=GDD46_03 window=OOS reason=IS_NOT_SURVIVOR
2026-08-17T21:54:05+00:00 GATE_SKIP id=GDD46_03 window=XM5 reason=OOS_NOT_STRICT
2026-08-17T21:54:05+00:00 RUN_START id=GDD46_04 family=spread_gate window=IS run=gdd2p_is_gdd46_04_20260818065405_b4cb15
2026-08-17T21:55:20+00:00 RUN_END id=GDD46_04 window=IS status=OK decision=IS_REJECT elapsed=75.411s
2026-08-17T21:55:20+00:00 GATE_SKIP id=GDD46_04 window=OOS reason=IS_NOT_SURVIVOR
2026-08-17T21:55:20+00:00 GATE_SKIP id=GDD46_04 window=XM5 reason=OOS_NOT_STRICT
2026-08-17T21:55:20+00:00 RUN_START id=GDD46_05 family=spread_gate window=IS run=gdd2p_is_gdd46_05_20260818065520_8cd626
2026-08-17T21:56:30+00:00 RUN_END id=GDD46_05 window=IS status=OK decision=IS_SURVIVOR_TRADEOFF elapsed=70.431s
2026-08-17T21:56:30+00:00 RUN_START id=GDD46_05 family=spread_gate window=OOS run=gdd2p_oos_gdd46_05_20260818065630_d66466
2026-08-17T21:57:21+00:00 RUN_END id=GDD46_05 window=OOS status=OK decision=OOS_REJECT elapsed=50.469s
2026-08-17T21:57:21+00:00 GATE_SKIP id=GDD46_05 window=XM5 reason=OOS_NOT_STRICT
2026-08-17T21:57:21+00:00 RUN_START id=GDD46_06 family=spread_gate window=IS run=gdd2p_is_gdd46_06_20260818065721_d79c63
2026-08-17T21:58:31+00:00 RUN_END id=GDD46_06 window=IS status=OK decision=IS_REJECT elapsed=70.476s
2026-08-17T21:58:31+00:00 GATE_SKIP id=GDD46_06 window=OOS reason=IS_NOT_SURVIVOR
2026-08-17T21:58:31+00:00 GATE_SKIP id=GDD46_06 window=XM5 reason=OOS_NOT_STRICT
2026-08-17T21:58:31+00:00 RUN_START id=GDD46_07 family=spread_gate window=IS run=gdd2p_is_gdd46_07_20260818065831_05f5e2
2026-08-17T21:59:47+00:00 RUN_END id=GDD46_07 window=IS status=OK decision=IS_REJECT elapsed=75.458s
2026-08-17T21:59:47+00:00 GATE_SKIP id=GDD46_07 window=OOS reason=IS_NOT_SURVIVOR
2026-08-17T21:59:47+00:00 GATE_SKIP id=GDD46_07 window=XM5 reason=OOS_NOT_STRICT
2026-08-17T21:59:47+00:00 RUN_START id=GDD46_08 family=spread_gate window=IS run=gdd2p_is_gdd46_08_20260818065947_e39b5b
2026-08-17T22:01:02+00:00 RUN_END id=GDD46_08 window=IS status=OK decision=IS_REJECT elapsed=75.500s
2026-08-17T22:01:02+00:00 GATE_SKIP id=GDD46_08 window=OOS reason=IS_NOT_SURVIVOR
2026-08-17T22:01:02+00:00 GATE_SKIP id=GDD46_08 window=XM5 reason=OOS_NOT_STRICT
2026-08-17T22:01:02+00:00 RUN_START id=GDD46_09 family=spread_gate window=IS run=gdd2p_is_gdd46_09_20260818070102_3dead4
2026-08-17T22:02:18+00:00 RUN_END id=GDD46_09 window=IS status=OK decision=IS_REJECT elapsed=75.439s
2026-08-17T22:02:18+00:00 GATE_SKIP id=GDD46_09 window=OOS reason=IS_NOT_SURVIVOR
2026-08-17T22:02:18+00:00 GATE_SKIP id=GDD46_09 window=XM5 reason=OOS_NOT_STRICT
2026-08-17T22:02:18+00:00 RUN_START id=GDD46_10 family=spread_gate window=IS run=gdd2p_is_gdd46_10_20260818070218_12b529
2026-08-17T22:03:33+00:00 RUN_END id=GDD46_10 window=IS status=OK decision=IS_REJECT elapsed=75.503s
2026-08-17T22:03:33+00:00 GATE_SKIP id=GDD46_10 window=OOS reason=IS_NOT_SURVIVOR
2026-08-17T22:03:33+00:00 GATE_SKIP id=GDD46_10 window=XM5 reason=OOS_NOT_STRICT
2026-08-17T22:03:33+00:00 RUN_START id=GDD46_11 family=spread_gate window=IS run=gdd2p_is_gdd46_11_20260818070333_e57092
2026-08-17T22:04:44+00:00 RUN_END id=GDD46_11 window=IS status=OK decision=IS_REJECT elapsed=70.464s
2026-08-17T22:04:44+00:00 GATE_SKIP id=GDD46_11 window=OOS reason=IS_NOT_SURVIVOR
2026-08-17T22:04:44+00:00 GATE_SKIP id=GDD46_11 window=XM5 reason=OOS_NOT_STRICT
2026-08-17T22:04:44+00:00 RUN_START id=GDD46_12 family=spread_gate window=IS run=gdd2p_is_gdd46_12_20260818070444_fe0077
2026-08-17T22:04:44+00:00 WAIT_MT5 elapsed=0s processes=metatester64.exe
2026-08-17T22:05:46+00:00 WAIT_MT5 elapsed=62s processes=metatester64.exe
2026-08-17T22:06:47+00:00 WAIT_MT5 elapsed=124s processes=metatester64.exe
2026-08-17T22:07:49+00:00 WAIT_MT5 elapsed=185s processes=metatester64.exe
2026-08-17T22:08:51+00:00 WAIT_MT5 elapsed=247s processes=metatester64.exe
2026-08-17T22:09:53+00:00 KILL_ORPHAN_TESTER elapsed=309s
2026-08-17T22:11:18+00:00 RUN_END id=GDD46_12 window=IS status=OK decision=IS_REJECT elapsed=394.237s
2026-08-17T22:11:18+00:00 GATE_SKIP id=GDD46_12 window=OOS reason=IS_NOT_SURVIVOR
2026-08-17T22:11:18+00:00 GATE_SKIP id=GDD46_12 window=XM5 reason=OOS_NOT_STRICT
2026-08-17T22:11:18+00:00 RUN_START id=GDD46_13 family=spread_gate window=IS run=gdd2p_is_gdd46_13_20260818071118_4fb58e
2026-08-17T22:12:28+00:00 RUN_END id=GDD46_13 window=IS status=OK decision=IS_REJECT elapsed=70.451s
2026-08-17T22:12:28+00:00 GATE_SKIP id=GDD46_13 window=OOS reason=IS_NOT_SURVIVOR
2026-08-17T22:12:28+00:00 GATE_SKIP id=GDD46_13 window=XM5 reason=OOS_NOT_STRICT
2026-08-17T22:12:28+00:00 RUN_START id=GDD46_14 family=spread_gate window=IS run=gdd2p_is_gdd46_14_20260818071228_dca3d6
2026-08-17T22:13:39+00:00 RUN_END id=GDD46_14 window=IS status=OK decision=IS_REJECT elapsed=70.472s
2026-08-17T22:13:39+00:00 GATE_SKIP id=GDD46_14 window=OOS reason=IS_NOT_SURVIVOR
2026-08-17T22:13:39+00:00 GATE_SKIP id=GDD46_14 window=XM5 reason=OOS_NOT_STRICT
2026-08-17T22:13:39+00:00 RUN_START id=GDD46_15 family=spread_gate window=IS run=gdd2p_is_gdd46_15_20260818071339_c902d7
2026-08-17T22:14:49+00:00 RUN_END id=GDD46_15 window=IS status=OK decision=IS_REJECT elapsed=70.422s
2026-08-17T22:14:49+00:00 GATE_SKIP id=GDD46_15 window=OOS reason=IS_NOT_SURVIVOR
2026-08-17T22:14:49+00:00 GATE_SKIP id=GDD46_15 window=XM5 reason=OOS_NOT_STRICT
2026-08-17T22:14:49+00:00 RUN_START id=GDD46_16 family=spread_gate window=IS run=gdd2p_is_gdd46_16_20260818071449_7c66f7
2026-08-17T22:16:00+00:00 RUN_END id=GDD46_16 window=IS status=OK decision=IS_REJECT elapsed=70.461s
2026-08-17T22:16:00+00:00 GATE_SKIP id=GDD46_16 window=OOS reason=IS_NOT_SURVIVOR
2026-08-17T22:16:00+00:00 GATE_SKIP id=GDD46_16 window=XM5 reason=OOS_NOT_STRICT
2026-08-17T22:16:00+00:00 RUN_START id=GDD46_17 family=spread_gate window=IS run=gdd2p_is_gdd46_17_20260818071600_060c69
2026-08-17T22:17:10+00:00 RUN_END id=GDD46_17 window=IS status=OK decision=IS_REJECT elapsed=70.416s
2026-08-17T22:17:10+00:00 GATE_SKIP id=GDD46_17 window=OOS reason=IS_NOT_SURVIVOR
2026-08-17T22:17:10+00:00 GATE_SKIP id=GDD46_17 window=XM5 reason=OOS_NOT_STRICT
2026-08-17T22:17:10+00:00 RUN_START id=GDD46_18 family=spread_gate window=IS run=gdd2p_is_gdd46_18_20260818071710_921330
2026-08-17T22:18:21+00:00 RUN_END id=GDD46_18 window=IS status=OK decision=IS_REJECT elapsed=70.441s
2026-08-17T22:18:21+00:00 GATE_SKIP id=GDD46_18 window=OOS reason=IS_NOT_SURVIVOR
2026-08-17T22:18:21+00:00 GATE_SKIP id=GDD46_18 window=XM5 reason=OOS_NOT_STRICT
2026-08-17T22:18:21+00:00 RUN_START id=GDD46_19 family=spread_gate window=IS run=gdd2p_is_gdd46_19_20260818071821_f6e090
2026-08-17T22:19:31+00:00 RUN_END id=GDD46_19 window=IS status=OK decision=IS_REJECT elapsed=70.492s
2026-08-17T22:19:31+00:00 GATE_SKIP id=GDD46_19 window=OOS reason=IS_NOT_SURVIVOR
2026-08-17T22:19:31+00:00 GATE_SKIP id=GDD46_19 window=XM5 reason=OOS_NOT_STRICT
2026-08-17T22:19:31+00:00 RUN_START id=GDD46_20 family=spread_gate window=IS run=gdd2p_is_gdd46_20_20260818071931_f248b4
2026-08-17T22:20:42+00:00 RUN_END id=GDD46_20 window=IS status=OK decision=IS_REJECT elapsed=70.433s
2026-08-17T22:20:42+00:00 GATE_SKIP id=GDD46_20 window=OOS reason=IS_NOT_SURVIVOR
2026-08-17T22:20:42+00:00 GATE_SKIP id=GDD46_20 window=XM5 reason=OOS_NOT_STRICT
2026-08-17T22:20:42+00:00 QUEUE_SUMMARY selected=560 started=823 skipped=3
2026-08-17T22:20:42+00:00 DRIVER_END status=OK
2026-08-17T22:21:02+00:00 DRIVER_START pid=38116 stage=all targets=560
2026-08-17T22:21:02+00:00 SKIP_EXISTING [1/560] id=GDD01_01 window=IS
2026-08-17T22:21:02+00:00 SKIP_EXISTING [1/560] id=GDD01_01 window=OOS
2026-08-17T22:21:02+00:00 GATE_SKIP id=GDD01_01 window=XM5 reason=OOS_NOT_STRICT
2026-08-17T22:21:02+00:00 SKIP_EXISTING [2/560] id=GDD01_02 window=IS
2026-08-17T22:21:02+00:00 SKIP_EXISTING [2/560] id=GDD01_02 window=OOS
2026-08-17T22:21:02+00:00 GATE_SKIP id=GDD01_02 window=XM5 reason=OOS_NOT_STRICT
2026-08-17T22:21:02+00:00 SKIP_EXISTING [3/560] id=GDD01_03 window=IS
2026-08-17T22:21:02+00:00 SKIP_EXISTING [3/560] id=GDD01_03 window=OOS
2026-08-17T22:21:02+00:00 GATE_SKIP id=GDD01_03 window=XM5 reason=OOS_NOT_STRICT
2026-08-17T22:21:02+00:00 SKIP_EXISTING [4/560] id=GDD01_04 window=IS
2026-08-17T22:21:02+00:00 SKIP_EXISTING [4/560] id=GDD01_04 window=OOS
2026-08-17T22:21:02+00:00 GATE_SKIP id=GDD01_04 window=XM5 reason=OOS_NOT_STRICT
2026-08-17T22:21:02+00:00 SKIP_EXISTING [5/560] id=GDD01_05 window=IS
2026-08-17T22:21:02+00:00 SKIP_EXISTING [5/560] id=GDD01_05 window=OOS
2026-08-17T22:21:02+00:00 GATE_SKIP id=GDD01_05 window=XM5 reason=OOS_NOT_STRICT
2026-08-17T22:21:02+00:00 SKIP_EXISTING [6/560] id=GDD01_06 window=IS
2026-08-17T22:21:02+00:00 SKIP_EXISTING [6/560] id=GDD01_06 window=OOS
2026-08-17T22:21:02+00:00 GATE_SKIP id=GDD01_06 window=XM5 reason=OOS_NOT_STRICT
2026-08-17T22:21:02+00:00 SKIP_EXISTING [7/560] id=GDD01_07 window=IS
2026-08-17T22:21:02+00:00 SKIP_EXISTING [7/560] id=GDD01_07 window=OOS
2026-08-17T22:21:02+00:00 GATE_SKIP id=GDD01_07 window=XM5 reason=OOS_NOT_STRICT
2026-08-17T22:21:02+00:00 SKIP_EXISTING [8/560] id=GDD01_08 window=IS
2026-08-17T22:21:02+00:00 SKIP_EXISTING [8/560] id=GDD01_08 window=OOS
2026-08-17T22:21:02+00:00 GATE_SKIP id=GDD01_08 window=XM5 reason=OOS_NOT_STRICT
2026-08-17T22:21:02+00:00 SKIP_EXISTING [9/560] id=GDD01_09 window=IS
2026-08-17T22:21:02+00:00 SKIP_EXISTING [9/560] id=GDD01_09 window=OOS
2026-08-17T22:21:02+00:00 GATE_SKIP id=GDD01_09 window=XM5 reason=OOS_NOT_STRICT
2026-08-17T22:21:02+00:00 SKIP_EXISTING [10/560] id=GDD01_10 window=IS
2026-08-17T22:21:02+00:00 SKIP_EXISTING [10/560] id=GDD01_10 window=OOS
2026-08-17T22:21:02+00:00 GATE_SKIP id=GDD01_10 window=XM5 reason=OOS_NOT_STRICT
2026-08-17T22:21:02+00:00 SKIP_EXISTING [11/560] id=GDD01_11 window=IS
2026-08-17T22:21:02+00:00 SKIP_EXISTING [11/560] id=GDD01_11 window=OOS
2026-08-17T22:21:02+00:00 GATE_SKIP id=GDD01_11 window=XM5 reason=OOS_NOT_STRICT
2026-08-17T22:21:02+00:00 SKIP_EXISTING [12/560] id=GDD01_12 window=IS
2026-08-17T22:21:02+00:00 SKIP_EXISTING [12/560] id=GDD01_12 window=OOS
2026-08-17T22:21:02+00:00 GATE_SKIP id=GDD01_12 window=XM5 reason=OOS_NOT_STRICT
2026-08-17T22:21:02+00:00 SKIP_EXISTING [13/560] id=GDD01_13 window=IS
2026-08-17T22:21:02+00:00 SKIP_EXISTING [13/560] id=GDD01_13 window=OOS
2026-08-17T22:21:02+00:00 GATE_SKIP id=GDD01_13 window=XM5 reason=OOS_NOT_STRICT
2026-08-17T22:21:02+00:00 SKIP_EXISTING [14/560] id=GDD01_14 window=IS
2026-08-17T22:21:02+00:00 SKIP_EXISTING [14/560] id=GDD01_14 window=OOS
2026-08-17T22:21:02+00:00 GATE_SKIP id=GDD01_14 window=XM5 reason=OOS_NOT_STRICT
2026-08-17T22:21:02+00:00 SKIP_EXISTING [15/560] id=GDD01_15 window=IS
2026-08-17T22:21:02+00:00 SKIP_EXISTING [15/560] id=GDD01_15 window=OOS
2026-08-17T22:21:02+00:00 GATE_SKIP id=GDD01_15 window=XM5 reason=OOS_NOT_STRICT
2026-08-17T22:21:02+00:00 SKIP_EXISTING [16/560] id=GDD01_16 window=IS
2026-08-17T22:21:02+00:00 SKIP_EXISTING [16/560] id=GDD01_16 window=OOS
2026-08-17T22:21:02+00:00 GATE_SKIP id=GDD01_16 window=XM5 reason=OOS_NOT_STRICT
2026-08-17T22:21:02+00:00 SKIP_EXISTING [17/560] id=GDD01_17 window=IS
2026-08-17T22:21:02+00:00 SKIP_EXISTING [17/560] id=GDD01_17 window=OOS
2026-08-17T22:21:02+00:00 GATE_SKIP id=GDD01_17 window=XM5 reason=OOS_NOT_STRICT
2026-08-17T22:21:02+00:00 SKIP_EXISTING [18/560] id=GDD01_18 window=IS
2026-08-17T22:21:02+00:00 GATE_SKIP id=GDD01_18 window=OOS reason=IS_NOT_SURVIVOR
2026-08-17T22:21:02+00:00 GATE_SKIP id=GDD01_18 window=XM5 reason=OOS_NOT_STRICT
2026-08-17T22:21:02+00:00 SKIP_EXISTING [19/560] id=GDD01_19 window=IS
2026-08-17T22:21:02+00:00 GATE_SKIP id=GDD01_19 window=OOS reason=IS_NOT_SURVIVOR
2026-08-17T22:21:02+00:00 GATE_SKIP id=GDD01_19 window=XM5 reason=OOS_NOT_STRICT
2026-08-17T22:21:02+00:00 SKIP_EXISTING [20/560] id=GDD01_20 window=IS
2026-08-17T22:21:02+00:00 GATE_SKIP id=GDD01_20 window=OOS reason=IS_NOT_SURVIVOR
2026-08-17T22:21:02+00:00 GATE_SKIP id=GDD01_20 window=XM5 reason=OOS_NOT_STRICT
2026-08-17T22:21:02+00:00 SKIP_EXISTING [21/560] id=GDD02_01 window=IS
2026-08-17T22:21:02+00:00 GATE_SKIP id=GDD02_01 window=OOS reason=IS_NOT_SURVIVOR
2026-08-17T22:21:02+00:00 GATE_SKIP id=GDD02_01 window=XM5 reason=OOS_NOT_STRICT
2026-08-17T22:21:02+00:00 SKIP_EXISTING [22/560] id=GDD02_02 window=IS
2026-08-17T22:21:02+00:00 GATE_SKIP id=GDD02_02 window=OOS reason=IS_NOT_SURVIVOR
2026-08-17T22:21:02+00:00 GATE_SKIP id=GDD02_02 window=XM5 reason=OOS_NOT_STRICT
2026-08-17T22:21:02+00:00 SKIP_EXISTING [23/560] id=GDD02_03 window=IS
2026-08-17T22:21:02+00:00 GATE_SKIP id=GDD02_03 window=OOS reason=IS_NOT_SURVIVOR
2026-08-17T22:21:02+00:00 GATE_SKIP id=GDD02_03 window=XM5 reason=OOS_NOT_STRICT
2026-08-17T22:21:02+00:00 SKIP_EXISTING [24/560] id=GDD02_04 window=IS
2026-08-17T22:21:02+00:00 GATE_SKIP id=GDD02_04 window=OOS reason=IS_NOT_SURVIVOR
2026-08-17T22:21:02+00:00 GATE_SKIP id=GDD02_04 window=XM5 reason=OOS_NOT_STRICT
2026-08-17T22:21:02+00:00 SKIP_EXISTING [25/560] id=GDD02_05 window=IS
2026-08-17T22:21:02+00:00 GATE_SKIP id=GDD02_05 window=OOS reason=IS_NOT_SURVIVOR
2026-08-17T22:21:02+00:00 GATE_SKIP id=GDD02_05 window=XM5 reason=OOS_NOT_STRICT
2026-08-17T22:21:02+00:00 SKIP_EXISTING [26/560] id=GDD02_06 window=IS
2026-08-17T22:21:02+00:00 GATE_SKIP id=GDD02_06 window=OOS reason=IS_NOT_SURVIVOR
2026-08-17T22:21:02+00:00 GATE_SKIP id=GDD02_06 window=XM5 reason=OOS_NOT_STRICT
2026-08-17T22:21:02+00:00 SKIP_EXISTING [27/560] id=GDD02_07 window=IS
2026-08-17T22:21:02+00:00 SKIP_EXISTING [27/560] id=GDD02_07 window=OOS
2026-08-17T22:21:02+00:00 GATE_SKIP id=GDD02_07 window=XM5 reason=OOS_NOT_STRICT
2026-08-17T22:21:02+00:00 SKIP_EXISTING [28/560] id=GDD02_08 window=IS
2026-08-17T22:21:02+00:00 SKIP_EXISTING [28/560] id=GDD02_08 window=OOS
2026-08-17T22:21:02+00:00 GATE_SKIP id=GDD02_08 window=XM5 reason=OOS_NOT_STRICT
2026-08-17T22:21:02+00:00 SKIP_EXISTING [29/560] id=GDD02_09 window=IS
2026-08-17T22:21:02+00:00 GATE_SKIP id=GDD02_09 window=OOS reason=IS_NOT_SURVIVOR
2026-08-17T22:21:02+00:00 GATE_SKIP id=GDD02_09 window=XM5 reason=OOS_NOT_STRICT
2026-08-17T22:21:02+00:00 SKIP_EXISTING [30/560] id=GDD02_10 window=IS
2026-08-17T22:21:02+00:00 GATE_SKIP id=GDD02_10 window=OOS reason=IS_NOT_SURVIVOR
2026-08-17T22:21:02+00:00 GATE_SKIP id=GDD02_10 window=XM5 reason=OOS_NOT_STRICT
2026-08-17T22:21:02+00:00 SKIP_EXISTING [31/560] id=GDD02_11 window=IS
2026-08-17T22:21:02+00:00 SKIP_EXISTING [31/560] id=GDD02_11 window=OOS
2026-08-17T22:21:02+00:00 GATE_SKIP id=GDD02_11 window=XM5 reason=OOS_NOT_STRICT
2026-08-17T22:21:02+00:00 SKIP_EXISTING [32/560] id=GDD02_12 window=IS
2026-08-17T22:21:02+00:00 SKIP_EXISTING [32/560] id=GDD02_12 window=OOS
2026-08-17T22:21:02+00:00 GATE_SKIP id=GDD02_12 window=XM5 reason=OOS_NOT_STRICT
2026-08-17T22:21:02+00:00 SKIP_EXISTING [33/560] id=GDD02_13 window=IS
2026-08-17T22:21:02+00:00 SKIP_EXISTING [33/560] id=GDD02_13 window=OOS
2026-08-17T22:21:02+00:00 GATE_SKIP id=GDD02_13 window=XM5 reason=OOS_NOT_STRICT
2026-08-17T22:21:02+00:00 SKIP_EXISTING [34/560] id=GDD02_14 window=IS
2026-08-17T22:21:02+00:00 SKIP_EXISTING [34/560] id=GDD02_14 window=OOS
2026-08-17T22:21:02+00:00 GATE_SKIP id=GDD02_14 window=XM5 reason=OOS_NOT_STRICT
2026-08-17T22:21:02+00:00 SKIP_EXISTING [35/560] id=GDD02_15 window=IS
2026-08-17T22:21:02+00:00 GATE_SKIP id=GDD02_15 window=OOS reason=IS_NOT_SURVIVOR
2026-08-17T22:21:02+00:00 GATE_SKIP id=GDD02_15 window=XM5 reason=OOS_NOT_STRICT
2026-08-17T22:21:02+00:00 SKIP_EXISTING [36/560] id=GDD02_16 window=IS
2026-08-17T22:21:02+00:00 GATE_SKIP id=GDD02_16 window=OOS reason=IS_NOT_SURVIVOR
2026-08-17T22:21:02+00:00 GATE_SKIP id=GDD02_16 window=XM5 reason=OOS_NOT_STRICT
2026-08-17T22:21:02+00:00 SKIP_EXISTING [37/560] id=GDD02_17 window=IS
2026-08-17T22:21:02+00:00 GATE_SKIP id=GDD02_17 window=OOS reason=IS_NOT_SURVIVOR
2026-08-17T22:21:02+00:00 GATE_SKIP id=GDD02_17 window=XM5 reason=OOS_NOT_STRICT
2026-08-17T22:21:02+00:00 SKIP_EXISTING [38/560] id=GDD02_18 window=IS
2026-08-17T22:21:02+00:00 SKIP_EXISTING [38/560] id=GDD02_18 window=OOS
2026-08-17T22:21:02+00:00 GATE_SKIP id=GDD02_18 window=XM5 reason=OOS_NOT_STRICT
2026-08-17T22:21:02+00:00 SKIP_EXISTING [39/560] id=GDD02_19 window=IS
2026-08-17T22:21:02+00:00 SKIP_EXISTING [39/560] id=GDD02_19 window=OOS
2026-08-17T22:21:02+00:00 GATE_SKIP id=GDD02_19 window=XM5 reason=OOS_NOT_STRICT
2026-08-17T22:21:02+00:00 SKIP_EXISTING [40/560] id=GDD02_20 window=IS
2026-08-17T22:21:02+00:00 SKIP_EXISTING [40/560] id=GDD02_20 window=OOS
2026-08-17T22:21:02+00:00 GATE_SKIP id=GDD02_20 window=XM5 reason=OOS_NOT_STRICT
2026-08-17T22:21:02+00:00 SKIP_EXISTING [41/560] id=GDD03_01 window=IS
2026-08-17T22:21:02+00:00 SKIP_EXISTING [41/560] id=GDD03_01 window=OOS
2026-08-17T22:21:02+00:00 GATE_SKIP id=GDD03_01 window=XM5 reason=OOS_NOT_STRICT
2026-08-17T22:21:02+00:00 SKIP_EXISTING [42/560] id=GDD03_02 window=IS
2026-08-17T22:21:02+00:00 SKIP_EXISTING [42/560] id=GDD03_02 window=OOS
2026-08-17T22:21:02+00:00 GATE_SKIP id=GDD03_02 window=XM5 reason=OOS_NOT_STRICT
2026-08-17T22:21:02+00:00 SKIP_EXISTING [43/560] id=GDD03_03 window=IS
2026-08-17T22:21:02+00:00 SKIP_EXISTING [43/560] id=GDD03_03 window=OOS
2026-08-17T22:21:02+00:00 GATE_SKIP id=GDD03_03 window=XM5 reason=OOS_NOT_STRICT
2026-08-17T22:21:02+00:00 SKIP_EXISTING [44/560] id=GDD03_04 window=IS
2026-08-17T22:21:02+00:00 SKIP_EXISTING [44/560] id=GDD03_04 window=OOS
2026-08-17T22:21:02+00:00 GATE_SKIP id=GDD03_04 window=XM5 reason=OOS_NOT_STRICT
2026-08-17T22:21:02+00:00 SKIP_EXISTING [45/560] id=GDD03_05 window=IS
2026-08-17T22:21:02+00:00 SKIP_EXISTING [45/560] id=GDD03_05 window=OOS
2026-08-17T22:21:02+00:00 GATE_SKIP id=GDD03_05 window=XM5 reason=OOS_NOT_STRICT
2026-08-17T22:21:02+00:00 SKIP_EXISTING [46/560] id=GDD03_06 window=IS
2026-08-17T22:21:02+00:00 SKIP_EXISTING [46/560] id=GDD03_06 window=OOS
2026-08-17T22:21:02+00:00 GATE_SKIP id=GDD03_06 window=XM5 reason=OOS_NOT_STRICT
2026-08-17T22:21:02+00:00 SKIP_EXISTING [47/560] id=GDD03_07 window=IS
2026-08-17T22:21:02+00:00 SKIP_EXISTING [47/560] id=GDD03_07 window=OOS
2026-08-17T22:21:02+00:00 GATE_SKIP id=GDD03_07 window=XM5 reason=OOS_NOT_STRICT
2026-08-17T22:21:02+00:00 SKIP_EXISTING [48/560] id=GDD03_08 window=IS
2026-08-17T22:21:02+00:00 SKIP_EXISTING [48/560] id=GDD03_08 window=OOS
2026-08-17T22:21:02+00:00 GATE_SKIP id=GDD03_08 window=XM5 reason=OOS_NOT_STRICT
2026-08-17T22:21:02+00:00 SKIP_EXISTING [49/560] id=GDD03_09 window=IS
2026-08-17T22:21:02+00:00 SKIP_EXISTING [49/560] id=GDD03_09 window=OOS
2026-08-17T22:21:02+00:00 GATE_SKIP id=GDD03_09 window=XM5 reason=OOS_NOT_STRICT
2026-08-17T22:21:02+00:00 SKIP_EXISTING [50/560] id=GDD03_10 window=IS
2026-08-17T22:21:02+00:00 SKIP_EXISTING [50/560] id=GDD03_10 window=OOS
2026-08-17T22:21:02+00:00 GATE_SKIP id=GDD03_10 window=XM5 reason=OOS_NOT_STRICT
2026-08-17T22:21:02+00:00 SKIP_EXISTING [51/560] id=GDD03_11 window=IS
2026-08-17T22:21:02+00:00 SKIP_EXISTING [51/560] id=GDD03_11 window=OOS
2026-08-17T22:21:02+00:00 GATE_SKIP id=GDD03_11 window=XM5 reason=OOS_NOT_STRICT
2026-08-17T22:21:02+00:00 SKIP_EXISTING [52/560] id=GDD03_12 window=IS
2026-08-17T22:21:02+00:00 SKIP_EXISTING [52/560] id=GDD03_12 window=OOS
2026-08-17T22:21:02+00:00 GATE_SKIP id=GDD03_12 window=XM5 reason=OOS_NOT_STRICT
2026-08-17T22:21:02+00:00 SKIP_EXISTING [53/560] id=GDD03_13 window=IS
2026-08-17T22:21:02+00:00 SKIP_EXISTING [53/560] id=GDD03_13 window=OOS
2026-08-17T22:21:02+00:00 GATE_SKIP id=GDD03_13 window=XM5 reason=OOS_NOT_STRICT
2026-08-17T22:21:02+00:00 SKIP_EXISTING [54/560] id=GDD03_14 window=IS
2026-08-17T22:21:02+00:00 SKIP_EXISTING [54/560] id=GDD03_14 window=OOS
2026-08-17T22:21:02+00:00 GATE_SKIP id=GDD03_14 window=XM5 reason=OOS_NOT_STRICT
2026-08-17T22:21:02+00:00 SKIP_EXISTING [55/560] id=GDD03_15 window=IS
2026-08-17T22:21:02+00:00 SKIP_EXISTING [55/560] id=GDD03_15 window=OOS
2026-08-17T22:21:02+00:00 GATE_SKIP id=GDD03_15 window=XM5 reason=OOS_NOT_STRICT
2026-08-17T22:21:02+00:00 SKIP_EXISTING [56/560] id=GDD03_16 window=IS
2026-08-17T22:21:02+00:00 SKIP_EXISTING [56/560] id=GDD03_16 window=OOS
2026-08-17T22:21:02+00:00 GATE_SKIP id=GDD03_16 window=XM5 reason=OOS_NOT_STRICT
2026-08-17T22:21:02+00:00 SKIP_EXISTING [57/560] id=GDD03_17 window=IS
2026-08-17T22:21:02+00:00 SKIP_EXISTING [57/560] id=GDD03_17 window=OOS
2026-08-17T22:21:02+00:00 GATE_SKIP id=GDD03_17 window=XM5 reason=OOS_NOT_STRICT
2026-08-17T22:21:02+00:00 SKIP_EXISTING [58/560] id=GDD03_18 window=IS
2026-08-17T22:21:02+00:00 SKIP_EXISTING [58/560] id=GDD03_18 window=OOS
2026-08-17T22:21:02+00:00 GATE_SKIP id=GDD03_18 window=XM5 reason=OOS_NOT_STRICT
2026-08-17T22:21:02+00:00 SKIP_EXISTING [59/560] id=GDD03_19 window=IS
2026-08-17T22:21:02+00:00 SKIP_EXISTING [59/560] id=GDD03_19 window=OOS
2026-08-17T22:21:02+00:00 GATE_SKIP id=GDD03_19 window=XM5 reason=OOS_NOT_STRICT
2026-08-17T22:21:02+00:00 SKIP_EXISTING [60/560] id=GDD03_20 window=IS
2026-08-17T22:21:02+00:00 SKIP_EXISTING [60/560] id=GDD03_20 window=OOS
2026-08-17T22:21:02+00:00 GATE_SKIP id=GDD03_20 window=XM5 reason=OOS_NOT_STRICT
2026-08-17T22:21:02+00:00 SKIP_EXISTING [61/560] id=GDD04_01 window=IS
2026-08-17T22:21:02+00:00 SKIP_EXISTING [61/560] id=GDD04_01 window=OOS
2026-08-17T22:21:02+00:00 GATE_SKIP id=GDD04_01 window=XM5 reason=OOS_NOT_STRICT
2026-08-17T22:21:02+00:00 SKIP_EXISTING [62/560] id=GDD04_02 window=IS
2026-08-17T22:21:02+00:00 SKIP_EXISTING [62/560] id=GDD04_02 window=OOS
2026-08-17T22:21:02+00:00 GATE_SKIP id=GDD04_02 window=XM5 reason=OOS_NOT_STRICT
2026-08-17T22:21:02+00:00 SKIP_EXISTING [63/560] id=GDD04_03 window=IS
2026-08-17T22:21:02+00:00 SKIP_EXISTING [63/560] id=GDD04_03 window=OOS
2026-08-17T22:21:02+00:00 GATE_SKIP id=GDD04_03 window=XM5 reason=OOS_NOT_STRICT
2026-08-17T22:21:02+00:00 SKIP_EXISTING [64/560] id=GDD04_04 window=IS
2026-08-17T22:21:02+00:00 SKIP_EXISTING [64/560] id=GDD04_04 window=OOS
2026-08-17T22:21:02+00:00 GATE_SKIP id=GDD04_04 window=XM5 reason=OOS_NOT_STRICT
2026-08-17T22:21:02+00:00 SKIP_EXISTING [65/560] id=GDD04_05 window=IS
2026-08-17T22:21:02+00:00 SKIP_EXISTING [65/560] id=GDD04_05 window=OOS
2026-08-17T22:21:02+00:00 GATE_SKIP id=GDD04_05 window=XM5 reason=OOS_NOT_STRICT
2026-08-17T22:21:02+00:00 SKIP_EXISTING [66/560] id=GDD04_06 window=IS
2026-08-17T22:21:02+00:00 SKIP_EXISTING [66/560] id=GDD04_06 window=OOS
2026-08-17T22:21:02+00:00 GATE_SKIP id=GDD04_06 window=XM5 reason=OOS_NOT_STRICT
2026-08-17T22:21:02+00:00 SKIP_EXISTING [67/560] id=GDD04_07 window=IS
2026-08-17T22:21:02+00:00 SKIP_EXISTING [67/560] id=GDD04_07 window=OOS
2026-08-17T22:21:02+00:00 GATE_SKIP id=GDD04_07 window=XM5 reason=OOS_NOT_STRICT
2026-08-17T22:21:02+00:00 SKIP_EXISTING [68/560] id=GDD04_08 window=IS
2026-08-17T22:21:02+00:00 SKIP_EXISTING [68/560] id=GDD04_08 window=OOS
2026-08-17T22:21:02+00:00 GATE_SKIP id=GDD04_08 window=XM5 reason=OOS_NOT_STRICT
2026-08-17T22:21:02+00:00 SKIP_EXISTING [69/560] id=GDD04_09 window=IS
2026-08-17T22:21:02+00:00 SKIP_EXISTING [69/560] id=GDD04_09 window=OOS
2026-08-17T22:21:02+00:00 GATE_SKIP id=GDD04_09 window=XM5 reason=OOS_NOT_STRICT
2026-08-17T22:21:02+00:00 SKIP_EXISTING [70/560] id=GDD04_10 window=IS
2026-08-17T22:21:02+00:00 SKIP_EXISTING [70/560] id=GDD04_10 window=OOS
2026-08-17T22:21:02+00:00 GATE_SKIP id=GDD04_10 window=XM5 reason=OOS_NOT_STRICT
2026-08-17T22:21:02+00:00 SKIP_EXISTING [71/560] id=GDD04_11 window=IS
2026-08-17T22:21:02+00:00 SKIP_EXISTING [71/560] id=GDD04_11 window=OOS
2026-08-17T22:21:02+00:00 GATE_SKIP id=GDD04_11 window=XM5 reason=OOS_NOT_STRICT
2026-08-17T22:21:02+00:00 SKIP_EXISTING [72/560] id=GDD04_12 window=IS
2026-08-17T22:21:02+00:00 SKIP_EXISTING [72/560] id=GDD04_12 window=OOS
2026-08-17T22:21:02+00:00 GATE_SKIP id=GDD04_12 window=XM5 reason=OOS_NOT_STRICT
2026-08-17T22:21:02+00:00 SKIP_EXISTING [73/560] id=GDD04_13 window=IS
2026-08-17T22:21:02+00:00 SKIP_EXISTING [73/560] id=GDD04_13 window=OOS
2026-08-17T22:21:02+00:00 GATE_SKIP id=GDD04_13 window=XM5 reason=OOS_NOT_STRICT
2026-08-17T22:21:02+00:00 SKIP_EXISTING [74/560] id=GDD04_14 window=IS
2026-08-17T22:21:02+00:00 SKIP_EXISTING [74/560] id=GDD04_14 window=OOS
2026-08-17T22:21:02+00:00 GATE_SKIP id=GDD04_14 window=XM5 reason=OOS_NOT_STRICT
2026-08-17T22:21:02+00:00 SKIP_EXISTING [75/560] id=GDD04_15 window=IS
2026-08-17T22:21:02+00:00 SKIP_EXISTING [75/560] id=GDD04_15 window=OOS
2026-08-17T22:21:02+00:00 GATE_SKIP id=GDD04_15 window=XM5 reason=OOS_NOT_STRICT
2026-08-17T22:21:02+00:00 SKIP_EXISTING [76/560] id=GDD04_16 window=IS
2026-08-17T22:21:02+00:00 SKIP_EXISTING [76/560] id=GDD04_16 window=OOS
2026-08-17T22:21:02+00:00 GATE_SKIP id=GDD04_16 window=XM5 reason=OOS_NOT_STRICT
2026-08-17T22:21:02+00:00 SKIP_EXISTING [77/560] id=GDD04_17 window=IS
2026-08-17T22:21:02+00:00 SKIP_EXISTING [77/560] id=GDD04_17 window=OOS
2026-08-17T22:21:02+00:00 GATE_SKIP id=GDD04_17 window=XM5 reason=OOS_NOT_STRICT
2026-08-17T22:21:02+00:00 SKIP_EXISTING [78/560] id=GDD04_18 window=IS
2026-08-17T22:21:02+00:00 GATE_SKIP id=GDD04_18 window=OOS reason=IS_NOT_SURVIVOR
2026-08-17T22:21:02+00:00 GATE_SKIP id=GDD04_18 window=XM5 reason=OOS_NOT_STRICT
2026-08-17T22:21:02+00:00 SKIP_EXISTING [79/560] id=GDD04_19 window=IS
2026-08-17T22:21:02+00:00 GATE_SKIP id=GDD04_19 window=OOS reason=IS_NOT_SURVIVOR
2026-08-17T22:21:02+00:00 GATE_SKIP id=GDD04_19 window=XM5 reason=OOS_NOT_STRICT
2026-08-17T22:21:02+00:00 SKIP_EXISTING [80/560] id=GDD04_20 window=IS
2026-08-17T22:21:02+00:00 GATE_SKIP id=GDD04_20 window=OOS reason=IS_NOT_SURVIVOR
2026-08-17T22:21:02+00:00 GATE_SKIP id=GDD04_20 window=XM5 reason=OOS_NOT_STRICT
2026-08-17T22:21:02+00:00 SKIP_EXISTING [81/560] id=GDD05_01 window=IS
2026-08-17T22:21:02+00:00 SKIP_EXISTING [81/560] id=GDD05_01 window=OOS
2026-08-17T22:21:02+00:00 GATE_SKIP id=GDD05_01 window=XM5 reason=OOS_NOT_STRICT
2026-08-17T22:21:02+00:00 SKIP_EXISTING [82/560] id=GDD05_02 window=IS
2026-08-17T22:21:02+00:00 SKIP_EXISTING [82/560] id=GDD05_02 window=OOS
2026-08-17T22:21:02+00:00 GATE_SKIP id=GDD05_02 window=XM5 reason=OOS_NOT_STRICT
2026-08-17T22:21:02+00:00 SKIP_EXISTING [83/560] id=GDD05_03 window=IS
2026-08-17T22:21:02+00:00 SKIP_EXISTING [83/560] id=GDD05_03 window=OOS
2026-08-17T22:21:02+00:00 GATE_SKIP id=GDD05_03 window=XM5 reason=OOS_NOT_STRICT
2026-08-17T22:21:02+00:00 SKIP_EXISTING [84/560] id=GDD05_04 window=IS
2026-08-17T22:21:02+00:00 SKIP_EXISTING [84/560] id=GDD05_04 window=OOS
2026-08-17T22:21:02+00:00 GATE_SKIP id=GDD05_04 window=XM5 reason=OOS_NOT_STRICT
2026-08-17T22:21:02+00:00 SKIP_EXISTING [85/560] id=GDD05_05 window=IS
2026-08-17T22:21:02+00:00 SKIP_EXISTING [85/560] id=GDD05_05 window=OOS
2026-08-17T22:21:02+00:00 GATE_SKIP id=GDD05_05 window=XM5 reason=OOS_NOT_STRICT
2026-08-17T22:21:02+00:00 SKIP_EXISTING [86/560] id=GDD05_06 window=IS
2026-08-17T22:21:02+00:00 SKIP_EXISTING [86/560] id=GDD05_06 window=OOS
2026-08-17T22:21:02+00:00 GATE_SKIP id=GDD05_06 window=XM5 reason=OOS_NOT_STRICT
2026-08-17T22:21:02+00:00 SKIP_EXISTING [87/560] id=GDD05_07 window=IS
2026-08-17T22:21:02+00:00 GATE_SKIP id=GDD05_07 window=OOS reason=IS_NOT_SURVIVOR
2026-08-17T22:21:02+00:00 GATE_SKIP id=GDD05_07 window=XM5 reason=OOS_NOT_STRICT
2026-08-17T22:21:02+00:00 SKIP_EXISTING [88/560] id=GDD05_08 window=IS
2026-08-17T22:21:02+00:00 SKIP_EXISTING [88/560] id=GDD05_08 window=OOS
2026-08-17T22:21:02+00:00 GATE_SKIP id=GDD05_08 window=XM5 reason=OOS_NOT_STRICT
2026-08-17T22:21:02+00:00 SKIP_EXISTING [89/560] id=GDD05_09 window=IS
2026-08-17T22:21:02+00:00 SKIP_EXISTING [89/560] id=GDD05_09 window=OOS
2026-08-17T22:21:02+00:00 GATE_SKIP id=GDD05_09 window=XM5 reason=OOS_NOT_STRICT
2026-08-17T22:21:02+00:00 SKIP_EXISTING [90/560] id=GDD05_10 window=IS
2026-08-17T22:21:02+00:00 GATE_SKIP id=GDD05_10 window=OOS reason=IS_NOT_SURVIVOR
2026-08-17T22:21:02+00:00 GATE_SKIP id=GDD05_10 window=XM5 reason=OOS_NOT_STRICT
2026-08-17T22:21:02+00:00 SKIP_EXISTING [91/560] id=GDD05_11 window=IS
2026-08-17T22:21:02+00:00 SKIP_EXISTING [91/560] id=GDD05_11 window=OOS
2026-08-17T22:21:02+00:00 GATE_SKIP id=GDD05_11 window=XM5 reason=OOS_NOT_STRICT
2026-08-17T22:21:02+00:00 SKIP_EXISTING [92/560] id=GDD05_12 window=IS
2026-08-17T22:21:02+00:00 SKIP_EXISTING [92/560] id=GDD05_12 window=OOS
2026-08-17T22:21:02+00:00 GATE_SKIP id=GDD05_12 window=XM5 reason=OOS_NOT_STRICT
2026-08-17T22:21:02+00:00 SKIP_EXISTING [93/560] id=GDD05_13 window=IS
2026-08-17T22:21:02+00:00 SKIP_EXISTING [93/560] id=GDD05_13 window=OOS
2026-08-17T22:21:02+00:00 GATE_SKIP id=GDD05_13 window=XM5 reason=OOS_NOT_STRICT
2026-08-17T22:21:02+00:00 SKIP_EXISTING [94/560] id=GDD05_14 window=IS
2026-08-17T22:21:02+00:00 SKIP_EXISTING [94/560] id=GDD05_14 window=OOS
2026-08-17T22:21:02+00:00 GATE_SKIP id=GDD05_14 window=XM5 reason=OOS_NOT_STRICT
2026-08-17T22:21:02+00:00 SKIP_EXISTING [95/560] id=GDD05_15 window=IS
2026-08-17T22:21:02+00:00 SKIP_EXISTING [95/560] id=GDD05_15 window=OOS
2026-08-17T22:21:02+00:00 GATE_SKIP id=GDD05_15 window=XM5 reason=OOS_NOT_STRICT
2026-08-17T22:21:02+00:00 SKIP_EXISTING [96/560] id=GDD05_16 window=IS
2026-08-17T22:21:02+00:00 SKIP_EXISTING [96/560] id=GDD05_16 window=OOS
2026-08-17T22:21:02+00:00 GATE_SKIP id=GDD05_16 window=XM5 reason=OOS_NOT_STRICT
2026-08-17T22:21:02+00:00 SKIP_EXISTING [97/560] id=GDD05_17 window=IS
2026-08-17T22:21:02+00:00 SKIP_EXISTING [97/560] id=GDD05_17 window=OOS
2026-08-17T22:21:02+00:00 GATE_SKIP id=GDD05_17 window=XM5 reason=OOS_NOT_STRICT
2026-08-17T22:21:02+00:00 SKIP_EXISTING [98/560] id=GDD05_18 window=IS
2026-08-17T22:21:02+00:00 GATE_SKIP id=GDD05_18 window=OOS reason=IS_NOT_SURVIVOR
2026-08-17T22:21:02+00:00 GATE_SKIP id=GDD05_18 window=XM5 reason=OOS_NOT_STRICT
2026-08-17T22:21:02+00:00 SKIP_EXISTING [99/560] id=GDD05_19 window=IS
2026-08-17T22:21:02+00:00 GATE_SKIP id=GDD05_19 window=OOS reason=IS_NOT_SURVIVOR
2026-08-17T22:21:02+00:00 GATE_SKIP id=GDD05_19 window=XM5 reason=OOS_NOT_STRICT
2026-08-17T22:21:02+00:00 SKIP_EXISTING [100/560] id=GDD05_20 window=IS
2026-08-17T22:21:02+00:00 GATE_SKIP id=GDD05_20 window=OOS reason=IS_NOT_SURVIVOR
2026-08-17T22:21:02+00:00 GATE_SKIP id=GDD05_20 window=XM5 reason=OOS_NOT_STRICT
2026-08-17T22:21:02+00:00 SKIP_EXISTING [101/560] id=GDD10_01 window=IS
2026-08-17T22:21:02+00:00 GATE_SKIP id=GDD10_01 window=OOS reason=IS_NOT_SURVIVOR
2026-08-17T22:21:02+00:00 GATE_SKIP id=GDD10_01 window=XM5 reason=OOS_NOT_STRICT
2026-08-17T22:21:02+00:00 SKIP_EXISTING [102/560] id=GDD10_02 window=IS
2026-08-17T22:21:02+00:00 GATE_SKIP id=GDD10_02 window=OOS reason=IS_NOT_SURVIVOR
2026-08-17T22:21:02+00:00 GATE_SKIP id=GDD10_02 window=XM5 reason=OOS_NOT_STRICT
2026-08-17T22:21:02+00:00 SKIP_EXISTING [103/560] id=GDD10_03 window=IS
2026-08-17T22:21:02+00:00 SKIP_EXISTING [103/560] id=GDD10_03 window=OOS
2026-08-17T22:21:02+00:00 GATE_SKIP id=GDD10_03 window=XM5 reason=OOS_NOT_STRICT
2026-08-17T22:21:02+00:00 SKIP_EXISTING [104/560] id=GDD10_04 window=IS
2026-08-17T22:21:02+00:00 GATE_SKIP id=GDD10_04 window=OOS reason=IS_NOT_SURVIVOR
2026-08-17T22:21:02+00:00 GATE_SKIP id=GDD10_04 window=XM5 reason=OOS_NOT_STRICT
2026-08-17T22:21:02+00:00 SKIP_EXISTING [105/560] id=GDD10_05 window=IS
2026-08-17T22:21:02+00:00 SKIP_EXISTING [105/560] id=GDD10_05 window=OOS
2026-08-17T22:21:02+00:00 GATE_SKIP id=GDD10_05 window=XM5 reason=OOS_NOT_STRICT
2026-08-17T22:21:02+00:00 SKIP_EXISTING [106/560] id=GDD10_06 window=IS
2026-08-17T22:21:02+00:00 SKIP_EXISTING [106/560] id=GDD10_06 window=OOS
2026-08-17T22:21:02+00:00 GATE_SKIP id=GDD10_06 window=XM5 reason=OOS_NOT_STRICT
2026-08-17T22:21:02+00:00 SKIP_EXISTING [107/560] id=GDD10_07 window=IS
2026-08-17T22:21:02+00:00 SKIP_EXISTING [107/560] id=GDD10_07 window=OOS
2026-08-17T22:21:02+00:00 GATE_SKIP id=GDD10_07 window=XM5 reason=OOS_NOT_STRICT
2026-08-17T22:21:02+00:00 SKIP_EXISTING [108/560] id=GDD10_08 window=IS
2026-08-17T22:21:02+00:00 SKIP_EXISTING [108/560] id=GDD10_08 window=OOS
2026-08-17T22:21:02+00:00 GATE_SKIP id=GDD10_08 window=XM5 reason=OOS_NOT_STRICT
2026-08-17T22:21:02+00:00 SKIP_EXISTING [109/560] id=GDD10_09 window=IS
2026-08-17T22:21:02+00:00 SKIP_EXISTING [109/560] id=GDD10_09 window=OOS
2026-08-17T22:21:02+00:00 GATE_SKIP id=GDD10_09 window=XM5 reason=OOS_NOT_STRICT
2026-08-17T22:21:02+00:00 SKIP_EXISTING [110/560] id=GDD10_10 window=IS
2026-08-17T22:21:02+00:00 SKIP_EXISTING [110/560] id=GDD10_10 window=OOS
2026-08-17T22:21:02+00:00 GATE_SKIP id=GDD10_10 window=XM5 reason=OOS_NOT_STRICT
2026-08-17T22:21:02+00:00 RUN_START id=GDD10_11 family=pb_ema_pair window=IS run=gdd2p_is_gdd10_11_20260818072102_ce6fcf
2026-08-17T22:22:13+00:00 RUN_END id=GDD10_11 window=IS status=OK decision=IS_SURVIVOR_TRADEOFF elapsed=70.512s
2026-08-17T22:22:13+00:00 RUN_START id=GDD10_11 family=pb_ema_pair window=OOS run=gdd2p_oos_gdd10_11_20260818072213_6be4bc
2026-08-17T22:23:03+00:00 RUN_END id=GDD10_11 window=OOS status=OK decision=OOS_REJECT elapsed=50.528s
2026-08-17T22:23:03+00:00 GATE_SKIP id=GDD10_11 window=XM5 reason=OOS_NOT_STRICT
2026-08-17T22:23:03+00:00 SKIP_EXISTING [112/560] id=GDD10_12 window=IS
2026-08-17T22:23:03+00:00 SKIP_EXISTING [112/560] id=GDD10_12 window=OOS
2026-08-17T22:23:03+00:00 GATE_SKIP id=GDD10_12 window=XM5 reason=OOS_NOT_STRICT
2026-08-17T22:23:03+00:00 SKIP_EXISTING [113/560] id=GDD10_13 window=IS
2026-08-17T22:23:03+00:00 SKIP_EXISTING [113/560] id=GDD10_13 window=OOS
2026-08-17T22:23:03+00:00 GATE_SKIP id=GDD10_13 window=XM5 reason=OOS_NOT_STRICT
2026-08-17T22:23:03+00:00 SKIP_EXISTING [114/560] id=GDD10_14 window=IS
2026-08-17T22:23:03+00:00 GATE_SKIP id=GDD10_14 window=OOS reason=IS_NOT_SURVIVOR
2026-08-17T22:23:03+00:00 GATE_SKIP id=GDD10_14 window=XM5 reason=OOS_NOT_STRICT
2026-08-17T22:23:03+00:00 SKIP_EXISTING [115/560] id=GDD10_15 window=IS
2026-08-17T22:23:03+00:00 GATE_SKIP id=GDD10_15 window=OOS reason=IS_NOT_SURVIVOR
2026-08-17T22:23:03+00:00 GATE_SKIP id=GDD10_15 window=XM5 reason=OOS_NOT_STRICT
2026-08-17T22:23:03+00:00 SKIP_EXISTING [116/560] id=GDD10_16 window=IS
2026-08-17T22:23:03+00:00 GATE_SKIP id=GDD10_16 window=OOS reason=IS_NOT_SURVIVOR
2026-08-17T22:23:03+00:00 GATE_SKIP id=GDD10_16 window=XM5 reason=OOS_NOT_STRICT
2026-08-17T22:23:03+00:00 SKIP_EXISTING [117/560] id=GDD10_17 window=IS
2026-08-17T22:23:03+00:00 GATE_SKIP id=GDD10_17 window=OOS reason=IS_NOT_SURVIVOR
2026-08-17T22:23:03+00:00 GATE_SKIP id=GDD10_17 window=XM5 reason=OOS_NOT_STRICT
2026-08-17T22:23:03+00:00 SKIP_EXISTING [118/560] id=GDD10_18 window=IS
2026-08-17T22:23:03+00:00 GATE_SKIP id=GDD10_18 window=OOS reason=IS_NOT_SURVIVOR
2026-08-17T22:23:03+00:00 GATE_SKIP id=GDD10_18 window=XM5 reason=OOS_NOT_STRICT
2026-08-17T22:23:03+00:00 SKIP_EXISTING [119/560] id=GDD10_19 window=IS
2026-08-17T22:23:03+00:00 GATE_SKIP id=GDD10_19 window=OOS reason=IS_NOT_SURVIVOR
2026-08-17T22:23:03+00:00 GATE_SKIP id=GDD10_19 window=XM5 reason=OOS_NOT_STRICT
2026-08-17T22:23:03+00:00 SKIP_EXISTING [120/560] id=GDD10_20 window=IS
2026-08-17T22:23:03+00:00 GATE_SKIP id=GDD10_20 window=OOS reason=IS_NOT_SURVIVOR
2026-08-17T22:23:03+00:00 GATE_SKIP id=GDD10_20 window=XM5 reason=OOS_NOT_STRICT
2026-08-17T22:23:03+00:00 SKIP_EXISTING [121/560] id=GDD11_01 window=IS
2026-08-17T22:23:03+00:00 GATE_SKIP id=GDD11_01 window=OOS reason=IS_NOT_SURVIVOR
2026-08-17T22:23:03+00:00 GATE_SKIP id=GDD11_01 window=XM5 reason=OOS_NOT_STRICT
2026-08-17T22:23:03+00:00 SKIP_EXISTING [122/560] id=GDD11_02 window=IS
2026-08-17T22:23:03+00:00 GATE_SKIP id=GDD11_02 window=OOS reason=IS_NOT_SURVIVOR
2026-08-17T22:23:03+00:00 GATE_SKIP id=GDD11_02 window=XM5 reason=OOS_NOT_STRICT
2026-08-17T22:23:03+00:00 SKIP_EXISTING [123/560] id=GDD11_03 window=IS
2026-08-17T22:23:03+00:00 GATE_SKIP id=GDD11_03 window=OOS reason=IS_NOT_SURVIVOR
2026-08-17T22:23:03+00:00 GATE_SKIP id=GDD11_03 window=XM5 reason=OOS_NOT_STRICT
2026-08-17T22:23:03+00:00 SKIP_EXISTING [124/560] id=GDD11_04 window=IS
2026-08-17T22:23:03+00:00 GATE_SKIP id=GDD11_04 window=OOS reason=IS_NOT_SURVIVOR
2026-08-17T22:23:03+00:00 GATE_SKIP id=GDD11_04 window=XM5 reason=OOS_NOT_STRICT
2026-08-17T22:23:03+00:00 SKIP_EXISTING [125/560] id=GDD11_05 window=IS
2026-08-17T22:23:03+00:00 GATE_SKIP id=GDD11_05 window=OOS reason=IS_NOT_SURVIVOR
2026-08-17T22:23:03+00:00 GATE_SKIP id=GDD11_05 window=XM5 reason=OOS_NOT_STRICT
2026-08-17T22:23:03+00:00 SKIP_EXISTING [126/560] id=GDD11_06 window=IS
2026-08-17T22:23:03+00:00 SKIP_EXISTING [126/560] id=GDD11_06 window=OOS
2026-08-17T22:23:03+00:00 GATE_SKIP id=GDD11_06 window=XM5 reason=OOS_NOT_STRICT
2026-08-17T22:23:03+00:00 SKIP_EXISTING [127/560] id=GDD11_07 window=IS
2026-08-17T22:23:03+00:00 GATE_SKIP id=GDD11_07 window=OOS reason=IS_NOT_SURVIVOR
2026-08-17T22:23:03+00:00 GATE_SKIP id=GDD11_07 window=XM5 reason=OOS_NOT_STRICT
2026-08-17T22:23:03+00:00 SKIP_EXISTING [128/560] id=GDD11_08 window=IS
2026-08-17T22:23:03+00:00 SKIP_EXISTING [128/560] id=GDD11_08 window=OOS
2026-08-17T22:23:03+00:00 GATE_SKIP id=GDD11_08 window=XM5 reason=OOS_NOT_STRICT
2026-08-17T22:23:03+00:00 SKIP_EXISTING [129/560] id=GDD11_09 window=IS
2026-08-17T22:23:03+00:00 GATE_SKIP id=GDD11_09 window=OOS reason=IS_NOT_SURVIVOR
2026-08-17T22:23:03+00:00 GATE_SKIP id=GDD11_09 window=XM5 reason=OOS_NOT_STRICT
2026-08-17T22:23:03+00:00 SKIP_EXISTING [130/560] id=GDD11_10 window=IS
2026-08-17T22:23:03+00:00 GATE_SKIP id=GDD11_10 window=OOS reason=IS_NOT_SURVIVOR
2026-08-17T22:23:03+00:00 GATE_SKIP id=GDD11_10 window=XM5 reason=OOS_NOT_STRICT
2026-08-17T22:23:03+00:00 SKIP_EXISTING [131/560] id=GDD11_11 window=IS
2026-08-17T22:23:03+00:00 SKIP_EXISTING [131/560] id=GDD11_11 window=OOS
2026-08-17T22:23:03+00:00 GATE_SKIP id=GDD11_11 window=XM5 reason=OOS_NOT_STRICT
2026-08-17T22:23:03+00:00 SKIP_EXISTING [132/560] id=GDD11_12 window=IS
2026-08-17T22:23:03+00:00 GATE_SKIP id=GDD11_12 window=OOS reason=IS_NOT_SURVIVOR
2026-08-17T22:23:03+00:00 GATE_SKIP id=GDD11_12 window=XM5 reason=OOS_NOT_STRICT
2026-08-17T22:23:03+00:00 SKIP_EXISTING [133/560] id=GDD11_13 window=IS
2026-08-17T22:23:04+00:00 GATE_SKIP id=GDD11_13 window=OOS reason=IS_NOT_SURVIVOR
2026-08-17T22:23:04+00:00 GATE_SKIP id=GDD11_13 window=XM5 reason=OOS_NOT_STRICT
2026-08-17T22:23:04+00:00 SKIP_EXISTING [134/560] id=GDD11_14 window=IS
2026-08-17T22:23:04+00:00 GATE_SKIP id=GDD11_14 window=OOS reason=IS_NOT_SURVIVOR
2026-08-17T22:23:04+00:00 GATE_SKIP id=GDD11_14 window=XM5 reason=OOS_NOT_STRICT
2026-08-17T22:23:04+00:00 SKIP_EXISTING [135/560] id=GDD11_15 window=IS
2026-08-17T22:23:04+00:00 GATE_SKIP id=GDD11_15 window=OOS reason=IS_NOT_SURVIVOR
2026-08-17T22:23:04+00:00 GATE_SKIP id=GDD11_15 window=XM5 reason=OOS_NOT_STRICT
2026-08-17T22:23:04+00:00 SKIP_EXISTING [136/560] id=GDD11_16 window=IS
2026-08-17T22:23:04+00:00 GATE_SKIP id=GDD11_16 window=OOS reason=IS_NOT_SURVIVOR
2026-08-17T22:23:04+00:00 GATE_SKIP id=GDD11_16 window=XM5 reason=OOS_NOT_STRICT
2026-08-17T22:23:04+00:00 SKIP_EXISTING [137/560] id=GDD11_17 window=IS
2026-08-17T22:23:04+00:00 SKIP_EXISTING [137/560] id=GDD11_17 window=OOS
2026-08-17T22:23:04+00:00 GATE_SKIP id=GDD11_17 window=XM5 reason=OOS_NOT_STRICT
2026-08-17T22:23:04+00:00 SKIP_EXISTING [138/560] id=GDD11_18 window=IS
2026-08-17T22:23:04+00:00 GATE_SKIP id=GDD11_18 window=OOS reason=IS_NOT_SURVIVOR
2026-08-17T22:23:04+00:00 GATE_SKIP id=GDD11_18 window=XM5 reason=OOS_NOT_STRICT
2026-08-17T22:23:04+00:00 SKIP_EXISTING [139/560] id=GDD11_19 window=IS
2026-08-17T22:23:04+00:00 GATE_SKIP id=GDD11_19 window=OOS reason=IS_NOT_SURVIVOR
2026-08-17T22:23:04+00:00 GATE_SKIP id=GDD11_19 window=XM5 reason=OOS_NOT_STRICT
2026-08-17T22:23:04+00:00 SKIP_EXISTING [140/560] id=GDD11_20 window=IS
2026-08-17T22:23:04+00:00 GATE_SKIP id=GDD11_20 window=OOS reason=IS_NOT_SURVIVOR
2026-08-17T22:23:04+00:00 GATE_SKIP id=GDD11_20 window=XM5 reason=OOS_NOT_STRICT
2026-08-17T22:23:04+00:00 SKIP_EXISTING [141/560] id=GDD12_01 window=IS
2026-08-17T22:23:04+00:00 GATE_SKIP id=GDD12_01 window=OOS reason=IS_NOT_SURVIVOR
2026-08-17T22:23:04+00:00 GATE_SKIP id=GDD12_01 window=XM5 reason=OOS_NOT_STRICT
2026-08-17T22:23:04+00:00 SKIP_EXISTING [142/560] id=GDD12_02 window=IS
2026-08-17T22:23:04+00:00 GATE_SKIP id=GDD12_02 window=OOS reason=IS_NOT_SURVIVOR
2026-08-17T22:23:04+00:00 GATE_SKIP id=GDD12_02 window=XM5 reason=OOS_NOT_STRICT
2026-08-17T22:23:04+00:00 SKIP_EXISTING [143/560] id=GDD12_03 window=IS
2026-08-17T22:23:04+00:00 GATE_SKIP id=GDD12_03 window=OOS reason=IS_NOT_SURVIVOR
2026-08-17T22:23:04+00:00 GATE_SKIP id=GDD12_03 window=XM5 reason=OOS_NOT_STRICT
2026-08-17T22:23:04+00:00 SKIP_EXISTING [144/560] id=GDD12_04 window=IS
2026-08-17T22:23:04+00:00 GATE_SKIP id=GDD12_04 window=OOS reason=IS_NOT_SURVIVOR
2026-08-17T22:23:04+00:00 GATE_SKIP id=GDD12_04 window=XM5 reason=OOS_NOT_STRICT
2026-08-17T22:23:04+00:00 SKIP_EXISTING [145/560] id=GDD12_05 window=IS
2026-08-17T22:23:04+00:00 GATE_SKIP id=GDD12_05 window=OOS reason=IS_NOT_SURVIVOR
2026-08-17T22:23:04+00:00 GATE_SKIP id=GDD12_05 window=XM5 reason=OOS_NOT_STRICT
2026-08-17T22:23:04+00:00 SKIP_EXISTING [146/560] id=GDD12_06 window=IS
2026-08-17T22:23:04+00:00 GATE_SKIP id=GDD12_06 window=OOS reason=IS_NOT_SURVIVOR
2026-08-17T22:23:04+00:00 GATE_SKIP id=GDD12_06 window=XM5 reason=OOS_NOT_STRICT
2026-08-17T22:23:04+00:00 SKIP_EXISTING [147/560] id=GDD12_07 window=IS
2026-08-17T22:23:04+00:00 GATE_SKIP id=GDD12_07 window=OOS reason=IS_NOT_SURVIVOR
2026-08-17T22:23:04+00:00 GATE_SKIP id=GDD12_07 window=XM5 reason=OOS_NOT_STRICT
2026-08-17T22:23:04+00:00 SKIP_EXISTING [148/560] id=GDD12_08 window=IS
2026-08-17T22:23:04+00:00 SKIP_EXISTING [148/560] id=GDD12_08 window=OOS
2026-08-17T22:23:04+00:00 GATE_SKIP id=GDD12_08 window=XM5 reason=OOS_NOT_STRICT
2026-08-17T22:23:04+00:00 SKIP_EXISTING [149/560] id=GDD12_09 window=IS
2026-08-17T22:23:04+00:00 SKIP_EXISTING [149/560] id=GDD12_09 window=OOS
2026-08-17T22:23:04+00:00 GATE_SKIP id=GDD12_09 window=XM5 reason=OOS_NOT_STRICT
2026-08-17T22:23:04+00:00 SKIP_EXISTING [150/560] id=GDD12_10 window=IS
2026-08-17T22:23:04+00:00 GATE_SKIP id=GDD12_10 window=OOS reason=IS_NOT_SURVIVOR
2026-08-17T22:23:04+00:00 GATE_SKIP id=GDD12_10 window=XM5 reason=OOS_NOT_STRICT
2026-08-17T22:23:04+00:00 SKIP_EXISTING [151/560] id=GDD12_11 window=IS
2026-08-17T22:23:04+00:00 SKIP_EXISTING [151/560] id=GDD12_11 window=OOS
2026-08-17T22:23:04+00:00 SKIP_EXISTING [151/560] id=GDD12_11 window=XM5
2026-08-17T22:23:04+00:00 SKIP_EXISTING [152/560] id=GDD12_12 window=IS
2026-08-17T22:23:04+00:00 SKIP_EXISTING [152/560] id=GDD12_12 window=OOS
2026-08-17T22:23:04+00:00 SKIP_EXISTING [152/560] id=GDD12_12 window=XM5
2026-08-17T22:23:04+00:00 SKIP_EXISTING [153/560] id=GDD12_13 window=IS
2026-08-17T22:23:04+00:00 SKIP_EXISTING [153/560] id=GDD12_13 window=OOS
2026-08-17T22:23:04+00:00 GATE_SKIP id=GDD12_13 window=XM5 reason=OOS_NOT_STRICT
2026-08-17T22:23:04+00:00 SKIP_EXISTING [154/560] id=GDD12_14 window=IS
2026-08-17T22:23:04+00:00 SKIP_EXISTING [154/560] id=GDD12_14 window=OOS
2026-08-17T22:23:04+00:00 GATE_SKIP id=GDD12_14 window=XM5 reason=OOS_NOT_STRICT
2026-08-17T22:23:04+00:00 SKIP_EXISTING [155/560] id=GDD12_15 window=IS
2026-08-17T22:23:04+00:00 SKIP_EXISTING [155/560] id=GDD12_15 window=OOS
2026-08-17T22:23:04+00:00 GATE_SKIP id=GDD12_15 window=XM5 reason=OOS_NOT_STRICT
2026-08-17T22:23:04+00:00 SKIP_EXISTING [156/560] id=GDD12_16 window=IS
2026-08-17T22:23:04+00:00 SKIP_EXISTING [156/560] id=GDD12_16 window=OOS
2026-08-17T22:23:04+00:00 GATE_SKIP id=GDD12_16 window=XM5 reason=OOS_NOT_STRICT
2026-08-17T22:23:04+00:00 SKIP_EXISTING [157/560] id=GDD12_17 window=IS
2026-08-17T22:23:04+00:00 SKIP_EXISTING [157/560] id=GDD12_17 window=OOS
2026-08-17T22:23:04+00:00 GATE_SKIP id=GDD12_17 window=XM5 reason=OOS_NOT_STRICT
2026-08-17T22:23:04+00:00 SKIP_EXISTING [158/560] id=GDD12_18 window=IS
2026-08-17T22:23:04+00:00 GATE_SKIP id=GDD12_18 window=OOS reason=IS_NOT_SURVIVOR
2026-08-17T22:23:04+00:00 GATE_SKIP id=GDD12_18 window=XM5 reason=OOS_NOT_STRICT
2026-08-17T22:23:04+00:00 SKIP_EXISTING [159/560] id=GDD12_19 window=IS
2026-08-17T22:23:04+00:00 GATE_SKIP id=GDD12_19 window=OOS reason=IS_NOT_SURVIVOR
2026-08-17T22:23:04+00:00 GATE_SKIP id=GDD12_19 window=XM5 reason=OOS_NOT_STRICT
2026-08-17T22:23:04+00:00 SKIP_EXISTING [160/560] id=GDD12_20 window=IS
2026-08-17T22:23:04+00:00 GATE_SKIP id=GDD12_20 window=OOS reason=IS_NOT_SURVIVOR
2026-08-17T22:23:04+00:00 GATE_SKIP id=GDD12_20 window=XM5 reason=OOS_NOT_STRICT
2026-08-17T22:23:04+00:00 SKIP_EXISTING [161/560] id=GDD13_01 window=IS
2026-08-17T22:23:04+00:00 GATE_SKIP id=GDD13_01 window=OOS reason=IS_NOT_SURVIVOR
2026-08-17T22:23:04+00:00 GATE_SKIP id=GDD13_01 window=XM5 reason=OOS_NOT_STRICT
2026-08-17T22:23:04+00:00 SKIP_EXISTING [162/560] id=GDD13_02 window=IS
2026-08-17T22:23:04+00:00 GATE_SKIP id=GDD13_02 window=OOS reason=IS_NOT_SURVIVOR
2026-08-17T22:23:04+00:00 GATE_SKIP id=GDD13_02 window=XM5 reason=OOS_NOT_STRICT
2026-08-17T22:23:04+00:00 SKIP_EXISTING [163/560] id=GDD13_03 window=IS
2026-08-17T22:23:04+00:00 SKIP_EXISTING [163/560] id=GDD13_03 window=OOS
2026-08-17T22:23:04+00:00 GATE_SKIP id=GDD13_03 window=XM5 reason=OOS_NOT_STRICT
2026-08-17T22:23:04+00:00 SKIP_EXISTING [164/560] id=GDD13_04 window=IS
2026-08-17T22:23:04+00:00 SKIP_EXISTING [164/560] id=GDD13_04 window=OOS
2026-08-17T22:23:04+00:00 GATE_SKIP id=GDD13_04 window=XM5 reason=OOS_NOT_STRICT
2026-08-17T22:23:04+00:00 SKIP_EXISTING [165/560] id=GDD13_05 window=IS
2026-08-17T22:23:04+00:00 SKIP_EXISTING [165/560] id=GDD13_05 window=OOS
2026-08-17T22:23:04+00:00 GATE_SKIP id=GDD13_05 window=XM5 reason=OOS_NOT_STRICT
2026-08-17T22:23:04+00:00 SKIP_EXISTING [166/560] id=GDD13_06 window=IS
2026-08-17T22:23:04+00:00 SKIP_EXISTING [166/560] id=GDD13_06 window=OOS
2026-08-17T22:23:04+00:00 GATE_SKIP id=GDD13_06 window=XM5 reason=OOS_NOT_STRICT
2026-08-17T22:23:04+00:00 SKIP_EXISTING [167/560] id=GDD13_07 window=IS
2026-08-17T22:23:04+00:00 SKIP_EXISTING [167/560] id=GDD13_07 window=OOS
2026-08-17T22:23:04+00:00 GATE_SKIP id=GDD13_07 window=XM5 reason=OOS_NOT_STRICT
2026-08-17T22:23:04+00:00 SKIP_EXISTING [168/560] id=GDD13_08 window=IS
2026-08-17T22:23:04+00:00 SKIP_EXISTING [168/560] id=GDD13_08 window=OOS
2026-08-17T22:23:04+00:00 GATE_SKIP id=GDD13_08 window=XM5 reason=OOS_NOT_STRICT
2026-08-17T22:23:04+00:00 SKIP_EXISTING [169/560] id=GDD13_09 window=IS
2026-08-17T22:23:04+00:00 SKIP_EXISTING [169/560] id=GDD13_09 window=OOS
2026-08-17T22:23:04+00:00 GATE_SKIP id=GDD13_09 window=XM5 reason=OOS_NOT_STRICT
2026-08-17T22:23:04+00:00 SKIP_EXISTING [170/560] id=GDD13_10 window=IS
2026-08-17T22:23:04+00:00 SKIP_EXISTING [170/560] id=GDD13_10 window=OOS
2026-08-17T22:23:04+00:00 GATE_SKIP id=GDD13_10 window=XM5 reason=OOS_NOT_STRICT
2026-08-17T22:23:04+00:00 SKIP_EXISTING [171/560] id=GDD13_11 window=IS
2026-08-17T22:23:04+00:00 SKIP_EXISTING [171/560] id=GDD13_11 window=OOS
2026-08-17T22:23:04+00:00 GATE_SKIP id=GDD13_11 window=XM5 reason=OOS_NOT_STRICT
2026-08-17T22:23:04+00:00 SKIP_EXISTING [172/560] id=GDD13_12 window=IS
2026-08-17T22:23:04+00:00 GATE_SKIP id=GDD13_12 window=OOS reason=IS_NOT_SURVIVOR
2026-08-17T22:23:04+00:00 GATE_SKIP id=GDD13_12 window=XM5 reason=OOS_NOT_STRICT
2026-08-17T22:23:04+00:00 SKIP_EXISTING [173/560] id=GDD13_13 window=IS
2026-08-17T22:23:04+00:00 GATE_SKIP id=GDD13_13 window=OOS reason=IS_NOT_SURVIVOR
2026-08-17T22:23:04+00:00 GATE_SKIP id=GDD13_13 window=XM5 reason=OOS_NOT_STRICT
2026-08-17T22:23:04+00:00 SKIP_EXISTING [174/560] id=GDD13_14 window=IS
2026-08-17T22:23:04+00:00 GATE_SKIP id=GDD13_14 window=OOS reason=IS_NOT_SURVIVOR
2026-08-17T22:23:04+00:00 GATE_SKIP id=GDD13_14 window=XM5 reason=OOS_NOT_STRICT
2026-08-17T22:23:04+00:00 SKIP_EXISTING [175/560] id=GDD13_15 window=IS
2026-08-17T22:23:04+00:00 SKIP_EXISTING [175/560] id=GDD13_15 window=OOS
2026-08-17T22:23:04+00:00 GATE_SKIP id=GDD13_15 window=XM5 reason=OOS_NOT_STRICT
2026-08-17T22:23:04+00:00 SKIP_EXISTING [176/560] id=GDD13_16 window=IS
2026-08-17T22:23:04+00:00 SKIP_EXISTING [176/560] id=GDD13_16 window=OOS
2026-08-17T22:23:04+00:00 GATE_SKIP id=GDD13_16 window=XM5 reason=OOS_NOT_STRICT
2026-08-17T22:23:04+00:00 SKIP_EXISTING [177/560] id=GDD13_17 window=IS
2026-08-17T22:23:04+00:00 SKIP_EXISTING [177/560] id=GDD13_17 window=OOS
2026-08-17T22:23:04+00:00 GATE_SKIP id=GDD13_17 window=XM5 reason=OOS_NOT_STRICT
2026-08-17T22:23:04+00:00 SKIP_EXISTING [178/560] id=GDD13_18 window=IS
2026-08-17T22:23:04+00:00 GATE_SKIP id=GDD13_18 window=OOS reason=IS_NOT_SURVIVOR
2026-08-17T22:23:04+00:00 GATE_SKIP id=GDD13_18 window=XM5 reason=OOS_NOT_STRICT
2026-08-17T22:23:04+00:00 SKIP_EXISTING [179/560] id=GDD13_19 window=IS
2026-08-17T22:23:04+00:00 GATE_SKIP id=GDD13_19 window=OOS reason=IS_NOT_SURVIVOR
2026-08-17T22:23:04+00:00 GATE_SKIP id=GDD13_19 window=XM5 reason=OOS_NOT_STRICT
2026-08-17T22:23:04+00:00 SKIP_EXISTING [180/560] id=GDD13_20 window=IS
2026-08-17T22:23:04+00:00 GATE_SKIP id=GDD13_20 window=OOS reason=IS_NOT_SURVIVOR
2026-08-17T22:23:04+00:00 GATE_SKIP id=GDD13_20 window=XM5 reason=OOS_NOT_STRICT
2026-08-17T22:23:04+00:00 SKIP_EXISTING [181/560] id=GDD14_01 window=IS
2026-08-17T22:23:04+00:00 GATE_SKIP id=GDD14_01 window=OOS reason=IS_NOT_SURVIVOR
2026-08-17T22:23:04+00:00 GATE_SKIP id=GDD14_01 window=XM5 reason=OOS_NOT_STRICT
2026-08-17T22:23:04+00:00 SKIP_EXISTING [182/560] id=GDD14_02 window=IS
2026-08-17T22:23:04+00:00 GATE_SKIP id=GDD14_02 window=OOS reason=IS_NOT_SURVIVOR
2026-08-17T22:23:04+00:00 GATE_SKIP id=GDD14_02 window=XM5 reason=OOS_NOT_STRICT
2026-08-17T22:23:04+00:00 SKIP_EXISTING [183/560] id=GDD14_03 window=IS
2026-08-17T22:23:04+00:00 GATE_SKIP id=GDD14_03 window=OOS reason=IS_NOT_SURVIVOR
2026-08-17T22:23:04+00:00 GATE_SKIP id=GDD14_03 window=XM5 reason=OOS_NOT_STRICT
2026-08-17T22:23:04+00:00 SKIP_EXISTING [184/560] id=GDD14_04 window=IS
2026-08-17T22:23:04+00:00 GATE_SKIP id=GDD14_04 window=OOS reason=IS_NOT_SURVIVOR
2026-08-17T22:23:04+00:00 GATE_SKIP id=GDD14_04 window=XM5 reason=OOS_NOT_STRICT
2026-08-17T22:23:04+00:00 SKIP_EXISTING [185/560] id=GDD14_05 window=IS
2026-08-17T22:23:04+00:00 GATE_SKIP id=GDD14_05 window=OOS reason=IS_NOT_SURVIVOR
2026-08-17T22:23:04+00:00 GATE_SKIP id=GDD14_05 window=XM5 reason=OOS_NOT_STRICT
2026-08-17T22:23:04+00:00 SKIP_EXISTING [186/560] id=GDD14_06 window=IS
2026-08-17T22:23:04+00:00 GATE_SKIP id=GDD14_06 window=OOS reason=IS_NOT_SURVIVOR
2026-08-17T22:23:04+00:00 GATE_SKIP id=GDD14_06 window=XM5 reason=OOS_NOT_STRICT
2026-08-17T22:23:04+00:00 SKIP_EXISTING [187/560] id=GDD14_07 window=IS
2026-08-17T22:23:04+00:00 SKIP_EXISTING [187/560] id=GDD14_07 window=OOS
2026-08-17T22:23:04+00:00 SKIP_EXISTING [187/560] id=GDD14_07 window=XM5
2026-08-17T22:23:04+00:00 SKIP_EXISTING [188/560] id=GDD14_08 window=IS
2026-08-17T22:23:04+00:00 SKIP_EXISTING [188/560] id=GDD14_08 window=OOS
2026-08-17T22:23:04+00:00 GATE_SKIP id=GDD14_08 window=XM5 reason=OOS_NOT_STRICT
2026-08-17T22:23:04+00:00 SKIP_EXISTING [189/560] id=GDD14_09 window=IS
2026-08-17T22:23:04+00:00 SKIP_EXISTING [189/560] id=GDD14_09 window=OOS
2026-08-17T22:23:04+00:00 GATE_SKIP id=GDD14_09 window=XM5 reason=OOS_NOT_STRICT
2026-08-17T22:23:04+00:00 SKIP_EXISTING [190/560] id=GDD14_10 window=IS
2026-08-17T22:23:04+00:00 SKIP_EXISTING [190/560] id=GDD14_10 window=OOS
2026-08-17T22:23:04+00:00 GATE_SKIP id=GDD14_10 window=XM5 reason=OOS_NOT_STRICT
2026-08-17T22:23:04+00:00 SKIP_EXISTING [191/560] id=GDD14_11 window=IS
2026-08-17T22:23:04+00:00 SKIP_EXISTING [191/560] id=GDD14_11 window=OOS
2026-08-17T22:23:04+00:00 GATE_SKIP id=GDD14_11 window=XM5 reason=OOS_NOT_STRICT
2026-08-17T22:23:04+00:00 SKIP_EXISTING [192/560] id=GDD14_12 window=IS
2026-08-17T22:23:04+00:00 SKIP_EXISTING [192/560] id=GDD14_12 window=OOS
2026-08-17T22:23:04+00:00 GATE_SKIP id=GDD14_12 window=XM5 reason=OOS_NOT_STRICT
2026-08-17T22:23:04+00:00 SKIP_EXISTING [193/560] id=GDD14_13 window=IS
2026-08-17T22:23:04+00:00 SKIP_EXISTING [193/560] id=GDD14_13 window=OOS
2026-08-17T22:23:04+00:00 GATE_SKIP id=GDD14_13 window=XM5 reason=OOS_NOT_STRICT
2026-08-17T22:23:04+00:00 SKIP_EXISTING [194/560] id=GDD14_14 window=IS
2026-08-17T22:23:04+00:00 SKIP_EXISTING [194/560] id=GDD14_14 window=OOS
2026-08-17T22:23:04+00:00 GATE_SKIP id=GDD14_14 window=XM5 reason=OOS_NOT_STRICT
2026-08-17T22:23:04+00:00 SKIP_EXISTING [195/560] id=GDD14_15 window=IS
2026-08-17T22:23:04+00:00 SKIP_EXISTING [195/560] id=GDD14_15 window=OOS
2026-08-17T22:23:04+00:00 GATE_SKIP id=GDD14_15 window=XM5 reason=OOS_NOT_STRICT
2026-08-17T22:23:04+00:00 SKIP_EXISTING [196/560] id=GDD14_16 window=IS
2026-08-17T22:23:04+00:00 SKIP_EXISTING [196/560] id=GDD14_16 window=OOS
2026-08-17T22:23:04+00:00 GATE_SKIP id=GDD14_16 window=XM5 reason=OOS_NOT_STRICT
2026-08-17T22:23:04+00:00 SKIP_EXISTING [197/560] id=GDD14_17 window=IS
2026-08-17T22:23:04+00:00 SKIP_EXISTING [197/560] id=GDD14_17 window=OOS
2026-08-17T22:23:04+00:00 GATE_SKIP id=GDD14_17 window=XM5 reason=OOS_NOT_STRICT
2026-08-17T22:23:04+00:00 SKIP_EXISTING [198/560] id=GDD14_18 window=IS
2026-08-17T22:23:04+00:00 SKIP_EXISTING [198/560] id=GDD14_18 window=OOS
2026-08-17T22:23:04+00:00 GATE_SKIP id=GDD14_18 window=XM5 reason=OOS_NOT_STRICT
2026-08-17T22:23:04+00:00 SKIP_EXISTING [199/560] id=GDD14_19 window=IS
2026-08-17T22:23:04+00:00 GATE_SKIP id=GDD14_19 window=OOS reason=IS_NOT_SURVIVOR
2026-08-17T22:23:04+00:00 GATE_SKIP id=GDD14_19 window=XM5 reason=OOS_NOT_STRICT
2026-08-17T22:23:04+00:00 SKIP_EXISTING [200/560] id=GDD14_20 window=IS
2026-08-17T22:23:04+00:00 GATE_SKIP id=GDD14_20 window=OOS reason=IS_NOT_SURVIVOR
2026-08-17T22:23:04+00:00 GATE_SKIP id=GDD14_20 window=XM5 reason=OOS_NOT_STRICT
2026-08-17T22:23:04+00:00 SKIP_EXISTING [201/560] id=GDD15_01 window=IS
2026-08-17T22:23:04+00:00 GATE_SKIP id=GDD15_01 window=OOS reason=IS_NOT_SURVIVOR
2026-08-17T22:23:04+00:00 GATE_SKIP id=GDD15_01 window=XM5 reason=OOS_NOT_STRICT
2026-08-17T22:23:04+00:00 SKIP_EXISTING [202/560] id=GDD15_02 window=IS
2026-08-17T22:23:04+00:00 SKIP_EXISTING [202/560] id=GDD15_02 window=OOS
2026-08-17T22:23:04+00:00 GATE_SKIP id=GDD15_02 window=XM5 reason=OOS_NOT_STRICT
2026-08-17T22:23:04+00:00 SKIP_EXISTING [203/560] id=GDD15_03 window=IS
2026-08-17T22:23:04+00:00 SKIP_EXISTING [203/560] id=GDD15_03 window=OOS
2026-08-17T22:23:04+00:00 GATE_SKIP id=GDD15_03 window=XM5 reason=OOS_NOT_STRICT
2026-08-17T22:23:04+00:00 SKIP_EXISTING [204/560] id=GDD15_04 window=IS
2026-08-17T22:23:04+00:00 SKIP_EXISTING [204/560] id=GDD15_04 window=OOS
2026-08-17T22:23:04+00:00 GATE_SKIP id=GDD15_04 window=XM5 reason=OOS_NOT_STRICT
2026-08-17T22:23:04+00:00 SKIP_EXISTING [205/560] id=GDD15_05 window=IS
2026-08-17T22:23:04+00:00 SKIP_EXISTING [205/560] id=GDD15_05 window=OOS
2026-08-17T22:23:04+00:00 GATE_SKIP id=GDD15_05 window=XM5 reason=OOS_NOT_STRICT
2026-08-17T22:23:04+00:00 SKIP_EXISTING [206/560] id=GDD15_06 window=IS
2026-08-17T22:23:04+00:00 SKIP_EXISTING [206/560] id=GDD15_06 window=OOS
2026-08-17T22:23:04+00:00 GATE_SKIP id=GDD15_06 window=XM5 reason=OOS_NOT_STRICT
2026-08-17T22:23:04+00:00 SKIP_EXISTING [207/560] id=GDD15_07 window=IS
2026-08-17T22:23:04+00:00 SKIP_EXISTING [207/560] id=GDD15_07 window=OOS
2026-08-17T22:23:04+00:00 GATE_SKIP id=GDD15_07 window=XM5 reason=OOS_NOT_STRICT
2026-08-17T22:23:04+00:00 SKIP_EXISTING [208/560] id=GDD15_08 window=IS
2026-08-17T22:23:04+00:00 SKIP_EXISTING [208/560] id=GDD15_08 window=OOS
2026-08-17T22:23:04+00:00 GATE_SKIP id=GDD15_08 window=XM5 reason=OOS_NOT_STRICT
2026-08-17T22:23:04+00:00 SKIP_EXISTING [209/560] id=GDD15_09 window=IS
2026-08-17T22:23:04+00:00 SKIP_EXISTING [209/560] id=GDD15_09 window=OOS
2026-08-17T22:23:04+00:00 GATE_SKIP id=GDD15_09 window=XM5 reason=OOS_NOT_STRICT
2026-08-17T22:23:04+00:00 SKIP_EXISTING [210/560] id=GDD15_10 window=IS
2026-08-17T22:23:04+00:00 SKIP_EXISTING [210/560] id=GDD15_10 window=OOS
2026-08-17T22:23:04+00:00 GATE_SKIP id=GDD15_10 window=XM5 reason=OOS_NOT_STRICT
2026-08-17T22:23:04+00:00 SKIP_EXISTING [211/560] id=GDD15_11 window=IS
2026-08-17T22:23:04+00:00 SKIP_EXISTING [211/560] id=GDD15_11 window=OOS
2026-08-17T22:23:04+00:00 GATE_SKIP id=GDD15_11 window=XM5 reason=OOS_NOT_STRICT
2026-08-17T22:23:04+00:00 SKIP_EXISTING [212/560] id=GDD15_12 window=IS
2026-08-17T22:23:04+00:00 GATE_SKIP id=GDD15_12 window=OOS reason=IS_NOT_SURVIVOR
2026-08-17T22:23:04+00:00 GATE_SKIP id=GDD15_12 window=XM5 reason=OOS_NOT_STRICT
2026-08-17T22:23:04+00:00 SKIP_EXISTING [213/560] id=GDD15_13 window=IS
2026-08-17T22:23:04+00:00 GATE_SKIP id=GDD15_13 window=OOS reason=IS_NOT_SURVIVOR
2026-08-17T22:23:04+00:00 GATE_SKIP id=GDD15_13 window=XM5 reason=OOS_NOT_STRICT
2026-08-17T22:23:04+00:00 SKIP_EXISTING [214/560] id=GDD15_14 window=IS
2026-08-17T22:23:04+00:00 GATE_SKIP id=GDD15_14 window=OOS reason=IS_NOT_SURVIVOR
2026-08-17T22:23:04+00:00 GATE_SKIP id=GDD15_14 window=XM5 reason=OOS_NOT_STRICT
2026-08-17T22:23:04+00:00 SKIP_EXISTING [215/560] id=GDD15_15 window=IS
2026-08-17T22:23:04+00:00 GATE_SKIP id=GDD15_15 window=OOS reason=IS_NOT_SURVIVOR
2026-08-17T22:23:04+00:00 GATE_SKIP id=GDD15_15 window=XM5 reason=OOS_NOT_STRICT
2026-08-17T22:23:04+00:00 SKIP_EXISTING [216/560] id=GDD15_16 window=IS
2026-08-17T22:23:04+00:00 GATE_SKIP id=GDD15_16 window=OOS reason=IS_NOT_SURVIVOR
2026-08-17T22:23:04+00:00 GATE_SKIP id=GDD15_16 window=XM5 reason=OOS_NOT_STRICT
2026-08-17T22:23:04+00:00 SKIP_EXISTING [217/560] id=GDD15_17 window=IS
2026-08-17T22:23:04+00:00 GATE_SKIP id=GDD15_17 window=OOS reason=IS_NOT_SURVIVOR
2026-08-17T22:23:04+00:00 GATE_SKIP id=GDD15_17 window=XM5 reason=OOS_NOT_STRICT
2026-08-17T22:23:04+00:00 SKIP_EXISTING [218/560] id=GDD15_18 window=IS
2026-08-17T22:23:04+00:00 GATE_SKIP id=GDD15_18 window=OOS reason=IS_NOT_SURVIVOR
2026-08-17T22:23:04+00:00 GATE_SKIP id=GDD15_18 window=XM5 reason=OOS_NOT_STRICT
2026-08-17T22:23:04+00:00 SKIP_EXISTING [219/560] id=GDD15_19 window=IS
2026-08-17T22:23:04+00:00 GATE_SKIP id=GDD15_19 window=OOS reason=IS_NOT_SURVIVOR
2026-08-17T22:23:04+00:00 GATE_SKIP id=GDD15_19 window=XM5 reason=OOS_NOT_STRICT
2026-08-17T22:23:04+00:00 SKIP_EXISTING [220/560] id=GDD15_20 window=IS
2026-08-17T22:23:04+00:00 GATE_SKIP id=GDD15_20 window=OOS reason=IS_NOT_SURVIVOR
2026-08-17T22:23:04+00:00 GATE_SKIP id=GDD15_20 window=XM5 reason=OOS_NOT_STRICT
2026-08-17T22:23:04+00:00 SKIP_EXISTING [221/560] id=GDD16_01 window=IS
2026-08-17T22:23:04+00:00 GATE_SKIP id=GDD16_01 window=OOS reason=IS_NOT_SURVIVOR
2026-08-17T22:23:04+00:00 GATE_SKIP id=GDD16_01 window=XM5 reason=OOS_NOT_STRICT
2026-08-17T22:23:04+00:00 SKIP_EXISTING [222/560] id=GDD16_02 window=IS
2026-08-17T22:23:04+00:00 GATE_SKIP id=GDD16_02 window=OOS reason=IS_NOT_SURVIVOR
2026-08-17T22:23:04+00:00 GATE_SKIP id=GDD16_02 window=XM5 reason=OOS_NOT_STRICT
2026-08-17T22:23:04+00:00 SKIP_EXISTING [223/560] id=GDD16_03 window=IS
2026-08-17T22:23:04+00:00 GATE_SKIP id=GDD16_03 window=OOS reason=IS_NOT_SURVIVOR
2026-08-17T22:23:04+00:00 GATE_SKIP id=GDD16_03 window=XM5 reason=OOS_NOT_STRICT
2026-08-17T22:23:04+00:00 SKIP_EXISTING [224/560] id=GDD16_04 window=IS
2026-08-17T22:23:04+00:00 GATE_SKIP id=GDD16_04 window=OOS reason=IS_NOT_SURVIVOR
2026-08-17T22:23:04+00:00 GATE_SKIP id=GDD16_04 window=XM5 reason=OOS_NOT_STRICT
2026-08-17T22:23:04+00:00 SKIP_EXISTING [225/560] id=GDD16_05 window=IS
2026-08-17T22:23:04+00:00 GATE_SKIP id=GDD16_05 window=OOS reason=IS_NOT_SURVIVOR
2026-08-17T22:23:04+00:00 GATE_SKIP id=GDD16_05 window=XM5 reason=OOS_NOT_STRICT
2026-08-17T22:23:04+00:00 SKIP_EXISTING [226/560] id=GDD16_06 window=IS
2026-08-17T22:23:04+00:00 GATE_SKIP id=GDD16_06 window=OOS reason=IS_NOT_SURVIVOR
2026-08-17T22:23:04+00:00 GATE_SKIP id=GDD16_06 window=XM5 reason=OOS_NOT_STRICT
2026-08-17T22:23:04+00:00 SKIP_EXISTING [227/560] id=GDD16_07 window=IS
2026-08-17T22:23:04+00:00 GATE_SKIP id=GDD16_07 window=OOS reason=IS_NOT_SURVIVOR
2026-08-17T22:23:04+00:00 GATE_SKIP id=GDD16_07 window=XM5 reason=OOS_NOT_STRICT
2026-08-17T22:23:04+00:00 SKIP_EXISTING [228/560] id=GDD16_08 window=IS
2026-08-17T22:23:04+00:00 GATE_SKIP id=GDD16_08 window=OOS reason=IS_NOT_SURVIVOR
2026-08-17T22:23:04+00:00 GATE_SKIP id=GDD16_08 window=XM5 reason=OOS_NOT_STRICT
2026-08-17T22:23:04+00:00 SKIP_EXISTING [229/560] id=GDD16_09 window=IS
2026-08-17T22:23:04+00:00 GATE_SKIP id=GDD16_09 window=OOS reason=IS_NOT_SURVIVOR
2026-08-17T22:23:04+00:00 GATE_SKIP id=GDD16_09 window=XM5 reason=OOS_NOT_STRICT
2026-08-17T22:23:04+00:00 SKIP_EXISTING [230/560] id=GDD16_10 window=IS
2026-08-17T22:23:04+00:00 SKIP_EXISTING [230/560] id=GDD16_10 window=OOS
2026-08-17T22:23:04+00:00 GATE_SKIP id=GDD16_10 window=XM5 reason=OOS_NOT_STRICT
2026-08-17T22:23:04+00:00 SKIP_EXISTING [231/560] id=GDD16_11 window=IS
2026-08-17T22:23:04+00:00 SKIP_EXISTING [231/560] id=GDD16_11 window=OOS
2026-08-17T22:23:04+00:00 GATE_SKIP id=GDD16_11 window=XM5 reason=OOS_NOT_STRICT
2026-08-17T22:23:04+00:00 SKIP_EXISTING [232/560] id=GDD16_12 window=IS
2026-08-17T22:23:04+00:00 SKIP_EXISTING [232/560] id=GDD16_12 window=OOS
2026-08-17T22:23:04+00:00 GATE_SKIP id=GDD16_12 window=XM5 reason=OOS_NOT_STRICT
2026-08-17T22:23:04+00:00 RUN_START id=GDD16_13 family=pb_extension_cap window=IS run=gdd2p_is_gdd16_13_20260818072304_d1ac3a
2026-08-17T22:24:09+00:00 RUN_END id=GDD16_13 window=IS status=OK decision=IS_SURVIVOR_TRADEOFF elapsed=65.483s
2026-08-17T22:24:09+00:00 RUN_START id=GDD16_13 family=pb_extension_cap window=OOS run=gdd2p_oos_gdd16_13_20260818072409_41dc57
2026-08-17T22:24:10+00:00 WAIT_MT5 elapsed=0s processes=metatester64.exe
2026-08-17T22:25:11+00:00 WAIT_MT5 elapsed=62s processes=metatester64.exe
2026-08-17T22:26:13+00:00 WAIT_MT5 elapsed=124s processes=metatester64.exe
2026-08-17T22:27:15+00:00 WAIT_MT5 elapsed=186s processes=metatester64.exe
2026-08-17T22:28:17+00:00 WAIT_MT5 elapsed=247s processes=metatester64.exe
2026-08-17T22:29:19+00:00 KILL_ORPHAN_TESTER elapsed=309s
2026-08-17T22:30:19+00:00 RUN_END id=GDD16_13 window=OOS status=OK decision=OOS_REJECT elapsed=369.818s
2026-08-17T22:30:19+00:00 GATE_SKIP id=GDD16_13 window=XM5 reason=OOS_NOT_STRICT
2026-08-17T22:30:19+00:00 SKIP_EXISTING [234/560] id=GDD16_14 window=IS
2026-08-17T22:30:19+00:00 GATE_SKIP id=GDD16_14 window=OOS reason=IS_NOT_SURVIVOR
2026-08-17T22:30:19+00:00 GATE_SKIP id=GDD16_14 window=XM5 reason=OOS_NOT_STRICT
2026-08-17T22:30:19+00:00 SKIP_EXISTING [235/560] id=GDD16_15 window=IS
2026-08-17T22:30:19+00:00 GATE_SKIP id=GDD16_15 window=OOS reason=IS_NOT_SURVIVOR
2026-08-17T22:30:19+00:00 GATE_SKIP id=GDD16_15 window=XM5 reason=OOS_NOT_STRICT
2026-08-17T22:30:19+00:00 SKIP_EXISTING [236/560] id=GDD16_16 window=IS
2026-08-17T22:30:19+00:00 GATE_SKIP id=GDD16_16 window=OOS reason=IS_NOT_SURVIVOR
2026-08-17T22:30:19+00:00 GATE_SKIP id=GDD16_16 window=XM5 reason=OOS_NOT_STRICT
2026-08-17T22:30:19+00:00 SKIP_EXISTING [237/560] id=GDD16_17 window=IS
2026-08-17T22:30:19+00:00 SKIP_EXISTING [237/560] id=GDD16_17 window=OOS
2026-08-17T22:30:19+00:00 GATE_SKIP id=GDD16_17 window=XM5 reason=OOS_NOT_STRICT
2026-08-17T22:30:19+00:00 SKIP_EXISTING [238/560] id=GDD16_18 window=IS
2026-08-17T22:30:19+00:00 GATE_SKIP id=GDD16_18 window=OOS reason=IS_NOT_SURVIVOR
2026-08-17T22:30:19+00:00 GATE_SKIP id=GDD16_18 window=XM5 reason=OOS_NOT_STRICT
2026-08-17T22:30:19+00:00 SKIP_EXISTING [239/560] id=GDD16_19 window=IS
2026-08-17T22:30:19+00:00 SKIP_EXISTING [239/560] id=GDD16_19 window=OOS
2026-08-17T22:30:19+00:00 GATE_SKIP id=GDD16_19 window=XM5 reason=OOS_NOT_STRICT
2026-08-17T22:30:19+00:00 SKIP_EXISTING [240/560] id=GDD16_20 window=IS
2026-08-17T22:30:19+00:00 SKIP_EXISTING [240/560] id=GDD16_20 window=OOS
2026-08-17T22:30:19+00:00 GATE_SKIP id=GDD16_20 window=XM5 reason=OOS_NOT_STRICT
2026-08-17T22:30:19+00:00 SKIP_EXISTING [241/560] id=GDD17_01 window=IS
2026-08-17T22:30:19+00:00 GATE_SKIP id=GDD17_01 window=OOS reason=IS_NOT_SURVIVOR
2026-08-17T22:30:19+00:00 GATE_SKIP id=GDD17_01 window=XM5 reason=OOS_NOT_STRICT
2026-08-17T22:30:19+00:00 SKIP_EXISTING [242/560] id=GDD17_02 window=IS
2026-08-17T22:30:19+00:00 GATE_SKIP id=GDD17_02 window=OOS reason=IS_NOT_SURVIVOR
2026-08-17T22:30:19+00:00 GATE_SKIP id=GDD17_02 window=XM5 reason=OOS_NOT_STRICT
2026-08-17T22:30:19+00:00 SKIP_EXISTING [243/560] id=GDD17_03 window=IS
2026-08-17T22:30:19+00:00 GATE_SKIP id=GDD17_03 window=OOS reason=IS_NOT_SURVIVOR
2026-08-17T22:30:19+00:00 GATE_SKIP id=GDD17_03 window=XM5 reason=OOS_NOT_STRICT
2026-08-17T22:30:19+00:00 SKIP_EXISTING [244/560] id=GDD17_04 window=IS
2026-08-17T22:30:19+00:00 SKIP_EXISTING [244/560] id=GDD17_04 window=OOS
2026-08-17T22:30:19+00:00 GATE_SKIP id=GDD17_04 window=XM5 reason=OOS_NOT_STRICT
2026-08-17T22:30:19+00:00 SKIP_EXISTING [245/560] id=GDD17_05 window=IS
2026-08-17T22:30:19+00:00 SKIP_EXISTING [245/560] id=GDD17_05 window=OOS
2026-08-17T22:30:19+00:00 GATE_SKIP id=GDD17_05 window=XM5 reason=OOS_NOT_STRICT
2026-08-17T22:30:19+00:00 SKIP_EXISTING [246/560] id=GDD17_06 window=IS
2026-08-17T22:30:19+00:00 SKIP_EXISTING [246/560] id=GDD17_06 window=OOS
2026-08-17T22:30:19+00:00 GATE_SKIP id=GDD17_06 window=XM5 reason=OOS_NOT_STRICT
2026-08-17T22:30:19+00:00 SKIP_EXISTING [247/560] id=GDD17_07 window=IS
2026-08-17T22:30:19+00:00 SKIP_EXISTING [247/560] id=GDD17_07 window=OOS
2026-08-17T22:30:19+00:00 GATE_SKIP id=GDD17_07 window=XM5 reason=OOS_NOT_STRICT
2026-08-17T22:30:19+00:00 SKIP_EXISTING [248/560] id=GDD17_08 window=IS
2026-08-17T22:30:19+00:00 GATE_SKIP id=GDD17_08 window=OOS reason=IS_NOT_SURVIVOR
2026-08-17T22:30:19+00:00 GATE_SKIP id=GDD17_08 window=XM5 reason=OOS_NOT_STRICT
2026-08-17T22:30:19+00:00 SKIP_EXISTING [249/560] id=GDD17_09 window=IS
2026-08-17T22:30:19+00:00 GATE_SKIP id=GDD17_09 window=OOS reason=IS_NOT_SURVIVOR
2026-08-17T22:30:19+00:00 GATE_SKIP id=GDD17_09 window=XM5 reason=OOS_NOT_STRICT
2026-08-17T22:30:19+00:00 SKIP_EXISTING [250/560] id=GDD17_10 window=IS
2026-08-17T22:30:19+00:00 GATE_SKIP id=GDD17_10 window=OOS reason=IS_NOT_SURVIVOR
2026-08-17T22:30:19+00:00 GATE_SKIP id=GDD17_10 window=XM5 reason=OOS_NOT_STRICT
2026-08-17T22:30:19+00:00 SKIP_EXISTING [251/560] id=GDD17_11 window=IS
2026-08-17T22:30:19+00:00 GATE_SKIP id=GDD17_11 window=OOS reason=IS_NOT_SURVIVOR
2026-08-17T22:30:19+00:00 GATE_SKIP id=GDD17_11 window=XM5 reason=OOS_NOT_STRICT
2026-08-17T22:30:19+00:00 SKIP_EXISTING [252/560] id=GDD17_12 window=IS
2026-08-17T22:30:19+00:00 GATE_SKIP id=GDD17_12 window=OOS reason=IS_NOT_SURVIVOR
2026-08-17T22:30:19+00:00 GATE_SKIP id=GDD17_12 window=XM5 reason=OOS_NOT_STRICT
2026-08-17T22:30:19+00:00 SKIP_EXISTING [253/560] id=GDD17_13 window=IS
2026-08-17T22:30:19+00:00 GATE_SKIP id=GDD17_13 window=OOS reason=IS_NOT_SURVIVOR
2026-08-17T22:30:19+00:00 GATE_SKIP id=GDD17_13 window=XM5 reason=OOS_NOT_STRICT
2026-08-17T22:30:19+00:00 SKIP_EXISTING [254/560] id=GDD17_14 window=IS
2026-08-17T22:30:19+00:00 GATE_SKIP id=GDD17_14 window=OOS reason=IS_NOT_SURVIVOR
2026-08-17T22:30:19+00:00 GATE_SKIP id=GDD17_14 window=XM5 reason=OOS_NOT_STRICT
2026-08-17T22:30:19+00:00 SKIP_EXISTING [255/560] id=GDD17_15 window=IS
2026-08-17T22:30:19+00:00 GATE_SKIP id=GDD17_15 window=OOS reason=IS_NOT_SURVIVOR
2026-08-17T22:30:19+00:00 GATE_SKIP id=GDD17_15 window=XM5 reason=OOS_NOT_STRICT
2026-08-17T22:30:19+00:00 SKIP_EXISTING [256/560] id=GDD17_16 window=IS
2026-08-17T22:30:19+00:00 GATE_SKIP id=GDD17_16 window=OOS reason=IS_NOT_SURVIVOR
2026-08-17T22:30:19+00:00 GATE_SKIP id=GDD17_16 window=XM5 reason=OOS_NOT_STRICT
2026-08-17T22:30:19+00:00 SKIP_EXISTING [257/560] id=GDD17_17 window=IS
2026-08-17T22:30:19+00:00 GATE_SKIP id=GDD17_17 window=OOS reason=IS_NOT_SURVIVOR
2026-08-17T22:30:19+00:00 GATE_SKIP id=GDD17_17 window=XM5 reason=OOS_NOT_STRICT
2026-08-17T22:30:19+00:00 SKIP_EXISTING [258/560] id=GDD17_18 window=IS
2026-08-17T22:30:19+00:00 SKIP_EXISTING [258/560] id=GDD17_18 window=OOS
2026-08-17T22:30:19+00:00 GATE_SKIP id=GDD17_18 window=XM5 reason=OOS_NOT_STRICT
2026-08-17T22:30:19+00:00 SKIP_EXISTING [259/560] id=GDD17_19 window=IS
2026-08-17T22:30:19+00:00 SKIP_EXISTING [259/560] id=GDD17_19 window=OOS
2026-08-17T22:30:19+00:00 GATE_SKIP id=GDD17_19 window=XM5 reason=OOS_NOT_STRICT
2026-08-17T22:30:19+00:00 SKIP_EXISTING [260/560] id=GDD17_20 window=IS
2026-08-17T22:30:19+00:00 SKIP_EXISTING [260/560] id=GDD17_20 window=OOS
2026-08-17T22:30:19+00:00 GATE_SKIP id=GDD17_20 window=XM5 reason=OOS_NOT_STRICT
2026-08-17T22:30:19+00:00 SKIP_EXISTING [261/560] id=GDD18_01 window=IS
2026-08-17T22:30:19+00:00 GATE_SKIP id=GDD18_01 window=OOS reason=IS_NOT_SURVIVOR
2026-08-17T22:30:19+00:00 GATE_SKIP id=GDD18_01 window=XM5 reason=OOS_NOT_STRICT
2026-08-17T22:30:19+00:00 SKIP_EXISTING [262/560] id=GDD18_02 window=IS
2026-08-17T22:30:19+00:00 GATE_SKIP id=GDD18_02 window=OOS reason=IS_NOT_SURVIVOR
2026-08-17T22:30:19+00:00 GATE_SKIP id=GDD18_02 window=XM5 reason=OOS_NOT_STRICT
2026-08-17T22:30:19+00:00 SKIP_EXISTING [263/560] id=GDD18_03 window=IS
2026-08-17T22:30:19+00:00 GATE_SKIP id=GDD18_03 window=OOS reason=IS_NOT_SURVIVOR
2026-08-17T22:30:19+00:00 GATE_SKIP id=GDD18_03 window=XM5 reason=OOS_NOT_STRICT
2026-08-17T22:30:19+00:00 SKIP_EXISTING [264/560] id=GDD18_04 window=IS
2026-08-17T22:30:19+00:00 GATE_SKIP id=GDD18_04 window=OOS reason=IS_NOT_SURVIVOR
2026-08-17T22:30:19+00:00 GATE_SKIP id=GDD18_04 window=XM5 reason=OOS_NOT_STRICT
2026-08-17T22:30:19+00:00 SKIP_EXISTING [265/560] id=GDD18_05 window=IS
2026-08-17T22:30:19+00:00 GATE_SKIP id=GDD18_05 window=OOS reason=IS_NOT_SURVIVOR
2026-08-17T22:30:19+00:00 GATE_SKIP id=GDD18_05 window=XM5 reason=OOS_NOT_STRICT
2026-08-17T22:30:19+00:00 SKIP_EXISTING [266/560] id=GDD18_06 window=IS
2026-08-17T22:30:19+00:00 GATE_SKIP id=GDD18_06 window=OOS reason=IS_NOT_SURVIVOR
2026-08-17T22:30:19+00:00 GATE_SKIP id=GDD18_06 window=XM5 reason=OOS_NOT_STRICT
2026-08-17T22:30:19+00:00 SKIP_EXISTING [267/560] id=GDD18_07 window=IS
2026-08-17T22:30:19+00:00 GATE_SKIP id=GDD18_07 window=OOS reason=IS_NOT_SURVIVOR
2026-08-17T22:30:19+00:00 GATE_SKIP id=GDD18_07 window=XM5 reason=OOS_NOT_STRICT
2026-08-17T22:30:19+00:00 SKIP_EXISTING [268/560] id=GDD18_08 window=IS
2026-08-17T22:30:19+00:00 GATE_SKIP id=GDD18_08 window=OOS reason=IS_NOT_SURVIVOR
2026-08-17T22:30:19+00:00 GATE_SKIP id=GDD18_08 window=XM5 reason=OOS_NOT_STRICT
2026-08-17T22:30:19+00:00 SKIP_EXISTING [269/560] id=GDD18_09 window=IS
2026-08-17T22:30:19+00:00 GATE_SKIP id=GDD18_09 window=OOS reason=IS_NOT_SURVIVOR
2026-08-17T22:30:19+00:00 GATE_SKIP id=GDD18_09 window=XM5 reason=OOS_NOT_STRICT
2026-08-17T22:30:19+00:00 SKIP_EXISTING [270/560] id=GDD18_10 window=IS
2026-08-17T22:30:19+00:00 GATE_SKIP id=GDD18_10 window=OOS reason=IS_NOT_SURVIVOR
2026-08-17T22:30:19+00:00 GATE_SKIP id=GDD18_10 window=XM5 reason=OOS_NOT_STRICT
2026-08-17T22:30:19+00:00 SKIP_EXISTING [271/560] id=GDD18_11 window=IS
2026-08-17T22:30:19+00:00 GATE_SKIP id=GDD18_11 window=OOS reason=IS_NOT_SURVIVOR
2026-08-17T22:30:19+00:00 GATE_SKIP id=GDD18_11 window=XM5 reason=OOS_NOT_STRICT
2026-08-17T22:30:19+00:00 SKIP_EXISTING [272/560] id=GDD18_12 window=IS
2026-08-17T22:30:19+00:00 SKIP_EXISTING [272/560] id=GDD18_12 window=OOS
2026-08-17T22:30:19+00:00 GATE_SKIP id=GDD18_12 window=XM5 reason=OOS_NOT_STRICT
2026-08-17T22:30:19+00:00 SKIP_EXISTING [273/560] id=GDD18_13 window=IS
2026-08-17T22:30:19+00:00 SKIP_EXISTING [273/560] id=GDD18_13 window=OOS
2026-08-17T22:30:19+00:00 SKIP_EXISTING [273/560] id=GDD18_13 window=XM5
2026-08-17T22:30:19+00:00 SKIP_EXISTING [274/560] id=GDD18_14 window=IS
2026-08-17T22:30:19+00:00 SKIP_EXISTING [274/560] id=GDD18_14 window=OOS
2026-08-17T22:30:19+00:00 SKIP_EXISTING [274/560] id=GDD18_14 window=XM5
2026-08-17T22:30:19+00:00 SKIP_EXISTING [275/560] id=GDD18_15 window=IS
2026-08-17T22:30:19+00:00 SKIP_EXISTING [275/560] id=GDD18_15 window=OOS
2026-08-17T22:30:19+00:00 SKIP_EXISTING [275/560] id=GDD18_15 window=XM5
2026-08-17T22:30:19+00:00 SKIP_EXISTING [276/560] id=GDD18_16 window=IS
2026-08-17T22:30:19+00:00 SKIP_EXISTING [276/560] id=GDD18_16 window=OOS
2026-08-17T22:30:19+00:00 SKIP_EXISTING [276/560] id=GDD18_16 window=XM5
2026-08-17T22:30:19+00:00 SKIP_EXISTING [277/560] id=GDD18_17 window=IS
2026-08-17T22:30:19+00:00 SKIP_EXISTING [277/560] id=GDD18_17 window=OOS
2026-08-17T22:30:19+00:00 SKIP_EXISTING [277/560] id=GDD18_17 window=XM5
2026-08-17T22:30:19+00:00 SKIP_EXISTING [278/560] id=GDD18_18 window=IS
2026-08-17T22:30:19+00:00 SKIP_EXISTING [278/560] id=GDD18_18 window=OOS
2026-08-17T22:30:19+00:00 SKIP_EXISTING [278/560] id=GDD18_18 window=XM5
2026-08-17T22:30:19+00:00 SKIP_EXISTING [279/560] id=GDD18_19 window=IS
2026-08-17T22:30:19+00:00 SKIP_EXISTING [279/560] id=GDD18_19 window=OOS
2026-08-17T22:30:19+00:00 SKIP_EXISTING [279/560] id=GDD18_19 window=XM5
2026-08-17T22:30:19+00:00 SKIP_EXISTING [280/560] id=GDD18_20 window=IS
2026-08-17T22:30:19+00:00 SKIP_EXISTING [280/560] id=GDD18_20 window=OOS
2026-08-17T22:30:19+00:00 SKIP_EXISTING [280/560] id=GDD18_20 window=XM5
2026-08-17T22:30:19+00:00 SKIP_EXISTING [281/560] id=GDD19_01 window=IS
2026-08-17T22:30:19+00:00 GATE_SKIP id=GDD19_01 window=OOS reason=IS_NOT_SURVIVOR
2026-08-17T22:30:19+00:00 GATE_SKIP id=GDD19_01 window=XM5 reason=OOS_NOT_STRICT
2026-08-17T22:30:19+00:00 SKIP_EXISTING [282/560] id=GDD19_02 window=IS
2026-08-17T22:30:19+00:00 GATE_SKIP id=GDD19_02 window=OOS reason=IS_NOT_SURVIVOR
2026-08-17T22:30:19+00:00 GATE_SKIP id=GDD19_02 window=XM5 reason=OOS_NOT_STRICT
2026-08-17T22:30:19+00:00 SKIP_EXISTING [283/560] id=GDD19_03 window=IS
2026-08-17T22:30:19+00:00 SKIP_EXISTING [283/560] id=GDD19_03 window=OOS
2026-08-17T22:30:19+00:00 GATE_SKIP id=GDD19_03 window=XM5 reason=OOS_NOT_STRICT
2026-08-17T22:30:19+00:00 SKIP_EXISTING [284/560] id=GDD19_04 window=IS
2026-08-17T22:30:19+00:00 SKIP_EXISTING [284/560] id=GDD19_04 window=OOS
2026-08-17T22:30:19+00:00 GATE_SKIP id=GDD19_04 window=XM5 reason=OOS_NOT_STRICT
2026-08-17T22:30:19+00:00 SKIP_EXISTING [285/560] id=GDD19_05 window=IS
2026-08-17T22:30:19+00:00 SKIP_EXISTING [285/560] id=GDD19_05 window=OOS
2026-08-17T22:30:19+00:00 GATE_SKIP id=GDD19_05 window=XM5 reason=OOS_NOT_STRICT
2026-08-17T22:30:19+00:00 SKIP_EXISTING [286/560] id=GDD19_06 window=IS
2026-08-17T22:30:19+00:00 SKIP_EXISTING [286/560] id=GDD19_06 window=OOS
2026-08-17T22:30:19+00:00 GATE_SKIP id=GDD19_06 window=XM5 reason=OOS_NOT_STRICT
2026-08-17T22:30:19+00:00 SKIP_EXISTING [287/560] id=GDD19_07 window=IS
2026-08-17T22:30:19+00:00 SKIP_EXISTING [287/560] id=GDD19_07 window=OOS
2026-08-17T22:30:19+00:00 GATE_SKIP id=GDD19_07 window=XM5 reason=OOS_NOT_STRICT
2026-08-17T22:30:19+00:00 SKIP_EXISTING [288/560] id=GDD19_08 window=IS
2026-08-17T22:30:19+00:00 SKIP_EXISTING [288/560] id=GDD19_08 window=OOS
2026-08-17T22:30:19+00:00 GATE_SKIP id=GDD19_08 window=XM5 reason=OOS_NOT_STRICT
2026-08-17T22:30:19+00:00 SKIP_EXISTING [289/560] id=GDD19_09 window=IS
2026-08-17T22:30:19+00:00 SKIP_EXISTING [289/560] id=GDD19_09 window=OOS
2026-08-17T22:30:19+00:00 GATE_SKIP id=GDD19_09 window=XM5 reason=OOS_NOT_STRICT
2026-08-17T22:30:19+00:00 SKIP_EXISTING [290/560] id=GDD19_10 window=IS
2026-08-17T22:30:19+00:00 SKIP_EXISTING [290/560] id=GDD19_10 window=OOS
2026-08-17T22:30:19+00:00 GATE_SKIP id=GDD19_10 window=XM5 reason=OOS_NOT_STRICT
2026-08-17T22:30:19+00:00 SKIP_EXISTING [291/560] id=GDD19_11 window=IS
2026-08-17T22:30:19+00:00 SKIP_EXISTING [291/560] id=GDD19_11 window=OOS
2026-08-17T22:30:19+00:00 GATE_SKIP id=GDD19_11 window=XM5 reason=OOS_NOT_STRICT
2026-08-17T22:30:19+00:00 SKIP_EXISTING [292/560] id=GDD19_12 window=IS
2026-08-17T22:30:19+00:00 SKIP_EXISTING [292/560] id=GDD19_12 window=OOS
2026-08-17T22:30:19+00:00 GATE_SKIP id=GDD19_12 window=XM5 reason=OOS_NOT_STRICT
2026-08-17T22:30:19+00:00 SKIP_EXISTING [293/560] id=GDD19_13 window=IS
2026-08-17T22:30:19+00:00 SKIP_EXISTING [293/560] id=GDD19_13 window=OOS
2026-08-17T22:30:19+00:00 SKIP_EXISTING [293/560] id=GDD19_13 window=XM5
2026-08-17T22:30:19+00:00 SKIP_EXISTING [294/560] id=GDD19_14 window=IS
2026-08-17T22:30:19+00:00 SKIP_EXISTING [294/560] id=GDD19_14 window=OOS
2026-08-17T22:30:19+00:00 SKIP_EXISTING [294/560] id=GDD19_14 window=XM5
2026-08-17T22:30:19+00:00 SKIP_EXISTING [295/560] id=GDD19_15 window=IS
2026-08-17T22:30:19+00:00 GATE_SKIP id=GDD19_15 window=OOS reason=IS_NOT_SURVIVOR
2026-08-17T22:30:19+00:00 GATE_SKIP id=GDD19_15 window=XM5 reason=OOS_NOT_STRICT
2026-08-17T22:30:19+00:00 SKIP_EXISTING [296/560] id=GDD19_16 window=IS
2026-08-17T22:30:19+00:00 GATE_SKIP id=GDD19_16 window=OOS reason=IS_NOT_SURVIVOR
2026-08-17T22:30:19+00:00 GATE_SKIP id=GDD19_16 window=XM5 reason=OOS_NOT_STRICT
2026-08-17T22:30:19+00:00 SKIP_EXISTING [297/560] id=GDD19_17 window=IS
2026-08-17T22:30:19+00:00 GATE_SKIP id=GDD19_17 window=OOS reason=IS_NOT_SURVIVOR
2026-08-17T22:30:19+00:00 GATE_SKIP id=GDD19_17 window=XM5 reason=OOS_NOT_STRICT
2026-08-17T22:30:19+00:00 SKIP_EXISTING [298/560] id=GDD19_18 window=IS
2026-08-17T22:30:19+00:00 GATE_SKIP id=GDD19_18 window=OOS reason=IS_NOT_SURVIVOR
2026-08-17T22:30:19+00:00 GATE_SKIP id=GDD19_18 window=XM5 reason=OOS_NOT_STRICT
2026-08-17T22:30:19+00:00 SKIP_EXISTING [299/560] id=GDD19_19 window=IS
2026-08-17T22:30:19+00:00 GATE_SKIP id=GDD19_19 window=OOS reason=IS_NOT_SURVIVOR
2026-08-17T22:30:19+00:00 GATE_SKIP id=GDD19_19 window=XM5 reason=OOS_NOT_STRICT
2026-08-17T22:30:19+00:00 SKIP_EXISTING [300/560] id=GDD19_20 window=IS
2026-08-17T22:30:19+00:00 GATE_SKIP id=GDD19_20 window=OOS reason=IS_NOT_SURVIVOR
2026-08-17T22:30:19+00:00 GATE_SKIP id=GDD19_20 window=XM5 reason=OOS_NOT_STRICT
2026-08-17T22:30:19+00:00 SKIP_EXISTING [301/560] id=GDD20_01 window=IS
2026-08-17T22:30:19+00:00 GATE_SKIP id=GDD20_01 window=OOS reason=IS_NOT_SURVIVOR
2026-08-17T22:30:19+00:00 GATE_SKIP id=GDD20_01 window=XM5 reason=OOS_NOT_STRICT
2026-08-17T22:30:19+00:00 SKIP_EXISTING [302/560] id=GDD20_02 window=IS
2026-08-17T22:30:19+00:00 GATE_SKIP id=GDD20_02 window=OOS reason=IS_NOT_SURVIVOR
2026-08-17T22:30:19+00:00 GATE_SKIP id=GDD20_02 window=XM5 reason=OOS_NOT_STRICT
2026-08-17T22:30:19+00:00 SKIP_EXISTING [303/560] id=GDD20_03 window=IS
2026-08-17T22:30:19+00:00 GATE_SKIP id=GDD20_03 window=OOS reason=IS_NOT_SURVIVOR
2026-08-17T22:30:19+00:00 GATE_SKIP id=GDD20_03 window=XM5 reason=OOS_NOT_STRICT
2026-08-17T22:30:19+00:00 SKIP_EXISTING [304/560] id=GDD20_04 window=IS
2026-08-17T22:30:19+00:00 GATE_SKIP id=GDD20_04 window=OOS reason=IS_NOT_SURVIVOR
2026-08-17T22:30:19+00:00 GATE_SKIP id=GDD20_04 window=XM5 reason=OOS_NOT_STRICT
2026-08-17T22:30:19+00:00 SKIP_EXISTING [305/560] id=GDD20_05 window=IS
2026-08-17T22:30:19+00:00 GATE_SKIP id=GDD20_05 window=OOS reason=IS_NOT_SURVIVOR
2026-08-17T22:30:19+00:00 GATE_SKIP id=GDD20_05 window=XM5 reason=OOS_NOT_STRICT
2026-08-17T22:30:19+00:00 SKIP_EXISTING [306/560] id=GDD20_06 window=IS
2026-08-17T22:30:19+00:00 GATE_SKIP id=GDD20_06 window=OOS reason=IS_NOT_SURVIVOR
2026-08-17T22:30:19+00:00 GATE_SKIP id=GDD20_06 window=XM5 reason=OOS_NOT_STRICT
2026-08-17T22:30:19+00:00 SKIP_EXISTING [307/560] id=GDD20_07 window=IS
2026-08-17T22:30:19+00:00 GATE_SKIP id=GDD20_07 window=OOS reason=IS_NOT_SURVIVOR
2026-08-17T22:30:19+00:00 GATE_SKIP id=GDD20_07 window=XM5 reason=OOS_NOT_STRICT
2026-08-17T22:30:19+00:00 SKIP_EXISTING [308/560] id=GDD20_08 window=IS
2026-08-17T22:30:19+00:00 GATE_SKIP id=GDD20_08 window=OOS reason=IS_NOT_SURVIVOR
2026-08-17T22:30:19+00:00 GATE_SKIP id=GDD20_08 window=XM5 reason=OOS_NOT_STRICT
2026-08-17T22:30:19+00:00 SKIP_EXISTING [309/560] id=GDD20_09 window=IS
2026-08-17T22:30:19+00:00 GATE_SKIP id=GDD20_09 window=OOS reason=IS_NOT_SURVIVOR
2026-08-17T22:30:19+00:00 GATE_SKIP id=GDD20_09 window=XM5 reason=OOS_NOT_STRICT
2026-08-17T22:30:19+00:00 SKIP_EXISTING [310/560] id=GDD20_10 window=IS
2026-08-17T22:30:19+00:00 GATE_SKIP id=GDD20_10 window=OOS reason=IS_NOT_SURVIVOR
2026-08-17T22:30:19+00:00 GATE_SKIP id=GDD20_10 window=XM5 reason=OOS_NOT_STRICT
2026-08-17T22:30:19+00:00 SKIP_EXISTING [311/560] id=GDD20_11 window=IS
2026-08-17T22:30:19+00:00 GATE_SKIP id=GDD20_11 window=OOS reason=IS_NOT_SURVIVOR
2026-08-17T22:30:19+00:00 GATE_SKIP id=GDD20_11 window=XM5 reason=OOS_NOT_STRICT
2026-08-17T22:30:19+00:00 SKIP_EXISTING [312/560] id=GDD20_12 window=IS
2026-08-17T22:30:19+00:00 SKIP_EXISTING [312/560] id=GDD20_12 window=OOS
2026-08-17T22:30:19+00:00 GATE_SKIP id=GDD20_12 window=XM5 reason=OOS_NOT_STRICT
2026-08-17T22:30:19+00:00 SKIP_EXISTING [313/560] id=GDD20_13 window=IS
2026-08-17T22:30:19+00:00 SKIP_EXISTING [313/560] id=GDD20_13 window=OOS
2026-08-17T22:30:19+00:00 GATE_SKIP id=GDD20_13 window=XM5 reason=OOS_NOT_STRICT
2026-08-17T22:30:19+00:00 SKIP_EXISTING [314/560] id=GDD20_14 window=IS
2026-08-17T22:30:19+00:00 SKIP_EXISTING [314/560] id=GDD20_14 window=OOS
2026-08-17T22:30:19+00:00 GATE_SKIP id=GDD20_14 window=XM5 reason=OOS_NOT_STRICT
2026-08-17T22:30:19+00:00 SKIP_EXISTING [315/560] id=GDD20_15 window=IS
2026-08-17T22:30:19+00:00 SKIP_EXISTING [315/560] id=GDD20_15 window=OOS
2026-08-17T22:30:19+00:00 GATE_SKIP id=GDD20_15 window=XM5 reason=OOS_NOT_STRICT
2026-08-17T22:30:19+00:00 SKIP_EXISTING [316/560] id=GDD20_16 window=IS
2026-08-17T22:30:19+00:00 SKIP_EXISTING [316/560] id=GDD20_16 window=OOS
2026-08-17T22:30:19+00:00 SKIP_EXISTING [316/560] id=GDD20_16 window=XM5
2026-08-17T22:30:19+00:00 SKIP_EXISTING [317/560] id=GDD20_17 window=IS
2026-08-17T22:30:19+00:00 SKIP_EXISTING [317/560] id=GDD20_17 window=OOS
2026-08-17T22:30:19+00:00 GATE_SKIP id=GDD20_17 window=XM5 reason=OOS_NOT_STRICT
2026-08-17T22:30:19+00:00 SKIP_EXISTING [318/560] id=GDD20_18 window=IS
2026-08-17T22:30:19+00:00 SKIP_EXISTING [318/560] id=GDD20_18 window=OOS
2026-08-17T22:30:19+00:00 GATE_SKIP id=GDD20_18 window=XM5 reason=OOS_NOT_STRICT
2026-08-17T22:30:19+00:00 SKIP_EXISTING [319/560] id=GDD20_19 window=IS
2026-08-17T22:30:19+00:00 SKIP_EXISTING [319/560] id=GDD20_19 window=OOS
2026-08-17T22:30:19+00:00 GATE_SKIP id=GDD20_19 window=XM5 reason=OOS_NOT_STRICT
2026-08-17T22:30:19+00:00 SKIP_EXISTING [320/560] id=GDD20_20 window=IS
2026-08-17T22:30:19+00:00 SKIP_EXISTING [320/560] id=GDD20_20 window=OOS
2026-08-17T22:30:19+00:00 SKIP_EXISTING [320/560] id=GDD20_20 window=XM5
2026-08-17T22:30:19+00:00 SKIP_EXISTING [321/560] id=GDD28_01 window=IS
2026-08-17T22:30:19+00:00 SKIP_EXISTING [321/560] id=GDD28_01 window=OOS
2026-08-17T22:30:19+00:00 GATE_SKIP id=GDD28_01 window=XM5 reason=OOS_NOT_STRICT
2026-08-17T22:30:19+00:00 SKIP_EXISTING [322/560] id=GDD28_02 window=IS
2026-08-17T22:30:19+00:00 GATE_SKIP id=GDD28_02 window=OOS reason=IS_NOT_SURVIVOR
2026-08-17T22:30:19+00:00 GATE_SKIP id=GDD28_02 window=XM5 reason=OOS_NOT_STRICT
2026-08-17T22:30:19+00:00 SKIP_EXISTING [323/560] id=GDD28_03 window=IS
2026-08-17T22:30:19+00:00 SKIP_EXISTING [323/560] id=GDD28_03 window=OOS
2026-08-17T22:30:19+00:00 GATE_SKIP id=GDD28_03 window=XM5 reason=OOS_NOT_STRICT
2026-08-17T22:30:19+00:00 SKIP_EXISTING [324/560] id=GDD28_04 window=IS
2026-08-17T22:30:19+00:00 SKIP_EXISTING [324/560] id=GDD28_04 window=OOS
2026-08-17T22:30:19+00:00 GATE_SKIP id=GDD28_04 window=XM5 reason=OOS_NOT_STRICT
2026-08-17T22:30:19+00:00 SKIP_EXISTING [325/560] id=GDD28_05 window=IS
2026-08-17T22:30:19+00:00 SKIP_EXISTING [325/560] id=GDD28_05 window=OOS
2026-08-17T22:30:19+00:00 GATE_SKIP id=GDD28_05 window=XM5 reason=OOS_NOT_STRICT
2026-08-17T22:30:19+00:00 SKIP_EXISTING [326/560] id=GDD28_06 window=IS
2026-08-17T22:30:19+00:00 SKIP_EXISTING [326/560] id=GDD28_06 window=OOS
2026-08-17T22:30:19+00:00 GATE_SKIP id=GDD28_06 window=XM5 reason=OOS_NOT_STRICT
2026-08-17T22:30:19+00:00 SKIP_EXISTING [327/560] id=GDD28_07 window=IS
2026-08-17T22:30:19+00:00 SKIP_EXISTING [327/560] id=GDD28_07 window=OOS
2026-08-17T22:30:19+00:00 GATE_SKIP id=GDD28_07 window=XM5 reason=OOS_NOT_STRICT
2026-08-17T22:30:19+00:00 SKIP_EXISTING [328/560] id=GDD28_08 window=IS
2026-08-17T22:30:19+00:00 SKIP_EXISTING [328/560] id=GDD28_08 window=OOS
2026-08-17T22:30:19+00:00 GATE_SKIP id=GDD28_08 window=XM5 reason=OOS_NOT_STRICT
2026-08-17T22:30:19+00:00 SKIP_EXISTING [329/560] id=GDD28_09 window=IS
2026-08-17T22:30:19+00:00 GATE_SKIP id=GDD28_09 window=OOS reason=IS_NOT_SURVIVOR
2026-08-17T22:30:19+00:00 GATE_SKIP id=GDD28_09 window=XM5 reason=OOS_NOT_STRICT
2026-08-17T22:30:19+00:00 SKIP_EXISTING [330/560] id=GDD28_10 window=IS
2026-08-17T22:30:19+00:00 GATE_SKIP id=GDD28_10 window=OOS reason=IS_NOT_SURVIVOR
2026-08-17T22:30:19+00:00 GATE_SKIP id=GDD28_10 window=XM5 reason=OOS_NOT_STRICT
2026-08-17T22:30:19+00:00 SKIP_EXISTING [331/560] id=GDD28_11 window=IS
2026-08-17T22:30:19+00:00 GATE_SKIP id=GDD28_11 window=OOS reason=IS_NOT_SURVIVOR
2026-08-17T22:30:19+00:00 GATE_SKIP id=GDD28_11 window=XM5 reason=OOS_NOT_STRICT
2026-08-17T22:30:19+00:00 SKIP_EXISTING [332/560] id=GDD28_12 window=IS
2026-08-17T22:30:19+00:00 GATE_SKIP id=GDD28_12 window=OOS reason=IS_NOT_SURVIVOR
2026-08-17T22:30:19+00:00 GATE_SKIP id=GDD28_12 window=XM5 reason=OOS_NOT_STRICT
2026-08-17T22:30:19+00:00 SKIP_EXISTING [333/560] id=GDD28_13 window=IS
2026-08-17T22:30:19+00:00 GATE_SKIP id=GDD28_13 window=OOS reason=IS_NOT_SURVIVOR
2026-08-17T22:30:19+00:00 GATE_SKIP id=GDD28_13 window=XM5 reason=OOS_NOT_STRICT
2026-08-17T22:30:19+00:00 SKIP_EXISTING [334/560] id=GDD28_14 window=IS
2026-08-17T22:30:19+00:00 GATE_SKIP id=GDD28_14 window=OOS reason=IS_NOT_SURVIVOR
2026-08-17T22:30:19+00:00 GATE_SKIP id=GDD28_14 window=XM5 reason=OOS_NOT_STRICT
2026-08-17T22:30:19+00:00 SKIP_EXISTING [335/560] id=GDD28_15 window=IS
2026-08-17T22:30:19+00:00 GATE_SKIP id=GDD28_15 window=OOS reason=IS_NOT_SURVIVOR
2026-08-17T22:30:19+00:00 GATE_SKIP id=GDD28_15 window=XM5 reason=OOS_NOT_STRICT
2026-08-17T22:30:19+00:00 SKIP_EXISTING [336/560] id=GDD28_16 window=IS
2026-08-17T22:30:19+00:00 GATE_SKIP id=GDD28_16 window=OOS reason=IS_NOT_SURVIVOR
2026-08-17T22:30:19+00:00 GATE_SKIP id=GDD28_16 window=XM5 reason=OOS_NOT_STRICT
2026-08-17T22:30:19+00:00 SKIP_EXISTING [337/560] id=GDD28_17 window=IS
2026-08-17T22:30:19+00:00 GATE_SKIP id=GDD28_17 window=OOS reason=IS_NOT_SURVIVOR
2026-08-17T22:30:19+00:00 GATE_SKIP id=GDD28_17 window=XM5 reason=OOS_NOT_STRICT
2026-08-17T22:30:19+00:00 SKIP_EXISTING [338/560] id=GDD28_18 window=IS
2026-08-17T22:30:19+00:00 GATE_SKIP id=GDD28_18 window=OOS reason=IS_NOT_SURVIVOR
2026-08-17T22:30:19+00:00 GATE_SKIP id=GDD28_18 window=XM5 reason=OOS_NOT_STRICT
2026-08-17T22:30:19+00:00 SKIP_EXISTING [339/560] id=GDD28_19 window=IS
2026-08-17T22:30:19+00:00 GATE_SKIP id=GDD28_19 window=OOS reason=IS_NOT_SURVIVOR
2026-08-17T22:30:19+00:00 GATE_SKIP id=GDD28_19 window=XM5 reason=OOS_NOT_STRICT
2026-08-17T22:30:19+00:00 SKIP_EXISTING [340/560] id=GDD28_20 window=IS
2026-08-17T22:30:19+00:00 GATE_SKIP id=GDD28_20 window=OOS reason=IS_NOT_SURVIVOR
2026-08-17T22:30:19+00:00 GATE_SKIP id=GDD28_20 window=XM5 reason=OOS_NOT_STRICT
2026-08-17T22:30:19+00:00 SKIP_EXISTING [341/560] id=GDD29_01 window=IS
2026-08-17T22:30:19+00:00 GATE_SKIP id=GDD29_01 window=OOS reason=IS_NOT_SURVIVOR
2026-08-17T22:30:19+00:00 GATE_SKIP id=GDD29_01 window=XM5 reason=OOS_NOT_STRICT
2026-08-17T22:30:19+00:00 SKIP_EXISTING [342/560] id=GDD29_02 window=IS
2026-08-17T22:30:19+00:00 GATE_SKIP id=GDD29_02 window=OOS reason=IS_NOT_SURVIVOR
2026-08-17T22:30:19+00:00 GATE_SKIP id=GDD29_02 window=XM5 reason=OOS_NOT_STRICT
2026-08-17T22:30:19+00:00 SKIP_EXISTING [343/560] id=GDD29_03 window=IS
2026-08-17T22:30:19+00:00 GATE_SKIP id=GDD29_03 window=OOS reason=IS_NOT_SURVIVOR
2026-08-17T22:30:19+00:00 GATE_SKIP id=GDD29_03 window=XM5 reason=OOS_NOT_STRICT
2026-08-17T22:30:19+00:00 SKIP_EXISTING [344/560] id=GDD29_04 window=IS
2026-08-17T22:30:19+00:00 SKIP_EXISTING [344/560] id=GDD29_04 window=OOS
2026-08-17T22:30:19+00:00 GATE_SKIP id=GDD29_04 window=XM5 reason=OOS_NOT_STRICT
2026-08-17T22:30:19+00:00 SKIP_EXISTING [345/560] id=GDD29_05 window=IS
2026-08-17T22:30:19+00:00 GATE_SKIP id=GDD29_05 window=OOS reason=IS_NOT_SURVIVOR
2026-08-17T22:30:19+00:00 GATE_SKIP id=GDD29_05 window=XM5 reason=OOS_NOT_STRICT
2026-08-17T22:30:19+00:00 SKIP_EXISTING [346/560] id=GDD29_06 window=IS
2026-08-17T22:30:19+00:00 GATE_SKIP id=GDD29_06 window=OOS reason=IS_NOT_SURVIVOR
2026-08-17T22:30:19+00:00 GATE_SKIP id=GDD29_06 window=XM5 reason=OOS_NOT_STRICT
2026-08-17T22:30:19+00:00 SKIP_EXISTING [347/560] id=GDD29_07 window=IS
2026-08-17T22:30:19+00:00 GATE_SKIP id=GDD29_07 window=OOS reason=IS_NOT_SURVIVOR
2026-08-17T22:30:19+00:00 GATE_SKIP id=GDD29_07 window=XM5 reason=OOS_NOT_STRICT
2026-08-17T22:30:19+00:00 SKIP_EXISTING [348/560] id=GDD29_08 window=IS
2026-08-17T22:30:19+00:00 GATE_SKIP id=GDD29_08 window=OOS reason=IS_NOT_SURVIVOR
2026-08-17T22:30:19+00:00 GATE_SKIP id=GDD29_08 window=XM5 reason=OOS_NOT_STRICT
2026-08-17T22:30:19+00:00 SKIP_EXISTING [349/560] id=GDD29_09 window=IS
2026-08-17T22:30:19+00:00 GATE_SKIP id=GDD29_09 window=OOS reason=IS_NOT_SURVIVOR
2026-08-17T22:30:19+00:00 GATE_SKIP id=GDD29_09 window=XM5 reason=OOS_NOT_STRICT
2026-08-17T22:30:19+00:00 SKIP_EXISTING [350/560] id=GDD29_10 window=IS
2026-08-17T22:30:19+00:00 SKIP_EXISTING [350/560] id=GDD29_10 window=OOS
2026-08-17T22:30:19+00:00 GATE_SKIP id=GDD29_10 window=XM5 reason=OOS_NOT_STRICT
2026-08-17T22:30:19+00:00 SKIP_EXISTING [351/560] id=GDD29_11 window=IS
2026-08-17T22:30:19+00:00 GATE_SKIP id=GDD29_11 window=OOS reason=IS_NOT_SURVIVOR
2026-08-17T22:30:19+00:00 GATE_SKIP id=GDD29_11 window=XM5 reason=OOS_NOT_STRICT
2026-08-17T22:30:19+00:00 SKIP_EXISTING [352/560] id=GDD29_12 window=IS
2026-08-17T22:30:19+00:00 GATE_SKIP id=GDD29_12 window=OOS reason=IS_NOT_SURVIVOR
2026-08-17T22:30:19+00:00 GATE_SKIP id=GDD29_12 window=XM5 reason=OOS_NOT_STRICT
2026-08-17T22:30:19+00:00 SKIP_EXISTING [353/560] id=GDD29_13 window=IS
2026-08-17T22:30:19+00:00 GATE_SKIP id=GDD29_13 window=OOS reason=IS_NOT_SURVIVOR
2026-08-17T22:30:19+00:00 GATE_SKIP id=GDD29_13 window=XM5 reason=OOS_NOT_STRICT
2026-08-17T22:30:19+00:00 SKIP_EXISTING [354/560] id=GDD29_14 window=IS
2026-08-17T22:30:19+00:00 GATE_SKIP id=GDD29_14 window=OOS reason=IS_NOT_SURVIVOR
2026-08-17T22:30:19+00:00 GATE_SKIP id=GDD29_14 window=XM5 reason=OOS_NOT_STRICT
2026-08-17T22:30:19+00:00 SKIP_EXISTING [355/560] id=GDD29_15 window=IS
2026-08-17T22:30:19+00:00 GATE_SKIP id=GDD29_15 window=OOS reason=IS_NOT_SURVIVOR
2026-08-17T22:30:19+00:00 GATE_SKIP id=GDD29_15 window=XM5 reason=OOS_NOT_STRICT
2026-08-17T22:30:19+00:00 SKIP_EXISTING [356/560] id=GDD29_16 window=IS
2026-08-17T22:30:19+00:00 GATE_SKIP id=GDD29_16 window=OOS reason=IS_NOT_SURVIVOR
2026-08-17T22:30:19+00:00 GATE_SKIP id=GDD29_16 window=XM5 reason=OOS_NOT_STRICT
2026-08-17T22:30:20+00:00 SKIP_EXISTING [357/560] id=GDD29_17 window=IS
2026-08-17T22:30:20+00:00 GATE_SKIP id=GDD29_17 window=OOS reason=IS_NOT_SURVIVOR
2026-08-17T22:30:20+00:00 GATE_SKIP id=GDD29_17 window=XM5 reason=OOS_NOT_STRICT
2026-08-17T22:30:20+00:00 SKIP_EXISTING [358/560] id=GDD29_18 window=IS
2026-08-17T22:30:20+00:00 GATE_SKIP id=GDD29_18 window=OOS reason=IS_NOT_SURVIVOR
2026-08-17T22:30:20+00:00 GATE_SKIP id=GDD29_18 window=XM5 reason=OOS_NOT_STRICT
2026-08-17T22:30:20+00:00 SKIP_EXISTING [359/560] id=GDD29_19 window=IS
2026-08-17T22:30:20+00:00 GATE_SKIP id=GDD29_19 window=OOS reason=IS_NOT_SURVIVOR
2026-08-17T22:30:20+00:00 GATE_SKIP id=GDD29_19 window=XM5 reason=OOS_NOT_STRICT
2026-08-17T22:30:20+00:00 SKIP_EXISTING [360/560] id=GDD29_20 window=IS
2026-08-17T22:30:20+00:00 GATE_SKIP id=GDD29_20 window=OOS reason=IS_NOT_SURVIVOR
2026-08-17T22:30:20+00:00 GATE_SKIP id=GDD29_20 window=XM5 reason=OOS_NOT_STRICT
2026-08-17T22:30:20+00:00 SKIP_EXISTING [361/560] id=GDD32_01 window=IS
2026-08-17T22:30:20+00:00 SKIP_EXISTING [361/560] id=GDD32_01 window=OOS
2026-08-17T22:30:20+00:00 GATE_SKIP id=GDD32_01 window=XM5 reason=OOS_NOT_STRICT
2026-08-17T22:30:20+00:00 SKIP_EXISTING [362/560] id=GDD32_02 window=IS
2026-08-17T22:30:20+00:00 SKIP_EXISTING [362/560] id=GDD32_02 window=OOS
2026-08-17T22:30:20+00:00 GATE_SKIP id=GDD32_02 window=XM5 reason=OOS_NOT_STRICT
2026-08-17T22:30:20+00:00 SKIP_EXISTING [363/560] id=GDD32_03 window=IS
2026-08-17T22:30:20+00:00 SKIP_EXISTING [363/560] id=GDD32_03 window=OOS
2026-08-17T22:30:20+00:00 GATE_SKIP id=GDD32_03 window=XM5 reason=OOS_NOT_STRICT
2026-08-17T22:30:20+00:00 SKIP_EXISTING [364/560] id=GDD32_04 window=IS
2026-08-17T22:30:20+00:00 SKIP_EXISTING [364/560] id=GDD32_04 window=OOS
2026-08-17T22:30:20+00:00 GATE_SKIP id=GDD32_04 window=XM5 reason=OOS_NOT_STRICT
2026-08-17T22:30:20+00:00 SKIP_EXISTING [365/560] id=GDD32_05 window=IS
2026-08-17T22:30:20+00:00 SKIP_EXISTING [365/560] id=GDD32_05 window=OOS
2026-08-17T22:30:20+00:00 GATE_SKIP id=GDD32_05 window=XM5 reason=OOS_NOT_STRICT
2026-08-17T22:30:20+00:00 SKIP_EXISTING [366/560] id=GDD32_06 window=IS
2026-08-17T22:30:20+00:00 SKIP_EXISTING [366/560] id=GDD32_06 window=OOS
2026-08-17T22:30:20+00:00 GATE_SKIP id=GDD32_06 window=XM5 reason=OOS_NOT_STRICT
2026-08-17T22:30:20+00:00 SKIP_EXISTING [367/560] id=GDD32_07 window=IS
2026-08-17T22:30:20+00:00 SKIP_EXISTING [367/560] id=GDD32_07 window=OOS
2026-08-17T22:30:20+00:00 GATE_SKIP id=GDD32_07 window=XM5 reason=OOS_NOT_STRICT
2026-08-17T22:30:20+00:00 SKIP_EXISTING [368/560] id=GDD32_08 window=IS
2026-08-17T22:30:20+00:00 SKIP_EXISTING [368/560] id=GDD32_08 window=OOS
2026-08-17T22:30:20+00:00 GATE_SKIP id=GDD32_08 window=XM5 reason=OOS_NOT_STRICT
2026-08-17T22:30:20+00:00 SKIP_EXISTING [369/560] id=GDD32_09 window=IS
2026-08-17T22:30:20+00:00 SKIP_EXISTING [369/560] id=GDD32_09 window=OOS
2026-08-17T22:30:20+00:00 GATE_SKIP id=GDD32_09 window=XM5 reason=OOS_NOT_STRICT
2026-08-17T22:30:20+00:00 SKIP_EXISTING [370/560] id=GDD32_10 window=IS
2026-08-17T22:30:20+00:00 GATE_SKIP id=GDD32_10 window=OOS reason=IS_NOT_SURVIVOR
2026-08-17T22:30:20+00:00 GATE_SKIP id=GDD32_10 window=XM5 reason=OOS_NOT_STRICT
2026-08-17T22:30:20+00:00 SKIP_EXISTING [371/560] id=GDD32_11 window=IS
2026-08-17T22:30:20+00:00 GATE_SKIP id=GDD32_11 window=OOS reason=IS_NOT_SURVIVOR
2026-08-17T22:30:20+00:00 GATE_SKIP id=GDD32_11 window=XM5 reason=OOS_NOT_STRICT
2026-08-17T22:30:20+00:00 SKIP_EXISTING [372/560] id=GDD32_12 window=IS
2026-08-17T22:30:20+00:00 GATE_SKIP id=GDD32_12 window=OOS reason=IS_NOT_SURVIVOR
2026-08-17T22:30:20+00:00 GATE_SKIP id=GDD32_12 window=XM5 reason=OOS_NOT_STRICT
2026-08-17T22:30:20+00:00 SKIP_EXISTING [373/560] id=GDD32_13 window=IS
2026-08-17T22:30:20+00:00 SKIP_EXISTING [373/560] id=GDD32_13 window=OOS
2026-08-17T22:30:20+00:00 GATE_SKIP id=GDD32_13 window=XM5 reason=OOS_NOT_STRICT
2026-08-17T22:30:20+00:00 SKIP_EXISTING [374/560] id=GDD32_14 window=IS
2026-08-17T22:30:20+00:00 SKIP_EXISTING [374/560] id=GDD32_14 window=OOS
2026-08-17T22:30:20+00:00 GATE_SKIP id=GDD32_14 window=XM5 reason=OOS_NOT_STRICT
2026-08-17T22:30:20+00:00 SKIP_EXISTING [375/560] id=GDD32_15 window=IS
2026-08-17T22:30:20+00:00 SKIP_EXISTING [375/560] id=GDD32_15 window=OOS
2026-08-17T22:30:20+00:00 GATE_SKIP id=GDD32_15 window=XM5 reason=OOS_NOT_STRICT
2026-08-17T22:30:20+00:00 SKIP_EXISTING [376/560] id=GDD32_16 window=IS
2026-08-17T22:30:20+00:00 SKIP_EXISTING [376/560] id=GDD32_16 window=OOS
2026-08-17T22:30:20+00:00 GATE_SKIP id=GDD32_16 window=XM5 reason=OOS_NOT_STRICT
2026-08-17T22:30:20+00:00 SKIP_EXISTING [377/560] id=GDD32_17 window=IS
2026-08-17T22:30:20+00:00 SKIP_EXISTING [377/560] id=GDD32_17 window=OOS
2026-08-17T22:30:20+00:00 GATE_SKIP id=GDD32_17 window=XM5 reason=OOS_NOT_STRICT
2026-08-17T22:30:20+00:00 SKIP_EXISTING [378/560] id=GDD32_18 window=IS
2026-08-17T22:30:20+00:00 SKIP_EXISTING [378/560] id=GDD32_18 window=OOS
2026-08-17T22:30:20+00:00 GATE_SKIP id=GDD32_18 window=XM5 reason=OOS_NOT_STRICT
2026-08-17T22:30:20+00:00 SKIP_EXISTING [379/560] id=GDD32_19 window=IS
2026-08-17T22:30:20+00:00 GATE_SKIP id=GDD32_19 window=OOS reason=IS_NOT_SURVIVOR
2026-08-17T22:30:20+00:00 GATE_SKIP id=GDD32_19 window=XM5 reason=OOS_NOT_STRICT
2026-08-17T22:30:20+00:00 SKIP_EXISTING [380/560] id=GDD32_20 window=IS
2026-08-17T22:30:20+00:00 GATE_SKIP id=GDD32_20 window=OOS reason=IS_NOT_SURVIVOR
2026-08-17T22:30:20+00:00 GATE_SKIP id=GDD32_20 window=XM5 reason=OOS_NOT_STRICT
2026-08-17T22:30:20+00:00 SKIP_EXISTING [381/560] id=GDD33_01 window=IS
2026-08-17T22:30:20+00:00 GATE_SKIP id=GDD33_01 window=OOS reason=IS_NOT_SURVIVOR
2026-08-17T22:30:20+00:00 GATE_SKIP id=GDD33_01 window=XM5 reason=OOS_NOT_STRICT
2026-08-17T22:30:20+00:00 SKIP_EXISTING [382/560] id=GDD33_02 window=IS
2026-08-17T22:30:20+00:00 GATE_SKIP id=GDD33_02 window=OOS reason=IS_NOT_SURVIVOR
2026-08-17T22:30:20+00:00 GATE_SKIP id=GDD33_02 window=XM5 reason=OOS_NOT_STRICT
2026-08-17T22:30:20+00:00 SKIP_EXISTING [383/560] id=GDD33_03 window=IS
2026-08-17T22:30:20+00:00 GATE_SKIP id=GDD33_03 window=OOS reason=IS_NOT_SURVIVOR
2026-08-17T22:30:20+00:00 GATE_SKIP id=GDD33_03 window=XM5 reason=OOS_NOT_STRICT
2026-08-17T22:30:20+00:00 SKIP_EXISTING [384/560] id=GDD33_04 window=IS
2026-08-17T22:30:20+00:00 GATE_SKIP id=GDD33_04 window=OOS reason=IS_NOT_SURVIVOR
2026-08-17T22:30:20+00:00 GATE_SKIP id=GDD33_04 window=XM5 reason=OOS_NOT_STRICT
2026-08-17T22:30:20+00:00 SKIP_EXISTING [385/560] id=GDD33_05 window=IS
2026-08-17T22:30:20+00:00 GATE_SKIP id=GDD33_05 window=OOS reason=IS_NOT_SURVIVOR
2026-08-17T22:30:20+00:00 GATE_SKIP id=GDD33_05 window=XM5 reason=OOS_NOT_STRICT
2026-08-17T22:30:20+00:00 SKIP_EXISTING [386/560] id=GDD33_06 window=IS
2026-08-17T22:30:20+00:00 GATE_SKIP id=GDD33_06 window=OOS reason=IS_NOT_SURVIVOR
2026-08-17T22:30:20+00:00 GATE_SKIP id=GDD33_06 window=XM5 reason=OOS_NOT_STRICT
2026-08-17T22:30:20+00:00 SKIP_EXISTING [387/560] id=GDD33_07 window=IS
2026-08-17T22:30:20+00:00 GATE_SKIP id=GDD33_07 window=OOS reason=IS_NOT_SURVIVOR
2026-08-17T22:30:20+00:00 GATE_SKIP id=GDD33_07 window=XM5 reason=OOS_NOT_STRICT
2026-08-17T22:30:20+00:00 SKIP_EXISTING [388/560] id=GDD33_08 window=IS
2026-08-17T22:30:20+00:00 GATE_SKIP id=GDD33_08 window=OOS reason=IS_NOT_SURVIVOR
2026-08-17T22:30:20+00:00 GATE_SKIP id=GDD33_08 window=XM5 reason=OOS_NOT_STRICT
2026-08-17T22:30:20+00:00 SKIP_EXISTING [389/560] id=GDD33_09 window=IS
2026-08-17T22:30:20+00:00 GATE_SKIP id=GDD33_09 window=OOS reason=IS_NOT_SURVIVOR
2026-08-17T22:30:20+00:00 GATE_SKIP id=GDD33_09 window=XM5 reason=OOS_NOT_STRICT
2026-08-17T22:30:20+00:00 SKIP_EXISTING [390/560] id=GDD33_10 window=IS
2026-08-17T22:30:20+00:00 GATE_SKIP id=GDD33_10 window=OOS reason=IS_NOT_SURVIVOR
2026-08-17T22:30:20+00:00 GATE_SKIP id=GDD33_10 window=XM5 reason=OOS_NOT_STRICT
2026-08-17T22:30:20+00:00 SKIP_EXISTING [391/560] id=GDD33_11 window=IS
2026-08-17T22:30:20+00:00 GATE_SKIP id=GDD33_11 window=OOS reason=IS_NOT_SURVIVOR
2026-08-17T22:30:20+00:00 GATE_SKIP id=GDD33_11 window=XM5 reason=OOS_NOT_STRICT
2026-08-17T22:30:20+00:00 SKIP_EXISTING [392/560] id=GDD33_12 window=IS
2026-08-17T22:30:20+00:00 GATE_SKIP id=GDD33_12 window=OOS reason=IS_NOT_SURVIVOR
2026-08-17T22:30:20+00:00 GATE_SKIP id=GDD33_12 window=XM5 reason=OOS_NOT_STRICT
2026-08-17T22:30:20+00:00 SKIP_EXISTING [393/560] id=GDD33_13 window=IS
2026-08-17T22:30:20+00:00 GATE_SKIP id=GDD33_13 window=OOS reason=IS_NOT_SURVIVOR
2026-08-17T22:30:20+00:00 GATE_SKIP id=GDD33_13 window=XM5 reason=OOS_NOT_STRICT
2026-08-17T22:30:20+00:00 SKIP_EXISTING [394/560] id=GDD33_14 window=IS
2026-08-17T22:30:20+00:00 GATE_SKIP id=GDD33_14 window=OOS reason=IS_NOT_SURVIVOR
2026-08-17T22:30:20+00:00 GATE_SKIP id=GDD33_14 window=XM5 reason=OOS_NOT_STRICT
2026-08-17T22:30:20+00:00 SKIP_EXISTING [395/560] id=GDD33_15 window=IS
2026-08-17T22:30:20+00:00 GATE_SKIP id=GDD33_15 window=OOS reason=IS_NOT_SURVIVOR
2026-08-17T22:30:20+00:00 GATE_SKIP id=GDD33_15 window=XM5 reason=OOS_NOT_STRICT
2026-08-17T22:30:20+00:00 SKIP_EXISTING [396/560] id=GDD33_16 window=IS
2026-08-17T22:30:20+00:00 GATE_SKIP id=GDD33_16 window=OOS reason=IS_NOT_SURVIVOR
2026-08-17T22:30:20+00:00 GATE_SKIP id=GDD33_16 window=XM5 reason=OOS_NOT_STRICT
2026-08-17T22:30:20+00:00 SKIP_EXISTING [397/560] id=GDD33_17 window=IS
2026-08-17T22:30:20+00:00 GATE_SKIP id=GDD33_17 window=OOS reason=IS_NOT_SURVIVOR
2026-08-17T22:30:20+00:00 GATE_SKIP id=GDD33_17 window=XM5 reason=OOS_NOT_STRICT
2026-08-17T22:30:20+00:00 SKIP_EXISTING [398/560] id=GDD33_18 window=IS
2026-08-17T22:30:20+00:00 GATE_SKIP id=GDD33_18 window=OOS reason=IS_NOT_SURVIVOR
2026-08-17T22:30:20+00:00 GATE_SKIP id=GDD33_18 window=XM5 reason=OOS_NOT_STRICT
2026-08-17T22:30:20+00:00 SKIP_EXISTING [399/560] id=GDD33_19 window=IS
2026-08-17T22:30:20+00:00 SKIP_EXISTING [399/560] id=GDD33_19 window=OOS
2026-08-17T22:30:20+00:00 GATE_SKIP id=GDD33_19 window=XM5 reason=OOS_NOT_STRICT
2026-08-17T22:30:20+00:00 SKIP_EXISTING [400/560] id=GDD33_20 window=IS
2026-08-17T22:30:20+00:00 GATE_SKIP id=GDD33_20 window=OOS reason=IS_NOT_SURVIVOR
2026-08-17T22:30:20+00:00 GATE_SKIP id=GDD33_20 window=XM5 reason=OOS_NOT_STRICT
2026-08-17T22:30:20+00:00 SKIP_EXISTING [401/560] id=GDD35_01 window=IS
2026-08-17T22:30:20+00:00 SKIP_EXISTING [401/560] id=GDD35_01 window=OOS
2026-08-17T22:30:20+00:00 GATE_SKIP id=GDD35_01 window=XM5 reason=OOS_NOT_STRICT
2026-08-17T22:30:20+00:00 SKIP_EXISTING [402/560] id=GDD35_02 window=IS
2026-08-17T22:30:20+00:00 SKIP_EXISTING [402/560] id=GDD35_02 window=OOS
2026-08-17T22:30:20+00:00 GATE_SKIP id=GDD35_02 window=XM5 reason=OOS_NOT_STRICT
2026-08-17T22:30:20+00:00 SKIP_EXISTING [403/560] id=GDD35_03 window=IS
2026-08-17T22:30:20+00:00 SKIP_EXISTING [403/560] id=GDD35_03 window=OOS
2026-08-17T22:30:20+00:00 SKIP_EXISTING [403/560] id=GDD35_03 window=XM5
2026-08-17T22:30:20+00:00 SKIP_EXISTING [404/560] id=GDD35_04 window=IS
2026-08-17T22:30:20+00:00 SKIP_EXISTING [404/560] id=GDD35_04 window=OOS
2026-08-17T22:30:20+00:00 SKIP_EXISTING [404/560] id=GDD35_04 window=XM5
2026-08-17T22:30:20+00:00 SKIP_EXISTING [405/560] id=GDD35_05 window=IS
2026-08-17T22:30:20+00:00 SKIP_EXISTING [405/560] id=GDD35_05 window=OOS
2026-08-17T22:30:20+00:00 RUN_START id=GDD35_05 family=portfolio_loss_cooldown window=XM5 run=gdd2p_xm5_gdd35_05_20260818073020_cecf33
2026-08-17T22:38:25+00:00 RUN_END id=GDD35_05 window=XM5 status=OK decision=XM5_MEASURED elapsed=485.556s
2026-08-17T22:38:25+00:00 SKIP_EXISTING [406/560] id=GDD35_06 window=IS
2026-08-17T22:38:25+00:00 SKIP_EXISTING [406/560] id=GDD35_06 window=OOS
2026-08-17T22:38:25+00:00 RUN_START id=GDD35_06 family=portfolio_loss_cooldown window=XM5 run=gdd2p_xm5_gdd35_06_20260818073825_1c6bc4
2026-08-17T22:38:26+00:00 WAIT_MT5 elapsed=1s processes=metatester64.exe
2026-08-17T22:39:28+00:00 WAIT_MT5 elapsed=62s processes=metatester64.exe
2026-08-17T22:40:29+00:00 WAIT_MT5 elapsed=124s processes=metatester64.exe
2026-08-17T22:41:31+00:00 WAIT_MT5 elapsed=186s processes=metatester64.exe
2026-08-17T22:42:33+00:00 WAIT_MT5 elapsed=248s processes=metatester64.exe
2026-08-17T22:43:35+00:00 KILL_ORPHAN_TESTER elapsed=310s
2026-08-17T22:44:00+00:00 DRIVER_START pid=38688 stage=all targets=6
2026-08-17T22:44:00+00:00 SKIP_EXISTING [1/6] id=GDD35_06 window=IS
2026-08-17T22:44:00+00:00 SKIP_EXISTING [1/6] id=GDD35_06 window=OOS
2026-08-17T22:44:00+00:00 RUN_START id=GDD35_06 family=portfolio_loss_cooldown window=XM5 run=gdd2p_xm5_gdd35_06_20260818074400_180c46
2026-08-17T22:44:01+00:00 WAIT_MT5 elapsed=0s processes=terminal64.exe
2026-08-17T22:44:41+00:00 RUN_END id=GDD35_06 window=XM5 status=FAILED decision=RUN_FAILED elapsed=375.389s
2026-08-17T22:44:41+00:00 SKIP_EXISTING [407/560] id=GDD35_07 window=IS
2026-08-17T22:44:41+00:00 SKIP_EXISTING [407/560] id=GDD35_07 window=OOS
2026-08-17T22:44:41+00:00 SKIP_EXISTING [407/560] id=GDD35_07 window=XM5
2026-08-17T22:44:41+00:00 SKIP_EXISTING [408/560] id=GDD35_08 window=IS
2026-08-17T22:44:41+00:00 SKIP_EXISTING [408/560] id=GDD35_08 window=OOS
2026-08-17T22:44:41+00:00 SKIP_EXISTING [408/560] id=GDD35_08 window=XM5
2026-08-17T22:44:41+00:00 SKIP_EXISTING [409/560] id=GDD35_09 window=IS
2026-08-17T22:44:41+00:00 GATE_SKIP id=GDD35_09 window=OOS reason=IS_NOT_SURVIVOR
2026-08-17T22:44:41+00:00 GATE_SKIP id=GDD35_09 window=XM5 reason=OOS_NOT_STRICT
2026-08-17T22:44:41+00:00 SKIP_EXISTING [410/560] id=GDD35_10 window=IS
2026-08-17T22:44:41+00:00 GATE_SKIP id=GDD35_10 window=OOS reason=IS_NOT_SURVIVOR
2026-08-17T22:44:41+00:00 GATE_SKIP id=GDD35_10 window=XM5 reason=OOS_NOT_STRICT
2026-08-17T22:44:41+00:00 SKIP_EXISTING [411/560] id=GDD35_11 window=IS
2026-08-17T22:44:41+00:00 GATE_SKIP id=GDD35_11 window=OOS reason=IS_NOT_SURVIVOR
2026-08-17T22:44:41+00:00 GATE_SKIP id=GDD35_11 window=XM5 reason=OOS_NOT_STRICT
2026-08-17T22:44:41+00:00 SKIP_EXISTING [412/560] id=GDD35_12 window=IS
2026-08-17T22:44:41+00:00 GATE_SKIP id=GDD35_12 window=OOS reason=IS_NOT_SURVIVOR
2026-08-17T22:44:41+00:00 GATE_SKIP id=GDD35_12 window=XM5 reason=OOS_NOT_STRICT
2026-08-17T22:44:41+00:00 SKIP_EXISTING [413/560] id=GDD35_13 window=IS
2026-08-17T22:44:41+00:00 SKIP_EXISTING [413/560] id=GDD35_13 window=OOS
2026-08-17T22:44:41+00:00 GATE_SKIP id=GDD35_13 window=XM5 reason=OOS_NOT_STRICT
2026-08-17T22:44:41+00:00 SKIP_EXISTING [414/560] id=GDD35_14 window=IS
2026-08-17T22:44:41+00:00 SKIP_EXISTING [414/560] id=GDD35_14 window=OOS
2026-08-17T22:44:41+00:00 GATE_SKIP id=GDD35_14 window=XM5 reason=OOS_NOT_STRICT
2026-08-17T22:44:41+00:00 SKIP_EXISTING [415/560] id=GDD35_15 window=IS
2026-08-17T22:44:41+00:00 SKIP_EXISTING [415/560] id=GDD35_15 window=OOS
2026-08-17T22:44:41+00:00 GATE_SKIP id=GDD35_15 window=XM5 reason=OOS_NOT_STRICT
2026-08-17T22:44:41+00:00 SKIP_EXISTING [416/560] id=GDD35_16 window=IS
2026-08-17T22:44:41+00:00 SKIP_EXISTING [416/560] id=GDD35_16 window=OOS
2026-08-17T22:44:41+00:00 GATE_SKIP id=GDD35_16 window=XM5 reason=OOS_NOT_STRICT
2026-08-17T22:44:41+00:00 SKIP_EXISTING [417/560] id=GDD35_17 window=IS
2026-08-17T22:44:41+00:00 GATE_SKIP id=GDD35_17 window=OOS reason=IS_NOT_SURVIVOR
2026-08-17T22:44:41+00:00 GATE_SKIP id=GDD35_17 window=XM5 reason=OOS_NOT_STRICT
2026-08-17T22:44:41+00:00 SKIP_EXISTING [418/560] id=GDD35_18 window=IS
2026-08-17T22:44:41+00:00 GATE_SKIP id=GDD35_18 window=OOS reason=IS_NOT_SURVIVOR
2026-08-17T22:44:41+00:00 GATE_SKIP id=GDD35_18 window=XM5 reason=OOS_NOT_STRICT
2026-08-17T22:44:41+00:00 SKIP_EXISTING [419/560] id=GDD35_19 window=IS
2026-08-17T22:44:41+00:00 GATE_SKIP id=GDD35_19 window=OOS reason=IS_NOT_SURVIVOR
2026-08-17T22:44:41+00:00 GATE_SKIP id=GDD35_19 window=XM5 reason=OOS_NOT_STRICT
2026-08-17T22:44:41+00:00 SKIP_EXISTING [420/560] id=GDD35_20 window=IS
2026-08-17T22:44:41+00:00 SKIP_EXISTING [420/560] id=GDD35_20 window=OOS
2026-08-17T22:44:41+00:00 GATE_SKIP id=GDD35_20 window=XM5 reason=OOS_NOT_STRICT
2026-08-17T22:44:41+00:00 SKIP_EXISTING [421/560] id=GDD36_01 window=IS
2026-08-17T22:44:41+00:00 GATE_SKIP id=GDD36_01 window=OOS reason=IS_NOT_SURVIVOR
2026-08-17T22:44:41+00:00 GATE_SKIP id=GDD36_01 window=XM5 reason=OOS_NOT_STRICT
2026-08-17T22:44:41+00:00 SKIP_EXISTING [422/560] id=GDD36_02 window=IS
2026-08-17T22:44:41+00:00 GATE_SKIP id=GDD36_02 window=OOS reason=IS_NOT_SURVIVOR
2026-08-17T22:44:41+00:00 GATE_SKIP id=GDD36_02 window=XM5 reason=OOS_NOT_STRICT
2026-08-17T22:44:41+00:00 SKIP_EXISTING [423/560] id=GDD36_03 window=IS
2026-08-17T22:44:41+00:00 GATE_SKIP id=GDD36_03 window=OOS reason=IS_NOT_SURVIVOR
2026-08-17T22:44:41+00:00 GATE_SKIP id=GDD36_03 window=XM5 reason=OOS_NOT_STRICT
2026-08-17T22:44:41+00:00 SKIP_EXISTING [424/560] id=GDD36_04 window=IS
2026-08-17T22:44:41+00:00 GATE_SKIP id=GDD36_04 window=OOS reason=IS_NOT_SURVIVOR
2026-08-17T22:44:41+00:00 GATE_SKIP id=GDD36_04 window=XM5 reason=OOS_NOT_STRICT
2026-08-17T22:44:41+00:00 SKIP_EXISTING [425/560] id=GDD36_05 window=IS
2026-08-17T22:44:41+00:00 GATE_SKIP id=GDD36_05 window=OOS reason=IS_NOT_SURVIVOR
2026-08-17T22:44:41+00:00 GATE_SKIP id=GDD36_05 window=XM5 reason=OOS_NOT_STRICT
2026-08-17T22:44:41+00:00 SKIP_EXISTING [426/560] id=GDD36_06 window=IS
2026-08-17T22:44:41+00:00 GATE_SKIP id=GDD36_06 window=OOS reason=IS_NOT_SURVIVOR
2026-08-17T22:44:41+00:00 GATE_SKIP id=GDD36_06 window=XM5 reason=OOS_NOT_STRICT
2026-08-17T22:44:41+00:00 SKIP_EXISTING [427/560] id=GDD36_07 window=IS
2026-08-17T22:44:41+00:00 SKIP_EXISTING [427/560] id=GDD36_07 window=OOS
2026-08-17T22:44:41+00:00 SKIP_EXISTING [427/560] id=GDD36_07 window=XM5
2026-08-17T22:44:41+00:00 SKIP_EXISTING [428/560] id=GDD36_08 window=IS
2026-08-17T22:44:41+00:00 SKIP_EXISTING [428/560] id=GDD36_08 window=OOS
2026-08-17T22:44:41+00:00 GATE_SKIP id=GDD36_08 window=XM5 reason=OOS_NOT_STRICT
2026-08-17T22:44:41+00:00 SKIP_EXISTING [429/560] id=GDD36_09 window=IS
2026-08-17T22:44:41+00:00 GATE_SKIP id=GDD36_09 window=OOS reason=IS_NOT_SURVIVOR
2026-08-17T22:44:41+00:00 GATE_SKIP id=GDD36_09 window=XM5 reason=OOS_NOT_STRICT
2026-08-17T22:44:41+00:00 SKIP_EXISTING [430/560] id=GDD36_10 window=IS
2026-08-17T22:44:41+00:00 GATE_SKIP id=GDD36_10 window=OOS reason=IS_NOT_SURVIVOR
2026-08-17T22:44:41+00:00 GATE_SKIP id=GDD36_10 window=XM5 reason=OOS_NOT_STRICT
2026-08-17T22:44:41+00:00 SKIP_EXISTING [431/560] id=GDD36_11 window=IS
2026-08-17T22:44:41+00:00 GATE_SKIP id=GDD36_11 window=OOS reason=IS_NOT_SURVIVOR
2026-08-17T22:44:41+00:00 GATE_SKIP id=GDD36_11 window=XM5 reason=OOS_NOT_STRICT
2026-08-17T22:44:41+00:00 SKIP_EXISTING [432/560] id=GDD36_12 window=IS
2026-08-17T22:44:41+00:00 GATE_SKIP id=GDD36_12 window=OOS reason=IS_NOT_SURVIVOR
2026-08-17T22:44:41+00:00 GATE_SKIP id=GDD36_12 window=XM5 reason=OOS_NOT_STRICT
2026-08-17T22:44:41+00:00 SKIP_EXISTING [433/560] id=GDD36_13 window=IS
2026-08-17T22:44:41+00:00 SKIP_EXISTING [433/560] id=GDD36_13 window=OOS
2026-08-17T22:44:41+00:00 GATE_SKIP id=GDD36_13 window=XM5 reason=OOS_NOT_STRICT
2026-08-17T22:44:41+00:00 SKIP_EXISTING [434/560] id=GDD36_14 window=IS
2026-08-17T22:44:41+00:00 SKIP_EXISTING [434/560] id=GDD36_14 window=OOS
2026-08-17T22:44:41+00:00 GATE_SKIP id=GDD36_14 window=XM5 reason=OOS_NOT_STRICT
2026-08-17T22:44:41+00:00 SKIP_EXISTING [435/560] id=GDD36_15 window=IS
2026-08-17T22:44:41+00:00 SKIP_EXISTING [435/560] id=GDD36_15 window=OOS
2026-08-17T22:44:41+00:00 GATE_SKIP id=GDD36_15 window=XM5 reason=OOS_NOT_STRICT
2026-08-17T22:44:41+00:00 SKIP_EXISTING [436/560] id=GDD36_16 window=IS
2026-08-17T22:44:41+00:00 SKIP_EXISTING [436/560] id=GDD36_16 window=OOS
2026-08-17T22:44:41+00:00 GATE_SKIP id=GDD36_16 window=XM5 reason=OOS_NOT_STRICT
2026-08-17T22:44:41+00:00 SKIP_EXISTING [437/560] id=GDD36_17 window=IS
2026-08-17T22:44:41+00:00 SKIP_EXISTING [437/560] id=GDD36_17 window=OOS
2026-08-17T22:44:41+00:00 GATE_SKIP id=GDD36_17 window=XM5 reason=OOS_NOT_STRICT
2026-08-17T22:44:41+00:00 SKIP_EXISTING [438/560] id=GDD36_18 window=IS
2026-08-17T22:44:41+00:00 SKIP_EXISTING [438/560] id=GDD36_18 window=OOS
2026-08-17T22:44:41+00:00 GATE_SKIP id=GDD36_18 window=XM5 reason=OOS_NOT_STRICT
2026-08-17T22:44:41+00:00 SKIP_EXISTING [439/560] id=GDD36_19 window=IS
2026-08-17T22:44:41+00:00 SKIP_EXISTING [439/560] id=GDD36_19 window=OOS
2026-08-17T22:44:41+00:00 GATE_SKIP id=GDD36_19 window=XM5 reason=OOS_NOT_STRICT
2026-08-17T22:44:41+00:00 SKIP_EXISTING [440/560] id=GDD36_20 window=IS
2026-08-17T22:44:41+00:00 SKIP_EXISTING [440/560] id=GDD36_20 window=OOS
2026-08-17T22:44:41+00:00 GATE_SKIP id=GDD36_20 window=XM5 reason=OOS_NOT_STRICT
2026-08-17T22:44:41+00:00 SKIP_EXISTING [441/560] id=GDD37_01 window=IS
2026-08-17T22:44:41+00:00 SKIP_EXISTING [441/560] id=GDD37_01 window=OOS
2026-08-17T22:44:41+00:00 SKIP_EXISTING [441/560] id=GDD37_01 window=XM5
2026-08-17T22:44:41+00:00 SKIP_EXISTING [442/560] id=GDD37_02 window=IS
2026-08-17T22:44:41+00:00 SKIP_EXISTING [442/560] id=GDD37_02 window=OOS
2026-08-17T22:44:41+00:00 GATE_SKIP id=GDD37_02 window=XM5 reason=OOS_NOT_STRICT
2026-08-17T22:44:41+00:00 SKIP_EXISTING [443/560] id=GDD37_03 window=IS
2026-08-17T22:44:41+00:00 GATE_SKIP id=GDD37_03 window=OOS reason=IS_NOT_SURVIVOR
2026-08-17T22:44:41+00:00 GATE_SKIP id=GDD37_03 window=XM5 reason=OOS_NOT_STRICT
2026-08-17T22:44:41+00:00 SKIP_EXISTING [444/560] id=GDD37_04 window=IS
2026-08-17T22:44:41+00:00 GATE_SKIP id=GDD37_04 window=OOS reason=IS_NOT_SURVIVOR
2026-08-17T22:44:41+00:00 GATE_SKIP id=GDD37_04 window=XM5 reason=OOS_NOT_STRICT
2026-08-17T22:44:41+00:00 SKIP_EXISTING [445/560] id=GDD37_05 window=IS
2026-08-17T22:44:41+00:00 GATE_SKIP id=GDD37_05 window=OOS reason=IS_NOT_SURVIVOR
2026-08-17T22:44:41+00:00 GATE_SKIP id=GDD37_05 window=XM5 reason=OOS_NOT_STRICT
2026-08-17T22:44:41+00:00 SKIP_EXISTING [446/560] id=GDD37_06 window=IS
2026-08-17T22:44:41+00:00 GATE_SKIP id=GDD37_06 window=OOS reason=IS_NOT_SURVIVOR
2026-08-17T22:44:41+00:00 GATE_SKIP id=GDD37_06 window=XM5 reason=OOS_NOT_STRICT
2026-08-17T22:44:41+00:00 SKIP_EXISTING [447/560] id=GDD37_07 window=IS
2026-08-17T22:44:41+00:00 GATE_SKIP id=GDD37_07 window=OOS reason=IS_NOT_SURVIVOR
2026-08-17T22:44:41+00:00 GATE_SKIP id=GDD37_07 window=XM5 reason=OOS_NOT_STRICT
2026-08-17T22:44:41+00:00 SKIP_EXISTING [448/560] id=GDD37_08 window=IS
2026-08-17T22:44:41+00:00 GATE_SKIP id=GDD37_08 window=OOS reason=IS_NOT_SURVIVOR
2026-08-17T22:44:41+00:00 GATE_SKIP id=GDD37_08 window=XM5 reason=OOS_NOT_STRICT
2026-08-17T22:44:41+00:00 SKIP_EXISTING [449/560] id=GDD37_09 window=IS
2026-08-17T22:44:41+00:00 GATE_SKIP id=GDD37_09 window=OOS reason=IS_NOT_SURVIVOR
2026-08-17T22:44:41+00:00 GATE_SKIP id=GDD37_09 window=XM5 reason=OOS_NOT_STRICT
2026-08-17T22:44:41+00:00 SKIP_EXISTING [450/560] id=GDD37_10 window=IS
2026-08-17T22:44:41+00:00 GATE_SKIP id=GDD37_10 window=OOS reason=IS_NOT_SURVIVOR
2026-08-17T22:44:41+00:00 GATE_SKIP id=GDD37_10 window=XM5 reason=OOS_NOT_STRICT
2026-08-17T22:44:41+00:00 SKIP_EXISTING [451/560] id=GDD37_11 window=IS
2026-08-17T22:44:41+00:00 GATE_SKIP id=GDD37_11 window=OOS reason=IS_NOT_SURVIVOR
2026-08-17T22:44:41+00:00 GATE_SKIP id=GDD37_11 window=XM5 reason=OOS_NOT_STRICT
2026-08-17T22:44:41+00:00 SKIP_EXISTING [452/560] id=GDD37_12 window=IS
2026-08-17T22:44:41+00:00 GATE_SKIP id=GDD37_12 window=OOS reason=IS_NOT_SURVIVOR
2026-08-17T22:44:41+00:00 GATE_SKIP id=GDD37_12 window=XM5 reason=OOS_NOT_STRICT
2026-08-17T22:44:41+00:00 SKIP_EXISTING [453/560] id=GDD37_13 window=IS
2026-08-17T22:44:41+00:00 GATE_SKIP id=GDD37_13 window=OOS reason=IS_NOT_SURVIVOR
2026-08-17T22:44:41+00:00 GATE_SKIP id=GDD37_13 window=XM5 reason=OOS_NOT_STRICT
2026-08-17T22:44:41+00:00 SKIP_EXISTING [454/560] id=GDD37_14 window=IS
2026-08-17T22:44:41+00:00 GATE_SKIP id=GDD37_14 window=OOS reason=IS_NOT_SURVIVOR
2026-08-17T22:44:41+00:00 GATE_SKIP id=GDD37_14 window=XM5 reason=OOS_NOT_STRICT
2026-08-17T22:44:41+00:00 SKIP_EXISTING [455/560] id=GDD37_15 window=IS
2026-08-17T22:44:41+00:00 GATE_SKIP id=GDD37_15 window=OOS reason=IS_NOT_SURVIVOR
2026-08-17T22:44:41+00:00 GATE_SKIP id=GDD37_15 window=XM5 reason=OOS_NOT_STRICT
2026-08-17T22:44:41+00:00 SKIP_EXISTING [456/560] id=GDD37_16 window=IS
2026-08-17T22:44:41+00:00 GATE_SKIP id=GDD37_16 window=OOS reason=IS_NOT_SURVIVOR
2026-08-17T22:44:41+00:00 GATE_SKIP id=GDD37_16 window=XM5 reason=OOS_NOT_STRICT
2026-08-17T22:44:41+00:00 SKIP_EXISTING [457/560] id=GDD37_17 window=IS
2026-08-17T22:44:41+00:00 GATE_SKIP id=GDD37_17 window=OOS reason=IS_NOT_SURVIVOR
2026-08-17T22:44:41+00:00 GATE_SKIP id=GDD37_17 window=XM5 reason=OOS_NOT_STRICT
2026-08-17T22:44:41+00:00 SKIP_EXISTING [458/560] id=GDD37_18 window=IS
2026-08-17T22:44:41+00:00 GATE_SKIP id=GDD37_18 window=OOS reason=IS_NOT_SURVIVOR
2026-08-17T22:44:41+00:00 GATE_SKIP id=GDD37_18 window=XM5 reason=OOS_NOT_STRICT
2026-08-17T22:44:41+00:00 SKIP_EXISTING [459/560] id=GDD37_19 window=IS
2026-08-17T22:44:41+00:00 GATE_SKIP id=GDD37_19 window=OOS reason=IS_NOT_SURVIVOR
2026-08-17T22:44:41+00:00 GATE_SKIP id=GDD37_19 window=XM5 reason=OOS_NOT_STRICT
2026-08-17T22:44:41+00:00 SKIP_EXISTING [460/560] id=GDD37_20 window=IS
2026-08-17T22:44:41+00:00 GATE_SKIP id=GDD37_20 window=OOS reason=IS_NOT_SURVIVOR
2026-08-17T22:44:41+00:00 GATE_SKIP id=GDD37_20 window=XM5 reason=OOS_NOT_STRICT
2026-08-17T22:44:41+00:00 SKIP_EXISTING [461/560] id=GDD38_01 window=IS
2026-08-17T22:44:41+00:00 GATE_SKIP id=GDD38_01 window=OOS reason=IS_NOT_SURVIVOR
2026-08-17T22:44:41+00:00 GATE_SKIP id=GDD38_01 window=XM5 reason=OOS_NOT_STRICT
2026-08-17T22:44:41+00:00 SKIP_EXISTING [462/560] id=GDD38_02 window=IS
2026-08-17T22:44:41+00:00 SKIP_EXISTING [462/560] id=GDD38_02 window=OOS
2026-08-17T22:44:41+00:00 GATE_SKIP id=GDD38_02 window=XM5 reason=OOS_NOT_STRICT
2026-08-17T22:44:41+00:00 SKIP_EXISTING [463/560] id=GDD38_03 window=IS
2026-08-17T22:44:41+00:00 SKIP_EXISTING [463/560] id=GDD38_03 window=OOS
2026-08-17T22:44:41+00:00 GATE_SKIP id=GDD38_03 window=XM5 reason=OOS_NOT_STRICT
2026-08-17T22:44:41+00:00 SKIP_EXISTING [464/560] id=GDD38_04 window=IS
2026-08-17T22:44:41+00:00 GATE_SKIP id=GDD38_04 window=OOS reason=IS_NOT_SURVIVOR
2026-08-17T22:44:41+00:00 GATE_SKIP id=GDD38_04 window=XM5 reason=OOS_NOT_STRICT
2026-08-17T22:44:41+00:00 SKIP_EXISTING [465/560] id=GDD38_05 window=IS
2026-08-17T22:44:41+00:00 GATE_SKIP id=GDD38_05 window=OOS reason=IS_NOT_SURVIVOR
2026-08-17T22:44:41+00:00 GATE_SKIP id=GDD38_05 window=XM5 reason=OOS_NOT_STRICT
2026-08-17T22:44:41+00:00 SKIP_EXISTING [466/560] id=GDD38_06 window=IS
2026-08-17T22:44:41+00:00 GATE_SKIP id=GDD38_06 window=OOS reason=IS_NOT_SURVIVOR
2026-08-17T22:44:41+00:00 GATE_SKIP id=GDD38_06 window=XM5 reason=OOS_NOT_STRICT
2026-08-17T22:44:41+00:00 SKIP_EXISTING [467/560] id=GDD38_07 window=IS
2026-08-17T22:44:41+00:00 GATE_SKIP id=GDD38_07 window=OOS reason=IS_NOT_SURVIVOR
2026-08-17T22:44:41+00:00 GATE_SKIP id=GDD38_07 window=XM5 reason=OOS_NOT_STRICT
2026-08-17T22:44:41+00:00 SKIP_EXISTING [468/560] id=GDD38_08 window=IS
2026-08-17T22:44:41+00:00 GATE_SKIP id=GDD38_08 window=OOS reason=IS_NOT_SURVIVOR
2026-08-17T22:44:41+00:00 GATE_SKIP id=GDD38_08 window=XM5 reason=OOS_NOT_STRICT
2026-08-17T22:44:41+00:00 SKIP_EXISTING [469/560] id=GDD38_09 window=IS
2026-08-17T22:44:41+00:00 GATE_SKIP id=GDD38_09 window=OOS reason=IS_NOT_SURVIVOR
2026-08-17T22:44:41+00:00 GATE_SKIP id=GDD38_09 window=XM5 reason=OOS_NOT_STRICT
2026-08-17T22:44:41+00:00 SKIP_EXISTING [470/560] id=GDD38_10 window=IS
2026-08-17T22:44:41+00:00 GATE_SKIP id=GDD38_10 window=OOS reason=IS_NOT_SURVIVOR
2026-08-17T22:44:41+00:00 GATE_SKIP id=GDD38_10 window=XM5 reason=OOS_NOT_STRICT
2026-08-17T22:44:41+00:00 SKIP_EXISTING [471/560] id=GDD38_11 window=IS
2026-08-17T22:44:41+00:00 GATE_SKIP id=GDD38_11 window=OOS reason=IS_NOT_SURVIVOR
2026-08-17T22:44:41+00:00 GATE_SKIP id=GDD38_11 window=XM5 reason=OOS_NOT_STRICT
2026-08-17T22:44:41+00:00 SKIP_EXISTING [472/560] id=GDD38_12 window=IS
2026-08-17T22:44:41+00:00 GATE_SKIP id=GDD38_12 window=OOS reason=IS_NOT_SURVIVOR
2026-08-17T22:44:41+00:00 GATE_SKIP id=GDD38_12 window=XM5 reason=OOS_NOT_STRICT
2026-08-17T22:44:41+00:00 SKIP_EXISTING [473/560] id=GDD38_13 window=IS
2026-08-17T22:44:41+00:00 GATE_SKIP id=GDD38_13 window=OOS reason=IS_NOT_SURVIVOR
2026-08-17T22:44:41+00:00 GATE_SKIP id=GDD38_13 window=XM5 reason=OOS_NOT_STRICT
2026-08-17T22:44:41+00:00 SKIP_EXISTING [474/560] id=GDD38_14 window=IS
2026-08-17T22:44:41+00:00 GATE_SKIP id=GDD38_14 window=OOS reason=IS_NOT_SURVIVOR
2026-08-17T22:44:41+00:00 GATE_SKIP id=GDD38_14 window=XM5 reason=OOS_NOT_STRICT
2026-08-17T22:44:41+00:00 SKIP_EXISTING [475/560] id=GDD38_15 window=IS
2026-08-17T22:44:41+00:00 GATE_SKIP id=GDD38_15 window=OOS reason=IS_NOT_SURVIVOR
2026-08-17T22:44:41+00:00 GATE_SKIP id=GDD38_15 window=XM5 reason=OOS_NOT_STRICT
2026-08-17T22:44:41+00:00 SKIP_EXISTING [476/560] id=GDD38_16 window=IS
2026-08-17T22:44:41+00:00 GATE_SKIP id=GDD38_16 window=OOS reason=IS_NOT_SURVIVOR
2026-08-17T22:44:41+00:00 GATE_SKIP id=GDD38_16 window=XM5 reason=OOS_NOT_STRICT
2026-08-17T22:44:41+00:00 SKIP_EXISTING [477/560] id=GDD38_17 window=IS
2026-08-17T22:44:41+00:00 GATE_SKIP id=GDD38_17 window=OOS reason=IS_NOT_SURVIVOR
2026-08-17T22:44:41+00:00 GATE_SKIP id=GDD38_17 window=XM5 reason=OOS_NOT_STRICT
2026-08-17T22:44:41+00:00 SKIP_EXISTING [478/560] id=GDD38_18 window=IS
2026-08-17T22:44:41+00:00 GATE_SKIP id=GDD38_18 window=OOS reason=IS_NOT_SURVIVOR
2026-08-17T22:44:41+00:00 GATE_SKIP id=GDD38_18 window=XM5 reason=OOS_NOT_STRICT
2026-08-17T22:44:41+00:00 SKIP_EXISTING [479/560] id=GDD38_19 window=IS
2026-08-17T22:44:41+00:00 GATE_SKIP id=GDD38_19 window=OOS reason=IS_NOT_SURVIVOR
2026-08-17T22:44:41+00:00 GATE_SKIP id=GDD38_19 window=XM5 reason=OOS_NOT_STRICT
2026-08-17T22:44:41+00:00 SKIP_EXISTING [480/560] id=GDD38_20 window=IS
2026-08-17T22:44:41+00:00 GATE_SKIP id=GDD38_20 window=OOS reason=IS_NOT_SURVIVOR
2026-08-17T22:44:41+00:00 GATE_SKIP id=GDD38_20 window=XM5 reason=OOS_NOT_STRICT
2026-08-17T22:44:41+00:00 SKIP_EXISTING [481/560] id=GDD39_01 window=IS
2026-08-17T22:44:41+00:00 SKIP_EXISTING [481/560] id=GDD39_01 window=OOS
2026-08-17T22:44:41+00:00 GATE_SKIP id=GDD39_01 window=XM5 reason=OOS_NOT_STRICT
2026-08-17T22:44:41+00:00 SKIP_EXISTING [482/560] id=GDD39_02 window=IS
2026-08-17T22:44:41+00:00 SKIP_EXISTING [482/560] id=GDD39_02 window=OOS
2026-08-17T22:44:41+00:00 GATE_SKIP id=GDD39_02 window=XM5 reason=OOS_NOT_STRICT
2026-08-17T22:44:41+00:00 SKIP_EXISTING [483/560] id=GDD39_03 window=IS
2026-08-17T22:44:41+00:00 SKIP_EXISTING [483/560] id=GDD39_03 window=OOS
2026-08-17T22:44:41+00:00 GATE_SKIP id=GDD39_03 window=XM5 reason=OOS_NOT_STRICT
2026-08-17T22:44:41+00:00 SKIP_EXISTING [484/560] id=GDD39_04 window=IS
2026-08-17T22:44:41+00:00 SKIP_EXISTING [484/560] id=GDD39_04 window=OOS
2026-08-17T22:44:41+00:00 GATE_SKIP id=GDD39_04 window=XM5 reason=OOS_NOT_STRICT
2026-08-17T22:44:41+00:00 SKIP_EXISTING [485/560] id=GDD39_05 window=IS
2026-08-17T22:44:41+00:00 SKIP_EXISTING [485/560] id=GDD39_05 window=OOS
2026-08-17T22:44:41+00:00 GATE_SKIP id=GDD39_05 window=XM5 reason=OOS_NOT_STRICT
2026-08-17T22:44:41+00:00 SKIP_EXISTING [486/560] id=GDD39_06 window=IS
2026-08-17T22:44:41+00:00 GATE_SKIP id=GDD39_06 window=OOS reason=IS_NOT_SURVIVOR
2026-08-17T22:44:41+00:00 GATE_SKIP id=GDD39_06 window=XM5 reason=OOS_NOT_STRICT
2026-08-17T22:44:41+00:00 SKIP_EXISTING [487/560] id=GDD39_07 window=IS
2026-08-17T22:44:41+00:00 GATE_SKIP id=GDD39_07 window=OOS reason=IS_NOT_SURVIVOR
2026-08-17T22:44:41+00:00 GATE_SKIP id=GDD39_07 window=XM5 reason=OOS_NOT_STRICT
2026-08-17T22:44:41+00:00 SKIP_EXISTING [488/560] id=GDD39_08 window=IS
2026-08-17T22:44:41+00:00 GATE_SKIP id=GDD39_08 window=OOS reason=IS_NOT_SURVIVOR
2026-08-17T22:44:41+00:00 GATE_SKIP id=GDD39_08 window=XM5 reason=OOS_NOT_STRICT
2026-08-17T22:44:41+00:00 SKIP_EXISTING [489/560] id=GDD39_09 window=IS
2026-08-17T22:44:41+00:00 GATE_SKIP id=GDD39_09 window=OOS reason=IS_NOT_SURVIVOR
2026-08-17T22:44:41+00:00 GATE_SKIP id=GDD39_09 window=XM5 reason=OOS_NOT_STRICT
2026-08-17T22:44:41+00:00 SKIP_EXISTING [490/560] id=GDD39_10 window=IS
2026-08-17T22:44:41+00:00 GATE_SKIP id=GDD39_10 window=OOS reason=IS_NOT_SURVIVOR
2026-08-17T22:44:41+00:00 GATE_SKIP id=GDD39_10 window=XM5 reason=OOS_NOT_STRICT
2026-08-17T22:44:41+00:00 SKIP_EXISTING [491/560] id=GDD39_11 window=IS
2026-08-17T22:44:41+00:00 GATE_SKIP id=GDD39_11 window=OOS reason=IS_NOT_SURVIVOR
2026-08-17T22:44:41+00:00 GATE_SKIP id=GDD39_11 window=XM5 reason=OOS_NOT_STRICT
2026-08-17T22:44:41+00:00 SKIP_EXISTING [492/560] id=GDD39_12 window=IS
2026-08-17T22:44:41+00:00 GATE_SKIP id=GDD39_12 window=OOS reason=IS_NOT_SURVIVOR
2026-08-17T22:44:41+00:00 GATE_SKIP id=GDD39_12 window=XM5 reason=OOS_NOT_STRICT
2026-08-17T22:44:41+00:00 SKIP_EXISTING [493/560] id=GDD39_13 window=IS
2026-08-17T22:44:41+00:00 GATE_SKIP id=GDD39_13 window=OOS reason=IS_NOT_SURVIVOR
2026-08-17T22:44:41+00:00 GATE_SKIP id=GDD39_13 window=XM5 reason=OOS_NOT_STRICT
2026-08-17T22:44:41+00:00 SKIP_EXISTING [494/560] id=GDD39_14 window=IS
2026-08-17T22:44:41+00:00 GATE_SKIP id=GDD39_14 window=OOS reason=IS_NOT_SURVIVOR
2026-08-17T22:44:41+00:00 GATE_SKIP id=GDD39_14 window=XM5 reason=OOS_NOT_STRICT
2026-08-17T22:44:41+00:00 SKIP_EXISTING [495/560] id=GDD39_15 window=IS
2026-08-17T22:44:41+00:00 GATE_SKIP id=GDD39_15 window=OOS reason=IS_NOT_SURVIVOR
2026-08-17T22:44:41+00:00 GATE_SKIP id=GDD39_15 window=XM5 reason=OOS_NOT_STRICT
2026-08-17T22:44:41+00:00 SKIP_EXISTING [496/560] id=GDD39_16 window=IS
2026-08-17T22:44:41+00:00 GATE_SKIP id=GDD39_16 window=OOS reason=IS_NOT_SURVIVOR
2026-08-17T22:44:41+00:00 GATE_SKIP id=GDD39_16 window=XM5 reason=OOS_NOT_STRICT
2026-08-17T22:44:41+00:00 SKIP_EXISTING [497/560] id=GDD39_17 window=IS
2026-08-17T22:44:41+00:00 GATE_SKIP id=GDD39_17 window=OOS reason=IS_NOT_SURVIVOR
2026-08-17T22:44:41+00:00 GATE_SKIP id=GDD39_17 window=XM5 reason=OOS_NOT_STRICT
2026-08-17T22:44:41+00:00 SKIP_EXISTING [498/560] id=GDD39_18 window=IS
2026-08-17T22:44:41+00:00 GATE_SKIP id=GDD39_18 window=OOS reason=IS_NOT_SURVIVOR
2026-08-17T22:44:41+00:00 GATE_SKIP id=GDD39_18 window=XM5 reason=OOS_NOT_STRICT
2026-08-17T22:44:41+00:00 SKIP_EXISTING [499/560] id=GDD39_19 window=IS
2026-08-17T22:44:41+00:00 GATE_SKIP id=GDD39_19 window=OOS reason=IS_NOT_SURVIVOR
2026-08-17T22:44:41+00:00 GATE_SKIP id=GDD39_19 window=XM5 reason=OOS_NOT_STRICT
2026-08-17T22:44:41+00:00 SKIP_EXISTING [500/560] id=GDD39_20 window=IS
2026-08-17T22:44:41+00:00 GATE_SKIP id=GDD39_20 window=OOS reason=IS_NOT_SURVIVOR
2026-08-17T22:44:41+00:00 GATE_SKIP id=GDD39_20 window=XM5 reason=OOS_NOT_STRICT
2026-08-17T22:44:41+00:00 RUN_START id=GDD43_01 family=range_regime window=IS run=gdd2p_is_gdd43_01_20260818074441_8638e4
2026-08-17T22:45:03+00:00 WAIT_MT5 elapsed=62s processes=metatester64.exe,terminal64.exe
2026-08-17T22:45:46+00:00 RUN_END id=GDD43_01 window=IS status=FAILED decision=RUN_FAILED elapsed=65.501s
2026-08-17T22:45:46+00:00 SKIP_EXISTING [502/560] id=GDD43_02 window=IS
2026-08-17T22:45:46+00:00 GATE_SKIP id=GDD43_02 window=OOS reason=IS_NOT_SURVIVOR
2026-08-17T22:45:46+00:00 GATE_SKIP id=GDD43_02 window=XM5 reason=OOS_NOT_STRICT
2026-08-17T22:45:46+00:00 SKIP_EXISTING [503/560] id=GDD43_03 window=IS
2026-08-17T22:45:46+00:00 GATE_SKIP id=GDD43_03 window=OOS reason=IS_NOT_SURVIVOR
2026-08-17T22:45:46+00:00 GATE_SKIP id=GDD43_03 window=XM5 reason=OOS_NOT_STRICT
2026-08-17T22:45:46+00:00 SKIP_EXISTING [504/560] id=GDD43_04 window=IS
2026-08-17T22:45:46+00:00 GATE_SKIP id=GDD43_04 window=OOS reason=IS_NOT_SURVIVOR
2026-08-17T22:45:46+00:00 GATE_SKIP id=GDD43_04 window=XM5 reason=OOS_NOT_STRICT
2026-08-17T22:45:46+00:00 SKIP_EXISTING [505/560] id=GDD43_05 window=IS
2026-08-17T22:45:46+00:00 SKIP_EXISTING [505/560] id=GDD43_05 window=OOS
2026-08-17T22:45:46+00:00 GATE_SKIP id=GDD43_05 window=XM5 reason=OOS_NOT_STRICT
2026-08-17T22:45:46+00:00 SKIP_EXISTING [506/560] id=GDD43_06 window=IS
2026-08-17T22:45:46+00:00 SKIP_EXISTING [506/560] id=GDD43_06 window=OOS
2026-08-17T22:45:46+00:00 GATE_SKIP id=GDD43_06 window=XM5 reason=OOS_NOT_STRICT
2026-08-17T22:45:46+00:00 SKIP_EXISTING [507/560] id=GDD43_07 window=IS
2026-08-17T22:45:46+00:00 SKIP_EXISTING [507/560] id=GDD43_07 window=OOS
2026-08-17T22:45:46+00:00 GATE_SKIP id=GDD43_07 window=XM5 reason=OOS_NOT_STRICT
2026-08-17T22:45:46+00:00 SKIP_EXISTING [508/560] id=GDD43_08 window=IS
2026-08-17T22:45:46+00:00 SKIP_EXISTING [508/560] id=GDD43_08 window=OOS
2026-08-17T22:45:46+00:00 GATE_SKIP id=GDD43_08 window=XM5 reason=OOS_NOT_STRICT
2026-08-17T22:45:46+00:00 SKIP_EXISTING [509/560] id=GDD43_09 window=IS
2026-08-17T22:45:46+00:00 SKIP_EXISTING [509/560] id=GDD43_09 window=OOS
2026-08-17T22:45:46+00:00 GATE_SKIP id=GDD43_09 window=XM5 reason=OOS_NOT_STRICT
2026-08-17T22:45:46+00:00 SKIP_EXISTING [510/560] id=GDD43_10 window=IS
2026-08-17T22:45:46+00:00 GATE_SKIP id=GDD43_10 window=OOS reason=IS_NOT_SURVIVOR
2026-08-17T22:45:46+00:00 GATE_SKIP id=GDD43_10 window=XM5 reason=OOS_NOT_STRICT
2026-08-17T22:45:46+00:00 SKIP_EXISTING [511/560] id=GDD43_11 window=IS
2026-08-17T22:45:46+00:00 SKIP_EXISTING [511/560] id=GDD43_11 window=OOS
2026-08-17T22:45:46+00:00 GATE_SKIP id=GDD43_11 window=XM5 reason=OOS_NOT_STRICT
2026-08-17T22:45:46+00:00 SKIP_EXISTING [512/560] id=GDD43_12 window=IS
2026-08-17T22:45:46+00:00 SKIP_EXISTING [512/560] id=GDD43_12 window=OOS
2026-08-17T22:45:46+00:00 GATE_SKIP id=GDD43_12 window=XM5 reason=OOS_NOT_STRICT
2026-08-17T22:45:46+00:00 SKIP_EXISTING [513/560] id=GDD43_13 window=IS
2026-08-17T22:45:46+00:00 GATE_SKIP id=GDD43_13 window=OOS reason=IS_NOT_SURVIVOR
2026-08-17T22:45:46+00:00 GATE_SKIP id=GDD43_13 window=XM5 reason=OOS_NOT_STRICT
2026-08-17T22:45:46+00:00 SKIP_EXISTING [514/560] id=GDD43_14 window=IS
2026-08-17T22:45:46+00:00 GATE_SKIP id=GDD43_14 window=OOS reason=IS_NOT_SURVIVOR
2026-08-17T22:45:46+00:00 GATE_SKIP id=GDD43_14 window=XM5 reason=OOS_NOT_STRICT
2026-08-17T22:45:46+00:00 SKIP_EXISTING [515/560] id=GDD43_15 window=IS
2026-08-17T22:45:46+00:00 GATE_SKIP id=GDD43_15 window=OOS reason=IS_NOT_SURVIVOR
2026-08-17T22:45:46+00:00 GATE_SKIP id=GDD43_15 window=XM5 reason=OOS_NOT_STRICT
2026-08-17T22:45:46+00:00 SKIP_EXISTING [516/560] id=GDD43_16 window=IS
2026-08-17T22:45:46+00:00 GATE_SKIP id=GDD43_16 window=OOS reason=IS_NOT_SURVIVOR
2026-08-17T22:45:46+00:00 GATE_SKIP id=GDD43_16 window=XM5 reason=OOS_NOT_STRICT
2026-08-17T22:45:46+00:00 SKIP_EXISTING [517/560] id=GDD43_17 window=IS
2026-08-17T22:45:46+00:00 GATE_SKIP id=GDD43_17 window=OOS reason=IS_NOT_SURVIVOR
2026-08-17T22:45:46+00:00 GATE_SKIP id=GDD43_17 window=XM5 reason=OOS_NOT_STRICT
2026-08-17T22:45:46+00:00 SKIP_EXISTING [518/560] id=GDD43_18 window=IS
2026-08-17T22:45:46+00:00 GATE_SKIP id=GDD43_18 window=OOS reason=IS_NOT_SURVIVOR
2026-08-17T22:45:46+00:00 GATE_SKIP id=GDD43_18 window=XM5 reason=OOS_NOT_STRICT
2026-08-17T22:45:46+00:00 SKIP_EXISTING [519/560] id=GDD43_19 window=IS
2026-08-17T22:45:46+00:00 GATE_SKIP id=GDD43_19 window=OOS reason=IS_NOT_SURVIVOR
2026-08-17T22:45:46+00:00 GATE_SKIP id=GDD43_19 window=XM5 reason=OOS_NOT_STRICT
2026-08-17T22:45:46+00:00 SKIP_EXISTING [520/560] id=GDD43_20 window=IS
2026-08-17T22:45:46+00:00 GATE_SKIP id=GDD43_20 window=OOS reason=IS_NOT_SURVIVOR
2026-08-17T22:45:46+00:00 GATE_SKIP id=GDD43_20 window=XM5 reason=OOS_NOT_STRICT
2026-08-17T22:45:46+00:00 SKIP_EXISTING [521/560] id=GDD44_01 window=IS
2026-08-17T22:45:46+00:00 GATE_SKIP id=GDD44_01 window=OOS reason=IS_NOT_SURVIVOR
2026-08-17T22:45:46+00:00 GATE_SKIP id=GDD44_01 window=XM5 reason=OOS_NOT_STRICT
2026-08-17T22:45:46+00:00 SKIP_EXISTING [522/560] id=GDD44_02 window=IS
2026-08-17T22:45:46+00:00 GATE_SKIP id=GDD44_02 window=OOS reason=IS_NOT_SURVIVOR
2026-08-17T22:45:46+00:00 GATE_SKIP id=GDD44_02 window=XM5 reason=OOS_NOT_STRICT
2026-08-17T22:45:46+00:00 SKIP_EXISTING [523/560] id=GDD44_03 window=IS
2026-08-17T22:45:46+00:00 GATE_SKIP id=GDD44_03 window=OOS reason=IS_NOT_SURVIVOR
2026-08-17T22:45:46+00:00 GATE_SKIP id=GDD44_03 window=XM5 reason=OOS_NOT_STRICT
2026-08-17T22:45:46+00:00 SKIP_EXISTING [524/560] id=GDD44_04 window=IS
2026-08-17T22:45:46+00:00 GATE_SKIP id=GDD44_04 window=OOS reason=IS_NOT_SURVIVOR
2026-08-17T22:45:46+00:00 GATE_SKIP id=GDD44_04 window=XM5 reason=OOS_NOT_STRICT
2026-08-17T22:45:46+00:00 SKIP_EXISTING [525/560] id=GDD44_05 window=IS
2026-08-17T22:45:46+00:00 GATE_SKIP id=GDD44_05 window=OOS reason=IS_NOT_SURVIVOR
2026-08-17T22:45:46+00:00 GATE_SKIP id=GDD44_05 window=XM5 reason=OOS_NOT_STRICT
2026-08-17T22:45:46+00:00 SKIP_EXISTING [526/560] id=GDD44_06 window=IS
2026-08-17T22:45:46+00:00 GATE_SKIP id=GDD44_06 window=OOS reason=IS_NOT_SURVIVOR
2026-08-17T22:45:46+00:00 GATE_SKIP id=GDD44_06 window=XM5 reason=OOS_NOT_STRICT
2026-08-17T22:45:46+00:00 SKIP_EXISTING [527/560] id=GDD44_07 window=IS
2026-08-17T22:45:46+00:00 SKIP_EXISTING [527/560] id=GDD44_07 window=OOS
2026-08-17T22:45:46+00:00 GATE_SKIP id=GDD44_07 window=XM5 reason=OOS_NOT_STRICT
2026-08-17T22:45:46+00:00 SKIP_EXISTING [528/560] id=GDD44_08 window=IS
2026-08-17T22:45:46+00:00 GATE_SKIP id=GDD44_08 window=OOS reason=IS_NOT_SURVIVOR
2026-08-17T22:45:46+00:00 GATE_SKIP id=GDD44_08 window=XM5 reason=OOS_NOT_STRICT
2026-08-17T22:45:46+00:00 SKIP_EXISTING [529/560] id=GDD44_09 window=IS
2026-08-17T22:45:46+00:00 GATE_SKIP id=GDD44_09 window=OOS reason=IS_NOT_SURVIVOR
2026-08-17T22:45:46+00:00 GATE_SKIP id=GDD44_09 window=XM5 reason=OOS_NOT_STRICT
2026-08-17T22:45:46+00:00 SKIP_EXISTING [530/560] id=GDD44_10 window=IS
2026-08-17T22:45:46+00:00 GATE_SKIP id=GDD44_10 window=OOS reason=IS_NOT_SURVIVOR
2026-08-17T22:45:46+00:00 GATE_SKIP id=GDD44_10 window=XM5 reason=OOS_NOT_STRICT
2026-08-17T22:45:46+00:00 RUN_START id=GDD44_11 family=gap_regime window=IS run=gdd2p_is_gdd44_11_20260818074546_361e9a
2026-08-17T22:46:05+00:00 WAIT_MT5 elapsed=124s processes=metatester64.exe,terminal64.exe
2026-08-17T22:46:57+00:00 RUN_END id=GDD44_11 window=IS status=OK decision=IS_REJECT elapsed=70.506s
2026-08-17T22:46:57+00:00 GATE_SKIP id=GDD44_11 window=OOS reason=IS_NOT_SURVIVOR
2026-08-17T22:46:57+00:00 GATE_SKIP id=GDD44_11 window=XM5 reason=OOS_NOT_STRICT
2026-08-17T22:46:57+00:00 SKIP_EXISTING [532/560] id=GDD44_12 window=IS
2026-08-17T22:46:57+00:00 GATE_SKIP id=GDD44_12 window=OOS reason=IS_NOT_SURVIVOR
2026-08-17T22:46:57+00:00 GATE_SKIP id=GDD44_12 window=XM5 reason=OOS_NOT_STRICT
2026-08-17T22:46:57+00:00 RUN_START id=GDD44_13 family=gap_regime window=IS run=gdd2p_is_gdd44_13_20260818074657_b6a19c
2026-08-17T22:47:07+00:00 WAIT_MT5 elapsed=186s processes=metatester64.exe,terminal64.exe
2026-08-17T22:48:08+00:00 RUN_END id=GDD44_13 window=IS status=OK decision=IS_REJECT elapsed=70.502s
2026-08-17T22:48:08+00:00 GATE_SKIP id=GDD44_13 window=OOS reason=IS_NOT_SURVIVOR
2026-08-17T22:48:08+00:00 GATE_SKIP id=GDD44_13 window=XM5 reason=OOS_NOT_STRICT
2026-08-17T22:48:08+00:00 SKIP_EXISTING [534/560] id=GDD44_14 window=IS
2026-08-17T22:48:08+00:00 GATE_SKIP id=GDD44_14 window=OOS reason=IS_NOT_SURVIVOR
2026-08-17T22:48:08+00:00 GATE_SKIP id=GDD44_14 window=XM5 reason=OOS_NOT_STRICT
2026-08-17T22:48:08+00:00 SKIP_EXISTING [535/560] id=GDD44_15 window=IS
2026-08-17T22:48:08+00:00 GATE_SKIP id=GDD44_15 window=OOS reason=IS_NOT_SURVIVOR
2026-08-17T22:48:08+00:00 GATE_SKIP id=GDD44_15 window=XM5 reason=OOS_NOT_STRICT
2026-08-17T22:48:08+00:00 SKIP_EXISTING [536/560] id=GDD44_16 window=IS
2026-08-17T22:48:08+00:00 GATE_SKIP id=GDD44_16 window=OOS reason=IS_NOT_SURVIVOR
2026-08-17T22:48:08+00:00 GATE_SKIP id=GDD44_16 window=XM5 reason=OOS_NOT_STRICT
2026-08-17T22:48:08+00:00 SKIP_EXISTING [537/560] id=GDD44_17 window=IS
2026-08-17T22:48:08+00:00 GATE_SKIP id=GDD44_17 window=OOS reason=IS_NOT_SURVIVOR
2026-08-17T22:48:08+00:00 GATE_SKIP id=GDD44_17 window=XM5 reason=OOS_NOT_STRICT
2026-08-17T22:48:08+00:00 SKIP_EXISTING [538/560] id=GDD44_18 window=IS
2026-08-17T22:48:08+00:00 GATE_SKIP id=GDD44_18 window=OOS reason=IS_NOT_SURVIVOR
2026-08-17T22:48:08+00:00 GATE_SKIP id=GDD44_18 window=XM5 reason=OOS_NOT_STRICT
2026-08-17T22:48:08+00:00 SKIP_EXISTING [539/560] id=GDD44_19 window=IS
2026-08-17T22:48:08+00:00 GATE_SKIP id=GDD44_19 window=OOS reason=IS_NOT_SURVIVOR
2026-08-17T22:48:08+00:00 GATE_SKIP id=GDD44_19 window=XM5 reason=OOS_NOT_STRICT
2026-08-17T22:48:08+00:00 SKIP_EXISTING [540/560] id=GDD44_20 window=IS
2026-08-17T22:48:08+00:00 GATE_SKIP id=GDD44_20 window=OOS reason=IS_NOT_SURVIVOR
2026-08-17T22:48:08+00:00 GATE_SKIP id=GDD44_20 window=XM5 reason=OOS_NOT_STRICT
2026-08-17T22:48:08+00:00 RUN_START id=GDD46_01 family=spread_gate window=IS run=gdd2p_is_gdd46_01_20260818074808_0b89ba
2026-08-17T22:48:19+00:00 RUN_END id=GDD35_06 window=XM5 status=FAILED decision=RUN_FAILED elapsed=258.050s
2026-08-17T22:48:19+00:00 RUN_START id=GDD43_01 family=range_regime window=IS run=gdd2p_is_gdd43_01_20260818074819_0b6ee3
2026-08-17T22:48:19+00:00 WAIT_MT5 elapsed=0s processes=metatester64.exe,terminal64.exe
2026-08-17T22:49:21+00:00 WAIT_MT5 elapsed=62s processes=metatester64.exe,terminal64.exe
2026-08-17T22:50:23+00:00 WAIT_MT5 elapsed=124s processes=metatester64.exe,terminal64.exe
2026-08-17T22:51:25+00:00 WAIT_MT5 elapsed=186s processes=metatester64.exe,terminal64.exe
2026-08-17T22:52:26+00:00 WAIT_MT5 elapsed=248s processes=metatester64.exe,terminal64.exe
2026-08-17T22:53:28+00:00 WAIT_MT5 elapsed=310s processes=metatester64.exe,terminal64.exe
2026-08-17T22:53:38+00:00 RUN_END id=GDD46_01 window=IS status=FAILED decision=RUN_FAILED elapsed=330.491s
2026-08-17T22:53:38+00:00 RUN_START id=GDD46_02 family=spread_gate window=IS run=gdd2p_is_gdd46_02_20260818075338_151ccb
2026-08-17T22:54:30+00:00 WAIT_MT5 elapsed=372s processes=metatester64.exe,terminal64.exe
2026-08-17T22:54:43+00:00 RUN_END id=GDD46_02 window=IS status=FAILED decision=RUN_FAILED elapsed=65.457s
2026-08-17T22:54:43+00:00 SKIP_EXISTING [543/560] id=GDD46_03 window=IS
2026-08-17T22:54:43+00:00 GATE_SKIP id=GDD46_03 window=OOS reason=IS_NOT_SURVIVOR
2026-08-17T22:54:43+00:00 GATE_SKIP id=GDD46_03 window=XM5 reason=OOS_NOT_STRICT
2026-08-17T22:54:43+00:00 SKIP_EXISTING [544/560] id=GDD46_04 window=IS
2026-08-17T22:54:43+00:00 GATE_SKIP id=GDD46_04 window=OOS reason=IS_NOT_SURVIVOR
2026-08-17T22:54:43+00:00 GATE_SKIP id=GDD46_04 window=XM5 reason=OOS_NOT_STRICT
2026-08-17T22:54:43+00:00 SKIP_EXISTING [545/560] id=GDD46_05 window=IS
2026-08-17T22:54:43+00:00 SKIP_EXISTING [545/560] id=GDD46_05 window=OOS
2026-08-17T22:54:43+00:00 GATE_SKIP id=GDD46_05 window=XM5 reason=OOS_NOT_STRICT
2026-08-17T22:54:43+00:00 SKIP_EXISTING [546/560] id=GDD46_06 window=IS
2026-08-17T22:54:43+00:00 GATE_SKIP id=GDD46_06 window=OOS reason=IS_NOT_SURVIVOR
2026-08-17T22:54:43+00:00 GATE_SKIP id=GDD46_06 window=XM5 reason=OOS_NOT_STRICT
2026-08-17T22:54:43+00:00 SKIP_EXISTING [547/560] id=GDD46_07 window=IS
2026-08-17T22:54:43+00:00 GATE_SKIP id=GDD46_07 window=OOS reason=IS_NOT_SURVIVOR
2026-08-17T22:54:43+00:00 GATE_SKIP id=GDD46_07 window=XM5 reason=OOS_NOT_STRICT
2026-08-17T22:54:43+00:00 SKIP_EXISTING [548/560] id=GDD46_08 window=IS
2026-08-17T22:54:43+00:00 GATE_SKIP id=GDD46_08 window=OOS reason=IS_NOT_SURVIVOR
2026-08-17T22:54:44+00:00 GATE_SKIP id=GDD46_08 window=XM5 reason=OOS_NOT_STRICT
2026-08-17T22:54:44+00:00 SKIP_EXISTING [549/560] id=GDD46_09 window=IS
2026-08-17T22:54:44+00:00 GATE_SKIP id=GDD46_09 window=OOS reason=IS_NOT_SURVIVOR
2026-08-17T22:54:44+00:00 GATE_SKIP id=GDD46_09 window=XM5 reason=OOS_NOT_STRICT
2026-08-17T22:54:44+00:00 SKIP_EXISTING [550/560] id=GDD46_10 window=IS
2026-08-17T22:54:44+00:00 GATE_SKIP id=GDD46_10 window=OOS reason=IS_NOT_SURVIVOR
2026-08-17T22:54:44+00:00 GATE_SKIP id=GDD46_10 window=XM5 reason=OOS_NOT_STRICT
2026-08-17T22:54:44+00:00 SKIP_EXISTING [551/560] id=GDD46_11 window=IS
2026-08-17T22:54:44+00:00 GATE_SKIP id=GDD46_11 window=OOS reason=IS_NOT_SURVIVOR
2026-08-17T22:54:44+00:00 GATE_SKIP id=GDD46_11 window=XM5 reason=OOS_NOT_STRICT
2026-08-17T22:54:44+00:00 SKIP_EXISTING [552/560] id=GDD46_12 window=IS
2026-08-17T22:54:44+00:00 GATE_SKIP id=GDD46_12 window=OOS reason=IS_NOT_SURVIVOR
2026-08-17T22:54:44+00:00 GATE_SKIP id=GDD46_12 window=XM5 reason=OOS_NOT_STRICT
2026-08-17T22:54:44+00:00 SKIP_EXISTING [553/560] id=GDD46_13 window=IS
2026-08-17T22:54:44+00:00 GATE_SKIP id=GDD46_13 window=OOS reason=IS_NOT_SURVIVOR
2026-08-17T22:54:44+00:00 GATE_SKIP id=GDD46_13 window=XM5 reason=OOS_NOT_STRICT
2026-08-17T22:54:44+00:00 SKIP_EXISTING [554/560] id=GDD46_14 window=IS
2026-08-17T22:54:44+00:00 GATE_SKIP id=GDD46_14 window=OOS reason=IS_NOT_SURVIVOR
2026-08-17T22:54:44+00:00 GATE_SKIP id=GDD46_14 window=XM5 reason=OOS_NOT_STRICT
2026-08-17T22:54:44+00:00 SKIP_EXISTING [555/560] id=GDD46_15 window=IS
2026-08-17T22:54:44+00:00 GATE_SKIP id=GDD46_15 window=OOS reason=IS_NOT_SURVIVOR
2026-08-17T22:54:44+00:00 GATE_SKIP id=GDD46_15 window=XM5 reason=OOS_NOT_STRICT
2026-08-17T22:54:44+00:00 SKIP_EXISTING [556/560] id=GDD46_16 window=IS
2026-08-17T22:54:44+00:00 GATE_SKIP id=GDD46_16 window=OOS reason=IS_NOT_SURVIVOR
2026-08-17T22:54:44+00:00 GATE_SKIP id=GDD46_16 window=XM5 reason=OOS_NOT_STRICT
2026-08-17T22:54:44+00:00 SKIP_EXISTING [557/560] id=GDD46_17 window=IS
2026-08-17T22:54:44+00:00 GATE_SKIP id=GDD46_17 window=OOS reason=IS_NOT_SURVIVOR
2026-08-17T22:54:44+00:00 GATE_SKIP id=GDD46_17 window=XM5 reason=OOS_NOT_STRICT
2026-08-17T22:54:44+00:00 SKIP_EXISTING [558/560] id=GDD46_18 window=IS
2026-08-17T22:54:44+00:00 GATE_SKIP id=GDD46_18 window=OOS reason=IS_NOT_SURVIVOR
2026-08-17T22:54:44+00:00 GATE_SKIP id=GDD46_18 window=XM5 reason=OOS_NOT_STRICT
2026-08-17T22:54:44+00:00 SKIP_EXISTING [559/560] id=GDD46_19 window=IS
2026-08-17T22:54:44+00:00 GATE_SKIP id=GDD46_19 window=OOS reason=IS_NOT_SURVIVOR
2026-08-17T22:54:44+00:00 GATE_SKIP id=GDD46_19 window=XM5 reason=OOS_NOT_STRICT
2026-08-17T22:54:44+00:00 SKIP_EXISTING [560/560] id=GDD46_20 window=IS
2026-08-17T22:54:44+00:00 GATE_SKIP id=GDD46_20 window=OOS reason=IS_NOT_SURVIVOR
2026-08-17T22:54:44+00:00 GATE_SKIP id=GDD46_20 window=XM5 reason=OOS_NOT_STRICT
2026-08-17T22:54:44+00:00 QUEUE_SUMMARY selected=560 started=11 skipped=817
2026-08-17T22:54:44+00:00 DRIVER_END status=OK
2026-08-17T22:55:51+00:00 RUN_END id=GDD43_01 window=IS status=FAILED decision=RUN_FAILED elapsed=452.170s
2026-08-17T22:55:51+00:00 RUN_START id=GDD44_11 family=gap_regime window=IS run=gdd2p_is_gdd44_11_20260818075551_cb3117
2026-08-17T22:57:01+00:00 RUN_END id=GDD44_11 window=IS status=OK decision=IS_REJECT elapsed=70.473s
2026-08-17T22:57:01+00:00 GATE_SKIP id=GDD44_11 window=OOS reason=IS_NOT_SURVIVOR
2026-08-17T22:57:01+00:00 GATE_SKIP id=GDD44_11 window=XM5 reason=OOS_NOT_STRICT
2026-08-17T22:57:01+00:00 RUN_START id=GDD44_13 family=gap_regime window=IS run=gdd2p_is_gdd44_13_20260818075701_f4e0fb
2026-08-17T22:58:12+00:00 RUN_END id=GDD44_13 window=IS status=OK decision=IS_REJECT elapsed=70.470s
2026-08-17T22:58:12+00:00 GATE_SKIP id=GDD44_13 window=OOS reason=IS_NOT_SURVIVOR
2026-08-17T22:58:12+00:00 GATE_SKIP id=GDD44_13 window=XM5 reason=OOS_NOT_STRICT
2026-08-17T22:58:12+00:00 RUN_START id=GDD46_01 family=spread_gate window=IS run=gdd2p_is_gdd46_01_20260818075812_a85fab
2026-08-17T22:59:17+00:00 RUN_END id=GDD46_01 window=IS status=FAILED decision=RUN_FAILED elapsed=65.394s
2026-08-17T22:59:17+00:00 RUN_START id=GDD46_02 family=spread_gate window=IS run=gdd2p_is_gdd46_02_20260818075917_697e5f
2026-08-17T23:00:22+00:00 RUN_END id=GDD46_02 window=IS status=FAILED decision=RUN_FAILED elapsed=65.424s
2026-08-17T23:00:22+00:00 QUEUE_SUMMARY selected=6 started=6 skipped=2
2026-08-17T23:00:22+00:00 DRIVER_END status=OK
2026-08-17T23:01:17+00:00 DRIVER_START pid=24764 stage=all targets=2
2026-08-17T23:01:17+00:00 RUN_START id=GDD44_11 family=gap_regime window=IS run=gdd2p_is_gdd44_11_20260818080117_c8f440
2026-08-17T23:02:27+00:00 RUN_END id=GDD44_11 window=IS status=OK decision=IS_REJECT elapsed=70.409s
2026-08-17T23:02:27+00:00 GATE_SKIP id=GDD44_11 window=OOS reason=IS_NOT_SURVIVOR
2026-08-17T23:02:27+00:00 GATE_SKIP id=GDD44_11 window=XM5 reason=OOS_NOT_STRICT
2026-08-17T23:02:27+00:00 RUN_START id=GDD44_13 family=gap_regime window=IS run=gdd2p_is_gdd44_13_20260818080227_75f2b2
2026-08-17T23:03:38+00:00 RUN_END id=GDD44_13 window=IS status=OK decision=IS_REJECT elapsed=70.433s
2026-08-17T23:03:38+00:00 GATE_SKIP id=GDD44_13 window=OOS reason=IS_NOT_SURVIVOR
2026-08-17T23:03:38+00:00 GATE_SKIP id=GDD44_13 window=XM5 reason=OOS_NOT_STRICT
2026-08-17T23:03:38+00:00 QUEUE_SUMMARY selected=2 started=2 skipped=0
2026-08-17T23:03:38+00:00 DRIVER_END status=OK
