time,profit,magic,entry,position_id,type,volume,price,sl
1466504100,0.00,20261001,0,2,0,0.01,153.81400000,151.76600000
1466505000,0.00,20261000,0,3,0,0.01,104.57300000,103.57500000
1466505900,0.00,20261002,0,4,1,0.01,1281.75000000,1294.09000000
1466539200,1273.00,20261002,1,4,0,0.01,1269.58000000,1294.09000000
1466546400,183.00,20261000,1,3,1,0.01,104.75600000,103.57500000
1466546400,-188.00,20261001,1,2,1,0.01,153.62600000,151.76600000
1466625600,0.00,20260605,0,8,0,0.01,1.13038000,1.12788000
1466689459,1075.00,20260605,1,8,1,0.01,1.14088000,1.12788000
1466744400,0.00,20260605,0,10,1,0.01,1.12611000,1.12861000
1466745940,1100.00,20260605,1,10,0,0.01,1.11561000,1.12861000
1466755200,0.00,20260774,0,12,1,0.01,1.33756000,1.34256000
1466756103,-530.00,20260774,1,12,0,0.01,1.34262000,1.34256000
1467111600,0.00,20261001,0,14,0,0.01,136.40600000,134.26400000
1467117000,0.00,20261002,0,15,1,0.01,1311.88000000,1326.07000000
1467144000,-305.00,20261002,1,15,0,0.01,1314.79000000,1326.07000000
1467151200,723.00,20261001,1,14,1,0.01,137.12900000,134.26400000
1467369900,0.00,20261000,0,18,1,0.01,102.47100000,103.38700000
1467410400,-104.00,20261000,1,18,0,0.01,102.57500000,103.38700000
1467715500,0.00,20261000,0,20,1,0.01,101.76600000,102.58600000
1467720000,0.00,20260622,0,21,1,0.03,101.69900000,102.21600000
1467756000,199.00,20261000,1,20,0,0.01,101.56700000,102.58600000
1467781538,3019.00,20260622,1,21,0,0.03,100.66300000,102.21600000
1467810900,0.00,20261002,0,24,0,0.01,1373.70000000,1355.07000000
1467835200,-908.00,20261002,1,24,1,0.01,1364.68000000,1355.07000000
1467871200,0.00,20260605,0,26,1,0.01,1.10857000,1.11107000
1467874800,-113.00,20260605,1,26,0,0.01,1.10969000,1.11107000
1467874800,0.00,20260605,0,28,0,0.01,1.10969000,1.10719000
1467887501,-253.00,20260605,1,28,1,0.01,1.10718000,1.10719000
1468228500,0.00,20261000,0,30,0,0.01,101.71500000,100.53000000
1468233000,0.00,20261002,0,31,1,0.01,1360.55000000,1374.99000000
1468267200,103.00,20261002,1,31,0,0.01,1359.55000000,1374.99000000
1468274400,1040.00,20261000,1,30,1,0.01,102.75500000,100.53000000
1468314900,0.00,20261001,0,34,0,0.01,135.16000000,132.98100000
1468316700,0.00,20261000,0,35,0,0.01,103.47700000,102.44200000
1468332000,0.00,20260605,0,36,0,0.01,1.10933000,1.10683000
1468346252,-271.00,20260605,1,36,1,0.01,1.10674000,1.10683000
1468346400,0.00,20260605,0,38,1,0.01,1.10711000,1.10961000
1468360800,1303.00,20261000,1,35,1,0.01,104.78000000,102.44200000
1468360800,3876.00,20261001,1,34,1,0.01,139.03600000,132.98100000
1468404000,0.00,20261002,0,41,0,0.01,1342.21000000,1327.43000000
1468430197,-262.00,20260605,1,38,0,0.01,1.10962000,1.10961000
1468440000,41.00,20261002,1,41,1,0.01,1342.60000000,1327.43000000
1468487700,0.00,20261001,0,44,0,0.01,139.73500000,136.37100000
1468488600,0.00,20261000,0,45,0,0.01,105.69800000,103.96800000
1468494900,0.00,20261002,0,46,1,0.01,1329.60000000,1347.00000000
1468526400,-391.00,20261002,1,46,0,0.01,1333.31000000,1347.00000000
1468533600,-250.00,20261000,1,45,1,0.01,105.44800000,103.96800000
1468533600,824.00,20261001,1,44,1,0.01,140.55900000,136.37100000
1468602000,0.00,20260605,0,50,1,0.01,1.10806000,1.11056000
1468911600,19.00,20260605,1,50,0,0.01,1.10792000,1.11056000
1468911600,0.00,20260605,0,52,0,0.01,1.10792000,1.10542000
1468925199,-264.00,20260605,1,52,1,0.01,1.10542000,1.10542000
1469009700,0.00,20261002,0,54,1,0.01,1326.38000000,1337.72000000
1469013300,0.00,20261000,0,55,0,0.01,106.44200000,105.82100000
1469014200,0.00,20261001,0,56,0,0.06,139.42500000,138.32400000
1469044800,728.00,20261002,1,54,0,0.01,1319.56000000,1337.72000000
1469052000,408.00,20261000,1,55,1,0.01,106.85000000,105.82100000
1469052000,6324.00,20261001,1,56,1,0.06,140.47900000,138.32400000
1469100600,0.00,20261001,0,60,1,0.06,140.97900000,142.38200000
1469101500,0.00,20261000,0,61,1,0.02,105.92700000,107.48400000
1469113200,0.00,20260605,0,62,1,0.01,1.10113000,1.10363000
1469115120,-265.00,20260605,1,62,0,0.01,1.10363000,1.10363000
1469138400,72.00,20261000,1,61,0,0.02,105.89100000,107.48400000
1469138400,6924.00,20261001,1,60,0,0.06,139.82500000,142.38200000
1469462400,0.00,20260610,0,66,0,0.01,106.15300000,105.65300000
1469499576,-499.00,20260610,1,66,1,0.01,105.65200000,105.65300000
1469525400,0.00,20261001,0,68,1,0.01,136.54600000,139.09800000
1469570400,-838.00,20261001,1,68,0,0.01,137.38400000,139.09800000
1469714400,0.00,20260605,0,70,0,0.01,1.10843000,1.10593000
1469779200,0.00,20260610,0,71,1,0.01,103.28100000,103.78100000
1469790688,-500.00,20260610,1,71,0,0.01,103.78100000,103.78100000
1469793600,0.00,20260610,0,73,1,0.01,103.75000000,104.25000000
1469808280,1100.00,20260610,1,73,0,0.01,102.65000000,104.25000000
1469815283,1072.00,20260605,1,70,1,0.01,1.11895000,1.10593000
1470132900,0.00,20261002,0,76,0,0.02,1355.89000000,1346.99000000
1470134700,0.00,20261000,0,77,1,0.01,101.85400000,102.82500000
1470168000,1757.00,20261002,1,76,1,0.02,1364.61000000,1346.99000000
1470175200,936.00,20261000,1,77,0,0.01,100.91800000,102.82500000
1470320100,0.00,20261002,0,80,0,0.02,1361.51000000,1349.72000000
1470340800,198.00,20261002,1,80,1,0.02,1362.49000000,1349.72000000
1470384000,0.00,20260640,0,82,0,0.01,1362.77000000,1352.72000000
1470411020,-1018.00,20260640,1,82,1,0.01,1352.68000000,1352.72000000
1470736800,0.00,20261001,0,84,1,0.01,132.79600000,133.68400000
1470758400,0.00,20260627,0,85,1,0.01,132.51300000,133.58000000
1470780000,348.00,20261001,1,84,0,0.01,132.44800000,133.68400000
1470787200,0.00,20260605,0,87,1,0.01,1.11161000,1.11411000
1470799519,-252.00,20260605,1,87,0,0.01,1.11411000,1.11411000
1470801600,0.00,20260605,0,89,0,0.01,1.11391000,1.11141000
1470913200,0.00,20261001,0,90,1,0.06,131.22900000,132.01800000
1470948757,-4734.00,20261001,1,90,0,0.06,132.01800000,132.01800000
1470949200,-23.00,20260605,1,89,1,0.01,1.11392000,1.11141000
1470949200,0.00,20260605,0,93,1,0.01,1.11392000,1.11642000
1471015319,-251.00,20260605,1,93,0,0.01,1.11642000,1.11642000
1471017600,0.00,20260605,0,95,0,0.01,1.12099000,1.11849000
1471020365,-255.00,20260605,1,95,1,0.01,1.11846000,1.11849000
1471257900,0.00,20261001,0,97,1,0.06,130.50700000,131.19900000
1471291200,0.00,20260610,0,98,1,0.01,101.21800000,101.71800000
1471298400,828.00,20261001,1,97,0,0.06,130.36900000,131.19900000
1471338900,0.00,20261001,0,100,1,0.01,129.43100000,130.47400000
1471339800,0.00,20261002,0,101,0,0.01,1349.76000000,1338.81000000
1471351621,1070.00,20260610,1,98,0,0.01,100.11800000,101.71800000
1471367186,-1043.00,20261001,1,100,0,0.01,130.47400000,130.47400000
1471377600,-145.00,20261002,1,101,1,0.01,1348.31000000,1338.81000000
1471520700,0.00,20261001,0,105,0,0.06,131.65200000,130.00400000
1471522500,0.00,20261002,0,106,1,0.02,1346.37000000,1355.92000000
1471550400,-963.00,20261002,1,106,0,0.02,1351.18000000,1355.92000000
1471557600,-1650.00,20261001,1,105,1,0.06,131.37700000,130.00400000
1471601700,0.00,20261001,0,109,1,0.06,131.34400000,132.00600000
1471644000,1506.00,20261001,1,109,0,0.06,131.09300000,132.00600000
1471863600,0.00,20261001,0,111,0,0.01,131.85000000,131.12700000
1471896000,0.00,20260774,0,112,0,0.01,1.31316000,1.30816000
1471903200,-156.00,20261001,1,111,1,0.01,131.69400000,131.12700000
1472046223,1093.00,20260774,1,112,1,0.01,1.32416000,1.30816000
1472117400,0.00,20261001,0,115,1,0.01,132.68800000,133.27500000
1472162400,224.00,20261001,1,115,0,0.01,132.46400000,133.27500000
1472244820,-1843.00,20260627,1,85,0,0.01,133.58000000,133.58000000
1472529600,0.00,20260774,0,118,1,0.01,1.31070000,1.31570000
1472552100,0.00,20261001,0,119,0,0.06,133.81400000,133.32300000
1472553000,0.00,20261000,0,120,0,0.01,102.40600000,101.74300000
1472576595,5916.00,20261001,1,119,1,0.06,134.80000000,133.32300000
1472594400,565.00,20261000,1,120,1,0.01,102.97100000,101.74300000
1472635800,0.00,20261001,0,123,0,0.01,135.14800000,134.56400000
1472642441,-519.00,20260774,1,118,0,0.01,1.31570000,1.31570000
1472680800,586.00,20261001,1,123,1,0.01,135.73400000,134.56400000
1472726700,0.00,20261001,0,126,0,0.06,135.96400000,135.38900000
1472727600,0.00,20261000,0,127,0,0.02,103.58000000,103.05400000
1472729400,0.00,20261002,0,128,1,0.02,1304.85000000,1311.55000000
1472729558,6900.00,20261001,1,126,1,0.06,137.11400000,135.38900000
1472749235,-1391.00,20261002,1,128,0,0.02,1311.55000000,1311.55000000
1472767200,-544.00,20261000,1,127,1,0.02,103.30800000,103.05400000
1472809500,0.00,20261000,0,132,0,0.01,103.61200000,103.12500000
1472809500,0.00,20261001,0,133,0,0.01,137.55400000,136.87100000
1472830231,-489.00,20261000,1,132,1,0.01,103.12300000,103.12500000
1472832000,0.00,20260774,0,135,0,0.01,1.33310000,1.32810000
1472853600,631.00,20261001,1,133,1,0.01,138.18500000,136.87100000
1473070500,0.00,20261001,0,137,1,0.01,137.43800000,138.48600000
1473112800,-53.00,20261001,1,137,0,0.01,137.49100000,138.48600000
1473185094,1127.00,20260774,1,135,1,0.01,1.34410000,1.32810000
1473328800,0.00,20260605,0,140,0,0.01,1.12599000,1.12349000
1473336900,0.00,20261002,0,141,0,0.01,1349.09000000,1341.71000000
1473350957,-762.00,20261002,1,141,1,0.01,1341.70000000,1341.71000000
1473436788,-271.00,20260605,1,140,1,0.01,1.12344000,1.12349000
1473679800,0.00,20261000,0,144,1,0.01,102.16000000,102.65900000
1473679800,0.00,20261001,0,145,1,0.06,135.59900000,136.21800000
1473717600,313.00,20261000,1,144,0,0.01,101.84700000,102.65900000
1473717600,-1248.00,20261001,1,145,0,0.06,135.80700000,136.21800000
1473845400,0.00,20261001,0,148,0,0.01,136.41700000,135.07400000
1473857100,0.00,20261002,0,149,0,0.01,1323.98000000,1313.26000000
1473871947,-1344.00,20261001,1,148,1,0.01,135.07300000,135.07400000
1473883200,-154.00,20261002,1,149,1,0.01,1322.47000000,1313.26000000
1473926400,0.00,20260774,0,152,0,0.01,1.32536000,1.32036000
1473936601,-510.00,20260774,1,152,1,0.01,1.32035000,1.32036000
1474021800,0.00,20261001,0,154,1,0.06,134.64600000,135.23300000
1474041600,0.00,20260774,0,155,1,0.01,1.31309000,1.31809000
1474056000,0.00,20260610,0,156,0,0.01,102.32000000,101.82000000
1474056928,7044.00,20261001,1,154,0,0.06,133.47200000,135.23300000
1474059721,1126.00,20260774,1,155,0,0.01,1.30209000,1.31809000
1474257600,0.00,20260605,0,159,1,0.01,1.11560000,1.11810000
1474279200,0.00,20261001,0,160,0,0.01,133.33400000,132.68600000
1474283132,-499.00,20260610,1,156,1,0.01,101.81900000,101.82000000
1474283700,0.00,20261000,0,162,1,0.01,101.75700000,102.40700000
1474303226,-254.00,20260605,1,159,0,0.01,1.11810000,1.11810000
1474312708,-649.00,20261001,1,160,1,0.01,132.68500000,132.68600000
1474322400,-61.00,20261000,1,162,0,0.01,101.81800000,102.40700000
1474401600,0.00,20260610,0,166,1,0.01,101.66400000,102.16400000
1474442283,-532.00,20260610,1,166,0,0.01,102.16600000,102.16400000
1474444800,0.00,20260610,0,168,0,0.01,102.61500000,102.11500000
1474452921,-500.00,20260610,1,168,1,0.01,102.11500000,102.11500000
1474454700,0.00,20261002,0,170,0,0.02,1321.50000000,1307.77000000
1474473600,0.00,20260610,0,171,1,0.01,100.70000000,101.20000000
1474488000,836.00,20261002,1,170,1,0.02,1325.65000000,1307.77000000
1474542000,0.00,20261000,0,173,0,0.01,100.66000000,100.09000000
1474563600,0.00,20260605,0,174,0,0.01,1.12506000,1.12256000
1474571795,-253.00,20260605,1,174,1,0.01,1.12255000,1.12256000
1474581600,0.00,20260605,0,176,1,0.01,1.12002000,1.12252000
1474581600,225.00,20261000,1,173,1,0.01,100.88500000,100.09000000
1474604317,-620.00,20260610,1,171,0,0.01,101.20100000,101.20000000
1474617600,0.00,20260610,0,179,1,0.01,101.09300000,101.59300000
1474622100,0.00,20261001,0,180,1,0.01,131.51100000,132.27600000
1474639180,-251.00,20260605,1,176,0,0.01,1.12252000,1.12252000
1474668000,461.00,20261001,1,180,0,0.01,131.05000000,132.27600000
1474883100,0.00,20261001,0,183,1,0.01,130.62400000,131.22100000
1474886700,0.00,20261000,0,184,1,0.01,100.54600000,101.07100000
1474927200,191.00,20261000,1,184,0,0.01,100.35500000,101.07100000
1474927200,498.00,20261001,1,183,0,0.01,130.12600000,131.22100000
1474967700,0.00,20261001,0,187,0,0.01,131.14000000,129.61900000
1474995600,0.00,20260605,0,188,0,0.01,1.12154000,1.11904000
1474998365,-251.00,20260605,1,188,1,0.01,1.11904000,1.11904000
1474999200,0.00,20260605,0,190,1,0.01,1.11972000,1.12222000
1475002800,-111.00,20260605,1,190,0,0.01,1.12083000,1.12222000
1475002800,0.00,20260605,0,192,0,0.01,1.12083000,1.11833000
1475013600,-573.00,20261001,1,187,1,0.01,130.56700000,129.61900000
1475058341,-260.00,20260605,1,192,1,0.01,1.11833000,1.11833000
1475138372,-679.00,20260610,1,179,0,0.01,101.59300000,101.59300000
1475140500,0.00,20261001,0,196,0,0.01,132.39900000,130.98800000
1475179200,0.00,20260610,0,197,1,0.01,101.13600000,101.63600000
1475179350,-1413.00,20261001,1,196,1,0.01,130.98600000,130.98800000
1475215478,-532.00,20260610,1,197,0,0.01,101.63800000,101.63600000
1475227800,0.00,20261000,0,200,1,0.02,100.76800000,101.76900000
1475227800,0.00,20261001,0,201,1,0.06,130.65100000,131.94000000
1475254800,0.00,20260605,0,202,1,0.01,1.12081000,1.12331000
1475257657,-253.00,20260605,1,202,0,0.01,1.12331000,1.12331000
1475258400,0.00,20260605,0,204,0,0.01,1.12401000,1.12151000
1475259302,-7734.00,20261001,1,201,0,0.06,131.94000000,131.94000000
1475272800,-1300.00,20261000,1,200,0,0.02,101.41800000,101.76900000
1475489700,0.00,20261001,0,207,1,0.06,130.48800000,131.49100000
1475514028,-262.00,20260605,1,204,1,0.01,1.12151000,1.12151000
1475532000,-876.00,20261001,1,207,0,0.06,130.63400000,131.49100000
1475539200,0.00,20260610,0,210,0,0.01,101.65300000,101.15300000
1475602024,1100.00,20260610,1,210,1,0.01,102.75300000,101.15300000
1475643600,0.00,20260605,0,212,0,0.01,1.12229000,1.11979000
1475686840,-257.00,20260605,1,212,1,0.01,1.11979000,1.11979000
1476353700,0.00,20261001,0,214,1,0.01,126.08300000,127.46000000
1476396000,-895.00,20261001,1,214,0,0.01,126.97800000,127.46000000
1476784800,0.00,20261002,0,216,0,0.01,1262.31000000,1254.43000000
1476785700,0.00,20261001,0,217,0,0.01,127.43400000,126.44700000
1476820800,5.00,20261002,1,216,1,0.01,1262.36000000,1254.43000000
1476828000,246.00,20261001,1,217,1,0.01,127.68000000,126.44700000
1476873000,0.00,20261000,0,220,1,0.01,103.43500000,103.94100000
1476907200,0.00,20260627,0,221,1,0.01,126.75200000,127.79300000
1476914400,22.00,20261000,1,220,0,0.01,103.41300000,103.94100000
1476950400,0.00,20260610,0,223,0,0.01,103.63100000,103.13100000
1477379079,-1287.00,20260627,1,221,0,0.01,127.79400000,127.79300000
1477392300,0.00,20261002,0,225,0,0.01,1268.95000000,1261.98000000
1477410822,1109.00,20260610,1,223,1,0.01,104.73400000,103.13100000
1477425600,0.00,20260627,0,227,1,0.01,127.13300000,128.12400000
1477425600,304.00,20261002,1,225,1,0.01,1271.85000000,1261.98000000
1477535555,-1154.00,20260627,1,227,0,0.01,128.12400000,128.12400000
1477568700,0.00,20261001,0,230,0,0.06,128.19100000,127.40800000
1477605600,-162.00,20261001,1,230,1,0.06,128.16400000,127.40800000
1477908900,0.00,20261001,0,232,0,0.01,127.99400000,127.41800000
1477951200,327.00,20261001,1,232,1,0.01,128.32100000,127.41800000
1477958400,0.00,20260605,0,234,0,0.01,1.09774000,1.09524000
1477993500,0.00,20261001,0,235,0,0.06,128.41800000,127.93800000
1477995300,0.00,20261000,0,236,0,0.01,105.07700000,104.65900000
1477999800,0.00,20261002,0,237,0,0.01,1281.86000000,1275.52000000
1478017640,-419.00,20261000,1,236,1,0.01,104.65800000,104.65900000
1478017662,-2898.00,20261001,1,235,1,0.06,127.93500000,127.93800000
1478030400,695.00,20261002,1,237,1,0.01,1288.50000000,1275.52000000
1478080800,0.00,20261002,0,241,0,0.01,1295.47000000,1287.21000000
1478081235,1091.00,20260605,1,234,1,0.01,1.10824000,1.09524000
1478081700,0.00,20261000,0,243,1,0.01,103.50400000,104.15800000
1478116800,968.00,20261002,1,241,1,0.01,1304.84000000,1287.21000000
1478124000,103.00,20261000,1,243,0,0.01,103.40100000,104.15800000
1478169900,0.00,20261002,0,246,1,0.02,1294.81000000,1306.61000000
1478203200,-1226.00,20261002,1,246,0,0.02,1300.74000000,1306.61000000
1478250900,0.00,20261001,0,248,0,0.01,128.82500000,128.24600000
1478296800,36.00,20261001,1,248,1,0.01,128.86100000,128.24600000
1478516400,0.00,20261002,0,250,1,0.01,1285.21000000,1295.70000000
1478548800,277.00,20261002,1,250,0,0.01,1282.53000000,1295.70000000
1478563200,0.00,20260650,0,252,0,0.76,80.75000000,0.00000000
1478598300,0.00,20261001,0,253,0,0.01,129.79100000,129.25500000
1478642400,424.00,20261001,1,253,1,0.01,130.21500000,129.25500000
1478764800,0.00,20260605,0,255,1,0.01,1.09415000,1.09665000
1478774700,0.00,20261001,0,256,0,0.06,131.81200000,130.27500000
1478776500,0.00,20261002,0,257,0,0.01,1290.96000000,1274.21000000
1478778300,0.00,20261000,0,258,0,0.02,106.15000000,104.95900000
1478794051,-1790.00,20261002,1,257,1,0.01,1274.20000000,1274.21000000
1478815200,1344.00,20261000,1,258,1,0.02,106.82200000,104.95900000
1478815200,14310.00,20261001,1,256,1,0.06,134.19700000,130.27500000
1478861100,0.00,20261001,0,262,0,0.06,134.30200000,133.41800000
1478889930,1124.00,20260605,1,255,0,0.01,1.08365000,1.09665000
1478901600,1368.00,20261001,1,262,1,0.06,134.53000000,133.41800000
1479119400,0.00,20261000,0,265,0,0.01,107.79400000,106.72700000
1479160800,713.00,20261000,1,265,1,0.01,108.50700000,106.72700000
1479206700,0.00,20261001,0,267,1,0.01,134.31800000,135.51800000
1479243059,-1202.00,20261001,1,267,0,0.01,135.52000000,135.51800000
1479287700,0.00,20261001,0,269,0,0.01,136.44900000,135.62200000
1479333600,-665.00,20261001,1,269,1,0.01,135.78400000,135.62200000
1479375000,0.00,20261001,0,271,0,0.01,135.94500000,134.98300000
1479420000,475.00,20261001,1,271,1,0.01,136.42000000,134.98300000
1479441600,0.00,20260640,0,273,1,0.01,1205.89000000,1219.30000000
1479461400,0.00,20261001,0,274,0,0.01,137.33200000,136.52900000
1479478299,-803.00,20261001,1,274,1,0.01,136.52900000,136.52900000
1479726000,0.00,20261001,0,276,1,0.06,136.53000000,137.20200000
1479738420,-4038.00,20261001,1,276,0,0.06,137.20300000,137.20200000
1479781602,-1432.00,20260640,1,273,0,0.01,1219.31000000,1219.30000000
1479806100,0.00,20261001,0,279,0,0.01,138.78600000,137.87100000
1479817171,-918.00,20261001,1,279,1,0.01,137.86800000,137.87100000
1479978900,0.00,20261001,0,281,0,0.01,140.37100000,139.60700000
1479980700,0.00,20261000,0,282,0,0.01,113.20900000,112.37100000
1479988800,0.00,20260628,0,283,0,0.01,83.65500000,83.02700000
1480024800,184.00,20261000,1,282,1,0.01,113.39300000,112.37100000
1480024800,810.00,20261001,1,281,1,0.01,141.18100000,139.60700000
1480065300,0.00,20261000,0,286,1,0.02,112.97300000,113.89000000
1480065300,0.00,20261001,0,287,1,0.06,140.78700000,141.72900000
1480075200,0.00,20260774,0,288,0,0.01,1.24731000,1.24231000
1480111200,-156.00,20261000,1,286,0,0.02,113.05100000,113.89000000
1480111200,-1674.00,20261001,1,287,0,0.06,141.06600000,141.72900000
1480334727,-570.00,20260774,1,288,1,0.01,1.24230000,1.24231000
1480348800,0.00,20260622,0,292,0,0.01,112.69600000,111.38300000
1480377600,0.00,20260724,0,293,0,0.01,724.34000000,181.09000000
1480411800,0.00,20261001,0,294,0,0.01,139.41300000,138.49400000
1480417200,0.00,20261000,0,295,0,0.01,112.59900000,111.61200000
1480434195,1839.00,20261001,1,294,1,0.01,141.25200000,138.49400000
1480456800,-301.00,20261000,1,295,1,0.01,112.29800000,111.61200000
1480503600,0.00,20261001,0,298,0,0.01,141.11100000,139.95900000
1480510800,0.00,20260605,0,299,0,0.01,1.06532000,1.06282000
1480515680,-284.00,20260605,1,299,1,0.01,1.06282000,1.06282000
1480525200,0.00,20260605,0,301,1,0.01,1.05987000,1.06237000
1480528800,-132.00,20260605,1,301,0,0.01,1.06103000,1.06237000
1480528800,0.00,20260605,0,303,0,0.01,1.06103000,1.05853000
1480529037,-285.00,20260605,1,303,1,0.01,1.05853000,1.05853000
1480543200,1801.00,20261001,1,298,1,0.01,142.91200000,139.95900000
1480579200,0.00,20260605,0,306,0,0.01,1.06149000,1.05899000
1480608000,0.00,20260629,0,307,0,0.01,1.06288000,0.00000000
1480608000,0.00,20260629,0,308,1,0.01,1.26898000,0.00000000
1480611600,-214.00,20260605,1,306,1,0.01,1.05962000,1.05899000
1480611600,0.00,20260605,0,310,1,0.01,1.05962000,1.06212000
1480615815,-286.00,20260605,1,310,0,0.01,1.06212000,1.06212000
1480670100,0.00,20261001,0,312,0,0.01,144.18100000,142.89800000
1480716000,272.00,20261001,1,312,1,0.01,144.45300000,142.89800000
1480932900,0.00,20261002,0,314,1,0.01,1170.42000000,1187.91000000
1480932900,0.00,20261000,0,315,0,0.01,114.01800000,112.86800000
1480935600,0.00,20260605,0,316,0,0.01,1.06386000,1.06136000
1480966525,1196.00,20260605,1,316,1,0.01,1.07436000,1.06136000
1480968000,-448.00,20261002,1,314,0,0.01,1174.37000000,1187.91000000
1480975200,-268.00,20261000,1,315,1,0.01,113.75000000,112.86800000
1481097600,0.00,20260640,0,320,1,0.01,1166.73000000,1181.98000000
1481196600,0.00,20261001,0,321,0,0.01,144.13500000,143.07500000
1481234400,-585.00,20261001,1,321,1,0.01,143.55000000,143.07500000
1481248800,0.00,20260605,0,323,1,0.01,1.06204000,1.06454000
1481280300,0.00,20261001,0,324,0,0.01,144.17700000,143.31800000
1481299200,0.00,20260627,0,325,0,0.01,144.65000000,143.23500000
1481310939,2653.00,20260622,1,292,1,0.01,115.32300000,111.38300000
1481313600,0.00,20260622,0,327,0,0.02,115.32200000,114.35200000
1481320800,603.00,20261001,1,324,1,0.01,144.78000000,143.31800000
1481535000,0.00,20261001,0,329,0,0.01,145.74100000,144.89800000
1481537700,0.00,20261000,0,330,0,0.01,115.95500000,115.15000000
1481570277,-805.00,20261000,1,330,1,0.01,115.15000000,115.15000000
1481571819,-287.00,20260605,1,323,0,0.01,1.06455000,1.06454000
1481580000,93.00,20261001,1,329,1,0.01,145.83400000,144.89800000
1481587200,-445.00,20260724,1,293,1,0.01,771.51000000,181.09000000
1481594400,0.00,20260605,0,335,1,0.01,1.06411000,1.06661000
1481624100,0.00,20261001,0,336,0,0.01,146.27500000,145.48000000
1481652842,-288.00,20260605,1,335,0,0.01,1.06661000,1.06661000
1481666400,-361.00,20261001,1,336,1,0.01,145.91400000,145.48000000
1481673600,0.00,20260724,0,339,0,0.01,769.52000000,192.38000000
1481749962,3214.00,20260628,1,283,1,0.01,86.79700000,83.02700000
1481755721,3894.00,20260622,1,327,1,0.02,117.26300000,114.35200000
1481760000,0.00,20260628,0,342,0,0.01,86.71900000,86.19900000
1481769039,3708.00,20260640,1,320,0,0.01,1136.23000000,1181.98000000
1481803200,0.00,20260622,0,344,0,0.01,117.89900000,116.80300000
1481803200,0.00,20260640,0,345,1,0.01,1136.85000000,1149.44000000
1481805000,0.00,20261002,0,346,1,0.01,1132.53000000,1144.28000000
1481832000,443.00,20261002,1,346,0,0.01,1128.77000000,1144.28000000
1481881500,0.00,20261001,0,348,0,0.01,147.03700000,146.24300000
1481909257,-517.00,20260628,1,342,1,0.01,86.19800000,86.19900000
1481925600,123.00,20261001,1,348,1,0.01,147.16000000,146.24300000
1482138900,0.00,20261001,0,351,1,0.01,146.21000000,147.32200000
1482170739,-1092.00,20260622,1,344,1,0.01,116.80300000,116.80300000
1482184800,815.00,20261001,1,351,0,0.01,145.39500000,147.32200000
1482220800,0.00,20260622,0,354,0,0.01,117.69300000,116.60400000
1482228900,0.00,20261001,0,355,0,0.01,146.24700000,144.90100000
1482229800,0.00,20261000,0,356,0,0.01,118.16000000,116.97900000
1482238800,3993.00,20260629,1,308,0,0.01,1.23441000,0.00000000
1482238800,-2986.00,20260629,1,307,1,0.01,1.03886000,0.00000000
1482244200,0.00,20261002,0,359,1,0.01,1130.43000000,1139.56000000
1482264000,-262.00,20261002,1,359,0,0.01,1132.65000000,1139.56000000
1482271200,-366.00,20261000,1,356,1,0.01,117.79400000,116.97900000
1482271200,-601.00,20261001,1,355,1,0.01,145.64600000,144.90100000
1482317100,0.00,20261001,0,363,1,0.01,145.18900000,145.86100000
1482350400,0.00,20260774,0,364,1,0.01,1.23518000,1.24018000
1482357600,-8.00,20261001,1,363,0,0.01,145.19700000,145.86100000
1482506426,1273.00,20260774,1,364,0,0.01,1.22417000,1.24018000
1482832237,-1350.00,20260640,1,345,0,0.01,1149.50000000,1149.44000000
1482832800,0.00,20261002,0,368,0,0.01,1144.06000000,1131.49000000
1482868800,-803.00,20261002,1,368,1,0.01,1137.22000000,1131.49000000
1482883200,-332.00,20260724,1,339,1,0.01,923.75000000,192.38000000
1482930000,0.00,20260605,0,371,1,0.01,1.04314000,1.04564000
1482958530,-1364.00,20260627,1,325,1,0.01,143.23500000,143.23500000
1482984000,-37.00,20260605,1,371,0,0.01,1.04350000,1.04564000
1482984000,0.00,20260605,0,374,0,0.01,1.04350000,1.04100000
1482991640,-1068.00,20260622,1,354,1,0.01,116.60300000,116.60400000
1483061960,1224.00,20260605,1,374,1,0.01,1.05407000,1.04100000
1483091100,0.00,20261001,0,377,0,0.01,143.56100000,142.67200000
1483092000,0.00,20261000,0,378,0,0.01,117.10500000,116.03700000
1483135200,-360.00,20261000,1,378,1,0.01,116.74500000,116.03700000
1483135200,322.00,20261001,1,377,1,0.01,143.88300000,142.67200000
1483434900,0.00,20261000,0,381,0,0.02,117.70200000,117.20800000
1483434900,0.00,20261001,0,382,0,0.01,144.62200000,143.95600000
1483443900,0.00,20261002,0,383,1,0.02,1148.37000000,1158.63000000
1483466400,0.00,20260605,0,384,1,0.01,1.03839000,1.04089000
1483467500,-2426.00,20261002,1,383,0,0.02,1158.66000000,1158.63000000
1483467519,-294.00,20260605,1,384,0,0.01,1.04089000,1.04089000
1483473575,-666.00,20261001,1,382,1,0.01,143.95600000,143.95600000
1483480800,-78.00,20261000,1,381,1,0.02,117.66300000,117.20800000
1483521300,0.00,20261001,0,389,0,0.01,144.79600000,143.89800000
1483525800,0.00,20261002,0,390,0,0.01,1164.44000000,1156.02000000
1483549048,-898.00,20261001,1,389,1,0.01,143.89800000,143.89800000
1483549200,0.00,20260605,0,392,0,0.01,1.04631000,1.04381000
1483560000,41.00,20261002,1,390,1,0.01,1164.79000000,1156.02000000
1483605521,1211.00,20260605,1,392,1,0.01,1.05684000,1.04381000
1483660801,0.00,20260724,0,395,0,0.01,996.04000000,249.01000000
1483704000,0.00,20260774,0,396,1,0.01,1.23852000,1.24352000
1483735875,1294.00,20260774,1,396,0,0.01,1.22752000,1.24352000
1483952400,0.00,20260629,0,398,1,0.01,1.05321000,0.00000000
1483952400,0.00,20260629,0,399,0,0.01,1.21803000,0.00000000
1483953300,0.00,20261001,0,400,1,0.01,142.91300000,143.84000000
1483999200,1739.00,20261001,1,400,0,0.01,141.17400000,143.84000000
1484135100,0.00,20261001,0,402,1,0.06,140.69000000,141.46200000
1484164800,0.00,20260605,0,403,0,0.01,1.05594000,1.05344000
1484172000,-1344.00,20261001,1,402,0,0.06,140.91400000,141.46200000
1484216100,0.00,20261002,0,405,0,0.01,1202.51000000,1190.38000000
1484230635,1208.00,20260605,1,403,1,0.01,1.06644000,1.05344000
1484251200,-293.00,20261002,1,405,1,0.01,1200.02000000,1190.38000000
1484558100,0.00,20261001,0,408,1,0.01,136.79000000,137.90200000
1484566217,-1113.00,20261001,1,408,0,0.01,137.90300000,137.90200000
1484648100,0.00,20261002,0,410,0,0.01,1214.24000000,1202.36000000
1484651700,0.00,20261000,0,411,1,0.01,113.10100000,114.27600000
1484683200,-128.00,20261002,1,410,1,0.01,1213.11000000,1202.36000000
1484690400,433.00,20261000,1,411,0,0.01,112.66800000,114.27600000
1484740800,0.00,20260610,0,414,1,0.01,113.22600000,113.72600000
1484776830,-500.00,20260610,1,414,0,0.01,113.72600000,113.72600000
1484823600,1428.00,20260629,1,399,1,0.01,1.23103000,0.00000000
1484823600,-1385.00,20260629,1,398,0,0.01,1.06558000,0.00000000
1484870400,-620.00,20260724,1,395,1,0.01,895.64000000,249.01000000
1485144000,0.00,20260610,0,419,1,0.01,113.63500000,114.13500000
1485220874,1070.00,20260610,1,419,0,0.01,112.53500000,114.13500000
1485230400,0.00,20260610,0,421,1,0.01,112.94300000,113.44300000
1485250200,0.00,20261001,0,422,1,0.06,140.98700000,141.60400000
1485251921,-500.00,20260610,1,421,0,0.01,113.44300000,113.44300000
1485252000,0.00,20261002,0,424,1,0.01,1213.00000000,1219.98000000
1485256085,-3702.00,20261001,1,422,0,0.06,141.60400000,141.60400000
1485256500,0.00,20261001,0,426,0,0.01,141.65900000,141.00400000
1485258218,-655.00,20261001,1,426,1,0.01,141.00400000,141.00400000
1485288000,11.00,20261002,1,424,0,0.01,1212.90000000,1219.98000000
1485336600,0.00,20261001,0,429,1,0.01,141.96700000,142.77400000
1485342000,0.00,20261002,0,430,1,0.01,1201.64000000,1209.64000000
1485343096,-807.00,20261001,1,429,0,0.01,142.77400000,142.77400000
1485343800,0.00,20261001,0,432,0,0.06,142.88600000,141.98400000
1485374400,408.00,20261002,1,430,0,0.01,1198.04000000,1209.64000000
1485381600,3072.00,20261001,1,432,1,0.06,143.39800000,141.98400000
1485426600,0.00,20261001,0,435,0,0.01,143.95700000,142.87500000
1485431100,0.00,20261002,0,436,1,0.01,1194.94000000,1202.44000000
1485431100,0.00,20261000,0,437,0,0.01,113.92700000,113.04100000
1485432000,0.00,20260774,0,438,0,0.01,1.26340000,1.25840000
1485439300,-571.00,20260774,1,438,1,0.01,1.25840000,1.25840000
1485460800,877.00,20261002,1,436,0,0.01,1187.29000000,1202.44000000
1485468000,413.00,20261000,1,437,1,0.01,114.34000000,113.04100000
1485468000,193.00,20261001,1,435,1,0.01,144.15000000,142.87500000
1485770400,0.00,20260605,0,443,1,0.01,1.06994000,1.07244000
1485774000,0.00,20261001,0,444,1,0.01,143.62300000,144.61400000
1485813600,1688.00,20261001,1,444,0,0.01,141.93500000,144.61400000
1485828000,-102.00,20260605,1,443,0,0.01,1.07085000,1.07244000
1485828000,0.00,20260605,0,447,0,0.01,1.07085000,1.06835000
1485856800,0.00,20261001,0,448,1,0.01,141.71700000,142.37300000
1485859179,-656.00,20261001,1,448,0,0.01,142.37300000,142.37300000
1485871200,0.00,20261002,0,450,0,0.01,1204.46000000,1193.60000000
1485892800,0.00,20260774,0,451,0,0.01,1.25708000,1.25208000
1485892800,676.00,20261002,1,450,1,0.01,1210.37000000,1193.60000000
1485942300,0.00,20261001,0,453,0,0.01,142.52200000,141.64300000
1485943200,0.00,20261000,0,454,0,0.01,113.57800000,112.63100000
1485986400,-564.00,20261000,1,454,1,0.01,113.01400000,112.63100000
1485986400,712.00,20261001,1,453,1,0.01,143.23400000,141.64300000
1486030826,1226.00,20260774,1,451,1,0.01,1.26808000,1.25208000
1486032434,1151.00,20260605,1,447,1,0.01,1.08135000,1.06835000
1486037700,0.00,20261002,0,459,0,0.01,1221.28000000,1208.28000000
1486065600,-675.00,20261002,1,459,1,0.01,1215.31000000,1208.28000000
1486116900,0.00,20261001,0,461,0,0.01,141.72000000,140.83500000
1486126800,0.00,20260605,0,462,0,0.01,1.07394000,1.07144000
1486130400,-106.00,20260605,1,462,1,0.01,1.07300000,1.07144000
1486130400,0.00,20260605,0,464,1,0.01,1.07300000,1.07550000
1486135840,-284.00,20260605,1,464,0,0.01,1.07551000,1.07550000
1486135842,-887.00,20261001,1,461,1,0.01,140.83300000,140.83500000
1486339200,0.00,20260724,0,467,0,0.01,999.54000000,249.89000000
1486400400,0.00,20260605,0,468,1,0.01,1.07280000,1.07530000
1486411200,0.00,20260640,0,469,0,0.01,1231.00000000,1219.37000000
1486414800,-179.00,20260605,1,468,0,0.01,1.07438000,1.07530000
1486414800,0.00,20260605,0,471,0,0.01,1.07438000,1.07188000
1486444301,-292.00,20260605,1,471,1,0.01,1.07188000,1.07188000
1486462500,0.00,20261001,0,473,1,0.01,138.82100000,139.63400000
1486483200,0.00,20260774,0,474,0,0.01,1.23690000,1.23190000
1486490622,-816.00,20261001,1,473,0,0.01,139.63700000,139.63400000
1486492117,1243.00,20260774,1,474,1,0.01,1.24790000,1.23190000
1487006981,-2022.00,20260640,1,469,1,0.01,1219.36000000,1219.37000000
1487242800,0.00,20261000,0,478,1,0.01,113.61400000,114.30400000
1487282400,493.00,20261000,1,478,0,0.01,113.12100000,114.30400000
1487328300,0.00,20261001,0,480,1,0.06,141.29300000,141.93000000
1487332800,0.00,20260640,0,481,0,0.01,1240.79000000,1230.76000000
1487333131,7644.00,20261001,1,480,0,0.06,140.01900000,141.93000000
1487582100,0.00,20261001,0,483,0,0.01,140.73400000,140.00700000
1487628000,245.00,20261001,1,483,1,0.01,140.97900000,140.00700000
1487675491,-1338.00,20260640,1,481,1,0.01,1230.75000000,1230.76000000
1487707200,0.00,20260640,0,486,0,0.01,1238.40000000,1228.85000000
1487763000,0.00,20261000,0,487,1,0.01,113.12300000,113.72400000
1487800800,3.00,20261000,1,487,0,0.01,113.12000000,113.72400000
1487800830,-449.00,20260724,1,467,1,0.01,1122.64000000,249.89000000
1487844900,0.00,20261001,0,490,0,0.06,141.30500000,140.68500000
1487887200,408.00,20261001,1,490,1,0.06,141.37300000,140.68500000
1487934000,0.00,20261001,0,492,1,0.06,141.14500000,141.75900000
1487936700,0.00,20261000,0,493,1,0.02,112.43800000,112.94900000
1487942622,1645.00,20260640,1,486,1,0.01,1257.53000000,1228.85000000
1487952000,0.00,20260640,0,495,0,0.01,1260.15000000,1250.88000000
1487952000,0.00,20260605,0,496,0,0.01,1.06146000,1.05896000
1487953051,-281.00,20260605,1,496,1,0.01,1.05896000,1.05896000
1487955600,0.00,20260605,0,498,1,0.01,1.05711000,1.05961000
1487964149,7380.00,20261001,1,492,0,0.06,139.91500000,141.75900000
1487964151,-280.00,20260605,1,498,0,0.01,1.05961000,1.05961000
1487973600,912.00,20261000,1,493,0,0.02,111.98200000,112.94900000
1488232800,0.00,20260605,0,502,1,0.01,1.05877000,1.06127000
1488235985,-1138.00,20260640,1,495,1,0.01,1250.88000000,1250.88000000
1488274200,0.00,20261001,0,504,1,0.01,139.66500000,140.31000000
1488301465,-278.00,20260605,1,502,0,0.01,1.06127000,1.06127000
1488319200,505.00,20261001,1,504,0,0.01,139.16000000,140.31000000
1488326400,0.00,20260605,0,507,1,0.01,1.05753000,1.06003000
1488366900,0.00,20261001,0,508,0,0.01,140.63700000,139.50700000
1488377700,0.00,20261002,0,509,1,0.01,1241.33000000,1249.10000000
1488398400,-657.00,20261002,1,509,0,0.01,1247.20000000,1249.10000000
1488405600,-1026.00,20261001,1,508,1,0.01,139.61100000,139.50700000
1488448800,0.00,20261001,0,512,0,0.01,140.29700000,139.75500000
1488456900,0.00,20261002,0,513,1,0.01,1243.41000000,1249.78000000
1488481829,1069.00,20261002,1,513,0,0.01,1233.86000000,1249.78000000
1488492000,61.00,20261001,1,512,1,0.01,140.35800000,139.75500000
1488541500,0.00,20261001,0,516,1,0.01,139.74500000,140.42300000
1488563072,-683.00,20261001,1,516,0,0.01,140.42800000,140.42300000
1488571200,0.00,20260610,0,518,0,0.01,114.45200000,113.95200000
1488575383,-285.00,20260605,1,507,0,0.01,1.06009000,1.06003000
1488578861,-500.00,20260610,1,518,1,0.01,113.95200000,113.95200000
1488792600,0.00,20261001,0,521,1,0.01,139.58500000,140.30900000
1488837600,154.00,20261001,1,521,0,0.01,139.43100000,140.30900000
1488873600,0.00,20260774,0,523,1,0.01,1.22388000,1.22888000
1488880800,0.00,20261001,0,524,1,0.06,139.14000000,139.62100000
1488916800,0.00,20260605,0,525,0,0.01,1.05756000,1.05506000
1488920400,-109.00,20260605,1,525,1,0.01,1.05660000,1.05506000
1488920400,0.00,20260605,0,527,1,0.01,1.05660000,1.05910000
1488924000,-174.00,20261001,1,524,0,0.06,139.16900000,139.62100000
1488966300,0.00,20261001,0,529,1,0.01,138.59200000,139.13800000
1488985228,-546.00,20261001,1,529,0,0.01,139.13800000,139.13800000
1488988800,0.00,20260610,0,531,0,0.01,114.59100000,114.09100000
1489057200,0.00,20261000,0,532,0,0.01,114.88600000,114.29800000
1489075085,-294.00,20260605,1,527,0,0.01,1.05922000,1.05910000
1489075200,0.00,20260605,0,534,0,0.01,1.05852000,1.05602000
1489096800,-33.00,20261000,1,532,1,0.01,114.85300000,114.29800000
1489137300,0.00,20261001,0,536,0,0.01,140.44100000,139.63300000
1489165889,-808.00,20261001,1,536,1,0.01,139.63300000,139.63300000
1489182389,1199.00,20260605,1,534,1,0.01,1.06904000,1.05602000
1489395630,0.00,20260724,0,539,0,0.01,1242.02000000,310.51000000
1489396500,0.00,20261001,0,540,0,0.01,140.12800000,139.48800000
1489442400,242.00,20261001,1,540,1,0.01,140.37000000,139.48800000
1489482219,1232.00,20260774,1,523,0,0.01,1.21288000,1.22888000
1489484700,0.00,20261000,0,543,0,0.01,115.13600000,114.75400000
1489486500,0.00,20261001,0,544,1,0.01,139.47500000,140.40800000
1489506957,-382.00,20261000,1,543,1,0.01,114.75400000,114.75400000
1489528800,34.00,20261001,1,544,0,0.01,139.44100000,140.40800000
1489608030,-486.00,20260610,1,531,1,0.01,114.09100000,114.09100000
1489636800,0.00,20260610,0,548,1,0.01,113.38300000,113.88300000
1489656600,0.00,20261000,0,549,1,0.01,113.03000000,113.54000000
1489657500,0.00,20261002,0,550,0,0.01,1228.81000000,1218.50000000
1489657500,0.00,20261001,0,551,1,0.01,138.70000000,139.54900000
1489668797,-510.00,20261000,1,549,0,0.01,113.54000000,113.54000000
1489672899,-849.00,20261001,1,551,0,0.01,139.54900000,139.54900000
1489694400,-266.00,20261002,1,550,1,0.01,1226.46000000,1218.50000000
1490001300,0.00,20261001,0,555,0,0.01,139.81400000,139.28900000
1490031722,-525.00,20261001,1,555,1,0.01,139.28900000,139.28900000
1490063022,1020.00,20260610,1,548,0,0.01,112.27300000,113.88300000
1490087700,0.00,20261001,0,558,0,0.01,139.57100000,138.91400000
1490133600,-152.00,20261001,1,558,1,0.01,139.41900000,138.91400000
1490140830,0.00,20260610,0,560,1,0.01,111.77200000,112.27200000
1490177700,0.00,20261001,0,561,1,0.01,138.95300000,139.48000000
1490181300,0.00,20261000,0,562,1,0.01,111.18700000,111.78600000
1490201011,1054.00,20261001,1,561,0,0.01,137.89900000,139.48000000
1490220000,53.00,20261000,1,562,0,0.01,111.13400000,111.78600000
1490261400,0.00,20261000,0,565,1,0.01,111.11600000,111.57200000
1490266800,0.00,20261001,0,566,1,0.06,138.51600000,139.27400000
1490281543,1015.00,20260610,1,560,0,0.01,110.66800000,112.27200000
1490292932,-4572.00,20261001,1,566,0,0.06,139.27800000,139.27400000
1490306400,119.00,20261000,1,565,0,0.01,110.99700000,111.57200000
1490356800,0.00,20260774,0,570,0,0.01,1.24939000,1.24439000
1490627731,1227.00,20260774,1,570,1,0.01,1.26048000,1.24439000
1490774400,0.00,20260774,0,572,0,0.01,1.24117000,1.23617000
1490821200,0.00,20260605,0,573,1,0.01,1.07544000,1.07794000
1490868900,0.00,20261001,0,574,1,0.06,137.94000000,138.70500000
1490887839,-4590.00,20261001,1,574,0,0.06,138.70500000,138.70500000
1490891922,1230.00,20260774,1,572,1,0.01,1.25236000,1.23617000
1490954400,0.00,20261001,0,577,1,0.06,139.33200000,140.07800000
1490997600,-906.00,20261001,1,577,0,0.06,139.48300000,140.07800000
1491219900,0.00,20261001,0,579,1,0.06,139.29500000,139.88300000
1491242439,1174.00,20260605,1,573,0,0.01,1.06494000,1.07794000
1491256800,5316.00,20261001,1,579,0,0.06,138.40900000,139.88300000
1491392700,0.00,20261001,0,582,0,0.01,138.10600000,137.54700000
1491429600,347.00,20261001,1,582,1,0.01,138.45300000,137.54700000
1491487200,0.00,20261002,0,584,1,0.01,1251.15000000,1258.78000000
1491508800,-196.00,20261002,1,584,0,0.01,1252.92000000,1258.78000000
1491811200,0.00,20260774,0,586,0,0.01,1.23879000,1.23379000
1491903900,0.00,20261001,0,587,1,0.01,137.31300000,137.71800000
1491910565,-416.00,20261001,1,587,0,0.01,137.72900000,137.71800000
1491993000,0.00,20261001,0,589,0,0.06,137.05900000,136.50800000
1491994580,1214.00,20260774,1,586,1,0.01,1.24980000,1.23379000
1492027200,0.00,20260628,0,591,1,0.01,81.94800000,82.63200000
1492034400,-186.00,20261001,1,589,1,0.06,137.02800000,136.50800000
1492071700,-735.00,20260628,1,591,0,0.01,82.63200000,82.63200000
1492074900,0.00,20261001,0,594,0,0.01,137.07300000,136.47700000
1492077600,0.00,20261000,0,595,0,0.02,109.20800000,108.71900000
1492106400,0.00,20260605,0,596,1,0.01,1.06233000,1.06483000
1492113872,-600.00,20261001,1,594,1,0.01,136.47300000,136.47700000
1492120800,-144.00,20261000,1,595,1,0.02,109.13600000,108.71900000
1492171200,0.00,20260628,0,599,1,0.01,82.39300000,82.98400000
1492424069,-278.00,20260605,1,596,0,0.01,1.06491000,1.06483000
1492508700,0.00,20261001,0,601,0,0.01,137.21100000,136.75400000
1492517070,-458.00,20261001,1,601,1,0.01,136.75300000,136.75400000
1492527600,0.00,20260605,0,603,0,0.01,1.06791000,1.06541000
1492549200,0.00,20260629,0,604,0,0.01,1.07233000,0.00000000
1492549200,0.00,20260629,0,605,1,0.01,1.28295000,0.00000000
1492596900,0.00,20261001,0,606,0,0.01,139.80800000,139.05400000
1492597800,0.00,20261000,0,607,0,0.01,108.84800000,108.37300000
1492601400,0.00,20261002,0,608,1,0.01,1282.27000000,1290.56000000
1492630659,-754.00,20261001,1,606,1,0.01,139.05400000,139.05400000
1492632000,-4.00,20261002,1,608,0,0.01,1282.31000000,1290.56000000
1492639200,-157.00,20261000,1,607,1,0.01,108.69100000,108.37300000
1492681500,0.00,20261001,0,612,0,0.01,139.59200000,138.99900000
1492725600,520.00,20261001,1,612,1,0.01,140.11200000,138.99900000
1492992120,-1467.00,20260628,1,599,0,0.01,83.72400000,82.98400000
1492992120,2357.00,20260605,1,603,1,0.01,1.09008000,1.06541000
1493113500,0.00,20261001,0,616,0,0.01,141.05100000,140.04000000
1493115300,0.00,20261002,0,617,1,0.01,1271.52000000,1278.00000000
1493115300,0.00,20261000,0,618,0,0.01,110.30400000,109.58700000
1493143200,-36.00,20260629,1,605,0,0.01,1.28301000,0.00000000
1493143200,2199.00,20260629,1,604,1,0.01,1.09272000,0.00000000
1493150400,745.00,20261002,1,617,0,0.01,1264.81000000,1278.00000000
1493157600,771.00,20261000,1,618,1,0.01,111.07500000,109.58700000
1493157600,1453.00,20261001,1,616,1,0.01,142.50400000,140.04000000
1493164860,-1536.00,20260724,1,539,1,0.01,1266.74000000,310.51000000
1493251260,0.00,20260724,0,625,0,0.01,1279.94000000,319.99000000
1493284500,0.00,20261001,0,626,0,0.01,143.26200000,142.54900000
1493330400,265.00,20261001,1,626,1,0.01,143.52700000,142.54900000
1493631000,0.00,20261000,0,628,0,0.01,111.85700000,111.19900000
1493631000,0.00,20261001,0,629,0,0.01,144.45800000,143.79300000
1493676000,-39.00,20261000,1,628,1,0.01,111.81800000,111.19900000
1493676000,-172.00,20261001,1,629,1,0.01,144.28600000,143.79300000
1493716500,0.00,20261001,0,632,0,0.01,144.59100000,144.03500000
1493762400,258.00,20261001,1,632,1,0.01,144.84900000,144.03500000
1493802900,0.00,20261001,0,634,1,0.01,144.57800000,145.08200000
1493807859,-504.00,20261001,1,634,0,0.01,145.08200000,145.08200000
1493891100,0.00,20261002,0,636,1,0.01,1233.55000000,1241.13000000
1493891100,0.00,20261001,0,637,1,0.06,144.72000000,145.31100000
1493895642,-3564.00,20261001,1,637,0,0.06,145.31400000,145.31100000
1493897400,0.00,20261001,0,639,0,0.01,145.35100000,144.86000000
1493928000,351.00,20261002,1,636,0,0.01,1230.41000000,1241.13000000
1493935200,-111.00,20261001,1,639,1,0.01,145.24000000,144.86000000
1494000000,0.00,20260610,0,642,0,0.01,112.54800000,112.04800000
1494270000,0.00,20260605,0,643,0,0.01,1.09289000,1.09039000
1494322112,-295.00,20260605,1,643,1,0.01,1.09037000,1.09039000
1494326465,1106.00,20260610,1,642,1,0.01,113.65000000,112.04800000
1494342000,0.00,20260605,0,646,1,0.01,1.08855000,1.09105000
1494460830,34.00,20260724,1,625,1,0.01,1743.70000000,319.99000000
1494603821,-280.00,20260605,1,646,0,0.01,1.09109000,1.09105000
1494622800,0.00,20260605,0,649,0,0.01,1.09235000,1.08985000
1494806400,0.00,20260724,0,650,0,0.01,1774.61000000,443.65000000
1494839700,0.00,20261001,0,651,0,0.01,146.51900000,145.68500000
1494842400,0.00,20261000,0,652,0,0.01,113.63200000,113.13600000
1494849600,0.00,20260627,0,653,0,0.01,146.88000000,145.90100000
1494885600,34.00,20261000,1,652,1,0.01,113.66600000,113.13600000
1494885600,49.00,20261001,1,651,1,0.01,146.56800000,145.68500000
1494926100,0.00,20261000,0,656,1,0.01,113.30100000,113.77900000
1494930284,1172.00,20260605,1,649,1,0.01,1.10285000,1.08985000
1494934200,0.00,20261001,0,658,0,0.06,146.93700000,146.34900000
1494936569,-3612.00,20261001,1,658,1,0.06,146.33500000,146.34900000
1494956462,-976.00,20260627,1,653,1,0.01,145.90100000,145.90100000
1494972000,272.00,20261000,1,656,0,0.01,113.02900000,113.77900000
1495013400,0.00,20261001,0,662,1,0.01,145.23800000,146.10600000
1495026000,0.00,20261002,0,663,0,0.01,1246.03000000,1235.71000000
1495051200,1153.00,20261002,1,663,1,0.01,1256.23000000,1235.71000000
1495058400,1259.00,20261001,1,662,0,0.01,143.97900000,146.10600000
1495099800,0.00,20261002,0,666,1,0.01,1256.85000000,1263.00000000
1495107900,0.00,20261001,0,667,0,0.01,144.69800000,143.39000000
1495114685,-713.00,20261002,1,666,0,0.01,1263.16000000,1263.00000000
1495116000,0.00,20261002,0,669,0,0.02,1264.17000000,1257.58000000
1495122047,-1512.00,20261002,1,669,1,0.02,1257.48000000,1257.58000000
1495137600,0.00,20260610,0,671,1,0.01,110.96300000,111.46300000
1495139698,-1309.00,20261001,1,667,1,0.01,143.38900000,143.39000000
1495140881,-516.00,20260610,1,671,0,0.01,111.47900000,111.46300000
1495152090,0.00,20260610,0,674,0,0.01,111.50900000,111.00900000
1495189800,0.00,20261001,0,675,0,0.01,144.64200000,143.81100000
1495231200,500.00,20261001,1,675,1,0.01,145.14200000,143.81100000
1495411358,-499.00,20260610,1,674,1,0.01,111.00800000,111.00900000
1495532700,0.00,20261001,0,678,1,0.01,143.97700000,144.70600000
1495562911,-730.00,20261001,1,678,0,0.01,144.70700000,144.70600000
1495704600,0.00,20261001,0,680,0,0.01,145.13400000,144.53200000
1495749600,-529.00,20261001,1,680,1,0.01,144.60500000,144.53200000
1495793700,0.00,20261000,0,682,1,0.01,111.26300000,111.84700000
1495836000,71.00,20261000,1,682,0,0.01,111.19200000,111.84700000
1496016000,-52.00,20260724,1,650,1,0.01,2169.67000000,443.65000000
1496056500,0.00,20261001,0,685,0,0.01,142.96000000,142.31600000
1496095200,-68.00,20261001,1,685,1,0.01,142.89200000,142.31600000
1496142000,0.00,20260605,0,687,1,0.01,1.11398000,1.11648000
1496142000,0.00,20261002,0,688,1,0.02,1264.08000000,1270.34000000
1496149051,-285.00,20260605,1,687,0,0.01,1.11654000,1.11648000
1496163600,0.00,20260605,0,690,0,0.01,1.11915000,1.11665000
1496174400,351.00,20261002,1,688,0,0.02,1262.50000000,1270.34000000
1496219862,-287.00,20260605,1,690,1,0.01,1.11665000,1.11665000
1496231100,0.00,20261001,0,693,1,0.01,141.60100000,142.64400000
1496249261,-1067.00,20261001,1,693,0,0.01,142.66800000,142.64400000
1496275260,179829.00,20260650,1,252,1,0.76,82.28000000,0.00000000
1496316600,0.00,20261001,0,696,0,0.06,143.09100000,142.50700000
1496354400,1380.00,20261001,1,696,1,0.06,143.32100000,142.50700000
1496361660,0.00,20260605,0,698,0,0.01,1.12133000,1.11883000
1496707230,0.00,20260724,0,699,0,0.01,2742.37000000,685.59000000
1496741400,0.00,20261002,0,700,0,0.01,1288.48000000,1278.65000000
1496743200,0.00,20261001,0,701,1,0.01,141.69700000,142.63700000
1496779200,480.00,20261002,1,700,1,0.01,1292.80000000,1278.65000000
1496786400,497.00,20261001,1,701,0,0.01,141.20000000,142.63700000
1496835000,0.00,20261000,0,704,1,0.02,109.18700000,109.62400000
1496853390,-874.00,20261000,1,704,0,0.02,109.62400000,109.62400000
1496933100,0.00,20261002,0,706,1,0.02,1282.40000000,1288.78000000
1496937600,0.00,20260610,0,707,1,0.01,110.04400000,110.54400000
1496941290,2112.00,20261002,1,706,0,0.02,1272.83000000,1288.78000000
1496975955,-337.00,20260605,1,698,1,0.01,1.11883000,1.11883000
1497002400,0.00,20260629,0,710,1,0.01,1.11884000,0.00000000
1497002400,0.00,20260629,0,711,0,0.01,1.26658000,0.00000000
1497009600,0.00,20260605,0,712,1,0.01,1.11754000,1.12004000
1497009600,0.00,20260774,0,713,1,0.01,1.27177000,1.27677000
1497014514,-552.00,20260774,1,713,0,0.01,1.27677000,1.27677000
1497023322,-544.00,20260610,1,707,0,0.01,110.55800000,110.54400000
1497036931,-276.00,20260605,1,712,0,0.01,1.12004000,1.12004000
1497267000,0.00,20261000,0,717,1,0.01,110.00400000,110.43100000
1497267000,0.00,20261001,0,718,1,0.06,140.02600000,140.78500000
1497297600,0.00,20260610,0,719,1,0.01,109.68100000,110.18100000
1497304800,195.00,20261000,1,717,0,0.01,109.80900000,110.43100000
1497304800,6246.00,20261001,1,718,0,0.06,138.98500000,140.78500000
1497348692,-530.00,20260610,1,719,0,0.01,110.18100000,110.18100000
1497349800,0.00,20261000,0,723,0,0.01,110.20300000,109.76700000
1497391200,-239.00,20261000,1,723,1,0.01,109.96400000,109.76700000
1497456000,0.00,20260605,0,725,0,0.01,1.12639000,1.12389000
1497476059,-275.00,20260605,1,725,1,0.01,1.12389000,1.12389000
1497477600,0.00,20260605,0,727,1,0.01,1.12143000,1.12393000
1497524400,0.00,20261001,0,728,1,0.01,139.36700000,139.97400000
1497531600,0.00,20261002,0,729,1,0.02,1258.20000000,1266.56000000
1497535231,-608.00,20261001,1,728,0,0.01,139.97500000,139.97400000
1497556800,1071.00,20261002,1,729,0,0.02,1253.33000000,1266.56000000
1497571230,0.00,20260650,0,732,0,0.86,84.12300000,0.00000000
1497606300,0.00,20261001,0,733,0,0.01,142.27300000,141.33600000
1497650400,-643.00,20261001,1,733,1,0.01,141.63000000,141.33600000
1497867300,0.00,20261001,0,735,0,0.01,142.09200000,141.33900000
1497909600,-120.00,20261001,1,735,1,0.01,141.97200000,141.33900000
1497916830,-680.00,20260724,1,699,1,0.01,2561.07000000,685.59000000
1498438800,246.00,20260605,1,727,0,0.01,1.11939000,1.12393000
1498438800,0.00,20260605,0,739,0,0.01,1.11939000,1.11689000
1498555800,0.00,20261000,0,740,1,0.01,111.66200000,112.06800000
1498581377,1171.00,20260605,1,739,1,0.01,1.12994000,1.11689000
1498582800,0.00,20260605,0,742,0,0.01,1.12890000,1.12640000
1498582842,-419.00,20261000,1,740,0,0.01,112.08100000,112.06800000
1498648500,0.00,20261000,0,744,1,0.01,111.89900000,112.34400000
1498672800,3016.00,20260629,1,711,1,0.01,1.29408000,0.00000000
1498672800,-1937.00,20260629,1,710,0,0.01,1.13640000,0.00000000
1498684337,-445.00,20261000,1,744,0,0.01,112.34400000,112.34400000
1498710160,1145.00,20260605,1,742,1,0.01,1.13941000,1.12640000
1498730400,0.00,20261001,0,749,0,0.01,145.65700000,145.00700000
1498734000,0.00,20261002,0,750,1,0.02,1246.76000000,1253.07000000
1498734900,0.00,20261000,0,751,0,0.02,112.58300000,112.15300000
1498752000,0.00,20260774,0,752,0,0.01,1.29690000,1.29190000
1498765123,-862.00,20261000,1,751,1,0.02,112.15200000,112.15300000
1498766400,157.00,20261002,1,750,0,0.02,1246.06000000,1253.07000000
1498773600,-85.00,20261001,1,749,1,0.01,145.57200000,145.00700000
1499073300,0.00,20261001,0,756,0,0.01,146.34400000,145.69800000
1499077800,0.00,20261002,0,757,1,0.01,1234.84000000,1242.58000000
1499077800,0.00,20261000,0,758,0,0.01,112.72800000,112.07000000
1499103820,1315.00,20261002,1,757,0,0.01,1223.23000000,1242.58000000
1499119200,654.00,20261000,1,758,1,0.01,113.38200000,112.07000000
1499119200,328.00,20261001,1,756,1,0.01,146.67200000,145.69800000
1499140800,0.00,20260610,0,762,0,0.01,113.17800000,112.67800000
1499168082,-578.00,20260774,1,752,1,0.01,1.29190000,1.29190000
1499247900,0.00,20261001,0,764,0,0.01,146.48000000,145.99500000
1499251500,0.00,20261000,0,765,0,0.02,113.55100000,112.81700000
1499257800,0.00,20261002,0,766,1,0.02,1221.68000000,1228.72000000
1499284800,-403.00,20261002,1,766,0,0.02,1223.46000000,1228.72000000
1499292000,-426.00,20261000,1,765,1,0.02,113.33800000,112.81700000
1499292000,95.00,20261001,1,764,1,0.01,146.57500000,145.99500000
1499336100,0.00,20261001,0,770,0,0.06,146.54000000,146.03500000
1499351400,0.00,20261002,0,771,1,0.01,1222.86000000,1229.02000000
1499371200,-102.00,20261002,1,771,0,0.01,1223.76000000,1229.02000000
1499378400,2142.00,20261001,1,770,1,0.06,146.89700000,146.03500000
1499457600,0.00,20260774,0,774,0,0.01,1.28877000,1.28377000
1499678100,0.00,20261001,0,775,0,0.01,147.36000000,146.61900000
1499681742,1112.00,20260610,1,762,1,0.01,114.27800000,112.67800000
1499724000,-429.00,20261001,1,775,1,0.01,146.93100000,146.61900000
1499745600,0.00,20260628,0,778,0,0.01,86.86000000,86.40300000
1499764500,0.00,20261001,0,779,0,0.01,147.40200000,146.79900000
1499789500,-603.00,20261001,1,779,1,0.01,146.79900000,146.79900000
1499792400,0.00,20260605,0,781,0,0.01,1.14089000,1.13839000
1499796392,-585.00,20260774,1,774,1,0.01,1.28372000,1.28377000
1499817660,0.00,20260724,0,783,0,0.01,2322.03000000,580.51000000
1499850900,0.00,20261001,0,784,1,0.01,145.41600000,146.40800000
1499896800,-565.00,20261001,1,784,0,0.01,145.98100000,146.40800000
1499918400,0.00,20260774,0,786,0,0.01,1.29012000,1.28512000
1499940000,0.00,20261001,0,787,0,0.01,146.38700000,145.53700000
1499953581,-326.00,20260605,1,781,1,0.01,1.13835000,1.13839000
1499954400,0.00,20260605,0,789,1,0.01,1.13873000,1.14123000
1499956619,-286.00,20260605,1,789,0,0.01,1.14123000,1.14123000
1499958000,0.00,20260605,0,791,0,0.01,1.14115000,1.13865000
1499970581,-286.00,20260605,1,791,1,0.01,1.13865000,1.13865000
1499983200,168.00,20261001,1,787,1,0.01,146.55500000,145.53700000
1500049521,1253.00,20260774,1,786,1,0.01,1.30112000,1.28512000
1500375600,0.00,20261001,0,795,0,0.06,147.25200000,146.59500000
1500377414,-3948.00,20261001,1,795,1,0.06,146.59400000,146.59500000
1500378300,0.00,20261001,0,797,1,0.01,146.32700000,147.10800000
1500415200,204.00,20261001,1,797,0,0.01,146.12300000,147.10800000
1500525030,2330.00,20260628,1,778,1,0.01,89.14600000,86.40300000
1500547500,0.00,20261000,0,800,0,0.01,112.29100000,111.76400000
1500559200,0.00,20261002,0,801,1,0.01,1236.74000000,1242.38000000
1500567280,-634.00,20261002,1,801,0,0.01,1242.40000000,1242.38000000
1500572447,-536.00,20261000,1,800,1,0.01,111.75500000,111.76400000
1500637500,0.00,20261000,0,804,1,0.01,111.70800000,112.07100000
1500674400,666.00,20261000,1,804,0,0.01,111.04200000,112.07100000
1500975000,0.00,20261001,0,806,1,0.06,144.51100000,144.97500000
1500980836,-2832.00,20261001,1,806,0,0.06,144.98300000,144.97500000
1500982200,0.00,20261001,0,808,0,0.01,145.05300000,144.56500000
1500998400,0.00,20260628,0,809,0,0.01,88.73000000,88.10800000
1501020000,791.00,20261001,1,808,1,0.01,145.84400000,144.56500000
1501063200,0.00,20261001,0,811,1,0.06,145.57100000,146.00700000
1501089800,-2616.00,20261001,1,811,0,0.06,146.00700000,146.00700000
1501113870,-360.00,20260724,1,783,1,0.01,2489.00000000,580.51000000
1501147800,0.00,20261001,0,814,0,0.01,146.02300000,145.43300000
1501185605,-596.00,20261001,1,814,1,0.01,145.42700000,145.43300000
1501242300,0.00,20261001,0,816,0,0.06,145.48200000,145.00000000
1501279200,-300.00,20261001,1,816,1,0.06,145.43200000,145.00000000
1501459200,0.00,20260724,0,818,0,0.01,2728.70000000,682.18000000
1501470222,-598.00,20260628,1,809,1,0.01,88.10800000,88.10800000
1501560000,0.00,20260628,0,820,0,0.01,88.46100000,87.85200000
1501605402,-612.00,20260628,1,820,1,0.01,87.84900000,87.85200000
1501660800,0.00,20260610,0,822,1,0.01,110.83300000,111.33300000
1501669800,0.00,20261001,0,823,0,0.01,146.50300000,145.58500000
1501711200,-214.00,20261001,1,823,1,0.01,146.28900000,145.58500000
1501760700,0.00,20261001,0,825,0,0.01,146.69000000,146.07600000
1501768828,-614.00,20261001,1,825,1,0.01,146.07600000,146.07600000
1501771500,0.00,20261002,0,827,0,0.02,1268.34000000,1256.75000000
1501772400,0.00,20260629,0,828,1,0.01,1.18526000,0.00000000
1501772400,0.00,20260629,0,829,0,0.01,1.31441000,0.00000000
1501776000,-297.00,20260629,1,829,1,0.01,1.31172000,0.00000000
1501776000,-84.00,20260629,1,828,0,0.01,1.18602000,0.00000000
1501779600,0.00,20260629,0,832,1,0.01,1.18493000,0.00000000
1501779600,0.00,20260629,0,833,0,0.01,1.31212000,0.00000000
1501783200,236.00,20260629,1,833,1,0.01,1.31426000,0.00000000
1501783200,-333.00,20260629,1,832,0,0.01,1.18796000,0.00000000
1501786800,0.00,20260629,0,836,1,0.01,1.18785000,0.00000000
1501786800,0.00,20260629,0,837,0,0.01,1.31435000,0.00000000
1501790400,-115.00,20261002,1,827,1,0.02,1267.82000000,1256.75000000
1502273700,0.00,20261002,0,839,0,0.01,1268.43000000,1259.96000000
1502277031,896.00,20260610,1,822,0,0.01,109.72800000,111.33300000
1502308800,471.00,20261002,1,839,1,0.01,1272.72000000,1259.96000000
1502359200,0.00,20260605,0,842,1,0.01,1.17308000,1.17558000
1502359200,0.00,20261001,0,843,1,0.01,142.64200000,143.32100000
1502372700,0.00,20261002,0,844,0,0.01,1280.51000000,1274.51000000
1502387371,-274.00,20260605,1,842,0,0.01,1.17558000,1.17558000
1502395200,392.00,20261002,1,844,1,0.01,1284.08000000,1274.51000000
1502402400,771.00,20261001,1,843,0,0.01,141.87100000,143.32100000
1502442900,0.00,20261001,0,848,0,0.01,141.80300000,141.37100000
1502450916,-432.00,20261001,1,848,1,0.01,141.37100000,141.37100000
1502451900,0.00,20261001,0,850,1,0.06,141.33400000,141.76100000
1502461401,-2574.00,20261001,1,850,0,0.06,141.76300000,141.76100000
1502470800,0.00,20260605,0,852,0,0.01,1.17993000,1.17743000
1502474400,-82.00,20260605,1,852,1,0.01,1.17918000,1.17743000
1502474400,0.00,20260605,0,854,1,0.01,1.17918000,1.18168000
1502478159,-274.00,20260605,1,854,0,0.01,1.18168000,1.18168000
1502668800,920.00,20260724,1,818,1,0.01,4006.51000000,682.18000000
1502707500,0.00,20261002,0,857,1,0.01,1282.79000000,1290.10000000
1502708400,0.00,20261000,0,858,0,0.01,109.75100000,109.02800000
1502740800,-280.00,20261002,1,857,0,0.01,1285.35000000,1290.10000000
1502748000,-141.00,20261000,1,858,1,0.01,109.61000000,109.02800000
1502841660,0.00,20260724,0,861,0,0.01,4084.99000000,1021.25000000
1502899200,0.00,20260774,0,862,1,0.01,1.28618000,1.29118000
1503050400,0.00,20261000,0,863,1,0.01,109.14300000,109.56900000
1503051300,0.00,20261001,0,864,1,0.06,140.55700000,141.08100000
1503057091,-564.00,20260774,1,862,0,0.01,1.29120000,1.29118000
1503085363,-438.00,20261000,1,863,0,0.01,109.58100000,109.56900000
1503093600,-684.00,20261001,1,864,0,0.06,140.67100000,141.08100000
1503311400,0.00,20261002,0,868,0,0.01,1288.09000000,1280.47000000
1503324000,0.00,20260605,0,869,0,0.01,1.17590000,1.17340000
1503345600,359.00,20261002,1,868,1,0.01,1291.37000000,1280.47000000
1503471600,-10.00,20260605,1,869,1,0.01,1.17597000,1.17340000
1503471600,0.00,20260605,0,872,1,0.01,1.17597000,1.17847000
1503485955,-274.00,20260605,1,872,0,0.01,1.17847000,1.17847000
1503486000,0.00,20260605,0,874,0,0.01,1.17824000,1.17574000
1503486000,0.00,20261001,0,875,1,0.01,140.17800000,140.78100000
1503525600,571.00,20261001,1,875,0,0.01,139.60700000,140.78100000
1503567900,0.00,20261001,0,877,0,0.06,139.72300000,139.29200000
1503574200,0.00,20261000,0,878,0,0.01,109.34500000,108.84000000
1503604800,0.00,20260627,0,879,1,0.02,139.84500000,140.69500000
1503612000,145.00,20261000,1,878,1,0.01,109.49000000,108.84000000
1503612000,2646.00,20261001,1,877,1,0.06,140.16400000,139.29200000
1503668139,-1781.00,20260627,1,879,0,0.02,140.69500000,140.69500000
1503691217,1116.00,20260605,1,874,1,0.01,1.18875000,1.17574000
1503950400,0.00,20260640,0,884,0,0.01,1307.66000000,1298.14000000
1503964800,0.00,20260774,0,885,1,0.01,1.29295000,1.29795000
1504004803,-549.00,20260774,1,885,0,0.01,1.29796000,1.29795000
1504006200,0.00,20261002,0,887,0,0.01,1325.39000000,1313.10000000
1504022400,0.00,20260774,0,888,1,0.01,1.29543000,1.30043000
1504036590,-1346.00,20261002,1,887,1,0.01,1313.10000000,1313.10000000
1504051260,65.00,20260724,1,861,1,0.01,4582.52000000,1021.25000000
1504084500,0.00,20261001,0,891,0,0.01,142.07600000,141.54600000
1504085400,0.00,20261000,0,892,0,0.01,110.04100000,109.53200000
1504130400,316.00,20261000,1,892,1,0.01,110.35700000,109.53200000
1504130400,552.00,20261001,1,891,1,0.01,142.62800000,141.54600000
1504279837,1512.00,20260640,1,884,1,0.01,1326.70000000,1298.14000000
1504281600,0.00,20260640,0,896,0,0.01,1321.88000000,1310.23000000
1504281600,-1980.00,20260629,1,837,1,0.01,1.29746000,0.00000000
1504281600,-258.00,20260629,1,836,0,0.01,1.19068000,0.00000000
1504517400,0.00,20261001,0,899,1,0.06,141.76600000,142.48200000
1504562400,-246.00,20261001,1,899,0,0.06,141.80700000,142.48200000
1504611000,0.00,20261002,0,901,1,0.02,1330.56000000,1338.45000000
1504632860,-585.00,20260774,1,888,0,0.01,1.30043000,1.30043000
1504633577,-1751.00,20261002,1,901,0,0.02,1338.49000000,1338.45000000
1504699200,0.00,20260774,0,904,0,0.01,1.30434000,1.29934000
1504779300,0.00,20261001,0,905,1,0.01,142.10700000,142.52300000
1504791278,-416.00,20261001,1,905,0,0.01,142.52300000,142.52300000
1504798298,1986.00,20260640,1,896,1,0.01,1345.21000000,1310.23000000
1504803600,0.00,20260605,0,908,0,0.01,1.20009000,1.19759000
1504857600,0.00,20260640,0,909,0,0.01,1354.12000000,1343.37000000
1504863900,0.00,20261001,0,910,1,0.01,141.44400000,142.14200000
1504873238,1200.00,20260774,1,904,1,0.01,1.31536000,1.29934000
1504884641,-698.00,20261001,1,910,0,0.01,142.14200000,142.14200000
1504893016,-1187.00,20260640,1,909,1,0.01,1343.37000000,1343.37000000
1505123100,0.00,20261001,0,914,0,0.01,143.18600000,142.51400000
1505146121,-294.00,20260605,1,908,1,0.01,1.19759000,1.19759000
1505149200,0.00,20260605,0,916,0,0.01,1.19886000,1.19636000
1505155880,-277.00,20260605,1,916,1,0.01,1.19635000,1.19636000
1505160000,0.00,20260605,0,918,0,0.01,1.19705000,1.19455000
1505167200,853.00,20261001,1,914,1,0.01,144.03900000,142.51400000
1505188658,-285.00,20260605,1,918,1,0.01,1.19455000,1.19455000
1505215800,0.00,20261000,0,921,0,0.02,109.69500000,109.23000000
1505253600,798.00,20261000,1,921,1,0.02,110.09400000,109.23000000
1505354400,0.00,20260605,0,923,1,0.01,1.18928000,1.19178000
1505388600,0.00,20261001,0,924,1,0.01,145.73900000,146.21700000
1505397641,-480.00,20261001,1,924,0,0.01,146.21900000,146.21700000
1505422299,-275.00,20260605,1,923,0,0.01,1.19178000,1.19178000
1505426400,0.00,20260605,0,927,1,0.01,1.19122000,1.19372000
1505468700,0.00,20261000,0,928,0,0.01,110.64400000,109.54000000
1505476411,-283.00,20260605,1,927,0,0.01,1.19379000,1.19372000
1505476800,0.00,20260610,0,930,0,0.01,110.72500000,110.22500000
1505491200,0.00,20260605,0,931,0,0.01,1.19747000,1.19497000
1505504428,-278.00,20260605,1,931,1,0.01,1.19496000,1.19497000
1505505600,0.00,20260605,0,933,1,0.01,1.19445000,1.19695000
1505512800,216.00,20261000,1,928,1,0.01,110.86000000,109.54000000
1505727000,0.00,20261001,0,935,0,0.01,151.33100000,150.54600000
1505741967,-785.00,20261001,1,935,1,0.01,150.54600000,150.54600000
1505743840,-276.00,20260605,1,933,0,0.01,1.19695000,1.19695000
1505809359,1104.00,20260610,1,930,1,0.01,111.82500000,110.22500000
1505821500,0.00,20261001,0,939,1,0.06,150.34400000,151.57900000
1505822400,0.00,20260610,0,940,0,0.01,111.57100000,111.07100000
1505858400,-2766.00,20261001,1,939,0,0.06,150.80500000,151.57900000
1505944800,0.00,20260605,0,942,1,0.01,1.18896000,1.19146000
1505987100,0.00,20261001,0,943,0,0.01,152.18200000,151.36600000
1505987311,1108.00,20260610,1,940,1,0.01,112.67100000,111.07100000
1505988000,0.00,20261002,0,945,1,0.01,1294.24000000,1301.63000000
1505994760,-277.00,20260605,1,942,0,0.01,1.19146000,1.19146000
1506024000,87.00,20261002,1,945,0,0.01,1293.47000000,1301.63000000
1506031200,592.00,20261001,1,943,1,0.01,152.77400000,151.36600000
1506038520,0.00,20260724,0,949,0,0.01,3666.81000000,916.70000000
1506085200,0.00,20260605,0,950,0,0.01,1.19962000,1.19712000
1506087218,-282.00,20260605,1,950,1,0.01,1.19712000,1.19712000
1506110400,0.00,20260605,0,952,1,0.01,1.19438000,1.19688000
1506366855,1190.00,20260605,1,952,0,0.01,1.18384000,1.19688000
1506423600,0.00,20261002,0,954,1,0.02,1305.14000000,1313.49000000
1506456000,1873.00,20261002,1,954,0,0.02,1296.83000000,1313.49000000
1506507300,0.00,20261000,0,956,0,0.01,112.78200000,112.21000000
1506549600,-57.00,20261000,1,956,1,0.01,112.72500000,112.21000000
1506939300,0.00,20261002,0,958,1,0.01,1272.53000000,1279.91000000
1506941100,0.00,20261000,0,959,0,0.01,113.02900000,112.43700000
1506943800,0.00,20261001,0,960,1,0.06,150.36100000,150.94700000
1506974400,-227.00,20261002,1,958,0,0.01,1274.54000000,1279.91000000
1506981600,-375.00,20261000,1,959,1,0.01,112.65400000,112.43700000
1506981600,4128.00,20261001,1,960,0,0.06,149.67300000,150.94700000
1507248060,264.00,20260724,1,949,1,0.01,4335.38000000,916.70000000
1507541400,0.00,20261001,0,965,0,0.01,147.62900000,146.92500000
1507586400,540.00,20261001,1,965,1,0.01,148.16900000,146.92500000
1507611600,0.00,20260605,0,967,0,0.01,1.17774000,1.17524000
1507634100,0.00,20261000,0,968,1,0.01,112.41100000,112.82000000
1507635000,0.00,20261002,0,969,0,0.01,1289.35000000,1281.93000000
1507665600,91.00,20261002,1,969,1,0.01,1290.16000000,1281.93000000
1507672800,39.00,20261000,1,968,0,0.01,112.37200000,112.82000000
1507887900,0.00,20261000,0,972,1,0.01,111.91300000,112.29800000
1507932000,12.00,20261000,1,972,0,0.01,111.90100000,112.29800000
1508146200,0.00,20261001,0,974,1,0.06,148.41600000,148.95500000
1508149800,0.00,20261000,0,975,1,0.02,111.66100000,112.07100000
1508188464,-820.00,20261000,1,975,0,0.02,112.07100000,112.07100000
1508191200,-1236.00,20261001,1,974,0,0.06,148.62200000,148.95500000
1508232600,0.00,20261002,0,978,1,0.01,1289.41000000,1296.06000000
1508238900,0.00,20261001,0,979,0,0.06,149.02400000,148.31800000
1508248228,-4242.00,20261001,1,979,1,0.06,148.31700000,148.31800000
1508252400,-234.00,20260605,1,967,1,0.01,1.17621000,1.17524000
1508252400,0.00,20260605,0,982,1,0.01,1.17621000,1.17871000
1508270400,463.00,20261002,1,978,0,0.01,1285.28000000,1296.06000000
1508320800,0.00,20261000,0,984,0,0.01,112.41100000,112.12600000
1508327100,0.00,20261002,0,985,1,0.01,1280.91000000,1288.72000000
1508347985,575.00,20261000,1,984,1,0.01,112.98600000,112.12600000
1508354417,-285.00,20260605,1,982,0,0.01,1.17875000,1.17871000
1508356800,-49.00,20261002,1,985,0,0.01,1281.34000000,1288.72000000
1508409000,0.00,20261002,0,989,0,0.02,1282.81000000,1276.33000000
1508409900,0.00,20261000,0,990,1,0.02,112.78400000,113.08400000
1508443200,1074.00,20261002,1,989,1,0.02,1287.58000000,1276.33000000
1508450400,240.00,20261000,1,990,0,0.02,112.66400000,113.08400000
1508494500,0.00,20261001,0,993,0,0.01,148.73400000,147.97100000
1508536800,976.00,20261001,1,993,1,0.01,149.71000000,147.97100000
1508716890,0.00,20260724,0,995,0,0.01,5895.19000000,1473.80000000
1508757300,0.00,20261001,0,996,1,0.06,149.81600000,150.47900000
1508796000,-1884.00,20261001,1,996,0,0.06,150.13000000,150.47900000
1508836500,0.00,20261001,0,998,0,0.01,150.01700000,149.56500000
1508840100,0.00,20261000,0,999,0,0.01,113.66100000,113.24000000
1508860800,0.00,20260622,0,1000,0,0.03,113.87700000,113.25200000
1508866052,-466.00,20261001,1,998,1,0.01,149.55100000,149.56500000
1508882400,-97.00,20261000,1,999,1,0.01,113.56400000,113.24000000
1508918400,0.00,20260640,0,1003,1,0.01,1272.86000000,1281.95000000
1508947200,0.00,20260627,0,1004,0,0.01,151.25100000,150.19900000
1509006098,-993.00,20260640,1,1003,0,0.01,1281.96000000,1281.95000000
1509015600,0.00,20260605,0,1006,0,0.01,1.18190000,1.17940000
1509017981,-1043.00,20260627,1,1004,1,0.01,150.19900000,150.19900000
1509018300,0.00,20261001,0,1008,1,0.01,150.25000000,150.88800000
1509019200,0.00,20260640,0,1009,1,0.01,1277.81000000,1286.03000000
1509029136,-284.00,20260605,1,1006,1,0.01,1.17940000,1.17940000
1509030000,0.00,20260605,0,1011,1,0.01,1.17678000,1.17928000
1509050919,1197.00,20260605,1,1011,0,0.01,1.16628000,1.17928000
1509055200,262.00,20261001,1,1008,0,0.01,149.98800000,150.88800000
1509062430,0.00,20260774,0,1014,1,0.01,1.31590000,1.32090000
1509100200,0.00,20261001,0,1015,1,0.01,149.60600000,150.02700000
1509141600,251.00,20261001,1,1015,0,0.01,149.35500000,150.02700000
1509384941,-1841.00,20260622,1,1000,1,0.03,113.25100000,113.25200000
1509388025,-571.00,20260774,1,1014,0,0.01,1.32090000,1.32090000
1509448500,0.00,20261001,0,1019,0,0.06,149.59500000,149.17700000
1509471819,5016.00,20261001,1,1019,1,0.06,150.43100000,149.17700000
1509527700,0.00,20261001,0,1021,0,0.01,151.40300000,150.93800000
1509535800,0.00,20261002,0,1022,0,0.01,1279.07000000,1267.81000000
1509566400,-384.00,20261002,1,1022,1,0.01,1275.68000000,1267.81000000
1509573600,-197.00,20261001,1,1021,1,0.01,151.20600000,150.93800000
1509667260,891.00,20260724,1,995,1,0.01,7077.89000000,1473.80000000
1509926430,0.00,20260724,0,1026,0,0.01,7391.25000000,1847.81000000
1510051500,0.00,20261000,0,1027,0,0.01,114.28200000,113.67200000
1510053300,0.00,20261001,0,1028,0,0.01,150.29900000,149.68000000
1510069801,-619.00,20261001,1,1028,1,0.01,149.68000000,149.68000000
1510092000,-419.00,20261000,1,1027,1,0.01,113.86300000,113.67200000
1510134300,0.00,20261001,0,1031,1,0.01,149.56300000,150.11400000
1510158040,-793.00,20260640,1,1009,0,0.01,1286.03000000,1286.03000000
1510178400,357.00,20261001,1,1031,0,0.01,149.20600000,150.11400000
1510221600,0.00,20260605,0,1034,1,0.01,1.16045000,1.16295000
1510225200,0.00,20261001,0,1035,1,0.01,148.92600000,149.68400000
1510233977,-294.00,20260605,1,1034,0,0.01,1.16303000,1.16295000
1510234200,0.00,20261002,0,1037,0,0.01,1287.02000000,1279.79000000
1510236000,0.00,20260605,0,1038,0,0.01,1.16408000,1.16158000
1510241979,-288.00,20260605,1,1038,1,0.01,1.16155000,1.16158000
1510243200,0.00,20260605,0,1040,1,0.01,1.16035000,1.16285000
1510246482,-285.00,20260605,1,1040,0,0.01,1.16285000,1.16285000
1510257600,-38.00,20261002,1,1037,1,0.01,1286.69000000,1279.79000000
1510264800,5.00,20261001,1,1035,0,0.01,148.92100000,149.68400000
1510309800,0.00,20261001,0,1044,0,0.06,149.25600000,148.84300000
1510351200,3792.00,20261001,1,1044,1,0.06,149.88800000,148.84300000
1510564500,0.00,20261001,0,1046,1,0.01,148.59400000,149.66900000
1510610400,-346.00,20261001,1,1046,0,0.01,148.94000000,149.66900000
1510738200,0.00,20261000,0,1048,1,0.01,112.95300000,113.48700000
1510746300,0.00,20261001,0,1049,1,0.01,148.42700000,149.35300000
1510783200,55.00,20261000,1,1048,0,0.01,112.89800000,113.48700000
1510783200,-228.00,20261001,1,1049,0,0.01,148.65500000,149.35300000
1510824600,0.00,20261000,0,1052,0,0.01,113.21300000,112.73900000
1510832700,0.00,20261001,0,1053,0,0.01,149.17000000,148.47700000
1510833600,0.00,20260610,0,1054,0,0.01,113.22600000,112.72600000
1510848000,-222.00,20260610,1,1054,1,0.01,113.00400000,112.72600000
1510848000,0.00,20260610,0,1056,1,0.01,113.00400000,113.50400000
1510851822,-485.00,20261000,1,1052,1,0.01,112.72800000,112.73900000
1510869600,-200.00,20261001,1,1053,1,0.01,148.97000000,148.47700000
1511136030,217.00,20260724,1,1026,1,0.01,8028.00000000,1847.81000000
1511141621,1040.00,20260610,1,1056,0,0.01,111.90400000,113.50400000
1511172000,0.00,20261001,0,1061,0,0.06,148.40900000,147.61600000
1511215200,4326.00,20261001,1,1061,1,0.06,149.13000000,147.61600000
1511222430,127082.00,20260650,1,732,1,0.86,84.97100000,0.00000000
1511251200,0.00,20260774,0,1064,0,0.01,1.32478000,1.31978000
1511323200,0.00,20260628,0,1065,1,0.01,85.07000000,85.56700000
1511347500,0.00,20261000,0,1066,1,0.01,111.96600000,112.48600000
1511388000,805.00,20261000,1,1066,0,0.01,111.16100000,112.48600000
1511436600,0.00,20261001,0,1068,1,0.06,147.86800000,148.46600000
1511474400,-882.00,20261001,1,1068,0,0.06,148.01500000,148.46600000
1511482740,0.00,20260724,0,1070,0,0.01,8186.98000000,2046.75000000
1511515800,0.00,20261001,0,1071,0,0.01,148.30000000,147.89900000
1511546440,1203.00,20260774,1,1064,1,0.01,1.33578000,1.31978000
1511560800,426.00,20261001,1,1071,1,0.01,148.72600000,147.89900000
1511777700,0.00,20261002,0,1074,0,0.01,1292.56000000,1286.58000000
1511777700,0.00,20261000,0,1075,1,0.01,111.22800000,111.68300000
1511778600,0.00,20261001,0,1076,1,0.01,148.21900000,148.85200000
1511812800,315.00,20261002,1,1074,1,0.01,1295.40000000,1286.58000000
1511820000,210.00,20261000,1,1075,0,0.01,111.01800000,111.68300000
1511820000,343.00,20261001,1,1076,0,0.01,147.87600000,148.85200000
1511948700,0.00,20261001,0,1080,0,0.01,149.45700000,148.61200000
1511992800,622.00,20261001,1,1080,1,0.01,150.07900000,148.61200000
1512036000,0.00,20261000,0,1082,0,0.01,112.29400000,111.83700000
1512036900,0.00,20261001,0,1083,0,0.01,151.18700000,149.96500000
1512057600,0.00,20260610,0,1084,1,0.01,112.26300000,112.76300000
1512062127,-457.00,20261000,1,1082,1,0.01,111.83700000,111.83700000
1512079200,990.00,20261001,1,1083,1,0.01,152.17700000,149.96500000
1512143920,-530.00,20260610,1,1084,0,0.01,112.76300000,112.76300000
1512147632,-685.00,20260628,1,1065,0,0.01,85.56800000,85.56700000
1512379800,0.00,20261000,0,1089,0,0.01,113.03000000,112.64400000
1512422176,-386.00,20261000,1,1089,1,0.01,112.64400000,112.64400000
1512507600,0.00,20260605,0,1091,1,0.01,1.18061000,1.18311000
1512523949,-281.00,20260605,1,1091,0,0.01,1.18312000,1.18311000
1512547200,0.00,20260610,0,1093,1,0.01,112.07000000,112.57000000
1512552600,0.00,20261001,0,1094,1,0.01,150.39600000,151.37100000
1512597600,193.00,20261001,1,1094,0,0.01,150.20300000,151.37100000
1512635639,-589.00,20260610,1,1093,0,0.01,112.57000000,112.57000000
1512638100,0.00,20261001,0,1097,0,0.01,150.69800000,150.12600000
1512650700,0.00,20261002,0,1098,1,0.01,1254.83000000,1264.28000000
1512676800,303.00,20261002,1,1098,0,0.01,1252.14000000,1264.28000000
1512678160,1145.00,20261001,1,1097,1,0.01,151.84300000,150.12600000
1512691260,8128.00,20260724,1,1070,1,0.01,15844.00000000,2046.75000000
1512728100,0.00,20261001,0,1102,0,0.01,153.39600000,152.28300000
1512729000,0.00,20261000,0,1103,0,0.01,113.58000000,113.06900000
1512742532,-1113.00,20261001,1,1102,1,0.01,152.28300000,152.28300000
1512770400,-71.00,20261000,1,1103,1,0.01,113.50900000,113.06900000
1512987300,0.00,20261001,0,1106,1,0.06,151.79200000,152.31500000
1512991800,0.00,20261000,0,1107,1,0.01,113.36500000,113.68300000
1513029600,-155.00,20261000,1,1107,0,0.01,113.52000000,113.68300000
1513029600,2094.00,20261001,1,1106,0,0.06,151.44300000,152.31500000
1513108800,0.00,20260610,0,1110,0,0.01,113.63300000,113.13300000
1513143365,-508.00,20260610,1,1110,1,0.01,113.12300000,113.13300000
1513248300,0.00,20261001,0,1112,0,0.01,151.53000000,150.60300000
1513288800,-737.00,20261001,1,1112,1,0.01,150.79300000,150.60300000
1513588500,0.00,20261001,0,1114,0,0.01,150.41700000,149.66500000
1513634400,210.00,20261001,1,1114,1,0.01,150.62700000,149.66500000
1513681200,0.00,20260605,0,1116,0,0.01,1.18057000,1.17807000
1513728030,0.00,20260650,0,1117,0,0.93,86.55300000,0.00000000
1513770300,0.00,20261000,0,1118,0,0.01,113.15800000,112.83300000
1513807200,250.00,20261000,1,1118,1,0.01,113.40800000,112.83300000
1513848600,0.00,20261000,0,1120,0,0.01,113.53600000,113.19300000
1513893600,-200.00,20261000,1,1120,1,0.01,113.33600000,113.19300000
1514279100,0.00,20260724,0,1122,0,0.01,15277.55000000,3819.39000000
1514441853,1092.00,20260605,1,1116,1,0.01,1.19108000,1.17807000
1514544300,0.00,20261000,0,1124,1,0.01,112.57000000,112.96200000
1514544300,0.00,20261001,0,1125,0,0.01,151.98900000,151.51400000
1514584800,-87.00,20261000,1,1124,0,0.01,112.65700000,112.96200000
1514584800,272.00,20261001,1,1125,1,0.01,152.26100000,151.51400000
1515061800,0.00,20261001,0,1128,0,0.01,152.42700000,151.94800000
1515103200,389.00,20261001,1,1128,1,0.01,152.81600000,151.94800000
1515148200,0.00,20261000,0,1130,0,0.01,113.19600000,112.70000000
1515189600,-63.00,20261000,1,1130,1,0.01,113.13300000,112.70000000
1515398400,0.00,20260610,0,1132,0,0.01,113.23800000,112.73800000
1515405600,0.00,20261002,0,1133,1,0.01,1315.78000000,1321.97000000
1515405600,0.00,20261000,0,1134,0,0.01,113.37900000,113.01300000
1515411000,0.00,20261001,0,1135,1,0.01,153.19100000,153.65700000
1515422177,-368.00,20261000,1,1134,1,0.01,113.01100000,113.01300000
1515434400,0.00,20260629,0,1137,0,0.01,1.19758000,0.00000000
1515434400,0.00,20260629,0,1138,1,0.01,1.35798000,0.00000000
1515441600,-293.00,20261002,1,1133,0,0.01,1318.37000000,1321.97000000
1515448800,-197.00,20261001,1,1135,0,0.01,153.38800000,153.65700000
1515456030,0.00,20260628,0,1141,0,0.01,88.73700000,88.28100000
1515469359,-499.00,20260610,1,1132,1,0.01,112.73700000,112.73800000
1515493875,-456.00,20260628,1,1141,1,0.01,88.28100000,88.28100000
1515494700,0.00,20261002,0,1144,1,0.01,1314.37000000,1320.34000000
1515528000,0.00,20260610,0,1145,1,0.01,112.57500000,113.07500000
1515528000,256.00,20261002,1,1144,0,0.01,1312.10000000,1320.34000000
1515542460,-1532.00,20260724,1,1122,1,0.01,14444.93000000,3819.39000000
1515579300,0.00,20261002,0,1148,0,0.02,1314.29000000,1308.09000000
1515588042,1070.00,20260610,1,1145,0,0.01,111.47500000,113.07500000
1515589398,2078.00,20261002,1,1148,1,0.02,1323.61000000,1308.09000000
1515675600,0.00,20260605,0,1151,1,0.01,1.19458000,1.19708000
1515681061,-279.00,20260605,1,1151,0,0.01,1.19708000,1.19708000
1515682800,0.00,20260605,0,1153,0,0.01,1.20047000,1.19797000
1515682800,1030.00,20260629,1,1138,0,0.01,1.34852000,0.00000000
1515682800,261.00,20260629,1,1137,1,0.01,1.20032000,0.00000000
1515750300,0.00,20261001,0,1156,0,0.01,150.93700000,150.48200000
1515753580,1161.00,20260605,1,1153,1,0.01,1.21097000,1.19797000
1515771043,910.00,20261001,1,1156,1,0.01,151.84700000,150.48200000
1516013100,0.00,20261001,0,1159,1,0.01,151.96800000,152.69700000
1516018829,-730.00,20261001,1,1159,0,0.01,152.69800000,152.69700000
1516147230,0.00,20260724,0,1161,0,0.01,10571.00000000,2642.75000000
1516282200,0.00,20261002,0,1162,0,0.01,1331.03000000,1324.08000000
1516305600,-240.00,20261002,1,1162,1,0.01,1328.88000000,1324.08000000
1516356000,0.00,20261000,0,1164,1,0.01,110.68200000,111.12300000
1516361400,0.00,20261001,0,1165,1,0.01,153.89600000,154.42500000
1516399200,84.00,20261000,1,1164,0,0.01,110.59800000,111.12300000
1516399200,470.00,20261001,1,1165,0,0.01,153.42600000,154.42500000
1516636800,0.00,20260628,0,1168,0,0.01,88.80100000,88.32000000
1516703438,-477.00,20260628,1,1168,1,0.01,88.32000000,88.32000000
1516704300,0.00,20261001,0,1170,1,0.06,154.52900000,155.39100000
1516744800,522.00,20261001,1,1170,0,0.06,154.44200000,155.39100000
1516791600,0.00,20261000,0,1172,1,0.01,109.68400000,110.32900000
1516831200,627.00,20261000,1,1172,0,0.01,109.05700000,110.32900000
1516875300,0.00,20261001,0,1174,1,0.06,155.31200000,155.85200000
1516880981,-3246.00,20261001,1,1174,0,0.06,155.85300000,155.85200000
1516958100,0.00,20261000,0,1176,1,0.01,109.02400000,109.76300000
1516967100,0.00,20261001,0,1177,0,0.01,155.49900000,154.58700000
1516985261,-912.00,20261001,1,1177,1,0.01,154.58700000,154.58700000
1517004000,338.00,20261000,1,1176,0,0.01,108.68600000,109.76300000
1517235300,0.00,20261002,0,1180,1,0.01,1343.50000000,1352.28000000
1517256000,173.00,20261002,1,1180,0,0.01,1341.91000000,1352.28000000
1517306400,0.00,20261001,0,1182,1,0.01,152.18800000,153.37900000
1517313600,0.00,20261002,0,1183,0,0.02,1344.01000000,1334.35000000
1517320542,-1192.00,20261001,1,1182,0,0.01,153.38000000,153.37900000
1517328000,0.00,20260640,0,1185,0,0.01,1346.12000000,1335.05000000
1517342400,-1198.00,20261002,1,1183,1,0.02,1338.50000000,1334.35000000
1517356860,-896.00,20260724,1,1161,1,0.01,10190.50000000,2642.75000000
1517433508,-1302.00,20260640,1,1185,1,0.01,1335.03000000,1335.05000000
1517477400,0.00,20261002,0,1189,1,0.01,1339.63000000,1346.95000000
1517479200,0.00,20261001,0,1190,0,0.01,155.59000000,154.70900000
1517515200,-223.00,20261002,1,1189,0,0.01,1341.68000000,1346.95000000
1517522400,455.00,20261001,1,1190,1,0.01,156.04500000,154.70900000
1517788800,0.00,20260724,0,1193,0,0.01,8149.50000000,2037.38000000
1517824800,0.00,20261001,0,1194,1,0.01,154.85200000,155.53800000
1517868000,1249.00,20261001,1,1194,0,0.01,153.60300000,155.53800000
1517875260,-45573.00,20260650,1,1117,1,0.93,85.86900000,0.00000000
1517904000,0.00,20260605,0,1197,1,0.01,1.23750000,1.24000000
1517908542,-274.00,20260605,1,1197,0,0.01,1.24002000,1.24000000
1517913000,0.00,20261001,0,1199,0,0.01,152.66700000,151.19100000
1517954400,-79.00,20261001,1,1199,1,0.01,152.58800000,151.19100000
1517997600,0.00,20261001,0,1201,1,0.01,152.14400000,153.11100000
1517998500,0.00,20261000,0,1202,1,0.01,108.97200000,109.70300000
1518040800,-434.00,20261000,1,1202,0,0.01,109.40600000,109.70300000
1518040800,268.00,20261001,1,1201,0,0.01,151.87600000,153.11100000
1518100200,0.00,20261002,0,1205,1,0.01,1308.27000000,1319.10000000
1518117679,-1186.00,20261002,1,1205,0,0.01,1319.11000000,1319.10000000
1518167700,0.00,20261001,0,1207,0,0.01,152.38500000,151.17400000
1518172200,0.00,20261000,0,1208,0,0.01,109.25400000,108.48700000
1518183509,-1211.00,20261001,1,1207,1,0.01,151.17400000,151.17400000
1518202589,-767.00,20261000,1,1208,1,0.01,108.48700000,108.48700000
1518513300,0.00,20261001,0,1211,1,0.01,149.59500000,150.60700000
1518515100,0.00,20261000,0,1212,1,0.01,107.71600000,108.77100000
1518559200,12.00,20261000,1,1212,0,0.01,107.70400000,108.77100000
1518559200,122.00,20261001,1,1211,0,0.01,149.47300000,150.60700000
1518595200,0.00,20260622,0,1215,1,0.03,107.15000000,107.85200000
1518692400,0.00,20260605,0,1216,0,0.01,1.24921000,1.24671000
1518702511,-268.00,20260605,1,1216,1,0.01,1.24670000,1.24671000
1518761493,3854.00,20260622,1,1215,0,0.03,105.74700000,107.85200000
1519056000,0.00,20260605,0,1219,0,0.01,1.23734000,1.23484000
1519084890,2581.00,20260724,1,1193,1,0.01,11080.43000000,2037.38000000
1519121700,0.00,20261002,0,1221,1,0.01,1337.13000000,1348.10000000
1519121700,0.00,20261000,0,1222,0,0.01,107.10300000,106.55000000
1519121744,-276.00,20260605,1,1219,1,0.01,1.23484000,1.23484000
1519156800,803.00,20261002,1,1221,0,0.01,1329.64000000,1348.10000000
1519164000,170.00,20261000,1,1222,1,0.01,107.27300000,106.55000000
1519171260,0.00,20260724,0,1226,0,0.01,11730.93000000,2932.73000000
1519209900,0.00,20261001,0,1227,1,0.06,150.10400000,150.92200000
1519250400,-486.00,20261001,1,1227,0,0.06,150.18500000,150.92200000
1519294500,0.00,20261001,0,1229,1,0.01,148.99100000,149.96900000
1519311600,0.00,20260605,0,1230,1,0.01,1.22685000,1.22935000
1519314041,-268.00,20260605,1,1230,0,0.01,1.22935000,1.22935000
1519315200,0.00,20260622,0,1232,1,0.02,106.87100000,107.63100000
1519322400,0.00,20260605,0,1233,1,0.01,1.23211000,1.23461000
1519336800,147.00,20261001,1,1229,0,0.01,148.84400000,149.96900000
1519387200,0.00,20260628,0,1235,1,0.01,83.59200000,84.22200000
1519645530,-262.00,20260605,1,1233,0,0.01,1.23461000,1.23461000
1519754074,-1717.00,20260622,1,1232,0,0.02,107.64100000,107.63100000
1519902000,0.00,20261002,0,1238,1,0.01,1311.57000000,1319.64000000
1519934400,170.00,20261002,1,1238,0,0.01,1309.99000000,1319.64000000
1519984800,0.00,20261001,0,1240,1,0.01,145.57900000,146.43400000
1520006400,0.00,20260622,0,1241,1,0.03,105.41000000,106.10400000
1520028000,19.00,20261001,1,1240,0,0.01,145.56000000,146.43400000
1520236800,0.00,20260605,0,1243,0,0.01,1.23195000,1.22945000
1520239181,-264.00,20260605,1,1243,1,0.01,1.22945000,1.22945000
1520241300,0.00,20261001,0,1245,1,0.06,145.27800000,145.89500000
1520250159,-3702.00,20261001,1,1245,0,0.06,145.89500000,145.89500000
1520251200,0.00,20260774,0,1247,1,0.01,1.38156000,1.38656000
1520273377,-530.00,20260774,1,1247,0,0.01,1.38657000,1.38656000
1520278535,-2171.00,20260622,1,1241,0,0.03,106.10400000,106.10400000
1520327700,0.00,20261001,0,1250,1,0.01,146.85300000,147.45300000
1520332200,0.00,20261000,0,1251,1,0.02,106.03900000,106.45700000
1520337600,0.00,20260622,0,1252,1,0.03,105.85500000,106.49800000
1520342961,-603.00,20261001,1,1250,0,0.01,147.45600000,147.45300000
1520373600,-374.00,20261000,1,1251,0,0.02,106.22600000,106.45700000
1520380800,-1500.00,20260724,1,1226,1,0.01,10758.03000000,2932.73000000
1520422200,0.00,20261001,0,1256,1,0.01,146.35500000,147.47900000
1520430300,0.00,20261002,0,1257,1,0.01,1331.16000000,1340.37000000
1520447399,-1127.00,20261001,1,1256,0,0.01,147.48200000,147.47900000
1520452800,548.00,20261002,1,1257,0,0.01,1325.99000000,1340.37000000
1520560800,0.00,20260605,0,1260,1,0.01,1.23062000,1.23312000
1520563057,-2376.00,20260622,1,1252,0,0.03,106.49900000,106.49800000
1520578800,-86.00,20260605,1,1260,0,0.01,1.23143000,1.23312000
1520578800,0.00,20260605,0,1263,0,0.01,1.23143000,1.22893000
1520590500,0.00,20261001,0,1264,0,0.01,147.58700000,146.58100000
1520608299,-266.00,20260605,1,1263,1,0.01,1.22893000,1.22893000
1520632800,252.00,20261001,1,1264,1,0.01,147.83900000,146.58100000
1520812800,0.00,20260724,0,1267,0,0.01,9577.65000000,2394.41000000
1520934300,0.00,20261001,0,1268,0,0.01,148.52700000,147.75200000
1520939378,-902.00,20260628,1,1235,0,0.01,84.22200000,84.22200000
1520939700,0.00,20261000,0,1270,0,0.01,107.06600000,106.24700000
1520951400,0.00,20261002,0,1271,1,0.01,1317.32000000,1325.57000000
1520952149,-898.00,20261002,1,1271,0,0.01,1325.72000000,1325.57000000
1520978400,-537.00,20261000,1,1270,1,0.01,106.52900000,106.24700000
1520978400,164.00,20261001,1,1268,1,0.01,148.69100000,147.75200000
1521027900,0.00,20261001,0,1275,1,0.06,148.58200000,149.15300000
1521064800,858.00,20261001,1,1275,0,0.06,148.43900000,149.15300000
1521114300,0.00,20261001,0,1277,1,0.01,147.51500000,148.49000000
1521147600,0.00,20260605,0,1278,1,0.01,1.23022000,1.23272000
1521151200,-605.00,20261001,1,1277,0,0.01,148.12000000,148.49000000
1521193500,0.00,20261000,0,1280,1,0.01,105.73100000,106.36100000
1521194400,0.00,20261001,0,1281,1,0.01,147.26300000,148.22200000
1521198963,-263.00,20260605,1,1278,0,0.01,1.23273000,1.23272000
1521237600,-318.00,20261000,1,1280,0,0.01,106.04900000,106.36100000
1521237600,-618.00,20261001,1,1281,0,0.01,147.88100000,148.22200000
1521459900,0.00,20261001,0,1285,0,0.06,148.08200000,147.03500000
1521496800,4704.00,20261001,1,1285,1,0.06,148.86600000,147.03500000
1521538200,0.00,20261000,0,1287,0,0.01,106.52400000,105.92100000
1521538200,0.00,20261001,0,1288,0,0.01,149.57000000,148.56200000
1521576000,0.00,20260628,0,1289,1,0.01,81.79200000,82.44100000
1521583200,-15.00,20261000,1,1287,1,0.01,106.50900000,105.92100000
1521583200,-484.00,20261001,1,1288,1,0.01,149.08600000,148.56200000
1521626400,0.00,20261002,0,1292,0,0.01,1316.66000000,1309.72000000
1521662400,729.00,20261002,1,1292,1,0.01,1323.50000000,1309.72000000
1521663329,-674.00,20260628,1,1289,0,0.01,82.44900000,82.44100000
1521666000,0.00,20260605,0,1295,0,0.01,1.23302000,1.23052000
1521723600,-165.00,20260605,1,1295,1,0.01,1.23171000,1.23052000
1521723600,0.00,20260605,0,1297,1,0.01,1.23171000,1.23421000
1521777600,0.00,20260628,0,1298,1,0.01,80.92800000,81.79400000
1521777600,0.00,20260774,0,1299,0,0.01,1.41193000,1.40693000
1521779764,-264.00,20260605,1,1297,0,0.01,1.23421000,1.23421000
1522022400,-1540.00,20260724,1,1267,1,0.01,8571.30000000,2394.41000000
1522057500,0.00,20261002,0,1302,1,0.01,1343.94000000,1350.76000000
1522058400,0.00,20261001,0,1303,0,0.01,148.83600000,147.87100000
1522059300,0.00,20261000,0,1304,0,0.01,105.14900000,104.62200000
1522076071,1153.00,20260774,1,1299,1,0.01,1.42294000,1.40693000
1522081805,-725.00,20261002,1,1302,0,0.01,1350.83000000,1350.76000000
1522101600,69.00,20261000,1,1304,1,0.01,105.21800000,104.62200000
1522101600,838.00,20261001,1,1303,1,0.01,149.67400000,147.87100000
1522113025,-900.00,20260628,1,1298,0,0.01,81.79400000,81.79400000
1522143900,0.00,20261001,0,1310,0,0.01,150.46400000,149.89100000
1522146686,-573.00,20261001,1,1310,1,0.01,149.89100000,149.89100000
1522147500,0.00,20261001,0,1312,1,0.06,149.76100000,150.41800000
1522188000,2322.00,20261001,1,1312,0,0.06,149.37400000,150.41800000
1522195200,0.00,20260622,0,1314,1,0.03,105.32100000,105.95900000
1522228500,0.00,20261001,0,1315,0,0.01,149.97700000,148.91600000
1522245815,-1914.00,20260622,1,1314,0,0.03,105.95900000,105.95900000
1522274400,509.00,20261001,1,1315,1,0.01,150.48600000,148.91600000
1522320300,0.00,20261001,0,1318,1,0.01,149.72600000,150.45000000
1522324800,0.00,20260605,0,1319,1,0.01,1.23061000,1.23311000
1522333876,-274.00,20260605,1,1319,0,0.01,1.23320000,1.23311000
1522360800,276.00,20261001,1,1318,0,0.01,149.45000000,150.45000000
1522627200,0.00,20260724,0,1322,0,0.01,6922.70000000,1730.68000000
1522666800,0.00,20261001,0,1323,0,0.01,149.53200000,148.89700000
1522694129,-635.00,20261001,1,1323,1,0.01,148.89700000,148.89700000
1522747800,0.00,20261001,0,1325,0,0.01,149.17400000,148.48100000
1522749600,0.00,20260605,0,1326,1,0.01,1.23222000,1.23472000
1522754100,0.00,20261000,0,1327,0,0.01,106.19400000,105.68400000
1522792800,371.00,20261000,1,1327,1,0.01,106.56500000,105.68400000
1522792800,613.00,20261001,1,1325,1,0.01,149.78700000,148.48100000
1522839600,0.00,20261000,0,1330,1,0.01,106.19900000,106.64800000
1522839600,0.00,20261001,0,1331,1,0.06,149.56100000,150.10100000
1522864782,-3294.00,20261001,1,1331,0,0.06,150.11000000,150.10100000
1522868971,-451.00,20261000,1,1330,0,0.01,106.65000000,106.64800000
1522872000,0.00,20260610,0,1334,0,0.01,106.61900000,106.11900000
1522886400,0.00,20260774,0,1335,0,0.01,1.40790000,1.40290000
1522921500,0.00,20261002,0,1336,1,0.01,1326.12000000,1334.80000000
1522923300,0.00,20261000,0,1337,0,0.01,107.11000000,106.70400000
1522940222,-535.00,20260774,1,1335,1,0.01,1.40290000,1.40290000
1522958400,107.00,20261002,1,1336,0,0.01,1325.12000000,1334.80000000
1522965600,324.00,20261000,1,1337,1,0.01,107.43400000,106.70400000
1522972800,0.00,20260774,0,1341,0,0.01,1.40052000,1.39552000
1523010543,1137.00,20260605,1,1326,0,0.01,1.22172000,1.23472000
1523265300,0.00,20261001,0,1343,0,0.01,150.98700000,150.47800000
1523265541,1174.00,20260774,1,1341,1,0.01,1.41152000,1.39552000
1523311200,-90.00,20261001,1,1343,1,0.01,150.89700000,150.47800000
1523353500,0.00,20261001,0,1346,0,0.01,151.56200000,150.69500000
1523372400,0.00,20260605,0,1347,0,0.01,1.23606000,1.23356000
1523384738,-269.00,20260605,1,1347,1,0.01,1.23355000,1.23356000
1523397600,425.00,20261001,1,1346,1,0.01,151.98700000,150.69500000
1523559600,0.00,20260605,0,1350,0,0.01,1.23185000,1.22935000
1523610900,0.00,20261000,0,1351,0,0.01,107.57000000,107.19600000
1523611800,0.00,20261001,0,1352,0,0.01,153.14200000,152.56700000
1523628256,1122.00,20260610,1,1334,1,0.01,107.71900000,106.11900000
1523635200,0.00,20260610,0,1354,0,0.01,107.70800000,107.20800000
1523656800,-156.00,20261000,1,1351,1,0.01,107.41400000,107.19600000
1523656800,-226.00,20261001,1,1352,1,0.01,152.91600000,152.56700000
1523836800,956.00,20260724,1,1322,1,0.01,8248.61000000,1730.68000000
1523857996,-498.00,20260610,1,1354,1,0.01,107.20800000,107.20800000
1523923260,0.00,20260724,0,1359,0,0.01,8018.78000000,2004.70000000
1524042900,0.00,20261001,0,1360,0,0.01,153.63300000,152.78200000
1524051038,-853.00,20261001,1,1360,1,0.01,152.78000000,152.78200000
1524051900,0.00,20261001,0,1362,1,0.06,152.32100000,153.58900000
1524088800,-300.00,20261001,1,1362,0,0.06,152.37100000,153.58900000
1524129300,0.00,20261001,0,1364,0,0.01,152.67300000,152.21600000
1524135586,-457.00,20261001,1,1364,1,0.01,152.21600000,152.21600000
1524135600,0.00,20261001,0,1366,1,0.06,152.19700000,152.61900000
1524144570,-2532.00,20261001,1,1366,0,0.06,152.61900000,152.61900000
1524217500,0.00,20261001,0,1368,1,0.06,151.08800000,151.69000000
1524230368,-334.00,20260605,1,1350,1,0.01,1.22934000,1.22935000
1524240000,0.00,20260605,0,1370,1,0.01,1.22896000,1.23146000
1524261600,1194.00,20261001,1,1368,0,0.06,150.88900000,151.69000000
1524475800,0.00,20261001,0,1372,0,0.01,151.33100000,150.71900000
1524520800,58.00,20261001,1,1372,1,0.01,151.38900000,150.71900000
1524567855,1132.00,20260605,1,1370,0,0.01,1.21844000,1.23146000
1524650400,0.00,20261000,0,1375,0,0.01,109.17400000,108.77800000
1524651300,0.00,20261002,0,1376,1,0.01,1324.10000000,1331.90000000
1524686400,174.00,20261002,1,1376,0,0.01,1322.51000000,1331.90000000
1524693600,167.00,20261000,1,1375,1,0.01,109.34100000,108.77800000
1524830400,0.00,20260774,0,1379,1,0.01,1.38190000,1.38690000
1525132860,857.00,20260724,1,1359,1,0.01,9235.44000000,2004.70000000
1525174239,1196.00,20260774,1,1379,0,0.01,1.37089000,1.38690000
1525219200,0.00,20260724,0,1382,0,0.01,9047.07000000,2261.77000000
1525350600,0.00,20261002,0,1383,0,0.01,1312.93000000,1304.30000000
1525377600,-50.00,20261002,1,1383,1,0.01,1312.47000000,1304.30000000
1525429800,0.00,20261001,0,1385,1,0.01,147.87000000,148.27800000
1525471200,96.00,20261001,1,1385,0,0.01,147.77400000,148.27800000
1525684500,0.00,20261002,0,1387,1,0.01,1312.81000000,1318.88000000
1525688100,0.00,20261000,0,1388,0,0.01,109.29300000,108.75000000
1525688100,0.00,20261001,0,1389,0,0.01,147.96300000,147.32900000
1525723200,-135.00,20261002,1,1387,0,0.01,1314.05000000,1318.88000000
1525730400,-243.00,20261000,1,1388,1,0.01,109.05000000,108.75000000
1525730400,-79.00,20261001,1,1389,1,0.01,147.88400000,147.32900000
1525782600,0.00,20261002,0,1393,1,0.01,1309.81000000,1316.95000000
1525809600,-489.00,20261002,1,1393,0,0.01,1314.29000000,1316.95000000
1525857300,0.00,20261002,0,1395,1,0.01,1308.97000000,1316.58000000
1525863600,0.00,20261001,0,1396,0,0.01,148.49300000,147.68500000
1525887341,-831.00,20261002,1,1395,0,0.01,1316.59000000,1316.58000000
1525903200,210.00,20261001,1,1396,1,0.01,148.70300000,147.68500000
1525943700,0.00,20261001,0,1399,0,0.01,149.05700000,148.52800000
1525960842,-530.00,20261001,1,1399,1,0.01,148.52700000,148.52800000
1526031000,0.00,20261001,0,1401,1,0.06,147.73100000,148.14100000
1526042730,-2466.00,20261001,1,1401,0,0.06,148.14200000,148.14100000
1526292900,0.00,20261001,0,1403,0,0.01,148.60500000,147.95500000
1526293800,0.00,20261000,0,1404,0,0.01,109.52700000,109.20000000
1526328000,0.00,20260605,0,1405,0,0.01,1.19768000,1.19518000
1526330912,-276.00,20260605,1,1405,1,0.01,1.19516000,1.19518000
1526335200,128.00,20261000,1,1404,1,0.01,109.65500000,109.20000000
1526335200,163.00,20261001,1,1403,1,0.01,148.76800000,147.95500000
1526342400,0.00,20260605,0,1409,1,0.01,1.19252000,1.19502000
1526428800,-1089.00,20260724,1,1382,1,0.01,8492.12000000,2261.77000000
1526435954,1153.00,20260605,1,1409,0,0.01,1.18202000,1.19502000
1526466600,0.00,20261002,0,1412,0,0.01,1296.66000000,1289.58000000
1526466600,0.00,20261000,0,1413,1,0.01,110.11400000,110.37700000
1526476257,-780.00,20261002,1,1412,1,0.01,1289.58000000,1289.58000000
1526481900,0.00,20261002,0,1415,1,0.02,1287.03000000,1294.94000000
1526500800,-1066.00,20261002,1,1415,0,0.02,1291.87000000,1294.94000000
1526508000,-155.00,20261000,1,1413,0,0.01,110.26900000,110.37700000
1526515200,0.00,20260622,0,1418,0,0.04,110.40500000,109.93300000
1526548500,0.00,20261001,0,1419,0,0.01,149.65800000,148.71400000
1526549400,0.00,20261000,0,1420,0,0.02,110.50000000,110.06500000
1526594400,494.00,20261000,1,1420,1,0.02,110.74700000,110.06500000
1526594400,-71.00,20261001,1,1419,1,0.01,149.58700000,148.71400000
1526892330,3796.00,20260622,1,1418,1,0.04,111.35000000,109.93300000
1526895000,0.00,20261002,0,1424,1,0.01,1284.32000000,1291.82000000
1526932800,-641.00,20261002,1,1424,0,0.01,1290.08000000,1291.82000000
1526984100,0.00,20261000,0,1426,0,0.02,111.18300000,110.83200000
1526984100,0.00,20261001,0,1427,0,0.06,149.38300000,148.75400000
1526987700,0.00,20261002,0,1428,0,0.02,1294.45000000,1288.28000000
1527000218,-702.00,20261000,1,1426,1,0.02,110.83200000,110.83200000
1527019200,-91.00,20261002,1,1428,1,0.02,1294.04000000,1288.28000000
1527026400,-1920.00,20261001,1,1427,1,0.06,149.06300000,148.75400000
1527067800,0.00,20261002,0,1432,1,0.01,1289.44000000,1295.38000000
1527067800,0.00,20261001,0,1433,1,0.01,147.91300000,148.99000000
1527070500,0.00,20261000,0,1434,1,0.01,110.28500000,110.91200000
1527079761,-652.00,20261002,1,1432,0,0.01,1295.39000000,1295.38000000
1527080400,0.00,20261002,0,1436,0,0.02,1297.64000000,1290.23000000
1527091280,-1632.00,20261002,1,1436,1,0.02,1290.22000000,1290.23000000
1527112800,201.00,20261000,1,1434,0,0.01,110.08400000,110.91200000
1527112800,984.00,20261001,1,1433,0,0.01,146.92900000,148.99000000
1527245100,0.00,20261001,0,1440,1,0.06,145.90400000,146.70900000
1527285600,1158.00,20261001,1,1440,0,0.06,145.71100000,146.70900000
1527586200,0.00,20261001,0,1442,1,0.01,144.75100000,145.69500000
1527590700,0.00,20261000,0,1443,1,0.01,108.81100000,109.45900000
1527631200,563.00,20261000,1,1443,0,0.01,108.24800000,109.45900000
1527631200,1341.00,20261001,1,1442,0,0.01,143.41000000,145.69500000
1527672600,0.00,20261001,0,1446,0,0.01,144.40800000,143.58300000
1527673500,0.00,20261002,0,1447,1,0.02,1296.90000000,1302.81000000
1527704379,-1279.00,20261002,1,1447,0,0.02,1302.81000000,1302.81000000
1527717600,147.00,20261001,1,1446,1,0.01,144.55500000,143.58300000
1527765300,0.00,20261001,0,1450,0,0.01,145.07600000,144.11200000
1527785981,-966.00,20261001,1,1450,1,0.01,144.11000000,144.11200000
1527846300,0.00,20261001,0,1452,0,0.01,145.07300000,144.47300000
1527880059,1200.00,20261001,1,1452,1,0.01,146.27300000,144.47300000
1528182000,0.00,20260605,0,1454,0,0.01,1.16913000,1.16663000
1528199100,0.00,20261001,0,1455,0,0.01,146.81000000,146.02100000
1528211861,-271.00,20260605,1,1454,1,0.01,1.16663000,1.16663000
1528218000,0.00,20260605,0,1457,0,0.01,1.16673000,1.16423000
1528236000,167.00,20261001,1,1455,1,0.01,146.97700000,146.02100000
1528277400,0.00,20261001,0,1459,0,0.01,147.58600000,146.85700000
1528290042,1128.00,20260605,1,1457,1,0.01,1.17723000,1.16423000
1528322400,160.00,20261001,1,1459,1,0.01,147.74600000,146.85700000
1528367400,0.00,20261001,0,1462,0,0.01,148.09700000,147.48300000
1528382359,-614.00,20261001,1,1462,1,0.01,147.48300000,147.48300000
1528452000,0.00,20261000,0,1464,1,0.01,109.49000000,109.84400000
1528495200,9.00,20261000,1,1464,0,0.01,109.48100000,109.84400000
1528708500,0.00,20261000,0,1466,0,0.01,109.95400000,109.25300000
1528708500,0.00,20261001,0,1467,0,0.01,147.53500000,146.50500000
1528754400,63.00,20261000,1,1466,1,0.01,110.01700000,109.25300000
1528754400,-340.00,20261001,1,1467,1,0.01,147.19500000,146.50500000
1528800300,0.00,20261001,0,1470,0,0.01,147.71400000,147.09200000
1528840800,-151.00,20261001,1,1470,1,0.01,147.56300000,147.09200000
1528890300,0.00,20261001,0,1472,1,0.06,147.44700000,147.88200000
1528927200,-1290.00,20261001,1,1472,0,0.06,147.66200000,147.88200000
1528973100,0.00,20261000,0,1474,1,0.01,109.93000000,110.35700000
1528992733,-427.00,20261000,1,1474,0,0.01,110.35700000,110.35700000
1529017200,0.00,20260605,0,1476,1,0.01,1.15849000,1.16099000
1529059500,0.00,20261001,0,1477,1,0.06,146.32400000,146.93200000
1529064964,-277.00,20260605,1,1476,0,0.01,1.16102000,1.16099000
1529069681,-3678.00,20261001,1,1477,0,0.06,146.93700000,146.93200000
1529280000,0.00,20260724,0,1480,0,0.01,6518.65000000,1629.66000000
1529317800,0.00,20261001,0,1481,1,0.01,146.30400000,146.98300000
1529359200,-30.00,20261001,1,1481,0,0.01,146.33400000,146.98300000
1529417700,0.00,20261002,0,1483,1,0.02,1276.02000000,1283.92000000
1529438400,18.00,20261002,1,1483,0,0.02,1275.94000000,1283.92000000
1529573400,0.00,20261002,0,1485,1,0.01,1263.07000000,1269.97000000
1529575200,0.00,20261001,0,1486,1,0.06,145.23200000,145.67100000
1529589653,-2634.00,20261001,1,1486,0,0.06,145.67100000,145.67100000
1529611200,-660.00,20261002,1,1485,0,0.01,1269.05000000,1269.97000000
1529662500,0.00,20261000,0,1489,0,0.01,110.16400000,109.83000000
1529662500,0.00,20261001,0,1490,0,0.01,146.45700000,145.43900000
1529689651,-334.00,20261000,1,1489,1,0.01,109.83000000,109.83000000
1529704800,-718.00,20261001,1,1490,1,0.01,145.73900000,145.43900000
1529920800,0.00,20261001,0,1493,1,0.01,144.87900000,145.90500000
1529964000,-458.00,20261001,1,1493,0,0.01,145.33700000,145.90500000
1530000000,0.00,20260640,0,1495,1,0.01,1263.58000000,1270.53000000
1530009900,0.00,20261002,0,1496,1,0.01,1261.94000000,1267.54000000
1530028800,0.00,20260610,0,1497,1,0.01,109.69900000,110.19900000
1530043200,-304.00,20260610,1,1497,0,0.01,110.00300000,110.19900000
1530043200,0.00,20260610,0,1499,0,0.01,110.00300000,109.50300000
1530043200,207.00,20261002,1,1496,0,0.01,1260.06000000,1267.54000000
1530096300,0.00,20261001,0,1501,1,0.01,144.99300000,145.64700000
1530100800,0.00,20260605,0,1502,0,0.01,1.16285000,1.16035000
1530114698,-276.00,20260605,1,1502,1,0.01,1.16035000,1.16035000
1530115200,0.00,20260605,0,1504,1,0.01,1.15960000,1.16210000
1530136800,296.00,20261001,1,1501,0,0.01,144.69700000,145.64700000
1530180757,1586.00,20260640,1,1495,0,0.01,1249.67000000,1270.53000000
1530250745,-273.00,20260605,1,1504,0,0.01,1.16213000,1.16210000
1530252000,0.00,20260605,0,1508,0,0.01,1.16412000,1.16162000
1530270158,-277.00,20260605,1,1508,1,0.01,1.16162000,1.16162000
1530272700,0.00,20261001,0,1510,0,0.01,145.84400000,144.32800000
1530309600,380.00,20261001,1,1510,1,0.01,146.22400000,144.32800000
1530489600,-675.00,20260724,1,1480,1,0.01,6342.53000000,1629.66000000
1530518400,0.00,20260640,0,1513,1,0.01,1250.73000000,1258.04000000
1530522900,0.00,20261002,0,1514,1,0.01,1248.15000000,1254.08000000
1530526500,0.00,20261001,0,1515,1,0.06,145.66200000,146.47700000
1530561600,665.00,20261002,1,1514,0,0.01,1242.15000000,1254.08000000
1530568800,804.00,20261001,1,1515,0,0.06,145.52800000,146.47700000
1530590911,1117.00,20260610,1,1499,1,0.01,111.10600000,109.50300000
1530612000,0.00,20261001,0,1519,0,0.01,145.99700000,145.26900000
1530614700,0.00,20261002,0,1520,0,0.02,1244.04000000,1237.84000000
1530638366,2069.00,20261002,1,1520,1,0.02,1253.35000000,1237.84000000
1530655200,-123.00,20261001,1,1519,1,0.01,145.87400000,145.26900000
1530678448,-786.00,20260640,1,1513,0,0.01,1258.04000000,1258.04000000
1530705600,0.00,20260610,0,1524,0,0.01,110.49100000,109.99100000
1530783900,0.00,20261001,0,1525,0,0.01,146.46800000,145.72900000
1530793800,0.00,20261002,0,1526,1,0.01,1252.34000000,1258.00000000
1530814361,-626.00,20261002,1,1526,0,0.01,1258.00000000,1258.00000000
1530828000,-240.00,20261001,1,1525,1,0.01,146.22800000,145.72900000
1530868500,0.00,20261001,0,1529,0,0.01,146.58500000,145.99800000
1530914400,-67.00,20261001,1,1529,1,0.01,146.51800000,145.99800000
1531127700,0.00,20261002,0,1531,0,0.01,1261.49000000,1254.69000000
1531127700,0.00,20261001,0,1532,0,0.01,147.26700000,146.58700000
1531157403,-680.00,20261001,1,1532,1,0.01,146.58700000,146.58700000
1531166400,-284.00,20261002,1,1531,1,0.01,1258.93000000,1254.69000000
1531217700,0.00,20261001,0,1535,0,0.01,147.34100000,146.80000000
1531260000,277.00,20261001,1,1535,1,0.01,147.61800000,146.80000000
1531333298,1114.00,20260610,1,1524,1,0.01,111.59100000,109.99100000
1531388700,0.00,20261001,0,1538,0,0.01,148.31900000,147.77200000
1531404000,0.00,20260605,0,1539,1,0.01,1.16605000,1.16855000
1531410038,-279.00,20260605,1,1539,0,0.01,1.16855000,1.16855000
1531432800,226.00,20261001,1,1538,1,0.01,148.54500000,147.77200000
1531468800,0.00,20260640,0,1542,1,0.01,1244.65000000,1252.02000000
1531800000,0.00,20260622,0,1543,0,0.04,112.42700000,112.00300000
1531819800,0.00,20261002,0,1544,0,0.01,1242.53000000,1237.40000000
1531821600,0.00,20261001,0,1545,0,0.01,148.96800000,148.53300000
1531837537,-435.00,20261001,1,1545,1,0.01,148.53300000,148.53300000
1531843200,0.00,20260774,0,1547,1,0.01,1.31541000,1.32041000
1531843647,-580.00,20261002,1,1544,1,0.01,1237.38000000,1237.40000000
1531848463,1691.00,20260640,1,1542,0,0.01,1229.88000000,1252.02000000
1531857600,0.00,20260640,0,1550,1,0.01,1226.62000000,1235.65000000
1531864800,0.00,20260605,0,1551,1,0.01,1.16626000,1.16876000
1531906200,0.00,20261002,0,1552,1,0.01,1222.55000000,1229.04000000
1531913385,1243.00,20260774,1,1547,0,0.01,1.30437000,1.32041000
1531913400,0.00,20261001,0,1554,1,0.06,147.22100000,148.21800000
1531944000,-494.00,20261002,1,1552,0,0.01,1226.93000000,1229.04000000
1531951200,-1122.00,20261001,1,1554,0,0.06,147.40800000,148.21800000
1531995300,0.00,20261002,0,1557,1,0.01,1221.58000000,1228.39000000
1531997100,0.00,20261000,0,1558,0,0.02,112.95500000,112.64500000
1532030400,553.00,20261002,1,1557,0,0.01,1216.68000000,1228.39000000
1532030557,-620.00,20261000,1,1558,1,0.02,112.64500000,112.64500000
1532101410,-271.00,20260605,1,1551,0,0.01,1.16876000,1.16876000
1532101411,-1655.00,20260622,1,1543,1,0.04,112.00300000,112.00300000
1532329200,0.00,20260605,0,1563,0,0.01,1.17415000,1.17165000
1532339859,-283.00,20260605,1,1563,1,0.01,1.17162000,1.17165000
1532347200,0.00,20261002,0,1565,1,0.01,1228.41000000,1235.02000000
1532376000,510.00,20261002,1,1565,0,0.01,1223.86000000,1235.02000000
1532426400,0.00,20260605,0,1567,1,0.01,1.16589000,1.16839000
1532428215,-280.00,20260605,1,1567,0,0.01,1.16839000,1.16839000
1532430000,0.00,20260605,0,1569,0,0.01,1.16967000,1.16717000
1532438100,0.00,20261002,0,1570,0,0.02,1226.73000000,1218.02000000
1532462400,-356.00,20261002,1,1570,1,0.02,1225.14000000,1218.02000000
1532476800,0.00,20260724,0,1572,0,0.01,8251.93000000,2062.98000000
1532514600,0.00,20261001,0,1573,0,0.01,146.50000000,146.02400000
1532532038,-476.00,20261001,1,1573,1,0.01,146.02400000,146.02400000
1532541340,-289.00,20260605,1,1569,1,0.01,1.16717000,1.16717000
1532597400,0.00,20261001,0,1576,1,0.01,145.99800000,146.50000000
1532601900,0.00,20261002,0,1577,1,0.01,1227.83000000,1235.09000000
1532635200,0.00,20260605,0,1578,1,0.01,1.16626000,1.16876000
1532635200,78.00,20261002,1,1577,0,0.01,1227.13000000,1235.09000000
1532642400,158.00,20261001,1,1576,0,0.01,145.84000000,146.50000000
1532685600,0.00,20261001,0,1581,1,0.01,145.36900000,145.80100000
1532728800,-192.00,20261001,1,1581,0,0.01,145.56100000,145.80100000
1532944800,0.00,20261001,0,1583,0,0.01,145.71300000,145.24500000
1532954427,-277.00,20260605,1,1578,0,0.01,1.16877000,1.16876000
1532959200,0.00,20260605,0,1585,0,0.01,1.16814000,1.16564000
1532988000,81.00,20261001,1,1583,1,0.01,145.79400000,145.24500000
1533029400,0.00,20261001,0,1587,0,0.01,146.20300000,145.31800000
1533074400,569.00,20261001,1,1587,1,0.01,146.77200000,145.31800000
1533116700,0.00,20261000,0,1589,0,0.01,112.10800000,111.69600000
1533116700,0.00,20261001,0,1590,0,0.01,147.01500000,146.50300000
1533150027,-412.00,20261000,1,1589,1,0.01,111.69600000,111.69600000
1533150090,-512.00,20261001,1,1590,1,0.01,146.50300000,146.50300000
1533171600,-293.00,20260605,1,1585,1,0.01,1.16591000,1.16564000
1533171600,0.00,20260605,0,1594,1,0.01,1.16591000,1.16841000
1533204000,0.00,20261001,0,1595,1,0.01,146.06700000,146.63500000
1533247200,583.00,20261001,1,1595,0,0.01,145.48400000,146.63500000
1533252154,2249.00,20260640,1,1550,0,0.01,1208.57000000,1235.65000000
1533544116,1177.00,20260605,1,1594,0,0.01,1.15541000,1.16841000
1533556800,0.00,20260640,0,1599,1,0.01,1212.56000000,1221.30000000
1533686400,-2066.00,20260724,1,1572,1,0.01,6841.22000000,2062.98000000
1533893400,0.00,20261001,0,1601,1,0.01,141.90200000,142.55000000
1533938400,716.00,20261001,1,1601,0,0.01,141.18600000,142.55000000
1534156200,0.00,20261002,0,1603,1,0.01,1205.75000000,1213.74000000
1534158000,0.00,20261001,0,1604,1,0.01,140.36100000,141.34800000
1534171182,2044.00,20260640,1,1599,0,0.01,1195.07000000,1221.30000000
1534172131,-987.00,20261001,1,1604,0,0.01,141.34800000,141.34800000
1534176000,0.00,20260640,0,1607,1,0.01,1201.42000000,1210.48000000
1534189779,1338.00,20261002,1,1603,0,0.01,1193.77000000,1213.74000000
1534238100,0.00,20261001,0,1609,0,0.01,141.75600000,140.88000000
1534240800,0.00,20261000,0,1610,0,0.01,111.05100000,110.58100000
1534284000,161.00,20261000,1,1610,1,0.01,111.21200000,110.58100000
1534284000,-387.00,20261001,1,1609,1,0.01,141.36900000,140.88000000
1534291200,0.00,20260724,0,1613,0,0.01,6102.18000000,1525.55000000
1534329000,0.00,20261001,0,1614,0,0.01,141.66400000,141.13700000
1534335300,0.00,20261002,0,1615,1,0.01,1185.71000000,1194.59000000
1534340959,-527.00,20261001,1,1614,1,0.01,141.13700000,141.13700000
1534351048,2042.00,20260640,1,1607,0,0.01,1183.29000000,1210.48000000
1534363200,916.00,20261002,1,1615,0,0.01,1177.47000000,1194.59000000
1534406400,0.00,20260610,0,1619,1,0.01,110.77200000,111.27200000
1534504500,0.00,20261000,0,1620,1,0.02,110.69800000,111.04400000
1534543200,190.00,20261000,1,1620,0,0.02,110.60300000,111.04400000
1534924800,0.00,20260605,0,1622,0,0.01,1.15765000,1.15515000
1535004032,-304.00,20260605,1,1622,1,0.01,1.15514000,1.15515000
1535011200,0.00,20260640,0,1624,1,0.01,1191.63000000,1200.09000000
1535019300,0.00,20261002,0,1625,1,0.01,1188.77000000,1196.48000000
1535045557,-709.00,20260610,1,1619,0,0.01,111.27200000,111.27200000
1535054400,66.00,20261002,1,1625,0,0.01,1188.18000000,1196.48000000
1535083200,0.00,20260610,0,1628,0,0.01,111.41100000,110.91100000
1535105700,0.00,20261001,0,1629,0,0.01,142.95000000,142.46300000
1535130280,-928.00,20260640,1,1624,0,0.01,1200.09000000,1200.09000000
1535148000,-119.00,20261001,1,1629,1,0.01,142.83100000,142.46300000
1535364000,0.00,20261001,0,1632,1,0.01,142.57400000,143.17100000
1535392865,-600.00,20261001,1,1632,0,0.01,143.17400000,143.17100000
1535452200,0.00,20261001,0,1634,0,0.01,143.45200000,143.00700000
1535493600,-351.00,20261001,1,1634,1,0.01,143.10100000,143.00700000
1535500800,567.00,20260724,1,1613,1,0.01,7048.74000000,1525.55000000
1535628600,0.00,20261001,0,1637,1,0.01,144.96200000,145.67300000
1535666400,436.00,20261001,1,1637,0,0.01,144.52600000,145.67300000
1535685027,-486.00,20260610,1,1628,1,0.01,110.91100000,110.91100000
1535711400,0.00,20261000,0,1640,1,0.02,110.70900000,111.13000000
1535711400,0.00,20261001,0,1641,1,0.06,143.98700000,144.68600000
1535752800,-602.00,20261000,1,1640,0,0.02,111.01000000,111.13000000
1535752800,906.00,20261001,1,1641,0,0.06,143.83600000,144.68600000
1535967000,0.00,20261001,0,1644,1,0.01,143.17700000,143.70500000
1535971500,0.00,20261002,0,1645,0,0.01,1202.69000000,1195.54000000
1536012030,111.00,20261001,1,1644,0,0.01,143.06600000,143.70500000
1536052500,0.00,20261000,0,1647,0,0.01,111.34200000,110.89400000
1536052500,0.00,20261001,0,1648,0,0.01,143.09000000,142.65300000
1536054975,-896.00,20261002,1,1645,1,0.01,1195.53000000,1195.54000000
1536062400,0.00,20260605,0,1650,1,0.01,1.15646000,1.15896000
1536071163,-437.00,20261001,1,1648,1,0.01,142.65300000,142.65300000
1536098400,133.00,20261000,1,1647,1,0.01,111.47500000,110.89400000
1536102097,-279.00,20260605,1,1650,0,0.01,1.15896000,1.15896000
1536141600,0.00,20261001,0,1654,1,0.06,142.98200000,143.67100000
1536163529,-4212.00,20261001,1,1654,0,0.06,143.68400000,143.67100000
1536170400,0.00,20260605,0,1656,1,0.01,1.16244000,1.16494000
1536203656,-275.00,20260605,1,1656,0,0.01,1.16495000,1.16494000
1536311700,0.00,20261001,0,1658,0,0.06,143.16600000,142.60200000
1536328349,6774.00,20261001,1,1658,1,0.06,144.29500000,142.60200000
1536537600,0.00,20260724,0,1660,0,0.01,6420.85000000,1605.21000000
1536595200,0.00,20260610,0,1661,0,0.01,111.17500000,110.67500000
1536661800,0.00,20261001,0,1662,0,0.01,145.70900000,144.60700000
1536678201,-1105.00,20261001,1,1662,1,0.01,144.60400000,144.60700000
1536832800,0.00,20260605,0,1664,0,0.01,1.16252000,1.16002000
1536940800,0.00,20260774,0,1665,0,0.01,1.30888000,1.30388000
1537182000,0.00,20261000,0,1666,1,0.01,111.85500000,112.11500000
1537197336,-260.00,20261000,1,1666,0,0.01,112.11500000,112.11500000
1537262100,0.00,20261001,0,1668,0,0.01,147.53300000,146.77400000
1537263000,0.00,20261000,0,1669,0,0.01,112.26000000,111.65700000
1537265700,0.00,20261002,0,1670,1,0.01,1196.28000000,1201.74000000
1537281735,-613.00,20261002,1,1670,0,0.01,1201.75000000,1201.74000000
1537290035,1116.00,20260610,1,1661,1,0.01,112.27500000,110.67500000
1537300800,0.00,20260610,0,1673,0,0.01,112.35500000,111.85500000
1537308000,94.00,20261000,1,1669,1,0.01,112.35400000,111.65700000
1537308000,66.00,20261001,1,1668,1,0.01,147.59900000,146.77400000
1537356640,1228.00,20260774,1,1665,1,0.01,1.31991000,1.30388000
1537357500,0.00,20261001,0,1677,0,0.06,148.40700000,147.57800000
1537366110,-5082.00,20261001,1,1677,1,0.06,147.56000000,147.57800000
1537453828,1117.00,20260605,1,1664,1,0.01,1.17303000,1.16002000
1537526700,0.00,20261001,0,1680,1,0.06,148.95900000,149.70400000
1537546182,8952.00,20261001,1,1680,0,0.06,147.46700000,149.70400000
1537747200,-238.00,20260724,1,1660,1,0.01,6645.07000000,1605.21000000
1538045100,0.00,20261001,0,1683,1,0.01,147.67600000,148.72200000
1538078519,1126.00,20260610,1,1673,1,0.01,113.45900000,111.85500000
1538085600,-784.00,20261001,1,1683,0,0.01,148.46000000,148.72200000
1538107200,0.00,20260605,0,1686,1,0.01,1.16419000,1.16669000
1538132400,0.00,20261001,0,1687,1,0.06,148.13300000,148.63500000
1538172000,48.00,20261001,1,1687,0,0.06,148.12500000,148.63500000
1538391600,0.00,20261000,0,1689,0,0.01,114.04100000,113.69000000
1538431200,-66.00,20261000,1,1689,1,0.01,113.97500000,113.69000000
1538471700,0.00,20261001,0,1691,1,0.01,148.00400000,148.71200000
1538472331,1202.00,20260605,1,1686,0,0.01,1.15368000,1.16669000
1538475300,0.00,20261000,0,1693,1,0.01,113.71600000,114.01000000
1538517600,27.00,20261000,1,1693,0,0.01,113.68900000,114.01000000
1538517600,444.00,20261001,1,1691,0,0.01,147.56000000,148.71200000
1538559900,0.00,20261001,0,1696,0,0.01,148.06200000,147.25600000
1538565300,0.00,20261000,0,1697,0,0.01,113.89900000,113.51500000
1538596800,0.00,20260622,0,1698,0,0.04,114.36600000,113.88700000
1538604000,429.00,20261000,1,1697,1,0.01,114.32800000,113.51500000
1538604000,280.00,20261001,1,1696,1,0.01,148.34200000,147.25600000
1538651700,0.00,20261001,0,1701,0,0.06,148.30900000,147.69300000
1538673125,-1891.00,20260622,1,1698,1,0.04,113.88700000,113.88700000
1538690400,-192.00,20261001,1,1701,1,0.06,148.27700000,147.69300000
1538732700,0.00,20261001,0,1704,0,0.06,148.65400000,148.06700000
1538776800,2634.00,20261001,1,1704,1,0.06,149.09300000,148.06700000
1538990100,0.00,20261001,0,1706,1,0.01,149.05600000,149.49900000
1538996400,0.00,20261002,0,1707,1,0.01,1193.80000000,1203.99000000
1538998485,886.00,20261001,1,1706,0,0.01,148.17000000,149.49900000
1538999100,0.00,20261000,0,1709,1,0.02,113.36000000,113.93500000
1539028800,808.00,20261002,1,1707,0,0.01,1186.65000000,1203.99000000
1539036000,732.00,20261000,1,1709,0,0.02,112.99400000,113.93500000
1539080100,0.00,20261000,0,1712,0,0.02,113.32000000,112.92400000
1539122400,-580.00,20261000,1,1712,1,0.02,113.03000000,112.92400000
1539165600,0.00,20261001,0,1714,0,0.01,148.99200000,148.34200000
1539171900,0.00,20261000,0,1715,0,0.01,113.18600000,112.91800000
1539190768,-268.00,20261000,1,1715,1,0.01,112.91800000,112.91800000
1539208800,-426.00,20261001,1,1714,1,0.01,148.56600000,148.34200000
1539306000,0.00,20260605,0,1718,0,0.01,1.15925000,1.15675000
1539337500,0.00,20261001,0,1719,0,0.01,148.91700000,148.21400000
1539358231,-703.00,20261001,1,1719,1,0.01,148.21400000,148.21400000
1539358468,-282.00,20260605,1,1718,1,0.01,1.15675000,1.15675000
1539367200,0.00,20260605,0,1722,0,0.01,1.15620000,1.15370000
1539596700,0.00,20261002,0,1723,0,0.01,1223.85000000,1216.70000000
1539598500,0.00,20261000,0,1724,1,0.01,111.77700000,112.22700000
1539598500,0.00,20261001,0,1725,1,0.06,146.61800000,147.10000000
1539611140,-2898.00,20261001,1,1725,0,0.06,147.10100000,147.10000000
1539633600,335.00,20261002,1,1723,1,0.01,1226.85000000,1216.70000000
1539640800,-118.00,20261000,1,1724,0,0.01,111.89500000,112.22700000
1539648030,0.00,20260724,0,1729,0,0.01,6424.40000000,1606.10000000
1539683100,0.00,20261001,0,1730,0,0.01,147.61000000,146.81700000
1539727200,351.00,20261001,1,1730,1,0.01,147.96100000,146.81700000
1539774000,0.00,20261001,0,1732,1,0.01,147.65600000,148.23900000
1539786077,-308.00,20260605,1,1722,1,0.01,1.15369000,1.15370000
1539813600,28.00,20261001,1,1732,0,0.01,147.62800000,148.23900000
1539820830,0.00,20260605,0,1735,1,0.01,1.14989000,1.15239000
1539854100,0.00,20261001,0,1736,1,0.01,147.12500000,147.78100000
1539864331,-280.00,20260605,1,1735,0,0.01,1.15239000,1.15239000
1539900000,905.00,20261001,1,1736,0,0.01,146.22000000,147.78100000
1539940500,0.00,20261001,0,1739,0,0.01,146.58500000,145.96300000
1539982800,0.00,20260605,0,1740,1,0.01,1.15107000,1.15357000
1539986400,508.00,20261001,1,1739,1,0.01,147.09300000,145.96300000
1540199619,-278.00,20260605,1,1740,0,0.01,1.15357000,1.15357000
1540199700,0.00,20261001,0,1743,0,0.01,147.38700000,146.65400000
1540206000,0.00,20261000,0,1744,0,0.01,112.76200000,112.34200000
1540220261,-733.00,20261001,1,1743,1,0.01,146.65400000,146.65400000
1540245600,36.00,20261000,1,1744,1,0.01,112.79800000,112.34200000
1540286100,0.00,20261001,0,1747,1,0.01,145.48300000,146.32100000
1540287900,0.00,20261000,0,1748,1,0.01,112.38100000,112.83400000
1540306280,-839.00,20261001,1,1747,0,0.01,146.32200000,146.32100000
1540332000,-89.00,20261000,1,1748,0,0.01,112.47000000,112.83400000
1540377000,0.00,20261001,0,1751,1,0.06,145.69000000,146.29200000
1540418400,5136.00,20261001,1,1751,0,0.06,144.83400000,146.29200000
1540454400,0.00,20260774,0,1753,1,0.01,1.28880000,1.29380000
1540459800,0.00,20261001,0,1754,0,0.06,144.70100000,144.08700000
1540466100,0.00,20261000,0,1755,0,0.02,112.33500000,111.81400000
1540490819,-3714.00,20261001,1,1754,1,0.06,144.08200000,144.08700000
1540504800,510.00,20261000,1,1755,1,0.02,112.59000000,111.81400000
1540550700,0.00,20261001,0,1758,1,0.01,143.50400000,144.17500000
1540591200,-15.00,20261001,1,1758,0,0.01,143.51900000,144.17500000
1540771200,-520.00,20260724,1,1729,1,0.01,6354.50000000,1606.10000000
1540813500,0.00,20261000,0,1761,0,0.01,112.16800000,111.76900000
1540850400,210.00,20261000,1,1761,1,0.01,112.37800000,111.76900000
1540892128,1222.00,20260774,1,1753,0,0.01,1.27779000,1.29380000
1540893600,0.00,20261000,0,1764,0,0.01,112.81500000,112.29700000
1540936800,147.00,20261000,1,1764,1,0.01,112.96200000,112.29700000
1540981800,0.00,20261001,0,1766,0,0.01,144.14600000,143.60600000
1541023200,43.00,20261001,1,1766,1,0.01,144.18900000,143.60600000
1541063700,0.00,20261001,0,1768,0,0.01,145.31400000,144.01200000
1541064600,0.00,20261002,0,1769,0,0.01,1223.86000000,1215.11000000
1541100865,1485.00,20261002,1,1769,1,0.01,1237.01000000,1215.11000000
1541109600,1317.00,20261001,1,1768,1,0.01,146.63100000,144.01200000
1541150100,0.00,20261001,0,1772,0,0.01,147.11300000,146.27300000
1541196000,-345.00,20261001,1,1772,1,0.01,146.76800000,146.27300000
1541494800,0.00,20260605,0,1774,0,0.01,1.14129000,1.13879000
1541589300,0.00,20261002,0,1775,0,0.01,1233.44000000,1222.88000000
1541620800,-560.00,20261002,1,1775,1,0.01,1228.48000000,1222.88000000
1541692800,0.00,20260774,0,1777,0,0.01,1.31005000,1.30505000
1541706641,-318.00,20260605,1,1774,1,0.01,1.13879000,1.13879000
1541707200,0.00,20260605,0,1779,1,0.01,1.13918000,1.14168000
1541710800,-90.00,20260605,1,1779,0,0.01,1.13998000,1.14168000
1541710800,0.00,20260605,0,1781,0,0.01,1.13998000,1.13748000
1541711224,-284.00,20260605,1,1781,1,0.01,1.13747000,1.13748000
1541713350,-566.00,20260774,1,1777,1,0.01,1.30504000,1.30505000
1541721630,0.00,20260650,0,1784,0,0.90,82.81300000,0.00000000
1541754900,0.00,20261001,0,1785,1,0.01,148.17800000,149.03400000
1541764800,0.00,20260774,0,1786,1,0.01,1.30064000,1.30564000
1541800800,513.00,20261001,1,1785,0,0.01,147.66500000,149.03400000
1542008966,1239.00,20260774,1,1786,0,0.01,1.28963000,1.30564000
1542015900,0.00,20261001,0,1789,1,0.06,146.88900000,147.56700000
1542016800,0.00,20261002,0,1790,1,0.01,1204.53000000,1211.34000000
1542052800,119.00,20261002,1,1790,0,0.01,1203.48000000,1211.34000000
1542060000,3084.00,20261001,1,1789,0,0.06,146.37500000,147.56700000
1542103200,0.00,20261001,0,1793,0,0.01,147.01100000,145.97800000
1542108600,0.00,20261000,0,1794,0,0.01,114.12600000,113.57400000
1542111300,0.00,20261002,0,1795,1,0.02,1197.86000000,1205.06000000
1542139200,-946.00,20261002,1,1795,0,0.02,1202.01000000,1205.06000000
1542146400,-285.00,20261000,1,1794,1,0.01,113.84100000,113.57400000
1542146400,460.00,20261001,1,1793,1,0.01,147.47100000,145.97800000
1542276000,0.00,20261001,0,1799,1,0.06,147.37200000,147.90500000
1542276900,0.00,20261002,0,1800,0,0.01,1214.68000000,1208.20000000
1542279270,6414.00,20261001,1,1799,0,0.06,146.30300000,147.90500000
1542282300,0.00,20261000,0,1802,1,0.01,113.34900000,113.66800000
1542283200,0.00,20260629,0,1803,1,0.01,1.12847000,0.00000000
1542283200,0.00,20260629,0,1804,0,0.01,1.27876000,0.00000000
1542294206,-737.00,20261002,1,1800,1,0.01,1208.18000000,1208.20000000
1542312000,0.00,20260610,0,1806,0,0.01,113.36700000,112.86700000
1542315625,-319.00,20261000,1,1802,0,0.01,113.66800000,113.66800000
1542383079,-498.00,20260610,1,1806,1,0.01,112.86700000,112.86700000
1542384000,0.00,20260610,0,1809,1,0.01,112.89100000,113.39100000
1542592800,0.00,20260605,0,1810,0,0.01,1.14146000,1.13896000
1542711600,0.00,20261000,0,1811,1,0.02,112.32600000,112.65500000
1542733349,-291.00,20260605,1,1810,1,0.01,1.13895000,1.13896000
1542735899,-662.00,20261000,1,1811,0,0.02,112.65700000,112.65500000
1542736800,0.00,20260605,0,1814,0,0.01,1.14104000,1.13854000
1542740969,-283.00,20260605,1,1814,1,0.01,1.13853000,1.13854000
1542765600,0.00,20260605,0,1816,0,0.01,1.13730000,1.13480000
1542793500,0.00,20261001,0,1817,0,0.01,144.67300000,143.98200000
1542837600,-164.00,20261001,1,1817,1,0.01,144.50900000,143.98200000
1542977704,-319.00,20260605,1,1816,1,0.01,1.13479000,1.13480000
1543223700,0.00,20261001,0,1820,0,0.01,145.24800000,144.62600000
1543249470,-741.00,20260610,1,1809,0,0.01,113.39300000,113.39100000
1543262400,0.00,20260610,0,1822,0,0.01,113.52400000,113.02400000
1543269600,310.00,20261001,1,1820,1,0.01,145.55800000,144.62600000
1543310100,0.00,20261001,0,1824,1,0.01,144.97200000,145.56000000
1543327200,0.00,20260605,0,1825,1,0.01,1.13189000,1.13439000
1543356000,71.00,20261001,1,1824,0,0.01,144.90100000,145.56000000
1543402800,-398.00,20260629,1,1804,1,0.01,1.27566000,0.00000000
1543402800,21.00,20260629,1,1803,0,0.01,1.12847000,0.00000000
1543431857,-291.00,20260605,1,1825,0,0.01,1.13447000,1.13439000
1543438800,0.00,20260605,0,1830,0,0.01,1.13755000,1.13505000
1543446000,-76.00,20260605,1,1830,1,0.01,1.13688000,1.13505000
1543446000,0.00,20260605,0,1832,1,0.01,1.13688000,1.13938000
1543484072,-279.00,20260605,1,1832,0,0.01,1.13939000,1.13938000
1543493700,0.00,20261002,0,1834,0,0.01,1226.70000000,1220.30000000
1543521600,-103.00,20261002,1,1834,1,0.01,1225.79000000,1220.30000000
1543828500,0.00,20261002,0,1836,0,0.01,1230.09000000,1221.20000000
1543867200,317.00,20261002,1,1836,1,0.01,1232.88000000,1221.20000000
1543918843,-485.00,20260610,1,1822,1,0.01,113.02300000,113.02400000
1543920300,0.00,20261002,0,1839,0,0.01,1239.10000000,1230.40000000
1543923900,0.00,20261001,0,1840,0,0.06,144.65400000,143.94500000
1543928400,0.00,20260605,0,1841,0,0.01,1.14071000,1.13821000
1543941867,-4254.00,20261001,1,1840,1,0.06,143.94500000,143.94500000
1543942264,-284.00,20260605,1,1841,1,0.01,1.13820000,1.13821000
1543946400,0.00,20260605,0,1844,1,0.01,1.13495000,1.13745000
1543953600,96.00,20261002,1,1839,1,0.01,1239.95000000,1230.40000000
1544089500,0.00,20261002,0,1846,1,0.01,1235.26000000,1240.72000000
1544112459,-277.00,20260605,1,1844,0,0.01,1.13746000,1.13745000
1544112700,-617.00,20261002,1,1846,0,0.01,1240.72000000,1240.72000000
1544126400,0.00,20260610,0,1849,1,0.01,112.53500000,113.03500000
1544442300,0.00,20261000,0,1850,0,0.02,112.75200000,112.23300000
1544457600,0.00,20260629,0,1851,1,0.01,1.14103000,0.00000000
1544457600,0.00,20260629,0,1852,0,0.01,1.26229000,0.00000000
1544459560,-566.00,20260610,1,1849,0,0.01,113.04100000,113.03500000
1544472000,0.00,20260610,0,1854,0,0.01,113.12700000,112.62700000
1544479200,900.00,20261000,1,1850,1,0.02,113.20200000,112.23300000
1544547600,0.00,20260605,0,1856,1,0.01,1.13350000,1.13600000
1544607000,0.00,20261001,0,1857,0,0.01,141.99700000,141.46700000
1544625673,-281.00,20260605,1,1856,0,0.01,1.13600000,1.13600000
1544630500,1060.00,20261001,1,1857,1,0.01,143.05700000,141.46700000
1544659230,0.00,20260605,0,1860,0,0.01,1.13698000,1.13448000
1544693400,0.00,20261001,0,1861,0,0.01,143.29700000,142.77500000
1544715867,-284.00,20260605,1,1860,1,0.01,1.13448000,1.13448000
1544720400,0.00,20260605,0,1863,1,0.01,1.13428000,1.13678000
1544732044,-284.00,20260605,1,1863,0,0.01,1.13678000,1.13678000
1544738400,0.00,20260605,0,1865,0,0.01,1.13667000,1.13417000
1544738400,518.00,20261001,1,1861,1,0.01,143.81500000,142.77500000
1544782586,-293.00,20260605,1,1865,1,0.01,1.13417000,1.13417000
1544783400,0.00,20261001,0,1868,1,0.01,143.09800000,143.84800000
1544824800,592.00,20261001,1,1868,0,0.01,142.50600000,143.84800000
1545041700,0.00,20261001,0,1870,0,0.06,142.85300000,142.24700000
1545065824,-3648.00,20261001,1,1870,1,0.06,142.24500000,142.24700000
1545073200,0.00,20260605,0,1872,1,0.01,1.13377000,1.13627000
1545091230,-151237.00,20260650,1,1784,1,0.90,80.98300000,0.00000000
1545105600,-245.00,20260605,1,1872,0,0.01,1.13596000,1.13627000
1545105600,0.00,20260605,0,1875,0,0.01,1.13596000,1.13346000
1545109503,-484.00,20260610,1,1854,1,0.01,112.62700000,112.62700000
1545131700,0.00,20261000,0,1877,1,0.01,112.38900000,112.84500000
1545138900,0.00,20261002,0,1878,0,0.02,1250.13000000,1244.92000000
1545163200,-254.00,20261002,1,1878,1,0.02,1249.00000000,1244.92000000
1545170400,-55.00,20260605,1,1875,1,0.01,1.13547000,1.13346000
1545170400,0.00,20260605,0,1881,1,0.01,1.13547000,1.13797000
1545170400,-146.00,20261000,1,1877,0,0.01,112.53500000,112.84500000
1545185260,-279.00,20260605,1,1881,0,0.01,1.13797000,1.13797000
1545299100,0.00,20261002,0,1884,0,0.01,1248.62000000,1242.63000000
1545322046,1014.00,20261002,1,1884,1,0.01,1257.63000000,1242.63000000
1545627600,538.00,20260629,1,1852,1,0.01,1.26758000,0.00000000
1545627600,270.00,20260629,1,1851,0,0.01,1.13886000,0.00000000
1545815100,0.00,20260724,0,1888,0,0.01,3802.70000000,950.68000000
1545840000,0.00,20260627,0,1889,1,0.02,140.20000000,140.99700000
1545870033,-1938.00,20260627,1,1889,0,0.02,141.00700000,140.99700000
1545876000,0.00,20260605,0,1891,1,0.01,1.13597000,1.13847000
1545884259,-282.00,20260605,1,1891,0,0.01,1.13848000,1.13847000
1545886800,0.00,20260605,0,1893,0,0.01,1.13817000,1.13567000
1545904800,0.00,20261001,0,1894,1,0.01,140.40500000,141.07600000
1545911100,0.00,20261002,0,1895,0,0.01,1273.37000000,1266.29000000
1545940800,449.00,20261002,1,1895,1,0.01,1277.36000000,1266.29000000
1545948000,301.00,20261001,1,1894,0,0.01,140.10400000,141.07600000
1545988500,0.00,20261001,0,1898,1,0.01,139.93500000,140.38800000
1545990300,0.00,20261000,0,1899,1,0.01,110.40500000,111.00300000
1546034400,3.00,20261000,1,1899,0,0.01,110.40200000,111.00300000
1546034400,-250.00,20261001,1,1898,0,0.01,140.18500000,140.38800000
1546252200,0.00,20261000,0,1902,1,0.02,110.07500000,110.46700000
1546257600,0.00,20260640,0,1903,0,0.01,1282.32000000,1274.07000000
1546419900,1521.00,20261000,1,1902,0,0.02,109.28500000,110.46700000
1546419923,1122.00,20260605,1,1893,1,0.01,1.14868000,1.13567000
1546477200,0.00,20260605,0,1906,1,0.01,1.13411000,1.13661000
1546493066,-274.00,20260605,1,1906,0,0.01,1.13662000,1.13661000
1546599600,0.00,20260605,0,1908,0,0.01,1.14089000,1.13839000
1546615828,-274.00,20260605,1,1908,1,0.01,1.13838000,1.13839000
1546624800,0.00,20260605,0,1910,0,0.01,1.14113000,1.13863000
1546858800,0.00,20261001,0,1911,1,0.01,137.69000000,138.31800000
1546875856,-629.00,20261001,1,1911,0,0.01,138.31900000,138.31800000
1546939800,0.00,20261001,0,1913,0,0.01,139.24100000,138.52400000
1546953694,-718.00,20261001,1,1913,1,0.01,138.52300000,138.52400000
1546977600,0.00,20260622,0,1915,1,0.02,108.58100000,109.29500000
1547029800,0.00,20261001,0,1916,0,0.01,138.87400000,138.15100000
1547037900,0.00,20261002,0,1917,1,0.01,1280.45000000,1286.99000000
1547051729,-712.00,20261002,1,1917,0,0.01,1287.01000000,1286.99000000
1547052089,1112.00,20260605,1,1910,1,0.01,1.15163000,1.13863000
1547055211,-723.00,20261001,1,1916,1,0.01,138.15100000,138.15100000
1547078460,-391.00,20260724,1,1888,1,0.01,3975.29000000,950.68000000
1547092800,0.00,20260628,0,1922,1,0.01,77.31200000,78.01300000
1547092800,0.00,20260774,0,1923,0,0.01,1.27864000,1.27364000
1547111700,0.00,20261001,0,1924,1,0.01,137.74400000,138.51400000
1547127276,-540.00,20260774,1,1923,1,0.01,1.27364000,1.27364000
1547157600,-461.00,20261001,1,1924,0,0.01,138.20500000,138.51400000
1547163792,-701.00,20260628,1,1922,0,0.01,78.01300000,78.01300000
1547459100,0.00,20261001,0,1928,1,0.01,138.61800000,139.56300000
1547461800,0.00,20261002,0,1929,0,0.01,1293.53000000,1286.98000000
1547485200,0.00,20260605,0,1930,0,0.01,1.14664000,1.14414000
1547488460,-946.00,20261001,1,1928,0,0.01,139.56400000,139.56300000
1547496000,-211.00,20261002,1,1929,1,0.01,1291.58000000,1286.98000000
1547550857,-281.00,20260605,1,1930,1,0.01,1.14413000,1.14414000
1547634600,0.00,20261001,0,1934,0,0.06,139.91700000,138.97600000
1547643600,0.00,20260605,0,1935,1,0.01,1.13992000,1.14242000
1547676000,1524.00,20261001,1,1934,1,0.06,140.17100000,138.97600000
1547718300,0.00,20261001,0,1937,1,0.01,139.78900000,140.59200000
1547740781,-803.00,20261001,1,1937,0,0.01,140.59200000,140.59200000
1547761485,-2081.00,20260622,1,1915,0,0.02,109.29600000,109.29500000
1547811000,0.00,20261000,0,1940,0,0.01,109.57700000,109.04900000
1547848800,190.00,20261000,1,1940,1,0.01,109.76700000,109.04900000
1548148500,0.00,20261001,0,1942,1,0.01,140.70500000,141.42300000
1548157296,-718.00,20261001,1,1942,0,0.01,141.42300000,141.42300000
1548242100,0.00,20261001,0,1944,0,0.01,142.33500000,141.55400000
1548280800,824.00,20261001,1,1944,1,0.01,143.15900000,141.55400000
1548360097,1172.00,20260605,1,1935,0,0.01,1.12941000,1.14242000
1548437161,-812.00,20260640,1,1903,1,0.01,1298.83000000,1274.07000000
1548667800,0.00,20261001,0,1948,1,0.01,144.04400000,144.70500000
1548676800,0.00,20260605,0,1949,0,0.01,1.14091000,1.13841000
1548712800,146.00,20261001,1,1948,0,0.01,143.89800000,144.70500000
1548762300,0.00,20261000,0,1951,0,0.02,109.42800000,109.12200000
1548799200,-324.00,20261000,1,1951,1,0.02,109.26600000,109.12200000
1548845100,0.00,20261001,0,1953,0,0.01,143.33500000,142.74400000
1548885600,-467.00,20261001,1,1953,1,0.01,142.86800000,142.74400000
1548935100,0.00,20261000,0,1955,1,0.01,108.57900000,109.06000000
1548972000,-306.00,20261000,1,1955,0,0.01,108.88500000,109.06000000
1549273500,0.00,20261001,0,1957,0,0.01,143.64400000,143.04500000
1549276200,0.00,20261002,0,1958,1,0.01,1311.00000000,1318.81000000
1549310400,-394.00,20261002,1,1958,0,0.01,1314.62000000,1318.81000000
1549317600,-289.00,20261001,1,1957,1,0.01,143.35500000,143.04500000
1549353600,0.00,20260640,0,1961,0,0.01,1315.45000000,1307.81000000
1549444025,-352.00,20260605,1,1949,1,0.01,1.13841000,1.13841000
1549444500,0.00,20261001,0,1963,1,0.01,141.98500000,142.50400000
1549487724,-930.00,20260640,1,1961,1,0.01,1307.80000000,1307.81000000
1549490400,-310.00,20261001,1,1963,0,0.01,142.29500000,142.50400000
1549526400,0.00,20260605,0,1966,1,0.01,1.13587000,1.13837000
1549569600,0.00,20260640,0,1967,0,0.01,1311.05000000,1303.37000000
1549882800,0.00,20261002,0,1968,1,0.01,1309.48000000,1314.74000000
1549882800,0.00,20261000,0,1969,0,0.01,110.09700000,109.73500000
1549883700,0.00,20261001,0,1970,0,0.01,142.44200000,141.86900000
1549908540,-573.00,20261001,1,1970,1,0.01,141.86900000,141.86900000
1549915200,216.00,20261002,1,1968,0,0.01,1307.52000000,1314.74000000
1549922400,295.00,20261000,1,1969,1,0.01,110.39200000,109.73500000
1549962900,0.00,20261002,0,1974,0,0.01,1312.45000000,1306.40000000
1549965600,0.00,20261001,0,1975,0,0.01,142.41900000,141.80500000
1550001600,-231.00,20261002,1,1974,1,0.01,1310.36000000,1306.40000000
1550008800,103.00,20261001,1,1975,1,0.01,142.52200000,141.80500000
1550104648,1172.00,20260605,1,1966,0,0.01,1.12537000,1.13837000
1550135700,0.00,20261001,0,1979,0,0.01,143.00900000,142.48500000
1550139930,-525.00,20261001,1,1979,1,0.01,142.48400000,142.48500000
1550141100,0.00,20261001,0,1981,1,0.06,142.41400000,142.95200000
1550155755,-1536.00,20260640,1,1967,1,0.01,1303.34000000,1303.37000000
1550160000,0.00,20260610,0,1983,0,0.01,110.61400000,110.11400000
1550161722,6456.00,20261001,1,1981,0,0.06,141.33800000,142.95200000
1550500200,0.00,20261002,0,1985,0,0.01,1326.07000000,1318.76000000
1550572200,0.00,20261001,0,1986,0,0.06,143.18900000,142.46600000
1550574000,0.00,20261000,0,1987,0,0.01,110.80300000,110.44400000
1550597199,1116.00,20261002,1,1985,1,0.01,1337.05000000,1318.76000000
1550612669,8694.00,20261001,1,1986,1,0.06,144.63800000,142.46600000
1550613600,-151.00,20261000,1,1987,1,0.01,110.65200000,110.44400000
1550620860,0.00,20260724,0,1991,0,0.01,3912.91000000,978.23000000
1550638800,0.00,20260605,0,1992,0,0.01,1.13512000,1.13262000
1550671719,-277.00,20260605,1,1992,1,0.01,1.13262000,1.13262000
1550746800,0.00,20261001,0,1994,0,0.06,144.91400000,144.06500000
1550786400,-3678.00,20261001,1,1994,1,0.06,144.30100000,144.06500000
1551258900,0.00,20261000,0,1996,1,0.01,110.38400000,110.61900000
1551263400,0.00,20261001,0,1997,0,0.06,146.69000000,146.15200000
1551280936,-236.00,20261000,1,1996,0,0.01,110.62000000,110.61900000
1551289400,6456.00,20261001,1,1997,1,0.06,147.76600000,146.15200000
1551347100,0.00,20261001,0,2000,1,0.01,147.13800000,147.71900000
1551372440,-582.00,20261001,1,2000,0,0.01,147.72000000,147.71900000
1551415043,1130.00,20260610,1,1983,1,0.01,111.71400000,110.11400000
1551434400,0.00,20261001,0,2003,0,0.01,148.26500000,147.64200000
1551436200,0.00,20261000,0,2004,0,0.01,111.90900000,111.31600000
1551477600,88.00,20261000,1,2004,1,0.01,111.99700000,111.31600000
1551477600,-553.00,20261001,1,2003,1,0.01,147.71200000,147.64200000
1551722400,0.00,20260605,0,2007,1,0.01,1.13220000,1.13470000
1551830430,-605.00,20260724,1,1991,1,0.01,3808.04000000,978.23000000
1551916830,0.00,20260724,0,2009,0,0.01,3870.23000000,967.56000000
1551984664,1185.00,20260605,1,2007,0,0.01,1.12170000,1.13470000
1552036500,0.00,20261001,0,2011,1,0.01,145.13400000,146.16500000
1552082400,552.00,20261001,1,2011,0,0.01,144.58200000,146.16500000
1552295700,0.00,20261001,0,2013,0,0.01,144.50800000,143.70900000
1552298400,0.00,20261000,0,2014,0,0.01,111.28600000,110.87100000
1552331035,1598.00,20261001,1,2013,1,0.01,146.10600000,143.70900000
1552341600,-61.00,20261000,1,2014,1,0.01,111.22500000,110.87100000
1552401900,0.00,20261002,0,2017,0,0.01,1299.39000000,1291.91000000
1552406400,0.00,20260774,0,2018,0,0.01,1.31470000,1.30970000
1552413458,-556.00,20260774,1,2018,1,0.01,1.30970000,1.30970000
1552420800,-115.00,20261002,1,2017,1,0.01,1298.36000000,1291.91000000
1552470300,0.00,20261001,0,2021,0,0.01,146.07800000,145.35000000
1552514400,1230.00,20261001,1,2021,1,0.01,147.30800000,145.35000000
1552558500,0.00,20261001,0,2023,0,0.06,148.62300000,147.53200000
1552559400,0.00,20261000,0,2024,0,0.01,111.70700000,111.13800000
1552561200,0.00,20261002,0,2025,1,0.01,1301.78000000,1310.24000000
1552566627,-6552.00,20261001,1,2023,1,0.06,147.53100000,147.53200000
1552593600,647.00,20261002,1,2025,0,0.01,1295.99000000,1310.24000000
1552600800,-10.00,20261000,1,2024,1,0.01,111.69700000,111.13800000
1552643100,0.00,20261001,0,2029,1,0.01,147.66200000,148.21200000
1552652081,-552.00,20261001,1,2029,0,0.01,148.21400000,148.21200000
1552665600,0.00,20260605,0,2031,0,0.01,1.13304000,1.13054000
1552908600,0.00,20261002,0,2032,0,0.01,1305.05000000,1298.12000000
1552939200,-213.00,20261002,1,2032,1,0.01,1303.14000000,1298.12000000
1553004900,0.00,20261002,0,2034,0,0.01,1308.71000000,1302.22000000
1553025600,-145.00,20261002,1,2034,1,0.01,1307.41000000,1302.22000000
1553114027,1152.00,20260605,1,2031,1,0.01,1.14359000,1.13054000
1553126460,-365.00,20260724,1,2009,1,0.01,3982.25000000,967.56000000
1553161500,0.00,20261001,0,2038,1,0.06,145.62000000,146.38100000
1553163300,0.00,20261000,0,2039,1,0.01,110.33400000,110.73800000
1553184183,-404.00,20261000,1,2039,0,0.01,110.73800000,110.73800000
1553205600,2886.00,20261001,1,2038,0,0.06,145.13900000,146.38100000
1553251500,0.00,20261000,0,2042,1,0.01,110.56000000,110.88900000
1553251500,0.00,20261001,0,2043,1,0.06,145.08300000,145.73000000
1553256000,0.00,20260774,0,2044,0,0.01,1.31003000,1.30503000
1553276606,658.00,20261000,1,2042,0,0.01,109.90200000,110.88900000
1553277340,1209.00,20260774,1,2044,1,0.01,1.32103000,1.30503000
1553292000,-426.00,20261001,1,2043,0,0.06,145.15400000,145.73000000
1553513400,0.00,20261000,0,2048,0,0.02,110.20400000,109.70200000
1553516100,0.00,20261002,0,2049,0,0.01,1317.89000000,1310.92000000
1553518800,0.00,20260605,0,2050,1,0.01,1.13120000,1.13370000
1553544000,0.00,20260610,0,2051,1,0.01,109.80200000,110.30200000
1553544000,511.00,20261002,1,2049,1,0.01,1322.54000000,1310.92000000
1553551200,-482.00,20261000,1,2048,1,0.02,109.96300000,109.70200000
1553592600,0.00,20261002,0,2054,1,0.01,1316.64000000,1323.16000000
1553593500,0.00,20261001,0,2055,0,0.01,145.61600000,145.00200000
1553599766,-533.00,20260610,1,2051,0,0.01,110.30500000,110.30200000
1553599800,0.00,20261000,0,2057,0,0.01,110.33700000,109.94800000
1553630400,95.00,20261002,1,2054,0,0.01,1315.78000000,1323.16000000
1553637600,250.00,20261000,1,2057,1,0.01,110.58700000,109.94800000
1553637600,362.00,20261001,1,2055,1,0.01,145.97800000,145.00200000
1553766300,0.00,20261001,0,2061,1,0.01,145.04500000,145.64500000
1553777100,0.00,20261002,0,2062,1,0.02,1306.34000000,1312.19000000
1553785701,1944.00,20261002,1,2062,0,0.02,1297.55000000,1312.19000000
1553810400,650.00,20261001,1,2061,0,0.01,144.39500000,145.64500000
1553853600,0.00,20261001,0,2065,1,0.06,144.23500000,144.93600000
1553864034,-4206.00,20261001,1,2065,0,0.06,144.93600000,144.93600000
1554091200,0.00,20260610,0,2067,0,0.01,111.08900000,110.58900000
1554111900,0.00,20261001,0,2068,0,0.01,145.30200000,144.37400000
1554145417,1183.00,20260605,1,2050,0,0.01,1.12069000,1.13370000
1554156000,877.00,20261001,1,2068,1,0.01,146.17900000,144.37400000
1554284700,0.00,20261001,0,2071,0,0.01,146.80900000,146.01100000
1554328800,-192.00,20261001,1,2071,1,0.01,146.61700000,146.01100000
1554716700,0.00,20261002,0,2073,0,0.01,1298.10000000,1291.34000000
1554753600,-42.00,20261002,1,2073,1,0.01,1297.72000000,1291.34000000
1554771600,0.00,20260605,0,2075,0,0.01,1.12617000,1.12367000
1554825600,0.00,20260774,0,2076,1,0.01,1.30552000,1.31052000
1554909277,-564.00,20260774,1,2076,0,0.01,1.31055000,1.31052000
1554912576,-287.00,20260605,1,2075,1,0.01,1.12367000,1.12367000
1555067700,0.00,20261000,0,2079,0,0.01,111.92900000,111.57800000
1555067700,0.00,20261001,0,2080,0,0.01,146.26300000,145.67300000
1555099200,0.00,20260774,0,2081,1,0.01,1.30865000,1.31365000
1555106400,146.00,20261000,1,2079,1,0.01,112.07500000,111.57800000
1555106400,290.00,20261001,1,2080,1,0.01,146.55300000,145.67300000
1555333200,0.00,20261002,0,2084,1,0.01,1285.62000000,1291.85000000
1555358400,-454.00,20261002,1,2084,0,0.01,1289.67000000,1291.85000000
1555410600,0.00,20261001,0,2086,1,0.01,146.34300000,146.74100000
1555418700,0.00,20261002,0,2087,1,0.01,1282.95000000,1288.67000000
1555432227,961.00,20261002,1,2087,0,0.01,1274.37000000,1288.67000000
1555452000,161.00,20261001,1,2086,0,0.01,146.18200000,146.74100000
1555642800,0.00,20260605,0,2090,1,0.01,1.12343000,1.12593000
1555955019,1193.00,20260774,1,2081,0,0.01,1.29764000,1.31365000
1555957592,-280.00,20260605,1,2090,0,0.01,1.12595000,1.12593000
1556015400,0.00,20261001,0,2093,0,0.01,145.36000000,144.97000000
1556035336,-395.00,20261001,1,2093,1,0.01,144.96500000,144.97000000
1556097300,0.00,20261001,0,2095,1,0.01,144.49700000,144.88000000
1556118038,-383.00,20261001,1,2095,0,0.01,144.88000000,144.88000000
1556141307,1147.00,20260610,1,2067,1,0.01,112.19000000,110.58900000
1556183700,0.00,20261001,0,2098,1,0.01,144.47100000,144.91100000
1556229600,502.00,20261001,1,2098,0,0.01,143.96900000,144.91100000
1556236800,0.00,20260724,0,2100,0,0.01,5520.71000000,1380.18000000
1556271000,0.00,20261001,0,2101,0,0.01,144.25200000,143.75700000
1556316000,61.00,20261001,1,2101,1,0.01,144.31300000,143.75700000
1556529300,0.00,20261001,0,2103,0,0.01,144.48100000,144.12000000
1556575200,69.00,20261001,1,2103,1,0.01,144.55000000,144.12000000
1556615700,0.00,20261001,0,2105,1,0.01,144.19000000,144.52300000
1556616600,0.00,20261000,0,2106,1,0.01,111.36100000,111.68400000
1556623877,-339.00,20261001,1,2105,0,0.01,144.52900000,144.52300000
1556624700,0.00,20261001,0,2108,0,0.06,144.58000000,144.26100000
1556628300,0.00,20261002,0,2109,0,0.01,1285.09000000,1279.57000000
1556640000,0.00,20260610,0,2110,0,0.01,111.38000000,110.88000000
1556641957,3834.00,20261001,1,2108,1,0.06,145.21900000,144.26100000
1556647200,0.00,20260629,0,2112,0,0.01,1.12063000,0.00000000
1556647200,0.00,20260629,0,2113,1,0.01,1.30344000,0.00000000
1556654400,-65.00,20260610,1,2110,1,0.01,111.31500000,110.88000000
1556654400,0.00,20260610,0,2115,1,0.01,111.31500000,111.81500000
1556654400,-185.00,20261002,1,2109,1,0.01,1283.43000000,1279.57000000
1556661600,0.00,20261000,1,2106,0,0.01,111.36100000,111.68400000
1556703000,0.00,20261002,0,2118,1,0.01,1278.84000000,1283.56000000
1556704800,0.00,20261000,0,2119,0,0.01,111.55300000,111.36400000
1556705730,0.00,20261001,0,2120,0,0.01,145.63700000,145.16700000
1556713039,-189.00,20261000,1,2119,1,0.01,111.36400000,111.36400000
1556728552,-526.00,20261002,1,2118,0,0.01,1283.56000000,1283.56000000
1556733600,0.00,20260605,0,2123,0,0.01,1.12412000,1.12162000
1556746537,-279.00,20260605,1,2123,1,0.01,1.12162000,1.12162000
1556748000,0.00,20260605,0,2125,1,0.01,1.11935000,1.12185000
1556748000,-21.00,20261001,1,2120,1,0.01,145.61600000,145.16700000
1556758800,-66.00,20260605,1,2125,0,0.01,1.11999000,1.12185000
1556758800,0.00,20260605,0,2128,0,0.01,1.11999000,1.11749000
1556788500,0.00,20261002,0,2129,1,0.01,1271.49000000,1277.86000000
1556794800,0.00,20261001,0,2130,0,0.01,145.84800000,145.24700000
1556805819,-601.00,20261001,1,2130,1,0.01,145.24700000,145.24700000
1556820978,-279.00,20260605,1,2128,1,0.01,1.11749000,1.11749000
1556827200,107.00,20261002,1,2129,0,0.01,1270.53000000,1277.86000000
1557198000,0.00,20260605,0,2134,0,0.01,1.12020000,1.11770000
1557221400,0.00,20261001,0,2135,0,0.01,145.34700000,144.78400000
1557227917,-563.00,20261001,1,2135,1,0.01,144.78400000,144.78400000
1557229500,0.00,20261001,0,2137,1,0.06,144.78000000,145.31600000
1557241056,-277.00,20260605,1,2134,1,0.01,1.11770000,1.11770000
1557261119,891.00,20260610,1,2115,0,0.01,110.21500000,111.81500000
1557266400,4302.00,20261001,1,2137,0,0.06,144.06300000,145.31600000
1557273600,0.00,20260610,0,2141,1,0.01,110.23000000,110.73000000
1557312300,0.00,20261001,0,2142,1,0.01,143.60900000,144.16600000
1557352800,383.00,20261001,1,2142,0,0.01,143.22600000,144.16600000
1557397800,0.00,20261000,0,2144,1,0.01,109.73700000,110.10300000
1557397800,0.00,20261001,0,2145,1,0.01,142.75400000,143.23600000
1557421200,350.00,20260629,1,2113,0,0.01,1.29976000,0.00000000
1557421200,210.00,20260629,1,2112,1,0.01,1.12343000,0.00000000
1557439200,39.00,20261000,1,2144,0,0.01,109.69800000,110.10300000
1557439200,-113.00,20261001,1,2145,0,0.01,142.86700000,143.23600000
1557446430,101.00,20260724,1,2100,1,0.01,6056.17000000,1380.18000000
1557762032,952.00,20260610,1,2141,0,0.01,109.12900000,110.73000000
1557763200,0.00,20260610,0,2152,1,0.01,109.12800000,109.62800000
1557770400,0.00,20260605,0,2153,0,0.01,1.12434000,1.12184000
1557791971,-274.00,20260605,1,2153,1,0.01,1.12183000,1.12184000
1557809736,-531.00,20260610,1,2152,0,0.01,109.62900000,109.62800000
1557828000,0.00,20261002,0,2156,1,0.01,1297.37000000,1303.19000000
1557856800,0.00,20260605,0,2157,0,0.01,1.12123000,1.11873000
1557864000,150.00,20261002,1,2156,0,0.01,1296.00000000,1303.19000000
1557878430,-118.00,20260605,1,2157,1,0.01,1.12024000,1.11873000
1557878430,0.00,20260605,0,2160,1,0.01,1.12024000,1.12274000
1558002600,0.00,20261001,0,2161,1,0.01,140.27200000,140.75900000
1558006960,-491.00,20261001,1,2161,0,0.01,140.76300000,140.75900000
1558085400,0.00,20261001,0,2163,1,0.01,140.06700000,140.66900000
1558130400,-70.00,20261001,1,2163,0,0.01,140.13700000,140.66900000
1558433700,0.00,20261001,0,2165,1,0.06,139.83600000,140.35200000
1558450878,-3096.00,20261001,1,2165,0,0.06,140.35200000,140.35200000
1558516500,0.00,20261001,0,2167,1,0.01,140.24200000,140.69100000
1558543958,898.00,20261001,1,2167,0,0.01,139.34400000,140.69100000
1558604700,0.00,20261001,0,2169,1,0.01,139.11400000,139.70700000
1558627200,0.00,20260628,0,2170,1,0.01,75.60700000,76.06200000
1558648800,544.00,20261001,1,2169,0,0.01,138.57000000,139.70700000
1558656000,0.00,20260724,0,2172,0,0.01,7902.14000000,1975.54000000
1558948500,0.00,20261001,0,2173,0,0.01,139.56700000,138.97000000
1558961550,-597.00,20261001,1,2173,1,0.01,138.97000000,138.97000000
1558962000,105.00,20260605,1,2160,0,0.01,1.11948000,1.12274000
1558962000,0.00,20260605,0,2176,0,0.01,1.11948000,1.11698000
1559039400,0.00,20261001,0,2177,1,0.06,138.62400000,138.99700000
1559042100,0.00,20261000,0,2178,1,0.02,109.29700000,109.62100000
1559066258,-283.00,20260605,1,2176,1,0.01,1.11698000,1.11698000
1559070000,0.00,20260605,0,2180,0,0.01,1.11773000,1.11523000
1559080800,-384.00,20261000,1,2178,0,0.02,109.48900000,109.62100000
1559080800,390.00,20261001,1,2177,0,0.06,138.55900000,138.99700000
1559124332,-283.00,20260605,1,2180,1,0.01,1.11523000,1.11523000
1559131200,0.00,20260627,0,2184,1,0.02,138.11100000,138.83200000
1559202839,-574.00,20260628,1,2170,0,0.01,76.06200000,76.06200000
1559210400,0.00,20261001,0,2186,0,0.01,138.72800000,138.20800000
1559212200,0.00,20261000,0,2187,0,0.01,109.79700000,109.47000000
1559238688,-520.00,20261001,1,2186,1,0.01,138.20800000,138.20800000
1559253600,-252.00,20261000,1,2187,1,0.01,109.54500000,109.47000000
1559294100,0.00,20261001,0,2190,1,0.01,137.30300000,138.21100000
1559304000,0.00,20260628,0,2191,1,0.01,75.23800000,75.74800000
1559332800,0.00,20260605,0,2192,1,0.01,1.11609000,1.11859000
1559336400,-71.00,20260605,1,2192,0,0.01,1.11674000,1.11859000
1559336400,0.00,20260605,0,2194,0,0.01,1.11674000,1.11424000
1559340000,336.00,20261001,1,2190,0,0.01,136.96700000,138.21100000
1559556900,0.00,20261002,0,2196,0,0.01,1313.57000000,1305.93000000
1559592000,757.00,20261002,1,2196,1,0.01,1320.48000000,1305.93000000
1559642786,1133.00,20260605,1,2194,1,0.01,1.12725000,1.11424000
1559643300,0.00,20261002,0,2199,0,0.01,1328.62000000,1321.52000000
1559648700,0.00,20261000,0,2200,0,0.02,108.16300000,107.84900000
1559661150,-769.00,20261002,1,2199,1,0.01,1321.51000000,1321.52000000
1559685600,-222.00,20261000,1,2200,1,0.02,108.05200000,107.84900000
1559721600,0.00,20260622,0,2203,1,0.03,108.08400000,108.58900000
1559730880,-561.00,20260628,1,2191,0,0.01,75.74800000,75.74800000
1559733300,0.00,20261001,0,2205,0,0.01,137.58400000,137.20200000
1559772000,11.00,20261001,1,2205,1,0.01,137.59500000,137.20200000
1559812500,0.00,20261001,0,2207,1,0.01,137.01600000,137.61000000
1559817900,0.00,20261002,0,2208,0,0.01,1334.80000000,1327.13000000
1559830838,-597.00,20261001,1,2207,0,0.01,137.61300000,137.61000000
1559851200,470.00,20261002,1,2208,1,0.01,1339.14000000,1327.13000000
1559865600,-760.00,20260724,1,2172,1,0.01,7641.25000000,1975.54000000
1559912367,-1870.00,20260622,1,2203,0,0.03,108.58900000,108.58900000
1560124800,0.00,20260724,0,2213,0,0.01,7752.61000000,1938.15000000
1560164400,0.00,20261002,0,2214,1,0.01,1325.94000000,1337.59000000
1560196800,-170.00,20261002,1,2214,0,0.01,1327.51000000,1337.59000000
1560249900,0.00,20261001,0,2216,0,0.01,137.90100000,137.44000000
1560290400,106.00,20261001,1,2216,1,0.01,138.00700000,137.44000000
1560326400,0.00,20260640,0,2218,0,0.01,1332.51000000,1323.28000000
1560330900,0.00,20261002,0,2219,0,0.01,1336.56000000,1325.93000000
1560369600,-450.00,20261002,1,2219,1,0.01,1332.42000000,1325.93000000
1560384000,0.00,20260628,0,2221,1,0.01,75.14700000,75.44900000
1560420900,0.00,20261001,0,2222,1,0.01,137.15500000,137.73700000
1560439645,-583.00,20261001,1,2222,0,0.01,137.73800000,137.73700000
1560504269,1624.00,20260640,1,2218,1,0.01,1351.03000000,1323.28000000
1560538800,0.00,20260605,0,2225,1,0.01,1.12157000,1.12407000
1560769200,0.00,20261002,0,2226,1,0.01,1335.02000000,1343.42000000
1560785400,-275.00,20260605,1,2225,0,0.01,1.12412000,1.12407000
1560801600,-530.00,20261002,1,2226,0,0.01,1339.90000000,1343.42000000
1560850200,0.00,20261002,0,2229,0,0.01,1346.97000000,1338.54000000
1560873600,0.00,20260605,0,2230,1,0.01,1.11980000,1.12230000
1560888000,91.00,20261002,1,2229,1,0.01,1347.81000000,1338.54000000
1560935700,0.00,20261001,0,2232,1,0.01,135.96600000,136.48100000
1560937500,0.00,20261000,0,2233,1,0.01,108.25500000,108.61000000
1560952228,-515.00,20261001,1,2232,0,0.01,136.48100000,136.48100000
1560974400,0.00,20260640,0,2235,0,0.01,1346.18000000,1335.20000000
1560977735,-270.00,20260605,1,2230,0,0.01,1.12231000,1.12230000
1560981600,281.00,20261000,1,2233,0,0.01,107.97400000,108.61000000
1561002783,2084.00,20260640,1,2235,1,0.01,1368.16000000,1335.20000000
1561026600,0.00,20261001,0,2239,0,0.01,136.90700000,136.36300000
1561044639,-544.00,20261001,1,2239,1,0.01,136.36300000,136.36300000
1561071600,0.00,20260605,0,2241,0,0.01,1.12926000,1.12676000
1561113900,0.00,20261000,0,2242,0,0.02,107.46100000,107.04100000
1561154400,-108.00,20261000,1,2242,1,0.02,107.40700000,107.04100000
1561334400,2997.00,20260724,1,2213,1,0.01,10986.28000000,1938.15000000
1561367700,0.00,20261001,0,2245,0,0.01,137.09500000,136.55000000
1561387538,1113.00,20260605,1,2241,1,0.01,1.13977000,1.12676000
1561392712,-545.00,20261001,1,2245,1,0.01,136.55000000,136.55000000
1561611452,-541.00,20260628,1,2221,0,0.01,75.45000000,75.44900000
1561630500,0.00,20261001,0,2249,0,0.01,137.30100000,136.61300000
1561658280,-688.00,20261001,1,2249,1,0.01,136.61300000,136.61300000
1561694400,0.00,20260640,0,2251,0,0.01,1414.46000000,1397.21000000
1561939200,0.00,20260724,0,2252,0,0.01,11450.54000000,2862.64000000
1561942920,-2577.00,20260640,1,2251,1,0.01,1391.36000000,1397.21000000
1561975200,0.00,20261002,0,2254,1,0.01,1382.85000000,1398.54000000
1561978800,0.00,20261001,0,2255,1,0.06,137.09700000,137.77800000
1562011200,-410.00,20261002,1,2254,0,0.01,1386.67000000,1398.54000000
1562018400,54.00,20261001,1,2255,0,0.06,137.08800000,137.77800000
1562062500,0.00,20261001,0,2258,1,0.01,136.76000000,137.12300000
1562066100,0.00,20261000,0,2259,1,0.01,108.20900000,108.46600000
1562067900,0.00,20261002,0,2260,0,0.01,1394.53000000,1383.10000000
1562092617,726.00,20261001,1,2258,0,0.01,136.03400000,137.12300000
1562097600,0.00,20260640,0,2262,0,0.01,1405.23000000,1388.20000000
1562097600,1121.00,20261002,1,2260,1,0.01,1404.92000000,1383.10000000
1562104800,368.00,20261000,1,2259,0,0.01,107.84100000,108.46600000
1562119200,0.00,20260605,0,2265,1,0.01,1.12893000,1.13143000
1562145300,0.00,20261001,0,2266,1,0.01,135.35400000,135.89200000
1562146680,2935.00,20260627,1,2184,0,0.02,135.22600000,138.83200000
1562191200,-309.00,20261001,1,2266,0,0.01,135.66300000,135.89200000
1562345639,-2319.00,20260640,1,2262,1,0.01,1388.18000000,1388.20000000
1562572800,0.00,20260627,0,2270,1,0.04,135.72300000,136.17200000
1562580000,0.00,20261001,0,2271,1,0.01,135.63000000,135.99700000
1562580900,0.00,20261002,0,2272,0,0.01,1407.65000000,1392.62000000
1562590655,-368.00,20261001,1,2271,0,0.01,135.99800000,135.99700000
1562616000,-1168.00,20261002,1,2272,1,0.01,1396.82000000,1392.62000000
1562642885,-1958.00,20260627,1,2270,0,0.04,136.17200000,136.17200000
1562663700,0.00,20261001,0,2276,1,0.06,135.96800000,136.26900000
1562673600,0.00,20260627,0,2277,1,0.03,135.80400000,136.37100000
1562709600,1410.00,20261001,1,2276,0,0.06,135.73300000,136.26900000
1563148830,-1432.00,20260724,1,2252,1,0.01,10558.58000000,2862.64000000
1563192000,0.00,20260640,0,2280,0,0.01,1416.66000000,1402.54000000
1563313136,-1619.00,20260640,1,2280,1,0.01,1402.54000000,1402.54000000
1563393600,0.00,20260640,0,2282,0,0.01,1422.47000000,1408.06000000
1563447600,563.00,20260605,1,2265,0,0.01,1.12400000,1.13143000
1563447600,0.00,20260605,0,2284,0,0.01,1.12400000,1.12150000
1563447600,0.00,20261001,0,2285,0,0.06,134.35400000,133.83900000
1563454800,-96.00,20260605,1,2284,1,0.01,1.12311000,1.12150000
1563454800,0.00,20260605,0,2287,1,0.01,1.12311000,1.12561000
1563485078,-271.00,20260605,1,2287,0,0.01,1.12562000,1.12561000
1563487200,2736.00,20261001,1,2285,1,0.06,134.81000000,133.83900000
1563498987,2726.00,20260640,1,2282,1,0.01,1451.31000000,1408.06000000
1563771600,0.00,20260605,0,2291,1,0.01,1.12136000,1.12386000
1563795900,0.00,20261001,0,2292,1,0.06,134.45100000,135.07500000
1563825600,0.00,20260610,0,2293,1,0.01,107.87500000,108.37500000
1563832800,-1224.00,20261001,1,2292,0,0.06,134.65500000,135.07500000
1563868800,-310.00,20260610,1,2293,0,0.01,108.15500000,108.37500000
1563868800,0.00,20260610,0,2296,0,0.01,108.15500000,107.65500000
1563876900,0.00,20261001,0,2297,1,0.06,134.44900000,134.75900000
1563890457,-1866.00,20261001,1,2297,0,0.06,134.76000000,134.75900000
1563897600,0.00,20260640,0,2299,0,0.01,1426.81000000,1412.79000000
1563964200,0.00,20261000,0,2300,1,0.01,108.03300000,108.26700000
1564005600,-191.00,20261000,1,2300,0,0.01,108.22400000,108.26700000
1564051500,0.00,20261001,0,2302,1,0.01,134.76100000,135.07600000
1564062210,-315.00,20261001,1,2302,0,0.01,135.07600000,135.07600000
1564068397,1147.00,20260605,1,2291,0,0.01,1.11083000,1.12386000
1564084752,-1911.00,20260640,1,2299,1,0.01,1412.77000000,1412.79000000
1564132500,0.00,20261001,0,2306,1,0.01,135.05900000,135.37800000
1564178400,424.00,20261001,1,2306,0,0.01,134.63500000,135.37800000
1564372800,0.00,20260640,0,2308,0,0.01,1421.48000000,1409.70000000
1564396200,0.00,20261001,0,2309,1,0.01,134.10400000,134.55300000
1564412607,4367.00,20260627,1,2277,0,0.03,133.53600000,136.37100000
1564415739,900.00,20261001,1,2309,0,0.01,133.20400000,134.55300000
1564629038,-1767.00,20260640,1,2308,1,0.01,1409.70000000,1409.70000000
1564631188,1124.00,20260610,1,2296,1,0.01,109.25700000,107.65500000
1564632000,0.00,20260610,0,2314,0,0.01,109.26500000,108.76500000
1564658100,0.00,20261002,0,2315,1,0.01,1403.14000000,1416.44000000
1564673155,-500.00,20260610,1,2314,1,0.01,108.76500000,108.76500000
1564684154,-1450.00,20261002,1,2315,0,0.01,1416.47000000,1416.44000000
1564704000,0.00,20260610,0,2318,1,0.01,107.32100000,107.82100000
1564978646,1070.00,20260610,1,2318,0,0.01,106.22100000,107.82100000
1564997400,0.00,20261002,0,2320,0,0.01,1457.74000000,1436.68000000
1565020800,0.00,20260605,0,2321,0,0.01,1.11779000,1.11529000
1565035200,848.00,20261002,1,2320,1,0.01,1465.72000000,1436.68000000
1565188200,0.00,20261002,0,2323,0,0.01,1493.02000000,1472.14000000
1565208000,1264.00,20261002,1,2323,1,0.01,1504.92000000,1472.14000000
1565605800,0.00,20261001,0,2325,0,0.06,127.28700000,126.53200000
1565647200,-858.00,20261001,1,2325,1,0.06,127.14400000,126.53200000
1565688600,0.00,20261002,0,2327,0,0.01,1523.27000000,1509.51000000
1565688600,0.00,20261001,0,2328,1,0.06,126.94600000,127.40400000
1565714284,-2754.00,20261001,1,2328,0,0.06,127.40500000,127.40400000
1565714414,-1462.00,20261002,1,2327,1,0.01,1509.51000000,1509.51000000
1565802677,-341.00,20260605,1,2321,1,0.01,1.11527000,1.11529000
1565862300,0.00,20261000,0,2332,0,0.01,106.39200000,105.70600000
1565876373,-688.00,20261000,1,2332,1,0.01,105.70400000,105.70600000
1565899200,0.00,20260605,0,2334,1,0.01,1.10986000,1.11236000
1565949600,0.00,20261001,0,2335,0,0.01,128.68500000,128.11200000
1565992800,464.00,20261001,1,2335,1,0.01,129.14900000,128.11200000
1566417600,0.00,20260640,0,2337,0,0.01,1506.36000000,1493.99000000
1566484696,-1591.00,20260640,1,2337,1,0.01,1493.99000000,1493.99000000
1566583525,-249.00,20260605,1,2334,0,0.01,1.11236000,1.11236000
1566590400,0.00,20260640,0,2340,0,0.01,1527.15000000,1513.26000000
1566782893,2844.00,20260640,1,2340,1,0.01,1554.94000000,1513.26000000
1566814500,0.00,20261002,0,2342,1,0.02,1531.49000000,1555.10000000
1566849600,484.00,20261002,1,2342,0,0.02,1529.20000000,1555.10000000
1567022400,0.00,20260605,0,2344,1,0.01,1.10778000,1.11028000
1567072800,0.00,20261001,0,2345,1,0.01,129.11600000,129.62200000
1567078333,-508.00,20261001,1,2345,0,0.01,129.62400000,129.62200000
1567079100,0.00,20261000,0,2347,0,0.02,106.25900000,105.82100000
1567116000,734.00,20261000,1,2347,1,0.02,106.62600000,105.82100000
1567196835,1129.00,20260605,1,2344,0,0.01,1.09726000,1.11028000
1567415700,0.00,20261001,0,2350,0,0.01,129.30900000,128.63000000
1567420200,0.00,20261002,0,2351,1,0.01,1520.89000000,1533.72000000
1567422578,-679.00,20261001,1,2350,1,0.01,128.63000000,128.63000000
1567423800,0.00,20261001,0,2353,1,0.06,128.56900000,129.17400000
1567454400,0.00,20260628,0,2354,1,0.01,71.27000000,71.71600000
1567461600,2424.00,20261001,1,2353,0,0.06,128.16500000,129.17400000
1567503900,0.00,20261001,0,2356,1,0.01,127.30800000,128.23700000
1567515154,-1357.00,20261002,1,2351,0,0.01,1533.73000000,1533.72000000
1567545240,-929.00,20261001,1,2356,0,0.01,128.23700000,128.23700000
1567549072,-463.00,20260628,1,2354,0,0.01,71.71600000,71.71600000
1567588500,0.00,20261002,0,2360,1,0.01,1538.93000000,1550.01000000
1567588500,0.00,20261000,0,2361,0,0.01,106.21100000,105.82100000
1567588500,0.00,20261001,0,2362,0,0.01,128.72800000,127.92300000
1567627200,-940.00,20261002,1,2360,0,0.01,1547.77000000,1550.01000000
1567634400,191.00,20261000,1,2361,1,0.01,106.40200000,105.82100000
1567634400,1185.00,20261001,1,2362,1,0.01,129.91300000,127.92300000
1567674900,0.00,20261001,0,2366,1,0.06,130.15900000,130.68500000
1567682320,-3162.00,20261001,1,2366,0,0.06,130.68600000,130.68500000
1567683900,0.00,20261001,0,2368,0,0.01,130.75900000,130.18200000
1567689300,0.00,20261002,0,2369,1,0.01,1539.71000000,1552.90000000
1567698098,1154.00,20261001,1,2368,1,0.01,131.91300000,130.18200000
1567703798,2106.00,20261002,1,2369,0,0.01,1519.92000000,1552.90000000
1568282400,0.00,20260605,0,2372,0,0.01,1.10151000,1.09901000
1568299720,-270.00,20260605,1,2372,1,0.01,1.09897000,1.09901000
1568300400,0.00,20260605,0,2374,1,0.01,1.09649000,1.09899000
1568305537,-267.00,20260605,1,2374,0,0.01,1.09900000,1.09899000
1568307600,0.00,20260605,0,2376,0,0.01,1.10365000,1.10115000
1568369700,0.00,20261000,0,2377,1,0.02,107.96100000,108.25100000
1568376000,0.00,20260774,0,2378,0,0.01,1.24500000,1.24000000
1568412000,-364.00,20261000,1,2377,0,0.02,108.14300000,108.25100000
1568652997,-287.00,20260605,1,2376,1,0.01,1.10115000,1.10115000
1568656472,-545.00,20260774,1,2378,1,0.01,1.24000000,1.24000000
1568743200,0.00,20260605,0,2382,0,0.01,1.10483000,1.10233000
1568836800,0.00,20260610,0,2383,0,0.01,108.17800000,107.67800000
1568842744,-280.00,20260605,1,2382,1,0.01,1.10233000,1.10233000
1568844000,0.00,20260605,0,2385,1,0.01,1.10323000,1.10573000
1568890900,-265.00,20260605,1,2385,0,0.01,1.10573000,1.10573000
1569010620,-492.00,20260610,1,2383,1,0.01,107.67800000,107.67800000
1569344400,0.00,20260605,0,2388,1,0.01,1.09959000,1.10209000
1569362595,-270.00,20260605,1,2388,0,0.01,1.10210000,1.10209000
1569366000,0.00,20260605,0,2390,1,0.01,1.10163000,1.10413000
1569405600,0.00,20261001,0,2391,0,0.01,133.98200000,133.48100000
1569407676,-501.00,20261001,1,2391,1,0.01,133.48100000,133.48100000
1569408300,0.00,20261001,0,2393,1,0.06,133.46700000,133.92600000
1569448800,1920.00,20261001,1,2393,0,0.06,133.14700000,133.92600000
1569537395,1139.00,20260605,1,2390,0,0.01,1.09112000,1.10413000
1569835800,0.00,20261002,0,2396,1,0.01,1489.59000000,1500.36000000
1569867327,1742.00,20261002,1,2396,0,0.01,1473.41000000,1500.36000000
1569924900,0.00,20261001,0,2398,0,0.01,133.16800000,132.71800000
1569926700,0.00,20261002,0,2399,1,0.01,1459.46000000,1474.64000000
1569926700,0.00,20261000,0,2400,0,0.01,108.40900000,108.03700000
1569942492,-450.00,20261001,1,2398,1,0.01,132.71800000,132.71800000
1569949355,-1648.00,20261002,1,2399,0,0.01,1474.70000000,1474.64000000
1569949417,-373.00,20261000,1,2400,1,0.01,108.03600000,108.03700000
1570060800,0.00,20260720,0,2404,0,0.01,8297.47000000,4978.48000000
1570095900,0.00,20261001,0,2405,1,0.01,131.50500000,131.93000000
1570096800,0.00,20261000,0,2406,0,0.02,107.27800000,106.95700000
1570098573,-425.00,20261001,1,2405,0,0.01,131.93000000,131.93000000
1570113375,-644.00,20261000,1,2406,1,0.02,106.95600000,106.95700000
1570197600,0.00,20260605,0,2409,0,0.01,1.09892000,1.09642000
1570203158,-268.00,20260605,1,2409,1,0.01,1.09641000,1.09642000
1570503600,0.00,20260605,0,2411,0,0.01,1.09723000,1.09473000
1570532400,0.00,20261001,0,2412,1,0.06,131.64700000,132.08100000
1570540963,5214.00,20261001,1,2412,0,0.06,130.77800000,132.08100000
1570543200,0.00,20260629,0,2414,1,0.01,1.09865000,0.00000000
1570543200,0.00,20260629,0,2415,0,0.01,1.22199000,0.00000000
1570559493,-267.00,20260605,1,2411,1,0.01,1.09473000,1.09473000
1570564800,0.00,20260610,0,2417,1,0.01,107.14000000,107.64000000
1570582800,0.00,20260605,0,2418,0,0.01,1.09559000,1.09309000
1570617900,0.00,20261000,0,2419,0,0.01,107.28000000,106.92600000
1570658400,253.00,20261000,1,2419,1,0.01,107.53300000,106.92600000
1570682259,-619.00,20260610,1,2417,0,0.01,107.64000000,107.64000000
1570708800,0.00,20260774,0,2422,1,0.01,1.22280000,1.22780000
1570727953,-539.00,20260774,1,2422,0,0.01,1.22781000,1.22780000
1570737600,0.00,20260774,0,2424,0,0.01,1.23967000,1.23467000
1570741200,2497.00,20260629,1,2415,1,0.01,1.24534000,0.00000000
1570741200,-312.00,20260629,1,2414,0,0.01,1.10161000,0.00000000
1570785300,0.00,20261001,0,2427,0,0.01,134.58900000,133.99700000
1570794280,-600.00,20261001,1,2427,1,0.01,133.98900000,133.99700000
1570795380,1184.00,20260774,1,2424,1,0.01,1.25071000,1.23467000
1570803999,1098.00,20260605,1,2418,1,0.01,1.10610000,1.09309000
1570813200,0.00,20260629,0,2431,0,0.01,1.10542000,0.00000000
1570813200,0.00,20260629,0,2432,1,0.01,1.26822000,0.00000000
1571045400,0.00,20261001,0,2433,1,0.01,136.02100000,137.15400000
1571090400,-258.00,20261001,1,2433,0,0.01,136.27900000,137.15400000
1571131800,0.00,20261001,0,2435,0,0.01,137.21000000,136.50300000
1571142756,-708.00,20261001,1,2435,1,0.01,136.50200000,136.50300000
1571220900,0.00,20261001,0,2437,1,0.01,138.36300000,139.18400000
1571239299,-839.00,20261001,1,2437,0,0.01,139.20200000,139.18400000
1571398200,0.00,20261001,0,2439,0,0.06,140.18400000,139.33200000
1571436000,1314.00,20261001,1,2439,1,0.06,140.40300000,139.33200000
1571655600,0.00,20261001,0,2441,0,0.06,140.60000000,139.45000000
1571656500,0.00,20261000,0,2442,0,0.01,108.63200000,108.28600000
1571695200,-51.00,20261000,1,2442,1,0.01,108.58100000,108.28600000
1571695200,1218.00,20261001,1,2441,1,0.06,140.80300000,139.45000000
1571716800,0.00,20260628,0,2445,0,0.01,74.73300000,74.35700000
1571759320,-377.00,20260628,1,2445,1,0.01,74.35600000,74.35700000
1571846400,0.00,20260627,0,2447,0,0.01,139.81000000,138.39600000
1572217260,547.00,20260720,1,2404,1,0.01,9541.13000000,4978.48000000
1572379200,0.00,20260605,0,2449,1,0.01,1.11073000,1.11323000
1572429600,-159.00,20260605,1,2449,0,0.01,1.11221000,1.11323000
1572429600,0.00,20260605,0,2451,0,0.01,1.11221000,1.10971000
1572467773,-274.00,20260605,1,2451,1,0.01,1.10969000,1.10971000
1572520500,0.00,20261000,0,2453,1,0.01,108.40900000,108.87200000
1572559200,414.00,20261000,1,2453,0,0.01,107.99500000,108.87200000
1572624000,0.00,20260605,0,2455,0,0.01,1.11476000,1.11226000
1572638400,0.00,20260610,0,2456,0,0.01,108.25400000,107.75400000
1572915145,-292.00,20260605,1,2455,1,0.01,1.11224000,1.11226000
1572946200,0.00,20261001,0,2458,0,0.01,140.32900000,139.77300000
1572948000,0.00,20260605,0,2459,0,0.01,1.11355000,1.11105000
1572950700,0.00,20261000,0,2460,0,0.01,108.89700000,108.52800000
1572958800,-162.00,20260605,1,2459,1,0.01,1.11206000,1.11105000
1572958800,0.00,20260605,0,2462,1,0.01,1.11206000,1.11456000
1572963300,0.00,20261002,0,2463,1,0.01,1501.59000000,1509.53000000
1572973286,1303.00,20261002,1,2463,0,0.01,1489.64000000,1509.53000000
1572991200,324.00,20261000,1,2460,1,0.01,109.22100000,108.52800000
1572991200,370.00,20261001,1,2458,1,0.01,140.69900000,139.77300000
1573031700,0.00,20261001,0,2467,1,0.01,140.28500000,140.65300000
1573077600,238.00,20261001,1,2467,0,0.01,140.04700000,140.65300000
1573119900,0.00,20261000,0,2469,0,0.02,109.02400000,108.63900000
1573121700,0.00,20261001,0,2470,0,0.06,140.25100000,139.47800000
1573138800,-1664.00,20260629,1,2432,0,0.01,1.28244000,0.00000000
1573138800,-3.00,20260629,1,2431,1,0.01,1.10752000,0.00000000
1573149397,1113.00,20260610,1,2456,1,0.01,109.35500000,107.75400000
1573164000,542.00,20261000,1,2469,1,0.02,109.29500000,108.63900000
1573164000,-900.00,20261001,1,2470,1,0.06,140.10100000,139.47800000
1573557300,0.00,20261001,0,2476,1,0.06,139.97600000,140.57300000
1573566145,1161.00,20260605,1,2462,0,0.01,1.10156000,1.11456000
1573596000,-894.00,20261001,1,2476,0,0.06,140.12500000,140.57300000
1573644600,0.00,20261001,0,2479,1,0.06,139.82400000,140.23800000
1573645500,0.00,20261002,0,2480,0,0.01,1465.89000000,1455.28000000
1573675200,-556.00,20261002,1,2480,1,0.01,1460.80000000,1455.28000000
1573682400,888.00,20261001,1,2479,0,0.06,139.67600000,140.23800000
1573731900,0.00,20261000,0,2483,1,0.01,108.56900000,108.85500000
1573768800,182.00,20261000,1,2483,0,0.01,108.38700000,108.85500000
1574068500,0.00,20261001,0,2485,0,0.01,140.96000000,140.33900000
1574071200,0.00,20261000,0,2486,0,0.01,108.92600000,108.66200000
1574093960,-264.00,20261000,1,2486,1,0.01,108.66200000,108.66200000
1574103600,0.00,20260605,0,2488,0,0.01,1.10801000,1.10551000
1574114400,-233.00,20261001,1,2485,1,0.01,140.72700000,140.33900000
1574154900,0.00,20261001,0,2490,0,0.01,140.90200000,140.39400000
1574161200,0.00,20261000,0,2491,0,0.02,108.76500000,108.45500000
1574185872,-509.00,20261001,1,2490,1,0.01,140.39300000,140.39400000
1574187142,-622.00,20261000,1,2491,1,0.02,108.45400000,108.45500000
1574246700,0.00,20261001,0,2494,1,0.01,139.76200000,140.32600000
1574247075,-289.00,20260605,1,2488,1,0.01,1.10551000,1.10551000
1574267305,-565.00,20261001,1,2494,0,0.01,140.32700000,140.32600000
1574330400,0.00,20261001,0,2497,0,0.01,140.44100000,139.96000000
1574373600,-260.00,20261001,1,2497,1,0.01,140.18100000,139.96000000
1574421300,0.00,20261001,0,2499,1,0.06,139.94100000,140.43200000
1574456400,0.00,20260605,0,2500,1,0.01,1.10261000,1.10511000
1574460000,3288.00,20261001,1,2499,0,0.06,139.39300000,140.43200000
1574676000,0.00,20261001,0,2502,0,0.01,140.07700000,139.57200000
1574719200,530.00,20261001,1,2502,1,0.01,140.60700000,139.57200000
1574759700,0.00,20261001,0,2504,1,0.06,140.36700000,140.89000000
1574805600,300.00,20261001,1,2504,0,0.06,140.31700000,140.89000000
1574812800,0.00,20260720,0,2506,0,0.01,7177.00000000,4306.20000000
1575028800,0.00,20260640,0,2507,1,0.01,1456.08000000,1462.06000000
1575049176,-652.00,20260640,1,2507,0,0.01,1462.09000000,1462.06000000
1575281700,0.00,20261002,0,2509,1,0.01,1456.56000000,1464.04000000
1575306000,-263.00,20260605,1,2500,0,0.01,1.10517000,1.10511000
1575307832,-811.00,20261002,1,2509,0,0.01,1464.04000000,1464.04000000
1575342000,0.00,20260605,0,2512,0,0.01,1.10745000,1.10495000
1575364500,0.00,20261001,0,2513,0,0.01,141.33300000,140.85200000
1575410400,-290.00,20261001,1,2513,1,0.01,141.04300000,140.85200000
1575450900,0.00,20261002,0,2515,0,0.01,1482.48000000,1475.62000000
1575451800,0.00,20261001,0,2516,1,0.06,140.84400000,141.23300000
1575454168,-2346.00,20261001,1,2516,0,0.06,141.23500000,141.23300000
1575454500,0.00,20261001,0,2518,0,0.01,141.38200000,140.95400000
1575458008,-745.00,20261002,1,2515,1,0.01,1475.61000000,1475.62000000
1575458100,0.00,20261002,0,2520,1,0.02,1474.95000000,1481.17000000
1575459000,0.00,20261000,0,2521,0,0.02,108.75500000,108.47900000
1575471095,856.00,20261001,1,2518,1,0.01,142.23800000,140.95400000
1575472717,-1355.00,20261002,1,2520,0,0.02,1481.19000000,1481.17000000
1575489600,0.00,20260610,0,2524,0,0.01,108.87000000,108.37000000
1575496800,318.00,20261000,1,2521,1,0.02,108.91400000,108.47900000
1575532800,-89.00,20260610,1,2524,1,0.01,108.77500000,108.37000000
1575532800,0.00,20260610,0,2527,1,0.01,108.77500000,109.27500000
1575654193,-316.00,20260605,1,2512,1,0.01,1.10495000,1.10495000
1576144800,0.00,20261001,0,2529,0,0.01,143.64100000,143.16100000
1576155680,-482.00,20261001,1,2529,1,0.01,143.15900000,143.16100000
1576173456,-710.00,20260610,1,2527,0,0.01,109.27600000,109.27500000
1576180800,0.00,20260610,0,2532,0,0.01,109.26800000,108.76800000
1576195235,5887.00,20260627,1,2447,1,0.01,145.53800000,138.39600000
1576578600,0.00,20261001,0,2534,1,0.01,144.51900000,146.10000000
1576620000,856.00,20261001,1,2534,0,0.01,143.66300000,146.10000000
1577077230,0.00,20260605,0,2536,1,0.01,1.10783000,1.11033000
1577092500,0.00,20261002,0,2537,0,0.01,1484.93000000,1477.38000000
1577131200,-115.00,20261002,1,2537,1,0.01,1483.88000000,1477.38000000
1577145600,0.00,20260650,0,2539,0,0.83,75.74900000,0.00000000
1577189700,0.00,20261002,0,2540,0,0.01,1492.19000000,1484.29000000
1577351100,-1014.00,20260720,1,2506,1,0.01,7122.16000000,4306.20000000
1577356529,1202.00,20261002,1,2540,1,0.01,1504.05000000,1484.29000000
1577386808,-276.00,20260605,1,2536,0,0.01,1.11038000,1.11033000
1577439900,0.00,20261001,0,2544,0,0.01,142.70700000,142.02400000
1577480400,0.00,20260605,0,2545,0,0.01,1.11846000,1.11596000
1577484000,583.00,20261001,1,2544,1,0.01,143.29000000,142.02400000
1577664000,0.00,20260720,0,2547,0,0.01,7453.38000000,4472.03000000
1577726021,-468.00,20260610,1,2532,1,0.01,108.76800000,108.76800000
1577750400,0.00,20260610,0,2549,1,0.01,108.85600000,109.35600000
1577980800,0.00,20260640,0,2550,0,0.01,1528.25000000,1519.63000000
1578043109,-331.00,20260605,1,2545,1,0.01,1.11596000,1.11596000
1578043800,0.00,20261001,0,2552,1,0.01,141.60500000,142.76700000
1578049590,1476.00,20260640,1,2550,1,0.01,1545.51000000,1519.63000000
1578088800,317.00,20261001,1,2552,0,0.01,141.28800000,142.76700000
1578303000,0.00,20261001,0,2555,0,0.01,141.53700000,140.82000000
1578348000,1206.00,20261001,1,2555,1,0.01,142.74300000,140.82000000
1578390300,0.00,20261001,0,2557,1,0.06,142.42600000,142.93000000
1578392945,-3042.00,20261001,1,2557,0,0.06,142.93300000,142.93000000
1578393000,0.00,20261001,0,2559,0,0.01,143.00300000,142.43600000
1578405901,-571.00,20261001,1,2559,1,0.01,142.43200000,142.43600000
1578441600,-102209.00,20260650,1,2539,1,0.83,74.45700000,0.00000000
1578450388,864.00,20260610,1,2549,0,0.01,107.75400000,109.35600000
1578476700,0.00,20261001,0,2563,0,0.01,142.66900000,141.10500000
1578513600,0.00,20260610,0,2564,0,0.01,109.10400000,108.60400000
1578520800,415.00,20261001,1,2563,1,0.01,143.08400000,141.10500000
1578528000,154.00,20260720,1,2547,1,0.01,7943.79000000,4472.03000000
1578528000,0.00,20260724,0,2567,0,0.01,8073.79000000,2018.45000000
1578570300,0.00,20261001,0,2568,1,0.06,142.62500000,143.44000000
1578600000,0.00,20260605,0,2569,1,0.01,1.11039000,1.11289000
1578607200,-2352.00,20261001,1,2568,0,0.06,143.01700000,143.44000000
1578684097,-272.00,20260605,1,2569,0,0.01,1.11289000,1.11289000
1578906900,0.00,20261002,0,2572,1,0.01,1552.61000000,1561.29000000
1578914100,0.00,20261000,0,2573,0,0.01,109.86400000,109.47300000
1578945600,289.00,20261002,1,2572,0,0.01,1549.98000000,1561.29000000
1578952800,51.00,20261000,1,2573,1,0.01,109.91500000,109.47300000
1578996900,0.00,20261001,0,2576,1,0.06,142.49000000,143.19600000
1579024957,-4236.00,20261001,1,2576,0,0.06,143.19600000,143.19600000
1579129200,0.00,20260605,0,2578,0,0.01,1.11529000,1.11279000
1579200634,-304.00,20260605,1,2578,1,0.01,1.11277000,1.11279000
1579201200,0.00,20260605,0,2580,1,0.01,1.11297000,1.11547000
1579223664,1125.00,20260610,1,2564,1,0.01,110.20700000,108.60400000
1579257900,0.00,20261001,0,2582,0,0.01,144.36300000,143.88400000
1579260941,-479.00,20261001,1,2582,1,0.01,143.88400000,143.88400000
1579261500,0.00,20261001,0,2584,1,0.06,143.79100000,144.28400000
1579298400,2376.00,20261001,1,2584,0,0.06,143.39500000,144.28400000
1579507200,0.00,20260640,0,2586,0,0.01,1562.01000000,1552.30000000
1579603500,0.00,20261002,0,2587,1,0.02,1557.27000000,1568.51000000
1579607100,0.00,20261001,0,2588,0,0.06,143.41000000,142.84600000
1579611688,-1168.00,20260640,1,2586,1,0.01,1552.30000000,1552.30000000
1579636800,-7.00,20261002,1,2587,0,0.02,1557.30000000,1568.51000000
1579644000,-912.00,20261001,1,2588,1,0.06,143.25800000,142.84600000
1579694400,0.00,20260640,0,2592,0,0.01,1557.24000000,1545.01000000
1579737630,0.00,20260650,0,2593,0,0.78,75.19100000,0.00000000
1579737630,72.00,20260724,1,2567,1,0.01,8575.00000000,2018.45000000
1579773600,0.00,20261002,0,2595,1,0.01,1554.05000000,1563.63000000
1579797874,-1063.00,20261002,1,2595,0,0.01,1563.69000000,1563.63000000
1579862700,0.00,20261001,0,2597,0,0.01,143.98400000,143.51600000
1579867098,-472.00,20261001,1,2597,1,0.01,143.51200000,143.51600000
1579887276,1172.00,20260605,1,2580,0,0.01,1.10247000,1.11547000
1580086954,2208.00,20260640,1,2592,1,0.01,1581.73000000,1545.01000000
1580117400,0.00,20261001,0,2601,0,0.01,142.59000000,142.03900000
1580121000,0.00,20261002,0,2602,1,0.01,1576.11000000,1588.20000000
1580126400,0.00,20260774,0,2603,1,0.01,1.30944000,1.31444000
1580155200,-465.00,20261002,1,2602,0,0.01,1580.33000000,1588.20000000
1580162400,-477.00,20261001,1,2601,1,0.01,142.11300000,142.03900000
1580169630,-123699.00,20260650,1,2593,1,0.78,73.59300000,0.00000000
1580205600,0.00,20261001,0,2607,1,0.06,142.05800000,142.43900000
1580233476,1207.00,20260774,1,2603,0,0.01,1.29844000,1.31444000
1580241600,0.00,20260610,0,2609,1,0.01,109.12300000,109.62300000
1580248800,498.00,20261001,1,2607,0,0.06,141.97500000,142.43900000
1580289300,0.00,20261001,0,2611,1,0.01,141.93000000,142.33600000
1580297400,0.00,20261000,0,2612,1,0.02,109.02000000,109.25800000
1580298300,0.00,20261002,0,2613,0,0.01,1571.41000000,1563.27000000
1580328000,-68.00,20261002,1,2613,1,0.01,1570.79000000,1563.27000000
1580331639,-480.00,20261000,1,2612,0,0.02,109.26000000,109.25800000
1580335200,-100.00,20261001,1,2611,0,0.01,142.03000000,142.33600000
1580375700,0.00,20261001,0,2617,1,0.01,141.52400000,141.98500000
1580376600,0.00,20261002,0,2618,0,0.01,1582.21000000,1574.79000000
1580392765,-477.00,20261001,1,2617,0,0.01,142.00100000,141.98500000
1580402130,-815.00,20261002,1,2618,1,0.01,1574.73000000,1574.79000000
1580414400,0.00,20260640,0,2621,0,0.01,1584.97000000,1571.55000000
1580439813,-1566.00,20260640,1,2621,1,0.01,1571.51000000,1571.55000000
1580462100,0.00,20261001,0,2623,0,0.01,143.02300000,142.44700000
1580472000,0.00,20260640,0,2624,0,0.01,1579.58000000,1566.71000000
1580508000,-14.00,20261001,1,2623,1,0.01,143.00900000,142.44700000
1580722200,0.00,20261000,0,2626,0,0.01,108.63900000,108.30500000
1580724900,0.00,20261001,0,2627,1,0.01,142.67000000,143.09100000
1580727600,0.00,20260605,0,2628,0,0.01,1.10669000,1.10419000
1580731272,842.00,20261001,1,2627,0,0.01,141.82800000,143.09100000
1580749200,-347.00,20260605,1,2628,1,0.01,1.10350000,1.10419000
1580752800,0.00,20260605,0,2631,0,0.01,1.10566000,1.10316000
1580767200,29.00,20261000,1,2626,1,0.01,108.66800000,108.30500000
1580812200,0.00,20261002,0,2633,1,0.01,1568.91000000,1579.47000000
1580812200,0.00,20261000,0,2634,0,0.01,109.05800000,108.54100000
1580814214,-1601.00,20260640,1,2624,1,0.01,1566.68000000,1566.71000000
1580816700,0.00,20261001,0,2636,0,0.01,141.86500000,140.94800000
1580837316,1735.00,20261002,1,2633,0,0.01,1553.04000000,1579.47000000
1580846400,-558.00,20260610,1,2609,0,0.01,109.47200000,109.62300000
1580846400,0.00,20260610,0,2639,0,0.01,109.47200000,108.97200000
1580853600,435.00,20261000,1,2634,1,0.01,109.49300000,108.54100000
1580853600,876.00,20261001,1,2636,1,0.01,142.74100000,140.94800000
1580894100,0.00,20261002,0,2642,0,0.01,1562.05000000,1552.00000000
1580902200,0.00,20261000,0,2643,0,0.02,109.64600000,109.35900000
1580902479,-1106.00,20261002,1,2642,1,0.01,1551.97000000,1552.00000000
1580902518,-292.00,20260605,1,2631,1,0.01,1.10316000,1.10316000
1580903100,0.00,20261002,0,2646,1,0.02,1550.25000000,1560.64000000
1580932800,-1686.00,20261002,1,2646,0,0.02,1557.93000000,1560.64000000
1580940000,360.00,20261000,1,2643,1,0.02,109.82600000,109.35900000
1581500700,0.00,20261001,0,2649,0,0.01,142.51400000,142.09700000
1581544800,127.00,20261001,1,2649,1,0.01,142.64100000,142.09700000
1581595200,0.00,20260774,0,2651,1,0.01,1.29714000,1.30214000
1581603453,-551.00,20260774,1,2651,0,0.01,1.30216000,1.30214000
1581624000,0.00,20260774,0,2653,0,0.01,1.30573000,1.30073000
1581667200,-146.00,20260774,1,2653,1,0.01,1.30444000,1.30073000
1581667200,0.00,20260774,0,2655,1,0.01,1.30444000,1.30944000
1582020900,0.00,20261001,0,2656,1,0.01,142.40000000,142.87100000
1582028434,-472.00,20261001,1,2656,0,0.01,142.87200000,142.87100000
1582106400,0.00,20261001,0,2658,0,0.01,143.23700000,142.74700000
1582109100,0.00,20261000,0,2659,0,0.01,110.17300000,109.83900000
1582125693,1130.00,20260610,1,2639,1,0.01,110.57200000,108.97200000
1582131205,668.00,20261000,1,2659,1,0.01,110.84100000,109.83900000
1582134380,1205.00,20260774,1,2655,0,0.01,1.29343000,1.30944000
1582149600,892.00,20261001,1,2658,1,0.01,144.12900000,142.74700000
1582191000,0.00,20261000,0,2664,0,0.01,111.81100000,111.10400000
1582191000,0.00,20261001,0,2665,0,0.01,144.20800000,143.58700000
1582206300,0.00,20261002,0,2666,0,0.02,1614.41000000,1605.89000000
1582228800,495.00,20261002,1,2666,1,0.02,1616.62000000,1605.89000000
1582236000,242.00,20261000,1,2664,1,0.01,112.05300000,111.10400000
1582236000,119.00,20261001,1,2665,1,0.01,144.32700000,143.58700000
1582278300,0.00,20261000,0,2670,1,0.01,111.71900000,112.17600000
1582278300,0.00,20261001,0,2671,1,0.06,144.04400000,144.52600000
1582291580,-2892.00,20261001,1,2671,0,0.06,144.52600000,144.52600000
1582322400,110.00,20261000,1,2670,0,0.01,111.60900000,112.17600000
1582502400,0.00,20260724,0,2674,0,0.01,9951.35000000,2487.84000000
1582541100,0.00,20261001,0,2675,1,0.06,143.90400000,144.61100000
1582581600,5322.00,20261001,1,2675,0,0.06,143.01700000,144.61100000
1582627500,0.00,20261000,0,2677,1,0.02,110.55900000,111.03300000
1582660800,0.00,20260605,0,2678,0,0.01,1.08834000,1.08584000
1582668000,912.00,20261000,1,2677,0,0.02,110.10300000,111.03300000
1582713000,0.00,20261002,0,2680,0,0.01,1648.91000000,1634.04000000
1582714800,0.00,20261001,0,2681,1,0.06,143.01200000,143.70700000
1582731988,-1644.00,20261002,1,2680,1,0.01,1633.98000000,1634.04000000
1582732056,-288.00,20260605,1,2678,1,0.01,1.08581000,1.08584000
1582754400,4266.00,20261001,1,2681,0,0.06,142.30100000,143.70700000
1582798500,0.00,20261001,0,2685,1,0.01,142.06100000,142.53700000
1582840800,301.00,20261001,1,2685,0,0.01,141.76000000,142.53700000
1582876800,0.00,20260610,0,2687,1,0.01,108.87900000,109.37900000
1582912753,1101.00,20260610,1,2687,0,0.01,107.77800000,109.37900000
1583241300,0.00,20261002,0,2689,0,0.01,1602.86000000,1584.06000000
1583256996,3044.00,20261002,1,2689,1,0.01,1631.11000000,1584.06000000
1583313300,0.00,20261002,0,2691,1,0.02,1633.74000000,1652.55000000
1583352000,-1832.00,20261002,1,2691,0,0.02,1642.24000000,1652.55000000
1583406900,0.00,20261000,0,2693,1,0.01,107.07800000,107.73300000
1583445600,672.00,20261000,1,2693,0,0.01,106.40600000,107.73300000
1583481600,0.00,20260628,0,2695,1,0.01,69.78600000,70.56600000
1583495100,0.00,20261000,0,2696,1,0.01,105.48200000,106.33400000
1583532000,282.00,20261000,1,2696,0,0.01,105.20000000,106.33400000
1583712000,-2327.00,20260724,1,2674,1,0.01,8190.50000000,2487.84000000
1583725777,3918.00,20260628,1,2695,0,0.01,65.85100000,70.56600000
1583755200,0.00,20260774,0,2700,0,0.01,1.31341000,1.30841000
1583756799,-526.00,20260774,1,2700,1,0.01,1.30841000,1.30841000
1583798400,0.00,20260724,0,2702,0,0.01,7894.97000000,1973.74000000
1583870400,0.00,20260774,0,2703,1,0.01,1.29246000,1.29746000
1583922600,0.00,20261001,0,2704,0,0.06,135.85600000,134.54800000
1583926597,-532.00,20260774,1,2703,0,0.01,1.29748000,1.29746000
1583955736,-7848.00,20261001,1,2704,1,0.06,134.54800000,134.54800000
1584012600,0.00,20261001,0,2707,1,0.01,132.19800000,134.30500000
1584022500,0.00,20261002,0,2708,1,0.01,1626.54000000,1649.92000000
1584027443,3691.00,20261002,1,2708,0,0.01,1591.45000000,1649.92000000
1584028800,0.00,20260629,0,2710,1,0.01,1.12372000,0.00000000
1584028800,0.00,20260629,0,2711,0,0.01,1.26245000,0.00000000
1584050400,-508.00,20261001,1,2707,0,0.01,132.70600000,134.30500000
1584072000,0.00,20260605,0,2713,1,0.01,1.11850000,1.12100000
1584078518,-263.00,20260605,1,2713,0,0.01,1.12100000,1.12100000
1584094500,0.00,20261001,0,2715,0,0.01,133.54000000,131.20600000
1584136800,206.00,20261001,1,2715,1,0.01,133.74600000,131.20600000
1584316800,0.00,20260720,0,2717,0,0.01,5981.54000000,3588.92000000
1584357300,0.00,20261001,0,2718,1,0.01,130.67800000,132.84500000
1584360000,0.00,20260605,0,2719,1,0.01,1.11920000,1.12170000
1584360900,0.00,20261002,0,2720,1,0.01,1519.32000000,1562.72000000
1584370838,6851.00,20261002,1,2720,0,0.01,1454.19000000,1562.72000000
1584396000,918.00,20261001,1,2718,0,0.01,129.76000000,132.84500000
1584444600,0.00,20261001,0,2723,1,0.06,129.70800000,131.17800000
1584445500,0.00,20261002,0,2724,1,0.01,1473.89000000,1519.08000000
1584446665,1106.00,20260605,1,2719,0,0.01,1.10870000,1.12170000
1584463522,-4773.00,20261002,1,2724,0,0.01,1519.26000000,1519.08000000
1584482400,-2628.00,20261001,1,2723,0,0.06,130.14600000,131.17800000
1584525600,0.00,20261002,0,2728,1,0.01,1496.56000000,1543.15000000
1584530100,0.00,20261001,0,2729,1,0.01,129.08100000,130.31300000
1584556714,2478.00,20261001,1,2729,0,0.01,126.60300000,130.31300000
1584561600,845.00,20261002,1,2728,0,0.01,1488.53000000,1543.15000000
1584618300,0.00,20261001,0,2732,0,0.01,126.25800000,124.73600000
1584633600,0.00,20260610,0,2733,0,0.01,109.99200000,109.49200000
1584638903,3052.00,20261001,1,2732,1,0.01,129.31000000,124.73600000
1584668058,1102.00,20260610,1,2733,1,0.01,111.09200000,109.49200000
1584697500,0.00,20261001,0,2736,0,0.01,129.56400000,126.35900000
1584741600,-916.00,20261001,1,2736,1,0.01,128.64800000,126.35900000
1585008000,-2131.00,20260724,1,2702,1,0.01,6399.36000000,1973.74000000
1585044900,0.00,20261001,0,2739,0,0.01,128.93600000,127.90900000
1585072289,2058.00,20261001,1,2739,1,0.01,130.99400000,127.90900000
1585130400,0.00,20261001,0,2741,0,0.01,131.97700000,130.40300000
1585132200,0.00,20261002,0,2742,1,0.01,1597.96000000,1637.93000000
1585152000,0.00,20260610,0,2743,0,0.01,111.61000000,111.11000000
1585155304,-1591.00,20261001,1,2741,1,0.01,130.38600000,130.40300000
1585166400,-1500.00,20261002,1,2742,0,0.01,1611.45000000,1637.93000000
1585167044,-502.00,20260610,1,2743,1,0.01,111.10800000,111.11000000
1585220400,0.00,20261000,0,2747,1,0.01,110.08500000,111.23600000
1585245600,-5425.00,20260629,1,2711,1,0.01,1.21340000,0.00000000
1585245600,2365.00,20260629,1,2710,0,0.01,1.10235000,0.00000000
1585260000,686.00,20261000,1,2747,0,0.01,109.39900000,111.23600000
1585296000,0.00,20260610,0,2751,1,0.01,108.44300000,108.94300000
1585301532,-501.00,20260610,1,2751,0,0.01,108.94400000,108.94300000
1585537200,0.00,20260605,0,2753,0,0.01,1.11375000,1.11125000
1585539276,-273.00,20260605,1,2753,1,0.01,1.11124000,1.11125000
1585944000,0.00,20260605,0,2755,1,0.01,1.07868000,1.08118000
1585949104,-274.00,20260605,1,2755,0,0.01,1.08120000,1.08118000
1586164500,0.00,20261001,0,2757,0,0.01,133.67400000,132.42600000
1586169000,0.00,20261000,0,2758,0,0.01,109.34300000,108.28600000
1586210400,-296.00,20261000,1,2758,1,0.01,109.04700000,108.28600000
1586210400,456.00,20261001,1,2757,1,0.01,134.13000000,132.42600000
1586260800,0.00,20260605,0,2761,1,0.01,1.08673000,1.08923000
1586265663,-276.00,20260605,1,2761,0,0.01,1.08926000,1.08923000
1586282400,0.00,20260605,0,2763,1,0.01,1.08831000,1.09081000
1586287891,-278.00,20260605,1,2763,0,0.01,1.09086000,1.09081000
1586736000,214.00,20260720,1,2717,1,0.01,7056.97000000,3588.92000000
1586822400,0.00,20260720,0,2766,0,0.01,6888.64000000,4133.18000000
1586865600,0.00,20260605,0,2767,0,0.01,1.09234000,1.08984000
1586943900,0.00,20261001,0,2768,1,0.01,134.69500000,135.31400000
1586963860,-282.00,20260605,1,2767,1,0.01,1.08984000,1.08984000
1586988000,-177.00,20261001,1,2768,0,0.01,134.87200000,135.31400000
1587118500,0.00,20261001,0,2771,1,0.06,134.22000000,134.93600000
1587160800,0.00,20260605,0,2772,1,0.01,1.08670000,1.08920000
1587160800,-966.00,20261001,1,2771,0,0.06,134.38100000,134.93600000
1587340950,0.00,20260724,0,2774,0,0.01,7219.58000000,1804.90000000
1587355200,0.00,20260610,0,2775,0,0.01,107.87000000,107.37000000
1587378600,0.00,20261001,0,2776,1,0.06,134.20000000,134.70900000
1587384611,-268.00,20260605,1,2772,0,0.01,1.08921000,1.08920000
1587420000,1416.00,20261001,1,2776,0,0.06,133.96400000,134.70900000
1587464227,-498.00,20260610,1,2775,1,0.01,107.37000000,107.37000000
1587466800,0.00,20261001,0,2780,1,0.01,133.13600000,134.05300000
1587506400,773.00,20261001,1,2780,0,0.01,132.36300000,134.05300000
1587552300,0.00,20261001,0,2782,0,0.06,132.72900000,132.04000000
1587592800,-366.00,20261001,1,2782,1,0.06,132.66800000,132.04000000
1587633300,0.00,20261001,0,2784,0,0.01,133.34700000,132.74400000
1587637502,-613.00,20261001,1,2784,1,0.01,132.73400000,132.74400000
1587637800,0.00,20261001,0,2786,1,0.06,132.71200000,133.29000000
1587659893,-3492.00,20261001,1,2786,0,0.06,133.29400000,133.29000000
1587979800,0.00,20261000,0,2788,1,0.01,107.13300000,107.61400000
1588024800,-121.00,20261000,1,2788,0,0.01,107.25400000,107.61400000
1588072500,0.00,20261000,0,2790,1,0.01,107.02200000,107.33200000
1588111200,159.00,20261000,1,2790,0,0.01,106.86300000,107.33200000
1588140000,0.00,20260605,0,2792,0,0.01,1.08518000,1.08268000
1588158000,0.00,20261000,0,2793,1,0.01,106.39700000,106.88500000
1588197600,-202.00,20261000,1,2793,0,0.01,106.59900000,106.88500000
1588238100,0.00,20261001,0,2795,1,0.01,132.68000000,133.06300000
1588246402,-385.00,20261001,1,2795,0,0.01,133.06500000,133.06300000
1588247100,0.00,20261001,0,2797,0,0.06,133.10000000,132.68800000
1588268775,4962.00,20261001,1,2797,1,0.06,133.92700000,132.68800000
1588269566,1094.00,20260605,1,2792,1,0.01,1.09568000,1.08268000
1588276800,0.00,20260774,0,2800,0,0.01,1.25818000,1.25318000
1588291200,1379.00,20260720,1,2766,1,0.01,8760.06000000,4133.18000000
1588329900,0.00,20261001,0,2802,1,0.01,134.29000000,135.06300000
1588330800,0.00,20261000,0,2803,1,0.01,106.93300000,107.39700000
1588342954,-540.00,20260774,1,2800,1,0.01,1.25316000,1.25318000
1588370400,61.00,20261000,1,2803,0,0.01,106.87200000,107.39700000
1588370400,853.00,20261001,1,2802,0,0.01,133.43700000,135.06300000
1588550400,1197.00,20260724,1,2774,1,0.01,8779.59000000,1804.90000000
1588763700,0.00,20261001,0,2808,1,0.01,132.01900000,132.63600000
1588802400,1065.00,20261001,1,2808,0,0.01,130.95400000,132.63600000
1588842900,0.00,20261001,0,2810,0,0.01,131.42300000,130.63200000
1588845600,0.00,20260605,0,2811,1,0.01,1.07913000,1.08163000
1588846536,-268.00,20260605,1,2811,0,0.01,1.08164000,1.08163000
1588851000,0.00,20261000,0,2813,0,0.01,106.40800000,105.98300000
1588888800,0.00,20260605,0,2814,1,0.01,1.08250000,1.08500000
1588888800,-126.00,20261000,1,2813,1,0.01,106.28200000,105.98300000
1588888800,-100.00,20261001,1,2810,1,0.01,131.32300000,130.63200000
1588909830,-264.00,20260605,1,2814,0,0.01,1.08500000,1.08500000
1588960800,0.00,20260605,0,2818,0,0.01,1.08730000,1.08480000
1588964400,-214.00,20260605,1,2818,1,0.01,1.08529000,1.08480000
1588964400,0.00,20260605,0,2820,1,0.01,1.08529000,1.08779000
1589155230,0.00,20260724,0,2821,0,0.01,8798.07000000,2199.52000000
1589190300,0.00,20261000,0,2822,0,0.01,107.12500000,106.47400000
1589190300,0.00,20261001,0,2823,0,0.01,133.05100000,132.02800000
1589202900,0.00,20261002,0,2824,1,0.02,1697.75000000,1711.83000000
1589206179,-1023.00,20261001,1,2823,1,0.01,132.02800000,132.02800000
1589227200,149.00,20261002,1,2824,0,0.02,1697.06000000,1711.83000000
1589234400,621.00,20261000,1,2822,1,0.01,107.74600000,106.47400000
1589299955,-265.00,20260605,1,2820,0,0.01,1.08779000,1.08779000
1589361300,0.00,20261001,0,2829,0,0.01,131.69000000,131.19000000
1589389469,-500.00,20261001,1,2829,1,0.01,131.19000000,131.19000000
1589447700,0.00,20261001,0,2831,1,0.01,130.20000000,130.99300000
1589493600,-570.00,20261001,1,2831,0,0.01,130.77000000,130.99300000
1589529600,0.00,20260774,0,2833,1,0.01,1.22163000,1.22663000
1589535000,0.00,20261001,0,2834,1,0.01,130.79000000,131.40600000
1589540400,0.00,20261000,0,2835,1,0.02,107.09000000,107.42700000
1589580000,-404.00,20261000,1,2835,0,0.02,107.29200000,107.42700000
1589580000,771.00,20261001,1,2834,0,0.01,130.01900000,131.40600000
1589585737,1181.00,20260774,1,2833,0,0.01,1.21062000,1.22663000
1589794200,0.00,20261001,0,2839,0,0.01,129.80500000,129.28300000
1589818954,1048.00,20261001,1,2839,1,0.01,130.85300000,129.28300000
1589821200,0.00,20260605,0,2841,0,0.01,1.08584000,1.08334000
1589879700,0.00,20261001,0,2842,0,0.01,131.33900000,130.76800000
1589895577,1119.00,20260605,1,2841,1,0.01,1.09634000,1.08334000
1589904000,0.00,20260610,0,2844,0,0.01,107.91800000,107.41800000
1589923354,1144.00,20261001,1,2842,1,0.01,132.48300000,130.76800000
1589961600,0.00,20260640,0,2846,0,0.01,1747.39000000,1726.37000000
1589968800,0.00,20261001,0,2847,1,0.06,131.79300000,132.40700000
1589994817,-502.00,20260610,1,2844,1,0.01,107.41400000,107.41800000
1590004800,0.00,20260610,0,2849,0,0.01,107.54500000,107.04500000
1590012000,1998.00,20261001,1,2847,0,0.06,131.46000000,132.40700000
1590055200,0.00,20261002,0,2851,1,0.01,1735.78000000,1748.55000000
1590056100,0.00,20261000,0,2852,0,0.01,107.84800000,107.39300000
1590080611,-2554.00,20260640,1,2846,1,0.01,1726.35000000,1726.37000000
1590091200,1224.00,20261002,1,2851,0,0.01,1724.41000000,1748.55000000
1590098400,-267.00,20261000,1,2852,1,0.01,107.58100000,107.39300000
1590142500,0.00,20261001,0,2856,1,0.01,130.78300000,131.76000000
1590148800,0.00,20260640,0,2857,0,0.01,1737.24000000,1718.86000000
1590184800,-191.00,20261001,1,2856,0,0.01,130.97400000,131.76000000
1590364830,-321.00,20260724,1,2821,1,0.01,8936.70000000,2199.52000000
1590379200,0.00,20260628,0,2860,0,0.01,70.42500000,69.83200000
1590451200,0.00,20260724,0,2861,0,0.01,8978.61000000,2244.65000000
1590484500,0.00,20261001,0,2862,0,0.01,131.97900000,131.18700000
1590497100,0.00,20261002,0,2863,1,0.02,1722.22000000,1735.43000000
1590512018,-2173.00,20260640,1,2857,1,0.01,1718.83000000,1718.86000000
1590523200,2106.00,20261002,1,2863,0,0.02,1712.43000000,1735.43000000
1590530400,724.00,20261001,1,2862,1,0.01,132.70300000,131.18700000
1590575400,0.00,20261001,0,2867,1,0.01,132.17000000,132.71300000
1590583434,-543.00,20261001,1,2867,0,0.01,132.71300000,132.71300000
1590590700,0.00,20261002,0,2869,1,0.01,1702.11000000,1715.89000000
1590609600,-666.00,20261002,1,2869,0,0.01,1708.29000000,1715.89000000
1590660900,0.00,20261002,0,2871,0,0.01,1721.46000000,1706.07000000
1590696000,-152.00,20261002,1,2871,1,0.01,1720.05000000,1706.07000000
1590710400,0.00,20260720,0,2873,0,0.01,9508.55000000,5705.13000000
1590748200,0.00,20261001,0,2874,1,0.01,132.10800000,132.70600000
1590770282,-598.00,20261001,1,2874,0,0.01,132.70600000,132.70600000
1590969630,-125.00,20260720,1,2873,1,0.01,9436.61000000,5705.13000000
1591010100,0.00,20261000,0,2877,1,0.01,107.42100000,107.84900000
1591048800,-192.00,20261000,1,2877,0,0.01,107.61300000,107.84900000
1591056000,0.00,20260650,0,2879,0,0.73,73.16200000,0.00000000
1591090200,0.00,20261001,0,2880,0,0.01,134.83300000,134.20200000
1591093887,3000.00,20260628,1,2860,1,0.01,73.39300000,69.83200000
1591094700,0.00,20261000,0,2882,0,0.01,107.84100000,107.50700000
1591115172,1262.00,20261001,1,2880,1,0.01,136.09500000,134.20200000
1591118847,670.00,20261000,1,2882,1,0.01,108.51100000,107.50700000
1591119142,1126.00,20260610,1,2849,1,0.01,108.64500000,107.04500000
1591128000,0.00,20260610,0,2886,0,0.01,108.69800000,108.19800000
1591156800,0.00,20260774,0,2887,0,0.01,1.25958000,1.25458000
1591182900,0.00,20261002,0,2888,1,0.01,1718.48000000,1731.76000000
1591204399,2175.00,20261002,1,2888,0,0.01,1698.48000000,1731.76000000
1591241608,-557.00,20260774,1,2887,1,0.01,1.25457000,1.25458000
1591348500,0.00,20261001,0,2891,0,0.01,138.19100000,137.25700000
1591353000,0.00,20261000,0,2892,0,0.01,109.41600000,109.03800000
1591376606,1111.00,20260610,1,2886,1,0.01,109.79900000,108.19800000
1591394400,186.00,20261000,1,2892,1,0.01,109.60200000,109.03800000
1591394400,649.00,20261001,1,2891,1,0.01,138.84000000,137.25700000
1591608600,0.00,20261002,0,2896,0,0.01,1693.79000000,1677.28000000
1591609500,0.00,20261001,0,2897,1,0.06,138.83500000,139.56600000
1591617600,0.00,20260628,0,2898,0,0.01,76.63400000,75.66300000
1591637819,-976.00,20260628,1,2898,1,0.01,75.65800000,75.66300000
1591646400,411.00,20261002,1,2896,1,0.01,1697.54000000,1677.28000000
1591653600,5892.00,20261001,1,2897,0,0.06,137.85300000,139.56600000
1591660800,248.00,20260724,1,2861,1,0.01,9638.85000000,2244.65000000
1591698600,0.00,20261001,0,2903,1,0.01,136.76300000,138.22500000
1591699500,0.00,20261000,0,2904,1,0.01,107.83300000,108.53400000
1591703100,0.00,20261002,0,2905,0,0.01,1706.33000000,1693.71000000
1591732800,967.00,20261002,1,2905,1,0.01,1715.31000000,1693.71000000
1591740000,81.00,20261000,1,2904,0,0.01,107.75200000,108.53400000
1591740000,-522.00,20261001,1,2903,0,0.01,137.28500000,138.22500000
1591788600,0.00,20261000,0,2909,1,0.01,107.28800000,107.86500000
1591826400,141.00,20261000,1,2909,0,0.01,107.14700000,107.86500000
1591833600,0.00,20260610,0,2911,1,0.01,107.10700000,107.60700000
1591870500,0.00,20261001,0,2912,1,0.01,135.42800000,136.57200000
1591912800,902.00,20261001,1,2912,0,0.01,134.52600000,136.57200000
1591920000,0.00,20260724,0,2914,0,0.01,9401.11000000,2350.28000000
1591959600,0.00,20261001,0,2915,0,0.01,135.33900000,133.77900000
1591992000,-429.00,20260610,1,2911,0,0.01,107.50600000,107.60700000
1591992000,0.00,20260610,0,2917,0,0.01,107.50600000,107.00600000
1591999200,-1157.00,20261001,1,2915,1,0.01,134.18200000,133.77900000
1592208212,-499.00,20260610,1,2917,1,0.01,107.00500000,107.00600000
1592212500,0.00,20261001,0,2920,1,0.01,133.53900000,134.56800000
1592217000,0.00,20261002,0,2921,1,0.01,1716.63000000,1734.12000000
1592219441,-1034.00,20261001,1,2920,0,0.01,134.57300000,134.56800000
1592219700,0.00,20261001,0,2923,0,0.06,134.63900000,133.65500000
1592251200,-506.00,20261002,1,2921,0,0.01,1721.36000000,1734.12000000
1592258400,2292.00,20261001,1,2923,1,0.06,135.02100000,133.65500000
1592265600,0.00,20260720,0,2926,0,0.01,9543.77000000,5726.26000000
1592373600,0.00,20260605,0,2927,1,0.01,1.12634000,1.12884000
1592388397,-270.00,20260605,1,2927,0,0.01,1.12886000,1.12884000
1592395200,0.00,20260774,0,2929,0,0.01,1.25589000,1.25089000
1592467200,0.00,20260610,0,2930,1,0.01,106.82500000,107.32500000
1592481339,-551.00,20260774,1,2929,1,0.01,1.25085000,1.25089000
1592510400,0.00,20260774,0,2932,1,0.01,1.24103000,1.24603000
1592553600,-198.00,20260774,1,2932,0,0.01,1.24285000,1.24603000
1592553600,0.00,20260774,0,2934,0,0.01,1.24285000,1.23785000
1592573250,-535.00,20260774,1,2934,1,0.01,1.23785000,1.23785000
1592821800,0.00,20261001,0,2936,0,0.01,132.73700000,131.74800000
1592827200,0.00,20260774,0,2937,0,0.01,1.24282000,1.23782000
1592863200,619.00,20261001,1,2936,1,0.01,133.35600000,131.74800000
1592870400,-198.00,20260720,1,2926,1,0.01,9578.66000000,5726.26000000
1592910900,0.00,20261001,0,2940,0,0.01,133.89100000,132.72700000
1592929183,-1164.00,20261001,1,2940,1,0.01,132.72700000,132.72700000
1592968043,1163.00,20260774,1,2937,1,0.01,1.25382000,1.23782000
1593003600,0.00,20260605,0,2943,0,0.01,1.13040000,1.12790000
1593011138,-269.00,20260605,1,2943,1,0.01,1.12788000,1.12790000
1593021600,0.00,20260605,0,2945,0,0.01,1.12784000,1.12534000
1593039436,-268.00,20260605,1,2945,1,0.01,1.12534000,1.12534000
1593039600,0.00,20260605,0,2947,1,0.01,1.12511000,1.12761000
1593078300,0.00,20261002,0,2948,0,0.01,1768.18000000,1753.81000000
1593096385,-713.00,20260610,1,2930,0,0.01,107.32900000,107.32500000
1593100800,0.00,20260610,0,2950,1,0.01,107.29200000,107.79200000
1593115200,-564.00,20261002,1,2948,1,0.01,1762.92000000,1753.81000000
1593129600,-676.00,20260724,1,2914,1,0.01,9208.63000000,2350.28000000
1593436154,-259.00,20260605,1,2947,0,0.01,1.12761000,1.12761000
1593450000,0.00,20260605,0,2954,0,0.01,1.12587000,1.12337000
1593450551,-560.00,20260610,1,2950,0,0.01,107.79200000,107.79200000
1593452216,-269.00,20260605,1,2954,1,0.01,1.12337000,1.12337000
1593457200,0.00,20260605,0,2957,1,0.01,1.12352000,1.12602000
1593460800,0.00,20260610,0,2958,0,0.01,107.77900000,107.27900000
1593511200,0.00,20261001,0,2959,1,0.06,132.10400000,132.62200000
1593534755,-3126.00,20261001,1,2959,0,0.06,132.62500000,132.62200000
1593541001,-269.00,20260605,1,2957,0,0.01,1.12603000,1.12602000
1593547200,0.00,20260605,0,2962,0,0.01,1.12438000,1.12188000
1593590164,-278.00,20260605,1,2962,1,0.01,1.12187000,1.12188000
1593602100,0.00,20261000,0,2964,1,0.01,107.49400000,108.15500000
1593604800,-252.00,20260610,1,2958,1,0.01,107.52300000,107.27900000
1593604800,0.00,20260610,0,2966,1,0.01,107.52300000,108.02300000
1593626400,0.00,20260605,0,2967,0,0.01,1.12614000,1.12364000
1593640800,-1.00,20261000,1,2964,0,0.01,107.49500000,108.15500000
1593681300,0.00,20261001,0,2969,0,0.01,134.37400000,133.76600000
1593711280,-296.00,20260605,1,2967,1,0.01,1.12362000,1.12364000
1593727200,-333.00,20261001,1,2969,1,0.01,134.04100000,133.76600000
1593766800,0.00,20260605,0,2972,1,0.01,1.12350000,1.12600000
1594004786,-268.00,20260605,1,2972,0,0.01,1.12601000,1.12600000
1594118700,0.00,20261000,0,2974,0,0.01,107.59800000,107.23900000
1594119600,0.00,20261001,0,2975,0,0.01,134.42700000,133.96800000
1594145489,918.00,20261001,1,2975,1,0.01,135.34500000,133.96800000
1594152000,0.00,20260628,0,2977,0,0.01,74.90100000,74.38600000
1594159200,-85.00,20261000,1,2974,1,0.01,107.51300000,107.23900000
1594208700,0.00,20261001,0,2979,1,0.06,134.77300000,135.27900000
1594226909,-3036.00,20261001,1,2979,0,0.06,135.27900000,135.27900000
1594288800,0.00,20261001,0,2981,0,0.01,135.63900000,135.11800000
1594332000,-355.00,20261001,1,2981,1,0.01,135.28400000,135.11800000
1594352954,-495.00,20260628,1,2977,1,0.01,74.38600000,74.38600000
1594375200,0.00,20261001,0,2984,1,0.01,134.42500000,135.17700000
1594377900,0.00,20261000,0,2985,1,0.01,106.81300000,107.25700000
1594403905,-752.00,20261001,1,2984,0,0.01,135.17700000,135.17700000
1594418400,-132.00,20261000,1,2985,0,0.01,106.94500000,107.25700000
1594627200,0.00,20260628,0,2988,0,0.01,74.51900000,74.04800000
1594642500,0.00,20261002,0,2989,0,0.01,1809.18000000,1797.68000000
1594670400,28.00,20261002,1,2989,1,0.01,1809.44000000,1797.68000000
1594723500,0.00,20261001,0,2991,1,0.01,134.29800000,134.75900000
1594764000,-323.00,20261001,1,2991,0,0.01,134.62100000,134.75900000
1594806300,0.00,20261001,0,2993,0,0.01,135.05900000,134.51100000
1594809900,0.00,20261000,0,2994,1,0.02,107.01500000,107.30000000
1594832553,-548.00,20261001,1,2993,1,0.01,134.51100000,134.51100000
1594850400,104.00,20261000,1,2994,0,0.02,106.96300000,107.30000000
1594892700,0.00,20261001,0,2997,1,0.01,134.08000000,134.62200000
1594912948,-542.00,20261001,1,2997,0,0.01,134.62200000,134.62200000
1594979100,0.00,20261001,0,2999,1,0.06,134.50700000,134.89100000
1595001600,0.00,20260640,0,3000,0,0.01,1805.76000000,1793.99000000
1595023200,558.00,20261001,1,2999,0,0.06,134.41400000,134.89100000
1595245500,0.00,20261001,0,3002,0,0.01,134.89500000,134.33100000
1595282400,981.00,20261001,1,3002,1,0.01,135.87600000,134.33100000
1595322900,0.00,20261001,0,3004,0,0.01,136.18700000,135.44700000
1595343806,2336.00,20260640,1,3000,1,0.01,1829.33000000,1793.99000000
1595361600,0.00,20260774,0,3006,0,0.01,1.27442000,1.26942000
1595368800,23.00,20261001,1,3004,1,0.01,136.21000000,135.44700000
1595413465,-550.00,20260774,1,3006,1,0.01,1.26931000,1.26942000
1595413800,0.00,20261001,0,3009,1,0.01,135.54900000,136.12300000
1595416500,0.00,20261000,0,3010,0,0.01,106.98000000,106.67100000
1595431300,-576.00,20261001,1,3009,0,0.01,136.12500000,136.12300000
1595455200,246.00,20261000,1,3010,1,0.01,107.22600000,106.67100000
1595502900,0.00,20261002,0,3013,0,0.02,1878.70000000,1863.55000000
1595534400,3209.00,20261002,1,3013,1,0.02,1893.72000000,1863.55000000
1595572822,354.00,20260610,1,2966,0,0.01,106.42300000,108.02300000
1595585700,0.00,20261001,0,3016,1,0.01,135.23400000,136.23900000
1595628000,-355.00,20261001,1,3016,0,0.01,135.58900000,136.23900000
1595842200,0.00,20261001,0,3018,1,0.01,135.34100000,135.80900000
1595887200,-321.00,20261001,1,3018,0,0.01,135.66200000,135.80900000
1596019500,0.00,20261000,0,3020,1,0.02,104.82700000,105.23300000
1596060000,-438.00,20261000,1,3020,0,0.02,105.04600000,105.23300000
1596104100,0.00,20261002,0,3022,1,0.01,1953.87000000,1971.49000000
1596139200,432.00,20261002,1,3022,0,0.01,1949.76000000,1971.49000000
1596168000,0.00,20260640,0,3024,0,0.01,1958.73000000,1930.77000000
1596461400,0.00,20261002,0,3025,1,0.01,1967.99000000,1989.33000000
1596484800,-328.00,20261002,1,3025,0,0.01,1971.11000000,1989.33000000
1596539700,0.00,20261001,0,3027,1,0.06,138.39900000,138.86300000
1596578400,1698.00,20261001,1,3027,0,0.06,138.11600000,138.86300000
1596580780,5691.00,20260640,1,3024,1,0.01,2014.70000000,1930.77000000
1596600000,0.00,20260640,0,3030,0,0.01,2021.14000000,1996.94000000
1596621600,0.00,20261002,0,3031,0,0.01,2033.78000000,2009.53000000
1596657600,-183.00,20261002,1,3031,1,0.01,2032.04000000,2009.53000000
1596705300,0.00,20261001,0,3033,0,0.01,138.89100000,138.34500000
1596724200,0.00,20261002,0,3034,0,0.01,2052.58000000,2034.55000000
1596733752,4801.00,20260640,1,3030,1,0.01,2069.53000000,1996.94000000
1596744000,823.00,20261002,1,3034,1,0.01,2060.42000000,2034.55000000
1596751200,-70.00,20261001,1,3033,1,0.01,138.82100000,138.34500000
1596799800,0.00,20261001,0,3038,1,0.01,138.27100000,138.73300000
1596837600,-15.00,20261001,1,3038,0,0.01,138.28600000,138.73300000
1597060800,0.00,20260627,0,3040,0,0.02,138.56800000,137.82800000
1597107600,0.00,20260605,0,3041,1,0.01,1.17379000,1.17629000
1597138200,0.00,20261002,0,3042,1,0.01,1993.14000000,2029.92000000
1597144295,-264.00,20260605,1,3041,0,0.01,1.17630000,1.17629000
1597158000,0.00,20260605,0,3044,1,0.01,1.17805000,1.18055000
1597160822,-265.00,20260605,1,3044,0,0.01,1.18057000,1.18055000
1597172321,5801.00,20261002,1,3042,0,0.01,1937.91000000,2029.92000000
1597190700,0.00,20260724,0,3047,0,0.01,11265.50000000,2816.38000000
1597223700,0.00,20261001,0,3048,0,0.01,139.25100000,138.79900000
1597269600,-69.00,20261001,1,3048,1,0.01,139.18200000,138.79900000
1597320000,0.00,20260605,0,3050,0,0.01,1.18393000,1.18143000
1597344448,-265.00,20260605,1,3050,1,0.01,1.18141000,1.18143000
1597397400,0.00,20261001,0,3052,1,0.01,139.53900000,139.87300000
1597419180,-337.00,20261001,1,3052,0,0.01,139.87600000,139.87300000
1597661100,0.00,20261002,0,3054,0,0.02,1955.69000000,1929.45000000
1597694400,6634.00,20261002,1,3054,1,0.02,1987.27000000,1929.45000000
1597743900,0.00,20261000,0,3056,1,0.01,105.48800000,106.04700000
1597749300,0.00,20261001,0,3057,0,0.06,139.02200000,138.57900000
1597788000,73.00,20261000,1,3056,0,0.01,105.41500000,106.04700000
1597788000,3378.00,20261001,1,3057,1,0.06,139.58500000,138.57900000
1597829400,0.00,20261001,0,3060,0,0.01,139.92900000,139.28900000
1597843238,-644.00,20261001,1,3060,1,0.01,139.28500000,139.28900000
1597918500,0.00,20261001,0,3062,1,0.01,138.62000000,139.11500000
1597929817,-496.00,20261001,1,3062,0,0.01,139.11600000,139.11500000
1598264100,0.00,20261001,0,3064,0,0.01,138.76300000,138.30200000
1598290528,-462.00,20261001,1,3064,1,0.01,138.30100000,138.30200000
1598349600,0.00,20261000,0,3066,0,0.01,106.13400000,105.86400000
1598352300,0.00,20261001,0,3067,0,0.01,139.08300000,138.35400000
1598360400,0.00,20260605,0,3068,1,0.01,1.18274000,1.18524000
1598392800,197.00,20261000,1,3066,1,0.01,106.33100000,105.86400000
1598392800,704.00,20261001,1,3067,1,0.01,139.78700000,138.35400000
1598400330,-522.00,20260724,1,3047,1,0.01,11208.84000000,2816.38000000
1598438700,0.00,20261000,0,3072,1,0.02,106.25100000,106.54700000
1598479200,450.00,20261000,1,3072,0,0.02,106.02600000,106.54700000
1598486700,0.00,20260724,0,3074,0,0.01,11565.00000000,2891.25000000
1598525002,2546.00,20260628,1,2988,1,0.01,76.87700000,74.04800000
1598544396,-264.00,20260605,1,3068,0,0.01,1.18530000,1.18524000
1598596482,6045.00,20260627,1,3040,1,0.02,141.52900000,137.82800000
1598598000,0.00,20260605,0,3078,0,0.01,1.18604000,1.18354000
1598936183,1102.00,20260605,1,3078,1,0.01,1.19658000,1.18354000
1598958000,0.00,20261001,0,3080,0,0.01,141.94000000,141.31400000
1598997600,-138.00,20261001,1,3080,1,0.01,141.80200000,141.31400000
1599066000,0.00,20260605,0,3082,1,0.01,1.18342000,1.18592000
1599091620,-265.00,20260605,1,3082,0,0.01,1.18597000,1.18592000
1599125400,0.00,20261001,0,3084,1,0.01,141.19400000,141.85500000
1599126300,0.00,20261002,0,3085,1,0.01,1929.56000000,1950.96000000
1599163200,165.00,20261002,1,3085,0,0.01,1928.00000000,1950.96000000
1599170400,415.00,20261001,1,3084,0,0.01,140.77900000,141.85500000
1599218100,0.00,20261001,0,3088,0,0.01,141.24300000,140.64200000
1599235354,-605.00,20261001,1,3088,1,0.01,140.63800000,140.64200000
1599471000,0.00,20261001,0,3090,1,0.01,140.27600000,140.98300000
1599516000,274.00,20261001,1,3090,0,0.01,140.00200000,140.98300000
1599564600,0.00,20261001,0,3092,1,0.01,139.43700000,139.96300000
1599577772,1052.00,20261001,1,3092,0,0.01,138.38500000,139.96300000
1599643800,0.00,20261001,0,3094,1,0.01,136.96700000,137.69800000
1599666568,-740.00,20261001,1,3094,0,0.01,137.70700000,137.69800000
1599696330,-1922.00,20260724,1,3074,1,0.01,10186.50000000,2891.25000000
1599796800,0.00,20260610,0,3097,0,0.01,106.14000000,105.64000000
1599819300,0.00,20261001,0,3098,0,0.01,136.29600000,135.75800000
1599824315,-539.00,20261001,1,3098,1,0.01,135.75700000,135.75800000
1599854400,0.00,20260774,0,3100,1,0.01,1.27875000,1.28375000
1600079020,-535.00,20260774,1,3100,0,0.01,1.28376000,1.28375000
1600082100,0.00,20261001,0,3102,0,0.01,136.20400000,135.51200000
1600101985,-498.00,20260610,1,3097,1,0.01,105.64000000,105.64000000
1600120800,-337.00,20261001,1,3102,1,0.01,135.86700000,135.51200000
1600138800,0.00,20260605,0,3105,0,0.01,1.18678000,1.18428000
1600162200,0.00,20261001,0,3106,0,0.01,136.09800000,135.40500000
1600189895,-268.00,20260605,1,3105,1,0.01,1.18424000,1.18428000
1600207200,-90.00,20261001,1,3106,1,0.01,136.00800000,135.40500000
1600214700,0.00,20260720,0,3109,0,0.01,10917.00000000,6550.20000000
1600254900,0.00,20261002,0,3110,0,0.01,1967.33000000,1949.83000000
1600279200,0.00,20260605,0,3111,1,0.01,1.18295000,1.18545000
1600286400,-229.00,20261002,1,3110,1,0.01,1965.16000000,1949.83000000
1600290136,-265.00,20260605,1,3111,0,0.01,1.18546000,1.18545000
1600339500,0.00,20261000,0,3114,1,0.02,104.71000000,105.16300000
1600344000,0.00,20260610,0,3115,1,0.01,104.73200000,105.23200000
1600380000,22.00,20261000,1,3114,0,0.02,104.69900000,105.16300000
1600387200,0.00,20260605,0,3117,0,0.01,1.18504000,1.18254000
1600425900,0.00,20261000,0,3118,1,0.02,104.57500000,104.86300000
1600426800,0.00,20261001,0,3119,1,0.06,135.61000000,136.14500000
1600466400,40.00,20261000,1,3118,0,0.02,104.55500000,104.86300000
1600466400,2718.00,20261001,1,3119,0,0.06,135.15700000,136.14500000
1600683300,0.00,20261000,0,3122,1,0.01,104.16200000,104.56400000
1600686193,-270.00,20260605,1,3117,1,0.01,1.18253000,1.18254000
1600688700,0.00,20261002,0,3124,1,0.02,1937.70000000,1955.47000000
1600706010,-403.00,20261000,1,3122,0,0.01,104.56500000,104.56400000
1600707625,5573.00,20261002,1,3124,0,0.02,1911.05000000,1955.47000000
1600767900,0.00,20261002,0,3127,1,0.01,1903.84000000,1919.89000000
1600767900,0.00,20261001,0,3128,1,0.01,133.73500000,134.26200000
1600774237,-533.00,20261001,1,3128,0,0.01,134.26800000,134.26200000
1600804800,458.00,20261002,1,3127,0,0.01,1899.48000000,1919.89000000
1600852500,0.00,20261002,0,3131,1,0.01,1877.45000000,1905.24000000
1600876624,-620.00,20260610,1,3115,0,0.01,105.23200000,105.23200000
1600891200,1122.00,20261002,1,3131,0,0.01,1866.79000000,1905.24000000
1600938900,0.00,20261001,0,3134,1,0.01,133.77800000,134.28900000
1600948113,-511.00,20261001,1,3134,0,0.01,134.28900000,134.28900000
1601028000,0.00,20261000,0,3136,1,0.01,105.23800000,105.53700000
1601048015,-300.00,20261000,1,3136,0,0.01,105.53800000,105.53700000
1601292600,0.00,20261001,0,3138,0,0.06,135.03500000,134.34800000
1601330400,2166.00,20261001,1,3138,1,0.06,135.39600000,134.34800000
1601370900,0.00,20261001,0,3140,0,0.01,135.87900000,135.30700000
1601372700,0.00,20261000,0,3141,0,0.01,105.69400000,105.33600000
1601416800,-23.00,20261000,1,3141,1,0.01,105.67100000,105.33600000
1601416800,29.00,20261001,1,3140,1,0.01,135.90800000,135.30700000
1601457300,0.00,20261002,0,3144,1,0.01,1884.46000000,1899.28000000
1601457300,0.00,20261001,0,3145,1,0.01,135.25000000,136.05200000
1601481156,-1567.00,20261002,1,3144,0,0.01,1899.29000000,1899.28000000
1601485579,-803.00,20261001,1,3145,0,0.01,136.05300000,136.05200000
1601543700,0.00,20261001,0,3148,0,0.01,136.61700000,136.14400000
1601548887,-473.00,20261001,1,3148,1,0.01,136.14400000,136.14400000
1601549100,0.00,20261001,0,3150,1,0.06,135.89700000,136.58200000
1601562748,-4122.00,20261001,1,3150,0,0.06,136.58400000,136.58200000
1601654400,0.00,20260605,0,3152,0,0.01,1.17090000,1.16840000
1601892900,0.00,20261002,0,3153,1,0.01,1887.65000000,1904.90000000
1601896500,0.00,20261001,0,3154,0,0.01,136.82100000,135.97400000
1601897400,0.00,20261000,0,3155,0,0.01,105.67100000,105.24500000
1601910806,-1825.00,20261002,1,3153,0,0.01,1904.93000000,1904.90000000
1601935200,45.00,20261000,1,3155,1,0.01,105.71600000,105.24500000
1601935200,300.00,20261001,1,3154,1,0.01,137.12100000,135.97400000
1601956800,0.00,20260610,0,3159,0,0.01,105.69300000,105.19300000
1601982900,0.00,20261000,0,3160,1,0.01,105.54500000,105.77800000
1602021600,-20.00,20261000,1,3160,0,0.01,105.56500000,105.77800000
1602063000,0.00,20261002,0,3162,0,0.01,1889.83000000,1872.81000000
1602065700,0.00,20261001,0,3163,0,0.01,136.63500000,135.85700000
1602067500,0.00,20261000,0,3164,0,0.01,105.92400000,105.56600000
1602100800,-378.00,20261002,1,3162,1,0.01,1886.26000000,1872.81000000
1602108000,102.00,20261000,1,3164,1,0.01,106.02600000,105.56600000
1602108000,248.00,20261001,1,3163,1,0.01,136.88300000,135.85700000
1602259229,1054.00,20260605,1,3152,1,0.01,1.18140000,1.16840000
1602633900,-450.00,20260720,1,3109,1,0.01,11362.50000000,6550.20000000
1602648000,0.00,20260605,0,3170,1,0.01,1.17448000,1.17698000
1602684900,0.00,20261002,0,3171,0,0.01,1901.64000000,1882.31000000
1602689917,-484.00,20260610,1,3159,1,0.01,105.19300000,105.19300000
1602690393,-263.00,20260605,1,3170,0,0.01,1.17698000,1.17698000
1602694800,0.00,20260605,0,3174,1,0.01,1.17606000,1.17856000
1602705600,-55.00,20261002,1,3171,1,0.01,1901.12000000,1882.31000000
1602761400,0.00,20261001,0,3176,1,0.06,136.56000000,137.15900000
1602799200,3054.00,20261001,1,3176,0,0.06,136.05100000,137.15900000
1603101600,0.00,20261001,0,3178,0,0.01,136.52300000,135.86300000
1603104300,0.00,20261002,0,3179,0,0.01,1911.16000000,1896.96000000
1603118484,-254.00,20260605,1,3174,0,0.01,1.17856000,1.17856000
1603126800,0.00,20260605,0,3181,0,0.01,1.17837000,1.17587000
1603137600,-176.00,20261002,1,3179,1,0.01,1909.49000000,1896.96000000
1603144800,-53.00,20261001,1,3178,1,0.01,136.47000000,135.86300000
1603194300,0.00,20261001,0,3184,0,0.01,136.79900000,136.29900000
1603195200,0.00,20260628,0,3185,1,0.01,74.25900000,74.74300000
1603231200,-335.00,20261001,1,3184,1,0.01,136.46400000,136.29900000
1603273500,0.00,20261000,0,3187,1,0.01,105.20100000,105.52000000
1603278900,0.00,20261002,0,3188,0,0.01,1922.62000000,1907.84000000
1603298974,639.00,20261000,1,3187,0,0.01,104.56200000,105.52000000
1603310400,232.00,20261002,1,3188,1,0.01,1924.84000000,1907.84000000
1603417039,-574.00,20260628,1,3185,0,0.01,74.74800000,74.74300000
1603440000,0.00,20260628,0,3192,1,0.01,74.46000000,74.92000000
1603451700,0.00,20261000,0,3193,1,0.01,104.57700000,104.93000000
1603465883,-460.00,20260628,1,3192,0,0.01,74.92000000,74.92000000
1603490400,-161.00,20261000,1,3193,0,0.01,104.73800000,104.93000000
1603703700,0.00,20261000,0,3196,0,0.01,104.98000000,104.63700000
1603713600,0.00,20260774,0,3197,0,0.01,1.30503000,1.30003000
1603729692,-525.00,20260774,1,3197,1,0.01,1.30003000,1.30003000
1603749600,-135.00,20261000,1,3196,1,0.01,104.84500000,104.63700000
1603799100,0.00,20261000,0,3200,1,0.01,104.61000000,104.88200000
1603836000,125.00,20261000,1,3200,0,0.01,104.48500000,104.88200000
1603878300,0.00,20261001,0,3202,1,0.01,135.86400000,136.26600000
1603879827,-335.00,20260605,1,3181,1,0.01,1.17586000,1.17587000
1603890030,806.00,20261001,1,3202,0,0.01,135.05800000,136.26600000
1603968300,0.00,20261001,0,3205,1,0.06,135.36100000,135.93700000
1603969200,0.00,20261000,0,3206,1,0.02,104.21700000,104.49600000
1603983600,0.00,20260605,0,3207,1,0.01,1.17033000,1.17283000
1603991022,-560.00,20261000,1,3206,0,0.02,104.49700000,104.49600000
1604008800,366.00,20261001,1,3205,0,0.06,135.30000000,135.93700000
1604016300,0.00,20260720,0,3210,0,0.01,13576.50000000,8145.90000000
1604311200,0.00,20261000,0,3211,0,0.01,104.85800000,104.49600000
1604313900,0.00,20261001,0,3212,1,0.06,134.94900000,135.41900000
1604315700,0.00,20261002,0,3213,0,0.01,1887.60000000,1873.30000000
1604319098,-2820.00,20261001,1,3212,0,0.06,135.41900000,135.41900000
1604347200,0.00,20260774,0,3215,1,0.01,1.29039000,1.29539000
1604347200,618.00,20261002,1,3213,1,0.01,1893.49000000,1873.30000000
1604354400,-34.00,20261000,1,3211,1,0.01,104.82400000,104.49600000
1604394900,0.00,20261000,0,3218,1,0.01,104.56900000,104.82000000
1604398759,-530.00,20260774,1,3215,0,0.01,1.29542000,1.29539000
1604404800,0.00,20260774,0,3220,0,0.01,1.29923000,1.29423000
1604425825,-259.00,20260605,1,3207,0,0.01,1.17284000,1.17283000
1604440800,-37.00,20261000,1,3218,0,0.01,104.60600000,104.82000000
1604452640,1148.00,20260774,1,3220,1,0.01,1.31024000,1.29423000
1604491200,0.00,20260610,0,3224,1,0.01,104.87700000,105.37700000
1604568600,0.00,20261001,0,3225,0,0.06,135.87500000,135.05100000
1604587837,1012.00,20260610,1,3224,0,0.01,103.77600000,105.37700000
1604613600,900.00,20261001,1,3225,1,0.06,136.02500000,135.05100000
1604617200,0.00,20260605,0,3228,0,0.01,1.18269000,1.18019000
1604631797,-268.00,20260605,1,3228,1,0.01,1.18018000,1.18019000
1604880300,0.00,20260724,0,3230,0,0.01,15437.00000000,3859.25000000
1604913300,0.00,20261001,0,3231,0,0.01,136.53800000,135.71000000
1604922300,0.00,20261000,0,3232,0,0.01,103.70400000,103.17600000
1604930400,0.00,20261002,0,3233,1,0.02,1938.66000000,1965.40000000
1604933435,1056.00,20261000,1,3232,1,0.01,104.76000000,103.17600000
1604933993,1656.00,20261001,1,3231,1,0.01,138.19400000,135.71000000
1604934641,8410.00,20261002,1,3233,0,0.02,1898.52000000,1965.40000000
1604952000,0.00,20260610,0,3237,0,0.01,105.46400000,104.96400000
1604978786,-499.00,20260610,1,3237,1,0.01,104.96300000,104.96400000
1604980800,0.00,20260610,0,3239,1,0.01,104.92800000,105.42800000
1605004200,0.00,20261001,0,3240,0,0.06,138.81900000,138.14800000
1605009600,0.00,20260629,0,3241,0,0.01,1.18070000,0.00000000
1605009600,0.00,20260629,0,3242,1,0.01,1.32480000,0.00000000
1605010054,-502.00,20260610,1,3239,0,0.01,105.43000000,105.42800000
1605045600,4236.00,20261001,1,3240,1,0.06,139.52500000,138.14800000
1605086100,0.00,20261001,0,3245,0,0.06,140.02600000,139.29700000
1605090600,0.00,20261000,0,3246,0,0.01,105.46500000,104.99700000
1605117461,-4386.00,20261001,1,3245,1,0.06,139.29500000,139.29700000
1605132000,-25.00,20261000,1,3246,1,0.01,105.44000000,104.99700000
1605240000,0.00,20260610,0,3249,1,0.01,104.90600000,105.40600000
1605261600,0.00,20261001,0,3250,0,0.01,138.31100000,137.52900000
1605304800,-465.00,20261001,1,3250,1,0.01,137.84600000,137.52900000
1605524400,0.00,20261000,0,3252,1,0.01,104.37600000,104.71800000
1605526200,0.00,20261001,0,3253,1,0.06,137.71400000,138.40600000
1605534783,-344.00,20261000,1,3252,0,0.01,104.72000000,104.71800000
1605534931,-4152.00,20261001,1,3253,0,0.06,138.40600000,138.40600000
1605701676,1012.00,20260610,1,3249,0,0.01,103.80400000,105.40600000
1605744300,3682.00,20260720,1,3210,1,0.01,17741.50000000,8145.90000000
1605758400,0.00,20260605,0,3258,0,0.01,1.18435000,1.18185000
1605783600,-183.00,20260605,1,3258,1,0.01,1.18259000,1.18185000
1605783600,0.00,20260605,0,3260,1,0.01,1.18259000,1.18509000
1605814442,-261.00,20260605,1,3260,0,0.01,1.18510000,1.18509000
1606089900,2735.00,20260724,1,3230,1,0.01,18512.00000000,3859.25000000
1606123800,0.00,20261001,0,3263,0,0.01,138.33400000,137.84400000
1606168800,887.00,20261001,1,3263,1,0.01,139.22100000,137.84400000
1606176300,0.00,20260724,0,3265,0,0.01,18474.00000000,4618.50000000
1606213800,0.00,20261001,0,3266,0,0.01,139.48900000,138.99500000
1606217400,0.00,20261000,0,3267,1,0.02,104.21700000,104.63800000
1606221000,0.00,20261002,0,3268,1,0.01,1817.87000000,1838.88000000
1606233506,-852.00,20261000,1,3267,0,0.02,104.64300000,104.63800000
1606248000,1337.00,20261002,1,3268,0,0.01,1805.09000000,1838.88000000
1606255200,100.00,20261001,1,3266,1,0.01,139.58900000,138.99500000
1606301100,0.00,20261001,0,3272,1,0.06,139.30900000,139.69600000
1606326937,-2322.00,20261001,1,3272,0,0.06,139.69600000,139.69600000
1606503600,-695.00,20260629,1,3242,0,0.01,1.33069000,0.00000000
1606503600,1375.00,20260629,1,3241,1,0.01,1.19532000,0.00000000
1606708800,0.00,20260640,0,3276,1,0.01,1782.86000000,1801.11000000
1606730400,0.00,20261001,0,3277,0,0.06,138.90500000,138.36500000
1606734000,0.00,20261000,0,3278,0,0.02,104.22400000,103.82500000
1606773600,204.00,20261000,1,3278,1,0.02,104.32600000,103.82500000
1606773600,1728.00,20261001,1,3277,1,0.06,139.19300000,138.36500000
1606814100,0.00,20261001,0,3281,0,0.01,139.61700000,138.87500000
1606816800,0.00,20261002,0,3282,0,0.01,1791.19000000,1775.60000000
1606827862,-1892.00,20260640,1,3276,0,0.01,1801.11000000,1801.11000000
1606838840,2440.00,20261002,1,3282,1,0.01,1814.58000000,1775.60000000
1606860000,443.00,20261001,1,3281,1,0.01,140.06000000,138.87500000
1606903200,0.00,20261000,0,3286,0,0.01,104.56800000,104.21900000
1606946400,-24.00,20261000,1,3286,1,0.01,104.54400000,104.21900000
1606988700,0.00,20261002,0,3288,0,0.01,1840.27000000,1826.03000000
1606989600,0.00,20261000,0,3289,1,0.02,104.30200000,104.52800000
1607013059,908.00,20261000,1,3289,0,0.02,103.84800000,104.52800000
1607018730,-1480.00,20261002,1,3288,1,0.01,1826.02000000,1826.03000000
1607076900,0.00,20261001,0,3292,0,0.01,139.95200000,139.49000000
1607079026,-468.00,20261001,1,3292,1,0.01,139.48400000,139.49000000
1607332500,0.00,20261001,0,3294,1,0.06,139.44400000,139.86400000
1607336134,5052.00,20261001,1,3294,0,0.06,138.60200000,139.86400000
1607339700,0.00,20261000,0,3296,0,0.01,104.30400000,103.93600000
1607359415,-369.00,20261000,1,3296,1,0.01,103.93500000,103.93600000
1607385900,115.00,20260724,1,3265,1,0.01,19023.57000000,4618.50000000
1607422500,0.00,20261001,0,3299,1,0.01,138.69200000,139.17600000
1607440985,-484.00,20261001,1,3299,0,0.01,139.17600000,139.17600000
1607508900,0.00,20261001,0,3301,0,0.01,139.68700000,139.00300000
1607521500,0.00,20261002,0,3302,1,0.01,1853.69000000,1870.70000000
1607544000,1198.00,20261002,1,3302,0,0.01,1842.16000000,1870.70000000
1607551200,-99.00,20261001,1,3301,1,0.01,139.58800000,139.00300000
1607587200,0.00,20260628,0,3305,0,0.01,78.02300000,77.54400000
1607595300,0.00,20261000,0,3306,0,0.01,104.56400000,104.13400000
1607637600,-382.00,20261000,1,3306,1,0.01,104.18200000,104.13400000
1607680800,0.00,20261001,0,3308,1,0.06,138.13200000,138.71800000
1607699219,7050.00,20261001,1,3308,0,0.06,136.95700000,138.71800000
1607939100,0.00,20261001,0,3310,0,0.06,139.11800000,138.23600000
1607945400,0.00,20261000,0,3311,1,0.02,103.78700000,104.05400000
1607966734,-538.00,20261000,1,3311,0,0.02,104.05600000,104.05400000
1607983200,-2898.00,20261001,1,3310,1,0.06,138.63500000,138.23600000
1608024600,0.00,20261002,0,3314,0,0.01,1843.37000000,1825.35000000
1608029100,0.00,20261001,0,3315,1,0.06,138.38200000,138.90800000
1608038403,-3168.00,20261001,1,3315,0,0.06,138.91000000,138.90800000
1608062400,723.00,20261002,1,3314,1,0.01,1850.32000000,1825.35000000
1608076800,0.00,20260605,0,3318,0,0.01,1.21543000,1.21293000
1608114600,0.00,20261001,0,3319,0,0.06,139.66600000,139.13200000
1608116400,0.00,20261000,0,3320,1,0.01,103.32100000,103.71400000
1608152433,-394.00,20261000,1,3320,0,0.01,103.71500000,103.71400000
1608153557,-259.00,20260605,1,3318,1,0.01,1.21293000,1.21293000
1608156000,-60.00,20261001,1,3319,1,0.06,139.65600000,139.13200000
1608203700,0.00,20261001,0,3324,0,0.01,140.18300000,139.57100000
1608225125,-613.00,20261001,1,3324,1,0.01,139.57000000,139.57100000
1608286500,0.00,20261000,0,3326,0,0.01,103.57200000,103.03000000
1608328800,-279.00,20261000,1,3326,1,0.01,103.29300000,103.03000000
1608544800,0.00,20261000,0,3328,0,0.02,103.60400000,103.24500000
1608552900,0.00,20261002,0,3329,1,0.02,1868.93000000,1906.64000000
1608553410,-443.00,20260628,1,3305,1,0.01,77.54400000,77.54400000
1608580800,-1938.00,20261002,1,3329,0,0.02,1878.30000000,1906.64000000
1608588000,-544.00,20261000,1,3328,1,0.02,103.33200000,103.24500000
1608714900,0.00,20261001,0,3333,0,0.01,138.95100000,138.29800000
1608717600,0.00,20261000,0,3334,1,0.01,103.35800000,103.63400000
1608742955,1307.00,20261001,1,3333,1,0.01,140.25800000,138.29800000
1608746257,-276.00,20261000,1,3334,0,0.01,103.63400000,103.63400000
1608768330,0.00,20260724,0,3337,0,0.01,23390.82000000,5847.71000000
1608782400,0.00,20260628,0,3338,0,0.01,78.60500000,78.09400000
1608802200,0.00,20261001,0,3339,0,0.01,140.49800000,139.61500000
1609163100,0.00,20261002,0,3340,1,0.02,1873.80000000,1900.10000000
1609177538,-880.00,20261001,1,3339,1,0.01,139.61500000,139.61500000
1609185600,-624.00,20261002,1,3340,0,0.02,1876.81000000,1900.10000000
1609235100,0.00,20261001,0,3343,0,0.01,140.02200000,139.47000000
1609279200,-273.00,20261001,1,3343,1,0.01,139.74900000,139.47000000
1609410600,0.00,20261001,0,3345,0,0.01,140.83800000,140.32500000
1609722000,0.00,20260605,0,3346,0,0.01,1.22341000,1.22091000
1609755300,0.00,20261002,0,3347,0,0.01,1927.91000000,1902.51000000
1609756200,0.00,20261000,0,3348,1,0.01,102.82200000,103.31000000
1609756200,0.00,20261001,0,3349,1,0.06,140.64400000,141.29000000
1609773459,-510.00,20261001,1,3345,1,0.01,140.32500000,140.32500000
1609790400,936.00,20261002,1,3347,1,0.01,1936.98000000,1902.51000000
1609797600,-297.00,20261000,1,3348,0,0.01,103.11900000,103.31000000
1609797600,4458.00,20261001,1,3349,0,0.06,139.90100000,141.29000000
1609846200,0.00,20261000,0,3354,1,0.01,102.81200000,103.18500000
1609852500,0.00,20261002,0,3355,0,0.02,1947.60000000,1934.20000000
1609876800,499.00,20261002,1,3355,1,0.02,1950.03000000,1934.20000000
1609884000,166.00,20261000,1,3354,0,0.01,102.64600000,103.18500000
1609926183,1055.00,20260605,1,3346,1,0.01,1.23392000,1.22091000
1609934400,0.00,20261002,0,3359,0,0.02,1957.91000000,1941.20000000
1609944197,-3449.00,20261002,1,3359,1,0.02,1941.11000000,1941.20000000
1609944300,0.00,20261002,0,3361,1,0.01,1930.11000000,1955.21000000
1609963200,2279.00,20261002,1,3361,0,0.01,1907.90000000,1955.21000000
1610012700,0.00,20261000,0,3363,0,0.01,103.37300000,102.93500000
1610015400,0.00,20261001,0,3364,0,0.01,140.62700000,140.04300000
1610022600,0.00,20261002,0,3365,1,0.02,1912.02000000,1927.54000000
1610049600,166.00,20261002,1,3365,0,0.02,1911.22000000,1927.54000000
1610056800,495.00,20261000,1,3363,1,0.01,103.86800000,102.93500000
1610056800,320.00,20261001,1,3364,1,0.01,140.94700000,140.04300000
1610139600,0.00,20260605,0,3369,1,0.01,1.21944000,1.22194000
1610143717,-261.00,20260605,1,3369,0,0.01,1.22195000,1.22194000
1610323500,14743.00,20260724,1,3337,1,0.01,38105.94000000,5847.71000000
1610337600,0.00,20260610,0,3372,0,0.01,104.18000000,103.68000000
1610357400,0.00,20261001,0,3373,1,0.01,140.54100000,141.01700000
1610402400,-344.00,20261001,1,3373,0,0.01,140.88500000,141.01700000
1610449200,0.00,20261001,0,3375,0,0.01,141.26600000,140.71700000
1610452800,0.00,20261002,0,3376,0,0.01,1862.90000000,1841.18000000
1610467588,-2271.00,20261002,1,3376,1,0.01,1841.12000000,1841.18000000
1610488800,574.00,20261001,1,3375,1,0.01,141.84000000,140.71700000
1610496000,-400.00,20260610,1,3372,1,0.01,103.77600000,103.68000000
1610496000,0.00,20260610,0,3380,1,0.01,103.77600000,104.27600000
1610616600,0.00,20261001,0,3381,0,0.01,142.00900000,141.55100000
1610661600,-29.00,20261001,1,3381,1,0.01,141.98000000,141.55100000
1610702100,0.00,20261001,0,3383,1,0.01,141.70900000,142.12500000
1610748000,647.00,20261001,1,3383,0,0.01,141.06200000,142.12500000
1610963100,0.00,20261001,0,3385,1,0.01,140.59400000,141.20400000
1611007200,-295.00,20261001,1,3385,0,0.01,140.88900000,141.20400000
1611134100,0.00,20261001,0,3387,0,0.01,141.83400000,141.48400000
1611141300,0.00,20261002,0,3388,0,0.01,1856.82000000,1839.39000000
1611154950,-1810.00,20261002,1,3388,1,0.01,1839.39000000,1839.39000000
1611162520,-350.00,20261001,1,3387,1,0.01,141.48400000,141.48400000
1611222300,0.00,20261001,0,3391,0,0.01,141.78000000,141.28700000
1611266400,266.00,20261001,1,3391,1,0.01,142.04600000,141.28700000
1611284400,0.00,20260605,0,3393,0,0.01,1.21698000,1.21448000
1611306900,0.00,20261001,0,3394,1,0.01,141.77900000,142.19100000
1611352800,-301.00,20261001,1,3394,0,0.01,142.08000000,142.19100000
1611533100,0.00,20260724,0,3396,0,0.01,31909.68000000,7977.42000000
1611575100,0.00,20261001,0,3397,1,0.06,141.91300000,142.29500000
1611575199,-269.00,20260605,1,3393,1,0.01,1.21447000,1.21448000
1611579600,0.00,20260605,0,3399,0,0.01,1.21582000,1.21332000
1611593240,-260.00,20260605,1,3399,1,0.01,1.21332000,1.21332000
1611594000,0.00,20260605,0,3401,1,0.01,1.21198000,1.21448000
1611602473,-260.00,20260605,1,3401,0,0.01,1.21449000,1.21448000
1611612000,474.00,20261001,1,3397,0,0.06,141.83400000,142.29500000
1611654300,0.00,20261001,0,3404,1,0.01,141.30400000,141.94400000
1611669804,-641.00,20261001,1,3404,0,0.01,141.94500000,141.94400000
1611676800,0.00,20260605,0,3406,0,0.01,1.21576000,1.21326000
1611746059,-270.00,20260605,1,3406,1,0.01,1.21324000,1.21326000
1611752400,0.00,20260605,0,3408,0,0.01,1.21318000,1.21068000
1611758712,-261.00,20260605,1,3408,1,0.01,1.21067000,1.21068000
1611763200,-631.00,20260610,1,3380,0,0.01,103.98900000,104.27600000
1611763200,0.00,20260610,0,3411,0,0.01,103.98900000,103.48900000
1611829800,0.00,20261001,0,3412,1,0.06,142.31600000,142.65200000
1611849341,-2022.00,20261001,1,3412,0,0.06,142.65300000,142.65200000
1611853200,0.00,20260605,0,3414,1,0.01,1.21289000,1.21539000
1611867600,-69.00,20260605,1,3414,0,0.01,1.21355000,1.21539000
1611867600,0.00,20260605,0,3416,0,0.01,1.21355000,1.21105000
1611887534,-269.00,20260605,1,3416,1,0.01,1.21105000,1.21105000
1611916200,0.00,20261000,0,3418,0,0.01,104.63600000,104.16900000
1611957600,106.00,20261000,1,3418,1,0.01,104.74200000,104.16900000
1612174500,0.00,20261002,0,3420,0,0.01,1870.16000000,1848.90000000
1612174500,0.00,20261001,0,3421,0,0.01,143.99300000,143.36300000
1612177200,0.00,20261000,0,3422,0,0.02,104.88000000,104.60000000
1612202105,-630.00,20261001,1,3421,1,0.01,143.36300000,143.36300000
1612209600,-572.00,20261002,1,3420,1,0.01,1864.71000000,1848.90000000
1612216800,112.00,20261000,1,3422,1,0.02,104.93600000,104.60000000
1612257300,0.00,20261002,0,3426,1,0.01,1851.26000000,1863.97000000
1612261800,0.00,20261001,0,3427,0,0.01,143.74000000,143.24900000
1612280164,2003.00,20261002,1,3426,0,0.01,1832.19000000,1863.97000000
1612282475,-492.00,20261001,1,3427,1,0.01,143.24800000,143.24900000
1612283944,1112.00,20260610,1,3411,1,0.01,105.08900000,103.48900000
1612432800,0.00,20261001,0,3431,1,0.01,142.95300000,143.36500000
1612437300,0.00,20261002,0,3432,1,0.01,1813.84000000,1834.62000000
1612447237,-415.00,20261001,1,3431,0,0.01,143.36800000,143.36500000
1612468800,2538.00,20261002,1,3432,0,0.01,1789.69000000,1834.62000000
1612521900,0.00,20261000,0,3435,1,0.02,105.38000000,105.63200000
1612530119,-508.00,20261000,1,3435,0,0.02,105.63400000,105.63200000
1612742700,6445.00,20260724,1,3396,1,0.01,38445.71000000,7977.42000000
1612781100,0.00,20261000,0,3438,0,0.01,105.64100000,105.26900000
1612791900,0.00,20261002,0,3439,0,0.02,1822.30000000,1808.29000000
1612804995,2731.00,20260628,1,3338,1,0.01,81.16000000,78.09400000
1612805304,-376.00,20261000,1,3438,1,0.01,105.26500000,105.26900000
1612814400,2171.00,20261002,1,3439,1,0.02,1832.61000000,1808.29000000
1612843200,0.00,20260627,0,3443,0,0.03,144.64400000,144.05600000
1612862100,0.00,20261000,0,3444,1,0.01,104.77300000,105.25600000
1612862100,0.00,20261001,0,3445,1,0.01,144.35200000,144.65300000
1612870200,0.00,20261002,0,3446,0,0.01,1845.80000000,1828.70000000
1612872935,-1767.00,20260627,1,3443,1,0.03,144.05500000,144.05600000
1612890000,0.00,20260605,0,3448,0,0.01,1.20921000,1.20671000
1612900800,0.00,20260627,0,3449,0,0.03,144.29600000,143.70100000
1612900800,-824.00,20261002,1,3446,1,0.01,1837.92000000,1828.70000000
1612908000,225.00,20261000,1,3444,0,0.01,104.54800000,105.25600000
1612908000,-65.00,20261001,1,3445,0,0.01,144.41700000,144.65300000
1612915200,0.00,20260628,0,3453,0,0.01,80.98900000,80.62500000
1612953900,0.00,20261000,0,3454,1,0.02,104.45500000,104.70500000
1612954800,0.00,20261001,0,3455,0,0.01,144.68800000,144.19500000
1612957699,-504.00,20261000,1,3454,0,0.02,104.70700000,104.70500000
1612994400,129.00,20261001,1,3455,1,0.01,144.81700000,144.19500000
1613124900,0.00,20261000,0,3458,0,0.01,104.94500000,104.68600000
1613128500,0.00,20261001,0,3459,0,0.06,144.87600000,144.48200000
1613167200,21.00,20261000,1,3458,1,0.01,104.96600000,104.68600000
1613167200,2922.00,20261001,1,3459,1,0.06,145.36300000,144.48200000
1613385000,0.00,20261000,0,3462,0,0.01,105.21000000,104.85800000
1613426400,123.00,20261000,1,3462,1,0.01,105.33300000,104.85800000
1613441944,7210.00,20260627,1,3449,1,0.03,146.67800000,143.70100000
1613448000,0.00,20260627,0,3465,0,0.03,147.08600000,146.40000000
1613559087,-331.00,20260605,1,3448,1,0.01,1.20669000,1.20671000
1613643300,0.00,20261001,0,3467,0,0.01,146.98600000,146.53500000
1613667600,0.00,20260605,0,3468,1,0.01,1.20700000,1.20950000
1613685600,697.00,20261001,1,3467,1,0.01,147.68300000,146.53500000
1613690348,-264.00,20260605,1,3468,0,0.01,1.20951000,1.20950000
1613731500,0.00,20261000,0,3471,1,0.01,105.37500000,105.73500000
1613731500,0.00,20261001,0,3472,1,0.01,147.34500000,147.69200000
1613747484,-348.00,20261001,1,3472,0,0.01,147.69300000,147.69200000
1613749020,1866.00,20260628,1,3453,1,0.01,82.81100000,80.62500000
1613772000,-121.00,20261000,1,3471,0,0.01,105.49600000,105.73500000
1613988000,0.00,20261000,0,3476,0,0.01,105.82400000,105.35200000
1613991600,0.00,20260605,0,3477,1,0.01,1.20993000,1.21243000
1613993400,0.00,20261002,0,3478,0,0.01,1797.78000000,1780.61000000
1613997275,-265.00,20260605,1,3477,0,0.01,1.21244000,1.21243000
1613998800,0.00,20260605,0,3480,0,0.01,1.21300000,1.21050000
1614008836,-472.00,20261000,1,3476,1,0.01,105.35200000,105.35200000
1614024000,1188.00,20261002,1,3478,1,0.01,1809.06000000,1780.61000000
1614071700,0.00,20261001,0,3483,0,0.01,147.97100000,147.64700000
1614076200,0.00,20261000,0,3484,0,0.01,105.17900000,104.91400000
1614117600,136.00,20261000,1,3484,1,0.01,105.31500000,104.91400000
1614117600,596.00,20261001,1,3483,1,0.01,148.56700000,147.64700000
1614136998,8323.00,20260627,1,3465,1,0.03,149.83600000,146.40000000
1614163500,0.00,20261000,0,3488,0,0.01,105.66400000,105.15900000
1614182400,0.00,20260640,0,3489,1,0.01,1790.25000000,1810.73000000
1614204000,274.00,20261000,1,3488,1,0.01,105.93800000,105.15900000
1614245400,0.00,20261002,0,3491,1,0.01,1791.82000000,1805.13000000
1614248100,0.00,20261001,0,3492,0,0.01,150.17100000,149.50300000
1614256451,1072.00,20260605,1,3480,1,0.01,1.22350000,1.21050000
1614274540,2118.00,20261002,1,3491,0,0.01,1771.83000000,1805.13000000
1614281736,-670.00,20261001,1,3492,1,0.01,149.50100000,149.50300000
1614344400,0.00,20260605,0,3496,1,0.01,1.21131000,1.21381000
1614358245,4387.00,20260640,1,3489,0,0.01,1749.29000000,1810.73000000
1614358499,-270.00,20260605,1,3496,0,0.01,1.21386000,1.21381000
1614362400,0.00,20260605,0,3499,0,0.01,1.21391000,1.21141000
1614363077,-266.00,20260605,1,3499,1,0.01,1.21140000,1.21141000
1614557100,0.00,20260724,0,3501,0,0.01,45364.28000000,11341.07000000
1614591900,0.00,20261002,0,3502,0,0.01,1758.11000000,1732.78000000
1614612339,-2684.00,20261002,1,3502,1,0.01,1732.78000000,1732.78000000
1614689100,0.00,20261002,0,3504,0,0.02,1730.29000000,1707.15000000
1614715200,0.00,20260605,0,3505,1,0.01,1.20789000,1.21039000
1614715200,1326.00,20261002,1,3504,1,0.02,1736.55000000,1707.15000000
1614758400,0.00,20260622,0,3507,0,0.05,106.87600000,106.50400000
1614763800,0.00,20261001,0,3508,0,0.01,149.38800000,148.72100000
1614764486,-266.00,20260605,1,3505,0,0.01,1.21040000,1.21039000
1614808800,-119.00,20261001,1,3508,1,0.01,149.26900000,148.72100000
1614844800,0.00,20260627,0,3511,0,0.02,149.42200000,148.50700000
1614849300,0.00,20261001,0,3512,0,0.01,149.58200000,149.02900000
1614853800,0.00,20261000,0,3513,0,0.01,107.24500000,106.89300000
1614880351,3757.00,20260622,1,3507,1,0.05,107.62100000,106.50400000
1614883295,1106.00,20261001,1,3512,1,0.01,150.68800000,149.02900000
1614895200,656.00,20261000,1,3513,1,0.01,107.90100000,106.89300000
1614940200,0.00,20261000,0,3517,0,0.01,108.37500000,107.81300000
1614981600,-42.00,20261000,1,3517,1,0.01,108.33300000,107.81300000
1615283100,0.00,20261002,0,3519,0,0.01,1696.89000000,1680.08000000
1615286700,0.00,20261000,0,3520,1,0.02,108.70900000,109.22600000
1615320000,2140.00,20261002,1,3519,1,0.01,1716.61000000,1680.08000000
1615327200,460.00,20261000,1,3520,0,0.02,108.47900000,109.22600000
1615371300,0.00,20261001,0,3523,0,0.01,151.00600000,150.58000000
1615413600,-13.00,20261001,1,3523,1,0.01,150.99300000,150.58000000
1615449600,0.00,20260622,0,3525,0,0.03,108.70800000,108.08400000
1615449600,0.00,20260628,0,3526,0,0.01,84.24600000,83.68200000
1615536000,0.00,20260640,0,3527,1,0.01,1718.03000000,1734.98000000
1615541400,0.00,20261000,0,3528,0,0.01,108.99000000,108.46100000
1615545000,0.00,20261001,0,3529,0,0.01,152.18200000,151.62700000
1615556067,-556.00,20261001,1,3529,1,0.01,151.62600000,151.62700000
1615586400,71.00,20261000,1,3528,1,0.01,109.06100000,108.46100000
1615766700,15370.00,20260724,1,3501,1,0.01,59894.25000000,11341.07000000
1615876354,-1831.00,20260640,1,3527,0,0.01,1735.04000000,1734.98000000
1615886100,0.00,20261001,0,3534,1,0.01,151.14000000,151.74300000
1615932000,-340.00,20261001,1,3534,0,0.01,151.48000000,151.74300000
1615972500,0.00,20261001,0,3536,0,0.01,151.85500000,151.35800000
1616010696,-500.00,20261001,1,3536,1,0.01,151.35500000,151.35800000
1616025600,0.00,20260605,0,3538,0,0.01,1.19812000,1.19562000
1616048055,-272.00,20260605,1,3538,1,0.01,1.19562000,1.19562000
1616058900,0.00,20261001,0,3540,0,0.01,152.36000000,151.60300000
1616060700,0.00,20261000,0,3541,0,0.01,109.24900000,108.61600000
1616102493,-757.00,20261001,1,3540,1,0.01,151.60300000,151.60300000
1616104800,-376.00,20261000,1,3541,1,0.01,108.87300000,108.61600000
1616148900,0.00,20261000,0,3544,1,0.01,108.67000000,109.11700000
1616191200,-230.00,20261000,1,3544,0,0.01,108.90000000,109.11700000
1616382000,0.00,20260605,0,3546,1,0.01,1.18843000,1.19093000
1616415451,-272.00,20260605,1,3546,0,0.01,1.19093000,1.19093000
1616421600,0.00,20260605,0,3548,0,0.01,1.19285000,1.19035000
1616425200,-69.00,20260605,1,3548,1,0.01,1.19222000,1.19035000
1616425200,0.00,20260605,0,3550,1,0.01,1.19222000,1.19472000
1616441736,-272.00,20260605,1,3550,0,0.01,1.19472000,1.19472000
1616482830,-525.00,20260628,1,3526,1,0.01,83.68100000,83.68200000
1616495400,0.00,20261001,0,3553,1,0.01,150.17900000,150.85500000
1616536800,869.00,20261001,1,3553,0,0.01,149.31000000,150.85500000
1616544300,0.00,20260724,0,3555,0,0.01,54893.33000000,13723.33000000
1616578200,0.00,20261001,0,3556,1,0.01,148.58600000,149.39800000
1616604633,-813.00,20261001,1,3556,0,0.01,149.39900000,149.39800000
1616666400,0.00,20261000,0,3558,0,0.01,109.08300000,108.71000000
1616668200,0.00,20261001,0,3559,0,0.01,149.41700000,148.74600000
1616709600,24.00,20261000,1,3558,1,0.01,109.10700000,108.71000000
1616709600,454.00,20261001,1,3559,1,0.01,149.87100000,148.74600000
1616716800,0.00,20260774,0,3562,1,0.01,1.37369000,1.37869000
1616752800,0.00,20261001,0,3563,0,0.01,150.48600000,149.86700000
1616753700,0.00,20261000,0,3564,0,0.01,109.39100000,109.12400000
1616755294,-548.00,20260774,1,3562,0,0.01,1.37870000,1.37869000
1616796000,229.00,20261000,1,3564,1,0.01,109.62000000,109.12400000
1616796000,678.00,20261001,1,3563,1,0.01,151.16400000,149.86700000
1617017400,0.00,20261001,0,3568,0,0.06,151.59000000,150.56600000
1617055200,-2964.00,20261001,1,3568,1,0.06,151.09600000,150.56600000
1617083773,3851.00,20260622,1,3525,1,0.03,109.95700000,108.08400000
1617091200,0.00,20260640,0,3571,1,0.01,1707.73000000,1721.38000000
1617096600,0.00,20261000,0,3572,0,0.01,110.05200000,109.69600000
1617097500,0.00,20261001,0,3573,0,0.01,151.73300000,151.01000000
1617098400,0.00,20261002,0,3574,1,0.01,1702.92000000,1714.28000000
1617118165,1885.00,20261002,1,3574,0,0.01,1685.84000000,1714.28000000
1617118542,3014.00,20260640,1,3571,0,0.01,1680.41000000,1721.38000000
1617141600,291.00,20261000,1,3572,1,0.01,110.34300000,109.69600000
1617141600,-323.00,20261001,1,3573,1,0.01,151.41000000,151.01000000
1617186600,0.00,20261001,0,3579,0,0.01,152.27400000,151.47000000
1617228000,274.00,20261001,1,3579,1,0.01,152.54800000,151.47000000
1617324060,7542.00,20260627,1,3511,1,0.02,153.10400000,148.50700000
1617379200,0.00,20260622,0,3582,0,0.04,110.61900000,110.15700000
1617642142,-1840.00,20260622,1,3582,1,0.04,110.15700000,110.15700000
1617707700,0.00,20261001,0,3584,1,0.06,152.90200000,153.39900000
1617709500,0.00,20261000,0,3585,0,0.01,110.47000000,110.10500000
1617710400,0.00,20260605,0,3586,0,0.01,1.18151000,1.17901000
1617710400,0.00,20260774,0,3587,1,0.01,1.38533000,1.39033000
1617722972,-366.00,20261000,1,3585,1,0.01,110.10400000,110.10500000
1617725881,5964.00,20261001,1,3584,0,0.06,151.90800000,153.39900000
1617753900,3082.00,20260724,1,3555,1,0.01,58128.74000000,13723.33000000
1617786900,0.00,20261001,0,3591,1,0.01,151.39400000,151.95300000
1617795040,-563.00,20261001,1,3591,0,0.01,151.95700000,151.95300000
1617813578,1206.00,20260774,1,3587,0,0.01,1.37433000,1.39033000
1617876900,0.00,20261000,0,3594,1,0.01,109.52800000,109.89600000
1617891300,0.00,20261002,0,3595,0,0.01,1747.68000000,1733.07000000
1617910035,1113.00,20260605,1,3586,1,0.01,1.19202000,1.17901000
1617912000,995.00,20261002,1,3595,1,0.01,1756.79000000,1733.07000000
1617919200,264.00,20261000,1,3594,0,0.01,109.26400000,109.89600000
1617961500,0.00,20261001,0,3599,1,0.01,149.63000000,150.31000000
1617963300,0.00,20261000,0,3600,0,0.01,109.50300000,109.18200000
1617969085,-683.00,20261001,1,3599,0,0.01,150.31300000,150.31000000
1618005600,143.00,20261000,1,3600,1,0.01,109.64600000,109.18200000
1618308000,0.00,20261001,0,3603,0,0.01,150.78200000,150.21300000
1618320634,-570.00,20261001,1,3603,1,0.01,150.21200000,150.21300000
1618393500,0.00,20261001,0,3605,0,0.01,150.18100000,149.57000000
1618437600,-91.00,20261001,1,3605,1,0.01,150.09000000,149.57000000
1618829100,0.00,20261000,0,3607,1,0.01,108.36200000,108.82900000
1618830000,0.00,20261002,0,3608,0,0.01,1787.18000000,1772.99000000
1618831800,0.00,20261001,0,3609,1,0.01,149.99000000,150.56800000
1618841066,-579.00,20261001,1,3609,0,0.01,150.56900000,150.56800000
1618848697,-1534.00,20261002,1,3608,1,0.01,1772.99000000,1772.99000000
1618869600,255.00,20261000,1,3607,0,0.01,108.10700000,108.82900000
1618911900,0.00,20261000,0,3613,0,0.01,108.45800000,107.96400000
1618911900,0.00,20261001,0,3614,0,0.01,151.74900000,151.07200000
1618934400,0.00,20260774,0,3615,0,0.01,1.39590000,1.39090000
1618938136,-678.00,20261001,1,3614,1,0.01,151.07100000,151.07200000
1618956000,-356.00,20261000,1,3613,1,0.01,108.10200000,107.96400000
1618999200,0.00,20261002,0,3618,0,0.01,1788.12000000,1776.12000000
1619002800,0.00,20261000,0,3619,0,0.02,108.23200000,107.86800000
1619002800,0.00,20261001,0,3620,0,0.06,150.83400000,150.30700000
1619019332,-3162.00,20261001,1,3620,1,0.06,150.30700000,150.30700000
1619020456,-545.00,20260774,1,3615,1,0.01,1.39089000,1.39090000
1619035200,290.00,20261002,1,3618,1,0.01,1790.80000000,1776.12000000
1619042400,-286.00,20261000,1,3619,1,0.02,108.08900000,107.86800000
1619086500,0.00,20261000,0,3625,1,0.01,107.83800000,108.13400000
1619087400,0.00,20261001,0,3626,1,0.01,150.28600000,150.63100000
1619092800,0.00,20260610,0,3627,1,0.01,108.03000000,108.53000000
1619104095,-297.00,20261000,1,3625,0,0.01,108.13500000,108.13400000
1619110405,691.00,20261001,1,3626,0,0.01,149.59500000,150.63100000
1619172900,0.00,20261001,0,3630,0,0.01,149.79500000,149.26900000
1619192165,-526.00,20261001,1,3630,1,0.01,149.26900000,149.26900000
1619546172,-591.00,20260610,1,3627,0,0.01,108.53100000,108.53000000
1619604000,0.00,20261000,0,3633,0,0.01,109.06300000,108.56000000
1619611200,0.00,20260610,0,3634,1,0.01,108.91200000,109.41200000
1619613000,0.00,20261002,0,3635,1,0.01,1764.18000000,1776.91000000
1619640000,-1152.00,20261002,1,3635,0,0.01,1774.76000000,1776.91000000
1619647200,-386.00,20261000,1,3633,1,0.01,108.67700000,108.56000000
1619687700,0.00,20261001,0,3638,0,0.01,151.69300000,151.23000000
1619688600,0.00,20261000,0,3639,0,0.01,108.73100000,108.42800000
1619689500,0.00,20261002,0,3640,1,0.02,1779.38000000,1789.85000000
1619715074,3433.00,20261002,1,3640,0,0.02,1763.66000000,1789.85000000
1619733600,130.00,20261000,1,3639,1,0.01,108.86100000,108.42800000
1619733600,149.00,20261001,1,3638,1,0.01,151.84200000,151.23000000
1619776800,0.00,20261001,0,3644,1,0.01,151.57400000,152.09600000
1619812800,-517.00,20260610,1,3634,0,0.01,109.31000000,109.41200000
1619812800,0.00,20260610,0,3646,0,0.01,109.31000000,108.81000000
1619812800,0.00,20260774,0,3647,1,0.01,1.38285000,1.38785000
1619820000,636.00,20261001,1,3644,0,0.01,150.93800000,152.09600000
1620014400,-67.00,20260774,1,3647,0,0.01,1.38343000,1.38785000
1620014400,0.00,20260774,0,3650,0,0.01,1.38343000,1.37843000
1620034200,0.00,20261002,0,3651,0,0.01,1777.03000000,1765.96000000
1620036900,0.00,20261001,0,3652,0,0.01,151.62400000,150.86800000
1620054000,0.00,20260605,0,3653,1,0.01,1.20448000,1.20698000
1620061230,1811.00,20261002,1,3651,1,0.01,1793.64000000,1765.96000000
1620062074,-272.00,20260605,1,3653,0,0.01,1.20698000,1.20698000
1620064800,0.00,20260605,0,3656,0,0.01,1.20742000,1.20492000
1620068400,-179.00,20260605,1,3656,1,0.01,1.20578000,1.20492000
1620068400,0.00,20260605,0,3658,1,0.01,1.20578000,1.20828000
1620079200,156.00,20261001,1,3652,1,0.01,151.78000000,150.86800000
1620123300,0.00,20261000,0,3660,0,0.01,109.43800000,108.98900000
1620134100,0.00,20261002,0,3661,1,0.01,1782.27000000,1793.12000000
1620146978,-1185.00,20261002,1,3661,0,0.01,1793.13000000,1793.12000000
1620165600,-142.00,20261000,1,3660,1,0.01,109.29600000,108.98900000
1620208800,0.00,20261001,0,3664,0,0.01,152.19800000,151.68500000
1620252000,-275.00,20261001,1,3664,1,0.01,151.92300000,151.68500000
1620294300,0.00,20261002,0,3666,0,0.01,1794.44000000,1781.90000000
1620320404,2054.00,20261002,1,3666,1,0.01,1813.25000000,1781.90000000
1620345900,0.00,20260724,0,3668,0,0.01,55995.28000000,13998.82000000
1620381600,0.00,20261001,0,3669,0,0.01,151.84300000,151.36600000
1620382479,-262.00,20260605,1,3658,0,0.01,1.20828000,1.20828000
1620396000,0.00,20260605,0,3671,0,0.01,1.20722000,1.20472000
1620401438,-486.00,20260610,1,3646,1,0.01,108.81000000,108.81000000
1620401545,1174.00,20260774,1,3650,1,0.01,1.39444000,1.37843000
1620402761,-477.00,20261001,1,3669,1,0.01,151.36600000,151.36600000
1620641700,0.00,20261000,0,3675,0,0.01,108.99600000,108.46000000
1620657900,0.00,20261002,0,3676,0,0.01,1841.11000000,1829.84000000
1620664215,1134.00,20260605,1,3671,1,0.01,1.21774000,1.20472000
1620676800,-380.00,20261002,1,3676,1,0.01,1837.62000000,1829.84000000
1620684000,-193.00,20261000,1,3675,1,0.01,108.80300000,108.46000000
1620729900,0.00,20261001,0,3680,0,0.01,153.91800000,153.52400000
1620746248,-394.00,20261001,1,3680,1,0.01,153.52400000,153.52400000
1620770400,0.00,20260605,0,3682,0,0.01,1.21536000,1.21286000
1620798839,-281.00,20260605,1,3682,1,0.01,1.21286000,1.21286000
1620842400,0.00,20260605,0,3684,1,0.01,1.20752000,1.21002000
1620849600,0.00,20260610,0,3685,0,0.01,109.63700000,109.13700000
1620856800,-58.00,20260605,1,3684,0,0.01,1.20805000,1.21002000
1620856800,0.00,20260605,0,3687,0,0.01,1.20805000,1.20555000
1620898200,0.00,20261001,0,3688,1,0.06,153.97600000,154.32600000
1620906599,-300.00,20260605,1,3687,1,0.01,1.20555000,1.20555000
1620910800,0.00,20261002,0,3690,1,0.02,1811.23000000,1822.84000000
1620925359,-2545.00,20261002,1,3690,0,0.02,1822.85000000,1822.84000000
1620943200,1596.00,20261001,1,3688,0,0.06,153.71000000,154.32600000
1620990900,0.00,20261000,0,3693,1,0.02,109.33700000,109.64700000
1621029600,-36.00,20261000,1,3693,0,0.02,109.35500000,109.64700000
1621238400,0.00,20260640,0,3695,0,0.01,1852.93000000,1836.36000000
1621256848,-490.00,20260610,1,3685,1,0.01,109.13700000,109.13700000
1621420200,0.00,20261001,0,3697,0,0.01,154.78200000,154.39300000
1621439724,-389.00,20261001,1,3697,1,0.01,154.39300000,154.39300000
1621442716,3426.00,20260640,1,3695,1,0.01,1886.10000000,1836.36000000
1621454400,0.00,20260640,0,3700,0,0.01,1882.24000000,1861.52000000
1621469100,0.00,20260720,0,3701,0,0.01,38655.51000000,23193.31000000
1621505700,0.00,20261000,0,3702,1,0.01,109.01400000,109.30000000
1621510200,0.00,20261001,0,3703,1,0.01,153.92900000,154.23600000
1621536252,-312.00,20261001,1,3703,0,0.01,154.24100000,154.23600000
1621548000,202.00,20261000,1,3702,0,0.01,108.81200000,109.30000000
1621555500,-17927.00,20260724,1,3668,1,0.01,39961.27000000,13998.82000000
1621593900,0.00,20261001,0,3707,1,0.01,154.10600000,154.47200000
1621595700,0.00,20261000,0,3708,1,0.01,108.63300000,108.89000000
1621601465,-366.00,20261001,1,3707,0,0.01,154.47200000,154.47200000
1621615892,-257.00,20261000,1,3708,0,0.01,108.89000000,108.89000000
1621847700,0.00,20261001,0,3711,1,0.01,153.90900000,154.21600000
1621893600,-127.00,20261001,1,3711,0,0.01,154.03600000,154.21600000
1621935000,0.00,20261001,0,3713,0,0.01,154.27300000,153.81600000
1621938600,0.00,20261000,0,3714,1,0.02,108.57200000,108.85600000
1621947928,-570.00,20261000,1,3714,0,0.02,108.85700000,108.85600000
1621969023,-457.00,20261001,1,3713,1,0.01,153.81600000,153.81600000
1622026800,0.00,20261002,0,3717,0,0.01,1909.40000000,1896.86000000
1622059200,-779.00,20261002,1,3717,1,0.01,1902.24000000,1896.86000000
1622115000,0.00,20261001,0,3719,0,0.06,154.21500000,153.82700000
1622128476,4662.00,20261001,1,3719,1,0.06,154.99200000,153.82700000
1622203200,0.00,20260610,0,3721,0,0.01,109.85500000,109.35500000
1622221200,0.00,20260605,0,3722,1,0.01,1.21637000,1.21887000
1622224537,-275.00,20260605,1,3722,0,0.01,1.21887000,1.21887000
1622456100,0.00,20261001,0,3724,1,0.06,155.56800000,155.90500000
1622483920,-499.00,20260610,1,3721,1,0.01,109.35400000,109.35500000
1622491200,0.00,20260605,0,3726,0,0.01,1.22291000,1.22041000
1622498400,-12.00,20261001,1,3724,0,0.06,155.57000000,155.90500000
1622505600,0.00,20260627,0,3728,0,0.03,155.82000000,155.18000000
1622547000,0.00,20261001,0,3729,1,0.06,155.53100000,155.88100000
1622567614,-1920.00,20260627,1,3728,1,0.03,155.18000000,155.18000000
1622584800,3414.00,20261001,1,3729,0,0.06,154.96200000,155.88100000
1622625300,0.00,20261001,0,3732,0,0.01,155.32300000,154.81100000
1622628937,-291.00,20260605,1,3726,1,0.01,1.22041000,1.22041000
1622631600,0.00,20260605,0,3734,1,0.01,1.21997000,1.22247000
1622633400,0.00,20261000,0,3735,0,0.01,109.80000000,109.39900000
1622660400,-151.00,20260605,1,3734,0,0.01,1.22135000,1.22247000
1622660400,0.00,20260605,0,3737,0,0.01,1.22135000,1.21885000
1622671200,-241.00,20261000,1,3735,1,0.01,109.55900000,109.39900000
1622671200,-99.00,20261001,1,3732,1,0.01,155.22400000,154.81100000
1622711700,0.00,20261002,0,3740,1,0.01,1898.58000000,1909.52000000
1622712625,-301.00,20260605,1,3737,1,0.01,1.21884000,1.21885000
1622718000,0.00,20261000,0,3742,0,0.01,109.84100000,109.45400000
1622718900,0.00,20261001,0,3743,0,0.01,155.57500000,155.10700000
1622736038,1806.00,20261002,1,3740,0,0.01,1882.15000000,1909.52000000
1622757600,460.00,20261000,1,3742,1,0.01,110.30100000,109.45400000
1622757600,-97.00,20261001,1,3743,1,0.01,155.47800000,155.10700000
1622782573,-4047.00,20260640,1,3700,1,0.01,1861.43000000,1861.52000000
1623057300,0.00,20261001,0,3748,1,0.01,154.66200000,155.26500000
1623103200,-319.00,20261001,1,3748,0,0.01,154.98100000,155.26500000
1623171600,0.00,20260605,0,3750,1,0.01,1.21821000,1.22071000
1623254400,-146.00,20260605,1,3750,0,0.01,1.21955000,1.22071000
1623254400,0.00,20260605,0,3752,0,0.01,1.21955000,1.21705000
1623261600,-116.00,20260605,1,3752,1,0.01,1.21850000,1.21705000
1623261600,0.00,20260605,0,3754,1,0.01,1.21850000,1.22100000
1623411000,0.00,20261000,0,3755,0,0.01,109.57200000,109.20300000
1623448800,128.00,20261000,1,3755,1,0.01,109.70000000,109.20300000
1623666600,0.00,20261002,0,3757,1,0.01,1857.46000000,1877.70000000
1623669300,0.00,20261001,0,3758,1,0.06,154.47600000,154.93900000
1623686542,-2778.00,20261001,1,3758,0,0.06,154.93900000,154.93900000
1623700800,-754.00,20261002,1,3757,0,0.01,1864.33000000,1877.70000000
1623748500,0.00,20261001,0,3761,0,0.01,155.46700000,155.10900000
1623758279,-359.00,20261001,1,3761,1,0.01,155.10800000,155.10900000
1623877224,1169.00,20260605,1,3754,0,0.01,1.20796000,1.22100000
1623880800,0.00,20260605,0,3764,1,0.01,1.20169000,1.20419000
1623888300,-1088.00,20260720,1,3701,1,0.01,38538.27000000,23193.31000000
1623926700,0.00,20261002,0,3766,1,0.02,1805.61000000,1825.12000000
1623926700,0.00,20261001,0,3767,1,0.06,154.56800000,155.00700000
1623943481,6437.00,20261002,1,3766,0,0.02,1776.27000000,1825.12000000
1623953500,5268.00,20261001,1,3767,0,0.06,153.69000000,155.00700000
1623955403,1157.00,20260605,1,3764,0,0.01,1.19119000,1.20419000
1624008600,0.00,20261001,0,3771,1,0.01,152.81500000,153.76200000
1624046400,0.00,20260774,0,3772,1,0.01,1.38171000,1.38671000
1624053600,590.00,20261001,1,3771,0,0.01,152.22500000,153.76200000
1624278473,-555.00,20260774,1,3772,0,0.01,1.38673000,1.38671000
1624320330,0.00,20260720,0,3775,0,0.01,32500.14000000,19500.08000000
1624360500,0.00,20261001,0,3776,1,0.01,153.25800000,153.75800000
1624375141,-500.00,20261001,1,3776,0,0.01,153.75800000,153.75800000
1624439700,0.00,20261001,0,3778,0,0.01,154.54400000,154.15400000
1624485600,390.00,20261001,1,3778,1,0.01,154.93400000,154.15400000
1624618800,0.00,20261000,0,3780,1,0.01,110.74500000,110.97700000
1624658400,-101.00,20261000,1,3780,0,0.01,110.84600000,110.97700000
1624874400,0.00,20261001,0,3782,0,0.06,154.13900000,153.57500000
1624903119,-3390.00,20261001,1,3782,1,0.06,153.57400000,153.57500000
1624964400,0.00,20261000,0,3784,0,0.02,110.70200000,110.44500000
1624987452,-514.00,20261000,1,3784,1,0.02,110.44500000,110.44500000
1625072400,0.00,20260605,0,3786,1,0.01,1.18732000,1.18982000
1625483700,0.00,20261000,0,3787,1,0.02,110.85300000,111.18300000
1625522400,-112.00,20261000,1,3787,0,0.02,110.90900000,111.18300000
1625562900,0.00,20261002,0,3789,0,0.01,1806.09000000,1790.60000000
1625563800,0.00,20261001,0,3790,0,0.01,153.98600000,153.49800000
1625570244,-489.00,20261001,1,3790,1,0.01,153.49700000,153.49800000
1625599180,-1720.00,20261002,1,3789,1,0.01,1790.58000000,1790.60000000
1625650200,0.00,20261001,0,3793,0,0.01,152.92200000,152.32000000
1625652900,0.00,20261000,0,3794,0,0.02,110.74400000,110.38900000
1625679290,-602.00,20261001,1,3793,1,0.01,152.32000000,152.32000000
1625695200,-260.00,20261000,1,3794,1,0.02,110.61400000,110.38900000
1625736600,0.00,20261001,0,3797,1,0.01,151.92000000,152.88100000
1625739300,0.00,20261000,0,3798,1,0.01,110.03300000,110.66900000
1625742000,0.00,20261002,0,3799,0,0.02,1807.60000000,1796.13000000
1625768130,-2534.00,20261002,1,3799,1,0.02,1796.05000000,1796.13000000
1625781600,220.00,20261000,1,3798,0,0.01,109.81300000,110.66900000
1625781600,654.00,20261001,1,3797,0,0.01,151.26600000,152.88100000
1625831100,0.00,20261001,0,3803,0,0.01,151.75100000,151.07500000
1625868000,1237.00,20261001,1,3803,1,0.01,152.98800000,151.07500000
1626086700,0.00,20261001,0,3805,1,0.01,152.74900000,153.24200000
1626109610,-493.00,20261001,1,3805,0,0.01,153.24200000,153.24200000
1626171300,0.00,20261001,0,3807,1,0.06,153.06700000,153.47100000
1626174000,252.00,20260605,1,3786,0,0.01,1.18524000,1.18982000
1626174000,0.00,20260605,0,3809,0,0.01,1.18524000,1.18274000
1626181200,-117.00,20260605,1,3809,1,0.01,1.18417000,1.18274000
1626181200,0.00,20260605,0,3811,1,0.01,1.18417000,1.18667000
1626213600,1206.00,20261001,1,3807,0,0.06,152.86600000,153.47100000
1626269400,0.00,20261002,0,3813,0,0.01,1815.11000000,1804.37000000
1626292800,727.00,20261002,1,3813,1,0.01,1821.73000000,1804.37000000
1626340500,0.00,20261000,0,3815,1,0.01,109.75200000,110.01900000
1626345000,0.00,20261001,0,3816,1,0.01,151.71500000,152.47200000
1626350400,-84.00,20260605,1,3811,0,0.01,1.18500000,1.18667000
1626350400,0.00,20260605,0,3818,0,0.01,1.18500000,1.18250000
1626354218,-757.00,20261001,1,3816,0,0.01,152.47200000,152.47200000
1626356703,-275.00,20260605,1,3818,1,0.01,1.18250000,1.18250000
1626357600,0.00,20260605,0,3821,1,0.01,1.18169000,1.18419000
1626358767,-267.00,20261000,1,3815,0,0.01,110.01900000,110.01900000
1626432300,0.00,20261000,0,3823,0,0.01,110.18200000,109.72700000
1626434100,0.00,20261001,0,3824,0,0.01,152.32700000,151.73600000
1626456266,-591.00,20261001,1,3824,1,0.01,151.73600000,151.73600000
1626472800,-116.00,20261000,1,3823,1,0.01,110.06600000,109.72700000
1626667200,0.00,20260610,0,3827,1,0.01,109.85800000,110.35800000
1626689700,0.00,20261001,0,3828,1,0.01,150.95600000,151.56200000
1626695100,0.00,20261000,0,3829,1,0.01,109.73400000,110.09000000
1626711460,1213.00,20261001,1,3828,0,0.01,149.74300000,151.56200000
1626732000,255.00,20261000,1,3829,0,0.01,109.47900000,110.09000000
1626739200,643055.00,20260650,1,2879,1,0.73,80.30200000,0.00000000
1626739530,-2892.00,20260720,1,3775,1,0.01,30739.57000000,19500.08000000
1626774300,0.00,20261001,0,3834,1,0.01,149.37200000,149.96100000
1626777900,0.00,20261000,0,3835,0,0.01,109.70300000,109.35600000
1626780674,-590.00,20261001,1,3834,0,0.01,149.96200000,149.96100000
1626787408,-350.00,20261000,1,3835,1,0.01,109.35300000,109.35600000
1626825900,0.00,20260720,0,3838,0,0.01,29939.89000000,17963.93000000
1626858900,0.00,20261001,0,3839,1,0.01,149.36700000,149.95100000
1626864300,0.00,20261000,0,3840,0,0.01,110.09700000,109.77400000
1626864516,-584.00,20261001,1,3839,0,0.01,149.95100000,149.95100000
1626867000,0.00,20261001,0,3842,0,0.06,150.04800000,149.47200000
1626885158,-561.00,20260610,1,3827,0,0.01,110.35900000,110.35800000
1626897600,0.00,20260610,0,3844,0,0.01,110.31400000,109.81400000
1626897992,6912.00,20261001,1,3842,1,0.06,151.20000000,149.47200000
1626904800,163.00,20261000,1,3840,1,0.01,110.26000000,109.77400000
1626948000,0.00,20261001,0,3847,0,0.06,151.29300000,150.72300000
1626991200,2442.00,20261001,1,3847,1,0.06,151.70000000,150.72300000
1627037100,0.00,20261000,0,3849,0,0.01,110.39100000,110.03500000
1627077600,158.00,20261000,1,3849,1,0.01,110.54900000,110.03500000
1627292700,0.00,20261001,0,3851,1,0.01,151.55600000,152.14400000
1627295400,0.00,20261002,0,3852,0,0.01,1810.75000000,1798.30000000
1627295400,0.00,20261000,0,3853,1,0.01,110.13400000,110.57600000
1627300800,0.00,20260628,0,3854,1,0.01,80.95500000,81.50400000
1627302387,-591.00,20261001,1,3851,0,0.01,152.14700000,152.14400000
1627318800,134.00,20260605,1,3821,0,0.01,1.18063000,1.18419000
1627318800,0.00,20260605,0,3857,0,0.01,1.18063000,1.17813000
1627319130,-1376.00,20261002,1,3852,1,0.01,1798.28000000,1798.30000000
1627322258,-549.00,20260628,1,3854,0,0.01,81.50400000,81.50400000
1627336800,-254.00,20261000,1,3853,0,0.01,110.38800000,110.57600000
1627380000,-217.00,20260605,1,3857,1,0.01,1.17874000,1.17813000
1627380000,0.00,20260605,0,3862,1,0.01,1.17874000,1.18124000
1627381800,0.00,20261000,0,3863,1,0.01,110.07200000,110.38400000
1627387200,0.00,20260628,0,3864,1,0.01,80.88800000,81.41900000
1627399107,-275.00,20260605,1,3862,0,0.01,1.18124000,1.18124000
1627408753,-489.00,20260610,1,3844,1,0.01,109.81300000,109.81400000
1627423200,0.00,20260605,0,3867,0,0.01,1.18235000,1.17985000
1627423200,348.00,20261000,1,3863,0,0.01,109.72400000,110.38400000
1627470900,0.00,20261000,0,3869,0,0.01,109.99000000,109.65500000
1627485975,-284.00,20260605,1,3867,1,0.01,1.17985000,1.17985000
1627495200,0.00,20260605,0,3871,0,0.01,1.18006000,1.17756000
1627506040,-279.00,20260605,1,3871,1,0.01,1.17753000,1.17756000
1627509600,-20.00,20261000,1,3869,1,0.01,109.97000000,109.65500000
1627550100,0.00,20261001,0,3874,0,0.01,152.98600000,152.49800000
1627554600,0.00,20261002,0,3875,0,0.01,1819.54000000,1806.63000000
1627588800,0.00,20260610,0,3876,1,0.01,109.51900000,110.01900000
1627588800,1267.00,20261002,1,3875,1,0.01,1831.06000000,1806.63000000
1627596000,-78.00,20261001,1,3874,1,0.01,152.90800000,152.49800000
1627603500,10267.00,20260720,1,3838,1,0.01,39627.44000000,17963.93000000
1627904700,0.00,20261002,0,3880,1,0.01,1807.07000000,1816.76000000
1627926613,-1059.00,20261002,1,3880,0,0.01,1816.76000000,1816.76000000
1628068500,0.00,20261001,0,3882,0,0.01,151.98100000,151.51500000
1628076600,0.00,20261000,0,3883,0,0.01,109.20900000,108.91800000
1628090130,-293.00,20261000,1,3883,1,0.01,108.91600000,108.91800000
1628090314,-466.00,20261001,1,3882,1,0.01,151.51500000,151.51500000
1628157600,0.00,20261001,0,3886,0,0.01,152.42100000,151.94800000
1628164800,0.00,20260774,0,3887,0,0.01,1.39165000,1.38665000
1628200800,467.00,20261001,1,3886,1,0.01,152.88800000,151.94800000
1628263836,-741.00,20260610,1,3876,0,0.01,110.02100000,110.01900000
1628269200,0.00,20260605,0,3890,1,0.01,1.17738000,1.17988000
1628272383,-556.00,20260774,1,3887,1,0.01,1.38663000,1.38665000
1628496000,0.00,20260774,0,3892,0,0.01,1.38713000,1.38213000
1628507700,0.00,20261001,0,3893,1,0.01,152.66900000,153.08000000
1628546400,-127.00,20261001,1,3893,0,0.01,152.79600000,153.08000000
1628553900,0.00,20260724,0,3895,0,0.01,45673.04000000,11418.26000000
1628594100,0.00,20261000,0,3896,0,0.01,110.47600000,110.20900000
1628625600,-444.00,20260774,1,3892,1,0.01,1.38315000,1.38213000
1628625600,0.00,20260774,0,3898,1,0.01,1.38315000,1.38815000
1628632800,93.00,20261000,1,3896,1,0.01,110.56900000,110.20900000
1628674200,0.00,20261000,0,3900,0,0.01,110.75400000,110.46400000
1628690400,0.00,20261002,0,3901,0,0.01,1737.52000000,1723.99000000
1628695836,-291.00,20261000,1,3900,1,0.01,110.46300000,110.46400000
1628695996,-786.00,20260628,1,3864,0,0.01,81.41900000,81.41900000
1628712000,1358.00,20261002,1,3901,1,0.01,1749.81000000,1723.99000000
1628712042,-563.00,20260774,1,3898,0,0.01,1.38820000,1.38815000
1628841600,0.00,20260610,0,3906,0,0.01,110.42000000,109.92000000
1628874651,-500.00,20260610,1,3906,1,0.01,109.92000000,109.92000000
1628878384,-262.00,20260605,1,3890,0,0.01,1.17988000,1.17988000
1628884800,0.00,20260610,0,3909,1,0.01,109.66300000,110.16300000
1629100800,0.00,20260774,0,3910,0,0.01,1.38567000,1.38067000
1629108000,0.00,20261001,0,3911,1,0.01,151.37000000,152.19300000
1629151200,202.00,20261001,1,3911,0,0.01,151.16800000,152.19300000
1629192600,0.00,20261001,0,3913,1,0.01,150.96400000,151.32500000
1629193222,-551.00,20260774,1,3910,1,0.01,1.38067000,1.38067000
1629237600,453.00,20261001,1,3913,0,0.01,150.51100000,151.32500000
1629350431,-679.00,20260610,1,3909,0,0.01,110.16300000,110.16300000
1629365400,0.00,20261001,0,3917,1,0.06,150.70100000,151.20000000
1629372600,0.00,20261000,0,3918,1,0.02,109.63900000,110.22100000
1629374735,5988.00,20261001,1,3917,0,0.06,149.70300000,151.20000000
1629410400,-318.00,20261000,1,3918,0,0.02,109.79800000,110.22100000
1629455400,0.00,20261001,0,3921,1,0.01,149.19000000,149.86700000
1629496800,-409.00,20261001,1,3921,0,0.01,149.59900000,149.86700000
1629710100,0.00,20261001,0,3923,0,0.01,150.18500000,149.33400000
1629720000,0.00,20260605,0,3924,0,0.01,1.17320000,1.17070000
1629723600,-94.00,20260605,1,3924,1,0.01,1.17234000,1.17070000
1629723600,0.00,20260605,0,3926,1,0.01,1.17234000,1.17484000
1629727200,0.00,20261002,0,3927,0,0.01,1790.58000000,1776.39000000
1629748800,1367.00,20261002,1,3927,1,0.01,1803.03000000,1776.39000000
1629753938,-274.00,20260605,1,3926,0,0.01,1.17484000,1.17484000
1629756000,396.00,20261001,1,3923,1,0.01,150.58100000,149.33400000
1629763500,3763.00,20260724,1,3895,1,0.01,49537.70000000,11418.26000000
1629804600,0.00,20261001,0,3932,1,0.06,150.32900000,150.95700000
1629842400,-1800.00,20261001,1,3932,0,0.06,150.62900000,150.95700000
1629891000,0.00,20261001,0,3934,0,0.01,150.91500000,150.39700000
1629928800,430.00,20261001,1,3934,1,0.01,151.34500000,150.39700000
1629973800,0.00,20261000,0,3936,0,0.01,110.17200000,109.91900000
1629974700,0.00,20261001,0,3937,0,0.06,151.54900000,151.13200000
1629979200,0.00,20260610,0,3938,0,0.01,110.18800000,109.68800000
1629991403,-2508.00,20261001,1,3937,1,0.06,151.13100000,151.13200000
1630015200,-148.00,20261000,1,3936,1,0.01,110.02400000,109.91900000
1630060200,0.00,20261001,0,3941,0,0.06,150.95000000,150.44600000
1630063800,0.00,20261000,0,3942,0,0.02,110.14900000,109.87700000
1630084526,-546.00,20261000,1,3942,1,0.02,109.87600000,109.87700000
1630101600,1458.00,20261001,1,3941,1,0.06,151.19300000,150.44600000
1630401300,0.00,20261001,0,3945,0,0.01,151.56200000,151.10600000
1630424104,-496.00,20260610,1,3938,1,0.01,109.68600000,109.68800000
1630424306,-456.00,20261001,1,3945,1,0.01,151.10600000,151.10600000
1630483200,0.00,20260610,0,3948,0,0.01,110.24100000,109.74100000
1630493100,0.00,20261000,0,3949,0,0.01,110.39500000,109.96100000
1630513336,-435.00,20261000,1,3949,1,0.01,109.96000000,109.96100000
1630579500,0.00,20261001,0,3951,0,0.01,151.75700000,151.32400000
1630612800,0.00,20260774,0,3952,0,0.01,1.38333000,1.37833000
1630620000,417.00,20261001,1,3951,1,0.01,152.17400000,151.32400000
1630641600,-355.00,20260610,1,3948,1,0.01,109.87800000,109.74100000
1630641600,0.00,20260610,0,3955,1,0.01,109.87800000,110.37800000
1630924200,0.00,20261000,0,3956,0,0.01,109.92100000,109.62700000
1630965600,-87.00,20261000,1,3956,1,0.01,109.83400000,109.62700000
1631007900,0.00,20261000,0,3958,0,0.01,109.93800000,109.67700000
1631013300,0.00,20261002,0,3959,1,0.01,1814.85000000,1827.16000000
1631023775,-563.00,20260774,1,3952,1,0.01,1.37832000,1.37833000
1631035684,2037.00,20261002,1,3959,0,0.01,1796.37000000,1827.16000000
1631044800,-405.00,20260610,1,3955,0,0.01,110.22300000,110.37800000
1631044800,0.00,20260610,0,3963,0,0.01,110.22300000,109.72300000
1631052000,343.00,20261000,1,3958,1,0.01,110.28100000,109.67700000
1631182500,0.00,20261000,0,3965,1,0.01,110.00800000,110.27100000
1631184300,0.00,20261001,0,3966,1,0.01,151.44900000,151.90100000
1631190619,-453.00,20261001,1,3966,0,0.01,151.90200000,151.90100000
1631206800,0.00,20260629,0,3968,0,0.01,1.18162000,0.00000000
1631206800,0.00,20260629,0,3969,1,0.01,1.38391000,0.00000000
1631216539,-492.00,20260610,1,3963,1,0.01,109.72300000,109.72300000
1631217600,0.00,20260605,0,3971,1,0.01,1.18309000,1.18559000
1631224800,314.00,20261000,1,3965,0,0.01,109.69400000,110.27100000
1631268000,0.00,20261001,0,3973,0,0.01,152.37700000,151.71200000
1631269800,0.00,20261000,0,3974,0,0.01,109.97800000,109.64400000
1631311200,-85.00,20261000,1,3974,1,0.01,109.89300000,109.64400000
1631311200,-227.00,20261001,1,3973,1,0.01,152.15000000,151.71200000
1631525400,0.00,20261000,0,3977,0,0.01,110.10300000,109.81200000
1631570400,-97.00,20261000,1,3977,1,0.01,110.00600000,109.81200000
1631614500,0.00,20261001,0,3979,0,0.01,152.55600000,152.07000000
1631640846,-486.00,20261001,1,3979,1,0.01,152.07000000,152.07000000
1631664000,0.00,20260774,0,3981,1,0.01,1.38058000,1.38558000
1631698200,0.00,20261000,0,3982,1,0.01,109.49400000,109.73600000
1631743200,93.00,20261000,1,3982,0,0.01,109.40100000,109.73600000
1631787300,0.00,20261002,0,3984,1,0.01,1783.78000000,1796.07000000
1631806239,2020.00,20261002,1,3984,0,0.01,1765.31000000,1796.07000000
1631879100,0.00,20261000,0,3986,0,0.01,109.97400000,109.66000000
1631879100,0.00,20261001,0,3987,0,0.01,151.85900000,151.15400000
1631880000,0.00,20260610,0,3988,0,0.01,109.98500000,109.48500000
1631901036,-706.00,20261001,1,3987,1,0.01,151.15300000,151.15400000
1631908684,1171.00,20260605,1,3971,0,0.01,1.17258000,1.18559000
1631916000,-60.00,20261000,1,3986,1,0.01,109.91400000,109.66000000
1632129300,0.00,20261001,0,3992,1,0.01,150.53200000,151.11900000
1632130880,1186.00,20260774,1,3981,0,0.01,1.36958000,1.38558000
1632132000,1586.00,20260629,1,3969,0,0.01,1.36910000,0.00000000
1632132000,-1205.00,20260629,1,3968,1,0.01,1.17138000,0.00000000
1632132900,0.00,20261000,0,3996,1,0.01,109.75600000,110.03000000
1632138300,0.00,20261002,0,3997,0,0.02,1756.61000000,1742.15000000
1632146220,-498.00,20260610,1,3988,1,0.01,109.48500000,109.48500000
1632167440,1178.00,20261001,1,3992,0,0.01,149.35400000,151.11900000
1632168000,1063.00,20261002,1,3997,1,0.02,1761.47000000,1742.15000000
1632175200,382.00,20261000,1,3996,0,0.01,109.37400000,110.03000000
1632219300,0.00,20261001,0,4002,0,0.01,149.93900000,149.27900000
1632220200,0.00,20261000,0,4003,0,0.01,109.69100000,109.32700000
1632237280,-364.00,20261000,1,4003,1,0.01,109.32700000,109.32700000
1632240997,-661.00,20261001,1,4002,1,0.01,149.27800000,149.27900000
1632390300,0.00,20261001,0,4006,0,0.01,150.01100000,149.34300000
1632398400,0.00,20260610,0,4007,0,0.01,109.95100000,109.45100000
1632417264,1337.00,20261001,1,4006,1,0.01,151.34800000,149.34300000
1632476700,0.00,20261000,0,4009,0,0.01,110.55100000,110.20700000
1632476700,0.00,20261001,0,4010,0,0.01,151.71500000,151.21600000
1632481837,-501.00,20261001,1,4010,1,0.01,151.21400000,151.21600000
1632482100,0.00,20261001,0,4012,1,0.06,151.16100000,151.63700000
1632520800,234.00,20261000,1,4009,1,0.01,110.78500000,110.20700000
1632520800,-1212.00,20261001,1,4012,0,0.06,151.36300000,151.63700000
1632739500,0.00,20261001,0,4015,0,0.01,151.58000000,151.10700000
1632742200,0.00,20261000,0,4016,0,0.02,110.88100000,110.52800000
1632754654,1104.00,20260610,1,4007,1,0.01,111.05100000,109.45100000
1632758400,0.00,20260610,0,4018,0,0.01,110.87700000,110.37700000
1632780000,250.00,20261000,1,4016,1,0.02,111.00600000,110.52800000
1632780000,587.00,20261001,1,4015,1,0.01,152.16700000,151.10700000
1632821400,0.00,20261000,0,4021,0,0.01,111.31600000,110.92500000
1632866400,272.00,20261000,1,4021,1,0.01,111.58800000,110.92500000
1632910500,0.00,20261001,0,4023,1,0.06,150.49100000,151.17900000
1632915000,0.00,20261000,0,4024,1,0.02,111.21600000,111.67500000
1632935498,-920.00,20261000,1,4024,0,0.02,111.67600000,111.67500000
1632946409,1105.00,20260610,1,4018,1,0.01,111.97800000,110.37700000
1632952800,162.00,20261001,1,4023,0,0.06,150.46400000,151.17900000
1633081500,0.00,20261001,0,4028,1,0.01,149.46200000,150.16300000
1633094199,-703.00,20261001,1,4028,0,0.01,150.16500000,150.16300000
1633342500,0.00,20261001,0,4030,0,0.01,150.70800000,150.17200000
1633347000,0.00,20261000,0,4031,0,0.01,111.18800000,110.87200000
1633369146,-316.00,20261000,1,4031,1,0.01,110.87200000,110.87200000
1633384800,259.00,20261001,1,4030,1,0.01,150.96700000,150.17200000
1633392300,0.00,20260724,0,4034,0,0.01,49180.33000000,12295.08000000
1633428000,0.00,20261001,0,4035,0,0.01,151.21100000,150.73200000
1633442400,0.00,20261002,0,4036,1,0.01,1754.22000000,1770.07000000
1633464000,-654.00,20261002,1,4036,0,0.01,1760.12000000,1770.07000000
1633471200,723.00,20261001,1,4035,1,0.01,151.93400000,150.73200000
1633945500,0.00,20261001,0,4039,0,0.01,154.06000000,152.67100000
1633947300,0.00,20261000,0,4040,0,0.01,112.82700000,112.11100000
1633989600,500.00,20261000,1,4040,1,0.01,113.32700000,112.11100000
1633989600,163.00,20261001,1,4039,1,0.01,154.22300000,152.67100000
1633996800,0.00,20260650,0,4043,0,1.12,83.38000000,0.00000000
1634032800,0.00,20261000,0,4044,1,0.02,113.06900000,113.48000000
1634049000,0.00,20261002,0,4045,0,0.01,1763.92000000,1750.66000000
1634052325,-826.00,20261000,1,4044,0,0.02,113.48200000,113.48000000
1634068800,-372.00,20261002,1,4045,1,0.01,1760.64000000,1750.66000000
1634120100,0.00,20261001,0,4048,0,0.01,154.59400000,154.09900000
1634158800,0.00,20260605,0,4049,0,0.01,1.15902000,1.15652000
1634162400,32.00,20261001,1,4048,1,0.01,154.62600000,154.09900000
1634203800,0.00,20261001,0,4051,0,0.01,155.33400000,154.58000000
1634241600,0.00,20260628,0,4052,0,0.01,84.25100000,83.65800000
1634248800,209.00,20261001,1,4051,1,0.01,155.54300000,154.58000000
1634270400,0.00,20260622,0,4054,0,0.04,113.89400000,113.42000000
1634292000,0.00,20261001,0,4055,0,0.01,156.23000000,155.34200000
1634335200,842.00,20261001,1,4055,1,0.01,157.07200000,155.34200000
1634558400,0.00,20260774,0,4057,0,0.01,1.37206000,1.36706000
1634601900,13182.00,20260724,1,4034,1,0.01,61148.44000000,12295.08000000
1634636700,0.00,20261000,0,4059,1,0.01,113.99900000,114.34600000
1634639400,0.00,20261002,0,4060,0,0.01,1779.59000000,1762.79000000
1634653682,1253.00,20260774,1,4057,1,0.01,1.38307000,1.36706000
1634673600,-1164.00,20261002,1,4060,1,0.01,1769.41000000,1762.79000000
1634680800,-302.00,20261000,1,4059,0,0.01,114.30100000,114.34600000
1634724900,0.00,20261001,0,4064,1,0.06,157.61100000,158.20300000
1634730300,0.00,20261002,0,4065,0,0.01,1779.15000000,1766.76000000
1634760000,837.00,20261002,1,4065,1,0.01,1786.49000000,1766.76000000
1634767200,-2142.00,20261001,1,4064,0,0.06,157.96800000,158.20300000
1634809500,0.00,20261001,0,4068,1,0.01,157.23000000,158.18700000
1634853600,177.00,20261001,1,4068,0,0.01,157.05300000,158.18700000
1634900400,0.00,20261001,0,4070,1,0.06,156.89200000,157.64900000
1634939822,-1839.00,20260622,1,4054,1,0.04,113.42000000,113.42000000
1634940000,5028.00,20261001,1,4070,0,0.06,156.05400000,157.64900000
1635163200,0.00,20261002,0,4073,0,0.01,1803.42000000,1792.13000000
1635192000,384.00,20261002,1,4073,1,0.01,1806.81000000,1792.13000000
1635241500,0.00,20261001,0,4075,0,0.01,156.88600000,156.44800000
1635245100,0.00,20261000,0,4076,0,0.01,114.06400000,113.66500000
1635264000,0.00,20260622,0,4077,0,0.04,114.14300000,113.65000000
1635274800,-127.00,20260605,1,4049,1,0.01,1.15893000,1.15652000
1635274800,0.00,20260605,0,4079,1,0.01,1.15893000,1.16143000
1635285600,90.00,20261000,1,4076,1,0.01,114.15400000,113.66500000
1635285600,250.00,20261001,1,4075,1,0.01,157.13600000,156.44800000
1635330600,0.00,20261001,0,4082,1,0.01,156.69000000,157.25400000
1635331500,0.00,20261000,0,4083,1,0.01,113.79000000,114.21200000
1635335663,-1972.00,20260622,1,4077,1,0.04,113.64800000,113.65000000
1635347377,-282.00,20260605,1,4079,0,0.01,1.16143000,1.16143000
1635350400,0.00,20260774,0,4086,0,0.01,1.37394000,1.36894000
1635354000,0.00,20260605,0,4087,1,0.01,1.16168000,1.16418000
1635372000,16.00,20261000,1,4083,0,0.01,113.77400000,114.21200000
1635372000,290.00,20261001,1,4082,0,0.01,156.40000000,157.25400000
1635417900,0.00,20261001,0,4090,0,0.06,156.48700000,155.96600000
1635434541,-3126.00,20261001,1,4090,1,0.06,155.96600000,155.96600000
1635436800,-159.00,20260605,1,4087,0,0.01,1.16312000,1.16418000
1635436800,0.00,20260605,0,4093,0,0.01,1.16312000,1.16062000
1635527008,-295.00,20260605,1,4093,1,0.01,1.16061000,1.16062000
1635532035,-588.00,20260774,1,4086,1,0.01,1.36892000,1.36894000
1635534000,0.00,20260605,0,4096,1,0.01,1.15488000,1.15738000
1635760800,0.00,20261000,0,4097,0,0.01,114.42900000,114.01800000
1635763706,-284.00,20260605,1,4096,0,0.01,1.15738000,1.15738000
1635797222,-412.00,20261000,1,4097,1,0.01,114.01700000,114.01800000
1635850800,0.00,20261000,0,4100,1,0.01,113.49900000,114.12700000
1635850800,0.00,20261001,0,4101,1,0.01,154.73000000,155.87600000
1635890400,-463.00,20261000,1,4100,0,0.01,113.96200000,114.12700000
1635890400,-444.00,20261001,1,4101,0,0.01,155.17400000,155.87600000
1635950700,0.00,20261002,0,4104,1,0.01,1776.10000000,1787.51000000
1635969600,1229.00,20261002,1,4104,0,0.01,1765.31000000,1787.51000000
1636020900,0.00,20261001,0,4106,1,0.01,155.77900000,156.23300000
1636034426,910.00,20261001,1,4106,0,0.01,154.86900000,156.23300000
1636109100,0.00,20261001,0,4108,1,0.01,153.08000000,153.76700000
1636149600,143.00,20261001,1,4108,0,0.01,152.93700000,153.76700000
1636433220,-497.00,20260628,1,4052,1,0.01,83.65800000,83.65800000
1636455600,0.00,20260605,0,4111,0,0.01,1.15905000,1.15655000
1636466400,-129.00,20260605,1,4111,1,0.01,1.15792000,1.15655000
1636466400,0.00,20260605,0,4113,1,0.01,1.15792000,1.16042000
1636476329,-285.00,20260605,1,4113,0,0.01,1.16042000,1.16042000
1636624800,0.00,20261002,0,4115,0,0.01,1857.15000000,1842.76000000
1636660800,573.00,20261002,1,4115,1,0.01,1862.18000000,1842.76000000
1636709400,0.00,20261001,0,4117,0,0.01,152.83500000,152.34300000
1636754400,17.00,20261001,1,4117,1,0.01,152.85200000,152.34300000
1637020800,0.00,20260622,0,4119,0,0.05,114.13300000,113.74000000
1637054100,0.00,20261001,0,4120,0,0.01,153.57200000,152.97800000
1637064000,0.00,20260640,0,4121,0,0.01,1873.42000000,1856.88000000
1637082273,-1898.00,20260640,1,4121,1,0.01,1856.86000000,1856.88000000
1637100000,434.00,20261001,1,4120,1,0.01,154.00600000,152.97800000
1637111855,3946.00,20260622,1,4119,1,0.05,114.92000000,113.74000000
1637140500,0.00,20261001,0,4125,0,0.01,154.55700000,153.90600000
1637178216,-654.00,20261001,1,4125,1,0.01,153.90300000,153.90600000
1637193600,0.00,20260774,0,4127,1,0.01,1.34798000,1.35298000
1637208000,0.00,20260640,0,4128,0,0.01,1868.44000000,1853.17000000
1637234100,0.00,20261001,0,4129,0,0.01,154.21100000,153.69500000
1637272800,-10.00,20261001,1,4129,1,0.01,154.20100000,153.69500000
1637319639,-1858.00,20260640,1,4128,1,0.01,1853.16000000,1853.17000000
1637572500,0.00,20261001,0,4132,0,0.01,153.62000000,153.12700000
1637577036,-495.00,20261001,1,4132,1,0.01,153.12500000,153.12700000
1637659800,0.00,20261001,0,4134,1,0.06,153.66800000,154.20500000
1637663400,0.00,20261000,0,4135,1,0.02,114.63400000,115.13300000
1637672072,1248.00,20260774,1,4127,0,0.01,1.33698000,1.35298000
1637704800,-896.00,20261000,1,4135,0,0.02,115.08200000,115.13300000
1637704800,-1950.00,20261001,1,4134,0,0.06,153.99300000,154.20500000
1637748000,0.00,20261001,0,4139,1,0.01,153.62000000,154.14100000
1637791200,-207.00,20261001,1,4139,0,0.01,153.82700000,154.14100000
1638183600,0.00,20261002,0,4141,0,0.01,1798.31000000,1778.37000000
1638216000,-1627.00,20261002,1,4141,1,0.01,1784.17000000,1778.37000000
1638230400,-238805.00,20260650,1,4043,1,1.12,81.05000000,0.00000000
1638259200,0.00,20260610,0,4144,1,0.01,113.07400000,113.57400000
1638270000,0.00,20260605,0,4145,0,0.01,1.13495000,1.13245000
1638293896,-283.00,20260605,1,4145,1,0.01,1.13245000,1.13245000
1638294818,-502.00,20260610,1,4144,0,0.01,113.57600000,113.57400000
1638295200,0.00,20260605,0,4148,1,0.01,1.12590000,1.12840000
1638297517,-285.00,20260605,1,4148,0,0.01,1.12841000,1.12840000
1638436500,0.00,20261001,0,4150,0,0.01,150.54500000,149.47600000
1638439200,0.00,20261000,0,4151,0,0.01,113.28400000,112.61000000
1638482400,-126.00,20261000,1,4151,1,0.01,113.15800000,112.61000000
1638482400,-73.00,20261001,1,4150,1,0.01,150.47200000,149.47600000
1638527400,0.00,20261000,0,4154,0,0.01,113.47500000,112.95000000
1638527400,0.00,20261001,0,4155,0,0.06,150.71700000,150.15000000
1638536674,-3426.00,20261001,1,4155,1,0.06,150.14600000,150.15000000
1638557554,-526.00,20261000,1,4154,1,0.01,112.94900000,112.95000000
1638784800,0.00,20261001,0,4158,0,0.01,149.72700000,149.07100000
1638790200,0.00,20261000,0,4159,0,0.01,113.26900000,112.82500000
1638828000,217.00,20261000,1,4159,1,0.01,113.48600000,112.82500000
1638828000,713.00,20261001,1,4158,1,0.01,150.44000000,149.07100000
1639083600,0.00,20260605,0,4162,1,0.01,1.12929000,1.13179000
1639160879,-284.00,20260605,1,4162,0,0.01,1.13181000,1.13179000
1639162800,0.00,20260605,0,4164,0,0.01,1.13135000,1.12885000
1639384261,-293.00,20260605,1,4164,1,0.01,1.12885000,1.12885000
1639394100,0.00,20261000,0,4166,0,0.01,113.68900000,113.24300000
1639432800,-172.00,20261000,1,4166,1,0.01,113.51700000,113.24300000
1639479600,0.00,20261001,0,4168,0,0.01,150.22800000,149.74700000
1639519200,126.00,20261001,1,4168,1,0.01,150.35400000,149.74700000
1639584000,0.00,20260610,0,4170,0,0.01,113.84900000,113.34900000
1639612800,0.00,20260605,0,4171,1,0.01,1.12775000,1.13025000
1639646975,-286.00,20260605,1,4171,0,0.01,1.13026000,1.13025000
1639649700,0.00,20261001,0,4173,0,0.01,151.60900000,151.03200000
1639652400,0.00,20261002,0,4174,0,0.01,1786.75000000,1775.50000000
1639684800,1181.00,20261002,1,4174,1,0.01,1797.14000000,1775.50000000
1639692000,-433.00,20261001,1,4173,1,0.01,151.17600000,151.03200000
1639751247,-494.00,20260610,1,4170,1,0.01,113.34700000,113.34900000
1639774800,0.00,20260605,0,4178,1,0.01,1.12525000,1.12775000
1639991700,0.00,20261001,0,4179,1,0.01,149.82800000,150.53400000
1640007994,-281.00,20260605,1,4178,0,0.01,1.12775000,1.12775000
1640016000,0.00,20260605,0,4181,0,0.01,1.12940000,1.12690000
1640023200,-69.00,20260605,1,4181,1,0.01,1.12879000,1.12690000
1640023200,0.00,20260605,0,4183,1,0.01,1.12879000,1.13129000
1640037600,-307.00,20261001,1,4179,0,0.01,150.13500000,150.53400000
1640079000,0.00,20261001,0,4185,0,0.01,150.45800000,149.87700000
1640116800,0.00,20260610,0,4186,0,0.01,114.21600000,113.71600000
1640124000,879.00,20261001,1,4185,1,0.01,151.33700000,149.87700000
1640169000,0.00,20261000,0,4188,0,0.01,114.31200000,113.94200000
1640188584,-281.00,20260605,1,4183,0,0.01,1.13129000,1.13129000
1640210400,-145.00,20261000,1,4188,1,0.01,114.16700000,113.94200000
1640252700,0.00,20261001,0,4191,0,0.01,152.71900000,152.19400000
1640257200,0.00,20261000,0,4192,0,0.01,114.33600000,114.04100000
1640268000,0.00,20260629,0,4193,0,0.01,1.13246000,0.00000000
1640268000,0.00,20260629,0,4194,1,0.01,1.34323000,0.00000000
1640286000,0.00,20260605,0,4195,0,0.01,1.13203000,1.12953000
1640296800,100.00,20261000,1,4192,1,0.01,114.43600000,114.04100000
1640296800,840.00,20261001,1,4191,1,0.01,153.55900000,152.19400000
1640599200,0.00,20261001,0,4198,0,0.01,153.52200000,153.07400000
1640600100,0.00,20261000,0,4199,0,0.01,114.54600000,114.30200000
1640633014,896.00,20261001,1,4198,1,0.01,154.41800000,153.07400000
1640642400,356.00,20261000,1,4199,1,0.01,114.90200000,114.30200000
1640695500,0.00,20261002,0,4202,0,0.01,1817.32000000,1808.34000000
1640710414,-314.00,20260605,1,4195,1,0.01,1.12953000,1.12953000
1640721600,-814.00,20261002,1,4202,1,0.01,1810.23000000,1808.34000000
1640750400,0.00,20260605,0,4205,1,0.01,1.12994000,1.13244000
1640754000,-96.00,20260605,1,4205,0,0.01,1.13078000,1.13244000
1640754000,0.00,20260605,0,4207,0,0.01,1.13078000,1.12828000
1640773523,-287.00,20260605,1,4207,1,0.01,1.12828000,1.12828000
1640775600,0.00,20261000,0,4209,0,0.01,114.99600000,114.71500000
1640793600,0.00,20260605,0,4210,0,0.01,1.13189000,1.12939000
1640796520,-281.00,20261000,1,4209,1,0.01,114.71500000,114.71500000
1640808000,0.00,20260774,0,4212,0,0.01,1.34832000,1.34332000
1640822430,0.00,20260650,0,4213,0,1.00,83.39800000,0.00000000
1640862000,0.00,20261001,0,4214,1,0.06,154.95000000,155.34200000
1640874278,-2370.00,20261001,1,4214,0,0.06,155.34500000,155.34200000
1641197138,1126.00,20260610,1,4186,1,0.01,115.31600000,113.71600000
1641202200,0.00,20261002,0,4217,1,0.01,1822.28000000,1831.60000000
1641224248,1614.00,20261002,1,4217,0,0.01,1808.28000000,1831.60000000
1641230898,-333.00,20260605,1,4210,1,0.01,1.12939000,1.12939000
1641231194,-598.00,20260774,1,4212,1,0.01,1.34332000,1.34332000
1641290400,0.00,20261001,0,4221,0,0.01,156.13200000,155.23600000
1641294000,0.00,20260605,0,4222,1,0.01,1.12886000,1.13136000
1641317195,-288.00,20260605,1,4222,0,0.01,1.13136000,1.13136000
1641333600,1012.00,20261001,1,4221,1,0.01,157.14400000,155.23600000
1641409200,0.00,20260605,0,4225,0,0.01,1.13348000,1.13098000
1641417090,-288.00,20260605,1,4225,1,0.01,1.13098000,1.13098000
1641420000,0.00,20260605,0,4227,1,0.01,1.13095000,1.13345000
1641463200,0.00,20261001,0,4228,1,0.01,156.40000000,157.45700000
1641465000,0.00,20261002,0,4229,1,0.01,1797.71000000,1811.40000000
1641465900,0.00,20261000,0,4230,1,0.01,115.73100000,116.17900000
1641499200,764.00,20261002,1,4229,0,0.01,1791.11000000,1811.40000000
1641506400,-225.00,20261000,1,4230,0,0.01,115.95600000,116.17900000
1641506400,-436.00,20261001,1,4228,0,0.01,156.83600000,157.45700000
1641573938,-283.00,20260605,1,4227,0,0.01,1.13345000,1.13345000
1641834000,0.00,20260605,0,4235,1,0.01,1.12962000,1.13212000
1641836616,-293.00,20260605,1,4235,0,0.01,1.13215000,1.13212000
1641837600,0.00,20260605,0,4237,0,0.01,1.13193000,1.12943000
1641896100,0.00,20261001,0,4238,0,0.01,156.94100000,156.24700000
1641938400,231.00,20261001,1,4238,1,0.01,157.17200000,156.24700000
1641988800,0.00,20260610,0,4240,0,0.01,115.36700000,114.86700000
1642008156,-502.00,20260610,1,4240,1,0.01,114.86500000,114.86700000
1642008339,1188.00,20260605,1,4237,1,0.01,1.14243000,1.12943000
1642032000,0.00,20260610,0,4243,0,0.01,114.64000000,114.14000000
1642068000,0.00,20261000,0,4244,1,0.01,114.40100000,114.69600000
1642089600,-368.00,20260610,1,4243,1,0.01,114.27200000,114.14000000
1642089600,0.00,20260610,0,4246,1,0.01,114.27200000,114.77200000
1642111200,326.00,20261000,1,4244,0,0.01,114.07500000,114.69600000
1642392000,-275.00,20260610,1,4246,0,0.01,114.48700000,114.77200000
1642392000,0.00,20260610,0,4249,0,0.01,114.48700000,113.98700000
1642411800,0.00,20261001,0,4250,0,0.01,156.62400000,155.93000000
1642456800,-294.00,20261001,1,4250,1,0.01,156.33000000,155.93000000
1642497300,0.00,20261002,0,4252,1,0.01,1814.18000000,1822.64000000
1642504500,0.00,20261001,0,4253,1,0.06,156.19700000,156.89100000
1642507200,-2350.00,20260629,1,4194,0,0.01,1.36271000,0.00000000
1642507200,581.00,20260629,1,4193,1,0.01,1.13941000,0.00000000
1642536000,217.00,20261002,1,4252,0,0.01,1812.29000000,1822.64000000
1642543200,1956.00,20261001,1,4253,0,0.06,155.87100000,156.89100000
1642676400,0.00,20260605,0,4258,1,0.01,1.13538000,1.13788000
1642700967,-491.00,20260610,1,4249,1,0.01,113.98600000,113.98700000
1643016600,0.00,20261001,0,4260,1,0.06,153.96800000,154.47600000
1643020200,0.00,20261002,0,4261,0,0.01,1841.27000000,1831.53000000
1643022900,0.00,20261000,0,4262,1,0.02,113.54200000,113.96900000
1643043699,-1109.00,20261002,1,4261,1,0.01,1831.53000000,1831.53000000
1643045682,-856.00,20261000,1,4262,0,0.02,113.97000000,113.96900000
1643050800,0.00,20260629,0,4265,1,0.01,1.13097000,0.00000000
1643050800,0.00,20260629,0,4266,0,0.01,1.34481000,0.00000000
1643051862,6108.00,20261001,1,4260,0,0.06,152.95000000,154.47600000
1643068800,-198004.00,20260650,1,4213,1,1.00,81.32100000,0.00000000
1643083200,0.00,20260610,0,4269,1,0.01,113.83400000,114.33400000
1643192100,0.00,20261000,0,4270,0,0.01,114.04700000,113.76900000
1643192100,0.00,20261001,0,4271,0,0.01,154.02500000,153.54300000
1643215524,-530.00,20260610,1,4269,0,0.01,114.33400000,114.33400000
1643227200,0.00,20260610,0,4273,1,0.01,114.34000000,114.84000000
1643233298,556.00,20261000,1,4270,1,0.01,114.60300000,113.76900000
1643234259,1211.00,20260605,1,4258,0,0.01,1.12488000,1.13788000
1643234400,194.00,20261001,1,4271,1,0.01,154.21900000,153.54300000
1643241600,-385.00,20260610,1,4273,0,0.01,114.63600000,114.84000000
1643241600,0.00,20260610,0,4278,0,0.01,114.63600000,114.13600000
1643280300,0.00,20261000,0,4279,0,0.01,114.94200000,114.46700000
1643291100,0.00,20261002,0,4280,1,0.01,1808.05000000,1821.95000000
1643313600,1769.00,20261002,1,4280,0,0.01,1792.72000000,1821.95000000
1643320800,352.00,20261000,1,4279,1,0.01,115.29400000,114.46700000
1643328300,0.00,20260720,0,4283,0,0.01,36230.78000000,21738.47000000
1643362200,0.00,20261000,0,4284,0,0.01,115.64700000,115.25000000
1643384500,-398.00,20261000,1,4284,1,0.01,115.24900000,115.25000000
1643623200,0.00,20261001,0,4286,0,0.01,155.09500000,154.35900000
1643634000,-144.00,20260629,1,4266,1,0.01,1.34381000,0.00000000
1643634000,1646.00,20260629,1,4265,0,0.01,1.11683000,0.00000000
1643666400,-356.00,20261001,1,4286,1,0.01,154.73900000,154.35900000
1643707800,0.00,20261001,0,4290,0,0.06,154.95300000,154.47400000
1643713200,0.00,20261002,0,4291,0,0.01,1804.93000000,1795.61000000
1643715000,0.00,20261000,0,4292,1,0.02,114.72700000,115.18500000
1643745600,-272.00,20261002,1,4291,1,0.01,1802.56000000,1795.61000000
1643752800,46.00,20261000,1,4292,0,0.02,114.70400000,115.18500000
1643752800,444.00,20261001,1,4290,1,0.06,155.02700000,154.47400000
1643842800,0.00,20260605,0,4296,0,0.01,1.13060000,1.12810000
1643883300,0.00,20261000,0,4297,0,0.01,114.66900000,114.30100000
1643883300,0.00,20261001,0,4298,0,0.06,155.43800000,155.03500000
1643890292,-315.00,20260605,1,4296,1,0.01,1.12809000,1.12810000
1643896840,4920.00,20261001,1,4298,1,0.06,156.25800000,155.03500000
1643907600,0.00,20260605,0,4301,0,0.01,1.13918000,1.13668000
1643925600,260.00,20261000,1,4297,1,0.01,114.92900000,114.30100000
1643971500,0.00,20261001,0,4303,1,0.06,156.10300000,156.49300000
1644012000,918.00,20261001,1,4303,0,0.06,155.95000000,156.49300000
1644230700,0.00,20261000,0,4305,1,0.02,115.05400000,115.37100000
1644232500,0.00,20261001,0,4306,1,0.01,155.74900000,156.20700000
1644271200,-50.00,20261000,1,4305,0,0.02,115.07900000,115.37100000
1644271200,-47.00,20261001,1,4306,0,0.01,155.79600000,156.20700000
1644320700,0.00,20261001,0,4309,0,0.01,156.30500000,155.62000000
1644357600,151.00,20261001,1,4309,1,0.01,156.45600000,155.62000000
1644399900,0.00,20261001,0,4311,1,0.06,156.30600000,156.68700000
1644408640,-2286.00,20261001,1,4311,0,0.06,156.68700000,156.68700000
1644487200,0.00,20261001,0,4313,0,0.01,156.60900000,156.23500000
1644491199,1129.00,20260610,1,4278,1,0.01,115.73700000,114.13600000
1644491700,0.00,20261000,0,4315,0,0.01,115.83200000,115.40100000
1644508769,748.00,20261001,1,4313,1,0.01,157.35700000,156.23500000
1644530400,69.00,20261000,1,4315,1,0.01,115.90100000,115.40100000
1644537600,0.00,20260650,0,4318,0,0.91,83.15000000,0.00000000
1644576300,0.00,20261001,0,4319,0,0.06,157.40600000,156.87900000
1644611916,-364.00,20260605,1,4301,1,0.01,1.13666000,1.13668000
1644611979,-3168.00,20261001,1,4319,1,0.06,156.87800000,156.87900000
1644833700,0.00,20261001,0,4322,1,0.01,155.93500000,156.84800000
1644834600,0.00,20261000,0,4323,1,0.02,115.17800000,115.58800000
1644859033,-820.00,20261000,1,4323,0,0.02,115.58800000,115.58800000
1644876000,-459.00,20261001,1,4322,0,0.01,156.39400000,156.84800000
1644883200,0.00,20260605,0,4326,1,0.01,1.13046000,1.13296000
1644919718,-290.00,20260605,1,4326,0,0.01,1.13297000,1.13296000
1644920100,0.00,20261001,0,4328,0,0.06,156.61600000,155.95500000
1644921000,0.00,20261002,0,4329,1,0.02,1868.51000000,1879.40000000
1644926400,0.00,20260605,0,4330,1,0.01,1.13452000,1.13702000
1644932729,3779.00,20261002,1,4329,0,0.02,1852.16000000,1879.40000000
1644962400,-708.00,20261001,1,4328,1,0.06,156.49800000,155.95500000
1645002615,-287.00,20260605,1,4330,0,0.01,1.13702000,1.13702000
1645002900,0.00,20261001,0,4334,0,0.01,156.86200000,156.31100000
1645048800,63.00,20261001,1,4334,1,0.01,156.92500000,156.31100000
1645093800,0.00,20261002,0,4336,0,0.01,1884.71000000,1867.66000000
1645096500,0.00,20261000,0,4337,1,0.01,114.97000000,115.53000000
1645113600,0.00,20260610,0,4338,1,0.01,114.87500000,115.37500000
1645128000,-185.00,20260610,1,4338,0,0.01,115.06000000,115.37500000
1645128000,0.00,20260610,0,4340,0,0.01,115.06000000,114.56000000
1645128000,1485.00,20261002,1,4336,1,0.01,1897.62000000,1867.66000000
1645135200,84.00,20261000,1,4337,0,0.01,114.88600000,115.53000000
1645179300,0.00,20261001,0,4343,0,0.01,156.91000000,156.20600000
1645207804,-704.00,20261001,1,4343,1,0.01,156.20600000,156.20600000
1645401600,1498.00,20260720,1,4283,1,0.01,38235.26000000,21738.47000000
1645434900,0.00,20261001,0,4346,0,0.01,156.72000000,156.07200000
1645478100,-648.00,20261001,1,4346,1,0.01,156.07200000,156.07200000
1645492290,-496.00,20260610,1,4340,1,0.01,114.55800000,114.56000000
1645526700,0.00,20261000,0,4349,0,0.02,114.88000000,114.49200000
1645567200,362.00,20261000,1,4349,1,0.02,115.06100000,114.49200000
1645646400,0.00,20260774,0,4351,1,0.01,1.35496000,1.35996000
1645660800,0.00,20260720,0,4352,0,0.01,37562.18000000,22537.31000000
1645703545,1252.00,20260774,1,4351,0,0.01,1.34396000,1.35996000
1645785000,0.00,20261001,0,4354,1,0.06,154.26100000,154.78200000
1645800622,-3132.00,20261001,1,4354,0,0.06,154.78300000,154.78200000
1645804800,0.00,20260610,0,4356,0,0.01,115.56400000,115.06400000
1646040600,0.00,20261002,0,4357,1,0.01,1900.52000000,1930.62000000
1646074887,-500.00,20260610,1,4356,1,0.01,115.06200000,115.06400000
1646078400,120.00,20261002,1,4357,0,0.01,1899.48000000,1930.62000000
1646134200,0.00,20261000,0,4360,1,0.02,114.81500000,115.28200000
1646135100,0.00,20261001,0,4361,1,0.06,154.02000000,154.67700000
1646166372,7884.00,20261001,1,4361,0,0.06,152.70600000,154.67700000
1646172000,-100.00,20261000,1,4360,0,0.02,114.86500000,115.28200000
1646212500,0.00,20261001,0,4364,1,0.01,152.85600000,153.42700000
1646223200,-573.00,20261001,1,4364,0,0.01,153.42900000,153.42700000
1646224200,0.00,20261002,0,4366,1,0.01,1921.71000000,1945.29000000
1646251200,324.00,20261002,1,4366,0,0.01,1918.89000000,1945.29000000
1646352000,4870.00,20260720,1,4352,1,0.01,42063.71000000,22537.31000000
1646392500,0.00,20261001,0,4369,1,0.01,153.54300000,154.20900000
1646413395,1332.00,20261001,1,4369,0,0.01,152.21100000,154.20900000
1646645400,0.00,20261001,0,4371,0,0.06,152.19300000,151.46600000
1646649265,-4362.00,20261001,1,4371,1,0.06,151.46600000,151.46600000
1646649900,0.00,20261001,0,4373,1,0.01,151.36200000,152.14200000
1646663741,-780.00,20261001,1,4373,0,0.01,152.14200000,152.14200000
1646697600,0.00,20260720,0,4375,0,0.01,37854.91000000,22712.95000000
1646730900,0.00,20261001,0,4376,1,0.06,151.01700000,151.57700000
1646734880,-3360.00,20261001,1,4376,0,0.06,151.57700000,151.57700000
1646738100,0.00,20261000,0,4378,0,0.01,115.62300000,115.24300000
1646776800,110.00,20261000,1,4378,1,0.01,115.73300000,115.24300000
1646820900,0.00,20261001,0,4380,0,0.01,152.09800000,151.38300000
1646825400,0.00,20261002,0,4381,1,0.01,2024.56000000,2059.13000000
1646856000,4495.00,20261002,1,4381,0,0.01,1985.72000000,2059.13000000
1646863200,596.00,20261001,1,4380,1,0.01,152.69400000,151.38300000
1646870400,4546.00,20260720,1,4375,1,0.01,41871.24000000,22712.95000000
1646908200,0.00,20261001,0,4385,1,0.06,152.34200000,152.98400000
1646916300,0.00,20261002,0,4386,0,0.02,1996.53000000,1970.49000000
1646927836,-3870.00,20261001,1,4385,0,0.06,152.98700000,152.98400000
1646942400,1667.00,20261002,1,4386,1,0.02,2003.73000000,1970.49000000
1646990100,0.00,20261001,0,4389,0,0.01,152.88800000,151.86000000
1647036000,103.00,20261001,1,4389,1,0.01,152.99100000,151.86000000
1647216000,0.00,20260720,0,4391,0,0.01,38767.82000000,23260.69000000
1647250200,0.00,20261001,0,4392,0,0.01,153.51700000,152.87200000
1647295200,136.00,20261001,1,4392,1,0.01,153.65300000,152.87200000
1647335700,0.00,20261000,0,4394,1,0.02,117.91400000,118.44200000
1647335700,0.00,20261001,0,4395,1,0.06,153.61500000,154.48100000
1647349200,0.00,20261002,0,4396,1,0.01,1921.62000000,1954.57000000
1647365343,-5196.00,20261001,1,4395,0,0.06,154.48100000,154.48100000
1647374400,-357.00,20261002,1,4396,0,0.01,1924.64000000,1954.57000000
1647381600,-776.00,20261000,1,4394,0,0.02,118.30200000,118.44200000
1647432000,0.00,20260622,0,4400,0,0.03,118.33500000,117.79900000
1647464400,0.00,20260605,0,4401,0,0.01,1.10028000,1.09778000
1647475200,2587.00,20260720,1,4391,1,0.01,41077.18000000,23260.69000000
1647508500,0.00,20261001,0,4403,0,0.01,156.61600000,155.96200000
1647525638,-657.00,20261001,1,4403,1,0.01,155.95900000,155.96200000
1647539765,1215.00,20260605,1,4401,1,0.01,1.11078000,1.09778000
1647576000,0.00,20260628,0,4406,0,0.01,87.65700000,86.90500000
1647595800,0.00,20261000,0,4407,0,0.01,118.98900000,118.46200000
1647640800,134.00,20261000,1,4407,1,0.01,119.12300000,118.46200000
1647890317,3247.00,20260622,1,4400,1,0.03,119.40700000,117.79900000
1647932400,0.00,20260605,0,4410,1,0.01,1.09844000,1.10094000
1647941400,0.00,20261001,0,4411,0,0.01,158.26400000,157.22700000
1647945853,-300.00,20260605,1,4410,0,0.01,1.10095000,1.10094000
1647946800,0.00,20260605,0,4413,0,0.01,1.10080000,1.09830000
1647986400,1851.00,20261001,1,4411,1,0.01,160.11500000,157.22700000
1648031400,0.00,20261001,0,4415,1,0.06,160.14400000,161.08700000
1648042120,-309.00,20260605,1,4413,1,0.01,1.09829000,1.09830000
1648069200,0.00,20260605,0,4417,0,0.01,1.10100000,1.09850000
1648072800,732.00,20261001,1,4415,0,0.06,160.02200000,161.08700000
1648092215,-331.00,20260605,1,4417,1,0.01,1.09846000,1.09850000
1648113300,0.00,20261001,0,4420,0,0.01,160.54700000,159.57100000
1648114200,0.00,20261000,0,4421,0,0.01,121.72300000,120.94500000
1648137286,3784.00,20260628,1,4406,1,0.01,91.41700000,86.90500000
1648159200,587.00,20261000,1,4421,1,0.01,122.31000000,120.94500000
1648159200,782.00,20261001,1,4420,1,0.01,161.32900000,159.57100000
1648205100,0.00,20261001,0,4425,1,0.01,160.04600000,161.48400000
1648245600,-1090.00,20261001,1,4425,0,0.01,161.13600000,161.48400000
1648440000,0.00,20260605,0,4427,1,0.01,1.09699000,1.09949000
1648461600,0.00,20261001,0,4428,0,0.01,162.27500000,160.75400000
1648467000,0.00,20261002,0,4429,1,0.01,1930.38000000,1958.82000000
1648468117,-308.00,20260605,1,4427,0,0.01,1.09951000,1.09949000
1648497600,-1007.00,20261002,1,4429,0,0.01,1938.61000000,1958.82000000
1648504800,-471.00,20261001,1,4428,1,0.01,161.80400000,160.75400000
1648719000,0.00,20261001,0,4433,1,0.06,159.84700000,160.86700000
1648720800,0.00,20261000,0,4434,1,0.02,121.55900000,122.44700000
1648764000,-100.00,20261000,1,4434,0,0.02,121.60900000,122.44700000
1648764000,678.00,20261001,1,4433,0,0.06,159.73400000,160.86700000
1648828800,0.00,20260628,0,4437,0,0.01,92.29200000,91.28700000
1649064600,0.00,20261001,0,4438,0,0.01,161.11000000,160.27000000
1649080800,0.00,20260605,0,4439,1,0.01,1.10003000,1.10253000
1649109600,-64.00,20261001,1,4438,1,0.01,161.04600000,160.27000000
1649154600,0.00,20261001,0,4441,0,0.06,161.33300000,160.49100000
1649196000,2004.00,20261001,1,4441,1,0.06,161.66700000,160.49100000
1649217186,1281.00,20260605,1,4439,0,0.01,1.08953000,1.10253000
1649217600,0.00,20260622,0,4444,0,0.02,123.83900000,123.12200000
1649244600,0.00,20261001,0,4445,0,0.01,162.17200000,161.43200000
1649282400,-427.00,20261001,1,4445,1,0.01,161.74500000,161.43200000
1649325600,0.00,20261001,0,4447,0,0.01,162.05700000,161.38300000
1649368800,-9.00,20261001,1,4447,1,0.01,162.04800000,161.38300000
1649668886,2891.00,20260622,1,4444,1,0.02,125.27400000,123.12200000
1649669400,0.00,20261000,0,4450,0,0.01,125.32200000,124.01500000
1649670300,0.00,20261001,0,4451,0,0.01,162.92800000,161.60700000
1649714400,124.00,20261000,1,4450,1,0.01,125.44600000,124.01500000
1649714400,560.00,20261001,1,4451,1,0.01,163.48800000,161.60700000
1649808000,0.00,20260720,0,4454,0,0.01,39553.07000000,23731.84000000
1649841300,0.00,20261001,0,4455,0,0.01,163.59300000,162.83200000
1649842200,0.00,20261000,0,4456,0,0.01,126.14300000,125.29700000
1649851200,0.00,20260627,0,4457,0,0.02,163.94500000,162.97700000
1649852100,0.00,20261002,0,4458,0,0.01,1975.75000000,1962.80000000
1649880000,399.00,20261002,1,4458,1,0.01,1978.93000000,1962.80000000
1649887200,-535.00,20261000,1,4456,1,0.01,125.60800000,125.29700000
1649887200,1053.00,20261001,1,4455,1,0.01,164.64600000,162.83200000
1649952000,0.00,20260622,0,4462,0,0.02,125.54400000,124.62400000
1650015900,0.00,20261001,0,4463,0,0.01,165.49500000,164.39100000
1650060000,-441.00,20261001,1,4463,1,0.01,165.05400000,164.39100000
1650240000,713.00,20260720,1,4454,1,0.01,40248.56000000,23731.84000000
1650277800,0.00,20261002,0,4466,0,0.01,1990.17000000,1970.46000000
1650278700,0.00,20261001,0,4467,1,0.06,164.63400000,165.40600000
1650312000,-471.00,20261002,1,4466,1,0.01,1986.46000000,1970.46000000
1650319200,-3444.00,20261001,1,4467,0,0.06,165.20800000,165.40600000
1650326400,0.00,20260720,0,4470,0,0.01,40690.94000000,24414.56000000
1650341309,3692.00,20260622,1,4462,1,0.02,127.38400000,124.62400000
1650416740,7791.00,20260627,1,4457,1,0.02,167.81900000,162.97700000
1650462300,0.00,20261002,0,4473,0,0.02,1953.30000000,1940.63000000
1650484800,0.00,20261002,1,4473,1,0.02,1953.30000000,1940.63000000
1650495600,0.00,20260605,0,4475,0,0.01,1.08540000,1.08290000
1650499230,814.00,20260720,1,4470,1,0.01,41417.98000000,24414.56000000
1650513600,0.00,20260622,0,4477,0,0.01,128.16100000,127.00400000
1650513600,-275.00,20260605,1,4475,1,0.01,1.08348000,1.08290000
1650513600,0.00,20260605,0,4479,1,0.01,1.08348000,1.08598000
1650533311,-320.00,20260605,1,4479,0,0.01,1.08598000,1.08598000
1650618900,0.00,20261001,0,4481,1,0.01,166.55400000,167.57300000
1650632400,0.00,20260629,0,4482,1,0.01,1.08048000,0.00000000
1650632400,0.00,20260629,0,4483,0,0.01,1.28690000,0.00000000
1650664800,1633.00,20261001,1,4481,0,0.01,164.92100000,167.57300000
1650844800,0.00,20260720,0,4485,0,0.01,39541.21000000,23724.73000000
1650879000,0.00,20261001,0,4486,1,0.01,163.74300000,165.30300000
1650880800,0.00,20261000,0,4487,1,0.01,128.08300000,128.85900000
1650894300,0.00,20261002,0,4488,1,0.01,1911.10000000,1934.48000000
1650905318,-918.00,20260628,1,4437,1,0.01,91.28600000,91.28700000
1650916800,1688.00,20261002,1,4488,0,0.01,1897.88000000,1934.48000000
1650924000,43.00,20261000,1,4487,0,0.01,128.04000000,128.85900000
1650924000,706.00,20261001,1,4486,0,0.01,163.03700000,165.30300000
1651017600,-1946.00,20260720,1,4485,1,0.01,38099.80000000,23724.73000000
1651021419,-1151.00,20260622,1,4477,1,0.01,127.00200000,127.00400000
1651050900,0.00,20261001,0,4495,0,0.01,160.95500000,159.58900000
1651051800,0.00,20261000,0,4496,0,0.01,127.98800000,126.93600000
1651058100,0.00,20261002,0,4497,1,0.01,1891.04000000,1906.94000000
1651060800,0.00,20260622,0,4498,0,0.01,127.96900000,126.72100000
1651072780,-2038.00,20261002,1,4497,0,0.01,1906.95000000,1906.94000000
1651096800,344.00,20261000,1,4496,1,0.01,128.33200000,126.93600000
1651096800,-42.00,20261001,1,4495,1,0.01,160.91300000,159.58900000
1651104000,0.00,20260720,0,4502,0,0.01,39133.99000000,23480.39000000
1651139739,2501.00,20260622,1,4498,1,0.01,130.46400000,126.72100000
1651147200,0.00,20260622,0,4504,0,0.01,130.93500000,129.63400000
1651149000,0.00,20261002,0,4505,0,0.02,1888.97000000,1872.01000000
1651176000,-149.00,20261002,1,4505,1,0.02,1888.40000000,1872.01000000
1651229100,0.00,20261000,0,4507,1,0.01,130.08100000,130.94300000
1651254931,-1299.00,20260622,1,4504,1,0.01,129.63400000,129.63400000
1651269600,629.00,20261000,1,4507,0,0.01,129.45200000,130.94300000
1651464000,0.00,20260622,0,4510,0,0.01,130.06900000,128.68800000
1651491900,0.00,20261002,0,4511,1,0.01,1880.17000000,1899.81000000
1651521600,1815.00,20261002,1,4511,0,0.01,1866.23000000,1899.81000000
1651536000,-1280.00,20260720,1,4502,1,0.01,38282.23000000,23480.39000000
1651573800,0.00,20261001,0,4514,0,0.01,163.18000000,162.42500000
1651613993,-755.00,20261001,1,4514,1,0.01,162.42500000,162.42500000
1651701399,-1378.00,20260622,1,4510,1,0.01,128.68700000,128.68800000
1651747500,0.00,20261000,0,4517,0,0.01,129.70100000,128.74600000
1651766400,0.00,20260622,0,4518,0,0.02,129.90900000,129.01000000
1651788000,688.00,20261000,1,4517,1,0.01,130.38900000,128.74600000
1651831200,0.00,20261001,0,4520,1,0.06,160.36600000,161.58900000
1651874400,-4050.00,20261001,1,4520,0,0.06,161.04100000,161.58900000
1652090400,0.00,20261000,0,4522,0,0.01,131.28200000,130.44900000
1652092200,0.00,20261002,0,4523,1,0.01,1868.97000000,1885.62000000
1652119302,-833.00,20261000,1,4522,1,0.01,130.44900000,130.44900000
1652126400,1016.00,20261002,1,4523,0,0.01,1861.17000000,1885.62000000
1652173200,0.00,20260605,0,4526,0,0.01,1.05772000,1.05522000
1652177033,-326.00,20260605,1,4526,1,0.01,1.05522000,1.05522000
1652209200,0.00,20260605,0,4528,1,0.01,1.05300000,1.05550000
1652263854,-323.00,20260605,1,4528,0,0.01,1.05550000,1.05550000
1652295600,0.00,20260605,0,4530,1,0.01,1.05362000,1.05612000
1652346900,0.00,20261001,0,4531,1,0.01,157.99500000,159.27400000
1652347800,0.00,20261000,0,4532,1,0.01,129.30900000,130.04700000
1652349784,-1775.00,20260622,1,4518,1,0.02,129.00700000,129.01000000
1652357009,1359.00,20260605,1,4530,0,0.01,1.04310000,1.05612000
1652373267,1476.00,20261000,1,4532,0,0.01,127.83300000,130.04700000
1652392800,2010.00,20261001,1,4531,0,0.01,155.98500000,159.27400000
1652400000,0.00,20260720,0,4537,0,0.01,28558.54000000,17135.12000000
1652659200,3069.00,20260720,1,4537,1,0.01,31003.91000000,17135.12000000
1652742000,-7171.00,20260629,1,4483,1,0.01,1.23164000,0.00000000
1652742000,4795.00,20260629,1,4482,0,0.01,1.04331000,0.00000000
1652780700,0.00,20261001,0,4541,0,0.01,160.14500000,158.77400000
1652824800,1356.00,20261001,1,4541,1,0.01,161.50100000,158.77400000
1652864400,0.00,20260605,0,4543,0,0.01,1.05406000,1.05156000
1652868254,-320.00,20260605,1,4543,1,0.01,1.05156000,1.05156000
1652868900,0.00,20261001,0,4545,1,0.01,160.41400000,161.77100000
1652878800,0.00,20260605,0,4546,0,0.01,1.05246000,1.04996000
1652895273,-320.00,20260605,1,4546,1,0.01,1.04996000,1.04996000
1652904000,0.00,20260605,0,4548,1,0.01,1.04864000,1.05114000
1652911200,2260.00,20261001,1,4545,0,0.01,158.15400000,161.77100000
1652918400,0.00,20260720,0,4550,0,0.01,29226.58000000,17535.95000000
1652967628,-315.00,20260605,1,4548,0,0.01,1.05114000,1.05114000
1653305400,0.00,20261002,0,4552,0,0.01,1860.34000000,1843.44000000
1653336000,-1323.00,20261002,1,4552,1,0.01,1849.99000000,1843.44000000
1653350400,-84.00,20260720,1,4550,1,0.01,29292.12000000,17535.95000000
1653388200,0.00,20261000,0,4555,1,0.01,127.38700000,128.07800000
1653390000,0.00,20261001,0,4556,1,0.01,160.12800000,160.95600000
1653409959,1660.00,20261001,1,4556,0,0.01,158.46800000,160.95600000
1653429600,569.00,20261000,1,4555,0,0.01,126.81800000,128.07800000
1653436800,0.00,20260720,0,4559,0,0.01,29460.17000000,17676.10000000
1653523200,305.00,20260720,1,4559,1,0.01,29744.29000000,17676.10000000
1653557400,0.00,20261001,0,4561,1,0.01,159.77100000,160.81100000
1653560100,0.00,20261000,0,4562,1,0.02,126.87800000,127.57300000
1653602400,-620.00,20261000,1,4562,0,0.02,127.18800000,127.57300000
1653602400,-427.00,20261001,1,4561,0,0.01,160.19800000,160.81100000
1653988500,0.00,20261001,0,4565,1,0.01,161.12600000,161.93900000
1654015524,-813.00,20261001,1,4565,0,0.01,161.93900000,161.93900000
1654076700,0.00,20261001,0,4567,0,0.01,162.94900000,162.00600000
1654079400,0.00,20261000,0,4568,0,0.01,129.46100000,128.57200000
1654108696,-943.00,20261001,1,4567,1,0.01,162.00600000,162.00600000
1654120800,660.00,20261000,1,4568,1,0.01,130.12100000,128.57200000
1654488000,0.00,20260605,0,4571,1,0.01,1.07154000,1.07404000
1654495200,-103.00,20260605,1,4571,0,0.01,1.07233000,1.07404000
1654495200,0.00,20260605,0,4573,0,0.01,1.07233000,1.06983000
1654511400,0.00,20261001,0,4574,0,0.06,163.66200000,162.89200000
1654534800,-133.00,20260605,1,4573,1,0.01,1.07131000,1.06983000
1654534800,0.00,20260605,0,4576,1,0.01,1.07131000,1.07381000
1654545854,9240.00,20261001,1,4574,1,0.06,165.20200000,162.89200000
1654600500,0.00,20261001,0,4578,0,0.01,166.19400000,165.12900000
1654639200,638.00,20261001,1,4578,1,0.01,166.83200000,165.12900000
1654681500,0.00,20261001,0,4580,0,0.01,167.49900000,166.69500000
1654685100,0.00,20261000,0,4581,0,0.01,133.47200000,132.51900000
1654697907,-332.00,20260605,1,4576,0,0.01,1.07382000,1.07381000
1654725600,0.00,20260605,0,4583,1,0.01,1.07150000,1.07400000
1654725600,696.00,20261000,1,4581,1,0.01,134.16800000,132.51900000
1654725600,720.00,20261001,1,4580,1,0.01,168.21900000,166.69500000
1654770600,0.00,20261001,0,4586,1,0.01,167.17600000,168.70900000
1654771500,0.00,20261000,0,4587,1,0.01,133.49000000,134.54600000
1654785796,-329.00,20260605,1,4583,0,0.01,1.07401000,1.07400000
1654812000,-800.00,20261000,1,4587,0,0.01,134.29000000,134.54600000
1654812000,-795.00,20261001,1,4586,0,0.01,167.97100000,168.70900000
1654855200,0.00,20261001,0,4591,1,0.01,167.03700000,168.03200000
1654857000,0.00,20261000,0,4592,1,0.01,133.37700000,134.46900000
1654898400,-995.00,20261000,1,4592,0,0.01,134.37200000,134.46900000
1654898400,1549.00,20261001,1,4591,0,0.01,165.48800000,168.03200000
1655111700,0.00,20261001,0,4595,1,0.06,164.99800000,166.10800000
1655117100,0.00,20261002,0,4596,1,0.01,1856.15000000,1878.74000000
1655139326,13332.00,20261001,1,4595,0,0.06,162.77600000,166.10800000
1655150400,3661.00,20261002,1,4596,0,0.01,1828.90000000,1878.74000000
1655200800,0.00,20261002,0,4599,0,0.01,1830.07000000,1808.93000000
1655236800,-2395.00,20261002,1,4599,1,0.01,1812.25000000,1808.93000000
1655251200,0.00,20260720,0,4601,0,0.01,21981.08000000,13188.65000000
1655285400,0.00,20261000,0,4602,1,0.01,134.65500000,135.57600000
1655286300,0.00,20261002,0,4603,0,0.01,1821.86000000,1807.16000000
1655323200,-288.00,20261002,1,4603,1,0.01,1819.72000000,1807.16000000
1655330400,524.00,20261000,1,4602,0,0.01,134.13100000,135.57600000
1655374500,0.00,20261001,0,4606,1,0.06,162.67400000,163.77500000
1655382688,13212.00,20261001,1,4606,0,0.06,160.47200000,163.77500000
1655892900,0.00,20261001,0,4608,1,0.01,166.10400000,167.82500000
1655935200,-1033.00,20261001,1,4608,0,0.01,167.13700000,167.82500000
1655964000,0.00,20260605,0,4610,0,0.01,1.05713000,1.05463000
1655979337,-335.00,20260605,1,4610,1,0.01,1.05463000,1.05463000
1655980200,0.00,20261001,0,4612,1,0.01,165.50500000,167.09000000
1655989200,0.00,20260605,0,4613,0,0.01,1.05187000,1.04937000
1655997270,-335.00,20260605,1,4613,1,0.01,1.04937000,1.04937000
1656021600,140.00,20261001,1,4612,0,0.01,165.36500000,167.09000000
1656288000,-1285.00,20260720,1,4601,1,0.01,21374.73000000,13188.65000000
1656325800,0.00,20261001,0,4617,0,0.06,166.47700000,165.12000000
1656345600,0.00,20260774,0,4618,1,0.01,1.22546000,1.23046000
1656352108,-671.00,20260774,1,4618,0,0.01,1.23046000,1.23046000
1656367200,-1440.00,20261001,1,4617,1,0.06,166.23700000,165.12000000
1656507600,0.00,20260605,0,4621,1,0.01,1.05087000,1.05337000
1656512734,-335.00,20260605,1,4621,0,0.01,1.05337000,1.05337000
1656585000,0.00,20261000,0,4623,1,0.01,136.03500000,136.80100000
1656626400,466.00,20261000,1,4623,0,0.01,135.56900000,136.80100000
1656633600,0.00,20260720,0,4625,0,0.01,18746.46000000,11247.88000000
1656892800,826.00,20260720,1,4625,1,0.01,19399.42000000,11247.88000000
1656927900,0.00,20261001,0,4627,0,0.06,164.10800000,163.00000000
1656972000,1140.00,20261001,1,4627,1,0.06,164.29800000,163.00000000
1657008000,0.00,20260622,0,4629,0,0.02,136.26300000,135.28100000
1657020600,0.00,20261001,0,4630,1,0.06,163.60700000,165.26400000
1657058400,9054.00,20261001,1,4630,0,0.06,162.09800000,165.26400000
1657081300,-1960.00,20260622,1,4629,1,0.02,135.28100000,135.28100000
1657098900,0.00,20261001,0,4633,1,0.01,161.16800000,162.41800000
1657103238,-1250.00,20261001,1,4633,0,0.01,162.41800000,162.41800000
1657103400,0.00,20261001,0,4635,0,0.06,162.55400000,161.19900000
1657113300,0.00,20261002,0,4636,1,0.01,1761.39000000,1772.71000000
1657117947,-8142.00,20261001,1,4635,1,0.06,161.19700000,161.19900000
1657130318,2301.00,20261002,1,4636,0,0.01,1744.38000000,1772.71000000
1657187100,0.00,20261001,0,4639,0,0.01,162.54400000,161.56700000
1657224000,0.00,20260629,0,4640,0,0.01,1.01558000,0.00000000
1657224000,0.00,20260629,0,4641,1,0.01,1.20072000,0.00000000
1657231200,958.00,20261001,1,4639,1,0.01,163.50200000,161.56700000
1657276200,0.00,20261001,0,4643,1,0.01,162.44600000,163.92100000
1657306780,-1475.00,20261001,1,4643,0,0.01,163.92100000,163.92100000
1657555200,0.00,20260622,0,4645,0,0.02,137.59600000,136.53000000
1657612800,0.00,20260640,0,4646,1,0.01,1728.65000000,1745.53000000
1657621800,0.00,20261001,0,4647,1,0.01,162.50200000,163.53900000
1657645258,-2128.00,20260622,1,4645,1,0.02,136.53000000,136.53000000
1657663200,-240.00,20261001,1,4647,0,0.01,162.74200000,163.53900000
1657705500,0.00,20261001,0,4650,0,0.01,163.52900000,162.34500000
1657728000,0.00,20260622,0,4651,0,0.02,137.59200000,136.77400000
1657736022,-2303.00,20260640,1,4646,0,0.01,1745.54000000,1745.53000000
1657749600,-35.00,20261001,1,4650,1,0.01,163.49400000,162.34500000
1657791000,0.00,20261001,0,4654,0,0.01,164.13900000,163.07200000
1657792800,0.00,20261002,0,4655,1,0.01,1721.01000000,1736.06000000
1657796620,3285.00,20260622,1,4651,1,0.02,139.22800000,136.77400000
1657817140,3145.00,20261002,1,4655,0,0.01,1698.42000000,1736.06000000
1657836000,142.00,20261001,1,4654,1,0.01,164.28100000,163.07200000
1657878300,0.00,20261001,0,4659,1,0.01,164.02400000,164.68800000
1657922400,-295.00,20261001,1,4659,0,0.01,164.31900000,164.68800000
1658146500,0.00,20261002,0,4661,0,0.01,1720.67000000,1705.66000000
1658174400,-1224.00,20261002,1,4661,1,0.01,1711.88000000,1705.66000000
1658203200,0.00,20260622,0,4663,0,0.03,138.24600000,137.52800000
1658224800,0.00,20261000,0,4664,1,0.01,137.79700000,138.38700000
1658228400,-99.00,20260629,1,4641,0,0.01,1.20101000,0.00000000
1658228400,1060.00,20260629,1,4640,1,0.01,1.02407000,0.00000000
1658235600,0.00,20260605,0,4667,0,0.01,1.02424000,1.02174000
1658235989,-2157.00,20260622,1,4663,1,0.03,137.52700000,137.52800000
1658268000,-406.00,20261000,1,4664,0,0.01,138.20300000,138.38700000
1658318400,0.00,20260640,0,4670,1,0.01,1707.93000000,1722.04000000
1658324011,-357.00,20260605,1,4667,1,0.01,1.02174000,1.02174000
1658358000,0.00,20260605,0,4672,0,0.01,1.01784000,1.01534000
1658420862,-379.00,20260605,1,4672,1,0.01,1.01534000,1.01534000
1658484000,0.00,20261001,0,4674,0,0.01,165.10500000,164.34700000
1658485960,-758.00,20261001,1,4674,1,0.01,164.34700000,164.34700000
1658486700,0.00,20261001,0,4676,1,0.06,164.17600000,164.97800000
1658492909,-1887.00,20260640,1,4670,0,0.01,1722.05000000,1722.04000000
1658527200,6222.00,20261001,1,4676,0,0.06,163.13900000,164.97800000
1658749500,0.00,20261001,0,4679,0,0.06,163.82800000,162.97600000
1658786400,5292.00,20261001,1,4679,1,0.06,164.71000000,162.97600000
1658858400,0.00,20260629,0,4681,0,0.01,1.01348000,0.00000000
1658858400,0.00,20260629,0,4682,1,0.01,1.20461000,0.00000000
1659110400,0.00,20260610,0,4683,1,0.01,134.05900000,134.55900000
1659111418,-500.00,20260610,1,4683,0,0.01,134.55900000,134.55900000
1659117600,0.00,20260605,0,4685,1,0.01,1.01947000,1.02197000
1659121200,-104.00,20260605,1,4685,0,0.01,1.02024000,1.02197000
1659121200,0.00,20260605,0,4687,0,0.01,1.02024000,1.01774000
1659123508,-338.00,20260605,1,4687,1,0.01,1.01773000,1.01774000
1659124800,0.00,20260610,0,4689,1,0.01,133.30600000,133.80600000
1659327314,1070.00,20260610,1,4689,0,0.01,132.20600000,133.80600000
1659355200,0.00,20260774,0,4691,0,0.01,1.22316000,1.21816000
1659435300,0.00,20261001,0,4692,1,0.01,159.58900000,161.45300000
1659460202,-666.00,20260774,1,4691,1,0.01,1.21816000,1.21816000
1659465913,-1864.00,20261001,1,4692,0,0.01,161.45300000,161.45300000
1659604500,0.00,20261001,0,4695,0,0.01,162.98200000,162.25400000
1659613500,0.00,20261000,0,4696,0,0.01,134.35400000,133.41300000
1659614400,0.00,20261002,0,4697,0,0.01,1776.56000000,1763.09000000
1659622166,-729.00,20261001,1,4695,1,0.01,162.25300000,162.25400000
1659626068,-941.00,20261000,1,4696,1,0.01,133.41300000,133.41300000
1659636000,0.00,20260605,0,4700,0,0.01,1.02126000,1.01876000
1659643200,1848.00,20261002,1,4697,1,0.01,1790.41000000,1763.09000000
1659695400,0.00,20261001,0,4702,0,0.01,162.07300000,161.09800000
1659704400,-1252.00,20260629,1,4682,0,0.01,1.21351000,0.00000000
1659704400,1117.00,20260629,1,4681,1,0.01,1.02280000,0.00000000
1659713428,-347.00,20260605,1,4700,1,0.01,1.01874000,1.01876000
1659715200,0.00,20260605,0,4706,1,0.01,1.01570000,1.01820000
1659715200,0.00,20260774,0,4707,1,0.01,1.20264000,1.20764000
1659719671,-339.00,20260605,1,4706,0,0.01,1.01824000,1.01820000
1659728858,-670.00,20260774,1,4707,0,0.01,1.20766000,1.20764000
1659729600,0.00,20260774,0,4710,0,0.01,1.20787000,1.20287000
1659736800,900.00,20261001,1,4702,1,0.01,162.97300000,161.09800000
1659951000,0.00,20261001,0,4712,0,0.01,163.61600000,162.76700000
1659986305,-850.00,20261001,1,4712,1,0.01,162.76600000,162.76700000
1660044600,0.00,20261001,0,4714,0,0.01,163.33400000,162.61200000
1660075200,0.00,20260605,0,4715,0,0.01,1.02191000,1.01941000
1660082400,-218.00,20261001,1,4714,1,0.01,163.11600000,162.61200000
1660145441,1458.00,20260774,1,4710,1,0.01,1.21891000,1.20287000
1660145501,1390.00,20260605,1,4715,1,0.01,1.03241000,1.01941000
1660147200,0.00,20260610,0,4719,1,0.01,133.13700000,133.63700000
1660152855,1100.00,20260610,1,4719,0,0.01,132.03700000,133.63700000
1660161600,0.00,20260610,0,4721,1,0.01,132.53300000,133.03300000
1660166819,-501.00,20260610,1,4721,0,0.01,133.03400000,133.03300000
1660176000,0.00,20260610,0,4723,1,0.01,132.85200000,133.35200000
1660229100,0.00,20261002,0,4724,0,0.02,1794.32000000,1783.40000000
1660231902,1100.00,20260610,1,4723,0,0.01,131.75200000,133.35200000
1660233600,0.00,20260610,0,4726,1,0.01,131.92900000,132.42900000
1660238800,-500.00,20260610,1,4726,0,0.01,132.42900000,132.42900000
1660248000,0.00,20260610,0,4728,1,0.01,132.77100000,133.27100000
1660248000,-1459.00,20261002,1,4724,1,0.02,1788.81000000,1783.40000000
1660274138,-530.00,20260610,1,4728,0,0.01,133.27100000,133.27100000
1660276800,0.00,20260610,0,4731,1,0.01,133.26700000,133.76700000
1660314116,-500.00,20260610,1,4731,0,0.01,133.76700000,133.76700000
1660320000,0.00,20260610,0,4733,1,0.01,133.68100000,134.18100000
1660338000,0.00,20260605,0,4734,0,0.01,1.02616000,1.02366000
1660555827,-344.00,20260605,1,4734,1,0.01,1.02366000,1.02366000
1660558500,0.00,20261002,0,4736,1,0.01,1789.64000000,1802.20000000
1660563900,0.00,20261001,0,4737,1,0.01,161.17200000,162.06800000
1660577439,1070.00,20260610,1,4733,0,0.01,132.58100000,134.18100000
1660593600,893.00,20261002,1,4736,0,0.01,1782.90000000,1802.20000000
1660600800,459.00,20261001,1,4737,0,0.01,160.71300000,162.06800000
1660604400,0.00,20260605,0,4741,1,0.01,1.01598000,1.01848000
1660646700,0.00,20261001,0,4742,0,0.06,160.93100000,160.07600000
1660668878,10266.00,20261001,1,4742,1,0.06,162.64200000,160.07600000
1660670956,-329.00,20260605,1,4741,0,0.01,1.01848000,1.01848000
1660766400,0.00,20260774,0,4745,1,0.01,1.20390000,1.20890000
1660853196,1442.00,20260774,1,4745,0,0.01,1.19290000,1.20890000
1660896000,0.00,20260610,0,4747,0,0.01,136.27800000,135.77800000
1660906800,0.00,20261000,0,4748,0,0.01,136.66900000,135.71000000
1660946400,210.00,20261000,1,4748,1,0.01,136.87900000,135.71000000
1661141560,1103.00,20260610,1,4747,1,0.01,137.37900000,135.77800000
1661164200,0.00,20261001,0,4751,1,0.06,161.60900000,162.51300000
1661169600,0.00,20260610,0,4752,0,0.01,136.94000000,136.44000000
1661205600,-186.00,20261001,1,4751,0,0.06,161.64000000,162.51300000
1661247000,0.00,20261001,0,4754,1,0.01,161.09800000,162.04300000
1661272479,-945.00,20261001,1,4754,0,0.01,162.04300000,162.04300000
1661274042,-500.00,20260610,1,4752,1,0.01,136.43800000,136.44000000
1661420700,0.00,20261002,0,4757,0,0.01,1760.58000000,1749.82000000
1661457600,-334.00,20261002,1,4757,1,0.01,1758.13000000,1749.82000000
1661508000,0.00,20261000,0,4759,0,0.01,137.03500000,136.41500000
1661533875,-621.00,20261000,1,4759,1,0.01,136.41400000,136.41500000
1661544000,0.00,20260610,0,4761,0,0.01,137.33900000,136.83900000
1661731200,0.00,20260720,0,4762,0,0.01,19998.17000000,11998.90000000
1661747180,1102.00,20260610,1,4761,1,0.01,138.43900000,136.83900000
1661768100,0.00,20261001,0,4764,0,0.01,162.09100000,161.29200000
1661810400,340.00,20261001,1,4764,1,0.01,162.43100000,161.29200000
1661994000,0.00,20260605,0,4766,0,0.01,1.00489000,1.00239000
1662002364,-346.00,20260605,1,4766,1,0.01,1.00239000,1.00239000
1662004800,0.00,20260610,0,4768,0,0.01,139.48000000,138.98000000
1662039900,0.00,20261002,0,4769,1,0.01,1700.83000000,1711.30000000
1662051600,0.00,20260605,0,4770,1,0.01,0.99798000,1.00048000
1662062400,797.00,20261002,1,4769,0,0.01,1695.14000000,1711.30000000
1662076800,-161.00,20260720,1,4762,1,0.01,20057.21000000,11998.90000000
1662116400,-127.00,20260605,1,4770,0,0.01,0.99890000,1.00048000
1662116400,0.00,20260605,0,4774,0,0.01,0.99890000,0.99640000
1662132615,1103.00,20260610,1,4768,1,0.01,140.58100000,138.98000000
1662134400,0.00,20260610,0,4776,0,0.01,140.58600000,140.08600000
1662135785,-505.00,20260610,1,4776,1,0.01,140.08100000,140.08600000
1662147931,-353.00,20260605,1,4774,1,0.01,0.99638000,0.99640000
1662148800,0.00,20260610,0,4779,0,0.01,140.23600000,139.73600000
1662148800,0.00,20260605,0,4780,1,0.01,0.99687000,0.99937000
1662376500,0.00,20261001,0,4781,0,0.06,161.45200000,160.65100000
1662415200,2376.00,20261001,1,4781,1,0.06,161.84800000,160.65100000
1662458681,1109.00,20260610,1,4779,1,0.01,141.34100000,139.73600000
1662459300,0.00,20261000,0,4784,0,0.01,141.46200000,140.24300000
1662501600,1416.00,20261000,1,4784,1,0.01,142.87800000,140.24300000
1662544800,0.00,20261001,0,4786,0,0.01,165.65700000,164.17600000
1662553800,0.00,20261002,0,4787,0,0.02,1705.12000000,1691.27000000
1662580800,2815.00,20261002,1,4787,1,0.02,1714.97000000,1691.27000000
1662581850,-354.00,20260605,1,4780,0,0.01,0.99939000,0.99937000
1662588000,103.00,20261001,1,4786,1,0.01,165.76000000,164.17600000
1662595200,0.00,20260720,0,4791,0,0.01,19398.53000000,11639.12000000
1662629400,0.00,20261001,0,4792,1,0.01,165.27000000,166.30400000
1662656400,0.00,20260605,0,4793,1,0.01,0.99641000,0.99891000
1662668501,-357.00,20260605,1,4793,0,0.01,0.99891000,0.99891000
1662670800,0.00,20260605,0,4795,0,0.01,0.99950000,0.99700000
1662674400,-329.00,20261001,1,4792,0,0.01,165.59900000,166.30400000
1662718421,1489.00,20260605,1,4795,1,0.01,1.01000000,0.99700000
1662940800,3059.00,20260720,1,4791,1,0.01,21627.64000000,11639.12000000
1662974100,0.00,20261001,0,4799,0,0.01,166.66400000,165.13500000
1663020000,18.00,20261001,1,4799,1,0.01,166.68200000,165.13500000
1663106400,0.00,20260605,0,4801,1,0.01,0.99766000,1.00016000
1663142730,-355.00,20260605,1,4801,0,0.01,1.00016000,1.00016000
1663146900,0.00,20261001,0,4803,1,0.01,165.20700000,166.49100000
1663153200,0.00,20261000,0,4804,1,0.01,143.30500000,144.95000000
1663160400,0.00,20260605,0,4805,0,0.01,1.00127000,0.99877000
1663166791,-363.00,20260605,1,4805,1,0.01,0.99874000,0.99877000
1663192800,175.00,20261000,1,4804,0,0.01,143.13000000,144.95000000
1663192800,28.00,20261001,1,4803,0,0.01,165.17900000,166.49100000
1663235100,0.00,20261001,0,4809,0,0.01,165.49400000,164.78100000
1663255839,-714.00,20261001,1,4809,1,0.01,164.78000000,164.78100000
1663261200,0.00,20260605,0,4811,1,0.01,0.99977000,1.00227000
1663323300,0.00,20261001,0,4812,1,0.01,163.82200000,164.57000000
1663350750,-356.00,20260605,1,4811,0,0.01,1.00227000,1.00227000
1663351200,0.00,20260605,0,4814,0,0.01,1.00312000,1.00062000
1663353519,-358.00,20260605,1,4814,1,0.01,1.00062000,1.00062000
1663365600,664.00,20261001,1,4812,0,0.01,163.15800000,164.57000000
1663578900,0.00,20261002,0,4817,1,0.01,1665.31000000,1679.76000000
1663584300,0.00,20261000,0,4818,0,0.01,143.47400000,142.63500000
1663617600,-811.00,20261002,1,4817,0,0.01,1670.97000000,1679.76000000
1663624800,-217.00,20261000,1,4818,1,0.01,143.25700000,142.63500000
1663667100,0.00,20261001,0,4821,0,0.01,164.11700000,163.36200000
1663702873,-755.00,20261001,1,4821,1,0.01,163.36200000,163.36200000
1663747200,0.00,20260640,0,4823,1,0.01,1661.92000000,1675.83000000
1663752637,-1994.00,20260640,1,4823,0,0.01,1675.84000000,1675.83000000
1663753500,0.00,20261001,0,4825,1,0.06,162.63900000,163.92800000
1663790400,0.00,20260640,0,4826,1,0.01,1665.17000000,1679.78000000
1663796102,-2096.00,20260640,1,4826,0,0.01,1679.80000000,1679.78000000
1663797600,-1032.00,20261001,1,4825,0,0.06,162.81100000,163.92800000
1663891230,0.00,20260720,0,4829,0,0.01,19265.70000000,11559.42000000
1663928100,0.00,20261001,0,4830,1,0.01,159.27500000,160.43400000
1663953871,2318.00,20261001,1,4830,0,0.01,156.95700000,160.43400000
1664164800,0.00,20260629,0,4832,1,0.01,0.95685000,0.00000000
1664164800,0.00,20260629,0,4833,0,0.01,1.04034000,0.00000000
1664168400,2275.00,20260629,1,4833,1,0.01,1.05622000,0.00000000
1664168400,-1225.00,20260629,1,4832,0,0.01,0.96540000,0.00000000
1664172000,0.00,20260629,0,4836,1,0.01,0.96583000,0.00000000
1664172000,0.00,20260629,0,4837,0,0.01,1.05439000,0.00000000
1664188200,0.00,20261002,0,4838,0,0.02,1648.69000000,1625.57000000
1664222400,-5037.00,20261002,1,4838,1,0.02,1631.11000000,1625.57000000
1664274600,0.00,20261002,0,4840,0,0.01,1640.35000000,1621.98000000
1664308800,-1582.00,20261002,1,4840,1,0.01,1629.31000000,1621.98000000
1664323230,-498.00,20260720,1,4829,1,0.01,19049.64000000,11559.42000000
1664352000,0.00,20260640,0,4843,1,0.01,1623.44000000,1645.83000000
1664382604,-3208.00,20260640,1,4843,0,0.01,1645.83000000,1645.83000000
1664538300,0.00,20261001,0,4845,0,0.01,161.92100000,160.20500000
1664544580,-1717.00,20261001,1,4845,1,0.01,160.20400000,160.20500000
1664787600,10037.00,20260629,1,4837,1,0.01,1.12470000,0.00000000
1664787600,-2391.00,20260629,1,4836,0,0.01,0.98262000,0.00000000
1664878500,0.00,20261001,0,4849,0,0.01,164.81800000,163.40700000
1664892000,0.00,20260605,0,4850,0,0.01,0.98924000,0.98674000
1664920777,1504.00,20260605,1,4850,1,0.01,0.99974000,0.98674000
1664920800,386.00,20261001,1,4849,1,0.01,165.20400000,163.40700000
1665056700,0.00,20261001,0,4853,1,0.06,163.34600000,164.43500000
1665082839,13086.00,20261001,1,4853,0,0.06,161.16500000,164.43500000
1665100800,0.00,20260622,0,4855,0,0.02,145.14700000,144.32300000
1665399600,0.00,20261002,0,4856,1,0.01,1682.71000000,1699.81000000
1665432000,2138.00,20261002,1,4856,0,0.01,1668.04000000,1699.81000000
1665500400,0.00,20260605,0,4858,1,0.01,0.97237000,0.97487000
1665514589,-365.00,20260605,1,4858,0,0.01,0.97488000,0.97487000
1665522000,0.00,20260605,0,4860,1,0.01,0.97515000,0.97765000
1665574200,0.00,20261001,0,4861,0,0.01,161.56700000,159.71700000
1665588959,3322.00,20260622,1,4855,1,0.02,146.80200000,144.32300000
1665590400,0.00,20260622,0,4863,0,0.03,146.74400000,146.09300000
1665612000,1348.00,20261001,1,4861,1,0.01,162.91500000,159.71700000
1665675077,1568.00,20260605,1,4860,0,0.01,0.96455000,0.97765000
1665698400,0.00,20260605,0,4866,1,0.01,0.97860000,0.98110000
1665723600,-214.00,20260605,1,4866,0,0.01,0.98007000,0.98110000
1665723600,0.00,20260605,0,4868,0,0.01,0.98007000,0.97757000
1665735960,-369.00,20260605,1,4868,1,0.01,0.97757000,0.97757000
1665746100,0.00,20261000,0,4870,0,0.01,147.58500000,146.96400000
1665766812,3934.00,20260622,1,4863,1,0.03,148.04700000,146.09300000
1665777279,1242.00,20261000,1,4870,1,0.01,148.82700000,146.96400000
1665998100,0.00,20261001,0,4873,0,0.01,167.99300000,166.47400000
1666044000,1187.00,20261001,1,4873,1,0.01,169.18000000,166.47400000
1666166400,0.00,20260622,0,4875,0,0.03,149.30100000,148.59200000
1666177200,0.00,20260605,0,4876,0,0.01,0.98401000,0.98151000
1666178679,-374.00,20260605,1,4876,1,0.01,0.98151000,0.98151000
1666191600,0.00,20260605,0,4878,0,0.01,0.97837000,0.97587000
1666209880,-375.00,20260605,1,4878,1,0.01,0.97587000,0.97587000
1666273500,0.00,20261002,0,4880,0,0.01,1639.02000000,1622.35000000
1666296000,-444.00,20261002,1,4880,1,0.01,1636.06000000,1622.35000000
1666350900,0.00,20261000,0,4882,0,0.01,150.58300000,149.98400000
1666350997,4279.00,20260622,1,4875,1,0.03,150.71900000,148.59200000
1666365399,1198.00,20261000,1,4882,1,0.01,151.78100000,149.98400000
1666608300,0.00,20261002,0,4885,1,0.01,1649.93000000,1670.60000000
1666641600,-131.00,20261002,1,4885,0,0.01,1650.79000000,1670.60000000
1666775700,0.00,20261002,0,4887,0,0.01,1662.74000000,1649.59000000
1666779300,0.00,20261000,0,4888,1,0.02,147.59700000,148.40500000
1666814400,555.00,20261002,1,4887,1,0.01,1666.53000000,1649.59000000
1666821600,2654.00,20261000,1,4888,0,0.02,146.27000000,148.40500000
1666828830,0.00,20260774,0,4891,0,0.01,1.16290000,1.15790000
1666872398,-731.00,20260774,1,4891,1,0.01,1.15790000,1.15790000
1666950300,0.00,20261001,0,4893,1,0.01,168.93400000,169.92300000
1666954800,0.00,20261000,0,4894,0,0.01,147.07900000,145.94500000
1666956161,-989.00,20261001,1,4893,0,0.01,169.92300000,169.92300000
1666994400,431.00,20261000,1,4894,1,0.01,147.51000000,145.94500000
1667294100,0.00,20261002,0,4897,0,0.01,1649.61000000,1630.64000000
1667332800,-87.00,20261002,1,4897,1,0.01,1649.02000000,1630.64000000
1667381400,0.00,20261001,0,4899,1,0.01,169.24300000,170.28800000
1667426400,849.00,20261001,1,4899,0,0.01,168.39400000,170.28800000
1667462400,0.00,20260774,0,4901,0,0.01,1.14102000,1.13602000
1667466000,0.00,20260605,0,4902,1,0.01,0.98105000,0.98355000
1667466821,-738.00,20260774,1,4901,1,0.01,1.13602000,1.13602000
1667467800,0.00,20261001,0,4904,1,0.01,167.73800000,168.55300000
1667475000,0.00,20261000,0,4905,0,0.02,148.27100000,147.10200000
1667484039,1637.00,20261001,1,4904,0,0.01,166.10100000,168.55300000
1667491200,0.00,20260774,0,4907,1,0.01,1.11755000,1.12255000
1667494297,-739.00,20260774,1,4907,0,0.01,1.12255000,1.12255000
1667512800,-102.00,20261000,1,4905,1,0.02,148.22000000,147.10200000
1667573848,-369.00,20260605,1,4902,0,0.01,0.98355000,0.98355000
1667577600,0.00,20260774,0,4911,0,0.01,1.12715000,1.12215000
1667592000,0.00,20260605,0,4912,0,0.01,0.99238000,0.98988000
1667816100,0.00,20261001,0,4913,0,0.01,167.02800000,165.92400000
1667817040,1626.00,20260774,1,4911,1,0.01,1.13815000,1.12215000
1667853097,1544.00,20260605,1,4912,1,0.01,1.00288000,0.98988000
1667858400,2000.00,20261001,1,4913,1,0.01,169.02800000,165.92400000
1668038400,0.00,20260720,0,4917,0,0.01,15705.21000000,9423.13000000
1668096000,0.00,20260605,0,4918,0,0.01,1.01236000,1.00986000
1668139200,0.00,20260610,0,4919,1,0.01,142.34500000,142.84500000
1668153758,1475.00,20260605,1,4918,1,0.01,1.02286000,1.00986000
1668158554,1101.00,20260610,1,4919,0,0.01,141.24400000,142.84500000
1668164400,0.00,20261000,0,4922,1,0.02,140.61200000,142.47300000
1668167100,0.00,20261001,0,4923,1,0.06,164.81700000,166.08700000
1668204000,4252.00,20261000,1,4922,0,0.02,138.48600000,142.47300000
1668204000,3924.00,20261001,1,4923,0,0.06,164.16300000,166.08700000
1668422700,0.00,20261001,0,4926,0,0.06,165.15900000,163.68500000
1668424500,0.00,20261000,0,4927,0,0.01,140.18400000,138.79200000
1668463200,-286.00,20261000,1,4927,1,0.01,139.89800000,138.79200000
1668463200,-2202.00,20261001,1,4926,1,0.06,164.79200000,163.68500000
1668505500,0.00,20261000,0,4930,1,0.02,139.38300000,140.61700000
1668549600,612.00,20261000,1,4930,0,0.02,139.07700000,140.61700000
1669028400,0.00,20261000,0,4932,0,0.01,141.15300000,140.15200000
1669030200,0.00,20261001,0,4933,0,0.06,167.13200000,166.09000000
1669068000,1007.00,20261000,1,4932,1,0.01,142.16000000,140.15200000
1669068000,4980.00,20261001,1,4933,1,0.06,167.96200000,166.09000000
1669248000,448.00,20260720,1,4917,1,0.01,16454.37000000,9423.13000000
1669281300,0.00,20261001,0,4937,1,0.01,167.56900000,168.30100000
1669327200,-259.00,20261001,1,4937,0,0.01,167.82800000,168.30100000
1669375800,0.00,20261001,0,4939,0,0.01,168.36200000,167.63100000
1669413600,-280.00,20261001,1,4939,1,0.01,168.08200000,167.63100000
1669608000,0.00,20260605,0,4941,1,0.01,1.03475000,1.03725000
1669625099,-358.00,20260605,1,4941,0,0.01,1.03727000,1.03725000
1669626900,0.00,20261000,0,4943,1,0.01,137.86200000,139.41400000
1669626900,0.00,20261001,0,4944,1,0.01,166.44500000,168.17200000
1669631400,0.00,20261002,0,4945,0,0.02,1757.24000000,1745.75000000
1669653637,-3188.00,20261002,1,4945,1,0.02,1745.73000000,1745.75000000
1669672800,-1012.00,20261000,1,4943,0,0.01,138.87400000,139.41400000
1669672800,454.00,20261001,1,4944,0,0.01,165.99100000,168.17200000
1669718700,0.00,20261002,0,4949,0,0.01,1756.47000000,1739.38000000
1669719600,0.00,20261000,0,4950,1,0.01,138.08400000,139.34300000
1669752000,-784.00,20261002,1,4949,1,0.01,1750.81000000,1739.38000000
1669759200,-568.00,20261000,1,4950,0,0.01,138.65200000,139.34300000
1669806900,0.00,20261001,0,4953,0,0.01,166.46700000,165.45400000
1669842000,0.00,20260605,0,4954,0,0.01,1.03723000,1.03473000
1669845600,-126.00,20261001,1,4953,1,0.01,166.34100000,165.45400000
1669908638,1424.00,20260605,1,4954,1,0.01,1.04774000,1.03473000
1669972500,0.00,20261000,0,4957,1,0.01,134.69500000,135.58800000
1669972500,0.00,20261001,0,4958,1,0.01,164.88100000,165.91400000
1669995096,-893.00,20261000,1,4957,0,0.01,135.58800000,135.58800000
1670006186,-1033.00,20261001,1,4958,0,0.01,165.91400000,165.91400000
1670231700,0.00,20261000,0,4961,0,0.01,135.09500000,134.12300000
1670231700,0.00,20261001,0,4962,0,0.01,166.34100000,164.82300000
1670277600,1573.00,20261000,1,4961,1,0.01,136.66800000,134.12300000
1670277600,30.00,20261001,1,4962,1,0.01,166.37100000,164.82300000
1670284830,867371.00,20260650,1,4318,1,0.91,91.48500000,0.00000000
1670319000,0.00,20261001,0,4966,0,0.01,167.49700000,166.38700000
1670326649,-1111.00,20261001,1,4966,1,0.01,166.38600000,166.38700000
1670408100,0.00,20261001,0,4968,0,0.01,167.06700000,165.94400000
1670450400,-612.00,20261001,1,4968,1,0.01,166.45500000,165.94400000
1670515200,0.00,20260640,0,4970,0,0.01,1789.64000000,1775.35000000
1670842800,0.00,20261001,0,4971,0,0.01,167.74300000,167.10500000
1670882400,1116.00,20261001,1,4971,1,0.01,168.85900000,167.10500000
1670948377,3541.00,20260640,1,4970,1,0.01,1818.23000000,1775.35000000
1671099300,0.00,20261002,0,4974,1,0.01,1782.31000000,1808.39000000
1671100200,0.00,20261000,0,4975,0,0.01,136.21200000,135.22900000
1671127200,0.00,20260629,0,4976,1,0.01,1.06475000,0.00000000
1671127200,0.00,20260629,0,4977,0,0.01,1.22175000,0.00000000
1671134400,730.00,20261002,1,4974,0,0.01,1777.02000000,1808.39000000
1671141600,1539.00,20261000,1,4975,1,0.01,137.75100000,135.22900000
1671183900,0.00,20261001,0,4980,1,0.01,167.26200000,167.98500000
1671228000,1103.00,20261001,1,4980,0,0.01,166.15900000,167.98500000
1671448500,0.00,20261001,0,4982,0,0.01,166.24500000,165.06800000
1671487200,67.00,20261001,1,4982,1,0.01,166.31200000,165.06800000
1671531300,0.00,20261002,0,4984,0,0.01,1797.88000000,1784.47000000
1671537600,0.00,20260640,0,4985,0,0.01,1807.35000000,1790.17000000
1671556263,2773.00,20261002,1,4984,1,0.01,1818.01000000,1784.47000000
1671619500,0.00,20261001,0,4987,1,0.06,160.09100000,161.01600000
1671660000,2382.00,20261001,1,4987,0,0.06,159.69400000,161.01600000
1671739226,-2862.00,20260640,1,4985,1,0.01,1790.14000000,1790.17000000
1671790500,0.00,20261001,0,4990,0,0.01,160.00900000,159.02600000
1671832800,-100.00,20261001,1,4990,1,0.01,159.90900000,159.02600000
1672113600,0.00,20260640,0,4992,0,0.01,1804.76000000,1789.83000000
1672153200,0.00,20260605,0,4993,0,0.01,1.06361000,1.06111000
1672157859,-344.00,20260605,1,4993,1,0.01,1.06111000,1.06111000
1672223400,0.00,20261001,0,4995,0,0.01,161.44900000,160.33000000
1672250400,0.00,20260605,0,4996,1,0.01,1.06185000,1.06435000
1672257600,-154.00,20260605,1,4996,0,0.01,1.06297000,1.06435000
1672257600,0.00,20260605,0,4998,0,0.01,1.06297000,1.06047000
1672264800,152.00,20261001,1,4995,1,0.01,161.60100000,160.33000000
1672272030,-377.00,20260605,1,4998,1,0.01,1.06047000,1.06047000
1672329600,0.00,20260622,0,5001,1,0.02,133.16200000,134.21000000
1672392600,0.00,20261001,0,5002,1,0.01,159.45200000,160.43000000
1672394400,0.00,20261000,0,5003,1,0.01,132.12800000,133.08700000
1672430280,4133.00,20260622,1,5001,0,0.02,131.06600000,134.21000000
1672437600,1143.00,20261000,1,5003,0,0.01,130.98500000,133.08700000
1672437600,1425.00,20261001,1,5002,0,0.01,158.02700000,160.43000000
1672720887,2952.00,20260640,1,4992,1,0.01,1834.67000000,1789.83000000
1672738200,0.00,20261002,0,5008,0,0.01,1847.33000000,1823.58000000
1672740900,0.00,20261001,0,5009,1,0.01,155.85900000,158.35700000
1672743600,0.00,20260605,0,5010,1,0.01,1.05505000,1.05755000
1672763622,-334.00,20260605,1,5010,0,0.01,1.05760000,1.05755000
1672776000,-1069.00,20261002,1,5008,1,0.01,1839.17000000,1823.58000000
1672783200,-882.00,20261001,1,5009,0,0.01,156.74100000,158.35700000
1672823700,0.00,20261002,0,5014,0,0.01,1851.37000000,1836.02000000
1672825500,0.00,20261000,0,5015,1,0.01,130.17100000,131.45100000
1672833600,0.00,20260622,0,5016,1,0.01,130.41500000,131.80100000
1672833600,-2152.00,20260629,1,4977,1,0.01,1.20594000,0.00000000
1672833600,505.00,20260629,1,4976,0,0.01,1.06115000,0.00000000
1672851600,0.00,20260605,0,5019,1,0.01,1.06231000,1.06481000
1672852119,-1281.00,20261000,1,5015,0,0.01,131.45200000,131.45100000
1672852565,-1386.00,20260622,1,5016,0,0.01,131.80100000,131.80100000
1672862400,-132.00,20261002,1,5014,1,0.01,1850.37000000,1836.02000000
1672913700,0.00,20261000,0,5023,0,0.02,132.85800000,131.67400000
1672940140,1414.00,20260605,1,5019,0,0.01,1.05180000,1.06481000
1672956000,648.00,20261000,1,5023,1,0.02,133.18200000,131.67400000
1673006400,0.00,20260774,0,5026,1,0.01,1.18571000,1.19071000
1673019039,-678.00,20260774,1,5026,0,0.01,1.19080000,1.19071000
1673236800,0.00,20260605,0,5028,0,0.01,1.06675000,1.06425000
1673236800,0.00,20260774,0,5029,0,0.01,1.21146000,1.20646000
1673257500,0.00,20261001,0,5030,0,0.01,160.38700000,159.29400000
1673264700,0.00,20261000,0,5031,0,0.02,132.52200000,131.29900000
1673301600,-1920.00,20261000,1,5031,1,0.02,131.56200000,131.29900000
1673301600,160.00,20261001,1,5030,1,0.01,160.54700000,159.29400000
1673424000,0.00,20260640,0,5034,0,0.01,1882.55000000,1866.41000000
1673433000,0.00,20261001,0,5035,0,0.01,161.14200000,160.43100000
1673455742,1363.00,20260605,1,5028,1,0.01,1.07726000,1.06425000
1673474400,-212.00,20261001,1,5035,1,0.01,160.93000000,160.43100000
1673496000,0.00,20260622,0,5038,1,0.02,131.66200000,132.74400000
1673523000,0.00,20261001,0,5039,1,0.01,159.77800000,160.94100000
1673523900,0.00,20261000,0,5040,1,0.01,130.92400000,132.47200000
1673533800,0.00,20261002,0,5041,0,0.01,1888.63000000,1874.30000000
1673537435,-1878.00,20261002,1,5041,1,0.01,1874.30000000,1874.30000000
1673538870,1401.00,20260774,1,5029,1,0.01,1.22246000,1.20646000
1673551998,4330.00,20260622,1,5038,0,0.02,129.49700000,132.74400000
1673560800,1617.00,20261000,1,5040,0,0.01,129.30700000,132.47200000
1673560800,1722.00,20261001,1,5039,0,0.01,158.05600000,160.94100000
1673604900,0.00,20261000,0,5047,1,0.01,128.18000000,129.39900000
1673604900,0.00,20261001,0,5048,1,0.01,156.63100000,158.01500000
1673631963,3652.00,20260640,1,5034,1,0.01,1914.83000000,1866.41000000
1673647200,238.00,20261000,1,5047,0,0.01,127.94200000,129.39900000
1673647200,178.00,20261001,1,5048,0,0.01,156.45300000,158.01500000
1673864100,0.00,20261000,0,5052,0,0.01,128.53900000,127.21400000
1673865000,0.00,20261001,0,5053,0,0.01,157.04900000,156.03600000
1673865900,0.00,20261002,0,5054,1,0.01,1911.46000000,1928.78000000
1673899200,-332.00,20261002,1,5054,0,0.01,1914.04000000,1928.78000000
1673906400,18.00,20261000,1,5052,1,0.01,128.55700000,127.21400000
1673906400,-285.00,20261001,1,5053,1,0.01,156.76400000,156.03600000
1673948700,0.00,20261001,0,5058,0,0.01,157.32300000,156.37000000
1673957700,0.00,20261002,0,5059,1,0.01,1905.39000000,1918.93000000
1673971200,0.00,20260640,0,5060,0,0.01,1913.13000000,1894.84000000
1673985600,-253.00,20261002,1,5059,0,0.01,1907.36000000,1918.93000000
1673992800,189.00,20261001,1,5058,1,0.01,157.51200000,156.37000000
1674036900,0.00,20261002,0,5063,0,0.02,1912.27000000,1896.43000000
1674072000,-1787.00,20261002,1,5063,1,0.02,1905.32000000,1896.43000000
1674123300,0.00,20261002,0,5065,0,0.01,1913.93000000,1900.84000000
1674158400,780.00,20261002,1,5065,1,0.01,1920.00000000,1900.84000000
1674468900,0.00,20261002,0,5067,1,0.01,1919.46000000,1935.36000000
1674504000,-625.00,20261002,1,5067,0,0.01,1924.32000000,1935.36000000
1674553500,0.00,20261000,0,5069,1,0.01,129.78200000,130.72400000
1674553500,0.00,20261001,0,5070,1,0.01,160.99500000,161.75700000
1674578738,-944.00,20261000,1,5069,0,0.01,130.72600000,130.72400000
1674597600,534.00,20261001,1,5070,0,0.01,160.46100000,161.75700000
1674648900,0.00,20261002,0,5073,1,0.01,1923.85000000,1939.51000000
1674675037,-2047.00,20261002,1,5073,0,0.01,1939.51000000,1939.51000000
1674728100,0.00,20261001,0,5075,0,0.06,160.98900000,159.99700000
1674730800,0.00,20261000,0,5076,0,0.02,129.82000000,129.01600000
1674770400,796.00,20261000,1,5076,1,0.02,130.21800000,129.01600000
1674770400,3498.00,20261001,1,5075,1,0.06,161.57200000,159.99700000
1674814500,0.00,20261001,0,5079,1,0.01,160.64400000,161.57900000
1674856800,-370.00,20261001,1,5079,0,0.01,161.01400000,161.57900000
1675074600,0.00,20261002,0,5081,1,0.02,1921.91000000,1934.32000000
1675108800,-669.00,20261002,1,5081,0,0.02,1924.48000000,1934.32000000
1675160100,0.00,20261002,0,5083,1,0.01,1908.05000000,1927.33000000
1675160100,0.00,20261001,0,5084,1,0.01,160.46400000,161.18100000
1675177200,0.00,20260605,0,5085,1,0.01,1.08251000,1.08501000
1675179025,-326.00,20260605,1,5085,0,0.01,1.08501000,1.08501000
1675184499,-2511.00,20261002,1,5083,0,0.01,1927.33000000,1927.33000000
1675202400,41.00,20261001,1,5084,0,0.01,160.42300000,161.18100000
1675243800,0.00,20261001,0,5089,0,0.01,160.67400000,159.83800000
1675260627,-836.00,20261001,1,5089,1,0.01,159.83800000,159.83800000
1675290810,3033.00,20260640,1,5060,1,0.01,1949.73000000,1894.84000000
1675296000,0.00,20260622,0,5092,1,0.02,128.89800000,129.89800000
1675416600,0.00,20261001,0,5093,1,0.01,156.80100000,157.37700000
1675424196,-576.00,20261001,1,5093,0,0.01,157.37700000,157.37700000
1675425600,0.00,20260774,0,5095,0,0.01,1.22470000,1.21970000
1675438229,-645.00,20260774,1,5095,1,0.01,1.21970000,1.21970000
1675439039,-2079.00,20260622,1,5092,0,0.02,129.90800000,129.89800000
1675440000,0.00,20260605,0,5098,1,0.01,1.08388000,1.08638000
1675440000,0.00,20260774,0,5099,1,0.01,1.21266000,1.21766000
1675442201,-325.00,20260605,1,5098,0,0.01,1.08638000,1.08638000
1675705477,1425.00,20260774,1,5099,0,0.01,1.20165000,1.21766000
1675766700,0.00,20261000,0,5102,1,0.01,131.81300000,132.70400000
1675807200,713.00,20261000,1,5102,0,0.01,131.10000000,132.70400000
1675850400,0.00,20261001,0,5104,0,0.01,158.38300000,157.59800000
1675893600,176.00,20261001,1,5104,1,0.01,158.55900000,157.59800000
1675958400,0.00,20260610,0,5106,1,0.01,130.39700000,130.89700000
1675958400,0.00,20260774,0,5107,0,0.01,1.21933000,1.21433000
1675963720,-500.00,20260610,1,5106,0,0.01,130.89700000,130.89700000
1675967498,-654.00,20260774,1,5107,1,0.01,1.21433000,1.21433000
1675972800,0.00,20260610,0,5110,0,0.01,131.16000000,130.66000000
1676020842,-499.00,20260610,1,5110,1,0.01,130.65900000,130.66000000
1676021400,0.00,20261000,0,5112,1,0.02,130.88200000,131.88000000
1676021400,0.00,20261001,0,5113,1,0.01,158.34400000,159.61500000
1676066400,-1272.00,20261000,1,5112,0,0.02,131.51800000,131.88000000
1676066400,-131.00,20261001,1,5113,0,0.01,158.47500000,159.61500000
1676275200,0.00,20260610,0,5116,0,0.01,132.19600000,131.69600000
1676284200,0.00,20261001,0,5117,0,0.01,159.58200000,158.32100000
1676287800,0.00,20261000,0,5118,0,0.01,132.57900000,131.20500000
1676325600,-120.00,20261000,1,5118,1,0.01,132.45900000,131.20500000
1676325600,1110.00,20261001,1,5117,1,0.01,160.69200000,158.32100000
1676388778,-499.00,20260610,1,5116,1,0.01,131.69500000,131.69600000
1676404800,0.00,20260774,0,5122,1,0.01,1.21702000,1.22202000
1676452500,0.00,20261001,0,5123,1,0.01,161.22200000,162.03500000
1676454300,0.00,20261002,0,5124,1,0.01,1837.57000000,1859.96000000
1676469576,1446.00,20260774,1,5122,0,0.01,1.20600000,1.22202000
1676491200,327.00,20261002,1,5124,0,0.01,1835.09000000,1859.96000000
1676498400,-85.00,20261001,1,5123,0,0.01,161.30700000,162.03500000
1677232800,0.00,20261001,0,5128,0,0.01,162.18400000,161.18500000
1677236400,0.00,20261000,0,5129,0,0.01,135.07600000,134.04800000
1677276000,1351.00,20261000,1,5129,1,0.01,136.42700000,134.04800000
1677276000,758.00,20261001,1,5128,1,0.01,162.94200000,161.18500000
1677498300,0.00,20261001,0,5132,0,0.06,163.26700000,162.59600000
1677535200,6006.00,20261001,1,5132,1,0.06,164.26800000,162.59600000
1677662100,0.00,20261001,0,5134,0,0.01,164.34300000,163.45800000
1677673897,-887.00,20261001,1,5134,1,0.01,163.45600000,163.45800000
1677677400,0.00,20261002,0,5136,0,0.01,1837.96000000,1822.94000000
1677697200,0.00,20260605,0,5137,0,0.01,1.06742000,1.06492000
1677700800,-112.00,20261002,1,5136,1,0.01,1837.14000000,1822.94000000
1677703595,-342.00,20260605,1,5137,1,0.01,1.06491000,1.06492000
1677762000,0.00,20260605,0,5140,1,0.01,1.06130000,1.06380000
1677843000,0.00,20261000,0,5141,1,0.01,136.17900000,136.76200000
1677880800,333.00,20261000,1,5141,0,0.01,135.84600000,136.76200000
1677881073,-339.00,20260605,1,5140,0,0.01,1.06381000,1.06380000
1678107600,0.00,20260605,0,5144,0,0.01,1.06289000,1.06039000
1678181400,0.00,20261000,0,5145,1,0.02,135.69800000,136.17000000
1678184100,0.00,20261001,0,5146,1,0.06,163.20100000,163.84700000
1678199308,-944.00,20261000,1,5145,0,0.02,136.17000000,136.17000000
1678208687,-372.00,20260605,1,5144,1,0.01,1.06024000,1.06039000
1678222800,0.00,20260605,0,5149,1,0.01,1.05549000,1.05799000
1678226400,5988.00,20261001,1,5146,0,0.06,162.20300000,163.84700000
1678354200,0.00,20261001,0,5151,1,0.01,161.93600000,162.63800000
1678358700,0.00,20261000,0,5152,1,0.01,136.27500000,137.34700000
1678368326,-332.00,20260605,1,5149,0,0.01,1.05799000,1.05799000
1678374000,0.00,20260605,0,5154,1,0.01,1.05586000,1.05836000
1678380432,-340.00,20260605,1,5154,0,0.01,1.05836000,1.05836000
1678388415,-704.00,20261001,1,5151,0,0.01,162.64000000,162.63800000
1678399200,104.00,20261000,1,5152,0,0.01,136.17100000,137.34700000
1678446900,0.00,20261001,0,5158,0,0.01,163.35300000,161.93100000
1678464000,0.00,20260605,0,5159,0,0.01,1.06226000,1.05976000
1678485600,-1203.00,20261001,1,5158,1,0.01,162.15000000,161.93100000
1678683399,1420.00,20260605,1,5159,1,0.01,1.07277000,1.05976000
1678707900,0.00,20261002,0,5162,0,0.02,1892.41000000,1872.03000000
1678737600,4703.00,20261002,1,5162,1,0.02,1909.68000000,1872.03000000
1678789800,0.00,20261001,0,5164,0,0.01,162.85900000,161.84800000
1678831200,520.00,20261001,1,5164,1,0.01,163.37900000,161.84800000
1678872600,0.00,20261001,0,5166,0,0.01,163.87900000,163.07800000
1678879937,-801.00,20261001,1,5166,1,0.01,163.07800000,163.07800000
1678880700,0.00,20261001,0,5168,1,0.06,162.48500000,163.81800000
1678903167,15996.00,20261001,1,5168,0,0.06,159.81900000,163.81800000
1678910400,0.00,20260605,0,5170,1,0.01,1.05560000,1.05810000
1678912109,-340.00,20260605,1,5170,0,0.01,1.05810000,1.05810000
1678974300,0.00,20261002,0,5172,0,0.02,1925.93000000,1907.39000000
1678996800,-2674.00,20261002,1,5172,1,0.02,1916.11000000,1907.39000000
1679029200,0.00,20260605,0,5174,0,0.01,1.06344000,1.06094000
1679303700,0.00,20261002,0,5175,0,0.01,1995.41000000,1967.99000000
1679307300,0.00,20261000,0,5176,1,0.01,130.74600000,132.64200000
1679328723,-3614.00,20261002,1,5175,1,0.01,1967.98000000,1967.99000000
1679349600,-687.00,20261000,1,5176,0,0.01,131.43300000,132.64200000
1679393700,0.00,20261002,0,5179,1,0.01,1965.55000000,1985.07000000
1679393700,0.00,20261000,0,5180,0,0.01,132.09400000,131.02400000
1679393700,0.00,20261001,0,5181,0,0.01,161.78000000,160.74600000
1679398804,1366.00,20260605,1,5174,1,0.01,1.07394000,1.06094000
1679428800,3158.00,20261002,1,5179,0,0.01,1941.71000000,1985.07000000
1679436000,338.00,20261000,1,5180,1,0.01,132.43200000,131.02400000
1679436000,27.00,20261001,1,5181,1,0.01,161.80700000,160.74600000
1679500800,0.00,20260774,0,5186,0,0.01,1.22373000,1.21873000
1679644800,0.00,20260610,0,5187,1,0.01,130.12100000,130.62100000
1679652900,0.00,20261001,0,5188,1,0.01,159.30700000,160.82800000
1679658300,0.00,20261000,0,5189,1,0.01,129.73200000,130.93200000
1679672740,-500.00,20260610,1,5187,0,0.01,130.62100000,130.62100000
1679695200,-1028.00,20261000,1,5189,0,0.01,130.76000000,130.93200000
1679695200,-568.00,20261001,1,5188,0,0.01,159.87500000,160.82800000
1679875200,0.00,20260724,0,5193,0,0.01,27819.02000000,6954.76000000
1679908500,0.00,20261001,0,5194,0,0.01,160.33900000,159.57000000
1679909400,0.00,20261000,0,5195,0,0.01,131.28800000,130.46400000
1679954400,275.00,20261000,1,5195,1,0.01,131.56300000,130.46400000
1679954400,1343.00,20261001,1,5194,1,0.01,161.68200000,159.57000000
1680000300,0.00,20261001,0,5198,0,0.06,161.73100000,160.71600000
1680028537,1419.00,20260774,1,5186,1,0.01,1.23474000,1.21873000
1680040800,-2406.00,20261001,1,5198,1,0.06,161.33000000,160.71600000
1680081300,0.00,20261001,0,5201,0,0.01,162.61300000,161.32900000
1680127200,749.00,20261001,1,5201,1,0.01,163.36200000,161.32900000
1680516900,0.00,20261001,0,5203,0,0.06,164.46000000,163.41500000
1680530400,0.00,20261002,0,5204,0,0.02,1972.64000000,1949.61000000
1680552000,3750.00,20261002,1,5204,1,0.02,1986.89000000,1949.61000000
1680559200,-1326.00,20261001,1,5203,1,0.06,164.23900000,163.41500000
1680566430,0.00,20260610,0,5207,1,0.01,132.40100000,132.90100000
1680592275,-502.00,20260610,1,5207,0,0.01,132.90300000,132.90100000
1680604200,0.00,20261001,0,5209,0,0.01,165.14000000,164.16400000
1680638400,0.00,20260610,0,5210,1,0.01,131.62000000,132.12000000
1680645600,-642.00,20261001,1,5209,1,0.01,164.49800000,164.16400000
1680649200,0.00,20260605,0,5212,0,0.01,1.09581000,1.09331000
1680693300,0.00,20261001,0,5213,1,0.01,163.93800000,164.66300000
1680710400,0.00,20260640,0,5214,0,0.01,2031.68000000,2010.00000000
1680714614,-337.00,20260605,1,5212,1,0.01,1.09331000,1.09331000
1680716056,-2845.00,20260640,1,5214,1,0.01,2009.99000000,2010.00000000
1680732000,617.00,20261001,1,5213,0,0.01,163.32100000,164.66300000
1680739230,-28.00,20260724,1,5193,1,0.01,28149.65000000,6954.76000000
1680773400,0.00,20261001,0,5219,0,0.06,163.60100000,162.88400000
1680774300,0.00,20261000,0,5220,0,0.02,131.48400000,130.77100000
1680818400,522.00,20261000,1,5220,1,0.02,131.74500000,130.77100000
1680818400,2550.00,20261001,1,5219,1,0.06,164.02600000,162.88400000
1680881436,-649.00,20260610,1,5210,0,0.01,132.12000000,132.12000000
1681200000,0.00,20260640,0,5224,0,0.01,1999.97000000,1980.38000000
1681209900,0.00,20261002,0,5225,0,0.01,2003.53000000,1988.66000000
1681209900,0.00,20261000,0,5226,1,0.01,133.05700000,133.68600000
1681239916,-630.00,20261000,1,5226,0,0.01,133.68700000,133.68600000
1681243200,341.00,20261002,1,5225,1,0.01,2006.08000000,1988.66000000
1681311600,0.00,20260605,0,5229,0,0.01,1.09235000,1.08985000
1681389156,1373.00,20260605,1,5229,1,0.01,1.10286000,1.08985000
1681400884,4764.00,20260640,1,5224,1,0.01,2039.17000000,1980.38000000
1681401600,0.00,20260640,0,5232,0,0.01,2045.27000000,2021.53000000
1681487117,-3294.00,20260640,1,5232,1,0.01,2021.52000000,2021.53000000
1681754400,0.00,20260605,0,5234,1,0.01,1.09133000,1.09383000
1681798177,-332.00,20260605,1,5234,0,0.01,1.09383000,1.09383000
1681812000,0.00,20260605,0,5236,0,0.01,1.09492000,1.09242000
1681812900,0.00,20261001,0,5237,0,0.01,166.91800000,166.15900000
1681855200,-304.00,20261001,1,5237,1,0.01,166.61400000,166.15900000
1681895700,0.00,20261000,0,5239,0,0.01,134.61900000,133.94500000
1681895700,0.00,20261001,0,5240,0,0.01,167.27200000,166.47100000
1681914387,-350.00,20260605,1,5236,1,0.01,1.09241000,1.09242000
1681941600,97.00,20261000,1,5239,1,0.01,134.71600000,133.94500000
1681941600,291.00,20261001,1,5240,1,0.01,167.56300000,166.47100000
1681983900,0.00,20261000,0,5244,1,0.02,134.39800000,134.96800000
1682028000,114.00,20261000,1,5244,0,0.02,134.34100000,134.96800000
1682068500,0.00,20261001,0,5246,1,0.01,166.28800000,167.05500000
1682114400,-553.00,20261001,1,5246,0,0.01,166.84100000,167.05500000
1682418600,0.00,20261001,0,5248,1,0.01,167.12800000,167.94300000
1682429400,0.00,20261002,0,5249,1,0.02,1983.74000000,2000.78000000
1682452800,-1897.00,20261002,1,5249,0,0.02,1990.80000000,2000.78000000
1682457275,1634.00,20261001,1,5248,0,0.01,165.49400000,167.94300000
1682460000,0.00,20260605,0,5252,1,0.01,1.09715000,1.09965000
1682501535,-335.00,20260605,1,5252,0,0.01,1.09966000,1.09965000
1682502300,0.00,20261001,0,5254,0,0.01,166.31500000,165.63300000
1682539200,0.00,20260605,0,5255,0,0.01,1.10417000,1.10167000
1682546400,11.00,20261001,1,5254,1,0.01,166.32600000,165.63300000
1682609680,-368.00,20260605,1,5255,1,0.01,1.10167000,1.10167000
1682683200,0.00,20260610,0,5258,0,0.01,135.64100000,135.14100000
1682911655,1102.00,20260610,1,5258,1,0.01,136.74100000,135.14100000
1682942400,0.00,20261002,0,5260,1,0.01,1977.19000000,1991.70000000
1682954139,-1984.00,20261002,1,5260,0,0.01,1991.70000000,1991.70000000
1683026100,0.00,20261001,0,5262,1,0.06,171.49800000,172.30000000
1683032400,0.00,20260605,0,5263,1,0.01,1.09520000,1.09770000
1683037531,-343.00,20260605,1,5263,0,0.01,1.09771000,1.09770000
1683064800,6114.00,20261001,1,5262,0,0.06,170.47900000,172.30000000
1683068400,0.00,20260605,0,5266,0,0.01,1.10065000,1.09815000
1683108900,0.00,20261000,0,5267,1,0.01,135.73600000,136.59500000
1683151200,272.00,20261000,1,5267,0,0.01,135.46400000,136.59500000
1683193500,0.00,20261001,0,5269,1,0.06,168.76800000,169.42300000
1683196584,-3930.00,20261001,1,5269,0,0.06,169.42300000,169.42300000
1683248400,8.00,20260605,1,5266,1,0.01,1.10111000,1.09815000
1683248400,0.00,20260605,0,5272,1,0.01,1.10111000,1.10361000
1683252000,-150.00,20260605,1,5272,0,0.01,1.10222000,1.10361000
1683252000,0.00,20260605,0,5274,0,0.01,1.10222000,1.09972000
1683300613,-340.00,20260605,1,5274,1,0.01,1.09971000,1.09972000
1683313200,0.00,20260605,0,5276,0,0.01,1.10254000,1.10004000
1683586540,-350.00,20260605,1,5276,1,0.01,1.10004000,1.10004000
1683629100,0.00,20261001,0,5278,1,0.01,169.88800000,170.60100000
1683660217,-713.00,20261001,1,5278,0,0.01,170.60100000,170.60100000
1683662400,0.00,20260627,0,5280,0,0.02,170.59400000,169.55000000
1683741037,-2086.00,20260627,1,5280,1,0.02,169.54800000,169.55000000
1683802800,0.00,20261000,0,5282,0,0.01,134.56200000,133.88400000
1683819028,-678.00,20261000,1,5282,1,0.01,133.88400000,133.88400000
1684151100,0.00,20261001,0,5284,0,0.01,169.94000000,168.78900000
1684188000,542.00,20261001,1,5284,1,0.01,170.48200000,168.78900000
1684320300,0.00,20261000,0,5286,0,0.01,136.95400000,136.29700000
1684360800,639.00,20261000,1,5286,1,0.01,137.59300000,136.29700000
1684401300,0.00,20261001,0,5288,1,0.01,171.37400000,171.93800000
1684409400,0.00,20261000,0,5289,0,0.02,137.89300000,137.28000000
1684427858,-566.00,20261001,1,5288,0,0.01,171.94000000,171.93800000
1684447200,1510.00,20261000,1,5289,1,0.02,138.64800000,137.28000000
1684488600,0.00,20261000,0,5292,1,0.01,138.06000000,138.70400000
1684491300,0.00,20261001,0,5293,1,0.01,171.38300000,172.14400000
1684506637,-761.00,20261001,1,5293,0,0.01,172.14400000,172.14400000
1684533600,-18.00,20261000,1,5292,0,0.01,138.07800000,138.70400000
1684728000,0.00,20260774,0,5296,1,0.01,1.24658000,1.25158000
1684836900,0.00,20261001,0,5297,1,0.01,171.88200000,172.61300000
1684837800,0.00,20261002,0,5298,1,0.01,1957.12000000,1972.46000000
1684861084,-2121.00,20261002,1,5298,0,0.01,1972.48000000,1972.46000000
1684879200,-109.00,20261001,1,5297,0,0.01,171.99100000,172.61300000
1684929600,0.00,20260622,0,5301,0,0.02,138.58200000,137.71900000
1684988307,1506.00,20260774,1,5296,0,0.01,1.23558000,1.25158000
1685008800,0.00,20261001,0,5303,0,0.01,172.49900000,171.67500000
1685052000,-95.00,20261001,1,5303,1,0.01,172.40400000,171.67500000
1685098800,0.00,20261000,0,5305,1,0.01,139.52300000,140.09600000
1685115159,-573.00,20261000,1,5305,0,0.01,140.09600000,140.09600000
1685115582,3475.00,20260622,1,5301,1,0.02,140.31100000,137.71900000
1685332800,0.00,20260627,0,5308,0,0.02,173.79800000,172.74100000
1685357100,0.00,20261001,0,5309,1,0.01,173.31700000,173.94400000
1685397600,-201.00,20261001,1,5309,0,0.01,173.51800000,173.94400000
1685439000,0.00,20261000,0,5311,0,0.01,140.90800000,139.95400000
1685439000,0.00,20261001,0,5312,0,0.01,173.80500000,173.07300000
1685441430,-733.00,20261001,1,5312,1,0.01,173.07200000,173.07300000
1685441700,0.00,20261001,0,5314,1,0.01,172.98300000,173.59900000
1685448195,-618.00,20261001,1,5314,0,0.01,173.60100000,173.59900000
1685451600,0.00,20261002,0,5316,0,0.02,1953.04000000,1931.86000000
1685456002,-954.00,20261000,1,5311,1,0.01,139.95400000,139.95400000
1685476800,1856.00,20261002,1,5316,1,0.02,1959.67000000,1931.86000000
1685522021,-2106.00,20260627,1,5308,1,0.02,172.73900000,172.74100000
1685531700,0.00,20261001,0,5320,1,0.01,172.54400000,173.63200000
1685552740,-1090.00,20261001,1,5320,0,0.01,173.63400000,173.63200000
1685610900,0.00,20261001,0,5322,0,0.01,173.67700000,172.95200000
1685615400,0.00,20261000,0,5323,0,0.01,139.88200000,138.95200000
1685635200,0.00,20260774,0,5324,0,0.01,1.24859000,1.24359000
1685637136,-930.00,20261000,1,5323,1,0.01,138.95200000,138.95200000
1685656800,235.00,20261001,1,5322,1,0.01,173.91200000,172.95200000
1685736000,-518.00,20260774,1,5324,1,0.01,1.24490000,1.24359000
1685736000,0.00,20260774,0,5328,1,0.01,1.24490000,1.24990000
1685923500,0.00,20260650,0,5329,0,1.43,92.61200000,0.00000000
1685966400,0.00,20260622,0,5330,0,0.02,140.26900000,139.32200000
1685984797,-1894.00,20260622,1,5330,1,0.02,139.32200000,139.32200000
1686047400,0.00,20261001,0,5332,1,0.06,173.03900000,173.75800000
1686088800,-3396.00,20261001,1,5332,0,0.06,173.60500000,173.75800000
1686132000,0.00,20261001,0,5334,1,0.01,172.73000000,173.52000000
1686143257,-792.00,20261001,1,5334,0,0.01,173.52200000,173.52000000
1686157081,-715.00,20260774,1,5328,0,0.01,1.24990000,1.24990000
1686164400,0.00,20260605,0,5337,1,0.01,1.07004000,1.07254000
1686225035,-342.00,20260605,1,5337,0,0.01,1.07254000,1.07254000
1686236400,0.00,20260605,0,5339,0,0.01,1.07365000,1.07115000
1686303900,0.00,20261001,0,5340,0,0.01,175.21400000,174.28200000
1686305700,0.00,20261000,0,5341,0,0.01,139.53900000,138.75300000
1686312000,0.00,20260622,0,5342,0,0.02,139.66600000,138.80700000
1686340800,0.00,20260627,0,5343,0,0.02,175.36300000,174.43700000
1686348000,-148.00,20261000,1,5341,1,0.01,139.39100000,138.75300000
1686348000,84.00,20261001,1,5340,1,0.01,175.29800000,174.28200000
1686594993,-1846.00,20260627,1,5343,1,0.02,174.43700000,174.43700000
1686628800,0.00,20260627,0,5347,0,0.03,174.83000000,173.99700000
1686647700,0.00,20261001,0,5348,0,0.01,175.24700000,174.44200000
1686693600,1531.00,20261001,1,5348,1,0.01,176.77800000,174.44200000
1686760765,1421.00,20260605,1,5339,1,0.01,1.08415000,1.07115000
1686805177,10033.00,20260627,1,5347,1,0.03,178.16200000,173.99700000
1686816000,0.00,20260627,0,5352,0,0.02,178.55900000,177.40600000
1686816150,3459.00,20260622,1,5342,1,0.02,141.38300000,138.80700000
1686840300,0.00,20261002,0,5354,1,0.01,1929.09000000,1945.20000000
1686847296,-2278.00,20261002,1,5354,0,0.01,1945.20000000,1945.20000000
1686906900,0.00,20261001,0,5356,0,0.01,180.03300000,178.81200000
1686909600,0.00,20261000,0,5357,0,0.01,140.98200000,139.84600000
1686952800,805.00,20261000,1,5357,1,0.01,141.78700000,139.84600000
1686952800,1921.00,20261001,1,5356,1,0.01,181.95400000,178.81200000
1687261500,0.00,20261001,0,5360,1,0.06,181.05900000,182.07800000
1687298400,4038.00,20261001,1,5360,0,0.06,180.38600000,182.07800000
1687338900,0.00,20261001,0,5362,0,0.01,181.32100000,180.32000000
1687339800,0.00,20261000,0,5363,0,0.01,142.00100000,141.27400000
1687351294,-1001.00,20261001,1,5362,1,0.01,180.32000000,180.32000000
1687384800,-218.00,20261000,1,5363,1,0.01,141.78300000,141.27400000
1687420800,0.00,20260640,0,5366,1,0.01,1929.66000000,1944.17000000
1687464000,0.00,20260622,0,5367,0,0.03,142.99300000,142.20000000
1687517100,0.00,20261001,0,5368,1,0.01,181.43700000,182.49200000
1687528455,-1056.00,20261001,1,5368,0,0.01,182.49300000,182.49200000
1687774500,0.00,20261001,0,5370,1,0.06,182.30000000,182.97500000
1687776300,0.00,20261000,0,5371,1,0.01,143.05400000,143.70900000
1687801925,-655.00,20261000,1,5371,0,0.01,143.70900000,143.70900000
1687816800,-1038.00,20261001,1,5370,0,0.06,182.47300000,182.97500000
1687858200,0.00,20261001,0,5374,0,0.01,182.98100000,182.21800000
1687885417,9283.00,20260627,1,5352,1,0.02,183.17000000,177.40600000
1687903200,669.00,20261001,1,5374,1,0.01,183.65000000,182.21800000
1687971600,0.00,20260605,0,5377,0,0.01,1.09354000,1.09104000
1687974439,-361.00,20260605,1,5377,1,0.01,1.09104000,1.09104000
1687975049,4782.00,20260622,1,5367,1,0.03,144.57900000,142.20000000
1687975200,0.00,20260605,0,5380,1,0.01,1.08976000,1.09226000
1687987092,-361.00,20260605,1,5380,0,0.01,1.09226000,1.09226000
1688052881,4314.00,20260640,1,5366,0,0.01,1900.62000000,1944.17000000
1688054400,0.00,20260640,0,5383,1,0.01,1896.05000000,1912.57000000
1688061038,-2390.00,20260640,1,5383,0,0.01,1912.58000000,1912.57000000
1688118300,0.00,20261000,0,5385,1,0.01,144.47300000,145.06100000
1688162400,171.00,20261000,1,5385,0,0.01,144.30200000,145.06100000
1688356800,0.00,20260622,0,5387,0,0.03,144.45400000,143.71100000
1688371200,0.00,20260627,0,5388,0,0.02,183.53200000,182.53000000
1688374800,0.00,20260605,0,5389,1,0.01,1.09025000,1.09275000
1688382000,0.00,20261000,0,5390,0,0.01,144.83900000,144.21800000
1688403617,-621.00,20261000,1,5390,1,0.01,144.21800000,144.21800000
1688403628,-362.00,20260605,1,5389,0,0.01,1.09276000,1.09275000
1688632443,-2198.00,20260622,1,5387,1,0.03,143.71100000,143.71100000
1688638351,-1973.00,20260627,1,5388,1,0.02,182.53000000,182.53000000
1688638500,0.00,20261001,0,5395,1,0.01,182.54600000,183.71400000
1688650179,-1168.00,20261001,1,5395,0,0.01,183.71400000,183.71400000
1688659200,0.00,20260627,0,5397,0,0.02,183.81700000,182.70000000
1688666400,0.00,20260605,0,5398,1,0.01,1.08673000,1.08923000
1688687317,-359.00,20260605,1,5398,0,0.01,1.08923000,1.08923000
1688722200,0.00,20261001,0,5400,1,0.01,182.80200000,183.55500000
1688723486,-2228.00,20260627,1,5397,1,0.02,182.70000000,182.70000000
1688724000,0.00,20261000,0,5402,1,0.01,143.39500000,144.19000000
1688745600,0.00,20260605,0,5403,0,0.01,1.09121000,1.08871000
1688767200,1257.00,20261000,1,5402,0,0.01,142.13800000,144.19000000
1688767200,301.00,20261001,1,5400,0,0.01,182.50100000,183.55500000
1688985000,0.00,20261001,0,5406,1,0.06,182.17900000,183.20900000
1689026400,2874.00,20261001,1,5406,0,0.06,181.70000000,183.20900000
1689054973,1470.00,20260605,1,5403,1,0.01,1.10171000,1.08871000
1689073200,0.00,20261001,0,5409,1,0.01,180.90200000,181.97900000
1689112800,-703.00,20261001,1,5409,0,0.01,181.60500000,181.97900000
1689154200,0.00,20261001,0,5411,1,0.01,180.63300000,181.49700000
1689199200,892.00,20261001,1,5411,0,0.01,179.74100000,181.49700000
1689235200,0.00,20260610,0,5413,1,0.01,138.51300000,139.01300000
1689246900,0.00,20261001,0,5414,0,0.01,180.51700000,179.47600000
1689285600,702.00,20261001,1,5414,1,0.01,181.21900000,179.47600000
1689309499,1071.00,20260610,1,5413,0,0.01,137.41200000,139.01300000
1689328800,0.00,20261000,0,5417,0,0.02,138.35600000,137.23200000
1689329700,0.00,20261001,0,5418,0,0.06,181.42000000,180.18500000
1689372000,908.00,20261000,1,5417,1,0.02,138.81000000,137.23200000
1689372000,2778.00,20261001,1,5418,1,0.06,181.88300000,180.18500000
1689587100,0.00,20261001,0,5421,1,0.01,181.02400000,181.79200000
1689611400,-769.00,20261001,1,5421,0,0.01,181.79300000,181.79200000
1689671700,0.00,20261001,0,5423,1,0.01,181.11500000,181.64200000
1689676200,0.00,20261002,0,5424,0,0.01,1963.10000000,1954.05000000
1689678900,0.00,20261000,0,5425,1,0.01,138.13600000,138.91500000
1689699901,-529.00,20261001,1,5423,0,0.01,181.64400000,181.64200000
1689699905,-779.00,20261000,1,5425,0,0.01,138.91500000,138.91500000
1689700166,1888.00,20261002,1,5424,1,0.01,1976.69000000,1954.05000000
1689758100,0.00,20261001,0,5429,1,0.06,180.43700000,181.61200000
1689759900,0.00,20261000,0,5430,0,0.01,139.62400000,138.75300000
1689764400,0.00,20260629,0,5431,1,0.01,1.12259000,0.00000000
1689764400,0.00,20260629,0,5432,0,0.01,1.29488000,0.00000000
1689804000,-14.00,20261000,1,5430,1,0.01,139.61000000,138.75300000
1689804000,-570.00,20261001,1,5429,0,0.06,180.53200000,181.61200000
1689848100,0.00,20261001,0,5435,1,0.01,180.03300000,180.69700000
1689890400,-273.00,20261001,1,5435,0,0.01,180.30600000,180.69700000
1689930900,0.00,20261001,0,5437,0,0.01,180.90400000,179.89800000
1689936300,0.00,20261000,0,5438,0,0.01,141.07000000,139.74000000
1689940800,0.00,20260610,0,5439,0,0.01,141.92300000,141.42300000
1689942196,-501.00,20260610,1,5439,1,0.01,141.42200000,141.42300000
1689955200,0.00,20260610,0,5441,1,0.01,141.36600000,141.86600000
1689959497,-500.00,20260610,1,5441,0,0.01,141.86600000,141.86600000
1689976800,734.00,20261000,1,5438,1,0.01,141.80400000,139.74000000
1689976800,1442.00,20261001,1,5437,1,0.01,182.34600000,179.89800000
1690195500,0.00,20261001,0,5445,1,0.06,181.63900000,182.33100000
1690236000,1368.00,20261001,1,5445,0,0.06,181.41100000,182.33100000
1690264800,0.00,20260605,0,5447,1,0.01,1.10797000,1.11047000
1690390800,-521.00,20260629,1,5432,1,0.01,1.29145000,0.00000000
1690390800,2284.00,20260629,1,5431,0,0.01,1.10658000,0.00000000
1690408782,-362.00,20260605,1,5447,0,0.01,1.11054000,1.11047000
1690458300,0.00,20261001,0,5451,0,0.01,181.81800000,180.80000000
1690488257,-1023.00,20261001,1,5451,1,0.01,180.79500000,180.80000000
1690502430,0.00,20260610,0,5453,1,0.01,139.35900000,139.85900000
1690525710,-509.00,20260610,1,5453,0,0.01,139.86800000,139.85900000
1690531200,0.00,20260610,0,5455,1,0.01,138.75700000,139.25700000
1690534062,-509.00,20260610,1,5455,0,0.01,139.26600000,139.25700000
1690790400,0.00,20260610,0,5457,0,0.01,141.89200000,141.39200000
1690797600,0.00,20261001,0,5458,0,0.01,182.64500000,180.86400000
1690800300,0.00,20261000,0,5459,0,0.01,142.17100000,140.68100000
1690840800,93.00,20261000,1,5459,1,0.01,142.26400000,140.68100000
1690840800,-15.00,20261001,1,5458,1,0.01,182.63000000,180.86400000
1690902100,1103.00,20260610,1,5457,1,0.01,142.99300000,141.39200000
1690967700,0.00,20261001,0,5463,1,0.01,182.28800000,183.12200000
1690975800,0.00,20261000,0,5464,1,0.01,142.28400000,143.33900000
1690995627,-1056.00,20261000,1,5464,0,0.01,143.34000000,143.33900000
1691013600,38.00,20261001,1,5463,0,0.01,182.25000000,183.12200000
1691057700,0.00,20261001,0,5467,1,0.06,182.04300000,182.74800000
1691060400,0.00,20261000,0,5468,1,0.02,142.89800000,143.88100000
1691064000,0.00,20260774,0,5469,1,0.01,1.26749000,1.27249000
1691071231,8490.00,20261001,1,5467,0,0.06,180.62800000,182.74800000
1691092177,-712.00,20260774,1,5469,0,0.01,1.27249000,1.27249000
1691100000,370.00,20261000,1,5468,0,0.02,142.71300000,143.88100000
1691407800,0.00,20261002,0,5473,1,0.01,1934.48000000,1946.63000000
1691438400,-16.00,20261002,1,5473,0,0.01,1934.59000000,1946.63000000
1691607600,0.00,20260605,0,5475,1,0.01,1.09734000,1.09984000
1691647200,-84.00,20260605,1,5475,0,0.01,1.09797000,1.09984000
1691647200,0.00,20260605,0,5477,0,0.01,1.09797000,1.09547000
1691658900,0.00,20261001,0,5478,0,0.01,183.39700000,182.64500000
1691704800,280.00,20261001,1,5478,1,0.01,183.67700000,182.64500000
1691769600,-188.00,20260605,1,5477,1,0.01,1.09673000,1.09547000
1691769600,0.00,20260605,0,5481,1,0.01,1.09673000,1.09923000
1692304942,1512.00,20260605,1,5481,0,0.01,1.08622000,1.09923000
1692316800,0.00,20260774,0,5483,1,0.01,1.27443000,1.27943000
1692350100,0.00,20261001,0,5484,1,0.01,184.98400000,185.89100000
1692355500,0.00,20261000,0,5485,1,0.01,145.16600000,145.85500000
1692396000,-144.00,20261000,1,5485,0,0.01,145.31000000,145.85500000
1692396000,-185.00,20261001,1,5484,0,0.01,185.16900000,185.89100000
1692696335,-738.00,20260774,1,5483,0,0.01,1.27943000,1.27943000
1692702900,0.00,20261000,0,5489,1,0.01,145.66900000,146.39500000
1692703800,0.00,20261001,0,5490,1,0.06,186.25500000,186.75400000
1692720000,0.00,20260774,0,5491,1,0.01,1.27414000,1.27914000
1692741600,-194.00,20261000,1,5489,0,0.01,145.86300000,146.39500000
1692741600,2664.00,20261001,1,5490,0,0.06,185.81100000,186.75400000
1692785700,0.00,20261001,0,5494,0,0.01,185.88200000,185.38600000
1692786700,-496.00,20261001,1,5494,1,0.01,185.38600000,185.38600000
1692787500,0.00,20261001,0,5496,1,0.06,185.06600000,185.81000000
1692791100,0.00,20261002,0,5497,0,0.01,1905.15000000,1897.11000000
1692797498,1598.00,20260774,1,5491,0,0.01,1.26314000,1.27914000
1692799239,8940.00,20261001,1,5496,0,0.06,183.57600000,185.81000000
1692809284,1760.00,20261002,1,5497,1,0.01,1917.22000000,1897.11000000
1692874800,0.00,20261000,0,5501,0,0.01,145.33700000,144.59000000
1692914400,506.00,20261000,1,5501,1,0.01,145.84300000,144.59000000
1693310400,0.00,20260622,0,5503,0,0.04,146.52200000,145.92200000
1693319400,0.00,20261002,0,5504,1,0.02,1918.60000000,1925.71000000
1693328431,-2091.00,20261002,1,5504,0,0.02,1925.72000000,1925.71000000
1693334077,-2400.00,20260622,1,5503,1,0.04,145.92200000,145.92200000
1693371600,0.00,20260605,0,5507,0,0.01,1.08697000,1.08447000
1693386900,0.00,20261001,0,5508,0,0.01,184.72500000,184.19000000
1693391400,0.00,20261000,0,5509,0,0.01,146.48500000,145.70100000
1693396800,0.00,20260622,0,5510,0,0.03,146.45300000,145.64500000
1693412798,-784.00,20261000,1,5509,1,0.01,145.70100000,145.70100000
1693413087,-2427.00,20260622,1,5510,1,0.03,145.64400000,145.64500000
1693423839,1072.00,20261001,1,5508,1,0.01,185.79700000,184.19000000
1693476900,0.00,20261001,0,5514,1,0.01,185.32900000,186.00700000
1693500443,-398.00,20260605,1,5507,1,0.01,1.08447000,1.08447000
1693504800,0.00,20260605,0,5516,0,0.01,1.08556000,1.08306000
1693508400,-261.00,20260605,1,5516,1,0.01,1.08377000,1.08306000
1693508400,0.00,20260605,0,5518,1,0.01,1.08377000,1.08627000
1693519200,1126.00,20261001,1,5514,0,0.01,184.20300000,186.00700000
1693582240,-365.00,20260605,1,5518,0,0.01,1.08629000,1.08627000
1693821600,0.00,20261001,0,5521,0,0.01,184.44700000,183.82800000
1693864800,588.00,20261001,1,5521,1,0.01,185.03500000,183.82800000
1693910700,0.00,20261000,0,5523,0,0.01,147.02200000,146.30500000
1693911600,0.00,20261001,0,5524,1,0.06,184.54800000,185.29000000
1693930777,-4452.00,20261001,1,5524,0,0.06,185.29000000,185.29000000
1693951200,726.00,20261000,1,5523,1,0.01,147.74800000,146.30500000
1693993500,0.00,20261001,0,5527,1,0.01,184.95600000,185.60200000
1694037600,229.00,20261001,1,5527,0,0.01,184.72700000,185.60200000
1694080800,0.00,20261001,0,5529,1,0.01,184.14700000,184.75700000
1694124000,604.00,20261001,1,5529,0,0.01,183.54300000,184.75700000
1694170800,0.00,20261001,0,5531,0,0.01,184.16500000,183.05100000
1694174400,0.00,20260622,0,5532,0,0.03,147.41900000,146.60300000
1694210400,-116.00,20261001,1,5531,1,0.01,184.04900000,183.05100000
1694410463,-2442.00,20260622,1,5532,1,0.03,146.60300000,146.60300000
1694423700,0.00,20261001,0,5535,1,0.01,182.72900000,183.76900000
1694427300,0.00,20261002,0,5536,0,0.01,1930.64000000,1916.54000000
1694436749,-1040.00,20261001,1,5535,0,0.01,183.76900000,183.76900000
1694462400,-1075.00,20261002,1,5536,1,0.01,1923.31000000,1916.54000000
1694510100,0.00,20261001,0,5539,0,0.01,183.86200000,183.22200000
1694515651,-641.00,20261001,1,5539,1,0.01,183.22100000,183.22200000
1694517300,0.00,20261001,0,5541,1,0.06,183.03300000,183.77900000
1694550216,-4494.00,20261001,1,5541,0,0.06,183.78200000,183.77900000
1694596500,0.00,20261001,0,5543,1,0.06,183.50500000,184.22500000
1694622279,-4320.00,20261001,1,5543,0,0.06,184.22500000,184.22500000
1694692800,0.00,20260622,0,5545,0,0.04,147.30100000,146.69600000
1694772900,0.00,20261001,0,5546,0,0.01,183.61800000,182.76100000
1694815200,-565.00,20261001,1,5546,1,0.01,183.05300000,182.76100000
1695033900,0.00,20261001,0,5548,1,0.06,182.82200000,183.33000000
1695074400,-216.00,20261001,1,5548,0,0.06,182.85800000,183.33000000
1695229200,0.00,20260605,0,5550,0,0.01,1.07179000,1.06929000
1695243677,-380.00,20260605,1,5550,1,0.01,1.06922000,1.06929000
1695247200,0.00,20260605,0,5552,1,0.01,1.06858000,1.07108000
1695296700,0.00,20261001,0,5553,1,0.01,182.33200000,183.04900000
1695297600,0.00,20261002,0,5554,1,0.01,1922.99000000,1931.40000000
1695304837,1437.00,20261001,1,5553,0,0.01,180.89500000,183.04900000
1695326400,487.00,20261002,1,5554,0,0.01,1919.69000000,1931.40000000
1695375900,0.00,20261000,0,5557,0,0.01,148.37400000,147.45700000
1695375900,0.00,20261001,0,5558,0,0.01,182.20900000,181.19100000
1695420000,3.00,20261000,1,5557,1,0.01,148.37700000,147.45700000
1695420000,-583.00,20261001,1,5558,1,0.01,181.62600000,181.19100000
1695641010,4921.00,20260622,1,5545,1,0.04,148.51300000,146.69600000
1695657600,0.00,20260622,0,5562,0,0.03,148.74700000,148.07600000
1695662738,1574.00,20260605,1,5552,0,0.01,1.05808000,1.07108000
1695720600,0.00,20261000,0,5564,0,0.01,149.13800000,148.69300000
1695765600,-79.00,20261000,1,5564,1,0.01,149.05900000,148.69300000
1695818700,0.00,20261002,0,5566,1,0.01,1894.58000000,1903.79000000
1695838950,2065.00,20261002,1,5566,0,0.01,1880.76000000,1903.79000000
1695895200,0.00,20261001,0,5568,1,0.01,181.12400000,181.56500000
1695897634,-442.00,20261001,1,5568,0,0.01,181.56600000,181.56500000
1695899700,0.00,20261001,0,5570,0,0.06,181.74500000,181.17000000
1695938400,1374.00,20261001,1,5570,1,0.06,181.97400000,181.17000000
1695980700,0.00,20261000,0,5572,1,0.01,148.83000000,149.49000000
1695983400,0.00,20261001,0,5573,1,0.06,181.95300000,182.64800000
1695990738,-4170.00,20261001,1,5573,0,0.06,182.64800000,182.64800000
1696020278,-660.00,20261000,1,5572,0,0.01,149.49000000,149.49000000
1696239900,0.00,20261001,0,5576,0,0.06,182.68300000,182.08300000
1696248900,0.00,20261002,0,5577,1,0.01,1838.14000000,1850.72000000
1696251155,-3612.00,20261001,1,5576,1,0.06,182.08100000,182.08300000
1696276800,945.00,20261002,1,5577,0,0.01,1831.83000000,1850.72000000
1696329000,0.00,20261001,0,5580,1,0.01,180.60000000,181.19200000
1696331846,-592.00,20261001,1,5580,0,0.01,181.19200000,181.19200000
1696352789,4078.00,20260622,1,5562,1,0.03,150.09000000,148.07600000
1696414500,0.00,20261001,0,5583,1,0.06,179.80300000,180.30800000
1696416300,0.00,20261000,0,5584,1,0.02,148.74000000,149.30800000
1696419039,-3042.00,20261001,1,5583,0,0.06,180.31000000,180.30800000
1696419900,0.00,20261001,0,5586,0,0.01,180.39100000,179.80600000
1696456800,-616.00,20261000,1,5584,0,0.02,149.04800000,149.30800000
1696456800,501.00,20261001,1,5586,1,0.01,180.89200000,179.80600000
1696507200,0.00,20261002,0,5589,1,0.02,1819.72000000,1829.04000000
1696536000,432.00,20261002,1,5589,0,0.02,1818.27000000,1829.04000000
1696550400,0.00,20260720,0,5591,0,0.01,27493.63000000,16496.18000000
1696583700,0.00,20261001,0,5592,0,0.01,181.26800000,180.79000000
1696585500,0.00,20261000,0,5593,0,0.01,148.99300000,148.34800000
1696616009,957.00,20261001,1,5592,1,0.01,182.22500000,180.79000000
1696618800,0.00,20260605,0,5595,0,0.01,1.05954000,1.05704000
1696629600,336.00,20261000,1,5593,1,0.01,149.32900000,148.34800000
1696809750,-702.00,20260605,1,5595,1,0.01,1.05492000,1.05704000
1696845600,0.00,20261001,0,5598,1,0.06,181.69400000,182.30300000
1696849200,0.00,20260605,0,5599,1,0.01,1.05220000,1.05470000
1696867241,-375.00,20260605,1,5599,0,0.01,1.05471000,1.05470000
1696888800,294.00,20261001,1,5598,0,0.06,181.64500000,182.30300000
1696896000,-36.00,20260720,1,5591,1,0.01,27556.57000000,16496.18000000
1696932000,0.00,20261000,0,5603,0,0.01,148.89800000,148.15400000
1696933800,0.00,20261001,0,5604,0,0.01,182.14700000,181.53000000
1696975200,-179.00,20261000,1,5603,1,0.01,148.71900000,148.15400000
1696975200,472.00,20261001,1,5604,1,0.01,182.61900000,181.53000000
1697017500,0.00,20261001,0,5607,0,0.01,183.11900000,182.44800000
1697061600,518.00,20261001,1,5607,1,0.01,183.63700000,182.44800000
1697148000,0.00,20260605,0,5609,1,0.01,1.05259000,1.05509000
1697176800,-309.00,20260605,1,5609,0,0.01,1.05468000,1.05509000
1697176800,0.00,20260605,0,5611,0,0.01,1.05468000,1.05218000
1697193000,0.00,20261001,0,5612,0,0.01,182.85800000,182.31600000
1697202101,-543.00,20261001,1,5612,1,0.01,182.31500000,182.31600000
1697203417,-372.00,20260605,1,5611,1,0.01,1.05218000,1.05218000
1697447700,0.00,20261001,0,5615,0,0.01,181.87900000,181.17600000
1697448600,0.00,20261002,0,5616,1,0.01,1912.48000000,1928.08000000
1697486400,-1435.00,20261002,1,5616,0,0.01,1922.13000000,1928.08000000
1697493600,710.00,20261001,1,5615,1,0.01,182.58900000,181.17600000
1697633100,0.00,20261002,0,5619,0,0.01,1945.31000000,1922.78000000
1697655600,0.00,20260605,0,5620,1,0.01,1.05306000,1.05556000
1697659200,659.00,20261002,1,5619,1,0.01,1949.74000000,1922.78000000
1697706900,0.00,20261001,0,5622,1,0.01,181.43900000,181.99100000
1697724146,-366.00,20260605,1,5620,0,0.01,1.05556000,1.05556000
1697731399,-552.00,20261001,1,5622,0,0.01,181.99100000,181.99100000
1697734800,0.00,20260605,0,5625,0,0.01,1.05759000,1.05509000
1697760000,0.00,20260720,0,5626,0,0.01,28745.64000000,17247.38000000
1698019230,1565.00,20260720,1,5626,1,0.01,29842.09000000,17247.38000000
1698059700,0.00,20261002,0,5628,0,0.01,1980.25000000,1962.22000000
1698091200,-878.00,20261002,1,5628,1,0.01,1974.35000000,1962.22000000
1698124899,1527.00,20260605,1,5625,1,0.01,1.06810000,1.05509000
1698139800,0.00,20261001,0,5631,0,0.01,183.72800000,183.09500000
1698142500,0.00,20261000,0,5632,1,0.01,149.37900000,149.77800000
1698146055,-633.00,20261001,1,5631,1,0.01,183.09500000,183.09500000
1698147000,0.00,20261001,0,5634,1,0.06,182.98600000,183.67600000
1698155484,-399.00,20261000,1,5632,0,0.01,149.77800000,149.77800000
1698174000,0.00,20260605,0,5636,0,0.01,1.05947000,1.05697000
1698184800,4008.00,20261001,1,5634,0,0.06,182.31800000,183.67600000
1698236788,-386.00,20260605,1,5636,1,0.01,1.05697000,1.05697000
1698311700,0.00,20261000,0,5639,0,0.01,150.65600000,150.03200000
1698313656,-627.00,20261000,1,5639,1,0.01,150.02900000,150.03200000
1698354000,0.00,20260605,0,5641,1,0.01,1.05496000,1.05746000
1698422675,-373.00,20260605,1,5641,0,0.01,1.05746000,1.05746000
1698433200,0.00,20260605,0,5643,0,0.01,1.05921000,1.05671000
1698438510,-375.00,20260605,1,5643,1,0.01,1.05671000,1.05671000
1698440400,0.00,20260605,0,5645,1,0.01,1.05664000,1.05914000
1698660000,0.00,20261002,0,5646,1,0.01,1993.56000000,2006.57000000
1698673581,-373.00,20260605,1,5645,0,0.01,1.05914000,1.05914000
1698696000,-681.00,20261002,1,5646,0,0.01,1998.10000000,2006.57000000
1698832800,0.00,20260605,0,5649,1,0.01,1.05638000,1.05888000
1698890415,-369.00,20260605,1,5649,0,0.01,1.05888000,1.05888000
1698894000,0.00,20260605,0,5651,0,0.01,1.06025000,1.05775000
1698919200,0.00,20261001,0,5652,1,0.01,182.99400000,183.54400000
1698933632,-554.00,20261001,1,5652,0,0.01,183.54800000,183.54400000
1699022668,1579.00,20260605,1,5651,1,0.01,1.07085000,1.05775000
1699038000,0.00,20260629,0,5655,0,0.01,1.07398000,0.00000000
1699038000,0.00,20260629,0,5656,1,0.01,1.23813000,0.00000000
1699263000,0.00,20261001,0,5657,0,0.01,185.31800000,184.62900000
1699308000,-89.00,20261001,1,5657,1,0.01,185.22900000,184.62900000
1699372800,0.00,20260774,0,5659,0,0.01,1.23017000,1.22517000
1699441816,-756.00,20260774,1,5659,1,0.01,1.22517000,1.22517000
1699567200,2366.00,20260629,1,5656,0,0.01,1.22212000,0.00000000
1699567200,-1175.00,20260629,1,5655,1,0.01,1.06662000,0.00000000
1699871400,0.00,20261001,0,5663,0,0.01,185.87300000,184.89900000
1699912800,245.00,20261001,1,5663,1,0.01,186.11800000,184.89900000
1700044200,0.00,20261002,0,5665,0,0.01,1972.22000000,1961.43000000
1700045100,0.00,20261001,0,5666,1,0.06,187.66600000,188.22200000
1700066485,-1619.00,20261002,1,5665,1,0.01,1961.43000000,1961.43000000
1700085600,-2040.00,20261001,1,5666,0,0.06,188.00600000,188.22200000
1700212500,0.00,20261001,0,5669,1,0.01,186.56500000,187.12800000
1700217000,0.00,20261000,0,5670,1,0.01,150.26000000,150.76600000
1700219320,1127.00,20261001,1,5669,0,0.01,185.43800000,187.12800000
1700226064,1013.00,20261000,1,5670,0,0.01,149.24700000,150.76600000
1700467200,0.00,20260610,0,5673,1,0.01,149.07200000,149.57200000
1700474400,0.00,20261001,0,5674,1,0.01,185.74800000,186.77600000
1700489700,0.00,20261002,0,5675,1,0.02,1971.44000000,1985.01000000
1700510400,-742.00,20261002,1,5675,0,0.02,1973.94000000,1985.01000000
1700517600,184.00,20261001,1,5674,0,0.01,185.56400000,186.77600000
1700537248,1071.00,20260610,1,5673,0,0.01,147.97100000,149.57200000
1700645400,0.00,20261001,0,5679,0,0.01,186.55700000,185.61900000
1700649900,0.00,20261000,0,5680,0,0.01,149.30200000,148.00600000
1700690400,267.00,20261000,1,5680,1,0.01,149.56900000,148.00600000
1700690400,263.00,20261001,1,5679,1,0.01,186.82000000,185.61900000
1700712000,0.00,20260640,0,5683,0,0.01,1993.75000000,1977.55000000
1700739900,0.00,20261001,0,5684,0,0.06,187.39600000,186.27400000
1700776800,360.00,20261001,1,5684,1,0.06,187.45600000,186.27400000
1700822700,0.00,20261001,0,5686,0,0.06,187.72000000,187.08700000
1700827200,0.00,20260628,0,5687,0,0.01,98.22500000,97.75800000
1700863200,4434.00,20261001,1,5686,1,0.06,188.45900000,187.08700000
1701100800,0.00,20260610,0,5689,1,0.01,148.80400000,149.30400000
1701188644,4406.00,20260640,1,5683,1,0.01,2026.15000000,1977.55000000
1701194801,1071.00,20260610,1,5689,0,0.01,147.70300000,149.30400000
1701201600,0.00,20260640,0,5692,0,0.01,2040.90000000,2024.62000000
1701201600,0.00,20260610,0,5693,1,0.01,147.54500000,148.04500000
1701216000,0.00,20260724,0,5694,0,0.01,37987.34000000,9496.84000000
1701225030,-455.00,20260628,1,5687,1,0.01,97.75800000,97.75800000
1701252900,0.00,20261001,0,5696,0,0.06,187.34800000,186.60700000
1701258300,0.00,20261002,0,5697,1,0.02,2036.83000000,2051.83000000
1701288000,-2471.00,20261002,1,5697,0,0.02,2045.22000000,2051.83000000
1701295200,-1512.00,20261001,1,5696,1,0.06,187.09600000,186.60700000
1701341100,0.00,20261001,0,5700,1,0.01,186.29700000,186.86500000
1701360038,-619.00,20260610,1,5693,0,0.01,148.04500000,148.04500000
1701360090,-569.00,20261001,1,5700,0,0.01,186.86600000,186.86500000
1701374400,0.00,20260605,0,5703,1,0.01,1.08891000,1.09141000
1701425700,0.00,20261001,0,5704,0,0.01,187.43000000,186.66600000
1701450029,-764.00,20261001,1,5704,1,0.01,186.66600000,186.66600000
1701462878,4165.00,20260640,1,5692,1,0.01,2073.47000000,2024.62000000
1701684900,0.00,20261000,0,5707,0,0.01,147.04400000,146.21600000
1701727200,239.00,20261000,1,5707,1,0.01,147.28300000,146.21600000
1701767700,0.00,20261001,0,5709,1,0.01,185.34600000,186.17500000
1701779400,0.00,20261002,0,5710,1,0.02,2023.53000000,2041.06000000
1701802465,1552.00,20260605,1,5703,0,0.01,1.07841000,1.09141000
1701806400,1806.00,20261002,1,5710,0,0.02,2017.40000000,2041.06000000
1701813600,45.00,20261001,1,5709,0,0.01,185.30100000,186.17500000
1701941400,0.00,20261000,0,5714,1,0.01,145.85100000,147.30100000
1701978393,2901.00,20261000,1,5714,0,0.01,142.95000000,147.30100000
1702252800,7765.00,20260724,1,5694,1,0.01,43778.77000000,9496.84000000
1702287900,0.00,20261000,0,5717,0,0.01,146.19700000,144.80100000
1702287900,0.00,20261001,0,5718,0,0.01,183.34200000,181.55700000
1702288800,0.00,20261002,0,5719,1,0.01,1992.66000000,2007.59000000
1702324800,2310.00,20261002,1,5719,0,0.01,1976.89000000,2007.59000000
1702332000,-53.00,20261000,1,5717,1,0.01,146.14400000,144.80100000
1702332000,138.00,20261001,1,5718,1,0.01,183.48000000,181.55700000
1702339200,0.00,20260724,0,5723,0,0.01,41189.64000000,10297.41000000
1702372500,0.00,20261001,0,5724,1,0.01,182.73700000,183.54300000
1702418400,-195.00,20261001,1,5724,0,0.01,182.93200000,183.54300000
1702544400,0.00,20260605,0,5726,0,0.01,1.09024000,1.08774000
1702583882,1535.00,20260605,1,5726,1,0.01,1.10074000,1.08774000
1702637100,0.00,20261001,0,5728,1,0.06,180.67200000,181.71600000
1702677600,1362.00,20261001,1,5728,0,0.06,180.44500000,181.71600000
1702892700,0.00,20261001,0,5730,0,0.01,180.74200000,179.85600000
1702936800,-150.00,20261001,1,5730,1,0.01,180.59200000,179.85600000
1702977300,0.00,20261001,0,5732,0,0.01,182.32900000,180.02600000
1702980000,0.00,20261000,0,5733,0,0.01,144.17600000,142.23600000
1703023200,-278.00,20261000,1,5733,1,0.01,143.89800000,142.23600000
1703023200,738.00,20261001,1,5732,1,0.01,183.06700000,180.02600000
1703063700,0.00,20261001,0,5736,1,0.01,181.76400000,183.32200000
1703109600,-47.00,20261001,1,5736,0,0.01,181.81100000,183.32200000
1703203230,3480.00,20260724,1,5723,1,0.01,43962.00000000,10297.41000000
1703736000,0.00,20260640,0,5739,0,0.01,2087.25000000,2071.89000000
1703750400,0.00,20260622,0,5740,1,0.03,141.14100000,141.91700000
1703754900,0.00,20261000,0,5741,1,0.01,140.80700000,141.80200000
1703754900,0.00,20261001,0,5742,1,0.01,180.48900000,181.46200000
1703762100,0.00,20261002,0,5743,1,0.02,2074.12000000,2088.31000000
1703772330,-2168.00,20260640,1,5739,1,0.01,2071.86000000,2071.89000000
1703793600,-260.00,20261002,1,5743,0,0.02,2075.04000000,2088.31000000
1703800800,-663.00,20261000,1,5741,0,0.01,141.47000000,141.80200000
1703800800,431.00,20261001,1,5742,0,0.01,180.05800000,181.46200000
1703836800,0.00,20260640,0,5748,0,0.01,2072.32000000,2056.04000000
1703851116,-2417.00,20260622,1,5740,0,0.03,141.91700000,141.91700000
1703880000,0.00,20260622,0,5750,1,0.02,140.83100000,142.00700000
1704189600,0.00,20261001,0,5751,0,0.01,180.23800000,179.14800000
1704195900,0.00,20261002,0,5752,0,0.01,2078.45000000,2062.20000000
1704205216,-2411.00,20260622,1,5750,0,0.02,142.00700000,142.00700000
1704212197,-1090.00,20261001,1,5751,1,0.01,179.14800000,179.14800000
1704213761,-2308.00,20261002,1,5752,1,0.01,2062.20000000,2062.20000000
1704217062,-2446.00,20260640,1,5748,1,0.01,2055.98000000,2056.04000000
1704258000,0.00,20260605,0,5757,1,0.01,1.09514000,1.09764000
1704273300,0.00,20261001,0,5758,0,0.01,179.78700000,178.91400000
1704310340,1746.00,20261001,1,5758,1,0.01,181.53300000,178.91400000
1704319200,0.00,20260629,0,5760,0,0.01,1.09185000,0.00000000
1704319200,0.00,20260629,0,5761,1,0.01,1.26632000,0.00000000
1704366000,0.00,20261001,0,5762,0,0.01,182.39400000,180.99700000
1704405600,960.00,20261001,1,5762,1,0.01,183.35400000,180.99700000
1704474040,-347.00,20260605,1,5757,0,0.01,1.09764000,1.09764000
1704713400,0.00,20261001,0,5765,1,0.01,183.24600000,184.20700000
1704719700,0.00,20261002,0,5766,1,0.01,2025.57000000,2046.45000000
1704744000,-317.00,20261002,1,5766,0,0.01,2027.80000000,2046.45000000
1704751200,-636.00,20261001,1,5765,0,0.01,183.88200000,184.20700000
1704881700,0.00,20261001,0,5769,0,0.01,184.20400000,183.39000000
1704924000,1419.00,20261001,1,5769,1,0.01,185.62300000,183.39000000
1705310100,0.00,20261000,0,5771,0,0.01,145.45000000,144.78100000
1705310100,0.00,20261001,0,5772,0,0.01,185.44200000,184.50400000
1705316400,0.00,20260605,0,5773,0,0.01,1.09587000,1.09337000
1705320000,-189.00,20260605,1,5773,1,0.01,1.09457000,1.09337000
1705320000,0.00,20260605,0,5775,1,0.01,1.09457000,1.09707000
1705356000,332.00,20261000,1,5771,1,0.01,145.78200000,144.78100000
1705356000,87.00,20261001,1,5772,1,0.01,185.52900000,184.50400000
1705399200,-232.00,20260629,1,5761,0,0.01,1.26739000,0.00000000
1705399200,-160.00,20260629,1,5760,1,0.01,1.09175000,0.00000000
1705401900,0.00,20261000,0,5780,0,0.01,146.48700000,145.57500000
1705442400,755.00,20261000,1,5780,1,0.01,147.24200000,145.57500000
1705482900,0.00,20261001,0,5782,0,0.01,186.83500000,185.78400000
1705507200,0.00,20260774,0,5783,1,0.01,1.26497000,1.26997000
1705521600,-437.00,20260774,1,5783,0,0.01,1.26794000,1.26997000
1705521600,0.00,20260774,0,5785,0,0.01,1.26794000,1.26294000
1705528800,1130.00,20261001,1,5782,1,0.01,187.96500000,185.78400000
1705608000,0.00,20260610,0,5787,0,0.01,148.23500000,147.73500000
1705661100,0.00,20261001,0,5788,1,0.06,187.82800000,188.91800000
1705701600,-2070.00,20261001,1,5788,0,0.06,188.17300000,188.91800000
1705899099,-500.00,20260610,1,5787,1,0.01,147.73100000,147.73500000
1706030667,1567.00,20260605,1,5775,0,0.01,1.08407000,1.09707000
1706092200,0.00,20261000,0,5792,1,0.01,147.57200000,148.37800000
1706092200,0.00,20261001,0,5793,1,0.01,187.61000000,188.26300000
1706096489,-653.00,20261001,1,5793,0,0.01,188.26300000,188.26300000
1706096700,0.00,20261001,0,5795,0,0.06,188.36700000,187.60900000
1706106475,-4548.00,20261001,1,5795,1,0.06,187.60900000,187.60900000
1706126400,0.00,20260610,0,5797,0,0.01,147.20400000,146.70400000
1706133600,-4.00,20261000,1,5792,0,0.01,147.57600000,148.37800000
1706176800,0.00,20261001,0,5799,0,0.01,188.02600000,187.43200000
1706198667,-594.00,20261001,1,5799,1,0.01,187.43200000,187.43200000
1706263200,0.00,20261001,0,5801,1,0.01,187.39100000,187.82800000
1706266527,-437.00,20261001,1,5801,0,0.01,187.82800000,187.82800000
1706267700,0.00,20261000,0,5803,0,0.01,148.05000000,147.46900000
1706267700,0.00,20261001,0,5804,0,0.06,188.09300000,187.40800000
1706283005,-586.00,20261000,1,5803,1,0.01,147.46400000,147.46900000
1706306400,288.00,20261001,1,5804,1,0.06,188.14100000,187.40800000
1706495494,1110.00,20260610,1,5797,1,0.01,148.30400000,146.70400000
1706519700,0.00,20261002,0,5808,0,0.01,2031.22000000,2019.18000000
1706558400,-300.00,20261002,1,5808,1,0.01,2029.20000000,2019.18000000
1706606100,0.00,20261001,0,5810,1,0.01,186.79900000,187.50100000
1706652000,-614.00,20261001,1,5810,0,0.01,187.41300000,187.50100000
1706742000,0.00,20260605,0,5812,1,0.01,1.08067000,1.08317000
1706778900,0.00,20261001,0,5813,1,0.01,185.84700000,186.46000000
1706791500,0.00,20261002,0,5814,1,0.02,2035.08000000,2049.53000000
1706792224,-833.00,20260774,1,5785,1,0.01,1.26292000,1.26294000
1706798729,-613.00,20261001,1,5813,0,0.01,186.46000000,186.46000000
1706805304,-4292.00,20261002,1,5814,0,0.02,2049.55000000,2049.53000000
1706808577,-365.00,20260605,1,5812,0,0.01,1.08317000,1.08317000
1706866200,0.00,20261001,0,5819,0,0.01,186.84900000,186.33500000
1706878800,0.00,20260605,0,5820,0,0.01,1.08853000,1.08603000
1706887828,-374.00,20260605,1,5820,1,0.01,1.08601000,1.08603000
1706889600,0.00,20260605,0,5822,1,0.01,1.08064000,1.08314000
1706889600,0.00,20260774,0,5823,1,0.01,1.26703000,1.27203000
1706911200,601.00,20261001,1,5819,1,0.01,187.45000000,186.33500000
1707128100,0.00,20261002,0,5825,1,0.01,2024.83000000,2042.02000000
1707145049,1625.00,20260774,1,5823,0,0.01,1.25603000,1.27203000
1707163200,-156.00,20261002,1,5825,0,0.01,2025.88000000,2042.02000000
1707297300,0.00,20261001,0,5828,0,0.01,186.64200000,186.15900000
1707343200,413.00,20261001,1,5828,1,0.01,187.05500000,186.15900000
1707387300,0.00,20261001,0,5830,0,0.01,188.00300000,186.85400000
1707408000,0.00,20260622,0,5831,0,0.03,149.40500000,148.62600000
1707429600,441.00,20261001,1,5830,1,0.01,188.44400000,186.85400000
1707768000,0.00,20260627,0,5833,0,0.03,188.67100000,187.92300000
1707840257,1600.00,20260605,1,5822,0,0.01,1.07013000,1.08314000
1707902100,0.00,20261001,0,5835,1,0.01,189.05000000,189.86500000
1707948000,-85.00,20261001,1,5835,0,0.01,189.13500000,189.86500000
1707988500,0.00,20261001,0,5837,1,0.01,188.57200000,189.20600000
1707997500,0.00,20261000,0,5838,1,0.01,149.95200000,150.55600000
1708034400,-14.00,20261000,1,5838,0,0.01,149.96600000,150.55600000
1708034400,-332.00,20261001,1,5837,0,0.01,188.90400000,189.20600000
1708045200,0.00,20260605,0,5841,0,0.01,1.07738000,1.07488000
1708097437,-376.00,20260605,1,5841,1,0.01,1.07488000,1.07488000
1708106400,0.00,20260605,0,5843,0,0.01,1.07720000,1.07470000
1708300860,0.00,20260724,0,5844,0,0.01,51894.78000000,12973.70000000
1708420500,0.00,20261001,0,5845,0,0.01,189.38300000,188.93300000
1708466400,-87.00,20261001,1,5845,1,0.01,189.29600000,188.93300000
1708508700,0.00,20261001,0,5847,0,0.01,189.54800000,189.16200000
1708513805,-387.00,20261001,1,5847,1,0.01,189.16100000,189.16200000
1708560000,0.00,20260774,0,5849,1,0.01,1.26365000,1.26865000
1708596000,0.00,20261001,0,5850,0,0.01,190.29300000,189.76700000
1708596686,-756.00,20260774,1,5849,0,0.01,1.26869000,1.26865000
1708596927,1505.00,20260605,1,5843,1,0.01,1.08770000,1.07470000
1708603200,0.00,20260774,0,5853,0,0.01,1.26768000,1.26268000
1708617337,-754.00,20260774,1,5853,1,0.01,1.26267000,1.26268000
1708617600,0.00,20260774,0,5855,1,0.01,1.26272000,1.26772000
1708639200,273.00,20261001,1,5850,1,0.01,190.56600000,189.76700000
1708682619,-759.00,20260774,1,5855,0,0.01,1.26772000,1.26772000
1708683300,0.00,20261001,0,5858,0,0.01,190.82600000,190.38600000
1708687800,0.00,20261000,0,5859,0,0.01,150.76800000,150.36200000
1708700978,-406.00,20261000,1,5859,1,0.01,150.36200000,150.36200000
1708725600,-142.00,20261001,1,5858,1,0.01,190.68400000,190.38600000
1708945200,0.00,20261001,0,5862,0,0.06,190.82000000,190.31800000
1708947900,0.00,20261000,0,5863,0,0.02,150.66300000,150.28200000
1708984800,182.00,20261000,1,5863,1,0.02,150.75400000,150.28200000
1708984800,1788.00,20261001,1,5862,1,0.06,191.11800000,190.31800000
1709028900,0.00,20261000,0,5866,1,0.01,150.30900000,150.69100000
1709029800,0.00,20261001,0,5867,1,0.01,190.65700000,191.15100000
1709071200,-233.00,20261000,1,5866,0,0.01,150.54200000,150.69100000
1709071200,-232.00,20261001,1,5867,0,0.01,190.88900000,191.15100000
1709116200,0.00,20261000,0,5870,0,0.01,150.78500000,150.36300000
1709116200,0.00,20261001,0,5871,1,0.01,190.52100000,190.93000000
1709147115,-409.00,20261001,1,5871,0,0.01,190.93000000,190.93000000
1709157600,-100.00,20261000,1,5870,1,0.01,150.68500000,150.36300000
1709164800,12489.00,20260724,1,5844,1,0.01,60533.85000000,12973.70000000
1709251200,0.00,20260724,0,5875,0,0.01,61470.30000000,15367.58000000
1709287200,0.00,20261001,0,5876,0,0.01,190.11400000,189.11600000
1709288100,0.00,20261000,0,5877,0,0.01,150.58600000,149.91700000
1709330400,-484.00,20261000,1,5877,1,0.01,150.10200000,149.91700000
1709330400,-49.00,20261001,1,5876,1,0.01,190.06500000,189.11600000
1709543700,0.00,20261001,0,5880,0,0.01,190.49000000,189.69500000
1709582400,0.00,20260774,0,5881,0,0.01,1.26973000,1.26473000
1709589600,556.00,20261001,1,5880,1,0.01,191.04600000,189.69500000
1709631000,0.00,20261001,0,5883,1,0.01,190.72000000,191.04000000
1709634600,0.00,20261002,0,5884,0,0.01,2121.05000000,2110.33000000
1709652765,2415.00,20261002,1,5884,1,0.01,2137.13000000,2110.33000000
1709663548,-320.00,20261001,1,5883,0,0.01,191.04000000,191.04000000
1709679600,0.00,20260605,0,5887,0,0.01,1.08584000,1.08334000
1709716500,0.00,20261000,0,5888,1,0.01,149.46900000,150.07500000
1709716500,0.00,20261001,0,5889,1,0.01,189.98500000,190.66400000
1709723004,-679.00,20261001,1,5889,0,0.01,190.66400000,190.66400000
1709762400,111.00,20261000,1,5888,0,0.01,149.35800000,150.07500000
1709783057,-2168.00,20260622,1,5831,1,0.03,148.62500000,148.62600000
1709827200,0.00,20260629,0,5893,0,0.01,1.08731000,0.00000000
1709827200,0.00,20260629,0,5894,1,0.01,1.27514000,0.00000000
1709844512,1609.00,20260774,1,5881,1,0.01,1.28075000,1.26473000
1709897400,0.00,20261000,0,5896,1,0.01,147.39600000,148.10700000
1709897400,0.00,20261001,0,5897,1,0.01,189.01200000,189.70300000
1709899200,0.00,20260640,0,5898,0,0.01,2169.29000000,2148.94000000
1709899200,0.00,20260610,0,5899,1,0.01,147.12100000,147.62100000
1709911865,1480.00,20260605,1,5887,1,0.01,1.09634000,1.08334000
1709935200,337.00,20261000,1,5896,0,0.01,147.05900000,148.10700000
1709935200,-63.00,20261001,1,5897,0,0.01,189.07500000,189.70300000
1710115200,10911.00,20260724,1,5875,1,0.01,69157.13000000,15367.58000000
1710153900,0.00,20261001,0,5904,1,0.01,188.41900000,189.05700000
1710194400,154.00,20261001,1,5904,0,0.01,188.26500000,189.05700000
1710201600,0.00,20260724,0,5906,0,0.01,72561.34000000,18140.34000000
1710252000,0.00,20261002,0,5907,1,0.01,2171.80000000,2184.42000000
1710253821,-561.00,20260610,1,5899,0,0.01,147.62200000,147.62100000
1710259200,0.00,20260610,0,5909,1,0.01,147.79700000,148.29700000
1710260020,2800.00,20261002,1,5907,0,0.01,2152.87000000,2184.42000000
1710326700,0.00,20261001,0,5911,0,0.01,189.13900000,188.39700000
1710329400,0.00,20261000,0,5912,0,0.01,147.95000000,147.22100000
1710367200,-117.00,20261000,1,5912,1,0.01,147.83300000,147.22100000
1710367200,30.00,20261001,1,5911,1,0.01,189.16900000,188.39700000
1710407700,0.00,20261001,0,5915,0,0.01,189.30300000,188.80100000
1710429638,-506.00,20261001,1,5915,1,0.01,188.79700000,188.80100000
1710436659,-619.00,20260610,1,5909,0,0.01,148.29700000,148.29700000
1710497700,0.00,20261001,0,5918,0,0.06,189.35600000,188.68900000
1710499500,0.00,20261000,0,5919,0,0.02,148.76800000,148.08700000
1710540000,598.00,20261000,1,5919,1,0.02,149.06700000,148.08700000
1710540000,3186.00,20261001,1,5918,1,0.06,189.88700000,188.68900000
1710734400,0.00,20260610,0,5922,0,0.01,149.20100000,148.70100000
1710737130,-4087.00,20260640,1,5898,1,0.01,2148.92000000,2148.94000000
1710741600,301.00,20260629,1,5894,0,0.01,1.27276000,0.00000000
1710741600,64.00,20260629,1,5893,1,0.01,1.08846000,0.00000000
1710767700,0.00,20261002,0,5926,0,0.02,2159.94000000,2145.99000000
1710792000,-21.00,20261002,1,5926,1,0.02,2159.87000000,2145.99000000
1710817200,0.00,20260605,0,5928,1,0.01,1.08686000,1.08936000
1710833068,1103.00,20260610,1,5922,1,0.01,150.30200000,148.70100000
1710871537,9302.00,20260627,1,5833,1,0.03,191.66200000,187.92300000
1710878400,0.00,20260774,0,5931,0,0.01,1.27308000,1.26808000
1710935100,0.00,20261000,0,5932,0,0.01,151.74100000,150.78900000
1710965140,-392.00,20260605,1,5928,0,0.01,1.08946000,1.08936000
1710967538,-953.00,20261000,1,5932,1,0.01,150.78800000,150.78900000
1711017900,0.00,20261000,0,5935,0,0.02,151.37300000,150.25200000
1711029600,0.00,20260605,0,5936,0,0.01,1.09107000,1.08857000
1711036418,-379.00,20260605,1,5936,1,0.01,1.08857000,1.08857000
1711036800,0.00,20260605,0,5938,1,0.01,1.08836000,1.09086000
1711041198,-781.00,20260774,1,5931,1,0.01,1.26808000,1.26808000
1711051200,0.00,20260774,0,5940,1,0.01,1.26544000,1.27044000
1711058400,600.00,20261000,1,5935,1,0.02,151.67300000,150.25200000
1711065600,-11086.00,20260724,1,5906,1,0.01,65598.77000000,18140.34000000
1711112400,0.00,20260629,0,5943,1,0.01,1.08156000,0.00000000
1711112400,0.00,20260629,0,5944,0,0.01,1.25844000,0.00000000
1711362600,0.00,20261001,0,5945,0,0.01,190.87400000,190.32300000
1711404000,508.00,20261001,1,5945,1,0.01,191.38200000,190.32300000
1711538100,0.00,20261000,0,5947,1,0.02,151.29700000,151.95900000
1711538100,0.00,20261001,0,5948,1,0.06,191.01000000,191.51500000
1711576800,-72.00,20261000,1,5947,0,0.02,151.33300000,151.95900000
1711576800,-696.00,20261001,1,5948,0,0.06,191.12600000,191.51500000
1711612800,0.00,20260640,0,5951,0,0.01,2197.38000000,2175.31000000
1711624500,0.00,20261001,0,5952,1,0.01,190.65000000,191.23700000
1711624625,1603.00,20260605,1,5938,0,0.01,1.07786000,1.09086000
1711629000,0.00,20261002,0,5954,0,0.01,2204.61000000,2187.23000000
1711638100,-589.00,20261001,1,5952,0,0.01,191.23900000,191.23700000
1711656000,2603.00,20261002,1,5954,1,0.01,2221.81000000,2187.23000000
1711684800,546.00,20260629,1,5944,1,0.01,1.26232000,0.00000000
1711684800,597.00,20260629,1,5943,0,0.01,1.07771000,0.00000000
1711933553,6410.00,20260640,1,5951,1,0.01,2241.53000000,2175.31000000
1711996669,1609.00,20260774,1,5940,0,0.01,1.25444000,1.27044000
1712056500,0.00,20261002,0,5961,0,0.01,2262.16000000,2246.55000000
1712088000,-300.00,20261002,1,5961,1,0.01,2260.18000000,2246.55000000
1712206800,0.00,20260605,0,5963,0,0.01,1.08417000,1.08167000
1712316600,0.00,20261000,0,5964,0,0.02,151.42900000,150.80000000
1712317500,0.00,20261001,0,5965,0,0.06,191.38300000,190.66000000
1712318400,0.00,20260640,0,5966,0,0.01,2288.25000000,2260.63000000
1712331027,-392.00,20260605,1,5963,1,0.01,1.08166000,1.08167000
1712336400,0.00,20260605,0,5968,1,0.01,1.08001000,1.08251000
1712338885,-379.00,20260605,1,5968,0,0.01,1.08251000,1.08251000
1712340000,0.00,20260605,0,5970,0,0.01,1.08196000,1.07946000
1712354400,226.00,20261000,1,5964,1,0.02,151.54200000,150.80000000
1712354400,474.00,20261001,1,5965,1,0.06,191.46200000,190.66000000
1712554663,8242.00,20260640,1,5966,1,0.01,2343.53000000,2260.63000000
1712574900,0.00,20261001,0,5974,0,0.01,191.84500000,191.32600000
1712575800,0.00,20261000,0,5975,0,0.01,151.90700000,151.53800000
1712613600,-146.00,20261000,1,5975,1,0.01,151.76100000,151.53800000
1712613600,244.00,20261001,1,5974,1,0.01,192.08900000,191.32600000
1712654100,0.00,20261001,0,5978,0,0.01,192.32100000,191.90100000
1712678400,0.00,20260774,0,5979,0,0.01,1.26977000,1.26477000
1712700000,-79.00,20261001,1,5978,1,0.01,192.24200000,191.90100000
1712763037,-765.00,20260774,1,5979,1,0.01,1.26477000,1.26477000
1712763199,-415.00,20260605,1,5970,1,0.01,1.07946000,1.07946000
1712786400,0.00,20260605,0,5983,1,0.01,1.07355000,1.07605000
1712830500,0.00,20261001,0,5984,0,0.06,192.19800000,191.54600000
1712835000,0.00,20261000,0,5985,0,0.02,153.22400000,152.74900000
1712872800,20.00,20261000,1,5985,1,0.02,153.23400000,152.74900000
1712872800,912.00,20261001,1,5984,1,0.06,192.35000000,191.54600000
1712908800,0.00,20260640,0,5988,0,0.01,2384.33000000,2351.35000000
1712915100,0.00,20261001,0,5989,1,0.01,191.86400000,192.38700000
1712936225,1046.00,20261001,1,5989,0,0.01,190.81800000,192.38700000
1712942042,1618.00,20260605,1,5983,0,0.01,1.06305000,1.07605000
1712954198,-5059.00,20260640,1,5988,1,0.01,2351.32000000,2351.35000000
1713260700,0.00,20261000,0,5993,0,0.01,154.57200000,154.12100000
1713285567,-451.00,20261000,1,5993,1,0.01,154.12100000,154.12100000
1713347100,0.00,20261001,0,5995,0,0.06,192.64700000,191.99200000
1713381810,-3936.00,20261001,1,5995,1,0.06,191.99100000,191.99200000
1713441600,0.00,20260622,0,5997,0,0.04,154.36700000,153.77100000
1713456000,0.00,20260640,0,5998,0,0.01,2385.67000000,2351.67000000
1713503920,-2380.00,20260622,1,5997,1,0.04,153.77000000,153.77100000
1713553200,0.00,20260629,0,6000,1,0.01,1.06538000,0.00000000
1713553200,0.00,20260629,0,6001,0,0.01,1.23977000,0.00000000
1713779261,-5505.00,20260640,1,5998,1,0.01,2351.66000000,2351.67000000
1713780000,0.00,20261002,0,6003,1,0.01,2355.60000000,2389.46000000
1713816000,3930.00,20261002,1,6003,0,0.01,2330.04000000,2389.46000000
1713988800,0.00,20260605,0,6005,0,0.01,1.06914000,1.06664000
1714003200,0.00,20260622,0,6006,0,0.06,155.36800000,154.97500000
1714036500,0.00,20261001,0,6007,0,0.01,194.23000000,193.19300000
1714082400,399.00,20261001,1,6007,1,0.01,194.62900000,193.19300000
1714116636,4729.00,20260622,1,6006,1,0.06,156.15400000,154.97500000
1714124700,0.00,20261001,0,6010,0,0.01,195.44200000,194.32500000
1714129300,-1122.00,20261001,1,6010,1,0.01,194.32000000,194.32500000
1714132800,0.00,20260622,0,6012,0,0.03,156.57300000,155.75600000
1714174409,4911.00,20260622,1,6012,1,0.03,158.21000000,155.75600000
1714359600,1705.00,20260629,1,6001,1,0.01,1.25084000,0.00000000
1714359600,-839.00,20260629,1,6000,0,0.01,1.07079000,0.00000000
1714514400,-297.00,20260605,1,6005,1,0.01,1.06772000,1.06664000
1714514400,0.00,20260605,0,6017,1,0.01,1.06772000,1.07022000
1714599267,-394.00,20260605,1,6017,0,0.01,1.07022000,1.07022000
1714604400,0.00,20260605,0,6019,1,0.01,1.06884000,1.07134000
1714606049,-397.00,20260605,1,6019,0,0.01,1.07135000,1.07134000
1714608000,0.00,20260605,0,6021,0,0.01,1.07169000,1.06919000
1714666143,-396.00,20260605,1,6021,1,0.01,1.06919000,1.06919000
1714990500,0.00,20261001,0,6023,0,0.01,193.23500000,191.59400000
1714992300,0.00,20261002,0,6024,0,0.01,2323.35000000,2291.65000000
1715025600,346.00,20261002,1,6024,1,0.01,2325.54000000,2291.65000000
1715032800,184.00,20261001,1,6023,1,0.01,193.41900000,191.59400000
1715080500,0.00,20261001,0,6027,1,0.06,193.17900000,194.12000000
1715119200,-2232.00,20261001,1,6027,0,0.06,193.55100000,194.12000000
1715284800,0.00,20260628,0,6029,0,0.01,102.87200000,102.37900000
1715673600,0.00,20260622,0,6030,0,0.04,156.42100000,155.87000000
1715673600,0.00,20260640,0,6031,0,0.01,2344.24000000,2322.85000000
1715772280,-2196.00,20260622,1,6030,1,0.04,155.87000000,155.87000000
1715803739,6531.00,20260640,1,6031,1,0.01,2387.03000000,2322.85000000
1715817600,0.00,20260774,0,6034,0,0.01,1.26867000,1.26367000
1715832000,0.00,20260640,0,6035,0,0.01,2395.14000000,2372.16000000
1715877340,-3582.00,20260640,1,6035,1,0.01,2372.16000000,2372.16000000
1716264000,0.00,20260627,0,6037,0,0.03,198.82200000,198.00300000
1716369300,0.00,20261001,0,6038,0,0.01,199.33000000,198.31900000
1716389100,0.00,20261002,0,6039,1,0.01,2407.73000000,2426.44000000
1716393600,0.00,20260622,0,6040,0,0.04,156.55400000,155.96800000
1716408000,2446.00,20261002,1,6039,0,0.01,2392.10000000,2426.44000000
1716415200,-202.00,20261001,1,6038,1,0.01,199.12800000,198.31900000
1716462000,0.00,20261002,0,6043,1,0.01,2355.96000000,2383.64000000
1716462900,0.00,20261001,0,6044,0,0.01,199.65300000,199.14100000
1716466897,-513.00,20261001,1,6044,1,0.01,199.14000000,199.14100000
1716494400,2318.00,20261002,1,6043,0,0.01,2341.20000000,2383.64000000
1716551100,0.00,20261001,0,6047,0,0.01,199.47200000,199.03500000
1716588000,426.00,20261001,1,6047,1,0.01,199.89800000,199.03500000
1716805800,0.00,20261001,0,6049,0,0.06,200.01700000,199.59300000
1716847200,1590.00,20261001,1,6049,1,0.06,200.28200000,199.59300000
1716894000,0.00,20260605,0,6051,0,0.01,1.08782000,1.08532000
1716913177,1664.00,20260774,1,6034,1,0.01,1.27967000,1.26367000
1716948878,-405.00,20260605,1,6051,1,0.01,1.08532000,1.08532000
1716951600,0.00,20260605,0,6054,1,0.01,1.08503000,1.08753000
1716974100,0.00,20261001,0,6055,1,0.06,200.36900000,200.72500000
1717020000,348.00,20261001,1,6055,0,0.06,200.31100000,200.72500000
1717062300,0.00,20261000,0,6057,1,0.01,156.71700000,157.65700000
1717106400,-119.00,20261000,1,6057,0,0.01,156.83600000,157.65700000
1717153200,0.00,20261000,0,6059,0,0.01,157.15400000,156.56200000
1717155000,0.00,20261001,0,6060,0,0.06,199.93000000,199.22500000
1717170211,-383.00,20260605,1,6054,0,0.01,1.08753000,1.08753000
1717176303,-592.00,20261000,1,6059,1,0.01,156.56200000,156.56200000
1717178400,0.00,20260605,0,6063,0,0.01,1.08564000,1.08314000
1717192800,1632.00,20261001,1,6060,1,0.06,200.20200000,199.22500000
1717409700,0.00,20261001,0,6065,1,0.06,200.12800000,200.63500000
1717412400,-289.00,20260605,1,6063,1,0.01,1.08388000,1.08314000
1717412400,0.00,20260605,0,6067,1,0.01,1.08388000,1.08638000
1717434024,-391.00,20260605,1,6067,0,0.01,1.08638000,1.08638000
1717440928,-2274.00,20260622,1,6040,1,0.04,155.96100000,155.96800000
1717452000,1122.00,20261001,1,6065,0,0.06,199.94100000,200.63500000
1717492500,0.00,20261001,0,6071,1,0.06,199.52600000,200.40300000
1717496100,0.00,20261000,0,6072,1,0.02,155.64600000,156.47600000
1717503630,-2341.00,20260627,1,6037,1,0.03,197.99900000,198.00300000
1717506580,10524.00,20261001,1,6071,0,0.06,197.77200000,200.40300000
1717538400,1852.00,20261000,1,6072,0,0.02,154.72000000,156.47600000
1717578900,0.00,20261001,0,6076,0,0.01,198.87300000,197.60900000
1717624800,802.00,20261001,1,6076,1,0.01,199.67500000,197.60900000
1717666200,0.00,20261001,0,6078,0,0.06,199.69800000,198.96300000
1717670700,0.00,20261000,0,6079,0,0.02,156.22800000,155.34400000
1717711200,-1126.00,20261000,1,6079,1,0.02,155.66500000,155.34400000
1717711200,-3222.00,20261001,1,6078,1,0.06,199.16100000,198.96300000
1717751700,0.00,20261000,0,6082,1,0.01,155.30800000,155.92500000
1717751700,0.00,20261001,0,6083,1,0.01,198.54700000,199.35700000
1717774229,-619.00,20261000,1,6082,0,0.01,155.92700000,155.92500000
1717774239,-814.00,20261001,1,6083,0,0.01,199.36100000,199.35700000
1717776000,0.00,20260610,0,6086,0,0.01,156.78700000,156.28700000
1717779600,0.00,20260605,0,6087,1,0.01,1.08183000,1.08433000
1717981200,0.00,20260629,0,6088,0,0.01,1.07728000,0.00000000
1717981200,0.00,20260629,0,6089,1,0.01,1.27189000,0.00000000
1718106300,0.00,20261001,0,6090,0,0.01,200.38200000,199.68600000
1718125528,-696.00,20261001,1,6090,1,0.01,199.68600000,199.68600000
1718187300,0.00,20261001,0,6092,0,0.01,200.50800000,199.97100000
1718206300,-495.00,20260610,1,6086,1,0.01,156.28600000,156.28700000
1718211520,-537.00,20261001,1,6092,1,0.01,199.97100000,199.97100000
1718213186,-385.00,20260605,1,6087,0,0.01,1.08433000,1.08433000
1718270100,0.00,20261001,0,6096,0,0.01,200.85800000,200.30300000
1718301639,-556.00,20261001,1,6096,1,0.01,200.30200000,200.30300000
1718308800,0.00,20260610,0,6098,0,0.01,156.86000000,156.36000000
1718347120,1102.00,20260610,1,6098,1,0.01,157.96000000,156.36000000
1718615700,0.00,20261001,0,6100,1,0.06,199.23900000,199.89700000
1718623839,-3960.00,20261001,1,6100,0,0.06,199.89900000,199.89700000
1718704800,0.00,20261001,0,6102,0,0.01,200.65200000,200.01700000
1718724614,-638.00,20261001,1,6102,1,0.01,200.01400000,200.01700000
1718799539,2624.00,20260628,1,6029,1,0.01,105.34000000,102.37900000
1718841720,0.00,20260628,0,6105,0,0.01,105.54000000,105.04200000
1718870400,0.00,20260627,0,6106,0,0.03,201.07900000,200.28200000
1718880300,0.00,20261001,0,6107,0,0.06,201.17800000,200.61000000
1718882100,0.00,20261000,0,6108,0,0.01,158.39500000,157.77900000
1718899200,559.00,20260629,1,6089,0,0.01,1.26790000,0.00000000
1718899200,-1015.00,20260629,1,6088,1,0.01,1.07180000,0.00000000
1718920800,394.00,20261000,1,6108,1,0.01,158.78900000,157.77900000
1718920800,78.00,20261001,1,6107,1,0.06,201.19100000,200.61000000
1718942400,0.00,20260622,0,6113,0,0.05,159.11500000,158.62300000
1719227700,0.00,20261001,0,6114,0,0.01,202.22100000,201.70500000
1719234388,-516.00,20261001,1,6114,1,0.01,201.70500000,201.70500000
1719407548,4958.00,20260622,1,6113,1,0.05,160.10000000,158.62300000
1719408600,0.00,20261002,0,6117,1,0.01,2308.27000000,2323.72000000
1719417600,0.00,20260622,0,6118,0,0.04,160.36300000,159.69500000
1719432000,1344.00,20261002,1,6117,0,0.01,2299.90000000,2323.72000000
1719493200,0.00,20260605,0,6120,1,0.01,1.06964000,1.07214000
1719502995,-401.00,20260605,1,6120,0,0.01,1.07214000,1.07214000
1719504000,0.00,20260605,0,6122,0,0.01,1.07202000,1.06952000
1719511200,-140.00,20260605,1,6122,1,0.01,1.07115000,1.06952000
1719511200,0.00,20260605,0,6124,1,0.01,1.07115000,1.07365000
1719792120,-549.00,20260605,1,6124,0,0.01,1.07459000,1.07365000
1719825300,0.00,20261001,0,6126,0,0.01,204.11400000,203.16800000
1719847460,9649.00,20260627,1,6106,1,0.03,204.26800000,200.28200000
1719849600,0.00,20260627,0,6128,0,0.03,204.37700000,203.49400000
1719856922,5385.00,20260622,1,6118,1,0.04,161.69900000,159.69500000
1719871200,49.00,20261001,1,6126,1,0.01,204.16300000,203.16800000
1719907200,0.00,20260622,0,6131,0,0.03,161.68800000,160.88500000
1719936000,0.00,20260605,0,6132,0,0.01,1.07326000,1.07076000
1719950400,0.00,20260774,0,6133,1,0.01,1.26672000,1.27172000
1719997239,2532.00,20260628,1,6105,1,0.01,108.02800000,105.04200000
1719999000,0.00,20261001,0,6135,0,0.01,205.33100000,204.58900000
1720008000,0.00,20260628,0,6136,0,0.01,108.04800000,107.55900000
1720020160,-816.00,20260774,1,6133,0,0.01,1.27172000,1.27172000
1720022400,0.00,20260774,0,6138,0,0.01,1.27196000,1.26696000
1720026760,-2406.00,20260622,1,6131,1,0.03,160.88400000,160.88500000
1720044000,544.00,20261001,1,6135,1,0.01,205.87500000,204.58900000
1720193442,1629.00,20260605,1,6132,1,0.01,1.08378000,1.07076000
1720433700,0.00,20261001,0,6142,0,0.01,206.04900000,205.27800000
1720435500,0.00,20261000,0,6143,0,0.02,160.93000000,160.25100000
1720450654,1741.00,20260774,1,6138,1,0.01,1.28296000,1.26696000
1720476000,-302.00,20261000,1,6143,1,0.02,160.77900000,160.25100000
1720476000,-63.00,20261001,1,6142,1,0.01,205.98600000,205.27800000
1720610100,0.00,20261001,0,6147,0,0.01,206.68700000,206.09400000
1720641600,0.00,20260622,0,6148,0,0.04,161.70200000,161.14700000
1720648800,1111.00,20261001,1,6147,1,0.01,207.79800000,206.09400000
1720680216,10706.00,20260627,1,6128,1,0.03,207.90900000,203.49400000
1720689300,0.00,20261001,0,6151,0,0.01,208.03600000,207.54600000
1720711805,-496.00,20261001,1,6151,1,0.01,207.54000000,207.54600000
1720711830,-2207.00,20260622,1,6148,1,0.04,161.14400000,161.14700000
1720713657,-450.00,20260628,1,6136,1,0.01,107.55800000,107.55900000
1721125800,0.00,20261002,0,6155,0,0.01,2435.47000000,2419.83000000
1721154140,3780.00,20261002,1,6155,1,0.01,2458.93000000,2419.83000000
1721211300,0.00,20261000,0,6157,1,0.01,157.56300000,158.61100000
1721212200,0.00,20261001,0,6158,1,0.01,204.41500000,205.67300000
1721232000,0.00,20260610,0,6159,1,0.01,156.55200000,157.05200000
1721253600,1449.00,20261000,1,6157,0,0.01,156.11400000,158.61100000
1721253600,1375.00,20261001,1,6158,0,0.01,203.04000000,205.67300000
1721270319,1012.00,20260610,1,6159,0,0.01,155.45100000,157.05200000
1721296800,0.00,20261002,0,6163,0,0.01,2471.80000000,2457.23000000
1721329395,-2265.00,20261002,1,6163,1,0.01,2457.23000000,2457.23000000
1721384100,0.00,20261001,0,6165,1,0.06,203.26200000,204.21000000
1721426400,-390.00,20261001,1,6165,0,0.06,203.32700000,204.21000000
1721639700,0.00,20261000,0,6167,1,0.01,156.66700000,157.60300000
1721639700,0.00,20261001,0,6168,1,0.01,202.34100000,203.59800000
1721685600,-410.00,20261000,1,6167,0,0.01,157.07700000,157.60300000
1721685600,-680.00,20261001,1,6168,0,0.01,203.02100000,203.59800000
1721731500,0.00,20261001,0,6171,1,0.01,201.87200000,203.14100000
1721732400,0.00,20261000,0,6172,1,0.01,156.03300000,157.09000000
1721772000,396.00,20261000,1,6172,0,0.01,155.63700000,157.09000000
1721772000,1035.00,20261001,1,6171,0,0.01,200.83700000,203.14100000
1721790000,0.00,20260605,0,6175,1,0.01,1.08487000,1.08737000
1721880000,0.00,20260610,0,6176,1,0.01,153.23600000,153.73600000
1721904282,1100.00,20260610,1,6176,0,0.01,152.13600000,153.73600000
1721908800,0.00,20260610,0,6178,1,0.01,152.69700000,153.19700000
1721921439,-500.00,20260610,1,6178,0,0.01,153.19700000,153.19700000
1721923200,0.00,20260610,0,6180,1,0.01,153.50800000,154.00800000
1721923589,-501.00,20260610,1,6180,0,0.01,154.00900000,154.00800000
1721937600,0.00,20260610,0,6182,1,0.01,154.01300000,154.51300000
1721993400,0.00,20261001,0,6183,0,0.06,198.46200000,197.16400000
1721994300,0.00,20261000,0,6184,0,0.02,154.37700000,153.35500000
1722001815,-530.00,20260610,1,6182,0,0.01,154.51300000,154.51300000
1722014367,-2044.00,20261000,1,6184,1,0.02,153.35500000,153.35500000
1722014368,-7800.00,20261001,1,6183,1,0.06,197.16200000,197.16400000
1722248100,0.00,20261001,0,6188,1,0.01,197.15100000,198.60100000
1722290400,-961.00,20261001,1,6188,0,0.01,198.11200000,198.60100000
1722331800,0.00,20261001,0,6190,0,0.01,199.09700000,197.47900000
1722332700,0.00,20261000,0,6191,0,0.01,155.15900000,153.60500000
1722362680,-1626.00,20261001,1,6190,1,0.01,197.47100000,197.47900000
1722366998,-1555.00,20261000,1,6191,1,0.01,153.60400000,153.60500000
1722470400,1010065.00,20260650,1,5329,1,1.43,97.95800000,0.00000000
1722512700,0.00,20261002,0,6195,1,0.01,2434.28000000,2458.24000000
1722531638,-3681.00,20261002,1,6195,0,0.01,2458.24000000,2458.24000000
1722592800,0.00,20261001,0,6197,1,0.01,189.41900000,190.49100000
1722612643,-363.00,20260605,1,6175,0,0.01,1.08739000,1.08737000
1722636000,1816.00,20261001,1,6197,0,0.01,187.60300000,190.49100000
1722859200,0.00,20260774,0,6200,1,0.01,1.27608000,1.28108000
1723540500,0.00,20261001,0,6201,0,0.01,189.00500000,187.57000000
1723542695,-819.00,20260774,1,6200,0,0.01,1.28109000,1.28108000
1723586400,-273.00,20261001,1,6201,1,0.01,188.73200000,187.57000000
1723635900,0.00,20261002,0,6204,0,0.02,2477.89000000,2455.14000000
1723652427,-6996.00,20261002,1,6204,1,0.02,2455.12000000,2455.14000000
1724058900,0.00,20261001,0,6206,1,0.01,188.48500000,191.61300000
1724104800,-2070.00,20261001,1,6206,0,0.01,190.55500000,191.61300000
1724112000,0.00,20260720,0,6208,0,0.01,59127.59000000,35476.55000000
1724169600,0.00,20260622,0,6209,1,0.01,146.16100000,147.76700000
1724227200,0.00,20260640,0,6210,0,0.01,2516.32000000,2491.06000000
1724231700,0.00,20261001,0,6211,0,0.01,190.01500000,188.91700000
1724237100,0.00,20261000,0,6212,0,0.01,146.10900000,144.92400000
1724274030,-1186.00,20261000,1,6212,1,0.01,144.92300000,144.92400000
1724277600,-328.00,20261001,1,6211,1,0.01,189.68700000,188.91700000
1724344229,-4077.00,20260640,1,6210,1,0.01,2491.05000000,2491.06000000
1724644800,0.00,20260640,0,6216,0,0.01,2513.76000000,2491.05000000
1724753700,0.00,20261001,0,6217,0,0.01,191.43400000,190.22400000
1724796000,-496.00,20261001,1,6217,1,0.01,190.93800000,190.22400000
1724856300,0.00,20261002,0,6219,1,0.01,2502.20000000,2528.92000000
1724875200,16.00,20261002,1,6219,0,0.01,2502.09000000,2528.92000000
1724928300,0.00,20261001,0,6221,0,0.01,191.41100000,190.22900000
1724936400,0.00,20261002,0,6222,0,0.01,2523.09000000,2504.13000000
1724946457,-2759.00,20261002,1,6222,1,0.01,2504.11000000,2504.13000000
1724968800,-736.00,20261001,1,6221,1,0.01,190.67500000,190.22900000
1725022800,0.00,20260605,0,6225,1,0.01,1.10818000,1.11068000
1725255039,-4224.00,20260640,1,6216,1,0.01,2491.04000000,2491.05000000
1725275700,0.00,20261001,0,6227,0,0.01,192.65600000,191.31500000
1725276600,0.00,20261000,0,6228,0,0.01,146.79600000,145.76500000
1725314400,96.00,20261000,1,6228,1,0.01,146.89200000,145.76500000
1725314400,447.00,20261001,1,6227,1,0.01,193.10300000,191.31500000
1725355800,0.00,20261001,0,6231,1,0.01,191.68100000,193.34400000
1725361200,0.00,20261000,0,6232,1,0.01,145.94100000,147.20000000
1725400800,125.00,20261000,1,6232,0,0.01,145.81600000,147.20000000
1725400800,654.00,20261001,1,6231,0,0.01,191.02700000,193.34400000
1725444000,0.00,20261001,0,6235,1,0.01,189.90400000,190.83500000
1725487200,810.00,20261001,1,6235,0,0.01,189.09400000,190.83500000
1725528600,0.00,20261001,0,6237,1,0.01,188.18000000,189.24900000
1725546506,-347.00,20260605,1,6225,0,0.01,1.11068000,1.11068000
1725549641,2694.00,20260622,1,6209,0,0.01,142.93000000,147.76700000
1725556960,-1070.00,20261001,1,6237,0,0.01,189.25000000,189.24900000
1725617700,0.00,20261000,0,6241,1,0.01,142.10800000,143.46900000
1725617700,0.00,20261001,0,6242,1,0.01,187.39000000,189.04600000
1725636602,-1658.00,20261001,1,6242,0,0.01,189.04800000,189.04600000
1725636602,-1368.00,20261000,1,6241,0,0.01,143.47600000,143.46900000
1725840030,-7768.00,20260720,1,6208,1,0.01,54332.70000000,35476.55000000
1725876900,0.00,20261000,0,6246,0,0.01,143.33100000,141.93500000
1725912000,0.00,20260622,0,6247,1,0.01,142.87200000,144.57700000
1725919200,-531.00,20261000,1,6246,1,0.01,142.80000000,141.93500000
1725926400,0.00,20260720,0,6249,0,0.01,57063.52000000,34238.11000000
1725961500,0.00,20261001,0,6250,0,0.01,187.77500000,186.78700000
1725983071,-989.00,20261001,1,6250,1,0.01,186.78600000,186.78700000
1726056000,0.00,20260640,0,6252,0,0.01,2524.42000000,2506.72000000
1726069062,-2520.00,20260640,1,6252,1,0.01,2506.71000000,2506.72000000
1726128000,0.00,20260640,0,6254,0,0.01,2517.31000000,2498.48000000
1726137000,0.00,20261001,0,6255,0,0.01,186.59900000,185.40800000
1726155005,-1191.00,20261001,1,6255,1,0.01,185.40800000,185.40800000
1726164521,5367.00,20260640,1,6254,1,0.01,2554.98000000,2498.48000000
1726189200,0.00,20260605,0,6258,0,0.01,1.10745000,1.10495000
1726226100,0.00,20261001,0,6259,1,0.01,184.71800000,186.19900000
1726264800,-209.00,20261001,1,6259,0,0.01,184.92700000,186.19900000
1726473600,0.00,20260640,0,6261,0,0.01,2585.99000000,2564.03000000
1726481700,0.00,20261001,0,6262,1,0.01,184.06800000,185.01700000
1726482600,0.00,20261000,0,6263,1,0.01,139.71500000,140.89000000
1726492347,-951.00,20261001,1,6262,0,0.01,185.01900000,185.01700000
1726512644,-1175.00,20261000,1,6263,0,0.01,140.89000000,140.89000000
1726579800,0.00,20261002,0,6266,1,0.01,2572.93000000,2586.20000000
1726598019,-3237.00,20260640,1,6261,1,0.01,2564.03000000,2564.03000000
1726603200,1363.00,20261002,1,6266,0,0.01,2563.31000000,2586.20000000
1726617600,3913.00,20260720,1,6249,1,0.01,60072.27000000,34238.11000000
1726632000,0.00,20260640,0,6270,0,0.01,2573.26000000,2552.96000000
1726695139,1444.00,20260605,1,6258,1,0.01,1.11795000,1.10495000
1726699060,-2889.00,20260640,1,6270,1,0.01,2552.95000000,2552.96000000
1726722000,0.00,20260605,0,6273,0,0.01,1.10841000,1.10591000
1726737300,0.00,20261002,0,6274,0,0.01,2577.36000000,2550.95000000
1726776000,2048.00,20261002,1,6274,1,0.01,2591.68000000,2550.95000000
1726826400,0.00,20261001,0,6276,0,0.06,190.56100000,188.68100000
1726829100,0.00,20261000,0,6277,0,0.02,143.44600000,141.94600000
1726869600,830.00,20261000,1,6277,1,0.02,143.86100000,141.94600000
1726869600,6210.00,20261001,1,6276,1,0.06,191.59600000,188.68100000
1727086500,0.00,20261001,0,6280,1,0.06,191.08400000,192.28700000
1727110875,-7224.00,20261001,1,6280,0,0.06,192.28800000,192.28700000
1727121600,0.00,20260640,0,6282,0,0.01,2628.37000000,2601.22000000
1727172000,0.00,20261000,0,6283,0,0.01,144.43700000,143.36600000
1727172000,0.00,20261001,0,6284,0,0.01,192.85200000,191.32200000
1727172277,-2153.00,20260622,1,6247,0,0.01,144.57700000,144.57700000
1727212898,-1071.00,20261000,1,6283,1,0.01,143.36600000,143.36600000
1727215200,-725.00,20261001,1,6284,1,0.01,192.12700000,191.32200000
1727232968,1463.00,20260605,1,6273,1,0.01,1.11892000,1.10591000
1727258400,0.00,20261000,0,6289,0,0.01,143.69700000,142.87800000
1727261100,0.00,20261001,0,6290,0,0.01,192.60300000,191.75200000
1727301600,972.00,20261000,1,6289,1,0.01,144.66900000,142.87800000
1727301600,100.00,20261001,1,6290,1,0.01,192.70300000,191.75200000
1727345700,0.00,20261001,0,6293,0,0.01,193.61600000,192.49100000
1727361563,7214.00,20260640,1,6282,1,0.01,2682.68000000,2601.22000000
1727388000,440.00,20261001,1,6293,1,0.01,194.05600000,192.49100000
1727429400,0.00,20261001,0,6296,1,0.06,192.57500000,195.94700000
1727467200,0.00,20260605,0,6297,0,0.01,1.11524000,1.11274000
1727474400,13494.00,20261001,1,6296,0,0.06,190.32600000,195.94700000
1727668800,0.00,20260640,0,6299,0,0.01,2661.81000000,2636.50000000
1727703000,0.00,20261002,0,6300,1,0.02,2644.90000000,2665.89000000
1727704242,-3665.00,20260640,1,6299,1,0.01,2636.48000000,2636.50000000
1727726400,1588.00,20261002,1,6300,0,0.02,2639.41000000,2665.89000000
1727730695,-373.00,20260605,1,6297,1,0.01,1.11274000,1.11274000
1727762400,0.00,20260605,0,6304,1,0.01,1.11380000,1.11630000
1727781300,0.00,20261001,0,6305,1,0.06,191.73800000,193.22700000
1727798400,0.00,20260640,0,6306,0,0.01,2651.70000000,2625.23000000
1727820000,5214.00,20261001,1,6305,0,0.06,190.86900000,193.22700000
1727865900,0.00,20261001,0,6308,0,0.01,191.60900000,190.39900000
1727902839,2420.00,20261001,1,6308,1,0.01,194.02900000,190.39900000
1727937398,1527.00,20260605,1,6304,0,0.01,1.10330000,1.11630000
1727950500,0.00,20261001,0,6311,1,0.01,192.95700000,195.16100000
1727953200,0.00,20260629,0,6312,1,0.01,1.10321000,0.00000000
1727953200,0.00,20260629,0,6313,0,0.01,1.31556000,0.00000000
1727956800,-586.00,20260629,1,6313,1,0.01,1.31151000,0.00000000
1727956800,-88.00,20260629,1,6312,0,0.01,1.10382000,0.00000000
1727960400,0.00,20260629,0,6316,1,0.01,1.10350000,0.00000000
1727960400,0.00,20260629,0,6317,0,0.01,1.31175000,0.00000000
1727964000,-12.00,20260629,1,6317,1,0.01,1.31167000,0.00000000
1727964000,-124.00,20260629,1,6316,0,0.01,1.10436000,0.00000000
1727967600,0.00,20260629,0,6320,1,0.01,1.10417000,0.00000000
1727967600,0.00,20260629,0,6321,0,0.01,1.31135000,0.00000000
1727992800,338.00,20261001,1,6311,0,0.01,192.61900000,195.16100000
1728297900,0.00,20261001,0,6323,1,0.06,194.19600000,195.60400000
1728338400,3576.00,20261001,1,6323,0,0.06,193.60000000,195.60400000
1728383400,0.00,20261001,0,6325,1,0.01,193.03400000,193.96500000
1728400139,-933.00,20261001,1,6325,0,0.01,193.96700000,193.96500000
1728408640,-4733.00,20260640,1,6306,1,0.01,2625.23000000,2625.23000000
1728475200,0.00,20260774,0,6328,1,0.01,1.30769000,1.31269000
1728898200,0.00,20261002,0,6329,0,0.01,2665.72000000,2643.04000000
1728936000,-2497.00,20261002,1,6329,1,0.01,2648.46000000,2643.04000000
1728964800,-760.00,20260629,1,6321,1,0.01,1.30645000,0.00000000
1728964800,1951.00,20260629,1,6320,0,0.01,1.09082000,0.00000000
1728986400,0.00,20261001,0,6333,1,0.01,194.82100000,195.71400000
1728990900,0.00,20261002,0,6334,0,0.02,2654.72000000,2637.98000000
1729022400,2037.00,20261002,1,6334,1,0.02,2661.76000000,2637.98000000
1729029600,-269.00,20261001,1,6333,0,0.01,195.09000000,195.71400000
1729094400,0.00,20260640,0,6337,0,0.01,2681.95000000,2659.18000000
1729483961,5943.00,20260640,1,6337,1,0.01,2727.49000000,2659.18000000
1729506600,0.00,20261000,0,6339,0,0.02,149.79300000,149.07600000
1729513800,0.00,20261002,0,6340,0,0.01,2735.61000000,2719.21000000
1729534204,-2466.00,20261002,1,6340,1,0.01,2719.19000000,2719.21000000
1729548000,1940.00,20261000,1,6339,1,0.02,150.76300000,149.07600000
1729593900,0.00,20261001,0,6343,0,0.01,196.46400000,195.40800000
1729604700,0.00,20261002,0,6344,0,0.01,2738.74000000,2718.63000000
1729612296,1580.00,20260774,1,6328,0,0.01,1.29669000,1.31269000
1729613377,-1056.00,20261001,1,6343,1,0.01,195.40800000,195.40800000
1729627200,980.00,20261002,1,6344,1,0.01,2745.24000000,2718.63000000
1729681200,0.00,20261002,0,6348,0,0.01,2755.11000000,2737.80000000
1729700079,-2610.00,20261002,1,6348,1,0.01,2737.80000000,2737.80000000
1729728032,0.00,20260650,0,6350,0,1.99,101.38200000,0.00000000
1729762200,0.00,20261002,0,6351,0,0.01,2733.40000000,2714.26000000
1729768500,0.00,20261001,0,6352,0,0.06,197.46900000,196.63700000
1729771200,0.00,20260640,0,6353,0,0.01,2737.05000000,2713.74000000
1729796920,-5016.00,20261001,1,6352,1,0.06,196.63300000,196.63700000
1729800000,12.00,20261002,1,6351,1,0.01,2733.48000000,2714.26000000
1729828800,0.00,20260622,0,6356,0,0.02,152.01800000,150.99800000
1729855800,0.00,20261001,0,6357,0,0.06,197.29100000,196.38800000
1729872000,0.00,20260628,0,6358,0,0.01,100.97000000,100.22900000
1729893600,822.00,20261001,1,6357,1,0.06,197.42800000,196.38800000
1730197800,0.00,20261001,0,6360,0,0.06,199.00600000,198.02600000
1730239200,3144.00,20261001,1,6360,1,0.06,199.53000000,198.02600000
1730269004,-729.00,20260628,1,6358,1,0.01,100.22900000,100.22900000
1730274278,6600.00,20260640,1,6353,1,0.01,2783.67000000,2713.74000000
1730275200,0.00,20260640,0,6364,0,0.01,2783.35000000,2760.39000000
1730286000,0.00,20261000,0,6365,1,0.01,152.84200000,153.45600000
1730286000,0.00,20261001,0,6366,1,0.01,198.96000000,199.56000000
1730293200,0.00,20260605,0,6367,0,0.01,1.08354000,1.08104000
1730297861,-614.00,20261000,1,6365,0,0.01,153.45600000,153.45600000
1730298268,-383.00,20260605,1,6367,1,0.01,1.08104000,1.08104000
1730300400,0.00,20260605,0,6370,1,0.01,1.08128000,1.08378000
1730303607,-382.00,20260605,1,6370,0,0.01,1.08378000,1.08378000
1730305542,-601.00,20261001,1,6366,0,0.01,199.56100000,199.56000000
1730389774,-3917.00,20260640,1,6364,1,0.01,2760.39000000,2760.39000000
1730394000,0.00,20260629,0,6374,1,0.01,1.08645000,0.00000000
1730394000,0.00,20260629,0,6375,0,0.01,1.28915000,0.00000000
1730397600,-562.00,20260629,1,6375,1,0.01,1.28546000,0.00000000
1730397600,129.00,20260629,1,6374,0,0.01,1.08560000,0.00000000
1730401200,0.00,20260629,0,6378,1,0.01,1.08571000,0.00000000
1730401200,0.00,20260629,0,6379,0,0.01,1.28650000,0.00000000
1730456100,0.00,20261001,0,6380,0,0.01,196.99900000,195.76200000
1730460600,0.00,20261000,0,6381,0,0.01,152.82200000,151.77700000
1730498400,132.00,20261000,1,6381,1,0.01,152.95400000,151.77700000
1730498400,628.00,20261001,1,6380,1,0.01,197.62700000,195.76200000
1730719800,0.00,20261001,0,6384,1,0.06,196.84500000,197.78500000
1730757600,-1560.00,20261001,1,6384,0,0.06,197.10500000,197.78500000
1730798100,0.00,20261002,0,6386,0,0.01,2740.84000000,2724.58000000
1730836800,159.00,20261002,1,6386,1,0.01,2741.89000000,2724.58000000
1730869178,4123.00,20260622,1,6356,1,0.02,154.05900000,150.99800000
1730883600,0.00,20260605,0,6389,1,0.01,1.07255000,1.07505000
1730884800,-385.00,20260605,1,6389,0,0.01,1.07505000,1.07505000
1730952000,318.00,20260629,1,6379,1,0.01,1.28883000,0.00000000
1730952000,2152.00,20260629,1,6378,0,0.01,1.07184000,0.00000000
1730970900,0.00,20261000,0,6393,1,0.01,153.75600000,154.70100000
1730983500,0.00,20261002,0,6394,0,0.02,2666.66000000,2643.20000000
1731009600,9976.00,20261002,1,6394,1,0.02,2699.26000000,2643.20000000
1731013200,0.00,20260605,0,6396,1,0.01,1.07960000,1.08210000
1731016800,665.00,20261000,1,6393,0,0.01,153.09100000,154.70100000
1731060900,0.00,20261001,0,6398,1,0.01,197.50200000,198.90900000
1731063600,0.00,20261000,0,6399,1,0.01,152.34100000,153.35800000
1731093100,1605.00,20260605,1,6396,0,0.01,1.06910000,1.08210000
1731103200,-346.00,20261000,1,6399,0,0.01,152.68700000,153.35800000
1731103200,338.00,20261001,1,6398,0,0.01,197.16400000,198.90900000
1731297600,0.00,20260622,0,6403,0,0.02,153.23500000,152.07200000
1731321000,0.00,20261000,0,6404,0,0.01,153.84500000,152.60500000
1731330000,0.00,20261002,0,6405,1,0.01,2661.81000000,2686.04000000
1731342698,5588.00,20261002,1,6405,0,0.01,2625.46000000,2686.04000000
1731362400,-90.00,20261000,1,6404,1,0.01,153.75500000,152.60500000
1731369630,0.00,20260724,0,6408,0,0.01,88001.60000000,22000.40000000
1731404700,0.00,20261002,0,6409,1,0.01,2596.80000000,2627.04000000
1731441600,-138.00,20261002,1,6409,0,0.01,2597.69000000,2627.04000000
1731493800,0.00,20261001,0,6411,0,0.01,197.68500000,196.83800000
1731514172,-847.00,20261001,1,6411,1,0.01,196.83800000,196.83800000
1731531504,4660.00,20260622,1,6403,1,0.02,155.56100000,152.07200000
1731584700,0.00,20261002,0,6414,1,0.01,2543.56000000,2581.25000000
1731614400,-4616.00,20261002,1,6414,0,0.01,2573.23000000,2581.25000000
1731663000,0.00,20261000,0,6416,1,0.01,155.84200000,156.73900000
1731663000,0.00,20261001,0,6417,1,0.06,197.57400000,198.43000000
1731691982,10272.00,20261001,1,6417,0,0.06,195.86200000,198.43000000
1731702578,1795.00,20261000,1,6416,0,0.01,154.04700000,156.73900000
1731888210,-313838.00,20260650,1,6350,1,1.99,99.71200000,0.00000000
1732013100,0.00,20261000,0,6421,1,0.01,153.55800000,154.64800000
1732013100,0.00,20261001,0,6422,1,0.01,194.32600000,196.04700000
1732046113,-1090.00,20261000,1,6421,0,0.01,154.64800000,154.64800000
1732046180,-1721.00,20261001,1,6422,0,0.01,196.04700000,196.04700000
1732094100,0.00,20261001,0,6425,0,0.01,197.62200000,195.88100000
1732096800,0.00,20261000,0,6426,0,0.01,155.66900000,154.51500000
1732140000,-311.00,20261000,1,6426,1,0.01,155.35800000,154.51500000
1732140000,-1136.00,20261001,1,6425,1,0.01,196.48600000,195.88100000
1732181400,0.00,20261001,0,6429,1,0.01,195.49100000,196.58700000
1732187700,0.00,20261000,0,6430,1,0.01,154.17900000,155.38600000
1732226400,-337.00,20261000,1,6430,0,0.01,154.51600000,155.38600000
1732226400,770.00,20261001,1,6429,0,0.01,194.72100000,196.58700000
1732233600,14801.00,20260724,1,6408,1,0.01,97932.80000000,22000.40000000
1732274100,0.00,20261001,0,6434,1,0.06,193.49100000,194.79300000
1732312800,-2532.00,20261001,1,6434,0,0.06,193.91300000,194.79300000
1732531500,0.00,20261000,0,6436,0,0.01,154.68400000,153.54000000
1732572000,-558.00,20261000,1,6436,1,0.01,154.12600000,153.54000000
1732700700,0.00,20261000,0,6438,1,0.01,151.83500000,153.22100000
1732700700,0.00,20261001,0,6439,1,0.01,191.18400000,192.60900000
1732705200,0.00,20261002,0,6440,0,0.01,2653.69000000,2626.97000000
1732730400,0.00,20260605,0,6441,0,0.01,1.05712000,1.05462000
1732737600,-2492.00,20261002,1,6440,1,0.01,2637.16000000,2626.97000000
1732744800,801.00,20261000,1,6438,0,0.01,151.03400000,153.22100000
1732744800,-223.00,20261001,1,6439,0,0.01,191.40700000,192.60900000
1732780886,-414.00,20260605,1,6441,1,0.01,1.05462000,1.05462000
1732791600,0.00,20261002,0,6446,0,0.01,2644.20000000,2620.86000000
1732824000,-515.00,20261002,1,6446,1,0.01,2640.79000000,2620.86000000
1733169600,0.00,20260610,0,6448,1,0.01,149.58800000,150.08800000
1733184000,0.00,20260724,0,6449,0,0.01,95447.88000000,23861.97000000
1733204856,-531.00,20260610,1,6448,0,0.01,150.08900000,150.08800000
1733219100,0.00,20261001,0,6451,0,0.01,190.00400000,189.14400000
1733239355,-860.00,20261001,1,6451,1,0.01,189.14400000,189.14400000
1733263200,0.00,20260605,0,6453,1,0.01,1.05036000,1.05286000
1733302259,-376.00,20260605,1,6453,0,0.01,1.05288000,1.05286000
1733303700,0.00,20261001,0,6455,0,0.01,190.64100000,189.34200000
1733304600,0.00,20261000,0,6456,0,0.01,150.37700000,149.51100000
1733349600,54.00,20261000,1,6456,1,0.01,150.43100000,149.51100000
1733349600,408.00,20261001,1,6455,1,0.01,191.04900000,189.34200000
1733480100,0.00,20261001,0,6459,0,0.06,191.93200000,190.90700000
1733483700,0.00,20261000,0,6460,0,0.02,150.46900000,149.76000000
1733500674,-1420.00,20261000,1,6460,1,0.02,149.75900000,149.76000000
1733502401,-6150.00,20261001,1,6459,1,0.06,190.90700000,190.90700000
1733736600,0.00,20261001,0,6463,0,0.01,191.37700000,190.59100000
1733738400,0.00,20261000,0,6464,0,0.01,150.35400000,149.68300000
1733743800,0.00,20261002,0,6465,0,0.02,2653.33000000,2627.42000000
1733763923,1572.00,20261001,1,6463,1,0.01,192.94900000,190.59100000
1733774400,3384.00,20261002,1,6465,1,0.02,2664.51000000,2627.42000000
1733781600,876.00,20261000,1,6464,1,0.01,151.23000000,149.68300000
1733825700,0.00,20261000,0,6469,0,0.01,151.75400000,150.88400000
1733825700,0.00,20261001,0,6470,0,0.01,193.35100000,192.44000000
1733828400,0.00,20260605,0,6471,1,0.01,1.05367000,1.05617000
1733840100,0.00,20261002,0,6472,0,0.01,2678.13000000,2657.81000000
1733860800,2449.00,20261002,1,6472,1,0.01,2694.23000000,2657.81000000
1733868000,168.00,20261000,1,6469,1,0.01,151.92200000,150.88400000
1733868000,707.00,20261001,1,6470,1,0.01,194.05800000,192.44000000
1733908500,0.00,20261001,0,6476,1,0.01,193.34700000,194.06600000
1733916207,-720.00,20261001,1,6476,0,0.01,194.06700000,194.06600000
1733916600,0.00,20261000,0,6478,0,0.02,152.40900000,151.40500000
1733916600,0.00,20261001,0,6479,0,0.06,194.24500000,193.41600000
1733954400,452.00,20261000,1,6478,1,0.02,152.63500000,151.40500000
1733954400,1740.00,20261001,1,6479,1,0.06,194.53500000,193.41600000
1734048000,5991.00,20260724,1,6449,1,0.01,99720.14000000,23861.97000000
1734076800,0.00,20260610,0,6483,0,0.01,152.90400000,152.40400000
1734090300,0.00,20261000,0,6484,0,0.01,153.39700000,152.44300000
1734127200,281.00,20261000,1,6484,1,0.01,153.67800000,152.44300000
1734349500,0.00,20261001,0,6486,0,0.01,194.68500000,193.63300000
1734359611,1102.00,20260610,1,6483,1,0.01,154.00400000,152.40400000
1734386400,795.00,20261001,1,6486,1,0.01,195.48000000,193.63300000
1734404400,126.00,20260605,1,6471,0,0.01,1.05295000,1.05617000
1734404400,0.00,20260605,0,6490,0,0.01,1.05295000,1.05045000
1734408000,-140.00,20260605,1,6490,1,0.01,1.05204000,1.05045000
1734408000,0.00,20260605,0,6492,1,0.01,1.05204000,1.05454000
1734435900,0.00,20261001,0,6493,1,0.01,195.10300000,195.88500000
1734472800,183.00,20261001,1,6493,0,0.01,194.92000000,195.88500000
1734516900,0.00,20261001,0,6495,1,0.06,194.72400000,195.46200000
1734532720,-4428.00,20261001,1,6495,0,0.06,195.46200000,195.46200000
1734556183,1631.00,20260605,1,6492,0,0.01,1.04146000,1.05454000
1734606900,0.00,20261002,0,6498,0,0.01,2620.72000000,2582.28000000
1734638400,-4343.00,20261002,1,6498,1,0.01,2592.52000000,2582.28000000
1734961500,0.00,20261002,0,6500,1,0.02,2614.76000000,2632.83000000
1734984000,1063.00,20261002,1,6500,0,0.02,2611.31000000,2632.83000000
1735214400,0.00,20260622,0,6502,0,0.04,157.44000000,156.84400000
1735578279,-2342.00,20260622,1,6502,1,0.04,156.84400000,156.84400000
1735641900,0.00,20261001,0,6504,1,0.01,195.82900000,197.03100000
1735670730,-1202.00,20261001,1,6504,0,0.01,197.03100000,197.03100000
1735811100,0.00,20261000,0,6506,1,0.01,156.48400000,157.20100000
1735811100,0.00,20261001,0,6507,1,0.01,196.07300000,197.00300000
1735824481,-717.00,20261000,1,6506,0,0.01,157.20100000,157.20100000
1735838682,1861.00,20261001,1,6507,0,0.01,194.21200000,197.00300000
1736156700,0.00,20261002,0,6510,1,0.01,2625.63000000,2647.25000000
1736158500,0.00,20261001,0,6511,0,0.01,196.56200000,195.11000000
1736170418,-3399.00,20261002,1,6510,0,0.01,2647.25000000,2647.25000000
1736179200,0.00,20260605,0,6513,0,0.01,1.04176000,1.03926000
1736180130,-396.00,20260605,1,6513,1,0.01,1.03924000,1.03926000
1736200800,552.00,20261001,1,6511,1,0.01,197.11400000,195.11000000
1736258400,0.00,20261002,0,6516,0,0.01,2648.61000000,2632.85000000
1736272800,0.00,20260605,0,6517,1,0.01,1.03720000,1.03970000
1736280000,597.00,20261002,1,6516,1,0.01,2652.41000000,2632.85000000
1736348400,0.00,20260629,0,6519,1,0.01,1.02816000,0.00000000
1736348400,0.00,20260629,0,6520,0,0.01,1.23374000,0.00000000
1736414100,0.00,20261001,0,6521,1,0.01,194.35900000,195.79500000
1736460000,-273.00,20261001,1,6521,0,0.01,194.63200000,195.79500000
1736507700,0.00,20261000,0,6523,1,0.02,157.63300000,158.41700000
1736523030,-1580.00,20261000,1,6523,0,0.02,158.42300000,158.41700000
1736523031,1679.00,20260605,1,6517,0,0.01,1.02667000,1.03970000
1736775900,0.00,20261002,0,6526,1,0.02,2677.22000000,2693.00000000
1736798400,5135.00,20261002,1,6526,0,0.02,2661.01000000,2693.00000000
1736932500,0.00,20261001,0,6528,1,0.01,191.54700000,192.98600000
1736934300,0.00,20261000,0,6529,1,0.01,157.07400000,158.07200000
1736935200,0.00,20260605,0,6530,0,0.01,1.03066000,1.02816000
1736938800,-174.00,20260605,1,6530,1,0.01,1.02955000,1.02816000
1736938800,0.00,20260605,0,6532,1,0.01,1.02955000,1.03205000
1736939700,0.00,20261002,0,6533,0,0.01,2685.20000000,2669.21000000
1736955029,-391.00,20260605,1,6532,0,0.01,1.03205000,1.03205000
1736967600,0.00,20260605,0,6535,1,0.01,1.02802000,1.03052000
1736971200,1141.00,20261002,1,6533,1,0.01,2692.49000000,2669.21000000
1736978400,601.00,20261000,1,6529,0,0.01,156.47300000,158.07200000
1736978400,168.00,20261001,1,6528,0,0.01,191.37900000,192.98600000
1737027000,0.00,20261002,0,6539,0,0.02,2705.42000000,2689.83000000
1737048856,-387.00,20260605,1,6535,0,0.01,1.03054000,1.03052000
1737057600,5094.00,20261002,1,6539,1,0.02,2721.70000000,2689.83000000
1737064800,0.00,20260605,0,6542,0,0.01,1.03027000,1.02777000
1737105300,0.00,20261001,0,6543,1,0.06,189.49400000,190.21300000
1737106468,-403.00,20260605,1,6542,1,0.01,1.02777000,1.02777000
1737132087,-4314.00,20261001,1,6543,0,0.06,190.21300000,190.21300000
1737452700,0.00,20261002,0,6546,0,0.01,2731.81000000,2702.63000000
1737489600,1292.00,20261002,1,6546,1,0.01,2740.07000000,2702.63000000
1737545400,0.00,20261002,0,6548,0,0.01,2761.94000000,2741.80000000
1737576000,-873.00,20261002,1,6548,1,0.01,2756.36000000,2741.80000000
1737684000,134.00,20260629,1,6520,1,0.01,1.23527000,0.00000000
1737684000,-2072.00,20260629,1,6519,0,0.01,1.04165000,0.00000000
1737970200,0.00,20261002,0,6552,1,0.01,2748.44000000,2772.42000000
1737973800,0.00,20261001,0,6553,1,0.06,193.42200000,194.63900000
1737975600,0.00,20261000,0,6554,1,0.02,155.12100000,156.24100000
1738008000,2260.00,20261002,1,6552,0,0.01,2733.79000000,2772.42000000
1738015200,1126.00,20261000,1,6554,0,0.02,154.55800000,156.24100000
1738015200,2274.00,20261001,1,6553,0,0.06,193.04300000,194.63900000
1738148400,0.00,20261001,0,6558,1,0.01,192.96700000,193.74400000
1738188000,-246.00,20261001,1,6558,0,0.01,193.21300000,193.74400000
1738324800,0.00,20260605,0,6560,1,0.01,1.03824000,1.04074000
1738348897,-386.00,20260605,1,6560,0,0.01,1.04074000,1.04074000
1738357200,0.00,20260605,0,6562,1,0.01,1.03687000,1.03937000
1738540920,1863.00,20260605,1,6562,0,0.01,1.02483000,1.03937000
1738661400,0.00,20261002,0,6564,1,0.01,2807.38000000,2824.45000000
1738681950,-2638.00,20261002,1,6564,0,0.01,2824.45000000,2824.45000000
1738749600,0.00,20261002,0,6566,0,0.01,2864.25000000,2839.60000000
1738754100,0.00,20261000,0,6567,1,0.01,152.92600000,154.44900000
1738771200,0.00,20260610,0,6568,1,0.01,153.03400000,153.53400000
1738774800,0.00,20260605,0,6569,0,0.01,1.04229000,1.03979000
1738785600,1323.00,20261002,1,6566,1,0.01,2872.94000000,2839.60000000
1738792800,393.00,20261000,1,6567,0,0.01,152.53300000,154.44900000
1738799072,-383.00,20260605,1,6569,1,0.01,1.03978000,1.03979000
1738813170,1012.00,20260610,1,6568,0,0.01,151.93300000,153.53400000
1738814400,0.00,20260610,0,6574,1,0.01,152.01700000,152.51700000
1738826141,-501.00,20260610,1,6574,0,0.01,152.51800000,152.51700000
1738828800,0.00,20260610,0,6576,1,0.01,152.41300000,152.91300000
1738836000,0.00,20261002,0,6577,1,0.01,2855.63000000,2873.16000000
1738872000,475.00,20261002,1,6577,0,0.01,2852.50000000,2873.16000000
1738875659,1104.00,20260610,1,6576,0,0.01,151.30900000,152.91300000
1738900800,0.00,20260640,0,6580,0,0.01,2866.44000000,2837.74000000
1738919700,0.00,20261001,0,6581,0,0.01,188.79500000,187.63400000
1738952140,-1161.00,20261001,1,6581,1,0.01,187.63400000,187.63400000
1739179800,0.00,20261001,0,6583,0,0.01,188.70500000,187.08900000
1739183400,0.00,20261000,0,6584,0,0.01,152.38500000,151.16200000
1739224800,-415.00,20261000,1,6584,1,0.01,151.97000000,151.16200000
1739224800,-773.00,20261001,1,6583,1,0.01,187.93200000,187.08900000
1739242419,8456.00,20260640,1,6580,1,0.01,2923.86000000,2837.74000000
1739246400,0.00,20260640,0,6588,0,0.01,2934.20000000,2902.90000000
1739275179,-4757.00,20260640,1,6588,1,0.01,2902.90000000,2902.90000000
1739354400,0.00,20261001,0,6590,0,0.01,191.45700000,189.46600000
1739364300,0.00,20261002,0,6591,1,0.01,2880.95000000,2900.60000000
1739386409,-2987.00,20261002,1,6591,0,0.01,2900.60000000,2900.60000000
1739390400,0.00,20260640,0,6593,0,0.01,2902.99000000,2863.04000000
1739390400,0.00,20260605,0,6594,0,0.01,1.04268000,1.04018000
1739392478,-380.00,20260605,1,6594,1,0.01,1.04018000,1.04018000
1739397600,733.00,20261001,1,6590,1,0.01,192.19000000,189.46600000
1739440800,0.00,20261001,0,6597,0,0.01,193.00900000,191.91000000
1739454389,-1101.00,20261001,1,6597,1,0.01,191.90800000,191.91000000
1739505600,0.00,20260774,0,6599,0,0.01,1.25644000,1.25144000
1739531700,0.00,20261001,0,6600,0,0.06,192.38700000,191.46100000
1739570400,-4128.00,20261001,1,6600,1,0.06,191.69900000,191.46100000
1739872800,0.00,20261001,0,6602,0,0.01,191.82300000,190.82300000
1739894400,0.00,20260622,0,6603,1,0.03,151.68500000,152.50600000
1739916000,-448.00,20261001,1,6602,1,0.01,191.37500000,190.82300000
1739965500,0.00,20261001,0,6605,1,0.01,191.10100000,192.12900000
1740002400,408.00,20261001,1,6605,0,0.01,190.69300000,192.12900000
1740041427,4568.00,20260622,1,6603,0,0.03,150.04400000,152.50600000
1740128666,1611.00,20260774,1,6599,1,0.01,1.26745000,1.25144000
1740405600,0.00,20261002,0,6609,0,0.01,2947.83000000,2921.05000000
1740427200,-689.00,20261002,1,6609,1,0.01,2943.24000000,2921.05000000
1740475800,0.00,20261001,0,6611,1,0.06,188.70900000,189.65400000
1740477600,0.00,20261000,0,6612,1,0.02,149.27300000,150.29400000
1740494700,0.00,20261002,0,6613,1,0.01,2925.83000000,2953.52000000
1740496358,-5670.00,20261001,1,6611,0,0.06,189.65400000,189.65400000
1740513600,2676.00,20261002,1,6613,0,0.01,2907.88000000,2953.52000000
1740520800,372.00,20261000,1,6612,0,0.02,149.08700000,150.29400000
1740614400,0.00,20260605,0,6617,0,0.01,1.04858000,1.04608000
1740632400,-233.00,20260605,1,6617,1,0.01,1.04702000,1.04608000
1740632400,0.00,20260605,0,6619,1,0.01,1.04702000,1.04952000
1740651300,0.00,20261002,0,6620,1,0.01,2884.90000000,2920.66000000
1740652200,0.00,20261001,0,6621,0,0.01,189.41600000,188.55400000
1740653100,0.00,20261000,0,6622,0,0.01,149.64400000,148.73300000
1740686400,213.00,20261002,1,6620,0,0.01,2883.48000000,2920.66000000
1740693600,206.00,20261000,1,6622,1,0.01,149.85000000,148.73300000
1740693600,-485.00,20261001,1,6621,1,0.01,188.93100000,188.55400000
1740722597,-8407.00,20260640,1,6593,1,0.01,2863.03000000,2863.04000000
1740735900,0.00,20261000,0,6627,0,0.01,150.36200000,149.08900000
1740735900,0.00,20261001,0,6628,0,0.01,189.19700000,187.66700000
1740774135,1588.00,20260605,1,6619,0,0.01,1.03647000,1.04952000
1740780000,171.00,20261000,1,6627,1,0.01,150.53300000,149.08900000
1740780000,51.00,20261001,1,6628,1,0.01,189.24800000,187.66700000
1740996000,0.00,20261001,0,6632,1,0.06,189.21800000,190.29200000
1740997800,0.00,20261000,0,6633,1,0.01,150.04400000,151.01100000
1741004495,-6444.00,20261001,1,6632,0,0.06,190.29200000,190.29200000
1741009939,-967.00,20261000,1,6633,0,0.01,151.01100000,151.01100000
1741024800,0.00,20260605,0,6636,0,0.01,1.04854000,1.04604000
1741122020,1574.00,20260605,1,6636,1,0.01,1.05904000,1.04604000
1741169700,0.00,20261001,0,6638,0,0.01,192.10300000,191.16300000
1741171500,0.00,20261000,0,6639,1,0.02,149.29100000,150.17200000
1741188809,-940.00,20261001,1,6638,1,0.01,191.16300000,191.16300000
1741212000,984.00,20261000,1,6639,0,0.02,148.79900000,150.17200000
1741252500,0.00,20261000,0,6642,1,0.01,148.51400000,149.32400000
1741253400,0.00,20261001,0,6643,1,0.01,191.54200000,192.53300000
1741298400,814.00,20261000,1,6642,0,0.01,147.70000000,149.32400000
1741298400,1090.00,20261001,1,6643,0,0.01,190.45200000,192.53300000
1741600800,0.00,20261001,0,6646,1,0.06,190.32000000,191.01300000
1741644000,3750.00,20261001,1,6646,0,0.06,189.69500000,191.01300000
1741665600,0.00,20260622,0,6648,1,0.02,146.79400000,148.02100000
1741689000,0.00,20261002,0,6649,0,0.01,2907.46000000,2879.69000000
1741689000,0.00,20261001,0,6650,0,0.01,190.28600000,188.77500000
1741705535,-2456.00,20260622,1,6648,0,0.02,148.02200000,148.02100000
1741723200,0.00,20260622,0,6652,1,0.02,147.17600000,148.49700000
1741723200,1511.00,20261002,1,6649,1,0.01,2917.67000000,2879.69000000
1741730400,1074.00,20261001,1,6650,1,0.01,191.36000000,188.77500000
1741770458,-2701.00,20260622,1,6652,0,0.02,148.49700000,148.49700000
1741773600,0.00,20261000,0,6656,0,0.01,148.60000000,147.70000000
1741816800,-261.00,20261000,1,6656,1,0.01,148.33900000,147.70000000
1741838400,0.00,20260640,0,6658,0,0.01,2938.10000000,2913.20000000
1741852800,0.00,20260622,0,6659,1,0.02,147.71300000,148.99800000
1741906167,7359.00,20260640,1,6658,1,0.01,2987.89000000,2913.20000000
1741944330,-2631.00,20260622,1,6659,0,0.02,148.99900000,148.99800000
1741944600,0.00,20261000,0,6662,0,0.01,148.91900000,147.67400000
1741944600,0.00,20261001,0,6663,0,0.01,192.56500000,191.21500000
1741989600,-286.00,20261000,1,6662,1,0.01,148.63300000,147.67400000
1741989600,-303.00,20261001,1,6663,1,0.01,192.26200000,191.21500000
1742291100,0.00,20261001,0,6666,0,0.01,194.53900000,193.61900000
1742293800,0.00,20261002,0,6667,0,0.01,3024.54000000,2999.29000000
1742328000,1173.00,20261002,1,6667,1,0.01,3032.43000000,2999.29000000
1742335200,-398.00,20261001,1,6666,1,0.01,194.14100000,193.61900000
1742376600,0.00,20261001,0,6670,1,0.06,193.92200000,194.67800000
1742382000,0.00,20261002,0,6671,1,0.02,3025.06000000,3045.23000000
1742400149,-4536.00,20261001,1,6670,0,0.06,194.67800000,194.67800000
1742414400,-1442.00,20261002,1,6671,0,0.02,3029.91000000,3045.23000000
1742493600,0.00,20260605,0,6674,1,0.01,1.08464000,1.08714000
1742807700,0.00,20261001,0,6675,0,0.01,193.94700000,192.65900000
1742853600,686.00,20261001,1,6675,1,0.01,194.63300000,192.65900000
1742961600,0.00,20260640,0,6677,0,0.01,3025.02000000,3000.76000000
1742984100,0.00,20261001,0,6678,1,0.06,193.79400000,194.77600000
1743026400,-1692.00,20261001,1,6678,0,0.06,194.07600000,194.77600000
1743031514,1569.00,20260605,1,6674,0,0.01,1.07414000,1.08714000
1743072300,0.00,20261001,0,6681,0,0.01,194.52100000,193.48400000
1743075000,0.00,20261000,0,6682,0,0.02,150.85600000,150.05000000
1743077700,0.00,20261002,0,6683,0,0.01,3046.18000000,3017.48000000
1743105600,994.00,20261002,1,6683,1,0.01,3052.76000000,3017.48000000
1743112800,346.00,20261000,1,6682,1,0.02,151.02900000,150.05000000
1743112800,1049.00,20261001,1,6681,1,0.01,195.57000000,193.48400000
1743134319,6796.00,20260640,1,6677,1,0.01,3073.54000000,3000.76000000
1743134400,0.00,20260640,0,6688,0,0.01,3074.22000000,3048.59000000
1743155100,0.00,20261000,0,6689,1,0.01,150.42300000,151.20400000
1743156000,0.00,20261001,0,6690,1,0.01,194.76200000,195.70300000
1743199200,664.00,20261000,1,6689,0,0.01,149.75900000,151.20400000
1743199200,900.00,20261001,1,6690,0,0.01,193.86200000,195.70300000
1743412408,7543.00,20260640,1,6688,1,0.01,3125.48000000,3048.59000000
1743504300,0.00,20261001,0,6694,1,0.01,193.10600000,193.91500000
1743544800,215.00,20261001,1,6694,0,0.01,192.89100000,193.91500000
1743592500,0.00,20261001,0,6696,1,0.06,193.11100000,193.77100000
1743615578,-3960.00,20261001,1,6696,0,0.06,193.77100000,193.77100000
1743627600,0.00,20260605,0,6698,0,0.01,1.08525000,1.08275000
1743636458,-374.00,20260605,1,6698,1,0.01,1.08275000,1.08275000
1743763500,0.00,20261001,0,6700,1,0.01,190.18900000,191.74300000
1743778800,0.00,20260629,0,6701,1,0.01,1.10591000,0.00000000
1743778800,0.00,20260629,0,6702,0,0.01,1.30212000,0.00000000
1743804000,943.00,20261001,1,6700,0,0.01,189.24600000,191.74300000
1744104600,0.00,20261002,0,6704,0,0.01,3012.12000000,2978.43000000
1744107300,0.00,20261000,0,6705,1,0.01,147.05200000,148.11300000
1744109100,0.00,20261001,0,6706,1,0.06,187.61100000,188.93300000
1744142400,-3834.00,20261002,1,6704,1,0.01,2985.96000000,2978.43000000
1744149600,652.00,20261000,1,6705,0,0.01,146.40000000,148.11300000
1744149600,2208.00,20261001,1,6706,0,0.06,187.24300000,188.93300000
1744191000,0.00,20261002,0,6710,0,0.01,3029.51000000,2969.95000000
1744228800,9187.00,20261002,1,6710,1,0.01,3092.27000000,2969.95000000
1744371000,0.00,20261000,0,6712,1,0.01,142.64100000,144.55800000
1744408800,-1176.00,20261000,1,6712,0,0.01,143.81700000,144.55800000
1744630200,0.00,20261001,0,6714,0,0.06,188.57300000,186.56500000
1744668000,-66.00,20261001,1,6714,1,0.06,188.56200000,186.56500000
1744754400,2749.00,20260629,1,6702,1,0.01,1.32157000,0.00000000
1744754400,-3075.00,20260629,1,6701,0,0.01,1.12742000,0.00000000
1744798500,0.00,20261002,0,6718,0,0.01,3297.33000000,3229.75000000
1744833600,4304.00,20261002,1,6718,1,0.01,3327.26000000,3229.75000000
1744881300,0.00,20261001,0,6720,0,0.01,188.67800000,187.44700000
1744885800,0.00,20261002,0,6721,1,0.01,3316.86000000,3357.45000000
1744920000,73.00,20261002,1,6721,0,0.01,3316.35000000,3357.45000000
1744927200,286.00,20261001,1,6720,1,0.01,188.96400000,187.44700000
1745006400,0.00,20260622,0,6724,1,0.02,142.19300000,143.15600000
1745228700,0.00,20261002,0,6725,0,0.01,3391.26000000,3327.61000000
1745265600,3269.00,20261002,1,6725,1,0.01,3414.47000000,3327.61000000
1745301809,3732.00,20260622,1,6724,0,0.02,140.26800000,143.15600000
1745319600,0.00,20261001,0,6728,1,0.01,187.65000000,188.76600000
1745351475,-1117.00,20261001,1,6728,0,0.01,188.76700000,188.76600000
1745402400,0.00,20261002,0,6730,1,0.01,3301.08000000,3386.40000000
1745438400,813.00,20261002,1,6730,0,0.01,3295.28000000,3386.40000000
1745460000,0.00,20260605,0,6732,1,0.01,1.13315000,1.13565000
1745468823,-352.00,20260605,1,6732,0,0.01,1.13566000,1.13565000
1745839800,0.00,20261001,0,6734,0,0.01,191.35800000,190.65000000
1745870400,0.00,20260605,0,6735,0,0.01,1.14121000,1.13871000
1745877600,-555.00,20261001,1,6734,1,0.01,190.80300000,190.65000000
1745899200,-198.00,20260605,1,6735,1,0.01,1.13988000,1.13871000
1745899200,0.00,20260605,0,6738,1,0.01,1.13988000,1.14238000
1746087918,1481.00,20260605,1,6738,0,0.01,1.12938000,1.14238000
1746091800,0.00,20261001,0,6740,0,0.01,191.76900000,190.32500000
1746093600,0.00,20261000,0,6741,0,0.01,144.59900000,142.86700000
1746105300,0.00,20261002,0,6742,1,0.01,3214.96000000,3289.79000000
1746129600,-688.00,20261002,1,6742,0,0.01,3219.69000000,3289.79000000
1746136800,1071.00,20261000,1,6741,1,0.01,145.67000000,142.86700000
1746136800,1645.00,20261001,1,6740,1,0.01,193.41400000,190.32500000
1746186300,0.00,20261001,0,6746,1,0.06,192.67700000,193.73300000
1746223200,924.00,20261001,1,6746,0,0.06,192.52300000,193.73300000
1746443700,0.00,20261001,0,6748,1,0.01,191.49400000,192.28200000
1746445500,0.00,20261002,0,6749,0,0.01,3277.37000000,3237.36000000
1746475200,4701.00,20261002,1,6749,1,0.01,3309.64000000,3237.36000000
1746482400,232.00,20261001,1,6748,0,0.01,191.26200000,192.28200000
1746528300,0.00,20261000,0,6752,1,0.02,143.20700000,144.27000000
1746528300,0.00,20261001,0,6753,1,0.06,190.83600000,191.33700000
1746547200,0.00,20260605,0,6754,1,0.01,1.13393000,1.13643000
1746550800,-211.00,20260605,1,6754,0,0.01,1.13541000,1.13643000
1746550800,0.00,20260605,0,6756,0,0.01,1.13541000,1.13291000
1746568800,1506.00,20261000,1,6752,0,0.02,142.45400000,144.27000000
1746568800,1710.00,20261001,1,6753,0,0.06,190.55100000,191.33700000
1746581121,-367.00,20260605,1,6756,1,0.01,1.13291000,1.13291000
1746616500,0.00,20261001,0,6760,0,0.01,191.38400000,190.29400000
1746655200,-200.00,20261001,1,6760,1,0.01,191.18400000,190.29400000
1746695700,0.00,20261002,0,6762,1,0.01,3345.04000000,3414.67000000
1746696600,0.00,20261000,0,6763,0,0.01,144.25400000,143.43300000
1746697500,0.00,20261001,0,6764,0,0.01,191.85700000,190.90400000
1746734400,5055.00,20261002,1,6762,0,0.01,3310.35000000,3414.67000000
1746735942,1642.00,20261000,1,6763,1,0.01,145.89600000,143.43300000
1746741600,1439.00,20261001,1,6764,1,0.01,193.29600000,190.90400000
1746782100,0.00,20261001,0,6768,1,0.01,192.45400000,193.33400000
1746785700,0.00,20261000,0,6769,1,0.01,145.18100000,146.17800000
1746817605,-880.00,20261001,1,6768,0,0.01,193.33400000,193.33400000
1746828000,-92.00,20261000,1,6769,0,0.01,145.27300000,146.17800000
1747044900,0.00,20261002,0,6772,1,0.01,3246.42000000,3295.89000000
1747044900,0.00,20261000,0,6773,0,0.02,146.95800000,145.68900000
1747044900,0.00,20261001,0,6774,0,0.01,194.57400000,193.61900000
1747080000,3271.00,20261002,1,6772,0,0.01,3224.39000000,3295.89000000
1747087200,2734.00,20261000,1,6773,1,0.02,148.32500000,145.68900000
1747087200,921.00,20261001,1,6774,1,0.01,195.49500000,193.61900000
1747221300,0.00,20261000,0,6778,1,0.01,146.56100000,147.65900000
1747260000,-171.00,20261000,1,6778,0,0.01,146.73200000,147.65900000
1747302300,0.00,20261000,0,6780,1,0.01,145.66000000,146.74800000
1747303200,0.00,20261001,0,6781,1,0.01,193.60800000,194.58600000
1747346400,-40.00,20261000,1,6780,0,0.01,145.70000000,146.74800000
1747346400,-152.00,20261001,1,6781,0,0.01,193.76000000,194.58600000
1747650600,0.00,20261001,0,6784,0,0.01,193.40600000,192.74600000
1747692000,202.00,20261001,1,6784,1,0.01,193.60800000,192.74600000
1747737000,0.00,20261001,0,6786,1,0.01,192.90900000,194.19600000
1747738800,0.00,20261000,0,6787,1,0.01,144.11600000,145.50200000
1747778400,-442.00,20261000,1,6787,0,0.01,144.55800000,145.50200000
1747778400,-497.00,20261001,1,6786,0,0.01,193.40600000,194.19600000
1747803600,0.00,20260605,0,6790,0,0.01,1.12993000,1.12743000
1747905300,0.00,20261001,0,6791,1,0.01,192.20400000,193.56300000
1747912500,0.00,20261000,0,6792,1,0.01,142.85500000,144.38700000
1747936505,-393.00,20260605,1,6790,1,0.01,1.12743000,1.12743000
1747949375,-1359.00,20261001,1,6791,0,0.01,193.56300000,193.56300000
1747951200,-1306.00,20261000,1,6792,0,0.01,144.16100000,144.38700000
1747999800,0.00,20261001,0,6796,0,0.06,193.33900000,192.80500000
1748011477,-3204.00,20261001,1,6796,1,0.06,192.80500000,192.80500000
1748016000,0.00,20260629,0,6798,0,0.01,1.13340000,0.00000000
1748016000,0.00,20260629,0,6799,1,0.01,1.35167000,0.00000000
1748251800,0.00,20261001,0,6800,0,0.01,194.05500000,192.57500000
1748289600,0.00,20260640,0,6801,0,0.01,3342.30000000,3297.11000000
1748296800,-458.00,20261001,1,6800,1,0.01,193.59700000,192.57500000
1748339100,0.00,20261001,0,6803,0,0.01,194.26500000,193.04500000
1748340000,0.00,20261002,0,6804,1,0.01,3308.42000000,3349.88000000
1748342700,0.00,20261000,0,6805,0,0.01,143.70400000,142.10100000
1748343099,-6632.00,20260640,1,6801,1,0.01,3297.08000000,3297.11000000
1748376000,1507.00,20261002,1,6804,0,0.01,3297.98000000,3349.88000000
1748383200,545.00,20261000,1,6805,1,0.01,144.24900000,142.10100000
1748383200,646.00,20261001,1,6803,1,0.01,194.91100000,193.04500000
1748505600,0.00,20260610,0,6810,0,0.01,145.75700000,145.25700000
1748515830,-501.00,20260610,1,6810,1,0.01,145.25600000,145.25700000
1748525400,0.00,20261002,0,6812,0,0.02,3298.55000000,3245.32000000
1748548800,6833.00,20261002,1,6812,1,0.02,3322.07000000,3245.32000000
1748577600,0.00,20260610,0,6814,1,0.01,143.76300000,144.26300000
1748626983,-500.00,20260610,1,6814,0,0.01,144.26300000,144.26300000
1748635200,760.00,20260629,1,6799,0,0.01,1.34611000,0.00000000
1748635200,144.00,20260629,1,6798,1,0.01,1.13494000,0.00000000
1748856600,0.00,20261002,0,6818,0,0.01,3337.66000000,3295.37000000
1748857500,0.00,20261000,0,6819,1,0.01,143.14000000,143.97500000
1748894400,4838.00,20261002,1,6818,1,0.01,3371.51000000,3295.37000000
1748901600,315.00,20261000,1,6819,0,0.01,142.82500000,143.97500000
1748908800,0.00,20260724,0,6822,0,0.01,104912.75000000,26228.19000000
1748949300,0.00,20261001,0,6823,1,0.06,192.89500000,193.80200000
1748967855,-5442.00,20261001,1,6823,0,0.06,193.80200000,193.80200000
1749114900,0.00,20261001,0,6825,0,0.01,193.97200000,193.24000000
1749121200,0.00,20261000,0,6826,0,0.01,143.35900000,142.52000000
1749149080,1464.00,20261001,1,6825,1,0.01,195.43600000,193.24000000
1749160800,263.00,20261000,1,6826,1,0.01,143.62200000,142.52000000
1749461400,0.00,20261001,0,6829,1,0.01,195.63400000,196.13700000
1749463200,0.00,20261002,0,6830,0,0.01,3324.54000000,3293.39000000
1749465900,0.00,20261000,0,6831,1,0.01,144.13800000,144.93700000
1749499200,1920.00,20261002,1,6830,1,0.01,3337.84000000,3293.39000000
1749506400,-428.00,20261000,1,6831,0,0.01,144.56600000,144.93700000
1749506400,-440.00,20261001,1,6829,0,0.01,196.07400000,196.13700000
1749546900,0.00,20261001,0,6835,1,0.01,195.44800000,196.43900000
1749554100,0.00,20261002,0,6836,0,0.02,3332.21000000,3301.83000000
1749585600,-3212.00,20261002,1,6836,1,0.02,3321.10000000,3301.83000000
1749592800,-178.00,20261001,1,6835,0,0.01,195.62600000,196.43900000
1749642300,0.00,20261002,0,6839,0,0.01,3346.42000000,3315.43000000
1749672000,-2354.00,20261002,1,6839,1,0.01,3330.14000000,3315.43000000
1749719700,0.00,20261001,0,6841,1,0.01,195.05000000,195.83300000
1749765600,-106.00,20261001,1,6841,0,0.01,195.15600000,195.83300000
1749772800,954.00,20260724,1,6822,1,0.01,105920.70000000,26228.19000000
1750068900,0.00,20261002,0,6844,1,0.01,3410.94000000,3451.40000000
1750069800,0.00,20261001,0,6845,0,0.01,196.16000000,194.93400000
1750104000,1639.00,20261002,1,6844,0,0.01,3399.60000000,3451.40000000
1750111200,430.00,20261001,1,6845,1,0.01,196.59000000,194.93400000
1750158000,0.00,20261001,0,6848,1,0.01,196.04300000,196.83500000
1750197600,823.00,20261001,1,6848,0,0.01,195.22000000,196.83500000
1750320000,0.00,20260610,0,6850,0,0.01,145.05400000,144.55400000
1750324500,0.00,20261002,0,6851,1,0.01,3355.56000000,3387.82000000
1750328100,0.00,20261001,0,6852,0,0.06,194.82700000,194.00200000
1750363200,-2297.00,20261002,1,6851,0,0.01,3371.32000000,3387.82000000
1750370400,5760.00,20261001,1,6852,1,0.06,195.78700000,194.00200000
1750460019,1103.00,20260610,1,6850,1,0.01,146.15500000,144.55400000
1750677300,0.00,20261000,0,6856,0,0.01,147.50300000,146.13200000
1750712626,-1371.00,20261000,1,6856,1,0.01,146.13200000,146.13200000
1750757400,0.00,20261002,0,6858,1,0.01,3322.61000000,3369.38000000
1750757400,0.00,20261000,0,6859,1,0.01,145.10400000,146.16300000
1750760100,0.00,20261001,0,6860,1,0.01,196.98400000,197.67300000
1750795200,573.00,20261002,1,6858,0,0.01,3318.65000000,3369.38000000
1750802400,406.00,20261000,1,6859,0,0.01,144.69800000,146.16300000
1750802400,-256.00,20261001,1,6860,0,0.01,197.24000000,197.67300000
1750843800,0.00,20261001,0,6864,0,0.01,197.83500000,197.02600000
1750845600,0.00,20261000,0,6865,0,0.01,145.31100000,144.59600000
1750888800,-165.00,20261000,1,6865,1,0.01,145.14600000,144.59600000
1750888800,469.00,20261001,1,6864,1,0.01,198.30400000,197.02600000
1750929300,0.00,20261001,0,6868,1,0.01,197.96200000,198.58200000
1750931100,0.00,20261000,0,6869,1,0.01,144.34000000,145.25500000
1750953600,0.00,20260610,0,6870,1,0.01,144.30000000,144.80000000
1750975200,124.00,20261000,1,6869,0,0.01,144.21600000,145.25500000
1750975200,-307.00,20261001,1,6868,0,0.01,198.26900000,198.58200000
1750995096,-531.00,20260610,1,6870,0,0.01,144.80100000,144.80000000
1751276700,0.00,20261002,0,6874,0,0.01,3295.67000000,3246.82000000
1751278500,0.00,20261001,0,6875,1,0.01,197.29200000,198.44200000
1751313600,220.00,20261002,1,6874,1,0.01,3297.19000000,3246.82000000
1751320800,-540.00,20261001,1,6875,0,0.01,197.83200000,198.44200000
1751364900,0.00,20261002,0,6878,0,0.01,3336.50000000,3302.10000000
1751365800,0.00,20261001,0,6879,1,0.01,197.11900000,197.78500000
1751366700,0.00,20261000,0,6880,1,0.01,143.22800000,144.04600000
1751400000,733.00,20261002,1,6878,1,0.01,3341.60000000,3302.10000000
1751407200,-505.00,20261000,1,6880,0,0.01,143.73300000,144.04600000
1751407200,-334.00,20261001,1,6879,0,0.01,197.45300000,197.78500000
1751535000,0.00,20261001,0,6884,0,0.01,196.35600000,195.74100000
1751559074,1230.00,20261001,1,6884,1,0.01,197.58600000,195.74100000
1751620500,0.00,20261001,0,6886,1,0.01,197.25400000,197.88400000
1751666400,-31.00,20261001,1,6886,0,0.01,197.28500000,197.88400000
1751886000,0.00,20261002,0,6888,1,0.01,3302.07000000,3342.39000000
1751886900,0.00,20261000,0,6889,0,0.01,145.22500000,144.21500000
1751889600,0.00,20260610,0,6890,0,0.01,145.34800000,144.84800000
1751918400,-3744.00,20261002,1,6888,0,0.01,3327.69000000,3342.39000000
1751925600,939.00,20261000,1,6889,1,0.01,146.16400000,144.21500000
1751984961,1102.00,20260610,1,6890,1,0.01,146.44800000,144.84800000
1752033600,0.00,20260605,0,6894,1,0.01,1.17234000,1.17484000
1752118714,-360.00,20260605,1,6894,0,0.01,1.17484000,1.17484000
1752139800,0.00,20261001,0,6896,0,0.01,199.14300000,198.36400000
1752161415,-779.00,20261001,1,6896,1,0.01,198.36400000,198.36400000
1752486300,0.00,20261001,0,6898,1,0.01,198.10800000,198.96700000
1752530400,-330.00,20261001,1,6898,0,0.01,198.43800000,198.96700000
1752537630,0.00,20260650,0,6900,0,1.88,96.82800000,0.00000000
1752595200,0.00,20260628,0,6901,0,0.01,97.20100000,96.64400000
1752687146,-553.00,20260628,1,6901,1,0.01,96.64400000,96.64400000
1752743700,0.00,20261001,0,6903,0,0.01,199.08300000,198.19300000
1752789600,336.00,20261001,1,6903,1,0.01,199.41900000,198.19300000
1752831900,0.00,20261001,0,6905,0,0.01,199.75200000,199.12300000
1752876000,-160.00,20261001,1,6905,1,0.01,199.59200000,199.12300000
1753108200,0.00,20261002,0,6907,0,0.01,3373.75000000,3344.85000000
1753128000,3188.00,20261002,1,6907,1,0.01,3395.52000000,3344.85000000
1753176600,0.00,20261001,0,6909,0,0.01,199.14300000,198.45300000
1753195223,-691.00,20261001,1,6909,1,0.01,198.45200000,198.45300000
1753210800,0.00,20260605,0,6911,0,0.01,1.17492000,1.17242000
1753278866,-378.00,20260605,1,6911,1,0.01,1.17242000,1.17242000
1753315230,0.00,20260774,0,6913,0,0.01,1.35839000,1.35339000
1753349400,0.00,20261002,0,6914,1,0.01,3371.71000000,3393.23000000
1753358400,-603.00,20260774,1,6913,1,0.01,1.35427000,1.35339000
1753358400,0.00,20260774,0,6916,1,0.01,1.35427000,1.35927000
1753387200,663.00,20261002,1,6914,0,0.01,3367.18000000,3393.23000000
1753434900,0.00,20261001,0,6918,1,0.01,198.18900000,199.04400000
1753442100,0.00,20261000,0,6919,0,0.02,147.76700000,146.80200000
1753443339,-855.00,20261001,1,6918,0,0.01,199.04400000,199.04400000
1753458014,1622.00,20260774,1,6916,0,0.01,1.34326000,1.35927000
1753480800,-428.00,20261000,1,6919,1,0.02,147.55300000,146.80200000
1753700400,0.00,20261000,0,6923,0,0.01,148.30100000,147.50700000
1753700400,0.00,20261001,0,6924,0,0.01,198.86000000,198.26700000
1753740000,242.00,20261000,1,6923,1,0.01,148.54300000,147.50700000
1753740000,-499.00,20261001,1,6924,1,0.01,198.36100000,198.26700000
1753761600,0.00,20260605,0,6927,1,0.01,1.15840000,1.16090000
1753890878,1562.00,20260605,1,6927,0,0.01,1.14790000,1.16090000
1753958700,0.00,20261002,0,6929,0,0.01,3304.38000000,3273.47000000
1753958700,0.00,20261000,0,6930,0,0.02,149.66500000,148.57600000
1753958700,0.00,20261001,0,6931,0,0.06,198.27900000,196.94900000
1753992000,-1429.00,20261002,1,6929,1,0.01,3294.90000000,3273.47000000
1753999200,2166.00,20261000,1,6930,1,0.02,150.74800000,148.57600000
1753999200,5910.00,20261001,1,6931,1,0.06,199.26400000,196.94900000
1754046900,0.00,20261001,0,6935,1,0.01,198.43100000,199.28900000
1754066908,1716.00,20261001,1,6935,0,0.01,196.71500000,199.28900000
1754304300,0.00,20261001,0,6937,0,0.01,196.45100000,195.28000000
1754339426,-1171.00,20261001,1,6937,1,0.01,195.28000000,195.28000000
1754387100,0.00,20261001,0,6939,0,0.06,195.63500000,195.01900000
1754392500,0.00,20261000,0,6940,0,0.01,147.45800000,146.60700000
1754431200,140.00,20261000,1,6940,1,0.01,147.59800000,146.60700000
1754431200,3576.00,20261001,1,6939,1,0.06,196.23100000,195.01900000
1754559900,0.00,20261000,0,6943,1,0.01,146.97100000,147.70100000
1754560800,0.00,20261002,0,6944,0,0.01,3388.05000000,3365.08000000
1754560800,0.00,20261001,0,6945,1,0.06,196.39600000,197.17400000
1754575219,-4698.00,20261001,1,6945,0,0.06,197.17900000,197.17400000
1754596800,108.00,20261002,1,6944,1,0.01,3388.78000000,3365.08000000
1754604000,-603.00,20261000,1,6943,0,0.01,147.57400000,147.70100000
1754625600,0.00,20260605,0,6949,0,0.01,1.16737000,1.16487000
1754641079,-370.00,20260605,1,6949,1,0.01,1.16486000,1.16487000
1754649900,0.00,20261001,0,6951,0,0.01,198.14400000,197.36600000
1754690400,496.00,20261001,1,6951,1,0.01,198.64000000,197.36600000
1754903700,0.00,20261001,0,6953,0,0.01,198.76700000,198.19400000
1754907300,0.00,20261002,0,6954,1,0.01,3362.93000000,3404.72000000
1754909740,-573.00,20261001,1,6953,1,0.01,198.19400000,198.19400000
1754942400,2740.00,20261002,1,6954,0,0.01,3344.36000000,3404.72000000
1754993700,0.00,20261001,0,6957,0,0.01,199.41600000,198.76000000
1755036000,-54.00,20261001,1,6957,1,0.01,199.36200000,198.76000000
1755080100,0.00,20261000,0,6959,1,0.02,147.54400000,148.15700000
1755122400,200.00,20261000,1,6959,0,0.02,147.44400000,148.15700000
1755163800,0.00,20261001,0,6961,1,0.01,198.65500000,200.01200000
1755168300,0.00,20261002,0,6962,1,0.02,3352.25000000,3374.69000000
1755194743,-1357.00,20261001,1,6961,0,0.01,200.01200000,200.01200000
1755201600,5207.00,20261002,1,6962,0,0.02,3334.59000000,3374.69000000
1755256500,0.00,20261001,0,6965,1,0.01,199.15900000,199.99200000
1755295200,-386.00,20261001,1,6965,0,0.01,199.54500000,199.99200000
1755619200,0.00,20260605,0,6967,0,0.01,1.16764000,1.16514000
1755630000,-273.00,20260605,1,6967,1,0.01,1.16579000,1.16514000
1755630000,0.00,20260605,0,6969,1,0.01,1.16579000,1.16829000
1755682200,0.00,20261000,0,6970,1,0.01,147.22200000,147.80600000
1755687600,0.00,20261001,0,6971,0,0.06,199.44100000,198.61400000
1755705518,-4962.00,20261001,1,6971,1,0.06,198.61400000,198.61400000
1755727200,-58.00,20261000,1,6970,0,0.01,147.28000000,147.80600000
1755882662,-360.00,20260605,1,6969,0,0.01,1.16830000,1.16829000
1755885600,0.00,20260605,0,6975,0,0.01,1.17191000,1.16941000
1756096266,-380.00,20260605,1,6975,1,0.01,1.16941000,1.16941000
1756152000,0.00,20260605,0,6977,1,0.01,1.16538000,1.16788000
1756339200,0.00,20260610,0,6978,1,0.01,147.32200000,147.82200000
1756391400,0.00,20261002,0,6979,0,0.02,3404.39000000,3384.43000000
1756395638,-357.00,20260605,1,6977,0,0.01,1.16788000,1.16788000
1756411200,3233.00,20261002,1,6979,1,0.02,3415.40000000,3384.43000000
1756436400,0.00,20260605,0,6982,0,0.01,1.16795000,1.16545000
1756454400,0.00,20260774,0,6983,0,0.01,1.35042000,1.34542000
1756466100,0.00,20261001,0,6984,1,0.06,198.16600000,198.64600000
1756473506,-737.00,20260774,1,6983,1,0.01,1.34541000,1.34542000
1756480273,-368.00,20260605,1,6982,1,0.01,1.16545000,1.16545000
1756504774,-2880.00,20261001,1,6984,0,0.06,198.64600000,198.64600000
1756725300,0.00,20261001,0,6988,0,0.01,199.11100000,198.24400000
1756764000,269.00,20261001,1,6988,1,0.01,199.38000000,198.24400000
1756797575,-590.00,20260610,1,6978,0,0.01,147.82200000,147.82200000
1756804500,0.00,20261001,0,6991,0,0.01,200.16900000,199.10200000
1756808100,0.00,20261000,0,6992,0,0.01,148.26900000,147.03400000
1756810741,-1067.00,20261001,1,6991,1,0.01,199.10200000,199.10200000
1756812600,0.00,20261001,0,6994,1,0.06,198.80700000,199.99600000
1756814400,0.00,20260610,0,6995,0,0.01,148.44900000,147.94900000
1756828800,0.00,20260605,0,6996,1,0.01,1.16162000,1.16412000
1756828800,0.00,20260774,0,6997,1,0.01,1.33509000,1.34009000
1756829765,-371.00,20260605,1,6996,0,0.01,1.16412000,1.16412000
1756832428,-741.00,20260774,1,6997,0,0.01,1.34009000,1.34009000
1756833875,-500.00,20260610,1,6995,1,0.01,147.94900000,147.94900000
1756836000,0.00,20260605,0,7001,0,0.01,1.16631000,1.16381000
1756847247,-371.00,20260605,1,7001,1,0.01,1.16381000,1.16381000
1756850400,196.00,20261000,1,6992,1,0.01,148.46500000,147.03400000
1756850400,858.00,20261001,1,6994,0,0.06,198.66400000,199.99600000
1756899000,0.00,20261001,0,7005,0,0.06,199.11100000,198.44800000
1756929600,0.00,20260774,0,7006,0,0.01,1.34509000,1.34009000
1756936800,-1350.00,20261001,1,7005,1,0.06,198.88600000,198.44800000
1756972800,0.00,20260605,0,7008,1,0.01,1.16505000,1.16755000
1756982700,0.00,20261001,0,7009,0,0.01,199.20300000,198.75900000
1757023200,246.00,20261001,1,7009,1,0.01,199.44900000,198.75900000
1757062575,-371.00,20260605,1,7008,0,0.01,1.16756000,1.16755000
1757063700,0.00,20261001,0,7012,0,0.01,199.60600000,199.14900000
1757070000,0.00,20260605,0,7013,0,0.01,1.16783000,1.16533000
1757086231,-460.00,20261001,1,7012,1,0.01,199.14600000,199.14900000
1757088000,0.00,20260610,0,7015,1,0.01,147.28600000,147.78600000
1757289720,-956.00,20260610,1,7015,0,0.01,148.21200000,147.78600000
1757304000,0.00,20260610,0,7017,0,0.01,148.34600000,147.84600000
1757325111,-501.00,20260610,1,7017,1,0.01,147.84500000,147.84600000
1757326500,0.00,20261002,0,7019,0,0.01,3604.72000000,3577.40000000
1757326500,0.00,20261000,0,7020,1,0.02,147.71000000,148.56500000
1757327400,0.00,20261001,0,7021,1,0.01,199.53100000,200.33300000
1757332800,0.00,20260610,0,7022,1,0.01,147.67600000,148.17600000
1757355220,6049.00,20261002,1,7019,1,0.01,3645.70000000,3577.40000000
1757368800,486.00,20261000,1,7020,0,0.02,147.46700000,148.56500000
1757368800,-343.00,20261001,1,7021,0,0.01,199.87400000,200.33300000
1757388672,1588.00,20260774,1,7006,1,0.01,1.35609000,1.34009000
1757417400,0.00,20261000,0,7027,1,0.01,146.66200000,147.50700000
1757417400,0.00,20261001,0,7028,1,0.01,199.05700000,199.85700000
1757417620,1079.00,20260610,1,7022,0,0.01,146.56700000,148.17600000
1757419200,0.00,20260610,0,7030,1,0.01,146.61100000,147.11100000
1757437660,-503.00,20260610,1,7030,0,0.01,147.11400000,147.11100000
1757455200,-750.00,20261000,1,7027,0,0.01,147.41200000,147.50700000
1757455200,-279.00,20261001,1,7028,0,0.01,199.33600000,199.85700000
1757508300,0.00,20261002,0,7034,0,0.01,3651.17000000,3620.17000000
1757534400,-1263.00,20261002,1,7034,1,0.01,3642.60000000,3620.17000000
1757592900,0.00,20261002,0,7036,1,0.01,3618.58000000,3649.03000000
1757595600,25.00,20260605,1,7013,1,0.01,1.16848000,1.16533000
1757595600,0.00,20260605,0,7038,1,0.01,1.16848000,1.17098000
1757604642,-373.00,20260605,1,7038,0,0.01,1.17101000,1.17098000
1757620800,-2633.00,20261002,1,7036,0,0.01,3636.44000000,3649.03000000
1757664000,0.00,20260640,0,7041,0,0.01,3655.18000000,3621.99000000
1757674800,0.00,20261001,0,7042,0,0.06,200.03100000,199.64300000
1757675700,0.00,20261000,0,7043,0,0.01,147.69100000,147.10400000
1757682000,0.00,20260605,0,7044,0,0.01,1.17234000,1.16984000
1757714400,-216.00,20261000,1,7043,1,0.01,147.47500000,147.10400000
1757714400,564.00,20261001,1,7042,1,0.06,200.12500000,199.64300000
1757935800,0.00,20261001,0,7047,0,0.01,200.45300000,199.90900000
1757973600,-28.00,20261001,1,7047,1,0.01,200.42500000,199.90900000
1758017700,0.00,20261000,0,7049,1,0.01,146.71400000,147.52800000
1758042268,1517.00,20260605,1,7044,1,0.01,1.18284000,1.16984000
1758060000,359.00,20261000,1,7049,0,0.01,146.35500000,147.52800000
1758102300,0.00,20261002,0,7052,1,0.01,3671.39000000,3695.25000000
1758139200,-1988.00,20261002,1,7052,0,0.01,3684.97000000,3695.25000000
1758186900,0.00,20261002,0,7054,1,0.01,3637.18000000,3671.86000000
1758186900,0.00,20261000,0,7055,0,0.01,147.52900000,146.75600000
1758186900,0.00,20261001,0,7056,0,0.01,200.46000000,200.02800000
1758198219,-5110.00,20261002,1,7054,0,0.01,3671.87000000,3671.86000000
1758232800,341.00,20261000,1,7055,1,0.01,147.87000000,146.75600000
1758232800,-50.00,20261001,1,7056,1,0.01,200.41000000,200.02800000
1758279600,0.00,20260629,0,7060,1,0.01,1.17691000,0.00000000
1758279600,0.00,20260629,0,7061,0,0.01,1.34915000,0.00000000
1758294000,0.00,20260605,0,7062,1,0.01,1.17358000,1.17608000
1758300519,-370.00,20260605,1,7062,0,0.01,1.17608000,1.17608000
1758541477,8776.00,20260640,1,7041,1,0.01,3721.61000000,3621.99000000
1758542400,0.00,20260640,0,7065,0,0.01,3720.54000000,3681.89000000
1758542400,0.00,20260610,0,7066,0,0.01,147.86200000,147.36200000
1758546000,0.00,20260605,0,7067,0,0.01,1.17766000,1.17516000
1758627900,0.00,20261002,0,7068,0,0.01,3770.36000000,3736.61000000
1758657600,1302.00,20261002,1,7068,1,0.01,3779.17000000,3736.61000000
1758708900,0.00,20261000,0,7070,0,0.01,148.09400000,147.50300000
1758721543,-395.00,20260605,1,7067,1,0.01,1.17516000,1.17516000
1758751200,737.00,20261000,1,7070,1,0.01,148.83100000,147.50300000
1758791700,0.00,20261001,0,7073,0,0.01,200.27100000,199.86400000
1758798000,0.00,20260605,0,7074,1,0.01,1.17323000,1.17573000
1758798900,0.00,20261002,0,7075,0,0.01,3757.58000000,3729.45000000
1758810919,-407.00,20261001,1,7073,1,0.01,199.86400000,199.86400000
1758814228,1110.00,20260610,1,7066,1,0.01,148.96200000,147.36200000
1758816000,0.00,20260610,0,7078,0,0.01,149.25200000,148.75200000
1758818424,-4198.00,20261002,1,7075,1,0.01,3729.44000000,3729.45000000
1758859200,0.00,20260774,0,7080,1,0.01,1.33440000,1.33940000
1758878100,0.00,20261001,0,7081,0,0.01,199.99500000,199.64000000
1758906399,-748.00,20260774,1,7080,0,0.01,1.33940000,1.33940000
1758924000,381.00,20261001,1,7081,1,0.01,200.37600000,199.64000000
1759123300,10588.00,20260640,1,7065,1,0.01,3797.85000000,3681.89000000
1759132800,0.00,20260640,0,7085,0,0.01,3805.29000000,3757.55000000
1759134756,-496.00,20260610,1,7078,1,0.01,148.75200000,148.75200000
1759137300,0.00,20261001,0,7087,1,0.01,199.87200000,200.40300000
1759142700,0.00,20261000,0,7088,1,0.01,148.60700000,149.50300000
1759183200,-40.00,20261000,1,7088,0,0.01,148.64700000,149.50300000
1759183200,119.00,20261001,1,7087,0,0.01,199.75300000,200.40300000
1759225500,0.00,20261000,0,7091,1,0.01,148.10200000,148.83600000
1759226400,0.00,20261001,0,7092,1,0.01,199.00300000,199.75900000
1759232550,-364.00,20260605,1,7074,0,0.01,1.17573000,1.17573000
1759232700,0.00,20261002,0,7094,1,0.02,3815.41000000,3870.27000000
1759262400,-9098.00,20261002,1,7094,0,0.02,3846.20000000,3870.27000000
1759269600,219.00,20261000,1,7091,0,0.01,147.88300000,148.83600000
1759269600,119.00,20261001,1,7092,0,0.01,198.88400000,199.75900000
1759310100,0.00,20261001,0,7098,1,0.01,198.37500000,199.20700000
1759311000,0.00,20261000,0,7099,1,0.01,147.33100000,148.21500000
1759323600,-468.00,20260629,1,7061,1,0.01,1.34634000,0.00000000
1759323600,540.00,20260629,1,7060,0,0.01,1.17338000,0.00000000
1759345200,0.00,20260605,0,7102,1,0.01,1.17219000,1.17469000
1759348800,0.00,20260610,0,7103,1,0.01,147.15000000,147.65000000
1759356000,231.00,20261000,1,7099,0,0.01,147.10000000,148.21500000
1759356000,0.00,20261001,1,7098,0,0.01,198.37500000,199.20700000
1759398300,0.00,20261001,0,7106,0,0.01,198.51000000,198.05500000
1759399323,-363.00,20260605,1,7102,0,0.01,1.17470000,1.17469000
1759402800,0.00,20260605,0,7108,0,0.01,1.17510000,1.17260000
1759407640,-455.00,20261001,1,7106,1,0.01,198.05500000,198.05500000
1759423408,-368.00,20260605,1,7108,1,0.01,1.17260000,1.17260000
1759466016,-619.00,20260610,1,7103,0,0.01,147.65000000,147.65000000
1759715975,13190.00,20260640,1,7085,1,0.01,3900.87000000,3757.55000000
1759723200,0.00,20260640,0,7113,0,0.01,3900.67000000,3853.07000000
1759737600,0.00,20260610,0,7114,0,0.01,150.32600000,149.82600000
1759752000,0.00,20260774,0,7115,1,0.01,1.34338000,1.34838000
1759764253,-500.00,20260610,1,7114,1,0.01,149.82600000,149.82600000
1759766400,0.00,20260610,0,7117,0,0.01,149.79100000,149.29100000
1759773177,-750.00,20260774,1,7115,0,0.01,1.34838000,1.34838000
1759832100,0.00,20261001,0,7119,1,0.01,202.35400000,203.04500000
1759837500,0.00,20261000,0,7120,0,0.01,150.75700000,150.19000000
1759848573,1102.00,20260610,1,7117,1,0.01,150.89100000,149.29100000
1759859856,-691.00,20261001,1,7119,0,0.01,203.04500000,203.04500000
1759873176,1135.00,20261000,1,7120,1,0.01,151.89200000,150.19000000
1759891815,14191.00,20260640,1,7113,1,0.01,3995.87000000,3853.07000000
1759921200,0.00,20261001,0,7125,0,0.01,204.68900000,203.73000000
1759927500,0.00,20261002,0,7126,0,0.01,4040.50000000,3982.93000000
1759953600,2427.00,20261002,1,7126,1,0.01,4056.48000000,3982.93000000
1759960800,-224.00,20261001,1,7125,1,0.01,204.46500000,203.73000000
1760009400,0.00,20261001,0,7129,1,0.06,204.31300000,204.86500000
1760047200,5088.00,20261001,1,7129,0,0.06,203.46500000,204.86500000
1760089500,0.00,20261001,0,7131,1,0.01,203.08300000,203.73800000
1760133600,582.00,20261001,1,7131,0,0.01,202.50100000,203.73800000
1760313630,0.00,20260720,0,7133,0,0.01,114943.59000000,68966.15000000
1760328000,0.00,20260640,0,7134,0,0.01,4044.11000000,3959.98000000
1760351400,0.00,20261001,0,7135,0,0.01,203.16300000,202.32000000
1760392800,-117.00,20261001,1,7135,1,0.01,203.04600000,202.32000000
1760433300,0.00,20261001,0,7137,1,0.01,202.05700000,203.50000000
1760479200,-220.00,20261001,1,7137,0,0.01,202.27700000,203.50000000
1760522400,0.00,20261002,0,7139,0,0.01,4199.49000000,4140.39000000
1760526508,25286.00,20260640,1,7134,1,0.01,4212.36000000,3959.98000000
1760558400,-94.00,20261002,1,7139,1,0.01,4198.87000000,4140.39000000
1760607900,0.00,20261001,0,7142,0,0.01,202.88000000,201.97900000
1760625900,0.00,20261002,0,7143,0,0.02,4246.79000000,4199.47000000
1760643089,-901.00,20261001,1,7142,1,0.01,201.97900000,201.97900000
1760644800,10851.00,20261002,1,7143,1,0.02,4282.51000000,4199.47000000
1760680800,0.00,20260605,0,7146,0,0.01,1.17062000,1.16812000
1760694300,0.00,20261001,0,7147,1,0.01,201.54200000,202.12800000
1760696100,0.00,20261000,0,7148,1,0.01,149.49400000,150.42200000
1760710419,-376.00,20260605,1,7146,1,0.01,1.16812000,1.16812000
1760713599,-928.00,20261000,1,7148,0,0.01,150.42200000,150.42200000
1760736074,-587.00,20261001,1,7147,0,0.01,202.12900000,202.12800000
1760976000,0.00,20260640,0,7152,0,0.01,4324.12000000,4200.08000000
1760976000,0.00,20260774,0,7153,1,0.01,1.34248000,1.34748000
1761038100,0.00,20261001,0,7154,0,0.01,202.72900000,201.80300000
1761043500,0.00,20261002,0,7155,1,0.01,4300.66000000,4375.18000000
1761051600,0.00,20260605,0,7156,1,0.01,1.16199000,1.16449000
1761062499,-18792.00,20260640,1,7152,1,0.01,4200.08000000,4200.08000000
1761065261,16818.00,20261002,1,7155,0,0.01,4188.84000000,4375.18000000
1761084000,403.00,20261001,1,7154,1,0.01,203.13200000,201.80300000
1761125400,0.00,20261001,0,7160,1,0.06,202.50700000,203.24100000
1761133084,1642.00,20260774,1,7153,0,0.01,1.33148000,1.34748000
1761170400,-2130.00,20261001,1,7160,0,0.06,202.86200000,203.24100000
1761210900,0.00,20261002,0,7163,0,0.01,4130.01000000,4066.01000000
1761210900,0.00,20261001,0,7164,0,0.01,203.45700000,202.77000000
1761249600,415.00,20261002,1,7163,1,0.01,4132.77000000,4066.01000000
1761256800,-246.00,20261001,1,7164,1,0.01,203.21100000,202.77000000
1761298200,0.00,20261001,0,7167,0,0.01,203.89200000,203.11600000
1761319840,-368.00,20260605,1,7156,0,0.01,1.16450000,1.16449000
1761328535,-776.00,20261001,1,7167,1,0.01,203.11600000,203.11600000
1761595200,0.00,20260605,0,7170,0,0.01,1.16390000,1.16140000
1761609600,-1747.00,20260720,1,7133,1,0.01,114265.00000000,68966.15000000
1761643800,0.00,20261002,0,7172,1,0.01,3930.91000000,4019.69000000
1761646500,0.00,20261001,0,7173,1,0.01,202.68300000,203.80000000
1761681600,-4768.00,20261002,1,7172,0,0.01,3962.61000000,4019.69000000
1761688800,843.00,20261001,1,7173,0,0.01,201.84000000,203.80000000
1761721200,-111.00,20260605,1,7170,1,0.01,1.16332000,1.16140000
1761721200,0.00,20260605,0,7177,1,0.01,1.16332000,1.16582000
1761730200,0.00,20261001,0,7178,1,0.01,201.03900000,201.95800000
1761759924,-376.00,20260605,1,7177,0,0.01,1.16582000,1.16582000
1761775200,-603.00,20261001,1,7178,0,0.01,201.64200000,201.95800000
1761822900,0.00,20261002,0,7181,0,0.01,4005.38000000,3915.33000000
1761854400,-150.00,20261002,1,7181,1,0.01,4004.38000000,3915.33000000
1761903900,0.00,20261001,0,7183,0,0.01,202.80800000,202.17100000
1761906600,0.00,20261000,0,7184,0,0.01,154.36700000,153.64200000
1761919740,-637.00,20261001,1,7183,1,0.01,202.17100000,202.17100000
1761948000,-269.00,20261000,1,7184,1,0.01,154.09800000,153.64200000
1762171200,0.00,20260622,0,7187,0,0.03,154.17600000,153.33200000
1762248750,-2526.00,20260622,1,7187,1,0.03,153.33200000,153.33200000
1762249500,0.00,20261001,0,7189,1,0.01,201.34000000,202.66400000
1762293600,1374.00,20261001,1,7189,0,0.01,199.96600000,202.66400000
1762337700,0.00,20261001,0,7191,0,0.01,200.41000000,199.05200000
1762380000,612.00,20261001,1,7191,1,0.01,201.02200000,199.05200000
1762425000,0.00,20261000,0,7193,1,0.01,153.67500000,154.13100000
1762466400,522.00,20261000,1,7193,0,0.01,153.15300000,154.13100000
1762766100,0.00,20261001,0,7195,0,0.01,202.68500000,201.75800000
1762773300,0.00,20261000,0,7196,0,0.01,154.20100000,153.38700000
1762783200,0.00,20261002,0,7197,0,0.01,4085.61000000,3997.75000000
1762804800,2597.00,20261002,1,7197,1,0.01,4102.48000000,3997.75000000
1762812000,-160.00,20261000,1,7196,1,0.01,154.04100000,153.38700000
1762812000,343.00,20261001,1,7195,1,0.01,203.02800000,201.75800000
1762833600,0.00,20260622,0,7201,0,0.03,154.33400000,153.56900000
1762852500,0.00,20261001,0,7202,1,0.01,202.47600000,203.26500000
1762898400,-467.00,20261001,1,7202,0,0.01,202.94300000,203.26500000
1762930800,0.00,20260605,0,7204,0,0.01,1.15729000,1.15479000
1762942500,0.00,20261001,0,7205,0,0.01,203.55800000,202.53700000
1762984800,-431.00,20261001,1,7205,1,0.01,203.12700000,202.53700000
1763028900,0.00,20261002,0,7207,0,0.01,4230.00000000,4179.74000000
1763031600,0.00,20261000,0,7208,1,0.02,154.51300000,155.00700000
1763064000,-4380.00,20261002,1,7207,1,0.01,4201.62000000,4179.74000000
1763071200,60.00,20261000,1,7208,0,0.02,154.48300000,155.00700000
1763112600,0.00,20261001,0,7211,1,0.01,202.89000000,203.94100000
1763117080,-1053.00,20261001,1,7211,0,0.01,203.94300000,203.94100000
1763552680,4642.00,20260622,1,7201,1,0.03,155.86500000,153.56900000
1763552700,0.00,20261000,0,7214,0,0.02,155.86700000,155.20300000
1763553600,0.00,20261002,0,7215,0,0.01,4113.51000000,4055.29000000
1763568000,0.00,20260622,0,7216,0,0.04,156.29300000,155.57900000
1763571998,-478.00,20260605,1,7204,1,0.01,1.15478000,1.15479000
1763582400,-5446.00,20261002,1,7215,1,0.01,4078.77000000,4055.29000000
1763589600,0.00,20260605,0,7219,1,0.01,1.15198000,1.15448000
1763589600,2302.00,20261000,1,7214,1,0.02,157.01800000,155.20300000
1763628698,5737.00,20260622,1,7216,1,0.04,157.72100000,155.57900000
1763656179,-387.00,20260605,1,7219,0,0.01,1.15448000,1.15448000
1763717400,0.00,20261001,0,7223,1,0.01,205.52300000,206.03800000
1763718300,0.00,20261000,0,7224,1,0.01,156.76400000,157.53100000
1763726857,1030.00,20261001,1,7223,0,0.01,204.49300000,206.03800000
1763762400,424.00,20261000,1,7224,0,0.01,156.34000000,157.53100000
1763956800,0.00,20260622,0,7227,0,0.02,156.73000000,155.71400000
1763979300,0.00,20261001,0,7228,0,0.01,205.41200000,204.75400000
1764021600,40.00,20261001,1,7228,1,0.01,205.45200000,204.75400000
1764068400,0.00,20261001,0,7230,1,0.01,205.13700000,205.69300000
1764069300,0.00,20261000,0,7231,1,0.01,156.37200000,156.97100000
1764088340,-556.00,20261001,1,7230,0,0.01,205.69300000,205.69300000
1764108000,535.00,20261000,1,7231,0,0.01,155.83700000,156.97100000
1764130840,-2024.00,20260622,1,7227,1,0.02,155.71400000,155.71400000
1764151200,0.00,20261001,0,7235,0,0.01,206.11600000,205.26800000
1764194400,929.00,20261001,1,7235,1,0.01,207.04500000,205.26800000
1764270000,0.00,20260605,0,7237,0,0.01,1.16004000,1.15754000
1764324000,0.00,20261001,0,7238,1,0.01,206.50100000,207.18800000
1764324031,-409.00,20260605,1,7237,1,0.01,1.15749000,1.15754000
1764331200,0.00,20260605,0,7240,0,0.01,1.15685000,1.15435000
1764367200,-306.00,20261001,1,7238,0,0.01,206.80700000,207.18800000
1764582300,0.00,20261001,0,7242,1,0.01,205.48500000,206.74200000
1764626400,42.00,20261001,1,7242,0,0.01,205.44300000,206.74200000
1764648000,0.00,20260628,0,7244,0,0.01,101.88400000,101.35600000
1764666900,0.00,20261001,0,7245,0,0.01,205.96100000,205.28500000
1764671400,0.00,20261000,0,7246,0,0.01,155.96100000,155.39300000
1764675900,0.00,20261002,0,7247,1,0.01,4190.37000000,4235.84000000
1764705600,-569.00,20261002,1,7247,0,0.01,4194.02000000,4235.84000000
1764712800,-77.00,20261000,1,7246,1,0.01,155.88400000,155.39300000
1764712800,-39.00,20261001,1,7245,1,0.01,205.92200000,205.28500000
1764754200,0.00,20261001,0,7251,0,0.01,206.17200000,205.60400000
1764774937,1601.00,20260605,1,7240,1,0.01,1.16735000,1.15435000
1764799200,952.00,20261001,1,7251,1,0.01,207.12400000,205.60400000
1764843300,0.00,20261001,0,7254,1,0.01,206.70200000,207.34400000
1764844200,0.00,20261000,0,7255,1,0.02,154.80400000,155.53000000
1764885600,-450.00,20261000,1,7255,0,0.02,155.02900000,155.53000000
1764885600,-105.00,20261001,1,7254,0,0.01,206.80700000,207.34400000
1764934200,0.00,20261001,0,7258,0,0.06,206.85500000,206.20400000
1764972000,1176.00,20261001,1,7258,1,0.06,207.05100000,206.20400000
1765190700,0.00,20261001,0,7260,0,0.01,207.13200000,206.57900000
1765231200,629.00,20261001,1,7260,1,0.01,207.76100000,206.57900000
1765274400,0.00,20261001,0,7262,0,0.01,208.19200000,207.48900000
1765275300,0.00,20261000,0,7263,0,0.01,156.26500000,155.73200000
1765278900,0.00,20261002,0,7264,0,0.02,4203.86000000,4169.93000000
1765296000,0.00,20260774,0,7265,0,0.01,1.33155000,1.32655000
1765310400,-282.00,20261002,1,7264,1,0.02,4202.96000000,4169.93000000
1765317600,559.00,20261000,1,7263,1,0.01,156.82400000,155.73200000
1765317600,411.00,20261001,1,7262,1,0.01,208.60300000,207.48900000
1765359900,0.00,20261001,0,7269,0,0.01,208.76300000,208.22000000
1765404000,60.00,20261001,1,7269,1,0.01,208.82300000,208.22000000
1765471095,1704.00,20260774,1,7265,1,0.01,1.34256000,1.32655000
1765885500,0.00,20261001,0,7272,0,0.06,207.68700000,206.75700000
1765922400,-318.00,20261001,1,7272,1,0.06,207.63400000,206.75700000
1765944000,0.00,20260640,0,7274,0,0.01,4326.97000000,4272.82000000
1765964700,0.00,20261001,0,7275,1,0.06,207.25200000,207.97600000
1765966500,0.00,20261000,0,7276,0,0.01,155.57100000,154.49700000
1765991559,-4344.00,20261001,1,7275,0,0.06,207.97600000,207.97600000
1766008800,61.00,20261000,1,7276,1,0.01,155.63200000,154.49700000
1766049300,0.00,20261001,0,7279,0,0.01,208.44000000,207.85100000
1766095200,-283.00,20261001,1,7279,1,0.01,208.15700000,207.85100000
1766138400,0.00,20261000,0,7281,0,0.01,156.74200000,155.41800000
1766181600,778.00,20261000,1,7281,1,0.01,157.52000000,155.41800000
1766395800,0.00,20261001,0,7283,0,0.06,211.05000000,210.50500000
1766397339,2721.00,20260628,1,7244,1,0.01,104.52500000,101.35600000
1766426233,16366.00,20260640,1,7274,1,0.01,4435.28000000,4272.82000000
1766433600,0.00,20260640,0,7286,0,0.01,4439.16000000,4383.26000000
1766440800,588.00,20261001,1,7283,1,0.06,211.14800000,210.50500000
1767000600,0.00,20261001,0,7288,1,0.01,210.61100000,211.33200000
1767025812,-9800.00,20260640,1,7286,1,0.01,4383.19000000,4383.26000000
1767034800,0.00,20260605,0,7290,0,0.01,1.17569000,1.17319000
1767038400,-93.00,20260605,1,7290,1,0.01,1.17510000,1.17319000
1767038400,0.00,20260605,0,7292,1,0.01,1.17510000,1.17760000
1767045600,-156.00,20261001,1,7288,0,0.01,210.76700000,211.33200000
1767063279,-392.00,20260605,1,7292,0,0.01,1.17760000,1.17760000
1767099600,0.00,20261002,0,7295,0,0.01,4385.11000000,4323.07000000
1767124800,-2351.00,20261002,1,7295,1,0.01,4370.19000000,4323.07000000
1767178800,0.00,20261001,0,7297,1,0.06,210.28000000,210.81800000
1767190951,-3228.00,20261001,1,7297,0,0.06,210.81800000,210.81800000
1767609000,0.00,20261001,0,7299,1,0.06,210.55500000,211.32300000
1767612600,0.00,20261002,0,7300,0,0.01,4432.85000000,4345.18000000
1767635380,-4608.00,20261001,1,7299,0,0.06,211.32300000,211.32300000
1767643200,1657.00,20261002,1,7300,1,0.01,4443.37000000,4345.18000000
1767729600,0.00,20260628,0,7303,0,0.01,105.55800000,104.93100000
1767779100,0.00,20261001,0,7304,1,0.01,211.11300000,211.73900000
1767823200,55.00,20261001,1,7304,0,0.01,211.05800000,211.73900000
1767859537,-611.00,20260628,1,7303,1,0.01,104.93100000,104.93100000
1767866400,0.00,20261001,0,7307,1,0.01,210.36600000,211.14200000
1767909600,-469.00,20261001,1,7307,0,0.01,210.83500000,211.14200000
1767945600,0.00,20260627,0,7309,0,0.04,211.37800000,210.55700000
1767951900,0.00,20261000,0,7310,0,0.01,157.54900000,156.64400000
1767952800,0.00,20261001,0,7311,0,0.01,211.49600000,210.49000000
1767988800,0.00,20260628,0,7312,0,0.01,105.62000000,105.06800000
1767996000,325.00,20261000,1,7310,1,0.01,157.87400000,156.64400000
1767996000,158.00,20261001,1,7311,1,0.01,211.65400000,210.49000000
1768190400,0.00,20260640,0,7315,0,0.01,4570.36000000,4504.47000000
1768216500,0.00,20261001,0,7316,0,0.01,212.40400000,211.58500000
1768233600,0.00,20260610,0,7317,0,0.01,157.85300000,157.35300000
1768255200,532.00,20261001,1,7316,1,0.01,212.93600000,211.58500000
1768292796,1102.00,20260610,1,7317,1,0.01,158.95300000,157.35300000
1768389300,0.00,20261000,0,7320,1,0.02,158.82400000,159.44200000
1768428000,622.00,20261000,1,7320,0,0.02,158.51300000,159.44200000
1768468500,0.00,20261001,0,7322,0,0.01,213.20500000,212.53700000
1768489061,-674.00,20261001,1,7322,1,0.01,212.53100000,212.53700000
1768815000,0.00,20261001,0,7324,0,0.01,211.66400000,210.63300000
1768816800,0.00,20261000,0,7325,0,0.02,158.08800000,157.41300000
1768860000,-36.00,20261000,1,7325,1,0.02,158.07000000,157.41300000
1768860000,560.00,20261001,1,7324,1,0.01,212.22400000,210.63300000
1768894469,19702.00,20260640,1,7315,1,0.01,4702.15000000,4504.47000000
1768896000,0.00,20260640,0,7329,0,0.01,4714.69000000,4650.33000000
1768900500,0.00,20261001,0,7330,0,0.01,212.96500000,211.83300000
1768904100,0.00,20261002,0,7331,0,0.01,4724.74000000,4659.34000000
1768907700,0.00,20261000,0,7332,1,0.02,157.73400000,158.45600000
1768914000,0.00,20260605,0,7333,0,0.01,1.17322000,1.17072000
1768917600,0.00,20260629,0,7334,1,0.01,1.17338000,0.00000000
1768917600,0.00,20260629,0,7335,0,0.01,1.34643000,0.00000000
1768939200,5395.00,20261002,1,7331,1,0.01,4758.90000000,4659.34000000
1768946400,-1130.00,20261000,1,7332,0,0.02,158.29900000,158.45600000
1768946400,-436.00,20261001,1,7330,1,0.01,212.52900000,211.83300000
1768967698,20237.00,20260640,1,7329,1,0.01,4843.44000000,4650.33000000
1768990500,0.00,20261001,0,7340,1,0.06,212.18000000,212.63300000
1768991306,-408.00,20260605,1,7333,1,0.01,1.17072000,1.17072000
1769013700,-2718.00,20261001,1,7340,0,0.06,212.63300000,212.63300000
1769074200,0.00,20261001,0,7343,0,0.01,213.33300000,212.36500000
1769117614,2814.00,20260628,1,7312,1,0.01,108.38200000,105.06800000
1769119200,357.00,20261001,1,7343,1,0.01,213.69000000,212.36500000
1769126430,0.00,20260628,0,7346,0,0.01,108.42800000,107.73600000
1769159700,0.00,20261001,0,7347,0,0.01,214.42100000,213.53500000
1769160337,13302.00,20260627,1,7309,1,0.04,214.66100000,210.55700000
1769160600,0.00,20261000,0,7349,0,0.01,159.18000000,158.32000000
1769161409,-860.00,20261000,1,7349,1,0.01,158.32000000,158.32000000
1769161410,-899.00,20261001,1,7347,1,0.01,213.52200000,213.53500000
1769161481,-693.00,20260628,1,7346,1,0.01,107.73500000,107.73600000
1769161500,0.00,20261000,0,7353,1,0.02,157.50500000,158.94100000
1769161500,0.00,20261001,0,7354,1,0.06,212.64300000,214.34000000
1769187735,-10182.00,20261001,1,7354,0,0.06,214.34000000,214.34000000
1769191200,1537.00,20260629,1,7335,1,0.01,1.35634000,0.00000000
1769191200,-394.00,20260629,1,7334,0,0.01,1.17594000,0.00000000
1769205600,3208.00,20261000,1,7353,0,0.02,155.90100000,158.94100000
1769472000,0.00,20260610,0,7359,1,0.01,154.12900000,154.62900000
1769496659,-500.00,20260610,1,7359,0,0.01,154.62900000,154.62900000
1769500800,0.00,20260610,0,7361,1,0.01,154.49000000,154.99000000
1769510700,0.00,20261000,0,7362,0,0.01,154.82400000,154.04400000
1769514740,-782.00,20261000,1,7362,1,0.01,154.04200000,154.04400000
1769514761,1105.00,20260610,1,7361,0,0.01,153.38500000,154.99000000
1769515200,0.00,20260610,0,7365,1,0.01,153.73600000,154.23600000
1769542960,1100.00,20260610,1,7365,0,0.01,152.63600000,154.23600000
1769544000,0.00,20260610,0,7367,1,0.01,152.75400000,153.25400000
1769598900,0.00,20261001,0,7368,1,0.06,210.36000000,211.20700000
1769620109,-532.00,20260610,1,7367,0,0.01,153.25600000,153.25400000
1769620182,-5094.00,20261001,1,7368,0,0.06,211.20900000,211.20700000
1769679000,0.00,20261001,0,7371,0,0.01,212.06500000,211.31500000
1769706882,-757.00,20261001,1,7371,1,0.01,211.30800000,211.31500000
1769772600,0.00,20261001,0,7373,0,0.01,211.97700000,211.02900000
1769810400,-310.00,20261001,1,7373,1,0.01,211.66700000,211.02900000
1770199200,0.00,20261001,0,7375,0,0.01,214.56600000,213.15800000
1770205500,0.00,20261000,0,7376,0,0.01,156.58900000,155.64200000
1770206400,0.00,20260610,0,7377,0,0.01,156.65600000,156.15600000
1770242400,220.00,20261000,1,7376,1,0.01,156.80900000,155.64200000
1770242400,-314.00,20261001,1,7375,1,0.01,214.25200000,213.15800000
1770290100,0.00,20261001,0,7380,1,0.01,213.33200000,214.21700000
1770292800,0.00,20260605,0,7381,1,0.01,1.17797000,1.18047000
1770302836,-392.00,20260605,1,7381,0,0.01,1.18047000,1.18047000
1770328800,735.00,20261001,1,7380,0,0.01,212.59700000,214.21700000
1770376500,0.00,20261001,0,7384,0,0.01,213.09100000,211.58600000
1770415200,802.00,20261001,1,7384,1,0.01,213.89300000,211.58600000
1770595200,0.00,20260720,0,7386,0,0.01,70723.95000000,42434.37000000
1770649821,-490.00,20260610,1,7377,1,0.01,156.15600000,156.15600000
1770696000,0.00,20260610,0,7388,1,0.01,155.72000000,156.22000000
1770740238,1100.00,20260610,1,7388,0,0.01,154.62000000,156.22000000
1770753600,0.00,20260610,0,7390,1,0.01,154.36800000,154.86800000
1770793838,1070.00,20260610,1,7390,0,0.01,153.26800000,154.86800000
1770796800,0.00,20260610,0,7392,1,0.01,153.02800000,153.52800000
1770817478,-501.00,20260610,1,7392,0,0.01,153.52900000,153.52800000
1770825600,0.00,20260610,0,7394,1,0.01,153.82100000,154.32100000
1770838201,1100.00,20260610,1,7394,0,0.01,152.72100000,154.32100000
1770840000,0.00,20260610,0,7396,1,0.01,152.81600000,153.31600000
1770851553,-502.00,20260610,1,7396,0,0.01,153.31800000,153.31600000
1770854400,0.00,20260610,0,7398,1,0.01,153.21400000,153.71400000
1770865200,0.00,20260605,0,7399,0,0.01,1.18777000,1.18527000
1770885155,-384.00,20260605,1,7399,1,0.01,1.18527000,1.18527000
1770908020,-505.00,20260610,1,7398,0,0.01,153.71900000,153.71400000
1770975900,0.00,20261001,0,7402,0,0.01,208.94700000,207.82600000
1770979500,0.00,20261000,0,7403,0,0.01,153.59900000,152.58800000
1771010055,-1012.00,20261000,1,7403,1,0.01,152.58700000,152.58800000
1771020000,-521.00,20261001,1,7402,1,0.01,208.42600000,207.82600000
1771233300,0.00,20261001,0,7406,0,0.01,209.11300000,208.11800000
1771242300,0.00,20261000,0,7407,0,0.01,153.51800000,152.52400000
1771279200,-46.00,20261000,1,7407,1,0.01,153.47200000,152.52400000
1771279200,107.00,20261001,1,7406,1,0.01,209.22000000,208.11800000
1771319700,0.00,20261001,0,7410,1,0.01,207.52900000,209.47300000
1771365600,-319.00,20261001,1,7410,0,0.01,207.84800000,209.47300000
1771372800,-5188.00,20260720,1,7386,1,0.01,67650.85000000,42434.37000000
1771407900,0.00,20261001,0,7413,0,0.01,208.33900000,207.60900000
1771452000,518.00,20261001,1,7413,1,0.01,208.85700000,207.60900000
1771470000,0.00,20260605,0,7415,1,0.01,1.17888000,1.18138000
1771574400,0.00,20260774,0,7416,1,0.01,1.34444000,1.34944000
1771584300,0.00,20261000,0,7417,0,0.01,155.56100000,154.85200000
1771601431,-777.00,20260774,1,7416,0,0.01,1.34945000,1.34944000
1771607730,-710.00,20261000,1,7417,1,0.01,154.85100000,154.85200000
1771617600,0.00,20260640,0,7420,0,0.01,5073.29000000,4990.32000000
1771809638,-386.00,20260605,1,7415,0,0.01,1.18140000,1.18138000
1771844400,0.00,20261001,0,7422,0,0.01,209.12600000,208.20500000
1771873995,-921.00,20261001,1,7422,1,0.01,208.20500000,208.20500000
1771894948,25422.00,20260640,1,7420,1,0.01,5239.24000000,4990.32000000
1771924500,0.00,20261000,0,7425,0,0.01,155.73500000,154.51400000
1771924500,0.00,20261001,0,7426,0,0.01,209.89700000,208.45000000
1771970400,35.00,20261000,1,7425,1,0.01,155.77000000,154.51400000
1771970400,418.00,20261001,1,7426,1,0.01,210.31500000,208.45000000
1771992000,0.00,20260640,0,7429,0,0.01,5177.11000000,5072.55000000
1772013600,0.00,20261001,0,7430,0,0.01,210.92500000,209.99000000
1772017200,0.00,20261000,0,7431,0,0.02,156.31700000,155.33500000
1772056800,234.00,20261000,1,7431,1,0.02,156.43400000,155.33500000
1772056800,1051.00,20261001,1,7430,1,0.01,211.97600000,209.99000000
1772078400,0.00,20260774,0,7434,0,0.01,1.35742000,1.35242000
1772092800,-227.00,20260774,1,7434,1,0.01,1.35597000,1.35242000
1772092800,0.00,20260774,0,7436,1,0.01,1.35597000,1.36097000
1772101800,0.00,20261001,0,7437,1,0.01,211.13700000,211.93700000
1772136025,1721.00,20260774,1,7436,0,0.01,1.34497000,1.36097000
1772143200,544.00,20261001,1,7437,0,0.01,210.59300000,211.93700000
1772179200,0.00,20260628,0,7440,0,0.01,111.06100000,110.22400000
1772409720,-1326.00,20260628,1,7440,1,0.01,109.73100000,110.22400000
1772415699,32035.00,20260640,1,7429,1,0.01,5386.34000000,5072.55000000
1772420400,0.00,20260605,0,7443,1,0.01,1.17765000,1.18015000
1772424000,0.00,20260640,0,7444,0,0.01,5325.35000000,5228.99000000
1772442900,0.00,20261002,0,7445,0,0.01,5406.25000000,5300.12000000
1772446500,0.00,20261000,0,7446,0,0.01,157.16500000,155.90400000
1772474424,-16751.00,20261002,1,7445,1,0.01,5300.05000000,5300.12000000
1772488800,-24.00,20261000,1,7446,1,0.01,157.14100000,155.90400000
1772523479,1655.00,20260605,1,7443,0,0.01,1.16713000,1.18015000
1772529300,0.00,20261001,0,7450,1,0.01,209.91000000,211.34600000
1772537285,-15295.00,20260640,1,7444,1,0.01,5228.92000000,5228.99000000
1772537400,0.00,20261002,0,7452,1,0.01,5242.37000000,5379.73000000
1772538300,0.00,20261000,0,7453,0,0.02,157.75000000,157.16500000
1772556638,32537.00,20261002,1,7452,0,0.01,5036.18000000,5379.73000000
1772575200,-192.00,20261000,1,7453,1,0.02,157.65400000,157.16500000
1772575200,-678.00,20261001,1,7450,0,0.01,210.58800000,211.34600000
1772755200,0.00,20260610,0,7457,0,0.01,157.63600000,157.13600000
1773029320,1102.00,20260610,1,7457,1,0.01,158.73600000,157.13600000
1773049500,0.00,20261001,0,7459,0,0.01,211.43300000,210.58800000
1773093600,548.00,20261001,1,7459,1,0.01,211.98100000,210.58800000
1773100800,0.00,20260720,0,7461,0,0.01,68925.40000000,41355.24000000
1773135900,0.00,20261000,0,7462,1,0.01,157.32100000,157.94300000
1773137700,0.00,20261001,0,7463,0,0.01,212.10100000,211.57700000
1773152131,-622.00,20261000,1,7462,0,0.01,157.94300000,157.94300000
1773158400,0.00,20260774,0,7465,1,0.01,1.34470000,1.34970000
1773180000,-60.00,20261001,1,7463,1,0.01,212.04100000,211.57700000
1773302400,0.00,20260610,0,7467,0,0.01,159.12200000,158.62200000
1773310500,0.00,20261001,0,7468,1,0.01,212.49600000,213.10600000
1773322239,-501.00,20260610,1,7467,1,0.01,158.62100000,158.62200000
1773331200,0.00,20260610,0,7470,0,0.01,159.00700000,158.50700000
1773352800,-249.00,20261001,1,7468,0,0.01,212.74500000,213.10600000
1773383445,1722.00,20260774,1,7465,0,0.01,1.33370000,1.34970000
1773393300,0.00,20261001,0,7473,1,0.01,211.96000000,212.86400000
1773439200,739.00,20261001,1,7473,0,0.01,211.22100000,212.86400000
1773652500,0.00,20261001,0,7475,1,0.01,210.89700000,211.57300000
1773675644,-676.00,20261001,1,7475,0,0.01,211.57300000,211.57300000
1773676800,0.00,20260628,0,7477,0,0.01,112.41800000,111.60900000
1773705600,8309.00,20260720,1,7461,1,0.01,74371.45000000,41355.24000000
1773747900,0.00,20261001,0,7479,0,0.06,212.21900000,211.62100000
1773784800,900.00,20261001,1,7479,1,0.06,212.36900000,211.62100000
1773827100,0.00,20261001,0,7481,1,0.01,212.02400000,212.48200000
1773839975,-458.00,20261001,1,7481,0,0.01,212.48200000,212.48200000
1773911700,0.00,20261001,0,7483,1,0.01,211.50800000,212.33400000
1773912600,0.00,20261000,0,7484,1,0.01,159.39300000,159.83800000
1773913500,0.00,20261002,0,7485,1,0.01,4739.48000000,4866.89000000
1773930881,-789.00,20260628,1,7477,1,0.01,111.60900000,111.60900000
1773931562,30379.00,20261002,1,7485,0,0.01,4548.36000000,4866.89000000
1773935372,-487.00,20260610,1,7470,1,0.01,158.50600000,158.50700000
1773935381,891.00,20261000,1,7484,0,0.01,158.50200000,159.83800000
1773957600,0.00,20260605,0,7490,0,0.01,1.15857000,1.15607000
1773957600,-241.00,20261001,1,7483,0,0.01,211.74900000,212.33400000
1773981574,-408.00,20260605,1,7490,1,0.01,1.15607000,1.15607000
1773998100,0.00,20261001,0,7493,0,0.01,212.48600000,211.71100000
1774005300,0.00,20261000,0,7494,0,0.01,158.56500000,157.68600000
1774044000,727.00,20261000,1,7494,1,0.01,159.29200000,157.68600000
1774044000,-92.00,20261001,1,7493,1,0.01,212.39400000,211.71100000
1774224000,0.00,20260720,0,7497,0,0.01,67923.75000000,40754.25000000
1774266300,0.00,20261001,0,7498,1,0.06,211.77400000,212.72900000
1774271187,-5736.00,20261001,1,7498,0,0.06,212.73000000,212.72900000
1774296000,0.00,20260605,0,7500,0,0.01,1.16029000,1.15779000
1774324175,-411.00,20260605,1,7500,1,0.01,1.15779000,1.15779000
1774343700,0.00,20261001,0,7502,0,0.01,212.96100000,212.27700000
1774349439,-684.00,20261001,1,7502,1,0.01,212.27700000,212.27700000
1774396800,3661.00,20260720,1,7497,1,0.01,70310.10000000,40754.25000000
1774603800,0.00,20261000,0,7505,0,0.01,159.97400000,159.44000000
1774603800,0.00,20261001,0,7506,0,0.01,213.09800000,212.58000000
1774618707,-520.00,20261001,1,7506,1,0.01,212.57800000,212.58000000
1774645200,0.00,20260605,0,7508,1,0.01,1.15125000,1.15375000
1774648800,165.00,20261000,1,7505,1,0.01,160.13900000,159.44000000
1774863900,0.00,20261002,0,7510,0,0.01,4540.66000000,4419.53000000
1774865700,0.00,20261001,0,7511,1,0.01,211.68400000,212.61600000
1774900800,-167.00,20261002,1,7510,1,0.01,4539.62000000,4419.53000000
1774908000,1201.00,20261001,1,7511,0,0.01,210.48300000,212.61600000
1774915200,0.00,20260622,0,7514,0,0.04,159.77500000,159.03800000
1774978235,-394.00,20260605,1,7508,0,0.01,1.15375000,1.15375000
1774980000,0.00,20260605,0,7516,1,0.01,1.15196000,1.15446000
1774980102,-2952.00,20260622,1,7514,1,0.04,159.03700000,159.03800000
1774986028,-399.00,20260605,1,7516,0,0.01,1.15447000,1.15446000
1774998000,0.00,20260605,0,7519,0,0.01,1.15599000,1.15349000
1775037600,0.00,20261000,0,7520,1,0.01,158.29400000,159.00100000
1775041200,0.00,20261001,0,7521,0,0.01,210.57000000,209.65400000
1775080800,-569.00,20261000,1,7520,0,0.01,158.86300000,159.00100000
1775080800,623.00,20261001,1,7521,1,0.01,211.19300000,209.65400000
1775109600,-275.00,20260605,1,7519,1,0.01,1.15458000,1.15349000
1775109600,0.00,20260605,0,7525,1,0.01,1.15458000,1.15708000
1775121300,0.00,20261001,0,7526,1,0.01,210.39300000,211.26000000
1775124900,0.00,20261000,0,7527,0,0.01,159.61400000,158.53000000
1775152800,-104.00,20260605,1,7525,0,0.01,1.15523000,1.15708000
1775152800,0.00,20260605,0,7529,0,0.01,1.15523000,1.15273000
1775167200,6.00,20261000,1,7527,1,0.01,159.62000000,158.53000000
1775167200,-670.00,20261001,1,7526,0,0.01,211.06300000,211.26000000
1775208600,0.00,20261001,0,7532,0,0.01,211.28800000,210.76200000
1775230224,-412.00,20260605,1,7529,1,0.01,1.15273000,1.15273000
1775230238,-528.00,20261001,1,7532,1,0.01,210.76000000,210.76200000
1775469600,0.00,20261001,0,7535,0,0.01,211.00200000,210.28400000
1775512800,363.00,20261001,1,7535,1,0.01,211.36500000,210.28400000
1775554200,0.00,20261001,0,7537,0,0.01,211.55900000,211.11900000
1775584800,0.00,20260605,0,7538,0,0.01,1.15728000,1.15478000
1775599200,357.00,20261001,1,7537,1,0.01,211.91600000,211.11900000
1775614779,1663.00,20260605,1,7538,1,0.01,1.16778000,1.15478000
1775729700,0.00,20261001,0,7541,0,0.01,212.82000000,212.25500000
1775734200,0.00,20261000,0,7542,0,0.01,159.09600000,158.44000000
1775772000,-96.00,20261000,1,7542,1,0.01,159.00000000,158.44000000
1775772000,766.00,20261001,1,7541,1,0.01,213.58600000,212.25500000
1776038400,0.00,20260720,0,7545,0,0.01,71359.95000000,42815.97000000
1776075300,0.00,20261001,0,7546,0,0.01,214.28500000,213.53400000
1776117600,914.00,20261001,1,7546,1,0.01,215.19900000,213.53400000
1776182400,0.00,20260774,0,7548,0,0.01,1.35877000,1.35377000
1776255300,0.00,20261002,0,7549,1,0.01,4804.85000000,4871.18000000
1776283200,103.00,20261002,1,7549,0,0.01,4804.20000000,4871.18000000
1776330900,0.00,20261001,0,7551,0,0.01,215.73100000,215.11200000
1776342457,-819.00,20260774,1,7548,1,0.01,1.35377000,1.35377000
1776376800,-303.00,20261001,1,7551,1,0.01,215.42800000,215.11200000
1776770100,0.00,20261002,0,7554,1,0.01,4775.74000000,4833.13000000
1776770100,0.00,20261000,0,7555,0,0.01,159.18500000,158.66200000
1776801600,10277.00,20261002,1,7554,0,0.01,4711.29000000,4833.13000000
1776808800,176.00,20261000,1,7555,1,0.01,159.36100000,158.66200000
1776855600,0.00,20261001,0,7558,0,0.01,215.39100000,215.01400000
1776859200,0.00,20260628,0,7559,0,0.01,114.19300000,113.72700000
1776869256,-377.00,20261001,1,7558,1,0.01,215.01400000,215.01400000
1776902400,10677.00,20260720,1,7545,1,0.01,78411.15000000,42815.97000000
1776924000,0.00,20260605,0,7562,1,0.01,1.16964000,1.17214000
1776951000,0.00,20261002,0,7563,1,0.01,4686.54000000,4753.54000000
1776974400,-7465.00,20261002,1,7563,0,0.01,4733.38000000,4753.54000000
1776977081,-458.00,20260628,1,7559,1,0.01,113.72300000,113.72700000
1776988800,0.00,20260720,0,7566,0,0.01,77910.65000000,46746.39000000
1777030200,0.00,20261001,0,7567,0,0.01,215.33100000,214.80300000
1777061076,-396.00,20260605,1,7562,0,0.01,1.17214000,1.17214000
1777068000,332.00,20261001,1,7567,1,0.01,215.66300000,214.80300000
1777248000,336.00,20260720,1,7566,1,0.01,78165.45000000,46746.39000000
1777334400,0.00,20260720,0,7571,0,0.01,76989.25000000,46193.55000000
1777363200,0.00,20260640,0,7572,1,0.01,4667.53000000,4729.36000000
1777369500,0.00,20261001,0,7573,1,0.01,215.10900000,215.81700000
1777379400,0.00,20261002,0,7574,1,0.01,4618.14000000,4701.08000000
1777406400,4076.00,20261002,1,7574,0,0.01,4592.56000000,4701.08000000
1777413600,-667.00,20261001,1,7573,0,0.01,215.77600000,215.81700000
1777478132,19726.00,20260640,1,7572,0,0.01,4543.86000000,4729.36000000
1777507200,-2274.00,20260720,1,7571,1,0.01,75650.55000000,46193.55000000
1777536000,0.00,20260610,0,7579,0,0.01,160.54500000,160.04500000
1777540500,0.00,20261001,0,7580,0,0.01,216.29400000,215.88500000
1777543200,0.00,20261002,0,7581,0,0.01,4589.81000000,4539.22000000
1777546649,-502.00,20260610,1,7579,1,0.01,160.04300000,160.04500000
1777546649,-410.00,20261001,1,7580,1,0.01,215.88400000,215.88500000
1777548600,0.00,20261000,0,7584,1,0.02,159.90700000,160.64400000
1777548600,0.00,20261001,0,7585,1,0.06,215.78000000,216.21700000
1777554869,5244.00,20261001,1,7585,0,0.06,214.90600000,216.21700000
1777555778,2950.00,20261000,1,7584,0,0.02,158.43200000,160.64400000
1777564800,0.00,20260610,0,7588,1,0.01,156.81100000,157.31100000
1777579200,0.00,20260640,0,7589,1,0.01,4607.49000000,4692.78000000
1777579200,2768.00,20261002,1,7581,1,0.01,4607.49000000,4539.22000000
1777606181,-536.00,20260610,1,7588,0,0.01,157.31700000,157.31100000
1777629600,0.00,20261000,0,7592,1,0.02,155.95400000,157.31500000
1777629600,0.00,20261001,0,7593,1,0.06,212.26000000,214.03500000
1777672800,-2144.00,20261000,1,7592,0,0.02,157.02600000,157.31500000
1777672800,-6108.00,20261001,1,7593,0,0.06,213.27800000,214.03500000
1777867200,0.00,20260605,0,7596,0,0.01,1.17279000,1.17029000
1777887900,0.00,20261002,0,7597,1,0.01,4585.33000000,4636.36000000
1777899999,-405.00,20260605,1,7596,1,0.01,1.17021000,1.17029000
1777903200,0.00,20260605,0,7599,1,0.01,1.17043000,1.17293000
1777914000,-181.00,20260605,1,7599,0,0.01,1.17158000,1.17293000
1777914000,0.00,20260605,0,7601,0,0.01,1.17158000,1.16908000
1777921658,-394.00,20260605,1,7601,1,0.01,1.16907000,1.16908000
1777921718,12027.00,20261002,1,7597,0,0.01,4508.73000000,4636.36000000
1778011200,0.00,20260605,0,7604,1,0.01,1.16984000,1.17234000
1778025600,0.00,20260720,0,7605,0,0.01,81666.45000000,48999.87000000
1778033666,-391.00,20260605,1,7604,0,0.01,1.17234000,1.17234000
1778068231,-13325.00,20260640,1,7589,0,0.01,4692.81000000,4692.78000000
1778205600,0.00,20260605,0,7608,0,0.01,1.17261000,1.17011000
1778231700,0.00,20261001,0,7609,0,0.01,212.98700000,212.30000000
1778277600,446.00,20261001,1,7609,1,0.01,213.43300000,212.30000000
1778457600,-1730.00,20260720,1,7605,1,0.01,80696.55000000,48999.87000000
1778497200,0.00,20261001,0,7612,0,0.01,213.70000000,212.11600000
1778536800,541.00,20261001,1,7612,1,0.01,214.24100000,212.11600000
1778578200,0.00,20261002,0,7614,1,0.01,4695.87000000,4773.29000000
1778583600,0.00,20260629,0,7615,1,0.01,1.17470000,0.00000000
1778583600,0.00,20260629,0,7616,0,0.01,1.35193000,0.00000000
1778616000,3815.00,20261002,1,7614,0,0.01,4671.57000000,4773.29000000
1778672913,-430.00,20260605,1,7608,1,0.01,1.17010000,1.17011000
1778680800,0.00,20260605,0,7619,1,0.01,1.17119000,1.17369000
1778837400,0.00,20261001,0,7620,1,0.01,211.49500000,212.23300000
1778882400,52.00,20261001,1,7620,0,0.01,211.44300000,212.23300000
1779095700,0.00,20261001,0,7622,0,0.01,211.92900000,211.15200000
1779115500,0.00,20261002,0,7623,0,0.01,4562.60000000,4480.17000000
1779131619,1555.00,20261001,1,7622,1,0.01,213.48400000,211.15200000
1779134400,-2002.00,20261002,1,7623,1,0.01,4549.85000000,4480.17000000
1779206400,0.00,20260610,0,7626,0,0.01,159.07700000,158.57700000
1779207878,1684.00,20260605,1,7619,0,0.01,1.16069000,1.17369000
1779359400,0.00,20261002,0,7628,1,0.01,4512.68000000,4570.65000000
1779393600,-1120.00,20261002,1,7628,0,0.01,4519.72000000,4570.65000000
1779454800,-1551.00,20260629,1,7616,1,0.01,1.34263000,0.00000000
1779454800,2282.00,20260629,1,7615,0,0.01,1.16052000,0.00000000
1779704100,0.00,20261001,0,7632,0,0.01,214.36300000,213.50400000
1779746400,253.00,20261001,1,7632,1,0.01,214.61600000,213.50400000
1779799500,0.00,20261002,0,7634,1,0.01,4513.00000000,4580.05000000
1779825600,1231.00,20261002,1,7634,0,0.01,4505.27000000,4580.05000000
1779874200,0.00,20261002,0,7636,1,0.01,4486.14000000,4538.88000000
1779898840,12616.00,20261002,1,7636,0,0.01,4407.00000000,4538.88000000
1779915600,0.00,20260605,0,7638,0,0.01,1.16282000,1.16032000
1779926400,-123.00,20260605,1,7638,1,0.01,1.16229000,1.16032000
1779926400,0.00,20260605,0,7640,1,0.01,1.16229000,1.16479000
1779969600,0.00,20260774,0,7641,1,0.01,1.34006000,1.34506000
1779984000,-233.00,20260605,1,7640,0,0.01,1.16375000,1.16479000
1779984000,0.00,20260605,0,7643,0,0.01,1.16375000,1.16125000
1779988422,-796.00,20260774,1,7641,0,0.01,1.34506000,1.34506000
1780305300,0.00,20261001,0,7645,0,0.01,214.77900000,214.28500000
1780332686,-494.00,20261001,1,7645,1,0.01,214.28500000,214.28500000
1780332691,-425.00,20260605,1,7643,1,0.01,1.16125000,1.16125000
1780391700,0.00,20261001,0,7648,0,0.01,215.21400000,214.62800000
1780394400,0.00,20261002,0,7649,0,0.01,4536.10000000,4462.76000000
1780430400,-7094.00,20261002,1,7649,1,0.01,4491.74000000,4462.76000000
1780434000,0.00,20260605,0,7651,1,0.01,1.16206000,1.16456000
1780437600,144.00,20261001,1,7648,1,0.01,215.35800000,214.62800000
1780483500,0.00,20261000,0,7653,1,0.02,159.65400000,159.98500000
1780505487,-662.00,20261000,1,7653,0,0.02,159.98500000,159.98500000
1780583400,0.00,20261002,0,7655,0,0.01,4489.86000000,4423.81000000
1780584395,-390.00,20260605,1,7651,0,0.01,1.16456000,1.16456000
1780585200,0.00,20260605,0,7657,0,0.01,1.16426000,1.16176000
1780596000,-210.00,20260605,1,7657,1,0.01,1.16295000,1.16176000
1780596000,0.00,20260605,0,7659,1,0.01,1.16295000,1.16545000
1780603200,-1171.00,20261002,1,7655,1,0.01,4482.54000000,4423.81000000
1780675061,1138.00,20260610,1,7626,1,0.01,160.17700000,158.57700000
1780686997,1684.00,20260605,1,7659,0,0.01,1.15245000,1.16545000
1780996500,0.00,20261001,0,7663,0,0.01,214.08400000,213.45500000
1781042400,586.00,20261001,1,7663,1,0.01,214.67000000,213.45500000
1781082900,0.00,20261001,0,7665,0,0.01,214.79100000,214.23200000
1781090100,0.00,20261002,0,7666,1,0.01,4166.49000000,4257.55000000
1781121600,7064.00,20261002,1,7666,0,0.01,4122.39000000,4257.55000000
1781128800,-72.00,20261001,1,7665,1,0.01,214.71900000,214.23200000
1781173800,0.00,20261001,0,7669,0,0.01,214.92800000,214.31500000
1781191355,-613.00,20261001,1,7669,1,0.01,214.31500000,214.31500000
1781481630,0.00,20260720,0,7671,0,0.01,64047.32000000,38428.39000000
1781553600,0.00,20260605,0,7672,0,0.01,1.16045000,1.15795000
1781593984,-413.00,20260605,1,7672,1,0.01,1.15795000,1.15795000
1781694000,0.00,20261000,0,7674,1,0.01,160.17800000,160.43600000
1781712000,0.00,20260605,0,7675,0,0.01,1.16029000,1.15779000
1781730013,-401.00,20260605,1,7675,1,0.01,1.15779000,1.15779000
1781730195,-258.00,20261000,1,7674,0,0.01,160.43600000,160.43600000
1781733600,0.00,20260605,0,7678,1,0.01,1.15377000,1.15627000
1781775000,0.00,20261001,0,7679,0,0.01,214.05500000,213.18300000
1781782530,-875.00,20261001,1,7679,1,0.01,213.18000000,213.18300000
1781783100,0.00,20261001,0,7681,1,0.06,213.10500000,213.96700000
1781792100,0.00,20261002,0,7682,1,0.02,4247.14000000,4329.62000000
1781794800,0.00,20260629,0,7683,1,0.01,1.14563000,0.00000000
1781794800,0.00,20260629,0,7684,0,0.01,1.32117000,0.00000000
1781812800,8720.00,20261002,1,7682,0,0.02,4219.96000000,4329.62000000
1781820000,-2226.00,20261001,1,7681,0,0.06,213.47600000,213.96700000
1781827200,-1867.00,20260720,1,7671,1,0.01,63058.55000000,38428.39000000
1781855368,1695.00,20260605,1,7678,0,0.01,1.14326000,1.15627000
1781868600,0.00,20261001,0,7689,0,0.06,213.24300000,212.44300000
1781906400,894.00,20261001,1,7689,1,0.06,213.39200000,212.44300000
1781913599,259.00,0,1,7684,1,0.01,1.32282000,0.00000000
1781913599,-304.00,0,1,7683,0,0.01,1.14754000,0.00000000
1781913599,3295873.00,0,1,6900,1,1.88,112.98100000,0.00000000
