attempt_id,run_id,proposal_id,family,target,window,terminal,status,decision,gate_code,reason,returncode,net,pf,dd_pct,trades,net_ratio,pf_ratio,dd_delta,trade_ratio,parameter_json,config_file,deal_file,started_at,finished_at,elapsed_seconds,error
3204e78b75c948d0b75287e72c7a9880,pp_is_PP0001_20260830232841_8fa5bb,PP0001,F01_be_atr,G1,IS,PROD,OK,IS_REJECT,PROFIT_DAMAGED,"IS net=294825 (-29.45%), PF=2.2075 (-2.07%), DD=6.1943% (+2.4001pt), trades=323 (+7.31%)",0,294825.0,2.2075,6.1943,323,0.705522,0.979283,2.4001,1.07309,"{""PprotArmAfterBars"": 0, ""PprotArmBeforeBars"": 0, ""PprotArmHourEnd"": -1, ""PprotArmHourStart"": -1, ""PprotArmMaxATRRatio"": 0.0, ""PprotArmMinATRRatio"": 0.0, ""PprotArmPeakATR"": 0.25, ""PprotArmPeakR"": 0.0, ""PprotBELockATR"": 0.0, ""PprotBELockR"": -9.0, ""PprotFridayHour"": -1, ""PprotFridayMinATR"": 0.0, ""PprotGivebackATR"": 0.0, ""PprotGivebackFrac"": 0.0, ""PprotMode"": 1, ""PprotPartialLots"": 0.0, ""PprotSleeveMask"": 1, ""PprotTPExtendATR"": 0.0, ""PprotTightenBars"": 0, ""PprotTightenSLATR"": 0.0, ""PprotTrailATR"": 0.0, ""PprotTrailPeakATR"": 0.0}",ml\pprot1\configs\pp_is_PP0001_20260830232841_8fa5bb.yaml,pp_is_PP0001_20260830232841_8fa5bb_deals.csv,2026-08-30T23:28:41+00:00,2026-08-30T23:31:05+00:00,144.165,
aed754cb895a4f43bd7d44a3f8d34f3e,pp_is_PP0002_20260830232906_b9a02b,PP0002,F01_be_atr,G1,IS,BT1,OK,IS_REJECT,PROFIT_DAMAGED,"IS net=257039 (-38.49%), PF=2.0574 (-8.73%), DD=5.8069% (+2.0127pt), trades=324 (+7.64%)",0,257039.0,2.0574,5.8069,324,0.615099,0.912696,2.0127,1.076412,"{""PprotArmAfterBars"": 0, ""PprotArmBeforeBars"": 0, ""PprotArmHourEnd"": -1, ""PprotArmHourStart"": -1, ""PprotArmMaxATRRatio"": 0.0, ""PprotArmMinATRRatio"": 0.0, ""PprotArmPeakATR"": 0.25, ""PprotArmPeakR"": 0.0, ""PprotBELockATR"": 0.1, ""PprotBELockR"": -9.0, ""PprotFridayHour"": -1, ""PprotFridayMinATR"": 0.0, ""PprotGivebackATR"": 0.0, ""PprotGivebackFrac"": 0.0, ""PprotMode"": 1, ""PprotPartialLots"": 0.0, ""PprotSleeveMask"": 1, ""PprotTPExtendATR"": 0.0, ""PprotTightenBars"": 0, ""PprotTightenSLATR"": 0.0, ""PprotTrailATR"": 0.0, ""PprotTrailPeakATR"": 0.0}",ml\pprot1\configs\pp_is_PP0002_20260830232906_b9a02b.yaml,pp_is_PP0002_20260830232906_b9a02b_deals.csv,2026-08-30T23:29:06+00:00,2026-08-30T23:32:00+00:00,173.68,
ff561dafe9db4636b54fa9bd45f1b47b,pp_is_PP0003_20260830233105_554e87,PP0003,F01_be_atr,G1,IS,PROD,OK,IS_REJECT,PROFIT_DAMAGED,"IS net=229775 (-45.01%), PF=1.9347 (-14.17%), DD=4.9048% (+1.1106pt), trades=326 (+8.31%)",0,229775.0,1.9347,4.9048,326,0.549856,0.858265,1.1106,1.083056,"{""PprotArmAfterBars"": 0, ""PprotArmBeforeBars"": 0, ""PprotArmHourEnd"": -1, ""PprotArmHourStart"": -1, ""PprotArmMaxATRRatio"": 0.0, ""PprotArmMinATRRatio"": 0.0, ""PprotArmPeakATR"": 0.25, ""PprotArmPeakR"": 0.0, ""PprotBELockATR"": 0.25, ""PprotBELockR"": -9.0, ""PprotFridayHour"": -1, ""PprotFridayMinATR"": 0.0, ""PprotGivebackATR"": 0.0, ""PprotGivebackFrac"": 0.0, ""PprotMode"": 1, ""PprotPartialLots"": 0.0, ""PprotSleeveMask"": 1, ""PprotTPExtendATR"": 0.0, ""PprotTightenBars"": 0, ""PprotTightenSLATR"": 0.0, ""PprotTrailATR"": 0.0, ""PprotTrailPeakATR"": 0.0}",ml\pprot1\configs\pp_is_PP0003_20260830233105_554e87.yaml,pp_is_PP0003_20260830233105_554e87_deals.csv,2026-08-30T23:31:05+00:00,2026-08-30T23:33:29+00:00,144.179,
4b5dce4dca304098bef3b425c13433b0,pp_is_PP0004_20260830233200_785369,PP0004,F01_be_atr,G1,IS,BT1,OK,IS_REJECT,PROFIT_DAMAGED,"IS net=294958 (-29.42%), PF=2.1621 (-4.09%), DD=5.0384% (+1.2442pt), trades=318 (+5.65%)",0,294958.0,2.1621,5.0384,318,0.70584,0.959143,1.2442,1.056478,"{""PprotArmAfterBars"": 0, ""PprotArmBeforeBars"": 0, ""PprotArmHourEnd"": -1, ""PprotArmHourStart"": -1, ""PprotArmMaxATRRatio"": 0.0, ""PprotArmMinATRRatio"": 0.0, ""PprotArmPeakATR"": 0.5, ""PprotArmPeakR"": 0.0, ""PprotBELockATR"": 0.0, ""PprotBELockR"": -9.0, ""PprotFridayHour"": -1, ""PprotFridayMinATR"": 0.0, ""PprotGivebackATR"": 0.0, ""PprotGivebackFrac"": 0.0, ""PprotMode"": 1, ""PprotPartialLots"": 0.0, ""PprotSleeveMask"": 1, ""PprotTPExtendATR"": 0.0, ""PprotTightenBars"": 0, ""PprotTightenSLATR"": 0.0, ""PprotTrailATR"": 0.0, ""PprotTrailPeakATR"": 0.0}",ml\pprot1\configs\pp_is_PP0004_20260830233200_785369.yaml,pp_is_PP0004_20260830233200_785369_deals.csv,2026-08-30T23:32:00+00:00,2026-08-30T23:34:24+00:00,143.907,
4f3444e8d24d46e18bd09675c424ae15,pp_is_PP0005_20260830233429_4b254a,PP0005,F01_be_atr,G1,IS,PROD,OK,IS_REJECT,PROFIT_DAMAGED,"IS net=290860 (-30.40%), PF=2.1466 (-4.77%), DD=6.0357% (+2.2415pt), trades=321 (+6.64%)",0,290860.0,2.1466,6.0357,321,0.696034,0.952267,2.2415,1.066445,"{""PprotArmAfterBars"": 0, ""PprotArmBeforeBars"": 0, ""PprotArmHourEnd"": -1, ""PprotArmHourStart"": -1, ""PprotArmMaxATRRatio"": 0.0, ""PprotArmMinATRRatio"": 0.0, ""PprotArmPeakATR"": 0.5, ""PprotArmPeakR"": 0.0, ""PprotBELockATR"": 0.1, ""PprotBELockR"": -9.0, ""PprotFridayHour"": -1, ""PprotFridayMinATR"": 0.0, ""PprotGivebackATR"": 0.0, ""PprotGivebackFrac"": 0.0, ""PprotMode"": 1, ""PprotPartialLots"": 0.0, ""PprotSleeveMask"": 1, ""PprotTPExtendATR"": 0.0, ""PprotTightenBars"": 0, ""PprotTightenSLATR"": 0.0, ""PprotTrailATR"": 0.0, ""PprotTrailPeakATR"": 0.0}",ml\pprot1\configs\pp_is_PP0005_20260830233429_4b254a.yaml,pp_is_PP0005_20260830233429_4b254a_deals.csv,2026-08-30T23:34:29+00:00,2026-08-30T23:36:33+00:00,124.005,
521a62945cce47578b8c3deff23168ad,pp_is_PP0006_20260830233454_6b6791,PP0006,F01_be_atr,G1,IS,BT1,OK,IS_REJECT,PROFIT_DAMAGED,"IS net=306912 (-26.56%), PF=2.1904 (-2.83%), DD=5.3726% (+1.5784pt), trades=322 (+6.98%)",0,306912.0,2.1904,5.3726,322,0.734447,0.971697,1.5784,1.069767,"{""PprotArmAfterBars"": 0, ""PprotArmBeforeBars"": 0, ""PprotArmHourEnd"": -1, ""PprotArmHourStart"": -1, ""PprotArmMaxATRRatio"": 0.0, ""PprotArmMinATRRatio"": 0.0, ""PprotArmPeakATR"": 0.5, ""PprotArmPeakR"": 0.0, ""PprotBELockATR"": 0.25, ""PprotBELockR"": -9.0, ""PprotFridayHour"": -1, ""PprotFridayMinATR"": 0.0, ""PprotGivebackATR"": 0.0, ""PprotGivebackFrac"": 0.0, ""PprotMode"": 1, ""PprotPartialLots"": 0.0, ""PprotSleeveMask"": 1, ""PprotTPExtendATR"": 0.0, ""PprotTightenBars"": 0, ""PprotTightenSLATR"": 0.0, ""PprotTrailATR"": 0.0, ""PprotTrailPeakATR"": 0.0}",ml\pprot1\configs\pp_is_PP0006_20260830233454_6b6791.yaml,pp_is_PP0006_20260830233454_6b6791_deals.csv,2026-08-30T23:34:54+00:00,2026-08-30T23:38:08+00:00,193.89,
44fcd9a48c2249f4a2afa3fa7b941cdd,pp_is_PP0007_20260830233519_4e8e60,PP0007,F01_be_atr,G1,IS,BT2,OK,IS_REJECT,PROFIT_DAMAGED,"IS net=319759 (-23.48%), PF=2.1736 (-3.58%), DD=4.3817% (+0.5875pt), trades=311 (+3.32%)",0,319759.0,2.1736,4.3817,311,0.76519,0.964245,0.5875,1.033223,"{""PprotArmAfterBars"": 0, ""PprotArmBeforeBars"": 0, ""PprotArmHourEnd"": -1, ""PprotArmHourStart"": -1, ""PprotArmMaxATRRatio"": 0.0, ""PprotArmMinATRRatio"": 0.0, ""PprotArmPeakATR"": 0.75, ""PprotArmPeakR"": 0.0, ""PprotBELockATR"": 0.0, ""PprotBELockR"": -9.0, ""PprotFridayHour"": -1, ""PprotFridayMinATR"": 0.0, ""PprotGivebackATR"": 0.0, ""PprotGivebackFrac"": 0.0, ""PprotMode"": 1, ""PprotPartialLots"": 0.0, ""PprotSleeveMask"": 1, ""PprotTPExtendATR"": 0.0, ""PprotTightenBars"": 0, ""PprotTightenSLATR"": 0.0, ""PprotTrailATR"": 0.0, ""PprotTrailPeakATR"": 0.0}",ml\pprot1\configs\pp_is_PP0007_20260830233519_4e8e60.yaml,pp_is_PP0007_20260830233519_4e8e60_deals.csv,2026-08-30T23:35:19+00:00,2026-08-30T23:39:28+00:00,248.952,
2d7ff7c6c9bb46c793d85f19bb74d35f,pp_is_PP0010_20260830233633_715c91,PP0010,F01_be_atr,G1,IS,PROD,OK,IS_REJECT,PROFIT_DAMAGED,"IS net=316684 (-24.22%), PF=2.0646 (-8.41%), DD=4.4130% (+0.6188pt), trades=309 (+2.66%)",0,316684.0,2.0646,4.413,309,0.757831,0.91589,0.6188,1.026578,"{""PprotArmAfterBars"": 0, ""PprotArmBeforeBars"": 0, ""PprotArmHourEnd"": -1, ""PprotArmHourStart"": -1, ""PprotArmMaxATRRatio"": 0.0, ""PprotArmMinATRRatio"": 0.0, ""PprotArmPeakATR"": 1.0, ""PprotArmPeakR"": 0.0, ""PprotBELockATR"": 0.0, ""PprotBELockR"": -9.0, ""PprotFridayHour"": -1, ""PprotFridayMinATR"": 0.0, ""PprotGivebackATR"": 0.0, ""PprotGivebackFrac"": 0.0, ""PprotMode"": 1, ""PprotPartialLots"": 0.0, ""PprotSleeveMask"": 1, ""PprotTPExtendATR"": 0.0, ""PprotTightenBars"": 0, ""PprotTightenSLATR"": 0.0, ""PprotTrailATR"": 0.0, ""PprotTrailPeakATR"": 0.0}",ml\pprot1\configs\pp_is_PP0010_20260830233633_715c91.yaml,pp_is_PP0010_20260830233633_715c91_deals.csv,2026-08-30T23:36:33+00:00,2026-08-30T23:41:44+00:00,310.307,
a37fe9d85480404e90938c4c9bc0a4dc,pp_is_PP0011_20260830233808_a02b50,PP0011,F01_be_atr,G1,IS,BT1,OK,IS_REJECT,PROFIT_DAMAGED,"IS net=322263 (-22.88%), PF=2.0837 (-7.56%), DD=4.3825% (+0.5883pt), trades=309 (+2.66%)",0,322263.0,2.0837,4.3825,309,0.771182,0.924363,0.5883,1.026578,"{""PprotArmAfterBars"": 0, ""PprotArmBeforeBars"": 0, ""PprotArmHourEnd"": -1, ""PprotArmHourStart"": -1, ""PprotArmMaxATRRatio"": 0.0, ""PprotArmMinATRRatio"": 0.0, ""PprotArmPeakATR"": 1.0, ""PprotArmPeakR"": 0.0, ""PprotBELockATR"": 0.1, ""PprotBELockR"": -9.0, ""PprotFridayHour"": -1, ""PprotFridayMinATR"": 0.0, ""PprotGivebackATR"": 0.0, ""PprotGivebackFrac"": 0.0, ""PprotMode"": 1, ""PprotPartialLots"": 0.0, ""PprotSleeveMask"": 1, ""PprotTPExtendATR"": 0.0, ""PprotTightenBars"": 0, ""PprotTightenSLATR"": 0.0, ""PprotTrailATR"": 0.0, ""PprotTrailPeakATR"": 0.0}",ml\pprot1\configs\pp_is_PP0011_20260830233808_a02b50.yaml,pp_is_PP0011_20260830233808_a02b50_deals.csv,2026-08-30T23:38:08+00:00,2026-08-30T23:42:03+00:00,235.265,
b3c61fd5a653436785f29c16441ddc39,pp_is_PP0009_20260830233609_8b3a99,PP0009,F01_be_atr,G1,IS,BT4,OK,IS_REJECT,PROFIT_DAMAGED,"IS net=304728 (-27.08%), PF=2.1022 (-6.74%), DD=4.4829% (+0.6887pt), trades=314 (+4.32%)",0,304728.0,2.1022,4.4829,314,0.72922,0.93257,0.6887,1.043189,"{""PprotArmAfterBars"": 0, ""PprotArmBeforeBars"": 0, ""PprotArmHourEnd"": -1, ""PprotArmHourStart"": -1, ""PprotArmMaxATRRatio"": 0.0, ""PprotArmMinATRRatio"": 0.0, ""PprotArmPeakATR"": 0.75, ""PprotArmPeakR"": 0.0, ""PprotBELockATR"": 0.25, ""PprotBELockR"": -9.0, ""PprotFridayHour"": -1, ""PprotFridayMinATR"": 0.0, ""PprotGivebackATR"": 0.0, ""PprotGivebackFrac"": 0.0, ""PprotMode"": 1, ""PprotPartialLots"": 0.0, ""PprotSleeveMask"": 1, ""PprotTPExtendATR"": 0.0, ""PprotTightenBars"": 0, ""PprotTightenSLATR"": 0.0, ""PprotTrailATR"": 0.0, ""PprotTrailPeakATR"": 0.0}",ml\pprot1\configs\pp_is_PP0009_20260830233609_8b3a99.yaml,pp_is_PP0009_20260830233609_8b3a99_deals.csv,2026-08-30T23:36:09+00:00,2026-08-30T23:42:10+00:00,360.474,
1976cfd3eee3440fba4816c3566fe9d0,pp_is_PP0008_20260830233544_b23a2c,PP0008,F01_be_atr,G1,IS,BT3,OK,IS_REJECT,PROFIT_DAMAGED,"IS net=322633 (-22.79%), PF=2.1848 (-3.08%), DD=4.3664% (+0.5722pt), trades=311 (+3.32%)",0,322633.0,2.1848,4.3664,311,0.772067,0.969213,0.5722,1.033223,"{""PprotArmAfterBars"": 0, ""PprotArmBeforeBars"": 0, ""PprotArmHourEnd"": -1, ""PprotArmHourStart"": -1, ""PprotArmMaxATRRatio"": 0.0, ""PprotArmMinATRRatio"": 0.0, ""PprotArmPeakATR"": 0.75, ""PprotArmPeakR"": 0.0, ""PprotBELockATR"": 0.1, ""PprotBELockR"": -9.0, ""PprotFridayHour"": -1, ""PprotFridayMinATR"": 0.0, ""PprotGivebackATR"": 0.0, ""PprotGivebackFrac"": 0.0, ""PprotMode"": 1, ""PprotPartialLots"": 0.0, ""PprotSleeveMask"": 1, ""PprotTPExtendATR"": 0.0, ""PprotTightenBars"": 0, ""PprotTightenSLATR"": 0.0, ""PprotTrailATR"": 0.0, ""PprotTrailPeakATR"": 0.0}",ml\pprot1\configs\pp_is_PP0008_20260830233544_b23a2c.yaml,pp_is_PP0008_20260830233544_b23a2c_deals.csv,2026-08-30T23:35:44+00:00,2026-08-30T23:42:19+00:00,395.046,
9a236aa0b7ad427da359488e3d2e9000,pp_is_PP0012_20260830233928_eea9e3,PP0012,F01_be_atr,G1,IS,BT2,OK,IS_REJECT,PROFIT_DAMAGED,"IS net=314850 (-24.66%), PF=2.0552 (-8.83%), DD=4.4335% (+0.6393pt), trades=311 (+3.32%)",0,314850.0,2.0552,4.4335,311,0.753442,0.91172,0.6393,1.033223,"{""PprotArmAfterBars"": 0, ""PprotArmBeforeBars"": 0, ""PprotArmHourEnd"": -1, ""PprotArmHourStart"": -1, ""PprotArmMaxATRRatio"": 0.0, ""PprotArmMinATRRatio"": 0.0, ""PprotArmPeakATR"": 1.0, ""PprotArmPeakR"": 0.0, ""PprotBELockATR"": 0.25, ""PprotBELockR"": -9.0, ""PprotFridayHour"": -1, ""PprotFridayMinATR"": 0.0, ""PprotGivebackATR"": 0.0, ""PprotGivebackFrac"": 0.0, ""PprotMode"": 1, ""PprotPartialLots"": 0.0, ""PprotSleeveMask"": 1, ""PprotTPExtendATR"": 0.0, ""PprotTightenBars"": 0, ""PprotTightenSLATR"": 0.0, ""PprotTrailATR"": 0.0, ""PprotTrailPeakATR"": 0.0}",ml\pprot1\configs\pp_is_PP0012_20260830233928_eea9e3.yaml,pp_is_PP0012_20260830233928_eea9e3_deals.csv,2026-08-30T23:39:28+00:00,2026-08-30T23:43:48+00:00,260.135,
5f2238c19fc247e9a39139ad96eee56a,pp_is_PP0014_20260830234203_41ea3c,PP0014,F01_be_atr,G1,IS,BT1,OK,IS_REJECT,PROFIT_DAMAGED,"IS net=358272 (-14.26%), PF=2.1826 (-3.18%), DD=4.1617% (+0.3675pt), trades=307 (+1.99%)",0,358272.0,2.1826,4.1617,307,0.857352,0.968237,0.3675,1.019934,"{""PprotArmAfterBars"": 0, ""PprotArmBeforeBars"": 0, ""PprotArmHourEnd"": -1, ""PprotArmHourStart"": -1, ""PprotArmMaxATRRatio"": 0.0, ""PprotArmMinATRRatio"": 0.0, ""PprotArmPeakATR"": 1.25, ""PprotArmPeakR"": 0.0, ""PprotBELockATR"": 0.1, ""PprotBELockR"": -9.0, ""PprotFridayHour"": -1, ""PprotFridayMinATR"": 0.0, ""PprotGivebackATR"": 0.0, ""PprotGivebackFrac"": 0.0, ""PprotMode"": 1, ""PprotPartialLots"": 0.0, ""PprotSleeveMask"": 1, ""PprotTPExtendATR"": 0.0, ""PprotTightenBars"": 0, ""PprotTightenSLATR"": 0.0, ""PprotTrailATR"": 0.0, ""PprotTrailPeakATR"": 0.0}",ml\pprot1\configs\pp_is_PP0014_20260830234203_41ea3c.yaml,pp_is_PP0014_20260830234203_41ea3c_deals.csv,2026-08-30T23:42:03+00:00,2026-08-30T23:44:43+00:00,159.636,
5e99f8ad5f4c4bad86b3dcf3869bce78,pp_is_PP0015_20260830234210_31010b,PP0015,F01_be_atr,G1,IS,BT4,OK,IS_REJECT,PROFIT_DAMAGED,"IS net=355123 (-15.02%), PF=2.1683 (-3.81%), DD=4.1844% (+0.3902pt), trades=308 (+2.33%)",0,355123.0,2.1683,4.1844,308,0.849816,0.961893,0.3902,1.023256,"{""PprotArmAfterBars"": 0, ""PprotArmBeforeBars"": 0, ""PprotArmHourEnd"": -1, ""PprotArmHourStart"": -1, ""PprotArmMaxATRRatio"": 0.0, ""PprotArmMinATRRatio"": 0.0, ""PprotArmPeakATR"": 1.25, ""PprotArmPeakR"": 0.0, ""PprotBELockATR"": 0.25, ""PprotBELockR"": -9.0, ""PprotFridayHour"": -1, ""PprotFridayMinATR"": 0.0, ""PprotGivebackATR"": 0.0, ""PprotGivebackFrac"": 0.0, ""PprotMode"": 1, ""PprotPartialLots"": 0.0, ""PprotSleeveMask"": 1, ""PprotTPExtendATR"": 0.0, ""PprotTightenBars"": 0, ""PprotTightenSLATR"": 0.0, ""PprotTrailATR"": 0.0, ""PprotTrailPeakATR"": 0.0}",ml\pprot1\configs\pp_is_PP0015_20260830234210_31010b.yaml,pp_is_PP0015_20260830234210_31010b_deals.csv,2026-08-30T23:42:10+00:00,2026-08-30T23:46:10+00:00,239.872,
4911cc93b7194889a9d92e5edcfac618,pp_is_PP0013_20260830234144_8417ce,PP0013,F01_be_atr,G1,IS,PROD,OK,IS_REJECT,PROFIT_DAMAGED,"IS net=357593 (-14.43%), PF=2.1802 (-3.28%), DD=4.1619% (+0.3677pt), trades=307 (+1.99%)",0,357593.0,2.1802,4.1619,307,0.855727,0.967172,0.3677,1.019934,"{""PprotArmAfterBars"": 0, ""PprotArmBeforeBars"": 0, ""PprotArmHourEnd"": -1, ""PprotArmHourStart"": -1, ""PprotArmMaxATRRatio"": 0.0, ""PprotArmMinATRRatio"": 0.0, ""PprotArmPeakATR"": 1.25, ""PprotArmPeakR"": 0.0, ""PprotBELockATR"": 0.0, ""PprotBELockR"": -9.0, ""PprotFridayHour"": -1, ""PprotFridayMinATR"": 0.0, ""PprotGivebackATR"": 0.0, ""PprotGivebackFrac"": 0.0, ""PprotMode"": 1, ""PprotPartialLots"": 0.0, ""PprotSleeveMask"": 1, ""PprotTPExtendATR"": 0.0, ""PprotTightenBars"": 0, ""PprotTightenSLATR"": 0.0, ""PprotTrailATR"": 0.0, ""PprotTrailPeakATR"": 0.0}",ml\pprot1\configs\pp_is_PP0013_20260830234144_8417ce.yaml,pp_is_PP0013_20260830234144_8417ce_deals.csv,2026-08-30T23:41:44+00:00,2026-08-30T23:46:29+00:00,285.731,
eeb169ecac734540a7019782a2b780af,pp_is_PP0016_20260830234219_4b3db4,PP0016,F01_be_atr,G1,IS,BT3,OK,IS_REJECT,PROFIT_DAMAGED,"IS net=365764 (-12.47%), PF=2.2072 (-2.08%), DD=4.1176% (+0.3234pt), trades=305 (+1.33%)",0,365764.0,2.2072,4.1176,305,0.875281,0.97915,0.3234,1.013289,"{""PprotArmAfterBars"": 0, ""PprotArmBeforeBars"": 0, ""PprotArmHourEnd"": -1, ""PprotArmHourStart"": -1, ""PprotArmMaxATRRatio"": 0.0, ""PprotArmMinATRRatio"": 0.0, ""PprotArmPeakATR"": 1.5, ""PprotArmPeakR"": 0.0, ""PprotBELockATR"": 0.0, ""PprotBELockR"": -9.0, ""PprotFridayHour"": -1, ""PprotFridayMinATR"": 0.0, ""PprotGivebackATR"": 0.0, ""PprotGivebackFrac"": 0.0, ""PprotMode"": 1, ""PprotPartialLots"": 0.0, ""PprotSleeveMask"": 1, ""PprotTPExtendATR"": 0.0, ""PprotTightenBars"": 0, ""PprotTightenSLATR"": 0.0, ""PprotTrailATR"": 0.0, ""PprotTrailPeakATR"": 0.0}",ml\pprot1\configs\pp_is_PP0016_20260830234219_4b3db4.yaml,pp_is_PP0016_20260830234219_4b3db4_deals.csv,2026-08-30T23:42:19+00:00,2026-08-30T23:47:09+00:00,289.67,
e6982321397946129c457b75a4ac4554,pp_is_PP0018_20260830234443_499f62,PP0018,F01_be_atr,G1,IS,BT1,OK,IS_REJECT,PROFIT_DAMAGED,"IS net=367712 (-12.01%), PF=2.2098 (-1.97%), DD=4.1158% (+0.3216pt), trades=306 (+1.66%)",0,367712.0,2.2098,4.1158,306,0.879942,0.980303,0.3216,1.016611,"{""PprotArmAfterBars"": 0, ""PprotArmBeforeBars"": 0, ""PprotArmHourEnd"": -1, ""PprotArmHourStart"": -1, ""PprotArmMaxATRRatio"": 0.0, ""PprotArmMinATRRatio"": 0.0, ""PprotArmPeakATR"": 1.5, ""PprotArmPeakR"": 0.0, ""PprotBELockATR"": 0.25, ""PprotBELockR"": -9.0, ""PprotFridayHour"": -1, ""PprotFridayMinATR"": 0.0, ""PprotGivebackATR"": 0.0, ""PprotGivebackFrac"": 0.0, ""PprotMode"": 1, ""PprotPartialLots"": 0.0, ""PprotSleeveMask"": 1, ""PprotTPExtendATR"": 0.0, ""PprotTightenBars"": 0, ""PprotTightenSLATR"": 0.0, ""PprotTrailATR"": 0.0, ""PprotTrailPeakATR"": 0.0}",ml\pprot1\configs\pp_is_PP0018_20260830234443_499f62.yaml,pp_is_PP0018_20260830234443_499f62_deals.csv,2026-08-30T23:44:43+00:00,2026-08-30T23:47:53+00:00,189.681,
51dbe63fc3cb4f6f98a393879f0b71cc,pp_is_PP0017_20260830234348_4e2c73,PP0017,F01_be_atr,G1,IS,BT2,OK,IS_REJECT,PROFIT_DAMAGED,"IS net=365933 (-12.43%), PF=2.2079 (-2.05%), DD=4.1202% (+0.3260pt), trades=305 (+1.33%)",0,365933.0,2.2079,4.1202,305,0.875685,0.979461,0.326,1.013289,"{""PprotArmAfterBars"": 0, ""PprotArmBeforeBars"": 0, ""PprotArmHourEnd"": -1, ""PprotArmHourStart"": -1, ""PprotArmMaxATRRatio"": 0.0, ""PprotArmMinATRRatio"": 0.0, ""PprotArmPeakATR"": 1.5, ""PprotArmPeakR"": 0.0, ""PprotBELockATR"": 0.1, ""PprotBELockR"": -9.0, ""PprotFridayHour"": -1, ""PprotFridayMinATR"": 0.0, ""PprotGivebackATR"": 0.0, ""PprotGivebackFrac"": 0.0, ""PprotMode"": 1, ""PprotPartialLots"": 0.0, ""PprotSleeveMask"": 1, ""PprotTPExtendATR"": 0.0, ""PprotTightenBars"": 0, ""PprotTightenSLATR"": 0.0, ""PprotTrailATR"": 0.0, ""PprotTrailPeakATR"": 0.0}",ml\pprot1\configs\pp_is_PP0017_20260830234348_4e2c73.yaml,pp_is_PP0017_20260830234348_4e2c73_deals.csv,2026-08-30T23:43:48+00:00,2026-08-30T23:48:19+00:00,270.517,
5cf33fe625d646f0ad5cdb9fe7b01f5f,pp_is_PP0019_20260830234610_b47bad,PP0019,F01_be_atr,G1,IS,BT4,OK,IS_REJECT,PROFIT_DAMAGED,"IS net=391997 (-6.19%), PF=2.2595 (+0.24%), DD=3.9815% (+0.1873pt), trades=305 (+1.33%)",0,391997.0,2.2595,3.9815,305,0.938057,1.002351,0.1873,1.013289,"{""PprotArmAfterBars"": 0, ""PprotArmBeforeBars"": 0, ""PprotArmHourEnd"": -1, ""PprotArmHourStart"": -1, ""PprotArmMaxATRRatio"": 0.0, ""PprotArmMinATRRatio"": 0.0, ""PprotArmPeakATR"": 2.0, ""PprotArmPeakR"": 0.0, ""PprotBELockATR"": 0.0, ""PprotBELockR"": -9.0, ""PprotFridayHour"": -1, ""PprotFridayMinATR"": 0.0, ""PprotGivebackATR"": 0.0, ""PprotGivebackFrac"": 0.0, ""PprotMode"": 1, ""PprotPartialLots"": 0.0, ""PprotSleeveMask"": 1, ""PprotTPExtendATR"": 0.0, ""PprotTightenBars"": 0, ""PprotTightenSLATR"": 0.0, ""PprotTrailATR"": 0.0, ""PprotTrailPeakATR"": 0.0}",ml\pprot1\configs\pp_is_PP0019_20260830234610_b47bad.yaml,pp_is_PP0019_20260830234610_b47bad_deals.csv,2026-08-30T23:46:10+00:00,2026-08-30T23:50:00+00:00,230.095,
1ceabc493a4740b082dffc703920c554,pp_is_PP0020_20260830234629_5b36b9,PP0020,F01_be_atr,G1,IS,PROD,OK,IS_REJECT,PROFIT_DAMAGED,"IS net=394969 (-5.48%), PF=2.2692 (+0.67%), DD=3.9699% (+0.1757pt), trades=305 (+1.33%)",0,394969.0,2.2692,3.9699,305,0.945169,1.006654,0.1757,1.013289,"{""PprotArmAfterBars"": 0, ""PprotArmBeforeBars"": 0, ""PprotArmHourEnd"": -1, ""PprotArmHourStart"": -1, ""PprotArmMaxATRRatio"": 0.0, ""PprotArmMinATRRatio"": 0.0, ""PprotArmPeakATR"": 2.0, ""PprotArmPeakR"": 0.0, ""PprotBELockATR"": 0.1, ""PprotBELockR"": -9.0, ""PprotFridayHour"": -1, ""PprotFridayMinATR"": 0.0, ""PprotGivebackATR"": 0.0, ""PprotGivebackFrac"": 0.0, ""PprotMode"": 1, ""PprotPartialLots"": 0.0, ""PprotSleeveMask"": 1, ""PprotTPExtendATR"": 0.0, ""PprotTightenBars"": 0, ""PprotTightenSLATR"": 0.0, ""PprotTrailATR"": 0.0, ""PprotTrailPeakATR"": 0.0}",ml\pprot1\configs\pp_is_PP0020_20260830234629_5b36b9.yaml,pp_is_PP0020_20260830234629_5b36b9_deals.csv,2026-08-30T23:46:29+00:00,2026-08-30T23:51:15+00:00,285.453,
e591339f70b544859c6d8b66dc518b4f,pp_is_PP0022_20260830234753_418776,PP0022,F01_be_atr,G2,IS,BT1,OK,IS_REJECT,PROFIT_DAMAGED,"IS net=386028 (-7.62%), PF=2.3312 (+3.42%), DD=3.9161% (+0.1219pt), trades=301 (+0.00%)",0,386028.0,2.3312,3.9161,301,0.923773,1.034158,0.1219,1.0,"{""PprotArmAfterBars"": 0, ""PprotArmBeforeBars"": 0, ""PprotArmHourEnd"": -1, ""PprotArmHourStart"": -1, ""PprotArmMaxATRRatio"": 0.0, ""PprotArmMinATRRatio"": 0.0, ""PprotArmPeakATR"": 0.25, ""PprotArmPeakR"": 0.0, ""PprotBELockATR"": 0.0, ""PprotBELockR"": -9.0, ""PprotFridayHour"": -1, ""PprotFridayMinATR"": 0.0, ""PprotGivebackATR"": 0.0, ""PprotGivebackFrac"": 0.0, ""PprotMode"": 1, ""PprotPartialLots"": 0.0, ""PprotSleeveMask"": 2, ""PprotTPExtendATR"": 0.0, ""PprotTightenBars"": 0, ""PprotTightenSLATR"": 0.0, ""PprotTrailATR"": 0.0, ""PprotTrailPeakATR"": 0.0}",ml\pprot1\configs\pp_is_PP0022_20260830234753_418776.yaml,pp_is_PP0022_20260830234753_418776_deals.csv,2026-08-30T23:47:53+00:00,2026-08-30T23:51:38+00:00,224.955,
4232ab624fa84a01b3b2f7b48ff4e1ba,pp_is_PP0021_20260830234709_8582a6,PP0021,F01_be_atr,G1,IS,BT3,OK,IS_REJECT,PROFIT_DAMAGED,"IS net=381195 (-8.78%), PF=2.2256 (-1.27%), DD=4.0447% (+0.2505pt), trades=305 (+1.33%)",0,381195.0,2.2256,4.0447,305,0.912207,0.987313,0.2505,1.013289,"{""PprotArmAfterBars"": 0, ""PprotArmBeforeBars"": 0, ""PprotArmHourEnd"": -1, ""PprotArmHourStart"": -1, ""PprotArmMaxATRRatio"": 0.0, ""PprotArmMinATRRatio"": 0.0, ""PprotArmPeakATR"": 2.0, ""PprotArmPeakR"": 0.0, ""PprotBELockATR"": 0.25, ""PprotBELockR"": -9.0, ""PprotFridayHour"": -1, ""PprotFridayMinATR"": 0.0, ""PprotGivebackATR"": 0.0, ""PprotGivebackFrac"": 0.0, ""PprotMode"": 1, ""PprotPartialLots"": 0.0, ""PprotSleeveMask"": 1, ""PprotTPExtendATR"": 0.0, ""PprotTightenBars"": 0, ""PprotTightenSLATR"": 0.0, ""PprotTrailATR"": 0.0, ""PprotTrailPeakATR"": 0.0}",ml\pprot1\configs\pp_is_PP0021_20260830234709_8582a6.yaml,pp_is_PP0021_20260830234709_8582a6_deals.csv,2026-08-30T23:47:09+00:00,2026-08-30T23:51:54+00:00,285.389,
3e6c4021589b4f80814846330b1cc13a,pp_is_PP0023_20260830234819_f691d6,PP0023,F01_be_atr,G2,IS,BT2,OK,IS_REJECT,PROFIT_DAMAGED,"IS net=354241 (-15.23%), PF=2.2223 (-1.42%), DD=3.8952% (+0.1010pt), trades=301 (+0.00%)",0,354241.0,2.2223,3.8952,301,0.847706,0.985849,0.101,1.0,"{""PprotArmAfterBars"": 0, ""PprotArmBeforeBars"": 0, ""PprotArmHourEnd"": -1, ""PprotArmHourStart"": -1, ""PprotArmMaxATRRatio"": 0.0, ""PprotArmMinATRRatio"": 0.0, ""PprotArmPeakATR"": 0.25, ""PprotArmPeakR"": 0.0, ""PprotBELockATR"": 0.1, ""PprotBELockR"": -9.0, ""PprotFridayHour"": -1, ""PprotFridayMinATR"": 0.0, ""PprotGivebackATR"": 0.0, ""PprotGivebackFrac"": 0.0, ""PprotMode"": 1, ""PprotPartialLots"": 0.0, ""PprotSleeveMask"": 2, ""PprotTPExtendATR"": 0.0, ""PprotTightenBars"": 0, ""PprotTightenSLATR"": 0.0, ""PprotTrailATR"": 0.0, ""PprotTrailPeakATR"": 0.0}",ml\pprot1\configs\pp_is_PP0023_20260830234819_f691d6.yaml,pp_is_PP0023_20260830234819_f691d6_deals.csv,2026-08-30T23:48:19+00:00,2026-08-30T23:52:39+00:00,260.001,
ad9957cf010a481d90d540ae852fb3bd,pp_is_PP0024_20260830235000_08c96e,PP0024,F01_be_atr,G2,IS,BT4,OK,IS_REJECT,PROFIT_DAMAGED,"IS net=354010 (-15.28%), PF=2.2215 (-1.45%), DD=3.7924% (-0.0018pt), trades=301 (+0.00%)",0,354010.0,2.2215,3.7924,301,0.847153,0.985494,-0.0018,1.0,"{""PprotArmAfterBars"": 0, ""PprotArmBeforeBars"": 0, ""PprotArmHourEnd"": -1, ""PprotArmHourStart"": -1, ""PprotArmMaxATRRatio"": 0.0, ""PprotArmMinATRRatio"": 0.0, ""PprotArmPeakATR"": 0.25, ""PprotArmPeakR"": 0.0, ""PprotBELockATR"": 0.25, ""PprotBELockR"": -9.0, ""PprotFridayHour"": -1, ""PprotFridayMinATR"": 0.0, ""PprotGivebackATR"": 0.0, ""PprotGivebackFrac"": 0.0, ""PprotMode"": 1, ""PprotPartialLots"": 0.0, ""PprotSleeveMask"": 2, ""PprotTPExtendATR"": 0.0, ""PprotTightenBars"": 0, ""PprotTightenSLATR"": 0.0, ""PprotTrailATR"": 0.0, ""PprotTrailPeakATR"": 0.0}",ml\pprot1\configs\pp_is_PP0024_20260830235000_08c96e.yaml,pp_is_PP0024_20260830235000_08c96e_deals.csv,2026-08-30T23:50:00+00:00,2026-08-30T23:53:45+00:00,225.069,
c5d6891d79e14001b59b83bff7f234d6,pp_is_PP0026_20260830235138_4b05c1,PP0026,F01_be_atr,G2,IS,BT1,OK,IS_REJECT,PROFIT_DAMAGED,"IS net=412985 (-1.17%), PF=2.2597 (+0.24%), DD=3.8166% (+0.0224pt), trades=301 (+0.00%)",0,412985.0,2.2597,3.8166,301,0.988281,1.00244,0.0224,1.0,"{""PprotArmAfterBars"": 0, ""PprotArmBeforeBars"": 0, ""PprotArmHourEnd"": -1, ""PprotArmHourStart"": -1, ""PprotArmMaxATRRatio"": 0.0, ""PprotArmMinATRRatio"": 0.0, ""PprotArmPeakATR"": 0.5, ""PprotArmPeakR"": 0.0, ""PprotBELockATR"": 0.1, ""PprotBELockR"": -9.0, ""PprotFridayHour"": -1, ""PprotFridayMinATR"": 0.0, ""PprotGivebackATR"": 0.0, ""PprotGivebackFrac"": 0.0, ""PprotMode"": 1, ""PprotPartialLots"": 0.0, ""PprotSleeveMask"": 2, ""PprotTPExtendATR"": 0.0, ""PprotTightenBars"": 0, ""PprotTightenSLATR"": 0.0, ""PprotTrailATR"": 0.0, ""PprotTrailPeakATR"": 0.0}",ml\pprot1\configs\pp_is_PP0026_20260830235138_4b05c1.yaml,pp_is_PP0026_20260830235138_4b05c1_deals.csv,2026-08-30T23:51:38+00:00,2026-08-30T23:55:43+00:00,245.419,
ea72fde296d94717928655a54245f5ea,pp_is_PP0025_20260830235115_92bd02,PP0025,F01_be_atr,G2,IS,PROD,OK,IS_NOISE_BAND,EFFECT_WITHIN_NOISE_BAND,"IS net=414052 (-0.92%), PF=2.2629 (+0.39%), DD=3.8117% (+0.0175pt), trades=301 (+0.00%)",0,414052.0,2.2629,3.8117,301,0.990835,1.003859,0.0175,1.0,"{""PprotArmAfterBars"": 0, ""PprotArmBeforeBars"": 0, ""PprotArmHourEnd"": -1, ""PprotArmHourStart"": -1, ""PprotArmMaxATRRatio"": 0.0, ""PprotArmMinATRRatio"": 0.0, ""PprotArmPeakATR"": 0.5, ""PprotArmPeakR"": 0.0, ""PprotBELockATR"": 0.0, ""PprotBELockR"": -9.0, ""PprotFridayHour"": -1, ""PprotFridayMinATR"": 0.0, ""PprotGivebackATR"": 0.0, ""PprotGivebackFrac"": 0.0, ""PprotMode"": 1, ""PprotPartialLots"": 0.0, ""PprotSleeveMask"": 2, ""PprotTPExtendATR"": 0.0, ""PprotTightenBars"": 0, ""PprotTightenSLATR"": 0.0, ""PprotTrailATR"": 0.0, ""PprotTrailPeakATR"": 0.0}",ml\pprot1\configs\pp_is_PP0025_20260830235115_92bd02.yaml,pp_is_PP0025_20260830235115_92bd02_deals.csv,2026-08-30T23:51:15+00:00,2026-08-30T23:56:00+00:00,285.464,
5149bab05a5646f4ade7819f1eba4543,pp_is_PP0027_20260830235154_ed0676,PP0027,F01_be_atr,G2,IS,BT3,OK,IS_REJECT,PROFIT_DAMAGED,"IS net=359372 (-14.00%), PF=2.0962 (-7.01%), DD=4.0668% (+0.2726pt), trades=301 (+0.00%)",0,359372.0,2.0962,4.0668,301,0.859984,0.929909,0.2726,1.0,"{""PprotArmAfterBars"": 0, ""PprotArmBeforeBars"": 0, ""PprotArmHourEnd"": -1, ""PprotArmHourStart"": -1, ""PprotArmMaxATRRatio"": 0.0, ""PprotArmMinATRRatio"": 0.0, ""PprotArmPeakATR"": 0.5, ""PprotArmPeakR"": 0.0, ""PprotBELockATR"": 0.25, ""PprotBELockR"": -9.0, ""PprotFridayHour"": -1, ""PprotFridayMinATR"": 0.0, ""PprotGivebackATR"": 0.0, ""PprotGivebackFrac"": 0.0, ""PprotMode"": 1, ""PprotPartialLots"": 0.0, ""PprotSleeveMask"": 2, ""PprotTPExtendATR"": 0.0, ""PprotTightenBars"": 0, ""PprotTightenSLATR"": 0.0, ""PprotTrailATR"": 0.0, ""PprotTrailPeakATR"": 0.0}",ml\pprot1\configs\pp_is_PP0027_20260830235154_ed0676.yaml,pp_is_PP0027_20260830235154_ed0676_deals.csv,2026-08-30T23:51:54+00:00,2026-08-30T23:56:49+00:00,295.031,
46015d139bf64bd99d8a10c88f50c569,pp_is_PP0028_20260830235239_f21680,PP0028,F01_be_atr,G2,IS,BT2,OK,IS_NOISE_BAND,EFFECT_WITHIN_NOISE_BAND,"IS net=417882 (+0.00%), PF=2.2542 (+0.00%), DD=3.7942% (+0.0000pt), trades=301 (+0.00%)",0,417882.0,2.2542,3.7942,301,1.0,1.0,0.0,1.0,"{""PprotArmAfterBars"": 0, ""PprotArmBeforeBars"": 0, ""PprotArmHourEnd"": -1, ""PprotArmHourStart"": -1, ""PprotArmMaxATRRatio"": 0.0, ""PprotArmMinATRRatio"": 0.0, ""PprotArmPeakATR"": 0.75, ""PprotArmPeakR"": 0.0, ""PprotBELockATR"": 0.0, ""PprotBELockR"": -9.0, ""PprotFridayHour"": -1, ""PprotFridayMinATR"": 0.0, ""PprotGivebackATR"": 0.0, ""PprotGivebackFrac"": 0.0, ""PprotMode"": 1, ""PprotPartialLots"": 0.0, ""PprotSleeveMask"": 2, ""PprotTPExtendATR"": 0.0, ""PprotTightenBars"": 0, ""PprotTightenSLATR"": 0.0, ""PprotTrailATR"": 0.0, ""PprotTrailPeakATR"": 0.0}",ml\pprot1\configs\pp_is_PP0028_20260830235239_f21680.yaml,pp_is_PP0028_20260830235239_f21680_deals.csv,2026-08-30T23:52:39+00:00,2026-08-30T23:57:19+00:00,279.965,
7b5f9aab3ba8491596c5df07a956db05,pp_is_PP0029_20260830235345_4f5f86,PP0029,F01_be_atr,G2,IS,BT4,OK,IS_NOISE_BAND,EFFECT_WITHIN_NOISE_BAND,"IS net=417882 (+0.00%), PF=2.2542 (+0.00%), DD=3.7942% (+0.0000pt), trades=301 (+0.00%)",0,417882.0,2.2542,3.7942,301,1.0,1.0,0.0,1.0,"{""PprotArmAfterBars"": 0, ""PprotArmBeforeBars"": 0, ""PprotArmHourEnd"": -1, ""PprotArmHourStart"": -1, ""PprotArmMaxATRRatio"": 0.0, ""PprotArmMinATRRatio"": 0.0, ""PprotArmPeakATR"": 0.75, ""PprotArmPeakR"": 0.0, ""PprotBELockATR"": 0.1, ""PprotBELockR"": -9.0, ""PprotFridayHour"": -1, ""PprotFridayMinATR"": 0.0, ""PprotGivebackATR"": 0.0, ""PprotGivebackFrac"": 0.0, ""PprotMode"": 1, ""PprotPartialLots"": 0.0, ""PprotSleeveMask"": 2, ""PprotTPExtendATR"": 0.0, ""PprotTightenBars"": 0, ""PprotTightenSLATR"": 0.0, ""PprotTrailATR"": 0.0, ""PprotTrailPeakATR"": 0.0}",ml\pprot1\configs\pp_is_PP0029_20260830235345_4f5f86.yaml,pp_is_PP0029_20260830235345_4f5f86_deals.csv,2026-08-30T23:53:45+00:00,2026-08-30T23:58:00+00:00,255.099,
fc67abbe13b7452c8423514f99ed36ec,pp_is_PP0030_20260830235543_b767b2,PP0030,F01_be_atr,G2,IS,BT1,OK,IS_REJECT,PROFIT_DAMAGED,"IS net=378523 (-9.42%), PF=2.1361 (-5.24%), DD=3.8278% (+0.0336pt), trades=301 (+0.00%)",0,378523.0,2.1361,3.8278,301,0.905813,0.947609,0.0336,1.0,"{""PprotArmAfterBars"": 0, ""PprotArmBeforeBars"": 0, ""PprotArmHourEnd"": -1, ""PprotArmHourStart"": -1, ""PprotArmMaxATRRatio"": 0.0, ""PprotArmMinATRRatio"": 0.0, ""PprotArmPeakATR"": 0.75, ""PprotArmPeakR"": 0.0, ""PprotBELockATR"": 0.25, ""PprotBELockR"": -9.0, ""PprotFridayHour"": -1, ""PprotFridayMinATR"": 0.0, ""PprotGivebackATR"": 0.0, ""PprotGivebackFrac"": 0.0, ""PprotMode"": 1, ""PprotPartialLots"": 0.0, ""PprotSleeveMask"": 2, ""PprotTPExtendATR"": 0.0, ""PprotTightenBars"": 0, ""PprotTightenSLATR"": 0.0, ""PprotTrailATR"": 0.0, ""PprotTrailPeakATR"": 0.0}",ml\pprot1\configs\pp_is_PP0030_20260830235543_b767b2.yaml,pp_is_PP0030_20260830235543_b767b2_deals.csv,2026-08-30T23:55:43+00:00,2026-08-30T23:59:53+00:00,250.24,
908007866d454458acaf96da28fd8e26,pp_is_PP0031_20260830235600_e1b4e9,PP0031,F01_be_atr,G2,IS,PROD,OK,IS_NOISE_BAND,EFFECT_WITHIN_NOISE_BAND,"IS net=417882 (+0.00%), PF=2.2542 (+0.00%), DD=3.7942% (+0.0000pt), trades=301 (+0.00%)",0,417882.0,2.2542,3.7942,301,1.0,1.0,0.0,1.0,"{""PprotArmAfterBars"": 0, ""PprotArmBeforeBars"": 0, ""PprotArmHourEnd"": -1, ""PprotArmHourStart"": -1, ""PprotArmMaxATRRatio"": 0.0, ""PprotArmMinATRRatio"": 0.0, ""PprotArmPeakATR"": 1.0, ""PprotArmPeakR"": 0.0, ""PprotBELockATR"": 0.0, ""PprotBELockR"": -9.0, ""PprotFridayHour"": -1, ""PprotFridayMinATR"": 0.0, ""PprotGivebackATR"": 0.0, ""PprotGivebackFrac"": 0.0, ""PprotMode"": 1, ""PprotPartialLots"": 0.0, ""PprotSleeveMask"": 2, ""PprotTPExtendATR"": 0.0, ""PprotTightenBars"": 0, ""PprotTightenSLATR"": 0.0, ""PprotTrailATR"": 0.0, ""PprotTrailPeakATR"": 0.0}",ml\pprot1\configs\pp_is_PP0031_20260830235600_e1b4e9.yaml,pp_is_PP0031_20260830235600_e1b4e9_deals.csv,2026-08-30T23:56:00+00:00,2026-08-31T00:00:46+00:00,285.911,
983779f3b9ab418fb16b8c0702422468,pp_is_PP0032_20260830235649_d82577,PP0032,F01_be_atr,G2,IS,BT3,OK,IS_NOISE_BAND,EFFECT_WITHIN_NOISE_BAND,"IS net=417882 (+0.00%), PF=2.2542 (+0.00%), DD=3.7942% (+0.0000pt), trades=301 (+0.00%)",0,417882.0,2.2542,3.7942,301,1.0,1.0,0.0,1.0,"{""PprotArmAfterBars"": 0, ""PprotArmBeforeBars"": 0, ""PprotArmHourEnd"": -1, ""PprotArmHourStart"": -1, ""PprotArmMaxATRRatio"": 0.0, ""PprotArmMinATRRatio"": 0.0, ""PprotArmPeakATR"": 1.0, ""PprotArmPeakR"": 0.0, ""PprotBELockATR"": 0.1, ""PprotBELockR"": -9.0, ""PprotFridayHour"": -1, ""PprotFridayMinATR"": 0.0, ""PprotGivebackATR"": 0.0, ""PprotGivebackFrac"": 0.0, ""PprotMode"": 1, ""PprotPartialLots"": 0.0, ""PprotSleeveMask"": 2, ""PprotTPExtendATR"": 0.0, ""PprotTightenBars"": 0, ""PprotTightenSLATR"": 0.0, ""PprotTrailATR"": 0.0, ""PprotTrailPeakATR"": 0.0}",ml\pprot1\configs\pp_is_PP0032_20260830235649_d82577.yaml,pp_is_PP0032_20260830235649_d82577_deals.csv,2026-08-30T23:56:49+00:00,2026-08-31T00:01:45+00:00,295.73,
deb02a7701634fd38b6a559fc2bbf227,pp_is_PP0033_20260830235719_e7c0a2,PP0033,F01_be_atr,G2,IS,BT2,OK,IS_REJECT,PROFIT_DAMAGED,"IS net=385833 (-7.67%), PF=2.1580 (-4.27%), DD=3.7942% (+0.0000pt), trades=301 (+0.00%)",0,385833.0,2.158,3.7942,301,0.923306,0.957324,0.0,1.0,"{""PprotArmAfterBars"": 0, ""PprotArmBeforeBars"": 0, ""PprotArmHourEnd"": -1, ""PprotArmHourStart"": -1, ""PprotArmMaxATRRatio"": 0.0, ""PprotArmMinATRRatio"": 0.0, ""PprotArmPeakATR"": 1.0, ""PprotArmPeakR"": 0.0, ""PprotBELockATR"": 0.25, ""PprotBELockR"": -9.0, ""PprotFridayHour"": -1, ""PprotFridayMinATR"": 0.0, ""PprotGivebackATR"": 0.0, ""PprotGivebackFrac"": 0.0, ""PprotMode"": 1, ""PprotPartialLots"": 0.0, ""PprotSleeveMask"": 2, ""PprotTPExtendATR"": 0.0, ""PprotTightenBars"": 0, ""PprotTightenSLATR"": 0.0, ""PprotTrailATR"": 0.0, ""PprotTrailPeakATR"": 0.0}",ml\pprot1\configs\pp_is_PP0033_20260830235719_e7c0a2.yaml,pp_is_PP0033_20260830235719_e7c0a2_deals.csv,2026-08-30T23:57:19+00:00,2026-08-31T00:02:09+00:00,289.775,
e49221d85f1d4c2ba112ad23ca58c3be,pp_is_PP0034_20260830235800_03de7c,PP0034,F01_be_atr,G2,IS,BT4,OK,IS_NOISE_BAND,EFFECT_WITHIN_NOISE_BAND,"IS net=417882 (+0.00%), PF=2.2542 (+0.00%), DD=3.7942% (+0.0000pt), trades=301 (+0.00%)",0,417882.0,2.2542,3.7942,301,1.0,1.0,0.0,1.0,"{""PprotArmAfterBars"": 0, ""PprotArmBeforeBars"": 0, ""PprotArmHourEnd"": -1, ""PprotArmHourStart"": -1, ""PprotArmMaxATRRatio"": 0.0, ""PprotArmMinATRRatio"": 0.0, ""PprotArmPeakATR"": 1.25, ""PprotArmPeakR"": 0.0, ""PprotBELockATR"": 0.0, ""PprotBELockR"": -9.0, ""PprotFridayHour"": -1, ""PprotFridayMinATR"": 0.0, ""PprotGivebackATR"": 0.0, ""PprotGivebackFrac"": 0.0, ""PprotMode"": 1, ""PprotPartialLots"": 0.0, ""PprotSleeveMask"": 2, ""PprotTPExtendATR"": 0.0, ""PprotTightenBars"": 0, ""PprotTightenSLATR"": 0.0, ""PprotTrailATR"": 0.0, ""PprotTrailPeakATR"": 0.0}",ml\pprot1\configs\pp_is_PP0034_20260830235800_03de7c.yaml,pp_is_PP0034_20260830235800_03de7c_deals.csv,2026-08-30T23:58:00+00:00,2026-08-31T00:02:35+00:00,275.292,
cda3e9984e5c47fcb0d6f59aa47a757d,pp_is_PP0035_20260830235953_759824,PP0035,F01_be_atr,G2,IS,BT1,OK,IS_NOISE_BAND,EFFECT_WITHIN_NOISE_BAND,"IS net=417882 (+0.00%), PF=2.2542 (+0.00%), DD=3.7942% (+0.0000pt), trades=301 (+0.00%)",0,417882.0,2.2542,3.7942,301,1.0,1.0,0.0,1.0,"{""PprotArmAfterBars"": 0, ""PprotArmBeforeBars"": 0, ""PprotArmHourEnd"": -1, ""PprotArmHourStart"": -1, ""PprotArmMaxATRRatio"": 0.0, ""PprotArmMinATRRatio"": 0.0, ""PprotArmPeakATR"": 1.25, ""PprotArmPeakR"": 0.0, ""PprotBELockATR"": 0.1, ""PprotBELockR"": -9.0, ""PprotFridayHour"": -1, ""PprotFridayMinATR"": 0.0, ""PprotGivebackATR"": 0.0, ""PprotGivebackFrac"": 0.0, ""PprotMode"": 1, ""PprotPartialLots"": 0.0, ""PprotSleeveMask"": 2, ""PprotTPExtendATR"": 0.0, ""PprotTightenBars"": 0, ""PprotTightenSLATR"": 0.0, ""PprotTrailATR"": 0.0, ""PprotTrailPeakATR"": 0.0}",ml\pprot1\configs\pp_is_PP0035_20260830235953_759824.yaml,pp_is_PP0035_20260830235953_759824_deals.csv,2026-08-30T23:59:53+00:00,2026-08-31T00:03:53+00:00,240.039,
fd09d66ca0e749b68103969139afd49d,pp_is_PP0036_20260831000046_a6fe91,PP0036,F01_be_atr,G2,IS,PROD,OK,IS_REJECT,PROFIT_DAMAGED,"IS net=385833 (-7.67%), PF=2.1580 (-4.27%), DD=3.7942% (+0.0000pt), trades=301 (+0.00%)",0,385833.0,2.158,3.7942,301,0.923306,0.957324,0.0,1.0,"{""PprotArmAfterBars"": 0, ""PprotArmBeforeBars"": 0, ""PprotArmHourEnd"": -1, ""PprotArmHourStart"": -1, ""PprotArmMaxATRRatio"": 0.0, ""PprotArmMinATRRatio"": 0.0, ""PprotArmPeakATR"": 1.25, ""PprotArmPeakR"": 0.0, ""PprotBELockATR"": 0.25, ""PprotBELockR"": -9.0, ""PprotFridayHour"": -1, ""PprotFridayMinATR"": 0.0, ""PprotGivebackATR"": 0.0, ""PprotGivebackFrac"": 0.0, ""PprotMode"": 1, ""PprotPartialLots"": 0.0, ""PprotSleeveMask"": 2, ""PprotTPExtendATR"": 0.0, ""PprotTightenBars"": 0, ""PprotTightenSLATR"": 0.0, ""PprotTrailATR"": 0.0, ""PprotTrailPeakATR"": 0.0}",ml\pprot1\configs\pp_is_PP0036_20260831000046_a6fe91.yaml,pp_is_PP0036_20260831000046_a6fe91_deals.csv,2026-08-31T00:00:46+00:00,2026-08-31T00:05:27+00:00,281.127,
2e607357506b41a0ad1d4a01cfa0294d,pp_is_PP0037_20260831000145_a5d1a2,PP0037,F01_be_atr,G2,IS,BT3,OK,IS_NOISE_BAND,EFFECT_WITHIN_NOISE_BAND,"IS net=417882 (+0.00%), PF=2.2542 (+0.00%), DD=3.7942% (+0.0000pt), trades=301 (+0.00%)",0,417882.0,2.2542,3.7942,301,1.0,1.0,0.0,1.0,"{""PprotArmAfterBars"": 0, ""PprotArmBeforeBars"": 0, ""PprotArmHourEnd"": -1, ""PprotArmHourStart"": -1, ""PprotArmMaxATRRatio"": 0.0, ""PprotArmMinATRRatio"": 0.0, ""PprotArmPeakATR"": 1.5, ""PprotArmPeakR"": 0.0, ""PprotBELockATR"": 0.0, ""PprotBELockR"": -9.0, ""PprotFridayHour"": -1, ""PprotFridayMinATR"": 0.0, ""PprotGivebackATR"": 0.0, ""PprotGivebackFrac"": 0.0, ""PprotMode"": 1, ""PprotPartialLots"": 0.0, ""PprotSleeveMask"": 2, ""PprotTPExtendATR"": 0.0, ""PprotTightenBars"": 0, ""PprotTightenSLATR"": 0.0, ""PprotTrailATR"": 0.0, ""PprotTrailPeakATR"": 0.0}",ml\pprot1\configs\pp_is_PP0037_20260831000145_a5d1a2.yaml,pp_is_PP0037_20260831000145_a5d1a2_deals.csv,2026-08-31T00:01:45+00:00,2026-08-31T00:06:45+00:00,300.312,
081593be3ee24e2fac529bbfe2d14869,pp_is_PP0038_20260831000209_a4adf1,PP0038,F01_be_atr,G2,IS,BT2,OK,IS_NOISE_BAND,EFFECT_WITHIN_NOISE_BAND,"IS net=417882 (+0.00%), PF=2.2542 (+0.00%), DD=3.7942% (+0.0000pt), trades=301 (+0.00%)",0,417882.0,2.2542,3.7942,301,1.0,1.0,0.0,1.0,"{""PprotArmAfterBars"": 0, ""PprotArmBeforeBars"": 0, ""PprotArmHourEnd"": -1, ""PprotArmHourStart"": -1, ""PprotArmMaxATRRatio"": 0.0, ""PprotArmMinATRRatio"": 0.0, ""PprotArmPeakATR"": 1.5, ""PprotArmPeakR"": 0.0, ""PprotBELockATR"": 0.1, ""PprotBELockR"": -9.0, ""PprotFridayHour"": -1, ""PprotFridayMinATR"": 0.0, ""PprotGivebackATR"": 0.0, ""PprotGivebackFrac"": 0.0, ""PprotMode"": 1, ""PprotPartialLots"": 0.0, ""PprotSleeveMask"": 2, ""PprotTPExtendATR"": 0.0, ""PprotTightenBars"": 0, ""PprotTightenSLATR"": 0.0, ""PprotTrailATR"": 0.0, ""PprotTrailPeakATR"": 0.0}",ml\pprot1\configs\pp_is_PP0038_20260831000209_a4adf1.yaml,pp_is_PP0038_20260831000209_a4adf1_deals.csv,2026-08-31T00:02:09+00:00,2026-08-31T00:07:04+00:00,295.022,
8396bd0f91084a4f8b01d7347821389d,pp_is_PP0039_20260831000235_777057,PP0039,F01_be_atr,G2,IS,BT4,OK,IS_NOISE_BAND,EFFECT_WITHIN_NOISE_BAND,"IS net=417882 (+0.00%), PF=2.2542 (+0.00%), DD=3.7942% (+0.0000pt), trades=301 (+0.00%)",0,417882.0,2.2542,3.7942,301,1.0,1.0,0.0,1.0,"{""PprotArmAfterBars"": 0, ""PprotArmBeforeBars"": 0, ""PprotArmHourEnd"": -1, ""PprotArmHourStart"": -1, ""PprotArmMaxATRRatio"": 0.0, ""PprotArmMinATRRatio"": 0.0, ""PprotArmPeakATR"": 1.5, ""PprotArmPeakR"": 0.0, ""PprotBELockATR"": 0.25, ""PprotBELockR"": -9.0, ""PprotFridayHour"": -1, ""PprotFridayMinATR"": 0.0, ""PprotGivebackATR"": 0.0, ""PprotGivebackFrac"": 0.0, ""PprotMode"": 1, ""PprotPartialLots"": 0.0, ""PprotSleeveMask"": 2, ""PprotTPExtendATR"": 0.0, ""PprotTightenBars"": 0, ""PprotTightenSLATR"": 0.0, ""PprotTrailATR"": 0.0, ""PprotTrailPeakATR"": 0.0}",ml\pprot1\configs\pp_is_PP0039_20260831000235_777057.yaml,pp_is_PP0039_20260831000235_777057_deals.csv,2026-08-31T00:02:35+00:00,2026-08-31T00:07:15+00:00,280.241,
f8c84596565c461397c7a14dd46a1b4d,pp_is_PP0040_20260831000353_4662b0,PP0040,F01_be_atr,G2,IS,BT1,OK,IS_NOISE_BAND,EFFECT_WITHIN_NOISE_BAND,"IS net=417882 (+0.00%), PF=2.2542 (+0.00%), DD=3.7942% (+0.0000pt), trades=301 (+0.00%)",0,417882.0,2.2542,3.7942,301,1.0,1.0,0.0,1.0,"{""PprotArmAfterBars"": 0, ""PprotArmBeforeBars"": 0, ""PprotArmHourEnd"": -1, ""PprotArmHourStart"": -1, ""PprotArmMaxATRRatio"": 0.0, ""PprotArmMinATRRatio"": 0.0, ""PprotArmPeakATR"": 2.0, ""PprotArmPeakR"": 0.0, ""PprotBELockATR"": 0.0, ""PprotBELockR"": -9.0, ""PprotFridayHour"": -1, ""PprotFridayMinATR"": 0.0, ""PprotGivebackATR"": 0.0, ""PprotGivebackFrac"": 0.0, ""PprotMode"": 1, ""PprotPartialLots"": 0.0, ""PprotSleeveMask"": 2, ""PprotTPExtendATR"": 0.0, ""PprotTightenBars"": 0, ""PprotTightenSLATR"": 0.0, ""PprotTrailATR"": 0.0, ""PprotTrailPeakATR"": 0.0}",ml\pprot1\configs\pp_is_PP0040_20260831000353_4662b0.yaml,pp_is_PP0040_20260831000353_4662b0_deals.csv,2026-08-31T00:03:53+00:00,2026-08-31T00:08:03+00:00,250.06,
4621ae39b15b4aa0b17fbc9332eb3b05,pp_is_PP0041_20260831000527_354bd2,PP0041,F01_be_atr,G2,IS,PROD,OK,IS_NOISE_BAND,EFFECT_WITHIN_NOISE_BAND,"IS net=417882 (+0.00%), PF=2.2542 (+0.00%), DD=3.7942% (+0.0000pt), trades=301 (+0.00%)",0,417882.0,2.2542,3.7942,301,1.0,1.0,0.0,1.0,"{""PprotArmAfterBars"": 0, ""PprotArmBeforeBars"": 0, ""PprotArmHourEnd"": -1, ""PprotArmHourStart"": -1, ""PprotArmMaxATRRatio"": 0.0, ""PprotArmMinATRRatio"": 0.0, ""PprotArmPeakATR"": 2.0, ""PprotArmPeakR"": 0.0, ""PprotBELockATR"": 0.1, ""PprotBELockR"": -9.0, ""PprotFridayHour"": -1, ""PprotFridayMinATR"": 0.0, ""PprotGivebackATR"": 0.0, ""PprotGivebackFrac"": 0.0, ""PprotMode"": 1, ""PprotPartialLots"": 0.0, ""PprotSleeveMask"": 2, ""PprotTPExtendATR"": 0.0, ""PprotTightenBars"": 0, ""PprotTightenSLATR"": 0.0, ""PprotTrailATR"": 0.0, ""PprotTrailPeakATR"": 0.0}",ml\pprot1\configs\pp_is_PP0041_20260831000527_354bd2.yaml,pp_is_PP0041_20260831000527_354bd2_deals.csv,2026-08-31T00:05:27+00:00,2026-08-31T00:09:48+00:00,260.896,
ab1aa8d3804e4686b8263c21b44cec65,pp_is_PP0042_20260831000645_6f7d3c,PP0042,F01_be_atr,G2,IS,BT3,OK,IS_NOISE_BAND,EFFECT_WITHIN_NOISE_BAND,"IS net=417882 (+0.00%), PF=2.2542 (+0.00%), DD=3.7942% (+0.0000pt), trades=301 (+0.00%)",0,417882.0,2.2542,3.7942,301,1.0,1.0,0.0,1.0,"{""PprotArmAfterBars"": 0, ""PprotArmBeforeBars"": 0, ""PprotArmHourEnd"": -1, ""PprotArmHourStart"": -1, ""PprotArmMaxATRRatio"": 0.0, ""PprotArmMinATRRatio"": 0.0, ""PprotArmPeakATR"": 2.0, ""PprotArmPeakR"": 0.0, ""PprotBELockATR"": 0.25, ""PprotBELockR"": -9.0, ""PprotFridayHour"": -1, ""PprotFridayMinATR"": 0.0, ""PprotGivebackATR"": 0.0, ""PprotGivebackFrac"": 0.0, ""PprotMode"": 1, ""PprotPartialLots"": 0.0, ""PprotSleeveMask"": 2, ""PprotTPExtendATR"": 0.0, ""PprotTightenBars"": 0, ""PprotTightenSLATR"": 0.0, ""PprotTrailATR"": 0.0, ""PprotTrailPeakATR"": 0.0}",ml\pprot1\configs\pp_is_PP0042_20260831000645_6f7d3c.yaml,pp_is_PP0042_20260831000645_6f7d3c_deals.csv,2026-08-31T00:06:45+00:00,2026-08-31T00:11:31+00:00,285.354,
5d1ac597eb4548458dcd9193ca44e40d,pp_is_PP0043_20260831000704_9b03e4,PP0043,F01_be_atr,G3,IS,BT2,OK,IS_REJECT,PROFIT_DAMAGED,"IS net=262971 (-37.07%), PF=2.3087 (+2.42%), DD=6.6293% (+2.8351pt), trades=323 (+7.31%)",0,262971.0,2.3087,6.6293,323,0.629295,1.024177,2.8351,1.07309,"{""PprotArmAfterBars"": 0, ""PprotArmBeforeBars"": 0, ""PprotArmHourEnd"": -1, ""PprotArmHourStart"": -1, ""PprotArmMaxATRRatio"": 0.0, ""PprotArmMinATRRatio"": 0.0, ""PprotArmPeakATR"": 0.25, ""PprotArmPeakR"": 0.0, ""PprotBELockATR"": 0.0, ""PprotBELockR"": -9.0, ""PprotFridayHour"": -1, ""PprotFridayMinATR"": 0.0, ""PprotGivebackATR"": 0.0, ""PprotGivebackFrac"": 0.0, ""PprotMode"": 1, ""PprotPartialLots"": 0.0, ""PprotSleeveMask"": 3, ""PprotTPExtendATR"": 0.0, ""PprotTightenBars"": 0, ""PprotTightenSLATR"": 0.0, ""PprotTrailATR"": 0.0, ""PprotTrailPeakATR"": 0.0}",ml\pprot1\configs\pp_is_PP0043_20260831000704_9b03e4.yaml,pp_is_PP0043_20260831000704_9b03e4_deals.csv,2026-08-31T00:07:04+00:00,2026-08-31T00:11:49+00:00,284.921,
3a05e41d20f1496bb2a242a41802590b,pp_is_PP0044_20260831000715_fc60be,PP0044,F01_be_atr,G3,IS,BT4,OK,IS_REJECT,PROFIT_DAMAGED,"IS net=193398 (-53.72%), PF=1.9684 (-12.68%), DD=6.0478% (+2.2536pt), trades=324 (+7.64%)",0,193398.0,1.9684,6.0478,324,0.462805,0.873214,2.2536,1.076412,"{""PprotArmAfterBars"": 0, ""PprotArmBeforeBars"": 0, ""PprotArmHourEnd"": -1, ""PprotArmHourStart"": -1, ""PprotArmMaxATRRatio"": 0.0, ""PprotArmMinATRRatio"": 0.0, ""PprotArmPeakATR"": 0.25, ""PprotArmPeakR"": 0.0, ""PprotBELockATR"": 0.1, ""PprotBELockR"": -9.0, ""PprotFridayHour"": -1, ""PprotFridayMinATR"": 0.0, ""PprotGivebackATR"": 0.0, ""PprotGivebackFrac"": 0.0, ""PprotMode"": 1, ""PprotPartialLots"": 0.0, ""PprotSleeveMask"": 3, ""PprotTPExtendATR"": 0.0, ""PprotTightenBars"": 0, ""PprotTightenSLATR"": 0.0, ""PprotTrailATR"": 0.0, ""PprotTrailPeakATR"": 0.0}",ml\pprot1\configs\pp_is_PP0044_20260831000715_fc60be.yaml,pp_is_PP0044_20260831000715_fc60be_deals.csv,2026-08-31T00:07:15+00:00,2026-08-31T00:11:50+00:00,275.041,
25dfcd4741ef4167bba66eff361a24b4,pp_is_PP0045_20260831000803_6767a4,PP0045,F01_be_atr,G3,IS,BT1,OK,IS_REJECT,PROFIT_DAMAGED,"IS net=165903 (-60.30%), PF=1.8195 (-19.28%), DD=4.2263% (+0.4321pt), trades=326 (+8.31%)",0,165903.0,1.8195,4.2263,326,0.397009,0.80716,0.4321,1.083056,"{""PprotArmAfterBars"": 0, ""PprotArmBeforeBars"": 0, ""PprotArmHourEnd"": -1, ""PprotArmHourStart"": -1, ""PprotArmMaxATRRatio"": 0.0, ""PprotArmMinATRRatio"": 0.0, ""PprotArmPeakATR"": 0.25, ""PprotArmPeakR"": 0.0, ""PprotBELockATR"": 0.25, ""PprotBELockR"": -9.0, ""PprotFridayHour"": -1, ""PprotFridayMinATR"": 0.0, ""PprotGivebackATR"": 0.0, ""PprotGivebackFrac"": 0.0, ""PprotMode"": 1, ""PprotPartialLots"": 0.0, ""PprotSleeveMask"": 3, ""PprotTPExtendATR"": 0.0, ""PprotTightenBars"": 0, ""PprotTightenSLATR"": 0.0, ""PprotTrailATR"": 0.0, ""PprotTrailPeakATR"": 0.0}",ml\pprot1\configs\pp_is_PP0045_20260831000803_6767a4.yaml,pp_is_PP0045_20260831000803_6767a4_deals.csv,2026-08-31T00:08:03+00:00,2026-08-31T00:12:08+00:00,245.041,
e020e7879dc045889283f947ce2f15e4,pp_is_PP0046_20260831000948_71b410,PP0046,F01_be_atr,G3,IS,PROD,OK,IS_REJECT,PROFIT_DAMAGED,"IS net=291128 (-30.33%), PF=2.1716 (-3.66%), DD=5.3623% (+1.5681pt), trades=318 (+5.65%)",0,291128.0,2.1716,5.3623,318,0.696675,0.963357,1.5681,1.056478,"{""PprotArmAfterBars"": 0, ""PprotArmBeforeBars"": 0, ""PprotArmHourEnd"": -1, ""PprotArmHourStart"": -1, ""PprotArmMaxATRRatio"": 0.0, ""PprotArmMinATRRatio"": 0.0, ""PprotArmPeakATR"": 0.5, ""PprotArmPeakR"": 0.0, ""PprotBELockATR"": 0.0, ""PprotBELockR"": -9.0, ""PprotFridayHour"": -1, ""PprotFridayMinATR"": 0.0, ""PprotGivebackATR"": 0.0, ""PprotGivebackFrac"": 0.0, ""PprotMode"": 1, ""PprotPartialLots"": 0.0, ""PprotSleeveMask"": 3, ""PprotTPExtendATR"": 0.0, ""PprotTightenBars"": 0, ""PprotTightenSLATR"": 0.0, ""PprotTrailATR"": 0.0, ""PprotTrailPeakATR"": 0.0}",ml\pprot1\configs\pp_is_PP0046_20260831000948_71b410.yaml,pp_is_PP0046_20260831000948_71b410_deals.csv,2026-08-31T00:09:48+00:00,2026-08-31T00:14:09+00:00,260.58,
33dbee69c5ff403ebf719e11f9ad40ec,pp_is_PP0048_20260831001149_b64fce,PP0048,F01_be_atr,G3,IS,BT2,OK,IS_REJECT,PROFIT_DAMAGED,"IS net=248402 (-40.56%), PF=1.9839 (-11.99%), DD=5.2292% (+1.4350pt), trades=322 (+6.98%)",0,248402.0,1.9839,5.2292,322,0.594431,0.88009,1.435,1.069767,"{""PprotArmAfterBars"": 0, ""PprotArmBeforeBars"": 0, ""PprotArmHourEnd"": -1, ""PprotArmHourStart"": -1, ""PprotArmMaxATRRatio"": 0.0, ""PprotArmMinATRRatio"": 0.0, ""PprotArmPeakATR"": 0.5, ""PprotArmPeakR"": 0.0, ""PprotBELockATR"": 0.25, ""PprotBELockR"": -9.0, ""PprotFridayHour"": -1, ""PprotFridayMinATR"": 0.0, ""PprotGivebackATR"": 0.0, ""PprotGivebackFrac"": 0.0, ""PprotMode"": 1, ""PprotPartialLots"": 0.0, ""PprotSleeveMask"": 3, ""PprotTPExtendATR"": 0.0, ""PprotTightenBars"": 0, ""PprotTightenSLATR"": 0.0, ""PprotTrailATR"": 0.0, ""PprotTrailPeakATR"": 0.0}",ml\pprot1\configs\pp_is_PP0048_20260831001149_b64fce.yaml,pp_is_PP0048_20260831001149_b64fce_deals.csv,2026-08-31T00:11:49+00:00,2026-08-31T00:15:49+00:00,240.19,
aa3b3c7b3f8549f1a6316cd4c4b5e6b5,pp_is_PP0049_20260831001150_81c34d,PP0049,F01_be_atr,G3,IS,BT4,OK,IS_REJECT,PROFIT_DAMAGED,"IS net=319759 (-23.48%), PF=2.1736 (-3.58%), DD=4.3817% (+0.5875pt), trades=311 (+3.32%)",0,319759.0,2.1736,4.3817,311,0.76519,0.964245,0.5875,1.033223,"{""PprotArmAfterBars"": 0, ""PprotArmBeforeBars"": 0, ""PprotArmHourEnd"": -1, ""PprotArmHourStart"": -1, ""PprotArmMaxATRRatio"": 0.0, ""PprotArmMinATRRatio"": 0.0, ""PprotArmPeakATR"": 0.75, ""PprotArmPeakR"": 0.0, ""PprotBELockATR"": 0.0, ""PprotBELockR"": -9.0, ""PprotFridayHour"": -1, ""PprotFridayMinATR"": 0.0, ""PprotGivebackATR"": 0.0, ""PprotGivebackFrac"": 0.0, ""PprotMode"": 1, ""PprotPartialLots"": 0.0, ""PprotSleeveMask"": 3, ""PprotTPExtendATR"": 0.0, ""PprotTightenBars"": 0, ""PprotTightenSLATR"": 0.0, ""PprotTrailATR"": 0.0, ""PprotTrailPeakATR"": 0.0}",ml\pprot1\configs\pp_is_PP0049_20260831001150_81c34d.yaml,pp_is_PP0049_20260831001150_81c34d_deals.csv,2026-08-31T00:11:50+00:00,2026-08-31T00:16:05+00:00,254.674,
9d7892d37e2841f4b9615acb1d622ece,pp_is_PP0047_20260831001131_e956e3,PP0047,F01_be_atr,G3,IS,BT3,OK,IS_REJECT,PROFIT_DAMAGED,"IS net=285963 (-31.57%), PF=2.1516 (-4.55%), DD=6.0965% (+2.3023pt), trades=321 (+6.64%)",0,285963.0,2.1516,6.0965,321,0.684315,0.954485,2.3023,1.066445,"{""PprotArmAfterBars"": 0, ""PprotArmBeforeBars"": 0, ""PprotArmHourEnd"": -1, ""PprotArmHourStart"": -1, ""PprotArmMaxATRRatio"": 0.0, ""PprotArmMinATRRatio"": 0.0, ""PprotArmPeakATR"": 0.5, ""PprotArmPeakR"": 0.0, ""PprotBELockATR"": 0.1, ""PprotBELockR"": -9.0, ""PprotFridayHour"": -1, ""PprotFridayMinATR"": 0.0, ""PprotGivebackATR"": 0.0, ""PprotGivebackFrac"": 0.0, ""PprotMode"": 1, ""PprotPartialLots"": 0.0, ""PprotSleeveMask"": 3, ""PprotTPExtendATR"": 0.0, ""PprotTightenBars"": 0, ""PprotTightenSLATR"": 0.0, ""PprotTrailATR"": 0.0, ""PprotTrailPeakATR"": 0.0}",ml\pprot1\configs\pp_is_PP0047_20260831001131_e956e3.yaml,pp_is_PP0047_20260831001131_e956e3_deals.csv,2026-08-31T00:11:31+00:00,2026-08-31T00:16:16+00:00,285.224,
dd1685c9135241e3bc849094e962eede,pp_is_PP0050_20260831001208_529d57,PP0050,F01_be_atr,G3,IS,BT1,OK,IS_REJECT,PROFIT_DAMAGED,"IS net=322633 (-22.79%), PF=2.1848 (-3.08%), DD=4.3664% (+0.5722pt), trades=311 (+3.32%)",0,322633.0,2.1848,4.3664,311,0.772067,0.969213,0.5722,1.033223,"{""PprotArmAfterBars"": 0, ""PprotArmBeforeBars"": 0, ""PprotArmHourEnd"": -1, ""PprotArmHourStart"": -1, ""PprotArmMaxATRRatio"": 0.0, ""PprotArmMinATRRatio"": 0.0, ""PprotArmPeakATR"": 0.75, ""PprotArmPeakR"": 0.0, ""PprotBELockATR"": 0.1, ""PprotBELockR"": -9.0, ""PprotFridayHour"": -1, ""PprotFridayMinATR"": 0.0, ""PprotGivebackATR"": 0.0, ""PprotGivebackFrac"": 0.0, ""PprotMode"": 1, ""PprotPartialLots"": 0.0, ""PprotSleeveMask"": 3, ""PprotTPExtendATR"": 0.0, ""PprotTightenBars"": 0, ""PprotTightenSLATR"": 0.0, ""PprotTrailATR"": 0.0, ""PprotTrailPeakATR"": 0.0}",ml\pprot1\configs\pp_is_PP0050_20260831001208_529d57.yaml,pp_is_PP0050_20260831001208_529d57_deals.csv,2026-08-31T00:12:08+00:00,2026-08-31T00:17:14+00:00,305.626,
0a2bf38e0c12457bbf6d04dcc9f17a79,pp_is_PP0051_20260831001409_f7099d,PP0051,F01_be_atr,G3,IS,PROD,OK,IS_REJECT,PROFIT_DAMAGED,"IS net=265369 (-36.50%), PF=1.9598 (-13.06%), DD=4.5299% (+0.7357pt), trades=314 (+4.32%)",0,265369.0,1.9598,4.5299,314,0.635033,0.869399,0.7357,1.043189,"{""PprotArmAfterBars"": 0, ""PprotArmBeforeBars"": 0, ""PprotArmHourEnd"": -1, ""PprotArmHourStart"": -1, ""PprotArmMaxATRRatio"": 0.0, ""PprotArmMinATRRatio"": 0.0, ""PprotArmPeakATR"": 0.75, ""PprotArmPeakR"": 0.0, ""PprotBELockATR"": 0.25, ""PprotBELockR"": -9.0, ""PprotFridayHour"": -1, ""PprotFridayMinATR"": 0.0, ""PprotGivebackATR"": 0.0, ""PprotGivebackFrac"": 0.0, ""PprotMode"": 1, ""PprotPartialLots"": 0.0, ""PprotSleeveMask"": 3, ""PprotTPExtendATR"": 0.0, ""PprotTightenBars"": 0, ""PprotTightenSLATR"": 0.0, ""PprotTrailATR"": 0.0, ""PprotTrailPeakATR"": 0.0}",ml\pprot1\configs\pp_is_PP0051_20260831001409_f7099d.yaml,pp_is_PP0051_20260831001409_f7099d_deals.csv,2026-08-31T00:14:09+00:00,2026-08-31T00:18:45+00:00,276.096,
e5e6bae19002406ab4ec888a5bc2bd98,pp_is_PP0053_20260831001605_a4a73b,PP0053,F01_be_atr,G3,IS,BT4,OK,IS_REJECT,PROFIT_DAMAGED,"IS net=322263 (-22.88%), PF=2.0837 (-7.56%), DD=4.3825% (+0.5883pt), trades=309 (+2.66%)",0,322263.0,2.0837,4.3825,309,0.771182,0.924363,0.5883,1.026578,"{""PprotArmAfterBars"": 0, ""PprotArmBeforeBars"": 0, ""PprotArmHourEnd"": -1, ""PprotArmHourStart"": -1, ""PprotArmMaxATRRatio"": 0.0, ""PprotArmMinATRRatio"": 0.0, ""PprotArmPeakATR"": 1.0, ""PprotArmPeakR"": 0.0, ""PprotBELockATR"": 0.1, ""PprotBELockR"": -9.0, ""PprotFridayHour"": -1, ""PprotFridayMinATR"": 0.0, ""PprotGivebackATR"": 0.0, ""PprotGivebackFrac"": 0.0, ""PprotMode"": 1, ""PprotPartialLots"": 0.0, ""PprotSleeveMask"": 3, ""PprotTPExtendATR"": 0.0, ""PprotTightenBars"": 0, ""PprotTightenSLATR"": 0.0, ""PprotTrailATR"": 0.0, ""PprotTrailPeakATR"": 0.0}",ml\pprot1\configs\pp_is_PP0053_20260831001605_a4a73b.yaml,pp_is_PP0053_20260831001605_a4a73b_deals.csv,2026-08-31T00:16:05+00:00,2026-08-31T00:19:00+00:00,174.498,
559943ae7d03429ea543913a5b9db5e7,pp_is_PP0052_20260831001549_2f4a8a,PP0052,F01_be_atr,G3,IS,BT2,OK,IS_REJECT,PROFIT_DAMAGED,"IS net=316684 (-24.22%), PF=2.0646 (-8.41%), DD=4.4130% (+0.6188pt), trades=309 (+2.66%)",0,316684.0,2.0646,4.413,309,0.757831,0.91589,0.6188,1.026578,"{""PprotArmAfterBars"": 0, ""PprotArmBeforeBars"": 0, ""PprotArmHourEnd"": -1, ""PprotArmHourStart"": -1, ""PprotArmMaxATRRatio"": 0.0, ""PprotArmMinATRRatio"": 0.0, ""PprotArmPeakATR"": 1.0, ""PprotArmPeakR"": 0.0, ""PprotBELockATR"": 0.0, ""PprotBELockR"": -9.0, ""PprotFridayHour"": -1, ""PprotFridayMinATR"": 0.0, ""PprotGivebackATR"": 0.0, ""PprotGivebackFrac"": 0.0, ""PprotMode"": 1, ""PprotPartialLots"": 0.0, ""PprotSleeveMask"": 3, ""PprotTPExtendATR"": 0.0, ""PprotTightenBars"": 0, ""PprotTightenSLATR"": 0.0, ""PprotTrailATR"": 0.0, ""PprotTrailPeakATR"": 0.0}",ml\pprot1\configs\pp_is_PP0052_20260831001549_2f4a8a.yaml,pp_is_PP0052_20260831001549_2f4a8a_deals.csv,2026-08-31T00:15:49+00:00,2026-08-31T00:20:09+00:00,260.007,
34468074ed4b47488200fe11b498756d,pp_is_PP0054_20260831001616_216060,PP0054,F01_be_atr,G3,IS,BT3,OK,IS_REJECT,PROFIT_DAMAGED,"IS net=282801 (-32.33%), PF=1.9478 (-13.59%), DD=4.4335% (+0.6393pt), trades=311 (+3.32%)",0,282801.0,1.9478,4.4335,311,0.676748,0.864076,0.6393,1.033223,"{""PprotArmAfterBars"": 0, ""PprotArmBeforeBars"": 0, ""PprotArmHourEnd"": -1, ""PprotArmHourStart"": -1, ""PprotArmMaxATRRatio"": 0.0, ""PprotArmMinATRRatio"": 0.0, ""PprotArmPeakATR"": 1.0, ""PprotArmPeakR"": 0.0, ""PprotBELockATR"": 0.25, ""PprotBELockR"": -9.0, ""PprotFridayHour"": -1, ""PprotFridayMinATR"": 0.0, ""PprotGivebackATR"": 0.0, ""PprotGivebackFrac"": 0.0, ""PprotMode"": 1, ""PprotPartialLots"": 0.0, ""PprotSleeveMask"": 3, ""PprotTPExtendATR"": 0.0, ""PprotTightenBars"": 0, ""PprotTightenSLATR"": 0.0, ""PprotTrailATR"": 0.0, ""PprotTrailPeakATR"": 0.0}",ml\pprot1\configs\pp_is_PP0054_20260831001616_216060.yaml,pp_is_PP0054_20260831001616_216060_deals.csv,2026-08-31T00:16:16+00:00,2026-08-31T00:21:06+00:00,289.851,
437390a0e6914ff595cc5cf20f5e69ff,pp_is_PP0055_20260831001714_9705fc,PP0055,F01_be_atr,G3,IS,BT1,OK,IS_REJECT,PROFIT_DAMAGED,"IS net=357593 (-14.43%), PF=2.1802 (-3.28%), DD=4.1619% (+0.3677pt), trades=307 (+1.99%)",0,357593.0,2.1802,4.1619,307,0.855727,0.967172,0.3677,1.019934,"{""PprotArmAfterBars"": 0, ""PprotArmBeforeBars"": 0, ""PprotArmHourEnd"": -1, ""PprotArmHourStart"": -1, ""PprotArmMaxATRRatio"": 0.0, ""PprotArmMinATRRatio"": 0.0, ""PprotArmPeakATR"": 1.25, ""PprotArmPeakR"": 0.0, ""PprotBELockATR"": 0.0, ""PprotBELockR"": -9.0, ""PprotFridayHour"": -1, ""PprotFridayMinATR"": 0.0, ""PprotGivebackATR"": 0.0, ""PprotGivebackFrac"": 0.0, ""PprotMode"": 1, ""PprotPartialLots"": 0.0, ""PprotSleeveMask"": 3, ""PprotTPExtendATR"": 0.0, ""PprotTightenBars"": 0, ""PprotTightenSLATR"": 0.0, ""PprotTrailATR"": 0.0, ""PprotTrailPeakATR"": 0.0}",ml\pprot1\configs\pp_is_PP0055_20260831001714_9705fc.yaml,pp_is_PP0055_20260831001714_9705fc_deals.csv,2026-08-31T00:17:14+00:00,2026-08-31T00:22:04+00:00,290.078,
582a40582afe4d4c952035700d7a79f1,pp_is_PP0057_20260831001900_90cdb4,PP0057,F01_be_atr,G3,IS,BT4,OK,IS_REJECT,PROFIT_DAMAGED,"IS net=323074 (-22.69%), PF=2.0629 (-8.49%), DD=4.1844% (+0.3902pt), trades=308 (+2.33%)",0,323074.0,2.0629,4.1844,308,0.773123,0.915136,0.3902,1.023256,"{""PprotArmAfterBars"": 0, ""PprotArmBeforeBars"": 0, ""PprotArmHourEnd"": -1, ""PprotArmHourStart"": -1, ""PprotArmMaxATRRatio"": 0.0, ""PprotArmMinATRRatio"": 0.0, ""PprotArmPeakATR"": 1.25, ""PprotArmPeakR"": 0.0, ""PprotBELockATR"": 0.25, ""PprotBELockR"": -9.0, ""PprotFridayHour"": -1, ""PprotFridayMinATR"": 0.0, ""PprotGivebackATR"": 0.0, ""PprotGivebackFrac"": 0.0, ""PprotMode"": 1, ""PprotPartialLots"": 0.0, ""PprotSleeveMask"": 3, ""PprotTPExtendATR"": 0.0, ""PprotTightenBars"": 0, ""PprotTightenSLATR"": 0.0, ""PprotTrailATR"": 0.0, ""PprotTrailPeakATR"": 0.0}",ml\pprot1\configs\pp_is_PP0057_20260831001900_90cdb4.yaml,pp_is_PP0057_20260831001900_90cdb4_deals.csv,2026-08-31T00:19:00+00:00,2026-08-31T00:22:55+00:00,235.094,
c6c6b3afbce04d36836ab501d339cc1f,pp_is_PP0056_20260831001845_7bdd10,PP0056,F01_be_atr,G3,IS,PROD,OK,IS_REJECT,PROFIT_DAMAGED,"IS net=358272 (-14.26%), PF=2.1826 (-3.18%), DD=4.1617% (+0.3675pt), trades=307 (+1.99%)",0,358272.0,2.1826,4.1617,307,0.857352,0.968237,0.3675,1.019934,"{""PprotArmAfterBars"": 0, ""PprotArmBeforeBars"": 0, ""PprotArmHourEnd"": -1, ""PprotArmHourStart"": -1, ""PprotArmMaxATRRatio"": 0.0, ""PprotArmMinATRRatio"": 0.0, ""PprotArmPeakATR"": 1.25, ""PprotArmPeakR"": 0.0, ""PprotBELockATR"": 0.1, ""PprotBELockR"": -9.0, ""PprotFridayHour"": -1, ""PprotFridayMinATR"": 0.0, ""PprotGivebackATR"": 0.0, ""PprotGivebackFrac"": 0.0, ""PprotMode"": 1, ""PprotPartialLots"": 0.0, ""PprotSleeveMask"": 3, ""PprotTPExtendATR"": 0.0, ""PprotTightenBars"": 0, ""PprotTightenSLATR"": 0.0, ""PprotTrailATR"": 0.0, ""PprotTrailPeakATR"": 0.0}",ml\pprot1\configs\pp_is_PP0056_20260831001845_7bdd10.yaml,pp_is_PP0056_20260831001845_7bdd10_deals.csv,2026-08-31T00:18:45+00:00,2026-08-31T00:23:35+00:00,290.64,
48233456b8624b9e8c893fcf81a6c251,pp_is_PP0058_20260831002009_f51de8,PP0058,F01_be_atr,G3,IS,BT2,OK,IS_REJECT,PROFIT_DAMAGED,"IS net=365764 (-12.47%), PF=2.2072 (-2.08%), DD=4.1176% (+0.3234pt), trades=305 (+1.33%)",0,365764.0,2.2072,4.1176,305,0.875281,0.97915,0.3234,1.013289,"{""PprotArmAfterBars"": 0, ""PprotArmBeforeBars"": 0, ""PprotArmHourEnd"": -1, ""PprotArmHourStart"": -1, ""PprotArmMaxATRRatio"": 0.0, ""PprotArmMinATRRatio"": 0.0, ""PprotArmPeakATR"": 1.5, ""PprotArmPeakR"": 0.0, ""PprotBELockATR"": 0.0, ""PprotBELockR"": -9.0, ""PprotFridayHour"": -1, ""PprotFridayMinATR"": 0.0, ""PprotGivebackATR"": 0.0, ""PprotGivebackFrac"": 0.0, ""PprotMode"": 1, ""PprotPartialLots"": 0.0, ""PprotSleeveMask"": 3, ""PprotTPExtendATR"": 0.0, ""PprotTightenBars"": 0, ""PprotTightenSLATR"": 0.0, ""PprotTrailATR"": 0.0, ""PprotTrailPeakATR"": 0.0}",ml\pprot1\configs\pp_is_PP0058_20260831002009_f51de8.yaml,pp_is_PP0058_20260831002009_f51de8_deals.csv,2026-08-31T00:20:09+00:00,2026-08-31T00:24:14+00:00,244.743,
c2f46a4577774d9d84c2c92a242ba0c7,pp_is_PP0059_20260831002106_c9057c,PP0059,F01_be_atr,G3,IS,BT3,OK,IS_REJECT,PROFIT_DAMAGED,"IS net=365933 (-12.43%), PF=2.2079 (-2.05%), DD=4.1202% (+0.3260pt), trades=305 (+1.33%)",0,365933.0,2.2079,4.1202,305,0.875685,0.979461,0.326,1.013289,"{""PprotArmAfterBars"": 0, ""PprotArmBeforeBars"": 0, ""PprotArmHourEnd"": -1, ""PprotArmHourStart"": -1, ""PprotArmMaxATRRatio"": 0.0, ""PprotArmMinATRRatio"": 0.0, ""PprotArmPeakATR"": 1.5, ""PprotArmPeakR"": 0.0, ""PprotBELockATR"": 0.1, ""PprotBELockR"": -9.0, ""PprotFridayHour"": -1, ""PprotFridayMinATR"": 0.0, ""PprotGivebackATR"": 0.0, ""PprotGivebackFrac"": 0.0, ""PprotMode"": 1, ""PprotPartialLots"": 0.0, ""PprotSleeveMask"": 3, ""PprotTPExtendATR"": 0.0, ""PprotTightenBars"": 0, ""PprotTightenSLATR"": 0.0, ""PprotTrailATR"": 0.0, ""PprotTrailPeakATR"": 0.0}",ml\pprot1\configs\pp_is_PP0059_20260831002106_c9057c.yaml,pp_is_PP0059_20260831002106_c9057c_deals.csv,2026-08-31T00:21:06+00:00,2026-08-31T00:25:36+00:00,270.399,
ed922e8d011341209fdddcadbe5ed4e1,pp_is_PP0060_20260831002204_6e1a4c,PP0060,F01_be_atr,G3,IS,BT1,OK,IS_REJECT,PROFIT_DAMAGED,"IS net=367712 (-12.01%), PF=2.2098 (-1.97%), DD=4.1158% (+0.3216pt), trades=306 (+1.66%)",0,367712.0,2.2098,4.1158,306,0.879942,0.980303,0.3216,1.016611,"{""PprotArmAfterBars"": 0, ""PprotArmBeforeBars"": 0, ""PprotArmHourEnd"": -1, ""PprotArmHourStart"": -1, ""PprotArmMaxATRRatio"": 0.0, ""PprotArmMinATRRatio"": 0.0, ""PprotArmPeakATR"": 1.5, ""PprotArmPeakR"": 0.0, ""PprotBELockATR"": 0.25, ""PprotBELockR"": -9.0, ""PprotFridayHour"": -1, ""PprotFridayMinATR"": 0.0, ""PprotGivebackATR"": 0.0, ""PprotGivebackFrac"": 0.0, ""PprotMode"": 1, ""PprotPartialLots"": 0.0, ""PprotSleeveMask"": 3, ""PprotTPExtendATR"": 0.0, ""PprotTightenBars"": 0, ""PprotTightenSLATR"": 0.0, ""PprotTrailATR"": 0.0, ""PprotTrailPeakATR"": 0.0}",ml\pprot1\configs\pp_is_PP0060_20260831002204_6e1a4c.yaml,pp_is_PP0060_20260831002204_6e1a4c_deals.csv,2026-08-31T00:22:04+00:00,2026-08-31T00:26:59+00:00,295.276,
be4f05ef4f1d4812a232e983b53eadd9,pp_is_PP0061_20260831002255_ef1441,PP0061,F01_be_atr,G3,IS,BT4,OK,IS_REJECT,PROFIT_DAMAGED,"IS net=391997 (-6.19%), PF=2.2595 (+0.24%), DD=3.9815% (+0.1873pt), trades=305 (+1.33%)",0,391997.0,2.2595,3.9815,305,0.938057,1.002351,0.1873,1.013289,"{""PprotArmAfterBars"": 0, ""PprotArmBeforeBars"": 0, ""PprotArmHourEnd"": -1, ""PprotArmHourStart"": -1, ""PprotArmMaxATRRatio"": 0.0, ""PprotArmMinATRRatio"": 0.0, ""PprotArmPeakATR"": 2.0, ""PprotArmPeakR"": 0.0, ""PprotBELockATR"": 0.0, ""PprotBELockR"": -9.0, ""PprotFridayHour"": -1, ""PprotFridayMinATR"": 0.0, ""PprotGivebackATR"": 0.0, ""PprotGivebackFrac"": 0.0, ""PprotMode"": 1, ""PprotPartialLots"": 0.0, ""PprotSleeveMask"": 3, ""PprotTPExtendATR"": 0.0, ""PprotTightenBars"": 0, ""PprotTightenSLATR"": 0.0, ""PprotTrailATR"": 0.0, ""PprotTrailPeakATR"": 0.0}",ml\pprot1\configs\pp_is_PP0061_20260831002255_ef1441.yaml,pp_is_PP0061_20260831002255_ef1441_deals.csv,2026-08-31T00:22:55+00:00,2026-08-31T00:27:10+00:00,255.039,
1cd2acbaad634af3b380b04cb5db216d,pp_is_PP0062_20260831002335_8543f8,PP0062,F01_be_atr,G3,IS,PROD,OK,IS_REJECT,PROFIT_DAMAGED,"IS net=394969 (-5.48%), PF=2.2692 (+0.67%), DD=3.9699% (+0.1757pt), trades=305 (+1.33%)",0,394969.0,2.2692,3.9699,305,0.945169,1.006654,0.1757,1.013289,"{""PprotArmAfterBars"": 0, ""PprotArmBeforeBars"": 0, ""PprotArmHourEnd"": -1, ""PprotArmHourStart"": -1, ""PprotArmMaxATRRatio"": 0.0, ""PprotArmMinATRRatio"": 0.0, ""PprotArmPeakATR"": 2.0, ""PprotArmPeakR"": 0.0, ""PprotBELockATR"": 0.1, ""PprotBELockR"": -9.0, ""PprotFridayHour"": -1, ""PprotFridayMinATR"": 0.0, ""PprotGivebackATR"": 0.0, ""PprotGivebackFrac"": 0.0, ""PprotMode"": 1, ""PprotPartialLots"": 0.0, ""PprotSleeveMask"": 3, ""PprotTPExtendATR"": 0.0, ""PprotTightenBars"": 0, ""PprotTightenSLATR"": 0.0, ""PprotTrailATR"": 0.0, ""PprotTrailPeakATR"": 0.0}",ml\pprot1\configs\pp_is_PP0062_20260831002335_8543f8.yaml,pp_is_PP0062_20260831002335_8543f8_deals.csv,2026-08-31T00:23:35+00:00,2026-08-31T00:28:41+00:00,305.8,
e80a34e30e7a454a89f008dcc1c3fb9b,pp_is_PP0063_20260831002414_370f91,PP0063,F01_be_atr,G3,IS,BT2,OK,IS_REJECT,PROFIT_DAMAGED,"IS net=381195 (-8.78%), PF=2.2256 (-1.27%), DD=4.0447% (+0.2505pt), trades=305 (+1.33%)",0,381195.0,2.2256,4.0447,305,0.912207,0.987313,0.2505,1.013289,"{""PprotArmAfterBars"": 0, ""PprotArmBeforeBars"": 0, ""PprotArmHourEnd"": -1, ""PprotArmHourStart"": -1, ""PprotArmMaxATRRatio"": 0.0, ""PprotArmMinATRRatio"": 0.0, ""PprotArmPeakATR"": 2.0, ""PprotArmPeakR"": 0.0, ""PprotBELockATR"": 0.25, ""PprotBELockR"": -9.0, ""PprotFridayHour"": -1, ""PprotFridayMinATR"": 0.0, ""PprotGivebackATR"": 0.0, ""PprotGivebackFrac"": 0.0, ""PprotMode"": 1, ""PprotPartialLots"": 0.0, ""PprotSleeveMask"": 3, ""PprotTPExtendATR"": 0.0, ""PprotTightenBars"": 0, ""PprotTightenSLATR"": 0.0, ""PprotTrailATR"": 0.0, ""PprotTrailPeakATR"": 0.0}",ml\pprot1\configs\pp_is_PP0063_20260831002414_370f91.yaml,pp_is_PP0063_20260831002414_370f91_deals.csv,2026-08-31T00:24:14+00:00,2026-08-31T00:28:48+00:00,274.943,
776af00b369e4d4abc1a378f321da569,pp_is_PP0064_20260831002536_fb0087,PP0064,F02_be_r,G1,IS,BT3,OK,IS_REJECT,PROFIT_DAMAGED,"IS net=300400 (-28.11%), PF=2.1009 (-6.80%), DD=4.5021% (+0.7079pt), trades=312 (+3.65%)",0,300400.0,2.1009,4.5021,312,0.718863,0.931994,0.7079,1.036545,"{""PprotArmAfterBars"": 0, ""PprotArmBeforeBars"": 0, ""PprotArmHourEnd"": -1, ""PprotArmHourStart"": -1, ""PprotArmMaxATRRatio"": 0.0, ""PprotArmMinATRRatio"": 0.0, ""PprotArmPeakATR"": 0.0, ""PprotArmPeakR"": 0.3, ""PprotBELockATR"": -9.0, ""PprotBELockR"": 0.0, ""PprotFridayHour"": -1, ""PprotFridayMinATR"": 0.0, ""PprotGivebackATR"": 0.0, ""PprotGivebackFrac"": 0.0, ""PprotMode"": 2, ""PprotPartialLots"": 0.0, ""PprotSleeveMask"": 1, ""PprotTPExtendATR"": 0.0, ""PprotTightenBars"": 0, ""PprotTightenSLATR"": 0.0, ""PprotTrailATR"": 0.0, ""PprotTrailPeakATR"": 0.0}",ml\pprot1\configs\pp_is_PP0064_20260831002536_fb0087.yaml,pp_is_PP0064_20260831002536_fb0087_deals.csv,2026-08-31T00:25:36+00:00,2026-08-31T00:29:42+00:00,245.712,
4697bb48b0f447ff85b610a684e59ded,pp_is_PP0065_20260831002659_0ab044,PP0065,F02_be_r,G1,IS,BT1,OK,IS_REJECT,PROFIT_DAMAGED,"IS net=285352 (-31.71%), PF=2.0305 (-9.92%), DD=5.0889% (+1.2947pt), trades=316 (+4.98%)",0,285352.0,2.0305,5.0889,316,0.682853,0.900763,1.2947,1.049834,"{""PprotArmAfterBars"": 0, ""PprotArmBeforeBars"": 0, ""PprotArmHourEnd"": -1, ""PprotArmHourStart"": -1, ""PprotArmMaxATRRatio"": 0.0, ""PprotArmMinATRRatio"": 0.0, ""PprotArmPeakATR"": 0.0, ""PprotArmPeakR"": 0.3, ""PprotBELockATR"": -9.0, ""PprotBELockR"": 0.1, ""PprotFridayHour"": -1, ""PprotFridayMinATR"": 0.0, ""PprotGivebackATR"": 0.0, ""PprotGivebackFrac"": 0.0, ""PprotMode"": 2, ""PprotPartialLots"": 0.0, ""PprotSleeveMask"": 1, ""PprotTPExtendATR"": 0.0, ""PprotTightenBars"": 0, ""PprotTightenSLATR"": 0.0, ""PprotTrailATR"": 0.0, ""PprotTrailPeakATR"": 0.0}",ml\pprot1\configs\pp_is_PP0065_20260831002659_0ab044.yaml,pp_is_PP0065_20260831002659_0ab044_deals.csv,2026-08-31T00:26:59+00:00,2026-08-31T00:30:25+00:00,205.303,
6072b961810e47bda84f599f14a1f4e2,pp_is_PP0066_20260831002710_3d9a4c,PP0066,F02_be_r,G1,IS,BT4,OK,IS_REJECT,PROFIT_DAMAGED,"IS net=357628 (-14.42%), PF=2.2038 (-2.24%), DD=4.1618% (+0.3676pt), trades=309 (+2.66%)",0,357628.0,2.2038,4.1618,309,0.855811,0.977642,0.3676,1.026578,"{""PprotArmAfterBars"": 0, ""PprotArmBeforeBars"": 0, ""PprotArmHourEnd"": -1, ""PprotArmHourStart"": -1, ""PprotArmMaxATRRatio"": 0.0, ""PprotArmMinATRRatio"": 0.0, ""PprotArmPeakATR"": 0.0, ""PprotArmPeakR"": 0.5, ""PprotBELockATR"": -9.0, ""PprotBELockR"": 0.0, ""PprotFridayHour"": -1, ""PprotFridayMinATR"": 0.0, ""PprotGivebackATR"": 0.0, ""PprotGivebackFrac"": 0.0, ""PprotMode"": 2, ""PprotPartialLots"": 0.0, ""PprotSleeveMask"": 1, ""PprotTPExtendATR"": 0.0, ""PprotTightenBars"": 0, ""PprotTightenSLATR"": 0.0, ""PprotTrailATR"": 0.0, ""PprotTrailPeakATR"": 0.0}",ml\pprot1\configs\pp_is_PP0066_20260831002710_3d9a4c.yaml,pp_is_PP0066_20260831002710_3d9a4c_deals.csv,2026-08-31T00:27:10+00:00,2026-08-31T00:31:55+00:00,285.455,
4e920dc9404449d0bd7d3c09ce4d9983,pp_is_PP0067_20260831002841_d6e645,PP0067,F02_be_r,G1,IS,PROD,OK,IS_REJECT,PROFIT_DAMAGED,"IS net=348993 (-16.49%), PF=2.1711 (-3.69%), DD=4.2171% (+0.4229pt), trades=311 (+3.32%)",0,348993.0,2.1711,4.2171,311,0.835147,0.963135,0.4229,1.033223,"{""PprotArmAfterBars"": 0, ""PprotArmBeforeBars"": 0, ""PprotArmHourEnd"": -1, ""PprotArmHourStart"": -1, ""PprotArmMaxATRRatio"": 0.0, ""PprotArmMinATRRatio"": 0.0, ""PprotArmPeakATR"": 0.0, ""PprotArmPeakR"": 0.5, ""PprotBELockATR"": -9.0, ""PprotBELockR"": 0.1, ""PprotFridayHour"": -1, ""PprotFridayMinATR"": 0.0, ""PprotGivebackATR"": 0.0, ""PprotGivebackFrac"": 0.0, ""PprotMode"": 2, ""PprotPartialLots"": 0.0, ""PprotSleeveMask"": 1, ""PprotTPExtendATR"": 0.0, ""PprotTightenBars"": 0, ""PprotTightenSLATR"": 0.0, ""PprotTrailATR"": 0.0, ""PprotTrailPeakATR"": 0.0}",ml\pprot1\configs\pp_is_PP0067_20260831002841_d6e645.yaml,pp_is_PP0067_20260831002841_d6e645_deals.csv,2026-08-31T00:28:41+00:00,2026-08-31T00:33:22+00:00,280.674,
3c9f4615e25247fcab384b4827517c8c,pp_is_PP0068_20260831002848_9ccc05,PP0068,F02_be_r,G1,IS,BT2,OK,IS_REJECT,PROFIT_DAMAGED,"IS net=365764 (-12.47%), PF=2.2072 (-2.08%), DD=4.1176% (+0.3234pt), trades=305 (+1.33%)",0,365764.0,2.2072,4.1176,305,0.875281,0.97915,0.3234,1.013289,"{""PprotArmAfterBars"": 0, ""PprotArmBeforeBars"": 0, ""PprotArmHourEnd"": -1, ""PprotArmHourStart"": -1, ""PprotArmMaxATRRatio"": 0.0, ""PprotArmMinATRRatio"": 0.0, ""PprotArmPeakATR"": 0.0, ""PprotArmPeakR"": 0.75, ""PprotBELockATR"": -9.0, ""PprotBELockR"": 0.0, ""PprotFridayHour"": -1, ""PprotFridayMinATR"": 0.0, ""PprotGivebackATR"": 0.0, ""PprotGivebackFrac"": 0.0, ""PprotMode"": 2, ""PprotPartialLots"": 0.0, ""PprotSleeveMask"": 1, ""PprotTPExtendATR"": 0.0, ""PprotTightenBars"": 0, ""PprotTightenSLATR"": 0.0, ""PprotTrailATR"": 0.0, ""PprotTrailPeakATR"": 0.0}",ml\pprot1\configs\pp_is_PP0068_20260831002848_9ccc05.yaml,pp_is_PP0068_20260831002848_9ccc05_deals.csv,2026-08-31T00:28:48+00:00,2026-08-31T00:33:48+00:00,299.707,
d5bc78d2abcd499f868d830c5c719f75,pp_is_PP0070_20260831003025_1f744f,PP0070,F02_be_r,G1,IS,BT1,OK,IS_NOISE_BAND,EFFECT_WITHIN_NOISE_BAND,"IS net=417846 (-0.01%), PF=2.3600 (+4.69%), DD=3.8559% (+0.0617pt), trades=303 (+0.66%)",0,417846.0,2.36,3.8559,303,0.999914,1.046935,0.0617,1.006645,"{""PprotArmAfterBars"": 0, ""PprotArmBeforeBars"": 0, ""PprotArmHourEnd"": -1, ""PprotArmHourStart"": -1, ""PprotArmMaxATRRatio"": 0.0, ""PprotArmMinATRRatio"": 0.0, ""PprotArmPeakATR"": 0.0, ""PprotArmPeakR"": 1.0, ""PprotBELockATR"": -9.0, ""PprotBELockR"": 0.0, ""PprotFridayHour"": -1, ""PprotFridayMinATR"": 0.0, ""PprotGivebackATR"": 0.0, ""PprotGivebackFrac"": 0.0, ""PprotMode"": 2, ""PprotPartialLots"": 0.0, ""PprotSleeveMask"": 1, ""PprotTPExtendATR"": 0.0, ""PprotTightenBars"": 0, ""PprotTightenSLATR"": 0.0, ""PprotTrailATR"": 0.0, ""PprotTrailPeakATR"": 0.0}",ml\pprot1\configs\pp_is_PP0070_20260831003025_1f744f.yaml,pp_is_PP0070_20260831003025_1f744f_deals.csv,2026-08-31T00:30:25+00:00,2026-08-31T00:34:35+00:00,250.599,
6d8088639fe7438785f9061d32b8b614,pp_is_PP0069_20260831002942_6f1fbb,PP0069,F02_be_r,G1,IS,BT3,OK,IS_REJECT,PROFIT_DAMAGED,"IS net=369842 (-11.50%), PF=2.2168 (-1.66%), DD=4.1030% (+0.3088pt), trades=306 (+1.66%)",0,369842.0,2.2168,4.103,306,0.885039,0.983409,0.3088,1.016611,"{""PprotArmAfterBars"": 0, ""PprotArmBeforeBars"": 0, ""PprotArmHourEnd"": -1, ""PprotArmHourStart"": -1, ""PprotArmMaxATRRatio"": 0.0, ""PprotArmMinATRRatio"": 0.0, ""PprotArmPeakATR"": 0.0, ""PprotArmPeakR"": 0.75, ""PprotBELockATR"": -9.0, ""PprotBELockR"": 0.1, ""PprotFridayHour"": -1, ""PprotFridayMinATR"": 0.0, ""PprotGivebackATR"": 0.0, ""PprotGivebackFrac"": 0.0, ""PprotMode"": 2, ""PprotPartialLots"": 0.0, ""PprotSleeveMask"": 1, ""PprotTPExtendATR"": 0.0, ""PprotTightenBars"": 0, ""PprotTightenSLATR"": 0.0, ""PprotTrailATR"": 0.0, ""PprotTrailPeakATR"": 0.0}",ml\pprot1\configs\pp_is_PP0069_20260831002942_6f1fbb.yaml,pp_is_PP0069_20260831002942_6f1fbb_deals.csv,2026-08-31T00:29:42+00:00,2026-08-31T00:34:43+00:00,301.017,
6f2e389451f84cff8605f00aaf099c42,pp_is_PP0071_20260831003155_46a940,PP0071,F02_be_r,G1,IS,BT4,OK,IS_REJECT,PROFIT_DAMAGED,"IS net=403726 (-3.39%), PF=2.3149 (+2.69%), DD=3.9664% (+0.1722pt), trades=303 (+0.66%)",0,403726.0,2.3149,3.9664,303,0.966124,1.026928,0.1722,1.006645,"{""PprotArmAfterBars"": 0, ""PprotArmBeforeBars"": 0, ""PprotArmHourEnd"": -1, ""PprotArmHourStart"": -1, ""PprotArmMaxATRRatio"": 0.0, ""PprotArmMinATRRatio"": 0.0, ""PprotArmPeakATR"": 0.0, ""PprotArmPeakR"": 1.0, ""PprotBELockATR"": -9.0, ""PprotBELockR"": 0.1, ""PprotFridayHour"": -1, ""PprotFridayMinATR"": 0.0, ""PprotGivebackATR"": 0.0, ""PprotGivebackFrac"": 0.0, ""PprotMode"": 2, ""PprotPartialLots"": 0.0, ""PprotSleeveMask"": 1, ""PprotTPExtendATR"": 0.0, ""PprotTightenBars"": 0, ""PprotTightenSLATR"": 0.0, ""PprotTrailATR"": 0.0, ""PprotTrailPeakATR"": 0.0}",ml\pprot1\configs\pp_is_PP0071_20260831003155_46a940.yaml,pp_is_PP0071_20260831003155_46a940_deals.csv,2026-08-31T00:31:55+00:00,2026-08-31T00:36:45+00:00,289.755,
dfcef88f7fee4971a46dea468619a9df,pp_is_PP0072_20260831003322_150a5c,PP0072,F02_be_r,G2,IS,PROD,OK,IS_REJECT,PROFIT_DAMAGED,"IS net=383329 (-8.27%), PF=2.4634 (+9.28%), DD=3.9350% (+0.1408pt), trades=301 (+0.00%)",0,383329.0,2.4634,3.935,301,0.917314,1.092805,0.1408,1.0,"{""PprotArmAfterBars"": 0, ""PprotArmBeforeBars"": 0, ""PprotArmHourEnd"": -1, ""PprotArmHourStart"": -1, ""PprotArmMaxATRRatio"": 0.0, ""PprotArmMinATRRatio"": 0.0, ""PprotArmPeakATR"": 0.0, ""PprotArmPeakR"": 0.3, ""PprotBELockATR"": -9.0, ""PprotBELockR"": 0.0, ""PprotFridayHour"": -1, ""PprotFridayMinATR"": 0.0, ""PprotGivebackATR"": 0.0, ""PprotGivebackFrac"": 0.0, ""PprotMode"": 2, ""PprotPartialLots"": 0.0, ""PprotSleeveMask"": 2, ""PprotTPExtendATR"": 0.0, ""PprotTightenBars"": 0, ""PprotTightenSLATR"": 0.0, ""PprotTrailATR"": 0.0, ""PprotTrailPeakATR"": 0.0}",ml\pprot1\configs\pp_is_PP0072_20260831003322_150a5c.yaml,pp_is_PP0072_20260831003322_150a5c_deals.csv,2026-08-31T00:33:22+00:00,2026-08-31T00:38:53+00:00,331.287,
2fb8dedf88f64bbeb8b8dc7986c3c8d1,pp_is_PP0073_20260831003348_3e057f,PP0073,F02_be_r,G2,IS,BT2,OK,IS_REJECT,PROFIT_DAMAGED,"IS net=373260 (-10.68%), PF=2.4263 (+7.63%), DD=3.8123% (+0.0181pt), trades=301 (+0.00%)",0,373260.0,2.4263,3.8123,301,0.893219,1.076346,0.0181,1.0,"{""PprotArmAfterBars"": 0, ""PprotArmBeforeBars"": 0, ""PprotArmHourEnd"": -1, ""PprotArmHourStart"": -1, ""PprotArmMaxATRRatio"": 0.0, ""PprotArmMinATRRatio"": 0.0, ""PprotArmPeakATR"": 0.0, ""PprotArmPeakR"": 0.3, ""PprotBELockATR"": -9.0, ""PprotBELockR"": 0.1, ""PprotFridayHour"": -1, ""PprotFridayMinATR"": 0.0, ""PprotGivebackATR"": 0.0, ""PprotGivebackFrac"": 0.0, ""PprotMode"": 2, ""PprotPartialLots"": 0.0, ""PprotSleeveMask"": 2, ""PprotTPExtendATR"": 0.0, ""PprotTightenBars"": 0, ""PprotTightenSLATR"": 0.0, ""PprotTrailATR"": 0.0, ""PprotTrailPeakATR"": 0.0}",ml\pprot1\configs\pp_is_PP0073_20260831003348_3e057f.yaml,pp_is_PP0073_20260831003348_3e057f_deals.csv,2026-08-31T00:33:48+00:00,2026-08-31T00:39:04+00:00,315.466,
62e906f36b1245faaf0ef5e9f0de7a7e,pp_is_PP0074_20260831003435_3a763f,PP0074,F02_be_r,G2,IS,BT1,OK,IS_REJECT,PROFIT_DAMAGED,"IS net=405516 (-2.96%), PF=2.3084 (+2.40%), DD=3.8514% (+0.0572pt), trades=301 (+0.00%)",0,405516.0,2.3084,3.8514,301,0.970408,1.024044,0.0572,1.0,"{""PprotArmAfterBars"": 0, ""PprotArmBeforeBars"": 0, ""PprotArmHourEnd"": -1, ""PprotArmHourStart"": -1, ""PprotArmMaxATRRatio"": 0.0, ""PprotArmMinATRRatio"": 0.0, ""PprotArmPeakATR"": 0.0, ""PprotArmPeakR"": 0.5, ""PprotBELockATR"": -9.0, ""PprotBELockR"": 0.0, ""PprotFridayHour"": -1, ""PprotFridayMinATR"": 0.0, ""PprotGivebackATR"": 0.0, ""PprotGivebackFrac"": 0.0, ""PprotMode"": 2, ""PprotPartialLots"": 0.0, ""PprotSleeveMask"": 2, ""PprotTPExtendATR"": 0.0, ""PprotTightenBars"": 0, ""PprotTightenSLATR"": 0.0, ""PprotTrailATR"": 0.0, ""PprotTrailPeakATR"": 0.0}",ml\pprot1\configs\pp_is_PP0074_20260831003435_3a763f.yaml,pp_is_PP0074_20260831003435_3a763f_deals.csv,2026-08-31T00:34:35+00:00,2026-08-31T00:39:51+00:00,315.727,
4ada7f8406e14054a9cdacbdc74e336b,pp_is_PP0075_20260831003443_91d5df,PP0075,F02_be_r,G2,IS,BT3,OK,IS_REJECT,PROFIT_DAMAGED,"IS net=406060 (-2.83%), PF=2.3106 (+2.50%), DD=3.8488% (+0.0546pt), trades=301 (+0.00%)",0,406060.0,2.3106,3.8488,301,0.97171,1.02502,0.0546,1.0,"{""PprotArmAfterBars"": 0, ""PprotArmBeforeBars"": 0, ""PprotArmHourEnd"": -1, ""PprotArmHourStart"": -1, ""PprotArmMaxATRRatio"": 0.0, ""PprotArmMinATRRatio"": 0.0, ""PprotArmPeakATR"": 0.0, ""PprotArmPeakR"": 0.5, ""PprotBELockATR"": -9.0, ""PprotBELockR"": 0.1, ""PprotFridayHour"": -1, ""PprotFridayMinATR"": 0.0, ""PprotGivebackATR"": 0.0, ""PprotGivebackFrac"": 0.0, ""PprotMode"": 2, ""PprotPartialLots"": 0.0, ""PprotSleeveMask"": 2, ""PprotTPExtendATR"": 0.0, ""PprotTightenBars"": 0, ""PprotTightenSLATR"": 0.0, ""PprotTrailATR"": 0.0, ""PprotTrailPeakATR"": 0.0}",ml\pprot1\configs\pp_is_PP0075_20260831003443_91d5df.yaml,pp_is_PP0075_20260831003443_91d5df_deals.csv,2026-08-31T00:34:43+00:00,2026-08-31T00:39:59+00:00,315.786,
9917ec76f1814ebd9032cb6f3469861e,pp_is_PP0076_20260831003645_f98ef0,PP0076,F02_be_r,G2,IS,BT4,OK,IS_NOISE_BAND,EFFECT_WITHIN_NOISE_BAND,"IS net=418760 (+0.21%), PF=2.2904 (+1.61%), DD=3.7902% (-0.0040pt), trades=301 (+0.00%)",0,418760.0,2.2904,3.7902,301,1.002101,1.016059,-0.004,1.0,"{""PprotArmAfterBars"": 0, ""PprotArmBeforeBars"": 0, ""PprotArmHourEnd"": -1, ""PprotArmHourStart"": -1, ""PprotArmMaxATRRatio"": 0.0, ""PprotArmMinATRRatio"": 0.0, ""PprotArmPeakATR"": 0.0, ""PprotArmPeakR"": 0.75, ""PprotBELockATR"": -9.0, ""PprotBELockR"": 0.0, ""PprotFridayHour"": -1, ""PprotFridayMinATR"": 0.0, ""PprotGivebackATR"": 0.0, ""PprotGivebackFrac"": 0.0, ""PprotMode"": 2, ""PprotPartialLots"": 0.0, ""PprotSleeveMask"": 2, ""PprotTPExtendATR"": 0.0, ""PprotTightenBars"": 0, ""PprotTightenSLATR"": 0.0, ""PprotTrailATR"": 0.0, ""PprotTrailPeakATR"": 0.0}",ml\pprot1\configs\pp_is_PP0076_20260831003645_f98ef0.yaml,pp_is_PP0076_20260831003645_f98ef0_deals.csv,2026-08-31T00:36:45+00:00,2026-08-31T00:40:31+00:00,225.944,
647ba978f6c9415eb3478c07034513c5,pp_is_PP0077_20260831003853_59e96b,PP0077,F02_be_r,G2,IS,PROD,OK,IS_NOISE_BAND,EFFECT_WITHIN_NOISE_BAND,"IS net=418230 (+0.08%), PF=2.2889 (+1.54%), DD=3.7926% (-0.0016pt), trades=301 (+0.00%)",0,418230.0,2.2889,3.7926,301,1.000833,1.015393,-0.0016,1.0,"{""PprotArmAfterBars"": 0, ""PprotArmBeforeBars"": 0, ""PprotArmHourEnd"": -1, ""PprotArmHourStart"": -1, ""PprotArmMaxATRRatio"": 0.0, ""PprotArmMinATRRatio"": 0.0, ""PprotArmPeakATR"": 0.0, ""PprotArmPeakR"": 0.75, ""PprotBELockATR"": -9.0, ""PprotBELockR"": 0.1, ""PprotFridayHour"": -1, ""PprotFridayMinATR"": 0.0, ""PprotGivebackATR"": 0.0, ""PprotGivebackFrac"": 0.0, ""PprotMode"": 2, ""PprotPartialLots"": 0.0, ""PprotSleeveMask"": 2, ""PprotTPExtendATR"": 0.0, ""PprotTightenBars"": 0, ""PprotTightenSLATR"": 0.0, ""PprotTrailATR"": 0.0, ""PprotTrailPeakATR"": 0.0}",ml\pprot1\configs\pp_is_PP0077_20260831003853_59e96b.yaml,pp_is_PP0077_20260831003853_59e96b_deals.csv,2026-08-31T00:38:53+00:00,2026-08-31T00:42:59+00:00,245.831,
e5c54db8830f479a911d4eea17c9ab47,pp_is_PP0078_20260831003904_e7932f,PP0078,F02_be_r,G2,IS,BT2,OK,IS_NOISE_BAND,EFFECT_WITHIN_NOISE_BAND,"IS net=416381 (-0.36%), PF=2.2497 (-0.20%), DD=3.8011% (+0.0069pt), trades=301 (+0.00%)",0,416381.0,2.2497,3.8011,301,0.996408,0.998004,0.0069,1.0,"{""PprotArmAfterBars"": 0, ""PprotArmBeforeBars"": 0, ""PprotArmHourEnd"": -1, ""PprotArmHourStart"": -1, ""PprotArmMaxATRRatio"": 0.0, ""PprotArmMinATRRatio"": 0.0, ""PprotArmPeakATR"": 0.0, ""PprotArmPeakR"": 1.0, ""PprotBELockATR"": -9.0, ""PprotBELockR"": 0.0, ""PprotFridayHour"": -1, ""PprotFridayMinATR"": 0.0, ""PprotGivebackATR"": 0.0, ""PprotGivebackFrac"": 0.0, ""PprotMode"": 2, ""PprotPartialLots"": 0.0, ""PprotSleeveMask"": 2, ""PprotTPExtendATR"": 0.0, ""PprotTightenBars"": 0, ""PprotTightenSLATR"": 0.0, ""PprotTrailATR"": 0.0, ""PprotTrailPeakATR"": 0.0}",ml\pprot1\configs\pp_is_PP0078_20260831003904_e7932f.yaml,pp_is_PP0078_20260831003904_e7932f_deals.csv,2026-08-31T00:39:04+00:00,2026-08-31T00:44:03+00:00,299.626,
44bbfe5b9fb740b0be95e20084869ed5,pp_is_PP0079_20260831003951_80fd13,PP0079,F02_be_r,G2,IS,BT1,OK,IS_NOISE_BAND,EFFECT_WITHIN_NOISE_BAND,"IS net=415848 (-0.49%), PF=2.2481 (-0.27%), DD=3.8035% (+0.0093pt), trades=301 (+0.00%)",0,415848.0,2.2481,3.8035,301,0.995133,0.997294,0.0093,1.0,"{""PprotArmAfterBars"": 0, ""PprotArmBeforeBars"": 0, ""PprotArmHourEnd"": -1, ""PprotArmHourStart"": -1, ""PprotArmMaxATRRatio"": 0.0, ""PprotArmMinATRRatio"": 0.0, ""PprotArmPeakATR"": 0.0, ""PprotArmPeakR"": 1.0, ""PprotBELockATR"": -9.0, ""PprotBELockR"": 0.1, ""PprotFridayHour"": -1, ""PprotFridayMinATR"": 0.0, ""PprotGivebackATR"": 0.0, ""PprotGivebackFrac"": 0.0, ""PprotMode"": 2, ""PprotPartialLots"": 0.0, ""PprotSleeveMask"": 2, ""PprotTPExtendATR"": 0.0, ""PprotTightenBars"": 0, ""PprotTightenSLATR"": 0.0, ""PprotTrailATR"": 0.0, ""PprotTrailPeakATR"": 0.0}",ml\pprot1\configs\pp_is_PP0079_20260831003951_80fd13.yaml,pp_is_PP0079_20260831003951_80fd13_deals.csv,2026-08-31T00:39:51+00:00,2026-08-31T00:44:46+00:00,295.124,
84aa5215a04749509ef898df474059bf,pp_is_PP0081_20260831004031_167c35,PP0081,F02_be_r,G3,IS,BT4,OK,IS_REJECT,PROFIT_DAMAGED,"IS net=240730 (-42.39%), PF=2.1719 (-3.65%), DD=4.9585% (+1.1643pt), trades=316 (+4.98%)",0,240730.0,2.1719,4.9585,316,0.576072,0.96349,1.1643,1.049834,"{""PprotArmAfterBars"": 0, ""PprotArmBeforeBars"": 0, ""PprotArmHourEnd"": -1, ""PprotArmHourStart"": -1, ""PprotArmMaxATRRatio"": 0.0, ""PprotArmMinATRRatio"": 0.0, ""PprotArmPeakATR"": 0.0, ""PprotArmPeakR"": 0.3, ""PprotBELockATR"": -9.0, ""PprotBELockR"": 0.1, ""PprotFridayHour"": -1, ""PprotFridayMinATR"": 0.0, ""PprotGivebackATR"": 0.0, ""PprotGivebackFrac"": 0.0, ""PprotMode"": 2, ""PprotPartialLots"": 0.0, ""PprotSleeveMask"": 3, ""PprotTPExtendATR"": 0.0, ""PprotTightenBars"": 0, ""PprotTightenSLATR"": 0.0, ""PprotTrailATR"": 0.0, ""PprotTrailPeakATR"": 0.0}",ml\pprot1\configs\pp_is_PP0081_20260831004031_167c35.yaml,pp_is_PP0081_20260831004031_167c35_deals.csv,2026-08-31T00:40:31+00:00,2026-08-31T00:44:51+00:00,260.043,
057ec6b7df174248a3bb7c22ca249ecc,pp_is_PP0080_20260831003959_65e787,PP0080,F02_be_r,G3,IS,BT3,OK,IS_REJECT,PROFIT_DAMAGED,"IS net=265847 (-36.38%), PF=2.3184 (+2.85%), DD=4.7017% (+0.9075pt), trades=312 (+3.65%)",0,265847.0,2.3184,4.7017,312,0.636177,1.02848,0.9075,1.036545,"{""PprotArmAfterBars"": 0, ""PprotArmBeforeBars"": 0, ""PprotArmHourEnd"": -1, ""PprotArmHourStart"": -1, ""PprotArmMaxATRRatio"": 0.0, ""PprotArmMinATRRatio"": 0.0, ""PprotArmPeakATR"": 0.0, ""PprotArmPeakR"": 0.3, ""PprotBELockATR"": -9.0, ""PprotBELockR"": 0.0, ""PprotFridayHour"": -1, ""PprotFridayMinATR"": 0.0, ""PprotGivebackATR"": 0.0, ""PprotGivebackFrac"": 0.0, ""PprotMode"": 2, ""PprotPartialLots"": 0.0, ""PprotSleeveMask"": 3, ""PprotTPExtendATR"": 0.0, ""PprotTightenBars"": 0, ""PprotTightenSLATR"": 0.0, ""PprotTrailATR"": 0.0, ""PprotTrailPeakATR"": 0.0}",ml\pprot1\configs\pp_is_PP0080_20260831003959_65e787.yaml,pp_is_PP0080_20260831003959_65e787_deals.csv,2026-08-31T00:39:59+00:00,2026-08-31T00:44:59+00:00,299.917,
62824c0ed5984abeb53f197eaccc3424,pp_is_PP0082_20260831004259_f3040d,PP0082,F02_be_r,G3,IS,PROD,OK,IS_REJECT,PROFIT_DAMAGED,"IS net=345262 (-17.38%), PF=2.2609 (+0.30%), DD=4.2307% (+0.4365pt), trades=309 (+2.66%)",0,345262.0,2.2609,4.2307,309,0.826219,1.002972,0.4365,1.026578,"{""PprotArmAfterBars"": 0, ""PprotArmBeforeBars"": 0, ""PprotArmHourEnd"": -1, ""PprotArmHourStart"": -1, ""PprotArmMaxATRRatio"": 0.0, ""PprotArmMinATRRatio"": 0.0, ""PprotArmPeakATR"": 0.0, ""PprotArmPeakR"": 0.5, ""PprotBELockATR"": -9.0, ""PprotBELockR"": 0.0, ""PprotFridayHour"": -1, ""PprotFridayMinATR"": 0.0, ""PprotGivebackATR"": 0.0, ""PprotGivebackFrac"": 0.0, ""PprotMode"": 2, ""PprotPartialLots"": 0.0, ""PprotSleeveMask"": 3, ""PprotTPExtendATR"": 0.0, ""PprotTightenBars"": 0, ""PprotTightenSLATR"": 0.0, ""PprotTrailATR"": 0.0, ""PprotTrailPeakATR"": 0.0}",ml\pprot1\configs\pp_is_PP0082_20260831004259_f3040d.yaml,pp_is_PP0082_20260831004259_f3040d_deals.csv,2026-08-31T00:42:59+00:00,2026-08-31T00:48:00+00:00,301.26,
d6e2e67cf77f4a6aa8f939573f87759b,pp_is_PP0084_20260831004446_58a3dc,PP0084,F02_be_r,G3,IS,BT1,OK,IS_REJECT,PROFIT_DAMAGED,"IS net=366642 (-12.26%), PF=2.2457 (-0.38%), DD=4.1129% (+0.3187pt), trades=305 (+1.33%)",0,366642.0,2.2457,4.1129,305,0.877382,0.996229,0.3187,1.013289,"{""PprotArmAfterBars"": 0, ""PprotArmBeforeBars"": 0, ""PprotArmHourEnd"": -1, ""PprotArmHourStart"": -1, ""PprotArmMaxATRRatio"": 0.0, ""PprotArmMinATRRatio"": 0.0, ""PprotArmPeakATR"": 0.0, ""PprotArmPeakR"": 0.75, ""PprotBELockATR"": -9.0, ""PprotBELockR"": 0.0, ""PprotFridayHour"": -1, ""PprotFridayMinATR"": 0.0, ""PprotGivebackATR"": 0.0, ""PprotGivebackFrac"": 0.0, ""PprotMode"": 2, ""PprotPartialLots"": 0.0, ""PprotSleeveMask"": 3, ""PprotTPExtendATR"": 0.0, ""PprotTightenBars"": 0, ""PprotTightenSLATR"": 0.0, ""PprotTrailATR"": 0.0, ""PprotTrailPeakATR"": 0.0}",ml\pprot1\configs\pp_is_PP0084_20260831004446_58a3dc.yaml,pp_is_PP0084_20260831004446_58a3dc_deals.csv,2026-08-31T00:44:46+00:00,2026-08-31T00:48:17+00:00,210.354,
ff754f418dfe4cc8bb0ea37dd5202e31,pp_is_PP0085_20260831004451_1d3b14,PP0085,F02_be_r,G3,IS,BT4,OK,IS_REJECT,PROFIT_DAMAGED,"IS net=370190 (-11.41%), PF=2.2538 (-0.02%), DD=4.1011% (+0.3069pt), trades=306 (+1.66%)",0,370190.0,2.2538,4.1011,306,0.885872,0.999823,0.3069,1.016611,"{""PprotArmAfterBars"": 0, ""PprotArmBeforeBars"": 0, ""PprotArmHourEnd"": -1, ""PprotArmHourStart"": -1, ""PprotArmMaxATRRatio"": 0.0, ""PprotArmMinATRRatio"": 0.0, ""PprotArmPeakATR"": 0.0, ""PprotArmPeakR"": 0.75, ""PprotBELockATR"": -9.0, ""PprotBELockR"": 0.1, ""PprotFridayHour"": -1, ""PprotFridayMinATR"": 0.0, ""PprotGivebackATR"": 0.0, ""PprotGivebackFrac"": 0.0, ""PprotMode"": 2, ""PprotPartialLots"": 0.0, ""PprotSleeveMask"": 3, ""PprotTPExtendATR"": 0.0, ""PprotTightenBars"": 0, ""PprotTightenSLATR"": 0.0, ""PprotTrailATR"": 0.0, ""PprotTrailPeakATR"": 0.0}",ml\pprot1\configs\pp_is_PP0085_20260831004451_1d3b14.yaml,pp_is_PP0085_20260831004451_1d3b14_deals.csv,2026-08-31T00:44:51+00:00,2026-08-31T00:48:46+00:00,234.986,
590f67ef0a3140d39e25660c68e1b17c,pp_is_PP0083_20260831004403_c21164,PP0083,F02_be_r,G3,IS,BT2,OK,IS_REJECT,PROFIT_DAMAGED,"IS net=337171 (-19.31%), PF=2.2276 (-1.18%), DD=4.2847% (+0.4905pt), trades=311 (+3.32%)",0,337171.0,2.2276,4.2847,311,0.806857,0.9882,0.4905,1.033223,"{""PprotArmAfterBars"": 0, ""PprotArmBeforeBars"": 0, ""PprotArmHourEnd"": -1, ""PprotArmHourStart"": -1, ""PprotArmMaxATRRatio"": 0.0, ""PprotArmMinATRRatio"": 0.0, ""PprotArmPeakATR"": 0.0, ""PprotArmPeakR"": 0.5, ""PprotBELockATR"": -9.0, ""PprotBELockR"": 0.1, ""PprotFridayHour"": -1, ""PprotFridayMinATR"": 0.0, ""PprotGivebackATR"": 0.0, ""PprotGivebackFrac"": 0.0, ""PprotMode"": 2, ""PprotPartialLots"": 0.0, ""PprotSleeveMask"": 3, ""PprotTPExtendATR"": 0.0, ""PprotTightenBars"": 0, ""PprotTightenSLATR"": 0.0, ""PprotTrailATR"": 0.0, ""PprotTrailPeakATR"": 0.0}",ml\pprot1\configs\pp_is_PP0083_20260831004403_c21164.yaml,pp_is_PP0083_20260831004403_c21164_deals.csv,2026-08-31T00:44:03+00:00,2026-08-31T00:48:58+00:00,295.15,
47b5358f9b7849fab62929dc2e53c48f,pp_is_PP0086_20260831004459_59cf79,PP0086,F02_be_r,G3,IS,BT3,OK,IS_NOISE_BAND,EFFECT_WITHIN_NOISE_BAND,"IS net=416345 (-0.37%), PF=2.3551 (+4.48%), DD=3.8630% (+0.0688pt), trades=303 (+0.66%)",0,416345.0,2.3551,3.863,303,0.996322,1.044761,0.0688,1.006645,"{""PprotArmAfterBars"": 0, ""PprotArmBeforeBars"": 0, ""PprotArmHourEnd"": -1, ""PprotArmHourStart"": -1, ""PprotArmMaxATRRatio"": 0.0, ""PprotArmMinATRRatio"": 0.0, ""PprotArmPeakATR"": 0.0, ""PprotArmPeakR"": 1.0, ""PprotBELockATR"": -9.0, ""PprotBELockR"": 0.0, ""PprotFridayHour"": -1, ""PprotFridayMinATR"": 0.0, ""PprotGivebackATR"": 0.0, ""PprotGivebackFrac"": 0.0, ""PprotMode"": 2, ""PprotPartialLots"": 0.0, ""PprotSleeveMask"": 3, ""PprotTPExtendATR"": 0.0, ""PprotTightenBars"": 0, ""PprotTightenSLATR"": 0.0, ""PprotTrailATR"": 0.0, ""PprotTrailPeakATR"": 0.0}",ml\pprot1\configs\pp_is_PP0086_20260831004459_59cf79.yaml,pp_is_PP0086_20260831004459_59cf79_deals.csv,2026-08-31T00:44:59+00:00,2026-08-31T00:50:04+00:00,305.361,
b37c1a281ed248b2855d9f6552582f3a,pp_is_PP0088_20260831004817_71539f,PP0088,F03_trail_atr,G1,IS,BT1,OK,IS_REJECT,PROFIT_DAMAGED,"IS net=241974 (-42.10%), PF=1.9015 (-15.65%), DD=5.0638% (+1.2696pt), trades=323 (+7.31%)",0,241974.0,1.9015,5.0638,323,0.579049,0.843537,1.2696,1.07309,"{""PprotArmAfterBars"": 0, ""PprotArmBeforeBars"": 0, ""PprotArmHourEnd"": -1, ""PprotArmHourStart"": -1, ""PprotArmMaxATRRatio"": 0.0, ""PprotArmMinATRRatio"": 0.0, ""PprotArmPeakATR"": 0.5, ""PprotArmPeakR"": 0.0, ""PprotBELockATR"": -9.0, ""PprotBELockR"": -9.0, ""PprotFridayHour"": -1, ""PprotFridayMinATR"": 0.0, ""PprotGivebackATR"": 0.0, ""PprotGivebackFrac"": 0.0, ""PprotMode"": 3, ""PprotPartialLots"": 0.0, ""PprotSleeveMask"": 1, ""PprotTPExtendATR"": 0.0, ""PprotTightenBars"": 0, ""PprotTightenSLATR"": 0.0, ""PprotTrailATR"": 0.75, ""PprotTrailPeakATR"": 0.0}",ml\pprot1\configs\pp_is_PP0088_20260831004817_71539f.yaml,pp_is_PP0088_20260831004817_71539f_deals.csv,2026-08-31T00:48:17+00:00,2026-08-31T00:51:42+00:00,204.984,
090d63c3909e4c8f8e8c8be1662e82d8,pp_is_PP0089_20260831004846_06f62f,PP0089,F03_trail_atr,G1,IS,BT4,OK,IS_REJECT,PROFIT_DAMAGED,"IS net=263212 (-37.01%), PF=1.9428 (-13.81%), DD=5.2592% (+1.4650pt), trades=320 (+6.31%)",0,263212.0,1.9428,5.2592,320,0.629872,0.861858,1.465,1.063123,"{""PprotArmAfterBars"": 0, ""PprotArmBeforeBars"": 0, ""PprotArmHourEnd"": -1, ""PprotArmHourStart"": -1, ""PprotArmMaxATRRatio"": 0.0, ""PprotArmMinATRRatio"": 0.0, ""PprotArmPeakATR"": 0.5, ""PprotArmPeakR"": 0.0, ""PprotBELockATR"": -9.0, ""PprotBELockR"": -9.0, ""PprotFridayHour"": -1, ""PprotFridayMinATR"": 0.0, ""PprotGivebackATR"": 0.0, ""PprotGivebackFrac"": 0.0, ""PprotMode"": 3, ""PprotPartialLots"": 0.0, ""PprotSleeveMask"": 1, ""PprotTPExtendATR"": 0.0, ""PprotTightenBars"": 0, ""PprotTightenSLATR"": 0.0, ""PprotTrailATR"": 1.0, ""PprotTrailPeakATR"": 0.0}",ml\pprot1\configs\pp_is_PP0089_20260831004846_06f62f.yaml,pp_is_PP0089_20260831004846_06f62f_deals.csv,2026-08-31T00:48:46+00:00,2026-08-31T00:52:26+00:00,220.007,
7623c3ac692c4a128ad41ffb89fa3e1b,pp_is_PP0087_20260831004800_7c4c2b,PP0087,F02_be_r,G3,IS,PROD,OK,IS_REJECT,PROFIT_DAMAGED,"IS net=401692 (-3.87%), PF=2.3083 (+2.40%), DD=3.9713% (+0.1771pt), trades=303 (+0.66%)",0,401692.0,2.3083,3.9713,303,0.961257,1.024,0.1771,1.006645,"{""PprotArmAfterBars"": 0, ""PprotArmBeforeBars"": 0, ""PprotArmHourEnd"": -1, ""PprotArmHourStart"": -1, ""PprotArmMaxATRRatio"": 0.0, ""PprotArmMinATRRatio"": 0.0, ""PprotArmPeakATR"": 0.0, ""PprotArmPeakR"": 1.0, ""PprotBELockATR"": -9.0, ""PprotBELockR"": 0.1, ""PprotFridayHour"": -1, ""PprotFridayMinATR"": 0.0, ""PprotGivebackATR"": 0.0, ""PprotGivebackFrac"": 0.0, ""PprotMode"": 2, ""PprotPartialLots"": 0.0, ""PprotSleeveMask"": 3, ""PprotTPExtendATR"": 0.0, ""PprotTightenBars"": 0, ""PprotTightenSLATR"": 0.0, ""PprotTrailATR"": 0.0, ""PprotTrailPeakATR"": 0.0}",ml\pprot1\configs\pp_is_PP0087_20260831004800_7c4c2b.yaml,pp_is_PP0087_20260831004800_7c4c2b_deals.csv,2026-08-31T00:48:00+00:00,2026-08-31T00:53:06+00:00,305.979,
a250252cbf774d6ea56e4edfe3700827,pp_is_PP0090_20260831004858_66df36,PP0090,F03_trail_atr,G1,IS,BT2,OK,IS_REJECT,PROFIT_DAMAGED,"IS net=286344 (-31.48%), PF=1.9770 (-12.30%), DD=4.1315% (+0.3373pt), trades=316 (+4.98%)",0,286344.0,1.977,4.1315,316,0.685227,0.87703,0.3373,1.049834,"{""PprotArmAfterBars"": 0, ""PprotArmBeforeBars"": 0, ""PprotArmHourEnd"": -1, ""PprotArmHourStart"": -1, ""PprotArmMaxATRRatio"": 0.0, ""PprotArmMinATRRatio"": 0.0, ""PprotArmPeakATR"": 0.5, ""PprotArmPeakR"": 0.0, ""PprotBELockATR"": -9.0, ""PprotBELockR"": -9.0, ""PprotFridayHour"": -1, ""PprotFridayMinATR"": 0.0, ""PprotGivebackATR"": 0.0, ""PprotGivebackFrac"": 0.0, ""PprotMode"": 3, ""PprotPartialLots"": 0.0, ""PprotSleeveMask"": 1, ""PprotTPExtendATR"": 0.0, ""PprotTightenBars"": 0, ""PprotTightenSLATR"": 0.0, ""PprotTrailATR"": 1.5, ""PprotTrailPeakATR"": 0.0}",ml\pprot1\configs\pp_is_PP0090_20260831004858_66df36.yaml,pp_is_PP0090_20260831004858_66df36_deals.csv,2026-08-31T00:48:58+00:00,2026-08-31T00:53:28+00:00,269.412,
fb7252ce2b3f45a3bd42506798a6a5b9,pp_is_PP0091_20260831005004_d4a874,PP0091,F03_trail_atr,G1,IS,BT3,OK,IS_REJECT,PROFIT_DAMAGED,"IS net=333934 (-20.09%), PF=2.0959 (-7.02%), DD=4.1849% (+0.3907pt), trades=312 (+3.65%)",0,333934.0,2.0959,4.1849,312,0.799111,0.929776,0.3907,1.036545,"{""PprotArmAfterBars"": 0, ""PprotArmBeforeBars"": 0, ""PprotArmHourEnd"": -1, ""PprotArmHourStart"": -1, ""PprotArmMaxATRRatio"": 0.0, ""PprotArmMinATRRatio"": 0.0, ""PprotArmPeakATR"": 0.5, ""PprotArmPeakR"": 0.0, ""PprotBELockATR"": -9.0, ""PprotBELockR"": -9.0, ""PprotFridayHour"": -1, ""PprotFridayMinATR"": 0.0, ""PprotGivebackATR"": 0.0, ""PprotGivebackFrac"": 0.0, ""PprotMode"": 3, ""PprotPartialLots"": 0.0, ""PprotSleeveMask"": 1, ""PprotTPExtendATR"": 0.0, ""PprotTightenBars"": 0, ""PprotTightenSLATR"": 0.0, ""PprotTrailATR"": 2.0, ""PprotTrailPeakATR"": 0.0}",ml\pprot1\configs\pp_is_PP0091_20260831005004_d4a874.yaml,pp_is_PP0091_20260831005004_d4a874_deals.csv,2026-08-31T00:50:04+00:00,2026-08-31T00:54:50+00:00,285.518,
e600914540ac4082be22a0fc3ae9a2d7,pp_is_PP0092_20260831005142_f3b246,PP0092,F03_trail_atr,G1,IS,BT1,OK,IS_REJECT,PROFIT_DAMAGED,"IS net=343871 (-17.71%), PF=2.0468 (-9.20%), DD=4.6185% (+0.8243pt), trades=309 (+2.66%)",0,343871.0,2.0468,4.6185,309,0.82289,0.907994,0.8243,1.026578,"{""PprotArmAfterBars"": 0, ""PprotArmBeforeBars"": 0, ""PprotArmHourEnd"": -1, ""PprotArmHourStart"": -1, ""PprotArmMaxATRRatio"": 0.0, ""PprotArmMinATRRatio"": 0.0, ""PprotArmPeakATR"": 0.5, ""PprotArmPeakR"": 0.0, ""PprotBELockATR"": -9.0, ""PprotBELockR"": -9.0, ""PprotFridayHour"": -1, ""PprotFridayMinATR"": 0.0, ""PprotGivebackATR"": 0.0, ""PprotGivebackFrac"": 0.0, ""PprotMode"": 3, ""PprotPartialLots"": 0.0, ""PprotSleeveMask"": 1, ""PprotTPExtendATR"": 0.0, ""PprotTightenBars"": 0, ""PprotTightenSLATR"": 0.0, ""PprotTrailATR"": 2.5, ""PprotTrailPeakATR"": 0.0}",ml\pprot1\configs\pp_is_PP0092_20260831005142_f3b246.yaml,pp_is_PP0092_20260831005142_f3b246_deals.csv,2026-08-31T00:51:42+00:00,2026-08-31T00:55:47+00:00,245.276,
44933d167ce24dfba8ef3f79e2d5e799,pp_is_PP0093_20260831005226_62603b,PP0093,F03_trail_atr,G1,IS,BT4,OK,IS_REJECT,PROFIT_DAMAGED,"IS net=238033 (-43.04%), PF=1.7528 (-22.24%), DD=4.8743% (+1.0801pt), trades=320 (+6.31%)",0,238033.0,1.7528,4.8743,320,0.569618,0.777571,1.0801,1.063123,"{""PprotArmAfterBars"": 0, ""PprotArmBeforeBars"": 0, ""PprotArmHourEnd"": -1, ""PprotArmHourStart"": -1, ""PprotArmMaxATRRatio"": 0.0, ""PprotArmMinATRRatio"": 0.0, ""PprotArmPeakATR"": 1.0, ""PprotArmPeakR"": 0.0, ""PprotBELockATR"": -9.0, ""PprotBELockR"": -9.0, ""PprotFridayHour"": -1, ""PprotFridayMinATR"": 0.0, ""PprotGivebackATR"": 0.0, ""PprotGivebackFrac"": 0.0, ""PprotMode"": 3, ""PprotPartialLots"": 0.0, ""PprotSleeveMask"": 1, ""PprotTPExtendATR"": 0.0, ""PprotTightenBars"": 0, ""PprotTightenSLATR"": 0.0, ""PprotTrailATR"": 0.75, ""PprotTrailPeakATR"": 0.0}",ml\pprot1\configs\pp_is_PP0093_20260831005226_62603b.yaml,pp_is_PP0093_20260831005226_62603b_deals.csv,2026-08-31T00:52:26+00:00,2026-08-31T00:56:16+00:00,230.278,
ea2442cc86db440587ee905757bc6d6e,pp_is_PP0094_20260831005306_22f0f1,PP0094,F03_trail_atr,G1,IS,PROD,OK,IS_REJECT,PROFIT_DAMAGED,"IS net=287645 (-31.17%), PF=1.9282 (-14.46%), DD=4.5090% (+0.7148pt), trades=317 (+5.32%)",0,287645.0,1.9282,4.509,317,0.68834,0.855381,0.7148,1.053156,"{""PprotArmAfterBars"": 0, ""PprotArmBeforeBars"": 0, ""PprotArmHourEnd"": -1, ""PprotArmHourStart"": -1, ""PprotArmMaxATRRatio"": 0.0, ""PprotArmMinATRRatio"": 0.0, ""PprotArmPeakATR"": 1.0, ""PprotArmPeakR"": 0.0, ""PprotBELockATR"": -9.0, ""PprotBELockR"": -9.0, ""PprotFridayHour"": -1, ""PprotFridayMinATR"": 0.0, ""PprotGivebackATR"": 0.0, ""PprotGivebackFrac"": 0.0, ""PprotMode"": 3, ""PprotPartialLots"": 0.0, ""PprotSleeveMask"": 1, ""PprotTPExtendATR"": 0.0, ""PprotTightenBars"": 0, ""PprotTightenSLATR"": 0.0, ""PprotTrailATR"": 1.0, ""PprotTrailPeakATR"": 0.0}",ml\pprot1\configs\pp_is_PP0094_20260831005306_22f0f1.yaml,pp_is_PP0094_20260831005306_22f0f1_deals.csv,2026-08-31T00:53:06+00:00,2026-08-31T00:57:37+00:00,270.819,
716c45fd8e914aa2b36f48225841af36,pp_is_PP0095_20260831005328_04ae0c,PP0095,F03_trail_atr,G1,IS,BT2,OK,IS_REJECT,PROFIT_DAMAGED,"IS net=314324 (-24.78%), PF=2.0055 (-11.03%), DD=4.3094% (+0.5152pt), trades=313 (+3.99%)",0,314324.0,2.0055,4.3094,313,0.752184,0.889673,0.5152,1.039867,"{""PprotArmAfterBars"": 0, ""PprotArmBeforeBars"": 0, ""PprotArmHourEnd"": -1, ""PprotArmHourStart"": -1, ""PprotArmMaxATRRatio"": 0.0, ""PprotArmMinATRRatio"": 0.0, ""PprotArmPeakATR"": 1.0, ""PprotArmPeakR"": 0.0, ""PprotBELockATR"": -9.0, ""PprotBELockR"": -9.0, ""PprotFridayHour"": -1, ""PprotFridayMinATR"": 0.0, ""PprotGivebackATR"": 0.0, ""PprotGivebackFrac"": 0.0, ""PprotMode"": 3, ""PprotPartialLots"": 0.0, ""PprotSleeveMask"": 1, ""PprotTPExtendATR"": 0.0, ""PprotTightenBars"": 0, ""PprotTightenSLATR"": 0.0, ""PprotTrailATR"": 1.5, ""PprotTrailPeakATR"": 0.0}",ml\pprot1\configs\pp_is_PP0095_20260831005328_04ae0c.yaml,pp_is_PP0095_20260831005328_04ae0c_deals.csv,2026-08-31T00:53:28+00:00,2026-08-31T00:58:03+00:00,275.431,
57b025669d2d44ac8ba9ad69ce1b534b,pp_is_PP0096_20260831005450_399e90,PP0096,F03_trail_atr,G1,IS,BT3,OK,IS_REJECT,PROFIT_DAMAGED,"IS net=315870 (-24.41%), PF=1.9810 (-12.12%), DD=4.3724% (+0.5782pt), trades=311 (+3.32%)",0,315870.0,1.981,4.3724,311,0.755883,0.878804,0.5782,1.033223,"{""PprotArmAfterBars"": 0, ""PprotArmBeforeBars"": 0, ""PprotArmHourEnd"": -1, ""PprotArmHourStart"": -1, ""PprotArmMaxATRRatio"": 0.0, ""PprotArmMinATRRatio"": 0.0, ""PprotArmPeakATR"": 1.0, ""PprotArmPeakR"": 0.0, ""PprotBELockATR"": -9.0, ""PprotBELockR"": -9.0, ""PprotFridayHour"": -1, ""PprotFridayMinATR"": 0.0, ""PprotGivebackATR"": 0.0, ""PprotGivebackFrac"": 0.0, ""PprotMode"": 3, ""PprotPartialLots"": 0.0, ""PprotSleeveMask"": 1, ""PprotTPExtendATR"": 0.0, ""PprotTightenBars"": 0, ""PprotTightenSLATR"": 0.0, ""PprotTrailATR"": 2.0, ""PprotTrailPeakATR"": 0.0}",ml\pprot1\configs\pp_is_PP0096_20260831005450_399e90.yaml,pp_is_PP0096_20260831005450_399e90_deals.csv,2026-08-31T00:54:50+00:00,2026-08-31T00:59:30+00:00,280.729,
4197880573874dee91b173a3d718c45e,pp_is_PP0097_20260831005547_cbec21,PP0097,F03_trail_atr,G1,IS,BT1,OK,IS_REJECT,PROFIT_DAMAGED,"IS net=338464 (-19.00%), PF=2.0137 (-10.67%), DD=4.6227% (+0.8285pt), trades=309 (+2.66%)",0,338464.0,2.0137,4.6227,309,0.809951,0.89331,0.8285,1.026578,"{""PprotArmAfterBars"": 0, ""PprotArmBeforeBars"": 0, ""PprotArmHourEnd"": -1, ""PprotArmHourStart"": -1, ""PprotArmMaxATRRatio"": 0.0, ""PprotArmMinATRRatio"": 0.0, ""PprotArmPeakATR"": 1.0, ""PprotArmPeakR"": 0.0, ""PprotBELockATR"": -9.0, ""PprotBELockR"": -9.0, ""PprotFridayHour"": -1, ""PprotFridayMinATR"": 0.0, ""PprotGivebackATR"": 0.0, ""PprotGivebackFrac"": 0.0, ""PprotMode"": 3, ""PprotPartialLots"": 0.0, ""PprotSleeveMask"": 1, ""PprotTPExtendATR"": 0.0, ""PprotTightenBars"": 0, ""PprotTightenSLATR"": 0.0, ""PprotTrailATR"": 2.5, ""PprotTrailPeakATR"": 0.0}",ml\pprot1\configs\pp_is_PP0097_20260831005547_cbec21.yaml,pp_is_PP0097_20260831005547_cbec21_deals.csv,2026-08-31T00:55:47+00:00,2026-08-31T00:59:57+00:00,250.202,
d526195cd8e9418a93b07ddc2a7de623,pp_is_PP0098_20260831005616_1a4087,PP0098,F03_trail_atr,G1,IS,BT4,OK,IS_REJECT,PROFIT_DAMAGED,"IS net=275081 (-34.17%), PF=1.8651 (-17.26%), DD=4.6473% (+0.8531pt), trades=316 (+4.98%)",0,275081.0,1.8651,4.6473,316,0.658274,0.827389,0.8531,1.049834,"{""PprotArmAfterBars"": 0, ""PprotArmBeforeBars"": 0, ""PprotArmHourEnd"": -1, ""PprotArmHourStart"": -1, ""PprotArmMaxATRRatio"": 0.0, ""PprotArmMinATRRatio"": 0.0, ""PprotArmPeakATR"": 1.5, ""PprotArmPeakR"": 0.0, ""PprotBELockATR"": -9.0, ""PprotBELockR"": -9.0, ""PprotFridayHour"": -1, ""PprotFridayMinATR"": 0.0, ""PprotGivebackATR"": 0.0, ""PprotGivebackFrac"": 0.0, ""PprotMode"": 3, ""PprotPartialLots"": 0.0, ""PprotSleeveMask"": 1, ""PprotTPExtendATR"": 0.0, ""PprotTightenBars"": 0, ""PprotTightenSLATR"": 0.0, ""PprotTrailATR"": 0.75, ""PprotTrailPeakATR"": 0.0}",ml\pprot1\configs\pp_is_PP0098_20260831005616_1a4087.yaml,pp_is_PP0098_20260831005616_1a4087_deals.csv,2026-08-31T00:56:16+00:00,2026-08-31T01:00:11+00:00,235.15,
b896d7a0d71d4d5880414f4a821a938f,pp_is_PP0099_20260831005737_26615e,PP0099,F03_trail_atr,G1,IS,PROD,OK,IS_REJECT,PROFIT_DAMAGED,"IS net=313370 (-25.01%), PF=1.9986 (-11.34%), DD=4.3817% (+0.5875pt), trades=315 (+4.65%)",0,313370.0,1.9986,4.3817,315,0.749901,0.886612,0.5875,1.046512,"{""PprotArmAfterBars"": 0, ""PprotArmBeforeBars"": 0, ""PprotArmHourEnd"": -1, ""PprotArmHourStart"": -1, ""PprotArmMaxATRRatio"": 0.0, ""PprotArmMinATRRatio"": 0.0, ""PprotArmPeakATR"": 1.5, ""PprotArmPeakR"": 0.0, ""PprotBELockATR"": -9.0, ""PprotBELockR"": -9.0, ""PprotFridayHour"": -1, ""PprotFridayMinATR"": 0.0, ""PprotGivebackATR"": 0.0, ""PprotGivebackFrac"": 0.0, ""PprotMode"": 3, ""PprotPartialLots"": 0.0, ""PprotSleeveMask"": 1, ""PprotTPExtendATR"": 0.0, ""PprotTightenBars"": 0, ""PprotTightenSLATR"": 0.0, ""PprotTrailATR"": 1.0, ""PprotTrailPeakATR"": 0.0}",ml\pprot1\configs\pp_is_PP0099_20260831005737_26615e.yaml,pp_is_PP0099_20260831005737_26615e_deals.csv,2026-08-31T00:57:37+00:00,2026-08-31T01:01:48+00:00,250.843,
bef14a00a282455ba89e4605274a5599,pp_is_PP0100_20260831005803_defea2,PP0100,F03_trail_atr,G1,IS,BT2,OK,IS_REJECT,PROFIT_DAMAGED,"IS net=349611 (-16.34%), PF=2.1321 (-5.42%), DD=4.1603% (+0.3661pt), trades=310 (+2.99%)",0,349611.0,2.1321,4.1603,310,0.836626,0.945834,0.3661,1.0299,"{""PprotArmAfterBars"": 0, ""PprotArmBeforeBars"": 0, ""PprotArmHourEnd"": -1, ""PprotArmHourStart"": -1, ""PprotArmMaxATRRatio"": 0.0, ""PprotArmMinATRRatio"": 0.0, ""PprotArmPeakATR"": 1.5, ""PprotArmPeakR"": 0.0, ""PprotBELockATR"": -9.0, ""PprotBELockR"": -9.0, ""PprotFridayHour"": -1, ""PprotFridayMinATR"": 0.0, ""PprotGivebackATR"": 0.0, ""PprotGivebackFrac"": 0.0, ""PprotMode"": 3, ""PprotPartialLots"": 0.0, ""PprotSleeveMask"": 1, ""PprotTPExtendATR"": 0.0, ""PprotTightenBars"": 0, ""PprotTightenSLATR"": 0.0, ""PprotTrailATR"": 1.5, ""PprotTrailPeakATR"": 0.0}",ml\pprot1\configs\pp_is_PP0100_20260831005803_defea2.yaml,pp_is_PP0100_20260831005803_defea2_deals.csv,2026-08-31T00:58:03+00:00,2026-08-31T01:02:33+00:00,270.161,
f15bf898336e470aba52aa25dd94120a,pp_is_PP0101_20260831005930_80402b,PP0101,F03_trail_atr,G1,IS,BT3,OK,IS_REJECT,PROFIT_DAMAGED,"IS net=344448 (-17.57%), PF=2.1042 (-6.65%), DD=4.2561% (+0.4619pt), trades=308 (+2.33%)",0,344448.0,2.1042,4.2561,308,0.824271,0.933458,0.4619,1.023256,"{""PprotArmAfterBars"": 0, ""PprotArmBeforeBars"": 0, ""PprotArmHourEnd"": -1, ""PprotArmHourStart"": -1, ""PprotArmMaxATRRatio"": 0.0, ""PprotArmMinATRRatio"": 0.0, ""PprotArmPeakATR"": 1.5, ""PprotArmPeakR"": 0.0, ""PprotBELockATR"": -9.0, ""PprotBELockR"": -9.0, ""PprotFridayHour"": -1, ""PprotFridayMinATR"": 0.0, ""PprotGivebackATR"": 0.0, ""PprotGivebackFrac"": 0.0, ""PprotMode"": 3, ""PprotPartialLots"": 0.0, ""PprotSleeveMask"": 1, ""PprotTPExtendATR"": 0.0, ""PprotTightenBars"": 0, ""PprotTightenSLATR"": 0.0, ""PprotTrailATR"": 2.0, ""PprotTrailPeakATR"": 0.0}",ml\pprot1\configs\pp_is_PP0101_20260831005930_80402b.yaml,pp_is_PP0101_20260831005930_80402b_deals.csv,2026-08-31T00:59:30+00:00,2026-08-31T01:04:16+00:00,285.327,
349233db9d874520bf3ec16cc6173b0a,pp_is_PP0103_20260831010011_8960f4,PP0103,F03_trail_atr,G2,IS,BT4,OK,IS_REJECT,PROFIT_DAMAGED,"IS net=388888 (-6.94%), PF=2.1682 (-3.82%), DD=3.8098% (+0.0156pt), trades=301 (+0.00%)",0,388888.0,2.1682,3.8098,301,0.930617,0.961849,0.0156,1.0,"{""PprotArmAfterBars"": 0, ""PprotArmBeforeBars"": 0, ""PprotArmHourEnd"": -1, ""PprotArmHourStart"": -1, ""PprotArmMaxATRRatio"": 0.0, ""PprotArmMinATRRatio"": 0.0, ""PprotArmPeakATR"": 0.5, ""PprotArmPeakR"": 0.0, ""PprotBELockATR"": -9.0, ""PprotBELockR"": -9.0, ""PprotFridayHour"": -1, ""PprotFridayMinATR"": 0.0, ""PprotGivebackATR"": 0.0, ""PprotGivebackFrac"": 0.0, ""PprotMode"": 3, ""PprotPartialLots"": 0.0, ""PprotSleeveMask"": 2, ""PprotTPExtendATR"": 0.0, ""PprotTightenBars"": 0, ""PprotTightenSLATR"": 0.0, ""PprotTrailATR"": 0.75, ""PprotTrailPeakATR"": 0.0}",ml\pprot1\configs\pp_is_PP0103_20260831010011_8960f4.yaml,pp_is_PP0103_20260831010011_8960f4_deals.csv,2026-08-31T01:00:11+00:00,2026-08-31T01:04:37+00:00,265.065,
f72ec630f62a4f70be0edd8bcd106387,pp_is_PP0102_20260831005957_6d532f,PP0102,F03_trail_atr,G1,IS,BT1,OK,IS_REJECT,PROFIT_DAMAGED,"IS net=353368 (-15.44%), PF=2.1053 (-6.61%), DD=4.1872% (+0.3930pt), trades=306 (+1.66%)",0,353368.0,2.1053,4.1872,306,0.845617,0.933946,0.393,1.016611,"{""PprotArmAfterBars"": 0, ""PprotArmBeforeBars"": 0, ""PprotArmHourEnd"": -1, ""PprotArmHourStart"": -1, ""PprotArmMaxATRRatio"": 0.0, ""PprotArmMinATRRatio"": 0.0, ""PprotArmPeakATR"": 1.5, ""PprotArmPeakR"": 0.0, ""PprotBELockATR"": -9.0, ""PprotBELockR"": -9.0, ""PprotFridayHour"": -1, ""PprotFridayMinATR"": 0.0, ""PprotGivebackATR"": 0.0, ""PprotGivebackFrac"": 0.0, ""PprotMode"": 3, ""PprotPartialLots"": 0.0, ""PprotSleeveMask"": 1, ""PprotTPExtendATR"": 0.0, ""PprotTightenBars"": 0, ""PprotTightenSLATR"": 0.0, ""PprotTrailATR"": 2.5, ""PprotTrailPeakATR"": 0.0}",ml\pprot1\configs\pp_is_PP0102_20260831005957_6d532f.yaml,pp_is_PP0102_20260831005957_6d532f_deals.csv,2026-08-31T00:59:57+00:00,2026-08-31T01:04:37+00:00,280.373,
b4c3021c867f4696a9607b4411eb9ff6,pp_is_PP0104_20260831010148_73036c,PP0104,F03_trail_atr,G2,IS,PROD,OK,IS_REJECT,PROFIT_DAMAGED,"IS net=385182 (-7.83%), PF=2.1512 (-4.57%), DD=3.8037% (+0.0095pt), trades=301 (+0.00%)",0,385182.0,2.1512,3.8037,301,0.921748,0.954308,0.0095,1.0,"{""PprotArmAfterBars"": 0, ""PprotArmBeforeBars"": 0, ""PprotArmHourEnd"": -1, ""PprotArmHourStart"": -1, ""PprotArmMaxATRRatio"": 0.0, ""PprotArmMinATRRatio"": 0.0, ""PprotArmPeakATR"": 0.5, ""PprotArmPeakR"": 0.0, ""PprotBELockATR"": -9.0, ""PprotBELockR"": -9.0, ""PprotFridayHour"": -1, ""PprotFridayMinATR"": 0.0, ""PprotGivebackATR"": 0.0, ""PprotGivebackFrac"": 0.0, ""PprotMode"": 3, ""PprotPartialLots"": 0.0, ""PprotSleeveMask"": 2, ""PprotTPExtendATR"": 0.0, ""PprotTightenBars"": 0, ""PprotTightenSLATR"": 0.0, ""PprotTrailATR"": 1.0, ""PprotTrailPeakATR"": 0.0}",ml\pprot1\configs\pp_is_PP0104_20260831010148_73036c.yaml,pp_is_PP0104_20260831010148_73036c_deals.csv,2026-08-31T01:01:48+00:00,2026-08-31T01:06:55+00:00,306.69,
56d816218d7c4c6d9914384b6c25ff94,pp_is_PP0105_20260831010233_4ffb70,PP0105,F03_trail_atr,G2,IS,BT2,OK,IS_NOISE_BAND,EFFECT_WITHIN_NOISE_BAND,"IS net=417882 (+0.00%), PF=2.2542 (+0.00%), DD=3.7942% (+0.0000pt), trades=301 (+0.00%)",0,417882.0,2.2542,3.7942,301,1.0,1.0,0.0,1.0,"{""PprotArmAfterBars"": 0, ""PprotArmBeforeBars"": 0, ""PprotArmHourEnd"": -1, ""PprotArmHourStart"": -1, ""PprotArmMaxATRRatio"": 0.0, ""PprotArmMinATRRatio"": 0.0, ""PprotArmPeakATR"": 0.5, ""PprotArmPeakR"": 0.0, ""PprotBELockATR"": -9.0, ""PprotBELockR"": -9.0, ""PprotFridayHour"": -1, ""PprotFridayMinATR"": 0.0, ""PprotGivebackATR"": 0.0, ""PprotGivebackFrac"": 0.0, ""PprotMode"": 3, ""PprotPartialLots"": 0.0, ""PprotSleeveMask"": 2, ""PprotTPExtendATR"": 0.0, ""PprotTightenBars"": 0, ""PprotTightenSLATR"": 0.0, ""PprotTrailATR"": 1.5, ""PprotTrailPeakATR"": 0.0}",ml\pprot1\configs\pp_is_PP0105_20260831010233_4ffb70.yaml,pp_is_PP0105_20260831010233_4ffb70_deals.csv,2026-08-31T01:02:33+00:00,2026-08-31T01:07:24+00:00,290.976,
1677811c012c4ec2979259cf85ce732b,pp_is_PP0107_20260831010437_2d2d72,PP0107,F03_trail_atr,G2,IS,BT4,OK,IS_NOISE_BAND,EFFECT_WITHIN_NOISE_BAND,"IS net=417882 (+0.00%), PF=2.2542 (+0.00%), DD=3.7942% (+0.0000pt), trades=301 (+0.00%)",0,417882.0,2.2542,3.7942,301,1.0,1.0,0.0,1.0,"{""PprotArmAfterBars"": 0, ""PprotArmBeforeBars"": 0, ""PprotArmHourEnd"": -1, ""PprotArmHourStart"": -1, ""PprotArmMaxATRRatio"": 0.0, ""PprotArmMinATRRatio"": 0.0, ""PprotArmPeakATR"": 0.5, ""PprotArmPeakR"": 0.0, ""PprotBELockATR"": -9.0, ""PprotBELockR"": -9.0, ""PprotFridayHour"": -1, ""PprotFridayMinATR"": 0.0, ""PprotGivebackATR"": 0.0, ""PprotGivebackFrac"": 0.0, ""PprotMode"": 3, ""PprotPartialLots"": 0.0, ""PprotSleeveMask"": 2, ""PprotTPExtendATR"": 0.0, ""PprotTightenBars"": 0, ""PprotTightenSLATR"": 0.0, ""PprotTrailATR"": 2.5, ""PprotTrailPeakATR"": 0.0}",ml\pprot1\configs\pp_is_PP0107_20260831010437_2d2d72.yaml,pp_is_PP0107_20260831010437_2d2d72_deals.csv,2026-08-31T01:04:37+00:00,2026-08-31T01:08:22+00:00,225.698,
51bdbc61b9f94ff394dcc3a6dfdadd86,pp_is_PP0108_20260831010437_9e7b7a,PP0108,F03_trail_atr,G2,IS,BT1,OK,IS_REJECT,PROFIT_DAMAGED,"IS net=392303 (-6.12%), PF=2.1774 (-3.41%), DD=3.7942% (+0.0000pt), trades=301 (+0.00%)",0,392303.0,2.1774,3.7942,301,0.938789,0.96593,0.0,1.0,"{""PprotArmAfterBars"": 0, ""PprotArmBeforeBars"": 0, ""PprotArmHourEnd"": -1, ""PprotArmHourStart"": -1, ""PprotArmMaxATRRatio"": 0.0, ""PprotArmMinATRRatio"": 0.0, ""PprotArmPeakATR"": 1.0, ""PprotArmPeakR"": 0.0, ""PprotBELockATR"": -9.0, ""PprotBELockR"": -9.0, ""PprotFridayHour"": -1, ""PprotFridayMinATR"": 0.0, ""PprotGivebackATR"": 0.0, ""PprotGivebackFrac"": 0.0, ""PprotMode"": 3, ""PprotPartialLots"": 0.0, ""PprotSleeveMask"": 2, ""PprotTPExtendATR"": 0.0, ""PprotTightenBars"": 0, ""PprotTightenSLATR"": 0.0, ""PprotTrailATR"": 0.75, ""PprotTrailPeakATR"": 0.0}",ml\pprot1\configs\pp_is_PP0108_20260831010437_9e7b7a.yaml,pp_is_PP0108_20260831010437_9e7b7a_deals.csv,2026-08-31T01:04:37+00:00,2026-08-31T01:08:37+00:00,239.811,
b074a9425358427ab6b96a24ac2b0de1,pp_is_PP0106_20260831010416_4a06ca,PP0106,F03_trail_atr,G2,IS,BT3,OK,IS_NOISE_BAND,EFFECT_WITHIN_NOISE_BAND,"IS net=417882 (+0.00%), PF=2.2542 (+0.00%), DD=3.7942% (+0.0000pt), trades=301 (+0.00%)",0,417882.0,2.2542,3.7942,301,1.0,1.0,0.0,1.0,"{""PprotArmAfterBars"": 0, ""PprotArmBeforeBars"": 0, ""PprotArmHourEnd"": -1, ""PprotArmHourStart"": -1, ""PprotArmMaxATRRatio"": 0.0, ""PprotArmMinATRRatio"": 0.0, ""PprotArmPeakATR"": 0.5, ""PprotArmPeakR"": 0.0, ""PprotBELockATR"": -9.0, ""PprotBELockR"": -9.0, ""PprotFridayHour"": -1, ""PprotFridayMinATR"": 0.0, ""PprotGivebackATR"": 0.0, ""PprotGivebackFrac"": 0.0, ""PprotMode"": 3, ""PprotPartialLots"": 0.0, ""PprotSleeveMask"": 2, ""PprotTPExtendATR"": 0.0, ""PprotTightenBars"": 0, ""PprotTightenSLATR"": 0.0, ""PprotTrailATR"": 2.0, ""PprotTrailPeakATR"": 0.0}",ml\pprot1\configs\pp_is_PP0106_20260831010416_4a06ca.yaml,pp_is_PP0106_20260831010416_4a06ca_deals.csv,2026-08-31T01:04:16+00:00,2026-08-31T01:08:47+00:00,271.016,
fc2149a014894bc2a6f277b4842e7472,pp_is_PP0112_20260831010837_0ab4b3,PP0112,F03_trail_atr,G2,IS,BT1,OK,IS_NOISE_BAND,EFFECT_WITHIN_NOISE_BAND,"IS net=417882 (+0.00%), PF=2.2542 (+0.00%), DD=3.7942% (+0.0000pt), trades=301 (+0.00%)",0,417882.0,2.2542,3.7942,301,1.0,1.0,0.0,1.0,"{""PprotArmAfterBars"": 0, ""PprotArmBeforeBars"": 0, ""PprotArmHourEnd"": -1, ""PprotArmHourStart"": -1, ""PprotArmMaxATRRatio"": 0.0, ""PprotArmMinATRRatio"": 0.0, ""PprotArmPeakATR"": 1.0, ""PprotArmPeakR"": 0.0, ""PprotBELockATR"": -9.0, ""PprotBELockR"": -9.0, ""PprotFridayHour"": -1, ""PprotFridayMinATR"": 0.0, ""PprotGivebackATR"": 0.0, ""PprotGivebackFrac"": 0.0, ""PprotMode"": 3, ""PprotPartialLots"": 0.0, ""PprotSleeveMask"": 2, ""PprotTPExtendATR"": 0.0, ""PprotTightenBars"": 0, ""PprotTightenSLATR"": 0.0, ""PprotTrailATR"": 2.5, ""PprotTrailPeakATR"": 0.0}",ml\pprot1\configs\pp_is_PP0112_20260831010837_0ab4b3.yaml,pp_is_PP0112_20260831010837_0ab4b3_deals.csv,2026-08-31T01:08:37+00:00,2026-08-31T01:11:57+00:00,199.718,
3572dcfcb1674023b4484889b2ac865e,pp_is_PP0109_20260831010655_099f2b,PP0109,F03_trail_atr,G2,IS,PROD,OK,IS_REJECT,PROFIT_DAMAGED,"IS net=387262 (-7.33%), PF=2.1623 (-4.08%), DD=3.7942% (+0.0000pt), trades=301 (+0.00%)",0,387262.0,2.1623,3.7942,301,0.926726,0.959232,0.0,1.0,"{""PprotArmAfterBars"": 0, ""PprotArmBeforeBars"": 0, ""PprotArmHourEnd"": -1, ""PprotArmHourStart"": -1, ""PprotArmMaxATRRatio"": 0.0, ""PprotArmMinATRRatio"": 0.0, ""PprotArmPeakATR"": 1.0, ""PprotArmPeakR"": 0.0, ""PprotBELockATR"": -9.0, ""PprotBELockR"": -9.0, ""PprotFridayHour"": -1, ""PprotFridayMinATR"": 0.0, ""PprotGivebackATR"": 0.0, ""PprotGivebackFrac"": 0.0, ""PprotMode"": 3, ""PprotPartialLots"": 0.0, ""PprotSleeveMask"": 2, ""PprotTPExtendATR"": 0.0, ""PprotTightenBars"": 0, ""PprotTightenSLATR"": 0.0, ""PprotTrailATR"": 1.0, ""PprotTrailPeakATR"": 0.0}",ml\pprot1\configs\pp_is_PP0109_20260831010655_099f2b.yaml,pp_is_PP0109_20260831010655_099f2b_deals.csv,2026-08-31T01:06:55+00:00,2026-08-31T01:12:01+00:00,306.497,
1d2d4292461f4908bc5541ac4012cee0,pp_is_PP0110_20260831010724_f4e0fc,PP0110,F03_trail_atr,G2,IS,BT2,OK,IS_NOISE_BAND,EFFECT_WITHIN_NOISE_BAND,"IS net=417882 (+0.00%), PF=2.2542 (+0.00%), DD=3.7942% (+0.0000pt), trades=301 (+0.00%)",0,417882.0,2.2542,3.7942,301,1.0,1.0,0.0,1.0,"{""PprotArmAfterBars"": 0, ""PprotArmBeforeBars"": 0, ""PprotArmHourEnd"": -1, ""PprotArmHourStart"": -1, ""PprotArmMaxATRRatio"": 0.0, ""PprotArmMinATRRatio"": 0.0, ""PprotArmPeakATR"": 1.0, ""PprotArmPeakR"": 0.0, ""PprotBELockATR"": -9.0, ""PprotBELockR"": -9.0, ""PprotFridayHour"": -1, ""PprotFridayMinATR"": 0.0, ""PprotGivebackATR"": 0.0, ""PprotGivebackFrac"": 0.0, ""PprotMode"": 3, ""PprotPartialLots"": 0.0, ""PprotSleeveMask"": 2, ""PprotTPExtendATR"": 0.0, ""PprotTightenBars"": 0, ""PprotTightenSLATR"": 0.0, ""PprotTrailATR"": 1.5, ""PprotTrailPeakATR"": 0.0}",ml\pprot1\configs\pp_is_PP0110_20260831010724_f4e0fc.yaml,pp_is_PP0110_20260831010724_f4e0fc_deals.csv,2026-08-31T01:07:24+00:00,2026-08-31T01:12:25+00:00,300.84,
fa21641967a4479a8acb5d413cc64e31,pp_is_PP0111_20260831010822_742997,PP0111,F03_trail_atr,G2,IS,BT4,OK,IS_NOISE_BAND,EFFECT_WITHIN_NOISE_BAND,"IS net=417882 (+0.00%), PF=2.2542 (+0.00%), DD=3.7942% (+0.0000pt), trades=301 (+0.00%)",0,417882.0,2.2542,3.7942,301,1.0,1.0,0.0,1.0,"{""PprotArmAfterBars"": 0, ""PprotArmBeforeBars"": 0, ""PprotArmHourEnd"": -1, ""PprotArmHourStart"": -1, ""PprotArmMaxATRRatio"": 0.0, ""PprotArmMinATRRatio"": 0.0, ""PprotArmPeakATR"": 1.0, ""PprotArmPeakR"": 0.0, ""PprotBELockATR"": -9.0, ""PprotBELockR"": -9.0, ""PprotFridayHour"": -1, ""PprotFridayMinATR"": 0.0, ""PprotGivebackATR"": 0.0, ""PprotGivebackFrac"": 0.0, ""PprotMode"": 3, ""PprotPartialLots"": 0.0, ""PprotSleeveMask"": 2, ""PprotTPExtendATR"": 0.0, ""PprotTightenBars"": 0, ""PprotTightenSLATR"": 0.0, ""PprotTrailATR"": 2.0, ""PprotTrailPeakATR"": 0.0}",ml\pprot1\configs\pp_is_PP0111_20260831010822_742997.yaml,pp_is_PP0111_20260831010822_742997_deals.csv,2026-08-31T01:08:22+00:00,2026-08-31T01:13:08+00:00,285.625,
a8fe8efc309a47ccb42d1bb410c14a96,pp_is_PP0113_20260831010847_e5e2f5,PP0113,F03_trail_atr,G2,IS,BT3,OK,IS_NOISE_BAND,EFFECT_WITHIN_NOISE_BAND,"IS net=417882 (+0.00%), PF=2.2542 (+0.00%), DD=3.7942% (+0.0000pt), trades=301 (+0.00%)",0,417882.0,2.2542,3.7942,301,1.0,1.0,0.0,1.0,"{""PprotArmAfterBars"": 0, ""PprotArmBeforeBars"": 0, ""PprotArmHourEnd"": -1, ""PprotArmHourStart"": -1, ""PprotArmMaxATRRatio"": 0.0, ""PprotArmMinATRRatio"": 0.0, ""PprotArmPeakATR"": 1.5, ""PprotArmPeakR"": 0.0, ""PprotBELockATR"": -9.0, ""PprotBELockR"": -9.0, ""PprotFridayHour"": -1, ""PprotFridayMinATR"": 0.0, ""PprotGivebackATR"": 0.0, ""PprotGivebackFrac"": 0.0, ""PprotMode"": 3, ""PprotPartialLots"": 0.0, ""PprotSleeveMask"": 2, ""PprotTPExtendATR"": 0.0, ""PprotTightenBars"": 0, ""PprotTightenSLATR"": 0.0, ""PprotTrailATR"": 0.75, ""PprotTrailPeakATR"": 0.0}",ml\pprot1\configs\pp_is_PP0113_20260831010847_e5e2f5.yaml,pp_is_PP0113_20260831010847_e5e2f5_deals.csv,2026-08-31T01:08:47+00:00,2026-08-31T01:13:17+00:00,269.952,
4dff5872fc704bff983a95708fafcd12,pp_is_PP0114_20260831011157_7452d4,PP0114,F03_trail_atr,G2,IS,BT1,OK,IS_NOISE_BAND,EFFECT_WITHIN_NOISE_BAND,"IS net=417882 (+0.00%), PF=2.2542 (+0.00%), DD=3.7942% (+0.0000pt), trades=301 (+0.00%)",0,417882.0,2.2542,3.7942,301,1.0,1.0,0.0,1.0,"{""PprotArmAfterBars"": 0, ""PprotArmBeforeBars"": 0, ""PprotArmHourEnd"": -1, ""PprotArmHourStart"": -1, ""PprotArmMaxATRRatio"": 0.0, ""PprotArmMinATRRatio"": 0.0, ""PprotArmPeakATR"": 1.5, ""PprotArmPeakR"": 0.0, ""PprotBELockATR"": -9.0, ""PprotBELockR"": -9.0, ""PprotFridayHour"": -1, ""PprotFridayMinATR"": 0.0, ""PprotGivebackATR"": 0.0, ""PprotGivebackFrac"": 0.0, ""PprotMode"": 3, ""PprotPartialLots"": 0.0, ""PprotSleeveMask"": 2, ""PprotTPExtendATR"": 0.0, ""PprotTightenBars"": 0, ""PprotTightenSLATR"": 0.0, ""PprotTrailATR"": 1.0, ""PprotTrailPeakATR"": 0.0}",ml\pprot1\configs\pp_is_PP0114_20260831011157_7452d4.yaml,pp_is_PP0114_20260831011157_7452d4_deals.csv,2026-08-31T01:11:57+00:00,2026-08-31T01:15:18+00:00,200.935,
8d8a74e37c4c40f2b3bfb4f92b7b10fc,pp_is_PP0115_20260831011201_728a40,PP0115,F03_trail_atr,G2,IS,PROD,OK,IS_NOISE_BAND,EFFECT_WITHIN_NOISE_BAND,"IS net=417882 (+0.00%), PF=2.2542 (+0.00%), DD=3.7942% (+0.0000pt), trades=301 (+0.00%)",0,417882.0,2.2542,3.7942,301,1.0,1.0,0.0,1.0,"{""PprotArmAfterBars"": 0, ""PprotArmBeforeBars"": 0, ""PprotArmHourEnd"": -1, ""PprotArmHourStart"": -1, ""PprotArmMaxATRRatio"": 0.0, ""PprotArmMinATRRatio"": 0.0, ""PprotArmPeakATR"": 1.5, ""PprotArmPeakR"": 0.0, ""PprotBELockATR"": -9.0, ""PprotBELockR"": -9.0, ""PprotFridayHour"": -1, ""PprotFridayMinATR"": 0.0, ""PprotGivebackATR"": 0.0, ""PprotGivebackFrac"": 0.0, ""PprotMode"": 3, ""PprotPartialLots"": 0.0, ""PprotSleeveMask"": 2, ""PprotTPExtendATR"": 0.0, ""PprotTightenBars"": 0, ""PprotTightenSLATR"": 0.0, ""PprotTrailATR"": 1.5, ""PprotTrailPeakATR"": 0.0}",ml\pprot1\configs\pp_is_PP0115_20260831011201_728a40.yaml,pp_is_PP0115_20260831011201_728a40_deals.csv,2026-08-31T01:12:01+00:00,2026-08-31T01:16:22+00:00,260.854,
a16c88fd4e8f4a23b341f6c20d1d256d,pp_is_PP0116_20260831011225_e5f3c3,PP0116,F03_trail_atr,G2,IS,BT2,OK,IS_NOISE_BAND,EFFECT_WITHIN_NOISE_BAND,"IS net=417882 (+0.00%), PF=2.2542 (+0.00%), DD=3.7942% (+0.0000pt), trades=301 (+0.00%)",0,417882.0,2.2542,3.7942,301,1.0,1.0,0.0,1.0,"{""PprotArmAfterBars"": 0, ""PprotArmBeforeBars"": 0, ""PprotArmHourEnd"": -1, ""PprotArmHourStart"": -1, ""PprotArmMaxATRRatio"": 0.0, ""PprotArmMinATRRatio"": 0.0, ""PprotArmPeakATR"": 1.5, ""PprotArmPeakR"": 0.0, ""PprotBELockATR"": -9.0, ""PprotBELockR"": -9.0, ""PprotFridayHour"": -1, ""PprotFridayMinATR"": 0.0, ""PprotGivebackATR"": 0.0, ""PprotGivebackFrac"": 0.0, ""PprotMode"": 3, ""PprotPartialLots"": 0.0, ""PprotSleeveMask"": 2, ""PprotTPExtendATR"": 0.0, ""PprotTightenBars"": 0, ""PprotTightenSLATR"": 0.0, ""PprotTrailATR"": 2.0, ""PprotTrailPeakATR"": 0.0}",ml\pprot1\configs\pp_is_PP0116_20260831011225_e5f3c3.yaml,pp_is_PP0116_20260831011225_e5f3c3_deals.csv,2026-08-31T01:12:25+00:00,2026-08-31T01:17:32+00:00,306.282,
9a979a52ad414e09aa909146c6695eed,pp_is_PP0117_20260831011308_cd44ba,PP0117,F03_trail_atr,G2,IS,BT4,OK,IS_NOISE_BAND,EFFECT_WITHIN_NOISE_BAND,"IS net=417882 (+0.00%), PF=2.2542 (+0.00%), DD=3.7942% (+0.0000pt), trades=301 (+0.00%)",0,417882.0,2.2542,3.7942,301,1.0,1.0,0.0,1.0,"{""PprotArmAfterBars"": 0, ""PprotArmBeforeBars"": 0, ""PprotArmHourEnd"": -1, ""PprotArmHourStart"": -1, ""PprotArmMaxATRRatio"": 0.0, ""PprotArmMinATRRatio"": 0.0, ""PprotArmPeakATR"": 1.5, ""PprotArmPeakR"": 0.0, ""PprotBELockATR"": -9.0, ""PprotBELockR"": -9.0, ""PprotFridayHour"": -1, ""PprotFridayMinATR"": 0.0, ""PprotGivebackATR"": 0.0, ""PprotGivebackFrac"": 0.0, ""PprotMode"": 3, ""PprotPartialLots"": 0.0, ""PprotSleeveMask"": 2, ""PprotTPExtendATR"": 0.0, ""PprotTightenBars"": 0, ""PprotTightenSLATR"": 0.0, ""PprotTrailATR"": 2.5, ""PprotTrailPeakATR"": 0.0}",ml\pprot1\configs\pp_is_PP0117_20260831011308_cd44ba.yaml,pp_is_PP0117_20260831011308_cd44ba_deals.csv,2026-08-31T01:13:08+00:00,2026-08-31T01:17:38+00:00,270.465,
ed8f6bad2c0e4bed94c9c28314757d2e,pp_is_PP0118_20260831011317_e153f2,PP0118,F03_trail_atr,G3,IS,BT3,OK,IS_REJECT,PROFIT_DAMAGED,"IS net=212980 (-49.03%), PF=1.7944 (-20.40%), DD=5.5993% (+1.8051pt), trades=323 (+7.31%)",0,212980.0,1.7944,5.5993,323,0.509665,0.796025,1.8051,1.07309,"{""PprotArmAfterBars"": 0, ""PprotArmBeforeBars"": 0, ""PprotArmHourEnd"": -1, ""PprotArmHourStart"": -1, ""PprotArmMaxATRRatio"": 0.0, ""PprotArmMinATRRatio"": 0.0, ""PprotArmPeakATR"": 0.5, ""PprotArmPeakR"": 0.0, ""PprotBELockATR"": -9.0, ""PprotBELockR"": -9.0, ""PprotFridayHour"": -1, ""PprotFridayMinATR"": 0.0, ""PprotGivebackATR"": 0.0, ""PprotGivebackFrac"": 0.0, ""PprotMode"": 3, ""PprotPartialLots"": 0.0, ""PprotSleeveMask"": 3, ""PprotTPExtendATR"": 0.0, ""PprotTightenBars"": 0, ""PprotTightenSLATR"": 0.0, ""PprotTrailATR"": 0.75, ""PprotTrailPeakATR"": 0.0}",ml\pprot1\configs\pp_is_PP0118_20260831011317_e153f2.yaml,pp_is_PP0118_20260831011317_e153f2_deals.csv,2026-08-31T01:13:17+00:00,2026-08-31T01:18:17+00:00,300.369,
00c0e7a29f304c50b01514e3aae9d4fb,pp_is_PP0119_20260831011518_cf0de7,PP0119,F03_trail_atr,G3,IS,BT1,OK,IS_REJECT,PROFIT_DAMAGED,"IS net=230512 (-44.84%), PF=1.8215 (-19.20%), DD=5.2799% (+1.4857pt), trades=320 (+6.31%)",0,230512.0,1.8215,5.2799,320,0.55162,0.808047,1.4857,1.063123,"{""PprotArmAfterBars"": 0, ""PprotArmBeforeBars"": 0, ""PprotArmHourEnd"": -1, ""PprotArmHourStart"": -1, ""PprotArmMaxATRRatio"": 0.0, ""PprotArmMinATRRatio"": 0.0, ""PprotArmPeakATR"": 0.5, ""PprotArmPeakR"": 0.0, ""PprotBELockATR"": -9.0, ""PprotBELockR"": -9.0, ""PprotFridayHour"": -1, ""PprotFridayMinATR"": 0.0, ""PprotGivebackATR"": 0.0, ""PprotGivebackFrac"": 0.0, ""PprotMode"": 3, ""PprotPartialLots"": 0.0, ""PprotSleeveMask"": 3, ""PprotTPExtendATR"": 0.0, ""PprotTightenBars"": 0, ""PprotTightenSLATR"": 0.0, ""PprotTrailATR"": 1.0, ""PprotTrailPeakATR"": 0.0}",ml\pprot1\configs\pp_is_PP0119_20260831011518_cf0de7.yaml,pp_is_PP0119_20260831011518_cf0de7_deals.csv,2026-08-31T01:15:18+00:00,2026-08-31T01:19:29+00:00,250.821,
3af7d889e5e94dddbcbc210304a3f098,pp_is_PP0120_20260831011622_91b91e,PP0120,F03_trail_atr,G3,IS,PROD,OK,IS_REJECT,PROFIT_DAMAGED,"IS net=286344 (-31.48%), PF=1.9770 (-12.30%), DD=4.1315% (+0.3373pt), trades=316 (+4.98%)",0,286344.0,1.977,4.1315,316,0.685227,0.87703,0.3373,1.049834,"{""PprotArmAfterBars"": 0, ""PprotArmBeforeBars"": 0, ""PprotArmHourEnd"": -1, ""PprotArmHourStart"": -1, ""PprotArmMaxATRRatio"": 0.0, ""PprotArmMinATRRatio"": 0.0, ""PprotArmPeakATR"": 0.5, ""PprotArmPeakR"": 0.0, ""PprotBELockATR"": -9.0, ""PprotBELockR"": -9.0, ""PprotFridayHour"": -1, ""PprotFridayMinATR"": 0.0, ""PprotGivebackATR"": 0.0, ""PprotGivebackFrac"": 0.0, ""PprotMode"": 3, ""PprotPartialLots"": 0.0, ""PprotSleeveMask"": 3, ""PprotTPExtendATR"": 0.0, ""PprotTightenBars"": 0, ""PprotTightenSLATR"": 0.0, ""PprotTrailATR"": 1.5, ""PprotTrailPeakATR"": 0.0}",ml\pprot1\configs\pp_is_PP0120_20260831011622_91b91e.yaml,pp_is_PP0120_20260831011622_91b91e_deals.csv,2026-08-31T01:16:22+00:00,2026-08-31T01:21:23+00:00,301.19,
f64c3858e56744b1bd651ba2187a4d24,pp_is_PP0121_20260831011732_ae6c54,PP0121,F03_trail_atr,G3,IS,BT2,OK,IS_REJECT,PROFIT_DAMAGED,"IS net=333934 (-20.09%), PF=2.0959 (-7.02%), DD=4.1849% (+0.3907pt), trades=312 (+3.65%)",0,333934.0,2.0959,4.1849,312,0.799111,0.929776,0.3907,1.036545,"{""PprotArmAfterBars"": 0, ""PprotArmBeforeBars"": 0, ""PprotArmHourEnd"": -1, ""PprotArmHourStart"": -1, ""PprotArmMaxATRRatio"": 0.0, ""PprotArmMinATRRatio"": 0.0, ""PprotArmPeakATR"": 0.5, ""PprotArmPeakR"": 0.0, ""PprotBELockATR"": -9.0, ""PprotBELockR"": -9.0, ""PprotFridayHour"": -1, ""PprotFridayMinATR"": 0.0, ""PprotGivebackATR"": 0.0, ""PprotGivebackFrac"": 0.0, ""PprotMode"": 3, ""PprotPartialLots"": 0.0, ""PprotSleeveMask"": 3, ""PprotTPExtendATR"": 0.0, ""PprotTightenBars"": 0, ""PprotTightenSLATR"": 0.0, ""PprotTrailATR"": 2.0, ""PprotTrailPeakATR"": 0.0}",ml\pprot1\configs\pp_is_PP0121_20260831011732_ae6c54.yaml,pp_is_PP0121_20260831011732_ae6c54_deals.csv,2026-08-31T01:17:32+00:00,2026-08-31T01:21:32+00:00,240.268,
28507a25231247c69966f940fedcf796,pp_is_PP0122_20260831011738_641d82,PP0122,F03_trail_atr,G3,IS,BT4,OK,IS_REJECT,PROFIT_DAMAGED,"IS net=343871 (-17.71%), PF=2.0468 (-9.20%), DD=4.6185% (+0.8243pt), trades=309 (+2.66%)",0,343871.0,2.0468,4.6185,309,0.82289,0.907994,0.8243,1.026578,"{""PprotArmAfterBars"": 0, ""PprotArmBeforeBars"": 0, ""PprotArmHourEnd"": -1, ""PprotArmHourStart"": -1, ""PprotArmMaxATRRatio"": 0.0, ""PprotArmMinATRRatio"": 0.0, ""PprotArmPeakATR"": 0.5, ""PprotArmPeakR"": 0.0, ""PprotBELockATR"": -9.0, ""PprotBELockR"": -9.0, ""PprotFridayHour"": -1, ""PprotFridayMinATR"": 0.0, ""PprotGivebackATR"": 0.0, ""PprotGivebackFrac"": 0.0, ""PprotMode"": 3, ""PprotPartialLots"": 0.0, ""PprotSleeveMask"": 3, ""PprotTPExtendATR"": 0.0, ""PprotTightenBars"": 0, ""PprotTightenSLATR"": 0.0, ""PprotTrailATR"": 2.5, ""PprotTrailPeakATR"": 0.0}",ml\pprot1\configs\pp_is_PP0122_20260831011738_641d82.yaml,pp_is_PP0122_20260831011738_641d82_deals.csv,2026-08-31T01:17:38+00:00,2026-08-31T01:22:54+00:00,315.836,
783da06d54694bca8acc21cf1bbbf6dc,pp_is_PP0123_20260831011817_4e19ee,PP0123,F03_trail_atr,G3,IS,BT3,OK,IS_REJECT,PROFIT_DAMAGED,"IS net=212454 (-49.16%), PF=1.6719 (-25.83%), DD=4.8743% (+1.0801pt), trades=320 (+6.31%)",0,212454.0,1.6719,4.8743,320,0.508407,0.741682,1.0801,1.063123,"{""PprotArmAfterBars"": 0, ""PprotArmBeforeBars"": 0, ""PprotArmHourEnd"": -1, ""PprotArmHourStart"": -1, ""PprotArmMaxATRRatio"": 0.0, ""PprotArmMinATRRatio"": 0.0, ""PprotArmPeakATR"": 1.0, ""PprotArmPeakR"": 0.0, ""PprotBELockATR"": -9.0, ""PprotBELockR"": -9.0, ""PprotFridayHour"": -1, ""PprotFridayMinATR"": 0.0, ""PprotGivebackATR"": 0.0, ""PprotGivebackFrac"": 0.0, ""PprotMode"": 3, ""PprotPartialLots"": 0.0, ""PprotSleeveMask"": 3, ""PprotTPExtendATR"": 0.0, ""PprotTightenBars"": 0, ""PprotTightenSLATR"": 0.0, ""PprotTrailATR"": 0.75, ""PprotTrailPeakATR"": 0.0}",ml\pprot1\configs\pp_is_PP0123_20260831011817_4e19ee.yaml,pp_is_PP0123_20260831011817_4e19ee_deals.csv,2026-08-31T01:18:17+00:00,2026-08-31T01:23:23+00:00,306.31,
07da62c8f02c49f4965a0db0a4f3281b,pp_is_PP0124_20260831011929_179b0a,PP0124,F03_trail_atr,G3,IS,BT1,OK,IS_REJECT,PROFIT_DAMAGED,"IS net=257025 (-38.49%), PF=1.8294 (-18.84%), DD=4.5090% (+0.7148pt), trades=317 (+5.32%)",0,257025.0,1.8294,4.509,317,0.615066,0.811552,0.7148,1.053156,"{""PprotArmAfterBars"": 0, ""PprotArmBeforeBars"": 0, ""PprotArmHourEnd"": -1, ""PprotArmHourStart"": -1, ""PprotArmMaxATRRatio"": 0.0, ""PprotArmMinATRRatio"": 0.0, ""PprotArmPeakATR"": 1.0, ""PprotArmPeakR"": 0.0, ""PprotBELockATR"": -9.0, ""PprotBELockR"": -9.0, ""PprotFridayHour"": -1, ""PprotFridayMinATR"": 0.0, ""PprotGivebackATR"": 0.0, ""PprotGivebackFrac"": 0.0, ""PprotMode"": 3, ""PprotPartialLots"": 0.0, ""PprotSleeveMask"": 3, ""PprotTPExtendATR"": 0.0, ""PprotTightenBars"": 0, ""PprotTightenSLATR"": 0.0, ""PprotTrailATR"": 1.0, ""PprotTrailPeakATR"": 0.0}",ml\pprot1\configs\pp_is_PP0124_20260831011929_179b0a.yaml,pp_is_PP0124_20260831011929_179b0a_deals.csv,2026-08-31T01:19:29+00:00,2026-08-31T01:23:40+00:00,251.53,
b70c225cfd46450fb753b0a64281e6bc,pp_is_PP0125_20260831012123_46080b,PP0125,F03_trail_atr,G3,IS,PROD,OK,IS_REJECT,PROFIT_DAMAGED,"IS net=314324 (-24.78%), PF=2.0055 (-11.03%), DD=4.3094% (+0.5152pt), trades=313 (+3.99%)",0,314324.0,2.0055,4.3094,313,0.752184,0.889673,0.5152,1.039867,"{""PprotArmAfterBars"": 0, ""PprotArmBeforeBars"": 0, ""PprotArmHourEnd"": -1, ""PprotArmHourStart"": -1, ""PprotArmMaxATRRatio"": 0.0, ""PprotArmMinATRRatio"": 0.0, ""PprotArmPeakATR"": 1.0, ""PprotArmPeakR"": 0.0, ""PprotBELockATR"": -9.0, ""PprotBELockR"": -9.0, ""PprotFridayHour"": -1, ""PprotFridayMinATR"": 0.0, ""PprotGivebackATR"": 0.0, ""PprotGivebackFrac"": 0.0, ""PprotMode"": 3, ""PprotPartialLots"": 0.0, ""PprotSleeveMask"": 3, ""PprotTPExtendATR"": 0.0, ""PprotTightenBars"": 0, ""PprotTightenSLATR"": 0.0, ""PprotTrailATR"": 1.5, ""PprotTrailPeakATR"": 0.0}",ml\pprot1\configs\pp_is_PP0125_20260831012123_46080b.yaml,pp_is_PP0125_20260831012123_46080b_deals.csv,2026-08-31T01:21:23+00:00,2026-08-31T01:25:10+00:00,226.454,
630327682d9a4195aa74fc82d976e1e0,pp_is_PP0126_20260831012132_4770c7,PP0126,F03_trail_atr,G3,IS,BT2,OK,IS_REJECT,PROFIT_DAMAGED,"IS net=315870 (-24.41%), PF=1.9810 (-12.12%), DD=4.3724% (+0.5782pt), trades=311 (+3.32%)",0,315870.0,1.981,4.3724,311,0.755883,0.878804,0.5782,1.033223,"{""PprotArmAfterBars"": 0, ""PprotArmBeforeBars"": 0, ""PprotArmHourEnd"": -1, ""PprotArmHourStart"": -1, ""PprotArmMaxATRRatio"": 0.0, ""PprotArmMinATRRatio"": 0.0, ""PprotArmPeakATR"": 1.0, ""PprotArmPeakR"": 0.0, ""PprotBELockATR"": -9.0, ""PprotBELockR"": -9.0, ""PprotFridayHour"": -1, ""PprotFridayMinATR"": 0.0, ""PprotGivebackATR"": 0.0, ""PprotGivebackFrac"": 0.0, ""PprotMode"": 3, ""PprotPartialLots"": 0.0, ""PprotSleeveMask"": 3, ""PprotTPExtendATR"": 0.0, ""PprotTightenBars"": 0, ""PprotTightenSLATR"": 0.0, ""PprotTrailATR"": 2.0, ""PprotTrailPeakATR"": 0.0}",ml\pprot1\configs\pp_is_PP0126_20260831012132_4770c7.yaml,pp_is_PP0126_20260831012132_4770c7_deals.csv,2026-08-31T01:21:32+00:00,2026-08-31T01:26:37+00:00,305.167,
319677da458b4bcb80f26728fba7230f,pp_is_PP0127_20260831012254_4ef50f,PP0127,F03_trail_atr,G3,IS,BT4,OK,IS_REJECT,PROFIT_DAMAGED,"IS net=338464 (-19.00%), PF=2.0137 (-10.67%), DD=4.6227% (+0.8285pt), trades=309 (+2.66%)",0,338464.0,2.0137,4.6227,309,0.809951,0.89331,0.8285,1.026578,"{""PprotArmAfterBars"": 0, ""PprotArmBeforeBars"": 0, ""PprotArmHourEnd"": -1, ""PprotArmHourStart"": -1, ""PprotArmMaxATRRatio"": 0.0, ""PprotArmMinATRRatio"": 0.0, ""PprotArmPeakATR"": 1.0, ""PprotArmPeakR"": 0.0, ""PprotBELockATR"": -9.0, ""PprotBELockR"": -9.0, ""PprotFridayHour"": -1, ""PprotFridayMinATR"": 0.0, ""PprotGivebackATR"": 0.0, ""PprotGivebackFrac"": 0.0, ""PprotMode"": 3, ""PprotPartialLots"": 0.0, ""PprotSleeveMask"": 3, ""PprotTPExtendATR"": 0.0, ""PprotTightenBars"": 0, ""PprotTightenSLATR"": 0.0, ""PprotTrailATR"": 2.5, ""PprotTrailPeakATR"": 0.0}",ml\pprot1\configs\pp_is_PP0127_20260831012254_4ef50f.yaml,pp_is_PP0127_20260831012254_4ef50f_deals.csv,2026-08-31T01:22:54+00:00,2026-08-31T01:27:40+00:00,285.749,
163b16b47f8741a098e71b915ea0db39,pp_is_PP0128_20260831012323_f54e6c,PP0128,F03_trail_atr,G3,IS,BT3,OK,IS_REJECT,PROFIT_DAMAGED,"IS net=275081 (-34.17%), PF=1.8651 (-17.26%), DD=4.6473% (+0.8531pt), trades=316 (+4.98%)",0,275081.0,1.8651,4.6473,316,0.658274,0.827389,0.8531,1.049834,"{""PprotArmAfterBars"": 0, ""PprotArmBeforeBars"": 0, ""PprotArmHourEnd"": -1, ""PprotArmHourStart"": -1, ""PprotArmMaxATRRatio"": 0.0, ""PprotArmMinATRRatio"": 0.0, ""PprotArmPeakATR"": 1.5, ""PprotArmPeakR"": 0.0, ""PprotBELockATR"": -9.0, ""PprotBELockR"": -9.0, ""PprotFridayHour"": -1, ""PprotFridayMinATR"": 0.0, ""PprotGivebackATR"": 0.0, ""PprotGivebackFrac"": 0.0, ""PprotMode"": 3, ""PprotPartialLots"": 0.0, ""PprotSleeveMask"": 3, ""PprotTPExtendATR"": 0.0, ""PprotTightenBars"": 0, ""PprotTightenSLATR"": 0.0, ""PprotTrailATR"": 0.75, ""PprotTrailPeakATR"": 0.0}",ml\pprot1\configs\pp_is_PP0128_20260831012323_f54e6c.yaml,pp_is_PP0128_20260831012323_f54e6c_deals.csv,2026-08-31T01:23:23+00:00,2026-08-31T01:28:29+00:00,305.577,
1fa53d19bb954219aa29079cbb8e56ef,pp_is_PP0129_20260831012340_101b2c,PP0129,F03_trail_atr,G3,IS,BT1,OK,IS_REJECT,PROFIT_DAMAGED,"IS net=313370 (-25.01%), PF=1.9986 (-11.34%), DD=4.3817% (+0.5875pt), trades=315 (+4.65%)",0,313370.0,1.9986,4.3817,315,0.749901,0.886612,0.5875,1.046512,"{""PprotArmAfterBars"": 0, ""PprotArmBeforeBars"": 0, ""PprotArmHourEnd"": -1, ""PprotArmHourStart"": -1, ""PprotArmMaxATRRatio"": 0.0, ""PprotArmMinATRRatio"": 0.0, ""PprotArmPeakATR"": 1.5, ""PprotArmPeakR"": 0.0, ""PprotBELockATR"": -9.0, ""PprotBELockR"": -9.0, ""PprotFridayHour"": -1, ""PprotFridayMinATR"": 0.0, ""PprotGivebackATR"": 0.0, ""PprotGivebackFrac"": 0.0, ""PprotMode"": 3, ""PprotPartialLots"": 0.0, ""PprotSleeveMask"": 3, ""PprotTPExtendATR"": 0.0, ""PprotTightenBars"": 0, ""PprotTightenSLATR"": 0.0, ""PprotTrailATR"": 1.0, ""PprotTrailPeakATR"": 0.0}",ml\pprot1\configs\pp_is_PP0129_20260831012340_101b2c.yaml,pp_is_PP0129_20260831012340_101b2c_deals.csv,2026-08-31T01:23:40+00:00,2026-08-31T01:28:51+00:00,310.18,
ae98980bd5ac4805bf955201566e8dd4,pp_is_PP0130_20260831012510_4d5c4b,PP0130,F03_trail_atr,G3,IS,PROD,OK,IS_REJECT,PROFIT_DAMAGED,"IS net=349611 (-16.34%), PF=2.1321 (-5.42%), DD=4.1603% (+0.3661pt), trades=310 (+2.99%)",0,349611.0,2.1321,4.1603,310,0.836626,0.945834,0.3661,1.0299,"{""PprotArmAfterBars"": 0, ""PprotArmBeforeBars"": 0, ""PprotArmHourEnd"": -1, ""PprotArmHourStart"": -1, ""PprotArmMaxATRRatio"": 0.0, ""PprotArmMinATRRatio"": 0.0, ""PprotArmPeakATR"": 1.5, ""PprotArmPeakR"": 0.0, ""PprotBELockATR"": -9.0, ""PprotBELockR"": -9.0, ""PprotFridayHour"": -1, ""PprotFridayMinATR"": 0.0, ""PprotGivebackATR"": 0.0, ""PprotGivebackFrac"": 0.0, ""PprotMode"": 3, ""PprotPartialLots"": 0.0, ""PprotSleeveMask"": 3, ""PprotTPExtendATR"": 0.0, ""PprotTightenBars"": 0, ""PprotTightenSLATR"": 0.0, ""PprotTrailATR"": 1.5, ""PprotTrailPeakATR"": 0.0}",ml\pprot1\configs\pp_is_PP0130_20260831012510_4d5c4b.yaml,pp_is_PP0130_20260831012510_4d5c4b_deals.csv,2026-08-31T01:25:10+00:00,2026-08-31T01:29:21+00:00,250.903,
489f0b3f12f64e1e88c78eed9802c831,pp_is_PP0131_20260831012637_ab49b5,PP0131,F03_trail_atr,G3,IS,BT2,OK,IS_REJECT,PROFIT_DAMAGED,"IS net=344448 (-17.57%), PF=2.1042 (-6.65%), DD=4.2561% (+0.4619pt), trades=308 (+2.33%)",0,344448.0,2.1042,4.2561,308,0.824271,0.933458,0.4619,1.023256,"{""PprotArmAfterBars"": 0, ""PprotArmBeforeBars"": 0, ""PprotArmHourEnd"": -1, ""PprotArmHourStart"": -1, ""PprotArmMaxATRRatio"": 0.0, ""PprotArmMinATRRatio"": 0.0, ""PprotArmPeakATR"": 1.5, ""PprotArmPeakR"": 0.0, ""PprotBELockATR"": -9.0, ""PprotBELockR"": -9.0, ""PprotFridayHour"": -1, ""PprotFridayMinATR"": 0.0, ""PprotGivebackATR"": 0.0, ""PprotGivebackFrac"": 0.0, ""PprotMode"": 3, ""PprotPartialLots"": 0.0, ""PprotSleeveMask"": 3, ""PprotTPExtendATR"": 0.0, ""PprotTightenBars"": 0, ""PprotTightenSLATR"": 0.0, ""PprotTrailATR"": 2.0, ""PprotTrailPeakATR"": 0.0}",ml\pprot1\configs\pp_is_PP0131_20260831012637_ab49b5.yaml,pp_is_PP0131_20260831012637_ab49b5_deals.csv,2026-08-31T01:26:37+00:00,2026-08-31T01:30:42+00:00,245.168,
e9837c2767ba43e583f7027181013ee0,pp_is_PP0132_20260831012740_3e4a18,PP0132,F03_trail_atr,G3,IS,BT4,OK,IS_REJECT,PROFIT_DAMAGED,"IS net=353368 (-15.44%), PF=2.1053 (-6.61%), DD=4.1872% (+0.3930pt), trades=306 (+1.66%)",0,353368.0,2.1053,4.1872,306,0.845617,0.933946,0.393,1.016611,"{""PprotArmAfterBars"": 0, ""PprotArmBeforeBars"": 0, ""PprotArmHourEnd"": -1, ""PprotArmHourStart"": -1, ""PprotArmMaxATRRatio"": 0.0, ""PprotArmMinATRRatio"": 0.0, ""PprotArmPeakATR"": 1.5, ""PprotArmPeakR"": 0.0, ""PprotBELockATR"": -9.0, ""PprotBELockR"": -9.0, ""PprotFridayHour"": -1, ""PprotFridayMinATR"": 0.0, ""PprotGivebackATR"": 0.0, ""PprotGivebackFrac"": 0.0, ""PprotMode"": 3, ""PprotPartialLots"": 0.0, ""PprotSleeveMask"": 3, ""PprotTPExtendATR"": 0.0, ""PprotTightenBars"": 0, ""PprotTightenSLATR"": 0.0, ""PprotTrailATR"": 2.5, ""PprotTrailPeakATR"": 0.0}",ml\pprot1\configs\pp_is_PP0132_20260831012740_3e4a18.yaml,pp_is_PP0132_20260831012740_3e4a18_deals.csv,2026-08-31T01:27:40+00:00,2026-08-31T01:32:15+00:00,275.41,
45a0b5f602234367beddb405138d9da9,pp_is_PP0133_20260831012829_bdfd13,PP0133,F04_trail_peak,G1,IS,BT3,OK,IS_REJECT,PROFIT_DAMAGED,"IS net=241627 (-42.18%), PF=1.9292 (-14.42%), DD=4.7090% (+0.9148pt), trades=323 (+7.31%)",0,241627.0,1.9292,4.709,323,0.578218,0.855825,0.9148,1.07309,"{""PprotArmAfterBars"": 0, ""PprotArmBeforeBars"": 0, ""PprotArmHourEnd"": -1, ""PprotArmHourStart"": -1, ""PprotArmMaxATRRatio"": 0.0, ""PprotArmMinATRRatio"": 0.0, ""PprotArmPeakATR"": 0.5, ""PprotArmPeakR"": 0.0, ""PprotBELockATR"": -9.0, ""PprotBELockR"": -9.0, ""PprotFridayHour"": -1, ""PprotFridayMinATR"": 0.0, ""PprotGivebackATR"": 0.0, ""PprotGivebackFrac"": 0.0, ""PprotMode"": 4, ""PprotPartialLots"": 0.0, ""PprotSleeveMask"": 1, ""PprotTPExtendATR"": 0.0, ""PprotTightenBars"": 0, ""PprotTightenSLATR"": 0.0, ""PprotTrailATR"": 0.0, ""PprotTrailPeakATR"": 0.5}",ml\pprot1\configs\pp_is_PP0133_20260831012829_bdfd13.yaml,pp_is_PP0133_20260831012829_bdfd13_deals.csv,2026-08-31T01:28:29+00:00,2026-08-31T01:33:09+00:00,280.262,
9ebe56279b614be9b0f24fc5e398706b,pp_is_PP0134_20260831012851_061150,PP0134,F04_trail_peak,G1,IS,BT1,OK,IS_REJECT,PROFIT_DAMAGED,"IS net=242739 (-41.91%), PF=1.9059 (-15.45%), DD=5.0635% (+1.2693pt), trades=323 (+7.31%)",0,242739.0,1.9059,5.0635,323,0.580879,0.845488,1.2693,1.07309,"{""PprotArmAfterBars"": 0, ""PprotArmBeforeBars"": 0, ""PprotArmHourEnd"": -1, ""PprotArmHourStart"": -1, ""PprotArmMaxATRRatio"": 0.0, ""PprotArmMinATRRatio"": 0.0, ""PprotArmPeakATR"": 0.5, ""PprotArmPeakR"": 0.0, ""PprotBELockATR"": -9.0, ""PprotBELockR"": -9.0, ""PprotFridayHour"": -1, ""PprotFridayMinATR"": 0.0, ""PprotGivebackATR"": 0.0, ""PprotGivebackFrac"": 0.0, ""PprotMode"": 4, ""PprotPartialLots"": 0.0, ""PprotSleeveMask"": 1, ""PprotTPExtendATR"": 0.0, ""PprotTightenBars"": 0, ""PprotTightenSLATR"": 0.0, ""PprotTrailATR"": 0.0, ""PprotTrailPeakATR"": 0.75}",ml\pprot1\configs\pp_is_PP0134_20260831012851_061150.yaml,pp_is_PP0134_20260831012851_061150_deals.csv,2026-08-31T01:28:51+00:00,2026-08-31T01:33:46+00:00,295.127,
3d5e78453bba4f189baf6e28508f10b8,pp_is_PP0135_20260831012921_7fa516,PP0135,F04_trail_peak,G1,IS,PROD,OK,IS_REJECT,PROFIT_DAMAGED,"IS net=264708 (-36.65%), PF=1.9527 (-13.38%), DD=5.2459% (+1.4517pt), trades=320 (+6.31%)",0,264708.0,1.9527,5.2459,320,0.633452,0.86625,1.4517,1.063123,"{""PprotArmAfterBars"": 0, ""PprotArmBeforeBars"": 0, ""PprotArmHourEnd"": -1, ""PprotArmHourStart"": -1, ""PprotArmMaxATRRatio"": 0.0, ""PprotArmMinATRRatio"": 0.0, ""PprotArmPeakATR"": 0.5, ""PprotArmPeakR"": 0.0, ""PprotBELockATR"": -9.0, ""PprotBELockR"": -9.0, ""PprotFridayHour"": -1, ""PprotFridayMinATR"": 0.0, ""PprotGivebackATR"": 0.0, ""PprotGivebackFrac"": 0.0, ""PprotMode"": 4, ""PprotPartialLots"": 0.0, ""PprotSleeveMask"": 1, ""PprotTPExtendATR"": 0.0, ""PprotTightenBars"": 0, ""PprotTightenSLATR"": 0.0, ""PprotTrailATR"": 0.0, ""PprotTrailPeakATR"": 1.0}",ml\pprot1\configs\pp_is_PP0135_20260831012921_7fa516.yaml,pp_is_PP0135_20260831012921_7fa516_deals.csv,2026-08-31T01:29:21+00:00,2026-08-31T01:34:22+00:00,300.88,
23cb84caa41d49e7862f189d5fd551f9,pp_is_PP0136_20260831013042_14d856,PP0136,F04_trail_peak,G1,IS,BT2,OK,IS_REJECT,PROFIT_DAMAGED,"IS net=285862 (-31.59%), PF=1.9765 (-12.32%), DD=4.0403% (+0.2461pt), trades=316 (+4.98%)",0,285862.0,1.9765,4.0403,316,0.684073,0.876808,0.2461,1.049834,"{""PprotArmAfterBars"": 0, ""PprotArmBeforeBars"": 0, ""PprotArmHourEnd"": -1, ""PprotArmHourStart"": -1, ""PprotArmMaxATRRatio"": 0.0, ""PprotArmMinATRRatio"": 0.0, ""PprotArmPeakATR"": 0.5, ""PprotArmPeakR"": 0.0, ""PprotBELockATR"": -9.0, ""PprotBELockR"": -9.0, ""PprotFridayHour"": -1, ""PprotFridayMinATR"": 0.0, ""PprotGivebackATR"": 0.0, ""PprotGivebackFrac"": 0.0, ""PprotMode"": 4, ""PprotPartialLots"": 0.0, ""PprotSleeveMask"": 1, ""PprotTPExtendATR"": 0.0, ""PprotTightenBars"": 0, ""PprotTightenSLATR"": 0.0, ""PprotTrailATR"": 0.0, ""PprotTrailPeakATR"": 1.5}",ml\pprot1\configs\pp_is_PP0136_20260831013042_14d856.yaml,pp_is_PP0136_20260831013042_14d856_deals.csv,2026-08-31T01:30:42+00:00,2026-08-31T01:35:33+00:00,290.591,
a638efb8a64b44d0a3ce452703ab82a7,pp_is_PP0137_20260831013215_2092a2,PP0137,F04_trail_peak,G1,IS,BT4,OK,IS_REJECT,PROFIT_DAMAGED,"IS net=244362 (-41.52%), PF=1.7922 (-20.50%), DD=4.8511% (+1.0569pt), trades=319 (+5.98%)",0,244362.0,1.7922,4.8511,319,0.584763,0.795049,1.0569,1.059801,"{""PprotArmAfterBars"": 0, ""PprotArmBeforeBars"": 0, ""PprotArmHourEnd"": -1, ""PprotArmHourStart"": -1, ""PprotArmMaxATRRatio"": 0.0, ""PprotArmMinATRRatio"": 0.0, ""PprotArmPeakATR"": 1.0, ""PprotArmPeakR"": 0.0, ""PprotBELockATR"": -9.0, ""PprotBELockR"": -9.0, ""PprotFridayHour"": -1, ""PprotFridayMinATR"": 0.0, ""PprotGivebackATR"": 0.0, ""PprotGivebackFrac"": 0.0, ""PprotMode"": 4, ""PprotPartialLots"": 0.0, ""PprotSleeveMask"": 1, ""PprotTPExtendATR"": 0.0, ""PprotTightenBars"": 0, ""PprotTightenSLATR"": 0.0, ""PprotTrailATR"": 0.0, ""PprotTrailPeakATR"": 0.5}",ml\pprot1\configs\pp_is_PP0137_20260831013215_2092a2.yaml,pp_is_PP0137_20260831013215_2092a2_deals.csv,2026-08-31T01:32:15+00:00,2026-08-31T01:36:16+00:00,240.423,
d7590d035ffd472a9b1e651a842cc330,pp_is_PP0138_20260831013309_919e96,PP0138,F04_trail_peak,G1,IS,BT3,OK,IS_REJECT,PROFIT_DAMAGED,"IS net=234449 (-43.90%), PF=1.7452 (-22.58%), DD=4.9039% (+1.1097pt), trades=320 (+6.31%)",0,234449.0,1.7452,4.9039,320,0.561041,0.774199,1.1097,1.063123,"{""PprotArmAfterBars"": 0, ""PprotArmBeforeBars"": 0, ""PprotArmHourEnd"": -1, ""PprotArmHourStart"": -1, ""PprotArmMaxATRRatio"": 0.0, ""PprotArmMinATRRatio"": 0.0, ""PprotArmPeakATR"": 1.0, ""PprotArmPeakR"": 0.0, ""PprotBELockATR"": -9.0, ""PprotBELockR"": -9.0, ""PprotFridayHour"": -1, ""PprotFridayMinATR"": 0.0, ""PprotGivebackATR"": 0.0, ""PprotGivebackFrac"": 0.0, ""PprotMode"": 4, ""PprotPartialLots"": 0.0, ""PprotSleeveMask"": 1, ""PprotTPExtendATR"": 0.0, ""PprotTightenBars"": 0, ""PprotTightenSLATR"": 0.0, ""PprotTrailATR"": 0.0, ""PprotTrailPeakATR"": 0.75}",ml\pprot1\configs\pp_is_PP0138_20260831013309_919e96.yaml,pp_is_PP0138_20260831013309_919e96_deals.csv,2026-08-31T01:33:09+00:00,2026-08-31T01:37:35+00:00,265.804,
bdb7732a5f2044a68c3add4d00952e47,pp_is_PP0139_20260831013346_1f492f,PP0139,F04_trail_peak,G1,IS,BT1,OK,IS_REJECT,PROFIT_DAMAGED,"IS net=260809 (-37.59%), PF=1.8477 (-18.03%), DD=4.6910% (+0.8968pt), trades=317 (+5.32%)",0,260809.0,1.8477,4.691,317,0.624121,0.81967,0.8968,1.053156,"{""PprotArmAfterBars"": 0, ""PprotArmBeforeBars"": 0, ""PprotArmHourEnd"": -1, ""PprotArmHourStart"": -1, ""PprotArmMaxATRRatio"": 0.0, ""PprotArmMinATRRatio"": 0.0, ""PprotArmPeakATR"": 1.0, ""PprotArmPeakR"": 0.0, ""PprotBELockATR"": -9.0, ""PprotBELockR"": -9.0, ""PprotFridayHour"": -1, ""PprotFridayMinATR"": 0.0, ""PprotGivebackATR"": 0.0, ""PprotGivebackFrac"": 0.0, ""PprotMode"": 4, ""PprotPartialLots"": 0.0, ""PprotSleeveMask"": 1, ""PprotTPExtendATR"": 0.0, ""PprotTightenBars"": 0, ""PprotTightenSLATR"": 0.0, ""PprotTrailATR"": 0.0, ""PprotTrailPeakATR"": 1.0}",ml\pprot1\configs\pp_is_PP0139_20260831013346_1f492f.yaml,pp_is_PP0139_20260831013346_1f492f_deals.csv,2026-08-31T01:33:46+00:00,2026-08-31T01:38:41+00:00,295.516,
80b4e90a2b7f496eab0d9b8ddabcf4e8,pp_is_PP0140_20260831013422_d0459d,PP0140,F04_trail_peak,G1,IS,PROD,OK,IS_REJECT,PROFIT_DAMAGED,"IS net=317542 (-24.01%), PF=2.0250 (-10.17%), DD=4.2906% (+0.4964pt), trades=313 (+3.99%)",0,317542.0,2.025,4.2906,313,0.759884,0.898323,0.4964,1.039867,"{""PprotArmAfterBars"": 0, ""PprotArmBeforeBars"": 0, ""PprotArmHourEnd"": -1, ""PprotArmHourStart"": -1, ""PprotArmMaxATRRatio"": 0.0, ""PprotArmMinATRRatio"": 0.0, ""PprotArmPeakATR"": 1.0, ""PprotArmPeakR"": 0.0, ""PprotBELockATR"": -9.0, ""PprotBELockR"": -9.0, ""PprotFridayHour"": -1, ""PprotFridayMinATR"": 0.0, ""PprotGivebackATR"": 0.0, ""PprotGivebackFrac"": 0.0, ""PprotMode"": 4, ""PprotPartialLots"": 0.0, ""PprotSleeveMask"": 1, ""PprotTPExtendATR"": 0.0, ""PprotTightenBars"": 0, ""PprotTightenSLATR"": 0.0, ""PprotTrailATR"": 0.0, ""PprotTrailPeakATR"": 1.5}",ml\pprot1\configs\pp_is_PP0140_20260831013422_d0459d.yaml,pp_is_PP0140_20260831013422_d0459d_deals.csv,2026-08-31T01:34:22+00:00,2026-08-31T01:39:32+00:00,310.829,
ca31ed4f24394164b3122d6f2c83a90b,pp_is_PP0141_20260831013533_d65230,PP0141,F04_trail_peak,G1,IS,BT2,OK,IS_REJECT,PROFIT_DAMAGED,"IS net=285686 (-31.63%), PF=1.9167 (-14.97%), DD=4.5953% (+0.8011pt), trades=316 (+4.98%)",0,285686.0,1.9167,4.5953,316,0.683652,0.850279,0.8011,1.049834,"{""PprotArmAfterBars"": 0, ""PprotArmBeforeBars"": 0, ""PprotArmHourEnd"": -1, ""PprotArmHourStart"": -1, ""PprotArmMaxATRRatio"": 0.0, ""PprotArmMinATRRatio"": 0.0, ""PprotArmPeakATR"": 1.5, ""PprotArmPeakR"": 0.0, ""PprotBELockATR"": -9.0, ""PprotBELockR"": -9.0, ""PprotFridayHour"": -1, ""PprotFridayMinATR"": 0.0, ""PprotGivebackATR"": 0.0, ""PprotGivebackFrac"": 0.0, ""PprotMode"": 4, ""PprotPartialLots"": 0.0, ""PprotSleeveMask"": 1, ""PprotTPExtendATR"": 0.0, ""PprotTightenBars"": 0, ""PprotTightenSLATR"": 0.0, ""PprotTrailATR"": 0.0, ""PprotTrailPeakATR"": 0.5}",ml\pprot1\configs\pp_is_PP0141_20260831013533_d65230.yaml,pp_is_PP0141_20260831013533_d65230_deals.csv,2026-08-31T01:35:33+00:00,2026-08-31T01:39:58+00:00,265.341,
6fd8166431e44f6390f29f123da4cae6,pp_is_PP0142_20260831013616_f6c10b,PP0142,F04_trail_peak,G1,IS,BT4,OK,IS_REJECT,PROFIT_DAMAGED,"IS net=274427 (-34.33%), PF=1.8635 (-17.33%), DD=4.6518% (+0.8576pt), trades=316 (+4.98%)",0,274427.0,1.8635,4.6518,316,0.656709,0.826679,0.8576,1.049834,"{""PprotArmAfterBars"": 0, ""PprotArmBeforeBars"": 0, ""PprotArmHourEnd"": -1, ""PprotArmHourStart"": -1, ""PprotArmMaxATRRatio"": 0.0, ""PprotArmMinATRRatio"": 0.0, ""PprotArmPeakATR"": 1.5, ""PprotArmPeakR"": 0.0, ""PprotBELockATR"": -9.0, ""PprotBELockR"": -9.0, ""PprotFridayHour"": -1, ""PprotFridayMinATR"": 0.0, ""PprotGivebackATR"": 0.0, ""PprotGivebackFrac"": 0.0, ""PprotMode"": 4, ""PprotPartialLots"": 0.0, ""PprotSleeveMask"": 1, ""PprotTPExtendATR"": 0.0, ""PprotTightenBars"": 0, ""PprotTightenSLATR"": 0.0, ""PprotTrailATR"": 0.0, ""PprotTrailPeakATR"": 0.75}",ml\pprot1\configs\pp_is_PP0142_20260831013616_f6c10b.yaml,pp_is_PP0142_20260831013616_f6c10b_deals.csv,2026-08-31T01:36:16+00:00,2026-08-31T01:40:26+00:00,250.254,
3e59a8927eb64f69b0ff964ff99a0cdf,pp_is_PP0143_20260831013735_b92c29,PP0143,F04_trail_peak,G1,IS,BT3,OK,IS_REJECT,PROFIT_DAMAGED,"IS net=314301 (-24.79%), PF=2.0038 (-11.11%), DD=4.3761% (+0.5819pt), trades=315 (+4.65%)",0,314301.0,2.0038,4.3761,315,0.752129,0.888918,0.5819,1.046512,"{""PprotArmAfterBars"": 0, ""PprotArmBeforeBars"": 0, ""PprotArmHourEnd"": -1, ""PprotArmHourStart"": -1, ""PprotArmMaxATRRatio"": 0.0, ""PprotArmMinATRRatio"": 0.0, ""PprotArmPeakATR"": 1.5, ""PprotArmPeakR"": 0.0, ""PprotBELockATR"": -9.0, ""PprotBELockR"": -9.0, ""PprotFridayHour"": -1, ""PprotFridayMinATR"": 0.0, ""PprotGivebackATR"": 0.0, ""PprotGivebackFrac"": 0.0, ""PprotMode"": 4, ""PprotPartialLots"": 0.0, ""PprotSleeveMask"": 1, ""PprotTPExtendATR"": 0.0, ""PprotTightenBars"": 0, ""PprotTightenSLATR"": 0.0, ""PprotTrailATR"": 0.0, ""PprotTrailPeakATR"": 1.0}",ml\pprot1\configs\pp_is_PP0143_20260831013735_b92c29.yaml,pp_is_PP0143_20260831013735_b92c29_deals.csv,2026-08-31T01:37:35+00:00,2026-08-31T01:41:56+00:00,260.795,
b13828b9dacf4ce38dc51d1b4de1bf3f,pp_is_PP0144_20260831013841_2e3ea9,PP0144,F04_trail_peak,G1,IS,BT1,OK,IS_REJECT,PROFIT_DAMAGED,"IS net=352270 (-15.70%), PF=2.1459 (-4.80%), DD=4.1494% (+0.3552pt), trades=310 (+2.99%)",0,352270.0,2.1459,4.1494,310,0.842989,0.951956,0.3552,1.0299,"{""PprotArmAfterBars"": 0, ""PprotArmBeforeBars"": 0, ""PprotArmHourEnd"": -1, ""PprotArmHourStart"": -1, ""PprotArmMaxATRRatio"": 0.0, ""PprotArmMinATRRatio"": 0.0, ""PprotArmPeakATR"": 1.5, ""PprotArmPeakR"": 0.0, ""PprotBELockATR"": -9.0, ""PprotBELockR"": -9.0, ""PprotFridayHour"": -1, ""PprotFridayMinATR"": 0.0, ""PprotGivebackATR"": 0.0, ""PprotGivebackFrac"": 0.0, ""PprotMode"": 4, ""PprotPartialLots"": 0.0, ""PprotSleeveMask"": 1, ""PprotTPExtendATR"": 0.0, ""PprotTightenBars"": 0, ""PprotTightenSLATR"": 0.0, ""PprotTrailATR"": 0.0, ""PprotTrailPeakATR"": 1.5}",ml\pprot1\configs\pp_is_PP0144_20260831013841_2e3ea9.yaml,pp_is_PP0144_20260831013841_2e3ea9_deals.csv,2026-08-31T01:38:41+00:00,2026-08-31T01:43:17+00:00,275.44,
c0a619d7d43a4936a3c47776c83cffe6,pp_is_PP0145_20260831013932_2af009,PP0145,F04_trail_peak,G2,IS,PROD,OK,IS_REJECT,PROFIT_DAMAGED,"IS net=385971 (-7.64%), PF=2.1773 (-3.41%), DD=3.8468% (+0.0526pt), trades=301 (+0.00%)",0,385971.0,2.1773,3.8468,301,0.923636,0.965886,0.0526,1.0,"{""PprotArmAfterBars"": 0, ""PprotArmBeforeBars"": 0, ""PprotArmHourEnd"": -1, ""PprotArmHourStart"": -1, ""PprotArmMaxATRRatio"": 0.0, ""PprotArmMinATRRatio"": 0.0, ""PprotArmPeakATR"": 0.5, ""PprotArmPeakR"": 0.0, ""PprotBELockATR"": -9.0, ""PprotBELockR"": -9.0, ""PprotFridayHour"": -1, ""PprotFridayMinATR"": 0.0, ""PprotGivebackATR"": 0.0, ""PprotGivebackFrac"": 0.0, ""PprotMode"": 4, ""PprotPartialLots"": 0.0, ""PprotSleeveMask"": 2, ""PprotTPExtendATR"": 0.0, ""PprotTightenBars"": 0, ""PprotTightenSLATR"": 0.0, ""PprotTrailATR"": 0.0, ""PprotTrailPeakATR"": 0.5}",ml\pprot1\configs\pp_is_PP0145_20260831013932_2af009.yaml,pp_is_PP0145_20260831013932_2af009_deals.csv,2026-08-31T01:39:32+00:00,2026-08-31T01:44:48+00:00,315.939,
8165c9b20ccc48ab82cf93fbfb389ff6,pp_is_PP0146_20260831013958_b4626e,PP0146,F04_trail_peak,G2,IS,BT2,OK,IS_REJECT,PROFIT_DAMAGED,"IS net=388888 (-6.94%), PF=2.1682 (-3.82%), DD=3.8098% (+0.0156pt), trades=301 (+0.00%)",0,388888.0,2.1682,3.8098,301,0.930617,0.961849,0.0156,1.0,"{""PprotArmAfterBars"": 0, ""PprotArmBeforeBars"": 0, ""PprotArmHourEnd"": -1, ""PprotArmHourStart"": -1, ""PprotArmMaxATRRatio"": 0.0, ""PprotArmMinATRRatio"": 0.0, ""PprotArmPeakATR"": 0.5, ""PprotArmPeakR"": 0.0, ""PprotBELockATR"": -9.0, ""PprotBELockR"": -9.0, ""PprotFridayHour"": -1, ""PprotFridayMinATR"": 0.0, ""PprotGivebackATR"": 0.0, ""PprotGivebackFrac"": 0.0, ""PprotMode"": 4, ""PprotPartialLots"": 0.0, ""PprotSleeveMask"": 2, ""PprotTPExtendATR"": 0.0, ""PprotTightenBars"": 0, ""PprotTightenSLATR"": 0.0, ""PprotTrailATR"": 0.0, ""PprotTrailPeakATR"": 0.75}",ml\pprot1\configs\pp_is_PP0146_20260831013958_b4626e.yaml,pp_is_PP0146_20260831013958_b4626e_deals.csv,2026-08-31T01:39:58+00:00,2026-08-31T01:45:09+00:00,310.54,
596375cc63754c8e84d1b743373f0261,pp_is_PP0147_20260831014026_66a94e,PP0147,F04_trail_peak,G2,IS,BT4,OK,IS_REJECT,PROFIT_DAMAGED,"IS net=385182 (-7.83%), PF=2.1512 (-4.57%), DD=3.8037% (+0.0095pt), trades=301 (+0.00%)",0,385182.0,2.1512,3.8037,301,0.921748,0.954308,0.0095,1.0,"{""PprotArmAfterBars"": 0, ""PprotArmBeforeBars"": 0, ""PprotArmHourEnd"": -1, ""PprotArmHourStart"": -1, ""PprotArmMaxATRRatio"": 0.0, ""PprotArmMinATRRatio"": 0.0, ""PprotArmPeakATR"": 0.5, ""PprotArmPeakR"": 0.0, ""PprotBELockATR"": -9.0, ""PprotBELockR"": -9.0, ""PprotFridayHour"": -1, ""PprotFridayMinATR"": 0.0, ""PprotGivebackATR"": 0.0, ""PprotGivebackFrac"": 0.0, ""PprotMode"": 4, ""PprotPartialLots"": 0.0, ""PprotSleeveMask"": 2, ""PprotTPExtendATR"": 0.0, ""PprotTightenBars"": 0, ""PprotTightenSLATR"": 0.0, ""PprotTrailATR"": 0.0, ""PprotTrailPeakATR"": 1.0}",ml\pprot1\configs\pp_is_PP0147_20260831014026_66a94e.yaml,pp_is_PP0147_20260831014026_66a94e_deals.csv,2026-08-31T01:40:26+00:00,2026-08-31T01:45:26+00:00,300.304,
11fd54d6c41c42d9bc06e7b80ec759bb,pp_is_PP0148_20260831014156_68c307,PP0148,F04_trail_peak,G2,IS,BT3,OK,IS_NOISE_BAND,EFFECT_WITHIN_NOISE_BAND,"IS net=417882 (+0.00%), PF=2.2542 (+0.00%), DD=3.7942% (+0.0000pt), trades=301 (+0.00%)",0,417882.0,2.2542,3.7942,301,1.0,1.0,0.0,1.0,"{""PprotArmAfterBars"": 0, ""PprotArmBeforeBars"": 0, ""PprotArmHourEnd"": -1, ""PprotArmHourStart"": -1, ""PprotArmMaxATRRatio"": 0.0, ""PprotArmMinATRRatio"": 0.0, ""PprotArmPeakATR"": 0.5, ""PprotArmPeakR"": 0.0, ""PprotBELockATR"": -9.0, ""PprotBELockR"": -9.0, ""PprotFridayHour"": -1, ""PprotFridayMinATR"": 0.0, ""PprotGivebackATR"": 0.0, ""PprotGivebackFrac"": 0.0, ""PprotMode"": 4, ""PprotPartialLots"": 0.0, ""PprotSleeveMask"": 2, ""PprotTPExtendATR"": 0.0, ""PprotTightenBars"": 0, ""PprotTightenSLATR"": 0.0, ""PprotTrailATR"": 0.0, ""PprotTrailPeakATR"": 1.5}",ml\pprot1\configs\pp_is_PP0148_20260831014156_68c307.yaml,pp_is_PP0148_20260831014156_68c307_deals.csv,2026-08-31T01:41:56+00:00,2026-08-31T01:46:42+00:00,285.671,
2524d24191294dd8a0166ec49ac71884,pp_is_PP0149_20260831014317_3ee053,PP0149,F04_trail_peak,G2,IS,BT1,OK,IS_REJECT,PROFIT_DAMAGED,"IS net=396143 (-5.20%), PF=2.1890 (-2.89%), DD=3.7997% (+0.0055pt), trades=301 (+0.00%)",0,396143.0,2.189,3.7997,301,0.947978,0.971076,0.0055,1.0,"{""PprotArmAfterBars"": 0, ""PprotArmBeforeBars"": 0, ""PprotArmHourEnd"": -1, ""PprotArmHourStart"": -1, ""PprotArmMaxATRRatio"": 0.0, ""PprotArmMinATRRatio"": 0.0, ""PprotArmPeakATR"": 1.0, ""PprotArmPeakR"": 0.0, ""PprotBELockATR"": -9.0, ""PprotBELockR"": -9.0, ""PprotFridayHour"": -1, ""PprotFridayMinATR"": 0.0, ""PprotGivebackATR"": 0.0, ""PprotGivebackFrac"": 0.0, ""PprotMode"": 4, ""PprotPartialLots"": 0.0, ""PprotSleeveMask"": 2, ""PprotTPExtendATR"": 0.0, ""PprotTightenBars"": 0, ""PprotTightenSLATR"": 0.0, ""PprotTrailATR"": 0.0, ""PprotTrailPeakATR"": 0.5}",ml\pprot1\configs\pp_is_PP0149_20260831014317_3ee053.yaml,pp_is_PP0149_20260831014317_3ee053_deals.csv,2026-08-31T01:43:17+00:00,2026-08-31T01:47:47+00:00,270.406,
3216e097ad774ba5ab8c6124f76abc0c,pp_is_PP0150_20260831014448_9d6ca8,PP0150,F04_trail_peak,G2,IS,PROD,OK,IS_REJECT,PROFIT_DAMAGED,"IS net=392303 (-6.12%), PF=2.1774 (-3.41%), DD=3.7942% (+0.0000pt), trades=301 (+0.00%)",0,392303.0,2.1774,3.7942,301,0.938789,0.96593,0.0,1.0,"{""PprotArmAfterBars"": 0, ""PprotArmBeforeBars"": 0, ""PprotArmHourEnd"": -1, ""PprotArmHourStart"": -1, ""PprotArmMaxATRRatio"": 0.0, ""PprotArmMinATRRatio"": 0.0, ""PprotArmPeakATR"": 1.0, ""PprotArmPeakR"": 0.0, ""PprotBELockATR"": -9.0, ""PprotBELockR"": -9.0, ""PprotFridayHour"": -1, ""PprotFridayMinATR"": 0.0, ""PprotGivebackATR"": 0.0, ""PprotGivebackFrac"": 0.0, ""PprotMode"": 4, ""PprotPartialLots"": 0.0, ""PprotSleeveMask"": 2, ""PprotTPExtendATR"": 0.0, ""PprotTightenBars"": 0, ""PprotTightenSLATR"": 0.0, ""PprotTrailATR"": 0.0, ""PprotTrailPeakATR"": 0.75}",ml\pprot1\configs\pp_is_PP0150_20260831014448_9d6ca8.yaml,pp_is_PP0150_20260831014448_9d6ca8_deals.csv,2026-08-31T01:44:48+00:00,2026-08-31T01:49:29+00:00,280.582,
75d4dae173b8406dad6164acfc5b057a,pp_is_PP0151_20260831014509_9ecead,PP0151,F04_trail_peak,G2,IS,BT2,OK,IS_REJECT,PROFIT_DAMAGED,"IS net=387262 (-7.33%), PF=2.1623 (-4.08%), DD=3.7942% (+0.0000pt), trades=301 (+0.00%)",0,387262.0,2.1623,3.7942,301,0.926726,0.959232,0.0,1.0,"{""PprotArmAfterBars"": 0, ""PprotArmBeforeBars"": 0, ""PprotArmHourEnd"": -1, ""PprotArmHourStart"": -1, ""PprotArmMaxATRRatio"": 0.0, ""PprotArmMinATRRatio"": 0.0, ""PprotArmPeakATR"": 1.0, ""PprotArmPeakR"": 0.0, ""PprotBELockATR"": -9.0, ""PprotBELockR"": -9.0, ""PprotFridayHour"": -1, ""PprotFridayMinATR"": 0.0, ""PprotGivebackATR"": 0.0, ""PprotGivebackFrac"": 0.0, ""PprotMode"": 4, ""PprotPartialLots"": 0.0, ""PprotSleeveMask"": 2, ""PprotTPExtendATR"": 0.0, ""PprotTightenBars"": 0, ""PprotTightenSLATR"": 0.0, ""PprotTrailATR"": 0.0, ""PprotTrailPeakATR"": 1.0}",ml\pprot1\configs\pp_is_PP0151_20260831014509_9ecead.yaml,pp_is_PP0151_20260831014509_9ecead_deals.csv,2026-08-31T01:45:09+00:00,2026-08-31T01:50:09+00:00,300.161,
cf9ac3c1cc11469eb7e380e06cadf8fd,pp_is_PP0152_20260831014526_24a85c,PP0152,F04_trail_peak,G2,IS,BT4,OK,IS_NOISE_BAND,EFFECT_WITHIN_NOISE_BAND,"IS net=417882 (+0.00%), PF=2.2542 (+0.00%), DD=3.7942% (+0.0000pt), trades=301 (+0.00%)",0,417882.0,2.2542,3.7942,301,1.0,1.0,0.0,1.0,"{""PprotArmAfterBars"": 0, ""PprotArmBeforeBars"": 0, ""PprotArmHourEnd"": -1, ""PprotArmHourStart"": -1, ""PprotArmMaxATRRatio"": 0.0, ""PprotArmMinATRRatio"": 0.0, ""PprotArmPeakATR"": 1.0, ""PprotArmPeakR"": 0.0, ""PprotBELockATR"": -9.0, ""PprotBELockR"": -9.0, ""PprotFridayHour"": -1, ""PprotFridayMinATR"": 0.0, ""PprotGivebackATR"": 0.0, ""PprotGivebackFrac"": 0.0, ""PprotMode"": 4, ""PprotPartialLots"": 0.0, ""PprotSleeveMask"": 2, ""PprotTPExtendATR"": 0.0, ""PprotTightenBars"": 0, ""PprotTightenSLATR"": 0.0, ""PprotTrailATR"": 0.0, ""PprotTrailPeakATR"": 1.5}",ml\pprot1\configs\pp_is_PP0152_20260831014526_24a85c.yaml,pp_is_PP0152_20260831014526_24a85c_deals.csv,2026-08-31T01:45:26+00:00,2026-08-31T01:50:17+00:00,290.828,
be0fc21ed9f848ebbd0fcb59396d4a77,pp_is_PP0153_20260831014642_86c0ac,PP0153,F04_trail_peak,G2,IS,BT3,OK,IS_NOISE_BAND,EFFECT_WITHIN_NOISE_BAND,"IS net=417882 (+0.00%), PF=2.2542 (+0.00%), DD=3.7942% (+0.0000pt), trades=301 (+0.00%)",0,417882.0,2.2542,3.7942,301,1.0,1.0,0.0,1.0,"{""PprotArmAfterBars"": 0, ""PprotArmBeforeBars"": 0, ""PprotArmHourEnd"": -1, ""PprotArmHourStart"": -1, ""PprotArmMaxATRRatio"": 0.0, ""PprotArmMinATRRatio"": 0.0, ""PprotArmPeakATR"": 1.5, ""PprotArmPeakR"": 0.0, ""PprotBELockATR"": -9.0, ""PprotBELockR"": -9.0, ""PprotFridayHour"": -1, ""PprotFridayMinATR"": 0.0, ""PprotGivebackATR"": 0.0, ""PprotGivebackFrac"": 0.0, ""PprotMode"": 4, ""PprotPartialLots"": 0.0, ""PprotSleeveMask"": 2, ""PprotTPExtendATR"": 0.0, ""PprotTightenBars"": 0, ""PprotTightenSLATR"": 0.0, ""PprotTrailATR"": 0.0, ""PprotTrailPeakATR"": 0.5}",ml\pprot1\configs\pp_is_PP0153_20260831014642_86c0ac.yaml,pp_is_PP0153_20260831014642_86c0ac_deals.csv,2026-08-31T01:46:42+00:00,2026-08-31T01:50:42+00:00,240.633,
c5ad52eea5f146f5b514a3e6839657ad,pp_is_PP0154_20260831014747_aa7823,PP0154,F04_trail_peak,G2,IS,BT1,OK,IS_NOISE_BAND,EFFECT_WITHIN_NOISE_BAND,"IS net=417882 (+0.00%), PF=2.2542 (+0.00%), DD=3.7942% (+0.0000pt), trades=301 (+0.00%)",0,417882.0,2.2542,3.7942,301,1.0,1.0,0.0,1.0,"{""PprotArmAfterBars"": 0, ""PprotArmBeforeBars"": 0, ""PprotArmHourEnd"": -1, ""PprotArmHourStart"": -1, ""PprotArmMaxATRRatio"": 0.0, ""PprotArmMinATRRatio"": 0.0, ""PprotArmPeakATR"": 1.5, ""PprotArmPeakR"": 0.0, ""PprotBELockATR"": -9.0, ""PprotBELockR"": -9.0, ""PprotFridayHour"": -1, ""PprotFridayMinATR"": 0.0, ""PprotGivebackATR"": 0.0, ""PprotGivebackFrac"": 0.0, ""PprotMode"": 4, ""PprotPartialLots"": 0.0, ""PprotSleeveMask"": 2, ""PprotTPExtendATR"": 0.0, ""PprotTightenBars"": 0, ""PprotTightenSLATR"": 0.0, ""PprotTrailATR"": 0.0, ""PprotTrailPeakATR"": 0.75}",ml\pprot1\configs\pp_is_PP0154_20260831014747_aa7823.yaml,pp_is_PP0154_20260831014747_aa7823_deals.csv,2026-08-31T01:47:47+00:00,2026-08-31T01:52:32+00:00,285.31,
14bdd63333184c109eefdde1eec60bc4,pp_is_PP0156_20260831015009_78bd09,PP0156,F04_trail_peak,G2,IS,BT2,OK,IS_NOISE_BAND,EFFECT_WITHIN_NOISE_BAND,"IS net=417882 (+0.00%), PF=2.2542 (+0.00%), DD=3.7942% (+0.0000pt), trades=301 (+0.00%)",0,417882.0,2.2542,3.7942,301,1.0,1.0,0.0,1.0,"{""PprotArmAfterBars"": 0, ""PprotArmBeforeBars"": 0, ""PprotArmHourEnd"": -1, ""PprotArmHourStart"": -1, ""PprotArmMaxATRRatio"": 0.0, ""PprotArmMinATRRatio"": 0.0, ""PprotArmPeakATR"": 1.5, ""PprotArmPeakR"": 0.0, ""PprotBELockATR"": -9.0, ""PprotBELockR"": -9.0, ""PprotFridayHour"": -1, ""PprotFridayMinATR"": 0.0, ""PprotGivebackATR"": 0.0, ""PprotGivebackFrac"": 0.0, ""PprotMode"": 4, ""PprotPartialLots"": 0.0, ""PprotSleeveMask"": 2, ""PprotTPExtendATR"": 0.0, ""PprotTightenBars"": 0, ""PprotTightenSLATR"": 0.0, ""PprotTrailATR"": 0.0, ""PprotTrailPeakATR"": 1.5}",ml\pprot1\configs\pp_is_PP0156_20260831015009_78bd09.yaml,pp_is_PP0156_20260831015009_78bd09_deals.csv,2026-08-31T01:50:09+00:00,2026-08-31T01:54:34+00:00,264.848,
fb6e793ffeba4800b4d81b73d7b2fc88,pp_is_PP0155_20260831014929_435b88,PP0155,F04_trail_peak,G2,IS,PROD,OK,IS_NOISE_BAND,EFFECT_WITHIN_NOISE_BAND,"IS net=417882 (+0.00%), PF=2.2542 (+0.00%), DD=3.7942% (+0.0000pt), trades=301 (+0.00%)",0,417882.0,2.2542,3.7942,301,1.0,1.0,0.0,1.0,"{""PprotArmAfterBars"": 0, ""PprotArmBeforeBars"": 0, ""PprotArmHourEnd"": -1, ""PprotArmHourStart"": -1, ""PprotArmMaxATRRatio"": 0.0, ""PprotArmMinATRRatio"": 0.0, ""PprotArmPeakATR"": 1.5, ""PprotArmPeakR"": 0.0, ""PprotBELockATR"": -9.0, ""PprotBELockR"": -9.0, ""PprotFridayHour"": -1, ""PprotFridayMinATR"": 0.0, ""PprotGivebackATR"": 0.0, ""PprotGivebackFrac"": 0.0, ""PprotMode"": 4, ""PprotPartialLots"": 0.0, ""PprotSleeveMask"": 2, ""PprotTPExtendATR"": 0.0, ""PprotTightenBars"": 0, ""PprotTightenSLATR"": 0.0, ""PprotTrailATR"": 0.0, ""PprotTrailPeakATR"": 1.0}",ml\pprot1\configs\pp_is_PP0155_20260831014929_435b88.yaml,pp_is_PP0155_20260831014929_435b88_deals.csv,2026-08-31T01:49:29+00:00,2026-08-31T01:54:40+00:00,310.644,
41bea64beb2c45ba833538d654cdaac3,pp_is_PP0158_20260831015042_ea2232,PP0158,F04_trail_peak,G3,IS,BT3,OK,IS_REJECT,PROFIT_DAMAGED,"IS net=213745 (-48.85%), PF=1.7986 (-20.21%), DD=5.5990% (+1.8048pt), trades=323 (+7.31%)",0,213745.0,1.7986,5.599,323,0.511496,0.797888,1.8048,1.07309,"{""PprotArmAfterBars"": 0, ""PprotArmBeforeBars"": 0, ""PprotArmHourEnd"": -1, ""PprotArmHourStart"": -1, ""PprotArmMaxATRRatio"": 0.0, ""PprotArmMinATRRatio"": 0.0, ""PprotArmPeakATR"": 0.5, ""PprotArmPeakR"": 0.0, ""PprotBELockATR"": -9.0, ""PprotBELockR"": -9.0, ""PprotFridayHour"": -1, ""PprotFridayMinATR"": 0.0, ""PprotGivebackATR"": 0.0, ""PprotGivebackFrac"": 0.0, ""PprotMode"": 4, ""PprotPartialLots"": 0.0, ""PprotSleeveMask"": 3, ""PprotTPExtendATR"": 0.0, ""PprotTightenBars"": 0, ""PprotTightenSLATR"": 0.0, ""PprotTrailATR"": 0.0, ""PprotTrailPeakATR"": 0.75}",ml\pprot1\configs\pp_is_PP0158_20260831015042_ea2232.yaml,pp_is_PP0158_20260831015042_ea2232_deals.csv,2026-08-31T01:50:42+00:00,2026-08-31T01:55:23+00:00,280.504,
1e730ffd4eaf42298508187f4910117e,pp_is_PP0157_20260831015017_914b24,PP0157,F04_trail_peak,G3,IS,BT4,OK,IS_REJECT,PROFIT_DAMAGED,"IS net=209716 (-49.81%), PF=1.8234 (-19.11%), DD=5.0511% (+1.2569pt), trades=323 (+7.31%)",0,209716.0,1.8234,5.0511,323,0.501855,0.80889,1.2569,1.07309,"{""PprotArmAfterBars"": 0, ""PprotArmBeforeBars"": 0, ""PprotArmHourEnd"": -1, ""PprotArmHourStart"": -1, ""PprotArmMaxATRRatio"": 0.0, ""PprotArmMinATRRatio"": 0.0, ""PprotArmPeakATR"": 0.5, ""PprotArmPeakR"": 0.0, ""PprotBELockATR"": -9.0, ""PprotBELockR"": -9.0, ""PprotFridayHour"": -1, ""PprotFridayMinATR"": 0.0, ""PprotGivebackATR"": 0.0, ""PprotGivebackFrac"": 0.0, ""PprotMode"": 4, ""PprotPartialLots"": 0.0, ""PprotSleeveMask"": 3, ""PprotTPExtendATR"": 0.0, ""PprotTightenBars"": 0, ""PprotTightenSLATR"": 0.0, ""PprotTrailATR"": 0.0, ""PprotTrailPeakATR"": 0.5}",ml\pprot1\configs\pp_is_PP0157_20260831015017_914b24.yaml,pp_is_PP0157_20260831015017_914b24_deals.csv,2026-08-31T01:50:17+00:00,2026-08-31T01:55:37+00:00,320.227,
54781d3b9d334e1490ee940b03c4fc28,pp_is_PP0159_20260831015232_e31f5b,PP0159,F04_trail_peak,G3,IS,BT1,OK,IS_REJECT,PROFIT_DAMAGED,"IS net=232008 (-44.48%), PF=1.8308 (-18.78%), DD=5.2665% (+1.4723pt), trades=320 (+6.31%)",0,232008.0,1.8308,5.2665,320,0.5552,0.812173,1.4723,1.063123,"{""PprotArmAfterBars"": 0, ""PprotArmBeforeBars"": 0, ""PprotArmHourEnd"": -1, ""PprotArmHourStart"": -1, ""PprotArmMaxATRRatio"": 0.0, ""PprotArmMinATRRatio"": 0.0, ""PprotArmPeakATR"": 0.5, ""PprotArmPeakR"": 0.0, ""PprotBELockATR"": -9.0, ""PprotBELockR"": -9.0, ""PprotFridayHour"": -1, ""PprotFridayMinATR"": 0.0, ""PprotGivebackATR"": 0.0, ""PprotGivebackFrac"": 0.0, ""PprotMode"": 4, ""PprotPartialLots"": 0.0, ""PprotSleeveMask"": 3, ""PprotTPExtendATR"": 0.0, ""PprotTightenBars"": 0, ""PprotTightenSLATR"": 0.0, ""PprotTrailATR"": 0.0, ""PprotTrailPeakATR"": 1.0}",ml\pprot1\configs\pp_is_PP0159_20260831015232_e31f5b.yaml,pp_is_PP0159_20260831015232_e31f5b_deals.csv,2026-08-31T01:52:32+00:00,2026-08-31T01:57:38+00:00,305.904,
d7bbfae464574ac193326da4c08d848d,pp_is_PP0160_20260831015434_3c3026,PP0160,F04_trail_peak,G3,IS,BT2,OK,IS_REJECT,PROFIT_DAMAGED,"IS net=285862 (-31.59%), PF=1.9765 (-12.32%), DD=4.0403% (+0.2461pt), trades=316 (+4.98%)",0,285862.0,1.9765,4.0403,316,0.684073,0.876808,0.2461,1.049834,"{""PprotArmAfterBars"": 0, ""PprotArmBeforeBars"": 0, ""PprotArmHourEnd"": -1, ""PprotArmHourStart"": -1, ""PprotArmMaxATRRatio"": 0.0, ""PprotArmMinATRRatio"": 0.0, ""PprotArmPeakATR"": 0.5, ""PprotArmPeakR"": 0.0, ""PprotBELockATR"": -9.0, ""PprotBELockR"": -9.0, ""PprotFridayHour"": -1, ""PprotFridayMinATR"": 0.0, ""PprotGivebackATR"": 0.0, ""PprotGivebackFrac"": 0.0, ""PprotMode"": 4, ""PprotPartialLots"": 0.0, ""PprotSleeveMask"": 3, ""PprotTPExtendATR"": 0.0, ""PprotTightenBars"": 0, ""PprotTightenSLATR"": 0.0, ""PprotTrailATR"": 0.0, ""PprotTrailPeakATR"": 1.5}",ml\pprot1\configs\pp_is_PP0160_20260831015434_3c3026.yaml,pp_is_PP0160_20260831015434_3c3026_deals.csv,2026-08-31T01:54:34+00:00,2026-08-31T01:59:35+00:00,300.978,
f7de0cfca9af4e8c98cf1365183da12e,pp_is_PP0161_20260831015440_dc2dba,PP0161,F04_trail_peak,G3,IS,PROD,OK,IS_REJECT,PROFIT_DAMAGED,"IS net=222623 (-46.73%), PF=1.7218 (-23.62%), DD=4.8601% (+1.0659pt), trades=319 (+5.98%)",0,222623.0,1.7218,4.8601,319,0.532741,0.763819,1.0659,1.059801,"{""PprotArmAfterBars"": 0, ""PprotArmBeforeBars"": 0, ""PprotArmHourEnd"": -1, ""PprotArmHourStart"": -1, ""PprotArmMaxATRRatio"": 0.0, ""PprotArmMinATRRatio"": 0.0, ""PprotArmPeakATR"": 1.0, ""PprotArmPeakR"": 0.0, ""PprotBELockATR"": -9.0, ""PprotBELockR"": -9.0, ""PprotFridayHour"": -1, ""PprotFridayMinATR"": 0.0, ""PprotGivebackATR"": 0.0, ""PprotGivebackFrac"": 0.0, ""PprotMode"": 4, ""PprotPartialLots"": 0.0, ""PprotSleeveMask"": 3, ""PprotTPExtendATR"": 0.0, ""PprotTightenBars"": 0, ""PprotTightenSLATR"": 0.0, ""PprotTrailATR"": 0.0, ""PprotTrailPeakATR"": 0.5}",ml\pprot1\configs\pp_is_PP0161_20260831015440_dc2dba.yaml,pp_is_PP0161_20260831015440_dc2dba_deals.csv,2026-08-31T01:54:40+00:00,2026-08-31T01:59:51+00:00,311.644,
98559965c35e42cba24c252b78354158,pp_is_PP0162_20260831015523_899535,PP0162,F04_trail_peak,G3,IS,BT3,OK,IS_REJECT,PROFIT_DAMAGED,"IS net=208870 (-50.02%), PF=1.6639 (-26.19%), DD=4.9039% (+1.1097pt), trades=320 (+6.31%)",0,208870.0,1.6639,4.9039,320,0.49983,0.738133,1.1097,1.063123,"{""PprotArmAfterBars"": 0, ""PprotArmBeforeBars"": 0, ""PprotArmHourEnd"": -1, ""PprotArmHourStart"": -1, ""PprotArmMaxATRRatio"": 0.0, ""PprotArmMinATRRatio"": 0.0, ""PprotArmPeakATR"": 1.0, ""PprotArmPeakR"": 0.0, ""PprotBELockATR"": -9.0, ""PprotBELockR"": -9.0, ""PprotFridayHour"": -1, ""PprotFridayMinATR"": 0.0, ""PprotGivebackATR"": 0.0, ""PprotGivebackFrac"": 0.0, ""PprotMode"": 4, ""PprotPartialLots"": 0.0, ""PprotSleeveMask"": 3, ""PprotTPExtendATR"": 0.0, ""PprotTightenBars"": 0, ""PprotTightenSLATR"": 0.0, ""PprotTrailATR"": 0.0, ""PprotTrailPeakATR"": 0.75}",ml\pprot1\configs\pp_is_PP0162_20260831015523_899535.yaml,pp_is_PP0162_20260831015523_899535_deals.csv,2026-08-31T01:55:23+00:00,2026-08-31T02:00:14+00:00,291.134,
f9c2af70a4b744b5bc652c2e40d203f8,pp_is_PP0163_20260831015537_b89f0a,PP0163,F04_trail_peak,G3,IS,BT4,OK,IS_REJECT,PROFIT_DAMAGED,"IS net=230189 (-44.92%), PF=1.7482 (-22.45%), DD=4.6910% (+0.8968pt), trades=317 (+5.32%)",0,230189.0,1.7482,4.691,317,0.550847,0.77553,0.8968,1.053156,"{""PprotArmAfterBars"": 0, ""PprotArmBeforeBars"": 0, ""PprotArmHourEnd"": -1, ""PprotArmHourStart"": -1, ""PprotArmMaxATRRatio"": 0.0, ""PprotArmMinATRRatio"": 0.0, ""PprotArmPeakATR"": 1.0, ""PprotArmPeakR"": 0.0, ""PprotBELockATR"": -9.0, ""PprotBELockR"": -9.0, ""PprotFridayHour"": -1, ""PprotFridayMinATR"": 0.0, ""PprotGivebackATR"": 0.0, ""PprotGivebackFrac"": 0.0, ""PprotMode"": 4, ""PprotPartialLots"": 0.0, ""PprotSleeveMask"": 3, ""PprotTPExtendATR"": 0.0, ""PprotTightenBars"": 0, ""PprotTightenSLATR"": 0.0, ""PprotTrailATR"": 0.0, ""PprotTrailPeakATR"": 1.0}",ml\pprot1\configs\pp_is_PP0163_20260831015537_b89f0a.yaml,pp_is_PP0163_20260831015537_b89f0a_deals.csv,2026-08-31T01:55:37+00:00,2026-08-31T02:00:57+00:00,319.993,
b9f7bb48e44048718e955840f992564a,pp_is_PP0164_20260831015738_8f518c,PP0164,F04_trail_peak,G3,IS,BT1,OK,IS_REJECT,PROFIT_DAMAGED,"IS net=317542 (-24.01%), PF=2.0250 (-10.17%), DD=4.2906% (+0.4964pt), trades=313 (+3.99%)",0,317542.0,2.025,4.2906,313,0.759884,0.898323,0.4964,1.039867,"{""PprotArmAfterBars"": 0, ""PprotArmBeforeBars"": 0, ""PprotArmHourEnd"": -1, ""PprotArmHourStart"": -1, ""PprotArmMaxATRRatio"": 0.0, ""PprotArmMinATRRatio"": 0.0, ""PprotArmPeakATR"": 1.0, ""PprotArmPeakR"": 0.0, ""PprotBELockATR"": -9.0, ""PprotBELockR"": -9.0, ""PprotFridayHour"": -1, ""PprotFridayMinATR"": 0.0, ""PprotGivebackATR"": 0.0, ""PprotGivebackFrac"": 0.0, ""PprotMode"": 4, ""PprotPartialLots"": 0.0, ""PprotSleeveMask"": 3, ""PprotTPExtendATR"": 0.0, ""PprotTightenBars"": 0, ""PprotTightenSLATR"": 0.0, ""PprotTrailATR"": 0.0, ""PprotTrailPeakATR"": 1.5}",ml\pprot1\configs\pp_is_PP0164_20260831015738_8f518c.yaml,pp_is_PP0164_20260831015738_8f518c_deals.csv,2026-08-31T01:57:38+00:00,2026-08-31T02:02:54+00:00,316.043,
dc39f0d941474f52b7513dafeee4ebbe,pp_is_PP0165_20260831015935_7797b1,PP0165,F04_trail_peak,G3,IS,BT2,OK,IS_REJECT,PROFIT_DAMAGED,"IS net=285686 (-31.63%), PF=1.9167 (-14.97%), DD=4.5953% (+0.8011pt), trades=316 (+4.98%)",0,285686.0,1.9167,4.5953,316,0.683652,0.850279,0.8011,1.049834,"{""PprotArmAfterBars"": 0, ""PprotArmBeforeBars"": 0, ""PprotArmHourEnd"": -1, ""PprotArmHourStart"": -1, ""PprotArmMaxATRRatio"": 0.0, ""PprotArmMinATRRatio"": 0.0, ""PprotArmPeakATR"": 1.5, ""PprotArmPeakR"": 0.0, ""PprotBELockATR"": -9.0, ""PprotBELockR"": -9.0, ""PprotFridayHour"": -1, ""PprotFridayMinATR"": 0.0, ""PprotGivebackATR"": 0.0, ""PprotGivebackFrac"": 0.0, ""PprotMode"": 4, ""PprotPartialLots"": 0.0, ""PprotSleeveMask"": 3, ""PprotTPExtendATR"": 0.0, ""PprotTightenBars"": 0, ""PprotTightenSLATR"": 0.0, ""PprotTrailATR"": 0.0, ""PprotTrailPeakATR"": 0.5}",ml\pprot1\configs\pp_is_PP0165_20260831015935_7797b1.yaml,pp_is_PP0165_20260831015935_7797b1_deals.csv,2026-08-31T01:59:35+00:00,2026-08-31T02:04:05+00:00,269.954,
be9e480d7e084a50b1cabfee588664a6,pp_is_PP0166_20260831015951_cfa87a,PP0166,F04_trail_peak,G3,IS,PROD,OK,IS_REJECT,PROFIT_DAMAGED,"IS net=274427 (-34.33%), PF=1.8635 (-17.33%), DD=4.6518% (+0.8576pt), trades=316 (+4.98%)",0,274427.0,1.8635,4.6518,316,0.656709,0.826679,0.8576,1.049834,"{""PprotArmAfterBars"": 0, ""PprotArmBeforeBars"": 0, ""PprotArmHourEnd"": -1, ""PprotArmHourStart"": -1, ""PprotArmMaxATRRatio"": 0.0, ""PprotArmMinATRRatio"": 0.0, ""PprotArmPeakATR"": 1.5, ""PprotArmPeakR"": 0.0, ""PprotBELockATR"": -9.0, ""PprotBELockR"": -9.0, ""PprotFridayHour"": -1, ""PprotFridayMinATR"": 0.0, ""PprotGivebackATR"": 0.0, ""PprotGivebackFrac"": 0.0, ""PprotMode"": 4, ""PprotPartialLots"": 0.0, ""PprotSleeveMask"": 3, ""PprotTPExtendATR"": 0.0, ""PprotTightenBars"": 0, ""PprotTightenSLATR"": 0.0, ""PprotTrailATR"": 0.0, ""PprotTrailPeakATR"": 0.75}",ml\pprot1\configs\pp_is_PP0166_20260831015951_cfa87a.yaml,pp_is_PP0166_20260831015951_cfa87a_deals.csv,2026-08-31T01:59:51+00:00,2026-08-31T02:04:42+00:00,290.5,
98477d8792944838abe0fcfbe0ceb839,pp_is_PP0167_20260831020014_81876f,PP0167,F04_trail_peak,G3,IS,BT3,OK,IS_REJECT,PROFIT_DAMAGED,"IS net=314301 (-24.79%), PF=2.0038 (-11.11%), DD=4.3761% (+0.5819pt), trades=315 (+4.65%)",0,314301.0,2.0038,4.3761,315,0.752129,0.888918,0.5819,1.046512,"{""PprotArmAfterBars"": 0, ""PprotArmBeforeBars"": 0, ""PprotArmHourEnd"": -1, ""PprotArmHourStart"": -1, ""PprotArmMaxATRRatio"": 0.0, ""PprotArmMinATRRatio"": 0.0, ""PprotArmPeakATR"": 1.5, ""PprotArmPeakR"": 0.0, ""PprotBELockATR"": -9.0, ""PprotBELockR"": -9.0, ""PprotFridayHour"": -1, ""PprotFridayMinATR"": 0.0, ""PprotGivebackATR"": 0.0, ""PprotGivebackFrac"": 0.0, ""PprotMode"": 4, ""PprotPartialLots"": 0.0, ""PprotSleeveMask"": 3, ""PprotTPExtendATR"": 0.0, ""PprotTightenBars"": 0, ""PprotTightenSLATR"": 0.0, ""PprotTrailATR"": 0.0, ""PprotTrailPeakATR"": 1.0}",ml\pprot1\configs\pp_is_PP0167_20260831020014_81876f.yaml,pp_is_PP0167_20260831020014_81876f_deals.csv,2026-08-31T02:00:14+00:00,2026-08-31T02:05:04+00:00,290.206,
08031d9ce9d747f0984416c4cafbd635,pp_is_PP0168_20260831020057_5fbc2a,PP0168,F04_trail_peak,G3,IS,BT4,OK,IS_REJECT,PROFIT_DAMAGED,"IS net=352270 (-15.70%), PF=2.1459 (-4.80%), DD=4.1494% (+0.3552pt), trades=310 (+2.99%)",0,352270.0,2.1459,4.1494,310,0.842989,0.951956,0.3552,1.0299,"{""PprotArmAfterBars"": 0, ""PprotArmBeforeBars"": 0, ""PprotArmHourEnd"": -1, ""PprotArmHourStart"": -1, ""PprotArmMaxATRRatio"": 0.0, ""PprotArmMinATRRatio"": 0.0, ""PprotArmPeakATR"": 1.5, ""PprotArmPeakR"": 0.0, ""PprotBELockATR"": -9.0, ""PprotBELockR"": -9.0, ""PprotFridayHour"": -1, ""PprotFridayMinATR"": 0.0, ""PprotGivebackATR"": 0.0, ""PprotGivebackFrac"": 0.0, ""PprotMode"": 4, ""PprotPartialLots"": 0.0, ""PprotSleeveMask"": 3, ""PprotTPExtendATR"": 0.0, ""PprotTightenBars"": 0, ""PprotTightenSLATR"": 0.0, ""PprotTrailATR"": 0.0, ""PprotTrailPeakATR"": 1.5}",ml\pprot1\configs\pp_is_PP0168_20260831020057_5fbc2a.yaml,pp_is_PP0168_20260831020057_5fbc2a_deals.csv,2026-08-31T02:00:57+00:00,2026-08-31T02:06:08+00:00,310.387,
32ecd589ba37419799afea3cf79d28c8,pp_is_PP0169_20260831020254_609550,PP0169,F05_giveback_frac,G1,IS,BT1,OK,IS_REJECT,PROFIT_DAMAGED,"IS net=247926 (-40.67%), PF=1.9534 (-13.34%), DD=4.3748% (+0.5806pt), trades=326 (+8.31%)",0,247926.0,1.9534,4.3748,326,0.593292,0.86656,0.5806,1.083056,"{""PprotArmAfterBars"": 0, ""PprotArmBeforeBars"": 0, ""PprotArmHourEnd"": -1, ""PprotArmHourStart"": -1, ""PprotArmMaxATRRatio"": 0.0, ""PprotArmMinATRRatio"": 0.0, ""PprotArmPeakATR"": 0.5, ""PprotArmPeakR"": 0.0, ""PprotBELockATR"": -9.0, ""PprotBELockR"": -9.0, ""PprotFridayHour"": -1, ""PprotFridayMinATR"": 0.0, ""PprotGivebackATR"": 0.0, ""PprotGivebackFrac"": 0.3, ""PprotMode"": 5, ""PprotPartialLots"": 0.0, ""PprotSleeveMask"": 1, ""PprotTPExtendATR"": 0.0, ""PprotTightenBars"": 0, ""PprotTightenSLATR"": 0.0, ""PprotTrailATR"": 0.0, ""PprotTrailPeakATR"": 0.0}",ml\pprot1\configs\pp_is_PP0169_20260831020254_609550.yaml,pp_is_PP0169_20260831020254_609550_deals.csv,2026-08-31T02:02:54+00:00,2026-08-31T02:07:05+00:00,250.363,
de99d4cbe7224a2a8da01cce31147b95,pp_is_PP0170_20260831020405_1bb7a0,PP0170,F05_giveback_frac,G1,IS,BT2,OK,IS_REJECT,PROFIT_DAMAGED,"IS net=253373 (-39.37%), PF=1.9743 (-12.42%), DD=4.4159% (+0.6217pt), trades=325 (+7.97%)",0,253373.0,1.9743,4.4159,325,0.606327,0.875832,0.6217,1.079734,"{""PprotArmAfterBars"": 0, ""PprotArmBeforeBars"": 0, ""PprotArmHourEnd"": -1, ""PprotArmHourStart"": -1, ""PprotArmMaxATRRatio"": 0.0, ""PprotArmMinATRRatio"": 0.0, ""PprotArmPeakATR"": 0.5, ""PprotArmPeakR"": 0.0, ""PprotBELockATR"": -9.0, ""PprotBELockR"": -9.0, ""PprotFridayHour"": -1, ""PprotFridayMinATR"": 0.0, ""PprotGivebackATR"": 0.0, ""PprotGivebackFrac"": 0.4, ""PprotMode"": 5, ""PprotPartialLots"": 0.0, ""PprotSleeveMask"": 1, ""PprotTPExtendATR"": 0.0, ""PprotTightenBars"": 0, ""PprotTightenSLATR"": 0.0, ""PprotTrailATR"": 0.0, ""PprotTrailPeakATR"": 0.0}",ml\pprot1\configs\pp_is_PP0170_20260831020405_1bb7a0.yaml,pp_is_PP0170_20260831020405_1bb7a0_deals.csv,2026-08-31T02:04:05+00:00,2026-08-31T02:08:20+00:00,255.29,
c8e35fa10f4a495e87713994016a226e,pp_is_PP0171_20260831020442_0a5e7d,PP0171,F05_giveback_frac,G1,IS,PROD,OK,IS_REJECT,PROFIT_DAMAGED,"IS net=260713 (-37.61%), PF=2.0025 (-11.17%), DD=4.4398% (+0.6456pt), trades=324 (+7.64%)",0,260713.0,2.0025,4.4398,324,0.623891,0.888342,0.6456,1.076412,"{""PprotArmAfterBars"": 0, ""PprotArmBeforeBars"": 0, ""PprotArmHourEnd"": -1, ""PprotArmHourStart"": -1, ""PprotArmMaxATRRatio"": 0.0, ""PprotArmMinATRRatio"": 0.0, ""PprotArmPeakATR"": 0.5, ""PprotArmPeakR"": 0.0, ""PprotBELockATR"": -9.0, ""PprotBELockR"": -9.0, ""PprotFridayHour"": -1, ""PprotFridayMinATR"": 0.0, ""PprotGivebackATR"": 0.0, ""PprotGivebackFrac"": 0.5, ""PprotMode"": 5, ""PprotPartialLots"": 0.0, ""PprotSleeveMask"": 1, ""PprotTPExtendATR"": 0.0, ""PprotTightenBars"": 0, ""PprotTightenSLATR"": 0.0, ""PprotTrailATR"": 0.0, ""PprotTrailPeakATR"": 0.0}",ml\pprot1\configs\pp_is_PP0171_20260831020442_0a5e7d.yaml,pp_is_PP0171_20260831020442_0a5e7d_deals.csv,2026-08-31T02:04:42+00:00,2026-08-31T02:09:13+00:00,270.805,
56128b83346d479ba1a56cc598c37554,pp_is_PP0172_20260831020504_be8764,PP0172,F05_giveback_frac,G1,IS,BT3,OK,IS_REJECT,PROFIT_DAMAGED,"IS net=268893 (-35.65%), PF=2.0340 (-9.77%), DD=4.6576% (+0.8634pt), trades=324 (+7.64%)",0,268893.0,2.034,4.6576,324,0.643466,0.902316,0.8634,1.076412,"{""PprotArmAfterBars"": 0, ""PprotArmBeforeBars"": 0, ""PprotArmHourEnd"": -1, ""PprotArmHourStart"": -1, ""PprotArmMaxATRRatio"": 0.0, ""PprotArmMinATRRatio"": 0.0, ""PprotArmPeakATR"": 0.5, ""PprotArmPeakR"": 0.0, ""PprotBELockATR"": -9.0, ""PprotBELockR"": -9.0, ""PprotFridayHour"": -1, ""PprotFridayMinATR"": 0.0, ""PprotGivebackATR"": 0.0, ""PprotGivebackFrac"": 0.6, ""PprotMode"": 5, ""PprotPartialLots"": 0.0, ""PprotSleeveMask"": 1, ""PprotTPExtendATR"": 0.0, ""PprotTightenBars"": 0, ""PprotTightenSLATR"": 0.0, ""PprotTrailATR"": 0.0, ""PprotTrailPeakATR"": 0.0}",ml\pprot1\configs\pp_is_PP0172_20260831020504_be8764.yaml,pp_is_PP0172_20260831020504_be8764_deals.csv,2026-08-31T02:05:04+00:00,2026-08-31T02:09:40+00:00,275.532,
e3b2276838524d8384b2f7c25bcc09b2,pp_is_PP0173_20260831020608_2ea71d,PP0173,F05_giveback_frac,G1,IS,BT4,OK,IS_REJECT,PROFIT_DAMAGED,"IS net=256113 (-38.71%), PF=1.8311 (-18.77%), DD=4.7773% (+0.9831pt), trades=319 (+5.98%)",0,256113.0,1.8311,4.7773,319,0.612884,0.812306,0.9831,1.059801,"{""PprotArmAfterBars"": 0, ""PprotArmBeforeBars"": 0, ""PprotArmHourEnd"": -1, ""PprotArmHourStart"": -1, ""PprotArmMaxATRRatio"": 0.0, ""PprotArmMinATRRatio"": 0.0, ""PprotArmPeakATR"": 1.0, ""PprotArmPeakR"": 0.0, ""PprotBELockATR"": -9.0, ""PprotBELockR"": -9.0, ""PprotFridayHour"": -1, ""PprotFridayMinATR"": 0.0, ""PprotGivebackATR"": 0.0, ""PprotGivebackFrac"": 0.3, ""PprotMode"": 5, ""PprotPartialLots"": 0.0, ""PprotSleeveMask"": 1, ""PprotTPExtendATR"": 0.0, ""PprotTightenBars"": 0, ""PprotTightenSLATR"": 0.0, ""PprotTrailATR"": 0.0, ""PprotTrailPeakATR"": 0.0}",ml\pprot1\configs\pp_is_PP0173_20260831020608_2ea71d.yaml,pp_is_PP0173_20260831020608_2ea71d_deals.csv,2026-08-31T02:06:08+00:00,2026-08-31T02:10:38+00:00,270.553,
06dc76c374904187ae13559b578ec25d,pp_is_PP0174_20260831020705_b2637a,PP0174,F05_giveback_frac,G1,IS,BT1,OK,IS_REJECT,PROFIT_DAMAGED,"IS net=247147 (-40.86%), PF=1.7900 (-20.59%), DD=4.8286% (+1.0344pt), trades=319 (+5.98%)",0,247147.0,1.79,4.8286,319,0.591428,0.794073,1.0344,1.059801,"{""PprotArmAfterBars"": 0, ""PprotArmBeforeBars"": 0, ""PprotArmHourEnd"": -1, ""PprotArmHourStart"": -1, ""PprotArmMaxATRRatio"": 0.0, ""PprotArmMinATRRatio"": 0.0, ""PprotArmPeakATR"": 1.0, ""PprotArmPeakR"": 0.0, ""PprotBELockATR"": -9.0, ""PprotBELockR"": -9.0, ""PprotFridayHour"": -1, ""PprotFridayMinATR"": 0.0, ""PprotGivebackATR"": 0.0, ""PprotGivebackFrac"": 0.4, ""PprotMode"": 5, ""PprotPartialLots"": 0.0, ""PprotSleeveMask"": 1, ""PprotTPExtendATR"": 0.0, ""PprotTightenBars"": 0, ""PprotTightenSLATR"": 0.0, ""PprotTrailATR"": 0.0, ""PprotTrailPeakATR"": 0.0}",ml\pprot1\configs\pp_is_PP0174_20260831020705_b2637a.yaml,pp_is_PP0174_20260831020705_b2637a_deals.csv,2026-08-31T02:07:05+00:00,2026-08-31T02:11:00+00:00,235.277,
d7c99f1d803d47c3b50dcceaac1c6c4a,pp_is_PP0175_20260831020820_e07f22,PP0175,F05_giveback_frac,G1,IS,BT2,OK,IS_REJECT,PROFIT_DAMAGED,"IS net=257329 (-38.42%), PF=1.8351 (-18.59%), DD=4.7411% (+0.9469pt), trades=318 (+5.65%)",0,257329.0,1.8351,4.7411,318,0.615793,0.81408,0.9469,1.056478,"{""PprotArmAfterBars"": 0, ""PprotArmBeforeBars"": 0, ""PprotArmHourEnd"": -1, ""PprotArmHourStart"": -1, ""PprotArmMaxATRRatio"": 0.0, ""PprotArmMinATRRatio"": 0.0, ""PprotArmPeakATR"": 1.0, ""PprotArmPeakR"": 0.0, ""PprotBELockATR"": -9.0, ""PprotBELockR"": -9.0, ""PprotFridayHour"": -1, ""PprotFridayMinATR"": 0.0, ""PprotGivebackATR"": 0.0, ""PprotGivebackFrac"": 0.5, ""PprotMode"": 5, ""PprotPartialLots"": 0.0, ""PprotSleeveMask"": 1, ""PprotTPExtendATR"": 0.0, ""PprotTightenBars"": 0, ""PprotTightenSLATR"": 0.0, ""PprotTrailATR"": 0.0, ""PprotTrailPeakATR"": 0.0}",ml\pprot1\configs\pp_is_PP0175_20260831020820_e07f22.yaml,pp_is_PP0175_20260831020820_e07f22_deals.csv,2026-08-31T02:08:20+00:00,2026-08-31T02:12:15+00:00,235.088,
b7e34ae4dfb8442482fa46fb14378b3c,pp_is_PP0176_20260831020913_20d3c4,PP0176,F05_giveback_frac,G1,IS,PROD,OK,IS_REJECT,PROFIT_DAMAGED,"IS net=271785 (-34.96%), PF=1.8820 (-16.51%), DD=4.6277% (+0.8335pt), trades=318 (+5.65%)",0,271785.0,1.882,4.6277,318,0.650387,0.834886,0.8335,1.056478,"{""PprotArmAfterBars"": 0, ""PprotArmBeforeBars"": 0, ""PprotArmHourEnd"": -1, ""PprotArmHourStart"": -1, ""PprotArmMaxATRRatio"": 0.0, ""PprotArmMinATRRatio"": 0.0, ""PprotArmPeakATR"": 1.0, ""PprotArmPeakR"": 0.0, ""PprotBELockATR"": -9.0, ""PprotBELockR"": -9.0, ""PprotFridayHour"": -1, ""PprotFridayMinATR"": 0.0, ""PprotGivebackATR"": 0.0, ""PprotGivebackFrac"": 0.6, ""PprotMode"": 5, ""PprotPartialLots"": 0.0, ""PprotSleeveMask"": 1, ""PprotTPExtendATR"": 0.0, ""PprotTightenBars"": 0, ""PprotTightenSLATR"": 0.0, ""PprotTrailATR"": 0.0, ""PprotTrailPeakATR"": 0.0}",ml\pprot1\configs\pp_is_PP0176_20260831020913_20d3c4.yaml,pp_is_PP0176_20260831020913_20d3c4_deals.csv,2026-08-31T02:09:13+00:00,2026-08-31T02:13:53+00:00,280.749,
42f9a0a65c784199ad456438ab75152f,pp_is_PP0177_20260831020940_538446,PP0177,F05_giveback_frac,G1,IS,BT3,OK,IS_REJECT,PROFIT_DAMAGED,"IS net=283601 (-32.13%), PF=1.9021 (-15.62%), DD=4.5988% (+0.8046pt), trades=317 (+5.32%)",0,283601.0,1.9021,4.5988,317,0.678663,0.843803,0.8046,1.053156,"{""PprotArmAfterBars"": 0, ""PprotArmBeforeBars"": 0, ""PprotArmHourEnd"": -1, ""PprotArmHourStart"": -1, ""PprotArmMaxATRRatio"": 0.0, ""PprotArmMinATRRatio"": 0.0, ""PprotArmPeakATR"": 1.5, ""PprotArmPeakR"": 0.0, ""PprotBELockATR"": -9.0, ""PprotBELockR"": -9.0, ""PprotFridayHour"": -1, ""PprotFridayMinATR"": 0.0, ""PprotGivebackATR"": 0.0, ""PprotGivebackFrac"": 0.3, ""PprotMode"": 5, ""PprotPartialLots"": 0.0, ""PprotSleeveMask"": 1, ""PprotTPExtendATR"": 0.0, ""PprotTightenBars"": 0, ""PprotTightenSLATR"": 0.0, ""PprotTrailATR"": 0.0, ""PprotTrailPeakATR"": 0.0}",ml\pprot1\configs\pp_is_PP0177_20260831020940_538446.yaml,pp_is_PP0177_20260831020940_538446_deals.csv,2026-08-31T02:09:40+00:00,2026-08-31T02:14:10+00:00,270.405,
9faebd63a41d42a68a6332b0893bc5dc,pp_is_PP0179_20260831021100_204335,PP0179,F05_giveback_frac,G1,IS,BT1,OK,IS_REJECT,PROFIT_DAMAGED,"IS net=299083 (-28.43%), PF=1.9687 (-12.67%), DD=4.4661% (+0.6719pt), trades=313 (+3.99%)",0,299083.0,1.9687,4.4661,313,0.715712,0.873348,0.6719,1.039867,"{""PprotArmAfterBars"": 0, ""PprotArmBeforeBars"": 0, ""PprotArmHourEnd"": -1, ""PprotArmHourStart"": -1, ""PprotArmMaxATRRatio"": 0.0, ""PprotArmMinATRRatio"": 0.0, ""PprotArmPeakATR"": 1.5, ""PprotArmPeakR"": 0.0, ""PprotBELockATR"": -9.0, ""PprotBELockR"": -9.0, ""PprotFridayHour"": -1, ""PprotFridayMinATR"": 0.0, ""PprotGivebackATR"": 0.0, ""PprotGivebackFrac"": 0.5, ""PprotMode"": 5, ""PprotPartialLots"": 0.0, ""PprotSleeveMask"": 1, ""PprotTPExtendATR"": 0.0, ""PprotTightenBars"": 0, ""PprotTightenSLATR"": 0.0, ""PprotTrailATR"": 0.0, ""PprotTrailPeakATR"": 0.0}",ml\pprot1\configs\pp_is_PP0179_20260831021100_204335.yaml,pp_is_PP0179_20260831021100_204335_deals.csv,2026-08-31T02:11:00+00:00,2026-08-31T02:15:00+00:00,240.089,
9477cbc519dd4e2cbf72082ae032e784,pp_is_PP0178_20260831021038_2236bb,PP0178,F05_giveback_frac,G1,IS,BT4,OK,IS_REJECT,PROFIT_DAMAGED,"IS net=280995 (-32.76%), PF=1.8894 (-16.18%), DD=4.5998% (+0.8056pt), trades=316 (+4.98%)",0,280995.0,1.8894,4.5998,316,0.672427,0.838169,0.8056,1.049834,"{""PprotArmAfterBars"": 0, ""PprotArmBeforeBars"": 0, ""PprotArmHourEnd"": -1, ""PprotArmHourStart"": -1, ""PprotArmMaxATRRatio"": 0.0, ""PprotArmMinATRRatio"": 0.0, ""PprotArmPeakATR"": 1.5, ""PprotArmPeakR"": 0.0, ""PprotBELockATR"": -9.0, ""PprotBELockR"": -9.0, ""PprotFridayHour"": -1, ""PprotFridayMinATR"": 0.0, ""PprotGivebackATR"": 0.0, ""PprotGivebackFrac"": 0.4, ""PprotMode"": 5, ""PprotPartialLots"": 0.0, ""PprotSleeveMask"": 1, ""PprotTPExtendATR"": 0.0, ""PprotTightenBars"": 0, ""PprotTightenSLATR"": 0.0, ""PprotTrailATR"": 0.0, ""PprotTrailPeakATR"": 0.0}",ml\pprot1\configs\pp_is_PP0178_20260831021038_2236bb.yaml,pp_is_PP0178_20260831021038_2236bb_deals.csv,2026-08-31T02:10:38+00:00,2026-08-31T02:15:08+00:00,270.003,
958901eb2dda4522be64e706662bacc9,pp_is_PP0180_20260831021215_cf2db3,PP0180,F05_giveback_frac,G1,IS,BT2,OK,IS_REJECT,PROFIT_DAMAGED,"IS net=332690 (-20.39%), PF=2.0659 (-8.35%), DD=4.2495% (+0.4553pt), trades=313 (+3.99%)",0,332690.0,2.0659,4.2495,313,0.796134,0.916467,0.4553,1.039867,"{""PprotArmAfterBars"": 0, ""PprotArmBeforeBars"": 0, ""PprotArmHourEnd"": -1, ""PprotArmHourStart"": -1, ""PprotArmMaxATRRatio"": 0.0, ""PprotArmMinATRRatio"": 0.0, ""PprotArmPeakATR"": 1.5, ""PprotArmPeakR"": 0.0, ""PprotBELockATR"": -9.0, ""PprotBELockR"": -9.0, ""PprotFridayHour"": -1, ""PprotFridayMinATR"": 0.0, ""PprotGivebackATR"": 0.0, ""PprotGivebackFrac"": 0.6, ""PprotMode"": 5, ""PprotPartialLots"": 0.0, ""PprotSleeveMask"": 1, ""PprotTPExtendATR"": 0.0, ""PprotTightenBars"": 0, ""PprotTightenSLATR"": 0.0, ""PprotTrailATR"": 0.0, ""PprotTrailPeakATR"": 0.0}",ml\pprot1\configs\pp_is_PP0180_20260831021215_cf2db3.yaml,pp_is_PP0180_20260831021215_cf2db3_deals.csv,2026-08-31T02:12:15+00:00,2026-08-31T02:16:10+00:00,234.888,
5b55b86beccf4d4d891bb665216783aa,pp_is_PP0181_20260831021353_b47322,PP0181,F05_giveback_frac,G2,IS,PROD,OK,IS_REJECT,PROFIT_DAMAGED,"IS net=352515 (-15.64%), PF=2.0753 (-7.94%), DD=3.8876% (+0.0934pt), trades=301 (+0.00%)",0,352515.0,2.0753,3.8876,301,0.843575,0.920637,0.0934,1.0,"{""PprotArmAfterBars"": 0, ""PprotArmBeforeBars"": 0, ""PprotArmHourEnd"": -1, ""PprotArmHourStart"": -1, ""PprotArmMaxATRRatio"": 0.0, ""PprotArmMinATRRatio"": 0.0, ""PprotArmPeakATR"": 0.5, ""PprotArmPeakR"": 0.0, ""PprotBELockATR"": -9.0, ""PprotBELockR"": -9.0, ""PprotFridayHour"": -1, ""PprotFridayMinATR"": 0.0, ""PprotGivebackATR"": 0.0, ""PprotGivebackFrac"": 0.3, ""PprotMode"": 5, ""PprotPartialLots"": 0.0, ""PprotSleeveMask"": 2, ""PprotTPExtendATR"": 0.0, ""PprotTightenBars"": 0, ""PprotTightenSLATR"": 0.0, ""PprotTrailATR"": 0.0, ""PprotTrailPeakATR"": 0.0}",ml\pprot1\configs\pp_is_PP0181_20260831021353_b47322.yaml,pp_is_PP0181_20260831021353_b47322_deals.csv,2026-08-31T02:13:53+00:00,2026-08-31T02:18:44+00:00,290.687,
09f88e5c26b24d66bada19fc45057604,pp_is_PP0182_20260831021410_c5db23,PP0182,F05_giveback_frac,G2,IS,BT3,OK,IS_REJECT,PROFIT_DAMAGED,"IS net=340981 (-18.40%), PF=2.0401 (-9.50%), DD=4.0577% (+0.2635pt), trades=301 (+0.00%)",0,340981.0,2.0401,4.0577,301,0.815974,0.905022,0.2635,1.0,"{""PprotArmAfterBars"": 0, ""PprotArmBeforeBars"": 0, ""PprotArmHourEnd"": -1, ""PprotArmHourStart"": -1, ""PprotArmMaxATRRatio"": 0.0, ""PprotArmMinATRRatio"": 0.0, ""PprotArmPeakATR"": 0.5, ""PprotArmPeakR"": 0.0, ""PprotBELockATR"": -9.0, ""PprotBELockR"": -9.0, ""PprotFridayHour"": -1, ""PprotFridayMinATR"": 0.0, ""PprotGivebackATR"": 0.0, ""PprotGivebackFrac"": 0.4, ""PprotMode"": 5, ""PprotPartialLots"": 0.0, ""PprotSleeveMask"": 2, ""PprotTPExtendATR"": 0.0, ""PprotTightenBars"": 0, ""PprotTightenSLATR"": 0.0, ""PprotTrailATR"": 0.0, ""PprotTrailPeakATR"": 0.0}",ml\pprot1\configs\pp_is_PP0182_20260831021410_c5db23.yaml,pp_is_PP0182_20260831021410_c5db23_deals.csv,2026-08-31T02:14:10+00:00,2026-08-31T02:18:55+00:00,285.453,
06cf1549700b4c00a3a3fd074f5f1bcf,pp_is_PP0183_20260831021500_120a90,PP0183,F05_giveback_frac,G2,IS,BT1,OK,IS_REJECT,PROFIT_DAMAGED,"IS net=366333 (-12.34%), PF=2.1174 (-6.07%), DD=4.0494% (+0.2552pt), trades=301 (+0.00%)",0,366333.0,2.1174,4.0494,301,0.876642,0.939313,0.2552,1.0,"{""PprotArmAfterBars"": 0, ""PprotArmBeforeBars"": 0, ""PprotArmHourEnd"": -1, ""PprotArmHourStart"": -1, ""PprotArmMaxATRRatio"": 0.0, ""PprotArmMinATRRatio"": 0.0, ""PprotArmPeakATR"": 0.5, ""PprotArmPeakR"": 0.0, ""PprotBELockATR"": -9.0, ""PprotBELockR"": -9.0, ""PprotFridayHour"": -1, ""PprotFridayMinATR"": 0.0, ""PprotGivebackATR"": 0.0, ""PprotGivebackFrac"": 0.5, ""PprotMode"": 5, ""PprotPartialLots"": 0.0, ""PprotSleeveMask"": 2, ""PprotTPExtendATR"": 0.0, ""PprotTightenBars"": 0, ""PprotTightenSLATR"": 0.0, ""PprotTrailATR"": 0.0, ""PprotTrailPeakATR"": 0.0}",ml\pprot1\configs\pp_is_PP0183_20260831021500_120a90.yaml,pp_is_PP0183_20260831021500_120a90_deals.csv,2026-08-31T02:15:00+00:00,2026-08-31T02:19:15+00:00,254.997,
13b2eb370b444a198f1582d473a75388,pp_is_PP0184_20260831021508_4c1332,PP0184,F05_giveback_frac,G2,IS,BT4,OK,IS_REJECT,PROFIT_DAMAGED,"IS net=359651 (-13.93%), PF=2.0970 (-6.97%), DD=4.0638% (+0.2696pt), trades=301 (+0.00%)",0,359651.0,2.097,4.0638,301,0.860652,0.930264,0.2696,1.0,"{""PprotArmAfterBars"": 0, ""PprotArmBeforeBars"": 0, ""PprotArmHourEnd"": -1, ""PprotArmHourStart"": -1, ""PprotArmMaxATRRatio"": 0.0, ""PprotArmMinATRRatio"": 0.0, ""PprotArmPeakATR"": 0.5, ""PprotArmPeakR"": 0.0, ""PprotBELockATR"": -9.0, ""PprotBELockR"": -9.0, ""PprotFridayHour"": -1, ""PprotFridayMinATR"": 0.0, ""PprotGivebackATR"": 0.0, ""PprotGivebackFrac"": 0.6, ""PprotMode"": 5, ""PprotPartialLots"": 0.0, ""PprotSleeveMask"": 2, ""PprotTPExtendATR"": 0.0, ""PprotTightenBars"": 0, ""PprotTightenSLATR"": 0.0, ""PprotTrailATR"": 0.0, ""PprotTrailPeakATR"": 0.0}",ml\pprot1\configs\pp_is_PP0184_20260831021508_4c1332.yaml,pp_is_PP0184_20260831021508_4c1332_deals.csv,2026-08-31T02:15:08+00:00,2026-08-31T02:19:59+00:00,290.107,
6dc17ea640474fefab030c48306d358a,pp_is_PP0185_20260831021610_6a4789,PP0185,F05_giveback_frac,G2,IS,BT2,OK,IS_REJECT,PROFIT_DAMAGED,"IS net=387169 (-7.35%), PF=2.1620 (-4.09%), DD=3.8510% (+0.0568pt), trades=301 (+0.00%)",0,387169.0,2.162,3.851,301,0.926503,0.959099,0.0568,1.0,"{""PprotArmAfterBars"": 0, ""PprotArmBeforeBars"": 0, ""PprotArmHourEnd"": -1, ""PprotArmHourStart"": -1, ""PprotArmMaxATRRatio"": 0.0, ""PprotArmMinATRRatio"": 0.0, ""PprotArmPeakATR"": 1.0, ""PprotArmPeakR"": 0.0, ""PprotBELockATR"": -9.0, ""PprotBELockR"": -9.0, ""PprotFridayHour"": -1, ""PprotFridayMinATR"": 0.0, ""PprotGivebackATR"": 0.0, ""PprotGivebackFrac"": 0.3, ""PprotMode"": 5, ""PprotPartialLots"": 0.0, ""PprotSleeveMask"": 2, ""PprotTPExtendATR"": 0.0, ""PprotTightenBars"": 0, ""PprotTightenSLATR"": 0.0, ""PprotTrailATR"": 0.0, ""PprotTrailPeakATR"": 0.0}",ml\pprot1\configs\pp_is_PP0185_20260831021610_6a4789.yaml,pp_is_PP0185_20260831021610_6a4789_deals.csv,2026-08-31T02:16:10+00:00,2026-08-31T02:20:40+00:00,270.249,
5e5f80571b2a4e82b5fe53fab81133be,pp_is_PP0186_20260831021844_5efb04,PP0186,F05_giveback_frac,G2,IS,PROD,OK,IS_REJECT,PROFIT_DAMAGED,"IS net=395653 (-5.32%), PF=2.1875 (-2.96%), DD=3.7993% (+0.0051pt), trades=301 (+0.00%)",0,395653.0,2.1875,3.7993,301,0.946806,0.970411,0.0051,1.0,"{""PprotArmAfterBars"": 0, ""PprotArmBeforeBars"": 0, ""PprotArmHourEnd"": -1, ""PprotArmHourStart"": -1, ""PprotArmMaxATRRatio"": 0.0, ""PprotArmMinATRRatio"": 0.0, ""PprotArmPeakATR"": 1.0, ""PprotArmPeakR"": 0.0, ""PprotBELockATR"": -9.0, ""PprotBELockR"": -9.0, ""PprotFridayHour"": -1, ""PprotFridayMinATR"": 0.0, ""PprotGivebackATR"": 0.0, ""PprotGivebackFrac"": 0.4, ""PprotMode"": 5, ""PprotPartialLots"": 0.0, ""PprotSleeveMask"": 2, ""PprotTPExtendATR"": 0.0, ""PprotTightenBars"": 0, ""PprotTightenSLATR"": 0.0, ""PprotTrailATR"": 0.0, ""PprotTrailPeakATR"": 0.0}",ml\pprot1\configs\pp_is_PP0186_20260831021844_5efb04.yaml,pp_is_PP0186_20260831021844_5efb04_deals.csv,2026-08-31T02:18:44+00:00,2026-08-31T02:22:24+00:00,220.406,
b5a073e52b814c31b30687ca5143172f,pp_is_PP0187_20260831021855_0730f6,PP0187,F05_giveback_frac,G2,IS,BT3,OK,IS_REJECT,PROFIT_DAMAGED,"IS net=392418 (-6.09%), PF=2.1778 (-3.39%), DD=3.8019% (+0.0077pt), trades=301 (+0.00%)",0,392418.0,2.1778,3.8019,301,0.939064,0.966108,0.0077,1.0,"{""PprotArmAfterBars"": 0, ""PprotArmBeforeBars"": 0, ""PprotArmHourEnd"": -1, ""PprotArmHourStart"": -1, ""PprotArmMaxATRRatio"": 0.0, ""PprotArmMinATRRatio"": 0.0, ""PprotArmPeakATR"": 1.0, ""PprotArmPeakR"": 0.0, ""PprotBELockATR"": -9.0, ""PprotBELockR"": -9.0, ""PprotFridayHour"": -1, ""PprotFridayMinATR"": 0.0, ""PprotGivebackATR"": 0.0, ""PprotGivebackFrac"": 0.5, ""PprotMode"": 5, ""PprotPartialLots"": 0.0, ""PprotSleeveMask"": 2, ""PprotTPExtendATR"": 0.0, ""PprotTightenBars"": 0, ""PprotTightenSLATR"": 0.0, ""PprotTrailATR"": 0.0, ""PprotTrailPeakATR"": 0.0}",ml\pprot1\configs\pp_is_PP0187_20260831021855_0730f6.yaml,pp_is_PP0187_20260831021855_0730f6_deals.csv,2026-08-31T02:18:55+00:00,2026-08-31T02:23:56+00:00,300.223,
bb8e90f1b7834db7829dfa74e73a8ac6,pp_is_PP0188_20260831021915_965636,PP0188,F05_giveback_frac,G2,IS,BT1,OK,IS_REJECT,PROFIT_DAMAGED,"IS net=389194 (-6.87%), PF=2.1681 (-3.82%), DD=3.8045% (+0.0103pt), trades=301 (+0.00%)",0,389194.0,2.1681,3.8045,301,0.931349,0.961805,0.0103,1.0,"{""PprotArmAfterBars"": 0, ""PprotArmBeforeBars"": 0, ""PprotArmHourEnd"": -1, ""PprotArmHourStart"": -1, ""PprotArmMaxATRRatio"": 0.0, ""PprotArmMinATRRatio"": 0.0, ""PprotArmPeakATR"": 1.0, ""PprotArmPeakR"": 0.0, ""PprotBELockATR"": -9.0, ""PprotBELockR"": -9.0, ""PprotFridayHour"": -1, ""PprotFridayMinATR"": 0.0, ""PprotGivebackATR"": 0.0, ""PprotGivebackFrac"": 0.6, ""PprotMode"": 5, ""PprotPartialLots"": 0.0, ""PprotSleeveMask"": 2, ""PprotTPExtendATR"": 0.0, ""PprotTightenBars"": 0, ""PprotTightenSLATR"": 0.0, ""PprotTrailATR"": 0.0, ""PprotTrailPeakATR"": 0.0}",ml\pprot1\configs\pp_is_PP0188_20260831021915_965636.yaml,pp_is_PP0188_20260831021915_965636_deals.csv,2026-08-31T02:19:15+00:00,2026-08-31T02:24:05+00:00,290.181,
e8b2da6037194e8ab48ec2a388375ac5,pp_is_PP0189_20260831021959_ec7621,PP0189,F05_giveback_frac,G2,IS,BT4,OK,IS_NOISE_BAND,EFFECT_WITHIN_NOISE_BAND,"IS net=417882 (+0.00%), PF=2.2542 (+0.00%), DD=3.7942% (+0.0000pt), trades=301 (+0.00%)",0,417882.0,2.2542,3.7942,301,1.0,1.0,0.0,1.0,"{""PprotArmAfterBars"": 0, ""PprotArmBeforeBars"": 0, ""PprotArmHourEnd"": -1, ""PprotArmHourStart"": -1, ""PprotArmMaxATRRatio"": 0.0, ""PprotArmMinATRRatio"": 0.0, ""PprotArmPeakATR"": 1.5, ""PprotArmPeakR"": 0.0, ""PprotBELockATR"": -9.0, ""PprotBELockR"": -9.0, ""PprotFridayHour"": -1, ""PprotFridayMinATR"": 0.0, ""PprotGivebackATR"": 0.0, ""PprotGivebackFrac"": 0.3, ""PprotMode"": 5, ""PprotPartialLots"": 0.0, ""PprotSleeveMask"": 2, ""PprotTPExtendATR"": 0.0, ""PprotTightenBars"": 0, ""PprotTightenSLATR"": 0.0, ""PprotTrailATR"": 0.0, ""PprotTrailPeakATR"": 0.0}",ml\pprot1\configs\pp_is_PP0189_20260831021959_ec7621.yaml,pp_is_PP0189_20260831021959_ec7621_deals.csv,2026-08-31T02:19:59+00:00,2026-08-31T02:24:44+00:00,285.739,
a380690942034494b4fbdb043e244c3b,pp_is_PP0190_20260831022040_595f67,PP0190,F05_giveback_frac,G2,IS,BT2,OK,IS_NOISE_BAND,EFFECT_WITHIN_NOISE_BAND,"IS net=417882 (+0.00%), PF=2.2542 (+0.00%), DD=3.7942% (+0.0000pt), trades=301 (+0.00%)",0,417882.0,2.2542,3.7942,301,1.0,1.0,0.0,1.0,"{""PprotArmAfterBars"": 0, ""PprotArmBeforeBars"": 0, ""PprotArmHourEnd"": -1, ""PprotArmHourStart"": -1, ""PprotArmMaxATRRatio"": 0.0, ""PprotArmMinATRRatio"": 0.0, ""PprotArmPeakATR"": 1.5, ""PprotArmPeakR"": 0.0, ""PprotBELockATR"": -9.0, ""PprotBELockR"": -9.0, ""PprotFridayHour"": -1, ""PprotFridayMinATR"": 0.0, ""PprotGivebackATR"": 0.0, ""PprotGivebackFrac"": 0.4, ""PprotMode"": 5, ""PprotPartialLots"": 0.0, ""PprotSleeveMask"": 2, ""PprotTPExtendATR"": 0.0, ""PprotTightenBars"": 0, ""PprotTightenSLATR"": 0.0, ""PprotTrailATR"": 0.0, ""PprotTrailPeakATR"": 0.0}",ml\pprot1\configs\pp_is_PP0190_20260831022040_595f67.yaml,pp_is_PP0190_20260831022040_595f67_deals.csv,2026-08-31T02:20:40+00:00,2026-08-31T02:25:25+00:00,285.12,
30529860023e4d36bb8e4a8ca12f3825,pp_is_PP0191_20260831022224_75c9b7,PP0191,F05_giveback_frac,G2,IS,PROD,OK,IS_NOISE_BAND,EFFECT_WITHIN_NOISE_BAND,"IS net=417882 (+0.00%), PF=2.2542 (+0.00%), DD=3.7942% (+0.0000pt), trades=301 (+0.00%)",0,417882.0,2.2542,3.7942,301,1.0,1.0,0.0,1.0,"{""PprotArmAfterBars"": 0, ""PprotArmBeforeBars"": 0, ""PprotArmHourEnd"": -1, ""PprotArmHourStart"": -1, ""PprotArmMaxATRRatio"": 0.0, ""PprotArmMinATRRatio"": 0.0, ""PprotArmPeakATR"": 1.5, ""PprotArmPeakR"": 0.0, ""PprotBELockATR"": -9.0, ""PprotBELockR"": -9.0, ""PprotFridayHour"": -1, ""PprotFridayMinATR"": 0.0, ""PprotGivebackATR"": 0.0, ""PprotGivebackFrac"": 0.5, ""PprotMode"": 5, ""PprotPartialLots"": 0.0, ""PprotSleeveMask"": 2, ""PprotTPExtendATR"": 0.0, ""PprotTightenBars"": 0, ""PprotTightenSLATR"": 0.0, ""PprotTrailATR"": 0.0, ""PprotTrailPeakATR"": 0.0}",ml\pprot1\configs\pp_is_PP0191_20260831022224_75c9b7.yaml,pp_is_PP0191_20260831022224_75c9b7_deals.csv,2026-08-31T02:22:24+00:00,2026-08-31T02:27:10+00:00,285.457,
1307b21e28a948888615f9d120193d73,pp_is_PP0192_20260831022356_1c39ec,PP0192,F05_giveback_frac,G2,IS,BT3,OK,IS_NOISE_BAND,EFFECT_WITHIN_NOISE_BAND,"IS net=417882 (+0.00%), PF=2.2542 (+0.00%), DD=3.7942% (+0.0000pt), trades=301 (+0.00%)",0,417882.0,2.2542,3.7942,301,1.0,1.0,0.0,1.0,"{""PprotArmAfterBars"": 0, ""PprotArmBeforeBars"": 0, ""PprotArmHourEnd"": -1, ""PprotArmHourStart"": -1, ""PprotArmMaxATRRatio"": 0.0, ""PprotArmMinATRRatio"": 0.0, ""PprotArmPeakATR"": 1.5, ""PprotArmPeakR"": 0.0, ""PprotBELockATR"": -9.0, ""PprotBELockR"": -9.0, ""PprotFridayHour"": -1, ""PprotFridayMinATR"": 0.0, ""PprotGivebackATR"": 0.0, ""PprotGivebackFrac"": 0.6, ""PprotMode"": 5, ""PprotPartialLots"": 0.0, ""PprotSleeveMask"": 2, ""PprotTPExtendATR"": 0.0, ""PprotTightenBars"": 0, ""PprotTightenSLATR"": 0.0, ""PprotTrailATR"": 0.0, ""PprotTrailPeakATR"": 0.0}",ml\pprot1\configs\pp_is_PP0192_20260831022356_1c39ec.yaml,pp_is_PP0192_20260831022356_1c39ec_deals.csv,2026-08-31T02:23:56+00:00,2026-08-31T02:27:41+00:00,225.198,
35a9a5d1a64f4a05a942b361d17be511,pp_is_PP0193_20260831022405_ae1c5f,PP0193,F05_giveback_frac,G3,IS,BT1,OK,IS_REJECT,PROFIT_DAMAGED,"IS net=182559 (-56.31%), PF=1.7168 (-23.84%), DD=4.4094% (+0.6152pt), trades=326 (+8.31%)",0,182559.0,1.7168,4.4094,326,0.436867,0.761601,0.6152,1.083056,"{""PprotArmAfterBars"": 0, ""PprotArmBeforeBars"": 0, ""PprotArmHourEnd"": -1, ""PprotArmHourStart"": -1, ""PprotArmMaxATRRatio"": 0.0, ""PprotArmMinATRRatio"": 0.0, ""PprotArmPeakATR"": 0.5, ""PprotArmPeakR"": 0.0, ""PprotBELockATR"": -9.0, ""PprotBELockR"": -9.0, ""PprotFridayHour"": -1, ""PprotFridayMinATR"": 0.0, ""PprotGivebackATR"": 0.0, ""PprotGivebackFrac"": 0.3, ""PprotMode"": 5, ""PprotPartialLots"": 0.0, ""PprotSleeveMask"": 3, ""PprotTPExtendATR"": 0.0, ""PprotTightenBars"": 0, ""PprotTightenSLATR"": 0.0, ""PprotTrailATR"": 0.0, ""PprotTrailPeakATR"": 0.0}",ml\pprot1\configs\pp_is_PP0193_20260831022405_ae1c5f.yaml,pp_is_PP0193_20260831022405_ae1c5f_deals.csv,2026-08-31T02:24:05+00:00,2026-08-31T02:28:40+00:00,275.033,
8bbfe7951a104d90bc4c421b40a6d2fc,pp_is_PP0194_20260831022444_81e149,PP0194,F05_giveback_frac,G3,IS,BT4,OK,IS_REJECT,PROFIT_DAMAGED,"IS net=176472 (-57.77%), PF=1.6929 (-24.90%), DD=4.5294% (+0.7352pt), trades=325 (+7.97%)",0,176472.0,1.6929,4.5294,325,0.422301,0.750998,0.7352,1.079734,"{""PprotArmAfterBars"": 0, ""PprotArmBeforeBars"": 0, ""PprotArmHourEnd"": -1, ""PprotArmHourStart"": -1, ""PprotArmMaxATRRatio"": 0.0, ""PprotArmMinATRRatio"": 0.0, ""PprotArmPeakATR"": 0.5, ""PprotArmPeakR"": 0.0, ""PprotBELockATR"": -9.0, ""PprotBELockR"": -9.0, ""PprotFridayHour"": -1, ""PprotFridayMinATR"": 0.0, ""PprotGivebackATR"": 0.0, ""PprotGivebackFrac"": 0.4, ""PprotMode"": 5, ""PprotPartialLots"": 0.0, ""PprotSleeveMask"": 3, ""PprotTPExtendATR"": 0.0, ""PprotTightenBars"": 0, ""PprotTightenSLATR"": 0.0, ""PprotTrailATR"": 0.0, ""PprotTrailPeakATR"": 0.0}",ml\pprot1\configs\pp_is_PP0194_20260831022444_81e149.yaml,pp_is_PP0194_20260831022444_81e149_deals.csv,2026-08-31T02:24:44+00:00,2026-08-31T02:29:00+00:00,255.511,
82ca5587187b4ea1baf268f3fda5b47a,pp_is_PP0195_20260831022525_a45a40,PP0195,F05_giveback_frac,G3,IS,BT2,OK,IS_REJECT,PROFIT_DAMAGED,"IS net=209164 (-49.95%), PF=1.8212 (-19.21%), DD=4.5998% (+0.8056pt), trades=324 (+7.64%)",0,209164.0,1.8212,4.5998,324,0.500534,0.807914,0.8056,1.076412,"{""PprotArmAfterBars"": 0, ""PprotArmBeforeBars"": 0, ""PprotArmHourEnd"": -1, ""PprotArmHourStart"": -1, ""PprotArmMaxATRRatio"": 0.0, ""PprotArmMinATRRatio"": 0.0, ""PprotArmPeakATR"": 0.5, ""PprotArmPeakR"": 0.0, ""PprotBELockATR"": -9.0, ""PprotBELockR"": -9.0, ""PprotFridayHour"": -1, ""PprotFridayMinATR"": 0.0, ""PprotGivebackATR"": 0.0, ""PprotGivebackFrac"": 0.5, ""PprotMode"": 5, ""PprotPartialLots"": 0.0, ""PprotSleeveMask"": 3, ""PprotTPExtendATR"": 0.0, ""PprotTightenBars"": 0, ""PprotTightenSLATR"": 0.0, ""PprotTrailATR"": 0.0, ""PprotTrailPeakATR"": 0.0}",ml\pprot1\configs\pp_is_PP0195_20260831022525_a45a40.yaml,pp_is_PP0195_20260831022525_a45a40_deals.csv,2026-08-31T02:25:25+00:00,2026-08-31T02:29:35+00:00,250.098,
6d0bda0bf12b412090e62145eaa325b6,pp_is_PP0197_20260831022741_4e9a76,PP0197,F05_giveback_frac,G3,IS,BT3,OK,IS_REJECT,PROFIT_DAMAGED,"IS net=225400 (-46.06%), PF=1.7315 (-23.19%), DD=4.8673% (+1.0731pt), trades=319 (+5.98%)",0,225400.0,1.7315,4.8673,319,0.539387,0.768122,1.0731,1.059801,"{""PprotArmAfterBars"": 0, ""PprotArmBeforeBars"": 0, ""PprotArmHourEnd"": -1, ""PprotArmHourStart"": -1, ""PprotArmMaxATRRatio"": 0.0, ""PprotArmMinATRRatio"": 0.0, ""PprotArmPeakATR"": 1.0, ""PprotArmPeakR"": 0.0, ""PprotBELockATR"": -9.0, ""PprotBELockR"": -9.0, ""PprotFridayHour"": -1, ""PprotFridayMinATR"": 0.0, ""PprotGivebackATR"": 0.0, ""PprotGivebackFrac"": 0.3, ""PprotMode"": 5, ""PprotPartialLots"": 0.0, ""PprotSleeveMask"": 3, ""PprotTPExtendATR"": 0.0, ""PprotTightenBars"": 0, ""PprotTightenSLATR"": 0.0, ""PprotTrailATR"": 0.0, ""PprotTrailPeakATR"": 0.0}",ml\pprot1\configs\pp_is_PP0197_20260831022741_4e9a76.yaml,pp_is_PP0197_20260831022741_4e9a76_deals.csv,2026-08-31T02:27:41+00:00,2026-08-31T02:31:51+00:00,250.494,
79d76ae1f6474d61ba97ef40645790c2,pp_is_PP0196_20260831022710_fb8668,PP0196,F05_giveback_frac,G3,IS,PROD,OK,IS_REJECT,PROFIT_DAMAGED,"IS net=210662 (-49.59%), PF=1.8271 (-18.95%), DD=4.8505% (+1.0563pt), trades=324 (+7.64%)",0,210662.0,1.8271,4.8505,324,0.504118,0.810531,1.0563,1.076412,"{""PprotArmAfterBars"": 0, ""PprotArmBeforeBars"": 0, ""PprotArmHourEnd"": -1, ""PprotArmHourStart"": -1, ""PprotArmMaxATRRatio"": 0.0, ""PprotArmMinATRRatio"": 0.0, ""PprotArmPeakATR"": 0.5, ""PprotArmPeakR"": 0.0, ""PprotBELockATR"": -9.0, ""PprotBELockR"": -9.0, ""PprotFridayHour"": -1, ""PprotFridayMinATR"": 0.0, ""PprotGivebackATR"": 0.0, ""PprotGivebackFrac"": 0.6, ""PprotMode"": 5, ""PprotPartialLots"": 0.0, ""PprotSleeveMask"": 3, ""PprotTPExtendATR"": 0.0, ""PprotTightenBars"": 0, ""PprotTightenSLATR"": 0.0, ""PprotTrailATR"": 0.0, ""PprotTrailPeakATR"": 0.0}",ml\pprot1\configs\pp_is_PP0196_20260831022710_fb8668.yaml,pp_is_PP0196_20260831022710_fb8668_deals.csv,2026-08-31T02:27:10+00:00,2026-08-31T02:31:56+00:00,285.689,
fb344e517c6f4526807556557246ea97,pp_is_PP0198_20260831022840_e44b89,PP0198,F05_giveback_frac,G3,IS,BT1,OK,IS_REJECT,PROFIT_DAMAGED,"IS net=224918 (-46.18%), PF=1.7189 (-23.75%), DD=4.8369% (+1.0427pt), trades=319 (+5.98%)",0,224918.0,1.7189,4.8369,319,0.538233,0.762532,1.0427,1.059801,"{""PprotArmAfterBars"": 0, ""PprotArmBeforeBars"": 0, ""PprotArmHourEnd"": -1, ""PprotArmHourStart"": -1, ""PprotArmMaxATRRatio"": 0.0, ""PprotArmMinATRRatio"": 0.0, ""PprotArmPeakATR"": 1.0, ""PprotArmPeakR"": 0.0, ""PprotBELockATR"": -9.0, ""PprotBELockR"": -9.0, ""PprotFridayHour"": -1, ""PprotFridayMinATR"": 0.0, ""PprotGivebackATR"": 0.0, ""PprotGivebackFrac"": 0.4, ""PprotMode"": 5, ""PprotPartialLots"": 0.0, ""PprotSleeveMask"": 3, ""PprotTPExtendATR"": 0.0, ""PprotTightenBars"": 0, ""PprotTightenSLATR"": 0.0, ""PprotTrailATR"": 0.0, ""PprotTrailPeakATR"": 0.0}",ml\pprot1\configs\pp_is_PP0198_20260831022840_e44b89.yaml,pp_is_PP0198_20260831022840_e44b89_deals.csv,2026-08-31T02:28:40+00:00,2026-08-31T02:33:06+00:00,265.337,
1c27e12f89204b88b8f772436e9ef524,pp_is_PP0199_20260831022900_1556df,PP0199,F05_giveback_frac,G3,IS,BT4,OK,IS_REJECT,PROFIT_DAMAGED,"IS net=231865 (-44.51%), PF=1.7524 (-22.26%), DD=4.7531% (+0.9589pt), trades=318 (+5.65%)",0,231865.0,1.7524,4.7531,318,0.554858,0.777393,0.9589,1.056478,"{""PprotArmAfterBars"": 0, ""PprotArmBeforeBars"": 0, ""PprotArmHourEnd"": -1, ""PprotArmHourStart"": -1, ""PprotArmMaxATRRatio"": 0.0, ""PprotArmMinATRRatio"": 0.0, ""PprotArmPeakATR"": 1.0, ""PprotArmPeakR"": 0.0, ""PprotBELockATR"": -9.0, ""PprotBELockR"": -9.0, ""PprotFridayHour"": -1, ""PprotFridayMinATR"": 0.0, ""PprotGivebackATR"": 0.0, ""PprotGivebackFrac"": 0.5, ""PprotMode"": 5, ""PprotPartialLots"": 0.0, ""PprotSleeveMask"": 3, ""PprotTPExtendATR"": 0.0, ""PprotTightenBars"": 0, ""PprotTightenSLATR"": 0.0, ""PprotTrailATR"": 0.0, ""PprotTrailPeakATR"": 0.0}",ml\pprot1\configs\pp_is_PP0199_20260831022900_1556df.yaml,pp_is_PP0199_20260831022900_1556df_deals.csv,2026-08-31T02:29:00+00:00,2026-08-31T02:33:50+00:00,290.558,
04fed83d61b0402c90b24100c770fd79,pp_is_PP0200_20260831022935_58a9d8,PP0200,F05_giveback_frac,G3,IS,BT2,OK,IS_REJECT,PROFIT_DAMAGED,"IS net=243097 (-41.83%), PF=1.7889 (-20.64%), DD=4.6430% (+0.8488pt), trades=318 (+5.65%)",0,243097.0,1.7889,4.643,318,0.581736,0.793585,0.8488,1.056478,"{""PprotArmAfterBars"": 0, ""PprotArmBeforeBars"": 0, ""PprotArmHourEnd"": -1, ""PprotArmHourStart"": -1, ""PprotArmMaxATRRatio"": 0.0, ""PprotArmMinATRRatio"": 0.0, ""PprotArmPeakATR"": 1.0, ""PprotArmPeakR"": 0.0, ""PprotBELockATR"": -9.0, ""PprotBELockR"": -9.0, ""PprotFridayHour"": -1, ""PprotFridayMinATR"": 0.0, ""PprotGivebackATR"": 0.0, ""PprotGivebackFrac"": 0.6, ""PprotMode"": 5, ""PprotPartialLots"": 0.0, ""PprotSleeveMask"": 3, ""PprotTPExtendATR"": 0.0, ""PprotTightenBars"": 0, ""PprotTightenSLATR"": 0.0, ""PprotTrailATR"": 0.0, ""PprotTrailPeakATR"": 0.0}",ml\pprot1\configs\pp_is_PP0200_20260831022935_58a9d8.yaml,pp_is_PP0200_20260831022935_58a9d8_deals.csv,2026-08-31T02:29:35+00:00,2026-08-31T02:34:16+00:00,280.965,
b6e5a086c62b4fb7888b41ffd4e235d5,pp_is_PP0201_20260831023151_d4717f,PP0201,F05_giveback_frac,G3,IS,BT3,OK,IS_REJECT,PROFIT_DAMAGED,"IS net=283601 (-32.13%), PF=1.9021 (-15.62%), DD=4.5988% (+0.8046pt), trades=317 (+5.32%)",0,283601.0,1.9021,4.5988,317,0.678663,0.843803,0.8046,1.053156,"{""PprotArmAfterBars"": 0, ""PprotArmBeforeBars"": 0, ""PprotArmHourEnd"": -1, ""PprotArmHourStart"": -1, ""PprotArmMaxATRRatio"": 0.0, ""PprotArmMinATRRatio"": 0.0, ""PprotArmPeakATR"": 1.5, ""PprotArmPeakR"": 0.0, ""PprotBELockATR"": -9.0, ""PprotBELockR"": -9.0, ""PprotFridayHour"": -1, ""PprotFridayMinATR"": 0.0, ""PprotGivebackATR"": 0.0, ""PprotGivebackFrac"": 0.3, ""PprotMode"": 5, ""PprotPartialLots"": 0.0, ""PprotSleeveMask"": 3, ""PprotTPExtendATR"": 0.0, ""PprotTightenBars"": 0, ""PprotTightenSLATR"": 0.0, ""PprotTrailATR"": 0.0, ""PprotTrailPeakATR"": 0.0}",ml\pprot1\configs\pp_is_PP0201_20260831023151_d4717f.yaml,pp_is_PP0201_20260831023151_d4717f_deals.csv,2026-08-31T02:31:51+00:00,2026-08-31T02:36:27+00:00,275.397,
d55212bfb67d44219e5c9b2ad411aa2d,pp_is_PP0202_20260831023156_0722a5,PP0202,F05_giveback_frac,G3,IS,PROD,OK,IS_REJECT,PROFIT_DAMAGED,"IS net=280995 (-32.76%), PF=1.8894 (-16.18%), DD=4.5998% (+0.8056pt), trades=316 (+4.98%)",0,280995.0,1.8894,4.5998,316,0.672427,0.838169,0.8056,1.049834,"{""PprotArmAfterBars"": 0, ""PprotArmBeforeBars"": 0, ""PprotArmHourEnd"": -1, ""PprotArmHourStart"": -1, ""PprotArmMaxATRRatio"": 0.0, ""PprotArmMinATRRatio"": 0.0, ""PprotArmPeakATR"": 1.5, ""PprotArmPeakR"": 0.0, ""PprotBELockATR"": -9.0, ""PprotBELockR"": -9.0, ""PprotFridayHour"": -1, ""PprotFridayMinATR"": 0.0, ""PprotGivebackATR"": 0.0, ""PprotGivebackFrac"": 0.4, ""PprotMode"": 5, ""PprotPartialLots"": 0.0, ""PprotSleeveMask"": 3, ""PprotTPExtendATR"": 0.0, ""PprotTightenBars"": 0, ""PprotTightenSLATR"": 0.0, ""PprotTrailATR"": 0.0, ""PprotTrailPeakATR"": 0.0}",ml\pprot1\configs\pp_is_PP0202_20260831023156_0722a5.yaml,pp_is_PP0202_20260831023156_0722a5_deals.csv,2026-08-31T02:31:56+00:00,2026-08-31T02:37:01+00:00,305.802,
db102e53658b4270ae89cba8dc79060a,pp_is_PP0203_20260831023306_0eac2f,PP0203,F05_giveback_frac,G3,IS,BT1,OK,IS_REJECT,PROFIT_DAMAGED,"IS net=299083 (-28.43%), PF=1.9687 (-12.67%), DD=4.4661% (+0.6719pt), trades=313 (+3.99%)",0,299083.0,1.9687,4.4661,313,0.715712,0.873348,0.6719,1.039867,"{""PprotArmAfterBars"": 0, ""PprotArmBeforeBars"": 0, ""PprotArmHourEnd"": -1, ""PprotArmHourStart"": -1, ""PprotArmMaxATRRatio"": 0.0, ""PprotArmMinATRRatio"": 0.0, ""PprotArmPeakATR"": 1.5, ""PprotArmPeakR"": 0.0, ""PprotBELockATR"": -9.0, ""PprotBELockR"": -9.0, ""PprotFridayHour"": -1, ""PprotFridayMinATR"": 0.0, ""PprotGivebackATR"": 0.0, ""PprotGivebackFrac"": 0.5, ""PprotMode"": 5, ""PprotPartialLots"": 0.0, ""PprotSleeveMask"": 3, ""PprotTPExtendATR"": 0.0, ""PprotTightenBars"": 0, ""PprotTightenSLATR"": 0.0, ""PprotTrailATR"": 0.0, ""PprotTrailPeakATR"": 0.0}",ml\pprot1\configs\pp_is_PP0203_20260831023306_0eac2f.yaml,pp_is_PP0203_20260831023306_0eac2f_deals.csv,2026-08-31T02:33:06+00:00,2026-08-31T02:37:42+00:00,275.994,
6c911d0195de4aeeb073d19c1249514a,pp_is_PP0204_20260831023350_d4377f,PP0204,F05_giveback_frac,G3,IS,BT4,OK,IS_REJECT,PROFIT_DAMAGED,"IS net=332690 (-20.39%), PF=2.0659 (-8.35%), DD=4.2495% (+0.4553pt), trades=313 (+3.99%)",0,332690.0,2.0659,4.2495,313,0.796134,0.916467,0.4553,1.039867,"{""PprotArmAfterBars"": 0, ""PprotArmBeforeBars"": 0, ""PprotArmHourEnd"": -1, ""PprotArmHourStart"": -1, ""PprotArmMaxATRRatio"": 0.0, ""PprotArmMinATRRatio"": 0.0, ""PprotArmPeakATR"": 1.5, ""PprotArmPeakR"": 0.0, ""PprotBELockATR"": -9.0, ""PprotBELockR"": -9.0, ""PprotFridayHour"": -1, ""PprotFridayMinATR"": 0.0, ""PprotGivebackATR"": 0.0, ""PprotGivebackFrac"": 0.6, ""PprotMode"": 5, ""PprotPartialLots"": 0.0, ""PprotSleeveMask"": 3, ""PprotTPExtendATR"": 0.0, ""PprotTightenBars"": 0, ""PprotTightenSLATR"": 0.0, ""PprotTrailATR"": 0.0, ""PprotTrailPeakATR"": 0.0}",ml\pprot1\configs\pp_is_PP0204_20260831023350_d4377f.yaml,pp_is_PP0204_20260831023350_d4377f_deals.csv,2026-08-31T02:33:50+00:00,2026-08-31T02:38:41+00:00,290.528,
a086b0d518a445e29ba224abbb07e68f,pp_is_PP0205_20260831023416_94e801,PP0205,F06_giveback_atr,G1,IS,BT2,OK,IS_REJECT,PROFIT_DAMAGED,"IS net=255853 (-38.77%), PF=1.9839 (-11.99%), DD=4.2960% (+0.5018pt), trades=326 (+8.31%)",0,255853.0,1.9839,4.296,326,0.612261,0.88009,0.5018,1.083056,"{""PprotArmAfterBars"": 0, ""PprotArmBeforeBars"": 0, ""PprotArmHourEnd"": -1, ""PprotArmHourStart"": -1, ""PprotArmMaxATRRatio"": 0.0, ""PprotArmMinATRRatio"": 0.0, ""PprotArmPeakATR"": 0.5, ""PprotArmPeakR"": 0.0, ""PprotBELockATR"": -9.0, ""PprotBELockR"": -9.0, ""PprotFridayHour"": -1, ""PprotFridayMinATR"": 0.0, ""PprotGivebackATR"": 0.25, ""PprotGivebackFrac"": 0.0, ""PprotMode"": 6, ""PprotPartialLots"": 0.0, ""PprotSleeveMask"": 1, ""PprotTPExtendATR"": 0.0, ""PprotTightenBars"": 0, ""PprotTightenSLATR"": 0.0, ""PprotTrailATR"": 0.0, ""PprotTrailPeakATR"": 0.0}",ml\pprot1\configs\pp_is_PP0205_20260831023416_94e801.yaml,pp_is_PP0205_20260831023416_94e801_deals.csv,2026-08-31T02:34:16+00:00,2026-08-31T02:38:42+00:00,265.148,
6c6f5793e55e4936942faee2cefefa59,pp_is_PP0210_20260831023842_5306b0,PP0210,F06_giveback_atr,G1,IS,BT2,FAILED,RUN_FAILED,NO_SUMMARY,,0,,,,,,,,,"{""PprotArmAfterBars"": 0, ""PprotArmBeforeBars"": 0, ""PprotArmHourEnd"": -1, ""PprotArmHourStart"": -1, ""PprotArmMaxATRRatio"": 0.0, ""PprotArmMinATRRatio"": 0.0, ""PprotArmPeakATR"": 1.0, ""PprotArmPeakR"": 0.0, ""PprotBELockATR"": -9.0, ""PprotBELockR"": -9.0, ""PprotFridayHour"": -1, ""PprotFridayMinATR"": 0.0, ""PprotGivebackATR"": 0.5, ""PprotGivebackFrac"": 0.0, ""PprotMode"": 6, ""PprotPartialLots"": 0.0, ""PprotSleeveMask"": 1, ""PprotTPExtendATR"": 0.0, ""PprotTightenBars"": 0, ""PprotTightenSLATR"": 0.0, ""PprotTrailATR"": 0.0, ""PprotTrailPeakATR"": 0.0}",ml\pprot1\configs\pp_is_PP0210_20260831023842_5306b0.yaml,pp_is_PP0210_20260831023842_5306b0_deals.csv,2026-08-31T02:38:42+00:00,2026-08-31T02:39:02+00:00,19.966,"✗ 結果解析エラー: [Errno 2] No such file or directory: 'C:\\Users\\f\\source\\repos\\mt5_backtester\\ml\\pprot1\\runs\\pp_is_PP0210_20260831023842_5306b0\\report.xml'
"
1b78ea6319a54c30be243f5983d20ccb,pp_is_PP0206_20260831023627_2cdd1f,PP0206,F06_giveback_atr,G1,IS,BT3,OK,IS_REJECT,PROFIT_DAMAGED,"IS net=241132 (-42.30%), PF=1.9273 (-14.50%), DD=4.7100% (+0.9158pt), trades=323 (+7.31%)",0,241132.0,1.9273,4.71,323,0.577034,0.854982,0.9158,1.07309,"{""PprotArmAfterBars"": 0, ""PprotArmBeforeBars"": 0, ""PprotArmHourEnd"": -1, ""PprotArmHourStart"": -1, ""PprotArmMaxATRRatio"": 0.0, ""PprotArmMinATRRatio"": 0.0, ""PprotArmPeakATR"": 0.5, ""PprotArmPeakR"": 0.0, ""PprotBELockATR"": -9.0, ""PprotBELockR"": -9.0, ""PprotFridayHour"": -1, ""PprotFridayMinATR"": 0.0, ""PprotGivebackATR"": 0.5, ""PprotGivebackFrac"": 0.0, ""PprotMode"": 6, ""PprotPartialLots"": 0.0, ""PprotSleeveMask"": 1, ""PprotTPExtendATR"": 0.0, ""PprotTightenBars"": 0, ""PprotTightenSLATR"": 0.0, ""PprotTrailATR"": 0.0, ""PprotTrailPeakATR"": 0.0}",ml\pprot1\configs\pp_is_PP0206_20260831023627_2cdd1f.yaml,pp_is_PP0206_20260831023627_2cdd1f_deals.csv,2026-08-31T02:36:27+00:00,2026-08-31T02:40:07+00:00,220.365,
babd397e635e4e4b880a29b07dca6daf,pp_is_PP0207_20260831023701_ee2bb1,PP0207,F06_giveback_atr,G1,IS,PROD,OK,IS_REJECT,PROFIT_DAMAGED,"IS net=228739 (-45.26%), PF=1.8122 (-19.61%), DD=5.0708% (+1.2766pt), trades=323 (+7.31%)",0,228739.0,1.8122,5.0708,323,0.547377,0.803922,1.2766,1.07309,"{""PprotArmAfterBars"": 0, ""PprotArmBeforeBars"": 0, ""PprotArmHourEnd"": -1, ""PprotArmHourStart"": -1, ""PprotArmMaxATRRatio"": 0.0, ""PprotArmMinATRRatio"": 0.0, ""PprotArmPeakATR"": 0.5, ""PprotArmPeakR"": 0.0, ""PprotBELockATR"": -9.0, ""PprotBELockR"": -9.0, ""PprotFridayHour"": -1, ""PprotFridayMinATR"": 0.0, ""PprotGivebackATR"": 0.75, ""PprotGivebackFrac"": 0.0, ""PprotMode"": 6, ""PprotPartialLots"": 0.0, ""PprotSleeveMask"": 1, ""PprotTPExtendATR"": 0.0, ""PprotTightenBars"": 0, ""PprotTightenSLATR"": 0.0, ""PprotTrailATR"": 0.0, ""PprotTrailPeakATR"": 0.0}",ml\pprot1\configs\pp_is_PP0207_20260831023701_ee2bb1.yaml,pp_is_PP0207_20260831023701_ee2bb1_deals.csv,2026-08-31T02:37:01+00:00,2026-08-31T02:41:37+00:00,275.541,
1e0674601bb44a0f971c0fa07a79dcbe,pp_is_PP0208_20260831023742_aecc06,PP0208,F06_giveback_atr,G1,IS,BT1,OK,IS_REJECT,PROFIT_DAMAGED,"IS net=251440 (-39.83%), PF=1.8670 (-17.18%), DD=5.2938% (+1.4996pt), trades=320 (+6.31%)",0,251440.0,1.867,5.2938,320,0.601701,0.828232,1.4996,1.063123,"{""PprotArmAfterBars"": 0, ""PprotArmBeforeBars"": 0, ""PprotArmHourEnd"": -1, ""PprotArmHourStart"": -1, ""PprotArmMaxATRRatio"": 0.0, ""PprotArmMinATRRatio"": 0.0, ""PprotArmPeakATR"": 0.5, ""PprotArmPeakR"": 0.0, ""PprotBELockATR"": -9.0, ""PprotBELockR"": -9.0, ""PprotFridayHour"": -1, ""PprotFridayMinATR"": 0.0, ""PprotGivebackATR"": 1.0, ""PprotGivebackFrac"": 0.0, ""PprotMode"": 6, ""PprotPartialLots"": 0.0, ""PprotSleeveMask"": 1, ""PprotTPExtendATR"": 0.0, ""PprotTightenBars"": 0, ""PprotTightenSLATR"": 0.0, ""PprotTrailATR"": 0.0, ""PprotTrailPeakATR"": 0.0}",ml\pprot1\configs\pp_is_PP0208_20260831023742_aecc06.yaml,pp_is_PP0208_20260831023742_aecc06_deals.csv,2026-08-31T02:37:42+00:00,2026-08-31T02:42:02+00:00,260.254,
43969cf3ffaa48f8977d958776dfcb33,pp_is_PP0209_20260831023841_50ece0,PP0209,F06_giveback_atr,G1,IS,BT4,OK,IS_REJECT,PROFIT_DAMAGED,"IS net=242019 (-42.08%), PF=1.7843 (-20.85%), DD=4.8559% (+1.0617pt), trades=319 (+5.98%)",0,242019.0,1.7843,4.8559,319,0.579156,0.791545,1.0617,1.059801,"{""PprotArmAfterBars"": 0, ""PprotArmBeforeBars"": 0, ""PprotArmHourEnd"": -1, ""PprotArmHourStart"": -1, ""PprotArmMaxATRRatio"": 0.0, ""PprotArmMinATRRatio"": 0.0, ""PprotArmPeakATR"": 1.0, ""PprotArmPeakR"": 0.0, ""PprotBELockATR"": -9.0, ""PprotBELockR"": -9.0, ""PprotFridayHour"": -1, ""PprotFridayMinATR"": 0.0, ""PprotGivebackATR"": 0.25, ""PprotGivebackFrac"": 0.0, ""PprotMode"": 6, ""PprotPartialLots"": 0.0, ""PprotSleeveMask"": 1, ""PprotTPExtendATR"": 0.0, ""PprotTightenBars"": 0, ""PprotTightenSLATR"": 0.0, ""PprotTrailATR"": 0.0, ""PprotTrailPeakATR"": 0.0}",ml\pprot1\configs\pp_is_PP0209_20260831023841_50ece0.yaml,pp_is_PP0209_20260831023841_50ece0_deals.csv,2026-08-31T02:38:41+00:00,2026-08-31T02:42:21+00:00,220.252,
609c0234b8c943169ec19f2fc0419abf,pp_is_PP0211_20260831023902_b0e30b,PP0211,F06_giveback_atr,G1,IS,BT2,OK,IS_REJECT,PROFIT_DAMAGED,"IS net=233776 (-44.06%), PF=1.7428 (-22.69%), DD=4.9213% (+1.1271pt), trades=320 (+6.31%)",0,233776.0,1.7428,4.9213,320,0.559431,0.773135,1.1271,1.063123,"{""PprotArmAfterBars"": 0, ""PprotArmBeforeBars"": 0, ""PprotArmHourEnd"": -1, ""PprotArmHourStart"": -1, ""PprotArmMaxATRRatio"": 0.0, ""PprotArmMinATRRatio"": 0.0, ""PprotArmPeakATR"": 1.0, ""PprotArmPeakR"": 0.0, ""PprotBELockATR"": -9.0, ""PprotBELockR"": -9.0, ""PprotFridayHour"": -1, ""PprotFridayMinATR"": 0.0, ""PprotGivebackATR"": 0.75, ""PprotGivebackFrac"": 0.0, ""PprotMode"": 6, ""PprotPartialLots"": 0.0, ""PprotSleeveMask"": 1, ""PprotTPExtendATR"": 0.0, ""PprotTightenBars"": 0, ""PprotTightenSLATR"": 0.0, ""PprotTrailATR"": 0.0, ""PprotTrailPeakATR"": 0.0}",ml\pprot1\configs\pp_is_PP0211_20260831023902_b0e30b.yaml,pp_is_PP0211_20260831023902_b0e30b_deals.csv,2026-08-31T02:39:02+00:00,2026-08-31T02:43:37+00:00,275.116,
04f0fb10aa96490cbae279bebe5d15d8,pp_is_PP0212_20260831024007_a386d7,PP0212,F06_giveback_atr,G1,IS,BT3,OK,IS_REJECT,PROFIT_DAMAGED,"IS net=258926 (-38.04%), PF=1.8412 (-18.32%), DD=4.7159% (+0.9217pt), trades=317 (+5.32%)",0,258926.0,1.8412,4.7159,317,0.619615,0.816786,0.9217,1.053156,"{""PprotArmAfterBars"": 0, ""PprotArmBeforeBars"": 0, ""PprotArmHourEnd"": -1, ""PprotArmHourStart"": -1, ""PprotArmMaxATRRatio"": 0.0, ""PprotArmMinATRRatio"": 0.0, ""PprotArmPeakATR"": 1.0, ""PprotArmPeakR"": 0.0, ""PprotBELockATR"": -9.0, ""PprotBELockR"": -9.0, ""PprotFridayHour"": -1, ""PprotFridayMinATR"": 0.0, ""PprotGivebackATR"": 1.0, ""PprotGivebackFrac"": 0.0, ""PprotMode"": 6, ""PprotPartialLots"": 0.0, ""PprotSleeveMask"": 1, ""PprotTPExtendATR"": 0.0, ""PprotTightenBars"": 0, ""PprotTightenSLATR"": 0.0, ""PprotTrailATR"": 0.0, ""PprotTrailPeakATR"": 0.0}",ml\pprot1\configs\pp_is_PP0212_20260831024007_a386d7.yaml,pp_is_PP0212_20260831024007_a386d7_deals.csv,2026-08-31T02:40:07+00:00,2026-08-31T02:44:12+00:00,245.078,
bca699e283564b34836cd38b3f108f99,pp_is_PP0213_20260831024137_61660d,PP0213,F06_giveback_atr,G1,IS,PROD,OK,IS_REJECT,PROFIT_DAMAGED,"IS net=297099 (-28.90%), PF=1.9534 (-13.34%), DD=4.5390% (+0.7448pt), trades=316 (+4.98%)",0,297099.0,1.9534,4.539,316,0.710964,0.86656,0.7448,1.049834,"{""PprotArmAfterBars"": 0, ""PprotArmBeforeBars"": 0, ""PprotArmHourEnd"": -1, ""PprotArmHourStart"": -1, ""PprotArmMaxATRRatio"": 0.0, ""PprotArmMinATRRatio"": 0.0, ""PprotArmPeakATR"": 1.5, ""PprotArmPeakR"": 0.0, ""PprotBELockATR"": -9.0, ""PprotBELockR"": -9.0, ""PprotFridayHour"": -1, ""PprotFridayMinATR"": 0.0, ""PprotGivebackATR"": 0.25, ""PprotGivebackFrac"": 0.0, ""PprotMode"": 6, ""PprotPartialLots"": 0.0, ""PprotSleeveMask"": 1, ""PprotTPExtendATR"": 0.0, ""PprotTightenBars"": 0, ""PprotTightenSLATR"": 0.0, ""PprotTrailATR"": 0.0, ""PprotTrailPeakATR"": 0.0}",ml\pprot1\configs\pp_is_PP0213_20260831024137_61660d.yaml,pp_is_PP0213_20260831024137_61660d_deals.csv,2026-08-31T02:41:37+00:00,2026-08-31T02:46:08+00:00,270.904,
a8d4bdc587794f4eb5b98f8650b67b33,pp_is_PP0215_20260831024221_79cdca,PP0215,F06_giveback_atr,G1,IS,BT4,OK,IS_REJECT,PROFIT_DAMAGED,"IS net=273933 (-34.45%), PF=1.8620 (-17.40%), DD=4.6551% (+0.8609pt), trades=316 (+4.98%)",0,273933.0,1.862,4.6551,316,0.655527,0.826014,0.8609,1.049834,"{""PprotArmAfterBars"": 0, ""PprotArmBeforeBars"": 0, ""PprotArmHourEnd"": -1, ""PprotArmHourStart"": -1, ""PprotArmMaxATRRatio"": 0.0, ""PprotArmMinATRRatio"": 0.0, ""PprotArmPeakATR"": 1.5, ""PprotArmPeakR"": 0.0, ""PprotBELockATR"": -9.0, ""PprotBELockR"": -9.0, ""PprotFridayHour"": -1, ""PprotFridayMinATR"": 0.0, ""PprotGivebackATR"": 0.75, ""PprotGivebackFrac"": 0.0, ""PprotMode"": 6, ""PprotPartialLots"": 0.0, ""PprotSleeveMask"": 1, ""PprotTPExtendATR"": 0.0, ""PprotTightenBars"": 0, ""PprotTightenSLATR"": 0.0, ""PprotTrailATR"": 0.0, ""PprotTrailPeakATR"": 0.0}",ml\pprot1\configs\pp_is_PP0215_20260831024221_79cdca.yaml,pp_is_PP0215_20260831024221_79cdca_deals.csv,2026-08-31T02:42:21+00:00,2026-08-31T02:46:11+00:00,230.139,
85a76864782f4040b91f9a8985c94e54,pp_is_PP0214_20260831024202_869b3a,PP0214,F06_giveback_atr,G1,IS,BT1,OK,IS_REJECT,PROFIT_DAMAGED,"IS net=285531 (-31.67%), PF=1.9162 (-14.99%), DD=4.5964% (+0.8022pt), trades=316 (+4.98%)",0,285531.0,1.9162,4.5964,316,0.683281,0.850058,0.8022,1.049834,"{""PprotArmAfterBars"": 0, ""PprotArmBeforeBars"": 0, ""PprotArmHourEnd"": -1, ""PprotArmHourStart"": -1, ""PprotArmMaxATRRatio"": 0.0, ""PprotArmMinATRRatio"": 0.0, ""PprotArmPeakATR"": 1.5, ""PprotArmPeakR"": 0.0, ""PprotBELockATR"": -9.0, ""PprotBELockR"": -9.0, ""PprotFridayHour"": -1, ""PprotFridayMinATR"": 0.0, ""PprotGivebackATR"": 0.5, ""PprotGivebackFrac"": 0.0, ""PprotMode"": 6, ""PprotPartialLots"": 0.0, ""PprotSleeveMask"": 1, ""PprotTPExtendATR"": 0.0, ""PprotTightenBars"": 0, ""PprotTightenSLATR"": 0.0, ""PprotTrailATR"": 0.0, ""PprotTrailPeakATR"": 0.0}",ml\pprot1\configs\pp_is_PP0214_20260831024202_869b3a.yaml,pp_is_PP0214_20260831024202_869b3a_deals.csv,2026-08-31T02:42:02+00:00,2026-08-31T02:46:38+00:00,275.737,
d474233c729b49a1bf663f85c2880feb,pp_is_PP0216_20260831024337_b33df1,PP0216,F06_giveback_atr,G1,IS,BT2,OK,IS_REJECT,PROFIT_DAMAGED,"IS net=314505 (-24.74%), PF=2.0045 (-11.08%), DD=4.3748% (+0.5806pt), trades=315 (+4.65%)",0,314505.0,2.0045,4.3748,315,0.752617,0.889229,0.5806,1.046512,"{""PprotArmAfterBars"": 0, ""PprotArmBeforeBars"": 0, ""PprotArmHourEnd"": -1, ""PprotArmHourStart"": -1, ""PprotArmMaxATRRatio"": 0.0, ""PprotArmMinATRRatio"": 0.0, ""PprotArmPeakATR"": 1.5, ""PprotArmPeakR"": 0.0, ""PprotBELockATR"": -9.0, ""PprotBELockR"": -9.0, ""PprotFridayHour"": -1, ""PprotFridayMinATR"": 0.0, ""PprotGivebackATR"": 1.0, ""PprotGivebackFrac"": 0.0, ""PprotMode"": 6, ""PprotPartialLots"": 0.0, ""PprotSleeveMask"": 1, ""PprotTPExtendATR"": 0.0, ""PprotTightenBars"": 0, ""PprotTightenSLATR"": 0.0, ""PprotTrailATR"": 0.0, ""PprotTrailPeakATR"": 0.0}",ml\pprot1\configs\pp_is_PP0216_20260831024337_b33df1.yaml,pp_is_PP0216_20260831024337_b33df1_deals.csv,2026-08-31T02:43:37+00:00,2026-08-31T02:48:12+00:00,275.333,
ca74fdc422bd4f3fbc92dd6b0a1bece3,pp_is_PP0217_20260831024412_934dd6,PP0217,F06_giveback_atr,G2,IS,BT3,OK,IS_REJECT,PROFIT_DAMAGED,"IS net=344288 (-17.61%), PF=2.0502 (-9.05%), DD=4.0535% (+0.2593pt), trades=301 (+0.00%)",0,344288.0,2.0502,4.0535,301,0.823888,0.909502,0.2593,1.0,"{""PprotArmAfterBars"": 0, ""PprotArmBeforeBars"": 0, ""PprotArmHourEnd"": -1, ""PprotArmHourStart"": -1, ""PprotArmMaxATRRatio"": 0.0, ""PprotArmMinATRRatio"": 0.0, ""PprotArmPeakATR"": 0.5, ""PprotArmPeakR"": 0.0, ""PprotBELockATR"": -9.0, ""PprotBELockR"": -9.0, ""PprotFridayHour"": -1, ""PprotFridayMinATR"": 0.0, ""PprotGivebackATR"": 0.25, ""PprotGivebackFrac"": 0.0, ""PprotMode"": 6, ""PprotPartialLots"": 0.0, ""PprotSleeveMask"": 2, ""PprotTPExtendATR"": 0.0, ""PprotTightenBars"": 0, ""PprotTightenSLATR"": 0.0, ""PprotTrailATR"": 0.0, ""PprotTrailPeakATR"": 0.0}",ml\pprot1\configs\pp_is_PP0217_20260831024412_934dd6.yaml,pp_is_PP0217_20260831024412_934dd6_deals.csv,2026-08-31T02:44:12+00:00,2026-08-31T02:48:48+00:00,275.715,
7c45d02e1e374e6bae5b3439b0241b13,pp_is_PP0218_20260831024608_dadf84,PP0218,F06_giveback_atr,G2,IS,PROD,OK,IS_REJECT,PROFIT_DAMAGED,"IS net=385968 (-7.64%), PF=2.1773 (-3.41%), DD=3.8468% (+0.0526pt), trades=301 (+0.00%)",0,385968.0,2.1773,3.8468,301,0.923629,0.965886,0.0526,1.0,"{""PprotArmAfterBars"": 0, ""PprotArmBeforeBars"": 0, ""PprotArmHourEnd"": -1, ""PprotArmHourStart"": -1, ""PprotArmMaxATRRatio"": 0.0, ""PprotArmMinATRRatio"": 0.0, ""PprotArmPeakATR"": 0.5, ""PprotArmPeakR"": 0.0, ""PprotBELockATR"": -9.0, ""PprotBELockR"": -9.0, ""PprotFridayHour"": -1, ""PprotFridayMinATR"": 0.0, ""PprotGivebackATR"": 0.5, ""PprotGivebackFrac"": 0.0, ""PprotMode"": 6, ""PprotPartialLots"": 0.0, ""PprotSleeveMask"": 2, ""PprotTPExtendATR"": 0.0, ""PprotTightenBars"": 0, ""PprotTightenSLATR"": 0.0, ""PprotTrailATR"": 0.0, ""PprotTrailPeakATR"": 0.0}",ml\pprot1\configs\pp_is_PP0218_20260831024608_dadf84.yaml,pp_is_PP0218_20260831024608_dadf84_deals.csv,2026-08-31T02:46:08+00:00,2026-08-31T02:49:25+00:00,196.98,
e0669d1d3ff84851a178197e86d378be,pp_is_PP0219_20260831024611_62f961,PP0219,F06_giveback_atr,G2,IS,BT4,OK,IS_REJECT,PROFIT_DAMAGED,"IS net=388885 (-6.94%), PF=2.1682 (-3.82%), DD=3.8098% (+0.0156pt), trades=301 (+0.00%)",0,388885.0,2.1682,3.8098,301,0.93061,0.961849,0.0156,1.0,"{""PprotArmAfterBars"": 0, ""PprotArmBeforeBars"": 0, ""PprotArmHourEnd"": -1, ""PprotArmHourStart"": -1, ""PprotArmMaxATRRatio"": 0.0, ""PprotArmMinATRRatio"": 0.0, ""PprotArmPeakATR"": 0.5, ""PprotArmPeakR"": 0.0, ""PprotBELockATR"": -9.0, ""PprotBELockR"": -9.0, ""PprotFridayHour"": -1, ""PprotFridayMinATR"": 0.0, ""PprotGivebackATR"": 0.75, ""PprotGivebackFrac"": 0.0, ""PprotMode"": 6, ""PprotPartialLots"": 0.0, ""PprotSleeveMask"": 2, ""PprotTPExtendATR"": 0.0, ""PprotTightenBars"": 0, ""PprotTightenSLATR"": 0.0, ""PprotTrailATR"": 0.0, ""PprotTrailPeakATR"": 0.0}",ml\pprot1\configs\pp_is_PP0219_20260831024611_62f961.yaml,pp_is_PP0219_20260831024611_62f961_deals.csv,2026-08-31T02:46:11+00:00,2026-08-31T02:49:52+00:00,220.325,
2aecb2ec0662457292712adc56ea0ffe,pp_is_PP0220_20260831024638_4e566e,PP0220,F06_giveback_atr,G2,IS,BT1,OK,IS_REJECT,PROFIT_DAMAGED,"IS net=385182 (-7.83%), PF=2.1512 (-4.57%), DD=3.8037% (+0.0095pt), trades=301 (+0.00%)",0,385182.0,2.1512,3.8037,301,0.921748,0.954308,0.0095,1.0,"{""PprotArmAfterBars"": 0, ""PprotArmBeforeBars"": 0, ""PprotArmHourEnd"": -1, ""PprotArmHourStart"": -1, ""PprotArmMaxATRRatio"": 0.0, ""PprotArmMinATRRatio"": 0.0, ""PprotArmPeakATR"": 0.5, ""PprotArmPeakR"": 0.0, ""PprotBELockATR"": -9.0, ""PprotBELockR"": -9.0, ""PprotFridayHour"": -1, ""PprotFridayMinATR"": 0.0, ""PprotGivebackATR"": 1.0, ""PprotGivebackFrac"": 0.0, ""PprotMode"": 6, ""PprotPartialLots"": 0.0, ""PprotSleeveMask"": 2, ""PprotTPExtendATR"": 0.0, ""PprotTightenBars"": 0, ""PprotTightenSLATR"": 0.0, ""PprotTrailATR"": 0.0, ""PprotTrailPeakATR"": 0.0}",ml\pprot1\configs\pp_is_PP0220_20260831024638_4e566e.yaml,pp_is_PP0220_20260831024638_4e566e_deals.csv,2026-08-31T02:46:38+00:00,2026-08-31T02:51:29+00:00,291.446,
f1221356082f4903b85f18626c3fb5b0,pp_is_PP0221_20260831024812_4aa1fd,PP0221,F06_giveback_atr,G2,IS,BT2,OK,IS_REJECT,PROFIT_DAMAGED,"IS net=393024 (-5.95%), PF=2.1796 (-3.31%), DD=3.8374% (+0.0432pt), trades=301 (+0.00%)",0,393024.0,2.1796,3.8374,301,0.940514,0.966906,0.0432,1.0,"{""PprotArmAfterBars"": 0, ""PprotArmBeforeBars"": 0, ""PprotArmHourEnd"": -1, ""PprotArmHourStart"": -1, ""PprotArmMaxATRRatio"": 0.0, ""PprotArmMinATRRatio"": 0.0, ""PprotArmPeakATR"": 1.0, ""PprotArmPeakR"": 0.0, ""PprotBELockATR"": -9.0, ""PprotBELockR"": -9.0, ""PprotFridayHour"": -1, ""PprotFridayMinATR"": 0.0, ""PprotGivebackATR"": 0.25, ""PprotGivebackFrac"": 0.0, ""PprotMode"": 6, ""PprotPartialLots"": 0.0, ""PprotSleeveMask"": 2, ""PprotTPExtendATR"": 0.0, ""PprotTightenBars"": 0, ""PprotTightenSLATR"": 0.0, ""PprotTrailATR"": 0.0, ""PprotTrailPeakATR"": 0.0}",ml\pprot1\configs\pp_is_PP0221_20260831024812_4aa1fd.yaml,pp_is_PP0221_20260831024812_4aa1fd_deals.csv,2026-08-31T02:48:12+00:00,2026-08-31T02:52:52+00:00,280.269,
b85effc42cad4629a31573105c3b2285,pp_is_PP0222_20260831024848_080c0a,PP0222,F06_giveback_atr,G2,IS,BT3,OK,IS_REJECT,PROFIT_DAMAGED,"IS net=396143 (-5.20%), PF=2.1890 (-2.89%), DD=3.7997% (+0.0055pt), trades=301 (+0.00%)",0,396143.0,2.189,3.7997,301,0.947978,0.971076,0.0055,1.0,"{""PprotArmAfterBars"": 0, ""PprotArmBeforeBars"": 0, ""PprotArmHourEnd"": -1, ""PprotArmHourStart"": -1, ""PprotArmMaxATRRatio"": 0.0, ""PprotArmMinATRRatio"": 0.0, ""PprotArmPeakATR"": 1.0, ""PprotArmPeakR"": 0.0, ""PprotBELockATR"": -9.0, ""PprotBELockR"": -9.0, ""PprotFridayHour"": -1, ""PprotFridayMinATR"": 0.0, ""PprotGivebackATR"": 0.5, ""PprotGivebackFrac"": 0.0, ""PprotMode"": 6, ""PprotPartialLots"": 0.0, ""PprotSleeveMask"": 2, ""PprotTPExtendATR"": 0.0, ""PprotTightenBars"": 0, ""PprotTightenSLATR"": 0.0, ""PprotTrailATR"": 0.0, ""PprotTrailPeakATR"": 0.0}",ml\pprot1\configs\pp_is_PP0222_20260831024848_080c0a.yaml,pp_is_PP0222_20260831024848_080c0a_deals.csv,2026-08-31T02:48:48+00:00,2026-08-31T02:53:48+00:00,300.363,
99b4f2bdaad94f72b5946130afc83df3,pp_is_PP0224_20260831024952_4f974d,PP0224,F06_giveback_atr,G2,IS,BT4,OK,IS_REJECT,PROFIT_DAMAGED,"IS net=387262 (-7.33%), PF=2.1623 (-4.08%), DD=3.7942% (+0.0000pt), trades=301 (+0.00%)",0,387262.0,2.1623,3.7942,301,0.926726,0.959232,0.0,1.0,"{""PprotArmAfterBars"": 0, ""PprotArmBeforeBars"": 0, ""PprotArmHourEnd"": -1, ""PprotArmHourStart"": -1, ""PprotArmMaxATRRatio"": 0.0, ""PprotArmMinATRRatio"": 0.0, ""PprotArmPeakATR"": 1.0, ""PprotArmPeakR"": 0.0, ""PprotBELockATR"": -9.0, ""PprotBELockR"": -9.0, ""PprotFridayHour"": -1, ""PprotFridayMinATR"": 0.0, ""PprotGivebackATR"": 1.0, ""PprotGivebackFrac"": 0.0, ""PprotMode"": 6, ""PprotPartialLots"": 0.0, ""PprotSleeveMask"": 2, ""PprotTPExtendATR"": 0.0, ""PprotTightenBars"": 0, ""PprotTightenSLATR"": 0.0, ""PprotTrailATR"": 0.0, ""PprotTrailPeakATR"": 0.0}",ml\pprot1\configs\pp_is_PP0224_20260831024952_4f974d.yaml,pp_is_PP0224_20260831024952_4f974d_deals.csv,2026-08-31T02:49:52+00:00,2026-08-31T02:54:02+00:00,250.066,
643b4ae5cdf44418a322389ae8460d72,pp_is_PP0223_20260831024925_6f21c4,PP0223,F06_giveback_atr,G2,IS,PROD,OK,IS_REJECT,PROFIT_DAMAGED,"IS net=392303 (-6.12%), PF=2.1774 (-3.41%), DD=3.7942% (+0.0000pt), trades=301 (+0.00%)",0,392303.0,2.1774,3.7942,301,0.938789,0.96593,0.0,1.0,"{""PprotArmAfterBars"": 0, ""PprotArmBeforeBars"": 0, ""PprotArmHourEnd"": -1, ""PprotArmHourStart"": -1, ""PprotArmMaxATRRatio"": 0.0, ""PprotArmMinATRRatio"": 0.0, ""PprotArmPeakATR"": 1.0, ""PprotArmPeakR"": 0.0, ""PprotBELockATR"": -9.0, ""PprotBELockR"": -9.0, ""PprotFridayHour"": -1, ""PprotFridayMinATR"": 0.0, ""PprotGivebackATR"": 0.75, ""PprotGivebackFrac"": 0.0, ""PprotMode"": 6, ""PprotPartialLots"": 0.0, ""PprotSleeveMask"": 2, ""PprotTPExtendATR"": 0.0, ""PprotTightenBars"": 0, ""PprotTightenSLATR"": 0.0, ""PprotTrailATR"": 0.0, ""PprotTrailPeakATR"": 0.0}",ml\pprot1\configs\pp_is_PP0223_20260831024925_6f21c4.yaml,pp_is_PP0223_20260831024925_6f21c4_deals.csv,2026-08-31T02:49:25+00:00,2026-08-31T02:54:21+00:00,295.96,
eb2eb0fe2af34dd2aca4ff519530bee2,pp_is_PP0225_20260831025129_0db0ce,PP0225,F06_giveback_atr,G2,IS,BT1,OK,IS_REJECT,PROFIT_DAMAGED,"IS net=411431 (-1.54%), PF=2.2348 (-0.86%), DD=3.7942% (+0.0000pt), trades=301 (+0.00%)",0,411431.0,2.2348,3.7942,301,0.984563,0.991394,0.0,1.0,"{""PprotArmAfterBars"": 0, ""PprotArmBeforeBars"": 0, ""PprotArmHourEnd"": -1, ""PprotArmHourStart"": -1, ""PprotArmMaxATRRatio"": 0.0, ""PprotArmMinATRRatio"": 0.0, ""PprotArmPeakATR"": 1.5, ""PprotArmPeakR"": 0.0, ""PprotBELockATR"": -9.0, ""PprotBELockR"": -9.0, ""PprotFridayHour"": -1, ""PprotFridayMinATR"": 0.0, ""PprotGivebackATR"": 0.25, ""PprotGivebackFrac"": 0.0, ""PprotMode"": 6, ""PprotPartialLots"": 0.0, ""PprotSleeveMask"": 2, ""PprotTPExtendATR"": 0.0, ""PprotTightenBars"": 0, ""PprotTightenSLATR"": 0.0, ""PprotTrailATR"": 0.0, ""PprotTrailPeakATR"": 0.0}",ml\pprot1\configs\pp_is_PP0225_20260831025129_0db0ce.yaml,pp_is_PP0225_20260831025129_0db0ce_deals.csv,2026-08-31T02:51:29+00:00,2026-08-31T02:55:39+00:00,250.214,
2375416f7b2149e79c92d17d36a78007,pp_is_PP0226_20260831025252_72e1c7,PP0226,F06_giveback_atr,G2,IS,BT2,OK,IS_NOISE_BAND,EFFECT_WITHIN_NOISE_BAND,"IS net=417882 (+0.00%), PF=2.2542 (+0.00%), DD=3.7942% (+0.0000pt), trades=301 (+0.00%)",0,417882.0,2.2542,3.7942,301,1.0,1.0,0.0,1.0,"{""PprotArmAfterBars"": 0, ""PprotArmBeforeBars"": 0, ""PprotArmHourEnd"": -1, ""PprotArmHourStart"": -1, ""PprotArmMaxATRRatio"": 0.0, ""PprotArmMinATRRatio"": 0.0, ""PprotArmPeakATR"": 1.5, ""PprotArmPeakR"": 0.0, ""PprotBELockATR"": -9.0, ""PprotBELockR"": -9.0, ""PprotFridayHour"": -1, ""PprotFridayMinATR"": 0.0, ""PprotGivebackATR"": 0.5, ""PprotGivebackFrac"": 0.0, ""PprotMode"": 6, ""PprotPartialLots"": 0.0, ""PprotSleeveMask"": 2, ""PprotTPExtendATR"": 0.0, ""PprotTightenBars"": 0, ""PprotTightenSLATR"": 0.0, ""PprotTrailATR"": 0.0, ""PprotTrailPeakATR"": 0.0}",ml\pprot1\configs\pp_is_PP0226_20260831025252_72e1c7.yaml,pp_is_PP0226_20260831025252_72e1c7_deals.csv,2026-08-31T02:52:52+00:00,2026-08-31T02:56:52+00:00,240.006,
a818684ba66a4292b0a966dbb0fdd3b6,pp_is_PP0228_20260831025402_e6a229,PP0228,F06_giveback_atr,G2,IS,BT4,OK,IS_NOISE_BAND,EFFECT_WITHIN_NOISE_BAND,"IS net=417882 (+0.00%), PF=2.2542 (+0.00%), DD=3.7942% (+0.0000pt), trades=301 (+0.00%)",0,417882.0,2.2542,3.7942,301,1.0,1.0,0.0,1.0,"{""PprotArmAfterBars"": 0, ""PprotArmBeforeBars"": 0, ""PprotArmHourEnd"": -1, ""PprotArmHourStart"": -1, ""PprotArmMaxATRRatio"": 0.0, ""PprotArmMinATRRatio"": 0.0, ""PprotArmPeakATR"": 1.5, ""PprotArmPeakR"": 0.0, ""PprotBELockATR"": -9.0, ""PprotBELockR"": -9.0, ""PprotFridayHour"": -1, ""PprotFridayMinATR"": 0.0, ""PprotGivebackATR"": 1.0, ""PprotGivebackFrac"": 0.0, ""PprotMode"": 6, ""PprotPartialLots"": 0.0, ""PprotSleeveMask"": 2, ""PprotTPExtendATR"": 0.0, ""PprotTightenBars"": 0, ""PprotTightenSLATR"": 0.0, ""PprotTrailATR"": 0.0, ""PprotTrailPeakATR"": 0.0}",ml\pprot1\configs\pp_is_PP0228_20260831025402_e6a229.yaml,pp_is_PP0228_20260831025402_e6a229_deals.csv,2026-08-31T02:54:02+00:00,2026-08-31T02:58:27+00:00,264.86,
ad8aa51b092a4d07a192b057d874691e,pp_is_PP0227_20260831025348_73f249,PP0227,F06_giveback_atr,G2,IS,BT3,OK,IS_NOISE_BAND,EFFECT_WITHIN_NOISE_BAND,"IS net=417882 (+0.00%), PF=2.2542 (+0.00%), DD=3.7942% (+0.0000pt), trades=301 (+0.00%)",0,417882.0,2.2542,3.7942,301,1.0,1.0,0.0,1.0,"{""PprotArmAfterBars"": 0, ""PprotArmBeforeBars"": 0, ""PprotArmHourEnd"": -1, ""PprotArmHourStart"": -1, ""PprotArmMaxATRRatio"": 0.0, ""PprotArmMinATRRatio"": 0.0, ""PprotArmPeakATR"": 1.5, ""PprotArmPeakR"": 0.0, ""PprotBELockATR"": -9.0, ""PprotBELockR"": -9.0, ""PprotFridayHour"": -1, ""PprotFridayMinATR"": 0.0, ""PprotGivebackATR"": 0.75, ""PprotGivebackFrac"": 0.0, ""PprotMode"": 6, ""PprotPartialLots"": 0.0, ""PprotSleeveMask"": 2, ""PprotTPExtendATR"": 0.0, ""PprotTightenBars"": 0, ""PprotTightenSLATR"": 0.0, ""PprotTrailATR"": 0.0, ""PprotTrailPeakATR"": 0.0}",ml\pprot1\configs\pp_is_PP0227_20260831025348_73f249.yaml,pp_is_PP0227_20260831025348_73f249_deals.csv,2026-08-31T02:53:48+00:00,2026-08-31T02:58:34+00:00,285.328,
7fc370e40d4941609dbc0ef04e4c670c,pp_is_PP0229_20260831025421_f513c0,PP0229,F06_giveback_atr,G3,IS,PROD,OK,IS_REJECT,PROFIT_DAMAGED,"IS net=182259 (-56.39%), PF=1.7156 (-23.89%), DD=4.4180% (+0.6238pt), trades=326 (+8.31%)",0,182259.0,1.7156,4.418,326,0.436149,0.761068,0.6238,1.083056,"{""PprotArmAfterBars"": 0, ""PprotArmBeforeBars"": 0, ""PprotArmHourEnd"": -1, ""PprotArmHourStart"": -1, ""PprotArmMaxATRRatio"": 0.0, ""PprotArmMinATRRatio"": 0.0, ""PprotArmPeakATR"": 0.5, ""PprotArmPeakR"": 0.0, ""PprotBELockATR"": -9.0, ""PprotBELockR"": -9.0, ""PprotFridayHour"": -1, ""PprotFridayMinATR"": 0.0, ""PprotGivebackATR"": 0.25, ""PprotGivebackFrac"": 0.0, ""PprotMode"": 6, ""PprotPartialLots"": 0.0, ""PprotSleeveMask"": 3, ""PprotTPExtendATR"": 0.0, ""PprotTightenBars"": 0, ""PprotTightenSLATR"": 0.0, ""PprotTrailATR"": 0.0, ""PprotTrailPeakATR"": 0.0}",ml\pprot1\configs\pp_is_PP0229_20260831025421_f513c0.yaml,pp_is_PP0229_20260831025421_f513c0_deals.csv,2026-08-31T02:54:21+00:00,2026-08-31T02:59:17+00:00,296.17,
f936543b961e434c942a2f307c254bc9,pp_is_PP0230_20260831025539_0f5bf9,PP0230,F06_giveback_atr,G3,IS,BT1,OK,IS_REJECT,PROFIT_DAMAGED,"IS net=209218 (-49.93%), PF=1.8214 (-19.20%), DD=5.0527% (+1.2585pt), trades=323 (+7.31%)",0,209218.0,1.8214,5.0527,323,0.500663,0.808003,1.2585,1.07309,"{""PprotArmAfterBars"": 0, ""PprotArmBeforeBars"": 0, ""PprotArmHourEnd"": -1, ""PprotArmHourStart"": -1, ""PprotArmMaxATRRatio"": 0.0, ""PprotArmMinATRRatio"": 0.0, ""PprotArmPeakATR"": 0.5, ""PprotArmPeakR"": 0.0, ""PprotBELockATR"": -9.0, ""PprotBELockR"": -9.0, ""PprotFridayHour"": -1, ""PprotFridayMinATR"": 0.0, ""PprotGivebackATR"": 0.5, ""PprotGivebackFrac"": 0.0, ""PprotMode"": 6, ""PprotPartialLots"": 0.0, ""PprotSleeveMask"": 3, ""PprotTPExtendATR"": 0.0, ""PprotTightenBars"": 0, ""PprotTightenSLATR"": 0.0, ""PprotTrailATR"": 0.0, ""PprotTrailPeakATR"": 0.0}",ml\pprot1\configs\pp_is_PP0230_20260831025539_0f5bf9.yaml,pp_is_PP0230_20260831025539_0f5bf9_deals.csv,2026-08-31T02:55:39+00:00,2026-08-31T02:59:55+00:00,255.467,
8d9be85f63c240e5b594fd3609c4fb99,pp_is_PP0231_20260831025652_8e2dc5,PP0231,F06_giveback_atr,G3,IS,BT2,OK,IS_REJECT,PROFIT_DAMAGED,"IS net=199742 (-52.20%), PF=1.7100 (-24.14%), DD=5.6066% (+1.8124pt), trades=323 (+7.31%)",0,199742.0,1.71,5.6066,323,0.477987,0.758584,1.8124,1.07309,"{""PprotArmAfterBars"": 0, ""PprotArmBeforeBars"": 0, ""PprotArmHourEnd"": -1, ""PprotArmHourStart"": -1, ""PprotArmMaxATRRatio"": 0.0, ""PprotArmMinATRRatio"": 0.0, ""PprotArmPeakATR"": 0.5, ""PprotArmPeakR"": 0.0, ""PprotBELockATR"": -9.0, ""PprotBELockR"": -9.0, ""PprotFridayHour"": -1, ""PprotFridayMinATR"": 0.0, ""PprotGivebackATR"": 0.75, ""PprotGivebackFrac"": 0.0, ""PprotMode"": 6, ""PprotPartialLots"": 0.0, ""PprotSleeveMask"": 3, ""PprotTPExtendATR"": 0.0, ""PprotTightenBars"": 0, ""PprotTightenSLATR"": 0.0, ""PprotTrailATR"": 0.0, ""PprotTrailPeakATR"": 0.0}",ml\pprot1\configs\pp_is_PP0231_20260831025652_8e2dc5.yaml,pp_is_PP0231_20260831025652_8e2dc5_deals.csv,2026-08-31T02:56:52+00:00,2026-08-31T03:01:03+00:00,250.633,
774e1a88c8644c13808c903e4d28012b,pp_is_PP0232_20260831025827_d827ce,PP0232,F06_giveback_atr,G3,IS,BT4,OK,IS_REJECT,PROFIT_DAMAGED,"IS net=218740 (-47.66%), PF=1.7506 (-22.34%), DD=5.3146% (+1.5204pt), trades=320 (+6.31%)",0,218740.0,1.7506,5.3146,320,0.523449,0.776595,1.5204,1.063123,"{""PprotArmAfterBars"": 0, ""PprotArmBeforeBars"": 0, ""PprotArmHourEnd"": -1, ""PprotArmHourStart"": -1, ""PprotArmMaxATRRatio"": 0.0, ""PprotArmMinATRRatio"": 0.0, ""PprotArmPeakATR"": 0.5, ""PprotArmPeakR"": 0.0, ""PprotBELockATR"": -9.0, ""PprotBELockR"": -9.0, ""PprotFridayHour"": -1, ""PprotFridayMinATR"": 0.0, ""PprotGivebackATR"": 1.0, ""PprotGivebackFrac"": 0.0, ""PprotMode"": 6, ""PprotPartialLots"": 0.0, ""PprotSleeveMask"": 3, ""PprotTPExtendATR"": 0.0, ""PprotTightenBars"": 0, ""PprotTightenSLATR"": 0.0, ""PprotTrailATR"": 0.0, ""PprotTrailPeakATR"": 0.0}",ml\pprot1\configs\pp_is_PP0232_20260831025827_d827ce.yaml,pp_is_PP0232_20260831025827_d827ce_deals.csv,2026-08-31T02:58:27+00:00,2026-08-31T03:01:52+00:00,205.272,
c9e2c48093ac4a56a0b4bebeca3377ff,pp_is_PP0233_20260831025834_939577,PP0233,F06_giveback_atr,G3,IS,BT3,OK,IS_REJECT,PROFIT_DAMAGED,"IS net=217161 (-48.03%), PF=1.7038 (-24.42%), DD=4.9266% (+1.1324pt), trades=319 (+5.98%)",0,217161.0,1.7038,4.9266,319,0.519671,0.755834,1.1324,1.059801,"{""PprotArmAfterBars"": 0, ""PprotArmBeforeBars"": 0, ""PprotArmHourEnd"": -1, ""PprotArmHourStart"": -1, ""PprotArmMaxATRRatio"": 0.0, ""PprotArmMinATRRatio"": 0.0, ""PprotArmPeakATR"": 1.0, ""PprotArmPeakR"": 0.0, ""PprotBELockATR"": -9.0, ""PprotBELockR"": -9.0, ""PprotFridayHour"": -1, ""PprotFridayMinATR"": 0.0, ""PprotGivebackATR"": 0.25, ""PprotGivebackFrac"": 0.0, ""PprotMode"": 6, ""PprotPartialLots"": 0.0, ""PprotSleeveMask"": 3, ""PprotTPExtendATR"": 0.0, ""PprotTightenBars"": 0, ""PprotTightenSLATR"": 0.0, ""PprotTrailATR"": 0.0, ""PprotTrailPeakATR"": 0.0}",ml\pprot1\configs\pp_is_PP0233_20260831025834_939577.yaml,pp_is_PP0233_20260831025834_939577_deals.csv,2026-08-31T02:58:34+00:00,2026-08-31T03:03:14+00:00,280.456,
e7f4b2e12e4a40038e869d28366e1211,pp_is_PP0234_20260831025917_cb1978,PP0234,F06_giveback_atr,G3,IS,PROD,OK,IS_REJECT,PROFIT_DAMAGED,"IS net=222394 (-46.78%), PF=1.7207 (-23.67%), DD=4.8739% (+1.0797pt), trades=319 (+5.98%)",0,222394.0,1.7207,4.8739,319,0.532193,0.763331,1.0797,1.059801,"{""PprotArmAfterBars"": 0, ""PprotArmBeforeBars"": 0, ""PprotArmHourEnd"": -1, ""PprotArmHourStart"": -1, ""PprotArmMaxATRRatio"": 0.0, ""PprotArmMinATRRatio"": 0.0, ""PprotArmPeakATR"": 1.0, ""PprotArmPeakR"": 0.0, ""PprotBELockATR"": -9.0, ""PprotBELockR"": -9.0, ""PprotFridayHour"": -1, ""PprotFridayMinATR"": 0.0, ""PprotGivebackATR"": 0.5, ""PprotGivebackFrac"": 0.0, ""PprotMode"": 6, ""PprotPartialLots"": 0.0, ""PprotSleeveMask"": 3, ""PprotTPExtendATR"": 0.0, ""PprotTightenBars"": 0, ""PprotTightenSLATR"": 0.0, ""PprotTrailATR"": 0.0, ""PprotTrailPeakATR"": 0.0}",ml\pprot1\configs\pp_is_PP0234_20260831025917_cb1978.yaml,pp_is_PP0234_20260831025917_cb1978_deals.csv,2026-08-31T02:59:17+00:00,2026-08-31T03:04:08+00:00,290.995,
ff6b5d81437948e789638775fb509c5c,pp_is_PP0235_20260831025955_e13d9c,PP0235,F06_giveback_atr,G3,IS,BT1,OK,IS_REJECT,PROFIT_DAMAGED,"IS net=208197 (-50.18%), PF=1.6615 (-26.29%), DD=4.9213% (+1.1271pt), trades=320 (+6.31%)",0,208197.0,1.6615,4.9213,320,0.49822,0.737069,1.1271,1.063123,"{""PprotArmAfterBars"": 0, ""PprotArmBeforeBars"": 0, ""PprotArmHourEnd"": -1, ""PprotArmHourStart"": -1, ""PprotArmMaxATRRatio"": 0.0, ""PprotArmMinATRRatio"": 0.0, ""PprotArmPeakATR"": 1.0, ""PprotArmPeakR"": 0.0, ""PprotBELockATR"": -9.0, ""PprotBELockR"": -9.0, ""PprotFridayHour"": -1, ""PprotFridayMinATR"": 0.0, ""PprotGivebackATR"": 0.75, ""PprotGivebackFrac"": 0.0, ""PprotMode"": 6, ""PprotPartialLots"": 0.0, ""PprotSleeveMask"": 3, ""PprotTPExtendATR"": 0.0, ""PprotTightenBars"": 0, ""PprotTightenSLATR"": 0.0, ""PprotTrailATR"": 0.0, ""PprotTrailPeakATR"": 0.0}",ml\pprot1\configs\pp_is_PP0235_20260831025955_e13d9c.yaml,pp_is_PP0235_20260831025955_e13d9c_deals.csv,2026-08-31T02:59:55+00:00,2026-08-31T03:04:35+00:00,280.46,
7b61f1673b68465280cf8154e63e6aa9,pp_is_PP0236_20260831030103_0ca7b2,PP0236,F06_giveback_atr,G3,IS,BT2,OK,IS_REJECT,PROFIT_DAMAGED,"IS net=228306 (-45.37%), PF=1.7417 (-22.74%), DD=4.7159% (+0.9217pt), trades=317 (+5.32%)",0,228306.0,1.7417,4.7159,317,0.546341,0.772647,0.9217,1.053156,"{""PprotArmAfterBars"": 0, ""PprotArmBeforeBars"": 0, ""PprotArmHourEnd"": -1, ""PprotArmHourStart"": -1, ""PprotArmMaxATRRatio"": 0.0, ""PprotArmMinATRRatio"": 0.0, ""PprotArmPeakATR"": 1.0, ""PprotArmPeakR"": 0.0, ""PprotBELockATR"": -9.0, ""PprotBELockR"": -9.0, ""PprotFridayHour"": -1, ""PprotFridayMinATR"": 0.0, ""PprotGivebackATR"": 1.0, ""PprotGivebackFrac"": 0.0, ""PprotMode"": 6, ""PprotPartialLots"": 0.0, ""PprotSleeveMask"": 3, ""PprotTPExtendATR"": 0.0, ""PprotTightenBars"": 0, ""PprotTightenSLATR"": 0.0, ""PprotTrailATR"": 0.0, ""PprotTrailPeakATR"": 0.0}",ml\pprot1\configs\pp_is_PP0236_20260831030103_0ca7b2.yaml,pp_is_PP0236_20260831030103_0ca7b2_deals.csv,2026-08-31T03:01:03+00:00,2026-08-31T03:05:43+00:00,280.157,
5f74b92e0b1d4c3889933b7eee50f0c1,pp_is_PP0237_20260831030152_a07e36,PP0237,F06_giveback_atr,G3,IS,BT4,OK,IS_REJECT,PROFIT_DAMAGED,"IS net=290648 (-30.45%), PF=1.9327 (-14.26%), DD=4.5390% (+0.7448pt), trades=316 (+4.98%)",0,290648.0,1.9327,4.539,316,0.695526,0.857377,0.7448,1.049834,"{""PprotArmAfterBars"": 0, ""PprotArmBeforeBars"": 0, ""PprotArmHourEnd"": -1, ""PprotArmHourStart"": -1, ""PprotArmMaxATRRatio"": 0.0, ""PprotArmMinATRRatio"": 0.0, ""PprotArmPeakATR"": 1.5, ""PprotArmPeakR"": 0.0, ""PprotBELockATR"": -9.0, ""PprotBELockR"": -9.0, ""PprotFridayHour"": -1, ""PprotFridayMinATR"": 0.0, ""PprotGivebackATR"": 0.25, ""PprotGivebackFrac"": 0.0, ""PprotMode"": 6, ""PprotPartialLots"": 0.0, ""PprotSleeveMask"": 3, ""PprotTPExtendATR"": 0.0, ""PprotTightenBars"": 0, ""PprotTightenSLATR"": 0.0, ""PprotTrailATR"": 0.0, ""PprotTrailPeakATR"": 0.0}",ml\pprot1\configs\pp_is_PP0237_20260831030152_a07e36.yaml,pp_is_PP0237_20260831030152_a07e36_deals.csv,2026-08-31T03:01:52+00:00,2026-08-31T03:05:57+00:00,245.43,
06b8406c94234c2bb01f5927f61ec00f,pp_is_PP0238_20260831030314_ea6701,PP0238,F06_giveback_atr,G3,IS,BT3,OK,IS_REJECT,PROFIT_DAMAGED,"IS net=285531 (-31.67%), PF=1.9162 (-14.99%), DD=4.5964% (+0.8022pt), trades=316 (+4.98%)",0,285531.0,1.9162,4.5964,316,0.683281,0.850058,0.8022,1.049834,"{""PprotArmAfterBars"": 0, ""PprotArmBeforeBars"": 0, ""PprotArmHourEnd"": -1, ""PprotArmHourStart"": -1, ""PprotArmMaxATRRatio"": 0.0, ""PprotArmMinATRRatio"": 0.0, ""PprotArmPeakATR"": 1.5, ""PprotArmPeakR"": 0.0, ""PprotBELockATR"": -9.0, ""PprotBELockR"": -9.0, ""PprotFridayHour"": -1, ""PprotFridayMinATR"": 0.0, ""PprotGivebackATR"": 0.5, ""PprotGivebackFrac"": 0.0, ""PprotMode"": 6, ""PprotPartialLots"": 0.0, ""PprotSleeveMask"": 3, ""PprotTPExtendATR"": 0.0, ""PprotTightenBars"": 0, ""PprotTightenSLATR"": 0.0, ""PprotTrailATR"": 0.0, ""PprotTrailPeakATR"": 0.0}",ml\pprot1\configs\pp_is_PP0238_20260831030314_ea6701.yaml,pp_is_PP0238_20260831030314_ea6701_deals.csv,2026-08-31T03:03:14+00:00,2026-08-31T03:06:49+00:00,215.164,
81655b13b8fb44f1a42d63dcba3d4e6d,pp_is_PP0239_20260831030408_21f745,PP0239,F06_giveback_atr,G3,IS,PROD,OK,IS_REJECT,PROFIT_DAMAGED,"IS net=273933 (-34.45%), PF=1.8620 (-17.40%), DD=4.6551% (+0.8609pt), trades=316 (+4.98%)",0,273933.0,1.862,4.6551,316,0.655527,0.826014,0.8609,1.049834,"{""PprotArmAfterBars"": 0, ""PprotArmBeforeBars"": 0, ""PprotArmHourEnd"": -1, ""PprotArmHourStart"": -1, ""PprotArmMaxATRRatio"": 0.0, ""PprotArmMinATRRatio"": 0.0, ""PprotArmPeakATR"": 1.5, ""PprotArmPeakR"": 0.0, ""PprotBELockATR"": -9.0, ""PprotBELockR"": -9.0, ""PprotFridayHour"": -1, ""PprotFridayMinATR"": 0.0, ""PprotGivebackATR"": 0.75, ""PprotGivebackFrac"": 0.0, ""PprotMode"": 6, ""PprotPartialLots"": 0.0, ""PprotSleeveMask"": 3, ""PprotTPExtendATR"": 0.0, ""PprotTightenBars"": 0, ""PprotTightenSLATR"": 0.0, ""PprotTrailATR"": 0.0, ""PprotTrailPeakATR"": 0.0}",ml\pprot1\configs\pp_is_PP0239_20260831030408_21f745.yaml,pp_is_PP0239_20260831030408_21f745_deals.csv,2026-08-31T03:04:08+00:00,2026-08-31T03:08:59+00:00,290.785,
41323e5fac514138ba0e56932b98f6d1,pp_is_PP0240_20260831030435_f999af,PP0240,F06_giveback_atr,G3,IS,BT1,OK,IS_REJECT,PROFIT_DAMAGED,"IS net=314505 (-24.74%), PF=2.0045 (-11.08%), DD=4.3748% (+0.5806pt), trades=315 (+4.65%)",0,314505.0,2.0045,4.3748,315,0.752617,0.889229,0.5806,1.046512,"{""PprotArmAfterBars"": 0, ""PprotArmBeforeBars"": 0, ""PprotArmHourEnd"": -1, ""PprotArmHourStart"": -1, ""PprotArmMaxATRRatio"": 0.0, ""PprotArmMinATRRatio"": 0.0, ""PprotArmPeakATR"": 1.5, ""PprotArmPeakR"": 0.0, ""PprotBELockATR"": -9.0, ""PprotBELockR"": -9.0, ""PprotFridayHour"": -1, ""PprotFridayMinATR"": 0.0, ""PprotGivebackATR"": 1.0, ""PprotGivebackFrac"": 0.0, ""PprotMode"": 6, ""PprotPartialLots"": 0.0, ""PprotSleeveMask"": 3, ""PprotTPExtendATR"": 0.0, ""PprotTightenBars"": 0, ""PprotTightenSLATR"": 0.0, ""PprotTrailATR"": 0.0, ""PprotTrailPeakATR"": 0.0}",ml\pprot1\configs\pp_is_PP0240_20260831030435_f999af.yaml,pp_is_PP0240_20260831030435_f999af_deals.csv,2026-08-31T03:04:35+00:00,2026-08-31T03:09:26+00:00,290.369,
28ad93e5c3ec4b0e92aa6503b7b676fd,pp_is_PP0242_20260831030557_229e42,PP0242,F07_be_then_trail,G1,IS,BT4,OK,IS_REJECT,PROFIT_DAMAGED,"IS net=266940 (-36.12%), PF=2.0519 (-8.97%), DD=5.0666% (+1.2724pt), trades=319 (+5.98%)",0,266940.0,2.0519,5.0666,319,0.638793,0.910256,1.2724,1.059801,"{""PprotArmAfterBars"": 0, ""PprotArmBeforeBars"": 0, ""PprotArmHourEnd"": -1, ""PprotArmHourStart"": -1, ""PprotArmMaxATRRatio"": 0.0, ""PprotArmMinATRRatio"": 0.0, ""PprotArmPeakATR"": 0.5, ""PprotArmPeakR"": 0.0, ""PprotBELockATR"": 0.0, ""PprotBELockR"": -9.0, ""PprotFridayHour"": -1, ""PprotFridayMinATR"": 0.0, ""PprotGivebackATR"": 0.0, ""PprotGivebackFrac"": 0.0, ""PprotMode"": 7, ""PprotPartialLots"": 0.0, ""PprotSleeveMask"": 1, ""PprotTPExtendATR"": 0.0, ""PprotTightenBars"": 0, ""PprotTightenSLATR"": 0.0, ""PprotTrailATR"": 1.5, ""PprotTrailPeakATR"": 0.0}",ml\pprot1\configs\pp_is_PP0242_20260831030557_229e42.yaml,pp_is_PP0242_20260831030557_229e42_deals.csv,2026-08-31T03:05:57+00:00,2026-08-31T03:09:53+00:00,235.501,
463e5a41fcf54e5f94cf66d011e59c36,pp_is_PP0241_20260831030543_1d529e,PP0241,F07_be_then_trail,G1,IS,BT2,OK,IS_REJECT,PROFIT_DAMAGED,"IS net=256016 (-38.73%), PF=1.9926 (-11.61%), DD=5.1161% (+1.3219pt), trades=321 (+6.64%)",0,256016.0,1.9926,5.1161,321,0.612651,0.88395,1.3219,1.066445,"{""PprotArmAfterBars"": 0, ""PprotArmBeforeBars"": 0, ""PprotArmHourEnd"": -1, ""PprotArmHourStart"": -1, ""PprotArmMaxATRRatio"": 0.0, ""PprotArmMinATRRatio"": 0.0, ""PprotArmPeakATR"": 0.5, ""PprotArmPeakR"": 0.0, ""PprotBELockATR"": 0.0, ""PprotBELockR"": -9.0, ""PprotFridayHour"": -1, ""PprotFridayMinATR"": 0.0, ""PprotGivebackATR"": 0.0, ""PprotGivebackFrac"": 0.0, ""PprotMode"": 7, ""PprotPartialLots"": 0.0, ""PprotSleeveMask"": 1, ""PprotTPExtendATR"": 0.0, ""PprotTightenBars"": 0, ""PprotTightenSLATR"": 0.0, ""PprotTrailATR"": 1.0, ""PprotTrailPeakATR"": 0.0}",ml\pprot1\configs\pp_is_PP0241_20260831030543_1d529e.yaml,pp_is_PP0241_20260831030543_1d529e_deals.csv,2026-08-31T03:05:43+00:00,2026-08-31T03:10:03+00:00,259.936,
02e39293579048599cba56141697d5d9,pp_is_PP0243_20260831030649_1d54f0,PP0243,F07_be_then_trail,G1,IS,BT3,OK,IS_REJECT,PROFIT_DAMAGED,"IS net=275366 (-34.10%), PF=2.0849 (-7.51%), DD=5.5722% (+1.7780pt), trades=319 (+5.98%)",0,275366.0,2.0849,5.5722,319,0.658956,0.924896,1.778,1.059801,"{""PprotArmAfterBars"": 0, ""PprotArmBeforeBars"": 0, ""PprotArmHourEnd"": -1, ""PprotArmHourStart"": -1, ""PprotArmMaxATRRatio"": 0.0, ""PprotArmMinATRRatio"": 0.0, ""PprotArmPeakATR"": 0.5, ""PprotArmPeakR"": 0.0, ""PprotBELockATR"": 0.0, ""PprotBELockR"": -9.0, ""PprotFridayHour"": -1, ""PprotFridayMinATR"": 0.0, ""PprotGivebackATR"": 0.0, ""PprotGivebackFrac"": 0.0, ""PprotMode"": 7, ""PprotPartialLots"": 0.0, ""PprotSleeveMask"": 1, ""PprotTPExtendATR"": 0.0, ""PprotTightenBars"": 0, ""PprotTightenSLATR"": 0.0, ""PprotTrailATR"": 2.0, ""PprotTrailPeakATR"": 0.0}",ml\pprot1\configs\pp_is_PP0243_20260831030649_1d54f0.yaml,pp_is_PP0243_20260831030649_1d54f0_deals.csv,2026-08-31T03:06:49+00:00,2026-08-31T03:10:14+00:00,205.162,
030582521e6a485e87ca544b283bd598,pp_is_PP0245_20260831030926_ca248f,PP0245,F07_be_then_trail,G1,IS,BT1,FAILED,RUN_FAILED,NO_SUMMARY,,1,,,,,,,,,"{""PprotArmAfterBars"": 0, ""PprotArmBeforeBars"": 0, ""PprotArmHourEnd"": -1, ""PprotArmHourStart"": -1, ""PprotArmMaxATRRatio"": 0.0, ""PprotArmMinATRRatio"": 0.0, ""PprotArmPeakATR"": 0.5, ""PprotArmPeakR"": 0.0, ""PprotBELockATR"": 0.1, ""PprotBELockR"": -9.0, ""PprotFridayHour"": -1, ""PprotFridayMinATR"": 0.0, ""PprotGivebackATR"": 0.0, ""PprotGivebackFrac"": 0.0, ""PprotMode"": 7, ""PprotPartialLots"": 0.0, ""PprotSleeveMask"": 1, ""PprotTPExtendATR"": 0.0, ""PprotTightenBars"": 0, ""PprotTightenSLATR"": 0.0, ""PprotTrailATR"": 1.5, ""PprotTrailPeakATR"": 0.0}",ml\pprot1\configs\pp_is_PP0245_20260831030926_ca248f.yaml,pp_is_PP0245_20260831030926_ca248f_deals.csv,2026-08-31T03:09:26+00:00,2026-08-31T19:53:29+00:00,60243.793,"✗ バックテストが失敗しました
"
37561979cb2d42a4b83f229025d08325,pp_is_PP0244_20260831030859_a3e7da,PP0244,F07_be_then_trail,G1,IS,PROD,FAILED,RUN_FAILED,NO_SUMMARY,,1,,,,,,,,,"{""PprotArmAfterBars"": 0, ""PprotArmBeforeBars"": 0, ""PprotArmHourEnd"": -1, ""PprotArmHourStart"": -1, ""PprotArmMaxATRRatio"": 0.0, ""PprotArmMinATRRatio"": 0.0, ""PprotArmPeakATR"": 0.5, ""PprotArmPeakR"": 0.0, ""PprotBELockATR"": 0.1, ""PprotBELockR"": -9.0, ""PprotFridayHour"": -1, ""PprotFridayMinATR"": 0.0, ""PprotGivebackATR"": 0.0, ""PprotGivebackFrac"": 0.0, ""PprotMode"": 7, ""PprotPartialLots"": 0.0, ""PprotSleeveMask"": 1, ""PprotTPExtendATR"": 0.0, ""PprotTightenBars"": 0, ""PprotTightenSLATR"": 0.0, ""PprotTrailATR"": 1.0, ""PprotTrailPeakATR"": 0.0}",ml\pprot1\configs\pp_is_PP0244_20260831030859_a3e7da.yaml,pp_is_PP0244_20260831030859_a3e7da_deals.csv,2026-08-31T03:08:59+00:00,2026-08-31T19:53:32+00:00,60273.517,"✗ バックテストが失敗しました
"
6ac1b7c35e1349a48e5eec30eb21d5ee,pp_is_PP0248_20260831031014_9a9184,PP0248,F07_be_then_trail,G1,IS,BT3,FAILED,RUN_FAILED,TIMEOUT,,-1,,,,,,,,,"{""PprotArmAfterBars"": 0, ""PprotArmBeforeBars"": 0, ""PprotArmHourEnd"": -1, ""PprotArmHourStart"": -1, ""PprotArmMaxATRRatio"": 0.0, ""PprotArmMinATRRatio"": 0.0, ""PprotArmPeakATR"": 1.0, ""PprotArmPeakR"": 0.0, ""PprotBELockATR"": 0.0, ""PprotBELockR"": -9.0, ""PprotFridayHour"": -1, ""PprotFridayMinATR"": 0.0, ""PprotGivebackATR"": 0.0, ""PprotGivebackFrac"": 0.0, ""PprotMode"": 7, ""PprotPartialLots"": 0.0, ""PprotSleeveMask"": 1, ""PprotTPExtendATR"": 0.0, ""PprotTightenBars"": 0, ""PprotTightenSLATR"": 0.0, ""PprotTrailATR"": 1.5, ""PprotTrailPeakATR"": 0.0}",ml\pprot1\configs\pp_is_PP0248_20260831031014_9a9184.yaml,pp_is_PP0248_20260831031014_9a9184_deals.csv,2026-08-31T03:10:14+00:00,2026-08-31T19:54:34+00:00,60259.95,timeout>1800s
0fd855469e8e456e92833694b0056f28,pp_is_PP0246_20260831030953_7bd407,PP0246,F07_be_then_trail,G1,IS,BT4,FAILED,RUN_FAILED,TIMEOUT,,-1,,,,,,,,,"{""PprotArmAfterBars"": 0, ""PprotArmBeforeBars"": 0, ""PprotArmHourEnd"": -1, ""PprotArmHourStart"": -1, ""PprotArmMaxATRRatio"": 0.0, ""PprotArmMinATRRatio"": 0.0, ""PprotArmPeakATR"": 0.5, ""PprotArmPeakR"": 0.0, ""PprotBELockATR"": 0.1, ""PprotBELockR"": -9.0, ""PprotFridayHour"": -1, ""PprotFridayMinATR"": 0.0, ""PprotGivebackATR"": 0.0, ""PprotGivebackFrac"": 0.0, ""PprotMode"": 7, ""PprotPartialLots"": 0.0, ""PprotSleeveMask"": 1, ""PprotTPExtendATR"": 0.0, ""PprotTightenBars"": 0, ""PprotTightenSLATR"": 0.0, ""PprotTrailATR"": 2.0, ""PprotTrailPeakATR"": 0.0}",ml\pprot1\configs\pp_is_PP0246_20260831030953_7bd407.yaml,pp_is_PP0246_20260831030953_7bd407_deals.csv,2026-08-31T03:09:53+00:00,2026-08-31T19:54:34+00:00,60281.652,timeout>1800s
5cca37bfa0cf4d3f8e2a21f26cfbf0bf,pp_is_PP0247_20260831031003_f50062,PP0247,F07_be_then_trail,G1,IS,BT2,FAILED,RUN_FAILED,TIMEOUT,,-1,,,,,,,,,"{""PprotArmAfterBars"": 0, ""PprotArmBeforeBars"": 0, ""PprotArmHourEnd"": -1, ""PprotArmHourStart"": -1, ""PprotArmMaxATRRatio"": 0.0, ""PprotArmMinATRRatio"": 0.0, ""PprotArmPeakATR"": 1.0, ""PprotArmPeakR"": 0.0, ""PprotBELockATR"": 0.0, ""PprotBELockR"": -9.0, ""PprotFridayHour"": -1, ""PprotFridayMinATR"": 0.0, ""PprotGivebackATR"": 0.0, ""PprotGivebackFrac"": 0.0, ""PprotMode"": 7, ""PprotPartialLots"": 0.0, ""PprotSleeveMask"": 1, ""PprotTPExtendATR"": 0.0, ""PprotTightenBars"": 0, ""PprotTightenSLATR"": 0.0, ""PprotTrailATR"": 1.0, ""PprotTrailPeakATR"": 0.0}",ml\pprot1\configs\pp_is_PP0247_20260831031003_f50062.yaml,pp_is_PP0247_20260831031003_f50062_deals.csv,2026-08-31T03:10:03+00:00,2026-08-31T19:54:36+00:00,60272.838,timeout>1800s
4de79acb124e444191d110f1fdf9bd07,pp_is_PP0251_20260831195434_3ba887,PP0251,F07_be_then_trail,G1,IS,BT3,FAILED,RUN_FAILED,NO_SUMMARY,,0,,,,,,,,,"{""PprotArmAfterBars"": 0, ""PprotArmBeforeBars"": 0, ""PprotArmHourEnd"": -1, ""PprotArmHourStart"": -1, ""PprotArmMaxATRRatio"": 0.0, ""PprotArmMinATRRatio"": 0.0, ""PprotArmPeakATR"": 1.0, ""PprotArmPeakR"": 0.0, ""PprotBELockATR"": 0.1, ""PprotBELockR"": -9.0, ""PprotFridayHour"": -1, ""PprotFridayMinATR"": 0.0, ""PprotGivebackATR"": 0.0, ""PprotGivebackFrac"": 0.0, ""PprotMode"": 7, ""PprotPartialLots"": 0.0, ""PprotSleeveMask"": 1, ""PprotTPExtendATR"": 0.0, ""PprotTightenBars"": 0, ""PprotTightenSLATR"": 0.0, ""PprotTrailATR"": 1.5, ""PprotTrailPeakATR"": 0.0}",ml\pprot1\configs\pp_is_PP0251_20260831195434_3ba887.yaml,pp_is_PP0251_20260831195434_3ba887_deals.csv,2026-08-31T19:54:34+00:00,2026-08-31T19:55:01+00:00,26.456,"✗ 結果解析エラー: [Errno 2] No such file or directory: 'C:\\Users\\f\\source\\repos\\mt5_backtester\\ml\\pprot1\\runs\\pp_is_PP0251_20260831195434_3ba887\\report.xml'
"
cf6b339748524c8ab2e3af3663d1a5b3,pp_is_PP0210_20260901195525_6f153f,PP0210,F06_giveback_atr,G1,IS,PROD,OK,IS_REJECT,PROFIT_DAMAGED,"IS net=240985 (-42.33%), PF=1.7789 (-21.09%), DD=4.9233% (+1.1291pt), trades=319 (+5.98%)",0,240985.0,1.7789,4.9233,319,0.576682,0.789149,1.1291,1.059801,"{""PprotArmAfterBars"": 0, ""PprotArmBeforeBars"": 0, ""PprotArmHourEnd"": -1, ""PprotArmHourStart"": -1, ""PprotArmMaxATRRatio"": 0.0, ""PprotArmMinATRRatio"": 0.0, ""PprotArmPeakATR"": 1.0, ""PprotArmPeakR"": 0.0, ""PprotBELockATR"": -9.0, ""PprotBELockR"": -9.0, ""PprotFridayHour"": -1, ""PprotFridayMinATR"": 0.0, ""PprotGivebackATR"": 0.5, ""PprotGivebackFrac"": 0.0, ""PprotMode"": 6, ""PprotPartialLots"": 0.0, ""PprotSleeveMask"": 1, ""PprotTPExtendATR"": 0.0, ""PprotTightenBars"": 0, ""PprotTightenSLATR"": 0.0, ""PprotTrailATR"": 0.0, ""PprotTrailPeakATR"": 0.0}",ml\pprot1\configs\pp_is_PP0210_20260901195525_6f153f.yaml,pp_is_PP0210_20260901195525_6f153f_deals.csv,2026-09-01T19:55:25+00:00,2026-09-01T19:58:18+00:00,172.246,
fddf0c885fc54975be6ae2152722ffe7,pp_is_PP0244_20260901195550_f73b8b,PP0244,F07_be_then_trail,G1,IS,BT1,OK,IS_REJECT,PROFIT_DAMAGED,"IS net=257292 (-38.43%), PF=1.9965 (-11.43%), DD=5.0683% (+1.2741pt), trades=324 (+7.64%)",0,257292.0,1.9965,5.0683,324,0.615705,0.88568,1.2741,1.076412,"{""PprotArmAfterBars"": 0, ""PprotArmBeforeBars"": 0, ""PprotArmHourEnd"": -1, ""PprotArmHourStart"": -1, ""PprotArmMaxATRRatio"": 0.0, ""PprotArmMinATRRatio"": 0.0, ""PprotArmPeakATR"": 0.5, ""PprotArmPeakR"": 0.0, ""PprotBELockATR"": 0.1, ""PprotBELockR"": -9.0, ""PprotFridayHour"": -1, ""PprotFridayMinATR"": 0.0, ""PprotGivebackATR"": 0.0, ""PprotGivebackFrac"": 0.0, ""PprotMode"": 7, ""PprotPartialLots"": 0.0, ""PprotSleeveMask"": 1, ""PprotTPExtendATR"": 0.0, ""PprotTightenBars"": 0, ""PprotTightenSLATR"": 0.0, ""PprotTrailATR"": 1.0, ""PprotTrailPeakATR"": 0.0}",ml\pprot1\configs\pp_is_PP0244_20260901195550_f73b8b.yaml,pp_is_PP0244_20260901195550_f73b8b_deals.csv,2026-09-01T19:55:50+00:00,2026-09-01T19:58:29+00:00,159.115,
3331db3872e44ce4a5955a7c2a7021df,pp_is_PP0245_20260901195615_94a8f6,PP0245,F07_be_then_trail,G1,IS,BT2,OK,IS_REJECT,PROFIT_DAMAGED,"IS net=265806 (-36.39%), PF=2.0468 (-9.20%), DD=5.3964% (+1.6022pt), trades=322 (+6.98%)",0,265806.0,2.0468,5.3964,322,0.636079,0.907994,1.6022,1.069767,"{""PprotArmAfterBars"": 0, ""PprotArmBeforeBars"": 0, ""PprotArmHourEnd"": -1, ""PprotArmHourStart"": -1, ""PprotArmMaxATRRatio"": 0.0, ""PprotArmMinATRRatio"": 0.0, ""PprotArmPeakATR"": 0.5, ""PprotArmPeakR"": 0.0, ""PprotBELockATR"": 0.1, ""PprotBELockR"": -9.0, ""PprotFridayHour"": -1, ""PprotFridayMinATR"": 0.0, ""PprotGivebackATR"": 0.0, ""PprotGivebackFrac"": 0.0, ""PprotMode"": 7, ""PprotPartialLots"": 0.0, ""PprotSleeveMask"": 1, ""PprotTPExtendATR"": 0.0, ""PprotTightenBars"": 0, ""PprotTightenSLATR"": 0.0, ""PprotTrailATR"": 1.5, ""PprotTrailPeakATR"": 0.0}",ml\pprot1\configs\pp_is_PP0245_20260901195615_94a8f6.yaml,pp_is_PP0245_20260901195615_94a8f6_deals.csv,2026-09-01T19:56:15+00:00,2026-09-01T20:01:45+00:00,329.944,
4fc176e2533349df817ec1b82f4cc13a,pp_is_PP0246_20260901195640_803374,PP0246,F07_be_then_trail,G1,IS,BT3,OK,IS_REJECT,PROFIT_DAMAGED,"IS net=271785 (-34.96%), PF=2.0703 (-8.16%), DD=6.2854% (+2.4912pt), trades=322 (+6.98%)",0,271785.0,2.0703,6.2854,322,0.650387,0.918419,2.4912,1.069767,"{""PprotArmAfterBars"": 0, ""PprotArmBeforeBars"": 0, ""PprotArmHourEnd"": -1, ""PprotArmHourStart"": -1, ""PprotArmMaxATRRatio"": 0.0, ""PprotArmMinATRRatio"": 0.0, ""PprotArmPeakATR"": 0.5, ""PprotArmPeakR"": 0.0, ""PprotBELockATR"": 0.1, ""PprotBELockR"": -9.0, ""PprotFridayHour"": -1, ""PprotFridayMinATR"": 0.0, ""PprotGivebackATR"": 0.0, ""PprotGivebackFrac"": 0.0, ""PprotMode"": 7, ""PprotPartialLots"": 0.0, ""PprotSleeveMask"": 1, ""PprotTPExtendATR"": 0.0, ""PprotTightenBars"": 0, ""PprotTightenSLATR"": 0.0, ""PprotTrailATR"": 2.0, ""PprotTrailPeakATR"": 0.0}",ml\pprot1\configs\pp_is_PP0246_20260901195640_803374.yaml,pp_is_PP0246_20260901195640_803374_deals.csv,2026-09-01T19:56:40+00:00,2026-09-01T20:02:20+00:00,340.235,
889a2f397e4e4aada717afca0feae5ab,pp_is_PP0248_20260901195818_e883f0,PP0248,F07_be_then_trail,G1,IS,PROD,OK,IS_REJECT,PROFIT_DAMAGED,"IS net=287455 (-31.21%), PF=1.9491 (-13.53%), DD=4.5332% (+0.7390pt), trades=313 (+3.99%)",0,287455.0,1.9491,4.5332,313,0.687886,0.864653,0.739,1.039867,"{""PprotArmAfterBars"": 0, ""PprotArmBeforeBars"": 0, ""PprotArmHourEnd"": -1, ""PprotArmHourStart"": -1, ""PprotArmMaxATRRatio"": 0.0, ""PprotArmMinATRRatio"": 0.0, ""PprotArmPeakATR"": 1.0, ""PprotArmPeakR"": 0.0, ""PprotBELockATR"": 0.0, ""PprotBELockR"": -9.0, ""PprotFridayHour"": -1, ""PprotFridayMinATR"": 0.0, ""PprotGivebackATR"": 0.0, ""PprotGivebackFrac"": 0.0, ""PprotMode"": 7, ""PprotPartialLots"": 0.0, ""PprotSleeveMask"": 1, ""PprotTPExtendATR"": 0.0, ""PprotTightenBars"": 0, ""PprotTightenSLATR"": 0.0, ""PprotTrailATR"": 1.5, ""PprotTrailPeakATR"": 0.0}",ml\pprot1\configs\pp_is_PP0248_20260901195818_e883f0.yaml,pp_is_PP0248_20260901195818_e883f0_deals.csv,2026-09-01T19:58:18+00:00,2026-09-01T20:02:40+00:00,262.692,
de6a186c968845df9dba524f98c7378c,pp_is_PP0247_20260901195705_84e9a9,PP0247,F07_be_then_trail,G1,IS,BT4,OK,IS_REJECT,PROFIT_DAMAGED,"IS net=257092 (-38.48%), PF=1.8330 (-18.69%), DD=4.7632% (+0.9690pt), trades=317 (+5.32%)",0,257092.0,1.833,4.7632,317,0.615226,0.813149,0.969,1.053156,"{""PprotArmAfterBars"": 0, ""PprotArmBeforeBars"": 0, ""PprotArmHourEnd"": -1, ""PprotArmHourStart"": -1, ""PprotArmMaxATRRatio"": 0.0, ""PprotArmMinATRRatio"": 0.0, ""PprotArmPeakATR"": 1.0, ""PprotArmPeakR"": 0.0, ""PprotBELockATR"": 0.0, ""PprotBELockR"": -9.0, ""PprotFridayHour"": -1, ""PprotFridayMinATR"": 0.0, ""PprotGivebackATR"": 0.0, ""PprotGivebackFrac"": 0.0, ""PprotMode"": 7, ""PprotPartialLots"": 0.0, ""PprotSleeveMask"": 1, ""PprotTPExtendATR"": 0.0, ""PprotTightenBars"": 0, ""PprotTightenSLATR"": 0.0, ""PprotTrailATR"": 1.0, ""PprotTrailPeakATR"": 0.0}",ml\pprot1\configs\pp_is_PP0247_20260901195705_84e9a9.yaml,pp_is_PP0247_20260901195705_84e9a9_deals.csv,2026-09-01T19:57:05+00:00,2026-09-01T20:02:56+00:00,351.222,
674ad18520c84a818c2d4af1665cfb65,pp_is_PP0249_20260901195829_103ed0,PP0249,F07_be_then_trail,G1,IS,BT1,OK,IS_REJECT,PROFIT_DAMAGED,"IS net=293560 (-29.75%), PF=1.9762 (-12.33%), DD=4.5926% (+0.7984pt), trades=311 (+3.32%)",0,293560.0,1.9762,4.5926,311,0.702495,0.876675,0.7984,1.033223,"{""PprotArmAfterBars"": 0, ""PprotArmBeforeBars"": 0, ""PprotArmHourEnd"": -1, ""PprotArmHourStart"": -1, ""PprotArmMaxATRRatio"": 0.0, ""PprotArmMinATRRatio"": 0.0, ""PprotArmPeakATR"": 1.0, ""PprotArmPeakR"": 0.0, ""PprotBELockATR"": 0.0, ""PprotBELockR"": -9.0, ""PprotFridayHour"": -1, ""PprotFridayMinATR"": 0.0, ""PprotGivebackATR"": 0.0, ""PprotGivebackFrac"": 0.0, ""PprotMode"": 7, ""PprotPartialLots"": 0.0, ""PprotSleeveMask"": 1, ""PprotTPExtendATR"": 0.0, ""PprotTightenBars"": 0, ""PprotTightenSLATR"": 0.0, ""PprotTrailATR"": 2.0, ""PprotTrailPeakATR"": 0.0}",ml\pprot1\configs\pp_is_PP0249_20260901195829_103ed0.yaml,pp_is_PP0249_20260901195829_103ed0_deals.csv,2026-09-01T19:58:29+00:00,2026-09-01T20:03:51+00:00,321.254,
dc55d7abbc894036af56022f68970d61,pp_is_PP0250_20260901200145_c9a086,PP0250,F07_be_then_trail,G1,IS,BT2,OK,IS_REJECT,PROFIT_DAMAGED,"IS net=257295 (-38.43%), PF=1.8337 (-18.65%), DD=4.7617% (+0.9675pt), trades=317 (+5.32%)",0,257295.0,1.8337,4.7617,317,0.615712,0.813459,0.9675,1.053156,"{""PprotArmAfterBars"": 0, ""PprotArmBeforeBars"": 0, ""PprotArmHourEnd"": -1, ""PprotArmHourStart"": -1, ""PprotArmMaxATRRatio"": 0.0, ""PprotArmMinATRRatio"": 0.0, ""PprotArmPeakATR"": 1.0, ""PprotArmPeakR"": 0.0, ""PprotBELockATR"": 0.1, ""PprotBELockR"": -9.0, ""PprotFridayHour"": -1, ""PprotFridayMinATR"": 0.0, ""PprotGivebackATR"": 0.0, ""PprotGivebackFrac"": 0.0, ""PprotMode"": 7, ""PprotPartialLots"": 0.0, ""PprotSleeveMask"": 1, ""PprotTPExtendATR"": 0.0, ""PprotTightenBars"": 0, ""PprotTightenSLATR"": 0.0, ""PprotTrailATR"": 1.0, ""PprotTrailPeakATR"": 0.0}",ml\pprot1\configs\pp_is_PP0250_20260901200145_c9a086.yaml,pp_is_PP0250_20260901200145_c9a086_deals.csv,2026-09-01T20:01:45+00:00,2026-09-01T20:07:20+00:00,334.438,
423aaad28d1d46c8b08c3ed2d527d37f,pp_is_PP0251_20260901200220_12bd1a,PP0251,F07_be_then_trail,G1,IS,BT3,OK,IS_REJECT,PROFIT_DAMAGED,"IS net=290231 (-30.55%), PF=1.9594 (-13.08%), DD=4.5192% (+0.7250pt), trades=313 (+3.99%)",0,290231.0,1.9594,4.5192,313,0.694529,0.869222,0.725,1.039867,"{""PprotArmAfterBars"": 0, ""PprotArmBeforeBars"": 0, ""PprotArmHourEnd"": -1, ""PprotArmHourStart"": -1, ""PprotArmMaxATRRatio"": 0.0, ""PprotArmMinATRRatio"": 0.0, ""PprotArmPeakATR"": 1.0, ""PprotArmPeakR"": 0.0, ""PprotBELockATR"": 0.1, ""PprotBELockR"": -9.0, ""PprotFridayHour"": -1, ""PprotFridayMinATR"": 0.0, ""PprotGivebackATR"": 0.0, ""PprotGivebackFrac"": 0.0, ""PprotMode"": 7, ""PprotPartialLots"": 0.0, ""PprotSleeveMask"": 1, ""PprotTPExtendATR"": 0.0, ""PprotTightenBars"": 0, ""PprotTightenSLATR"": 0.0, ""PprotTrailATR"": 1.5, ""PprotTrailPeakATR"": 0.0}",ml\pprot1\configs\pp_is_PP0251_20260901200220_12bd1a.yaml,pp_is_PP0251_20260901200220_12bd1a_deals.csv,2026-09-01T20:02:20+00:00,2026-09-01T20:08:07+00:00,346.105,
0aa846f76d2a4129ab8fab638ed99ecc,pp_is_PP0253_20260901200256_14d31b,PP0253,F07_be_then_trail,G1,IS,BT4,OK,IS_REJECT,PROFIT_DAMAGED,"IS net=310116 (-25.79%), PF=1.9886 (-11.78%), DD=4.4023% (+0.6081pt), trades=315 (+4.65%)",0,310116.0,1.9886,4.4023,315,0.742114,0.882175,0.6081,1.046512,"{""PprotArmAfterBars"": 0, ""PprotArmBeforeBars"": 0, ""PprotArmHourEnd"": -1, ""PprotArmHourStart"": -1, ""PprotArmMaxATRRatio"": 0.0, ""PprotArmMinATRRatio"": 0.0, ""PprotArmPeakATR"": 1.5, ""PprotArmPeakR"": 0.0, ""PprotBELockATR"": 0.0, ""PprotBELockR"": -9.0, ""PprotFridayHour"": -1, ""PprotFridayMinATR"": 0.0, ""PprotGivebackATR"": 0.0, ""PprotGivebackFrac"": 0.0, ""PprotMode"": 7, ""PprotPartialLots"": 0.0, ""PprotSleeveMask"": 1, ""PprotTPExtendATR"": 0.0, ""PprotTightenBars"": 0, ""PprotTightenSLATR"": 0.0, ""PprotTrailATR"": 1.0, ""PprotTrailPeakATR"": 0.0}",ml\pprot1\configs\pp_is_PP0253_20260901200256_14d31b.yaml,pp_is_PP0253_20260901200256_14d31b_deals.csv,2026-09-01T20:02:56+00:00,2026-09-01T20:08:56+00:00,359.635,
eee357ea96784401acca8ea53142c15e,pp_is_PP0252_20260901200240_24ae2c,PP0252,F07_be_then_trail,G1,IS,PROD,OK,IS_REJECT,PROFIT_DAMAGED,"IS net=297999 (-28.69%), PF=1.9940 (-11.54%), DD=4.5674% (+0.7732pt), trades=311 (+3.32%)",0,297999.0,1.994,4.5674,311,0.713118,0.884571,0.7732,1.033223,"{""PprotArmAfterBars"": 0, ""PprotArmBeforeBars"": 0, ""PprotArmHourEnd"": -1, ""PprotArmHourStart"": -1, ""PprotArmMaxATRRatio"": 0.0, ""PprotArmMinATRRatio"": 0.0, ""PprotArmPeakATR"": 1.0, ""PprotArmPeakR"": 0.0, ""PprotBELockATR"": 0.1, ""PprotBELockR"": -9.0, ""PprotFridayHour"": -1, ""PprotFridayMinATR"": 0.0, ""PprotGivebackATR"": 0.0, ""PprotGivebackFrac"": 0.0, ""PprotMode"": 7, ""PprotPartialLots"": 0.0, ""PprotSleeveMask"": 1, ""PprotTPExtendATR"": 0.0, ""PprotTightenBars"": 0, ""PprotTightenSLATR"": 0.0, ""PprotTrailATR"": 2.0, ""PprotTrailPeakATR"": 0.0}",ml\pprot1\configs\pp_is_PP0252_20260901200240_24ae2c.yaml,pp_is_PP0252_20260901200240_24ae2c_deals.csv,2026-09-01T20:02:40+00:00,2026-09-01T20:09:01+00:00,380.768,
7c4333cac26644cf865751df3525768e,pp_is_PP0254_20260901200351_7cf98d,PP0254,F07_be_then_trail,G1,IS,BT1,OK,IS_REJECT,PROFIT_DAMAGED,"IS net=346673 (-17.04%), PF=2.1257 (-5.70%), DD=4.1777% (+0.3835pt), trades=310 (+2.99%)",0,346673.0,2.1257,4.1777,310,0.829595,0.942995,0.3835,1.0299,"{""PprotArmAfterBars"": 0, ""PprotArmBeforeBars"": 0, ""PprotArmHourEnd"": -1, ""PprotArmHourStart"": -1, ""PprotArmMaxATRRatio"": 0.0, ""PprotArmMinATRRatio"": 0.0, ""PprotArmPeakATR"": 1.5, ""PprotArmPeakR"": 0.0, ""PprotBELockATR"": 0.0, ""PprotBELockR"": -9.0, ""PprotFridayHour"": -1, ""PprotFridayMinATR"": 0.0, ""PprotGivebackATR"": 0.0, ""PprotGivebackFrac"": 0.0, ""PprotMode"": 7, ""PprotPartialLots"": 0.0, ""PprotSleeveMask"": 1, ""PprotTPExtendATR"": 0.0, ""PprotTightenBars"": 0, ""PprotTightenSLATR"": 0.0, ""PprotTrailATR"": 1.5, ""PprotTrailPeakATR"": 0.0}",ml\pprot1\configs\pp_is_PP0254_20260901200351_7cf98d.yaml,pp_is_PP0254_20260901200351_7cf98d_deals.csv,2026-09-01T20:03:51+00:00,2026-09-01T20:10:08+00:00,377.024,
0eb0fc00d7d54bb08770a270323b9330,pp_is_PP0255_20260901200720_821ac3,PP0255,F07_be_then_trail,G1,IS,BT2,OK,IS_REJECT,PROFIT_DAMAGED,"IS net=347132 (-16.93%), PF=2.1342 (-5.32%), DD=4.2421% (+0.4479pt), trades=308 (+2.33%)",0,347132.0,2.1342,4.2421,308,0.830694,0.946766,0.4479,1.023256,"{""PprotArmAfterBars"": 0, ""PprotArmBeforeBars"": 0, ""PprotArmHourEnd"": -1, ""PprotArmHourStart"": -1, ""PprotArmMaxATRRatio"": 0.0, ""PprotArmMinATRRatio"": 0.0, ""PprotArmPeakATR"": 1.5, ""PprotArmPeakR"": 0.0, ""PprotBELockATR"": 0.0, ""PprotBELockR"": -9.0, ""PprotFridayHour"": -1, ""PprotFridayMinATR"": 0.0, ""PprotGivebackATR"": 0.0, ""PprotGivebackFrac"": 0.0, ""PprotMode"": 7, ""PprotPartialLots"": 0.0, ""PprotSleeveMask"": 1, ""PprotTPExtendATR"": 0.0, ""PprotTightenBars"": 0, ""PprotTightenSLATR"": 0.0, ""PprotTrailATR"": 2.0, ""PprotTrailPeakATR"": 0.0}",ml\pprot1\configs\pp_is_PP0255_20260901200720_821ac3.yaml,pp_is_PP0255_20260901200720_821ac3_deals.csv,2026-09-01T20:07:20+00:00,2026-09-01T20:12:43+00:00,323.33,
f7cd543de3964b80b195ef3e28acd834,pp_is_PP0256_20260901200807_315dc3,PP0256,F07_be_then_trail,G1,IS,BT3,OK,IS_REJECT,PROFIT_DAMAGED,"IS net=310116 (-25.79%), PF=1.9886 (-11.78%), DD=4.4023% (+0.6081pt), trades=315 (+4.65%)",0,310116.0,1.9886,4.4023,315,0.742114,0.882175,0.6081,1.046512,"{""PprotArmAfterBars"": 0, ""PprotArmBeforeBars"": 0, ""PprotArmHourEnd"": -1, ""PprotArmHourStart"": -1, ""PprotArmMaxATRRatio"": 0.0, ""PprotArmMinATRRatio"": 0.0, ""PprotArmPeakATR"": 1.5, ""PprotArmPeakR"": 0.0, ""PprotBELockATR"": 0.1, ""PprotBELockR"": -9.0, ""PprotFridayHour"": -1, ""PprotFridayMinATR"": 0.0, ""PprotGivebackATR"": 0.0, ""PprotGivebackFrac"": 0.0, ""PprotMode"": 7, ""PprotPartialLots"": 0.0, ""PprotSleeveMask"": 1, ""PprotTPExtendATR"": 0.0, ""PprotTightenBars"": 0, ""PprotTightenSLATR"": 0.0, ""PprotTrailATR"": 1.0, ""PprotTrailPeakATR"": 0.0}",ml\pprot1\configs\pp_is_PP0256_20260901200807_315dc3.yaml,pp_is_PP0256_20260901200807_315dc3_deals.csv,2026-09-01T20:08:07+00:00,2026-09-01T20:13:58+00:00,351.809,
371013d3968444adb22097a6999c4466,pp_is_PP0257_20260901200856_e092e2,PP0257,F07_be_then_trail,G1,IS,BT4,OK,IS_REJECT,PROFIT_DAMAGED,"IS net=342604 (-18.01%), PF=2.1123 (-6.29%), DD=4.2003% (+0.4061pt), trades=310 (+2.99%)",0,342604.0,2.1123,4.2003,310,0.819858,0.937051,0.4061,1.0299,"{""PprotArmAfterBars"": 0, ""PprotArmBeforeBars"": 0, ""PprotArmHourEnd"": -1, ""PprotArmHourStart"": -1, ""PprotArmMaxATRRatio"": 0.0, ""PprotArmMinATRRatio"": 0.0, ""PprotArmPeakATR"": 1.5, ""PprotArmPeakR"": 0.0, ""PprotBELockATR"": 0.1, ""PprotBELockR"": -9.0, ""PprotFridayHour"": -1, ""PprotFridayMinATR"": 0.0, ""PprotGivebackATR"": 0.0, ""PprotGivebackFrac"": 0.0, ""PprotMode"": 7, ""PprotPartialLots"": 0.0, ""PprotSleeveMask"": 1, ""PprotTPExtendATR"": 0.0, ""PprotTightenBars"": 0, ""PprotTightenSLATR"": 0.0, ""PprotTrailATR"": 1.5, ""PprotTrailPeakATR"": 0.0}",ml\pprot1\configs\pp_is_PP0257_20260901200856_e092e2.yaml,pp_is_PP0257_20260901200856_e092e2_deals.csv,2026-09-01T20:08:56+00:00,2026-09-01T20:15:44+00:00,407.733,
c417aa772962490a84f8d2a5d3587e28,pp_is_PP0258_20260901200901_397cbf,PP0258,F07_be_then_trail,G1,IS,PROD,OK,IS_REJECT,PROFIT_DAMAGED,"IS net=345129 (-17.41%), PF=2.1305 (-5.49%), DD=4.2536% (+0.4594pt), trades=308 (+2.33%)",0,345129.0,2.1305,4.2536,308,0.825901,0.945125,0.4594,1.023256,"{""PprotArmAfterBars"": 0, ""PprotArmBeforeBars"": 0, ""PprotArmHourEnd"": -1, ""PprotArmHourStart"": -1, ""PprotArmMaxATRRatio"": 0.0, ""PprotArmMinATRRatio"": 0.0, ""PprotArmPeakATR"": 1.5, ""PprotArmPeakR"": 0.0, ""PprotBELockATR"": 0.1, ""PprotBELockR"": -9.0, ""PprotFridayHour"": -1, ""PprotFridayMinATR"": 0.0, ""PprotGivebackATR"": 0.0, ""PprotGivebackFrac"": 0.0, ""PprotMode"": 7, ""PprotPartialLots"": 0.0, ""PprotSleeveMask"": 1, ""PprotTPExtendATR"": 0.0, ""PprotTightenBars"": 0, ""PprotTightenSLATR"": 0.0, ""PprotTrailATR"": 2.0, ""PprotTrailPeakATR"": 0.0}",ml\pprot1\configs\pp_is_PP0258_20260901200901_397cbf.yaml,pp_is_PP0258_20260901200901_397cbf_deals.csv,2026-09-01T20:09:01+00:00,2026-09-01T20:15:55+00:00,413.561,
f4279c607ec34c07b8acbfbee46184d3,pp_is_PP0259_20260901201008_3c0b64,PP0259,F07_be_then_trail,G3,IS,BT1,OK,IS_REJECT,PROFIT_DAMAGED,"IS net=219306 (-47.52%), PF=1.8650 (-17.27%), DD=5.5844% (+1.7902pt), trades=321 (+6.64%)",0,219306.0,1.865,5.5844,321,0.524804,0.827345,1.7902,1.066445,"{""PprotArmAfterBars"": 0, ""PprotArmBeforeBars"": 0, ""PprotArmHourEnd"": -1, ""PprotArmHourStart"": -1, ""PprotArmMaxATRRatio"": 0.0, ""PprotArmMinATRRatio"": 0.0, ""PprotArmPeakATR"": 0.5, ""PprotArmPeakR"": 0.0, ""PprotBELockATR"": 0.0, ""PprotBELockR"": -9.0, ""PprotFridayHour"": -1, ""PprotFridayMinATR"": 0.0, ""PprotGivebackATR"": 0.0, ""PprotGivebackFrac"": 0.0, ""PprotMode"": 7, ""PprotPartialLots"": 0.0, ""PprotSleeveMask"": 3, ""PprotTPExtendATR"": 0.0, ""PprotTightenBars"": 0, ""PprotTightenSLATR"": 0.0, ""PprotTrailATR"": 1.0, ""PprotTrailPeakATR"": 0.0}",ml\pprot1\configs\pp_is_PP0259_20260901201008_3c0b64.yaml,pp_is_PP0259_20260901201008_3c0b64_deals.csv,2026-09-01T20:10:08+00:00,2026-09-01T20:16:19+00:00,371.671,
035509c4cce0437897f59f4aeff730de,pp_is_PP0260_20260901201243_1bdaf4,PP0260,F07_be_then_trail,G3,IS,BT2,OK,IS_REJECT,PROFIT_DAMAGED,"IS net=260849 (-37.58%), PF=2.0461 (-9.23%), DD=5.1431% (+1.3489pt), trades=319 (+5.98%)",0,260849.0,2.0461,5.1431,319,0.624217,0.907683,1.3489,1.059801,"{""PprotArmAfterBars"": 0, ""PprotArmBeforeBars"": 0, ""PprotArmHourEnd"": -1, ""PprotArmHourStart"": -1, ""PprotArmMaxATRRatio"": 0.0, ""PprotArmMinATRRatio"": 0.0, ""PprotArmPeakATR"": 0.5, ""PprotArmPeakR"": 0.0, ""PprotBELockATR"": 0.0, ""PprotBELockR"": -9.0, ""PprotFridayHour"": -1, ""PprotFridayMinATR"": 0.0, ""PprotGivebackATR"": 0.0, ""PprotGivebackFrac"": 0.0, ""PprotMode"": 7, ""PprotPartialLots"": 0.0, ""PprotSleeveMask"": 3, ""PprotTPExtendATR"": 0.0, ""PprotTightenBars"": 0, ""PprotTightenSLATR"": 0.0, ""PprotTrailATR"": 1.5, ""PprotTrailPeakATR"": 0.0}",ml\pprot1\configs\pp_is_PP0260_20260901201243_1bdaf4.yaml,pp_is_PP0260_20260901201243_1bdaf4_deals.csv,2026-09-01T20:12:43+00:00,2026-09-01T20:17:19+00:00,276.077,
36da9916c36c4a92a92b993004fd1e83,pp_is_PP0261_20260901201358_cb03f9,PP0261,F07_be_then_trail,G3,IS,BT3,OK,IS_REJECT,PROFIT_DAMAGED,"IS net=269110 (-35.60%), PF=2.0770 (-7.86%), DD=6.2287% (+2.4345pt), trades=319 (+5.98%)",0,269110.0,2.077,6.2287,319,0.643986,0.921391,2.4345,1.059801,"{""PprotArmAfterBars"": 0, ""PprotArmBeforeBars"": 0, ""PprotArmHourEnd"": -1, ""PprotArmHourStart"": -1, ""PprotArmMaxATRRatio"": 0.0, ""PprotArmMinATRRatio"": 0.0, ""PprotArmPeakATR"": 0.5, ""PprotArmPeakR"": 0.0, ""PprotBELockATR"": 0.0, ""PprotBELockR"": -9.0, ""PprotFridayHour"": -1, ""PprotFridayMinATR"": 0.0, ""PprotGivebackATR"": 0.0, ""PprotGivebackFrac"": 0.0, ""PprotMode"": 7, ""PprotPartialLots"": 0.0, ""PprotSleeveMask"": 3, ""PprotTPExtendATR"": 0.0, ""PprotTightenBars"": 0, ""PprotTightenSLATR"": 0.0, ""PprotTrailATR"": 2.0, ""PprotTrailPeakATR"": 0.0}",ml\pprot1\configs\pp_is_PP0261_20260901201358_cb03f9.yaml,pp_is_PP0261_20260901201358_cb03f9_deals.csv,2026-09-01T20:13:58+00:00,2026-09-01T20:18:04+00:00,245.718,
f7634c12703a4c279c98ff314656ea62,pp_is_PP0262_20260901201544_932f82,PP0262,F07_be_then_trail,G3,IS,BT4,OK,IS_REJECT,PROFIT_DAMAGED,"IS net=221775 (-46.93%), PF=1.8771 (-16.73%), DD=5.3991% (+1.6049pt), trades=324 (+7.64%)",0,221775.0,1.8771,5.3991,324,0.530712,0.832712,1.6049,1.076412,"{""PprotArmAfterBars"": 0, ""PprotArmBeforeBars"": 0, ""PprotArmHourEnd"": -1, ""PprotArmHourStart"": -1, ""PprotArmMaxATRRatio"": 0.0, ""PprotArmMinATRRatio"": 0.0, ""PprotArmPeakATR"": 0.5, ""PprotArmPeakR"": 0.0, ""PprotBELockATR"": 0.1, ""PprotBELockR"": -9.0, ""PprotFridayHour"": -1, ""PprotFridayMinATR"": 0.0, ""PprotGivebackATR"": 0.0, ""PprotGivebackFrac"": 0.0, ""PprotMode"": 7, ""PprotPartialLots"": 0.0, ""PprotSleeveMask"": 3, ""PprotTPExtendATR"": 0.0, ""PprotTightenBars"": 0, ""PprotTightenSLATR"": 0.0, ""PprotTrailATR"": 1.0, ""PprotTrailPeakATR"": 0.0}",ml\pprot1\configs\pp_is_PP0262_20260901201544_932f82.yaml,pp_is_PP0262_20260901201544_932f82_deals.csv,2026-09-01T20:15:44+00:00,2026-09-01T20:21:20+00:00,336.159,
0d456b941722428392f98e9cd6b2c6b9,pp_is_PP0263_20260901201555_c96d16,PP0263,F07_be_then_trail,G3,IS,PROD,OK,IS_REJECT,PROFIT_DAMAGED,"IS net=260909 (-37.56%), PF=2.0496 (-9.08%), DD=5.4519% (+1.6577pt), trades=322 (+6.98%)",0,260909.0,2.0496,5.4519,322,0.62436,0.909236,1.6577,1.069767,"{""PprotArmAfterBars"": 0, ""PprotArmBeforeBars"": 0, ""PprotArmHourEnd"": -1, ""PprotArmHourStart"": -1, ""PprotArmMaxATRRatio"": 0.0, ""PprotArmMinATRRatio"": 0.0, ""PprotArmPeakATR"": 0.5, ""PprotArmPeakR"": 0.0, ""PprotBELockATR"": 0.1, ""PprotBELockR"": -9.0, ""PprotFridayHour"": -1, ""PprotFridayMinATR"": 0.0, ""PprotGivebackATR"": 0.0, ""PprotGivebackFrac"": 0.0, ""PprotMode"": 7, ""PprotPartialLots"": 0.0, ""PprotSleeveMask"": 3, ""PprotTPExtendATR"": 0.0, ""PprotTightenBars"": 0, ""PprotTightenSLATR"": 0.0, ""PprotTrailATR"": 1.5, ""PprotTrailPeakATR"": 0.0}",ml\pprot1\configs\pp_is_PP0263_20260901201555_c96d16.yaml,pp_is_PP0263_20260901201555_c96d16_deals.csv,2026-09-01T20:15:55+00:00,2026-09-01T20:22:01+00:00,366.021,
a194b0887dfe419eb8fb47ea1f697681,pp_is_PP0264_20260901201619_ac9506,PP0264,F07_be_then_trail,G3,IS,BT1,OK,IS_REJECT,PROFIT_DAMAGED,"IS net=266888 (-36.13%), PF=2.0736 (-8.01%), DD=6.3482% (+2.5540pt), trades=322 (+6.98%)",0,266888.0,2.0736,6.3482,322,0.638668,0.919883,2.554,1.069767,"{""PprotArmAfterBars"": 0, ""PprotArmBeforeBars"": 0, ""PprotArmHourEnd"": -1, ""PprotArmHourStart"": -1, ""PprotArmMaxATRRatio"": 0.0, ""PprotArmMinATRRatio"": 0.0, ""PprotArmPeakATR"": 0.5, ""PprotArmPeakR"": 0.0, ""PprotBELockATR"": 0.1, ""PprotBELockR"": -9.0, ""PprotFridayHour"": -1, ""PprotFridayMinATR"": 0.0, ""PprotGivebackATR"": 0.0, ""PprotGivebackFrac"": 0.0, ""PprotMode"": 7, ""PprotPartialLots"": 0.0, ""PprotSleeveMask"": 3, ""PprotTPExtendATR"": 0.0, ""PprotTightenBars"": 0, ""PprotTightenSLATR"": 0.0, ""PprotTrailATR"": 2.0, ""PprotTrailPeakATR"": 0.0}",ml\pprot1\configs\pp_is_PP0264_20260901201619_ac9506.yaml,pp_is_PP0264_20260901201619_ac9506_deals.csv,2026-09-01T20:16:19+00:00,2026-09-01T20:22:15+00:00,355.324,
93ae69a721e04722b0952d486c911b9f,pp_is_PP0265_20260901201719_da25cb,PP0265,F07_be_then_trail,G3,IS,BT2,OK,IS_REJECT,PROFIT_DAMAGED,"IS net=226472 (-45.80%), PF=1.7338 (-23.09%), DD=4.7632% (+0.9690pt), trades=317 (+5.32%)",0,226472.0,1.7338,4.7632,317,0.541952,0.769142,0.969,1.053156,"{""PprotArmAfterBars"": 0, ""PprotArmBeforeBars"": 0, ""PprotArmHourEnd"": -1, ""PprotArmHourStart"": -1, ""PprotArmMaxATRRatio"": 0.0, ""PprotArmMinATRRatio"": 0.0, ""PprotArmPeakATR"": 1.0, ""PprotArmPeakR"": 0.0, ""PprotBELockATR"": 0.0, ""PprotBELockR"": -9.0, ""PprotFridayHour"": -1, ""PprotFridayMinATR"": 0.0, ""PprotGivebackATR"": 0.0, ""PprotGivebackFrac"": 0.0, ""PprotMode"": 7, ""PprotPartialLots"": 0.0, ""PprotSleeveMask"": 3, ""PprotTPExtendATR"": 0.0, ""PprotTightenBars"": 0, ""PprotTightenSLATR"": 0.0, ""PprotTrailATR"": 1.0, ""PprotTrailPeakATR"": 0.0}",ml\pprot1\configs\pp_is_PP0265_20260901201719_da25cb.yaml,pp_is_PP0265_20260901201719_da25cb_deals.csv,2026-09-01T20:17:19+00:00,2026-09-01T20:22:19+00:00,300.051,
d52598e95b2245158da5a6a794d8aabc,pp_is_PP0266_20260901201804_eaf5aa,PP0266,F07_be_then_trail,G3,IS,BT3,OK,IS_REJECT,PROFIT_DAMAGED,"IS net=287455 (-31.21%), PF=1.9491 (-13.53%), DD=4.5332% (+0.7390pt), trades=313 (+3.99%)",0,287455.0,1.9491,4.5332,313,0.687886,0.864653,0.739,1.039867,"{""PprotArmAfterBars"": 0, ""PprotArmBeforeBars"": 0, ""PprotArmHourEnd"": -1, ""PprotArmHourStart"": -1, ""PprotArmMaxATRRatio"": 0.0, ""PprotArmMinATRRatio"": 0.0, ""PprotArmPeakATR"": 1.0, ""PprotArmPeakR"": 0.0, ""PprotBELockATR"": 0.0, ""PprotBELockR"": -9.0, ""PprotFridayHour"": -1, ""PprotFridayMinATR"": 0.0, ""PprotGivebackATR"": 0.0, ""PprotGivebackFrac"": 0.0, ""PprotMode"": 7, ""PprotPartialLots"": 0.0, ""PprotSleeveMask"": 3, ""PprotTPExtendATR"": 0.0, ""PprotTightenBars"": 0, ""PprotTightenSLATR"": 0.0, ""PprotTrailATR"": 1.5, ""PprotTrailPeakATR"": 0.0}",ml\pprot1\configs\pp_is_PP0266_20260901201804_eaf5aa.yaml,pp_is_PP0266_20260901201804_eaf5aa_deals.csv,2026-09-01T20:18:04+00:00,2026-09-01T20:22:35+00:00,270.411,
44ae37fd5143454c9ebda681050cade5,pp_is_PP0267_20260901202120_c05860,PP0267,F07_be_then_trail,G3,IS,BT4,OK,IS_REJECT,PROFIT_DAMAGED,"IS net=293560 (-29.75%), PF=1.9762 (-12.33%), DD=4.5926% (+0.7984pt), trades=311 (+3.32%)",0,293560.0,1.9762,4.5926,311,0.702495,0.876675,0.7984,1.033223,"{""PprotArmAfterBars"": 0, ""PprotArmBeforeBars"": 0, ""PprotArmHourEnd"": -1, ""PprotArmHourStart"": -1, ""PprotArmMaxATRRatio"": 0.0, ""PprotArmMinATRRatio"": 0.0, ""PprotArmPeakATR"": 1.0, ""PprotArmPeakR"": 0.0, ""PprotBELockATR"": 0.0, ""PprotBELockR"": -9.0, ""PprotFridayHour"": -1, ""PprotFridayMinATR"": 0.0, ""PprotGivebackATR"": 0.0, ""PprotGivebackFrac"": 0.0, ""PprotMode"": 7, ""PprotPartialLots"": 0.0, ""PprotSleeveMask"": 3, ""PprotTPExtendATR"": 0.0, ""PprotTightenBars"": 0, ""PprotTightenSLATR"": 0.0, ""PprotTrailATR"": 2.0, ""PprotTrailPeakATR"": 0.0}",ml\pprot1\configs\pp_is_PP0267_20260901202120_c05860.yaml,pp_is_PP0267_20260901202120_c05860_deals.csv,2026-09-01T20:21:20+00:00,2026-09-01T20:26:16+00:00,295.991,
8189b3001f0c4b47ba5e188fb9f66a61,pp_is_PP0269_20260901202215_64be84,PP0269,F07_be_then_trail,G3,IS,BT1,OK,IS_REJECT,PROFIT_DAMAGED,"IS net=290231 (-30.55%), PF=1.9594 (-13.08%), DD=4.5192% (+0.7250pt), trades=313 (+3.99%)",0,290231.0,1.9594,4.5192,313,0.694529,0.869222,0.725,1.039867,"{""PprotArmAfterBars"": 0, ""PprotArmBeforeBars"": 0, ""PprotArmHourEnd"": -1, ""PprotArmHourStart"": -1, ""PprotArmMaxATRRatio"": 0.0, ""PprotArmMinATRRatio"": 0.0, ""PprotArmPeakATR"": 1.0, ""PprotArmPeakR"": 0.0, ""PprotBELockATR"": 0.1, ""PprotBELockR"": -9.0, ""PprotFridayHour"": -1, ""PprotFridayMinATR"": 0.0, ""PprotGivebackATR"": 0.0, ""PprotGivebackFrac"": 0.0, ""PprotMode"": 7, ""PprotPartialLots"": 0.0, ""PprotSleeveMask"": 3, ""PprotTPExtendATR"": 0.0, ""PprotTightenBars"": 0, ""PprotTightenSLATR"": 0.0, ""PprotTrailATR"": 1.5, ""PprotTrailPeakATR"": 0.0}",ml\pprot1\configs\pp_is_PP0269_20260901202215_64be84.yaml,pp_is_PP0269_20260901202215_64be84_deals.csv,2026-09-01T20:22:15+00:00,2026-09-01T20:26:29+00:00,254.776,
af0bfb1664184f7c916f32c571b4100c,pp_is_PP0270_20260901202219_d40556,PP0270,F07_be_then_trail,G3,IS,BT2,OK,IS_REJECT,PROFIT_DAMAGED,"IS net=297999 (-28.69%), PF=1.9940 (-11.54%), DD=4.5674% (+0.7732pt), trades=311 (+3.32%)",0,297999.0,1.994,4.5674,311,0.713118,0.884571,0.7732,1.033223,"{""PprotArmAfterBars"": 0, ""PprotArmBeforeBars"": 0, ""PprotArmHourEnd"": -1, ""PprotArmHourStart"": -1, ""PprotArmMaxATRRatio"": 0.0, ""PprotArmMinATRRatio"": 0.0, ""PprotArmPeakATR"": 1.0, ""PprotArmPeakR"": 0.0, ""PprotBELockATR"": 0.1, ""PprotBELockR"": -9.0, ""PprotFridayHour"": -1, ""PprotFridayMinATR"": 0.0, ""PprotGivebackATR"": 0.0, ""PprotGivebackFrac"": 0.0, ""PprotMode"": 7, ""PprotPartialLots"": 0.0, ""PprotSleeveMask"": 3, ""PprotTPExtendATR"": 0.0, ""PprotTightenBars"": 0, ""PprotTightenSLATR"": 0.0, ""PprotTrailATR"": 2.0, ""PprotTrailPeakATR"": 0.0}",ml\pprot1\configs\pp_is_PP0270_20260901202219_d40556.yaml,pp_is_PP0270_20260901202219_d40556_deals.csv,2026-09-01T20:22:19+00:00,2026-09-01T20:27:50+00:00,331.351,
d0ddb8c3a6da497f9dd51c60eaec1209,pp_is_PP0268_20260901202201_65ac8b,PP0268,F07_be_then_trail,G3,IS,PROD,OK,IS_REJECT,PROFIT_DAMAGED,"IS net=226675 (-45.76%), PF=1.7345 (-23.05%), DD=4.7617% (+0.9675pt), trades=317 (+5.32%)",0,226675.0,1.7345,4.7617,317,0.542438,0.769453,0.9675,1.053156,"{""PprotArmAfterBars"": 0, ""PprotArmBeforeBars"": 0, ""PprotArmHourEnd"": -1, ""PprotArmHourStart"": -1, ""PprotArmMaxATRRatio"": 0.0, ""PprotArmMinATRRatio"": 0.0, ""PprotArmPeakATR"": 1.0, ""PprotArmPeakR"": 0.0, ""PprotBELockATR"": 0.1, ""PprotBELockR"": -9.0, ""PprotFridayHour"": -1, ""PprotFridayMinATR"": 0.0, ""PprotGivebackATR"": 0.0, ""PprotGivebackFrac"": 0.0, ""PprotMode"": 7, ""PprotPartialLots"": 0.0, ""PprotSleeveMask"": 3, ""PprotTPExtendATR"": 0.0, ""PprotTightenBars"": 0, ""PprotTightenSLATR"": 0.0, ""PprotTrailATR"": 1.0, ""PprotTrailPeakATR"": 0.0}",ml\pprot1\configs\pp_is_PP0268_20260901202201_65ac8b.yaml,pp_is_PP0268_20260901202201_65ac8b_deals.csv,2026-09-01T20:22:01+00:00,2026-09-01T20:27:51+00:00,349.91,
5a211246efc7460bbd8030932e66981e,pp_is_PP0274_20260901202750_d0bbf7,PP0274,F07_be_then_trail,G3,IS,BT2,FAILED,RUN_FAILED,NO_SUMMARY,,0,,,,,,,,,"{""PprotArmAfterBars"": 0, ""PprotArmBeforeBars"": 0, ""PprotArmHourEnd"": -1, ""PprotArmHourStart"": -1, ""PprotArmMaxATRRatio"": 0.0, ""PprotArmMinATRRatio"": 0.0, ""PprotArmPeakATR"": 1.5, ""PprotArmPeakR"": 0.0, ""PprotBELockATR"": 0.1, ""PprotBELockR"": -9.0, ""PprotFridayHour"": -1, ""PprotFridayMinATR"": 0.0, ""PprotGivebackATR"": 0.0, ""PprotGivebackFrac"": 0.0, ""PprotMode"": 7, ""PprotPartialLots"": 0.0, ""PprotSleeveMask"": 3, ""PprotTPExtendATR"": 0.0, ""PprotTightenBars"": 0, ""PprotTightenSLATR"": 0.0, ""PprotTrailATR"": 1.0, ""PprotTrailPeakATR"": 0.0}",ml\pprot1\configs\pp_is_PP0274_20260901202750_d0bbf7.yaml,pp_is_PP0274_20260901202750_d0bbf7_deals.csv,2026-09-01T20:27:50+00:00,2026-09-01T20:28:12+00:00,21.545,"✗ 結果解析エラー: [Errno 2] No such file or directory: 'C:\\Users\\f\\source\\repos\\mt5_backtester\\ml\\pprot1\\runs\\pp_is_PP0274_20260901202750_d0bbf7\\report.xml'
"
2014a49a68a04ccaa0a25fdf2f5c7470,pp_is_PP0271_20260901202235_c4579d,PP0271,F07_be_then_trail,G3,IS,BT3,OK,IS_REJECT,PROFIT_DAMAGED,"IS net=310116 (-25.79%), PF=1.9886 (-11.78%), DD=4.4023% (+0.6081pt), trades=315 (+4.65%)",0,310116.0,1.9886,4.4023,315,0.742114,0.882175,0.6081,1.046512,"{""PprotArmAfterBars"": 0, ""PprotArmBeforeBars"": 0, ""PprotArmHourEnd"": -1, ""PprotArmHourStart"": -1, ""PprotArmMaxATRRatio"": 0.0, ""PprotArmMinATRRatio"": 0.0, ""PprotArmPeakATR"": 1.5, ""PprotArmPeakR"": 0.0, ""PprotBELockATR"": 0.0, ""PprotBELockR"": -9.0, ""PprotFridayHour"": -1, ""PprotFridayMinATR"": 0.0, ""PprotGivebackATR"": 0.0, ""PprotGivebackFrac"": 0.0, ""PprotMode"": 7, ""PprotPartialLots"": 0.0, ""PprotSleeveMask"": 3, ""PprotTPExtendATR"": 0.0, ""PprotTightenBars"": 0, ""PprotTightenSLATR"": 0.0, ""PprotTrailATR"": 1.0, ""PprotTrailPeakATR"": 0.0}",ml\pprot1\configs\pp_is_PP0271_20260901202235_c4579d.yaml,pp_is_PP0271_20260901202235_c4579d_deals.csv,2026-09-01T20:22:35+00:00,2026-09-01T20:28:16+00:00,341.003,
b03fdae45d69408ca221c7fa51ebf5b8,pp_is_PP0272_20260901203147_afa840,PP0272,F07_be_then_trail,G3,IS,PROD,OK,IS_REJECT,PROFIT_DAMAGED,"IS net=346673 (-17.04%), PF=2.1257 (-5.70%), DD=4.1777% (+0.3835pt), trades=310 (+2.99%)",0,346673.0,2.1257,4.1777,310,0.829595,0.942995,0.3835,1.0299,"{""PprotArmAfterBars"": 0, ""PprotArmBeforeBars"": 0, ""PprotArmHourEnd"": -1, ""PprotArmHourStart"": -1, ""PprotArmMaxATRRatio"": 0.0, ""PprotArmMinATRRatio"": 0.0, ""PprotArmPeakATR"": 1.5, ""PprotArmPeakR"": 0.0, ""PprotBELockATR"": 0.0, ""PprotBELockR"": -9.0, ""PprotFridayHour"": -1, ""PprotFridayMinATR"": 0.0, ""PprotGivebackATR"": 0.0, ""PprotGivebackFrac"": 0.0, ""PprotMode"": 7, ""PprotPartialLots"": 0.0, ""PprotSleeveMask"": 3, ""PprotTPExtendATR"": 0.0, ""PprotTightenBars"": 0, ""PprotTightenSLATR"": 0.0, ""PprotTrailATR"": 1.5, ""PprotTrailPeakATR"": 0.0}",ml\pprot1\configs\pp_is_PP0272_20260901203147_afa840.yaml,pp_is_PP0272_20260901203147_afa840_deals.csv,2026-09-01T20:31:47+00:00,2026-09-01T20:34:16+00:00,149.109,
26bf2c8784ed4559891d328085a043cb,pp_is_PP0273_20260901203211_97aa5e,PP0273,F07_be_then_trail,G3,IS,BT1,OK,IS_REJECT,PROFIT_DAMAGED,"IS net=347132 (-16.93%), PF=2.1342 (-5.32%), DD=4.2421% (+0.4479pt), trades=308 (+2.33%)",0,347132.0,2.1342,4.2421,308,0.830694,0.946766,0.4479,1.023256,"{""PprotArmAfterBars"": 0, ""PprotArmBeforeBars"": 0, ""PprotArmHourEnd"": -1, ""PprotArmHourStart"": -1, ""PprotArmMaxATRRatio"": 0.0, ""PprotArmMinATRRatio"": 0.0, ""PprotArmPeakATR"": 1.5, ""PprotArmPeakR"": 0.0, ""PprotBELockATR"": 0.0, ""PprotBELockR"": -9.0, ""PprotFridayHour"": -1, ""PprotFridayMinATR"": 0.0, ""PprotGivebackATR"": 0.0, ""PprotGivebackFrac"": 0.0, ""PprotMode"": 7, ""PprotPartialLots"": 0.0, ""PprotSleeveMask"": 3, ""PprotTPExtendATR"": 0.0, ""PprotTightenBars"": 0, ""PprotTightenSLATR"": 0.0, ""PprotTrailATR"": 2.0, ""PprotTrailPeakATR"": 0.0}",ml\pprot1\configs\pp_is_PP0273_20260901203211_97aa5e.yaml,pp_is_PP0273_20260901203211_97aa5e_deals.csv,2026-09-01T20:32:12+00:00,2026-09-01T20:34:45+00:00,153.848,
d1d3abbe74bd459b91ef455835933edd,pp_is_PP0274_20260901203237_39f37d,PP0274,F07_be_then_trail,G3,IS,BT2,OK,IS_REJECT,PROFIT_DAMAGED,"IS net=310116 (-25.79%), PF=1.9886 (-11.78%), DD=4.4023% (+0.6081pt), trades=315 (+4.65%)",0,310116.0,1.9886,4.4023,315,0.742114,0.882175,0.6081,1.046512,"{""PprotArmAfterBars"": 0, ""PprotArmBeforeBars"": 0, ""PprotArmHourEnd"": -1, ""PprotArmHourStart"": -1, ""PprotArmMaxATRRatio"": 0.0, ""PprotArmMinATRRatio"": 0.0, ""PprotArmPeakATR"": 1.5, ""PprotArmPeakR"": 0.0, ""PprotBELockATR"": 0.1, ""PprotBELockR"": -9.0, ""PprotFridayHour"": -1, ""PprotFridayMinATR"": 0.0, ""PprotGivebackATR"": 0.0, ""PprotGivebackFrac"": 0.0, ""PprotMode"": 7, ""PprotPartialLots"": 0.0, ""PprotSleeveMask"": 3, ""PprotTPExtendATR"": 0.0, ""PprotTightenBars"": 0, ""PprotTightenSLATR"": 0.0, ""PprotTrailATR"": 1.0, ""PprotTrailPeakATR"": 0.0}",ml\pprot1\configs\pp_is_PP0274_20260901203237_39f37d.yaml,pp_is_PP0274_20260901203237_39f37d_deals.csv,2026-09-01T20:32:37+00:00,2026-09-01T20:37:01+00:00,264.0,
341508fe897f4166ab29ce542f64afd6,pp_is_PP0275_20260901203416_3c390f,PP0275,F07_be_then_trail,G3,IS,PROD,OK,IS_REJECT,PROFIT_DAMAGED,"IS net=342604 (-18.01%), PF=2.1123 (-6.29%), DD=4.2003% (+0.4061pt), trades=310 (+2.99%)",0,342604.0,2.1123,4.2003,310,0.819858,0.937051,0.4061,1.0299,"{""PprotArmAfterBars"": 0, ""PprotArmBeforeBars"": 0, ""PprotArmHourEnd"": -1, ""PprotArmHourStart"": -1, ""PprotArmMaxATRRatio"": 0.0, ""PprotArmMinATRRatio"": 0.0, ""PprotArmPeakATR"": 1.5, ""PprotArmPeakR"": 0.0, ""PprotBELockATR"": 0.1, ""PprotBELockR"": -9.0, ""PprotFridayHour"": -1, ""PprotFridayMinATR"": 0.0, ""PprotGivebackATR"": 0.0, ""PprotGivebackFrac"": 0.0, ""PprotMode"": 7, ""PprotPartialLots"": 0.0, ""PprotSleeveMask"": 3, ""PprotTPExtendATR"": 0.0, ""PprotTightenBars"": 0, ""PprotTightenSLATR"": 0.0, ""PprotTrailATR"": 1.5, ""PprotTrailPeakATR"": 0.0}",ml\pprot1\configs\pp_is_PP0275_20260901203416_3c390f.yaml,pp_is_PP0275_20260901203416_3c390f_deals.csv,2026-09-01T20:34:16+00:00,2026-09-01T20:37:16+00:00,179.871,
615ce74543f94033bd654b2d01449e82,pp_is_PP0276_20260901203446_f6a04b,PP0276,F07_be_then_trail,G3,IS,BT1,OK,IS_REJECT,PROFIT_DAMAGED,"IS net=345129 (-17.41%), PF=2.1305 (-5.49%), DD=4.2536% (+0.4594pt), trades=308 (+2.33%)",0,345129.0,2.1305,4.2536,308,0.825901,0.945125,0.4594,1.023256,"{""PprotArmAfterBars"": 0, ""PprotArmBeforeBars"": 0, ""PprotArmHourEnd"": -1, ""PprotArmHourStart"": -1, ""PprotArmMaxATRRatio"": 0.0, ""PprotArmMinATRRatio"": 0.0, ""PprotArmPeakATR"": 1.5, ""PprotArmPeakR"": 0.0, ""PprotBELockATR"": 0.1, ""PprotBELockR"": -9.0, ""PprotFridayHour"": -1, ""PprotFridayMinATR"": 0.0, ""PprotGivebackATR"": 0.0, ""PprotGivebackFrac"": 0.0, ""PprotMode"": 7, ""PprotPartialLots"": 0.0, ""PprotSleeveMask"": 3, ""PprotTPExtendATR"": 0.0, ""PprotTightenBars"": 0, ""PprotTightenSLATR"": 0.0, ""PprotTrailATR"": 2.0, ""PprotTrailPeakATR"": 0.0}",ml\pprot1\configs\pp_is_PP0276_20260901203446_f6a04b.yaml,pp_is_PP0276_20260901203446_f6a04b_deals.csv,2026-09-01T20:34:46+00:00,2026-09-01T20:37:30+00:00,164.339,
4cb0365bb49b43fcaed180cd8c66c090,pp_is_PP0279_20260901203730_18e1c4,PP0279,F08_age_conditioned_be,G1,IS,BT1,OK,IS_REJECT,PROFIT_DAMAGED,"IS net=287803 (-31.13%), PF=1.8939 (-15.98%), DD=4.5682% (+0.7740pt), trades=309 (+2.66%)",0,287803.0,1.8939,4.5682,309,0.688718,0.840165,0.774,1.026578,"{""PprotArmAfterBars"": 6, ""PprotArmBeforeBars"": 0, ""PprotArmHourEnd"": -1, ""PprotArmHourStart"": -1, ""PprotArmMaxATRRatio"": 0.0, ""PprotArmMinATRRatio"": 0.0, ""PprotArmPeakATR"": 0.75, ""PprotArmPeakR"": 0.0, ""PprotBELockATR"": 0.0, ""PprotBELockR"": -9.0, ""PprotFridayHour"": -1, ""PprotFridayMinATR"": 0.0, ""PprotGivebackATR"": 0.0, ""PprotGivebackFrac"": 0.0, ""PprotMode"": 8, ""PprotPartialLots"": 0.0, ""PprotSleeveMask"": 1, ""PprotTPExtendATR"": 0.0, ""PprotTightenBars"": 0, ""PprotTightenSLATR"": 0.0, ""PprotTrailATR"": 0.0, ""PprotTrailPeakATR"": 0.0}",ml\pprot1\configs\pp_is_PP0279_20260901203730_18e1c4.yaml,pp_is_PP0279_20260901203730_18e1c4_deals.csv,2026-09-01T20:37:30+00:00,2026-09-01T20:39:59+00:00,148.761,
c8ac8aef26074ffcb223fa92cf59cf6c,pp_is_PP0278_20260901203716_835f77,PP0278,F08_age_conditioned_be,G1,IS,PROD,OK,IS_REJECT,PROFIT_DAMAGED,"IS net=264460 (-36.71%), PF=1.8068 (-19.85%), DD=4.7271% (+0.9329pt), trades=313 (+3.99%)",0,264460.0,1.8068,4.7271,313,0.632858,0.801526,0.9329,1.039867,"{""PprotArmAfterBars"": 6, ""PprotArmBeforeBars"": 0, ""PprotArmHourEnd"": -1, ""PprotArmHourStart"": -1, ""PprotArmMaxATRRatio"": 0.0, ""PprotArmMinATRRatio"": 0.0, ""PprotArmPeakATR"": 0.5, ""PprotArmPeakR"": 0.0, ""PprotBELockATR"": 0.0, ""PprotBELockR"": -9.0, ""PprotFridayHour"": -1, ""PprotFridayMinATR"": 0.0, ""PprotGivebackATR"": 0.0, ""PprotGivebackFrac"": 0.0, ""PprotMode"": 8, ""PprotPartialLots"": 0.0, ""PprotSleeveMask"": 1, ""PprotTPExtendATR"": 0.0, ""PprotTightenBars"": 0, ""PprotTightenSLATR"": 0.0, ""PprotTrailATR"": 0.0, ""PprotTrailPeakATR"": 0.0}",ml\pprot1\configs\pp_is_PP0278_20260901203716_835f77.yaml,pp_is_PP0278_20260901203716_835f77_deals.csv,2026-09-01T20:37:16+00:00,2026-09-01T20:40:21+00:00,184.53,
eaf815892e0a42cb8ace378e59200e96,pp_is_PP0277_20260901203701_97b9b7,PP0277,F08_age_conditioned_be,G1,IS,BT2,OK,IS_REJECT,PROFIT_DAMAGED,"IS net=259003 (-38.02%), PF=1.7861 (-20.77%), DD=5.6299% (+1.8357pt), trades=314 (+4.32%)",0,259003.0,1.7861,5.6299,314,0.619799,0.792343,1.8357,1.043189,"{""PprotArmAfterBars"": 6, ""PprotArmBeforeBars"": 0, ""PprotArmHourEnd"": -1, ""PprotArmHourStart"": -1, ""PprotArmMaxATRRatio"": 0.0, ""PprotArmMinATRRatio"": 0.0, ""PprotArmPeakATR"": 0.25, ""PprotArmPeakR"": 0.0, ""PprotBELockATR"": 0.0, ""PprotBELockR"": -9.0, ""PprotFridayHour"": -1, ""PprotFridayMinATR"": 0.0, ""PprotGivebackATR"": 0.0, ""PprotGivebackFrac"": 0.0, ""PprotMode"": 8, ""PprotPartialLots"": 0.0, ""PprotSleeveMask"": 1, ""PprotTPExtendATR"": 0.0, ""PprotTightenBars"": 0, ""PprotTightenSLATR"": 0.0, ""PprotTrailATR"": 0.0, ""PprotTrailPeakATR"": 0.0}",ml\pprot1\configs\pp_is_PP0277_20260901203701_97b9b7.yaml,pp_is_PP0277_20260901203701_97b9b7_deals.csv,2026-09-01T20:37:01+00:00,2026-09-01T20:41:25+00:00,264.519,
489234f8e2ee41d38c5a75e2869d0627,pp_is_PP0280_20260901204000_7ab4f9,PP0280,F08_age_conditioned_be,G1,IS,BT1,OK,IS_REJECT,PROFIT_DAMAGED,"IS net=298077 (-28.67%), PF=1.9237 (-14.66%), DD=4.5302% (+0.7360pt), trades=308 (+2.33%)",0,298077.0,1.9237,4.5302,308,0.713304,0.853385,0.736,1.023256,"{""PprotArmAfterBars"": 12, ""PprotArmBeforeBars"": 0, ""PprotArmHourEnd"": -1, ""PprotArmHourStart"": -1, ""PprotArmMaxATRRatio"": 0.0, ""PprotArmMinATRRatio"": 0.0, ""PprotArmPeakATR"": 0.25, ""PprotArmPeakR"": 0.0, ""PprotBELockATR"": 0.0, ""PprotBELockR"": -9.0, ""PprotFridayHour"": -1, ""PprotFridayMinATR"": 0.0, ""PprotGivebackATR"": 0.0, ""PprotGivebackFrac"": 0.0, ""PprotMode"": 8, ""PprotPartialLots"": 0.0, ""PprotSleeveMask"": 1, ""PprotTPExtendATR"": 0.0, ""PprotTightenBars"": 0, ""PprotTightenSLATR"": 0.0, ""PprotTrailATR"": 0.0, ""PprotTrailPeakATR"": 0.0}",ml\pprot1\configs\pp_is_PP0280_20260901204000_7ab4f9.yaml,pp_is_PP0280_20260901204000_7ab4f9_deals.csv,2026-09-01T20:40:00+00:00,2026-09-01T20:42:34+00:00,154.389,
280b6438fdb643458c27ca8f29e3262a,pp_is_PP0281_20260901204334_2a5f40,PP0281,F08_age_conditioned_be,G1,IS,PROD,OK,IS_REJECT,PROFIT_DAMAGED,"IS net=298917 (-28.47%), PF=1.9287 (-14.44%), DD=4.5248% (+0.7306pt), trades=308 (+2.33%)",0,298917.0,1.9287,4.5248,308,0.715314,0.855603,0.7306,1.023256,"{""PprotArmAfterBars"": 12, ""PprotArmBeforeBars"": 0, ""PprotArmHourEnd"": -1, ""PprotArmHourStart"": -1, ""PprotArmMaxATRRatio"": 0.0, ""PprotArmMinATRRatio"": 0.0, ""PprotArmPeakATR"": 0.5, ""PprotArmPeakR"": 0.0, ""PprotBELockATR"": 0.0, ""PprotBELockR"": -9.0, ""PprotFridayHour"": -1, ""PprotFridayMinATR"": 0.0, ""PprotGivebackATR"": 0.0, ""PprotGivebackFrac"": 0.0, ""PprotMode"": 8, ""PprotPartialLots"": 0.0, ""PprotSleeveMask"": 1, ""PprotTPExtendATR"": 0.0, ""PprotTightenBars"": 0, ""PprotTightenSLATR"": 0.0, ""PprotTrailATR"": 0.0, ""PprotTrailPeakATR"": 0.0}",ml\pprot1\configs\pp_is_PP0281_20260901204334_2a5f40.yaml,pp_is_PP0281_20260901204334_2a5f40_deals.csv,2026-09-01T20:43:34+00:00,2026-09-01T20:45:48+00:00,134.011,
0bc43f2900474b5c935aef7a11f1b1df,pp_is_PP0282_20260901204358_b5ab05,PP0282,F08_age_conditioned_be,G1,IS,BT1,OK,IS_REJECT,PROFIT_DAMAGED,"IS net=298038 (-28.68%), PF=1.9214 (-14.76%), DD=4.5305% (+0.7363pt), trades=307 (+1.99%)",0,298038.0,1.9214,4.5305,307,0.713211,0.852364,0.7363,1.019934,"{""PprotArmAfterBars"": 12, ""PprotArmBeforeBars"": 0, ""PprotArmHourEnd"": -1, ""PprotArmHourStart"": -1, ""PprotArmMaxATRRatio"": 0.0, ""PprotArmMinATRRatio"": 0.0, ""PprotArmPeakATR"": 0.75, ""PprotArmPeakR"": 0.0, ""PprotBELockATR"": 0.0, ""PprotBELockR"": -9.0, ""PprotFridayHour"": -1, ""PprotFridayMinATR"": 0.0, ""PprotGivebackATR"": 0.0, ""PprotGivebackFrac"": 0.0, ""PprotMode"": 8, ""PprotPartialLots"": 0.0, ""PprotSleeveMask"": 1, ""PprotTPExtendATR"": 0.0, ""PprotTightenBars"": 0, ""PprotTightenSLATR"": 0.0, ""PprotTrailATR"": 0.0, ""PprotTrailPeakATR"": 0.0}",ml\pprot1\configs\pp_is_PP0282_20260901204358_b5ab05.yaml,pp_is_PP0282_20260901204358_b5ab05_deals.csv,2026-09-01T20:43:58+00:00,2026-09-01T20:46:17+00:00,138.755,
64ee2517e6534c189ef65a34dfe1cca8,pp_is_PP0283_20260901204548_20792c,PP0283,F08_age_conditioned_be,G1,IS,PROD,OK,IS_REJECT,PROFIT_DAMAGED,"IS net=369881 (-11.49%), PF=2.1339 (-5.34%), DD=4.0810% (+0.2868pt), trades=304 (+1.00%)",0,369881.0,2.1339,4.081,304,0.885133,0.946633,0.2868,1.009967,"{""PprotArmAfterBars"": 18, ""PprotArmBeforeBars"": 0, ""PprotArmHourEnd"": -1, ""PprotArmHourStart"": -1, ""PprotArmMaxATRRatio"": 0.0, ""PprotArmMinATRRatio"": 0.0, ""PprotArmPeakATR"": 0.25, ""PprotArmPeakR"": 0.0, ""PprotBELockATR"": 0.0, ""PprotBELockR"": -9.0, ""PprotFridayHour"": -1, ""PprotFridayMinATR"": 0.0, ""PprotGivebackATR"": 0.0, ""PprotGivebackFrac"": 0.0, ""PprotMode"": 8, ""PprotPartialLots"": 0.0, ""PprotSleeveMask"": 1, ""PprotTPExtendATR"": 0.0, ""PprotTightenBars"": 0, ""PprotTightenSLATR"": 0.0, ""PprotTrailATR"": 0.0, ""PprotTrailPeakATR"": 0.0}",ml\pprot1\configs\pp_is_PP0283_20260901204548_20792c.yaml,pp_is_PP0283_20260901204548_20792c_deals.csv,2026-09-01T20:45:48+00:00,2026-09-01T20:48:07+00:00,138.901,
760daa51c0ed4a338e4950d6b59f64fe,pp_is_PP0284_20260901204617_7d1da6,PP0284,F08_age_conditioned_be,G1,IS,BT1,OK,IS_REJECT,PROFIT_DAMAGED,"IS net=370724 (-11.29%), PF=2.1395 (-5.09%), DD=4.0766% (+0.2824pt), trades=304 (+1.00%)",0,370724.0,2.1395,4.0766,304,0.88715,0.949117,0.2824,1.009967,"{""PprotArmAfterBars"": 18, ""PprotArmBeforeBars"": 0, ""PprotArmHourEnd"": -1, ""PprotArmHourStart"": -1, ""PprotArmMaxATRRatio"": 0.0, ""PprotArmMinATRRatio"": 0.0, ""PprotArmPeakATR"": 0.5, ""PprotArmPeakR"": 0.0, ""PprotBELockATR"": 0.0, ""PprotBELockR"": -9.0, ""PprotFridayHour"": -1, ""PprotFridayMinATR"": 0.0, ""PprotGivebackATR"": 0.0, ""PprotGivebackFrac"": 0.0, ""PprotMode"": 8, ""PprotPartialLots"": 0.0, ""PprotSleeveMask"": 1, ""PprotTPExtendATR"": 0.0, ""PprotTightenBars"": 0, ""PprotTightenSLATR"": 0.0, ""PprotTrailATR"": 0.0, ""PprotTrailPeakATR"": 0.0}",ml\pprot1\configs\pp_is_PP0284_20260901204617_7d1da6.yaml,pp_is_PP0284_20260901204617_7d1da6_deals.csv,2026-09-01T20:46:17+00:00,2026-09-01T20:48:36+00:00,138.679,
5d22f31373094e64a6793ce76cbd84b0,pp_is_PP0285_20260901204807_0920fb,PP0285,F08_age_conditioned_be,G1,IS,PROD,OK,IS_REJECT,PROFIT_DAMAGED,"IS net=373667 (-10.58%), PF=2.1590 (-4.22%), DD=4.0611% (+0.2669pt), trades=303 (+0.66%)",0,373667.0,2.159,4.0611,303,0.894193,0.957768,0.2669,1.006645,"{""PprotArmAfterBars"": 18, ""PprotArmBeforeBars"": 0, ""PprotArmHourEnd"": -1, ""PprotArmHourStart"": -1, ""PprotArmMaxATRRatio"": 0.0, ""PprotArmMinATRRatio"": 0.0, ""PprotArmPeakATR"": 0.75, ""PprotArmPeakR"": 0.0, ""PprotBELockATR"": 0.0, ""PprotBELockR"": -9.0, ""PprotFridayHour"": -1, ""PprotFridayMinATR"": 0.0, ""PprotGivebackATR"": 0.0, ""PprotGivebackFrac"": 0.0, ""PprotMode"": 8, ""PprotPartialLots"": 0.0, ""PprotSleeveMask"": 1, ""PprotTPExtendATR"": 0.0, ""PprotTightenBars"": 0, ""PprotTightenSLATR"": 0.0, ""PprotTrailATR"": 0.0, ""PprotTrailPeakATR"": 0.0}",ml\pprot1\configs\pp_is_PP0285_20260901204807_0920fb.yaml,pp_is_PP0285_20260901204807_0920fb_deals.csv,2026-09-01T20:48:07+00:00,2026-09-01T20:50:26+00:00,138.887,
c77b850f5e6848258d67cec510cf68c2,pp_is_PP0286_20260901204836_0c7059,PP0286,F08_age_conditioned_be,G1,IS,BT1,OK,IS_REJECT,PROFIT_DAMAGED,"IS net=368647 (-11.78%), PF=2.1383 (-5.14%), DD=4.5431% (+0.7489pt), trades=303 (+0.66%)",0,368647.0,2.1383,4.5431,303,0.88218,0.948585,0.7489,1.006645,"{""PprotArmAfterBars"": 24, ""PprotArmBeforeBars"": 0, ""PprotArmHourEnd"": -1, ""PprotArmHourStart"": -1, ""PprotArmMaxATRRatio"": 0.0, ""PprotArmMinATRRatio"": 0.0, ""PprotArmPeakATR"": 0.25, ""PprotArmPeakR"": 0.0, ""PprotBELockATR"": 0.0, ""PprotBELockR"": -9.0, ""PprotFridayHour"": -1, ""PprotFridayMinATR"": 0.0, ""PprotGivebackATR"": 0.0, ""PprotGivebackFrac"": 0.0, ""PprotMode"": 8, ""PprotPartialLots"": 0.0, ""PprotSleeveMask"": 1, ""PprotTPExtendATR"": 0.0, ""PprotTightenBars"": 0, ""PprotTightenSLATR"": 0.0, ""PprotTrailATR"": 0.0, ""PprotTrailPeakATR"": 0.0}",ml\pprot1\configs\pp_is_PP0286_20260901204836_0c7059.yaml,pp_is_PP0286_20260901204836_0c7059_deals.csv,2026-09-01T20:48:36+00:00,2026-09-01T20:50:50+00:00,133.672,
12ea439e847f4592931c204da2be0f4c,pp_is_PP0287_20260901205026_8edad0,PP0287,F08_age_conditioned_be,G1,IS,PROD,OK,IS_REJECT,PROFIT_DAMAGED,"IS net=368646 (-11.78%), PF=2.1383 (-5.14%), DD=4.5431% (+0.7489pt), trades=303 (+0.66%)",0,368646.0,2.1383,4.5431,303,0.882177,0.948585,0.7489,1.006645,"{""PprotArmAfterBars"": 24, ""PprotArmBeforeBars"": 0, ""PprotArmHourEnd"": -1, ""PprotArmHourStart"": -1, ""PprotArmMaxATRRatio"": 0.0, ""PprotArmMinATRRatio"": 0.0, ""PprotArmPeakATR"": 0.5, ""PprotArmPeakR"": 0.0, ""PprotBELockATR"": 0.0, ""PprotBELockR"": -9.0, ""PprotFridayHour"": -1, ""PprotFridayMinATR"": 0.0, ""PprotGivebackATR"": 0.0, ""PprotGivebackFrac"": 0.0, ""PprotMode"": 8, ""PprotPartialLots"": 0.0, ""PprotSleeveMask"": 1, ""PprotTPExtendATR"": 0.0, ""PprotTightenBars"": 0, ""PprotTightenSLATR"": 0.0, ""PprotTrailATR"": 0.0, ""PprotTrailPeakATR"": 0.0}",ml\pprot1\configs\pp_is_PP0287_20260901205026_8edad0.yaml,pp_is_PP0287_20260901205026_8edad0_deals.csv,2026-09-01T20:50:26+00:00,2026-09-01T20:52:40+00:00,133.868,
467a13374a9247e49c73cd90a8209a4c,pp_is_PP0288_20260901205050_3a25c0,PP0288,F08_age_conditioned_be,G1,IS,BT1,OK,IS_REJECT,PROFIT_DAMAGED,"IS net=366337 (-12.33%), PF=2.1231 (-5.82%), DD=4.5431% (+0.7489pt), trades=303 (+0.66%)",0,366337.0,2.1231,4.5431,303,0.876652,0.941842,0.7489,1.006645,"{""PprotArmAfterBars"": 24, ""PprotArmBeforeBars"": 0, ""PprotArmHourEnd"": -1, ""PprotArmHourStart"": -1, ""PprotArmMaxATRRatio"": 0.0, ""PprotArmMinATRRatio"": 0.0, ""PprotArmPeakATR"": 0.75, ""PprotArmPeakR"": 0.0, ""PprotBELockATR"": 0.0, ""PprotBELockR"": -9.0, ""PprotFridayHour"": -1, ""PprotFridayMinATR"": 0.0, ""PprotGivebackATR"": 0.0, ""PprotGivebackFrac"": 0.0, ""PprotMode"": 8, ""PprotPartialLots"": 0.0, ""PprotSleeveMask"": 1, ""PprotTPExtendATR"": 0.0, ""PprotTightenBars"": 0, ""PprotTightenSLATR"": 0.0, ""PprotTrailATR"": 0.0, ""PprotTrailPeakATR"": 0.0}",ml\pprot1\configs\pp_is_PP0288_20260901205050_3a25c0.yaml,pp_is_PP0288_20260901205050_3a25c0_deals.csv,2026-09-01T20:50:50+00:00,2026-09-01T20:52:59+00:00,128.672,
88e250441e36489d8a73f8a675843930,pp_is_PP0289_20260901205240_01b94a,PP0289,F08_age_conditioned_be,G1,IS,PROD,OK,IS_REJECT,PROFIT_DAMAGED,"IS net=399743 (-4.34%), PF=2.2022 (-2.31%), DD=3.8801% (+0.0859pt), trades=301 (+0.00%)",0,399743.0,2.2022,3.8801,301,0.956593,0.976932,0.0859,1.0,"{""PprotArmAfterBars"": 36, ""PprotArmBeforeBars"": 0, ""PprotArmHourEnd"": -1, ""PprotArmHourStart"": -1, ""PprotArmMaxATRRatio"": 0.0, ""PprotArmMinATRRatio"": 0.0, ""PprotArmPeakATR"": 0.25, ""PprotArmPeakR"": 0.0, ""PprotBELockATR"": 0.0, ""PprotBELockR"": -9.0, ""PprotFridayHour"": -1, ""PprotFridayMinATR"": 0.0, ""PprotGivebackATR"": 0.0, ""PprotGivebackFrac"": 0.0, ""PprotMode"": 8, ""PprotPartialLots"": 0.0, ""PprotSleeveMask"": 1, ""PprotTPExtendATR"": 0.0, ""PprotTightenBars"": 0, ""PprotTightenSLATR"": 0.0, ""PprotTrailATR"": 0.0, ""PprotTrailPeakATR"": 0.0}",ml\pprot1\configs\pp_is_PP0289_20260901205240_01b94a.yaml,pp_is_PP0289_20260901205240_01b94a_deals.csv,2026-09-01T20:52:40+00:00,2026-09-01T20:54:59+00:00,138.985,
374e7ac0726b46559f410d6d210e1456,pp_is_PP0290_20260901205259_f20587,PP0290,F08_age_conditioned_be,G1,IS,BT1,OK,IS_REJECT,PROFIT_DAMAGED,"IS net=399743 (-4.34%), PF=2.2022 (-2.31%), DD=3.8801% (+0.0859pt), trades=301 (+0.00%)",0,399743.0,2.2022,3.8801,301,0.956593,0.976932,0.0859,1.0,"{""PprotArmAfterBars"": 36, ""PprotArmBeforeBars"": 0, ""PprotArmHourEnd"": -1, ""PprotArmHourStart"": -1, ""PprotArmMaxATRRatio"": 0.0, ""PprotArmMinATRRatio"": 0.0, ""PprotArmPeakATR"": 0.5, ""PprotArmPeakR"": 0.0, ""PprotBELockATR"": 0.0, ""PprotBELockR"": -9.0, ""PprotFridayHour"": -1, ""PprotFridayMinATR"": 0.0, ""PprotGivebackATR"": 0.0, ""PprotGivebackFrac"": 0.0, ""PprotMode"": 8, ""PprotPartialLots"": 0.0, ""PprotSleeveMask"": 1, ""PprotTPExtendATR"": 0.0, ""PprotTightenBars"": 0, ""PprotTightenSLATR"": 0.0, ""PprotTrailATR"": 0.0, ""PprotTrailPeakATR"": 0.0}",ml\pprot1\configs\pp_is_PP0290_20260901205259_f20587.yaml,pp_is_PP0290_20260901205259_f20587_deals.csv,2026-09-01T20:52:59+00:00,2026-09-01T20:55:18+00:00,138.659,
6b48e6aa7af043e0859507c7675e743b,pp_is_PP0291_20260901205500_f8a2ca,PP0291,F08_age_conditioned_be,G1,IS,PROD,OK,IS_REJECT,PROFIT_DAMAGED,"IS net=399743 (-4.34%), PF=2.2022 (-2.31%), DD=3.8801% (+0.0859pt), trades=301 (+0.00%)",0,399743.0,2.2022,3.8801,301,0.956593,0.976932,0.0859,1.0,"{""PprotArmAfterBars"": 36, ""PprotArmBeforeBars"": 0, ""PprotArmHourEnd"": -1, ""PprotArmHourStart"": -1, ""PprotArmMaxATRRatio"": 0.0, ""PprotArmMinATRRatio"": 0.0, ""PprotArmPeakATR"": 0.75, ""PprotArmPeakR"": 0.0, ""PprotBELockATR"": 0.0, ""PprotBELockR"": -9.0, ""PprotFridayHour"": -1, ""PprotFridayMinATR"": 0.0, ""PprotGivebackATR"": 0.0, ""PprotGivebackFrac"": 0.0, ""PprotMode"": 8, ""PprotPartialLots"": 0.0, ""PprotSleeveMask"": 1, ""PprotTPExtendATR"": 0.0, ""PprotTightenBars"": 0, ""PprotTightenSLATR"": 0.0, ""PprotTrailATR"": 0.0, ""PprotTrailPeakATR"": 0.0}",ml\pprot1\configs\pp_is_PP0291_20260901205500_f8a2ca.yaml,pp_is_PP0291_20260901205500_f8a2ca_deals.csv,2026-09-01T20:55:00+00:00,2026-09-01T20:57:29+00:00,148.948,
4013875efa1c4f029f4af9c57b65e686,pp_is_PP0292_20260901205518_46a85d,PP0292,F08_age_conditioned_be,G2,IS,BT1,OK,IS_REJECT,PROFIT_DAMAGED,"IS net=387085 (-7.37%), PF=2.3308 (+3.40%), DD=3.9124% (+0.1182pt), trades=301 (+0.00%)",0,387085.0,2.3308,3.9124,301,0.926302,1.033981,0.1182,1.0,"{""PprotArmAfterBars"": 8, ""PprotArmBeforeBars"": 0, ""PprotArmHourEnd"": -1, ""PprotArmHourStart"": -1, ""PprotArmMaxATRRatio"": 0.0, ""PprotArmMinATRRatio"": 0.0, ""PprotArmPeakATR"": 0.25, ""PprotArmPeakR"": 0.0, ""PprotBELockATR"": 0.0, ""PprotBELockR"": -9.0, ""PprotFridayHour"": -1, ""PprotFridayMinATR"": 0.0, ""PprotGivebackATR"": 0.0, ""PprotGivebackFrac"": 0.0, ""PprotMode"": 8, ""PprotPartialLots"": 0.0, ""PprotSleeveMask"": 2, ""PprotTPExtendATR"": 0.0, ""PprotTightenBars"": 0, ""PprotTightenSLATR"": 0.0, ""PprotTrailATR"": 0.0, ""PprotTrailPeakATR"": 0.0}",ml\pprot1\configs\pp_is_PP0292_20260901205518_46a85d.yaml,pp_is_PP0292_20260901205518_46a85d_deals.csv,2026-09-01T20:55:18+00:00,2026-09-01T20:57:42+00:00,143.654,
6980c3da6dd74615b30adfeabfb63502,pp_is_PP0293_20260901205729_d69a3d,PP0293,F08_age_conditioned_be,G2,IS,PROD,OK,IS_REJECT,PROFIT_DAMAGED,"IS net=408419 (-2.26%), PF=2.2429 (-0.50%), DD=3.8392% (+0.0450pt), trades=301 (+0.00%)",0,408419.0,2.2429,3.8392,301,0.977355,0.994987,0.045,1.0,"{""PprotArmAfterBars"": 8, ""PprotArmBeforeBars"": 0, ""PprotArmHourEnd"": -1, ""PprotArmHourStart"": -1, ""PprotArmMaxATRRatio"": 0.0, ""PprotArmMinATRRatio"": 0.0, ""PprotArmPeakATR"": 0.5, ""PprotArmPeakR"": 0.0, ""PprotBELockATR"": 0.0, ""PprotBELockR"": -9.0, ""PprotFridayHour"": -1, ""PprotFridayMinATR"": 0.0, ""PprotGivebackATR"": 0.0, ""PprotGivebackFrac"": 0.0, ""PprotMode"": 8, ""PprotPartialLots"": 0.0, ""PprotSleeveMask"": 2, ""PprotTPExtendATR"": 0.0, ""PprotTightenBars"": 0, ""PprotTightenSLATR"": 0.0, ""PprotTrailATR"": 0.0, ""PprotTrailPeakATR"": 0.0}",ml\pprot1\configs\pp_is_PP0293_20260901205729_d69a3d.yaml,pp_is_PP0293_20260901205729_d69a3d_deals.csv,2026-09-01T20:57:29+00:00,2026-09-01T20:59:53+00:00,144.01,
47879515425f4a57bb853008832db83d,pp_is_PP0294_20260901205742_f192bd,PP0294,F08_age_conditioned_be,G2,IS,BT1,OK,IS_REJECT,PROFIT_DAMAGED,"IS net=411243 (-1.59%), PF=2.2315 (-1.01%), DD=3.8261% (+0.0319pt), trades=301 (+0.00%)",0,411243.0,2.2315,3.8261,301,0.984113,0.98993,0.0319,1.0,"{""PprotArmAfterBars"": 8, ""PprotArmBeforeBars"": 0, ""PprotArmHourEnd"": -1, ""PprotArmHourStart"": -1, ""PprotArmMaxATRRatio"": 0.0, ""PprotArmMinATRRatio"": 0.0, ""PprotArmPeakATR"": 0.75, ""PprotArmPeakR"": 0.0, ""PprotBELockATR"": 0.0, ""PprotBELockR"": -9.0, ""PprotFridayHour"": -1, ""PprotFridayMinATR"": 0.0, ""PprotGivebackATR"": 0.0, ""PprotGivebackFrac"": 0.0, ""PprotMode"": 8, ""PprotPartialLots"": 0.0, ""PprotSleeveMask"": 2, ""PprotTPExtendATR"": 0.0, ""PprotTightenBars"": 0, ""PprotTightenSLATR"": 0.0, ""PprotTrailATR"": 0.0, ""PprotTrailPeakATR"": 0.0}",ml\pprot1\configs\pp_is_PP0294_20260901205742_f192bd.yaml,pp_is_PP0294_20260901205742_f192bd_deals.csv,2026-09-01T20:57:42+00:00,2026-09-01T21:00:06+00:00,143.615,
ed4d5c0917e346ee8ace29f8705686a5,pp_is_PP0295_20260901205953_9df9f8,PP0295,F08_age_conditioned_be,G2,IS,PROD,OK,IS_REJECT,PROFIT_DAMAGED,"IS net=380690 (-8.90%), PF=2.2536 (-0.03%), DD=3.9287% (+0.1345pt), trades=301 (+0.00%)",0,380690.0,2.2536,3.9287,301,0.910999,0.999734,0.1345,1.0,"{""PprotArmAfterBars"": 16, ""PprotArmBeforeBars"": 0, ""PprotArmHourEnd"": -1, ""PprotArmHourStart"": -1, ""PprotArmMaxATRRatio"": 0.0, ""PprotArmMinATRRatio"": 0.0, ""PprotArmPeakATR"": 0.25, ""PprotArmPeakR"": 0.0, ""PprotBELockATR"": 0.0, ""PprotBELockR"": -9.0, ""PprotFridayHour"": -1, ""PprotFridayMinATR"": 0.0, ""PprotGivebackATR"": 0.0, ""PprotGivebackFrac"": 0.0, ""PprotMode"": 8, ""PprotPartialLots"": 0.0, ""PprotSleeveMask"": 2, ""PprotTPExtendATR"": 0.0, ""PprotTightenBars"": 0, ""PprotTightenSLATR"": 0.0, ""PprotTrailATR"": 0.0, ""PprotTrailPeakATR"": 0.0}",ml\pprot1\configs\pp_is_PP0295_20260901205953_9df9f8.yaml,pp_is_PP0295_20260901205953_9df9f8_deals.csv,2026-09-01T20:59:53+00:00,2026-09-01T21:02:17+00:00,143.815,
131512f3d1d5414c88159c2854d91578,pp_is_PP0296_20260901210006_160dcf,PP0296,F08_age_conditioned_be,G2,IS,BT1,OK,IS_REJECT,PROFIT_DAMAGED,"IS net=410196 (-1.84%), PF=2.2483 (-0.26%), DD=3.8309% (+0.0367pt), trades=301 (+0.00%)",0,410196.0,2.2483,3.8309,301,0.981607,0.997383,0.0367,1.0,"{""PprotArmAfterBars"": 16, ""PprotArmBeforeBars"": 0, ""PprotArmHourEnd"": -1, ""PprotArmHourStart"": -1, ""PprotArmMaxATRRatio"": 0.0, ""PprotArmMinATRRatio"": 0.0, ""PprotArmPeakATR"": 0.5, ""PprotArmPeakR"": 0.0, ""PprotBELockATR"": 0.0, ""PprotBELockR"": -9.0, ""PprotFridayHour"": -1, ""PprotFridayMinATR"": 0.0, ""PprotGivebackATR"": 0.0, ""PprotGivebackFrac"": 0.0, ""PprotMode"": 8, ""PprotPartialLots"": 0.0, ""PprotSleeveMask"": 2, ""PprotTPExtendATR"": 0.0, ""PprotTightenBars"": 0, ""PprotTightenSLATR"": 0.0, ""PprotTrailATR"": 0.0, ""PprotTrailPeakATR"": 0.0}",ml\pprot1\configs\pp_is_PP0296_20260901210006_160dcf.yaml,pp_is_PP0296_20260901210006_160dcf_deals.csv,2026-09-01T21:00:06+00:00,2026-09-01T21:02:20+00:00,133.47,
604028b00ee647b7919eae80d4d49c0f,pp_is_PP0297_20260901210217_7d1165,PP0297,F08_age_conditioned_be,G2,IS,PROD,OK,IS_REJECT,PROFIT_DAMAGED,"IS net=411243 (-1.59%), PF=2.2315 (-1.01%), DD=3.8261% (+0.0319pt), trades=301 (+0.00%)",0,411243.0,2.2315,3.8261,301,0.984113,0.98993,0.0319,1.0,"{""PprotArmAfterBars"": 16, ""PprotArmBeforeBars"": 0, ""PprotArmHourEnd"": -1, ""PprotArmHourStart"": -1, ""PprotArmMaxATRRatio"": 0.0, ""PprotArmMinATRRatio"": 0.0, ""PprotArmPeakATR"": 0.75, ""PprotArmPeakR"": 0.0, ""PprotBELockATR"": 0.0, ""PprotBELockR"": -9.0, ""PprotFridayHour"": -1, ""PprotFridayMinATR"": 0.0, ""PprotGivebackATR"": 0.0, ""PprotGivebackFrac"": 0.0, ""PprotMode"": 8, ""PprotPartialLots"": 0.0, ""PprotSleeveMask"": 2, ""PprotTPExtendATR"": 0.0, ""PprotTightenBars"": 0, ""PprotTightenSLATR"": 0.0, ""PprotTrailATR"": 0.0, ""PprotTrailPeakATR"": 0.0}",ml\pprot1\configs\pp_is_PP0297_20260901210217_7d1165.yaml,pp_is_PP0297_20260901210217_7d1165_deals.csv,2026-09-01T21:02:17+00:00,2026-09-01T21:04:36+00:00,138.859,
37a4e4b47ef445ee937a6408d27b3193,pp_is_PP0298_20260901210220_c947fa,PP0298,F08_age_conditioned_be,G2,IS,BT1,OK,IS_REJECT,PROFIT_DAMAGED,"IS net=382211 (-8.54%), PF=2.1862 (-3.02%), DD=3.9241% (+0.1299pt), trades=301 (+0.00%)",0,382211.0,2.1862,3.9241,301,0.914639,0.969834,0.1299,1.0,"{""PprotArmAfterBars"": 24, ""PprotArmBeforeBars"": 0, ""PprotArmHourEnd"": -1, ""PprotArmHourStart"": -1, ""PprotArmMaxATRRatio"": 0.0, ""PprotArmMinATRRatio"": 0.0, ""PprotArmPeakATR"": 0.25, ""PprotArmPeakR"": 0.0, ""PprotBELockATR"": 0.0, ""PprotBELockR"": -9.0, ""PprotFridayHour"": -1, ""PprotFridayMinATR"": 0.0, ""PprotGivebackATR"": 0.0, ""PprotGivebackFrac"": 0.0, ""PprotMode"": 8, ""PprotPartialLots"": 0.0, ""PprotSleeveMask"": 2, ""PprotTPExtendATR"": 0.0, ""PprotTightenBars"": 0, ""PprotTightenSLATR"": 0.0, ""PprotTrailATR"": 0.0, ""PprotTrailPeakATR"": 0.0}",ml\pprot1\configs\pp_is_PP0298_20260901210220_c947fa.yaml,pp_is_PP0298_20260901210220_c947fa_deals.csv,2026-09-01T21:02:20+00:00,2026-09-01T21:04:39+00:00,138.646,
444e0047dd9048488129cb1d2fb951eb,pp_is_PP0299_20260901210437_96fc9c,PP0299,F08_age_conditioned_be,G2,IS,PROD,OK,IS_REJECT,PROFIT_DAMAGED,"IS net=412289 (-1.34%), PF=2.2538 (-0.02%), DD=3.8212% (+0.0270pt), trades=301 (+0.00%)",0,412289.0,2.2538,3.8212,301,0.986616,0.999823,0.027,1.0,"{""PprotArmAfterBars"": 24, ""PprotArmBeforeBars"": 0, ""PprotArmHourEnd"": -1, ""PprotArmHourStart"": -1, ""PprotArmMaxATRRatio"": 0.0, ""PprotArmMinATRRatio"": 0.0, ""PprotArmPeakATR"": 0.5, ""PprotArmPeakR"": 0.0, ""PprotBELockATR"": 0.0, ""PprotBELockR"": -9.0, ""PprotFridayHour"": -1, ""PprotFridayMinATR"": 0.0, ""PprotGivebackATR"": 0.0, ""PprotGivebackFrac"": 0.0, ""PprotMode"": 8, ""PprotPartialLots"": 0.0, ""PprotSleeveMask"": 2, ""PprotTPExtendATR"": 0.0, ""PprotTightenBars"": 0, ""PprotTightenSLATR"": 0.0, ""PprotTrailATR"": 0.0, ""PprotTrailPeakATR"": 0.0}",ml\pprot1\configs\pp_is_PP0299_20260901210437_96fc9c.yaml,pp_is_PP0299_20260901210437_96fc9c_deals.csv,2026-09-01T21:04:37+00:00,2026-09-01T21:06:51+00:00,134.03,
04f39a89dfb141b887ab452f7feffa9f,pp_is_PP0300_20260901210439_699a2a,PP0300,F08_age_conditioned_be,G2,IS,BT1,OK,IS_REJECT,PROFIT_DAMAGED,"IS net=411243 (-1.59%), PF=2.2315 (-1.01%), DD=3.8261% (+0.0319pt), trades=301 (+0.00%)",0,411243.0,2.2315,3.8261,301,0.984113,0.98993,0.0319,1.0,"{""PprotArmAfterBars"": 24, ""PprotArmBeforeBars"": 0, ""PprotArmHourEnd"": -1, ""PprotArmHourStart"": -1, ""PprotArmMaxATRRatio"": 0.0, ""PprotArmMinATRRatio"": 0.0, ""PprotArmPeakATR"": 0.75, ""PprotArmPeakR"": 0.0, ""PprotBELockATR"": 0.0, ""PprotBELockR"": -9.0, ""PprotFridayHour"": -1, ""PprotFridayMinATR"": 0.0, ""PprotGivebackATR"": 0.0, ""PprotGivebackFrac"": 0.0, ""PprotMode"": 8, ""PprotPartialLots"": 0.0, ""PprotSleeveMask"": 2, ""PprotTPExtendATR"": 0.0, ""PprotTightenBars"": 0, ""PprotTightenSLATR"": 0.0, ""PprotTrailATR"": 0.0, ""PprotTrailPeakATR"": 0.0}",ml\pprot1\configs\pp_is_PP0300_20260901210439_699a2a.yaml,pp_is_PP0300_20260901210439_699a2a_deals.csv,2026-09-01T21:04:39+00:00,2026-09-01T21:06:52+00:00,133.611,
0ce2d10ba49947aaa61e325d8d43025e,pp_is_PP0301_20260901210651_8975a4,PP0301,F08_age_conditioned_be,G2,IS,PROD,OK,IS_REJECT,PROFIT_DAMAGED,"IS net=398422 (-4.66%), PF=2.1890 (-2.89%), DD=3.8864% (+0.0922pt), trades=301 (+0.00%)",0,398422.0,2.189,3.8864,301,0.953432,0.971076,0.0922,1.0,"{""PprotArmAfterBars"": 32, ""PprotArmBeforeBars"": 0, ""PprotArmHourEnd"": -1, ""PprotArmHourStart"": -1, ""PprotArmMaxATRRatio"": 0.0, ""PprotArmMinATRRatio"": 0.0, ""PprotArmPeakATR"": 0.25, ""PprotArmPeakR"": 0.0, ""PprotBELockATR"": 0.0, ""PprotBELockR"": -9.0, ""PprotFridayHour"": -1, ""PprotFridayMinATR"": 0.0, ""PprotGivebackATR"": 0.0, ""PprotGivebackFrac"": 0.0, ""PprotMode"": 8, ""PprotPartialLots"": 0.0, ""PprotSleeveMask"": 2, ""PprotTPExtendATR"": 0.0, ""PprotTightenBars"": 0, ""PprotTightenSLATR"": 0.0, ""PprotTrailATR"": 0.0, ""PprotTrailPeakATR"": 0.0}",ml\pprot1\configs\pp_is_PP0301_20260901210651_8975a4.yaml,pp_is_PP0301_20260901210651_8975a4_deals.csv,2026-09-01T21:06:51+00:00,2026-09-01T21:09:15+00:00,143.734,
e805059d2c2b42e88d52989aab84e316,pp_is_PP0302_20260901210653_942237,PP0302,F08_age_conditioned_be,G2,IS,BT1,OK,IS_REJECT,PROFIT_DAMAGED,"IS net=408156 (-2.33%), PF=2.2233 (-1.37%), DD=3.8404% (+0.0462pt), trades=301 (+0.00%)",0,408156.0,2.2233,3.8404,301,0.976725,0.986292,0.0462,1.0,"{""PprotArmAfterBars"": 32, ""PprotArmBeforeBars"": 0, ""PprotArmHourEnd"": -1, ""PprotArmHourStart"": -1, ""PprotArmMaxATRRatio"": 0.0, ""PprotArmMinATRRatio"": 0.0, ""PprotArmPeakATR"": 0.5, ""PprotArmPeakR"": 0.0, ""PprotBELockATR"": 0.0, ""PprotBELockR"": -9.0, ""PprotFridayHour"": -1, ""PprotFridayMinATR"": 0.0, ""PprotGivebackATR"": 0.0, ""PprotGivebackFrac"": 0.0, ""PprotMode"": 8, ""PprotPartialLots"": 0.0, ""PprotSleeveMask"": 2, ""PprotTPExtendATR"": 0.0, ""PprotTightenBars"": 0, ""PprotTightenSLATR"": 0.0, ""PprotTrailATR"": 0.0, ""PprotTrailPeakATR"": 0.0}",ml\pprot1\configs\pp_is_PP0302_20260901210653_942237.yaml,pp_is_PP0302_20260901210653_942237_deals.csv,2026-09-01T21:06:53+00:00,2026-09-01T21:09:16+00:00,143.636,
610b3929f0fb4260a97ef4f62d5c423f,pp_is_PP0304_20260901210917_b4ccfc,PP0304,F09_age_tighten,G1,IS,BT1,OK,IS_REJECT,PROFIT_DAMAGED,"IS net=308664 (-26.14%), PF=1.9299 (-14.39%), DD=4.6991% (+0.9049pt), trades=308 (+2.33%)",0,308664.0,1.9299,4.6991,308,0.738639,0.856135,0.9049,1.023256,"{""PprotArmAfterBars"": 0, ""PprotArmBeforeBars"": 0, ""PprotArmHourEnd"": -1, ""PprotArmHourStart"": -1, ""PprotArmMaxATRRatio"": 0.0, ""PprotArmMinATRRatio"": 0.0, ""PprotArmPeakATR"": 0.0, ""PprotArmPeakR"": 0.0, ""PprotBELockATR"": -9.0, ""PprotBELockR"": -9.0, ""PprotFridayHour"": -1, ""PprotFridayMinATR"": 0.0, ""PprotGivebackATR"": 0.0, ""PprotGivebackFrac"": 0.0, ""PprotMode"": 9, ""PprotPartialLots"": 0.0, ""PprotSleeveMask"": 1, ""PprotTPExtendATR"": 0.0, ""PprotTightenBars"": 8, ""PprotTightenSLATR"": 0.5, ""PprotTrailATR"": 0.0, ""PprotTrailPeakATR"": 0.0}",ml\pprot1\configs\pp_is_PP0304_20260901210917_b4ccfc.yaml,pp_is_PP0304_20260901210917_b4ccfc_deals.csv,2026-09-01T21:09:17+00:00,2026-09-01T21:11:25+00:00,128.602,
18b0066e9c774259bfc950246104bf34,pp_is_PP0303_20260901210915_4a4256,PP0303,F08_age_conditioned_be,G2,IS,PROD,OK,IS_REJECT,PROFIT_DAMAGED,"IS net=411243 (-1.59%), PF=2.2315 (-1.01%), DD=3.8261% (+0.0319pt), trades=301 (+0.00%)",0,411243.0,2.2315,3.8261,301,0.984113,0.98993,0.0319,1.0,"{""PprotArmAfterBars"": 32, ""PprotArmBeforeBars"": 0, ""PprotArmHourEnd"": -1, ""PprotArmHourStart"": -1, ""PprotArmMaxATRRatio"": 0.0, ""PprotArmMinATRRatio"": 0.0, ""PprotArmPeakATR"": 0.75, ""PprotArmPeakR"": 0.0, ""PprotBELockATR"": 0.0, ""PprotBELockR"": -9.0, ""PprotFridayHour"": -1, ""PprotFridayMinATR"": 0.0, ""PprotGivebackATR"": 0.0, ""PprotGivebackFrac"": 0.0, ""PprotMode"": 8, ""PprotPartialLots"": 0.0, ""PprotSleeveMask"": 2, ""PprotTPExtendATR"": 0.0, ""PprotTightenBars"": 0, ""PprotTightenSLATR"": 0.0, ""PprotTrailATR"": 0.0, ""PprotTrailPeakATR"": 0.0}",ml\pprot1\configs\pp_is_PP0303_20260901210915_4a4256.yaml,pp_is_PP0303_20260901210915_4a4256_deals.csv,2026-09-01T21:09:15+00:00,2026-09-01T21:11:34+00:00,138.758,
0335ad29f18d4047ad87b4d7136d21b8,pp_is_PP0305_20260901211126_dffc89,PP0305,F09_age_tighten,G1,IS,BT1,OK,IS_REJECT,PROFIT_DAMAGED,"IS net=302375 (-27.64%), PF=1.8699 (-17.05%), DD=5.1887% (+1.3945pt), trades=307 (+1.99%)",0,302375.0,1.8699,5.1887,307,0.723589,0.829518,1.3945,1.019934,"{""PprotArmAfterBars"": 0, ""PprotArmBeforeBars"": 0, ""PprotArmHourEnd"": -1, ""PprotArmHourStart"": -1, ""PprotArmMaxATRRatio"": 0.0, ""PprotArmMinATRRatio"": 0.0, ""PprotArmPeakATR"": 0.0, ""PprotArmPeakR"": 0.0, ""PprotBELockATR"": -9.0, ""PprotBELockR"": -9.0, ""PprotFridayHour"": -1, ""PprotFridayMinATR"": 0.0, ""PprotGivebackATR"": 0.0, ""PprotGivebackFrac"": 0.0, ""PprotMode"": 9, ""PprotPartialLots"": 0.0, ""PprotSleeveMask"": 1, ""PprotTPExtendATR"": 0.0, ""PprotTightenBars"": 8, ""PprotTightenSLATR"": 1.0, ""PprotTrailATR"": 0.0, ""PprotTrailPeakATR"": 0.0}",ml\pprot1\configs\pp_is_PP0305_20260901211126_dffc89.yaml,pp_is_PP0305_20260901211126_dffc89_deals.csv,2026-09-01T21:11:26+00:00,2026-09-01T21:13:34+00:00,128.551,
904bf65e1c6843fcb581743c97046508,pp_is_PP0306_20260901211134_faa9fd,PP0306,F09_age_tighten,G1,IS,PROD,OK,IS_REJECT,PROFIT_DAMAGED,"IS net=380580 (-8.93%), PF=2.1275 (-5.62%), DD=4.7540% (+0.9598pt), trades=305 (+1.33%)",0,380580.0,2.1275,4.754,305,0.910736,0.943794,0.9598,1.013289,"{""PprotArmAfterBars"": 0, ""PprotArmBeforeBars"": 0, ""PprotArmHourEnd"": -1, ""PprotArmHourStart"": -1, ""PprotArmMaxATRRatio"": 0.0, ""PprotArmMinATRRatio"": 0.0, ""PprotArmPeakATR"": 0.0, ""PprotArmPeakR"": 0.0, ""PprotBELockATR"": -9.0, ""PprotBELockR"": -9.0, ""PprotFridayHour"": -1, ""PprotFridayMinATR"": 0.0, ""PprotGivebackATR"": 0.0, ""PprotGivebackFrac"": 0.0, ""PprotMode"": 9, ""PprotPartialLots"": 0.0, ""PprotSleeveMask"": 1, ""PprotTPExtendATR"": 0.0, ""PprotTightenBars"": 8, ""PprotTightenSLATR"": 1.5, ""PprotTrailATR"": 0.0, ""PprotTrailPeakATR"": 0.0}",ml\pprot1\configs\pp_is_PP0306_20260901211134_faa9fd.yaml,pp_is_PP0306_20260901211134_faa9fd_deals.csv,2026-09-01T21:11:34+00:00,2026-09-01T21:13:48+00:00,133.668,
7cd0db4f9919424e9b0080c48ad8037f,pp_is_PP0307_20260901211334_e15657,PP0307,F09_age_tighten,G1,IS,BT1,OK,IS_REJECT,PROFIT_DAMAGED,"IS net=334715 (-19.90%), PF=2.0039 (-11.10%), DD=4.3656% (+0.5714pt), trades=305 (+1.33%)",0,334715.0,2.0039,4.3656,305,0.80098,0.888963,0.5714,1.013289,"{""PprotArmAfterBars"": 0, ""PprotArmBeforeBars"": 0, ""PprotArmHourEnd"": -1, ""PprotArmHourStart"": -1, ""PprotArmMaxATRRatio"": 0.0, ""PprotArmMinATRRatio"": 0.0, ""PprotArmPeakATR"": 0.0, ""PprotArmPeakR"": 0.0, ""PprotBELockATR"": -9.0, ""PprotBELockR"": -9.0, ""PprotFridayHour"": -1, ""PprotFridayMinATR"": 0.0, ""PprotGivebackATR"": 0.0, ""PprotGivebackFrac"": 0.0, ""PprotMode"": 9, ""PprotPartialLots"": 0.0, ""PprotSleeveMask"": 1, ""PprotTPExtendATR"": 0.0, ""PprotTightenBars"": 12, ""PprotTightenSLATR"": 0.5, ""PprotTrailATR"": 0.0, ""PprotTrailPeakATR"": 0.0}",ml\pprot1\configs\pp_is_PP0307_20260901211334_e15657.yaml,pp_is_PP0307_20260901211334_e15657_deals.csv,2026-09-01T21:13:34+00:00,2026-09-01T21:15:43+00:00,128.604,
d6be15ddf7b344098a61e9d78768e4b5,pp_is_PP0308_20260901211348_6e42b8,PP0308,F09_age_tighten,G1,IS,PROD,OK,IS_REJECT,PROFIT_DAMAGED,"IS net=376039 (-10.01%), PF=2.1398 (-5.07%), DD=4.0150% (+0.2208pt), trades=303 (+0.66%)",0,376039.0,2.1398,4.015,303,0.899869,0.94925,0.2208,1.006645,"{""PprotArmAfterBars"": 0, ""PprotArmBeforeBars"": 0, ""PprotArmHourEnd"": -1, ""PprotArmHourStart"": -1, ""PprotArmMaxATRRatio"": 0.0, ""PprotArmMinATRRatio"": 0.0, ""PprotArmPeakATR"": 0.0, ""PprotArmPeakR"": 0.0, ""PprotBELockATR"": -9.0, ""PprotBELockR"": -9.0, ""PprotFridayHour"": -1, ""PprotFridayMinATR"": 0.0, ""PprotGivebackATR"": 0.0, ""PprotGivebackFrac"": 0.0, ""PprotMode"": 9, ""PprotPartialLots"": 0.0, ""PprotSleeveMask"": 1, ""PprotTPExtendATR"": 0.0, ""PprotTightenBars"": 12, ""PprotTightenSLATR"": 1.0, ""PprotTrailATR"": 0.0, ""PprotTrailPeakATR"": 0.0}",ml\pprot1\configs\pp_is_PP0308_20260901211348_6e42b8.yaml,pp_is_PP0308_20260901211348_6e42b8_deals.csv,2026-09-01T21:13:48+00:00,2026-09-01T21:16:02+00:00,133.728,
efb11e34c3cc4e64ac465015deaf7bc6,pp_is_PP0309_20260901211543_6afa83,PP0309,F09_age_tighten,G1,IS,BT1,OK,IS_REJECT,PROFIT_DAMAGED,"IS net=376073 (-10.00%), PF=2.1076 (-6.50%), DD=3.9980% (+0.2038pt), trades=302 (+0.33%)",0,376073.0,2.1076,3.998,302,0.89995,0.934966,0.2038,1.003322,"{""PprotArmAfterBars"": 0, ""PprotArmBeforeBars"": 0, ""PprotArmHourEnd"": -1, ""PprotArmHourStart"": -1, ""PprotArmMaxATRRatio"": 0.0, ""PprotArmMinATRRatio"": 0.0, ""PprotArmPeakATR"": 0.0, ""PprotArmPeakR"": 0.0, ""PprotBELockATR"": -9.0, ""PprotBELockR"": -9.0, ""PprotFridayHour"": -1, ""PprotFridayMinATR"": 0.0, ""PprotGivebackATR"": 0.0, ""PprotGivebackFrac"": 0.0, ""PprotMode"": 9, ""PprotPartialLots"": 0.0, ""PprotSleeveMask"": 1, ""PprotTPExtendATR"": 0.0, ""PprotTightenBars"": 12, ""PprotTightenSLATR"": 1.5, ""PprotTrailATR"": 0.0, ""PprotTrailPeakATR"": 0.0}",ml\pprot1\configs\pp_is_PP0309_20260901211543_6afa83.yaml,pp_is_PP0309_20260901211543_6afa83_deals.csv,2026-09-01T21:15:43+00:00,2026-09-01T21:17:57+00:00,133.666,
feee7bb9c2e845119c71e82f8ed2ca96,pp_is_PP0310_20260901211602_b7b248,PP0310,F09_age_tighten,G1,IS,PROD,OK,IS_REJECT,PROFIT_DAMAGED,"IS net=349434 (-16.38%), PF=2.0474 (-9.17%), DD=4.1736% (+0.3794pt), trades=307 (+1.99%)",0,349434.0,2.0474,4.1736,307,0.836203,0.90826,0.3794,1.019934,"{""PprotArmAfterBars"": 0, ""PprotArmBeforeBars"": 0, ""PprotArmHourEnd"": -1, ""PprotArmHourStart"": -1, ""PprotArmMaxATRRatio"": 0.0, ""PprotArmMinATRRatio"": 0.0, ""PprotArmPeakATR"": 0.0, ""PprotArmPeakR"": 0.0, ""PprotBELockATR"": -9.0, ""PprotBELockR"": -9.0, ""PprotFridayHour"": -1, ""PprotFridayMinATR"": 0.0, ""PprotGivebackATR"": 0.0, ""PprotGivebackFrac"": 0.0, ""PprotMode"": 9, ""PprotPartialLots"": 0.0, ""PprotSleeveMask"": 1, ""PprotTPExtendATR"": 0.0, ""PprotTightenBars"": 16, ""PprotTightenSLATR"": 0.5, ""PprotTrailATR"": 0.0, ""PprotTrailPeakATR"": 0.0}",ml\pprot1\configs\pp_is_PP0310_20260901211602_b7b248.yaml,pp_is_PP0310_20260901211602_b7b248_deals.csv,2026-09-01T21:16:02+00:00,2026-09-01T21:18:16+00:00,133.757,
e81f5a998231443dbca97c69d0c7b370,pp_is_PP0311_20260901211757_5c0dd4,PP0311,F09_age_tighten,G1,IS,BT1,OK,IS_REJECT,PROFIT_DAMAGED,"IS net=383355 (-8.26%), PF=2.1500 (-4.62%), DD=3.9781% (+0.1839pt), trades=305 (+1.33%)",0,383355.0,2.15,3.9781,305,0.917376,0.953775,0.1839,1.013289,"{""PprotArmAfterBars"": 0, ""PprotArmBeforeBars"": 0, ""PprotArmHourEnd"": -1, ""PprotArmHourStart"": -1, ""PprotArmMaxATRRatio"": 0.0, ""PprotArmMinATRRatio"": 0.0, ""PprotArmPeakATR"": 0.0, ""PprotArmPeakR"": 0.0, ""PprotBELockATR"": -9.0, ""PprotBELockR"": -9.0, ""PprotFridayHour"": -1, ""PprotFridayMinATR"": 0.0, ""PprotGivebackATR"": 0.0, ""PprotGivebackFrac"": 0.0, ""PprotMode"": 9, ""PprotPartialLots"": 0.0, ""PprotSleeveMask"": 1, ""PprotTPExtendATR"": 0.0, ""PprotTightenBars"": 16, ""PprotTightenSLATR"": 1.0, ""PprotTrailATR"": 0.0, ""PprotTrailPeakATR"": 0.0}",ml\pprot1\configs\pp_is_PP0311_20260901211757_5c0dd4.yaml,pp_is_PP0311_20260901211757_5c0dd4_deals.csv,2026-09-01T21:17:57+00:00,2026-09-01T21:20:11+00:00,133.613,
a0ab52beb3124d45bb69c6404691ae7f,pp_is_PP0312_20260901211816_0aacd5,PP0312,F09_age_tighten,G1,IS,PROD,OK,IS_REJECT,PROFIT_DAMAGED,"IS net=380205 (-9.02%), PF=2.1160 (-6.13%), DD=4.6888% (+0.8946pt), trades=303 (+0.66%)",0,380205.0,2.116,4.6888,303,0.909838,0.938692,0.8946,1.006645,"{""PprotArmAfterBars"": 0, ""PprotArmBeforeBars"": 0, ""PprotArmHourEnd"": -1, ""PprotArmHourStart"": -1, ""PprotArmMaxATRRatio"": 0.0, ""PprotArmMinATRRatio"": 0.0, ""PprotArmPeakATR"": 0.0, ""PprotArmPeakR"": 0.0, ""PprotBELockATR"": -9.0, ""PprotBELockR"": -9.0, ""PprotFridayHour"": -1, ""PprotFridayMinATR"": 0.0, ""PprotGivebackATR"": 0.0, ""PprotGivebackFrac"": 0.0, ""PprotMode"": 9, ""PprotPartialLots"": 0.0, ""PprotSleeveMask"": 1, ""PprotTPExtendATR"": 0.0, ""PprotTightenBars"": 16, ""PprotTightenSLATR"": 1.5, ""PprotTrailATR"": 0.0, ""PprotTrailPeakATR"": 0.0}",ml\pprot1\configs\pp_is_PP0312_20260901211816_0aacd5.yaml,pp_is_PP0312_20260901211816_0aacd5_deals.csv,2026-09-01T21:18:16+00:00,2026-09-01T21:20:30+00:00,133.754,
051b727fc29446aba6d19ee55af52b24,pp_is_PP0313_20260901212011_1ff72f,PP0313,F09_age_tighten,G1,IS,BT1,OK,IS_REJECT,PROFIT_DAMAGED,"IS net=363444 (-13.03%), PF=2.0723 (-8.07%), DD=5.0598% (+1.2656pt), trades=307 (+1.99%)",0,363444.0,2.0723,5.0598,307,0.869729,0.919306,1.2656,1.019934,"{""PprotArmAfterBars"": 0, ""PprotArmBeforeBars"": 0, ""PprotArmHourEnd"": -1, ""PprotArmHourStart"": -1, ""PprotArmMaxATRRatio"": 0.0, ""PprotArmMinATRRatio"": 0.0, ""PprotArmPeakATR"": 0.0, ""PprotArmPeakR"": 0.0, ""PprotBELockATR"": -9.0, ""PprotBELockR"": -9.0, ""PprotFridayHour"": -1, ""PprotFridayMinATR"": 0.0, ""PprotGivebackATR"": 0.0, ""PprotGivebackFrac"": 0.0, ""PprotMode"": 9, ""PprotPartialLots"": 0.0, ""PprotSleeveMask"": 1, ""PprotTPExtendATR"": 0.0, ""PprotTightenBars"": 24, ""PprotTightenSLATR"": 0.5, ""PprotTrailATR"": 0.0, ""PprotTrailPeakATR"": 0.0}",ml\pprot1\configs\pp_is_PP0313_20260901212011_1ff72f.yaml,pp_is_PP0313_20260901212011_1ff72f_deals.csv,2026-09-01T21:20:11+00:00,2026-09-01T21:22:25+00:00,133.571,
1b1d1eebf2e041558eef4e527aaf0e2d,pp_is_PP0314_20260901212030_d51fe6,PP0314,F09_age_tighten,G1,IS,PROD,OK,IS_REJECT,PROFIT_DAMAGED,"IS net=386214 (-7.58%), PF=2.1741 (-3.55%), DD=4.7981% (+1.0039pt), trades=305 (+1.33%)",0,386214.0,2.1741,4.7981,305,0.924218,0.964466,1.0039,1.013289,"{""PprotArmAfterBars"": 0, ""PprotArmBeforeBars"": 0, ""PprotArmHourEnd"": -1, ""PprotArmHourStart"": -1, ""PprotArmMaxATRRatio"": 0.0, ""PprotArmMinATRRatio"": 0.0, ""PprotArmPeakATR"": 0.0, ""PprotArmPeakR"": 0.0, ""PprotBELockATR"": -9.0, ""PprotBELockR"": -9.0, ""PprotFridayHour"": -1, ""PprotFridayMinATR"": 0.0, ""PprotGivebackATR"": 0.0, ""PprotGivebackFrac"": 0.0, ""PprotMode"": 9, ""PprotPartialLots"": 0.0, ""PprotSleeveMask"": 1, ""PprotTPExtendATR"": 0.0, ""PprotTightenBars"": 24, ""PprotTightenSLATR"": 1.0, ""PprotTrailATR"": 0.0, ""PprotTrailPeakATR"": 0.0}",ml\pprot1\configs\pp_is_PP0314_20260901212030_d51fe6.yaml,pp_is_PP0314_20260901212030_d51fe6_deals.csv,2026-09-01T21:20:30+00:00,2026-09-01T21:22:44+00:00,133.881,
37b2344ada9246a081418a0312046704,pp_is_PP0315_20260901212225_af4c23,PP0315,F09_age_tighten,G1,IS,BT1,OK,IS_REJECT,PROFIT_DAMAGED,"IS net=394683 (-5.55%), PF=2.1961 (-2.58%), DD=3.9968% (+0.2026pt), trades=303 (+0.66%)",0,394683.0,2.1961,3.9968,303,0.944484,0.974226,0.2026,1.006645,"{""PprotArmAfterBars"": 0, ""PprotArmBeforeBars"": 0, ""PprotArmHourEnd"": -1, ""PprotArmHourStart"": -1, ""PprotArmMaxATRRatio"": 0.0, ""PprotArmMinATRRatio"": 0.0, ""PprotArmPeakATR"": 0.0, ""PprotArmPeakR"": 0.0, ""PprotBELockATR"": -9.0, ""PprotBELockR"": -9.0, ""PprotFridayHour"": -1, ""PprotFridayMinATR"": 0.0, ""PprotGivebackATR"": 0.0, ""PprotGivebackFrac"": 0.0, ""PprotMode"": 9, ""PprotPartialLots"": 0.0, ""PprotSleeveMask"": 1, ""PprotTPExtendATR"": 0.0, ""PprotTightenBars"": 24, ""PprotTightenSLATR"": 1.5, ""PprotTrailATR"": 0.0, ""PprotTrailPeakATR"": 0.0}",ml\pprot1\configs\pp_is_PP0315_20260901212225_af4c23.yaml,pp_is_PP0315_20260901212225_af4c23_deals.csv,2026-09-01T21:22:25+00:00,2026-09-01T21:24:39+00:00,133.547,
2d13013e496540c98ee8cddce4f444db,pp_is_PP0316_20260901212244_d1d828,PP0316,F09_age_tighten,G1,IS,PROD,OK,IS_REJECT,PROFIT_DAMAGED,"IS net=400099 (-4.26%), PF=2.2396 (-0.65%), DD=4.1653% (+0.3711pt), trades=303 (+0.66%)",0,400099.0,2.2396,4.1653,303,0.957445,0.993523,0.3711,1.006645,"{""PprotArmAfterBars"": 0, ""PprotArmBeforeBars"": 0, ""PprotArmHourEnd"": -1, ""PprotArmHourStart"": -1, ""PprotArmMaxATRRatio"": 0.0, ""PprotArmMinATRRatio"": 0.0, ""PprotArmPeakATR"": 0.0, ""PprotArmPeakR"": 0.0, ""PprotBELockATR"": -9.0, ""PprotBELockR"": -9.0, ""PprotFridayHour"": -1, ""PprotFridayMinATR"": 0.0, ""PprotGivebackATR"": 0.0, ""PprotGivebackFrac"": 0.0, ""PprotMode"": 9, ""PprotPartialLots"": 0.0, ""PprotSleeveMask"": 1, ""PprotTPExtendATR"": 0.0, ""PprotTightenBars"": 32, ""PprotTightenSLATR"": 0.5, ""PprotTrailATR"": 0.0, ""PprotTrailPeakATR"": 0.0}",ml\pprot1\configs\pp_is_PP0316_20260901212244_d1d828.yaml,pp_is_PP0316_20260901212244_d1d828_deals.csv,2026-09-01T21:22:44+00:00,2026-09-01T21:24:58+00:00,133.807,
0151568c54ab4f1cab370118c3e516c4,pp_is_PP0317_20260901212439_8cb140,PP0317,F09_age_tighten,G1,IS,BT1,OK,IS_REJECT,PROFIT_DAMAGED,"IS net=407112 (-2.58%), PF=2.2469 (-0.32%), DD=3.8727% (+0.0785pt), trades=302 (+0.33%)",0,407112.0,2.2469,3.8727,302,0.974227,0.996762,0.0785,1.003322,"{""PprotArmAfterBars"": 0, ""PprotArmBeforeBars"": 0, ""PprotArmHourEnd"": -1, ""PprotArmHourStart"": -1, ""PprotArmMaxATRRatio"": 0.0, ""PprotArmMinATRRatio"": 0.0, ""PprotArmPeakATR"": 0.0, ""PprotArmPeakR"": 0.0, ""PprotBELockATR"": -9.0, ""PprotBELockR"": -9.0, ""PprotFridayHour"": -1, ""PprotFridayMinATR"": 0.0, ""PprotGivebackATR"": 0.0, ""PprotGivebackFrac"": 0.0, ""PprotMode"": 9, ""PprotPartialLots"": 0.0, ""PprotSleeveMask"": 1, ""PprotTPExtendATR"": 0.0, ""PprotTightenBars"": 32, ""PprotTightenSLATR"": 1.0, ""PprotTrailATR"": 0.0, ""PprotTrailPeakATR"": 0.0}",ml\pprot1\configs\pp_is_PP0317_20260901212439_8cb140.yaml,pp_is_PP0317_20260901212439_8cb140_deals.csv,2026-09-01T21:24:39+00:00,2026-09-01T21:26:53+00:00,133.648,
727139de89f64022a382363b7919cc35,pp_is_PP0318_20260901212458_6bf857,PP0318,F09_age_tighten,G1,IS,PROD,OK,IS_REJECT,PROFIT_DAMAGED,"IS net=405256 (-3.02%), PF=2.2249 (-1.30%), DD=3.8678% (+0.0736pt), trades=302 (+0.33%)",0,405256.0,2.2249,3.8678,302,0.969786,0.987002,0.0736,1.003322,"{""PprotArmAfterBars"": 0, ""PprotArmBeforeBars"": 0, ""PprotArmHourEnd"": -1, ""PprotArmHourStart"": -1, ""PprotArmMaxATRRatio"": 0.0, ""PprotArmMinATRRatio"": 0.0, ""PprotArmPeakATR"": 0.0, ""PprotArmPeakR"": 0.0, ""PprotBELockATR"": -9.0, ""PprotBELockR"": -9.0, ""PprotFridayHour"": -1, ""PprotFridayMinATR"": 0.0, ""PprotGivebackATR"": 0.0, ""PprotGivebackFrac"": 0.0, ""PprotMode"": 9, ""PprotPartialLots"": 0.0, ""PprotSleeveMask"": 1, ""PprotTPExtendATR"": 0.0, ""PprotTightenBars"": 32, ""PprotTightenSLATR"": 1.5, ""PprotTrailATR"": 0.0, ""PprotTrailPeakATR"": 0.0}",ml\pprot1\configs\pp_is_PP0318_20260901212458_6bf857.yaml,pp_is_PP0318_20260901212458_6bf857_deals.csv,2026-09-01T21:24:58+00:00,2026-09-01T21:27:12+00:00,133.78,
3440c2097cef4fde93291bb929d6aa39,pp_is_PP0319_20260901212653_11841f,PP0319,F09_age_tighten,G1,IS,BT1,OK,IS_REJECT,PROFIT_DAMAGED,"IS net=410393 (-1.79%), PF=2.2290 (-1.12%), DD=3.8300% (+0.0358pt), trades=301 (+0.00%)",0,410393.0,2.229,3.83,301,0.982079,0.988821,0.0358,1.0,"{""PprotArmAfterBars"": 0, ""PprotArmBeforeBars"": 0, ""PprotArmHourEnd"": -1, ""PprotArmHourStart"": -1, ""PprotArmMaxATRRatio"": 0.0, ""PprotArmMinATRRatio"": 0.0, ""PprotArmPeakATR"": 0.0, ""PprotArmPeakR"": 0.0, ""PprotBELockATR"": -9.0, ""PprotBELockR"": -9.0, ""PprotFridayHour"": -1, ""PprotFridayMinATR"": 0.0, ""PprotGivebackATR"": 0.0, ""PprotGivebackFrac"": 0.0, ""PprotMode"": 9, ""PprotPartialLots"": 0.0, ""PprotSleeveMask"": 1, ""PprotTPExtendATR"": 0.0, ""PprotTightenBars"": 48, ""PprotTightenSLATR"": 0.5, ""PprotTrailATR"": 0.0, ""PprotTrailPeakATR"": 0.0}",ml\pprot1\configs\pp_is_PP0319_20260901212653_11841f.yaml,pp_is_PP0319_20260901212653_11841f_deals.csv,2026-09-01T21:26:53+00:00,2026-09-01T21:29:01+00:00,128.561,
46ab584a8dd64c0c971c80884bb68e42,pp_is_PP0320_20260901212712_22f555,PP0320,F09_age_tighten,G1,IS,PROD,OK,IS_REJECT,PROFIT_DAMAGED,"IS net=409249 (-2.07%), PF=2.2256 (-1.27%), DD=3.8353% (+0.0411pt), trades=301 (+0.00%)",0,409249.0,2.2256,3.8353,301,0.979341,0.987313,0.0411,1.0,"{""PprotArmAfterBars"": 0, ""PprotArmBeforeBars"": 0, ""PprotArmHourEnd"": -1, ""PprotArmHourStart"": -1, ""PprotArmMaxATRRatio"": 0.0, ""PprotArmMinATRRatio"": 0.0, ""PprotArmPeakATR"": 0.0, ""PprotArmPeakR"": 0.0, ""PprotBELockATR"": -9.0, ""PprotBELockR"": -9.0, ""PprotFridayHour"": -1, ""PprotFridayMinATR"": 0.0, ""PprotGivebackATR"": 0.0, ""PprotGivebackFrac"": 0.0, ""PprotMode"": 9, ""PprotPartialLots"": 0.0, ""PprotSleeveMask"": 1, ""PprotTPExtendATR"": 0.0, ""PprotTightenBars"": 48, ""PprotTightenSLATR"": 1.0, ""PprotTrailATR"": 0.0, ""PprotTrailPeakATR"": 0.0}",ml\pprot1\configs\pp_is_PP0320_20260901212712_22f555.yaml,pp_is_PP0320_20260901212712_22f555_deals.csv,2026-09-01T21:27:12+00:00,2026-09-01T21:29:26+00:00,133.727,
baa6f3c871f84d11974833a52df6da76,pp_is_PP0321_20260901212902_93f500,PP0321,F09_age_tighten,G1,IS,BT1,OK,IS_REJECT,PROFIT_DAMAGED,"IS net=408103 (-2.34%), PF=2.2221 (-1.42%), DD=3.8407% (+0.0465pt), trades=301 (+0.00%)",0,408103.0,2.2221,3.8407,301,0.976599,0.98576,0.0465,1.0,"{""PprotArmAfterBars"": 0, ""PprotArmBeforeBars"": 0, ""PprotArmHourEnd"": -1, ""PprotArmHourStart"": -1, ""PprotArmMaxATRRatio"": 0.0, ""PprotArmMinATRRatio"": 0.0, ""PprotArmPeakATR"": 0.0, ""PprotArmPeakR"": 0.0, ""PprotBELockATR"": -9.0, ""PprotBELockR"": -9.0, ""PprotFridayHour"": -1, ""PprotFridayMinATR"": 0.0, ""PprotGivebackATR"": 0.0, ""PprotGivebackFrac"": 0.0, ""PprotMode"": 9, ""PprotPartialLots"": 0.0, ""PprotSleeveMask"": 1, ""PprotTPExtendATR"": 0.0, ""PprotTightenBars"": 48, ""PprotTightenSLATR"": 1.5, ""PprotTrailATR"": 0.0, ""PprotTrailPeakATR"": 0.0}",ml\pprot1\configs\pp_is_PP0321_20260901212902_93f500.yaml,pp_is_PP0321_20260901212902_93f500_deals.csv,2026-09-01T21:29:02+00:00,2026-09-01T21:31:15+00:00,133.604,
3cddcbc26ef24e50ac61e15e1c4daf0a,pp_is_PP0322_20260901212926_988bf8,PP0322,F09_age_tighten,G2,IS,PROD,OK,IS_REJECT,PROFIT_DAMAGED,"IS net=378924 (-9.32%), PF=2.1313 (-5.45%), DD=3.2820% (-0.5122pt), trades=301 (+0.00%)",0,378924.0,2.1313,3.282,301,0.906773,0.94548,-0.5122,1.0,"{""PprotArmAfterBars"": 0, ""PprotArmBeforeBars"": 0, ""PprotArmHourEnd"": -1, ""PprotArmHourStart"": -1, ""PprotArmMaxATRRatio"": 0.0, ""PprotArmMinATRRatio"": 0.0, ""PprotArmPeakATR"": 0.0, ""PprotArmPeakR"": 0.0, ""PprotBELockATR"": -9.0, ""PprotBELockR"": -9.0, ""PprotFridayHour"": -1, ""PprotFridayMinATR"": 0.0, ""PprotGivebackATR"": 0.0, ""PprotGivebackFrac"": 0.0, ""PprotMode"": 9, ""PprotPartialLots"": 0.0, ""PprotSleeveMask"": 2, ""PprotTPExtendATR"": 0.0, ""PprotTightenBars"": 8, ""PprotTightenSLATR"": 0.5, ""PprotTrailATR"": 0.0, ""PprotTrailPeakATR"": 0.0}",ml\pprot1\configs\pp_is_PP0322_20260901212926_988bf8.yaml,pp_is_PP0322_20260901212926_988bf8_deals.csv,2026-09-01T21:29:26+00:00,2026-09-01T21:31:40+00:00,133.739,
a88c95ad8b514647bfbbfb92b34ca29e,pp_is_PP0323_20260901213116_9ee988,PP0323,F09_age_tighten,G2,IS,BT1,OK,IS_REJECT,PROFIT_DAMAGED,"IS net=411243 (-1.59%), PF=2.2315 (-1.01%), DD=3.8261% (+0.0319pt), trades=301 (+0.00%)",0,411243.0,2.2315,3.8261,301,0.984113,0.98993,0.0319,1.0,"{""PprotArmAfterBars"": 0, ""PprotArmBeforeBars"": 0, ""PprotArmHourEnd"": -1, ""PprotArmHourStart"": -1, ""PprotArmMaxATRRatio"": 0.0, ""PprotArmMinATRRatio"": 0.0, ""PprotArmPeakATR"": 0.0, ""PprotArmPeakR"": 0.0, ""PprotBELockATR"": -9.0, ""PprotBELockR"": -9.0, ""PprotFridayHour"": -1, ""PprotFridayMinATR"": 0.0, ""PprotGivebackATR"": 0.0, ""PprotGivebackFrac"": 0.0, ""PprotMode"": 9, ""PprotPartialLots"": 0.0, ""PprotSleeveMask"": 2, ""PprotTPExtendATR"": 0.0, ""PprotTightenBars"": 8, ""PprotTightenSLATR"": 1.0, ""PprotTrailATR"": 0.0, ""PprotTrailPeakATR"": 0.0}",ml\pprot1\configs\pp_is_PP0323_20260901213116_9ee988.yaml,pp_is_PP0323_20260901213116_9ee988_deals.csv,2026-09-01T21:31:16+00:00,2026-09-01T21:33:29+00:00,133.59,
eb968d2bd8e44a31961e006275c1554a,pp_is_PP0324_20260901213140_b951bd,PP0324,F09_age_tighten,G2,IS,PROD,OK,IS_REJECT,PROFIT_DAMAGED,"IS net=411243 (-1.59%), PF=2.2315 (-1.01%), DD=3.8261% (+0.0319pt), trades=301 (+0.00%)",0,411243.0,2.2315,3.8261,301,0.984113,0.98993,0.0319,1.0,"{""PprotArmAfterBars"": 0, ""PprotArmBeforeBars"": 0, ""PprotArmHourEnd"": -1, ""PprotArmHourStart"": -1, ""PprotArmMaxATRRatio"": 0.0, ""PprotArmMinATRRatio"": 0.0, ""PprotArmPeakATR"": 0.0, ""PprotArmPeakR"": 0.0, ""PprotBELockATR"": -9.0, ""PprotBELockR"": -9.0, ""PprotFridayHour"": -1, ""PprotFridayMinATR"": 0.0, ""PprotGivebackATR"": 0.0, ""PprotGivebackFrac"": 0.0, ""PprotMode"": 9, ""PprotPartialLots"": 0.0, ""PprotSleeveMask"": 2, ""PprotTPExtendATR"": 0.0, ""PprotTightenBars"": 8, ""PprotTightenSLATR"": 1.5, ""PprotTrailATR"": 0.0, ""PprotTrailPeakATR"": 0.0}",ml\pprot1\configs\pp_is_PP0324_20260901213140_b951bd.yaml,pp_is_PP0324_20260901213140_b951bd_deals.csv,2026-09-01T21:31:40+00:00,2026-09-01T21:33:54+00:00,133.74,
0bc454b27b0b419184cff59a9f7b36da,pp_is_PP0325_20260901213329_3c3a14,PP0325,F09_age_tighten,G2,IS,BT1,OK,IS_REJECT,PROFIT_DAMAGED,"IS net=398272 (-4.69%), PF=2.1854 (-3.05%), DD=3.3942% (-0.4000pt), trades=301 (+0.00%)",0,398272.0,2.1854,3.3942,301,0.953073,0.969479,-0.4,1.0,"{""PprotArmAfterBars"": 0, ""PprotArmBeforeBars"": 0, ""PprotArmHourEnd"": -1, ""PprotArmHourStart"": -1, ""PprotArmMaxATRRatio"": 0.0, ""PprotArmMinATRRatio"": 0.0, ""PprotArmPeakATR"": 0.0, ""PprotArmPeakR"": 0.0, ""PprotBELockATR"": -9.0, ""PprotBELockR"": -9.0, ""PprotFridayHour"": -1, ""PprotFridayMinATR"": 0.0, ""PprotGivebackATR"": 0.0, ""PprotGivebackFrac"": 0.0, ""PprotMode"": 9, ""PprotPartialLots"": 0.0, ""PprotSleeveMask"": 2, ""PprotTPExtendATR"": 0.0, ""PprotTightenBars"": 16, ""PprotTightenSLATR"": 0.5, ""PprotTrailATR"": 0.0, ""PprotTrailPeakATR"": 0.0}",ml\pprot1\configs\pp_is_PP0325_20260901213329_3c3a14.yaml,pp_is_PP0325_20260901213329_3c3a14_deals.csv,2026-09-01T21:33:29+00:00,2026-09-01T21:35:43+00:00,133.557,
7c3107bc4b6047f487dbd7cad9403913,pp_is_PP0326_20260901213354_756e75,PP0326,F09_age_tighten,G2,IS,PROD,OK,IS_REJECT,PROFIT_DAMAGED,"IS net=411263 (-1.58%), PF=2.2317 (-1.00%), DD=3.8260% (+0.0318pt), trades=301 (+0.00%)",0,411263.0,2.2317,3.826,301,0.984161,0.990019,0.0318,1.0,"{""PprotArmAfterBars"": 0, ""PprotArmBeforeBars"": 0, ""PprotArmHourEnd"": -1, ""PprotArmHourStart"": -1, ""PprotArmMaxATRRatio"": 0.0, ""PprotArmMinATRRatio"": 0.0, ""PprotArmPeakATR"": 0.0, ""PprotArmPeakR"": 0.0, ""PprotBELockATR"": -9.0, ""PprotBELockR"": -9.0, ""PprotFridayHour"": -1, ""PprotFridayMinATR"": 0.0, ""PprotGivebackATR"": 0.0, ""PprotGivebackFrac"": 0.0, ""PprotMode"": 9, ""PprotPartialLots"": 0.0, ""PprotSleeveMask"": 2, ""PprotTPExtendATR"": 0.0, ""PprotTightenBars"": 16, ""PprotTightenSLATR"": 1.0, ""PprotTrailATR"": 0.0, ""PprotTrailPeakATR"": 0.0}",ml\pprot1\configs\pp_is_PP0326_20260901213354_756e75.yaml,pp_is_PP0326_20260901213354_756e75_deals.csv,2026-09-01T21:33:54+00:00,2026-09-01T21:36:08+00:00,133.783,
c1dda330306d4ceb96ed965c13e965b5,pp_is_PP0327_20260901213543_a63a5a,PP0327,F09_age_tighten,G2,IS,BT1,OK,IS_REJECT,PROFIT_DAMAGED,"IS net=411243 (-1.59%), PF=2.2315 (-1.01%), DD=3.8261% (+0.0319pt), trades=301 (+0.00%)",0,411243.0,2.2315,3.8261,301,0.984113,0.98993,0.0319,1.0,"{""PprotArmAfterBars"": 0, ""PprotArmBeforeBars"": 0, ""PprotArmHourEnd"": -1, ""PprotArmHourStart"": -1, ""PprotArmMaxATRRatio"": 0.0, ""PprotArmMinATRRatio"": 0.0, ""PprotArmPeakATR"": 0.0, ""PprotArmPeakR"": 0.0, ""PprotBELockATR"": -9.0, ""PprotBELockR"": -9.0, ""PprotFridayHour"": -1, ""PprotFridayMinATR"": 0.0, ""PprotGivebackATR"": 0.0, ""PprotGivebackFrac"": 0.0, ""PprotMode"": 9, ""PprotPartialLots"": 0.0, ""PprotSleeveMask"": 2, ""PprotTPExtendATR"": 0.0, ""PprotTightenBars"": 16, ""PprotTightenSLATR"": 1.5, ""PprotTrailATR"": 0.0, ""PprotTrailPeakATR"": 0.0}",ml\pprot1\configs\pp_is_PP0327_20260901213543_a63a5a.yaml,pp_is_PP0327_20260901213543_a63a5a_deals.csv,2026-09-01T21:35:43+00:00,2026-09-01T21:37:57+00:00,133.563,
2cc0f9e5b94a40d1b0a3cd75fc2ab0d4,pp_is_PP0328_20260901213608_36b187,PP0328,F09_age_tighten,G2,IS,PROD,OK,IS_REJECT,PROFIT_DAMAGED,"IS net=407180 (-2.56%), PF=2.2129 (-1.83%), DD=3.4738% (-0.3204pt), trades=301 (+0.00%)",0,407180.0,2.2129,3.4738,301,0.97439,0.981679,-0.3204,1.0,"{""PprotArmAfterBars"": 0, ""PprotArmBeforeBars"": 0, ""PprotArmHourEnd"": -1, ""PprotArmHourStart"": -1, ""PprotArmMaxATRRatio"": 0.0, ""PprotArmMinATRRatio"": 0.0, ""PprotArmPeakATR"": 0.0, ""PprotArmPeakR"": 0.0, ""PprotBELockATR"": -9.0, ""PprotBELockR"": -9.0, ""PprotFridayHour"": -1, ""PprotFridayMinATR"": 0.0, ""PprotGivebackATR"": 0.0, ""PprotGivebackFrac"": 0.0, ""PprotMode"": 9, ""PprotPartialLots"": 0.0, ""PprotSleeveMask"": 2, ""PprotTPExtendATR"": 0.0, ""PprotTightenBars"": 24, ""PprotTightenSLATR"": 0.5, ""PprotTrailATR"": 0.0, ""PprotTrailPeakATR"": 0.0}",ml\pprot1\configs\pp_is_PP0328_20260901213608_36b187.yaml,pp_is_PP0328_20260901213608_36b187_deals.csv,2026-09-01T21:36:08+00:00,2026-09-01T21:38:22+00:00,133.756,
6eba621e795144dcb7d68c505eb53a3f,pp_is_PP0329_20260901213757_598020,PP0329,F09_age_tighten,G2,IS,BT1,OK,IS_REJECT,PROFIT_DAMAGED,"IS net=411243 (-1.59%), PF=2.2315 (-1.01%), DD=3.8261% (+0.0319pt), trades=301 (+0.00%)",0,411243.0,2.2315,3.8261,301,0.984113,0.98993,0.0319,1.0,"{""PprotArmAfterBars"": 0, ""PprotArmBeforeBars"": 0, ""PprotArmHourEnd"": -1, ""PprotArmHourStart"": -1, ""PprotArmMaxATRRatio"": 0.0, ""PprotArmMinATRRatio"": 0.0, ""PprotArmPeakATR"": 0.0, ""PprotArmPeakR"": 0.0, ""PprotBELockATR"": -9.0, ""PprotBELockR"": -9.0, ""PprotFridayHour"": -1, ""PprotFridayMinATR"": 0.0, ""PprotGivebackATR"": 0.0, ""PprotGivebackFrac"": 0.0, ""PprotMode"": 9, ""PprotPartialLots"": 0.0, ""PprotSleeveMask"": 2, ""PprotTPExtendATR"": 0.0, ""PprotTightenBars"": 24, ""PprotTightenSLATR"": 1.0, ""PprotTrailATR"": 0.0, ""PprotTrailPeakATR"": 0.0}",ml\pprot1\configs\pp_is_PP0329_20260901213757_598020.yaml,pp_is_PP0329_20260901213757_598020_deals.csv,2026-09-01T21:37:57+00:00,2026-09-01T21:40:11+00:00,133.581,
26a10572e5a54b55957b26596b72d7d7,pp_is_PP0330_20260901213822_5f459d,PP0330,F09_age_tighten,G2,IS,PROD,OK,IS_REJECT,PROFIT_DAMAGED,"IS net=411243 (-1.59%), PF=2.2315 (-1.01%), DD=3.8261% (+0.0319pt), trades=301 (+0.00%)",0,411243.0,2.2315,3.8261,301,0.984113,0.98993,0.0319,1.0,"{""PprotArmAfterBars"": 0, ""PprotArmBeforeBars"": 0, ""PprotArmHourEnd"": -1, ""PprotArmHourStart"": -1, ""PprotArmMaxATRRatio"": 0.0, ""PprotArmMinATRRatio"": 0.0, ""PprotArmPeakATR"": 0.0, ""PprotArmPeakR"": 0.0, ""PprotBELockATR"": -9.0, ""PprotBELockR"": -9.0, ""PprotFridayHour"": -1, ""PprotFridayMinATR"": 0.0, ""PprotGivebackATR"": 0.0, ""PprotGivebackFrac"": 0.0, ""PprotMode"": 9, ""PprotPartialLots"": 0.0, ""PprotSleeveMask"": 2, ""PprotTPExtendATR"": 0.0, ""PprotTightenBars"": 24, ""PprotTightenSLATR"": 1.5, ""PprotTrailATR"": 0.0, ""PprotTrailPeakATR"": 0.0}",ml\pprot1\configs\pp_is_PP0330_20260901213822_5f459d.yaml,pp_is_PP0330_20260901213822_5f459d_deals.csv,2026-09-01T21:38:22+00:00,2026-09-01T21:40:36+00:00,133.714,
8fa2f5f259ad4cf593822393c6386eb0,pp_is_PP0331_20260901214011_1ea518,PP0331,F09_age_tighten,G2,IS,BT1,OK,IS_REJECT,PROFIT_DAMAGED,"IS net=407611 (-2.46%), PF=2.2123 (-1.86%), DD=3.8430% (+0.0488pt), trades=301 (+0.00%)",0,407611.0,2.2123,3.843,301,0.975421,0.981412,0.0488,1.0,"{""PprotArmAfterBars"": 0, ""PprotArmBeforeBars"": 0, ""PprotArmHourEnd"": -1, ""PprotArmHourStart"": -1, ""PprotArmMaxATRRatio"": 0.0, ""PprotArmMinATRRatio"": 0.0, ""PprotArmPeakATR"": 0.0, ""PprotArmPeakR"": 0.0, ""PprotBELockATR"": -9.0, ""PprotBELockR"": -9.0, ""PprotFridayHour"": -1, ""PprotFridayMinATR"": 0.0, ""PprotGivebackATR"": 0.0, ""PprotGivebackFrac"": 0.0, ""PprotMode"": 9, ""PprotPartialLots"": 0.0, ""PprotSleeveMask"": 2, ""PprotTPExtendATR"": 0.0, ""PprotTightenBars"": 32, ""PprotTightenSLATR"": 0.5, ""PprotTrailATR"": 0.0, ""PprotTrailPeakATR"": 0.0}",ml\pprot1\configs\pp_is_PP0331_20260901214011_1ea518.yaml,pp_is_PP0331_20260901214011_1ea518_deals.csv,2026-09-01T21:40:11+00:00,2026-09-01T21:42:25+00:00,133.631,
f2aa47d3578c4f48bb23fa8f7d8f674f,pp_is_PP0332_20260901214036_5223b0,PP0332,F09_age_tighten,G2,IS,PROD,OK,IS_REJECT,PROFIT_DAMAGED,"IS net=411243 (-1.59%), PF=2.2315 (-1.01%), DD=3.8261% (+0.0319pt), trades=301 (+0.00%)",0,411243.0,2.2315,3.8261,301,0.984113,0.98993,0.0319,1.0,"{""PprotArmAfterBars"": 0, ""PprotArmBeforeBars"": 0, ""PprotArmHourEnd"": -1, ""PprotArmHourStart"": -1, ""PprotArmMaxATRRatio"": 0.0, ""PprotArmMinATRRatio"": 0.0, ""PprotArmPeakATR"": 0.0, ""PprotArmPeakR"": 0.0, ""PprotBELockATR"": -9.0, ""PprotBELockR"": -9.0, ""PprotFridayHour"": -1, ""PprotFridayMinATR"": 0.0, ""PprotGivebackATR"": 0.0, ""PprotGivebackFrac"": 0.0, ""PprotMode"": 9, ""PprotPartialLots"": 0.0, ""PprotSleeveMask"": 2, ""PprotTPExtendATR"": 0.0, ""PprotTightenBars"": 32, ""PprotTightenSLATR"": 1.0, ""PprotTrailATR"": 0.0, ""PprotTrailPeakATR"": 0.0}",ml\pprot1\configs\pp_is_PP0332_20260901214036_5223b0.yaml,pp_is_PP0332_20260901214036_5223b0_deals.csv,2026-09-01T21:40:36+00:00,2026-09-01T21:42:50+00:00,133.718,
0394f0f13f5643718379e89a331852e3,pp_is_PP0333_20260901214225_63394f,PP0333,F09_age_tighten,G2,IS,BT1,OK,IS_REJECT,PROFIT_DAMAGED,"IS net=411243 (-1.59%), PF=2.2315 (-1.01%), DD=3.8261% (+0.0319pt), trades=301 (+0.00%)",0,411243.0,2.2315,3.8261,301,0.984113,0.98993,0.0319,1.0,"{""PprotArmAfterBars"": 0, ""PprotArmBeforeBars"": 0, ""PprotArmHourEnd"": -1, ""PprotArmHourStart"": -1, ""PprotArmMaxATRRatio"": 0.0, ""PprotArmMinATRRatio"": 0.0, ""PprotArmPeakATR"": 0.0, ""PprotArmPeakR"": 0.0, ""PprotBELockATR"": -9.0, ""PprotBELockR"": -9.0, ""PprotFridayHour"": -1, ""PprotFridayMinATR"": 0.0, ""PprotGivebackATR"": 0.0, ""PprotGivebackFrac"": 0.0, ""PprotMode"": 9, ""PprotPartialLots"": 0.0, ""PprotSleeveMask"": 2, ""PprotTPExtendATR"": 0.0, ""PprotTightenBars"": 32, ""PprotTightenSLATR"": 1.5, ""PprotTrailATR"": 0.0, ""PprotTrailPeakATR"": 0.0}",ml\pprot1\configs\pp_is_PP0333_20260901214225_63394f.yaml,pp_is_PP0333_20260901214225_63394f_deals.csv,2026-09-01T21:42:25+00:00,2026-09-01T21:44:33+00:00,128.578,
4e5902a0d5ab4ba9ba2804f044482ac4,pp_is_PP0334_20260901214250_b7c083,PP0334,F10_vol_conditioned_be,G1,IS,PROD,OK,IS_REJECT,PROFIT_DAMAGED,"IS net=364221 (-12.84%), PF=2.1922 (-2.75%), DD=4.0571% (+0.2629pt), trades=306 (+1.66%)",0,364221.0,2.1922,4.0571,306,0.871588,0.972496,0.2629,1.016611,"{""PprotArmAfterBars"": 0, ""PprotArmBeforeBars"": 0, ""PprotArmHourEnd"": -1, ""PprotArmHourStart"": -1, ""PprotArmMaxATRRatio"": 0.0, ""PprotArmMinATRRatio"": 1.1, ""PprotArmPeakATR"": 0.5, ""PprotArmPeakR"": 0.0, ""PprotBELockATR"": 0.0, ""PprotBELockR"": -9.0, ""PprotFridayHour"": -1, ""PprotFridayMinATR"": 0.0, ""PprotGivebackATR"": 0.0, ""PprotGivebackFrac"": 0.0, ""PprotMode"": 10, ""PprotPartialLots"": 0.0, ""PprotSleeveMask"": 1, ""PprotTPExtendATR"": 0.0, ""PprotTightenBars"": 0, ""PprotTightenSLATR"": 0.0, ""PprotTrailATR"": 0.0, ""PprotTrailPeakATR"": 0.0}",ml\pprot1\configs\pp_is_PP0334_20260901214250_b7c083.yaml,pp_is_PP0334_20260901214250_b7c083_deals.csv,2026-09-01T21:42:50+00:00,2026-09-01T21:44:54+00:00,123.727,
e34de9f452204739849fd2d662928c0d,pp_is_PP0335_20260901214434_476af0,PP0335,F10_vol_conditioned_be,G1,IS,BT1,OK,IS_REJECT,PROFIT_DAMAGED,"IS net=366386 (-12.32%), PF=2.1183 (-6.03%), DD=4.0458% (+0.2516pt), trades=305 (+1.33%)",0,366386.0,2.1183,4.0458,305,0.876769,0.939713,0.2516,1.013289,"{""PprotArmAfterBars"": 0, ""PprotArmBeforeBars"": 0, ""PprotArmHourEnd"": -1, ""PprotArmHourStart"": -1, ""PprotArmMaxATRRatio"": 0.0, ""PprotArmMinATRRatio"": 1.1, ""PprotArmPeakATR"": 1.0, ""PprotArmPeakR"": 0.0, ""PprotBELockATR"": 0.0, ""PprotBELockR"": -9.0, ""PprotFridayHour"": -1, ""PprotFridayMinATR"": 0.0, ""PprotGivebackATR"": 0.0, ""PprotGivebackFrac"": 0.0, ""PprotMode"": 10, ""PprotPartialLots"": 0.0, ""PprotSleeveMask"": 1, ""PprotTPExtendATR"": 0.0, ""PprotTightenBars"": 0, ""PprotTightenSLATR"": 0.0, ""PprotTrailATR"": 0.0, ""PprotTrailPeakATR"": 0.0}",ml\pprot1\configs\pp_is_PP0335_20260901214434_476af0.yaml,pp_is_PP0335_20260901214434_476af0_deals.csv,2026-09-01T21:44:34+00:00,2026-09-01T21:46:47+00:00,133.626,
c4b7475fed1c492c9b0066b38a83d418,pp_is_PP0336_20260901214454_2d0133,PP0336,F10_vol_conditioned_be,G1,IS,PROD,OK,IS_REJECT,PROFIT_DAMAGED,"IS net=388481 (-7.04%), PF=2.2193 (-1.55%), DD=3.9345% (+0.1403pt), trades=303 (+0.66%)",0,388481.0,2.2193,3.9345,303,0.929643,0.984518,0.1403,1.006645,"{""PprotArmAfterBars"": 0, ""PprotArmBeforeBars"": 0, ""PprotArmHourEnd"": -1, ""PprotArmHourStart"": -1, ""PprotArmMaxATRRatio"": 0.0, ""PprotArmMinATRRatio"": 1.25, ""PprotArmPeakATR"": 0.5, ""PprotArmPeakR"": 0.0, ""PprotBELockATR"": 0.0, ""PprotBELockR"": -9.0, ""PprotFridayHour"": -1, ""PprotFridayMinATR"": 0.0, ""PprotGivebackATR"": 0.0, ""PprotGivebackFrac"": 0.0, ""PprotMode"": 10, ""PprotPartialLots"": 0.0, ""PprotSleeveMask"": 1, ""PprotTPExtendATR"": 0.0, ""PprotTightenBars"": 0, ""PprotTightenSLATR"": 0.0, ""PprotTrailATR"": 0.0, ""PprotTrailPeakATR"": 0.0}",ml\pprot1\configs\pp_is_PP0336_20260901214454_2d0133.yaml,pp_is_PP0336_20260901214454_2d0133_deals.csv,2026-09-01T21:44:54+00:00,2026-09-01T21:47:08+00:00,133.732,
21d7de93343648b1904905ffea527efe,pp_is_PP0337_20260901214648_a9e843,PP0337,F10_vol_conditioned_be,G1,IS,BT1,OK,IS_REJECT,PROFIT_DAMAGED,"IS net=369539 (-11.57%), PF=2.0948 (-7.07%), DD=4.0295% (+0.2353pt), trades=303 (+0.66%)",0,369539.0,2.0948,4.0295,303,0.884314,0.929288,0.2353,1.006645,"{""PprotArmAfterBars"": 0, ""PprotArmBeforeBars"": 0, ""PprotArmHourEnd"": -1, ""PprotArmHourStart"": -1, ""PprotArmMaxATRRatio"": 0.0, ""PprotArmMinATRRatio"": 1.25, ""PprotArmPeakATR"": 1.0, ""PprotArmPeakR"": 0.0, ""PprotBELockATR"": 0.0, ""PprotBELockR"": -9.0, ""PprotFridayHour"": -1, ""PprotFridayMinATR"": 0.0, ""PprotGivebackATR"": 0.0, ""PprotGivebackFrac"": 0.0, ""PprotMode"": 10, ""PprotPartialLots"": 0.0, ""PprotSleeveMask"": 1, ""PprotTPExtendATR"": 0.0, ""PprotTightenBars"": 0, ""PprotTightenSLATR"": 0.0, ""PprotTrailATR"": 0.0, ""PprotTrailPeakATR"": 0.0}",ml\pprot1\configs\pp_is_PP0337_20260901214648_a9e843.yaml,pp_is_PP0337_20260901214648_a9e843_deals.csv,2026-09-01T21:46:48+00:00,2026-09-01T21:48:56+00:00,128.665,
0a01b8ccb313443da0bb15b03689ba23,pp_is_PP0338_20260901214708_bdfeea,PP0338,F10_vol_conditioned_be,G1,IS,PROD,OK,IS_NOISE_BAND,EFFECT_WITHIN_NOISE_BAND,"IS net=421637 (+0.90%), PF=2.3384 (+3.74%), DD=3.7785% (-0.0157pt), trades=301 (+0.00%)",0,421637.0,2.3384,3.7785,301,1.008986,1.037352,-0.0157,1.0,"{""PprotArmAfterBars"": 0, ""PprotArmBeforeBars"": 0, ""PprotArmHourEnd"": -1, ""PprotArmHourStart"": -1, ""PprotArmMaxATRRatio"": 0.0, ""PprotArmMinATRRatio"": 1.5, ""PprotArmPeakATR"": 0.5, ""PprotArmPeakR"": 0.0, ""PprotBELockATR"": 0.0, ""PprotBELockR"": -9.0, ""PprotFridayHour"": -1, ""PprotFridayMinATR"": 0.0, ""PprotGivebackATR"": 0.0, ""PprotGivebackFrac"": 0.0, ""PprotMode"": 10, ""PprotPartialLots"": 0.0, ""PprotSleeveMask"": 1, ""PprotTPExtendATR"": 0.0, ""PprotTightenBars"": 0, ""PprotTightenSLATR"": 0.0, ""PprotTrailATR"": 0.0, ""PprotTrailPeakATR"": 0.0}",ml\pprot1\configs\pp_is_PP0338_20260901214708_bdfeea.yaml,pp_is_PP0338_20260901214708_bdfeea_deals.csv,2026-09-01T21:47:08+00:00,2026-09-01T21:49:22+00:00,133.717,
276ce90ecfd94c1da0eb500ba260e8a6,pp_is_PP0339_20260901214857_b5ec85,PP0339,F10_vol_conditioned_be,G1,IS,BT1,OK,IS_REJECT,PROFIT_DAMAGED,"IS net=402695 (-3.63%), PF=2.2057 (-2.15%), DD=3.8661% (+0.0719pt), trades=301 (+0.00%)",0,402695.0,2.2057,3.8661,301,0.963657,0.978485,0.0719,1.0,"{""PprotArmAfterBars"": 0, ""PprotArmBeforeBars"": 0, ""PprotArmHourEnd"": -1, ""PprotArmHourStart"": -1, ""PprotArmMaxATRRatio"": 0.0, ""PprotArmMinATRRatio"": 1.5, ""PprotArmPeakATR"": 1.0, ""PprotArmPeakR"": 0.0, ""PprotBELockATR"": 0.0, ""PprotBELockR"": -9.0, ""PprotFridayHour"": -1, ""PprotFridayMinATR"": 0.0, ""PprotGivebackATR"": 0.0, ""PprotGivebackFrac"": 0.0, ""PprotMode"": 10, ""PprotPartialLots"": 0.0, ""PprotSleeveMask"": 1, ""PprotTPExtendATR"": 0.0, ""PprotTightenBars"": 0, ""PprotTightenSLATR"": 0.0, ""PprotTrailATR"": 0.0, ""PprotTrailPeakATR"": 0.0}",ml\pprot1\configs\pp_is_PP0339_20260901214857_b5ec85.yaml,pp_is_PP0339_20260901214857_b5ec85_deals.csv,2026-09-01T21:48:57+00:00,2026-09-01T21:51:10+00:00,133.588,
47f8a9e519734a4a8dfe74e064becbdd,pp_is_PP0340_20260901214923_41ac6c,PP0340,F10_vol_conditioned_be,G1,IS,PROD,OK,IS_REJECT,PROFIT_DAMAGED,"IS net=335863 (-19.63%), PF=2.0885 (-7.35%), DD=5.0603% (+1.2661pt), trades=309 (+2.66%)",0,335863.0,2.0885,5.0603,309,0.803727,0.926493,1.2661,1.026578,"{""PprotArmAfterBars"": 0, ""PprotArmBeforeBars"": 0, ""PprotArmHourEnd"": -1, ""PprotArmHourStart"": -1, ""PprotArmMaxATRRatio"": 0.9, ""PprotArmMinATRRatio"": 0.0, ""PprotArmPeakATR"": 0.5, ""PprotArmPeakR"": 0.0, ""PprotBELockATR"": 0.0, ""PprotBELockR"": -9.0, ""PprotFridayHour"": -1, ""PprotFridayMinATR"": 0.0, ""PprotGivebackATR"": 0.0, ""PprotGivebackFrac"": 0.0, ""PprotMode"": 10, ""PprotPartialLots"": 0.0, ""PprotSleeveMask"": 1, ""PprotTPExtendATR"": 0.0, ""PprotTightenBars"": 0, ""PprotTightenSLATR"": 0.0, ""PprotTrailATR"": 0.0, ""PprotTrailPeakATR"": 0.0}",ml\pprot1\configs\pp_is_PP0340_20260901214923_41ac6c.yaml,pp_is_PP0340_20260901214923_41ac6c_deals.csv,2026-09-01T21:49:23+00:00,2026-09-01T21:51:26+00:00,123.705,
1643fcee22ba45fbbe03af66ee8dfe87,pp_is_PP0341_20260901215111_1998ba,PP0341,F10_vol_conditioned_be,G1,IS,BT1,OK,IS_REJECT,PROFIT_DAMAGED,"IS net=352194 (-15.72%), PF=2.0901 (-7.28%), DD=4.1631% (+0.3689pt), trades=305 (+1.33%)",0,352194.0,2.0901,4.1631,305,0.842807,0.927203,0.3689,1.013289,"{""PprotArmAfterBars"": 0, ""PprotArmBeforeBars"": 0, ""PprotArmHourEnd"": -1, ""PprotArmHourStart"": -1, ""PprotArmMaxATRRatio"": 0.9, ""PprotArmMinATRRatio"": 0.0, ""PprotArmPeakATR"": 1.0, ""PprotArmPeakR"": 0.0, ""PprotBELockATR"": 0.0, ""PprotBELockR"": -9.0, ""PprotFridayHour"": -1, ""PprotFridayMinATR"": 0.0, ""PprotGivebackATR"": 0.0, ""PprotGivebackFrac"": 0.0, ""PprotMode"": 10, ""PprotPartialLots"": 0.0, ""PprotSleeveMask"": 1, ""PprotTPExtendATR"": 0.0, ""PprotTightenBars"": 0, ""PprotTightenSLATR"": 0.0, ""PprotTrailATR"": 0.0, ""PprotTrailPeakATR"": 0.0}",ml\pprot1\configs\pp_is_PP0341_20260901215111_1998ba.yaml,pp_is_PP0341_20260901215111_1998ba_deals.csv,2026-09-01T21:51:11+00:00,2026-09-01T21:53:19+00:00,128.629,
1f561aaba64748f9b473ad83bdd51f12,pp_is_PP0342_20260901215127_7bae63,PP0342,F10_vol_conditioned_be,G1,IS,PROD,OK,IS_REJECT,PROFIT_DAMAGED,"IS net=374488 (-10.38%), PF=2.1148 (-6.18%), DD=4.0052% (+0.2110pt), trades=303 (+0.66%)",0,374488.0,2.1148,4.0052,303,0.896157,0.93816,0.211,1.006645,"{""PprotArmAfterBars"": 0, ""PprotArmBeforeBars"": 0, ""PprotArmHourEnd"": -1, ""PprotArmHourStart"": -1, ""PprotArmMaxATRRatio"": 0.75, ""PprotArmMinATRRatio"": 0.0, ""PprotArmPeakATR"": 0.5, ""PprotArmPeakR"": 0.0, ""PprotBELockATR"": 0.0, ""PprotBELockR"": -9.0, ""PprotFridayHour"": -1, ""PprotFridayMinATR"": 0.0, ""PprotGivebackATR"": 0.0, ""PprotGivebackFrac"": 0.0, ""PprotMode"": 10, ""PprotPartialLots"": 0.0, ""PprotSleeveMask"": 1, ""PprotTPExtendATR"": 0.0, ""PprotTightenBars"": 0, ""PprotTightenSLATR"": 0.0, ""PprotTrailATR"": 0.0, ""PprotTrailPeakATR"": 0.0}",ml\pprot1\configs\pp_is_PP0342_20260901215127_7bae63.yaml,pp_is_PP0342_20260901215127_7bae63_deals.csv,2026-09-01T21:51:27+00:00,2026-09-01T21:53:40+00:00,133.707,
555c92de523f46f0a8677d539d129847,pp_is_PP0343_20260901215319_9f5c37,PP0343,F10_vol_conditioned_be,G1,IS,BT1,OK,IS_REJECT,PROFIT_DAMAGED,"IS net=382032 (-8.58%), PF=2.1429 (-4.94%), DD=4.0072% (+0.2130pt), trades=301 (+0.00%)",0,382032.0,2.1429,4.0072,301,0.91421,0.950625,0.213,1.0,"{""PprotArmAfterBars"": 0, ""PprotArmBeforeBars"": 0, ""PprotArmHourEnd"": -1, ""PprotArmHourStart"": -1, ""PprotArmMaxATRRatio"": 0.75, ""PprotArmMinATRRatio"": 0.0, ""PprotArmPeakATR"": 1.0, ""PprotArmPeakR"": 0.0, ""PprotBELockATR"": 0.0, ""PprotBELockR"": -9.0, ""PprotFridayHour"": -1, ""PprotFridayMinATR"": 0.0, ""PprotGivebackATR"": 0.0, ""PprotGivebackFrac"": 0.0, ""PprotMode"": 10, ""PprotPartialLots"": 0.0, ""PprotSleeveMask"": 1, ""PprotTPExtendATR"": 0.0, ""PprotTightenBars"": 0, ""PprotTightenSLATR"": 0.0, ""PprotTrailATR"": 0.0, ""PprotTrailPeakATR"": 0.0}",ml\pprot1\configs\pp_is_PP0343_20260901215319_9f5c37.yaml,pp_is_PP0343_20260901215319_9f5c37_deals.csv,2026-09-01T21:53:19+00:00,2026-09-01T21:55:33+00:00,133.607,
3e98b4b700fb4bd6aabdf5c369b7b626,pp_is_PP0344_20260901215340_1cbcf1,PP0344,F10_vol_conditioned_be,G2,IS,PROD,OK,IS_REJECT,PROFIT_DAMAGED,"IS net=410572 (-1.75%), PF=2.2295 (-1.10%), DD=3.8292% (+0.0350pt), trades=301 (+0.00%)",0,410572.0,2.2295,3.8292,301,0.982507,0.989043,0.035,1.0,"{""PprotArmAfterBars"": 0, ""PprotArmBeforeBars"": 0, ""PprotArmHourEnd"": -1, ""PprotArmHourStart"": -1, ""PprotArmMaxATRRatio"": 0.0, ""PprotArmMinATRRatio"": 1.1, ""PprotArmPeakATR"": 0.5, ""PprotArmPeakR"": 0.0, ""PprotBELockATR"": 0.0, ""PprotBELockR"": -9.0, ""PprotFridayHour"": -1, ""PprotFridayMinATR"": 0.0, ""PprotGivebackATR"": 0.0, ""PprotGivebackFrac"": 0.0, ""PprotMode"": 10, ""PprotPartialLots"": 0.0, ""PprotSleeveMask"": 2, ""PprotTPExtendATR"": 0.0, ""PprotTightenBars"": 0, ""PprotTightenSLATR"": 0.0, ""PprotTrailATR"": 0.0, ""PprotTrailPeakATR"": 0.0}",ml\pprot1\configs\pp_is_PP0344_20260901215340_1cbcf1.yaml,pp_is_PP0344_20260901215340_1cbcf1_deals.csv,2026-09-01T21:53:40+00:00,2026-09-01T21:55:54+00:00,133.723,
883193869c614290b12446fd37a05b1e,pp_is_PP0345_20260901215533_e8133e,PP0345,F10_vol_conditioned_be,G2,IS,BT1,OK,IS_REJECT,PROFIT_DAMAGED,"IS net=411243 (-1.59%), PF=2.2315 (-1.01%), DD=3.8261% (+0.0319pt), trades=301 (+0.00%)",0,411243.0,2.2315,3.8261,301,0.984113,0.98993,0.0319,1.0,"{""PprotArmAfterBars"": 0, ""PprotArmBeforeBars"": 0, ""PprotArmHourEnd"": -1, ""PprotArmHourStart"": -1, ""PprotArmMaxATRRatio"": 0.0, ""PprotArmMinATRRatio"": 1.1, ""PprotArmPeakATR"": 1.0, ""PprotArmPeakR"": 0.0, ""PprotBELockATR"": 0.0, ""PprotBELockR"": -9.0, ""PprotFridayHour"": -1, ""PprotFridayMinATR"": 0.0, ""PprotGivebackATR"": 0.0, ""PprotGivebackFrac"": 0.0, ""PprotMode"": 10, ""PprotPartialLots"": 0.0, ""PprotSleeveMask"": 2, ""PprotTPExtendATR"": 0.0, ""PprotTightenBars"": 0, ""PprotTightenSLATR"": 0.0, ""PprotTrailATR"": 0.0, ""PprotTrailPeakATR"": 0.0}",ml\pprot1\configs\pp_is_PP0345_20260901215533_e8133e.yaml,pp_is_PP0345_20260901215533_e8133e_deals.csv,2026-09-01T21:55:33+00:00,2026-09-01T21:57:47+00:00,133.608,
69836de6118f49a6a6dd5201b90dfbe9,pp_is_PP0346_20260901215555_6c1245,PP0346,F10_vol_conditioned_be,G2,IS,PROD,OK,IS_REJECT,PROFIT_DAMAGED,"IS net=410572 (-1.75%), PF=2.2295 (-1.10%), DD=3.8292% (+0.0350pt), trades=301 (+0.00%)",0,410572.0,2.2295,3.8292,301,0.982507,0.989043,0.035,1.0,"{""PprotArmAfterBars"": 0, ""PprotArmBeforeBars"": 0, ""PprotArmHourEnd"": -1, ""PprotArmHourStart"": -1, ""PprotArmMaxATRRatio"": 0.0, ""PprotArmMinATRRatio"": 1.25, ""PprotArmPeakATR"": 0.5, ""PprotArmPeakR"": 0.0, ""PprotBELockATR"": 0.0, ""PprotBELockR"": -9.0, ""PprotFridayHour"": -1, ""PprotFridayMinATR"": 0.0, ""PprotGivebackATR"": 0.0, ""PprotGivebackFrac"": 0.0, ""PprotMode"": 10, ""PprotPartialLots"": 0.0, ""PprotSleeveMask"": 2, ""PprotTPExtendATR"": 0.0, ""PprotTightenBars"": 0, ""PprotTightenSLATR"": 0.0, ""PprotTrailATR"": 0.0, ""PprotTrailPeakATR"": 0.0}",ml\pprot1\configs\pp_is_PP0346_20260901215555_6c1245.yaml,pp_is_PP0346_20260901215555_6c1245_deals.csv,2026-09-01T21:55:55+00:00,2026-09-01T21:58:08+00:00,133.741,
54adca5982da482bb5ae89fa09c572ae,pp_is_PP0347_20260901215747_013685,PP0347,F10_vol_conditioned_be,G2,IS,BT1,OK,IS_REJECT,PROFIT_DAMAGED,"IS net=411243 (-1.59%), PF=2.2315 (-1.01%), DD=3.8261% (+0.0319pt), trades=301 (+0.00%)",0,411243.0,2.2315,3.8261,301,0.984113,0.98993,0.0319,1.0,"{""PprotArmAfterBars"": 0, ""PprotArmBeforeBars"": 0, ""PprotArmHourEnd"": -1, ""PprotArmHourStart"": -1, ""PprotArmMaxATRRatio"": 0.0, ""PprotArmMinATRRatio"": 1.25, ""PprotArmPeakATR"": 1.0, ""PprotArmPeakR"": 0.0, ""PprotBELockATR"": 0.0, ""PprotBELockR"": -9.0, ""PprotFridayHour"": -1, ""PprotFridayMinATR"": 0.0, ""PprotGivebackATR"": 0.0, ""PprotGivebackFrac"": 0.0, ""PprotMode"": 10, ""PprotPartialLots"": 0.0, ""PprotSleeveMask"": 2, ""PprotTPExtendATR"": 0.0, ""PprotTightenBars"": 0, ""PprotTightenSLATR"": 0.0, ""PprotTrailATR"": 0.0, ""PprotTrailPeakATR"": 0.0}",ml\pprot1\configs\pp_is_PP0347_20260901215747_013685.yaml,pp_is_PP0347_20260901215747_013685_deals.csv,2026-09-01T21:57:47+00:00,2026-09-01T22:00:06+00:00,138.688,
c4cec6c8642c48f287a561b43fb84075,pp_is_PP0348_20260901215809_7bd27e,PP0348,F10_vol_conditioned_be,G2,IS,PROD,OK,IS_REJECT,PROFIT_DAMAGED,"IS net=411243 (-1.59%), PF=2.2315 (-1.01%), DD=3.8261% (+0.0319pt), trades=301 (+0.00%)",0,411243.0,2.2315,3.8261,301,0.984113,0.98993,0.0319,1.0,"{""PprotArmAfterBars"": 0, ""PprotArmBeforeBars"": 0, ""PprotArmHourEnd"": -1, ""PprotArmHourStart"": -1, ""PprotArmMaxATRRatio"": 0.0, ""PprotArmMinATRRatio"": 1.5, ""PprotArmPeakATR"": 0.5, ""PprotArmPeakR"": 0.0, ""PprotBELockATR"": 0.0, ""PprotBELockR"": -9.0, ""PprotFridayHour"": -1, ""PprotFridayMinATR"": 0.0, ""PprotGivebackATR"": 0.0, ""PprotGivebackFrac"": 0.0, ""PprotMode"": 10, ""PprotPartialLots"": 0.0, ""PprotSleeveMask"": 2, ""PprotTPExtendATR"": 0.0, ""PprotTightenBars"": 0, ""PprotTightenSLATR"": 0.0, ""PprotTrailATR"": 0.0, ""PprotTrailPeakATR"": 0.0}",ml\pprot1\configs\pp_is_PP0348_20260901215809_7bd27e.yaml,pp_is_PP0348_20260901215809_7bd27e_deals.csv,2026-09-01T21:58:09+00:00,2026-09-01T22:00:32+00:00,143.751,
4f5cfeaa87284f188559e4edb35096d7,pp_is_PP0349_20260901220006_e680c0,PP0349,F10_vol_conditioned_be,G2,IS,BT1,OK,IS_REJECT,PROFIT_DAMAGED,"IS net=411243 (-1.59%), PF=2.2315 (-1.01%), DD=3.8261% (+0.0319pt), trades=301 (+0.00%)",0,411243.0,2.2315,3.8261,301,0.984113,0.98993,0.0319,1.0,"{""PprotArmAfterBars"": 0, ""PprotArmBeforeBars"": 0, ""PprotArmHourEnd"": -1, ""PprotArmHourStart"": -1, ""PprotArmMaxATRRatio"": 0.0, ""PprotArmMinATRRatio"": 1.5, ""PprotArmPeakATR"": 1.0, ""PprotArmPeakR"": 0.0, ""PprotBELockATR"": 0.0, ""PprotBELockR"": -9.0, ""PprotFridayHour"": -1, ""PprotFridayMinATR"": 0.0, ""PprotGivebackATR"": 0.0, ""PprotGivebackFrac"": 0.0, ""PprotMode"": 10, ""PprotPartialLots"": 0.0, ""PprotSleeveMask"": 2, ""PprotTPExtendATR"": 0.0, ""PprotTightenBars"": 0, ""PprotTightenSLATR"": 0.0, ""PprotTrailATR"": 0.0, ""PprotTrailPeakATR"": 0.0}",ml\pprot1\configs\pp_is_PP0349_20260901220006_e680c0.yaml,pp_is_PP0349_20260901220006_e680c0_deals.csv,2026-09-01T22:00:06+00:00,2026-09-01T22:02:25+00:00,138.593,
d524c470ae33465888f378bfc21afce7,pp_is_PP0350_20260901220033_ef91f4,PP0350,F10_vol_conditioned_be,G2,IS,PROD,OK,IS_REJECT,PROFIT_DAMAGED,"IS net=408519 (-2.24%), PF=2.2361 (-0.80%), DD=3.8387% (+0.0445pt), trades=301 (+0.00%)",0,408519.0,2.2361,3.8387,301,0.977594,0.991971,0.0445,1.0,"{""PprotArmAfterBars"": 0, ""PprotArmBeforeBars"": 0, ""PprotArmHourEnd"": -1, ""PprotArmHourStart"": -1, ""PprotArmMaxATRRatio"": 0.9, ""PprotArmMinATRRatio"": 0.0, ""PprotArmPeakATR"": 0.5, ""PprotArmPeakR"": 0.0, ""PprotBELockATR"": 0.0, ""PprotBELockR"": -9.0, ""PprotFridayHour"": -1, ""PprotFridayMinATR"": 0.0, ""PprotGivebackATR"": 0.0, ""PprotGivebackFrac"": 0.0, ""PprotMode"": 10, ""PprotPartialLots"": 0.0, ""PprotSleeveMask"": 2, ""PprotTPExtendATR"": 0.0, ""PprotTightenBars"": 0, ""PprotTightenSLATR"": 0.0, ""PprotTrailATR"": 0.0, ""PprotTrailPeakATR"": 0.0}",ml\pprot1\configs\pp_is_PP0350_20260901220033_ef91f4.yaml,pp_is_PP0350_20260901220033_ef91f4_deals.csv,2026-09-01T22:00:33+00:00,2026-09-01T22:02:46+00:00,133.733,
0b651e2454ba49f6954925120d68ad1d,pp_is_PP0351_20260901220225_0cc224,PP0351,F10_vol_conditioned_be,G2,IS,BT1,OK,IS_REJECT,PROFIT_DAMAGED,"IS net=411243 (-1.59%), PF=2.2315 (-1.01%), DD=3.8261% (+0.0319pt), trades=301 (+0.00%)",0,411243.0,2.2315,3.8261,301,0.984113,0.98993,0.0319,1.0,"{""PprotArmAfterBars"": 0, ""PprotArmBeforeBars"": 0, ""PprotArmHourEnd"": -1, ""PprotArmHourStart"": -1, ""PprotArmMaxATRRatio"": 0.9, ""PprotArmMinATRRatio"": 0.0, ""PprotArmPeakATR"": 1.0, ""PprotArmPeakR"": 0.0, ""PprotBELockATR"": 0.0, ""PprotBELockR"": -9.0, ""PprotFridayHour"": -1, ""PprotFridayMinATR"": 0.0, ""PprotGivebackATR"": 0.0, ""PprotGivebackFrac"": 0.0, ""PprotMode"": 10, ""PprotPartialLots"": 0.0, ""PprotSleeveMask"": 2, ""PprotTPExtendATR"": 0.0, ""PprotTightenBars"": 0, ""PprotTightenSLATR"": 0.0, ""PprotTrailATR"": 0.0, ""PprotTrailPeakATR"": 0.0}",ml\pprot1\configs\pp_is_PP0351_20260901220225_0cc224.yaml,pp_is_PP0351_20260901220225_0cc224_deals.csv,2026-09-01T22:02:25+00:00,2026-09-01T22:04:39+00:00,133.546,
d83bc48c15654d4fbfe8356ed5b18739,pp_is_PP0352_20260901220247_73bbe0,PP0352,F10_vol_conditioned_be,G2,IS,PROD,OK,IS_REJECT,PROFIT_DAMAGED,"IS net=410748 (-1.71%), PF=2.2301 (-1.07%), DD=3.8284% (+0.0342pt), trades=301 (+0.00%)",0,410748.0,2.2301,3.8284,301,0.982928,0.989309,0.0342,1.0,"{""PprotArmAfterBars"": 0, ""PprotArmBeforeBars"": 0, ""PprotArmHourEnd"": -1, ""PprotArmHourStart"": -1, ""PprotArmMaxATRRatio"": 0.75, ""PprotArmMinATRRatio"": 0.0, ""PprotArmPeakATR"": 0.5, ""PprotArmPeakR"": 0.0, ""PprotBELockATR"": 0.0, ""PprotBELockR"": -9.0, ""PprotFridayHour"": -1, ""PprotFridayMinATR"": 0.0, ""PprotGivebackATR"": 0.0, ""PprotGivebackFrac"": 0.0, ""PprotMode"": 10, ""PprotPartialLots"": 0.0, ""PprotSleeveMask"": 2, ""PprotTPExtendATR"": 0.0, ""PprotTightenBars"": 0, ""PprotTightenSLATR"": 0.0, ""PprotTrailATR"": 0.0, ""PprotTrailPeakATR"": 0.0}",ml\pprot1\configs\pp_is_PP0352_20260901220247_73bbe0.yaml,pp_is_PP0352_20260901220247_73bbe0_deals.csv,2026-09-01T22:02:47+00:00,2026-09-01T22:05:05+00:00,138.723,
aa43b69cebb14967847bda06160fbdd5,pp_is_PP0353_20260901220439_fca8c8,PP0353,F10_vol_conditioned_be,G2,IS,BT1,OK,IS_REJECT,PROFIT_DAMAGED,"IS net=411243 (-1.59%), PF=2.2315 (-1.01%), DD=3.8261% (+0.0319pt), trades=301 (+0.00%)",0,411243.0,2.2315,3.8261,301,0.984113,0.98993,0.0319,1.0,"{""PprotArmAfterBars"": 0, ""PprotArmBeforeBars"": 0, ""PprotArmHourEnd"": -1, ""PprotArmHourStart"": -1, ""PprotArmMaxATRRatio"": 0.75, ""PprotArmMinATRRatio"": 0.0, ""PprotArmPeakATR"": 1.0, ""PprotArmPeakR"": 0.0, ""PprotBELockATR"": 0.0, ""PprotBELockR"": -9.0, ""PprotFridayHour"": -1, ""PprotFridayMinATR"": 0.0, ""PprotGivebackATR"": 0.0, ""PprotGivebackFrac"": 0.0, ""PprotMode"": 10, ""PprotPartialLots"": 0.0, ""PprotSleeveMask"": 2, ""PprotTPExtendATR"": 0.0, ""PprotTightenBars"": 0, ""PprotTightenSLATR"": 0.0, ""PprotTrailATR"": 0.0, ""PprotTrailPeakATR"": 0.0}",ml\pprot1\configs\pp_is_PP0353_20260901220439_fca8c8.yaml,pp_is_PP0353_20260901220439_fca8c8_deals.csv,2026-09-01T22:04:39+00:00,2026-09-01T22:06:53+00:00,133.619,
fe9afc6f38a9408b9532dc84cad7473f,pp_is_PP0354_20260901220506_ed67d8,PP0354,F10_vol_conditioned_be,G3,IS,PROD,OK,IS_REJECT,PROFIT_DAMAGED,"IS net=363550 (-13.00%), PF=2.1900 (-2.85%), DD=4.0606% (+0.2664pt), trades=306 (+1.66%)",0,363550.0,2.19,4.0606,306,0.869982,0.97152,0.2664,1.016611,"{""PprotArmAfterBars"": 0, ""PprotArmBeforeBars"": 0, ""PprotArmHourEnd"": -1, ""PprotArmHourStart"": -1, ""PprotArmMaxATRRatio"": 0.0, ""PprotArmMinATRRatio"": 1.1, ""PprotArmPeakATR"": 0.5, ""PprotArmPeakR"": 0.0, ""PprotBELockATR"": 0.0, ""PprotBELockR"": -9.0, ""PprotFridayHour"": -1, ""PprotFridayMinATR"": 0.0, ""PprotGivebackATR"": 0.0, ""PprotGivebackFrac"": 0.0, ""PprotMode"": 10, ""PprotPartialLots"": 0.0, ""PprotSleeveMask"": 3, ""PprotTPExtendATR"": 0.0, ""PprotTightenBars"": 0, ""PprotTightenSLATR"": 0.0, ""PprotTrailATR"": 0.0, ""PprotTrailPeakATR"": 0.0}",ml\pprot1\configs\pp_is_PP0354_20260901220506_ed67d8.yaml,pp_is_PP0354_20260901220506_ed67d8_deals.csv,2026-09-01T22:05:06+00:00,2026-09-01T22:07:25+00:00,138.887,
9db4c0f1d0b647018b0bfb0c2954da44,pp_is_PP0355_20260901220653_8098ba,PP0355,F10_vol_conditioned_be,G3,IS,BT1,OK,IS_REJECT,PROFIT_DAMAGED,"IS net=366386 (-12.32%), PF=2.1183 (-6.03%), DD=4.0458% (+0.2516pt), trades=305 (+1.33%)",0,366386.0,2.1183,4.0458,305,0.876769,0.939713,0.2516,1.013289,"{""PprotArmAfterBars"": 0, ""PprotArmBeforeBars"": 0, ""PprotArmHourEnd"": -1, ""PprotArmHourStart"": -1, ""PprotArmMaxATRRatio"": 0.0, ""PprotArmMinATRRatio"": 1.1, ""PprotArmPeakATR"": 1.0, ""PprotArmPeakR"": 0.0, ""PprotBELockATR"": 0.0, ""PprotBELockR"": -9.0, ""PprotFridayHour"": -1, ""PprotFridayMinATR"": 0.0, ""PprotGivebackATR"": 0.0, ""PprotGivebackFrac"": 0.0, ""PprotMode"": 10, ""PprotPartialLots"": 0.0, ""PprotSleeveMask"": 3, ""PprotTPExtendATR"": 0.0, ""PprotTightenBars"": 0, ""PprotTightenSLATR"": 0.0, ""PprotTrailATR"": 0.0, ""PprotTrailPeakATR"": 0.0}",ml\pprot1\configs\pp_is_PP0355_20260901220653_8098ba.yaml,pp_is_PP0355_20260901220653_8098ba_deals.csv,2026-09-01T22:06:53+00:00,2026-09-01T22:09:16+00:00,143.548,
6b4d79db7e4d4f6ca5bcb65b9cd3edac,pp_is_PP0356_20260901220725_faf4bc,PP0356,F10_vol_conditioned_be,G3,IS,PROD,OK,IS_REJECT,PROFIT_DAMAGED,"IS net=387810 (-7.20%), PF=2.2172 (-1.64%), DD=3.9378% (+0.1436pt), trades=303 (+0.66%)",0,387810.0,2.2172,3.9378,303,0.928037,0.983586,0.1436,1.006645,"{""PprotArmAfterBars"": 0, ""PprotArmBeforeBars"": 0, ""PprotArmHourEnd"": -1, ""PprotArmHourStart"": -1, ""PprotArmMaxATRRatio"": 0.0, ""PprotArmMinATRRatio"": 1.25, ""PprotArmPeakATR"": 0.5, ""PprotArmPeakR"": 0.0, ""PprotBELockATR"": 0.0, ""PprotBELockR"": -9.0, ""PprotFridayHour"": -1, ""PprotFridayMinATR"": 0.0, ""PprotGivebackATR"": 0.0, ""PprotGivebackFrac"": 0.0, ""PprotMode"": 10, ""PprotPartialLots"": 0.0, ""PprotSleeveMask"": 3, ""PprotTPExtendATR"": 0.0, ""PprotTightenBars"": 0, ""PprotTightenSLATR"": 0.0, ""PprotTrailATR"": 0.0, ""PprotTrailPeakATR"": 0.0}",ml\pprot1\configs\pp_is_PP0356_20260901220725_faf4bc.yaml,pp_is_PP0356_20260901220725_faf4bc_deals.csv,2026-09-01T22:07:25+00:00,2026-09-01T22:09:49+00:00,143.777,
cc6b9f2a80d548da9521ac954ad454eb,pp_is_PP0357_20260901220917_e01198,PP0357,F10_vol_conditioned_be,G3,IS,BT1,OK,IS_REJECT,PROFIT_DAMAGED,"IS net=369539 (-11.57%), PF=2.0948 (-7.07%), DD=4.0295% (+0.2353pt), trades=303 (+0.66%)",0,369539.0,2.0948,4.0295,303,0.884314,0.929288,0.2353,1.006645,"{""PprotArmAfterBars"": 0, ""PprotArmBeforeBars"": 0, ""PprotArmHourEnd"": -1, ""PprotArmHourStart"": -1, ""PprotArmMaxATRRatio"": 0.0, ""PprotArmMinATRRatio"": 1.25, ""PprotArmPeakATR"": 1.0, ""PprotArmPeakR"": 0.0, ""PprotBELockATR"": 0.0, ""PprotBELockR"": -9.0, ""PprotFridayHour"": -1, ""PprotFridayMinATR"": 0.0, ""PprotGivebackATR"": 0.0, ""PprotGivebackFrac"": 0.0, ""PprotMode"": 10, ""PprotPartialLots"": 0.0, ""PprotSleeveMask"": 3, ""PprotTPExtendATR"": 0.0, ""PprotTightenBars"": 0, ""PprotTightenSLATR"": 0.0, ""PprotTrailATR"": 0.0, ""PprotTrailPeakATR"": 0.0}",ml\pprot1\configs\pp_is_PP0357_20260901220917_e01198.yaml,pp_is_PP0357_20260901220917_e01198_deals.csv,2026-09-01T22:09:17+00:00,2026-09-01T22:11:40+00:00,143.596,
8b3b7902e50849a48e31e55acad325d7,pp_is_PP0358_20260901220949_489e3a,PP0358,F10_vol_conditioned_be,G3,IS,PROD,OK,IS_NOISE_BAND,EFFECT_WITHIN_NOISE_BAND,"IS net=421637 (+0.90%), PF=2.3384 (+3.74%), DD=3.7785% (-0.0157pt), trades=301 (+0.00%)",0,421637.0,2.3384,3.7785,301,1.008986,1.037352,-0.0157,1.0,"{""PprotArmAfterBars"": 0, ""PprotArmBeforeBars"": 0, ""PprotArmHourEnd"": -1, ""PprotArmHourStart"": -1, ""PprotArmMaxATRRatio"": 0.0, ""PprotArmMinATRRatio"": 1.5, ""PprotArmPeakATR"": 0.5, ""PprotArmPeakR"": 0.0, ""PprotBELockATR"": 0.0, ""PprotBELockR"": -9.0, ""PprotFridayHour"": -1, ""PprotFridayMinATR"": 0.0, ""PprotGivebackATR"": 0.0, ""PprotGivebackFrac"": 0.0, ""PprotMode"": 10, ""PprotPartialLots"": 0.0, ""PprotSleeveMask"": 3, ""PprotTPExtendATR"": 0.0, ""PprotTightenBars"": 0, ""PprotTightenSLATR"": 0.0, ""PprotTrailATR"": 0.0, ""PprotTrailPeakATR"": 0.0}",ml\pprot1\configs\pp_is_PP0358_20260901220949_489e3a.yaml,pp_is_PP0358_20260901220949_489e3a_deals.csv,2026-09-01T22:09:49+00:00,2026-09-01T22:12:13+00:00,143.742,
440514e25a984fccabde3e40ab494be0,pp_is_PP0359_20260901221141_952b52,PP0359,F10_vol_conditioned_be,G3,IS,BT1,OK,IS_REJECT,PROFIT_DAMAGED,"IS net=402695 (-3.63%), PF=2.2057 (-2.15%), DD=3.8661% (+0.0719pt), trades=301 (+0.00%)",0,402695.0,2.2057,3.8661,301,0.963657,0.978485,0.0719,1.0,"{""PprotArmAfterBars"": 0, ""PprotArmBeforeBars"": 0, ""PprotArmHourEnd"": -1, ""PprotArmHourStart"": -1, ""PprotArmMaxATRRatio"": 0.0, ""PprotArmMinATRRatio"": 1.5, ""PprotArmPeakATR"": 1.0, ""PprotArmPeakR"": 0.0, ""PprotBELockATR"": 0.0, ""PprotBELockR"": -9.0, ""PprotFridayHour"": -1, ""PprotFridayMinATR"": 0.0, ""PprotGivebackATR"": 0.0, ""PprotGivebackFrac"": 0.0, ""PprotMode"": 10, ""PprotPartialLots"": 0.0, ""PprotSleeveMask"": 3, ""PprotTPExtendATR"": 0.0, ""PprotTightenBars"": 0, ""PprotTightenSLATR"": 0.0, ""PprotTrailATR"": 0.0, ""PprotTrailPeakATR"": 0.0}",ml\pprot1\configs\pp_is_PP0359_20260901221141_952b52.yaml,pp_is_PP0359_20260901221141_952b52_deals.csv,2026-09-01T22:11:41+00:00,2026-09-01T22:13:59+00:00,138.542,
a200567461f844739daa1b402a8b4799,pp_is_PP0360_20260901221213_639940,PP0360,F10_vol_conditioned_be,G3,IS,PROD,OK,IS_REJECT,PROFIT_DAMAGED,"IS net=333139 (-20.28%), PF=2.0919 (-7.20%), DD=5.0621% (+1.2679pt), trades=309 (+2.66%)",0,333139.0,2.0919,5.0621,309,0.797208,0.928001,1.2679,1.026578,"{""PprotArmAfterBars"": 0, ""PprotArmBeforeBars"": 0, ""PprotArmHourEnd"": -1, ""PprotArmHourStart"": -1, ""PprotArmMaxATRRatio"": 0.9, ""PprotArmMinATRRatio"": 0.0, ""PprotArmPeakATR"": 0.5, ""PprotArmPeakR"": 0.0, ""PprotBELockATR"": 0.0, ""PprotBELockR"": -9.0, ""PprotFridayHour"": -1, ""PprotFridayMinATR"": 0.0, ""PprotGivebackATR"": 0.0, ""PprotGivebackFrac"": 0.0, ""PprotMode"": 10, ""PprotPartialLots"": 0.0, ""PprotSleeveMask"": 3, ""PprotTPExtendATR"": 0.0, ""PprotTightenBars"": 0, ""PprotTightenSLATR"": 0.0, ""PprotTrailATR"": 0.0, ""PprotTrailPeakATR"": 0.0}",ml\pprot1\configs\pp_is_PP0360_20260901221213_639940.yaml,pp_is_PP0360_20260901221213_639940_deals.csv,2026-09-01T22:12:13+00:00,2026-09-01T22:14:32+00:00,138.766,
a683d2dd84c34c12bbcefaeccf07c7a7,pp_is_PP0361_20260901221359_65c49e,PP0361,F10_vol_conditioned_be,G3,IS,BT1,OK,IS_REJECT,PROFIT_DAMAGED,"IS net=352194 (-15.72%), PF=2.0901 (-7.28%), DD=4.1631% (+0.3689pt), trades=305 (+1.33%)",0,352194.0,2.0901,4.1631,305,0.842807,0.927203,0.3689,1.013289,"{""PprotArmAfterBars"": 0, ""PprotArmBeforeBars"": 0, ""PprotArmHourEnd"": -1, ""PprotArmHourStart"": -1, ""PprotArmMaxATRRatio"": 0.9, ""PprotArmMinATRRatio"": 0.0, ""PprotArmPeakATR"": 1.0, ""PprotArmPeakR"": 0.0, ""PprotBELockATR"": 0.0, ""PprotBELockR"": -9.0, ""PprotFridayHour"": -1, ""PprotFridayMinATR"": 0.0, ""PprotGivebackATR"": 0.0, ""PprotGivebackFrac"": 0.0, ""PprotMode"": 10, ""PprotPartialLots"": 0.0, ""PprotSleeveMask"": 3, ""PprotTPExtendATR"": 0.0, ""PprotTightenBars"": 0, ""PprotTightenSLATR"": 0.0, ""PprotTrailATR"": 0.0, ""PprotTrailPeakATR"": 0.0}",ml\pprot1\configs\pp_is_PP0361_20260901221359_65c49e.yaml,pp_is_PP0361_20260901221359_65c49e_deals.csv,2026-09-01T22:13:59+00:00,2026-09-01T22:16:23+00:00,143.601,
5f3516819b694819adb33cb4070e678e,pp_is_PP0362_20260901221432_e8dde4,PP0362,F10_vol_conditioned_be,G3,IS,PROD,OK,IS_REJECT,PROFIT_DAMAGED,"IS net=373993 (-10.50%), PF=2.1133 (-6.25%), DD=4.0078% (+0.2136pt), trades=303 (+0.66%)",0,373993.0,2.1133,4.0078,303,0.894973,0.937494,0.2136,1.006645,"{""PprotArmAfterBars"": 0, ""PprotArmBeforeBars"": 0, ""PprotArmHourEnd"": -1, ""PprotArmHourStart"": -1, ""PprotArmMaxATRRatio"": 0.75, ""PprotArmMinATRRatio"": 0.0, ""PprotArmPeakATR"": 0.5, ""PprotArmPeakR"": 0.0, ""PprotBELockATR"": 0.0, ""PprotBELockR"": -9.0, ""PprotFridayHour"": -1, ""PprotFridayMinATR"": 0.0, ""PprotGivebackATR"": 0.0, ""PprotGivebackFrac"": 0.0, ""PprotMode"": 10, ""PprotPartialLots"": 0.0, ""PprotSleeveMask"": 3, ""PprotTPExtendATR"": 0.0, ""PprotTightenBars"": 0, ""PprotTightenSLATR"": 0.0, ""PprotTrailATR"": 0.0, ""PprotTrailPeakATR"": 0.0}",ml\pprot1\configs\pp_is_PP0362_20260901221432_e8dde4.yaml,pp_is_PP0362_20260901221432_e8dde4_deals.csv,2026-09-01T22:14:32+00:00,2026-09-01T22:16:56+00:00,143.829,
344bff5a31c34287aebeb59a6fa1e41d,pp_is_PP0363_20260901221623_d5c8ad,PP0363,F10_vol_conditioned_be,G3,IS,BT1,OK,IS_REJECT,PROFIT_DAMAGED,"IS net=382032 (-8.58%), PF=2.1429 (-4.94%), DD=4.0072% (+0.2130pt), trades=301 (+0.00%)",0,382032.0,2.1429,4.0072,301,0.91421,0.950625,0.213,1.0,"{""PprotArmAfterBars"": 0, ""PprotArmBeforeBars"": 0, ""PprotArmHourEnd"": -1, ""PprotArmHourStart"": -1, ""PprotArmMaxATRRatio"": 0.75, ""PprotArmMinATRRatio"": 0.0, ""PprotArmPeakATR"": 1.0, ""PprotArmPeakR"": 0.0, ""PprotBELockATR"": 0.0, ""PprotBELockR"": -9.0, ""PprotFridayHour"": -1, ""PprotFridayMinATR"": 0.0, ""PprotGivebackATR"": 0.0, ""PprotGivebackFrac"": 0.0, ""PprotMode"": 10, ""PprotPartialLots"": 0.0, ""PprotSleeveMask"": 3, ""PprotTPExtendATR"": 0.0, ""PprotTightenBars"": 0, ""PprotTightenSLATR"": 0.0, ""PprotTrailATR"": 0.0, ""PprotTrailPeakATR"": 0.0}",ml\pprot1\configs\pp_is_PP0363_20260901221623_d5c8ad.yaml,pp_is_PP0363_20260901221623_d5c8ad_deals.csv,2026-09-01T22:16:23+00:00,2026-09-01T22:18:52+00:00,148.623,
55befd98036346f2b13869036ab48fc6,pp_is_PP0364_20260901221656_f1c023,PP0364,F11_hour_conditioned_be,G1,IS,PROD,OK,IS_REJECT,PROFIT_DAMAGED,"IS net=298032 (-28.68%), PF=2.0161 (-10.56%), DD=4.7181% (+0.9239pt), trades=312 (+3.65%)",0,298032.0,2.0161,4.7181,312,0.713197,0.894375,0.9239,1.036545,"{""PprotArmAfterBars"": 0, ""PprotArmBeforeBars"": 0, ""PprotArmHourEnd"": 7, ""PprotArmHourStart"": 0, ""PprotArmMaxATRRatio"": 0.0, ""PprotArmMinATRRatio"": 0.0, ""PprotArmPeakATR"": 0.5, ""PprotArmPeakR"": 0.0, ""PprotBELockATR"": 0.0, ""PprotBELockR"": -9.0, ""PprotFridayHour"": -1, ""PprotFridayMinATR"": 0.0, ""PprotGivebackATR"": 0.0, ""PprotGivebackFrac"": 0.0, ""PprotMode"": 11, ""PprotPartialLots"": 0.0, ""PprotSleeveMask"": 1, ""PprotTPExtendATR"": 0.0, ""PprotTightenBars"": 0, ""PprotTightenSLATR"": 0.0, ""PprotTrailATR"": 0.0, ""PprotTrailPeakATR"": 0.0}",ml\pprot1\configs\pp_is_PP0364_20260901221656_f1c023.yaml,pp_is_PP0364_20260901221656_f1c023_deals.csv,2026-09-01T22:16:56+00:00,2026-09-01T22:19:00+00:00,123.747,
e663403479bf4fc49cc9bc846844f000,pp_is_PP0365_20260901221852_ada884,PP0365,F11_hour_conditioned_be,G1,IS,BT1,OK,IS_REJECT,PROFIT_DAMAGED,"IS net=341757 (-18.22%), PF=2.0923 (-7.18%), DD=4.2348% (+0.4406pt), trades=307 (+1.99%)",0,341757.0,2.0923,4.2348,307,0.817831,0.928179,0.4406,1.019934,"{""PprotArmAfterBars"": 0, ""PprotArmBeforeBars"": 0, ""PprotArmHourEnd"": 7, ""PprotArmHourStart"": 0, ""PprotArmMaxATRRatio"": 0.0, ""PprotArmMinATRRatio"": 0.0, ""PprotArmPeakATR"": 1.0, ""PprotArmPeakR"": 0.0, ""PprotBELockATR"": 0.0, ""PprotBELockR"": -9.0, ""PprotFridayHour"": -1, ""PprotFridayMinATR"": 0.0, ""PprotGivebackATR"": 0.0, ""PprotGivebackFrac"": 0.0, ""PprotMode"": 11, ""PprotPartialLots"": 0.0, ""PprotSleeveMask"": 1, ""PprotTPExtendATR"": 0.0, ""PprotTightenBars"": 0, ""PprotTightenSLATR"": 0.0, ""PprotTrailATR"": 0.0, ""PprotTrailPeakATR"": 0.0}",ml\pprot1\configs\pp_is_PP0365_20260901221852_ada884.yaml,pp_is_PP0365_20260901221852_ada884_deals.csv,2026-09-01T22:18:52+00:00,2026-09-01T22:20:56+00:00,123.625,
88f728898aab438da1a6ae80d2d5c1d6,pp_is_PP0366_20260901221900_16ae43,PP0366,F11_hour_conditioned_be,G1,IS,PROD,OK,IS_REJECT,PROFIT_DAMAGED,"IS net=314433 (-24.76%), PF=2.1977 (-2.51%), DD=5.2500% (+1.4558pt), trades=315 (+4.65%)",0,314433.0,2.1977,5.25,315,0.752444,0.974936,1.4558,1.046512,"{""PprotArmAfterBars"": 0, ""PprotArmBeforeBars"": 0, ""PprotArmHourEnd"": 15, ""PprotArmHourStart"": 8, ""PprotArmMaxATRRatio"": 0.0, ""PprotArmMinATRRatio"": 0.0, ""PprotArmPeakATR"": 0.5, ""PprotArmPeakR"": 0.0, ""PprotBELockATR"": 0.0, ""PprotBELockR"": -9.0, ""PprotFridayHour"": -1, ""PprotFridayMinATR"": 0.0, ""PprotGivebackATR"": 0.0, ""PprotGivebackFrac"": 0.0, ""PprotMode"": 11, ""PprotPartialLots"": 0.0, ""PprotSleeveMask"": 1, ""PprotTPExtendATR"": 0.0, ""PprotTightenBars"": 0, ""PprotTightenSLATR"": 0.0, ""PprotTrailATR"": 0.0, ""PprotTrailPeakATR"": 0.0}",ml\pprot1\configs\pp_is_PP0366_20260901221900_16ae43.yaml,pp_is_PP0366_20260901221900_16ae43_deals.csv,2026-09-01T22:19:00+00:00,2026-09-01T22:21:04+00:00,123.706,
729e9f7097f7432b9ba51695639e52c3,pp_is_PP0367_20260901222056_8d28df,PP0367,F11_hour_conditioned_be,G1,IS,BT1,OK,IS_REJECT,PROFIT_DAMAGED,"IS net=304308 (-27.18%), PF=1.9640 (-12.87%), DD=4.5227% (+0.7285pt), trades=309 (+2.66%)",0,304308.0,1.964,4.5227,309,0.728215,0.871263,0.7285,1.026578,"{""PprotArmAfterBars"": 0, ""PprotArmBeforeBars"": 0, ""PprotArmHourEnd"": 15, ""PprotArmHourStart"": 8, ""PprotArmMaxATRRatio"": 0.0, ""PprotArmMinATRRatio"": 0.0, ""PprotArmPeakATR"": 1.0, ""PprotArmPeakR"": 0.0, ""PprotBELockATR"": 0.0, ""PprotBELockR"": -9.0, ""PprotFridayHour"": -1, ""PprotFridayMinATR"": 0.0, ""PprotGivebackATR"": 0.0, ""PprotGivebackFrac"": 0.0, ""PprotMode"": 11, ""PprotPartialLots"": 0.0, ""PprotSleeveMask"": 1, ""PprotTPExtendATR"": 0.0, ""PprotTightenBars"": 0, ""PprotTightenSLATR"": 0.0, ""PprotTrailATR"": 0.0, ""PprotTrailPeakATR"": 0.0}",ml\pprot1\configs\pp_is_PP0367_20260901222056_8d28df.yaml,pp_is_PP0367_20260901222056_8d28df_deals.csv,2026-09-01T22:20:56+00:00,2026-09-01T22:23:00+00:00,123.659,
ae0a49239afe439a9561752e98d07d90,pp_is_PP0368_20260901222104_b47bec,PP0368,F11_hour_conditioned_be,G1,IS,PROD,OK,IS_REJECT,PROFIT_DAMAGED,"IS net=286860 (-31.35%), PF=2.0354 (-9.71%), DD=4.6419% (+0.8477pt), trades=315 (+4.65%)",0,286860.0,2.0354,4.6419,315,0.686462,0.902937,0.8477,1.046512,"{""PprotArmAfterBars"": 0, ""PprotArmBeforeBars"": 0, ""PprotArmHourEnd"": 23, ""PprotArmHourStart"": 16, ""PprotArmMaxATRRatio"": 0.0, ""PprotArmMinATRRatio"": 0.0, ""PprotArmPeakATR"": 0.5, ""PprotArmPeakR"": 0.0, ""PprotBELockATR"": 0.0, ""PprotBELockR"": -9.0, ""PprotFridayHour"": -1, ""PprotFridayMinATR"": 0.0, ""PprotGivebackATR"": 0.0, ""PprotGivebackFrac"": 0.0, ""PprotMode"": 11, ""PprotPartialLots"": 0.0, ""PprotSleeveMask"": 1, ""PprotTPExtendATR"": 0.0, ""PprotTightenBars"": 0, ""PprotTightenSLATR"": 0.0, ""PprotTrailATR"": 0.0, ""PprotTrailPeakATR"": 0.0}",ml\pprot1\configs\pp_is_PP0368_20260901222104_b47bec.yaml,pp_is_PP0368_20260901222104_b47bec_deals.csv,2026-09-01T22:21:04+00:00,2026-09-01T22:23:03+00:00,118.701,
29114b1f3388469db5a2d743b6929a35,pp_is_PP0370_20260901222303_b85095,PP0370,F11_hour_conditioned_be,G1,IS,PROD,OK,IS_REJECT,PROFIT_DAMAGED,"IS net=275560 (-34.06%), PF=2.0118 (-10.75%), DD=5.6364% (+1.8422pt), trades=317 (+5.32%)",0,275560.0,2.0118,5.6364,317,0.659421,0.892467,1.8422,1.053156,"{""PprotArmAfterBars"": 0, ""PprotArmBeforeBars"": 0, ""PprotArmHourEnd"": 20, ""PprotArmHourStart"": 12, ""PprotArmMaxATRRatio"": 0.0, ""PprotArmMinATRRatio"": 0.0, ""PprotArmPeakATR"": 0.5, ""PprotArmPeakR"": 0.0, ""PprotBELockATR"": 0.0, ""PprotBELockR"": -9.0, ""PprotFridayHour"": -1, ""PprotFridayMinATR"": 0.0, ""PprotGivebackATR"": 0.0, ""PprotGivebackFrac"": 0.0, ""PprotMode"": 11, ""PprotPartialLots"": 0.0, ""PprotSleeveMask"": 1, ""PprotTPExtendATR"": 0.0, ""PprotTightenBars"": 0, ""PprotTightenSLATR"": 0.0, ""PprotTrailATR"": 0.0, ""PprotTrailPeakATR"": 0.0}",ml\pprot1\configs\pp_is_PP0370_20260901222303_b85095.yaml,pp_is_PP0370_20260901222303_b85095_deals.csv,2026-09-01T22:23:03+00:00,2026-09-01T22:25:07+00:00,123.735,
83cc1d8328c94c97af4d835d21da9d3a,pp_is_PP0369_20260901222300_7360a5,PP0369,F11_hour_conditioned_be,G1,IS,BT1,OK,IS_REJECT,PROFIT_DAMAGED,"IS net=347512 (-16.84%), PF=2.1447 (-4.86%), DD=4.2186% (+0.4244pt), trades=307 (+1.99%)",0,347512.0,2.1447,4.2186,307,0.831603,0.951424,0.4244,1.019934,"{""PprotArmAfterBars"": 0, ""PprotArmBeforeBars"": 0, ""PprotArmHourEnd"": 23, ""PprotArmHourStart"": 16, ""PprotArmMaxATRRatio"": 0.0, ""PprotArmMinATRRatio"": 0.0, ""PprotArmPeakATR"": 1.0, ""PprotArmPeakR"": 0.0, ""PprotBELockATR"": 0.0, ""PprotBELockR"": -9.0, ""PprotFridayHour"": -1, ""PprotFridayMinATR"": 0.0, ""PprotGivebackATR"": 0.0, ""PprotGivebackFrac"": 0.0, ""PprotMode"": 11, ""PprotPartialLots"": 0.0, ""PprotSleeveMask"": 1, ""PprotTPExtendATR"": 0.0, ""PprotTightenBars"": 0, ""PprotTightenSLATR"": 0.0, ""PprotTrailATR"": 0.0, ""PprotTrailPeakATR"": 0.0}",ml\pprot1\configs\pp_is_PP0369_20260901222300_7360a5.yaml,pp_is_PP0369_20260901222300_7360a5_deals.csv,2026-09-01T22:23:00+00:00,2026-09-01T22:25:09+00:00,128.588,
aa3be4175ba74692a0d410aa555e0d95,pp_is_PP0371_20260901222507_104716,PP0371,F11_hour_conditioned_be,G1,IS,PROD,OK,IS_REJECT,PROFIT_DAMAGED,"IS net=308582 (-26.16%), PF=1.9938 (-11.55%), DD=4.4955% (+0.7013pt), trades=309 (+2.66%)",0,308582.0,1.9938,4.4955,309,0.738443,0.884482,0.7013,1.026578,"{""PprotArmAfterBars"": 0, ""PprotArmBeforeBars"": 0, ""PprotArmHourEnd"": 20, ""PprotArmHourStart"": 12, ""PprotArmMaxATRRatio"": 0.0, ""PprotArmMinATRRatio"": 0.0, ""PprotArmPeakATR"": 1.0, ""PprotArmPeakR"": 0.0, ""PprotBELockATR"": 0.0, ""PprotBELockR"": -9.0, ""PprotFridayHour"": -1, ""PprotFridayMinATR"": 0.0, ""PprotGivebackATR"": 0.0, ""PprotGivebackFrac"": 0.0, ""PprotMode"": 11, ""PprotPartialLots"": 0.0, ""PprotSleeveMask"": 1, ""PprotTPExtendATR"": 0.0, ""PprotTightenBars"": 0, ""PprotTightenSLATR"": 0.0, ""PprotTrailATR"": 0.0, ""PprotTrailPeakATR"": 0.0}",ml\pprot1\configs\pp_is_PP0371_20260901222507_104716.yaml,pp_is_PP0371_20260901222507_104716_deals.csv,2026-09-01T22:25:07+00:00,2026-09-01T22:27:16+00:00,128.687,
a42a79fe91a7400c84f12ed1f3cf0e2e,pp_is_PP0372_20260901222509_4bb5c4,PP0372,F11_hour_conditioned_be,G1,IS,BT1,OK,IS_REJECT,PROFIT_DAMAGED,"IS net=311437 (-25.47%), PF=2.0835 (-7.57%), DD=4.4029% (+0.6087pt), trades=310 (+2.99%)",0,311437.0,2.0835,4.4029,310,0.745275,0.924275,0.6087,1.0299,"{""PprotArmAfterBars"": 0, ""PprotArmBeforeBars"": 0, ""PprotArmHourEnd"": 3, ""PprotArmHourStart"": 20, ""PprotArmMaxATRRatio"": 0.0, ""PprotArmMinATRRatio"": 0.0, ""PprotArmPeakATR"": 0.5, ""PprotArmPeakR"": 0.0, ""PprotBELockATR"": 0.0, ""PprotBELockR"": -9.0, ""PprotFridayHour"": -1, ""PprotFridayMinATR"": 0.0, ""PprotGivebackATR"": 0.0, ""PprotGivebackFrac"": 0.0, ""PprotMode"": 11, ""PprotPartialLots"": 0.0, ""PprotSleeveMask"": 1, ""PprotTPExtendATR"": 0.0, ""PprotTightenBars"": 0, ""PprotTightenSLATR"": 0.0, ""PprotTrailATR"": 0.0, ""PprotTrailPeakATR"": 0.0}",ml\pprot1\configs\pp_is_PP0372_20260901222509_4bb5c4.yaml,pp_is_PP0372_20260901222509_4bb5c4_deals.csv,2026-09-01T22:25:09+00:00,2026-09-01T22:27:18+00:00,128.59,
1b28b238fceb4b01966b3434f17c479c,pp_is_PP0373_20260901222716_8d78e4,PP0373,F11_hour_conditioned_be,G1,IS,PROD,OK,IS_REJECT,PROFIT_DAMAGED,"IS net=347223 (-16.91%), PF=2.1295 (-5.53%), DD=4.1924% (+0.3982pt), trades=306 (+1.66%)",0,347223.0,2.1295,4.1924,306,0.830912,0.944681,0.3982,1.016611,"{""PprotArmAfterBars"": 0, ""PprotArmBeforeBars"": 0, ""PprotArmHourEnd"": 3, ""PprotArmHourStart"": 20, ""PprotArmMaxATRRatio"": 0.0, ""PprotArmMinATRRatio"": 0.0, ""PprotArmPeakATR"": 1.0, ""PprotArmPeakR"": 0.0, ""PprotBELockATR"": 0.0, ""PprotBELockR"": -9.0, ""PprotFridayHour"": -1, ""PprotFridayMinATR"": 0.0, ""PprotGivebackATR"": 0.0, ""PprotGivebackFrac"": 0.0, ""PprotMode"": 11, ""PprotPartialLots"": 0.0, ""PprotSleeveMask"": 1, ""PprotTPExtendATR"": 0.0, ""PprotTightenBars"": 0, ""PprotTightenSLATR"": 0.0, ""PprotTrailATR"": 0.0, ""PprotTrailPeakATR"": 0.0}",ml\pprot1\configs\pp_is_PP0373_20260901222716_8d78e4.yaml,pp_is_PP0373_20260901222716_8d78e4_deals.csv,2026-09-01T22:27:16+00:00,2026-09-01T22:29:25+00:00,128.767,
055ef531e3064720937065a3140701bb,pp_is_PP0374_20260901222718_40bd11,PP0374,F11_hour_conditioned_be,G2,IS,BT1,OK,IS_REJECT,PROFIT_DAMAGED,"IS net=411243 (-1.59%), PF=2.2315 (-1.01%), DD=3.8261% (+0.0319pt), trades=301 (+0.00%)",0,411243.0,2.2315,3.8261,301,0.984113,0.98993,0.0319,1.0,"{""PprotArmAfterBars"": 0, ""PprotArmBeforeBars"": 0, ""PprotArmHourEnd"": 7, ""PprotArmHourStart"": 0, ""PprotArmMaxATRRatio"": 0.0, ""PprotArmMinATRRatio"": 0.0, ""PprotArmPeakATR"": 0.5, ""PprotArmPeakR"": 0.0, ""PprotBELockATR"": 0.0, ""PprotBELockR"": -9.0, ""PprotFridayHour"": -1, ""PprotFridayMinATR"": 0.0, ""PprotGivebackATR"": 0.0, ""PprotGivebackFrac"": 0.0, ""PprotMode"": 11, ""PprotPartialLots"": 0.0, ""PprotSleeveMask"": 2, ""PprotTPExtendATR"": 0.0, ""PprotTightenBars"": 0, ""PprotTightenSLATR"": 0.0, ""PprotTrailATR"": 0.0, ""PprotTrailPeakATR"": 0.0}",ml\pprot1\configs\pp_is_PP0374_20260901222718_40bd11.yaml,pp_is_PP0374_20260901222718_40bd11_deals.csv,2026-09-01T22:27:18+00:00,2026-09-01T22:29:32+00:00,133.68,
dcfeb2f820e645c8b57da048ab9493e8,pp_is_PP0375_20260901222925_ff5f9e,PP0375,F11_hour_conditioned_be,G2,IS,PROD,OK,IS_REJECT,PROFIT_DAMAGED,"IS net=411243 (-1.59%), PF=2.2315 (-1.01%), DD=3.8261% (+0.0319pt), trades=301 (+0.00%)",0,411243.0,2.2315,3.8261,301,0.984113,0.98993,0.0319,1.0,"{""PprotArmAfterBars"": 0, ""PprotArmBeforeBars"": 0, ""PprotArmHourEnd"": 7, ""PprotArmHourStart"": 0, ""PprotArmMaxATRRatio"": 0.0, ""PprotArmMinATRRatio"": 0.0, ""PprotArmPeakATR"": 1.0, ""PprotArmPeakR"": 0.0, ""PprotBELockATR"": 0.0, ""PprotBELockR"": -9.0, ""PprotFridayHour"": -1, ""PprotFridayMinATR"": 0.0, ""PprotGivebackATR"": 0.0, ""PprotGivebackFrac"": 0.0, ""PprotMode"": 11, ""PprotPartialLots"": 0.0, ""PprotSleeveMask"": 2, ""PprotTPExtendATR"": 0.0, ""PprotTightenBars"": 0, ""PprotTightenSLATR"": 0.0, ""PprotTrailATR"": 0.0, ""PprotTrailPeakATR"": 0.0}",ml\pprot1\configs\pp_is_PP0375_20260901222925_ff5f9e.yaml,pp_is_PP0375_20260901222925_ff5f9e_deals.csv,2026-09-01T22:29:25+00:00,2026-09-01T22:31:44+00:00,138.819,
74e171f4de894613a82a7d0f899206ed,pp_is_PP0376_20260901222932_c2ce97,PP0376,F11_hour_conditioned_be,G2,IS,BT1,OK,IS_REJECT,PROFIT_DAMAGED,"IS net=409417 (-2.03%), PF=2.2460 (-0.36%), DD=3.8345% (+0.0403pt), trades=301 (+0.00%)",0,409417.0,2.246,3.8345,301,0.979743,0.996362,0.0403,1.0,"{""PprotArmAfterBars"": 0, ""PprotArmBeforeBars"": 0, ""PprotArmHourEnd"": 15, ""PprotArmHourStart"": 8, ""PprotArmMaxATRRatio"": 0.0, ""PprotArmMinATRRatio"": 0.0, ""PprotArmPeakATR"": 0.5, ""PprotArmPeakR"": 0.0, ""PprotBELockATR"": 0.0, ""PprotBELockR"": -9.0, ""PprotFridayHour"": -1, ""PprotFridayMinATR"": 0.0, ""PprotGivebackATR"": 0.0, ""PprotGivebackFrac"": 0.0, ""PprotMode"": 11, ""PprotPartialLots"": 0.0, ""PprotSleeveMask"": 2, ""PprotTPExtendATR"": 0.0, ""PprotTightenBars"": 0, ""PprotTightenSLATR"": 0.0, ""PprotTrailATR"": 0.0, ""PprotTrailPeakATR"": 0.0}",ml\pprot1\configs\pp_is_PP0376_20260901222932_c2ce97.yaml,pp_is_PP0376_20260901222932_c2ce97_deals.csv,2026-09-01T22:29:32+00:00,2026-09-01T22:31:50+00:00,138.614,
f783562af759479aa8f6233e4288ff67,pp_is_PP0377_20260901223144_c7d693,PP0377,F11_hour_conditioned_be,G2,IS,PROD,OK,IS_REJECT,PROFIT_DAMAGED,"IS net=411243 (-1.59%), PF=2.2315 (-1.01%), DD=3.8261% (+0.0319pt), trades=301 (+0.00%)",0,411243.0,2.2315,3.8261,301,0.984113,0.98993,0.0319,1.0,"{""PprotArmAfterBars"": 0, ""PprotArmBeforeBars"": 0, ""PprotArmHourEnd"": 15, ""PprotArmHourStart"": 8, ""PprotArmMaxATRRatio"": 0.0, ""PprotArmMinATRRatio"": 0.0, ""PprotArmPeakATR"": 1.0, ""PprotArmPeakR"": 0.0, ""PprotBELockATR"": 0.0, ""PprotBELockR"": -9.0, ""PprotFridayHour"": -1, ""PprotFridayMinATR"": 0.0, ""PprotGivebackATR"": 0.0, ""PprotGivebackFrac"": 0.0, ""PprotMode"": 11, ""PprotPartialLots"": 0.0, ""PprotSleeveMask"": 2, ""PprotTPExtendATR"": 0.0, ""PprotTightenBars"": 0, ""PprotTightenSLATR"": 0.0, ""PprotTrailATR"": 0.0, ""PprotTrailPeakATR"": 0.0}",ml\pprot1\configs\pp_is_PP0377_20260901223144_c7d693.yaml,pp_is_PP0377_20260901223144_c7d693_deals.csv,2026-09-01T22:31:44+00:00,2026-09-01T22:34:13+00:00,149.139,
f0780bd43480451c890c56619017a239,pp_is_PP0378_20260901223151_f9d866,PP0378,F11_hour_conditioned_be,G2,IS,BT1,OK,IS_REJECT,PROFIT_DAMAGED,"IS net=407650 (-2.45%), PF=2.2377 (-0.73%), DD=3.8428% (+0.0486pt), trades=301 (+0.00%)",0,407650.0,2.2377,3.8428,301,0.975515,0.99268,0.0486,1.0,"{""PprotArmAfterBars"": 0, ""PprotArmBeforeBars"": 0, ""PprotArmHourEnd"": 23, ""PprotArmHourStart"": 16, ""PprotArmMaxATRRatio"": 0.0, ""PprotArmMinATRRatio"": 0.0, ""PprotArmPeakATR"": 0.5, ""PprotArmPeakR"": 0.0, ""PprotBELockATR"": 0.0, ""PprotBELockR"": -9.0, ""PprotFridayHour"": -1, ""PprotFridayMinATR"": 0.0, ""PprotGivebackATR"": 0.0, ""PprotGivebackFrac"": 0.0, ""PprotMode"": 11, ""PprotPartialLots"": 0.0, ""PprotSleeveMask"": 2, ""PprotTPExtendATR"": 0.0, ""PprotTightenBars"": 0, ""PprotTightenSLATR"": 0.0, ""PprotTrailATR"": 0.0, ""PprotTrailPeakATR"": 0.0}",ml\pprot1\configs\pp_is_PP0378_20260901223151_f9d866.yaml,pp_is_PP0378_20260901223151_f9d866_deals.csv,2026-09-01T22:31:51+00:00,2026-09-01T22:34:20+00:00,148.817,
674b9b76d512493fa89363a1332e551c,pp_is_PP0379_20260901223414_a74860,PP0379,F11_hour_conditioned_be,G2,IS,PROD,OK,IS_REJECT,PROFIT_DAMAGED,"IS net=411243 (-1.59%), PF=2.2315 (-1.01%), DD=3.8261% (+0.0319pt), trades=301 (+0.00%)",0,411243.0,2.2315,3.8261,301,0.984113,0.98993,0.0319,1.0,"{""PprotArmAfterBars"": 0, ""PprotArmBeforeBars"": 0, ""PprotArmHourEnd"": 23, ""PprotArmHourStart"": 16, ""PprotArmMaxATRRatio"": 0.0, ""PprotArmMinATRRatio"": 0.0, ""PprotArmPeakATR"": 1.0, ""PprotArmPeakR"": 0.0, ""PprotBELockATR"": 0.0, ""PprotBELockR"": -9.0, ""PprotFridayHour"": -1, ""PprotFridayMinATR"": 0.0, ""PprotGivebackATR"": 0.0, ""PprotGivebackFrac"": 0.0, ""PprotMode"": 11, ""PprotPartialLots"": 0.0, ""PprotSleeveMask"": 2, ""PprotTPExtendATR"": 0.0, ""PprotTightenBars"": 0, ""PprotTightenSLATR"": 0.0, ""PprotTrailATR"": 0.0, ""PprotTrailPeakATR"": 0.0}",ml\pprot1\configs\pp_is_PP0379_20260901223414_a74860.yaml,pp_is_PP0379_20260901223414_a74860_deals.csv,2026-09-01T22:34:14+00:00,2026-09-01T22:36:43+00:00,148.851,
0ab960ffbec7401ea875a0f215b247f0,pp_is_PP0380_20260901223420_9c2664,PP0380,F11_hour_conditioned_be,G2,IS,BT1,OK,IS_REJECT,PROFIT_DAMAGED,"IS net=407413 (-2.51%), PF=2.2399 (-0.63%), DD=3.8439% (+0.0497pt), trades=301 (+0.00%)",0,407413.0,2.2399,3.8439,301,0.974947,0.993656,0.0497,1.0,"{""PprotArmAfterBars"": 0, ""PprotArmBeforeBars"": 0, ""PprotArmHourEnd"": 20, ""PprotArmHourStart"": 12, ""PprotArmMaxATRRatio"": 0.0, ""PprotArmMinATRRatio"": 0.0, ""PprotArmPeakATR"": 0.5, ""PprotArmPeakR"": 0.0, ""PprotBELockATR"": 0.0, ""PprotBELockR"": -9.0, ""PprotFridayHour"": -1, ""PprotFridayMinATR"": 0.0, ""PprotGivebackATR"": 0.0, ""PprotGivebackFrac"": 0.0, ""PprotMode"": 11, ""PprotPartialLots"": 0.0, ""PprotSleeveMask"": 2, ""PprotTPExtendATR"": 0.0, ""PprotTightenBars"": 0, ""PprotTightenSLATR"": 0.0, ""PprotTrailATR"": 0.0, ""PprotTrailPeakATR"": 0.0}",ml\pprot1\configs\pp_is_PP0380_20260901223420_9c2664.yaml,pp_is_PP0380_20260901223420_9c2664_deals.csv,2026-09-01T22:34:20+00:00,2026-09-01T22:36:49+00:00,148.707,
da0014356e26466d960f9129273c57e0,pp_is_PP0381_20260901223643_ccfdc4,PP0381,F11_hour_conditioned_be,G2,IS,PROD,OK,IS_REJECT,PROFIT_DAMAGED,"IS net=411243 (-1.59%), PF=2.2315 (-1.01%), DD=3.8261% (+0.0319pt), trades=301 (+0.00%)",0,411243.0,2.2315,3.8261,301,0.984113,0.98993,0.0319,1.0,"{""PprotArmAfterBars"": 0, ""PprotArmBeforeBars"": 0, ""PprotArmHourEnd"": 20, ""PprotArmHourStart"": 12, ""PprotArmMaxATRRatio"": 0.0, ""PprotArmMinATRRatio"": 0.0, ""PprotArmPeakATR"": 1.0, ""PprotArmPeakR"": 0.0, ""PprotBELockATR"": 0.0, ""PprotBELockR"": -9.0, ""PprotFridayHour"": -1, ""PprotFridayMinATR"": 0.0, ""PprotGivebackATR"": 0.0, ""PprotGivebackFrac"": 0.0, ""PprotMode"": 11, ""PprotPartialLots"": 0.0, ""PprotSleeveMask"": 2, ""PprotTPExtendATR"": 0.0, ""PprotTightenBars"": 0, ""PprotTightenSLATR"": 0.0, ""PprotTrailATR"": 0.0, ""PprotTrailPeakATR"": 0.0}",ml\pprot1\configs\pp_is_PP0381_20260901223643_ccfdc4.yaml,pp_is_PP0381_20260901223643_ccfdc4_deals.csv,2026-09-01T22:36:43+00:00,2026-09-01T22:39:07+00:00,143.984,
8571f17d186945f4a6f44cbb57eb8bf2,pp_is_PP0382_20260901223649_ae902f,PP0382,F11_hour_conditioned_be,G2,IS,BT1,OK,IS_REJECT,PROFIT_DAMAGED,"IS net=411243 (-1.59%), PF=2.2315 (-1.01%), DD=3.8261% (+0.0319pt), trades=301 (+0.00%)",0,411243.0,2.2315,3.8261,301,0.984113,0.98993,0.0319,1.0,"{""PprotArmAfterBars"": 0, ""PprotArmBeforeBars"": 0, ""PprotArmHourEnd"": 3, ""PprotArmHourStart"": 20, ""PprotArmMaxATRRatio"": 0.0, ""PprotArmMinATRRatio"": 0.0, ""PprotArmPeakATR"": 0.5, ""PprotArmPeakR"": 0.0, ""PprotBELockATR"": 0.0, ""PprotBELockR"": -9.0, ""PprotFridayHour"": -1, ""PprotFridayMinATR"": 0.0, ""PprotGivebackATR"": 0.0, ""PprotGivebackFrac"": 0.0, ""PprotMode"": 11, ""PprotPartialLots"": 0.0, ""PprotSleeveMask"": 2, ""PprotTPExtendATR"": 0.0, ""PprotTightenBars"": 0, ""PprotTightenSLATR"": 0.0, ""PprotTrailATR"": 0.0, ""PprotTrailPeakATR"": 0.0}",ml\pprot1\configs\pp_is_PP0382_20260901223649_ae902f.yaml,pp_is_PP0382_20260901223649_ae902f_deals.csv,2026-09-01T22:36:49+00:00,2026-09-01T22:39:13+00:00,143.726,
f1a71b94f4e9468fac1572669b5caa7f,pp_is_PP0383_20260901223907_da46d6,PP0383,F11_hour_conditioned_be,G2,IS,PROD,OK,IS_REJECT,PROFIT_DAMAGED,"IS net=411243 (-1.59%), PF=2.2315 (-1.01%), DD=3.8261% (+0.0319pt), trades=301 (+0.00%)",0,411243.0,2.2315,3.8261,301,0.984113,0.98993,0.0319,1.0,"{""PprotArmAfterBars"": 0, ""PprotArmBeforeBars"": 0, ""PprotArmHourEnd"": 3, ""PprotArmHourStart"": 20, ""PprotArmMaxATRRatio"": 0.0, ""PprotArmMinATRRatio"": 0.0, ""PprotArmPeakATR"": 1.0, ""PprotArmPeakR"": 0.0, ""PprotBELockATR"": 0.0, ""PprotBELockR"": -9.0, ""PprotFridayHour"": -1, ""PprotFridayMinATR"": 0.0, ""PprotGivebackATR"": 0.0, ""PprotGivebackFrac"": 0.0, ""PprotMode"": 11, ""PprotPartialLots"": 0.0, ""PprotSleeveMask"": 2, ""PprotTPExtendATR"": 0.0, ""PprotTightenBars"": 0, ""PprotTightenSLATR"": 0.0, ""PprotTrailATR"": 0.0, ""PprotTrailPeakATR"": 0.0}",ml\pprot1\configs\pp_is_PP0383_20260901223907_da46d6.yaml,pp_is_PP0383_20260901223907_da46d6_deals.csv,2026-09-01T22:39:07+00:00,2026-09-01T22:41:36+00:00,148.878,
f999342f4d4b4ee5b01157b4c01a1324,pp_is_PP0384_20260901223913_f7eac7,PP0384,F11_hour_conditioned_be,G3,IS,BT1,OK,IS_REJECT,PROFIT_DAMAGED,"IS net=298032 (-28.68%), PF=2.0161 (-10.56%), DD=4.7181% (+0.9239pt), trades=312 (+3.65%)",0,298032.0,2.0161,4.7181,312,0.713197,0.894375,0.9239,1.036545,"{""PprotArmAfterBars"": 0, ""PprotArmBeforeBars"": 0, ""PprotArmHourEnd"": 7, ""PprotArmHourStart"": 0, ""PprotArmMaxATRRatio"": 0.0, ""PprotArmMinATRRatio"": 0.0, ""PprotArmPeakATR"": 0.5, ""PprotArmPeakR"": 0.0, ""PprotBELockATR"": 0.0, ""PprotBELockR"": -9.0, ""PprotFridayHour"": -1, ""PprotFridayMinATR"": 0.0, ""PprotGivebackATR"": 0.0, ""PprotGivebackFrac"": 0.0, ""PprotMode"": 11, ""PprotPartialLots"": 0.0, ""PprotSleeveMask"": 3, ""PprotTPExtendATR"": 0.0, ""PprotTightenBars"": 0, ""PprotTightenSLATR"": 0.0, ""PprotTrailATR"": 0.0, ""PprotTrailPeakATR"": 0.0}",ml\pprot1\configs\pp_is_PP0384_20260901223913_f7eac7.yaml,pp_is_PP0384_20260901223913_f7eac7_deals.csv,2026-09-01T22:39:13+00:00,2026-09-01T22:41:42+00:00,148.686,
6f27e025b45b4be48d7d5dd05a672a31,pp_is_PP0385_20260901224136_a303ca,PP0385,F11_hour_conditioned_be,G3,IS,PROD,OK,IS_REJECT,PROFIT_DAMAGED,"IS net=341757 (-18.22%), PF=2.0923 (-7.18%), DD=4.2348% (+0.4406pt), trades=307 (+1.99%)",0,341757.0,2.0923,4.2348,307,0.817831,0.928179,0.4406,1.019934,"{""PprotArmAfterBars"": 0, ""PprotArmBeforeBars"": 0, ""PprotArmHourEnd"": 7, ""PprotArmHourStart"": 0, ""PprotArmMaxATRRatio"": 0.0, ""PprotArmMinATRRatio"": 0.0, ""PprotArmPeakATR"": 1.0, ""PprotArmPeakR"": 0.0, ""PprotBELockATR"": 0.0, ""PprotBELockR"": -9.0, ""PprotFridayHour"": -1, ""PprotFridayMinATR"": 0.0, ""PprotGivebackATR"": 0.0, ""PprotGivebackFrac"": 0.0, ""PprotMode"": 11, ""PprotPartialLots"": 0.0, ""PprotSleeveMask"": 3, ""PprotTPExtendATR"": 0.0, ""PprotTightenBars"": 0, ""PprotTightenSLATR"": 0.0, ""PprotTrailATR"": 0.0, ""PprotTrailPeakATR"": 0.0}",ml\pprot1\configs\pp_is_PP0385_20260901224136_a303ca.yaml,pp_is_PP0385_20260901224136_a303ca_deals.csv,2026-09-01T22:41:36+00:00,2026-09-01T22:44:10+00:00,153.901,
1cd9e2e2ad7443cfa385bfa13005a7f9,pp_is_PP0386_20260901224142_cf4af9,PP0386,F11_hour_conditioned_be,G3,IS,BT1,OK,IS_REJECT,PROFIT_DAMAGED,"IS net=312607 (-25.19%), PF=2.2154 (-1.72%), DD=5.6317% (+1.8375pt), trades=315 (+4.65%)",0,312607.0,2.2154,5.6317,315,0.748075,0.982788,1.8375,1.046512,"{""PprotArmAfterBars"": 0, ""PprotArmBeforeBars"": 0, ""PprotArmHourEnd"": 15, ""PprotArmHourStart"": 8, ""PprotArmMaxATRRatio"": 0.0, ""PprotArmMinATRRatio"": 0.0, ""PprotArmPeakATR"": 0.5, ""PprotArmPeakR"": 0.0, ""PprotBELockATR"": 0.0, ""PprotBELockR"": -9.0, ""PprotFridayHour"": -1, ""PprotFridayMinATR"": 0.0, ""PprotGivebackATR"": 0.0, ""PprotGivebackFrac"": 0.0, ""PprotMode"": 11, ""PprotPartialLots"": 0.0, ""PprotSleeveMask"": 3, ""PprotTPExtendATR"": 0.0, ""PprotTightenBars"": 0, ""PprotTightenSLATR"": 0.0, ""PprotTrailATR"": 0.0, ""PprotTrailPeakATR"": 0.0}",ml\pprot1\configs\pp_is_PP0386_20260901224142_cf4af9.yaml,pp_is_PP0386_20260901224142_cf4af9_deals.csv,2026-09-01T22:41:42+00:00,2026-09-01T22:44:11+00:00,148.746,
d071812245474337bdfd1ac4db2df11b,pp_is_PP0388_20260901224411_694715,PP0388,F11_hour_conditioned_be,G3,IS,BT1,OK,IS_REJECT,PROFIT_DAMAGED,"IS net=283267 (-32.21%), PF=2.0395 (-9.52%), DD=4.6149% (+0.8207pt), trades=315 (+4.65%)",0,283267.0,2.0395,4.6149,315,0.677864,0.904756,0.8207,1.046512,"{""PprotArmAfterBars"": 0, ""PprotArmBeforeBars"": 0, ""PprotArmHourEnd"": 23, ""PprotArmHourStart"": 16, ""PprotArmMaxATRRatio"": 0.0, ""PprotArmMinATRRatio"": 0.0, ""PprotArmPeakATR"": 0.5, ""PprotArmPeakR"": 0.0, ""PprotBELockATR"": 0.0, ""PprotBELockR"": -9.0, ""PprotFridayHour"": -1, ""PprotFridayMinATR"": 0.0, ""PprotGivebackATR"": 0.0, ""PprotGivebackFrac"": 0.0, ""PprotMode"": 11, ""PprotPartialLots"": 0.0, ""PprotSleeveMask"": 3, ""PprotTPExtendATR"": 0.0, ""PprotTightenBars"": 0, ""PprotTightenSLATR"": 0.0, ""PprotTrailATR"": 0.0, ""PprotTrailPeakATR"": 0.0}",ml\pprot1\configs\pp_is_PP0388_20260901224411_694715.yaml,pp_is_PP0388_20260901224411_694715_deals.csv,2026-09-01T22:44:11+00:00,2026-09-01T22:46:45+00:00,153.868,
7dcae72a862d4defb287aeb891e2f972,pp_is_PP0387_20260901224411_52efb8,PP0387,F11_hour_conditioned_be,G3,IS,PROD,OK,IS_REJECT,PROFIT_DAMAGED,"IS net=304308 (-27.18%), PF=1.9640 (-12.87%), DD=4.5227% (+0.7285pt), trades=309 (+2.66%)",0,304308.0,1.964,4.5227,309,0.728215,0.871263,0.7285,1.026578,"{""PprotArmAfterBars"": 0, ""PprotArmBeforeBars"": 0, ""PprotArmHourEnd"": 15, ""PprotArmHourStart"": 8, ""PprotArmMaxATRRatio"": 0.0, ""PprotArmMinATRRatio"": 0.0, ""PprotArmPeakATR"": 1.0, ""PprotArmPeakR"": 0.0, ""PprotBELockATR"": 0.0, ""PprotBELockR"": -9.0, ""PprotFridayHour"": -1, ""PprotFridayMinATR"": 0.0, ""PprotGivebackATR"": 0.0, ""PprotGivebackFrac"": 0.0, ""PprotMode"": 11, ""PprotPartialLots"": 0.0, ""PprotSleeveMask"": 3, ""PprotTPExtendATR"": 0.0, ""PprotTightenBars"": 0, ""PprotTightenSLATR"": 0.0, ""PprotTrailATR"": 0.0, ""PprotTrailPeakATR"": 0.0}",ml\pprot1\configs\pp_is_PP0387_20260901224411_52efb8.yaml,pp_is_PP0387_20260901224411_52efb8_deals.csv,2026-09-01T22:44:11+00:00,2026-09-01T22:46:45+00:00,154.163,
52ee26779b114b51af0b33e7396746c5,pp_is_PP0390_20260901224645_6757cc,PP0390,F11_hour_conditioned_be,G3,IS,PROD,OK,IS_REJECT,PROFIT_DAMAGED,"IS net=271730 (-34.97%), PF=2.0177 (-10.49%), DD=6.0762% (+2.2820pt), trades=317 (+5.32%)",0,271730.0,2.0177,6.0762,317,0.650255,0.895085,2.282,1.053156,"{""PprotArmAfterBars"": 0, ""PprotArmBeforeBars"": 0, ""PprotArmHourEnd"": 20, ""PprotArmHourStart"": 12, ""PprotArmMaxATRRatio"": 0.0, ""PprotArmMinATRRatio"": 0.0, ""PprotArmPeakATR"": 0.5, ""PprotArmPeakR"": 0.0, ""PprotBELockATR"": 0.0, ""PprotBELockR"": -9.0, ""PprotFridayHour"": -1, ""PprotFridayMinATR"": 0.0, ""PprotGivebackATR"": 0.0, ""PprotGivebackFrac"": 0.0, ""PprotMode"": 11, ""PprotPartialLots"": 0.0, ""PprotSleeveMask"": 3, ""PprotTPExtendATR"": 0.0, ""PprotTightenBars"": 0, ""PprotTightenSLATR"": 0.0, ""PprotTrailATR"": 0.0, ""PprotTrailPeakATR"": 0.0}",ml\pprot1\configs\pp_is_PP0390_20260901224645_6757cc.yaml,pp_is_PP0390_20260901224645_6757cc_deals.csv,2026-09-01T22:46:45+00:00,2026-09-01T22:49:19+00:00,154.123,
3d664d693e494650a5fb9cc087558d20,pp_is_PP0389_20260901224645_703aec,PP0389,F11_hour_conditioned_be,G3,IS,BT1,OK,IS_REJECT,PROFIT_DAMAGED,"IS net=347512 (-16.84%), PF=2.1447 (-4.86%), DD=4.2186% (+0.4244pt), trades=307 (+1.99%)",0,347512.0,2.1447,4.2186,307,0.831603,0.951424,0.4244,1.019934,"{""PprotArmAfterBars"": 0, ""PprotArmBeforeBars"": 0, ""PprotArmHourEnd"": 23, ""PprotArmHourStart"": 16, ""PprotArmMaxATRRatio"": 0.0, ""PprotArmMinATRRatio"": 0.0, ""PprotArmPeakATR"": 1.0, ""PprotArmPeakR"": 0.0, ""PprotBELockATR"": 0.0, ""PprotBELockR"": -9.0, ""PprotFridayHour"": -1, ""PprotFridayMinATR"": 0.0, ""PprotGivebackATR"": 0.0, ""PprotGivebackFrac"": 0.0, ""PprotMode"": 11, ""PprotPartialLots"": 0.0, ""PprotSleeveMask"": 3, ""PprotTPExtendATR"": 0.0, ""PprotTightenBars"": 0, ""PprotTightenSLATR"": 0.0, ""PprotTrailATR"": 0.0, ""PprotTrailPeakATR"": 0.0}",ml\pprot1\configs\pp_is_PP0389_20260901224645_703aec.yaml,pp_is_PP0389_20260901224645_703aec_deals.csv,2026-09-01T22:46:45+00:00,2026-09-01T22:49:24+00:00,159.004,
17365d5d8fff4c8ca317ce2af7436e5a,pp_is_PP0391_20260901224920_303d9d,PP0391,F11_hour_conditioned_be,G3,IS,PROD,OK,IS_REJECT,PROFIT_DAMAGED,"IS net=308582 (-26.16%), PF=1.9938 (-11.55%), DD=4.4955% (+0.7013pt), trades=309 (+2.66%)",0,308582.0,1.9938,4.4955,309,0.738443,0.884482,0.7013,1.026578,"{""PprotArmAfterBars"": 0, ""PprotArmBeforeBars"": 0, ""PprotArmHourEnd"": 20, ""PprotArmHourStart"": 12, ""PprotArmMaxATRRatio"": 0.0, ""PprotArmMinATRRatio"": 0.0, ""PprotArmPeakATR"": 1.0, ""PprotArmPeakR"": 0.0, ""PprotBELockATR"": 0.0, ""PprotBELockR"": -9.0, ""PprotFridayHour"": -1, ""PprotFridayMinATR"": 0.0, ""PprotGivebackATR"": 0.0, ""PprotGivebackFrac"": 0.0, ""PprotMode"": 11, ""PprotPartialLots"": 0.0, ""PprotSleeveMask"": 3, ""PprotTPExtendATR"": 0.0, ""PprotTightenBars"": 0, ""PprotTightenSLATR"": 0.0, ""PprotTrailATR"": 0.0, ""PprotTrailPeakATR"": 0.0}",ml\pprot1\configs\pp_is_PP0391_20260901224920_303d9d.yaml,pp_is_PP0391_20260901224920_303d9d_deals.csv,2026-09-01T22:49:20+00:00,2026-09-01T22:51:54+00:00,154.078,
84cd4d00118e481f998b7088a36ee240,pp_is_PP0392_20260901224924_9f8c06,PP0392,F11_hour_conditioned_be,G3,IS,BT1,OK,IS_REJECT,PROFIT_DAMAGED,"IS net=311437 (-25.47%), PF=2.0835 (-7.57%), DD=4.4029% (+0.6087pt), trades=310 (+2.99%)",0,311437.0,2.0835,4.4029,310,0.745275,0.924275,0.6087,1.0299,"{""PprotArmAfterBars"": 0, ""PprotArmBeforeBars"": 0, ""PprotArmHourEnd"": 3, ""PprotArmHourStart"": 20, ""PprotArmMaxATRRatio"": 0.0, ""PprotArmMinATRRatio"": 0.0, ""PprotArmPeakATR"": 0.5, ""PprotArmPeakR"": 0.0, ""PprotBELockATR"": 0.0, ""PprotBELockR"": -9.0, ""PprotFridayHour"": -1, ""PprotFridayMinATR"": 0.0, ""PprotGivebackATR"": 0.0, ""PprotGivebackFrac"": 0.0, ""PprotMode"": 11, ""PprotPartialLots"": 0.0, ""PprotSleeveMask"": 3, ""PprotTPExtendATR"": 0.0, ""PprotTightenBars"": 0, ""PprotTightenSLATR"": 0.0, ""PprotTrailATR"": 0.0, ""PprotTrailPeakATR"": 0.0}",ml\pprot1\configs\pp_is_PP0392_20260901224924_9f8c06.yaml,pp_is_PP0392_20260901224924_9f8c06_deals.csv,2026-09-01T22:49:24+00:00,2026-09-01T22:51:58+00:00,153.742,
997697582c8c479abf500f15bed935d8,pp_is_PP0394_20260901225159_cf238a,PP0394,F12_early_only_be,G1,IS,BT1,OK,IS_REJECT,PROFIT_DAMAGED,"IS net=313541 (-24.97%), PF=2.2180 (-1.61%), DD=5.3417% (+1.5475pt), trades=315 (+4.65%)",0,313541.0,2.218,5.3417,315,0.75031,0.983941,1.5475,1.046512,"{""PprotArmAfterBars"": 0, ""PprotArmBeforeBars"": 6, ""PprotArmHourEnd"": -1, ""PprotArmHourStart"": -1, ""PprotArmMaxATRRatio"": 0.0, ""PprotArmMinATRRatio"": 0.0, ""PprotArmPeakATR"": 0.5, ""PprotArmPeakR"": 0.0, ""PprotBELockATR"": 0.0, ""PprotBELockR"": -9.0, ""PprotFridayHour"": -1, ""PprotFridayMinATR"": 0.0, ""PprotGivebackATR"": 0.0, ""PprotGivebackFrac"": 0.0, ""PprotMode"": 12, ""PprotPartialLots"": 0.0, ""PprotSleeveMask"": 1, ""PprotTPExtendATR"": 0.0, ""PprotTightenBars"": 0, ""PprotTightenSLATR"": 0.0, ""PprotTrailATR"": 0.0, ""PprotTrailPeakATR"": 0.0}",ml\pprot1\configs\pp_is_PP0394_20260901225159_cf238a.yaml,pp_is_PP0394_20260901225159_cf238a_deals.csv,2026-09-01T22:51:59+00:00,2026-09-01T22:54:17+00:00,138.734,
ccfc6cfdc0a541a39400daed607870da,pp_is_PP0393_20260901225154_c5398c,PP0393,F11_hour_conditioned_be,G3,IS,PROD,OK,IS_REJECT,PROFIT_DAMAGED,"IS net=347223 (-16.91%), PF=2.1295 (-5.53%), DD=4.1924% (+0.3982pt), trades=306 (+1.66%)",0,347223.0,2.1295,4.1924,306,0.830912,0.944681,0.3982,1.016611,"{""PprotArmAfterBars"": 0, ""PprotArmBeforeBars"": 0, ""PprotArmHourEnd"": 3, ""PprotArmHourStart"": 20, ""PprotArmMaxATRRatio"": 0.0, ""PprotArmMinATRRatio"": 0.0, ""PprotArmPeakATR"": 1.0, ""PprotArmPeakR"": 0.0, ""PprotBELockATR"": 0.0, ""PprotBELockR"": -9.0, ""PprotFridayHour"": -1, ""PprotFridayMinATR"": 0.0, ""PprotGivebackATR"": 0.0, ""PprotGivebackFrac"": 0.0, ""PprotMode"": 11, ""PprotPartialLots"": 0.0, ""PprotSleeveMask"": 3, ""PprotTPExtendATR"": 0.0, ""PprotTightenBars"": 0, ""PprotTightenSLATR"": 0.0, ""PprotTrailATR"": 0.0, ""PprotTrailPeakATR"": 0.0}",ml\pprot1\configs\pp_is_PP0393_20260901225154_c5398c.yaml,pp_is_PP0393_20260901225154_c5398c_deals.csv,2026-09-01T22:51:54+00:00,2026-09-01T22:54:23+00:00,149.086,
d43a39ac36fd41bbbf27a7bdba6ba0d1,pp_is_PP0395_20260901225418_587c47,PP0395,F12_early_only_be,G1,IS,BT1,OK,IS_REJECT,PROFIT_DAMAGED,"IS net=381999 (-8.59%), PF=2.2692 (+0.67%), DD=4.0329% (+0.2387pt), trades=307 (+1.99%)",0,381999.0,2.2692,4.0329,307,0.914131,1.006654,0.2387,1.019934,"{""PprotArmAfterBars"": 0, ""PprotArmBeforeBars"": 6, ""PprotArmHourEnd"": -1, ""PprotArmHourStart"": -1, ""PprotArmMaxATRRatio"": 0.0, ""PprotArmMinATRRatio"": 0.0, ""PprotArmPeakATR"": 1.0, ""PprotArmPeakR"": 0.0, ""PprotBELockATR"": 0.0, ""PprotBELockR"": -9.0, ""PprotFridayHour"": -1, ""PprotFridayMinATR"": 0.0, ""PprotGivebackATR"": 0.0, ""PprotGivebackFrac"": 0.0, ""PprotMode"": 12, ""PprotPartialLots"": 0.0, ""PprotSleeveMask"": 1, ""PprotTPExtendATR"": 0.0, ""PprotTightenBars"": 0, ""PprotTightenSLATR"": 0.0, ""PprotTrailATR"": 0.0, ""PprotTrailPeakATR"": 0.0}",ml\pprot1\configs\pp_is_PP0395_20260901225418_587c47.yaml,pp_is_PP0395_20260901225418_587c47_deals.csv,2026-09-01T22:54:18+00:00,2026-09-01T22:56:26+00:00,128.691,
f6282ab3e61e46dfb098fd262b12e893,pp_is_PP0396_20260901225424_f9c2b1,PP0396,F12_early_only_be,G1,IS,PROD,OK,IS_REJECT,PROFIT_DAMAGED,"IS net=307626 (-26.38%), PF=2.1940 (-2.67%), DD=5.5674% (+1.7732pt), trades=316 (+4.98%)",0,307626.0,2.194,5.5674,316,0.736155,0.973294,1.7732,1.049834,"{""PprotArmAfterBars"": 0, ""PprotArmBeforeBars"": 12, ""PprotArmHourEnd"": -1, ""PprotArmHourStart"": -1, ""PprotArmMaxATRRatio"": 0.0, ""PprotArmMinATRRatio"": 0.0, ""PprotArmPeakATR"": 0.5, ""PprotArmPeakR"": 0.0, ""PprotBELockATR"": 0.0, ""PprotBELockR"": -9.0, ""PprotFridayHour"": -1, ""PprotFridayMinATR"": 0.0, ""PprotGivebackATR"": 0.0, ""PprotGivebackFrac"": 0.0, ""PprotMode"": 12, ""PprotPartialLots"": 0.0, ""PprotSleeveMask"": 1, ""PprotTPExtendATR"": 0.0, ""PprotTightenBars"": 0, ""PprotTightenSLATR"": 0.0, ""PprotTrailATR"": 0.0, ""PprotTrailPeakATR"": 0.0}",ml\pprot1\configs\pp_is_PP0396_20260901225424_f9c2b1.yaml,pp_is_PP0396_20260901225424_f9c2b1_deals.csv,2026-09-01T22:54:24+00:00,2026-09-01T22:56:32+00:00,128.686,
d871745752d8422fb2decb2896077d53,pp_is_PP0397_20260901225627_fcac42,PP0397,F12_early_only_be,G1,IS,BT1,OK,IS_REJECT,PROFIT_DAMAGED,"IS net=358982 (-14.09%), PF=2.1824 (-3.19%), DD=4.1550% (+0.3608pt), trades=309 (+2.66%)",0,358982.0,2.1824,4.155,309,0.859051,0.968148,0.3608,1.026578,"{""PprotArmAfterBars"": 0, ""PprotArmBeforeBars"": 12, ""PprotArmHourEnd"": -1, ""PprotArmHourStart"": -1, ""PprotArmMaxATRRatio"": 0.0, ""PprotArmMinATRRatio"": 0.0, ""PprotArmPeakATR"": 1.0, ""PprotArmPeakR"": 0.0, ""PprotBELockATR"": 0.0, ""PprotBELockR"": -9.0, ""PprotFridayHour"": -1, ""PprotFridayMinATR"": 0.0, ""PprotGivebackATR"": 0.0, ""PprotGivebackFrac"": 0.0, ""PprotMode"": 12, ""PprotPartialLots"": 0.0, ""PprotSleeveMask"": 1, ""PprotTPExtendATR"": 0.0, ""PprotTightenBars"": 0, ""PprotTightenSLATR"": 0.0, ""PprotTrailATR"": 0.0, ""PprotTrailPeakATR"": 0.0}",ml\pprot1\configs\pp_is_PP0397_20260901225627_fcac42.yaml,pp_is_PP0397_20260901225627_fcac42_deals.csv,2026-09-01T22:56:27+00:00,2026-09-01T22:58:35+00:00,128.726,
02bcc7b0ce1b4b3bbd7e21195088cce6,pp_is_PP0398_20260901225633_496f89,PP0398,F12_early_only_be,G1,IS,PROD,OK,IS_REJECT,PROFIT_DAMAGED,"IS net=292349 (-30.04%), PF=2.1440 (-4.89%), DD=5.1393% (+1.3451pt), trades=318 (+5.65%)",0,292349.0,2.144,5.1393,318,0.699597,0.951113,1.3451,1.056478,"{""PprotArmAfterBars"": 0, ""PprotArmBeforeBars"": 24, ""PprotArmHourEnd"": -1, ""PprotArmHourStart"": -1, ""PprotArmMaxATRRatio"": 0.0, ""PprotArmMinATRRatio"": 0.0, ""PprotArmPeakATR"": 0.5, ""PprotArmPeakR"": 0.0, ""PprotBELockATR"": 0.0, ""PprotBELockR"": -9.0, ""PprotFridayHour"": -1, ""PprotFridayMinATR"": 0.0, ""PprotGivebackATR"": 0.0, ""PprotGivebackFrac"": 0.0, ""PprotMode"": 12, ""PprotPartialLots"": 0.0, ""PprotSleeveMask"": 1, ""PprotTPExtendATR"": 0.0, ""PprotTightenBars"": 0, ""PprotTightenSLATR"": 0.0, ""PprotTrailATR"": 0.0, ""PprotTrailPeakATR"": 0.0}",ml\pprot1\configs\pp_is_PP0398_20260901225633_496f89.yaml,pp_is_PP0398_20260901225633_496f89_deals.csv,2026-09-01T22:56:33+00:00,2026-09-01T22:58:36+00:00,123.713,
80713b21ec8440de86fc58b9d3cd56db,pp_is_PP0399_20260901225836_5762bf,PP0399,F12_early_only_be,G1,IS,BT1,OK,IS_REJECT,PROFIT_DAMAGED,"IS net=312653 (-25.18%), PF=2.0436 (-9.34%), DD=4.4699% (+0.6757pt), trades=309 (+2.66%)",0,312653.0,2.0436,4.4699,309,0.748185,0.906574,0.6757,1.026578,"{""PprotArmAfterBars"": 0, ""PprotArmBeforeBars"": 24, ""PprotArmHourEnd"": -1, ""PprotArmHourStart"": -1, ""PprotArmMaxATRRatio"": 0.0, ""PprotArmMinATRRatio"": 0.0, ""PprotArmPeakATR"": 1.0, ""PprotArmPeakR"": 0.0, ""PprotBELockATR"": 0.0, ""PprotBELockR"": -9.0, ""PprotFridayHour"": -1, ""PprotFridayMinATR"": 0.0, ""PprotGivebackATR"": 0.0, ""PprotGivebackFrac"": 0.0, ""PprotMode"": 12, ""PprotPartialLots"": 0.0, ""PprotSleeveMask"": 1, ""PprotTPExtendATR"": 0.0, ""PprotTightenBars"": 0, ""PprotTightenSLATR"": 0.0, ""PprotTrailATR"": 0.0, ""PprotTrailPeakATR"": 0.0}",ml\pprot1\configs\pp_is_PP0399_20260901225836_5762bf.yaml,pp_is_PP0399_20260901225836_5762bf_deals.csv,2026-09-01T22:58:36+00:00,2026-09-01T23:00:39+00:00,123.655,
463ad119e2084bca9d5934774c42eca0,pp_is_PP0400_20260901225837_a2521c,PP0400,F12_early_only_be,G2,IS,PROD,OK,IS_REJECT,PROFIT_DAMAGED,"IS net=408587 (-2.22%), PF=2.2240 (-1.34%), DD=3.8384% (+0.0442pt), trades=301 (+0.00%)",0,408587.0,2.224,3.8384,301,0.977757,0.986603,0.0442,1.0,"{""PprotArmAfterBars"": 0, ""PprotArmBeforeBars"": 8, ""PprotArmHourEnd"": -1, ""PprotArmHourStart"": -1, ""PprotArmMaxATRRatio"": 0.0, ""PprotArmMinATRRatio"": 0.0, ""PprotArmPeakATR"": 0.5, ""PprotArmPeakR"": 0.0, ""PprotBELockATR"": 0.0, ""PprotBELockR"": -9.0, ""PprotFridayHour"": -1, ""PprotFridayMinATR"": 0.0, ""PprotGivebackATR"": 0.0, ""PprotGivebackFrac"": 0.0, ""PprotMode"": 12, ""PprotPartialLots"": 0.0, ""PprotSleeveMask"": 2, ""PprotTPExtendATR"": 0.0, ""PprotTightenBars"": 0, ""PprotTightenSLATR"": 0.0, ""PprotTrailATR"": 0.0, ""PprotTrailPeakATR"": 0.0}",ml\pprot1\configs\pp_is_PP0400_20260901225837_a2521c.yaml,pp_is_PP0400_20260901225837_a2521c_deals.csv,2026-09-01T22:58:37+00:00,2026-09-01T23:00:45+00:00,128.7,
194a2e847ef540b4a9bfe70b14ae61cd,pp_is_PP0401_20260901230040_5338d3,PP0401,F12_early_only_be,G2,IS,BT1,OK,IS_REJECT,PROFIT_DAMAGED,"IS net=411243 (-1.59%), PF=2.2315 (-1.01%), DD=3.8261% (+0.0319pt), trades=301 (+0.00%)",0,411243.0,2.2315,3.8261,301,0.984113,0.98993,0.0319,1.0,"{""PprotArmAfterBars"": 0, ""PprotArmBeforeBars"": 8, ""PprotArmHourEnd"": -1, ""PprotArmHourStart"": -1, ""PprotArmMaxATRRatio"": 0.0, ""PprotArmMinATRRatio"": 0.0, ""PprotArmPeakATR"": 1.0, ""PprotArmPeakR"": 0.0, ""PprotBELockATR"": 0.0, ""PprotBELockR"": -9.0, ""PprotFridayHour"": -1, ""PprotFridayMinATR"": 0.0, ""PprotGivebackATR"": 0.0, ""PprotGivebackFrac"": 0.0, ""PprotMode"": 12, ""PprotPartialLots"": 0.0, ""PprotSleeveMask"": 2, ""PprotTPExtendATR"": 0.0, ""PprotTightenBars"": 0, ""PprotTightenSLATR"": 0.0, ""PprotTrailATR"": 0.0, ""PprotTrailPeakATR"": 0.0}",ml\pprot1\configs\pp_is_PP0401_20260901230040_5338d3.yaml,pp_is_PP0401_20260901230040_5338d3_deals.csv,2026-09-01T23:00:40+00:00,2026-09-01T23:02:58+00:00,138.622,
bfddf75a725848b5a471f2e7b18a048a,pp_is_PP0402_20260901230046_8af7ba,PP0402,F12_early_only_be,G2,IS,PROD,OK,IS_REJECT,PROFIT_DAMAGED,"IS net=403537 (-3.43%), PF=2.2089 (-2.01%), DD=3.8621% (+0.0679pt), trades=301 (+0.00%)",0,403537.0,2.2089,3.8621,301,0.965672,0.979904,0.0679,1.0,"{""PprotArmAfterBars"": 0, ""PprotArmBeforeBars"": 16, ""PprotArmHourEnd"": -1, ""PprotArmHourStart"": -1, ""PprotArmMaxATRRatio"": 0.0, ""PprotArmMinATRRatio"": 0.0, ""PprotArmPeakATR"": 0.5, ""PprotArmPeakR"": 0.0, ""PprotBELockATR"": 0.0, ""PprotBELockR"": -9.0, ""PprotFridayHour"": -1, ""PprotFridayMinATR"": 0.0, ""PprotGivebackATR"": 0.0, ""PprotGivebackFrac"": 0.0, ""PprotMode"": 12, ""PprotPartialLots"": 0.0, ""PprotSleeveMask"": 2, ""PprotTPExtendATR"": 0.0, ""PprotTightenBars"": 0, ""PprotTightenSLATR"": 0.0, ""PprotTrailATR"": 0.0, ""PprotTrailPeakATR"": 0.0}",ml\pprot1\configs\pp_is_PP0402_20260901230046_8af7ba.yaml,pp_is_PP0402_20260901230046_8af7ba_deals.csv,2026-09-01T23:00:46+00:00,2026-09-01T23:03:04+00:00,138.756,
f509cec4acbd4a21afe8fdd9d1808a11,pp_is_PP0403_20260901230258_18784b,PP0403,F12_early_only_be,G2,IS,BT1,OK,IS_REJECT,PROFIT_DAMAGED,"IS net=411243 (-1.59%), PF=2.2315 (-1.01%), DD=3.8261% (+0.0319pt), trades=301 (+0.00%)",0,411243.0,2.2315,3.8261,301,0.984113,0.98993,0.0319,1.0,"{""PprotArmAfterBars"": 0, ""PprotArmBeforeBars"": 16, ""PprotArmHourEnd"": -1, ""PprotArmHourStart"": -1, ""PprotArmMaxATRRatio"": 0.0, ""PprotArmMinATRRatio"": 0.0, ""PprotArmPeakATR"": 1.0, ""PprotArmPeakR"": 0.0, ""PprotBELockATR"": 0.0, ""PprotBELockR"": -9.0, ""PprotFridayHour"": -1, ""PprotFridayMinATR"": 0.0, ""PprotGivebackATR"": 0.0, ""PprotGivebackFrac"": 0.0, ""PprotMode"": 12, ""PprotPartialLots"": 0.0, ""PprotSleeveMask"": 2, ""PprotTPExtendATR"": 0.0, ""PprotTightenBars"": 0, ""PprotTightenSLATR"": 0.0, ""PprotTrailATR"": 0.0, ""PprotTrailPeakATR"": 0.0}",ml\pprot1\configs\pp_is_PP0403_20260901230258_18784b.yaml,pp_is_PP0403_20260901230258_18784b_deals.csv,2026-09-01T23:02:58+00:00,2026-09-01T23:05:17+00:00,138.543,
80a33d66ec9e4f27a51bccd81240aa84,pp_is_PP0404_20260901230305_98c143,PP0404,F12_early_only_be,G2,IS,PROD,OK,IS_REJECT,PROFIT_DAMAGED,"IS net=408746 (-2.19%), PF=2.2439 (-0.46%), DD=3.8377% (+0.0435pt), trades=301 (+0.00%)",0,408746.0,2.2439,3.8377,301,0.978137,0.995431,0.0435,1.0,"{""PprotArmAfterBars"": 0, ""PprotArmBeforeBars"": 24, ""PprotArmHourEnd"": -1, ""PprotArmHourStart"": -1, ""PprotArmMaxATRRatio"": 0.0, ""PprotArmMinATRRatio"": 0.0, ""PprotArmPeakATR"": 0.5, ""PprotArmPeakR"": 0.0, ""PprotBELockATR"": 0.0, ""PprotBELockR"": -9.0, ""PprotFridayHour"": -1, ""PprotFridayMinATR"": 0.0, ""PprotGivebackATR"": 0.0, ""PprotGivebackFrac"": 0.0, ""PprotMode"": 12, ""PprotPartialLots"": 0.0, ""PprotSleeveMask"": 2, ""PprotTPExtendATR"": 0.0, ""PprotTightenBars"": 0, ""PprotTightenSLATR"": 0.0, ""PprotTrailATR"": 0.0, ""PprotTrailPeakATR"": 0.0}",ml\pprot1\configs\pp_is_PP0404_20260901230305_98c143.yaml,pp_is_PP0404_20260901230305_98c143_deals.csv,2026-09-01T23:03:05+00:00,2026-09-01T23:05:23+00:00,138.712,
ecfe9580470d404588be9804ea6f7009,pp_is_PP0405_20260901230517_a949e6,PP0405,F12_early_only_be,G2,IS,BT1,OK,IS_REJECT,PROFIT_DAMAGED,"IS net=411243 (-1.59%), PF=2.2315 (-1.01%), DD=3.8261% (+0.0319pt), trades=301 (+0.00%)",0,411243.0,2.2315,3.8261,301,0.984113,0.98993,0.0319,1.0,"{""PprotArmAfterBars"": 0, ""PprotArmBeforeBars"": 24, ""PprotArmHourEnd"": -1, ""PprotArmHourStart"": -1, ""PprotArmMaxATRRatio"": 0.0, ""PprotArmMinATRRatio"": 0.0, ""PprotArmPeakATR"": 1.0, ""PprotArmPeakR"": 0.0, ""PprotBELockATR"": 0.0, ""PprotBELockR"": -9.0, ""PprotFridayHour"": -1, ""PprotFridayMinATR"": 0.0, ""PprotGivebackATR"": 0.0, ""PprotGivebackFrac"": 0.0, ""PprotMode"": 12, ""PprotPartialLots"": 0.0, ""PprotSleeveMask"": 2, ""PprotTPExtendATR"": 0.0, ""PprotTightenBars"": 0, ""PprotTightenSLATR"": 0.0, ""PprotTrailATR"": 0.0, ""PprotTrailPeakATR"": 0.0}",ml\pprot1\configs\pp_is_PP0405_20260901230517_a949e6.yaml,pp_is_PP0405_20260901230517_a949e6_deals.csv,2026-09-01T23:05:17+00:00,2026-09-01T23:07:36+00:00,138.728,
650ab4e81b8149e8a8e9fab0ea66894a,pp_is_PP0406_20260901230524_c34af1,PP0406,F13_partial,G1,IS,PROD,OK,IS_REJECT,PROFIT_DAMAGED,"IS net=411243 (-1.59%), PF=2.2315 (-1.01%), DD=3.8261% (+0.0319pt), trades=301 (+0.00%)",0,411243.0,2.2315,3.8261,301,0.984113,0.98993,0.0319,1.0,"{""PprotArmAfterBars"": 0, ""PprotArmBeforeBars"": 0, ""PprotArmHourEnd"": -1, ""PprotArmHourStart"": -1, ""PprotArmMaxATRRatio"": 0.0, ""PprotArmMinATRRatio"": 0.0, ""PprotArmPeakATR"": 0.5, ""PprotArmPeakR"": 0.0, ""PprotBELockATR"": -9.0, ""PprotBELockR"": -9.0, ""PprotFridayHour"": -1, ""PprotFridayMinATR"": 0.0, ""PprotGivebackATR"": 0.0, ""PprotGivebackFrac"": 0.0, ""PprotMode"": 13, ""PprotPartialLots"": 0.01, ""PprotSleeveMask"": 1, ""PprotTPExtendATR"": 0.0, ""PprotTightenBars"": 0, ""PprotTightenSLATR"": 0.0, ""PprotTrailATR"": 0.0, ""PprotTrailPeakATR"": 0.0}",ml\pprot1\configs\pp_is_PP0406_20260901230524_c34af1.yaml,pp_is_PP0406_20260901230524_c34af1_deals.csv,2026-09-01T23:05:24+00:00,2026-09-01T23:07:47+00:00,143.694,
1417fd859acd4be2b691223f13a29299,pp_is_PP0407_20260901230736_9167ef,PP0407,F13_partial,G1,IS,BT1,OK,IS_REJECT,PROFIT_DAMAGED,"IS net=411243 (-1.59%), PF=2.2315 (-1.01%), DD=3.8261% (+0.0319pt), trades=301 (+0.00%)",0,411243.0,2.2315,3.8261,301,0.984113,0.98993,0.0319,1.0,"{""PprotArmAfterBars"": 0, ""PprotArmBeforeBars"": 0, ""PprotArmHourEnd"": -1, ""PprotArmHourStart"": -1, ""PprotArmMaxATRRatio"": 0.0, ""PprotArmMinATRRatio"": 0.0, ""PprotArmPeakATR"": 0.75, ""PprotArmPeakR"": 0.0, ""PprotBELockATR"": -9.0, ""PprotBELockR"": -9.0, ""PprotFridayHour"": -1, ""PprotFridayMinATR"": 0.0, ""PprotGivebackATR"": 0.0, ""PprotGivebackFrac"": 0.0, ""PprotMode"": 13, ""PprotPartialLots"": 0.01, ""PprotSleeveMask"": 1, ""PprotTPExtendATR"": 0.0, ""PprotTightenBars"": 0, ""PprotTightenSLATR"": 0.0, ""PprotTrailATR"": 0.0, ""PprotTrailPeakATR"": 0.0}",ml\pprot1\configs\pp_is_PP0407_20260901230736_9167ef.yaml,pp_is_PP0407_20260901230736_9167ef_deals.csv,2026-09-01T23:07:36+00:00,2026-09-01T23:09:50+00:00,133.594,
641a3aa5fb7e41b6a72b45e62b9efdc8,pp_is_PP0408_20260901230748_644b7e,PP0408,F13_partial,G1,IS,PROD,OK,IS_REJECT,PROFIT_DAMAGED,"IS net=411243 (-1.59%), PF=2.2315 (-1.01%), DD=3.8261% (+0.0319pt), trades=301 (+0.00%)",0,411243.0,2.2315,3.8261,301,0.984113,0.98993,0.0319,1.0,"{""PprotArmAfterBars"": 0, ""PprotArmBeforeBars"": 0, ""PprotArmHourEnd"": -1, ""PprotArmHourStart"": -1, ""PprotArmMaxATRRatio"": 0.0, ""PprotArmMinATRRatio"": 0.0, ""PprotArmPeakATR"": 1.0, ""PprotArmPeakR"": 0.0, ""PprotBELockATR"": -9.0, ""PprotBELockR"": -9.0, ""PprotFridayHour"": -1, ""PprotFridayMinATR"": 0.0, ""PprotGivebackATR"": 0.0, ""PprotGivebackFrac"": 0.0, ""PprotMode"": 13, ""PprotPartialLots"": 0.01, ""PprotSleeveMask"": 1, ""PprotTPExtendATR"": 0.0, ""PprotTightenBars"": 0, ""PprotTightenSLATR"": 0.0, ""PprotTrailATR"": 0.0, ""PprotTrailPeakATR"": 0.0}",ml\pprot1\configs\pp_is_PP0408_20260901230748_644b7e.yaml,pp_is_PP0408_20260901230748_644b7e_deals.csv,2026-09-01T23:07:48+00:00,2026-09-01T23:10:01+00:00,133.711,
401ebaaf5fe248299111472175b63c62,pp_is_PP0409_20260901230950_5db152,PP0409,F13_partial,G1,IS,BT1,OK,IS_REJECT,PROFIT_DAMAGED,"IS net=411243 (-1.59%), PF=2.2315 (-1.01%), DD=3.8261% (+0.0319pt), trades=301 (+0.00%)",0,411243.0,2.2315,3.8261,301,0.984113,0.98993,0.0319,1.0,"{""PprotArmAfterBars"": 0, ""PprotArmBeforeBars"": 0, ""PprotArmHourEnd"": -1, ""PprotArmHourStart"": -1, ""PprotArmMaxATRRatio"": 0.0, ""PprotArmMinATRRatio"": 0.0, ""PprotArmPeakATR"": 1.5, ""PprotArmPeakR"": 0.0, ""PprotBELockATR"": -9.0, ""PprotBELockR"": -9.0, ""PprotFridayHour"": -1, ""PprotFridayMinATR"": 0.0, ""PprotGivebackATR"": 0.0, ""PprotGivebackFrac"": 0.0, ""PprotMode"": 13, ""PprotPartialLots"": 0.01, ""PprotSleeveMask"": 1, ""PprotTPExtendATR"": 0.0, ""PprotTightenBars"": 0, ""PprotTightenSLATR"": 0.0, ""PprotTrailATR"": 0.0, ""PprotTrailPeakATR"": 0.0}",ml\pprot1\configs\pp_is_PP0409_20260901230950_5db152.yaml,pp_is_PP0409_20260901230950_5db152_deals.csv,2026-09-01T23:09:50+00:00,2026-09-01T23:12:04+00:00,133.63,
abb73d5694a24b36ad1d02f3926ace40,pp_is_PP0410_20260901231002_38736c,PP0410,F13_partial,G2,IS,PROD,OK,IS_REJECT,PROFIT_DAMAGED,"IS net=403719 (-3.39%), PF=2.2180 (-1.61%), DD=3.8118% (+0.0176pt), trades=314 (+4.32%)",0,403719.0,2.218,3.8118,314,0.966108,0.983941,0.0176,1.043189,"{""PprotArmAfterBars"": 0, ""PprotArmBeforeBars"": 0, ""PprotArmHourEnd"": -1, ""PprotArmHourStart"": -1, ""PprotArmMaxATRRatio"": 0.0, ""PprotArmMinATRRatio"": 0.0, ""PprotArmPeakATR"": 0.5, ""PprotArmPeakR"": 0.0, ""PprotBELockATR"": -9.0, ""PprotBELockR"": -9.0, ""PprotFridayHour"": -1, ""PprotFridayMinATR"": 0.0, ""PprotGivebackATR"": 0.0, ""PprotGivebackFrac"": 0.0, ""PprotMode"": 13, ""PprotPartialLots"": 0.01, ""PprotSleeveMask"": 2, ""PprotTPExtendATR"": 0.0, ""PprotTightenBars"": 0, ""PprotTightenSLATR"": 0.0, ""PprotTrailATR"": 0.0, ""PprotTrailPeakATR"": 0.0}",ml\pprot1\configs\pp_is_PP0410_20260901231002_38736c.yaml,pp_is_PP0410_20260901231002_38736c_deals.csv,2026-09-01T23:10:02+00:00,2026-09-01T23:12:20+00:00,138.702,
c028a5f239f444aa8a96ce09e0dbcf0d,pp_is_PP0411_20260901231204_1de224,PP0411,F13_partial,G2,IS,BT1,OK,IS_REJECT,PROFIT_DAMAGED,"IS net=405108 (-3.06%), PF=2.2132 (-1.82%), DD=3.8315% (+0.0373pt), trades=304 (+1.00%)",0,405108.0,2.2132,3.8315,304,0.969432,0.981812,0.0373,1.009967,"{""PprotArmAfterBars"": 0, ""PprotArmBeforeBars"": 0, ""PprotArmHourEnd"": -1, ""PprotArmHourStart"": -1, ""PprotArmMaxATRRatio"": 0.0, ""PprotArmMinATRRatio"": 0.0, ""PprotArmPeakATR"": 0.75, ""PprotArmPeakR"": 0.0, ""PprotBELockATR"": -9.0, ""PprotBELockR"": -9.0, ""PprotFridayHour"": -1, ""PprotFridayMinATR"": 0.0, ""PprotGivebackATR"": 0.0, ""PprotGivebackFrac"": 0.0, ""PprotMode"": 13, ""PprotPartialLots"": 0.01, ""PprotSleeveMask"": 2, ""PprotTPExtendATR"": 0.0, ""PprotTightenBars"": 0, ""PprotTightenSLATR"": 0.0, ""PprotTrailATR"": 0.0, ""PprotTrailPeakATR"": 0.0}",ml\pprot1\configs\pp_is_PP0411_20260901231204_1de224.yaml,pp_is_PP0411_20260901231204_1de224_deals.csv,2026-09-01T23:12:04+00:00,2026-09-01T23:14:18+00:00,133.563,
1b4bdb39f2a14bae9e3b1e0ebd11834d,pp_is_PP0412_20260901231221_b3eec3,PP0412,F13_partial,G2,IS,PROD,OK,IS_REJECT,PROFIT_DAMAGED,"IS net=411243 (-1.59%), PF=2.2315 (-1.01%), DD=3.8261% (+0.0319pt), trades=301 (+0.00%)",0,411243.0,2.2315,3.8261,301,0.984113,0.98993,0.0319,1.0,"{""PprotArmAfterBars"": 0, ""PprotArmBeforeBars"": 0, ""PprotArmHourEnd"": -1, ""PprotArmHourStart"": -1, ""PprotArmMaxATRRatio"": 0.0, ""PprotArmMinATRRatio"": 0.0, ""PprotArmPeakATR"": 1.0, ""PprotArmPeakR"": 0.0, ""PprotBELockATR"": -9.0, ""PprotBELockR"": -9.0, ""PprotFridayHour"": -1, ""PprotFridayMinATR"": 0.0, ""PprotGivebackATR"": 0.0, ""PprotGivebackFrac"": 0.0, ""PprotMode"": 13, ""PprotPartialLots"": 0.01, ""PprotSleeveMask"": 2, ""PprotTPExtendATR"": 0.0, ""PprotTightenBars"": 0, ""PprotTightenSLATR"": 0.0, ""PprotTrailATR"": 0.0, ""PprotTrailPeakATR"": 0.0}",ml\pprot1\configs\pp_is_PP0412_20260901231221_b3eec3.yaml,pp_is_PP0412_20260901231221_b3eec3_deals.csv,2026-09-01T23:12:21+00:00,2026-09-01T23:14:34+00:00,133.689,
780a7032e24445919074aa73dd74f735,pp_is_PP0413_20260901231418_ceb246,PP0413,F13_partial,G2,IS,BT1,OK,IS_REJECT,PROFIT_DAMAGED,"IS net=411243 (-1.59%), PF=2.2315 (-1.01%), DD=3.8261% (+0.0319pt), trades=301 (+0.00%)",0,411243.0,2.2315,3.8261,301,0.984113,0.98993,0.0319,1.0,"{""PprotArmAfterBars"": 0, ""PprotArmBeforeBars"": 0, ""PprotArmHourEnd"": -1, ""PprotArmHourStart"": -1, ""PprotArmMaxATRRatio"": 0.0, ""PprotArmMinATRRatio"": 0.0, ""PprotArmPeakATR"": 1.5, ""PprotArmPeakR"": 0.0, ""PprotBELockATR"": -9.0, ""PprotBELockR"": -9.0, ""PprotFridayHour"": -1, ""PprotFridayMinATR"": 0.0, ""PprotGivebackATR"": 0.0, ""PprotGivebackFrac"": 0.0, ""PprotMode"": 13, ""PprotPartialLots"": 0.01, ""PprotSleeveMask"": 2, ""PprotTPExtendATR"": 0.0, ""PprotTightenBars"": 0, ""PprotTightenSLATR"": 0.0, ""PprotTrailATR"": 0.0, ""PprotTrailPeakATR"": 0.0}",ml\pprot1\configs\pp_is_PP0413_20260901231418_ceb246.yaml,pp_is_PP0413_20260901231418_ceb246_deals.csv,2026-09-01T23:14:18+00:00,2026-09-01T23:16:32+00:00,133.605,
741e90a76d7942c4aee83ea7d3c817ee,pp_is_PP0414_20260901231435_6b92bf,PP0414,F13_partial,G3,IS,PROD,OK,IS_REJECT,PROFIT_DAMAGED,"IS net=403719 (-3.39%), PF=2.2180 (-1.61%), DD=3.8118% (+0.0176pt), trades=314 (+4.32%)",0,403719.0,2.218,3.8118,314,0.966108,0.983941,0.0176,1.043189,"{""PprotArmAfterBars"": 0, ""PprotArmBeforeBars"": 0, ""PprotArmHourEnd"": -1, ""PprotArmHourStart"": -1, ""PprotArmMaxATRRatio"": 0.0, ""PprotArmMinATRRatio"": 0.0, ""PprotArmPeakATR"": 0.5, ""PprotArmPeakR"": 0.0, ""PprotBELockATR"": -9.0, ""PprotBELockR"": -9.0, ""PprotFridayHour"": -1, ""PprotFridayMinATR"": 0.0, ""PprotGivebackATR"": 0.0, ""PprotGivebackFrac"": 0.0, ""PprotMode"": 13, ""PprotPartialLots"": 0.01, ""PprotSleeveMask"": 3, ""PprotTPExtendATR"": 0.0, ""PprotTightenBars"": 0, ""PprotTightenSLATR"": 0.0, ""PprotTrailATR"": 0.0, ""PprotTrailPeakATR"": 0.0}",ml\pprot1\configs\pp_is_PP0414_20260901231435_6b92bf.yaml,pp_is_PP0414_20260901231435_6b92bf_deals.csv,2026-09-01T23:14:35+00:00,2026-09-01T23:16:59+00:00,143.846,
91718d24ceef47e8ae21803077d7f7d8,pp_is_PP0415_20260901231632_2bf2b4,PP0415,F13_partial,G3,IS,BT1,OK,IS_REJECT,PROFIT_DAMAGED,"IS net=405108 (-3.06%), PF=2.2132 (-1.82%), DD=3.8315% (+0.0373pt), trades=304 (+1.00%)",0,405108.0,2.2132,3.8315,304,0.969432,0.981812,0.0373,1.009967,"{""PprotArmAfterBars"": 0, ""PprotArmBeforeBars"": 0, ""PprotArmHourEnd"": -1, ""PprotArmHourStart"": -1, ""PprotArmMaxATRRatio"": 0.0, ""PprotArmMinATRRatio"": 0.0, ""PprotArmPeakATR"": 0.75, ""PprotArmPeakR"": 0.0, ""PprotBELockATR"": -9.0, ""PprotBELockR"": -9.0, ""PprotFridayHour"": -1, ""PprotFridayMinATR"": 0.0, ""PprotGivebackATR"": 0.0, ""PprotGivebackFrac"": 0.0, ""PprotMode"": 13, ""PprotPartialLots"": 0.01, ""PprotSleeveMask"": 3, ""PprotTPExtendATR"": 0.0, ""PprotTightenBars"": 0, ""PprotTightenSLATR"": 0.0, ""PprotTrailATR"": 0.0, ""PprotTrailPeakATR"": 0.0}",ml\pprot1\configs\pp_is_PP0415_20260901231632_2bf2b4.yaml,pp_is_PP0415_20260901231632_2bf2b4_deals.csv,2026-09-01T23:16:32+00:00,2026-09-01T23:19:06+00:00,153.67,
2d6b5b9c1fa14fb1b9d6481818a5b661,pp_is_PP0416_20260901231659_54763a,PP0416,F13_partial,G3,IS,PROD,OK,IS_REJECT,PROFIT_DAMAGED,"IS net=411243 (-1.59%), PF=2.2315 (-1.01%), DD=3.8261% (+0.0319pt), trades=301 (+0.00%)",0,411243.0,2.2315,3.8261,301,0.984113,0.98993,0.0319,1.0,"{""PprotArmAfterBars"": 0, ""PprotArmBeforeBars"": 0, ""PprotArmHourEnd"": -1, ""PprotArmHourStart"": -1, ""PprotArmMaxATRRatio"": 0.0, ""PprotArmMinATRRatio"": 0.0, ""PprotArmPeakATR"": 1.0, ""PprotArmPeakR"": 0.0, ""PprotBELockATR"": -9.0, ""PprotBELockR"": -9.0, ""PprotFridayHour"": -1, ""PprotFridayMinATR"": 0.0, ""PprotGivebackATR"": 0.0, ""PprotGivebackFrac"": 0.0, ""PprotMode"": 13, ""PprotPartialLots"": 0.01, ""PprotSleeveMask"": 3, ""PprotTPExtendATR"": 0.0, ""PprotTightenBars"": 0, ""PprotTightenSLATR"": 0.0, ""PprotTrailATR"": 0.0, ""PprotTrailPeakATR"": 0.0}",ml\pprot1\configs\pp_is_PP0416_20260901231659_54763a.yaml,pp_is_PP0416_20260901231659_54763a_deals.csv,2026-09-01T23:16:59+00:00,2026-09-01T23:19:28+00:00,148.795,
7633cafa5b6f463fb63547a201125591,pp_is_PP0417_20260901231906_1369a9,PP0417,F13_partial,G3,IS,BT1,OK,IS_REJECT,PROFIT_DAMAGED,"IS net=411243 (-1.59%), PF=2.2315 (-1.01%), DD=3.8261% (+0.0319pt), trades=301 (+0.00%)",0,411243.0,2.2315,3.8261,301,0.984113,0.98993,0.0319,1.0,"{""PprotArmAfterBars"": 0, ""PprotArmBeforeBars"": 0, ""PprotArmHourEnd"": -1, ""PprotArmHourStart"": -1, ""PprotArmMaxATRRatio"": 0.0, ""PprotArmMinATRRatio"": 0.0, ""PprotArmPeakATR"": 1.5, ""PprotArmPeakR"": 0.0, ""PprotBELockATR"": -9.0, ""PprotBELockR"": -9.0, ""PprotFridayHour"": -1, ""PprotFridayMinATR"": 0.0, ""PprotGivebackATR"": 0.0, ""PprotGivebackFrac"": 0.0, ""PprotMode"": 13, ""PprotPartialLots"": 0.01, ""PprotSleeveMask"": 3, ""PprotTPExtendATR"": 0.0, ""PprotTightenBars"": 0, ""PprotTightenSLATR"": 0.0, ""PprotTrailATR"": 0.0, ""PprotTrailPeakATR"": 0.0}",ml\pprot1\configs\pp_is_PP0417_20260901231906_1369a9.yaml,pp_is_PP0417_20260901231906_1369a9_deals.csv,2026-09-01T23:19:06+00:00,2026-09-01T23:21:29+00:00,143.535,
a332bfd40c5241cb989938719aa8ffab,pp_is_PP0418_20260901231928_fecd89,PP0418,F14_tp_extend,G1,IS,PROD,OK,IS_REJECT,PROFIT_DAMAGED,"IS net=380113 (-9.04%), PF=2.1162 (-6.12%), DD=3.8969% (+0.1027pt), trades=297 (-1.33%)",0,380113.0,2.1162,3.8969,297,0.909618,0.938781,0.1027,0.986711,"{""PprotArmAfterBars"": 0, ""PprotArmBeforeBars"": 0, ""PprotArmHourEnd"": -1, ""PprotArmHourStart"": -1, ""PprotArmMaxATRRatio"": 0.0, ""PprotArmMinATRRatio"": 0.0, ""PprotArmPeakATR"": 0.5, ""PprotArmPeakR"": 0.0, ""PprotBELockATR"": -9.0, ""PprotBELockR"": -9.0, ""PprotFridayHour"": -1, ""PprotFridayMinATR"": 0.0, ""PprotGivebackATR"": 0.0, ""PprotGivebackFrac"": 0.0, ""PprotMode"": 14, ""PprotPartialLots"": 0.0, ""PprotSleeveMask"": 1, ""PprotTPExtendATR"": 0.5, ""PprotTightenBars"": 0, ""PprotTightenSLATR"": 0.0, ""PprotTrailATR"": 0.0, ""PprotTrailPeakATR"": 0.0}",ml\pprot1\configs\pp_is_PP0418_20260901231928_fecd89.yaml,pp_is_PP0418_20260901231928_fecd89_deals.csv,2026-09-01T23:19:28+00:00,2026-09-01T23:21:47+00:00,138.727,
cf3a951b22114db9beb90dc618f705b2,pp_is_PP0419_20260901232130_9f54bd,PP0419,F14_tp_extend,G1,IS,BT1,OK,IS_REJECT,PROFIT_DAMAGED,"IS net=377964 (-9.55%), PF=2.1099 (-6.40%), DD=3.9073% (+0.1131pt), trades=297 (-1.33%)",0,377964.0,2.1099,3.9073,297,0.904475,0.935986,0.1131,0.986711,"{""PprotArmAfterBars"": 0, ""PprotArmBeforeBars"": 0, ""PprotArmHourEnd"": -1, ""PprotArmHourStart"": -1, ""PprotArmMaxATRRatio"": 0.0, ""PprotArmMinATRRatio"": 0.0, ""PprotArmPeakATR"": 1.0, ""PprotArmPeakR"": 0.0, ""PprotBELockATR"": -9.0, ""PprotBELockR"": -9.0, ""PprotFridayHour"": -1, ""PprotFridayMinATR"": 0.0, ""PprotGivebackATR"": 0.0, ""PprotGivebackFrac"": 0.0, ""PprotMode"": 14, ""PprotPartialLots"": 0.0, ""PprotSleeveMask"": 1, ""PprotTPExtendATR"": 0.5, ""PprotTightenBars"": 0, ""PprotTightenSLATR"": 0.0, ""PprotTrailATR"": 0.0, ""PprotTrailPeakATR"": 0.0}",ml\pprot1\configs\pp_is_PP0419_20260901232130_9f54bd.yaml,pp_is_PP0419_20260901232130_9f54bd_deals.csv,2026-09-01T23:21:30+00:00,2026-09-01T23:23:48+00:00,138.588,
7da3f2a6b85d44bca70e00a5d65eaa41,pp_is_PP0420_20260901232147_8daa0b,PP0420,F14_tp_extend,G1,IS,PROD,OK,IS_REJECT,PROFIT_DAMAGED,"IS net=387970 (-7.16%), PF=2.1681 (-3.82%), DD=3.8595% (+0.0653pt), trades=295 (-1.99%)",0,387970.0,2.1681,3.8595,295,0.92842,0.961805,0.0653,0.980066,"{""PprotArmAfterBars"": 0, ""PprotArmBeforeBars"": 0, ""PprotArmHourEnd"": -1, ""PprotArmHourStart"": -1, ""PprotArmMaxATRRatio"": 0.0, ""PprotArmMinATRRatio"": 0.0, ""PprotArmPeakATR"": 0.5, ""PprotArmPeakR"": 0.0, ""PprotBELockATR"": -9.0, ""PprotBELockR"": -9.0, ""PprotFridayHour"": -1, ""PprotFridayMinATR"": 0.0, ""PprotGivebackATR"": 0.0, ""PprotGivebackFrac"": 0.0, ""PprotMode"": 14, ""PprotPartialLots"": 0.0, ""PprotSleeveMask"": 1, ""PprotTPExtendATR"": 1.0, ""PprotTightenBars"": 0, ""PprotTightenSLATR"": 0.0, ""PprotTrailATR"": 0.0, ""PprotTrailPeakATR"": 0.0}",ml\pprot1\configs\pp_is_PP0420_20260901232147_8daa0b.yaml,pp_is_PP0420_20260901232147_8daa0b_deals.csv,2026-09-01T23:21:47+00:00,2026-09-01T23:24:06+00:00,138.73,
8f2f8ab34fcc403a85eee0f5d9b0629a,pp_is_PP0421_20260901232349_33dd59,PP0421,F14_tp_extend,G1,IS,BT1,OK,IS_REJECT,PROFIT_DAMAGED,"IS net=385628 (-7.72%), PF=2.1610 (-4.13%), DD=3.8706% (+0.0764pt), trades=295 (-1.99%)",0,385628.0,2.161,3.8706,295,0.922816,0.958655,0.0764,0.980066,"{""PprotArmAfterBars"": 0, ""PprotArmBeforeBars"": 0, ""PprotArmHourEnd"": -1, ""PprotArmHourStart"": -1, ""PprotArmMaxATRRatio"": 0.0, ""PprotArmMinATRRatio"": 0.0, ""PprotArmPeakATR"": 1.0, ""PprotArmPeakR"": 0.0, ""PprotBELockATR"": -9.0, ""PprotBELockR"": -9.0, ""PprotFridayHour"": -1, ""PprotFridayMinATR"": 0.0, ""PprotGivebackATR"": 0.0, ""PprotGivebackFrac"": 0.0, ""PprotMode"": 14, ""PprotPartialLots"": 0.0, ""PprotSleeveMask"": 1, ""PprotTPExtendATR"": 1.0, ""PprotTightenBars"": 0, ""PprotTightenSLATR"": 0.0, ""PprotTrailATR"": 0.0, ""PprotTrailPeakATR"": 0.0}",ml\pprot1\configs\pp_is_PP0421_20260901232349_33dd59.yaml,pp_is_PP0421_20260901232349_33dd59_deals.csv,2026-09-01T23:23:49+00:00,2026-09-01T23:26:02+00:00,133.711,
9a1ad4b997354d558bc9ca7e4599418e,pp_is_PP0422_20260901232406_c96e74,PP0422,F14_tp_extend,G1,IS,PROD,OK,IS_REJECT,PROFIT_DAMAGED,"IS net=400491 (-4.16%), PF=2.1822 (-3.19%), DD=5.1567% (+1.3625pt), trades=294 (-2.33%)",0,400491.0,2.1822,5.1567,294,0.958383,0.96806,1.3625,0.976744,"{""PprotArmAfterBars"": 0, ""PprotArmBeforeBars"": 0, ""PprotArmHourEnd"": -1, ""PprotArmHourStart"": -1, ""PprotArmMaxATRRatio"": 0.0, ""PprotArmMinATRRatio"": 0.0, ""PprotArmPeakATR"": 0.5, ""PprotArmPeakR"": 0.0, ""PprotBELockATR"": -9.0, ""PprotBELockR"": -9.0, ""PprotFridayHour"": -1, ""PprotFridayMinATR"": 0.0, ""PprotGivebackATR"": 0.0, ""PprotGivebackFrac"": 0.0, ""PprotMode"": 14, ""PprotPartialLots"": 0.0, ""PprotSleeveMask"": 1, ""PprotTPExtendATR"": 1.5, ""PprotTightenBars"": 0, ""PprotTightenSLATR"": 0.0, ""PprotTrailATR"": 0.0, ""PprotTrailPeakATR"": 0.0}",ml\pprot1\configs\pp_is_PP0422_20260901232406_c96e74.yaml,pp_is_PP0422_20260901232406_c96e74_deals.csv,2026-09-01T23:24:06+00:00,2026-09-01T23:26:20+00:00,133.723,
a0a182391de147eb89b8c667b4ffb35e,pp_is_PP0423_20260901232603_0adcc0,PP0423,F14_tp_extend,G1,IS,BT1,OK,IS_REJECT,PROFIT_DAMAGED,"IS net=380992 (-8.83%), PF=2.1341 (-5.33%), DD=4.0159% (+0.2217pt), trades=293 (-2.66%)",0,380992.0,2.1341,4.0159,293,0.911721,0.946722,0.2217,0.973422,"{""PprotArmAfterBars"": 0, ""PprotArmBeforeBars"": 0, ""PprotArmHourEnd"": -1, ""PprotArmHourStart"": -1, ""PprotArmMaxATRRatio"": 0.0, ""PprotArmMinATRRatio"": 0.0, ""PprotArmPeakATR"": 1.0, ""PprotArmPeakR"": 0.0, ""PprotBELockATR"": -9.0, ""PprotBELockR"": -9.0, ""PprotFridayHour"": -1, ""PprotFridayMinATR"": 0.0, ""PprotGivebackATR"": 0.0, ""PprotGivebackFrac"": 0.0, ""PprotMode"": 14, ""PprotPartialLots"": 0.0, ""PprotSleeveMask"": 1, ""PprotTPExtendATR"": 1.5, ""PprotTightenBars"": 0, ""PprotTightenSLATR"": 0.0, ""PprotTrailATR"": 0.0, ""PprotTrailPeakATR"": 0.0}",ml\pprot1\configs\pp_is_PP0423_20260901232603_0adcc0.yaml,pp_is_PP0423_20260901232603_0adcc0_deals.csv,2026-09-01T23:26:03+00:00,2026-09-01T23:28:16+00:00,133.565,
5b2ef644929c4b378b02bdc7daa95da1,pp_is_PP0424_20260901232620_e860ea,PP0424,F14_tp_extend,G1,IS,PROD,OK,IS_REJECT,PROFIT_DAMAGED,"IS net=345812 (-17.25%), PF=1.9600 (-13.05%), DD=4.9480% (+1.1538pt), trades=293 (-2.66%)",0,345812.0,1.96,4.948,293,0.827535,0.869488,1.1538,0.973422,"{""PprotArmAfterBars"": 0, ""PprotArmBeforeBars"": 0, ""PprotArmHourEnd"": -1, ""PprotArmHourStart"": -1, ""PprotArmMaxATRRatio"": 0.0, ""PprotArmMinATRRatio"": 0.0, ""PprotArmPeakATR"": 0.5, ""PprotArmPeakR"": 0.0, ""PprotBELockATR"": -9.0, ""PprotBELockR"": -9.0, ""PprotFridayHour"": -1, ""PprotFridayMinATR"": 0.0, ""PprotGivebackATR"": 0.0, ""PprotGivebackFrac"": 0.0, ""PprotMode"": 14, ""PprotPartialLots"": 0.0, ""PprotSleeveMask"": 1, ""PprotTPExtendATR"": 2.0, ""PprotTightenBars"": 0, ""PprotTightenSLATR"": 0.0, ""PprotTrailATR"": 0.0, ""PprotTrailPeakATR"": 0.0}",ml\pprot1\configs\pp_is_PP0424_20260901232620_e860ea.yaml,pp_is_PP0424_20260901232620_e860ea_deals.csv,2026-09-01T23:26:20+00:00,2026-09-01T23:28:39+00:00,138.744,
f10a455459f44e0196d8f6d5ce096d9b,pp_is_PP0425_20260901232816_41c2f2,PP0425,F14_tp_extend,G1,IS,BT1,OK,IS_REJECT,PROFIT_DAMAGED,"IS net=344230 (-17.63%), PF=1.9556 (-13.25%), DD=4.9757% (+1.1815pt), trades=293 (-2.66%)",0,344230.0,1.9556,4.9757,293,0.823749,0.867536,1.1815,0.973422,"{""PprotArmAfterBars"": 0, ""PprotArmBeforeBars"": 0, ""PprotArmHourEnd"": -1, ""PprotArmHourStart"": -1, ""PprotArmMaxATRRatio"": 0.0, ""PprotArmMinATRRatio"": 0.0, ""PprotArmPeakATR"": 1.0, ""PprotArmPeakR"": 0.0, ""PprotBELockATR"": -9.0, ""PprotBELockR"": -9.0, ""PprotFridayHour"": -1, ""PprotFridayMinATR"": 0.0, ""PprotGivebackATR"": 0.0, ""PprotGivebackFrac"": 0.0, ""PprotMode"": 14, ""PprotPartialLots"": 0.0, ""PprotSleeveMask"": 1, ""PprotTPExtendATR"": 2.0, ""PprotTightenBars"": 0, ""PprotTightenSLATR"": 0.0, ""PprotTrailATR"": 0.0, ""PprotTrailPeakATR"": 0.0}",ml\pprot1\configs\pp_is_PP0425_20260901232816_41c2f2.yaml,pp_is_PP0425_20260901232816_41c2f2_deals.csv,2026-09-01T23:28:16+00:00,2026-09-01T23:30:30+00:00,133.55,
6f5488f37f5a4a279eb15f275fc3f25b,pp_is_PP0426_20260901232839_94c731,PP0426,F14_tp_extend,G2,IS,PROD,OK,IS_SURVIVOR_PROFIT,PROFIT_UP_DD_OK,"IS net=430773 (+3.08%), PF=2.2900 (+1.59%), DD=3.7873% (-0.0069pt), trades=301 (+0.00%)",0,430773.0,2.29,3.7873,301,1.030848,1.015881,-0.0069,1.0,"{""PprotArmAfterBars"": 0, ""PprotArmBeforeBars"": 0, ""PprotArmHourEnd"": -1, ""PprotArmHourStart"": -1, ""PprotArmMaxATRRatio"": 0.0, ""PprotArmMinATRRatio"": 0.0, ""PprotArmPeakATR"": 0.5, ""PprotArmPeakR"": 0.0, ""PprotBELockATR"": -9.0, ""PprotBELockR"": -9.0, ""PprotFridayHour"": -1, ""PprotFridayMinATR"": 0.0, ""PprotGivebackATR"": 0.0, ""PprotGivebackFrac"": 0.0, ""PprotMode"": 14, ""PprotPartialLots"": 0.0, ""PprotSleeveMask"": 2, ""PprotTPExtendATR"": 0.5, ""PprotTightenBars"": 0, ""PprotTightenSLATR"": 0.0, ""PprotTrailATR"": 0.0, ""PprotTrailPeakATR"": 0.0}",ml\pprot1\configs\pp_is_PP0426_20260901232839_94c731.yaml,pp_is_PP0426_20260901232839_94c731_deals.csv,2026-09-01T23:28:39+00:00,2026-09-01T23:30:53+00:00,133.731,
6421452abf03495c93f5b6cbe65886cb,pp_is_PP0427_20260901233030_e5d175,PP0427,F14_tp_extend,G2,IS,BT1,OK,IS_REJECT,PROFIT_DAMAGED,"IS net=409421 (-2.02%), PF=2.2261 (-1.25%), DD=3.7816% (-0.0126pt), trades=301 (+0.00%)",0,409421.0,2.2261,3.7816,301,0.979753,0.987534,-0.0126,1.0,"{""PprotArmAfterBars"": 0, ""PprotArmBeforeBars"": 0, ""PprotArmHourEnd"": -1, ""PprotArmHourStart"": -1, ""PprotArmMaxATRRatio"": 0.0, ""PprotArmMinATRRatio"": 0.0, ""PprotArmPeakATR"": 1.0, ""PprotArmPeakR"": 0.0, ""PprotBELockATR"": -9.0, ""PprotBELockR"": -9.0, ""PprotFridayHour"": -1, ""PprotFridayMinATR"": 0.0, ""PprotGivebackATR"": 0.0, ""PprotGivebackFrac"": 0.0, ""PprotMode"": 14, ""PprotPartialLots"": 0.0, ""PprotSleeveMask"": 2, ""PprotTPExtendATR"": 0.5, ""PprotTightenBars"": 0, ""PprotTightenSLATR"": 0.0, ""PprotTrailATR"": 0.0, ""PprotTrailPeakATR"": 0.0}",ml\pprot1\configs\pp_is_PP0427_20260901233030_e5d175.yaml,pp_is_PP0427_20260901233030_e5d175_deals.csv,2026-09-01T23:30:30+00:00,2026-09-01T23:32:49+00:00,138.643,
a8441b5fad454e638a24113fff851e4a,pp_is_PP0428_20260901233249_f2fc14,PP0428,F14_tp_extend,G2,IS,BT1,OK,IS_SURVIVOR_PROFIT,PROFIT_UP_DD_OK,"IS net=454790 (+8.83%), PF=2.3619 (+4.78%), DD=3.7806% (-0.0136pt), trades=301 (+0.00%)",0,454790.0,2.3619,3.7806,301,1.088322,1.047777,-0.0136,1.0,"{""PprotArmAfterBars"": 0, ""PprotArmBeforeBars"": 0, ""PprotArmHourEnd"": -1, ""PprotArmHourStart"": -1, ""PprotArmMaxATRRatio"": 0.0, ""PprotArmMinATRRatio"": 0.0, ""PprotArmPeakATR"": 0.5, ""PprotArmPeakR"": 0.0, ""PprotBELockATR"": -9.0, ""PprotBELockR"": -9.0, ""PprotFridayHour"": -1, ""PprotFridayMinATR"": 0.0, ""PprotGivebackATR"": 0.0, ""PprotGivebackFrac"": 0.0, ""PprotMode"": 14, ""PprotPartialLots"": 0.0, ""PprotSleeveMask"": 2, ""PprotTPExtendATR"": 1.0, ""PprotTightenBars"": 0, ""PprotTightenSLATR"": 0.0, ""PprotTrailATR"": 0.0, ""PprotTrailPeakATR"": 0.0}",ml\pprot1\configs\pp_is_PP0428_20260901233249_f2fc14.yaml,pp_is_PP0428_20260901233249_f2fc14_deals.csv,2026-09-01T23:32:49+00:00,2026-09-01T23:35:18+00:00,148.964,
bbc82dcb4c314a59ab167b041f7d34db,pp_oos_PP0426_20260901233053_623f4d,PP0426,F14_tp_extend,G2,OOS,PROD,OK,ADOPT_CANDIDATE,BOTH_WINDOWS_IMPROVED,"IS net=430773 (+3.08%), PF=2.2900 (+1.59%), DD=3.7873% (-0.0069pt), trades=301 (+0.00%); OOS net=57875 (+22.25%), PF=1.3745 (+5.11%), DD=1.8492% (-0.0184pt), trades=329 (+0.00%)",0,57875.0,1.3745,1.8492,329,1.222539,1.051082,-0.0184,1.0,"{""PprotArmAfterBars"": 0, ""PprotArmBeforeBars"": 0, ""PprotArmHourEnd"": -1, ""PprotArmHourStart"": -1, ""PprotArmMaxATRRatio"": 0.0, ""PprotArmMinATRRatio"": 0.0, ""PprotArmPeakATR"": 0.5, ""PprotArmPeakR"": 0.0, ""PprotBELockATR"": -9.0, ""PprotBELockR"": -9.0, ""PprotFridayHour"": -1, ""PprotFridayMinATR"": 0.0, ""PprotGivebackATR"": 0.0, ""PprotGivebackFrac"": 0.0, ""PprotMode"": 14, ""PprotPartialLots"": 0.0, ""PprotSleeveMask"": 2, ""PprotTPExtendATR"": 0.5, ""PprotTightenBars"": 0, ""PprotTightenSLATR"": 0.0, ""PprotTrailATR"": 0.0, ""PprotTrailPeakATR"": 0.0}",ml\pprot1\configs\pp_oos_PP0426_20260901233053_623f4d.yaml,pp_oos_PP0426_20260901233053_623f4d_deals.csv,2026-09-01T23:30:53+00:00,2026-09-01T23:41:13+00:00,620.244,
c40e286cbcfe45aeba5feec91dd078a6,pp_is_PP0429_20260901234114_047d4d,PP0429,F14_tp_extend,G2,IS,PROD,OK,IS_REJECT,PROFIT_DAMAGED,"IS net=410893 (-1.67%), PF=2.2305 (-1.05%), DD=3.7749% (-0.0193pt), trades=301 (+0.00%)",0,410893.0,2.2305,3.7749,301,0.983275,0.989486,-0.0193,1.0,"{""PprotArmAfterBars"": 0, ""PprotArmBeforeBars"": 0, ""PprotArmHourEnd"": -1, ""PprotArmHourStart"": -1, ""PprotArmMaxATRRatio"": 0.0, ""PprotArmMinATRRatio"": 0.0, ""PprotArmPeakATR"": 1.0, ""PprotArmPeakR"": 0.0, ""PprotBELockATR"": -9.0, ""PprotBELockR"": -9.0, ""PprotFridayHour"": -1, ""PprotFridayMinATR"": 0.0, ""PprotGivebackATR"": 0.0, ""PprotGivebackFrac"": 0.0, ""PprotMode"": 14, ""PprotPartialLots"": 0.0, ""PprotSleeveMask"": 2, ""PprotTPExtendATR"": 1.0, ""PprotTightenBars"": 0, ""PprotTightenSLATR"": 0.0, ""PprotTrailATR"": 0.0, ""PprotTrailPeakATR"": 0.0}",ml\pprot1\configs\pp_is_PP0429_20260901234114_047d4d.yaml,pp_is_PP0429_20260901234114_047d4d_deals.csv,2026-09-01T23:41:14+00:00,2026-09-01T23:43:33+00:00,139.207,
67c06db012fd402493e4321c04640c99,pp_is_PP0430_20260901234333_f791b8,PP0430,F14_tp_extend,G2,IS,PROD,OK,IS_SURVIVOR_PROFIT,PROFIT_UP_DD_OK,"IS net=429216 (+2.71%), PF=2.2854 (+1.38%), DD=3.7806% (-0.0136pt), trades=301 (+0.00%)",0,429216.0,2.2854,3.7806,301,1.027122,1.013841,-0.0136,1.0,"{""PprotArmAfterBars"": 0, ""PprotArmBeforeBars"": 0, ""PprotArmHourEnd"": -1, ""PprotArmHourStart"": -1, ""PprotArmMaxATRRatio"": 0.0, ""PprotArmMinATRRatio"": 0.0, ""PprotArmPeakATR"": 0.5, ""PprotArmPeakR"": 0.0, ""PprotBELockATR"": -9.0, ""PprotBELockR"": -9.0, ""PprotFridayHour"": -1, ""PprotFridayMinATR"": 0.0, ""PprotGivebackATR"": 0.0, ""PprotGivebackFrac"": 0.0, ""PprotMode"": 14, ""PprotPartialLots"": 0.0, ""PprotSleeveMask"": 2, ""PprotTPExtendATR"": 1.5, ""PprotTightenBars"": 0, ""PprotTightenSLATR"": 0.0, ""PprotTrailATR"": 0.0, ""PprotTrailPeakATR"": 0.0}",ml\pprot1\configs\pp_is_PP0430_20260901234333_f791b8.yaml,pp_is_PP0430_20260901234333_f791b8_deals.csv,2026-09-01T23:43:33+00:00,2026-09-01T23:45:57+00:00,144.152,
7088154a4451455098e32e0f2414cc42,pp_oos_PP0428_20260901233519_f23c5b,PP0428,F14_tp_extend,G2,OOS,BT1,OK,ADOPT_CANDIDATE,BOTH_WINDOWS_IMPROVED,"IS net=454790 (+8.83%), PF=2.3619 (+4.78%), DD=3.7806% (-0.0136pt), trades=301 (+0.00%); OOS net=55974 (+18.24%), PF=1.3622 (+4.17%), DD=1.8659% (-0.0017pt), trades=329 (+0.00%)",0,55974.0,1.3622,1.8659,329,1.182383,1.041676,-0.0017,1.0,"{""PprotArmAfterBars"": 0, ""PprotArmBeforeBars"": 0, ""PprotArmHourEnd"": -1, ""PprotArmHourStart"": -1, ""PprotArmMaxATRRatio"": 0.0, ""PprotArmMinATRRatio"": 0.0, ""PprotArmPeakATR"": 0.5, ""PprotArmPeakR"": 0.0, ""PprotBELockATR"": -9.0, ""PprotBELockR"": -9.0, ""PprotFridayHour"": -1, ""PprotFridayMinATR"": 0.0, ""PprotGivebackATR"": 0.0, ""PprotGivebackFrac"": 0.0, ""PprotMode"": 14, ""PprotPartialLots"": 0.0, ""PprotSleeveMask"": 2, ""PprotTPExtendATR"": 1.0, ""PprotTightenBars"": 0, ""PprotTightenSLATR"": 0.0, ""PprotTrailATR"": 0.0, ""PprotTrailPeakATR"": 0.0}",ml\pprot1\configs\pp_oos_PP0428_20260901233519_f23c5b.yaml,pp_oos_PP0428_20260901233519_f23c5b_deals.csv,2026-09-01T23:35:19+00:00,2026-09-01T23:46:08+00:00,649.852,
8ed62b008688461684d6e8f2dde7e317,pp_is_PP0431_20260901234609_7e5475,PP0431,F14_tp_extend,G2,IS,BT1,OK,IS_REJECT,PROFIT_DAMAGED,"IS net=410893 (-1.67%), PF=2.2305 (-1.05%), DD=3.7749% (-0.0193pt), trades=301 (+0.00%)",0,410893.0,2.2305,3.7749,301,0.983275,0.989486,-0.0193,1.0,"{""PprotArmAfterBars"": 0, ""PprotArmBeforeBars"": 0, ""PprotArmHourEnd"": -1, ""PprotArmHourStart"": -1, ""PprotArmMaxATRRatio"": 0.0, ""PprotArmMinATRRatio"": 0.0, ""PprotArmPeakATR"": 1.0, ""PprotArmPeakR"": 0.0, ""PprotBELockATR"": -9.0, ""PprotBELockR"": -9.0, ""PprotFridayHour"": -1, ""PprotFridayMinATR"": 0.0, ""PprotGivebackATR"": 0.0, ""PprotGivebackFrac"": 0.0, ""PprotMode"": 14, ""PprotPartialLots"": 0.0, ""PprotSleeveMask"": 2, ""PprotTPExtendATR"": 1.5, ""PprotTightenBars"": 0, ""PprotTightenSLATR"": 0.0, ""PprotTrailATR"": 0.0, ""PprotTrailPeakATR"": 0.0}",ml\pprot1\configs\pp_is_PP0431_20260901234609_7e5475.yaml,pp_is_PP0431_20260901234609_7e5475_deals.csv,2026-09-01T23:46:09+00:00,2026-09-01T23:48:37+00:00,148.68,
bc3eb5c15bfa4bc6970cae8be247716b,pp_is_PP0432_20260901234838_1dd2c9,PP0432,F14_tp_extend,G2,IS,BT1,OK,IS_SURVIVOR_PROFIT,PROFIT_UP_DD_OK,"IS net=429216 (+2.71%), PF=2.2854 (+1.38%), DD=3.7806% (-0.0136pt), trades=301 (+0.00%)",0,429216.0,2.2854,3.7806,301,1.027122,1.013841,-0.0136,1.0,"{""PprotArmAfterBars"": 0, ""PprotArmBeforeBars"": 0, ""PprotArmHourEnd"": -1, ""PprotArmHourStart"": -1, ""PprotArmMaxATRRatio"": 0.0, ""PprotArmMinATRRatio"": 0.0, ""PprotArmPeakATR"": 0.5, ""PprotArmPeakR"": 0.0, ""PprotBELockATR"": -9.0, ""PprotBELockR"": -9.0, ""PprotFridayHour"": -1, ""PprotFridayMinATR"": 0.0, ""PprotGivebackATR"": 0.0, ""PprotGivebackFrac"": 0.0, ""PprotMode"": 14, ""PprotPartialLots"": 0.0, ""PprotSleeveMask"": 2, ""PprotTPExtendATR"": 2.0, ""PprotTightenBars"": 0, ""PprotTightenSLATR"": 0.0, ""PprotTrailATR"": 0.0, ""PprotTrailPeakATR"": 0.0}",ml\pprot1\configs\pp_is_PP0432_20260901234838_1dd2c9.yaml,pp_is_PP0432_20260901234838_1dd2c9_deals.csv,2026-09-01T23:48:38+00:00,2026-09-01T23:51:07+00:00,148.986,
bc58455517b54fac92f84b5060a24ed1,pp_oos_PP0430_20260901234558_97313c,PP0430,F14_tp_extend,G2,OOS,PROD,OK,ADOPT_CANDIDATE,BOTH_WINDOWS_IMPROVED,"IS net=429216 (+2.71%), PF=2.2854 (+1.38%), DD=3.7806% (-0.0136pt), trades=301 (+0.00%); OOS net=58905 (+24.43%), PF=1.3812 (+5.62%), DD=1.8659% (-0.0017pt), trades=329 (+0.00%)",0,58905.0,1.3812,1.8659,329,1.244297,1.056206,-0.0017,1.0,"{""PprotArmAfterBars"": 0, ""PprotArmBeforeBars"": 0, ""PprotArmHourEnd"": -1, ""PprotArmHourStart"": -1, ""PprotArmMaxATRRatio"": 0.0, ""PprotArmMinATRRatio"": 0.0, ""PprotArmPeakATR"": 0.5, ""PprotArmPeakR"": 0.0, ""PprotBELockATR"": -9.0, ""PprotBELockR"": -9.0, ""PprotFridayHour"": -1, ""PprotFridayMinATR"": 0.0, ""PprotGivebackATR"": 0.0, ""PprotGivebackFrac"": 0.0, ""PprotMode"": 14, ""PprotPartialLots"": 0.0, ""PprotSleeveMask"": 2, ""PprotTPExtendATR"": 1.5, ""PprotTightenBars"": 0, ""PprotTightenSLATR"": 0.0, ""PprotTrailATR"": 0.0, ""PprotTrailPeakATR"": 0.0}",ml\pprot1\configs\pp_oos_PP0430_20260901234558_97313c.yaml,pp_oos_PP0430_20260901234558_97313c_deals.csv,2026-09-01T23:45:58+00:00,2026-09-01T23:56:28+00:00,630.742,
d5ebac8fb5f94047bec9033075c34e9a,pp_is_PP0433_20260901235629_e14145,PP0433,F14_tp_extend,G2,IS,PROD,OK,IS_REJECT,PROFIT_DAMAGED,"IS net=410893 (-1.67%), PF=2.2305 (-1.05%), DD=3.7749% (-0.0193pt), trades=301 (+0.00%)",0,410893.0,2.2305,3.7749,301,0.983275,0.989486,-0.0193,1.0,"{""PprotArmAfterBars"": 0, ""PprotArmBeforeBars"": 0, ""PprotArmHourEnd"": -1, ""PprotArmHourStart"": -1, ""PprotArmMaxATRRatio"": 0.0, ""PprotArmMinATRRatio"": 0.0, ""PprotArmPeakATR"": 1.0, ""PprotArmPeakR"": 0.0, ""PprotBELockATR"": -9.0, ""PprotBELockR"": -9.0, ""PprotFridayHour"": -1, ""PprotFridayMinATR"": 0.0, ""PprotGivebackATR"": 0.0, ""PprotGivebackFrac"": 0.0, ""PprotMode"": 14, ""PprotPartialLots"": 0.0, ""PprotSleeveMask"": 2, ""PprotTPExtendATR"": 2.0, ""PprotTightenBars"": 0, ""PprotTightenSLATR"": 0.0, ""PprotTrailATR"": 0.0, ""PprotTrailPeakATR"": 0.0}",ml\pprot1\configs\pp_is_PP0433_20260901235629_e14145.yaml,pp_is_PP0433_20260901235629_e14145_deals.csv,2026-09-01T23:56:29+00:00,2026-09-01T23:58:58+00:00,149.103,
2a9c78e6522349f28f9c2c7836b61541,pp_oos_PP0432_20260901235107_df3850,PP0432,F14_tp_extend,G2,OOS,BT1,OK,ADOPT_CANDIDATE,BOTH_WINDOWS_IMPROVED,"IS net=429216 (+2.71%), PF=2.2854 (+1.38%), DD=3.7806% (-0.0136pt), trades=301 (+0.00%); OOS net=56432 (+19.21%), PF=1.3652 (+4.40%), DD=1.8659% (-0.0017pt), trades=329 (+0.00%)",0,56432.0,1.3652,1.8659,329,1.192057,1.04397,-0.0017,1.0,"{""PprotArmAfterBars"": 0, ""PprotArmBeforeBars"": 0, ""PprotArmHourEnd"": -1, ""PprotArmHourStart"": -1, ""PprotArmMaxATRRatio"": 0.0, ""PprotArmMinATRRatio"": 0.0, ""PprotArmPeakATR"": 0.5, ""PprotArmPeakR"": 0.0, ""PprotBELockATR"": -9.0, ""PprotBELockR"": -9.0, ""PprotFridayHour"": -1, ""PprotFridayMinATR"": 0.0, ""PprotGivebackATR"": 0.0, ""PprotGivebackFrac"": 0.0, ""PprotMode"": 14, ""PprotPartialLots"": 0.0, ""PprotSleeveMask"": 2, ""PprotTPExtendATR"": 2.0, ""PprotTightenBars"": 0, ""PprotTightenSLATR"": 0.0, ""PprotTrailATR"": 0.0, ""PprotTrailPeakATR"": 0.0}",ml\pprot1\configs\pp_oos_PP0432_20260901235107_df3850.yaml,pp_oos_PP0432_20260901235107_df3850_deals.csv,2026-09-01T23:51:07+00:00,2026-09-02T00:01:27+00:00,619.935,
68d0670409b14f03ad6c7aba527a579e,pp_is_PP0434_20260901235858_e12968,PP0434,F14_tp_extend,G3,IS,PROD,OK,IS_REJECT,PROFIT_DAMAGED,"IS net=399643 (-4.36%), PF=2.1736 (-3.58%), DD=3.8567% (+0.0625pt), trades=297 (-1.33%)",0,399643.0,2.1736,3.8567,297,0.956354,0.964245,0.0625,0.986711,"{""PprotArmAfterBars"": 0, ""PprotArmBeforeBars"": 0, ""PprotArmHourEnd"": -1, ""PprotArmHourStart"": -1, ""PprotArmMaxATRRatio"": 0.0, ""PprotArmMinATRRatio"": 0.0, ""PprotArmPeakATR"": 0.5, ""PprotArmPeakR"": 0.0, ""PprotBELockATR"": -9.0, ""PprotBELockR"": -9.0, ""PprotFridayHour"": -1, ""PprotFridayMinATR"": 0.0, ""PprotGivebackATR"": 0.0, ""PprotGivebackFrac"": 0.0, ""PprotMode"": 14, ""PprotPartialLots"": 0.0, ""PprotSleeveMask"": 3, ""PprotTPExtendATR"": 0.5, ""PprotTightenBars"": 0, ""PprotTightenSLATR"": 0.0, ""PprotTrailATR"": 0.0, ""PprotTrailPeakATR"": 0.0}",ml\pprot1\configs\pp_is_PP0434_20260901235858_e12968.yaml,pp_is_PP0434_20260901235858_e12968_deals.csv,2026-09-01T23:58:58+00:00,2026-09-02T00:01:32+00:00,154.199,
12eb36534a9148b8b0cce7758fb6c9fd,pp_is_PP0435_20260902000127_f0018d,PP0435,F14_tp_extend,G3,IS,BT1,OK,IS_REJECT,PROFIT_DAMAGED,"IS net=376142 (-9.99%), PF=2.1046 (-6.64%), DD=3.8609% (+0.0667pt), trades=297 (-1.33%)",0,376142.0,2.1046,3.8609,297,0.900115,0.933635,0.0667,0.986711,"{""PprotArmAfterBars"": 0, ""PprotArmBeforeBars"": 0, ""PprotArmHourEnd"": -1, ""PprotArmHourStart"": -1, ""PprotArmMaxATRRatio"": 0.0, ""PprotArmMinATRRatio"": 0.0, ""PprotArmPeakATR"": 1.0, ""PprotArmPeakR"": 0.0, ""PprotBELockATR"": -9.0, ""PprotBELockR"": -9.0, ""PprotFridayHour"": -1, ""PprotFridayMinATR"": 0.0, ""PprotGivebackATR"": 0.0, ""PprotGivebackFrac"": 0.0, ""PprotMode"": 14, ""PprotPartialLots"": 0.0, ""PprotSleeveMask"": 3, ""PprotTPExtendATR"": 0.5, ""PprotTightenBars"": 0, ""PprotTightenSLATR"": 0.0, ""PprotTrailATR"": 0.0, ""PprotTrailPeakATR"": 0.0}",ml\pprot1\configs\pp_is_PP0435_20260902000127_f0018d.yaml,pp_is_PP0435_20260902000127_f0018d_deals.csv,2026-09-02T00:01:27+00:00,2026-09-02T00:04:01+00:00,153.911,
03efffbe37fc49dabbcc06d844e9b5a8,pp_is_PP0436_20260902000133_814da7,PP0436,F14_tp_extend,G3,IS,PROD,OK,IS_SURVIVOR_PROFIT,PROFIT_UP_DD_OK,"IS net=431517 (+3.26%), PF=2.2992 (+2.00%), DD=3.8133% (+0.0191pt), trades=295 (-1.99%)",0,431517.0,2.2992,3.8133,295,1.032629,1.019963,0.0191,0.980066,"{""PprotArmAfterBars"": 0, ""PprotArmBeforeBars"": 0, ""PprotArmHourEnd"": -1, ""PprotArmHourStart"": -1, ""PprotArmMaxATRRatio"": 0.0, ""PprotArmMinATRRatio"": 0.0, ""PprotArmPeakATR"": 0.5, ""PprotArmPeakR"": 0.0, ""PprotBELockATR"": -9.0, ""PprotBELockR"": -9.0, ""PprotFridayHour"": -1, ""PprotFridayMinATR"": 0.0, ""PprotGivebackATR"": 0.0, ""PprotGivebackFrac"": 0.0, ""PprotMode"": 14, ""PprotPartialLots"": 0.0, ""PprotSleeveMask"": 3, ""PprotTPExtendATR"": 1.0, ""PprotTightenBars"": 0, ""PprotTightenSLATR"": 0.0, ""PprotTrailATR"": 0.0, ""PprotTrailPeakATR"": 0.0}",ml\pprot1\configs\pp_is_PP0436_20260902000133_814da7.yaml,pp_is_PP0436_20260902000133_814da7_deals.csv,2026-09-02T00:01:33+00:00,2026-09-02T00:04:07+00:00,154.102,
904695cb3d14493f889d0620d17c3664,pp_is_PP0437_20260902000401_f87f15,PP0437,F14_tp_extend,G3,IS,BT1,OK,IS_REJECT,PROFIT_DAMAGED,"IS net=385278 (-7.80%), PF=2.1600 (-4.18%), DD=3.8183% (+0.0241pt), trades=295 (-1.99%)",0,385278.0,2.16,3.8183,295,0.921978,0.958211,0.0241,0.980066,"{""PprotArmAfterBars"": 0, ""PprotArmBeforeBars"": 0, ""PprotArmHourEnd"": -1, ""PprotArmHourStart"": -1, ""PprotArmMaxATRRatio"": 0.0, ""PprotArmMinATRRatio"": 0.0, ""PprotArmPeakATR"": 1.0, ""PprotArmPeakR"": 0.0, ""PprotBELockATR"": -9.0, ""PprotBELockR"": -9.0, ""PprotFridayHour"": -1, ""PprotFridayMinATR"": 0.0, ""PprotGivebackATR"": 0.0, ""PprotGivebackFrac"": 0.0, ""PprotMode"": 14, ""PprotPartialLots"": 0.0, ""PprotSleeveMask"": 3, ""PprotTPExtendATR"": 1.0, ""PprotTightenBars"": 0, ""PprotTightenSLATR"": 0.0, ""PprotTrailATR"": 0.0, ""PprotTrailPeakATR"": 0.0}",ml\pprot1\configs\pp_is_PP0437_20260902000401_f87f15.yaml,pp_is_PP0437_20260902000401_f87f15_deals.csv,2026-09-02T00:04:01+00:00,2026-09-02T00:06:45+00:00,163.776,
67000ad5ca69403396254b0c4efde60c,pp_is_PP0438_20260902000646_1efaff,PP0438,F14_tp_extend,G3,IS,BT1,OK,IS_REJECT,NO_IMPROVEMENT,"IS net=418464 (+0.14%), PF=2.2353 (-0.84%), DD=5.2214% (+1.4272pt), trades=294 (-2.33%)",0,418464.0,2.2353,5.2214,294,1.001393,0.991616,1.4272,0.976744,"{""PprotArmAfterBars"": 0, ""PprotArmBeforeBars"": 0, ""PprotArmHourEnd"": -1, ""PprotArmHourStart"": -1, ""PprotArmMaxATRRatio"": 0.0, ""PprotArmMinATRRatio"": 0.0, ""PprotArmPeakATR"": 0.5, ""PprotArmPeakR"": 0.0, ""PprotBELockATR"": -9.0, ""PprotBELockR"": -9.0, ""PprotFridayHour"": -1, ""PprotFridayMinATR"": 0.0, ""PprotGivebackATR"": 0.0, ""PprotGivebackFrac"": 0.0, ""PprotMode"": 14, ""PprotPartialLots"": 0.0, ""PprotSleeveMask"": 3, ""PprotTPExtendATR"": 1.5, ""PprotTightenBars"": 0, ""PprotTightenSLATR"": 0.0, ""PprotTrailATR"": 0.0, ""PprotTrailPeakATR"": 0.0}",ml\pprot1\configs\pp_is_PP0438_20260902000646_1efaff.yaml,pp_is_PP0438_20260902000646_1efaff_deals.csv,2026-09-02T00:06:46+00:00,2026-09-02T00:09:25+00:00,159.054,
30df24b675a440d188b90e50e865e62d,pp_is_PP0439_20260902000925_f81bf7,PP0439,F14_tp_extend,G3,IS,BT1,OK,IS_REJECT,PROFIT_DAMAGED,"IS net=380642 (-8.91%), PF=2.1331 (-5.37%), DD=4.0118% (+0.2176pt), trades=293 (-2.66%)",0,380642.0,2.1331,4.0118,293,0.910884,0.946278,0.2176,0.973422,"{""PprotArmAfterBars"": 0, ""PprotArmBeforeBars"": 0, ""PprotArmHourEnd"": -1, ""PprotArmHourStart"": -1, ""PprotArmMaxATRRatio"": 0.0, ""PprotArmMinATRRatio"": 0.0, ""PprotArmPeakATR"": 1.0, ""PprotArmPeakR"": 0.0, ""PprotBELockATR"": -9.0, ""PprotBELockR"": -9.0, ""PprotFridayHour"": -1, ""PprotFridayMinATR"": 0.0, ""PprotGivebackATR"": 0.0, ""PprotGivebackFrac"": 0.0, ""PprotMode"": 14, ""PprotPartialLots"": 0.0, ""PprotSleeveMask"": 3, ""PprotTPExtendATR"": 1.5, ""PprotTightenBars"": 0, ""PprotTightenSLATR"": 0.0, ""PprotTrailATR"": 0.0, ""PprotTrailPeakATR"": 0.0}",ml\pprot1\configs\pp_is_PP0439_20260902000925_f81bf7.yaml,pp_is_PP0439_20260902000925_f81bf7_deals.csv,2026-09-02T00:09:25+00:00,2026-09-02T00:12:14+00:00,168.87,
078c001d53c347c6812ae1d1bf62d0e6,pp_oos_PP0436_20260902000407_30c688,PP0436,F14_tp_extend,G3,OOS,PROD,OK,ADOPT_CANDIDATE,BOTH_WINDOWS_IMPROVED,"IS net=431517 (+3.26%), PF=2.2992 (+2.00%), DD=3.8133% (+0.0191pt), trades=295 (-1.99%); OOS net=60265 (+27.30%), PF=1.3905 (+6.33%), DD=1.9931% (+0.1255pt), trades=325 (-1.22%)",0,60265.0,1.3905,1.9931,325,1.273025,1.063317,0.1255,0.987842,"{""PprotArmAfterBars"": 0, ""PprotArmBeforeBars"": 0, ""PprotArmHourEnd"": -1, ""PprotArmHourStart"": -1, ""PprotArmMaxATRRatio"": 0.0, ""PprotArmMinATRRatio"": 0.0, ""PprotArmPeakATR"": 0.5, ""PprotArmPeakR"": 0.0, ""PprotBELockATR"": -9.0, ""PprotBELockR"": -9.0, ""PprotFridayHour"": -1, ""PprotFridayMinATR"": 0.0, ""PprotGivebackATR"": 0.0, ""PprotGivebackFrac"": 0.0, ""PprotMode"": 14, ""PprotPartialLots"": 0.0, ""PprotSleeveMask"": 3, ""PprotTPExtendATR"": 1.0, ""PprotTightenBars"": 0, ""PprotTightenSLATR"": 0.0, ""PprotTrailATR"": 0.0, ""PprotTrailPeakATR"": 0.0}",ml\pprot1\configs\pp_oos_PP0436_20260902000407_30c688.yaml,pp_oos_PP0436_20260902000407_30c688_deals.csv,2026-09-02T00:04:07+00:00,2026-09-02T00:14:57+00:00,650.355,
5f9f52e5bd7640b88d0369e9a35be73f,pp_is_PP0440_20260902001214_59d890,PP0440,F14_tp_extend,G3,IS,BT1,OK,IS_REJECT,PROFIT_DAMAGED,"IS net=363785 (-12.95%), PF=2.0099 (-10.84%), DD=5.0129% (+1.2187pt), trades=293 (-2.66%)",0,363785.0,2.0099,5.0129,293,0.870545,0.891625,1.2187,0.973422,"{""PprotArmAfterBars"": 0, ""PprotArmBeforeBars"": 0, ""PprotArmHourEnd"": -1, ""PprotArmHourStart"": -1, ""PprotArmMaxATRRatio"": 0.0, ""PprotArmMinATRRatio"": 0.0, ""PprotArmPeakATR"": 0.5, ""PprotArmPeakR"": 0.0, ""PprotBELockATR"": -9.0, ""PprotBELockR"": -9.0, ""PprotFridayHour"": -1, ""PprotFridayMinATR"": 0.0, ""PprotGivebackATR"": 0.0, ""PprotGivebackFrac"": 0.0, ""PprotMode"": 14, ""PprotPartialLots"": 0.0, ""PprotSleeveMask"": 3, ""PprotTPExtendATR"": 2.0, ""PprotTightenBars"": 0, ""PprotTightenSLATR"": 0.0, ""PprotTrailATR"": 0.0, ""PprotTrailPeakATR"": 0.0}",ml\pprot1\configs\pp_is_PP0440_20260902001214_59d890.yaml,pp_is_PP0440_20260902001214_59d890_deals.csv,2026-09-02T00:12:14+00:00,2026-09-02T00:15:18+00:00,183.999,
1c8a8be89a4c4154b4c449a4519ee9aa,pp_is_PP0442_20260902001518_69fbe3,PP0442,F15_friday_lock,G1,IS,BT1,OK,IS_REJECT,PROFIT_DAMAGED,"IS net=286876 (-31.35%), PF=1.8885 (-16.22%), DD=4.6304% (+0.8362pt), trades=309 (+2.66%)",0,286876.0,1.8885,4.6304,309,0.6865,0.837769,0.8362,1.026578,"{""PprotArmAfterBars"": 0, ""PprotArmBeforeBars"": 0, ""PprotArmHourEnd"": -1, ""PprotArmHourStart"": -1, ""PprotArmMaxATRRatio"": 0.0, ""PprotArmMinATRRatio"": 0.0, ""PprotArmPeakATR"": 0.0, ""PprotArmPeakR"": 0.0, ""PprotBELockATR"": -9.0, ""PprotBELockR"": -9.0, ""PprotFridayHour"": 12, ""PprotFridayMinATR"": 0.25, ""PprotGivebackATR"": 0.0, ""PprotGivebackFrac"": 0.0, ""PprotMode"": 15, ""PprotPartialLots"": 0.0, ""PprotSleeveMask"": 1, ""PprotTPExtendATR"": 0.0, ""PprotTightenBars"": 0, ""PprotTightenSLATR"": 0.0, ""PprotTrailATR"": 0.0, ""PprotTrailPeakATR"": 0.0}",ml\pprot1\configs\pp_is_PP0442_20260902001518_69fbe3.yaml,pp_is_PP0442_20260902001518_69fbe3_deals.csv,2026-09-02T00:15:18+00:00,2026-09-02T00:17:27+00:00,128.594,
9f9cf16e9d4542e0aee7dafe43052675,pp_is_PP0441_20260902001458_456b96,PP0441,F14_tp_extend,G3,IS,PROD,OK,IS_REJECT,PROFIT_DAMAGED,"IS net=343880 (-17.71%), PF=1.9546 (-13.29%), DD=4.9707% (+1.1765pt), trades=293 (-2.66%)",0,343880.0,1.9546,4.9707,293,0.822912,0.867093,1.1765,0.973422,"{""PprotArmAfterBars"": 0, ""PprotArmBeforeBars"": 0, ""PprotArmHourEnd"": -1, ""PprotArmHourStart"": -1, ""PprotArmMaxATRRatio"": 0.0, ""PprotArmMinATRRatio"": 0.0, ""PprotArmPeakATR"": 1.0, ""PprotArmPeakR"": 0.0, ""PprotBELockATR"": -9.0, ""PprotBELockR"": -9.0, ""PprotFridayHour"": -1, ""PprotFridayMinATR"": 0.0, ""PprotGivebackATR"": 0.0, ""PprotGivebackFrac"": 0.0, ""PprotMode"": 14, ""PprotPartialLots"": 0.0, ""PprotSleeveMask"": 3, ""PprotTPExtendATR"": 2.0, ""PprotTightenBars"": 0, ""PprotTightenSLATR"": 0.0, ""PprotTrailATR"": 0.0, ""PprotTrailPeakATR"": 0.0}",ml\pprot1\configs\pp_is_PP0441_20260902001458_456b96.yaml,pp_is_PP0441_20260902001458_456b96_deals.csv,2026-09-02T00:14:58+00:00,2026-09-02T00:17:32+00:00,154.095,
b4ec107b85e34e1982ca131ade2be4c5,pp_is_PP0443_20260902001727_6e37d8,PP0443,F15_friday_lock,G1,IS,BT1,OK,IS_REJECT,PROFIT_DAMAGED,"IS net=296861 (-28.96%), PF=1.9194 (-14.85%), DD=4.5636% (+0.7694pt), trades=308 (+2.33%)",0,296861.0,1.9194,4.5636,308,0.710394,0.851477,0.7694,1.023256,"{""PprotArmAfterBars"": 0, ""PprotArmBeforeBars"": 0, ""PprotArmHourEnd"": -1, ""PprotArmHourStart"": -1, ""PprotArmMaxATRRatio"": 0.0, ""PprotArmMinATRRatio"": 0.0, ""PprotArmPeakATR"": 0.0, ""PprotArmPeakR"": 0.0, ""PprotBELockATR"": -9.0, ""PprotBELockR"": -9.0, ""PprotFridayHour"": 12, ""PprotFridayMinATR"": 0.5, ""PprotGivebackATR"": 0.0, ""PprotGivebackFrac"": 0.0, ""PprotMode"": 15, ""PprotPartialLots"": 0.0, ""PprotSleeveMask"": 1, ""PprotTPExtendATR"": 0.0, ""PprotTightenBars"": 0, ""PprotTightenSLATR"": 0.0, ""PprotTrailATR"": 0.0, ""PprotTrailPeakATR"": 0.0}",ml\pprot1\configs\pp_is_PP0443_20260902001727_6e37d8.yaml,pp_is_PP0443_20260902001727_6e37d8_deals.csv,2026-09-02T00:17:27+00:00,2026-09-02T00:19:41+00:00,133.744,
ca0e824b32c744168172fa41646d64b5,pp_is_PP0444_20260902001732_ced0f5,PP0444,F15_friday_lock,G1,IS,PROD,OK,IS_REJECT,PROFIT_DAMAGED,"IS net=356223 (-14.76%), PF=2.1056 (-6.59%), DD=4.2049% (+0.4107pt), trades=307 (+1.99%)",0,356223.0,2.1056,4.2049,307,0.852449,0.934079,0.4107,1.019934,"{""PprotArmAfterBars"": 0, ""PprotArmBeforeBars"": 0, ""PprotArmHourEnd"": -1, ""PprotArmHourStart"": -1, ""PprotArmMaxATRRatio"": 0.0, ""PprotArmMinATRRatio"": 0.0, ""PprotArmPeakATR"": 0.0, ""PprotArmPeakR"": 0.0, ""PprotBELockATR"": -9.0, ""PprotBELockR"": -9.0, ""PprotFridayHour"": 12, ""PprotFridayMinATR"": 1.0, ""PprotGivebackATR"": 0.0, ""PprotGivebackFrac"": 0.0, ""PprotMode"": 15, ""PprotPartialLots"": 0.0, ""PprotSleeveMask"": 1, ""PprotTPExtendATR"": 0.0, ""PprotTightenBars"": 0, ""PprotTightenSLATR"": 0.0, ""PprotTrailATR"": 0.0, ""PprotTrailPeakATR"": 0.0}",ml\pprot1\configs\pp_is_PP0444_20260902001732_ced0f5.yaml,pp_is_PP0444_20260902001732_ced0f5_deals.csv,2026-09-02T00:17:32+00:00,2026-09-02T00:19:46+00:00,133.769,
2b6d1fea1b6349bb9180eff909e6a632,pp_is_PP0445_20260902001941_ae0936,PP0445,F15_friday_lock,G1,IS,BT1,OK,IS_REJECT,PROFIT_DAMAGED,"IS net=286440 (-31.45%), PF=1.8871 (-16.29%), DD=4.6098% (+0.8156pt), trades=309 (+2.66%)",0,286440.0,1.8871,4.6098,309,0.685457,0.837148,0.8156,1.026578,"{""PprotArmAfterBars"": 0, ""PprotArmBeforeBars"": 0, ""PprotArmHourEnd"": -1, ""PprotArmHourStart"": -1, ""PprotArmMaxATRRatio"": 0.0, ""PprotArmMinATRRatio"": 0.0, ""PprotArmPeakATR"": 0.0, ""PprotArmPeakR"": 0.0, ""PprotBELockATR"": -9.0, ""PprotBELockR"": -9.0, ""PprotFridayHour"": 16, ""PprotFridayMinATR"": 0.25, ""PprotGivebackATR"": 0.0, ""PprotGivebackFrac"": 0.0, ""PprotMode"": 15, ""PprotPartialLots"": 0.0, ""PprotSleeveMask"": 1, ""PprotTPExtendATR"": 0.0, ""PprotTightenBars"": 0, ""PprotTightenSLATR"": 0.0, ""PprotTrailATR"": 0.0, ""PprotTrailPeakATR"": 0.0}",ml\pprot1\configs\pp_is_PP0445_20260902001941_ae0936.yaml,pp_is_PP0445_20260902001941_ae0936_deals.csv,2026-09-02T00:19:41+00:00,2026-09-02T00:21:50+00:00,128.582,
466e45cd3787447daecd7b2aeba1943b,pp_is_PP0446_20260902001946_0fcb5a,PP0446,F15_friday_lock,G1,IS,PROD,OK,IS_REJECT,PROFIT_DAMAGED,"IS net=295613 (-29.26%), PF=1.9155 (-15.03%), DD=4.5538% (+0.7596pt), trades=308 (+2.33%)",0,295613.0,1.9155,4.5538,308,0.707408,0.849747,0.7596,1.023256,"{""PprotArmAfterBars"": 0, ""PprotArmBeforeBars"": 0, ""PprotArmHourEnd"": -1, ""PprotArmHourStart"": -1, ""PprotArmMaxATRRatio"": 0.0, ""PprotArmMinATRRatio"": 0.0, ""PprotArmPeakATR"": 0.0, ""PprotArmPeakR"": 0.0, ""PprotBELockATR"": -9.0, ""PprotBELockR"": -9.0, ""PprotFridayHour"": 16, ""PprotFridayMinATR"": 0.5, ""PprotGivebackATR"": 0.0, ""PprotGivebackFrac"": 0.0, ""PprotMode"": 15, ""PprotPartialLots"": 0.0, ""PprotSleeveMask"": 1, ""PprotTPExtendATR"": 0.0, ""PprotTightenBars"": 0, ""PprotTightenSLATR"": 0.0, ""PprotTrailATR"": 0.0, ""PprotTrailPeakATR"": 0.0}",ml\pprot1\configs\pp_is_PP0446_20260902001946_0fcb5a.yaml,pp_is_PP0446_20260902001946_0fcb5a_deals.csv,2026-09-02T00:19:46+00:00,2026-09-02T00:21:55+00:00,128.721,
b4fbe64d8b874d30b3237fd69b1e0708,pp_is_PP0447_20260902002150_3e93e6,PP0447,F15_friday_lock,G1,IS,BT1,OK,IS_REJECT,PROFIT_DAMAGED,"IS net=334149 (-20.04%), PF=1.9967 (-11.42%), DD=4.2200% (+0.4258pt), trades=307 (+1.99%)",0,334149.0,1.9967,4.22,307,0.799625,0.885769,0.4258,1.019934,"{""PprotArmAfterBars"": 0, ""PprotArmBeforeBars"": 0, ""PprotArmHourEnd"": -1, ""PprotArmHourStart"": -1, ""PprotArmMaxATRRatio"": 0.0, ""PprotArmMinATRRatio"": 0.0, ""PprotArmPeakATR"": 0.0, ""PprotArmPeakR"": 0.0, ""PprotBELockATR"": -9.0, ""PprotBELockR"": -9.0, ""PprotFridayHour"": 16, ""PprotFridayMinATR"": 1.0, ""PprotGivebackATR"": 0.0, ""PprotGivebackFrac"": 0.0, ""PprotMode"": 15, ""PprotPartialLots"": 0.0, ""PprotSleeveMask"": 1, ""PprotTPExtendATR"": 0.0, ""PprotTightenBars"": 0, ""PprotTightenSLATR"": 0.0, ""PprotTrailATR"": 0.0, ""PprotTrailPeakATR"": 0.0}",ml\pprot1\configs\pp_is_PP0447_20260902002150_3e93e6.yaml,pp_is_PP0447_20260902002150_3e93e6_deals.csv,2026-09-02T00:21:50+00:00,2026-09-02T00:24:04+00:00,133.676,
74a8f148d4d54318a1626622e47ed1fa,pp_is_PP0448_20260902002155_ba69b0,PP0448,F15_friday_lock,G1,IS,PROD,OK,IS_REJECT,PROFIT_DAMAGED,"IS net=300916 (-27.99%), PF=1.9072 (-15.39%), DD=4.4160% (+0.6218pt), trades=308 (+2.33%)",0,300916.0,1.9072,4.416,308,0.720098,0.846065,0.6218,1.023256,"{""PprotArmAfterBars"": 0, ""PprotArmBeforeBars"": 0, ""PprotArmHourEnd"": -1, ""PprotArmHourStart"": -1, ""PprotArmMaxATRRatio"": 0.0, ""PprotArmMinATRRatio"": 0.0, ""PprotArmPeakATR"": 0.0, ""PprotArmPeakR"": 0.0, ""PprotBELockATR"": -9.0, ""PprotBELockR"": -9.0, ""PprotFridayHour"": 18, ""PprotFridayMinATR"": 0.25, ""PprotGivebackATR"": 0.0, ""PprotGivebackFrac"": 0.0, ""PprotMode"": 15, ""PprotPartialLots"": 0.0, ""PprotSleeveMask"": 1, ""PprotTPExtendATR"": 0.0, ""PprotTightenBars"": 0, ""PprotTightenSLATR"": 0.0, ""PprotTrailATR"": 0.0, ""PprotTrailPeakATR"": 0.0}",ml\pprot1\configs\pp_is_PP0448_20260902002155_ba69b0.yaml,pp_is_PP0448_20260902002155_ba69b0_deals.csv,2026-09-02T00:21:55+00:00,2026-09-02T00:24:09+00:00,133.759,
bd6aa247dda4459ba559435dfdd89514,pp_is_PP0449_20260902002404_366d85,PP0449,F15_friday_lock,G1,IS,BT1,OK,IS_REJECT,PROFIT_DAMAGED,"IS net=321485 (-23.07%), PF=1.9692 (-12.64%), DD=4.2926% (+0.4984pt), trades=307 (+1.99%)",0,321485.0,1.9692,4.2926,307,0.76932,0.873569,0.4984,1.019934,"{""PprotArmAfterBars"": 0, ""PprotArmBeforeBars"": 0, ""PprotArmHourEnd"": -1, ""PprotArmHourStart"": -1, ""PprotArmMaxATRRatio"": 0.0, ""PprotArmMinATRRatio"": 0.0, ""PprotArmPeakATR"": 0.0, ""PprotArmPeakR"": 0.0, ""PprotBELockATR"": -9.0, ""PprotBELockR"": -9.0, ""PprotFridayHour"": 18, ""PprotFridayMinATR"": 0.5, ""PprotGivebackATR"": 0.0, ""PprotGivebackFrac"": 0.0, ""PprotMode"": 15, ""PprotPartialLots"": 0.0, ""PprotSleeveMask"": 1, ""PprotTPExtendATR"": 0.0, ""PprotTightenBars"": 0, ""PprotTightenSLATR"": 0.0, ""PprotTrailATR"": 0.0, ""PprotTrailPeakATR"": 0.0}",ml\pprot1\configs\pp_is_PP0449_20260902002404_366d85.yaml,pp_is_PP0449_20260902002404_366d85_deals.csv,2026-09-02T00:24:04+00:00,2026-09-02T00:26:18+00:00,133.71,
7a259b178fe44b48bf5f0268e2ea92f4,pp_is_PP0450_20260902002409_d2605c,PP0450,F15_friday_lock,G1,IS,PROD,OK,IS_REJECT,PROFIT_DAMAGED,"IS net=372006 (-10.98%), PF=2.1238 (-5.78%), DD=4.0169% (+0.2227pt), trades=306 (+1.66%)",0,372006.0,2.1238,4.0169,306,0.890218,0.942152,0.2227,1.016611,"{""PprotArmAfterBars"": 0, ""PprotArmBeforeBars"": 0, ""PprotArmHourEnd"": -1, ""PprotArmHourStart"": -1, ""PprotArmMaxATRRatio"": 0.0, ""PprotArmMinATRRatio"": 0.0, ""PprotArmPeakATR"": 0.0, ""PprotArmPeakR"": 0.0, ""PprotBELockATR"": -9.0, ""PprotBELockR"": -9.0, ""PprotFridayHour"": 18, ""PprotFridayMinATR"": 1.0, ""PprotGivebackATR"": 0.0, ""PprotGivebackFrac"": 0.0, ""PprotMode"": 15, ""PprotPartialLots"": 0.0, ""PprotSleeveMask"": 1, ""PprotTPExtendATR"": 0.0, ""PprotTightenBars"": 0, ""PprotTightenSLATR"": 0.0, ""PprotTrailATR"": 0.0, ""PprotTrailPeakATR"": 0.0}",ml\pprot1\configs\pp_is_PP0450_20260902002409_d2605c.yaml,pp_is_PP0450_20260902002409_d2605c_deals.csv,2026-09-02T00:24:09+00:00,2026-09-02T00:26:28+00:00,138.769,
343ddf12f2604de197df2650a5a99f4f,pp_is_PP0451_20260902002618_9fe0d9,PP0451,F15_friday_lock,G1,IS,BT1,OK,IS_REJECT,PROFIT_DAMAGED,"IS net=313813 (-24.90%), PF=1.9206 (-14.80%), DD=4.3378% (+0.5436pt), trades=307 (+1.99%)",0,313813.0,1.9206,4.3378,307,0.750961,0.85201,0.5436,1.019934,"{""PprotArmAfterBars"": 0, ""PprotArmBeforeBars"": 0, ""PprotArmHourEnd"": -1, ""PprotArmHourStart"": -1, ""PprotArmMaxATRRatio"": 0.0, ""PprotArmMinATRRatio"": 0.0, ""PprotArmPeakATR"": 0.0, ""PprotArmPeakR"": 0.0, ""PprotBELockATR"": -9.0, ""PprotBELockR"": -9.0, ""PprotFridayHour"": 20, ""PprotFridayMinATR"": 0.25, ""PprotGivebackATR"": 0.0, ""PprotGivebackFrac"": 0.0, ""PprotMode"": 15, ""PprotPartialLots"": 0.0, ""PprotSleeveMask"": 1, ""PprotTPExtendATR"": 0.0, ""PprotTightenBars"": 0, ""PprotTightenSLATR"": 0.0, ""PprotTrailATR"": 0.0, ""PprotTrailPeakATR"": 0.0}",ml\pprot1\configs\pp_is_PP0451_20260902002618_9fe0d9.yaml,pp_is_PP0451_20260902002618_9fe0d9_deals.csv,2026-09-02T00:26:18+00:00,2026-09-02T00:28:32+00:00,133.576,
8a432bf73f604a5c9820ba44dda0c164,pp_is_PP0452_20260902002628_696493,PP0452,F15_friday_lock,G1,IS,PROD,OK,IS_REJECT,PROFIT_DAMAGED,"IS net=316687 (-24.22%), PF=1.9290 (-14.43%), DD=4.3208% (+0.5266pt), trades=307 (+1.99%)",0,316687.0,1.929,4.3208,307,0.757838,0.855736,0.5266,1.019934,"{""PprotArmAfterBars"": 0, ""PprotArmBeforeBars"": 0, ""PprotArmHourEnd"": -1, ""PprotArmHourStart"": -1, ""PprotArmMaxATRRatio"": 0.0, ""PprotArmMinATRRatio"": 0.0, ""PprotArmPeakATR"": 0.0, ""PprotArmPeakR"": 0.0, ""PprotBELockATR"": -9.0, ""PprotBELockR"": -9.0, ""PprotFridayHour"": 20, ""PprotFridayMinATR"": 0.5, ""PprotGivebackATR"": 0.0, ""PprotGivebackFrac"": 0.0, ""PprotMode"": 15, ""PprotPartialLots"": 0.0, ""PprotSleeveMask"": 1, ""PprotTPExtendATR"": 0.0, ""PprotTightenBars"": 0, ""PprotTightenSLATR"": 0.0, ""PprotTrailATR"": 0.0, ""PprotTrailPeakATR"": 0.0}",ml\pprot1\configs\pp_is_PP0452_20260902002628_696493.yaml,pp_is_PP0452_20260902002628_696493_deals.csv,2026-09-02T00:26:28+00:00,2026-09-02T00:28:42+00:00,133.694,
f4edae99bfeb498aa4f139a15e493893,pp_is_PP0453_20260902002832_6904a2,PP0453,F15_friday_lock,G1,IS,BT1,OK,IS_REJECT,PROFIT_DAMAGED,"IS net=357791 (-14.38%), PF=2.0518 (-8.98%), DD=4.0908% (+0.2966pt), trades=306 (+1.66%)",0,357791.0,2.0518,4.0908,306,0.856201,0.910212,0.2966,1.016611,"{""PprotArmAfterBars"": 0, ""PprotArmBeforeBars"": 0, ""PprotArmHourEnd"": -1, ""PprotArmHourStart"": -1, ""PprotArmMaxATRRatio"": 0.0, ""PprotArmMinATRRatio"": 0.0, ""PprotArmPeakATR"": 0.0, ""PprotArmPeakR"": 0.0, ""PprotBELockATR"": -9.0, ""PprotBELockR"": -9.0, ""PprotFridayHour"": 20, ""PprotFridayMinATR"": 1.0, ""PprotGivebackATR"": 0.0, ""PprotGivebackFrac"": 0.0, ""PprotMode"": 15, ""PprotPartialLots"": 0.0, ""PprotSleeveMask"": 1, ""PprotTPExtendATR"": 0.0, ""PprotTightenBars"": 0, ""PprotTightenSLATR"": 0.0, ""PprotTrailATR"": 0.0, ""PprotTrailPeakATR"": 0.0}",ml\pprot1\configs\pp_is_PP0453_20260902002832_6904a2.yaml,pp_is_PP0453_20260902002832_6904a2_deals.csv,2026-09-02T00:28:32+00:00,2026-09-02T00:30:46+00:00,133.6,
54991340685a4e909076e977d312cb84,pp_is_PP0454_20260902002842_327ce1,PP0454,F15_friday_lock,G2,IS,PROD,OK,IS_REJECT,PROFIT_DAMAGED,"IS net=411243 (-1.59%), PF=2.2315 (-1.01%), DD=3.8261% (+0.0319pt), trades=301 (+0.00%)",0,411243.0,2.2315,3.8261,301,0.984113,0.98993,0.0319,1.0,"{""PprotArmAfterBars"": 0, ""PprotArmBeforeBars"": 0, ""PprotArmHourEnd"": -1, ""PprotArmHourStart"": -1, ""PprotArmMaxATRRatio"": 0.0, ""PprotArmMinATRRatio"": 0.0, ""PprotArmPeakATR"": 0.0, ""PprotArmPeakR"": 0.0, ""PprotBELockATR"": -9.0, ""PprotBELockR"": -9.0, ""PprotFridayHour"": 12, ""PprotFridayMinATR"": 0.25, ""PprotGivebackATR"": 0.0, ""PprotGivebackFrac"": 0.0, ""PprotMode"": 15, ""PprotPartialLots"": 0.0, ""PprotSleeveMask"": 2, ""PprotTPExtendATR"": 0.0, ""PprotTightenBars"": 0, ""PprotTightenSLATR"": 0.0, ""PprotTrailATR"": 0.0, ""PprotTrailPeakATR"": 0.0}",ml\pprot1\configs\pp_is_PP0454_20260902002842_327ce1.yaml,pp_is_PP0454_20260902002842_327ce1_deals.csv,2026-09-02T00:28:42+00:00,2026-09-02T00:30:56+00:00,133.699,
dc6a2e9308d24eeba2bafd65f7022252,pp_is_PP0455_20260902003046_c96d28,PP0455,F15_friday_lock,G2,IS,BT1,OK,IS_REJECT,PROFIT_DAMAGED,"IS net=411243 (-1.59%), PF=2.2315 (-1.01%), DD=3.8261% (+0.0319pt), trades=301 (+0.00%)",0,411243.0,2.2315,3.8261,301,0.984113,0.98993,0.0319,1.0,"{""PprotArmAfterBars"": 0, ""PprotArmBeforeBars"": 0, ""PprotArmHourEnd"": -1, ""PprotArmHourStart"": -1, ""PprotArmMaxATRRatio"": 0.0, ""PprotArmMinATRRatio"": 0.0, ""PprotArmPeakATR"": 0.0, ""PprotArmPeakR"": 0.0, ""PprotBELockATR"": -9.0, ""PprotBELockR"": -9.0, ""PprotFridayHour"": 12, ""PprotFridayMinATR"": 0.5, ""PprotGivebackATR"": 0.0, ""PprotGivebackFrac"": 0.0, ""PprotMode"": 15, ""PprotPartialLots"": 0.0, ""PprotSleeveMask"": 2, ""PprotTPExtendATR"": 0.0, ""PprotTightenBars"": 0, ""PprotTightenSLATR"": 0.0, ""PprotTrailATR"": 0.0, ""PprotTrailPeakATR"": 0.0}",ml\pprot1\configs\pp_is_PP0455_20260902003046_c96d28.yaml,pp_is_PP0455_20260902003046_c96d28_deals.csv,2026-09-02T00:30:46+00:00,2026-09-02T00:33:05+00:00,138.76,
487085ee226c451c8021e8e4b3ad5a2f,pp_is_PP0456_20260902003056_beedae,PP0456,F15_friday_lock,G2,IS,PROD,OK,IS_REJECT,PROFIT_DAMAGED,"IS net=411243 (-1.59%), PF=2.2315 (-1.01%), DD=3.8261% (+0.0319pt), trades=301 (+0.00%)",0,411243.0,2.2315,3.8261,301,0.984113,0.98993,0.0319,1.0,"{""PprotArmAfterBars"": 0, ""PprotArmBeforeBars"": 0, ""PprotArmHourEnd"": -1, ""PprotArmHourStart"": -1, ""PprotArmMaxATRRatio"": 0.0, ""PprotArmMinATRRatio"": 0.0, ""PprotArmPeakATR"": 0.0, ""PprotArmPeakR"": 0.0, ""PprotBELockATR"": -9.0, ""PprotBELockR"": -9.0, ""PprotFridayHour"": 12, ""PprotFridayMinATR"": 1.0, ""PprotGivebackATR"": 0.0, ""PprotGivebackFrac"": 0.0, ""PprotMode"": 15, ""PprotPartialLots"": 0.0, ""PprotSleeveMask"": 2, ""PprotTPExtendATR"": 0.0, ""PprotTightenBars"": 0, ""PprotTightenSLATR"": 0.0, ""PprotTrailATR"": 0.0, ""PprotTrailPeakATR"": 0.0}",ml\pprot1\configs\pp_is_PP0456_20260902003056_beedae.yaml,pp_is_PP0456_20260902003056_beedae_deals.csv,2026-09-02T00:30:56+00:00,2026-09-02T00:33:15+00:00,138.814,
51bb6f2b5d7b46d48d6158567bfd7eb5,pp_is_PP0457_20260902003305_97559f,PP0457,F15_friday_lock,G2,IS,BT1,OK,IS_REJECT,PROFIT_DAMAGED,"IS net=411243 (-1.59%), PF=2.2315 (-1.01%), DD=3.8261% (+0.0319pt), trades=301 (+0.00%)",0,411243.0,2.2315,3.8261,301,0.984113,0.98993,0.0319,1.0,"{""PprotArmAfterBars"": 0, ""PprotArmBeforeBars"": 0, ""PprotArmHourEnd"": -1, ""PprotArmHourStart"": -1, ""PprotArmMaxATRRatio"": 0.0, ""PprotArmMinATRRatio"": 0.0, ""PprotArmPeakATR"": 0.0, ""PprotArmPeakR"": 0.0, ""PprotBELockATR"": -9.0, ""PprotBELockR"": -9.0, ""PprotFridayHour"": 16, ""PprotFridayMinATR"": 0.25, ""PprotGivebackATR"": 0.0, ""PprotGivebackFrac"": 0.0, ""PprotMode"": 15, ""PprotPartialLots"": 0.0, ""PprotSleeveMask"": 2, ""PprotTPExtendATR"": 0.0, ""PprotTightenBars"": 0, ""PprotTightenSLATR"": 0.0, ""PprotTrailATR"": 0.0, ""PprotTrailPeakATR"": 0.0}",ml\pprot1\configs\pp_is_PP0457_20260902003305_97559f.yaml,pp_is_PP0457_20260902003305_97559f_deals.csv,2026-09-02T00:33:05+00:00,2026-09-02T00:35:19+00:00,133.689,
b58437a74a5244f4965774a866ea736d,pp_is_PP0458_20260902003315_f92a8f,PP0458,F15_friday_lock,G2,IS,PROD,OK,IS_REJECT,PROFIT_DAMAGED,"IS net=411243 (-1.59%), PF=2.2315 (-1.01%), DD=3.8261% (+0.0319pt), trades=301 (+0.00%)",0,411243.0,2.2315,3.8261,301,0.984113,0.98993,0.0319,1.0,"{""PprotArmAfterBars"": 0, ""PprotArmBeforeBars"": 0, ""PprotArmHourEnd"": -1, ""PprotArmHourStart"": -1, ""PprotArmMaxATRRatio"": 0.0, ""PprotArmMinATRRatio"": 0.0, ""PprotArmPeakATR"": 0.0, ""PprotArmPeakR"": 0.0, ""PprotBELockATR"": -9.0, ""PprotBELockR"": -9.0, ""PprotFridayHour"": 16, ""PprotFridayMinATR"": 0.5, ""PprotGivebackATR"": 0.0, ""PprotGivebackFrac"": 0.0, ""PprotMode"": 15, ""PprotPartialLots"": 0.0, ""PprotSleeveMask"": 2, ""PprotTPExtendATR"": 0.0, ""PprotTightenBars"": 0, ""PprotTightenSLATR"": 0.0, ""PprotTrailATR"": 0.0, ""PprotTrailPeakATR"": 0.0}",ml\pprot1\configs\pp_is_PP0458_20260902003315_f92a8f.yaml,pp_is_PP0458_20260902003315_f92a8f_deals.csv,2026-09-02T00:33:15+00:00,2026-09-02T00:35:34+00:00,138.694,
bb2ff801a6d142ccb3a722ed5f4fde6b,pp_is_PP0459_20260902003519_4278bb,PP0459,F15_friday_lock,G2,IS,BT1,OK,IS_REJECT,PROFIT_DAMAGED,"IS net=411243 (-1.59%), PF=2.2315 (-1.01%), DD=3.8261% (+0.0319pt), trades=301 (+0.00%)",0,411243.0,2.2315,3.8261,301,0.984113,0.98993,0.0319,1.0,"{""PprotArmAfterBars"": 0, ""PprotArmBeforeBars"": 0, ""PprotArmHourEnd"": -1, ""PprotArmHourStart"": -1, ""PprotArmMaxATRRatio"": 0.0, ""PprotArmMinATRRatio"": 0.0, ""PprotArmPeakATR"": 0.0, ""PprotArmPeakR"": 0.0, ""PprotBELockATR"": -9.0, ""PprotBELockR"": -9.0, ""PprotFridayHour"": 16, ""PprotFridayMinATR"": 1.0, ""PprotGivebackATR"": 0.0, ""PprotGivebackFrac"": 0.0, ""PprotMode"": 15, ""PprotPartialLots"": 0.0, ""PprotSleeveMask"": 2, ""PprotTPExtendATR"": 0.0, ""PprotTightenBars"": 0, ""PprotTightenSLATR"": 0.0, ""PprotTrailATR"": 0.0, ""PprotTrailPeakATR"": 0.0}",ml\pprot1\configs\pp_is_PP0459_20260902003519_4278bb.yaml,pp_is_PP0459_20260902003519_4278bb_deals.csv,2026-09-02T00:35:19+00:00,2026-09-02T00:37:28+00:00,128.592,
85ffae543aa84400952fea374c29b5a2,pp_is_PP0460_20260902003534_952d9f,PP0460,F15_friday_lock,G2,IS,PROD,OK,IS_REJECT,PROFIT_DAMAGED,"IS net=411243 (-1.59%), PF=2.2315 (-1.01%), DD=3.8261% (+0.0319pt), trades=301 (+0.00%)",0,411243.0,2.2315,3.8261,301,0.984113,0.98993,0.0319,1.0,"{""PprotArmAfterBars"": 0, ""PprotArmBeforeBars"": 0, ""PprotArmHourEnd"": -1, ""PprotArmHourStart"": -1, ""PprotArmMaxATRRatio"": 0.0, ""PprotArmMinATRRatio"": 0.0, ""PprotArmPeakATR"": 0.0, ""PprotArmPeakR"": 0.0, ""PprotBELockATR"": -9.0, ""PprotBELockR"": -9.0, ""PprotFridayHour"": 18, ""PprotFridayMinATR"": 0.25, ""PprotGivebackATR"": 0.0, ""PprotGivebackFrac"": 0.0, ""PprotMode"": 15, ""PprotPartialLots"": 0.0, ""PprotSleeveMask"": 2, ""PprotTPExtendATR"": 0.0, ""PprotTightenBars"": 0, ""PprotTightenSLATR"": 0.0, ""PprotTrailATR"": 0.0, ""PprotTrailPeakATR"": 0.0}",ml\pprot1\configs\pp_is_PP0460_20260902003534_952d9f.yaml,pp_is_PP0460_20260902003534_952d9f_deals.csv,2026-09-02T00:35:34+00:00,2026-09-02T00:37:48+00:00,133.737,
e86c9c45f54842ee9e9244f851b50ab4,pp_is_PP0461_20260902003728_3e8786,PP0461,F15_friday_lock,G2,IS,BT1,OK,IS_REJECT,PROFIT_DAMAGED,"IS net=411243 (-1.59%), PF=2.2315 (-1.01%), DD=3.8261% (+0.0319pt), trades=301 (+0.00%)",0,411243.0,2.2315,3.8261,301,0.984113,0.98993,0.0319,1.0,"{""PprotArmAfterBars"": 0, ""PprotArmBeforeBars"": 0, ""PprotArmHourEnd"": -1, ""PprotArmHourStart"": -1, ""PprotArmMaxATRRatio"": 0.0, ""PprotArmMinATRRatio"": 0.0, ""PprotArmPeakATR"": 0.0, ""PprotArmPeakR"": 0.0, ""PprotBELockATR"": -9.0, ""PprotBELockR"": -9.0, ""PprotFridayHour"": 18, ""PprotFridayMinATR"": 0.5, ""PprotGivebackATR"": 0.0, ""PprotGivebackFrac"": 0.0, ""PprotMode"": 15, ""PprotPartialLots"": 0.0, ""PprotSleeveMask"": 2, ""PprotTPExtendATR"": 0.0, ""PprotTightenBars"": 0, ""PprotTightenSLATR"": 0.0, ""PprotTrailATR"": 0.0, ""PprotTrailPeakATR"": 0.0}",ml\pprot1\configs\pp_is_PP0461_20260902003728_3e8786.yaml,pp_is_PP0461_20260902003728_3e8786_deals.csv,2026-09-02T00:37:28+00:00,2026-09-02T00:39:46+00:00,138.579,
72da4dd62dd54df79ee1862d2c22a99e,pp_is_PP0462_20260902003748_7fa0d8,PP0462,F15_friday_lock,G2,IS,PROD,OK,IS_REJECT,PROFIT_DAMAGED,"IS net=411243 (-1.59%), PF=2.2315 (-1.01%), DD=3.8261% (+0.0319pt), trades=301 (+0.00%)",0,411243.0,2.2315,3.8261,301,0.984113,0.98993,0.0319,1.0,"{""PprotArmAfterBars"": 0, ""PprotArmBeforeBars"": 0, ""PprotArmHourEnd"": -1, ""PprotArmHourStart"": -1, ""PprotArmMaxATRRatio"": 0.0, ""PprotArmMinATRRatio"": 0.0, ""PprotArmPeakATR"": 0.0, ""PprotArmPeakR"": 0.0, ""PprotBELockATR"": -9.0, ""PprotBELockR"": -9.0, ""PprotFridayHour"": 18, ""PprotFridayMinATR"": 1.0, ""PprotGivebackATR"": 0.0, ""PprotGivebackFrac"": 0.0, ""PprotMode"": 15, ""PprotPartialLots"": 0.0, ""PprotSleeveMask"": 2, ""PprotTPExtendATR"": 0.0, ""PprotTightenBars"": 0, ""PprotTightenSLATR"": 0.0, ""PprotTrailATR"": 0.0, ""PprotTrailPeakATR"": 0.0}",ml\pprot1\configs\pp_is_PP0462_20260902003748_7fa0d8.yaml,pp_is_PP0462_20260902003748_7fa0d8_deals.csv,2026-09-02T00:37:48+00:00,2026-09-02T00:40:02+00:00,133.716,
1dc84237232d47ed8029e2dbdc352291,pp_is_PP0463_20260902003947_35e172,PP0463,F15_friday_lock,G2,IS,BT1,OK,IS_REJECT,PROFIT_DAMAGED,"IS net=411243 (-1.59%), PF=2.2315 (-1.01%), DD=3.8261% (+0.0319pt), trades=301 (+0.00%)",0,411243.0,2.2315,3.8261,301,0.984113,0.98993,0.0319,1.0,"{""PprotArmAfterBars"": 0, ""PprotArmBeforeBars"": 0, ""PprotArmHourEnd"": -1, ""PprotArmHourStart"": -1, ""PprotArmMaxATRRatio"": 0.0, ""PprotArmMinATRRatio"": 0.0, ""PprotArmPeakATR"": 0.0, ""PprotArmPeakR"": 0.0, ""PprotBELockATR"": -9.0, ""PprotBELockR"": -9.0, ""PprotFridayHour"": 20, ""PprotFridayMinATR"": 0.25, ""PprotGivebackATR"": 0.0, ""PprotGivebackFrac"": 0.0, ""PprotMode"": 15, ""PprotPartialLots"": 0.0, ""PprotSleeveMask"": 2, ""PprotTPExtendATR"": 0.0, ""PprotTightenBars"": 0, ""PprotTightenSLATR"": 0.0, ""PprotTrailATR"": 0.0, ""PprotTrailPeakATR"": 0.0}",ml\pprot1\configs\pp_is_PP0463_20260902003947_35e172.yaml,pp_is_PP0463_20260902003947_35e172_deals.csv,2026-09-02T00:39:47+00:00,2026-09-02T00:42:00+00:00,133.561,
69d0aad76ff64af4a9653e66ec609909,pp_is_PP0464_20260902004002_8ad227,PP0464,F15_friday_lock,G2,IS,PROD,OK,IS_REJECT,PROFIT_DAMAGED,"IS net=411243 (-1.59%), PF=2.2315 (-1.01%), DD=3.8261% (+0.0319pt), trades=301 (+0.00%)",0,411243.0,2.2315,3.8261,301,0.984113,0.98993,0.0319,1.0,"{""PprotArmAfterBars"": 0, ""PprotArmBeforeBars"": 0, ""PprotArmHourEnd"": -1, ""PprotArmHourStart"": -1, ""PprotArmMaxATRRatio"": 0.0, ""PprotArmMinATRRatio"": 0.0, ""PprotArmPeakATR"": 0.0, ""PprotArmPeakR"": 0.0, ""PprotBELockATR"": -9.0, ""PprotBELockR"": -9.0, ""PprotFridayHour"": 20, ""PprotFridayMinATR"": 0.5, ""PprotGivebackATR"": 0.0, ""PprotGivebackFrac"": 0.0, ""PprotMode"": 15, ""PprotPartialLots"": 0.0, ""PprotSleeveMask"": 2, ""PprotTPExtendATR"": 0.0, ""PprotTightenBars"": 0, ""PprotTightenSLATR"": 0.0, ""PprotTrailATR"": 0.0, ""PprotTrailPeakATR"": 0.0}",ml\pprot1\configs\pp_is_PP0464_20260902004002_8ad227.yaml,pp_is_PP0464_20260902004002_8ad227_deals.csv,2026-09-02T00:40:02+00:00,2026-09-02T00:42:16+00:00,133.69,
d2a46f328f3a4f63ad8e11f87da674be,pp_is_PP0465_20260902004201_91f0df,PP0465,F15_friday_lock,G2,IS,BT1,OK,IS_REJECT,PROFIT_DAMAGED,"IS net=411243 (-1.59%), PF=2.2315 (-1.01%), DD=3.8261% (+0.0319pt), trades=301 (+0.00%)",0,411243.0,2.2315,3.8261,301,0.984113,0.98993,0.0319,1.0,"{""PprotArmAfterBars"": 0, ""PprotArmBeforeBars"": 0, ""PprotArmHourEnd"": -1, ""PprotArmHourStart"": -1, ""PprotArmMaxATRRatio"": 0.0, ""PprotArmMinATRRatio"": 0.0, ""PprotArmPeakATR"": 0.0, ""PprotArmPeakR"": 0.0, ""PprotBELockATR"": -9.0, ""PprotBELockR"": -9.0, ""PprotFridayHour"": 20, ""PprotFridayMinATR"": 1.0, ""PprotGivebackATR"": 0.0, ""PprotGivebackFrac"": 0.0, ""PprotMode"": 15, ""PprotPartialLots"": 0.0, ""PprotSleeveMask"": 2, ""PprotTPExtendATR"": 0.0, ""PprotTightenBars"": 0, ""PprotTightenSLATR"": 0.0, ""PprotTrailATR"": 0.0, ""PprotTrailPeakATR"": 0.0}",ml\pprot1\configs\pp_is_PP0465_20260902004201_91f0df.yaml,pp_is_PP0465_20260902004201_91f0df_deals.csv,2026-09-02T00:42:01+00:00,2026-09-02T00:44:14+00:00,133.559,
f3778179e6124df190c180c74607ad5f,pp_is_PP0466_20260902004216_fc9a5a,PP0466,F15_friday_lock,G3,IS,PROD,OK,IS_REJECT,PROFIT_DAMAGED,"IS net=286876 (-31.35%), PF=1.8885 (-16.22%), DD=4.6304% (+0.8362pt), trades=309 (+2.66%)",0,286876.0,1.8885,4.6304,309,0.6865,0.837769,0.8362,1.026578,"{""PprotArmAfterBars"": 0, ""PprotArmBeforeBars"": 0, ""PprotArmHourEnd"": -1, ""PprotArmHourStart"": -1, ""PprotArmMaxATRRatio"": 0.0, ""PprotArmMinATRRatio"": 0.0, ""PprotArmPeakATR"": 0.0, ""PprotArmPeakR"": 0.0, ""PprotBELockATR"": -9.0, ""PprotBELockR"": -9.0, ""PprotFridayHour"": 12, ""PprotFridayMinATR"": 0.25, ""PprotGivebackATR"": 0.0, ""PprotGivebackFrac"": 0.0, ""PprotMode"": 15, ""PprotPartialLots"": 0.0, ""PprotSleeveMask"": 3, ""PprotTPExtendATR"": 0.0, ""PprotTightenBars"": 0, ""PprotTightenSLATR"": 0.0, ""PprotTrailATR"": 0.0, ""PprotTrailPeakATR"": 0.0}",ml\pprot1\configs\pp_is_PP0466_20260902004216_fc9a5a.yaml,pp_is_PP0466_20260902004216_fc9a5a_deals.csv,2026-09-02T00:42:16+00:00,2026-09-02T00:44:35+00:00,138.718,
6aead472f8584481b4b320d82e9cc4a5,pp_is_PP0467_20260902004414_939a7a,PP0467,F15_friday_lock,G3,IS,BT1,OK,IS_REJECT,PROFIT_DAMAGED,"IS net=296861 (-28.96%), PF=1.9194 (-14.85%), DD=4.5636% (+0.7694pt), trades=308 (+2.33%)",0,296861.0,1.9194,4.5636,308,0.710394,0.851477,0.7694,1.023256,"{""PprotArmAfterBars"": 0, ""PprotArmBeforeBars"": 0, ""PprotArmHourEnd"": -1, ""PprotArmHourStart"": -1, ""PprotArmMaxATRRatio"": 0.0, ""PprotArmMinATRRatio"": 0.0, ""PprotArmPeakATR"": 0.0, ""PprotArmPeakR"": 0.0, ""PprotBELockATR"": -9.0, ""PprotBELockR"": -9.0, ""PprotFridayHour"": 12, ""PprotFridayMinATR"": 0.5, ""PprotGivebackATR"": 0.0, ""PprotGivebackFrac"": 0.0, ""PprotMode"": 15, ""PprotPartialLots"": 0.0, ""PprotSleeveMask"": 3, ""PprotTPExtendATR"": 0.0, ""PprotTightenBars"": 0, ""PprotTightenSLATR"": 0.0, ""PprotTrailATR"": 0.0, ""PprotTrailPeakATR"": 0.0}",ml\pprot1\configs\pp_is_PP0467_20260902004414_939a7a.yaml,pp_is_PP0467_20260902004414_939a7a_deals.csv,2026-09-02T00:44:14+00:00,2026-09-02T00:46:38+00:00,143.546,
1c3b3f888c814070839f34e1be8d41ae,pp_is_PP0468_20260902004435_3cf8a5,PP0468,F15_friday_lock,G3,IS,PROD,OK,IS_REJECT,PROFIT_DAMAGED,"IS net=356223 (-14.76%), PF=2.1056 (-6.59%), DD=4.2049% (+0.4107pt), trades=307 (+1.99%)",0,356223.0,2.1056,4.2049,307,0.852449,0.934079,0.4107,1.019934,"{""PprotArmAfterBars"": 0, ""PprotArmBeforeBars"": 0, ""PprotArmHourEnd"": -1, ""PprotArmHourStart"": -1, ""PprotArmMaxATRRatio"": 0.0, ""PprotArmMinATRRatio"": 0.0, ""PprotArmPeakATR"": 0.0, ""PprotArmPeakR"": 0.0, ""PprotBELockATR"": -9.0, ""PprotBELockR"": -9.0, ""PprotFridayHour"": 12, ""PprotFridayMinATR"": 1.0, ""PprotGivebackATR"": 0.0, ""PprotGivebackFrac"": 0.0, ""PprotMode"": 15, ""PprotPartialLots"": 0.0, ""PprotSleeveMask"": 3, ""PprotTPExtendATR"": 0.0, ""PprotTightenBars"": 0, ""PprotTightenSLATR"": 0.0, ""PprotTrailATR"": 0.0, ""PprotTrailPeakATR"": 0.0}",ml\pprot1\configs\pp_is_PP0468_20260902004435_3cf8a5.yaml,pp_is_PP0468_20260902004435_3cf8a5_deals.csv,2026-09-02T00:44:35+00:00,2026-09-02T00:46:59+00:00,143.78,
3cfde072538749d9868020bb94376026,pp_is_PP0469_20260902004638_c416e2,PP0469,F15_friday_lock,G3,IS,BT1,OK,IS_REJECT,PROFIT_DAMAGED,"IS net=286440 (-31.45%), PF=1.8871 (-16.29%), DD=4.6098% (+0.8156pt), trades=309 (+2.66%)",0,286440.0,1.8871,4.6098,309,0.685457,0.837148,0.8156,1.026578,"{""PprotArmAfterBars"": 0, ""PprotArmBeforeBars"": 0, ""PprotArmHourEnd"": -1, ""PprotArmHourStart"": -1, ""PprotArmMaxATRRatio"": 0.0, ""PprotArmMinATRRatio"": 0.0, ""PprotArmPeakATR"": 0.0, ""PprotArmPeakR"": 0.0, ""PprotBELockATR"": -9.0, ""PprotBELockR"": -9.0, ""PprotFridayHour"": 16, ""PprotFridayMinATR"": 0.25, ""PprotGivebackATR"": 0.0, ""PprotGivebackFrac"": 0.0, ""PprotMode"": 15, ""PprotPartialLots"": 0.0, ""PprotSleeveMask"": 3, ""PprotTPExtendATR"": 0.0, ""PprotTightenBars"": 0, ""PprotTightenSLATR"": 0.0, ""PprotTrailATR"": 0.0, ""PprotTrailPeakATR"": 0.0}",ml\pprot1\configs\pp_is_PP0469_20260902004638_c416e2.yaml,pp_is_PP0469_20260902004638_c416e2_deals.csv,2026-09-02T00:46:38+00:00,2026-09-02T00:49:02+00:00,143.547,
295cb97e201946e890dc0b9078519157,pp_is_PP0470_20260902004659_4a0800,PP0470,F15_friday_lock,G3,IS,PROD,OK,IS_REJECT,PROFIT_DAMAGED,"IS net=295613 (-29.26%), PF=1.9155 (-15.03%), DD=4.5538% (+0.7596pt), trades=308 (+2.33%)",0,295613.0,1.9155,4.5538,308,0.707408,0.849747,0.7596,1.023256,"{""PprotArmAfterBars"": 0, ""PprotArmBeforeBars"": 0, ""PprotArmHourEnd"": -1, ""PprotArmHourStart"": -1, ""PprotArmMaxATRRatio"": 0.0, ""PprotArmMinATRRatio"": 0.0, ""PprotArmPeakATR"": 0.0, ""PprotArmPeakR"": 0.0, ""PprotBELockATR"": -9.0, ""PprotBELockR"": -9.0, ""PprotFridayHour"": 16, ""PprotFridayMinATR"": 0.5, ""PprotGivebackATR"": 0.0, ""PprotGivebackFrac"": 0.0, ""PprotMode"": 15, ""PprotPartialLots"": 0.0, ""PprotSleeveMask"": 3, ""PprotTPExtendATR"": 0.0, ""PprotTightenBars"": 0, ""PprotTightenSLATR"": 0.0, ""PprotTrailATR"": 0.0, ""PprotTrailPeakATR"": 0.0}",ml\pprot1\configs\pp_is_PP0470_20260902004659_4a0800.yaml,pp_is_PP0470_20260902004659_4a0800_deals.csv,2026-09-02T00:46:59+00:00,2026-09-02T00:49:23+00:00,143.77,
5acb7b8b84284f24b7e21d85c3a5c747,pp_is_PP0471_20260902004902_ced442,PP0471,F15_friday_lock,G3,IS,BT1,OK,IS_REJECT,PROFIT_DAMAGED,"IS net=334149 (-20.04%), PF=1.9967 (-11.42%), DD=4.2200% (+0.4258pt), trades=307 (+1.99%)",0,334149.0,1.9967,4.22,307,0.799625,0.885769,0.4258,1.019934,"{""PprotArmAfterBars"": 0, ""PprotArmBeforeBars"": 0, ""PprotArmHourEnd"": -1, ""PprotArmHourStart"": -1, ""PprotArmMaxATRRatio"": 0.0, ""PprotArmMinATRRatio"": 0.0, ""PprotArmPeakATR"": 0.0, ""PprotArmPeakR"": 0.0, ""PprotBELockATR"": -9.0, ""PprotBELockR"": -9.0, ""PprotFridayHour"": 16, ""PprotFridayMinATR"": 1.0, ""PprotGivebackATR"": 0.0, ""PprotGivebackFrac"": 0.0, ""PprotMode"": 15, ""PprotPartialLots"": 0.0, ""PprotSleeveMask"": 3, ""PprotTPExtendATR"": 0.0, ""PprotTightenBars"": 0, ""PprotTightenSLATR"": 0.0, ""PprotTrailATR"": 0.0, ""PprotTrailPeakATR"": 0.0}",ml\pprot1\configs\pp_is_PP0471_20260902004902_ced442.yaml,pp_is_PP0471_20260902004902_ced442_deals.csv,2026-09-02T00:49:02+00:00,2026-09-02T00:51:26+00:00,143.669,
10442dc49a2f44b1bf1e18fe56f93578,pp_is_PP0472_20260902004923_a20090,PP0472,F15_friday_lock,G3,IS,PROD,OK,IS_REJECT,PROFIT_DAMAGED,"IS net=300916 (-27.99%), PF=1.9072 (-15.39%), DD=4.4160% (+0.6218pt), trades=308 (+2.33%)",0,300916.0,1.9072,4.416,308,0.720098,0.846065,0.6218,1.023256,"{""PprotArmAfterBars"": 0, ""PprotArmBeforeBars"": 0, ""PprotArmHourEnd"": -1, ""PprotArmHourStart"": -1, ""PprotArmMaxATRRatio"": 0.0, ""PprotArmMinATRRatio"": 0.0, ""PprotArmPeakATR"": 0.0, ""PprotArmPeakR"": 0.0, ""PprotBELockATR"": -9.0, ""PprotBELockR"": -9.0, ""PprotFridayHour"": 18, ""PprotFridayMinATR"": 0.25, ""PprotGivebackATR"": 0.0, ""PprotGivebackFrac"": 0.0, ""PprotMode"": 15, ""PprotPartialLots"": 0.0, ""PprotSleeveMask"": 3, ""PprotTPExtendATR"": 0.0, ""PprotTightenBars"": 0, ""PprotTightenSLATR"": 0.0, ""PprotTrailATR"": 0.0, ""PprotTrailPeakATR"": 0.0}",ml\pprot1\configs\pp_is_PP0472_20260902004923_a20090.yaml,pp_is_PP0472_20260902004923_a20090_deals.csv,2026-09-02T00:49:23+00:00,2026-09-02T00:51:47+00:00,143.864,
52159cdae2a24a1a92bb2dc02db77b0e,pp_is_PP0473_20260902005126_b4996f,PP0473,F15_friday_lock,G3,IS,BT1,OK,IS_REJECT,PROFIT_DAMAGED,"IS net=321485 (-23.07%), PF=1.9692 (-12.64%), DD=4.2926% (+0.4984pt), trades=307 (+1.99%)",0,321485.0,1.9692,4.2926,307,0.76932,0.873569,0.4984,1.019934,"{""PprotArmAfterBars"": 0, ""PprotArmBeforeBars"": 0, ""PprotArmHourEnd"": -1, ""PprotArmHourStart"": -1, ""PprotArmMaxATRRatio"": 0.0, ""PprotArmMinATRRatio"": 0.0, ""PprotArmPeakATR"": 0.0, ""PprotArmPeakR"": 0.0, ""PprotBELockATR"": -9.0, ""PprotBELockR"": -9.0, ""PprotFridayHour"": 18, ""PprotFridayMinATR"": 0.5, ""PprotGivebackATR"": 0.0, ""PprotGivebackFrac"": 0.0, ""PprotMode"": 15, ""PprotPartialLots"": 0.0, ""PprotSleeveMask"": 3, ""PprotTPExtendATR"": 0.0, ""PprotTightenBars"": 0, ""PprotTightenSLATR"": 0.0, ""PprotTrailATR"": 0.0, ""PprotTrailPeakATR"": 0.0}",ml\pprot1\configs\pp_is_PP0473_20260902005126_b4996f.yaml,pp_is_PP0473_20260902005126_b4996f_deals.csv,2026-09-02T00:51:26+00:00,2026-09-02T00:53:50+00:00,143.628,
e3f1b5de462f483c8b1e12e518e46731,pp_is_PP0474_20260902005148_990e52,PP0474,F15_friday_lock,G3,IS,PROD,OK,IS_REJECT,PROFIT_DAMAGED,"IS net=372006 (-10.98%), PF=2.1238 (-5.78%), DD=4.0169% (+0.2227pt), trades=306 (+1.66%)",0,372006.0,2.1238,4.0169,306,0.890218,0.942152,0.2227,1.016611,"{""PprotArmAfterBars"": 0, ""PprotArmBeforeBars"": 0, ""PprotArmHourEnd"": -1, ""PprotArmHourStart"": -1, ""PprotArmMaxATRRatio"": 0.0, ""PprotArmMinATRRatio"": 0.0, ""PprotArmPeakATR"": 0.0, ""PprotArmPeakR"": 0.0, ""PprotBELockATR"": -9.0, ""PprotBELockR"": -9.0, ""PprotFridayHour"": 18, ""PprotFridayMinATR"": 1.0, ""PprotGivebackATR"": 0.0, ""PprotGivebackFrac"": 0.0, ""PprotMode"": 15, ""PprotPartialLots"": 0.0, ""PprotSleeveMask"": 3, ""PprotTPExtendATR"": 0.0, ""PprotTightenBars"": 0, ""PprotTightenSLATR"": 0.0, ""PprotTrailATR"": 0.0, ""PprotTrailPeakATR"": 0.0}",ml\pprot1\configs\pp_is_PP0474_20260902005148_990e52.yaml,pp_is_PP0474_20260902005148_990e52_deals.csv,2026-09-02T00:51:48+00:00,2026-09-02T00:54:12+00:00,143.831,
9f49f4574d0b4b00acd79098aa34b973,pp_is_PP0475_20260902005350_3bc1f4,PP0475,F15_friday_lock,G3,IS,BT1,OK,IS_REJECT,PROFIT_DAMAGED,"IS net=313813 (-24.90%), PF=1.9206 (-14.80%), DD=4.3378% (+0.5436pt), trades=307 (+1.99%)",0,313813.0,1.9206,4.3378,307,0.750961,0.85201,0.5436,1.019934,"{""PprotArmAfterBars"": 0, ""PprotArmBeforeBars"": 0, ""PprotArmHourEnd"": -1, ""PprotArmHourStart"": -1, ""PprotArmMaxATRRatio"": 0.0, ""PprotArmMinATRRatio"": 0.0, ""PprotArmPeakATR"": 0.0, ""PprotArmPeakR"": 0.0, ""PprotBELockATR"": -9.0, ""PprotBELockR"": -9.0, ""PprotFridayHour"": 20, ""PprotFridayMinATR"": 0.25, ""PprotGivebackATR"": 0.0, ""PprotGivebackFrac"": 0.0, ""PprotMode"": 15, ""PprotPartialLots"": 0.0, ""PprotSleeveMask"": 3, ""PprotTPExtendATR"": 0.0, ""PprotTightenBars"": 0, ""PprotTightenSLATR"": 0.0, ""PprotTrailATR"": 0.0, ""PprotTrailPeakATR"": 0.0}",ml\pprot1\configs\pp_is_PP0475_20260902005350_3bc1f4.yaml,pp_is_PP0475_20260902005350_3bc1f4_deals.csv,2026-09-02T00:53:50+00:00,2026-09-02T00:56:19+00:00,148.586,
04aaa10b279f4fba81f74cd98cfad231,pp_is_PP0476_20260902005412_3830b3,PP0476,F15_friday_lock,G3,IS,PROD,OK,IS_REJECT,PROFIT_DAMAGED,"IS net=316687 (-24.22%), PF=1.9290 (-14.43%), DD=4.3208% (+0.5266pt), trades=307 (+1.99%)",0,316687.0,1.929,4.3208,307,0.757838,0.855736,0.5266,1.019934,"{""PprotArmAfterBars"": 0, ""PprotArmBeforeBars"": 0, ""PprotArmHourEnd"": -1, ""PprotArmHourStart"": -1, ""PprotArmMaxATRRatio"": 0.0, ""PprotArmMinATRRatio"": 0.0, ""PprotArmPeakATR"": 0.0, ""PprotArmPeakR"": 0.0, ""PprotBELockATR"": -9.0, ""PprotBELockR"": -9.0, ""PprotFridayHour"": 20, ""PprotFridayMinATR"": 0.5, ""PprotGivebackATR"": 0.0, ""PprotGivebackFrac"": 0.0, ""PprotMode"": 15, ""PprotPartialLots"": 0.0, ""PprotSleeveMask"": 3, ""PprotTPExtendATR"": 0.0, ""PprotTightenBars"": 0, ""PprotTightenSLATR"": 0.0, ""PprotTrailATR"": 0.0, ""PprotTrailPeakATR"": 0.0}",ml\pprot1\configs\pp_is_PP0476_20260902005412_3830b3.yaml,pp_is_PP0476_20260902005412_3830b3_deals.csv,2026-09-02T00:54:12+00:00,2026-09-02T00:56:41+00:00,148.764,
7345e8945a6647f09772d17309ba3607,pp_is_PP0477_20260902005619_9dc17d,PP0477,F15_friday_lock,G3,IS,BT1,OK,IS_REJECT,PROFIT_DAMAGED,"IS net=357791 (-14.38%), PF=2.0518 (-8.98%), DD=4.0908% (+0.2966pt), trades=306 (+1.66%)",0,357791.0,2.0518,4.0908,306,0.856201,0.910212,0.2966,1.016611,"{""PprotArmAfterBars"": 0, ""PprotArmBeforeBars"": 0, ""PprotArmHourEnd"": -1, ""PprotArmHourStart"": -1, ""PprotArmMaxATRRatio"": 0.0, ""PprotArmMinATRRatio"": 0.0, ""PprotArmPeakATR"": 0.0, ""PprotArmPeakR"": 0.0, ""PprotBELockATR"": -9.0, ""PprotBELockR"": -9.0, ""PprotFridayHour"": 20, ""PprotFridayMinATR"": 1.0, ""PprotGivebackATR"": 0.0, ""PprotGivebackFrac"": 0.0, ""PprotMode"": 15, ""PprotPartialLots"": 0.0, ""PprotSleeveMask"": 3, ""PprotTPExtendATR"": 0.0, ""PprotTightenBars"": 0, ""PprotTightenSLATR"": 0.0, ""PprotTrailATR"": 0.0, ""PprotTrailPeakATR"": 0.0}",ml\pprot1\configs\pp_is_PP0477_20260902005619_9dc17d.yaml,pp_is_PP0477_20260902005619_9dc17d_deals.csv,2026-09-02T00:56:19+00:00,2026-09-02T00:58:43+00:00,143.649,
1363473333964d71a9456c0128948797,pp_is_PP0478_20260902005641_dd686d,PP0478,F16_trail_after_age,G1,IS,PROD,OK,IS_REJECT,PROFIT_DAMAGED,"IS net=270954 (-35.16%), PF=1.8394 (-18.40%), DD=5.2591% (+1.4649pt), trades=314 (+4.32%)",0,270954.0,1.8394,5.2591,314,0.648398,0.815988,1.4649,1.043189,"{""PprotArmAfterBars"": 6, ""PprotArmBeforeBars"": 0, ""PprotArmHourEnd"": -1, ""PprotArmHourStart"": -1, ""PprotArmMaxATRRatio"": 0.0, ""PprotArmMinATRRatio"": 0.0, ""PprotArmPeakATR"": 0.0, ""PprotArmPeakR"": 0.0, ""PprotBELockATR"": -9.0, ""PprotBELockR"": -9.0, ""PprotFridayHour"": -1, ""PprotFridayMinATR"": 0.0, ""PprotGivebackATR"": 0.0, ""PprotGivebackFrac"": 0.0, ""PprotMode"": 16, ""PprotPartialLots"": 0.0, ""PprotSleeveMask"": 1, ""PprotTPExtendATR"": 0.0, ""PprotTightenBars"": 0, ""PprotTightenSLATR"": 0.0, ""PprotTrailATR"": 1.0, ""PprotTrailPeakATR"": 0.0}",ml\pprot1\configs\pp_is_PP0478_20260902005641_dd686d.yaml,pp_is_PP0478_20260902005641_dd686d_deals.csv,2026-09-02T00:56:41+00:00,2026-09-02T00:58:50+00:00,128.741,
ab5a859f5dd648ed9854a51afa0f5b67,pp_is_PP0479_20260902005843_77e699,PP0479,F16_trail_after_age,G1,IS,BT1,OK,IS_REJECT,PROFIT_DAMAGED,"IS net=348241 (-16.67%), PF=2.0875 (-7.40%), DD=4.2546% (+0.4604pt), trades=310 (+2.99%)",0,348241.0,2.0875,4.2546,310,0.833348,0.926049,0.4604,1.0299,"{""PprotArmAfterBars"": 6, ""PprotArmBeforeBars"": 0, ""PprotArmHourEnd"": -1, ""PprotArmHourStart"": -1, ""PprotArmMaxATRRatio"": 0.0, ""PprotArmMinATRRatio"": 0.0, ""PprotArmPeakATR"": 0.0, ""PprotArmPeakR"": 0.0, ""PprotBELockATR"": -9.0, ""PprotBELockR"": -9.0, ""PprotFridayHour"": -1, ""PprotFridayMinATR"": 0.0, ""PprotGivebackATR"": 0.0, ""PprotGivebackFrac"": 0.0, ""PprotMode"": 16, ""PprotPartialLots"": 0.0, ""PprotSleeveMask"": 1, ""PprotTPExtendATR"": 0.0, ""PprotTightenBars"": 0, ""PprotTightenSLATR"": 0.0, ""PprotTrailATR"": 1.5, ""PprotTrailPeakATR"": 0.0}",ml\pprot1\configs\pp_is_PP0479_20260902005843_77e699.yaml,pp_is_PP0479_20260902005843_77e699_deals.csv,2026-09-02T00:58:43+00:00,2026-09-02T01:00:51+00:00,128.629,
d134b3ac1ff640a79fd95c99c84a6a12,pp_is_PP0480_20260902005850_705981,PP0480,F16_trail_after_age,G1,IS,PROD,OK,IS_REJECT,PROFIT_DAMAGED,"IS net=341808 (-18.20%), PF=2.0542 (-8.87%), DD=4.9358% (+1.1416pt), trades=309 (+2.66%)",0,341808.0,2.0542,4.9358,309,0.817953,0.911277,1.1416,1.026578,"{""PprotArmAfterBars"": 6, ""PprotArmBeforeBars"": 0, ""PprotArmHourEnd"": -1, ""PprotArmHourStart"": -1, ""PprotArmMaxATRRatio"": 0.0, ""PprotArmMinATRRatio"": 0.0, ""PprotArmPeakATR"": 0.0, ""PprotArmPeakR"": 0.0, ""PprotBELockATR"": -9.0, ""PprotBELockR"": -9.0, ""PprotFridayHour"": -1, ""PprotFridayMinATR"": 0.0, ""PprotGivebackATR"": 0.0, ""PprotGivebackFrac"": 0.0, ""PprotMode"": 16, ""PprotPartialLots"": 0.0, ""PprotSleeveMask"": 1, ""PprotTPExtendATR"": 0.0, ""PprotTightenBars"": 0, ""PprotTightenSLATR"": 0.0, ""PprotTrailATR"": 2.0, ""PprotTrailPeakATR"": 0.0}",ml\pprot1\configs\pp_is_PP0480_20260902005850_705981.yaml,pp_is_PP0480_20260902005850_705981_deals.csv,2026-09-02T00:58:50+00:00,2026-09-02T01:00:59+00:00,128.71,
4fcad27621f8489d8d884938899b7f26,pp_is_PP0481_20260902010052_81954a,PP0481,F16_trail_after_age,G1,IS,BT1,OK,IS_REJECT,PROFIT_DAMAGED,"IS net=338438 (-19.01%), PF=2.0262 (-10.11%), DD=4.3082% (+0.5140pt), trades=308 (+2.33%)",0,338438.0,2.0262,4.3082,308,0.809889,0.898855,0.514,1.023256,"{""PprotArmAfterBars"": 12, ""PprotArmBeforeBars"": 0, ""PprotArmHourEnd"": -1, ""PprotArmHourStart"": -1, ""PprotArmMaxATRRatio"": 0.0, ""PprotArmMinATRRatio"": 0.0, ""PprotArmPeakATR"": 0.0, ""PprotArmPeakR"": 0.0, ""PprotBELockATR"": -9.0, ""PprotBELockR"": -9.0, ""PprotFridayHour"": -1, ""PprotFridayMinATR"": 0.0, ""PprotGivebackATR"": 0.0, ""PprotGivebackFrac"": 0.0, ""PprotMode"": 16, ""PprotPartialLots"": 0.0, ""PprotSleeveMask"": 1, ""PprotTPExtendATR"": 0.0, ""PprotTightenBars"": 0, ""PprotTightenSLATR"": 0.0, ""PprotTrailATR"": 1.0, ""PprotTrailPeakATR"": 0.0}",ml\pprot1\configs\pp_is_PP0481_20260902010052_81954a.yaml,pp_is_PP0481_20260902010052_81954a_deals.csv,2026-09-02T01:00:52+00:00,2026-09-02T01:03:00+00:00,128.566,
f3a9da519e6d4bca95c7e255c7b0a9c1,pp_is_PP0482_20260902010059_46ddc6,PP0482,F16_trail_after_age,G1,IS,PROD,OK,IS_REJECT,PROFIT_DAMAGED,"IS net=383486 (-8.23%), PF=2.1656 (-3.93%), DD=4.4982% (+0.7040pt), trades=307 (+1.99%)",0,383486.0,2.1656,4.4982,307,0.91769,0.960696,0.704,1.019934,"{""PprotArmAfterBars"": 12, ""PprotArmBeforeBars"": 0, ""PprotArmHourEnd"": -1, ""PprotArmHourStart"": -1, ""PprotArmMaxATRRatio"": 0.0, ""PprotArmMinATRRatio"": 0.0, ""PprotArmPeakATR"": 0.0, ""PprotArmPeakR"": 0.0, ""PprotBELockATR"": -9.0, ""PprotBELockR"": -9.0, ""PprotFridayHour"": -1, ""PprotFridayMinATR"": 0.0, ""PprotGivebackATR"": 0.0, ""PprotGivebackFrac"": 0.0, ""PprotMode"": 16, ""PprotPartialLots"": 0.0, ""PprotSleeveMask"": 1, ""PprotTPExtendATR"": 0.0, ""PprotTightenBars"": 0, ""PprotTightenSLATR"": 0.0, ""PprotTrailATR"": 1.5, ""PprotTrailPeakATR"": 0.0}",ml\pprot1\configs\pp_is_PP0482_20260902010059_46ddc6.yaml,pp_is_PP0482_20260902010059_46ddc6_deals.csv,2026-09-02T01:00:59+00:00,2026-09-02T01:03:08+00:00,128.728,
a35c6f4b93ea4db7a6f1a57d5e2de37b,pp_is_PP0483_20260902010301_4b533b,PP0483,F16_trail_after_age,G1,IS,BT1,OK,IS_REJECT,PROFIT_DAMAGED,"IS net=376663 (-9.86%), PF=2.1358 (-5.25%), DD=4.3135% (+0.5193pt), trades=306 (+1.66%)",0,376663.0,2.1358,4.3135,306,0.901362,0.947476,0.5193,1.016611,"{""PprotArmAfterBars"": 12, ""PprotArmBeforeBars"": 0, ""PprotArmHourEnd"": -1, ""PprotArmHourStart"": -1, ""PprotArmMaxATRRatio"": 0.0, ""PprotArmMinATRRatio"": 0.0, ""PprotArmPeakATR"": 0.0, ""PprotArmPeakR"": 0.0, ""PprotBELockATR"": -9.0, ""PprotBELockR"": -9.0, ""PprotFridayHour"": -1, ""PprotFridayMinATR"": 0.0, ""PprotGivebackATR"": 0.0, ""PprotGivebackFrac"": 0.0, ""PprotMode"": 16, ""PprotPartialLots"": 0.0, ""PprotSleeveMask"": 1, ""PprotTPExtendATR"": 0.0, ""PprotTightenBars"": 0, ""PprotTightenSLATR"": 0.0, ""PprotTrailATR"": 2.0, ""PprotTrailPeakATR"": 0.0}",ml\pprot1\configs\pp_is_PP0483_20260902010301_4b533b.yaml,pp_is_PP0483_20260902010301_4b533b_deals.csv,2026-09-02T01:03:01+00:00,2026-09-02T01:05:19+00:00,138.622,
3fc40ee45f7341dcbf61376649edd842,pp_is_PP0484_20260902010308_d41a6f,PP0484,F16_trail_after_age,G1,IS,PROD,OK,IS_REJECT,PROFIT_DAMAGED,"IS net=382948 (-8.36%), PF=2.1604 (-4.16%), DD=4.3571% (+0.5629pt), trades=306 (+1.66%)",0,382948.0,2.1604,4.3571,306,0.916402,0.958389,0.5629,1.016611,"{""PprotArmAfterBars"": 24, ""PprotArmBeforeBars"": 0, ""PprotArmHourEnd"": -1, ""PprotArmHourStart"": -1, ""PprotArmMaxATRRatio"": 0.0, ""PprotArmMinATRRatio"": 0.0, ""PprotArmPeakATR"": 0.0, ""PprotArmPeakR"": 0.0, ""PprotBELockATR"": -9.0, ""PprotBELockR"": -9.0, ""PprotFridayHour"": -1, ""PprotFridayMinATR"": 0.0, ""PprotGivebackATR"": 0.0, ""PprotGivebackFrac"": 0.0, ""PprotMode"": 16, ""PprotPartialLots"": 0.0, ""PprotSleeveMask"": 1, ""PprotTPExtendATR"": 0.0, ""PprotTightenBars"": 0, ""PprotTightenSLATR"": 0.0, ""PprotTrailATR"": 1.0, ""PprotTrailPeakATR"": 0.0}",ml\pprot1\configs\pp_is_PP0484_20260902010308_d41a6f.yaml,pp_is_PP0484_20260902010308_d41a6f_deals.csv,2026-09-02T01:03:08+00:00,2026-09-02T01:05:27+00:00,138.752,
96928f79420643fea4625768c72fc000,pp_is_PP0485_20260902010520_8731a5,PP0485,F16_trail_after_age,G1,IS,BT1,OK,IS_REJECT,PROFIT_DAMAGED,"IS net=382104 (-8.56%), PF=2.1515 (-4.56%), DD=4.6709% (+0.8767pt), trades=306 (+1.66%)",0,382104.0,2.1515,4.6709,306,0.914383,0.954441,0.8767,1.016611,"{""PprotArmAfterBars"": 24, ""PprotArmBeforeBars"": 0, ""PprotArmHourEnd"": -1, ""PprotArmHourStart"": -1, ""PprotArmMaxATRRatio"": 0.0, ""PprotArmMinATRRatio"": 0.0, ""PprotArmPeakATR"": 0.0, ""PprotArmPeakR"": 0.0, ""PprotBELockATR"": -9.0, ""PprotBELockR"": -9.0, ""PprotFridayHour"": -1, ""PprotFridayMinATR"": 0.0, ""PprotGivebackATR"": 0.0, ""PprotGivebackFrac"": 0.0, ""PprotMode"": 16, ""PprotPartialLots"": 0.0, ""PprotSleeveMask"": 1, ""PprotTPExtendATR"": 0.0, ""PprotTightenBars"": 0, ""PprotTightenSLATR"": 0.0, ""PprotTrailATR"": 1.5, ""PprotTrailPeakATR"": 0.0}",ml\pprot1\configs\pp_is_PP0485_20260902010520_8731a5.yaml,pp_is_PP0485_20260902010520_8731a5_deals.csv,2026-09-02T01:05:20+00:00,2026-09-02T01:07:33+00:00,133.657,
258c6d591b204ce5b2d932b848b06268,pp_is_PP0486_20260902010527_af439d,PP0486,F16_trail_after_age,G1,IS,PROD,OK,IS_REJECT,PROFIT_DAMAGED,"IS net=370169 (-11.42%), PF=2.1003 (-6.83%), DD=4.2040% (+0.4098pt), trades=304 (+1.00%)",0,370169.0,2.1003,4.204,304,0.885822,0.931727,0.4098,1.009967,"{""PprotArmAfterBars"": 24, ""PprotArmBeforeBars"": 0, ""PprotArmHourEnd"": -1, ""PprotArmHourStart"": -1, ""PprotArmMaxATRRatio"": 0.0, ""PprotArmMinATRRatio"": 0.0, ""PprotArmPeakATR"": 0.0, ""PprotArmPeakR"": 0.0, ""PprotBELockATR"": -9.0, ""PprotBELockR"": -9.0, ""PprotFridayHour"": -1, ""PprotFridayMinATR"": 0.0, ""PprotGivebackATR"": 0.0, ""PprotGivebackFrac"": 0.0, ""PprotMode"": 16, ""PprotPartialLots"": 0.0, ""PprotSleeveMask"": 1, ""PprotTPExtendATR"": 0.0, ""PprotTightenBars"": 0, ""PprotTightenSLATR"": 0.0, ""PprotTrailATR"": 2.0, ""PprotTrailPeakATR"": 0.0}",ml\pprot1\configs\pp_is_PP0486_20260902010527_af439d.yaml,pp_is_PP0486_20260902010527_af439d_deals.csv,2026-09-02T01:05:27+00:00,2026-09-02T01:07:41+00:00,133.749,
a7d5d828cda84806bad7424afadad2bb,pp_is_PP0487_20260902010733_438f93,PP0487,F16_trail_after_age,G2,IS,BT1,OK,IS_REJECT,PROFIT_DAMAGED,"IS net=376417 (-9.92%), PF=2.1154 (-6.16%), DD=3.8456% (+0.0514pt), trades=301 (+0.00%)",0,376417.0,2.1154,3.8456,301,0.900773,0.938426,0.0514,1.0,"{""PprotArmAfterBars"": 8, ""PprotArmBeforeBars"": 0, ""PprotArmHourEnd"": -1, ""PprotArmHourStart"": -1, ""PprotArmMaxATRRatio"": 0.0, ""PprotArmMinATRRatio"": 0.0, ""PprotArmPeakATR"": 0.0, ""PprotArmPeakR"": 0.0, ""PprotBELockATR"": -9.0, ""PprotBELockR"": -9.0, ""PprotFridayHour"": -1, ""PprotFridayMinATR"": 0.0, ""PprotGivebackATR"": 0.0, ""PprotGivebackFrac"": 0.0, ""PprotMode"": 16, ""PprotPartialLots"": 0.0, ""PprotSleeveMask"": 2, ""PprotTPExtendATR"": 0.0, ""PprotTightenBars"": 0, ""PprotTightenSLATR"": 0.0, ""PprotTrailATR"": 1.0, ""PprotTrailPeakATR"": 0.0}",ml\pprot1\configs\pp_is_PP0487_20260902010733_438f93.yaml,pp_is_PP0487_20260902010733_438f93_deals.csv,2026-09-02T01:07:33+00:00,2026-09-02T01:09:57+00:00,143.635,
2e0188e555624ec390a18a3bdd1043b0,pp_is_PP0488_20260902010741_15ca6c,PP0488,F16_trail_after_age,G2,IS,PROD,OK,IS_REJECT,PROFIT_DAMAGED,"IS net=411243 (-1.59%), PF=2.2315 (-1.01%), DD=3.8261% (+0.0319pt), trades=301 (+0.00%)",0,411243.0,2.2315,3.8261,301,0.984113,0.98993,0.0319,1.0,"{""PprotArmAfterBars"": 8, ""PprotArmBeforeBars"": 0, ""PprotArmHourEnd"": -1, ""PprotArmHourStart"": -1, ""PprotArmMaxATRRatio"": 0.0, ""PprotArmMinATRRatio"": 0.0, ""PprotArmPeakATR"": 0.0, ""PprotArmPeakR"": 0.0, ""PprotBELockATR"": -9.0, ""PprotBELockR"": -9.0, ""PprotFridayHour"": -1, ""PprotFridayMinATR"": 0.0, ""PprotGivebackATR"": 0.0, ""PprotGivebackFrac"": 0.0, ""PprotMode"": 16, ""PprotPartialLots"": 0.0, ""PprotSleeveMask"": 2, ""PprotTPExtendATR"": 0.0, ""PprotTightenBars"": 0, ""PprotTightenSLATR"": 0.0, ""PprotTrailATR"": 1.5, ""PprotTrailPeakATR"": 0.0}",ml\pprot1\configs\pp_is_PP0488_20260902010741_15ca6c.yaml,pp_is_PP0488_20260902010741_15ca6c_deals.csv,2026-09-02T01:07:41+00:00,2026-09-02T01:10:05+00:00,143.83,
92ae089d4c4e44e0bcadfe562ffe6e79,pp_is_PP0489_20260902010957_b5e53c,PP0489,F16_trail_after_age,G2,IS,BT1,OK,IS_REJECT,PROFIT_DAMAGED,"IS net=409306 (-2.05%), PF=2.2211 (-1.47%), DD=3.8351% (+0.0409pt), trades=301 (+0.00%)",0,409306.0,2.2211,3.8351,301,0.979477,0.985316,0.0409,1.0,"{""PprotArmAfterBars"": 16, ""PprotArmBeforeBars"": 0, ""PprotArmHourEnd"": -1, ""PprotArmHourStart"": -1, ""PprotArmMaxATRRatio"": 0.0, ""PprotArmMinATRRatio"": 0.0, ""PprotArmPeakATR"": 0.0, ""PprotArmPeakR"": 0.0, ""PprotBELockATR"": -9.0, ""PprotBELockR"": -9.0, ""PprotFridayHour"": -1, ""PprotFridayMinATR"": 0.0, ""PprotGivebackATR"": 0.0, ""PprotGivebackFrac"": 0.0, ""PprotMode"": 16, ""PprotPartialLots"": 0.0, ""PprotSleeveMask"": 2, ""PprotTPExtendATR"": 0.0, ""PprotTightenBars"": 0, ""PprotTightenSLATR"": 0.0, ""PprotTrailATR"": 1.0, ""PprotTrailPeakATR"": 0.0}",ml\pprot1\configs\pp_is_PP0489_20260902010957_b5e53c.yaml,pp_is_PP0489_20260902010957_b5e53c_deals.csv,2026-09-02T01:09:57+00:00,2026-09-02T01:12:11+00:00,133.605,
15a14b80d4f54834819b797f770b39ce,pp_is_PP0490_20260902011005_ebdd70,PP0490,F16_trail_after_age,G2,IS,PROD,OK,IS_REJECT,PROFIT_DAMAGED,"IS net=411243 (-1.59%), PF=2.2315 (-1.01%), DD=3.8261% (+0.0319pt), trades=301 (+0.00%)",0,411243.0,2.2315,3.8261,301,0.984113,0.98993,0.0319,1.0,"{""PprotArmAfterBars"": 16, ""PprotArmBeforeBars"": 0, ""PprotArmHourEnd"": -1, ""PprotArmHourStart"": -1, ""PprotArmMaxATRRatio"": 0.0, ""PprotArmMinATRRatio"": 0.0, ""PprotArmPeakATR"": 0.0, ""PprotArmPeakR"": 0.0, ""PprotBELockATR"": -9.0, ""PprotBELockR"": -9.0, ""PprotFridayHour"": -1, ""PprotFridayMinATR"": 0.0, ""PprotGivebackATR"": 0.0, ""PprotGivebackFrac"": 0.0, ""PprotMode"": 16, ""PprotPartialLots"": 0.0, ""PprotSleeveMask"": 2, ""PprotTPExtendATR"": 0.0, ""PprotTightenBars"": 0, ""PprotTightenSLATR"": 0.0, ""PprotTrailATR"": 1.5, ""PprotTrailPeakATR"": 0.0}",ml\pprot1\configs\pp_is_PP0490_20260902011005_ebdd70.yaml,pp_is_PP0490_20260902011005_ebdd70_deals.csv,2026-09-02T01:10:05+00:00,2026-09-02T01:12:19+00:00,133.795,
4608513e7d4948e0a8e9fcef4c5a5e6d,pp_is_PP0491_20260902011212_8ece62,PP0491,F16_trail_after_age,G2,IS,BT1,OK,IS_REJECT,PROFIT_DAMAGED,"IS net=410622 (-1.74%), PF=2.2274 (-1.19%), DD=3.8289% (+0.0347pt), trades=301 (+0.00%)",0,410622.0,2.2274,3.8289,301,0.982627,0.988111,0.0347,1.0,"{""PprotArmAfterBars"": 24, ""PprotArmBeforeBars"": 0, ""PprotArmHourEnd"": -1, ""PprotArmHourStart"": -1, ""PprotArmMaxATRRatio"": 0.0, ""PprotArmMinATRRatio"": 0.0, ""PprotArmPeakATR"": 0.0, ""PprotArmPeakR"": 0.0, ""PprotBELockATR"": -9.0, ""PprotBELockR"": -9.0, ""PprotFridayHour"": -1, ""PprotFridayMinATR"": 0.0, ""PprotGivebackATR"": 0.0, ""PprotGivebackFrac"": 0.0, ""PprotMode"": 16, ""PprotPartialLots"": 0.0, ""PprotSleeveMask"": 2, ""PprotTPExtendATR"": 0.0, ""PprotTightenBars"": 0, ""PprotTightenSLATR"": 0.0, ""PprotTrailATR"": 1.0, ""PprotTrailPeakATR"": 0.0}",ml\pprot1\configs\pp_is_PP0491_20260902011212_8ece62.yaml,pp_is_PP0491_20260902011212_8ece62_deals.csv,2026-09-02T01:12:12+00:00,2026-09-02T01:14:33+00:00,141.365,
7f82c439740f439797c4f12767ebd5b9,pp_is_PP0492_20260902011219_22b4de,PP0492,F16_trail_after_age,G2,IS,PROD,OK,IS_REJECT,PROFIT_DAMAGED,"IS net=411243 (-1.59%), PF=2.2315 (-1.01%), DD=3.8261% (+0.0319pt), trades=301 (+0.00%)",0,411243.0,2.2315,3.8261,301,0.984113,0.98993,0.0319,1.0,"{""PprotArmAfterBars"": 24, ""PprotArmBeforeBars"": 0, ""PprotArmHourEnd"": -1, ""PprotArmHourStart"": -1, ""PprotArmMaxATRRatio"": 0.0, ""PprotArmMinATRRatio"": 0.0, ""PprotArmPeakATR"": 0.0, ""PprotArmPeakR"": 0.0, ""PprotBELockATR"": -9.0, ""PprotBELockR"": -9.0, ""PprotFridayHour"": -1, ""PprotFridayMinATR"": 0.0, ""PprotGivebackATR"": 0.0, ""PprotGivebackFrac"": 0.0, ""PprotMode"": 16, ""PprotPartialLots"": 0.0, ""PprotSleeveMask"": 2, ""PprotTPExtendATR"": 0.0, ""PprotTightenBars"": 0, ""PprotTightenSLATR"": 0.0, ""PprotTrailATR"": 1.5, ""PprotTrailPeakATR"": 0.0}",ml\pprot1\configs\pp_is_PP0492_20260902011219_22b4de.yaml,pp_is_PP0492_20260902011219_22b4de_deals.csv,2026-09-02T01:12:19+00:00,2026-09-02T01:14:43+00:00,143.918,
04b18071b93948ab95372174690525cf,pp_is_PP0493_20260902011433_a942a5,PP0493,F17_giveback_after_age,G1,IS,BT1,OK,IS_REJECT,PROFIT_DAMAGED,"IS net=214488 (-48.67%), PF=1.6499 (-26.81%), DD=6.4633% (+2.6691pt), trades=317 (+5.32%)",0,214488.0,1.6499,6.4633,317,0.513274,0.731923,2.6691,1.053156,"{""PprotArmAfterBars"": 6, ""PprotArmBeforeBars"": 0, ""PprotArmHourEnd"": -1, ""PprotArmHourStart"": -1, ""PprotArmMaxATRRatio"": 0.0, ""PprotArmMinATRRatio"": 0.0, ""PprotArmPeakATR"": 0.0, ""PprotArmPeakR"": 0.0, ""PprotBELockATR"": -9.0, ""PprotBELockR"": -9.0, ""PprotFridayHour"": -1, ""PprotFridayMinATR"": 0.0, ""PprotGivebackATR"": 0.0, ""PprotGivebackFrac"": 0.4, ""PprotMode"": 17, ""PprotPartialLots"": 0.0, ""PprotSleeveMask"": 1, ""PprotTPExtendATR"": 0.0, ""PprotTightenBars"": 0, ""PprotTightenSLATR"": 0.0, ""PprotTrailATR"": 0.0, ""PprotTrailPeakATR"": 0.0}",ml\pprot1\configs\pp_is_PP0493_20260902011433_a942a5.yaml,pp_is_PP0493_20260902011433_a942a5_deals.csv,2026-09-02T01:14:33+00:00,2026-09-02T01:16:32+00:00,118.642,
d541147928464a518a1b53d497471759,pp_is_PP0494_20260902011443_32df1a,PP0494,F17_giveback_after_age,G1,IS,PROD,OK,IS_REJECT,PROFIT_DAMAGED,"IS net=223834 (-46.44%), PF=1.6783 (-25.55%), DD=6.2892% (+2.4950pt), trades=317 (+5.32%)",0,223834.0,1.6783,6.2892,317,0.535639,0.744521,2.495,1.053156,"{""PprotArmAfterBars"": 6, ""PprotArmBeforeBars"": 0, ""PprotArmHourEnd"": -1, ""PprotArmHourStart"": -1, ""PprotArmMaxATRRatio"": 0.0, ""PprotArmMinATRRatio"": 0.0, ""PprotArmPeakATR"": 0.0, ""PprotArmPeakR"": 0.0, ""PprotBELockATR"": -9.0, ""PprotBELockR"": -9.0, ""PprotFridayHour"": -1, ""PprotFridayMinATR"": 0.0, ""PprotGivebackATR"": 0.0, ""PprotGivebackFrac"": 0.5, ""PprotMode"": 17, ""PprotPartialLots"": 0.0, ""PprotSleeveMask"": 1, ""PprotTPExtendATR"": 0.0, ""PprotTightenBars"": 0, ""PprotTightenSLATR"": 0.0, ""PprotTrailATR"": 0.0, ""PprotTrailPeakATR"": 0.0}",ml\pprot1\configs\pp_is_PP0494_20260902011443_32df1a.yaml,pp_is_PP0494_20260902011443_32df1a_deals.csv,2026-09-02T01:14:43+00:00,2026-09-02T01:16:42+00:00,118.775,
6eaded42e7d24570bb0f251fb1fce490,pp_is_PP0495_20260902011632_ff89c3,PP0495,F17_giveback_after_age,G1,IS,BT1,OK,IS_REJECT,PROFIT_DAMAGED,"IS net=250380 (-40.08%), PF=1.7374 (-22.93%), DD=4.8258% (+1.0316pt), trades=311 (+3.32%)",0,250380.0,1.7374,4.8258,311,0.599164,0.770739,1.0316,1.033223,"{""PprotArmAfterBars"": 12, ""PprotArmBeforeBars"": 0, ""PprotArmHourEnd"": -1, ""PprotArmHourStart"": -1, ""PprotArmMaxATRRatio"": 0.0, ""PprotArmMinATRRatio"": 0.0, ""PprotArmPeakATR"": 0.0, ""PprotArmPeakR"": 0.0, ""PprotBELockATR"": -9.0, ""PprotBELockR"": -9.0, ""PprotFridayHour"": -1, ""PprotFridayMinATR"": 0.0, ""PprotGivebackATR"": 0.0, ""PprotGivebackFrac"": 0.4, ""PprotMode"": 17, ""PprotPartialLots"": 0.0, ""PprotSleeveMask"": 1, ""PprotTPExtendATR"": 0.0, ""PprotTightenBars"": 0, ""PprotTightenSLATR"": 0.0, ""PprotTrailATR"": 0.0, ""PprotTrailPeakATR"": 0.0}",ml\pprot1\configs\pp_is_PP0495_20260902011632_ff89c3.yaml,pp_is_PP0495_20260902011632_ff89c3_deals.csv,2026-09-02T01:16:32+00:00,2026-09-02T01:18:36+00:00,123.696,
c06bc8511d8946dbb28e880cc82964eb,pp_is_PP0496_20260902011643_803bec,PP0496,F17_giveback_after_age,G1,IS,PROD,OK,IS_REJECT,PROFIT_DAMAGED,"IS net=265178 (-36.54%), PF=1.7805 (-21.01%), DD=4.7192% (+0.9250pt), trades=311 (+3.32%)",0,265178.0,1.7805,4.7192,311,0.634576,0.789859,0.925,1.033223,"{""PprotArmAfterBars"": 12, ""PprotArmBeforeBars"": 0, ""PprotArmHourEnd"": -1, ""PprotArmHourStart"": -1, ""PprotArmMaxATRRatio"": 0.0, ""PprotArmMinATRRatio"": 0.0, ""PprotArmPeakATR"": 0.0, ""PprotArmPeakR"": 0.0, ""PprotBELockATR"": -9.0, ""PprotBELockR"": -9.0, ""PprotFridayHour"": -1, ""PprotFridayMinATR"": 0.0, ""PprotGivebackATR"": 0.0, ""PprotGivebackFrac"": 0.5, ""PprotMode"": 17, ""PprotPartialLots"": 0.0, ""PprotSleeveMask"": 1, ""PprotTPExtendATR"": 0.0, ""PprotTightenBars"": 0, ""PprotTightenSLATR"": 0.0, ""PprotTrailATR"": 0.0, ""PprotTrailPeakATR"": 0.0}",ml\pprot1\configs\pp_is_PP0496_20260902011643_803bec.yaml,pp_is_PP0496_20260902011643_803bec_deals.csv,2026-09-02T01:16:43+00:00,2026-09-02T01:18:46+00:00,123.707,
d174a3e46a774738a962a11131d143c0,pp_is_PP0497_20260902011836_cfa8b4,PP0497,F17_giveback_after_age,G1,IS,BT1,OK,IS_REJECT,PROFIT_DAMAGED,"IS net=351485 (-15.89%), PF=2.0459 (-9.24%), DD=4.8293% (+1.0351pt), trades=307 (+1.99%)",0,351485.0,2.0459,4.8293,307,0.841111,0.907595,1.0351,1.019934,"{""PprotArmAfterBars"": 24, ""PprotArmBeforeBars"": 0, ""PprotArmHourEnd"": -1, ""PprotArmHourStart"": -1, ""PprotArmMaxATRRatio"": 0.0, ""PprotArmMinATRRatio"": 0.0, ""PprotArmPeakATR"": 0.0, ""PprotArmPeakR"": 0.0, ""PprotBELockATR"": -9.0, ""PprotBELockR"": -9.0, ""PprotFridayHour"": -1, ""PprotFridayMinATR"": 0.0, ""PprotGivebackATR"": 0.0, ""PprotGivebackFrac"": 0.4, ""PprotMode"": 17, ""PprotPartialLots"": 0.0, ""PprotSleeveMask"": 1, ""PprotTPExtendATR"": 0.0, ""PprotTightenBars"": 0, ""PprotTightenSLATR"": 0.0, ""PprotTrailATR"": 0.0, ""PprotTrailPeakATR"": 0.0}",ml\pprot1\configs\pp_is_PP0497_20260902011836_cfa8b4.yaml,pp_is_PP0497_20260902011836_cfa8b4_deals.csv,2026-09-02T01:18:36+00:00,2026-09-02T01:20:50+00:00,133.627,
7b31302669bd49ae8b841fc3f292a4df,pp_is_PP0498_20260902011847_12549d,PP0498,F17_giveback_after_age,G1,IS,PROD,OK,IS_REJECT,PROFIT_DAMAGED,"IS net=350721 (-16.07%), PF=2.0437 (-9.34%), DD=4.2641% (+0.4699pt), trades=307 (+1.99%)",0,350721.0,2.0437,4.2641,307,0.839282,0.906619,0.4699,1.019934,"{""PprotArmAfterBars"": 24, ""PprotArmBeforeBars"": 0, ""PprotArmHourEnd"": -1, ""PprotArmHourStart"": -1, ""PprotArmMaxATRRatio"": 0.0, ""PprotArmMinATRRatio"": 0.0, ""PprotArmPeakATR"": 0.0, ""PprotArmPeakR"": 0.0, ""PprotBELockATR"": -9.0, ""PprotBELockR"": -9.0, ""PprotFridayHour"": -1, ""PprotFridayMinATR"": 0.0, ""PprotGivebackATR"": 0.0, ""PprotGivebackFrac"": 0.5, ""PprotMode"": 17, ""PprotPartialLots"": 0.0, ""PprotSleeveMask"": 1, ""PprotTPExtendATR"": 0.0, ""PprotTightenBars"": 0, ""PprotTightenSLATR"": 0.0, ""PprotTrailATR"": 0.0, ""PprotTrailPeakATR"": 0.0}",ml\pprot1\configs\pp_is_PP0498_20260902011847_12549d.yaml,pp_is_PP0498_20260902011847_12549d_deals.csv,2026-09-02T01:18:47+00:00,2026-09-02T01:21:00+00:00,133.756,
d2549cd490324f64936d5994560d21b2,pp_is_PP0499_20260902012050_13a3e4,PP0499,F17_giveback_after_age,G2,IS,BT1,OK,IS_REJECT,PROFIT_DAMAGED,"IS net=306169 (-26.73%), PF=2.3848 (+5.79%), DD=2.9132% (-0.8810pt), trades=301 (+0.00%)",0,306169.0,2.3848,2.9132,301,0.732669,1.057936,-0.881,1.0,"{""PprotArmAfterBars"": 8, ""PprotArmBeforeBars"": 0, ""PprotArmHourEnd"": -1, ""PprotArmHourStart"": -1, ""PprotArmMaxATRRatio"": 0.0, ""PprotArmMinATRRatio"": 0.0, ""PprotArmPeakATR"": 0.0, ""PprotArmPeakR"": 0.0, ""PprotBELockATR"": -9.0, ""PprotBELockR"": -9.0, ""PprotFridayHour"": -1, ""PprotFridayMinATR"": 0.0, ""PprotGivebackATR"": 0.0, ""PprotGivebackFrac"": 0.4, ""PprotMode"": 17, ""PprotPartialLots"": 0.0, ""PprotSleeveMask"": 2, ""PprotTPExtendATR"": 0.0, ""PprotTightenBars"": 0, ""PprotTightenSLATR"": 0.0, ""PprotTrailATR"": 0.0, ""PprotTrailPeakATR"": 0.0}",ml\pprot1\configs\pp_is_PP0499_20260902012050_13a3e4.yaml,pp_is_PP0499_20260902012050_13a3e4_deals.csv,2026-09-02T01:20:50+00:00,2026-09-02T01:22:49+00:00,118.566,
15872ccba08348ab869cc6c8d5731010,pp_is_PP0500_20260902012101_1b6475,PP0500,F17_giveback_after_age,G2,IS,PROD,OK,IS_REJECT,PROFIT_DAMAGED,"IS net=287327 (-31.24%), PF=2.0331 (-9.81%), DD=3.3639% (-0.4303pt), trades=301 (+0.00%)",0,287327.0,2.0331,3.3639,301,0.687579,0.901916,-0.4303,1.0,"{""PprotArmAfterBars"": 16, ""PprotArmBeforeBars"": 0, ""PprotArmHourEnd"": -1, ""PprotArmHourStart"": -1, ""PprotArmMaxATRRatio"": 0.0, ""PprotArmMinATRRatio"": 0.0, ""PprotArmPeakATR"": 0.0, ""PprotArmPeakR"": 0.0, ""PprotBELockATR"": -9.0, ""PprotBELockR"": -9.0, ""PprotFridayHour"": -1, ""PprotFridayMinATR"": 0.0, ""PprotGivebackATR"": 0.0, ""PprotGivebackFrac"": 0.4, ""PprotMode"": 17, ""PprotPartialLots"": 0.0, ""PprotSleeveMask"": 2, ""PprotTPExtendATR"": 0.0, ""PprotTightenBars"": 0, ""PprotTightenSLATR"": 0.0, ""PprotTrailATR"": 0.0, ""PprotTrailPeakATR"": 0.0}",ml\pprot1\configs\pp_is_PP0500_20260902012101_1b6475.yaml,pp_is_PP0500_20260902012101_1b6475_deals.csv,2026-09-02T01:21:01+00:00,2026-09-02T01:22:59+00:00,118.673,
