2026-08-30T23:28:41+00:00 BASELINE_OOS {'net': 47340.0, 'pf': 1.3077, 'dd': 1.8676, 'trades': 329}
2026-08-30T23:28:41+00:00 BASELINE_IS {'net': 417882.0, 'pf': 2.2542, 'dd': 3.7942, 'trades': 301}
2026-08-30T23:28:41+00:00 DRIVER_START proposals=4 already_done=0 terminals=2
2026-08-30T23:28:41+00:00 RUN_START id=PP0001 window=IS terminal=PROD family=F01_be_atr
2026-08-30T23:29:06+00:00 RUN_START id=PP0002 window=IS terminal=BT1 family=F01_be_atr
2026-08-30T23:31:05+00:00 RUN_END id=PP0001 window=IS decision=IS_REJECT elapsed=144.165s
2026-08-30T23:31:05+00:00 GATE_SKIP id=PP0001 window=OOS reason=IS_NOT_SURVIVOR decision=IS_REJECT
2026-08-30T23:31:05+00:00 RUN_START id=PP0003 window=IS terminal=PROD family=F01_be_atr
2026-08-30T23:32:00+00:00 RUN_END id=PP0002 window=IS decision=IS_REJECT elapsed=173.68s
2026-08-30T23:32:00+00:00 GATE_SKIP id=PP0002 window=OOS reason=IS_NOT_SURVIVOR decision=IS_REJECT
2026-08-30T23:32:00+00:00 RUN_START id=PP0004 window=IS terminal=BT1 family=F01_be_atr
2026-08-30T23:33:29+00:00 RUN_END id=PP0003 window=IS decision=IS_REJECT elapsed=144.179s
2026-08-30T23:33:29+00:00 GATE_SKIP id=PP0003 window=OOS reason=IS_NOT_SURVIVOR decision=IS_REJECT
2026-08-30T23:34:24+00:00 RUN_END id=PP0004 window=IS decision=IS_REJECT elapsed=143.907s
2026-08-30T23:34:24+00:00 GATE_SKIP id=PP0004 window=OOS reason=IS_NOT_SURVIVOR decision=IS_REJECT
2026-08-30T23:34:24+00:00 DRIVER_END status=OK
2026-08-30T23:34:29+00:00 BASELINE_OOS {'net': 47340.0, 'pf': 1.3077, 'dd': 1.8676, 'trades': 329}
2026-08-30T23:34:29+00:00 BASELINE_IS {'net': 417882.0, 'pf': 2.2542, 'dd': 3.7942, 'trades': 301}
2026-08-30T23:34:29+00:00 DRIVER_START proposals=500 already_done=4 terminals=5
2026-08-30T23:34:29+00:00 SKIP_EXISTING id=PP0001 window=IS
2026-08-30T23:34:29+00:00 SKIP_EXISTING id=PP0002 window=IS
2026-08-30T23:34:29+00:00 SKIP_EXISTING id=PP0003 window=IS
2026-08-30T23:34:29+00:00 SKIP_EXISTING id=PP0004 window=IS
2026-08-30T23:34:29+00:00 RUN_START id=PP0005 window=IS terminal=PROD family=F01_be_atr
2026-08-30T23:34:54+00:00 RUN_START id=PP0006 window=IS terminal=BT1 family=F01_be_atr
2026-08-30T23:35:19+00:00 RUN_START id=PP0007 window=IS terminal=BT2 family=F01_be_atr
2026-08-30T23:35:44+00:00 RUN_START id=PP0008 window=IS terminal=BT3 family=F01_be_atr
2026-08-30T23:36:09+00:00 RUN_START id=PP0009 window=IS terminal=BT4 family=F01_be_atr
2026-08-30T23:36:33+00:00 RUN_END id=PP0005 window=IS decision=IS_REJECT elapsed=124.005s
2026-08-30T23:36:33+00:00 GATE_SKIP id=PP0005 window=OOS reason=IS_NOT_SURVIVOR decision=IS_REJECT
2026-08-30T23:36:33+00:00 RUN_START id=PP0010 window=IS terminal=PROD family=F01_be_atr
2026-08-30T23:38:08+00:00 RUN_END id=PP0006 window=IS decision=IS_REJECT elapsed=193.89s
2026-08-30T23:38:08+00:00 GATE_SKIP id=PP0006 window=OOS reason=IS_NOT_SURVIVOR decision=IS_REJECT
2026-08-30T23:38:08+00:00 RUN_START id=PP0011 window=IS terminal=BT1 family=F01_be_atr
2026-08-30T23:39:28+00:00 RUN_END id=PP0007 window=IS decision=IS_REJECT elapsed=248.952s
2026-08-30T23:39:28+00:00 GATE_SKIP id=PP0007 window=OOS reason=IS_NOT_SURVIVOR decision=IS_REJECT
2026-08-30T23:39:28+00:00 RUN_START id=PP0012 window=IS terminal=BT2 family=F01_be_atr
2026-08-30T23:41:44+00:00 RUN_END id=PP0010 window=IS decision=IS_REJECT elapsed=310.307s
2026-08-30T23:41:44+00:00 GATE_SKIP id=PP0010 window=OOS reason=IS_NOT_SURVIVOR decision=IS_REJECT
2026-08-30T23:41:44+00:00 RUN_START id=PP0013 window=IS terminal=PROD family=F01_be_atr
2026-08-30T23:42:03+00:00 RUN_END id=PP0011 window=IS decision=IS_REJECT elapsed=235.265s
2026-08-30T23:42:03+00:00 GATE_SKIP id=PP0011 window=OOS reason=IS_NOT_SURVIVOR decision=IS_REJECT
2026-08-30T23:42:03+00:00 RUN_START id=PP0014 window=IS terminal=BT1 family=F01_be_atr
2026-08-30T23:42:10+00:00 RUN_END id=PP0009 window=IS decision=IS_REJECT elapsed=360.474s
2026-08-30T23:42:10+00:00 GATE_SKIP id=PP0009 window=OOS reason=IS_NOT_SURVIVOR decision=IS_REJECT
2026-08-30T23:42:10+00:00 RUN_START id=PP0015 window=IS terminal=BT4 family=F01_be_atr
2026-08-30T23:42:19+00:00 RUN_END id=PP0008 window=IS decision=IS_REJECT elapsed=395.046s
2026-08-30T23:42:19+00:00 GATE_SKIP id=PP0008 window=OOS reason=IS_NOT_SURVIVOR decision=IS_REJECT
2026-08-30T23:42:19+00:00 RUN_START id=PP0016 window=IS terminal=BT3 family=F01_be_atr
2026-08-30T23:43:48+00:00 RUN_END id=PP0012 window=IS decision=IS_REJECT elapsed=260.135s
2026-08-30T23:43:48+00:00 GATE_SKIP id=PP0012 window=OOS reason=IS_NOT_SURVIVOR decision=IS_REJECT
2026-08-30T23:43:48+00:00 RUN_START id=PP0017 window=IS terminal=BT2 family=F01_be_atr
2026-08-30T23:44:43+00:00 RUN_END id=PP0014 window=IS decision=IS_REJECT elapsed=159.636s
2026-08-30T23:44:43+00:00 GATE_SKIP id=PP0014 window=OOS reason=IS_NOT_SURVIVOR decision=IS_REJECT
2026-08-30T23:44:43+00:00 RUN_START id=PP0018 window=IS terminal=BT1 family=F01_be_atr
2026-08-30T23:46:10+00:00 RUN_END id=PP0015 window=IS decision=IS_REJECT elapsed=239.872s
2026-08-30T23:46:10+00:00 GATE_SKIP id=PP0015 window=OOS reason=IS_NOT_SURVIVOR decision=IS_REJECT
2026-08-30T23:46:10+00:00 RUN_START id=PP0019 window=IS terminal=BT4 family=F01_be_atr
2026-08-30T23:46:29+00:00 RUN_END id=PP0013 window=IS decision=IS_REJECT elapsed=285.731s
2026-08-30T23:46:29+00:00 GATE_SKIP id=PP0013 window=OOS reason=IS_NOT_SURVIVOR decision=IS_REJECT
2026-08-30T23:46:29+00:00 RUN_START id=PP0020 window=IS terminal=PROD family=F01_be_atr
2026-08-30T23:47:09+00:00 RUN_END id=PP0016 window=IS decision=IS_REJECT elapsed=289.67s
2026-08-30T23:47:09+00:00 GATE_SKIP id=PP0016 window=OOS reason=IS_NOT_SURVIVOR decision=IS_REJECT
2026-08-30T23:47:09+00:00 RUN_START id=PP0021 window=IS terminal=BT3 family=F01_be_atr
2026-08-30T23:47:53+00:00 RUN_END id=PP0018 window=IS decision=IS_REJECT elapsed=189.681s
2026-08-30T23:47:53+00:00 GATE_SKIP id=PP0018 window=OOS reason=IS_NOT_SURVIVOR decision=IS_REJECT
2026-08-30T23:47:53+00:00 RUN_START id=PP0022 window=IS terminal=BT1 family=F01_be_atr
2026-08-30T23:48:19+00:00 RUN_END id=PP0017 window=IS decision=IS_REJECT elapsed=270.517s
2026-08-30T23:48:19+00:00 GATE_SKIP id=PP0017 window=OOS reason=IS_NOT_SURVIVOR decision=IS_REJECT
2026-08-30T23:48:19+00:00 RUN_START id=PP0023 window=IS terminal=BT2 family=F01_be_atr
2026-08-30T23:50:00+00:00 RUN_END id=PP0019 window=IS decision=IS_REJECT elapsed=230.095s
2026-08-30T23:50:00+00:00 GATE_SKIP id=PP0019 window=OOS reason=IS_NOT_SURVIVOR decision=IS_REJECT
2026-08-30T23:50:00+00:00 RUN_START id=PP0024 window=IS terminal=BT4 family=F01_be_atr
2026-08-30T23:51:15+00:00 RUN_END id=PP0020 window=IS decision=IS_REJECT elapsed=285.453s
2026-08-30T23:51:15+00:00 GATE_SKIP id=PP0020 window=OOS reason=IS_NOT_SURVIVOR decision=IS_REJECT
2026-08-30T23:51:15+00:00 RUN_START id=PP0025 window=IS terminal=PROD family=F01_be_atr
2026-08-30T23:51:38+00:00 RUN_END id=PP0022 window=IS decision=IS_REJECT elapsed=224.955s
2026-08-30T23:51:38+00:00 GATE_SKIP id=PP0022 window=OOS reason=IS_NOT_SURVIVOR decision=IS_REJECT
2026-08-30T23:51:38+00:00 RUN_START id=PP0026 window=IS terminal=BT1 family=F01_be_atr
2026-08-30T23:51:54+00:00 RUN_END id=PP0021 window=IS decision=IS_REJECT elapsed=285.389s
2026-08-30T23:51:54+00:00 GATE_SKIP id=PP0021 window=OOS reason=IS_NOT_SURVIVOR decision=IS_REJECT
2026-08-30T23:51:54+00:00 RUN_START id=PP0027 window=IS terminal=BT3 family=F01_be_atr
2026-08-30T23:52:39+00:00 RUN_END id=PP0023 window=IS decision=IS_REJECT elapsed=260.001s
2026-08-30T23:52:39+00:00 GATE_SKIP id=PP0023 window=OOS reason=IS_NOT_SURVIVOR decision=IS_REJECT
2026-08-30T23:52:39+00:00 RUN_START id=PP0028 window=IS terminal=BT2 family=F01_be_atr
2026-08-30T23:53:45+00:00 RUN_END id=PP0024 window=IS decision=IS_REJECT elapsed=225.069s
2026-08-30T23:53:45+00:00 GATE_SKIP id=PP0024 window=OOS reason=IS_NOT_SURVIVOR decision=IS_REJECT
2026-08-30T23:53:45+00:00 RUN_START id=PP0029 window=IS terminal=BT4 family=F01_be_atr
2026-08-30T23:55:43+00:00 RUN_END id=PP0026 window=IS decision=IS_REJECT elapsed=245.419s
2026-08-30T23:55:43+00:00 GATE_SKIP id=PP0026 window=OOS reason=IS_NOT_SURVIVOR decision=IS_REJECT
2026-08-30T23:55:43+00:00 RUN_START id=PP0030 window=IS terminal=BT1 family=F01_be_atr
2026-08-30T23:56:00+00:00 RUN_END id=PP0025 window=IS decision=IS_NOISE_BAND elapsed=285.464s
2026-08-30T23:56:00+00:00 GATE_SKIP id=PP0025 window=OOS reason=IS_NOT_SURVIVOR decision=IS_NOISE_BAND
2026-08-30T23:56:00+00:00 RUN_START id=PP0031 window=IS terminal=PROD family=F01_be_atr
2026-08-30T23:56:49+00:00 RUN_END id=PP0027 window=IS decision=IS_REJECT elapsed=295.031s
2026-08-30T23:56:49+00:00 GATE_SKIP id=PP0027 window=OOS reason=IS_NOT_SURVIVOR decision=IS_REJECT
2026-08-30T23:56:49+00:00 RUN_START id=PP0032 window=IS terminal=BT3 family=F01_be_atr
2026-08-30T23:57:19+00:00 RUN_END id=PP0028 window=IS decision=IS_NOISE_BAND elapsed=279.965s
2026-08-30T23:57:19+00:00 GATE_SKIP id=PP0028 window=OOS reason=IS_NOT_SURVIVOR decision=IS_NOISE_BAND
2026-08-30T23:57:19+00:00 RUN_START id=PP0033 window=IS terminal=BT2 family=F01_be_atr
2026-08-30T23:58:00+00:00 RUN_END id=PP0029 window=IS decision=IS_NOISE_BAND elapsed=255.099s
2026-08-30T23:58:00+00:00 GATE_SKIP id=PP0029 window=OOS reason=IS_NOT_SURVIVOR decision=IS_NOISE_BAND
2026-08-30T23:58:00+00:00 RUN_START id=PP0034 window=IS terminal=BT4 family=F01_be_atr
2026-08-30T23:59:53+00:00 RUN_END id=PP0030 window=IS decision=IS_REJECT elapsed=250.24s
2026-08-30T23:59:53+00:00 GATE_SKIP id=PP0030 window=OOS reason=IS_NOT_SURVIVOR decision=IS_REJECT
2026-08-30T23:59:53+00:00 RUN_START id=PP0035 window=IS terminal=BT1 family=F01_be_atr
2026-08-31T00:00:46+00:00 RUN_END id=PP0031 window=IS decision=IS_NOISE_BAND elapsed=285.911s
2026-08-31T00:00:46+00:00 GATE_SKIP id=PP0031 window=OOS reason=IS_NOT_SURVIVOR decision=IS_NOISE_BAND
2026-08-31T00:00:46+00:00 RUN_START id=PP0036 window=IS terminal=PROD family=F01_be_atr
2026-08-31T00:01:45+00:00 RUN_END id=PP0032 window=IS decision=IS_NOISE_BAND elapsed=295.73s
2026-08-31T00:01:45+00:00 GATE_SKIP id=PP0032 window=OOS reason=IS_NOT_SURVIVOR decision=IS_NOISE_BAND
2026-08-31T00:01:45+00:00 RUN_START id=PP0037 window=IS terminal=BT3 family=F01_be_atr
2026-08-31T00:02:09+00:00 RUN_END id=PP0033 window=IS decision=IS_REJECT elapsed=289.775s
2026-08-31T00:02:09+00:00 GATE_SKIP id=PP0033 window=OOS reason=IS_NOT_SURVIVOR decision=IS_REJECT
2026-08-31T00:02:09+00:00 RUN_START id=PP0038 window=IS terminal=BT2 family=F01_be_atr
2026-08-31T00:02:35+00:00 RUN_END id=PP0034 window=IS decision=IS_NOISE_BAND elapsed=275.292s
2026-08-31T00:02:35+00:00 GATE_SKIP id=PP0034 window=OOS reason=IS_NOT_SURVIVOR decision=IS_NOISE_BAND
2026-08-31T00:02:35+00:00 RUN_START id=PP0039 window=IS terminal=BT4 family=F01_be_atr
2026-08-31T00:03:53+00:00 RUN_END id=PP0035 window=IS decision=IS_NOISE_BAND elapsed=240.039s
2026-08-31T00:03:53+00:00 GATE_SKIP id=PP0035 window=OOS reason=IS_NOT_SURVIVOR decision=IS_NOISE_BAND
2026-08-31T00:03:53+00:00 RUN_START id=PP0040 window=IS terminal=BT1 family=F01_be_atr
2026-08-31T00:05:27+00:00 RUN_END id=PP0036 window=IS decision=IS_REJECT elapsed=281.127s
2026-08-31T00:05:27+00:00 GATE_SKIP id=PP0036 window=OOS reason=IS_NOT_SURVIVOR decision=IS_REJECT
2026-08-31T00:05:27+00:00 RUN_START id=PP0041 window=IS terminal=PROD family=F01_be_atr
2026-08-31T00:06:45+00:00 RUN_END id=PP0037 window=IS decision=IS_NOISE_BAND elapsed=300.312s
2026-08-31T00:06:45+00:00 GATE_SKIP id=PP0037 window=OOS reason=IS_NOT_SURVIVOR decision=IS_NOISE_BAND
2026-08-31T00:06:45+00:00 RUN_START id=PP0042 window=IS terminal=BT3 family=F01_be_atr
2026-08-31T00:07:04+00:00 RUN_END id=PP0038 window=IS decision=IS_NOISE_BAND elapsed=295.022s
2026-08-31T00:07:04+00:00 GATE_SKIP id=PP0038 window=OOS reason=IS_NOT_SURVIVOR decision=IS_NOISE_BAND
2026-08-31T00:07:04+00:00 RUN_START id=PP0043 window=IS terminal=BT2 family=F01_be_atr
2026-08-31T00:07:15+00:00 RUN_END id=PP0039 window=IS decision=IS_NOISE_BAND elapsed=280.241s
2026-08-31T00:07:15+00:00 GATE_SKIP id=PP0039 window=OOS reason=IS_NOT_SURVIVOR decision=IS_NOISE_BAND
2026-08-31T00:07:15+00:00 RUN_START id=PP0044 window=IS terminal=BT4 family=F01_be_atr
2026-08-31T00:08:03+00:00 RUN_END id=PP0040 window=IS decision=IS_NOISE_BAND elapsed=250.06s
2026-08-31T00:08:03+00:00 GATE_SKIP id=PP0040 window=OOS reason=IS_NOT_SURVIVOR decision=IS_NOISE_BAND
2026-08-31T00:08:03+00:00 RUN_START id=PP0045 window=IS terminal=BT1 family=F01_be_atr
2026-08-31T00:09:48+00:00 RUN_END id=PP0041 window=IS decision=IS_NOISE_BAND elapsed=260.896s
2026-08-31T00:09:48+00:00 GATE_SKIP id=PP0041 window=OOS reason=IS_NOT_SURVIVOR decision=IS_NOISE_BAND
2026-08-31T00:09:48+00:00 RUN_START id=PP0046 window=IS terminal=PROD family=F01_be_atr
2026-08-31T00:11:31+00:00 RUN_END id=PP0042 window=IS decision=IS_NOISE_BAND elapsed=285.354s
2026-08-31T00:11:31+00:00 GATE_SKIP id=PP0042 window=OOS reason=IS_NOT_SURVIVOR decision=IS_NOISE_BAND
2026-08-31T00:11:31+00:00 RUN_START id=PP0047 window=IS terminal=BT3 family=F01_be_atr
2026-08-31T00:11:49+00:00 RUN_END id=PP0043 window=IS decision=IS_REJECT elapsed=284.921s
2026-08-31T00:11:49+00:00 GATE_SKIP id=PP0043 window=OOS reason=IS_NOT_SURVIVOR decision=IS_REJECT
2026-08-31T00:11:49+00:00 RUN_START id=PP0048 window=IS terminal=BT2 family=F01_be_atr
2026-08-31T00:11:50+00:00 RUN_END id=PP0044 window=IS decision=IS_REJECT elapsed=275.041s
2026-08-31T00:11:50+00:00 GATE_SKIP id=PP0044 window=OOS reason=IS_NOT_SURVIVOR decision=IS_REJECT
2026-08-31T00:11:50+00:00 RUN_START id=PP0049 window=IS terminal=BT4 family=F01_be_atr
2026-08-31T00:12:08+00:00 RUN_END id=PP0045 window=IS decision=IS_REJECT elapsed=245.041s
2026-08-31T00:12:08+00:00 GATE_SKIP id=PP0045 window=OOS reason=IS_NOT_SURVIVOR decision=IS_REJECT
2026-08-31T00:12:08+00:00 RUN_START id=PP0050 window=IS terminal=BT1 family=F01_be_atr
2026-08-31T00:14:09+00:00 RUN_END id=PP0046 window=IS decision=IS_REJECT elapsed=260.58s
2026-08-31T00:14:09+00:00 GATE_SKIP id=PP0046 window=OOS reason=IS_NOT_SURVIVOR decision=IS_REJECT
2026-08-31T00:14:09+00:00 RUN_START id=PP0051 window=IS terminal=PROD family=F01_be_atr
2026-08-31T00:15:49+00:00 RUN_END id=PP0048 window=IS decision=IS_REJECT elapsed=240.19s
2026-08-31T00:15:49+00:00 GATE_SKIP id=PP0048 window=OOS reason=IS_NOT_SURVIVOR decision=IS_REJECT
2026-08-31T00:15:49+00:00 RUN_START id=PP0052 window=IS terminal=BT2 family=F01_be_atr
2026-08-31T00:16:05+00:00 RUN_END id=PP0049 window=IS decision=IS_REJECT elapsed=254.674s
2026-08-31T00:16:05+00:00 GATE_SKIP id=PP0049 window=OOS reason=IS_NOT_SURVIVOR decision=IS_REJECT
2026-08-31T00:16:05+00:00 RUN_START id=PP0053 window=IS terminal=BT4 family=F01_be_atr
2026-08-31T00:16:16+00:00 RUN_END id=PP0047 window=IS decision=IS_REJECT elapsed=285.224s
2026-08-31T00:16:16+00:00 GATE_SKIP id=PP0047 window=OOS reason=IS_NOT_SURVIVOR decision=IS_REJECT
2026-08-31T00:16:16+00:00 RUN_START id=PP0054 window=IS terminal=BT3 family=F01_be_atr
2026-08-31T00:17:14+00:00 RUN_END id=PP0050 window=IS decision=IS_REJECT elapsed=305.626s
2026-08-31T00:17:14+00:00 GATE_SKIP id=PP0050 window=OOS reason=IS_NOT_SURVIVOR decision=IS_REJECT
2026-08-31T00:17:14+00:00 RUN_START id=PP0055 window=IS terminal=BT1 family=F01_be_atr
2026-08-31T00:18:45+00:00 RUN_END id=PP0051 window=IS decision=IS_REJECT elapsed=276.096s
2026-08-31T00:18:45+00:00 GATE_SKIP id=PP0051 window=OOS reason=IS_NOT_SURVIVOR decision=IS_REJECT
2026-08-31T00:18:45+00:00 RUN_START id=PP0056 window=IS terminal=PROD family=F01_be_atr
2026-08-31T00:19:00+00:00 RUN_END id=PP0053 window=IS decision=IS_REJECT elapsed=174.498s
2026-08-31T00:19:00+00:00 GATE_SKIP id=PP0053 window=OOS reason=IS_NOT_SURVIVOR decision=IS_REJECT
2026-08-31T00:19:00+00:00 RUN_START id=PP0057 window=IS terminal=BT4 family=F01_be_atr
2026-08-31T00:20:09+00:00 RUN_END id=PP0052 window=IS decision=IS_REJECT elapsed=260.007s
2026-08-31T00:20:09+00:00 GATE_SKIP id=PP0052 window=OOS reason=IS_NOT_SURVIVOR decision=IS_REJECT
2026-08-31T00:20:09+00:00 RUN_START id=PP0058 window=IS terminal=BT2 family=F01_be_atr
2026-08-31T00:21:06+00:00 RUN_END id=PP0054 window=IS decision=IS_REJECT elapsed=289.851s
2026-08-31T00:21:06+00:00 GATE_SKIP id=PP0054 window=OOS reason=IS_NOT_SURVIVOR decision=IS_REJECT
2026-08-31T00:21:06+00:00 RUN_START id=PP0059 window=IS terminal=BT3 family=F01_be_atr
2026-08-31T00:22:04+00:00 RUN_END id=PP0055 window=IS decision=IS_REJECT elapsed=290.078s
2026-08-31T00:22:04+00:00 GATE_SKIP id=PP0055 window=OOS reason=IS_NOT_SURVIVOR decision=IS_REJECT
2026-08-31T00:22:04+00:00 RUN_START id=PP0060 window=IS terminal=BT1 family=F01_be_atr
2026-08-31T00:22:55+00:00 RUN_END id=PP0057 window=IS decision=IS_REJECT elapsed=235.094s
2026-08-31T00:22:55+00:00 GATE_SKIP id=PP0057 window=OOS reason=IS_NOT_SURVIVOR decision=IS_REJECT
2026-08-31T00:22:55+00:00 RUN_START id=PP0061 window=IS terminal=BT4 family=F01_be_atr
2026-08-31T00:23:35+00:00 RUN_END id=PP0056 window=IS decision=IS_REJECT elapsed=290.64s
2026-08-31T00:23:35+00:00 GATE_SKIP id=PP0056 window=OOS reason=IS_NOT_SURVIVOR decision=IS_REJECT
2026-08-31T00:23:35+00:00 RUN_START id=PP0062 window=IS terminal=PROD family=F01_be_atr
2026-08-31T00:24:14+00:00 RUN_END id=PP0058 window=IS decision=IS_REJECT elapsed=244.743s
2026-08-31T00:24:14+00:00 GATE_SKIP id=PP0058 window=OOS reason=IS_NOT_SURVIVOR decision=IS_REJECT
2026-08-31T00:24:14+00:00 RUN_START id=PP0063 window=IS terminal=BT2 family=F01_be_atr
2026-08-31T00:25:36+00:00 RUN_END id=PP0059 window=IS decision=IS_REJECT elapsed=270.399s
2026-08-31T00:25:36+00:00 GATE_SKIP id=PP0059 window=OOS reason=IS_NOT_SURVIVOR decision=IS_REJECT
2026-08-31T00:25:36+00:00 RUN_START id=PP0064 window=IS terminal=BT3 family=F02_be_r
2026-08-31T00:26:59+00:00 RUN_END id=PP0060 window=IS decision=IS_REJECT elapsed=295.276s
2026-08-31T00:26:59+00:00 GATE_SKIP id=PP0060 window=OOS reason=IS_NOT_SURVIVOR decision=IS_REJECT
2026-08-31T00:26:59+00:00 RUN_START id=PP0065 window=IS terminal=BT1 family=F02_be_r
2026-08-31T00:27:10+00:00 RUN_END id=PP0061 window=IS decision=IS_REJECT elapsed=255.039s
2026-08-31T00:27:10+00:00 GATE_SKIP id=PP0061 window=OOS reason=IS_NOT_SURVIVOR decision=IS_REJECT
2026-08-31T00:27:10+00:00 RUN_START id=PP0066 window=IS terminal=BT4 family=F02_be_r
2026-08-31T00:28:41+00:00 RUN_END id=PP0062 window=IS decision=IS_REJECT elapsed=305.8s
2026-08-31T00:28:41+00:00 GATE_SKIP id=PP0062 window=OOS reason=IS_NOT_SURVIVOR decision=IS_REJECT
2026-08-31T00:28:41+00:00 RUN_START id=PP0067 window=IS terminal=PROD family=F02_be_r
2026-08-31T00:28:48+00:00 RUN_END id=PP0063 window=IS decision=IS_REJECT elapsed=274.943s
2026-08-31T00:28:48+00:00 GATE_SKIP id=PP0063 window=OOS reason=IS_NOT_SURVIVOR decision=IS_REJECT
2026-08-31T00:28:48+00:00 RUN_START id=PP0068 window=IS terminal=BT2 family=F02_be_r
2026-08-31T00:29:42+00:00 RUN_END id=PP0064 window=IS decision=IS_REJECT elapsed=245.712s
2026-08-31T00:29:42+00:00 GATE_SKIP id=PP0064 window=OOS reason=IS_NOT_SURVIVOR decision=IS_REJECT
2026-08-31T00:29:42+00:00 RUN_START id=PP0069 window=IS terminal=BT3 family=F02_be_r
2026-08-31T00:30:25+00:00 RUN_END id=PP0065 window=IS decision=IS_REJECT elapsed=205.303s
2026-08-31T00:30:25+00:00 GATE_SKIP id=PP0065 window=OOS reason=IS_NOT_SURVIVOR decision=IS_REJECT
2026-08-31T00:30:25+00:00 RUN_START id=PP0070 window=IS terminal=BT1 family=F02_be_r
2026-08-31T00:31:55+00:00 RUN_END id=PP0066 window=IS decision=IS_REJECT elapsed=285.455s
2026-08-31T00:31:55+00:00 GATE_SKIP id=PP0066 window=OOS reason=IS_NOT_SURVIVOR decision=IS_REJECT
2026-08-31T00:31:55+00:00 RUN_START id=PP0071 window=IS terminal=BT4 family=F02_be_r
2026-08-31T00:33:22+00:00 RUN_END id=PP0067 window=IS decision=IS_REJECT elapsed=280.674s
2026-08-31T00:33:22+00:00 GATE_SKIP id=PP0067 window=OOS reason=IS_NOT_SURVIVOR decision=IS_REJECT
2026-08-31T00:33:22+00:00 RUN_START id=PP0072 window=IS terminal=PROD family=F02_be_r
2026-08-31T00:33:48+00:00 RUN_END id=PP0068 window=IS decision=IS_REJECT elapsed=299.707s
2026-08-31T00:33:48+00:00 GATE_SKIP id=PP0068 window=OOS reason=IS_NOT_SURVIVOR decision=IS_REJECT
2026-08-31T00:33:48+00:00 RUN_START id=PP0073 window=IS terminal=BT2 family=F02_be_r
2026-08-31T00:34:35+00:00 RUN_END id=PP0070 window=IS decision=IS_NOISE_BAND elapsed=250.599s
2026-08-31T00:34:35+00:00 GATE_SKIP id=PP0070 window=OOS reason=IS_NOT_SURVIVOR decision=IS_NOISE_BAND
2026-08-31T00:34:35+00:00 RUN_START id=PP0074 window=IS terminal=BT1 family=F02_be_r
2026-08-31T00:34:43+00:00 RUN_END id=PP0069 window=IS decision=IS_REJECT elapsed=301.017s
2026-08-31T00:34:43+00:00 GATE_SKIP id=PP0069 window=OOS reason=IS_NOT_SURVIVOR decision=IS_REJECT
2026-08-31T00:34:43+00:00 RUN_START id=PP0075 window=IS terminal=BT3 family=F02_be_r
2026-08-31T00:36:45+00:00 RUN_END id=PP0071 window=IS decision=IS_REJECT elapsed=289.755s
2026-08-31T00:36:45+00:00 GATE_SKIP id=PP0071 window=OOS reason=IS_NOT_SURVIVOR decision=IS_REJECT
2026-08-31T00:36:45+00:00 RUN_START id=PP0076 window=IS terminal=BT4 family=F02_be_r
2026-08-31T00:38:53+00:00 RUN_END id=PP0072 window=IS decision=IS_REJECT elapsed=331.287s
2026-08-31T00:38:53+00:00 GATE_SKIP id=PP0072 window=OOS reason=IS_NOT_SURVIVOR decision=IS_REJECT
2026-08-31T00:38:53+00:00 RUN_START id=PP0077 window=IS terminal=PROD family=F02_be_r
2026-08-31T00:39:04+00:00 RUN_END id=PP0073 window=IS decision=IS_REJECT elapsed=315.466s
2026-08-31T00:39:04+00:00 GATE_SKIP id=PP0073 window=OOS reason=IS_NOT_SURVIVOR decision=IS_REJECT
2026-08-31T00:39:04+00:00 RUN_START id=PP0078 window=IS terminal=BT2 family=F02_be_r
2026-08-31T00:39:51+00:00 RUN_END id=PP0074 window=IS decision=IS_REJECT elapsed=315.727s
2026-08-31T00:39:51+00:00 GATE_SKIP id=PP0074 window=OOS reason=IS_NOT_SURVIVOR decision=IS_REJECT
2026-08-31T00:39:51+00:00 RUN_START id=PP0079 window=IS terminal=BT1 family=F02_be_r
2026-08-31T00:39:59+00:00 RUN_END id=PP0075 window=IS decision=IS_REJECT elapsed=315.786s
2026-08-31T00:39:59+00:00 GATE_SKIP id=PP0075 window=OOS reason=IS_NOT_SURVIVOR decision=IS_REJECT
2026-08-31T00:39:59+00:00 RUN_START id=PP0080 window=IS terminal=BT3 family=F02_be_r
2026-08-31T00:40:31+00:00 RUN_END id=PP0076 window=IS decision=IS_NOISE_BAND elapsed=225.944s
2026-08-31T00:40:31+00:00 GATE_SKIP id=PP0076 window=OOS reason=IS_NOT_SURVIVOR decision=IS_NOISE_BAND
2026-08-31T00:40:31+00:00 RUN_START id=PP0081 window=IS terminal=BT4 family=F02_be_r
2026-08-31T00:42:59+00:00 RUN_END id=PP0077 window=IS decision=IS_NOISE_BAND elapsed=245.831s
2026-08-31T00:42:59+00:00 GATE_SKIP id=PP0077 window=OOS reason=IS_NOT_SURVIVOR decision=IS_NOISE_BAND
2026-08-31T00:42:59+00:00 RUN_START id=PP0082 window=IS terminal=PROD family=F02_be_r
2026-08-31T00:44:03+00:00 RUN_END id=PP0078 window=IS decision=IS_NOISE_BAND elapsed=299.626s
2026-08-31T00:44:03+00:00 GATE_SKIP id=PP0078 window=OOS reason=IS_NOT_SURVIVOR decision=IS_NOISE_BAND
2026-08-31T00:44:03+00:00 RUN_START id=PP0083 window=IS terminal=BT2 family=F02_be_r
2026-08-31T00:44:46+00:00 RUN_END id=PP0079 window=IS decision=IS_NOISE_BAND elapsed=295.124s
2026-08-31T00:44:46+00:00 GATE_SKIP id=PP0079 window=OOS reason=IS_NOT_SURVIVOR decision=IS_NOISE_BAND
2026-08-31T00:44:46+00:00 RUN_START id=PP0084 window=IS terminal=BT1 family=F02_be_r
2026-08-31T00:44:51+00:00 RUN_END id=PP0081 window=IS decision=IS_REJECT elapsed=260.043s
2026-08-31T00:44:51+00:00 GATE_SKIP id=PP0081 window=OOS reason=IS_NOT_SURVIVOR decision=IS_REJECT
2026-08-31T00:44:51+00:00 RUN_START id=PP0085 window=IS terminal=BT4 family=F02_be_r
2026-08-31T00:44:59+00:00 RUN_END id=PP0080 window=IS decision=IS_REJECT elapsed=299.917s
2026-08-31T00:44:59+00:00 GATE_SKIP id=PP0080 window=OOS reason=IS_NOT_SURVIVOR decision=IS_REJECT
2026-08-31T00:44:59+00:00 RUN_START id=PP0086 window=IS terminal=BT3 family=F02_be_r
2026-08-31T00:48:00+00:00 RUN_END id=PP0082 window=IS decision=IS_REJECT elapsed=301.26s
2026-08-31T00:48:00+00:00 GATE_SKIP id=PP0082 window=OOS reason=IS_NOT_SURVIVOR decision=IS_REJECT
2026-08-31T00:48:00+00:00 RUN_START id=PP0087 window=IS terminal=PROD family=F02_be_r
2026-08-31T00:48:17+00:00 RUN_END id=PP0084 window=IS decision=IS_REJECT elapsed=210.354s
2026-08-31T00:48:17+00:00 GATE_SKIP id=PP0084 window=OOS reason=IS_NOT_SURVIVOR decision=IS_REJECT
2026-08-31T00:48:17+00:00 RUN_START id=PP0088 window=IS terminal=BT1 family=F03_trail_atr
2026-08-31T00:48:46+00:00 RUN_END id=PP0085 window=IS decision=IS_REJECT elapsed=234.986s
2026-08-31T00:48:46+00:00 GATE_SKIP id=PP0085 window=OOS reason=IS_NOT_SURVIVOR decision=IS_REJECT
2026-08-31T00:48:46+00:00 RUN_START id=PP0089 window=IS terminal=BT4 family=F03_trail_atr
2026-08-31T00:48:58+00:00 RUN_END id=PP0083 window=IS decision=IS_REJECT elapsed=295.15s
2026-08-31T00:48:58+00:00 GATE_SKIP id=PP0083 window=OOS reason=IS_NOT_SURVIVOR decision=IS_REJECT
2026-08-31T00:48:58+00:00 RUN_START id=PP0090 window=IS terminal=BT2 family=F03_trail_atr
2026-08-31T00:50:04+00:00 RUN_END id=PP0086 window=IS decision=IS_NOISE_BAND elapsed=305.361s
2026-08-31T00:50:04+00:00 GATE_SKIP id=PP0086 window=OOS reason=IS_NOT_SURVIVOR decision=IS_NOISE_BAND
2026-08-31T00:50:04+00:00 RUN_START id=PP0091 window=IS terminal=BT3 family=F03_trail_atr
2026-08-31T00:51:42+00:00 RUN_END id=PP0088 window=IS decision=IS_REJECT elapsed=204.984s
2026-08-31T00:51:42+00:00 GATE_SKIP id=PP0088 window=OOS reason=IS_NOT_SURVIVOR decision=IS_REJECT
2026-08-31T00:51:42+00:00 RUN_START id=PP0092 window=IS terminal=BT1 family=F03_trail_atr
2026-08-31T00:52:26+00:00 RUN_END id=PP0089 window=IS decision=IS_REJECT elapsed=220.007s
2026-08-31T00:52:26+00:00 GATE_SKIP id=PP0089 window=OOS reason=IS_NOT_SURVIVOR decision=IS_REJECT
2026-08-31T00:52:26+00:00 RUN_START id=PP0093 window=IS terminal=BT4 family=F03_trail_atr
2026-08-31T00:53:06+00:00 RUN_END id=PP0087 window=IS decision=IS_REJECT elapsed=305.979s
2026-08-31T00:53:06+00:00 GATE_SKIP id=PP0087 window=OOS reason=IS_NOT_SURVIVOR decision=IS_REJECT
2026-08-31T00:53:06+00:00 RUN_START id=PP0094 window=IS terminal=PROD family=F03_trail_atr
2026-08-31T00:53:28+00:00 RUN_END id=PP0090 window=IS decision=IS_REJECT elapsed=269.412s
2026-08-31T00:53:28+00:00 GATE_SKIP id=PP0090 window=OOS reason=IS_NOT_SURVIVOR decision=IS_REJECT
2026-08-31T00:53:28+00:00 RUN_START id=PP0095 window=IS terminal=BT2 family=F03_trail_atr
2026-08-31T00:54:50+00:00 RUN_END id=PP0091 window=IS decision=IS_REJECT elapsed=285.518s
2026-08-31T00:54:50+00:00 GATE_SKIP id=PP0091 window=OOS reason=IS_NOT_SURVIVOR decision=IS_REJECT
2026-08-31T00:54:50+00:00 RUN_START id=PP0096 window=IS terminal=BT3 family=F03_trail_atr
2026-08-31T00:55:47+00:00 RUN_END id=PP0092 window=IS decision=IS_REJECT elapsed=245.276s
2026-08-31T00:55:47+00:00 GATE_SKIP id=PP0092 window=OOS reason=IS_NOT_SURVIVOR decision=IS_REJECT
2026-08-31T00:55:47+00:00 RUN_START id=PP0097 window=IS terminal=BT1 family=F03_trail_atr
2026-08-31T00:56:16+00:00 RUN_END id=PP0093 window=IS decision=IS_REJECT elapsed=230.278s
2026-08-31T00:56:16+00:00 GATE_SKIP id=PP0093 window=OOS reason=IS_NOT_SURVIVOR decision=IS_REJECT
2026-08-31T00:56:16+00:00 RUN_START id=PP0098 window=IS terminal=BT4 family=F03_trail_atr
2026-08-31T00:57:37+00:00 RUN_END id=PP0094 window=IS decision=IS_REJECT elapsed=270.819s
2026-08-31T00:57:37+00:00 GATE_SKIP id=PP0094 window=OOS reason=IS_NOT_SURVIVOR decision=IS_REJECT
2026-08-31T00:57:37+00:00 RUN_START id=PP0099 window=IS terminal=PROD family=F03_trail_atr
2026-08-31T00:58:03+00:00 RUN_END id=PP0095 window=IS decision=IS_REJECT elapsed=275.431s
2026-08-31T00:58:03+00:00 GATE_SKIP id=PP0095 window=OOS reason=IS_NOT_SURVIVOR decision=IS_REJECT
2026-08-31T00:58:03+00:00 RUN_START id=PP0100 window=IS terminal=BT2 family=F03_trail_atr
2026-08-31T00:59:30+00:00 RUN_END id=PP0096 window=IS decision=IS_REJECT elapsed=280.729s
2026-08-31T00:59:30+00:00 GATE_SKIP id=PP0096 window=OOS reason=IS_NOT_SURVIVOR decision=IS_REJECT
2026-08-31T00:59:30+00:00 RUN_START id=PP0101 window=IS terminal=BT3 family=F03_trail_atr
2026-08-31T00:59:57+00:00 RUN_END id=PP0097 window=IS decision=IS_REJECT elapsed=250.202s
2026-08-31T00:59:57+00:00 GATE_SKIP id=PP0097 window=OOS reason=IS_NOT_SURVIVOR decision=IS_REJECT
2026-08-31T00:59:57+00:00 RUN_START id=PP0102 window=IS terminal=BT1 family=F03_trail_atr
2026-08-31T01:00:11+00:00 RUN_END id=PP0098 window=IS decision=IS_REJECT elapsed=235.15s
2026-08-31T01:00:11+00:00 GATE_SKIP id=PP0098 window=OOS reason=IS_NOT_SURVIVOR decision=IS_REJECT
2026-08-31T01:00:11+00:00 RUN_START id=PP0103 window=IS terminal=BT4 family=F03_trail_atr
2026-08-31T01:01:48+00:00 RUN_END id=PP0099 window=IS decision=IS_REJECT elapsed=250.843s
2026-08-31T01:01:48+00:00 GATE_SKIP id=PP0099 window=OOS reason=IS_NOT_SURVIVOR decision=IS_REJECT
2026-08-31T01:01:48+00:00 RUN_START id=PP0104 window=IS terminal=PROD family=F03_trail_atr
2026-08-31T01:02:33+00:00 RUN_END id=PP0100 window=IS decision=IS_REJECT elapsed=270.161s
2026-08-31T01:02:33+00:00 GATE_SKIP id=PP0100 window=OOS reason=IS_NOT_SURVIVOR decision=IS_REJECT
2026-08-31T01:02:33+00:00 RUN_START id=PP0105 window=IS terminal=BT2 family=F03_trail_atr
2026-08-31T01:04:16+00:00 RUN_END id=PP0101 window=IS decision=IS_REJECT elapsed=285.327s
2026-08-31T01:04:16+00:00 GATE_SKIP id=PP0101 window=OOS reason=IS_NOT_SURVIVOR decision=IS_REJECT
2026-08-31T01:04:16+00:00 RUN_START id=PP0106 window=IS terminal=BT3 family=F03_trail_atr
2026-08-31T01:04:37+00:00 RUN_END id=PP0103 window=IS decision=IS_REJECT elapsed=265.065s
2026-08-31T01:04:37+00:00 GATE_SKIP id=PP0103 window=OOS reason=IS_NOT_SURVIVOR decision=IS_REJECT
2026-08-31T01:04:37+00:00 RUN_START id=PP0107 window=IS terminal=BT4 family=F03_trail_atr
2026-08-31T01:04:37+00:00 RUN_END id=PP0102 window=IS decision=IS_REJECT elapsed=280.373s
2026-08-31T01:04:37+00:00 GATE_SKIP id=PP0102 window=OOS reason=IS_NOT_SURVIVOR decision=IS_REJECT
2026-08-31T01:04:37+00:00 RUN_START id=PP0108 window=IS terminal=BT1 family=F03_trail_atr
2026-08-31T01:06:55+00:00 RUN_END id=PP0104 window=IS decision=IS_REJECT elapsed=306.69s
2026-08-31T01:06:55+00:00 GATE_SKIP id=PP0104 window=OOS reason=IS_NOT_SURVIVOR decision=IS_REJECT
2026-08-31T01:06:55+00:00 RUN_START id=PP0109 window=IS terminal=PROD family=F03_trail_atr
2026-08-31T01:07:24+00:00 RUN_END id=PP0105 window=IS decision=IS_NOISE_BAND elapsed=290.976s
2026-08-31T01:07:24+00:00 GATE_SKIP id=PP0105 window=OOS reason=IS_NOT_SURVIVOR decision=IS_NOISE_BAND
2026-08-31T01:07:24+00:00 RUN_START id=PP0110 window=IS terminal=BT2 family=F03_trail_atr
2026-08-31T01:08:22+00:00 RUN_END id=PP0107 window=IS decision=IS_NOISE_BAND elapsed=225.698s
2026-08-31T01:08:22+00:00 GATE_SKIP id=PP0107 window=OOS reason=IS_NOT_SURVIVOR decision=IS_NOISE_BAND
2026-08-31T01:08:22+00:00 RUN_START id=PP0111 window=IS terminal=BT4 family=F03_trail_atr
2026-08-31T01:08:37+00:00 RUN_END id=PP0108 window=IS decision=IS_REJECT elapsed=239.811s
2026-08-31T01:08:37+00:00 GATE_SKIP id=PP0108 window=OOS reason=IS_NOT_SURVIVOR decision=IS_REJECT
2026-08-31T01:08:37+00:00 RUN_START id=PP0112 window=IS terminal=BT1 family=F03_trail_atr
2026-08-31T01:08:47+00:00 RUN_END id=PP0106 window=IS decision=IS_NOISE_BAND elapsed=271.016s
2026-08-31T01:08:47+00:00 GATE_SKIP id=PP0106 window=OOS reason=IS_NOT_SURVIVOR decision=IS_NOISE_BAND
2026-08-31T01:08:47+00:00 RUN_START id=PP0113 window=IS terminal=BT3 family=F03_trail_atr
2026-08-31T01:11:57+00:00 RUN_END id=PP0112 window=IS decision=IS_NOISE_BAND elapsed=199.718s
2026-08-31T01:11:57+00:00 GATE_SKIP id=PP0112 window=OOS reason=IS_NOT_SURVIVOR decision=IS_NOISE_BAND
2026-08-31T01:11:57+00:00 RUN_START id=PP0114 window=IS terminal=BT1 family=F03_trail_atr
2026-08-31T01:12:01+00:00 RUN_END id=PP0109 window=IS decision=IS_REJECT elapsed=306.497s
2026-08-31T01:12:01+00:00 GATE_SKIP id=PP0109 window=OOS reason=IS_NOT_SURVIVOR decision=IS_REJECT
2026-08-31T01:12:01+00:00 RUN_START id=PP0115 window=IS terminal=PROD family=F03_trail_atr
2026-08-31T01:12:25+00:00 RUN_END id=PP0110 window=IS decision=IS_NOISE_BAND elapsed=300.84s
2026-08-31T01:12:25+00:00 GATE_SKIP id=PP0110 window=OOS reason=IS_NOT_SURVIVOR decision=IS_NOISE_BAND
2026-08-31T01:12:25+00:00 RUN_START id=PP0116 window=IS terminal=BT2 family=F03_trail_atr
2026-08-31T01:13:08+00:00 RUN_END id=PP0111 window=IS decision=IS_NOISE_BAND elapsed=285.625s
2026-08-31T01:13:08+00:00 GATE_SKIP id=PP0111 window=OOS reason=IS_NOT_SURVIVOR decision=IS_NOISE_BAND
2026-08-31T01:13:08+00:00 RUN_START id=PP0117 window=IS terminal=BT4 family=F03_trail_atr
2026-08-31T01:13:17+00:00 RUN_END id=PP0113 window=IS decision=IS_NOISE_BAND elapsed=269.952s
2026-08-31T01:13:17+00:00 GATE_SKIP id=PP0113 window=OOS reason=IS_NOT_SURVIVOR decision=IS_NOISE_BAND
2026-08-31T01:13:17+00:00 RUN_START id=PP0118 window=IS terminal=BT3 family=F03_trail_atr
2026-08-31T01:15:18+00:00 RUN_END id=PP0114 window=IS decision=IS_NOISE_BAND elapsed=200.935s
2026-08-31T01:15:18+00:00 GATE_SKIP id=PP0114 window=OOS reason=IS_NOT_SURVIVOR decision=IS_NOISE_BAND
2026-08-31T01:15:18+00:00 RUN_START id=PP0119 window=IS terminal=BT1 family=F03_trail_atr
2026-08-31T01:16:22+00:00 RUN_END id=PP0115 window=IS decision=IS_NOISE_BAND elapsed=260.854s
2026-08-31T01:16:22+00:00 GATE_SKIP id=PP0115 window=OOS reason=IS_NOT_SURVIVOR decision=IS_NOISE_BAND
2026-08-31T01:16:22+00:00 RUN_START id=PP0120 window=IS terminal=PROD family=F03_trail_atr
2026-08-31T01:17:32+00:00 RUN_END id=PP0116 window=IS decision=IS_NOISE_BAND elapsed=306.282s
2026-08-31T01:17:32+00:00 GATE_SKIP id=PP0116 window=OOS reason=IS_NOT_SURVIVOR decision=IS_NOISE_BAND
2026-08-31T01:17:32+00:00 RUN_START id=PP0121 window=IS terminal=BT2 family=F03_trail_atr
2026-08-31T01:17:38+00:00 RUN_END id=PP0117 window=IS decision=IS_NOISE_BAND elapsed=270.465s
2026-08-31T01:17:38+00:00 GATE_SKIP id=PP0117 window=OOS reason=IS_NOT_SURVIVOR decision=IS_NOISE_BAND
2026-08-31T01:17:38+00:00 RUN_START id=PP0122 window=IS terminal=BT4 family=F03_trail_atr
2026-08-31T01:18:17+00:00 RUN_END id=PP0118 window=IS decision=IS_REJECT elapsed=300.369s
2026-08-31T01:18:17+00:00 GATE_SKIP id=PP0118 window=OOS reason=IS_NOT_SURVIVOR decision=IS_REJECT
2026-08-31T01:18:17+00:00 RUN_START id=PP0123 window=IS terminal=BT3 family=F03_trail_atr
2026-08-31T01:19:29+00:00 RUN_END id=PP0119 window=IS decision=IS_REJECT elapsed=250.821s
2026-08-31T01:19:29+00:00 GATE_SKIP id=PP0119 window=OOS reason=IS_NOT_SURVIVOR decision=IS_REJECT
2026-08-31T01:19:29+00:00 RUN_START id=PP0124 window=IS terminal=BT1 family=F03_trail_atr
2026-08-31T01:21:23+00:00 RUN_END id=PP0120 window=IS decision=IS_REJECT elapsed=301.19s
2026-08-31T01:21:23+00:00 GATE_SKIP id=PP0120 window=OOS reason=IS_NOT_SURVIVOR decision=IS_REJECT
2026-08-31T01:21:23+00:00 RUN_START id=PP0125 window=IS terminal=PROD family=F03_trail_atr
2026-08-31T01:21:32+00:00 RUN_END id=PP0121 window=IS decision=IS_REJECT elapsed=240.268s
2026-08-31T01:21:32+00:00 GATE_SKIP id=PP0121 window=OOS reason=IS_NOT_SURVIVOR decision=IS_REJECT
2026-08-31T01:21:32+00:00 RUN_START id=PP0126 window=IS terminal=BT2 family=F03_trail_atr
2026-08-31T01:22:54+00:00 RUN_END id=PP0122 window=IS decision=IS_REJECT elapsed=315.836s
2026-08-31T01:22:54+00:00 GATE_SKIP id=PP0122 window=OOS reason=IS_NOT_SURVIVOR decision=IS_REJECT
2026-08-31T01:22:54+00:00 RUN_START id=PP0127 window=IS terminal=BT4 family=F03_trail_atr
2026-08-31T01:23:23+00:00 RUN_END id=PP0123 window=IS decision=IS_REJECT elapsed=306.31s
2026-08-31T01:23:23+00:00 GATE_SKIP id=PP0123 window=OOS reason=IS_NOT_SURVIVOR decision=IS_REJECT
2026-08-31T01:23:23+00:00 RUN_START id=PP0128 window=IS terminal=BT3 family=F03_trail_atr
2026-08-31T01:23:40+00:00 RUN_END id=PP0124 window=IS decision=IS_REJECT elapsed=251.53s
2026-08-31T01:23:40+00:00 GATE_SKIP id=PP0124 window=OOS reason=IS_NOT_SURVIVOR decision=IS_REJECT
2026-08-31T01:23:40+00:00 RUN_START id=PP0129 window=IS terminal=BT1 family=F03_trail_atr
2026-08-31T01:25:10+00:00 RUN_END id=PP0125 window=IS decision=IS_REJECT elapsed=226.454s
2026-08-31T01:25:10+00:00 GATE_SKIP id=PP0125 window=OOS reason=IS_NOT_SURVIVOR decision=IS_REJECT
2026-08-31T01:25:10+00:00 RUN_START id=PP0130 window=IS terminal=PROD family=F03_trail_atr
2026-08-31T01:26:37+00:00 RUN_END id=PP0126 window=IS decision=IS_REJECT elapsed=305.167s
2026-08-31T01:26:37+00:00 GATE_SKIP id=PP0126 window=OOS reason=IS_NOT_SURVIVOR decision=IS_REJECT
2026-08-31T01:26:37+00:00 RUN_START id=PP0131 window=IS terminal=BT2 family=F03_trail_atr
2026-08-31T01:27:40+00:00 RUN_END id=PP0127 window=IS decision=IS_REJECT elapsed=285.749s
2026-08-31T01:27:40+00:00 GATE_SKIP id=PP0127 window=OOS reason=IS_NOT_SURVIVOR decision=IS_REJECT
2026-08-31T01:27:40+00:00 RUN_START id=PP0132 window=IS terminal=BT4 family=F03_trail_atr
2026-08-31T01:28:29+00:00 RUN_END id=PP0128 window=IS decision=IS_REJECT elapsed=305.577s
2026-08-31T01:28:29+00:00 GATE_SKIP id=PP0128 window=OOS reason=IS_NOT_SURVIVOR decision=IS_REJECT
2026-08-31T01:28:29+00:00 RUN_START id=PP0133 window=IS terminal=BT3 family=F04_trail_peak
2026-08-31T01:28:51+00:00 RUN_END id=PP0129 window=IS decision=IS_REJECT elapsed=310.18s
2026-08-31T01:28:51+00:00 GATE_SKIP id=PP0129 window=OOS reason=IS_NOT_SURVIVOR decision=IS_REJECT
2026-08-31T01:28:51+00:00 RUN_START id=PP0134 window=IS terminal=BT1 family=F04_trail_peak
2026-08-31T01:29:21+00:00 RUN_END id=PP0130 window=IS decision=IS_REJECT elapsed=250.903s
2026-08-31T01:29:21+00:00 GATE_SKIP id=PP0130 window=OOS reason=IS_NOT_SURVIVOR decision=IS_REJECT
2026-08-31T01:29:21+00:00 RUN_START id=PP0135 window=IS terminal=PROD family=F04_trail_peak
2026-08-31T01:30:42+00:00 RUN_END id=PP0131 window=IS decision=IS_REJECT elapsed=245.168s
2026-08-31T01:30:42+00:00 GATE_SKIP id=PP0131 window=OOS reason=IS_NOT_SURVIVOR decision=IS_REJECT
2026-08-31T01:30:42+00:00 RUN_START id=PP0136 window=IS terminal=BT2 family=F04_trail_peak
2026-08-31T01:32:15+00:00 RUN_END id=PP0132 window=IS decision=IS_REJECT elapsed=275.41s
2026-08-31T01:32:15+00:00 GATE_SKIP id=PP0132 window=OOS reason=IS_NOT_SURVIVOR decision=IS_REJECT
2026-08-31T01:32:15+00:00 RUN_START id=PP0137 window=IS terminal=BT4 family=F04_trail_peak
2026-08-31T01:33:09+00:00 RUN_END id=PP0133 window=IS decision=IS_REJECT elapsed=280.262s
2026-08-31T01:33:09+00:00 GATE_SKIP id=PP0133 window=OOS reason=IS_NOT_SURVIVOR decision=IS_REJECT
2026-08-31T01:33:09+00:00 RUN_START id=PP0138 window=IS terminal=BT3 family=F04_trail_peak
2026-08-31T01:33:46+00:00 RUN_END id=PP0134 window=IS decision=IS_REJECT elapsed=295.127s
2026-08-31T01:33:46+00:00 GATE_SKIP id=PP0134 window=OOS reason=IS_NOT_SURVIVOR decision=IS_REJECT
2026-08-31T01:33:46+00:00 RUN_START id=PP0139 window=IS terminal=BT1 family=F04_trail_peak
2026-08-31T01:34:22+00:00 RUN_END id=PP0135 window=IS decision=IS_REJECT elapsed=300.88s
2026-08-31T01:34:22+00:00 GATE_SKIP id=PP0135 window=OOS reason=IS_NOT_SURVIVOR decision=IS_REJECT
2026-08-31T01:34:22+00:00 RUN_START id=PP0140 window=IS terminal=PROD family=F04_trail_peak
2026-08-31T01:35:33+00:00 RUN_END id=PP0136 window=IS decision=IS_REJECT elapsed=290.591s
2026-08-31T01:35:33+00:00 GATE_SKIP id=PP0136 window=OOS reason=IS_NOT_SURVIVOR decision=IS_REJECT
2026-08-31T01:35:33+00:00 RUN_START id=PP0141 window=IS terminal=BT2 family=F04_trail_peak
2026-08-31T01:36:16+00:00 RUN_END id=PP0137 window=IS decision=IS_REJECT elapsed=240.423s
2026-08-31T01:36:16+00:00 GATE_SKIP id=PP0137 window=OOS reason=IS_NOT_SURVIVOR decision=IS_REJECT
2026-08-31T01:36:16+00:00 RUN_START id=PP0142 window=IS terminal=BT4 family=F04_trail_peak
2026-08-31T01:37:35+00:00 RUN_END id=PP0138 window=IS decision=IS_REJECT elapsed=265.804s
2026-08-31T01:37:35+00:00 GATE_SKIP id=PP0138 window=OOS reason=IS_NOT_SURVIVOR decision=IS_REJECT
2026-08-31T01:37:35+00:00 RUN_START id=PP0143 window=IS terminal=BT3 family=F04_trail_peak
2026-08-31T01:38:41+00:00 RUN_END id=PP0139 window=IS decision=IS_REJECT elapsed=295.516s
2026-08-31T01:38:41+00:00 GATE_SKIP id=PP0139 window=OOS reason=IS_NOT_SURVIVOR decision=IS_REJECT
2026-08-31T01:38:41+00:00 RUN_START id=PP0144 window=IS terminal=BT1 family=F04_trail_peak
2026-08-31T01:39:32+00:00 RUN_END id=PP0140 window=IS decision=IS_REJECT elapsed=310.829s
2026-08-31T01:39:32+00:00 GATE_SKIP id=PP0140 window=OOS reason=IS_NOT_SURVIVOR decision=IS_REJECT
2026-08-31T01:39:32+00:00 RUN_START id=PP0145 window=IS terminal=PROD family=F04_trail_peak
2026-08-31T01:39:58+00:00 RUN_END id=PP0141 window=IS decision=IS_REJECT elapsed=265.341s
2026-08-31T01:39:58+00:00 GATE_SKIP id=PP0141 window=OOS reason=IS_NOT_SURVIVOR decision=IS_REJECT
2026-08-31T01:39:58+00:00 RUN_START id=PP0146 window=IS terminal=BT2 family=F04_trail_peak
2026-08-31T01:40:26+00:00 RUN_END id=PP0142 window=IS decision=IS_REJECT elapsed=250.254s
2026-08-31T01:40:26+00:00 GATE_SKIP id=PP0142 window=OOS reason=IS_NOT_SURVIVOR decision=IS_REJECT
2026-08-31T01:40:26+00:00 RUN_START id=PP0147 window=IS terminal=BT4 family=F04_trail_peak
2026-08-31T01:41:56+00:00 RUN_END id=PP0143 window=IS decision=IS_REJECT elapsed=260.795s
2026-08-31T01:41:56+00:00 GATE_SKIP id=PP0143 window=OOS reason=IS_NOT_SURVIVOR decision=IS_REJECT
2026-08-31T01:41:56+00:00 RUN_START id=PP0148 window=IS terminal=BT3 family=F04_trail_peak
2026-08-31T01:43:17+00:00 RUN_END id=PP0144 window=IS decision=IS_REJECT elapsed=275.44s
2026-08-31T01:43:17+00:00 GATE_SKIP id=PP0144 window=OOS reason=IS_NOT_SURVIVOR decision=IS_REJECT
2026-08-31T01:43:17+00:00 RUN_START id=PP0149 window=IS terminal=BT1 family=F04_trail_peak
2026-08-31T01:44:48+00:00 RUN_END id=PP0145 window=IS decision=IS_REJECT elapsed=315.939s
2026-08-31T01:44:48+00:00 GATE_SKIP id=PP0145 window=OOS reason=IS_NOT_SURVIVOR decision=IS_REJECT
2026-08-31T01:44:48+00:00 RUN_START id=PP0150 window=IS terminal=PROD family=F04_trail_peak
2026-08-31T01:45:09+00:00 RUN_END id=PP0146 window=IS decision=IS_REJECT elapsed=310.54s
2026-08-31T01:45:09+00:00 GATE_SKIP id=PP0146 window=OOS reason=IS_NOT_SURVIVOR decision=IS_REJECT
2026-08-31T01:45:09+00:00 RUN_START id=PP0151 window=IS terminal=BT2 family=F04_trail_peak
2026-08-31T01:45:26+00:00 RUN_END id=PP0147 window=IS decision=IS_REJECT elapsed=300.304s
2026-08-31T01:45:26+00:00 GATE_SKIP id=PP0147 window=OOS reason=IS_NOT_SURVIVOR decision=IS_REJECT
2026-08-31T01:45:26+00:00 RUN_START id=PP0152 window=IS terminal=BT4 family=F04_trail_peak
2026-08-31T01:46:42+00:00 RUN_END id=PP0148 window=IS decision=IS_NOISE_BAND elapsed=285.671s
2026-08-31T01:46:42+00:00 GATE_SKIP id=PP0148 window=OOS reason=IS_NOT_SURVIVOR decision=IS_NOISE_BAND
2026-08-31T01:46:42+00:00 RUN_START id=PP0153 window=IS terminal=BT3 family=F04_trail_peak
2026-08-31T01:47:47+00:00 RUN_END id=PP0149 window=IS decision=IS_REJECT elapsed=270.406s
2026-08-31T01:47:47+00:00 GATE_SKIP id=PP0149 window=OOS reason=IS_NOT_SURVIVOR decision=IS_REJECT
2026-08-31T01:47:47+00:00 RUN_START id=PP0154 window=IS terminal=BT1 family=F04_trail_peak
2026-08-31T01:49:29+00:00 RUN_END id=PP0150 window=IS decision=IS_REJECT elapsed=280.582s
2026-08-31T01:49:29+00:00 GATE_SKIP id=PP0150 window=OOS reason=IS_NOT_SURVIVOR decision=IS_REJECT
2026-08-31T01:49:29+00:00 RUN_START id=PP0155 window=IS terminal=PROD family=F04_trail_peak
2026-08-31T01:50:09+00:00 RUN_END id=PP0151 window=IS decision=IS_REJECT elapsed=300.161s
2026-08-31T01:50:09+00:00 GATE_SKIP id=PP0151 window=OOS reason=IS_NOT_SURVIVOR decision=IS_REJECT
2026-08-31T01:50:09+00:00 RUN_START id=PP0156 window=IS terminal=BT2 family=F04_trail_peak
2026-08-31T01:50:17+00:00 RUN_END id=PP0152 window=IS decision=IS_NOISE_BAND elapsed=290.828s
2026-08-31T01:50:17+00:00 GATE_SKIP id=PP0152 window=OOS reason=IS_NOT_SURVIVOR decision=IS_NOISE_BAND
2026-08-31T01:50:17+00:00 RUN_START id=PP0157 window=IS terminal=BT4 family=F04_trail_peak
2026-08-31T01:50:42+00:00 RUN_END id=PP0153 window=IS decision=IS_NOISE_BAND elapsed=240.633s
2026-08-31T01:50:42+00:00 GATE_SKIP id=PP0153 window=OOS reason=IS_NOT_SURVIVOR decision=IS_NOISE_BAND
2026-08-31T01:50:42+00:00 RUN_START id=PP0158 window=IS terminal=BT3 family=F04_trail_peak
2026-08-31T01:52:32+00:00 RUN_END id=PP0154 window=IS decision=IS_NOISE_BAND elapsed=285.31s
2026-08-31T01:52:32+00:00 GATE_SKIP id=PP0154 window=OOS reason=IS_NOT_SURVIVOR decision=IS_NOISE_BAND
2026-08-31T01:52:32+00:00 RUN_START id=PP0159 window=IS terminal=BT1 family=F04_trail_peak
2026-08-31T01:54:34+00:00 RUN_END id=PP0156 window=IS decision=IS_NOISE_BAND elapsed=264.848s
2026-08-31T01:54:34+00:00 GATE_SKIP id=PP0156 window=OOS reason=IS_NOT_SURVIVOR decision=IS_NOISE_BAND
2026-08-31T01:54:34+00:00 RUN_START id=PP0160 window=IS terminal=BT2 family=F04_trail_peak
2026-08-31T01:54:40+00:00 RUN_END id=PP0155 window=IS decision=IS_NOISE_BAND elapsed=310.644s
2026-08-31T01:54:40+00:00 GATE_SKIP id=PP0155 window=OOS reason=IS_NOT_SURVIVOR decision=IS_NOISE_BAND
2026-08-31T01:54:40+00:00 RUN_START id=PP0161 window=IS terminal=PROD family=F04_trail_peak
2026-08-31T01:55:23+00:00 RUN_END id=PP0158 window=IS decision=IS_REJECT elapsed=280.504s
2026-08-31T01:55:23+00:00 GATE_SKIP id=PP0158 window=OOS reason=IS_NOT_SURVIVOR decision=IS_REJECT
2026-08-31T01:55:23+00:00 RUN_START id=PP0162 window=IS terminal=BT3 family=F04_trail_peak
2026-08-31T01:55:37+00:00 RUN_END id=PP0157 window=IS decision=IS_REJECT elapsed=320.227s
2026-08-31T01:55:37+00:00 GATE_SKIP id=PP0157 window=OOS reason=IS_NOT_SURVIVOR decision=IS_REJECT
2026-08-31T01:55:37+00:00 RUN_START id=PP0163 window=IS terminal=BT4 family=F04_trail_peak
2026-08-31T01:57:38+00:00 RUN_END id=PP0159 window=IS decision=IS_REJECT elapsed=305.904s
2026-08-31T01:57:38+00:00 GATE_SKIP id=PP0159 window=OOS reason=IS_NOT_SURVIVOR decision=IS_REJECT
2026-08-31T01:57:38+00:00 RUN_START id=PP0164 window=IS terminal=BT1 family=F04_trail_peak
2026-08-31T01:59:35+00:00 RUN_END id=PP0160 window=IS decision=IS_REJECT elapsed=300.978s
2026-08-31T01:59:35+00:00 GATE_SKIP id=PP0160 window=OOS reason=IS_NOT_SURVIVOR decision=IS_REJECT
2026-08-31T01:59:35+00:00 RUN_START id=PP0165 window=IS terminal=BT2 family=F04_trail_peak
2026-08-31T01:59:51+00:00 RUN_END id=PP0161 window=IS decision=IS_REJECT elapsed=311.644s
2026-08-31T01:59:51+00:00 GATE_SKIP id=PP0161 window=OOS reason=IS_NOT_SURVIVOR decision=IS_REJECT
2026-08-31T01:59:51+00:00 RUN_START id=PP0166 window=IS terminal=PROD family=F04_trail_peak
2026-08-31T02:00:14+00:00 RUN_END id=PP0162 window=IS decision=IS_REJECT elapsed=291.134s
2026-08-31T02:00:14+00:00 GATE_SKIP id=PP0162 window=OOS reason=IS_NOT_SURVIVOR decision=IS_REJECT
2026-08-31T02:00:14+00:00 RUN_START id=PP0167 window=IS terminal=BT3 family=F04_trail_peak
2026-08-31T02:00:57+00:00 RUN_END id=PP0163 window=IS decision=IS_REJECT elapsed=319.993s
2026-08-31T02:00:57+00:00 GATE_SKIP id=PP0163 window=OOS reason=IS_NOT_SURVIVOR decision=IS_REJECT
2026-08-31T02:00:57+00:00 RUN_START id=PP0168 window=IS terminal=BT4 family=F04_trail_peak
2026-08-31T02:02:54+00:00 RUN_END id=PP0164 window=IS decision=IS_REJECT elapsed=316.043s
2026-08-31T02:02:54+00:00 GATE_SKIP id=PP0164 window=OOS reason=IS_NOT_SURVIVOR decision=IS_REJECT
2026-08-31T02:02:54+00:00 RUN_START id=PP0169 window=IS terminal=BT1 family=F05_giveback_frac
2026-08-31T02:04:05+00:00 RUN_END id=PP0165 window=IS decision=IS_REJECT elapsed=269.954s
2026-08-31T02:04:05+00:00 GATE_SKIP id=PP0165 window=OOS reason=IS_NOT_SURVIVOR decision=IS_REJECT
2026-08-31T02:04:05+00:00 RUN_START id=PP0170 window=IS terminal=BT2 family=F05_giveback_frac
2026-08-31T02:04:42+00:00 RUN_END id=PP0166 window=IS decision=IS_REJECT elapsed=290.5s
2026-08-31T02:04:42+00:00 GATE_SKIP id=PP0166 window=OOS reason=IS_NOT_SURVIVOR decision=IS_REJECT
2026-08-31T02:04:42+00:00 RUN_START id=PP0171 window=IS terminal=PROD family=F05_giveback_frac
2026-08-31T02:05:04+00:00 RUN_END id=PP0167 window=IS decision=IS_REJECT elapsed=290.206s
2026-08-31T02:05:04+00:00 GATE_SKIP id=PP0167 window=OOS reason=IS_NOT_SURVIVOR decision=IS_REJECT
2026-08-31T02:05:04+00:00 RUN_START id=PP0172 window=IS terminal=BT3 family=F05_giveback_frac
2026-08-31T02:06:08+00:00 RUN_END id=PP0168 window=IS decision=IS_REJECT elapsed=310.387s
2026-08-31T02:06:08+00:00 GATE_SKIP id=PP0168 window=OOS reason=IS_NOT_SURVIVOR decision=IS_REJECT
2026-08-31T02:06:08+00:00 RUN_START id=PP0173 window=IS terminal=BT4 family=F05_giveback_frac
2026-08-31T02:07:05+00:00 RUN_END id=PP0169 window=IS decision=IS_REJECT elapsed=250.363s
2026-08-31T02:07:05+00:00 GATE_SKIP id=PP0169 window=OOS reason=IS_NOT_SURVIVOR decision=IS_REJECT
2026-08-31T02:07:05+00:00 RUN_START id=PP0174 window=IS terminal=BT1 family=F05_giveback_frac
2026-08-31T02:08:20+00:00 RUN_END id=PP0170 window=IS decision=IS_REJECT elapsed=255.29s
2026-08-31T02:08:20+00:00 GATE_SKIP id=PP0170 window=OOS reason=IS_NOT_SURVIVOR decision=IS_REJECT
2026-08-31T02:08:20+00:00 RUN_START id=PP0175 window=IS terminal=BT2 family=F05_giveback_frac
2026-08-31T02:09:13+00:00 RUN_END id=PP0171 window=IS decision=IS_REJECT elapsed=270.805s
2026-08-31T02:09:13+00:00 GATE_SKIP id=PP0171 window=OOS reason=IS_NOT_SURVIVOR decision=IS_REJECT
2026-08-31T02:09:13+00:00 RUN_START id=PP0176 window=IS terminal=PROD family=F05_giveback_frac
2026-08-31T02:09:40+00:00 RUN_END id=PP0172 window=IS decision=IS_REJECT elapsed=275.532s
2026-08-31T02:09:40+00:00 GATE_SKIP id=PP0172 window=OOS reason=IS_NOT_SURVIVOR decision=IS_REJECT
2026-08-31T02:09:40+00:00 RUN_START id=PP0177 window=IS terminal=BT3 family=F05_giveback_frac
2026-08-31T02:10:38+00:00 RUN_END id=PP0173 window=IS decision=IS_REJECT elapsed=270.553s
2026-08-31T02:10:38+00:00 GATE_SKIP id=PP0173 window=OOS reason=IS_NOT_SURVIVOR decision=IS_REJECT
2026-08-31T02:10:38+00:00 RUN_START id=PP0178 window=IS terminal=BT4 family=F05_giveback_frac
2026-08-31T02:11:00+00:00 RUN_END id=PP0174 window=IS decision=IS_REJECT elapsed=235.277s
2026-08-31T02:11:00+00:00 GATE_SKIP id=PP0174 window=OOS reason=IS_NOT_SURVIVOR decision=IS_REJECT
2026-08-31T02:11:00+00:00 RUN_START id=PP0179 window=IS terminal=BT1 family=F05_giveback_frac
2026-08-31T02:12:15+00:00 RUN_END id=PP0175 window=IS decision=IS_REJECT elapsed=235.088s
2026-08-31T02:12:15+00:00 GATE_SKIP id=PP0175 window=OOS reason=IS_NOT_SURVIVOR decision=IS_REJECT
2026-08-31T02:12:15+00:00 RUN_START id=PP0180 window=IS terminal=BT2 family=F05_giveback_frac
2026-08-31T02:13:53+00:00 RUN_END id=PP0176 window=IS decision=IS_REJECT elapsed=280.749s
2026-08-31T02:13:53+00:00 GATE_SKIP id=PP0176 window=OOS reason=IS_NOT_SURVIVOR decision=IS_REJECT
2026-08-31T02:13:53+00:00 RUN_START id=PP0181 window=IS terminal=PROD family=F05_giveback_frac
2026-08-31T02:14:10+00:00 RUN_END id=PP0177 window=IS decision=IS_REJECT elapsed=270.405s
2026-08-31T02:14:10+00:00 GATE_SKIP id=PP0177 window=OOS reason=IS_NOT_SURVIVOR decision=IS_REJECT
2026-08-31T02:14:10+00:00 RUN_START id=PP0182 window=IS terminal=BT3 family=F05_giveback_frac
2026-08-31T02:15:00+00:00 RUN_END id=PP0179 window=IS decision=IS_REJECT elapsed=240.089s
2026-08-31T02:15:00+00:00 GATE_SKIP id=PP0179 window=OOS reason=IS_NOT_SURVIVOR decision=IS_REJECT
2026-08-31T02:15:00+00:00 RUN_START id=PP0183 window=IS terminal=BT1 family=F05_giveback_frac
2026-08-31T02:15:08+00:00 RUN_END id=PP0178 window=IS decision=IS_REJECT elapsed=270.003s
2026-08-31T02:15:08+00:00 GATE_SKIP id=PP0178 window=OOS reason=IS_NOT_SURVIVOR decision=IS_REJECT
2026-08-31T02:15:08+00:00 RUN_START id=PP0184 window=IS terminal=BT4 family=F05_giveback_frac
2026-08-31T02:16:10+00:00 RUN_END id=PP0180 window=IS decision=IS_REJECT elapsed=234.888s
2026-08-31T02:16:10+00:00 GATE_SKIP id=PP0180 window=OOS reason=IS_NOT_SURVIVOR decision=IS_REJECT
2026-08-31T02:16:10+00:00 RUN_START id=PP0185 window=IS terminal=BT2 family=F05_giveback_frac
2026-08-31T02:18:44+00:00 RUN_END id=PP0181 window=IS decision=IS_REJECT elapsed=290.687s
2026-08-31T02:18:44+00:00 GATE_SKIP id=PP0181 window=OOS reason=IS_NOT_SURVIVOR decision=IS_REJECT
2026-08-31T02:18:44+00:00 RUN_START id=PP0186 window=IS terminal=PROD family=F05_giveback_frac
2026-08-31T02:18:55+00:00 RUN_END id=PP0182 window=IS decision=IS_REJECT elapsed=285.453s
2026-08-31T02:18:55+00:00 GATE_SKIP id=PP0182 window=OOS reason=IS_NOT_SURVIVOR decision=IS_REJECT
2026-08-31T02:18:55+00:00 RUN_START id=PP0187 window=IS terminal=BT3 family=F05_giveback_frac
2026-08-31T02:19:15+00:00 RUN_END id=PP0183 window=IS decision=IS_REJECT elapsed=254.997s
2026-08-31T02:19:15+00:00 GATE_SKIP id=PP0183 window=OOS reason=IS_NOT_SURVIVOR decision=IS_REJECT
2026-08-31T02:19:15+00:00 RUN_START id=PP0188 window=IS terminal=BT1 family=F05_giveback_frac
2026-08-31T02:19:59+00:00 RUN_END id=PP0184 window=IS decision=IS_REJECT elapsed=290.107s
2026-08-31T02:19:59+00:00 GATE_SKIP id=PP0184 window=OOS reason=IS_NOT_SURVIVOR decision=IS_REJECT
2026-08-31T02:19:59+00:00 RUN_START id=PP0189 window=IS terminal=BT4 family=F05_giveback_frac
2026-08-31T02:20:40+00:00 RUN_END id=PP0185 window=IS decision=IS_REJECT elapsed=270.249s
2026-08-31T02:20:40+00:00 GATE_SKIP id=PP0185 window=OOS reason=IS_NOT_SURVIVOR decision=IS_REJECT
2026-08-31T02:20:40+00:00 RUN_START id=PP0190 window=IS terminal=BT2 family=F05_giveback_frac
2026-08-31T02:22:24+00:00 RUN_END id=PP0186 window=IS decision=IS_REJECT elapsed=220.406s
2026-08-31T02:22:24+00:00 GATE_SKIP id=PP0186 window=OOS reason=IS_NOT_SURVIVOR decision=IS_REJECT
2026-08-31T02:22:24+00:00 RUN_START id=PP0191 window=IS terminal=PROD family=F05_giveback_frac
2026-08-31T02:23:56+00:00 RUN_END id=PP0187 window=IS decision=IS_REJECT elapsed=300.223s
2026-08-31T02:23:56+00:00 GATE_SKIP id=PP0187 window=OOS reason=IS_NOT_SURVIVOR decision=IS_REJECT
2026-08-31T02:23:56+00:00 RUN_START id=PP0192 window=IS terminal=BT3 family=F05_giveback_frac
2026-08-31T02:24:05+00:00 RUN_END id=PP0188 window=IS decision=IS_REJECT elapsed=290.181s
2026-08-31T02:24:05+00:00 GATE_SKIP id=PP0188 window=OOS reason=IS_NOT_SURVIVOR decision=IS_REJECT
2026-08-31T02:24:05+00:00 RUN_START id=PP0193 window=IS terminal=BT1 family=F05_giveback_frac
2026-08-31T02:24:44+00:00 RUN_END id=PP0189 window=IS decision=IS_NOISE_BAND elapsed=285.739s
2026-08-31T02:24:44+00:00 GATE_SKIP id=PP0189 window=OOS reason=IS_NOT_SURVIVOR decision=IS_NOISE_BAND
2026-08-31T02:24:44+00:00 RUN_START id=PP0194 window=IS terminal=BT4 family=F05_giveback_frac
2026-08-31T02:25:25+00:00 RUN_END id=PP0190 window=IS decision=IS_NOISE_BAND elapsed=285.12s
2026-08-31T02:25:25+00:00 GATE_SKIP id=PP0190 window=OOS reason=IS_NOT_SURVIVOR decision=IS_NOISE_BAND
2026-08-31T02:25:25+00:00 RUN_START id=PP0195 window=IS terminal=BT2 family=F05_giveback_frac
2026-08-31T02:27:10+00:00 RUN_END id=PP0191 window=IS decision=IS_NOISE_BAND elapsed=285.457s
2026-08-31T02:27:10+00:00 GATE_SKIP id=PP0191 window=OOS reason=IS_NOT_SURVIVOR decision=IS_NOISE_BAND
2026-08-31T02:27:10+00:00 RUN_START id=PP0196 window=IS terminal=PROD family=F05_giveback_frac
2026-08-31T02:27:41+00:00 RUN_END id=PP0192 window=IS decision=IS_NOISE_BAND elapsed=225.198s
2026-08-31T02:27:41+00:00 GATE_SKIP id=PP0192 window=OOS reason=IS_NOT_SURVIVOR decision=IS_NOISE_BAND
2026-08-31T02:27:41+00:00 RUN_START id=PP0197 window=IS terminal=BT3 family=F05_giveback_frac
2026-08-31T02:28:40+00:00 RUN_END id=PP0193 window=IS decision=IS_REJECT elapsed=275.033s
2026-08-31T02:28:40+00:00 GATE_SKIP id=PP0193 window=OOS reason=IS_NOT_SURVIVOR decision=IS_REJECT
2026-08-31T02:28:40+00:00 RUN_START id=PP0198 window=IS terminal=BT1 family=F05_giveback_frac
2026-08-31T02:29:00+00:00 RUN_END id=PP0194 window=IS decision=IS_REJECT elapsed=255.511s
2026-08-31T02:29:00+00:00 GATE_SKIP id=PP0194 window=OOS reason=IS_NOT_SURVIVOR decision=IS_REJECT
2026-08-31T02:29:00+00:00 RUN_START id=PP0199 window=IS terminal=BT4 family=F05_giveback_frac
2026-08-31T02:29:35+00:00 RUN_END id=PP0195 window=IS decision=IS_REJECT elapsed=250.098s
2026-08-31T02:29:35+00:00 GATE_SKIP id=PP0195 window=OOS reason=IS_NOT_SURVIVOR decision=IS_REJECT
2026-08-31T02:29:35+00:00 RUN_START id=PP0200 window=IS terminal=BT2 family=F05_giveback_frac
2026-08-31T02:31:51+00:00 RUN_END id=PP0197 window=IS decision=IS_REJECT elapsed=250.494s
2026-08-31T02:31:51+00:00 GATE_SKIP id=PP0197 window=OOS reason=IS_NOT_SURVIVOR decision=IS_REJECT
2026-08-31T02:31:51+00:00 RUN_START id=PP0201 window=IS terminal=BT3 family=F05_giveback_frac
2026-08-31T02:31:56+00:00 RUN_END id=PP0196 window=IS decision=IS_REJECT elapsed=285.689s
2026-08-31T02:31:56+00:00 GATE_SKIP id=PP0196 window=OOS reason=IS_NOT_SURVIVOR decision=IS_REJECT
2026-08-31T02:31:56+00:00 RUN_START id=PP0202 window=IS terminal=PROD family=F05_giveback_frac
2026-08-31T02:33:06+00:00 RUN_END id=PP0198 window=IS decision=IS_REJECT elapsed=265.337s
2026-08-31T02:33:06+00:00 GATE_SKIP id=PP0198 window=OOS reason=IS_NOT_SURVIVOR decision=IS_REJECT
2026-08-31T02:33:06+00:00 RUN_START id=PP0203 window=IS terminal=BT1 family=F05_giveback_frac
2026-08-31T02:33:50+00:00 RUN_END id=PP0199 window=IS decision=IS_REJECT elapsed=290.558s
2026-08-31T02:33:50+00:00 GATE_SKIP id=PP0199 window=OOS reason=IS_NOT_SURVIVOR decision=IS_REJECT
2026-08-31T02:33:50+00:00 RUN_START id=PP0204 window=IS terminal=BT4 family=F05_giveback_frac
2026-08-31T02:34:16+00:00 RUN_END id=PP0200 window=IS decision=IS_REJECT elapsed=280.965s
2026-08-31T02:34:16+00:00 GATE_SKIP id=PP0200 window=OOS reason=IS_NOT_SURVIVOR decision=IS_REJECT
2026-08-31T02:34:16+00:00 RUN_START id=PP0205 window=IS terminal=BT2 family=F06_giveback_atr
2026-08-31T02:36:27+00:00 RUN_END id=PP0201 window=IS decision=IS_REJECT elapsed=275.397s
2026-08-31T02:36:27+00:00 GATE_SKIP id=PP0201 window=OOS reason=IS_NOT_SURVIVOR decision=IS_REJECT
2026-08-31T02:36:27+00:00 RUN_START id=PP0206 window=IS terminal=BT3 family=F06_giveback_atr
2026-08-31T02:37:01+00:00 RUN_END id=PP0202 window=IS decision=IS_REJECT elapsed=305.802s
2026-08-31T02:37:01+00:00 GATE_SKIP id=PP0202 window=OOS reason=IS_NOT_SURVIVOR decision=IS_REJECT
2026-08-31T02:37:01+00:00 RUN_START id=PP0207 window=IS terminal=PROD family=F06_giveback_atr
2026-08-31T02:37:42+00:00 RUN_END id=PP0203 window=IS decision=IS_REJECT elapsed=275.994s
2026-08-31T02:37:42+00:00 GATE_SKIP id=PP0203 window=OOS reason=IS_NOT_SURVIVOR decision=IS_REJECT
2026-08-31T02:37:42+00:00 RUN_START id=PP0208 window=IS terminal=BT1 family=F06_giveback_atr
2026-08-31T02:38:41+00:00 RUN_END id=PP0204 window=IS decision=IS_REJECT elapsed=290.528s
2026-08-31T02:38:41+00:00 GATE_SKIP id=PP0204 window=OOS reason=IS_NOT_SURVIVOR decision=IS_REJECT
2026-08-31T02:38:41+00:00 RUN_START id=PP0209 window=IS terminal=BT4 family=F06_giveback_atr
2026-08-31T02:38:42+00:00 RUN_END id=PP0205 window=IS decision=IS_REJECT elapsed=265.148s
2026-08-31T02:38:42+00:00 GATE_SKIP id=PP0205 window=OOS reason=IS_NOT_SURVIVOR decision=IS_REJECT
2026-08-31T02:38:42+00:00 RUN_START id=PP0210 window=IS terminal=BT2 family=F06_giveback_atr
2026-08-31T02:39:02+00:00 RUN_FAILED id=PP0210 window=IS terminal=BT2 結果CSVなし
2026-08-31T02:39:02+00:00 RUN_START id=PP0211 window=IS terminal=BT2 family=F06_giveback_atr
2026-08-31T02:40:07+00:00 RUN_END id=PP0206 window=IS decision=IS_REJECT elapsed=220.365s
2026-08-31T02:40:07+00:00 GATE_SKIP id=PP0206 window=OOS reason=IS_NOT_SURVIVOR decision=IS_REJECT
2026-08-31T02:40:07+00:00 RUN_START id=PP0212 window=IS terminal=BT3 family=F06_giveback_atr
2026-08-31T02:41:37+00:00 RUN_END id=PP0207 window=IS decision=IS_REJECT elapsed=275.541s
2026-08-31T02:41:37+00:00 GATE_SKIP id=PP0207 window=OOS reason=IS_NOT_SURVIVOR decision=IS_REJECT
2026-08-31T02:41:37+00:00 RUN_START id=PP0213 window=IS terminal=PROD family=F06_giveback_atr
2026-08-31T02:42:02+00:00 RUN_END id=PP0208 window=IS decision=IS_REJECT elapsed=260.254s
2026-08-31T02:42:02+00:00 GATE_SKIP id=PP0208 window=OOS reason=IS_NOT_SURVIVOR decision=IS_REJECT
2026-08-31T02:42:02+00:00 RUN_START id=PP0214 window=IS terminal=BT1 family=F06_giveback_atr
2026-08-31T02:42:21+00:00 RUN_END id=PP0209 window=IS decision=IS_REJECT elapsed=220.252s
2026-08-31T02:42:21+00:00 GATE_SKIP id=PP0209 window=OOS reason=IS_NOT_SURVIVOR decision=IS_REJECT
2026-08-31T02:42:21+00:00 RUN_START id=PP0215 window=IS terminal=BT4 family=F06_giveback_atr
2026-08-31T02:43:37+00:00 RUN_END id=PP0211 window=IS decision=IS_REJECT elapsed=275.116s
2026-08-31T02:43:37+00:00 GATE_SKIP id=PP0211 window=OOS reason=IS_NOT_SURVIVOR decision=IS_REJECT
2026-08-31T02:43:37+00:00 RUN_START id=PP0216 window=IS terminal=BT2 family=F06_giveback_atr
2026-08-31T02:44:12+00:00 RUN_END id=PP0212 window=IS decision=IS_REJECT elapsed=245.078s
2026-08-31T02:44:12+00:00 GATE_SKIP id=PP0212 window=OOS reason=IS_NOT_SURVIVOR decision=IS_REJECT
2026-08-31T02:44:12+00:00 RUN_START id=PP0217 window=IS terminal=BT3 family=F06_giveback_atr
2026-08-31T02:46:08+00:00 RUN_END id=PP0213 window=IS decision=IS_REJECT elapsed=270.904s
2026-08-31T02:46:08+00:00 GATE_SKIP id=PP0213 window=OOS reason=IS_NOT_SURVIVOR decision=IS_REJECT
2026-08-31T02:46:08+00:00 RUN_START id=PP0218 window=IS terminal=PROD family=F06_giveback_atr
2026-08-31T02:46:11+00:00 RUN_END id=PP0215 window=IS decision=IS_REJECT elapsed=230.139s
2026-08-31T02:46:11+00:00 GATE_SKIP id=PP0215 window=OOS reason=IS_NOT_SURVIVOR decision=IS_REJECT
2026-08-31T02:46:11+00:00 RUN_START id=PP0219 window=IS terminal=BT4 family=F06_giveback_atr
2026-08-31T02:46:38+00:00 RUN_END id=PP0214 window=IS decision=IS_REJECT elapsed=275.737s
2026-08-31T02:46:38+00:00 GATE_SKIP id=PP0214 window=OOS reason=IS_NOT_SURVIVOR decision=IS_REJECT
2026-08-31T02:46:38+00:00 RUN_START id=PP0220 window=IS terminal=BT1 family=F06_giveback_atr
2026-08-31T02:48:12+00:00 RUN_END id=PP0216 window=IS decision=IS_REJECT elapsed=275.333s
2026-08-31T02:48:12+00:00 GATE_SKIP id=PP0216 window=OOS reason=IS_NOT_SURVIVOR decision=IS_REJECT
2026-08-31T02:48:12+00:00 RUN_START id=PP0221 window=IS terminal=BT2 family=F06_giveback_atr
2026-08-31T02:48:48+00:00 RUN_END id=PP0217 window=IS decision=IS_REJECT elapsed=275.715s
2026-08-31T02:48:48+00:00 GATE_SKIP id=PP0217 window=OOS reason=IS_NOT_SURVIVOR decision=IS_REJECT
2026-08-31T02:48:48+00:00 RUN_START id=PP0222 window=IS terminal=BT3 family=F06_giveback_atr
2026-08-31T02:49:25+00:00 RUN_END id=PP0218 window=IS decision=IS_REJECT elapsed=196.98s
2026-08-31T02:49:25+00:00 GATE_SKIP id=PP0218 window=OOS reason=IS_NOT_SURVIVOR decision=IS_REJECT
2026-08-31T02:49:25+00:00 RUN_START id=PP0223 window=IS terminal=PROD family=F06_giveback_atr
2026-08-31T02:49:52+00:00 RUN_END id=PP0219 window=IS decision=IS_REJECT elapsed=220.325s
2026-08-31T02:49:52+00:00 GATE_SKIP id=PP0219 window=OOS reason=IS_NOT_SURVIVOR decision=IS_REJECT
2026-08-31T02:49:52+00:00 RUN_START id=PP0224 window=IS terminal=BT4 family=F06_giveback_atr
2026-08-31T02:51:29+00:00 RUN_END id=PP0220 window=IS decision=IS_REJECT elapsed=291.446s
2026-08-31T02:51:29+00:00 GATE_SKIP id=PP0220 window=OOS reason=IS_NOT_SURVIVOR decision=IS_REJECT
2026-08-31T02:51:29+00:00 RUN_START id=PP0225 window=IS terminal=BT1 family=F06_giveback_atr
2026-08-31T02:52:52+00:00 RUN_END id=PP0221 window=IS decision=IS_REJECT elapsed=280.269s
2026-08-31T02:52:52+00:00 GATE_SKIP id=PP0221 window=OOS reason=IS_NOT_SURVIVOR decision=IS_REJECT
2026-08-31T02:52:52+00:00 RUN_START id=PP0226 window=IS terminal=BT2 family=F06_giveback_atr
2026-08-31T02:53:48+00:00 RUN_END id=PP0222 window=IS decision=IS_REJECT elapsed=300.363s
2026-08-31T02:53:48+00:00 GATE_SKIP id=PP0222 window=OOS reason=IS_NOT_SURVIVOR decision=IS_REJECT
2026-08-31T02:53:48+00:00 RUN_START id=PP0227 window=IS terminal=BT3 family=F06_giveback_atr
2026-08-31T02:54:02+00:00 RUN_END id=PP0224 window=IS decision=IS_REJECT elapsed=250.066s
2026-08-31T02:54:02+00:00 GATE_SKIP id=PP0224 window=OOS reason=IS_NOT_SURVIVOR decision=IS_REJECT
2026-08-31T02:54:02+00:00 RUN_START id=PP0228 window=IS terminal=BT4 family=F06_giveback_atr
2026-08-31T02:54:21+00:00 RUN_END id=PP0223 window=IS decision=IS_REJECT elapsed=295.96s
2026-08-31T02:54:21+00:00 GATE_SKIP id=PP0223 window=OOS reason=IS_NOT_SURVIVOR decision=IS_REJECT
2026-08-31T02:54:21+00:00 RUN_START id=PP0229 window=IS terminal=PROD family=F06_giveback_atr
2026-08-31T02:55:39+00:00 RUN_END id=PP0225 window=IS decision=IS_REJECT elapsed=250.214s
2026-08-31T02:55:39+00:00 GATE_SKIP id=PP0225 window=OOS reason=IS_NOT_SURVIVOR decision=IS_REJECT
2026-08-31T02:55:39+00:00 RUN_START id=PP0230 window=IS terminal=BT1 family=F06_giveback_atr
2026-08-31T02:56:52+00:00 RUN_END id=PP0226 window=IS decision=IS_NOISE_BAND elapsed=240.006s
2026-08-31T02:56:52+00:00 GATE_SKIP id=PP0226 window=OOS reason=IS_NOT_SURVIVOR decision=IS_NOISE_BAND
2026-08-31T02:56:52+00:00 RUN_START id=PP0231 window=IS terminal=BT2 family=F06_giveback_atr
2026-08-31T02:58:27+00:00 RUN_END id=PP0228 window=IS decision=IS_NOISE_BAND elapsed=264.86s
2026-08-31T02:58:27+00:00 GATE_SKIP id=PP0228 window=OOS reason=IS_NOT_SURVIVOR decision=IS_NOISE_BAND
2026-08-31T02:58:27+00:00 RUN_START id=PP0232 window=IS terminal=BT4 family=F06_giveback_atr
2026-08-31T02:58:34+00:00 RUN_END id=PP0227 window=IS decision=IS_NOISE_BAND elapsed=285.328s
2026-08-31T02:58:34+00:00 GATE_SKIP id=PP0227 window=OOS reason=IS_NOT_SURVIVOR decision=IS_NOISE_BAND
2026-08-31T02:58:34+00:00 RUN_START id=PP0233 window=IS terminal=BT3 family=F06_giveback_atr
2026-08-31T02:59:17+00:00 RUN_END id=PP0229 window=IS decision=IS_REJECT elapsed=296.17s
2026-08-31T02:59:17+00:00 GATE_SKIP id=PP0229 window=OOS reason=IS_NOT_SURVIVOR decision=IS_REJECT
2026-08-31T02:59:17+00:00 RUN_START id=PP0234 window=IS terminal=PROD family=F06_giveback_atr
2026-08-31T02:59:55+00:00 RUN_END id=PP0230 window=IS decision=IS_REJECT elapsed=255.467s
2026-08-31T02:59:55+00:00 GATE_SKIP id=PP0230 window=OOS reason=IS_NOT_SURVIVOR decision=IS_REJECT
2026-08-31T02:59:55+00:00 RUN_START id=PP0235 window=IS terminal=BT1 family=F06_giveback_atr
2026-08-31T03:01:03+00:00 RUN_END id=PP0231 window=IS decision=IS_REJECT elapsed=250.633s
2026-08-31T03:01:03+00:00 GATE_SKIP id=PP0231 window=OOS reason=IS_NOT_SURVIVOR decision=IS_REJECT
2026-08-31T03:01:03+00:00 RUN_START id=PP0236 window=IS terminal=BT2 family=F06_giveback_atr
2026-08-31T03:01:52+00:00 RUN_END id=PP0232 window=IS decision=IS_REJECT elapsed=205.272s
2026-08-31T03:01:52+00:00 GATE_SKIP id=PP0232 window=OOS reason=IS_NOT_SURVIVOR decision=IS_REJECT
2026-08-31T03:01:52+00:00 RUN_START id=PP0237 window=IS terminal=BT4 family=F06_giveback_atr
2026-08-31T03:03:14+00:00 RUN_END id=PP0233 window=IS decision=IS_REJECT elapsed=280.456s
2026-08-31T03:03:14+00:00 GATE_SKIP id=PP0233 window=OOS reason=IS_NOT_SURVIVOR decision=IS_REJECT
2026-08-31T03:03:14+00:00 RUN_START id=PP0238 window=IS terminal=BT3 family=F06_giveback_atr
2026-08-31T03:04:08+00:00 RUN_END id=PP0234 window=IS decision=IS_REJECT elapsed=290.995s
2026-08-31T03:04:08+00:00 GATE_SKIP id=PP0234 window=OOS reason=IS_NOT_SURVIVOR decision=IS_REJECT
2026-08-31T03:04:08+00:00 RUN_START id=PP0239 window=IS terminal=PROD family=F06_giveback_atr
2026-08-31T03:04:35+00:00 RUN_END id=PP0235 window=IS decision=IS_REJECT elapsed=280.46s
2026-08-31T03:04:35+00:00 GATE_SKIP id=PP0235 window=OOS reason=IS_NOT_SURVIVOR decision=IS_REJECT
2026-08-31T03:04:35+00:00 RUN_START id=PP0240 window=IS terminal=BT1 family=F06_giveback_atr
2026-08-31T03:05:43+00:00 RUN_END id=PP0236 window=IS decision=IS_REJECT elapsed=280.157s
2026-08-31T03:05:43+00:00 GATE_SKIP id=PP0236 window=OOS reason=IS_NOT_SURVIVOR decision=IS_REJECT
2026-08-31T03:05:43+00:00 RUN_START id=PP0241 window=IS terminal=BT2 family=F07_be_then_trail
2026-08-31T03:05:57+00:00 RUN_END id=PP0237 window=IS decision=IS_REJECT elapsed=245.43s
2026-08-31T03:05:57+00:00 GATE_SKIP id=PP0237 window=OOS reason=IS_NOT_SURVIVOR decision=IS_REJECT
2026-08-31T03:05:57+00:00 RUN_START id=PP0242 window=IS terminal=BT4 family=F07_be_then_trail
2026-08-31T03:06:49+00:00 RUN_END id=PP0238 window=IS decision=IS_REJECT elapsed=215.164s
2026-08-31T03:06:49+00:00 GATE_SKIP id=PP0238 window=OOS reason=IS_NOT_SURVIVOR decision=IS_REJECT
2026-08-31T03:06:49+00:00 RUN_START id=PP0243 window=IS terminal=BT3 family=F07_be_then_trail
2026-08-31T03:08:59+00:00 RUN_END id=PP0239 window=IS decision=IS_REJECT elapsed=290.785s
2026-08-31T03:08:59+00:00 GATE_SKIP id=PP0239 window=OOS reason=IS_NOT_SURVIVOR decision=IS_REJECT
2026-08-31T03:08:59+00:00 RUN_START id=PP0244 window=IS terminal=PROD family=F07_be_then_trail
2026-08-31T03:09:26+00:00 RUN_END id=PP0240 window=IS decision=IS_REJECT elapsed=290.369s
2026-08-31T03:09:26+00:00 GATE_SKIP id=PP0240 window=OOS reason=IS_NOT_SURVIVOR decision=IS_REJECT
2026-08-31T03:09:26+00:00 RUN_START id=PP0245 window=IS terminal=BT1 family=F07_be_then_trail
2026-08-31T03:09:53+00:00 RUN_END id=PP0242 window=IS decision=IS_REJECT elapsed=235.501s
2026-08-31T03:09:53+00:00 GATE_SKIP id=PP0242 window=OOS reason=IS_NOT_SURVIVOR decision=IS_REJECT
2026-08-31T03:09:53+00:00 RUN_START id=PP0246 window=IS terminal=BT4 family=F07_be_then_trail
2026-08-31T03:10:03+00:00 RUN_END id=PP0241 window=IS decision=IS_REJECT elapsed=259.936s
2026-08-31T03:10:03+00:00 GATE_SKIP id=PP0241 window=OOS reason=IS_NOT_SURVIVOR decision=IS_REJECT
2026-08-31T03:10:03+00:00 RUN_START id=PP0247 window=IS terminal=BT2 family=F07_be_then_trail
2026-08-31T03:10:14+00:00 RUN_END id=PP0243 window=IS decision=IS_REJECT elapsed=205.162s
2026-08-31T03:10:14+00:00 GATE_SKIP id=PP0243 window=OOS reason=IS_NOT_SURVIVOR decision=IS_REJECT
2026-08-31T03:10:14+00:00 RUN_START id=PP0248 window=IS terminal=BT3 family=F07_be_then_trail
2026-08-31T19:53:29+00:00 RUN_FAILED id=PP0245 window=IS terminal=BT1 結果CSVなし
2026-08-31T19:53:29+00:00 RUN_START id=PP0249 window=IS terminal=BT1 family=F07_be_then_trail
2026-08-31T19:53:31+00:00 RUN_TIMEOUT id=PP0246 window=IS terminal=BT4 — 端末を再起動する
2026-08-31T19:53:32+00:00 RUN_TIMEOUT id=PP0247 window=IS terminal=BT2 — 端末を再起動する
2026-08-31T19:53:32+00:00 RUN_TIMEOUT id=PP0248 window=IS terminal=BT3 — 端末を再起動する
2026-08-31T19:53:32+00:00 RUN_FAILED id=PP0244 window=IS terminal=PROD 結果CSVなし
2026-08-31T19:53:32+00:00 RUN_START id=PP0250 window=IS terminal=PROD family=F07_be_then_trail
2026-08-31T19:54:34+00:00 RUN_START id=PP0251 window=IS terminal=BT3 family=F07_be_then_trail
2026-08-31T19:54:34+00:00 RUN_START id=PP0252 window=IS terminal=BT4 family=F07_be_then_trail
2026-08-31T19:54:36+00:00 RUN_START id=PP0253 window=IS terminal=BT2 family=F07_be_then_trail
2026-08-31T19:55:01+00:00 RUN_FAILED id=PP0251 window=IS terminal=BT3 結果CSVなし
2026-08-31T19:55:01+00:00 RUN_START id=PP0254 window=IS terminal=BT3 family=F07_be_then_trail
2026-09-01T19:55:25+00:00 SLEEP_SUPPRESSED ドライバ稼働中はスリープしない（終了時に自動解除）
2026-09-01T19:55:25+00:00 BASELINE_OOS {'net': 47340.0, 'pf': 1.3077, 'dd': 1.8676, 'trades': 329}
2026-09-01T19:55:25+00:00 BASELINE_IS {'net': 417882.0, 'pf': 2.2542, 'dd': 3.7942, 'trades': 301}
2026-09-01T19:55:25+00:00 DRIVER_START proposals=500 already_done=242 terminals=5
2026-09-01T19:55:25+00:00 SKIP_EXISTING id=PP0001 window=IS
2026-09-01T19:55:25+00:00 SKIP_EXISTING id=PP0002 window=IS
2026-09-01T19:55:25+00:00 SKIP_EXISTING id=PP0003 window=IS
2026-09-01T19:55:25+00:00 SKIP_EXISTING id=PP0004 window=IS
2026-09-01T19:55:25+00:00 SKIP_EXISTING id=PP0005 window=IS
2026-09-01T19:55:25+00:00 SKIP_EXISTING id=PP0006 window=IS
2026-09-01T19:55:25+00:00 SKIP_EXISTING id=PP0007 window=IS
2026-09-01T19:55:25+00:00 SKIP_EXISTING id=PP0008 window=IS
2026-09-01T19:55:25+00:00 SKIP_EXISTING id=PP0009 window=IS
2026-09-01T19:55:25+00:00 SKIP_EXISTING id=PP0010 window=IS
2026-09-01T19:55:25+00:00 SKIP_EXISTING id=PP0011 window=IS
2026-09-01T19:55:25+00:00 SKIP_EXISTING id=PP0012 window=IS
2026-09-01T19:55:25+00:00 SKIP_EXISTING id=PP0013 window=IS
2026-09-01T19:55:25+00:00 SKIP_EXISTING id=PP0014 window=IS
2026-09-01T19:55:25+00:00 SKIP_EXISTING id=PP0015 window=IS
2026-09-01T19:55:25+00:00 SKIP_EXISTING id=PP0016 window=IS
2026-09-01T19:55:25+00:00 SKIP_EXISTING id=PP0017 window=IS
2026-09-01T19:55:25+00:00 SKIP_EXISTING id=PP0018 window=IS
2026-09-01T19:55:25+00:00 SKIP_EXISTING id=PP0019 window=IS
2026-09-01T19:55:25+00:00 SKIP_EXISTING id=PP0020 window=IS
2026-09-01T19:55:25+00:00 SKIP_EXISTING id=PP0021 window=IS
2026-09-01T19:55:25+00:00 SKIP_EXISTING id=PP0022 window=IS
2026-09-01T19:55:25+00:00 SKIP_EXISTING id=PP0023 window=IS
2026-09-01T19:55:25+00:00 SKIP_EXISTING id=PP0024 window=IS
2026-09-01T19:55:25+00:00 SKIP_EXISTING id=PP0025 window=IS
2026-09-01T19:55:25+00:00 SKIP_EXISTING id=PP0026 window=IS
2026-09-01T19:55:25+00:00 SKIP_EXISTING id=PP0027 window=IS
2026-09-01T19:55:25+00:00 SKIP_EXISTING id=PP0028 window=IS
2026-09-01T19:55:25+00:00 SKIP_EXISTING id=PP0029 window=IS
2026-09-01T19:55:25+00:00 SKIP_EXISTING id=PP0030 window=IS
2026-09-01T19:55:25+00:00 SKIP_EXISTING id=PP0031 window=IS
2026-09-01T19:55:25+00:00 SKIP_EXISTING id=PP0032 window=IS
2026-09-01T19:55:25+00:00 SKIP_EXISTING id=PP0033 window=IS
2026-09-01T19:55:25+00:00 SKIP_EXISTING id=PP0034 window=IS
2026-09-01T19:55:25+00:00 SKIP_EXISTING id=PP0035 window=IS
2026-09-01T19:55:25+00:00 SKIP_EXISTING id=PP0036 window=IS
2026-09-01T19:55:25+00:00 SKIP_EXISTING id=PP0037 window=IS
2026-09-01T19:55:25+00:00 SKIP_EXISTING id=PP0038 window=IS
2026-09-01T19:55:25+00:00 SKIP_EXISTING id=PP0039 window=IS
2026-09-01T19:55:25+00:00 SKIP_EXISTING id=PP0040 window=IS
2026-09-01T19:55:25+00:00 SKIP_EXISTING id=PP0041 window=IS
2026-09-01T19:55:25+00:00 SKIP_EXISTING id=PP0042 window=IS
2026-09-01T19:55:25+00:00 SKIP_EXISTING id=PP0043 window=IS
2026-09-01T19:55:25+00:00 SKIP_EXISTING id=PP0044 window=IS
2026-09-01T19:55:25+00:00 SKIP_EXISTING id=PP0045 window=IS
2026-09-01T19:55:25+00:00 SKIP_EXISTING id=PP0046 window=IS
2026-09-01T19:55:25+00:00 SKIP_EXISTING id=PP0047 window=IS
2026-09-01T19:55:25+00:00 SKIP_EXISTING id=PP0048 window=IS
2026-09-01T19:55:25+00:00 SKIP_EXISTING id=PP0049 window=IS
2026-09-01T19:55:25+00:00 SKIP_EXISTING id=PP0050 window=IS
2026-09-01T19:55:25+00:00 SKIP_EXISTING id=PP0051 window=IS
2026-09-01T19:55:25+00:00 SKIP_EXISTING id=PP0052 window=IS
2026-09-01T19:55:25+00:00 SKIP_EXISTING id=PP0053 window=IS
2026-09-01T19:55:25+00:00 SKIP_EXISTING id=PP0054 window=IS
2026-09-01T19:55:25+00:00 SKIP_EXISTING id=PP0055 window=IS
2026-09-01T19:55:25+00:00 SKIP_EXISTING id=PP0056 window=IS
2026-09-01T19:55:25+00:00 SKIP_EXISTING id=PP0057 window=IS
2026-09-01T19:55:25+00:00 SKIP_EXISTING id=PP0058 window=IS
2026-09-01T19:55:25+00:00 SKIP_EXISTING id=PP0059 window=IS
2026-09-01T19:55:25+00:00 SKIP_EXISTING id=PP0060 window=IS
2026-09-01T19:55:25+00:00 SKIP_EXISTING id=PP0061 window=IS
2026-09-01T19:55:25+00:00 SKIP_EXISTING id=PP0062 window=IS
2026-09-01T19:55:25+00:00 SKIP_EXISTING id=PP0063 window=IS
2026-09-01T19:55:25+00:00 SKIP_EXISTING id=PP0064 window=IS
2026-09-01T19:55:25+00:00 SKIP_EXISTING id=PP0065 window=IS
2026-09-01T19:55:25+00:00 SKIP_EXISTING id=PP0066 window=IS
2026-09-01T19:55:25+00:00 SKIP_EXISTING id=PP0067 window=IS
2026-09-01T19:55:25+00:00 SKIP_EXISTING id=PP0068 window=IS
2026-09-01T19:55:25+00:00 SKIP_EXISTING id=PP0069 window=IS
2026-09-01T19:55:25+00:00 SKIP_EXISTING id=PP0070 window=IS
2026-09-01T19:55:25+00:00 SKIP_EXISTING id=PP0071 window=IS
2026-09-01T19:55:25+00:00 SKIP_EXISTING id=PP0072 window=IS
2026-09-01T19:55:25+00:00 SKIP_EXISTING id=PP0073 window=IS
2026-09-01T19:55:25+00:00 SKIP_EXISTING id=PP0074 window=IS
2026-09-01T19:55:25+00:00 SKIP_EXISTING id=PP0075 window=IS
2026-09-01T19:55:25+00:00 SKIP_EXISTING id=PP0076 window=IS
2026-09-01T19:55:25+00:00 SKIP_EXISTING id=PP0077 window=IS
2026-09-01T19:55:25+00:00 SKIP_EXISTING id=PP0078 window=IS
2026-09-01T19:55:25+00:00 SKIP_EXISTING id=PP0079 window=IS
2026-09-01T19:55:25+00:00 SKIP_EXISTING id=PP0080 window=IS
2026-09-01T19:55:25+00:00 SKIP_EXISTING id=PP0081 window=IS
2026-09-01T19:55:25+00:00 SKIP_EXISTING id=PP0082 window=IS
2026-09-01T19:55:25+00:00 SKIP_EXISTING id=PP0083 window=IS
2026-09-01T19:55:25+00:00 SKIP_EXISTING id=PP0084 window=IS
2026-09-01T19:55:25+00:00 SKIP_EXISTING id=PP0085 window=IS
2026-09-01T19:55:25+00:00 SKIP_EXISTING id=PP0086 window=IS
2026-09-01T19:55:25+00:00 SKIP_EXISTING id=PP0087 window=IS
2026-09-01T19:55:25+00:00 SKIP_EXISTING id=PP0088 window=IS
2026-09-01T19:55:25+00:00 SKIP_EXISTING id=PP0089 window=IS
2026-09-01T19:55:25+00:00 SKIP_EXISTING id=PP0090 window=IS
2026-09-01T19:55:25+00:00 SKIP_EXISTING id=PP0091 window=IS
2026-09-01T19:55:25+00:00 SKIP_EXISTING id=PP0092 window=IS
2026-09-01T19:55:25+00:00 SKIP_EXISTING id=PP0093 window=IS
2026-09-01T19:55:25+00:00 SKIP_EXISTING id=PP0094 window=IS
2026-09-01T19:55:25+00:00 SKIP_EXISTING id=PP0095 window=IS
2026-09-01T19:55:25+00:00 SKIP_EXISTING id=PP0096 window=IS
2026-09-01T19:55:25+00:00 SKIP_EXISTING id=PP0097 window=IS
2026-09-01T19:55:25+00:00 SKIP_EXISTING id=PP0098 window=IS
2026-09-01T19:55:25+00:00 SKIP_EXISTING id=PP0099 window=IS
2026-09-01T19:55:25+00:00 SKIP_EXISTING id=PP0100 window=IS
2026-09-01T19:55:25+00:00 SKIP_EXISTING id=PP0101 window=IS
2026-09-01T19:55:25+00:00 SKIP_EXISTING id=PP0102 window=IS
2026-09-01T19:55:25+00:00 SKIP_EXISTING id=PP0103 window=IS
2026-09-01T19:55:25+00:00 SKIP_EXISTING id=PP0104 window=IS
2026-09-01T19:55:25+00:00 SKIP_EXISTING id=PP0105 window=IS
2026-09-01T19:55:25+00:00 SKIP_EXISTING id=PP0106 window=IS
2026-09-01T19:55:25+00:00 SKIP_EXISTING id=PP0107 window=IS
2026-09-01T19:55:25+00:00 SKIP_EXISTING id=PP0108 window=IS
2026-09-01T19:55:25+00:00 SKIP_EXISTING id=PP0109 window=IS
2026-09-01T19:55:25+00:00 SKIP_EXISTING id=PP0110 window=IS
2026-09-01T19:55:25+00:00 SKIP_EXISTING id=PP0111 window=IS
2026-09-01T19:55:25+00:00 SKIP_EXISTING id=PP0112 window=IS
2026-09-01T19:55:25+00:00 SKIP_EXISTING id=PP0113 window=IS
2026-09-01T19:55:25+00:00 SKIP_EXISTING id=PP0114 window=IS
2026-09-01T19:55:25+00:00 SKIP_EXISTING id=PP0115 window=IS
2026-09-01T19:55:25+00:00 SKIP_EXISTING id=PP0116 window=IS
2026-09-01T19:55:25+00:00 SKIP_EXISTING id=PP0117 window=IS
2026-09-01T19:55:25+00:00 SKIP_EXISTING id=PP0118 window=IS
2026-09-01T19:55:25+00:00 SKIP_EXISTING id=PP0119 window=IS
2026-09-01T19:55:25+00:00 SKIP_EXISTING id=PP0120 window=IS
2026-09-01T19:55:25+00:00 SKIP_EXISTING id=PP0121 window=IS
2026-09-01T19:55:25+00:00 SKIP_EXISTING id=PP0122 window=IS
2026-09-01T19:55:25+00:00 SKIP_EXISTING id=PP0123 window=IS
2026-09-01T19:55:25+00:00 SKIP_EXISTING id=PP0124 window=IS
2026-09-01T19:55:25+00:00 SKIP_EXISTING id=PP0125 window=IS
2026-09-01T19:55:25+00:00 SKIP_EXISTING id=PP0126 window=IS
2026-09-01T19:55:25+00:00 SKIP_EXISTING id=PP0127 window=IS
2026-09-01T19:55:25+00:00 SKIP_EXISTING id=PP0128 window=IS
2026-09-01T19:55:25+00:00 SKIP_EXISTING id=PP0129 window=IS
2026-09-01T19:55:25+00:00 SKIP_EXISTING id=PP0130 window=IS
2026-09-01T19:55:25+00:00 SKIP_EXISTING id=PP0131 window=IS
2026-09-01T19:55:25+00:00 SKIP_EXISTING id=PP0132 window=IS
2026-09-01T19:55:25+00:00 SKIP_EXISTING id=PP0133 window=IS
2026-09-01T19:55:25+00:00 SKIP_EXISTING id=PP0134 window=IS
2026-09-01T19:55:25+00:00 SKIP_EXISTING id=PP0135 window=IS
2026-09-01T19:55:25+00:00 SKIP_EXISTING id=PP0136 window=IS
2026-09-01T19:55:25+00:00 SKIP_EXISTING id=PP0137 window=IS
2026-09-01T19:55:25+00:00 SKIP_EXISTING id=PP0138 window=IS
2026-09-01T19:55:25+00:00 SKIP_EXISTING id=PP0139 window=IS
2026-09-01T19:55:25+00:00 SKIP_EXISTING id=PP0140 window=IS
2026-09-01T19:55:25+00:00 SKIP_EXISTING id=PP0141 window=IS
2026-09-01T19:55:25+00:00 SKIP_EXISTING id=PP0142 window=IS
2026-09-01T19:55:25+00:00 SKIP_EXISTING id=PP0143 window=IS
2026-09-01T19:55:25+00:00 SKIP_EXISTING id=PP0144 window=IS
2026-09-01T19:55:25+00:00 SKIP_EXISTING id=PP0145 window=IS
2026-09-01T19:55:25+00:00 SKIP_EXISTING id=PP0146 window=IS
2026-09-01T19:55:25+00:00 SKIP_EXISTING id=PP0147 window=IS
2026-09-01T19:55:25+00:00 SKIP_EXISTING id=PP0148 window=IS
2026-09-01T19:55:25+00:00 SKIP_EXISTING id=PP0149 window=IS
2026-09-01T19:55:25+00:00 SKIP_EXISTING id=PP0150 window=IS
2026-09-01T19:55:25+00:00 SKIP_EXISTING id=PP0151 window=IS
2026-09-01T19:55:25+00:00 SKIP_EXISTING id=PP0152 window=IS
2026-09-01T19:55:25+00:00 SKIP_EXISTING id=PP0153 window=IS
2026-09-01T19:55:25+00:00 SKIP_EXISTING id=PP0154 window=IS
2026-09-01T19:55:25+00:00 SKIP_EXISTING id=PP0155 window=IS
2026-09-01T19:55:25+00:00 SKIP_EXISTING id=PP0156 window=IS
2026-09-01T19:55:25+00:00 SKIP_EXISTING id=PP0157 window=IS
2026-09-01T19:55:25+00:00 SKIP_EXISTING id=PP0158 window=IS
2026-09-01T19:55:25+00:00 SKIP_EXISTING id=PP0159 window=IS
2026-09-01T19:55:25+00:00 SKIP_EXISTING id=PP0160 window=IS
2026-09-01T19:55:25+00:00 SKIP_EXISTING id=PP0161 window=IS
2026-09-01T19:55:25+00:00 SKIP_EXISTING id=PP0162 window=IS
2026-09-01T19:55:25+00:00 SKIP_EXISTING id=PP0163 window=IS
2026-09-01T19:55:25+00:00 SKIP_EXISTING id=PP0164 window=IS
2026-09-01T19:55:25+00:00 SKIP_EXISTING id=PP0165 window=IS
2026-09-01T19:55:25+00:00 SKIP_EXISTING id=PP0166 window=IS
2026-09-01T19:55:25+00:00 SKIP_EXISTING id=PP0167 window=IS
2026-09-01T19:55:25+00:00 SKIP_EXISTING id=PP0168 window=IS
2026-09-01T19:55:25+00:00 SKIP_EXISTING id=PP0169 window=IS
2026-09-01T19:55:25+00:00 SKIP_EXISTING id=PP0170 window=IS
2026-09-01T19:55:25+00:00 SKIP_EXISTING id=PP0171 window=IS
2026-09-01T19:55:25+00:00 SKIP_EXISTING id=PP0172 window=IS
2026-09-01T19:55:25+00:00 SKIP_EXISTING id=PP0173 window=IS
2026-09-01T19:55:25+00:00 SKIP_EXISTING id=PP0174 window=IS
2026-09-01T19:55:25+00:00 SKIP_EXISTING id=PP0175 window=IS
2026-09-01T19:55:25+00:00 SKIP_EXISTING id=PP0176 window=IS
2026-09-01T19:55:25+00:00 SKIP_EXISTING id=PP0177 window=IS
2026-09-01T19:55:25+00:00 SKIP_EXISTING id=PP0178 window=IS
2026-09-01T19:55:25+00:00 SKIP_EXISTING id=PP0179 window=IS
2026-09-01T19:55:25+00:00 SKIP_EXISTING id=PP0180 window=IS
2026-09-01T19:55:25+00:00 SKIP_EXISTING id=PP0181 window=IS
2026-09-01T19:55:25+00:00 SKIP_EXISTING id=PP0182 window=IS
2026-09-01T19:55:25+00:00 SKIP_EXISTING id=PP0183 window=IS
2026-09-01T19:55:25+00:00 SKIP_EXISTING id=PP0184 window=IS
2026-09-01T19:55:25+00:00 SKIP_EXISTING id=PP0185 window=IS
2026-09-01T19:55:25+00:00 SKIP_EXISTING id=PP0186 window=IS
2026-09-01T19:55:25+00:00 SKIP_EXISTING id=PP0187 window=IS
2026-09-01T19:55:25+00:00 SKIP_EXISTING id=PP0188 window=IS
2026-09-01T19:55:25+00:00 SKIP_EXISTING id=PP0189 window=IS
2026-09-01T19:55:25+00:00 SKIP_EXISTING id=PP0190 window=IS
2026-09-01T19:55:25+00:00 SKIP_EXISTING id=PP0191 window=IS
2026-09-01T19:55:25+00:00 SKIP_EXISTING id=PP0192 window=IS
2026-09-01T19:55:25+00:00 SKIP_EXISTING id=PP0193 window=IS
2026-09-01T19:55:25+00:00 SKIP_EXISTING id=PP0194 window=IS
2026-09-01T19:55:25+00:00 SKIP_EXISTING id=PP0195 window=IS
2026-09-01T19:55:25+00:00 SKIP_EXISTING id=PP0196 window=IS
2026-09-01T19:55:25+00:00 SKIP_EXISTING id=PP0197 window=IS
2026-09-01T19:55:25+00:00 SKIP_EXISTING id=PP0198 window=IS
2026-09-01T19:55:25+00:00 SKIP_EXISTING id=PP0199 window=IS
2026-09-01T19:55:25+00:00 SKIP_EXISTING id=PP0200 window=IS
2026-09-01T19:55:25+00:00 SKIP_EXISTING id=PP0201 window=IS
2026-09-01T19:55:25+00:00 SKIP_EXISTING id=PP0202 window=IS
2026-09-01T19:55:25+00:00 SKIP_EXISTING id=PP0203 window=IS
2026-09-01T19:55:25+00:00 SKIP_EXISTING id=PP0204 window=IS
2026-09-01T19:55:25+00:00 SKIP_EXISTING id=PP0205 window=IS
2026-09-01T19:55:25+00:00 SKIP_EXISTING id=PP0206 window=IS
2026-09-01T19:55:25+00:00 SKIP_EXISTING id=PP0207 window=IS
2026-09-01T19:55:25+00:00 SKIP_EXISTING id=PP0208 window=IS
2026-09-01T19:55:25+00:00 SKIP_EXISTING id=PP0209 window=IS
2026-09-01T19:55:25+00:00 RUN_START id=PP0210 window=IS terminal=PROD family=F06_giveback_atr
2026-09-01T19:55:50+00:00 SKIP_EXISTING id=PP0211 window=IS
2026-09-01T19:55:50+00:00 SKIP_EXISTING id=PP0212 window=IS
2026-09-01T19:55:50+00:00 SKIP_EXISTING id=PP0213 window=IS
2026-09-01T19:55:50+00:00 SKIP_EXISTING id=PP0214 window=IS
2026-09-01T19:55:50+00:00 SKIP_EXISTING id=PP0215 window=IS
2026-09-01T19:55:50+00:00 SKIP_EXISTING id=PP0216 window=IS
2026-09-01T19:55:50+00:00 SKIP_EXISTING id=PP0217 window=IS
2026-09-01T19:55:50+00:00 SKIP_EXISTING id=PP0218 window=IS
2026-09-01T19:55:50+00:00 SKIP_EXISTING id=PP0219 window=IS
2026-09-01T19:55:50+00:00 SKIP_EXISTING id=PP0220 window=IS
2026-09-01T19:55:50+00:00 SKIP_EXISTING id=PP0221 window=IS
2026-09-01T19:55:50+00:00 SKIP_EXISTING id=PP0222 window=IS
2026-09-01T19:55:50+00:00 SKIP_EXISTING id=PP0223 window=IS
2026-09-01T19:55:50+00:00 SKIP_EXISTING id=PP0224 window=IS
2026-09-01T19:55:50+00:00 SKIP_EXISTING id=PP0225 window=IS
2026-09-01T19:55:50+00:00 SKIP_EXISTING id=PP0226 window=IS
2026-09-01T19:55:50+00:00 SKIP_EXISTING id=PP0227 window=IS
2026-09-01T19:55:50+00:00 SKIP_EXISTING id=PP0228 window=IS
2026-09-01T19:55:50+00:00 SKIP_EXISTING id=PP0229 window=IS
2026-09-01T19:55:50+00:00 SKIP_EXISTING id=PP0230 window=IS
2026-09-01T19:55:50+00:00 SKIP_EXISTING id=PP0231 window=IS
2026-09-01T19:55:50+00:00 SKIP_EXISTING id=PP0232 window=IS
2026-09-01T19:55:50+00:00 SKIP_EXISTING id=PP0233 window=IS
2026-09-01T19:55:50+00:00 SKIP_EXISTING id=PP0234 window=IS
2026-09-01T19:55:50+00:00 SKIP_EXISTING id=PP0235 window=IS
2026-09-01T19:55:50+00:00 SKIP_EXISTING id=PP0236 window=IS
2026-09-01T19:55:50+00:00 SKIP_EXISTING id=PP0237 window=IS
2026-09-01T19:55:50+00:00 SKIP_EXISTING id=PP0238 window=IS
2026-09-01T19:55:50+00:00 SKIP_EXISTING id=PP0239 window=IS
2026-09-01T19:55:50+00:00 SKIP_EXISTING id=PP0240 window=IS
2026-09-01T19:55:50+00:00 SKIP_EXISTING id=PP0241 window=IS
2026-09-01T19:55:50+00:00 SKIP_EXISTING id=PP0242 window=IS
2026-09-01T19:55:50+00:00 SKIP_EXISTING id=PP0243 window=IS
2026-09-01T19:55:50+00:00 RUN_START id=PP0244 window=IS terminal=BT1 family=F07_be_then_trail
2026-09-01T19:56:15+00:00 RUN_START id=PP0245 window=IS terminal=BT2 family=F07_be_then_trail
2026-09-01T19:56:40+00:00 RUN_START id=PP0246 window=IS terminal=BT3 family=F07_be_then_trail
2026-09-01T19:57:05+00:00 RUN_START id=PP0247 window=IS terminal=BT4 family=F07_be_then_trail
2026-09-01T19:58:18+00:00 RUN_END id=PP0210 window=IS decision=IS_REJECT elapsed=172.246s
2026-09-01T19:58:18+00:00 GATE_SKIP id=PP0210 window=OOS reason=IS_NOT_SURVIVOR decision=IS_REJECT
2026-09-01T19:58:18+00:00 RUN_START id=PP0248 window=IS terminal=PROD family=F07_be_then_trail
2026-09-01T19:58:29+00:00 RUN_END id=PP0244 window=IS decision=IS_REJECT elapsed=159.115s
2026-09-01T19:58:29+00:00 GATE_SKIP id=PP0244 window=OOS reason=IS_NOT_SURVIVOR decision=IS_REJECT
2026-09-01T19:58:29+00:00 RUN_START id=PP0249 window=IS terminal=BT1 family=F07_be_then_trail
2026-09-01T20:01:45+00:00 RUN_END id=PP0245 window=IS decision=IS_REJECT elapsed=329.944s
2026-09-01T20:01:45+00:00 GATE_SKIP id=PP0245 window=OOS reason=IS_NOT_SURVIVOR decision=IS_REJECT
2026-09-01T20:01:45+00:00 RUN_START id=PP0250 window=IS terminal=BT2 family=F07_be_then_trail
2026-09-01T20:02:20+00:00 RUN_END id=PP0246 window=IS decision=IS_REJECT elapsed=340.235s
2026-09-01T20:02:20+00:00 GATE_SKIP id=PP0246 window=OOS reason=IS_NOT_SURVIVOR decision=IS_REJECT
2026-09-01T20:02:20+00:00 RUN_START id=PP0251 window=IS terminal=BT3 family=F07_be_then_trail
2026-09-01T20:02:40+00:00 RUN_END id=PP0248 window=IS decision=IS_REJECT elapsed=262.692s
2026-09-01T20:02:40+00:00 GATE_SKIP id=PP0248 window=OOS reason=IS_NOT_SURVIVOR decision=IS_REJECT
2026-09-01T20:02:40+00:00 RUN_START id=PP0252 window=IS terminal=PROD family=F07_be_then_trail
2026-09-01T20:02:56+00:00 RUN_END id=PP0247 window=IS decision=IS_REJECT elapsed=351.222s
2026-09-01T20:02:56+00:00 GATE_SKIP id=PP0247 window=OOS reason=IS_NOT_SURVIVOR decision=IS_REJECT
2026-09-01T20:02:56+00:00 RUN_START id=PP0253 window=IS terminal=BT4 family=F07_be_then_trail
2026-09-01T20:03:51+00:00 RUN_END id=PP0249 window=IS decision=IS_REJECT elapsed=321.254s
2026-09-01T20:03:51+00:00 GATE_SKIP id=PP0249 window=OOS reason=IS_NOT_SURVIVOR decision=IS_REJECT
2026-09-01T20:03:51+00:00 RUN_START id=PP0254 window=IS terminal=BT1 family=F07_be_then_trail
2026-09-01T20:07:20+00:00 RUN_END id=PP0250 window=IS decision=IS_REJECT elapsed=334.438s
2026-09-01T20:07:20+00:00 GATE_SKIP id=PP0250 window=OOS reason=IS_NOT_SURVIVOR decision=IS_REJECT
2026-09-01T20:07:20+00:00 RUN_START id=PP0255 window=IS terminal=BT2 family=F07_be_then_trail
2026-09-01T20:08:07+00:00 RUN_END id=PP0251 window=IS decision=IS_REJECT elapsed=346.105s
2026-09-01T20:08:07+00:00 GATE_SKIP id=PP0251 window=OOS reason=IS_NOT_SURVIVOR decision=IS_REJECT
2026-09-01T20:08:07+00:00 RUN_START id=PP0256 window=IS terminal=BT3 family=F07_be_then_trail
2026-09-01T20:08:56+00:00 RUN_END id=PP0253 window=IS decision=IS_REJECT elapsed=359.635s
2026-09-01T20:08:56+00:00 GATE_SKIP id=PP0253 window=OOS reason=IS_NOT_SURVIVOR decision=IS_REJECT
2026-09-01T20:08:56+00:00 RUN_START id=PP0257 window=IS terminal=BT4 family=F07_be_then_trail
2026-09-01T20:09:01+00:00 RUN_END id=PP0252 window=IS decision=IS_REJECT elapsed=380.768s
2026-09-01T20:09:01+00:00 GATE_SKIP id=PP0252 window=OOS reason=IS_NOT_SURVIVOR decision=IS_REJECT
2026-09-01T20:09:01+00:00 RUN_START id=PP0258 window=IS terminal=PROD family=F07_be_then_trail
2026-09-01T20:10:08+00:00 RUN_END id=PP0254 window=IS decision=IS_REJECT elapsed=377.024s
2026-09-01T20:10:08+00:00 GATE_SKIP id=PP0254 window=OOS reason=IS_NOT_SURVIVOR decision=IS_REJECT
2026-09-01T20:10:08+00:00 RUN_START id=PP0259 window=IS terminal=BT1 family=F07_be_then_trail
2026-09-01T20:12:43+00:00 RUN_END id=PP0255 window=IS decision=IS_REJECT elapsed=323.33s
2026-09-01T20:12:43+00:00 GATE_SKIP id=PP0255 window=OOS reason=IS_NOT_SURVIVOR decision=IS_REJECT
2026-09-01T20:12:43+00:00 RUN_START id=PP0260 window=IS terminal=BT2 family=F07_be_then_trail
2026-09-01T20:13:58+00:00 RUN_END id=PP0256 window=IS decision=IS_REJECT elapsed=351.809s
2026-09-01T20:13:58+00:00 GATE_SKIP id=PP0256 window=OOS reason=IS_NOT_SURVIVOR decision=IS_REJECT
2026-09-01T20:13:58+00:00 RUN_START id=PP0261 window=IS terminal=BT3 family=F07_be_then_trail
2026-09-01T20:15:44+00:00 RUN_END id=PP0257 window=IS decision=IS_REJECT elapsed=407.733s
2026-09-01T20:15:44+00:00 GATE_SKIP id=PP0257 window=OOS reason=IS_NOT_SURVIVOR decision=IS_REJECT
2026-09-01T20:15:44+00:00 RUN_START id=PP0262 window=IS terminal=BT4 family=F07_be_then_trail
2026-09-01T20:15:55+00:00 RUN_END id=PP0258 window=IS decision=IS_REJECT elapsed=413.561s
2026-09-01T20:15:55+00:00 GATE_SKIP id=PP0258 window=OOS reason=IS_NOT_SURVIVOR decision=IS_REJECT
2026-09-01T20:15:55+00:00 RUN_START id=PP0263 window=IS terminal=PROD family=F07_be_then_trail
2026-09-01T20:16:19+00:00 RUN_END id=PP0259 window=IS decision=IS_REJECT elapsed=371.671s
2026-09-01T20:16:19+00:00 GATE_SKIP id=PP0259 window=OOS reason=IS_NOT_SURVIVOR decision=IS_REJECT
2026-09-01T20:16:19+00:00 RUN_START id=PP0264 window=IS terminal=BT1 family=F07_be_then_trail
2026-09-01T20:17:19+00:00 RUN_END id=PP0260 window=IS decision=IS_REJECT elapsed=276.077s
2026-09-01T20:17:19+00:00 GATE_SKIP id=PP0260 window=OOS reason=IS_NOT_SURVIVOR decision=IS_REJECT
2026-09-01T20:17:19+00:00 RUN_START id=PP0265 window=IS terminal=BT2 family=F07_be_then_trail
2026-09-01T20:18:04+00:00 RUN_END id=PP0261 window=IS decision=IS_REJECT elapsed=245.718s
2026-09-01T20:18:04+00:00 GATE_SKIP id=PP0261 window=OOS reason=IS_NOT_SURVIVOR decision=IS_REJECT
2026-09-01T20:18:04+00:00 RUN_START id=PP0266 window=IS terminal=BT3 family=F07_be_then_trail
2026-09-01T20:21:20+00:00 RUN_END id=PP0262 window=IS decision=IS_REJECT elapsed=336.159s
2026-09-01T20:21:20+00:00 GATE_SKIP id=PP0262 window=OOS reason=IS_NOT_SURVIVOR decision=IS_REJECT
2026-09-01T20:21:20+00:00 RUN_START id=PP0267 window=IS terminal=BT4 family=F07_be_then_trail
2026-09-01T20:22:01+00:00 RUN_END id=PP0263 window=IS decision=IS_REJECT elapsed=366.021s
2026-09-01T20:22:01+00:00 GATE_SKIP id=PP0263 window=OOS reason=IS_NOT_SURVIVOR decision=IS_REJECT
2026-09-01T20:22:01+00:00 RUN_START id=PP0268 window=IS terminal=PROD family=F07_be_then_trail
2026-09-01T20:22:15+00:00 RUN_END id=PP0264 window=IS decision=IS_REJECT elapsed=355.324s
2026-09-01T20:22:15+00:00 GATE_SKIP id=PP0264 window=OOS reason=IS_NOT_SURVIVOR decision=IS_REJECT
2026-09-01T20:22:15+00:00 RUN_START id=PP0269 window=IS terminal=BT1 family=F07_be_then_trail
2026-09-01T20:22:19+00:00 RUN_END id=PP0265 window=IS decision=IS_REJECT elapsed=300.051s
2026-09-01T20:22:19+00:00 GATE_SKIP id=PP0265 window=OOS reason=IS_NOT_SURVIVOR decision=IS_REJECT
2026-09-01T20:22:19+00:00 RUN_START id=PP0270 window=IS terminal=BT2 family=F07_be_then_trail
2026-09-01T20:22:35+00:00 RUN_END id=PP0266 window=IS decision=IS_REJECT elapsed=270.411s
2026-09-01T20:22:35+00:00 GATE_SKIP id=PP0266 window=OOS reason=IS_NOT_SURVIVOR decision=IS_REJECT
2026-09-01T20:22:35+00:00 RUN_START id=PP0271 window=IS terminal=BT3 family=F07_be_then_trail
2026-09-01T20:26:16+00:00 RUN_END id=PP0267 window=IS decision=IS_REJECT elapsed=295.991s
2026-09-01T20:26:16+00:00 GATE_SKIP id=PP0267 window=OOS reason=IS_NOT_SURVIVOR decision=IS_REJECT
2026-09-01T20:26:16+00:00 RUN_START id=PP0272 window=IS terminal=BT4 family=F07_be_then_trail
2026-09-01T20:26:29+00:00 RUN_END id=PP0269 window=IS decision=IS_REJECT elapsed=254.776s
2026-09-01T20:26:29+00:00 GATE_SKIP id=PP0269 window=OOS reason=IS_NOT_SURVIVOR decision=IS_REJECT
2026-09-01T20:26:29+00:00 RUN_START id=PP0273 window=IS terminal=BT1 family=F07_be_then_trail
2026-09-01T20:27:50+00:00 RUN_END id=PP0270 window=IS decision=IS_REJECT elapsed=331.351s
2026-09-01T20:27:50+00:00 GATE_SKIP id=PP0270 window=OOS reason=IS_NOT_SURVIVOR decision=IS_REJECT
2026-09-01T20:27:50+00:00 RUN_START id=PP0274 window=IS terminal=BT2 family=F07_be_then_trail
2026-09-01T20:27:51+00:00 RUN_END id=PP0268 window=IS decision=IS_REJECT elapsed=349.91s
2026-09-01T20:27:51+00:00 GATE_SKIP id=PP0268 window=OOS reason=IS_NOT_SURVIVOR decision=IS_REJECT
2026-09-01T20:27:51+00:00 RUN_START id=PP0275 window=IS terminal=PROD family=F07_be_then_trail
2026-09-01T20:28:12+00:00 RUN_FAILED id=PP0274 window=IS terminal=BT2 結果CSVなし
2026-09-01T20:28:12+00:00 RUN_START id=PP0276 window=IS terminal=BT2 family=F07_be_then_trail
2026-09-01T20:28:16+00:00 RUN_END id=PP0271 window=IS decision=IS_REJECT elapsed=341.003s
2026-09-01T20:28:16+00:00 GATE_SKIP id=PP0271 window=OOS reason=IS_NOT_SURVIVOR decision=IS_REJECT
2026-09-01T20:28:16+00:00 RUN_START id=PP0277 window=IS terminal=BT3 family=F08_age_conditioned_be
2026-09-01T20:31:46+00:00 SLEEP_SUPPRESSED ドライバ稼働中はスリープしない（終了時に自動解除）
2026-09-01T20:31:46+00:00 MEMORY_FREE_MB 19040 terminals=3
2026-09-01T20:31:46+00:00 BASELINE_OOS {'net': 47340.0, 'pf': 1.3077, 'dd': 1.8676, 'trades': 329}
2026-09-01T20:31:46+00:00 BASELINE_IS {'net': 417882.0, 'pf': 2.2542, 'dd': 3.7942, 'trades': 301}
2026-09-01T20:31:46+00:00 DRIVER_START proposals=500 already_done=271 terminals=3
2026-09-01T20:31:46+00:00 SKIP_EXISTING id=PP0001 window=IS
2026-09-01T20:31:46+00:00 SKIP_EXISTING id=PP0002 window=IS
2026-09-01T20:31:46+00:00 SKIP_EXISTING id=PP0003 window=IS
2026-09-01T20:31:46+00:00 SKIP_EXISTING id=PP0004 window=IS
2026-09-01T20:31:46+00:00 SKIP_EXISTING id=PP0005 window=IS
2026-09-01T20:31:46+00:00 SKIP_EXISTING id=PP0006 window=IS
2026-09-01T20:31:46+00:00 SKIP_EXISTING id=PP0007 window=IS
2026-09-01T20:31:46+00:00 SKIP_EXISTING id=PP0008 window=IS
2026-09-01T20:31:46+00:00 SKIP_EXISTING id=PP0009 window=IS
2026-09-01T20:31:46+00:00 SKIP_EXISTING id=PP0010 window=IS
2026-09-01T20:31:46+00:00 SKIP_EXISTING id=PP0011 window=IS
2026-09-01T20:31:46+00:00 SKIP_EXISTING id=PP0012 window=IS
2026-09-01T20:31:47+00:00 SKIP_EXISTING id=PP0013 window=IS
2026-09-01T20:31:47+00:00 SKIP_EXISTING id=PP0014 window=IS
2026-09-01T20:31:47+00:00 SKIP_EXISTING id=PP0015 window=IS
2026-09-01T20:31:47+00:00 SKIP_EXISTING id=PP0016 window=IS
2026-09-01T20:31:47+00:00 SKIP_EXISTING id=PP0017 window=IS
2026-09-01T20:31:47+00:00 SKIP_EXISTING id=PP0018 window=IS
2026-09-01T20:31:47+00:00 SKIP_EXISTING id=PP0019 window=IS
2026-09-01T20:31:47+00:00 SKIP_EXISTING id=PP0020 window=IS
2026-09-01T20:31:47+00:00 SKIP_EXISTING id=PP0021 window=IS
2026-09-01T20:31:47+00:00 SKIP_EXISTING id=PP0022 window=IS
2026-09-01T20:31:47+00:00 SKIP_EXISTING id=PP0023 window=IS
2026-09-01T20:31:47+00:00 SKIP_EXISTING id=PP0024 window=IS
2026-09-01T20:31:47+00:00 SKIP_EXISTING id=PP0025 window=IS
2026-09-01T20:31:47+00:00 SKIP_EXISTING id=PP0026 window=IS
2026-09-01T20:31:47+00:00 SKIP_EXISTING id=PP0027 window=IS
2026-09-01T20:31:47+00:00 SKIP_EXISTING id=PP0028 window=IS
2026-09-01T20:31:47+00:00 SKIP_EXISTING id=PP0029 window=IS
2026-09-01T20:31:47+00:00 SKIP_EXISTING id=PP0030 window=IS
2026-09-01T20:31:47+00:00 SKIP_EXISTING id=PP0031 window=IS
2026-09-01T20:31:47+00:00 SKIP_EXISTING id=PP0032 window=IS
2026-09-01T20:31:47+00:00 SKIP_EXISTING id=PP0033 window=IS
2026-09-01T20:31:47+00:00 SKIP_EXISTING id=PP0034 window=IS
2026-09-01T20:31:47+00:00 SKIP_EXISTING id=PP0035 window=IS
2026-09-01T20:31:47+00:00 SKIP_EXISTING id=PP0036 window=IS
2026-09-01T20:31:47+00:00 SKIP_EXISTING id=PP0037 window=IS
2026-09-01T20:31:47+00:00 SKIP_EXISTING id=PP0038 window=IS
2026-09-01T20:31:47+00:00 SKIP_EXISTING id=PP0039 window=IS
2026-09-01T20:31:47+00:00 SKIP_EXISTING id=PP0040 window=IS
2026-09-01T20:31:47+00:00 SKIP_EXISTING id=PP0041 window=IS
2026-09-01T20:31:47+00:00 SKIP_EXISTING id=PP0042 window=IS
2026-09-01T20:31:47+00:00 SKIP_EXISTING id=PP0043 window=IS
2026-09-01T20:31:47+00:00 SKIP_EXISTING id=PP0044 window=IS
2026-09-01T20:31:47+00:00 SKIP_EXISTING id=PP0045 window=IS
2026-09-01T20:31:47+00:00 SKIP_EXISTING id=PP0046 window=IS
2026-09-01T20:31:47+00:00 SKIP_EXISTING id=PP0047 window=IS
2026-09-01T20:31:47+00:00 SKIP_EXISTING id=PP0048 window=IS
2026-09-01T20:31:47+00:00 SKIP_EXISTING id=PP0049 window=IS
2026-09-01T20:31:47+00:00 SKIP_EXISTING id=PP0050 window=IS
2026-09-01T20:31:47+00:00 SKIP_EXISTING id=PP0051 window=IS
2026-09-01T20:31:47+00:00 SKIP_EXISTING id=PP0052 window=IS
2026-09-01T20:31:47+00:00 SKIP_EXISTING id=PP0053 window=IS
2026-09-01T20:31:47+00:00 SKIP_EXISTING id=PP0054 window=IS
2026-09-01T20:31:47+00:00 SKIP_EXISTING id=PP0055 window=IS
2026-09-01T20:31:47+00:00 SKIP_EXISTING id=PP0056 window=IS
2026-09-01T20:31:47+00:00 SKIP_EXISTING id=PP0057 window=IS
2026-09-01T20:31:47+00:00 SKIP_EXISTING id=PP0058 window=IS
2026-09-01T20:31:47+00:00 SKIP_EXISTING id=PP0059 window=IS
2026-09-01T20:31:47+00:00 SKIP_EXISTING id=PP0060 window=IS
2026-09-01T20:31:47+00:00 SKIP_EXISTING id=PP0061 window=IS
2026-09-01T20:31:47+00:00 SKIP_EXISTING id=PP0062 window=IS
2026-09-01T20:31:47+00:00 SKIP_EXISTING id=PP0063 window=IS
2026-09-01T20:31:47+00:00 SKIP_EXISTING id=PP0064 window=IS
2026-09-01T20:31:47+00:00 SKIP_EXISTING id=PP0065 window=IS
2026-09-01T20:31:47+00:00 SKIP_EXISTING id=PP0066 window=IS
2026-09-01T20:31:47+00:00 SKIP_EXISTING id=PP0067 window=IS
2026-09-01T20:31:47+00:00 SKIP_EXISTING id=PP0068 window=IS
2026-09-01T20:31:47+00:00 SKIP_EXISTING id=PP0069 window=IS
2026-09-01T20:31:47+00:00 SKIP_EXISTING id=PP0070 window=IS
2026-09-01T20:31:47+00:00 SKIP_EXISTING id=PP0071 window=IS
2026-09-01T20:31:47+00:00 SKIP_EXISTING id=PP0072 window=IS
2026-09-01T20:31:47+00:00 SKIP_EXISTING id=PP0073 window=IS
2026-09-01T20:31:47+00:00 SKIP_EXISTING id=PP0074 window=IS
2026-09-01T20:31:47+00:00 SKIP_EXISTING id=PP0075 window=IS
2026-09-01T20:31:47+00:00 SKIP_EXISTING id=PP0076 window=IS
2026-09-01T20:31:47+00:00 SKIP_EXISTING id=PP0077 window=IS
2026-09-01T20:31:47+00:00 SKIP_EXISTING id=PP0078 window=IS
2026-09-01T20:31:47+00:00 SKIP_EXISTING id=PP0079 window=IS
2026-09-01T20:31:47+00:00 SKIP_EXISTING id=PP0080 window=IS
2026-09-01T20:31:47+00:00 SKIP_EXISTING id=PP0081 window=IS
2026-09-01T20:31:47+00:00 SKIP_EXISTING id=PP0082 window=IS
2026-09-01T20:31:47+00:00 SKIP_EXISTING id=PP0083 window=IS
2026-09-01T20:31:47+00:00 SKIP_EXISTING id=PP0084 window=IS
2026-09-01T20:31:47+00:00 SKIP_EXISTING id=PP0085 window=IS
2026-09-01T20:31:47+00:00 SKIP_EXISTING id=PP0086 window=IS
2026-09-01T20:31:47+00:00 SKIP_EXISTING id=PP0087 window=IS
2026-09-01T20:31:47+00:00 SKIP_EXISTING id=PP0088 window=IS
2026-09-01T20:31:47+00:00 SKIP_EXISTING id=PP0089 window=IS
2026-09-01T20:31:47+00:00 SKIP_EXISTING id=PP0090 window=IS
2026-09-01T20:31:47+00:00 SKIP_EXISTING id=PP0091 window=IS
2026-09-01T20:31:47+00:00 SKIP_EXISTING id=PP0092 window=IS
2026-09-01T20:31:47+00:00 SKIP_EXISTING id=PP0093 window=IS
2026-09-01T20:31:47+00:00 SKIP_EXISTING id=PP0094 window=IS
2026-09-01T20:31:47+00:00 SKIP_EXISTING id=PP0095 window=IS
2026-09-01T20:31:47+00:00 SKIP_EXISTING id=PP0096 window=IS
2026-09-01T20:31:47+00:00 SKIP_EXISTING id=PP0097 window=IS
2026-09-01T20:31:47+00:00 SKIP_EXISTING id=PP0098 window=IS
2026-09-01T20:31:47+00:00 SKIP_EXISTING id=PP0099 window=IS
2026-09-01T20:31:47+00:00 SKIP_EXISTING id=PP0100 window=IS
2026-09-01T20:31:47+00:00 SKIP_EXISTING id=PP0101 window=IS
2026-09-01T20:31:47+00:00 SKIP_EXISTING id=PP0102 window=IS
2026-09-01T20:31:47+00:00 SKIP_EXISTING id=PP0103 window=IS
2026-09-01T20:31:47+00:00 SKIP_EXISTING id=PP0104 window=IS
2026-09-01T20:31:47+00:00 SKIP_EXISTING id=PP0105 window=IS
2026-09-01T20:31:47+00:00 SKIP_EXISTING id=PP0106 window=IS
2026-09-01T20:31:47+00:00 SKIP_EXISTING id=PP0107 window=IS
2026-09-01T20:31:47+00:00 SKIP_EXISTING id=PP0108 window=IS
2026-09-01T20:31:47+00:00 SKIP_EXISTING id=PP0109 window=IS
2026-09-01T20:31:47+00:00 SKIP_EXISTING id=PP0110 window=IS
2026-09-01T20:31:47+00:00 SKIP_EXISTING id=PP0111 window=IS
2026-09-01T20:31:47+00:00 SKIP_EXISTING id=PP0112 window=IS
2026-09-01T20:31:47+00:00 SKIP_EXISTING id=PP0113 window=IS
2026-09-01T20:31:47+00:00 SKIP_EXISTING id=PP0114 window=IS
2026-09-01T20:31:47+00:00 SKIP_EXISTING id=PP0115 window=IS
2026-09-01T20:31:47+00:00 SKIP_EXISTING id=PP0116 window=IS
2026-09-01T20:31:47+00:00 SKIP_EXISTING id=PP0117 window=IS
2026-09-01T20:31:47+00:00 SKIP_EXISTING id=PP0118 window=IS
2026-09-01T20:31:47+00:00 SKIP_EXISTING id=PP0119 window=IS
2026-09-01T20:31:47+00:00 SKIP_EXISTING id=PP0120 window=IS
2026-09-01T20:31:47+00:00 SKIP_EXISTING id=PP0121 window=IS
2026-09-01T20:31:47+00:00 SKIP_EXISTING id=PP0122 window=IS
2026-09-01T20:31:47+00:00 SKIP_EXISTING id=PP0123 window=IS
2026-09-01T20:31:47+00:00 SKIP_EXISTING id=PP0124 window=IS
2026-09-01T20:31:47+00:00 SKIP_EXISTING id=PP0125 window=IS
2026-09-01T20:31:47+00:00 SKIP_EXISTING id=PP0126 window=IS
2026-09-01T20:31:47+00:00 SKIP_EXISTING id=PP0127 window=IS
2026-09-01T20:31:47+00:00 SKIP_EXISTING id=PP0128 window=IS
2026-09-01T20:31:47+00:00 SKIP_EXISTING id=PP0129 window=IS
2026-09-01T20:31:47+00:00 SKIP_EXISTING id=PP0130 window=IS
2026-09-01T20:31:47+00:00 SKIP_EXISTING id=PP0131 window=IS
2026-09-01T20:31:47+00:00 SKIP_EXISTING id=PP0132 window=IS
2026-09-01T20:31:47+00:00 SKIP_EXISTING id=PP0133 window=IS
2026-09-01T20:31:47+00:00 SKIP_EXISTING id=PP0134 window=IS
2026-09-01T20:31:47+00:00 SKIP_EXISTING id=PP0135 window=IS
2026-09-01T20:31:47+00:00 SKIP_EXISTING id=PP0136 window=IS
2026-09-01T20:31:47+00:00 SKIP_EXISTING id=PP0137 window=IS
2026-09-01T20:31:47+00:00 SKIP_EXISTING id=PP0138 window=IS
2026-09-01T20:31:47+00:00 SKIP_EXISTING id=PP0139 window=IS
2026-09-01T20:31:47+00:00 SKIP_EXISTING id=PP0140 window=IS
2026-09-01T20:31:47+00:00 SKIP_EXISTING id=PP0141 window=IS
2026-09-01T20:31:47+00:00 SKIP_EXISTING id=PP0142 window=IS
2026-09-01T20:31:47+00:00 SKIP_EXISTING id=PP0143 window=IS
2026-09-01T20:31:47+00:00 SKIP_EXISTING id=PP0144 window=IS
2026-09-01T20:31:47+00:00 SKIP_EXISTING id=PP0145 window=IS
2026-09-01T20:31:47+00:00 SKIP_EXISTING id=PP0146 window=IS
2026-09-01T20:31:47+00:00 SKIP_EXISTING id=PP0147 window=IS
2026-09-01T20:31:47+00:00 SKIP_EXISTING id=PP0148 window=IS
2026-09-01T20:31:47+00:00 SKIP_EXISTING id=PP0149 window=IS
2026-09-01T20:31:47+00:00 SKIP_EXISTING id=PP0150 window=IS
2026-09-01T20:31:47+00:00 SKIP_EXISTING id=PP0151 window=IS
2026-09-01T20:31:47+00:00 SKIP_EXISTING id=PP0152 window=IS
2026-09-01T20:31:47+00:00 SKIP_EXISTING id=PP0153 window=IS
2026-09-01T20:31:47+00:00 SKIP_EXISTING id=PP0154 window=IS
2026-09-01T20:31:47+00:00 SKIP_EXISTING id=PP0155 window=IS
2026-09-01T20:31:47+00:00 SKIP_EXISTING id=PP0156 window=IS
2026-09-01T20:31:47+00:00 SKIP_EXISTING id=PP0157 window=IS
2026-09-01T20:31:47+00:00 SKIP_EXISTING id=PP0158 window=IS
2026-09-01T20:31:47+00:00 SKIP_EXISTING id=PP0159 window=IS
2026-09-01T20:31:47+00:00 SKIP_EXISTING id=PP0160 window=IS
2026-09-01T20:31:47+00:00 SKIP_EXISTING id=PP0161 window=IS
2026-09-01T20:31:47+00:00 SKIP_EXISTING id=PP0162 window=IS
2026-09-01T20:31:47+00:00 SKIP_EXISTING id=PP0163 window=IS
2026-09-01T20:31:47+00:00 SKIP_EXISTING id=PP0164 window=IS
2026-09-01T20:31:47+00:00 SKIP_EXISTING id=PP0165 window=IS
2026-09-01T20:31:47+00:00 SKIP_EXISTING id=PP0166 window=IS
2026-09-01T20:31:47+00:00 SKIP_EXISTING id=PP0167 window=IS
2026-09-01T20:31:47+00:00 SKIP_EXISTING id=PP0168 window=IS
2026-09-01T20:31:47+00:00 SKIP_EXISTING id=PP0169 window=IS
2026-09-01T20:31:47+00:00 SKIP_EXISTING id=PP0170 window=IS
2026-09-01T20:31:47+00:00 SKIP_EXISTING id=PP0171 window=IS
2026-09-01T20:31:47+00:00 SKIP_EXISTING id=PP0172 window=IS
2026-09-01T20:31:47+00:00 SKIP_EXISTING id=PP0173 window=IS
2026-09-01T20:31:47+00:00 SKIP_EXISTING id=PP0174 window=IS
2026-09-01T20:31:47+00:00 SKIP_EXISTING id=PP0175 window=IS
2026-09-01T20:31:47+00:00 SKIP_EXISTING id=PP0176 window=IS
2026-09-01T20:31:47+00:00 SKIP_EXISTING id=PP0177 window=IS
2026-09-01T20:31:47+00:00 SKIP_EXISTING id=PP0178 window=IS
2026-09-01T20:31:47+00:00 SKIP_EXISTING id=PP0179 window=IS
2026-09-01T20:31:47+00:00 SKIP_EXISTING id=PP0180 window=IS
2026-09-01T20:31:47+00:00 SKIP_EXISTING id=PP0181 window=IS
2026-09-01T20:31:47+00:00 SKIP_EXISTING id=PP0182 window=IS
2026-09-01T20:31:47+00:00 SKIP_EXISTING id=PP0183 window=IS
2026-09-01T20:31:47+00:00 SKIP_EXISTING id=PP0184 window=IS
2026-09-01T20:31:47+00:00 SKIP_EXISTING id=PP0185 window=IS
2026-09-01T20:31:47+00:00 SKIP_EXISTING id=PP0186 window=IS
2026-09-01T20:31:47+00:00 SKIP_EXISTING id=PP0187 window=IS
2026-09-01T20:31:47+00:00 SKIP_EXISTING id=PP0188 window=IS
2026-09-01T20:31:47+00:00 SKIP_EXISTING id=PP0189 window=IS
2026-09-01T20:31:47+00:00 SKIP_EXISTING id=PP0190 window=IS
2026-09-01T20:31:47+00:00 SKIP_EXISTING id=PP0191 window=IS
2026-09-01T20:31:47+00:00 SKIP_EXISTING id=PP0192 window=IS
2026-09-01T20:31:47+00:00 SKIP_EXISTING id=PP0193 window=IS
2026-09-01T20:31:47+00:00 SKIP_EXISTING id=PP0194 window=IS
2026-09-01T20:31:47+00:00 SKIP_EXISTING id=PP0195 window=IS
2026-09-01T20:31:47+00:00 SKIP_EXISTING id=PP0196 window=IS
2026-09-01T20:31:47+00:00 SKIP_EXISTING id=PP0197 window=IS
2026-09-01T20:31:47+00:00 SKIP_EXISTING id=PP0198 window=IS
2026-09-01T20:31:47+00:00 SKIP_EXISTING id=PP0199 window=IS
2026-09-01T20:31:47+00:00 SKIP_EXISTING id=PP0200 window=IS
2026-09-01T20:31:47+00:00 SKIP_EXISTING id=PP0201 window=IS
2026-09-01T20:31:47+00:00 SKIP_EXISTING id=PP0202 window=IS
2026-09-01T20:31:47+00:00 SKIP_EXISTING id=PP0203 window=IS
2026-09-01T20:31:47+00:00 SKIP_EXISTING id=PP0204 window=IS
2026-09-01T20:31:47+00:00 SKIP_EXISTING id=PP0205 window=IS
2026-09-01T20:31:47+00:00 SKIP_EXISTING id=PP0206 window=IS
2026-09-01T20:31:47+00:00 SKIP_EXISTING id=PP0207 window=IS
2026-09-01T20:31:47+00:00 SKIP_EXISTING id=PP0208 window=IS
2026-09-01T20:31:47+00:00 SKIP_EXISTING id=PP0209 window=IS
2026-09-01T20:31:47+00:00 SKIP_EXISTING id=PP0210 window=IS
2026-09-01T20:31:47+00:00 SKIP_EXISTING id=PP0211 window=IS
2026-09-01T20:31:47+00:00 SKIP_EXISTING id=PP0212 window=IS
2026-09-01T20:31:47+00:00 SKIP_EXISTING id=PP0213 window=IS
2026-09-01T20:31:47+00:00 SKIP_EXISTING id=PP0214 window=IS
2026-09-01T20:31:47+00:00 SKIP_EXISTING id=PP0215 window=IS
2026-09-01T20:31:47+00:00 SKIP_EXISTING id=PP0216 window=IS
2026-09-01T20:31:47+00:00 SKIP_EXISTING id=PP0217 window=IS
2026-09-01T20:31:47+00:00 SKIP_EXISTING id=PP0218 window=IS
2026-09-01T20:31:47+00:00 SKIP_EXISTING id=PP0219 window=IS
2026-09-01T20:31:47+00:00 SKIP_EXISTING id=PP0220 window=IS
2026-09-01T20:31:47+00:00 SKIP_EXISTING id=PP0221 window=IS
2026-09-01T20:31:47+00:00 SKIP_EXISTING id=PP0222 window=IS
2026-09-01T20:31:47+00:00 SKIP_EXISTING id=PP0223 window=IS
2026-09-01T20:31:47+00:00 SKIP_EXISTING id=PP0224 window=IS
2026-09-01T20:31:47+00:00 SKIP_EXISTING id=PP0225 window=IS
2026-09-01T20:31:47+00:00 SKIP_EXISTING id=PP0226 window=IS
2026-09-01T20:31:47+00:00 SKIP_EXISTING id=PP0227 window=IS
2026-09-01T20:31:47+00:00 SKIP_EXISTING id=PP0228 window=IS
2026-09-01T20:31:47+00:00 SKIP_EXISTING id=PP0229 window=IS
2026-09-01T20:31:47+00:00 SKIP_EXISTING id=PP0230 window=IS
2026-09-01T20:31:47+00:00 SKIP_EXISTING id=PP0231 window=IS
2026-09-01T20:31:47+00:00 SKIP_EXISTING id=PP0232 window=IS
2026-09-01T20:31:47+00:00 SKIP_EXISTING id=PP0233 window=IS
2026-09-01T20:31:47+00:00 SKIP_EXISTING id=PP0234 window=IS
2026-09-01T20:31:47+00:00 SKIP_EXISTING id=PP0235 window=IS
2026-09-01T20:31:47+00:00 SKIP_EXISTING id=PP0236 window=IS
2026-09-01T20:31:47+00:00 SKIP_EXISTING id=PP0237 window=IS
2026-09-01T20:31:47+00:00 SKIP_EXISTING id=PP0238 window=IS
2026-09-01T20:31:47+00:00 SKIP_EXISTING id=PP0239 window=IS
2026-09-01T20:31:47+00:00 SKIP_EXISTING id=PP0240 window=IS
2026-09-01T20:31:47+00:00 SKIP_EXISTING id=PP0241 window=IS
2026-09-01T20:31:47+00:00 SKIP_EXISTING id=PP0242 window=IS
2026-09-01T20:31:47+00:00 SKIP_EXISTING id=PP0243 window=IS
2026-09-01T20:31:47+00:00 SKIP_EXISTING id=PP0244 window=IS
2026-09-01T20:31:47+00:00 SKIP_EXISTING id=PP0245 window=IS
2026-09-01T20:31:47+00:00 SKIP_EXISTING id=PP0246 window=IS
2026-09-01T20:31:47+00:00 SKIP_EXISTING id=PP0247 window=IS
2026-09-01T20:31:47+00:00 SKIP_EXISTING id=PP0248 window=IS
2026-09-01T20:31:47+00:00 SKIP_EXISTING id=PP0249 window=IS
2026-09-01T20:31:47+00:00 SKIP_EXISTING id=PP0250 window=IS
2026-09-01T20:31:47+00:00 SKIP_EXISTING id=PP0251 window=IS
2026-09-01T20:31:47+00:00 SKIP_EXISTING id=PP0252 window=IS
2026-09-01T20:31:47+00:00 SKIP_EXISTING id=PP0253 window=IS
2026-09-01T20:31:47+00:00 SKIP_EXISTING id=PP0254 window=IS
2026-09-01T20:31:47+00:00 SKIP_EXISTING id=PP0255 window=IS
2026-09-01T20:31:47+00:00 SKIP_EXISTING id=PP0256 window=IS
2026-09-01T20:31:47+00:00 SKIP_EXISTING id=PP0257 window=IS
2026-09-01T20:31:47+00:00 SKIP_EXISTING id=PP0258 window=IS
2026-09-01T20:31:47+00:00 SKIP_EXISTING id=PP0259 window=IS
2026-09-01T20:31:47+00:00 SKIP_EXISTING id=PP0260 window=IS
2026-09-01T20:31:47+00:00 SKIP_EXISTING id=PP0261 window=IS
2026-09-01T20:31:47+00:00 SKIP_EXISTING id=PP0262 window=IS
2026-09-01T20:31:47+00:00 SKIP_EXISTING id=PP0263 window=IS
2026-09-01T20:31:47+00:00 SKIP_EXISTING id=PP0264 window=IS
2026-09-01T20:31:47+00:00 SKIP_EXISTING id=PP0265 window=IS
2026-09-01T20:31:47+00:00 SKIP_EXISTING id=PP0266 window=IS
2026-09-01T20:31:47+00:00 SKIP_EXISTING id=PP0267 window=IS
2026-09-01T20:31:47+00:00 SKIP_EXISTING id=PP0268 window=IS
2026-09-01T20:31:47+00:00 SKIP_EXISTING id=PP0269 window=IS
2026-09-01T20:31:47+00:00 SKIP_EXISTING id=PP0270 window=IS
2026-09-01T20:31:47+00:00 SKIP_EXISTING id=PP0271 window=IS
2026-09-01T20:31:47+00:00 RUN_START id=PP0272 window=IS terminal=PROD family=F07_be_then_trail
2026-09-01T20:32:12+00:00 RUN_START id=PP0273 window=IS terminal=BT1 family=F07_be_then_trail
2026-09-01T20:32:37+00:00 RUN_START id=PP0274 window=IS terminal=BT2 family=F07_be_then_trail
2026-09-01T20:34:16+00:00 RUN_END id=PP0272 window=IS decision=IS_REJECT elapsed=149.109s
2026-09-01T20:34:16+00:00 GATE_SKIP id=PP0272 window=OOS reason=IS_NOT_SURVIVOR decision=IS_REJECT
2026-09-01T20:34:16+00:00 RUN_START id=PP0275 window=IS terminal=PROD family=F07_be_then_trail
2026-09-01T20:34:46+00:00 RUN_END id=PP0273 window=IS decision=IS_REJECT elapsed=153.848s
2026-09-01T20:34:46+00:00 GATE_SKIP id=PP0273 window=OOS reason=IS_NOT_SURVIVOR decision=IS_REJECT
2026-09-01T20:34:46+00:00 RUN_START id=PP0276 window=IS terminal=BT1 family=F07_be_then_trail
2026-09-01T20:37:01+00:00 RUN_END id=PP0274 window=IS decision=IS_REJECT elapsed=264.0s
2026-09-01T20:37:01+00:00 GATE_SKIP id=PP0274 window=OOS reason=IS_NOT_SURVIVOR decision=IS_REJECT
2026-09-01T20:37:01+00:00 RUN_START id=PP0277 window=IS terminal=BT2 family=F08_age_conditioned_be
2026-09-01T20:37:16+00:00 RUN_END id=PP0275 window=IS decision=IS_REJECT elapsed=179.871s
2026-09-01T20:37:16+00:00 GATE_SKIP id=PP0275 window=OOS reason=IS_NOT_SURVIVOR decision=IS_REJECT
2026-09-01T20:37:16+00:00 RUN_START id=PP0278 window=IS terminal=PROD family=F08_age_conditioned_be
2026-09-01T20:37:30+00:00 RUN_END id=PP0276 window=IS decision=IS_REJECT elapsed=164.339s
2026-09-01T20:37:30+00:00 GATE_SKIP id=PP0276 window=OOS reason=IS_NOT_SURVIVOR decision=IS_REJECT
2026-09-01T20:37:30+00:00 RUN_START id=PP0279 window=IS terminal=BT1 family=F08_age_conditioned_be
2026-09-01T20:40:00+00:00 RUN_END id=PP0279 window=IS decision=IS_REJECT elapsed=148.761s
2026-09-01T20:40:00+00:00 GATE_SKIP id=PP0279 window=OOS reason=IS_NOT_SURVIVOR decision=IS_REJECT
2026-09-01T20:40:00+00:00 RUN_START id=PP0280 window=IS terminal=BT1 family=F08_age_conditioned_be
2026-09-01T20:40:21+00:00 RUN_END id=PP0278 window=IS decision=IS_REJECT elapsed=184.53s
2026-09-01T20:40:21+00:00 GATE_SKIP id=PP0278 window=OOS reason=IS_NOT_SURVIVOR decision=IS_REJECT
2026-09-01T20:40:21+00:00 RUN_START id=PP0281 window=IS terminal=PROD family=F08_age_conditioned_be
2026-09-01T20:41:26+00:00 RUN_END id=PP0277 window=IS decision=IS_REJECT elapsed=264.519s
2026-09-01T20:41:26+00:00 GATE_SKIP id=PP0277 window=OOS reason=IS_NOT_SURVIVOR decision=IS_REJECT
2026-09-01T20:41:26+00:00 RUN_START id=PP0282 window=IS terminal=BT2 family=F08_age_conditioned_be
2026-09-01T20:42:34+00:00 RUN_END id=PP0280 window=IS decision=IS_REJECT elapsed=154.389s
2026-09-01T20:42:34+00:00 GATE_SKIP id=PP0280 window=OOS reason=IS_NOT_SURVIVOR decision=IS_REJECT
2026-09-01T20:42:34+00:00 RUN_START id=PP0283 window=IS terminal=BT1 family=F08_age_conditioned_be
2026-09-01T20:43:33+00:00 SLEEP_SUPPRESSED ドライバ稼働中はスリープしない（終了時に自動解除）
2026-09-01T20:43:33+00:00 MEMORY_FREE_MB 19286 terminals=2
2026-09-01T20:43:33+00:00 BASELINE_OOS {'net': 47340.0, 'pf': 1.3077, 'dd': 1.8676, 'trades': 329}
2026-09-01T20:43:33+00:00 BASELINE_IS {'net': 417882.0, 'pf': 2.2542, 'dd': 3.7942, 'trades': 301}
2026-09-01T20:43:33+00:00 DRIVER_START proposals=500 already_done=280 terminals=2
2026-09-01T20:43:33+00:00 SKIP_EXISTING id=PP0001 window=IS
2026-09-01T20:43:33+00:00 SKIP_EXISTING id=PP0002 window=IS
2026-09-01T20:43:33+00:00 SKIP_EXISTING id=PP0003 window=IS
2026-09-01T20:43:33+00:00 SKIP_EXISTING id=PP0004 window=IS
2026-09-01T20:43:33+00:00 SKIP_EXISTING id=PP0005 window=IS
2026-09-01T20:43:33+00:00 SKIP_EXISTING id=PP0006 window=IS
2026-09-01T20:43:33+00:00 SKIP_EXISTING id=PP0007 window=IS
2026-09-01T20:43:33+00:00 SKIP_EXISTING id=PP0008 window=IS
2026-09-01T20:43:33+00:00 SKIP_EXISTING id=PP0009 window=IS
2026-09-01T20:43:33+00:00 SKIP_EXISTING id=PP0010 window=IS
2026-09-01T20:43:33+00:00 SKIP_EXISTING id=PP0011 window=IS
2026-09-01T20:43:33+00:00 SKIP_EXISTING id=PP0012 window=IS
2026-09-01T20:43:33+00:00 SKIP_EXISTING id=PP0013 window=IS
2026-09-01T20:43:33+00:00 SKIP_EXISTING id=PP0014 window=IS
2026-09-01T20:43:33+00:00 SKIP_EXISTING id=PP0015 window=IS
2026-09-01T20:43:33+00:00 SKIP_EXISTING id=PP0016 window=IS
2026-09-01T20:43:33+00:00 SKIP_EXISTING id=PP0017 window=IS
2026-09-01T20:43:33+00:00 SKIP_EXISTING id=PP0018 window=IS
2026-09-01T20:43:33+00:00 SKIP_EXISTING id=PP0019 window=IS
2026-09-01T20:43:33+00:00 SKIP_EXISTING id=PP0020 window=IS
2026-09-01T20:43:33+00:00 SKIP_EXISTING id=PP0021 window=IS
2026-09-01T20:43:33+00:00 SKIP_EXISTING id=PP0022 window=IS
2026-09-01T20:43:33+00:00 SKIP_EXISTING id=PP0023 window=IS
2026-09-01T20:43:33+00:00 SKIP_EXISTING id=PP0024 window=IS
2026-09-01T20:43:33+00:00 SKIP_EXISTING id=PP0025 window=IS
2026-09-01T20:43:33+00:00 SKIP_EXISTING id=PP0026 window=IS
2026-09-01T20:43:33+00:00 SKIP_EXISTING id=PP0027 window=IS
2026-09-01T20:43:33+00:00 SKIP_EXISTING id=PP0028 window=IS
2026-09-01T20:43:33+00:00 SKIP_EXISTING id=PP0029 window=IS
2026-09-01T20:43:33+00:00 SKIP_EXISTING id=PP0030 window=IS
2026-09-01T20:43:33+00:00 SKIP_EXISTING id=PP0031 window=IS
2026-09-01T20:43:33+00:00 SKIP_EXISTING id=PP0032 window=IS
2026-09-01T20:43:33+00:00 SKIP_EXISTING id=PP0033 window=IS
2026-09-01T20:43:33+00:00 SKIP_EXISTING id=PP0034 window=IS
2026-09-01T20:43:33+00:00 SKIP_EXISTING id=PP0035 window=IS
2026-09-01T20:43:33+00:00 SKIP_EXISTING id=PP0036 window=IS
2026-09-01T20:43:33+00:00 SKIP_EXISTING id=PP0037 window=IS
2026-09-01T20:43:33+00:00 SKIP_EXISTING id=PP0038 window=IS
2026-09-01T20:43:33+00:00 SKIP_EXISTING id=PP0039 window=IS
2026-09-01T20:43:33+00:00 SKIP_EXISTING id=PP0040 window=IS
2026-09-01T20:43:33+00:00 SKIP_EXISTING id=PP0041 window=IS
2026-09-01T20:43:33+00:00 SKIP_EXISTING id=PP0042 window=IS
2026-09-01T20:43:33+00:00 SKIP_EXISTING id=PP0043 window=IS
2026-09-01T20:43:33+00:00 SKIP_EXISTING id=PP0044 window=IS
2026-09-01T20:43:33+00:00 SKIP_EXISTING id=PP0045 window=IS
2026-09-01T20:43:33+00:00 SKIP_EXISTING id=PP0046 window=IS
2026-09-01T20:43:33+00:00 SKIP_EXISTING id=PP0047 window=IS
2026-09-01T20:43:33+00:00 SKIP_EXISTING id=PP0048 window=IS
2026-09-01T20:43:33+00:00 SKIP_EXISTING id=PP0049 window=IS
2026-09-01T20:43:33+00:00 SKIP_EXISTING id=PP0050 window=IS
2026-09-01T20:43:33+00:00 SKIP_EXISTING id=PP0051 window=IS
2026-09-01T20:43:33+00:00 SKIP_EXISTING id=PP0052 window=IS
2026-09-01T20:43:33+00:00 SKIP_EXISTING id=PP0053 window=IS
2026-09-01T20:43:33+00:00 SKIP_EXISTING id=PP0054 window=IS
2026-09-01T20:43:33+00:00 SKIP_EXISTING id=PP0055 window=IS
2026-09-01T20:43:33+00:00 SKIP_EXISTING id=PP0056 window=IS
2026-09-01T20:43:33+00:00 SKIP_EXISTING id=PP0057 window=IS
2026-09-01T20:43:33+00:00 SKIP_EXISTING id=PP0058 window=IS
2026-09-01T20:43:33+00:00 SKIP_EXISTING id=PP0059 window=IS
2026-09-01T20:43:33+00:00 SKIP_EXISTING id=PP0060 window=IS
2026-09-01T20:43:33+00:00 SKIP_EXISTING id=PP0061 window=IS
2026-09-01T20:43:33+00:00 SKIP_EXISTING id=PP0062 window=IS
2026-09-01T20:43:33+00:00 SKIP_EXISTING id=PP0063 window=IS
2026-09-01T20:43:33+00:00 SKIP_EXISTING id=PP0064 window=IS
2026-09-01T20:43:33+00:00 SKIP_EXISTING id=PP0065 window=IS
2026-09-01T20:43:33+00:00 SKIP_EXISTING id=PP0066 window=IS
2026-09-01T20:43:33+00:00 SKIP_EXISTING id=PP0067 window=IS
2026-09-01T20:43:33+00:00 SKIP_EXISTING id=PP0068 window=IS
2026-09-01T20:43:33+00:00 SKIP_EXISTING id=PP0069 window=IS
2026-09-01T20:43:33+00:00 SKIP_EXISTING id=PP0070 window=IS
2026-09-01T20:43:33+00:00 SKIP_EXISTING id=PP0071 window=IS
2026-09-01T20:43:33+00:00 SKIP_EXISTING id=PP0072 window=IS
2026-09-01T20:43:33+00:00 SKIP_EXISTING id=PP0073 window=IS
2026-09-01T20:43:33+00:00 SKIP_EXISTING id=PP0074 window=IS
2026-09-01T20:43:33+00:00 SKIP_EXISTING id=PP0075 window=IS
2026-09-01T20:43:33+00:00 SKIP_EXISTING id=PP0076 window=IS
2026-09-01T20:43:33+00:00 SKIP_EXISTING id=PP0077 window=IS
2026-09-01T20:43:33+00:00 SKIP_EXISTING id=PP0078 window=IS
2026-09-01T20:43:33+00:00 SKIP_EXISTING id=PP0079 window=IS
2026-09-01T20:43:33+00:00 SKIP_EXISTING id=PP0080 window=IS
2026-09-01T20:43:33+00:00 SKIP_EXISTING id=PP0081 window=IS
2026-09-01T20:43:33+00:00 SKIP_EXISTING id=PP0082 window=IS
2026-09-01T20:43:33+00:00 SKIP_EXISTING id=PP0083 window=IS
2026-09-01T20:43:33+00:00 SKIP_EXISTING id=PP0084 window=IS
2026-09-01T20:43:33+00:00 SKIP_EXISTING id=PP0085 window=IS
2026-09-01T20:43:33+00:00 SKIP_EXISTING id=PP0086 window=IS
2026-09-01T20:43:33+00:00 SKIP_EXISTING id=PP0087 window=IS
2026-09-01T20:43:33+00:00 SKIP_EXISTING id=PP0088 window=IS
2026-09-01T20:43:33+00:00 SKIP_EXISTING id=PP0089 window=IS
2026-09-01T20:43:33+00:00 SKIP_EXISTING id=PP0090 window=IS
2026-09-01T20:43:33+00:00 SKIP_EXISTING id=PP0091 window=IS
2026-09-01T20:43:33+00:00 SKIP_EXISTING id=PP0092 window=IS
2026-09-01T20:43:33+00:00 SKIP_EXISTING id=PP0093 window=IS
2026-09-01T20:43:33+00:00 SKIP_EXISTING id=PP0094 window=IS
2026-09-01T20:43:33+00:00 SKIP_EXISTING id=PP0095 window=IS
2026-09-01T20:43:33+00:00 SKIP_EXISTING id=PP0096 window=IS
2026-09-01T20:43:33+00:00 SKIP_EXISTING id=PP0097 window=IS
2026-09-01T20:43:33+00:00 SKIP_EXISTING id=PP0098 window=IS
2026-09-01T20:43:33+00:00 SKIP_EXISTING id=PP0099 window=IS
2026-09-01T20:43:33+00:00 SKIP_EXISTING id=PP0100 window=IS
2026-09-01T20:43:33+00:00 SKIP_EXISTING id=PP0101 window=IS
2026-09-01T20:43:33+00:00 SKIP_EXISTING id=PP0102 window=IS
2026-09-01T20:43:33+00:00 SKIP_EXISTING id=PP0103 window=IS
2026-09-01T20:43:33+00:00 SKIP_EXISTING id=PP0104 window=IS
2026-09-01T20:43:33+00:00 SKIP_EXISTING id=PP0105 window=IS
2026-09-01T20:43:33+00:00 SKIP_EXISTING id=PP0106 window=IS
2026-09-01T20:43:33+00:00 SKIP_EXISTING id=PP0107 window=IS
2026-09-01T20:43:33+00:00 SKIP_EXISTING id=PP0108 window=IS
2026-09-01T20:43:33+00:00 SKIP_EXISTING id=PP0109 window=IS
2026-09-01T20:43:33+00:00 SKIP_EXISTING id=PP0110 window=IS
2026-09-01T20:43:33+00:00 SKIP_EXISTING id=PP0111 window=IS
2026-09-01T20:43:33+00:00 SKIP_EXISTING id=PP0112 window=IS
2026-09-01T20:43:33+00:00 SKIP_EXISTING id=PP0113 window=IS
2026-09-01T20:43:33+00:00 SKIP_EXISTING id=PP0114 window=IS
2026-09-01T20:43:33+00:00 SKIP_EXISTING id=PP0115 window=IS
2026-09-01T20:43:33+00:00 SKIP_EXISTING id=PP0116 window=IS
2026-09-01T20:43:33+00:00 SKIP_EXISTING id=PP0117 window=IS
2026-09-01T20:43:33+00:00 SKIP_EXISTING id=PP0118 window=IS
2026-09-01T20:43:33+00:00 SKIP_EXISTING id=PP0119 window=IS
2026-09-01T20:43:33+00:00 SKIP_EXISTING id=PP0120 window=IS
2026-09-01T20:43:33+00:00 SKIP_EXISTING id=PP0121 window=IS
2026-09-01T20:43:33+00:00 SKIP_EXISTING id=PP0122 window=IS
2026-09-01T20:43:33+00:00 SKIP_EXISTING id=PP0123 window=IS
2026-09-01T20:43:33+00:00 SKIP_EXISTING id=PP0124 window=IS
2026-09-01T20:43:33+00:00 SKIP_EXISTING id=PP0125 window=IS
2026-09-01T20:43:33+00:00 SKIP_EXISTING id=PP0126 window=IS
2026-09-01T20:43:33+00:00 SKIP_EXISTING id=PP0127 window=IS
2026-09-01T20:43:33+00:00 SKIP_EXISTING id=PP0128 window=IS
2026-09-01T20:43:33+00:00 SKIP_EXISTING id=PP0129 window=IS
2026-09-01T20:43:33+00:00 SKIP_EXISTING id=PP0130 window=IS
2026-09-01T20:43:33+00:00 SKIP_EXISTING id=PP0131 window=IS
2026-09-01T20:43:33+00:00 SKIP_EXISTING id=PP0132 window=IS
2026-09-01T20:43:33+00:00 SKIP_EXISTING id=PP0133 window=IS
2026-09-01T20:43:33+00:00 SKIP_EXISTING id=PP0134 window=IS
2026-09-01T20:43:33+00:00 SKIP_EXISTING id=PP0135 window=IS
2026-09-01T20:43:33+00:00 SKIP_EXISTING id=PP0136 window=IS
2026-09-01T20:43:33+00:00 SKIP_EXISTING id=PP0137 window=IS
2026-09-01T20:43:33+00:00 SKIP_EXISTING id=PP0138 window=IS
2026-09-01T20:43:33+00:00 SKIP_EXISTING id=PP0139 window=IS
2026-09-01T20:43:33+00:00 SKIP_EXISTING id=PP0140 window=IS
2026-09-01T20:43:33+00:00 SKIP_EXISTING id=PP0141 window=IS
2026-09-01T20:43:33+00:00 SKIP_EXISTING id=PP0142 window=IS
2026-09-01T20:43:33+00:00 SKIP_EXISTING id=PP0143 window=IS
2026-09-01T20:43:33+00:00 SKIP_EXISTING id=PP0144 window=IS
2026-09-01T20:43:33+00:00 SKIP_EXISTING id=PP0145 window=IS
2026-09-01T20:43:33+00:00 SKIP_EXISTING id=PP0146 window=IS
2026-09-01T20:43:33+00:00 SKIP_EXISTING id=PP0147 window=IS
2026-09-01T20:43:33+00:00 SKIP_EXISTING id=PP0148 window=IS
2026-09-01T20:43:33+00:00 SKIP_EXISTING id=PP0149 window=IS
2026-09-01T20:43:33+00:00 SKIP_EXISTING id=PP0150 window=IS
2026-09-01T20:43:33+00:00 SKIP_EXISTING id=PP0151 window=IS
2026-09-01T20:43:33+00:00 SKIP_EXISTING id=PP0152 window=IS
2026-09-01T20:43:33+00:00 SKIP_EXISTING id=PP0153 window=IS
2026-09-01T20:43:33+00:00 SKIP_EXISTING id=PP0154 window=IS
2026-09-01T20:43:33+00:00 SKIP_EXISTING id=PP0155 window=IS
2026-09-01T20:43:33+00:00 SKIP_EXISTING id=PP0156 window=IS
2026-09-01T20:43:33+00:00 SKIP_EXISTING id=PP0157 window=IS
2026-09-01T20:43:33+00:00 SKIP_EXISTING id=PP0158 window=IS
2026-09-01T20:43:33+00:00 SKIP_EXISTING id=PP0159 window=IS
2026-09-01T20:43:33+00:00 SKIP_EXISTING id=PP0160 window=IS
2026-09-01T20:43:33+00:00 SKIP_EXISTING id=PP0161 window=IS
2026-09-01T20:43:33+00:00 SKIP_EXISTING id=PP0162 window=IS
2026-09-01T20:43:33+00:00 SKIP_EXISTING id=PP0163 window=IS
2026-09-01T20:43:33+00:00 SKIP_EXISTING id=PP0164 window=IS
2026-09-01T20:43:33+00:00 SKIP_EXISTING id=PP0165 window=IS
2026-09-01T20:43:33+00:00 SKIP_EXISTING id=PP0166 window=IS
2026-09-01T20:43:33+00:00 SKIP_EXISTING id=PP0167 window=IS
2026-09-01T20:43:33+00:00 SKIP_EXISTING id=PP0168 window=IS
2026-09-01T20:43:33+00:00 SKIP_EXISTING id=PP0169 window=IS
2026-09-01T20:43:33+00:00 SKIP_EXISTING id=PP0170 window=IS
2026-09-01T20:43:33+00:00 SKIP_EXISTING id=PP0171 window=IS
2026-09-01T20:43:33+00:00 SKIP_EXISTING id=PP0172 window=IS
2026-09-01T20:43:33+00:00 SKIP_EXISTING id=PP0173 window=IS
2026-09-01T20:43:33+00:00 SKIP_EXISTING id=PP0174 window=IS
2026-09-01T20:43:33+00:00 SKIP_EXISTING id=PP0175 window=IS
2026-09-01T20:43:33+00:00 SKIP_EXISTING id=PP0176 window=IS
2026-09-01T20:43:33+00:00 SKIP_EXISTING id=PP0177 window=IS
2026-09-01T20:43:33+00:00 SKIP_EXISTING id=PP0178 window=IS
2026-09-01T20:43:33+00:00 SKIP_EXISTING id=PP0179 window=IS
2026-09-01T20:43:33+00:00 SKIP_EXISTING id=PP0180 window=IS
2026-09-01T20:43:33+00:00 SKIP_EXISTING id=PP0181 window=IS
2026-09-01T20:43:33+00:00 SKIP_EXISTING id=PP0182 window=IS
2026-09-01T20:43:33+00:00 SKIP_EXISTING id=PP0183 window=IS
2026-09-01T20:43:33+00:00 SKIP_EXISTING id=PP0184 window=IS
2026-09-01T20:43:33+00:00 SKIP_EXISTING id=PP0185 window=IS
2026-09-01T20:43:33+00:00 SKIP_EXISTING id=PP0186 window=IS
2026-09-01T20:43:33+00:00 SKIP_EXISTING id=PP0187 window=IS
2026-09-01T20:43:33+00:00 SKIP_EXISTING id=PP0188 window=IS
2026-09-01T20:43:33+00:00 SKIP_EXISTING id=PP0189 window=IS
2026-09-01T20:43:33+00:00 SKIP_EXISTING id=PP0190 window=IS
2026-09-01T20:43:33+00:00 SKIP_EXISTING id=PP0191 window=IS
2026-09-01T20:43:33+00:00 SKIP_EXISTING id=PP0192 window=IS
2026-09-01T20:43:33+00:00 SKIP_EXISTING id=PP0193 window=IS
2026-09-01T20:43:33+00:00 SKIP_EXISTING id=PP0194 window=IS
2026-09-01T20:43:33+00:00 SKIP_EXISTING id=PP0195 window=IS
2026-09-01T20:43:33+00:00 SKIP_EXISTING id=PP0196 window=IS
2026-09-01T20:43:33+00:00 SKIP_EXISTING id=PP0197 window=IS
2026-09-01T20:43:33+00:00 SKIP_EXISTING id=PP0198 window=IS
2026-09-01T20:43:33+00:00 SKIP_EXISTING id=PP0199 window=IS
2026-09-01T20:43:33+00:00 SKIP_EXISTING id=PP0200 window=IS
2026-09-01T20:43:33+00:00 SKIP_EXISTING id=PP0201 window=IS
2026-09-01T20:43:33+00:00 SKIP_EXISTING id=PP0202 window=IS
2026-09-01T20:43:33+00:00 SKIP_EXISTING id=PP0203 window=IS
2026-09-01T20:43:33+00:00 SKIP_EXISTING id=PP0204 window=IS
2026-09-01T20:43:33+00:00 SKIP_EXISTING id=PP0205 window=IS
2026-09-01T20:43:33+00:00 SKIP_EXISTING id=PP0206 window=IS
2026-09-01T20:43:33+00:00 SKIP_EXISTING id=PP0207 window=IS
2026-09-01T20:43:33+00:00 SKIP_EXISTING id=PP0208 window=IS
2026-09-01T20:43:33+00:00 SKIP_EXISTING id=PP0209 window=IS
2026-09-01T20:43:33+00:00 SKIP_EXISTING id=PP0210 window=IS
2026-09-01T20:43:33+00:00 SKIP_EXISTING id=PP0211 window=IS
2026-09-01T20:43:33+00:00 SKIP_EXISTING id=PP0212 window=IS
2026-09-01T20:43:33+00:00 SKIP_EXISTING id=PP0213 window=IS
2026-09-01T20:43:33+00:00 SKIP_EXISTING id=PP0214 window=IS
2026-09-01T20:43:33+00:00 SKIP_EXISTING id=PP0215 window=IS
2026-09-01T20:43:33+00:00 SKIP_EXISTING id=PP0216 window=IS
2026-09-01T20:43:33+00:00 SKIP_EXISTING id=PP0217 window=IS
2026-09-01T20:43:33+00:00 SKIP_EXISTING id=PP0218 window=IS
2026-09-01T20:43:33+00:00 SKIP_EXISTING id=PP0219 window=IS
2026-09-01T20:43:33+00:00 SKIP_EXISTING id=PP0220 window=IS
2026-09-01T20:43:33+00:00 SKIP_EXISTING id=PP0221 window=IS
2026-09-01T20:43:33+00:00 SKIP_EXISTING id=PP0222 window=IS
2026-09-01T20:43:33+00:00 SKIP_EXISTING id=PP0223 window=IS
2026-09-01T20:43:33+00:00 SKIP_EXISTING id=PP0224 window=IS
2026-09-01T20:43:33+00:00 SKIP_EXISTING id=PP0225 window=IS
2026-09-01T20:43:33+00:00 SKIP_EXISTING id=PP0226 window=IS
2026-09-01T20:43:33+00:00 SKIP_EXISTING id=PP0227 window=IS
2026-09-01T20:43:33+00:00 SKIP_EXISTING id=PP0228 window=IS
2026-09-01T20:43:33+00:00 SKIP_EXISTING id=PP0229 window=IS
2026-09-01T20:43:33+00:00 SKIP_EXISTING id=PP0230 window=IS
2026-09-01T20:43:33+00:00 SKIP_EXISTING id=PP0231 window=IS
2026-09-01T20:43:33+00:00 SKIP_EXISTING id=PP0232 window=IS
2026-09-01T20:43:33+00:00 SKIP_EXISTING id=PP0233 window=IS
2026-09-01T20:43:33+00:00 SKIP_EXISTING id=PP0234 window=IS
2026-09-01T20:43:33+00:00 SKIP_EXISTING id=PP0235 window=IS
2026-09-01T20:43:33+00:00 SKIP_EXISTING id=PP0236 window=IS
2026-09-01T20:43:33+00:00 SKIP_EXISTING id=PP0237 window=IS
2026-09-01T20:43:33+00:00 SKIP_EXISTING id=PP0238 window=IS
2026-09-01T20:43:33+00:00 SKIP_EXISTING id=PP0239 window=IS
2026-09-01T20:43:33+00:00 SKIP_EXISTING id=PP0240 window=IS
2026-09-01T20:43:33+00:00 SKIP_EXISTING id=PP0241 window=IS
2026-09-01T20:43:33+00:00 SKIP_EXISTING id=PP0242 window=IS
2026-09-01T20:43:33+00:00 SKIP_EXISTING id=PP0243 window=IS
2026-09-01T20:43:33+00:00 SKIP_EXISTING id=PP0244 window=IS
2026-09-01T20:43:33+00:00 SKIP_EXISTING id=PP0245 window=IS
2026-09-01T20:43:33+00:00 SKIP_EXISTING id=PP0246 window=IS
2026-09-01T20:43:33+00:00 SKIP_EXISTING id=PP0247 window=IS
2026-09-01T20:43:33+00:00 SKIP_EXISTING id=PP0248 window=IS
2026-09-01T20:43:33+00:00 SKIP_EXISTING id=PP0249 window=IS
2026-09-01T20:43:33+00:00 SKIP_EXISTING id=PP0250 window=IS
2026-09-01T20:43:33+00:00 SKIP_EXISTING id=PP0251 window=IS
2026-09-01T20:43:33+00:00 SKIP_EXISTING id=PP0252 window=IS
2026-09-01T20:43:33+00:00 SKIP_EXISTING id=PP0253 window=IS
2026-09-01T20:43:33+00:00 SKIP_EXISTING id=PP0254 window=IS
2026-09-01T20:43:33+00:00 SKIP_EXISTING id=PP0255 window=IS
2026-09-01T20:43:33+00:00 SKIP_EXISTING id=PP0256 window=IS
2026-09-01T20:43:33+00:00 SKIP_EXISTING id=PP0257 window=IS
2026-09-01T20:43:33+00:00 SKIP_EXISTING id=PP0258 window=IS
2026-09-01T20:43:33+00:00 SKIP_EXISTING id=PP0259 window=IS
2026-09-01T20:43:33+00:00 SKIP_EXISTING id=PP0260 window=IS
2026-09-01T20:43:33+00:00 SKIP_EXISTING id=PP0261 window=IS
2026-09-01T20:43:33+00:00 SKIP_EXISTING id=PP0262 window=IS
2026-09-01T20:43:33+00:00 SKIP_EXISTING id=PP0263 window=IS
2026-09-01T20:43:33+00:00 SKIP_EXISTING id=PP0264 window=IS
2026-09-01T20:43:33+00:00 SKIP_EXISTING id=PP0265 window=IS
2026-09-01T20:43:34+00:00 SKIP_EXISTING id=PP0266 window=IS
2026-09-01T20:43:34+00:00 SKIP_EXISTING id=PP0267 window=IS
2026-09-01T20:43:34+00:00 SKIP_EXISTING id=PP0268 window=IS
2026-09-01T20:43:34+00:00 SKIP_EXISTING id=PP0269 window=IS
2026-09-01T20:43:34+00:00 SKIP_EXISTING id=PP0270 window=IS
2026-09-01T20:43:34+00:00 SKIP_EXISTING id=PP0271 window=IS
2026-09-01T20:43:34+00:00 SKIP_EXISTING id=PP0272 window=IS
2026-09-01T20:43:34+00:00 SKIP_EXISTING id=PP0273 window=IS
2026-09-01T20:43:34+00:00 SKIP_EXISTING id=PP0274 window=IS
2026-09-01T20:43:34+00:00 SKIP_EXISTING id=PP0275 window=IS
2026-09-01T20:43:34+00:00 SKIP_EXISTING id=PP0276 window=IS
2026-09-01T20:43:34+00:00 SKIP_EXISTING id=PP0277 window=IS
2026-09-01T20:43:34+00:00 SKIP_EXISTING id=PP0278 window=IS
2026-09-01T20:43:34+00:00 SKIP_EXISTING id=PP0279 window=IS
2026-09-01T20:43:34+00:00 SKIP_EXISTING id=PP0280 window=IS
2026-09-01T20:43:34+00:00 RUN_START id=PP0281 window=IS terminal=PROD family=F08_age_conditioned_be
2026-09-01T20:43:58+00:00 RUN_START id=PP0282 window=IS terminal=BT1 family=F08_age_conditioned_be
2026-09-01T20:45:48+00:00 RUN_END id=PP0281 window=IS decision=IS_REJECT elapsed=134.011s
2026-09-01T20:45:48+00:00 GATE_SKIP id=PP0281 window=OOS reason=IS_NOT_SURVIVOR decision=IS_REJECT
2026-09-01T20:45:48+00:00 RUN_START id=PP0283 window=IS terminal=PROD family=F08_age_conditioned_be
2026-09-01T20:46:17+00:00 RUN_END id=PP0282 window=IS decision=IS_REJECT elapsed=138.755s
2026-09-01T20:46:17+00:00 GATE_SKIP id=PP0282 window=OOS reason=IS_NOT_SURVIVOR decision=IS_REJECT
2026-09-01T20:46:17+00:00 RUN_START id=PP0284 window=IS terminal=BT1 family=F08_age_conditioned_be
2026-09-01T20:48:07+00:00 RUN_END id=PP0283 window=IS decision=IS_REJECT elapsed=138.901s
2026-09-01T20:48:07+00:00 GATE_SKIP id=PP0283 window=OOS reason=IS_NOT_SURVIVOR decision=IS_REJECT
2026-09-01T20:48:07+00:00 RUN_START id=PP0285 window=IS terminal=PROD family=F08_age_conditioned_be
2026-09-01T20:48:36+00:00 RUN_END id=PP0284 window=IS decision=IS_REJECT elapsed=138.679s
2026-09-01T20:48:36+00:00 GATE_SKIP id=PP0284 window=OOS reason=IS_NOT_SURVIVOR decision=IS_REJECT
2026-09-01T20:48:36+00:00 RUN_START id=PP0286 window=IS terminal=BT1 family=F08_age_conditioned_be
2026-09-01T20:50:26+00:00 RUN_END id=PP0285 window=IS decision=IS_REJECT elapsed=138.887s
2026-09-01T20:50:26+00:00 GATE_SKIP id=PP0285 window=OOS reason=IS_NOT_SURVIVOR decision=IS_REJECT
2026-09-01T20:50:26+00:00 RUN_START id=PP0287 window=IS terminal=PROD family=F08_age_conditioned_be
2026-09-01T20:50:50+00:00 RUN_END id=PP0286 window=IS decision=IS_REJECT elapsed=133.672s
2026-09-01T20:50:50+00:00 GATE_SKIP id=PP0286 window=OOS reason=IS_NOT_SURVIVOR decision=IS_REJECT
2026-09-01T20:50:50+00:00 RUN_START id=PP0288 window=IS terminal=BT1 family=F08_age_conditioned_be
2026-09-01T20:52:40+00:00 RUN_END id=PP0287 window=IS decision=IS_REJECT elapsed=133.868s
2026-09-01T20:52:40+00:00 GATE_SKIP id=PP0287 window=OOS reason=IS_NOT_SURVIVOR decision=IS_REJECT
2026-09-01T20:52:40+00:00 RUN_START id=PP0289 window=IS terminal=PROD family=F08_age_conditioned_be
2026-09-01T20:52:59+00:00 RUN_END id=PP0288 window=IS decision=IS_REJECT elapsed=128.672s
2026-09-01T20:52:59+00:00 GATE_SKIP id=PP0288 window=OOS reason=IS_NOT_SURVIVOR decision=IS_REJECT
2026-09-01T20:52:59+00:00 RUN_START id=PP0290 window=IS terminal=BT1 family=F08_age_conditioned_be
2026-09-01T20:55:00+00:00 RUN_END id=PP0289 window=IS decision=IS_REJECT elapsed=138.985s
2026-09-01T20:55:00+00:00 GATE_SKIP id=PP0289 window=OOS reason=IS_NOT_SURVIVOR decision=IS_REJECT
2026-09-01T20:55:00+00:00 RUN_START id=PP0291 window=IS terminal=PROD family=F08_age_conditioned_be
2026-09-01T20:55:18+00:00 RUN_END id=PP0290 window=IS decision=IS_REJECT elapsed=138.659s
2026-09-01T20:55:18+00:00 GATE_SKIP id=PP0290 window=OOS reason=IS_NOT_SURVIVOR decision=IS_REJECT
2026-09-01T20:55:18+00:00 RUN_START id=PP0292 window=IS terminal=BT1 family=F08_age_conditioned_be
2026-09-01T20:57:29+00:00 RUN_END id=PP0291 window=IS decision=IS_REJECT elapsed=148.948s
2026-09-01T20:57:29+00:00 GATE_SKIP id=PP0291 window=OOS reason=IS_NOT_SURVIVOR decision=IS_REJECT
2026-09-01T20:57:29+00:00 RUN_START id=PP0293 window=IS terminal=PROD family=F08_age_conditioned_be
2026-09-01T20:57:42+00:00 RUN_END id=PP0292 window=IS decision=IS_REJECT elapsed=143.654s
2026-09-01T20:57:42+00:00 GATE_SKIP id=PP0292 window=OOS reason=IS_NOT_SURVIVOR decision=IS_REJECT
2026-09-01T20:57:42+00:00 RUN_START id=PP0294 window=IS terminal=BT1 family=F08_age_conditioned_be
2026-09-01T20:59:53+00:00 RUN_END id=PP0293 window=IS decision=IS_REJECT elapsed=144.01s
2026-09-01T20:59:53+00:00 GATE_SKIP id=PP0293 window=OOS reason=IS_NOT_SURVIVOR decision=IS_REJECT
2026-09-01T20:59:53+00:00 RUN_START id=PP0295 window=IS terminal=PROD family=F08_age_conditioned_be
2026-09-01T21:00:06+00:00 RUN_END id=PP0294 window=IS decision=IS_REJECT elapsed=143.615s
2026-09-01T21:00:06+00:00 GATE_SKIP id=PP0294 window=OOS reason=IS_NOT_SURVIVOR decision=IS_REJECT
2026-09-01T21:00:06+00:00 RUN_START id=PP0296 window=IS terminal=BT1 family=F08_age_conditioned_be
2026-09-01T21:02:17+00:00 RUN_END id=PP0295 window=IS decision=IS_REJECT elapsed=143.815s
2026-09-01T21:02:17+00:00 GATE_SKIP id=PP0295 window=OOS reason=IS_NOT_SURVIVOR decision=IS_REJECT
2026-09-01T21:02:17+00:00 RUN_START id=PP0297 window=IS terminal=PROD family=F08_age_conditioned_be
2026-09-01T21:02:20+00:00 RUN_END id=PP0296 window=IS decision=IS_REJECT elapsed=133.47s
2026-09-01T21:02:20+00:00 GATE_SKIP id=PP0296 window=OOS reason=IS_NOT_SURVIVOR decision=IS_REJECT
2026-09-01T21:02:20+00:00 RUN_START id=PP0298 window=IS terminal=BT1 family=F08_age_conditioned_be
2026-09-01T21:04:37+00:00 RUN_END id=PP0297 window=IS decision=IS_REJECT elapsed=138.859s
2026-09-01T21:04:37+00:00 GATE_SKIP id=PP0297 window=OOS reason=IS_NOT_SURVIVOR decision=IS_REJECT
2026-09-01T21:04:37+00:00 RUN_START id=PP0299 window=IS terminal=PROD family=F08_age_conditioned_be
2026-09-01T21:04:39+00:00 RUN_END id=PP0298 window=IS decision=IS_REJECT elapsed=138.646s
2026-09-01T21:04:39+00:00 GATE_SKIP id=PP0298 window=OOS reason=IS_NOT_SURVIVOR decision=IS_REJECT
2026-09-01T21:04:39+00:00 RUN_START id=PP0300 window=IS terminal=BT1 family=F08_age_conditioned_be
2026-09-01T21:06:51+00:00 RUN_END id=PP0299 window=IS decision=IS_REJECT elapsed=134.03s
2026-09-01T21:06:51+00:00 GATE_SKIP id=PP0299 window=OOS reason=IS_NOT_SURVIVOR decision=IS_REJECT
2026-09-01T21:06:51+00:00 RUN_START id=PP0301 window=IS terminal=PROD family=F08_age_conditioned_be
2026-09-01T21:06:53+00:00 RUN_END id=PP0300 window=IS decision=IS_REJECT elapsed=133.611s
2026-09-01T21:06:53+00:00 GATE_SKIP id=PP0300 window=OOS reason=IS_NOT_SURVIVOR decision=IS_REJECT
2026-09-01T21:06:53+00:00 RUN_START id=PP0302 window=IS terminal=BT1 family=F08_age_conditioned_be
2026-09-01T21:09:15+00:00 RUN_END id=PP0301 window=IS decision=IS_REJECT elapsed=143.734s
2026-09-01T21:09:15+00:00 GATE_SKIP id=PP0301 window=OOS reason=IS_NOT_SURVIVOR decision=IS_REJECT
2026-09-01T21:09:15+00:00 RUN_START id=PP0303 window=IS terminal=PROD family=F08_age_conditioned_be
2026-09-01T21:09:17+00:00 RUN_END id=PP0302 window=IS decision=IS_REJECT elapsed=143.636s
2026-09-01T21:09:17+00:00 GATE_SKIP id=PP0302 window=OOS reason=IS_NOT_SURVIVOR decision=IS_REJECT
2026-09-01T21:09:17+00:00 RUN_START id=PP0304 window=IS terminal=BT1 family=F09_age_tighten
2026-09-01T21:11:26+00:00 RUN_END id=PP0304 window=IS decision=IS_REJECT elapsed=128.602s
2026-09-01T21:11:26+00:00 GATE_SKIP id=PP0304 window=OOS reason=IS_NOT_SURVIVOR decision=IS_REJECT
2026-09-01T21:11:26+00:00 RUN_START id=PP0305 window=IS terminal=BT1 family=F09_age_tighten
2026-09-01T21:11:34+00:00 RUN_END id=PP0303 window=IS decision=IS_REJECT elapsed=138.758s
2026-09-01T21:11:34+00:00 GATE_SKIP id=PP0303 window=OOS reason=IS_NOT_SURVIVOR decision=IS_REJECT
2026-09-01T21:11:34+00:00 RUN_START id=PP0306 window=IS terminal=PROD family=F09_age_tighten
2026-09-01T21:13:34+00:00 RUN_END id=PP0305 window=IS decision=IS_REJECT elapsed=128.551s
2026-09-01T21:13:34+00:00 GATE_SKIP id=PP0305 window=OOS reason=IS_NOT_SURVIVOR decision=IS_REJECT
2026-09-01T21:13:34+00:00 RUN_START id=PP0307 window=IS terminal=BT1 family=F09_age_tighten
2026-09-01T21:13:48+00:00 RUN_END id=PP0306 window=IS decision=IS_REJECT elapsed=133.668s
2026-09-01T21:13:48+00:00 GATE_SKIP id=PP0306 window=OOS reason=IS_NOT_SURVIVOR decision=IS_REJECT
2026-09-01T21:13:48+00:00 RUN_START id=PP0308 window=IS terminal=PROD family=F09_age_tighten
2026-09-01T21:15:43+00:00 RUN_END id=PP0307 window=IS decision=IS_REJECT elapsed=128.604s
2026-09-01T21:15:43+00:00 GATE_SKIP id=PP0307 window=OOS reason=IS_NOT_SURVIVOR decision=IS_REJECT
2026-09-01T21:15:43+00:00 RUN_START id=PP0309 window=IS terminal=BT1 family=F09_age_tighten
2026-09-01T21:16:02+00:00 RUN_END id=PP0308 window=IS decision=IS_REJECT elapsed=133.728s
2026-09-01T21:16:02+00:00 GATE_SKIP id=PP0308 window=OOS reason=IS_NOT_SURVIVOR decision=IS_REJECT
2026-09-01T21:16:02+00:00 RUN_START id=PP0310 window=IS terminal=PROD family=F09_age_tighten
2026-09-01T21:17:57+00:00 RUN_END id=PP0309 window=IS decision=IS_REJECT elapsed=133.666s
2026-09-01T21:17:57+00:00 GATE_SKIP id=PP0309 window=OOS reason=IS_NOT_SURVIVOR decision=IS_REJECT
2026-09-01T21:17:57+00:00 RUN_START id=PP0311 window=IS terminal=BT1 family=F09_age_tighten
2026-09-01T21:18:16+00:00 RUN_END id=PP0310 window=IS decision=IS_REJECT elapsed=133.757s
2026-09-01T21:18:16+00:00 GATE_SKIP id=PP0310 window=OOS reason=IS_NOT_SURVIVOR decision=IS_REJECT
2026-09-01T21:18:16+00:00 RUN_START id=PP0312 window=IS terminal=PROD family=F09_age_tighten
2026-09-01T21:20:11+00:00 RUN_END id=PP0311 window=IS decision=IS_REJECT elapsed=133.613s
2026-09-01T21:20:11+00:00 GATE_SKIP id=PP0311 window=OOS reason=IS_NOT_SURVIVOR decision=IS_REJECT
2026-09-01T21:20:11+00:00 RUN_START id=PP0313 window=IS terminal=BT1 family=F09_age_tighten
2026-09-01T21:20:30+00:00 RUN_END id=PP0312 window=IS decision=IS_REJECT elapsed=133.754s
2026-09-01T21:20:30+00:00 GATE_SKIP id=PP0312 window=OOS reason=IS_NOT_SURVIVOR decision=IS_REJECT
2026-09-01T21:20:30+00:00 RUN_START id=PP0314 window=IS terminal=PROD family=F09_age_tighten
2026-09-01T21:22:25+00:00 RUN_END id=PP0313 window=IS decision=IS_REJECT elapsed=133.571s
2026-09-01T21:22:25+00:00 GATE_SKIP id=PP0313 window=OOS reason=IS_NOT_SURVIVOR decision=IS_REJECT
2026-09-01T21:22:25+00:00 RUN_START id=PP0315 window=IS terminal=BT1 family=F09_age_tighten
2026-09-01T21:22:44+00:00 RUN_END id=PP0314 window=IS decision=IS_REJECT elapsed=133.881s
2026-09-01T21:22:44+00:00 GATE_SKIP id=PP0314 window=OOS reason=IS_NOT_SURVIVOR decision=IS_REJECT
2026-09-01T21:22:44+00:00 RUN_START id=PP0316 window=IS terminal=PROD family=F09_age_tighten
2026-09-01T21:24:39+00:00 RUN_END id=PP0315 window=IS decision=IS_REJECT elapsed=133.547s
2026-09-01T21:24:39+00:00 GATE_SKIP id=PP0315 window=OOS reason=IS_NOT_SURVIVOR decision=IS_REJECT
2026-09-01T21:24:39+00:00 RUN_START id=PP0317 window=IS terminal=BT1 family=F09_age_tighten
2026-09-01T21:24:58+00:00 RUN_END id=PP0316 window=IS decision=IS_REJECT elapsed=133.807s
2026-09-01T21:24:58+00:00 GATE_SKIP id=PP0316 window=OOS reason=IS_NOT_SURVIVOR decision=IS_REJECT
2026-09-01T21:24:58+00:00 RUN_START id=PP0318 window=IS terminal=PROD family=F09_age_tighten
2026-09-01T21:26:53+00:00 RUN_END id=PP0317 window=IS decision=IS_REJECT elapsed=133.648s
2026-09-01T21:26:53+00:00 GATE_SKIP id=PP0317 window=OOS reason=IS_NOT_SURVIVOR decision=IS_REJECT
2026-09-01T21:26:53+00:00 RUN_START id=PP0319 window=IS terminal=BT1 family=F09_age_tighten
2026-09-01T21:27:12+00:00 RUN_END id=PP0318 window=IS decision=IS_REJECT elapsed=133.78s
2026-09-01T21:27:12+00:00 GATE_SKIP id=PP0318 window=OOS reason=IS_NOT_SURVIVOR decision=IS_REJECT
2026-09-01T21:27:12+00:00 RUN_START id=PP0320 window=IS terminal=PROD family=F09_age_tighten
2026-09-01T21:29:02+00:00 RUN_END id=PP0319 window=IS decision=IS_REJECT elapsed=128.561s
2026-09-01T21:29:02+00:00 GATE_SKIP id=PP0319 window=OOS reason=IS_NOT_SURVIVOR decision=IS_REJECT
2026-09-01T21:29:02+00:00 RUN_START id=PP0321 window=IS terminal=BT1 family=F09_age_tighten
2026-09-01T21:29:26+00:00 RUN_END id=PP0320 window=IS decision=IS_REJECT elapsed=133.727s
2026-09-01T21:29:26+00:00 GATE_SKIP id=PP0320 window=OOS reason=IS_NOT_SURVIVOR decision=IS_REJECT
2026-09-01T21:29:26+00:00 RUN_START id=PP0322 window=IS terminal=PROD family=F09_age_tighten
2026-09-01T21:31:16+00:00 RUN_END id=PP0321 window=IS decision=IS_REJECT elapsed=133.604s
2026-09-01T21:31:16+00:00 GATE_SKIP id=PP0321 window=OOS reason=IS_NOT_SURVIVOR decision=IS_REJECT
2026-09-01T21:31:16+00:00 RUN_START id=PP0323 window=IS terminal=BT1 family=F09_age_tighten
2026-09-01T21:31:40+00:00 RUN_END id=PP0322 window=IS decision=IS_REJECT elapsed=133.739s
2026-09-01T21:31:40+00:00 GATE_SKIP id=PP0322 window=OOS reason=IS_NOT_SURVIVOR decision=IS_REJECT
2026-09-01T21:31:40+00:00 RUN_START id=PP0324 window=IS terminal=PROD family=F09_age_tighten
2026-09-01T21:33:29+00:00 RUN_END id=PP0323 window=IS decision=IS_REJECT elapsed=133.59s
2026-09-01T21:33:29+00:00 GATE_SKIP id=PP0323 window=OOS reason=IS_NOT_SURVIVOR decision=IS_REJECT
2026-09-01T21:33:29+00:00 RUN_START id=PP0325 window=IS terminal=BT1 family=F09_age_tighten
2026-09-01T21:33:54+00:00 RUN_END id=PP0324 window=IS decision=IS_REJECT elapsed=133.74s
2026-09-01T21:33:54+00:00 GATE_SKIP id=PP0324 window=OOS reason=IS_NOT_SURVIVOR decision=IS_REJECT
2026-09-01T21:33:54+00:00 RUN_START id=PP0326 window=IS terminal=PROD family=F09_age_tighten
2026-09-01T21:35:43+00:00 RUN_END id=PP0325 window=IS decision=IS_REJECT elapsed=133.557s
2026-09-01T21:35:43+00:00 GATE_SKIP id=PP0325 window=OOS reason=IS_NOT_SURVIVOR decision=IS_REJECT
2026-09-01T21:35:43+00:00 RUN_START id=PP0327 window=IS terminal=BT1 family=F09_age_tighten
2026-09-01T21:36:08+00:00 RUN_END id=PP0326 window=IS decision=IS_REJECT elapsed=133.783s
2026-09-01T21:36:08+00:00 GATE_SKIP id=PP0326 window=OOS reason=IS_NOT_SURVIVOR decision=IS_REJECT
2026-09-01T21:36:08+00:00 RUN_START id=PP0328 window=IS terminal=PROD family=F09_age_tighten
2026-09-01T21:37:57+00:00 RUN_END id=PP0327 window=IS decision=IS_REJECT elapsed=133.563s
2026-09-01T21:37:57+00:00 GATE_SKIP id=PP0327 window=OOS reason=IS_NOT_SURVIVOR decision=IS_REJECT
2026-09-01T21:37:57+00:00 RUN_START id=PP0329 window=IS terminal=BT1 family=F09_age_tighten
2026-09-01T21:38:22+00:00 RUN_END id=PP0328 window=IS decision=IS_REJECT elapsed=133.756s
2026-09-01T21:38:22+00:00 GATE_SKIP id=PP0328 window=OOS reason=IS_NOT_SURVIVOR decision=IS_REJECT
2026-09-01T21:38:22+00:00 RUN_START id=PP0330 window=IS terminal=PROD family=F09_age_tighten
2026-09-01T21:40:11+00:00 RUN_END id=PP0329 window=IS decision=IS_REJECT elapsed=133.581s
2026-09-01T21:40:11+00:00 GATE_SKIP id=PP0329 window=OOS reason=IS_NOT_SURVIVOR decision=IS_REJECT
2026-09-01T21:40:11+00:00 RUN_START id=PP0331 window=IS terminal=BT1 family=F09_age_tighten
2026-09-01T21:40:36+00:00 RUN_END id=PP0330 window=IS decision=IS_REJECT elapsed=133.714s
2026-09-01T21:40:36+00:00 GATE_SKIP id=PP0330 window=OOS reason=IS_NOT_SURVIVOR decision=IS_REJECT
2026-09-01T21:40:36+00:00 RUN_START id=PP0332 window=IS terminal=PROD family=F09_age_tighten
2026-09-01T21:42:25+00:00 RUN_END id=PP0331 window=IS decision=IS_REJECT elapsed=133.631s
2026-09-01T21:42:25+00:00 GATE_SKIP id=PP0331 window=OOS reason=IS_NOT_SURVIVOR decision=IS_REJECT
2026-09-01T21:42:25+00:00 RUN_START id=PP0333 window=IS terminal=BT1 family=F09_age_tighten
2026-09-01T21:42:50+00:00 RUN_END id=PP0332 window=IS decision=IS_REJECT elapsed=133.718s
2026-09-01T21:42:50+00:00 GATE_SKIP id=PP0332 window=OOS reason=IS_NOT_SURVIVOR decision=IS_REJECT
2026-09-01T21:42:50+00:00 RUN_START id=PP0334 window=IS terminal=PROD family=F10_vol_conditioned_be
2026-09-01T21:44:34+00:00 RUN_END id=PP0333 window=IS decision=IS_REJECT elapsed=128.578s
2026-09-01T21:44:34+00:00 GATE_SKIP id=PP0333 window=OOS reason=IS_NOT_SURVIVOR decision=IS_REJECT
2026-09-01T21:44:34+00:00 RUN_START id=PP0335 window=IS terminal=BT1 family=F10_vol_conditioned_be
2026-09-01T21:44:54+00:00 RUN_END id=PP0334 window=IS decision=IS_REJECT elapsed=123.727s
2026-09-01T21:44:54+00:00 GATE_SKIP id=PP0334 window=OOS reason=IS_NOT_SURVIVOR decision=IS_REJECT
2026-09-01T21:44:54+00:00 RUN_START id=PP0336 window=IS terminal=PROD family=F10_vol_conditioned_be
2026-09-01T21:46:48+00:00 RUN_END id=PP0335 window=IS decision=IS_REJECT elapsed=133.626s
2026-09-01T21:46:48+00:00 GATE_SKIP id=PP0335 window=OOS reason=IS_NOT_SURVIVOR decision=IS_REJECT
2026-09-01T21:46:48+00:00 RUN_START id=PP0337 window=IS terminal=BT1 family=F10_vol_conditioned_be
2026-09-01T21:47:08+00:00 RUN_END id=PP0336 window=IS decision=IS_REJECT elapsed=133.732s
2026-09-01T21:47:08+00:00 GATE_SKIP id=PP0336 window=OOS reason=IS_NOT_SURVIVOR decision=IS_REJECT
2026-09-01T21:47:08+00:00 RUN_START id=PP0338 window=IS terminal=PROD family=F10_vol_conditioned_be
2026-09-01T21:48:57+00:00 RUN_END id=PP0337 window=IS decision=IS_REJECT elapsed=128.665s
2026-09-01T21:48:57+00:00 GATE_SKIP id=PP0337 window=OOS reason=IS_NOT_SURVIVOR decision=IS_REJECT
2026-09-01T21:48:57+00:00 RUN_START id=PP0339 window=IS terminal=BT1 family=F10_vol_conditioned_be
2026-09-01T21:49:23+00:00 RUN_END id=PP0338 window=IS decision=IS_NOISE_BAND elapsed=133.717s
2026-09-01T21:49:23+00:00 GATE_SKIP id=PP0338 window=OOS reason=IS_NOT_SURVIVOR decision=IS_NOISE_BAND
2026-09-01T21:49:23+00:00 RUN_START id=PP0340 window=IS terminal=PROD family=F10_vol_conditioned_be
2026-09-01T21:51:11+00:00 RUN_END id=PP0339 window=IS decision=IS_REJECT elapsed=133.588s
2026-09-01T21:51:11+00:00 GATE_SKIP id=PP0339 window=OOS reason=IS_NOT_SURVIVOR decision=IS_REJECT
2026-09-01T21:51:11+00:00 RUN_START id=PP0341 window=IS terminal=BT1 family=F10_vol_conditioned_be
2026-09-01T21:51:27+00:00 RUN_END id=PP0340 window=IS decision=IS_REJECT elapsed=123.705s
2026-09-01T21:51:27+00:00 GATE_SKIP id=PP0340 window=OOS reason=IS_NOT_SURVIVOR decision=IS_REJECT
2026-09-01T21:51:27+00:00 RUN_START id=PP0342 window=IS terminal=PROD family=F10_vol_conditioned_be
2026-09-01T21:53:19+00:00 RUN_END id=PP0341 window=IS decision=IS_REJECT elapsed=128.629s
2026-09-01T21:53:19+00:00 GATE_SKIP id=PP0341 window=OOS reason=IS_NOT_SURVIVOR decision=IS_REJECT
2026-09-01T21:53:19+00:00 RUN_START id=PP0343 window=IS terminal=BT1 family=F10_vol_conditioned_be
2026-09-01T21:53:40+00:00 RUN_END id=PP0342 window=IS decision=IS_REJECT elapsed=133.707s
2026-09-01T21:53:40+00:00 GATE_SKIP id=PP0342 window=OOS reason=IS_NOT_SURVIVOR decision=IS_REJECT
2026-09-01T21:53:40+00:00 RUN_START id=PP0344 window=IS terminal=PROD family=F10_vol_conditioned_be
2026-09-01T21:55:33+00:00 RUN_END id=PP0343 window=IS decision=IS_REJECT elapsed=133.607s
2026-09-01T21:55:33+00:00 GATE_SKIP id=PP0343 window=OOS reason=IS_NOT_SURVIVOR decision=IS_REJECT
2026-09-01T21:55:33+00:00 RUN_START id=PP0345 window=IS terminal=BT1 family=F10_vol_conditioned_be
2026-09-01T21:55:55+00:00 RUN_END id=PP0344 window=IS decision=IS_REJECT elapsed=133.723s
2026-09-01T21:55:55+00:00 GATE_SKIP id=PP0344 window=OOS reason=IS_NOT_SURVIVOR decision=IS_REJECT
2026-09-01T21:55:55+00:00 RUN_START id=PP0346 window=IS terminal=PROD family=F10_vol_conditioned_be
2026-09-01T21:57:47+00:00 RUN_END id=PP0345 window=IS decision=IS_REJECT elapsed=133.608s
2026-09-01T21:57:47+00:00 GATE_SKIP id=PP0345 window=OOS reason=IS_NOT_SURVIVOR decision=IS_REJECT
2026-09-01T21:57:47+00:00 RUN_START id=PP0347 window=IS terminal=BT1 family=F10_vol_conditioned_be
2026-09-01T21:58:09+00:00 RUN_END id=PP0346 window=IS decision=IS_REJECT elapsed=133.741s
2026-09-01T21:58:09+00:00 GATE_SKIP id=PP0346 window=OOS reason=IS_NOT_SURVIVOR decision=IS_REJECT
2026-09-01T21:58:09+00:00 RUN_START id=PP0348 window=IS terminal=PROD family=F10_vol_conditioned_be
2026-09-01T22:00:06+00:00 RUN_END id=PP0347 window=IS decision=IS_REJECT elapsed=138.688s
2026-09-01T22:00:06+00:00 GATE_SKIP id=PP0347 window=OOS reason=IS_NOT_SURVIVOR decision=IS_REJECT
2026-09-01T22:00:06+00:00 RUN_START id=PP0349 window=IS terminal=BT1 family=F10_vol_conditioned_be
2026-09-01T22:00:33+00:00 RUN_END id=PP0348 window=IS decision=IS_REJECT elapsed=143.751s
2026-09-01T22:00:33+00:00 GATE_SKIP id=PP0348 window=OOS reason=IS_NOT_SURVIVOR decision=IS_REJECT
2026-09-01T22:00:33+00:00 RUN_START id=PP0350 window=IS terminal=PROD family=F10_vol_conditioned_be
2026-09-01T22:02:25+00:00 RUN_END id=PP0349 window=IS decision=IS_REJECT elapsed=138.593s
2026-09-01T22:02:25+00:00 GATE_SKIP id=PP0349 window=OOS reason=IS_NOT_SURVIVOR decision=IS_REJECT
2026-09-01T22:02:25+00:00 RUN_START id=PP0351 window=IS terminal=BT1 family=F10_vol_conditioned_be
2026-09-01T22:02:47+00:00 RUN_END id=PP0350 window=IS decision=IS_REJECT elapsed=133.733s
2026-09-01T22:02:47+00:00 GATE_SKIP id=PP0350 window=OOS reason=IS_NOT_SURVIVOR decision=IS_REJECT
2026-09-01T22:02:47+00:00 RUN_START id=PP0352 window=IS terminal=PROD family=F10_vol_conditioned_be
2026-09-01T22:04:39+00:00 RUN_END id=PP0351 window=IS decision=IS_REJECT elapsed=133.546s
2026-09-01T22:04:39+00:00 GATE_SKIP id=PP0351 window=OOS reason=IS_NOT_SURVIVOR decision=IS_REJECT
2026-09-01T22:04:39+00:00 RUN_START id=PP0353 window=IS terminal=BT1 family=F10_vol_conditioned_be
2026-09-01T22:05:06+00:00 RUN_END id=PP0352 window=IS decision=IS_REJECT elapsed=138.723s
2026-09-01T22:05:06+00:00 GATE_SKIP id=PP0352 window=OOS reason=IS_NOT_SURVIVOR decision=IS_REJECT
2026-09-01T22:05:06+00:00 RUN_START id=PP0354 window=IS terminal=PROD family=F10_vol_conditioned_be
2026-09-01T22:06:53+00:00 RUN_END id=PP0353 window=IS decision=IS_REJECT elapsed=133.619s
2026-09-01T22:06:53+00:00 GATE_SKIP id=PP0353 window=OOS reason=IS_NOT_SURVIVOR decision=IS_REJECT
2026-09-01T22:06:53+00:00 RUN_START id=PP0355 window=IS terminal=BT1 family=F10_vol_conditioned_be
2026-09-01T22:07:25+00:00 RUN_END id=PP0354 window=IS decision=IS_REJECT elapsed=138.887s
2026-09-01T22:07:25+00:00 GATE_SKIP id=PP0354 window=OOS reason=IS_NOT_SURVIVOR decision=IS_REJECT
2026-09-01T22:07:25+00:00 RUN_START id=PP0356 window=IS terminal=PROD family=F10_vol_conditioned_be
2026-09-01T22:09:17+00:00 RUN_END id=PP0355 window=IS decision=IS_REJECT elapsed=143.548s
2026-09-01T22:09:17+00:00 GATE_SKIP id=PP0355 window=OOS reason=IS_NOT_SURVIVOR decision=IS_REJECT
2026-09-01T22:09:17+00:00 RUN_START id=PP0357 window=IS terminal=BT1 family=F10_vol_conditioned_be
2026-09-01T22:09:49+00:00 RUN_END id=PP0356 window=IS decision=IS_REJECT elapsed=143.777s
2026-09-01T22:09:49+00:00 GATE_SKIP id=PP0356 window=OOS reason=IS_NOT_SURVIVOR decision=IS_REJECT
2026-09-01T22:09:49+00:00 RUN_START id=PP0358 window=IS terminal=PROD family=F10_vol_conditioned_be
2026-09-01T22:11:41+00:00 RUN_END id=PP0357 window=IS decision=IS_REJECT elapsed=143.596s
2026-09-01T22:11:41+00:00 GATE_SKIP id=PP0357 window=OOS reason=IS_NOT_SURVIVOR decision=IS_REJECT
2026-09-01T22:11:41+00:00 RUN_START id=PP0359 window=IS terminal=BT1 family=F10_vol_conditioned_be
2026-09-01T22:12:13+00:00 RUN_END id=PP0358 window=IS decision=IS_NOISE_BAND elapsed=143.742s
2026-09-01T22:12:13+00:00 GATE_SKIP id=PP0358 window=OOS reason=IS_NOT_SURVIVOR decision=IS_NOISE_BAND
2026-09-01T22:12:13+00:00 RUN_START id=PP0360 window=IS terminal=PROD family=F10_vol_conditioned_be
2026-09-01T22:13:59+00:00 RUN_END id=PP0359 window=IS decision=IS_REJECT elapsed=138.542s
2026-09-01T22:13:59+00:00 GATE_SKIP id=PP0359 window=OOS reason=IS_NOT_SURVIVOR decision=IS_REJECT
2026-09-01T22:13:59+00:00 RUN_START id=PP0361 window=IS terminal=BT1 family=F10_vol_conditioned_be
2026-09-01T22:14:32+00:00 RUN_END id=PP0360 window=IS decision=IS_REJECT elapsed=138.766s
2026-09-01T22:14:32+00:00 GATE_SKIP id=PP0360 window=OOS reason=IS_NOT_SURVIVOR decision=IS_REJECT
2026-09-01T22:14:32+00:00 RUN_START id=PP0362 window=IS terminal=PROD family=F10_vol_conditioned_be
2026-09-01T22:16:23+00:00 RUN_END id=PP0361 window=IS decision=IS_REJECT elapsed=143.601s
2026-09-01T22:16:23+00:00 GATE_SKIP id=PP0361 window=OOS reason=IS_NOT_SURVIVOR decision=IS_REJECT
2026-09-01T22:16:23+00:00 RUN_START id=PP0363 window=IS terminal=BT1 family=F10_vol_conditioned_be
2026-09-01T22:16:56+00:00 RUN_END id=PP0362 window=IS decision=IS_REJECT elapsed=143.829s
2026-09-01T22:16:56+00:00 GATE_SKIP id=PP0362 window=OOS reason=IS_NOT_SURVIVOR decision=IS_REJECT
2026-09-01T22:16:56+00:00 RUN_START id=PP0364 window=IS terminal=PROD family=F11_hour_conditioned_be
2026-09-01T22:18:52+00:00 RUN_END id=PP0363 window=IS decision=IS_REJECT elapsed=148.623s
2026-09-01T22:18:52+00:00 GATE_SKIP id=PP0363 window=OOS reason=IS_NOT_SURVIVOR decision=IS_REJECT
2026-09-01T22:18:52+00:00 RUN_START id=PP0365 window=IS terminal=BT1 family=F11_hour_conditioned_be
2026-09-01T22:19:00+00:00 RUN_END id=PP0364 window=IS decision=IS_REJECT elapsed=123.747s
2026-09-01T22:19:00+00:00 GATE_SKIP id=PP0364 window=OOS reason=IS_NOT_SURVIVOR decision=IS_REJECT
2026-09-01T22:19:00+00:00 RUN_START id=PP0366 window=IS terminal=PROD family=F11_hour_conditioned_be
2026-09-01T22:20:56+00:00 RUN_END id=PP0365 window=IS decision=IS_REJECT elapsed=123.625s
2026-09-01T22:20:56+00:00 GATE_SKIP id=PP0365 window=OOS reason=IS_NOT_SURVIVOR decision=IS_REJECT
2026-09-01T22:20:56+00:00 RUN_START id=PP0367 window=IS terminal=BT1 family=F11_hour_conditioned_be
2026-09-01T22:21:04+00:00 RUN_END id=PP0366 window=IS decision=IS_REJECT elapsed=123.706s
2026-09-01T22:21:04+00:00 GATE_SKIP id=PP0366 window=OOS reason=IS_NOT_SURVIVOR decision=IS_REJECT
2026-09-01T22:21:04+00:00 RUN_START id=PP0368 window=IS terminal=PROD family=F11_hour_conditioned_be
2026-09-01T22:23:00+00:00 RUN_END id=PP0367 window=IS decision=IS_REJECT elapsed=123.659s
2026-09-01T22:23:00+00:00 GATE_SKIP id=PP0367 window=OOS reason=IS_NOT_SURVIVOR decision=IS_REJECT
2026-09-01T22:23:00+00:00 RUN_START id=PP0369 window=IS terminal=BT1 family=F11_hour_conditioned_be
2026-09-01T22:23:03+00:00 RUN_END id=PP0368 window=IS decision=IS_REJECT elapsed=118.701s
2026-09-01T22:23:03+00:00 GATE_SKIP id=PP0368 window=OOS reason=IS_NOT_SURVIVOR decision=IS_REJECT
2026-09-01T22:23:03+00:00 RUN_START id=PP0370 window=IS terminal=PROD family=F11_hour_conditioned_be
2026-09-01T22:25:07+00:00 RUN_END id=PP0370 window=IS decision=IS_REJECT elapsed=123.735s
2026-09-01T22:25:07+00:00 GATE_SKIP id=PP0370 window=OOS reason=IS_NOT_SURVIVOR decision=IS_REJECT
2026-09-01T22:25:07+00:00 RUN_START id=PP0371 window=IS terminal=PROD family=F11_hour_conditioned_be
2026-09-01T22:25:09+00:00 RUN_END id=PP0369 window=IS decision=IS_REJECT elapsed=128.588s
2026-09-01T22:25:09+00:00 GATE_SKIP id=PP0369 window=OOS reason=IS_NOT_SURVIVOR decision=IS_REJECT
2026-09-01T22:25:09+00:00 RUN_START id=PP0372 window=IS terminal=BT1 family=F11_hour_conditioned_be
2026-09-01T22:27:16+00:00 RUN_END id=PP0371 window=IS decision=IS_REJECT elapsed=128.687s
2026-09-01T22:27:16+00:00 GATE_SKIP id=PP0371 window=OOS reason=IS_NOT_SURVIVOR decision=IS_REJECT
2026-09-01T22:27:16+00:00 RUN_START id=PP0373 window=IS terminal=PROD family=F11_hour_conditioned_be
2026-09-01T22:27:18+00:00 RUN_END id=PP0372 window=IS decision=IS_REJECT elapsed=128.59s
2026-09-01T22:27:18+00:00 GATE_SKIP id=PP0372 window=OOS reason=IS_NOT_SURVIVOR decision=IS_REJECT
2026-09-01T22:27:18+00:00 RUN_START id=PP0374 window=IS terminal=BT1 family=F11_hour_conditioned_be
2026-09-01T22:29:25+00:00 RUN_END id=PP0373 window=IS decision=IS_REJECT elapsed=128.767s
2026-09-01T22:29:25+00:00 GATE_SKIP id=PP0373 window=OOS reason=IS_NOT_SURVIVOR decision=IS_REJECT
2026-09-01T22:29:25+00:00 RUN_START id=PP0375 window=IS terminal=PROD family=F11_hour_conditioned_be
2026-09-01T22:29:32+00:00 RUN_END id=PP0374 window=IS decision=IS_REJECT elapsed=133.68s
2026-09-01T22:29:32+00:00 GATE_SKIP id=PP0374 window=OOS reason=IS_NOT_SURVIVOR decision=IS_REJECT
2026-09-01T22:29:32+00:00 RUN_START id=PP0376 window=IS terminal=BT1 family=F11_hour_conditioned_be
2026-09-01T22:31:44+00:00 RUN_END id=PP0375 window=IS decision=IS_REJECT elapsed=138.819s
2026-09-01T22:31:44+00:00 GATE_SKIP id=PP0375 window=OOS reason=IS_NOT_SURVIVOR decision=IS_REJECT
2026-09-01T22:31:44+00:00 RUN_START id=PP0377 window=IS terminal=PROD family=F11_hour_conditioned_be
2026-09-01T22:31:51+00:00 RUN_END id=PP0376 window=IS decision=IS_REJECT elapsed=138.614s
2026-09-01T22:31:51+00:00 GATE_SKIP id=PP0376 window=OOS reason=IS_NOT_SURVIVOR decision=IS_REJECT
2026-09-01T22:31:51+00:00 RUN_START id=PP0378 window=IS terminal=BT1 family=F11_hour_conditioned_be
2026-09-01T22:34:14+00:00 RUN_END id=PP0377 window=IS decision=IS_REJECT elapsed=149.139s
2026-09-01T22:34:14+00:00 GATE_SKIP id=PP0377 window=OOS reason=IS_NOT_SURVIVOR decision=IS_REJECT
2026-09-01T22:34:14+00:00 RUN_START id=PP0379 window=IS terminal=PROD family=F11_hour_conditioned_be
2026-09-01T22:34:20+00:00 RUN_END id=PP0378 window=IS decision=IS_REJECT elapsed=148.817s
2026-09-01T22:34:20+00:00 GATE_SKIP id=PP0378 window=OOS reason=IS_NOT_SURVIVOR decision=IS_REJECT
2026-09-01T22:34:20+00:00 RUN_START id=PP0380 window=IS terminal=BT1 family=F11_hour_conditioned_be
2026-09-01T22:36:43+00:00 RUN_END id=PP0379 window=IS decision=IS_REJECT elapsed=148.851s
2026-09-01T22:36:43+00:00 GATE_SKIP id=PP0379 window=OOS reason=IS_NOT_SURVIVOR decision=IS_REJECT
2026-09-01T22:36:43+00:00 RUN_START id=PP0381 window=IS terminal=PROD family=F11_hour_conditioned_be
2026-09-01T22:36:49+00:00 RUN_END id=PP0380 window=IS decision=IS_REJECT elapsed=148.707s
2026-09-01T22:36:49+00:00 GATE_SKIP id=PP0380 window=OOS reason=IS_NOT_SURVIVOR decision=IS_REJECT
2026-09-01T22:36:49+00:00 RUN_START id=PP0382 window=IS terminal=BT1 family=F11_hour_conditioned_be
2026-09-01T22:39:07+00:00 RUN_END id=PP0381 window=IS decision=IS_REJECT elapsed=143.984s
2026-09-01T22:39:07+00:00 GATE_SKIP id=PP0381 window=OOS reason=IS_NOT_SURVIVOR decision=IS_REJECT
2026-09-01T22:39:07+00:00 RUN_START id=PP0383 window=IS terminal=PROD family=F11_hour_conditioned_be
2026-09-01T22:39:13+00:00 RUN_END id=PP0382 window=IS decision=IS_REJECT elapsed=143.726s
2026-09-01T22:39:13+00:00 GATE_SKIP id=PP0382 window=OOS reason=IS_NOT_SURVIVOR decision=IS_REJECT
2026-09-01T22:39:13+00:00 RUN_START id=PP0384 window=IS terminal=BT1 family=F11_hour_conditioned_be
2026-09-01T22:41:36+00:00 RUN_END id=PP0383 window=IS decision=IS_REJECT elapsed=148.878s
2026-09-01T22:41:36+00:00 GATE_SKIP id=PP0383 window=OOS reason=IS_NOT_SURVIVOR decision=IS_REJECT
2026-09-01T22:41:36+00:00 RUN_START id=PP0385 window=IS terminal=PROD family=F11_hour_conditioned_be
2026-09-01T22:41:42+00:00 RUN_END id=PP0384 window=IS decision=IS_REJECT elapsed=148.686s
2026-09-01T22:41:42+00:00 GATE_SKIP id=PP0384 window=OOS reason=IS_NOT_SURVIVOR decision=IS_REJECT
2026-09-01T22:41:42+00:00 RUN_START id=PP0386 window=IS terminal=BT1 family=F11_hour_conditioned_be
2026-09-01T22:44:11+00:00 RUN_END id=PP0385 window=IS decision=IS_REJECT elapsed=153.901s
2026-09-01T22:44:11+00:00 GATE_SKIP id=PP0385 window=OOS reason=IS_NOT_SURVIVOR decision=IS_REJECT
2026-09-01T22:44:11+00:00 RUN_START id=PP0387 window=IS terminal=PROD family=F11_hour_conditioned_be
2026-09-01T22:44:11+00:00 RUN_END id=PP0386 window=IS decision=IS_REJECT elapsed=148.746s
2026-09-01T22:44:11+00:00 GATE_SKIP id=PP0386 window=OOS reason=IS_NOT_SURVIVOR decision=IS_REJECT
2026-09-01T22:44:11+00:00 RUN_START id=PP0388 window=IS terminal=BT1 family=F11_hour_conditioned_be
2026-09-01T22:46:45+00:00 RUN_END id=PP0388 window=IS decision=IS_REJECT elapsed=153.868s
2026-09-01T22:46:45+00:00 GATE_SKIP id=PP0388 window=OOS reason=IS_NOT_SURVIVOR decision=IS_REJECT
2026-09-01T22:46:45+00:00 RUN_START id=PP0389 window=IS terminal=BT1 family=F11_hour_conditioned_be
2026-09-01T22:46:45+00:00 RUN_END id=PP0387 window=IS decision=IS_REJECT elapsed=154.163s
2026-09-01T22:46:45+00:00 GATE_SKIP id=PP0387 window=OOS reason=IS_NOT_SURVIVOR decision=IS_REJECT
2026-09-01T22:46:45+00:00 RUN_START id=PP0390 window=IS terminal=PROD family=F11_hour_conditioned_be
2026-09-01T22:49:20+00:00 RUN_END id=PP0390 window=IS decision=IS_REJECT elapsed=154.123s
2026-09-01T22:49:20+00:00 GATE_SKIP id=PP0390 window=OOS reason=IS_NOT_SURVIVOR decision=IS_REJECT
2026-09-01T22:49:20+00:00 RUN_START id=PP0391 window=IS terminal=PROD family=F11_hour_conditioned_be
2026-09-01T22:49:24+00:00 RUN_END id=PP0389 window=IS decision=IS_REJECT elapsed=159.004s
2026-09-01T22:49:24+00:00 GATE_SKIP id=PP0389 window=OOS reason=IS_NOT_SURVIVOR decision=IS_REJECT
2026-09-01T22:49:24+00:00 RUN_START id=PP0392 window=IS terminal=BT1 family=F11_hour_conditioned_be
2026-09-01T22:51:54+00:00 RUN_END id=PP0391 window=IS decision=IS_REJECT elapsed=154.078s
2026-09-01T22:51:54+00:00 GATE_SKIP id=PP0391 window=OOS reason=IS_NOT_SURVIVOR decision=IS_REJECT
2026-09-01T22:51:54+00:00 RUN_START id=PP0393 window=IS terminal=PROD family=F11_hour_conditioned_be
2026-09-01T22:51:59+00:00 RUN_END id=PP0392 window=IS decision=IS_REJECT elapsed=153.742s
2026-09-01T22:51:59+00:00 GATE_SKIP id=PP0392 window=OOS reason=IS_NOT_SURVIVOR decision=IS_REJECT
2026-09-01T22:51:59+00:00 RUN_START id=PP0394 window=IS terminal=BT1 family=F12_early_only_be
2026-09-01T22:54:18+00:00 RUN_END id=PP0394 window=IS decision=IS_REJECT elapsed=138.734s
2026-09-01T22:54:18+00:00 GATE_SKIP id=PP0394 window=OOS reason=IS_NOT_SURVIVOR decision=IS_REJECT
2026-09-01T22:54:18+00:00 RUN_START id=PP0395 window=IS terminal=BT1 family=F12_early_only_be
2026-09-01T22:54:24+00:00 RUN_END id=PP0393 window=IS decision=IS_REJECT elapsed=149.086s
2026-09-01T22:54:24+00:00 GATE_SKIP id=PP0393 window=OOS reason=IS_NOT_SURVIVOR decision=IS_REJECT
2026-09-01T22:54:24+00:00 RUN_START id=PP0396 window=IS terminal=PROD family=F12_early_only_be
2026-09-01T22:56:27+00:00 RUN_END id=PP0395 window=IS decision=IS_REJECT elapsed=128.691s
2026-09-01T22:56:27+00:00 GATE_SKIP id=PP0395 window=OOS reason=IS_NOT_SURVIVOR decision=IS_REJECT
2026-09-01T22:56:27+00:00 RUN_START id=PP0397 window=IS terminal=BT1 family=F12_early_only_be
2026-09-01T22:56:33+00:00 RUN_END id=PP0396 window=IS decision=IS_REJECT elapsed=128.686s
2026-09-01T22:56:33+00:00 GATE_SKIP id=PP0396 window=OOS reason=IS_NOT_SURVIVOR decision=IS_REJECT
2026-09-01T22:56:33+00:00 RUN_START id=PP0398 window=IS terminal=PROD family=F12_early_only_be
2026-09-01T22:58:36+00:00 RUN_END id=PP0397 window=IS decision=IS_REJECT elapsed=128.726s
2026-09-01T22:58:36+00:00 GATE_SKIP id=PP0397 window=OOS reason=IS_NOT_SURVIVOR decision=IS_REJECT
2026-09-01T22:58:36+00:00 RUN_START id=PP0399 window=IS terminal=BT1 family=F12_early_only_be
2026-09-01T22:58:37+00:00 RUN_END id=PP0398 window=IS decision=IS_REJECT elapsed=123.713s
2026-09-01T22:58:37+00:00 GATE_SKIP id=PP0398 window=OOS reason=IS_NOT_SURVIVOR decision=IS_REJECT
2026-09-01T22:58:37+00:00 RUN_START id=PP0400 window=IS terminal=PROD family=F12_early_only_be
2026-09-01T23:00:40+00:00 RUN_END id=PP0399 window=IS decision=IS_REJECT elapsed=123.655s
2026-09-01T23:00:40+00:00 GATE_SKIP id=PP0399 window=OOS reason=IS_NOT_SURVIVOR decision=IS_REJECT
2026-09-01T23:00:40+00:00 RUN_START id=PP0401 window=IS terminal=BT1 family=F12_early_only_be
2026-09-01T23:00:46+00:00 RUN_END id=PP0400 window=IS decision=IS_REJECT elapsed=128.7s
2026-09-01T23:00:46+00:00 GATE_SKIP id=PP0400 window=OOS reason=IS_NOT_SURVIVOR decision=IS_REJECT
2026-09-01T23:00:46+00:00 RUN_START id=PP0402 window=IS terminal=PROD family=F12_early_only_be
2026-09-01T23:02:58+00:00 RUN_END id=PP0401 window=IS decision=IS_REJECT elapsed=138.622s
2026-09-01T23:02:58+00:00 GATE_SKIP id=PP0401 window=OOS reason=IS_NOT_SURVIVOR decision=IS_REJECT
2026-09-01T23:02:58+00:00 RUN_START id=PP0403 window=IS terminal=BT1 family=F12_early_only_be
2026-09-01T23:03:05+00:00 RUN_END id=PP0402 window=IS decision=IS_REJECT elapsed=138.756s
2026-09-01T23:03:05+00:00 GATE_SKIP id=PP0402 window=OOS reason=IS_NOT_SURVIVOR decision=IS_REJECT
2026-09-01T23:03:05+00:00 RUN_START id=PP0404 window=IS terminal=PROD family=F12_early_only_be
2026-09-01T23:05:17+00:00 RUN_END id=PP0403 window=IS decision=IS_REJECT elapsed=138.543s
2026-09-01T23:05:17+00:00 GATE_SKIP id=PP0403 window=OOS reason=IS_NOT_SURVIVOR decision=IS_REJECT
2026-09-01T23:05:17+00:00 RUN_START id=PP0405 window=IS terminal=BT1 family=F12_early_only_be
2026-09-01T23:05:24+00:00 RUN_END id=PP0404 window=IS decision=IS_REJECT elapsed=138.712s
2026-09-01T23:05:24+00:00 GATE_SKIP id=PP0404 window=OOS reason=IS_NOT_SURVIVOR decision=IS_REJECT
2026-09-01T23:05:24+00:00 RUN_START id=PP0406 window=IS terminal=PROD family=F13_partial
2026-09-01T23:07:36+00:00 RUN_END id=PP0405 window=IS decision=IS_REJECT elapsed=138.728s
2026-09-01T23:07:36+00:00 GATE_SKIP id=PP0405 window=OOS reason=IS_NOT_SURVIVOR decision=IS_REJECT
2026-09-01T23:07:36+00:00 RUN_START id=PP0407 window=IS terminal=BT1 family=F13_partial
2026-09-01T23:07:48+00:00 RUN_END id=PP0406 window=IS decision=IS_REJECT elapsed=143.694s
2026-09-01T23:07:48+00:00 GATE_SKIP id=PP0406 window=OOS reason=IS_NOT_SURVIVOR decision=IS_REJECT
2026-09-01T23:07:48+00:00 RUN_START id=PP0408 window=IS terminal=PROD family=F13_partial
2026-09-01T23:09:50+00:00 RUN_END id=PP0407 window=IS decision=IS_REJECT elapsed=133.594s
2026-09-01T23:09:50+00:00 GATE_SKIP id=PP0407 window=OOS reason=IS_NOT_SURVIVOR decision=IS_REJECT
2026-09-01T23:09:50+00:00 RUN_START id=PP0409 window=IS terminal=BT1 family=F13_partial
2026-09-01T23:10:02+00:00 RUN_END id=PP0408 window=IS decision=IS_REJECT elapsed=133.711s
2026-09-01T23:10:02+00:00 GATE_SKIP id=PP0408 window=OOS reason=IS_NOT_SURVIVOR decision=IS_REJECT
2026-09-01T23:10:02+00:00 RUN_START id=PP0410 window=IS terminal=PROD family=F13_partial
2026-09-01T23:12:04+00:00 RUN_END id=PP0409 window=IS decision=IS_REJECT elapsed=133.63s
2026-09-01T23:12:04+00:00 GATE_SKIP id=PP0409 window=OOS reason=IS_NOT_SURVIVOR decision=IS_REJECT
2026-09-01T23:12:04+00:00 RUN_START id=PP0411 window=IS terminal=BT1 family=F13_partial
2026-09-01T23:12:21+00:00 RUN_END id=PP0410 window=IS decision=IS_REJECT elapsed=138.702s
2026-09-01T23:12:21+00:00 GATE_SKIP id=PP0410 window=OOS reason=IS_NOT_SURVIVOR decision=IS_REJECT
2026-09-01T23:12:21+00:00 RUN_START id=PP0412 window=IS terminal=PROD family=F13_partial
2026-09-01T23:14:18+00:00 RUN_END id=PP0411 window=IS decision=IS_REJECT elapsed=133.563s
2026-09-01T23:14:18+00:00 GATE_SKIP id=PP0411 window=OOS reason=IS_NOT_SURVIVOR decision=IS_REJECT
2026-09-01T23:14:18+00:00 RUN_START id=PP0413 window=IS terminal=BT1 family=F13_partial
2026-09-01T23:14:35+00:00 RUN_END id=PP0412 window=IS decision=IS_REJECT elapsed=133.689s
2026-09-01T23:14:35+00:00 GATE_SKIP id=PP0412 window=OOS reason=IS_NOT_SURVIVOR decision=IS_REJECT
2026-09-01T23:14:35+00:00 RUN_START id=PP0414 window=IS terminal=PROD family=F13_partial
2026-09-01T23:16:32+00:00 RUN_END id=PP0413 window=IS decision=IS_REJECT elapsed=133.605s
2026-09-01T23:16:32+00:00 GATE_SKIP id=PP0413 window=OOS reason=IS_NOT_SURVIVOR decision=IS_REJECT
2026-09-01T23:16:32+00:00 RUN_START id=PP0415 window=IS terminal=BT1 family=F13_partial
2026-09-01T23:16:59+00:00 RUN_END id=PP0414 window=IS decision=IS_REJECT elapsed=143.846s
2026-09-01T23:16:59+00:00 GATE_SKIP id=PP0414 window=OOS reason=IS_NOT_SURVIVOR decision=IS_REJECT
2026-09-01T23:16:59+00:00 RUN_START id=PP0416 window=IS terminal=PROD family=F13_partial
2026-09-01T23:19:06+00:00 RUN_END id=PP0415 window=IS decision=IS_REJECT elapsed=153.67s
2026-09-01T23:19:06+00:00 GATE_SKIP id=PP0415 window=OOS reason=IS_NOT_SURVIVOR decision=IS_REJECT
2026-09-01T23:19:06+00:00 RUN_START id=PP0417 window=IS terminal=BT1 family=F13_partial
2026-09-01T23:19:28+00:00 RUN_END id=PP0416 window=IS decision=IS_REJECT elapsed=148.795s
2026-09-01T23:19:28+00:00 GATE_SKIP id=PP0416 window=OOS reason=IS_NOT_SURVIVOR decision=IS_REJECT
2026-09-01T23:19:28+00:00 RUN_START id=PP0418 window=IS terminal=PROD family=F14_tp_extend
2026-09-01T23:21:30+00:00 RUN_END id=PP0417 window=IS decision=IS_REJECT elapsed=143.535s
2026-09-01T23:21:30+00:00 GATE_SKIP id=PP0417 window=OOS reason=IS_NOT_SURVIVOR decision=IS_REJECT
2026-09-01T23:21:30+00:00 RUN_START id=PP0419 window=IS terminal=BT1 family=F14_tp_extend
2026-09-01T23:21:47+00:00 RUN_END id=PP0418 window=IS decision=IS_REJECT elapsed=138.727s
2026-09-01T23:21:47+00:00 GATE_SKIP id=PP0418 window=OOS reason=IS_NOT_SURVIVOR decision=IS_REJECT
2026-09-01T23:21:47+00:00 RUN_START id=PP0420 window=IS terminal=PROD family=F14_tp_extend
2026-09-01T23:23:49+00:00 RUN_END id=PP0419 window=IS decision=IS_REJECT elapsed=138.588s
2026-09-01T23:23:49+00:00 GATE_SKIP id=PP0419 window=OOS reason=IS_NOT_SURVIVOR decision=IS_REJECT
2026-09-01T23:23:49+00:00 RUN_START id=PP0421 window=IS terminal=BT1 family=F14_tp_extend
2026-09-01T23:24:06+00:00 RUN_END id=PP0420 window=IS decision=IS_REJECT elapsed=138.73s
2026-09-01T23:24:06+00:00 GATE_SKIP id=PP0420 window=OOS reason=IS_NOT_SURVIVOR decision=IS_REJECT
2026-09-01T23:24:06+00:00 RUN_START id=PP0422 window=IS terminal=PROD family=F14_tp_extend
2026-09-01T23:26:03+00:00 RUN_END id=PP0421 window=IS decision=IS_REJECT elapsed=133.711s
2026-09-01T23:26:03+00:00 GATE_SKIP id=PP0421 window=OOS reason=IS_NOT_SURVIVOR decision=IS_REJECT
2026-09-01T23:26:03+00:00 RUN_START id=PP0423 window=IS terminal=BT1 family=F14_tp_extend
2026-09-01T23:26:20+00:00 RUN_END id=PP0422 window=IS decision=IS_REJECT elapsed=133.723s
2026-09-01T23:26:20+00:00 GATE_SKIP id=PP0422 window=OOS reason=IS_NOT_SURVIVOR decision=IS_REJECT
2026-09-01T23:26:20+00:00 RUN_START id=PP0424 window=IS terminal=PROD family=F14_tp_extend
2026-09-01T23:28:16+00:00 RUN_END id=PP0423 window=IS decision=IS_REJECT elapsed=133.565s
2026-09-01T23:28:16+00:00 GATE_SKIP id=PP0423 window=OOS reason=IS_NOT_SURVIVOR decision=IS_REJECT
2026-09-01T23:28:16+00:00 RUN_START id=PP0425 window=IS terminal=BT1 family=F14_tp_extend
2026-09-01T23:28:39+00:00 RUN_END id=PP0424 window=IS decision=IS_REJECT elapsed=138.744s
2026-09-01T23:28:39+00:00 GATE_SKIP id=PP0424 window=OOS reason=IS_NOT_SURVIVOR decision=IS_REJECT
2026-09-01T23:28:39+00:00 RUN_START id=PP0426 window=IS terminal=PROD family=F14_tp_extend
2026-09-01T23:30:30+00:00 RUN_END id=PP0425 window=IS decision=IS_REJECT elapsed=133.55s
2026-09-01T23:30:30+00:00 GATE_SKIP id=PP0425 window=OOS reason=IS_NOT_SURVIVOR decision=IS_REJECT
2026-09-01T23:30:30+00:00 RUN_START id=PP0427 window=IS terminal=BT1 family=F14_tp_extend
2026-09-01T23:30:53+00:00 RUN_END id=PP0426 window=IS decision=IS_SURVIVOR_PROFIT elapsed=133.731s
2026-09-01T23:30:53+00:00 RUN_START id=PP0426 window=OOS terminal=PROD family=F14_tp_extend
2026-09-01T23:32:49+00:00 RUN_END id=PP0427 window=IS decision=IS_REJECT elapsed=138.643s
2026-09-01T23:32:49+00:00 GATE_SKIP id=PP0427 window=OOS reason=IS_NOT_SURVIVOR decision=IS_REJECT
2026-09-01T23:32:49+00:00 RUN_START id=PP0428 window=IS terminal=BT1 family=F14_tp_extend
2026-09-01T23:35:19+00:00 RUN_END id=PP0428 window=IS decision=IS_SURVIVOR_PROFIT elapsed=148.964s
2026-09-01T23:35:19+00:00 RUN_START id=PP0428 window=OOS terminal=BT1 family=F14_tp_extend
2026-09-01T23:41:14+00:00 RUN_END id=PP0426 window=OOS decision=ADOPT_CANDIDATE elapsed=620.244s
2026-09-01T23:41:14+00:00 RUN_START id=PP0429 window=IS terminal=PROD family=F14_tp_extend
2026-09-01T23:43:33+00:00 RUN_END id=PP0429 window=IS decision=IS_REJECT elapsed=139.207s
2026-09-01T23:43:33+00:00 GATE_SKIP id=PP0429 window=OOS reason=IS_NOT_SURVIVOR decision=IS_REJECT
2026-09-01T23:43:33+00:00 RUN_START id=PP0430 window=IS terminal=PROD family=F14_tp_extend
2026-09-01T23:45:58+00:00 RUN_END id=PP0430 window=IS decision=IS_SURVIVOR_PROFIT elapsed=144.152s
2026-09-01T23:45:58+00:00 RUN_START id=PP0430 window=OOS terminal=PROD family=F14_tp_extend
2026-09-01T23:46:09+00:00 RUN_END id=PP0428 window=OOS decision=ADOPT_CANDIDATE elapsed=649.852s
2026-09-01T23:46:09+00:00 RUN_START id=PP0431 window=IS terminal=BT1 family=F14_tp_extend
2026-09-01T23:48:38+00:00 RUN_END id=PP0431 window=IS decision=IS_REJECT elapsed=148.68s
2026-09-01T23:48:38+00:00 GATE_SKIP id=PP0431 window=OOS reason=IS_NOT_SURVIVOR decision=IS_REJECT
2026-09-01T23:48:38+00:00 RUN_START id=PP0432 window=IS terminal=BT1 family=F14_tp_extend
2026-09-01T23:51:07+00:00 RUN_END id=PP0432 window=IS decision=IS_SURVIVOR_PROFIT elapsed=148.986s
2026-09-01T23:51:07+00:00 RUN_START id=PP0432 window=OOS terminal=BT1 family=F14_tp_extend
2026-09-01T23:56:29+00:00 RUN_END id=PP0430 window=OOS decision=ADOPT_CANDIDATE elapsed=630.742s
2026-09-01T23:56:29+00:00 RUN_START id=PP0433 window=IS terminal=PROD family=F14_tp_extend
2026-09-01T23:58:58+00:00 RUN_END id=PP0433 window=IS decision=IS_REJECT elapsed=149.103s
2026-09-01T23:58:58+00:00 GATE_SKIP id=PP0433 window=OOS reason=IS_NOT_SURVIVOR decision=IS_REJECT
2026-09-01T23:58:58+00:00 RUN_START id=PP0434 window=IS terminal=PROD family=F14_tp_extend
2026-09-02T00:01:27+00:00 RUN_END id=PP0432 window=OOS decision=ADOPT_CANDIDATE elapsed=619.935s
2026-09-02T00:01:27+00:00 RUN_START id=PP0435 window=IS terminal=BT1 family=F14_tp_extend
2026-09-02T00:01:33+00:00 RUN_END id=PP0434 window=IS decision=IS_REJECT elapsed=154.199s
2026-09-02T00:01:33+00:00 GATE_SKIP id=PP0434 window=OOS reason=IS_NOT_SURVIVOR decision=IS_REJECT
2026-09-02T00:01:33+00:00 RUN_START id=PP0436 window=IS terminal=PROD family=F14_tp_extend
2026-09-02T00:04:01+00:00 RUN_END id=PP0435 window=IS decision=IS_REJECT elapsed=153.911s
2026-09-02T00:04:01+00:00 GATE_SKIP id=PP0435 window=OOS reason=IS_NOT_SURVIVOR decision=IS_REJECT
2026-09-02T00:04:01+00:00 RUN_START id=PP0437 window=IS terminal=BT1 family=F14_tp_extend
2026-09-02T00:04:07+00:00 RUN_END id=PP0436 window=IS decision=IS_SURVIVOR_PROFIT elapsed=154.102s
2026-09-02T00:04:07+00:00 RUN_START id=PP0436 window=OOS terminal=PROD family=F14_tp_extend
2026-09-02T00:06:46+00:00 RUN_END id=PP0437 window=IS decision=IS_REJECT elapsed=163.776s
2026-09-02T00:06:46+00:00 GATE_SKIP id=PP0437 window=OOS reason=IS_NOT_SURVIVOR decision=IS_REJECT
2026-09-02T00:06:46+00:00 RUN_START id=PP0438 window=IS terminal=BT1 family=F14_tp_extend
2026-09-02T00:09:25+00:00 RUN_END id=PP0438 window=IS decision=IS_REJECT elapsed=159.054s
2026-09-02T00:09:25+00:00 GATE_SKIP id=PP0438 window=OOS reason=IS_NOT_SURVIVOR decision=IS_REJECT
2026-09-02T00:09:25+00:00 RUN_START id=PP0439 window=IS terminal=BT1 family=F14_tp_extend
2026-09-02T00:12:14+00:00 RUN_END id=PP0439 window=IS decision=IS_REJECT elapsed=168.87s
2026-09-02T00:12:14+00:00 GATE_SKIP id=PP0439 window=OOS reason=IS_NOT_SURVIVOR decision=IS_REJECT
2026-09-02T00:12:14+00:00 RUN_START id=PP0440 window=IS terminal=BT1 family=F14_tp_extend
2026-09-02T00:14:58+00:00 RUN_END id=PP0436 window=OOS decision=ADOPT_CANDIDATE elapsed=650.355s
2026-09-02T00:14:58+00:00 RUN_START id=PP0441 window=IS terminal=PROD family=F14_tp_extend
2026-09-02T00:15:18+00:00 RUN_END id=PP0440 window=IS decision=IS_REJECT elapsed=183.999s
2026-09-02T00:15:18+00:00 GATE_SKIP id=PP0440 window=OOS reason=IS_NOT_SURVIVOR decision=IS_REJECT
2026-09-02T00:15:18+00:00 RUN_START id=PP0442 window=IS terminal=BT1 family=F15_friday_lock
2026-09-02T00:17:27+00:00 RUN_END id=PP0442 window=IS decision=IS_REJECT elapsed=128.594s
2026-09-02T00:17:27+00:00 GATE_SKIP id=PP0442 window=OOS reason=IS_NOT_SURVIVOR decision=IS_REJECT
2026-09-02T00:17:27+00:00 RUN_START id=PP0443 window=IS terminal=BT1 family=F15_friday_lock
2026-09-02T00:17:32+00:00 RUN_END id=PP0441 window=IS decision=IS_REJECT elapsed=154.095s
2026-09-02T00:17:32+00:00 GATE_SKIP id=PP0441 window=OOS reason=IS_NOT_SURVIVOR decision=IS_REJECT
2026-09-02T00:17:32+00:00 RUN_START id=PP0444 window=IS terminal=PROD family=F15_friday_lock
2026-09-02T00:19:41+00:00 RUN_END id=PP0443 window=IS decision=IS_REJECT elapsed=133.744s
2026-09-02T00:19:41+00:00 GATE_SKIP id=PP0443 window=OOS reason=IS_NOT_SURVIVOR decision=IS_REJECT
2026-09-02T00:19:41+00:00 RUN_START id=PP0445 window=IS terminal=BT1 family=F15_friday_lock
2026-09-02T00:19:46+00:00 RUN_END id=PP0444 window=IS decision=IS_REJECT elapsed=133.769s
2026-09-02T00:19:46+00:00 GATE_SKIP id=PP0444 window=OOS reason=IS_NOT_SURVIVOR decision=IS_REJECT
2026-09-02T00:19:46+00:00 RUN_START id=PP0446 window=IS terminal=PROD family=F15_friday_lock
2026-09-02T00:21:50+00:00 RUN_END id=PP0445 window=IS decision=IS_REJECT elapsed=128.582s
2026-09-02T00:21:50+00:00 GATE_SKIP id=PP0445 window=OOS reason=IS_NOT_SURVIVOR decision=IS_REJECT
2026-09-02T00:21:50+00:00 RUN_START id=PP0447 window=IS terminal=BT1 family=F15_friday_lock
2026-09-02T00:21:55+00:00 RUN_END id=PP0446 window=IS decision=IS_REJECT elapsed=128.721s
2026-09-02T00:21:55+00:00 GATE_SKIP id=PP0446 window=OOS reason=IS_NOT_SURVIVOR decision=IS_REJECT
2026-09-02T00:21:55+00:00 RUN_START id=PP0448 window=IS terminal=PROD family=F15_friday_lock
2026-09-02T00:24:04+00:00 RUN_END id=PP0447 window=IS decision=IS_REJECT elapsed=133.676s
2026-09-02T00:24:04+00:00 GATE_SKIP id=PP0447 window=OOS reason=IS_NOT_SURVIVOR decision=IS_REJECT
2026-09-02T00:24:04+00:00 RUN_START id=PP0449 window=IS terminal=BT1 family=F15_friday_lock
2026-09-02T00:24:09+00:00 RUN_END id=PP0448 window=IS decision=IS_REJECT elapsed=133.759s
2026-09-02T00:24:09+00:00 GATE_SKIP id=PP0448 window=OOS reason=IS_NOT_SURVIVOR decision=IS_REJECT
2026-09-02T00:24:09+00:00 RUN_START id=PP0450 window=IS terminal=PROD family=F15_friday_lock
2026-09-02T00:26:18+00:00 RUN_END id=PP0449 window=IS decision=IS_REJECT elapsed=133.71s
2026-09-02T00:26:18+00:00 GATE_SKIP id=PP0449 window=OOS reason=IS_NOT_SURVIVOR decision=IS_REJECT
2026-09-02T00:26:18+00:00 RUN_START id=PP0451 window=IS terminal=BT1 family=F15_friday_lock
2026-09-02T00:26:28+00:00 RUN_END id=PP0450 window=IS decision=IS_REJECT elapsed=138.769s
2026-09-02T00:26:28+00:00 GATE_SKIP id=PP0450 window=OOS reason=IS_NOT_SURVIVOR decision=IS_REJECT
2026-09-02T00:26:28+00:00 RUN_START id=PP0452 window=IS terminal=PROD family=F15_friday_lock
2026-09-02T00:28:32+00:00 RUN_END id=PP0451 window=IS decision=IS_REJECT elapsed=133.576s
2026-09-02T00:28:32+00:00 GATE_SKIP id=PP0451 window=OOS reason=IS_NOT_SURVIVOR decision=IS_REJECT
2026-09-02T00:28:32+00:00 RUN_START id=PP0453 window=IS terminal=BT1 family=F15_friday_lock
2026-09-02T00:28:42+00:00 RUN_END id=PP0452 window=IS decision=IS_REJECT elapsed=133.694s
2026-09-02T00:28:42+00:00 GATE_SKIP id=PP0452 window=OOS reason=IS_NOT_SURVIVOR decision=IS_REJECT
2026-09-02T00:28:42+00:00 RUN_START id=PP0454 window=IS terminal=PROD family=F15_friday_lock
2026-09-02T00:30:46+00:00 RUN_END id=PP0453 window=IS decision=IS_REJECT elapsed=133.6s
2026-09-02T00:30:46+00:00 GATE_SKIP id=PP0453 window=OOS reason=IS_NOT_SURVIVOR decision=IS_REJECT
2026-09-02T00:30:46+00:00 RUN_START id=PP0455 window=IS terminal=BT1 family=F15_friday_lock
2026-09-02T00:30:56+00:00 RUN_END id=PP0454 window=IS decision=IS_REJECT elapsed=133.699s
2026-09-02T00:30:56+00:00 GATE_SKIP id=PP0454 window=OOS reason=IS_NOT_SURVIVOR decision=IS_REJECT
2026-09-02T00:30:56+00:00 RUN_START id=PP0456 window=IS terminal=PROD family=F15_friday_lock
2026-09-02T00:33:05+00:00 RUN_END id=PP0455 window=IS decision=IS_REJECT elapsed=138.76s
2026-09-02T00:33:05+00:00 GATE_SKIP id=PP0455 window=OOS reason=IS_NOT_SURVIVOR decision=IS_REJECT
2026-09-02T00:33:05+00:00 RUN_START id=PP0457 window=IS terminal=BT1 family=F15_friday_lock
2026-09-02T00:33:15+00:00 RUN_END id=PP0456 window=IS decision=IS_REJECT elapsed=138.814s
2026-09-02T00:33:15+00:00 GATE_SKIP id=PP0456 window=OOS reason=IS_NOT_SURVIVOR decision=IS_REJECT
2026-09-02T00:33:15+00:00 RUN_START id=PP0458 window=IS terminal=PROD family=F15_friday_lock
2026-09-02T00:35:19+00:00 RUN_END id=PP0457 window=IS decision=IS_REJECT elapsed=133.689s
2026-09-02T00:35:19+00:00 GATE_SKIP id=PP0457 window=OOS reason=IS_NOT_SURVIVOR decision=IS_REJECT
2026-09-02T00:35:19+00:00 RUN_START id=PP0459 window=IS terminal=BT1 family=F15_friday_lock
2026-09-02T00:35:34+00:00 RUN_END id=PP0458 window=IS decision=IS_REJECT elapsed=138.694s
2026-09-02T00:35:34+00:00 GATE_SKIP id=PP0458 window=OOS reason=IS_NOT_SURVIVOR decision=IS_REJECT
2026-09-02T00:35:34+00:00 RUN_START id=PP0460 window=IS terminal=PROD family=F15_friday_lock
2026-09-02T00:37:28+00:00 RUN_END id=PP0459 window=IS decision=IS_REJECT elapsed=128.592s
2026-09-02T00:37:28+00:00 GATE_SKIP id=PP0459 window=OOS reason=IS_NOT_SURVIVOR decision=IS_REJECT
2026-09-02T00:37:28+00:00 RUN_START id=PP0461 window=IS terminal=BT1 family=F15_friday_lock
2026-09-02T00:37:48+00:00 RUN_END id=PP0460 window=IS decision=IS_REJECT elapsed=133.737s
2026-09-02T00:37:48+00:00 GATE_SKIP id=PP0460 window=OOS reason=IS_NOT_SURVIVOR decision=IS_REJECT
2026-09-02T00:37:48+00:00 RUN_START id=PP0462 window=IS terminal=PROD family=F15_friday_lock
2026-09-02T00:39:47+00:00 RUN_END id=PP0461 window=IS decision=IS_REJECT elapsed=138.579s
2026-09-02T00:39:47+00:00 GATE_SKIP id=PP0461 window=OOS reason=IS_NOT_SURVIVOR decision=IS_REJECT
2026-09-02T00:39:47+00:00 RUN_START id=PP0463 window=IS terminal=BT1 family=F15_friday_lock
2026-09-02T00:40:02+00:00 RUN_END id=PP0462 window=IS decision=IS_REJECT elapsed=133.716s
2026-09-02T00:40:02+00:00 GATE_SKIP id=PP0462 window=OOS reason=IS_NOT_SURVIVOR decision=IS_REJECT
2026-09-02T00:40:02+00:00 RUN_START id=PP0464 window=IS terminal=PROD family=F15_friday_lock
2026-09-02T00:42:01+00:00 RUN_END id=PP0463 window=IS decision=IS_REJECT elapsed=133.561s
2026-09-02T00:42:01+00:00 GATE_SKIP id=PP0463 window=OOS reason=IS_NOT_SURVIVOR decision=IS_REJECT
2026-09-02T00:42:01+00:00 RUN_START id=PP0465 window=IS terminal=BT1 family=F15_friday_lock
2026-09-02T00:42:16+00:00 RUN_END id=PP0464 window=IS decision=IS_REJECT elapsed=133.69s
2026-09-02T00:42:16+00:00 GATE_SKIP id=PP0464 window=OOS reason=IS_NOT_SURVIVOR decision=IS_REJECT
2026-09-02T00:42:16+00:00 RUN_START id=PP0466 window=IS terminal=PROD family=F15_friday_lock
2026-09-02T00:44:14+00:00 RUN_END id=PP0465 window=IS decision=IS_REJECT elapsed=133.559s
2026-09-02T00:44:14+00:00 GATE_SKIP id=PP0465 window=OOS reason=IS_NOT_SURVIVOR decision=IS_REJECT
2026-09-02T00:44:14+00:00 RUN_START id=PP0467 window=IS terminal=BT1 family=F15_friday_lock
2026-09-02T00:44:35+00:00 RUN_END id=PP0466 window=IS decision=IS_REJECT elapsed=138.718s
2026-09-02T00:44:35+00:00 GATE_SKIP id=PP0466 window=OOS reason=IS_NOT_SURVIVOR decision=IS_REJECT
2026-09-02T00:44:35+00:00 RUN_START id=PP0468 window=IS terminal=PROD family=F15_friday_lock
2026-09-02T00:46:38+00:00 RUN_END id=PP0467 window=IS decision=IS_REJECT elapsed=143.546s
2026-09-02T00:46:38+00:00 GATE_SKIP id=PP0467 window=OOS reason=IS_NOT_SURVIVOR decision=IS_REJECT
2026-09-02T00:46:38+00:00 RUN_START id=PP0469 window=IS terminal=BT1 family=F15_friday_lock
2026-09-02T00:46:59+00:00 RUN_END id=PP0468 window=IS decision=IS_REJECT elapsed=143.78s
2026-09-02T00:46:59+00:00 GATE_SKIP id=PP0468 window=OOS reason=IS_NOT_SURVIVOR decision=IS_REJECT
2026-09-02T00:46:59+00:00 RUN_START id=PP0470 window=IS terminal=PROD family=F15_friday_lock
2026-09-02T00:49:02+00:00 RUN_END id=PP0469 window=IS decision=IS_REJECT elapsed=143.547s
2026-09-02T00:49:02+00:00 GATE_SKIP id=PP0469 window=OOS reason=IS_NOT_SURVIVOR decision=IS_REJECT
2026-09-02T00:49:02+00:00 RUN_START id=PP0471 window=IS terminal=BT1 family=F15_friday_lock
2026-09-02T00:49:23+00:00 RUN_END id=PP0470 window=IS decision=IS_REJECT elapsed=143.77s
2026-09-02T00:49:23+00:00 GATE_SKIP id=PP0470 window=OOS reason=IS_NOT_SURVIVOR decision=IS_REJECT
2026-09-02T00:49:23+00:00 RUN_START id=PP0472 window=IS terminal=PROD family=F15_friday_lock
2026-09-02T00:51:26+00:00 RUN_END id=PP0471 window=IS decision=IS_REJECT elapsed=143.669s
2026-09-02T00:51:26+00:00 GATE_SKIP id=PP0471 window=OOS reason=IS_NOT_SURVIVOR decision=IS_REJECT
2026-09-02T00:51:26+00:00 RUN_START id=PP0473 window=IS terminal=BT1 family=F15_friday_lock
2026-09-02T00:51:48+00:00 RUN_END id=PP0472 window=IS decision=IS_REJECT elapsed=143.864s
2026-09-02T00:51:48+00:00 GATE_SKIP id=PP0472 window=OOS reason=IS_NOT_SURVIVOR decision=IS_REJECT
2026-09-02T00:51:48+00:00 RUN_START id=PP0474 window=IS terminal=PROD family=F15_friday_lock
2026-09-02T00:53:50+00:00 RUN_END id=PP0473 window=IS decision=IS_REJECT elapsed=143.628s
2026-09-02T00:53:50+00:00 GATE_SKIP id=PP0473 window=OOS reason=IS_NOT_SURVIVOR decision=IS_REJECT
2026-09-02T00:53:50+00:00 RUN_START id=PP0475 window=IS terminal=BT1 family=F15_friday_lock
2026-09-02T00:54:12+00:00 RUN_END id=PP0474 window=IS decision=IS_REJECT elapsed=143.831s
2026-09-02T00:54:12+00:00 GATE_SKIP id=PP0474 window=OOS reason=IS_NOT_SURVIVOR decision=IS_REJECT
2026-09-02T00:54:12+00:00 RUN_START id=PP0476 window=IS terminal=PROD family=F15_friday_lock
2026-09-02T00:56:19+00:00 RUN_END id=PP0475 window=IS decision=IS_REJECT elapsed=148.586s
2026-09-02T00:56:19+00:00 GATE_SKIP id=PP0475 window=OOS reason=IS_NOT_SURVIVOR decision=IS_REJECT
2026-09-02T00:56:19+00:00 RUN_START id=PP0477 window=IS terminal=BT1 family=F15_friday_lock
2026-09-02T00:56:41+00:00 RUN_END id=PP0476 window=IS decision=IS_REJECT elapsed=148.764s
2026-09-02T00:56:41+00:00 GATE_SKIP id=PP0476 window=OOS reason=IS_NOT_SURVIVOR decision=IS_REJECT
2026-09-02T00:56:41+00:00 RUN_START id=PP0478 window=IS terminal=PROD family=F16_trail_after_age
2026-09-02T00:58:43+00:00 RUN_END id=PP0477 window=IS decision=IS_REJECT elapsed=143.649s
2026-09-02T00:58:43+00:00 GATE_SKIP id=PP0477 window=OOS reason=IS_NOT_SURVIVOR decision=IS_REJECT
2026-09-02T00:58:43+00:00 RUN_START id=PP0479 window=IS terminal=BT1 family=F16_trail_after_age
2026-09-02T00:58:50+00:00 RUN_END id=PP0478 window=IS decision=IS_REJECT elapsed=128.741s
2026-09-02T00:58:50+00:00 GATE_SKIP id=PP0478 window=OOS reason=IS_NOT_SURVIVOR decision=IS_REJECT
2026-09-02T00:58:50+00:00 RUN_START id=PP0480 window=IS terminal=PROD family=F16_trail_after_age
2026-09-02T01:00:52+00:00 RUN_END id=PP0479 window=IS decision=IS_REJECT elapsed=128.629s
2026-09-02T01:00:52+00:00 GATE_SKIP id=PP0479 window=OOS reason=IS_NOT_SURVIVOR decision=IS_REJECT
2026-09-02T01:00:52+00:00 RUN_START id=PP0481 window=IS terminal=BT1 family=F16_trail_after_age
2026-09-02T01:00:59+00:00 RUN_END id=PP0480 window=IS decision=IS_REJECT elapsed=128.71s
2026-09-02T01:00:59+00:00 GATE_SKIP id=PP0480 window=OOS reason=IS_NOT_SURVIVOR decision=IS_REJECT
2026-09-02T01:00:59+00:00 RUN_START id=PP0482 window=IS terminal=PROD family=F16_trail_after_age
2026-09-02T01:03:01+00:00 RUN_END id=PP0481 window=IS decision=IS_REJECT elapsed=128.566s
2026-09-02T01:03:01+00:00 GATE_SKIP id=PP0481 window=OOS reason=IS_NOT_SURVIVOR decision=IS_REJECT
2026-09-02T01:03:01+00:00 RUN_START id=PP0483 window=IS terminal=BT1 family=F16_trail_after_age
2026-09-02T01:03:08+00:00 RUN_END id=PP0482 window=IS decision=IS_REJECT elapsed=128.728s
2026-09-02T01:03:08+00:00 GATE_SKIP id=PP0482 window=OOS reason=IS_NOT_SURVIVOR decision=IS_REJECT
2026-09-02T01:03:08+00:00 RUN_START id=PP0484 window=IS terminal=PROD family=F16_trail_after_age
2026-09-02T01:05:20+00:00 RUN_END id=PP0483 window=IS decision=IS_REJECT elapsed=138.622s
2026-09-02T01:05:20+00:00 GATE_SKIP id=PP0483 window=OOS reason=IS_NOT_SURVIVOR decision=IS_REJECT
2026-09-02T01:05:20+00:00 RUN_START id=PP0485 window=IS terminal=BT1 family=F16_trail_after_age
2026-09-02T01:05:27+00:00 RUN_END id=PP0484 window=IS decision=IS_REJECT elapsed=138.752s
2026-09-02T01:05:27+00:00 GATE_SKIP id=PP0484 window=OOS reason=IS_NOT_SURVIVOR decision=IS_REJECT
2026-09-02T01:05:27+00:00 RUN_START id=PP0486 window=IS terminal=PROD family=F16_trail_after_age
2026-09-02T01:07:33+00:00 RUN_END id=PP0485 window=IS decision=IS_REJECT elapsed=133.657s
2026-09-02T01:07:33+00:00 GATE_SKIP id=PP0485 window=OOS reason=IS_NOT_SURVIVOR decision=IS_REJECT
2026-09-02T01:07:33+00:00 RUN_START id=PP0487 window=IS terminal=BT1 family=F16_trail_after_age
2026-09-02T01:07:41+00:00 RUN_END id=PP0486 window=IS decision=IS_REJECT elapsed=133.749s
2026-09-02T01:07:41+00:00 GATE_SKIP id=PP0486 window=OOS reason=IS_NOT_SURVIVOR decision=IS_REJECT
2026-09-02T01:07:41+00:00 RUN_START id=PP0488 window=IS terminal=PROD family=F16_trail_after_age
2026-09-02T01:09:57+00:00 RUN_END id=PP0487 window=IS decision=IS_REJECT elapsed=143.635s
2026-09-02T01:09:57+00:00 GATE_SKIP id=PP0487 window=OOS reason=IS_NOT_SURVIVOR decision=IS_REJECT
2026-09-02T01:09:57+00:00 RUN_START id=PP0489 window=IS terminal=BT1 family=F16_trail_after_age
2026-09-02T01:10:05+00:00 RUN_END id=PP0488 window=IS decision=IS_REJECT elapsed=143.83s
2026-09-02T01:10:05+00:00 GATE_SKIP id=PP0488 window=OOS reason=IS_NOT_SURVIVOR decision=IS_REJECT
2026-09-02T01:10:05+00:00 RUN_START id=PP0490 window=IS terminal=PROD family=F16_trail_after_age
2026-09-02T01:12:12+00:00 RUN_END id=PP0489 window=IS decision=IS_REJECT elapsed=133.605s
2026-09-02T01:12:12+00:00 GATE_SKIP id=PP0489 window=OOS reason=IS_NOT_SURVIVOR decision=IS_REJECT
2026-09-02T01:12:12+00:00 RUN_START id=PP0491 window=IS terminal=BT1 family=F16_trail_after_age
2026-09-02T01:12:19+00:00 RUN_END id=PP0490 window=IS decision=IS_REJECT elapsed=133.795s
2026-09-02T01:12:19+00:00 GATE_SKIP id=PP0490 window=OOS reason=IS_NOT_SURVIVOR decision=IS_REJECT
2026-09-02T01:12:19+00:00 RUN_START id=PP0492 window=IS terminal=PROD family=F16_trail_after_age
2026-09-02T01:14:33+00:00 RUN_END id=PP0491 window=IS decision=IS_REJECT elapsed=141.365s
2026-09-02T01:14:33+00:00 GATE_SKIP id=PP0491 window=OOS reason=IS_NOT_SURVIVOR decision=IS_REJECT
2026-09-02T01:14:33+00:00 RUN_START id=PP0493 window=IS terminal=BT1 family=F17_giveback_after_age
2026-09-02T01:14:43+00:00 RUN_END id=PP0492 window=IS decision=IS_REJECT elapsed=143.918s
2026-09-02T01:14:43+00:00 GATE_SKIP id=PP0492 window=OOS reason=IS_NOT_SURVIVOR decision=IS_REJECT
2026-09-02T01:14:43+00:00 RUN_START id=PP0494 window=IS terminal=PROD family=F17_giveback_after_age
2026-09-02T01:16:32+00:00 RUN_END id=PP0493 window=IS decision=IS_REJECT elapsed=118.642s
2026-09-02T01:16:32+00:00 GATE_SKIP id=PP0493 window=OOS reason=IS_NOT_SURVIVOR decision=IS_REJECT
2026-09-02T01:16:32+00:00 RUN_START id=PP0495 window=IS terminal=BT1 family=F17_giveback_after_age
2026-09-02T01:16:43+00:00 RUN_END id=PP0494 window=IS decision=IS_REJECT elapsed=118.775s
2026-09-02T01:16:43+00:00 GATE_SKIP id=PP0494 window=OOS reason=IS_NOT_SURVIVOR decision=IS_REJECT
2026-09-02T01:16:43+00:00 RUN_START id=PP0496 window=IS terminal=PROD family=F17_giveback_after_age
2026-09-02T01:18:36+00:00 RUN_END id=PP0495 window=IS decision=IS_REJECT elapsed=123.696s
2026-09-02T01:18:36+00:00 GATE_SKIP id=PP0495 window=OOS reason=IS_NOT_SURVIVOR decision=IS_REJECT
2026-09-02T01:18:36+00:00 RUN_START id=PP0497 window=IS terminal=BT1 family=F17_giveback_after_age
2026-09-02T01:18:47+00:00 RUN_END id=PP0496 window=IS decision=IS_REJECT elapsed=123.707s
2026-09-02T01:18:47+00:00 GATE_SKIP id=PP0496 window=OOS reason=IS_NOT_SURVIVOR decision=IS_REJECT
2026-09-02T01:18:47+00:00 RUN_START id=PP0498 window=IS terminal=PROD family=F17_giveback_after_age
2026-09-02T01:20:50+00:00 RUN_END id=PP0497 window=IS decision=IS_REJECT elapsed=133.627s
2026-09-02T01:20:50+00:00 GATE_SKIP id=PP0497 window=OOS reason=IS_NOT_SURVIVOR decision=IS_REJECT
2026-09-02T01:20:50+00:00 RUN_START id=PP0499 window=IS terminal=BT1 family=F17_giveback_after_age
2026-09-02T01:21:01+00:00 RUN_END id=PP0498 window=IS decision=IS_REJECT elapsed=133.756s
2026-09-02T01:21:01+00:00 GATE_SKIP id=PP0498 window=OOS reason=IS_NOT_SURVIVOR decision=IS_REJECT
2026-09-02T01:21:01+00:00 RUN_START id=PP0500 window=IS terminal=PROD family=F17_giveback_after_age
2026-09-02T01:22:49+00:00 RUN_END id=PP0499 window=IS decision=IS_REJECT elapsed=118.566s
2026-09-02T01:22:49+00:00 GATE_SKIP id=PP0499 window=OOS reason=IS_NOT_SURVIVOR decision=IS_REJECT
2026-09-02T01:23:00+00:00 RUN_END id=PP0500 window=IS decision=IS_REJECT elapsed=118.673s
2026-09-02T01:23:00+00:00 GATE_SKIP id=PP0500 window=OOS reason=IS_NOT_SURVIVOR decision=IS_REJECT
2026-09-02T01:23:00+00:00 DRIVER_END status=OK
