スリープ抑止を有効化しました（このプロセス終了で自動解除）
2026-08-30T09:48:53+00:00 DRIVER_START pid=55356 stage=all targets=1000 terminals=PROD,BT1,BT2 stagger=15s sha_gate=False magic_gate=False
2026-08-30T09:48:53+00:00 DAILY_BASELINE_REFRESH_START date=2026-08-30
2026-08-30T09:48:53+00:00 RUN_START id=REGRESSION_BASELINE family=daily_baseline window=IS terminal=PROD run=oafx_is_regression_baseline_20260830184853_c67411
2026-08-30T09:48:55+00:00 RUN_HEARTBEAT terminal=PROD pid=2532 elapsed=0s
2026-08-30T09:49:57+00:00 RUN_HEARTBEAT terminal=PROD pid=2532 elapsed=63s
2026-08-30T09:51:00+00:00 RUN_HEARTBEAT terminal=PROD pid=2532 elapsed=125s
2026-08-30T09:52:02+00:00 RUN_HEARTBEAT terminal=PROD pid=2532 elapsed=188s
2026-08-30T09:53:05+00:00 RUN_HEARTBEAT terminal=PROD pid=2532 elapsed=250s
2026-08-30T09:54:07+00:00 RUN_HEARTBEAT terminal=PROD pid=2532 elapsed=312s
2026-08-30T09:55:10+00:00 RUN_END id=REGRESSION_BASELINE window=IS terminal=PROD status=FAILED decision=RUN_FAILED elapsed=376.305s
2026-08-30T09:55:10+00:00 DAILY_BASELINE_REPORT_RECOVERED date=2026-08-30 window=IS net=279712.00 pf=1.3994 dd=34.8667 trades=1573
2026-08-30T09:55:10+00:00 RUN_START id=BASELINE_OOS family=baseline window=OOS terminal=PROD run=oafx_oos_baseline_oos_20260830185510_e0d007
2026-08-30T09:55:11+00:00 RUN_HEARTBEAT terminal=PROD pid=43836 elapsed=0s
2026-08-30T09:56:13+00:00 RUN_HEARTBEAT terminal=PROD pid=43836 elapsed=62s
2026-08-30T09:57:16+00:00 RUN_HEARTBEAT terminal=PROD pid=43836 elapsed=125s
2026-08-30T09:58:18+00:00 RUN_HEARTBEAT terminal=PROD pid=43836 elapsed=187s
2026-08-30T09:59:21+00:00 RUN_HEARTBEAT terminal=PROD pid=43836 elapsed=250s
2026-08-30T09:59:52+00:00 RUN_END id=BASELINE_OOS window=OOS terminal=PROD status=FAILED decision=RUN_FAILED elapsed=281.982s
2026-08-30T09:59:52+00:00 DAILY_BASELINE_REPORT_RECOVERED date=2026-08-30 window=OOS net=117124.00 pf=1.2182 dd=30.1366 trades=1354
2026-08-30T09:59:52+00:00 RUN_START id=BASELINE_SCREEN_IS family=daily_baseline window=SCREEN_IS terminal=PROD run=oafx_screen_is_baseline_screen_is_20260830185952_fe5c01
2026-08-30T09:59:53+00:00 RUN_HEARTBEAT terminal=PROD pid=46044 elapsed=0s
2026-08-30T10:00:55+00:00 RUN_HEARTBEAT terminal=PROD pid=46044 elapsed=62s
2026-08-30T10:01:11+00:00 RUN_END id=BASELINE_SCREEN_IS window=SCREEN_IS terminal=PROD status=FAILED decision=RUN_FAILED elapsed=79.033s
2026-08-30T10:01:11+00:00 DAILY_BASELINE_REPORT_RECOVERED date=2026-08-30 window=SCREEN_IS net=84921.00 pf=1.2184 dd=19.5314 trades=685
2026-08-30T10:01:11+00:00 DAILY_BASELINE_REFRESH_END IS=net:279712.00,pf:1.3994,dd:34.8667,trades:1573,source:ACTUAL_MT5 OOS=net:117124.00,pf:1.2182,dd:30.1366,trades:1354,source:ACTUAL_MT5 SCREEN_IS=net:84921.00,pf:1.2184,dd:19.5314,trades:685,source:ACTUAL_MT5
2026-08-30T10:01:11+00:00 REGRESSION_GATE disabled; daily production baselines measured
2026-08-30T10:01:11+00:00 SCREEN_SKIP_EXISTING_FULLBOOK [1/1000] id=OAFX1001 reason=existing fullbook IS retained
2026-08-30T10:01:11+00:00 SCREEN_SKIP_EXISTING_FULLBOOK [2/1000] id=OAFX1002 reason=existing fullbook IS retained
2026-08-30T10:01:11+00:00 SCREEN_SKIP_EXISTING_FULLBOOK [3/1000] id=OAFX1003 reason=existing fullbook IS retained
2026-08-30T10:01:11+00:00 SKIP_EXISTING [1/1000] id=OAFX1001 window=IS
2026-08-30T10:01:11+00:00 SKIP_EXISTING [2/1000] id=OAFX1002 window=IS
2026-08-30T10:01:11+00:00 SKIP_EXISTING [3/1000] id=OAFX1003 window=IS
2026-08-30T10:01:11+00:00 GATE_SKIP id=OAFX1001 window=OOS reason=IS_NOT_SURVIVOR decision=IS_REJECT net=288878.0 PF=1.4248 DD=35.7377%
2026-08-30T10:01:11+00:00 GATE_SKIP id=OAFX1002 window=OOS reason=IS_NOT_SURVIVOR decision=IS_REJECT net=297530.0 PF=1.4375 DD=35.5774%
2026-08-30T10:01:11+00:00 GATE_SKIP id=OAFX1003 window=OOS reason=IS_NOT_SURVIVOR decision=IS_REJECT net=296047.0 PF=1.4353 DD=35.0579%
2026-08-30T10:01:11+00:00 SCREEN_SKIP_EXISTING_FULLBOOK [4/1000] id=OAFX1004 reason=existing fullbook IS retained
2026-08-30T10:01:11+00:00 SCREEN_SKIP_EXISTING_FULLBOOK [5/1000] id=OAFX1005 reason=existing fullbook IS retained
2026-08-30T10:01:11+00:00 SCREEN_SKIP_EXISTING_FULLBOOK [6/1000] id=OAFX1006 reason=existing fullbook IS retained
2026-08-30T10:01:11+00:00 SKIP_EXISTING [4/1000] id=OAFX1004 window=IS
2026-08-30T10:01:11+00:00 SKIP_EXISTING [5/1000] id=OAFX1005 window=IS
2026-08-30T10:01:11+00:00 SKIP_EXISTING [6/1000] id=OAFX1006 window=IS
2026-08-30T10:01:11+00:00 GATE_SKIP id=OAFX1004 window=OOS reason=IS_NOT_SURVIVOR decision=IS_REJECT net=298674.0 PF=1.4392 DD=34.945%
2026-08-30T10:01:11+00:00 GATE_SKIP id=OAFX1005 window=OOS reason=IS_NOT_SURVIVOR decision=IS_REJECT net=301595.0 PF=1.4434 DD=35.2811%
2026-08-30T10:01:11+00:00 GATE_SKIP id=OAFX1006 window=OOS reason=IS_NOT_SURVIVOR decision=IS_REJECT net=285380.0 PF=1.4164 DD=34.9232%
2026-08-30T10:01:11+00:00 SCREEN_SKIP_EXISTING_FULLBOOK [7/1000] id=OAFX1007 reason=existing fullbook IS retained
2026-08-30T10:01:11+00:00 SCREEN_SKIP_EXISTING_FULLBOOK [8/1000] id=OAFX1008 reason=existing fullbook IS retained
2026-08-30T10:01:11+00:00 SCREEN_SKIP_EXISTING_FULLBOOK [9/1000] id=OAFX1009 reason=existing fullbook IS retained
2026-08-30T10:01:11+00:00 SKIP_EXISTING [7/1000] id=OAFX1007 window=IS
2026-08-30T10:01:11+00:00 SKIP_EXISTING [8/1000] id=OAFX1008 window=IS
2026-08-30T10:01:11+00:00 SKIP_EXISTING [9/1000] id=OAFX1009 window=IS
2026-08-30T10:01:11+00:00 GATE_SKIP id=OAFX1007 window=OOS reason=IS_NOT_SURVIVOR decision=IS_NOISE_BAND net=284497.0 PF=1.4147 DD=34.6204%
2026-08-30T10:01:11+00:00 SKIP_EXISTING [8/1000] id=OAFX1008 window=OOS
2026-08-30T10:01:11+00:00 SKIP_EXISTING [9/1000] id=OAFX1009 window=OOS
2026-08-30T10:01:11+00:00 SCREEN_SKIP_EXISTING_FULLBOOK [10/1000] id=OAFX1010 reason=existing fullbook IS retained
2026-08-30T10:01:11+00:00 SCREEN_SKIP_EXISTING_FULLBOOK [11/1000] id=OAFX1011 reason=existing fullbook IS retained
2026-08-30T10:01:11+00:00 SCREEN_SKIP_EXISTING_FULLBOOK [12/1000] id=OAFX1012 reason=existing fullbook IS retained
2026-08-30T10:01:11+00:00 SKIP_EXISTING [10/1000] id=OAFX1010 window=IS
2026-08-30T10:01:11+00:00 SKIP_EXISTING [11/1000] id=OAFX1011 window=IS
2026-08-30T10:01:11+00:00 SKIP_EXISTING [12/1000] id=OAFX1012 window=IS
2026-08-30T10:01:11+00:00 SKIP_EXISTING [10/1000] id=OAFX1010 window=OOS
2026-08-30T10:01:11+00:00 GATE_SKIP id=OAFX1011 window=OOS reason=IS_NOT_SURVIVOR decision=IS_REJECT net=317006.0 PF=1.4711 DD=35.4837%
2026-08-30T10:01:11+00:00 GATE_SKIP id=OAFX1012 window=OOS reason=IS_NOT_SURVIVOR decision=IS_REJECT net=316642.0 PF=1.4706 DD=35.7429%
2026-08-30T10:01:11+00:00 SCREEN_SKIP_EXISTING_FULLBOOK [13/1000] id=OAFX1013 reason=existing fullbook IS retained
2026-08-30T10:01:11+00:00 SCREEN_SKIP_EXISTING_FULLBOOK [14/1000] id=OAFX1014 reason=existing fullbook IS retained
2026-08-30T10:01:11+00:00 SCREEN_SKIP_EXISTING_FULLBOOK [15/1000] id=OAFX1015 reason=existing fullbook IS retained
2026-08-30T10:01:11+00:00 SKIP_EXISTING [13/1000] id=OAFX1013 window=IS
2026-08-30T10:01:11+00:00 SKIP_EXISTING [14/1000] id=OAFX1014 window=IS
2026-08-30T10:01:11+00:00 SKIP_EXISTING [15/1000] id=OAFX1015 window=IS
2026-08-30T10:01:11+00:00 GATE_SKIP id=OAFX1013 window=OOS reason=IS_NOT_SURVIVOR decision=IS_REJECT net=318366.0 PF=1.4732 DD=35.6441%
2026-08-30T10:01:11+00:00 GATE_SKIP id=OAFX1014 window=OOS reason=IS_NOT_SURVIVOR decision=IS_REJECT net=299406.0 PF=1.4408 DD=35.5428%
2026-08-30T10:01:11+00:00 GATE_SKIP id=OAFX1015 window=OOS reason=IS_NOT_SURVIVOR decision=IS_REJECT net=300382.0 PF=1.4422 DD=35.4401%
2026-08-30T10:01:11+00:00 SCREEN_SKIP_EXISTING_FULLBOOK [16/1000] id=OAFX1016 reason=existing fullbook IS retained
2026-08-30T10:01:11+00:00 SCREEN_SKIP_EXISTING_FULLBOOK [17/1000] id=OAFX1017 reason=existing fullbook IS retained
2026-08-30T10:01:11+00:00 SCREEN_SKIP_EXISTING_FULLBOOK [18/1000] id=OAFX1018 reason=existing fullbook IS retained
2026-08-30T10:01:11+00:00 SKIP_EXISTING [16/1000] id=OAFX1016 window=IS
2026-08-30T10:01:11+00:00 SKIP_EXISTING [17/1000] id=OAFX1017 window=IS
2026-08-30T10:01:11+00:00 SKIP_EXISTING [18/1000] id=OAFX1018 window=IS
2026-08-30T10:01:11+00:00 GATE_SKIP id=OAFX1016 window=OOS reason=IS_NOT_SURVIVOR decision=IS_REJECT net=297881.0 PF=1.438 DD=35.3542%
2026-08-30T10:01:11+00:00 GATE_SKIP id=OAFX1017 window=OOS reason=IS_NOT_SURVIVOR decision=IS_REJECT net=296831.0 PF=1.4365 DD=35.258%
2026-08-30T10:01:11+00:00 GATE_SKIP id=OAFX1018 window=OOS reason=IS_NOT_SURVIVOR decision=IS_REJECT net=297359.0 PF=1.4372 DD=35.1669%
2026-08-30T10:01:11+00:00 SCREEN_SKIP_EXISTING_FULLBOOK [19/1000] id=OAFX1019 reason=existing fullbook IS retained
2026-08-30T10:01:11+00:00 SCREEN_SKIP_EXISTING_FULLBOOK [20/1000] id=OAFX1020 reason=existing fullbook IS retained
2026-08-30T10:01:11+00:00 SCREEN_SKIP_EXISTING_FULLBOOK [21/1000] id=OAFX1021 reason=existing fullbook IS retained
2026-08-30T10:01:11+00:00 SKIP_EXISTING [19/1000] id=OAFX1019 window=IS
2026-08-30T10:01:11+00:00 SKIP_EXISTING [20/1000] id=OAFX1020 window=IS
2026-08-30T10:01:11+00:00 SKIP_EXISTING [21/1000] id=OAFX1021 window=IS
2026-08-30T10:01:11+00:00 GATE_SKIP id=OAFX1019 window=OOS reason=IS_NOT_SURVIVOR decision=IS_REJECT net=298036.0 PF=1.4382 DD=35.0681%
2026-08-30T10:01:11+00:00 GATE_SKIP id=OAFX1020 window=OOS reason=IS_NOT_SURVIVOR decision=IS_REJECT net=298721.0 PF=1.4392 DD=34.9693%
2026-08-30T10:01:11+00:00 GATE_SKIP id=OAFX1021 window=OOS reason=IS_NOT_SURVIVOR decision=IS_NOISE_BAND net=290051.0 PF=1.4197 DD=34.6897%
2026-08-30T10:01:11+00:00 SCREEN_SKIP_EXISTING_FULLBOOK [22/1000] id=OAFX1022 reason=existing fullbook IS retained
2026-08-30T10:01:11+00:00 SCREEN_SKIP_EXISTING_FULLBOOK [23/1000] id=OAFX1023 reason=existing fullbook IS retained
2026-08-30T10:01:11+00:00 SCREEN_SKIP_EXISTING_FULLBOOK [24/1000] id=OAFX1024 reason=existing fullbook IS retained
2026-08-30T10:01:11+00:00 SKIP_EXISTING [22/1000] id=OAFX1022 window=IS
2026-08-30T10:01:11+00:00 SKIP_EXISTING [23/1000] id=OAFX1023 window=IS
2026-08-30T10:01:11+00:00 SKIP_EXISTING [24/1000] id=OAFX1024 window=IS
2026-08-30T10:01:11+00:00 GATE_SKIP id=OAFX1022 window=OOS reason=IS_NOT_SURVIVOR decision=IS_NOISE_BAND net=290616.0 PF=1.4205 DD=34.6499%
2026-08-30T10:01:11+00:00 GATE_SKIP id=OAFX1023 window=OOS reason=IS_NOT_SURVIVOR decision=IS_NOISE_BAND net=290744.0 PF=1.4207 DD=34.6102%
2026-08-30T10:01:11+00:00 GATE_SKIP id=OAFX1024 window=OOS reason=IS_NOT_SURVIVOR decision=IS_NOISE_BAND net=287805.0 PF=1.4158 DD=34.5704%
2026-08-30T10:01:11+00:00 SCREEN_SKIP_EXISTING_FULLBOOK [25/1000] id=OAFX1025 reason=existing fullbook IS retained
2026-08-30T10:01:11+00:00 SCREEN_SKIP_EXISTING_FULLBOOK [26/1000] id=OAFX1026 reason=existing fullbook IS retained
2026-08-30T10:01:11+00:00 SCREEN_SKIP_EXISTING_FULLBOOK [27/1000] id=OAFX1027 reason=existing fullbook IS retained
2026-08-30T10:01:11+00:00 SKIP_EXISTING [25/1000] id=OAFX1025 window=IS
2026-08-30T10:01:11+00:00 SKIP_EXISTING [26/1000] id=OAFX1026 window=IS
2026-08-30T10:01:11+00:00 SKIP_EXISTING [27/1000] id=OAFX1027 window=IS
2026-08-30T10:01:11+00:00 GATE_SKIP id=OAFX1025 window=OOS reason=IS_NOT_SURVIVOR decision=IS_NOISE_BAND net=286452.0 PF=1.4138 DD=34.5306%
2026-08-30T10:01:11+00:00 GATE_SKIP id=OAFX1026 window=OOS reason=IS_NOT_SURVIVOR decision=IS_NOISE_BAND net=286628.0 PF=1.4141 DD=34.4832%
2026-08-30T10:01:11+00:00 GATE_SKIP id=OAFX1027 window=OOS reason=IS_NOT_SURVIVOR decision=IS_NOISE_BAND net=286890.0 PF=1.4145 DD=34.4293%
2026-08-30T10:01:11+00:00 SCREEN_SKIP_EXISTING_FULLBOOK [28/1000] id=OAFX1028 reason=existing fullbook IS retained
2026-08-30T10:01:11+00:00 SCREEN_SKIP_EXISTING_FULLBOOK [29/1000] id=OAFX1029 reason=existing fullbook IS retained
2026-08-30T10:01:11+00:00 SCREEN_SKIP_EXISTING_FULLBOOK [30/1000] id=OAFX1030 reason=existing fullbook IS retained
2026-08-30T10:01:11+00:00 SKIP_EXISTING [28/1000] id=OAFX1028 window=IS
2026-08-30T10:01:11+00:00 SKIP_EXISTING [29/1000] id=OAFX1029 window=IS
2026-08-30T10:01:11+00:00 SKIP_EXISTING [30/1000] id=OAFX1030 window=IS
2026-08-30T10:01:11+00:00 GATE_SKIP id=OAFX1028 window=OOS reason=IS_NOT_SURVIVOR decision=IS_NOISE_BAND net=287117.0 PF=1.4148 DD=34.4088%
2026-08-30T10:01:11+00:00 GATE_SKIP id=OAFX1029 window=OOS reason=IS_NOT_SURVIVOR decision=IS_NOISE_BAND net=287378.0 PF=1.4152 DD=34.3703%
2026-08-30T10:01:11+00:00 SKIP_EXISTING [30/1000] id=OAFX1030 window=OOS
2026-08-30T10:01:11+00:00 SCREEN_SKIP_EXISTING_FULLBOOK [31/1000] id=OAFX1031 reason=existing fullbook IS retained
2026-08-30T10:01:11+00:00 SCREEN_SKIP_EXISTING_FULLBOOK [32/1000] id=OAFX1032 reason=existing fullbook IS retained
2026-08-30T10:01:11+00:00 SCREEN_SKIP_EXISTING_FULLBOOK [33/1000] id=OAFX1033 reason=existing fullbook IS retained
2026-08-30T10:01:11+00:00 SKIP_EXISTING [31/1000] id=OAFX1031 window=IS
2026-08-30T10:01:11+00:00 SKIP_EXISTING [32/1000] id=OAFX1032 window=IS
2026-08-30T10:01:11+00:00 SKIP_EXISTING [33/1000] id=OAFX1033 window=IS
2026-08-30T10:01:11+00:00 GATE_SKIP id=OAFX1031 window=OOS reason=IS_NOT_SURVIVOR decision=IS_NOISE_BAND net=283665.0 PF=1.4077 DD=34.5717%
2026-08-30T10:01:11+00:00 GATE_SKIP id=OAFX1032 window=OOS reason=IS_NOT_SURVIVOR decision=IS_NOISE_BAND net=283727.0 PF=1.4078 DD=34.5691%
2026-08-30T10:01:11+00:00 GATE_SKIP id=OAFX1033 window=OOS reason=IS_NOT_SURVIVOR decision=IS_NOISE_BAND net=283783.0 PF=1.4078 DD=34.5665%
2026-08-30T10:01:11+00:00 SCREEN_SKIP_EXISTING_FULLBOOK [34/1000] id=OAFX1034 reason=existing fullbook IS retained
2026-08-30T10:01:11+00:00 SCREEN_SKIP_EXISTING_FULLBOOK [35/1000] id=OAFX1035 reason=existing fullbook IS retained
2026-08-30T10:01:11+00:00 SCREEN_SKIP_EXISTING_FULLBOOK [36/1000] id=OAFX1036 reason=existing fullbook IS retained
2026-08-30T10:01:11+00:00 SKIP_EXISTING [34/1000] id=OAFX1034 window=IS
2026-08-30T10:01:11+00:00 SKIP_EXISTING [35/1000] id=OAFX1035 window=IS
2026-08-30T10:01:11+00:00 SKIP_EXISTING [36/1000] id=OAFX1036 window=IS
2026-08-30T10:01:11+00:00 GATE_SKIP id=OAFX1034 window=OOS reason=IS_NOT_SURVIVOR decision=IS_NOISE_BAND net=283839.0 PF=1.4079 DD=34.564%
2026-08-30T10:01:11+00:00 GATE_SKIP id=OAFX1035 window=OOS reason=IS_NOT_SURVIVOR decision=IS_NOISE_BAND net=283896.0 PF=1.408 DD=34.5601%
2026-08-30T10:01:11+00:00 GATE_SKIP id=OAFX1036 window=OOS reason=IS_NOT_SURVIVOR decision=IS_NOISE_BAND net=283951.0 PF=1.4081 DD=34.5588%
2026-08-30T10:01:11+00:00 SCREEN_SKIP_EXISTING_FULLBOOK [37/1000] id=OAFX1037 reason=existing fullbook IS retained
2026-08-30T10:01:11+00:00 SCREEN_SKIP_EXISTING_FULLBOOK [38/1000] id=OAFX1038 reason=existing fullbook IS retained
2026-08-30T10:01:11+00:00 SCREEN_SKIP_EXISTING_FULLBOOK [39/1000] id=OAFX1039 reason=existing fullbook IS retained
2026-08-30T10:01:11+00:00 SKIP_EXISTING [37/1000] id=OAFX1037 window=IS
2026-08-30T10:01:11+00:00 SKIP_EXISTING [38/1000] id=OAFX1038 window=IS
2026-08-30T10:01:11+00:00 SKIP_EXISTING [39/1000] id=OAFX1039 window=IS
2026-08-30T10:01:11+00:00 GATE_SKIP id=OAFX1037 window=OOS reason=IS_NOT_SURVIVOR decision=IS_NOISE_BAND net=284061.0 PF=1.4082 DD=34.5563%
2026-08-30T10:01:11+00:00 GATE_SKIP id=OAFX1038 window=OOS reason=IS_NOT_SURVIVOR decision=IS_NOISE_BAND net=284069.0 PF=1.4083 DD=34.5537%
2026-08-30T10:01:11+00:00 GATE_SKIP id=OAFX1039 window=OOS reason=IS_NOT_SURVIVOR decision=IS_NOISE_BAND net=284125.0 PF=1.4083 DD=34.5511%
2026-08-30T10:01:11+00:00 SCREEN_SKIP_EXISTING_FULLBOOK [40/1000] id=OAFX1040 reason=existing fullbook IS retained
2026-08-30T10:01:11+00:00 SCREEN_SKIP_EXISTING_FULLBOOK [41/1000] id=OAFX1041 reason=existing fullbook IS retained
2026-08-30T10:01:11+00:00 SCREEN_SKIP_EXISTING_FULLBOOK [42/1000] id=OAFX1042 reason=existing fullbook IS retained
2026-08-30T10:01:11+00:00 SKIP_EXISTING [40/1000] id=OAFX1040 window=IS
2026-08-30T10:01:11+00:00 SKIP_EXISTING [41/1000] id=OAFX1041 window=IS
2026-08-30T10:01:11+00:00 SKIP_EXISTING [42/1000] id=OAFX1042 window=IS
2026-08-30T10:01:11+00:00 GATE_SKIP id=OAFX1040 window=OOS reason=IS_NOT_SURVIVOR decision=IS_NOISE_BAND net=284194.0 PF=1.4084 DD=34.5473%
2026-08-30T10:01:11+00:00 GATE_SKIP id=OAFX1041 window=OOS reason=IS_NOT_SURVIVOR decision=IS_NOISE_BAND net=282974.0 PF=1.4059 DD=34.759%
2026-08-30T10:01:11+00:00 GATE_SKIP id=OAFX1042 window=OOS reason=IS_NOT_SURVIVOR decision=IS_NOISE_BAND net=282974.0 PF=1.4059 DD=34.759%
2026-08-30T10:01:11+00:00 SCREEN_SKIP_EXISTING_FULLBOOK [43/1000] id=OAFX1043 reason=existing fullbook IS retained
2026-08-30T10:01:11+00:00 SCREEN_SKIP_EXISTING_FULLBOOK [44/1000] id=OAFX1044 reason=existing fullbook IS retained
2026-08-30T10:01:11+00:00 SCREEN_SKIP_EXISTING_FULLBOOK [45/1000] id=OAFX1045 reason=existing fullbook IS retained
2026-08-30T10:01:11+00:00 SKIP_EXISTING [43/1000] id=OAFX1043 window=IS
2026-08-30T10:01:11+00:00 SKIP_EXISTING [44/1000] id=OAFX1044 window=IS
2026-08-30T10:01:11+00:00 SKIP_EXISTING [45/1000] id=OAFX1045 window=IS
2026-08-30T10:01:11+00:00 GATE_SKIP id=OAFX1043 window=OOS reason=IS_NOT_SURVIVOR decision=IS_NOISE_BAND net=282974.0 PF=1.4059 DD=34.759%
2026-08-30T10:01:11+00:00 GATE_SKIP id=OAFX1044 window=OOS reason=IS_NOT_SURVIVOR decision=IS_NOISE_BAND net=282974.0 PF=1.4059 DD=34.759%
2026-08-30T10:01:11+00:00 GATE_SKIP id=OAFX1045 window=OOS reason=IS_NOT_SURVIVOR decision=IS_NOISE_BAND net=282974.0 PF=1.4059 DD=34.759%
2026-08-30T10:01:11+00:00 SCREEN_SKIP_EXISTING_FULLBOOK [46/1000] id=OAFX1046 reason=existing fullbook IS retained
2026-08-30T10:01:11+00:00 SCREEN_SKIP_EXISTING_FULLBOOK [47/1000] id=OAFX1047 reason=existing fullbook IS retained
2026-08-30T10:01:11+00:00 SCREEN_SKIP_EXISTING_FULLBOOK [48/1000] id=OAFX1048 reason=existing fullbook IS retained
2026-08-30T10:01:11+00:00 SKIP_EXISTING [46/1000] id=OAFX1046 window=IS
2026-08-30T10:01:11+00:00 SKIP_EXISTING [47/1000] id=OAFX1047 window=IS
2026-08-30T10:01:11+00:00 SKIP_EXISTING [48/1000] id=OAFX1048 window=IS
2026-08-30T10:01:11+00:00 GATE_SKIP id=OAFX1046 window=OOS reason=IS_NOT_SURVIVOR decision=IS_NOISE_BAND net=282974.0 PF=1.4059 DD=34.759%
2026-08-30T10:01:11+00:00 GATE_SKIP id=OAFX1047 window=OOS reason=IS_NOT_SURVIVOR decision=IS_NOISE_BAND net=282974.0 PF=1.4059 DD=34.759%
2026-08-30T10:01:11+00:00 GATE_SKIP id=OAFX1048 window=OOS reason=IS_NOT_SURVIVOR decision=IS_NOISE_BAND net=282974.0 PF=1.4059 DD=34.759%
2026-08-30T10:01:11+00:00 SCREEN_SKIP_EXISTING_FULLBOOK [49/1000] id=OAFX1049 reason=existing fullbook IS retained
2026-08-30T10:01:11+00:00 SCREEN_SKIP_EXISTING_FULLBOOK [50/1000] id=OAFX1050 reason=existing fullbook IS retained
2026-08-30T10:01:11+00:00 SCREEN_SKIP_EXISTING_FULLBOOK [51/1000] id=OAFX1051 reason=existing fullbook IS retained
2026-08-30T10:01:11+00:00 SKIP_EXISTING [49/1000] id=OAFX1049 window=IS
2026-08-30T10:01:11+00:00 SKIP_EXISTING [50/1000] id=OAFX1050 window=IS
2026-08-30T10:01:11+00:00 SKIP_EXISTING [51/1000] id=OAFX1051 window=IS
2026-08-30T10:01:11+00:00 GATE_SKIP id=OAFX1049 window=OOS reason=IS_NOT_SURVIVOR decision=IS_NOISE_BAND net=282974.0 PF=1.4059 DD=34.759%
2026-08-30T10:01:11+00:00 GATE_SKIP id=OAFX1050 window=OOS reason=IS_NOT_SURVIVOR decision=IS_NOISE_BAND net=282974.0 PF=1.4059 DD=34.759%
2026-08-30T10:01:11+00:00 GATE_SKIP id=OAFX1051 window=OOS reason=IS_NOT_SURVIVOR decision=IS_NOISE_BAND net=280610.0 PF=1.4012 DD=34.8616%
2026-08-30T10:01:11+00:00 SCREEN_SKIP_EXISTING_FULLBOOK [52/1000] id=OAFX1052 reason=existing fullbook IS retained
2026-08-30T10:01:11+00:00 SCREEN_SKIP_EXISTING_FULLBOOK [53/1000] id=OAFX1053 reason=existing fullbook IS retained
2026-08-30T10:01:11+00:00 SCREEN_SKIP_EXISTING_FULLBOOK [54/1000] id=OAFX1054 reason=existing fullbook IS retained
2026-08-30T10:01:11+00:00 SKIP_EXISTING [52/1000] id=OAFX1052 window=IS
2026-08-30T10:01:11+00:00 SKIP_EXISTING [53/1000] id=OAFX1053 window=IS
2026-08-30T10:01:11+00:00 SKIP_EXISTING [54/1000] id=OAFX1054 window=IS
2026-08-30T10:01:11+00:00 GATE_SKIP id=OAFX1052 window=OOS reason=IS_NOT_SURVIVOR decision=IS_NOISE_BAND net=280610.0 PF=1.4012 DD=34.8616%
2026-08-30T10:01:11+00:00 GATE_SKIP id=OAFX1053 window=OOS reason=IS_NOT_SURVIVOR decision=IS_NOISE_BAND net=280610.0 PF=1.4012 DD=34.8616%
2026-08-30T10:01:11+00:00 GATE_SKIP id=OAFX1054 window=OOS reason=IS_NOT_SURVIVOR decision=IS_NOISE_BAND net=280610.0 PF=1.4012 DD=34.8616%
2026-08-30T10:01:11+00:00 SCREEN_SKIP_EXISTING_FULLBOOK [55/1000] id=OAFX1055 reason=existing fullbook IS retained
2026-08-30T10:01:11+00:00 SCREEN_SKIP_EXISTING_FULLBOOK [56/1000] id=OAFX1056 reason=existing fullbook IS retained
2026-08-30T10:01:11+00:00 SCREEN_SKIP_EXISTING_FULLBOOK [57/1000] id=OAFX1057 reason=existing fullbook IS retained
2026-08-30T10:01:11+00:00 SKIP_EXISTING [55/1000] id=OAFX1055 window=IS
2026-08-30T10:01:11+00:00 SKIP_EXISTING [56/1000] id=OAFX1056 window=IS
2026-08-30T10:01:11+00:00 SKIP_EXISTING [57/1000] id=OAFX1057 window=IS
2026-08-30T10:01:11+00:00 GATE_SKIP id=OAFX1055 window=OOS reason=IS_NOT_SURVIVOR decision=IS_NOISE_BAND net=280610.0 PF=1.4012 DD=34.8616%
2026-08-30T10:01:11+00:00 GATE_SKIP id=OAFX1056 window=OOS reason=IS_NOT_SURVIVOR decision=IS_NOISE_BAND net=280610.0 PF=1.4012 DD=34.8616%
2026-08-30T10:01:11+00:00 GATE_SKIP id=OAFX1057 window=OOS reason=IS_NOT_SURVIVOR decision=IS_NOISE_BAND net=280610.0 PF=1.4012 DD=34.8616%
2026-08-30T10:01:11+00:00 SCREEN_SKIP_EXISTING_FULLBOOK [58/1000] id=OAFX1058 reason=existing fullbook IS retained
2026-08-30T10:01:11+00:00 SCREEN_SKIP_EXISTING_FULLBOOK [59/1000] id=OAFX1059 reason=existing fullbook IS retained
2026-08-30T10:01:11+00:00 SCREEN_SKIP_EXISTING_FULLBOOK [60/1000] id=OAFX1060 reason=existing fullbook IS retained
2026-08-30T10:01:11+00:00 SKIP_EXISTING [58/1000] id=OAFX1058 window=IS
2026-08-30T10:01:11+00:00 SKIP_EXISTING [59/1000] id=OAFX1059 window=IS
2026-08-30T10:01:11+00:00 SKIP_EXISTING [60/1000] id=OAFX1060 window=IS
2026-08-30T10:01:11+00:00 GATE_SKIP id=OAFX1058 window=OOS reason=IS_NOT_SURVIVOR decision=IS_NOISE_BAND net=280610.0 PF=1.4012 DD=34.8616%
2026-08-30T10:01:11+00:00 GATE_SKIP id=OAFX1059 window=OOS reason=IS_NOT_SURVIVOR decision=IS_NOISE_BAND net=280610.0 PF=1.4012 DD=34.8616%
2026-08-30T10:01:11+00:00 GATE_SKIP id=OAFX1060 window=OOS reason=IS_NOT_SURVIVOR decision=IS_NOISE_BAND net=280610.0 PF=1.4012 DD=34.8616%
2026-08-30T10:01:11+00:00 SCREEN_SKIP_EXISTING_FULLBOOK [61/1000] id=OAFX1061 reason=existing fullbook IS retained
2026-08-30T10:01:11+00:00 SCREEN_SKIP_EXISTING_FULLBOOK [62/1000] id=OAFX1062 reason=existing fullbook IS retained
2026-08-30T10:01:11+00:00 SCREEN_SKIP_EXISTING_FULLBOOK [63/1000] id=OAFX1063 reason=existing fullbook IS retained
2026-08-30T10:01:11+00:00 SKIP_EXISTING [61/1000] id=OAFX1061 window=IS
2026-08-30T10:01:11+00:00 SKIP_EXISTING [62/1000] id=OAFX1062 window=IS
2026-08-30T10:01:11+00:00 SKIP_EXISTING [63/1000] id=OAFX1063 window=IS
2026-08-30T10:01:11+00:00 GATE_SKIP id=OAFX1061 window=OOS reason=IS_NOT_SURVIVOR decision=IS_REJECT net=281386.0 PF=1.4027 DD=34.8667%
2026-08-30T10:01:11+00:00 GATE_SKIP id=OAFX1062 window=OOS reason=IS_NOT_SURVIVOR decision=IS_REJECT net=281386.0 PF=1.4027 DD=34.8667%
2026-08-30T10:01:11+00:00 GATE_SKIP id=OAFX1063 window=OOS reason=IS_NOT_SURVIVOR decision=IS_REJECT net=281386.0 PF=1.4027 DD=34.8667%
2026-08-30T10:01:11+00:00 SCREEN_SKIP_EXISTING_FULLBOOK [64/1000] id=OAFX1064 reason=existing fullbook IS retained
2026-08-30T10:01:11+00:00 SCREEN_SKIP_EXISTING_FULLBOOK [65/1000] id=OAFX1065 reason=existing fullbook IS retained
2026-08-30T10:01:11+00:00 SCREEN_SKIP_EXISTING_FULLBOOK [66/1000] id=OAFX1066 reason=existing fullbook IS retained
2026-08-30T10:01:11+00:00 SKIP_EXISTING [64/1000] id=OAFX1064 window=IS
2026-08-30T10:01:11+00:00 SKIP_EXISTING [65/1000] id=OAFX1065 window=IS
2026-08-30T10:01:11+00:00 SKIP_EXISTING [66/1000] id=OAFX1066 window=IS
2026-08-30T10:01:11+00:00 GATE_SKIP id=OAFX1064 window=OOS reason=IS_NOT_SURVIVOR decision=IS_REJECT net=281386.0 PF=1.4027 DD=34.8667%
2026-08-30T10:01:11+00:00 GATE_SKIP id=OAFX1065 window=OOS reason=IS_NOT_SURVIVOR decision=IS_REJECT net=281386.0 PF=1.4027 DD=34.8667%
2026-08-30T10:01:11+00:00 GATE_SKIP id=OAFX1066 window=OOS reason=IS_NOT_SURVIVOR decision=IS_REJECT net=281386.0 PF=1.4027 DD=34.8667%
2026-08-30T10:01:11+00:00 SCREEN_SKIP_EXISTING_FULLBOOK [67/1000] id=OAFX1067 reason=existing fullbook IS retained
2026-08-30T10:01:11+00:00 SCREEN_SKIP_EXISTING_FULLBOOK [68/1000] id=OAFX1068 reason=existing fullbook IS retained
2026-08-30T10:01:11+00:00 SCREEN_SKIP_EXISTING_FULLBOOK [69/1000] id=OAFX1069 reason=existing fullbook IS retained
2026-08-30T10:01:11+00:00 SKIP_EXISTING [67/1000] id=OAFX1067 window=IS
2026-08-30T10:01:11+00:00 SKIP_EXISTING [68/1000] id=OAFX1068 window=IS
2026-08-30T10:01:11+00:00 SKIP_EXISTING [69/1000] id=OAFX1069 window=IS
2026-08-30T10:01:11+00:00 GATE_SKIP id=OAFX1067 window=OOS reason=IS_NOT_SURVIVOR decision=IS_REJECT net=281386.0 PF=1.4027 DD=34.8667%
2026-08-30T10:01:11+00:00 GATE_SKIP id=OAFX1068 window=OOS reason=IS_NOT_SURVIVOR decision=IS_REJECT net=281386.0 PF=1.4027 DD=34.8667%
2026-08-30T10:01:11+00:00 GATE_SKIP id=OAFX1069 window=OOS reason=IS_NOT_SURVIVOR decision=IS_REJECT net=281386.0 PF=1.4027 DD=34.8667%
2026-08-30T10:01:11+00:00 SCREEN_SKIP_EXISTING_FULLBOOK [70/1000] id=OAFX1070 reason=existing fullbook IS retained
2026-08-30T10:01:11+00:00 SKIP_EXISTING [71/1000] id=OAFX1071 window=SCREEN_IS
2026-08-30T10:01:11+00:00 SKIP_EXISTING [72/1000] id=OAFX1072 window=SCREEN_IS
2026-08-30T10:01:11+00:00 SKIP_EXISTING [70/1000] id=OAFX1070 window=IS
2026-08-30T10:01:11+00:00 GATE_SKIP id=OAFX1071 window=IS reason=SINGLE_SLEEVE_INFERIOR decision=SCREEN_NOISE_BAND net=85371.0 PF=1.2198 DD=19.3044%
2026-08-30T10:01:11+00:00 GATE_SKIP id=OAFX1072 window=IS reason=SINGLE_SLEEVE_INFERIOR decision=SCREEN_NOISE_BAND net=85371.0 PF=1.2198 DD=19.3044%
2026-08-30T10:01:11+00:00 GATE_SKIP id=OAFX1070 window=OOS reason=IS_NOT_SURVIVOR decision=IS_REJECT net=281386.0 PF=1.4027 DD=34.8667%
2026-08-30T10:01:11+00:00 SKIP_EXISTING [73/1000] id=OAFX1073 window=SCREEN_IS
2026-08-30T10:01:11+00:00 SKIP_EXISTING [74/1000] id=OAFX1074 window=SCREEN_IS
2026-08-30T10:01:11+00:00 SKIP_EXISTING [75/1000] id=OAFX1075 window=SCREEN_IS
2026-08-30T10:01:11+00:00 GATE_SKIP id=OAFX1073 window=IS reason=SINGLE_SLEEVE_INFERIOR decision=SCREEN_NOISE_BAND net=85371.0 PF=1.2198 DD=19.3044%
2026-08-30T10:01:11+00:00 GATE_SKIP id=OAFX1074 window=IS reason=SINGLE_SLEEVE_INFERIOR decision=SCREEN_NOISE_BAND net=85371.0 PF=1.2198 DD=19.3044%
2026-08-30T10:01:11+00:00 GATE_SKIP id=OAFX1075 window=IS reason=SINGLE_SLEEVE_INFERIOR decision=SCREEN_NOISE_BAND net=85371.0 PF=1.2198 DD=19.3044%
2026-08-30T10:01:11+00:00 SKIP_EXISTING [76/1000] id=OAFX1076 window=SCREEN_IS
2026-08-30T10:01:11+00:00 SKIP_EXISTING [77/1000] id=OAFX1077 window=SCREEN_IS
2026-08-30T10:01:11+00:00 SKIP_EXISTING [78/1000] id=OAFX1078 window=SCREEN_IS
2026-08-30T10:01:11+00:00 GATE_SKIP id=OAFX1076 window=IS reason=SINGLE_SLEEVE_INFERIOR decision=SCREEN_NOISE_BAND net=85371.0 PF=1.2198 DD=19.3044%
2026-08-30T10:01:11+00:00 GATE_SKIP id=OAFX1077 window=IS reason=SINGLE_SLEEVE_INFERIOR decision=SCREEN_NOISE_BAND net=85371.0 PF=1.2198 DD=19.3044%
2026-08-30T10:01:11+00:00 GATE_SKIP id=OAFX1078 window=IS reason=SINGLE_SLEEVE_INFERIOR decision=SCREEN_NOISE_BAND net=85371.0 PF=1.2198 DD=19.3044%
2026-08-30T10:01:11+00:00 SKIP_EXISTING [79/1000] id=OAFX1079 window=SCREEN_IS
2026-08-30T10:01:11+00:00 SKIP_EXISTING [80/1000] id=OAFX1080 window=SCREEN_IS
2026-08-30T10:01:11+00:00 SKIP_EXISTING [81/1000] id=OAFX1081 window=SCREEN_IS
2026-08-30T10:01:11+00:00 GATE_SKIP id=OAFX1079 window=IS reason=SINGLE_SLEEVE_INFERIOR decision=SCREEN_NOISE_BAND net=85371.0 PF=1.2198 DD=19.3044%
2026-08-30T10:01:11+00:00 GATE_SKIP id=OAFX1080 window=IS reason=SINGLE_SLEEVE_INFERIOR decision=SCREEN_NOISE_BAND net=85371.0 PF=1.2198 DD=19.3044%
2026-08-30T10:01:11+00:00 GATE_SKIP id=OAFX1081 window=IS reason=SINGLE_SLEEVE_INFERIOR decision=SCREEN_OUT_SINGLE_SLEEVE net=84921.0 PF=1.2184 DD=19.5314%
2026-08-30T10:01:11+00:00 SKIP_EXISTING [82/1000] id=OAFX1082 window=SCREEN_IS
2026-08-30T10:01:11+00:00 SKIP_EXISTING [83/1000] id=OAFX1083 window=SCREEN_IS
2026-08-30T10:01:11+00:00 SKIP_EXISTING [84/1000] id=OAFX1084 window=SCREEN_IS
2026-08-30T10:01:11+00:00 GATE_SKIP id=OAFX1082 window=IS reason=SINGLE_SLEEVE_INFERIOR decision=SCREEN_OUT_SINGLE_SLEEVE net=84921.0 PF=1.2184 DD=19.5314%
2026-08-30T10:01:11+00:00 GATE_SKIP id=OAFX1083 window=IS reason=SINGLE_SLEEVE_INFERIOR decision=SCREEN_OUT_SINGLE_SLEEVE net=84921.0 PF=1.2184 DD=19.5314%
2026-08-30T10:01:11+00:00 GATE_SKIP id=OAFX1084 window=IS reason=SINGLE_SLEEVE_INFERIOR decision=SCREEN_OUT_SINGLE_SLEEVE net=84921.0 PF=1.2184 DD=19.5314%
2026-08-30T10:01:11+00:00 SKIP_EXISTING [85/1000] id=OAFX1085 window=SCREEN_IS
2026-08-30T10:01:11+00:00 SKIP_EXISTING [86/1000] id=OAFX1086 window=SCREEN_IS
2026-08-30T10:01:11+00:00 SKIP_EXISTING [87/1000] id=OAFX1087 window=SCREEN_IS
2026-08-30T10:01:11+00:00 GATE_SKIP id=OAFX1085 window=IS reason=SINGLE_SLEEVE_INFERIOR decision=SCREEN_OUT_SINGLE_SLEEVE net=84921.0 PF=1.2184 DD=19.5314%
2026-08-30T10:01:11+00:00 GATE_SKIP id=OAFX1086 window=IS reason=SINGLE_SLEEVE_INFERIOR decision=SCREEN_OUT_SINGLE_SLEEVE net=84921.0 PF=1.2184 DD=19.5314%
2026-08-30T10:01:11+00:00 GATE_SKIP id=OAFX1087 window=IS reason=SINGLE_SLEEVE_INFERIOR decision=SCREEN_OUT_SINGLE_SLEEVE net=84921.0 PF=1.2184 DD=19.5314%
2026-08-30T10:01:11+00:00 SKIP_EXISTING [88/1000] id=OAFX1088 window=SCREEN_IS
2026-08-30T10:01:11+00:00 SKIP_EXISTING [89/1000] id=OAFX1089 window=SCREEN_IS
2026-08-30T10:01:11+00:00 SKIP_EXISTING [90/1000] id=OAFX1090 window=SCREEN_IS
2026-08-30T10:01:11+00:00 GATE_SKIP id=OAFX1088 window=IS reason=SINGLE_SLEEVE_INFERIOR decision=SCREEN_OUT_SINGLE_SLEEVE net=84921.0 PF=1.2184 DD=19.5314%
2026-08-30T10:01:11+00:00 GATE_SKIP id=OAFX1089 window=IS reason=SINGLE_SLEEVE_INFERIOR decision=SCREEN_OUT_SINGLE_SLEEVE net=84921.0 PF=1.2184 DD=19.5314%
2026-08-30T10:01:11+00:00 GATE_SKIP id=OAFX1090 window=IS reason=SINGLE_SLEEVE_INFERIOR decision=SCREEN_OUT_SINGLE_SLEEVE net=84921.0 PF=1.2184 DD=19.5314%
2026-08-30T10:01:11+00:00 SKIP_EXISTING [91/1000] id=OAFX1091 window=SCREEN_IS
2026-08-30T10:01:11+00:00 SKIP_EXISTING [92/1000] id=OAFX1092 window=SCREEN_IS
2026-08-30T10:01:11+00:00 SKIP_EXISTING [93/1000] id=OAFX1093 window=SCREEN_IS
2026-08-30T10:01:11+00:00 GATE_SKIP id=OAFX1091 window=IS reason=SINGLE_SLEEVE_INFERIOR decision=SCREEN_OUT_SINGLE_SLEEVE net=84921.0 PF=1.2184 DD=19.5314%
2026-08-30T10:01:11+00:00 GATE_SKIP id=OAFX1092 window=IS reason=SINGLE_SLEEVE_INFERIOR decision=SCREEN_OUT_SINGLE_SLEEVE net=84921.0 PF=1.2184 DD=19.5314%
2026-08-30T10:01:11+00:00 GATE_SKIP id=OAFX1093 window=IS reason=SINGLE_SLEEVE_INFERIOR decision=SCREEN_OUT_SINGLE_SLEEVE net=84921.0 PF=1.2184 DD=19.5314%
2026-08-30T10:01:11+00:00 SKIP_EXISTING [94/1000] id=OAFX1094 window=SCREEN_IS
2026-08-30T10:01:11+00:00 SKIP_EXISTING [95/1000] id=OAFX1095 window=SCREEN_IS
2026-08-30T10:01:11+00:00 SKIP_EXISTING [96/1000] id=OAFX1096 window=SCREEN_IS
2026-08-30T10:01:11+00:00 GATE_SKIP id=OAFX1094 window=IS reason=SINGLE_SLEEVE_INFERIOR decision=SCREEN_OUT_SINGLE_SLEEVE net=84921.0 PF=1.2184 DD=19.5314%
2026-08-30T10:01:11+00:00 GATE_SKIP id=OAFX1095 window=IS reason=SINGLE_SLEEVE_INFERIOR decision=SCREEN_OUT_SINGLE_SLEEVE net=84921.0 PF=1.2184 DD=19.5314%
2026-08-30T10:01:11+00:00 GATE_SKIP id=OAFX1096 window=IS reason=SINGLE_SLEEVE_INFERIOR decision=SCREEN_OUT_SINGLE_SLEEVE net=84921.0 PF=1.2184 DD=19.5314%
2026-08-30T10:01:11+00:00 SKIP_EXISTING [97/1000] id=OAFX1097 window=SCREEN_IS
2026-08-30T10:01:11+00:00 SKIP_EXISTING [98/1000] id=OAFX1098 window=SCREEN_IS
2026-08-30T10:01:11+00:00 SKIP_EXISTING [99/1000] id=OAFX1099 window=SCREEN_IS
2026-08-30T10:01:11+00:00 GATE_SKIP id=OAFX1097 window=IS reason=SINGLE_SLEEVE_INFERIOR decision=SCREEN_OUT_SINGLE_SLEEVE net=84921.0 PF=1.2184 DD=19.5314%
2026-08-30T10:01:11+00:00 GATE_SKIP id=OAFX1098 window=IS reason=SINGLE_SLEEVE_INFERIOR decision=SCREEN_OUT_SINGLE_SLEEVE net=84921.0 PF=1.2184 DD=19.5314%
2026-08-30T10:01:11+00:00 GATE_SKIP id=OAFX1099 window=IS reason=SINGLE_SLEEVE_INFERIOR decision=SCREEN_OUT_SINGLE_SLEEVE net=84921.0 PF=1.2184 DD=19.5314%
2026-08-30T10:01:11+00:00 SKIP_EXISTING [100/1000] id=OAFX1100 window=SCREEN_IS
2026-08-30T10:01:11+00:00 SKIP_EXISTING [101/1000] id=OAFX1101 window=SCREEN_IS
2026-08-30T10:01:11+00:00 SKIP_EXISTING [102/1000] id=OAFX1102 window=SCREEN_IS
2026-08-30T10:01:11+00:00 GATE_SKIP id=OAFX1100 window=IS reason=SINGLE_SLEEVE_INFERIOR decision=SCREEN_OUT_SINGLE_SLEEVE net=84921.0 PF=1.2184 DD=19.5314%
2026-08-30T10:01:11+00:00 GATE_SKIP id=OAFX1101 window=IS reason=SINGLE_SLEEVE_INFERIOR decision=SCREEN_OUT_SINGLE_SLEEVE net=84533.0 PF=1.2315 DD=23.0838%
2026-08-30T10:01:11+00:00 GATE_SKIP id=OAFX1102 window=IS reason=SINGLE_SLEEVE_INFERIOR decision=SCREEN_OUT_SINGLE_SLEEVE net=80989.0 PF=1.2134 DD=20.4201%
2026-08-30T10:01:11+00:00 SCREEN_SKIP_EXISTING_FULLBOOK [103/1000] id=OAFX1103 reason=existing fullbook IS retained
2026-08-30T10:01:11+00:00 SCREEN_SKIP_EXISTING_FULLBOOK [104/1000] id=OAFX1104 reason=existing fullbook IS retained
2026-08-30T10:01:11+00:00 SCREEN_SKIP_EXISTING_FULLBOOK [105/1000] id=OAFX1105 reason=existing fullbook IS retained
2026-08-30T10:01:11+00:00 SKIP_EXISTING [103/1000] id=OAFX1103 window=IS
2026-08-30T10:01:11+00:00 SKIP_EXISTING [104/1000] id=OAFX1104 window=IS
2026-08-30T10:01:11+00:00 SKIP_EXISTING [105/1000] id=OAFX1105 window=IS
2026-08-30T10:01:11+00:00 GATE_SKIP id=OAFX1103 window=OOS reason=IS_NOT_SURVIVOR decision=IS_NOISE_BAND net=289511.0 PF=1.4199 DD=34.6012%
2026-08-30T10:01:11+00:00 GATE_SKIP id=OAFX1104 window=OOS reason=IS_NOT_SURVIVOR decision=IS_REJECT net=286851.0 PF=1.4144 DD=34.8667%
2026-08-30T10:01:11+00:00 GATE_SKIP id=OAFX1105 window=OOS reason=IS_NOT_SURVIVOR decision=IS_REJECT net=287131.0 PF=1.415 DD=34.8667%
2026-08-30T10:01:11+00:00 SCREEN_SKIP_EXISTING_FULLBOOK [106/1000] id=OAFX1106 reason=existing fullbook IS retained
2026-08-30T10:01:11+00:00 SCREEN_SKIP_EXISTING_FULLBOOK [107/1000] id=OAFX1107 reason=existing fullbook IS retained
2026-08-30T10:01:11+00:00 SCREEN_SKIP_EXISTING_FULLBOOK [108/1000] id=OAFX1108 reason=existing fullbook IS retained
2026-08-30T10:01:11+00:00 SKIP_EXISTING [106/1000] id=OAFX1106 window=IS
2026-08-30T10:01:11+00:00 SKIP_EXISTING [107/1000] id=OAFX1107 window=IS
2026-08-30T10:01:11+00:00 SKIP_EXISTING [108/1000] id=OAFX1108 window=IS
2026-08-30T10:01:11+00:00 GATE_SKIP id=OAFX1106 window=OOS reason=IS_NOT_SURVIVOR decision=IS_REJECT net=289528.0 PF=1.4193 DD=34.8667%
2026-08-30T10:01:11+00:00 GATE_SKIP id=OAFX1107 window=OOS reason=IS_NOT_SURVIVOR decision=IS_REJECT net=287788.0 PF=1.4157 DD=34.8667%
2026-08-30T10:01:11+00:00 GATE_SKIP id=OAFX1108 window=OOS reason=IS_NOT_SURVIVOR decision=IS_REJECT net=286162.0 PF=1.4124 DD=34.8667%
2026-08-30T10:01:11+00:00 SCREEN_SKIP_EXISTING_FULLBOOK [109/1000] id=OAFX1109 reason=existing fullbook IS retained
2026-08-30T10:01:11+00:00 SKIP_EXISTING [110/1000] id=OAFX1110 window=SCREEN_IS
2026-08-30T10:01:11+00:00 SKIP_EXISTING [111/1000] id=OAFX1111 window=SCREEN_IS
2026-08-30T10:01:11+00:00 SKIP_EXISTING [109/1000] id=OAFX1109 window=IS
2026-08-30T10:01:11+00:00 GATE_SKIP id=OAFX1110 window=IS reason=SINGLE_SLEEVE_INFERIOR decision=SCREEN_OUT_SINGLE_SLEEVE net=84921.0 PF=1.2184 DD=19.5314%
2026-08-30T10:01:11+00:00 GATE_SKIP id=OAFX1111 window=IS reason=SINGLE_SLEEVE_INFERIOR decision=SCREEN_OUT_SINGLE_SLEEVE net=79762.0 PF=1.2368 DD=20.6207%
2026-08-30T10:01:11+00:00 GATE_SKIP id=OAFX1109 window=OOS reason=IS_NOT_SURVIVOR decision=IS_REJECT net=283786.0 PF=1.4076 DD=34.8667%
2026-08-30T10:01:11+00:00 SKIP_EXISTING [112/1000] id=OAFX1112 window=SCREEN_IS
2026-08-30T10:01:11+00:00 SKIP_EXISTING [113/1000] id=OAFX1113 window=SCREEN_IS
2026-08-30T10:01:11+00:00 SCREEN_SKIP_EXISTING_FULLBOOK [114/1000] id=OAFX1114 reason=existing fullbook IS retained
2026-08-30T10:01:11+00:00 GATE_SKIP id=OAFX1112 window=IS reason=SINGLE_SLEEVE_INFERIOR decision=SCREEN_OUT_SINGLE_SLEEVE net=79842.0 PF=1.2194 DD=20.9389%
2026-08-30T10:01:11+00:00 GATE_SKIP id=OAFX1113 window=IS reason=SINGLE_SLEEVE_INFERIOR decision=SCREEN_OUT_SINGLE_SLEEVE net=84531.0 PF=1.2248 DD=19.8004%
2026-08-30T10:01:11+00:00 SKIP_EXISTING [114/1000] id=OAFX1114 window=IS
2026-08-30T10:01:11+00:00 SCREEN_SKIP_EXISTING_FULLBOOK [115/1000] id=OAFX1115 reason=existing fullbook IS retained
2026-08-30T10:01:11+00:00 SCREEN_SKIP_EXISTING_FULLBOOK [116/1000] id=OAFX1116 reason=existing fullbook IS retained
2026-08-30T10:01:11+00:00 GATE_SKIP id=OAFX1114 window=OOS reason=IS_NOT_SURVIVOR decision=IS_NOISE_BAND net=291898.0 PF=1.4248 DD=34.6422%
2026-08-30T10:01:11+00:00 SKIP_EXISTING [115/1000] id=OAFX1115 window=IS
2026-08-30T10:01:11+00:00 SKIP_EXISTING [116/1000] id=OAFX1116 window=IS
2026-08-30T10:01:11+00:00 SCREEN_SKIP_EXISTING_FULLBOOK [117/1000] id=OAFX1117 reason=existing fullbook IS retained
2026-08-30T10:01:11+00:00 GATE_SKIP id=OAFX1115 window=OOS reason=IS_NOT_SURVIVOR decision=IS_REJECT net=289316.0 PF=1.4195 DD=34.8667%
2026-08-30T10:01:11+00:00 GATE_SKIP id=OAFX1116 window=OOS reason=IS_NOT_SURVIVOR decision=IS_REJECT net=286282.0 PF=1.4132 DD=34.8667%
2026-08-30T10:01:11+00:00 SKIP_EXISTING [117/1000] id=OAFX1117 window=IS
2026-08-30T10:01:11+00:00 SCREEN_SKIP_EXISTING_FULLBOOK [118/1000] id=OAFX1118 reason=existing fullbook IS retained
2026-08-30T10:01:11+00:00 SCREEN_SKIP_EXISTING_FULLBOOK [119/1000] id=OAFX1119 reason=existing fullbook IS retained
2026-08-30T10:01:11+00:00 GATE_SKIP id=OAFX1117 window=OOS reason=IS_NOT_SURVIVOR decision=IS_REJECT net=287997.0 PF=1.4161 DD=34.8667%
2026-08-30T10:01:11+00:00 SKIP_EXISTING [118/1000] id=OAFX1118 window=IS
2026-08-30T10:01:11+00:00 SKIP_EXISTING [119/1000] id=OAFX1119 window=IS
2026-08-30T10:01:11+00:00 SKIP_EXISTING [120/1000] id=OAFX1120 window=SCREEN_IS
2026-08-30T10:01:11+00:00 GATE_SKIP id=OAFX1118 window=OOS reason=IS_NOT_SURVIVOR decision=IS_REJECT net=286241.0 PF=1.4126 DD=34.8667%
2026-08-30T10:01:11+00:00 GATE_SKIP id=OAFX1119 window=OOS reason=IS_NOT_SURVIVOR decision=IS_REJECT net=283786.0 PF=1.4076 DD=34.8667%
2026-08-30T10:01:11+00:00 GATE_SKIP id=OAFX1120 window=IS reason=SINGLE_SLEEVE_INFERIOR decision=SCREEN_OUT_SINGLE_SLEEVE net=84921.0 PF=1.2184 DD=19.5314%
2026-08-30T10:01:11+00:00 SKIP_EXISTING [121/1000] id=OAFX1121 window=SCREEN_IS
2026-08-30T10:01:11+00:00 SKIP_EXISTING [122/1000] id=OAFX1122 window=SCREEN_IS
2026-08-30T10:01:11+00:00 SKIP_EXISTING [123/1000] id=OAFX1123 window=SCREEN_IS
2026-08-30T10:01:11+00:00 GATE_SKIP id=OAFX1121 window=IS reason=SINGLE_SLEEVE_INFERIOR decision=SCREEN_OUT_SINGLE_SLEEVE net=55032.0 PF=1.1647 DD=25.4044%
2026-08-30T10:01:11+00:00 GATE_SKIP id=OAFX1122 window=IS reason=SINGLE_SLEEVE_INFERIOR decision=SCREEN_OUT_SINGLE_SLEEVE net=62361.0 PF=1.1728 DD=22.3093%
2026-08-30T10:01:11+00:00 GATE_SKIP id=OAFX1123 window=IS reason=SINGLE_SLEEVE_INFERIOR decision=SCREEN_OUT_SINGLE_SLEEVE net=77459.0 PF=1.2074 DD=20.845%
2026-08-30T10:01:11+00:00 SCREEN_SKIP_EXISTING_FULLBOOK [124/1000] id=OAFX1124 reason=existing fullbook IS retained
2026-08-30T10:01:11+00:00 SCREEN_SKIP_EXISTING_FULLBOOK [125/1000] id=OAFX1125 reason=existing fullbook IS retained
2026-08-30T10:01:11+00:00 SCREEN_SKIP_EXISTING_FULLBOOK [126/1000] id=OAFX1126 reason=existing fullbook IS retained
2026-08-30T10:01:11+00:00 SKIP_EXISTING [124/1000] id=OAFX1124 window=IS
2026-08-30T10:01:11+00:00 SKIP_EXISTING [125/1000] id=OAFX1125 window=IS
2026-08-30T10:01:11+00:00 SKIP_EXISTING [126/1000] id=OAFX1126 window=IS
2026-08-30T10:01:11+00:00 GATE_SKIP id=OAFX1124 window=OOS reason=IS_NOT_SURVIVOR decision=IS_REJECT net=283233.0 PF=1.4119 DD=46.512%
2026-08-30T10:01:11+00:00 GATE_SKIP id=OAFX1125 window=OOS reason=IS_NOT_SURVIVOR decision=IS_NOISE_BAND net=293190.0 PF=1.4276 DD=34.7051%
2026-08-30T10:01:11+00:00 GATE_SKIP id=OAFX1126 window=OOS reason=IS_NOT_SURVIVOR decision=IS_NOISE_BAND net=287106.0 PF=1.4149 DD=34.7615%
2026-08-30T10:01:11+00:00 SCREEN_SKIP_EXISTING_FULLBOOK [127/1000] id=OAFX1127 reason=existing fullbook IS retained
2026-08-30T10:01:11+00:00 SCREEN_SKIP_EXISTING_FULLBOOK [128/1000] id=OAFX1128 reason=existing fullbook IS retained
2026-08-30T10:01:11+00:00 SCREEN_SKIP_EXISTING_FULLBOOK [129/1000] id=OAFX1129 reason=existing fullbook IS retained
2026-08-30T10:01:11+00:00 SKIP_EXISTING [127/1000] id=OAFX1127 window=IS
2026-08-30T10:01:11+00:00 SKIP_EXISTING [128/1000] id=OAFX1128 window=IS
2026-08-30T10:01:11+00:00 SKIP_EXISTING [129/1000] id=OAFX1129 window=IS
2026-08-30T10:01:11+00:00 GATE_SKIP id=OAFX1127 window=OOS reason=IS_NOT_SURVIVOR decision=IS_REJECT net=287675.0 PF=1.4155 DD=34.8667%
2026-08-30T10:01:11+00:00 GATE_SKIP id=OAFX1128 window=OOS reason=IS_NOT_SURVIVOR decision=IS_REJECT net=286241.0 PF=1.4126 DD=34.8667%
2026-08-30T10:01:11+00:00 GATE_SKIP id=OAFX1129 window=OOS reason=IS_NOT_SURVIVOR decision=IS_REJECT net=283786.0 PF=1.4076 DD=34.8667%
2026-08-30T10:01:11+00:00 SKIP_EXISTING [130/1000] id=OAFX1130 window=SCREEN_IS
2026-08-30T10:01:11+00:00 SKIP_EXISTING [131/1000] id=OAFX1131 window=SCREEN_IS
2026-08-30T10:01:11+00:00 SKIP_EXISTING [132/1000] id=OAFX1132 window=SCREEN_IS
2026-08-30T10:01:11+00:00 GATE_SKIP id=OAFX1130 window=IS reason=SINGLE_SLEEVE_INFERIOR decision=SCREEN_OUT_SINGLE_SLEEVE net=84921.0 PF=1.2184 DD=19.5314%
2026-08-30T10:01:11+00:00 GATE_SKIP id=OAFX1131 window=IS reason=SINGLE_SLEEVE_INFERIOR decision=SCREEN_OUT_SINGLE_SLEEVE net=55854.0 PF=1.1748 DD=20.6462%
2026-08-30T10:01:11+00:00 GATE_SKIP id=OAFX1132 window=IS reason=SINGLE_SLEEVE_INFERIOR decision=SCREEN_OUT_SINGLE_SLEEVE net=57562.0 PF=1.163 DD=21.678%
2026-08-30T10:01:11+00:00 SKIP_EXISTING [133/1000] id=OAFX1133 window=SCREEN_IS
2026-08-30T10:01:11+00:00 SCREEN_SKIP_EXISTING_FULLBOOK [134/1000] id=OAFX1134 reason=existing fullbook IS retained
2026-08-30T10:01:11+00:00 SCREEN_SKIP_EXISTING_FULLBOOK [135/1000] id=OAFX1135 reason=existing fullbook IS retained
2026-08-30T10:01:11+00:00 GATE_SKIP id=OAFX1133 window=IS reason=SINGLE_SLEEVE_INFERIOR decision=SCREEN_OUT_SINGLE_SLEEVE net=67074.0 PF=1.1804 DD=20.7158%
2026-08-30T10:01:11+00:00 SKIP_EXISTING [134/1000] id=OAFX1134 window=IS
2026-08-30T10:01:11+00:00 SKIP_EXISTING [135/1000] id=OAFX1135 window=IS
2026-08-30T10:01:11+00:00 SCREEN_SKIP_EXISTING_FULLBOOK [136/1000] id=OAFX1136 reason=existing fullbook IS retained
2026-08-30T10:01:11+00:00 GATE_SKIP id=OAFX1134 window=OOS reason=IS_NOT_SURVIVOR decision=IS_REJECT net=282005.0 PF=1.41 DD=47.4318%
2026-08-30T10:01:11+00:00 GATE_SKIP id=OAFX1135 window=OOS reason=IS_NOT_SURVIVOR decision=IS_REJECT net=282124.0 PF=1.4086 DD=45.668%
2026-08-30T10:01:11+00:00 SKIP_EXISTING [136/1000] id=OAFX1136 window=IS
2026-08-30T10:01:11+00:00 SCREEN_SKIP_EXISTING_FULLBOOK [137/1000] id=OAFX1137 reason=existing fullbook IS retained
2026-08-30T10:01:11+00:00 SCREEN_SKIP_EXISTING_FULLBOOK [138/1000] id=OAFX1138 reason=existing fullbook IS retained
2026-08-30T10:01:11+00:00 GATE_SKIP id=OAFX1136 window=OOS reason=IS_NOT_SURVIVOR decision=IS_NOISE_BAND net=287288.0 PF=1.4153 DD=34.7615%
2026-08-30T10:01:11+00:00 SKIP_EXISTING [137/1000] id=OAFX1137 window=IS
2026-08-30T10:01:11+00:00 SKIP_EXISTING [138/1000] id=OAFX1138 window=IS
2026-08-30T10:01:11+00:00 SCREEN_SKIP_EXISTING_FULLBOOK [139/1000] id=OAFX1139 reason=existing fullbook IS retained
2026-08-30T10:01:11+00:00 GATE_SKIP id=OAFX1137 window=OOS reason=IS_NOT_SURVIVOR decision=IS_REJECT net=288292.0 PF=1.4167 DD=34.8667%
2026-08-30T10:01:11+00:00 GATE_SKIP id=OAFX1138 window=OOS reason=IS_NOT_SURVIVOR decision=IS_REJECT net=286241.0 PF=1.4126 DD=34.8667%
2026-08-30T10:01:11+00:00 SKIP_EXISTING [139/1000] id=OAFX1139 window=IS
2026-08-30T10:01:11+00:00 SKIP_EXISTING [140/1000] id=OAFX1140 window=SCREEN_IS
2026-08-30T10:01:11+00:00 SKIP_EXISTING [141/1000] id=OAFX1141 window=SCREEN_IS
2026-08-30T10:01:11+00:00 GATE_SKIP id=OAFX1139 window=OOS reason=IS_NOT_SURVIVOR decision=IS_REJECT net=283786.0 PF=1.4076 DD=34.8667%
2026-08-30T10:01:11+00:00 GATE_SKIP id=OAFX1140 window=IS reason=SINGLE_SLEEVE_INFERIOR decision=SCREEN_OUT_SINGLE_SLEEVE net=84921.0 PF=1.2184 DD=19.5314%
2026-08-30T10:01:11+00:00 GATE_SKIP id=OAFX1141 window=IS reason=SINGLE_SLEEVE_INFERIOR decision=SCREEN_OUT_SINGLE_SLEEVE net=43663.0 PF=1.1431 DD=31.1959%
2026-08-30T10:01:11+00:00 SKIP_EXISTING [142/1000] id=OAFX1142 window=SCREEN_IS
2026-08-30T10:01:11+00:00 SKIP_EXISTING [143/1000] id=OAFX1143 window=SCREEN_IS
2026-08-30T10:01:11+00:00 SKIP_EXISTING [144/1000] id=OAFX1144 window=SCREEN_IS
2026-08-30T10:01:11+00:00 GATE_SKIP id=OAFX1142 window=IS reason=SINGLE_SLEEVE_INFERIOR decision=SCREEN_OUT_SINGLE_SLEEVE net=51866.0 PF=1.147 DD=25.0108%
2026-08-30T10:01:11+00:00 GATE_SKIP id=OAFX1143 window=IS reason=SINGLE_SLEEVE_INFERIOR decision=SCREEN_OUT_SINGLE_SLEEVE net=68763.0 PF=1.1872 DD=22.1405%
2026-08-30T10:01:11+00:00 GATE_SKIP id=OAFX1144 window=IS reason=SINGLE_SLEEVE_INFERIOR decision=SCREEN_NOISE_BAND net=85230.0 PF=1.2281 DD=18.8841%
2026-08-30T10:01:11+00:00 SCREEN_SKIP_EXISTING_FULLBOOK [145/1000] id=OAFX1145 reason=existing fullbook IS retained
2026-08-30T10:01:11+00:00 SCREEN_SKIP_EXISTING_FULLBOOK [146/1000] id=OAFX1146 reason=existing fullbook IS retained
2026-08-30T10:01:11+00:00 SCREEN_SKIP_EXISTING_FULLBOOK [147/1000] id=OAFX1147 reason=existing fullbook IS retained
2026-08-30T10:01:11+00:00 SKIP_EXISTING [145/1000] id=OAFX1145 window=IS
2026-08-30T10:01:11+00:00 SKIP_EXISTING [146/1000] id=OAFX1146 window=IS
2026-08-30T10:01:11+00:00 SKIP_EXISTING [147/1000] id=OAFX1147 window=IS
2026-08-30T10:01:11+00:00 GATE_SKIP id=OAFX1145 window=OOS reason=IS_NOT_SURVIVOR decision=IS_REJECT net=281264.0 PF=1.4073 DD=45.9348%
2026-08-30T10:01:11+00:00 GATE_SKIP id=OAFX1146 window=OOS reason=IS_NOT_SURVIVOR decision=IS_REJECT net=281659.0 PF=1.4074 DD=44.9727%
2026-08-30T10:01:11+00:00 GATE_SKIP id=OAFX1147 window=OOS reason=IS_NOT_SURVIVOR decision=IS_REJECT net=288980.0 PF=1.4182 DD=34.8667%
2026-08-30T10:01:11+00:00 SCREEN_SKIP_EXISTING_FULLBOOK [148/1000] id=OAFX1148 reason=existing fullbook IS retained
2026-08-30T10:01:11+00:00 SCREEN_SKIP_EXISTING_FULLBOOK [149/1000] id=OAFX1149 reason=existing fullbook IS retained
2026-08-30T10:01:11+00:00 SKIP_EXISTING [150/1000] id=OAFX1150 window=SCREEN_IS
2026-08-30T10:01:11+00:00 SKIP_EXISTING [148/1000] id=OAFX1148 window=IS
2026-08-30T10:01:11+00:00 SKIP_EXISTING [149/1000] id=OAFX1149 window=IS
2026-08-30T10:01:11+00:00 GATE_SKIP id=OAFX1150 window=IS reason=SINGLE_SLEEVE_INFERIOR decision=SCREEN_OUT_SINGLE_SLEEVE net=84921.0 PF=1.2184 DD=19.5314%
2026-08-30T10:01:11+00:00 GATE_SKIP id=OAFX1148 window=OOS reason=IS_NOT_SURVIVOR decision=IS_REJECT net=286768.0 PF=1.4136 DD=34.8667%
2026-08-30T10:01:11+00:00 GATE_SKIP id=OAFX1149 window=OOS reason=IS_NOT_SURVIVOR decision=IS_REJECT net=283786.0 PF=1.4076 DD=34.8667%
2026-08-30T10:01:11+00:00 SKIP_EXISTING [151/1000] id=OAFX1151 window=SCREEN_IS
2026-08-30T10:01:11+00:00 SKIP_EXISTING [152/1000] id=OAFX1152 window=SCREEN_IS
2026-08-30T10:01:11+00:00 SKIP_EXISTING [153/1000] id=OAFX1153 window=SCREEN_IS
2026-08-30T10:01:11+00:00 GATE_SKIP id=OAFX1151 window=IS reason=SINGLE_SLEEVE_INFERIOR decision=SCREEN_OUT_SINGLE_SLEEVE net=32821.0 PF=1.1102 DD=32.0237%
2026-08-30T10:01:11+00:00 GATE_SKIP id=OAFX1152 window=IS reason=SINGLE_SLEEVE_INFERIOR decision=SCREEN_OUT_SINGLE_SLEEVE net=62939.0 PF=1.1869 DD=20.0667%
2026-08-30T10:01:11+00:00 GATE_SKIP id=OAFX1153 window=IS reason=SINGLE_SLEEVE_INFERIOR decision=SCREEN_OUT_SINGLE_SLEEVE net=66879.0 PF=1.1845 DD=23.7021%
2026-08-30T10:01:11+00:00 SCREEN_SKIP_EXISTING_FULLBOOK [154/1000] id=OAFX1154 reason=existing fullbook IS retained
2026-08-30T10:01:11+00:00 SCREEN_SKIP_EXISTING_FULLBOOK [155/1000] id=OAFX1155 reason=existing fullbook IS retained
2026-08-30T10:01:11+00:00 SCREEN_SKIP_EXISTING_FULLBOOK [156/1000] id=OAFX1156 reason=existing fullbook IS retained
2026-08-30T10:01:11+00:00 SKIP_EXISTING [154/1000] id=OAFX1154 window=IS
2026-08-30T10:01:11+00:00 SKIP_EXISTING [155/1000] id=OAFX1155 window=IS
2026-08-30T10:01:11+00:00 SKIP_EXISTING [156/1000] id=OAFX1156 window=IS
2026-08-30T10:01:11+00:00 GATE_SKIP id=OAFX1154 window=OOS reason=IS_NOT_SURVIVOR decision=IS_REJECT net=289940.0 PF=1.4296 DD=43.4141%
2026-08-30T10:01:11+00:00 GATE_SKIP id=OAFX1155 window=OOS reason=IS_NOT_SURVIVOR decision=IS_REJECT net=283479.0 PF=1.4119 DD=45.5615%
2026-08-30T10:01:11+00:00 GATE_SKIP id=OAFX1156 window=OOS reason=IS_NOT_SURVIVOR decision=IS_REJECT net=281841.0 PF=1.4079 DD=45.7642%
2026-08-30T10:01:11+00:00 SCREEN_SKIP_EXISTING_FULLBOOK [157/1000] id=OAFX1157 reason=existing fullbook IS retained
2026-08-30T10:01:11+00:00 SCREEN_SKIP_EXISTING_FULLBOOK [158/1000] id=OAFX1158 reason=existing fullbook IS retained
2026-08-30T10:01:11+00:00 SCREEN_SKIP_EXISTING_FULLBOOK [159/1000] id=OAFX1159 reason=existing fullbook IS retained
2026-08-30T10:01:11+00:00 SKIP_EXISTING [157/1000] id=OAFX1157 window=IS
2026-08-30T10:01:11+00:00 SKIP_EXISTING [158/1000] id=OAFX1158 window=IS
2026-08-30T10:01:11+00:00 SKIP_EXISTING [159/1000] id=OAFX1159 window=IS
2026-08-30T10:01:11+00:00 GATE_SKIP id=OAFX1157 window=OOS reason=IS_NOT_SURVIVOR decision=IS_REJECT net=289569.0 PF=1.4194 DD=34.8667%
2026-08-30T10:01:11+00:00 GATE_SKIP id=OAFX1158 window=OOS reason=IS_NOT_SURVIVOR decision=IS_REJECT net=287078.0 PF=1.4143 DD=34.8667%
2026-08-30T10:01:11+00:00 GATE_SKIP id=OAFX1159 window=OOS reason=IS_NOT_SURVIVOR decision=IS_REJECT net=283786.0 PF=1.4076 DD=34.8667%
2026-08-30T10:01:11+00:00 SKIP_EXISTING [160/1000] id=OAFX1160 window=SCREEN_IS
2026-08-30T10:01:12+00:00 SKIP_EXISTING [161/1000] id=OAFX1161 window=SCREEN_IS
2026-08-30T10:01:12+00:00 SKIP_EXISTING [162/1000] id=OAFX1162 window=SCREEN_IS
2026-08-30T10:01:12+00:00 GATE_SKIP id=OAFX1160 window=IS reason=SINGLE_SLEEVE_INFERIOR decision=SCREEN_OUT_SINGLE_SLEEVE net=84921.0 PF=1.2184 DD=19.5314%
2026-08-30T10:01:12+00:00 GATE_SKIP id=OAFX1161 window=IS reason=SINGLE_SLEEVE_INFERIOR decision=SCREEN_OUT_SINGLE_SLEEVE net=33702.0 PF=1.1152 DD=29.3494%
2026-08-30T10:01:12+00:00 GATE_SKIP id=OAFX1162 window=IS reason=SINGLE_SLEEVE_INFERIOR decision=SCREEN_OUT_SINGLE_SLEEVE net=66804.0 PF=1.2011 DD=18.836%
2026-08-30T10:01:12+00:00 SKIP_EXISTING [163/1000] id=OAFX1163 window=SCREEN_IS
2026-08-30T10:01:12+00:00 SCREEN_SKIP_EXISTING_FULLBOOK [164/1000] id=OAFX1164 reason=existing fullbook IS retained
2026-08-30T10:01:12+00:00 SCREEN_SKIP_EXISTING_FULLBOOK [165/1000] id=OAFX1165 reason=existing fullbook IS retained
2026-08-30T10:01:12+00:00 GATE_SKIP id=OAFX1163 window=IS reason=SINGLE_SLEEVE_INFERIOR decision=SCREEN_OUT_SINGLE_SLEEVE net=70291.0 PF=1.1965 DD=21.3338%
2026-08-30T10:01:12+00:00 SKIP_EXISTING [164/1000] id=OAFX1164 window=IS
2026-08-30T10:01:12+00:00 SKIP_EXISTING [165/1000] id=OAFX1165 window=IS
2026-08-30T10:01:12+00:00 SCREEN_SKIP_EXISTING_FULLBOOK [166/1000] id=OAFX1166 reason=existing fullbook IS retained
2026-08-30T10:01:12+00:00 GATE_SKIP id=OAFX1164 window=OOS reason=IS_NOT_SURVIVOR decision=IS_REJECT net=289790.0 PF=1.4304 DD=43.7899%
2026-08-30T10:01:12+00:00 GATE_SKIP id=OAFX1165 window=OOS reason=IS_NOT_SURVIVOR decision=IS_REJECT net=283205.0 PF=1.412 DD=44.1504%
2026-08-30T10:01:12+00:00 SKIP_EXISTING [166/1000] id=OAFX1166 window=IS
2026-08-30T10:01:12+00:00 SCREEN_SKIP_EXISTING_FULLBOOK [167/1000] id=OAFX1167 reason=existing fullbook IS retained
2026-08-30T10:01:12+00:00 SCREEN_SKIP_EXISTING_FULLBOOK [168/1000] id=OAFX1168 reason=existing fullbook IS retained
2026-08-30T10:01:12+00:00 GATE_SKIP id=OAFX1166 window=OOS reason=IS_NOT_SURVIVOR decision=IS_REJECT net=284040.0 PF=1.4124 DD=44.8931%
2026-08-30T10:01:12+00:00 SKIP_EXISTING [167/1000] id=OAFX1167 window=IS
2026-08-30T10:01:12+00:00 SKIP_EXISTING [168/1000] id=OAFX1168 window=IS
2026-08-30T10:01:12+00:00 SCREEN_SKIP_EXISTING_FULLBOOK [169/1000] id=OAFX1169 reason=existing fullbook IS retained
2026-08-30T10:01:12+00:00 GATE_SKIP id=OAFX1167 window=OOS reason=IS_NOT_SURVIVOR decision=IS_NOISE_BAND net=291719.0 PF=1.4238 DD=34.8577%
2026-08-30T10:01:12+00:00 GATE_SKIP id=OAFX1168 window=OOS reason=IS_NOT_SURVIVOR decision=IS_REJECT net=287306.0 PF=1.4147 DD=34.8667%
2026-08-30T10:01:12+00:00 SKIP_EXISTING [169/1000] id=OAFX1169 window=IS
2026-08-30T10:01:12+00:00 SKIP_EXISTING [170/1000] id=OAFX1170 window=SCREEN_IS
2026-08-30T10:01:12+00:00 SKIP_EXISTING [171/1000] id=OAFX1171 window=SCREEN_IS
2026-08-30T10:01:12+00:00 GATE_SKIP id=OAFX1169 window=OOS reason=IS_NOT_SURVIVOR decision=IS_REJECT net=284114.0 PF=1.4082 DD=34.8667%
2026-08-30T10:01:12+00:00 GATE_SKIP id=OAFX1170 window=IS reason=SINGLE_SLEEVE_INFERIOR decision=SCREEN_NOISE_BAND net=85088.0 PF=1.2189 DD=19.4471%
2026-08-30T10:01:12+00:00 GATE_SKIP id=OAFX1171 window=IS reason=SINGLE_SLEEVE_INFERIOR decision=SCREEN_OUT_SINGLE_SLEEVE net=37654.0 PF=1.1313 DD=25.8143%
2026-08-30T10:01:12+00:00 SCREEN_SKIP_EXISTING_FULLBOOK [172/1000] id=OAFX1172 reason=existing fullbook IS retained
2026-08-30T10:01:12+00:00 SKIP_EXISTING [173/1000] id=OAFX1173 window=SCREEN_IS
2026-08-30T10:01:12+00:00 SCREEN_SKIP_EXISTING_FULLBOOK [174/1000] id=OAFX1174 reason=existing fullbook IS retained
2026-08-30T10:01:12+00:00 SKIP_EXISTING [172/1000] id=OAFX1172 window=IS
2026-08-30T10:01:12+00:00 GATE_SKIP id=OAFX1173 window=IS reason=SINGLE_SLEEVE_INFERIOR decision=SCREEN_NOISE_BAND net=74393.0 PF=1.2121 DD=19.4065%
2026-08-30T10:01:12+00:00 SKIP_EXISTING [174/1000] id=OAFX1174 window=IS
2026-08-30T10:01:12+00:00 GATE_SKIP id=OAFX1172 window=OOS reason=IS_NOT_SURVIVOR decision=IS_REJECT net=271514.0 PF=1.4303 DD=48.2002%
2026-08-30T10:01:12+00:00 SCREEN_SKIP_EXISTING_FULLBOOK [175/1000] id=OAFX1175 reason=existing fullbook IS retained
2026-08-30T10:01:12+00:00 GATE_SKIP id=OAFX1174 window=OOS reason=IS_NOT_SURVIVOR decision=IS_REJECT net=285787.0 PF=1.4238 DD=43.7899%
2026-08-30T10:01:12+00:00 SCREEN_SKIP_EXISTING_FULLBOOK [176/1000] id=OAFX1176 reason=existing fullbook IS retained
2026-08-30T10:01:12+00:00 SKIP_EXISTING [175/1000] id=OAFX1175 window=IS
2026-08-30T10:01:12+00:00 SCREEN_SKIP_EXISTING_FULLBOOK [177/1000] id=OAFX1177 reason=existing fullbook IS retained
2026-08-30T10:01:12+00:00 SKIP_EXISTING [176/1000] id=OAFX1176 window=IS
2026-08-30T10:01:12+00:00 GATE_SKIP id=OAFX1175 window=OOS reason=IS_NOT_SURVIVOR decision=IS_REJECT net=288035.0 PF=1.4235 DD=44.1504%
2026-08-30T10:01:12+00:00 SKIP_EXISTING [177/1000] id=OAFX1177 window=IS
2026-08-30T10:01:12+00:00 GATE_SKIP id=OAFX1176 window=OOS reason=IS_NOT_SURVIVOR decision=IS_REJECT net=283238.0 PF=1.4121 DD=44.7572%
2026-08-30T10:01:12+00:00 SCREEN_SKIP_EXISTING_FULLBOOK [178/1000] id=OAFX1178 reason=existing fullbook IS retained
2026-08-30T10:01:12+00:00 GATE_SKIP id=OAFX1177 window=OOS reason=IS_NOT_SURVIVOR decision=IS_NOISE_BAND net=292084.0 PF=1.4246 DD=34.8577%
2026-08-30T10:01:12+00:00 SCREEN_SKIP_EXISTING_FULLBOOK [179/1000] id=OAFX1179 reason=existing fullbook IS retained
2026-08-30T10:01:12+00:00 SKIP_EXISTING [178/1000] id=OAFX1178 window=IS
2026-08-30T10:01:12+00:00 SKIP_EXISTING [180/1000] id=OAFX1180 window=SCREEN_IS
2026-08-30T10:01:12+00:00 SKIP_EXISTING [179/1000] id=OAFX1179 window=IS
2026-08-30T10:01:12+00:00 GATE_SKIP id=OAFX1178 window=OOS reason=IS_NOT_SURVIVOR decision=IS_REJECT net=287384.0 PF=1.4149 DD=34.8667%
2026-08-30T10:01:12+00:00 GATE_SKIP id=OAFX1180 window=IS reason=SINGLE_SLEEVE_INFERIOR decision=SCREEN_NOISE_BAND net=85088.0 PF=1.2189 DD=19.4471%
2026-08-30T10:01:12+00:00 GATE_SKIP id=OAFX1179 window=OOS reason=IS_NOT_SURVIVOR decision=IS_REJECT net=284114.0 PF=1.4082 DD=34.8667%
2026-08-30T10:01:12+00:00 SKIP_EXISTING [181/1000] id=OAFX1181 window=SCREEN_IS
2026-08-30T10:01:12+00:00 SCREEN_SKIP_EXISTING_FULLBOOK [182/1000] id=OAFX1182 reason=existing fullbook IS retained
2026-08-30T10:01:12+00:00 SKIP_EXISTING [183/1000] id=OAFX1183 window=SCREEN_IS
2026-08-30T10:01:12+00:00 GATE_SKIP id=OAFX1181 window=IS reason=SINGLE_SLEEVE_INFERIOR decision=SCREEN_OUT_SINGLE_SLEEVE net=40207.0 PF=1.142 DD=25.2942%
2026-08-30T10:01:12+00:00 SKIP_EXISTING [182/1000] id=OAFX1182 window=IS
2026-08-30T10:01:12+00:00 GATE_SKIP id=OAFX1183 window=IS reason=SINGLE_SLEEVE_INFERIOR decision=SCREEN_OUT_SINGLE_SLEEVE net=76354.0 PF=1.2194 DD=18.4768%
2026-08-30T10:01:12+00:00 SCREEN_SKIP_EXISTING_FULLBOOK [184/1000] id=OAFX1184 reason=existing fullbook IS retained
2026-08-30T10:01:12+00:00 GATE_SKIP id=OAFX1182 window=OOS reason=IS_NOT_SURVIVOR decision=IS_REJECT net=273745.0 PF=1.4361 DD=47.4844%
2026-08-30T10:01:12+00:00 SCREEN_SKIP_EXISTING_FULLBOOK [185/1000] id=OAFX1185 reason=existing fullbook IS retained
2026-08-30T10:01:12+00:00 SKIP_EXISTING [184/1000] id=OAFX1184 window=IS
2026-08-30T10:01:12+00:00 SCREEN_SKIP_EXISTING_FULLBOOK [186/1000] id=OAFX1186 reason=existing fullbook IS retained
2026-08-30T10:01:12+00:00 SKIP_EXISTING [185/1000] id=OAFX1185 window=IS
2026-08-30T10:01:12+00:00 GATE_SKIP id=OAFX1184 window=OOS reason=IS_NOT_SURVIVOR decision=IS_REJECT net=288704.0 PF=1.4305 DD=43.89%
2026-08-30T10:01:12+00:00 SKIP_EXISTING [186/1000] id=OAFX1186 window=IS
2026-08-30T10:01:12+00:00 GATE_SKIP id=OAFX1185 window=OOS reason=IS_NOT_SURVIVOR decision=IS_REJECT net=286471.0 PF=1.4202 DD=44.5968%
2026-08-30T10:01:12+00:00 SCREEN_SKIP_EXISTING_FULLBOOK [187/1000] id=OAFX1187 reason=existing fullbook IS retained
2026-08-30T10:01:12+00:00 GATE_SKIP id=OAFX1186 window=OOS reason=IS_NOT_SURVIVOR decision=IS_REJECT net=285677.0 PF=1.4172 DD=44.7572%
2026-08-30T10:01:12+00:00 SCREEN_SKIP_EXISTING_FULLBOOK [188/1000] id=OAFX1188 reason=existing fullbook IS retained
2026-08-30T10:01:12+00:00 SKIP_EXISTING [187/1000] id=OAFX1187 window=IS
2026-08-30T10:01:12+00:00 SCREEN_SKIP_EXISTING_FULLBOOK [189/1000] id=OAFX1189 reason=existing fullbook IS retained
2026-08-30T10:01:12+00:00 SKIP_EXISTING [188/1000] id=OAFX1188 window=IS
2026-08-30T10:01:12+00:00 GATE_SKIP id=OAFX1187 window=OOS reason=IS_NOT_SURVIVOR decision=IS_NOISE_BAND net=292084.0 PF=1.4246 DD=34.8577%
2026-08-30T10:01:12+00:00 SKIP_EXISTING [189/1000] id=OAFX1189 window=IS
2026-08-30T10:01:12+00:00 GATE_SKIP id=OAFX1188 window=OOS reason=IS_NOT_SURVIVOR decision=IS_REJECT net=287465.0 PF=1.4151 DD=34.8667%
2026-08-30T10:01:12+00:00 SKIP_EXISTING [190/1000] id=OAFX1190 window=SCREEN_IS
2026-08-30T10:01:12+00:00 GATE_SKIP id=OAFX1189 window=OOS reason=IS_NOT_SURVIVOR decision=IS_REJECT net=284169.0 PF=1.4084 DD=34.8667%
2026-08-30T10:01:12+00:00 SKIP_EXISTING [191/1000] id=OAFX1191 window=SCREEN_IS
2026-08-30T10:01:12+00:00 GATE_SKIP id=OAFX1190 window=IS reason=SINGLE_SLEEVE_INFERIOR decision=SCREEN_NOISE_BAND net=85088.0 PF=1.2189 DD=19.4471%
2026-08-30T10:01:12+00:00 SCREEN_SKIP_EXISTING_FULLBOOK [192/1000] id=OAFX1192 reason=existing fullbook IS retained
2026-08-30T10:01:12+00:00 GATE_SKIP id=OAFX1191 window=IS reason=SINGLE_SLEEVE_INFERIOR decision=SCREEN_OUT_SINGLE_SLEEVE net=39396.0 PF=1.1402 DD=27.0212%
2026-08-30T10:01:12+00:00 SCREEN_SKIP_EXISTING_FULLBOOK [193/1000] id=OAFX1193 reason=existing fullbook IS retained
2026-08-30T10:01:12+00:00 SKIP_EXISTING [192/1000] id=OAFX1192 window=IS
2026-08-30T10:01:12+00:00 SCREEN_SKIP_EXISTING_FULLBOOK [194/1000] id=OAFX1194 reason=existing fullbook IS retained
2026-08-30T10:01:12+00:00 SKIP_EXISTING [193/1000] id=OAFX1193 window=IS
2026-08-30T10:01:12+00:00 GATE_SKIP id=OAFX1192 window=OOS reason=IS_NOT_SURVIVOR decision=IS_REJECT net=275614.0 PF=1.441 DD=46.8481%
2026-08-30T10:01:12+00:00 SKIP_EXISTING [194/1000] id=OAFX1194 window=IS
2026-08-30T10:01:12+00:00 GATE_SKIP id=OAFX1193 window=OOS reason=IS_NOT_SURVIVOR decision=IS_REJECT net=276325.0 PF=1.4224 DD=40.8061%
2026-08-30T10:01:12+00:00 SCREEN_SKIP_EXISTING_FULLBOOK [195/1000] id=OAFX1195 reason=existing fullbook IS retained
2026-08-30T10:01:12+00:00 GATE_SKIP id=OAFX1194 window=OOS reason=IS_NOT_SURVIVOR decision=IS_REJECT net=294555.0 PF=1.443 DD=43.8374%
2026-08-30T10:01:12+00:00 SCREEN_SKIP_EXISTING_FULLBOOK [196/1000] id=OAFX1196 reason=existing fullbook IS retained
2026-08-30T10:01:12+00:00 SKIP_EXISTING [195/1000] id=OAFX1195 window=IS
2026-08-30T10:01:12+00:00 SCREEN_SKIP_EXISTING_FULLBOOK [197/1000] id=OAFX1197 reason=existing fullbook IS retained
2026-08-30T10:01:12+00:00 SKIP_EXISTING [196/1000] id=OAFX1196 window=IS
2026-08-30T10:01:12+00:00 GATE_SKIP id=OAFX1195 window=OOS reason=IS_NOT_SURVIVOR decision=IS_REJECT net=290410.0 PF=1.429 DD=44.6135%
2026-08-30T10:01:12+00:00 SKIP_EXISTING [197/1000] id=OAFX1197 window=IS
2026-08-30T10:01:12+00:00 GATE_SKIP id=OAFX1196 window=OOS reason=IS_NOT_SURVIVOR decision=IS_REJECT net=287434.0 PF=1.4209 DD=44.7572%
2026-08-30T10:01:12+00:00 SCREEN_SKIP_EXISTING_FULLBOOK [198/1000] id=OAFX1198 reason=existing fullbook IS retained
2026-08-30T10:01:12+00:00 GATE_SKIP id=OAFX1197 window=OOS reason=IS_NOT_SURVIVOR decision=IS_NOISE_BAND net=293690.0 PF=1.4279 DD=34.8577%
2026-08-30T10:01:12+00:00 SCREEN_SKIP_EXISTING_FULLBOOK [199/1000] id=OAFX1199 reason=existing fullbook IS retained
2026-08-30T10:01:12+00:00 SKIP_EXISTING [198/1000] id=OAFX1198 window=IS
2026-08-30T10:01:12+00:00 SCREEN_SKIP_EXISTING_FULLBOOK [200/1000] id=OAFX1200 reason=existing fullbook IS retained
2026-08-30T10:01:12+00:00 SKIP_EXISTING [199/1000] id=OAFX1199 window=IS
2026-08-30T10:01:12+00:00 GATE_SKIP id=OAFX1198 window=OOS reason=IS_NOT_SURVIVOR decision=IS_REJECT net=287465.0 PF=1.4151 DD=34.8667%
2026-08-30T10:01:12+00:00 SKIP_EXISTING [200/1000] id=OAFX1200 window=IS
2026-08-30T10:01:12+00:00 GATE_SKIP id=OAFX1199 window=OOS reason=IS_NOT_SURVIVOR decision=IS_REJECT net=284169.0 PF=1.4084 DD=34.8667%
2026-08-30T10:01:12+00:00 SKIP_EXISTING [201/1000] id=OAFX1201 window=SCREEN_IS
2026-08-30T10:01:12+00:00 GATE_SKIP id=OAFX1200 window=OOS reason=IS_NOT_SURVIVOR decision=IS_REJECT net=282753.0 PF=1.4055 DD=34.8667%
2026-08-30T10:01:12+00:00 SKIP_EXISTING [202/1000] id=OAFX1202 window=SCREEN_IS
2026-08-30T10:01:12+00:00 GATE_SKIP id=OAFX1201 window=IS reason=SINGLE_SLEEVE_INFERIOR decision=SCREEN_OUT_SINGLE_SLEEVE net=18625.0 PF=1.1367 DD=21.2438%
2026-08-30T10:01:12+00:00 SKIP_EXISTING [203/1000] id=OAFX1203 window=SCREEN_IS
2026-08-30T10:01:12+00:00 GATE_SKIP id=OAFX1202 window=IS reason=SINGLE_SLEEVE_INFERIOR decision=SCREEN_OUT_SINGLE_SLEEVE net=34768.0 PF=1.2129 DD=18.9765%
2026-08-30T10:01:12+00:00 SKIP_EXISTING [204/1000] id=OAFX1204 window=SCREEN_IS
2026-08-30T10:01:12+00:00 GATE_SKIP id=OAFX1203 window=IS reason=SINGLE_SLEEVE_INFERIOR decision=SCREEN_OUT_SINGLE_SLEEVE net=36863.0 PF=1.1912 DD=22.2232%
2026-08-30T10:01:12+00:00 SKIP_EXISTING [205/1000] id=OAFX1205 window=SCREEN_IS
2026-08-30T10:01:12+00:00 GATE_SKIP id=OAFX1204 window=IS reason=SINGLE_SLEEVE_INFERIOR decision=SCREEN_OUT_SINGLE_SLEEVE net=57675.0 PF=1.2641 DD=21.8451%
2026-08-30T10:01:12+00:00 SKIP_EXISTING [206/1000] id=OAFX1206 window=SCREEN_IS
2026-08-30T10:01:12+00:00 GATE_SKIP id=OAFX1205 window=IS reason=SINGLE_SLEEVE_INFERIOR decision=SCREEN_OUT_SINGLE_SLEEVE net=58853.0 PF=1.243 DD=18.5848%
2026-08-30T10:01:12+00:00 SKIP_EXISTING [207/1000] id=OAFX1207 window=SCREEN_IS
2026-08-30T10:01:12+00:00 GATE_SKIP id=OAFX1206 window=IS reason=SINGLE_SLEEVE_INFERIOR decision=SCREEN_NOISE_BAND net=84577.0 PF=1.3222 DD=17.8075%
2026-08-30T10:01:12+00:00 SKIP_EXISTING [208/1000] id=OAFX1208 window=SCREEN_IS
2026-08-30T10:01:12+00:00 GATE_SKIP id=OAFX1207 window=IS reason=SINGLE_SLEEVE_INFERIOR decision=SCREEN_NOISE_BAND net=70694.0 PF=1.2279 DD=19.3659%
2026-08-30T10:01:12+00:00 SCREEN_SKIP_EXISTING_FULLBOOK [209/1000] id=OAFX1209 reason=existing fullbook IS retained
2026-08-30T10:01:12+00:00 GATE_SKIP id=OAFX1208 window=IS reason=SINGLE_SLEEVE_INFERIOR decision=SCREEN_OUT_SINGLE_SLEEVE net=74048.0 PF=1.2186 DD=16.0695%
2026-08-30T10:01:12+00:00 SCREEN_SKIP_EXISTING_FULLBOOK [210/1000] id=OAFX1210 reason=existing fullbook IS retained
2026-08-30T10:01:12+00:00 SKIP_EXISTING [209/1000] id=OAFX1209 window=IS
2026-08-30T10:01:12+00:00 SKIP_EXISTING [211/1000] id=OAFX1211 window=SCREEN_IS
2026-08-30T10:01:12+00:00 SKIP_EXISTING [210/1000] id=OAFX1210 window=IS
2026-08-30T10:01:12+00:00 GATE_SKIP id=OAFX1209 window=OOS reason=IS_NOT_SURVIVOR decision=IS_REJECT net=273740.0 PF=1.4035 DD=42.4212%
2026-08-30T10:01:12+00:00 GATE_SKIP id=OAFX1211 window=IS reason=SINGLE_SLEEVE_INFERIOR decision=SCREEN_OUT_SINGLE_SLEEVE net=44047.0 PF=1.2584 DD=17.384%
2026-08-30T10:01:12+00:00 SKIP_EXISTING [210/1000] id=OAFX1210 window=OOS
2026-08-30T10:01:12+00:00 SKIP_EXISTING [212/1000] id=OAFX1212 window=SCREEN_IS
2026-08-30T10:01:12+00:00 SKIP_EXISTING [213/1000] id=OAFX1213 window=SCREEN_IS
2026-08-30T10:01:12+00:00 SKIP_EXISTING [214/1000] id=OAFX1214 window=SCREEN_IS
2026-08-30T10:01:12+00:00 GATE_SKIP id=OAFX1212 window=IS reason=SINGLE_SLEEVE_INFERIOR decision=SCREEN_OUT_SINGLE_SLEEVE net=33413.0 PF=1.1701 DD=22.0552%
2026-08-30T10:01:12+00:00 GATE_SKIP id=OAFX1213 window=IS reason=SINGLE_SLEEVE_INFERIOR decision=SCREEN_OUT_SINGLE_SLEEVE net=48942.0 PF=1.2231 DD=17.614%
2026-08-30T10:01:12+00:00 GATE_SKIP id=OAFX1214 window=IS reason=SINGLE_SLEEVE_INFERIOR decision=SCREEN_OUT_SINGLE_SLEEVE net=65273.0 PF=1.2715 DD=18.1858%
2026-08-30T10:01:12+00:00 SKIP_EXISTING [215/1000] id=OAFX1215 window=SCREEN_IS
2026-08-30T10:01:12+00:00 SKIP_EXISTING [216/1000] id=OAFX1216 window=SCREEN_IS
2026-08-30T10:01:12+00:00 SKIP_EXISTING [217/1000] id=OAFX1217 window=SCREEN_IS
2026-08-30T10:01:12+00:00 GATE_SKIP id=OAFX1215 window=IS reason=SINGLE_SLEEVE_INFERIOR decision=SCREEN_NOISE_BAND net=59438.0 PF=1.2277 DD=19.0784%
2026-08-30T10:01:12+00:00 GATE_SKIP id=OAFX1216 window=IS reason=SINGLE_SLEEVE_INFERIOR decision=SCREEN_NOISE_BAND net=75022.0 PF=1.2697 DD=19.5238%
2026-08-30T10:01:12+00:00 GATE_SKIP id=OAFX1217 window=IS reason=SINGLE_SLEEVE_INFERIOR decision=SCREEN_OUT_SINGLE_SLEEVE net=67896.0 PF=1.213 DD=20.189%
2026-08-30T10:01:12+00:00 SCREEN_SKIP_EXISTING_FULLBOOK [218/1000] id=OAFX1218 reason=existing fullbook IS retained
2026-08-30T10:01:12+00:00 SCREEN_SKIP_EXISTING_FULLBOOK [219/1000] id=OAFX1219 reason=existing fullbook IS retained
2026-08-30T10:01:12+00:00 SCREEN_SKIP_EXISTING_FULLBOOK [220/1000] id=OAFX1220 reason=existing fullbook IS retained
2026-08-30T10:01:12+00:00 SKIP_EXISTING [218/1000] id=OAFX1218 window=IS
2026-08-30T10:01:12+00:00 SKIP_EXISTING [219/1000] id=OAFX1219 window=IS
2026-08-30T10:01:12+00:00 SKIP_EXISTING [220/1000] id=OAFX1220 window=IS
2026-08-30T10:01:12+00:00 GATE_SKIP id=OAFX1218 window=OOS reason=IS_NOT_SURVIVOR decision=IS_REJECT net=272212.0 PF=1.417 DD=49.0477%
2026-08-30T10:01:12+00:00 GATE_SKIP id=OAFX1219 window=OOS reason=IS_NOT_SURVIVOR decision=IS_REJECT net=274742.0 PF=1.4052 DD=43.0074%
2026-08-30T10:01:12+00:00 GATE_SKIP id=OAFX1220 window=OOS reason=IS_NOT_SURVIVOR decision=IS_NOISE_BAND net=286572.0 PF=1.4183 DD=34.4036%
2026-08-30T10:01:12+00:00 SKIP_EXISTING [221/1000] id=OAFX1221 window=SCREEN_IS
2026-08-30T10:01:12+00:00 SKIP_EXISTING [222/1000] id=OAFX1222 window=SCREEN_IS
2026-08-30T10:01:12+00:00 SKIP_EXISTING [223/1000] id=OAFX1223 window=SCREEN_IS
2026-08-30T10:01:12+00:00 GATE_SKIP id=OAFX1221 window=IS reason=SINGLE_SLEEVE_INFERIOR decision=SCREEN_OUT_SINGLE_SLEEVE net=42050.0 PF=1.2195 DD=19.6888%
2026-08-30T10:01:12+00:00 GATE_SKIP id=OAFX1222 window=IS reason=SINGLE_SLEEVE_INFERIOR decision=SCREEN_OUT_SINGLE_SLEEVE net=41343.0 PF=1.1921 DD=21.4225%
2026-08-30T10:01:12+00:00 GATE_SKIP id=OAFX1223 window=IS reason=SINGLE_SLEEVE_INFERIOR decision=SCREEN_OUT_SINGLE_SLEEVE net=63088.0 PF=1.2684 DD=18.309%
2026-08-30T10:01:12+00:00 SCREEN_SKIP_EXISTING_FULLBOOK [224/1000] id=OAFX1224 reason=existing fullbook IS retained
2026-08-30T10:01:12+00:00 SKIP_EXISTING [225/1000] id=OAFX1225 window=SCREEN_IS
2026-08-30T10:01:12+00:00 SCREEN_SKIP_EXISTING_FULLBOOK [226/1000] id=OAFX1226 reason=existing fullbook IS retained
2026-08-30T10:01:12+00:00 SKIP_EXISTING [224/1000] id=OAFX1224 window=IS
2026-08-30T10:01:12+00:00 GATE_SKIP id=OAFX1225 window=IS reason=SINGLE_SLEEVE_INFERIOR decision=SCREEN_OUT_SINGLE_SLEEVE net=74271.0 PF=1.2734 DD=14.3228%
2026-08-30T10:01:12+00:00 SKIP_EXISTING [226/1000] id=OAFX1226 window=IS
2026-08-30T10:01:12+00:00 GATE_SKIP id=OAFX1224 window=OOS reason=IS_NOT_SURVIVOR decision=IS_REJECT net=274274.0 PF=1.4851 DD=44.9881%
2026-08-30T10:01:12+00:00 SCREEN_SKIP_EXISTING_FULLBOOK [227/1000] id=OAFX1227 reason=existing fullbook IS retained
2026-08-30T10:01:12+00:00 GATE_SKIP id=OAFX1226 window=OOS reason=IS_NOT_SURVIVOR decision=IS_REJECT net=284454.0 PF=1.4758 DD=44.9945%
2026-08-30T10:01:12+00:00 SCREEN_SKIP_EXISTING_FULLBOOK [228/1000] id=OAFX1228 reason=existing fullbook IS retained
2026-08-30T10:01:12+00:00 SKIP_EXISTING [227/1000] id=OAFX1227 window=IS
2026-08-30T10:01:12+00:00 SKIP_EXISTING [229/1000] id=OAFX1229 window=SCREEN_IS
2026-08-30T10:01:12+00:00 SKIP_EXISTING [228/1000] id=OAFX1228 window=IS
2026-08-30T10:01:12+00:00 GATE_SKIP id=OAFX1227 window=OOS reason=IS_NOT_SURVIVOR decision=IS_REJECT net=288172.0 PF=1.457 DD=44.5886%
2026-08-30T10:01:12+00:00 GATE_SKIP id=OAFX1229 window=IS reason=SINGLE_SLEEVE_INFERIOR decision=SCREEN_NOISE_BAND net=85602.0 PF=1.2338 DD=15.915%
2026-08-30T10:01:12+00:00 GATE_SKIP id=OAFX1228 window=OOS reason=IS_NOT_SURVIVOR decision=IS_REJECT net=284040.0 PF=1.435 DD=48.6964%
2026-08-30T10:01:12+00:00 SCREEN_SKIP_EXISTING_FULLBOOK [230/1000] id=OAFX1230 reason=existing fullbook IS retained
2026-08-30T10:01:12+00:00 SKIP_EXISTING [231/1000] id=OAFX1231 window=SCREEN_IS
2026-08-30T10:01:12+00:00 SKIP_EXISTING [232/1000] id=OAFX1232 window=SCREEN_IS
2026-08-30T10:01:12+00:00 SKIP_EXISTING [230/1000] id=OAFX1230 window=IS
2026-08-30T10:01:12+00:00 GATE_SKIP id=OAFX1231 window=IS reason=SINGLE_SLEEVE_INFERIOR decision=SCREEN_OUT_SINGLE_SLEEVE net=67462.0 PF=1.3264 DD=15.7847%
2026-08-30T10:01:12+00:00 GATE_SKIP id=OAFX1232 window=IS reason=SINGLE_SLEEVE_INFERIOR decision=SCREEN_OUT_SINGLE_SLEEVE net=53591.0 PF=1.2324 DD=18.9135%
2026-08-30T10:01:12+00:00 GATE_SKIP id=OAFX1230 window=OOS reason=IS_NOT_SURVIVOR decision=IS_NOISE_BAND net=285324.0 PF=1.4157 DD=34.6255%
2026-08-30T10:01:12+00:00 SCREEN_SKIP_EXISTING_FULLBOOK [233/1000] id=OAFX1233 reason=existing fullbook IS retained
2026-08-30T10:01:12+00:00 SCREEN_SKIP_EXISTING_FULLBOOK [234/1000] id=OAFX1234 reason=existing fullbook IS retained
2026-08-30T10:01:12+00:00 SCREEN_SKIP_EXISTING_FULLBOOK [235/1000] id=OAFX1235 reason=existing fullbook IS retained
2026-08-30T10:01:12+00:00 SKIP_EXISTING [233/1000] id=OAFX1233 window=IS
2026-08-30T10:01:12+00:00 SKIP_EXISTING [234/1000] id=OAFX1234 window=IS
2026-08-30T10:01:12+00:00 SKIP_EXISTING [235/1000] id=OAFX1235 window=IS
2026-08-30T10:01:12+00:00 GATE_SKIP id=OAFX1233 window=OOS reason=IS_NOT_SURVIVOR decision=IS_REJECT net=274522.0 PF=1.4896 DD=40.1031%
2026-08-30T10:01:12+00:00 GATE_SKIP id=OAFX1234 window=OOS reason=IS_NOT_SURVIVOR decision=IS_REJECT net=288568.0 PF=1.4989 DD=41.0601%
2026-08-30T10:01:12+00:00 GATE_SKIP id=OAFX1235 window=OOS reason=IS_NOT_SURVIVOR decision=IS_REJECT net=285579.0 PF=1.4825 DD=40.4867%
2026-08-30T10:01:12+00:00 SCREEN_SKIP_EXISTING_FULLBOOK [236/1000] id=OAFX1236 reason=existing fullbook IS retained
2026-08-30T10:01:12+00:00 SCREEN_SKIP_EXISTING_FULLBOOK [237/1000] id=OAFX1237 reason=existing fullbook IS retained
2026-08-30T10:01:12+00:00 SCREEN_SKIP_EXISTING_FULLBOOK [238/1000] id=OAFX1238 reason=existing fullbook IS retained
2026-08-30T10:01:12+00:00 SKIP_EXISTING [236/1000] id=OAFX1236 window=IS
2026-08-30T10:01:12+00:00 SKIP_EXISTING [237/1000] id=OAFX1237 window=IS
2026-08-30T10:01:12+00:00 SKIP_EXISTING [238/1000] id=OAFX1238 window=IS
2026-08-30T10:01:12+00:00 GATE_SKIP id=OAFX1236 window=OOS reason=IS_NOT_SURVIVOR decision=IS_REJECT net=289036.0 PF=1.4748 DD=43.3076%
2026-08-30T10:01:12+00:00 GATE_SKIP id=OAFX1237 window=OOS reason=IS_NOT_SURVIVOR decision=IS_REJECT net=286918.0 PF=1.4495 DD=37.5231%
2026-08-30T10:01:12+00:00 GATE_SKIP id=OAFX1238 window=OOS reason=IS_NOT_SURVIVOR decision=IS_REJECT net=284137.0 PF=1.4314 DD=41.9938%
2026-08-30T10:01:12+00:00 SKIP_EXISTING [239/1000] id=OAFX1239 window=SCREEN_IS
2026-08-30T10:01:12+00:00 SCREEN_SKIP_EXISTING_FULLBOOK [240/1000] id=OAFX1240 reason=existing fullbook IS retained
2026-08-30T10:01:12+00:00 SKIP_EXISTING [241/1000] id=OAFX1241 window=SCREEN_IS
2026-08-30T10:01:12+00:00 GATE_SKIP id=OAFX1239 window=IS reason=SINGLE_SLEEVE_INFERIOR decision=SCREEN_NOISE_BAND net=84420.0 PF=1.2278 DD=16.1313%
2026-08-30T10:01:12+00:00 SKIP_EXISTING [240/1000] id=OAFX1240 window=IS
2026-08-30T10:01:12+00:00 GATE_SKIP id=OAFX1241 window=IS reason=SINGLE_SLEEVE_INFERIOR decision=SCREEN_OUT_SINGLE_SLEEVE net=69762.0 PF=1.2992 DD=18.2614%
2026-08-30T10:01:12+00:00 SKIP_EXISTING [242/1000] id=OAFX1242 window=SCREEN_IS
2026-08-30T10:01:12+00:00 GATE_SKIP id=OAFX1240 window=OOS reason=IS_NOT_SURVIVOR decision=IS_REJECT net=283539.0 PF=1.4119 DD=35.0091%
2026-08-30T10:01:12+00:00 SKIP_EXISTING [243/1000] id=OAFX1243 window=SCREEN_IS
2026-08-30T10:01:12+00:00 GATE_SKIP id=OAFX1242 window=IS reason=SINGLE_SLEEVE_INFERIOR decision=SCREEN_OUT_SINGLE_SLEEVE net=73762.0 PF=1.2909 DD=17.0378%
2026-08-30T10:01:12+00:00 SCREEN_SKIP_EXISTING_FULLBOOK [244/1000] id=OAFX1244 reason=existing fullbook IS retained
2026-08-30T10:01:12+00:00 GATE_SKIP id=OAFX1243 window=IS reason=SINGLE_SLEEVE_INFERIOR decision=SCREEN_NOISE_BAND net=84709.0 PF=1.311 DD=14.942%
2026-08-30T10:01:12+00:00 SCREEN_SKIP_EXISTING_FULLBOOK [245/1000] id=OAFX1245 reason=existing fullbook IS retained
2026-08-30T10:01:12+00:00 SKIP_EXISTING [244/1000] id=OAFX1244 window=IS
2026-08-30T10:01:12+00:00 SCREEN_SKIP_EXISTING_FULLBOOK [246/1000] id=OAFX1246 reason=existing fullbook IS retained
2026-08-30T10:01:12+00:00 SKIP_EXISTING [245/1000] id=OAFX1245 window=IS
2026-08-30T10:01:12+00:00 SKIP_EXISTING [244/1000] id=OAFX1244 window=OOS
2026-08-30T10:01:12+00:00 SKIP_EXISTING [246/1000] id=OAFX1246 window=IS
2026-08-30T10:01:12+00:00 SKIP_EXISTING [245/1000] id=OAFX1245 window=OOS
2026-08-30T10:01:12+00:00 SCREEN_SKIP_EXISTING_FULLBOOK [247/1000] id=OAFX1247 reason=existing fullbook IS retained
2026-08-30T10:01:12+00:00 GATE_SKIP id=OAFX1246 window=OOS reason=IS_NOT_SURVIVOR decision=IS_REJECT net=281785.0 PF=1.4469 DD=36.5818%
2026-08-30T10:01:12+00:00 SCREEN_SKIP_EXISTING_FULLBOOK [248/1000] id=OAFX1248 reason=existing fullbook IS retained
2026-08-30T10:01:12+00:00 SKIP_EXISTING [247/1000] id=OAFX1247 window=IS
2026-08-30T10:01:12+00:00 SKIP_EXISTING [249/1000] id=OAFX1249 window=SCREEN_IS
2026-08-30T10:01:12+00:00 SKIP_EXISTING [248/1000] id=OAFX1248 window=IS
2026-08-30T10:01:12+00:00 GATE_SKIP id=OAFX1247 window=OOS reason=IS_NOT_SURVIVOR decision=IS_REJECT net=284303.0 PF=1.4364 DD=38.9224%
2026-08-30T10:01:12+00:00 GATE_SKIP id=OAFX1249 window=IS reason=SINGLE_SLEEVE_INFERIOR decision=SCREEN_OUT_SINGLE_SLEEVE net=73394.0 PF=1.1916 DD=18.2723%
2026-08-30T10:01:12+00:00 GATE_SKIP id=OAFX1248 window=OOS reason=IS_NOT_SURVIVOR decision=IS_NOISE_BAND net=282240.0 PF=1.4205 DD=32.127%
2026-08-30T10:01:12+00:00 SKIP_EXISTING [250/1000] id=OAFX1250 window=SCREEN_IS
2026-08-30T10:01:12+00:00 SKIP_EXISTING [251/1000] id=OAFX1251 window=SCREEN_IS
2026-08-30T10:01:12+00:00 SKIP_EXISTING [252/1000] id=OAFX1252 window=SCREEN_IS
2026-08-30T10:01:12+00:00 GATE_SKIP id=OAFX1250 window=IS reason=SINGLE_SLEEVE_INFERIOR decision=SCREEN_NOISE_BAND net=84335.0 PF=1.2205 DD=17.3682%
2026-08-30T10:01:12+00:00 GATE_SKIP id=OAFX1251 window=IS reason=SINGLE_SLEEVE_INFERIOR decision=SCREEN_NOISE_BAND net=84318.0 PF=1.3315 DD=18.9844%
2026-08-30T10:01:12+00:00 GATE_SKIP id=OAFX1252 window=IS reason=SINGLE_SLEEVE_INFERIOR decision=SCREEN_OUT_SINGLE_SLEEVE net=74772.0 PF=1.2724 DD=19.5402%
2026-08-30T10:01:12+00:00 SCREEN_SKIP_EXISTING_FULLBOOK [253/1000] id=OAFX1253 reason=existing fullbook IS retained
2026-08-30T10:01:12+00:00 SCREEN_SKIP_EXISTING_FULLBOOK [254/1000] id=OAFX1254 reason=existing fullbook IS retained
2026-08-30T10:01:12+00:00 SCREEN_SKIP_EXISTING_FULLBOOK [255/1000] id=OAFX1255 reason=existing fullbook IS retained
2026-08-30T10:01:12+00:00 SKIP_EXISTING [253/1000] id=OAFX1253 window=IS
2026-08-30T10:01:12+00:00 SKIP_EXISTING [254/1000] id=OAFX1254 window=IS
2026-08-30T10:01:12+00:00 SKIP_EXISTING [255/1000] id=OAFX1255 window=IS
2026-08-30T10:01:12+00:00 SKIP_EXISTING [253/1000] id=OAFX1253 window=OOS
2026-08-30T10:01:12+00:00 SKIP_EXISTING [254/1000] id=OAFX1254 window=OOS
2026-08-30T10:01:12+00:00 GATE_SKIP id=OAFX1255 window=OOS reason=IS_NOT_SURVIVOR decision=IS_NOISE_BAND net=281178.0 PF=1.4473 DD=27.8613%
2026-08-30T10:01:12+00:00 SCREEN_SKIP_EXISTING_FULLBOOK [256/1000] id=OAFX1256 reason=existing fullbook IS retained
2026-08-30T10:01:12+00:00 SKIP_EXISTING [257/1000] id=OAFX1257 window=SCREEN_IS
2026-08-30T10:01:12+00:00 SCREEN_SKIP_EXISTING_FULLBOOK [258/1000] id=OAFX1258 reason=existing fullbook IS retained
2026-08-30T10:01:12+00:00 SKIP_EXISTING [256/1000] id=OAFX1256 window=IS
2026-08-30T10:01:12+00:00 GATE_SKIP id=OAFX1257 window=IS reason=SINGLE_SLEEVE_INFERIOR decision=SCREEN_NOISE_BAND net=87917.0 PF=1.2511 DD=19.4334%
2026-08-30T10:01:12+00:00 SKIP_EXISTING [258/1000] id=OAFX1258 window=IS
2026-08-30T10:01:12+00:00 GATE_SKIP id=OAFX1256 window=OOS reason=IS_NOT_SURVIVOR decision=IS_NOISE_BAND net=281983.0 PF=1.4391 DD=30.5116%
2026-08-30T10:01:12+00:00 SKIP_EXISTING [259/1000] id=OAFX1259 window=SCREEN_IS
2026-08-30T10:01:12+00:00 GATE_SKIP id=OAFX1258 window=OOS reason=IS_NOT_SURVIVOR decision=IS_REJECT net=274217.0 PF=1.4031 DD=35.2849%
2026-08-30T10:01:12+00:00 SCREEN_SKIP_EXISTING_FULLBOOK [260/1000] id=OAFX1260 reason=existing fullbook IS retained
2026-08-30T10:01:12+00:00 GATE_SKIP id=OAFX1259 window=IS reason=SINGLE_SLEEVE_INFERIOR decision=SCREEN_OUT_SINGLE_SLEEVE net=66887.0 PF=1.171 DD=20.364%
2026-08-30T10:01:12+00:00 SKIP_EXISTING [261/1000] id=OAFX1261 window=SCREEN_IS
2026-08-30T10:01:12+00:00 SKIP_EXISTING [260/1000] id=OAFX1260 window=IS
2026-08-30T10:01:12+00:00 SKIP_EXISTING [262/1000] id=OAFX1262 window=SCREEN_IS
2026-08-30T10:01:12+00:00 GATE_SKIP id=OAFX1261 window=IS reason=SINGLE_SLEEVE_INFERIOR decision=SCREEN_OUT_SINGLE_SLEEVE net=68317.0 PF=1.2346 DD=18.1806%
2026-08-30T10:01:12+00:00 GATE_SKIP id=OAFX1260 window=OOS reason=IS_NOT_SURVIVOR decision=IS_REJECT net=275523.0 PF=1.3947 DD=37.8441%
2026-08-30T10:01:12+00:00 GATE_SKIP id=OAFX1262 window=IS reason=SINGLE_SLEEVE_INFERIOR decision=SCREEN_OUT_SINGLE_SLEEVE net=73234.0 PF=1.2389 DD=16.3842%
2026-08-30T10:01:12+00:00 SCREEN_SKIP_EXISTING_FULLBOOK [263/1000] id=OAFX1263 reason=existing fullbook IS retained
2026-08-30T10:01:12+00:00 SKIP_EXISTING [264/1000] id=OAFX1264 window=SCREEN_IS
2026-08-30T10:01:12+00:00 SKIP_EXISTING [265/1000] id=OAFX1265 window=SCREEN_IS
2026-08-30T10:01:12+00:00 SKIP_EXISTING [263/1000] id=OAFX1263 window=IS
2026-08-30T10:01:12+00:00 GATE_SKIP id=OAFX1264 window=IS reason=SINGLE_SLEEVE_INFERIOR decision=SCREEN_OUT_SINGLE_SLEEVE net=69071.0 PF=1.2063 DD=18.362%
2026-08-30T10:01:12+00:00 GATE_SKIP id=OAFX1265 window=IS reason=SINGLE_SLEEVE_INFERIOR decision=SCREEN_OUT_SINGLE_SLEEVE net=73533.0 PF=1.2149 DD=17.4431%
2026-08-30T10:01:12+00:00 SKIP_EXISTING [263/1000] id=OAFX1263 window=OOS
2026-08-30T10:01:12+00:00 SKIP_EXISTING [266/1000] id=OAFX1266 window=SCREEN_IS
2026-08-30T10:01:12+00:00 SKIP_EXISTING [267/1000] id=OAFX1267 window=SCREEN_IS
2026-08-30T10:01:12+00:00 SKIP_EXISTING [268/1000] id=OAFX1268 window=SCREEN_IS
2026-08-30T10:01:12+00:00 GATE_SKIP id=OAFX1266 window=IS reason=SINGLE_SLEEVE_INFERIOR decision=SCREEN_OUT_SINGLE_SLEEVE net=68672.0 PF=1.1933 DD=20.5942%
2026-08-30T10:01:12+00:00 GATE_SKIP id=OAFX1267 window=IS reason=SINGLE_SLEEVE_INFERIOR decision=SCREEN_OUT_SINGLE_SLEEVE net=74342.0 PF=1.2008 DD=22.6312%
2026-08-30T10:01:12+00:00 GATE_SKIP id=OAFX1268 window=IS reason=SINGLE_SLEEVE_INFERIOR decision=SCREEN_OUT_SINGLE_SLEEVE net=72397.0 PF=1.1902 DD=20.2395%
2026-08-30T10:01:12+00:00 SKIP_EXISTING [269/1000] id=OAFX1269 window=SCREEN_IS
2026-08-30T10:01:12+00:00 SKIP_EXISTING [270/1000] id=OAFX1270 window=SCREEN_IS
2026-08-30T10:01:12+00:00 SKIP_EXISTING [271/1000] id=OAFX1271 window=SCREEN_IS
2026-08-30T10:01:12+00:00 GATE_SKIP id=OAFX1269 window=IS reason=SINGLE_SLEEVE_INFERIOR decision=SCREEN_OUT_SINGLE_SLEEVE net=66216.0 PF=1.1683 DD=21.1735%
2026-08-30T10:01:12+00:00 GATE_SKIP id=OAFX1270 window=IS reason=SINGLE_SLEEVE_INFERIOR decision=SCREEN_NOISE_BAND net=85690.0 PF=1.2239 DD=18.9935%
2026-08-30T10:01:12+00:00 GATE_SKIP id=OAFX1271 window=IS reason=SINGLE_SLEEVE_INFERIOR decision=SCREEN_OUT_SINGLE_SLEEVE net=72454.0 PF=1.2225 DD=21.455%
2026-08-30T10:01:12+00:00 SKIP_EXISTING [272/1000] id=OAFX1272 window=SCREEN_IS
2026-08-30T10:01:12+00:00 SKIP_EXISTING [273/1000] id=OAFX1273 window=SCREEN_IS
2026-08-30T10:01:12+00:00 SKIP_EXISTING [274/1000] id=OAFX1274 window=SCREEN_IS
2026-08-30T10:01:12+00:00 GATE_SKIP id=OAFX1272 window=IS reason=SINGLE_SLEEVE_INFERIOR decision=SCREEN_OUT_SINGLE_SLEEVE net=71803.0 PF=1.2134 DD=20.6534%
2026-08-30T10:01:12+00:00 GATE_SKIP id=OAFX1273 window=IS reason=SINGLE_SLEEVE_INFERIOR decision=SCREEN_OUT_SINGLE_SLEEVE net=69095.0 PF=1.1992 DD=21.4736%
2026-08-30T10:01:12+00:00 GATE_SKIP id=OAFX1274 window=IS reason=SINGLE_SLEEVE_INFERIOR decision=SCREEN_OUT_SINGLE_SLEEVE net=67538.0 PF=1.1897 DD=21.0099%
2026-08-30T10:01:12+00:00 SKIP_EXISTING [275/1000] id=OAFX1275 window=SCREEN_IS
2026-08-30T10:01:12+00:00 SKIP_EXISTING [276/1000] id=OAFX1276 window=SCREEN_IS
2026-08-30T10:01:12+00:00 SKIP_EXISTING [277/1000] id=OAFX1277 window=SCREEN_IS
2026-08-30T10:01:12+00:00 GATE_SKIP id=OAFX1275 window=IS reason=SINGLE_SLEEVE_INFERIOR decision=SCREEN_NOISE_BAND net=73458.0 PF=1.2039 DD=19.233%
2026-08-30T10:01:12+00:00 GATE_SKIP id=OAFX1276 window=IS reason=SINGLE_SLEEVE_INFERIOR decision=SCREEN_OUT_SINGLE_SLEEVE net=67110.0 PF=1.1817 DD=21.4231%
2026-08-30T10:01:12+00:00 GATE_SKIP id=OAFX1277 window=IS reason=SINGLE_SLEEVE_INFERIOR decision=SCREEN_OUT_SINGLE_SLEEVE net=71119.0 PF=1.1872 DD=21.8768%
2026-08-30T10:01:12+00:00 SKIP_EXISTING [278/1000] id=OAFX1278 window=SCREEN_IS
2026-08-30T10:01:12+00:00 SKIP_EXISTING [279/1000] id=OAFX1279 window=SCREEN_IS
2026-08-30T10:01:12+00:00 SKIP_EXISTING [280/1000] id=OAFX1280 window=SCREEN_IS
2026-08-30T10:01:12+00:00 GATE_SKIP id=OAFX1278 window=IS reason=SINGLE_SLEEVE_INFERIOR decision=SCREEN_OUT_SINGLE_SLEEVE net=69089.0 PF=1.1786 DD=21.7496%
2026-08-30T10:01:12+00:00 GATE_SKIP id=OAFX1279 window=IS reason=SINGLE_SLEEVE_INFERIOR decision=SCREEN_OUT_SINGLE_SLEEVE net=65341.0 PF=1.1645 DD=23.9873%
2026-08-30T10:01:12+00:00 GATE_SKIP id=OAFX1280 window=IS reason=SINGLE_SLEEVE_INFERIOR decision=SCREEN_NOISE_BAND net=89608.0 PF=1.2351 DD=19.4478%
2026-08-30T10:01:12+00:00 SKIP_EXISTING [281/1000] id=OAFX1281 window=SCREEN_IS
2026-08-30T10:01:12+00:00 SKIP_EXISTING [282/1000] id=OAFX1282 window=SCREEN_IS
2026-08-30T10:01:12+00:00 SKIP_EXISTING [283/1000] id=OAFX1283 window=SCREEN_IS
2026-08-30T10:01:12+00:00 GATE_SKIP id=OAFX1281 window=IS reason=SINGLE_SLEEVE_INFERIOR decision=SCREEN_OUT_SINGLE_SLEEVE net=81504.0 PF=1.2202 DD=22.1508%
2026-08-30T10:01:12+00:00 GATE_SKIP id=OAFX1282 window=IS reason=SINGLE_SLEEVE_INFERIOR decision=SCREEN_OUT_SINGLE_SLEEVE net=81731.0 PF=1.2174 DD=20.307%
2026-08-30T10:01:12+00:00 GATE_SKIP id=OAFX1283 window=IS reason=SINGLE_SLEEVE_INFERIOR decision=SCREEN_OUT_SINGLE_SLEEVE net=76766.0 PF=1.2007 DD=21.3565%
2026-08-30T10:01:12+00:00 SKIP_EXISTING [284/1000] id=OAFX1284 window=SCREEN_IS
2026-08-30T10:01:12+00:00 SKIP_EXISTING [285/1000] id=OAFX1285 window=SCREEN_IS
2026-08-30T10:01:12+00:00 SKIP_EXISTING [286/1000] id=OAFX1286 window=SCREEN_IS
2026-08-30T10:01:12+00:00 GATE_SKIP id=OAFX1284 window=IS reason=SINGLE_SLEEVE_INFERIOR decision=SCREEN_OUT_SINGLE_SLEEVE net=80978.0 PF=1.2111 DD=19.8133%
2026-08-30T10:01:12+00:00 GATE_SKIP id=OAFX1285 window=IS reason=SINGLE_SLEEVE_INFERIOR decision=SCREEN_NOISE_BAND net=82815.0 PF=1.2157 DD=19.2923%
2026-08-30T10:01:12+00:00 GATE_SKIP id=OAFX1286 window=IS reason=SINGLE_SLEEVE_INFERIOR decision=SCREEN_OUT_SINGLE_SLEEVE net=78852.0 PF=1.2031 DD=19.8286%
2026-08-30T10:01:12+00:00 SKIP_EXISTING [287/1000] id=OAFX1287 window=SCREEN_IS
2026-08-30T10:01:12+00:00 SKIP_EXISTING [288/1000] id=OAFX1288 window=SCREEN_IS
2026-08-30T10:01:12+00:00 SKIP_EXISTING [289/1000] id=OAFX1289 window=SCREEN_IS
2026-08-30T10:01:12+00:00 GATE_SKIP id=OAFX1287 window=IS reason=SINGLE_SLEEVE_INFERIOR decision=SCREEN_OUT_SINGLE_SLEEVE net=75468.0 PF=1.1922 DD=21.5782%
2026-08-30T10:01:12+00:00 GATE_SKIP id=OAFX1288 window=IS reason=SINGLE_SLEEVE_INFERIOR decision=SCREEN_OUT_SINGLE_SLEEVE net=76528.0 PF=1.1941 DD=20.9136%
2026-08-30T10:01:12+00:00 GATE_SKIP id=OAFX1289 window=IS reason=SINGLE_SLEEVE_INFERIOR decision=SCREEN_OUT_SINGLE_SLEEVE net=77457.0 PF=1.1957 DD=20.5272%
2026-08-30T10:01:12+00:00 SCREEN_SKIP_EXISTING_FULLBOOK [290/1000] id=OAFX1290 reason=existing fullbook IS retained
2026-08-30T10:01:12+00:00 SKIP_EXISTING [291/1000] id=OAFX1291 window=SCREEN_IS
2026-08-30T10:01:12+00:00 SKIP_EXISTING [292/1000] id=OAFX1292 window=SCREEN_IS
2026-08-30T10:01:12+00:00 SKIP_EXISTING [290/1000] id=OAFX1290 window=IS
2026-08-30T10:01:12+00:00 GATE_SKIP id=OAFX1291 window=IS reason=SINGLE_SLEEVE_INFERIOR decision=SCREEN_OUT_SINGLE_SLEEVE net=72404.0 PF=1.1847 DD=22.223%
2026-08-30T10:01:12+00:00 GATE_SKIP id=OAFX1292 window=IS reason=SINGLE_SLEEVE_INFERIOR decision=SCREEN_OUT_SINGLE_SLEEVE net=71287.0 PF=1.1802 DD=22.4304%
2026-08-30T10:01:12+00:00 GATE_SKIP id=OAFX1290 window=OOS reason=IS_NOT_SURVIVOR decision=IS_REJECT net=282044.0 PF=1.4042 DD=36.1033%
2026-08-30T10:01:12+00:00 SKIP_EXISTING [293/1000] id=OAFX1293 window=SCREEN_IS
2026-08-30T10:01:12+00:00 SKIP_EXISTING [294/1000] id=OAFX1294 window=SCREEN_IS
2026-08-30T10:01:12+00:00 SKIP_EXISTING [295/1000] id=OAFX1295 window=SCREEN_IS
2026-08-30T10:01:12+00:00 GATE_SKIP id=OAFX1293 window=IS reason=SINGLE_SLEEVE_INFERIOR decision=SCREEN_OUT_SINGLE_SLEEVE net=68303.0 PF=1.1711 DD=23.2075%
2026-08-30T10:01:12+00:00 GATE_SKIP id=OAFX1294 window=IS reason=SINGLE_SLEEVE_INFERIOR decision=SCREEN_OUT_SINGLE_SLEEVE net=71109.0 PF=1.1782 DD=21.6465%
2026-08-30T10:01:12+00:00 GATE_SKIP id=OAFX1295 window=IS reason=SINGLE_SLEEVE_INFERIOR decision=SCREEN_OUT_SINGLE_SLEEVE net=73893.0 PF=1.186 DD=21.1137%
2026-08-30T10:01:12+00:00 SKIP_EXISTING [296/1000] id=OAFX1296 window=SCREEN_IS
2026-08-30T10:01:12+00:00 SKIP_EXISTING [297/1000] id=OAFX1297 window=SCREEN_IS
2026-08-30T10:01:12+00:00 SKIP_EXISTING [298/1000] id=OAFX1298 window=SCREEN_IS
2026-08-30T10:01:12+00:00 GATE_SKIP id=OAFX1296 window=IS reason=SINGLE_SLEEVE_INFERIOR decision=SCREEN_OUT_SINGLE_SLEEVE net=74972.0 PF=1.1888 DD=21.1017%
2026-08-30T10:01:12+00:00 GATE_SKIP id=OAFX1297 window=IS reason=SINGLE_SLEEVE_INFERIOR decision=SCREEN_OUT_SINGLE_SLEEVE net=76509.0 PF=1.1931 DD=20.9259%
2026-08-30T10:01:12+00:00 GATE_SKIP id=OAFX1298 window=IS reason=SINGLE_SLEEVE_INFERIOR decision=SCREEN_OUT_SINGLE_SLEEVE net=78405.0 PF=1.1985 DD=20.681%
2026-08-30T10:01:12+00:00 SKIP_EXISTING [299/1000] id=OAFX1299 window=SCREEN_IS
2026-08-30T10:01:12+00:00 SKIP_EXISTING [300/1000] id=OAFX1300 window=SCREEN_IS
2026-08-30T10:01:12+00:00 SKIP_EXISTING [301/1000] id=OAFX1301 window=SCREEN_IS
2026-08-30T10:01:12+00:00 GATE_SKIP id=OAFX1299 window=IS reason=SINGLE_SLEEVE_INFERIOR decision=SCREEN_OUT_SINGLE_SLEEVE net=81779.0 PF=1.2088 DD=20.1957%
2026-08-30T10:01:12+00:00 GATE_SKIP id=OAFX1300 window=IS reason=SINGLE_SLEEVE_INFERIOR decision=SCREEN_NOISE_BAND net=86167.0 PF=1.2224 DD=19.3386%
2026-08-30T10:01:12+00:00 GATE_SKIP id=OAFX1301 window=IS reason=SINGLE_SLEEVE_INFERIOR decision=SCREEN_OUT_SINGLE_SLEEVE net=77640.0 PF=1.3241 DD=21.5632%
2026-08-30T10:01:12+00:00 SKIP_EXISTING [302/1000] id=OAFX1302 window=SCREEN_IS
2026-08-30T10:01:12+00:00 SKIP_EXISTING [303/1000] id=OAFX1303 window=SCREEN_IS
2026-08-30T10:01:12+00:00 SCREEN_SKIP_EXISTING_FULLBOOK [304/1000] id=OAFX1304 reason=existing fullbook IS retained
2026-08-30T10:01:12+00:00 GATE_SKIP id=OAFX1302 window=IS reason=SINGLE_SLEEVE_INFERIOR decision=SCREEN_OUT_SINGLE_SLEEVE net=84751.0 PF=1.3555 DD=20.3299%
2026-08-30T10:01:12+00:00 GATE_SKIP id=OAFX1303 window=IS reason=SINGLE_SLEEVE_INFERIOR decision=SCREEN_NOISE_BAND net=91343.0 PF=1.3833 DD=19.5293%
2026-08-30T10:01:12+00:00 SKIP_EXISTING [304/1000] id=OAFX1304 window=IS
2026-08-30T10:01:12+00:00 SCREEN_SKIP_EXISTING_FULLBOOK [305/1000] id=OAFX1305 reason=existing fullbook IS retained
2026-08-30T10:01:12+00:00 SKIP_EXISTING [306/1000] id=OAFX1306 window=SCREEN_IS
2026-08-30T10:01:12+00:00 GATE_SKIP id=OAFX1304 window=OOS reason=IS_NOT_SURVIVOR decision=IS_REJECT net=289887.0 PF=1.5272 DD=35.9619%
2026-08-30T10:01:12+00:00 SKIP_EXISTING [305/1000] id=OAFX1305 window=IS
2026-08-30T10:01:12+00:00 GATE_SKIP id=OAFX1306 window=IS reason=SINGLE_SLEEVE_INFERIOR decision=SCREEN_OUT_SINGLE_SLEEVE net=85510.0 PF=1.3588 DD=19.8283%
2026-08-30T10:01:12+00:00 SKIP_EXISTING [307/1000] id=OAFX1307 window=SCREEN_IS
2026-08-30T10:01:12+00:00 GATE_SKIP id=OAFX1305 window=OOS reason=IS_NOT_SURVIVOR decision=IS_REJECT net=291719.0 PF=1.5306 DD=36.678%
2026-08-30T10:01:12+00:00 SCREEN_SKIP_EXISTING_FULLBOOK [308/1000] id=OAFX1308 reason=existing fullbook IS retained
2026-08-30T10:01:12+00:00 GATE_SKIP id=OAFX1307 window=IS reason=SINGLE_SLEEVE_INFERIOR decision=SCREEN_OUT_SINGLE_SLEEVE net=81608.0 PF=1.3424 DD=19.6059%
2026-08-30T10:01:12+00:00 SCREEN_SKIP_EXISTING_FULLBOOK [309/1000] id=OAFX1309 reason=existing fullbook IS retained
2026-08-30T10:01:12+00:00 SKIP_EXISTING [308/1000] id=OAFX1308 window=IS
2026-08-30T10:01:12+00:00 SKIP_EXISTING [310/1000] id=OAFX1310 window=SCREEN_IS
2026-08-30T10:01:12+00:00 SKIP_EXISTING [309/1000] id=OAFX1309 window=IS
2026-08-30T10:01:12+00:00 GATE_SKIP id=OAFX1308 window=OOS reason=IS_NOT_SURVIVOR decision=IS_REJECT net=275106.0 PF=1.5003 DD=42.0837%
2026-08-30T10:01:12+00:00 GATE_SKIP id=OAFX1310 window=IS reason=SINGLE_SLEEVE_INFERIOR decision=SCREEN_OUT_SINGLE_SLEEVE net=68306.0 PF=1.2866 DD=21.0199%
2026-08-30T10:01:12+00:00 GATE_SKIP id=OAFX1309 window=OOS reason=IS_NOT_SURVIVOR decision=IS_REJECT net=278509.0 PF=1.5065 DD=48.22%
2026-08-30T10:01:12+00:00 SKIP_EXISTING [311/1000] id=OAFX1311 window=SCREEN_IS
2026-08-30T10:01:12+00:00 SKIP_EXISTING [312/1000] id=OAFX1312 window=SCREEN_IS
2026-08-30T10:01:12+00:00 SKIP_EXISTING [313/1000] id=OAFX1313 window=SCREEN_IS
2026-08-30T10:01:12+00:00 GATE_SKIP id=OAFX1311 window=IS reason=SINGLE_SLEEVE_INFERIOR decision=SCREEN_OUT_SINGLE_SLEEVE net=81144.0 PF=1.29 DD=21.4514%
2026-08-30T10:01:12+00:00 GATE_SKIP id=OAFX1312 window=IS reason=SINGLE_SLEEVE_INFERIOR decision=SCREEN_OUT_SINGLE_SLEEVE net=85479.0 PF=1.3063 DD=20.5998%
2026-08-30T10:01:12+00:00 GATE_SKIP id=OAFX1313 window=IS reason=SINGLE_SLEEVE_INFERIOR decision=SCREEN_OUT_SINGLE_SLEEVE net=88140.0 PF=1.3159 DD=19.9416%
2026-08-30T10:01:12+00:00 SKIP_EXISTING [314/1000] id=OAFX1314 window=SCREEN_IS
2026-08-30T10:01:12+00:00 SKIP_EXISTING [315/1000] id=OAFX1315 window=SCREEN_IS
2026-08-30T10:01:12+00:00 SKIP_EXISTING [316/1000] id=OAFX1316 window=SCREEN_IS
2026-08-30T10:01:12+00:00 GATE_SKIP id=OAFX1314 window=IS reason=SINGLE_SLEEVE_INFERIOR decision=SCREEN_OUT_SINGLE_SLEEVE net=89975.0 PF=1.3225 DD=19.8454%
2026-08-30T10:01:12+00:00 GATE_SKIP id=OAFX1315 window=IS reason=SINGLE_SLEEVE_INFERIOR decision=SCREEN_OUT_SINGLE_SLEEVE net=88394.0 PF=1.3168 DD=21.1105%
2026-08-30T10:01:12+00:00 GATE_SKIP id=OAFX1316 window=IS reason=SINGLE_SLEEVE_INFERIOR decision=SCREEN_OUT_SINGLE_SLEEVE net=75095.0 PF=1.2692 DD=21.8967%
2026-08-30T10:01:12+00:00 SKIP_EXISTING [317/1000] id=OAFX1317 window=SCREEN_IS
2026-08-30T10:01:12+00:00 SKIP_EXISTING [318/1000] id=OAFX1318 window=SCREEN_IS
2026-08-30T10:01:12+00:00 SKIP_EXISTING [319/1000] id=OAFX1319 window=SCREEN_IS
2026-08-30T10:01:12+00:00 GATE_SKIP id=OAFX1317 window=IS reason=SINGLE_SLEEVE_INFERIOR decision=SCREEN_OUT_SINGLE_SLEEVE net=67449.0 PF=1.2418 DD=21.5684%
2026-08-30T10:01:12+00:00 GATE_SKIP id=OAFX1318 window=IS reason=SINGLE_SLEEVE_INFERIOR decision=SCREEN_OUT_SINGLE_SLEEVE net=71948.0 PF=1.2579 DD=20.5188%
2026-08-30T10:01:12+00:00 GATE_SKIP id=OAFX1319 window=IS reason=SINGLE_SLEEVE_INFERIOR decision=SCREEN_OUT_SINGLE_SLEEVE net=73146.0 PF=1.2622 DD=20.5668%
2026-08-30T10:01:12+00:00 SKIP_EXISTING [320/1000] id=OAFX1320 window=SCREEN_IS
2026-08-30T10:01:12+00:00 SKIP_EXISTING [321/1000] id=OAFX1321 window=SCREEN_IS
2026-08-30T10:01:12+00:00 SKIP_EXISTING [322/1000] id=OAFX1322 window=SCREEN_IS
2026-08-30T10:01:12+00:00 GATE_SKIP id=OAFX1320 window=IS reason=SINGLE_SLEEVE_INFERIOR decision=SCREEN_OUT_SINGLE_SLEEVE net=77437.0 PF=1.2776 DD=19.7715%
2026-08-30T10:01:12+00:00 GATE_SKIP id=OAFX1321 window=IS reason=SINGLE_SLEEVE_INFERIOR decision=SCREEN_OUT_SINGLE_SLEEVE net=81575.0 PF=1.268 DD=22.2336%
2026-08-30T10:01:12+00:00 GATE_SKIP id=OAFX1322 window=IS reason=SINGLE_SLEEVE_INFERIOR decision=SCREEN_OUT_SINGLE_SLEEVE net=86165.0 PF=1.2836 DD=21.4054%
2026-08-30T10:01:12+00:00 SKIP_EXISTING [323/1000] id=OAFX1323 window=SCREEN_IS
2026-08-30T10:01:12+00:00 SKIP_EXISTING [324/1000] id=OAFX1324 window=SCREEN_IS
2026-08-30T10:01:12+00:00 SKIP_EXISTING [325/1000] id=OAFX1325 window=SCREEN_IS
2026-08-30T10:01:12+00:00 GATE_SKIP id=OAFX1323 window=IS reason=SINGLE_SLEEVE_INFERIOR decision=SCREEN_OUT_SINGLE_SLEEVE net=87283.0 PF=1.2873 DD=20.9685%
2026-08-30T10:01:12+00:00 GATE_SKIP id=OAFX1324 window=IS reason=SINGLE_SLEEVE_INFERIOR decision=SCREEN_OUT_SINGLE_SLEEVE net=87114.0 PF=1.2867 DD=20.6564%
2026-08-30T10:01:12+00:00 GATE_SKIP id=OAFX1325 window=IS reason=SINGLE_SLEEVE_INFERIOR decision=SCREEN_OUT_SINGLE_SLEEVE net=85142.0 PF=1.2803 DD=20.8527%
2026-08-30T10:01:12+00:00 SKIP_EXISTING [326/1000] id=OAFX1326 window=SCREEN_IS
2026-08-30T10:01:12+00:00 SKIP_EXISTING [327/1000] id=OAFX1327 window=SCREEN_IS
2026-08-30T10:01:12+00:00 SKIP_EXISTING [328/1000] id=OAFX1328 window=SCREEN_IS
2026-08-30T10:01:12+00:00 GATE_SKIP id=OAFX1326 window=IS reason=SINGLE_SLEEVE_INFERIOR decision=SCREEN_OUT_SINGLE_SLEEVE net=81170.0 PF=1.2672 DD=21.131%
2026-08-30T10:01:12+00:00 GATE_SKIP id=OAFX1327 window=IS reason=SINGLE_SLEEVE_INFERIOR decision=SCREEN_OUT_SINGLE_SLEEVE net=82607.0 PF=1.2719 DD=21.7998%
2026-08-30T10:01:12+00:00 GATE_SKIP id=OAFX1328 window=IS reason=SINGLE_SLEEVE_INFERIOR decision=SCREEN_OUT_SINGLE_SLEEVE net=90433.0 PF=1.2977 DD=20.7954%
2026-08-30T10:01:12+00:00 SKIP_EXISTING [329/1000] id=OAFX1329 window=SCREEN_IS
2026-08-30T10:01:12+00:00 SKIP_EXISTING [330/1000] id=OAFX1330 window=SCREEN_IS
2026-08-30T10:01:12+00:00 SKIP_EXISTING [331/1000] id=OAFX1331 window=SCREEN_IS
2026-08-30T10:01:12+00:00 GATE_SKIP id=OAFX1329 window=IS reason=SINGLE_SLEEVE_INFERIOR decision=SCREEN_OUT_SINGLE_SLEEVE net=96817.0 PF=1.3187 DD=20.7519%
2026-08-30T10:01:12+00:00 GATE_SKIP id=OAFX1330 window=IS reason=SINGLE_SLEEVE_INFERIOR decision=SCREEN_OUT_SINGLE_SLEEVE net=94336.0 PF=1.3105 DD=20.1277%
2026-08-30T10:01:12+00:00 GATE_SKIP id=OAFX1331 window=IS reason=SINGLE_SLEEVE_INFERIOR decision=SCREEN_OUT_SINGLE_SLEEVE net=86753.0 PF=1.2626 DD=22.6537%
2026-08-30T10:01:12+00:00 SKIP_EXISTING [332/1000] id=OAFX1332 window=SCREEN_IS
2026-08-30T10:01:12+00:00 SKIP_EXISTING [333/1000] id=OAFX1333 window=SCREEN_IS
2026-08-30T10:01:12+00:00 SKIP_EXISTING [334/1000] id=OAFX1334 window=SCREEN_IS
2026-08-30T10:01:12+00:00 GATE_SKIP id=OAFX1332 window=IS reason=SINGLE_SLEEVE_INFERIOR decision=SCREEN_OUT_SINGLE_SLEEVE net=89509.0 PF=1.2712 DD=21.8742%
2026-08-30T10:01:12+00:00 GATE_SKIP id=OAFX1333 window=IS reason=SINGLE_SLEEVE_INFERIOR decision=SCREEN_OUT_SINGLE_SLEEVE net=90411.0 PF=1.274 DD=21.8526%
2026-08-30T10:01:12+00:00 GATE_SKIP id=OAFX1334 window=IS reason=SINGLE_SLEEVE_INFERIOR decision=SCREEN_OUT_SINGLE_SLEEVE net=90047.0 PF=1.2729 DD=21.3883%
2026-08-30T10:01:12+00:00 SKIP_EXISTING [335/1000] id=OAFX1335 window=SCREEN_IS
2026-08-30T10:01:12+00:00 SKIP_EXISTING [336/1000] id=OAFX1336 window=SCREEN_IS
2026-08-30T10:01:12+00:00 SKIP_EXISTING [337/1000] id=OAFX1337 window=SCREEN_IS
2026-08-30T10:01:12+00:00 GATE_SKIP id=OAFX1335 window=IS reason=SINGLE_SLEEVE_INFERIOR decision=SCREEN_OUT_SINGLE_SLEEVE net=89010.0 PF=1.2698 DD=21.1592%
2026-08-30T10:01:12+00:00 GATE_SKIP id=OAFX1336 window=IS reason=SINGLE_SLEEVE_INFERIOR decision=SCREEN_OUT_SINGLE_SLEEVE net=89409.0 PF=1.271 DD=20.8078%
2026-08-30T10:01:12+00:00 GATE_SKIP id=OAFX1337 window=IS reason=SINGLE_SLEEVE_INFERIOR decision=SCREEN_OUT_SINGLE_SLEEVE net=85336.0 PF=1.2586 DD=21.5712%
2026-08-30T10:01:12+00:00 SKIP_EXISTING [338/1000] id=OAFX1338 window=SCREEN_IS
2026-08-30T10:01:12+00:00 SKIP_EXISTING [339/1000] id=OAFX1339 window=SCREEN_IS
2026-08-30T10:01:12+00:00 SKIP_EXISTING [340/1000] id=OAFX1340 window=SCREEN_IS
2026-08-30T10:01:12+00:00 GATE_SKIP id=OAFX1338 window=IS reason=SINGLE_SLEEVE_INFERIOR decision=SCREEN_OUT_SINGLE_SLEEVE net=90265.0 PF=1.2736 DD=20.415%
2026-08-30T10:01:12+00:00 GATE_SKIP id=OAFX1339 window=IS reason=SINGLE_SLEEVE_INFERIOR decision=SCREEN_NOISE_BAND net=92985.0 PF=1.2818 DD=19.3476%
2026-08-30T10:01:12+00:00 GATE_SKIP id=OAFX1340 window=IS reason=SINGLE_SLEEVE_INFERIOR decision=SCREEN_OUT_SINGLE_SLEEVE net=88692.0 PF=1.2688 DD=19.6209%
2026-08-30T10:01:12+00:00 SKIP_EXISTING [341/1000] id=OAFX1341 window=SCREEN_IS
2026-08-30T10:01:12+00:00 SKIP_EXISTING [342/1000] id=OAFX1342 window=SCREEN_IS
2026-08-30T10:01:12+00:00 SKIP_EXISTING [343/1000] id=OAFX1343 window=SCREEN_IS
2026-08-30T10:01:12+00:00 GATE_SKIP id=OAFX1341 window=IS reason=SINGLE_SLEEVE_INFERIOR decision=SCREEN_OUT_SINGLE_SLEEVE net=74398.0 PF=1.211 DD=23.6021%
2026-08-30T10:01:12+00:00 GATE_SKIP id=OAFX1342 window=IS reason=SINGLE_SLEEVE_INFERIOR decision=SCREEN_OUT_SINGLE_SLEEVE net=76045.0 PF=1.2158 DD=23.1718%
2026-08-30T10:01:12+00:00 GATE_SKIP id=OAFX1343 window=IS reason=SINGLE_SLEEVE_INFERIOR decision=SCREEN_OUT_SINGLE_SLEEVE net=76442.0 PF=1.217 DD=22.9119%
2026-08-30T10:01:12+00:00 SKIP_EXISTING [344/1000] id=OAFX1344 window=SCREEN_IS
2026-08-30T10:01:12+00:00 SKIP_EXISTING [345/1000] id=OAFX1345 window=SCREEN_IS
2026-08-30T10:01:12+00:00 SKIP_EXISTING [346/1000] id=OAFX1346 window=SCREEN_IS
2026-08-30T10:01:12+00:00 GATE_SKIP id=OAFX1344 window=IS reason=SINGLE_SLEEVE_INFERIOR decision=SCREEN_OUT_SINGLE_SLEEVE net=75397.0 PF=1.214 DD=22.8023%
2026-08-30T10:01:12+00:00 GATE_SKIP id=OAFX1345 window=IS reason=SINGLE_SLEEVE_INFERIOR decision=SCREEN_OUT_SINGLE_SLEEVE net=77542.0 PF=1.2201 DD=22.51%
2026-08-30T10:01:12+00:00 GATE_SKIP id=OAFX1346 window=IS reason=SINGLE_SLEEVE_INFERIOR decision=SCREEN_OUT_SINGLE_SLEEVE net=80574.0 PF=1.2287 DD=21.9272%
2026-08-30T10:01:12+00:00 SKIP_EXISTING [347/1000] id=OAFX1347 window=SCREEN_IS
2026-08-30T10:01:12+00:00 SKIP_EXISTING [348/1000] id=OAFX1348 window=SCREEN_IS
2026-08-30T10:01:12+00:00 SKIP_EXISTING [349/1000] id=OAFX1349 window=SCREEN_IS
2026-08-30T10:01:12+00:00 GATE_SKIP id=OAFX1347 window=IS reason=SINGLE_SLEEVE_INFERIOR decision=SCREEN_OUT_SINGLE_SLEEVE net=76419.0 PF=1.217 DD=22.1451%
2026-08-30T10:01:12+00:00 GATE_SKIP id=OAFX1348 window=IS reason=SINGLE_SLEEVE_INFERIOR decision=SCREEN_OUT_SINGLE_SLEEVE net=79250.0 PF=1.225 DD=21.6672%
2026-08-30T10:01:12+00:00 GATE_SKIP id=OAFX1349 window=IS reason=SINGLE_SLEEVE_INFERIOR decision=SCREEN_OUT_SINGLE_SLEEVE net=80234.0 PF=1.2278 DD=21.1855%
2026-08-30T10:01:12+00:00 SKIP_EXISTING [350/1000] id=OAFX1350 window=SCREEN_IS
2026-08-30T10:01:12+00:00 SKIP_EXISTING [351/1000] id=OAFX1351 window=SCREEN_IS
2026-08-30T10:01:12+00:00 SKIP_EXISTING [352/1000] id=OAFX1352 window=SCREEN_IS
2026-08-30T10:01:12+00:00 GATE_SKIP id=OAFX1350 window=IS reason=SINGLE_SLEEVE_INFERIOR decision=SCREEN_OUT_SINGLE_SLEEVE net=80291.0 PF=1.2279 DD=20.9121%
2026-08-30T10:01:12+00:00 GATE_SKIP id=OAFX1351 window=IS reason=SINGLE_SLEEVE_INFERIOR decision=SCREEN_OUT_SINGLE_SLEEVE net=79392.0 PF=1.2175 DD=21.3709%
2026-08-30T10:01:12+00:00 GATE_SKIP id=OAFX1352 window=IS reason=SINGLE_SLEEVE_INFERIOR decision=SCREEN_OUT_SINGLE_SLEEVE net=79681.0 PF=1.2184 DD=21.1697%
2026-08-30T10:01:12+00:00 SKIP_EXISTING [353/1000] id=OAFX1353 window=SCREEN_IS
2026-08-30T10:01:12+00:00 SKIP_EXISTING [354/1000] id=OAFX1354 window=SCREEN_IS
2026-08-30T10:01:12+00:00 SKIP_EXISTING [355/1000] id=OAFX1355 window=SCREEN_IS
2026-08-30T10:01:12+00:00 GATE_SKIP id=OAFX1353 window=IS reason=SINGLE_SLEEVE_INFERIOR decision=SCREEN_OUT_SINGLE_SLEEVE net=78715.0 PF=1.2157 DD=21.458%
2026-08-30T10:01:12+00:00 GATE_SKIP id=OAFX1354 window=IS reason=SINGLE_SLEEVE_INFERIOR decision=SCREEN_OUT_SINGLE_SLEEVE net=76203.0 PF=1.2088 DD=22.0095%
2026-08-30T10:01:12+00:00 GATE_SKIP id=OAFX1355 window=IS reason=SINGLE_SLEEVE_INFERIOR decision=SCREEN_OUT_SINGLE_SLEEVE net=77032.0 PF=1.2111 DD=21.8078%
2026-08-30T10:01:12+00:00 SKIP_EXISTING [356/1000] id=OAFX1356 window=SCREEN_IS
2026-08-30T10:01:12+00:00 SKIP_EXISTING [357/1000] id=OAFX1357 window=SCREEN_IS
2026-08-30T10:01:12+00:00 SKIP_EXISTING [358/1000] id=OAFX1358 window=SCREEN_IS
2026-08-30T10:01:12+00:00 GATE_SKIP id=OAFX1356 window=IS reason=SINGLE_SLEEVE_INFERIOR decision=SCREEN_OUT_SINGLE_SLEEVE net=78658.0 PF=1.2156 DD=21.332%
2026-08-30T10:01:12+00:00 GATE_SKIP id=OAFX1357 window=IS reason=SINGLE_SLEEVE_INFERIOR decision=SCREEN_OUT_SINGLE_SLEEVE net=74484.0 PF=1.2041 DD=22.0295%
2026-08-30T10:01:12+00:00 GATE_SKIP id=OAFX1358 window=IS reason=SINGLE_SLEEVE_INFERIOR decision=SCREEN_OUT_SINGLE_SLEEVE net=75199.0 PF=1.2061 DD=21.7661%
2026-08-30T10:01:12+00:00 SKIP_EXISTING [359/1000] id=OAFX1359 window=SCREEN_IS
2026-08-30T10:01:12+00:00 SKIP_EXISTING [360/1000] id=OAFX1360 window=SCREEN_IS
2026-08-30T10:01:12+00:00 SKIP_EXISTING [361/1000] id=OAFX1361 window=SCREEN_IS
2026-08-30T10:01:12+00:00 GATE_SKIP id=OAFX1359 window=IS reason=SINGLE_SLEEVE_INFERIOR decision=SCREEN_OUT_SINGLE_SLEEVE net=78696.0 PF=1.2157 DD=20.7913%
2026-08-30T10:01:12+00:00 GATE_SKIP id=OAFX1360 window=IS reason=SINGLE_SLEEVE_INFERIOR decision=SCREEN_OUT_SINGLE_SLEEVE net=81359.0 PF=1.223 DD=20.1114%
2026-08-30T10:01:12+00:00 GATE_SKIP id=OAFX1361 window=IS reason=SINGLE_SLEEVE_INFERIOR decision=SCREEN_OUT_SINGLE_SLEEVE net=84303.0 PF=1.2276 DD=21.0028%
2026-08-30T10:01:12+00:00 SKIP_EXISTING [362/1000] id=OAFX1362 window=SCREEN_IS
2026-08-30T10:01:12+00:00 SKIP_EXISTING [363/1000] id=OAFX1363 window=SCREEN_IS
2026-08-30T10:01:12+00:00 SKIP_EXISTING [364/1000] id=OAFX1364 window=SCREEN_IS
2026-08-30T10:01:12+00:00 GATE_SKIP id=OAFX1362 window=IS reason=SINGLE_SLEEVE_INFERIOR decision=SCREEN_OUT_SINGLE_SLEEVE net=83782.0 PF=1.2262 DD=20.9676%
2026-08-30T10:01:12+00:00 GATE_SKIP id=OAFX1363 window=IS reason=SINGLE_SLEEVE_INFERIOR decision=SCREEN_OUT_SINGLE_SLEEVE net=83707.0 PF=1.226 DD=21.2374%
2026-08-30T10:01:12+00:00 GATE_SKIP id=OAFX1364 window=IS reason=SINGLE_SLEEVE_INFERIOR decision=SCREEN_OUT_SINGLE_SLEEVE net=82597.0 PF=1.223 DD=21.2325%
2026-08-30T10:01:12+00:00 SKIP_EXISTING [365/1000] id=OAFX1365 window=SCREEN_IS
2026-08-30T10:01:12+00:00 SKIP_EXISTING [366/1000] id=OAFX1366 window=SCREEN_IS
2026-08-30T10:01:12+00:00 SKIP_EXISTING [367/1000] id=OAFX1367 window=SCREEN_IS
2026-08-30T10:01:12+00:00 GATE_SKIP id=OAFX1365 window=IS reason=SINGLE_SLEEVE_INFERIOR decision=SCREEN_OUT_SINGLE_SLEEVE net=83241.0 PF=1.2247 DD=21.2092%
2026-08-30T10:01:12+00:00 GATE_SKIP id=OAFX1366 window=IS reason=SINGLE_SLEEVE_INFERIOR decision=SCREEN_OUT_SINGLE_SLEEVE net=84205.0 PF=1.2273 DD=20.9567%
2026-08-30T10:01:12+00:00 GATE_SKIP id=OAFX1367 window=IS reason=SINGLE_SLEEVE_INFERIOR decision=SCREEN_OUT_SINGLE_SLEEVE net=85315.0 PF=1.2303 DD=20.682%
2026-08-30T10:01:12+00:00 SKIP_EXISTING [368/1000] id=OAFX1368 window=SCREEN_IS
2026-08-30T10:01:12+00:00 SKIP_EXISTING [369/1000] id=OAFX1369 window=SCREEN_IS
2026-08-30T10:01:12+00:00 SKIP_EXISTING [370/1000] id=OAFX1370 window=SCREEN_IS
2026-08-30T10:01:12+00:00 GATE_SKIP id=OAFX1368 window=IS reason=SINGLE_SLEEVE_INFERIOR decision=SCREEN_OUT_SINGLE_SLEEVE net=84065.0 PF=1.227 DD=20.8743%
2026-08-30T10:01:12+00:00 GATE_SKIP id=OAFX1369 window=IS reason=SINGLE_SLEEVE_INFERIOR decision=SCREEN_OUT_SINGLE_SLEEVE net=86145.0 PF=1.2326 DD=20.4144%
2026-08-30T10:01:12+00:00 GATE_SKIP id=OAFX1370 window=IS reason=SINGLE_SLEEVE_INFERIOR decision=SCREEN_OUT_SINGLE_SLEEVE net=87525.0 PF=1.2363 DD=20.1701%
2026-08-30T10:01:12+00:00 RUN_START id=OAFX1371 family=gj_break_even_lock window=SCREEN_IS terminal=PROD run=oafx_screen_is_oafx1371_20260830190112_e92c2e
2026-08-30T10:01:12+00:00 SKIP_EXISTING [372/1000] id=OAFX1372 window=SCREEN_IS
2026-08-30T10:01:12+00:00 SKIP_EXISTING [373/1000] id=OAFX1373 window=SCREEN_IS
2026-08-30T10:01:12+00:00 GATE_SKIP id=OAFX1372 window=IS reason=SINGLE_SLEEVE_INFERIOR decision=SCREEN_OUT_SINGLE_SLEEVE net=86809.0 PF=1.2326 DD=21.3221%
2026-08-30T10:01:12+00:00 GATE_SKIP id=OAFX1373 window=IS reason=SINGLE_SLEEVE_INFERIOR decision=SCREEN_OUT_SINGLE_SLEEVE net=86420.0 PF=1.2316 DD=21.6843%
2026-08-30T10:01:12+00:00 RUN_START id=OAFX1374 family=gj_break_even_lock window=SCREEN_IS terminal=BT1 run=oafx_screen_is_oafx1374_20260830190112_ac60b3
2026-08-30T10:01:12+00:00 SKIP_EXISTING [375/1000] id=OAFX1375 window=SCREEN_IS
2026-08-30T10:01:12+00:00 GATE_SKIP id=OAFX1375 window=IS reason=SINGLE_SLEEVE_INFERIOR decision=SCREEN_OUT_SINGLE_SLEEVE net=86889.0 PF=1.2329 DD=21.4525%
2026-08-30T10:01:12+00:00 RUN_START id=OAFX1376 family=gj_break_even_lock window=SCREEN_IS terminal=BT2 run=oafx_screen_is_oafx1376_20260830190112_d0ab02
2026-08-30T10:01:13+00:00 WAIT_LAUNCH_SLOT terminal=PROD seconds=15.0
2026-08-30T10:01:13+00:00 WAIT_LAUNCH_SLOT terminal=BT2 seconds=30.0
2026-08-30T10:01:13+00:00 RUN_HEARTBEAT terminal=BT1 pid=50788 elapsed=0s
2026-08-30T10:01:28+00:00 RUN_HEARTBEAT terminal=PROD pid=37772 elapsed=0s
2026-08-30T10:01:43+00:00 RUN_HEARTBEAT terminal=BT2 pid=46812 elapsed=0s
2026-08-30T10:02:16+00:00 RUN_HEARTBEAT terminal=BT1 pid=50788 elapsed=63s
2026-08-30T10:02:31+00:00 RUN_HEARTBEAT terminal=PROD pid=37772 elapsed=63s
2026-08-30T10:02:47+00:00 RUN_HEARTBEAT terminal=BT2 pid=46812 elapsed=63s
2026-08-30T10:03:19+00:00 RUN_HEARTBEAT terminal=BT1 pid=50788 elapsed=126s
2026-08-30T10:03:34+00:00 RUN_HEARTBEAT terminal=PROD pid=37772 elapsed=126s
2026-08-30T10:03:50+00:00 RUN_HEARTBEAT terminal=BT2 pid=46812 elapsed=127s
2026-08-30T10:03:50+00:00 RUN_END id=OAFX1371 window=SCREEN_IS terminal=PROD status=OK decision=SCREEN_OUT_SINGLE_SLEEVE elapsed=158.207s
2026-08-30T10:03:50+00:00 GATE_SKIP id=OAFX1371 window=IS reason=SINGLE_SLEEVE_INFERIOR decision=SCREEN_OUT_SINGLE_SLEEVE net=86179.0 PF=1.2309 DD=21.4676%
2026-08-30T10:03:50+00:00 SKIP_EXISTING [377/1000] id=OAFX1377 window=SCREEN_IS
2026-08-30T10:03:50+00:00 GATE_SKIP id=OAFX1377 window=IS reason=SINGLE_SLEEVE_INFERIOR decision=SCREEN_OUT_SINGLE_SLEEVE net=88240.0 PF=1.2365 DD=21.1318%
2026-08-30T10:03:50+00:00 SKIP_EXISTING [378/1000] id=OAFX1378 window=SCREEN_IS
2026-08-30T10:03:50+00:00 GATE_SKIP id=OAFX1378 window=IS reason=SINGLE_SLEEVE_INFERIOR decision=SCREEN_OUT_SINGLE_SLEEVE net=86690.0 PF=1.2323 DD=21.3885%
2026-08-30T10:03:50+00:00 SKIP_EXISTING [379/1000] id=OAFX1379 window=SCREEN_IS
2026-08-30T10:03:50+00:00 GATE_SKIP id=OAFX1379 window=IS reason=SINGLE_SLEEVE_INFERIOR decision=SCREEN_OUT_SINGLE_SLEEVE net=88000.0 PF=1.2358 DD=21.1207%
2026-08-30T10:03:50+00:00 RUN_START id=OAFX1380 family=gj_break_even_lock window=SCREEN_IS terminal=PROD run=oafx_screen_is_oafx1380_20260830190350_61253b
2026-08-30T10:03:51+00:00 RUN_END id=OAFX1374 window=SCREEN_IS terminal=BT1 status=OK decision=SCREEN_OUT_SINGLE_SLEEVE elapsed=158.547s
2026-08-30T10:03:51+00:00 GATE_SKIP id=OAFX1374 window=IS reason=SINGLE_SLEEVE_INFERIOR decision=SCREEN_OUT_SINGLE_SLEEVE net=86056.0 PF=1.2306 DD=21.6474%
2026-08-30T10:03:51+00:00 SKIP_EXISTING [381/1000] id=OAFX1381 window=SCREEN_IS
2026-08-30T10:03:51+00:00 GATE_SKIP id=OAFX1381 window=IS reason=SINGLE_SLEEVE_INFERIOR decision=SCREEN_OUT_SINGLE_SLEEVE net=91240.0 PF=1.2422 DD=19.6272%
2026-08-30T10:03:51+00:00 RUN_START id=OAFX1382 family=gj_break_even_lock window=SCREEN_IS terminal=BT1 run=oafx_screen_is_oafx1382_20260830190351_0745cb
2026-08-30T10:03:51+00:00 WAIT_LAUNCH_SLOT terminal=BT1 seconds=14.6
2026-08-30T10:03:52+00:00 RUN_HEARTBEAT terminal=PROD pid=19896 elapsed=0s
2026-08-30T10:04:07+00:00 RUN_HEARTBEAT terminal=BT1 pid=44608 elapsed=0s
2026-08-30T10:04:53+00:00 RUN_HEARTBEAT terminal=BT2 pid=46812 elapsed=189s
2026-08-30T10:04:54+00:00 RUN_HEARTBEAT terminal=PROD pid=19896 elapsed=63s
2026-08-30T10:05:09+00:00 RUN_END id=OAFX1376 window=SCREEN_IS terminal=BT2 status=OK decision=SCREEN_OUT_SINGLE_SLEEVE elapsed=236.579s
2026-08-30T10:05:09+00:00 GATE_SKIP id=OAFX1376 window=IS reason=SINGLE_SLEEVE_INFERIOR decision=SCREEN_OUT_SINGLE_SLEEVE net=87483.0 PF=1.2344 DD=21.3033%
2026-08-30T10:05:09+00:00 RUN_START id=OAFX1383 family=gj_break_even_lock window=SCREEN_IS terminal=BT2 run=oafx_screen_is_oafx1383_20260830190509_62d2c9
2026-08-30T10:05:09+00:00 RUN_HEARTBEAT terminal=BT1 pid=44608 elapsed=63s
2026-08-30T10:05:10+00:00 RUN_HEARTBEAT terminal=BT2 pid=53972 elapsed=0s
2026-08-30T10:05:58+00:00 RUN_HEARTBEAT terminal=PROD pid=19896 elapsed=126s
2026-08-30T10:06:13+00:00 RUN_HEARTBEAT terminal=BT1 pid=44608 elapsed=126s
2026-08-30T10:06:13+00:00 RUN_HEARTBEAT terminal=BT2 pid=53972 elapsed=63s
2026-08-30T10:06:44+00:00 RUN_END id=OAFX1382 window=SCREEN_IS terminal=BT1 status=OK decision=SCREEN_OUT_SINGLE_SLEEVE elapsed=173.530s
2026-08-30T10:06:44+00:00 GATE_SKIP id=OAFX1382 window=IS reason=SINGLE_SLEEVE_INFERIOR decision=SCREEN_OUT_SINGLE_SLEEVE net=91623.0 PF=1.2432 DD=19.5695%
2026-08-30T10:06:44+00:00 RUN_START id=OAFX1384 family=gj_break_even_lock window=SCREEN_IS terminal=BT1 run=oafx_screen_is_oafx1384_20260830190644_ffef62
2026-08-30T10:06:45+00:00 RUN_END id=OAFX1380 window=SCREEN_IS terminal=PROD status=OK decision=SCREEN_OUT_SINGLE_SLEEVE elapsed=174.740s
2026-08-30T10:06:45+00:00 GATE_SKIP id=OAFX1380 window=IS reason=SINGLE_SLEEVE_INFERIOR decision=SCREEN_OUT_SINGLE_SLEEVE net=88867.0 PF=1.2382 DD=20.9449%
2026-08-30T10:06:45+00:00 RUN_START id=OAFX1385 family=gj_break_even_lock window=SCREEN_IS terminal=PROD run=oafx_screen_is_oafx1385_20260830190645_9fa435
2026-08-30T10:06:46+00:00 RUN_HEARTBEAT terminal=BT1 pid=29580 elapsed=0s
2026-08-30T10:06:46+00:00 WAIT_LAUNCH_SLOT terminal=PROD seconds=14.1
2026-08-30T10:07:01+00:00 RUN_HEARTBEAT terminal=PROD pid=54696 elapsed=0s
2026-08-30T10:07:16+00:00 RUN_HEARTBEAT terminal=BT2 pid=53972 elapsed=126s
2026-08-30T10:07:49+00:00 RUN_HEARTBEAT terminal=BT1 pid=29580 elapsed=63s
2026-08-30T10:08:04+00:00 RUN_HEARTBEAT terminal=PROD pid=54696 elapsed=63s
2026-08-30T10:08:20+00:00 RUN_HEARTBEAT terminal=BT2 pid=53972 elapsed=190s
2026-08-30T10:08:36+00:00 RUN_END id=OAFX1383 window=SCREEN_IS terminal=BT2 status=OK decision=SCREEN_OUT_SINGLE_SLEEVE elapsed=207.385s
2026-08-30T10:08:36+00:00 GATE_SKIP id=OAFX1383 window=IS reason=SINGLE_SLEEVE_INFERIOR decision=SCREEN_OUT_SINGLE_SLEEVE net=90860.0 PF=1.2412 DD=20.0403%
2026-08-30T10:08:36+00:00 SKIP_EXISTING [386/1000] id=OAFX1386 window=SCREEN_IS
2026-08-30T10:08:36+00:00 GATE_SKIP id=OAFX1386 window=IS reason=SINGLE_SLEEVE_INFERIOR decision=SCREEN_OUT_SINGLE_SLEEVE net=92105.0 PF=1.2445 DD=19.8322%
2026-08-30T10:08:36+00:00 RUN_START id=OAFX1387 family=gj_break_even_lock window=SCREEN_IS terminal=BT2 run=oafx_screen_is_oafx1387_20260830190836_6fad8e
2026-08-30T10:08:37+00:00 RUN_HEARTBEAT terminal=BT2 pid=33004 elapsed=0s
2026-08-30T10:08:52+00:00 RUN_HEARTBEAT terminal=BT1 pid=29580 elapsed=126s
2026-08-30T10:09:08+00:00 RUN_HEARTBEAT terminal=PROD pid=54696 elapsed=127s
2026-08-30T10:09:08+00:00 RUN_END id=OAFX1384 window=SCREEN_IS terminal=BT1 status=OK decision=SCREEN_OUT_SINGLE_SLEEVE elapsed=143.625s
2026-08-30T10:09:08+00:00 GATE_SKIP id=OAFX1384 window=IS reason=SINGLE_SLEEVE_INFERIOR decision=SCREEN_OUT_SINGLE_SLEEVE net=91328.0 PF=1.2424 DD=19.9633%
2026-08-30T10:09:08+00:00 SKIP_EXISTING [388/1000] id=OAFX1388 window=SCREEN_IS
2026-08-30T10:09:08+00:00 GATE_SKIP id=OAFX1388 window=IS reason=SINGLE_SLEEVE_INFERIOR decision=SCREEN_OUT_SINGLE_SLEEVE net=92750.0 PF=1.2462 DD=19.6918%
2026-08-30T10:09:08+00:00 SKIP_EXISTING [389/1000] id=OAFX1389 window=SCREEN_IS
2026-08-30T10:09:08+00:00 GATE_SKIP id=OAFX1389 window=IS reason=SINGLE_SLEEVE_INFERIOR decision=SCREEN_OUT_SINGLE_SLEEVE net=93395.0 PF=1.2479 DD=19.5777%
2026-08-30T10:09:08+00:00 RUN_START id=OAFX1390 family=gj_break_even_lock window=SCREEN_IS terminal=BT1 run=oafx_screen_is_oafx1390_20260830190908_d77e92
2026-08-30T10:09:09+00:00 RUN_HEARTBEAT terminal=BT1 pid=55644 elapsed=0s
2026-08-30T10:09:40+00:00 RUN_HEARTBEAT terminal=BT2 pid=33004 elapsed=63s
2026-08-30T10:09:55+00:00 RUN_END id=OAFX1385 window=SCREEN_IS terminal=PROD status=OK decision=SCREEN_OUT_SINGLE_SLEEVE elapsed=189.922s
2026-08-30T10:09:55+00:00 GATE_SKIP id=OAFX1385 window=IS reason=SINGLE_SLEEVE_INFERIOR decision=SCREEN_OUT_SINGLE_SLEEVE net=91714.0 PF=1.2434 DD=19.8953%
2026-08-30T10:09:55+00:00 RUN_START id=OAFX1391 family=gj_break_even_lock window=SCREEN_IS terminal=PROD run=oafx_screen_is_oafx1391_20260830190955_e2f453
2026-08-30T10:09:56+00:00 RUN_HEARTBEAT terminal=PROD pid=54400 elapsed=0s
2026-08-30T10:10:12+00:00 RUN_HEARTBEAT terminal=BT1 pid=55644 elapsed=63s
2026-08-30T10:10:44+00:00 RUN_HEARTBEAT terminal=BT2 pid=33004 elapsed=126s
2026-08-30T10:11:00+00:00 RUN_HEARTBEAT terminal=PROD pid=54400 elapsed=64s
2026-08-30T10:11:16+00:00 RUN_HEARTBEAT terminal=BT1 pid=55644 elapsed=127s
2026-08-30T10:11:48+00:00 RUN_HEARTBEAT terminal=BT2 pid=33004 elapsed=191s
2026-08-30T10:11:48+00:00 RUN_END id=OAFX1390 window=SCREEN_IS terminal=BT1 status=OK decision=SCREEN_NOISE_BAND elapsed=160.501s
2026-08-30T10:11:48+00:00 GATE_SKIP id=OAFX1390 window=IS reason=SINGLE_SLEEVE_INFERIOR decision=SCREEN_NOISE_BAND net=93787.0 PF=1.2489 DD=19.509%
2026-08-30T10:11:48+00:00 SKIP_EXISTING [392/1000] id=OAFX1392 window=SCREEN_IS
2026-08-30T10:11:48+00:00 GATE_SKIP id=OAFX1392 window=IS reason=SINGLE_SLEEVE_INFERIOR decision=SCREEN_OUT_SINGLE_SLEEVE net=87249.0 PF=1.2257 DD=19.5314%
2026-08-30T10:11:48+00:00 SKIP_EXISTING [393/1000] id=OAFX1393 window=SCREEN_IS
2026-08-30T10:11:48+00:00 GATE_SKIP id=OAFX1393 window=IS reason=SINGLE_SLEEVE_INFERIOR decision=SCREEN_OUT_SINGLE_SLEEVE net=87279.0 PF=1.2258 DD=19.5314%
2026-08-30T10:11:48+00:00 SKIP_EXISTING [394/1000] id=OAFX1394 window=SCREEN_IS
2026-08-30T10:11:48+00:00 GATE_SKIP id=OAFX1394 window=IS reason=SINGLE_SLEEVE_INFERIOR decision=SCREEN_OUT_SINGLE_SLEEVE net=87333.0 PF=1.2259 DD=19.5314%
2026-08-30T10:11:48+00:00 RUN_START id=OAFX1395 family=gj_break_even_lock window=SCREEN_IS terminal=BT1 run=oafx_screen_is_oafx1395_20260830191148_927cc0
2026-08-30T10:11:50+00:00 RUN_HEARTBEAT terminal=BT1 pid=51048 elapsed=0s
2026-08-30T10:12:04+00:00 RUN_HEARTBEAT terminal=PROD pid=54400 elapsed=128s
2026-08-30T10:12:20+00:00 RUN_END id=OAFX1387 window=SCREEN_IS terminal=BT2 status=OK decision=SCREEN_OUT_SINGLE_SLEEVE elapsed=223.684s
2026-08-30T10:12:20+00:00 GATE_SKIP id=OAFX1387 window=IS reason=SINGLE_SLEEVE_INFERIOR decision=SCREEN_OUT_SINGLE_SLEEVE net=92501.0 PF=1.2455 DD=19.7548%
2026-08-30T10:12:20+00:00 RUN_START id=OAFX1396 family=gj_break_even_lock window=SCREEN_IS terminal=BT2 run=oafx_screen_is_oafx1396_20260830191220_890098
2026-08-30T10:12:21+00:00 RUN_HEARTBEAT terminal=BT2 pid=54460 elapsed=0s
2026-08-30T10:12:51+00:00 RUN_END id=OAFX1391 window=SCREEN_IS terminal=PROD status=OK decision=SCREEN_OUT_SINGLE_SLEEVE elapsed=176.344s
2026-08-30T10:12:51+00:00 GATE_SKIP id=OAFX1391 window=IS reason=SINGLE_SLEEVE_INFERIOR decision=SCREEN_OUT_SINGLE_SLEEVE net=87195.0 PF=1.2256 DD=19.5314%
2026-08-30T10:12:51+00:00 SKIP_EXISTING [397/1000] id=OAFX1397 window=SCREEN_IS
2026-08-30T10:12:51+00:00 GATE_SKIP id=OAFX1397 window=IS reason=SINGLE_SLEEVE_INFERIOR decision=SCREEN_OUT_SINGLE_SLEEVE net=87471.0 PF=1.2263 DD=19.5314%
2026-08-30T10:12:51+00:00 RUN_START id=OAFX1398 family=gj_break_even_lock window=SCREEN_IS terminal=PROD run=oafx_screen_is_oafx1398_20260830191251_f044ed
2026-08-30T10:12:53+00:00 RUN_HEARTBEAT terminal=BT1 pid=51048 elapsed=63s
2026-08-30T10:12:53+00:00 RUN_HEARTBEAT terminal=PROD pid=37900 elapsed=0s
2026-08-30T10:13:25+00:00 RUN_HEARTBEAT terminal=BT2 pid=54460 elapsed=63s
2026-08-30T10:13:57+00:00 RUN_HEARTBEAT terminal=BT1 pid=51048 elapsed=127s
2026-08-30T10:13:57+00:00 RUN_HEARTBEAT terminal=PROD pid=37900 elapsed=64s
2026-08-30T10:14:12+00:00 RUN_END id=OAFX1395 window=SCREEN_IS terminal=BT1 status=OK decision=SCREEN_OUT_SINGLE_SLEEVE elapsed=144.150s
2026-08-30T10:14:12+00:00 GATE_SKIP id=OAFX1395 window=IS reason=SINGLE_SLEEVE_INFERIOR decision=SCREEN_OUT_SINGLE_SLEEVE net=87375.0 PF=1.226 DD=19.5314%
2026-08-30T10:14:12+00:00 RUN_START id=OAFX1399 family=gj_break_even_lock window=SCREEN_IS terminal=BT1 run=oafx_screen_is_oafx1399_20260830191412_9871d0
2026-08-30T10:14:14+00:00 RUN_HEARTBEAT terminal=BT1 pid=41176 elapsed=0s
2026-08-30T10:14:28+00:00 RUN_HEARTBEAT terminal=BT2 pid=54460 elapsed=127s
2026-08-30T10:15:00+00:00 RUN_HEARTBEAT terminal=PROD pid=37900 elapsed=127s
2026-08-30T10:15:17+00:00 RUN_HEARTBEAT terminal=BT1 pid=41176 elapsed=63s
2026-08-30T10:15:32+00:00 RUN_HEARTBEAT terminal=BT2 pid=54460 elapsed=191s
2026-08-30T10:15:47+00:00 WAIT_MT5_IDLE terminal=PROD elapsed=1s pids=[45260]
2026-08-30T10:15:47+00:00 RUN_END id=OAFX1396 window=SCREEN_IS terminal=BT2 status=OK decision=SCREEN_OUT_SINGLE_SLEEVE elapsed=207.739s
2026-08-30T10:15:47+00:00 GATE_SKIP id=OAFX1396 window=IS reason=SINGLE_SLEEVE_INFERIOR decision=SCREEN_OUT_SINGLE_SLEEVE net=87423.0 PF=1.2262 DD=19.5314%
2026-08-30T10:15:47+00:00 RUN_START id=OAFX1400 family=gj_break_even_lock window=SCREEN_IS terminal=BT2 run=oafx_screen_is_oafx1400_20260830191547_bd9462
2026-08-30T10:15:49+00:00 RUN_HEARTBEAT terminal=BT2 pid=48384 elapsed=0s
2026-08-30T10:16:19+00:00 RUN_HEARTBEAT terminal=BT1 pid=41176 elapsed=126s
2026-08-30T10:16:35+00:00 RUN_END id=OAFX1399 window=SCREEN_IS terminal=BT1 status=OK decision=SCREEN_OUT_SINGLE_SLEEVE elapsed=142.601s
2026-08-30T10:16:35+00:00 GATE_SKIP id=OAFX1399 window=IS reason=SINGLE_SLEEVE_INFERIOR decision=SCREEN_OUT_SINGLE_SLEEVE net=87603.0 PF=1.2266 DD=19.5314%
2026-08-30T10:16:35+00:00 SKIP_EXISTING [401/1000] id=OAFX1401 window=SCREEN_IS
2026-08-30T10:16:35+00:00 GATE_SKIP id=OAFX1401 window=IS reason=SINGLE_SLEEVE_INFERIOR decision=SCREEN_OUT_SINGLE_SLEEVE net=42243.0 PF=1.1772 DD=22.1869%
2026-08-30T10:16:35+00:00 SKIP_EXISTING [402/1000] id=OAFX1402 window=SCREEN_IS
2026-08-30T10:16:35+00:00 GATE_SKIP id=OAFX1402 window=IS reason=SINGLE_SLEEVE_INFERIOR decision=SCREEN_OUT_SINGLE_SLEEVE net=52697.0 PF=1.2189 DD=22.9989%
2026-08-30T10:16:35+00:00 SKIP_EXISTING [403/1000] id=OAFX1403 window=SCREEN_IS
2026-08-30T10:16:35+00:00 GATE_SKIP id=OAFX1403 window=IS reason=SINGLE_SLEEVE_INFERIOR decision=SCREEN_OUT_SINGLE_SLEEVE net=47186.0 PF=1.189 DD=25.376%
2026-08-30T10:16:35+00:00 SKIP_EXISTING [404/1000] id=OAFX1404 window=SCREEN_IS
2026-08-30T10:16:35+00:00 GATE_SKIP id=OAFX1404 window=IS reason=SINGLE_SLEEVE_INFERIOR decision=SCREEN_OUT_SINGLE_SLEEVE net=43143.0 PF=1.1617 DD=29.9468%
2026-08-30T10:16:35+00:00 SKIP_EXISTING [405/1000] id=OAFX1405 window=SCREEN_IS
2026-08-30T10:16:35+00:00 GATE_SKIP id=OAFX1405 window=IS reason=SINGLE_SLEEVE_INFERIOR decision=SCREEN_OUT_SINGLE_SLEEVE net=64250.0 PF=1.2264 DD=25.429%
2026-08-30T10:16:35+00:00 SKIP_EXISTING [406/1000] id=OAFX1406 window=SCREEN_IS
2026-08-30T10:16:35+00:00 GATE_SKIP id=OAFX1406 window=IS reason=SINGLE_SLEEVE_INFERIOR decision=SCREEN_OUT_SINGLE_SLEEVE net=58983.0 PF=1.1821 DD=33.0008%
2026-08-30T10:16:35+00:00 SKIP_EXISTING [407/1000] id=OAFX1407 window=SCREEN_IS
2026-08-30T10:16:35+00:00 GATE_SKIP id=OAFX1407 window=IS reason=SINGLE_SLEEVE_INFERIOR decision=SCREEN_OUT_SINGLE_SLEEVE net=68765.0 PF=1.2011 DD=26.1551%
2026-08-30T10:16:35+00:00 SKIP_EXISTING [408/1000] id=OAFX1408 window=SCREEN_IS
2026-08-30T10:16:35+00:00 GATE_SKIP id=OAFX1408 window=IS reason=SINGLE_SLEEVE_INFERIOR decision=SCREEN_OUT_SINGLE_SLEEVE net=73368.0 PF=1.2042 DD=24.6796%
2026-08-30T10:16:35+00:00 SKIP_EXISTING [409/1000] id=OAFX1409 window=SCREEN_IS
2026-08-30T10:16:35+00:00 RUN_START id=OAFX1409 family=gj_atr_trailing window=IS terminal=BT1 run=oafx_is_oafx1409_20260830191635_c970eb
2026-08-30T10:16:36+00:00 RUN_HEARTBEAT terminal=BT1 pid=21908 elapsed=0s
2026-08-30T10:16:50+00:00 WAIT_MT5_IDLE terminal=PROD elapsed=63s pids=[45260]
2026-08-30T10:16:51+00:00 RUN_HEARTBEAT terminal=BT2 pid=48384 elapsed=63s
2026-08-30T10:17:39+00:00 RUN_HEARTBEAT terminal=BT1 pid=21908 elapsed=63s
2026-08-30T10:17:53+00:00 WAIT_MT5_IDLE terminal=PROD elapsed=126s pids=[45260]
2026-08-30T10:17:54+00:00 RUN_HEARTBEAT terminal=BT2 pid=48384 elapsed=125s
2026-08-30T10:18:41+00:00 RUN_END id=OAFX1400 window=SCREEN_IS terminal=BT2 status=OK decision=SCREEN_OUT_SINGLE_SLEEVE elapsed=173.398s
2026-08-30T10:18:41+00:00 GATE_SKIP id=OAFX1400 window=IS reason=SINGLE_SLEEVE_INFERIOR decision=SCREEN_OUT_SINGLE_SLEEVE net=87651.0 PF=1.2267 DD=19.5314%
2026-08-30T10:18:41+00:00 RUN_START id=OAFX1410 family=gj_atr_trailing window=SCREEN_IS terminal=BT2 run=oafx_screen_is_oafx1410_20260830191841_f7cc1a
2026-08-30T10:18:42+00:00 RUN_HEARTBEAT terminal=BT1 pid=21908 elapsed=125s
2026-08-30T10:18:42+00:00 RUN_HEARTBEAT terminal=BT2 pid=38664 elapsed=0s
2026-08-30T10:18:56+00:00 WAIT_MT5_IDLE terminal=PROD elapsed=189s pids=[45260]
2026-08-30T10:19:44+00:00 RUN_HEARTBEAT terminal=BT1 pid=21908 elapsed=188s
2026-08-30T10:19:45+00:00 RUN_HEARTBEAT terminal=BT2 pid=38664 elapsed=63s
2026-08-30T10:19:58+00:00 WAIT_MT5_IDLE terminal=PROD elapsed=252s pids=[45260]
2026-08-30T10:20:47+00:00 RUN_HEARTBEAT terminal=BT1 pid=21908 elapsed=251s
2026-08-30T10:20:48+00:00 RUN_HEARTBEAT terminal=BT2 pid=38664 elapsed=125s
2026-08-30T10:21:01+00:00 KILL_ORPHAN_TESTER terminal=PROD pids=[45260] orphan_seconds=314
2026-08-30T10:21:17+00:00 RUN_END id=OAFX1398 window=SCREEN_IS terminal=PROD status=OK decision=SCREEN_OUT_SINGLE_SLEEVE elapsed=505.859s
2026-08-30T10:21:17+00:00 GATE_SKIP id=OAFX1398 window=IS reason=SINGLE_SLEEVE_INFERIOR decision=SCREEN_OUT_SINGLE_SLEEVE net=87537.0 PF=1.2264 DD=19.5314%
2026-08-30T10:21:17+00:00 SKIP_EXISTING [411/1000] id=OAFX1411 window=SCREEN_IS
2026-08-30T10:21:17+00:00 GATE_SKIP id=OAFX1411 window=IS reason=SINGLE_SLEEVE_INFERIOR decision=SCREEN_OUT_SINGLE_SLEEVE net=38370.0 PF=1.1375 DD=21.9141%
2026-08-30T10:21:17+00:00 RUN_START id=OAFX1412 family=gj_atr_trailing window=SCREEN_IS terminal=PROD run=oafx_screen_is_oafx1412_20260830192117_883c26
2026-08-30T10:21:19+00:00 RUN_HEARTBEAT terminal=PROD pid=42796 elapsed=0s
2026-08-30T10:21:35+00:00 RUN_END id=OAFX1410 window=SCREEN_IS terminal=BT2 status=OK decision=SCREEN_PASS_STRICT elapsed=173.855s
2026-08-30T10:21:35+00:00 RUN_START id=OAFX1410 family=gj_atr_trailing window=IS terminal=BT2 run=oafx_is_oafx1410_20260830192135_6fbc3a
2026-08-30T10:21:36+00:00 RUN_HEARTBEAT terminal=BT2 pid=6972 elapsed=0s
2026-08-30T10:21:50+00:00 RUN_HEARTBEAT terminal=BT1 pid=21908 elapsed=313s
2026-08-30T10:22:22+00:00 RUN_HEARTBEAT terminal=PROD pid=42796 elapsed=64s
2026-08-30T10:22:39+00:00 RUN_HEARTBEAT terminal=BT2 pid=6972 elapsed=63s
2026-08-30T10:22:55+00:00 RUN_HEARTBEAT terminal=BT1 pid=21908 elapsed=377s
2026-08-30T10:23:26+00:00 RUN_HEARTBEAT terminal=PROD pid=42796 elapsed=128s
2026-08-30T10:23:42+00:00 RUN_HEARTBEAT terminal=BT2 pid=6972 elapsed=126s
2026-08-30T10:23:42+00:00 RUN_END id=OAFX1412 window=SCREEN_IS terminal=PROD status=OK decision=SCREEN_OUT_SINGLE_SLEEVE elapsed=145.172s
2026-08-30T10:23:42+00:00 GATE_SKIP id=OAFX1412 window=IS reason=SINGLE_SLEEVE_INFERIOR decision=SCREEN_OUT_SINGLE_SLEEVE net=40751.0 PF=1.1459 DD=23.4489%
2026-08-30T10:23:42+00:00 SKIP_EXISTING [413/1000] id=OAFX1413 window=SCREEN_IS
2026-08-30T10:23:42+00:00 GATE_SKIP id=OAFX1413 window=IS reason=SINGLE_SLEEVE_INFERIOR decision=SCREEN_OUT_SINGLE_SLEEVE net=42527.0 PF=1.1506 DD=23.7248%
2026-08-30T10:23:42+00:00 SKIP_EXISTING [414/1000] id=OAFX1414 window=SCREEN_IS
2026-08-30T10:23:42+00:00 GATE_SKIP id=OAFX1414 window=IS reason=SINGLE_SLEEVE_INFERIOR decision=SCREEN_OUT_SINGLE_SLEEVE net=55512.0 PF=1.1915 DD=25.9158%
2026-08-30T10:23:42+00:00 SKIP_EXISTING [415/1000] id=OAFX1415 window=SCREEN_IS
2026-08-30T10:23:42+00:00 GATE_SKIP id=OAFX1415 window=IS reason=SINGLE_SLEEVE_INFERIOR decision=SCREEN_OUT_SINGLE_SLEEVE net=65219.0 PF=1.2174 DD=24.598%
2026-08-30T10:23:42+00:00 SKIP_EXISTING [416/1000] id=OAFX1416 window=SCREEN_IS
2026-08-30T10:23:42+00:00 GATE_SKIP id=OAFX1416 window=IS reason=SINGLE_SLEEVE_INFERIOR decision=SCREEN_OUT_SINGLE_SLEEVE net=58080.0 PF=1.1768 DD=33.689%
2026-08-30T10:23:42+00:00 RUN_START id=OAFX1417 family=gj_atr_trailing window=SCREEN_IS terminal=PROD run=oafx_screen_is_oafx1417_20260830192342_72702d
2026-08-30T10:23:44+00:00 RUN_HEARTBEAT terminal=PROD pid=55192 elapsed=0s
2026-08-30T10:23:58+00:00 RUN_HEARTBEAT terminal=BT1 pid=21908 elapsed=442s
2026-08-30T10:24:47+00:00 RUN_HEARTBEAT terminal=BT2 pid=6972 elapsed=190s
2026-08-30T10:24:47+00:00 RUN_HEARTBEAT terminal=PROD pid=55192 elapsed=63s
2026-08-30T10:25:03+00:00 RUN_HEARTBEAT terminal=BT1 pid=21908 elapsed=506s
2026-08-30T10:25:51+00:00 RUN_HEARTBEAT terminal=PROD pid=55192 elapsed=127s
2026-08-30T10:25:51+00:00 RUN_HEARTBEAT terminal=BT2 pid=6972 elapsed=254s
2026-08-30T10:26:07+00:00 RUN_HEARTBEAT terminal=BT1 pid=21908 elapsed=570s
2026-08-30T10:26:22+00:00 RUN_END id=OAFX1417 window=SCREEN_IS terminal=PROD status=OK decision=SCREEN_OUT_SINGLE_SLEEVE elapsed=160.101s
2026-08-30T10:26:22+00:00 GATE_SKIP id=OAFX1417 window=IS reason=SINGLE_SLEEVE_INFERIOR decision=SCREEN_OUT_SINGLE_SLEEVE net=69135.0 PF=1.2018 DD=26.8464%
2026-08-30T10:26:22+00:00 SKIP_EXISTING [418/1000] id=OAFX1418 window=SCREEN_IS
2026-08-30T10:26:22+00:00 GATE_SKIP id=OAFX1418 window=IS reason=SINGLE_SLEEVE_INFERIOR decision=SCREEN_OUT_SINGLE_SLEEVE net=74857.0 PF=1.2086 DD=23.732%
2026-08-30T10:26:22+00:00 SKIP_EXISTING [419/1000] id=OAFX1419 window=SCREEN_IS
2026-08-30T10:26:22+00:00 RUN_START id=OAFX1419 family=gj_atr_trailing window=IS terminal=PROD run=oafx_is_oafx1419_20260830192622_df8cae
2026-08-30T10:26:24+00:00 RUN_HEARTBEAT terminal=PROD pid=51080 elapsed=0s
2026-08-30T10:26:54+00:00 RUN_HEARTBEAT terminal=BT2 pid=6972 elapsed=318s
2026-08-30T10:27:10+00:00 RUN_HEARTBEAT terminal=BT1 pid=21908 elapsed=633s
2026-08-30T10:27:27+00:00 RUN_HEARTBEAT terminal=PROD pid=51080 elapsed=63s
2026-08-30T10:27:42+00:00 WAIT_MT5_IDLE terminal=BT1 elapsed=1s pids=[17704]
2026-08-30T10:27:58+00:00 RUN_HEARTBEAT terminal=BT2 pid=6972 elapsed=382s
2026-08-30T10:27:58+00:00 RUN_END id=OAFX1409 window=IS terminal=BT1 status=OK decision=IS_SURVIVOR_STRICT elapsed=682.821s
2026-08-30T10:27:58+00:00 RUN_START id=OAFX1409 family=gj_atr_trailing window=OOS terminal=BT1 run=oafx_oos_oafx1409_20260830192758_5e8889
2026-08-30T10:27:59+00:00 RUN_HEARTBEAT terminal=BT1 pid=5644 elapsed=0s
2026-08-30T10:28:30+00:00 RUN_HEARTBEAT terminal=PROD pid=51080 elapsed=126s
2026-08-30T10:29:01+00:00 RUN_HEARTBEAT terminal=BT2 pid=6972 elapsed=445s
2026-08-30T10:29:02+00:00 RUN_HEARTBEAT terminal=BT1 pid=5644 elapsed=63s
2026-08-30T10:29:33+00:00 RUN_HEARTBEAT terminal=PROD pid=51080 elapsed=189s
2026-08-30T10:30:05+00:00 RUN_HEARTBEAT terminal=BT1 pid=5644 elapsed=126s
2026-08-30T10:30:05+00:00 RUN_HEARTBEAT terminal=BT2 pid=6972 elapsed=509s
2026-08-30T10:30:20+00:00 RUN_END id=OAFX1419 window=IS terminal=PROD status=FAILED decision=RUN_FAILED elapsed=237.754s
2026-08-30T10:30:20+00:00 SKIP_EXISTING [420/1000] id=OAFX1420 window=SCREEN_IS
2026-08-30T10:30:20+00:00 RUN_END id=OAFX1409 window=OOS terminal=BT1 status=FAILED decision=RUN_FAILED elapsed=142.199s
2026-08-30T10:30:20+00:00 RUN_START id=OAFX1420 family=gj_atr_trailing window=IS terminal=PROD run=oafx_is_oafx1420_20260830193020_edc98e
2026-08-30T10:30:20+00:00 SKIP_EXISTING [421/1000] id=OAFX1421 window=SCREEN_IS
2026-08-30T10:30:20+00:00 GATE_SKIP id=OAFX1421 window=IS reason=SINGLE_SLEEVE_INFERIOR decision=SCREEN_OUT_SINGLE_SLEEVE net=55981.0 PF=1.1843 DD=20.8966%
2026-08-30T10:30:20+00:00 RUN_START id=OAFX1422 family=gj_atr_trailing window=SCREEN_IS terminal=BT1 run=oafx_screen_is_oafx1422_20260830193020_2f41d0
2026-08-30T10:30:21+00:00 WAIT_LAUNCH_SLOT terminal=PROD seconds=15.0
2026-08-30T10:30:22+00:00 RUN_HEARTBEAT terminal=BT1 pid=56340 elapsed=0s
2026-08-30T10:30:37+00:00 RUN_HEARTBEAT terminal=PROD pid=53552 elapsed=0s
2026-08-30T10:31:08+00:00 RUN_HEARTBEAT terminal=BT2 pid=6972 elapsed=572s
2026-08-30T10:31:25+00:00 RUN_HEARTBEAT terminal=BT1 pid=56340 elapsed=63s
2026-08-30T10:31:40+00:00 RUN_HEARTBEAT terminal=PROD pid=53552 elapsed=63s
2026-08-30T10:32:12+00:00 RUN_HEARTBEAT terminal=BT2 pid=6972 elapsed=636s
2026-08-30T10:32:28+00:00 RUN_END id=OAFX1422 window=SCREEN_IS terminal=BT1 status=OK decision=SCREEN_OUT_SINGLE_SLEEVE elapsed=127.915s
2026-08-30T10:32:28+00:00 GATE_SKIP id=OAFX1422 window=IS reason=SINGLE_SLEEVE_INFERIOR decision=SCREEN_OUT_SINGLE_SLEEVE net=50890.0 PF=1.1675 DD=22.2592%
2026-08-30T10:32:28+00:00 SKIP_EXISTING [423/1000] id=OAFX1423 window=SCREEN_IS
2026-08-30T10:32:28+00:00 GATE_SKIP id=OAFX1423 window=IS reason=SINGLE_SLEEVE_INFERIOR decision=SCREEN_OUT_SINGLE_SLEEVE net=37922.0 PF=1.1246 DD=26.7897%
2026-08-30T10:32:28+00:00 SKIP_EXISTING [424/1000] id=OAFX1424 window=SCREEN_IS
2026-08-30T10:32:28+00:00 GATE_SKIP id=OAFX1424 window=IS reason=SINGLE_SLEEVE_INFERIOR decision=SCREEN_OUT_SINGLE_SLEEVE net=60498.0 PF=1.1968 DD=24.4046%
2026-08-30T10:32:28+00:00 SKIP_EXISTING [425/1000] id=OAFX1425 window=SCREEN_IS
2026-08-30T10:32:28+00:00 GATE_SKIP id=OAFX1425 window=IS reason=SINGLE_SLEEVE_INFERIOR decision=SCREEN_OUT_SINGLE_SLEEVE net=80393.0 PF=1.2578 DD=21.95%
2026-08-30T10:32:28+00:00 SKIP_EXISTING [426/1000] id=OAFX1426 window=SCREEN_IS
2026-08-30T10:32:28+00:00 GATE_SKIP id=OAFX1426 window=IS reason=SINGLE_SLEEVE_INFERIOR decision=SCREEN_OUT_SINGLE_SLEEVE net=65774.0 PF=1.1989 DD=32.5152%
2026-08-30T10:32:28+00:00 SKIP_EXISTING [427/1000] id=OAFX1427 window=SCREEN_IS
2026-08-30T10:32:28+00:00 GATE_SKIP id=OAFX1427 window=IS reason=SINGLE_SLEEVE_INFERIOR decision=SCREEN_OUT_SINGLE_SLEEVE net=83704.0 PF=1.2434 DD=24.0045%
2026-08-30T10:32:28+00:00 RUN_START id=OAFX1428 family=gj_atr_trailing window=SCREEN_IS terminal=BT1 run=oafx_screen_is_oafx1428_20260830193228_c70269
2026-08-30T10:32:29+00:00 RUN_HEARTBEAT terminal=BT1 pid=51768 elapsed=0s
2026-08-30T10:32:44+00:00 RUN_HEARTBEAT terminal=PROD pid=53552 elapsed=127s
2026-08-30T10:33:16+00:00 RUN_HEARTBEAT terminal=BT2 pid=6972 elapsed=699s
2026-08-30T10:33:32+00:00 RUN_END id=OAFX1410 window=IS terminal=BT2 status=OK decision=IS_NOISE_BAND elapsed=716.887s
2026-08-30T10:33:32+00:00 GATE_SKIP id=OAFX1410 window=OOS reason=IS_NOT_SURVIVOR decision=IS_NOISE_BAND net=291361.0 PF=1.4227 DD=34.6884%
2026-08-30T10:33:32+00:00 RUN_START id=OAFX1429 family=gj_atr_trailing window=SCREEN_IS terminal=BT2 run=oafx_screen_is_oafx1429_20260830193332_b05e5b
2026-08-30T10:33:32+00:00 RUN_HEARTBEAT terminal=BT1 pid=51768 elapsed=63s
2026-08-30T10:33:33+00:00 RUN_HEARTBEAT terminal=BT2 pid=43816 elapsed=0s
2026-08-30T10:33:47+00:00 RUN_HEARTBEAT terminal=PROD pid=53552 elapsed=191s
2026-08-30T10:34:35+00:00 RUN_HEARTBEAT terminal=BT1 pid=51768 elapsed=126s
2026-08-30T10:34:36+00:00 RUN_HEARTBEAT terminal=BT2 pid=43816 elapsed=63s
2026-08-30T10:34:51+00:00 RUN_HEARTBEAT terminal=PROD pid=53552 elapsed=254s
2026-08-30T10:35:07+00:00 RUN_END id=OAFX1428 window=SCREEN_IS terminal=BT1 status=OK decision=SCREEN_OUT_SINGLE_SLEEVE elapsed=158.485s
2026-08-30T10:35:07+00:00 GATE_SKIP id=OAFX1428 window=IS reason=SINGLE_SLEEVE_INFERIOR decision=SCREEN_OUT_SINGLE_SLEEVE net=79672.0 PF=1.2229 DD=24.4625%
2026-08-30T10:35:07+00:00 SKIP_EXISTING [430/1000] id=OAFX1430 window=SCREEN_IS
2026-08-30T10:35:07+00:00 RUN_START id=OAFX1430 family=gj_atr_trailing window=IS terminal=BT1 run=oafx_is_oafx1430_20260830193507_c467ae
2026-08-30T10:35:08+00:00 RUN_HEARTBEAT terminal=BT1 pid=6060 elapsed=0s
2026-08-30T10:35:39+00:00 RUN_HEARTBEAT terminal=BT2 pid=43816 elapsed=126s
2026-08-30T10:35:54+00:00 RUN_HEARTBEAT terminal=PROD pid=53552 elapsed=317s
2026-08-30T10:36:11+00:00 RUN_HEARTBEAT terminal=BT1 pid=6060 elapsed=63s
2026-08-30T10:36:42+00:00 RUN_HEARTBEAT terminal=BT2 pid=43816 elapsed=189s
2026-08-30T10:36:58+00:00 RUN_HEARTBEAT terminal=PROD pid=53552 elapsed=381s
2026-08-30T10:36:58+00:00 RUN_END id=OAFX1429 window=SCREEN_IS terminal=BT2 status=OK decision=SCREEN_OUT_SINGLE_SLEEVE elapsed=206.102s
2026-08-30T10:36:58+00:00 GATE_SKIP id=OAFX1429 window=IS reason=SINGLE_SLEEVE_INFERIOR decision=SCREEN_OUT_SINGLE_SLEEVE net=95540.0 PF=1.2576 DD=19.5947%
2026-08-30T10:36:58+00:00 SKIP_EXISTING [431/1000] id=OAFX1431 window=SCREEN_IS
2026-08-30T10:36:58+00:00 GATE_SKIP id=OAFX1431 window=IS reason=SINGLE_SLEEVE_INFERIOR decision=SCREEN_OUT_SINGLE_SLEEVE net=50474.0 PF=1.153 DD=20.6886%
2026-08-30T10:36:58+00:00 SKIP_EXISTING [432/1000] id=OAFX1432 window=SCREEN_IS
2026-08-30T10:36:58+00:00 GATE_SKIP id=OAFX1432 window=IS reason=SINGLE_SLEEVE_INFERIOR decision=SCREEN_OUT_SINGLE_SLEEVE net=44996.0 PF=1.1364 DD=23.4737%
2026-08-30T10:36:58+00:00 SKIP_EXISTING [433/1000] id=OAFX1433 window=SCREEN_IS
2026-08-30T10:36:58+00:00 GATE_SKIP id=OAFX1433 window=IS reason=SINGLE_SLEEVE_INFERIOR decision=SCREEN_OUT_SINGLE_SLEEVE net=43025.0 PF=1.1304 DD=28.44%
2026-08-30T10:36:58+00:00 RUN_START id=OAFX1434 family=gj_atr_trailing window=SCREEN_IS terminal=BT2 run=oafx_screen_is_oafx1434_20260830193658_5ea955
2026-08-30T10:36:59+00:00 RUN_HEARTBEAT terminal=BT2 pid=33704 elapsed=0s
2026-08-30T10:37:14+00:00 RUN_HEARTBEAT terminal=BT1 pid=6060 elapsed=126s
2026-08-30T10:38:02+00:00 RUN_HEARTBEAT terminal=PROD pid=53552 elapsed=444s
2026-08-30T10:38:02+00:00 RUN_HEARTBEAT terminal=BT2 pid=33704 elapsed=63s
2026-08-30T10:38:18+00:00 RUN_HEARTBEAT terminal=BT1 pid=6060 elapsed=189s
2026-08-30T10:39:06+00:00 RUN_HEARTBEAT terminal=PROD pid=53552 elapsed=509s
2026-08-30T10:39:06+00:00 RUN_HEARTBEAT terminal=BT2 pid=33704 elapsed=126s
2026-08-30T10:39:22+00:00 RUN_HEARTBEAT terminal=BT1 pid=6060 elapsed=253s
2026-08-30T10:39:54+00:00 RUN_END id=OAFX1434 window=SCREEN_IS terminal=BT2 status=OK decision=SCREEN_OUT_SINGLE_SLEEVE elapsed=175.952s
2026-08-30T10:39:54+00:00 GATE_SKIP id=OAFX1434 window=IS reason=SINGLE_SLEEVE_INFERIOR decision=SCREEN_OUT_SINGLE_SLEEVE net=72319.0 PF=1.2188 DD=23.7202%
2026-08-30T10:39:54+00:00 RUN_START id=OAFX1435 family=gj_atr_trailing window=SCREEN_IS terminal=BT2 run=oafx_screen_is_oafx1435_20260830193954_ea881d
2026-08-30T10:39:55+00:00 RUN_HEARTBEAT terminal=BT2 pid=52604 elapsed=0s
2026-08-30T10:40:09+00:00 RUN_HEARTBEAT terminal=PROD pid=53552 elapsed=573s
2026-08-30T10:40:25+00:00 RUN_HEARTBEAT terminal=BT1 pid=6060 elapsed=317s
2026-08-30T10:40:58+00:00 RUN_HEARTBEAT terminal=BT2 pid=52604 elapsed=63s
2026-08-30T10:41:13+00:00 RUN_HEARTBEAT terminal=PROD pid=53552 elapsed=636s
2026-08-30T10:41:29+00:00 RUN_HEARTBEAT terminal=BT1 pid=6060 elapsed=381s
2026-08-30T10:42:01+00:00 RUN_HEARTBEAT terminal=BT2 pid=52604 elapsed=126s
2026-08-30T10:42:17+00:00 RUN_END id=OAFX1420 window=IS terminal=PROD status=OK decision=IS_NOISE_BAND elapsed=717.021s
2026-08-30T10:42:17+00:00 GATE_SKIP id=OAFX1420 window=OOS reason=IS_NOT_SURVIVOR decision=IS_NOISE_BAND net=291779.0 PF=1.4235 DD=34.6884%
2026-08-30T10:42:17+00:00 RUN_START id=OAFX1436 family=gj_atr_trailing window=SCREEN_IS terminal=PROD run=oafx_screen_is_oafx1436_20260830194217_8882e1
2026-08-30T10:42:19+00:00 RUN_HEARTBEAT terminal=PROD pid=50680 elapsed=0s
2026-08-30T10:42:33+00:00 RUN_HEARTBEAT terminal=BT1 pid=6060 elapsed=445s
2026-08-30T10:42:49+00:00 RUN_END id=OAFX1435 window=SCREEN_IS terminal=BT2 status=OK decision=SCREEN_OUT_SINGLE_SLEEVE elapsed=174.966s
2026-08-30T10:42:49+00:00 GATE_SKIP id=OAFX1435 window=IS reason=SINGLE_SLEEVE_INFERIOR decision=SCREEN_OUT_SINGLE_SLEEVE net=78425.0 PF=1.2356 DD=23.8681%
2026-08-30T10:42:49+00:00 SKIP_EXISTING [437/1000] id=OAFX1437 window=SCREEN_IS
2026-08-30T10:42:49+00:00 GATE_SKIP id=OAFX1437 window=IS reason=SINGLE_SLEEVE_INFERIOR decision=SCREEN_OUT_SINGLE_SLEEVE net=81561.0 PF=1.2319 DD=25.2781%
2026-08-30T10:42:49+00:00 SKIP_EXISTING [438/1000] id=OAFX1438 window=SCREEN_IS
2026-08-30T10:42:49+00:00 GATE_SKIP id=OAFX1438 window=IS reason=SINGLE_SLEEVE_INFERIOR decision=SCREEN_OUT_SINGLE_SLEEVE net=77914.0 PF=1.2148 DD=25.3715%
2026-08-30T10:42:49+00:00 SKIP_EXISTING [439/1000] id=OAFX1439 window=SCREEN_IS
2026-08-30T10:42:49+00:00 GATE_SKIP id=OAFX1439 window=IS reason=SINGLE_SLEEVE_INFERIOR decision=SCREEN_NOISE_BAND net=96681.0 PF=1.2596 DD=19.0362%
2026-08-30T10:42:49+00:00 SKIP_EXISTING [440/1000] id=OAFX1440 window=SCREEN_IS
2026-08-30T10:42:49+00:00 RUN_START id=OAFX1440 family=gj_atr_trailing window=IS terminal=BT2 run=oafx_is_oafx1440_20260830194249_a2380b
2026-08-30T10:42:50+00:00 RUN_HEARTBEAT terminal=BT2 pid=41296 elapsed=0s
2026-08-30T10:43:22+00:00 RUN_HEARTBEAT terminal=PROD pid=50680 elapsed=63s
2026-08-30T10:43:36+00:00 RUN_HEARTBEAT terminal=BT1 pid=6060 elapsed=508s
2026-08-30T10:43:53+00:00 RUN_HEARTBEAT terminal=BT2 pid=41296 elapsed=63s
2026-08-30T10:44:25+00:00 RUN_HEARTBEAT terminal=PROD pid=50680 elapsed=126s
2026-08-30T10:44:40+00:00 RUN_HEARTBEAT terminal=BT1 pid=6060 elapsed=571s
2026-08-30T10:44:56+00:00 RUN_HEARTBEAT terminal=BT2 pid=41296 elapsed=126s
2026-08-30T10:45:12+00:00 RUN_END id=OAFX1436 window=SCREEN_IS terminal=PROD status=OK decision=SCREEN_OUT_SINGLE_SLEEVE elapsed=174.757s
2026-08-30T10:45:12+00:00 GATE_SKIP id=OAFX1436 window=IS reason=SINGLE_SLEEVE_INFERIOR decision=SCREEN_OUT_SINGLE_SLEEVE net=73088.0 PF=1.2133 DD=29.1416%
2026-08-30T10:45:12+00:00 SKIP_EXISTING [441/1000] id=OAFX1441 window=SCREEN_IS
2026-08-30T10:45:12+00:00 GATE_SKIP id=OAFX1441 window=IS reason=SINGLE_SLEEVE_INFERIOR decision=SCREEN_OUT_SINGLE_SLEEVE net=56833.0 PF=1.1613 DD=22.4636%
2026-08-30T10:45:12+00:00 SKIP_EXISTING [442/1000] id=OAFX1442 window=SCREEN_IS
2026-08-30T10:45:12+00:00 GATE_SKIP id=OAFX1442 window=IS reason=SINGLE_SLEEVE_INFERIOR decision=SCREEN_OUT_SINGLE_SLEEVE net=50151.0 PF=1.1424 DD=23.3003%
2026-08-30T10:45:12+00:00 SKIP_EXISTING [443/1000] id=OAFX1443 window=SCREEN_IS
2026-08-30T10:45:12+00:00 GATE_SKIP id=OAFX1443 window=IS reason=SINGLE_SLEEVE_INFERIOR decision=SCREEN_OUT_SINGLE_SLEEVE net=39575.0 PF=1.1124 DD=27.596%
2026-08-30T10:45:12+00:00 SKIP_EXISTING [444/1000] id=OAFX1444 window=SCREEN_IS
2026-08-30T10:45:12+00:00 GATE_SKIP id=OAFX1444 window=IS reason=SINGLE_SLEEVE_INFERIOR decision=SCREEN_OUT_SINGLE_SLEEVE net=58695.0 PF=1.1666 DD=24.8355%
2026-08-30T10:45:12+00:00 SKIP_EXISTING [445/1000] id=OAFX1445 window=SCREEN_IS
2026-08-30T10:45:12+00:00 GATE_SKIP id=OAFX1445 window=IS reason=SINGLE_SLEEVE_INFERIOR decision=SCREEN_OUT_SINGLE_SLEEVE net=68586.0 PF=1.194 DD=24.6363%
2026-08-30T10:45:12+00:00 SKIP_EXISTING [446/1000] id=OAFX1446 window=SCREEN_IS
2026-08-30T10:45:12+00:00 GATE_SKIP id=OAFX1446 window=IS reason=SINGLE_SLEEVE_INFERIOR decision=SCREEN_OUT_SINGLE_SLEEVE net=65766.0 PF=1.1843 DD=28.3941%
2026-08-30T10:45:12+00:00 SKIP_EXISTING [447/1000] id=OAFX1447 window=SCREEN_IS
2026-08-30T10:45:12+00:00 GATE_SKIP id=OAFX1447 window=IS reason=SINGLE_SLEEVE_INFERIOR decision=SCREEN_OUT_SINGLE_SLEEVE net=76487.0 PF=1.2104 DD=24.6384%
2026-08-30T10:45:12+00:00 SKIP_EXISTING [448/1000] id=OAFX1448 window=SCREEN_IS
2026-08-30T10:45:12+00:00 GATE_SKIP id=OAFX1448 window=IS reason=SINGLE_SLEEVE_INFERIOR decision=SCREEN_OUT_SINGLE_SLEEVE net=73786.0 PF=1.1993 DD=26.3647%
2026-08-30T10:45:12+00:00 SKIP_EXISTING [449/1000] id=OAFX1449 window=SCREEN_IS
2026-08-30T10:45:12+00:00 GATE_SKIP id=OAFX1449 window=IS reason=SINGLE_SLEEVE_INFERIOR decision=SCREEN_OUT_SINGLE_SLEEVE net=94165.0 PF=1.2508 DD=19.5354%
2026-08-30T10:45:12+00:00 SCREEN_SKIP_EXISTING_FULLBOOK [450/1000] id=OAFX1450 reason=existing fullbook IS retained
2026-08-30T10:45:12+00:00 SKIP_EXISTING [450/1000] id=OAFX1450 window=IS
2026-08-30T10:45:12+00:00 GATE_SKIP id=OAFX1450 window=OOS reason=IS_NOT_SURVIVOR decision=IS_NOISE_BAND net=290551.0 PF=1.421 DD=34.7936%
2026-08-30T10:45:12+00:00 SKIP_EXISTING [451/1000] id=OAFX1451 window=SCREEN_IS
2026-08-30T10:45:12+00:00 GATE_SKIP id=OAFX1451 window=IS reason=SINGLE_SLEEVE_INFERIOR decision=SCREEN_OUT_SINGLE_SLEEVE net=47266.0 PF=1.1295 DD=23.8889%
2026-08-30T10:45:12+00:00 SKIP_EXISTING [452/1000] id=OAFX1452 window=SCREEN_IS
2026-08-30T10:45:12+00:00 GATE_SKIP id=OAFX1452 window=IS reason=SINGLE_SLEEVE_INFERIOR decision=SCREEN_OUT_SINGLE_SLEEVE net=46898.0 PF=1.1285 DD=25.6692%
2026-08-30T10:45:12+00:00 SKIP_EXISTING [453/1000] id=OAFX1453 window=SCREEN_IS
2026-08-30T10:45:12+00:00 GATE_SKIP id=OAFX1453 window=IS reason=SINGLE_SLEEVE_INFERIOR decision=SCREEN_OUT_SINGLE_SLEEVE net=40554.0 PF=1.1111 DD=29.6255%
2026-08-30T10:45:12+00:00 SKIP_EXISTING [454/1000] id=OAFX1454 window=SCREEN_IS
2026-08-30T10:45:12+00:00 GATE_SKIP id=OAFX1454 window=IS reason=SINGLE_SLEEVE_INFERIOR decision=SCREEN_OUT_SINGLE_SLEEVE net=59798.0 PF=1.1639 DD=27.0649%
2026-08-30T10:45:12+00:00 SKIP_EXISTING [455/1000] id=OAFX1455 window=SCREEN_IS
2026-08-30T10:45:12+00:00 GATE_SKIP id=OAFX1455 window=IS reason=SINGLE_SLEEVE_INFERIOR decision=SCREEN_OUT_SINGLE_SLEEVE net=69872.0 PF=1.1914 DD=26.4532%
2026-08-30T10:45:12+00:00 SKIP_EXISTING [456/1000] id=OAFX1456 window=SCREEN_IS
2026-08-30T10:45:12+00:00 GATE_SKIP id=OAFX1456 window=IS reason=SINGLE_SLEEVE_INFERIOR decision=SCREEN_OUT_SINGLE_SLEEVE net=64903.0 PF=1.1768 DD=29.3384%
2026-08-30T10:45:12+00:00 SKIP_EXISTING [457/1000] id=OAFX1457 window=SCREEN_IS
2026-08-30T10:45:12+00:00 GATE_SKIP id=OAFX1457 window=IS reason=SINGLE_SLEEVE_INFERIOR decision=SCREEN_OUT_SINGLE_SLEEVE net=73247.0 PF=1.1975 DD=26.4281%
2026-08-30T10:45:12+00:00 SKIP_EXISTING [458/1000] id=OAFX1458 window=SCREEN_IS
2026-08-30T10:45:12+00:00 GATE_SKIP id=OAFX1458 window=IS reason=SINGLE_SLEEVE_INFERIOR decision=SCREEN_OUT_SINGLE_SLEEVE net=81552.0 PF=1.2181 DD=24.5371%
2026-08-30T10:45:12+00:00 SKIP_EXISTING [459/1000] id=OAFX1459 window=SCREEN_IS
2026-08-30T10:45:12+00:00 GATE_SKIP id=OAFX1459 window=IS reason=SINGLE_SLEEVE_INFERIOR decision=SCREEN_NOISE_BAND net=92710.0 PF=1.2456 DD=19.4145%
2026-08-30T10:45:12+00:00 SKIP_EXISTING [460/1000] id=OAFX1460 window=SCREEN_IS
2026-08-30T10:45:12+00:00 RUN_START id=OAFX1460 family=gj_atr_trailing window=IS terminal=PROD run=oafx_is_oafx1460_20260830194512_619bde
2026-08-30T10:45:13+00:00 RUN_HEARTBEAT terminal=PROD pid=56124 elapsed=0s
2026-08-30T10:45:43+00:00 RUN_HEARTBEAT terminal=BT1 pid=6060 elapsed=635s
2026-08-30T10:45:59+00:00 RUN_HEARTBEAT terminal=BT2 pid=41296 elapsed=189s
2026-08-30T10:46:16+00:00 RUN_HEARTBEAT terminal=PROD pid=56124 elapsed=63s
2026-08-30T10:46:46+00:00 RUN_END id=OAFX1430 window=IS terminal=BT1 status=OK decision=IS_NOISE_BAND elapsed=699.354s
2026-08-30T10:46:46+00:00 GATE_SKIP id=OAFX1430 window=OOS reason=IS_NOT_SURVIVOR decision=IS_NOISE_BAND net=291457.0 PF=1.4229 DD=34.6884%
2026-08-30T10:46:46+00:00 SKIP_EXISTING [461/1000] id=OAFX1461 window=SCREEN_IS
2026-08-30T10:46:46+00:00 GATE_SKIP id=OAFX1461 window=IS reason=SINGLE_SLEEVE_INFERIOR decision=SCREEN_OUT_SINGLE_SLEEVE net=65416.0 PF=1.1766 DD=18.4754%
2026-08-30T10:46:46+00:00 SKIP_EXISTING [462/1000] id=OAFX1462 window=SCREEN_IS
2026-08-30T10:46:46+00:00 GATE_SKIP id=OAFX1462 window=IS reason=SINGLE_SLEEVE_INFERIOR decision=SCREEN_OUT_SINGLE_SLEEVE net=58696.0 PF=1.1585 DD=20.8437%
2026-08-30T10:46:46+00:00 SKIP_EXISTING [463/1000] id=OAFX1463 window=SCREEN_IS
2026-08-30T10:46:46+00:00 GATE_SKIP id=OAFX1463 window=IS reason=SINGLE_SLEEVE_INFERIOR decision=SCREEN_OUT_SINGLE_SLEEVE net=67853.0 PF=1.1832 DD=21.7739%
2026-08-30T10:46:46+00:00 RUN_START id=OAFX1464 family=gj_atr_trailing window=SCREEN_IS terminal=BT1 run=oafx_screen_is_oafx1464_20260830194646_fe8aab
2026-08-30T10:46:47+00:00 RUN_HEARTBEAT terminal=BT1 pid=18416 elapsed=0s
2026-08-30T10:47:02+00:00 RUN_HEARTBEAT terminal=BT2 pid=41296 elapsed=252s
2026-08-30T10:47:19+00:00 RUN_HEARTBEAT terminal=PROD pid=56124 elapsed=126s
2026-08-30T10:47:50+00:00 RUN_HEARTBEAT terminal=BT1 pid=18416 elapsed=63s
2026-08-30T10:48:05+00:00 RUN_HEARTBEAT terminal=BT2 pid=41296 elapsed=315s
2026-08-30T10:48:22+00:00 RUN_HEARTBEAT terminal=PROD pid=56124 elapsed=189s
2026-08-30T10:48:54+00:00 RUN_HEARTBEAT terminal=BT1 pid=18416 elapsed=126s
2026-08-30T10:49:09+00:00 RUN_HEARTBEAT terminal=BT2 pid=41296 elapsed=379s
2026-08-30T10:49:25+00:00 RUN_HEARTBEAT terminal=PROD pid=56124 elapsed=252s
2026-08-30T10:49:41+00:00 RUN_END id=OAFX1464 window=SCREEN_IS terminal=BT1 status=OK decision=SCREEN_OUT_SINGLE_SLEEVE elapsed=174.877s
2026-08-30T10:49:41+00:00 GATE_SKIP id=OAFX1464 window=IS reason=SINGLE_SLEEVE_INFERIOR decision=SCREEN_OUT_SINGLE_SLEEVE net=71989.0 PF=1.1944 DD=24.3146%
2026-08-30T10:49:41+00:00 SKIP_EXISTING [465/1000] id=OAFX1465 window=SCREEN_IS
2026-08-30T10:49:41+00:00 GATE_SKIP id=OAFX1465 window=IS reason=SINGLE_SLEEVE_INFERIOR decision=SCREEN_OUT_SINGLE_SLEEVE net=78321.0 PF=1.2115 DD=24.4276%
2026-08-30T10:49:41+00:00 SKIP_EXISTING [466/1000] id=OAFX1466 window=SCREEN_IS
2026-08-30T10:49:41+00:00 GATE_SKIP id=OAFX1466 window=IS reason=SINGLE_SLEEVE_INFERIOR decision=SCREEN_OUT_SINGLE_SLEEVE net=61778.0 PF=1.1668 DD=29.4757%
2026-08-30T10:49:41+00:00 RUN_START id=OAFX1467 family=gj_atr_trailing window=SCREEN_IS terminal=BT1 run=oafx_screen_is_oafx1467_20260830194941_e06966
2026-08-30T10:49:42+00:00 RUN_HEARTBEAT terminal=BT1 pid=51412 elapsed=0s
2026-08-30T10:50:12+00:00 RUN_HEARTBEAT terminal=BT2 pid=41296 elapsed=442s
2026-08-30T10:50:28+00:00 RUN_HEARTBEAT terminal=PROD pid=56124 elapsed=315s
2026-08-30T10:50:45+00:00 RUN_HEARTBEAT terminal=BT1 pid=51412 elapsed=63s
2026-08-30T10:51:16+00:00 RUN_HEARTBEAT terminal=BT2 pid=41296 elapsed=506s
2026-08-30T10:51:32+00:00 RUN_HEARTBEAT terminal=PROD pid=56124 elapsed=379s
2026-08-30T10:51:48+00:00 RUN_HEARTBEAT terminal=BT1 pid=51412 elapsed=126s
2026-08-30T10:52:20+00:00 RUN_HEARTBEAT terminal=BT2 pid=41296 elapsed=570s
2026-08-30T10:52:36+00:00 RUN_HEARTBEAT terminal=PROD pid=56124 elapsed=442s
2026-08-30T10:52:36+00:00 RUN_END id=OAFX1467 window=SCREEN_IS terminal=BT1 status=OK decision=SCREEN_OUT_SINGLE_SLEEVE elapsed=174.886s
2026-08-30T10:52:36+00:00 GATE_SKIP id=OAFX1467 window=IS reason=SINGLE_SLEEVE_INFERIOR decision=SCREEN_OUT_SINGLE_SLEEVE net=83585.0 PF=1.2254 DD=23.0575%
2026-08-30T10:52:36+00:00 SKIP_EXISTING [468/1000] id=OAFX1468 window=SCREEN_IS
2026-08-30T10:52:36+00:00 GATE_SKIP id=OAFX1468 window=IS reason=SINGLE_SLEEVE_INFERIOR decision=SCREEN_OUT_SINGLE_SLEEVE net=86523.0 PF=1.2319 DD=22.7836%
2026-08-30T10:52:36+00:00 RUN_START id=OAFX1469 family=gj_atr_trailing window=SCREEN_IS terminal=BT1 run=oafx_screen_is_oafx1469_20260830195236_24d7e7
2026-08-30T10:52:37+00:00 RUN_HEARTBEAT terminal=BT1 pid=30416 elapsed=0s
2026-08-30T10:53:23+00:00 RUN_HEARTBEAT terminal=BT2 pid=41296 elapsed=633s
2026-08-30T10:53:39+00:00 RUN_HEARTBEAT terminal=PROD pid=56124 elapsed=506s
2026-08-30T10:53:40+00:00 RUN_HEARTBEAT terminal=BT1 pid=30416 elapsed=63s
2026-08-30T10:54:27+00:00 RUN_END id=OAFX1440 window=IS terminal=BT2 status=OK decision=IS_NOISE_BAND elapsed=697.960s
2026-08-30T10:54:27+00:00 GATE_SKIP id=OAFX1440 window=OOS reason=IS_NOT_SURVIVOR decision=IS_NOISE_BAND net=291457.0 PF=1.4229 DD=34.6884%
2026-08-30T10:54:27+00:00 SCREEN_SKIP_EXISTING_FULLBOOK [470/1000] id=OAFX1470 reason=existing fullbook IS retained
2026-08-30T10:54:27+00:00 SKIP_EXISTING [470/1000] id=OAFX1470 window=IS
2026-08-30T10:54:27+00:00 GATE_SKIP id=OAFX1470 window=OOS reason=IS_NOT_SURVIVOR decision=IS_NOISE_BAND net=290457.0 PF=1.4208 DD=34.7936%
2026-08-30T10:54:27+00:00 SKIP_EXISTING [471/1000] id=OAFX1471 window=SCREEN_IS
2026-08-30T10:54:27+00:00 GATE_SKIP id=OAFX1471 window=IS reason=SINGLE_SLEEVE_INFERIOR decision=SCREEN_OUT_SINGLE_SLEEVE net=69731.0 PF=1.1869 DD=22.5143%
2026-08-30T10:54:27+00:00 SKIP_EXISTING [472/1000] id=OAFX1472 window=SCREEN_IS
2026-08-30T10:54:27+00:00 GATE_SKIP id=OAFX1472 window=IS reason=SINGLE_SLEEVE_INFERIOR decision=SCREEN_OUT_SINGLE_SLEEVE net=69660.0 PF=1.1867 DD=23.0584%
2026-08-30T10:54:27+00:00 SKIP_EXISTING [473/1000] id=OAFX1473 window=SCREEN_IS
2026-08-30T10:54:27+00:00 GATE_SKIP id=OAFX1473 window=IS reason=SINGLE_SLEEVE_INFERIOR decision=SCREEN_OUT_SINGLE_SLEEVE net=84118.0 PF=1.2254 DD=22.3922%
2026-08-30T10:54:27+00:00 SKIP_EXISTING [474/1000] id=OAFX1474 window=SCREEN_IS
2026-08-30T10:54:27+00:00 GATE_SKIP id=OAFX1474 window=IS reason=SINGLE_SLEEVE_INFERIOR decision=SCREEN_OUT_SINGLE_SLEEVE net=79007.0 PF=1.2117 DD=25.014%
2026-08-30T10:54:27+00:00 SKIP_EXISTING [475/1000] id=OAFX1475 window=SCREEN_IS
2026-08-30T10:54:27+00:00 GATE_SKIP id=OAFX1475 window=IS reason=SINGLE_SLEEVE_INFERIOR decision=SCREEN_OUT_SINGLE_SLEEVE net=74592.0 PF=1.1999 DD=26.8212%
2026-08-30T10:54:27+00:00 SKIP_EXISTING [476/1000] id=OAFX1476 window=SCREEN_IS
2026-08-30T10:54:27+00:00 GATE_SKIP id=OAFX1476 window=IS reason=SINGLE_SLEEVE_INFERIOR decision=SCREEN_OUT_SINGLE_SLEEVE net=63674.0 PF=1.1706 DD=30.9662%
2026-08-30T10:54:27+00:00 SKIP_EXISTING [477/1000] id=OAFX1477 window=SCREEN_IS
2026-08-30T10:54:27+00:00 GATE_SKIP id=OAFX1477 window=IS reason=SINGLE_SLEEVE_INFERIOR decision=SCREEN_OUT_SINGLE_SLEEVE net=74573.0 PF=1.1997 DD=27.7922%
2026-08-30T10:54:27+00:00 SKIP_EXISTING [478/1000] id=OAFX1478 window=SCREEN_IS
2026-08-30T10:54:27+00:00 GATE_SKIP id=OAFX1478 window=IS reason=SINGLE_SLEEVE_INFERIOR decision=SCREEN_OUT_SINGLE_SLEEVE net=83824.0 PF=1.2237 DD=23.8355%
2026-08-30T10:54:27+00:00 SCREEN_SKIP_EXISTING_FULLBOOK [479/1000] id=OAFX1479 reason=existing fullbook IS retained
2026-08-30T10:54:27+00:00 SKIP_EXISTING [479/1000] id=OAFX1479 window=IS
2026-08-30T10:54:27+00:00 GATE_SKIP id=OAFX1479 window=OOS reason=IS_NOT_SURVIVOR decision=IS_REJECT net=290450.0 PF=1.4223 DD=35.1271%
2026-08-30T10:54:27+00:00 SCREEN_SKIP_EXISTING_FULLBOOK [480/1000] id=OAFX1480 reason=existing fullbook IS retained
2026-08-30T10:54:27+00:00 SKIP_EXISTING [480/1000] id=OAFX1480 window=IS
2026-08-30T10:54:27+00:00 GATE_SKIP id=OAFX1480 window=OOS reason=IS_NOT_SURVIVOR decision=IS_NOISE_BAND net=290447.0 PF=1.4208 DD=34.7936%
2026-08-30T10:54:27+00:00 SKIP_EXISTING [481/1000] id=OAFX1481 window=SCREEN_IS
2026-08-30T10:54:27+00:00 GATE_SKIP id=OAFX1481 window=IS reason=SINGLE_SLEEVE_INFERIOR decision=SCREEN_OUT_SINGLE_SLEEVE net=87207.0 PF=1.2315 DD=20.5458%
2026-08-30T10:54:27+00:00 SKIP_EXISTING [482/1000] id=OAFX1482 window=SCREEN_IS
2026-08-30T10:54:27+00:00 GATE_SKIP id=OAFX1482 window=IS reason=SINGLE_SLEEVE_INFERIOR decision=SCREEN_OUT_SINGLE_SLEEVE net=85414.0 PF=1.2267 DD=21.4614%
2026-08-30T10:54:27+00:00 SKIP_EXISTING [483/1000] id=OAFX1483 window=SCREEN_IS
2026-08-30T10:54:27+00:00 GATE_SKIP id=OAFX1483 window=IS reason=SINGLE_SLEEVE_INFERIOR decision=SCREEN_OUT_SINGLE_SLEEVE net=93449.0 PF=1.2481 DD=21.0296%
2026-08-30T10:54:27+00:00 SKIP_EXISTING [484/1000] id=OAFX1484 window=SCREEN_IS
2026-08-30T10:54:27+00:00 GATE_SKIP id=OAFX1484 window=IS reason=SINGLE_SLEEVE_INFERIOR decision=SCREEN_OUT_SINGLE_SLEEVE net=91736.0 PF=1.2435 DD=21.8117%
2026-08-30T10:54:27+00:00 SKIP_EXISTING [485/1000] id=OAFX1485 window=SCREEN_IS
2026-08-30T10:54:27+00:00 GATE_SKIP id=OAFX1485 window=IS reason=SINGLE_SLEEVE_INFERIOR decision=SCREEN_OUT_SINGLE_SLEEVE net=88863.0 PF=1.2359 DD=22.7095%
2026-08-30T10:54:27+00:00 SKIP_EXISTING [486/1000] id=OAFX1486 window=SCREEN_IS
2026-08-30T10:54:27+00:00 GATE_SKIP id=OAFX1486 window=IS reason=SINGLE_SLEEVE_INFERIOR decision=SCREEN_OUT_SINGLE_SLEEVE net=87552.0 PF=1.2324 DD=21.608%
2026-08-30T10:54:27+00:00 SKIP_EXISTING [487/1000] id=OAFX1487 window=SCREEN_IS
2026-08-30T10:54:27+00:00 RUN_START id=OAFX1487 family=gj_atr_trailing window=IS terminal=BT2 run=oafx_is_oafx1487_20260830195427_15cfff
2026-08-30T10:54:28+00:00 RUN_HEARTBEAT terminal=BT2 pid=40124 elapsed=0s
2026-08-30T10:54:42+00:00 RUN_HEARTBEAT terminal=PROD pid=56124 elapsed=569s
2026-08-30T10:54:43+00:00 RUN_HEARTBEAT terminal=BT1 pid=30416 elapsed=126s
2026-08-30T10:55:14+00:00 RUN_END id=OAFX1469 window=SCREEN_IS terminal=BT1 status=OK decision=SCREEN_PASS_STRICT elapsed=158.492s
2026-08-30T10:55:14+00:00 RUN_START id=OAFX1469 family=gj_atr_trailing window=IS terminal=BT1 run=oafx_is_oafx1469_20260830195514_5041f0
2026-08-30T10:55:16+00:00 RUN_HEARTBEAT terminal=BT1 pid=32884 elapsed=0s
2026-08-30T10:55:31+00:00 RUN_HEARTBEAT terminal=BT2 pid=40124 elapsed=63s
2026-08-30T10:55:45+00:00 RUN_HEARTBEAT terminal=PROD pid=56124 elapsed=632s
2026-08-30T10:56:18+00:00 RUN_HEARTBEAT terminal=BT1 pid=32884 elapsed=63s
2026-08-30T10:56:34+00:00 RUN_HEARTBEAT terminal=BT2 pid=40124 elapsed=126s
2026-08-30T10:56:48+00:00 RUN_HEARTBEAT terminal=PROD pid=56124 elapsed=695s
2026-08-30T10:57:04+00:00 WAIT_MT5_IDLE terminal=PROD elapsed=1s pids=[36424]
2026-08-30T10:57:20+00:00 RUN_END id=OAFX1469 window=IS terminal=BT1 status=FAILED decision=RUN_FAILED elapsed=126.210s
2026-08-30T10:57:20+00:00 SCREEN_SKIP_EXISTING_FULLBOOK [488/1000] id=OAFX1488 reason=existing fullbook IS retained
2026-08-30T10:57:20+00:00 SKIP_EXISTING [488/1000] id=OAFX1488 window=IS
2026-08-30T10:57:20+00:00 GATE_SKIP id=OAFX1488 window=OOS reason=IS_NOT_SURVIVOR decision=IS_REJECT net=294492.0 PF=1.4279 DD=35.1169%
2026-08-30T10:57:20+00:00 SKIP_EXISTING [489/1000] id=OAFX1489 window=SCREEN_IS
2026-08-30T10:57:20+00:00 RUN_START id=OAFX1489 family=gj_atr_trailing window=IS terminal=BT1 run=oafx_is_oafx1489_20260830195720_365022
2026-08-30T10:57:22+00:00 RUN_HEARTBEAT terminal=BT1 pid=3696 elapsed=0s
2026-08-30T10:57:36+00:00 RUN_HEARTBEAT terminal=BT2 pid=40124 elapsed=189s
2026-08-30T10:58:07+00:00 WAIT_MT5_IDLE terminal=PROD elapsed=64s pids=[36424]
2026-08-30T10:58:24+00:00 RUN_HEARTBEAT terminal=BT1 pid=3696 elapsed=63s
2026-08-30T10:58:39+00:00 RUN_HEARTBEAT terminal=BT2 pid=40124 elapsed=251s
2026-08-30T10:59:10+00:00 RUN_END id=OAFX1489 window=IS terminal=BT1 status=FAILED decision=RUN_FAILED elapsed=110.042s
2026-08-30T10:59:11+00:00 SKIP_EXISTING [490/1000] id=OAFX1490 window=SCREEN_IS
2026-08-30T10:59:11+00:00 RUN_START id=OAFX1490 family=gj_atr_trailing window=IS terminal=BT1 run=oafx_is_oafx1490_20260830195911_b214ef
2026-08-30T10:59:11+00:00 WAIT_MT5_IDLE terminal=PROD elapsed=127s pids=[36424]
2026-08-30T10:59:12+00:00 RUN_HEARTBEAT terminal=BT1 pid=6668 elapsed=0s
2026-08-30T10:59:42+00:00 RUN_HEARTBEAT terminal=BT2 pid=40124 elapsed=314s
2026-08-30T11:00:14+00:00 WAIT_MT5_IDLE terminal=PROD elapsed=191s pids=[36424]
2026-08-30T11:00:14+00:00 RUN_HEARTBEAT terminal=BT1 pid=6668 elapsed=63s
2026-08-30T11:00:46+00:00 RUN_HEARTBEAT terminal=BT2 pid=40124 elapsed=378s
2026-08-30T11:01:01+00:00 RUN_END id=OAFX1490 window=IS terminal=BT1 status=FAILED decision=RUN_FAILED elapsed=110.335s
2026-08-30T11:01:01+00:00 SKIP_EXISTING [491/1000] id=OAFX1491 window=SCREEN_IS
2026-08-30T11:01:01+00:00 GATE_SKIP id=OAFX1491 window=IS reason=SINGLE_SLEEVE_INFERIOR decision=SCREEN_OUT_SINGLE_SLEEVE net=84921.0 PF=1.2184 DD=19.5314%
2026-08-30T11:01:01+00:00 SKIP_EXISTING [492/1000] id=OAFX1492 window=SCREEN_IS
2026-08-30T11:01:01+00:00 GATE_SKIP id=OAFX1492 window=IS reason=SINGLE_SLEEVE_INFERIOR decision=SCREEN_OUT_SINGLE_SLEEVE net=84921.0 PF=1.2184 DD=19.5314%
2026-08-30T11:01:01+00:00 SKIP_EXISTING [493/1000] id=OAFX1493 window=SCREEN_IS
2026-08-30T11:01:01+00:00 GATE_SKIP id=OAFX1493 window=IS reason=SINGLE_SLEEVE_INFERIOR decision=SCREEN_OUT_SINGLE_SLEEVE net=84921.0 PF=1.2184 DD=19.5314%
2026-08-30T11:01:01+00:00 SKIP_EXISTING [494/1000] id=OAFX1494 window=SCREEN_IS
2026-08-30T11:01:01+00:00 GATE_SKIP id=OAFX1494 window=IS reason=SINGLE_SLEEVE_INFERIOR decision=SCREEN_OUT_SINGLE_SLEEVE net=84921.0 PF=1.2184 DD=19.5314%
2026-08-30T11:01:01+00:00 SKIP_EXISTING [495/1000] id=OAFX1495 window=SCREEN_IS
2026-08-30T11:01:01+00:00 GATE_SKIP id=OAFX1495 window=IS reason=SINGLE_SLEEVE_INFERIOR decision=SCREEN_OUT_SINGLE_SLEEVE net=84921.0 PF=1.2184 DD=19.5314%
2026-08-30T11:01:01+00:00 SKIP_EXISTING [496/1000] id=OAFX1496 window=SCREEN_IS
2026-08-30T11:01:01+00:00 GATE_SKIP id=OAFX1496 window=IS reason=SINGLE_SLEEVE_INFERIOR decision=SCREEN_OUT_SINGLE_SLEEVE net=84921.0 PF=1.2184 DD=19.5314%
2026-08-30T11:01:01+00:00 SKIP_EXISTING [497/1000] id=OAFX1497 window=SCREEN_IS
2026-08-30T11:01:01+00:00 GATE_SKIP id=OAFX1497 window=IS reason=SINGLE_SLEEVE_INFERIOR decision=SCREEN_OUT_SINGLE_SLEEVE net=84921.0 PF=1.2184 DD=19.5314%
2026-08-30T11:01:01+00:00 SKIP_EXISTING [498/1000] id=OAFX1498 window=SCREEN_IS
2026-08-30T11:01:01+00:00 GATE_SKIP id=OAFX1498 window=IS reason=SINGLE_SLEEVE_INFERIOR decision=SCREEN_OUT_SINGLE_SLEEVE net=84921.0 PF=1.2184 DD=19.5314%
2026-08-30T11:01:01+00:00 SKIP_EXISTING [499/1000] id=OAFX1499 window=SCREEN_IS
2026-08-30T11:01:01+00:00 GATE_SKIP id=OAFX1499 window=IS reason=SINGLE_SLEEVE_INFERIOR decision=SCREEN_OUT_SINGLE_SLEEVE net=84921.0 PF=1.2184 DD=19.5314%
2026-08-30T11:01:01+00:00 SKIP_EXISTING [500/1000] id=OAFX1500 window=SCREEN_IS
2026-08-30T11:01:01+00:00 GATE_SKIP id=OAFX1500 window=IS reason=SINGLE_SLEEVE_INFERIOR decision=SCREEN_OUT_SINGLE_SLEEVE net=84921.0 PF=1.2184 DD=19.5314%
2026-08-30T11:01:01+00:00 SKIP_EXISTING [501/1000] id=OAFX1501 window=SCREEN_IS
2026-08-30T11:01:01+00:00 GATE_SKIP id=OAFX1501 window=IS reason=SINGLE_SLEEVE_INFERIOR decision=SCREEN_OUT_SINGLE_SLEEVE net=54027.0 PF=1.1937 DD=18.7288%
2026-08-30T11:01:01+00:00 SKIP_EXISTING [502/1000] id=OAFX1502 window=SCREEN_IS
2026-08-30T11:01:01+00:00 GATE_SKIP id=OAFX1502 window=IS reason=SINGLE_SLEEVE_INFERIOR decision=SCREEN_OUT_SINGLE_SLEEVE net=40510.0 PF=1.1452 DD=21.2192%
2026-08-30T11:01:01+00:00 SKIP_EXISTING [503/1000] id=OAFX1503 window=SCREEN_IS
2026-08-30T11:01:01+00:00 GATE_SKIP id=OAFX1503 window=IS reason=SINGLE_SLEEVE_INFERIOR decision=SCREEN_OUT_SINGLE_SLEEVE net=30610.0 PF=1.1097 DD=23.9824%
2026-08-30T11:01:01+00:00 SKIP_EXISTING [504/1000] id=OAFX1504 window=SCREEN_IS
2026-08-30T11:01:01+00:00 GATE_SKIP id=OAFX1504 window=IS reason=SINGLE_SLEEVE_INFERIOR decision=SCREEN_OUT_SINGLE_SLEEVE net=39649.0 PF=1.1421 DD=23.3536%
2026-08-30T11:01:01+00:00 SKIP_EXISTING [505/1000] id=OAFX1505 window=SCREEN_IS
2026-08-30T11:01:01+00:00 GATE_SKIP id=OAFX1505 window=IS reason=SINGLE_SLEEVE_INFERIOR decision=SCREEN_OUT_SINGLE_SLEEVE net=46642.0 PF=1.1672 DD=22.4969%
2026-08-30T11:01:01+00:00 SKIP_EXISTING [506/1000] id=OAFX1506 window=SCREEN_IS
2026-08-30T11:01:01+00:00 GATE_SKIP id=OAFX1506 window=IS reason=SINGLE_SLEEVE_INFERIOR decision=SCREEN_OUT_SINGLE_SLEEVE net=48434.0 PF=1.1736 DD=23.0548%
2026-08-30T11:01:01+00:00 SKIP_EXISTING [507/1000] id=OAFX1507 window=SCREEN_IS
2026-08-30T11:01:01+00:00 GATE_SKIP id=OAFX1507 window=IS reason=SINGLE_SLEEVE_INFERIOR decision=SCREEN_OUT_SINGLE_SLEEVE net=65882.0 PF=1.2362 DD=19.6575%
2026-08-30T11:01:01+00:00 SKIP_EXISTING [508/1000] id=OAFX1508 window=SCREEN_IS
2026-08-30T11:01:01+00:00 GATE_SKIP id=OAFX1508 window=IS reason=SINGLE_SLEEVE_INFERIOR decision=SCREEN_OUT_SINGLE_SLEEVE net=73807.0 PF=1.2646 DD=20.7818%
2026-08-30T11:01:01+00:00 SKIP_EXISTING [509/1000] id=OAFX1509 window=SCREEN_IS
2026-08-30T11:01:01+00:00 GATE_SKIP id=OAFX1509 window=IS reason=SINGLE_SLEEVE_INFERIOR decision=SCREEN_OUT_SINGLE_SLEEVE net=90374.0 PF=1.3239 DD=19.8408%
2026-08-30T11:01:01+00:00 SKIP_EXISTING [510/1000] id=OAFX1510 window=SCREEN_IS
2026-08-30T11:01:01+00:00 GATE_SKIP id=OAFX1510 window=IS reason=SINGLE_SLEEVE_INFERIOR decision=SCREEN_OUT_SINGLE_SLEEVE net=81308.0 PF=1.2905 DD=21.4328%
2026-08-30T11:01:01+00:00 SKIP_EXISTING [511/1000] id=OAFX1511 window=SCREEN_IS
2026-08-30T11:01:01+00:00 GATE_SKIP id=OAFX1511 window=IS reason=SINGLE_SLEEVE_INFERIOR decision=SCREEN_OUT_SINGLE_SLEEVE net=65547.0 PF=1.2158 DD=18.6472%
2026-08-30T11:01:01+00:00 SKIP_EXISTING [512/1000] id=OAFX1512 window=SCREEN_IS
2026-08-30T11:01:01+00:00 GATE_SKIP id=OAFX1512 window=IS reason=SINGLE_SLEEVE_INFERIOR decision=SCREEN_OUT_SINGLE_SLEEVE net=53741.0 PF=1.1769 DD=21.2428%
2026-08-30T11:01:01+00:00 SKIP_EXISTING [513/1000] id=OAFX1513 window=SCREEN_IS
2026-08-30T11:01:01+00:00 GATE_SKIP id=OAFX1513 window=IS reason=SINGLE_SLEEVE_INFERIOR decision=SCREEN_OUT_SINGLE_SLEEVE net=42983.0 PF=1.1415 DD=23.449%
2026-08-30T11:01:01+00:00 SKIP_EXISTING [514/1000] id=OAFX1514 window=SCREEN_IS
2026-08-30T11:01:01+00:00 GATE_SKIP id=OAFX1514 window=IS reason=SINGLE_SLEEVE_INFERIOR decision=SCREEN_OUT_SINGLE_SLEEVE net=46939.0 PF=1.1545 DD=23.1482%
2026-08-30T11:01:01+00:00 SKIP_EXISTING [515/1000] id=OAFX1515 window=SCREEN_IS
2026-08-30T11:01:01+00:00 GATE_SKIP id=OAFX1515 window=IS reason=SINGLE_SLEEVE_INFERIOR decision=SCREEN_OUT_SINGLE_SLEEVE net=47130.0 PF=1.1551 DD=24.7675%
2026-08-30T11:01:01+00:00 SKIP_EXISTING [516/1000] id=OAFX1516 window=SCREEN_IS
2026-08-30T11:01:01+00:00 GATE_SKIP id=OAFX1516 window=IS reason=SINGLE_SLEEVE_INFERIOR decision=SCREEN_OUT_SINGLE_SLEEVE net=57507.0 PF=1.1893 DD=23.5038%
2026-08-30T11:01:01+00:00 SKIP_EXISTING [517/1000] id=OAFX1517 window=SCREEN_IS
2026-08-30T11:01:01+00:00 GATE_SKIP id=OAFX1517 window=IS reason=SINGLE_SLEEVE_INFERIOR decision=SCREEN_NOISE_BAND net=85708.0 PF=1.2821 DD=19.2098%
2026-08-30T11:01:01+00:00 SKIP_EXISTING [518/1000] id=OAFX1518 window=SCREEN_IS
2026-08-30T11:01:01+00:00 GATE_SKIP id=OAFX1518 window=IS reason=SINGLE_SLEEVE_INFERIOR decision=SCREEN_OUT_SINGLE_SLEEVE net=73996.0 PF=1.2436 DD=23.5461%
2026-08-30T11:01:01+00:00 SKIP_EXISTING [519/1000] id=OAFX1519 window=SCREEN_IS
2026-08-30T11:01:01+00:00 GATE_SKIP id=OAFX1519 window=IS reason=SINGLE_SLEEVE_INFERIOR decision=SCREEN_OUT_SINGLE_SLEEVE net=89811.0 PF=1.2956 DD=20.2933%
2026-08-30T11:01:01+00:00 SKIP_EXISTING [520/1000] id=OAFX1520 window=SCREEN_IS
2026-08-30T11:01:01+00:00 GATE_SKIP id=OAFX1520 window=IS reason=SINGLE_SLEEVE_INFERIOR decision=SCREEN_OUT_SINGLE_SLEEVE net=81743.0 PF=1.2685 DD=22.215%
2026-08-30T11:01:01+00:00 SKIP_EXISTING [521/1000] id=OAFX1521 window=SCREEN_IS
2026-08-30T11:01:01+00:00 GATE_SKIP id=OAFX1521 window=IS reason=SINGLE_SLEEVE_INFERIOR decision=SCREEN_NOISE_BAND net=57943.0 PF=1.1756 DD=19.3226%
2026-08-30T11:01:01+00:00 SKIP_EXISTING [522/1000] id=OAFX1522 window=SCREEN_IS
2026-08-30T11:01:01+00:00 GATE_SKIP id=OAFX1522 window=IS reason=SINGLE_SLEEVE_INFERIOR decision=SCREEN_OUT_SINGLE_SLEEVE net=53664.0 PF=1.1627 DD=21.0298%
2026-08-30T11:01:01+00:00 SKIP_EXISTING [523/1000] id=OAFX1523 window=SCREEN_IS
2026-08-30T11:01:01+00:00 GATE_SKIP id=OAFX1523 window=IS reason=SINGLE_SLEEVE_INFERIOR decision=SCREEN_OUT_SINGLE_SLEEVE net=40694.0 PF=1.1233 DD=24.679%
2026-08-30T11:01:01+00:00 SKIP_EXISTING [524/1000] id=OAFX1524 window=SCREEN_IS
2026-08-30T11:01:01+00:00 GATE_SKIP id=OAFX1524 window=IS reason=SINGLE_SLEEVE_INFERIOR decision=SCREEN_OUT_SINGLE_SLEEVE net=35403.0 PF=1.1073 DD=27.2001%
2026-08-30T11:01:01+00:00 SKIP_EXISTING [525/1000] id=OAFX1525 window=SCREEN_IS
2026-08-30T11:01:01+00:00 GATE_SKIP id=OAFX1525 window=IS reason=SINGLE_SLEEVE_INFERIOR decision=SCREEN_OUT_SINGLE_SLEEVE net=43469.0 PF=1.1318 DD=28.3153%
2026-08-30T11:01:01+00:00 SKIP_EXISTING [526/1000] id=OAFX1526 window=SCREEN_IS
2026-08-30T11:01:01+00:00 GATE_SKIP id=OAFX1526 window=IS reason=SINGLE_SLEEVE_INFERIOR decision=SCREEN_OUT_SINGLE_SLEEVE net=53475.0 PF=1.1621 DD=28.6242%
2026-08-30T11:01:01+00:00 SKIP_EXISTING [527/1000] id=OAFX1527 window=SCREEN_IS
2026-08-30T11:01:01+00:00 GATE_SKIP id=OAFX1527 window=IS reason=SINGLE_SLEEVE_INFERIOR decision=SCREEN_OUT_SINGLE_SLEEVE net=85599.0 PF=1.2594 DD=22.8746%
2026-08-30T11:01:01+00:00 SKIP_EXISTING [528/1000] id=OAFX1528 window=SCREEN_IS
2026-08-30T11:01:01+00:00 GATE_SKIP id=OAFX1528 window=IS reason=SINGLE_SLEEVE_INFERIOR decision=SCREEN_OUT_SINGLE_SLEEVE net=77164.0 PF=1.2339 DD=25.5882%
2026-08-30T11:01:01+00:00 SKIP_EXISTING [529/1000] id=OAFX1529 window=SCREEN_IS
2026-08-30T11:01:01+00:00 GATE_SKIP id=OAFX1529 window=IS reason=SINGLE_SLEEVE_INFERIOR decision=SCREEN_OUT_SINGLE_SLEEVE net=91443.0 PF=1.2772 DD=20.8308%
2026-08-30T11:01:01+00:00 SKIP_EXISTING [530/1000] id=OAFX1530 window=SCREEN_IS
2026-08-30T11:01:01+00:00 GATE_SKIP id=OAFX1530 window=IS reason=SINGLE_SLEEVE_INFERIOR decision=SCREEN_OUT_SINGLE_SLEEVE net=86928.0 PF=1.263 DD=22.6357%
2026-08-30T11:01:01+00:00 SKIP_EXISTING [531/1000] id=OAFX1531 window=SCREEN_IS
2026-08-30T11:01:01+00:00 GATE_SKIP id=OAFX1531 window=IS reason=SINGLE_SLEEVE_INFERIOR decision=SCREEN_OUT_SINGLE_SLEEVE net=57543.0 PF=1.1634 DD=21.6988%
2026-08-30T11:01:01+00:00 SKIP_EXISTING [532/1000] id=OAFX1532 window=SCREEN_IS
2026-08-30T11:01:01+00:00 GATE_SKIP id=OAFX1532 window=IS reason=SINGLE_SLEEVE_INFERIOR decision=SCREEN_OUT_SINGLE_SLEEVE net=52246.0 PF=1.1483 DD=22.7299%
2026-08-30T11:01:01+00:00 SKIP_EXISTING [533/1000] id=OAFX1533 window=SCREEN_IS
2026-08-30T11:01:01+00:00 GATE_SKIP id=OAFX1533 window=IS reason=SINGLE_SLEEVE_INFERIOR decision=SCREEN_OUT_SINGLE_SLEEVE net=54271.0 PF=1.1541 DD=22.4137%
2026-08-30T11:01:01+00:00 SKIP_EXISTING [534/1000] id=OAFX1534 window=SCREEN_IS
2026-08-30T11:01:01+00:00 GATE_SKIP id=OAFX1534 window=IS reason=SINGLE_SLEEVE_INFERIOR decision=SCREEN_OUT_SINGLE_SLEEVE net=41539.0 PF=1.1179 DD=25.4043%
2026-08-30T11:01:01+00:00 SKIP_EXISTING [535/1000] id=OAFX1535 window=SCREEN_IS
2026-08-30T11:01:01+00:00 GATE_SKIP id=OAFX1535 window=IS reason=SINGLE_SLEEVE_INFERIOR decision=SCREEN_OUT_SINGLE_SLEEVE net=41053.0 PF=1.1165 DD=28.8851%
2026-08-30T11:01:01+00:00 SKIP_EXISTING [536/1000] id=OAFX1536 window=SCREEN_IS
2026-08-30T11:01:01+00:00 GATE_SKIP id=OAFX1536 window=IS reason=SINGLE_SLEEVE_INFERIOR decision=SCREEN_OUT_SINGLE_SLEEVE net=53827.0 PF=1.1528 DD=28.5537%
2026-08-30T11:01:01+00:00 SKIP_EXISTING [537/1000] id=OAFX1537 window=SCREEN_IS
2026-08-30T11:01:01+00:00 GATE_SKIP id=OAFX1537 window=IS reason=SINGLE_SLEEVE_INFERIOR decision=SCREEN_OUT_SINGLE_SLEEVE net=73263.0 PF=1.208 DD=24.1785%
2026-08-30T11:01:01+00:00 SKIP_EXISTING [538/1000] id=OAFX1538 window=SCREEN_IS
2026-08-30T11:01:01+00:00 GATE_SKIP id=OAFX1538 window=IS reason=SINGLE_SLEEVE_INFERIOR decision=SCREEN_OUT_SINGLE_SLEEVE net=67265.0 PF=1.191 DD=26.2354%
2026-08-30T11:01:01+00:00 SKIP_EXISTING [539/1000] id=OAFX1539 window=SCREEN_IS
2026-08-30T11:01:01+00:00 GATE_SKIP id=OAFX1539 window=IS reason=SINGLE_SLEEVE_INFERIOR decision=SCREEN_OUT_SINGLE_SLEEVE net=79015.0 PF=1.2243 DD=22.2281%
2026-08-30T11:01:01+00:00 SKIP_EXISTING [540/1000] id=OAFX1540 window=SCREEN_IS
2026-08-30T11:01:01+00:00 GATE_SKIP id=OAFX1540 window=IS reason=SINGLE_SLEEVE_INFERIOR decision=SCREEN_OUT_SINGLE_SLEEVE net=74305.0 PF=1.2107 DD=23.6138%
2026-08-30T11:01:01+00:00 SKIP_EXISTING [541/1000] id=OAFX1541 window=SCREEN_IS
2026-08-30T11:01:01+00:00 GATE_SKIP id=OAFX1541 window=IS reason=SINGLE_SLEEVE_INFERIOR decision=SCREEN_OUT_SINGLE_SLEEVE net=44113.0 PF=1.1209 DD=22.9827%
2026-08-30T11:01:01+00:00 SKIP_EXISTING [542/1000] id=OAFX1542 window=SCREEN_IS
2026-08-30T11:01:01+00:00 GATE_SKIP id=OAFX1542 window=IS reason=SINGLE_SLEEVE_INFERIOR decision=SCREEN_OUT_SINGLE_SLEEVE net=43886.0 PF=1.1203 DD=23.248%
2026-08-30T11:01:01+00:00 SKIP_EXISTING [543/1000] id=OAFX1543 window=SCREEN_IS
2026-08-30T11:01:01+00:00 GATE_SKIP id=OAFX1543 window=IS reason=SINGLE_SLEEVE_INFERIOR decision=SCREEN_OUT_SINGLE_SLEEVE net=55146.0 PF=1.1511 DD=24.3492%
2026-08-30T11:01:01+00:00 SKIP_EXISTING [544/1000] id=OAFX1544 window=SCREEN_IS
2026-08-30T11:01:01+00:00 GATE_SKIP id=OAFX1544 window=IS reason=SINGLE_SLEEVE_INFERIOR decision=SCREEN_OUT_SINGLE_SLEEVE net=47385.0 PF=1.1299 DD=27.9718%
2026-08-30T11:01:01+00:00 SKIP_EXISTING [545/1000] id=OAFX1545 window=SCREEN_IS
2026-08-30T11:01:01+00:00 GATE_SKIP id=OAFX1545 window=IS reason=SINGLE_SLEEVE_INFERIOR decision=SCREEN_OUT_SINGLE_SLEEVE net=39242.0 PF=1.1075 DD=33.0605%
2026-08-30T11:01:01+00:00 SKIP_EXISTING [546/1000] id=OAFX1546 window=SCREEN_IS
2026-08-30T11:01:01+00:00 GATE_SKIP id=OAFX1546 window=IS reason=SINGLE_SLEEVE_INFERIOR decision=SCREEN_OUT_SINGLE_SLEEVE net=49905.0 PF=1.1368 DD=32.7071%
2026-08-30T11:01:01+00:00 SKIP_EXISTING [547/1000] id=OAFX1547 window=SCREEN_IS
2026-08-30T11:01:01+00:00 GATE_SKIP id=OAFX1547 window=IS reason=SINGLE_SLEEVE_INFERIOR decision=SCREEN_OUT_SINGLE_SLEEVE net=74191.0 PF=1.2033 DD=25.8018%
2026-08-30T11:01:01+00:00 SKIP_EXISTING [548/1000] id=OAFX1548 window=SCREEN_IS
2026-08-30T11:01:01+00:00 GATE_SKIP id=OAFX1548 window=IS reason=SINGLE_SLEEVE_INFERIOR decision=SCREEN_OUT_SINGLE_SLEEVE net=63815.0 PF=1.1749 DD=28.9436%
2026-08-30T11:01:01+00:00 SKIP_EXISTING [549/1000] id=OAFX1549 window=SCREEN_IS
2026-08-30T11:01:01+00:00 GATE_SKIP id=OAFX1549 window=IS reason=SINGLE_SLEEVE_INFERIOR decision=SCREEN_OUT_SINGLE_SLEEVE net=79194.0 PF=1.217 DD=21.1898%
2026-08-30T11:01:01+00:00 SKIP_EXISTING [550/1000] id=OAFX1550 window=SCREEN_IS
2026-08-30T11:01:01+00:00 GATE_SKIP id=OAFX1550 window=IS reason=SINGLE_SLEEVE_INFERIOR decision=SCREEN_OUT_SINGLE_SLEEVE net=79301.0 PF=1.2172 DD=21.3814%
2026-08-30T11:01:01+00:00 SKIP_EXISTING [551/1000] id=OAFX1551 window=SCREEN_IS
2026-08-30T11:01:01+00:00 GATE_SKIP id=OAFX1551 window=IS reason=SINGLE_SLEEVE_INFERIOR decision=SCREEN_OUT_SINGLE_SLEEVE net=65139.0 PF=1.1759 DD=18.7794%
2026-08-30T11:01:01+00:00 SKIP_EXISTING [552/1000] id=OAFX1552 window=SCREEN_IS
2026-08-30T11:01:01+00:00 GATE_SKIP id=OAFX1552 window=IS reason=SINGLE_SLEEVE_INFERIOR decision=SCREEN_OUT_SINGLE_SLEEVE net=66329.0 PF=1.1791 DD=19.0007%
2026-08-30T11:01:01+00:00 SKIP_EXISTING [553/1000] id=OAFX1553 window=SCREEN_IS
2026-08-30T11:01:01+00:00 GATE_SKIP id=OAFX1553 window=IS reason=SINGLE_SLEEVE_INFERIOR decision=SCREEN_OUT_SINGLE_SLEEVE net=72121.0 PF=1.1947 DD=20.7767%
2026-08-30T11:01:01+00:00 SKIP_EXISTING [554/1000] id=OAFX1554 window=SCREEN_IS
2026-08-30T11:01:01+00:00 GATE_SKIP id=OAFX1554 window=IS reason=SINGLE_SLEEVE_INFERIOR decision=SCREEN_OUT_SINGLE_SLEEVE net=70038.0 PF=1.1891 DD=23.6738%
2026-08-30T11:01:01+00:00 SKIP_EXISTING [555/1000] id=OAFX1555 window=SCREEN_IS
2026-08-30T11:01:01+00:00 GATE_SKIP id=OAFX1555 window=IS reason=SINGLE_SLEEVE_INFERIOR decision=SCREEN_OUT_SINGLE_SLEEVE net=51029.0 PF=1.1378 DD=30.0592%
2026-08-30T11:01:01+00:00 SKIP_EXISTING [556/1000] id=OAFX1556 window=SCREEN_IS
2026-08-30T11:01:01+00:00 GATE_SKIP id=OAFX1556 window=IS reason=SINGLE_SLEEVE_INFERIOR decision=SCREEN_OUT_SINGLE_SLEEVE net=59961.0 PF=1.1619 DD=30.9293%
2026-08-30T11:01:01+00:00 SKIP_EXISTING [557/1000] id=OAFX1557 window=SCREEN_IS
2026-08-30T11:01:01+00:00 GATE_SKIP id=OAFX1557 window=IS reason=SINGLE_SLEEVE_INFERIOR decision=SCREEN_OUT_SINGLE_SLEEVE net=78806.0 PF=1.2128 DD=26.016%
2026-08-30T11:01:01+00:00 SKIP_EXISTING [558/1000] id=OAFX1558 window=SCREEN_IS
2026-08-30T11:01:01+00:00 GATE_SKIP id=OAFX1558 window=IS reason=SINGLE_SLEEVE_INFERIOR decision=SCREEN_OUT_SINGLE_SLEEVE net=71223.0 PF=1.1923 DD=27.9403%
2026-08-30T11:01:01+00:00 SKIP_EXISTING [559/1000] id=OAFX1559 window=SCREEN_IS
2026-08-30T11:01:01+00:00 GATE_SKIP id=OAFX1559 window=IS reason=SINGLE_SLEEVE_INFERIOR decision=SCREEN_OUT_SINGLE_SLEEVE net=85110.0 PF=1.2298 DD=20.6463%
2026-08-30T11:01:01+00:00 SKIP_EXISTING [560/1000] id=OAFX1560 window=SCREEN_IS
2026-08-30T11:01:01+00:00 GATE_SKIP id=OAFX1560 window=IS reason=SINGLE_SLEEVE_INFERIOR decision=SCREEN_OUT_SINGLE_SLEEVE net=84281.0 PF=1.2275 DD=21.0056%
2026-08-30T11:01:01+00:00 SKIP_EXISTING [561/1000] id=OAFX1561 window=SCREEN_IS
2026-08-30T11:01:01+00:00 GATE_SKIP id=OAFX1561 window=IS reason=SINGLE_SLEEVE_INFERIOR decision=SCREEN_OUT_SINGLE_SLEEVE net=73859.0 PF=1.1979 DD=21.0074%
2026-08-30T11:01:01+00:00 SKIP_EXISTING [562/1000] id=OAFX1562 window=SCREEN_IS
2026-08-30T11:01:01+00:00 GATE_SKIP id=OAFX1562 window=IS reason=SINGLE_SLEEVE_INFERIOR decision=SCREEN_OUT_SINGLE_SLEEVE net=73082.0 PF=1.1959 DD=22.4471%
2026-08-30T11:01:01+00:00 SKIP_EXISTING [563/1000] id=OAFX1563 window=SCREEN_IS
2026-08-30T11:01:01+00:00 GATE_SKIP id=OAFX1563 window=IS reason=SINGLE_SLEEVE_INFERIOR decision=SCREEN_OUT_SINGLE_SLEEVE net=78428.0 PF=1.2102 DD=23.2217%
2026-08-30T11:01:01+00:00 SKIP_EXISTING [564/1000] id=OAFX1564 window=SCREEN_IS
2026-08-30T11:01:01+00:00 GATE_SKIP id=OAFX1564 window=IS reason=SINGLE_SLEEVE_INFERIOR decision=SCREEN_OUT_SINGLE_SLEEVE net=82121.0 PF=1.2201 DD=24.8292%
2026-08-30T11:01:01+00:00 SKIP_EXISTING [565/1000] id=OAFX1565 window=SCREEN_IS
2026-08-30T11:01:01+00:00 GATE_SKIP id=OAFX1565 window=IS reason=SINGLE_SLEEVE_INFERIOR decision=SCREEN_OUT_SINGLE_SLEEVE net=70552.0 PF=1.1891 DD=28.8055%
2026-08-30T11:01:01+00:00 SKIP_EXISTING [566/1000] id=OAFX1566 window=SCREEN_IS
2026-08-30T11:01:01+00:00 GATE_SKIP id=OAFX1566 window=IS reason=SINGLE_SLEEVE_INFERIOR decision=SCREEN_OUT_SINGLE_SLEEVE net=65123.0 PF=1.1745 DD=31.6638%
2026-08-30T11:01:01+00:00 SKIP_EXISTING [567/1000] id=OAFX1567 window=SCREEN_IS
2026-08-30T11:01:01+00:00 GATE_SKIP id=OAFX1567 window=IS reason=SINGLE_SLEEVE_INFERIOR decision=SCREEN_OUT_SINGLE_SLEEVE net=79699.0 PF=1.2136 DD=26.6539%
2026-08-30T11:01:01+00:00 SKIP_EXISTING [568/1000] id=OAFX1568 window=SCREEN_IS
2026-08-30T11:01:01+00:00 GATE_SKIP id=OAFX1568 window=IS reason=SINGLE_SLEEVE_INFERIOR decision=SCREEN_OUT_SINGLE_SLEEVE net=72081.0 PF=1.1932 DD=28.9005%
2026-08-30T11:01:01+00:00 SKIP_EXISTING [569/1000] id=OAFX1569 window=SCREEN_IS
2026-08-30T11:01:01+00:00 GATE_SKIP id=OAFX1569 window=IS reason=SINGLE_SLEEVE_INFERIOR decision=SCREEN_OUT_SINGLE_SLEEVE net=88272.0 PF=1.2366 DD=21.0365%
2026-08-30T11:01:01+00:00 SKIP_EXISTING [570/1000] id=OAFX1570 window=SCREEN_IS
2026-08-30T11:01:01+00:00 GATE_SKIP id=OAFX1570 window=IS reason=SINGLE_SLEEVE_INFERIOR decision=SCREEN_OUT_SINGLE_SLEEVE net=86176.0 PF=1.2309 DD=21.4683%
2026-08-30T11:01:01+00:00 SKIP_EXISTING [571/1000] id=OAFX1571 window=SCREEN_IS
2026-08-30T11:01:01+00:00 GATE_SKIP id=OAFX1571 window=IS reason=SINGLE_SLEEVE_INFERIOR decision=SCREEN_OUT_SINGLE_SLEEVE net=87998.0 PF=1.2336 DD=20.509%
2026-08-30T11:01:01+00:00 SKIP_EXISTING [572/1000] id=OAFX1572 window=SCREEN_IS
2026-08-30T11:01:01+00:00 GATE_SKIP id=OAFX1572 window=IS reason=SINGLE_SLEEVE_INFERIOR decision=SCREEN_OUT_SINGLE_SLEEVE net=87965.0 PF=1.2335 DD=20.8221%
2026-08-30T11:01:01+00:00 SKIP_EXISTING [573/1000] id=OAFX1573 window=SCREEN_IS
2026-08-30T11:01:01+00:00 GATE_SKIP id=OAFX1573 window=IS reason=SINGLE_SLEEVE_INFERIOR decision=SCREEN_OUT_SINGLE_SLEEVE net=96156.0 PF=1.2552 DD=20.9322%
2026-08-30T11:01:01+00:00 SKIP_EXISTING [574/1000] id=OAFX1574 window=SCREEN_IS
2026-08-30T11:01:01+00:00 GATE_SKIP id=OAFX1574 window=IS reason=SINGLE_SLEEVE_INFERIOR decision=SCREEN_OUT_SINGLE_SLEEVE net=90150.0 PF=1.2393 DD=22.4241%
2026-08-30T11:01:01+00:00 SKIP_EXISTING [575/1000] id=OAFX1575 window=SCREEN_IS
2026-08-30T11:01:01+00:00 GATE_SKIP id=OAFX1575 window=IS reason=SINGLE_SLEEVE_INFERIOR decision=SCREEN_OUT_SINGLE_SLEEVE net=89121.0 PF=1.2366 DD=21.4383%
2026-08-30T11:01:01+00:00 SKIP_EXISTING [576/1000] id=OAFX1576 window=SCREEN_IS
2026-08-30T11:01:01+00:00 GATE_SKIP id=OAFX1576 window=IS reason=SINGLE_SLEEVE_INFERIOR decision=SCREEN_OUT_SINGLE_SLEEVE net=87887.0 PF=1.2333 DD=21.9248%
2026-08-30T11:01:01+00:00 SCREEN_SKIP_EXISTING_FULLBOOK [577/1000] id=OAFX1577 reason=existing fullbook IS retained
2026-08-30T11:01:01+00:00 SKIP_EXISTING [577/1000] id=OAFX1577 window=IS
2026-08-30T11:01:01+00:00 SKIP_EXISTING [577/1000] id=OAFX1577 window=OOS
2026-08-30T11:01:01+00:00 SKIP_EXISTING [578/1000] id=OAFX1578 window=SCREEN_IS
2026-08-30T11:01:01+00:00 GATE_SKIP id=OAFX1578 window=IS reason=SINGLE_SLEEVE_INFERIOR decision=SCREEN_NOISE_BAND net=93855.0 PF=1.2491 DD=19.2888%
2026-08-30T11:01:01+00:00 SKIP_EXISTING [579/1000] id=OAFX1579 window=SCREEN_IS
2026-08-30T11:01:01+00:00 GATE_SKIP id=OAFX1579 window=IS reason=SINGLE_SLEEVE_INFERIOR decision=SCREEN_OUT_SINGLE_SLEEVE net=92967.0 PF=1.2468 DD=19.6342%
2026-08-30T11:01:01+00:00 SKIP_EXISTING [580/1000] id=OAFX1580 window=SCREEN_IS
2026-08-30T11:01:01+00:00 GATE_SKIP id=OAFX1580 window=IS reason=SINGLE_SLEEVE_INFERIOR decision=SCREEN_OUT_SINGLE_SLEEVE net=91236.0 PF=1.2421 DD=19.6276%
2026-08-30T11:01:01+00:00 SKIP_EXISTING [581/1000] id=OAFX1581 window=SCREEN_IS
2026-08-30T11:01:01+00:00 GATE_SKIP id=OAFX1581 window=IS reason=SINGLE_SLEEVE_INFERIOR decision=SCREEN_OUT_SINGLE_SLEEVE net=80501.0 PF=1.2082 DD=21.0325%
2026-08-30T11:01:01+00:00 SKIP_EXISTING [582/1000] id=OAFX1582 window=SCREEN_IS
2026-08-30T11:01:01+00:00 GATE_SKIP id=OAFX1582 window=IS reason=SINGLE_SLEEVE_INFERIOR decision=SCREEN_OUT_SINGLE_SLEEVE net=81668.0 PF=1.2113 DD=20.412%
2026-08-30T11:01:01+00:00 SKIP_EXISTING [583/1000] id=OAFX1583 window=SCREEN_IS
2026-08-30T11:01:01+00:00 GATE_SKIP id=OAFX1583 window=IS reason=SINGLE_SLEEVE_INFERIOR decision=SCREEN_OUT_SINGLE_SLEEVE net=86500.0 PF=1.2238 DD=19.909%
2026-08-30T11:01:01+00:00 SKIP_EXISTING [584/1000] id=OAFX1584 window=SCREEN_IS
2026-08-30T11:01:01+00:00 GATE_SKIP id=OAFX1584 window=IS reason=SINGLE_SLEEVE_INFERIOR decision=SCREEN_OUT_SINGLE_SLEEVE net=85215.0 PF=1.2204 DD=19.9845%
2026-08-30T11:01:01+00:00 SKIP_EXISTING [585/1000] id=OAFX1585 window=SCREEN_IS
2026-08-30T11:01:01+00:00 GATE_SKIP id=OAFX1585 window=IS reason=SINGLE_SLEEVE_INFERIOR decision=SCREEN_OUT_SINGLE_SLEEVE net=83786.0 PF=1.2167 DD=20.0879%
2026-08-30T11:01:01+00:00 SKIP_EXISTING [586/1000] id=OAFX1586 window=SCREEN_IS
2026-08-30T11:01:01+00:00 GATE_SKIP id=OAFX1586 window=IS reason=SINGLE_SLEEVE_INFERIOR decision=SCREEN_OUT_SINGLE_SLEEVE net=85008.0 PF=1.2199 DD=19.9188%
2026-08-30T11:01:01+00:00 SKIP_EXISTING [587/1000] id=OAFX1587 window=SCREEN_IS
2026-08-30T11:01:01+00:00 GATE_SKIP id=OAFX1587 window=IS reason=SINGLE_SLEEVE_INFERIOR decision=SCREEN_OUT_SINGLE_SLEEVE net=88436.0 PF=1.2288 DD=19.5321%
2026-08-30T11:01:01+00:00 SKIP_EXISTING [588/1000] id=OAFX1588 window=SCREEN_IS
2026-08-30T11:01:01+00:00 GATE_SKIP id=OAFX1588 window=IS reason=SINGLE_SLEEVE_INFERIOR decision=SCREEN_OUT_SINGLE_SLEEVE net=87938.0 PF=1.2275 DD=19.541%
2026-08-30T11:01:01+00:00 SKIP_EXISTING [589/1000] id=OAFX1589 window=SCREEN_IS
2026-08-30T11:01:01+00:00 GATE_SKIP id=OAFX1589 window=IS reason=SINGLE_SLEEVE_INFERIOR decision=SCREEN_OUT_SINGLE_SLEEVE net=87615.0 PF=1.2266 DD=19.5314%
2026-08-30T11:01:01+00:00 SKIP_EXISTING [590/1000] id=OAFX1590 window=SCREEN_IS
2026-08-30T11:01:01+00:00 GATE_SKIP id=OAFX1590 window=IS reason=SINGLE_SLEEVE_INFERIOR decision=SCREEN_OUT_SINGLE_SLEEVE net=87195.0 PF=1.2256 DD=19.5314%
2026-08-30T11:01:01+00:00 SKIP_EXISTING [591/1000] id=OAFX1591 window=SCREEN_IS
2026-08-30T11:01:01+00:00 GATE_SKIP id=OAFX1591 window=IS reason=SINGLE_SLEEVE_INFERIOR decision=SCREEN_OUT_SINGLE_SLEEVE net=84921.0 PF=1.2184 DD=19.5314%
2026-08-30T11:01:01+00:00 SKIP_EXISTING [592/1000] id=OAFX1592 window=SCREEN_IS
2026-08-30T11:01:01+00:00 GATE_SKIP id=OAFX1592 window=IS reason=SINGLE_SLEEVE_INFERIOR decision=SCREEN_OUT_SINGLE_SLEEVE net=84921.0 PF=1.2184 DD=19.5314%
2026-08-30T11:01:01+00:00 SKIP_EXISTING [593/1000] id=OAFX1593 window=SCREEN_IS
2026-08-30T11:01:01+00:00 GATE_SKIP id=OAFX1593 window=IS reason=SINGLE_SLEEVE_INFERIOR decision=SCREEN_OUT_SINGLE_SLEEVE net=84921.0 PF=1.2184 DD=19.5314%
2026-08-30T11:01:01+00:00 SKIP_EXISTING [594/1000] id=OAFX1594 window=SCREEN_IS
2026-08-30T11:01:01+00:00 GATE_SKIP id=OAFX1594 window=IS reason=SINGLE_SLEEVE_INFERIOR decision=SCREEN_OUT_SINGLE_SLEEVE net=84921.0 PF=1.2184 DD=19.5314%
2026-08-30T11:01:01+00:00 SKIP_EXISTING [595/1000] id=OAFX1595 window=SCREEN_IS
2026-08-30T11:01:01+00:00 GATE_SKIP id=OAFX1595 window=IS reason=SINGLE_SLEEVE_INFERIOR decision=SCREEN_OUT_SINGLE_SLEEVE net=84921.0 PF=1.2184 DD=19.5314%
2026-08-30T11:01:01+00:00 SKIP_EXISTING [596/1000] id=OAFX1596 window=SCREEN_IS
2026-08-30T11:01:01+00:00 GATE_SKIP id=OAFX1596 window=IS reason=SINGLE_SLEEVE_INFERIOR decision=SCREEN_OUT_SINGLE_SLEEVE net=84921.0 PF=1.2184 DD=19.5314%
2026-08-30T11:01:01+00:00 SKIP_EXISTING [597/1000] id=OAFX1597 window=SCREEN_IS
2026-08-30T11:01:01+00:00 GATE_SKIP id=OAFX1597 window=IS reason=SINGLE_SLEEVE_INFERIOR decision=SCREEN_OUT_SINGLE_SLEEVE net=84921.0 PF=1.2184 DD=19.5314%
2026-08-30T11:01:01+00:00 SKIP_EXISTING [598/1000] id=OAFX1598 window=SCREEN_IS
2026-08-30T11:01:01+00:00 GATE_SKIP id=OAFX1598 window=IS reason=SINGLE_SLEEVE_INFERIOR decision=SCREEN_OUT_SINGLE_SLEEVE net=84921.0 PF=1.2184 DD=19.5314%
2026-08-30T11:01:01+00:00 SKIP_EXISTING [599/1000] id=OAFX1599 window=SCREEN_IS
2026-08-30T11:01:01+00:00 GATE_SKIP id=OAFX1599 window=IS reason=SINGLE_SLEEVE_INFERIOR decision=SCREEN_OUT_SINGLE_SLEEVE net=84921.0 PF=1.2184 DD=19.5314%
2026-08-30T11:01:01+00:00 SKIP_EXISTING [600/1000] id=OAFX1600 window=SCREEN_IS
2026-08-30T11:01:01+00:00 GATE_SKIP id=OAFX1600 window=IS reason=SINGLE_SLEEVE_INFERIOR decision=SCREEN_OUT_SINGLE_SLEEVE net=84921.0 PF=1.2184 DD=19.5314%
2026-08-30T11:01:01+00:00 SKIP_EXISTING [601/1000] id=OAFX1601 window=SCREEN_IS
2026-08-30T11:01:01+00:00 GATE_SKIP id=OAFX1601 window=IS reason=SINGLE_SLEEVE_INFERIOR decision=SCREEN_NOISE_BAND net=77752.0 PF=1.2118 DD=19.3138%
2026-08-30T11:01:01+00:00 SKIP_EXISTING [602/1000] id=OAFX1602 window=SCREEN_IS
2026-08-30T11:01:01+00:00 GATE_SKIP id=OAFX1602 window=IS reason=SINGLE_SLEEVE_INFERIOR decision=SCREEN_NOISE_BAND net=70583.0 PF=1.2043 DD=19.0753%
2026-08-30T11:01:01+00:00 SKIP_EXISTING [603/1000] id=OAFX1603 window=SCREEN_IS
2026-08-30T11:01:01+00:00 GATE_SKIP id=OAFX1603 window=IS reason=SINGLE_SLEEVE_INFERIOR decision=SCREEN_NOISE_BAND net=63414.0 PF=1.1958 DD=19.4946%
2026-08-30T11:01:01+00:00 SKIP_EXISTING [604/1000] id=OAFX1604 window=SCREEN_IS
2026-08-30T11:01:01+00:00 GATE_SKIP id=OAFX1604 window=IS reason=SINGLE_SLEEVE_INFERIOR decision=SCREEN_OUT_SINGLE_SLEEVE net=56245.0 PF=1.1861 DD=20.0607%
2026-08-30T11:01:01+00:00 SKIP_EXISTING [605/1000] id=OAFX1605 window=SCREEN_IS
2026-08-30T11:01:01+00:00 GATE_SKIP id=OAFX1605 window=IS reason=SINGLE_SLEEVE_INFERIOR decision=SCREEN_OUT_SINGLE_SLEEVE net=49076.0 PF=1.1749 DD=20.6846%
2026-08-30T11:01:01+00:00 SKIP_EXISTING [606/1000] id=OAFX1606 window=SCREEN_IS
2026-08-30T11:01:01+00:00 GATE_SKIP id=OAFX1606 window=IS reason=SINGLE_SLEEVE_INFERIOR decision=SCREEN_OUT_SINGLE_SLEEVE net=80215.0 PF=1.2152 DD=19.5816%
2026-08-30T11:01:01+00:00 SKIP_EXISTING [607/1000] id=OAFX1607 window=SCREEN_IS
2026-08-30T11:01:01+00:00 GATE_SKIP id=OAFX1607 window=IS reason=SINGLE_SLEEVE_INFERIOR decision=SCREEN_OUT_SINGLE_SLEEVE net=75509.0 PF=1.2116 DD=19.6345%
2026-08-30T11:01:01+00:00 SKIP_EXISTING [608/1000] id=OAFX1608 window=SCREEN_IS
2026-08-30T11:01:01+00:00 GATE_SKIP id=OAFX1608 window=IS reason=SINGLE_SLEEVE_INFERIOR decision=SCREEN_OUT_SINGLE_SLEEVE net=70803.0 PF=1.2078 DD=20.038%
2026-08-30T11:01:01+00:00 SKIP_EXISTING [609/1000] id=OAFX1609 window=SCREEN_IS
2026-08-30T11:01:01+00:00 GATE_SKIP id=OAFX1609 window=IS reason=SINGLE_SLEEVE_INFERIOR decision=SCREEN_OUT_SINGLE_SLEEVE net=66097.0 PF=1.2035 DD=20.5309%
2026-08-30T11:01:01+00:00 SKIP_EXISTING [610/1000] id=OAFX1610 window=SCREEN_IS
2026-08-30T11:01:01+00:00 GATE_SKIP id=OAFX1610 window=IS reason=SINGLE_SLEEVE_INFERIOR decision=SCREEN_OUT_SINGLE_SLEEVE net=61391.0 PF=1.1989 DD=21.0915%
2026-08-30T11:01:01+00:00 SKIP_EXISTING [611/1000] id=OAFX1611 window=SCREEN_IS
2026-08-30T11:01:01+00:00 GATE_SKIP id=OAFX1611 window=IS reason=SINGLE_SLEEVE_INFERIOR decision=SCREEN_OUT_SINGLE_SLEEVE net=79734.0 PF=1.2113 DD=19.5489%
2026-08-30T11:01:01+00:00 SKIP_EXISTING [612/1000] id=OAFX1612 window=SCREEN_IS
2026-08-30T11:01:01+00:00 GATE_SKIP id=OAFX1612 window=IS reason=SINGLE_SLEEVE_INFERIOR decision=SCREEN_OUT_SINGLE_SLEEVE net=74547.0 PF=1.2038 DD=19.5675%
2026-08-30T11:01:01+00:00 SKIP_EXISTING [613/1000] id=OAFX1613 window=SCREEN_IS
2026-08-30T11:01:01+00:00 GATE_SKIP id=OAFX1613 window=IS reason=SINGLE_SLEEVE_INFERIOR decision=SCREEN_OUT_SINGLE_SLEEVE net=69360.0 PF=1.1959 DD=19.866%
2026-08-30T11:01:01+00:00 SKIP_EXISTING [614/1000] id=OAFX1614 window=SCREEN_IS
2026-08-30T11:01:01+00:00 GATE_SKIP id=OAFX1614 window=IS reason=SINGLE_SLEEVE_INFERIOR decision=SCREEN_OUT_SINGLE_SLEEVE net=64173.0 PF=1.1873 DD=20.3023%
2026-08-30T11:01:01+00:00 SKIP_EXISTING [615/1000] id=OAFX1615 window=SCREEN_IS
2026-08-30T11:01:01+00:00 GATE_SKIP id=OAFX1615 window=IS reason=SINGLE_SLEEVE_INFERIOR decision=SCREEN_OUT_SINGLE_SLEEVE net=58986.0 PF=1.1782 DD=20.7699%
2026-08-30T11:01:01+00:00 SKIP_EXISTING [616/1000] id=OAFX1616 window=SCREEN_IS
2026-08-30T11:01:01+00:00 GATE_SKIP id=OAFX1616 window=IS reason=SINGLE_SLEEVE_INFERIOR decision=SCREEN_NOISE_BAND net=83207.0 PF=1.2194 DD=19.1788%
2026-08-30T11:01:01+00:00 SCREEN_SKIP_EXISTING_FULLBOOK [617/1000] id=OAFX1617 reason=existing fullbook IS retained
2026-08-30T11:01:01+00:00 SKIP_EXISTING [617/1000] id=OAFX1617 window=IS
2026-08-30T11:01:01+00:00 GATE_SKIP id=OAFX1617 window=OOS reason=IS_NOT_SURVIVOR decision=IS_NOISE_BAND net=276284.0 PF=1.4057 DD=34.6025%
2026-08-30T11:01:01+00:00 SKIP_EXISTING [618/1000] id=OAFX1618 window=SCREEN_IS
2026-08-30T11:01:01+00:00 RUN_START id=OAFX1618 family=gj_boost_partial_exit window=IS terminal=BT1 run=oafx_is_oafx1618_20260830200101_e27f71
2026-08-30T11:01:03+00:00 RUN_HEARTBEAT terminal=BT1 pid=55756 elapsed=0s
2026-08-30T11:01:17+00:00 WAIT_MT5_IDLE terminal=PROD elapsed=254s pids=[36424]
2026-08-30T11:01:49+00:00 RUN_HEARTBEAT terminal=BT2 pid=40124 elapsed=441s
2026-08-30T11:02:05+00:00 KILL_ORPHAN_TESTER terminal=PROD pids=[36424] orphan_seconds=300
2026-08-30T11:02:05+00:00 RUN_HEARTBEAT terminal=BT1 pid=55756 elapsed=63s
2026-08-30T11:02:21+00:00 RUN_END id=OAFX1460 window=IS terminal=PROD status=OK decision=IS_NOISE_BAND elapsed=1028.552s
2026-08-30T11:02:21+00:00 GATE_SKIP id=OAFX1460 window=OOS reason=IS_NOT_SURVIVOR decision=IS_NOISE_BAND net=290304.0 PF=1.4205 DD=34.7936%
2026-08-30T11:02:21+00:00 SCREEN_SKIP_EXISTING_FULLBOOK [619/1000] id=OAFX1619 reason=existing fullbook IS retained
2026-08-30T11:02:21+00:00 SKIP_EXISTING [619/1000] id=OAFX1619 window=IS
2026-08-30T11:02:21+00:00 GATE_SKIP id=OAFX1619 window=OOS reason=IS_NOT_SURVIVOR decision=IS_REJECT net=272856.0 PF=1.4124 DD=37.7428%
2026-08-30T11:02:21+00:00 SKIP_EXISTING [620/1000] id=OAFX1620 window=SCREEN_IS
2026-08-30T11:02:21+00:00 GATE_SKIP id=OAFX1620 window=IS reason=SINGLE_SLEEVE_INFERIOR decision=SCREEN_OUT_SINGLE_SLEEVE net=76351.0 PF=1.2242 DD=18.5782%
2026-08-30T11:02:21+00:00 SKIP_EXISTING [621/1000] id=OAFX1621 window=SCREEN_IS
2026-08-30T11:02:21+00:00 GATE_SKIP id=OAFX1621 window=IS reason=SINGLE_SLEEVE_INFERIOR decision=SCREEN_NOISE_BAND net=82439.0 PF=1.2156 DD=19.0991%
2026-08-30T11:02:21+00:00 SKIP_EXISTING [622/1000] id=OAFX1622 window=SCREEN_IS
2026-08-30T11:02:21+00:00 RUN_START id=OAFX1622 family=gj_boost_partial_exit window=IS terminal=PROD run=oafx_is_oafx1622_20260830200221_9c9ade
2026-08-30T11:02:22+00:00 RUN_HEARTBEAT terminal=PROD pid=49012 elapsed=0s
2026-08-30T11:02:51+00:00 RUN_END id=OAFX1618 window=IS terminal=BT1 status=FAILED decision=RUN_FAILED elapsed=110.235s
2026-08-30T11:02:51+00:00 SKIP_EXISTING [623/1000] id=OAFX1623 window=SCREEN_IS
2026-08-30T11:02:51+00:00 RUN_START id=OAFX1623 family=gj_boost_partial_exit window=IS terminal=BT1 run=oafx_is_oafx1623_20260830200251_aa8598
2026-08-30T11:02:51+00:00 RUN_HEARTBEAT terminal=BT2 pid=40124 elapsed=504s
2026-08-30T11:02:53+00:00 RUN_HEARTBEAT terminal=BT1 pid=9180 elapsed=0s
2026-08-30T11:03:25+00:00 RUN_HEARTBEAT terminal=PROD pid=49012 elapsed=63s
2026-08-30T11:03:55+00:00 RUN_HEARTBEAT terminal=BT2 pid=40124 elapsed=567s
2026-08-30T11:03:55+00:00 RUN_END id=OAFX1623 window=IS terminal=BT1 status=FAILED decision=RUN_FAILED elapsed=63.375s
2026-08-30T11:03:55+00:00 SKIP_EXISTING [624/1000] id=OAFX1624 window=SCREEN_IS
2026-08-30T11:03:55+00:00 GATE_SKIP id=OAFX1624 window=IS reason=SINGLE_SLEEVE_INFERIOR decision=SCREEN_OUT_SINGLE_SLEEVE net=74993.0 PF=1.2067 DD=18.3203%
2026-08-30T11:03:55+00:00 SKIP_EXISTING [625/1000] id=OAFX1625 window=SCREEN_IS
2026-08-30T11:03:55+00:00 GATE_SKIP id=OAFX1625 window=IS reason=SINGLE_SLEEVE_INFERIOR decision=SCREEN_OUT_SINGLE_SLEEVE net=72511.0 PF=1.2036 DD=18.3044%
2026-08-30T11:03:55+00:00 SKIP_EXISTING [626/1000] id=OAFX1626 window=SCREEN_IS
2026-08-30T11:03:55+00:00 RUN_START id=OAFX1626 family=gj_boost_partial_exit window=IS terminal=BT1 run=oafx_is_oafx1626_20260830200355_2a927c
2026-08-30T11:03:55+00:00 RUN_END id=OAFX1622 window=IS terminal=PROD status=FAILED decision=RUN_FAILED elapsed=94.634s
2026-08-30T11:03:55+00:00 SKIP_EXISTING [627/1000] id=OAFX1627 window=SCREEN_IS
2026-08-30T11:03:55+00:00 RUN_START id=OAFX1627 family=gj_boost_partial_exit window=IS terminal=PROD run=oafx_is_oafx1627_20260830200355_7715cf
2026-08-30T11:03:56+00:00 WAIT_LAUNCH_SLOT terminal=PROD seconds=14.7
2026-08-30T11:03:56+00:00 RUN_HEARTBEAT terminal=BT1 pid=47868 elapsed=0s
2026-08-30T11:04:11+00:00 RUN_HEARTBEAT terminal=PROD pid=56792 elapsed=0s
2026-08-30T11:04:58+00:00 RUN_HEARTBEAT terminal=BT2 pid=40124 elapsed=630s
2026-08-30T11:05:00+00:00 RUN_HEARTBEAT terminal=BT1 pid=47868 elapsed=64s
2026-08-30T11:05:15+00:00 RUN_HEARTBEAT terminal=PROD pid=56792 elapsed=64s
2026-08-30T11:05:30+00:00 RUN_END id=OAFX1487 window=IS terminal=BT2 status=OK decision=IS_REJECT elapsed=663.177s
2026-08-30T11:05:30+00:00 GATE_SKIP id=OAFX1487 window=OOS reason=IS_NOT_SURVIVOR decision=IS_REJECT net=293109.0 PF=1.4259 DD=36.442%
2026-08-30T11:05:30+00:00 SCREEN_SKIP_EXISTING_FULLBOOK [628/1000] id=OAFX1628 reason=existing fullbook IS retained
2026-08-30T11:05:30+00:00 SKIP_EXISTING [628/1000] id=OAFX1628 window=IS
2026-08-30T11:05:30+00:00 GATE_SKIP id=OAFX1628 window=OOS reason=IS_NOT_SURVIVOR decision=IS_REJECT net=274048.0 PF=1.3983 DD=41.0447%
2026-08-30T11:05:30+00:00 SCREEN_SKIP_EXISTING_FULLBOOK [629/1000] id=OAFX1629 reason=existing fullbook IS retained
2026-08-30T11:05:30+00:00 SKIP_EXISTING [629/1000] id=OAFX1629 window=IS
2026-08-30T11:05:30+00:00 GATE_SKIP id=OAFX1629 window=OOS reason=IS_NOT_SURVIVOR decision=IS_REJECT net=272160.0 PF=1.3979 DD=44.2389%
2026-08-30T11:05:30+00:00 SKIP_EXISTING [630/1000] id=OAFX1630 window=SCREEN_IS
2026-08-30T11:05:30+00:00 GATE_SKIP id=OAFX1630 window=IS reason=SINGLE_SLEEVE_INFERIOR decision=SCREEN_OUT_SINGLE_SLEEVE net=75481.0 PF=1.2049 DD=18.1406%
2026-08-30T11:05:30+00:00 SKIP_EXISTING [631/1000] id=OAFX1631 window=SCREEN_IS
2026-08-30T11:05:30+00:00 GATE_SKIP id=OAFX1631 window=IS reason=SINGLE_SLEEVE_INFERIOR decision=SCREEN_NOISE_BAND net=80667.0 PF=1.2087 DD=19.0793%
2026-08-30T11:05:30+00:00 SKIP_EXISTING [632/1000] id=OAFX1632 window=SCREEN_IS
2026-08-30T11:05:30+00:00 GATE_SKIP id=OAFX1632 window=IS reason=SINGLE_SLEEVE_INFERIOR decision=SCREEN_OUT_SINGLE_SLEEVE net=76413.0 PF=1.199 DD=18.9655%
2026-08-30T11:05:30+00:00 SKIP_EXISTING [633/1000] id=OAFX1633 window=SCREEN_IS
2026-08-30T11:05:30+00:00 GATE_SKIP id=OAFX1633 window=IS reason=SINGLE_SLEEVE_INFERIOR decision=SCREEN_NOISE_BAND net=72159.0 PF=1.1891 DD=19.1311%
2026-08-30T11:05:30+00:00 SKIP_EXISTING [634/1000] id=OAFX1634 window=SCREEN_IS
2026-08-30T11:05:30+00:00 GATE_SKIP id=OAFX1634 window=IS reason=SINGLE_SLEEVE_INFERIOR decision=SCREEN_OUT_SINGLE_SLEEVE net=67905.0 PF=1.179 DD=19.5916%
2026-08-30T11:05:30+00:00 SKIP_EXISTING [635/1000] id=OAFX1635 window=SCREEN_IS
2026-08-30T11:05:30+00:00 GATE_SKIP id=OAFX1635 window=IS reason=SINGLE_SLEEVE_INFERIOR decision=SCREEN_OUT_SINGLE_SLEEVE net=63651.0 PF=1.1689 DD=20.0973%
2026-08-30T11:05:30+00:00 RUN_START id=OAFX1636 family=gj_boost_partial_exit window=SCREEN_IS terminal=BT2 run=oafx_screen_is_oafx1636_20260830200530_b35308
2026-08-30T11:05:31+00:00 RUN_HEARTBEAT terminal=BT2 pid=41060 elapsed=0s
2026-08-30T11:06:03+00:00 RUN_HEARTBEAT terminal=BT1 pid=47868 elapsed=127s
2026-08-30T11:06:20+00:00 RUN_HEARTBEAT terminal=PROD pid=56792 elapsed=128s
2026-08-30T11:06:37+00:00 RUN_HEARTBEAT terminal=BT2 pid=41060 elapsed=64s
2026-08-30T11:07:10+00:00 RUN_HEARTBEAT terminal=BT1 pid=47868 elapsed=193s
2026-08-30T11:07:27+00:00 RUN_HEARTBEAT terminal=PROD pid=56792 elapsed=195s
2026-08-30T11:07:43+00:00 RUN_HEARTBEAT terminal=BT2 pid=41060 elapsed=131s
2026-08-30T11:08:16+00:00 RUN_HEARTBEAT terminal=BT1 pid=47868 elapsed=259s
2026-08-30T11:08:32+00:00 RUN_HEARTBEAT terminal=PROD pid=56792 elapsed=260s
