スリープ抑止を有効化しました（このプロセス終了で自動解除）
2026-08-30T11:46:32+00:00 DRIVER_START pid=57328 stage=all targets=1000 terminals=PROD,BT1,BT2 stagger=15s sha_gate=False magic_gate=False
2026-08-30T11:46:32+00:00 DAILY_BASELINE_REFRESH_START date=2026-08-30
2026-08-30T11:46:32+00:00 RUN_START id=REGRESSION_BASELINE family=daily_baseline window=IS terminal=PROD run=oafx_is_regression_baseline_20260830204632_4b0692
2026-08-30T11:46:33+00:00 RUN_HEARTBEAT terminal=PROD pid=37712 elapsed=0s
2026-08-30T11:47:35+00:00 RUN_HEARTBEAT terminal=PROD pid=37712 elapsed=62s
2026-08-30T11:48:37+00:00 RUN_HEARTBEAT terminal=PROD pid=37712 elapsed=125s
2026-08-30T11:49:40+00:00 RUN_HEARTBEAT terminal=PROD pid=37712 elapsed=187s
2026-08-30T11:50:42+00:00 RUN_HEARTBEAT terminal=PROD pid=37712 elapsed=250s
2026-08-30T11:51:45+00:00 RUN_HEARTBEAT terminal=PROD pid=37712 elapsed=312s
2026-08-30T11:52:31+00:00 RUN_END id=REGRESSION_BASELINE window=IS terminal=PROD status=FAILED decision=RUN_FAILED elapsed=360.386s
2026-08-30T11:52:31+00:00 DAILY_BASELINE_REPORT_RECOVERED date=2026-08-30 window=IS net=279712.00 pf=1.3994 dd=34.8667 trades=1573
2026-08-30T11:52:31+00:00 RUN_START id=BASELINE_OOS family=baseline window=OOS terminal=PROD run=oafx_oos_baseline_oos_20260830205231_fe76b1
2026-08-30T11:52:33+00:00 RUN_HEARTBEAT terminal=PROD pid=8456 elapsed=0s
2026-08-30T11:53:35+00:00 RUN_HEARTBEAT terminal=PROD pid=8456 elapsed=62s
2026-08-30T11:54:37+00:00 RUN_HEARTBEAT terminal=PROD pid=8456 elapsed=125s
2026-08-30T11:55:40+00:00 RUN_HEARTBEAT terminal=PROD pid=8456 elapsed=187s
2026-08-30T11:56:42+00:00 RUN_HEARTBEAT terminal=PROD pid=8456 elapsed=249s
2026-08-30T11:56:58+00:00 RUN_END id=BASELINE_OOS window=OOS terminal=PROD status=FAILED decision=RUN_FAILED elapsed=266.066s
2026-08-30T11:56:58+00:00 DAILY_BASELINE_REPORT_RECOVERED date=2026-08-30 window=OOS net=117124.00 pf=1.2182 dd=30.1366 trades=1354
2026-08-30T11:56:58+00:00 RUN_START id=BASELINE_SCREEN_IS family=daily_baseline window=SCREEN_IS terminal=PROD run=oafx_screen_is_baseline_screen_is_20260830205658_2dc5c2
2026-08-30T11:56:59+00:00 RUN_HEARTBEAT terminal=PROD pid=29900 elapsed=0s
2026-08-30T11:58:01+00:00 RUN_HEARTBEAT terminal=PROD pid=29900 elapsed=62s
2026-08-30T11:58:17+00:00 RUN_END id=BASELINE_SCREEN_IS window=SCREEN_IS terminal=PROD status=FAILED decision=RUN_FAILED elapsed=79.026s
2026-08-30T11:58:17+00:00 DAILY_BASELINE_REPORT_RECOVERED date=2026-08-30 window=SCREEN_IS net=84921.00 pf=1.2184 dd=19.5314 trades=685
2026-08-30T11:58:17+00:00 DAILY_BASELINE_REFRESH_END IS=net:279712.00,pf:1.3994,dd:34.8667,trades:1573,source:ACTUAL_MT5 OOS=net:117124.00,pf:1.2182,dd:30.1366,trades:1354,source:ACTUAL_MT5 SCREEN_IS=net:84921.00,pf:1.2184,dd:19.5314,trades:685,source:ACTUAL_MT5
2026-08-30T11:58:17+00:00 REGRESSION_GATE disabled; daily production baselines measured
2026-08-30T11:58:17+00:00 SCREEN_SKIP_EXISTING_FULLBOOK [1/1000] id=OAFX1001 reason=existing fullbook IS retained
2026-08-30T11:58:17+00:00 SCREEN_SKIP_EXISTING_FULLBOOK [2/1000] id=OAFX1002 reason=existing fullbook IS retained
2026-08-30T11:58:17+00:00 SCREEN_SKIP_EXISTING_FULLBOOK [3/1000] id=OAFX1003 reason=existing fullbook IS retained
2026-08-30T11:58:17+00:00 SKIP_EXISTING [1/1000] id=OAFX1001 window=IS
2026-08-30T11:58:17+00:00 SKIP_EXISTING [2/1000] id=OAFX1002 window=IS
2026-08-30T11:58:17+00:00 SKIP_EXISTING [3/1000] id=OAFX1003 window=IS
2026-08-30T11:58:17+00:00 GATE_SKIP id=OAFX1001 window=OOS reason=IS_NOT_SURVIVOR decision=IS_REJECT net=288878.0 PF=1.4248 DD=35.7377%
2026-08-30T11:58:17+00:00 GATE_SKIP id=OAFX1002 window=OOS reason=IS_NOT_SURVIVOR decision=IS_REJECT net=297530.0 PF=1.4375 DD=35.5774%
2026-08-30T11:58:17+00:00 GATE_SKIP id=OAFX1003 window=OOS reason=IS_NOT_SURVIVOR decision=IS_REJECT net=296047.0 PF=1.4353 DD=35.0579%
2026-08-30T11:58:17+00:00 SCREEN_SKIP_EXISTING_FULLBOOK [4/1000] id=OAFX1004 reason=existing fullbook IS retained
2026-08-30T11:58:17+00:00 SCREEN_SKIP_EXISTING_FULLBOOK [5/1000] id=OAFX1005 reason=existing fullbook IS retained
2026-08-30T11:58:17+00:00 SCREEN_SKIP_EXISTING_FULLBOOK [6/1000] id=OAFX1006 reason=existing fullbook IS retained
2026-08-30T11:58:17+00:00 SKIP_EXISTING [4/1000] id=OAFX1004 window=IS
2026-08-30T11:58:17+00:00 SKIP_EXISTING [5/1000] id=OAFX1005 window=IS
2026-08-30T11:58:17+00:00 SKIP_EXISTING [6/1000] id=OAFX1006 window=IS
2026-08-30T11:58:17+00:00 GATE_SKIP id=OAFX1004 window=OOS reason=IS_NOT_SURVIVOR decision=IS_REJECT net=298674.0 PF=1.4392 DD=34.945%
2026-08-30T11:58:17+00:00 GATE_SKIP id=OAFX1005 window=OOS reason=IS_NOT_SURVIVOR decision=IS_REJECT net=301595.0 PF=1.4434 DD=35.2811%
2026-08-30T11:58:17+00:00 GATE_SKIP id=OAFX1006 window=OOS reason=IS_NOT_SURVIVOR decision=IS_REJECT net=285380.0 PF=1.4164 DD=34.9232%
2026-08-30T11:58:17+00:00 SCREEN_SKIP_EXISTING_FULLBOOK [7/1000] id=OAFX1007 reason=existing fullbook IS retained
2026-08-30T11:58:17+00:00 SCREEN_SKIP_EXISTING_FULLBOOK [8/1000] id=OAFX1008 reason=existing fullbook IS retained
2026-08-30T11:58:17+00:00 SCREEN_SKIP_EXISTING_FULLBOOK [9/1000] id=OAFX1009 reason=existing fullbook IS retained
2026-08-30T11:58:17+00:00 SKIP_EXISTING [7/1000] id=OAFX1007 window=IS
2026-08-30T11:58:17+00:00 SKIP_EXISTING [8/1000] id=OAFX1008 window=IS
2026-08-30T11:58:17+00:00 SKIP_EXISTING [9/1000] id=OAFX1009 window=IS
2026-08-30T11:58:17+00:00 GATE_SKIP id=OAFX1007 window=OOS reason=IS_NOT_SURVIVOR decision=IS_NOISE_BAND net=284497.0 PF=1.4147 DD=34.6204%
2026-08-30T11:58:17+00:00 SKIP_EXISTING [8/1000] id=OAFX1008 window=OOS
2026-08-30T11:58:17+00:00 SKIP_EXISTING [9/1000] id=OAFX1009 window=OOS
2026-08-30T11:58:17+00:00 SCREEN_SKIP_EXISTING_FULLBOOK [10/1000] id=OAFX1010 reason=existing fullbook IS retained
2026-08-30T11:58:17+00:00 SCREEN_SKIP_EXISTING_FULLBOOK [11/1000] id=OAFX1011 reason=existing fullbook IS retained
2026-08-30T11:58:17+00:00 SCREEN_SKIP_EXISTING_FULLBOOK [12/1000] id=OAFX1012 reason=existing fullbook IS retained
2026-08-30T11:58:17+00:00 SKIP_EXISTING [10/1000] id=OAFX1010 window=IS
2026-08-30T11:58:17+00:00 SKIP_EXISTING [11/1000] id=OAFX1011 window=IS
2026-08-30T11:58:17+00:00 SKIP_EXISTING [12/1000] id=OAFX1012 window=IS
2026-08-30T11:58:17+00:00 SKIP_EXISTING [10/1000] id=OAFX1010 window=OOS
2026-08-30T11:58:17+00:00 GATE_SKIP id=OAFX1011 window=OOS reason=IS_NOT_SURVIVOR decision=IS_REJECT net=317006.0 PF=1.4711 DD=35.4837%
2026-08-30T11:58:17+00:00 GATE_SKIP id=OAFX1012 window=OOS reason=IS_NOT_SURVIVOR decision=IS_REJECT net=316642.0 PF=1.4706 DD=35.7429%
2026-08-30T11:58:17+00:00 SCREEN_SKIP_EXISTING_FULLBOOK [13/1000] id=OAFX1013 reason=existing fullbook IS retained
2026-08-30T11:58:17+00:00 SCREEN_SKIP_EXISTING_FULLBOOK [14/1000] id=OAFX1014 reason=existing fullbook IS retained
2026-08-30T11:58:17+00:00 SCREEN_SKIP_EXISTING_FULLBOOK [15/1000] id=OAFX1015 reason=existing fullbook IS retained
2026-08-30T11:58:17+00:00 SKIP_EXISTING [13/1000] id=OAFX1013 window=IS
2026-08-30T11:58:17+00:00 SKIP_EXISTING [14/1000] id=OAFX1014 window=IS
2026-08-30T11:58:17+00:00 SKIP_EXISTING [15/1000] id=OAFX1015 window=IS
2026-08-30T11:58:17+00:00 GATE_SKIP id=OAFX1013 window=OOS reason=IS_NOT_SURVIVOR decision=IS_REJECT net=318366.0 PF=1.4732 DD=35.6441%
2026-08-30T11:58:17+00:00 GATE_SKIP id=OAFX1014 window=OOS reason=IS_NOT_SURVIVOR decision=IS_REJECT net=299406.0 PF=1.4408 DD=35.5428%
2026-08-30T11:58:17+00:00 GATE_SKIP id=OAFX1015 window=OOS reason=IS_NOT_SURVIVOR decision=IS_REJECT net=300382.0 PF=1.4422 DD=35.4401%
2026-08-30T11:58:17+00:00 SCREEN_SKIP_EXISTING_FULLBOOK [16/1000] id=OAFX1016 reason=existing fullbook IS retained
2026-08-30T11:58:17+00:00 SCREEN_SKIP_EXISTING_FULLBOOK [17/1000] id=OAFX1017 reason=existing fullbook IS retained
2026-08-30T11:58:17+00:00 SCREEN_SKIP_EXISTING_FULLBOOK [18/1000] id=OAFX1018 reason=existing fullbook IS retained
2026-08-30T11:58:17+00:00 SKIP_EXISTING [16/1000] id=OAFX1016 window=IS
2026-08-30T11:58:17+00:00 SKIP_EXISTING [17/1000] id=OAFX1017 window=IS
2026-08-30T11:58:17+00:00 SKIP_EXISTING [18/1000] id=OAFX1018 window=IS
2026-08-30T11:58:17+00:00 GATE_SKIP id=OAFX1016 window=OOS reason=IS_NOT_SURVIVOR decision=IS_REJECT net=297881.0 PF=1.438 DD=35.3542%
2026-08-30T11:58:17+00:00 GATE_SKIP id=OAFX1017 window=OOS reason=IS_NOT_SURVIVOR decision=IS_REJECT net=296831.0 PF=1.4365 DD=35.258%
2026-08-30T11:58:17+00:00 GATE_SKIP id=OAFX1018 window=OOS reason=IS_NOT_SURVIVOR decision=IS_REJECT net=297359.0 PF=1.4372 DD=35.1669%
2026-08-30T11:58:17+00:00 SCREEN_SKIP_EXISTING_FULLBOOK [19/1000] id=OAFX1019 reason=existing fullbook IS retained
2026-08-30T11:58:17+00:00 SCREEN_SKIP_EXISTING_FULLBOOK [20/1000] id=OAFX1020 reason=existing fullbook IS retained
2026-08-30T11:58:17+00:00 SCREEN_SKIP_EXISTING_FULLBOOK [21/1000] id=OAFX1021 reason=existing fullbook IS retained
2026-08-30T11:58:17+00:00 SKIP_EXISTING [19/1000] id=OAFX1019 window=IS
2026-08-30T11:58:17+00:00 SKIP_EXISTING [20/1000] id=OAFX1020 window=IS
2026-08-30T11:58:17+00:00 SKIP_EXISTING [21/1000] id=OAFX1021 window=IS
2026-08-30T11:58:17+00:00 GATE_SKIP id=OAFX1019 window=OOS reason=IS_NOT_SURVIVOR decision=IS_REJECT net=298036.0 PF=1.4382 DD=35.0681%
2026-08-30T11:58:17+00:00 GATE_SKIP id=OAFX1020 window=OOS reason=IS_NOT_SURVIVOR decision=IS_REJECT net=298721.0 PF=1.4392 DD=34.9693%
2026-08-30T11:58:17+00:00 GATE_SKIP id=OAFX1021 window=OOS reason=IS_NOT_SURVIVOR decision=IS_NOISE_BAND net=290051.0 PF=1.4197 DD=34.6897%
2026-08-30T11:58:17+00:00 SCREEN_SKIP_EXISTING_FULLBOOK [22/1000] id=OAFX1022 reason=existing fullbook IS retained
2026-08-30T11:58:17+00:00 SCREEN_SKIP_EXISTING_FULLBOOK [23/1000] id=OAFX1023 reason=existing fullbook IS retained
2026-08-30T11:58:17+00:00 SCREEN_SKIP_EXISTING_FULLBOOK [24/1000] id=OAFX1024 reason=existing fullbook IS retained
2026-08-30T11:58:17+00:00 SKIP_EXISTING [22/1000] id=OAFX1022 window=IS
2026-08-30T11:58:17+00:00 SKIP_EXISTING [23/1000] id=OAFX1023 window=IS
2026-08-30T11:58:17+00:00 SKIP_EXISTING [24/1000] id=OAFX1024 window=IS
2026-08-30T11:58:17+00:00 GATE_SKIP id=OAFX1022 window=OOS reason=IS_NOT_SURVIVOR decision=IS_NOISE_BAND net=290616.0 PF=1.4205 DD=34.6499%
2026-08-30T11:58:17+00:00 GATE_SKIP id=OAFX1023 window=OOS reason=IS_NOT_SURVIVOR decision=IS_NOISE_BAND net=290744.0 PF=1.4207 DD=34.6102%
2026-08-30T11:58:17+00:00 GATE_SKIP id=OAFX1024 window=OOS reason=IS_NOT_SURVIVOR decision=IS_NOISE_BAND net=287805.0 PF=1.4158 DD=34.5704%
2026-08-30T11:58:17+00:00 SCREEN_SKIP_EXISTING_FULLBOOK [25/1000] id=OAFX1025 reason=existing fullbook IS retained
2026-08-30T11:58:17+00:00 SCREEN_SKIP_EXISTING_FULLBOOK [26/1000] id=OAFX1026 reason=existing fullbook IS retained
2026-08-30T11:58:17+00:00 SCREEN_SKIP_EXISTING_FULLBOOK [27/1000] id=OAFX1027 reason=existing fullbook IS retained
2026-08-30T11:58:17+00:00 SKIP_EXISTING [25/1000] id=OAFX1025 window=IS
2026-08-30T11:58:17+00:00 SKIP_EXISTING [26/1000] id=OAFX1026 window=IS
2026-08-30T11:58:17+00:00 SKIP_EXISTING [27/1000] id=OAFX1027 window=IS
2026-08-30T11:58:17+00:00 GATE_SKIP id=OAFX1025 window=OOS reason=IS_NOT_SURVIVOR decision=IS_NOISE_BAND net=286452.0 PF=1.4138 DD=34.5306%
2026-08-30T11:58:17+00:00 GATE_SKIP id=OAFX1026 window=OOS reason=IS_NOT_SURVIVOR decision=IS_NOISE_BAND net=286628.0 PF=1.4141 DD=34.4832%
2026-08-30T11:58:17+00:00 GATE_SKIP id=OAFX1027 window=OOS reason=IS_NOT_SURVIVOR decision=IS_NOISE_BAND net=286890.0 PF=1.4145 DD=34.4293%
2026-08-30T11:58:17+00:00 SCREEN_SKIP_EXISTING_FULLBOOK [28/1000] id=OAFX1028 reason=existing fullbook IS retained
2026-08-30T11:58:17+00:00 SCREEN_SKIP_EXISTING_FULLBOOK [29/1000] id=OAFX1029 reason=existing fullbook IS retained
2026-08-30T11:58:17+00:00 SCREEN_SKIP_EXISTING_FULLBOOK [30/1000] id=OAFX1030 reason=existing fullbook IS retained
2026-08-30T11:58:17+00:00 SKIP_EXISTING [28/1000] id=OAFX1028 window=IS
2026-08-30T11:58:17+00:00 SKIP_EXISTING [29/1000] id=OAFX1029 window=IS
2026-08-30T11:58:17+00:00 SKIP_EXISTING [30/1000] id=OAFX1030 window=IS
2026-08-30T11:58:17+00:00 GATE_SKIP id=OAFX1028 window=OOS reason=IS_NOT_SURVIVOR decision=IS_NOISE_BAND net=287117.0 PF=1.4148 DD=34.4088%
2026-08-30T11:58:17+00:00 GATE_SKIP id=OAFX1029 window=OOS reason=IS_NOT_SURVIVOR decision=IS_NOISE_BAND net=287378.0 PF=1.4152 DD=34.3703%
2026-08-30T11:58:17+00:00 SKIP_EXISTING [30/1000] id=OAFX1030 window=OOS
2026-08-30T11:58:17+00:00 SCREEN_SKIP_EXISTING_FULLBOOK [31/1000] id=OAFX1031 reason=existing fullbook IS retained
2026-08-30T11:58:17+00:00 SCREEN_SKIP_EXISTING_FULLBOOK [32/1000] id=OAFX1032 reason=existing fullbook IS retained
2026-08-30T11:58:17+00:00 SCREEN_SKIP_EXISTING_FULLBOOK [33/1000] id=OAFX1033 reason=existing fullbook IS retained
2026-08-30T11:58:17+00:00 SKIP_EXISTING [31/1000] id=OAFX1031 window=IS
2026-08-30T11:58:17+00:00 SKIP_EXISTING [32/1000] id=OAFX1032 window=IS
2026-08-30T11:58:17+00:00 SKIP_EXISTING [33/1000] id=OAFX1033 window=IS
2026-08-30T11:58:17+00:00 GATE_SKIP id=OAFX1031 window=OOS reason=IS_NOT_SURVIVOR decision=IS_NOISE_BAND net=283665.0 PF=1.4077 DD=34.5717%
2026-08-30T11:58:17+00:00 GATE_SKIP id=OAFX1032 window=OOS reason=IS_NOT_SURVIVOR decision=IS_NOISE_BAND net=283727.0 PF=1.4078 DD=34.5691%
2026-08-30T11:58:17+00:00 GATE_SKIP id=OAFX1033 window=OOS reason=IS_NOT_SURVIVOR decision=IS_NOISE_BAND net=283783.0 PF=1.4078 DD=34.5665%
2026-08-30T11:58:17+00:00 SCREEN_SKIP_EXISTING_FULLBOOK [34/1000] id=OAFX1034 reason=existing fullbook IS retained
2026-08-30T11:58:17+00:00 SCREEN_SKIP_EXISTING_FULLBOOK [35/1000] id=OAFX1035 reason=existing fullbook IS retained
2026-08-30T11:58:17+00:00 SCREEN_SKIP_EXISTING_FULLBOOK [36/1000] id=OAFX1036 reason=existing fullbook IS retained
2026-08-30T11:58:17+00:00 SKIP_EXISTING [34/1000] id=OAFX1034 window=IS
2026-08-30T11:58:17+00:00 SKIP_EXISTING [35/1000] id=OAFX1035 window=IS
2026-08-30T11:58:17+00:00 SKIP_EXISTING [36/1000] id=OAFX1036 window=IS
2026-08-30T11:58:17+00:00 GATE_SKIP id=OAFX1034 window=OOS reason=IS_NOT_SURVIVOR decision=IS_NOISE_BAND net=283839.0 PF=1.4079 DD=34.564%
2026-08-30T11:58:17+00:00 GATE_SKIP id=OAFX1035 window=OOS reason=IS_NOT_SURVIVOR decision=IS_NOISE_BAND net=283896.0 PF=1.408 DD=34.5601%
2026-08-30T11:58:17+00:00 GATE_SKIP id=OAFX1036 window=OOS reason=IS_NOT_SURVIVOR decision=IS_NOISE_BAND net=283951.0 PF=1.4081 DD=34.5588%
2026-08-30T11:58:17+00:00 SCREEN_SKIP_EXISTING_FULLBOOK [37/1000] id=OAFX1037 reason=existing fullbook IS retained
2026-08-30T11:58:17+00:00 SCREEN_SKIP_EXISTING_FULLBOOK [38/1000] id=OAFX1038 reason=existing fullbook IS retained
2026-08-30T11:58:17+00:00 SCREEN_SKIP_EXISTING_FULLBOOK [39/1000] id=OAFX1039 reason=existing fullbook IS retained
2026-08-30T11:58:17+00:00 SKIP_EXISTING [37/1000] id=OAFX1037 window=IS
2026-08-30T11:58:17+00:00 SKIP_EXISTING [38/1000] id=OAFX1038 window=IS
2026-08-30T11:58:17+00:00 SKIP_EXISTING [39/1000] id=OAFX1039 window=IS
2026-08-30T11:58:17+00:00 GATE_SKIP id=OAFX1037 window=OOS reason=IS_NOT_SURVIVOR decision=IS_NOISE_BAND net=284061.0 PF=1.4082 DD=34.5563%
2026-08-30T11:58:17+00:00 GATE_SKIP id=OAFX1038 window=OOS reason=IS_NOT_SURVIVOR decision=IS_NOISE_BAND net=284069.0 PF=1.4083 DD=34.5537%
2026-08-30T11:58:17+00:00 GATE_SKIP id=OAFX1039 window=OOS reason=IS_NOT_SURVIVOR decision=IS_NOISE_BAND net=284125.0 PF=1.4083 DD=34.5511%
2026-08-30T11:58:17+00:00 SCREEN_SKIP_EXISTING_FULLBOOK [40/1000] id=OAFX1040 reason=existing fullbook IS retained
2026-08-30T11:58:17+00:00 SCREEN_SKIP_EXISTING_FULLBOOK [41/1000] id=OAFX1041 reason=existing fullbook IS retained
2026-08-30T11:58:17+00:00 SCREEN_SKIP_EXISTING_FULLBOOK [42/1000] id=OAFX1042 reason=existing fullbook IS retained
2026-08-30T11:58:17+00:00 SKIP_EXISTING [40/1000] id=OAFX1040 window=IS
2026-08-30T11:58:17+00:00 SKIP_EXISTING [41/1000] id=OAFX1041 window=IS
2026-08-30T11:58:17+00:00 SKIP_EXISTING [42/1000] id=OAFX1042 window=IS
2026-08-30T11:58:17+00:00 GATE_SKIP id=OAFX1040 window=OOS reason=IS_NOT_SURVIVOR decision=IS_NOISE_BAND net=284194.0 PF=1.4084 DD=34.5473%
2026-08-30T11:58:17+00:00 GATE_SKIP id=OAFX1041 window=OOS reason=IS_NOT_SURVIVOR decision=IS_NOISE_BAND net=282974.0 PF=1.4059 DD=34.759%
2026-08-30T11:58:17+00:00 GATE_SKIP id=OAFX1042 window=OOS reason=IS_NOT_SURVIVOR decision=IS_NOISE_BAND net=282974.0 PF=1.4059 DD=34.759%
2026-08-30T11:58:17+00:00 SCREEN_SKIP_EXISTING_FULLBOOK [43/1000] id=OAFX1043 reason=existing fullbook IS retained
2026-08-30T11:58:17+00:00 SCREEN_SKIP_EXISTING_FULLBOOK [44/1000] id=OAFX1044 reason=existing fullbook IS retained
2026-08-30T11:58:17+00:00 SCREEN_SKIP_EXISTING_FULLBOOK [45/1000] id=OAFX1045 reason=existing fullbook IS retained
2026-08-30T11:58:17+00:00 SKIP_EXISTING [43/1000] id=OAFX1043 window=IS
2026-08-30T11:58:17+00:00 SKIP_EXISTING [44/1000] id=OAFX1044 window=IS
2026-08-30T11:58:17+00:00 SKIP_EXISTING [45/1000] id=OAFX1045 window=IS
2026-08-30T11:58:17+00:00 GATE_SKIP id=OAFX1043 window=OOS reason=IS_NOT_SURVIVOR decision=IS_NOISE_BAND net=282974.0 PF=1.4059 DD=34.759%
2026-08-30T11:58:17+00:00 GATE_SKIP id=OAFX1044 window=OOS reason=IS_NOT_SURVIVOR decision=IS_NOISE_BAND net=282974.0 PF=1.4059 DD=34.759%
2026-08-30T11:58:17+00:00 GATE_SKIP id=OAFX1045 window=OOS reason=IS_NOT_SURVIVOR decision=IS_NOISE_BAND net=282974.0 PF=1.4059 DD=34.759%
2026-08-30T11:58:17+00:00 SCREEN_SKIP_EXISTING_FULLBOOK [46/1000] id=OAFX1046 reason=existing fullbook IS retained
2026-08-30T11:58:17+00:00 SCREEN_SKIP_EXISTING_FULLBOOK [47/1000] id=OAFX1047 reason=existing fullbook IS retained
2026-08-30T11:58:17+00:00 SCREEN_SKIP_EXISTING_FULLBOOK [48/1000] id=OAFX1048 reason=existing fullbook IS retained
2026-08-30T11:58:17+00:00 SKIP_EXISTING [46/1000] id=OAFX1046 window=IS
2026-08-30T11:58:17+00:00 SKIP_EXISTING [47/1000] id=OAFX1047 window=IS
2026-08-30T11:58:17+00:00 SKIP_EXISTING [48/1000] id=OAFX1048 window=IS
2026-08-30T11:58:17+00:00 GATE_SKIP id=OAFX1046 window=OOS reason=IS_NOT_SURVIVOR decision=IS_NOISE_BAND net=282974.0 PF=1.4059 DD=34.759%
2026-08-30T11:58:17+00:00 GATE_SKIP id=OAFX1047 window=OOS reason=IS_NOT_SURVIVOR decision=IS_NOISE_BAND net=282974.0 PF=1.4059 DD=34.759%
2026-08-30T11:58:17+00:00 GATE_SKIP id=OAFX1048 window=OOS reason=IS_NOT_SURVIVOR decision=IS_NOISE_BAND net=282974.0 PF=1.4059 DD=34.759%
2026-08-30T11:58:17+00:00 SCREEN_SKIP_EXISTING_FULLBOOK [49/1000] id=OAFX1049 reason=existing fullbook IS retained
2026-08-30T11:58:17+00:00 SCREEN_SKIP_EXISTING_FULLBOOK [50/1000] id=OAFX1050 reason=existing fullbook IS retained
2026-08-30T11:58:17+00:00 SCREEN_SKIP_EXISTING_FULLBOOK [51/1000] id=OAFX1051 reason=existing fullbook IS retained
2026-08-30T11:58:17+00:00 SKIP_EXISTING [49/1000] id=OAFX1049 window=IS
2026-08-30T11:58:17+00:00 SKIP_EXISTING [50/1000] id=OAFX1050 window=IS
2026-08-30T11:58:17+00:00 SKIP_EXISTING [51/1000] id=OAFX1051 window=IS
2026-08-30T11:58:17+00:00 GATE_SKIP id=OAFX1049 window=OOS reason=IS_NOT_SURVIVOR decision=IS_NOISE_BAND net=282974.0 PF=1.4059 DD=34.759%
2026-08-30T11:58:17+00:00 GATE_SKIP id=OAFX1050 window=OOS reason=IS_NOT_SURVIVOR decision=IS_NOISE_BAND net=282974.0 PF=1.4059 DD=34.759%
2026-08-30T11:58:17+00:00 GATE_SKIP id=OAFX1051 window=OOS reason=IS_NOT_SURVIVOR decision=IS_NOISE_BAND net=280610.0 PF=1.4012 DD=34.8616%
2026-08-30T11:58:17+00:00 SCREEN_SKIP_EXISTING_FULLBOOK [52/1000] id=OAFX1052 reason=existing fullbook IS retained
2026-08-30T11:58:17+00:00 SCREEN_SKIP_EXISTING_FULLBOOK [53/1000] id=OAFX1053 reason=existing fullbook IS retained
2026-08-30T11:58:17+00:00 SCREEN_SKIP_EXISTING_FULLBOOK [54/1000] id=OAFX1054 reason=existing fullbook IS retained
2026-08-30T11:58:17+00:00 SKIP_EXISTING [52/1000] id=OAFX1052 window=IS
2026-08-30T11:58:17+00:00 SKIP_EXISTING [53/1000] id=OAFX1053 window=IS
2026-08-30T11:58:17+00:00 SKIP_EXISTING [54/1000] id=OAFX1054 window=IS
2026-08-30T11:58:17+00:00 GATE_SKIP id=OAFX1052 window=OOS reason=IS_NOT_SURVIVOR decision=IS_NOISE_BAND net=280610.0 PF=1.4012 DD=34.8616%
2026-08-30T11:58:17+00:00 GATE_SKIP id=OAFX1053 window=OOS reason=IS_NOT_SURVIVOR decision=IS_NOISE_BAND net=280610.0 PF=1.4012 DD=34.8616%
2026-08-30T11:58:17+00:00 GATE_SKIP id=OAFX1054 window=OOS reason=IS_NOT_SURVIVOR decision=IS_NOISE_BAND net=280610.0 PF=1.4012 DD=34.8616%
2026-08-30T11:58:17+00:00 SCREEN_SKIP_EXISTING_FULLBOOK [55/1000] id=OAFX1055 reason=existing fullbook IS retained
2026-08-30T11:58:17+00:00 SCREEN_SKIP_EXISTING_FULLBOOK [56/1000] id=OAFX1056 reason=existing fullbook IS retained
2026-08-30T11:58:17+00:00 SCREEN_SKIP_EXISTING_FULLBOOK [57/1000] id=OAFX1057 reason=existing fullbook IS retained
2026-08-30T11:58:17+00:00 SKIP_EXISTING [55/1000] id=OAFX1055 window=IS
2026-08-30T11:58:17+00:00 SKIP_EXISTING [56/1000] id=OAFX1056 window=IS
2026-08-30T11:58:17+00:00 SKIP_EXISTING [57/1000] id=OAFX1057 window=IS
2026-08-30T11:58:17+00:00 GATE_SKIP id=OAFX1055 window=OOS reason=IS_NOT_SURVIVOR decision=IS_NOISE_BAND net=280610.0 PF=1.4012 DD=34.8616%
2026-08-30T11:58:17+00:00 GATE_SKIP id=OAFX1056 window=OOS reason=IS_NOT_SURVIVOR decision=IS_NOISE_BAND net=280610.0 PF=1.4012 DD=34.8616%
2026-08-30T11:58:17+00:00 GATE_SKIP id=OAFX1057 window=OOS reason=IS_NOT_SURVIVOR decision=IS_NOISE_BAND net=280610.0 PF=1.4012 DD=34.8616%
2026-08-30T11:58:17+00:00 SCREEN_SKIP_EXISTING_FULLBOOK [58/1000] id=OAFX1058 reason=existing fullbook IS retained
2026-08-30T11:58:17+00:00 SCREEN_SKIP_EXISTING_FULLBOOK [59/1000] id=OAFX1059 reason=existing fullbook IS retained
2026-08-30T11:58:17+00:00 SCREEN_SKIP_EXISTING_FULLBOOK [60/1000] id=OAFX1060 reason=existing fullbook IS retained
2026-08-30T11:58:17+00:00 SKIP_EXISTING [58/1000] id=OAFX1058 window=IS
2026-08-30T11:58:17+00:00 SKIP_EXISTING [59/1000] id=OAFX1059 window=IS
2026-08-30T11:58:17+00:00 SKIP_EXISTING [60/1000] id=OAFX1060 window=IS
2026-08-30T11:58:17+00:00 GATE_SKIP id=OAFX1058 window=OOS reason=IS_NOT_SURVIVOR decision=IS_NOISE_BAND net=280610.0 PF=1.4012 DD=34.8616%
2026-08-30T11:58:17+00:00 GATE_SKIP id=OAFX1059 window=OOS reason=IS_NOT_SURVIVOR decision=IS_NOISE_BAND net=280610.0 PF=1.4012 DD=34.8616%
2026-08-30T11:58:17+00:00 GATE_SKIP id=OAFX1060 window=OOS reason=IS_NOT_SURVIVOR decision=IS_NOISE_BAND net=280610.0 PF=1.4012 DD=34.8616%
2026-08-30T11:58:17+00:00 SCREEN_SKIP_EXISTING_FULLBOOK [61/1000] id=OAFX1061 reason=existing fullbook IS retained
2026-08-30T11:58:17+00:00 SCREEN_SKIP_EXISTING_FULLBOOK [62/1000] id=OAFX1062 reason=existing fullbook IS retained
2026-08-30T11:58:17+00:00 SCREEN_SKIP_EXISTING_FULLBOOK [63/1000] id=OAFX1063 reason=existing fullbook IS retained
2026-08-30T11:58:17+00:00 SKIP_EXISTING [61/1000] id=OAFX1061 window=IS
2026-08-30T11:58:17+00:00 SKIP_EXISTING [62/1000] id=OAFX1062 window=IS
2026-08-30T11:58:17+00:00 SKIP_EXISTING [63/1000] id=OAFX1063 window=IS
2026-08-30T11:58:17+00:00 GATE_SKIP id=OAFX1061 window=OOS reason=IS_NOT_SURVIVOR decision=IS_REJECT net=281386.0 PF=1.4027 DD=34.8667%
2026-08-30T11:58:17+00:00 GATE_SKIP id=OAFX1062 window=OOS reason=IS_NOT_SURVIVOR decision=IS_REJECT net=281386.0 PF=1.4027 DD=34.8667%
2026-08-30T11:58:17+00:00 GATE_SKIP id=OAFX1063 window=OOS reason=IS_NOT_SURVIVOR decision=IS_REJECT net=281386.0 PF=1.4027 DD=34.8667%
2026-08-30T11:58:17+00:00 SCREEN_SKIP_EXISTING_FULLBOOK [64/1000] id=OAFX1064 reason=existing fullbook IS retained
2026-08-30T11:58:17+00:00 SCREEN_SKIP_EXISTING_FULLBOOK [65/1000] id=OAFX1065 reason=existing fullbook IS retained
2026-08-30T11:58:17+00:00 SCREEN_SKIP_EXISTING_FULLBOOK [66/1000] id=OAFX1066 reason=existing fullbook IS retained
2026-08-30T11:58:17+00:00 SKIP_EXISTING [64/1000] id=OAFX1064 window=IS
2026-08-30T11:58:17+00:00 SKIP_EXISTING [65/1000] id=OAFX1065 window=IS
2026-08-30T11:58:17+00:00 SKIP_EXISTING [66/1000] id=OAFX1066 window=IS
2026-08-30T11:58:17+00:00 GATE_SKIP id=OAFX1064 window=OOS reason=IS_NOT_SURVIVOR decision=IS_REJECT net=281386.0 PF=1.4027 DD=34.8667%
2026-08-30T11:58:17+00:00 GATE_SKIP id=OAFX1065 window=OOS reason=IS_NOT_SURVIVOR decision=IS_REJECT net=281386.0 PF=1.4027 DD=34.8667%
2026-08-30T11:58:17+00:00 GATE_SKIP id=OAFX1066 window=OOS reason=IS_NOT_SURVIVOR decision=IS_REJECT net=281386.0 PF=1.4027 DD=34.8667%
2026-08-30T11:58:17+00:00 SCREEN_SKIP_EXISTING_FULLBOOK [67/1000] id=OAFX1067 reason=existing fullbook IS retained
2026-08-30T11:58:17+00:00 SCREEN_SKIP_EXISTING_FULLBOOK [68/1000] id=OAFX1068 reason=existing fullbook IS retained
2026-08-30T11:58:17+00:00 SCREEN_SKIP_EXISTING_FULLBOOK [69/1000] id=OAFX1069 reason=existing fullbook IS retained
2026-08-30T11:58:17+00:00 SKIP_EXISTING [67/1000] id=OAFX1067 window=IS
2026-08-30T11:58:17+00:00 SKIP_EXISTING [68/1000] id=OAFX1068 window=IS
2026-08-30T11:58:17+00:00 SKIP_EXISTING [69/1000] id=OAFX1069 window=IS
2026-08-30T11:58:17+00:00 GATE_SKIP id=OAFX1067 window=OOS reason=IS_NOT_SURVIVOR decision=IS_REJECT net=281386.0 PF=1.4027 DD=34.8667%
2026-08-30T11:58:17+00:00 GATE_SKIP id=OAFX1068 window=OOS reason=IS_NOT_SURVIVOR decision=IS_REJECT net=281386.0 PF=1.4027 DD=34.8667%
2026-08-30T11:58:17+00:00 GATE_SKIP id=OAFX1069 window=OOS reason=IS_NOT_SURVIVOR decision=IS_REJECT net=281386.0 PF=1.4027 DD=34.8667%
2026-08-30T11:58:17+00:00 SCREEN_SKIP_EXISTING_FULLBOOK [70/1000] id=OAFX1070 reason=existing fullbook IS retained
2026-08-30T11:58:17+00:00 SKIP_EXISTING [71/1000] id=OAFX1071 window=SCREEN_IS
2026-08-30T11:58:17+00:00 SKIP_EXISTING [72/1000] id=OAFX1072 window=SCREEN_IS
2026-08-30T11:58:17+00:00 SKIP_EXISTING [70/1000] id=OAFX1070 window=IS
2026-08-30T11:58:17+00:00 GATE_SKIP id=OAFX1071 window=IS reason=SINGLE_SLEEVE_INFERIOR decision=SCREEN_NOISE_BAND net=85371.0 PF=1.2198 DD=19.3044%
2026-08-30T11:58:17+00:00 GATE_SKIP id=OAFX1072 window=IS reason=SINGLE_SLEEVE_INFERIOR decision=SCREEN_NOISE_BAND net=85371.0 PF=1.2198 DD=19.3044%
2026-08-30T11:58:17+00:00 GATE_SKIP id=OAFX1070 window=OOS reason=IS_NOT_SURVIVOR decision=IS_REJECT net=281386.0 PF=1.4027 DD=34.8667%
2026-08-30T11:58:17+00:00 SKIP_EXISTING [73/1000] id=OAFX1073 window=SCREEN_IS
2026-08-30T11:58:17+00:00 SKIP_EXISTING [74/1000] id=OAFX1074 window=SCREEN_IS
2026-08-30T11:58:17+00:00 SKIP_EXISTING [75/1000] id=OAFX1075 window=SCREEN_IS
2026-08-30T11:58:17+00:00 GATE_SKIP id=OAFX1073 window=IS reason=SINGLE_SLEEVE_INFERIOR decision=SCREEN_NOISE_BAND net=85371.0 PF=1.2198 DD=19.3044%
2026-08-30T11:58:17+00:00 GATE_SKIP id=OAFX1074 window=IS reason=SINGLE_SLEEVE_INFERIOR decision=SCREEN_NOISE_BAND net=85371.0 PF=1.2198 DD=19.3044%
2026-08-30T11:58:17+00:00 GATE_SKIP id=OAFX1075 window=IS reason=SINGLE_SLEEVE_INFERIOR decision=SCREEN_NOISE_BAND net=85371.0 PF=1.2198 DD=19.3044%
2026-08-30T11:58:17+00:00 SKIP_EXISTING [76/1000] id=OAFX1076 window=SCREEN_IS
2026-08-30T11:58:17+00:00 SKIP_EXISTING [77/1000] id=OAFX1077 window=SCREEN_IS
2026-08-30T11:58:17+00:00 SKIP_EXISTING [78/1000] id=OAFX1078 window=SCREEN_IS
2026-08-30T11:58:17+00:00 GATE_SKIP id=OAFX1076 window=IS reason=SINGLE_SLEEVE_INFERIOR decision=SCREEN_NOISE_BAND net=85371.0 PF=1.2198 DD=19.3044%
2026-08-30T11:58:17+00:00 GATE_SKIP id=OAFX1077 window=IS reason=SINGLE_SLEEVE_INFERIOR decision=SCREEN_NOISE_BAND net=85371.0 PF=1.2198 DD=19.3044%
2026-08-30T11:58:17+00:00 GATE_SKIP id=OAFX1078 window=IS reason=SINGLE_SLEEVE_INFERIOR decision=SCREEN_NOISE_BAND net=85371.0 PF=1.2198 DD=19.3044%
2026-08-30T11:58:17+00:00 SKIP_EXISTING [79/1000] id=OAFX1079 window=SCREEN_IS
2026-08-30T11:58:17+00:00 SKIP_EXISTING [80/1000] id=OAFX1080 window=SCREEN_IS
2026-08-30T11:58:17+00:00 SKIP_EXISTING [81/1000] id=OAFX1081 window=SCREEN_IS
2026-08-30T11:58:17+00:00 GATE_SKIP id=OAFX1079 window=IS reason=SINGLE_SLEEVE_INFERIOR decision=SCREEN_NOISE_BAND net=85371.0 PF=1.2198 DD=19.3044%
2026-08-30T11:58:17+00:00 GATE_SKIP id=OAFX1080 window=IS reason=SINGLE_SLEEVE_INFERIOR decision=SCREEN_NOISE_BAND net=85371.0 PF=1.2198 DD=19.3044%
2026-08-30T11:58:17+00:00 GATE_SKIP id=OAFX1081 window=IS reason=SINGLE_SLEEVE_INFERIOR decision=SCREEN_OUT_SINGLE_SLEEVE net=84921.0 PF=1.2184 DD=19.5314%
2026-08-30T11:58:17+00:00 SKIP_EXISTING [82/1000] id=OAFX1082 window=SCREEN_IS
2026-08-30T11:58:17+00:00 SKIP_EXISTING [83/1000] id=OAFX1083 window=SCREEN_IS
2026-08-30T11:58:17+00:00 SKIP_EXISTING [84/1000] id=OAFX1084 window=SCREEN_IS
2026-08-30T11:58:17+00:00 GATE_SKIP id=OAFX1082 window=IS reason=SINGLE_SLEEVE_INFERIOR decision=SCREEN_OUT_SINGLE_SLEEVE net=84921.0 PF=1.2184 DD=19.5314%
2026-08-30T11:58:17+00:00 GATE_SKIP id=OAFX1083 window=IS reason=SINGLE_SLEEVE_INFERIOR decision=SCREEN_OUT_SINGLE_SLEEVE net=84921.0 PF=1.2184 DD=19.5314%
2026-08-30T11:58:17+00:00 GATE_SKIP id=OAFX1084 window=IS reason=SINGLE_SLEEVE_INFERIOR decision=SCREEN_OUT_SINGLE_SLEEVE net=84921.0 PF=1.2184 DD=19.5314%
2026-08-30T11:58:17+00:00 SKIP_EXISTING [85/1000] id=OAFX1085 window=SCREEN_IS
2026-08-30T11:58:17+00:00 SKIP_EXISTING [86/1000] id=OAFX1086 window=SCREEN_IS
2026-08-30T11:58:17+00:00 SKIP_EXISTING [87/1000] id=OAFX1087 window=SCREEN_IS
2026-08-30T11:58:17+00:00 GATE_SKIP id=OAFX1085 window=IS reason=SINGLE_SLEEVE_INFERIOR decision=SCREEN_OUT_SINGLE_SLEEVE net=84921.0 PF=1.2184 DD=19.5314%
2026-08-30T11:58:17+00:00 GATE_SKIP id=OAFX1086 window=IS reason=SINGLE_SLEEVE_INFERIOR decision=SCREEN_OUT_SINGLE_SLEEVE net=84921.0 PF=1.2184 DD=19.5314%
2026-08-30T11:58:17+00:00 GATE_SKIP id=OAFX1087 window=IS reason=SINGLE_SLEEVE_INFERIOR decision=SCREEN_OUT_SINGLE_SLEEVE net=84921.0 PF=1.2184 DD=19.5314%
2026-08-30T11:58:17+00:00 SKIP_EXISTING [88/1000] id=OAFX1088 window=SCREEN_IS
2026-08-30T11:58:17+00:00 SKIP_EXISTING [89/1000] id=OAFX1089 window=SCREEN_IS
2026-08-30T11:58:17+00:00 SKIP_EXISTING [90/1000] id=OAFX1090 window=SCREEN_IS
2026-08-30T11:58:17+00:00 GATE_SKIP id=OAFX1088 window=IS reason=SINGLE_SLEEVE_INFERIOR decision=SCREEN_OUT_SINGLE_SLEEVE net=84921.0 PF=1.2184 DD=19.5314%
2026-08-30T11:58:17+00:00 GATE_SKIP id=OAFX1089 window=IS reason=SINGLE_SLEEVE_INFERIOR decision=SCREEN_OUT_SINGLE_SLEEVE net=84921.0 PF=1.2184 DD=19.5314%
2026-08-30T11:58:17+00:00 GATE_SKIP id=OAFX1090 window=IS reason=SINGLE_SLEEVE_INFERIOR decision=SCREEN_OUT_SINGLE_SLEEVE net=84921.0 PF=1.2184 DD=19.5314%
2026-08-30T11:58:17+00:00 SKIP_EXISTING [91/1000] id=OAFX1091 window=SCREEN_IS
2026-08-30T11:58:17+00:00 SKIP_EXISTING [92/1000] id=OAFX1092 window=SCREEN_IS
2026-08-30T11:58:17+00:00 SKIP_EXISTING [93/1000] id=OAFX1093 window=SCREEN_IS
2026-08-30T11:58:17+00:00 GATE_SKIP id=OAFX1091 window=IS reason=SINGLE_SLEEVE_INFERIOR decision=SCREEN_OUT_SINGLE_SLEEVE net=84921.0 PF=1.2184 DD=19.5314%
2026-08-30T11:58:17+00:00 GATE_SKIP id=OAFX1092 window=IS reason=SINGLE_SLEEVE_INFERIOR decision=SCREEN_OUT_SINGLE_SLEEVE net=84921.0 PF=1.2184 DD=19.5314%
2026-08-30T11:58:17+00:00 GATE_SKIP id=OAFX1093 window=IS reason=SINGLE_SLEEVE_INFERIOR decision=SCREEN_OUT_SINGLE_SLEEVE net=84921.0 PF=1.2184 DD=19.5314%
2026-08-30T11:58:17+00:00 SKIP_EXISTING [94/1000] id=OAFX1094 window=SCREEN_IS
2026-08-30T11:58:17+00:00 SKIP_EXISTING [95/1000] id=OAFX1095 window=SCREEN_IS
2026-08-30T11:58:17+00:00 SKIP_EXISTING [96/1000] id=OAFX1096 window=SCREEN_IS
2026-08-30T11:58:17+00:00 GATE_SKIP id=OAFX1094 window=IS reason=SINGLE_SLEEVE_INFERIOR decision=SCREEN_OUT_SINGLE_SLEEVE net=84921.0 PF=1.2184 DD=19.5314%
2026-08-30T11:58:17+00:00 GATE_SKIP id=OAFX1095 window=IS reason=SINGLE_SLEEVE_INFERIOR decision=SCREEN_OUT_SINGLE_SLEEVE net=84921.0 PF=1.2184 DD=19.5314%
2026-08-30T11:58:17+00:00 GATE_SKIP id=OAFX1096 window=IS reason=SINGLE_SLEEVE_INFERIOR decision=SCREEN_OUT_SINGLE_SLEEVE net=84921.0 PF=1.2184 DD=19.5314%
2026-08-30T11:58:17+00:00 SKIP_EXISTING [97/1000] id=OAFX1097 window=SCREEN_IS
2026-08-30T11:58:17+00:00 SKIP_EXISTING [98/1000] id=OAFX1098 window=SCREEN_IS
2026-08-30T11:58:17+00:00 SKIP_EXISTING [99/1000] id=OAFX1099 window=SCREEN_IS
2026-08-30T11:58:17+00:00 GATE_SKIP id=OAFX1097 window=IS reason=SINGLE_SLEEVE_INFERIOR decision=SCREEN_OUT_SINGLE_SLEEVE net=84921.0 PF=1.2184 DD=19.5314%
2026-08-30T11:58:17+00:00 GATE_SKIP id=OAFX1098 window=IS reason=SINGLE_SLEEVE_INFERIOR decision=SCREEN_OUT_SINGLE_SLEEVE net=84921.0 PF=1.2184 DD=19.5314%
2026-08-30T11:58:17+00:00 GATE_SKIP id=OAFX1099 window=IS reason=SINGLE_SLEEVE_INFERIOR decision=SCREEN_OUT_SINGLE_SLEEVE net=84921.0 PF=1.2184 DD=19.5314%
2026-08-30T11:58:17+00:00 SKIP_EXISTING [100/1000] id=OAFX1100 window=SCREEN_IS
2026-08-30T11:58:17+00:00 SKIP_EXISTING [101/1000] id=OAFX1101 window=SCREEN_IS
2026-08-30T11:58:17+00:00 SKIP_EXISTING [102/1000] id=OAFX1102 window=SCREEN_IS
2026-08-30T11:58:17+00:00 GATE_SKIP id=OAFX1100 window=IS reason=SINGLE_SLEEVE_INFERIOR decision=SCREEN_OUT_SINGLE_SLEEVE net=84921.0 PF=1.2184 DD=19.5314%
2026-08-30T11:58:17+00:00 GATE_SKIP id=OAFX1101 window=IS reason=SINGLE_SLEEVE_INFERIOR decision=SCREEN_OUT_SINGLE_SLEEVE net=84533.0 PF=1.2315 DD=23.0838%
2026-08-30T11:58:17+00:00 GATE_SKIP id=OAFX1102 window=IS reason=SINGLE_SLEEVE_INFERIOR decision=SCREEN_OUT_SINGLE_SLEEVE net=80989.0 PF=1.2134 DD=20.4201%
2026-08-30T11:58:17+00:00 SCREEN_SKIP_EXISTING_FULLBOOK [103/1000] id=OAFX1103 reason=existing fullbook IS retained
2026-08-30T11:58:17+00:00 SCREEN_SKIP_EXISTING_FULLBOOK [104/1000] id=OAFX1104 reason=existing fullbook IS retained
2026-08-30T11:58:17+00:00 SCREEN_SKIP_EXISTING_FULLBOOK [105/1000] id=OAFX1105 reason=existing fullbook IS retained
2026-08-30T11:58:17+00:00 SKIP_EXISTING [103/1000] id=OAFX1103 window=IS
2026-08-30T11:58:17+00:00 SKIP_EXISTING [104/1000] id=OAFX1104 window=IS
2026-08-30T11:58:17+00:00 SKIP_EXISTING [105/1000] id=OAFX1105 window=IS
2026-08-30T11:58:17+00:00 GATE_SKIP id=OAFX1103 window=OOS reason=IS_NOT_SURVIVOR decision=IS_NOISE_BAND net=289511.0 PF=1.4199 DD=34.6012%
2026-08-30T11:58:17+00:00 GATE_SKIP id=OAFX1104 window=OOS reason=IS_NOT_SURVIVOR decision=IS_REJECT net=286851.0 PF=1.4144 DD=34.8667%
2026-08-30T11:58:17+00:00 GATE_SKIP id=OAFX1105 window=OOS reason=IS_NOT_SURVIVOR decision=IS_REJECT net=287131.0 PF=1.415 DD=34.8667%
2026-08-30T11:58:17+00:00 SCREEN_SKIP_EXISTING_FULLBOOK [106/1000] id=OAFX1106 reason=existing fullbook IS retained
2026-08-30T11:58:17+00:00 SCREEN_SKIP_EXISTING_FULLBOOK [107/1000] id=OAFX1107 reason=existing fullbook IS retained
2026-08-30T11:58:17+00:00 SCREEN_SKIP_EXISTING_FULLBOOK [108/1000] id=OAFX1108 reason=existing fullbook IS retained
2026-08-30T11:58:17+00:00 SKIP_EXISTING [106/1000] id=OAFX1106 window=IS
2026-08-30T11:58:17+00:00 SKIP_EXISTING [107/1000] id=OAFX1107 window=IS
2026-08-30T11:58:17+00:00 SKIP_EXISTING [108/1000] id=OAFX1108 window=IS
2026-08-30T11:58:17+00:00 GATE_SKIP id=OAFX1106 window=OOS reason=IS_NOT_SURVIVOR decision=IS_REJECT net=289528.0 PF=1.4193 DD=34.8667%
2026-08-30T11:58:17+00:00 GATE_SKIP id=OAFX1107 window=OOS reason=IS_NOT_SURVIVOR decision=IS_REJECT net=287788.0 PF=1.4157 DD=34.8667%
2026-08-30T11:58:17+00:00 GATE_SKIP id=OAFX1108 window=OOS reason=IS_NOT_SURVIVOR decision=IS_REJECT net=286162.0 PF=1.4124 DD=34.8667%
2026-08-30T11:58:17+00:00 SCREEN_SKIP_EXISTING_FULLBOOK [109/1000] id=OAFX1109 reason=existing fullbook IS retained
2026-08-30T11:58:17+00:00 SKIP_EXISTING [110/1000] id=OAFX1110 window=SCREEN_IS
2026-08-30T11:58:17+00:00 SKIP_EXISTING [111/1000] id=OAFX1111 window=SCREEN_IS
2026-08-30T11:58:17+00:00 SKIP_EXISTING [109/1000] id=OAFX1109 window=IS
2026-08-30T11:58:17+00:00 GATE_SKIP id=OAFX1110 window=IS reason=SINGLE_SLEEVE_INFERIOR decision=SCREEN_OUT_SINGLE_SLEEVE net=84921.0 PF=1.2184 DD=19.5314%
2026-08-30T11:58:17+00:00 GATE_SKIP id=OAFX1111 window=IS reason=SINGLE_SLEEVE_INFERIOR decision=SCREEN_OUT_SINGLE_SLEEVE net=79762.0 PF=1.2368 DD=20.6207%
2026-08-30T11:58:17+00:00 GATE_SKIP id=OAFX1109 window=OOS reason=IS_NOT_SURVIVOR decision=IS_REJECT net=283786.0 PF=1.4076 DD=34.8667%
2026-08-30T11:58:17+00:00 SKIP_EXISTING [112/1000] id=OAFX1112 window=SCREEN_IS
2026-08-30T11:58:17+00:00 SKIP_EXISTING [113/1000] id=OAFX1113 window=SCREEN_IS
2026-08-30T11:58:17+00:00 SCREEN_SKIP_EXISTING_FULLBOOK [114/1000] id=OAFX1114 reason=existing fullbook IS retained
2026-08-30T11:58:17+00:00 GATE_SKIP id=OAFX1112 window=IS reason=SINGLE_SLEEVE_INFERIOR decision=SCREEN_OUT_SINGLE_SLEEVE net=79842.0 PF=1.2194 DD=20.9389%
2026-08-30T11:58:17+00:00 GATE_SKIP id=OAFX1113 window=IS reason=SINGLE_SLEEVE_INFERIOR decision=SCREEN_OUT_SINGLE_SLEEVE net=84531.0 PF=1.2248 DD=19.8004%
2026-08-30T11:58:17+00:00 SKIP_EXISTING [114/1000] id=OAFX1114 window=IS
2026-08-30T11:58:17+00:00 SCREEN_SKIP_EXISTING_FULLBOOK [115/1000] id=OAFX1115 reason=existing fullbook IS retained
2026-08-30T11:58:17+00:00 SCREEN_SKIP_EXISTING_FULLBOOK [116/1000] id=OAFX1116 reason=existing fullbook IS retained
2026-08-30T11:58:17+00:00 GATE_SKIP id=OAFX1114 window=OOS reason=IS_NOT_SURVIVOR decision=IS_NOISE_BAND net=291898.0 PF=1.4248 DD=34.6422%
2026-08-30T11:58:17+00:00 SKIP_EXISTING [115/1000] id=OAFX1115 window=IS
2026-08-30T11:58:17+00:00 SKIP_EXISTING [116/1000] id=OAFX1116 window=IS
2026-08-30T11:58:17+00:00 SCREEN_SKIP_EXISTING_FULLBOOK [117/1000] id=OAFX1117 reason=existing fullbook IS retained
2026-08-30T11:58:17+00:00 GATE_SKIP id=OAFX1115 window=OOS reason=IS_NOT_SURVIVOR decision=IS_REJECT net=289316.0 PF=1.4195 DD=34.8667%
2026-08-30T11:58:17+00:00 GATE_SKIP id=OAFX1116 window=OOS reason=IS_NOT_SURVIVOR decision=IS_REJECT net=286282.0 PF=1.4132 DD=34.8667%
2026-08-30T11:58:17+00:00 SKIP_EXISTING [117/1000] id=OAFX1117 window=IS
2026-08-30T11:58:17+00:00 SCREEN_SKIP_EXISTING_FULLBOOK [118/1000] id=OAFX1118 reason=existing fullbook IS retained
2026-08-30T11:58:17+00:00 SCREEN_SKIP_EXISTING_FULLBOOK [119/1000] id=OAFX1119 reason=existing fullbook IS retained
2026-08-30T11:58:17+00:00 GATE_SKIP id=OAFX1117 window=OOS reason=IS_NOT_SURVIVOR decision=IS_REJECT net=287997.0 PF=1.4161 DD=34.8667%
2026-08-30T11:58:17+00:00 SKIP_EXISTING [118/1000] id=OAFX1118 window=IS
2026-08-30T11:58:17+00:00 SKIP_EXISTING [119/1000] id=OAFX1119 window=IS
2026-08-30T11:58:17+00:00 SKIP_EXISTING [120/1000] id=OAFX1120 window=SCREEN_IS
2026-08-30T11:58:17+00:00 GATE_SKIP id=OAFX1118 window=OOS reason=IS_NOT_SURVIVOR decision=IS_REJECT net=286241.0 PF=1.4126 DD=34.8667%
2026-08-30T11:58:17+00:00 GATE_SKIP id=OAFX1119 window=OOS reason=IS_NOT_SURVIVOR decision=IS_REJECT net=283786.0 PF=1.4076 DD=34.8667%
2026-08-30T11:58:17+00:00 GATE_SKIP id=OAFX1120 window=IS reason=SINGLE_SLEEVE_INFERIOR decision=SCREEN_OUT_SINGLE_SLEEVE net=84921.0 PF=1.2184 DD=19.5314%
2026-08-30T11:58:17+00:00 SKIP_EXISTING [121/1000] id=OAFX1121 window=SCREEN_IS
2026-08-30T11:58:17+00:00 SKIP_EXISTING [122/1000] id=OAFX1122 window=SCREEN_IS
2026-08-30T11:58:17+00:00 SKIP_EXISTING [123/1000] id=OAFX1123 window=SCREEN_IS
2026-08-30T11:58:17+00:00 GATE_SKIP id=OAFX1121 window=IS reason=SINGLE_SLEEVE_INFERIOR decision=SCREEN_OUT_SINGLE_SLEEVE net=55032.0 PF=1.1647 DD=25.4044%
2026-08-30T11:58:17+00:00 GATE_SKIP id=OAFX1122 window=IS reason=SINGLE_SLEEVE_INFERIOR decision=SCREEN_OUT_SINGLE_SLEEVE net=62361.0 PF=1.1728 DD=22.3093%
2026-08-30T11:58:17+00:00 GATE_SKIP id=OAFX1123 window=IS reason=SINGLE_SLEEVE_INFERIOR decision=SCREEN_OUT_SINGLE_SLEEVE net=77459.0 PF=1.2074 DD=20.845%
2026-08-30T11:58:17+00:00 SCREEN_SKIP_EXISTING_FULLBOOK [124/1000] id=OAFX1124 reason=existing fullbook IS retained
2026-08-30T11:58:17+00:00 SCREEN_SKIP_EXISTING_FULLBOOK [125/1000] id=OAFX1125 reason=existing fullbook IS retained
2026-08-30T11:58:17+00:00 SCREEN_SKIP_EXISTING_FULLBOOK [126/1000] id=OAFX1126 reason=existing fullbook IS retained
2026-08-30T11:58:17+00:00 SKIP_EXISTING [124/1000] id=OAFX1124 window=IS
2026-08-30T11:58:17+00:00 SKIP_EXISTING [125/1000] id=OAFX1125 window=IS
2026-08-30T11:58:17+00:00 SKIP_EXISTING [126/1000] id=OAFX1126 window=IS
2026-08-30T11:58:17+00:00 GATE_SKIP id=OAFX1124 window=OOS reason=IS_NOT_SURVIVOR decision=IS_REJECT net=283233.0 PF=1.4119 DD=46.512%
2026-08-30T11:58:17+00:00 GATE_SKIP id=OAFX1125 window=OOS reason=IS_NOT_SURVIVOR decision=IS_NOISE_BAND net=293190.0 PF=1.4276 DD=34.7051%
2026-08-30T11:58:17+00:00 GATE_SKIP id=OAFX1126 window=OOS reason=IS_NOT_SURVIVOR decision=IS_NOISE_BAND net=287106.0 PF=1.4149 DD=34.7615%
2026-08-30T11:58:17+00:00 SCREEN_SKIP_EXISTING_FULLBOOK [127/1000] id=OAFX1127 reason=existing fullbook IS retained
2026-08-30T11:58:17+00:00 SCREEN_SKIP_EXISTING_FULLBOOK [128/1000] id=OAFX1128 reason=existing fullbook IS retained
2026-08-30T11:58:17+00:00 SCREEN_SKIP_EXISTING_FULLBOOK [129/1000] id=OAFX1129 reason=existing fullbook IS retained
2026-08-30T11:58:17+00:00 SKIP_EXISTING [127/1000] id=OAFX1127 window=IS
2026-08-30T11:58:17+00:00 SKIP_EXISTING [128/1000] id=OAFX1128 window=IS
2026-08-30T11:58:17+00:00 SKIP_EXISTING [129/1000] id=OAFX1129 window=IS
2026-08-30T11:58:17+00:00 GATE_SKIP id=OAFX1127 window=OOS reason=IS_NOT_SURVIVOR decision=IS_REJECT net=287675.0 PF=1.4155 DD=34.8667%
2026-08-30T11:58:17+00:00 GATE_SKIP id=OAFX1128 window=OOS reason=IS_NOT_SURVIVOR decision=IS_REJECT net=286241.0 PF=1.4126 DD=34.8667%
2026-08-30T11:58:17+00:00 GATE_SKIP id=OAFX1129 window=OOS reason=IS_NOT_SURVIVOR decision=IS_REJECT net=283786.0 PF=1.4076 DD=34.8667%
2026-08-30T11:58:17+00:00 SKIP_EXISTING [130/1000] id=OAFX1130 window=SCREEN_IS
2026-08-30T11:58:17+00:00 SKIP_EXISTING [131/1000] id=OAFX1131 window=SCREEN_IS
2026-08-30T11:58:17+00:00 SKIP_EXISTING [132/1000] id=OAFX1132 window=SCREEN_IS
2026-08-30T11:58:17+00:00 GATE_SKIP id=OAFX1130 window=IS reason=SINGLE_SLEEVE_INFERIOR decision=SCREEN_OUT_SINGLE_SLEEVE net=84921.0 PF=1.2184 DD=19.5314%
2026-08-30T11:58:17+00:00 GATE_SKIP id=OAFX1131 window=IS reason=SINGLE_SLEEVE_INFERIOR decision=SCREEN_OUT_SINGLE_SLEEVE net=55854.0 PF=1.1748 DD=20.6462%
2026-08-30T11:58:17+00:00 GATE_SKIP id=OAFX1132 window=IS reason=SINGLE_SLEEVE_INFERIOR decision=SCREEN_OUT_SINGLE_SLEEVE net=57562.0 PF=1.163 DD=21.678%
2026-08-30T11:58:17+00:00 SKIP_EXISTING [133/1000] id=OAFX1133 window=SCREEN_IS
2026-08-30T11:58:17+00:00 SCREEN_SKIP_EXISTING_FULLBOOK [134/1000] id=OAFX1134 reason=existing fullbook IS retained
2026-08-30T11:58:17+00:00 SCREEN_SKIP_EXISTING_FULLBOOK [135/1000] id=OAFX1135 reason=existing fullbook IS retained
2026-08-30T11:58:17+00:00 GATE_SKIP id=OAFX1133 window=IS reason=SINGLE_SLEEVE_INFERIOR decision=SCREEN_OUT_SINGLE_SLEEVE net=67074.0 PF=1.1804 DD=20.7158%
2026-08-30T11:58:17+00:00 SKIP_EXISTING [134/1000] id=OAFX1134 window=IS
2026-08-30T11:58:17+00:00 SKIP_EXISTING [135/1000] id=OAFX1135 window=IS
2026-08-30T11:58:17+00:00 SCREEN_SKIP_EXISTING_FULLBOOK [136/1000] id=OAFX1136 reason=existing fullbook IS retained
2026-08-30T11:58:17+00:00 GATE_SKIP id=OAFX1134 window=OOS reason=IS_NOT_SURVIVOR decision=IS_REJECT net=282005.0 PF=1.41 DD=47.4318%
2026-08-30T11:58:17+00:00 GATE_SKIP id=OAFX1135 window=OOS reason=IS_NOT_SURVIVOR decision=IS_REJECT net=282124.0 PF=1.4086 DD=45.668%
2026-08-30T11:58:17+00:00 SKIP_EXISTING [136/1000] id=OAFX1136 window=IS
2026-08-30T11:58:17+00:00 SCREEN_SKIP_EXISTING_FULLBOOK [137/1000] id=OAFX1137 reason=existing fullbook IS retained
2026-08-30T11:58:17+00:00 SCREEN_SKIP_EXISTING_FULLBOOK [138/1000] id=OAFX1138 reason=existing fullbook IS retained
2026-08-30T11:58:17+00:00 GATE_SKIP id=OAFX1136 window=OOS reason=IS_NOT_SURVIVOR decision=IS_NOISE_BAND net=287288.0 PF=1.4153 DD=34.7615%
2026-08-30T11:58:17+00:00 SKIP_EXISTING [137/1000] id=OAFX1137 window=IS
2026-08-30T11:58:17+00:00 SKIP_EXISTING [138/1000] id=OAFX1138 window=IS
2026-08-30T11:58:17+00:00 SCREEN_SKIP_EXISTING_FULLBOOK [139/1000] id=OAFX1139 reason=existing fullbook IS retained
2026-08-30T11:58:17+00:00 GATE_SKIP id=OAFX1137 window=OOS reason=IS_NOT_SURVIVOR decision=IS_REJECT net=288292.0 PF=1.4167 DD=34.8667%
2026-08-30T11:58:17+00:00 GATE_SKIP id=OAFX1138 window=OOS reason=IS_NOT_SURVIVOR decision=IS_REJECT net=286241.0 PF=1.4126 DD=34.8667%
2026-08-30T11:58:17+00:00 SKIP_EXISTING [139/1000] id=OAFX1139 window=IS
2026-08-30T11:58:17+00:00 SKIP_EXISTING [140/1000] id=OAFX1140 window=SCREEN_IS
2026-08-30T11:58:17+00:00 SKIP_EXISTING [141/1000] id=OAFX1141 window=SCREEN_IS
2026-08-30T11:58:17+00:00 GATE_SKIP id=OAFX1139 window=OOS reason=IS_NOT_SURVIVOR decision=IS_REJECT net=283786.0 PF=1.4076 DD=34.8667%
2026-08-30T11:58:17+00:00 GATE_SKIP id=OAFX1140 window=IS reason=SINGLE_SLEEVE_INFERIOR decision=SCREEN_OUT_SINGLE_SLEEVE net=84921.0 PF=1.2184 DD=19.5314%
2026-08-30T11:58:17+00:00 GATE_SKIP id=OAFX1141 window=IS reason=SINGLE_SLEEVE_INFERIOR decision=SCREEN_OUT_SINGLE_SLEEVE net=43663.0 PF=1.1431 DD=31.1959%
2026-08-30T11:58:17+00:00 SKIP_EXISTING [142/1000] id=OAFX1142 window=SCREEN_IS
2026-08-30T11:58:17+00:00 SKIP_EXISTING [143/1000] id=OAFX1143 window=SCREEN_IS
2026-08-30T11:58:17+00:00 SKIP_EXISTING [144/1000] id=OAFX1144 window=SCREEN_IS
2026-08-30T11:58:17+00:00 GATE_SKIP id=OAFX1142 window=IS reason=SINGLE_SLEEVE_INFERIOR decision=SCREEN_OUT_SINGLE_SLEEVE net=51866.0 PF=1.147 DD=25.0108%
2026-08-30T11:58:17+00:00 GATE_SKIP id=OAFX1143 window=IS reason=SINGLE_SLEEVE_INFERIOR decision=SCREEN_OUT_SINGLE_SLEEVE net=68763.0 PF=1.1872 DD=22.1405%
2026-08-30T11:58:17+00:00 GATE_SKIP id=OAFX1144 window=IS reason=SINGLE_SLEEVE_INFERIOR decision=SCREEN_NOISE_BAND net=85230.0 PF=1.2281 DD=18.8841%
2026-08-30T11:58:17+00:00 SCREEN_SKIP_EXISTING_FULLBOOK [145/1000] id=OAFX1145 reason=existing fullbook IS retained
2026-08-30T11:58:17+00:00 SCREEN_SKIP_EXISTING_FULLBOOK [146/1000] id=OAFX1146 reason=existing fullbook IS retained
2026-08-30T11:58:17+00:00 SCREEN_SKIP_EXISTING_FULLBOOK [147/1000] id=OAFX1147 reason=existing fullbook IS retained
2026-08-30T11:58:17+00:00 SKIP_EXISTING [145/1000] id=OAFX1145 window=IS
2026-08-30T11:58:17+00:00 SKIP_EXISTING [146/1000] id=OAFX1146 window=IS
2026-08-30T11:58:17+00:00 SKIP_EXISTING [147/1000] id=OAFX1147 window=IS
2026-08-30T11:58:17+00:00 GATE_SKIP id=OAFX1145 window=OOS reason=IS_NOT_SURVIVOR decision=IS_REJECT net=281264.0 PF=1.4073 DD=45.9348%
2026-08-30T11:58:17+00:00 GATE_SKIP id=OAFX1146 window=OOS reason=IS_NOT_SURVIVOR decision=IS_REJECT net=281659.0 PF=1.4074 DD=44.9727%
2026-08-30T11:58:17+00:00 GATE_SKIP id=OAFX1147 window=OOS reason=IS_NOT_SURVIVOR decision=IS_REJECT net=288980.0 PF=1.4182 DD=34.8667%
2026-08-30T11:58:17+00:00 SCREEN_SKIP_EXISTING_FULLBOOK [148/1000] id=OAFX1148 reason=existing fullbook IS retained
2026-08-30T11:58:17+00:00 SCREEN_SKIP_EXISTING_FULLBOOK [149/1000] id=OAFX1149 reason=existing fullbook IS retained
2026-08-30T11:58:17+00:00 SKIP_EXISTING [150/1000] id=OAFX1150 window=SCREEN_IS
2026-08-30T11:58:17+00:00 SKIP_EXISTING [148/1000] id=OAFX1148 window=IS
2026-08-30T11:58:17+00:00 SKIP_EXISTING [149/1000] id=OAFX1149 window=IS
2026-08-30T11:58:17+00:00 GATE_SKIP id=OAFX1150 window=IS reason=SINGLE_SLEEVE_INFERIOR decision=SCREEN_OUT_SINGLE_SLEEVE net=84921.0 PF=1.2184 DD=19.5314%
2026-08-30T11:58:17+00:00 GATE_SKIP id=OAFX1148 window=OOS reason=IS_NOT_SURVIVOR decision=IS_REJECT net=286768.0 PF=1.4136 DD=34.8667%
2026-08-30T11:58:17+00:00 GATE_SKIP id=OAFX1149 window=OOS reason=IS_NOT_SURVIVOR decision=IS_REJECT net=283786.0 PF=1.4076 DD=34.8667%
2026-08-30T11:58:17+00:00 SKIP_EXISTING [151/1000] id=OAFX1151 window=SCREEN_IS
2026-08-30T11:58:17+00:00 SKIP_EXISTING [152/1000] id=OAFX1152 window=SCREEN_IS
2026-08-30T11:58:17+00:00 SKIP_EXISTING [153/1000] id=OAFX1153 window=SCREEN_IS
2026-08-30T11:58:17+00:00 GATE_SKIP id=OAFX1151 window=IS reason=SINGLE_SLEEVE_INFERIOR decision=SCREEN_OUT_SINGLE_SLEEVE net=32821.0 PF=1.1102 DD=32.0237%
2026-08-30T11:58:17+00:00 GATE_SKIP id=OAFX1152 window=IS reason=SINGLE_SLEEVE_INFERIOR decision=SCREEN_OUT_SINGLE_SLEEVE net=62939.0 PF=1.1869 DD=20.0667%
2026-08-30T11:58:17+00:00 GATE_SKIP id=OAFX1153 window=IS reason=SINGLE_SLEEVE_INFERIOR decision=SCREEN_OUT_SINGLE_SLEEVE net=66879.0 PF=1.1845 DD=23.7021%
2026-08-30T11:58:17+00:00 SCREEN_SKIP_EXISTING_FULLBOOK [154/1000] id=OAFX1154 reason=existing fullbook IS retained
2026-08-30T11:58:17+00:00 SCREEN_SKIP_EXISTING_FULLBOOK [155/1000] id=OAFX1155 reason=existing fullbook IS retained
2026-08-30T11:58:17+00:00 SCREEN_SKIP_EXISTING_FULLBOOK [156/1000] id=OAFX1156 reason=existing fullbook IS retained
2026-08-30T11:58:17+00:00 SKIP_EXISTING [154/1000] id=OAFX1154 window=IS
2026-08-30T11:58:17+00:00 SKIP_EXISTING [155/1000] id=OAFX1155 window=IS
2026-08-30T11:58:17+00:00 SKIP_EXISTING [156/1000] id=OAFX1156 window=IS
2026-08-30T11:58:17+00:00 GATE_SKIP id=OAFX1154 window=OOS reason=IS_NOT_SURVIVOR decision=IS_REJECT net=289940.0 PF=1.4296 DD=43.4141%
2026-08-30T11:58:17+00:00 GATE_SKIP id=OAFX1155 window=OOS reason=IS_NOT_SURVIVOR decision=IS_REJECT net=283479.0 PF=1.4119 DD=45.5615%
2026-08-30T11:58:17+00:00 GATE_SKIP id=OAFX1156 window=OOS reason=IS_NOT_SURVIVOR decision=IS_REJECT net=281841.0 PF=1.4079 DD=45.7642%
2026-08-30T11:58:17+00:00 SCREEN_SKIP_EXISTING_FULLBOOK [157/1000] id=OAFX1157 reason=existing fullbook IS retained
2026-08-30T11:58:17+00:00 SCREEN_SKIP_EXISTING_FULLBOOK [158/1000] id=OAFX1158 reason=existing fullbook IS retained
2026-08-30T11:58:17+00:00 SCREEN_SKIP_EXISTING_FULLBOOK [159/1000] id=OAFX1159 reason=existing fullbook IS retained
2026-08-30T11:58:17+00:00 SKIP_EXISTING [157/1000] id=OAFX1157 window=IS
2026-08-30T11:58:17+00:00 SKIP_EXISTING [158/1000] id=OAFX1158 window=IS
2026-08-30T11:58:17+00:00 SKIP_EXISTING [159/1000] id=OAFX1159 window=IS
2026-08-30T11:58:17+00:00 GATE_SKIP id=OAFX1157 window=OOS reason=IS_NOT_SURVIVOR decision=IS_REJECT net=289569.0 PF=1.4194 DD=34.8667%
2026-08-30T11:58:17+00:00 GATE_SKIP id=OAFX1158 window=OOS reason=IS_NOT_SURVIVOR decision=IS_REJECT net=287078.0 PF=1.4143 DD=34.8667%
2026-08-30T11:58:17+00:00 GATE_SKIP id=OAFX1159 window=OOS reason=IS_NOT_SURVIVOR decision=IS_REJECT net=283786.0 PF=1.4076 DD=34.8667%
2026-08-30T11:58:17+00:00 SKIP_EXISTING [160/1000] id=OAFX1160 window=SCREEN_IS
2026-08-30T11:58:17+00:00 SKIP_EXISTING [161/1000] id=OAFX1161 window=SCREEN_IS
2026-08-30T11:58:17+00:00 SKIP_EXISTING [162/1000] id=OAFX1162 window=SCREEN_IS
2026-08-30T11:58:17+00:00 GATE_SKIP id=OAFX1160 window=IS reason=SINGLE_SLEEVE_INFERIOR decision=SCREEN_OUT_SINGLE_SLEEVE net=84921.0 PF=1.2184 DD=19.5314%
2026-08-30T11:58:17+00:00 GATE_SKIP id=OAFX1161 window=IS reason=SINGLE_SLEEVE_INFERIOR decision=SCREEN_OUT_SINGLE_SLEEVE net=33702.0 PF=1.1152 DD=29.3494%
2026-08-30T11:58:17+00:00 GATE_SKIP id=OAFX1162 window=IS reason=SINGLE_SLEEVE_INFERIOR decision=SCREEN_OUT_SINGLE_SLEEVE net=66804.0 PF=1.2011 DD=18.836%
2026-08-30T11:58:17+00:00 SKIP_EXISTING [163/1000] id=OAFX1163 window=SCREEN_IS
2026-08-30T11:58:17+00:00 SCREEN_SKIP_EXISTING_FULLBOOK [164/1000] id=OAFX1164 reason=existing fullbook IS retained
2026-08-30T11:58:17+00:00 SCREEN_SKIP_EXISTING_FULLBOOK [165/1000] id=OAFX1165 reason=existing fullbook IS retained
2026-08-30T11:58:17+00:00 GATE_SKIP id=OAFX1163 window=IS reason=SINGLE_SLEEVE_INFERIOR decision=SCREEN_OUT_SINGLE_SLEEVE net=70291.0 PF=1.1965 DD=21.3338%
2026-08-30T11:58:17+00:00 SKIP_EXISTING [164/1000] id=OAFX1164 window=IS
2026-08-30T11:58:17+00:00 SKIP_EXISTING [165/1000] id=OAFX1165 window=IS
2026-08-30T11:58:17+00:00 SCREEN_SKIP_EXISTING_FULLBOOK [166/1000] id=OAFX1166 reason=existing fullbook IS retained
2026-08-30T11:58:17+00:00 GATE_SKIP id=OAFX1164 window=OOS reason=IS_NOT_SURVIVOR decision=IS_REJECT net=289790.0 PF=1.4304 DD=43.7899%
2026-08-30T11:58:17+00:00 GATE_SKIP id=OAFX1165 window=OOS reason=IS_NOT_SURVIVOR decision=IS_REJECT net=283205.0 PF=1.412 DD=44.1504%
2026-08-30T11:58:17+00:00 SKIP_EXISTING [166/1000] id=OAFX1166 window=IS
2026-08-30T11:58:17+00:00 SCREEN_SKIP_EXISTING_FULLBOOK [167/1000] id=OAFX1167 reason=existing fullbook IS retained
2026-08-30T11:58:17+00:00 SCREEN_SKIP_EXISTING_FULLBOOK [168/1000] id=OAFX1168 reason=existing fullbook IS retained
2026-08-30T11:58:17+00:00 GATE_SKIP id=OAFX1166 window=OOS reason=IS_NOT_SURVIVOR decision=IS_REJECT net=284040.0 PF=1.4124 DD=44.8931%
2026-08-30T11:58:17+00:00 SKIP_EXISTING [167/1000] id=OAFX1167 window=IS
2026-08-30T11:58:17+00:00 SKIP_EXISTING [168/1000] id=OAFX1168 window=IS
2026-08-30T11:58:17+00:00 SCREEN_SKIP_EXISTING_FULLBOOK [169/1000] id=OAFX1169 reason=existing fullbook IS retained
2026-08-30T11:58:17+00:00 GATE_SKIP id=OAFX1167 window=OOS reason=IS_NOT_SURVIVOR decision=IS_NOISE_BAND net=291719.0 PF=1.4238 DD=34.8577%
2026-08-30T11:58:17+00:00 GATE_SKIP id=OAFX1168 window=OOS reason=IS_NOT_SURVIVOR decision=IS_REJECT net=287306.0 PF=1.4147 DD=34.8667%
2026-08-30T11:58:17+00:00 SKIP_EXISTING [169/1000] id=OAFX1169 window=IS
2026-08-30T11:58:17+00:00 SKIP_EXISTING [170/1000] id=OAFX1170 window=SCREEN_IS
2026-08-30T11:58:17+00:00 SKIP_EXISTING [171/1000] id=OAFX1171 window=SCREEN_IS
2026-08-30T11:58:17+00:00 GATE_SKIP id=OAFX1169 window=OOS reason=IS_NOT_SURVIVOR decision=IS_REJECT net=284114.0 PF=1.4082 DD=34.8667%
2026-08-30T11:58:17+00:00 GATE_SKIP id=OAFX1170 window=IS reason=SINGLE_SLEEVE_INFERIOR decision=SCREEN_NOISE_BAND net=85088.0 PF=1.2189 DD=19.4471%
2026-08-30T11:58:17+00:00 GATE_SKIP id=OAFX1171 window=IS reason=SINGLE_SLEEVE_INFERIOR decision=SCREEN_OUT_SINGLE_SLEEVE net=37654.0 PF=1.1313 DD=25.8143%
2026-08-30T11:58:17+00:00 SCREEN_SKIP_EXISTING_FULLBOOK [172/1000] id=OAFX1172 reason=existing fullbook IS retained
2026-08-30T11:58:17+00:00 SKIP_EXISTING [173/1000] id=OAFX1173 window=SCREEN_IS
2026-08-30T11:58:17+00:00 SCREEN_SKIP_EXISTING_FULLBOOK [174/1000] id=OAFX1174 reason=existing fullbook IS retained
2026-08-30T11:58:17+00:00 SKIP_EXISTING [172/1000] id=OAFX1172 window=IS
2026-08-30T11:58:17+00:00 GATE_SKIP id=OAFX1173 window=IS reason=SINGLE_SLEEVE_INFERIOR decision=SCREEN_NOISE_BAND net=74393.0 PF=1.2121 DD=19.4065%
2026-08-30T11:58:17+00:00 SKIP_EXISTING [174/1000] id=OAFX1174 window=IS
2026-08-30T11:58:17+00:00 GATE_SKIP id=OAFX1172 window=OOS reason=IS_NOT_SURVIVOR decision=IS_REJECT net=271514.0 PF=1.4303 DD=48.2002%
2026-08-30T11:58:17+00:00 SCREEN_SKIP_EXISTING_FULLBOOK [175/1000] id=OAFX1175 reason=existing fullbook IS retained
2026-08-30T11:58:17+00:00 GATE_SKIP id=OAFX1174 window=OOS reason=IS_NOT_SURVIVOR decision=IS_REJECT net=285787.0 PF=1.4238 DD=43.7899%
2026-08-30T11:58:17+00:00 SCREEN_SKIP_EXISTING_FULLBOOK [176/1000] id=OAFX1176 reason=existing fullbook IS retained
2026-08-30T11:58:17+00:00 SKIP_EXISTING [175/1000] id=OAFX1175 window=IS
2026-08-30T11:58:17+00:00 SCREEN_SKIP_EXISTING_FULLBOOK [177/1000] id=OAFX1177 reason=existing fullbook IS retained
2026-08-30T11:58:17+00:00 SKIP_EXISTING [176/1000] id=OAFX1176 window=IS
2026-08-30T11:58:17+00:00 GATE_SKIP id=OAFX1175 window=OOS reason=IS_NOT_SURVIVOR decision=IS_REJECT net=288035.0 PF=1.4235 DD=44.1504%
2026-08-30T11:58:17+00:00 SKIP_EXISTING [177/1000] id=OAFX1177 window=IS
2026-08-30T11:58:17+00:00 GATE_SKIP id=OAFX1176 window=OOS reason=IS_NOT_SURVIVOR decision=IS_REJECT net=283238.0 PF=1.4121 DD=44.7572%
2026-08-30T11:58:17+00:00 SCREEN_SKIP_EXISTING_FULLBOOK [178/1000] id=OAFX1178 reason=existing fullbook IS retained
2026-08-30T11:58:17+00:00 GATE_SKIP id=OAFX1177 window=OOS reason=IS_NOT_SURVIVOR decision=IS_NOISE_BAND net=292084.0 PF=1.4246 DD=34.8577%
2026-08-30T11:58:17+00:00 SCREEN_SKIP_EXISTING_FULLBOOK [179/1000] id=OAFX1179 reason=existing fullbook IS retained
2026-08-30T11:58:17+00:00 SKIP_EXISTING [178/1000] id=OAFX1178 window=IS
2026-08-30T11:58:17+00:00 SKIP_EXISTING [180/1000] id=OAFX1180 window=SCREEN_IS
2026-08-30T11:58:17+00:00 SKIP_EXISTING [179/1000] id=OAFX1179 window=IS
2026-08-30T11:58:17+00:00 GATE_SKIP id=OAFX1178 window=OOS reason=IS_NOT_SURVIVOR decision=IS_REJECT net=287384.0 PF=1.4149 DD=34.8667%
2026-08-30T11:58:17+00:00 GATE_SKIP id=OAFX1180 window=IS reason=SINGLE_SLEEVE_INFERIOR decision=SCREEN_NOISE_BAND net=85088.0 PF=1.2189 DD=19.4471%
2026-08-30T11:58:17+00:00 GATE_SKIP id=OAFX1179 window=OOS reason=IS_NOT_SURVIVOR decision=IS_REJECT net=284114.0 PF=1.4082 DD=34.8667%
2026-08-30T11:58:17+00:00 SKIP_EXISTING [181/1000] id=OAFX1181 window=SCREEN_IS
2026-08-30T11:58:17+00:00 SCREEN_SKIP_EXISTING_FULLBOOK [182/1000] id=OAFX1182 reason=existing fullbook IS retained
2026-08-30T11:58:17+00:00 SKIP_EXISTING [183/1000] id=OAFX1183 window=SCREEN_IS
2026-08-30T11:58:17+00:00 GATE_SKIP id=OAFX1181 window=IS reason=SINGLE_SLEEVE_INFERIOR decision=SCREEN_OUT_SINGLE_SLEEVE net=40207.0 PF=1.142 DD=25.2942%
2026-08-30T11:58:17+00:00 SKIP_EXISTING [182/1000] id=OAFX1182 window=IS
2026-08-30T11:58:17+00:00 GATE_SKIP id=OAFX1183 window=IS reason=SINGLE_SLEEVE_INFERIOR decision=SCREEN_OUT_SINGLE_SLEEVE net=76354.0 PF=1.2194 DD=18.4768%
2026-08-30T11:58:17+00:00 SCREEN_SKIP_EXISTING_FULLBOOK [184/1000] id=OAFX1184 reason=existing fullbook IS retained
2026-08-30T11:58:17+00:00 GATE_SKIP id=OAFX1182 window=OOS reason=IS_NOT_SURVIVOR decision=IS_REJECT net=273745.0 PF=1.4361 DD=47.4844%
2026-08-30T11:58:17+00:00 SCREEN_SKIP_EXISTING_FULLBOOK [185/1000] id=OAFX1185 reason=existing fullbook IS retained
2026-08-30T11:58:17+00:00 SKIP_EXISTING [184/1000] id=OAFX1184 window=IS
2026-08-30T11:58:17+00:00 SCREEN_SKIP_EXISTING_FULLBOOK [186/1000] id=OAFX1186 reason=existing fullbook IS retained
2026-08-30T11:58:17+00:00 SKIP_EXISTING [185/1000] id=OAFX1185 window=IS
2026-08-30T11:58:17+00:00 GATE_SKIP id=OAFX1184 window=OOS reason=IS_NOT_SURVIVOR decision=IS_REJECT net=288704.0 PF=1.4305 DD=43.89%
2026-08-30T11:58:17+00:00 SKIP_EXISTING [186/1000] id=OAFX1186 window=IS
2026-08-30T11:58:17+00:00 GATE_SKIP id=OAFX1185 window=OOS reason=IS_NOT_SURVIVOR decision=IS_REJECT net=286471.0 PF=1.4202 DD=44.5968%
2026-08-30T11:58:17+00:00 SCREEN_SKIP_EXISTING_FULLBOOK [187/1000] id=OAFX1187 reason=existing fullbook IS retained
2026-08-30T11:58:17+00:00 GATE_SKIP id=OAFX1186 window=OOS reason=IS_NOT_SURVIVOR decision=IS_REJECT net=285677.0 PF=1.4172 DD=44.7572%
2026-08-30T11:58:17+00:00 SCREEN_SKIP_EXISTING_FULLBOOK [188/1000] id=OAFX1188 reason=existing fullbook IS retained
2026-08-30T11:58:17+00:00 SKIP_EXISTING [187/1000] id=OAFX1187 window=IS
2026-08-30T11:58:17+00:00 SCREEN_SKIP_EXISTING_FULLBOOK [189/1000] id=OAFX1189 reason=existing fullbook IS retained
2026-08-30T11:58:17+00:00 SKIP_EXISTING [188/1000] id=OAFX1188 window=IS
2026-08-30T11:58:17+00:00 GATE_SKIP id=OAFX1187 window=OOS reason=IS_NOT_SURVIVOR decision=IS_NOISE_BAND net=292084.0 PF=1.4246 DD=34.8577%
2026-08-30T11:58:17+00:00 SKIP_EXISTING [189/1000] id=OAFX1189 window=IS
2026-08-30T11:58:17+00:00 GATE_SKIP id=OAFX1188 window=OOS reason=IS_NOT_SURVIVOR decision=IS_REJECT net=287465.0 PF=1.4151 DD=34.8667%
2026-08-30T11:58:17+00:00 SKIP_EXISTING [190/1000] id=OAFX1190 window=SCREEN_IS
2026-08-30T11:58:17+00:00 GATE_SKIP id=OAFX1189 window=OOS reason=IS_NOT_SURVIVOR decision=IS_REJECT net=284169.0 PF=1.4084 DD=34.8667%
2026-08-30T11:58:17+00:00 SKIP_EXISTING [191/1000] id=OAFX1191 window=SCREEN_IS
2026-08-30T11:58:17+00:00 GATE_SKIP id=OAFX1190 window=IS reason=SINGLE_SLEEVE_INFERIOR decision=SCREEN_NOISE_BAND net=85088.0 PF=1.2189 DD=19.4471%
2026-08-30T11:58:17+00:00 SCREEN_SKIP_EXISTING_FULLBOOK [192/1000] id=OAFX1192 reason=existing fullbook IS retained
2026-08-30T11:58:17+00:00 GATE_SKIP id=OAFX1191 window=IS reason=SINGLE_SLEEVE_INFERIOR decision=SCREEN_OUT_SINGLE_SLEEVE net=39396.0 PF=1.1402 DD=27.0212%
2026-08-30T11:58:17+00:00 SCREEN_SKIP_EXISTING_FULLBOOK [193/1000] id=OAFX1193 reason=existing fullbook IS retained
2026-08-30T11:58:17+00:00 SKIP_EXISTING [192/1000] id=OAFX1192 window=IS
2026-08-30T11:58:17+00:00 SCREEN_SKIP_EXISTING_FULLBOOK [194/1000] id=OAFX1194 reason=existing fullbook IS retained
2026-08-30T11:58:17+00:00 SKIP_EXISTING [193/1000] id=OAFX1193 window=IS
2026-08-30T11:58:17+00:00 GATE_SKIP id=OAFX1192 window=OOS reason=IS_NOT_SURVIVOR decision=IS_REJECT net=275614.0 PF=1.441 DD=46.8481%
2026-08-30T11:58:17+00:00 SKIP_EXISTING [194/1000] id=OAFX1194 window=IS
2026-08-30T11:58:17+00:00 GATE_SKIP id=OAFX1193 window=OOS reason=IS_NOT_SURVIVOR decision=IS_REJECT net=276325.0 PF=1.4224 DD=40.8061%
2026-08-30T11:58:17+00:00 SCREEN_SKIP_EXISTING_FULLBOOK [195/1000] id=OAFX1195 reason=existing fullbook IS retained
2026-08-30T11:58:17+00:00 GATE_SKIP id=OAFX1194 window=OOS reason=IS_NOT_SURVIVOR decision=IS_REJECT net=294555.0 PF=1.443 DD=43.8374%
2026-08-30T11:58:17+00:00 SCREEN_SKIP_EXISTING_FULLBOOK [196/1000] id=OAFX1196 reason=existing fullbook IS retained
2026-08-30T11:58:17+00:00 SKIP_EXISTING [195/1000] id=OAFX1195 window=IS
2026-08-30T11:58:17+00:00 SCREEN_SKIP_EXISTING_FULLBOOK [197/1000] id=OAFX1197 reason=existing fullbook IS retained
2026-08-30T11:58:17+00:00 SKIP_EXISTING [196/1000] id=OAFX1196 window=IS
2026-08-30T11:58:17+00:00 GATE_SKIP id=OAFX1195 window=OOS reason=IS_NOT_SURVIVOR decision=IS_REJECT net=290410.0 PF=1.429 DD=44.6135%
2026-08-30T11:58:17+00:00 SKIP_EXISTING [197/1000] id=OAFX1197 window=IS
2026-08-30T11:58:17+00:00 GATE_SKIP id=OAFX1196 window=OOS reason=IS_NOT_SURVIVOR decision=IS_REJECT net=287434.0 PF=1.4209 DD=44.7572%
2026-08-30T11:58:17+00:00 SCREEN_SKIP_EXISTING_FULLBOOK [198/1000] id=OAFX1198 reason=existing fullbook IS retained
2026-08-30T11:58:17+00:00 GATE_SKIP id=OAFX1197 window=OOS reason=IS_NOT_SURVIVOR decision=IS_NOISE_BAND net=293690.0 PF=1.4279 DD=34.8577%
2026-08-30T11:58:17+00:00 SCREEN_SKIP_EXISTING_FULLBOOK [199/1000] id=OAFX1199 reason=existing fullbook IS retained
2026-08-30T11:58:17+00:00 SKIP_EXISTING [198/1000] id=OAFX1198 window=IS
2026-08-30T11:58:17+00:00 SCREEN_SKIP_EXISTING_FULLBOOK [200/1000] id=OAFX1200 reason=existing fullbook IS retained
2026-08-30T11:58:17+00:00 SKIP_EXISTING [199/1000] id=OAFX1199 window=IS
2026-08-30T11:58:17+00:00 GATE_SKIP id=OAFX1198 window=OOS reason=IS_NOT_SURVIVOR decision=IS_REJECT net=287465.0 PF=1.4151 DD=34.8667%
2026-08-30T11:58:17+00:00 SKIP_EXISTING [200/1000] id=OAFX1200 window=IS
2026-08-30T11:58:17+00:00 GATE_SKIP id=OAFX1199 window=OOS reason=IS_NOT_SURVIVOR decision=IS_REJECT net=284169.0 PF=1.4084 DD=34.8667%
2026-08-30T11:58:17+00:00 SKIP_EXISTING [201/1000] id=OAFX1201 window=SCREEN_IS
2026-08-30T11:58:17+00:00 GATE_SKIP id=OAFX1200 window=OOS reason=IS_NOT_SURVIVOR decision=IS_REJECT net=282753.0 PF=1.4055 DD=34.8667%
2026-08-30T11:58:17+00:00 SKIP_EXISTING [202/1000] id=OAFX1202 window=SCREEN_IS
2026-08-30T11:58:17+00:00 GATE_SKIP id=OAFX1201 window=IS reason=SINGLE_SLEEVE_INFERIOR decision=SCREEN_OUT_SINGLE_SLEEVE net=18625.0 PF=1.1367 DD=21.2438%
2026-08-30T11:58:17+00:00 SKIP_EXISTING [203/1000] id=OAFX1203 window=SCREEN_IS
2026-08-30T11:58:17+00:00 GATE_SKIP id=OAFX1202 window=IS reason=SINGLE_SLEEVE_INFERIOR decision=SCREEN_OUT_SINGLE_SLEEVE net=34768.0 PF=1.2129 DD=18.9765%
2026-08-30T11:58:17+00:00 SKIP_EXISTING [204/1000] id=OAFX1204 window=SCREEN_IS
2026-08-30T11:58:17+00:00 GATE_SKIP id=OAFX1203 window=IS reason=SINGLE_SLEEVE_INFERIOR decision=SCREEN_OUT_SINGLE_SLEEVE net=36863.0 PF=1.1912 DD=22.2232%
2026-08-30T11:58:17+00:00 SKIP_EXISTING [205/1000] id=OAFX1205 window=SCREEN_IS
2026-08-30T11:58:17+00:00 GATE_SKIP id=OAFX1204 window=IS reason=SINGLE_SLEEVE_INFERIOR decision=SCREEN_OUT_SINGLE_SLEEVE net=57675.0 PF=1.2641 DD=21.8451%
2026-08-30T11:58:17+00:00 SKIP_EXISTING [206/1000] id=OAFX1206 window=SCREEN_IS
2026-08-30T11:58:17+00:00 GATE_SKIP id=OAFX1205 window=IS reason=SINGLE_SLEEVE_INFERIOR decision=SCREEN_OUT_SINGLE_SLEEVE net=58853.0 PF=1.243 DD=18.5848%
2026-08-30T11:58:17+00:00 SKIP_EXISTING [207/1000] id=OAFX1207 window=SCREEN_IS
2026-08-30T11:58:17+00:00 GATE_SKIP id=OAFX1206 window=IS reason=SINGLE_SLEEVE_INFERIOR decision=SCREEN_NOISE_BAND net=84577.0 PF=1.3222 DD=17.8075%
2026-08-30T11:58:17+00:00 SKIP_EXISTING [208/1000] id=OAFX1208 window=SCREEN_IS
2026-08-30T11:58:17+00:00 GATE_SKIP id=OAFX1207 window=IS reason=SINGLE_SLEEVE_INFERIOR decision=SCREEN_NOISE_BAND net=70694.0 PF=1.2279 DD=19.3659%
2026-08-30T11:58:17+00:00 SCREEN_SKIP_EXISTING_FULLBOOK [209/1000] id=OAFX1209 reason=existing fullbook IS retained
2026-08-30T11:58:17+00:00 GATE_SKIP id=OAFX1208 window=IS reason=SINGLE_SLEEVE_INFERIOR decision=SCREEN_OUT_SINGLE_SLEEVE net=74048.0 PF=1.2186 DD=16.0695%
2026-08-30T11:58:17+00:00 SCREEN_SKIP_EXISTING_FULLBOOK [210/1000] id=OAFX1210 reason=existing fullbook IS retained
2026-08-30T11:58:17+00:00 SKIP_EXISTING [209/1000] id=OAFX1209 window=IS
2026-08-30T11:58:17+00:00 SKIP_EXISTING [211/1000] id=OAFX1211 window=SCREEN_IS
2026-08-30T11:58:17+00:00 SKIP_EXISTING [210/1000] id=OAFX1210 window=IS
2026-08-30T11:58:17+00:00 GATE_SKIP id=OAFX1209 window=OOS reason=IS_NOT_SURVIVOR decision=IS_REJECT net=273740.0 PF=1.4035 DD=42.4212%
2026-08-30T11:58:17+00:00 GATE_SKIP id=OAFX1211 window=IS reason=SINGLE_SLEEVE_INFERIOR decision=SCREEN_OUT_SINGLE_SLEEVE net=44047.0 PF=1.2584 DD=17.384%
2026-08-30T11:58:17+00:00 SKIP_EXISTING [210/1000] id=OAFX1210 window=OOS
2026-08-30T11:58:17+00:00 SKIP_EXISTING [212/1000] id=OAFX1212 window=SCREEN_IS
2026-08-30T11:58:17+00:00 SKIP_EXISTING [213/1000] id=OAFX1213 window=SCREEN_IS
2026-08-30T11:58:17+00:00 SKIP_EXISTING [214/1000] id=OAFX1214 window=SCREEN_IS
2026-08-30T11:58:17+00:00 GATE_SKIP id=OAFX1212 window=IS reason=SINGLE_SLEEVE_INFERIOR decision=SCREEN_OUT_SINGLE_SLEEVE net=33413.0 PF=1.1701 DD=22.0552%
2026-08-30T11:58:17+00:00 GATE_SKIP id=OAFX1213 window=IS reason=SINGLE_SLEEVE_INFERIOR decision=SCREEN_OUT_SINGLE_SLEEVE net=48942.0 PF=1.2231 DD=17.614%
2026-08-30T11:58:17+00:00 GATE_SKIP id=OAFX1214 window=IS reason=SINGLE_SLEEVE_INFERIOR decision=SCREEN_OUT_SINGLE_SLEEVE net=65273.0 PF=1.2715 DD=18.1858%
2026-08-30T11:58:17+00:00 SKIP_EXISTING [215/1000] id=OAFX1215 window=SCREEN_IS
2026-08-30T11:58:17+00:00 SKIP_EXISTING [216/1000] id=OAFX1216 window=SCREEN_IS
2026-08-30T11:58:17+00:00 SKIP_EXISTING [217/1000] id=OAFX1217 window=SCREEN_IS
2026-08-30T11:58:17+00:00 GATE_SKIP id=OAFX1215 window=IS reason=SINGLE_SLEEVE_INFERIOR decision=SCREEN_NOISE_BAND net=59438.0 PF=1.2277 DD=19.0784%
2026-08-30T11:58:17+00:00 GATE_SKIP id=OAFX1216 window=IS reason=SINGLE_SLEEVE_INFERIOR decision=SCREEN_NOISE_BAND net=75022.0 PF=1.2697 DD=19.5238%
2026-08-30T11:58:17+00:00 GATE_SKIP id=OAFX1217 window=IS reason=SINGLE_SLEEVE_INFERIOR decision=SCREEN_OUT_SINGLE_SLEEVE net=67896.0 PF=1.213 DD=20.189%
2026-08-30T11:58:17+00:00 SCREEN_SKIP_EXISTING_FULLBOOK [218/1000] id=OAFX1218 reason=existing fullbook IS retained
2026-08-30T11:58:17+00:00 SCREEN_SKIP_EXISTING_FULLBOOK [219/1000] id=OAFX1219 reason=existing fullbook IS retained
2026-08-30T11:58:17+00:00 SCREEN_SKIP_EXISTING_FULLBOOK [220/1000] id=OAFX1220 reason=existing fullbook IS retained
2026-08-30T11:58:17+00:00 SKIP_EXISTING [218/1000] id=OAFX1218 window=IS
2026-08-30T11:58:17+00:00 SKIP_EXISTING [219/1000] id=OAFX1219 window=IS
2026-08-30T11:58:17+00:00 SKIP_EXISTING [220/1000] id=OAFX1220 window=IS
2026-08-30T11:58:17+00:00 GATE_SKIP id=OAFX1218 window=OOS reason=IS_NOT_SURVIVOR decision=IS_REJECT net=272212.0 PF=1.417 DD=49.0477%
2026-08-30T11:58:17+00:00 GATE_SKIP id=OAFX1219 window=OOS reason=IS_NOT_SURVIVOR decision=IS_REJECT net=274742.0 PF=1.4052 DD=43.0074%
2026-08-30T11:58:17+00:00 GATE_SKIP id=OAFX1220 window=OOS reason=IS_NOT_SURVIVOR decision=IS_NOISE_BAND net=286572.0 PF=1.4183 DD=34.4036%
2026-08-30T11:58:17+00:00 SKIP_EXISTING [221/1000] id=OAFX1221 window=SCREEN_IS
2026-08-30T11:58:17+00:00 SKIP_EXISTING [222/1000] id=OAFX1222 window=SCREEN_IS
2026-08-30T11:58:17+00:00 SKIP_EXISTING [223/1000] id=OAFX1223 window=SCREEN_IS
2026-08-30T11:58:17+00:00 GATE_SKIP id=OAFX1221 window=IS reason=SINGLE_SLEEVE_INFERIOR decision=SCREEN_OUT_SINGLE_SLEEVE net=42050.0 PF=1.2195 DD=19.6888%
2026-08-30T11:58:17+00:00 GATE_SKIP id=OAFX1222 window=IS reason=SINGLE_SLEEVE_INFERIOR decision=SCREEN_OUT_SINGLE_SLEEVE net=41343.0 PF=1.1921 DD=21.4225%
2026-08-30T11:58:17+00:00 GATE_SKIP id=OAFX1223 window=IS reason=SINGLE_SLEEVE_INFERIOR decision=SCREEN_OUT_SINGLE_SLEEVE net=63088.0 PF=1.2684 DD=18.309%
2026-08-30T11:58:17+00:00 SCREEN_SKIP_EXISTING_FULLBOOK [224/1000] id=OAFX1224 reason=existing fullbook IS retained
2026-08-30T11:58:17+00:00 SKIP_EXISTING [225/1000] id=OAFX1225 window=SCREEN_IS
2026-08-30T11:58:17+00:00 SCREEN_SKIP_EXISTING_FULLBOOK [226/1000] id=OAFX1226 reason=existing fullbook IS retained
2026-08-30T11:58:17+00:00 SKIP_EXISTING [224/1000] id=OAFX1224 window=IS
2026-08-30T11:58:17+00:00 GATE_SKIP id=OAFX1225 window=IS reason=SINGLE_SLEEVE_INFERIOR decision=SCREEN_OUT_SINGLE_SLEEVE net=74271.0 PF=1.2734 DD=14.3228%
2026-08-30T11:58:17+00:00 SKIP_EXISTING [226/1000] id=OAFX1226 window=IS
2026-08-30T11:58:17+00:00 GATE_SKIP id=OAFX1224 window=OOS reason=IS_NOT_SURVIVOR decision=IS_REJECT net=274274.0 PF=1.4851 DD=44.9881%
2026-08-30T11:58:17+00:00 SCREEN_SKIP_EXISTING_FULLBOOK [227/1000] id=OAFX1227 reason=existing fullbook IS retained
2026-08-30T11:58:17+00:00 GATE_SKIP id=OAFX1226 window=OOS reason=IS_NOT_SURVIVOR decision=IS_REJECT net=284454.0 PF=1.4758 DD=44.9945%
2026-08-30T11:58:17+00:00 SCREEN_SKIP_EXISTING_FULLBOOK [228/1000] id=OAFX1228 reason=existing fullbook IS retained
2026-08-30T11:58:17+00:00 SKIP_EXISTING [227/1000] id=OAFX1227 window=IS
2026-08-30T11:58:17+00:00 SKIP_EXISTING [229/1000] id=OAFX1229 window=SCREEN_IS
2026-08-30T11:58:17+00:00 SKIP_EXISTING [228/1000] id=OAFX1228 window=IS
2026-08-30T11:58:17+00:00 GATE_SKIP id=OAFX1227 window=OOS reason=IS_NOT_SURVIVOR decision=IS_REJECT net=288172.0 PF=1.457 DD=44.5886%
2026-08-30T11:58:17+00:00 GATE_SKIP id=OAFX1229 window=IS reason=SINGLE_SLEEVE_INFERIOR decision=SCREEN_NOISE_BAND net=85602.0 PF=1.2338 DD=15.915%
2026-08-30T11:58:17+00:00 GATE_SKIP id=OAFX1228 window=OOS reason=IS_NOT_SURVIVOR decision=IS_REJECT net=284040.0 PF=1.435 DD=48.6964%
2026-08-30T11:58:17+00:00 SCREEN_SKIP_EXISTING_FULLBOOK [230/1000] id=OAFX1230 reason=existing fullbook IS retained
2026-08-30T11:58:17+00:00 SKIP_EXISTING [231/1000] id=OAFX1231 window=SCREEN_IS
2026-08-30T11:58:17+00:00 SKIP_EXISTING [232/1000] id=OAFX1232 window=SCREEN_IS
2026-08-30T11:58:17+00:00 SKIP_EXISTING [230/1000] id=OAFX1230 window=IS
2026-08-30T11:58:17+00:00 GATE_SKIP id=OAFX1231 window=IS reason=SINGLE_SLEEVE_INFERIOR decision=SCREEN_OUT_SINGLE_SLEEVE net=67462.0 PF=1.3264 DD=15.7847%
2026-08-30T11:58:17+00:00 GATE_SKIP id=OAFX1232 window=IS reason=SINGLE_SLEEVE_INFERIOR decision=SCREEN_OUT_SINGLE_SLEEVE net=53591.0 PF=1.2324 DD=18.9135%
2026-08-30T11:58:17+00:00 GATE_SKIP id=OAFX1230 window=OOS reason=IS_NOT_SURVIVOR decision=IS_NOISE_BAND net=285324.0 PF=1.4157 DD=34.6255%
2026-08-30T11:58:17+00:00 SCREEN_SKIP_EXISTING_FULLBOOK [233/1000] id=OAFX1233 reason=existing fullbook IS retained
2026-08-30T11:58:17+00:00 SCREEN_SKIP_EXISTING_FULLBOOK [234/1000] id=OAFX1234 reason=existing fullbook IS retained
2026-08-30T11:58:17+00:00 SCREEN_SKIP_EXISTING_FULLBOOK [235/1000] id=OAFX1235 reason=existing fullbook IS retained
2026-08-30T11:58:17+00:00 SKIP_EXISTING [233/1000] id=OAFX1233 window=IS
2026-08-30T11:58:17+00:00 SKIP_EXISTING [234/1000] id=OAFX1234 window=IS
2026-08-30T11:58:17+00:00 SKIP_EXISTING [235/1000] id=OAFX1235 window=IS
2026-08-30T11:58:17+00:00 GATE_SKIP id=OAFX1233 window=OOS reason=IS_NOT_SURVIVOR decision=IS_REJECT net=274522.0 PF=1.4896 DD=40.1031%
2026-08-30T11:58:17+00:00 GATE_SKIP id=OAFX1234 window=OOS reason=IS_NOT_SURVIVOR decision=IS_REJECT net=288568.0 PF=1.4989 DD=41.0601%
2026-08-30T11:58:17+00:00 GATE_SKIP id=OAFX1235 window=OOS reason=IS_NOT_SURVIVOR decision=IS_REJECT net=285579.0 PF=1.4825 DD=40.4867%
2026-08-30T11:58:17+00:00 SCREEN_SKIP_EXISTING_FULLBOOK [236/1000] id=OAFX1236 reason=existing fullbook IS retained
2026-08-30T11:58:17+00:00 SCREEN_SKIP_EXISTING_FULLBOOK [237/1000] id=OAFX1237 reason=existing fullbook IS retained
2026-08-30T11:58:17+00:00 SCREEN_SKIP_EXISTING_FULLBOOK [238/1000] id=OAFX1238 reason=existing fullbook IS retained
2026-08-30T11:58:17+00:00 SKIP_EXISTING [236/1000] id=OAFX1236 window=IS
2026-08-30T11:58:17+00:00 SKIP_EXISTING [237/1000] id=OAFX1237 window=IS
2026-08-30T11:58:17+00:00 SKIP_EXISTING [238/1000] id=OAFX1238 window=IS
2026-08-30T11:58:17+00:00 GATE_SKIP id=OAFX1236 window=OOS reason=IS_NOT_SURVIVOR decision=IS_REJECT net=289036.0 PF=1.4748 DD=43.3076%
2026-08-30T11:58:17+00:00 GATE_SKIP id=OAFX1237 window=OOS reason=IS_NOT_SURVIVOR decision=IS_REJECT net=286918.0 PF=1.4495 DD=37.5231%
2026-08-30T11:58:17+00:00 GATE_SKIP id=OAFX1238 window=OOS reason=IS_NOT_SURVIVOR decision=IS_REJECT net=284137.0 PF=1.4314 DD=41.9938%
2026-08-30T11:58:17+00:00 SKIP_EXISTING [239/1000] id=OAFX1239 window=SCREEN_IS
2026-08-30T11:58:17+00:00 SCREEN_SKIP_EXISTING_FULLBOOK [240/1000] id=OAFX1240 reason=existing fullbook IS retained
2026-08-30T11:58:17+00:00 SKIP_EXISTING [241/1000] id=OAFX1241 window=SCREEN_IS
2026-08-30T11:58:17+00:00 GATE_SKIP id=OAFX1239 window=IS reason=SINGLE_SLEEVE_INFERIOR decision=SCREEN_NOISE_BAND net=84420.0 PF=1.2278 DD=16.1313%
2026-08-30T11:58:17+00:00 SKIP_EXISTING [240/1000] id=OAFX1240 window=IS
2026-08-30T11:58:17+00:00 GATE_SKIP id=OAFX1241 window=IS reason=SINGLE_SLEEVE_INFERIOR decision=SCREEN_OUT_SINGLE_SLEEVE net=69762.0 PF=1.2992 DD=18.2614%
2026-08-30T11:58:17+00:00 SKIP_EXISTING [242/1000] id=OAFX1242 window=SCREEN_IS
2026-08-30T11:58:17+00:00 GATE_SKIP id=OAFX1240 window=OOS reason=IS_NOT_SURVIVOR decision=IS_REJECT net=283539.0 PF=1.4119 DD=35.0091%
2026-08-30T11:58:17+00:00 SKIP_EXISTING [243/1000] id=OAFX1243 window=SCREEN_IS
2026-08-30T11:58:17+00:00 GATE_SKIP id=OAFX1242 window=IS reason=SINGLE_SLEEVE_INFERIOR decision=SCREEN_OUT_SINGLE_SLEEVE net=73762.0 PF=1.2909 DD=17.0378%
2026-08-30T11:58:17+00:00 SCREEN_SKIP_EXISTING_FULLBOOK [244/1000] id=OAFX1244 reason=existing fullbook IS retained
2026-08-30T11:58:17+00:00 GATE_SKIP id=OAFX1243 window=IS reason=SINGLE_SLEEVE_INFERIOR decision=SCREEN_NOISE_BAND net=84709.0 PF=1.311 DD=14.942%
2026-08-30T11:58:17+00:00 SCREEN_SKIP_EXISTING_FULLBOOK [245/1000] id=OAFX1245 reason=existing fullbook IS retained
2026-08-30T11:58:17+00:00 SKIP_EXISTING [244/1000] id=OAFX1244 window=IS
2026-08-30T11:58:17+00:00 SCREEN_SKIP_EXISTING_FULLBOOK [246/1000] id=OAFX1246 reason=existing fullbook IS retained
2026-08-30T11:58:17+00:00 SKIP_EXISTING [245/1000] id=OAFX1245 window=IS
2026-08-30T11:58:17+00:00 SKIP_EXISTING [244/1000] id=OAFX1244 window=OOS
2026-08-30T11:58:17+00:00 SKIP_EXISTING [246/1000] id=OAFX1246 window=IS
2026-08-30T11:58:17+00:00 SKIP_EXISTING [245/1000] id=OAFX1245 window=OOS
2026-08-30T11:58:17+00:00 SCREEN_SKIP_EXISTING_FULLBOOK [247/1000] id=OAFX1247 reason=existing fullbook IS retained
2026-08-30T11:58:17+00:00 GATE_SKIP id=OAFX1246 window=OOS reason=IS_NOT_SURVIVOR decision=IS_REJECT net=281785.0 PF=1.4469 DD=36.5818%
2026-08-30T11:58:17+00:00 SCREEN_SKIP_EXISTING_FULLBOOK [248/1000] id=OAFX1248 reason=existing fullbook IS retained
2026-08-30T11:58:17+00:00 SKIP_EXISTING [247/1000] id=OAFX1247 window=IS
2026-08-30T11:58:17+00:00 SKIP_EXISTING [249/1000] id=OAFX1249 window=SCREEN_IS
2026-08-30T11:58:17+00:00 SKIP_EXISTING [248/1000] id=OAFX1248 window=IS
2026-08-30T11:58:17+00:00 GATE_SKIP id=OAFX1247 window=OOS reason=IS_NOT_SURVIVOR decision=IS_REJECT net=284303.0 PF=1.4364 DD=38.9224%
2026-08-30T11:58:17+00:00 GATE_SKIP id=OAFX1249 window=IS reason=SINGLE_SLEEVE_INFERIOR decision=SCREEN_OUT_SINGLE_SLEEVE net=73394.0 PF=1.1916 DD=18.2723%
2026-08-30T11:58:17+00:00 GATE_SKIP id=OAFX1248 window=OOS reason=IS_NOT_SURVIVOR decision=IS_NOISE_BAND net=282240.0 PF=1.4205 DD=32.127%
2026-08-30T11:58:17+00:00 SKIP_EXISTING [250/1000] id=OAFX1250 window=SCREEN_IS
2026-08-30T11:58:17+00:00 SKIP_EXISTING [251/1000] id=OAFX1251 window=SCREEN_IS
2026-08-30T11:58:17+00:00 SKIP_EXISTING [252/1000] id=OAFX1252 window=SCREEN_IS
2026-08-30T11:58:17+00:00 GATE_SKIP id=OAFX1250 window=IS reason=SINGLE_SLEEVE_INFERIOR decision=SCREEN_NOISE_BAND net=84335.0 PF=1.2205 DD=17.3682%
2026-08-30T11:58:17+00:00 GATE_SKIP id=OAFX1251 window=IS reason=SINGLE_SLEEVE_INFERIOR decision=SCREEN_NOISE_BAND net=84318.0 PF=1.3315 DD=18.9844%
2026-08-30T11:58:17+00:00 GATE_SKIP id=OAFX1252 window=IS reason=SINGLE_SLEEVE_INFERIOR decision=SCREEN_OUT_SINGLE_SLEEVE net=74772.0 PF=1.2724 DD=19.5402%
2026-08-30T11:58:17+00:00 SCREEN_SKIP_EXISTING_FULLBOOK [253/1000] id=OAFX1253 reason=existing fullbook IS retained
2026-08-30T11:58:17+00:00 SCREEN_SKIP_EXISTING_FULLBOOK [254/1000] id=OAFX1254 reason=existing fullbook IS retained
2026-08-30T11:58:17+00:00 SCREEN_SKIP_EXISTING_FULLBOOK [255/1000] id=OAFX1255 reason=existing fullbook IS retained
2026-08-30T11:58:17+00:00 SKIP_EXISTING [253/1000] id=OAFX1253 window=IS
2026-08-30T11:58:17+00:00 SKIP_EXISTING [254/1000] id=OAFX1254 window=IS
2026-08-30T11:58:17+00:00 SKIP_EXISTING [255/1000] id=OAFX1255 window=IS
2026-08-30T11:58:17+00:00 SKIP_EXISTING [253/1000] id=OAFX1253 window=OOS
2026-08-30T11:58:17+00:00 SKIP_EXISTING [254/1000] id=OAFX1254 window=OOS
2026-08-30T11:58:17+00:00 GATE_SKIP id=OAFX1255 window=OOS reason=IS_NOT_SURVIVOR decision=IS_NOISE_BAND net=281178.0 PF=1.4473 DD=27.8613%
2026-08-30T11:58:17+00:00 SCREEN_SKIP_EXISTING_FULLBOOK [256/1000] id=OAFX1256 reason=existing fullbook IS retained
2026-08-30T11:58:17+00:00 SKIP_EXISTING [257/1000] id=OAFX1257 window=SCREEN_IS
2026-08-30T11:58:17+00:00 SCREEN_SKIP_EXISTING_FULLBOOK [258/1000] id=OAFX1258 reason=existing fullbook IS retained
2026-08-30T11:58:17+00:00 SKIP_EXISTING [256/1000] id=OAFX1256 window=IS
2026-08-30T11:58:17+00:00 GATE_SKIP id=OAFX1257 window=IS reason=SINGLE_SLEEVE_INFERIOR decision=SCREEN_NOISE_BAND net=87917.0 PF=1.2511 DD=19.4334%
2026-08-30T11:58:17+00:00 SKIP_EXISTING [258/1000] id=OAFX1258 window=IS
2026-08-30T11:58:17+00:00 GATE_SKIP id=OAFX1256 window=OOS reason=IS_NOT_SURVIVOR decision=IS_NOISE_BAND net=281983.0 PF=1.4391 DD=30.5116%
2026-08-30T11:58:17+00:00 SKIP_EXISTING [259/1000] id=OAFX1259 window=SCREEN_IS
2026-08-30T11:58:17+00:00 GATE_SKIP id=OAFX1258 window=OOS reason=IS_NOT_SURVIVOR decision=IS_REJECT net=274217.0 PF=1.4031 DD=35.2849%
2026-08-30T11:58:17+00:00 SCREEN_SKIP_EXISTING_FULLBOOK [260/1000] id=OAFX1260 reason=existing fullbook IS retained
2026-08-30T11:58:17+00:00 GATE_SKIP id=OAFX1259 window=IS reason=SINGLE_SLEEVE_INFERIOR decision=SCREEN_OUT_SINGLE_SLEEVE net=66887.0 PF=1.171 DD=20.364%
2026-08-30T11:58:17+00:00 SKIP_EXISTING [261/1000] id=OAFX1261 window=SCREEN_IS
2026-08-30T11:58:17+00:00 SKIP_EXISTING [260/1000] id=OAFX1260 window=IS
2026-08-30T11:58:17+00:00 SKIP_EXISTING [262/1000] id=OAFX1262 window=SCREEN_IS
2026-08-30T11:58:17+00:00 GATE_SKIP id=OAFX1261 window=IS reason=SINGLE_SLEEVE_INFERIOR decision=SCREEN_OUT_SINGLE_SLEEVE net=68317.0 PF=1.2346 DD=18.1806%
2026-08-30T11:58:17+00:00 GATE_SKIP id=OAFX1260 window=OOS reason=IS_NOT_SURVIVOR decision=IS_REJECT net=275523.0 PF=1.3947 DD=37.8441%
2026-08-30T11:58:17+00:00 GATE_SKIP id=OAFX1262 window=IS reason=SINGLE_SLEEVE_INFERIOR decision=SCREEN_OUT_SINGLE_SLEEVE net=73234.0 PF=1.2389 DD=16.3842%
2026-08-30T11:58:17+00:00 SCREEN_SKIP_EXISTING_FULLBOOK [263/1000] id=OAFX1263 reason=existing fullbook IS retained
2026-08-30T11:58:17+00:00 SKIP_EXISTING [264/1000] id=OAFX1264 window=SCREEN_IS
2026-08-30T11:58:17+00:00 SKIP_EXISTING [265/1000] id=OAFX1265 window=SCREEN_IS
2026-08-30T11:58:17+00:00 SKIP_EXISTING [263/1000] id=OAFX1263 window=IS
2026-08-30T11:58:17+00:00 GATE_SKIP id=OAFX1264 window=IS reason=SINGLE_SLEEVE_INFERIOR decision=SCREEN_OUT_SINGLE_SLEEVE net=69071.0 PF=1.2063 DD=18.362%
2026-08-30T11:58:17+00:00 GATE_SKIP id=OAFX1265 window=IS reason=SINGLE_SLEEVE_INFERIOR decision=SCREEN_OUT_SINGLE_SLEEVE net=73533.0 PF=1.2149 DD=17.4431%
2026-08-30T11:58:17+00:00 SKIP_EXISTING [263/1000] id=OAFX1263 window=OOS
2026-08-30T11:58:17+00:00 SKIP_EXISTING [266/1000] id=OAFX1266 window=SCREEN_IS
2026-08-30T11:58:17+00:00 SKIP_EXISTING [267/1000] id=OAFX1267 window=SCREEN_IS
2026-08-30T11:58:17+00:00 SKIP_EXISTING [268/1000] id=OAFX1268 window=SCREEN_IS
2026-08-30T11:58:17+00:00 GATE_SKIP id=OAFX1266 window=IS reason=SINGLE_SLEEVE_INFERIOR decision=SCREEN_OUT_SINGLE_SLEEVE net=68672.0 PF=1.1933 DD=20.5942%
2026-08-30T11:58:17+00:00 GATE_SKIP id=OAFX1267 window=IS reason=SINGLE_SLEEVE_INFERIOR decision=SCREEN_OUT_SINGLE_SLEEVE net=74342.0 PF=1.2008 DD=22.6312%
2026-08-30T11:58:17+00:00 GATE_SKIP id=OAFX1268 window=IS reason=SINGLE_SLEEVE_INFERIOR decision=SCREEN_OUT_SINGLE_SLEEVE net=72397.0 PF=1.1902 DD=20.2395%
2026-08-30T11:58:17+00:00 SKIP_EXISTING [269/1000] id=OAFX1269 window=SCREEN_IS
2026-08-30T11:58:17+00:00 SKIP_EXISTING [270/1000] id=OAFX1270 window=SCREEN_IS
2026-08-30T11:58:17+00:00 SKIP_EXISTING [271/1000] id=OAFX1271 window=SCREEN_IS
2026-08-30T11:58:17+00:00 GATE_SKIP id=OAFX1269 window=IS reason=SINGLE_SLEEVE_INFERIOR decision=SCREEN_OUT_SINGLE_SLEEVE net=66216.0 PF=1.1683 DD=21.1735%
2026-08-30T11:58:17+00:00 GATE_SKIP id=OAFX1270 window=IS reason=SINGLE_SLEEVE_INFERIOR decision=SCREEN_NOISE_BAND net=85690.0 PF=1.2239 DD=18.9935%
2026-08-30T11:58:17+00:00 GATE_SKIP id=OAFX1271 window=IS reason=SINGLE_SLEEVE_INFERIOR decision=SCREEN_OUT_SINGLE_SLEEVE net=72454.0 PF=1.2225 DD=21.455%
2026-08-30T11:58:17+00:00 SKIP_EXISTING [272/1000] id=OAFX1272 window=SCREEN_IS
2026-08-30T11:58:17+00:00 SKIP_EXISTING [273/1000] id=OAFX1273 window=SCREEN_IS
2026-08-30T11:58:17+00:00 SKIP_EXISTING [274/1000] id=OAFX1274 window=SCREEN_IS
2026-08-30T11:58:17+00:00 GATE_SKIP id=OAFX1272 window=IS reason=SINGLE_SLEEVE_INFERIOR decision=SCREEN_OUT_SINGLE_SLEEVE net=71803.0 PF=1.2134 DD=20.6534%
2026-08-30T11:58:17+00:00 GATE_SKIP id=OAFX1273 window=IS reason=SINGLE_SLEEVE_INFERIOR decision=SCREEN_OUT_SINGLE_SLEEVE net=69095.0 PF=1.1992 DD=21.4736%
2026-08-30T11:58:17+00:00 GATE_SKIP id=OAFX1274 window=IS reason=SINGLE_SLEEVE_INFERIOR decision=SCREEN_OUT_SINGLE_SLEEVE net=67538.0 PF=1.1897 DD=21.0099%
2026-08-30T11:58:17+00:00 SKIP_EXISTING [275/1000] id=OAFX1275 window=SCREEN_IS
2026-08-30T11:58:17+00:00 SKIP_EXISTING [276/1000] id=OAFX1276 window=SCREEN_IS
2026-08-30T11:58:17+00:00 SKIP_EXISTING [277/1000] id=OAFX1277 window=SCREEN_IS
2026-08-30T11:58:17+00:00 GATE_SKIP id=OAFX1275 window=IS reason=SINGLE_SLEEVE_INFERIOR decision=SCREEN_NOISE_BAND net=73458.0 PF=1.2039 DD=19.233%
2026-08-30T11:58:17+00:00 GATE_SKIP id=OAFX1276 window=IS reason=SINGLE_SLEEVE_INFERIOR decision=SCREEN_OUT_SINGLE_SLEEVE net=67110.0 PF=1.1817 DD=21.4231%
2026-08-30T11:58:17+00:00 GATE_SKIP id=OAFX1277 window=IS reason=SINGLE_SLEEVE_INFERIOR decision=SCREEN_OUT_SINGLE_SLEEVE net=71119.0 PF=1.1872 DD=21.8768%
2026-08-30T11:58:17+00:00 SKIP_EXISTING [278/1000] id=OAFX1278 window=SCREEN_IS
2026-08-30T11:58:17+00:00 SKIP_EXISTING [279/1000] id=OAFX1279 window=SCREEN_IS
2026-08-30T11:58:17+00:00 SKIP_EXISTING [280/1000] id=OAFX1280 window=SCREEN_IS
2026-08-30T11:58:17+00:00 GATE_SKIP id=OAFX1278 window=IS reason=SINGLE_SLEEVE_INFERIOR decision=SCREEN_OUT_SINGLE_SLEEVE net=69089.0 PF=1.1786 DD=21.7496%
2026-08-30T11:58:17+00:00 GATE_SKIP id=OAFX1279 window=IS reason=SINGLE_SLEEVE_INFERIOR decision=SCREEN_OUT_SINGLE_SLEEVE net=65341.0 PF=1.1645 DD=23.9873%
2026-08-30T11:58:17+00:00 GATE_SKIP id=OAFX1280 window=IS reason=SINGLE_SLEEVE_INFERIOR decision=SCREEN_NOISE_BAND net=89608.0 PF=1.2351 DD=19.4478%
2026-08-30T11:58:17+00:00 SKIP_EXISTING [281/1000] id=OAFX1281 window=SCREEN_IS
2026-08-30T11:58:17+00:00 SKIP_EXISTING [282/1000] id=OAFX1282 window=SCREEN_IS
2026-08-30T11:58:17+00:00 SKIP_EXISTING [283/1000] id=OAFX1283 window=SCREEN_IS
2026-08-30T11:58:17+00:00 GATE_SKIP id=OAFX1281 window=IS reason=SINGLE_SLEEVE_INFERIOR decision=SCREEN_OUT_SINGLE_SLEEVE net=81504.0 PF=1.2202 DD=22.1508%
2026-08-30T11:58:17+00:00 GATE_SKIP id=OAFX1282 window=IS reason=SINGLE_SLEEVE_INFERIOR decision=SCREEN_OUT_SINGLE_SLEEVE net=81731.0 PF=1.2174 DD=20.307%
2026-08-30T11:58:17+00:00 GATE_SKIP id=OAFX1283 window=IS reason=SINGLE_SLEEVE_INFERIOR decision=SCREEN_OUT_SINGLE_SLEEVE net=76766.0 PF=1.2007 DD=21.3565%
2026-08-30T11:58:17+00:00 SKIP_EXISTING [284/1000] id=OAFX1284 window=SCREEN_IS
2026-08-30T11:58:17+00:00 SKIP_EXISTING [285/1000] id=OAFX1285 window=SCREEN_IS
2026-08-30T11:58:17+00:00 SKIP_EXISTING [286/1000] id=OAFX1286 window=SCREEN_IS
2026-08-30T11:58:17+00:00 GATE_SKIP id=OAFX1284 window=IS reason=SINGLE_SLEEVE_INFERIOR decision=SCREEN_OUT_SINGLE_SLEEVE net=80978.0 PF=1.2111 DD=19.8133%
2026-08-30T11:58:17+00:00 GATE_SKIP id=OAFX1285 window=IS reason=SINGLE_SLEEVE_INFERIOR decision=SCREEN_NOISE_BAND net=82815.0 PF=1.2157 DD=19.2923%
2026-08-30T11:58:17+00:00 GATE_SKIP id=OAFX1286 window=IS reason=SINGLE_SLEEVE_INFERIOR decision=SCREEN_OUT_SINGLE_SLEEVE net=78852.0 PF=1.2031 DD=19.8286%
2026-08-30T11:58:17+00:00 SKIP_EXISTING [287/1000] id=OAFX1287 window=SCREEN_IS
2026-08-30T11:58:17+00:00 SKIP_EXISTING [288/1000] id=OAFX1288 window=SCREEN_IS
2026-08-30T11:58:17+00:00 SKIP_EXISTING [289/1000] id=OAFX1289 window=SCREEN_IS
2026-08-30T11:58:17+00:00 GATE_SKIP id=OAFX1287 window=IS reason=SINGLE_SLEEVE_INFERIOR decision=SCREEN_OUT_SINGLE_SLEEVE net=75468.0 PF=1.1922 DD=21.5782%
2026-08-30T11:58:17+00:00 GATE_SKIP id=OAFX1288 window=IS reason=SINGLE_SLEEVE_INFERIOR decision=SCREEN_OUT_SINGLE_SLEEVE net=76528.0 PF=1.1941 DD=20.9136%
2026-08-30T11:58:17+00:00 GATE_SKIP id=OAFX1289 window=IS reason=SINGLE_SLEEVE_INFERIOR decision=SCREEN_OUT_SINGLE_SLEEVE net=77457.0 PF=1.1957 DD=20.5272%
2026-08-30T11:58:17+00:00 SCREEN_SKIP_EXISTING_FULLBOOK [290/1000] id=OAFX1290 reason=existing fullbook IS retained
2026-08-30T11:58:17+00:00 SKIP_EXISTING [291/1000] id=OAFX1291 window=SCREEN_IS
2026-08-30T11:58:17+00:00 SKIP_EXISTING [292/1000] id=OAFX1292 window=SCREEN_IS
2026-08-30T11:58:17+00:00 SKIP_EXISTING [290/1000] id=OAFX1290 window=IS
2026-08-30T11:58:17+00:00 GATE_SKIP id=OAFX1291 window=IS reason=SINGLE_SLEEVE_INFERIOR decision=SCREEN_OUT_SINGLE_SLEEVE net=72404.0 PF=1.1847 DD=22.223%
2026-08-30T11:58:17+00:00 GATE_SKIP id=OAFX1292 window=IS reason=SINGLE_SLEEVE_INFERIOR decision=SCREEN_OUT_SINGLE_SLEEVE net=71287.0 PF=1.1802 DD=22.4304%
2026-08-30T11:58:17+00:00 GATE_SKIP id=OAFX1290 window=OOS reason=IS_NOT_SURVIVOR decision=IS_REJECT net=282044.0 PF=1.4042 DD=36.1033%
2026-08-30T11:58:17+00:00 SKIP_EXISTING [293/1000] id=OAFX1293 window=SCREEN_IS
2026-08-30T11:58:17+00:00 SKIP_EXISTING [294/1000] id=OAFX1294 window=SCREEN_IS
2026-08-30T11:58:17+00:00 SKIP_EXISTING [295/1000] id=OAFX1295 window=SCREEN_IS
2026-08-30T11:58:17+00:00 GATE_SKIP id=OAFX1293 window=IS reason=SINGLE_SLEEVE_INFERIOR decision=SCREEN_OUT_SINGLE_SLEEVE net=68303.0 PF=1.1711 DD=23.2075%
2026-08-30T11:58:17+00:00 GATE_SKIP id=OAFX1294 window=IS reason=SINGLE_SLEEVE_INFERIOR decision=SCREEN_OUT_SINGLE_SLEEVE net=71109.0 PF=1.1782 DD=21.6465%
2026-08-30T11:58:17+00:00 GATE_SKIP id=OAFX1295 window=IS reason=SINGLE_SLEEVE_INFERIOR decision=SCREEN_OUT_SINGLE_SLEEVE net=73893.0 PF=1.186 DD=21.1137%
2026-08-30T11:58:17+00:00 SKIP_EXISTING [296/1000] id=OAFX1296 window=SCREEN_IS
2026-08-30T11:58:17+00:00 SKIP_EXISTING [297/1000] id=OAFX1297 window=SCREEN_IS
2026-08-30T11:58:17+00:00 SKIP_EXISTING [298/1000] id=OAFX1298 window=SCREEN_IS
2026-08-30T11:58:17+00:00 GATE_SKIP id=OAFX1296 window=IS reason=SINGLE_SLEEVE_INFERIOR decision=SCREEN_OUT_SINGLE_SLEEVE net=74972.0 PF=1.1888 DD=21.1017%
2026-08-30T11:58:17+00:00 GATE_SKIP id=OAFX1297 window=IS reason=SINGLE_SLEEVE_INFERIOR decision=SCREEN_OUT_SINGLE_SLEEVE net=76509.0 PF=1.1931 DD=20.9259%
2026-08-30T11:58:17+00:00 GATE_SKIP id=OAFX1298 window=IS reason=SINGLE_SLEEVE_INFERIOR decision=SCREEN_OUT_SINGLE_SLEEVE net=78405.0 PF=1.1985 DD=20.681%
2026-08-30T11:58:17+00:00 SKIP_EXISTING [299/1000] id=OAFX1299 window=SCREEN_IS
2026-08-30T11:58:17+00:00 SKIP_EXISTING [300/1000] id=OAFX1300 window=SCREEN_IS
2026-08-30T11:58:17+00:00 SKIP_EXISTING [301/1000] id=OAFX1301 window=SCREEN_IS
2026-08-30T11:58:17+00:00 GATE_SKIP id=OAFX1299 window=IS reason=SINGLE_SLEEVE_INFERIOR decision=SCREEN_OUT_SINGLE_SLEEVE net=81779.0 PF=1.2088 DD=20.1957%
2026-08-30T11:58:17+00:00 GATE_SKIP id=OAFX1300 window=IS reason=SINGLE_SLEEVE_INFERIOR decision=SCREEN_NOISE_BAND net=86167.0 PF=1.2224 DD=19.3386%
2026-08-30T11:58:17+00:00 GATE_SKIP id=OAFX1301 window=IS reason=SINGLE_SLEEVE_INFERIOR decision=SCREEN_OUT_SINGLE_SLEEVE net=77640.0 PF=1.3241 DD=21.5632%
2026-08-30T11:58:17+00:00 SKIP_EXISTING [302/1000] id=OAFX1302 window=SCREEN_IS
2026-08-30T11:58:17+00:00 SKIP_EXISTING [303/1000] id=OAFX1303 window=SCREEN_IS
2026-08-30T11:58:17+00:00 SCREEN_SKIP_EXISTING_FULLBOOK [304/1000] id=OAFX1304 reason=existing fullbook IS retained
2026-08-30T11:58:17+00:00 GATE_SKIP id=OAFX1302 window=IS reason=SINGLE_SLEEVE_INFERIOR decision=SCREEN_OUT_SINGLE_SLEEVE net=84751.0 PF=1.3555 DD=20.3299%
2026-08-30T11:58:17+00:00 GATE_SKIP id=OAFX1303 window=IS reason=SINGLE_SLEEVE_INFERIOR decision=SCREEN_NOISE_BAND net=91343.0 PF=1.3833 DD=19.5293%
2026-08-30T11:58:17+00:00 SKIP_EXISTING [304/1000] id=OAFX1304 window=IS
2026-08-30T11:58:17+00:00 SCREEN_SKIP_EXISTING_FULLBOOK [305/1000] id=OAFX1305 reason=existing fullbook IS retained
2026-08-30T11:58:17+00:00 SKIP_EXISTING [306/1000] id=OAFX1306 window=SCREEN_IS
2026-08-30T11:58:17+00:00 GATE_SKIP id=OAFX1304 window=OOS reason=IS_NOT_SURVIVOR decision=IS_REJECT net=289887.0 PF=1.5272 DD=35.9619%
2026-08-30T11:58:17+00:00 SKIP_EXISTING [305/1000] id=OAFX1305 window=IS
2026-08-30T11:58:17+00:00 GATE_SKIP id=OAFX1306 window=IS reason=SINGLE_SLEEVE_INFERIOR decision=SCREEN_OUT_SINGLE_SLEEVE net=85510.0 PF=1.3588 DD=19.8283%
2026-08-30T11:58:17+00:00 SKIP_EXISTING [307/1000] id=OAFX1307 window=SCREEN_IS
2026-08-30T11:58:17+00:00 GATE_SKIP id=OAFX1305 window=OOS reason=IS_NOT_SURVIVOR decision=IS_REJECT net=291719.0 PF=1.5306 DD=36.678%
2026-08-30T11:58:17+00:00 SCREEN_SKIP_EXISTING_FULLBOOK [308/1000] id=OAFX1308 reason=existing fullbook IS retained
2026-08-30T11:58:17+00:00 GATE_SKIP id=OAFX1307 window=IS reason=SINGLE_SLEEVE_INFERIOR decision=SCREEN_OUT_SINGLE_SLEEVE net=81608.0 PF=1.3424 DD=19.6059%
2026-08-30T11:58:17+00:00 SCREEN_SKIP_EXISTING_FULLBOOK [309/1000] id=OAFX1309 reason=existing fullbook IS retained
2026-08-30T11:58:17+00:00 SKIP_EXISTING [308/1000] id=OAFX1308 window=IS
2026-08-30T11:58:17+00:00 SKIP_EXISTING [310/1000] id=OAFX1310 window=SCREEN_IS
2026-08-30T11:58:17+00:00 SKIP_EXISTING [309/1000] id=OAFX1309 window=IS
2026-08-30T11:58:17+00:00 GATE_SKIP id=OAFX1308 window=OOS reason=IS_NOT_SURVIVOR decision=IS_REJECT net=275106.0 PF=1.5003 DD=42.0837%
2026-08-30T11:58:17+00:00 GATE_SKIP id=OAFX1310 window=IS reason=SINGLE_SLEEVE_INFERIOR decision=SCREEN_OUT_SINGLE_SLEEVE net=68306.0 PF=1.2866 DD=21.0199%
2026-08-30T11:58:17+00:00 GATE_SKIP id=OAFX1309 window=OOS reason=IS_NOT_SURVIVOR decision=IS_REJECT net=278509.0 PF=1.5065 DD=48.22%
2026-08-30T11:58:17+00:00 SKIP_EXISTING [311/1000] id=OAFX1311 window=SCREEN_IS
2026-08-30T11:58:17+00:00 SKIP_EXISTING [312/1000] id=OAFX1312 window=SCREEN_IS
2026-08-30T11:58:17+00:00 SKIP_EXISTING [313/1000] id=OAFX1313 window=SCREEN_IS
2026-08-30T11:58:18+00:00 GATE_SKIP id=OAFX1311 window=IS reason=SINGLE_SLEEVE_INFERIOR decision=SCREEN_OUT_SINGLE_SLEEVE net=81144.0 PF=1.29 DD=21.4514%
2026-08-30T11:58:18+00:00 GATE_SKIP id=OAFX1312 window=IS reason=SINGLE_SLEEVE_INFERIOR decision=SCREEN_OUT_SINGLE_SLEEVE net=85479.0 PF=1.3063 DD=20.5998%
2026-08-30T11:58:18+00:00 GATE_SKIP id=OAFX1313 window=IS reason=SINGLE_SLEEVE_INFERIOR decision=SCREEN_OUT_SINGLE_SLEEVE net=88140.0 PF=1.3159 DD=19.9416%
2026-08-30T11:58:18+00:00 SKIP_EXISTING [314/1000] id=OAFX1314 window=SCREEN_IS
2026-08-30T11:58:18+00:00 SKIP_EXISTING [315/1000] id=OAFX1315 window=SCREEN_IS
2026-08-30T11:58:18+00:00 SKIP_EXISTING [316/1000] id=OAFX1316 window=SCREEN_IS
2026-08-30T11:58:18+00:00 GATE_SKIP id=OAFX1314 window=IS reason=SINGLE_SLEEVE_INFERIOR decision=SCREEN_OUT_SINGLE_SLEEVE net=89975.0 PF=1.3225 DD=19.8454%
2026-08-30T11:58:18+00:00 GATE_SKIP id=OAFX1315 window=IS reason=SINGLE_SLEEVE_INFERIOR decision=SCREEN_OUT_SINGLE_SLEEVE net=88394.0 PF=1.3168 DD=21.1105%
2026-08-30T11:58:18+00:00 GATE_SKIP id=OAFX1316 window=IS reason=SINGLE_SLEEVE_INFERIOR decision=SCREEN_OUT_SINGLE_SLEEVE net=75095.0 PF=1.2692 DD=21.8967%
2026-08-30T11:58:18+00:00 SKIP_EXISTING [317/1000] id=OAFX1317 window=SCREEN_IS
2026-08-30T11:58:18+00:00 SKIP_EXISTING [318/1000] id=OAFX1318 window=SCREEN_IS
2026-08-30T11:58:18+00:00 SKIP_EXISTING [319/1000] id=OAFX1319 window=SCREEN_IS
2026-08-30T11:58:18+00:00 GATE_SKIP id=OAFX1317 window=IS reason=SINGLE_SLEEVE_INFERIOR decision=SCREEN_OUT_SINGLE_SLEEVE net=67449.0 PF=1.2418 DD=21.5684%
2026-08-30T11:58:18+00:00 GATE_SKIP id=OAFX1318 window=IS reason=SINGLE_SLEEVE_INFERIOR decision=SCREEN_OUT_SINGLE_SLEEVE net=71948.0 PF=1.2579 DD=20.5188%
2026-08-30T11:58:18+00:00 GATE_SKIP id=OAFX1319 window=IS reason=SINGLE_SLEEVE_INFERIOR decision=SCREEN_OUT_SINGLE_SLEEVE net=73146.0 PF=1.2622 DD=20.5668%
2026-08-30T11:58:18+00:00 SKIP_EXISTING [320/1000] id=OAFX1320 window=SCREEN_IS
2026-08-30T11:58:18+00:00 SKIP_EXISTING [321/1000] id=OAFX1321 window=SCREEN_IS
2026-08-30T11:58:18+00:00 SKIP_EXISTING [322/1000] id=OAFX1322 window=SCREEN_IS
2026-08-30T11:58:18+00:00 GATE_SKIP id=OAFX1320 window=IS reason=SINGLE_SLEEVE_INFERIOR decision=SCREEN_OUT_SINGLE_SLEEVE net=77437.0 PF=1.2776 DD=19.7715%
2026-08-30T11:58:18+00:00 GATE_SKIP id=OAFX1321 window=IS reason=SINGLE_SLEEVE_INFERIOR decision=SCREEN_OUT_SINGLE_SLEEVE net=81575.0 PF=1.268 DD=22.2336%
2026-08-30T11:58:18+00:00 GATE_SKIP id=OAFX1322 window=IS reason=SINGLE_SLEEVE_INFERIOR decision=SCREEN_OUT_SINGLE_SLEEVE net=86165.0 PF=1.2836 DD=21.4054%
2026-08-30T11:58:18+00:00 SKIP_EXISTING [323/1000] id=OAFX1323 window=SCREEN_IS
2026-08-30T11:58:18+00:00 SKIP_EXISTING [324/1000] id=OAFX1324 window=SCREEN_IS
2026-08-30T11:58:18+00:00 SKIP_EXISTING [325/1000] id=OAFX1325 window=SCREEN_IS
2026-08-30T11:58:18+00:00 GATE_SKIP id=OAFX1323 window=IS reason=SINGLE_SLEEVE_INFERIOR decision=SCREEN_OUT_SINGLE_SLEEVE net=87283.0 PF=1.2873 DD=20.9685%
2026-08-30T11:58:18+00:00 GATE_SKIP id=OAFX1324 window=IS reason=SINGLE_SLEEVE_INFERIOR decision=SCREEN_OUT_SINGLE_SLEEVE net=87114.0 PF=1.2867 DD=20.6564%
2026-08-30T11:58:18+00:00 GATE_SKIP id=OAFX1325 window=IS reason=SINGLE_SLEEVE_INFERIOR decision=SCREEN_OUT_SINGLE_SLEEVE net=85142.0 PF=1.2803 DD=20.8527%
2026-08-30T11:58:18+00:00 SKIP_EXISTING [326/1000] id=OAFX1326 window=SCREEN_IS
2026-08-30T11:58:18+00:00 SKIP_EXISTING [327/1000] id=OAFX1327 window=SCREEN_IS
2026-08-30T11:58:18+00:00 SKIP_EXISTING [328/1000] id=OAFX1328 window=SCREEN_IS
2026-08-30T11:58:18+00:00 GATE_SKIP id=OAFX1326 window=IS reason=SINGLE_SLEEVE_INFERIOR decision=SCREEN_OUT_SINGLE_SLEEVE net=81170.0 PF=1.2672 DD=21.131%
2026-08-30T11:58:18+00:00 GATE_SKIP id=OAFX1327 window=IS reason=SINGLE_SLEEVE_INFERIOR decision=SCREEN_OUT_SINGLE_SLEEVE net=82607.0 PF=1.2719 DD=21.7998%
2026-08-30T11:58:18+00:00 GATE_SKIP id=OAFX1328 window=IS reason=SINGLE_SLEEVE_INFERIOR decision=SCREEN_OUT_SINGLE_SLEEVE net=90433.0 PF=1.2977 DD=20.7954%
2026-08-30T11:58:18+00:00 SKIP_EXISTING [329/1000] id=OAFX1329 window=SCREEN_IS
2026-08-30T11:58:18+00:00 SKIP_EXISTING [330/1000] id=OAFX1330 window=SCREEN_IS
2026-08-30T11:58:18+00:00 SKIP_EXISTING [331/1000] id=OAFX1331 window=SCREEN_IS
2026-08-30T11:58:18+00:00 GATE_SKIP id=OAFX1329 window=IS reason=SINGLE_SLEEVE_INFERIOR decision=SCREEN_OUT_SINGLE_SLEEVE net=96817.0 PF=1.3187 DD=20.7519%
2026-08-30T11:58:18+00:00 GATE_SKIP id=OAFX1330 window=IS reason=SINGLE_SLEEVE_INFERIOR decision=SCREEN_OUT_SINGLE_SLEEVE net=94336.0 PF=1.3105 DD=20.1277%
2026-08-30T11:58:18+00:00 GATE_SKIP id=OAFX1331 window=IS reason=SINGLE_SLEEVE_INFERIOR decision=SCREEN_OUT_SINGLE_SLEEVE net=86753.0 PF=1.2626 DD=22.6537%
2026-08-30T11:58:18+00:00 SKIP_EXISTING [332/1000] id=OAFX1332 window=SCREEN_IS
2026-08-30T11:58:18+00:00 SKIP_EXISTING [333/1000] id=OAFX1333 window=SCREEN_IS
2026-08-30T11:58:18+00:00 SKIP_EXISTING [334/1000] id=OAFX1334 window=SCREEN_IS
2026-08-30T11:58:18+00:00 GATE_SKIP id=OAFX1332 window=IS reason=SINGLE_SLEEVE_INFERIOR decision=SCREEN_OUT_SINGLE_SLEEVE net=89509.0 PF=1.2712 DD=21.8742%
2026-08-30T11:58:18+00:00 GATE_SKIP id=OAFX1333 window=IS reason=SINGLE_SLEEVE_INFERIOR decision=SCREEN_OUT_SINGLE_SLEEVE net=90411.0 PF=1.274 DD=21.8526%
2026-08-30T11:58:18+00:00 GATE_SKIP id=OAFX1334 window=IS reason=SINGLE_SLEEVE_INFERIOR decision=SCREEN_OUT_SINGLE_SLEEVE net=90047.0 PF=1.2729 DD=21.3883%
2026-08-30T11:58:18+00:00 SKIP_EXISTING [335/1000] id=OAFX1335 window=SCREEN_IS
2026-08-30T11:58:18+00:00 SKIP_EXISTING [336/1000] id=OAFX1336 window=SCREEN_IS
2026-08-30T11:58:18+00:00 SKIP_EXISTING [337/1000] id=OAFX1337 window=SCREEN_IS
2026-08-30T11:58:18+00:00 GATE_SKIP id=OAFX1335 window=IS reason=SINGLE_SLEEVE_INFERIOR decision=SCREEN_OUT_SINGLE_SLEEVE net=89010.0 PF=1.2698 DD=21.1592%
2026-08-30T11:58:18+00:00 GATE_SKIP id=OAFX1336 window=IS reason=SINGLE_SLEEVE_INFERIOR decision=SCREEN_OUT_SINGLE_SLEEVE net=89409.0 PF=1.271 DD=20.8078%
2026-08-30T11:58:18+00:00 GATE_SKIP id=OAFX1337 window=IS reason=SINGLE_SLEEVE_INFERIOR decision=SCREEN_OUT_SINGLE_SLEEVE net=85336.0 PF=1.2586 DD=21.5712%
2026-08-30T11:58:18+00:00 SKIP_EXISTING [338/1000] id=OAFX1338 window=SCREEN_IS
2026-08-30T11:58:18+00:00 SKIP_EXISTING [339/1000] id=OAFX1339 window=SCREEN_IS
2026-08-30T11:58:18+00:00 SKIP_EXISTING [340/1000] id=OAFX1340 window=SCREEN_IS
2026-08-30T11:58:18+00:00 GATE_SKIP id=OAFX1338 window=IS reason=SINGLE_SLEEVE_INFERIOR decision=SCREEN_OUT_SINGLE_SLEEVE net=90265.0 PF=1.2736 DD=20.415%
2026-08-30T11:58:18+00:00 GATE_SKIP id=OAFX1339 window=IS reason=SINGLE_SLEEVE_INFERIOR decision=SCREEN_NOISE_BAND net=92985.0 PF=1.2818 DD=19.3476%
2026-08-30T11:58:18+00:00 GATE_SKIP id=OAFX1340 window=IS reason=SINGLE_SLEEVE_INFERIOR decision=SCREEN_OUT_SINGLE_SLEEVE net=88692.0 PF=1.2688 DD=19.6209%
2026-08-30T11:58:18+00:00 SKIP_EXISTING [341/1000] id=OAFX1341 window=SCREEN_IS
2026-08-30T11:58:18+00:00 SKIP_EXISTING [342/1000] id=OAFX1342 window=SCREEN_IS
2026-08-30T11:58:18+00:00 SKIP_EXISTING [343/1000] id=OAFX1343 window=SCREEN_IS
2026-08-30T11:58:18+00:00 GATE_SKIP id=OAFX1341 window=IS reason=SINGLE_SLEEVE_INFERIOR decision=SCREEN_OUT_SINGLE_SLEEVE net=74398.0 PF=1.211 DD=23.6021%
2026-08-30T11:58:18+00:00 GATE_SKIP id=OAFX1342 window=IS reason=SINGLE_SLEEVE_INFERIOR decision=SCREEN_OUT_SINGLE_SLEEVE net=76045.0 PF=1.2158 DD=23.1718%
2026-08-30T11:58:18+00:00 GATE_SKIP id=OAFX1343 window=IS reason=SINGLE_SLEEVE_INFERIOR decision=SCREEN_OUT_SINGLE_SLEEVE net=76442.0 PF=1.217 DD=22.9119%
2026-08-30T11:58:18+00:00 SKIP_EXISTING [344/1000] id=OAFX1344 window=SCREEN_IS
2026-08-30T11:58:18+00:00 SKIP_EXISTING [345/1000] id=OAFX1345 window=SCREEN_IS
2026-08-30T11:58:18+00:00 SKIP_EXISTING [346/1000] id=OAFX1346 window=SCREEN_IS
2026-08-30T11:58:18+00:00 GATE_SKIP id=OAFX1344 window=IS reason=SINGLE_SLEEVE_INFERIOR decision=SCREEN_OUT_SINGLE_SLEEVE net=75397.0 PF=1.214 DD=22.8023%
2026-08-30T11:58:18+00:00 GATE_SKIP id=OAFX1345 window=IS reason=SINGLE_SLEEVE_INFERIOR decision=SCREEN_OUT_SINGLE_SLEEVE net=77542.0 PF=1.2201 DD=22.51%
2026-08-30T11:58:18+00:00 GATE_SKIP id=OAFX1346 window=IS reason=SINGLE_SLEEVE_INFERIOR decision=SCREEN_OUT_SINGLE_SLEEVE net=80574.0 PF=1.2287 DD=21.9272%
2026-08-30T11:58:18+00:00 SKIP_EXISTING [347/1000] id=OAFX1347 window=SCREEN_IS
2026-08-30T11:58:18+00:00 SKIP_EXISTING [348/1000] id=OAFX1348 window=SCREEN_IS
2026-08-30T11:58:18+00:00 SKIP_EXISTING [349/1000] id=OAFX1349 window=SCREEN_IS
2026-08-30T11:58:18+00:00 GATE_SKIP id=OAFX1347 window=IS reason=SINGLE_SLEEVE_INFERIOR decision=SCREEN_OUT_SINGLE_SLEEVE net=76419.0 PF=1.217 DD=22.1451%
2026-08-30T11:58:18+00:00 GATE_SKIP id=OAFX1348 window=IS reason=SINGLE_SLEEVE_INFERIOR decision=SCREEN_OUT_SINGLE_SLEEVE net=79250.0 PF=1.225 DD=21.6672%
2026-08-30T11:58:18+00:00 GATE_SKIP id=OAFX1349 window=IS reason=SINGLE_SLEEVE_INFERIOR decision=SCREEN_OUT_SINGLE_SLEEVE net=80234.0 PF=1.2278 DD=21.1855%
2026-08-30T11:58:18+00:00 SKIP_EXISTING [350/1000] id=OAFX1350 window=SCREEN_IS
2026-08-30T11:58:18+00:00 SKIP_EXISTING [351/1000] id=OAFX1351 window=SCREEN_IS
2026-08-30T11:58:18+00:00 SKIP_EXISTING [352/1000] id=OAFX1352 window=SCREEN_IS
2026-08-30T11:58:18+00:00 GATE_SKIP id=OAFX1350 window=IS reason=SINGLE_SLEEVE_INFERIOR decision=SCREEN_OUT_SINGLE_SLEEVE net=80291.0 PF=1.2279 DD=20.9121%
2026-08-30T11:58:18+00:00 GATE_SKIP id=OAFX1351 window=IS reason=SINGLE_SLEEVE_INFERIOR decision=SCREEN_OUT_SINGLE_SLEEVE net=79392.0 PF=1.2175 DD=21.3709%
2026-08-30T11:58:18+00:00 GATE_SKIP id=OAFX1352 window=IS reason=SINGLE_SLEEVE_INFERIOR decision=SCREEN_OUT_SINGLE_SLEEVE net=79681.0 PF=1.2184 DD=21.1697%
2026-08-30T11:58:18+00:00 SKIP_EXISTING [353/1000] id=OAFX1353 window=SCREEN_IS
2026-08-30T11:58:18+00:00 SKIP_EXISTING [354/1000] id=OAFX1354 window=SCREEN_IS
2026-08-30T11:58:18+00:00 SKIP_EXISTING [355/1000] id=OAFX1355 window=SCREEN_IS
2026-08-30T11:58:18+00:00 GATE_SKIP id=OAFX1353 window=IS reason=SINGLE_SLEEVE_INFERIOR decision=SCREEN_OUT_SINGLE_SLEEVE net=78715.0 PF=1.2157 DD=21.458%
2026-08-30T11:58:18+00:00 GATE_SKIP id=OAFX1354 window=IS reason=SINGLE_SLEEVE_INFERIOR decision=SCREEN_OUT_SINGLE_SLEEVE net=76203.0 PF=1.2088 DD=22.0095%
2026-08-30T11:58:18+00:00 GATE_SKIP id=OAFX1355 window=IS reason=SINGLE_SLEEVE_INFERIOR decision=SCREEN_OUT_SINGLE_SLEEVE net=77032.0 PF=1.2111 DD=21.8078%
2026-08-30T11:58:18+00:00 SKIP_EXISTING [356/1000] id=OAFX1356 window=SCREEN_IS
2026-08-30T11:58:18+00:00 SKIP_EXISTING [357/1000] id=OAFX1357 window=SCREEN_IS
2026-08-30T11:58:18+00:00 SKIP_EXISTING [358/1000] id=OAFX1358 window=SCREEN_IS
2026-08-30T11:58:18+00:00 GATE_SKIP id=OAFX1356 window=IS reason=SINGLE_SLEEVE_INFERIOR decision=SCREEN_OUT_SINGLE_SLEEVE net=78658.0 PF=1.2156 DD=21.332%
2026-08-30T11:58:18+00:00 GATE_SKIP id=OAFX1357 window=IS reason=SINGLE_SLEEVE_INFERIOR decision=SCREEN_OUT_SINGLE_SLEEVE net=74484.0 PF=1.2041 DD=22.0295%
2026-08-30T11:58:18+00:00 GATE_SKIP id=OAFX1358 window=IS reason=SINGLE_SLEEVE_INFERIOR decision=SCREEN_OUT_SINGLE_SLEEVE net=75199.0 PF=1.2061 DD=21.7661%
2026-08-30T11:58:18+00:00 SKIP_EXISTING [359/1000] id=OAFX1359 window=SCREEN_IS
2026-08-30T11:58:18+00:00 SKIP_EXISTING [360/1000] id=OAFX1360 window=SCREEN_IS
2026-08-30T11:58:18+00:00 SKIP_EXISTING [361/1000] id=OAFX1361 window=SCREEN_IS
2026-08-30T11:58:18+00:00 GATE_SKIP id=OAFX1359 window=IS reason=SINGLE_SLEEVE_INFERIOR decision=SCREEN_OUT_SINGLE_SLEEVE net=78696.0 PF=1.2157 DD=20.7913%
2026-08-30T11:58:18+00:00 GATE_SKIP id=OAFX1360 window=IS reason=SINGLE_SLEEVE_INFERIOR decision=SCREEN_OUT_SINGLE_SLEEVE net=81359.0 PF=1.223 DD=20.1114%
2026-08-30T11:58:18+00:00 GATE_SKIP id=OAFX1361 window=IS reason=SINGLE_SLEEVE_INFERIOR decision=SCREEN_OUT_SINGLE_SLEEVE net=84303.0 PF=1.2276 DD=21.0028%
2026-08-30T11:58:18+00:00 SKIP_EXISTING [362/1000] id=OAFX1362 window=SCREEN_IS
2026-08-30T11:58:18+00:00 SKIP_EXISTING [363/1000] id=OAFX1363 window=SCREEN_IS
2026-08-30T11:58:18+00:00 SKIP_EXISTING [364/1000] id=OAFX1364 window=SCREEN_IS
2026-08-30T11:58:18+00:00 GATE_SKIP id=OAFX1362 window=IS reason=SINGLE_SLEEVE_INFERIOR decision=SCREEN_OUT_SINGLE_SLEEVE net=83782.0 PF=1.2262 DD=20.9676%
2026-08-30T11:58:18+00:00 GATE_SKIP id=OAFX1363 window=IS reason=SINGLE_SLEEVE_INFERIOR decision=SCREEN_OUT_SINGLE_SLEEVE net=83707.0 PF=1.226 DD=21.2374%
2026-08-30T11:58:18+00:00 GATE_SKIP id=OAFX1364 window=IS reason=SINGLE_SLEEVE_INFERIOR decision=SCREEN_OUT_SINGLE_SLEEVE net=82597.0 PF=1.223 DD=21.2325%
2026-08-30T11:58:18+00:00 SKIP_EXISTING [365/1000] id=OAFX1365 window=SCREEN_IS
2026-08-30T11:58:18+00:00 SKIP_EXISTING [366/1000] id=OAFX1366 window=SCREEN_IS
2026-08-30T11:58:18+00:00 SKIP_EXISTING [367/1000] id=OAFX1367 window=SCREEN_IS
2026-08-30T11:58:18+00:00 GATE_SKIP id=OAFX1365 window=IS reason=SINGLE_SLEEVE_INFERIOR decision=SCREEN_OUT_SINGLE_SLEEVE net=83241.0 PF=1.2247 DD=21.2092%
2026-08-30T11:58:18+00:00 GATE_SKIP id=OAFX1366 window=IS reason=SINGLE_SLEEVE_INFERIOR decision=SCREEN_OUT_SINGLE_SLEEVE net=84205.0 PF=1.2273 DD=20.9567%
2026-08-30T11:58:18+00:00 GATE_SKIP id=OAFX1367 window=IS reason=SINGLE_SLEEVE_INFERIOR decision=SCREEN_OUT_SINGLE_SLEEVE net=85315.0 PF=1.2303 DD=20.682%
2026-08-30T11:58:18+00:00 SKIP_EXISTING [368/1000] id=OAFX1368 window=SCREEN_IS
2026-08-30T11:58:18+00:00 SKIP_EXISTING [369/1000] id=OAFX1369 window=SCREEN_IS
2026-08-30T11:58:18+00:00 SKIP_EXISTING [370/1000] id=OAFX1370 window=SCREEN_IS
2026-08-30T11:58:18+00:00 GATE_SKIP id=OAFX1368 window=IS reason=SINGLE_SLEEVE_INFERIOR decision=SCREEN_OUT_SINGLE_SLEEVE net=84065.0 PF=1.227 DD=20.8743%
2026-08-30T11:58:18+00:00 GATE_SKIP id=OAFX1369 window=IS reason=SINGLE_SLEEVE_INFERIOR decision=SCREEN_OUT_SINGLE_SLEEVE net=86145.0 PF=1.2326 DD=20.4144%
2026-08-30T11:58:18+00:00 GATE_SKIP id=OAFX1370 window=IS reason=SINGLE_SLEEVE_INFERIOR decision=SCREEN_OUT_SINGLE_SLEEVE net=87525.0 PF=1.2363 DD=20.1701%
2026-08-30T11:58:18+00:00 SKIP_EXISTING [371/1000] id=OAFX1371 window=SCREEN_IS
2026-08-30T11:58:18+00:00 SKIP_EXISTING [372/1000] id=OAFX1372 window=SCREEN_IS
2026-08-30T11:58:18+00:00 SKIP_EXISTING [373/1000] id=OAFX1373 window=SCREEN_IS
2026-08-30T11:58:18+00:00 GATE_SKIP id=OAFX1371 window=IS reason=SINGLE_SLEEVE_INFERIOR decision=SCREEN_OUT_SINGLE_SLEEVE net=86179.0 PF=1.2309 DD=21.4676%
2026-08-30T11:58:18+00:00 GATE_SKIP id=OAFX1372 window=IS reason=SINGLE_SLEEVE_INFERIOR decision=SCREEN_OUT_SINGLE_SLEEVE net=86809.0 PF=1.2326 DD=21.3221%
2026-08-30T11:58:18+00:00 GATE_SKIP id=OAFX1373 window=IS reason=SINGLE_SLEEVE_INFERIOR decision=SCREEN_OUT_SINGLE_SLEEVE net=86420.0 PF=1.2316 DD=21.6843%
2026-08-30T11:58:18+00:00 SKIP_EXISTING [374/1000] id=OAFX1374 window=SCREEN_IS
2026-08-30T11:58:18+00:00 SKIP_EXISTING [375/1000] id=OAFX1375 window=SCREEN_IS
2026-08-30T11:58:18+00:00 SKIP_EXISTING [376/1000] id=OAFX1376 window=SCREEN_IS
2026-08-30T11:58:18+00:00 GATE_SKIP id=OAFX1374 window=IS reason=SINGLE_SLEEVE_INFERIOR decision=SCREEN_OUT_SINGLE_SLEEVE net=86056.0 PF=1.2306 DD=21.6474%
2026-08-30T11:58:18+00:00 GATE_SKIP id=OAFX1375 window=IS reason=SINGLE_SLEEVE_INFERIOR decision=SCREEN_OUT_SINGLE_SLEEVE net=86889.0 PF=1.2329 DD=21.4525%
2026-08-30T11:58:18+00:00 GATE_SKIP id=OAFX1376 window=IS reason=SINGLE_SLEEVE_INFERIOR decision=SCREEN_OUT_SINGLE_SLEEVE net=87483.0 PF=1.2344 DD=21.3033%
2026-08-30T11:58:18+00:00 SKIP_EXISTING [377/1000] id=OAFX1377 window=SCREEN_IS
2026-08-30T11:58:18+00:00 SKIP_EXISTING [378/1000] id=OAFX1378 window=SCREEN_IS
2026-08-30T11:58:18+00:00 SKIP_EXISTING [379/1000] id=OAFX1379 window=SCREEN_IS
2026-08-30T11:58:18+00:00 GATE_SKIP id=OAFX1377 window=IS reason=SINGLE_SLEEVE_INFERIOR decision=SCREEN_OUT_SINGLE_SLEEVE net=88240.0 PF=1.2365 DD=21.1318%
2026-08-30T11:58:18+00:00 GATE_SKIP id=OAFX1378 window=IS reason=SINGLE_SLEEVE_INFERIOR decision=SCREEN_OUT_SINGLE_SLEEVE net=86690.0 PF=1.2323 DD=21.3885%
2026-08-30T11:58:18+00:00 GATE_SKIP id=OAFX1379 window=IS reason=SINGLE_SLEEVE_INFERIOR decision=SCREEN_OUT_SINGLE_SLEEVE net=88000.0 PF=1.2358 DD=21.1207%
2026-08-30T11:58:18+00:00 SKIP_EXISTING [380/1000] id=OAFX1380 window=SCREEN_IS
2026-08-30T11:58:18+00:00 SKIP_EXISTING [381/1000] id=OAFX1381 window=SCREEN_IS
2026-08-30T11:58:18+00:00 SKIP_EXISTING [382/1000] id=OAFX1382 window=SCREEN_IS
2026-08-30T11:58:18+00:00 GATE_SKIP id=OAFX1380 window=IS reason=SINGLE_SLEEVE_INFERIOR decision=SCREEN_OUT_SINGLE_SLEEVE net=88867.0 PF=1.2382 DD=20.9449%
2026-08-30T11:58:18+00:00 GATE_SKIP id=OAFX1381 window=IS reason=SINGLE_SLEEVE_INFERIOR decision=SCREEN_OUT_SINGLE_SLEEVE net=91240.0 PF=1.2422 DD=19.6272%
2026-08-30T11:58:18+00:00 GATE_SKIP id=OAFX1382 window=IS reason=SINGLE_SLEEVE_INFERIOR decision=SCREEN_OUT_SINGLE_SLEEVE net=91623.0 PF=1.2432 DD=19.5695%
2026-08-30T11:58:18+00:00 SKIP_EXISTING [383/1000] id=OAFX1383 window=SCREEN_IS
2026-08-30T11:58:18+00:00 SKIP_EXISTING [384/1000] id=OAFX1384 window=SCREEN_IS
2026-08-30T11:58:18+00:00 SKIP_EXISTING [385/1000] id=OAFX1385 window=SCREEN_IS
2026-08-30T11:58:18+00:00 GATE_SKIP id=OAFX1383 window=IS reason=SINGLE_SLEEVE_INFERIOR decision=SCREEN_OUT_SINGLE_SLEEVE net=90860.0 PF=1.2412 DD=20.0403%
2026-08-30T11:58:18+00:00 GATE_SKIP id=OAFX1384 window=IS reason=SINGLE_SLEEVE_INFERIOR decision=SCREEN_OUT_SINGLE_SLEEVE net=91328.0 PF=1.2424 DD=19.9633%
2026-08-30T11:58:18+00:00 GATE_SKIP id=OAFX1385 window=IS reason=SINGLE_SLEEVE_INFERIOR decision=SCREEN_OUT_SINGLE_SLEEVE net=91714.0 PF=1.2434 DD=19.8953%
2026-08-30T11:58:18+00:00 SKIP_EXISTING [386/1000] id=OAFX1386 window=SCREEN_IS
2026-08-30T11:58:18+00:00 SKIP_EXISTING [387/1000] id=OAFX1387 window=SCREEN_IS
2026-08-30T11:58:18+00:00 SKIP_EXISTING [388/1000] id=OAFX1388 window=SCREEN_IS
2026-08-30T11:58:18+00:00 GATE_SKIP id=OAFX1386 window=IS reason=SINGLE_SLEEVE_INFERIOR decision=SCREEN_OUT_SINGLE_SLEEVE net=92105.0 PF=1.2445 DD=19.8322%
2026-08-30T11:58:18+00:00 GATE_SKIP id=OAFX1387 window=IS reason=SINGLE_SLEEVE_INFERIOR decision=SCREEN_OUT_SINGLE_SLEEVE net=92501.0 PF=1.2455 DD=19.7548%
2026-08-30T11:58:18+00:00 GATE_SKIP id=OAFX1388 window=IS reason=SINGLE_SLEEVE_INFERIOR decision=SCREEN_OUT_SINGLE_SLEEVE net=92750.0 PF=1.2462 DD=19.6918%
2026-08-30T11:58:18+00:00 SKIP_EXISTING [389/1000] id=OAFX1389 window=SCREEN_IS
2026-08-30T11:58:18+00:00 SKIP_EXISTING [390/1000] id=OAFX1390 window=SCREEN_IS
2026-08-30T11:58:18+00:00 SKIP_EXISTING [391/1000] id=OAFX1391 window=SCREEN_IS
2026-08-30T11:58:18+00:00 GATE_SKIP id=OAFX1389 window=IS reason=SINGLE_SLEEVE_INFERIOR decision=SCREEN_OUT_SINGLE_SLEEVE net=93395.0 PF=1.2479 DD=19.5777%
2026-08-30T11:58:18+00:00 GATE_SKIP id=OAFX1390 window=IS reason=SINGLE_SLEEVE_INFERIOR decision=SCREEN_NOISE_BAND net=93787.0 PF=1.2489 DD=19.509%
2026-08-30T11:58:18+00:00 GATE_SKIP id=OAFX1391 window=IS reason=SINGLE_SLEEVE_INFERIOR decision=SCREEN_OUT_SINGLE_SLEEVE net=87195.0 PF=1.2256 DD=19.5314%
2026-08-30T11:58:18+00:00 SKIP_EXISTING [392/1000] id=OAFX1392 window=SCREEN_IS
2026-08-30T11:58:18+00:00 SKIP_EXISTING [393/1000] id=OAFX1393 window=SCREEN_IS
2026-08-30T11:58:18+00:00 SKIP_EXISTING [394/1000] id=OAFX1394 window=SCREEN_IS
2026-08-30T11:58:18+00:00 GATE_SKIP id=OAFX1392 window=IS reason=SINGLE_SLEEVE_INFERIOR decision=SCREEN_OUT_SINGLE_SLEEVE net=87249.0 PF=1.2257 DD=19.5314%
2026-08-30T11:58:18+00:00 GATE_SKIP id=OAFX1393 window=IS reason=SINGLE_SLEEVE_INFERIOR decision=SCREEN_OUT_SINGLE_SLEEVE net=87279.0 PF=1.2258 DD=19.5314%
2026-08-30T11:58:18+00:00 GATE_SKIP id=OAFX1394 window=IS reason=SINGLE_SLEEVE_INFERIOR decision=SCREEN_OUT_SINGLE_SLEEVE net=87333.0 PF=1.2259 DD=19.5314%
2026-08-30T11:58:18+00:00 SKIP_EXISTING [395/1000] id=OAFX1395 window=SCREEN_IS
2026-08-30T11:58:18+00:00 SKIP_EXISTING [396/1000] id=OAFX1396 window=SCREEN_IS
2026-08-30T11:58:18+00:00 SKIP_EXISTING [397/1000] id=OAFX1397 window=SCREEN_IS
2026-08-30T11:58:18+00:00 GATE_SKIP id=OAFX1395 window=IS reason=SINGLE_SLEEVE_INFERIOR decision=SCREEN_OUT_SINGLE_SLEEVE net=87375.0 PF=1.226 DD=19.5314%
2026-08-30T11:58:18+00:00 GATE_SKIP id=OAFX1396 window=IS reason=SINGLE_SLEEVE_INFERIOR decision=SCREEN_OUT_SINGLE_SLEEVE net=87423.0 PF=1.2262 DD=19.5314%
2026-08-30T11:58:18+00:00 GATE_SKIP id=OAFX1397 window=IS reason=SINGLE_SLEEVE_INFERIOR decision=SCREEN_OUT_SINGLE_SLEEVE net=87471.0 PF=1.2263 DD=19.5314%
2026-08-30T11:58:18+00:00 SKIP_EXISTING [398/1000] id=OAFX1398 window=SCREEN_IS
2026-08-30T11:58:18+00:00 SKIP_EXISTING [399/1000] id=OAFX1399 window=SCREEN_IS
2026-08-30T11:58:18+00:00 SKIP_EXISTING [400/1000] id=OAFX1400 window=SCREEN_IS
2026-08-30T11:58:18+00:00 GATE_SKIP id=OAFX1398 window=IS reason=SINGLE_SLEEVE_INFERIOR decision=SCREEN_OUT_SINGLE_SLEEVE net=87537.0 PF=1.2264 DD=19.5314%
2026-08-30T11:58:18+00:00 GATE_SKIP id=OAFX1399 window=IS reason=SINGLE_SLEEVE_INFERIOR decision=SCREEN_OUT_SINGLE_SLEEVE net=87603.0 PF=1.2266 DD=19.5314%
2026-08-30T11:58:18+00:00 GATE_SKIP id=OAFX1400 window=IS reason=SINGLE_SLEEVE_INFERIOR decision=SCREEN_OUT_SINGLE_SLEEVE net=87651.0 PF=1.2267 DD=19.5314%
2026-08-30T11:58:18+00:00 SKIP_EXISTING [401/1000] id=OAFX1401 window=SCREEN_IS
2026-08-30T11:58:18+00:00 SKIP_EXISTING [402/1000] id=OAFX1402 window=SCREEN_IS
2026-08-30T11:58:18+00:00 SKIP_EXISTING [403/1000] id=OAFX1403 window=SCREEN_IS
2026-08-30T11:58:18+00:00 GATE_SKIP id=OAFX1401 window=IS reason=SINGLE_SLEEVE_INFERIOR decision=SCREEN_OUT_SINGLE_SLEEVE net=42243.0 PF=1.1772 DD=22.1869%
2026-08-30T11:58:18+00:00 GATE_SKIP id=OAFX1402 window=IS reason=SINGLE_SLEEVE_INFERIOR decision=SCREEN_OUT_SINGLE_SLEEVE net=52697.0 PF=1.2189 DD=22.9989%
2026-08-30T11:58:18+00:00 GATE_SKIP id=OAFX1403 window=IS reason=SINGLE_SLEEVE_INFERIOR decision=SCREEN_OUT_SINGLE_SLEEVE net=47186.0 PF=1.189 DD=25.376%
2026-08-30T11:58:18+00:00 SKIP_EXISTING [404/1000] id=OAFX1404 window=SCREEN_IS
2026-08-30T11:58:18+00:00 SKIP_EXISTING [405/1000] id=OAFX1405 window=SCREEN_IS
2026-08-30T11:58:18+00:00 SKIP_EXISTING [406/1000] id=OAFX1406 window=SCREEN_IS
2026-08-30T11:58:18+00:00 GATE_SKIP id=OAFX1404 window=IS reason=SINGLE_SLEEVE_INFERIOR decision=SCREEN_OUT_SINGLE_SLEEVE net=43143.0 PF=1.1617 DD=29.9468%
2026-08-30T11:58:18+00:00 GATE_SKIP id=OAFX1405 window=IS reason=SINGLE_SLEEVE_INFERIOR decision=SCREEN_OUT_SINGLE_SLEEVE net=64250.0 PF=1.2264 DD=25.429%
2026-08-30T11:58:18+00:00 GATE_SKIP id=OAFX1406 window=IS reason=SINGLE_SLEEVE_INFERIOR decision=SCREEN_OUT_SINGLE_SLEEVE net=58983.0 PF=1.1821 DD=33.0008%
2026-08-30T11:58:18+00:00 SKIP_EXISTING [407/1000] id=OAFX1407 window=SCREEN_IS
2026-08-30T11:58:18+00:00 SKIP_EXISTING [408/1000] id=OAFX1408 window=SCREEN_IS
2026-08-30T11:58:18+00:00 SCREEN_SKIP_EXISTING_FULLBOOK [409/1000] id=OAFX1409 reason=existing fullbook IS retained
2026-08-30T11:58:18+00:00 GATE_SKIP id=OAFX1407 window=IS reason=SINGLE_SLEEVE_INFERIOR decision=SCREEN_OUT_SINGLE_SLEEVE net=68765.0 PF=1.2011 DD=26.1551%
2026-08-30T11:58:18+00:00 GATE_SKIP id=OAFX1408 window=IS reason=SINGLE_SLEEVE_INFERIOR decision=SCREEN_OUT_SINGLE_SLEEVE net=73368.0 PF=1.2042 DD=24.6796%
2026-08-30T11:58:18+00:00 SKIP_EXISTING [409/1000] id=OAFX1409 window=IS
2026-08-30T11:58:18+00:00 SCREEN_SKIP_EXISTING_FULLBOOK [410/1000] id=OAFX1410 reason=existing fullbook IS retained
2026-08-30T11:58:18+00:00 SKIP_EXISTING [411/1000] id=OAFX1411 window=SCREEN_IS
2026-08-30T11:58:18+00:00 GATE_SKIP id=OAFX1411 window=IS reason=SINGLE_SLEEVE_INFERIOR decision=SCREEN_OUT_SINGLE_SLEEVE net=38370.0 PF=1.1375 DD=21.9141%
2026-08-30T11:58:18+00:00 SKIP_EXISTING [410/1000] id=OAFX1410 window=IS
2026-08-30T11:58:18+00:00 RUN_START id=OAFX1409 family=gj_atr_trailing window=OOS terminal=BT2 run=oafx_oos_oafx1409_20260830205818_6bce4e
2026-08-30T11:58:18+00:00 SKIP_EXISTING [412/1000] id=OAFX1412 window=SCREEN_IS
2026-08-30T11:58:18+00:00 GATE_SKIP id=OAFX1410 window=OOS reason=IS_NOT_SURVIVOR decision=IS_NOISE_BAND net=291361.0 PF=1.4227 DD=34.6884%
2026-08-30T11:58:18+00:00 GATE_SKIP id=OAFX1412 window=IS reason=SINGLE_SLEEVE_INFERIOR decision=SCREEN_OUT_SINGLE_SLEEVE net=40751.0 PF=1.1459 DD=23.4489%
2026-08-30T11:58:18+00:00 SKIP_EXISTING [413/1000] id=OAFX1413 window=SCREEN_IS
2026-08-30T11:58:18+00:00 GATE_SKIP id=OAFX1413 window=IS reason=SINGLE_SLEEVE_INFERIOR decision=SCREEN_OUT_SINGLE_SLEEVE net=42527.0 PF=1.1506 DD=23.7248%
2026-08-30T11:58:18+00:00 SKIP_EXISTING [414/1000] id=OAFX1414 window=SCREEN_IS
2026-08-30T11:58:18+00:00 GATE_SKIP id=OAFX1414 window=IS reason=SINGLE_SLEEVE_INFERIOR decision=SCREEN_OUT_SINGLE_SLEEVE net=55512.0 PF=1.1915 DD=25.9158%
2026-08-30T11:58:18+00:00 SKIP_EXISTING [415/1000] id=OAFX1415 window=SCREEN_IS
2026-08-30T11:58:18+00:00 GATE_SKIP id=OAFX1415 window=IS reason=SINGLE_SLEEVE_INFERIOR decision=SCREEN_OUT_SINGLE_SLEEVE net=65219.0 PF=1.2174 DD=24.598%
2026-08-30T11:58:18+00:00 SKIP_EXISTING [416/1000] id=OAFX1416 window=SCREEN_IS
2026-08-30T11:58:18+00:00 GATE_SKIP id=OAFX1416 window=IS reason=SINGLE_SLEEVE_INFERIOR decision=SCREEN_OUT_SINGLE_SLEEVE net=58080.0 PF=1.1768 DD=33.689%
2026-08-30T11:58:18+00:00 SKIP_EXISTING [417/1000] id=OAFX1417 window=SCREEN_IS
2026-08-30T11:58:18+00:00 SKIP_EXISTING [418/1000] id=OAFX1418 window=SCREEN_IS
2026-08-30T11:58:18+00:00 GATE_SKIP id=OAFX1418 window=IS reason=SINGLE_SLEEVE_INFERIOR decision=SCREEN_OUT_SINGLE_SLEEVE net=74857.0 PF=1.2086 DD=23.732%
2026-08-30T11:58:18+00:00 GATE_SKIP id=OAFX1417 window=IS reason=SINGLE_SLEEVE_INFERIOR decision=SCREEN_OUT_SINGLE_SLEEVE net=69135.0 PF=1.2018 DD=26.8464%
2026-08-30T11:58:18+00:00 SKIP_EXISTING [419/1000] id=OAFX1419 window=SCREEN_IS
2026-08-30T11:58:18+00:00 SCREEN_SKIP_EXISTING_FULLBOOK [420/1000] id=OAFX1420 reason=existing fullbook IS retained
2026-08-30T11:58:18+00:00 RUN_START id=OAFX1419 family=gj_atr_trailing window=IS terminal=BT1 run=oafx_is_oafx1419_20260830205818_7609d8
2026-08-30T11:58:18+00:00 SKIP_EXISTING [420/1000] id=OAFX1420 window=IS
2026-08-30T11:58:18+00:00 GATE_SKIP id=OAFX1420 window=OOS reason=IS_NOT_SURVIVOR decision=IS_NOISE_BAND net=291779.0 PF=1.4235 DD=34.6884%
2026-08-30T11:58:18+00:00 SKIP_EXISTING [421/1000] id=OAFX1421 window=SCREEN_IS
2026-08-30T11:58:18+00:00 GATE_SKIP id=OAFX1421 window=IS reason=SINGLE_SLEEVE_INFERIOR decision=SCREEN_OUT_SINGLE_SLEEVE net=55981.0 PF=1.1843 DD=20.8966%
2026-08-30T11:58:18+00:00 SKIP_EXISTING [422/1000] id=OAFX1422 window=SCREEN_IS
2026-08-30T11:58:18+00:00 GATE_SKIP id=OAFX1422 window=IS reason=SINGLE_SLEEVE_INFERIOR decision=SCREEN_OUT_SINGLE_SLEEVE net=50890.0 PF=1.1675 DD=22.2592%
2026-08-30T11:58:18+00:00 SKIP_EXISTING [423/1000] id=OAFX1423 window=SCREEN_IS
2026-08-30T11:58:18+00:00 GATE_SKIP id=OAFX1423 window=IS reason=SINGLE_SLEEVE_INFERIOR decision=SCREEN_OUT_SINGLE_SLEEVE net=37922.0 PF=1.1246 DD=26.7897%
2026-08-30T11:58:18+00:00 SKIP_EXISTING [424/1000] id=OAFX1424 window=SCREEN_IS
2026-08-30T11:58:18+00:00 GATE_SKIP id=OAFX1424 window=IS reason=SINGLE_SLEEVE_INFERIOR decision=SCREEN_OUT_SINGLE_SLEEVE net=60498.0 PF=1.1968 DD=24.4046%
2026-08-30T11:58:18+00:00 SKIP_EXISTING [425/1000] id=OAFX1425 window=SCREEN_IS
2026-08-30T11:58:18+00:00 GATE_SKIP id=OAFX1425 window=IS reason=SINGLE_SLEEVE_INFERIOR decision=SCREEN_OUT_SINGLE_SLEEVE net=80393.0 PF=1.2578 DD=21.95%
2026-08-30T11:58:18+00:00 SKIP_EXISTING [426/1000] id=OAFX1426 window=SCREEN_IS
2026-08-30T11:58:18+00:00 GATE_SKIP id=OAFX1426 window=IS reason=SINGLE_SLEEVE_INFERIOR decision=SCREEN_OUT_SINGLE_SLEEVE net=65774.0 PF=1.1989 DD=32.5152%
2026-08-30T11:58:18+00:00 SKIP_EXISTING [427/1000] id=OAFX1427 window=SCREEN_IS
2026-08-30T11:58:18+00:00 GATE_SKIP id=OAFX1427 window=IS reason=SINGLE_SLEEVE_INFERIOR decision=SCREEN_OUT_SINGLE_SLEEVE net=83704.0 PF=1.2434 DD=24.0045%
2026-08-30T11:58:18+00:00 SKIP_EXISTING [428/1000] id=OAFX1428 window=SCREEN_IS
2026-08-30T11:58:18+00:00 GATE_SKIP id=OAFX1428 window=IS reason=SINGLE_SLEEVE_INFERIOR decision=SCREEN_OUT_SINGLE_SLEEVE net=79672.0 PF=1.2229 DD=24.4625%
2026-08-30T11:58:18+00:00 SKIP_EXISTING [429/1000] id=OAFX1429 window=SCREEN_IS
2026-08-30T11:58:18+00:00 GATE_SKIP id=OAFX1429 window=IS reason=SINGLE_SLEEVE_INFERIOR decision=SCREEN_OUT_SINGLE_SLEEVE net=95540.0 PF=1.2576 DD=19.5947%
2026-08-30T11:58:18+00:00 SCREEN_SKIP_EXISTING_FULLBOOK [430/1000] id=OAFX1430 reason=existing fullbook IS retained
2026-08-30T11:58:18+00:00 SKIP_EXISTING [430/1000] id=OAFX1430 window=IS
2026-08-30T11:58:18+00:00 GATE_SKIP id=OAFX1430 window=OOS reason=IS_NOT_SURVIVOR decision=IS_NOISE_BAND net=291457.0 PF=1.4229 DD=34.6884%
2026-08-30T11:58:18+00:00 SKIP_EXISTING [431/1000] id=OAFX1431 window=SCREEN_IS
2026-08-30T11:58:18+00:00 GATE_SKIP id=OAFX1431 window=IS reason=SINGLE_SLEEVE_INFERIOR decision=SCREEN_OUT_SINGLE_SLEEVE net=50474.0 PF=1.153 DD=20.6886%
2026-08-30T11:58:18+00:00 SKIP_EXISTING [432/1000] id=OAFX1432 window=SCREEN_IS
2026-08-30T11:58:18+00:00 GATE_SKIP id=OAFX1432 window=IS reason=SINGLE_SLEEVE_INFERIOR decision=SCREEN_OUT_SINGLE_SLEEVE net=44996.0 PF=1.1364 DD=23.4737%
2026-08-30T11:58:18+00:00 SKIP_EXISTING [433/1000] id=OAFX1433 window=SCREEN_IS
2026-08-30T11:58:18+00:00 GATE_SKIP id=OAFX1433 window=IS reason=SINGLE_SLEEVE_INFERIOR decision=SCREEN_OUT_SINGLE_SLEEVE net=43025.0 PF=1.1304 DD=28.44%
2026-08-30T11:58:18+00:00 SKIP_EXISTING [434/1000] id=OAFX1434 window=SCREEN_IS
2026-08-30T11:58:18+00:00 GATE_SKIP id=OAFX1434 window=IS reason=SINGLE_SLEEVE_INFERIOR decision=SCREEN_OUT_SINGLE_SLEEVE net=72319.0 PF=1.2188 DD=23.7202%
2026-08-30T11:58:18+00:00 SKIP_EXISTING [435/1000] id=OAFX1435 window=SCREEN_IS
2026-08-30T11:58:18+00:00 GATE_SKIP id=OAFX1435 window=IS reason=SINGLE_SLEEVE_INFERIOR decision=SCREEN_OUT_SINGLE_SLEEVE net=78425.0 PF=1.2356 DD=23.8681%
2026-08-30T11:58:18+00:00 SKIP_EXISTING [436/1000] id=OAFX1436 window=SCREEN_IS
2026-08-30T11:58:18+00:00 GATE_SKIP id=OAFX1436 window=IS reason=SINGLE_SLEEVE_INFERIOR decision=SCREEN_OUT_SINGLE_SLEEVE net=73088.0 PF=1.2133 DD=29.1416%
2026-08-30T11:58:18+00:00 SKIP_EXISTING [437/1000] id=OAFX1437 window=SCREEN_IS
2026-08-30T11:58:18+00:00 GATE_SKIP id=OAFX1437 window=IS reason=SINGLE_SLEEVE_INFERIOR decision=SCREEN_OUT_SINGLE_SLEEVE net=81561.0 PF=1.2319 DD=25.2781%
2026-08-30T11:58:18+00:00 SKIP_EXISTING [438/1000] id=OAFX1438 window=SCREEN_IS
2026-08-30T11:58:18+00:00 GATE_SKIP id=OAFX1438 window=IS reason=SINGLE_SLEEVE_INFERIOR decision=SCREEN_OUT_SINGLE_SLEEVE net=77914.0 PF=1.2148 DD=25.3715%
2026-08-30T11:58:18+00:00 SKIP_EXISTING [439/1000] id=OAFX1439 window=SCREEN_IS
2026-08-30T11:58:18+00:00 GATE_SKIP id=OAFX1439 window=IS reason=SINGLE_SLEEVE_INFERIOR decision=SCREEN_NOISE_BAND net=96681.0 PF=1.2596 DD=19.0362%
2026-08-30T11:58:18+00:00 SCREEN_SKIP_EXISTING_FULLBOOK [440/1000] id=OAFX1440 reason=existing fullbook IS retained
2026-08-30T11:58:18+00:00 SKIP_EXISTING [440/1000] id=OAFX1440 window=IS
2026-08-30T11:58:18+00:00 GATE_SKIP id=OAFX1440 window=OOS reason=IS_NOT_SURVIVOR decision=IS_NOISE_BAND net=291457.0 PF=1.4229 DD=34.6884%
2026-08-30T11:58:18+00:00 SKIP_EXISTING [441/1000] id=OAFX1441 window=SCREEN_IS
2026-08-30T11:58:18+00:00 GATE_SKIP id=OAFX1441 window=IS reason=SINGLE_SLEEVE_INFERIOR decision=SCREEN_OUT_SINGLE_SLEEVE net=56833.0 PF=1.1613 DD=22.4636%
2026-08-30T11:58:18+00:00 SKIP_EXISTING [442/1000] id=OAFX1442 window=SCREEN_IS
2026-08-30T11:58:18+00:00 GATE_SKIP id=OAFX1442 window=IS reason=SINGLE_SLEEVE_INFERIOR decision=SCREEN_OUT_SINGLE_SLEEVE net=50151.0 PF=1.1424 DD=23.3003%
2026-08-30T11:58:18+00:00 SKIP_EXISTING [443/1000] id=OAFX1443 window=SCREEN_IS
2026-08-30T11:58:18+00:00 GATE_SKIP id=OAFX1443 window=IS reason=SINGLE_SLEEVE_INFERIOR decision=SCREEN_OUT_SINGLE_SLEEVE net=39575.0 PF=1.1124 DD=27.596%
2026-08-30T11:58:18+00:00 SKIP_EXISTING [444/1000] id=OAFX1444 window=SCREEN_IS
2026-08-30T11:58:18+00:00 GATE_SKIP id=OAFX1444 window=IS reason=SINGLE_SLEEVE_INFERIOR decision=SCREEN_OUT_SINGLE_SLEEVE net=58695.0 PF=1.1666 DD=24.8355%
2026-08-30T11:58:18+00:00 SKIP_EXISTING [445/1000] id=OAFX1445 window=SCREEN_IS
2026-08-30T11:58:18+00:00 GATE_SKIP id=OAFX1445 window=IS reason=SINGLE_SLEEVE_INFERIOR decision=SCREEN_OUT_SINGLE_SLEEVE net=68586.0 PF=1.194 DD=24.6363%
2026-08-30T11:58:18+00:00 SKIP_EXISTING [446/1000] id=OAFX1446 window=SCREEN_IS
2026-08-30T11:58:18+00:00 GATE_SKIP id=OAFX1446 window=IS reason=SINGLE_SLEEVE_INFERIOR decision=SCREEN_OUT_SINGLE_SLEEVE net=65766.0 PF=1.1843 DD=28.3941%
2026-08-30T11:58:18+00:00 SKIP_EXISTING [447/1000] id=OAFX1447 window=SCREEN_IS
2026-08-30T11:58:18+00:00 GATE_SKIP id=OAFX1447 window=IS reason=SINGLE_SLEEVE_INFERIOR decision=SCREEN_OUT_SINGLE_SLEEVE net=76487.0 PF=1.2104 DD=24.6384%
2026-08-30T11:58:18+00:00 SKIP_EXISTING [448/1000] id=OAFX1448 window=SCREEN_IS
2026-08-30T11:58:18+00:00 GATE_SKIP id=OAFX1448 window=IS reason=SINGLE_SLEEVE_INFERIOR decision=SCREEN_OUT_SINGLE_SLEEVE net=73786.0 PF=1.1993 DD=26.3647%
2026-08-30T11:58:18+00:00 SKIP_EXISTING [449/1000] id=OAFX1449 window=SCREEN_IS
2026-08-30T11:58:18+00:00 GATE_SKIP id=OAFX1449 window=IS reason=SINGLE_SLEEVE_INFERIOR decision=SCREEN_OUT_SINGLE_SLEEVE net=94165.0 PF=1.2508 DD=19.5354%
2026-08-30T11:58:18+00:00 SCREEN_SKIP_EXISTING_FULLBOOK [450/1000] id=OAFX1450 reason=existing fullbook IS retained
2026-08-30T11:58:18+00:00 SKIP_EXISTING [450/1000] id=OAFX1450 window=IS
2026-08-30T11:58:18+00:00 GATE_SKIP id=OAFX1450 window=OOS reason=IS_NOT_SURVIVOR decision=IS_NOISE_BAND net=290551.0 PF=1.421 DD=34.7936%
2026-08-30T11:58:18+00:00 SKIP_EXISTING [451/1000] id=OAFX1451 window=SCREEN_IS
2026-08-30T11:58:18+00:00 GATE_SKIP id=OAFX1451 window=IS reason=SINGLE_SLEEVE_INFERIOR decision=SCREEN_OUT_SINGLE_SLEEVE net=47266.0 PF=1.1295 DD=23.8889%
2026-08-30T11:58:18+00:00 SKIP_EXISTING [452/1000] id=OAFX1452 window=SCREEN_IS
2026-08-30T11:58:18+00:00 GATE_SKIP id=OAFX1452 window=IS reason=SINGLE_SLEEVE_INFERIOR decision=SCREEN_OUT_SINGLE_SLEEVE net=46898.0 PF=1.1285 DD=25.6692%
2026-08-30T11:58:18+00:00 SKIP_EXISTING [453/1000] id=OAFX1453 window=SCREEN_IS
2026-08-30T11:58:18+00:00 GATE_SKIP id=OAFX1453 window=IS reason=SINGLE_SLEEVE_INFERIOR decision=SCREEN_OUT_SINGLE_SLEEVE net=40554.0 PF=1.1111 DD=29.6255%
2026-08-30T11:58:18+00:00 SKIP_EXISTING [454/1000] id=OAFX1454 window=SCREEN_IS
2026-08-30T11:58:18+00:00 GATE_SKIP id=OAFX1454 window=IS reason=SINGLE_SLEEVE_INFERIOR decision=SCREEN_OUT_SINGLE_SLEEVE net=59798.0 PF=1.1639 DD=27.0649%
2026-08-30T11:58:18+00:00 SKIP_EXISTING [455/1000] id=OAFX1455 window=SCREEN_IS
2026-08-30T11:58:18+00:00 GATE_SKIP id=OAFX1455 window=IS reason=SINGLE_SLEEVE_INFERIOR decision=SCREEN_OUT_SINGLE_SLEEVE net=69872.0 PF=1.1914 DD=26.4532%
2026-08-30T11:58:18+00:00 SKIP_EXISTING [456/1000] id=OAFX1456 window=SCREEN_IS
2026-08-30T11:58:18+00:00 GATE_SKIP id=OAFX1456 window=IS reason=SINGLE_SLEEVE_INFERIOR decision=SCREEN_OUT_SINGLE_SLEEVE net=64903.0 PF=1.1768 DD=29.3384%
2026-08-30T11:58:18+00:00 SKIP_EXISTING [457/1000] id=OAFX1457 window=SCREEN_IS
2026-08-30T11:58:18+00:00 GATE_SKIP id=OAFX1457 window=IS reason=SINGLE_SLEEVE_INFERIOR decision=SCREEN_OUT_SINGLE_SLEEVE net=73247.0 PF=1.1975 DD=26.4281%
2026-08-30T11:58:18+00:00 SKIP_EXISTING [458/1000] id=OAFX1458 window=SCREEN_IS
2026-08-30T11:58:18+00:00 GATE_SKIP id=OAFX1458 window=IS reason=SINGLE_SLEEVE_INFERIOR decision=SCREEN_OUT_SINGLE_SLEEVE net=81552.0 PF=1.2181 DD=24.5371%
2026-08-30T11:58:18+00:00 SKIP_EXISTING [459/1000] id=OAFX1459 window=SCREEN_IS
2026-08-30T11:58:18+00:00 GATE_SKIP id=OAFX1459 window=IS reason=SINGLE_SLEEVE_INFERIOR decision=SCREEN_NOISE_BAND net=92710.0 PF=1.2456 DD=19.4145%
2026-08-30T11:58:18+00:00 SCREEN_SKIP_EXISTING_FULLBOOK [460/1000] id=OAFX1460 reason=existing fullbook IS retained
2026-08-30T11:58:18+00:00 SKIP_EXISTING [460/1000] id=OAFX1460 window=IS
2026-08-30T11:58:18+00:00 GATE_SKIP id=OAFX1460 window=OOS reason=IS_NOT_SURVIVOR decision=IS_NOISE_BAND net=290304.0 PF=1.4205 DD=34.7936%
2026-08-30T11:58:18+00:00 SKIP_EXISTING [461/1000] id=OAFX1461 window=SCREEN_IS
2026-08-30T11:58:18+00:00 GATE_SKIP id=OAFX1461 window=IS reason=SINGLE_SLEEVE_INFERIOR decision=SCREEN_OUT_SINGLE_SLEEVE net=65416.0 PF=1.1766 DD=18.4754%
2026-08-30T11:58:18+00:00 SKIP_EXISTING [462/1000] id=OAFX1462 window=SCREEN_IS
2026-08-30T11:58:18+00:00 GATE_SKIP id=OAFX1462 window=IS reason=SINGLE_SLEEVE_INFERIOR decision=SCREEN_OUT_SINGLE_SLEEVE net=58696.0 PF=1.1585 DD=20.8437%
2026-08-30T11:58:18+00:00 SKIP_EXISTING [463/1000] id=OAFX1463 window=SCREEN_IS
2026-08-30T11:58:18+00:00 GATE_SKIP id=OAFX1463 window=IS reason=SINGLE_SLEEVE_INFERIOR decision=SCREEN_OUT_SINGLE_SLEEVE net=67853.0 PF=1.1832 DD=21.7739%
2026-08-30T11:58:18+00:00 SKIP_EXISTING [464/1000] id=OAFX1464 window=SCREEN_IS
2026-08-30T11:58:18+00:00 GATE_SKIP id=OAFX1464 window=IS reason=SINGLE_SLEEVE_INFERIOR decision=SCREEN_OUT_SINGLE_SLEEVE net=71989.0 PF=1.1944 DD=24.3146%
2026-08-30T11:58:18+00:00 SKIP_EXISTING [465/1000] id=OAFX1465 window=SCREEN_IS
2026-08-30T11:58:18+00:00 GATE_SKIP id=OAFX1465 window=IS reason=SINGLE_SLEEVE_INFERIOR decision=SCREEN_OUT_SINGLE_SLEEVE net=78321.0 PF=1.2115 DD=24.4276%
2026-08-30T11:58:18+00:00 SKIP_EXISTING [466/1000] id=OAFX1466 window=SCREEN_IS
2026-08-30T11:58:18+00:00 GATE_SKIP id=OAFX1466 window=IS reason=SINGLE_SLEEVE_INFERIOR decision=SCREEN_OUT_SINGLE_SLEEVE net=61778.0 PF=1.1668 DD=29.4757%
2026-08-30T11:58:18+00:00 SKIP_EXISTING [467/1000] id=OAFX1467 window=SCREEN_IS
2026-08-30T11:58:18+00:00 GATE_SKIP id=OAFX1467 window=IS reason=SINGLE_SLEEVE_INFERIOR decision=SCREEN_OUT_SINGLE_SLEEVE net=83585.0 PF=1.2254 DD=23.0575%
2026-08-30T11:58:18+00:00 SKIP_EXISTING [468/1000] id=OAFX1468 window=SCREEN_IS
2026-08-30T11:58:18+00:00 GATE_SKIP id=OAFX1468 window=IS reason=SINGLE_SLEEVE_INFERIOR decision=SCREEN_OUT_SINGLE_SLEEVE net=86523.0 PF=1.2319 DD=22.7836%
2026-08-30T11:58:18+00:00 SKIP_EXISTING [469/1000] id=OAFX1469 window=SCREEN_IS
2026-08-30T11:58:18+00:00 RUN_START id=OAFX1469 family=gj_atr_trailing window=IS terminal=PROD run=oafx_is_oafx1469_20260830205818_1e0c19
2026-08-30T11:58:18+00:00 WAIT_LAUNCH_SLOT terminal=BT1 seconds=15.0
2026-08-30T11:58:18+00:00 WAIT_LAUNCH_SLOT terminal=PROD seconds=29.9
2026-08-30T11:58:19+00:00 RUN_HEARTBEAT terminal=BT2 pid=40224 elapsed=0s
2026-08-30T11:58:34+00:00 RUN_HEARTBEAT terminal=BT1 pid=30880 elapsed=0s
2026-08-30T11:58:50+00:00 RUN_HEARTBEAT terminal=PROD pid=34768 elapsed=0s
2026-08-30T11:59:22+00:00 RUN_HEARTBEAT terminal=BT2 pid=40224 elapsed=63s
2026-08-30T11:59:37+00:00 RUN_HEARTBEAT terminal=BT1 pid=30880 elapsed=63s
2026-08-30T11:59:53+00:00 RUN_HEARTBEAT terminal=PROD pid=34768 elapsed=64s
2026-08-30T12:00:26+00:00 RUN_HEARTBEAT terminal=BT2 pid=40224 elapsed=126s
2026-08-30T12:00:42+00:00 RUN_HEARTBEAT terminal=BT1 pid=30880 elapsed=127s
2026-08-30T12:00:58+00:00 RUN_HEARTBEAT terminal=PROD pid=34768 elapsed=128s
2026-08-30T12:01:30+00:00 RUN_HEARTBEAT terminal=BT2 pid=40224 elapsed=190s
2026-08-30T12:01:46+00:00 RUN_HEARTBEAT terminal=BT1 pid=30880 elapsed=191s
2026-08-30T12:02:02+00:00 RUN_HEARTBEAT terminal=PROD pid=34768 elapsed=192s
2026-08-30T12:02:34+00:00 RUN_HEARTBEAT terminal=BT2 pid=40224 elapsed=255s
2026-08-30T12:02:50+00:00 RUN_HEARTBEAT terminal=BT1 pid=30880 elapsed=256s
2026-08-30T12:03:06+00:00 RUN_HEARTBEAT terminal=PROD pid=34768 elapsed=257s
2026-08-30T12:03:38+00:00 RUN_HEARTBEAT terminal=BT2 pid=40224 elapsed=319s
2026-08-30T12:03:55+00:00 RUN_HEARTBEAT terminal=BT1 pid=30880 elapsed=320s
2026-08-30T12:04:11+00:00 RUN_HEARTBEAT terminal=PROD pid=34768 elapsed=321s
2026-08-30T12:04:43+00:00 RUN_HEARTBEAT terminal=BT2 pid=40224 elapsed=383s
2026-08-30T12:04:59+00:00 RUN_HEARTBEAT terminal=BT1 pid=30880 elapsed=384s
2026-08-30T12:05:15+00:00 RUN_HEARTBEAT terminal=PROD pid=34768 elapsed=385s
2026-08-30T12:05:47+00:00 RUN_HEARTBEAT terminal=BT2 pid=40224 elapsed=447s
2026-08-30T12:06:03+00:00 RUN_HEARTBEAT terminal=BT1 pid=30880 elapsed=448s
2026-08-30T12:06:19+00:00 RUN_HEARTBEAT terminal=PROD pid=34768 elapsed=449s
2026-08-30T12:06:51+00:00 RUN_END id=OAFX1409 window=OOS terminal=BT2 status=OK decision=REJECT elapsed=513.019s
2026-08-30T12:06:51+00:00 SCREEN_SKIP_EXISTING_FULLBOOK [470/1000] id=OAFX1470 reason=existing fullbook IS retained
2026-08-30T12:06:51+00:00 SKIP_EXISTING [470/1000] id=OAFX1470 window=IS
2026-08-30T12:06:51+00:00 GATE_SKIP id=OAFX1470 window=OOS reason=IS_NOT_SURVIVOR decision=IS_NOISE_BAND net=290457.0 PF=1.4208 DD=34.7936%
2026-08-30T12:06:51+00:00 SKIP_EXISTING [471/1000] id=OAFX1471 window=SCREEN_IS
2026-08-30T12:06:51+00:00 GATE_SKIP id=OAFX1471 window=IS reason=SINGLE_SLEEVE_INFERIOR decision=SCREEN_OUT_SINGLE_SLEEVE net=69731.0 PF=1.1869 DD=22.5143%
2026-08-30T12:06:51+00:00 SKIP_EXISTING [472/1000] id=OAFX1472 window=SCREEN_IS
2026-08-30T12:06:51+00:00 GATE_SKIP id=OAFX1472 window=IS reason=SINGLE_SLEEVE_INFERIOR decision=SCREEN_OUT_SINGLE_SLEEVE net=69660.0 PF=1.1867 DD=23.0584%
2026-08-30T12:06:51+00:00 SKIP_EXISTING [473/1000] id=OAFX1473 window=SCREEN_IS
2026-08-30T12:06:51+00:00 GATE_SKIP id=OAFX1473 window=IS reason=SINGLE_SLEEVE_INFERIOR decision=SCREEN_OUT_SINGLE_SLEEVE net=84118.0 PF=1.2254 DD=22.3922%
2026-08-30T12:06:51+00:00 SKIP_EXISTING [474/1000] id=OAFX1474 window=SCREEN_IS
2026-08-30T12:06:51+00:00 GATE_SKIP id=OAFX1474 window=IS reason=SINGLE_SLEEVE_INFERIOR decision=SCREEN_OUT_SINGLE_SLEEVE net=79007.0 PF=1.2117 DD=25.014%
2026-08-30T12:06:51+00:00 SKIP_EXISTING [475/1000] id=OAFX1475 window=SCREEN_IS
2026-08-30T12:06:51+00:00 GATE_SKIP id=OAFX1475 window=IS reason=SINGLE_SLEEVE_INFERIOR decision=SCREEN_OUT_SINGLE_SLEEVE net=74592.0 PF=1.1999 DD=26.8212%
2026-08-30T12:06:51+00:00 SKIP_EXISTING [476/1000] id=OAFX1476 window=SCREEN_IS
2026-08-30T12:06:51+00:00 GATE_SKIP id=OAFX1476 window=IS reason=SINGLE_SLEEVE_INFERIOR decision=SCREEN_OUT_SINGLE_SLEEVE net=63674.0 PF=1.1706 DD=30.9662%
2026-08-30T12:06:51+00:00 SKIP_EXISTING [477/1000] id=OAFX1477 window=SCREEN_IS
2026-08-30T12:06:51+00:00 GATE_SKIP id=OAFX1477 window=IS reason=SINGLE_SLEEVE_INFERIOR decision=SCREEN_OUT_SINGLE_SLEEVE net=74573.0 PF=1.1997 DD=27.7922%
2026-08-30T12:06:51+00:00 SKIP_EXISTING [478/1000] id=OAFX1478 window=SCREEN_IS
2026-08-30T12:06:51+00:00 GATE_SKIP id=OAFX1478 window=IS reason=SINGLE_SLEEVE_INFERIOR decision=SCREEN_OUT_SINGLE_SLEEVE net=83824.0 PF=1.2237 DD=23.8355%
2026-08-30T12:06:51+00:00 SCREEN_SKIP_EXISTING_FULLBOOK [479/1000] id=OAFX1479 reason=existing fullbook IS retained
2026-08-30T12:06:51+00:00 SKIP_EXISTING [479/1000] id=OAFX1479 window=IS
2026-08-30T12:06:51+00:00 GATE_SKIP id=OAFX1479 window=OOS reason=IS_NOT_SURVIVOR decision=IS_REJECT net=290450.0 PF=1.4223 DD=35.1271%
2026-08-30T12:06:51+00:00 SCREEN_SKIP_EXISTING_FULLBOOK [480/1000] id=OAFX1480 reason=existing fullbook IS retained
2026-08-30T12:06:51+00:00 SKIP_EXISTING [480/1000] id=OAFX1480 window=IS
2026-08-30T12:06:51+00:00 GATE_SKIP id=OAFX1480 window=OOS reason=IS_NOT_SURVIVOR decision=IS_NOISE_BAND net=290447.0 PF=1.4208 DD=34.7936%
2026-08-30T12:06:51+00:00 SKIP_EXISTING [481/1000] id=OAFX1481 window=SCREEN_IS
2026-08-30T12:06:51+00:00 GATE_SKIP id=OAFX1481 window=IS reason=SINGLE_SLEEVE_INFERIOR decision=SCREEN_OUT_SINGLE_SLEEVE net=87207.0 PF=1.2315 DD=20.5458%
2026-08-30T12:06:51+00:00 SKIP_EXISTING [482/1000] id=OAFX1482 window=SCREEN_IS
2026-08-30T12:06:51+00:00 GATE_SKIP id=OAFX1482 window=IS reason=SINGLE_SLEEVE_INFERIOR decision=SCREEN_OUT_SINGLE_SLEEVE net=85414.0 PF=1.2267 DD=21.4614%
2026-08-30T12:06:51+00:00 SKIP_EXISTING [483/1000] id=OAFX1483 window=SCREEN_IS
2026-08-30T12:06:51+00:00 GATE_SKIP id=OAFX1483 window=IS reason=SINGLE_SLEEVE_INFERIOR decision=SCREEN_OUT_SINGLE_SLEEVE net=93449.0 PF=1.2481 DD=21.0296%
2026-08-30T12:06:51+00:00 SKIP_EXISTING [484/1000] id=OAFX1484 window=SCREEN_IS
2026-08-30T12:06:51+00:00 GATE_SKIP id=OAFX1484 window=IS reason=SINGLE_SLEEVE_INFERIOR decision=SCREEN_OUT_SINGLE_SLEEVE net=91736.0 PF=1.2435 DD=21.8117%
2026-08-30T12:06:51+00:00 SKIP_EXISTING [485/1000] id=OAFX1485 window=SCREEN_IS
2026-08-30T12:06:51+00:00 GATE_SKIP id=OAFX1485 window=IS reason=SINGLE_SLEEVE_INFERIOR decision=SCREEN_OUT_SINGLE_SLEEVE net=88863.0 PF=1.2359 DD=22.7095%
2026-08-30T12:06:51+00:00 SKIP_EXISTING [486/1000] id=OAFX1486 window=SCREEN_IS
2026-08-30T12:06:51+00:00 GATE_SKIP id=OAFX1486 window=IS reason=SINGLE_SLEEVE_INFERIOR decision=SCREEN_OUT_SINGLE_SLEEVE net=87552.0 PF=1.2324 DD=21.608%
2026-08-30T12:06:51+00:00 SCREEN_SKIP_EXISTING_FULLBOOK [487/1000] id=OAFX1487 reason=existing fullbook IS retained
2026-08-30T12:06:51+00:00 SKIP_EXISTING [487/1000] id=OAFX1487 window=IS
2026-08-30T12:06:51+00:00 GATE_SKIP id=OAFX1487 window=OOS reason=IS_NOT_SURVIVOR decision=IS_REJECT net=293109.0 PF=1.4259 DD=36.442%
2026-08-30T12:06:51+00:00 SCREEN_SKIP_EXISTING_FULLBOOK [488/1000] id=OAFX1488 reason=existing fullbook IS retained
2026-08-30T12:06:51+00:00 SKIP_EXISTING [488/1000] id=OAFX1488 window=IS
2026-08-30T12:06:51+00:00 GATE_SKIP id=OAFX1488 window=OOS reason=IS_NOT_SURVIVOR decision=IS_REJECT net=294492.0 PF=1.4279 DD=35.1169%
2026-08-30T12:06:51+00:00 SKIP_EXISTING [489/1000] id=OAFX1489 window=SCREEN_IS
2026-08-30T12:06:51+00:00 RUN_START id=OAFX1489 family=gj_atr_trailing window=IS terminal=BT2 run=oafx_is_oafx1489_20260830210651_1bce69
2026-08-30T12:06:52+00:00 RUN_HEARTBEAT terminal=BT2 pid=50100 elapsed=0s
2026-08-30T12:07:06+00:00 RUN_HEARTBEAT terminal=BT1 pid=30880 elapsed=512s
2026-08-30T12:07:22+00:00 RUN_HEARTBEAT terminal=PROD pid=34768 elapsed=513s
2026-08-30T12:07:38+00:00 RUN_END id=OAFX1469 window=IS terminal=PROD status=OK decision=IS_REJECT elapsed=560.001s
2026-08-30T12:07:38+00:00 GATE_SKIP id=OAFX1469 window=OOS reason=IS_NOT_SURVIVOR decision=IS_REJECT net=288508.0 PF=1.4191 DD=35.1271%
2026-08-30T12:07:38+00:00 SKIP_EXISTING [490/1000] id=OAFX1490 window=SCREEN_IS
2026-08-30T12:07:38+00:00 RUN_START id=OAFX1490 family=gj_atr_trailing window=IS terminal=PROD run=oafx_is_oafx1490_20260830210738_944366
2026-08-30T12:07:39+00:00 RUN_HEARTBEAT terminal=PROD pid=33008 elapsed=0s
2026-08-30T12:07:55+00:00 RUN_HEARTBEAT terminal=BT2 pid=50100 elapsed=63s
2026-08-30T12:08:10+00:00 RUN_HEARTBEAT terminal=BT1 pid=30880 elapsed=575s
2026-08-30T12:08:42+00:00 RUN_HEARTBEAT terminal=PROD pid=33008 elapsed=63s
2026-08-30T12:08:58+00:00 RUN_HEARTBEAT terminal=BT2 pid=50100 elapsed=126s
2026-08-30T12:09:14+00:00 RUN_HEARTBEAT terminal=BT1 pid=30880 elapsed=640s
2026-08-30T12:09:47+00:00 RUN_HEARTBEAT terminal=PROD pid=33008 elapsed=127s
2026-08-30T12:10:03+00:00 RUN_HEARTBEAT terminal=BT2 pid=50100 elapsed=190s
2026-08-30T12:10:19+00:00 RUN_HEARTBEAT terminal=BT1 pid=30880 elapsed=704s
2026-08-30T12:10:51+00:00 RUN_HEARTBEAT terminal=PROD pid=33008 elapsed=191s
2026-08-30T12:11:07+00:00 RUN_HEARTBEAT terminal=BT2 pid=50100 elapsed=254s
2026-08-30T12:11:23+00:00 RUN_HEARTBEAT terminal=BT1 pid=30880 elapsed=769s
2026-08-30T12:11:39+00:00 RUN_END id=OAFX1419 window=IS terminal=BT1 status=OK decision=IS_SURVIVOR_STRICT elapsed=801.078s
2026-08-30T12:11:39+00:00 RUN_START id=OAFX1419 family=gj_atr_trailing window=OOS terminal=BT1 run=oafx_oos_oafx1419_20260830211139_7aa998
2026-08-30T12:11:40+00:00 RUN_HEARTBEAT terminal=BT1 pid=53292 elapsed=0s
2026-08-30T12:11:55+00:00 RUN_HEARTBEAT terminal=PROD pid=33008 elapsed=255s
2026-08-30T12:12:11+00:00 RUN_HEARTBEAT terminal=BT2 pid=50100 elapsed=318s
2026-08-30T12:12:43+00:00 RUN_HEARTBEAT terminal=BT1 pid=53292 elapsed=63s
2026-08-30T12:12:59+00:00 RUN_HEARTBEAT terminal=PROD pid=33008 elapsed=319s
2026-08-30T12:13:15+00:00 RUN_HEARTBEAT terminal=BT2 pid=50100 elapsed=382s
2026-08-30T12:13:47+00:00 RUN_HEARTBEAT terminal=BT1 pid=53292 elapsed=126s
2026-08-30T12:14:03+00:00 RUN_HEARTBEAT terminal=PROD pid=33008 elapsed=383s
2026-08-30T12:14:19+00:00 RUN_HEARTBEAT terminal=BT2 pid=50100 elapsed=446s
2026-08-30T12:14:52+00:00 RUN_HEARTBEAT terminal=BT1 pid=53292 elapsed=190s
2026-08-30T12:15:08+00:00 RUN_HEARTBEAT terminal=PROD pid=33008 elapsed=448s
2026-08-30T12:15:24+00:00 RUN_HEARTBEAT terminal=BT2 pid=50100 elapsed=511s
2026-08-30T12:15:56+00:00 RUN_HEARTBEAT terminal=BT1 pid=53292 elapsed=255s
2026-08-30T12:16:12+00:00 RUN_HEARTBEAT terminal=PROD pid=33008 elapsed=512s
2026-08-30T12:16:12+00:00 RUN_END id=OAFX1489 window=IS terminal=BT2 status=OK decision=IS_REJECT elapsed=560.929s
2026-08-30T12:16:12+00:00 GATE_SKIP id=OAFX1489 window=OOS reason=IS_NOT_SURVIVOR decision=IS_REJECT net=292101.0 PF=1.4242 DD=35.1271%
2026-08-30T12:16:12+00:00 SKIP_EXISTING [491/1000] id=OAFX1491 window=SCREEN_IS
2026-08-30T12:16:12+00:00 GATE_SKIP id=OAFX1491 window=IS reason=SINGLE_SLEEVE_INFERIOR decision=SCREEN_OUT_SINGLE_SLEEVE net=84921.0 PF=1.2184 DD=19.5314%
2026-08-30T12:16:12+00:00 SKIP_EXISTING [492/1000] id=OAFX1492 window=SCREEN_IS
2026-08-30T12:16:12+00:00 GATE_SKIP id=OAFX1492 window=IS reason=SINGLE_SLEEVE_INFERIOR decision=SCREEN_OUT_SINGLE_SLEEVE net=84921.0 PF=1.2184 DD=19.5314%
2026-08-30T12:16:12+00:00 SKIP_EXISTING [493/1000] id=OAFX1493 window=SCREEN_IS
2026-08-30T12:16:12+00:00 GATE_SKIP id=OAFX1493 window=IS reason=SINGLE_SLEEVE_INFERIOR decision=SCREEN_OUT_SINGLE_SLEEVE net=84921.0 PF=1.2184 DD=19.5314%
2026-08-30T12:16:12+00:00 SKIP_EXISTING [494/1000] id=OAFX1494 window=SCREEN_IS
2026-08-30T12:16:12+00:00 GATE_SKIP id=OAFX1494 window=IS reason=SINGLE_SLEEVE_INFERIOR decision=SCREEN_OUT_SINGLE_SLEEVE net=84921.0 PF=1.2184 DD=19.5314%
2026-08-30T12:16:12+00:00 SKIP_EXISTING [495/1000] id=OAFX1495 window=SCREEN_IS
2026-08-30T12:16:12+00:00 GATE_SKIP id=OAFX1495 window=IS reason=SINGLE_SLEEVE_INFERIOR decision=SCREEN_OUT_SINGLE_SLEEVE net=84921.0 PF=1.2184 DD=19.5314%
2026-08-30T12:16:12+00:00 SKIP_EXISTING [496/1000] id=OAFX1496 window=SCREEN_IS
2026-08-30T12:16:12+00:00 GATE_SKIP id=OAFX1496 window=IS reason=SINGLE_SLEEVE_INFERIOR decision=SCREEN_OUT_SINGLE_SLEEVE net=84921.0 PF=1.2184 DD=19.5314%
2026-08-30T12:16:12+00:00 SKIP_EXISTING [497/1000] id=OAFX1497 window=SCREEN_IS
2026-08-30T12:16:12+00:00 GATE_SKIP id=OAFX1497 window=IS reason=SINGLE_SLEEVE_INFERIOR decision=SCREEN_OUT_SINGLE_SLEEVE net=84921.0 PF=1.2184 DD=19.5314%
2026-08-30T12:16:12+00:00 SKIP_EXISTING [498/1000] id=OAFX1498 window=SCREEN_IS
2026-08-30T12:16:12+00:00 GATE_SKIP id=OAFX1498 window=IS reason=SINGLE_SLEEVE_INFERIOR decision=SCREEN_OUT_SINGLE_SLEEVE net=84921.0 PF=1.2184 DD=19.5314%
2026-08-30T12:16:12+00:00 SKIP_EXISTING [499/1000] id=OAFX1499 window=SCREEN_IS
2026-08-30T12:16:12+00:00 GATE_SKIP id=OAFX1499 window=IS reason=SINGLE_SLEEVE_INFERIOR decision=SCREEN_OUT_SINGLE_SLEEVE net=84921.0 PF=1.2184 DD=19.5314%
2026-08-30T12:16:12+00:00 SKIP_EXISTING [500/1000] id=OAFX1500 window=SCREEN_IS
2026-08-30T12:16:12+00:00 GATE_SKIP id=OAFX1500 window=IS reason=SINGLE_SLEEVE_INFERIOR decision=SCREEN_OUT_SINGLE_SLEEVE net=84921.0 PF=1.2184 DD=19.5314%
2026-08-30T12:16:12+00:00 SKIP_EXISTING [501/1000] id=OAFX1501 window=SCREEN_IS
2026-08-30T12:16:12+00:00 GATE_SKIP id=OAFX1501 window=IS reason=SINGLE_SLEEVE_INFERIOR decision=SCREEN_OUT_SINGLE_SLEEVE net=54027.0 PF=1.1937 DD=18.7288%
2026-08-30T12:16:12+00:00 SKIP_EXISTING [502/1000] id=OAFX1502 window=SCREEN_IS
2026-08-30T12:16:12+00:00 GATE_SKIP id=OAFX1502 window=IS reason=SINGLE_SLEEVE_INFERIOR decision=SCREEN_OUT_SINGLE_SLEEVE net=40510.0 PF=1.1452 DD=21.2192%
2026-08-30T12:16:12+00:00 SKIP_EXISTING [503/1000] id=OAFX1503 window=SCREEN_IS
2026-08-30T12:16:12+00:00 GATE_SKIP id=OAFX1503 window=IS reason=SINGLE_SLEEVE_INFERIOR decision=SCREEN_OUT_SINGLE_SLEEVE net=30610.0 PF=1.1097 DD=23.9824%
2026-08-30T12:16:12+00:00 SKIP_EXISTING [504/1000] id=OAFX1504 window=SCREEN_IS
2026-08-30T12:16:12+00:00 GATE_SKIP id=OAFX1504 window=IS reason=SINGLE_SLEEVE_INFERIOR decision=SCREEN_OUT_SINGLE_SLEEVE net=39649.0 PF=1.1421 DD=23.3536%
2026-08-30T12:16:12+00:00 SKIP_EXISTING [505/1000] id=OAFX1505 window=SCREEN_IS
2026-08-30T12:16:12+00:00 GATE_SKIP id=OAFX1505 window=IS reason=SINGLE_SLEEVE_INFERIOR decision=SCREEN_OUT_SINGLE_SLEEVE net=46642.0 PF=1.1672 DD=22.4969%
2026-08-30T12:16:12+00:00 SKIP_EXISTING [506/1000] id=OAFX1506 window=SCREEN_IS
2026-08-30T12:16:12+00:00 GATE_SKIP id=OAFX1506 window=IS reason=SINGLE_SLEEVE_INFERIOR decision=SCREEN_OUT_SINGLE_SLEEVE net=48434.0 PF=1.1736 DD=23.0548%
2026-08-30T12:16:12+00:00 SKIP_EXISTING [507/1000] id=OAFX1507 window=SCREEN_IS
2026-08-30T12:16:12+00:00 GATE_SKIP id=OAFX1507 window=IS reason=SINGLE_SLEEVE_INFERIOR decision=SCREEN_OUT_SINGLE_SLEEVE net=65882.0 PF=1.2362 DD=19.6575%
2026-08-30T12:16:12+00:00 SKIP_EXISTING [508/1000] id=OAFX1508 window=SCREEN_IS
2026-08-30T12:16:12+00:00 GATE_SKIP id=OAFX1508 window=IS reason=SINGLE_SLEEVE_INFERIOR decision=SCREEN_OUT_SINGLE_SLEEVE net=73807.0 PF=1.2646 DD=20.7818%
2026-08-30T12:16:12+00:00 SKIP_EXISTING [509/1000] id=OAFX1509 window=SCREEN_IS
2026-08-30T12:16:12+00:00 GATE_SKIP id=OAFX1509 window=IS reason=SINGLE_SLEEVE_INFERIOR decision=SCREEN_OUT_SINGLE_SLEEVE net=90374.0 PF=1.3239 DD=19.8408%
2026-08-30T12:16:12+00:00 SKIP_EXISTING [510/1000] id=OAFX1510 window=SCREEN_IS
2026-08-30T12:16:12+00:00 GATE_SKIP id=OAFX1510 window=IS reason=SINGLE_SLEEVE_INFERIOR decision=SCREEN_OUT_SINGLE_SLEEVE net=81308.0 PF=1.2905 DD=21.4328%
2026-08-30T12:16:12+00:00 SKIP_EXISTING [511/1000] id=OAFX1511 window=SCREEN_IS
2026-08-30T12:16:12+00:00 GATE_SKIP id=OAFX1511 window=IS reason=SINGLE_SLEEVE_INFERIOR decision=SCREEN_OUT_SINGLE_SLEEVE net=65547.0 PF=1.2158 DD=18.6472%
2026-08-30T12:16:12+00:00 SKIP_EXISTING [512/1000] id=OAFX1512 window=SCREEN_IS
2026-08-30T12:16:12+00:00 GATE_SKIP id=OAFX1512 window=IS reason=SINGLE_SLEEVE_INFERIOR decision=SCREEN_OUT_SINGLE_SLEEVE net=53741.0 PF=1.1769 DD=21.2428%
2026-08-30T12:16:12+00:00 SKIP_EXISTING [513/1000] id=OAFX1513 window=SCREEN_IS
2026-08-30T12:16:12+00:00 GATE_SKIP id=OAFX1513 window=IS reason=SINGLE_SLEEVE_INFERIOR decision=SCREEN_OUT_SINGLE_SLEEVE net=42983.0 PF=1.1415 DD=23.449%
2026-08-30T12:16:12+00:00 SKIP_EXISTING [514/1000] id=OAFX1514 window=SCREEN_IS
2026-08-30T12:16:12+00:00 GATE_SKIP id=OAFX1514 window=IS reason=SINGLE_SLEEVE_INFERIOR decision=SCREEN_OUT_SINGLE_SLEEVE net=46939.0 PF=1.1545 DD=23.1482%
2026-08-30T12:16:12+00:00 SKIP_EXISTING [515/1000] id=OAFX1515 window=SCREEN_IS
2026-08-30T12:16:12+00:00 GATE_SKIP id=OAFX1515 window=IS reason=SINGLE_SLEEVE_INFERIOR decision=SCREEN_OUT_SINGLE_SLEEVE net=47130.0 PF=1.1551 DD=24.7675%
2026-08-30T12:16:12+00:00 SKIP_EXISTING [516/1000] id=OAFX1516 window=SCREEN_IS
2026-08-30T12:16:12+00:00 GATE_SKIP id=OAFX1516 window=IS reason=SINGLE_SLEEVE_INFERIOR decision=SCREEN_OUT_SINGLE_SLEEVE net=57507.0 PF=1.1893 DD=23.5038%
2026-08-30T12:16:12+00:00 SKIP_EXISTING [517/1000] id=OAFX1517 window=SCREEN_IS
2026-08-30T12:16:12+00:00 GATE_SKIP id=OAFX1517 window=IS reason=SINGLE_SLEEVE_INFERIOR decision=SCREEN_NOISE_BAND net=85708.0 PF=1.2821 DD=19.2098%
2026-08-30T12:16:12+00:00 SKIP_EXISTING [518/1000] id=OAFX1518 window=SCREEN_IS
2026-08-30T12:16:12+00:00 GATE_SKIP id=OAFX1518 window=IS reason=SINGLE_SLEEVE_INFERIOR decision=SCREEN_OUT_SINGLE_SLEEVE net=73996.0 PF=1.2436 DD=23.5461%
2026-08-30T12:16:12+00:00 SKIP_EXISTING [519/1000] id=OAFX1519 window=SCREEN_IS
2026-08-30T12:16:12+00:00 GATE_SKIP id=OAFX1519 window=IS reason=SINGLE_SLEEVE_INFERIOR decision=SCREEN_OUT_SINGLE_SLEEVE net=89811.0 PF=1.2956 DD=20.2933%
2026-08-30T12:16:12+00:00 SKIP_EXISTING [520/1000] id=OAFX1520 window=SCREEN_IS
2026-08-30T12:16:12+00:00 GATE_SKIP id=OAFX1520 window=IS reason=SINGLE_SLEEVE_INFERIOR decision=SCREEN_OUT_SINGLE_SLEEVE net=81743.0 PF=1.2685 DD=22.215%
2026-08-30T12:16:12+00:00 SKIP_EXISTING [521/1000] id=OAFX1521 window=SCREEN_IS
2026-08-30T12:16:12+00:00 GATE_SKIP id=OAFX1521 window=IS reason=SINGLE_SLEEVE_INFERIOR decision=SCREEN_NOISE_BAND net=57943.0 PF=1.1756 DD=19.3226%
2026-08-30T12:16:12+00:00 SKIP_EXISTING [522/1000] id=OAFX1522 window=SCREEN_IS
2026-08-30T12:16:12+00:00 GATE_SKIP id=OAFX1522 window=IS reason=SINGLE_SLEEVE_INFERIOR decision=SCREEN_OUT_SINGLE_SLEEVE net=53664.0 PF=1.1627 DD=21.0298%
2026-08-30T12:16:12+00:00 SKIP_EXISTING [523/1000] id=OAFX1523 window=SCREEN_IS
2026-08-30T12:16:12+00:00 GATE_SKIP id=OAFX1523 window=IS reason=SINGLE_SLEEVE_INFERIOR decision=SCREEN_OUT_SINGLE_SLEEVE net=40694.0 PF=1.1233 DD=24.679%
2026-08-30T12:16:12+00:00 SKIP_EXISTING [524/1000] id=OAFX1524 window=SCREEN_IS
2026-08-30T12:16:12+00:00 GATE_SKIP id=OAFX1524 window=IS reason=SINGLE_SLEEVE_INFERIOR decision=SCREEN_OUT_SINGLE_SLEEVE net=35403.0 PF=1.1073 DD=27.2001%
2026-08-30T12:16:12+00:00 SKIP_EXISTING [525/1000] id=OAFX1525 window=SCREEN_IS
2026-08-30T12:16:12+00:00 GATE_SKIP id=OAFX1525 window=IS reason=SINGLE_SLEEVE_INFERIOR decision=SCREEN_OUT_SINGLE_SLEEVE net=43469.0 PF=1.1318 DD=28.3153%
2026-08-30T12:16:12+00:00 SKIP_EXISTING [526/1000] id=OAFX1526 window=SCREEN_IS
2026-08-30T12:16:12+00:00 GATE_SKIP id=OAFX1526 window=IS reason=SINGLE_SLEEVE_INFERIOR decision=SCREEN_OUT_SINGLE_SLEEVE net=53475.0 PF=1.1621 DD=28.6242%
2026-08-30T12:16:12+00:00 SKIP_EXISTING [527/1000] id=OAFX1527 window=SCREEN_IS
2026-08-30T12:16:12+00:00 GATE_SKIP id=OAFX1527 window=IS reason=SINGLE_SLEEVE_INFERIOR decision=SCREEN_OUT_SINGLE_SLEEVE net=85599.0 PF=1.2594 DD=22.8746%
2026-08-30T12:16:12+00:00 SKIP_EXISTING [528/1000] id=OAFX1528 window=SCREEN_IS
2026-08-30T12:16:12+00:00 GATE_SKIP id=OAFX1528 window=IS reason=SINGLE_SLEEVE_INFERIOR decision=SCREEN_OUT_SINGLE_SLEEVE net=77164.0 PF=1.2339 DD=25.5882%
2026-08-30T12:16:12+00:00 SKIP_EXISTING [529/1000] id=OAFX1529 window=SCREEN_IS
2026-08-30T12:16:12+00:00 GATE_SKIP id=OAFX1529 window=IS reason=SINGLE_SLEEVE_INFERIOR decision=SCREEN_OUT_SINGLE_SLEEVE net=91443.0 PF=1.2772 DD=20.8308%
2026-08-30T12:16:12+00:00 SKIP_EXISTING [530/1000] id=OAFX1530 window=SCREEN_IS
2026-08-30T12:16:12+00:00 GATE_SKIP id=OAFX1530 window=IS reason=SINGLE_SLEEVE_INFERIOR decision=SCREEN_OUT_SINGLE_SLEEVE net=86928.0 PF=1.263 DD=22.6357%
2026-08-30T12:16:12+00:00 SKIP_EXISTING [531/1000] id=OAFX1531 window=SCREEN_IS
2026-08-30T12:16:12+00:00 GATE_SKIP id=OAFX1531 window=IS reason=SINGLE_SLEEVE_INFERIOR decision=SCREEN_OUT_SINGLE_SLEEVE net=57543.0 PF=1.1634 DD=21.6988%
2026-08-30T12:16:12+00:00 SKIP_EXISTING [532/1000] id=OAFX1532 window=SCREEN_IS
2026-08-30T12:16:12+00:00 GATE_SKIP id=OAFX1532 window=IS reason=SINGLE_SLEEVE_INFERIOR decision=SCREEN_OUT_SINGLE_SLEEVE net=52246.0 PF=1.1483 DD=22.7299%
2026-08-30T12:16:12+00:00 SKIP_EXISTING [533/1000] id=OAFX1533 window=SCREEN_IS
2026-08-30T12:16:12+00:00 GATE_SKIP id=OAFX1533 window=IS reason=SINGLE_SLEEVE_INFERIOR decision=SCREEN_OUT_SINGLE_SLEEVE net=54271.0 PF=1.1541 DD=22.4137%
2026-08-30T12:16:12+00:00 SKIP_EXISTING [534/1000] id=OAFX1534 window=SCREEN_IS
2026-08-30T12:16:12+00:00 GATE_SKIP id=OAFX1534 window=IS reason=SINGLE_SLEEVE_INFERIOR decision=SCREEN_OUT_SINGLE_SLEEVE net=41539.0 PF=1.1179 DD=25.4043%
2026-08-30T12:16:12+00:00 SKIP_EXISTING [535/1000] id=OAFX1535 window=SCREEN_IS
2026-08-30T12:16:12+00:00 GATE_SKIP id=OAFX1535 window=IS reason=SINGLE_SLEEVE_INFERIOR decision=SCREEN_OUT_SINGLE_SLEEVE net=41053.0 PF=1.1165 DD=28.8851%
2026-08-30T12:16:12+00:00 SKIP_EXISTING [536/1000] id=OAFX1536 window=SCREEN_IS
2026-08-30T12:16:12+00:00 GATE_SKIP id=OAFX1536 window=IS reason=SINGLE_SLEEVE_INFERIOR decision=SCREEN_OUT_SINGLE_SLEEVE net=53827.0 PF=1.1528 DD=28.5537%
2026-08-30T12:16:12+00:00 SKIP_EXISTING [537/1000] id=OAFX1537 window=SCREEN_IS
2026-08-30T12:16:12+00:00 GATE_SKIP id=OAFX1537 window=IS reason=SINGLE_SLEEVE_INFERIOR decision=SCREEN_OUT_SINGLE_SLEEVE net=73263.0 PF=1.208 DD=24.1785%
2026-08-30T12:16:12+00:00 SKIP_EXISTING [538/1000] id=OAFX1538 window=SCREEN_IS
2026-08-30T12:16:12+00:00 GATE_SKIP id=OAFX1538 window=IS reason=SINGLE_SLEEVE_INFERIOR decision=SCREEN_OUT_SINGLE_SLEEVE net=67265.0 PF=1.191 DD=26.2354%
2026-08-30T12:16:12+00:00 SKIP_EXISTING [539/1000] id=OAFX1539 window=SCREEN_IS
2026-08-30T12:16:12+00:00 GATE_SKIP id=OAFX1539 window=IS reason=SINGLE_SLEEVE_INFERIOR decision=SCREEN_OUT_SINGLE_SLEEVE net=79015.0 PF=1.2243 DD=22.2281%
2026-08-30T12:16:12+00:00 SKIP_EXISTING [540/1000] id=OAFX1540 window=SCREEN_IS
2026-08-30T12:16:12+00:00 GATE_SKIP id=OAFX1540 window=IS reason=SINGLE_SLEEVE_INFERIOR decision=SCREEN_OUT_SINGLE_SLEEVE net=74305.0 PF=1.2107 DD=23.6138%
2026-08-30T12:16:12+00:00 SKIP_EXISTING [541/1000] id=OAFX1541 window=SCREEN_IS
2026-08-30T12:16:12+00:00 GATE_SKIP id=OAFX1541 window=IS reason=SINGLE_SLEEVE_INFERIOR decision=SCREEN_OUT_SINGLE_SLEEVE net=44113.0 PF=1.1209 DD=22.9827%
2026-08-30T12:16:12+00:00 SKIP_EXISTING [542/1000] id=OAFX1542 window=SCREEN_IS
2026-08-30T12:16:12+00:00 GATE_SKIP id=OAFX1542 window=IS reason=SINGLE_SLEEVE_INFERIOR decision=SCREEN_OUT_SINGLE_SLEEVE net=43886.0 PF=1.1203 DD=23.248%
2026-08-30T12:16:12+00:00 SKIP_EXISTING [543/1000] id=OAFX1543 window=SCREEN_IS
2026-08-30T12:16:12+00:00 GATE_SKIP id=OAFX1543 window=IS reason=SINGLE_SLEEVE_INFERIOR decision=SCREEN_OUT_SINGLE_SLEEVE net=55146.0 PF=1.1511 DD=24.3492%
2026-08-30T12:16:12+00:00 SKIP_EXISTING [544/1000] id=OAFX1544 window=SCREEN_IS
2026-08-30T12:16:12+00:00 GATE_SKIP id=OAFX1544 window=IS reason=SINGLE_SLEEVE_INFERIOR decision=SCREEN_OUT_SINGLE_SLEEVE net=47385.0 PF=1.1299 DD=27.9718%
2026-08-30T12:16:12+00:00 SKIP_EXISTING [545/1000] id=OAFX1545 window=SCREEN_IS
2026-08-30T12:16:12+00:00 GATE_SKIP id=OAFX1545 window=IS reason=SINGLE_SLEEVE_INFERIOR decision=SCREEN_OUT_SINGLE_SLEEVE net=39242.0 PF=1.1075 DD=33.0605%
2026-08-30T12:16:12+00:00 SKIP_EXISTING [546/1000] id=OAFX1546 window=SCREEN_IS
2026-08-30T12:16:12+00:00 GATE_SKIP id=OAFX1546 window=IS reason=SINGLE_SLEEVE_INFERIOR decision=SCREEN_OUT_SINGLE_SLEEVE net=49905.0 PF=1.1368 DD=32.7071%
2026-08-30T12:16:12+00:00 SKIP_EXISTING [547/1000] id=OAFX1547 window=SCREEN_IS
2026-08-30T12:16:12+00:00 GATE_SKIP id=OAFX1547 window=IS reason=SINGLE_SLEEVE_INFERIOR decision=SCREEN_OUT_SINGLE_SLEEVE net=74191.0 PF=1.2033 DD=25.8018%
2026-08-30T12:16:12+00:00 SKIP_EXISTING [548/1000] id=OAFX1548 window=SCREEN_IS
2026-08-30T12:16:12+00:00 GATE_SKIP id=OAFX1548 window=IS reason=SINGLE_SLEEVE_INFERIOR decision=SCREEN_OUT_SINGLE_SLEEVE net=63815.0 PF=1.1749 DD=28.9436%
2026-08-30T12:16:12+00:00 SKIP_EXISTING [549/1000] id=OAFX1549 window=SCREEN_IS
2026-08-30T12:16:12+00:00 GATE_SKIP id=OAFX1549 window=IS reason=SINGLE_SLEEVE_INFERIOR decision=SCREEN_OUT_SINGLE_SLEEVE net=79194.0 PF=1.217 DD=21.1898%
2026-08-30T12:16:12+00:00 SKIP_EXISTING [550/1000] id=OAFX1550 window=SCREEN_IS
2026-08-30T12:16:12+00:00 GATE_SKIP id=OAFX1550 window=IS reason=SINGLE_SLEEVE_INFERIOR decision=SCREEN_OUT_SINGLE_SLEEVE net=79301.0 PF=1.2172 DD=21.3814%
2026-08-30T12:16:12+00:00 SKIP_EXISTING [551/1000] id=OAFX1551 window=SCREEN_IS
2026-08-30T12:16:12+00:00 GATE_SKIP id=OAFX1551 window=IS reason=SINGLE_SLEEVE_INFERIOR decision=SCREEN_OUT_SINGLE_SLEEVE net=65139.0 PF=1.1759 DD=18.7794%
2026-08-30T12:16:12+00:00 SKIP_EXISTING [552/1000] id=OAFX1552 window=SCREEN_IS
2026-08-30T12:16:12+00:00 GATE_SKIP id=OAFX1552 window=IS reason=SINGLE_SLEEVE_INFERIOR decision=SCREEN_OUT_SINGLE_SLEEVE net=66329.0 PF=1.1791 DD=19.0007%
2026-08-30T12:16:12+00:00 SKIP_EXISTING [553/1000] id=OAFX1553 window=SCREEN_IS
2026-08-30T12:16:12+00:00 GATE_SKIP id=OAFX1553 window=IS reason=SINGLE_SLEEVE_INFERIOR decision=SCREEN_OUT_SINGLE_SLEEVE net=72121.0 PF=1.1947 DD=20.7767%
2026-08-30T12:16:12+00:00 SKIP_EXISTING [554/1000] id=OAFX1554 window=SCREEN_IS
2026-08-30T12:16:12+00:00 GATE_SKIP id=OAFX1554 window=IS reason=SINGLE_SLEEVE_INFERIOR decision=SCREEN_OUT_SINGLE_SLEEVE net=70038.0 PF=1.1891 DD=23.6738%
2026-08-30T12:16:12+00:00 SKIP_EXISTING [555/1000] id=OAFX1555 window=SCREEN_IS
2026-08-30T12:16:12+00:00 GATE_SKIP id=OAFX1555 window=IS reason=SINGLE_SLEEVE_INFERIOR decision=SCREEN_OUT_SINGLE_SLEEVE net=51029.0 PF=1.1378 DD=30.0592%
2026-08-30T12:16:12+00:00 SKIP_EXISTING [556/1000] id=OAFX1556 window=SCREEN_IS
2026-08-30T12:16:12+00:00 GATE_SKIP id=OAFX1556 window=IS reason=SINGLE_SLEEVE_INFERIOR decision=SCREEN_OUT_SINGLE_SLEEVE net=59961.0 PF=1.1619 DD=30.9293%
2026-08-30T12:16:12+00:00 SKIP_EXISTING [557/1000] id=OAFX1557 window=SCREEN_IS
2026-08-30T12:16:12+00:00 GATE_SKIP id=OAFX1557 window=IS reason=SINGLE_SLEEVE_INFERIOR decision=SCREEN_OUT_SINGLE_SLEEVE net=78806.0 PF=1.2128 DD=26.016%
2026-08-30T12:16:12+00:00 SKIP_EXISTING [558/1000] id=OAFX1558 window=SCREEN_IS
2026-08-30T12:16:12+00:00 GATE_SKIP id=OAFX1558 window=IS reason=SINGLE_SLEEVE_INFERIOR decision=SCREEN_OUT_SINGLE_SLEEVE net=71223.0 PF=1.1923 DD=27.9403%
2026-08-30T12:16:12+00:00 SKIP_EXISTING [559/1000] id=OAFX1559 window=SCREEN_IS
2026-08-30T12:16:12+00:00 GATE_SKIP id=OAFX1559 window=IS reason=SINGLE_SLEEVE_INFERIOR decision=SCREEN_OUT_SINGLE_SLEEVE net=85110.0 PF=1.2298 DD=20.6463%
2026-08-30T12:16:12+00:00 SKIP_EXISTING [560/1000] id=OAFX1560 window=SCREEN_IS
2026-08-30T12:16:12+00:00 GATE_SKIP id=OAFX1560 window=IS reason=SINGLE_SLEEVE_INFERIOR decision=SCREEN_OUT_SINGLE_SLEEVE net=84281.0 PF=1.2275 DD=21.0056%
2026-08-30T12:16:12+00:00 SKIP_EXISTING [561/1000] id=OAFX1561 window=SCREEN_IS
2026-08-30T12:16:12+00:00 GATE_SKIP id=OAFX1561 window=IS reason=SINGLE_SLEEVE_INFERIOR decision=SCREEN_OUT_SINGLE_SLEEVE net=73859.0 PF=1.1979 DD=21.0074%
2026-08-30T12:16:12+00:00 SKIP_EXISTING [562/1000] id=OAFX1562 window=SCREEN_IS
2026-08-30T12:16:12+00:00 GATE_SKIP id=OAFX1562 window=IS reason=SINGLE_SLEEVE_INFERIOR decision=SCREEN_OUT_SINGLE_SLEEVE net=73082.0 PF=1.1959 DD=22.4471%
2026-08-30T12:16:12+00:00 SKIP_EXISTING [563/1000] id=OAFX1563 window=SCREEN_IS
2026-08-30T12:16:12+00:00 GATE_SKIP id=OAFX1563 window=IS reason=SINGLE_SLEEVE_INFERIOR decision=SCREEN_OUT_SINGLE_SLEEVE net=78428.0 PF=1.2102 DD=23.2217%
2026-08-30T12:16:12+00:00 SKIP_EXISTING [564/1000] id=OAFX1564 window=SCREEN_IS
2026-08-30T12:16:12+00:00 GATE_SKIP id=OAFX1564 window=IS reason=SINGLE_SLEEVE_INFERIOR decision=SCREEN_OUT_SINGLE_SLEEVE net=82121.0 PF=1.2201 DD=24.8292%
2026-08-30T12:16:12+00:00 SKIP_EXISTING [565/1000] id=OAFX1565 window=SCREEN_IS
2026-08-30T12:16:12+00:00 GATE_SKIP id=OAFX1565 window=IS reason=SINGLE_SLEEVE_INFERIOR decision=SCREEN_OUT_SINGLE_SLEEVE net=70552.0 PF=1.1891 DD=28.8055%
2026-08-30T12:16:12+00:00 SKIP_EXISTING [566/1000] id=OAFX1566 window=SCREEN_IS
2026-08-30T12:16:12+00:00 GATE_SKIP id=OAFX1566 window=IS reason=SINGLE_SLEEVE_INFERIOR decision=SCREEN_OUT_SINGLE_SLEEVE net=65123.0 PF=1.1745 DD=31.6638%
2026-08-30T12:16:12+00:00 SKIP_EXISTING [567/1000] id=OAFX1567 window=SCREEN_IS
2026-08-30T12:16:12+00:00 GATE_SKIP id=OAFX1567 window=IS reason=SINGLE_SLEEVE_INFERIOR decision=SCREEN_OUT_SINGLE_SLEEVE net=79699.0 PF=1.2136 DD=26.6539%
2026-08-30T12:16:12+00:00 SKIP_EXISTING [568/1000] id=OAFX1568 window=SCREEN_IS
2026-08-30T12:16:12+00:00 GATE_SKIP id=OAFX1568 window=IS reason=SINGLE_SLEEVE_INFERIOR decision=SCREEN_OUT_SINGLE_SLEEVE net=72081.0 PF=1.1932 DD=28.9005%
2026-08-30T12:16:12+00:00 SKIP_EXISTING [569/1000] id=OAFX1569 window=SCREEN_IS
2026-08-30T12:16:12+00:00 GATE_SKIP id=OAFX1569 window=IS reason=SINGLE_SLEEVE_INFERIOR decision=SCREEN_OUT_SINGLE_SLEEVE net=88272.0 PF=1.2366 DD=21.0365%
2026-08-30T12:16:12+00:00 SKIP_EXISTING [570/1000] id=OAFX1570 window=SCREEN_IS
2026-08-30T12:16:12+00:00 GATE_SKIP id=OAFX1570 window=IS reason=SINGLE_SLEEVE_INFERIOR decision=SCREEN_OUT_SINGLE_SLEEVE net=86176.0 PF=1.2309 DD=21.4683%
2026-08-30T12:16:12+00:00 SKIP_EXISTING [571/1000] id=OAFX1571 window=SCREEN_IS
2026-08-30T12:16:12+00:00 GATE_SKIP id=OAFX1571 window=IS reason=SINGLE_SLEEVE_INFERIOR decision=SCREEN_OUT_SINGLE_SLEEVE net=87998.0 PF=1.2336 DD=20.509%
2026-08-30T12:16:12+00:00 SKIP_EXISTING [572/1000] id=OAFX1572 window=SCREEN_IS
2026-08-30T12:16:12+00:00 GATE_SKIP id=OAFX1572 window=IS reason=SINGLE_SLEEVE_INFERIOR decision=SCREEN_OUT_SINGLE_SLEEVE net=87965.0 PF=1.2335 DD=20.8221%
2026-08-30T12:16:12+00:00 SKIP_EXISTING [573/1000] id=OAFX1573 window=SCREEN_IS
2026-08-30T12:16:12+00:00 GATE_SKIP id=OAFX1573 window=IS reason=SINGLE_SLEEVE_INFERIOR decision=SCREEN_OUT_SINGLE_SLEEVE net=96156.0 PF=1.2552 DD=20.9322%
2026-08-30T12:16:12+00:00 SKIP_EXISTING [574/1000] id=OAFX1574 window=SCREEN_IS
2026-08-30T12:16:12+00:00 GATE_SKIP id=OAFX1574 window=IS reason=SINGLE_SLEEVE_INFERIOR decision=SCREEN_OUT_SINGLE_SLEEVE net=90150.0 PF=1.2393 DD=22.4241%
2026-08-30T12:16:12+00:00 SKIP_EXISTING [575/1000] id=OAFX1575 window=SCREEN_IS
2026-08-30T12:16:12+00:00 GATE_SKIP id=OAFX1575 window=IS reason=SINGLE_SLEEVE_INFERIOR decision=SCREEN_OUT_SINGLE_SLEEVE net=89121.0 PF=1.2366 DD=21.4383%
2026-08-30T12:16:12+00:00 SKIP_EXISTING [576/1000] id=OAFX1576 window=SCREEN_IS
2026-08-30T12:16:12+00:00 GATE_SKIP id=OAFX1576 window=IS reason=SINGLE_SLEEVE_INFERIOR decision=SCREEN_OUT_SINGLE_SLEEVE net=87887.0 PF=1.2333 DD=21.9248%
2026-08-30T12:16:12+00:00 SCREEN_SKIP_EXISTING_FULLBOOK [577/1000] id=OAFX1577 reason=existing fullbook IS retained
2026-08-30T12:16:12+00:00 SKIP_EXISTING [577/1000] id=OAFX1577 window=IS
2026-08-30T12:16:12+00:00 SKIP_EXISTING [577/1000] id=OAFX1577 window=OOS
2026-08-30T12:16:12+00:00 SKIP_EXISTING [578/1000] id=OAFX1578 window=SCREEN_IS
2026-08-30T12:16:12+00:00 GATE_SKIP id=OAFX1578 window=IS reason=SINGLE_SLEEVE_INFERIOR decision=SCREEN_NOISE_BAND net=93855.0 PF=1.2491 DD=19.2888%
2026-08-30T12:16:12+00:00 SKIP_EXISTING [579/1000] id=OAFX1579 window=SCREEN_IS
2026-08-30T12:16:12+00:00 GATE_SKIP id=OAFX1579 window=IS reason=SINGLE_SLEEVE_INFERIOR decision=SCREEN_OUT_SINGLE_SLEEVE net=92967.0 PF=1.2468 DD=19.6342%
2026-08-30T12:16:12+00:00 SKIP_EXISTING [580/1000] id=OAFX1580 window=SCREEN_IS
2026-08-30T12:16:12+00:00 GATE_SKIP id=OAFX1580 window=IS reason=SINGLE_SLEEVE_INFERIOR decision=SCREEN_OUT_SINGLE_SLEEVE net=91236.0 PF=1.2421 DD=19.6276%
2026-08-30T12:16:12+00:00 SKIP_EXISTING [581/1000] id=OAFX1581 window=SCREEN_IS
2026-08-30T12:16:12+00:00 GATE_SKIP id=OAFX1581 window=IS reason=SINGLE_SLEEVE_INFERIOR decision=SCREEN_OUT_SINGLE_SLEEVE net=80501.0 PF=1.2082 DD=21.0325%
2026-08-30T12:16:12+00:00 SKIP_EXISTING [582/1000] id=OAFX1582 window=SCREEN_IS
2026-08-30T12:16:12+00:00 GATE_SKIP id=OAFX1582 window=IS reason=SINGLE_SLEEVE_INFERIOR decision=SCREEN_OUT_SINGLE_SLEEVE net=81668.0 PF=1.2113 DD=20.412%
2026-08-30T12:16:12+00:00 SKIP_EXISTING [583/1000] id=OAFX1583 window=SCREEN_IS
2026-08-30T12:16:12+00:00 GATE_SKIP id=OAFX1583 window=IS reason=SINGLE_SLEEVE_INFERIOR decision=SCREEN_OUT_SINGLE_SLEEVE net=86500.0 PF=1.2238 DD=19.909%
2026-08-30T12:16:12+00:00 SKIP_EXISTING [584/1000] id=OAFX1584 window=SCREEN_IS
2026-08-30T12:16:12+00:00 GATE_SKIP id=OAFX1584 window=IS reason=SINGLE_SLEEVE_INFERIOR decision=SCREEN_OUT_SINGLE_SLEEVE net=85215.0 PF=1.2204 DD=19.9845%
2026-08-30T12:16:12+00:00 SKIP_EXISTING [585/1000] id=OAFX1585 window=SCREEN_IS
2026-08-30T12:16:12+00:00 GATE_SKIP id=OAFX1585 window=IS reason=SINGLE_SLEEVE_INFERIOR decision=SCREEN_OUT_SINGLE_SLEEVE net=83786.0 PF=1.2167 DD=20.0879%
2026-08-30T12:16:12+00:00 SKIP_EXISTING [586/1000] id=OAFX1586 window=SCREEN_IS
2026-08-30T12:16:12+00:00 GATE_SKIP id=OAFX1586 window=IS reason=SINGLE_SLEEVE_INFERIOR decision=SCREEN_OUT_SINGLE_SLEEVE net=85008.0 PF=1.2199 DD=19.9188%
2026-08-30T12:16:12+00:00 SKIP_EXISTING [587/1000] id=OAFX1587 window=SCREEN_IS
2026-08-30T12:16:12+00:00 GATE_SKIP id=OAFX1587 window=IS reason=SINGLE_SLEEVE_INFERIOR decision=SCREEN_OUT_SINGLE_SLEEVE net=88436.0 PF=1.2288 DD=19.5321%
2026-08-30T12:16:12+00:00 SKIP_EXISTING [588/1000] id=OAFX1588 window=SCREEN_IS
2026-08-30T12:16:12+00:00 GATE_SKIP id=OAFX1588 window=IS reason=SINGLE_SLEEVE_INFERIOR decision=SCREEN_OUT_SINGLE_SLEEVE net=87938.0 PF=1.2275 DD=19.541%
2026-08-30T12:16:12+00:00 SKIP_EXISTING [589/1000] id=OAFX1589 window=SCREEN_IS
2026-08-30T12:16:12+00:00 GATE_SKIP id=OAFX1589 window=IS reason=SINGLE_SLEEVE_INFERIOR decision=SCREEN_OUT_SINGLE_SLEEVE net=87615.0 PF=1.2266 DD=19.5314%
2026-08-30T12:16:12+00:00 SKIP_EXISTING [590/1000] id=OAFX1590 window=SCREEN_IS
2026-08-30T12:16:12+00:00 GATE_SKIP id=OAFX1590 window=IS reason=SINGLE_SLEEVE_INFERIOR decision=SCREEN_OUT_SINGLE_SLEEVE net=87195.0 PF=1.2256 DD=19.5314%
2026-08-30T12:16:12+00:00 SKIP_EXISTING [591/1000] id=OAFX1591 window=SCREEN_IS
2026-08-30T12:16:12+00:00 GATE_SKIP id=OAFX1591 window=IS reason=SINGLE_SLEEVE_INFERIOR decision=SCREEN_OUT_SINGLE_SLEEVE net=84921.0 PF=1.2184 DD=19.5314%
2026-08-30T12:16:12+00:00 SKIP_EXISTING [592/1000] id=OAFX1592 window=SCREEN_IS
2026-08-30T12:16:12+00:00 GATE_SKIP id=OAFX1592 window=IS reason=SINGLE_SLEEVE_INFERIOR decision=SCREEN_OUT_SINGLE_SLEEVE net=84921.0 PF=1.2184 DD=19.5314%
2026-08-30T12:16:12+00:00 SKIP_EXISTING [593/1000] id=OAFX1593 window=SCREEN_IS
2026-08-30T12:16:12+00:00 GATE_SKIP id=OAFX1593 window=IS reason=SINGLE_SLEEVE_INFERIOR decision=SCREEN_OUT_SINGLE_SLEEVE net=84921.0 PF=1.2184 DD=19.5314%
2026-08-30T12:16:12+00:00 SKIP_EXISTING [594/1000] id=OAFX1594 window=SCREEN_IS
2026-08-30T12:16:12+00:00 GATE_SKIP id=OAFX1594 window=IS reason=SINGLE_SLEEVE_INFERIOR decision=SCREEN_OUT_SINGLE_SLEEVE net=84921.0 PF=1.2184 DD=19.5314%
2026-08-30T12:16:12+00:00 SKIP_EXISTING [595/1000] id=OAFX1595 window=SCREEN_IS
2026-08-30T12:16:12+00:00 GATE_SKIP id=OAFX1595 window=IS reason=SINGLE_SLEEVE_INFERIOR decision=SCREEN_OUT_SINGLE_SLEEVE net=84921.0 PF=1.2184 DD=19.5314%
2026-08-30T12:16:12+00:00 SKIP_EXISTING [596/1000] id=OAFX1596 window=SCREEN_IS
2026-08-30T12:16:12+00:00 GATE_SKIP id=OAFX1596 window=IS reason=SINGLE_SLEEVE_INFERIOR decision=SCREEN_OUT_SINGLE_SLEEVE net=84921.0 PF=1.2184 DD=19.5314%
2026-08-30T12:16:12+00:00 SKIP_EXISTING [597/1000] id=OAFX1597 window=SCREEN_IS
2026-08-30T12:16:12+00:00 GATE_SKIP id=OAFX1597 window=IS reason=SINGLE_SLEEVE_INFERIOR decision=SCREEN_OUT_SINGLE_SLEEVE net=84921.0 PF=1.2184 DD=19.5314%
2026-08-30T12:16:12+00:00 SKIP_EXISTING [598/1000] id=OAFX1598 window=SCREEN_IS
2026-08-30T12:16:12+00:00 GATE_SKIP id=OAFX1598 window=IS reason=SINGLE_SLEEVE_INFERIOR decision=SCREEN_OUT_SINGLE_SLEEVE net=84921.0 PF=1.2184 DD=19.5314%
2026-08-30T12:16:12+00:00 SKIP_EXISTING [599/1000] id=OAFX1599 window=SCREEN_IS
2026-08-30T12:16:12+00:00 GATE_SKIP id=OAFX1599 window=IS reason=SINGLE_SLEEVE_INFERIOR decision=SCREEN_OUT_SINGLE_SLEEVE net=84921.0 PF=1.2184 DD=19.5314%
2026-08-30T12:16:12+00:00 SKIP_EXISTING [600/1000] id=OAFX1600 window=SCREEN_IS
2026-08-30T12:16:12+00:00 GATE_SKIP id=OAFX1600 window=IS reason=SINGLE_SLEEVE_INFERIOR decision=SCREEN_OUT_SINGLE_SLEEVE net=84921.0 PF=1.2184 DD=19.5314%
2026-08-30T12:16:12+00:00 SKIP_EXISTING [601/1000] id=OAFX1601 window=SCREEN_IS
2026-08-30T12:16:12+00:00 GATE_SKIP id=OAFX1601 window=IS reason=SINGLE_SLEEVE_INFERIOR decision=SCREEN_NOISE_BAND net=77752.0 PF=1.2118 DD=19.3138%
2026-08-30T12:16:12+00:00 SKIP_EXISTING [602/1000] id=OAFX1602 window=SCREEN_IS
2026-08-30T12:16:12+00:00 GATE_SKIP id=OAFX1602 window=IS reason=SINGLE_SLEEVE_INFERIOR decision=SCREEN_NOISE_BAND net=70583.0 PF=1.2043 DD=19.0753%
2026-08-30T12:16:12+00:00 SKIP_EXISTING [603/1000] id=OAFX1603 window=SCREEN_IS
2026-08-30T12:16:12+00:00 GATE_SKIP id=OAFX1603 window=IS reason=SINGLE_SLEEVE_INFERIOR decision=SCREEN_NOISE_BAND net=63414.0 PF=1.1958 DD=19.4946%
2026-08-30T12:16:12+00:00 SKIP_EXISTING [604/1000] id=OAFX1604 window=SCREEN_IS
2026-08-30T12:16:12+00:00 GATE_SKIP id=OAFX1604 window=IS reason=SINGLE_SLEEVE_INFERIOR decision=SCREEN_OUT_SINGLE_SLEEVE net=56245.0 PF=1.1861 DD=20.0607%
2026-08-30T12:16:12+00:00 SKIP_EXISTING [605/1000] id=OAFX1605 window=SCREEN_IS
2026-08-30T12:16:12+00:00 GATE_SKIP id=OAFX1605 window=IS reason=SINGLE_SLEEVE_INFERIOR decision=SCREEN_OUT_SINGLE_SLEEVE net=49076.0 PF=1.1749 DD=20.6846%
2026-08-30T12:16:12+00:00 SKIP_EXISTING [606/1000] id=OAFX1606 window=SCREEN_IS
2026-08-30T12:16:12+00:00 GATE_SKIP id=OAFX1606 window=IS reason=SINGLE_SLEEVE_INFERIOR decision=SCREEN_OUT_SINGLE_SLEEVE net=80215.0 PF=1.2152 DD=19.5816%
2026-08-30T12:16:12+00:00 SKIP_EXISTING [607/1000] id=OAFX1607 window=SCREEN_IS
2026-08-30T12:16:12+00:00 GATE_SKIP id=OAFX1607 window=IS reason=SINGLE_SLEEVE_INFERIOR decision=SCREEN_OUT_SINGLE_SLEEVE net=75509.0 PF=1.2116 DD=19.6345%
2026-08-30T12:16:12+00:00 SKIP_EXISTING [608/1000] id=OAFX1608 window=SCREEN_IS
2026-08-30T12:16:12+00:00 GATE_SKIP id=OAFX1608 window=IS reason=SINGLE_SLEEVE_INFERIOR decision=SCREEN_OUT_SINGLE_SLEEVE net=70803.0 PF=1.2078 DD=20.038%
2026-08-30T12:16:12+00:00 SKIP_EXISTING [609/1000] id=OAFX1609 window=SCREEN_IS
2026-08-30T12:16:12+00:00 GATE_SKIP id=OAFX1609 window=IS reason=SINGLE_SLEEVE_INFERIOR decision=SCREEN_OUT_SINGLE_SLEEVE net=66097.0 PF=1.2035 DD=20.5309%
2026-08-30T12:16:12+00:00 SKIP_EXISTING [610/1000] id=OAFX1610 window=SCREEN_IS
2026-08-30T12:16:12+00:00 GATE_SKIP id=OAFX1610 window=IS reason=SINGLE_SLEEVE_INFERIOR decision=SCREEN_OUT_SINGLE_SLEEVE net=61391.0 PF=1.1989 DD=21.0915%
2026-08-30T12:16:12+00:00 SKIP_EXISTING [611/1000] id=OAFX1611 window=SCREEN_IS
2026-08-30T12:16:12+00:00 GATE_SKIP id=OAFX1611 window=IS reason=SINGLE_SLEEVE_INFERIOR decision=SCREEN_OUT_SINGLE_SLEEVE net=79734.0 PF=1.2113 DD=19.5489%
2026-08-30T12:16:12+00:00 SKIP_EXISTING [612/1000] id=OAFX1612 window=SCREEN_IS
2026-08-30T12:16:12+00:00 GATE_SKIP id=OAFX1612 window=IS reason=SINGLE_SLEEVE_INFERIOR decision=SCREEN_OUT_SINGLE_SLEEVE net=74547.0 PF=1.2038 DD=19.5675%
2026-08-30T12:16:12+00:00 SKIP_EXISTING [613/1000] id=OAFX1613 window=SCREEN_IS
2026-08-30T12:16:12+00:00 GATE_SKIP id=OAFX1613 window=IS reason=SINGLE_SLEEVE_INFERIOR decision=SCREEN_OUT_SINGLE_SLEEVE net=69360.0 PF=1.1959 DD=19.866%
2026-08-30T12:16:12+00:00 SKIP_EXISTING [614/1000] id=OAFX1614 window=SCREEN_IS
2026-08-30T12:16:12+00:00 GATE_SKIP id=OAFX1614 window=IS reason=SINGLE_SLEEVE_INFERIOR decision=SCREEN_OUT_SINGLE_SLEEVE net=64173.0 PF=1.1873 DD=20.3023%
2026-08-30T12:16:12+00:00 SKIP_EXISTING [615/1000] id=OAFX1615 window=SCREEN_IS
2026-08-30T12:16:12+00:00 GATE_SKIP id=OAFX1615 window=IS reason=SINGLE_SLEEVE_INFERIOR decision=SCREEN_OUT_SINGLE_SLEEVE net=58986.0 PF=1.1782 DD=20.7699%
2026-08-30T12:16:12+00:00 SKIP_EXISTING [616/1000] id=OAFX1616 window=SCREEN_IS
2026-08-30T12:16:12+00:00 GATE_SKIP id=OAFX1616 window=IS reason=SINGLE_SLEEVE_INFERIOR decision=SCREEN_NOISE_BAND net=83207.0 PF=1.2194 DD=19.1788%
2026-08-30T12:16:12+00:00 SCREEN_SKIP_EXISTING_FULLBOOK [617/1000] id=OAFX1617 reason=existing fullbook IS retained
2026-08-30T12:16:12+00:00 SKIP_EXISTING [617/1000] id=OAFX1617 window=IS
2026-08-30T12:16:12+00:00 GATE_SKIP id=OAFX1617 window=OOS reason=IS_NOT_SURVIVOR decision=IS_NOISE_BAND net=276284.0 PF=1.4057 DD=34.6025%
2026-08-30T12:16:12+00:00 SKIP_EXISTING [618/1000] id=OAFX1618 window=SCREEN_IS
2026-08-30T12:16:12+00:00 RUN_START id=OAFX1618 family=gj_boost_partial_exit window=IS terminal=BT2 run=oafx_is_oafx1618_20260830211612_57f154
2026-08-30T12:16:14+00:00 RUN_HEARTBEAT terminal=BT2 pid=56548 elapsed=0s
2026-08-30T12:17:00+00:00 RUN_HEARTBEAT terminal=BT1 pid=53292 elapsed=319s
2026-08-30T12:17:16+00:00 RUN_HEARTBEAT terminal=PROD pid=33008 elapsed=576s
2026-08-30T12:17:16+00:00 RUN_HEARTBEAT terminal=BT2 pid=56548 elapsed=63s
2026-08-30T12:18:04+00:00 RUN_HEARTBEAT terminal=BT1 pid=53292 elapsed=383s
2026-08-30T12:18:20+00:00 RUN_HEARTBEAT terminal=BT2 pid=56548 elapsed=127s
2026-08-30T12:18:20+00:00 RUN_HEARTBEAT terminal=PROD pid=33008 elapsed=641s
2026-08-30T12:19:08+00:00 RUN_HEARTBEAT terminal=BT1 pid=53292 elapsed=448s
2026-08-30T12:19:24+00:00 RUN_HEARTBEAT terminal=BT2 pid=56548 elapsed=191s
2026-08-30T12:19:24+00:00 RUN_HEARTBEAT terminal=PROD pid=33008 elapsed=705s
2026-08-30T12:19:56+00:00 RUN_END id=OAFX1490 window=IS terminal=PROD status=OK decision=IS_NOISE_BAND elapsed=738.502s
2026-08-30T12:19:56+00:00 GATE_SKIP id=OAFX1490 window=OOS reason=IS_NOT_SURVIVOR decision=IS_NOISE_BAND net=292769.0 PF=1.4242 DD=34.7936%
2026-08-30T12:19:56+00:00 SCREEN_SKIP_EXISTING_FULLBOOK [619/1000] id=OAFX1619 reason=existing fullbook IS retained
2026-08-30T12:19:56+00:00 SKIP_EXISTING [619/1000] id=OAFX1619 window=IS
2026-08-30T12:19:56+00:00 GATE_SKIP id=OAFX1619 window=OOS reason=IS_NOT_SURVIVOR decision=IS_REJECT net=272856.0 PF=1.4124 DD=37.7428%
2026-08-30T12:19:56+00:00 SKIP_EXISTING [620/1000] id=OAFX1620 window=SCREEN_IS
2026-08-30T12:19:56+00:00 GATE_SKIP id=OAFX1620 window=IS reason=SINGLE_SLEEVE_INFERIOR decision=SCREEN_OUT_SINGLE_SLEEVE net=76351.0 PF=1.2242 DD=18.5782%
2026-08-30T12:19:56+00:00 SKIP_EXISTING [621/1000] id=OAFX1621 window=SCREEN_IS
2026-08-30T12:19:56+00:00 GATE_SKIP id=OAFX1621 window=IS reason=SINGLE_SLEEVE_INFERIOR decision=SCREEN_NOISE_BAND net=82439.0 PF=1.2156 DD=19.0991%
2026-08-30T12:19:56+00:00 SKIP_EXISTING [622/1000] id=OAFX1622 window=SCREEN_IS
2026-08-30T12:19:56+00:00 RUN_START id=OAFX1622 family=gj_boost_partial_exit window=IS terminal=PROD run=oafx_is_oafx1622_20260830211956_1f785a
2026-08-30T12:19:58+00:00 RUN_HEARTBEAT terminal=PROD pid=48508 elapsed=0s
2026-08-30T12:20:12+00:00 RUN_HEARTBEAT terminal=BT1 pid=53292 elapsed=512s
2026-08-30T12:20:28+00:00 RUN_HEARTBEAT terminal=BT2 pid=56548 elapsed=254s
2026-08-30T12:20:28+00:00 RUN_END id=OAFX1419 window=OOS terminal=BT1 status=OK decision=REJECT elapsed=529.033s
2026-08-30T12:20:28+00:00 SKIP_EXISTING [623/1000] id=OAFX1623 window=SCREEN_IS
2026-08-30T12:20:28+00:00 RUN_START id=OAFX1623 family=gj_boost_partial_exit window=IS terminal=BT1 run=oafx_is_oafx1623_20260830212028_a01758
2026-08-30T12:20:30+00:00 RUN_HEARTBEAT terminal=BT1 pid=26288 elapsed=0s
2026-08-30T12:21:00+00:00 RUN_HEARTBEAT terminal=PROD pid=48508 elapsed=63s
2026-08-30T12:21:31+00:00 RUN_HEARTBEAT terminal=BT2 pid=56548 elapsed=317s
2026-08-30T12:21:32+00:00 RUN_HEARTBEAT terminal=BT1 pid=26288 elapsed=63s
2026-08-30T12:22:03+00:00 RUN_HEARTBEAT terminal=PROD pid=48508 elapsed=125s
2026-08-30T12:22:36+00:00 RUN_HEARTBEAT terminal=BT1 pid=26288 elapsed=126s
2026-08-30T12:22:36+00:00 RUN_HEARTBEAT terminal=BT2 pid=56548 elapsed=382s
2026-08-30T12:23:08+00:00 RUN_HEARTBEAT terminal=PROD pid=48508 elapsed=190s
2026-08-30T12:23:40+00:00 RUN_HEARTBEAT terminal=BT2 pid=56548 elapsed=447s
2026-08-30T12:23:40+00:00 RUN_HEARTBEAT terminal=BT1 pid=26288 elapsed=191s
2026-08-30T12:24:13+00:00 RUN_HEARTBEAT terminal=PROD pid=48508 elapsed=254s
2026-08-30T12:24:44+00:00 RUN_END id=OAFX1618 window=IS terminal=BT2 status=FAILED decision=RUN_FAILED elapsed=511.389s
2026-08-30T12:24:44+00:00 SKIP_EXISTING [624/1000] id=OAFX1624 window=SCREEN_IS
2026-08-30T12:24:44+00:00 GATE_SKIP id=OAFX1624 window=IS reason=SINGLE_SLEEVE_INFERIOR decision=SCREEN_OUT_SINGLE_SLEEVE net=74993.0 PF=1.2067 DD=18.3203%
2026-08-30T12:24:44+00:00 SKIP_EXISTING [625/1000] id=OAFX1625 window=SCREEN_IS
2026-08-30T12:24:44+00:00 GATE_SKIP id=OAFX1625 window=IS reason=SINGLE_SLEEVE_INFERIOR decision=SCREEN_OUT_SINGLE_SLEEVE net=72511.0 PF=1.2036 DD=18.3044%
2026-08-30T12:24:44+00:00 SKIP_EXISTING [626/1000] id=OAFX1626 window=SCREEN_IS
2026-08-30T12:24:44+00:00 RUN_START id=OAFX1626 family=gj_boost_partial_exit window=IS terminal=BT2 run=oafx_is_oafx1626_20260830212444_219c7e
2026-08-30T12:24:44+00:00 RUN_HEARTBEAT terminal=BT1 pid=26288 elapsed=255s
2026-08-30T12:24:45+00:00 RUN_HEARTBEAT terminal=BT2 pid=54556 elapsed=0s
2026-08-30T12:25:16+00:00 RUN_HEARTBEAT terminal=PROD pid=48508 elapsed=318s
2026-08-30T12:25:48+00:00 RUN_HEARTBEAT terminal=BT2 pid=54556 elapsed=63s
2026-08-30T12:25:48+00:00 RUN_HEARTBEAT terminal=BT1 pid=26288 elapsed=318s
2026-08-30T12:26:20+00:00 RUN_HEARTBEAT terminal=PROD pid=48508 elapsed=382s
2026-08-30T12:26:52+00:00 RUN_HEARTBEAT terminal=BT1 pid=26288 elapsed=382s
2026-08-30T12:26:52+00:00 RUN_HEARTBEAT terminal=BT2 pid=54556 elapsed=127s
2026-08-30T12:27:24+00:00 RUN_HEARTBEAT terminal=PROD pid=48508 elapsed=446s
2026-08-30T12:27:56+00:00 RUN_HEARTBEAT terminal=BT2 pid=54556 elapsed=191s
2026-08-30T12:27:56+00:00 RUN_HEARTBEAT terminal=BT1 pid=26288 elapsed=447s
2026-08-30T12:28:28+00:00 RUN_HEARTBEAT terminal=PROD pid=48508 elapsed=510s
2026-08-30T12:29:00+00:00 RUN_HEARTBEAT terminal=BT1 pid=26288 elapsed=510s
2026-08-30T12:29:00+00:00 RUN_HEARTBEAT terminal=BT2 pid=54556 elapsed=255s
2026-08-30T12:29:31+00:00 RUN_END id=OAFX1626 window=IS terminal=BT2 status=FAILED decision=RUN_FAILED elapsed=287.403s
2026-08-30T12:29:31+00:00 SKIP_EXISTING [627/1000] id=OAFX1627 window=SCREEN_IS
2026-08-30T12:29:31+00:00 RUN_START id=OAFX1627 family=gj_boost_partial_exit window=IS terminal=BT2 run=oafx_is_oafx1627_20260830212931_c912f4
2026-08-30T12:29:32+00:00 RUN_END id=OAFX1622 window=IS terminal=PROD status=OK decision=IS_SURVIVOR_DD elapsed=575.289s
2026-08-30T12:29:32+00:00 RUN_START id=OAFX1622 family=gj_boost_partial_exit window=OOS terminal=PROD run=oafx_oos_oafx1622_20260830212932_54b7d6
2026-08-30T12:29:32+00:00 RUN_HEARTBEAT terminal=BT2 pid=53560 elapsed=0s
2026-08-30T12:29:32+00:00 WAIT_LAUNCH_SLOT terminal=PROD seconds=14.2
2026-08-30T12:29:47+00:00 RUN_HEARTBEAT terminal=PROD pid=53828 elapsed=0s
2026-08-30T12:30:05+00:00 RUN_HEARTBEAT terminal=BT1 pid=26288 elapsed=573s
2026-08-30T12:30:37+00:00 RUN_HEARTBEAT terminal=BT2 pid=53560 elapsed=64s
2026-08-30T12:30:55+00:00 RUN_HEARTBEAT terminal=PROD pid=53828 elapsed=65s
2026-08-30T12:31:11+00:00 RUN_HEARTBEAT terminal=BT1 pid=26288 elapsed=641s
2026-08-30T12:31:43+00:00 RUN_HEARTBEAT terminal=BT2 pid=53560 elapsed=130s
2026-08-30T12:32:00+00:00 RUN_HEARTBEAT terminal=PROD pid=53828 elapsed=132s
2026-08-30T12:32:16+00:00 RUN_END id=OAFX1623 window=IS terminal=BT1 status=OK decision=IS_SURVIVOR_DD elapsed=707.669s
2026-08-30T12:32:16+00:00 RUN_START id=OAFX1623 family=gj_boost_partial_exit window=OOS terminal=BT1 run=oafx_oos_oafx1623_20260830213216_ea8add
2026-08-30T12:32:18+00:00 RUN_HEARTBEAT terminal=BT1 pid=50472 elapsed=0s
2026-08-30T12:32:48+00:00 RUN_HEARTBEAT terminal=BT2 pid=53560 elapsed=195s
2026-08-30T12:33:03+00:00 RUN_HEARTBEAT terminal=PROD pid=53828 elapsed=196s
2026-08-30T12:33:20+00:00 RUN_HEARTBEAT terminal=BT1 pid=50472 elapsed=63s
2026-08-30T12:33:51+00:00 RUN_HEARTBEAT terminal=BT2 pid=53560 elapsed=258s
2026-08-30T12:34:07+00:00 RUN_HEARTBEAT terminal=PROD pid=53828 elapsed=259s
2026-08-30T12:34:23+00:00 RUN_HEARTBEAT terminal=BT1 pid=50472 elapsed=126s
2026-08-30T12:34:54+00:00 RUN_HEARTBEAT terminal=BT2 pid=53560 elapsed=322s
2026-08-30T12:35:10+00:00 RUN_HEARTBEAT terminal=PROD pid=53828 elapsed=323s
2026-08-30T12:35:26+00:00 RUN_HEARTBEAT terminal=BT1 pid=50472 elapsed=189s
2026-08-30T12:35:58+00:00 RUN_HEARTBEAT terminal=BT2 pid=53560 elapsed=385s
2026-08-30T12:36:14+00:00 RUN_HEARTBEAT terminal=PROD pid=53828 elapsed=386s
2026-08-30T12:36:30+00:00 RUN_HEARTBEAT terminal=BT1 pid=50472 elapsed=252s
2026-08-30T12:37:02+00:00 RUN_HEARTBEAT terminal=BT2 pid=53560 elapsed=450s
2026-08-30T12:37:18+00:00 RUN_HEARTBEAT terminal=PROD pid=53828 elapsed=451s
2026-08-30T12:37:34+00:00 RUN_HEARTBEAT terminal=BT1 pid=50472 elapsed=317s
2026-08-30T12:38:06+00:00 WAIT_MT5_IDLE terminal=PROD elapsed=1s pids=[55720]
2026-08-30T12:38:06+00:00 RUN_HEARTBEAT terminal=BT2 pid=53560 elapsed=513s
2026-08-30T12:38:38+00:00 RUN_HEARTBEAT terminal=BT1 pid=50472 elapsed=381s
2026-08-30T12:39:10+00:00 WAIT_MT5_IDLE terminal=PROD elapsed=65s pids=[55720]
2026-08-30T12:39:10+00:00 RUN_HEARTBEAT terminal=BT2 pid=53560 elapsed=577s
2026-08-30T12:39:42+00:00 RUN_HEARTBEAT terminal=BT1 pid=50472 elapsed=444s
2026-08-30T12:39:42+00:00 KILL_ORPHAN_TESTER terminal=PROD pids=[55720] orphan_seconds=96
2026-08-30T12:39:58+00:00 RUN_END id=OAFX1622 window=OOS terminal=PROD status=OK decision=REJECT elapsed=625.784s
2026-08-30T12:39:58+00:00 SCREEN_SKIP_EXISTING_FULLBOOK [628/1000] id=OAFX1628 reason=existing fullbook IS retained
2026-08-30T12:39:58+00:00 SKIP_EXISTING [628/1000] id=OAFX1628 window=IS
2026-08-30T12:39:58+00:00 GATE_SKIP id=OAFX1628 window=OOS reason=IS_NOT_SURVIVOR decision=IS_REJECT net=274048.0 PF=1.3983 DD=41.0447%
2026-08-30T12:39:58+00:00 SCREEN_SKIP_EXISTING_FULLBOOK [629/1000] id=OAFX1629 reason=existing fullbook IS retained
2026-08-30T12:39:58+00:00 SKIP_EXISTING [629/1000] id=OAFX1629 window=IS
2026-08-30T12:39:58+00:00 GATE_SKIP id=OAFX1629 window=OOS reason=IS_NOT_SURVIVOR decision=IS_REJECT net=272160.0 PF=1.3979 DD=44.2389%
2026-08-30T12:39:58+00:00 SKIP_EXISTING [630/1000] id=OAFX1630 window=SCREEN_IS
2026-08-30T12:39:58+00:00 GATE_SKIP id=OAFX1630 window=IS reason=SINGLE_SLEEVE_INFERIOR decision=SCREEN_OUT_SINGLE_SLEEVE net=75481.0 PF=1.2049 DD=18.1406%
2026-08-30T12:39:58+00:00 SKIP_EXISTING [631/1000] id=OAFX1631 window=SCREEN_IS
2026-08-30T12:39:58+00:00 GATE_SKIP id=OAFX1631 window=IS reason=SINGLE_SLEEVE_INFERIOR decision=SCREEN_NOISE_BAND net=80667.0 PF=1.2087 DD=19.0793%
2026-08-30T12:39:58+00:00 SKIP_EXISTING [632/1000] id=OAFX1632 window=SCREEN_IS
2026-08-30T12:39:58+00:00 GATE_SKIP id=OAFX1632 window=IS reason=SINGLE_SLEEVE_INFERIOR decision=SCREEN_OUT_SINGLE_SLEEVE net=76413.0 PF=1.199 DD=18.9655%
2026-08-30T12:39:58+00:00 SKIP_EXISTING [633/1000] id=OAFX1633 window=SCREEN_IS
2026-08-30T12:39:58+00:00 GATE_SKIP id=OAFX1633 window=IS reason=SINGLE_SLEEVE_INFERIOR decision=SCREEN_NOISE_BAND net=72159.0 PF=1.1891 DD=19.1311%
2026-08-30T12:39:58+00:00 SKIP_EXISTING [634/1000] id=OAFX1634 window=SCREEN_IS
2026-08-30T12:39:58+00:00 GATE_SKIP id=OAFX1634 window=IS reason=SINGLE_SLEEVE_INFERIOR decision=SCREEN_OUT_SINGLE_SLEEVE net=67905.0 PF=1.179 DD=19.5916%
2026-08-30T12:39:58+00:00 SKIP_EXISTING [635/1000] id=OAFX1635 window=SCREEN_IS
2026-08-30T12:39:58+00:00 GATE_SKIP id=OAFX1635 window=IS reason=SINGLE_SLEEVE_INFERIOR decision=SCREEN_OUT_SINGLE_SLEEVE net=63651.0 PF=1.1689 DD=20.0973%
2026-08-30T12:39:58+00:00 RUN_START id=OAFX1636 family=gj_boost_partial_exit window=SCREEN_IS terminal=PROD run=oafx_screen_is_oafx1636_20260830213958_48f111
2026-08-30T12:39:59+00:00 RUN_HEARTBEAT terminal=PROD pid=14964 elapsed=0s
2026-08-30T12:40:13+00:00 RUN_HEARTBEAT terminal=BT2 pid=53560 elapsed=641s
2026-08-30T12:40:45+00:00 RUN_HEARTBEAT terminal=BT1 pid=50472 elapsed=507s
2026-08-30T12:40:45+00:00 RUN_END id=OAFX1627 window=IS terminal=BT2 status=OK decision=IS_REJECT elapsed=673.743s
2026-08-30T12:40:45+00:00 GATE_SKIP id=OAFX1627 window=OOS reason=IS_NOT_SURVIVOR decision=IS_REJECT net=275936.0 PF=1.3986 DD=37.8505%
2026-08-30T12:40:45+00:00 SKIP_EXISTING [637/1000] id=OAFX1637 window=SCREEN_IS
2026-08-30T12:40:45+00:00 RUN_START id=OAFX1637 family=gj_boost_partial_exit window=IS terminal=BT2 run=oafx_is_oafx1637_20260830214045_bbcb4d
2026-08-30T12:40:46+00:00 RUN_HEARTBEAT terminal=BT2 pid=39176 elapsed=0s
2026-08-30T12:41:02+00:00 RUN_HEARTBEAT terminal=PROD pid=14964 elapsed=63s
2026-08-30T12:41:32+00:00 RUN_END id=OAFX1623 window=OOS terminal=BT1 status=OK decision=REJECT elapsed=555.913s
2026-08-30T12:41:32+00:00 SKIP_EXISTING [638/1000] id=OAFX1638 window=SCREEN_IS
2026-08-30T12:41:32+00:00 RUN_START id=OAFX1638 family=gj_boost_partial_exit window=IS terminal=BT1 run=oafx_is_oafx1638_20260830214132_7c213e
2026-08-30T12:41:33+00:00 RUN_HEARTBEAT terminal=BT1 pid=17464 elapsed=0s
2026-08-30T12:41:49+00:00 RUN_HEARTBEAT terminal=BT2 pid=39176 elapsed=63s
2026-08-30T12:42:05+00:00 RUN_HEARTBEAT terminal=PROD pid=14964 elapsed=126s
2026-08-30T12:42:38+00:00 RUN_HEARTBEAT terminal=BT1 pid=17464 elapsed=64s
2026-08-30T12:42:54+00:00 RUN_HEARTBEAT terminal=BT2 pid=39176 elapsed=127s
2026-08-30T12:43:10+00:00 RUN_END id=OAFX1636 window=SCREEN_IS terminal=PROD status=OK decision=SCREEN_NOISE_BAND elapsed=191.978s
2026-08-30T12:43:10+00:00 GATE_SKIP id=OAFX1636 window=IS reason=SINGLE_SLEEVE_INFERIOR decision=SCREEN_NOISE_BAND net=82206.0 PF=1.2125 DD=19.2026%
2026-08-30T12:43:10+00:00 SKIP_EXISTING [639/1000] id=OAFX1639 window=SCREEN_IS
2026-08-30T12:43:10+00:00 GATE_SKIP id=OAFX1639 window=IS reason=SINGLE_SLEEVE_INFERIOR decision=SCREEN_OUT_SINGLE_SLEEVE net=74061.0 PF=1.1946 DD=18.4622%
2026-08-30T12:43:10+00:00 SKIP_EXISTING [640/1000] id=OAFX1640 window=SCREEN_IS
2026-08-30T12:43:10+00:00 GATE_SKIP id=OAFX1640 window=IS reason=SINGLE_SLEEVE_INFERIOR decision=SCREEN_OUT_SINGLE_SLEEVE net=71346.0 PF=1.1885 DD=18.6357%
2026-08-30T12:43:10+00:00 SKIP_EXISTING [641/1000] id=OAFX1641 window=SCREEN_IS
2026-08-30T12:43:10+00:00 GATE_SKIP id=OAFX1641 window=IS reason=SINGLE_SLEEVE_INFERIOR decision=SCREEN_NOISE_BAND net=82839.0 PF=1.2142 DD=19.2307%
2026-08-30T12:43:10+00:00 SCREEN_SKIP_EXISTING_FULLBOOK [642/1000] id=OAFX1642 reason=existing fullbook IS retained
2026-08-30T12:43:10+00:00 SKIP_EXISTING [642/1000] id=OAFX1642 window=IS
2026-08-30T12:43:10+00:00 GATE_SKIP id=OAFX1642 window=OOS reason=IS_NOT_SURVIVOR decision=IS_REJECT net=275548.0 PF=1.3958 DD=36.4112%
2026-08-30T12:43:10+00:00 SCREEN_SKIP_EXISTING_FULLBOOK [643/1000] id=OAFX1643 reason=existing fullbook IS retained
2026-08-30T12:43:10+00:00 SKIP_EXISTING [643/1000] id=OAFX1643 window=IS
2026-08-30T12:43:10+00:00 GATE_SKIP id=OAFX1643 window=OOS reason=IS_NOT_SURVIVOR decision=IS_REJECT net=273466.0 PF=1.394 DD=38.8858%
2026-08-30T12:43:10+00:00 SKIP_EXISTING [644/1000] id=OAFX1644 window=SCREEN_IS
2026-08-30T12:43:10+00:00 RUN_START id=OAFX1644 family=gj_boost_partial_exit window=IS terminal=PROD run=oafx_is_oafx1644_20260830214310_fa852b
2026-08-30T12:43:11+00:00 RUN_HEARTBEAT terminal=PROD pid=18960 elapsed=0s
2026-08-30T12:43:42+00:00 RUN_HEARTBEAT terminal=BT1 pid=17464 elapsed=128s
2026-08-30T12:43:58+00:00 RUN_HEARTBEAT terminal=BT2 pid=39176 elapsed=191s
2026-08-30T12:44:14+00:00 RUN_HEARTBEAT terminal=PROD pid=18960 elapsed=63s
2026-08-30T12:44:45+00:00 RUN_HEARTBEAT terminal=BT1 pid=17464 elapsed=192s
2026-08-30T12:45:02+00:00 RUN_HEARTBEAT terminal=BT2 pid=39176 elapsed=255s
2026-08-30T12:45:17+00:00 RUN_HEARTBEAT terminal=PROD pid=18960 elapsed=126s
2026-08-30T12:45:49+00:00 RUN_HEARTBEAT terminal=BT1 pid=17464 elapsed=256s
2026-08-30T12:46:05+00:00 RUN_HEARTBEAT terminal=BT2 pid=39176 elapsed=319s
2026-08-30T12:46:22+00:00 RUN_HEARTBEAT terminal=PROD pid=18960 elapsed=190s
2026-08-30T12:46:54+00:00 RUN_HEARTBEAT terminal=BT1 pid=17464 elapsed=320s
2026-08-30T12:47:09+00:00 RUN_HEARTBEAT terminal=BT2 pid=39176 elapsed=383s
2026-08-30T12:47:25+00:00 RUN_HEARTBEAT terminal=PROD pid=18960 elapsed=254s
2026-08-30T12:47:57+00:00 RUN_HEARTBEAT terminal=BT1 pid=17464 elapsed=384s
2026-08-30T12:48:12+00:00 RUN_END id=OAFX1644 window=IS terminal=PROD status=FAILED decision=RUN_FAILED elapsed=302.453s
2026-08-30T12:48:12+00:00 SKIP_EXISTING [645/1000] id=OAFX1645 window=SCREEN_IS
2026-08-30T12:48:12+00:00 GATE_SKIP id=OAFX1645 window=IS reason=SINGLE_SLEEVE_INFERIOR decision=SCREEN_OUT_SINGLE_SLEEVE net=74511.0 PF=1.1969 DD=18.2346%
2026-08-30T12:48:12+00:00 RUN_START id=OAFX1646 family=gj_boost_partial_exit window=SCREEN_IS terminal=PROD run=oafx_screen_is_oafx1646_20260830214812_91abd4
2026-08-30T12:48:13+00:00 RUN_HEARTBEAT terminal=BT2 pid=39176 elapsed=447s
2026-08-30T12:48:14+00:00 RUN_HEARTBEAT terminal=PROD pid=31192 elapsed=0s
2026-08-30T12:49:01+00:00 RUN_HEARTBEAT terminal=BT1 pid=17464 elapsed=447s
2026-08-30T12:49:16+00:00 RUN_HEARTBEAT terminal=BT2 pid=39176 elapsed=510s
2026-08-30T12:49:17+00:00 RUN_HEARTBEAT terminal=PROD pid=31192 elapsed=63s
2026-08-30T12:49:48+00:00 RUN_END id=OAFX1637 window=IS terminal=BT2 status=OK decision=IS_REJECT elapsed=543.309s
2026-08-30T12:49:48+00:00 GATE_SKIP id=OAFX1637 window=OOS reason=IS_NOT_SURVIVOR decision=IS_REJECT net=274282.0 PF=1.394 DD=37.9429%
2026-08-30T12:49:48+00:00 RUN_START id=OAFX1647 family=gj_boost_partial_exit window=SCREEN_IS terminal=BT2 run=oafx_screen_is_oafx1647_20260830214948_e241d6
2026-08-30T12:49:49+00:00 RUN_HEARTBEAT terminal=BT2 pid=49640 elapsed=0s
2026-08-30T12:50:04+00:00 RUN_HEARTBEAT terminal=BT1 pid=17464 elapsed=510s
2026-08-30T12:50:20+00:00 RUN_HEARTBEAT terminal=PROD pid=31192 elapsed=126s
2026-08-30T12:50:51+00:00 RUN_END id=OAFX1646 window=SCREEN_IS terminal=PROD status=OK decision=SCREEN_OUT_SINGLE_SLEEVE elapsed=158.873s
2026-08-30T12:50:51+00:00 GATE_SKIP id=OAFX1646 window=IS reason=SINGLE_SLEEVE_INFERIOR decision=SCREEN_OUT_SINGLE_SLEEVE net=82379.0 PF=1.2129 DD=19.5575%
2026-08-30T12:50:51+00:00 SKIP_EXISTING [648/1000] id=OAFX1648 window=SCREEN_IS
2026-08-30T12:50:51+00:00 GATE_SKIP id=OAFX1648 window=IS reason=SINGLE_SLEEVE_INFERIOR decision=SCREEN_OUT_SINGLE_SLEEVE net=77295.0 PF=1.2017 DD=19.6127%
2026-08-30T12:50:51+00:00 RUN_START id=OAFX1649 family=gj_boost_partial_exit window=SCREEN_IS terminal=PROD run=oafx_screen_is_oafx1649_20260830215051_d9e213
2026-08-30T12:50:52+00:00 RUN_HEARTBEAT terminal=BT2 pid=49640 elapsed=63s
2026-08-30T12:50:53+00:00 RUN_HEARTBEAT terminal=PROD pid=54860 elapsed=0s
2026-08-30T12:51:07+00:00 RUN_HEARTBEAT terminal=BT1 pid=17464 elapsed=573s
2026-08-30T12:51:39+00:00 RUN_END id=OAFX1647 window=SCREEN_IS terminal=BT2 status=OK decision=SCREEN_OUT_SINGLE_SLEEVE elapsed=111.096s
2026-08-30T12:51:39+00:00 GATE_SKIP id=OAFX1647 window=IS reason=SINGLE_SLEEVE_INFERIOR decision=SCREEN_OUT_SINGLE_SLEEVE net=79837.0 PF=1.2073 DD=19.5846%
2026-08-30T12:51:39+00:00 SKIP_EXISTING [650/1000] id=OAFX1650 window=SCREEN_IS
2026-08-30T12:51:39+00:00 GATE_SKIP id=OAFX1650 window=IS reason=SINGLE_SLEEVE_INFERIOR decision=SCREEN_OUT_SINGLE_SLEEVE net=72211.0 PF=1.1903 DD=20.0313%
2026-08-30T12:51:39+00:00 SKIP_EXISTING [651/1000] id=OAFX1651 window=SCREEN_IS
2026-08-30T12:51:39+00:00 GATE_SKIP id=OAFX1651 window=IS reason=SINGLE_SLEEVE_INFERIOR decision=SCREEN_OUT_SINGLE_SLEEVE net=83522.0 PF=1.2158 DD=19.5905%
2026-08-30T12:51:39+00:00 SKIP_EXISTING [652/1000] id=OAFX1652 window=SCREEN_IS
2026-08-30T12:51:39+00:00 GATE_SKIP id=OAFX1652 window=IS reason=SINGLE_SLEEVE_INFERIOR decision=SCREEN_OUT_SINGLE_SLEEVE net=82123.0 PF=1.2132 DD=19.9903%
2026-08-30T12:51:39+00:00 SKIP_EXISTING [653/1000] id=OAFX1653 window=SCREEN_IS
2026-08-30T12:51:39+00:00 GATE_SKIP id=OAFX1653 window=IS reason=SINGLE_SLEEVE_INFERIOR decision=SCREEN_OUT_SINGLE_SLEEVE net=80724.0 PF=1.2106 DD=20.3959%
2026-08-30T12:51:39+00:00 SKIP_EXISTING [654/1000] id=OAFX1654 window=SCREEN_IS
2026-08-30T12:51:39+00:00 GATE_SKIP id=OAFX1654 window=IS reason=SINGLE_SLEEVE_INFERIOR decision=SCREEN_OUT_SINGLE_SLEEVE net=79325.0 PF=1.208 DD=20.8072%
2026-08-30T12:51:39+00:00 SKIP_EXISTING [655/1000] id=OAFX1655 window=SCREEN_IS
2026-08-30T12:51:39+00:00 GATE_SKIP id=OAFX1655 window=IS reason=SINGLE_SLEEVE_INFERIOR decision=SCREEN_OUT_SINGLE_SLEEVE net=77926.0 PF=1.2053 DD=21.3001%
2026-08-30T12:51:39+00:00 SKIP_EXISTING [656/1000] id=OAFX1656 window=SCREEN_IS
2026-08-30T12:51:39+00:00 GATE_SKIP id=OAFX1656 window=IS reason=SINGLE_SLEEVE_INFERIOR decision=SCREEN_NOISE_BAND net=83299.0 PF=1.2153 DD=19.5284%
2026-08-30T12:51:39+00:00 SKIP_EXISTING [657/1000] id=OAFX1657 window=SCREEN_IS
2026-08-30T12:51:39+00:00 GATE_SKIP id=OAFX1657 window=IS reason=SINGLE_SLEEVE_INFERIOR decision=SCREEN_OUT_SINGLE_SLEEVE net=81677.0 PF=1.2121 DD=19.7359%
2026-08-30T12:51:39+00:00 SKIP_EXISTING [658/1000] id=OAFX1658 window=SCREEN_IS
2026-08-30T12:51:39+00:00 GATE_SKIP id=OAFX1658 window=IS reason=SINGLE_SLEEVE_INFERIOR decision=SCREEN_OUT_SINGLE_SLEEVE net=80055.0 PF=1.2089 DD=20.2218%
2026-08-30T12:51:39+00:00 SKIP_EXISTING [659/1000] id=OAFX1659 window=SCREEN_IS
2026-08-30T12:51:39+00:00 GATE_SKIP id=OAFX1659 window=IS reason=SINGLE_SLEEVE_INFERIOR decision=SCREEN_OUT_SINGLE_SLEEVE net=78433.0 PF=1.2057 DD=20.7582%
2026-08-30T12:51:39+00:00 SKIP_EXISTING [660/1000] id=OAFX1660 window=SCREEN_IS
2026-08-30T12:51:39+00:00 GATE_SKIP id=OAFX1660 window=IS reason=SINGLE_SLEEVE_INFERIOR decision=SCREEN_OUT_SINGLE_SLEEVE net=76811.0 PF=1.2024 DD=21.3029%
2026-08-30T12:51:39+00:00 SKIP_EXISTING [661/1000] id=OAFX1661 window=SCREEN_IS
2026-08-30T12:51:39+00:00 GATE_SKIP id=OAFX1661 window=IS reason=SINGLE_SLEEVE_INFERIOR decision=SCREEN_NOISE_BAND net=84631.0 PF=1.2187 DD=19.4985%
2026-08-30T12:51:39+00:00 SKIP_EXISTING [662/1000] id=OAFX1662 window=SCREEN_IS
2026-08-30T12:51:39+00:00 GATE_SKIP id=OAFX1662 window=IS reason=SINGLE_SLEEVE_INFERIOR decision=SCREEN_NOISE_BAND net=84341.0 PF=1.219 DD=19.4652%
2026-08-30T12:51:39+00:00 SKIP_EXISTING [663/1000] id=OAFX1663 window=SCREEN_IS
2026-08-30T12:51:39+00:00 GATE_SKIP id=OAFX1663 window=IS reason=SINGLE_SLEEVE_INFERIOR decision=SCREEN_OUT_SINGLE_SLEEVE net=84051.0 PF=1.2193 DD=19.6689%
2026-08-30T12:51:39+00:00 SKIP_EXISTING [664/1000] id=OAFX1664 window=SCREEN_IS
2026-08-30T12:51:39+00:00 GATE_SKIP id=OAFX1664 window=IS reason=SINGLE_SLEEVE_INFERIOR decision=SCREEN_OUT_SINGLE_SLEEVE net=83761.0 PF=1.2196 DD=20.0074%
2026-08-30T12:51:39+00:00 SKIP_EXISTING [665/1000] id=OAFX1665 window=SCREEN_IS
2026-08-30T12:51:39+00:00 GATE_SKIP id=OAFX1665 window=IS reason=SINGLE_SLEEVE_INFERIOR decision=SCREEN_OUT_SINGLE_SLEEVE net=83471.0 PF=1.22 DD=20.3471%
2026-08-30T12:51:39+00:00 SKIP_EXISTING [666/1000] id=OAFX1666 window=SCREEN_IS
2026-08-30T12:51:39+00:00 GATE_SKIP id=OAFX1666 window=IS reason=SINGLE_SLEEVE_INFERIOR decision=SCREEN_NOISE_BAND net=86165.0 PF=1.2227 DD=19.3387%
2026-08-30T12:51:39+00:00 SKIP_EXISTING [667/1000] id=OAFX1667 window=SCREEN_IS
2026-08-30T12:51:39+00:00 GATE_SKIP id=OAFX1667 window=IS reason=SINGLE_SLEEVE_INFERIOR decision=SCREEN_NOISE_BAND net=87409.0 PF=1.227 DD=19.1463%
2026-08-30T12:51:39+00:00 SCREEN_SKIP_EXISTING_FULLBOOK [668/1000] id=OAFX1668 reason=existing fullbook IS retained
2026-08-30T12:51:39+00:00 SKIP_EXISTING [668/1000] id=OAFX1668 window=IS
2026-08-30T12:51:39+00:00 GATE_SKIP id=OAFX1668 window=OOS reason=IS_NOT_SURVIVOR decision=IS_NOISE_BAND net=283444.0 PF=1.408 DD=34.7525%
2026-08-30T12:51:39+00:00 SKIP_EXISTING [669/1000] id=OAFX1669 window=SCREEN_IS
2026-08-30T12:51:39+00:00 GATE_SKIP id=OAFX1669 window=IS reason=SINGLE_SLEEVE_INFERIOR decision=SCREEN_NOISE_BAND net=89897.0 PF=1.2357 DD=19.1374%
2026-08-30T12:51:39+00:00 SKIP_EXISTING [670/1000] id=OAFX1670 window=SCREEN_IS
2026-08-30T12:51:39+00:00 GATE_SKIP id=OAFX1670 window=IS reason=SINGLE_SLEEVE_INFERIOR decision=SCREEN_NOISE_BAND net=91141.0 PF=1.2402 DD=19.2539%
2026-08-30T12:51:39+00:00 SKIP_EXISTING [671/1000] id=OAFX1671 window=SCREEN_IS
2026-08-30T12:51:39+00:00 GATE_SKIP id=OAFX1671 window=IS reason=SINGLE_SLEEVE_INFERIOR decision=SCREEN_OUT_SINGLE_SLEEVE net=82847.0 PF=1.2133 DD=19.82%
2026-08-30T12:51:39+00:00 SKIP_EXISTING [672/1000] id=OAFX1672 window=SCREEN_IS
2026-08-30T12:51:39+00:00 GATE_SKIP id=OAFX1672 window=IS reason=SINGLE_SLEEVE_INFERIOR decision=SCREEN_OUT_SINGLE_SLEEVE net=80773.0 PF=1.2081 DD=20.1172%
2026-08-30T12:51:39+00:00 SKIP_EXISTING [673/1000] id=OAFX1673 window=SCREEN_IS
2026-08-30T12:51:39+00:00 GATE_SKIP id=OAFX1673 window=IS reason=SINGLE_SLEEVE_INFERIOR decision=SCREEN_OUT_SINGLE_SLEEVE net=78699.0 PF=1.203 DD=20.4764%
2026-08-30T12:51:39+00:00 SKIP_EXISTING [674/1000] id=OAFX1674 window=SCREEN_IS
2026-08-30T12:51:39+00:00 GATE_SKIP id=OAFX1674 window=IS reason=SINGLE_SLEEVE_INFERIOR decision=SCREEN_OUT_SINGLE_SLEEVE net=76625.0 PF=1.1978 DD=20.9299%
2026-08-30T12:51:39+00:00 SKIP_EXISTING [675/1000] id=OAFX1675 window=SCREEN_IS
2026-08-30T12:51:39+00:00 GATE_SKIP id=OAFX1675 window=IS reason=SINGLE_SLEEVE_INFERIOR decision=SCREEN_OUT_SINGLE_SLEEVE net=74551.0 PF=1.1927 DD=21.5317%
2026-08-30T12:51:39+00:00 SKIP_EXISTING [676/1000] id=OAFX1676 window=SCREEN_IS
2026-08-30T12:51:39+00:00 GATE_SKIP id=OAFX1676 window=IS reason=SINGLE_SLEEVE_INFERIOR decision=SCREEN_OUT_SINGLE_SLEEVE net=84443.0 PF=1.2174 DD=19.6757%
2026-08-30T12:51:39+00:00 SKIP_EXISTING [677/1000] id=OAFX1677 window=SCREEN_IS
2026-08-30T12:51:39+00:00 GATE_SKIP id=OAFX1677 window=IS reason=SINGLE_SLEEVE_INFERIOR decision=SCREEN_OUT_SINGLE_SLEEVE net=83965.0 PF=1.2164 DD=19.8222%
2026-08-30T12:51:39+00:00 SKIP_EXISTING [678/1000] id=OAFX1678 window=SCREEN_IS
2026-08-30T12:51:39+00:00 GATE_SKIP id=OAFX1678 window=IS reason=SINGLE_SLEEVE_INFERIOR decision=SCREEN_OUT_SINGLE_SLEEVE net=83487.0 PF=1.2153 DD=19.9709%
2026-08-30T12:51:39+00:00 SKIP_EXISTING [679/1000] id=OAFX1679 window=SCREEN_IS
2026-08-30T12:51:39+00:00 GATE_SKIP id=OAFX1679 window=IS reason=SINGLE_SLEEVE_INFERIOR decision=SCREEN_OUT_SINGLE_SLEEVE net=83009.0 PF=1.2143 DD=20.1218%
2026-08-30T12:51:39+00:00 SKIP_EXISTING [680/1000] id=OAFX1680 window=SCREEN_IS
2026-08-30T12:51:39+00:00 GATE_SKIP id=OAFX1680 window=IS reason=SINGLE_SLEEVE_INFERIOR decision=SCREEN_OUT_SINGLE_SLEEVE net=82531.0 PF=1.2133 DD=20.2751%
2026-08-30T12:51:39+00:00 SKIP_EXISTING [681/1000] id=OAFX1681 window=SCREEN_IS
2026-08-30T12:51:39+00:00 GATE_SKIP id=OAFX1681 window=IS reason=SINGLE_SLEEVE_INFERIOR decision=SCREEN_OUT_SINGLE_SLEEVE net=84921.0 PF=1.2184 DD=19.5314%
2026-08-30T12:51:39+00:00 SKIP_EXISTING [682/1000] id=OAFX1682 window=SCREEN_IS
2026-08-30T12:51:39+00:00 GATE_SKIP id=OAFX1682 window=IS reason=SINGLE_SLEEVE_INFERIOR decision=SCREEN_OUT_SINGLE_SLEEVE net=84921.0 PF=1.2184 DD=19.5314%
2026-08-30T12:51:39+00:00 SKIP_EXISTING [683/1000] id=OAFX1683 window=SCREEN_IS
2026-08-30T12:51:39+00:00 GATE_SKIP id=OAFX1683 window=IS reason=SINGLE_SLEEVE_INFERIOR decision=SCREEN_OUT_SINGLE_SLEEVE net=84921.0 PF=1.2184 DD=19.5314%
2026-08-30T12:51:39+00:00 SKIP_EXISTING [684/1000] id=OAFX1684 window=SCREEN_IS
2026-08-30T12:51:39+00:00 GATE_SKIP id=OAFX1684 window=IS reason=SINGLE_SLEEVE_INFERIOR decision=SCREEN_OUT_SINGLE_SLEEVE net=84921.0 PF=1.2184 DD=19.5314%
2026-08-30T12:51:39+00:00 SKIP_EXISTING [685/1000] id=OAFX1685 window=SCREEN_IS
2026-08-30T12:51:39+00:00 GATE_SKIP id=OAFX1685 window=IS reason=SINGLE_SLEEVE_INFERIOR decision=SCREEN_OUT_SINGLE_SLEEVE net=84921.0 PF=1.2184 DD=19.5314%
2026-08-30T12:51:39+00:00 SKIP_EXISTING [686/1000] id=OAFX1686 window=SCREEN_IS
2026-08-30T12:51:39+00:00 GATE_SKIP id=OAFX1686 window=IS reason=SINGLE_SLEEVE_INFERIOR decision=SCREEN_OUT_SINGLE_SLEEVE net=84921.0 PF=1.2184 DD=19.5314%
2026-08-30T12:51:39+00:00 SKIP_EXISTING [687/1000] id=OAFX1687 window=SCREEN_IS
2026-08-30T12:51:39+00:00 GATE_SKIP id=OAFX1687 window=IS reason=SINGLE_SLEEVE_INFERIOR decision=SCREEN_OUT_SINGLE_SLEEVE net=84921.0 PF=1.2184 DD=19.5314%
2026-08-30T12:51:39+00:00 SKIP_EXISTING [688/1000] id=OAFX1688 window=SCREEN_IS
2026-08-30T12:51:39+00:00 GATE_SKIP id=OAFX1688 window=IS reason=SINGLE_SLEEVE_INFERIOR decision=SCREEN_OUT_SINGLE_SLEEVE net=84921.0 PF=1.2184 DD=19.5314%
2026-08-30T12:51:39+00:00 SKIP_EXISTING [689/1000] id=OAFX1689 window=SCREEN_IS
2026-08-30T12:51:39+00:00 GATE_SKIP id=OAFX1689 window=IS reason=SINGLE_SLEEVE_INFERIOR decision=SCREEN_OUT_SINGLE_SLEEVE net=84921.0 PF=1.2184 DD=19.5314%
2026-08-30T12:51:39+00:00 SKIP_EXISTING [690/1000] id=OAFX1690 window=SCREEN_IS
2026-08-30T12:51:39+00:00 GATE_SKIP id=OAFX1690 window=IS reason=SINGLE_SLEEVE_INFERIOR decision=SCREEN_OUT_SINGLE_SLEEVE net=84921.0 PF=1.2184 DD=19.5314%
2026-08-30T12:51:39+00:00 SKIP_EXISTING [691/1000] id=OAFX1691 window=SCREEN_IS
2026-08-30T12:51:39+00:00 GATE_SKIP id=OAFX1691 window=IS reason=SINGLE_SLEEVE_INFERIOR decision=SCREEN_OUT_SINGLE_SLEEVE net=84921.0 PF=1.2184 DD=19.5314%
2026-08-30T12:51:39+00:00 SKIP_EXISTING [692/1000] id=OAFX1692 window=SCREEN_IS
2026-08-30T12:51:39+00:00 GATE_SKIP id=OAFX1692 window=IS reason=SINGLE_SLEEVE_INFERIOR decision=SCREEN_OUT_SINGLE_SLEEVE net=84921.0 PF=1.2184 DD=19.5314%
2026-08-30T12:51:39+00:00 SKIP_EXISTING [693/1000] id=OAFX1693 window=SCREEN_IS
2026-08-30T12:51:39+00:00 GATE_SKIP id=OAFX1693 window=IS reason=SINGLE_SLEEVE_INFERIOR decision=SCREEN_OUT_SINGLE_SLEEVE net=84921.0 PF=1.2184 DD=19.5314%
2026-08-30T12:51:39+00:00 SKIP_EXISTING [694/1000] id=OAFX1694 window=SCREEN_IS
2026-08-30T12:51:39+00:00 GATE_SKIP id=OAFX1694 window=IS reason=SINGLE_SLEEVE_INFERIOR decision=SCREEN_OUT_SINGLE_SLEEVE net=84921.0 PF=1.2184 DD=19.5314%
2026-08-30T12:51:39+00:00 SKIP_EXISTING [695/1000] id=OAFX1695 window=SCREEN_IS
2026-08-30T12:51:39+00:00 GATE_SKIP id=OAFX1695 window=IS reason=SINGLE_SLEEVE_INFERIOR decision=SCREEN_OUT_SINGLE_SLEEVE net=84921.0 PF=1.2184 DD=19.5314%
2026-08-30T12:51:39+00:00 SKIP_EXISTING [696/1000] id=OAFX1696 window=SCREEN_IS
2026-08-30T12:51:39+00:00 GATE_SKIP id=OAFX1696 window=IS reason=SINGLE_SLEEVE_INFERIOR decision=SCREEN_OUT_SINGLE_SLEEVE net=84921.0 PF=1.2184 DD=19.5314%
2026-08-30T12:51:39+00:00 SKIP_EXISTING [697/1000] id=OAFX1697 window=SCREEN_IS
2026-08-30T12:51:39+00:00 GATE_SKIP id=OAFX1697 window=IS reason=SINGLE_SLEEVE_INFERIOR decision=SCREEN_OUT_SINGLE_SLEEVE net=84921.0 PF=1.2184 DD=19.5314%
2026-08-30T12:51:39+00:00 SKIP_EXISTING [698/1000] id=OAFX1698 window=SCREEN_IS
2026-08-30T12:51:39+00:00 GATE_SKIP id=OAFX1698 window=IS reason=SINGLE_SLEEVE_INFERIOR decision=SCREEN_OUT_SINGLE_SLEEVE net=84921.0 PF=1.2184 DD=19.5314%
2026-08-30T12:51:39+00:00 SKIP_EXISTING [699/1000] id=OAFX1699 window=SCREEN_IS
2026-08-30T12:51:39+00:00 GATE_SKIP id=OAFX1699 window=IS reason=SINGLE_SLEEVE_INFERIOR decision=SCREEN_OUT_SINGLE_SLEEVE net=84921.0 PF=1.2184 DD=19.5314%
2026-08-30T12:51:39+00:00 SKIP_EXISTING [700/1000] id=OAFX1700 window=SCREEN_IS
2026-08-30T12:51:39+00:00 GATE_SKIP id=OAFX1700 window=IS reason=SINGLE_SLEEVE_INFERIOR decision=SCREEN_OUT_SINGLE_SLEEVE net=84921.0 PF=1.2184 DD=19.5314%
2026-08-30T12:51:39+00:00 SKIP_EXISTING [701/1000] id=OAFX1701 window=SCREEN_IS
2026-08-30T12:51:39+00:00 GATE_SKIP id=OAFX1701 window=IS reason=SINGLE_SLEEVE_INFERIOR decision=SCREEN_OUT_SINGLE_SLEEVE net=34436.0 PF=1.1824 DD=10.1051%
2026-08-30T12:51:39+00:00 SKIP_EXISTING [702/1000] id=OAFX1702 window=SCREEN_IS
2026-08-30T12:51:39+00:00 GATE_SKIP id=OAFX1702 window=IS reason=SINGLE_SLEEVE_INFERIOR decision=SCREEN_OUT_SINGLE_SLEEVE net=34436.0 PF=1.1824 DD=10.1051%
2026-08-30T12:51:39+00:00 SKIP_EXISTING [703/1000] id=OAFX1703 window=SCREEN_IS
2026-08-30T12:51:39+00:00 GATE_SKIP id=OAFX1703 window=IS reason=SINGLE_SLEEVE_INFERIOR decision=SCREEN_OUT_SINGLE_SLEEVE net=34436.0 PF=1.1824 DD=10.1051%
2026-08-30T12:51:39+00:00 SKIP_EXISTING [704/1000] id=OAFX1704 window=SCREEN_IS
2026-08-30T12:51:39+00:00 GATE_SKIP id=OAFX1704 window=IS reason=SINGLE_SLEEVE_INFERIOR decision=SCREEN_OUT_SINGLE_SLEEVE net=34436.0 PF=1.1824 DD=10.1051%
2026-08-30T12:51:39+00:00 SKIP_EXISTING [705/1000] id=OAFX1705 window=SCREEN_IS
2026-08-30T12:51:39+00:00 GATE_SKIP id=OAFX1705 window=IS reason=SINGLE_SLEEVE_INFERIOR decision=SCREEN_OUT_SINGLE_SLEEVE net=34436.0 PF=1.1824 DD=10.1051%
2026-08-30T12:51:39+00:00 SKIP_EXISTING [706/1000] id=OAFX1706 window=SCREEN_IS
2026-08-30T12:51:39+00:00 GATE_SKIP id=OAFX1706 window=IS reason=SINGLE_SLEEVE_INFERIOR decision=SCREEN_OUT_SINGLE_SLEEVE net=35164.0 PF=1.1862 DD=10.0425%
2026-08-30T12:51:39+00:00 SKIP_EXISTING [707/1000] id=OAFX1707 window=SCREEN_IS
2026-08-30T12:51:39+00:00 GATE_SKIP id=OAFX1707 window=IS reason=SINGLE_SLEEVE_INFERIOR decision=SCREEN_OUT_SINGLE_SLEEVE net=35164.0 PF=1.1862 DD=10.0425%
2026-08-30T12:51:39+00:00 SKIP_EXISTING [708/1000] id=OAFX1708 window=SCREEN_IS
2026-08-30T12:51:39+00:00 GATE_SKIP id=OAFX1708 window=IS reason=SINGLE_SLEEVE_INFERIOR decision=SCREEN_OUT_SINGLE_SLEEVE net=35164.0 PF=1.1862 DD=10.0425%
2026-08-30T12:51:39+00:00 SKIP_EXISTING [709/1000] id=OAFX1709 window=SCREEN_IS
2026-08-30T12:51:39+00:00 GATE_SKIP id=OAFX1709 window=IS reason=SINGLE_SLEEVE_INFERIOR decision=SCREEN_OUT_SINGLE_SLEEVE net=35164.0 PF=1.1862 DD=10.0425%
2026-08-30T12:51:39+00:00 SKIP_EXISTING [710/1000] id=OAFX1710 window=SCREEN_IS
2026-08-30T12:51:39+00:00 GATE_SKIP id=OAFX1710 window=IS reason=SINGLE_SLEEVE_INFERIOR decision=SCREEN_OUT_SINGLE_SLEEVE net=35164.0 PF=1.1862 DD=10.0425%
2026-08-30T12:51:39+00:00 SKIP_EXISTING [711/1000] id=OAFX1711 window=SCREEN_IS
2026-08-30T12:51:39+00:00 GATE_SKIP id=OAFX1711 window=IS reason=SINGLE_SLEEVE_INFERIOR decision=SCREEN_OUT_SINGLE_SLEEVE net=35637.0 PF=1.1848 DD=10.0023%
2026-08-30T12:51:39+00:00 SKIP_EXISTING [712/1000] id=OAFX1712 window=SCREEN_IS
2026-08-30T12:51:39+00:00 GATE_SKIP id=OAFX1712 window=IS reason=SINGLE_SLEEVE_INFERIOR decision=SCREEN_OUT_SINGLE_SLEEVE net=35637.0 PF=1.1848 DD=10.0023%
2026-08-30T12:51:39+00:00 SKIP_EXISTING [713/1000] id=OAFX1713 window=SCREEN_IS
2026-08-30T12:51:39+00:00 GATE_SKIP id=OAFX1713 window=IS reason=SINGLE_SLEEVE_INFERIOR decision=SCREEN_OUT_SINGLE_SLEEVE net=35637.0 PF=1.1848 DD=10.0023%
2026-08-30T12:51:39+00:00 SKIP_EXISTING [714/1000] id=OAFX1714 window=SCREEN_IS
2026-08-30T12:51:39+00:00 GATE_SKIP id=OAFX1714 window=IS reason=SINGLE_SLEEVE_INFERIOR decision=SCREEN_OUT_SINGLE_SLEEVE net=35637.0 PF=1.1848 DD=10.0023%
2026-08-30T12:51:39+00:00 SKIP_EXISTING [715/1000] id=OAFX1715 window=SCREEN_IS
2026-08-30T12:51:39+00:00 GATE_SKIP id=OAFX1715 window=IS reason=SINGLE_SLEEVE_INFERIOR decision=SCREEN_OUT_SINGLE_SLEEVE net=35637.0 PF=1.1848 DD=10.0023%
2026-08-30T12:51:39+00:00 SKIP_EXISTING [716/1000] id=OAFX1716 window=SCREEN_IS
2026-08-30T12:51:39+00:00 GATE_SKIP id=OAFX1716 window=IS reason=SINGLE_SLEEVE_INFERIOR decision=SCREEN_OUT_SINGLE_SLEEVE net=36221.0 PF=1.184 DD=9.8553%
2026-08-30T12:51:39+00:00 SKIP_EXISTING [717/1000] id=OAFX1717 window=SCREEN_IS
2026-08-30T12:51:39+00:00 GATE_SKIP id=OAFX1717 window=IS reason=SINGLE_SLEEVE_INFERIOR decision=SCREEN_OUT_SINGLE_SLEEVE net=37839.0 PF=1.1915 DD=9.7239%
2026-08-30T12:51:39+00:00 SKIP_EXISTING [718/1000] id=OAFX1718 window=SCREEN_IS
2026-08-30T12:51:39+00:00 GATE_SKIP id=OAFX1718 window=IS reason=SINGLE_SLEEVE_INFERIOR decision=SCREEN_OUT_SINGLE_SLEEVE net=37839.0 PF=1.1915 DD=9.7239%
2026-08-30T12:51:39+00:00 SKIP_EXISTING [719/1000] id=OAFX1719 window=SCREEN_IS
2026-08-30T12:51:39+00:00 GATE_SKIP id=OAFX1719 window=IS reason=SINGLE_SLEEVE_INFERIOR decision=SCREEN_OUT_SINGLE_SLEEVE net=37839.0 PF=1.1915 DD=9.7239%
2026-08-30T12:51:39+00:00 SKIP_EXISTING [720/1000] id=OAFX1720 window=SCREEN_IS
2026-08-30T12:51:39+00:00 GATE_SKIP id=OAFX1720 window=IS reason=SINGLE_SLEEVE_INFERIOR decision=SCREEN_OUT_SINGLE_SLEEVE net=37839.0 PF=1.1915 DD=9.7239%
2026-08-30T12:51:39+00:00 SKIP_EXISTING [721/1000] id=OAFX1721 window=SCREEN_IS
2026-08-30T12:51:39+00:00 GATE_SKIP id=OAFX1721 window=IS reason=SINGLE_SLEEVE_INFERIOR decision=SCREEN_OUT_SINGLE_SLEEVE net=38768.0 PF=1.1882 DD=11.1015%
2026-08-30T12:51:39+00:00 SKIP_EXISTING [722/1000] id=OAFX1722 window=SCREEN_IS
2026-08-30T12:51:39+00:00 GATE_SKIP id=OAFX1722 window=IS reason=SINGLE_SLEEVE_INFERIOR decision=SCREEN_OUT_SINGLE_SLEEVE net=39969.0 PF=1.1903 DD=11.3943%
2026-08-30T12:51:39+00:00 SKIP_EXISTING [723/1000] id=OAFX1723 window=SCREEN_IS
2026-08-30T12:51:39+00:00 GATE_SKIP id=OAFX1723 window=IS reason=SINGLE_SLEEVE_INFERIOR decision=SCREEN_OUT_SINGLE_SLEEVE net=40697.0 PF=1.1938 DD=11.3291%
2026-08-30T12:51:39+00:00 SKIP_EXISTING [724/1000] id=OAFX1724 window=SCREEN_IS
2026-08-30T12:51:39+00:00 GATE_SKIP id=OAFX1724 window=IS reason=SINGLE_SLEEVE_INFERIOR decision=SCREEN_OUT_SINGLE_SLEEVE net=40697.0 PF=1.1938 DD=11.3291%
2026-08-30T12:51:39+00:00 SKIP_EXISTING [725/1000] id=OAFX1725 window=SCREEN_IS
2026-08-30T12:51:39+00:00 GATE_SKIP id=OAFX1725 window=IS reason=SINGLE_SLEEVE_INFERIOR decision=SCREEN_OUT_SINGLE_SLEEVE net=40697.0 PF=1.1938 DD=11.3291%
2026-08-30T12:51:39+00:00 SKIP_EXISTING [726/1000] id=OAFX1726 window=SCREEN_IS
2026-08-30T12:51:39+00:00 GATE_SKIP id=OAFX1726 window=IS reason=SINGLE_SLEEVE_INFERIOR decision=SCREEN_OUT_SINGLE_SLEEVE net=44769.0 PF=1.2121 DD=10.8251%
2026-08-30T12:51:39+00:00 SKIP_EXISTING [727/1000] id=OAFX1727 window=SCREEN_IS
2026-08-30T12:51:39+00:00 GATE_SKIP id=OAFX1727 window=IS reason=SINGLE_SLEEVE_INFERIOR decision=SCREEN_OUT_SINGLE_SLEEVE net=46998.0 PF=1.2159 DD=11.1284%
2026-08-30T12:51:39+00:00 SKIP_EXISTING [728/1000] id=OAFX1728 window=SCREEN_IS
2026-08-30T12:51:39+00:00 GATE_SKIP id=OAFX1728 window=IS reason=SINGLE_SLEEVE_INFERIOR decision=SCREEN_OUT_SINGLE_SLEEVE net=48194.0 PF=1.2202 DD=10.7455%
2026-08-30T12:51:39+00:00 SKIP_EXISTING [729/1000] id=OAFX1729 window=SCREEN_IS
2026-08-30T12:51:39+00:00 GATE_SKIP id=OAFX1729 window=IS reason=SINGLE_SLEEVE_INFERIOR decision=SCREEN_OUT_SINGLE_SLEEVE net=48446.0 PF=1.2214 DD=10.7255%
2026-08-30T12:51:39+00:00 SKIP_EXISTING [730/1000] id=OAFX1730 window=SCREEN_IS
2026-08-30T12:51:39+00:00 GATE_SKIP id=OAFX1730 window=IS reason=SINGLE_SLEEVE_INFERIOR decision=SCREEN_OUT_SINGLE_SLEEVE net=48446.0 PF=1.2214 DD=10.7255%
2026-08-30T12:51:39+00:00 SKIP_EXISTING [731/1000] id=OAFX1731 window=SCREEN_IS
2026-08-30T12:51:39+00:00 GATE_SKIP id=OAFX1731 window=IS reason=SINGLE_SLEEVE_INFERIOR decision=SCREEN_OUT_SINGLE_SLEEVE net=43384.0 PF=1.2013 DD=12.2286%
2026-08-30T12:51:39+00:00 SKIP_EXISTING [732/1000] id=OAFX1732 window=SCREEN_IS
2026-08-30T12:51:39+00:00 GATE_SKIP id=OAFX1732 window=IS reason=SINGLE_SLEEVE_INFERIOR decision=SCREEN_OUT_SINGLE_SLEEVE net=48172.0 PF=1.2135 DD=13.1756%
2026-08-30T12:51:39+00:00 SKIP_EXISTING [733/1000] id=OAFX1733 window=SCREEN_IS
2026-08-30T12:51:39+00:00 GATE_SKIP id=OAFX1733 window=IS reason=SINGLE_SLEEVE_INFERIOR decision=SCREEN_OUT_SINGLE_SLEEVE net=49373.0 PF=1.215 DD=13.424%
2026-08-30T12:51:39+00:00 SKIP_EXISTING [734/1000] id=OAFX1734 window=SCREEN_IS
2026-08-30T12:51:39+00:00 GATE_SKIP id=OAFX1734 window=IS reason=SINGLE_SLEEVE_INFERIOR decision=SCREEN_OUT_SINGLE_SLEEVE net=50204.0 PF=1.2179 DD=13.2378%
2026-08-30T12:51:39+00:00 SKIP_EXISTING [735/1000] id=OAFX1735 window=SCREEN_IS
2026-08-30T12:51:39+00:00 GATE_SKIP id=OAFX1735 window=IS reason=SINGLE_SLEEVE_INFERIOR decision=SCREEN_OUT_SINGLE_SLEEVE net=50204.0 PF=1.2179 DD=13.2378%
2026-08-30T12:51:39+00:00 SKIP_EXISTING [736/1000] id=OAFX1736 window=SCREEN_IS
2026-08-30T12:51:39+00:00 GATE_SKIP id=OAFX1736 window=IS reason=SINGLE_SLEEVE_INFERIOR decision=SCREEN_OUT_SINGLE_SLEEVE net=44233.0 PF=1.2018 DD=13.3971%
2026-08-30T12:51:39+00:00 SKIP_EXISTING [737/1000] id=OAFX1737 window=SCREEN_IS
2026-08-30T12:51:39+00:00 GATE_SKIP id=OAFX1737 window=IS reason=SINGLE_SLEEVE_INFERIOR decision=SCREEN_OUT_SINGLE_SLEEVE net=48565.0 PF=1.2055 DD=15.6399%
2026-08-30T12:51:39+00:00 SKIP_EXISTING [738/1000] id=OAFX1738 window=SCREEN_IS
2026-08-30T12:51:39+00:00 GATE_SKIP id=OAFX1738 window=IS reason=SINGLE_SLEEVE_INFERIOR decision=SCREEN_OUT_SINGLE_SLEEVE net=51295.0 PF=1.2117 DD=16.0189%
2026-08-30T12:51:39+00:00 SKIP_EXISTING [739/1000] id=OAFX1739 window=SCREEN_IS
2026-08-30T12:51:39+00:00 GATE_SKIP id=OAFX1739 window=IS reason=SINGLE_SLEEVE_INFERIOR decision=SCREEN_OUT_SINGLE_SLEEVE net=53375.0 PF=1.2192 DD=15.6293%
2026-08-30T12:51:39+00:00 SKIP_EXISTING [740/1000] id=OAFX1740 window=SCREEN_IS
2026-08-30T12:51:39+00:00 GATE_SKIP id=OAFX1740 window=IS reason=SINGLE_SLEEVE_INFERIOR decision=SCREEN_OUT_SINGLE_SLEEVE net=54103.0 PF=1.2222 DD=15.5524%
2026-08-30T12:51:39+00:00 SKIP_EXISTING [741/1000] id=OAFX1741 window=SCREEN_IS
2026-08-30T12:51:39+00:00 GATE_SKIP id=OAFX1741 window=IS reason=SINGLE_SLEEVE_INFERIOR decision=SCREEN_OUT_SINGLE_SLEEVE net=44954.0 PF=1.2033 DD=12.6744%
2026-08-30T12:51:39+00:00 SKIP_EXISTING [742/1000] id=OAFX1742 window=SCREEN_IS
2026-08-30T12:51:39+00:00 GATE_SKIP id=OAFX1742 window=IS reason=SINGLE_SLEEVE_INFERIOR decision=SCREEN_OUT_SINGLE_SLEEVE net=53222.0 PF=1.2199 DD=14.7349%
2026-08-30T12:51:39+00:00 SKIP_EXISTING [743/1000] id=OAFX1743 window=SCREEN_IS
2026-08-30T12:51:39+00:00 GATE_SKIP id=OAFX1743 window=IS reason=SINGLE_SLEEVE_INFERIOR decision=SCREEN_OUT_SINGLE_SLEEVE net=55007.0 PF=1.22 DD=15.6148%
2026-08-30T12:51:39+00:00 SKIP_EXISTING [744/1000] id=OAFX1744 window=SCREEN_IS
2026-08-30T12:51:39+00:00 GATE_SKIP id=OAFX1744 window=IS reason=SINGLE_SLEEVE_INFERIOR decision=SCREEN_OUT_SINGLE_SLEEVE net=56208.0 PF=1.2212 DD=15.8246%
2026-08-30T12:51:39+00:00 SKIP_EXISTING [745/1000] id=OAFX1745 window=SCREEN_IS
2026-08-30T12:51:39+00:00 GATE_SKIP id=OAFX1745 window=IS reason=SINGLE_SLEEVE_INFERIOR decision=SCREEN_OUT_SINGLE_SLEEVE net=57826.0 PF=1.2269 DD=15.4058%
2026-08-30T12:51:39+00:00 SKIP_EXISTING [746/1000] id=OAFX1746 window=SCREEN_IS
2026-08-30T12:51:39+00:00 GATE_SKIP id=OAFX1746 window=IS reason=SINGLE_SLEEVE_INFERIOR decision=SCREEN_OUT_SINGLE_SLEEVE net=43204.0 PF=1.1926 DD=13.022%
2026-08-30T12:51:39+00:00 SKIP_EXISTING [747/1000] id=OAFX1747 window=SCREEN_IS
2026-08-30T12:51:39+00:00 GATE_SKIP id=OAFX1747 window=IS reason=SINGLE_SLEEVE_INFERIOR decision=SCREEN_OUT_SINGLE_SLEEVE net=53842.0 PF=1.217 DD=14.8552%
2026-08-30T12:51:39+00:00 SKIP_EXISTING [748/1000] id=OAFX1748 window=SCREEN_IS
2026-08-30T12:51:39+00:00 GATE_SKIP id=OAFX1748 window=IS reason=SINGLE_SLEEVE_INFERIOR decision=SCREEN_OUT_SINGLE_SLEEVE net=58570.0 PF=1.2259 DD=15.6434%
2026-08-30T12:51:39+00:00 SKIP_EXISTING [749/1000] id=OAFX1749 window=SCREEN_IS
2026-08-30T12:51:39+00:00 GATE_SKIP id=OAFX1749 window=IS reason=SINGLE_SLEEVE_INFERIOR decision=SCREEN_OUT_SINGLE_SLEEVE net=59822.0 PF=1.2255 DD=16.1099%
2026-08-30T12:51:39+00:00 SKIP_EXISTING [750/1000] id=OAFX1750 window=SCREEN_IS
2026-08-30T12:51:39+00:00 GATE_SKIP id=OAFX1750 window=IS reason=SINGLE_SLEEVE_INFERIOR decision=SCREEN_OUT_SINGLE_SLEEVE net=62051.0 PF=1.2328 DD=15.7298%
2026-08-30T12:51:39+00:00 SKIP_EXISTING [751/1000] id=OAFX1751 window=SCREEN_IS
2026-08-30T12:51:39+00:00 GATE_SKIP id=OAFX1751 window=IS reason=SINGLE_SLEEVE_INFERIOR decision=SCREEN_OUT_SINGLE_SLEEVE net=42364.0 PF=1.1873 DD=12.5648%
2026-08-30T12:51:39+00:00 SKIP_EXISTING [752/1000] id=OAFX1752 window=SCREEN_IS
2026-08-30T12:51:39+00:00 GATE_SKIP id=OAFX1752 window=IS reason=SINGLE_SLEEVE_INFERIOR decision=SCREEN_OUT_SINGLE_SLEEVE net=51312.0 PF=1.203 DD=15.649%
2026-08-30T12:51:39+00:00 SKIP_EXISTING [753/1000] id=OAFX1753 window=SCREEN_IS
2026-08-30T12:51:39+00:00 GATE_SKIP id=OAFX1753 window=IS reason=SINGLE_SLEEVE_INFERIOR decision=SCREEN_OUT_SINGLE_SLEEVE net=55644.0 PF=1.2061 DD=17.7029%
2026-08-30T12:51:39+00:00 SKIP_EXISTING [754/1000] id=OAFX1754 window=SCREEN_IS
2026-08-30T12:51:39+00:00 GATE_SKIP id=OAFX1754 window=IS reason=SINGLE_SLEEVE_INFERIOR decision=SCREEN_OUT_SINGLE_SLEEVE net=57409.0 PF=1.2072 DD=18.0632%
2026-08-30T12:51:39+00:00 SKIP_EXISTING [755/1000] id=OAFX1755 window=SCREEN_IS
2026-08-30T12:51:39+00:00 GATE_SKIP id=OAFX1755 window=IS reason=SINGLE_SLEEVE_INFERIOR decision=SCREEN_OUT_SINGLE_SLEEVE net=58610.0 PF=1.2085 DD=18.2451%
2026-08-30T12:51:39+00:00 SKIP_EXISTING [756/1000] id=OAFX1756 window=SCREEN_IS
2026-08-30T12:51:39+00:00 GATE_SKIP id=OAFX1756 window=IS reason=SINGLE_SLEEVE_INFERIOR decision=SCREEN_OUT_SINGLE_SLEEVE net=42364.0 PF=1.1873 DD=12.5648%
2026-08-30T12:51:39+00:00 SKIP_EXISTING [757/1000] id=OAFX1757 window=SCREEN_IS
2026-08-30T12:51:39+00:00 GATE_SKIP id=OAFX1757 window=IS reason=SINGLE_SLEEVE_INFERIOR decision=SCREEN_OUT_SINGLE_SLEEVE net=50030.0 PF=1.1953 DD=16.8832%
2026-08-30T12:51:39+00:00 SKIP_EXISTING [758/1000] id=OAFX1758 window=SCREEN_IS
2026-08-30T12:51:39+00:00 GATE_SKIP id=OAFX1758 window=IS reason=SINGLE_SLEEVE_INFERIOR decision=SCREEN_OUT_SINGLE_SLEEVE net=57930.0 PF=1.2098 DD=18.1741%
2026-08-30T12:51:39+00:00 SKIP_EXISTING [759/1000] id=OAFX1759 window=SCREEN_IS
2026-08-30T12:51:39+00:00 GATE_SKIP id=OAFX1759 window=IS reason=SINGLE_SLEEVE_INFERIOR decision=SCREEN_OUT_SINGLE_SLEEVE net=62237.0 PF=1.2188 DD=18.4495%
2026-08-30T12:51:39+00:00 SKIP_EXISTING [760/1000] id=OAFX1760 window=SCREEN_IS
2026-08-30T12:51:39+00:00 GATE_SKIP id=OAFX1760 window=IS reason=SINGLE_SLEEVE_INFERIOR decision=SCREEN_OUT_SINGLE_SLEEVE net=63059.0 PF=1.2171 DD=18.9113%
2026-08-30T12:51:39+00:00 SKIP_EXISTING [761/1000] id=OAFX1761 window=SCREEN_IS
2026-08-30T12:51:39+00:00 GATE_SKIP id=OAFX1761 window=IS reason=SINGLE_SLEEVE_INFERIOR decision=SCREEN_OUT_SINGLE_SLEEVE net=42196.0 PF=1.1852 DD=13.5734%
2026-08-30T12:51:39+00:00 SKIP_EXISTING [762/1000] id=OAFX1762 window=SCREEN_IS
2026-08-30T12:51:39+00:00 GATE_SKIP id=OAFX1762 window=IS reason=SINGLE_SLEEVE_INFERIOR decision=SCREEN_OUT_SINGLE_SLEEVE net=53652.0 PF=1.2078 DD=16.495%
2026-08-30T12:51:39+00:00 SKIP_EXISTING [763/1000] id=OAFX1763 window=SCREEN_IS
2026-08-30T12:51:39+00:00 GATE_SKIP id=OAFX1763 window=IS reason=SINGLE_SLEEVE_INFERIOR decision=SCREEN_OUT_SINGLE_SLEEVE net=63985.0 PF=1.2282 DD=17.2257%
2026-08-30T12:51:39+00:00 SKIP_EXISTING [764/1000] id=OAFX1764 window=SCREEN_IS
2026-08-30T12:51:40+00:00 GATE_SKIP id=OAFX1764 window=IS reason=SINGLE_SLEEVE_INFERIOR decision=SCREEN_OUT_SINGLE_SLEEVE net=69466.0 PF=1.2383 DD=18.0686%
2026-08-30T12:51:40+00:00 SKIP_EXISTING [765/1000] id=OAFX1765 window=SCREEN_IS
2026-08-30T12:51:40+00:00 GATE_SKIP id=OAFX1765 window=IS reason=SINGLE_SLEEVE_INFERIOR decision=SCREEN_OUT_SINGLE_SLEEVE net=71695.0 PF=1.2405 DD=18.3998%
2026-08-30T12:51:40+00:00 SKIP_EXISTING [766/1000] id=OAFX1766 window=SCREEN_IS
2026-08-30T12:51:40+00:00 GATE_SKIP id=OAFX1766 window=IS reason=SINGLE_SLEEVE_INFERIOR decision=SCREEN_OUT_SINGLE_SLEEVE net=42258.0 PF=1.1847 DD=12.7695%
2026-08-30T12:51:40+00:00 SKIP_EXISTING [767/1000] id=OAFX1767 window=SCREEN_IS
2026-08-30T12:51:40+00:00 GATE_SKIP id=OAFX1767 window=IS reason=SINGLE_SLEEVE_INFERIOR decision=SCREEN_OUT_SINGLE_SLEEVE net=52776.0 PF=1.2021 DD=16.2481%
2026-08-30T12:51:40+00:00 SKIP_EXISTING [768/1000] id=OAFX1768 window=SCREEN_IS
2026-08-30T12:51:40+00:00 GATE_SKIP id=OAFX1768 window=IS reason=SINGLE_SLEEVE_INFERIOR decision=SCREEN_OUT_SINGLE_SLEEVE net=63414.0 PF=1.2225 DD=17.6958%
2026-08-30T12:51:40+00:00 SKIP_EXISTING [769/1000] id=OAFX1769 window=SCREEN_IS
2026-08-30T12:51:40+00:00 GATE_SKIP id=OAFX1769 window=IS reason=SINGLE_SLEEVE_INFERIOR decision=SCREEN_OUT_SINGLE_SLEEVE net=67746.0 PF=1.2242 DD=19.7195%
2026-08-30T12:51:40+00:00 SKIP_EXISTING [770/1000] id=OAFX1770 window=SCREEN_IS
2026-08-30T12:51:40+00:00 GATE_SKIP id=OAFX1770 window=IS reason=SINGLE_SLEEVE_INFERIOR decision=SCREEN_OUT_SINGLE_SLEEVE net=69531.0 PF=1.2242 DD=20.3918%
2026-08-30T12:51:40+00:00 SKIP_EXISTING [771/1000] id=OAFX1771 window=SCREEN_IS
2026-08-30T12:51:40+00:00 GATE_SKIP id=OAFX1771 window=IS reason=SINGLE_SLEEVE_INFERIOR decision=SCREEN_OUT_SINGLE_SLEEVE net=42262.0 PF=1.1847 DD=12.7664%
2026-08-30T12:51:40+00:00 SKIP_EXISTING [772/1000] id=OAFX1772 window=SCREEN_IS
2026-08-30T12:51:40+00:00 GATE_SKIP id=OAFX1772 window=IS reason=SINGLE_SLEEVE_INFERIOR decision=SCREEN_OUT_SINGLE_SLEEVE net=52368.0 PF=1.1991 DD=16.4411%
2026-08-30T12:51:40+00:00 SKIP_EXISTING [773/1000] id=OAFX1773 window=SCREEN_IS
2026-08-30T12:51:40+00:00 GATE_SKIP id=OAFX1773 window=IS reason=SINGLE_SLEEVE_INFERIOR decision=SCREEN_OUT_SINGLE_SLEEVE net=61316.0 PF=1.2117 DD=19.0082%
2026-08-30T12:51:40+00:00 SKIP_EXISTING [774/1000] id=OAFX1774 window=SCREEN_IS
2026-08-30T12:51:40+00:00 GATE_SKIP id=OAFX1774 window=IS reason=SINGLE_SLEEVE_INFERIOR decision=SCREEN_OUT_SINGLE_SLEEVE net=65823.0 PF=1.2126 DD=21.3029%
2026-08-30T12:51:40+00:00 SKIP_EXISTING [775/1000] id=OAFX1775 window=SCREEN_IS
2026-08-30T12:51:40+00:00 GATE_SKIP id=OAFX1775 window=IS reason=SINGLE_SLEEVE_INFERIOR decision=SCREEN_OUT_SINGLE_SLEEVE net=70611.0 PF=1.2208 DD=21.7271%
2026-08-30T12:51:40+00:00 SKIP_EXISTING [776/1000] id=OAFX1776 window=SCREEN_IS
2026-08-30T12:51:40+00:00 GATE_SKIP id=OAFX1776 window=IS reason=SINGLE_SLEEVE_INFERIOR decision=SCREEN_OUT_SINGLE_SLEEVE net=42262.0 PF=1.1847 DD=12.7664%
2026-08-30T12:51:40+00:00 SKIP_EXISTING [777/1000] id=OAFX1777 window=SCREEN_IS
2026-08-30T12:51:40+00:00 GATE_SKIP id=OAFX1777 window=IS reason=SINGLE_SLEEVE_INFERIOR decision=SCREEN_OUT_SINGLE_SLEEVE net=50190.0 PF=1.1886 DD=16.1186%
2026-08-30T12:51:40+00:00 SKIP_EXISTING [778/1000] id=OAFX1778 window=SCREEN_IS
2026-08-30T12:51:40+00:00 GATE_SKIP id=OAFX1778 window=IS reason=SINGLE_SLEEVE_INFERIOR decision=SCREEN_OUT_SINGLE_SLEEVE net=59987.0 PF=1.2023 DD=19.6116%
2026-08-30T12:51:40+00:00 SKIP_EXISTING [779/1000] id=OAFX1779 window=SCREEN_IS
2026-08-30T12:51:40+00:00 GATE_SKIP id=OAFX1779 window=IS reason=SINGLE_SLEEVE_INFERIOR decision=SCREEN_OUT_SINGLE_SLEEVE net=71418.0 PF=1.2236 DD=20.5092%
2026-08-30T12:51:40+00:00 SKIP_EXISTING [780/1000] id=OAFX1780 window=SCREEN_IS
2026-08-30T12:51:40+00:00 GATE_SKIP id=OAFX1780 window=IS reason=SINGLE_SLEEVE_INFERIOR decision=SCREEN_OUT_SINGLE_SLEEVE net=75750.0 PF=1.2251 DD=22.2491%
2026-08-30T12:51:40+00:00 SKIP_EXISTING [781/1000] id=OAFX1781 window=SCREEN_IS
2026-08-30T12:51:40+00:00 GATE_SKIP id=OAFX1781 window=IS reason=SINGLE_SLEEVE_INFERIOR decision=SCREEN_OUT_SINGLE_SLEEVE net=42262.0 PF=1.1847 DD=12.7664%
2026-08-30T12:51:40+00:00 SKIP_EXISTING [782/1000] id=OAFX1782 window=SCREEN_IS
2026-08-30T12:51:40+00:00 GATE_SKIP id=OAFX1782 window=IS reason=SINGLE_SLEEVE_INFERIOR decision=SCREEN_OUT_SINGLE_SLEEVE net=51713.0 PF=1.1943 DD=15.9534%
2026-08-30T12:51:40+00:00 SKIP_EXISTING [783/1000] id=OAFX1783 window=SCREEN_IS
2026-08-30T12:51:40+00:00 GATE_SKIP id=OAFX1783 window=IS reason=SINGLE_SLEEVE_INFERIOR decision=SCREEN_OUT_SINGLE_SLEEVE net=62231.0 PF=1.2085 DD=18.8577%
2026-08-30T12:51:40+00:00 SKIP_EXISTING [784/1000] id=OAFX1784 window=SCREEN_IS
2026-08-30T12:51:40+00:00 GATE_SKIP id=OAFX1784 window=IS reason=SINGLE_SLEEVE_INFERIOR decision=SCREEN_OUT_SINGLE_SLEEVE net=71179.0 PF=1.2189 DD=21.2778%
2026-08-30T12:51:40+00:00 SKIP_EXISTING [785/1000] id=OAFX1785 window=SCREEN_IS
2026-08-30T12:51:40+00:00 GATE_SKIP id=OAFX1785 window=IS reason=SINGLE_SLEEVE_INFERIOR decision=SCREEN_OUT_SINGLE_SLEEVE net=79447.0 PF=1.2296 DD=22.6295%
2026-08-30T12:51:40+00:00 SKIP_EXISTING [786/1000] id=OAFX1786 window=SCREEN_IS
2026-08-30T12:51:40+00:00 GATE_SKIP id=OAFX1786 window=IS reason=SINGLE_SLEEVE_INFERIOR decision=SCREEN_OUT_SINGLE_SLEEVE net=42262.0 PF=1.1847 DD=12.7664%
2026-08-30T12:51:40+00:00 SKIP_EXISTING [787/1000] id=OAFX1787 window=SCREEN_IS
2026-08-30T12:51:40+00:00 GATE_SKIP id=OAFX1787 window=IS reason=SINGLE_SLEEVE_INFERIOR decision=SCREEN_OUT_SINGLE_SLEEVE net=49017.0 PF=1.1823 DD=17.0916%
2026-08-30T12:51:40+00:00 SKIP_EXISTING [788/1000] id=OAFX1788 window=SCREEN_IS
2026-08-30T12:51:40+00:00 GATE_SKIP id=OAFX1788 window=IS reason=SINGLE_SLEEVE_INFERIOR decision=SCREEN_OUT_SINGLE_SLEEVE net=57785.0 PF=1.1899 DD=20.2182%
2026-08-30T12:51:40+00:00 SKIP_EXISTING [789/1000] id=OAFX1789 window=SCREEN_IS
2026-08-30T12:51:40+00:00 GATE_SKIP id=OAFX1789 window=IS reason=SINGLE_SLEEVE_INFERIOR decision=SCREEN_OUT_SINGLE_SLEEVE net=65135.0 PF=1.1947 DD=23.5657%
2026-08-30T12:51:40+00:00 SKIP_EXISTING [790/1000] id=OAFX1790 window=SCREEN_IS
2026-08-30T12:51:40+00:00 GATE_SKIP id=OAFX1790 window=IS reason=SINGLE_SLEEVE_INFERIOR decision=SCREEN_OUT_SINGLE_SLEEVE net=75773.0 PF=1.2114 DD=24.4934%
2026-08-30T12:51:40+00:00 SKIP_EXISTING [791/1000] id=OAFX1791 window=SCREEN_IS
2026-08-30T12:51:40+00:00 GATE_SKIP id=OAFX1791 window=IS reason=SINGLE_SLEEVE_INFERIOR decision=SCREEN_OUT_SINGLE_SLEEVE net=42262.0 PF=1.1847 DD=12.7664%
2026-08-30T12:51:40+00:00 SKIP_EXISTING [792/1000] id=OAFX1792 window=SCREEN_IS
2026-08-30T12:51:40+00:00 GATE_SKIP id=OAFX1792 window=IS reason=SINGLE_SLEEVE_INFERIOR decision=SCREEN_OUT_SINGLE_SLEEVE net=50088.0 PF=1.1863 DD=16.3707%
2026-08-30T12:51:40+00:00 SKIP_EXISTING [793/1000] id=OAFX1793 window=SCREEN_IS
2026-08-30T12:51:40+00:00 GATE_SKIP id=OAFX1793 window=IS reason=SINGLE_SLEEVE_INFERIOR decision=SCREEN_NOISE_BAND net=58016.0 PF=1.1895 DD=19.1771%
2026-08-30T12:51:40+00:00 SKIP_EXISTING [794/1000] id=OAFX1794 window=SCREEN_IS
2026-08-30T12:51:40+00:00 GATE_SKIP id=OAFX1794 window=IS reason=SINGLE_SLEEVE_INFERIOR decision=SCREEN_OUT_SINGLE_SLEEVE net=69517.0 PF=1.2065 DD=21.3469%
2026-08-30T12:51:40+00:00 SKIP_EXISTING [795/1000] id=OAFX1795 window=SCREEN_IS
2026-08-30T12:51:40+00:00 GATE_SKIP id=OAFX1795 window=IS reason=SINGLE_SLEEVE_INFERIOR decision=SCREEN_OUT_SINGLE_SLEEVE net=78465.0 PF=1.216 DD=23.3953%
2026-08-30T12:51:40+00:00 SKIP_EXISTING [796/1000] id=OAFX1796 window=SCREEN_IS
2026-08-30T12:51:40+00:00 GATE_SKIP id=OAFX1796 window=IS reason=SINGLE_SLEEVE_INFERIOR decision=SCREEN_OUT_SINGLE_SLEEVE net=44533.0 PF=1.1946 DD=11.6167%
2026-08-30T12:51:40+00:00 SKIP_EXISTING [797/1000] id=OAFX1797 window=SCREEN_IS
2026-08-30T12:51:40+00:00 GATE_SKIP id=OAFX1797 window=IS reason=SINGLE_SLEEVE_INFERIOR decision=SCREEN_OUT_SINGLE_SLEEVE net=52359.0 PF=1.1948 DD=14.8421%
2026-08-30T12:51:40+00:00 SKIP_EXISTING [798/1000] id=OAFX1798 window=SCREEN_IS
2026-08-30T12:51:40+00:00 GATE_SKIP id=OAFX1798 window=IS reason=SINGLE_SLEEVE_INFERIOR decision=SCREEN_OUT_SINGLE_SLEEVE net=60119.0 PF=1.1953 DD=18.6466%
2026-08-30T12:51:40+00:00 SKIP_EXISTING [799/1000] id=OAFX1799 window=SCREEN_IS
2026-08-30T12:51:40+00:00 GATE_SKIP id=OAFX1799 window=IS reason=SINGLE_SLEEVE_INFERIOR decision=SCREEN_OUT_SINGLE_SLEEVE net=68887.0 PF=1.2007 DD=21.6422%
2026-08-30T12:51:40+00:00 SKIP_EXISTING [800/1000] id=OAFX1800 window=SCREEN_IS
2026-08-30T12:51:40+00:00 GATE_SKIP id=OAFX1800 window=IS reason=SINGLE_SLEEVE_INFERIOR decision=SCREEN_OUT_SINGLE_SLEEVE net=80343.0 PF=1.215 DD=23.4676%
2026-08-30T12:51:40+00:00 SKIP_EXISTING [801/1000] id=OAFX1801 window=SCREEN_IS
2026-08-30T12:51:40+00:00 GATE_SKIP id=OAFX1801 window=IS reason=SINGLE_SLEEVE_INFERIOR decision=SCREEN_OUT_SINGLE_SLEEVE net=85692.0 PF=1.2251 DD=20.3143%
2026-08-30T12:51:40+00:00 SKIP_EXISTING [802/1000] id=OAFX1802 window=SCREEN_IS
2026-08-30T12:51:40+00:00 GATE_SKIP id=OAFX1802 window=IS reason=SINGLE_SLEEVE_INFERIOR decision=SCREEN_OUT_SINGLE_SLEEVE net=84086.0 PF=1.2197 DD=20.3906%
2026-08-30T12:51:40+00:00 SKIP_EXISTING [803/1000] id=OAFX1803 window=SCREEN_IS
2026-08-30T12:51:40+00:00 GATE_SKIP id=OAFX1803 window=IS reason=SINGLE_SLEEVE_INFERIOR decision=SCREEN_OUT_SINGLE_SLEEVE net=83493.0 PF=1.2176 DD=20.3636%
2026-08-30T12:51:40+00:00 SKIP_EXISTING [804/1000] id=OAFX1804 window=SCREEN_IS
2026-08-30T12:51:40+00:00 GATE_SKIP id=OAFX1804 window=IS reason=SINGLE_SLEEVE_INFERIOR decision=SCREEN_OUT_SINGLE_SLEEVE net=82499.0 PF=1.2142 DD=20.3151%
2026-08-30T12:51:40+00:00 SKIP_EXISTING [805/1000] id=OAFX1805 window=SCREEN_IS
2026-08-30T12:51:40+00:00 GATE_SKIP id=OAFX1805 window=IS reason=SINGLE_SLEEVE_INFERIOR decision=SCREEN_OUT_SINGLE_SLEEVE net=81906.0 PF=1.2121 DD=20.2875%
2026-08-30T12:51:40+00:00 SKIP_EXISTING [806/1000] id=OAFX1806 window=SCREEN_IS
2026-08-30T12:51:40+00:00 GATE_SKIP id=OAFX1806 window=IS reason=SINGLE_SLEEVE_INFERIOR decision=SCREEN_OUT_SINGLE_SLEEVE net=75555.0 PF=1.2043 DD=24.1928%
2026-08-30T12:51:40+00:00 SKIP_EXISTING [807/1000] id=OAFX1807 window=SCREEN_IS
2026-08-30T12:51:40+00:00 GATE_SKIP id=OAFX1807 window=IS reason=SINGLE_SLEEVE_INFERIOR decision=SCREEN_OUT_SINGLE_SLEEVE net=76099.0 PF=1.2037 DD=23.5742%
2026-08-30T12:51:40+00:00 SKIP_EXISTING [808/1000] id=OAFX1808 window=SCREEN_IS
2026-08-30T12:51:40+00:00 GATE_SKIP id=OAFX1808 window=IS reason=SINGLE_SLEEVE_INFERIOR decision=SCREEN_OUT_SINGLE_SLEEVE net=77555.0 PF=1.2055 DD=22.7412%
2026-08-30T12:51:40+00:00 SKIP_EXISTING [809/1000] id=OAFX1809 window=SCREEN_IS
2026-08-30T12:51:40+00:00 GATE_SKIP id=OAFX1809 window=IS reason=SINGLE_SLEEVE_INFERIOR decision=SCREEN_OUT_SINGLE_SLEEVE net=79313.0 PF=1.209 DD=21.4785%
2026-08-30T12:51:40+00:00 SKIP_EXISTING [810/1000] id=OAFX1810 window=SCREEN_IS
2026-08-30T12:51:40+00:00 GATE_SKIP id=OAFX1810 window=IS reason=SINGLE_SLEEVE_INFERIOR decision=SCREEN_OUT_SINGLE_SLEEVE net=82328.0 PF=1.2155 DD=20.3733%
2026-08-30T12:51:40+00:00 SKIP_EXISTING [811/1000] id=OAFX1811 window=SCREEN_IS
2026-08-30T12:51:40+00:00 GATE_SKIP id=OAFX1811 window=IS reason=SINGLE_SLEEVE_INFERIOR decision=SCREEN_OUT_SINGLE_SLEEVE net=68070.0 PF=1.1895 DD=25.3378%
2026-08-30T12:51:40+00:00 SKIP_EXISTING [812/1000] id=OAFX1812 window=SCREEN_IS
2026-08-30T12:51:40+00:00 GATE_SKIP id=OAFX1812 window=IS reason=SINGLE_SLEEVE_INFERIOR decision=SCREEN_OUT_SINGLE_SLEEVE net=73056.0 PF=1.2004 DD=23.8418%
2026-08-30T12:51:40+00:00 SKIP_EXISTING [813/1000] id=OAFX1813 window=SCREEN_IS
2026-08-30T12:51:40+00:00 GATE_SKIP id=OAFX1813 window=IS reason=SINGLE_SLEEVE_INFERIOR decision=SCREEN_OUT_SINGLE_SLEEVE net=74433.0 PF=1.2017 DD=22.6057%
2026-08-30T12:51:40+00:00 SKIP_EXISTING [814/1000] id=OAFX1814 window=SCREEN_IS
2026-08-30T12:51:40+00:00 GATE_SKIP id=OAFX1814 window=IS reason=SINGLE_SLEEVE_INFERIOR decision=SCREEN_OUT_SINGLE_SLEEVE net=76234.0 PF=1.2041 DD=22.3606%
2026-08-30T12:51:40+00:00 SKIP_EXISTING [815/1000] id=OAFX1815 window=SCREEN_IS
2026-08-30T12:51:40+00:00 GATE_SKIP id=OAFX1815 window=IS reason=SINGLE_SLEEVE_INFERIOR decision=SCREEN_OUT_SINGLE_SLEEVE net=80041.0 PF=1.2115 DD=20.263%
2026-08-30T12:51:40+00:00 SKIP_EXISTING [816/1000] id=OAFX1816 window=SCREEN_IS
2026-08-30T12:51:40+00:00 GATE_SKIP id=OAFX1816 window=IS reason=SINGLE_SLEEVE_INFERIOR decision=SCREEN_OUT_SINGLE_SLEEVE net=71038.0 PF=1.2045 DD=23.4322%
2026-08-30T12:51:40+00:00 SKIP_EXISTING [817/1000] id=OAFX1817 window=SCREEN_IS
2026-08-30T12:51:40+00:00 GATE_SKIP id=OAFX1817 window=IS reason=SINGLE_SLEEVE_INFERIOR decision=SCREEN_OUT_SINGLE_SLEEVE net=71380.0 PF=1.2015 DD=23.0009%
2026-08-30T12:51:40+00:00 SKIP_EXISTING [818/1000] id=OAFX1818 window=SCREEN_IS
2026-08-30T12:51:40+00:00 GATE_SKIP id=OAFX1818 window=IS reason=SINGLE_SLEEVE_INFERIOR decision=SCREEN_OUT_SINGLE_SLEEVE net=71654.0 PF=1.1982 DD=23.1374%
2026-08-30T12:51:40+00:00 SKIP_EXISTING [819/1000] id=OAFX1819 window=SCREEN_IS
2026-08-30T12:51:40+00:00 GATE_SKIP id=OAFX1819 window=IS reason=SINGLE_SLEEVE_INFERIOR decision=SCREEN_OUT_SINGLE_SLEEVE net=79275.0 PF=1.2158 DD=20.717%
2026-08-30T12:51:40+00:00 SKIP_EXISTING [820/1000] id=OAFX1820 window=SCREEN_IS
2026-08-30T12:51:40+00:00 GATE_SKIP id=OAFX1820 window=IS reason=SINGLE_SLEEVE_INFERIOR decision=SCREEN_OUT_SINGLE_SLEEVE net=81868.0 PF=1.2188 DD=20.0513%
2026-08-30T12:51:40+00:00 SKIP_EXISTING [821/1000] id=OAFX1821 window=SCREEN_IS
2026-08-30T12:51:40+00:00 GATE_SKIP id=OAFX1821 window=IS reason=SINGLE_SLEEVE_INFERIOR decision=SCREEN_OUT_SINGLE_SLEEVE net=68053.0 PF=1.201 DD=23.0797%
2026-08-30T12:51:40+00:00 SKIP_EXISTING [822/1000] id=OAFX1822 window=SCREEN_IS
2026-08-30T12:51:40+00:00 GATE_SKIP id=OAFX1822 window=IS reason=SINGLE_SLEEVE_INFERIOR decision=SCREEN_OUT_SINGLE_SLEEVE net=67947.0 PF=1.1954 DD=23.6091%
2026-08-30T12:51:40+00:00 SKIP_EXISTING [823/1000] id=OAFX1823 window=SCREEN_IS
2026-08-30T12:51:40+00:00 GATE_SKIP id=OAFX1823 window=IS reason=SINGLE_SLEEVE_INFERIOR decision=SCREEN_OUT_SINGLE_SLEEVE net=73578.0 PF=1.2064 DD=21.8285%
2026-08-30T12:51:40+00:00 SKIP_EXISTING [824/1000] id=OAFX1824 window=SCREEN_IS
2026-08-30T12:51:40+00:00 GATE_SKIP id=OAFX1824 window=IS reason=SINGLE_SLEEVE_INFERIOR decision=SCREEN_OUT_SINGLE_SLEEVE net=77656.0 PF=1.2131 DD=20.3354%
2026-08-30T12:51:40+00:00 SKIP_EXISTING [825/1000] id=OAFX1825 window=SCREEN_IS
2026-08-30T12:51:40+00:00 GATE_SKIP id=OAFX1825 window=IS reason=SINGLE_SLEEVE_INFERIOR decision=SCREEN_OUT_SINGLE_SLEEVE net=81594.0 PF=1.2187 DD=19.6519%
2026-08-30T12:51:40+00:00 SKIP_EXISTING [826/1000] id=OAFX1826 window=SCREEN_IS
2026-08-30T12:51:40+00:00 GATE_SKIP id=OAFX1826 window=IS reason=SINGLE_SLEEVE_INFERIOR decision=SCREEN_OUT_SINGLE_SLEEVE net=60438.0 PF=1.1821 DD=24.2904%
2026-08-30T12:51:40+00:00 SKIP_EXISTING [827/1000] id=OAFX1827 window=SCREEN_IS
2026-08-30T12:51:40+00:00 GATE_SKIP id=OAFX1827 window=IS reason=SINGLE_SLEEVE_INFERIOR decision=SCREEN_OUT_SINGLE_SLEEVE net=65222.0 PF=1.1907 DD=23.2645%
2026-08-30T12:51:40+00:00 SKIP_EXISTING [828/1000] id=OAFX1828 window=SCREEN_IS
2026-08-30T12:51:40+00:00 GATE_SKIP id=OAFX1828 window=IS reason=SINGLE_SLEEVE_INFERIOR decision=SCREEN_OUT_SINGLE_SLEEVE net=71913.0 PF=1.2048 DD=21.2851%
2026-08-30T12:51:40+00:00 SKIP_EXISTING [829/1000] id=OAFX1829 window=SCREEN_IS
2026-08-30T12:51:40+00:00 GATE_SKIP id=OAFX1829 window=IS reason=SINGLE_SLEEVE_INFERIOR decision=SCREEN_OUT_SINGLE_SLEEVE net=72679.0 PF=1.2008 DD=20.8237%
2026-08-30T12:51:40+00:00 SKIP_EXISTING [830/1000] id=OAFX1830 window=SCREEN_IS
2026-08-30T12:51:40+00:00 GATE_SKIP id=OAFX1830 window=IS reason=SINGLE_SLEEVE_INFERIOR decision=SCREEN_OUT_SINGLE_SLEEVE net=77559.0 PF=1.2082 DD=20.0691%
2026-08-30T12:51:40+00:00 SKIP_EXISTING [831/1000] id=OAFX1831 window=SCREEN_IS
2026-08-30T12:51:40+00:00 GATE_SKIP id=OAFX1831 window=IS reason=SINGLE_SLEEVE_INFERIOR decision=SCREEN_OUT_SINGLE_SLEEVE net=58538.0 PF=1.1812 DD=23.0753%
2026-08-30T12:51:40+00:00 SKIP_EXISTING [832/1000] id=OAFX1832 window=SCREEN_IS
2026-08-30T12:51:40+00:00 GATE_SKIP id=OAFX1832 window=IS reason=SINGLE_SLEEVE_INFERIOR decision=SCREEN_OUT_SINGLE_SLEEVE net=64010.0 PF=1.1915 DD=21.7009%
2026-08-30T12:51:40+00:00 SKIP_EXISTING [833/1000] id=OAFX1833 window=SCREEN_IS
2026-08-30T12:51:40+00:00 GATE_SKIP id=OAFX1833 window=IS reason=SINGLE_SLEEVE_INFERIOR decision=SCREEN_OUT_SINGLE_SLEEVE net=69932.0 PF=1.2027 DD=20.2671%
2026-08-30T12:51:40+00:00 SKIP_EXISTING [834/1000] id=OAFX1834 window=SCREEN_IS
2026-08-30T12:51:40+00:00 GATE_SKIP id=OAFX1834 window=IS reason=SINGLE_SLEEVE_INFERIOR decision=SCREEN_OUT_SINGLE_SLEEVE net=70654.0 PF=1.198 DD=20.4468%
2026-08-30T12:51:40+00:00 SKIP_EXISTING [835/1000] id=OAFX1835 window=SCREEN_IS
2026-08-30T12:51:40+00:00 GATE_SKIP id=OAFX1835 window=IS reason=SINGLE_SLEEVE_INFERIOR decision=SCREEN_OUT_SINGLE_SLEEVE net=76224.0 PF=1.2066 DD=19.6157%
2026-08-30T12:51:40+00:00 SKIP_EXISTING [836/1000] id=OAFX1836 window=SCREEN_IS
2026-08-30T12:51:40+00:00 GATE_SKIP id=OAFX1836 window=IS reason=SINGLE_SLEEVE_INFERIOR decision=SCREEN_OUT_SINGLE_SLEEVE net=53214.0 PF=1.1674 DD=22.7861%
2026-08-30T12:51:40+00:00 SKIP_EXISTING [837/1000] id=OAFX1837 window=SCREEN_IS
2026-08-30T12:51:40+00:00 GATE_SKIP id=OAFX1837 window=IS reason=SINGLE_SLEEVE_INFERIOR decision=SCREEN_OUT_SINGLE_SLEEVE net=60164.0 PF=1.1824 DD=21.869%
2026-08-30T12:51:40+00:00 SKIP_EXISTING [838/1000] id=OAFX1838 window=SCREEN_IS
2026-08-30T12:51:40+00:00 GATE_SKIP id=OAFX1838 window=IS reason=SINGLE_SLEEVE_INFERIOR decision=SCREEN_OUT_SINGLE_SLEEVE net=65124.0 PF=1.1906 DD=20.8582%
2026-08-30T12:51:40+00:00 SKIP_EXISTING [839/1000] id=OAFX1839 window=SCREEN_IS
2026-08-30T12:51:40+00:00 GATE_SKIP id=OAFX1839 window=IS reason=SINGLE_SLEEVE_INFERIOR decision=SCREEN_OUT_SINGLE_SLEEVE net=70119.0 PF=1.1986 DD=20.5072%
2026-08-30T12:51:40+00:00 SKIP_EXISTING [840/1000] id=OAFX1840 window=SCREEN_IS
2026-08-30T12:51:40+00:00 GATE_SKIP id=OAFX1840 window=IS reason=SINGLE_SLEEVE_INFERIOR decision=SCREEN_OUT_SINGLE_SLEEVE net=73172.0 PF=1.199 DD=19.9405%
2026-08-30T12:51:40+00:00 SKIP_EXISTING [841/1000] id=OAFX1841 window=SCREEN_IS
2026-08-30T12:51:40+00:00 GATE_SKIP id=OAFX1841 window=IS reason=SINGLE_SLEEVE_INFERIOR decision=SCREEN_OUT_SINGLE_SLEEVE net=52645.0 PF=1.171 DD=22.1206%
2026-08-30T12:51:40+00:00 SKIP_EXISTING [842/1000] id=OAFX1842 window=SCREEN_IS
2026-08-30T12:51:40+00:00 GATE_SKIP id=OAFX1842 window=IS reason=SINGLE_SLEEVE_INFERIOR decision=SCREEN_OUT_SINGLE_SLEEVE net=55604.0 PF=1.1718 DD=21.7711%
2026-08-30T12:51:40+00:00 SKIP_EXISTING [843/1000] id=OAFX1843 window=SCREEN_IS
2026-08-30T12:51:40+00:00 GATE_SKIP id=OAFX1843 window=IS reason=SINGLE_SLEEVE_INFERIOR decision=SCREEN_OUT_SINGLE_SLEEVE net=61443.0 PF=1.1823 DD=21.0606%
2026-08-30T12:51:40+00:00 SKIP_EXISTING [844/1000] id=OAFX1844 window=SCREEN_IS
2026-08-30T12:51:40+00:00 GATE_SKIP id=OAFX1844 window=IS reason=SINGLE_SLEEVE_INFERIOR decision=SCREEN_OUT_SINGLE_SLEEVE net=70035.0 PF=1.2007 DD=20.1381%
2026-08-30T12:51:40+00:00 SKIP_EXISTING [845/1000] id=OAFX1845 window=SCREEN_IS
2026-08-30T12:51:40+00:00 GATE_SKIP id=OAFX1845 window=IS reason=SINGLE_SLEEVE_INFERIOR decision=SCREEN_OUT_SINGLE_SLEEVE net=73685.0 PF=1.2025 DD=19.6539%
2026-08-30T12:51:40+00:00 SKIP_EXISTING [846/1000] id=OAFX1846 window=SCREEN_IS
2026-08-30T12:51:40+00:00 GATE_SKIP id=OAFX1846 window=IS reason=SINGLE_SLEEVE_INFERIOR decision=SCREEN_OUT_SINGLE_SLEEVE net=49922.0 PF=1.166 DD=21.5458%
2026-08-30T12:51:40+00:00 SKIP_EXISTING [847/1000] id=OAFX1847 window=SCREEN_IS
2026-08-30T12:51:40+00:00 GATE_SKIP id=OAFX1847 window=IS reason=SINGLE_SLEEVE_INFERIOR decision=SCREEN_OUT_SINGLE_SLEEVE net=55500.0 PF=1.1766 DD=20.3216%
2026-08-30T12:51:40+00:00 SKIP_EXISTING [848/1000] id=OAFX1848 window=SCREEN_IS
2026-08-30T12:51:40+00:00 GATE_SKIP id=OAFX1848 window=IS reason=SINGLE_SLEEVE_INFERIOR decision=SCREEN_OUT_SINGLE_SLEEVE net=59447.0 PF=1.1794 DD=20.2099%
2026-08-30T12:51:40+00:00 SKIP_EXISTING [849/1000] id=OAFX1849 window=SCREEN_IS
2026-08-30T12:51:40+00:00 GATE_SKIP id=OAFX1849 window=IS reason=SINGLE_SLEEVE_INFERIOR decision=SCREEN_OUT_SINGLE_SLEEVE net=71352.0 PF=1.2074 DD=18.9215%
2026-08-30T12:51:40+00:00 SKIP_EXISTING [850/1000] id=OAFX1850 window=SCREEN_IS
2026-08-30T12:51:40+00:00 GATE_SKIP id=OAFX1850 window=IS reason=SINGLE_SLEEVE_INFERIOR decision=SCREEN_OUT_SINGLE_SLEEVE net=74679.0 PF=1.2076 DD=18.8083%
2026-08-30T12:51:40+00:00 SKIP_EXISTING [851/1000] id=OAFX1851 window=SCREEN_IS
2026-08-30T12:51:40+00:00 GATE_SKIP id=OAFX1851 window=IS reason=SINGLE_SLEEVE_INFERIOR decision=SCREEN_OUT_SINGLE_SLEEVE net=45806.0 PF=1.1559 DD=21.7502%
2026-08-30T12:51:40+00:00 SKIP_EXISTING [852/1000] id=OAFX1852 window=SCREEN_IS
2026-08-30T12:51:40+00:00 GATE_SKIP id=OAFX1852 window=IS reason=SINGLE_SLEEVE_INFERIOR decision=SCREEN_OUT_SINGLE_SLEEVE net=50895.0 PF=1.1638 DD=21.0848%
2026-08-30T12:51:40+00:00 SKIP_EXISTING [853/1000] id=OAFX1853 window=SCREEN_IS
2026-08-30T12:51:40+00:00 GATE_SKIP id=OAFX1853 window=IS reason=SINGLE_SLEEVE_INFERIOR decision=SCREEN_OUT_SINGLE_SLEEVE net=60568.0 PF=1.1873 DD=19.8125%
2026-08-30T12:51:40+00:00 SKIP_EXISTING [854/1000] id=OAFX1854 window=SCREEN_IS
2026-08-30T12:51:40+00:00 GATE_SKIP id=OAFX1854 window=IS reason=SINGLE_SLEEVE_INFERIOR decision=SCREEN_NOISE_BAND net=68552.0 PF=1.2007 DD=19.3185%
2026-08-30T12:51:40+00:00 SKIP_EXISTING [855/1000] id=OAFX1855 window=SCREEN_IS
2026-08-30T12:51:40+00:00 GATE_SKIP id=OAFX1855 window=IS reason=SINGLE_SLEEVE_INFERIOR decision=SCREEN_OUT_SINGLE_SLEEVE net=74096.0 PF=1.2071 DD=18.9639%
2026-08-30T12:51:40+00:00 SKIP_EXISTING [856/1000] id=OAFX1856 window=SCREEN_IS
2026-08-30T12:51:40+00:00 GATE_SKIP id=OAFX1856 window=IS reason=SINGLE_SLEEVE_INFERIOR decision=SCREEN_OUT_SINGLE_SLEEVE net=51186.0 PF=1.1827 DD=18.1025%
2026-08-30T12:51:40+00:00 SKIP_EXISTING [857/1000] id=OAFX1857 window=SCREEN_IS
2026-08-30T12:51:40+00:00 GATE_SKIP id=OAFX1857 window=IS reason=SINGLE_SLEEVE_INFERIOR decision=SCREEN_NOISE_BAND net=55977.0 PF=1.1862 DD=19.0328%
2026-08-30T12:51:40+00:00 SKIP_EXISTING [858/1000] id=OAFX1858 window=SCREEN_IS
2026-08-30T12:51:40+00:00 GATE_SKIP id=OAFX1858 window=IS reason=SINGLE_SLEEVE_INFERIOR decision=SCREEN_OUT_SINGLE_SLEEVE net=64653.0 PF=1.2042 DD=18.2581%
2026-08-30T12:51:40+00:00 SKIP_EXISTING [859/1000] id=OAFX1859 window=SCREEN_IS
2026-08-30T12:51:40+00:00 GATE_SKIP id=OAFX1859 window=IS reason=SINGLE_SLEEVE_INFERIOR decision=SCREEN_OUT_SINGLE_SLEEVE net=72093.0 PF=1.2145 DD=17.9014%
2026-08-30T12:51:40+00:00 SCREEN_SKIP_EXISTING_FULLBOOK [860/1000] id=OAFX1860 reason=existing fullbook IS retained
2026-08-30T12:51:40+00:00 SKIP_EXISTING [860/1000] id=OAFX1860 window=IS
2026-08-30T12:51:40+00:00 GATE_SKIP id=OAFX1860 window=OOS reason=IS_NOT_SURVIVOR decision=IS_REJECT net=274246.0 PF=1.413 DD=36.0174%
2026-08-30T12:51:40+00:00 SKIP_EXISTING [861/1000] id=OAFX1861 window=SCREEN_IS
2026-08-30T12:51:40+00:00 GATE_SKIP id=OAFX1861 window=IS reason=SINGLE_SLEEVE_INFERIOR decision=SCREEN_OUT_SINGLE_SLEEVE net=46745.0 PF=1.1696 DD=18.6277%
2026-08-30T12:51:40+00:00 SKIP_EXISTING [862/1000] id=OAFX1862 window=SCREEN_IS
2026-08-30T12:51:40+00:00 GATE_SKIP id=OAFX1862 window=IS reason=SINGLE_SLEEVE_INFERIOR decision=SCREEN_OUT_SINGLE_SLEEVE net=52638.0 PF=1.1785 DD=18.2314%
2026-08-30T12:51:40+00:00 SKIP_EXISTING [863/1000] id=OAFX1863 window=SCREEN_IS
2026-08-30T12:51:40+00:00 GATE_SKIP id=OAFX1863 window=IS reason=SINGLE_SLEEVE_INFERIOR decision=SCREEN_OUT_SINGLE_SLEEVE net=62269.0 PF=1.1983 DD=18.359%
2026-08-30T12:51:40+00:00 SKIP_EXISTING [864/1000] id=OAFX1864 window=SCREEN_IS
2026-08-30T12:51:40+00:00 GATE_SKIP id=OAFX1864 window=IS reason=SINGLE_SLEEVE_INFERIOR decision=SCREEN_OUT_SINGLE_SLEEVE net=68436.0 PF=1.205 DD=17.9834%
2026-08-30T12:51:40+00:00 SCREEN_SKIP_EXISTING_FULLBOOK [865/1000] id=OAFX1865 reason=existing fullbook IS retained
2026-08-30T12:51:40+00:00 SKIP_EXISTING [865/1000] id=OAFX1865 window=IS
2026-08-30T12:51:40+00:00 GATE_SKIP id=OAFX1865 window=OOS reason=IS_NOT_SURVIVOR decision=IS_REJECT net=273902.0 PF=1.4133 DD=35.7403%
2026-08-30T12:51:40+00:00 SKIP_EXISTING [866/1000] id=OAFX1866 window=SCREEN_IS
2026-08-30T12:51:40+00:00 GATE_SKIP id=OAFX1866 window=IS reason=SINGLE_SLEEVE_INFERIOR decision=SCREEN_OUT_SINGLE_SLEEVE net=45629.0 PF=1.1685 DD=19.0059%
2026-08-30T12:51:40+00:00 SKIP_EXISTING [867/1000] id=OAFX1867 window=SCREEN_IS
2026-08-30T12:51:40+00:00 GATE_SKIP id=OAFX1867 window=IS reason=SINGLE_SLEEVE_INFERIOR decision=SCREEN_OUT_SINGLE_SLEEVE net=51950.0 PF=1.18 DD=17.9482%
2026-08-30T12:51:40+00:00 SKIP_EXISTING [868/1000] id=OAFX1868 window=SCREEN_IS
2026-08-30T12:51:40+00:00 GATE_SKIP id=OAFX1868 window=IS reason=SINGLE_SLEEVE_INFERIOR decision=SCREEN_OUT_SINGLE_SLEEVE net=64180.0 PF=1.2087 DD=17.4459%
2026-08-30T12:51:40+00:00 SKIP_EXISTING [869/1000] id=OAFX1869 window=SCREEN_IS
2026-08-30T12:51:40+00:00 GATE_SKIP id=OAFX1869 window=IS reason=SINGLE_SLEEVE_INFERIOR decision=SCREEN_OUT_SINGLE_SLEEVE net=68918.0 PF=1.2082 DD=17.6108%
2026-08-30T12:51:40+00:00 SKIP_EXISTING [870/1000] id=OAFX1870 window=SCREEN_IS
2026-08-30T12:51:40+00:00 RUN_START id=OAFX1870 family=gj_boost_drift_softscale window=IS terminal=BT2 run=oafx_is_oafx1870_20260830215140_829a29
2026-08-30T12:51:41+00:00 RUN_HEARTBEAT terminal=BT2 pid=30240 elapsed=0s
2026-08-30T12:51:55+00:00 RUN_HEARTBEAT terminal=PROD pid=54860 elapsed=63s
2026-08-30T12:52:10+00:00 RUN_HEARTBEAT terminal=BT1 pid=17464 elapsed=636s
2026-08-30T12:52:44+00:00 RUN_HEARTBEAT terminal=BT2 pid=30240 elapsed=63s
2026-08-30T12:52:58+00:00 RUN_END id=OAFX1649 window=SCREEN_IS terminal=PROD status=OK decision=SCREEN_OUT_SINGLE_SLEEVE elapsed=126.793s
2026-08-30T12:52:58+00:00 GATE_SKIP id=OAFX1649 window=IS reason=SINGLE_SLEEVE_INFERIOR decision=SCREEN_OUT_SINGLE_SLEEVE net=74753.0 PF=1.196 DD=19.6917%
2026-08-30T12:52:58+00:00 RUN_START id=OAFX1871 family=gj_boost_drift_softscale window=SCREEN_IS terminal=PROD run=oafx_screen_is_oafx1871_20260830215258_13e72a
2026-08-30T12:52:59+00:00 RUN_HEARTBEAT terminal=PROD pid=3132 elapsed=0s
2026-08-30T12:53:13+00:00 RUN_HEARTBEAT terminal=BT1 pid=17464 elapsed=700s
2026-08-30T12:53:45+00:00 RUN_END id=OAFX1638 window=IS terminal=BT1 status=OK decision=IS_REJECT elapsed=732.652s
2026-08-30T12:53:45+00:00 GATE_SKIP id=OAFX1638 window=OOS reason=IS_NOT_SURVIVOR decision=IS_REJECT net=271567.0 PF=1.3912 DD=41.1833%
2026-08-30T12:53:45+00:00 RUN_START id=OAFX1872 family=gj_boost_drift_softscale window=SCREEN_IS terminal=BT1 run=oafx_screen_is_oafx1872_20260830215345_fd5f99
2026-08-30T12:53:46+00:00 RUN_HEARTBEAT terminal=BT1 pid=51680 elapsed=0s
2026-08-30T12:53:47+00:00 RUN_HEARTBEAT terminal=BT2 pid=30240 elapsed=125s
2026-08-30T12:54:02+00:00 RUN_HEARTBEAT terminal=PROD pid=3132 elapsed=63s
2026-08-30T12:54:50+00:00 RUN_HEARTBEAT terminal=BT2 pid=30240 elapsed=188s
2026-08-30T12:54:50+00:00 RUN_HEARTBEAT terminal=BT1 pid=51680 elapsed=63s
2026-08-30T12:55:06+00:00 WAIT_MT5_IDLE terminal=PROD elapsed=1s pids=[48668]
2026-08-30T12:55:54+00:00 RUN_HEARTBEAT terminal=BT2 pid=30240 elapsed=252s
2026-08-30T12:55:54+00:00 RUN_HEARTBEAT terminal=BT1 pid=51680 elapsed=127s
2026-08-30T12:56:10+00:00 WAIT_MT5_IDLE terminal=PROD elapsed=64s pids=[48668]
2026-08-30T12:56:41+00:00 RUN_END id=OAFX1872 window=SCREEN_IS terminal=BT1 status=OK decision=SCREEN_OUT_SINGLE_SLEEVE elapsed=176.499s
2026-08-30T12:56:41+00:00 GATE_SKIP id=OAFX1872 window=IS reason=SINGLE_SLEEVE_INFERIOR decision=SCREEN_OUT_SINGLE_SLEEVE net=51855.0 PF=1.1825 DD=18.0755%
2026-08-30T12:56:41+00:00 SKIP_EXISTING [873/1000] id=OAFX1873 window=SCREEN_IS
2026-08-30T12:56:41+00:00 GATE_SKIP id=OAFX1873 window=IS reason=SINGLE_SLEEVE_INFERIOR decision=SCREEN_OUT_SINGLE_SLEEVE net=63793.0 PF=1.2084 DD=17.1107%
2026-08-30T12:56:41+00:00 SKIP_EXISTING [874/1000] id=OAFX1874 window=SCREEN_IS
2026-08-30T12:56:41+00:00 GATE_SKIP id=OAFX1874 window=IS reason=SINGLE_SLEEVE_INFERIOR decision=SCREEN_OUT_SINGLE_SLEEVE net=65448.0 PF=1.1983 DD=17.9693%
2026-08-30T12:56:41+00:00 SCREEN_SKIP_EXISTING_FULLBOOK [875/1000] id=OAFX1875 reason=existing fullbook IS retained
2026-08-30T12:56:41+00:00 SKIP_EXISTING [875/1000] id=OAFX1875 window=IS
2026-08-30T12:56:41+00:00 GATE_SKIP id=OAFX1875 window=OOS reason=IS_NOT_SURVIVOR decision=IS_REJECT net=272153.0 PF=1.4109 DD=35.7403%
2026-08-30T12:56:41+00:00 SKIP_EXISTING [876/1000] id=OAFX1876 window=SCREEN_IS
2026-08-30T12:56:41+00:00 GATE_SKIP id=OAFX1876 window=IS reason=SINGLE_SLEEVE_INFERIOR decision=SCREEN_OUT_SINGLE_SLEEVE net=45899.0 PF=1.1793 DD=16.04%
2026-08-30T12:56:41+00:00 SKIP_EXISTING [877/1000] id=OAFX1877 window=SCREEN_IS
2026-08-30T12:56:41+00:00 GATE_SKIP id=OAFX1877 window=IS reason=SINGLE_SLEEVE_INFERIOR decision=SCREEN_OUT_SINGLE_SLEEVE net=55835.0 PF=1.201 DD=16.3896%
2026-08-30T12:56:41+00:00 SKIP_EXISTING [878/1000] id=OAFX1878 window=SCREEN_IS
2026-08-30T12:56:41+00:00 GATE_SKIP id=OAFX1878 window=IS reason=SINGLE_SLEEVE_INFERIOR decision=SCREEN_OUT_SINGLE_SLEEVE net=61052.0 PF=1.2013 DD=17.5059%
2026-08-30T12:56:41+00:00 SKIP_EXISTING [879/1000] id=OAFX1879 window=SCREEN_IS
2026-08-30T12:56:41+00:00 GATE_SKIP id=OAFX1879 window=IS reason=SINGLE_SLEEVE_INFERIOR decision=SCREEN_OUT_SINGLE_SLEEVE net=64354.0 PF=1.1958 DD=18.0853%
2026-08-30T12:56:41+00:00 SKIP_EXISTING [880/1000] id=OAFX1880 window=SCREEN_IS
2026-08-30T12:56:41+00:00 GATE_SKIP id=OAFX1880 window=IS reason=SINGLE_SLEEVE_INFERIOR decision=SCREEN_OUT_SINGLE_SLEEVE net=76103.0 PF=1.2175 DD=17.7838%
2026-08-30T12:56:41+00:00 SKIP_EXISTING [881/1000] id=OAFX1881 window=SCREEN_IS
2026-08-30T12:56:41+00:00 GATE_SKIP id=OAFX1881 window=IS reason=SINGLE_SLEEVE_INFERIOR decision=SCREEN_OUT_SINGLE_SLEEVE net=43540.0 PF=1.1741 DD=16.2695%
2026-08-30T12:56:41+00:00 SKIP_EXISTING [882/1000] id=OAFX1882 window=SCREEN_IS
2026-08-30T12:56:41+00:00 GATE_SKIP id=OAFX1882 window=IS reason=SINGLE_SLEEVE_INFERIOR decision=SCREEN_OUT_SINGLE_SLEEVE net=52075.0 PF=1.1897 DD=16.6178%
2026-08-30T12:56:41+00:00 SKIP_EXISTING [883/1000] id=OAFX1883 window=SCREEN_IS
2026-08-30T12:56:41+00:00 GATE_SKIP id=OAFX1883 window=IS reason=SINGLE_SLEEVE_INFERIOR decision=SCREEN_OUT_SINGLE_SLEEVE net=60162.0 PF=1.2004 DD=17.6012%
2026-08-30T12:56:41+00:00 SKIP_EXISTING [884/1000] id=OAFX1884 window=SCREEN_IS
2026-08-30T12:56:41+00:00 GATE_SKIP id=OAFX1884 window=IS reason=SINGLE_SLEEVE_INFERIOR decision=SCREEN_OUT_SINGLE_SLEEVE net=61750.0 PF=1.1889 DD=18.3677%
2026-08-30T12:56:41+00:00 SKIP_EXISTING [885/1000] id=OAFX1885 window=SCREEN_IS
2026-08-30T12:56:41+00:00 GATE_SKIP id=OAFX1885 window=IS reason=SINGLE_SLEEVE_INFERIOR decision=SCREEN_OUT_SINGLE_SLEEVE net=75346.0 PF=1.216 DD=17.8576%
2026-08-30T12:56:41+00:00 SKIP_EXISTING [886/1000] id=OAFX1886 window=SCREEN_IS
2026-08-30T12:56:41+00:00 GATE_SKIP id=OAFX1886 window=IS reason=SINGLE_SLEEVE_INFERIOR decision=SCREEN_OUT_SINGLE_SLEEVE net=41297.0 PF=1.1671 DD=16.2987%
2026-08-30T12:56:41+00:00 SKIP_EXISTING [887/1000] id=OAFX1887 window=SCREEN_IS
2026-08-30T12:56:41+00:00 GATE_SKIP id=OAFX1887 window=IS reason=SINGLE_SLEEVE_INFERIOR decision=SCREEN_OUT_SINGLE_SLEEVE net=53584.0 PF=1.1975 DD=16.1204%
2026-08-30T12:56:41+00:00 SKIP_EXISTING [888/1000] id=OAFX1888 window=SCREEN_IS
2026-08-30T12:56:41+00:00 GATE_SKIP id=OAFX1888 window=IS reason=SINGLE_SLEEVE_INFERIOR decision=SCREEN_OUT_SINGLE_SLEEVE net=61996.0 PF=1.2094 DD=16.2283%
2026-08-30T12:56:41+00:00 SKIP_EXISTING [889/1000] id=OAFX1889 window=SCREEN_IS
2026-08-30T12:56:41+00:00 GATE_SKIP id=OAFX1889 window=IS reason=SINGLE_SLEEVE_INFERIOR decision=SCREEN_OUT_SINGLE_SLEEVE net=63588.0 PF=1.1963 DD=17.9085%
2026-08-30T12:56:41+00:00 SKIP_EXISTING [890/1000] id=OAFX1890 window=SCREEN_IS
2026-08-30T12:56:41+00:00 GATE_SKIP id=OAFX1890 window=IS reason=SINGLE_SLEEVE_INFERIOR decision=SCREEN_OUT_SINGLE_SLEEVE net=74824.0 PF=1.2145 DD=17.9088%
2026-08-30T12:56:41+00:00 SKIP_EXISTING [891/1000] id=OAFX1891 window=SCREEN_IS
2026-08-30T12:56:41+00:00 GATE_SKIP id=OAFX1891 window=IS reason=SINGLE_SLEEVE_INFERIOR decision=SCREEN_OUT_SINGLE_SLEEVE net=41607.0 PF=1.1704 DD=16.262%
2026-08-30T12:56:41+00:00 SKIP_EXISTING [892/1000] id=OAFX1892 window=SCREEN_IS
2026-08-30T12:56:41+00:00 GATE_SKIP id=OAFX1892 window=IS reason=SINGLE_SLEEVE_INFERIOR decision=SCREEN_OUT_SINGLE_SLEEVE net=53830.0 PF=1.2012 DD=15.7428%
2026-08-30T12:56:41+00:00 SKIP_EXISTING [893/1000] id=OAFX1893 window=SCREEN_IS
2026-08-30T12:56:41+00:00 GATE_SKIP id=OAFX1893 window=IS reason=SINGLE_SLEEVE_INFERIOR decision=SCREEN_OUT_SINGLE_SLEEVE net=60872.0 PF=1.2071 DD=16.0157%
2026-08-30T12:56:41+00:00 SKIP_EXISTING [894/1000] id=OAFX1894 window=SCREEN_IS
2026-08-30T12:56:41+00:00 GATE_SKIP id=OAFX1894 window=IS reason=SINGLE_SLEEVE_INFERIOR decision=SCREEN_OUT_SINGLE_SLEEVE net=64543.0 PF=1.201 DD=17.3445%
2026-08-30T12:56:41+00:00 SKIP_EXISTING [895/1000] id=OAFX1895 window=SCREEN_IS
2026-08-30T12:56:41+00:00 GATE_SKIP id=OAFX1895 window=IS reason=SINGLE_SLEEVE_INFERIOR decision=SCREEN_OUT_SINGLE_SLEEVE net=74824.0 PF=1.2145 DD=17.9088%
2026-08-30T12:56:41+00:00 SKIP_EXISTING [896/1000] id=OAFX1896 window=SCREEN_IS
2026-08-30T12:56:41+00:00 GATE_SKIP id=OAFX1896 window=IS reason=SINGLE_SLEEVE_INFERIOR decision=SCREEN_OUT_SINGLE_SLEEVE net=45738.0 PF=1.1924 DD=14.3668%
2026-08-30T12:56:41+00:00 SKIP_EXISTING [897/1000] id=OAFX1897 window=SCREEN_IS
2026-08-30T12:56:41+00:00 GATE_SKIP id=OAFX1897 window=IS reason=SINGLE_SLEEVE_INFERIOR decision=SCREEN_OUT_SINGLE_SLEEVE net=53696.0 PF=1.2018 DD=15.3346%
2026-08-30T12:56:41+00:00 SKIP_EXISTING [898/1000] id=OAFX1898 window=SCREEN_IS
2026-08-30T12:56:41+00:00 GATE_SKIP id=OAFX1898 window=IS reason=SINGLE_SLEEVE_INFERIOR decision=SCREEN_OUT_SINGLE_SLEEVE net=58484.0 PF=1.1993 DD=16.2582%
2026-08-30T12:56:41+00:00 SKIP_EXISTING [899/1000] id=OAFX1899 window=SCREEN_IS
2026-08-30T12:56:41+00:00 GATE_SKIP id=OAFX1899 window=IS reason=SINGLE_SLEEVE_INFERIOR decision=SCREEN_OUT_SINGLE_SLEEVE net=64582.0 PF=1.202 DD=16.9858%
2026-08-30T12:56:41+00:00 SKIP_EXISTING [900/1000] id=OAFX1900 window=SCREEN_IS
2026-08-30T12:56:41+00:00 GATE_SKIP id=OAFX1900 window=IS reason=SINGLE_SLEEVE_INFERIOR decision=SCREEN_OUT_SINGLE_SLEEVE net=74824.0 PF=1.2145 DD=17.9088%
2026-08-30T12:56:41+00:00 SCREEN_BYPASS [901/1000] id=OAFX1901 route=FULLBOOK_DIRECT reason=他枠の同時保有を参照するため、単独枠スクリーニングでは測定不能
2026-08-30T12:56:41+00:00 RUN_START id=OAFX1901 family=gj_overlap_stop_cap window=IS terminal=BT1 run=oafx_is_oafx1901_20260830215641_35a66e
2026-08-30T12:56:41+00:00 KILL_ORPHAN_TESTER terminal=PROD pids=[48668] orphan_seconds=95
2026-08-30T12:56:43+00:00 RUN_HEARTBEAT terminal=BT1 pid=33428 elapsed=0s
2026-08-30T12:56:57+00:00 RUN_HEARTBEAT terminal=BT2 pid=30240 elapsed=316s
2026-08-30T12:56:57+00:00 RUN_END id=OAFX1871 window=SCREEN_IS terminal=PROD status=OK decision=SCREEN_OUT_SINGLE_SLEEVE elapsed=239.081s
2026-08-30T12:56:57+00:00 GATE_SKIP id=OAFX1871 window=IS reason=SINGLE_SLEEVE_INFERIOR decision=SCREEN_OUT_SINGLE_SLEEVE net=48418.0 PF=1.1843 DD=17.0756%
2026-08-30T12:56:57+00:00 SCREEN_BYPASS [902/1000] id=OAFX1902 route=FULLBOOK_DIRECT reason=他枠の同時保有を参照するため、単独枠スクリーニングでは測定不能
2026-08-30T12:56:57+00:00 RUN_START id=OAFX1902 family=gj_overlap_stop_cap window=IS terminal=PROD run=oafx_is_oafx1902_20260830215657_7f2782
2026-08-30T12:56:59+00:00 RUN_HEARTBEAT terminal=PROD pid=51500 elapsed=0s
2026-08-30T12:57:46+00:00 RUN_HEARTBEAT terminal=BT1 pid=33428 elapsed=63s
2026-08-30T12:58:01+00:00 RUN_HEARTBEAT terminal=BT2 pid=30240 elapsed=379s
2026-08-30T12:58:01+00:00 RUN_HEARTBEAT terminal=PROD pid=51500 elapsed=63s
2026-08-30T12:58:48+00:00 RUN_HEARTBEAT terminal=BT1 pid=33428 elapsed=126s
2026-08-30T12:59:04+00:00 RUN_HEARTBEAT terminal=BT2 pid=30240 elapsed=443s
2026-08-30T12:59:04+00:00 RUN_HEARTBEAT terminal=PROD pid=51500 elapsed=126s
2026-08-30T12:59:52+00:00 RUN_HEARTBEAT terminal=BT1 pid=33428 elapsed=189s
2026-08-30T13:00:07+00:00 RUN_HEARTBEAT terminal=PROD pid=51500 elapsed=189s
2026-08-30T13:00:07+00:00 RUN_HEARTBEAT terminal=BT2 pid=30240 elapsed=506s
2026-08-30T13:00:55+00:00 RUN_HEARTBEAT terminal=BT1 pid=33428 elapsed=252s
2026-08-30T13:00:55+00:00 RUN_END id=OAFX1870 window=IS terminal=BT2 status=OK decision=IS_REJECT elapsed=555.110s
2026-08-30T13:00:55+00:00 GATE_SKIP id=OAFX1870 window=OOS reason=IS_NOT_SURVIVOR decision=IS_REJECT net=272406.0 PF=1.4112 DD=35.7403%
2026-08-30T13:00:55+00:00 SCREEN_BYPASS [903/1000] id=OAFX1903 route=FULLBOOK_DIRECT reason=他枠の同時保有を参照するため、単独枠スクリーニングでは測定不能
2026-08-30T13:00:55+00:00 RUN_START id=OAFX1903 family=gj_overlap_stop_cap window=IS terminal=BT2 run=oafx_is_oafx1903_20260830220055_d84a76
2026-08-30T13:00:56+00:00 RUN_HEARTBEAT terminal=BT2 pid=31844 elapsed=0s
2026-08-30T13:01:11+00:00 RUN_HEARTBEAT terminal=PROD pid=51500 elapsed=252s
2026-08-30T13:01:58+00:00 RUN_HEARTBEAT terminal=BT1 pid=33428 elapsed=315s
2026-08-30T13:01:59+00:00 RUN_HEARTBEAT terminal=BT2 pid=31844 elapsed=63s
2026-08-30T13:02:14+00:00 RUN_HEARTBEAT terminal=PROD pid=51500 elapsed=315s
2026-08-30T13:03:02+00:00 RUN_HEARTBEAT terminal=BT1 pid=33428 elapsed=379s
2026-08-30T13:03:02+00:00 RUN_HEARTBEAT terminal=BT2 pid=31844 elapsed=126s
2026-08-30T13:03:18+00:00 RUN_HEARTBEAT terminal=PROD pid=51500 elapsed=379s
2026-08-30T13:04:06+00:00 RUN_HEARTBEAT terminal=BT2 pid=31844 elapsed=189s
2026-08-30T13:04:06+00:00 RUN_HEARTBEAT terminal=BT1 pid=33428 elapsed=443s
2026-08-30T13:04:22+00:00 RUN_HEARTBEAT terminal=PROD pid=51500 elapsed=444s
2026-08-30T13:05:10+00:00 RUN_HEARTBEAT terminal=BT1 pid=33428 elapsed=507s
2026-08-30T13:05:10+00:00 RUN_HEARTBEAT terminal=BT2 pid=31844 elapsed=253s
2026-08-30T13:05:26+00:00 RUN_HEARTBEAT terminal=PROD pid=51500 elapsed=507s
2026-08-30T13:06:13+00:00 RUN_HEARTBEAT terminal=BT2 pid=31844 elapsed=317s
2026-08-30T13:06:13+00:00 RUN_HEARTBEAT terminal=BT1 pid=33428 elapsed=570s
2026-08-30T13:06:29+00:00 RUN_HEARTBEAT terminal=PROD pid=51500 elapsed=570s
2026-08-30T13:07:01+00:00 RUN_END id=OAFX1902 window=IS terminal=PROD status=OK decision=IS_REJECT elapsed=603.679s
2026-08-30T13:07:01+00:00 GATE_SKIP id=OAFX1902 window=OOS reason=IS_NOT_SURVIVOR decision=IS_REJECT net=262599.0 PF=1.3921 DD=39.0153%
2026-08-30T13:07:01+00:00 SCREEN_BYPASS [904/1000] id=OAFX1904 route=FULLBOOK_DIRECT reason=他枠の同時保有を参照するため、単独枠スクリーニングでは測定不能
2026-08-30T13:07:01+00:00 RUN_START id=OAFX1904 family=gj_overlap_stop_cap window=IS terminal=PROD run=oafx_is_oafx1904_20260830220701_281178
2026-08-30T13:07:02+00:00 RUN_HEARTBEAT terminal=PROD pid=35940 elapsed=0s
2026-08-30T13:07:16+00:00 RUN_END id=OAFX1901 window=IS terminal=BT1 status=FAILED decision=RUN_FAILED elapsed=634.475s
2026-08-30T13:07:16+00:00 SCREEN_BYPASS [905/1000] id=OAFX1905 route=FULLBOOK_DIRECT reason=他枠の同時保有を参照するため、単独枠スクリーニングでは測定不能
2026-08-30T13:07:16+00:00 RUN_START id=OAFX1905 family=gj_overlap_stop_cap window=IS terminal=BT1 run=oafx_is_oafx1905_20260830220716_ca7687
2026-08-30T13:07:16+00:00 RUN_HEARTBEAT terminal=BT2 pid=31844 elapsed=380s
2026-08-30T13:07:17+00:00 RUN_HEARTBEAT terminal=BT1 pid=49024 elapsed=0s
2026-08-30T13:08:05+00:00 RUN_HEARTBEAT terminal=PROD pid=35940 elapsed=63s
2026-08-30T13:08:21+00:00 RUN_HEARTBEAT terminal=BT2 pid=31844 elapsed=444s
2026-08-30T13:08:21+00:00 RUN_HEARTBEAT terminal=BT1 pid=49024 elapsed=63s
2026-08-30T13:09:10+00:00 RUN_HEARTBEAT terminal=PROD pid=35940 elapsed=127s
2026-08-30T13:09:26+00:00 RUN_HEARTBEAT terminal=BT1 pid=49024 elapsed=128s
2026-08-30T13:09:26+00:00 RUN_HEARTBEAT terminal=BT2 pid=31844 elapsed=509s
2026-08-30T13:10:16+00:00 RUN_HEARTBEAT terminal=PROD pid=35940 elapsed=194s
2026-08-30T13:10:32+00:00 RUN_HEARTBEAT terminal=BT2 pid=31844 elapsed=575s
2026-08-30T13:10:32+00:00 RUN_HEARTBEAT terminal=BT1 pid=49024 elapsed=195s
2026-08-30T13:11:20+00:00 RUN_HEARTBEAT terminal=PROD pid=35940 elapsed=258s
2026-08-30T13:11:36+00:00 RUN_HEARTBEAT terminal=BT1 pid=49024 elapsed=259s
2026-08-30T13:11:36+00:00 RUN_END id=OAFX1903 window=IS terminal=BT2 status=OK decision=IS_REJECT elapsed=641.278s
2026-08-30T13:11:36+00:00 GATE_SKIP id=OAFX1903 window=OOS reason=IS_NOT_SURVIVOR decision=IS_REJECT net=276273.0 PF=1.4108 DD=39.6811%
2026-08-30T13:11:36+00:00 SCREEN_BYPASS [906/1000] id=OAFX1906 route=FULLBOOK_DIRECT reason=他枠の同時保有を参照するため、単独枠スクリーニングでは測定不能
2026-08-30T13:11:36+00:00 RUN_START id=OAFX1906 family=gj_overlap_stop_cap window=IS terminal=BT2 run=oafx_is_oafx1906_20260830221136_beaf9c
2026-08-30T13:11:38+00:00 RUN_HEARTBEAT terminal=BT2 pid=47320 elapsed=0s
2026-08-30T13:12:24+00:00 RUN_HEARTBEAT terminal=PROD pid=35940 elapsed=322s
2026-08-30T13:12:40+00:00 RUN_HEARTBEAT terminal=BT1 pid=49024 elapsed=323s
2026-08-30T13:12:41+00:00 RUN_HEARTBEAT terminal=BT2 pid=47320 elapsed=63s
2026-08-30T13:13:28+00:00 RUN_HEARTBEAT terminal=PROD pid=35940 elapsed=386s
2026-08-30T13:13:44+00:00 RUN_HEARTBEAT terminal=BT2 pid=47320 elapsed=126s
2026-08-30T13:13:44+00:00 RUN_HEARTBEAT terminal=BT1 pid=49024 elapsed=387s
2026-08-30T13:14:32+00:00 RUN_HEARTBEAT terminal=PROD pid=35940 elapsed=450s
2026-08-30T13:14:48+00:00 RUN_HEARTBEAT terminal=BT2 pid=47320 elapsed=190s
2026-08-30T13:14:48+00:00 RUN_HEARTBEAT terminal=BT1 pid=49024 elapsed=451s
2026-08-30T13:15:37+00:00 RUN_HEARTBEAT terminal=PROD pid=35940 elapsed=515s
2026-08-30T13:15:53+00:00 RUN_HEARTBEAT terminal=BT2 pid=47320 elapsed=255s
2026-08-30T13:15:53+00:00 RUN_HEARTBEAT terminal=BT1 pid=49024 elapsed=516s
2026-08-30T13:16:41+00:00 RUN_HEARTBEAT terminal=PROD pid=35940 elapsed=579s
2026-08-30T13:16:57+00:00 RUN_HEARTBEAT terminal=BT2 pid=47320 elapsed=319s
2026-08-30T13:16:57+00:00 RUN_HEARTBEAT terminal=BT1 pid=49024 elapsed=580s
2026-08-30T13:17:29+00:00 WAIT_MT5_IDLE terminal=BT1 elapsed=1s pids=[5052]
2026-08-30T13:17:45+00:00 RUN_HEARTBEAT terminal=PROD pid=35940 elapsed=643s
2026-08-30T13:17:45+00:00 RUN_END id=OAFX1905 window=IS terminal=BT1 status=OK decision=IS_REJECT elapsed=629.383s
2026-08-30T13:17:45+00:00 GATE_SKIP id=OAFX1905 window=OOS reason=IS_NOT_SURVIVOR decision=IS_REJECT net=271807.0 PF=1.3975 DD=41.1704%
2026-08-30T13:17:45+00:00 SCREEN_BYPASS [907/1000] id=OAFX1907 route=FULLBOOK_DIRECT reason=他枠の同時保有を参照するため、単独枠スクリーニングでは測定不能
2026-08-30T13:17:45+00:00 RUN_START id=OAFX1907 family=gj_overlap_stop_cap window=IS terminal=BT1 run=oafx_is_oafx1907_20260830221745_c6823e
2026-08-30T13:17:46+00:00 RUN_HEARTBEAT terminal=BT1 pid=21216 elapsed=0s
2026-08-30T13:18:01+00:00 RUN_HEARTBEAT terminal=BT2 pid=47320 elapsed=383s
2026-08-30T13:18:49+00:00 RUN_HEARTBEAT terminal=PROD pid=35940 elapsed=707s
2026-08-30T13:18:49+00:00 RUN_HEARTBEAT terminal=BT1 pid=21216 elapsed=63s
2026-08-30T13:19:05+00:00 RUN_HEARTBEAT terminal=BT2 pid=47320 elapsed=447s
2026-08-30T13:19:21+00:00 RUN_END id=OAFX1904 window=IS terminal=PROD status=OK decision=IS_REJECT elapsed=740.139s
2026-08-30T13:19:21+00:00 GATE_SKIP id=OAFX1904 window=OOS reason=IS_NOT_SURVIVOR decision=IS_REJECT net=277940.0 PF=1.4103 DD=40.4277%
2026-08-30T13:19:21+00:00 SCREEN_BYPASS [908/1000] id=OAFX1908 route=FULLBOOK_DIRECT reason=他枠の同時保有を参照するため、単独枠スクリーニングでは測定不能
2026-08-30T13:19:21+00:00 RUN_START id=OAFX1908 family=gj_overlap_stop_cap window=IS terminal=PROD run=oafx_is_oafx1908_20260830221921_13db59
2026-08-30T13:19:22+00:00 RUN_HEARTBEAT terminal=PROD pid=55780 elapsed=0s
2026-08-30T13:19:53+00:00 RUN_HEARTBEAT terminal=BT1 pid=21216 elapsed=126s
2026-08-30T13:20:09+00:00 RUN_HEARTBEAT terminal=BT2 pid=47320 elapsed=511s
2026-08-30T13:20:25+00:00 RUN_HEARTBEAT terminal=PROD pid=55780 elapsed=63s
2026-08-30T13:20:57+00:00 RUN_HEARTBEAT terminal=BT1 pid=21216 elapsed=190s
2026-08-30T13:21:13+00:00 RUN_HEARTBEAT terminal=BT2 pid=47320 elapsed=575s
2026-08-30T13:21:29+00:00 RUN_HEARTBEAT terminal=PROD pid=55780 elapsed=126s
2026-08-30T13:22:02+00:00 RUN_HEARTBEAT terminal=BT1 pid=21216 elapsed=255s
2026-08-30T13:22:18+00:00 RUN_END id=OAFX1906 window=IS terminal=BT2 status=OK decision=IS_REJECT elapsed=641.325s
2026-08-30T13:22:18+00:00 GATE_SKIP id=OAFX1906 window=OOS reason=IS_NOT_SURVIVOR decision=IS_REJECT net=268548.0 PF=1.3903 DD=41.8721%
2026-08-30T13:22:18+00:00 SCREEN_BYPASS [909/1000] id=OAFX1909 route=FULLBOOK_DIRECT reason=他枠の同時保有を参照するため、単独枠スクリーニングでは測定不能
2026-08-30T13:22:18+00:00 RUN_START id=OAFX1909 family=gj_overlap_stop_cap window=IS terminal=BT2 run=oafx_is_oafx1909_20260830222218_6ca107
2026-08-30T13:22:19+00:00 RUN_HEARTBEAT terminal=BT2 pid=13164 elapsed=0s
2026-08-30T13:22:33+00:00 RUN_HEARTBEAT terminal=PROD pid=55780 elapsed=191s
2026-08-30T13:23:05+00:00 RUN_HEARTBEAT terminal=BT1 pid=21216 elapsed=319s
2026-08-30T13:23:22+00:00 RUN_HEARTBEAT terminal=BT2 pid=13164 elapsed=63s
2026-08-30T13:23:37+00:00 RUN_HEARTBEAT terminal=PROD pid=55780 elapsed=255s
2026-08-30T13:24:09+00:00 RUN_HEARTBEAT terminal=BT1 pid=21216 elapsed=383s
2026-08-30T13:24:25+00:00 RUN_HEARTBEAT terminal=BT2 pid=13164 elapsed=126s
2026-08-30T13:24:42+00:00 RUN_HEARTBEAT terminal=PROD pid=55780 elapsed=319s
2026-08-30T13:25:15+00:00 RUN_HEARTBEAT terminal=BT1 pid=21216 elapsed=448s
2026-08-30T13:25:32+00:00 RUN_HEARTBEAT terminal=BT2 pid=13164 elapsed=192s
2026-08-30T13:25:48+00:00 RUN_HEARTBEAT terminal=PROD pid=55780 elapsed=385s
2026-08-30T13:26:20+00:00 RUN_HEARTBEAT terminal=BT1 pid=21216 elapsed=513s
2026-08-30T13:26:35+00:00 RUN_END id=OAFX1909 window=IS terminal=BT2 status=FAILED decision=RUN_FAILED elapsed=257.832s
2026-08-30T13:26:35+00:00 SCREEN_BYPASS [910/1000] id=OAFX1910 route=FULLBOOK_DIRECT reason=他枠の同時保有を参照するため、単独枠スクリーニングでは測定不能
2026-08-30T13:26:35+00:00 RUN_START id=OAFX1910 family=gj_overlap_stop_cap window=IS terminal=BT2 run=oafx_is_oafx1910_20260830222635_0d10c8
2026-08-30T13:26:37+00:00 RUN_HEARTBEAT terminal=BT2 pid=47692 elapsed=0s
2026-08-30T13:26:52+00:00 RUN_HEARTBEAT terminal=PROD pid=55780 elapsed=450s
2026-08-30T13:27:25+00:00 RUN_HEARTBEAT terminal=BT1 pid=21216 elapsed=578s
2026-08-30T13:27:43+00:00 RUN_HEARTBEAT terminal=BT2 pid=47692 elapsed=64s
2026-08-30T13:28:00+00:00 RUN_HEARTBEAT terminal=PROD pid=55780 elapsed=517s
2026-08-30T13:28:33+00:00 RUN_HEARTBEAT terminal=BT1 pid=21216 elapsed=645s
2026-08-30T13:28:49+00:00 RUN_HEARTBEAT terminal=BT2 pid=47692 elapsed=131s
2026-08-30T13:29:06+00:00 RUN_HEARTBEAT terminal=PROD pid=55780 elapsed=582s
2026-08-30T13:29:38+00:00 RUN_HEARTBEAT terminal=BT1 pid=21216 elapsed=711s
2026-08-30T13:29:53+00:00 RUN_END id=OAFX1910 window=IS terminal=BT2 status=FAILED decision=RUN_FAILED elapsed=197.702s
2026-08-30T13:29:53+00:00 SCREEN_BYPASS [911/1000] id=OAFX1911 route=FULLBOOK_DIRECT reason=他枠の同時保有を参照するため、単独枠スクリーニングでは測定不能
2026-08-30T13:29:53+00:00 RUN_START id=OAFX1911 family=gj_overlap_stop_cap window=IS terminal=BT2 run=oafx_is_oafx1911_20260830222953_300c99
2026-08-30T13:29:55+00:00 RUN_HEARTBEAT terminal=BT2 pid=48928 elapsed=0s
2026-08-30T13:30:10+00:00 RUN_HEARTBEAT terminal=PROD pid=55780 elapsed=647s
2026-08-30T13:30:10+00:00 RUN_END id=OAFX1907 window=IS terminal=BT1 status=OK decision=IS_REJECT elapsed=744.758s
2026-08-30T13:30:10+00:00 GATE_SKIP id=OAFX1907 window=OOS reason=IS_NOT_SURVIVOR decision=IS_REJECT net=267930.0 PF=1.3864 DD=43.3268%
2026-08-30T13:30:10+00:00 SCREEN_BYPASS [912/1000] id=OAFX1912 route=FULLBOOK_DIRECT reason=他枠の同時保有を参照するため、単独枠スクリーニングでは測定不能
2026-08-30T13:30:10+00:00 RUN_START id=OAFX1912 family=gj_overlap_stop_cap window=IS terminal=BT1 run=oafx_is_oafx1912_20260830223010_52f612
2026-08-30T13:30:11+00:00 RUN_HEARTBEAT terminal=BT1 pid=56920 elapsed=0s
2026-08-30T13:30:59+00:00 RUN_HEARTBEAT terminal=BT2 pid=48928 elapsed=63s
2026-08-30T13:31:14+00:00 RUN_END id=OAFX1908 window=IS terminal=PROD status=OK decision=IS_REJECT elapsed=713.228s
2026-08-30T13:31:14+00:00 GATE_SKIP id=OAFX1908 window=OOS reason=IS_NOT_SURVIVOR decision=IS_REJECT net=270961.0 PF=1.3894 DD=44.7649%
2026-08-30T13:31:14+00:00 SCREEN_BYPASS [913/1000] id=OAFX1913 route=FULLBOOK_DIRECT reason=他枠の同時保有を参照するため、単独枠スクリーニングでは測定不能
2026-08-30T13:31:14+00:00 RUN_START id=OAFX1913 family=gj_overlap_stop_cap window=IS terminal=PROD run=oafx_is_oafx1913_20260830223114_efef8c
2026-08-30T13:31:15+00:00 RUN_HEARTBEAT terminal=BT1 pid=56920 elapsed=63s
2026-08-30T13:31:16+00:00 RUN_HEARTBEAT terminal=PROD pid=30276 elapsed=0s
2026-08-30T13:32:03+00:00 RUN_HEARTBEAT terminal=BT2 pid=48928 elapsed=128s
2026-08-30T13:32:19+00:00 RUN_HEARTBEAT terminal=BT1 pid=56920 elapsed=128s
2026-08-30T13:32:19+00:00 RUN_HEARTBEAT terminal=PROD pid=30276 elapsed=63s
2026-08-30T13:33:08+00:00 RUN_HEARTBEAT terminal=BT2 pid=48928 elapsed=193s
2026-08-30T13:33:24+00:00 RUN_HEARTBEAT terminal=PROD pid=30276 elapsed=128s
2026-08-30T13:33:24+00:00 RUN_HEARTBEAT terminal=BT1 pid=56920 elapsed=193s
2026-08-30T13:34:13+00:00 RUN_HEARTBEAT terminal=BT2 pid=48928 elapsed=258s
2026-08-30T13:34:29+00:00 RUN_HEARTBEAT terminal=PROD pid=30276 elapsed=193s
2026-08-30T13:34:29+00:00 RUN_HEARTBEAT terminal=BT1 pid=56920 elapsed=257s
2026-08-30T13:35:18+00:00 RUN_HEARTBEAT terminal=BT2 pid=48928 elapsed=323s
2026-08-30T13:35:34+00:00 RUN_HEARTBEAT terminal=BT1 pid=56920 elapsed=322s
2026-08-30T13:35:34+00:00 RUN_HEARTBEAT terminal=PROD pid=30276 elapsed=258s
2026-08-30T13:36:23+00:00 RUN_HEARTBEAT terminal=BT2 pid=48928 elapsed=387s
2026-08-30T13:36:38+00:00 RUN_HEARTBEAT terminal=BT1 pid=56920 elapsed=387s
2026-08-30T13:36:38+00:00 RUN_HEARTBEAT terminal=PROD pid=30276 elapsed=323s
2026-08-30T13:36:53+00:00 RUN_END id=OAFX1911 window=IS terminal=BT2 status=FAILED decision=RUN_FAILED elapsed=420.215s
2026-08-30T13:36:53+00:00 SCREEN_BYPASS [914/1000] id=OAFX1914 route=FULLBOOK_DIRECT reason=他枠の同時保有を参照するため、単独枠スクリーニングでは測定不能
2026-08-30T13:36:53+00:00 RUN_START id=OAFX1914 family=gj_overlap_stop_cap window=IS terminal=BT2 run=oafx_is_oafx1914_20260830223653_21f803
2026-08-30T13:36:53+00:00 RUN_END id=OAFX1913 window=IS terminal=PROD status=FAILED decision=RUN_FAILED elapsed=339.182s
2026-08-30T13:36:53+00:00 SCREEN_BYPASS [915/1000] id=OAFX1915 route=FULLBOOK_DIRECT reason=他枠の同時保有を参照するため、単独枠スクリーニングでは測定不能
2026-08-30T13:36:53+00:00 RUN_START id=OAFX1915 family=gj_overlap_stop_cap window=IS terminal=PROD run=oafx_is_oafx1915_20260830223653_23a620
2026-08-30T13:36:54+00:00 WAIT_LAUNCH_SLOT terminal=PROD seconds=15.0
2026-08-30T13:36:55+00:00 RUN_HEARTBEAT terminal=BT2 pid=14096 elapsed=0s
2026-08-30T13:37:10+00:00 RUN_HEARTBEAT terminal=PROD pid=49200 elapsed=0s
2026-08-30T13:37:43+00:00 RUN_HEARTBEAT terminal=BT1 pid=56920 elapsed=451s
2026-08-30T13:37:59+00:00 RUN_HEARTBEAT terminal=BT2 pid=14096 elapsed=63s
2026-08-30T13:38:15+00:00 RUN_HEARTBEAT terminal=PROD pid=49200 elapsed=65s
2026-08-30T13:38:48+00:00 RUN_HEARTBEAT terminal=BT1 pid=56920 elapsed=516s
2026-08-30T13:39:05+00:00 RUN_HEARTBEAT terminal=BT2 pid=14096 elapsed=129s
2026-08-30T13:39:21+00:00 RUN_HEARTBEAT terminal=PROD pid=49200 elapsed=131s
2026-08-30T13:39:54+00:00 RUN_HEARTBEAT terminal=BT1 pid=56920 elapsed=582s
2026-08-30T13:40:11+00:00 RUN_HEARTBEAT terminal=BT2 pid=14096 elapsed=195s
2026-08-30T13:40:27+00:00 RUN_HEARTBEAT terminal=PROD pid=49200 elapsed=196s
2026-08-30T13:40:59+00:00 RUN_HEARTBEAT terminal=BT1 pid=56920 elapsed=647s
2026-08-30T13:41:15+00:00 RUN_HEARTBEAT terminal=BT2 pid=14096 elapsed=260s
2026-08-30T13:41:31+00:00 RUN_HEARTBEAT terminal=PROD pid=49200 elapsed=261s
2026-08-30T13:42:03+00:00 RUN_HEARTBEAT terminal=BT1 pid=56920 elapsed=711s
2026-08-30T13:42:19+00:00 RUN_HEARTBEAT terminal=BT2 pid=14096 elapsed=324s
2026-08-30T13:42:35+00:00 RUN_HEARTBEAT terminal=PROD pid=49200 elapsed=325s
2026-08-30T13:42:35+00:00 RUN_END id=OAFX1912 window=IS terminal=BT1 status=OK decision=IS_REJECT elapsed=744.928s
2026-08-30T13:42:35+00:00 GATE_SKIP id=OAFX1912 window=OOS reason=IS_NOT_SURVIVOR decision=IS_REJECT net=267806.0 PF=1.4108 DD=40.8177%
2026-08-30T13:42:35+00:00 SCREEN_BYPASS [916/1000] id=OAFX1916 route=FULLBOOK_DIRECT reason=他枠の同時保有を参照するため、単独枠スクリーニングでは測定不能
2026-08-30T13:42:35+00:00 RUN_START id=OAFX1916 family=gj_overlap_stop_cap window=IS terminal=BT1 run=oafx_is_oafx1916_20260830224235_498a40
2026-08-30T13:42:37+00:00 RUN_HEARTBEAT terminal=BT1 pid=19724 elapsed=0s
2026-08-30T13:43:23+00:00 RUN_HEARTBEAT terminal=BT2 pid=14096 elapsed=388s
2026-08-30T13:43:39+00:00 RUN_HEARTBEAT terminal=PROD pid=49200 elapsed=389s
2026-08-30T13:43:40+00:00 RUN_HEARTBEAT terminal=BT1 pid=19724 elapsed=64s
2026-08-30T13:44:29+00:00 RUN_HEARTBEAT terminal=BT2 pid=14096 elapsed=453s
2026-08-30T13:44:45+00:00 RUN_HEARTBEAT terminal=PROD pid=49200 elapsed=455s
2026-08-30T13:44:45+00:00 RUN_HEARTBEAT terminal=BT1 pid=19724 elapsed=128s
2026-08-30T13:45:35+00:00 RUN_HEARTBEAT terminal=BT2 pid=14096 elapsed=519s
2026-08-30T13:45:51+00:00 RUN_HEARTBEAT terminal=PROD pid=49200 elapsed=521s
2026-08-30T13:45:51+00:00 RUN_HEARTBEAT terminal=BT1 pid=19724 elapsed=194s
2026-08-30T13:46:41+00:00 RUN_HEARTBEAT terminal=BT2 pid=14096 elapsed=585s
2026-08-30T13:46:57+00:00 RUN_HEARTBEAT terminal=BT1 pid=19724 elapsed=260s
2026-08-30T13:46:57+00:00 RUN_HEARTBEAT terminal=PROD pid=49200 elapsed=587s
2026-08-30T13:47:45+00:00 RUN_HEARTBEAT terminal=BT2 pid=14096 elapsed=650s
2026-08-30T13:48:01+00:00 RUN_HEARTBEAT terminal=BT1 pid=19724 elapsed=324s
2026-08-30T13:48:01+00:00 RUN_HEARTBEAT terminal=PROD pid=49200 elapsed=651s
2026-08-30T13:48:17+00:00 WAIT_MT5_IDLE terminal=PROD elapsed=1s pids=[29588]
2026-08-30T13:48:33+00:00 RUN_END id=OAFX1914 window=IS terminal=BT2 status=OK decision=IS_REJECT elapsed=699.460s
2026-08-30T13:48:33+00:00 GATE_SKIP id=OAFX1914 window=OOS reason=IS_NOT_SURVIVOR decision=IS_REJECT net=277025.0 PF=1.4172 DD=46.049%
2026-08-30T13:48:33+00:00 SCREEN_BYPASS [917/1000] id=OAFX1917 route=FULLBOOK_DIRECT reason=他枠の同時保有を参照するため、単独枠スクリーニングでは測定不能
2026-08-30T13:48:33+00:00 RUN_START id=OAFX1917 family=gj_overlap_stop_cap window=IS terminal=BT2 run=oafx_is_oafx1917_20260830224833_f6a8f7
2026-08-30T13:48:34+00:00 RUN_HEARTBEAT terminal=BT2 pid=51024 elapsed=0s
2026-08-30T13:49:04+00:00 RUN_HEARTBEAT terminal=BT1 pid=19724 elapsed=388s
2026-08-30T13:49:21+00:00 WAIT_MT5_IDLE terminal=PROD elapsed=65s pids=[29588]
2026-08-30T13:49:37+00:00 RUN_HEARTBEAT terminal=BT2 pid=51024 elapsed=63s
2026-08-30T13:49:53+00:00 KILL_ORPHAN_TESTER terminal=PROD pids=[29588] orphan_seconds=96
2026-08-30T13:50:09+00:00 RUN_HEARTBEAT terminal=BT1 pid=19724 elapsed=453s
2026-08-30T13:50:09+00:00 RUN_END id=OAFX1915 window=IS terminal=PROD status=OK decision=IS_REJECT elapsed=795.793s
2026-08-30T13:50:09+00:00 GATE_SKIP id=OAFX1915 window=OOS reason=IS_NOT_SURVIVOR decision=IS_REJECT net=273802.0 PF=1.4081 DD=45.2395%
2026-08-30T13:50:09+00:00 SCREEN_BYPASS [918/1000] id=OAFX1918 route=FULLBOOK_DIRECT reason=他枠の同時保有を参照するため、単独枠スクリーニングでは測定不能
2026-08-30T13:50:09+00:00 RUN_START id=OAFX1918 family=gj_overlap_stop_cap window=IS terminal=PROD run=oafx_is_oafx1918_20260830225009_f39ecf
2026-08-30T13:50:11+00:00 RUN_HEARTBEAT terminal=PROD pid=53128 elapsed=0s
2026-08-30T13:50:41+00:00 RUN_HEARTBEAT terminal=BT2 pid=51024 elapsed=126s
2026-08-30T13:51:13+00:00 RUN_HEARTBEAT terminal=BT1 pid=19724 elapsed=517s
2026-08-30T13:51:14+00:00 RUN_HEARTBEAT terminal=PROD pid=53128 elapsed=63s
2026-08-30T13:51:46+00:00 RUN_HEARTBEAT terminal=BT2 pid=51024 elapsed=191s
2026-08-30T13:52:18+00:00 RUN_HEARTBEAT terminal=BT1 pid=19724 elapsed=582s
2026-08-30T13:52:18+00:00 RUN_HEARTBEAT terminal=PROD pid=53128 elapsed=127s
2026-08-30T13:52:51+00:00 RUN_HEARTBEAT terminal=BT2 pid=51024 elapsed=256s
2026-08-30T13:53:24+00:00 RUN_HEARTBEAT terminal=PROD pid=53128 elapsed=192s
2026-08-30T13:53:24+00:00 RUN_HEARTBEAT terminal=BT1 pid=19724 elapsed=647s
2026-08-30T13:53:40+00:00 RUN_END id=OAFX1916 window=IS terminal=BT1 status=OK decision=IS_REJECT elapsed=664.702s
2026-08-30T13:53:40+00:00 GATE_SKIP id=OAFX1916 window=OOS reason=IS_NOT_SURVIVOR decision=IS_REJECT net=270149.0 PF=1.3984 DD=45.1523%
2026-08-30T13:53:40+00:00 SCREEN_BYPASS [919/1000] id=OAFX1919 route=FULLBOOK_DIRECT reason=他枠の同時保有を参照するため、単独枠スクリーニングでは測定不能
2026-08-30T13:53:40+00:00 RUN_START id=OAFX1919 family=gj_overlap_stop_cap window=IS terminal=BT1 run=oafx_is_oafx1919_20260830225340_d0054b
2026-08-30T13:53:41+00:00 RUN_HEARTBEAT terminal=BT1 pid=25068 elapsed=0s
2026-08-30T13:53:56+00:00 RUN_HEARTBEAT terminal=BT2 pid=51024 elapsed=321s
2026-08-30T13:54:27+00:00 RUN_HEARTBEAT terminal=PROD pid=53128 elapsed=257s
2026-08-30T13:54:44+00:00 RUN_HEARTBEAT terminal=BT1 pid=25068 elapsed=63s
2026-08-30T13:55:00+00:00 RUN_HEARTBEAT terminal=BT2 pid=51024 elapsed=385s
2026-08-30T13:55:32+00:00 RUN_HEARTBEAT terminal=PROD pid=53128 elapsed=321s
2026-08-30T13:55:48+00:00 RUN_HEARTBEAT terminal=BT1 pid=25068 elapsed=126s
2026-08-30T13:56:04+00:00 RUN_HEARTBEAT terminal=BT2 pid=51024 elapsed=449s
2026-08-30T13:56:35+00:00 RUN_HEARTBEAT terminal=PROD pid=53128 elapsed=385s
2026-08-30T13:56:51+00:00 RUN_HEARTBEAT terminal=BT1 pid=25068 elapsed=190s
2026-08-30T13:57:06+00:00 RUN_END id=OAFX1919 window=IS terminal=BT1 status=FAILED decision=RUN_FAILED elapsed=206.892s
2026-08-30T13:57:06+00:00 SCREEN_BYPASS [920/1000] id=OAFX1920 route=FULLBOOK_DIRECT reason=他枠の同時保有を参照するため、単独枠スクリーニングでは測定不能
2026-08-30T13:57:06+00:00 RUN_START id=OAFX1920 family=gj_overlap_stop_cap window=IS terminal=BT1 run=oafx_is_oafx1920_20260830225706_a0b729
2026-08-30T13:57:07+00:00 RUN_HEARTBEAT terminal=BT2 pid=51024 elapsed=513s
2026-08-30T13:57:08+00:00 RUN_HEARTBEAT terminal=BT1 pid=51384 elapsed=0s
2026-08-30T13:57:39+00:00 RUN_HEARTBEAT terminal=PROD pid=53128 elapsed=448s
2026-08-30T13:58:11+00:00 RUN_HEARTBEAT terminal=BT2 pid=51024 elapsed=576s
2026-08-30T13:58:11+00:00 RUN_HEARTBEAT terminal=BT1 pid=51384 elapsed=63s
2026-08-30T13:58:43+00:00 RUN_HEARTBEAT terminal=PROD pid=53128 elapsed=512s
2026-08-30T13:59:14+00:00 RUN_HEARTBEAT terminal=BT1 pid=51384 elapsed=126s
2026-08-30T13:59:14+00:00 RUN_HEARTBEAT terminal=BT2 pid=51024 elapsed=640s
2026-08-30T13:59:46+00:00 RUN_HEARTBEAT terminal=PROD pid=53128 elapsed=575s
2026-08-30T13:59:46+00:00 RUN_END id=OAFX1917 window=IS terminal=BT2 status=OK decision=IS_REJECT elapsed=673.399s
2026-08-30T13:59:46+00:00 GATE_SKIP id=OAFX1917 window=OOS reason=IS_NOT_SURVIVOR decision=IS_REJECT net=271380.0 PF=1.3958 DD=50.6183%
2026-08-30T13:59:46+00:00 SCREEN_BYPASS [921/1000] id=OAFX1921 route=FULLBOOK_DIRECT reason=他枠の同時保有を参照するため、単独枠スクリーニングでは測定不能
2026-08-30T13:59:46+00:00 RUN_START id=OAFX1921 family=gj_overlap_stop_cap window=IS terminal=BT2 run=oafx_is_oafx1921_20260830225946_7ea9e2
2026-08-30T13:59:47+00:00 RUN_HEARTBEAT terminal=BT2 pid=45568 elapsed=0s
2026-08-30T14:00:18+00:00 RUN_HEARTBEAT terminal=BT1 pid=51384 elapsed=190s
2026-08-30T14:00:50+00:00 RUN_HEARTBEAT terminal=PROD pid=53128 elapsed=639s
2026-08-30T14:00:50+00:00 RUN_HEARTBEAT terminal=BT2 pid=45568 elapsed=63s
2026-08-30T14:01:22+00:00 RUN_HEARTBEAT terminal=BT1 pid=51384 elapsed=253s
2026-08-30T14:01:54+00:00 RUN_HEARTBEAT terminal=BT2 pid=45568 elapsed=126s
2026-08-30T14:01:54+00:00 WAIT_MT5_IDLE terminal=PROD elapsed=1s pids=[26908]
2026-08-30T14:02:25+00:00 RUN_HEARTBEAT terminal=BT1 pid=51384 elapsed=317s
2026-08-30T14:02:57+00:00 WAIT_MT5_IDLE terminal=PROD elapsed=65s pids=[26908]
2026-08-30T14:02:57+00:00 RUN_HEARTBEAT terminal=BT2 pid=45568 elapsed=190s
2026-08-30T14:03:28+00:00 RUN_END id=OAFX1921 window=IS terminal=BT2 status=FAILED decision=RUN_FAILED elapsed=221.962s
2026-08-30T14:03:28+00:00 SCREEN_BYPASS [922/1000] id=OAFX1922 route=FULLBOOK_DIRECT reason=他枠の同時保有を参照するため、単独枠スクリーニングでは測定不能
2026-08-30T14:03:28+00:00 RUN_START id=OAFX1922 family=gj_overlap_stop_cap window=IS terminal=BT2 run=oafx_is_oafx1922_20260830230328_546822
2026-08-30T14:03:29+00:00 RUN_HEARTBEAT terminal=BT1 pid=51384 elapsed=381s
2026-08-30T14:03:29+00:00 KILL_ORPHAN_TESTER terminal=PROD pids=[26908] orphan_seconds=95
2026-08-30T14:03:30+00:00 RUN_HEARTBEAT terminal=BT2 pid=38280 elapsed=0s
2026-08-30T14:03:45+00:00 RUN_END id=OAFX1918 window=IS terminal=PROD status=OK decision=IS_REJECT elapsed=815.635s
2026-08-30T14:03:45+00:00 GATE_SKIP id=OAFX1918 window=OOS reason=IS_NOT_SURVIVOR decision=IS_REJECT net=265897.0 PF=1.3831 DD=52.7888%
2026-08-30T14:03:45+00:00 SCREEN_BYPASS [923/1000] id=OAFX1923 route=FULLBOOK_DIRECT reason=他枠の同時保有を参照するため、単独枠スクリーニングでは測定不能
2026-08-30T14:03:45+00:00 SKIP_EXISTING [923/1000] id=OAFX1923 window=IS
2026-08-30T14:03:45+00:00 RUN_START id=OAFX1923 family=gj_overlap_stop_cap window=OOS terminal=PROD run=oafx_oos_oafx1923_20260830230345_895e2c
2026-08-30T14:03:46+00:00 RUN_HEARTBEAT terminal=PROD pid=56044 elapsed=0s
2026-08-30T14:04:32+00:00 RUN_HEARTBEAT terminal=BT1 pid=51384 elapsed=444s
2026-08-30T14:04:32+00:00 RUN_HEARTBEAT terminal=BT2 pid=38280 elapsed=63s
2026-08-30T14:04:49+00:00 RUN_HEARTBEAT terminal=PROD pid=56044 elapsed=63s
2026-08-30T14:05:36+00:00 RUN_HEARTBEAT terminal=BT2 pid=38280 elapsed=126s
2026-08-30T14:05:36+00:00 RUN_HEARTBEAT terminal=BT1 pid=51384 elapsed=508s
2026-08-30T14:05:55+00:00 RUN_HEARTBEAT terminal=PROD pid=56044 elapsed=125s
2026-08-30T14:06:43+00:00 RUN_HEARTBEAT terminal=BT2 pid=38280 elapsed=194s
2026-08-30T14:06:43+00:00 RUN_HEARTBEAT terminal=BT1 pid=51384 elapsed=575s
2026-08-30T14:06:59+00:00 RUN_HEARTBEAT terminal=PROD pid=56044 elapsed=193s
2026-08-30T14:07:47+00:00 RUN_HEARTBEAT terminal=BT2 pid=38280 elapsed=257s
2026-08-30T14:07:47+00:00 RUN_END id=OAFX1920 window=IS terminal=BT1 status=OK decision=IS_SURVIVOR_STRICT elapsed=640.508s
2026-08-30T14:07:47+00:00 RUN_START id=OAFX1920 family=gj_overlap_stop_cap window=OOS terminal=BT1 run=oafx_oos_oafx1920_20260830230747_29095d
2026-08-30T14:07:48+00:00 RUN_HEARTBEAT terminal=BT1 pid=50440 elapsed=0s
2026-08-30T14:08:03+00:00 RUN_HEARTBEAT terminal=PROD pid=56044 elapsed=256s
2026-08-30T14:08:51+00:00 RUN_HEARTBEAT terminal=BT2 pid=38280 elapsed=321s
2026-08-30T14:08:51+00:00 RUN_HEARTBEAT terminal=BT1 pid=50440 elapsed=63s
2026-08-30T14:09:07+00:00 RUN_HEARTBEAT terminal=PROD pid=56044 elapsed=320s
2026-08-30T14:09:55+00:00 RUN_HEARTBEAT terminal=BT2 pid=38280 elapsed=385s
2026-08-30T14:09:55+00:00 RUN_HEARTBEAT terminal=BT1 pid=50440 elapsed=126s
2026-08-30T14:10:11+00:00 RUN_HEARTBEAT terminal=PROD pid=56044 elapsed=384s
2026-08-30T14:10:58+00:00 RUN_HEARTBEAT terminal=BT2 pid=38280 elapsed=448s
2026-08-30T14:10:58+00:00 RUN_HEARTBEAT terminal=BT1 pid=50440 elapsed=190s
2026-08-30T14:11:14+00:00 RUN_HEARTBEAT terminal=PROD pid=56044 elapsed=447s
2026-08-30T14:12:02+00:00 RUN_HEARTBEAT terminal=BT1 pid=50440 elapsed=254s
2026-08-30T14:12:02+00:00 RUN_HEARTBEAT terminal=BT2 pid=38280 elapsed=512s
2026-08-30T14:12:18+00:00 RUN_HEARTBEAT terminal=PROD pid=56044 elapsed=511s
2026-08-30T14:12:34+00:00 RUN_END id=OAFX1923 window=OOS terminal=PROD status=OK decision=REJECT elapsed=528.770s
2026-08-30T14:12:34+00:00 SCREEN_BYPASS [924/1000] id=OAFX1924 route=FULLBOOK_DIRECT reason=他枠の同時保有を参照するため、単独枠スクリーニングでは測定不能
2026-08-30T14:12:34+00:00 RUN_START id=OAFX1924 family=gj_overlap_stop_cap window=IS terminal=PROD run=oafx_is_oafx1924_20260830231234_86133e
2026-08-30T14:12:35+00:00 RUN_HEARTBEAT terminal=PROD pid=37624 elapsed=0s
2026-08-30T14:13:05+00:00 RUN_HEARTBEAT terminal=BT1 pid=50440 elapsed=317s
2026-08-30T14:13:05+00:00 RUN_HEARTBEAT terminal=BT2 pid=38280 elapsed=576s
2026-08-30T14:13:38+00:00 RUN_HEARTBEAT terminal=PROD pid=37624 elapsed=63s
2026-08-30T14:14:10+00:00 RUN_HEARTBEAT terminal=BT1 pid=50440 elapsed=381s
2026-08-30T14:14:10+00:00 RUN_HEARTBEAT terminal=BT2 pid=38280 elapsed=640s
2026-08-30T14:14:26+00:00 RUN_END id=OAFX1922 window=IS terminal=BT2 status=OK decision=IS_SURVIVOR_STRICT elapsed=657.413s
2026-08-30T14:14:26+00:00 RUN_START id=OAFX1922 family=gj_overlap_stop_cap window=OOS terminal=BT2 run=oafx_oos_oafx1922_20260830231426_a1e495
2026-08-30T14:14:27+00:00 RUN_HEARTBEAT terminal=BT2 pid=17700 elapsed=0s
2026-08-30T14:14:41+00:00 RUN_HEARTBEAT terminal=PROD pid=37624 elapsed=126s
2026-08-30T14:15:13+00:00 RUN_HEARTBEAT terminal=BT1 pid=50440 elapsed=445s
2026-08-30T14:15:30+00:00 RUN_HEARTBEAT terminal=BT2 pid=17700 elapsed=63s
2026-08-30T14:15:46+00:00 RUN_HEARTBEAT terminal=PROD pid=37624 elapsed=189s
2026-08-30T14:16:02+00:00 RUN_END id=OAFX1920 window=OOS terminal=BT1 status=OK decision=NOISE_BAND elapsed=494.816s
2026-08-30T14:16:02+00:00 SCREEN_BYPASS [925/1000] id=OAFX1925 route=FULLBOOK_DIRECT reason=他枠の同時保有を参照するため、単独枠スクリーニングでは測定不能
2026-08-30T14:16:02+00:00 RUN_START id=OAFX1925 family=gj_overlap_stop_cap window=IS terminal=BT1 run=oafx_is_oafx1925_20260830231602_c72523
2026-08-30T14:16:03+00:00 RUN_HEARTBEAT terminal=BT1 pid=46272 elapsed=0s
2026-08-30T14:16:34+00:00 RUN_HEARTBEAT terminal=BT2 pid=17700 elapsed=126s
2026-08-30T14:16:50+00:00 RUN_HEARTBEAT terminal=PROD pid=37624 elapsed=254s
2026-08-30T14:17:06+00:00 RUN_HEARTBEAT terminal=BT1 pid=46272 elapsed=63s
2026-08-30T14:17:38+00:00 RUN_HEARTBEAT terminal=BT2 pid=17700 elapsed=191s
2026-08-30T14:17:55+00:00 RUN_HEARTBEAT terminal=PROD pid=37624 elapsed=319s
2026-08-30T14:18:11+00:00 RUN_HEARTBEAT terminal=BT1 pid=46272 elapsed=127s
2026-08-30T14:18:43+00:00 RUN_HEARTBEAT terminal=BT2 pid=17700 elapsed=255s
2026-08-30T14:18:59+00:00 RUN_HEARTBEAT terminal=PROD pid=37624 elapsed=383s
2026-08-30T14:19:15+00:00 RUN_HEARTBEAT terminal=BT1 pid=46272 elapsed=192s
2026-08-30T14:19:48+00:00 RUN_HEARTBEAT terminal=BT2 pid=17700 elapsed=320s
2026-08-30T14:20:04+00:00 RUN_HEARTBEAT terminal=PROD pid=37624 elapsed=448s
2026-08-30T14:20:20+00:00 RUN_HEARTBEAT terminal=BT1 pid=46272 elapsed=256s
2026-08-30T14:20:52+00:00 RUN_HEARTBEAT terminal=BT2 pid=17700 elapsed=384s
2026-08-30T14:21:08+00:00 RUN_HEARTBEAT terminal=PROD pid=37624 elapsed=512s
2026-08-30T14:21:24+00:00 RUN_HEARTBEAT terminal=BT1 pid=46272 elapsed=320s
2026-08-30T14:21:55+00:00 RUN_END id=OAFX1922 window=OOS terminal=BT2 status=FAILED decision=RUN_FAILED elapsed=449.082s
2026-08-30T14:21:55+00:00 SCREEN_BYPASS [926/1000] id=OAFX1926 route=FULLBOOK_DIRECT reason=他枠の同時保有を参照するため、単独枠スクリーニングでは測定不能
2026-08-30T14:21:55+00:00 RUN_START id=OAFX1926 family=gj_overlap_stop_cap window=IS terminal=BT2 run=oafx_is_oafx1926_20260830232155_dd116c
2026-08-30T14:21:56+00:00 RUN_HEARTBEAT terminal=BT2 pid=50912 elapsed=0s
2026-08-30T14:22:11+00:00 RUN_HEARTBEAT terminal=PROD pid=37624 elapsed=576s
2026-08-30T14:22:27+00:00 RUN_HEARTBEAT terminal=BT1 pid=46272 elapsed=384s
2026-08-30T14:22:59+00:00 RUN_HEARTBEAT terminal=BT2 pid=50912 elapsed=63s
2026-08-30T14:23:15+00:00 RUN_HEARTBEAT terminal=PROD pid=37624 elapsed=640s
2026-08-30T14:23:32+00:00 RUN_HEARTBEAT terminal=BT1 pid=46272 elapsed=448s
2026-08-30T14:23:47+00:00 RUN_END id=OAFX1924 window=IS terminal=PROD status=OK decision=IS_SURVIVOR_STRICT elapsed=673.453s
2026-08-30T14:23:48+00:00 RUN_START id=OAFX1924 family=gj_overlap_stop_cap window=OOS terminal=PROD run=oafx_oos_oafx1924_20260830232348_f32eb8
2026-08-30T14:23:49+00:00 RUN_HEARTBEAT terminal=PROD pid=48064 elapsed=0s
2026-08-30T14:24:03+00:00 RUN_HEARTBEAT terminal=BT2 pid=50912 elapsed=127s
2026-08-30T14:24:35+00:00 RUN_HEARTBEAT terminal=BT1 pid=46272 elapsed=512s
2026-08-30T14:24:52+00:00 RUN_HEARTBEAT terminal=PROD pid=48064 elapsed=63s
2026-08-30T14:25:07+00:00 RUN_HEARTBEAT terminal=BT2 pid=50912 elapsed=191s
2026-08-30T14:25:23+00:00 RUN_END id=OAFX1925 window=IS terminal=BT1 status=OK decision=IS_SURVIVOR_STRICT elapsed=561.110s
2026-08-30T14:25:23+00:00 RUN_START id=OAFX1925 family=gj_overlap_stop_cap window=OOS terminal=BT1 run=oafx_oos_oafx1925_20260830232523_c428f9
2026-08-30T14:25:25+00:00 RUN_HEARTBEAT terminal=BT1 pid=47968 elapsed=0s
2026-08-30T14:25:56+00:00 RUN_HEARTBEAT terminal=PROD pid=48064 elapsed=126s
2026-08-30T14:26:12+00:00 RUN_HEARTBEAT terminal=BT2 pid=50912 elapsed=255s
2026-08-30T14:26:28+00:00 RUN_HEARTBEAT terminal=BT1 pid=47968 elapsed=63s
2026-08-30T14:27:00+00:00 RUN_HEARTBEAT terminal=PROD pid=48064 elapsed=190s
2026-08-30T14:27:16+00:00 RUN_HEARTBEAT terminal=BT2 pid=50912 elapsed=319s
2026-08-30T14:27:32+00:00 RUN_HEARTBEAT terminal=BT1 pid=47968 elapsed=127s
2026-08-30T14:28:04+00:00 RUN_HEARTBEAT terminal=PROD pid=48064 elapsed=255s
2026-08-30T14:28:20+00:00 RUN_HEARTBEAT terminal=BT2 pid=50912 elapsed=383s
2026-08-30T14:28:37+00:00 RUN_HEARTBEAT terminal=BT1 pid=47968 elapsed=191s
2026-08-30T14:29:09+00:00 RUN_HEARTBEAT terminal=PROD pid=48064 elapsed=319s
2026-08-30T14:29:25+00:00 RUN_HEARTBEAT terminal=BT2 pid=50912 elapsed=448s
2026-08-30T14:29:41+00:00 RUN_HEARTBEAT terminal=BT1 pid=47968 elapsed=256s
2026-08-30T14:30:13+00:00 RUN_HEARTBEAT terminal=PROD pid=48064 elapsed=383s
2026-08-30T14:30:28+00:00 RUN_HEARTBEAT terminal=BT2 pid=50912 elapsed=512s
2026-08-30T14:30:44+00:00 RUN_HEARTBEAT terminal=BT1 pid=47968 elapsed=320s
2026-08-30T14:31:16+00:00 RUN_HEARTBEAT terminal=PROD pid=48064 elapsed=447s
2026-08-30T14:31:32+00:00 RUN_HEARTBEAT terminal=BT2 pid=50912 elapsed=575s
2026-08-30T14:31:48+00:00 RUN_HEARTBEAT terminal=BT1 pid=47968 elapsed=383s
2026-08-30T14:32:04+00:00 RUN_END id=OAFX1924 window=OOS terminal=PROD status=OK decision=REJECT elapsed=496.211s
2026-08-30T14:32:04+00:00 SCREEN_BYPASS [927/1000] id=OAFX1927 route=FULLBOOK_DIRECT reason=他枠の同時保有を参照するため、単独枠スクリーニングでは測定不能
2026-08-30T14:32:04+00:00 RUN_START id=OAFX1927 family=gj_overlap_stop_cap window=IS terminal=PROD run=oafx_is_oafx1927_20260830233204_9cfabd
2026-08-30T14:32:05+00:00 RUN_HEARTBEAT terminal=PROD pid=57104 elapsed=0s
2026-08-30T14:32:35+00:00 RUN_HEARTBEAT terminal=BT2 pid=50912 elapsed=639s
2026-08-30T14:32:51+00:00 RUN_HEARTBEAT terminal=BT1 pid=47968 elapsed=446s
2026-08-30T14:33:07+00:00 RUN_END id=OAFX1926 window=IS terminal=BT2 status=OK decision=IS_NOISE_BAND elapsed=672.071s
2026-08-30T14:33:07+00:00 GATE_SKIP id=OAFX1926 window=OOS reason=IS_NOT_SURVIVOR decision=IS_NOISE_BAND net=291063.0 PF=1.4592 DD=34.5688%
2026-08-30T14:33:07+00:00 SCREEN_BYPASS [928/1000] id=OAFX1928 route=FULLBOOK_DIRECT reason=他枠の同時保有を参照するため、単独枠スクリーニングでは測定不能
2026-08-30T14:33:07+00:00 RUN_START id=OAFX1928 family=gj_overlap_stop_cap window=IS terminal=BT2 run=oafx_is_oafx1928_20260830233307_b335d1
2026-08-30T14:33:08+00:00 RUN_HEARTBEAT terminal=PROD pid=57104 elapsed=63s
2026-08-30T14:33:08+00:00 RUN_HEARTBEAT terminal=BT2 pid=25828 elapsed=0s
2026-08-30T14:33:54+00:00 RUN_HEARTBEAT terminal=BT1 pid=47968 elapsed=510s
2026-08-30T14:34:11+00:00 RUN_HEARTBEAT terminal=BT2 pid=25828 elapsed=63s
2026-08-30T14:34:11+00:00 RUN_HEARTBEAT terminal=PROD pid=57104 elapsed=126s
2026-08-30T14:34:26+00:00 RUN_END id=OAFX1925 window=OOS terminal=BT1 status=OK decision=REJECT elapsed=542.760s
2026-08-30T14:34:26+00:00 SCREEN_BYPASS [929/1000] id=OAFX1929 route=FULLBOOK_DIRECT reason=他枠の同時保有を参照するため、単独枠スクリーニングでは測定不能
2026-08-30T14:34:26+00:00 RUN_START id=OAFX1929 family=gj_overlap_stop_cap window=IS terminal=BT1 run=oafx_is_oafx1929_20260830233426_795258
2026-08-30T14:34:28+00:00 RUN_HEARTBEAT terminal=BT1 pid=23856 elapsed=0s
2026-08-30T14:35:17+00:00 RUN_HEARTBEAT terminal=PROD pid=57104 elapsed=190s
2026-08-30T14:35:17+00:00 RUN_HEARTBEAT terminal=BT2 pid=25828 elapsed=127s
2026-08-30T14:35:33+00:00 RUN_HEARTBEAT terminal=BT1 pid=23856 elapsed=65s
2026-08-30T14:36:21+00:00 RUN_HEARTBEAT terminal=BT2 pid=25828 elapsed=193s
2026-08-30T14:36:21+00:00 RUN_HEARTBEAT terminal=PROD pid=57104 elapsed=256s
2026-08-30T14:36:37+00:00 RUN_HEARTBEAT terminal=BT1 pid=23856 elapsed=129s
2026-08-30T14:37:26+00:00 RUN_HEARTBEAT terminal=PROD pid=57104 elapsed=320s
2026-08-30T14:37:26+00:00 RUN_HEARTBEAT terminal=BT2 pid=25828 elapsed=257s
2026-08-30T14:37:42+00:00 RUN_HEARTBEAT terminal=BT1 pid=23856 elapsed=194s
2026-08-30T14:38:31+00:00 RUN_HEARTBEAT terminal=BT2 pid=25828 elapsed=322s
2026-08-30T14:38:31+00:00 RUN_HEARTBEAT terminal=PROD pid=57104 elapsed=385s
2026-08-30T14:38:47+00:00 RUN_HEARTBEAT terminal=BT1 pid=23856 elapsed=258s
2026-08-30T14:39:02+00:00 RUN_END id=OAFX1928 window=IS terminal=BT2 status=FAILED decision=RUN_FAILED elapsed=354.673s
2026-08-30T14:39:02+00:00 SCREEN_BYPASS [930/1000] id=OAFX1930 route=FULLBOOK_DIRECT reason=他枠の同時保有を参照するため、単独枠スクリーニングでは測定不能
2026-08-30T14:39:02+00:00 RUN_END id=OAFX1929 window=IS terminal=BT1 status=FAILED decision=RUN_FAILED elapsed=275.451s
2026-08-30T14:39:02+00:00 RUN_START id=OAFX1930 family=gj_overlap_stop_cap window=IS terminal=BT2 run=oafx_is_oafx1930_20260830233902_12a8fc
2026-08-30T14:39:02+00:00 SCREEN_BYPASS [931/1000] id=OAFX1931 route=FULLBOOK_DIRECT reason=他枠の同時保有を参照するため、単独枠スクリーニングでは測定不能
2026-08-30T14:39:02+00:00 RUN_START id=OAFX1931 family=gj_overlap_stop_cap window=IS terminal=BT1 run=oafx_is_oafx1931_20260830233902_d82fd1
2026-08-30T14:39:02+00:00 WAIT_LAUNCH_SLOT terminal=BT2 seconds=15.0
2026-08-30T14:39:03+00:00 RUN_HEARTBEAT terminal=BT1 pid=53068 elapsed=0s
2026-08-30T14:39:18+00:00 RUN_HEARTBEAT terminal=BT2 pid=36840 elapsed=0s
2026-08-30T14:39:34+00:00 RUN_HEARTBEAT terminal=PROD pid=57104 elapsed=449s
2026-08-30T14:40:06+00:00 RUN_HEARTBEAT terminal=BT1 pid=53068 elapsed=63s
2026-08-30T14:40:24+00:00 RUN_HEARTBEAT terminal=BT2 pid=36840 elapsed=64s
2026-08-30T14:40:41+00:00 RUN_HEARTBEAT terminal=PROD pid=57104 elapsed=514s
2026-08-30T14:41:14+00:00 RUN_HEARTBEAT terminal=BT1 pid=53068 elapsed=130s
2026-08-30T14:41:30+00:00 RUN_HEARTBEAT terminal=BT2 pid=36840 elapsed=131s
2026-08-30T14:41:46+00:00 RUN_HEARTBEAT terminal=PROD pid=57104 elapsed=580s
2026-08-30T14:42:18+00:00 RUN_HEARTBEAT terminal=BT1 pid=53068 elapsed=195s
2026-08-30T14:42:34+00:00 RUN_HEARTBEAT terminal=BT2 pid=36840 elapsed=196s
2026-08-30T14:42:50+00:00 RUN_HEARTBEAT terminal=PROD pid=57104 elapsed=645s
2026-08-30T14:43:06+00:00 RUN_END id=OAFX1927 window=IS terminal=PROD status=OK decision=IS_REJECT elapsed=662.275s
2026-08-30T14:43:06+00:00 GATE_SKIP id=OAFX1927 window=OOS reason=IS_NOT_SURVIVOR decision=IS_REJECT net=285001.0 PF=1.4345 DD=37.1836%
2026-08-30T14:43:06+00:00 SCREEN_BYPASS [932/1000] id=OAFX1932 route=FULLBOOK_DIRECT reason=他枠の同時保有を参照するため、単独枠スクリーニングでは測定不能
2026-08-30T14:43:06+00:00 RUN_START id=OAFX1932 family=gj_overlap_stop_cap window=IS terminal=PROD run=oafx_is_oafx1932_20260830234306_0871a6
2026-08-30T14:43:07+00:00 RUN_HEARTBEAT terminal=PROD pid=44384 elapsed=0s
2026-08-30T14:43:22+00:00 RUN_HEARTBEAT terminal=BT1 pid=53068 elapsed=259s
2026-08-30T14:43:38+00:00 RUN_HEARTBEAT terminal=BT2 pid=36840 elapsed=260s
2026-08-30T14:44:10+00:00 RUN_HEARTBEAT terminal=PROD pid=44384 elapsed=63s
2026-08-30T14:44:27+00:00 RUN_HEARTBEAT terminal=BT1 pid=53068 elapsed=323s
2026-08-30T14:44:43+00:00 RUN_HEARTBEAT terminal=BT2 pid=36840 elapsed=324s
2026-08-30T14:45:15+00:00 RUN_HEARTBEAT terminal=PROD pid=44384 elapsed=127s
2026-08-30T14:45:31+00:00 RUN_HEARTBEAT terminal=BT1 pid=53068 elapsed=387s
2026-08-30T14:45:47+00:00 RUN_HEARTBEAT terminal=BT2 pid=36840 elapsed=389s
2026-08-30T14:46:20+00:00 RUN_HEARTBEAT terminal=PROD pid=44384 elapsed=192s
2026-08-30T14:46:36+00:00 RUN_HEARTBEAT terminal=BT1 pid=53068 elapsed=452s
2026-08-30T14:46:52+00:00 RUN_HEARTBEAT terminal=BT2 pid=36840 elapsed=453s
2026-08-30T14:47:24+00:00 RUN_HEARTBEAT terminal=PROD pid=44384 elapsed=256s
2026-08-30T14:47:40+00:00 RUN_HEARTBEAT terminal=BT1 pid=53068 elapsed=516s
2026-08-30T14:47:56+00:00 RUN_HEARTBEAT terminal=BT2 pid=36840 elapsed=517s
2026-08-30T14:48:28+00:00 RUN_HEARTBEAT terminal=PROD pid=44384 elapsed=320s
2026-08-30T14:48:43+00:00 RUN_END id=OAFX1931 window=IS terminal=BT1 status=FAILED decision=RUN_FAILED elapsed=581.355s
2026-08-30T14:48:43+00:00 SCREEN_BYPASS [933/1000] id=OAFX1933 route=FULLBOOK_DIRECT reason=他枠の同時保有を参照するため、単独枠スクリーニングでは測定不能
2026-08-30T14:48:43+00:00 RUN_START id=OAFX1933 family=gj_overlap_stop_cap window=IS terminal=BT1 run=oafx_is_oafx1933_20260830234843_f748f5
2026-08-30T14:48:44+00:00 RUN_HEARTBEAT terminal=BT1 pid=55504 elapsed=0s
2026-08-30T14:49:00+00:00 RUN_HEARTBEAT terminal=BT2 pid=36840 elapsed=581s
2026-08-30T14:49:32+00:00 RUN_HEARTBEAT terminal=PROD pid=44384 elapsed=384s
2026-08-30T14:49:48+00:00 RUN_HEARTBEAT terminal=BT1 pid=55504 elapsed=63s
2026-08-30T14:50:03+00:00 RUN_END id=OAFX1930 window=IS terminal=BT2 status=OK decision=IS_REJECT elapsed=661.838s
2026-08-30T14:50:03+00:00 GATE_SKIP id=OAFX1930 window=OOS reason=IS_NOT_SURVIVOR decision=IS_REJECT net=287381.0 PF=1.4164 DD=34.9963%
2026-08-30T14:50:03+00:00 SCREEN_BYPASS [934/1000] id=OAFX1934 route=FULLBOOK_DIRECT reason=他枠の同時保有を参照するため、単独枠スクリーニングでは測定不能
2026-08-30T14:50:03+00:00 RUN_START id=OAFX1934 family=gj_overlap_stop_cap window=IS terminal=BT2 run=oafx_is_oafx1934_20260830235003_5b375e
2026-08-30T14:50:05+00:00 RUN_HEARTBEAT terminal=BT2 pid=46212 elapsed=0s
2026-08-30T14:50:36+00:00 RUN_HEARTBEAT terminal=PROD pid=44384 elapsed=448s
2026-08-30T14:50:52+00:00 RUN_HEARTBEAT terminal=BT1 pid=55504 elapsed=127s
2026-08-30T14:51:08+00:00 RUN_HEARTBEAT terminal=BT2 pid=46212 elapsed=63s
2026-08-30T14:51:41+00:00 RUN_HEARTBEAT terminal=PROD pid=44384 elapsed=513s
2026-08-30T14:51:57+00:00 RUN_HEARTBEAT terminal=BT1 pid=55504 elapsed=192s
2026-08-30T14:52:13+00:00 RUN_HEARTBEAT terminal=BT2 pid=46212 elapsed=128s
2026-08-30T14:52:45+00:00 RUN_HEARTBEAT terminal=PROD pid=44384 elapsed=577s
2026-08-30T14:53:02+00:00 RUN_HEARTBEAT terminal=BT1 pid=55504 elapsed=257s
2026-08-30T14:53:18+00:00 RUN_HEARTBEAT terminal=BT2 pid=46212 elapsed=192s
2026-08-30T14:53:50+00:00 RUN_HEARTBEAT terminal=PROD pid=44384 elapsed=642s
2026-08-30T14:54:06+00:00 RUN_HEARTBEAT terminal=BT1 pid=55504 elapsed=321s
2026-08-30T14:54:22+00:00 RUN_HEARTBEAT terminal=BT2 pid=46212 elapsed=256s
2026-08-30T14:54:38+00:00 WAIT_MT5_IDLE terminal=PROD elapsed=1s pids=[53420]
2026-08-30T14:54:53+00:00 RUN_END id=OAFX1933 window=IS terminal=BT1 status=FAILED decision=RUN_FAILED elapsed=369.504s
2026-08-30T14:54:53+00:00 SCREEN_BYPASS [935/1000] id=OAFX1935 route=FULLBOOK_DIRECT reason=他枠の同時保有を参照するため、単独枠スクリーニングでは測定不能
2026-08-30T14:54:53+00:00 RUN_START id=OAFX1935 family=gj_overlap_stop_cap window=IS terminal=BT1 run=oafx_is_oafx1935_20260830235453_9e6280
2026-08-30T14:54:54+00:00 RUN_HEARTBEAT terminal=BT1 pid=47628 elapsed=0s
2026-08-30T14:55:25+00:00 RUN_HEARTBEAT terminal=BT2 pid=46212 elapsed=320s
2026-08-30T14:55:41+00:00 WAIT_MT5_IDLE terminal=PROD elapsed=64s pids=[53420]
2026-08-30T14:55:57+00:00 RUN_HEARTBEAT terminal=BT1 pid=47628 elapsed=63s
2026-08-30T14:56:14+00:00 KILL_ORPHAN_TESTER terminal=PROD pids=[53420] orphan_seconds=96
2026-08-30T14:56:29+00:00 RUN_HEARTBEAT terminal=BT2 pid=46212 elapsed=384s
2026-08-30T14:56:29+00:00 RUN_END id=OAFX1932 window=IS terminal=PROD status=OK decision=IS_REJECT elapsed=803.178s
2026-08-30T14:56:29+00:00 GATE_SKIP id=OAFX1932 window=OOS reason=IS_NOT_SURVIVOR decision=IS_REJECT net=270446.0 PF=1.3988 DD=41.3077%
2026-08-30T14:56:29+00:00 SCREEN_BYPASS [936/1000] id=OAFX1936 route=FULLBOOK_DIRECT reason=他枠の同時保有を参照するため、単独枠スクリーニングでは測定不能
2026-08-30T14:56:29+00:00 RUN_START id=OAFX1936 family=gj_overlap_stop_cap window=IS terminal=PROD run=oafx_is_oafx1936_20260830235629_2cbe9b
2026-08-30T14:56:31+00:00 RUN_HEARTBEAT terminal=PROD pid=19228 elapsed=0s
2026-08-30T14:57:01+00:00 RUN_HEARTBEAT terminal=BT1 pid=47628 elapsed=127s
2026-08-30T14:57:33+00:00 RUN_HEARTBEAT terminal=BT2 pid=46212 elapsed=448s
2026-08-30T14:57:34+00:00 RUN_HEARTBEAT terminal=PROD pid=19228 elapsed=63s
2026-08-30T14:58:05+00:00 RUN_HEARTBEAT terminal=BT1 pid=47628 elapsed=191s
2026-08-30T14:58:38+00:00 RUN_HEARTBEAT terminal=PROD pid=19228 elapsed=127s
2026-08-30T14:58:38+00:00 RUN_HEARTBEAT terminal=BT2 pid=46212 elapsed=513s
2026-08-30T14:59:10+00:00 RUN_HEARTBEAT terminal=BT1 pid=47628 elapsed=256s
2026-08-30T14:59:43+00:00 RUN_HEARTBEAT terminal=BT2 pid=46212 elapsed=578s
2026-08-30T14:59:43+00:00 RUN_HEARTBEAT terminal=PROD pid=19228 elapsed=192s
2026-08-30T15:00:15+00:00 RUN_HEARTBEAT terminal=BT1 pid=47628 elapsed=321s
2026-08-30T15:00:31+00:00 RUN_END id=OAFX1934 window=IS terminal=BT2 status=OK decision=IS_REJECT elapsed=627.243s
2026-08-30T15:00:31+00:00 GATE_SKIP id=OAFX1934 window=OOS reason=IS_NOT_SURVIVOR decision=IS_REJECT net=267843.0 PF=1.3905 DD=42.6277%
2026-08-30T15:00:31+00:00 SCREEN_BYPASS [937/1000] id=OAFX1937 route=FULLBOOK_DIRECT reason=他枠の同時保有を参照するため、単独枠スクリーニングでは測定不能
2026-08-30T15:00:31+00:00 DAILY_BASELINE_REFRESH_START date=2026-08-31
2026-08-30T15:00:31+00:00 RUN_START id=REGRESSION_BASELINE family=daily_baseline window=IS terminal=BT2 run=oafx_is_regression_baseline_20260831000031_a17a75
2026-08-30T15:00:32+00:00 RUN_HEARTBEAT terminal=BT2 pid=29540 elapsed=0s
2026-08-30T15:00:47+00:00 RUN_HEARTBEAT terminal=PROD pid=19228 elapsed=256s
2026-08-30T15:01:19+00:00 RUN_HEARTBEAT terminal=BT1 pid=47628 elapsed=385s
2026-08-30T15:01:36+00:00 RUN_HEARTBEAT terminal=BT2 pid=29540 elapsed=63s
2026-08-30T15:01:52+00:00 RUN_HEARTBEAT terminal=PROD pid=19228 elapsed=321s
2026-08-30T15:02:24+00:00 RUN_HEARTBEAT terminal=BT1 pid=47628 elapsed=449s
2026-08-30T15:02:40+00:00 RUN_HEARTBEAT terminal=BT2 pid=29540 elapsed=127s
2026-08-30T15:02:55+00:00 RUN_HEARTBEAT terminal=PROD pid=19228 elapsed=384s
2026-08-30T15:03:27+00:00 RUN_HEARTBEAT terminal=BT1 pid=47628 elapsed=513s
2026-08-30T15:03:43+00:00 RUN_HEARTBEAT terminal=BT2 pid=29540 elapsed=191s
2026-08-30T15:03:59+00:00 RUN_HEARTBEAT terminal=PROD pid=19228 elapsed=448s
2026-08-30T15:04:30+00:00 RUN_END id=OAFX1935 window=IS terminal=BT1 status=FAILED decision=RUN_FAILED elapsed=577.933s
2026-08-30T15:04:30+00:00 SCREEN_BYPASS [938/1000] id=OAFX1938 route=FULLBOOK_DIRECT reason=他枠の同時保有を参照するため、単独枠スクリーニングでは測定不能
2026-08-30T15:04:47+00:00 RUN_HEARTBEAT terminal=BT2 pid=29540 elapsed=255s
2026-08-30T15:05:03+00:00 RUN_HEARTBEAT terminal=PROD pid=19228 elapsed=512s
2026-08-30T15:05:50+00:00 RUN_HEARTBEAT terminal=BT2 pid=29540 elapsed=317s
2026-08-30T15:06:05+00:00 RUN_HEARTBEAT terminal=PROD pid=19228 elapsed=575s
2026-08-30T15:06:37+00:00 RUN_END id=OAFX1936 window=IS terminal=PROD status=OK decision=IS_REJECT elapsed=607.324s
2026-08-30T15:06:37+00:00 GATE_SKIP id=OAFX1936 window=OOS reason=IS_NOT_SURVIVOR decision=IS_REJECT net=274208.0 PF=1.3962 DD=43.2563%
2026-08-30T15:06:37+00:00 SCREEN_BYPASS [939/1000] id=OAFX1939 route=FULLBOOK_DIRECT reason=他枠の同時保有を参照するため、単独枠スクリーニングでは測定不能
2026-08-30T15:06:52+00:00 RUN_HEARTBEAT terminal=BT2 pid=29540 elapsed=380s
2026-08-30T15:07:55+00:00 RUN_HEARTBEAT terminal=BT2 pid=29540 elapsed=443s
2026-08-30T15:08:57+00:00 RUN_HEARTBEAT terminal=BT2 pid=29540 elapsed=505s
2026-08-30T15:10:00+00:00 RUN_END id=REGRESSION_BASELINE window=IS terminal=BT2 status=FAILED decision=RUN_FAILED elapsed=569.131s
2026-08-30T15:10:00+00:00 DAILY_BASELINE_REPORT_RECOVERED date=2026-08-31 window=IS net=279712.00 pf=1.3994 dd=34.8667 trades=1573
2026-08-30T15:10:00+00:00 RUN_START id=BASELINE_OOS family=baseline window=OOS terminal=BT2 run=oafx_oos_baseline_oos_20260831001000_ae35f1
2026-08-30T15:10:01+00:00 RUN_HEARTBEAT terminal=BT2 pid=55508 elapsed=0s
2026-08-30T15:11:03+00:00 RUN_HEARTBEAT terminal=BT2 pid=55508 elapsed=62s
2026-08-30T15:12:06+00:00 RUN_HEARTBEAT terminal=BT2 pid=55508 elapsed=125s
2026-08-30T15:13:08+00:00 RUN_HEARTBEAT terminal=BT2 pid=55508 elapsed=187s
2026-08-30T15:14:11+00:00 RUN_HEARTBEAT terminal=BT2 pid=55508 elapsed=250s
2026-08-30T15:14:58+00:00 RUN_END id=BASELINE_OOS window=OOS terminal=BT2 status=FAILED decision=RUN_FAILED elapsed=297.643s
2026-08-30T15:14:58+00:00 DAILY_BASELINE_REPORT_RECOVERED date=2026-08-31 window=OOS net=117124.00 pf=1.2182 dd=30.1366 trades=1354
2026-08-30T15:14:58+00:00 RUN_START id=BASELINE_SCREEN_IS family=daily_baseline window=SCREEN_IS terminal=BT2 run=oafx_screen_is_baseline_screen_is_20260831001458_ec39ed
2026-08-30T15:14:59+00:00 RUN_HEARTBEAT terminal=BT2 pid=6788 elapsed=0s
2026-08-30T15:16:01+00:00 RUN_HEARTBEAT terminal=BT2 pid=6788 elapsed=62s
2026-08-30T15:16:32+00:00 RUN_END id=BASELINE_SCREEN_IS window=SCREEN_IS terminal=BT2 status=FAILED decision=RUN_FAILED elapsed=94.627s
2026-08-30T15:16:32+00:00 DAILY_BASELINE_REPORT_RECOVERED date=2026-08-31 window=SCREEN_IS net=84921.00 pf=1.2184 dd=19.5314 trades=685
2026-08-30T15:16:32+00:00 DAILY_BASELINE_REFRESH_END IS=net:279712.00,pf:1.3994,dd:34.8667,trades:1573,source:ACTUAL_MT5 OOS=net:117124.00,pf:1.2182,dd:30.1366,trades:1354,source:ACTUAL_MT5 SCREEN_IS=net:84921.00,pf:1.2184,dd:19.5314,trades:685,source:ACTUAL_MT5
2026-08-30T15:16:32+00:00 RUN_START id=OAFX1937 family=gj_overlap_stop_cap window=IS terminal=BT2 run=oafx_is_oafx1937_20260831001632_e3a2e4
2026-08-30T15:16:32+00:00 RUN_START id=OAFX1938 family=gj_overlap_stop_cap window=IS terminal=BT1 run=oafx_is_oafx1938_20260831001632_4bb4ff
2026-08-30T15:16:32+00:00 RUN_START id=OAFX1939 family=gj_overlap_stop_cap window=IS terminal=PROD run=oafx_is_oafx1939_20260831001632_d979d9
2026-08-30T15:16:33+00:00 WAIT_LAUNCH_SLOT terminal=BT2 seconds=15.0
2026-08-30T15:16:33+00:00 WAIT_LAUNCH_SLOT terminal=PROD seconds=30.0
2026-08-30T15:16:34+00:00 RUN_HEARTBEAT terminal=BT1 pid=57324 elapsed=0s
2026-08-30T15:16:49+00:00 RUN_HEARTBEAT terminal=BT2 pid=44668 elapsed=0s
2026-08-30T15:17:05+00:00 RUN_HEARTBEAT terminal=PROD pid=41840 elapsed=0s
2026-08-30T15:17:37+00:00 RUN_HEARTBEAT terminal=BT1 pid=57324 elapsed=63s
2026-08-30T15:17:53+00:00 RUN_HEARTBEAT terminal=BT2 pid=44668 elapsed=64s
2026-08-30T15:18:09+00:00 RUN_HEARTBEAT terminal=PROD pid=41840 elapsed=65s
2026-08-30T15:18:41+00:00 RUN_HEARTBEAT terminal=BT1 pid=57324 elapsed=127s
2026-08-30T15:18:58+00:00 RUN_HEARTBEAT terminal=BT2 pid=44668 elapsed=128s
2026-08-30T15:19:14+00:00 RUN_HEARTBEAT terminal=PROD pid=41840 elapsed=130s
2026-08-30T15:19:46+00:00 RUN_HEARTBEAT terminal=BT1 pid=57324 elapsed=192s
2026-08-30T15:20:04+00:00 RUN_HEARTBEAT terminal=BT2 pid=44668 elapsed=193s
2026-08-30T15:20:20+00:00 RUN_HEARTBEAT terminal=PROD pid=41840 elapsed=196s
2026-08-30T15:20:52+00:00 RUN_HEARTBEAT terminal=BT1 pid=57324 elapsed=258s
2026-08-30T15:21:08+00:00 RUN_HEARTBEAT terminal=BT2 pid=44668 elapsed=259s
2026-08-30T15:21:24+00:00 RUN_HEARTBEAT terminal=PROD pid=41840 elapsed=260s
2026-08-30T15:21:56+00:00 RUN_HEARTBEAT terminal=BT1 pid=57324 elapsed=322s
2026-08-30T15:22:12+00:00 RUN_HEARTBEAT terminal=BT2 pid=44668 elapsed=323s
2026-08-30T15:22:28+00:00 RUN_HEARTBEAT terminal=PROD pid=41840 elapsed=324s
2026-08-30T15:23:01+00:00 RUN_HEARTBEAT terminal=BT1 pid=57324 elapsed=386s
2026-08-30T15:23:16+00:00 RUN_HEARTBEAT terminal=BT2 pid=44668 elapsed=388s
2026-08-30T15:23:32+00:00 RUN_HEARTBEAT terminal=PROD pid=41840 elapsed=388s
2026-08-30T15:24:04+00:00 RUN_HEARTBEAT terminal=BT1 pid=57324 elapsed=450s
2026-08-30T15:24:20+00:00 RUN_HEARTBEAT terminal=BT2 pid=44668 elapsed=451s
2026-08-30T15:24:36+00:00 RUN_HEARTBEAT terminal=PROD pid=41840 elapsed=452s
2026-08-30T15:25:08+00:00 RUN_HEARTBEAT terminal=BT1 pid=57324 elapsed=514s
2026-08-30T15:25:24+00:00 RUN_HEARTBEAT terminal=BT2 pid=44668 elapsed=515s
2026-08-30T15:25:40+00:00 RUN_HEARTBEAT terminal=PROD pid=41840 elapsed=516s
2026-08-30T15:26:13+00:00 RUN_HEARTBEAT terminal=BT1 pid=57324 elapsed=579s
2026-08-30T15:26:29+00:00 RUN_HEARTBEAT terminal=BT2 pid=44668 elapsed=580s
2026-08-30T15:26:44+00:00 RUN_HEARTBEAT terminal=PROD pid=41840 elapsed=581s
2026-08-30T15:26:45+00:00 RUN_END id=OAFX1938 window=IS terminal=BT1 status=OK decision=IS_REJECT elapsed=612.160s
2026-08-30T15:26:45+00:00 GATE_SKIP id=OAFX1938 window=OOS reason=IS_NOT_SURVIVOR decision=IS_REJECT net=270742.0 PF=1.3862 DD=44.7956%
2026-08-30T15:26:45+00:00 SCREEN_BYPASS [940/1000] id=OAFX1940 route=FULLBOOK_DIRECT reason=他枠の同時保有を参照するため、単独枠スクリーニングでは測定不能
2026-08-30T15:26:45+00:00 RUN_START id=OAFX1940 family=gj_overlap_stop_cap window=IS terminal=BT1 run=oafx_is_oafx1940_20260831002645_12e630
2026-08-30T15:26:46+00:00 RUN_HEARTBEAT terminal=BT1 pid=57012 elapsed=0s
2026-08-30T15:27:32+00:00 RUN_HEARTBEAT terminal=BT2 pid=44668 elapsed=643s
2026-08-30T15:27:48+00:00 RUN_HEARTBEAT terminal=PROD pid=41840 elapsed=644s
2026-08-30T15:27:49+00:00 RUN_HEARTBEAT terminal=BT1 pid=57012 elapsed=63s
2026-08-30T15:28:36+00:00 WAIT_MT5_IDLE terminal=PROD elapsed=1s pids=[24560]
2026-08-30T15:28:36+00:00 RUN_END id=OAFX1937 window=IS terminal=BT2 status=OK decision=IS_REJECT elapsed=723.946s
2026-08-30T15:28:36+00:00 GATE_SKIP id=OAFX1937 window=OOS reason=IS_NOT_SURVIVOR decision=IS_REJECT net=273739.0 PF=1.3932 DD=44.6892%
2026-08-30T15:28:36+00:00 SCREEN_BYPASS [941/1000] id=OAFX1941 route=FULLBOOK_DIRECT reason=他枠の同時保有を参照するため、単独枠スクリーニングでは測定不能
2026-08-30T15:28:36+00:00 RUN_START id=OAFX1941 family=gj_overlap_stop_cap window=IS terminal=BT2 run=oafx_is_oafx1941_20260831002836_227616
2026-08-30T15:28:38+00:00 RUN_HEARTBEAT terminal=BT2 pid=52468 elapsed=0s
2026-08-30T15:28:52+00:00 RUN_HEARTBEAT terminal=BT1 pid=57012 elapsed=126s
2026-08-30T15:29:41+00:00 WAIT_MT5_IDLE terminal=PROD elapsed=65s pids=[24560]
2026-08-30T15:29:41+00:00 RUN_HEARTBEAT terminal=BT2 pid=52468 elapsed=63s
2026-08-30T15:29:56+00:00 RUN_HEARTBEAT terminal=BT1 pid=57012 elapsed=190s
2026-08-30T15:30:12+00:00 KILL_ORPHAN_TESTER terminal=PROD pids=[24560] orphan_seconds=96
2026-08-30T15:30:28+00:00 RUN_END id=OAFX1939 window=IS terminal=PROD status=OK decision=IS_REJECT elapsed=835.713s
2026-08-30T15:30:28+00:00 GATE_SKIP id=OAFX1939 window=OOS reason=IS_NOT_SURVIVOR decision=IS_REJECT net=279620.0 PF=1.3997 DD=34.8667%
2026-08-30T15:30:28+00:00 SCREEN_BYPASS [942/1000] id=OAFX1942 route=FULLBOOK_DIRECT reason=他枠の同時保有を参照するため、単独枠スクリーニングでは測定不能
2026-08-30T15:30:28+00:00 RUN_START id=OAFX1942 family=gj_overlap_stop_cap window=IS terminal=PROD run=oafx_is_oafx1942_20260831003028_8f23ec
2026-08-30T15:30:29+00:00 RUN_HEARTBEAT terminal=PROD pid=34680 elapsed=0s
2026-08-30T15:30:44+00:00 RUN_HEARTBEAT terminal=BT2 pid=52468 elapsed=126s
2026-08-30T15:30:59+00:00 RUN_HEARTBEAT terminal=BT1 pid=57012 elapsed=253s
2026-08-30T15:31:32+00:00 RUN_HEARTBEAT terminal=PROD pid=34680 elapsed=63s
2026-08-30T15:31:48+00:00 RUN_HEARTBEAT terminal=BT2 pid=52468 elapsed=190s
2026-08-30T15:32:04+00:00 RUN_HEARTBEAT terminal=BT1 pid=57012 elapsed=317s
2026-08-30T15:32:36+00:00 RUN_HEARTBEAT terminal=PROD pid=34680 elapsed=126s
2026-08-30T15:32:52+00:00 RUN_HEARTBEAT terminal=BT2 pid=52468 elapsed=254s
2026-08-30T15:33:08+00:00 RUN_HEARTBEAT terminal=BT1 pid=57012 elapsed=382s
2026-08-30T15:33:41+00:00 RUN_HEARTBEAT terminal=PROD pid=34680 elapsed=191s
2026-08-30T15:33:57+00:00 RUN_HEARTBEAT terminal=BT2 pid=52468 elapsed=319s
2026-08-30T15:34:14+00:00 RUN_HEARTBEAT terminal=BT1 pid=57012 elapsed=447s
2026-08-30T15:34:46+00:00 RUN_HEARTBEAT terminal=PROD pid=34680 elapsed=256s
2026-08-30T15:35:01+00:00 RUN_END id=OAFX1941 window=IS terminal=BT2 status=FAILED decision=RUN_FAILED elapsed=384.481s
2026-08-30T15:35:01+00:00 SCREEN_BYPASS [943/1000] id=OAFX1943 route=FULLBOOK_DIRECT reason=他枠の同時保有を参照するため、単独枠スクリーニングでは測定不能
2026-08-30T15:35:01+00:00 RUN_START id=OAFX1943 family=gj_overlap_stop_cap window=IS terminal=BT2 run=oafx_is_oafx1943_20260831003501_ad5029
2026-08-30T15:35:02+00:00 RUN_HEARTBEAT terminal=BT2 pid=25428 elapsed=0s
2026-08-30T15:35:17+00:00 RUN_HEARTBEAT terminal=BT1 pid=57012 elapsed=511s
2026-08-30T15:35:49+00:00 RUN_HEARTBEAT terminal=PROD pid=34680 elapsed=319s
2026-08-30T15:36:06+00:00 RUN_HEARTBEAT terminal=BT2 pid=25428 elapsed=63s
2026-08-30T15:36:22+00:00 RUN_HEARTBEAT terminal=BT1 pid=57012 elapsed=576s
2026-08-30T15:36:55+00:00 RUN_HEARTBEAT terminal=PROD pid=34680 elapsed=385s
2026-08-30T15:37:11+00:00 RUN_HEARTBEAT terminal=BT2 pid=25428 elapsed=128s
2026-08-30T15:37:27+00:00 RUN_HEARTBEAT terminal=BT1 pid=57012 elapsed=640s
2026-08-30T15:37:59+00:00 RUN_HEARTBEAT terminal=PROD pid=34680 elapsed=449s
2026-08-30T15:38:15+00:00 RUN_HEARTBEAT terminal=BT2 pid=25428 elapsed=192s
2026-08-30T15:38:15+00:00 RUN_END id=OAFX1940 window=IS terminal=BT1 status=OK decision=IS_REJECT elapsed=690.240s
2026-08-30T15:38:15+00:00 GATE_SKIP id=OAFX1940 window=OOS reason=IS_NOT_SURVIVOR decision=IS_REJECT net=281557.0 PF=1.4031 DD=34.8667%
2026-08-30T15:38:15+00:00 SCREEN_BYPASS [944/1000] id=OAFX1944 route=FULLBOOK_DIRECT reason=他枠の同時保有を参照するため、単独枠スクリーニングでは測定不能
2026-08-30T15:38:15+00:00 RUN_START id=OAFX1944 family=gj_overlap_stop_cap window=IS terminal=BT1 run=oafx_is_oafx1944_20260831003815_dac26a
2026-08-30T15:38:16+00:00 RUN_HEARTBEAT terminal=BT1 pid=30264 elapsed=0s
2026-08-30T15:39:02+00:00 RUN_HEARTBEAT terminal=PROD pid=34680 elapsed=513s
2026-08-30T15:39:18+00:00 RUN_HEARTBEAT terminal=BT2 pid=25428 elapsed=256s
2026-08-30T15:39:19+00:00 RUN_HEARTBEAT terminal=BT1 pid=30264 elapsed=63s
2026-08-30T15:40:07+00:00 RUN_HEARTBEAT terminal=PROD pid=34680 elapsed=576s
2026-08-30T15:40:23+00:00 RUN_HEARTBEAT terminal=BT1 pid=30264 elapsed=126s
2026-08-30T15:40:23+00:00 RUN_HEARTBEAT terminal=BT2 pid=25428 elapsed=320s
2026-08-30T15:41:11+00:00 RUN_HEARTBEAT terminal=PROD pid=34680 elapsed=641s
2026-08-30T15:41:27+00:00 RUN_HEARTBEAT terminal=BT2 pid=25428 elapsed=384s
2026-08-30T15:41:27+00:00 RUN_HEARTBEAT terminal=BT1 pid=30264 elapsed=190s
2026-08-30T15:42:16+00:00 RUN_HEARTBEAT terminal=PROD pid=34680 elapsed=705s
2026-08-30T15:42:32+00:00 RUN_HEARTBEAT terminal=BT2 pid=25428 elapsed=449s
2026-08-30T15:42:32+00:00 RUN_HEARTBEAT terminal=BT1 pid=30264 elapsed=255s
2026-08-30T15:42:47+00:00 RUN_END id=OAFX1942 window=IS terminal=PROD status=OK decision=IS_REJECT elapsed=739.335s
2026-08-30T15:42:47+00:00 GATE_SKIP id=OAFX1942 window=OOS reason=IS_NOT_SURVIVOR decision=IS_REJECT net=271696.0 PF=1.4359 DD=39.8222%
2026-08-30T15:42:47+00:00 SCREEN_BYPASS [945/1000] id=OAFX1945 route=FULLBOOK_DIRECT reason=他枠の同時保有を参照するため、単独枠スクリーニングでは測定不能
2026-08-30T15:42:47+00:00 RUN_START id=OAFX1945 family=gj_overlap_stop_cap window=IS terminal=PROD run=oafx_is_oafx1945_20260831004247_9f7b44
2026-08-30T15:42:49+00:00 RUN_HEARTBEAT terminal=PROD pid=46788 elapsed=0s
2026-08-30T15:43:36+00:00 RUN_HEARTBEAT terminal=BT1 pid=30264 elapsed=319s
2026-08-30T15:43:36+00:00 RUN_HEARTBEAT terminal=BT2 pid=25428 elapsed=513s
2026-08-30T15:43:52+00:00 RUN_HEARTBEAT terminal=PROD pid=46788 elapsed=63s
2026-08-30T15:44:40+00:00 RUN_HEARTBEAT terminal=BT1 pid=30264 elapsed=384s
2026-08-30T15:44:40+00:00 RUN_HEARTBEAT terminal=BT2 pid=25428 elapsed=577s
2026-08-30T15:44:56+00:00 RUN_HEARTBEAT terminal=PROD pid=46788 elapsed=127s
2026-08-30T15:45:45+00:00 RUN_HEARTBEAT terminal=BT1 pid=30264 elapsed=448s
2026-08-30T15:45:45+00:00 RUN_HEARTBEAT terminal=BT2 pid=25428 elapsed=642s
2026-08-30T15:46:00+00:00 RUN_END id=OAFX1945 window=IS terminal=PROD status=FAILED decision=RUN_FAILED elapsed=192.611s
2026-08-30T15:46:00+00:00 SCREEN_BYPASS [946/1000] id=OAFX1946 route=FULLBOOK_DIRECT reason=他枠の同時保有を参照するため、単独枠スクリーニングでは測定不能
2026-08-30T15:46:00+00:00 RUN_START id=OAFX1946 family=gj_overlap_stop_cap window=IS terminal=PROD run=oafx_is_oafx1946_20260831004600_935150
2026-08-30T15:46:02+00:00 RUN_HEARTBEAT terminal=PROD pid=25136 elapsed=0s
2026-08-30T15:46:17+00:00 RUN_END id=OAFX1943 window=IS terminal=BT2 status=OK decision=IS_REJECT elapsed=675.762s
2026-08-30T15:46:17+00:00 GATE_SKIP id=OAFX1943 window=OOS reason=IS_NOT_SURVIVOR decision=IS_REJECT net=285312.0 PF=1.4515 DD=42.1454%
2026-08-30T15:46:17+00:00 SCREEN_BYPASS [947/1000] id=OAFX1947 route=FULLBOOK_DIRECT reason=他枠の同時保有を参照するため、単独枠スクリーニングでは測定不能
2026-08-30T15:46:17+00:00 RUN_START id=OAFX1947 family=gj_overlap_stop_cap window=IS terminal=BT2 run=oafx_is_oafx1947_20260831004617_9d79d3
2026-08-30T15:46:18+00:00 RUN_HEARTBEAT terminal=BT2 pid=28432 elapsed=0s
2026-08-30T15:46:49+00:00 RUN_HEARTBEAT terminal=BT1 pid=30264 elapsed=512s
2026-08-30T15:47:04+00:00 RUN_HEARTBEAT terminal=PROD pid=25136 elapsed=63s
2026-08-30T15:47:21+00:00 RUN_HEARTBEAT terminal=BT2 pid=28432 elapsed=63s
2026-08-30T15:47:52+00:00 RUN_HEARTBEAT terminal=BT1 pid=30264 elapsed=576s
2026-08-30T15:48:09+00:00 RUN_HEARTBEAT terminal=PROD pid=25136 elapsed=127s
2026-08-30T15:48:27+00:00 RUN_HEARTBEAT terminal=BT2 pid=28432 elapsed=126s
2026-08-30T15:48:59+00:00 RUN_HEARTBEAT terminal=BT1 pid=30264 elapsed=642s
2026-08-30T15:49:15+00:00 RUN_HEARTBEAT terminal=PROD pid=25136 elapsed=193s
2026-08-30T15:49:31+00:00 RUN_HEARTBEAT terminal=BT2 pid=28432 elapsed=193s
2026-08-30T15:49:31+00:00 RUN_END id=OAFX1944 window=IS terminal=BT1 status=OK decision=IS_REJECT elapsed=675.879s
2026-08-30T15:49:31+00:00 GATE_SKIP id=OAFX1944 window=OOS reason=IS_NOT_SURVIVOR decision=IS_REJECT net=285305.0 PF=1.4439 DD=45.4512%
2026-08-30T15:49:31+00:00 SCREEN_BYPASS [948/1000] id=OAFX1948 route=FULLBOOK_DIRECT reason=他枠の同時保有を参照するため、単独枠スクリーニングでは測定不能
2026-08-30T15:49:31+00:00 RUN_START id=OAFX1948 family=gj_overlap_stop_cap window=IS terminal=BT1 run=oafx_is_oafx1948_20260831004931_88133f
2026-08-30T15:49:32+00:00 RUN_HEARTBEAT terminal=BT1 pid=52424 elapsed=0s
2026-08-30T15:50:19+00:00 RUN_HEARTBEAT terminal=PROD pid=25136 elapsed=257s
2026-08-30T15:50:35+00:00 RUN_HEARTBEAT terminal=BT2 pid=28432 elapsed=256s
2026-08-30T15:50:35+00:00 RUN_HEARTBEAT terminal=BT1 pid=52424 elapsed=63s
2026-08-30T15:51:23+00:00 RUN_HEARTBEAT terminal=PROD pid=25136 elapsed=321s
2026-08-30T15:51:39+00:00 RUN_HEARTBEAT terminal=BT2 pid=28432 elapsed=321s
2026-08-30T15:51:39+00:00 RUN_HEARTBEAT terminal=BT1 pid=52424 elapsed=127s
2026-08-30T15:52:28+00:00 RUN_HEARTBEAT terminal=PROD pid=25136 elapsed=386s
2026-08-30T15:52:44+00:00 RUN_HEARTBEAT terminal=BT2 pid=28432 elapsed=386s
2026-08-30T15:52:44+00:00 RUN_HEARTBEAT terminal=BT1 pid=52424 elapsed=191s
2026-08-30T15:53:32+00:00 RUN_HEARTBEAT terminal=PROD pid=25136 elapsed=450s
2026-08-30T15:53:48+00:00 RUN_HEARTBEAT terminal=BT2 pid=28432 elapsed=450s
2026-08-30T15:53:48+00:00 RUN_HEARTBEAT terminal=BT1 pid=52424 elapsed=256s
2026-08-30T15:54:03+00:00 RUN_END id=OAFX1946 window=IS terminal=PROD status=FAILED decision=RUN_FAILED elapsed=483.111s
2026-08-30T15:54:03+00:00 SCREEN_BYPASS [949/1000] id=OAFX1949 route=FULLBOOK_DIRECT reason=他枠の同時保有を参照するため、単独枠スクリーニングでは測定不能
2026-08-30T15:54:03+00:00 RUN_START id=OAFX1949 family=gj_overlap_stop_cap window=IS terminal=PROD run=oafx_is_oafx1949_20260831005403_20cdf7
2026-08-30T15:54:05+00:00 RUN_HEARTBEAT terminal=PROD pid=34944 elapsed=0s
2026-08-30T15:54:52+00:00 RUN_HEARTBEAT terminal=BT1 pid=52424 elapsed=320s
2026-08-30T15:54:52+00:00 RUN_HEARTBEAT terminal=BT2 pid=28432 elapsed=514s
2026-08-30T15:55:08+00:00 RUN_HEARTBEAT terminal=PROD pid=34944 elapsed=63s
2026-08-30T15:55:56+00:00 RUN_HEARTBEAT terminal=BT1 pid=52424 elapsed=384s
2026-08-30T15:55:56+00:00 RUN_HEARTBEAT terminal=BT2 pid=28432 elapsed=578s
2026-08-30T15:56:12+00:00 RUN_HEARTBEAT terminal=PROD pid=34944 elapsed=127s
2026-08-30T15:57:01+00:00 RUN_HEARTBEAT terminal=BT2 pid=28432 elapsed=643s
2026-08-30T15:57:01+00:00 RUN_HEARTBEAT terminal=BT1 pid=52424 elapsed=449s
2026-08-30T15:57:17+00:00 RUN_HEARTBEAT terminal=PROD pid=34944 elapsed=192s
2026-08-30T15:58:04+00:00 RUN_HEARTBEAT terminal=BT1 pid=52424 elapsed=512s
2026-08-30T15:58:04+00:00 RUN_END id=OAFX1947 window=IS terminal=BT2 status=OK decision=IS_REJECT elapsed=707.902s
2026-08-30T15:58:04+00:00 GATE_SKIP id=OAFX1947 window=OOS reason=IS_NOT_SURVIVOR decision=IS_REJECT net=267572.0 PF=1.3944 DD=50.8544%
2026-08-30T15:58:04+00:00 SCREEN_BYPASS [950/1000] id=OAFX1950 route=FULLBOOK_DIRECT reason=他枠の同時保有を参照するため、単独枠スクリーニングでは測定不能
2026-08-30T15:58:04+00:00 RUN_START id=OAFX1950 family=gj_overlap_stop_cap window=IS terminal=BT2 run=oafx_is_oafx1950_20260831005804_e797f6
2026-08-30T15:58:06+00:00 RUN_HEARTBEAT terminal=BT2 pid=20104 elapsed=0s
2026-08-30T15:58:21+00:00 RUN_HEARTBEAT terminal=PROD pid=34944 elapsed=255s
2026-08-30T15:59:09+00:00 RUN_HEARTBEAT terminal=BT1 pid=52424 elapsed=576s
2026-08-30T15:59:09+00:00 RUN_HEARTBEAT terminal=BT2 pid=20104 elapsed=63s
2026-08-30T15:59:25+00:00 RUN_HEARTBEAT terminal=PROD pid=34944 elapsed=320s
2026-08-30T16:00:13+00:00 RUN_HEARTBEAT terminal=BT1 pid=52424 elapsed=641s
2026-08-30T16:00:13+00:00 RUN_HEARTBEAT terminal=BT2 pid=20104 elapsed=127s
2026-08-30T16:00:29+00:00 RUN_HEARTBEAT terminal=PROD pid=34944 elapsed=384s
2026-08-30T16:01:01+00:00 RUN_END id=OAFX1948 window=IS terminal=BT1 status=OK decision=IS_REJECT elapsed=690.431s
2026-08-30T16:01:01+00:00 GATE_SKIP id=OAFX1948 window=OOS reason=IS_NOT_SURVIVOR decision=IS_REJECT net=267388.0 PF=1.3893 DD=53.3879%
2026-08-30T16:01:01+00:00 SCREEN_BYPASS [951/1000] id=OAFX1951 route=FULLBOOK_DIRECT reason=他枠の同時保有を参照するため、単独枠スクリーニングでは測定不能
2026-08-30T16:01:01+00:00 RUN_START id=OAFX1951 family=gj_overlap_stop_cap window=IS terminal=BT1 run=oafx_is_oafx1951_20260831010101_42dbea
2026-08-30T16:01:02+00:00 RUN_HEARTBEAT terminal=BT1 pid=49248 elapsed=0s
2026-08-30T16:01:17+00:00 RUN_HEARTBEAT terminal=BT2 pid=20104 elapsed=191s
2026-08-30T16:01:33+00:00 RUN_HEARTBEAT terminal=PROD pid=34944 elapsed=448s
2026-08-30T16:02:05+00:00 RUN_HEARTBEAT terminal=BT1 pid=49248 elapsed=63s
2026-08-30T16:02:21+00:00 RUN_HEARTBEAT terminal=BT2 pid=20104 elapsed=255s
2026-08-30T16:02:37+00:00 RUN_HEARTBEAT terminal=PROD pid=34944 elapsed=512s
2026-08-30T16:03:10+00:00 RUN_HEARTBEAT terminal=BT1 pid=49248 elapsed=126s
2026-08-30T16:03:26+00:00 RUN_HEARTBEAT terminal=BT2 pid=20104 elapsed=320s
2026-08-30T16:03:42+00:00 RUN_HEARTBEAT terminal=PROD pid=34944 elapsed=577s
2026-08-30T16:04:14+00:00 RUN_HEARTBEAT terminal=BT1 pid=49248 elapsed=192s
2026-08-30T16:04:29+00:00 RUN_END id=OAFX1951 window=IS terminal=BT1 status=FAILED decision=RUN_FAILED elapsed=208.298s
2026-08-30T16:04:29+00:00 SCREEN_BYPASS [952/1000] id=OAFX1952 route=FULLBOOK_DIRECT reason=他枠の同時保有を参照するため、単独枠スクリーニングでは測定不能
2026-08-30T16:04:29+00:00 RUN_START id=OAFX1952 family=gj_overlap_stop_cap window=IS terminal=BT1 run=oafx_is_oafx1952_20260831010429_462a3a
2026-08-30T16:04:30+00:00 RUN_HEARTBEAT terminal=BT2 pid=20104 elapsed=384s
2026-08-30T16:04:31+00:00 RUN_HEARTBEAT terminal=BT1 pid=56956 elapsed=0s
2026-08-30T16:04:46+00:00 RUN_HEARTBEAT terminal=PROD pid=34944 elapsed=641s
2026-08-30T16:05:35+00:00 WAIT_MT5_IDLE terminal=PROD elapsed=1s pids=[46988]
2026-08-30T16:05:35+00:00 RUN_HEARTBEAT terminal=BT2 pid=20104 elapsed=449s
2026-08-30T16:05:35+00:00 RUN_HEARTBEAT terminal=BT1 pid=56956 elapsed=63s
2026-08-30T16:06:39+00:00 WAIT_MT5_IDLE terminal=PROD elapsed=65s pids=[46988]
2026-08-30T16:06:39+00:00 RUN_HEARTBEAT terminal=BT1 pid=56956 elapsed=128s
2026-08-30T16:06:39+00:00 RUN_HEARTBEAT terminal=BT2 pid=20104 elapsed=513s
2026-08-30T16:07:11+00:00 KILL_ORPHAN_TESTER terminal=PROD pids=[46988] orphan_seconds=96
2026-08-30T16:07:27+00:00 RUN_END id=OAFX1949 window=IS terminal=PROD status=OK decision=IS_SURVIVOR_DD elapsed=804.074s
2026-08-30T16:07:27+00:00 RUN_START id=OAFX1949 family=gj_overlap_stop_cap window=OOS terminal=PROD run=oafx_oos_oafx1949_20260831010727_8861c0
2026-08-30T16:07:29+00:00 RUN_HEARTBEAT terminal=PROD pid=21336 elapsed=0s
2026-08-30T16:07:43+00:00 RUN_HEARTBEAT terminal=BT2 pid=20104 elapsed=577s
2026-08-30T16:07:43+00:00 RUN_HEARTBEAT terminal=BT1 pid=56956 elapsed=192s
2026-08-30T16:08:31+00:00 RUN_HEARTBEAT terminal=PROD pid=21336 elapsed=63s
2026-08-30T16:08:47+00:00 RUN_HEARTBEAT terminal=BT1 pid=56956 elapsed=256s
2026-08-30T16:08:47+00:00 RUN_HEARTBEAT terminal=BT2 pid=20104 elapsed=641s
2026-08-30T16:09:35+00:00 RUN_HEARTBEAT terminal=PROD pid=21336 elapsed=126s
2026-08-30T16:09:35+00:00 RUN_END id=OAFX1950 window=IS terminal=BT2 status=OK decision=IS_SURVIVOR_STRICT elapsed=690.425s
2026-08-30T16:09:35+00:00 RUN_START id=OAFX1950 family=gj_overlap_stop_cap window=OOS terminal=BT2 run=oafx_oos_oafx1950_20260831010935_78198e
2026-08-30T16:09:36+00:00 RUN_HEARTBEAT terminal=BT2 pid=52924 elapsed=0s
2026-08-30T16:09:51+00:00 RUN_HEARTBEAT terminal=BT1 pid=56956 elapsed=320s
2026-08-30T16:10:39+00:00 RUN_HEARTBEAT terminal=PROD pid=21336 elapsed=190s
2026-08-30T16:10:39+00:00 RUN_HEARTBEAT terminal=BT2 pid=52924 elapsed=63s
2026-08-30T16:10:55+00:00 RUN_HEARTBEAT terminal=BT1 pid=56956 elapsed=384s
2026-08-30T16:11:43+00:00 RUN_HEARTBEAT terminal=PROD pid=21336 elapsed=254s
2026-08-30T16:11:43+00:00 RUN_HEARTBEAT terminal=BT2 pid=52924 elapsed=127s
2026-08-30T16:11:59+00:00 RUN_HEARTBEAT terminal=BT1 pid=56956 elapsed=448s
2026-08-30T16:12:47+00:00 RUN_HEARTBEAT terminal=PROD pid=21336 elapsed=318s
2026-08-30T16:12:47+00:00 RUN_HEARTBEAT terminal=BT2 pid=52924 elapsed=191s
2026-08-30T16:13:03+00:00 RUN_HEARTBEAT terminal=BT1 pid=56956 elapsed=512s
2026-08-30T16:13:52+00:00 RUN_HEARTBEAT terminal=BT2 pid=52924 elapsed=255s
2026-08-30T16:13:52+00:00 RUN_HEARTBEAT terminal=PROD pid=21336 elapsed=382s
2026-08-30T16:14:07+00:00 RUN_HEARTBEAT terminal=BT1 pid=56956 elapsed=576s
2026-08-30T16:14:56+00:00 RUN_HEARTBEAT terminal=BT2 pid=52924 elapsed=319s
2026-08-30T16:14:56+00:00 RUN_HEARTBEAT terminal=PROD pid=21336 elapsed=447s
2026-08-30T16:15:12+00:00 RUN_HEARTBEAT terminal=BT1 pid=56956 elapsed=640s
2026-08-30T16:15:43+00:00 RUN_END id=OAFX1952 window=IS terminal=BT1 status=OK decision=IS_REJECT elapsed=674.011s
2026-08-30T16:15:43+00:00 GATE_SKIP id=OAFX1952 window=OOS reason=IS_NOT_SURVIVOR decision=IS_REJECT net=261181.0 PF=1.4638 DD=35.3529%
2026-08-30T16:15:43+00:00 SCREEN_BYPASS [953/1000] id=OAFX1953 route=FULLBOOK_DIRECT reason=他枠の同時保有を参照するため、単独枠スクリーニングでは測定不能
2026-08-30T16:15:43+00:00 RUN_START id=OAFX1953 family=gj_overlap_stop_cap window=IS terminal=BT1 run=oafx_is_oafx1953_20260831011543_7bcd3d
2026-08-30T16:15:45+00:00 RUN_HEARTBEAT terminal=BT1 pid=36140 elapsed=0s
2026-08-30T16:15:59+00:00 RUN_HEARTBEAT terminal=PROD pid=21336 elapsed=510s
2026-08-30T16:15:59+00:00 RUN_HEARTBEAT terminal=BT2 pid=52924 elapsed=383s
2026-08-30T16:16:47+00:00 WAIT_MT5_IDLE terminal=PROD elapsed=1s pids=[13248]
2026-08-30T16:16:47+00:00 RUN_HEARTBEAT terminal=BT1 pid=36140 elapsed=63s
2026-08-30T16:17:03+00:00 RUN_HEARTBEAT terminal=BT2 pid=52924 elapsed=446s
2026-08-30T16:17:50+00:00 WAIT_MT5_IDLE terminal=PROD elapsed=64s pids=[13248]
2026-08-30T16:17:50+00:00 RUN_HEARTBEAT terminal=BT1 pid=36140 elapsed=125s
2026-08-30T16:18:06+00:00 RUN_HEARTBEAT terminal=BT2 pid=52924 elapsed=509s
2026-08-30T16:18:22+00:00 KILL_ORPHAN_TESTER terminal=PROD pids=[13248] orphan_seconds=95
2026-08-30T16:18:38+00:00 RUN_END id=OAFX1949 window=OOS terminal=PROD status=OK decision=REJECT elapsed=670.017s
2026-08-30T16:18:38+00:00 SCREEN_BYPASS [954/1000] id=OAFX1954 route=FULLBOOK_DIRECT reason=他枠の同時保有を参照するため、単独枠スクリーニングでは測定不能
2026-08-30T16:18:38+00:00 RUN_START id=OAFX1954 family=gj_overlap_stop_cap window=IS terminal=PROD run=oafx_is_oafx1954_20260831011838_5b7047
2026-08-30T16:18:39+00:00 RUN_HEARTBEAT terminal=PROD pid=27872 elapsed=0s
2026-08-30T16:18:53+00:00 RUN_HEARTBEAT terminal=BT1 pid=36140 elapsed=188s
2026-08-30T16:18:53+00:00 RUN_END id=OAFX1950 window=OOS terminal=BT2 status=OK decision=NOISE_BAND elapsed=557.935s
2026-08-30T16:18:53+00:00 SCREEN_BYPASS [955/1000] id=OAFX1955 route=FULLBOOK_DIRECT reason=他枠の同時保有を参照するため、単独枠スクリーニングでは測定不能
2026-08-30T16:18:53+00:00 RUN_START id=OAFX1955 family=gj_overlap_stop_cap window=IS terminal=BT2 run=oafx_is_oafx1955_20260831011853_6d64ab
2026-08-30T16:18:54+00:00 RUN_HEARTBEAT terminal=BT2 pid=54452 elapsed=0s
2026-08-30T16:19:43+00:00 RUN_HEARTBEAT terminal=PROD pid=27872 elapsed=64s
2026-08-30T16:19:58+00:00 RUN_HEARTBEAT terminal=BT1 pid=36140 elapsed=252s
2026-08-30T16:19:58+00:00 RUN_HEARTBEAT terminal=BT2 pid=54452 elapsed=64s
2026-08-30T16:20:46+00:00 RUN_HEARTBEAT terminal=PROD pid=27872 elapsed=127s
2026-08-30T16:21:02+00:00 RUN_HEARTBEAT terminal=BT1 pid=36140 elapsed=316s
2026-08-30T16:21:02+00:00 RUN_HEARTBEAT terminal=BT2 pid=54452 elapsed=127s
2026-08-30T16:21:50+00:00 RUN_HEARTBEAT terminal=PROD pid=27872 elapsed=190s
2026-08-30T16:22:06+00:00 RUN_HEARTBEAT terminal=BT1 pid=36140 elapsed=381s
2026-08-30T16:22:06+00:00 RUN_HEARTBEAT terminal=BT2 pid=54452 elapsed=191s
2026-08-30T16:22:55+00:00 RUN_HEARTBEAT terminal=PROD pid=27872 elapsed=256s
2026-08-30T16:23:12+00:00 RUN_HEARTBEAT terminal=BT2 pid=54452 elapsed=256s
2026-08-30T16:23:12+00:00 RUN_HEARTBEAT terminal=BT1 pid=36140 elapsed=446s
2026-08-30T16:24:00+00:00 RUN_HEARTBEAT terminal=PROD pid=27872 elapsed=320s
2026-08-30T16:24:16+00:00 RUN_HEARTBEAT terminal=BT2 pid=54452 elapsed=321s
2026-08-30T16:24:16+00:00 RUN_HEARTBEAT terminal=BT1 pid=36140 elapsed=510s
2026-08-30T16:25:04+00:00 RUN_HEARTBEAT terminal=PROD pid=27872 elapsed=384s
2026-08-30T16:25:20+00:00 RUN_HEARTBEAT terminal=BT2 pid=54452 elapsed=385s
2026-08-30T16:25:20+00:00 RUN_HEARTBEAT terminal=BT1 pid=36140 elapsed=575s
2026-08-30T16:26:08+00:00 RUN_HEARTBEAT terminal=PROD pid=27872 elapsed=449s
2026-08-30T16:26:24+00:00 RUN_HEARTBEAT terminal=BT1 pid=36140 elapsed=639s
2026-08-30T16:26:24+00:00 RUN_HEARTBEAT terminal=BT2 pid=54452 elapsed=450s
2026-08-30T16:26:39+00:00 RUN_END id=OAFX1954 window=IS terminal=PROD status=FAILED decision=RUN_FAILED elapsed=481.818s
2026-08-30T16:26:39+00:00 SCREEN_BYPASS [956/1000] id=OAFX1956 route=FULLBOOK_DIRECT reason=他枠の同時保有を参照するため、単独枠スクリーニングでは測定不能
2026-08-30T16:26:39+00:00 SKIP_EXISTING [956/1000] id=OAFX1956 window=IS
2026-08-30T16:26:39+00:00 GATE_SKIP id=OAFX1956 window=OOS reason=IS_NOT_SURVIVOR decision=IS_REJECT net=268432.0 PF=1.4181 DD=41.0004%
2026-08-30T16:26:39+00:00 SCREEN_BYPASS [957/1000] id=OAFX1957 route=FULLBOOK_DIRECT reason=他枠の同時保有を参照するため、単独枠スクリーニングでは測定不能
2026-08-30T16:26:39+00:00 RUN_START id=OAFX1957 family=gj_overlap_stop_cap window=IS terminal=PROD run=oafx_is_oafx1957_20260831012639_b5fd26
2026-08-30T16:26:41+00:00 RUN_HEARTBEAT terminal=PROD pid=3236 elapsed=0s
2026-08-30T16:27:12+00:00 RUN_END id=OAFX1953 window=IS terminal=BT1 status=OK decision=IS_REJECT elapsed=688.371s
2026-08-30T16:27:12+00:00 GATE_SKIP id=OAFX1953 window=OOS reason=IS_NOT_SURVIVOR decision=IS_REJECT net=270953.0 PF=1.4637 DD=37.7069%
2026-08-30T16:27:12+00:00 SCREEN_BYPASS [958/1000] id=OAFX1958 route=FULLBOOK_DIRECT reason=他枠の同時保有を参照するため、単独枠スクリーニングでは測定不能
2026-08-30T16:27:12+00:00 RUN_START id=OAFX1958 family=gj_overlap_stop_cap window=IS terminal=BT1 run=oafx_is_oafx1958_20260831012712_7e14ef
2026-08-30T16:27:13+00:00 RUN_HEARTBEAT terminal=BT1 pid=24732 elapsed=0s
2026-08-30T16:27:28+00:00 RUN_HEARTBEAT terminal=BT2 pid=54452 elapsed=513s
2026-08-30T16:27:44+00:00 RUN_HEARTBEAT terminal=PROD pid=3236 elapsed=63s
2026-08-30T16:28:16+00:00 RUN_HEARTBEAT terminal=BT1 pid=24732 elapsed=63s
2026-08-30T16:28:32+00:00 RUN_HEARTBEAT terminal=BT2 pid=54452 elapsed=577s
2026-08-30T16:28:48+00:00 RUN_HEARTBEAT terminal=PROD pid=3236 elapsed=126s
2026-08-30T16:29:21+00:00 RUN_HEARTBEAT terminal=BT1 pid=24732 elapsed=127s
2026-08-30T16:29:37+00:00 RUN_HEARTBEAT terminal=BT2 pid=54452 elapsed=642s
2026-08-30T16:29:53+00:00 RUN_HEARTBEAT terminal=PROD pid=3236 elapsed=191s
2026-08-30T16:30:26+00:00 RUN_HEARTBEAT terminal=BT1 pid=24732 elapsed=192s
2026-08-30T16:30:42+00:00 RUN_HEARTBEAT terminal=BT2 pid=54452 elapsed=707s
2026-08-30T16:30:58+00:00 RUN_HEARTBEAT terminal=PROD pid=3236 elapsed=257s
2026-08-30T16:30:58+00:00 RUN_END id=OAFX1955 window=IS terminal=BT2 status=OK decision=IS_REJECT elapsed=724.626s
2026-08-30T16:30:58+00:00 GATE_SKIP id=OAFX1955 window=OOS reason=IS_NOT_SURVIVOR decision=IS_REJECT net=278275.0 PF=1.4457 DD=40.8685%
2026-08-30T16:30:58+00:00 SCREEN_BYPASS [959/1000] id=OAFX1959 route=FULLBOOK_DIRECT reason=他枠の同時保有を参照するため、単独枠スクリーニングでは測定不能
2026-08-30T16:30:58+00:00 RUN_START id=OAFX1959 family=gj_overlap_stop_cap window=IS terminal=BT2 run=oafx_is_oafx1959_20260831013058_eb88bf
2026-08-30T16:30:59+00:00 RUN_HEARTBEAT terminal=BT2 pid=55300 elapsed=0s
2026-08-30T16:31:30+00:00 RUN_HEARTBEAT terminal=BT1 pid=24732 elapsed=256s
2026-08-30T16:32:01+00:00 RUN_HEARTBEAT terminal=PROD pid=3236 elapsed=320s
2026-08-30T16:32:02+00:00 RUN_HEARTBEAT terminal=BT2 pid=55300 elapsed=63s
2026-08-30T16:32:33+00:00 RUN_HEARTBEAT terminal=BT1 pid=24732 elapsed=320s
2026-08-30T16:33:05+00:00 RUN_HEARTBEAT terminal=PROD pid=3236 elapsed=384s
2026-08-30T16:33:05+00:00 RUN_HEARTBEAT terminal=BT2 pid=55300 elapsed=126s
2026-08-30T16:33:37+00:00 RUN_HEARTBEAT terminal=BT1 pid=24732 elapsed=383s
2026-08-30T16:34:10+00:00 RUN_HEARTBEAT terminal=BT2 pid=55300 elapsed=190s
2026-08-30T16:34:10+00:00 RUN_HEARTBEAT terminal=PROD pid=3236 elapsed=448s
2026-08-30T16:34:40+00:00 RUN_END id=OAFX1957 window=IS terminal=PROD status=FAILED decision=RUN_FAILED elapsed=480.955s
2026-08-30T16:34:40+00:00 SCREEN_BYPASS [960/1000] id=OAFX1960 route=FULLBOOK_DIRECT reason=他枠の同時保有を参照するため、単独枠スクリーニングでは測定不能
2026-08-30T16:34:40+00:00 RUN_START id=OAFX1960 family=gj_overlap_stop_cap window=IS terminal=PROD run=oafx_is_oafx1960_20260831013440_e00367
2026-08-30T16:34:41+00:00 RUN_HEARTBEAT terminal=BT1 pid=24732 elapsed=448s
2026-08-30T16:34:42+00:00 RUN_HEARTBEAT terminal=PROD pid=37908 elapsed=0s
2026-08-30T16:35:13+00:00 RUN_HEARTBEAT terminal=BT2 pid=55300 elapsed=253s
2026-08-30T16:35:45+00:00 RUN_HEARTBEAT terminal=PROD pid=37908 elapsed=63s
2026-08-30T16:35:45+00:00 RUN_HEARTBEAT terminal=BT1 pid=24732 elapsed=511s
2026-08-30T16:36:17+00:00 RUN_HEARTBEAT terminal=BT2 pid=55300 elapsed=318s
2026-08-30T16:36:50+00:00 RUN_HEARTBEAT terminal=BT1 pid=24732 elapsed=576s
2026-08-30T16:36:50+00:00 RUN_HEARTBEAT terminal=PROD pid=37908 elapsed=127s
2026-08-30T16:37:22+00:00 RUN_HEARTBEAT terminal=BT2 pid=55300 elapsed=382s
2026-08-30T16:37:54+00:00 RUN_HEARTBEAT terminal=PROD pid=37908 elapsed=192s
2026-08-30T16:37:54+00:00 RUN_HEARTBEAT terminal=BT1 pid=24732 elapsed=640s
2026-08-30T16:38:26+00:00 RUN_HEARTBEAT terminal=BT2 pid=55300 elapsed=447s
2026-08-30T16:38:58+00:00 RUN_HEARTBEAT terminal=PROD pid=37908 elapsed=256s
2026-08-30T16:38:58+00:00 RUN_END id=OAFX1958 window=IS terminal=BT1 status=OK decision=IS_REJECT elapsed=706.393s
2026-08-30T16:38:58+00:00 GATE_SKIP id=OAFX1958 window=OOS reason=IS_NOT_SURVIVOR decision=IS_REJECT net=258800.0 PF=1.3793 DD=49.3044%
2026-08-30T16:38:58+00:00 SCREEN_BYPASS [961/1000] id=OAFX1961 route=FULLBOOK_DIRECT reason=他枠の同時保有を参照するため、単独枠スクリーニングでは測定不能
2026-08-30T16:38:58+00:00 RUN_START id=OAFX1961 family=gj_overlap_stop_cap window=IS terminal=BT1 run=oafx_is_oafx1961_20260831013858_e55cef
2026-08-30T16:38:59+00:00 RUN_HEARTBEAT terminal=BT1 pid=39532 elapsed=0s
2026-08-30T16:39:30+00:00 RUN_HEARTBEAT terminal=BT2 pid=55300 elapsed=511s
2026-08-30T16:40:02+00:00 RUN_HEARTBEAT terminal=PROD pid=37908 elapsed=320s
2026-08-30T16:40:02+00:00 RUN_HEARTBEAT terminal=BT1 pid=39532 elapsed=63s
2026-08-30T16:40:35+00:00 RUN_HEARTBEAT terminal=BT2 pid=55300 elapsed=575s
2026-08-30T16:41:07+00:00 RUN_HEARTBEAT terminal=BT1 pid=39532 elapsed=127s
2026-08-30T16:41:07+00:00 RUN_HEARTBEAT terminal=PROD pid=37908 elapsed=385s
2026-08-30T16:41:39+00:00 RUN_HEARTBEAT terminal=BT2 pid=55300 elapsed=639s
2026-08-30T16:42:11+00:00 RUN_HEARTBEAT terminal=BT1 pid=39532 elapsed=192s
2026-08-30T16:42:11+00:00 RUN_HEARTBEAT terminal=PROD pid=37908 elapsed=449s
2026-08-30T16:42:27+00:00 RUN_END id=OAFX1959 window=IS terminal=BT2 status=OK decision=IS_NOISE_BAND elapsed=689.592s
2026-08-30T16:42:27+00:00 GATE_SKIP id=OAFX1959 window=OOS reason=IS_NOT_SURVIVOR decision=IS_NOISE_BAND net=282052.0 PF=1.4097 DD=32.7116%
2026-08-30T16:42:27+00:00 SCREEN_BYPASS [962/1000] id=OAFX1962 route=FULLBOOK_DIRECT reason=他枠の同時保有を参照するため、単独枠スクリーニングでは測定不能
2026-08-30T16:42:27+00:00 RUN_START id=OAFX1962 family=gj_overlap_stop_cap window=IS terminal=BT2 run=oafx_is_oafx1962_20260831014227_b28f8f
2026-08-30T16:42:29+00:00 RUN_HEARTBEAT terminal=BT2 pid=52056 elapsed=0s
2026-08-30T16:43:16+00:00 RUN_HEARTBEAT terminal=PROD pid=37908 elapsed=514s
2026-08-30T16:43:16+00:00 RUN_HEARTBEAT terminal=BT1 pid=39532 elapsed=256s
2026-08-30T16:43:32+00:00 RUN_HEARTBEAT terminal=BT2 pid=52056 elapsed=63s
2026-08-30T16:44:23+00:00 RUN_HEARTBEAT terminal=BT1 pid=39532 elapsed=320s
2026-08-30T16:44:23+00:00 RUN_HEARTBEAT terminal=PROD pid=37908 elapsed=578s
2026-08-30T16:44:39+00:00 RUN_HEARTBEAT terminal=BT2 pid=52056 elapsed=130s
2026-08-30T16:45:27+00:00 RUN_HEARTBEAT terminal=BT1 pid=39532 elapsed=387s
2026-08-30T16:45:27+00:00 RUN_HEARTBEAT terminal=PROD pid=37908 elapsed=645s
2026-08-30T16:45:43+00:00 RUN_HEARTBEAT terminal=BT2 pid=52056 elapsed=194s
2026-08-30T16:45:58+00:00 RUN_END id=OAFX1962 window=IS terminal=BT2 status=FAILED decision=RUN_FAILED elapsed=210.581s
2026-08-30T16:45:58+00:00 SCREEN_BYPASS [963/1000] id=OAFX1963 route=FULLBOOK_DIRECT reason=他枠の同時保有を参照するため、単独枠スクリーニングでは測定不能
2026-08-30T16:45:58+00:00 SKIP_EXISTING [963/1000] id=OAFX1963 window=IS
2026-08-30T16:45:58+00:00 GATE_SKIP id=OAFX1963 window=OOS reason=IS_NOT_SURVIVOR decision=IS_REJECT net=266956.0 PF=1.4074 DD=46.7827%
2026-08-30T16:45:58+00:00 SCREEN_BYPASS [964/1000] id=OAFX1964 route=FULLBOOK_DIRECT reason=他枠の同時保有を参照するため、単独枠スクリーニングでは測定不能
2026-08-30T16:45:58+00:00 RUN_START id=OAFX1964 family=gj_overlap_stop_cap window=IS terminal=BT2 run=oafx_is_oafx1964_20260831014558_3a0dda
2026-08-30T16:45:59+00:00 RUN_HEARTBEAT terminal=BT2 pid=25068 elapsed=0s
2026-08-30T16:46:14+00:00 WAIT_MT5_IDLE terminal=PROD elapsed=1s pids=[34768]
2026-08-30T16:46:30+00:00 RUN_HEARTBEAT terminal=BT1 pid=39532 elapsed=451s
2026-08-30T16:47:02+00:00 RUN_HEARTBEAT terminal=BT2 pid=25068 elapsed=63s
2026-08-30T16:47:18+00:00 WAIT_MT5_IDLE terminal=PROD elapsed=65s pids=[34768]
2026-08-30T16:47:34+00:00 RUN_HEARTBEAT terminal=BT1 pid=39532 elapsed=515s
2026-08-30T16:47:50+00:00 KILL_ORPHAN_TESTER terminal=PROD pids=[34768] orphan_seconds=95
2026-08-30T16:48:06+00:00 RUN_HEARTBEAT terminal=BT2 pid=25068 elapsed=126s
2026-08-30T16:48:06+00:00 RUN_END id=OAFX1960 window=IS terminal=PROD status=OK decision=IS_NOISE_BAND elapsed=805.473s
2026-08-30T16:48:06+00:00 GATE_SKIP id=OAFX1960 window=OOS reason=IS_NOT_SURVIVOR decision=IS_NOISE_BAND net=288300.0 PF=1.4182 DD=34.555%
2026-08-30T16:48:06+00:00 SCREEN_BYPASS [965/1000] id=OAFX1965 route=FULLBOOK_DIRECT reason=他枠の同時保有を参照するため、単独枠スクリーニングでは測定不能
2026-08-30T16:48:06+00:00 RUN_START id=OAFX1965 family=gj_overlap_stop_cap window=IS terminal=PROD run=oafx_is_oafx1965_20260831014806_66bd65
2026-08-30T16:48:07+00:00 RUN_HEARTBEAT terminal=PROD pid=56940 elapsed=0s
2026-08-30T16:48:38+00:00 RUN_HEARTBEAT terminal=BT1 pid=39532 elapsed=578s
2026-08-30T16:49:10+00:00 RUN_HEARTBEAT terminal=BT2 pid=25068 elapsed=190s
2026-08-30T16:49:10+00:00 RUN_HEARTBEAT terminal=PROD pid=56940 elapsed=63s
2026-08-30T16:49:43+00:00 RUN_HEARTBEAT terminal=BT1 pid=39532 elapsed=642s
2026-08-30T16:50:15+00:00 RUN_HEARTBEAT terminal=PROD pid=56940 elapsed=127s
2026-08-30T16:50:15+00:00 RUN_HEARTBEAT terminal=BT2 pid=25068 elapsed=255s
2026-08-30T16:50:47+00:00 RUN_END id=OAFX1961 window=IS terminal=BT1 status=OK decision=IS_REJECT elapsed=708.649s
2026-08-30T16:50:47+00:00 GATE_SKIP id=OAFX1961 window=OOS reason=IS_NOT_SURVIVOR decision=IS_REJECT net=244232.0 PF=1.3835 DD=51.506%
2026-08-30T16:50:47+00:00 SCREEN_BYPASS [966/1000] id=OAFX1966 route=FULLBOOK_DIRECT reason=他枠の同時保有を参照するため、単独枠スクリーニングでは測定不能
2026-08-30T16:50:47+00:00 RUN_START id=OAFX1966 family=gj_overlap_stop_cap window=IS terminal=BT1 run=oafx_is_oafx1966_20260831015047_323aa6
2026-08-30T16:50:48+00:00 RUN_HEARTBEAT terminal=BT1 pid=28684 elapsed=0s
2026-08-30T16:51:19+00:00 RUN_HEARTBEAT terminal=PROD pid=56940 elapsed=192s
2026-08-30T16:51:19+00:00 RUN_HEARTBEAT terminal=BT2 pid=25068 elapsed=319s
2026-08-30T16:51:52+00:00 RUN_HEARTBEAT terminal=BT1 pid=28684 elapsed=63s
2026-08-30T16:52:24+00:00 RUN_HEARTBEAT terminal=BT2 pid=25068 elapsed=385s
2026-08-30T16:52:24+00:00 RUN_HEARTBEAT terminal=PROD pid=56940 elapsed=257s
2026-08-30T16:52:57+00:00 RUN_HEARTBEAT terminal=BT1 pid=28684 elapsed=128s
2026-08-30T16:53:29+00:00 RUN_HEARTBEAT terminal=PROD pid=56940 elapsed=321s
2026-08-30T16:53:29+00:00 RUN_HEARTBEAT terminal=BT2 pid=25068 elapsed=449s
2026-08-30T16:54:01+00:00 RUN_HEARTBEAT terminal=BT1 pid=28684 elapsed=192s
2026-08-30T16:54:33+00:00 RUN_HEARTBEAT terminal=BT2 pid=25068 elapsed=513s
2026-08-30T16:54:33+00:00 RUN_HEARTBEAT terminal=PROD pid=56940 elapsed=385s
2026-08-30T16:54:48+00:00 RUN_END id=OAFX1966 window=IS terminal=BT1 status=FAILED decision=RUN_FAILED elapsed=241.139s
2026-08-30T16:54:48+00:00 SCREEN_BYPASS [967/1000] id=OAFX1967 route=FULLBOOK_DIRECT reason=他枠の同時保有を参照するため、単独枠スクリーニングでは測定不能
2026-08-30T16:54:48+00:00 RUN_START id=OAFX1967 family=gj_overlap_stop_cap window=IS terminal=BT1 run=oafx_is_oafx1967_20260831015448_5c43b0
2026-08-30T16:54:50+00:00 RUN_HEARTBEAT terminal=BT1 pid=32220 elapsed=0s
2026-08-30T16:55:37+00:00 RUN_HEARTBEAT terminal=BT2 pid=25068 elapsed=577s
2026-08-30T16:55:37+00:00 RUN_HEARTBEAT terminal=PROD pid=56940 elapsed=449s
2026-08-30T16:55:53+00:00 RUN_HEARTBEAT terminal=BT1 pid=32220 elapsed=63s
2026-08-30T16:56:41+00:00 RUN_HEARTBEAT terminal=BT2 pid=25068 elapsed=642s
2026-08-30T16:56:41+00:00 RUN_HEARTBEAT terminal=PROD pid=56940 elapsed=514s
2026-08-30T16:56:57+00:00 RUN_HEARTBEAT terminal=BT1 pid=32220 elapsed=127s
2026-08-30T16:57:29+00:00 RUN_END id=OAFX1964 window=IS terminal=BT2 status=OK decision=IS_REJECT elapsed=691.143s
2026-08-30T16:57:29+00:00 GATE_SKIP id=OAFX1964 window=OOS reason=IS_NOT_SURVIVOR decision=IS_REJECT net=271580.0 PF=1.4104 DD=48.1887%
2026-08-30T16:57:29+00:00 SCREEN_BYPASS [968/1000] id=OAFX1968 route=FULLBOOK_DIRECT reason=他枠の同時保有を参照するため、単独枠スクリーニングでは測定不能
2026-08-30T16:57:29+00:00 RUN_START id=OAFX1968 family=gj_overlap_stop_cap window=IS terminal=BT2 run=oafx_is_oafx1968_20260831015729_135968
2026-08-30T16:57:30+00:00 RUN_HEARTBEAT terminal=BT2 pid=42912 elapsed=0s
2026-08-30T16:57:45+00:00 RUN_HEARTBEAT terminal=PROD pid=56940 elapsed=578s
2026-08-30T16:58:01+00:00 RUN_HEARTBEAT terminal=BT1 pid=32220 elapsed=192s
2026-08-30T16:58:34+00:00 RUN_HEARTBEAT terminal=BT2 pid=42912 elapsed=63s
2026-08-30T16:58:50+00:00 RUN_HEARTBEAT terminal=PROD pid=56940 elapsed=642s
2026-08-30T16:59:06+00:00 RUN_HEARTBEAT terminal=BT1 pid=32220 elapsed=256s
2026-08-30T16:59:38+00:00 RUN_HEARTBEAT terminal=BT2 pid=42912 elapsed=127s
2026-08-30T16:59:54+00:00 WAIT_MT5_IDLE terminal=PROD elapsed=1s pids=[21864]
2026-08-30T17:00:10+00:00 RUN_HEARTBEAT terminal=BT1 pid=32220 elapsed=320s
2026-08-30T17:00:41+00:00 RUN_HEARTBEAT terminal=BT2 pid=42912 elapsed=191s
2026-08-30T17:00:57+00:00 WAIT_MT5_IDLE terminal=PROD elapsed=64s pids=[21864]
2026-08-30T17:01:13+00:00 RUN_HEARTBEAT terminal=BT1 pid=32220 elapsed=383s
2026-08-30T17:01:29+00:00 KILL_ORPHAN_TESTER terminal=PROD pids=[21864] orphan_seconds=94
2026-08-30T17:01:44+00:00 RUN_HEARTBEAT terminal=BT2 pid=42912 elapsed=254s
2026-08-30T17:01:44+00:00 RUN_END id=OAFX1965 window=IS terminal=PROD status=OK decision=IS_REJECT elapsed=818.501s
2026-08-30T17:01:44+00:00 GATE_SKIP id=OAFX1965 window=OOS reason=IS_NOT_SURVIVOR decision=IS_REJECT net=274582.0 PF=1.4099 DD=48.9481%
2026-08-30T17:01:44+00:00 SCREEN_BYPASS [969/1000] id=OAFX1969 route=FULLBOOK_DIRECT reason=他枠の同時保有を参照するため、単独枠スクリーニングでは測定不能
2026-08-30T17:01:44+00:00 RUN_START id=OAFX1969 family=gj_overlap_stop_cap window=IS terminal=PROD run=oafx_is_oafx1969_20260831020144_a2f637
2026-08-30T17:01:46+00:00 RUN_HEARTBEAT terminal=PROD pid=412 elapsed=0s
2026-08-30T17:02:16+00:00 RUN_HEARTBEAT terminal=BT1 pid=32220 elapsed=446s
2026-08-30T17:02:48+00:00 RUN_HEARTBEAT terminal=BT2 pid=42912 elapsed=317s
2026-08-30T17:02:48+00:00 RUN_HEARTBEAT terminal=PROD pid=412 elapsed=63s
2026-08-30T17:03:20+00:00 RUN_HEARTBEAT terminal=BT1 pid=32220 elapsed=510s
2026-08-30T17:03:53+00:00 RUN_HEARTBEAT terminal=PROD pid=412 elapsed=127s
2026-08-30T17:03:53+00:00 RUN_HEARTBEAT terminal=BT2 pid=42912 elapsed=382s
2026-08-30T17:04:25+00:00 RUN_HEARTBEAT terminal=BT1 pid=32220 elapsed=575s
2026-08-30T17:04:57+00:00 RUN_HEARTBEAT terminal=BT2 pid=42912 elapsed=446s
2026-08-30T17:04:57+00:00 RUN_HEARTBEAT terminal=PROD pid=412 elapsed=191s
2026-08-30T17:05:29+00:00 RUN_HEARTBEAT terminal=BT1 pid=32220 elapsed=639s
2026-08-30T17:06:00+00:00 RUN_HEARTBEAT terminal=PROD pid=412 elapsed=254s
2026-08-30T17:06:00+00:00 RUN_HEARTBEAT terminal=BT2 pid=42912 elapsed=510s
2026-08-30T17:06:16+00:00 RUN_END id=OAFX1967 window=IS terminal=BT1 status=OK decision=IS_REJECT elapsed=688.118s
2026-08-30T17:06:16+00:00 GATE_SKIP id=OAFX1967 window=OOS reason=IS_NOT_SURVIVOR decision=IS_REJECT net=264681.0 PF=1.3843 DD=53.1493%
2026-08-30T17:06:16+00:00 SCREEN_BYPASS [970/1000] id=OAFX1970 route=FULLBOOK_DIRECT reason=他枠の同時保有を参照するため、単独枠スクリーニングでは測定不能
2026-08-30T17:06:16+00:00 RUN_START id=OAFX1970 family=gj_overlap_stop_cap window=IS terminal=BT1 run=oafx_is_oafx1970_20260831020616_9aeea0
2026-08-30T17:06:17+00:00 RUN_HEARTBEAT terminal=BT1 pid=55928 elapsed=0s
2026-08-30T17:07:04+00:00 RUN_HEARTBEAT terminal=BT2 pid=42912 elapsed=573s
2026-08-30T17:07:04+00:00 RUN_HEARTBEAT terminal=PROD pid=412 elapsed=318s
2026-08-30T17:07:20+00:00 RUN_HEARTBEAT terminal=BT1 pid=55928 elapsed=63s
2026-08-30T17:08:08+00:00 RUN_HEARTBEAT terminal=BT2 pid=42912 elapsed=637s
2026-08-30T17:08:08+00:00 RUN_HEARTBEAT terminal=PROD pid=412 elapsed=382s
2026-08-30T17:08:25+00:00 RUN_HEARTBEAT terminal=BT1 pid=55928 elapsed=126s
2026-08-30T17:08:57+00:00 RUN_END id=OAFX1968 window=IS terminal=BT2 status=OK decision=IS_REJECT elapsed=687.863s
2026-08-30T17:08:57+00:00 GATE_SKIP id=OAFX1968 window=OOS reason=IS_NOT_SURVIVOR decision=IS_REJECT net=264871.0 PF=1.3806 DD=54.6938%
2026-08-30T17:08:57+00:00 SCREEN_BYPASS [971/1000] id=OAFX1971 route=FULLBOOK_DIRECT reason=他枠の同時保有を参照するため、単独枠スクリーニングでは測定不能
2026-08-30T17:08:57+00:00 RUN_START id=OAFX1971 family=gj_overlap_stop_cap window=IS terminal=BT2 run=oafx_is_oafx1971_20260831020857_92366e
2026-08-30T17:08:58+00:00 RUN_HEARTBEAT terminal=BT2 pid=56828 elapsed=0s
2026-08-30T17:09:13+00:00 RUN_HEARTBEAT terminal=PROD pid=412 elapsed=447s
2026-08-30T17:09:29+00:00 RUN_HEARTBEAT terminal=BT1 pid=55928 elapsed=191s
2026-08-30T17:10:01+00:00 RUN_HEARTBEAT terminal=BT2 pid=56828 elapsed=63s
2026-08-30T17:10:18+00:00 RUN_HEARTBEAT terminal=PROD pid=412 elapsed=511s
2026-08-30T17:10:34+00:00 RUN_HEARTBEAT terminal=BT1 pid=55928 elapsed=256s
2026-08-30T17:11:06+00:00 RUN_HEARTBEAT terminal=BT2 pid=56828 elapsed=127s
2026-08-30T17:11:22+00:00 RUN_HEARTBEAT terminal=PROD pid=412 elapsed=576s
2026-08-30T17:11:38+00:00 RUN_HEARTBEAT terminal=BT1 pid=55928 elapsed=320s
2026-08-30T17:12:11+00:00 RUN_HEARTBEAT terminal=BT2 pid=56828 elapsed=192s
2026-08-30T17:12:27+00:00 RUN_HEARTBEAT terminal=PROD pid=412 elapsed=641s
2026-08-30T17:12:43+00:00 RUN_HEARTBEAT terminal=BT1 pid=55928 elapsed=385s
2026-08-30T17:12:59+00:00 RUN_END id=OAFX1969 window=IS terminal=PROD status=OK decision=IS_REJECT elapsed=674.908s
2026-08-30T17:12:59+00:00 GATE_SKIP id=OAFX1969 window=OOS reason=IS_NOT_SURVIVOR decision=IS_REJECT net=271188.0 PF=1.3854 DD=35.0745%
2026-08-30T17:12:59+00:00 SCREEN_BYPASS [972/1000] id=OAFX1972 route=FULLBOOK_DIRECT reason=他枠の同時保有を参照するため、単独枠スクリーニングでは測定不能
2026-08-30T17:12:59+00:00 RUN_START id=OAFX1972 family=gj_overlap_stop_cap window=IS terminal=PROD run=oafx_is_oafx1972_20260831021259_8cfb52
2026-08-30T17:13:01+00:00 RUN_HEARTBEAT terminal=PROD pid=57104 elapsed=0s
2026-08-30T17:13:15+00:00 RUN_HEARTBEAT terminal=BT2 pid=56828 elapsed=257s
2026-08-30T17:13:48+00:00 RUN_HEARTBEAT terminal=BT1 pid=55928 elapsed=450s
2026-08-30T17:14:04+00:00 RUN_HEARTBEAT terminal=PROD pid=57104 elapsed=63s
2026-08-30T17:14:20+00:00 RUN_HEARTBEAT terminal=BT2 pid=56828 elapsed=321s
2026-08-30T17:14:52+00:00 RUN_HEARTBEAT terminal=BT1 pid=55928 elapsed=514s
2026-08-30T17:15:08+00:00 RUN_HEARTBEAT terminal=PROD pid=57104 elapsed=127s
2026-08-30T17:15:24+00:00 RUN_HEARTBEAT terminal=BT2 pid=56828 elapsed=385s
2026-08-30T17:15:56+00:00 RUN_HEARTBEAT terminal=BT1 pid=55928 elapsed=578s
2026-08-30T17:16:12+00:00 RUN_HEARTBEAT terminal=PROD pid=57104 elapsed=191s
2026-08-30T17:16:28+00:00 RUN_HEARTBEAT terminal=BT2 pid=56828 elapsed=449s
2026-08-30T17:17:01+00:00 RUN_HEARTBEAT terminal=BT1 pid=55928 elapsed=643s
2026-08-30T17:17:16+00:00 RUN_HEARTBEAT terminal=PROD pid=57104 elapsed=256s
2026-08-30T17:17:34+00:00 RUN_HEARTBEAT terminal=BT2 pid=56828 elapsed=514s
2026-08-30T17:17:50+00:00 RUN_END id=OAFX1970 window=IS terminal=BT1 status=OK decision=IS_SURVIVOR_STRICT elapsed=693.900s
2026-08-30T17:17:50+00:00 RUN_START id=OAFX1970 family=gj_overlap_stop_cap window=OOS terminal=BT1 run=oafx_oos_oafx1970_20260831021750_004190
2026-08-30T17:17:52+00:00 RUN_HEARTBEAT terminal=BT1 pid=45640 elapsed=0s
2026-08-30T17:18:22+00:00 RUN_HEARTBEAT terminal=PROD pid=57104 elapsed=321s
2026-08-30T17:18:38+00:00 RUN_HEARTBEAT terminal=BT2 pid=56828 elapsed=579s
2026-08-30T17:18:54+00:00 RUN_HEARTBEAT terminal=BT1 pid=45640 elapsed=63s
2026-08-30T17:19:26+00:00 RUN_HEARTBEAT terminal=PROD pid=57104 elapsed=385s
2026-08-30T17:19:42+00:00 RUN_HEARTBEAT terminal=BT2 pid=56828 elapsed=643s
2026-08-30T17:19:58+00:00 RUN_HEARTBEAT terminal=BT1 pid=45640 elapsed=126s
2026-08-30T17:20:13+00:00 RUN_END id=OAFX1971 window=IS terminal=BT2 status=OK decision=IS_REJECT elapsed=676.435s
2026-08-30T17:20:13+00:00 GATE_SKIP id=OAFX1971 window=OOS reason=IS_NOT_SURVIVOR decision=IS_REJECT net=254039.0 PF=1.4866 DD=35.5094%
2026-08-30T17:20:13+00:00 SCREEN_BYPASS [973/1000] id=OAFX1973 route=FULLBOOK_DIRECT reason=他枠の同時保有を参照するため、単独枠スクリーニングでは測定不能
2026-08-30T17:20:13+00:00 RUN_START id=OAFX1973 family=gj_overlap_stop_cap window=IS terminal=BT2 run=oafx_is_oafx1973_20260831022013_72a3dc
2026-08-30T17:20:15+00:00 RUN_HEARTBEAT terminal=BT2 pid=48160 elapsed=0s
2026-08-30T17:20:29+00:00 RUN_HEARTBEAT terminal=PROD pid=57104 elapsed=448s
2026-08-30T17:21:02+00:00 RUN_HEARTBEAT terminal=BT1 pid=45640 elapsed=190s
2026-08-30T17:21:18+00:00 RUN_HEARTBEAT terminal=BT2 pid=48160 elapsed=63s
2026-08-30T17:21:34+00:00 RUN_HEARTBEAT terminal=PROD pid=57104 elapsed=513s
2026-08-30T17:22:06+00:00 RUN_HEARTBEAT terminal=BT1 pid=45640 elapsed=254s
2026-08-30T17:22:22+00:00 RUN_HEARTBEAT terminal=BT2 pid=48160 elapsed=127s
2026-08-30T17:22:38+00:00 RUN_HEARTBEAT terminal=PROD pid=57104 elapsed=577s
2026-08-30T17:23:11+00:00 RUN_HEARTBEAT terminal=BT1 pid=45640 elapsed=319s
2026-08-30T17:23:27+00:00 RUN_HEARTBEAT terminal=BT2 pid=48160 elapsed=192s
2026-08-30T17:23:44+00:00 RUN_HEARTBEAT terminal=PROD pid=57104 elapsed=642s
2026-08-30T17:24:16+00:00 WAIT_MT5_IDLE terminal=PROD elapsed=1s pids=[29148]
2026-08-30T17:24:16+00:00 RUN_HEARTBEAT terminal=BT1 pid=45640 elapsed=384s
2026-08-30T17:24:32+00:00 RUN_HEARTBEAT terminal=BT2 pid=48160 elapsed=257s
2026-08-30T17:25:20+00:00 WAIT_MT5_IDLE terminal=PROD elapsed=65s pids=[29148]
2026-08-30T17:25:20+00:00 RUN_HEARTBEAT terminal=BT1 pid=45640 elapsed=448s
2026-08-30T17:25:36+00:00 RUN_HEARTBEAT terminal=BT2 pid=48160 elapsed=321s
2026-08-30T17:25:52+00:00 KILL_ORPHAN_TESTER terminal=PROD pids=[29148] orphan_seconds=96
2026-08-30T17:26:08+00:00 RUN_END id=OAFX1972 window=IS terminal=PROD status=OK decision=IS_REJECT elapsed=788.362s
2026-08-30T17:26:08+00:00 GATE_SKIP id=OAFX1972 window=OOS reason=IS_NOT_SURVIVOR decision=IS_REJECT net=270994.0 PF=1.494 DD=36.383%
2026-08-30T17:26:08+00:00 SCREEN_BYPASS [974/1000] id=OAFX1974 route=FULLBOOK_DIRECT reason=他枠の同時保有を参照するため、単独枠スクリーニングでは測定不能
2026-08-30T17:26:08+00:00 SKIP_EXISTING [974/1000] id=OAFX1974 window=IS
2026-08-30T17:26:08+00:00 GATE_SKIP id=OAFX1974 window=OOS reason=IS_NOT_SURVIVOR decision=IS_REJECT net=303231.0 PF=1.5148 DD=43.84%
2026-08-30T17:26:08+00:00 SCREEN_BYPASS [975/1000] id=OAFX1975 route=FULLBOOK_DIRECT reason=他枠の同時保有を参照するため、単独枠スクリーニングでは測定不能
2026-08-30T17:26:08+00:00 RUN_START id=OAFX1975 family=gj_overlap_stop_cap window=IS terminal=PROD run=oafx_is_oafx1975_20260831022608_da9ed0
2026-08-30T17:26:09+00:00 RUN_HEARTBEAT terminal=PROD pid=22156 elapsed=0s
2026-08-30T17:26:23+00:00 RUN_HEARTBEAT terminal=BT1 pid=45640 elapsed=512s
2026-08-30T17:26:39+00:00 RUN_HEARTBEAT terminal=BT2 pid=48160 elapsed=384s
2026-08-30T17:26:55+00:00 RUN_END id=OAFX1970 window=OOS terminal=BT1 status=OK decision=REJECT elapsed=544.711s
2026-08-30T17:26:55+00:00 SCREEN_BYPASS [976/1000] id=OAFX1976 route=FULLBOOK_DIRECT reason=他枠の同時保有を参照するため、単独枠スクリーニングでは測定不能
2026-08-30T17:26:55+00:00 RUN_START id=OAFX1976 family=gj_overlap_stop_cap window=IS terminal=BT1 run=oafx_is_oafx1976_20260831022655_c03bd6
2026-08-30T17:26:56+00:00 RUN_HEARTBEAT terminal=BT1 pid=40004 elapsed=0s
2026-08-30T17:27:12+00:00 RUN_HEARTBEAT terminal=PROD pid=22156 elapsed=63s
2026-08-30T17:27:42+00:00 RUN_HEARTBEAT terminal=BT2 pid=48160 elapsed=447s
2026-08-30T17:27:59+00:00 RUN_HEARTBEAT terminal=BT1 pid=40004 elapsed=63s
2026-08-30T17:28:15+00:00 RUN_HEARTBEAT terminal=PROD pid=22156 elapsed=126s
2026-08-30T17:28:46+00:00 RUN_HEARTBEAT terminal=BT2 pid=48160 elapsed=511s
2026-08-30T17:29:03+00:00 RUN_HEARTBEAT terminal=BT1 pid=40004 elapsed=126s
2026-08-30T17:29:19+00:00 RUN_HEARTBEAT terminal=PROD pid=22156 elapsed=189s
2026-08-30T17:29:51+00:00 RUN_HEARTBEAT terminal=BT2 pid=48160 elapsed=576s
2026-08-30T17:30:07+00:00 RUN_HEARTBEAT terminal=BT1 pid=40004 elapsed=190s
2026-08-30T17:30:24+00:00 RUN_HEARTBEAT terminal=PROD pid=22156 elapsed=254s
2026-08-30T17:30:56+00:00 RUN_HEARTBEAT terminal=BT2 pid=48160 elapsed=641s
2026-08-30T17:31:12+00:00 RUN_HEARTBEAT terminal=BT1 pid=40004 elapsed=256s
2026-08-30T17:31:12+00:00 RUN_END id=OAFX1973 window=IS terminal=BT2 status=OK decision=IS_REJECT elapsed=658.804s
2026-08-30T17:31:12+00:00 GATE_SKIP id=OAFX1973 window=OOS reason=IS_NOT_SURVIVOR decision=IS_REJECT net=279614.0 PF=1.4901 DD=39.6567%
2026-08-30T17:31:12+00:00 SCREEN_BYPASS [977/1000] id=OAFX1977 route=FULLBOOK_DIRECT reason=他枠の同時保有を参照するため、単独枠スクリーニングでは測定不能
2026-08-30T17:31:12+00:00 RUN_START id=OAFX1977 family=gj_overlap_stop_cap window=IS terminal=BT2 run=oafx_is_oafx1977_20260831023112_b10e25
2026-08-30T17:31:14+00:00 RUN_HEARTBEAT terminal=BT2 pid=40188 elapsed=0s
2026-08-30T17:31:28+00:00 RUN_HEARTBEAT terminal=PROD pid=22156 elapsed=319s
2026-08-30T17:32:16+00:00 RUN_HEARTBEAT terminal=BT1 pid=40004 elapsed=319s
2026-08-30T17:32:16+00:00 RUN_HEARTBEAT terminal=BT2 pid=40188 elapsed=63s
2026-08-30T17:32:32+00:00 RUN_HEARTBEAT terminal=PROD pid=22156 elapsed=383s
2026-08-30T17:33:21+00:00 RUN_HEARTBEAT terminal=BT2 pid=40188 elapsed=127s
2026-08-30T17:33:21+00:00 RUN_HEARTBEAT terminal=BT1 pid=40004 elapsed=384s
2026-08-30T17:33:37+00:00 RUN_HEARTBEAT terminal=PROD pid=22156 elapsed=447s
2026-08-30T17:34:25+00:00 RUN_HEARTBEAT terminal=BT2 pid=40188 elapsed=191s
2026-08-30T17:34:25+00:00 RUN_HEARTBEAT terminal=BT1 pid=40004 elapsed=448s
2026-08-30T17:34:41+00:00 RUN_HEARTBEAT terminal=PROD pid=22156 elapsed=512s
2026-08-30T17:35:29+00:00 RUN_HEARTBEAT terminal=BT2 pid=40188 elapsed=255s
2026-08-30T17:35:29+00:00 RUN_HEARTBEAT terminal=BT1 pid=40004 elapsed=512s
2026-08-30T17:35:44+00:00 RUN_HEARTBEAT terminal=PROD pid=22156 elapsed=575s
2026-08-30T17:36:32+00:00 RUN_HEARTBEAT terminal=BT1 pid=40004 elapsed=576s
2026-08-30T17:36:32+00:00 RUN_HEARTBEAT terminal=BT2 pid=40188 elapsed=318s
2026-08-30T17:36:48+00:00 RUN_HEARTBEAT terminal=PROD pid=22156 elapsed=639s
2026-08-30T17:37:03+00:00 RUN_END id=OAFX1977 window=IS terminal=BT2 status=FAILED decision=RUN_FAILED elapsed=351.017s
2026-08-30T17:37:03+00:00 SCREEN_BYPASS [978/1000] id=OAFX1978 route=FULLBOOK_DIRECT reason=他枠の同時保有を参照するため、単独枠スクリーニングでは測定不能
2026-08-30T17:37:03+00:00 RUN_START id=OAFX1978 family=gj_overlap_stop_cap window=IS terminal=BT2 run=oafx_is_oafx1978_20260831023703_fef913
2026-08-30T17:37:05+00:00 RUN_HEARTBEAT terminal=BT2 pid=51600 elapsed=0s
2026-08-30T17:37:36+00:00 RUN_HEARTBEAT terminal=BT1 pid=40004 elapsed=639s
2026-08-30T17:37:52+00:00 RUN_HEARTBEAT terminal=PROD pid=22156 elapsed=703s
2026-08-30T17:38:08+00:00 RUN_HEARTBEAT terminal=BT2 pid=51600 elapsed=63s
2026-08-30T17:38:08+00:00 WAIT_MT5_IDLE terminal=PROD elapsed=1s pids=[41128]
2026-08-30T17:38:40+00:00 RUN_HEARTBEAT terminal=BT1 pid=40004 elapsed=704s
2026-08-30T17:38:56+00:00 RUN_END id=OAFX1976 window=IS terminal=BT1 status=OK decision=IS_REJECT elapsed=721.242s
2026-08-30T17:38:56+00:00 GATE_SKIP id=OAFX1976 window=OOS reason=IS_NOT_SURVIVOR decision=IS_REJECT net=280156.0 PF=1.4458 DD=42.0187%
2026-08-30T17:38:56+00:00 SCREEN_BYPASS [979/1000] id=OAFX1979 route=FULLBOOK_DIRECT reason=他枠の同時保有を参照するため、単独枠スクリーニングでは測定不能
2026-08-30T17:38:56+00:00 RUN_START id=OAFX1979 family=gj_overlap_stop_cap window=IS terminal=BT1 run=oafx_is_oafx1979_20260831023856_6939af
2026-08-30T17:38:58+00:00 RUN_HEARTBEAT terminal=BT1 pid=47968 elapsed=0s
2026-08-30T17:39:12+00:00 RUN_HEARTBEAT terminal=BT2 pid=51600 elapsed=127s
2026-08-30T17:39:12+00:00 WAIT_MT5_IDLE terminal=PROD elapsed=65s pids=[41128]
2026-08-30T17:39:44+00:00 KILL_ORPHAN_TESTER terminal=PROD pids=[41128] orphan_seconds=95
2026-08-30T17:39:59+00:00 RUN_END id=OAFX1975 window=IS terminal=PROD status=OK decision=IS_REJECT elapsed=831.845s
2026-08-30T17:39:59+00:00 GATE_SKIP id=OAFX1975 window=OOS reason=IS_NOT_SURVIVOR decision=IS_REJECT net=290166.0 PF=1.4753 DD=41.2521%
2026-08-30T17:39:59+00:00 SCREEN_BYPASS [980/1000] id=OAFX1980 route=FULLBOOK_DIRECT reason=他枠の同時保有を参照するため、単独枠スクリーニングでは測定不能
2026-08-30T17:40:00+00:00 RUN_START id=OAFX1980 family=gj_overlap_stop_cap window=IS terminal=PROD run=oafx_is_oafx1980_20260831024000_06c287
2026-08-30T17:40:00+00:00 RUN_HEARTBEAT terminal=BT1 pid=47968 elapsed=63s
2026-08-30T17:40:01+00:00 RUN_HEARTBEAT terminal=PROD pid=50620 elapsed=0s
2026-08-30T17:40:15+00:00 RUN_HEARTBEAT terminal=BT2 pid=51600 elapsed=190s
2026-08-30T17:41:03+00:00 RUN_HEARTBEAT terminal=BT1 pid=47968 elapsed=125s
2026-08-30T17:41:04+00:00 RUN_HEARTBEAT terminal=PROD pid=50620 elapsed=63s
2026-08-30T17:41:19+00:00 RUN_HEARTBEAT terminal=BT2 pid=51600 elapsed=254s
2026-08-30T17:42:09+00:00 RUN_HEARTBEAT terminal=PROD pid=50620 elapsed=127s
2026-08-30T17:42:09+00:00 RUN_HEARTBEAT terminal=BT1 pid=47968 elapsed=190s
2026-08-30T17:42:25+00:00 RUN_HEARTBEAT terminal=BT2 pid=51600 elapsed=320s
2026-08-30T17:43:14+00:00 RUN_HEARTBEAT terminal=BT1 pid=47968 elapsed=256s
2026-08-30T17:43:14+00:00 RUN_HEARTBEAT terminal=PROD pid=50620 elapsed=193s
2026-08-30T17:43:30+00:00 RUN_HEARTBEAT terminal=BT2 pid=51600 elapsed=385s
2026-08-30T17:44:18+00:00 RUN_HEARTBEAT terminal=BT1 pid=47968 elapsed=320s
2026-08-30T17:44:18+00:00 RUN_HEARTBEAT terminal=PROD pid=50620 elapsed=257s
2026-08-30T17:44:35+00:00 RUN_HEARTBEAT terminal=BT2 pid=51600 elapsed=449s
2026-08-30T17:45:23+00:00 RUN_HEARTBEAT terminal=BT1 pid=47968 elapsed=385s
2026-08-30T17:45:23+00:00 RUN_HEARTBEAT terminal=PROD pid=50620 elapsed=321s
2026-08-30T17:45:38+00:00 RUN_HEARTBEAT terminal=BT2 pid=51600 elapsed=514s
2026-08-30T17:45:53+00:00 RUN_END id=OAFX1979 window=IS terminal=BT1 status=FAILED decision=RUN_FAILED elapsed=417.182s
2026-08-30T17:45:53+00:00 SCREEN_BYPASS [981/1000] id=OAFX1981 route=FULLBOOK_DIRECT reason=他枠の同時保有を参照するため、単独枠スクリーニングでは測定不能
2026-08-30T17:45:53+00:00 RUN_START id=OAFX1981 family=gj_overlap_stop_cap window=IS terminal=BT1 run=oafx_is_oafx1981_20260831024553_9a4833
2026-08-30T17:45:55+00:00 RUN_HEARTBEAT terminal=BT1 pid=50500 elapsed=0s
2026-08-30T17:46:26+00:00 RUN_HEARTBEAT terminal=PROD pid=50620 elapsed=385s
2026-08-30T17:46:42+00:00 RUN_HEARTBEAT terminal=BT2 pid=51600 elapsed=577s
2026-08-30T17:46:59+00:00 RUN_HEARTBEAT terminal=BT1 pid=50500 elapsed=63s
2026-08-30T17:47:31+00:00 RUN_HEARTBEAT terminal=PROD pid=50620 elapsed=449s
2026-08-30T17:47:47+00:00 RUN_HEARTBEAT terminal=BT2 pid=51600 elapsed=642s
2026-08-30T17:48:03+00:00 RUN_HEARTBEAT terminal=BT1 pid=50500 elapsed=128s
2026-08-30T17:48:19+00:00 RUN_END id=OAFX1978 window=IS terminal=BT2 status=OK decision=IS_REJECT elapsed=675.627s
2026-08-30T17:48:19+00:00 GATE_SKIP id=OAFX1978 window=OOS reason=IS_NOT_SURVIVOR decision=IS_REJECT net=269961.0 PF=1.4026 DD=51.0944%
2026-08-30T17:48:19+00:00 SCREEN_BYPASS [982/1000] id=OAFX1982 route=FULLBOOK_DIRECT reason=他枠の同時保有を参照するため、単独枠スクリーニングでは測定不能
2026-08-30T17:48:19+00:00 RUN_START id=OAFX1982 family=gj_overlap_stop_cap window=IS terminal=BT2 run=oafx_is_oafx1982_20260831024819_2de784
2026-08-30T17:48:20+00:00 RUN_HEARTBEAT terminal=BT2 pid=56696 elapsed=0s
2026-08-30T17:48:35+00:00 RUN_HEARTBEAT terminal=PROD pid=50620 elapsed=514s
2026-08-30T17:49:06+00:00 RUN_HEARTBEAT terminal=BT1 pid=50500 elapsed=191s
2026-08-30T17:49:23+00:00 RUN_HEARTBEAT terminal=BT2 pid=56696 elapsed=63s
2026-08-30T17:49:38+00:00 RUN_HEARTBEAT terminal=PROD pid=50620 elapsed=577s
2026-08-30T17:50:11+00:00 RUN_HEARTBEAT terminal=BT1 pid=50500 elapsed=255s
2026-08-30T17:50:27+00:00 RUN_HEARTBEAT terminal=BT2 pid=56696 elapsed=126s
2026-08-30T17:50:43+00:00 RUN_HEARTBEAT terminal=PROD pid=50620 elapsed=642s
2026-08-30T17:51:15+00:00 RUN_HEARTBEAT terminal=BT1 pid=50500 elapsed=319s
2026-08-30T17:51:31+00:00 RUN_HEARTBEAT terminal=BT2 pid=56696 elapsed=190s
2026-08-30T17:51:47+00:00 RUN_HEARTBEAT terminal=PROD pid=50620 elapsed=705s
2026-08-30T17:52:02+00:00 RUN_END id=OAFX1980 window=IS terminal=PROD status=OK decision=IS_SURVIVOR_STRICT elapsed=722.996s
2026-08-30T17:52:03+00:00 RUN_START id=OAFX1980 family=gj_overlap_stop_cap window=OOS terminal=PROD run=oafx_oos_oafx1980_20260831025203_b4927a
2026-08-30T17:52:04+00:00 RUN_HEARTBEAT terminal=PROD pid=43740 elapsed=0s
2026-08-30T17:52:18+00:00 RUN_HEARTBEAT terminal=BT1 pid=50500 elapsed=383s
2026-08-30T17:52:34+00:00 RUN_HEARTBEAT terminal=BT2 pid=56696 elapsed=254s
2026-08-30T17:53:07+00:00 RUN_HEARTBEAT terminal=PROD pid=43740 elapsed=63s
2026-08-30T17:53:23+00:00 RUN_HEARTBEAT terminal=BT1 pid=50500 elapsed=447s
2026-08-30T17:53:39+00:00 RUN_HEARTBEAT terminal=BT2 pid=56696 elapsed=318s
2026-08-30T17:54:12+00:00 RUN_HEARTBEAT terminal=PROD pid=43740 elapsed=127s
2026-08-30T17:54:28+00:00 RUN_HEARTBEAT terminal=BT1 pid=50500 elapsed=513s
2026-08-30T17:54:44+00:00 RUN_HEARTBEAT terminal=BT2 pid=56696 elapsed=384s
2026-08-30T17:55:16+00:00 RUN_HEARTBEAT terminal=PROD pid=43740 elapsed=192s
2026-08-30T17:55:32+00:00 RUN_HEARTBEAT terminal=BT1 pid=50500 elapsed=577s
2026-08-30T17:55:48+00:00 RUN_HEARTBEAT terminal=BT2 pid=56696 elapsed=448s
2026-08-30T17:56:20+00:00 RUN_HEARTBEAT terminal=PROD pid=43740 elapsed=255s
2026-08-30T17:56:35+00:00 RUN_HEARTBEAT terminal=BT1 pid=50500 elapsed=640s
2026-08-30T17:56:51+00:00 RUN_HEARTBEAT terminal=BT2 pid=56696 elapsed=511s
2026-08-30T17:57:07+00:00 RUN_END id=OAFX1981 window=IS terminal=BT1 status=OK decision=IS_REJECT elapsed=673.605s
2026-08-30T17:57:07+00:00 GATE_SKIP id=OAFX1981 window=OOS reason=IS_NOT_SURVIVOR decision=IS_REJECT net=255958.0 PF=1.4092 DD=41.1486%
2026-08-30T17:57:07+00:00 SCREEN_BYPASS [983/1000] id=OAFX1983 route=FULLBOOK_DIRECT reason=他枠の同時保有を参照するため、単独枠スクリーニングでは測定不能
2026-08-30T17:57:07+00:00 RUN_START id=OAFX1983 family=gj_overlap_stop_cap window=IS terminal=BT1 run=oafx_is_oafx1983_20260831025707_27bc5b
2026-08-30T17:57:08+00:00 RUN_HEARTBEAT terminal=BT1 pid=55720 elapsed=0s
2026-08-30T17:57:23+00:00 RUN_HEARTBEAT terminal=PROD pid=43740 elapsed=319s
2026-08-30T17:57:55+00:00 RUN_HEARTBEAT terminal=BT2 pid=56696 elapsed=574s
2026-08-30T17:58:11+00:00 RUN_HEARTBEAT terminal=BT1 pid=55720 elapsed=63s
2026-08-30T17:58:26+00:00 RUN_HEARTBEAT terminal=PROD pid=43740 elapsed=382s
2026-08-30T17:58:58+00:00 RUN_HEARTBEAT terminal=BT2 pid=56696 elapsed=638s
2026-08-30T17:59:14+00:00 RUN_HEARTBEAT terminal=BT1 pid=55720 elapsed=126s
2026-08-30T17:59:30+00:00 RUN_HEARTBEAT terminal=PROD pid=43740 elapsed=446s
2026-08-30T17:59:46+00:00 RUN_END id=OAFX1982 window=IS terminal=BT2 status=OK decision=IS_REJECT elapsed=687.424s
2026-08-30T17:59:46+00:00 GATE_SKIP id=OAFX1982 window=OOS reason=IS_NOT_SURVIVOR decision=IS_REJECT net=261733.0 PF=1.4102 DD=40.8177%
2026-08-30T17:59:46+00:00 SCREEN_BYPASS [984/1000] id=OAFX1984 route=FULLBOOK_DIRECT reason=他枠の同時保有を参照するため、単独枠スクリーニングでは測定不能
2026-08-30T17:59:46+00:00 RUN_START id=OAFX1984 family=gj_overlap_stop_cap window=IS terminal=BT2 run=oafx_is_oafx1984_20260831025946_027292
2026-08-30T17:59:48+00:00 RUN_HEARTBEAT terminal=BT2 pid=50148 elapsed=0s
2026-08-30T18:00:18+00:00 RUN_HEARTBEAT terminal=BT1 pid=55720 elapsed=189s
2026-08-30T18:00:34+00:00 RUN_HEARTBEAT terminal=PROD pid=43740 elapsed=510s
2026-08-30T18:00:51+00:00 RUN_HEARTBEAT terminal=BT2 pid=50148 elapsed=63s
2026-08-30T18:01:23+00:00 RUN_HEARTBEAT terminal=BT1 pid=55720 elapsed=254s
2026-08-30T18:01:39+00:00 RUN_END id=OAFX1980 window=OOS terminal=PROD status=OK decision=REJECT elapsed=576.132s
2026-08-30T18:01:39+00:00 SCREEN_BYPASS [985/1000] id=OAFX1985 route=FULLBOOK_DIRECT reason=他枠の同時保有を参照するため、単独枠スクリーニングでは測定不能
2026-08-30T18:01:39+00:00 RUN_START id=OAFX1985 family=gj_overlap_stop_cap window=IS terminal=PROD run=oafx_is_oafx1985_20260831030139_d90a91
2026-08-30T18:01:40+00:00 RUN_HEARTBEAT terminal=PROD pid=1480 elapsed=0s
2026-08-30T18:01:54+00:00 RUN_HEARTBEAT terminal=BT2 pid=50148 elapsed=127s
2026-08-30T18:02:26+00:00 RUN_HEARTBEAT terminal=BT1 pid=55720 elapsed=317s
2026-08-30T18:02:43+00:00 RUN_HEARTBEAT terminal=PROD pid=1480 elapsed=63s
2026-08-30T18:02:58+00:00 RUN_HEARTBEAT terminal=BT2 pid=50148 elapsed=190s
2026-08-30T18:03:31+00:00 RUN_HEARTBEAT terminal=BT1 pid=55720 elapsed=382s
2026-08-30T18:03:47+00:00 RUN_HEARTBEAT terminal=PROD pid=1480 elapsed=126s
2026-08-30T18:04:03+00:00 RUN_HEARTBEAT terminal=BT2 pid=50148 elapsed=255s
2026-08-30T18:04:36+00:00 RUN_HEARTBEAT terminal=BT1 pid=55720 elapsed=447s
2026-08-30T18:04:52+00:00 RUN_HEARTBEAT terminal=PROD pid=1480 elapsed=191s
2026-08-30T18:05:09+00:00 RUN_HEARTBEAT terminal=BT2 pid=50148 elapsed=320s
2026-08-30T18:05:41+00:00 RUN_HEARTBEAT terminal=BT1 pid=55720 elapsed=512s
2026-08-30T18:05:57+00:00 RUN_HEARTBEAT terminal=PROD pid=1480 elapsed=256s
2026-08-30T18:06:13+00:00 RUN_HEARTBEAT terminal=BT2 pid=50148 elapsed=385s
2026-08-30T18:06:46+00:00 RUN_HEARTBEAT terminal=BT1 pid=55720 elapsed=577s
2026-08-30T18:07:02+00:00 RUN_HEARTBEAT terminal=PROD pid=1480 elapsed=321s
2026-08-30T18:07:17+00:00 RUN_END id=OAFX1985 window=IS terminal=PROD status=FAILED decision=RUN_FAILED elapsed=337.845s
2026-08-30T18:07:17+00:00 SCREEN_BYPASS [986/1000] id=OAFX1986 route=FULLBOOK_DIRECT reason=他枠の同時保有を参照するため、単独枠スクリーニングでは測定不能
2026-08-30T18:07:17+00:00 RUN_START id=OAFX1986 family=gj_overlap_stop_cap window=IS terminal=PROD run=oafx_is_oafx1986_20260831030717_c7a925
2026-08-30T18:07:17+00:00 RUN_HEARTBEAT terminal=BT2 pid=50148 elapsed=450s
2026-08-30T18:07:18+00:00 RUN_HEARTBEAT terminal=PROD pid=54600 elapsed=0s
2026-08-30T18:07:49+00:00 RUN_HEARTBEAT terminal=BT1 pid=55720 elapsed=640s
2026-08-30T18:08:21+00:00 RUN_HEARTBEAT terminal=BT2 pid=50148 elapsed=513s
2026-08-30T18:08:21+00:00 RUN_END id=OAFX1983 window=IS terminal=BT1 status=OK decision=IS_REJECT elapsed=673.850s
2026-08-30T18:08:21+00:00 GATE_SKIP id=OAFX1983 window=OOS reason=IS_NOT_SURVIVOR decision=IS_REJECT net=262789.0 PF=1.4055 DD=42.9843%
2026-08-30T18:08:21+00:00 SCREEN_BYPASS [987/1000] id=OAFX1987 route=FULLBOOK_DIRECT reason=他枠の同時保有を参照するため、単独枠スクリーニングでは測定不能
2026-08-30T18:08:21+00:00 SKIP_EXISTING [987/1000] id=OAFX1987 window=IS
2026-08-30T18:08:21+00:00 GATE_SKIP id=OAFX1987 window=OOS reason=IS_NOT_SURVIVOR decision=IS_REJECT net=269182.0 PF=1.3935 DD=50.6183%
2026-08-30T18:08:21+00:00 SCREEN_BYPASS [988/1000] id=OAFX1988 route=FULLBOOK_DIRECT reason=他枠の同時保有を参照するため、単独枠スクリーニングでは測定不能
2026-08-30T18:08:21+00:00 RUN_START id=OAFX1988 family=gj_overlap_stop_cap window=IS terminal=BT1 run=oafx_is_oafx1988_20260831030821_97da61
2026-08-30T18:08:21+00:00 RUN_HEARTBEAT terminal=PROD pid=54600 elapsed=63s
2026-08-30T18:08:22+00:00 RUN_HEARTBEAT terminal=BT1 pid=54336 elapsed=0s
2026-08-30T18:09:25+00:00 RUN_HEARTBEAT terminal=PROD pid=54600 elapsed=126s
2026-08-30T18:09:25+00:00 RUN_HEARTBEAT terminal=BT2 pid=50148 elapsed=577s
2026-08-30T18:09:25+00:00 RUN_HEARTBEAT terminal=BT1 pid=54336 elapsed=63s
2026-08-30T18:10:30+00:00 RUN_HEARTBEAT terminal=BT1 pid=54336 elapsed=126s
2026-08-30T18:10:30+00:00 RUN_HEARTBEAT terminal=BT2 pid=50148 elapsed=641s
2026-08-30T18:10:30+00:00 RUN_HEARTBEAT terminal=PROD pid=54600 elapsed=191s
2026-08-30T18:11:18+00:00 RUN_END id=OAFX1984 window=IS terminal=BT2 status=OK decision=IS_REJECT elapsed=691.266s
2026-08-30T18:11:18+00:00 GATE_SKIP id=OAFX1984 window=OOS reason=IS_NOT_SURVIVOR decision=IS_REJECT net=269973.0 PF=1.412 DD=46.049%
2026-08-30T18:11:18+00:00 SCREEN_BYPASS [989/1000] id=OAFX1989 route=FULLBOOK_DIRECT reason=他枠の同時保有を参照するため、単独枠スクリーニングでは測定不能
2026-08-30T18:11:18+00:00 RUN_START id=OAFX1989 family=gj_overlap_stop_cap window=IS terminal=BT2 run=oafx_is_oafx1989_20260831031118_67fc4b
2026-08-30T18:11:19+00:00 RUN_HEARTBEAT terminal=BT2 pid=12016 elapsed=0s
2026-08-30T18:11:34+00:00 RUN_HEARTBEAT terminal=PROD pid=54600 elapsed=255s
2026-08-30T18:11:34+00:00 RUN_HEARTBEAT terminal=BT1 pid=54336 elapsed=191s
2026-08-30T18:12:22+00:00 RUN_HEARTBEAT terminal=BT2 pid=12016 elapsed=63s
2026-08-30T18:12:37+00:00 RUN_HEARTBEAT terminal=BT1 pid=54336 elapsed=255s
2026-08-30T18:12:37+00:00 RUN_HEARTBEAT terminal=PROD pid=54600 elapsed=319s
2026-08-30T18:13:26+00:00 RUN_HEARTBEAT terminal=BT2 pid=12016 elapsed=127s
2026-08-30T18:13:43+00:00 RUN_HEARTBEAT terminal=PROD pid=54600 elapsed=384s
2026-08-30T18:13:43+00:00 RUN_HEARTBEAT terminal=BT1 pid=54336 elapsed=320s
2026-08-30T18:14:32+00:00 RUN_HEARTBEAT terminal=BT2 pid=12016 elapsed=192s
2026-08-30T18:14:48+00:00 RUN_HEARTBEAT terminal=PROD pid=54600 elapsed=449s
2026-08-30T18:14:48+00:00 RUN_HEARTBEAT terminal=BT1 pid=54336 elapsed=385s
2026-08-30T18:15:36+00:00 RUN_HEARTBEAT terminal=BT2 pid=12016 elapsed=257s
2026-08-30T18:15:52+00:00 RUN_HEARTBEAT terminal=PROD pid=54600 elapsed=514s
2026-08-30T18:15:52+00:00 RUN_HEARTBEAT terminal=BT1 pid=54336 elapsed=449s
2026-08-30T18:16:40+00:00 RUN_HEARTBEAT terminal=BT2 pid=12016 elapsed=321s
2026-08-30T18:16:55+00:00 RUN_END id=OAFX1989 window=IS terminal=BT2 status=FAILED decision=RUN_FAILED elapsed=337.148s
2026-08-30T18:16:55+00:00 SCREEN_BYPASS [990/1000] id=OAFX1990 route=FULLBOOK_DIRECT reason=他枠の同時保有を参照するため、単独枠スクリーニングでは測定不能
2026-08-30T18:16:55+00:00 RUN_START id=OAFX1990 family=gj_overlap_stop_cap window=IS terminal=BT2 run=oafx_is_oafx1990_20260831031655_9b29cb
2026-08-30T18:16:55+00:00 RUN_HEARTBEAT terminal=PROD pid=54600 elapsed=577s
2026-08-30T18:16:56+00:00 RUN_HEARTBEAT terminal=BT1 pid=54336 elapsed=513s
2026-08-30T18:16:56+00:00 RUN_HEARTBEAT terminal=BT2 pid=52064 elapsed=0s
2026-08-30T18:17:59+00:00 RUN_HEARTBEAT terminal=PROD pid=54600 elapsed=641s
2026-08-30T18:17:59+00:00 RUN_HEARTBEAT terminal=BT1 pid=54336 elapsed=577s
2026-08-30T18:17:59+00:00 RUN_HEARTBEAT terminal=BT2 pid=52064 elapsed=63s
2026-08-30T18:19:03+00:00 RUN_HEARTBEAT terminal=BT2 pid=52064 elapsed=127s
2026-08-30T18:19:03+00:00 RUN_HEARTBEAT terminal=PROD pid=54600 elapsed=705s
2026-08-30T18:19:03+00:00 RUN_HEARTBEAT terminal=BT1 pid=54336 elapsed=641s
2026-08-30T18:19:19+00:00 RUN_END id=OAFX1986 window=IS terminal=PROD status=OK decision=IS_REJECT elapsed=722.220s
2026-08-30T18:19:19+00:00 GATE_SKIP id=OAFX1986 window=OOS reason=IS_NOT_SURVIVOR decision=IS_REJECT net=269078.0 PF=1.3996 DD=45.1523%
2026-08-30T18:19:19+00:00 SCREEN_BYPASS [991/1000] id=OAFX1991 route=FULLBOOK_DIRECT reason=他枠の同時保有を参照するため、単独枠スクリーニングでは測定不能
2026-08-30T18:19:19+00:00 RUN_START id=OAFX1991 family=gj_overlap_stop_cap window=IS terminal=PROD run=oafx_is_oafx1991_20260831031919_4932fc
2026-08-30T18:19:20+00:00 RUN_HEARTBEAT terminal=PROD pid=21216 elapsed=0s
2026-08-30T18:20:07+00:00 RUN_HEARTBEAT terminal=BT2 pid=52064 elapsed=190s
2026-08-30T18:20:07+00:00 RUN_HEARTBEAT terminal=BT1 pid=54336 elapsed=704s
2026-08-30T18:20:22+00:00 RUN_END id=OAFX1988 window=IS terminal=BT1 status=OK decision=IS_REJECT elapsed=721.370s
2026-08-30T18:20:22+00:00 GATE_SKIP id=OAFX1988 window=OOS reason=IS_NOT_SURVIVOR decision=IS_REJECT net=262148.0 PF=1.3769 DD=52.7888%
2026-08-30T18:20:22+00:00 SCREEN_BYPASS [992/1000] id=OAFX1992 route=FULLBOOK_DIRECT reason=他枠の同時保有を参照するため、単独枠スクリーニングでは測定不能
2026-08-30T18:20:22+00:00 RUN_START id=OAFX1992 family=gj_overlap_stop_cap window=IS terminal=BT1 run=oafx_is_oafx1992_20260831032022_3b3450
2026-08-30T18:20:23+00:00 RUN_HEARTBEAT terminal=PROD pid=21216 elapsed=63s
2026-08-30T18:20:24+00:00 RUN_HEARTBEAT terminal=BT1 pid=13428 elapsed=0s
2026-08-30T18:21:11+00:00 RUN_HEARTBEAT terminal=BT2 pid=52064 elapsed=254s
2026-08-30T18:21:27+00:00 RUN_HEARTBEAT terminal=BT1 pid=13428 elapsed=63s
2026-08-30T18:21:27+00:00 RUN_HEARTBEAT terminal=PROD pid=21216 elapsed=126s
2026-08-30T18:22:15+00:00 RUN_HEARTBEAT terminal=BT2 pid=52064 elapsed=318s
2026-08-30T18:22:32+00:00 RUN_HEARTBEAT terminal=BT1 pid=13428 elapsed=127s
2026-08-30T18:22:32+00:00 RUN_HEARTBEAT terminal=PROD pid=21216 elapsed=191s
2026-08-30T18:23:20+00:00 RUN_HEARTBEAT terminal=BT2 pid=52064 elapsed=383s
2026-08-30T18:23:36+00:00 RUN_HEARTBEAT terminal=BT1 pid=13428 elapsed=192s
2026-08-30T18:23:36+00:00 RUN_HEARTBEAT terminal=PROD pid=21216 elapsed=255s
2026-08-30T18:24:25+00:00 RUN_HEARTBEAT terminal=BT2 pid=52064 elapsed=448s
2026-08-30T18:24:41+00:00 RUN_HEARTBEAT terminal=PROD pid=21216 elapsed=320s
2026-08-30T18:24:41+00:00 RUN_HEARTBEAT terminal=BT1 pid=13428 elapsed=257s
2026-08-30T18:25:29+00:00 RUN_HEARTBEAT terminal=BT2 pid=52064 elapsed=513s
2026-08-30T18:25:45+00:00 RUN_HEARTBEAT terminal=BT1 pid=13428 elapsed=321s
2026-08-30T18:25:45+00:00 RUN_HEARTBEAT terminal=PROD pid=21216 elapsed=385s
2026-08-30T18:26:16+00:00 RUN_END id=OAFX1992 window=IS terminal=BT1 status=FAILED decision=RUN_FAILED elapsed=353.839s
2026-08-30T18:26:16+00:00 SCREEN_BYPASS [993/1000] id=OAFX1993 route=FULLBOOK_DIRECT reason=他枠の同時保有を参照するため、単独枠スクリーニングでは測定不能
2026-08-30T18:26:16+00:00 RUN_START id=OAFX1993 family=gj_overlap_stop_cap window=IS terminal=BT1 run=oafx_is_oafx1993_20260831032616_c7c2f3
2026-08-30T18:26:18+00:00 RUN_HEARTBEAT terminal=BT1 pid=43992 elapsed=0s
2026-08-30T18:26:33+00:00 RUN_HEARTBEAT terminal=BT2 pid=52064 elapsed=576s
2026-08-30T18:26:49+00:00 RUN_HEARTBEAT terminal=PROD pid=21216 elapsed=448s
2026-08-30T18:27:21+00:00 RUN_HEARTBEAT terminal=BT1 pid=43992 elapsed=63s
2026-08-30T18:27:37+00:00 RUN_HEARTBEAT terminal=BT2 pid=52064 elapsed=640s
2026-08-30T18:27:53+00:00 RUN_HEARTBEAT terminal=PROD pid=21216 elapsed=512s
2026-08-30T18:28:24+00:00 RUN_HEARTBEAT terminal=BT1 pid=43992 elapsed=127s
2026-08-30T18:28:25+00:00 RUN_END id=OAFX1990 window=IS terminal=BT2 status=OK decision=IS_SURVIVOR_STRICT elapsed=689.816s
2026-08-30T18:28:25+00:00 RUN_START id=OAFX1990 family=gj_overlap_stop_cap window=OOS terminal=BT2 run=oafx_oos_oafx1990_20260831032825_fde92d
2026-08-30T18:28:26+00:00 RUN_HEARTBEAT terminal=BT2 pid=12156 elapsed=0s
2026-08-30T18:28:56+00:00 RUN_HEARTBEAT terminal=PROD pid=21216 elapsed=576s
2026-08-30T18:29:29+00:00 RUN_HEARTBEAT terminal=BT1 pid=43992 elapsed=190s
2026-08-30T18:29:29+00:00 RUN_HEARTBEAT terminal=BT2 pid=12156 elapsed=63s
2026-08-30T18:30:01+00:00 RUN_HEARTBEAT terminal=PROD pid=21216 elapsed=640s
2026-08-30T18:30:33+00:00 RUN_HEARTBEAT terminal=BT2 pid=12156 elapsed=127s
2026-08-30T18:30:33+00:00 RUN_HEARTBEAT terminal=BT1 pid=43992 elapsed=255s
2026-08-30T18:30:49+00:00 WAIT_MT5_IDLE terminal=PROD elapsed=1s pids=[48024]
2026-08-30T18:31:37+00:00 RUN_HEARTBEAT terminal=BT2 pid=12156 elapsed=190s
2026-08-30T18:31:37+00:00 RUN_HEARTBEAT terminal=BT1 pid=43992 elapsed=318s
2026-08-30T18:31:52+00:00 WAIT_MT5_IDLE terminal=PROD elapsed=64s pids=[48024]
2026-08-30T18:32:24+00:00 KILL_ORPHAN_TESTER terminal=PROD pids=[48024] orphan_seconds=96
2026-08-30T18:32:40+00:00 RUN_HEARTBEAT terminal=BT1 pid=43992 elapsed=382s
2026-08-30T18:32:40+00:00 RUN_HEARTBEAT terminal=BT2 pid=12156 elapsed=254s
2026-08-30T18:32:40+00:00 RUN_END id=OAFX1991 window=IS terminal=PROD status=OK decision=IS_REJECT_TRADEOFF elapsed=801.184s
2026-08-30T18:32:40+00:00 GATE_SKIP id=OAFX1991 window=OOS reason=IS_NOT_SURVIVOR decision=IS_REJECT_TRADEOFF net=243350.0 PF=1.4754 DD=34.3177%
2026-08-30T18:32:40+00:00 SCREEN_BYPASS [994/1000] id=OAFX1994 route=FULLBOOK_DIRECT reason=他枠の同時保有を参照するため、単独枠スクリーニングでは測定不能
2026-08-30T18:32:40+00:00 RUN_START id=OAFX1994 family=gj_overlap_stop_cap window=IS terminal=PROD run=oafx_is_oafx1994_20260831033240_c2c0c2
2026-08-30T18:32:42+00:00 RUN_HEARTBEAT terminal=PROD pid=42724 elapsed=0s
2026-08-30T18:33:43+00:00 RUN_HEARTBEAT terminal=BT2 pid=12156 elapsed=317s
2026-08-30T18:33:43+00:00 RUN_HEARTBEAT terminal=BT1 pid=43992 elapsed=446s
2026-08-30T18:33:44+00:00 RUN_HEARTBEAT terminal=PROD pid=42724 elapsed=63s
2026-08-30T18:34:47+00:00 RUN_HEARTBEAT terminal=PROD pid=42724 elapsed=126s
2026-08-30T18:34:47+00:00 RUN_HEARTBEAT terminal=BT1 pid=43992 elapsed=509s
2026-08-30T18:34:47+00:00 RUN_HEARTBEAT terminal=BT2 pid=12156 elapsed=381s
2026-08-30T18:35:52+00:00 RUN_HEARTBEAT terminal=BT1 pid=43992 elapsed=574s
2026-08-30T18:35:52+00:00 RUN_HEARTBEAT terminal=PROD pid=42724 elapsed=190s
2026-08-30T18:35:52+00:00 RUN_HEARTBEAT terminal=BT2 pid=12156 elapsed=445s
2026-08-30T18:36:55+00:00 RUN_HEARTBEAT terminal=BT1 pid=43992 elapsed=637s
2026-08-30T18:36:55+00:00 RUN_HEARTBEAT terminal=BT2 pid=12156 elapsed=509s
2026-08-30T18:36:55+00:00 RUN_HEARTBEAT terminal=PROD pid=42724 elapsed=253s
2026-08-30T18:37:11+00:00 RUN_END id=OAFX1990 window=OOS terminal=BT2 status=OK decision=NOISE_BAND elapsed=526.351s
2026-08-30T18:37:11+00:00 SCREEN_BYPASS [995/1000] id=OAFX1995 route=FULLBOOK_DIRECT reason=他枠の同時保有を参照するため、単独枠スクリーニングでは測定不能
2026-08-30T18:37:11+00:00 RUN_START id=OAFX1995 family=gj_overlap_stop_cap window=IS terminal=BT2 run=oafx_is_oafx1995_20260831033711_5e1785
2026-08-30T18:37:13+00:00 RUN_HEARTBEAT terminal=BT2 pid=53896 elapsed=0s
2026-08-30T18:37:27+00:00 RUN_END id=OAFX1993 window=IS terminal=BT1 status=OK decision=IS_REJECT elapsed=670.447s
2026-08-30T18:37:27+00:00 GATE_SKIP id=OAFX1993 window=OOS reason=IS_NOT_SURVIVOR decision=IS_REJECT net=268561.0 PF=1.4746 DD=38.8178%
2026-08-30T18:37:27+00:00 SCREEN_BYPASS [996/1000] id=OAFX1996 route=FULLBOOK_DIRECT reason=他枠の同時保有を参照するため、単独枠スクリーニングでは測定不能
2026-08-30T18:37:27+00:00 RUN_START id=OAFX1996 family=gj_overlap_stop_cap window=IS terminal=BT1 run=oafx_is_oafx1996_20260831033727_48e7ec
2026-08-30T18:37:28+00:00 RUN_HEARTBEAT terminal=BT1 pid=31992 elapsed=0s
2026-08-30T18:37:58+00:00 RUN_HEARTBEAT terminal=PROD pid=42724 elapsed=317s
2026-08-30T18:38:16+00:00 RUN_HEARTBEAT terminal=BT2 pid=53896 elapsed=63s
2026-08-30T18:38:31+00:00 RUN_HEARTBEAT terminal=BT1 pid=31992 elapsed=63s
2026-08-30T18:39:02+00:00 RUN_HEARTBEAT terminal=PROD pid=42724 elapsed=380s
2026-08-30T18:39:18+00:00 RUN_HEARTBEAT terminal=BT2 pid=53896 elapsed=126s
2026-08-30T18:39:34+00:00 RUN_HEARTBEAT terminal=BT1 pid=31992 elapsed=126s
2026-08-30T18:40:07+00:00 RUN_HEARTBEAT terminal=PROD pid=42724 elapsed=445s
2026-08-30T18:40:23+00:00 RUN_HEARTBEAT terminal=BT2 pid=53896 elapsed=190s
2026-08-30T18:40:39+00:00 RUN_HEARTBEAT terminal=BT1 pid=31992 elapsed=191s
2026-08-30T18:41:11+00:00 RUN_HEARTBEAT terminal=PROD pid=42724 elapsed=510s
2026-08-30T18:41:27+00:00 RUN_HEARTBEAT terminal=BT2 pid=53896 elapsed=254s
2026-08-30T18:41:43+00:00 RUN_HEARTBEAT terminal=BT1 pid=31992 elapsed=255s
2026-08-30T18:42:15+00:00 RUN_HEARTBEAT terminal=PROD pid=42724 elapsed=573s
2026-08-30T18:42:31+00:00 RUN_HEARTBEAT terminal=BT2 pid=53896 elapsed=318s
2026-08-30T18:42:46+00:00 RUN_HEARTBEAT terminal=BT1 pid=31992 elapsed=318s
2026-08-30T18:43:18+00:00 WAIT_MT5_IDLE terminal=PROD elapsed=1s pids=[26348]
2026-08-30T18:43:34+00:00 RUN_HEARTBEAT terminal=BT2 pid=53896 elapsed=381s
2026-08-30T18:43:50+00:00 RUN_HEARTBEAT terminal=BT1 pid=31992 elapsed=382s
2026-08-30T18:44:22+00:00 WAIT_MT5_IDLE terminal=PROD elapsed=65s pids=[26348]
2026-08-30T18:44:38+00:00 RUN_HEARTBEAT terminal=BT2 pid=53896 elapsed=445s
2026-08-30T18:44:54+00:00 RUN_HEARTBEAT terminal=BT1 pid=31992 elapsed=446s
2026-08-30T18:44:55+00:00 KILL_ORPHAN_TESTER terminal=PROD pids=[26348] orphan_seconds=96
2026-08-30T18:45:10+00:00 RUN_END id=OAFX1994 window=IS terminal=PROD status=OK decision=IS_REJECT elapsed=750.086s
2026-08-30T18:45:10+00:00 GATE_SKIP id=OAFX1994 window=OOS reason=IS_NOT_SURVIVOR decision=IS_REJECT net=288882.0 PF=1.4916 DD=43.2422%
2026-08-30T18:45:10+00:00 SCREEN_BYPASS [997/1000] id=OAFX1997 route=FULLBOOK_DIRECT reason=他枠の同時保有を参照するため、単独枠スクリーニングでは測定不能
2026-08-30T18:45:10+00:00 SKIP_EXISTING [997/1000] id=OAFX1997 window=IS
2026-08-30T18:45:10+00:00 GATE_SKIP id=OAFX1997 window=OOS reason=IS_NOT_SURVIVOR decision=IS_REJECT net=262733.0 PF=1.3986 DD=48.3834%
2026-08-30T18:45:10+00:00 SCREEN_BYPASS [998/1000] id=OAFX1998 route=FULLBOOK_DIRECT reason=他枠の同時保有を参照するため、単独枠スクリーニングでは測定不能
2026-08-30T18:45:10+00:00 RUN_START id=OAFX1998 family=gj_overlap_stop_cap window=IS terminal=PROD run=oafx_is_oafx1998_20260831034510_a54916
2026-08-30T18:45:12+00:00 RUN_HEARTBEAT terminal=PROD pid=25428 elapsed=0s
2026-08-30T18:45:42+00:00 RUN_HEARTBEAT terminal=BT2 pid=53896 elapsed=509s
2026-08-30T18:45:58+00:00 RUN_HEARTBEAT terminal=BT1 pid=31992 elapsed=510s
2026-08-30T18:46:14+00:00 RUN_HEARTBEAT terminal=PROD pid=25428 elapsed=63s
2026-08-30T18:46:46+00:00 RUN_HEARTBEAT terminal=BT2 pid=53896 elapsed=574s
2026-08-30T18:47:02+00:00 RUN_HEARTBEAT terminal=BT1 pid=31992 elapsed=574s
2026-08-30T18:47:19+00:00 RUN_HEARTBEAT terminal=PROD pid=25428 elapsed=127s
2026-08-30T18:47:34+00:00 RUN_END id=OAFX1995 window=IS terminal=BT2 status=OK decision=IS_REJECT elapsed=623.298s
2026-08-30T18:47:34+00:00 GATE_SKIP id=OAFX1995 window=OOS reason=IS_NOT_SURVIVOR decision=IS_REJECT net=284794.0 PF=1.4668 DD=40.8533%
2026-08-30T18:47:34+00:00 SCREEN_BYPASS [999/1000] id=OAFX1999 route=FULLBOOK_DIRECT reason=他枠の同時保有を参照するため、単独枠スクリーニングでは測定不能
2026-08-30T18:47:34+00:00 SKIP_EXISTING [999/1000] id=OAFX1999 window=IS
2026-08-30T18:47:34+00:00 SKIP_EXISTING [999/1000] id=OAFX1999 window=OOS
2026-08-30T18:47:35+00:00 SCREEN_BYPASS [1000/1000] id=OAFX2000 route=FULLBOOK_DIRECT reason=他枠の同時保有を参照するため、単独枠スクリーニングでは測定不能
2026-08-30T18:47:35+00:00 SKIP_EXISTING [1000/1000] id=OAFX2000 window=IS
2026-08-30T18:47:35+00:00 SKIP_EXISTING [1000/1000] id=OAFX2000 window=OOS
2026-08-30T18:48:06+00:00 RUN_HEARTBEAT terminal=BT1 pid=31992 elapsed=638s
2026-08-30T18:48:22+00:00 RUN_HEARTBEAT terminal=PROD pid=25428 elapsed=190s
2026-08-30T18:48:22+00:00 RUN_END id=OAFX1996 window=IS terminal=BT1 status=OK decision=IS_REJECT elapsed=655.005s
2026-08-30T18:48:22+00:00 GATE_SKIP id=OAFX1996 window=OOS reason=IS_NOT_SURVIVOR decision=IS_REJECT net=271798.0 PF=1.4307 DD=41.8214%
2026-08-30T18:49:24+00:00 RUN_HEARTBEAT terminal=PROD pid=25428 elapsed=252s
2026-08-30T18:50:26+00:00 RUN_HEARTBEAT terminal=PROD pid=25428 elapsed=315s
2026-08-30T18:51:29+00:00 RUN_HEARTBEAT terminal=PROD pid=25428 elapsed=377s
2026-08-30T18:52:31+00:00 RUN_HEARTBEAT terminal=PROD pid=25428 elapsed=440s
2026-08-30T18:53:33+00:00 RUN_END id=OAFX1998 window=IS terminal=PROD status=OK decision=IS_REJECT elapsed=503.124s
2026-08-30T18:53:33+00:00 GATE_SKIP id=OAFX1998 window=OOS reason=IS_NOT_SURVIVOR decision=IS_REJECT net=259276.0 PF=1.3826 DD=51.6932%
2026-08-30T18:53:33+00:00 QUEUE_SUMMARY selected=1000 started=125 skipped=915 gated=945
2026-08-30T18:53:33+00:00 DRIVER_END status=OK
スリープ抑止を解除しました
