スリープ抑止を有効化しました（このプロセス終了で自動解除）
2026-08-29T23:23:45+00:00 DRIVER_START pid=19896 stage=all targets=1000 terminals=PROD,BT1,BT2,BT3,BT4 stagger=8s sha_gate=False magic_gate=False
2026-08-29T23:23:45+00:00 DAILY_BASELINE_REFRESH_START date=2026-08-30
2026-08-29T23:23:45+00:00 RUN_START id=REGRESSION_BASELINE family=daily_baseline window=IS terminal=PROD run=oafx_is_regression_baseline_20260830082345_3427b3
2026-08-29T23:23:47+00:00 RUN_HEARTBEAT terminal=PROD pid=43272 elapsed=0s
2026-08-29T23:24:51+00:00 RUN_HEARTBEAT terminal=PROD pid=43272 elapsed=64s
2026-08-29T23:25:55+00:00 RUN_HEARTBEAT terminal=PROD pid=43272 elapsed=128s
2026-08-29T23:26:59+00:00 RUN_HEARTBEAT terminal=PROD pid=43272 elapsed=192s
2026-08-29T23:28:11+00:00 RUN_HEARTBEAT terminal=PROD pid=43272 elapsed=264s
2026-08-29T23:29:14+00:00 RUN_HEARTBEAT terminal=PROD pid=43272 elapsed=328s
2026-08-29T23:30:18+00:00 RUN_HEARTBEAT terminal=PROD pid=43272 elapsed=391s
2026-08-29T23:31:21+00:00 RUN_HEARTBEAT terminal=PROD pid=43272 elapsed=455s
2026-08-29T23:31:37+00:00 WAIT_MT5_IDLE terminal=PROD elapsed=1s pids=[52060]
2026-08-29T23:32:40+00:00 WAIT_MT5_IDLE terminal=PROD elapsed=64s pids=[52060]
2026-08-29T23:33:43+00:00 WAIT_MT5_IDLE terminal=PROD elapsed=127s pids=[52060]
2026-08-29T23:34:46+00:00 WAIT_MT5_IDLE terminal=PROD elapsed=190s pids=[52060]
2026-08-29T23:35:50+00:00 WAIT_MT5_IDLE terminal=PROD elapsed=253s pids=[52060]
2026-08-29T23:36:53+00:00 KILL_ORPHAN_TESTER terminal=PROD pids=[52060] orphan_seconds=316
2026-08-29T23:37:09+00:00 RUN_END id=REGRESSION_BASELINE window=IS terminal=PROD status=FAILED decision=RUN_FAILED elapsed=804.001s
2026-08-29T23:37:09+00:00 DAILY_BASELINE_REPORT_RECOVERED date=2026-08-30 window=IS net=279712.00 pf=1.3994 dd=34.8667 trades=1573
2026-08-29T23:37:09+00:00 RUN_START id=BASELINE_OOS family=baseline window=OOS terminal=PROD run=oafx_oos_baseline_oos_20260830083709_b35d44
2026-08-29T23:37:10+00:00 RUN_HEARTBEAT terminal=PROD pid=34984 elapsed=0s
2026-08-29T23:38:14+00:00 RUN_HEARTBEAT terminal=PROD pid=34984 elapsed=63s
2026-08-29T23:39:17+00:00 RUN_HEARTBEAT terminal=PROD pid=34984 elapsed=127s
2026-08-29T23:40:21+00:00 RUN_HEARTBEAT terminal=PROD pid=34984 elapsed=190s
2026-08-29T23:41:24+00:00 RUN_HEARTBEAT terminal=PROD pid=34984 elapsed=254s
2026-08-29T23:42:27+00:00 RUN_END id=BASELINE_OOS window=OOS terminal=PROD status=FAILED decision=RUN_FAILED elapsed=318.577s
2026-08-29T23:42:28+00:00 DAILY_BASELINE_REPORT_RECOVERED date=2026-08-30 window=OOS net=117124.00 pf=1.2182 dd=30.1366 trades=1354
2026-08-29T23:42:28+00:00 RUN_START id=BASELINE_SCREEN_IS family=daily_baseline window=SCREEN_IS terminal=PROD run=oafx_screen_is_baseline_screen_is_20260830084228_16aa31
2026-08-29T23:42:29+00:00 RUN_HEARTBEAT terminal=PROD pid=54636 elapsed=0s
2026-08-29T23:43:32+00:00 RUN_HEARTBEAT terminal=PROD pid=54636 elapsed=63s
2026-08-29T23:43:48+00:00 RUN_END id=BASELINE_SCREEN_IS window=SCREEN_IS terminal=PROD status=FAILED decision=RUN_FAILED elapsed=80.545s
2026-08-29T23:43:48+00:00 DAILY_BASELINE_REPORT_RECOVERED date=2026-08-30 window=SCREEN_IS net=84921.00 pf=1.2184 dd=19.5314 trades=685
2026-08-29T23:43:48+00:00 DAILY_BASELINE_REFRESH_END IS=net:279712.00,pf:1.3994,dd:34.8667,trades:1573,source:ACTUAL_MT5 OOS=net:117124.00,pf:1.2182,dd:30.1366,trades:1354,source:ACTUAL_MT5 SCREEN_IS=net:84921.00,pf:1.2184,dd:19.5314,trades:685,source:ACTUAL_MT5
2026-08-29T23:43:48+00:00 REGRESSION_GATE disabled; daily production baselines measured
2026-08-29T23:43:48+00:00 SCREEN_SKIP_EXISTING_FULLBOOK [1/1000] id=OAFX1001 reason=existing fullbook IS retained
2026-08-29T23:43:48+00:00 SCREEN_SKIP_EXISTING_FULLBOOK [2/1000] id=OAFX1002 reason=existing fullbook IS retained
2026-08-29T23:43:48+00:00 SCREEN_SKIP_EXISTING_FULLBOOK [4/1000] id=OAFX1004 reason=existing fullbook IS retained
2026-08-29T23:43:48+00:00 SCREEN_SKIP_EXISTING_FULLBOOK [3/1000] id=OAFX1003 reason=existing fullbook IS retained
2026-08-29T23:43:48+00:00 SCREEN_SKIP_EXISTING_FULLBOOK [5/1000] id=OAFX1005 reason=existing fullbook IS retained
2026-08-29T23:43:48+00:00 SKIP_EXISTING [1/1000] id=OAFX1001 window=IS
2026-08-29T23:43:48+00:00 SKIP_EXISTING [2/1000] id=OAFX1002 window=IS
2026-08-29T23:43:48+00:00 SKIP_EXISTING [4/1000] id=OAFX1004 window=IS
2026-08-29T23:43:48+00:00 SKIP_EXISTING [3/1000] id=OAFX1003 window=IS
2026-08-29T23:43:48+00:00 SKIP_EXISTING [5/1000] id=OAFX1005 window=IS
2026-08-29T23:43:48+00:00 GATE_SKIP id=OAFX1001 window=OOS reason=IS_NOT_SURVIVOR decision=IS_REJECT net=288878.0 PF=1.4248 DD=35.7377%
2026-08-29T23:43:48+00:00 GATE_SKIP id=OAFX1002 window=OOS reason=IS_NOT_SURVIVOR decision=IS_REJECT net=297530.0 PF=1.4375 DD=35.5774%
2026-08-29T23:43:48+00:00 GATE_SKIP id=OAFX1004 window=OOS reason=IS_NOT_SURVIVOR decision=IS_REJECT net=298674.0 PF=1.4392 DD=34.945%
2026-08-29T23:43:48+00:00 GATE_SKIP id=OAFX1003 window=OOS reason=IS_NOT_SURVIVOR decision=IS_REJECT net=296047.0 PF=1.4353 DD=35.0579%
2026-08-29T23:43:48+00:00 GATE_SKIP id=OAFX1005 window=OOS reason=IS_NOT_SURVIVOR decision=IS_REJECT net=301595.0 PF=1.4434 DD=35.2811%
2026-08-29T23:43:48+00:00 SCREEN_SKIP_EXISTING_FULLBOOK [6/1000] id=OAFX1006 reason=existing fullbook IS retained
2026-08-29T23:43:48+00:00 SCREEN_SKIP_EXISTING_FULLBOOK [7/1000] id=OAFX1007 reason=existing fullbook IS retained
2026-08-29T23:43:48+00:00 SCREEN_SKIP_EXISTING_FULLBOOK [8/1000] id=OAFX1008 reason=existing fullbook IS retained
2026-08-29T23:43:48+00:00 SCREEN_SKIP_EXISTING_FULLBOOK [9/1000] id=OAFX1009 reason=existing fullbook IS retained
2026-08-29T23:43:48+00:00 SCREEN_SKIP_EXISTING_FULLBOOK [10/1000] id=OAFX1010 reason=existing fullbook IS retained
2026-08-29T23:43:48+00:00 SKIP_EXISTING [6/1000] id=OAFX1006 window=IS
2026-08-29T23:43:48+00:00 SKIP_EXISTING [7/1000] id=OAFX1007 window=IS
2026-08-29T23:43:48+00:00 SKIP_EXISTING [8/1000] id=OAFX1008 window=IS
2026-08-29T23:43:48+00:00 SKIP_EXISTING [9/1000] id=OAFX1009 window=IS
2026-08-29T23:43:48+00:00 SKIP_EXISTING [10/1000] id=OAFX1010 window=IS
2026-08-29T23:43:48+00:00 GATE_SKIP id=OAFX1006 window=OOS reason=IS_NOT_SURVIVOR decision=IS_REJECT net=285380.0 PF=1.4164 DD=34.9232%
2026-08-29T23:43:48+00:00 GATE_SKIP id=OAFX1007 window=OOS reason=IS_NOT_SURVIVOR decision=IS_NOISE_BAND net=284497.0 PF=1.4147 DD=34.6204%
2026-08-29T23:43:48+00:00 SKIP_EXISTING [8/1000] id=OAFX1008 window=OOS
2026-08-29T23:43:48+00:00 SKIP_EXISTING [9/1000] id=OAFX1009 window=OOS
2026-08-29T23:43:48+00:00 SKIP_EXISTING [10/1000] id=OAFX1010 window=OOS
2026-08-29T23:43:48+00:00 SCREEN_SKIP_EXISTING_FULLBOOK [11/1000] id=OAFX1011 reason=existing fullbook IS retained
2026-08-29T23:43:48+00:00 SCREEN_SKIP_EXISTING_FULLBOOK [12/1000] id=OAFX1012 reason=existing fullbook IS retained
2026-08-29T23:43:48+00:00 SCREEN_SKIP_EXISTING_FULLBOOK [13/1000] id=OAFX1013 reason=existing fullbook IS retained
2026-08-29T23:43:48+00:00 SCREEN_SKIP_EXISTING_FULLBOOK [14/1000] id=OAFX1014 reason=existing fullbook IS retained
2026-08-29T23:43:48+00:00 SCREEN_SKIP_EXISTING_FULLBOOK [15/1000] id=OAFX1015 reason=existing fullbook IS retained
2026-08-29T23:43:48+00:00 SKIP_EXISTING [11/1000] id=OAFX1011 window=IS
2026-08-29T23:43:48+00:00 SKIP_EXISTING [12/1000] id=OAFX1012 window=IS
2026-08-29T23:43:48+00:00 SKIP_EXISTING [13/1000] id=OAFX1013 window=IS
2026-08-29T23:43:48+00:00 SKIP_EXISTING [14/1000] id=OAFX1014 window=IS
2026-08-29T23:43:48+00:00 SKIP_EXISTING [15/1000] id=OAFX1015 window=IS
2026-08-29T23:43:48+00:00 GATE_SKIP id=OAFX1011 window=OOS reason=IS_NOT_SURVIVOR decision=IS_REJECT net=317006.0 PF=1.4711 DD=35.4837%
2026-08-29T23:43:48+00:00 GATE_SKIP id=OAFX1012 window=OOS reason=IS_NOT_SURVIVOR decision=IS_REJECT net=316642.0 PF=1.4706 DD=35.7429%
2026-08-29T23:43:48+00:00 GATE_SKIP id=OAFX1013 window=OOS reason=IS_NOT_SURVIVOR decision=IS_REJECT net=318366.0 PF=1.4732 DD=35.6441%
2026-08-29T23:43:48+00:00 GATE_SKIP id=OAFX1014 window=OOS reason=IS_NOT_SURVIVOR decision=IS_REJECT net=299406.0 PF=1.4408 DD=35.5428%
2026-08-29T23:43:48+00:00 GATE_SKIP id=OAFX1015 window=OOS reason=IS_NOT_SURVIVOR decision=IS_REJECT net=300382.0 PF=1.4422 DD=35.4401%
2026-08-29T23:43:48+00:00 SCREEN_SKIP_EXISTING_FULLBOOK [16/1000] id=OAFX1016 reason=existing fullbook IS retained
2026-08-29T23:43:48+00:00 SCREEN_SKIP_EXISTING_FULLBOOK [17/1000] id=OAFX1017 reason=existing fullbook IS retained
2026-08-29T23:43:48+00:00 SCREEN_SKIP_EXISTING_FULLBOOK [18/1000] id=OAFX1018 reason=existing fullbook IS retained
2026-08-29T23:43:48+00:00 SCREEN_SKIP_EXISTING_FULLBOOK [19/1000] id=OAFX1019 reason=existing fullbook IS retained
2026-08-29T23:43:48+00:00 SCREEN_SKIP_EXISTING_FULLBOOK [20/1000] id=OAFX1020 reason=existing fullbook IS retained
2026-08-29T23:43:48+00:00 SKIP_EXISTING [16/1000] id=OAFX1016 window=IS
2026-08-29T23:43:48+00:00 SKIP_EXISTING [17/1000] id=OAFX1017 window=IS
2026-08-29T23:43:48+00:00 SKIP_EXISTING [18/1000] id=OAFX1018 window=IS
2026-08-29T23:43:48+00:00 SKIP_EXISTING [19/1000] id=OAFX1019 window=IS
2026-08-29T23:43:48+00:00 SKIP_EXISTING [20/1000] id=OAFX1020 window=IS
2026-08-29T23:43:48+00:00 GATE_SKIP id=OAFX1016 window=OOS reason=IS_NOT_SURVIVOR decision=IS_REJECT net=297881.0 PF=1.438 DD=35.3542%
2026-08-29T23:43:48+00:00 GATE_SKIP id=OAFX1017 window=OOS reason=IS_NOT_SURVIVOR decision=IS_REJECT net=296831.0 PF=1.4365 DD=35.258%
2026-08-29T23:43:48+00:00 GATE_SKIP id=OAFX1018 window=OOS reason=IS_NOT_SURVIVOR decision=IS_REJECT net=297359.0 PF=1.4372 DD=35.1669%
2026-08-29T23:43:48+00:00 GATE_SKIP id=OAFX1019 window=OOS reason=IS_NOT_SURVIVOR decision=IS_REJECT net=298036.0 PF=1.4382 DD=35.0681%
2026-08-29T23:43:48+00:00 GATE_SKIP id=OAFX1020 window=OOS reason=IS_NOT_SURVIVOR decision=IS_REJECT net=298721.0 PF=1.4392 DD=34.9693%
2026-08-29T23:43:48+00:00 SCREEN_SKIP_EXISTING_FULLBOOK [21/1000] id=OAFX1021 reason=existing fullbook IS retained
2026-08-29T23:43:48+00:00 SCREEN_SKIP_EXISTING_FULLBOOK [22/1000] id=OAFX1022 reason=existing fullbook IS retained
2026-08-29T23:43:48+00:00 SCREEN_SKIP_EXISTING_FULLBOOK [23/1000] id=OAFX1023 reason=existing fullbook IS retained
2026-08-29T23:43:48+00:00 SCREEN_SKIP_EXISTING_FULLBOOK [24/1000] id=OAFX1024 reason=existing fullbook IS retained
2026-08-29T23:43:48+00:00 SCREEN_SKIP_EXISTING_FULLBOOK [25/1000] id=OAFX1025 reason=existing fullbook IS retained
2026-08-29T23:43:48+00:00 SKIP_EXISTING [21/1000] id=OAFX1021 window=IS
2026-08-29T23:43:48+00:00 SKIP_EXISTING [22/1000] id=OAFX1022 window=IS
2026-08-29T23:43:48+00:00 SKIP_EXISTING [23/1000] id=OAFX1023 window=IS
2026-08-29T23:43:48+00:00 SKIP_EXISTING [24/1000] id=OAFX1024 window=IS
2026-08-29T23:43:48+00:00 SKIP_EXISTING [25/1000] id=OAFX1025 window=IS
2026-08-29T23:43:48+00:00 GATE_SKIP id=OAFX1021 window=OOS reason=IS_NOT_SURVIVOR decision=IS_NOISE_BAND net=290051.0 PF=1.4197 DD=34.6897%
2026-08-29T23:43:48+00:00 GATE_SKIP id=OAFX1022 window=OOS reason=IS_NOT_SURVIVOR decision=IS_NOISE_BAND net=290616.0 PF=1.4205 DD=34.6499%
2026-08-29T23:43:48+00:00 GATE_SKIP id=OAFX1023 window=OOS reason=IS_NOT_SURVIVOR decision=IS_NOISE_BAND net=290744.0 PF=1.4207 DD=34.6102%
2026-08-29T23:43:48+00:00 GATE_SKIP id=OAFX1024 window=OOS reason=IS_NOT_SURVIVOR decision=IS_NOISE_BAND net=287805.0 PF=1.4158 DD=34.5704%
2026-08-29T23:43:48+00:00 GATE_SKIP id=OAFX1025 window=OOS reason=IS_NOT_SURVIVOR decision=IS_NOISE_BAND net=286452.0 PF=1.4138 DD=34.5306%
2026-08-29T23:43:48+00:00 SCREEN_SKIP_EXISTING_FULLBOOK [26/1000] id=OAFX1026 reason=existing fullbook IS retained
2026-08-29T23:43:48+00:00 SCREEN_SKIP_EXISTING_FULLBOOK [27/1000] id=OAFX1027 reason=existing fullbook IS retained
2026-08-29T23:43:48+00:00 SCREEN_SKIP_EXISTING_FULLBOOK [28/1000] id=OAFX1028 reason=existing fullbook IS retained
2026-08-29T23:43:48+00:00 SCREEN_SKIP_EXISTING_FULLBOOK [29/1000] id=OAFX1029 reason=existing fullbook IS retained
2026-08-29T23:43:48+00:00 SCREEN_SKIP_EXISTING_FULLBOOK [30/1000] id=OAFX1030 reason=existing fullbook IS retained
2026-08-29T23:43:48+00:00 SKIP_EXISTING [26/1000] id=OAFX1026 window=IS
2026-08-29T23:43:48+00:00 SKIP_EXISTING [27/1000] id=OAFX1027 window=IS
2026-08-29T23:43:48+00:00 SKIP_EXISTING [28/1000] id=OAFX1028 window=IS
2026-08-29T23:43:48+00:00 SKIP_EXISTING [29/1000] id=OAFX1029 window=IS
2026-08-29T23:43:48+00:00 SKIP_EXISTING [30/1000] id=OAFX1030 window=IS
2026-08-29T23:43:48+00:00 GATE_SKIP id=OAFX1026 window=OOS reason=IS_NOT_SURVIVOR decision=IS_NOISE_BAND net=286628.0 PF=1.4141 DD=34.4832%
2026-08-29T23:43:48+00:00 GATE_SKIP id=OAFX1027 window=OOS reason=IS_NOT_SURVIVOR decision=IS_NOISE_BAND net=286890.0 PF=1.4145 DD=34.4293%
2026-08-29T23:43:48+00:00 GATE_SKIP id=OAFX1028 window=OOS reason=IS_NOT_SURVIVOR decision=IS_NOISE_BAND net=287117.0 PF=1.4148 DD=34.4088%
2026-08-29T23:43:48+00:00 GATE_SKIP id=OAFX1029 window=OOS reason=IS_NOT_SURVIVOR decision=IS_NOISE_BAND net=287378.0 PF=1.4152 DD=34.3703%
2026-08-29T23:43:48+00:00 SKIP_EXISTING [30/1000] id=OAFX1030 window=OOS
2026-08-29T23:43:48+00:00 SCREEN_SKIP_EXISTING_FULLBOOK [31/1000] id=OAFX1031 reason=existing fullbook IS retained
2026-08-29T23:43:48+00:00 SCREEN_SKIP_EXISTING_FULLBOOK [32/1000] id=OAFX1032 reason=existing fullbook IS retained
2026-08-29T23:43:48+00:00 SCREEN_SKIP_EXISTING_FULLBOOK [33/1000] id=OAFX1033 reason=existing fullbook IS retained
2026-08-29T23:43:48+00:00 SCREEN_SKIP_EXISTING_FULLBOOK [34/1000] id=OAFX1034 reason=existing fullbook IS retained
2026-08-29T23:43:48+00:00 SCREEN_SKIP_EXISTING_FULLBOOK [35/1000] id=OAFX1035 reason=existing fullbook IS retained
2026-08-29T23:43:48+00:00 SKIP_EXISTING [31/1000] id=OAFX1031 window=IS
2026-08-29T23:43:48+00:00 SKIP_EXISTING [32/1000] id=OAFX1032 window=IS
2026-08-29T23:43:48+00:00 SKIP_EXISTING [33/1000] id=OAFX1033 window=IS
2026-08-29T23:43:48+00:00 SKIP_EXISTING [34/1000] id=OAFX1034 window=IS
2026-08-29T23:43:48+00:00 SKIP_EXISTING [35/1000] id=OAFX1035 window=IS
2026-08-29T23:43:48+00:00 GATE_SKIP id=OAFX1031 window=OOS reason=IS_NOT_SURVIVOR decision=IS_NOISE_BAND net=283665.0 PF=1.4077 DD=34.5717%
2026-08-29T23:43:48+00:00 GATE_SKIP id=OAFX1032 window=OOS reason=IS_NOT_SURVIVOR decision=IS_NOISE_BAND net=283727.0 PF=1.4078 DD=34.5691%
2026-08-29T23:43:48+00:00 GATE_SKIP id=OAFX1033 window=OOS reason=IS_NOT_SURVIVOR decision=IS_NOISE_BAND net=283783.0 PF=1.4078 DD=34.5665%
2026-08-29T23:43:48+00:00 GATE_SKIP id=OAFX1034 window=OOS reason=IS_NOT_SURVIVOR decision=IS_NOISE_BAND net=283839.0 PF=1.4079 DD=34.564%
2026-08-29T23:43:48+00:00 GATE_SKIP id=OAFX1035 window=OOS reason=IS_NOT_SURVIVOR decision=IS_NOISE_BAND net=283896.0 PF=1.408 DD=34.5601%
2026-08-29T23:43:48+00:00 SCREEN_SKIP_EXISTING_FULLBOOK [36/1000] id=OAFX1036 reason=existing fullbook IS retained
2026-08-29T23:43:48+00:00 SCREEN_SKIP_EXISTING_FULLBOOK [37/1000] id=OAFX1037 reason=existing fullbook IS retained
2026-08-29T23:43:48+00:00 SCREEN_SKIP_EXISTING_FULLBOOK [38/1000] id=OAFX1038 reason=existing fullbook IS retained
2026-08-29T23:43:48+00:00 SCREEN_SKIP_EXISTING_FULLBOOK [39/1000] id=OAFX1039 reason=existing fullbook IS retained
2026-08-29T23:43:48+00:00 SCREEN_SKIP_EXISTING_FULLBOOK [40/1000] id=OAFX1040 reason=existing fullbook IS retained
2026-08-29T23:43:48+00:00 SKIP_EXISTING [36/1000] id=OAFX1036 window=IS
2026-08-29T23:43:48+00:00 SKIP_EXISTING [37/1000] id=OAFX1037 window=IS
2026-08-29T23:43:48+00:00 SKIP_EXISTING [38/1000] id=OAFX1038 window=IS
2026-08-29T23:43:48+00:00 SKIP_EXISTING [39/1000] id=OAFX1039 window=IS
2026-08-29T23:43:48+00:00 SKIP_EXISTING [40/1000] id=OAFX1040 window=IS
2026-08-29T23:43:48+00:00 GATE_SKIP id=OAFX1036 window=OOS reason=IS_NOT_SURVIVOR decision=IS_NOISE_BAND net=283951.0 PF=1.4081 DD=34.5588%
2026-08-29T23:43:48+00:00 GATE_SKIP id=OAFX1037 window=OOS reason=IS_NOT_SURVIVOR decision=IS_NOISE_BAND net=284061.0 PF=1.4082 DD=34.5563%
2026-08-29T23:43:48+00:00 GATE_SKIP id=OAFX1038 window=OOS reason=IS_NOT_SURVIVOR decision=IS_NOISE_BAND net=284069.0 PF=1.4083 DD=34.5537%
2026-08-29T23:43:48+00:00 GATE_SKIP id=OAFX1039 window=OOS reason=IS_NOT_SURVIVOR decision=IS_NOISE_BAND net=284125.0 PF=1.4083 DD=34.5511%
2026-08-29T23:43:48+00:00 GATE_SKIP id=OAFX1040 window=OOS reason=IS_NOT_SURVIVOR decision=IS_NOISE_BAND net=284194.0 PF=1.4084 DD=34.5473%
2026-08-29T23:43:48+00:00 SCREEN_SKIP_EXISTING_FULLBOOK [41/1000] id=OAFX1041 reason=existing fullbook IS retained
2026-08-29T23:43:48+00:00 SCREEN_SKIP_EXISTING_FULLBOOK [42/1000] id=OAFX1042 reason=existing fullbook IS retained
2026-08-29T23:43:48+00:00 SCREEN_SKIP_EXISTING_FULLBOOK [43/1000] id=OAFX1043 reason=existing fullbook IS retained
2026-08-29T23:43:48+00:00 SCREEN_SKIP_EXISTING_FULLBOOK [44/1000] id=OAFX1044 reason=existing fullbook IS retained
2026-08-29T23:43:48+00:00 SCREEN_SKIP_EXISTING_FULLBOOK [45/1000] id=OAFX1045 reason=existing fullbook IS retained
2026-08-29T23:43:48+00:00 SKIP_EXISTING [41/1000] id=OAFX1041 window=IS
2026-08-29T23:43:48+00:00 SKIP_EXISTING [42/1000] id=OAFX1042 window=IS
2026-08-29T23:43:48+00:00 SKIP_EXISTING [43/1000] id=OAFX1043 window=IS
2026-08-29T23:43:48+00:00 SKIP_EXISTING [44/1000] id=OAFX1044 window=IS
2026-08-29T23:43:48+00:00 SKIP_EXISTING [45/1000] id=OAFX1045 window=IS
2026-08-29T23:43:48+00:00 GATE_SKIP id=OAFX1041 window=OOS reason=IS_NOT_SURVIVOR decision=IS_NOISE_BAND net=282974.0 PF=1.4059 DD=34.759%
2026-08-29T23:43:48+00:00 GATE_SKIP id=OAFX1042 window=OOS reason=IS_NOT_SURVIVOR decision=IS_NOISE_BAND net=282974.0 PF=1.4059 DD=34.759%
2026-08-29T23:43:48+00:00 GATE_SKIP id=OAFX1043 window=OOS reason=IS_NOT_SURVIVOR decision=IS_NOISE_BAND net=282974.0 PF=1.4059 DD=34.759%
2026-08-29T23:43:48+00:00 GATE_SKIP id=OAFX1044 window=OOS reason=IS_NOT_SURVIVOR decision=IS_NOISE_BAND net=282974.0 PF=1.4059 DD=34.759%
2026-08-29T23:43:48+00:00 GATE_SKIP id=OAFX1045 window=OOS reason=IS_NOT_SURVIVOR decision=IS_NOISE_BAND net=282974.0 PF=1.4059 DD=34.759%
2026-08-29T23:43:48+00:00 SCREEN_SKIP_EXISTING_FULLBOOK [46/1000] id=OAFX1046 reason=existing fullbook IS retained
2026-08-29T23:43:48+00:00 SCREEN_SKIP_EXISTING_FULLBOOK [47/1000] id=OAFX1047 reason=existing fullbook IS retained
2026-08-29T23:43:48+00:00 SCREEN_SKIP_EXISTING_FULLBOOK [48/1000] id=OAFX1048 reason=existing fullbook IS retained
2026-08-29T23:43:48+00:00 SCREEN_SKIP_EXISTING_FULLBOOK [49/1000] id=OAFX1049 reason=existing fullbook IS retained
2026-08-29T23:43:48+00:00 SCREEN_SKIP_EXISTING_FULLBOOK [50/1000] id=OAFX1050 reason=existing fullbook IS retained
2026-08-29T23:43:48+00:00 SKIP_EXISTING [46/1000] id=OAFX1046 window=IS
2026-08-29T23:43:48+00:00 SKIP_EXISTING [47/1000] id=OAFX1047 window=IS
2026-08-29T23:43:48+00:00 SKIP_EXISTING [48/1000] id=OAFX1048 window=IS
2026-08-29T23:43:48+00:00 SKIP_EXISTING [49/1000] id=OAFX1049 window=IS
2026-08-29T23:43:48+00:00 SKIP_EXISTING [50/1000] id=OAFX1050 window=IS
2026-08-29T23:43:48+00:00 GATE_SKIP id=OAFX1046 window=OOS reason=IS_NOT_SURVIVOR decision=IS_NOISE_BAND net=282974.0 PF=1.4059 DD=34.759%
2026-08-29T23:43:48+00:00 GATE_SKIP id=OAFX1047 window=OOS reason=IS_NOT_SURVIVOR decision=IS_NOISE_BAND net=282974.0 PF=1.4059 DD=34.759%
2026-08-29T23:43:48+00:00 GATE_SKIP id=OAFX1048 window=OOS reason=IS_NOT_SURVIVOR decision=IS_NOISE_BAND net=282974.0 PF=1.4059 DD=34.759%
2026-08-29T23:43:48+00:00 GATE_SKIP id=OAFX1049 window=OOS reason=IS_NOT_SURVIVOR decision=IS_NOISE_BAND net=282974.0 PF=1.4059 DD=34.759%
2026-08-29T23:43:48+00:00 GATE_SKIP id=OAFX1050 window=OOS reason=IS_NOT_SURVIVOR decision=IS_NOISE_BAND net=282974.0 PF=1.4059 DD=34.759%
2026-08-29T23:43:48+00:00 SCREEN_SKIP_EXISTING_FULLBOOK [51/1000] id=OAFX1051 reason=existing fullbook IS retained
2026-08-29T23:43:48+00:00 SCREEN_SKIP_EXISTING_FULLBOOK [52/1000] id=OAFX1052 reason=existing fullbook IS retained
2026-08-29T23:43:48+00:00 SCREEN_SKIP_EXISTING_FULLBOOK [53/1000] id=OAFX1053 reason=existing fullbook IS retained
2026-08-29T23:43:48+00:00 SCREEN_SKIP_EXISTING_FULLBOOK [54/1000] id=OAFX1054 reason=existing fullbook IS retained
2026-08-29T23:43:48+00:00 SCREEN_SKIP_EXISTING_FULLBOOK [55/1000] id=OAFX1055 reason=existing fullbook IS retained
2026-08-29T23:43:48+00:00 SKIP_EXISTING [51/1000] id=OAFX1051 window=IS
2026-08-29T23:43:48+00:00 SKIP_EXISTING [52/1000] id=OAFX1052 window=IS
2026-08-29T23:43:48+00:00 SKIP_EXISTING [53/1000] id=OAFX1053 window=IS
2026-08-29T23:43:48+00:00 SKIP_EXISTING [54/1000] id=OAFX1054 window=IS
2026-08-29T23:43:48+00:00 SKIP_EXISTING [55/1000] id=OAFX1055 window=IS
2026-08-29T23:43:48+00:00 GATE_SKIP id=OAFX1051 window=OOS reason=IS_NOT_SURVIVOR decision=IS_NOISE_BAND net=280610.0 PF=1.4012 DD=34.8616%
2026-08-29T23:43:48+00:00 GATE_SKIP id=OAFX1052 window=OOS reason=IS_NOT_SURVIVOR decision=IS_NOISE_BAND net=280610.0 PF=1.4012 DD=34.8616%
2026-08-29T23:43:48+00:00 GATE_SKIP id=OAFX1053 window=OOS reason=IS_NOT_SURVIVOR decision=IS_NOISE_BAND net=280610.0 PF=1.4012 DD=34.8616%
2026-08-29T23:43:48+00:00 GATE_SKIP id=OAFX1054 window=OOS reason=IS_NOT_SURVIVOR decision=IS_NOISE_BAND net=280610.0 PF=1.4012 DD=34.8616%
2026-08-29T23:43:48+00:00 GATE_SKIP id=OAFX1055 window=OOS reason=IS_NOT_SURVIVOR decision=IS_NOISE_BAND net=280610.0 PF=1.4012 DD=34.8616%
2026-08-29T23:43:48+00:00 SCREEN_SKIP_EXISTING_FULLBOOK [56/1000] id=OAFX1056 reason=existing fullbook IS retained
2026-08-29T23:43:48+00:00 SCREEN_SKIP_EXISTING_FULLBOOK [57/1000] id=OAFX1057 reason=existing fullbook IS retained
2026-08-29T23:43:48+00:00 SCREEN_SKIP_EXISTING_FULLBOOK [58/1000] id=OAFX1058 reason=existing fullbook IS retained
2026-08-29T23:43:48+00:00 SCREEN_SKIP_EXISTING_FULLBOOK [59/1000] id=OAFX1059 reason=existing fullbook IS retained
2026-08-29T23:43:48+00:00 SCREEN_SKIP_EXISTING_FULLBOOK [60/1000] id=OAFX1060 reason=existing fullbook IS retained
2026-08-29T23:43:48+00:00 SKIP_EXISTING [56/1000] id=OAFX1056 window=IS
2026-08-29T23:43:48+00:00 SKIP_EXISTING [57/1000] id=OAFX1057 window=IS
2026-08-29T23:43:48+00:00 SKIP_EXISTING [58/1000] id=OAFX1058 window=IS
2026-08-29T23:43:48+00:00 SKIP_EXISTING [59/1000] id=OAFX1059 window=IS
2026-08-29T23:43:48+00:00 SKIP_EXISTING [60/1000] id=OAFX1060 window=IS
2026-08-29T23:43:48+00:00 GATE_SKIP id=OAFX1056 window=OOS reason=IS_NOT_SURVIVOR decision=IS_NOISE_BAND net=280610.0 PF=1.4012 DD=34.8616%
2026-08-29T23:43:48+00:00 GATE_SKIP id=OAFX1057 window=OOS reason=IS_NOT_SURVIVOR decision=IS_NOISE_BAND net=280610.0 PF=1.4012 DD=34.8616%
2026-08-29T23:43:48+00:00 GATE_SKIP id=OAFX1058 window=OOS reason=IS_NOT_SURVIVOR decision=IS_NOISE_BAND net=280610.0 PF=1.4012 DD=34.8616%
2026-08-29T23:43:48+00:00 GATE_SKIP id=OAFX1059 window=OOS reason=IS_NOT_SURVIVOR decision=IS_NOISE_BAND net=280610.0 PF=1.4012 DD=34.8616%
2026-08-29T23:43:48+00:00 GATE_SKIP id=OAFX1060 window=OOS reason=IS_NOT_SURVIVOR decision=IS_NOISE_BAND net=280610.0 PF=1.4012 DD=34.8616%
2026-08-29T23:43:48+00:00 SCREEN_SKIP_EXISTING_FULLBOOK [61/1000] id=OAFX1061 reason=existing fullbook IS retained
2026-08-29T23:43:48+00:00 SCREEN_SKIP_EXISTING_FULLBOOK [62/1000] id=OAFX1062 reason=existing fullbook IS retained
2026-08-29T23:43:48+00:00 SCREEN_SKIP_EXISTING_FULLBOOK [63/1000] id=OAFX1063 reason=existing fullbook IS retained
2026-08-29T23:43:48+00:00 SCREEN_SKIP_EXISTING_FULLBOOK [64/1000] id=OAFX1064 reason=existing fullbook IS retained
2026-08-29T23:43:48+00:00 SCREEN_SKIP_EXISTING_FULLBOOK [65/1000] id=OAFX1065 reason=existing fullbook IS retained
2026-08-29T23:43:48+00:00 SKIP_EXISTING [61/1000] id=OAFX1061 window=IS
2026-08-29T23:43:48+00:00 SKIP_EXISTING [62/1000] id=OAFX1062 window=IS
2026-08-29T23:43:48+00:00 SKIP_EXISTING [63/1000] id=OAFX1063 window=IS
2026-08-29T23:43:48+00:00 SKIP_EXISTING [64/1000] id=OAFX1064 window=IS
2026-08-29T23:43:48+00:00 SKIP_EXISTING [65/1000] id=OAFX1065 window=IS
2026-08-29T23:43:48+00:00 GATE_SKIP id=OAFX1061 window=OOS reason=IS_NOT_SURVIVOR decision=IS_REJECT net=281386.0 PF=1.4027 DD=34.8667%
2026-08-29T23:43:48+00:00 GATE_SKIP id=OAFX1062 window=OOS reason=IS_NOT_SURVIVOR decision=IS_REJECT net=281386.0 PF=1.4027 DD=34.8667%
2026-08-29T23:43:48+00:00 GATE_SKIP id=OAFX1063 window=OOS reason=IS_NOT_SURVIVOR decision=IS_REJECT net=281386.0 PF=1.4027 DD=34.8667%
2026-08-29T23:43:48+00:00 GATE_SKIP id=OAFX1064 window=OOS reason=IS_NOT_SURVIVOR decision=IS_REJECT net=281386.0 PF=1.4027 DD=34.8667%
2026-08-29T23:43:48+00:00 GATE_SKIP id=OAFX1065 window=OOS reason=IS_NOT_SURVIVOR decision=IS_REJECT net=281386.0 PF=1.4027 DD=34.8667%
2026-08-29T23:43:48+00:00 SCREEN_SKIP_EXISTING_FULLBOOK [66/1000] id=OAFX1066 reason=existing fullbook IS retained
2026-08-29T23:43:48+00:00 SCREEN_SKIP_EXISTING_FULLBOOK [67/1000] id=OAFX1067 reason=existing fullbook IS retained
2026-08-29T23:43:48+00:00 SCREEN_SKIP_EXISTING_FULLBOOK [68/1000] id=OAFX1068 reason=existing fullbook IS retained
2026-08-29T23:43:48+00:00 SCREEN_SKIP_EXISTING_FULLBOOK [69/1000] id=OAFX1069 reason=existing fullbook IS retained
2026-08-29T23:43:48+00:00 SCREEN_SKIP_EXISTING_FULLBOOK [70/1000] id=OAFX1070 reason=existing fullbook IS retained
2026-08-29T23:43:48+00:00 SKIP_EXISTING [66/1000] id=OAFX1066 window=IS
2026-08-29T23:43:48+00:00 SKIP_EXISTING [67/1000] id=OAFX1067 window=IS
2026-08-29T23:43:48+00:00 SKIP_EXISTING [68/1000] id=OAFX1068 window=IS
2026-08-29T23:43:48+00:00 SKIP_EXISTING [69/1000] id=OAFX1069 window=IS
2026-08-29T23:43:48+00:00 SKIP_EXISTING [70/1000] id=OAFX1070 window=IS
2026-08-29T23:43:48+00:00 GATE_SKIP id=OAFX1066 window=OOS reason=IS_NOT_SURVIVOR decision=IS_REJECT net=281386.0 PF=1.4027 DD=34.8667%
2026-08-29T23:43:48+00:00 GATE_SKIP id=OAFX1067 window=OOS reason=IS_NOT_SURVIVOR decision=IS_REJECT net=281386.0 PF=1.4027 DD=34.8667%
2026-08-29T23:43:48+00:00 GATE_SKIP id=OAFX1068 window=OOS reason=IS_NOT_SURVIVOR decision=IS_REJECT net=281386.0 PF=1.4027 DD=34.8667%
2026-08-29T23:43:48+00:00 GATE_SKIP id=OAFX1069 window=OOS reason=IS_NOT_SURVIVOR decision=IS_REJECT net=281386.0 PF=1.4027 DD=34.8667%
2026-08-29T23:43:48+00:00 GATE_SKIP id=OAFX1070 window=OOS reason=IS_NOT_SURVIVOR decision=IS_REJECT net=281386.0 PF=1.4027 DD=34.8667%
2026-08-29T23:43:48+00:00 SKIP_EXISTING [71/1000] id=OAFX1071 window=SCREEN_IS
2026-08-29T23:43:48+00:00 SKIP_EXISTING [72/1000] id=OAFX1072 window=SCREEN_IS
2026-08-29T23:43:48+00:00 SKIP_EXISTING [73/1000] id=OAFX1073 window=SCREEN_IS
2026-08-29T23:43:48+00:00 SKIP_EXISTING [74/1000] id=OAFX1074 window=SCREEN_IS
2026-08-29T23:43:48+00:00 SKIP_EXISTING [75/1000] id=OAFX1075 window=SCREEN_IS
2026-08-29T23:43:48+00:00 GATE_SKIP id=OAFX1071 window=IS reason=SINGLE_SLEEVE_INFERIOR decision=SCREEN_NOISE_BAND net=85371.0 PF=1.2198 DD=19.3044%
2026-08-29T23:43:48+00:00 GATE_SKIP id=OAFX1072 window=IS reason=SINGLE_SLEEVE_INFERIOR decision=SCREEN_NOISE_BAND net=85371.0 PF=1.2198 DD=19.3044%
2026-08-29T23:43:48+00:00 GATE_SKIP id=OAFX1073 window=IS reason=SINGLE_SLEEVE_INFERIOR decision=SCREEN_NOISE_BAND net=85371.0 PF=1.2198 DD=19.3044%
2026-08-29T23:43:48+00:00 GATE_SKIP id=OAFX1074 window=IS reason=SINGLE_SLEEVE_INFERIOR decision=SCREEN_NOISE_BAND net=85371.0 PF=1.2198 DD=19.3044%
2026-08-29T23:43:48+00:00 GATE_SKIP id=OAFX1075 window=IS reason=SINGLE_SLEEVE_INFERIOR decision=SCREEN_NOISE_BAND net=85371.0 PF=1.2198 DD=19.3044%
2026-08-29T23:43:48+00:00 SKIP_EXISTING [76/1000] id=OAFX1076 window=SCREEN_IS
2026-08-29T23:43:48+00:00 SKIP_EXISTING [77/1000] id=OAFX1077 window=SCREEN_IS
2026-08-29T23:43:48+00:00 SKIP_EXISTING [78/1000] id=OAFX1078 window=SCREEN_IS
2026-08-29T23:43:48+00:00 SKIP_EXISTING [79/1000] id=OAFX1079 window=SCREEN_IS
2026-08-29T23:43:48+00:00 SKIP_EXISTING [80/1000] id=OAFX1080 window=SCREEN_IS
2026-08-29T23:43:48+00:00 GATE_SKIP id=OAFX1076 window=IS reason=SINGLE_SLEEVE_INFERIOR decision=SCREEN_NOISE_BAND net=85371.0 PF=1.2198 DD=19.3044%
2026-08-29T23:43:48+00:00 GATE_SKIP id=OAFX1077 window=IS reason=SINGLE_SLEEVE_INFERIOR decision=SCREEN_NOISE_BAND net=85371.0 PF=1.2198 DD=19.3044%
2026-08-29T23:43:48+00:00 GATE_SKIP id=OAFX1078 window=IS reason=SINGLE_SLEEVE_INFERIOR decision=SCREEN_NOISE_BAND net=85371.0 PF=1.2198 DD=19.3044%
2026-08-29T23:43:48+00:00 GATE_SKIP id=OAFX1079 window=IS reason=SINGLE_SLEEVE_INFERIOR decision=SCREEN_NOISE_BAND net=85371.0 PF=1.2198 DD=19.3044%
2026-08-29T23:43:48+00:00 GATE_SKIP id=OAFX1080 window=IS reason=SINGLE_SLEEVE_INFERIOR decision=SCREEN_NOISE_BAND net=85371.0 PF=1.2198 DD=19.3044%
2026-08-29T23:43:48+00:00 SKIP_EXISTING [81/1000] id=OAFX1081 window=SCREEN_IS
2026-08-29T23:43:48+00:00 SKIP_EXISTING [82/1000] id=OAFX1082 window=SCREEN_IS
2026-08-29T23:43:48+00:00 SKIP_EXISTING [83/1000] id=OAFX1083 window=SCREEN_IS
2026-08-29T23:43:48+00:00 SKIP_EXISTING [84/1000] id=OAFX1084 window=SCREEN_IS
2026-08-29T23:43:48+00:00 SKIP_EXISTING [85/1000] id=OAFX1085 window=SCREEN_IS
2026-08-29T23:43:48+00:00 GATE_SKIP id=OAFX1081 window=IS reason=SINGLE_SLEEVE_INFERIOR decision=SCREEN_OUT_SINGLE_SLEEVE net=84921.0 PF=1.2184 DD=19.5314%
2026-08-29T23:43:48+00:00 GATE_SKIP id=OAFX1082 window=IS reason=SINGLE_SLEEVE_INFERIOR decision=SCREEN_OUT_SINGLE_SLEEVE net=84921.0 PF=1.2184 DD=19.5314%
2026-08-29T23:43:48+00:00 GATE_SKIP id=OAFX1083 window=IS reason=SINGLE_SLEEVE_INFERIOR decision=SCREEN_OUT_SINGLE_SLEEVE net=84921.0 PF=1.2184 DD=19.5314%
2026-08-29T23:43:48+00:00 GATE_SKIP id=OAFX1084 window=IS reason=SINGLE_SLEEVE_INFERIOR decision=SCREEN_OUT_SINGLE_SLEEVE net=84921.0 PF=1.2184 DD=19.5314%
2026-08-29T23:43:48+00:00 GATE_SKIP id=OAFX1085 window=IS reason=SINGLE_SLEEVE_INFERIOR decision=SCREEN_OUT_SINGLE_SLEEVE net=84921.0 PF=1.2184 DD=19.5314%
2026-08-29T23:43:48+00:00 SKIP_EXISTING [86/1000] id=OAFX1086 window=SCREEN_IS
2026-08-29T23:43:48+00:00 SKIP_EXISTING [87/1000] id=OAFX1087 window=SCREEN_IS
2026-08-29T23:43:48+00:00 SKIP_EXISTING [88/1000] id=OAFX1088 window=SCREEN_IS
2026-08-29T23:43:48+00:00 SKIP_EXISTING [89/1000] id=OAFX1089 window=SCREEN_IS
2026-08-29T23:43:48+00:00 SKIP_EXISTING [90/1000] id=OAFX1090 window=SCREEN_IS
2026-08-29T23:43:48+00:00 GATE_SKIP id=OAFX1086 window=IS reason=SINGLE_SLEEVE_INFERIOR decision=SCREEN_OUT_SINGLE_SLEEVE net=84921.0 PF=1.2184 DD=19.5314%
2026-08-29T23:43:48+00:00 GATE_SKIP id=OAFX1087 window=IS reason=SINGLE_SLEEVE_INFERIOR decision=SCREEN_OUT_SINGLE_SLEEVE net=84921.0 PF=1.2184 DD=19.5314%
2026-08-29T23:43:48+00:00 GATE_SKIP id=OAFX1088 window=IS reason=SINGLE_SLEEVE_INFERIOR decision=SCREEN_OUT_SINGLE_SLEEVE net=84921.0 PF=1.2184 DD=19.5314%
2026-08-29T23:43:48+00:00 GATE_SKIP id=OAFX1089 window=IS reason=SINGLE_SLEEVE_INFERIOR decision=SCREEN_OUT_SINGLE_SLEEVE net=84921.0 PF=1.2184 DD=19.5314%
2026-08-29T23:43:48+00:00 GATE_SKIP id=OAFX1090 window=IS reason=SINGLE_SLEEVE_INFERIOR decision=SCREEN_OUT_SINGLE_SLEEVE net=84921.0 PF=1.2184 DD=19.5314%
2026-08-29T23:43:48+00:00 SKIP_EXISTING [91/1000] id=OAFX1091 window=SCREEN_IS
2026-08-29T23:43:48+00:00 SKIP_EXISTING [92/1000] id=OAFX1092 window=SCREEN_IS
2026-08-29T23:43:48+00:00 SKIP_EXISTING [93/1000] id=OAFX1093 window=SCREEN_IS
2026-08-29T23:43:48+00:00 SKIP_EXISTING [94/1000] id=OAFX1094 window=SCREEN_IS
2026-08-29T23:43:48+00:00 SKIP_EXISTING [95/1000] id=OAFX1095 window=SCREEN_IS
2026-08-29T23:43:48+00:00 GATE_SKIP id=OAFX1091 window=IS reason=SINGLE_SLEEVE_INFERIOR decision=SCREEN_OUT_SINGLE_SLEEVE net=84921.0 PF=1.2184 DD=19.5314%
2026-08-29T23:43:48+00:00 GATE_SKIP id=OAFX1092 window=IS reason=SINGLE_SLEEVE_INFERIOR decision=SCREEN_OUT_SINGLE_SLEEVE net=84921.0 PF=1.2184 DD=19.5314%
2026-08-29T23:43:48+00:00 GATE_SKIP id=OAFX1093 window=IS reason=SINGLE_SLEEVE_INFERIOR decision=SCREEN_OUT_SINGLE_SLEEVE net=84921.0 PF=1.2184 DD=19.5314%
2026-08-29T23:43:48+00:00 GATE_SKIP id=OAFX1094 window=IS reason=SINGLE_SLEEVE_INFERIOR decision=SCREEN_OUT_SINGLE_SLEEVE net=84921.0 PF=1.2184 DD=19.5314%
2026-08-29T23:43:48+00:00 GATE_SKIP id=OAFX1095 window=IS reason=SINGLE_SLEEVE_INFERIOR decision=SCREEN_OUT_SINGLE_SLEEVE net=84921.0 PF=1.2184 DD=19.5314%
2026-08-29T23:43:48+00:00 SKIP_EXISTING [96/1000] id=OAFX1096 window=SCREEN_IS
2026-08-29T23:43:48+00:00 SKIP_EXISTING [97/1000] id=OAFX1097 window=SCREEN_IS
2026-08-29T23:43:48+00:00 SKIP_EXISTING [98/1000] id=OAFX1098 window=SCREEN_IS
2026-08-29T23:43:48+00:00 SKIP_EXISTING [99/1000] id=OAFX1099 window=SCREEN_IS
2026-08-29T23:43:49+00:00 SKIP_EXISTING [100/1000] id=OAFX1100 window=SCREEN_IS
2026-08-29T23:43:49+00:00 GATE_SKIP id=OAFX1096 window=IS reason=SINGLE_SLEEVE_INFERIOR decision=SCREEN_OUT_SINGLE_SLEEVE net=84921.0 PF=1.2184 DD=19.5314%
2026-08-29T23:43:49+00:00 GATE_SKIP id=OAFX1097 window=IS reason=SINGLE_SLEEVE_INFERIOR decision=SCREEN_OUT_SINGLE_SLEEVE net=84921.0 PF=1.2184 DD=19.5314%
2026-08-29T23:43:49+00:00 GATE_SKIP id=OAFX1098 window=IS reason=SINGLE_SLEEVE_INFERIOR decision=SCREEN_OUT_SINGLE_SLEEVE net=84921.0 PF=1.2184 DD=19.5314%
2026-08-29T23:43:49+00:00 GATE_SKIP id=OAFX1099 window=IS reason=SINGLE_SLEEVE_INFERIOR decision=SCREEN_OUT_SINGLE_SLEEVE net=84921.0 PF=1.2184 DD=19.5314%
2026-08-29T23:43:49+00:00 GATE_SKIP id=OAFX1100 window=IS reason=SINGLE_SLEEVE_INFERIOR decision=SCREEN_OUT_SINGLE_SLEEVE net=84921.0 PF=1.2184 DD=19.5314%
2026-08-29T23:43:49+00:00 SKIP_EXISTING [101/1000] id=OAFX1101 window=SCREEN_IS
2026-08-29T23:43:49+00:00 SKIP_EXISTING [102/1000] id=OAFX1102 window=SCREEN_IS
2026-08-29T23:43:49+00:00 SCREEN_SKIP_EXISTING_FULLBOOK [103/1000] id=OAFX1103 reason=existing fullbook IS retained
2026-08-29T23:43:49+00:00 SCREEN_SKIP_EXISTING_FULLBOOK [104/1000] id=OAFX1104 reason=existing fullbook IS retained
2026-08-29T23:43:49+00:00 SCREEN_SKIP_EXISTING_FULLBOOK [105/1000] id=OAFX1105 reason=existing fullbook IS retained
2026-08-29T23:43:49+00:00 GATE_SKIP id=OAFX1101 window=IS reason=SINGLE_SLEEVE_INFERIOR decision=SCREEN_OUT_SINGLE_SLEEVE net=84533.0 PF=1.2315 DD=23.0838%
2026-08-29T23:43:49+00:00 GATE_SKIP id=OAFX1102 window=IS reason=SINGLE_SLEEVE_INFERIOR decision=SCREEN_OUT_SINGLE_SLEEVE net=80989.0 PF=1.2134 DD=20.4201%
2026-08-29T23:43:49+00:00 SKIP_EXISTING [103/1000] id=OAFX1103 window=IS
2026-08-29T23:43:49+00:00 SKIP_EXISTING [104/1000] id=OAFX1104 window=IS
2026-08-29T23:43:49+00:00 SKIP_EXISTING [105/1000] id=OAFX1105 window=IS
2026-08-29T23:43:49+00:00 SCREEN_SKIP_EXISTING_FULLBOOK [106/1000] id=OAFX1106 reason=existing fullbook IS retained
2026-08-29T23:43:49+00:00 SCREEN_SKIP_EXISTING_FULLBOOK [107/1000] id=OAFX1107 reason=existing fullbook IS retained
2026-08-29T23:43:49+00:00 GATE_SKIP id=OAFX1103 window=OOS reason=IS_NOT_SURVIVOR decision=IS_NOISE_BAND net=289511.0 PF=1.4199 DD=34.6012%
2026-08-29T23:43:49+00:00 GATE_SKIP id=OAFX1104 window=OOS reason=IS_NOT_SURVIVOR decision=IS_REJECT net=286851.0 PF=1.4144 DD=34.8667%
2026-08-29T23:43:49+00:00 GATE_SKIP id=OAFX1105 window=OOS reason=IS_NOT_SURVIVOR decision=IS_REJECT net=287131.0 PF=1.415 DD=34.8667%
2026-08-29T23:43:49+00:00 SKIP_EXISTING [106/1000] id=OAFX1106 window=IS
2026-08-29T23:43:49+00:00 SKIP_EXISTING [107/1000] id=OAFX1107 window=IS
2026-08-29T23:43:49+00:00 SCREEN_SKIP_EXISTING_FULLBOOK [108/1000] id=OAFX1108 reason=existing fullbook IS retained
2026-08-29T23:43:49+00:00 SCREEN_SKIP_EXISTING_FULLBOOK [109/1000] id=OAFX1109 reason=existing fullbook IS retained
2026-08-29T23:43:49+00:00 SKIP_EXISTING [110/1000] id=OAFX1110 window=SCREEN_IS
2026-08-29T23:43:49+00:00 GATE_SKIP id=OAFX1106 window=OOS reason=IS_NOT_SURVIVOR decision=IS_REJECT net=289528.0 PF=1.4193 DD=34.8667%
2026-08-29T23:43:49+00:00 GATE_SKIP id=OAFX1107 window=OOS reason=IS_NOT_SURVIVOR decision=IS_REJECT net=287788.0 PF=1.4157 DD=34.8667%
2026-08-29T23:43:49+00:00 SKIP_EXISTING [108/1000] id=OAFX1108 window=IS
2026-08-29T23:43:49+00:00 SKIP_EXISTING [109/1000] id=OAFX1109 window=IS
2026-08-29T23:43:49+00:00 GATE_SKIP id=OAFX1110 window=IS reason=SINGLE_SLEEVE_INFERIOR decision=SCREEN_OUT_SINGLE_SLEEVE net=84921.0 PF=1.2184 DD=19.5314%
2026-08-29T23:43:49+00:00 SKIP_EXISTING [111/1000] id=OAFX1111 window=SCREEN_IS
2026-08-29T23:43:49+00:00 SKIP_EXISTING [112/1000] id=OAFX1112 window=SCREEN_IS
2026-08-29T23:43:49+00:00 GATE_SKIP id=OAFX1108 window=OOS reason=IS_NOT_SURVIVOR decision=IS_REJECT net=286162.0 PF=1.4124 DD=34.8667%
2026-08-29T23:43:49+00:00 GATE_SKIP id=OAFX1109 window=OOS reason=IS_NOT_SURVIVOR decision=IS_REJECT net=283786.0 PF=1.4076 DD=34.8667%
2026-08-29T23:43:49+00:00 SKIP_EXISTING [113/1000] id=OAFX1113 window=SCREEN_IS
2026-08-29T23:43:49+00:00 GATE_SKIP id=OAFX1111 window=IS reason=SINGLE_SLEEVE_INFERIOR decision=SCREEN_OUT_SINGLE_SLEEVE net=79762.0 PF=1.2368 DD=20.6207%
2026-08-29T23:43:49+00:00 GATE_SKIP id=OAFX1112 window=IS reason=SINGLE_SLEEVE_INFERIOR decision=SCREEN_OUT_SINGLE_SLEEVE net=79842.0 PF=1.2194 DD=20.9389%
2026-08-29T23:43:49+00:00 SCREEN_SKIP_EXISTING_FULLBOOK [114/1000] id=OAFX1114 reason=existing fullbook IS retained
2026-08-29T23:43:49+00:00 SCREEN_SKIP_EXISTING_FULLBOOK [115/1000] id=OAFX1115 reason=existing fullbook IS retained
2026-08-29T23:43:49+00:00 GATE_SKIP id=OAFX1113 window=IS reason=SINGLE_SLEEVE_INFERIOR decision=SCREEN_OUT_SINGLE_SLEEVE net=84531.0 PF=1.2248 DD=19.8004%
2026-08-29T23:43:49+00:00 SCREEN_SKIP_EXISTING_FULLBOOK [116/1000] id=OAFX1116 reason=existing fullbook IS retained
2026-08-29T23:43:49+00:00 SCREEN_SKIP_EXISTING_FULLBOOK [117/1000] id=OAFX1117 reason=existing fullbook IS retained
2026-08-29T23:43:49+00:00 SKIP_EXISTING [114/1000] id=OAFX1114 window=IS
2026-08-29T23:43:49+00:00 SKIP_EXISTING [115/1000] id=OAFX1115 window=IS
2026-08-29T23:43:49+00:00 SCREEN_SKIP_EXISTING_FULLBOOK [118/1000] id=OAFX1118 reason=existing fullbook IS retained
2026-08-29T23:43:49+00:00 SKIP_EXISTING [116/1000] id=OAFX1116 window=IS
2026-08-29T23:43:49+00:00 SKIP_EXISTING [117/1000] id=OAFX1117 window=IS
2026-08-29T23:43:49+00:00 GATE_SKIP id=OAFX1114 window=OOS reason=IS_NOT_SURVIVOR decision=IS_NOISE_BAND net=291898.0 PF=1.4248 DD=34.6422%
2026-08-29T23:43:49+00:00 GATE_SKIP id=OAFX1115 window=OOS reason=IS_NOT_SURVIVOR decision=IS_REJECT net=289316.0 PF=1.4195 DD=34.8667%
2026-08-29T23:43:49+00:00 SKIP_EXISTING [118/1000] id=OAFX1118 window=IS
2026-08-29T23:43:49+00:00 GATE_SKIP id=OAFX1116 window=OOS reason=IS_NOT_SURVIVOR decision=IS_REJECT net=286282.0 PF=1.4132 DD=34.8667%
2026-08-29T23:43:49+00:00 GATE_SKIP id=OAFX1117 window=OOS reason=IS_NOT_SURVIVOR decision=IS_REJECT net=287997.0 PF=1.4161 DD=34.8667%
2026-08-29T23:43:49+00:00 SCREEN_SKIP_EXISTING_FULLBOOK [119/1000] id=OAFX1119 reason=existing fullbook IS retained
2026-08-29T23:43:49+00:00 SKIP_EXISTING [120/1000] id=OAFX1120 window=SCREEN_IS
2026-08-29T23:43:49+00:00 GATE_SKIP id=OAFX1118 window=OOS reason=IS_NOT_SURVIVOR decision=IS_REJECT net=286241.0 PF=1.4126 DD=34.8667%
2026-08-29T23:43:49+00:00 SKIP_EXISTING [121/1000] id=OAFX1121 window=SCREEN_IS
2026-08-29T23:43:49+00:00 SKIP_EXISTING [122/1000] id=OAFX1122 window=SCREEN_IS
2026-08-29T23:43:49+00:00 SKIP_EXISTING [119/1000] id=OAFX1119 window=IS
2026-08-29T23:43:49+00:00 GATE_SKIP id=OAFX1120 window=IS reason=SINGLE_SLEEVE_INFERIOR decision=SCREEN_OUT_SINGLE_SLEEVE net=84921.0 PF=1.2184 DD=19.5314%
2026-08-29T23:43:49+00:00 SKIP_EXISTING [123/1000] id=OAFX1123 window=SCREEN_IS
2026-08-29T23:43:49+00:00 GATE_SKIP id=OAFX1121 window=IS reason=SINGLE_SLEEVE_INFERIOR decision=SCREEN_OUT_SINGLE_SLEEVE net=55032.0 PF=1.1647 DD=25.4044%
2026-08-29T23:43:49+00:00 GATE_SKIP id=OAFX1122 window=IS reason=SINGLE_SLEEVE_INFERIOR decision=SCREEN_OUT_SINGLE_SLEEVE net=62361.0 PF=1.1728 DD=22.3093%
2026-08-29T23:43:49+00:00 GATE_SKIP id=OAFX1119 window=OOS reason=IS_NOT_SURVIVOR decision=IS_REJECT net=283786.0 PF=1.4076 DD=34.8667%
2026-08-29T23:43:49+00:00 SCREEN_SKIP_EXISTING_FULLBOOK [124/1000] id=OAFX1124 reason=existing fullbook IS retained
2026-08-29T23:43:49+00:00 GATE_SKIP id=OAFX1123 window=IS reason=SINGLE_SLEEVE_INFERIOR decision=SCREEN_OUT_SINGLE_SLEEVE net=77459.0 PF=1.2074 DD=20.845%
2026-08-29T23:43:49+00:00 SCREEN_SKIP_EXISTING_FULLBOOK [125/1000] id=OAFX1125 reason=existing fullbook IS retained
2026-08-29T23:43:49+00:00 SCREEN_SKIP_EXISTING_FULLBOOK [126/1000] id=OAFX1126 reason=existing fullbook IS retained
2026-08-29T23:43:49+00:00 SCREEN_SKIP_EXISTING_FULLBOOK [127/1000] id=OAFX1127 reason=existing fullbook IS retained
2026-08-29T23:43:49+00:00 SKIP_EXISTING [124/1000] id=OAFX1124 window=IS
2026-08-29T23:43:49+00:00 SCREEN_SKIP_EXISTING_FULLBOOK [128/1000] id=OAFX1128 reason=existing fullbook IS retained
2026-08-29T23:43:49+00:00 SKIP_EXISTING [125/1000] id=OAFX1125 window=IS
2026-08-29T23:43:49+00:00 SKIP_EXISTING [126/1000] id=OAFX1126 window=IS
2026-08-29T23:43:49+00:00 SKIP_EXISTING [127/1000] id=OAFX1127 window=IS
2026-08-29T23:43:49+00:00 GATE_SKIP id=OAFX1124 window=OOS reason=IS_NOT_SURVIVOR decision=IS_REJECT net=283233.0 PF=1.4119 DD=46.512%
2026-08-29T23:43:49+00:00 SKIP_EXISTING [128/1000] id=OAFX1128 window=IS
2026-08-29T23:43:49+00:00 GATE_SKIP id=OAFX1125 window=OOS reason=IS_NOT_SURVIVOR decision=IS_NOISE_BAND net=293190.0 PF=1.4276 DD=34.7051%
2026-08-29T23:43:49+00:00 GATE_SKIP id=OAFX1126 window=OOS reason=IS_NOT_SURVIVOR decision=IS_NOISE_BAND net=287106.0 PF=1.4149 DD=34.7615%
2026-08-29T23:43:49+00:00 GATE_SKIP id=OAFX1127 window=OOS reason=IS_NOT_SURVIVOR decision=IS_REJECT net=287675.0 PF=1.4155 DD=34.8667%
2026-08-29T23:43:49+00:00 SCREEN_SKIP_EXISTING_FULLBOOK [129/1000] id=OAFX1129 reason=existing fullbook IS retained
2026-08-29T23:43:49+00:00 GATE_SKIP id=OAFX1128 window=OOS reason=IS_NOT_SURVIVOR decision=IS_REJECT net=286241.0 PF=1.4126 DD=34.8667%
2026-08-29T23:43:49+00:00 SKIP_EXISTING [130/1000] id=OAFX1130 window=SCREEN_IS
2026-08-29T23:43:49+00:00 SKIP_EXISTING [131/1000] id=OAFX1131 window=SCREEN_IS
2026-08-29T23:43:49+00:00 SKIP_EXISTING [132/1000] id=OAFX1132 window=SCREEN_IS
2026-08-29T23:43:49+00:00 SKIP_EXISTING [129/1000] id=OAFX1129 window=IS
2026-08-29T23:43:49+00:00 SKIP_EXISTING [133/1000] id=OAFX1133 window=SCREEN_IS
2026-08-29T23:43:49+00:00 GATE_SKIP id=OAFX1130 window=IS reason=SINGLE_SLEEVE_INFERIOR decision=SCREEN_OUT_SINGLE_SLEEVE net=84921.0 PF=1.2184 DD=19.5314%
2026-08-29T23:43:49+00:00 GATE_SKIP id=OAFX1131 window=IS reason=SINGLE_SLEEVE_INFERIOR decision=SCREEN_OUT_SINGLE_SLEEVE net=55854.0 PF=1.1748 DD=20.6462%
2026-08-29T23:43:49+00:00 GATE_SKIP id=OAFX1132 window=IS reason=SINGLE_SLEEVE_INFERIOR decision=SCREEN_OUT_SINGLE_SLEEVE net=57562.0 PF=1.163 DD=21.678%
2026-08-29T23:43:49+00:00 GATE_SKIP id=OAFX1129 window=OOS reason=IS_NOT_SURVIVOR decision=IS_REJECT net=283786.0 PF=1.4076 DD=34.8667%
2026-08-29T23:43:49+00:00 GATE_SKIP id=OAFX1133 window=IS reason=SINGLE_SLEEVE_INFERIOR decision=SCREEN_OUT_SINGLE_SLEEVE net=67074.0 PF=1.1804 DD=20.7158%
2026-08-29T23:43:49+00:00 SCREEN_SKIP_EXISTING_FULLBOOK [134/1000] id=OAFX1134 reason=existing fullbook IS retained
2026-08-29T23:43:49+00:00 SCREEN_SKIP_EXISTING_FULLBOOK [135/1000] id=OAFX1135 reason=existing fullbook IS retained
2026-08-29T23:43:49+00:00 SCREEN_SKIP_EXISTING_FULLBOOK [136/1000] id=OAFX1136 reason=existing fullbook IS retained
2026-08-29T23:43:49+00:00 SCREEN_SKIP_EXISTING_FULLBOOK [137/1000] id=OAFX1137 reason=existing fullbook IS retained
2026-08-29T23:43:49+00:00 SCREEN_SKIP_EXISTING_FULLBOOK [138/1000] id=OAFX1138 reason=existing fullbook IS retained
2026-08-29T23:43:49+00:00 SKIP_EXISTING [134/1000] id=OAFX1134 window=IS
2026-08-29T23:43:49+00:00 SKIP_EXISTING [135/1000] id=OAFX1135 window=IS
2026-08-29T23:43:49+00:00 SKIP_EXISTING [136/1000] id=OAFX1136 window=IS
2026-08-29T23:43:49+00:00 SKIP_EXISTING [137/1000] id=OAFX1137 window=IS
2026-08-29T23:43:49+00:00 SKIP_EXISTING [138/1000] id=OAFX1138 window=IS
2026-08-29T23:43:49+00:00 GATE_SKIP id=OAFX1134 window=OOS reason=IS_NOT_SURVIVOR decision=IS_REJECT net=282005.0 PF=1.41 DD=47.4318%
2026-08-29T23:43:49+00:00 GATE_SKIP id=OAFX1135 window=OOS reason=IS_NOT_SURVIVOR decision=IS_REJECT net=282124.0 PF=1.4086 DD=45.668%
2026-08-29T23:43:49+00:00 GATE_SKIP id=OAFX1136 window=OOS reason=IS_NOT_SURVIVOR decision=IS_NOISE_BAND net=287288.0 PF=1.4153 DD=34.7615%
2026-08-29T23:43:49+00:00 GATE_SKIP id=OAFX1137 window=OOS reason=IS_NOT_SURVIVOR decision=IS_REJECT net=288292.0 PF=1.4167 DD=34.8667%
2026-08-29T23:43:49+00:00 GATE_SKIP id=OAFX1138 window=OOS reason=IS_NOT_SURVIVOR decision=IS_REJECT net=286241.0 PF=1.4126 DD=34.8667%
2026-08-29T23:43:49+00:00 SCREEN_SKIP_EXISTING_FULLBOOK [139/1000] id=OAFX1139 reason=existing fullbook IS retained
2026-08-29T23:43:49+00:00 SKIP_EXISTING [140/1000] id=OAFX1140 window=SCREEN_IS
2026-08-29T23:43:49+00:00 SKIP_EXISTING [141/1000] id=OAFX1141 window=SCREEN_IS
2026-08-29T23:43:49+00:00 SKIP_EXISTING [142/1000] id=OAFX1142 window=SCREEN_IS
2026-08-29T23:43:49+00:00 SKIP_EXISTING [143/1000] id=OAFX1143 window=SCREEN_IS
2026-08-29T23:43:49+00:00 SKIP_EXISTING [139/1000] id=OAFX1139 window=IS
2026-08-29T23:43:49+00:00 GATE_SKIP id=OAFX1140 window=IS reason=SINGLE_SLEEVE_INFERIOR decision=SCREEN_OUT_SINGLE_SLEEVE net=84921.0 PF=1.2184 DD=19.5314%
2026-08-29T23:43:49+00:00 GATE_SKIP id=OAFX1141 window=IS reason=SINGLE_SLEEVE_INFERIOR decision=SCREEN_OUT_SINGLE_SLEEVE net=43663.0 PF=1.1431 DD=31.1959%
2026-08-29T23:43:49+00:00 GATE_SKIP id=OAFX1142 window=IS reason=SINGLE_SLEEVE_INFERIOR decision=SCREEN_OUT_SINGLE_SLEEVE net=51866.0 PF=1.147 DD=25.0108%
2026-08-29T23:43:49+00:00 GATE_SKIP id=OAFX1143 window=IS reason=SINGLE_SLEEVE_INFERIOR decision=SCREEN_OUT_SINGLE_SLEEVE net=68763.0 PF=1.1872 DD=22.1405%
2026-08-29T23:43:49+00:00 GATE_SKIP id=OAFX1139 window=OOS reason=IS_NOT_SURVIVOR decision=IS_REJECT net=283786.0 PF=1.4076 DD=34.8667%
2026-08-29T23:43:49+00:00 SKIP_EXISTING [144/1000] id=OAFX1144 window=SCREEN_IS
2026-08-29T23:43:49+00:00 SCREEN_SKIP_EXISTING_FULLBOOK [145/1000] id=OAFX1145 reason=existing fullbook IS retained
2026-08-29T23:43:49+00:00 SCREEN_SKIP_EXISTING_FULLBOOK [146/1000] id=OAFX1146 reason=existing fullbook IS retained
2026-08-29T23:43:49+00:00 SCREEN_SKIP_EXISTING_FULLBOOK [147/1000] id=OAFX1147 reason=existing fullbook IS retained
2026-08-29T23:43:49+00:00 SCREEN_SKIP_EXISTING_FULLBOOK [148/1000] id=OAFX1148 reason=existing fullbook IS retained
2026-08-29T23:43:49+00:00 GATE_SKIP id=OAFX1144 window=IS reason=SINGLE_SLEEVE_INFERIOR decision=SCREEN_NOISE_BAND net=85230.0 PF=1.2281 DD=18.8841%
2026-08-29T23:43:49+00:00 SKIP_EXISTING [145/1000] id=OAFX1145 window=IS
2026-08-29T23:43:49+00:00 SKIP_EXISTING [146/1000] id=OAFX1146 window=IS
2026-08-29T23:43:49+00:00 SKIP_EXISTING [147/1000] id=OAFX1147 window=IS
2026-08-29T23:43:49+00:00 SKIP_EXISTING [148/1000] id=OAFX1148 window=IS
2026-08-29T23:43:49+00:00 SCREEN_SKIP_EXISTING_FULLBOOK [149/1000] id=OAFX1149 reason=existing fullbook IS retained
2026-08-29T23:43:49+00:00 GATE_SKIP id=OAFX1145 window=OOS reason=IS_NOT_SURVIVOR decision=IS_REJECT net=281264.0 PF=1.4073 DD=45.9348%
2026-08-29T23:43:49+00:00 GATE_SKIP id=OAFX1146 window=OOS reason=IS_NOT_SURVIVOR decision=IS_REJECT net=281659.0 PF=1.4074 DD=44.9727%
2026-08-29T23:43:49+00:00 GATE_SKIP id=OAFX1147 window=OOS reason=IS_NOT_SURVIVOR decision=IS_REJECT net=288980.0 PF=1.4182 DD=34.8667%
2026-08-29T23:43:49+00:00 GATE_SKIP id=OAFX1148 window=OOS reason=IS_NOT_SURVIVOR decision=IS_REJECT net=286768.0 PF=1.4136 DD=34.8667%
2026-08-29T23:43:49+00:00 SKIP_EXISTING [149/1000] id=OAFX1149 window=IS
2026-08-29T23:43:49+00:00 SKIP_EXISTING [150/1000] id=OAFX1150 window=SCREEN_IS
2026-08-29T23:43:49+00:00 SKIP_EXISTING [151/1000] id=OAFX1151 window=SCREEN_IS
2026-08-29T23:43:49+00:00 SKIP_EXISTING [152/1000] id=OAFX1152 window=SCREEN_IS
2026-08-29T23:43:49+00:00 SKIP_EXISTING [153/1000] id=OAFX1153 window=SCREEN_IS
2026-08-29T23:43:49+00:00 GATE_SKIP id=OAFX1149 window=OOS reason=IS_NOT_SURVIVOR decision=IS_REJECT net=283786.0 PF=1.4076 DD=34.8667%
2026-08-29T23:43:49+00:00 GATE_SKIP id=OAFX1150 window=IS reason=SINGLE_SLEEVE_INFERIOR decision=SCREEN_OUT_SINGLE_SLEEVE net=84921.0 PF=1.2184 DD=19.5314%
2026-08-29T23:43:49+00:00 GATE_SKIP id=OAFX1151 window=IS reason=SINGLE_SLEEVE_INFERIOR decision=SCREEN_OUT_SINGLE_SLEEVE net=32821.0 PF=1.1102 DD=32.0237%
2026-08-29T23:43:49+00:00 GATE_SKIP id=OAFX1152 window=IS reason=SINGLE_SLEEVE_INFERIOR decision=SCREEN_OUT_SINGLE_SLEEVE net=62939.0 PF=1.1869 DD=20.0667%
2026-08-29T23:43:49+00:00 GATE_SKIP id=OAFX1153 window=IS reason=SINGLE_SLEEVE_INFERIOR decision=SCREEN_OUT_SINGLE_SLEEVE net=66879.0 PF=1.1845 DD=23.7021%
2026-08-29T23:43:49+00:00 SCREEN_SKIP_EXISTING_FULLBOOK [154/1000] id=OAFX1154 reason=existing fullbook IS retained
2026-08-29T23:43:49+00:00 SCREEN_SKIP_EXISTING_FULLBOOK [155/1000] id=OAFX1155 reason=existing fullbook IS retained
2026-08-29T23:43:49+00:00 SCREEN_SKIP_EXISTING_FULLBOOK [156/1000] id=OAFX1156 reason=existing fullbook IS retained
2026-08-29T23:43:49+00:00 SCREEN_SKIP_EXISTING_FULLBOOK [157/1000] id=OAFX1157 reason=existing fullbook IS retained
2026-08-29T23:43:49+00:00 SCREEN_SKIP_EXISTING_FULLBOOK [158/1000] id=OAFX1158 reason=existing fullbook IS retained
2026-08-29T23:43:49+00:00 SKIP_EXISTING [154/1000] id=OAFX1154 window=IS
2026-08-29T23:43:49+00:00 SKIP_EXISTING [155/1000] id=OAFX1155 window=IS
2026-08-29T23:43:49+00:00 SKIP_EXISTING [156/1000] id=OAFX1156 window=IS
2026-08-29T23:43:49+00:00 SKIP_EXISTING [157/1000] id=OAFX1157 window=IS
2026-08-29T23:43:49+00:00 SKIP_EXISTING [158/1000] id=OAFX1158 window=IS
2026-08-29T23:43:49+00:00 GATE_SKIP id=OAFX1154 window=OOS reason=IS_NOT_SURVIVOR decision=IS_REJECT net=289940.0 PF=1.4296 DD=43.4141%
2026-08-29T23:43:49+00:00 GATE_SKIP id=OAFX1155 window=OOS reason=IS_NOT_SURVIVOR decision=IS_REJECT net=283479.0 PF=1.4119 DD=45.5615%
2026-08-29T23:43:49+00:00 GATE_SKIP id=OAFX1156 window=OOS reason=IS_NOT_SURVIVOR decision=IS_REJECT net=281841.0 PF=1.4079 DD=45.7642%
2026-08-29T23:43:49+00:00 GATE_SKIP id=OAFX1157 window=OOS reason=IS_NOT_SURVIVOR decision=IS_REJECT net=289569.0 PF=1.4194 DD=34.8667%
2026-08-29T23:43:49+00:00 GATE_SKIP id=OAFX1158 window=OOS reason=IS_NOT_SURVIVOR decision=IS_REJECT net=287078.0 PF=1.4143 DD=34.8667%
2026-08-29T23:43:49+00:00 SCREEN_SKIP_EXISTING_FULLBOOK [159/1000] id=OAFX1159 reason=existing fullbook IS retained
2026-08-29T23:43:49+00:00 SKIP_EXISTING [160/1000] id=OAFX1160 window=SCREEN_IS
2026-08-29T23:43:49+00:00 SKIP_EXISTING [161/1000] id=OAFX1161 window=SCREEN_IS
2026-08-29T23:43:49+00:00 SKIP_EXISTING [162/1000] id=OAFX1162 window=SCREEN_IS
2026-08-29T23:43:49+00:00 SKIP_EXISTING [163/1000] id=OAFX1163 window=SCREEN_IS
2026-08-29T23:43:49+00:00 SKIP_EXISTING [159/1000] id=OAFX1159 window=IS
2026-08-29T23:43:49+00:00 GATE_SKIP id=OAFX1160 window=IS reason=SINGLE_SLEEVE_INFERIOR decision=SCREEN_OUT_SINGLE_SLEEVE net=84921.0 PF=1.2184 DD=19.5314%
2026-08-29T23:43:49+00:00 GATE_SKIP id=OAFX1161 window=IS reason=SINGLE_SLEEVE_INFERIOR decision=SCREEN_OUT_SINGLE_SLEEVE net=33702.0 PF=1.1152 DD=29.3494%
2026-08-29T23:43:49+00:00 GATE_SKIP id=OAFX1162 window=IS reason=SINGLE_SLEEVE_INFERIOR decision=SCREEN_OUT_SINGLE_SLEEVE net=66804.0 PF=1.2011 DD=18.836%
2026-08-29T23:43:49+00:00 GATE_SKIP id=OAFX1163 window=IS reason=SINGLE_SLEEVE_INFERIOR decision=SCREEN_OUT_SINGLE_SLEEVE net=70291.0 PF=1.1965 DD=21.3338%
2026-08-29T23:43:49+00:00 GATE_SKIP id=OAFX1159 window=OOS reason=IS_NOT_SURVIVOR decision=IS_REJECT net=283786.0 PF=1.4076 DD=34.8667%
2026-08-29T23:43:49+00:00 SCREEN_SKIP_EXISTING_FULLBOOK [164/1000] id=OAFX1164 reason=existing fullbook IS retained
2026-08-29T23:43:49+00:00 SCREEN_SKIP_EXISTING_FULLBOOK [165/1000] id=OAFX1165 reason=existing fullbook IS retained
2026-08-29T23:43:49+00:00 SCREEN_SKIP_EXISTING_FULLBOOK [166/1000] id=OAFX1166 reason=existing fullbook IS retained
2026-08-29T23:43:49+00:00 SCREEN_SKIP_EXISTING_FULLBOOK [167/1000] id=OAFX1167 reason=existing fullbook IS retained
2026-08-29T23:43:49+00:00 SCREEN_SKIP_EXISTING_FULLBOOK [168/1000] id=OAFX1168 reason=existing fullbook IS retained
2026-08-29T23:43:49+00:00 SKIP_EXISTING [164/1000] id=OAFX1164 window=IS
2026-08-29T23:43:49+00:00 SKIP_EXISTING [165/1000] id=OAFX1165 window=IS
2026-08-29T23:43:49+00:00 SKIP_EXISTING [166/1000] id=OAFX1166 window=IS
2026-08-29T23:43:49+00:00 SKIP_EXISTING [167/1000] id=OAFX1167 window=IS
2026-08-29T23:43:49+00:00 SKIP_EXISTING [168/1000] id=OAFX1168 window=IS
2026-08-29T23:43:49+00:00 GATE_SKIP id=OAFX1164 window=OOS reason=IS_NOT_SURVIVOR decision=IS_REJECT net=289790.0 PF=1.4304 DD=43.7899%
2026-08-29T23:43:49+00:00 GATE_SKIP id=OAFX1165 window=OOS reason=IS_NOT_SURVIVOR decision=IS_REJECT net=283205.0 PF=1.412 DD=44.1504%
2026-08-29T23:43:49+00:00 GATE_SKIP id=OAFX1166 window=OOS reason=IS_NOT_SURVIVOR decision=IS_REJECT net=284040.0 PF=1.4124 DD=44.8931%
2026-08-29T23:43:49+00:00 GATE_SKIP id=OAFX1167 window=OOS reason=IS_NOT_SURVIVOR decision=IS_NOISE_BAND net=291719.0 PF=1.4238 DD=34.8577%
2026-08-29T23:43:49+00:00 GATE_SKIP id=OAFX1168 window=OOS reason=IS_NOT_SURVIVOR decision=IS_REJECT net=287306.0 PF=1.4147 DD=34.8667%
2026-08-29T23:43:49+00:00 SCREEN_SKIP_EXISTING_FULLBOOK [169/1000] id=OAFX1169 reason=existing fullbook IS retained
2026-08-29T23:43:49+00:00 SKIP_EXISTING [170/1000] id=OAFX1170 window=SCREEN_IS
2026-08-29T23:43:49+00:00 SKIP_EXISTING [171/1000] id=OAFX1171 window=SCREEN_IS
2026-08-29T23:43:49+00:00 SCREEN_SKIP_EXISTING_FULLBOOK [172/1000] id=OAFX1172 reason=existing fullbook IS retained
2026-08-29T23:43:49+00:00 SKIP_EXISTING [173/1000] id=OAFX1173 window=SCREEN_IS
2026-08-29T23:43:49+00:00 SKIP_EXISTING [169/1000] id=OAFX1169 window=IS
2026-08-29T23:43:49+00:00 GATE_SKIP id=OAFX1170 window=IS reason=SINGLE_SLEEVE_INFERIOR decision=SCREEN_NOISE_BAND net=85088.0 PF=1.2189 DD=19.4471%
2026-08-29T23:43:49+00:00 GATE_SKIP id=OAFX1171 window=IS reason=SINGLE_SLEEVE_INFERIOR decision=SCREEN_OUT_SINGLE_SLEEVE net=37654.0 PF=1.1313 DD=25.8143%
2026-08-29T23:43:49+00:00 SKIP_EXISTING [172/1000] id=OAFX1172 window=IS
2026-08-29T23:43:49+00:00 GATE_SKIP id=OAFX1173 window=IS reason=SINGLE_SLEEVE_INFERIOR decision=SCREEN_NOISE_BAND net=74393.0 PF=1.2121 DD=19.4065%
2026-08-29T23:43:49+00:00 GATE_SKIP id=OAFX1169 window=OOS reason=IS_NOT_SURVIVOR decision=IS_REJECT net=284114.0 PF=1.4082 DD=34.8667%
2026-08-29T23:43:49+00:00 SCREEN_SKIP_EXISTING_FULLBOOK [174/1000] id=OAFX1174 reason=existing fullbook IS retained
2026-08-29T23:43:49+00:00 SCREEN_SKIP_EXISTING_FULLBOOK [175/1000] id=OAFX1175 reason=existing fullbook IS retained
2026-08-29T23:43:49+00:00 GATE_SKIP id=OAFX1172 window=OOS reason=IS_NOT_SURVIVOR decision=IS_REJECT net=271514.0 PF=1.4303 DD=48.2002%
2026-08-29T23:43:49+00:00 SCREEN_SKIP_EXISTING_FULLBOOK [176/1000] id=OAFX1176 reason=existing fullbook IS retained
2026-08-29T23:43:49+00:00 SCREEN_SKIP_EXISTING_FULLBOOK [177/1000] id=OAFX1177 reason=existing fullbook IS retained
2026-08-29T23:43:49+00:00 SKIP_EXISTING [174/1000] id=OAFX1174 window=IS
2026-08-29T23:43:49+00:00 SKIP_EXISTING [175/1000] id=OAFX1175 window=IS
2026-08-29T23:43:49+00:00 SCREEN_SKIP_EXISTING_FULLBOOK [178/1000] id=OAFX1178 reason=existing fullbook IS retained
2026-08-29T23:43:49+00:00 SKIP_EXISTING [176/1000] id=OAFX1176 window=IS
2026-08-29T23:43:49+00:00 SKIP_EXISTING [177/1000] id=OAFX1177 window=IS
2026-08-29T23:43:49+00:00 GATE_SKIP id=OAFX1174 window=OOS reason=IS_NOT_SURVIVOR decision=IS_REJECT net=285787.0 PF=1.4238 DD=43.7899%
2026-08-29T23:43:49+00:00 GATE_SKIP id=OAFX1175 window=OOS reason=IS_NOT_SURVIVOR decision=IS_REJECT net=288035.0 PF=1.4235 DD=44.1504%
2026-08-29T23:43:49+00:00 SKIP_EXISTING [178/1000] id=OAFX1178 window=IS
2026-08-29T23:43:49+00:00 GATE_SKIP id=OAFX1176 window=OOS reason=IS_NOT_SURVIVOR decision=IS_REJECT net=283238.0 PF=1.4121 DD=44.7572%
2026-08-29T23:43:49+00:00 GATE_SKIP id=OAFX1177 window=OOS reason=IS_NOT_SURVIVOR decision=IS_NOISE_BAND net=292084.0 PF=1.4246 DD=34.8577%
2026-08-29T23:43:49+00:00 SCREEN_SKIP_EXISTING_FULLBOOK [179/1000] id=OAFX1179 reason=existing fullbook IS retained
2026-08-29T23:43:49+00:00 SKIP_EXISTING [180/1000] id=OAFX1180 window=SCREEN_IS
2026-08-29T23:43:49+00:00 GATE_SKIP id=OAFX1178 window=OOS reason=IS_NOT_SURVIVOR decision=IS_REJECT net=287384.0 PF=1.4149 DD=34.8667%
2026-08-29T23:43:49+00:00 SKIP_EXISTING [181/1000] id=OAFX1181 window=SCREEN_IS
2026-08-29T23:43:49+00:00 SCREEN_SKIP_EXISTING_FULLBOOK [182/1000] id=OAFX1182 reason=existing fullbook IS retained
2026-08-29T23:43:49+00:00 SKIP_EXISTING [179/1000] id=OAFX1179 window=IS
2026-08-29T23:43:49+00:00 GATE_SKIP id=OAFX1180 window=IS reason=SINGLE_SLEEVE_INFERIOR decision=SCREEN_NOISE_BAND net=85088.0 PF=1.2189 DD=19.4471%
2026-08-29T23:43:49+00:00 SKIP_EXISTING [183/1000] id=OAFX1183 window=SCREEN_IS
2026-08-29T23:43:49+00:00 GATE_SKIP id=OAFX1181 window=IS reason=SINGLE_SLEEVE_INFERIOR decision=SCREEN_OUT_SINGLE_SLEEVE net=40207.0 PF=1.142 DD=25.2942%
2026-08-29T23:43:49+00:00 SKIP_EXISTING [182/1000] id=OAFX1182 window=IS
2026-08-29T23:43:49+00:00 GATE_SKIP id=OAFX1179 window=OOS reason=IS_NOT_SURVIVOR decision=IS_REJECT net=284114.0 PF=1.4082 DD=34.8667%
2026-08-29T23:43:49+00:00 SCREEN_SKIP_EXISTING_FULLBOOK [184/1000] id=OAFX1184 reason=existing fullbook IS retained
2026-08-29T23:43:49+00:00 GATE_SKIP id=OAFX1183 window=IS reason=SINGLE_SLEEVE_INFERIOR decision=SCREEN_OUT_SINGLE_SLEEVE net=76354.0 PF=1.2194 DD=18.4768%
2026-08-29T23:43:49+00:00 SCREEN_SKIP_EXISTING_FULLBOOK [185/1000] id=OAFX1185 reason=existing fullbook IS retained
2026-08-29T23:43:49+00:00 GATE_SKIP id=OAFX1182 window=OOS reason=IS_NOT_SURVIVOR decision=IS_REJECT net=273745.0 PF=1.4361 DD=47.4844%
2026-08-29T23:43:49+00:00 SCREEN_SKIP_EXISTING_FULLBOOK [186/1000] id=OAFX1186 reason=existing fullbook IS retained
2026-08-29T23:43:49+00:00 SKIP_EXISTING [184/1000] id=OAFX1184 window=IS
2026-08-29T23:43:49+00:00 SCREEN_SKIP_EXISTING_FULLBOOK [187/1000] id=OAFX1187 reason=existing fullbook IS retained
2026-08-29T23:43:49+00:00 SKIP_EXISTING [185/1000] id=OAFX1185 window=IS
2026-08-29T23:43:49+00:00 SCREEN_SKIP_EXISTING_FULLBOOK [188/1000] id=OAFX1188 reason=existing fullbook IS retained
2026-08-29T23:43:49+00:00 SKIP_EXISTING [186/1000] id=OAFX1186 window=IS
2026-08-29T23:43:49+00:00 GATE_SKIP id=OAFX1184 window=OOS reason=IS_NOT_SURVIVOR decision=IS_REJECT net=288704.0 PF=1.4305 DD=43.89%
2026-08-29T23:43:49+00:00 SKIP_EXISTING [187/1000] id=OAFX1187 window=IS
2026-08-29T23:43:49+00:00 GATE_SKIP id=OAFX1185 window=OOS reason=IS_NOT_SURVIVOR decision=IS_REJECT net=286471.0 PF=1.4202 DD=44.5968%
2026-08-29T23:43:49+00:00 SKIP_EXISTING [188/1000] id=OAFX1188 window=IS
2026-08-29T23:43:49+00:00 GATE_SKIP id=OAFX1186 window=OOS reason=IS_NOT_SURVIVOR decision=IS_REJECT net=285677.0 PF=1.4172 DD=44.7572%
2026-08-29T23:43:49+00:00 SCREEN_SKIP_EXISTING_FULLBOOK [189/1000] id=OAFX1189 reason=existing fullbook IS retained
2026-08-29T23:43:49+00:00 GATE_SKIP id=OAFX1187 window=OOS reason=IS_NOT_SURVIVOR decision=IS_NOISE_BAND net=292084.0 PF=1.4246 DD=34.8577%
2026-08-29T23:43:49+00:00 SKIP_EXISTING [190/1000] id=OAFX1190 window=SCREEN_IS
2026-08-29T23:43:49+00:00 GATE_SKIP id=OAFX1188 window=OOS reason=IS_NOT_SURVIVOR decision=IS_REJECT net=287465.0 PF=1.4151 DD=34.8667%
2026-08-29T23:43:49+00:00 SKIP_EXISTING [191/1000] id=OAFX1191 window=SCREEN_IS
2026-08-29T23:43:49+00:00 SKIP_EXISTING [189/1000] id=OAFX1189 window=IS
2026-08-29T23:43:49+00:00 SCREEN_SKIP_EXISTING_FULLBOOK [192/1000] id=OAFX1192 reason=existing fullbook IS retained
2026-08-29T23:43:49+00:00 GATE_SKIP id=OAFX1190 window=IS reason=SINGLE_SLEEVE_INFERIOR decision=SCREEN_NOISE_BAND net=85088.0 PF=1.2189 DD=19.4471%
2026-08-29T23:43:49+00:00 SCREEN_SKIP_EXISTING_FULLBOOK [193/1000] id=OAFX1193 reason=existing fullbook IS retained
2026-08-29T23:43:49+00:00 GATE_SKIP id=OAFX1191 window=IS reason=SINGLE_SLEEVE_INFERIOR decision=SCREEN_OUT_SINGLE_SLEEVE net=39396.0 PF=1.1402 DD=27.0212%
2026-08-29T23:43:49+00:00 GATE_SKIP id=OAFX1189 window=OOS reason=IS_NOT_SURVIVOR decision=IS_REJECT net=284169.0 PF=1.4084 DD=34.8667%
2026-08-29T23:43:49+00:00 SKIP_EXISTING [192/1000] id=OAFX1192 window=IS
2026-08-29T23:43:49+00:00 SCREEN_SKIP_EXISTING_FULLBOOK [194/1000] id=OAFX1194 reason=existing fullbook IS retained
2026-08-29T23:43:49+00:00 SKIP_EXISTING [193/1000] id=OAFX1193 window=IS
2026-08-29T23:43:49+00:00 SCREEN_SKIP_EXISTING_FULLBOOK [195/1000] id=OAFX1195 reason=existing fullbook IS retained
2026-08-29T23:43:49+00:00 SCREEN_SKIP_EXISTING_FULLBOOK [196/1000] id=OAFX1196 reason=existing fullbook IS retained
2026-08-29T23:43:49+00:00 GATE_SKIP id=OAFX1192 window=OOS reason=IS_NOT_SURVIVOR decision=IS_REJECT net=275614.0 PF=1.441 DD=46.8481%
2026-08-29T23:43:49+00:00 SKIP_EXISTING [194/1000] id=OAFX1194 window=IS
2026-08-29T23:43:49+00:00 GATE_SKIP id=OAFX1193 window=OOS reason=IS_NOT_SURVIVOR decision=IS_REJECT net=276325.0 PF=1.4224 DD=40.8061%
2026-08-29T23:43:49+00:00 SKIP_EXISTING [195/1000] id=OAFX1195 window=IS
2026-08-29T23:43:49+00:00 SKIP_EXISTING [196/1000] id=OAFX1196 window=IS
2026-08-29T23:43:49+00:00 SCREEN_SKIP_EXISTING_FULLBOOK [197/1000] id=OAFX1197 reason=existing fullbook IS retained
2026-08-29T23:43:49+00:00 GATE_SKIP id=OAFX1194 window=OOS reason=IS_NOT_SURVIVOR decision=IS_REJECT net=294555.0 PF=1.443 DD=43.8374%
2026-08-29T23:43:49+00:00 SCREEN_SKIP_EXISTING_FULLBOOK [198/1000] id=OAFX1198 reason=existing fullbook IS retained
2026-08-29T23:43:49+00:00 GATE_SKIP id=OAFX1195 window=OOS reason=IS_NOT_SURVIVOR decision=IS_REJECT net=290410.0 PF=1.429 DD=44.6135%
2026-08-29T23:43:49+00:00 GATE_SKIP id=OAFX1196 window=OOS reason=IS_NOT_SURVIVOR decision=IS_REJECT net=287434.0 PF=1.4209 DD=44.7572%
2026-08-29T23:43:49+00:00 SKIP_EXISTING [197/1000] id=OAFX1197 window=IS
2026-08-29T23:43:49+00:00 SCREEN_SKIP_EXISTING_FULLBOOK [199/1000] id=OAFX1199 reason=existing fullbook IS retained
2026-08-29T23:43:49+00:00 SKIP_EXISTING [198/1000] id=OAFX1198 window=IS
2026-08-29T23:43:49+00:00 SCREEN_SKIP_EXISTING_FULLBOOK [200/1000] id=OAFX1200 reason=existing fullbook IS retained
2026-08-29T23:43:49+00:00 SKIP_EXISTING [201/1000] id=OAFX1201 window=SCREEN_IS
2026-08-29T23:43:49+00:00 GATE_SKIP id=OAFX1197 window=OOS reason=IS_NOT_SURVIVOR decision=IS_NOISE_BAND net=293690.0 PF=1.4279 DD=34.8577%
2026-08-29T23:43:49+00:00 SKIP_EXISTING [199/1000] id=OAFX1199 window=IS
2026-08-29T23:43:49+00:00 GATE_SKIP id=OAFX1198 window=OOS reason=IS_NOT_SURVIVOR decision=IS_REJECT net=287465.0 PF=1.4151 DD=34.8667%
2026-08-29T23:43:49+00:00 SKIP_EXISTING [200/1000] id=OAFX1200 window=IS
2026-08-29T23:43:49+00:00 GATE_SKIP id=OAFX1201 window=IS reason=SINGLE_SLEEVE_INFERIOR decision=SCREEN_OUT_SINGLE_SLEEVE net=18625.0 PF=1.1367 DD=21.2438%
2026-08-29T23:43:49+00:00 SKIP_EXISTING [202/1000] id=OAFX1202 window=SCREEN_IS
2026-08-29T23:43:49+00:00 GATE_SKIP id=OAFX1199 window=OOS reason=IS_NOT_SURVIVOR decision=IS_REJECT net=284169.0 PF=1.4084 DD=34.8667%
2026-08-29T23:43:49+00:00 SKIP_EXISTING [203/1000] id=OAFX1203 window=SCREEN_IS
2026-08-29T23:43:49+00:00 GATE_SKIP id=OAFX1200 window=OOS reason=IS_NOT_SURVIVOR decision=IS_REJECT net=282753.0 PF=1.4055 DD=34.8667%
2026-08-29T23:43:49+00:00 SKIP_EXISTING [204/1000] id=OAFX1204 window=SCREEN_IS
2026-08-29T23:43:49+00:00 GATE_SKIP id=OAFX1202 window=IS reason=SINGLE_SLEEVE_INFERIOR decision=SCREEN_OUT_SINGLE_SLEEVE net=34768.0 PF=1.2129 DD=18.9765%
2026-08-29T23:43:49+00:00 SKIP_EXISTING [205/1000] id=OAFX1205 window=SCREEN_IS
2026-08-29T23:43:49+00:00 GATE_SKIP id=OAFX1203 window=IS reason=SINGLE_SLEEVE_INFERIOR decision=SCREEN_OUT_SINGLE_SLEEVE net=36863.0 PF=1.1912 DD=22.2232%
2026-08-29T23:43:49+00:00 SKIP_EXISTING [206/1000] id=OAFX1206 window=SCREEN_IS
2026-08-29T23:43:49+00:00 GATE_SKIP id=OAFX1204 window=IS reason=SINGLE_SLEEVE_INFERIOR decision=SCREEN_OUT_SINGLE_SLEEVE net=57675.0 PF=1.2641 DD=21.8451%
2026-08-29T23:43:49+00:00 SKIP_EXISTING [207/1000] id=OAFX1207 window=SCREEN_IS
2026-08-29T23:43:49+00:00 GATE_SKIP id=OAFX1205 window=IS reason=SINGLE_SLEEVE_INFERIOR decision=SCREEN_OUT_SINGLE_SLEEVE net=58853.0 PF=1.243 DD=18.5848%
2026-08-29T23:43:49+00:00 SKIP_EXISTING [208/1000] id=OAFX1208 window=SCREEN_IS
2026-08-29T23:43:49+00:00 GATE_SKIP id=OAFX1206 window=IS reason=SINGLE_SLEEVE_INFERIOR decision=SCREEN_NOISE_BAND net=84577.0 PF=1.3222 DD=17.8075%
2026-08-29T23:43:49+00:00 SCREEN_SKIP_EXISTING_FULLBOOK [209/1000] id=OAFX1209 reason=existing fullbook IS retained
2026-08-29T23:43:49+00:00 GATE_SKIP id=OAFX1207 window=IS reason=SINGLE_SLEEVE_INFERIOR decision=SCREEN_NOISE_BAND net=70694.0 PF=1.2279 DD=19.3659%
2026-08-29T23:43:49+00:00 SCREEN_SKIP_EXISTING_FULLBOOK [210/1000] id=OAFX1210 reason=existing fullbook IS retained
2026-08-29T23:43:49+00:00 GATE_SKIP id=OAFX1208 window=IS reason=SINGLE_SLEEVE_INFERIOR decision=SCREEN_OUT_SINGLE_SLEEVE net=74048.0 PF=1.2186 DD=16.0695%
2026-08-29T23:43:49+00:00 SKIP_EXISTING [211/1000] id=OAFX1211 window=SCREEN_IS
2026-08-29T23:43:49+00:00 SKIP_EXISTING [209/1000] id=OAFX1209 window=IS
2026-08-29T23:43:49+00:00 SKIP_EXISTING [212/1000] id=OAFX1212 window=SCREEN_IS
2026-08-29T23:43:49+00:00 SKIP_EXISTING [210/1000] id=OAFX1210 window=IS
2026-08-29T23:43:49+00:00 SKIP_EXISTING [213/1000] id=OAFX1213 window=SCREEN_IS
2026-08-29T23:43:49+00:00 GATE_SKIP id=OAFX1211 window=IS reason=SINGLE_SLEEVE_INFERIOR decision=SCREEN_OUT_SINGLE_SLEEVE net=44047.0 PF=1.2584 DD=17.384%
2026-08-29T23:43:49+00:00 GATE_SKIP id=OAFX1209 window=OOS reason=IS_NOT_SURVIVOR decision=IS_REJECT net=273740.0 PF=1.4035 DD=42.4212%
2026-08-29T23:43:49+00:00 GATE_SKIP id=OAFX1212 window=IS reason=SINGLE_SLEEVE_INFERIOR decision=SCREEN_OUT_SINGLE_SLEEVE net=33413.0 PF=1.1701 DD=22.0552%
2026-08-29T23:43:49+00:00 SKIP_EXISTING [210/1000] id=OAFX1210 window=OOS
2026-08-29T23:43:49+00:00 GATE_SKIP id=OAFX1213 window=IS reason=SINGLE_SLEEVE_INFERIOR decision=SCREEN_OUT_SINGLE_SLEEVE net=48942.0 PF=1.2231 DD=17.614%
2026-08-29T23:43:49+00:00 SKIP_EXISTING [214/1000] id=OAFX1214 window=SCREEN_IS
2026-08-29T23:43:49+00:00 SKIP_EXISTING [215/1000] id=OAFX1215 window=SCREEN_IS
2026-08-29T23:43:49+00:00 SKIP_EXISTING [216/1000] id=OAFX1216 window=SCREEN_IS
2026-08-29T23:43:49+00:00 SKIP_EXISTING [217/1000] id=OAFX1217 window=SCREEN_IS
2026-08-29T23:43:49+00:00 SCREEN_SKIP_EXISTING_FULLBOOK [218/1000] id=OAFX1218 reason=existing fullbook IS retained
2026-08-29T23:43:49+00:00 GATE_SKIP id=OAFX1214 window=IS reason=SINGLE_SLEEVE_INFERIOR decision=SCREEN_OUT_SINGLE_SLEEVE net=65273.0 PF=1.2715 DD=18.1858%
2026-08-29T23:43:49+00:00 GATE_SKIP id=OAFX1215 window=IS reason=SINGLE_SLEEVE_INFERIOR decision=SCREEN_NOISE_BAND net=59438.0 PF=1.2277 DD=19.0784%
2026-08-29T23:43:49+00:00 GATE_SKIP id=OAFX1216 window=IS reason=SINGLE_SLEEVE_INFERIOR decision=SCREEN_NOISE_BAND net=75022.0 PF=1.2697 DD=19.5238%
2026-08-29T23:43:49+00:00 GATE_SKIP id=OAFX1217 window=IS reason=SINGLE_SLEEVE_INFERIOR decision=SCREEN_OUT_SINGLE_SLEEVE net=67896.0 PF=1.213 DD=20.189%
2026-08-29T23:43:49+00:00 SKIP_EXISTING [218/1000] id=OAFX1218 window=IS
2026-08-29T23:43:49+00:00 SCREEN_SKIP_EXISTING_FULLBOOK [219/1000] id=OAFX1219 reason=existing fullbook IS retained
2026-08-29T23:43:49+00:00 SCREEN_SKIP_EXISTING_FULLBOOK [220/1000] id=OAFX1220 reason=existing fullbook IS retained
2026-08-29T23:43:49+00:00 SKIP_EXISTING [221/1000] id=OAFX1221 window=SCREEN_IS
2026-08-29T23:43:49+00:00 SKIP_EXISTING [222/1000] id=OAFX1222 window=SCREEN_IS
2026-08-29T23:43:49+00:00 GATE_SKIP id=OAFX1218 window=OOS reason=IS_NOT_SURVIVOR decision=IS_REJECT net=272212.0 PF=1.417 DD=49.0477%
2026-08-29T23:43:49+00:00 SKIP_EXISTING [219/1000] id=OAFX1219 window=IS
2026-08-29T23:43:49+00:00 SKIP_EXISTING [220/1000] id=OAFX1220 window=IS
2026-08-29T23:43:49+00:00 GATE_SKIP id=OAFX1221 window=IS reason=SINGLE_SLEEVE_INFERIOR decision=SCREEN_OUT_SINGLE_SLEEVE net=42050.0 PF=1.2195 DD=19.6888%
2026-08-29T23:43:49+00:00 GATE_SKIP id=OAFX1222 window=IS reason=SINGLE_SLEEVE_INFERIOR decision=SCREEN_OUT_SINGLE_SLEEVE net=41343.0 PF=1.1921 DD=21.4225%
2026-08-29T23:43:49+00:00 SKIP_EXISTING [223/1000] id=OAFX1223 window=SCREEN_IS
2026-08-29T23:43:49+00:00 GATE_SKIP id=OAFX1219 window=OOS reason=IS_NOT_SURVIVOR decision=IS_REJECT net=274742.0 PF=1.4052 DD=43.0074%
2026-08-29T23:43:49+00:00 GATE_SKIP id=OAFX1220 window=OOS reason=IS_NOT_SURVIVOR decision=IS_NOISE_BAND net=286572.0 PF=1.4183 DD=34.4036%
2026-08-29T23:43:49+00:00 SCREEN_SKIP_EXISTING_FULLBOOK [224/1000] id=OAFX1224 reason=existing fullbook IS retained
2026-08-29T23:43:49+00:00 SKIP_EXISTING [225/1000] id=OAFX1225 window=SCREEN_IS
2026-08-29T23:43:49+00:00 GATE_SKIP id=OAFX1223 window=IS reason=SINGLE_SLEEVE_INFERIOR decision=SCREEN_OUT_SINGLE_SLEEVE net=63088.0 PF=1.2684 DD=18.309%
2026-08-29T23:43:49+00:00 SCREEN_SKIP_EXISTING_FULLBOOK [226/1000] id=OAFX1226 reason=existing fullbook IS retained
2026-08-29T23:43:49+00:00 SCREEN_SKIP_EXISTING_FULLBOOK [227/1000] id=OAFX1227 reason=existing fullbook IS retained
2026-08-29T23:43:49+00:00 SKIP_EXISTING [224/1000] id=OAFX1224 window=IS
2026-08-29T23:43:49+00:00 GATE_SKIP id=OAFX1225 window=IS reason=SINGLE_SLEEVE_INFERIOR decision=SCREEN_OUT_SINGLE_SLEEVE net=74271.0 PF=1.2734 DD=14.3228%
2026-08-29T23:43:49+00:00 SCREEN_SKIP_EXISTING_FULLBOOK [228/1000] id=OAFX1228 reason=existing fullbook IS retained
2026-08-29T23:43:49+00:00 SKIP_EXISTING [226/1000] id=OAFX1226 window=IS
2026-08-29T23:43:49+00:00 SKIP_EXISTING [227/1000] id=OAFX1227 window=IS
2026-08-29T23:43:49+00:00 GATE_SKIP id=OAFX1224 window=OOS reason=IS_NOT_SURVIVOR decision=IS_REJECT net=274274.0 PF=1.4851 DD=44.9881%
2026-08-29T23:43:49+00:00 SKIP_EXISTING [229/1000] id=OAFX1229 window=SCREEN_IS
2026-08-29T23:43:49+00:00 SKIP_EXISTING [228/1000] id=OAFX1228 window=IS
2026-08-29T23:43:49+00:00 GATE_SKIP id=OAFX1226 window=OOS reason=IS_NOT_SURVIVOR decision=IS_REJECT net=284454.0 PF=1.4758 DD=44.9945%
2026-08-29T23:43:49+00:00 GATE_SKIP id=OAFX1227 window=OOS reason=IS_NOT_SURVIVOR decision=IS_REJECT net=288172.0 PF=1.457 DD=44.5886%
2026-08-29T23:43:49+00:00 SCREEN_SKIP_EXISTING_FULLBOOK [230/1000] id=OAFX1230 reason=existing fullbook IS retained
2026-08-29T23:43:49+00:00 GATE_SKIP id=OAFX1229 window=IS reason=SINGLE_SLEEVE_INFERIOR decision=SCREEN_NOISE_BAND net=85602.0 PF=1.2338 DD=15.915%
2026-08-29T23:43:49+00:00 GATE_SKIP id=OAFX1228 window=OOS reason=IS_NOT_SURVIVOR decision=IS_REJECT net=284040.0 PF=1.435 DD=48.6964%
2026-08-29T23:43:49+00:00 SKIP_EXISTING [231/1000] id=OAFX1231 window=SCREEN_IS
2026-08-29T23:43:49+00:00 SKIP_EXISTING [232/1000] id=OAFX1232 window=SCREEN_IS
2026-08-29T23:43:49+00:00 SKIP_EXISTING [230/1000] id=OAFX1230 window=IS
2026-08-29T23:43:49+00:00 SCREEN_SKIP_EXISTING_FULLBOOK [233/1000] id=OAFX1233 reason=existing fullbook IS retained
2026-08-29T23:43:49+00:00 SCREEN_SKIP_EXISTING_FULLBOOK [234/1000] id=OAFX1234 reason=existing fullbook IS retained
2026-08-29T23:43:49+00:00 GATE_SKIP id=OAFX1231 window=IS reason=SINGLE_SLEEVE_INFERIOR decision=SCREEN_OUT_SINGLE_SLEEVE net=67462.0 PF=1.3264 DD=15.7847%
2026-08-29T23:43:49+00:00 GATE_SKIP id=OAFX1232 window=IS reason=SINGLE_SLEEVE_INFERIOR decision=SCREEN_OUT_SINGLE_SLEEVE net=53591.0 PF=1.2324 DD=18.9135%
2026-08-29T23:43:49+00:00 GATE_SKIP id=OAFX1230 window=OOS reason=IS_NOT_SURVIVOR decision=IS_NOISE_BAND net=285324.0 PF=1.4157 DD=34.6255%
2026-08-29T23:43:49+00:00 SKIP_EXISTING [233/1000] id=OAFX1233 window=IS
2026-08-29T23:43:49+00:00 SKIP_EXISTING [234/1000] id=OAFX1234 window=IS
2026-08-29T23:43:49+00:00 SCREEN_SKIP_EXISTING_FULLBOOK [235/1000] id=OAFX1235 reason=existing fullbook IS retained
2026-08-29T23:43:49+00:00 SCREEN_SKIP_EXISTING_FULLBOOK [236/1000] id=OAFX1236 reason=existing fullbook IS retained
2026-08-29T23:43:49+00:00 SCREEN_SKIP_EXISTING_FULLBOOK [237/1000] id=OAFX1237 reason=existing fullbook IS retained
2026-08-29T23:43:49+00:00 GATE_SKIP id=OAFX1233 window=OOS reason=IS_NOT_SURVIVOR decision=IS_REJECT net=274522.0 PF=1.4896 DD=40.1031%
2026-08-29T23:43:49+00:00 GATE_SKIP id=OAFX1234 window=OOS reason=IS_NOT_SURVIVOR decision=IS_REJECT net=288568.0 PF=1.4989 DD=41.0601%
2026-08-29T23:43:49+00:00 SKIP_EXISTING [235/1000] id=OAFX1235 window=IS
2026-08-29T23:43:49+00:00 SKIP_EXISTING [236/1000] id=OAFX1236 window=IS
2026-08-29T23:43:49+00:00 SKIP_EXISTING [237/1000] id=OAFX1237 window=IS
2026-08-29T23:43:49+00:00 SCREEN_SKIP_EXISTING_FULLBOOK [238/1000] id=OAFX1238 reason=existing fullbook IS retained
2026-08-29T23:43:49+00:00 SKIP_EXISTING [239/1000] id=OAFX1239 window=SCREEN_IS
2026-08-29T23:43:49+00:00 GATE_SKIP id=OAFX1235 window=OOS reason=IS_NOT_SURVIVOR decision=IS_REJECT net=285579.0 PF=1.4825 DD=40.4867%
2026-08-29T23:43:49+00:00 GATE_SKIP id=OAFX1236 window=OOS reason=IS_NOT_SURVIVOR decision=IS_REJECT net=289036.0 PF=1.4748 DD=43.3076%
2026-08-29T23:43:49+00:00 GATE_SKIP id=OAFX1237 window=OOS reason=IS_NOT_SURVIVOR decision=IS_REJECT net=286918.0 PF=1.4495 DD=37.5231%
2026-08-29T23:43:49+00:00 SKIP_EXISTING [238/1000] id=OAFX1238 window=IS
2026-08-29T23:43:49+00:00 GATE_SKIP id=OAFX1239 window=IS reason=SINGLE_SLEEVE_INFERIOR decision=SCREEN_NOISE_BAND net=84420.0 PF=1.2278 DD=16.1313%
2026-08-29T23:43:49+00:00 SCREEN_SKIP_EXISTING_FULLBOOK [240/1000] id=OAFX1240 reason=existing fullbook IS retained
2026-08-29T23:43:49+00:00 SKIP_EXISTING [241/1000] id=OAFX1241 window=SCREEN_IS
2026-08-29T23:43:49+00:00 SKIP_EXISTING [242/1000] id=OAFX1242 window=SCREEN_IS
2026-08-29T23:43:49+00:00 GATE_SKIP id=OAFX1238 window=OOS reason=IS_NOT_SURVIVOR decision=IS_REJECT net=284137.0 PF=1.4314 DD=41.9938%
2026-08-29T23:43:49+00:00 SKIP_EXISTING [243/1000] id=OAFX1243 window=SCREEN_IS
2026-08-29T23:43:49+00:00 SKIP_EXISTING [240/1000] id=OAFX1240 window=IS
2026-08-29T23:43:49+00:00 GATE_SKIP id=OAFX1241 window=IS reason=SINGLE_SLEEVE_INFERIOR decision=SCREEN_OUT_SINGLE_SLEEVE net=69762.0 PF=1.2992 DD=18.2614%
2026-08-29T23:43:49+00:00 GATE_SKIP id=OAFX1242 window=IS reason=SINGLE_SLEEVE_INFERIOR decision=SCREEN_OUT_SINGLE_SLEEVE net=73762.0 PF=1.2909 DD=17.0378%
2026-08-29T23:43:49+00:00 SCREEN_SKIP_EXISTING_FULLBOOK [244/1000] id=OAFX1244 reason=existing fullbook IS retained
2026-08-29T23:43:49+00:00 GATE_SKIP id=OAFX1243 window=IS reason=SINGLE_SLEEVE_INFERIOR decision=SCREEN_NOISE_BAND net=84709.0 PF=1.311 DD=14.942%
2026-08-29T23:43:49+00:00 GATE_SKIP id=OAFX1240 window=OOS reason=IS_NOT_SURVIVOR decision=IS_REJECT net=283539.0 PF=1.4119 DD=35.0091%
2026-08-29T23:43:49+00:00 SCREEN_SKIP_EXISTING_FULLBOOK [245/1000] id=OAFX1245 reason=existing fullbook IS retained
2026-08-29T23:43:49+00:00 SCREEN_SKIP_EXISTING_FULLBOOK [246/1000] id=OAFX1246 reason=existing fullbook IS retained
2026-08-29T23:43:49+00:00 SKIP_EXISTING [244/1000] id=OAFX1244 window=IS
2026-08-29T23:43:49+00:00 SCREEN_SKIP_EXISTING_FULLBOOK [247/1000] id=OAFX1247 reason=existing fullbook IS retained
2026-08-29T23:43:49+00:00 SCREEN_SKIP_EXISTING_FULLBOOK [248/1000] id=OAFX1248 reason=existing fullbook IS retained
2026-08-29T23:43:49+00:00 SKIP_EXISTING [245/1000] id=OAFX1245 window=IS
2026-08-29T23:43:49+00:00 SKIP_EXISTING [246/1000] id=OAFX1246 window=IS
2026-08-29T23:43:49+00:00 SKIP_EXISTING [244/1000] id=OAFX1244 window=OOS
2026-08-29T23:43:49+00:00 SKIP_EXISTING [247/1000] id=OAFX1247 window=IS
2026-08-29T23:43:49+00:00 SKIP_EXISTING [248/1000] id=OAFX1248 window=IS
2026-08-29T23:43:49+00:00 SKIP_EXISTING [245/1000] id=OAFX1245 window=OOS
2026-08-29T23:43:49+00:00 GATE_SKIP id=OAFX1246 window=OOS reason=IS_NOT_SURVIVOR decision=IS_REJECT net=281785.0 PF=1.4469 DD=36.5818%
2026-08-29T23:43:49+00:00 SKIP_EXISTING [249/1000] id=OAFX1249 window=SCREEN_IS
2026-08-29T23:43:49+00:00 GATE_SKIP id=OAFX1247 window=OOS reason=IS_NOT_SURVIVOR decision=IS_REJECT net=284303.0 PF=1.4364 DD=38.9224%
2026-08-29T23:43:49+00:00 GATE_SKIP id=OAFX1248 window=OOS reason=IS_NOT_SURVIVOR decision=IS_NOISE_BAND net=282240.0 PF=1.4205 DD=32.127%
2026-08-29T23:43:49+00:00 SKIP_EXISTING [250/1000] id=OAFX1250 window=SCREEN_IS
2026-08-29T23:43:49+00:00 SKIP_EXISTING [251/1000] id=OAFX1251 window=SCREEN_IS
2026-08-29T23:43:49+00:00 GATE_SKIP id=OAFX1249 window=IS reason=SINGLE_SLEEVE_INFERIOR decision=SCREEN_OUT_SINGLE_SLEEVE net=73394.0 PF=1.1916 DD=18.2723%
2026-08-29T23:43:49+00:00 SKIP_EXISTING [252/1000] id=OAFX1252 window=SCREEN_IS
2026-08-29T23:43:49+00:00 SCREEN_SKIP_EXISTING_FULLBOOK [253/1000] id=OAFX1253 reason=existing fullbook IS retained
2026-08-29T23:43:49+00:00 GATE_SKIP id=OAFX1250 window=IS reason=SINGLE_SLEEVE_INFERIOR decision=SCREEN_NOISE_BAND net=84335.0 PF=1.2205 DD=17.3682%
2026-08-29T23:43:49+00:00 GATE_SKIP id=OAFX1251 window=IS reason=SINGLE_SLEEVE_INFERIOR decision=SCREEN_NOISE_BAND net=84318.0 PF=1.3315 DD=18.9844%
2026-08-29T23:43:49+00:00 SCREEN_SKIP_EXISTING_FULLBOOK [254/1000] id=OAFX1254 reason=existing fullbook IS retained
2026-08-29T23:43:49+00:00 GATE_SKIP id=OAFX1252 window=IS reason=SINGLE_SLEEVE_INFERIOR decision=SCREEN_OUT_SINGLE_SLEEVE net=74772.0 PF=1.2724 DD=19.5402%
2026-08-29T23:43:49+00:00 SKIP_EXISTING [253/1000] id=OAFX1253 window=IS
2026-08-29T23:43:49+00:00 SCREEN_SKIP_EXISTING_FULLBOOK [255/1000] id=OAFX1255 reason=existing fullbook IS retained
2026-08-29T23:43:49+00:00 SCREEN_SKIP_EXISTING_FULLBOOK [256/1000] id=OAFX1256 reason=existing fullbook IS retained
2026-08-29T23:43:49+00:00 SKIP_EXISTING [254/1000] id=OAFX1254 window=IS
2026-08-29T23:43:49+00:00 SKIP_EXISTING [257/1000] id=OAFX1257 window=SCREEN_IS
2026-08-29T23:43:49+00:00 SKIP_EXISTING [253/1000] id=OAFX1253 window=OOS
2026-08-29T23:43:49+00:00 SKIP_EXISTING [255/1000] id=OAFX1255 window=IS
2026-08-29T23:43:49+00:00 SKIP_EXISTING [256/1000] id=OAFX1256 window=IS
2026-08-29T23:43:49+00:00 SKIP_EXISTING [254/1000] id=OAFX1254 window=OOS
2026-08-29T23:43:49+00:00 GATE_SKIP id=OAFX1257 window=IS reason=SINGLE_SLEEVE_INFERIOR decision=SCREEN_NOISE_BAND net=87917.0 PF=1.2511 DD=19.4334%
2026-08-29T23:43:49+00:00 SCREEN_SKIP_EXISTING_FULLBOOK [258/1000] id=OAFX1258 reason=existing fullbook IS retained
2026-08-29T23:43:49+00:00 GATE_SKIP id=OAFX1255 window=OOS reason=IS_NOT_SURVIVOR decision=IS_NOISE_BAND net=281178.0 PF=1.4473 DD=27.8613%
2026-08-29T23:43:49+00:00 GATE_SKIP id=OAFX1256 window=OOS reason=IS_NOT_SURVIVOR decision=IS_NOISE_BAND net=281983.0 PF=1.4391 DD=30.5116%
2026-08-29T23:43:49+00:00 SKIP_EXISTING [259/1000] id=OAFX1259 window=SCREEN_IS
2026-08-29T23:43:49+00:00 SCREEN_SKIP_EXISTING_FULLBOOK [260/1000] id=OAFX1260 reason=existing fullbook IS retained
2026-08-29T23:43:49+00:00 SKIP_EXISTING [258/1000] id=OAFX1258 window=IS
2026-08-29T23:43:49+00:00 SKIP_EXISTING [261/1000] id=OAFX1261 window=SCREEN_IS
2026-08-29T23:43:49+00:00 SKIP_EXISTING [262/1000] id=OAFX1262 window=SCREEN_IS
2026-08-29T23:43:49+00:00 GATE_SKIP id=OAFX1259 window=IS reason=SINGLE_SLEEVE_INFERIOR decision=SCREEN_OUT_SINGLE_SLEEVE net=66887.0 PF=1.171 DD=20.364%
2026-08-29T23:43:49+00:00 SKIP_EXISTING [260/1000] id=OAFX1260 window=IS
2026-08-29T23:43:49+00:00 GATE_SKIP id=OAFX1258 window=OOS reason=IS_NOT_SURVIVOR decision=IS_REJECT net=274217.0 PF=1.4031 DD=35.2849%
2026-08-29T23:43:49+00:00 GATE_SKIP id=OAFX1261 window=IS reason=SINGLE_SLEEVE_INFERIOR decision=SCREEN_OUT_SINGLE_SLEEVE net=68317.0 PF=1.2346 DD=18.1806%
2026-08-29T23:43:49+00:00 GATE_SKIP id=OAFX1262 window=IS reason=SINGLE_SLEEVE_INFERIOR decision=SCREEN_OUT_SINGLE_SLEEVE net=73234.0 PF=1.2389 DD=16.3842%
2026-08-29T23:43:49+00:00 SCREEN_SKIP_EXISTING_FULLBOOK [263/1000] id=OAFX1263 reason=existing fullbook IS retained
2026-08-29T23:43:49+00:00 GATE_SKIP id=OAFX1260 window=OOS reason=IS_NOT_SURVIVOR decision=IS_REJECT net=275523.0 PF=1.3947 DD=37.8441%
2026-08-29T23:43:49+00:00 SKIP_EXISTING [264/1000] id=OAFX1264 window=SCREEN_IS
2026-08-29T23:43:49+00:00 SKIP_EXISTING [265/1000] id=OAFX1265 window=SCREEN_IS
2026-08-29T23:43:49+00:00 SKIP_EXISTING [266/1000] id=OAFX1266 window=SCREEN_IS
2026-08-29T23:43:49+00:00 SKIP_EXISTING [263/1000] id=OAFX1263 window=IS
2026-08-29T23:43:49+00:00 SKIP_EXISTING [267/1000] id=OAFX1267 window=SCREEN_IS
2026-08-29T23:43:49+00:00 GATE_SKIP id=OAFX1264 window=IS reason=SINGLE_SLEEVE_INFERIOR decision=SCREEN_OUT_SINGLE_SLEEVE net=69071.0 PF=1.2063 DD=18.362%
2026-08-29T23:43:49+00:00 GATE_SKIP id=OAFX1265 window=IS reason=SINGLE_SLEEVE_INFERIOR decision=SCREEN_OUT_SINGLE_SLEEVE net=73533.0 PF=1.2149 DD=17.4431%
2026-08-29T23:43:49+00:00 GATE_SKIP id=OAFX1266 window=IS reason=SINGLE_SLEEVE_INFERIOR decision=SCREEN_OUT_SINGLE_SLEEVE net=68672.0 PF=1.1933 DD=20.5942%
2026-08-29T23:43:49+00:00 SKIP_EXISTING [263/1000] id=OAFX1263 window=OOS
2026-08-29T23:43:49+00:00 GATE_SKIP id=OAFX1267 window=IS reason=SINGLE_SLEEVE_INFERIOR decision=SCREEN_OUT_SINGLE_SLEEVE net=74342.0 PF=1.2008 DD=22.6312%
2026-08-29T23:43:49+00:00 SKIP_EXISTING [268/1000] id=OAFX1268 window=SCREEN_IS
2026-08-29T23:43:49+00:00 SKIP_EXISTING [269/1000] id=OAFX1269 window=SCREEN_IS
2026-08-29T23:43:49+00:00 SKIP_EXISTING [270/1000] id=OAFX1270 window=SCREEN_IS
2026-08-29T23:43:49+00:00 SKIP_EXISTING [271/1000] id=OAFX1271 window=SCREEN_IS
2026-08-29T23:43:49+00:00 SKIP_EXISTING [272/1000] id=OAFX1272 window=SCREEN_IS
2026-08-29T23:43:49+00:00 GATE_SKIP id=OAFX1268 window=IS reason=SINGLE_SLEEVE_INFERIOR decision=SCREEN_OUT_SINGLE_SLEEVE net=72397.0 PF=1.1902 DD=20.2395%
2026-08-29T23:43:49+00:00 GATE_SKIP id=OAFX1269 window=IS reason=SINGLE_SLEEVE_INFERIOR decision=SCREEN_OUT_SINGLE_SLEEVE net=66216.0 PF=1.1683 DD=21.1735%
2026-08-29T23:43:49+00:00 GATE_SKIP id=OAFX1270 window=IS reason=SINGLE_SLEEVE_INFERIOR decision=SCREEN_NOISE_BAND net=85690.0 PF=1.2239 DD=18.9935%
2026-08-29T23:43:49+00:00 GATE_SKIP id=OAFX1271 window=IS reason=SINGLE_SLEEVE_INFERIOR decision=SCREEN_OUT_SINGLE_SLEEVE net=72454.0 PF=1.2225 DD=21.455%
2026-08-29T23:43:49+00:00 GATE_SKIP id=OAFX1272 window=IS reason=SINGLE_SLEEVE_INFERIOR decision=SCREEN_OUT_SINGLE_SLEEVE net=71803.0 PF=1.2134 DD=20.6534%
2026-08-29T23:43:49+00:00 SKIP_EXISTING [273/1000] id=OAFX1273 window=SCREEN_IS
2026-08-29T23:43:49+00:00 SKIP_EXISTING [274/1000] id=OAFX1274 window=SCREEN_IS
2026-08-29T23:43:49+00:00 SKIP_EXISTING [275/1000] id=OAFX1275 window=SCREEN_IS
2026-08-29T23:43:49+00:00 SKIP_EXISTING [276/1000] id=OAFX1276 window=SCREEN_IS
2026-08-29T23:43:49+00:00 SKIP_EXISTING [277/1000] id=OAFX1277 window=SCREEN_IS
2026-08-29T23:43:49+00:00 GATE_SKIP id=OAFX1273 window=IS reason=SINGLE_SLEEVE_INFERIOR decision=SCREEN_OUT_SINGLE_SLEEVE net=69095.0 PF=1.1992 DD=21.4736%
2026-08-29T23:43:49+00:00 GATE_SKIP id=OAFX1274 window=IS reason=SINGLE_SLEEVE_INFERIOR decision=SCREEN_OUT_SINGLE_SLEEVE net=67538.0 PF=1.1897 DD=21.0099%
2026-08-29T23:43:49+00:00 GATE_SKIP id=OAFX1275 window=IS reason=SINGLE_SLEEVE_INFERIOR decision=SCREEN_NOISE_BAND net=73458.0 PF=1.2039 DD=19.233%
2026-08-29T23:43:49+00:00 GATE_SKIP id=OAFX1276 window=IS reason=SINGLE_SLEEVE_INFERIOR decision=SCREEN_OUT_SINGLE_SLEEVE net=67110.0 PF=1.1817 DD=21.4231%
2026-08-29T23:43:49+00:00 GATE_SKIP id=OAFX1277 window=IS reason=SINGLE_SLEEVE_INFERIOR decision=SCREEN_OUT_SINGLE_SLEEVE net=71119.0 PF=1.1872 DD=21.8768%
2026-08-29T23:43:49+00:00 SKIP_EXISTING [278/1000] id=OAFX1278 window=SCREEN_IS
2026-08-29T23:43:49+00:00 SKIP_EXISTING [279/1000] id=OAFX1279 window=SCREEN_IS
2026-08-29T23:43:49+00:00 SKIP_EXISTING [280/1000] id=OAFX1280 window=SCREEN_IS
2026-08-29T23:43:49+00:00 SKIP_EXISTING [281/1000] id=OAFX1281 window=SCREEN_IS
2026-08-29T23:43:49+00:00 SKIP_EXISTING [282/1000] id=OAFX1282 window=SCREEN_IS
2026-08-29T23:43:49+00:00 GATE_SKIP id=OAFX1278 window=IS reason=SINGLE_SLEEVE_INFERIOR decision=SCREEN_OUT_SINGLE_SLEEVE net=69089.0 PF=1.1786 DD=21.7496%
2026-08-29T23:43:49+00:00 GATE_SKIP id=OAFX1279 window=IS reason=SINGLE_SLEEVE_INFERIOR decision=SCREEN_OUT_SINGLE_SLEEVE net=65341.0 PF=1.1645 DD=23.9873%
2026-08-29T23:43:49+00:00 GATE_SKIP id=OAFX1280 window=IS reason=SINGLE_SLEEVE_INFERIOR decision=SCREEN_NOISE_BAND net=89608.0 PF=1.2351 DD=19.4478%
2026-08-29T23:43:49+00:00 GATE_SKIP id=OAFX1281 window=IS reason=SINGLE_SLEEVE_INFERIOR decision=SCREEN_OUT_SINGLE_SLEEVE net=81504.0 PF=1.2202 DD=22.1508%
2026-08-29T23:43:49+00:00 GATE_SKIP id=OAFX1282 window=IS reason=SINGLE_SLEEVE_INFERIOR decision=SCREEN_OUT_SINGLE_SLEEVE net=81731.0 PF=1.2174 DD=20.307%
2026-08-29T23:43:49+00:00 SKIP_EXISTING [283/1000] id=OAFX1283 window=SCREEN_IS
2026-08-29T23:43:49+00:00 SKIP_EXISTING [284/1000] id=OAFX1284 window=SCREEN_IS
2026-08-29T23:43:49+00:00 SKIP_EXISTING [285/1000] id=OAFX1285 window=SCREEN_IS
2026-08-29T23:43:49+00:00 SKIP_EXISTING [286/1000] id=OAFX1286 window=SCREEN_IS
2026-08-29T23:43:49+00:00 SKIP_EXISTING [287/1000] id=OAFX1287 window=SCREEN_IS
2026-08-29T23:43:49+00:00 GATE_SKIP id=OAFX1283 window=IS reason=SINGLE_SLEEVE_INFERIOR decision=SCREEN_OUT_SINGLE_SLEEVE net=76766.0 PF=1.2007 DD=21.3565%
2026-08-29T23:43:49+00:00 GATE_SKIP id=OAFX1284 window=IS reason=SINGLE_SLEEVE_INFERIOR decision=SCREEN_OUT_SINGLE_SLEEVE net=80978.0 PF=1.2111 DD=19.8133%
2026-08-29T23:43:49+00:00 GATE_SKIP id=OAFX1285 window=IS reason=SINGLE_SLEEVE_INFERIOR decision=SCREEN_NOISE_BAND net=82815.0 PF=1.2157 DD=19.2923%
2026-08-29T23:43:49+00:00 GATE_SKIP id=OAFX1286 window=IS reason=SINGLE_SLEEVE_INFERIOR decision=SCREEN_OUT_SINGLE_SLEEVE net=78852.0 PF=1.2031 DD=19.8286%
2026-08-29T23:43:49+00:00 GATE_SKIP id=OAFX1287 window=IS reason=SINGLE_SLEEVE_INFERIOR decision=SCREEN_OUT_SINGLE_SLEEVE net=75468.0 PF=1.1922 DD=21.5782%
2026-08-29T23:43:49+00:00 SKIP_EXISTING [288/1000] id=OAFX1288 window=SCREEN_IS
2026-08-29T23:43:49+00:00 SKIP_EXISTING [289/1000] id=OAFX1289 window=SCREEN_IS
2026-08-29T23:43:49+00:00 SCREEN_SKIP_EXISTING_FULLBOOK [290/1000] id=OAFX1290 reason=existing fullbook IS retained
2026-08-29T23:43:49+00:00 SKIP_EXISTING [291/1000] id=OAFX1291 window=SCREEN_IS
2026-08-29T23:43:49+00:00 SKIP_EXISTING [292/1000] id=OAFX1292 window=SCREEN_IS
2026-08-29T23:43:49+00:00 GATE_SKIP id=OAFX1288 window=IS reason=SINGLE_SLEEVE_INFERIOR decision=SCREEN_OUT_SINGLE_SLEEVE net=76528.0 PF=1.1941 DD=20.9136%
2026-08-29T23:43:49+00:00 GATE_SKIP id=OAFX1289 window=IS reason=SINGLE_SLEEVE_INFERIOR decision=SCREEN_OUT_SINGLE_SLEEVE net=77457.0 PF=1.1957 DD=20.5272%
2026-08-29T23:43:49+00:00 SKIP_EXISTING [290/1000] id=OAFX1290 window=IS
2026-08-29T23:43:49+00:00 GATE_SKIP id=OAFX1291 window=IS reason=SINGLE_SLEEVE_INFERIOR decision=SCREEN_OUT_SINGLE_SLEEVE net=72404.0 PF=1.1847 DD=22.223%
2026-08-29T23:43:49+00:00 GATE_SKIP id=OAFX1292 window=IS reason=SINGLE_SLEEVE_INFERIOR decision=SCREEN_OUT_SINGLE_SLEEVE net=71287.0 PF=1.1802 DD=22.4304%
2026-08-29T23:43:49+00:00 SKIP_EXISTING [293/1000] id=OAFX1293 window=SCREEN_IS
2026-08-29T23:43:49+00:00 SKIP_EXISTING [294/1000] id=OAFX1294 window=SCREEN_IS
2026-08-29T23:43:49+00:00 GATE_SKIP id=OAFX1290 window=OOS reason=IS_NOT_SURVIVOR decision=IS_REJECT net=282044.0 PF=1.4042 DD=36.1033%
2026-08-29T23:43:49+00:00 SKIP_EXISTING [295/1000] id=OAFX1295 window=SCREEN_IS
2026-08-29T23:43:49+00:00 SKIP_EXISTING [296/1000] id=OAFX1296 window=SCREEN_IS
2026-08-29T23:43:49+00:00 GATE_SKIP id=OAFX1293 window=IS reason=SINGLE_SLEEVE_INFERIOR decision=SCREEN_OUT_SINGLE_SLEEVE net=68303.0 PF=1.1711 DD=23.2075%
2026-08-29T23:43:49+00:00 GATE_SKIP id=OAFX1294 window=IS reason=SINGLE_SLEEVE_INFERIOR decision=SCREEN_OUT_SINGLE_SLEEVE net=71109.0 PF=1.1782 DD=21.6465%
2026-08-29T23:43:49+00:00 SKIP_EXISTING [297/1000] id=OAFX1297 window=SCREEN_IS
2026-08-29T23:43:49+00:00 GATE_SKIP id=OAFX1295 window=IS reason=SINGLE_SLEEVE_INFERIOR decision=SCREEN_OUT_SINGLE_SLEEVE net=73893.0 PF=1.186 DD=21.1137%
2026-08-29T23:43:49+00:00 GATE_SKIP id=OAFX1296 window=IS reason=SINGLE_SLEEVE_INFERIOR decision=SCREEN_OUT_SINGLE_SLEEVE net=74972.0 PF=1.1888 DD=21.1017%
2026-08-29T23:43:49+00:00 SKIP_EXISTING [298/1000] id=OAFX1298 window=SCREEN_IS
2026-08-29T23:43:49+00:00 SKIP_EXISTING [299/1000] id=OAFX1299 window=SCREEN_IS
2026-08-29T23:43:49+00:00 GATE_SKIP id=OAFX1297 window=IS reason=SINGLE_SLEEVE_INFERIOR decision=SCREEN_OUT_SINGLE_SLEEVE net=76509.0 PF=1.1931 DD=20.9259%
2026-08-29T23:43:49+00:00 SKIP_EXISTING [300/1000] id=OAFX1300 window=SCREEN_IS
2026-08-29T23:43:49+00:00 SKIP_EXISTING [301/1000] id=OAFX1301 window=SCREEN_IS
2026-08-29T23:43:49+00:00 GATE_SKIP id=OAFX1298 window=IS reason=SINGLE_SLEEVE_INFERIOR decision=SCREEN_OUT_SINGLE_SLEEVE net=78405.0 PF=1.1985 DD=20.681%
2026-08-29T23:43:49+00:00 GATE_SKIP id=OAFX1299 window=IS reason=SINGLE_SLEEVE_INFERIOR decision=SCREEN_OUT_SINGLE_SLEEVE net=81779.0 PF=1.2088 DD=20.1957%
2026-08-29T23:43:49+00:00 SKIP_EXISTING [302/1000] id=OAFX1302 window=SCREEN_IS
2026-08-29T23:43:49+00:00 GATE_SKIP id=OAFX1300 window=IS reason=SINGLE_SLEEVE_INFERIOR decision=SCREEN_NOISE_BAND net=86167.0 PF=1.2224 DD=19.3386%
2026-08-29T23:43:49+00:00 GATE_SKIP id=OAFX1301 window=IS reason=SINGLE_SLEEVE_INFERIOR decision=SCREEN_OUT_SINGLE_SLEEVE net=77640.0 PF=1.3241 DD=21.5632%
2026-08-29T23:43:49+00:00 SKIP_EXISTING [303/1000] id=OAFX1303 window=SCREEN_IS
2026-08-29T23:43:49+00:00 SCREEN_SKIP_EXISTING_FULLBOOK [304/1000] id=OAFX1304 reason=existing fullbook IS retained
2026-08-29T23:43:49+00:00 GATE_SKIP id=OAFX1302 window=IS reason=SINGLE_SLEEVE_INFERIOR decision=SCREEN_OUT_SINGLE_SLEEVE net=84751.0 PF=1.3555 DD=20.3299%
2026-08-29T23:43:49+00:00 SCREEN_SKIP_EXISTING_FULLBOOK [305/1000] id=OAFX1305 reason=existing fullbook IS retained
2026-08-29T23:43:49+00:00 SKIP_EXISTING [306/1000] id=OAFX1306 window=SCREEN_IS
2026-08-29T23:43:49+00:00 GATE_SKIP id=OAFX1303 window=IS reason=SINGLE_SLEEVE_INFERIOR decision=SCREEN_NOISE_BAND net=91343.0 PF=1.3833 DD=19.5293%
2026-08-29T23:43:49+00:00 SKIP_EXISTING [304/1000] id=OAFX1304 window=IS
2026-08-29T23:43:49+00:00 SKIP_EXISTING [307/1000] id=OAFX1307 window=SCREEN_IS
2026-08-29T23:43:49+00:00 SKIP_EXISTING [305/1000] id=OAFX1305 window=IS
2026-08-29T23:43:49+00:00 GATE_SKIP id=OAFX1306 window=IS reason=SINGLE_SLEEVE_INFERIOR decision=SCREEN_OUT_SINGLE_SLEEVE net=85510.0 PF=1.3588 DD=19.8283%
2026-08-29T23:43:49+00:00 SCREEN_SKIP_EXISTING_FULLBOOK [308/1000] id=OAFX1308 reason=existing fullbook IS retained
2026-08-29T23:43:49+00:00 GATE_SKIP id=OAFX1304 window=OOS reason=IS_NOT_SURVIVOR decision=IS_REJECT net=289887.0 PF=1.5272 DD=35.9619%
2026-08-29T23:43:49+00:00 GATE_SKIP id=OAFX1307 window=IS reason=SINGLE_SLEEVE_INFERIOR decision=SCREEN_OUT_SINGLE_SLEEVE net=81608.0 PF=1.3424 DD=19.6059%
2026-08-29T23:43:49+00:00 GATE_SKIP id=OAFX1305 window=OOS reason=IS_NOT_SURVIVOR decision=IS_REJECT net=291719.0 PF=1.5306 DD=36.678%
2026-08-29T23:43:49+00:00 SCREEN_SKIP_EXISTING_FULLBOOK [309/1000] id=OAFX1309 reason=existing fullbook IS retained
2026-08-29T23:43:49+00:00 SKIP_EXISTING [308/1000] id=OAFX1308 window=IS
2026-08-29T23:43:49+00:00 SKIP_EXISTING [310/1000] id=OAFX1310 window=SCREEN_IS
2026-08-29T23:43:49+00:00 SKIP_EXISTING [311/1000] id=OAFX1311 window=SCREEN_IS
2026-08-29T23:43:49+00:00 SKIP_EXISTING [312/1000] id=OAFX1312 window=SCREEN_IS
2026-08-29T23:43:49+00:00 SKIP_EXISTING [309/1000] id=OAFX1309 window=IS
2026-08-29T23:43:49+00:00 GATE_SKIP id=OAFX1308 window=OOS reason=IS_NOT_SURVIVOR decision=IS_REJECT net=275106.0 PF=1.5003 DD=42.0837%
2026-08-29T23:43:49+00:00 GATE_SKIP id=OAFX1310 window=IS reason=SINGLE_SLEEVE_INFERIOR decision=SCREEN_OUT_SINGLE_SLEEVE net=68306.0 PF=1.2866 DD=21.0199%
2026-08-29T23:43:49+00:00 GATE_SKIP id=OAFX1311 window=IS reason=SINGLE_SLEEVE_INFERIOR decision=SCREEN_OUT_SINGLE_SLEEVE net=81144.0 PF=1.29 DD=21.4514%
2026-08-29T23:43:49+00:00 GATE_SKIP id=OAFX1312 window=IS reason=SINGLE_SLEEVE_INFERIOR decision=SCREEN_OUT_SINGLE_SLEEVE net=85479.0 PF=1.3063 DD=20.5998%
2026-08-29T23:43:49+00:00 GATE_SKIP id=OAFX1309 window=OOS reason=IS_NOT_SURVIVOR decision=IS_REJECT net=278509.0 PF=1.5065 DD=48.22%
2026-08-29T23:43:49+00:00 SKIP_EXISTING [313/1000] id=OAFX1313 window=SCREEN_IS
2026-08-29T23:43:49+00:00 SKIP_EXISTING [314/1000] id=OAFX1314 window=SCREEN_IS
2026-08-29T23:43:49+00:00 SKIP_EXISTING [315/1000] id=OAFX1315 window=SCREEN_IS
2026-08-29T23:43:49+00:00 SKIP_EXISTING [316/1000] id=OAFX1316 window=SCREEN_IS
2026-08-29T23:43:49+00:00 SKIP_EXISTING [317/1000] id=OAFX1317 window=SCREEN_IS
2026-08-29T23:43:49+00:00 GATE_SKIP id=OAFX1313 window=IS reason=SINGLE_SLEEVE_INFERIOR decision=SCREEN_OUT_SINGLE_SLEEVE net=88140.0 PF=1.3159 DD=19.9416%
2026-08-29T23:43:49+00:00 GATE_SKIP id=OAFX1314 window=IS reason=SINGLE_SLEEVE_INFERIOR decision=SCREEN_OUT_SINGLE_SLEEVE net=89975.0 PF=1.3225 DD=19.8454%
2026-08-29T23:43:49+00:00 GATE_SKIP id=OAFX1315 window=IS reason=SINGLE_SLEEVE_INFERIOR decision=SCREEN_OUT_SINGLE_SLEEVE net=88394.0 PF=1.3168 DD=21.1105%
2026-08-29T23:43:49+00:00 GATE_SKIP id=OAFX1316 window=IS reason=SINGLE_SLEEVE_INFERIOR decision=SCREEN_OUT_SINGLE_SLEEVE net=75095.0 PF=1.2692 DD=21.8967%
2026-08-29T23:43:49+00:00 GATE_SKIP id=OAFX1317 window=IS reason=SINGLE_SLEEVE_INFERIOR decision=SCREEN_OUT_SINGLE_SLEEVE net=67449.0 PF=1.2418 DD=21.5684%
2026-08-29T23:43:49+00:00 SKIP_EXISTING [318/1000] id=OAFX1318 window=SCREEN_IS
2026-08-29T23:43:49+00:00 SKIP_EXISTING [319/1000] id=OAFX1319 window=SCREEN_IS
2026-08-29T23:43:49+00:00 SKIP_EXISTING [320/1000] id=OAFX1320 window=SCREEN_IS
2026-08-29T23:43:49+00:00 SKIP_EXISTING [321/1000] id=OAFX1321 window=SCREEN_IS
2026-08-29T23:43:49+00:00 SKIP_EXISTING [322/1000] id=OAFX1322 window=SCREEN_IS
2026-08-29T23:43:49+00:00 GATE_SKIP id=OAFX1318 window=IS reason=SINGLE_SLEEVE_INFERIOR decision=SCREEN_OUT_SINGLE_SLEEVE net=71948.0 PF=1.2579 DD=20.5188%
2026-08-29T23:43:49+00:00 GATE_SKIP id=OAFX1319 window=IS reason=SINGLE_SLEEVE_INFERIOR decision=SCREEN_OUT_SINGLE_SLEEVE net=73146.0 PF=1.2622 DD=20.5668%
2026-08-29T23:43:49+00:00 GATE_SKIP id=OAFX1320 window=IS reason=SINGLE_SLEEVE_INFERIOR decision=SCREEN_OUT_SINGLE_SLEEVE net=77437.0 PF=1.2776 DD=19.7715%
2026-08-29T23:43:49+00:00 GATE_SKIP id=OAFX1321 window=IS reason=SINGLE_SLEEVE_INFERIOR decision=SCREEN_OUT_SINGLE_SLEEVE net=81575.0 PF=1.268 DD=22.2336%
2026-08-29T23:43:49+00:00 GATE_SKIP id=OAFX1322 window=IS reason=SINGLE_SLEEVE_INFERIOR decision=SCREEN_OUT_SINGLE_SLEEVE net=86165.0 PF=1.2836 DD=21.4054%
2026-08-29T23:43:49+00:00 SKIP_EXISTING [323/1000] id=OAFX1323 window=SCREEN_IS
2026-08-29T23:43:49+00:00 SKIP_EXISTING [324/1000] id=OAFX1324 window=SCREEN_IS
2026-08-29T23:43:49+00:00 SKIP_EXISTING [325/1000] id=OAFX1325 window=SCREEN_IS
2026-08-29T23:43:49+00:00 SKIP_EXISTING [326/1000] id=OAFX1326 window=SCREEN_IS
2026-08-29T23:43:49+00:00 SKIP_EXISTING [327/1000] id=OAFX1327 window=SCREEN_IS
2026-08-29T23:43:49+00:00 GATE_SKIP id=OAFX1323 window=IS reason=SINGLE_SLEEVE_INFERIOR decision=SCREEN_OUT_SINGLE_SLEEVE net=87283.0 PF=1.2873 DD=20.9685%
2026-08-29T23:43:49+00:00 GATE_SKIP id=OAFX1324 window=IS reason=SINGLE_SLEEVE_INFERIOR decision=SCREEN_OUT_SINGLE_SLEEVE net=87114.0 PF=1.2867 DD=20.6564%
2026-08-29T23:43:49+00:00 GATE_SKIP id=OAFX1325 window=IS reason=SINGLE_SLEEVE_INFERIOR decision=SCREEN_OUT_SINGLE_SLEEVE net=85142.0 PF=1.2803 DD=20.8527%
2026-08-29T23:43:49+00:00 GATE_SKIP id=OAFX1326 window=IS reason=SINGLE_SLEEVE_INFERIOR decision=SCREEN_OUT_SINGLE_SLEEVE net=81170.0 PF=1.2672 DD=21.131%
2026-08-29T23:43:49+00:00 GATE_SKIP id=OAFX1327 window=IS reason=SINGLE_SLEEVE_INFERIOR decision=SCREEN_OUT_SINGLE_SLEEVE net=82607.0 PF=1.2719 DD=21.7998%
2026-08-29T23:43:49+00:00 SKIP_EXISTING [328/1000] id=OAFX1328 window=SCREEN_IS
2026-08-29T23:43:49+00:00 SKIP_EXISTING [329/1000] id=OAFX1329 window=SCREEN_IS
2026-08-29T23:43:49+00:00 SKIP_EXISTING [330/1000] id=OAFX1330 window=SCREEN_IS
2026-08-29T23:43:49+00:00 SKIP_EXISTING [331/1000] id=OAFX1331 window=SCREEN_IS
2026-08-29T23:43:49+00:00 SKIP_EXISTING [332/1000] id=OAFX1332 window=SCREEN_IS
2026-08-29T23:43:49+00:00 GATE_SKIP id=OAFX1328 window=IS reason=SINGLE_SLEEVE_INFERIOR decision=SCREEN_OUT_SINGLE_SLEEVE net=90433.0 PF=1.2977 DD=20.7954%
2026-08-29T23:43:49+00:00 GATE_SKIP id=OAFX1329 window=IS reason=SINGLE_SLEEVE_INFERIOR decision=SCREEN_OUT_SINGLE_SLEEVE net=96817.0 PF=1.3187 DD=20.7519%
2026-08-29T23:43:49+00:00 GATE_SKIP id=OAFX1330 window=IS reason=SINGLE_SLEEVE_INFERIOR decision=SCREEN_OUT_SINGLE_SLEEVE net=94336.0 PF=1.3105 DD=20.1277%
2026-08-29T23:43:49+00:00 GATE_SKIP id=OAFX1331 window=IS reason=SINGLE_SLEEVE_INFERIOR decision=SCREEN_OUT_SINGLE_SLEEVE net=86753.0 PF=1.2626 DD=22.6537%
2026-08-29T23:43:49+00:00 GATE_SKIP id=OAFX1332 window=IS reason=SINGLE_SLEEVE_INFERIOR decision=SCREEN_OUT_SINGLE_SLEEVE net=89509.0 PF=1.2712 DD=21.8742%
2026-08-29T23:43:49+00:00 SKIP_EXISTING [333/1000] id=OAFX1333 window=SCREEN_IS
2026-08-29T23:43:49+00:00 RUN_START id=OAFX1334 family=gj_break_even_lock window=SCREEN_IS terminal=BT4 run=oafx_screen_is_oafx1334_20260830084349_b65068
2026-08-29T23:43:49+00:00 SKIP_EXISTING [335/1000] id=OAFX1335 window=SCREEN_IS
2026-08-29T23:43:49+00:00 SKIP_EXISTING [336/1000] id=OAFX1336 window=SCREEN_IS
2026-08-29T23:43:49+00:00 SKIP_EXISTING [337/1000] id=OAFX1337 window=SCREEN_IS
2026-08-29T23:43:49+00:00 GATE_SKIP id=OAFX1333 window=IS reason=SINGLE_SLEEVE_INFERIOR decision=SCREEN_OUT_SINGLE_SLEEVE net=90411.0 PF=1.274 DD=21.8526%
2026-08-29T23:43:49+00:00 GATE_SKIP id=OAFX1335 window=IS reason=SINGLE_SLEEVE_INFERIOR decision=SCREEN_OUT_SINGLE_SLEEVE net=89010.0 PF=1.2698 DD=21.1592%
2026-08-29T23:43:49+00:00 GATE_SKIP id=OAFX1336 window=IS reason=SINGLE_SLEEVE_INFERIOR decision=SCREEN_OUT_SINGLE_SLEEVE net=89409.0 PF=1.271 DD=20.8078%
2026-08-29T23:43:49+00:00 GATE_SKIP id=OAFX1337 window=IS reason=SINGLE_SLEEVE_INFERIOR decision=SCREEN_OUT_SINGLE_SLEEVE net=85336.0 PF=1.2586 DD=21.5712%
2026-08-29T23:43:49+00:00 RUN_START id=OAFX1338 family=gj_break_even_lock window=SCREEN_IS terminal=BT2 run=oafx_screen_is_oafx1338_20260830084349_cb07de
2026-08-29T23:43:49+00:00 RUN_START id=OAFX1339 family=gj_break_even_lock window=SCREEN_IS terminal=PROD run=oafx_screen_is_oafx1339_20260830084349_cc4f6e
2026-08-29T23:43:49+00:00 RUN_START id=OAFX1340 family=gj_break_even_lock window=SCREEN_IS terminal=BT1 run=oafx_screen_is_oafx1340_20260830084349_f8f14b
2026-08-29T23:43:49+00:00 RUN_START id=OAFX1341 family=gj_break_even_lock window=SCREEN_IS terminal=BT3 run=oafx_screen_is_oafx1341_20260830084349_ac2dd7
2026-08-29T23:43:50+00:00 WAIT_LAUNCH_SLOT terminal=BT3 seconds=8.0
2026-08-29T23:43:50+00:00 WAIT_LAUNCH_SLOT terminal=PROD seconds=15.9
2026-08-29T23:43:50+00:00 WAIT_LAUNCH_SLOT terminal=BT2 seconds=23.9
2026-08-29T23:43:50+00:00 WAIT_LAUNCH_SLOT terminal=BT1 seconds=31.9
2026-08-29T23:43:51+00:00 RUN_HEARTBEAT terminal=BT4 pid=28340 elapsed=0s
2026-08-29T23:43:59+00:00 RUN_HEARTBEAT terminal=BT3 pid=27672 elapsed=0s
2026-08-29T23:44:07+00:00 RUN_HEARTBEAT terminal=PROD pid=29372 elapsed=0s
2026-08-29T23:44:15+00:00 RUN_HEARTBEAT terminal=BT2 pid=14328 elapsed=0s
2026-08-29T23:44:25+00:00 RUN_HEARTBEAT terminal=BT1 pid=36788 elapsed=0s
2026-08-29T23:44:57+00:00 RUN_HEARTBEAT terminal=BT4 pid=28340 elapsed=66s
2026-08-29T23:45:07+00:00 RUN_HEARTBEAT terminal=BT3 pid=27672 elapsed=67s
2026-08-29T23:45:14+00:00 RUN_HEARTBEAT terminal=PROD pid=29372 elapsed=66s
2026-08-29T23:45:23+00:00 RUN_HEARTBEAT terminal=BT2 pid=14328 elapsed=68s
2026-08-29T23:45:30+00:00 RUN_HEARTBEAT terminal=BT1 pid=36788 elapsed=67s
2026-08-29T23:46:05+00:00 RUN_HEARTBEAT terminal=BT4 pid=28340 elapsed=131s
2026-08-29T23:46:13+00:00 RUN_HEARTBEAT terminal=BT3 pid=27672 elapsed=133s
2026-08-29T23:46:22+00:00 RUN_HEARTBEAT terminal=PROD pid=29372 elapsed=133s
2026-08-29T23:46:30+00:00 RUN_HEARTBEAT terminal=BT2 pid=14328 elapsed=134s
2026-08-29T23:46:38+00:00 RUN_HEARTBEAT terminal=BT1 pid=36788 elapsed=134s
2026-08-29T23:47:03+00:00 RUN_END id=OAFX1341 window=SCREEN_IS terminal=BT3 status=OK decision=SCREEN_OUT_SINGLE_SLEEVE elapsed=194.240s
2026-08-29T23:47:03+00:00 GATE_SKIP id=OAFX1341 window=IS reason=SINGLE_SLEEVE_INFERIOR decision=SCREEN_OUT_SINGLE_SLEEVE net=74398.0 PF=1.211 DD=23.6021%
2026-08-29T23:47:03+00:00 RUN_START id=OAFX1342 family=gj_break_even_lock window=SCREEN_IS terminal=BT3 run=oafx_screen_is_oafx1342_20260830084703_7a421f
2026-08-29T23:47:06+00:00 RUN_HEARTBEAT terminal=BT3 pid=49188 elapsed=0s
2026-08-29T23:47:11+00:00 RUN_HEARTBEAT terminal=BT4 pid=28340 elapsed=200s
2026-08-29T23:47:28+00:00 RUN_HEARTBEAT terminal=PROD pid=29372 elapsed=200s
2026-08-29T23:47:37+00:00 RUN_HEARTBEAT terminal=BT2 pid=14328 elapsed=200s
2026-08-29T23:47:45+00:00 RUN_HEARTBEAT terminal=BT1 pid=36788 elapsed=201s
2026-08-29T23:48:02+00:00 RUN_END id=OAFX1334 window=SCREEN_IS terminal=BT4 status=OK decision=SCREEN_OUT_SINGLE_SLEEVE elapsed=252.564s
2026-08-29T23:48:02+00:00 GATE_SKIP id=OAFX1334 window=IS reason=SINGLE_SLEEVE_INFERIOR decision=SCREEN_OUT_SINGLE_SLEEVE net=90047.0 PF=1.2729 DD=21.3883%
2026-08-29T23:48:02+00:00 RUN_START id=OAFX1343 family=gj_break_even_lock window=SCREEN_IS terminal=BT4 run=oafx_screen_is_oafx1343_20260830084802_c61979
2026-08-29T23:48:04+00:00 RUN_HEARTBEAT terminal=BT4 pid=50812 elapsed=0s
2026-08-29T23:48:11+00:00 RUN_HEARTBEAT terminal=BT3 pid=49188 elapsed=65s
2026-08-29T23:48:35+00:00 RUN_HEARTBEAT terminal=PROD pid=29372 elapsed=267s
2026-08-29T23:48:43+00:00 RUN_HEARTBEAT terminal=BT2 pid=14328 elapsed=267s
2026-08-29T23:48:52+00:00 RUN_HEARTBEAT terminal=BT1 pid=36788 elapsed=267s
2026-08-29T23:49:09+00:00 WAIT_MT5_IDLE terminal=PROD elapsed=2s pids=[52564]
2026-08-29T23:49:09+00:00 RUN_HEARTBEAT terminal=BT4 pid=50812 elapsed=65s
2026-08-29T23:49:16+00:00 RUN_HEARTBEAT terminal=BT3 pid=49188 elapsed=130s
2026-08-29T23:49:32+00:00 RUN_END id=OAFX1338 window=SCREEN_IS terminal=BT2 status=OK decision=SCREEN_OUT_SINGLE_SLEEVE elapsed=343.262s
2026-08-29T23:49:32+00:00 GATE_SKIP id=OAFX1338 window=IS reason=SINGLE_SLEEVE_INFERIOR decision=SCREEN_OUT_SINGLE_SLEEVE net=90265.0 PF=1.2736 DD=20.415%
2026-08-29T23:49:32+00:00 RUN_START id=OAFX1344 family=gj_break_even_lock window=SCREEN_IS terminal=BT2 run=oafx_screen_is_oafx1344_20260830084932_a430f2
2026-08-29T23:49:34+00:00 RUN_HEARTBEAT terminal=BT2 pid=4160 elapsed=0s
2026-08-29T23:49:42+00:00 RUN_END id=OAFX1340 window=SCREEN_IS terminal=BT1 status=OK decision=SCREEN_OUT_SINGLE_SLEEVE elapsed=352.638s
2026-08-29T23:49:42+00:00 GATE_SKIP id=OAFX1340 window=IS reason=SINGLE_SLEEVE_INFERIOR decision=SCREEN_OUT_SINGLE_SLEEVE net=88692.0 PF=1.2688 DD=19.6209%
2026-08-29T23:49:42+00:00 RUN_START id=OAFX1345 family=gj_break_even_lock window=SCREEN_IS terminal=BT1 run=oafx_screen_is_oafx1345_20260830084942_d70d95
2026-08-29T23:49:44+00:00 RUN_HEARTBEAT terminal=BT1 pid=50316 elapsed=0s
2026-08-29T23:50:15+00:00 RUN_HEARTBEAT terminal=BT4 pid=50812 elapsed=130s
2026-08-29T23:50:15+00:00 WAIT_MT5_IDLE terminal=PROD elapsed=69s pids=[52564]
2026-08-29T23:50:21+00:00 RUN_HEARTBEAT terminal=BT3 pid=49188 elapsed=195s
2026-08-29T23:50:38+00:00 RUN_HEARTBEAT terminal=BT2 pid=4160 elapsed=64s
2026-08-29T23:50:49+00:00 RUN_HEARTBEAT terminal=BT1 pid=50316 elapsed=65s
2026-08-29T23:51:22+00:00 RUN_HEARTBEAT terminal=BT4 pid=50812 elapsed=197s
2026-08-29T23:51:22+00:00 WAIT_MT5_IDLE terminal=PROD elapsed=135s pids=[52564]
2026-08-29T23:51:26+00:00 RUN_HEARTBEAT terminal=BT3 pid=49188 elapsed=260s
2026-08-29T23:51:43+00:00 RUN_HEARTBEAT terminal=BT2 pid=4160 elapsed=128s
2026-08-29T23:51:55+00:00 RUN_HEARTBEAT terminal=BT1 pid=50316 elapsed=131s
2026-08-29T23:51:58+00:00 RUN_END id=OAFX1342 window=SCREEN_IS terminal=BT3 status=OK decision=SCREEN_OUT_SINGLE_SLEEVE elapsed=294.933s
2026-08-29T23:51:58+00:00 GATE_SKIP id=OAFX1342 window=IS reason=SINGLE_SLEEVE_INFERIOR decision=SCREEN_OUT_SINGLE_SLEEVE net=76045.0 PF=1.2158 DD=23.1718%
2026-08-29T23:51:58+00:00 RUN_START id=OAFX1346 family=gj_break_even_lock window=SCREEN_IS terminal=BT3 run=oafx_screen_is_oafx1346_20260830085158_750569
2026-08-29T23:52:01+00:00 RUN_HEARTBEAT terminal=BT3 pid=2536 elapsed=0s
2026-08-29T23:52:28+00:00 RUN_HEARTBEAT terminal=BT4 pid=50812 elapsed=263s
2026-08-29T23:52:28+00:00 WAIT_MT5_IDLE terminal=PROD elapsed=202s pids=[52564]
2026-08-29T23:52:47+00:00 RUN_HEARTBEAT terminal=BT2 pid=4160 elapsed=193s
2026-08-29T23:53:02+00:00 RUN_HEARTBEAT terminal=BT1 pid=50316 elapsed=197s
2026-08-29T23:53:02+00:00 RUN_END id=OAFX1343 window=SCREEN_IS terminal=BT4 status=OK decision=SCREEN_OUT_SINGLE_SLEEVE elapsed=300.168s
2026-08-29T23:53:02+00:00 GATE_SKIP id=OAFX1343 window=IS reason=SINGLE_SLEEVE_INFERIOR decision=SCREEN_OUT_SINGLE_SLEEVE net=76442.0 PF=1.217 DD=22.9119%
2026-08-29T23:53:02+00:00 RUN_START id=OAFX1347 family=gj_break_even_lock window=SCREEN_IS terminal=BT4 run=oafx_screen_is_oafx1347_20260830085302_401e5b
2026-08-29T23:53:04+00:00 RUN_HEARTBEAT terminal=BT4 pid=41832 elapsed=0s
2026-08-29T23:53:05+00:00 RUN_HEARTBEAT terminal=BT3 pid=2536 elapsed=65s
2026-08-29T23:53:35+00:00 WAIT_MT5_IDLE terminal=PROD elapsed=268s pids=[52564]
2026-08-29T23:53:52+00:00 RUN_HEARTBEAT terminal=BT2 pid=4160 elapsed=257s
2026-08-29T23:54:09+00:00 RUN_HEARTBEAT terminal=BT1 pid=50316 elapsed=264s
2026-08-29T23:54:09+00:00 RUN_HEARTBEAT terminal=BT4 pid=41832 elapsed=65s
2026-08-29T23:54:09+00:00 KILL_ORPHAN_TESTER terminal=PROD pids=[52564] orphan_seconds=300
2026-08-29T23:54:10+00:00 RUN_HEARTBEAT terminal=BT3 pid=2536 elapsed=129s
2026-08-29T23:54:25+00:00 RUN_END id=OAFX1344 window=SCREEN_IS terminal=BT2 status=OK decision=SCREEN_OUT_SINGLE_SLEEVE elapsed=292.736s
2026-08-29T23:54:25+00:00 GATE_SKIP id=OAFX1344 window=IS reason=SINGLE_SLEEVE_INFERIOR decision=SCREEN_OUT_SINGLE_SLEEVE net=75397.0 PF=1.214 DD=22.8023%
2026-08-29T23:54:25+00:00 RUN_START id=OAFX1348 family=gj_break_even_lock window=SCREEN_IS terminal=BT2 run=oafx_screen_is_oafx1348_20260830085425_a631ed
2026-08-29T23:54:25+00:00 RUN_END id=OAFX1339 window=SCREEN_IS terminal=PROD status=OK decision=SCREEN_NOISE_BAND elapsed=636.318s
2026-08-29T23:54:25+00:00 GATE_SKIP id=OAFX1339 window=IS reason=SINGLE_SLEEVE_INFERIOR decision=SCREEN_NOISE_BAND net=92985.0 PF=1.2818 DD=19.3476%
2026-08-29T23:54:25+00:00 RUN_START id=OAFX1349 family=gj_break_even_lock window=SCREEN_IS terminal=PROD run=oafx_screen_is_oafx1349_20260830085425_22536f
2026-08-29T23:54:27+00:00 WAIT_LAUNCH_SLOT terminal=PROD seconds=7.7
2026-08-29T23:54:28+00:00 RUN_HEARTBEAT terminal=BT2 pid=46100 elapsed=0s
2026-08-29T23:54:36+00:00 RUN_HEARTBEAT terminal=PROD pid=47444 elapsed=0s
2026-08-29T23:54:59+00:00 RUN_END id=OAFX1345 window=SCREEN_IS terminal=BT1 status=OK decision=SCREEN_OUT_SINGLE_SLEEVE elapsed=316.796s
2026-08-29T23:54:59+00:00 GATE_SKIP id=OAFX1345 window=IS reason=SINGLE_SLEEVE_INFERIOR decision=SCREEN_OUT_SINGLE_SLEEVE net=77542.0 PF=1.2201 DD=22.51%
2026-08-29T23:54:59+00:00 RUN_START id=OAFX1350 family=gj_break_even_lock window=SCREEN_IS terminal=BT1 run=oafx_screen_is_oafx1350_20260830085459_4117cd
2026-08-29T23:55:01+00:00 RUN_HEARTBEAT terminal=BT1 pid=46604 elapsed=0s
2026-08-29T23:55:15+00:00 RUN_HEARTBEAT terminal=BT4 pid=41832 elapsed=131s
2026-08-29T23:55:15+00:00 RUN_HEARTBEAT terminal=BT3 pid=2536 elapsed=195s
2026-08-29T23:55:32+00:00 RUN_HEARTBEAT terminal=BT2 pid=46100 elapsed=65s
2026-08-29T23:55:41+00:00 RUN_HEARTBEAT terminal=PROD pid=47444 elapsed=65s
2026-08-29T23:56:06+00:00 RUN_HEARTBEAT terminal=BT1 pid=46604 elapsed=65s
2026-08-29T23:56:21+00:00 RUN_HEARTBEAT terminal=BT4 pid=41832 elapsed=196s
2026-08-29T23:56:21+00:00 RUN_END id=OAFX1346 window=SCREEN_IS terminal=BT3 status=OK decision=SCREEN_OUT_SINGLE_SLEEVE elapsed=262.334s
2026-08-29T23:56:21+00:00 GATE_SKIP id=OAFX1346 window=IS reason=SINGLE_SLEEVE_INFERIOR decision=SCREEN_OUT_SINGLE_SLEEVE net=80574.0 PF=1.2287 DD=21.9272%
2026-08-29T23:56:21+00:00 RUN_START id=OAFX1351 family=gj_break_even_lock window=SCREEN_IS terminal=BT3 run=oafx_screen_is_oafx1351_20260830085621_2febd8
2026-08-29T23:56:23+00:00 RUN_HEARTBEAT terminal=BT3 pid=44528 elapsed=0s
2026-08-29T23:56:38+00:00 RUN_HEARTBEAT terminal=BT2 pid=46100 elapsed=130s
2026-08-29T23:56:47+00:00 RUN_HEARTBEAT terminal=PROD pid=47444 elapsed=130s
2026-08-29T23:57:11+00:00 RUN_HEARTBEAT terminal=BT1 pid=46604 elapsed=130s
2026-08-29T23:57:27+00:00 RUN_HEARTBEAT terminal=BT4 pid=41832 elapsed=262s
2026-08-29T23:57:28+00:00 RUN_HEARTBEAT terminal=BT3 pid=44528 elapsed=65s
2026-08-29T23:57:43+00:00 RUN_HEARTBEAT terminal=BT2 pid=46100 elapsed=196s
2026-08-29T23:57:54+00:00 RUN_HEARTBEAT terminal=PROD pid=47444 elapsed=198s
2026-08-29T23:57:59+00:00 RUN_END id=OAFX1347 window=SCREEN_IS terminal=BT4 status=OK decision=SCREEN_OUT_SINGLE_SLEEVE elapsed=297.461s
2026-08-29T23:57:59+00:00 GATE_SKIP id=OAFX1347 window=IS reason=SINGLE_SLEEVE_INFERIOR decision=SCREEN_OUT_SINGLE_SLEEVE net=76419.0 PF=1.217 DD=22.1451%
2026-08-29T23:57:59+00:00 RUN_START id=OAFX1352 family=gj_break_even_lock window=SCREEN_IS terminal=BT4 run=oafx_screen_is_oafx1352_20260830085759_805dc4
2026-08-29T23:58:02+00:00 RUN_HEARTBEAT terminal=BT4 pid=52700 elapsed=0s
2026-08-29T23:58:16+00:00 RUN_HEARTBEAT terminal=BT1 pid=46604 elapsed=195s
2026-08-29T23:58:33+00:00 RUN_HEARTBEAT terminal=BT3 pid=44528 elapsed=130s
2026-08-29T23:58:49+00:00 RUN_HEARTBEAT terminal=BT2 pid=46100 elapsed=261s
2026-08-29T23:59:00+00:00 RUN_HEARTBEAT terminal=PROD pid=47444 elapsed=265s
2026-08-29T23:59:05+00:00 RUN_END id=OAFX1348 window=SCREEN_IS terminal=BT2 status=OK decision=SCREEN_OUT_SINGLE_SLEEVE elapsed=280.364s
2026-08-29T23:59:05+00:00 GATE_SKIP id=OAFX1348 window=IS reason=SINGLE_SLEEVE_INFERIOR decision=SCREEN_OUT_SINGLE_SLEEVE net=79250.0 PF=1.225 DD=21.6672%
2026-08-29T23:59:05+00:00 RUN_START id=OAFX1353 family=gj_break_even_lock window=SCREEN_IS terminal=BT2 run=oafx_screen_is_oafx1353_20260830085905_164076
2026-08-29T23:59:07+00:00 RUN_HEARTBEAT terminal=BT4 pid=52700 elapsed=65s
2026-08-29T23:59:08+00:00 RUN_HEARTBEAT terminal=BT2 pid=31920 elapsed=0s
2026-08-29T23:59:22+00:00 RUN_HEARTBEAT terminal=BT1 pid=46604 elapsed=261s
2026-08-29T23:59:38+00:00 RUN_HEARTBEAT terminal=BT3 pid=44528 elapsed=195s
2026-08-29T23:59:50+00:00 RUN_END id=OAFX1349 window=SCREEN_IS terminal=PROD status=OK decision=SCREEN_OUT_SINGLE_SLEEVE elapsed=325.008s
2026-08-29T23:59:50+00:00 GATE_SKIP id=OAFX1349 window=IS reason=SINGLE_SLEEVE_INFERIOR decision=SCREEN_OUT_SINGLE_SLEEVE net=80234.0 PF=1.2278 DD=21.1855%
2026-08-29T23:59:50+00:00 RUN_START id=OAFX1354 family=gj_break_even_lock window=SCREEN_IS terminal=PROD run=oafx_screen_is_oafx1354_20260830085950_e28403
2026-08-29T23:59:53+00:00 RUN_HEARTBEAT terminal=PROD pid=54648 elapsed=0s
2026-08-30T00:00:11+00:00 RUN_END id=OAFX1351 window=SCREEN_IS terminal=BT3 status=OK decision=SCREEN_OUT_SINGLE_SLEEVE elapsed=230.346s
2026-08-30T00:00:11+00:00 GATE_SKIP id=OAFX1351 window=IS reason=SINGLE_SLEEVE_INFERIOR decision=SCREEN_OUT_SINGLE_SLEEVE net=79392.0 PF=1.2175 DD=21.3709%
2026-08-30T00:00:11+00:00 RUN_END id=OAFX1350 window=SCREEN_IS terminal=BT1 status=OK decision=SCREEN_OUT_SINGLE_SLEEVE elapsed=312.449s
2026-08-30T00:00:11+00:00 GATE_SKIP id=OAFX1350 window=IS reason=SINGLE_SLEEVE_INFERIOR decision=SCREEN_OUT_SINGLE_SLEEVE net=80291.0 PF=1.2279 DD=20.9121%
2026-08-30T00:00:11+00:00 RUN_START id=OAFX1355 family=gj_break_even_lock window=SCREEN_IS terminal=BT3 run=oafx_screen_is_oafx1355_20260830090011_1ba030
2026-08-30T00:00:11+00:00 RUN_START id=OAFX1356 family=gj_break_even_lock window=SCREEN_IS terminal=BT1 run=oafx_screen_is_oafx1356_20260830090011_0f6ee2
2026-08-30T00:00:12+00:00 RUN_HEARTBEAT terminal=BT4 pid=52700 elapsed=130s
2026-08-30T00:00:12+00:00 WAIT_LAUNCH_SLOT terminal=BT1 seconds=8.0
2026-08-30T00:00:13+00:00 RUN_HEARTBEAT terminal=BT2 pid=31920 elapsed=65s
2026-08-30T00:00:13+00:00 RUN_HEARTBEAT terminal=BT3 pid=57072 elapsed=0s
2026-08-30T00:00:21+00:00 RUN_HEARTBEAT terminal=BT1 pid=56884 elapsed=0s
2026-08-30T00:00:59+00:00 RUN_HEARTBEAT terminal=PROD pid=54648 elapsed=66s
2026-08-30T00:01:16+00:00 RUN_HEARTBEAT terminal=BT4 pid=52700 elapsed=195s
2026-08-30T00:01:18+00:00 RUN_HEARTBEAT terminal=BT2 pid=31920 elapsed=130s
2026-08-30T00:01:18+00:00 RUN_HEARTBEAT terminal=BT3 pid=57072 elapsed=65s
2026-08-30T00:01:28+00:00 RUN_HEARTBEAT terminal=BT1 pid=56884 elapsed=66s
2026-08-30T00:02:06+00:00 RUN_HEARTBEAT terminal=PROD pid=54648 elapsed=133s
2026-08-30T00:02:23+00:00 RUN_HEARTBEAT terminal=BT4 pid=52700 elapsed=261s
2026-08-30T00:02:24+00:00 RUN_HEARTBEAT terminal=BT2 pid=31920 elapsed=196s
2026-08-30T00:02:24+00:00 RUN_HEARTBEAT terminal=BT3 pid=57072 elapsed=130s
2026-08-30T00:02:35+00:00 RUN_HEARTBEAT terminal=BT1 pid=56884 elapsed=133s
2026-08-30T00:03:13+00:00 RUN_HEARTBEAT terminal=PROD pid=54648 elapsed=200s
2026-08-30T00:03:13+00:00 RUN_END id=OAFX1352 window=SCREEN_IS terminal=BT4 status=OK decision=SCREEN_OUT_SINGLE_SLEEVE elapsed=313.313s
2026-08-30T00:03:13+00:00 GATE_SKIP id=OAFX1352 window=IS reason=SINGLE_SLEEVE_INFERIOR decision=SCREEN_OUT_SINGLE_SLEEVE net=79681.0 PF=1.2184 DD=21.1697%
2026-08-30T00:03:13+00:00 RUN_START id=OAFX1357 family=gj_break_even_lock window=SCREEN_IS terminal=BT4 run=oafx_screen_is_oafx1357_20260830090313_53839e
2026-08-30T00:03:15+00:00 RUN_HEARTBEAT terminal=BT4 pid=45348 elapsed=0s
2026-08-30T00:03:30+00:00 RUN_HEARTBEAT terminal=BT2 pid=31920 elapsed=261s
2026-08-30T00:03:30+00:00 RUN_HEARTBEAT terminal=BT3 pid=57072 elapsed=196s
2026-08-30T00:03:41+00:00 RUN_HEARTBEAT terminal=BT1 pid=56884 elapsed=199s
2026-08-30T00:03:45+00:00 RUN_END id=OAFX1354 window=SCREEN_IS terminal=PROD status=OK decision=SCREEN_OUT_SINGLE_SLEEVE elapsed=234.692s
2026-08-30T00:03:45+00:00 GATE_SKIP id=OAFX1354 window=IS reason=SINGLE_SLEEVE_INFERIOR decision=SCREEN_OUT_SINGLE_SLEEVE net=76203.0 PF=1.2088 DD=22.0095%
2026-08-30T00:03:45+00:00 RUN_START id=OAFX1358 family=gj_break_even_lock window=SCREEN_IS terminal=PROD run=oafx_screen_is_oafx1358_20260830090345_318dea
2026-08-30T00:03:48+00:00 RUN_HEARTBEAT terminal=PROD pid=53120 elapsed=0s
2026-08-30T00:04:02+00:00 RUN_END id=OAFX1353 window=SCREEN_IS terminal=BT2 status=OK decision=SCREEN_OUT_SINGLE_SLEEVE elapsed=296.399s
2026-08-30T00:04:02+00:00 GATE_SKIP id=OAFX1353 window=IS reason=SINGLE_SLEEVE_INFERIOR decision=SCREEN_OUT_SINGLE_SLEEVE net=78715.0 PF=1.2157 DD=21.458%
2026-08-30T00:04:02+00:00 RUN_START id=OAFX1359 family=gj_break_even_lock window=SCREEN_IS terminal=BT2 run=oafx_screen_is_oafx1359_20260830090402_fc7cfd
2026-08-30T00:04:04+00:00 RUN_HEARTBEAT terminal=BT2 pid=49476 elapsed=0s
2026-08-30T00:04:20+00:00 RUN_HEARTBEAT terminal=BT4 pid=45348 elapsed=65s
2026-08-30T00:04:34+00:00 RUN_HEARTBEAT terminal=BT3 pid=57072 elapsed=261s
2026-08-30T00:04:46+00:00 RUN_HEARTBEAT terminal=BT1 pid=56884 elapsed=265s
2026-08-30T00:04:54+00:00 RUN_HEARTBEAT terminal=PROD pid=53120 elapsed=65s
2026-08-30T00:05:10+00:00 RUN_HEARTBEAT terminal=BT2 pid=49476 elapsed=66s
2026-08-30T00:05:26+00:00 RUN_HEARTBEAT terminal=BT4 pid=45348 elapsed=131s
2026-08-30T00:05:35+00:00 RUN_END id=OAFX1356 window=SCREEN_IS terminal=BT1 status=OK decision=SCREEN_OUT_SINGLE_SLEEVE elapsed=324.137s
2026-08-30T00:05:35+00:00 GATE_SKIP id=OAFX1356 window=IS reason=SINGLE_SLEEVE_INFERIOR decision=SCREEN_OUT_SINGLE_SLEEVE net=78658.0 PF=1.2156 DD=21.332%
2026-08-30T00:05:35+00:00 RUN_START id=OAFX1360 family=gj_break_even_lock window=SCREEN_IS terminal=BT1 run=oafx_screen_is_oafx1360_20260830090535_b47c6a
2026-08-30T00:05:37+00:00 RUN_HEARTBEAT terminal=BT1 pid=43176 elapsed=0s
2026-08-30T00:05:40+00:00 RUN_END id=OAFX1355 window=SCREEN_IS terminal=BT3 status=OK decision=SCREEN_OUT_SINGLE_SLEEVE elapsed=328.872s
2026-08-30T00:05:40+00:00 GATE_SKIP id=OAFX1355 window=IS reason=SINGLE_SLEEVE_INFERIOR decision=SCREEN_OUT_SINGLE_SLEEVE net=77032.0 PF=1.2111 DD=21.8078%
2026-08-30T00:05:40+00:00 RUN_START id=OAFX1361 family=gj_break_even_lock window=SCREEN_IS terminal=BT3 run=oafx_screen_is_oafx1361_20260830090540_8364ea
2026-08-30T00:05:41+00:00 WAIT_LAUNCH_SLOT terminal=BT3 seconds=3.2
2026-08-30T00:05:45+00:00 RUN_HEARTBEAT terminal=BT3 pid=51992 elapsed=0s
2026-08-30T00:06:00+00:00 RUN_HEARTBEAT terminal=PROD pid=53120 elapsed=132s
2026-08-30T00:06:16+00:00 RUN_HEARTBEAT terminal=BT2 pid=49476 elapsed=132s
2026-08-30T00:06:33+00:00 RUN_HEARTBEAT terminal=BT4 pid=45348 elapsed=198s
2026-08-30T00:06:44+00:00 RUN_HEARTBEAT terminal=BT1 pid=43176 elapsed=66s
2026-08-30T00:06:50+00:00 RUN_HEARTBEAT terminal=BT3 pid=51992 elapsed=65s
2026-08-30T00:07:08+00:00 RUN_HEARTBEAT terminal=PROD pid=53120 elapsed=199s
2026-08-30T00:07:26+00:00 RUN_HEARTBEAT terminal=BT2 pid=49476 elapsed=200s
2026-08-30T00:07:42+00:00 RUN_END id=OAFX1358 window=SCREEN_IS terminal=PROD status=OK decision=SCREEN_OUT_SINGLE_SLEEVE elapsed=237.113s
2026-08-30T00:07:42+00:00 GATE_SKIP id=OAFX1358 window=IS reason=SINGLE_SLEEVE_INFERIOR decision=SCREEN_OUT_SINGLE_SLEEVE net=75199.0 PF=1.2061 DD=21.7661%
2026-08-30T00:07:42+00:00 RUN_START id=OAFX1362 family=gj_break_even_lock window=SCREEN_IS terminal=PROD run=oafx_screen_is_oafx1362_20260830090742_796fc8
2026-08-30T00:07:42+00:00 RUN_HEARTBEAT terminal=BT4 pid=45348 elapsed=267s
2026-08-30T00:07:45+00:00 RUN_HEARTBEAT terminal=PROD pid=52672 elapsed=0s
2026-08-30T00:07:49+00:00 RUN_HEARTBEAT terminal=BT1 pid=43176 elapsed=132s
2026-08-30T00:07:58+00:00 RUN_HEARTBEAT terminal=BT3 pid=51992 elapsed=133s
2026-08-30T00:08:32+00:00 RUN_HEARTBEAT terminal=BT2 pid=49476 elapsed=268s
2026-08-30T00:08:32+00:00 RUN_END id=OAFX1357 window=SCREEN_IS terminal=BT4 status=OK decision=SCREEN_OUT_SINGLE_SLEEVE elapsed=319.458s
2026-08-30T00:08:32+00:00 GATE_SKIP id=OAFX1357 window=IS reason=SINGLE_SLEEVE_INFERIOR decision=SCREEN_OUT_SINGLE_SLEEVE net=74484.0 PF=1.2041 DD=22.0295%
2026-08-30T00:08:32+00:00 RUN_START id=OAFX1363 family=gj_break_even_lock window=SCREEN_IS terminal=BT4 run=oafx_screen_is_oafx1363_20260830090832_2b5f8c
2026-08-30T00:08:34+00:00 RUN_HEARTBEAT terminal=BT4 pid=49564 elapsed=0s
2026-08-30T00:08:49+00:00 RUN_HEARTBEAT terminal=PROD pid=52672 elapsed=65s
2026-08-30T00:08:55+00:00 RUN_HEARTBEAT terminal=BT1 pid=43176 elapsed=197s
2026-08-30T00:09:05+00:00 RUN_HEARTBEAT terminal=BT3 pid=51992 elapsed=199s
2026-08-30T00:09:05+00:00 RUN_END id=OAFX1359 window=SCREEN_IS terminal=BT2 status=OK decision=SCREEN_OUT_SINGLE_SLEEVE elapsed=303.369s
2026-08-30T00:09:05+00:00 GATE_SKIP id=OAFX1359 window=IS reason=SINGLE_SLEEVE_INFERIOR decision=SCREEN_OUT_SINGLE_SLEEVE net=78696.0 PF=1.2157 DD=20.7913%
2026-08-30T00:09:05+00:00 RUN_START id=OAFX1364 family=gj_break_even_lock window=SCREEN_IS terminal=BT2 run=oafx_screen_is_oafx1364_20260830090905_a713fd
2026-08-30T00:09:08+00:00 RUN_HEARTBEAT terminal=BT2 pid=27436 elapsed=0s
2026-08-30T00:09:39+00:00 RUN_HEARTBEAT terminal=BT4 pid=49564 elapsed=65s
2026-08-30T00:09:55+00:00 RUN_HEARTBEAT terminal=PROD pid=52672 elapsed=130s
2026-08-30T00:09:59+00:00 RUN_HEARTBEAT terminal=BT1 pid=43176 elapsed=262s
2026-08-30T00:10:11+00:00 RUN_END id=OAFX1361 window=SCREEN_IS terminal=BT3 status=OK decision=SCREEN_OUT_SINGLE_SLEEVE elapsed=271.540s
2026-08-30T00:10:11+00:00 GATE_SKIP id=OAFX1361 window=IS reason=SINGLE_SLEEVE_INFERIOR decision=SCREEN_OUT_SINGLE_SLEEVE net=84303.0 PF=1.2276 DD=21.0028%
2026-08-30T00:10:11+00:00 RUN_START id=OAFX1365 family=gj_break_even_lock window=SCREEN_IS terminal=BT3 run=oafx_screen_is_oafx1365_20260830091011_2d0545
2026-08-30T00:10:13+00:00 RUN_HEARTBEAT terminal=BT2 pid=27436 elapsed=65s
2026-08-30T00:10:14+00:00 RUN_HEARTBEAT terminal=BT3 pid=46108 elapsed=0s
2026-08-30T00:10:45+00:00 RUN_HEARTBEAT terminal=BT4 pid=49564 elapsed=130s
2026-08-30T00:10:48+00:00 RUN_END id=OAFX1360 window=SCREEN_IS terminal=BT1 status=OK decision=SCREEN_OUT_SINGLE_SLEEVE elapsed=313.111s
2026-08-30T00:10:48+00:00 GATE_SKIP id=OAFX1360 window=IS reason=SINGLE_SLEEVE_INFERIOR decision=SCREEN_OUT_SINGLE_SLEEVE net=81359.0 PF=1.223 DD=20.1114%
2026-08-30T00:10:48+00:00 RUN_START id=OAFX1366 family=gj_break_even_lock window=SCREEN_IS terminal=BT1 run=oafx_screen_is_oafx1366_20260830091048_4f4658
2026-08-30T00:10:51+00:00 RUN_HEARTBEAT terminal=BT1 pid=50796 elapsed=0s
2026-08-30T00:11:01+00:00 RUN_HEARTBEAT terminal=PROD pid=52672 elapsed=196s
2026-08-30T00:11:19+00:00 RUN_HEARTBEAT terminal=BT2 pid=27436 elapsed=130s
2026-08-30T00:11:19+00:00 RUN_HEARTBEAT terminal=BT3 pid=46108 elapsed=65s
2026-08-30T00:11:53+00:00 RUN_HEARTBEAT terminal=BT4 pid=49564 elapsed=198s
2026-08-30T00:11:58+00:00 RUN_HEARTBEAT terminal=BT1 pid=50796 elapsed=67s
2026-08-30T00:12:10+00:00 RUN_HEARTBEAT terminal=PROD pid=52672 elapsed=264s
2026-08-30T00:12:26+00:00 RUN_HEARTBEAT terminal=BT3 pid=46108 elapsed=132s
2026-08-30T00:12:26+00:00 RUN_HEARTBEAT terminal=BT2 pid=27436 elapsed=198s
2026-08-30T00:12:26+00:00 RUN_END id=OAFX1362 window=SCREEN_IS terminal=PROD status=OK decision=SCREEN_OUT_SINGLE_SLEEVE elapsed=284.146s
2026-08-30T00:12:26+00:00 GATE_SKIP id=OAFX1362 window=IS reason=SINGLE_SLEEVE_INFERIOR decision=SCREEN_OUT_SINGLE_SLEEVE net=83782.0 PF=1.2262 DD=20.9676%
2026-08-30T00:12:26+00:00 RUN_START id=OAFX1367 family=gj_break_even_lock window=SCREEN_IS terminal=PROD run=oafx_screen_is_oafx1367_20260830091226_5c42ef
2026-08-30T00:12:29+00:00 RUN_HEARTBEAT terminal=PROD pid=1976 elapsed=0s
2026-08-30T00:13:00+00:00 RUN_HEARTBEAT terminal=BT4 pid=49564 elapsed=265s
2026-08-30T00:13:03+00:00 RUN_HEARTBEAT terminal=BT1 pid=50796 elapsed=132s
2026-08-30T00:13:33+00:00 RUN_HEARTBEAT terminal=BT3 pid=46108 elapsed=199s
2026-08-30T00:13:33+00:00 RUN_HEARTBEAT terminal=BT2 pid=27436 elapsed=265s
2026-08-30T00:13:33+00:00 RUN_END id=OAFX1363 window=SCREEN_IS terminal=BT4 status=OK decision=SCREEN_OUT_SINGLE_SLEEVE elapsed=300.870s
2026-08-30T00:13:33+00:00 GATE_SKIP id=OAFX1363 window=IS reason=SINGLE_SLEEVE_INFERIOR decision=SCREEN_OUT_SINGLE_SLEEVE net=83707.0 PF=1.226 DD=21.2374%
2026-08-30T00:13:33+00:00 RUN_START id=OAFX1368 family=gj_break_even_lock window=SCREEN_IS terminal=BT4 run=oafx_screen_is_oafx1368_20260830091333_f6fd5e
2026-08-30T00:13:35+00:00 RUN_HEARTBEAT terminal=PROD pid=1976 elapsed=66s
2026-08-30T00:13:35+00:00 RUN_HEARTBEAT terminal=BT4 pid=37892 elapsed=0s
2026-08-30T00:13:49+00:00 RUN_END id=OAFX1364 window=SCREEN_IS terminal=BT2 status=OK decision=SCREEN_OUT_SINGLE_SLEEVE elapsed=283.878s
2026-08-30T00:13:49+00:00 GATE_SKIP id=OAFX1364 window=IS reason=SINGLE_SLEEVE_INFERIOR decision=SCREEN_OUT_SINGLE_SLEEVE net=82597.0 PF=1.223 DD=21.2325%
2026-08-30T00:13:49+00:00 RUN_START id=OAFX1369 family=gj_break_even_lock window=SCREEN_IS terminal=BT2 run=oafx_screen_is_oafx1369_20260830091349_167440
2026-08-30T00:13:52+00:00 RUN_HEARTBEAT terminal=BT2 pid=32312 elapsed=0s
2026-08-30T00:14:08+00:00 RUN_HEARTBEAT terminal=BT1 pid=50796 elapsed=197s
2026-08-30T00:14:40+00:00 RUN_HEARTBEAT terminal=BT3 pid=46108 elapsed=266s
2026-08-30T00:14:41+00:00 RUN_HEARTBEAT terminal=PROD pid=1976 elapsed=132s
2026-08-30T00:14:41+00:00 RUN_HEARTBEAT terminal=BT4 pid=37892 elapsed=66s
2026-08-30T00:14:58+00:00 RUN_HEARTBEAT terminal=BT2 pid=32312 elapsed=66s
2026-08-30T00:15:14+00:00 RUN_HEARTBEAT terminal=BT1 pid=50796 elapsed=263s
2026-08-30T00:15:30+00:00 RUN_END id=OAFX1365 window=SCREEN_IS terminal=BT3 status=OK decision=SCREEN_OUT_SINGLE_SLEEVE elapsed=318.362s
2026-08-30T00:15:30+00:00 GATE_SKIP id=OAFX1365 window=IS reason=SINGLE_SLEEVE_INFERIOR decision=SCREEN_OUT_SINGLE_SLEEVE net=83241.0 PF=1.2247 DD=21.2092%
2026-08-30T00:15:30+00:00 RUN_START id=OAFX1370 family=gj_break_even_lock window=SCREEN_IS terminal=BT3 run=oafx_screen_is_oafx1370_20260830091530_5ac123
2026-08-30T00:15:32+00:00 RUN_HEARTBEAT terminal=BT3 pid=43112 elapsed=0s
2026-08-30T00:15:47+00:00 RUN_HEARTBEAT terminal=PROD pid=1976 elapsed=198s
2026-08-30T00:15:48+00:00 RUN_HEARTBEAT terminal=BT4 pid=37892 elapsed=132s
2026-08-30T00:16:05+00:00 RUN_HEARTBEAT terminal=BT2 pid=32312 elapsed=132s
2026-08-30T00:16:05+00:00 RUN_END id=OAFX1366 window=SCREEN_IS terminal=BT1 status=OK decision=SCREEN_OUT_SINGLE_SLEEVE elapsed=317.020s
2026-08-30T00:16:05+00:00 GATE_SKIP id=OAFX1366 window=IS reason=SINGLE_SLEEVE_INFERIOR decision=SCREEN_OUT_SINGLE_SLEEVE net=84205.0 PF=1.2273 DD=20.9567%
2026-08-30T00:16:05+00:00 RUN_START id=OAFX1371 family=gj_break_even_lock window=SCREEN_IS terminal=BT1 run=oafx_screen_is_oafx1371_20260830091605_ebf88e
2026-08-30T00:16:08+00:00 RUN_HEARTBEAT terminal=BT1 pid=48584 elapsed=0s
2026-08-30T00:16:39+00:00 RUN_HEARTBEAT terminal=BT3 pid=43112 elapsed=66s
2026-08-30T00:16:57+00:00 RUN_HEARTBEAT terminal=PROD pid=1976 elapsed=267s
2026-08-30T00:16:57+00:00 RUN_HEARTBEAT terminal=BT4 pid=37892 elapsed=200s
2026-08-30T00:17:14+00:00 RUN_HEARTBEAT terminal=BT1 pid=48584 elapsed=65s
2026-08-30T00:17:14+00:00 RUN_HEARTBEAT terminal=BT2 pid=32312 elapsed=201s
2026-08-30T00:17:14+00:00 WAIT_MT5_IDLE terminal=PROD elapsed=2s pids=[9040]
2026-08-30T00:17:49+00:00 RUN_HEARTBEAT terminal=BT3 pid=43112 elapsed=134s
2026-08-30T00:18:04+00:00 RUN_END id=OAFX1371 window=SCREEN_IS terminal=BT1 status=FAILED decision=RUN_FAILED elapsed=118.529s
2026-08-30T00:18:04+00:00 RUN_START id=OAFX1372 family=gj_break_even_lock window=SCREEN_IS terminal=BT1 run=oafx_screen_is_oafx1372_20260830091804_dc1b9a
2026-08-30T00:18:05+00:00 RUN_HEARTBEAT terminal=BT4 pid=37892 elapsed=270s
2026-08-30T00:18:07+00:00 RUN_HEARTBEAT terminal=BT1 pid=51912 elapsed=0s
2026-08-30T00:18:21+00:00 RUN_END id=OAFX1368 window=SCREEN_IS terminal=BT4 status=OK decision=SCREEN_OUT_SINGLE_SLEEVE elapsed=288.498s
2026-08-30T00:18:21+00:00 GATE_SKIP id=OAFX1368 window=IS reason=SINGLE_SLEEVE_INFERIOR decision=SCREEN_OUT_SINGLE_SLEEVE net=84065.0 PF=1.227 DD=20.8743%
2026-08-30T00:18:21+00:00 RUN_START id=OAFX1373 family=gj_break_even_lock window=SCREEN_IS terminal=BT4 run=oafx_screen_is_oafx1373_20260830091821_951cad
2026-08-30T00:18:21+00:00 WAIT_MT5_IDLE terminal=PROD elapsed=70s pids=[9040]
2026-08-30T00:18:21+00:00 RUN_HEARTBEAT terminal=BT2 pid=32312 elapsed=270s
2026-08-30T00:18:24+00:00 RUN_HEARTBEAT terminal=BT4 pid=3236 elapsed=0s
2026-08-30T00:18:56+00:00 RUN_HEARTBEAT terminal=BT3 pid=43112 elapsed=203s
2026-08-30T00:18:56+00:00 RUN_END id=OAFX1369 window=SCREEN_IS terminal=BT2 status=OK decision=SCREEN_OUT_SINGLE_SLEEVE elapsed=306.635s
2026-08-30T00:18:56+00:00 GATE_SKIP id=OAFX1369 window=IS reason=SINGLE_SLEEVE_INFERIOR decision=SCREEN_OUT_SINGLE_SLEEVE net=86145.0 PF=1.2326 DD=20.4144%
2026-08-30T00:18:56+00:00 RUN_START id=OAFX1374 family=gj_break_even_lock window=SCREEN_IS terminal=BT2 run=oafx_screen_is_oafx1374_20260830091856_5c46cf
2026-08-30T00:18:58+00:00 RUN_HEARTBEAT terminal=BT2 pid=49068 elapsed=0s
2026-08-30T00:19:13+00:00 RUN_HEARTBEAT terminal=BT1 pid=51912 elapsed=65s
2026-08-30T00:19:29+00:00 RUN_HEARTBEAT terminal=BT4 pid=3236 elapsed=65s
2026-08-30T00:19:29+00:00 WAIT_MT5_IDLE terminal=PROD elapsed=138s pids=[9040]
2026-08-30T00:20:03+00:00 RUN_HEARTBEAT terminal=BT3 pid=43112 elapsed=270s
2026-08-30T00:20:03+00:00 RUN_HEARTBEAT terminal=BT2 pid=49068 elapsed=64s
2026-08-30T00:20:20+00:00 RUN_HEARTBEAT terminal=BT1 pid=51912 elapsed=133s
2026-08-30T00:20:36+00:00 WAIT_MT5_IDLE terminal=PROD elapsed=205s pids=[9040]
2026-08-30T00:20:36+00:00 RUN_HEARTBEAT terminal=BT4 pid=3236 elapsed=133s
2026-08-30T00:20:36+00:00 RUN_END id=OAFX1370 window=SCREEN_IS terminal=BT3 status=OK decision=SCREEN_OUT_SINGLE_SLEEVE elapsed=306.647s
2026-08-30T00:20:36+00:00 GATE_SKIP id=OAFX1370 window=IS reason=SINGLE_SLEEVE_INFERIOR decision=SCREEN_OUT_SINGLE_SLEEVE net=87525.0 PF=1.2363 DD=20.1701%
2026-08-30T00:20:36+00:00 RUN_START id=OAFX1375 family=gj_break_even_lock window=SCREEN_IS terminal=BT3 run=oafx_screen_is_oafx1375_20260830092036_76d7c0
2026-08-30T00:20:38+00:00 RUN_HEARTBEAT terminal=BT3 pid=6348 elapsed=0s
2026-08-30T00:21:10+00:00 RUN_HEARTBEAT terminal=BT2 pid=49068 elapsed=132s
2026-08-30T00:21:27+00:00 RUN_HEARTBEAT terminal=BT1 pid=51912 elapsed=200s
2026-08-30T00:21:43+00:00 RUN_HEARTBEAT terminal=BT4 pid=3236 elapsed=199s
2026-08-30T00:21:43+00:00 WAIT_MT5_IDLE terminal=PROD elapsed=272s pids=[9040]
2026-08-30T00:21:43+00:00 RUN_END id=OAFX1372 window=SCREEN_IS terminal=BT1 status=OK decision=SCREEN_OUT_SINGLE_SLEEVE elapsed=219.374s
2026-08-30T00:21:43+00:00 GATE_SKIP id=OAFX1372 window=IS reason=SINGLE_SLEEVE_INFERIOR decision=SCREEN_OUT_SINGLE_SLEEVE net=86809.0 PF=1.2326 DD=21.3221%
2026-08-30T00:21:43+00:00 RUN_HEARTBEAT terminal=BT3 pid=6348 elapsed=65s
2026-08-30T00:21:43+00:00 RUN_START id=OAFX1376 family=gj_break_even_lock window=SCREEN_IS terminal=BT1 run=oafx_screen_is_oafx1376_20260830092143_a36b5a
2026-08-30T00:21:45+00:00 RUN_HEARTBEAT terminal=BT1 pid=21640 elapsed=0s
2026-08-30T00:22:16+00:00 RUN_HEARTBEAT terminal=BT2 pid=49068 elapsed=198s
2026-08-30T00:22:17+00:00 KILL_ORPHAN_TESTER terminal=PROD pids=[9040] orphan_seconds=303
2026-08-30T00:22:31+00:00 RUN_END id=OAFX1374 window=SCREEN_IS terminal=BT2 status=FAILED decision=RUN_FAILED elapsed=215.434s
2026-08-30T00:22:31+00:00 RUN_START id=OAFX1377 family=gj_break_even_lock window=SCREEN_IS terminal=BT2 run=oafx_screen_is_oafx1377_20260830092231_cb35ba
2026-08-30T00:22:33+00:00 RUN_END id=OAFX1367 window=SCREEN_IS terminal=PROD status=OK decision=SCREEN_OUT_SINGLE_SLEEVE elapsed=606.208s
2026-08-30T00:22:33+00:00 GATE_SKIP id=OAFX1367 window=IS reason=SINGLE_SLEEVE_INFERIOR decision=SCREEN_OUT_SINGLE_SLEEVE net=85315.0 PF=1.2303 DD=20.682%
2026-08-30T00:22:33+00:00 RUN_START id=OAFX1378 family=gj_break_even_lock window=SCREEN_IS terminal=PROD run=oafx_screen_is_oafx1378_20260830092233_4bef70
2026-08-30T00:22:33+00:00 RUN_END id=OAFX1376 window=SCREEN_IS terminal=BT1 status=FAILED decision=RUN_FAILED elapsed=49.417s
2026-08-30T00:22:33+00:00 RUN_START id=OAFX1379 family=gj_break_even_lock window=SCREEN_IS terminal=BT1 run=oafx_screen_is_oafx1379_20260830092233_69ed68
2026-08-30T00:22:33+00:00 RUN_HEARTBEAT terminal=BT2 pid=56540 elapsed=0s
2026-08-30T00:22:34+00:00 WAIT_LAUNCH_SLOT terminal=PROD seconds=6.6
2026-08-30T00:22:34+00:00 WAIT_LAUNCH_SLOT terminal=BT1 seconds=14.6
2026-08-30T00:22:41+00:00 RUN_HEARTBEAT terminal=PROD pid=5488 elapsed=0s
2026-08-30T00:22:48+00:00 RUN_HEARTBEAT terminal=BT4 pid=3236 elapsed=265s
2026-08-30T00:22:49+00:00 RUN_HEARTBEAT terminal=BT3 pid=6348 elapsed=130s
2026-08-30T00:22:50+00:00 RUN_HEARTBEAT terminal=BT1 pid=15276 elapsed=0s
2026-08-30T00:23:05+00:00 RUN_END id=OAFX1373 window=SCREEN_IS terminal=BT4 status=OK decision=SCREEN_OUT_SINGLE_SLEEVE elapsed=283.807s
2026-08-30T00:23:05+00:00 GATE_SKIP id=OAFX1373 window=IS reason=SINGLE_SLEEVE_INFERIOR decision=SCREEN_OUT_SINGLE_SLEEVE net=86420.0 PF=1.2316 DD=21.6843%
2026-08-30T00:23:05+00:00 RUN_START id=OAFX1380 family=gj_break_even_lock window=SCREEN_IS terminal=BT4 run=oafx_screen_is_oafx1380_20260830092305_2c55c6
2026-08-30T00:23:08+00:00 RUN_HEARTBEAT terminal=BT4 pid=28596 elapsed=0s
2026-08-30T00:23:39+00:00 RUN_HEARTBEAT terminal=BT2 pid=56540 elapsed=65s
2026-08-30T00:23:48+00:00 RUN_HEARTBEAT terminal=PROD pid=5488 elapsed=66s
2026-08-30T00:23:56+00:00 RUN_HEARTBEAT terminal=BT1 pid=15276 elapsed=66s
2026-08-30T00:23:56+00:00 RUN_HEARTBEAT terminal=BT3 pid=6348 elapsed=196s
2026-08-30T00:24:13+00:00 RUN_HEARTBEAT terminal=BT4 pid=28596 elapsed=65s
2026-08-30T00:24:48+00:00 RUN_HEARTBEAT terminal=BT2 pid=56540 elapsed=133s
2026-08-30T00:24:54+00:00 RUN_HEARTBEAT terminal=PROD pid=5488 elapsed=133s
2026-08-30T00:25:05+00:00 RUN_HEARTBEAT terminal=BT3 pid=6348 elapsed=265s
2026-08-30T00:25:05+00:00 RUN_HEARTBEAT terminal=BT1 pid=15276 elapsed=134s
2026-08-30T00:25:20+00:00 RUN_END id=OAFX1380 window=SCREEN_IS terminal=BT4 status=FAILED decision=RUN_FAILED elapsed=134.373s
2026-08-30T00:25:20+00:00 RUN_START id=OAFX1381 family=gj_break_even_lock window=SCREEN_IS terminal=BT4 run=oafx_screen_is_oafx1381_20260830092520_a48358
2026-08-30T00:25:21+00:00 RUN_END id=OAFX1375 window=SCREEN_IS terminal=BT3 status=OK decision=SCREEN_OUT_SINGLE_SLEEVE elapsed=284.652s
2026-08-30T00:25:21+00:00 GATE_SKIP id=OAFX1375 window=IS reason=SINGLE_SLEEVE_INFERIOR decision=SCREEN_OUT_SINGLE_SLEEVE net=86889.0 PF=1.2329 DD=21.4525%
2026-08-30T00:25:21+00:00 RUN_START id=OAFX1382 family=gj_break_even_lock window=SCREEN_IS terminal=BT3 run=oafx_screen_is_oafx1382_20260830092521_ddbdf1
2026-08-30T00:25:22+00:00 WAIT_LAUNCH_SLOT terminal=BT3 seconds=6.8
2026-08-30T00:25:22+00:00 RUN_HEARTBEAT terminal=BT4 pid=46592 elapsed=0s
2026-08-30T00:25:30+00:00 RUN_HEARTBEAT terminal=BT3 pid=23988 elapsed=0s
2026-08-30T00:25:54+00:00 RUN_END id=OAFX1377 window=SCREEN_IS terminal=BT2 status=OK decision=SCREEN_OUT_SINGLE_SLEEVE elapsed=202.635s
2026-08-30T00:25:54+00:00 GATE_SKIP id=OAFX1377 window=IS reason=SINGLE_SLEEVE_INFERIOR decision=SCREEN_OUT_SINGLE_SLEEVE net=88240.0 PF=1.2365 DD=21.1318%
2026-08-30T00:25:54+00:00 RUN_START id=OAFX1383 family=gj_break_even_lock window=SCREEN_IS terminal=BT2 run=oafx_screen_is_oafx1383_20260830092554_598c7a
2026-08-30T00:25:56+00:00 RUN_HEARTBEAT terminal=BT2 pid=41888 elapsed=0s
2026-08-30T00:25:59+00:00 RUN_HEARTBEAT terminal=PROD pid=5488 elapsed=198s
2026-08-30T00:26:10+00:00 RUN_HEARTBEAT terminal=BT1 pid=15276 elapsed=200s
2026-08-30T00:26:27+00:00 RUN_HEARTBEAT terminal=BT4 pid=46592 elapsed=65s
2026-08-30T00:26:35+00:00 RUN_HEARTBEAT terminal=BT3 pid=23988 elapsed=65s
2026-08-30T00:26:59+00:00 RUN_END id=OAFX1383 window=SCREEN_IS terminal=BT2 status=FAILED decision=RUN_FAILED elapsed=65.370s
2026-08-30T00:26:59+00:00 RUN_START id=OAFX1384 family=gj_break_even_lock window=SCREEN_IS terminal=BT2 run=oafx_screen_is_oafx1384_20260830092659_8fa484
2026-08-30T00:27:01+00:00 RUN_HEARTBEAT terminal=BT2 pid=47408 elapsed=0s
2026-08-30T00:27:04+00:00 RUN_HEARTBEAT terminal=PROD pid=5488 elapsed=262s
2026-08-30T00:27:06+00:00 RUN_END id=OAFX1382 window=SCREEN_IS terminal=BT3 status=FAILED decision=RUN_FAILED elapsed=104.752s
2026-08-30T00:27:06+00:00 RUN_START id=OAFX1385 family=gj_break_even_lock window=SCREEN_IS terminal=BT3 run=oafx_screen_is_oafx1385_20260830092706_c18b13
2026-08-30T00:27:07+00:00 WAIT_LAUNCH_SLOT terminal=BT3 seconds=1.4
2026-08-30T00:27:09+00:00 RUN_HEARTBEAT terminal=BT3 pid=52676 elapsed=0s
2026-08-30T00:27:15+00:00 RUN_HEARTBEAT terminal=BT1 pid=15276 elapsed=266s
2026-08-30T00:27:20+00:00 WAIT_MT5_IDLE terminal=PROD elapsed=1s pids=[10940]
2026-08-30T00:27:32+00:00 RUN_HEARTBEAT terminal=BT4 pid=46592 elapsed=129s
2026-08-30T00:28:03+00:00 RUN_END id=OAFX1379 window=SCREEN_IS terminal=BT1 status=OK decision=SCREEN_OUT_SINGLE_SLEEVE elapsed=330.746s
2026-08-30T00:28:03+00:00 GATE_SKIP id=OAFX1379 window=IS reason=SINGLE_SLEEVE_INFERIOR decision=SCREEN_OUT_SINGLE_SLEEVE net=88000.0 PF=1.2358 DD=21.1207%
2026-08-30T00:28:03+00:00 RUN_START id=OAFX1386 family=gj_break_even_lock window=SCREEN_IS terminal=BT1 run=oafx_screen_is_oafx1386_20260830092803_61b5ba
2026-08-30T00:28:05+00:00 RUN_END id=OAFX1384 window=SCREEN_IS terminal=BT2 status=FAILED decision=RUN_FAILED elapsed=65.355s
2026-08-30T00:28:05+00:00 RUN_START id=OAFX1387 family=gj_break_even_lock window=SCREEN_IS terminal=BT2 run=oafx_screen_is_oafx1387_20260830092805_ea6a53
2026-08-30T00:28:05+00:00 RUN_HEARTBEAT terminal=BT1 pid=24160 elapsed=0s
2026-08-30T00:28:06+00:00 WAIT_LAUNCH_SLOT terminal=BT2 seconds=6.6
2026-08-30T00:28:13+00:00 RUN_HEARTBEAT terminal=BT2 pid=25216 elapsed=0s
2026-08-30T00:28:15+00:00 RUN_HEARTBEAT terminal=BT3 pid=52676 elapsed=65s
2026-08-30T00:28:24+00:00 WAIT_MT5_IDLE terminal=PROD elapsed=65s pids=[10940]
2026-08-30T00:28:37+00:00 RUN_HEARTBEAT terminal=BT4 pid=46592 elapsed=194s
2026-08-30T00:29:01+00:00 RUN_END id=OAFX1387 window=SCREEN_IS terminal=BT2 status=FAILED decision=RUN_FAILED elapsed=56.607s
2026-08-30T00:29:01+00:00 RUN_START id=OAFX1388 family=gj_break_even_lock window=SCREEN_IS terminal=BT2 run=oafx_screen_is_oafx1388_20260830092901_f0ba36
2026-08-30T00:29:02+00:00 RUN_END id=OAFX1385 window=SCREEN_IS terminal=BT3 status=FAILED decision=RUN_FAILED elapsed=116.053s
2026-08-30T00:29:02+00:00 RUN_START id=OAFX1389 family=gj_break_even_lock window=SCREEN_IS terminal=BT3 run=oafx_screen_is_oafx1389_20260830092902_09b429
2026-08-30T00:29:03+00:00 WAIT_LAUNCH_SLOT terminal=BT3 seconds=7.1
2026-08-30T00:29:03+00:00 RUN_HEARTBEAT terminal=BT2 pid=46084 elapsed=0s
2026-08-30T00:29:10+00:00 RUN_HEARTBEAT terminal=BT1 pid=24160 elapsed=64s
2026-08-30T00:29:11+00:00 RUN_HEARTBEAT terminal=BT3 pid=47344 elapsed=0s
2026-08-30T00:29:30+00:00 WAIT_MT5_IDLE terminal=PROD elapsed=131s pids=[10940]
2026-08-30T00:29:45+00:00 RUN_END id=OAFX1381 window=SCREEN_IS terminal=BT4 status=OK decision=SCREEN_OUT_SINGLE_SLEEVE elapsed=264.985s
2026-08-30T00:29:45+00:00 GATE_SKIP id=OAFX1381 window=IS reason=SINGLE_SLEEVE_INFERIOR decision=SCREEN_OUT_SINGLE_SLEEVE net=91240.0 PF=1.2422 DD=19.6272%
2026-08-30T00:29:45+00:00 RUN_START id=OAFX1390 family=gj_break_even_lock window=SCREEN_IS terminal=BT4 run=oafx_screen_is_oafx1390_20260830092945_4edc80
2026-08-30T00:29:47+00:00 RUN_HEARTBEAT terminal=BT4 pid=47708 elapsed=0s
2026-08-30T00:30:08+00:00 RUN_HEARTBEAT terminal=BT2 pid=46084 elapsed=65s
2026-08-30T00:30:18+00:00 RUN_HEARTBEAT terminal=BT3 pid=47344 elapsed=66s
2026-08-30T00:30:18+00:00 RUN_HEARTBEAT terminal=BT1 pid=24160 elapsed=132s
2026-08-30T00:30:35+00:00 WAIT_MT5_IDLE terminal=PROD elapsed=196s pids=[10940]
2026-08-30T00:30:51+00:00 RUN_END id=OAFX1386 window=SCREEN_IS terminal=BT1 status=OK decision=SCREEN_OUT_SINGLE_SLEEVE elapsed=167.714s
2026-08-30T00:30:51+00:00 GATE_SKIP id=OAFX1386 window=IS reason=SINGLE_SLEEVE_INFERIOR decision=SCREEN_OUT_SINGLE_SLEEVE net=92105.0 PF=1.2445 DD=19.8322%
2026-08-30T00:30:51+00:00 RUN_START id=OAFX1391 family=gj_break_even_lock window=SCREEN_IS terminal=BT1 run=oafx_screen_is_oafx1391_20260830093051_0ea1a0
2026-08-30T00:30:51+00:00 RUN_HEARTBEAT terminal=BT4 pid=47708 elapsed=64s
2026-08-30T00:30:53+00:00 RUN_HEARTBEAT terminal=BT1 pid=49516 elapsed=0s
2026-08-30T00:31:13+00:00 RUN_HEARTBEAT terminal=BT2 pid=46084 elapsed=129s
2026-08-30T00:31:24+00:00 RUN_HEARTBEAT terminal=BT3 pid=47344 elapsed=132s
2026-08-30T00:31:40+00:00 WAIT_MT5_IDLE terminal=PROD elapsed=261s pids=[10940]
2026-08-30T00:31:40+00:00 RUN_END id=OAFX1391 window=SCREEN_IS terminal=BT1 status=FAILED decision=RUN_FAILED elapsed=49.090s
2026-08-30T00:31:40+00:00 RUN_START id=OAFX1392 family=gj_break_even_lock window=SCREEN_IS terminal=BT1 run=oafx_screen_is_oafx1392_20260830093140_424610
2026-08-30T00:31:42+00:00 RUN_HEARTBEAT terminal=BT1 pid=44144 elapsed=0s
2026-08-30T00:31:55+00:00 RUN_END id=OAFX1390 window=SCREEN_IS terminal=BT4 status=FAILED decision=RUN_FAILED elapsed=130.329s
2026-08-30T00:31:55+00:00 RUN_START id=OAFX1393 family=gj_break_even_lock window=SCREEN_IS terminal=BT4 run=oafx_screen_is_oafx1393_20260830093155_6c8375
2026-08-30T00:31:57+00:00 RUN_HEARTBEAT terminal=BT4 pid=39628 elapsed=0s
2026-08-30T00:32:01+00:00 RUN_END id=OAFX1388 window=SCREEN_IS terminal=BT2 status=OK decision=SCREEN_OUT_SINGLE_SLEEVE elapsed=179.778s
2026-08-30T00:32:01+00:00 GATE_SKIP id=OAFX1388 window=IS reason=SINGLE_SLEEVE_INFERIOR decision=SCREEN_OUT_SINGLE_SLEEVE net=92750.0 PF=1.2462 DD=19.6918%
2026-08-30T00:32:01+00:00 RUN_START id=OAFX1394 family=gj_break_even_lock window=SCREEN_IS terminal=BT2 run=oafx_screen_is_oafx1394_20260830093201_c6d2f4
2026-08-30T00:32:02+00:00 WAIT_LAUNCH_SLOT terminal=BT2 seconds=1.9
2026-08-30T00:32:05+00:00 RUN_HEARTBEAT terminal=BT2 pid=21896 elapsed=0s
2026-08-30T00:32:29+00:00 RUN_HEARTBEAT terminal=BT3 pid=47344 elapsed=197s
2026-08-30T00:32:29+00:00 KILL_ORPHAN_TESTER terminal=PROD pids=[10940] orphan_seconds=309
2026-08-30T00:32:45+00:00 RUN_END id=OAFX1378 window=SCREEN_IS terminal=PROD status=OK decision=SCREEN_OUT_SINGLE_SLEEVE elapsed=612.510s
2026-08-30T00:32:45+00:00 GATE_SKIP id=OAFX1378 window=IS reason=SINGLE_SLEEVE_INFERIOR decision=SCREEN_OUT_SINGLE_SLEEVE net=86690.0 PF=1.2323 DD=21.3885%
2026-08-30T00:32:45+00:00 RUN_START id=OAFX1395 family=gj_break_even_lock window=SCREEN_IS terminal=PROD run=oafx_screen_is_oafx1395_20260830093245_15cc44
2026-08-30T00:32:47+00:00 RUN_HEARTBEAT terminal=BT1 pid=44144 elapsed=64s
2026-08-30T00:32:48+00:00 RUN_HEARTBEAT terminal=PROD pid=32580 elapsed=0s
2026-08-30T00:33:02+00:00 RUN_HEARTBEAT terminal=BT4 pid=39628 elapsed=65s
2026-08-30T00:33:10+00:00 RUN_HEARTBEAT terminal=BT2 pid=21896 elapsed=65s
2026-08-30T00:33:17+00:00 RUN_END id=OAFX1389 window=SCREEN_IS terminal=BT3 status=OK decision=SCREEN_OUT_SINGLE_SLEEVE elapsed=255.184s
2026-08-30T00:33:17+00:00 GATE_SKIP id=OAFX1389 window=IS reason=SINGLE_SLEEVE_INFERIOR decision=SCREEN_OUT_SINGLE_SLEEVE net=93395.0 PF=1.2479 DD=19.5777%
2026-08-30T00:33:17+00:00 RUN_START id=OAFX1396 family=gj_break_even_lock window=SCREEN_IS terminal=BT3 run=oafx_screen_is_oafx1396_20260830093317_c13ec9
2026-08-30T00:33:19+00:00 RUN_HEARTBEAT terminal=BT3 pid=32468 elapsed=0s
2026-08-30T00:33:51+00:00 RUN_HEARTBEAT terminal=BT1 pid=44144 elapsed=129s
2026-08-30T00:33:52+00:00 RUN_HEARTBEAT terminal=PROD pid=32580 elapsed=65s
2026-08-30T00:34:08+00:00 RUN_HEARTBEAT terminal=BT4 pid=39628 elapsed=130s
2026-08-30T00:34:16+00:00 RUN_HEARTBEAT terminal=BT2 pid=21896 elapsed=130s
2026-08-30T00:34:24+00:00 RUN_HEARTBEAT terminal=BT3 pid=32468 elapsed=65s
2026-08-30T00:34:24+00:00 RUN_END id=OAFX1392 window=SCREEN_IS terminal=BT1 status=OK decision=SCREEN_OUT_SINGLE_SLEEVE elapsed=164.276s
2026-08-30T00:34:24+00:00 GATE_SKIP id=OAFX1392 window=IS reason=SINGLE_SLEEVE_INFERIOR decision=SCREEN_OUT_SINGLE_SLEEVE net=87249.0 PF=1.2257 DD=19.5314%
2026-08-30T00:34:24+00:00 RUN_START id=OAFX1397 family=gj_break_even_lock window=SCREEN_IS terminal=BT1 run=oafx_screen_is_oafx1397_20260830093424_0a94ea
2026-08-30T00:34:26+00:00 RUN_HEARTBEAT terminal=BT1 pid=56932 elapsed=0s
2026-08-30T00:34:40+00:00 RUN_END id=OAFX1395 window=SCREEN_IS terminal=PROD status=FAILED decision=RUN_FAILED elapsed=114.596s
2026-08-30T00:34:40+00:00 RUN_START id=OAFX1398 family=gj_break_even_lock window=SCREEN_IS terminal=PROD run=oafx_screen_is_oafx1398_20260830093440_64c2a7
2026-08-30T00:34:42+00:00 RUN_HEARTBEAT terminal=PROD pid=47128 elapsed=0s
2026-08-30T00:35:15+00:00 RUN_HEARTBEAT terminal=BT4 pid=39628 elapsed=197s
2026-08-30T00:35:22+00:00 RUN_HEARTBEAT terminal=BT2 pid=21896 elapsed=197s
2026-08-30T00:35:30+00:00 RUN_END id=OAFX1398 window=SCREEN_IS terminal=PROD status=FAILED decision=RUN_FAILED elapsed=50.656s
2026-08-30T00:35:30+00:00 RUN_START id=OAFX1399 family=gj_break_even_lock window=SCREEN_IS terminal=PROD run=oafx_screen_is_oafx1399_20260830093530_813d3c
2026-08-30T00:35:32+00:00 RUN_HEARTBEAT terminal=BT3 pid=32468 elapsed=132s
2026-08-30T00:35:32+00:00 RUN_HEARTBEAT terminal=BT1 pid=56932 elapsed=65s
2026-08-30T00:35:33+00:00 RUN_HEARTBEAT terminal=PROD pid=15988 elapsed=0s
2026-08-30T00:35:48+00:00 RUN_END id=OAFX1393 window=SCREEN_IS terminal=BT4 status=OK decision=SCREEN_OUT_SINGLE_SLEEVE elapsed=233.458s
2026-08-30T00:35:48+00:00 GATE_SKIP id=OAFX1393 window=IS reason=SINGLE_SLEEVE_INFERIOR decision=SCREEN_OUT_SINGLE_SLEEVE net=87279.0 PF=1.2258 DD=19.5314%
2026-08-30T00:35:48+00:00 RUN_START id=OAFX1400 family=gj_break_even_lock window=SCREEN_IS terminal=BT4 run=oafx_screen_is_oafx1400_20260830093548_6e70c0
2026-08-30T00:35:51+00:00 RUN_HEARTBEAT terminal=BT4 pid=54200 elapsed=0s
2026-08-30T00:36:21+00:00 RUN_END id=OAFX1399 window=SCREEN_IS terminal=PROD status=FAILED decision=RUN_FAILED elapsed=50.469s
2026-08-30T00:36:21+00:00 RUN_START id=OAFX1401 family=gj_atr_trailing window=SCREEN_IS terminal=PROD run=oafx_screen_is_oafx1401_20260830093621_f48274
2026-08-30T00:36:23+00:00 RUN_HEARTBEAT terminal=PROD pid=54692 elapsed=0s
2026-08-30T00:36:27+00:00 RUN_END id=OAFX1394 window=SCREEN_IS terminal=BT2 status=OK decision=SCREEN_OUT_SINGLE_SLEEVE elapsed=265.853s
2026-08-30T00:36:27+00:00 GATE_SKIP id=OAFX1394 window=IS reason=SINGLE_SLEEVE_INFERIOR decision=SCREEN_OUT_SINGLE_SLEEVE net=87333.0 PF=1.2259 DD=19.5314%
2026-08-30T00:36:27+00:00 RUN_START id=OAFX1402 family=gj_atr_trailing window=SCREEN_IS terminal=BT2 run=oafx_screen_is_oafx1402_20260830093627_276c51
2026-08-30T00:36:28+00:00 WAIT_LAUNCH_SLOT terminal=BT2 seconds=2.4
2026-08-30T00:36:31+00:00 RUN_HEARTBEAT terminal=BT2 pid=34436 elapsed=0s
2026-08-30T00:36:37+00:00 RUN_END id=OAFX1396 window=SCREEN_IS terminal=BT3 status=FAILED decision=RUN_FAILED elapsed=199.858s
2026-08-30T00:36:37+00:00 RUN_START id=OAFX1403 family=gj_atr_trailing window=SCREEN_IS terminal=BT3 run=oafx_screen_is_oafx1403_20260830093637_7ce9af
2026-08-30T00:36:38+00:00 WAIT_LAUNCH_SLOT terminal=BT3 seconds=0.0
2026-08-30T00:36:38+00:00 RUN_HEARTBEAT terminal=BT1 pid=56932 elapsed=132s
2026-08-30T00:36:38+00:00 RUN_END id=OAFX1400 window=SCREEN_IS terminal=BT4 status=FAILED decision=RUN_FAILED elapsed=49.757s
2026-08-30T00:36:38+00:00 RUN_START id=OAFX1404 family=gj_atr_trailing window=SCREEN_IS terminal=BT4 run=oafx_screen_is_oafx1404_20260830093638_0fdfee
2026-08-30T00:36:40+00:00 RUN_HEARTBEAT terminal=BT3 pid=46216 elapsed=0s
2026-08-30T00:36:40+00:00 WAIT_LAUNCH_SLOT terminal=BT4 seconds=6.6
2026-08-30T00:36:48+00:00 RUN_HEARTBEAT terminal=BT4 pid=45316 elapsed=0s
2026-08-30T00:37:29+00:00 RUN_HEARTBEAT terminal=PROD pid=54692 elapsed=65s
2026-08-30T00:37:38+00:00 RUN_HEARTBEAT terminal=BT2 pid=34436 elapsed=67s
2026-08-30T00:37:45+00:00 RUN_HEARTBEAT terminal=BT1 pid=56932 elapsed=198s
2026-08-30T00:37:45+00:00 RUN_HEARTBEAT terminal=BT3 pid=46216 elapsed=65s
2026-08-30T00:37:55+00:00 RUN_HEARTBEAT terminal=BT4 pid=45316 elapsed=67s
2026-08-30T00:38:01+00:00 RUN_END id=OAFX1397 window=SCREEN_IS terminal=BT1 status=OK decision=SCREEN_OUT_SINGLE_SLEEVE elapsed=216.459s
2026-08-30T00:38:01+00:00 GATE_SKIP id=OAFX1397 window=IS reason=SINGLE_SLEEVE_INFERIOR decision=SCREEN_OUT_SINGLE_SLEEVE net=87471.0 PF=1.2263 DD=19.5314%
2026-08-30T00:38:01+00:00 RUN_START id=OAFX1405 family=gj_atr_trailing window=SCREEN_IS terminal=BT1 run=oafx_screen_is_oafx1405_20260830093801_5d4d27
2026-08-30T00:38:03+00:00 RUN_HEARTBEAT terminal=BT1 pid=46628 elapsed=0s
2026-08-30T00:38:36+00:00 RUN_HEARTBEAT terminal=PROD pid=54692 elapsed=131s
2026-08-30T00:38:45+00:00 RUN_HEARTBEAT terminal=BT2 pid=34436 elapsed=132s
2026-08-30T00:38:53+00:00 RUN_HEARTBEAT terminal=BT3 pid=46216 elapsed=133s
2026-08-30T00:38:53+00:00 RUN_END id=OAFX1401 window=SCREEN_IS terminal=PROD status=OK decision=SCREEN_OUT_SINGLE_SLEEVE elapsed=151.762s
2026-08-30T00:38:53+00:00 GATE_SKIP id=OAFX1401 window=IS reason=SINGLE_SLEEVE_INFERIOR decision=SCREEN_OUT_SINGLE_SLEEVE net=42243.0 PF=1.1772 DD=22.1869%
2026-08-30T00:38:53+00:00 RUN_START id=OAFX1406 family=gj_atr_trailing window=SCREEN_IS terminal=PROD run=oafx_screen_is_oafx1406_20260830093853_f1e833
2026-08-30T00:38:55+00:00 RUN_HEARTBEAT terminal=PROD pid=43552 elapsed=0s
2026-08-30T00:39:01+00:00 RUN_HEARTBEAT terminal=BT4 pid=45316 elapsed=134s
2026-08-30T00:39:01+00:00 RUN_END id=OAFX1402 window=SCREEN_IS terminal=BT2 status=OK decision=SCREEN_OUT_SINGLE_SLEEVE elapsed=154.139s
2026-08-30T00:39:01+00:00 GATE_SKIP id=OAFX1402 window=IS reason=SINGLE_SLEEVE_INFERIOR decision=SCREEN_OUT_SINGLE_SLEEVE net=52697.0 PF=1.2189 DD=22.9989%
2026-08-30T00:39:01+00:00 RUN_START id=OAFX1407 family=gj_atr_trailing window=SCREEN_IS terminal=BT2 run=oafx_screen_is_oafx1407_20260830093901_c30e6f
2026-08-30T00:39:03+00:00 RUN_HEARTBEAT terminal=BT2 pid=41992 elapsed=0s
2026-08-30T00:39:09+00:00 RUN_HEARTBEAT terminal=BT1 pid=46628 elapsed=66s
2026-08-30T00:39:58+00:00 RUN_HEARTBEAT terminal=BT3 pid=46216 elapsed=199s
2026-08-30T00:40:00+00:00 RUN_HEARTBEAT terminal=PROD pid=43552 elapsed=65s
2026-08-30T00:40:06+00:00 RUN_HEARTBEAT terminal=BT4 pid=45316 elapsed=199s
2026-08-30T00:40:08+00:00 RUN_HEARTBEAT terminal=BT2 pid=41992 elapsed=65s
2026-08-30T00:40:15+00:00 RUN_HEARTBEAT terminal=BT1 pid=46628 elapsed=131s
2026-08-30T00:41:04+00:00 RUN_END id=OAFX1403 window=SCREEN_IS terminal=BT3 status=OK decision=SCREEN_OUT_SINGLE_SLEEVE elapsed=267.513s
2026-08-30T00:41:04+00:00 GATE_SKIP id=OAFX1403 window=IS reason=SINGLE_SLEEVE_INFERIOR decision=SCREEN_OUT_SINGLE_SLEEVE net=47186.0 PF=1.189 DD=25.376%
2026-08-30T00:41:04+00:00 RUN_START id=OAFX1408 family=gj_atr_trailing window=SCREEN_IS terminal=BT3 run=oafx_screen_is_oafx1408_20260830094104_44c4af
2026-08-30T00:41:05+00:00 RUN_HEARTBEAT terminal=PROD pid=43552 elapsed=130s
2026-08-30T00:41:07+00:00 RUN_HEARTBEAT terminal=BT3 pid=44016 elapsed=0s
2026-08-30T00:41:11+00:00 RUN_END id=OAFX1404 window=SCREEN_IS terminal=BT4 status=OK decision=SCREEN_OUT_SINGLE_SLEEVE elapsed=272.853s
2026-08-30T00:41:11+00:00 GATE_SKIP id=OAFX1404 window=IS reason=SINGLE_SLEEVE_INFERIOR decision=SCREEN_OUT_SINGLE_SLEEVE net=43143.0 PF=1.1617 DD=29.9468%
2026-08-30T00:41:11+00:00 RUN_START id=OAFX1409 family=gj_atr_trailing window=SCREEN_IS terminal=BT4 run=oafx_screen_is_oafx1409_20260830094111_62ef0e
2026-08-30T00:41:12+00:00 WAIT_LAUNCH_SLOT terminal=BT4 seconds=1.3
2026-08-30T00:41:13+00:00 RUN_HEARTBEAT terminal=BT2 pid=41992 elapsed=130s
2026-08-30T00:41:15+00:00 RUN_HEARTBEAT terminal=BT4 pid=5812 elapsed=0s
2026-08-30T00:41:21+00:00 RUN_HEARTBEAT terminal=BT1 pid=46628 elapsed=197s
2026-08-30T00:41:45+00:00 RUN_END id=OAFX1407 window=SCREEN_IS terminal=BT2 status=OK decision=SCREEN_OUT_SINGLE_SLEEVE elapsed=164.346s
2026-08-30T00:41:45+00:00 GATE_SKIP id=OAFX1407 window=IS reason=SINGLE_SLEEVE_INFERIOR decision=SCREEN_OUT_SINGLE_SLEEVE net=68765.0 PF=1.2011 DD=26.1551%
2026-08-30T00:41:45+00:00 RUN_START id=OAFX1410 family=gj_atr_trailing window=SCREEN_IS terminal=BT2 run=oafx_screen_is_oafx1410_20260830094145_d15fc5
2026-08-30T00:41:47+00:00 RUN_HEARTBEAT terminal=BT2 pid=12180 elapsed=0s
2026-08-30T00:41:54+00:00 WAIT_MT5_IDLE terminal=PROD elapsed=1s pids=[26256]
2026-08-30T00:42:10+00:00 RUN_END id=OAFX1405 window=SCREEN_IS terminal=BT1 status=OK decision=SCREEN_OUT_SINGLE_SLEEVE elapsed=248.896s
2026-08-30T00:42:10+00:00 GATE_SKIP id=OAFX1405 window=IS reason=SINGLE_SLEEVE_INFERIOR decision=SCREEN_OUT_SINGLE_SLEEVE net=64250.0 PF=1.2264 DD=25.429%
2026-08-30T00:42:10+00:00 RUN_START id=OAFX1411 family=gj_atr_trailing window=SCREEN_IS terminal=BT1 run=oafx_screen_is_oafx1411_20260830094210_e6cbfc
2026-08-30T00:42:11+00:00 RUN_HEARTBEAT terminal=BT3 pid=44016 elapsed=65s
2026-08-30T00:42:12+00:00 RUN_HEARTBEAT terminal=BT1 pid=54708 elapsed=0s
2026-08-30T00:42:19+00:00 RUN_HEARTBEAT terminal=BT4 pid=5812 elapsed=64s
2026-08-30T00:42:52+00:00 RUN_HEARTBEAT terminal=BT2 pid=12180 elapsed=64s
2026-08-30T00:43:01+00:00 WAIT_MT5_IDLE terminal=PROD elapsed=68s pids=[26256]
2026-08-30T00:43:17+00:00 RUN_HEARTBEAT terminal=BT1 pid=54708 elapsed=65s
2026-08-30T00:43:17+00:00 RUN_HEARTBEAT terminal=BT3 pid=44016 elapsed=130s
2026-08-30T00:43:24+00:00 RUN_HEARTBEAT terminal=BT4 pid=5812 elapsed=129s
2026-08-30T00:43:39+00:00 RUN_END id=OAFX1410 window=SCREEN_IS terminal=BT2 status=FAILED decision=RUN_FAILED elapsed=113.662s
2026-08-30T00:43:39+00:00 RUN_START id=OAFX1412 family=gj_atr_trailing window=SCREEN_IS terminal=BT2 run=oafx_screen_is_oafx1412_20260830094339_e7d366
2026-08-30T00:43:41+00:00 RUN_HEARTBEAT terminal=BT2 pid=49624 elapsed=0s
2026-08-30T00:44:06+00:00 WAIT_MT5_IDLE terminal=PROD elapsed=133s pids=[26256]
2026-08-30T00:44:22+00:00 RUN_HEARTBEAT terminal=BT1 pid=54708 elapsed=130s
2026-08-30T00:44:22+00:00 RUN_HEARTBEAT terminal=BT3 pid=44016 elapsed=195s
2026-08-30T00:44:29+00:00 RUN_HEARTBEAT terminal=BT4 pid=5812 elapsed=194s
2026-08-30T00:44:44+00:00 RUN_END id=OAFX1412 window=SCREEN_IS terminal=BT2 status=FAILED decision=RUN_FAILED elapsed=65.193s
2026-08-30T00:44:44+00:00 RUN_START id=OAFX1413 family=gj_atr_trailing window=SCREEN_IS terminal=BT2 run=oafx_screen_is_oafx1413_20260830094444_cf690b
2026-08-30T00:44:46+00:00 RUN_HEARTBEAT terminal=BT2 pid=49516 elapsed=0s
2026-08-30T00:45:11+00:00 WAIT_MT5_IDLE terminal=PROD elapsed=198s pids=[26256]
2026-08-30T00:45:27+00:00 RUN_HEARTBEAT terminal=BT1 pid=54708 elapsed=195s
2026-08-30T00:45:27+00:00 RUN_END id=OAFX1408 window=SCREEN_IS terminal=BT3 status=OK decision=SCREEN_OUT_SINGLE_SLEEVE elapsed=262.793s
2026-08-30T00:45:27+00:00 GATE_SKIP id=OAFX1408 window=IS reason=SINGLE_SLEEVE_INFERIOR decision=SCREEN_OUT_SINGLE_SLEEVE net=73368.0 PF=1.2042 DD=24.6796%
2026-08-30T00:45:27+00:00 RUN_START id=OAFX1414 family=gj_atr_trailing window=SCREEN_IS terminal=BT3 run=oafx_screen_is_oafx1414_20260830094527_b6d0d9
2026-08-30T00:45:29+00:00 RUN_HEARTBEAT terminal=BT3 pid=52880 elapsed=0s
2026-08-30T00:45:33+00:00 RUN_END id=OAFX1409 window=SCREEN_IS terminal=BT4 status=OK decision=SCREEN_PASS_STRICT elapsed=261.595s
2026-08-30T00:45:33+00:00 RUN_START id=OAFX1409 family=gj_atr_trailing window=IS terminal=BT4 run=oafx_is_oafx1409_20260830094533_e9f230
2026-08-30T00:45:34+00:00 WAIT_LAUNCH_SLOT terminal=BT4 seconds=2.6
2026-08-30T00:45:37+00:00 RUN_HEARTBEAT terminal=BT4 pid=21712 elapsed=0s
2026-08-30T00:45:51+00:00 RUN_HEARTBEAT terminal=BT2 pid=49516 elapsed=64s
2026-08-30T00:46:00+00:00 RUN_END id=OAFX1411 window=SCREEN_IS terminal=BT1 status=OK decision=SCREEN_OUT_SINGLE_SLEEVE elapsed=230.184s
2026-08-30T00:46:00+00:00 GATE_SKIP id=OAFX1411 window=IS reason=SINGLE_SLEEVE_INFERIOR decision=SCREEN_OUT_SINGLE_SLEEVE net=38370.0 PF=1.1375 DD=21.9141%
2026-08-30T00:46:00+00:00 RUN_START id=OAFX1415 family=gj_atr_trailing window=SCREEN_IS terminal=BT1 run=oafx_screen_is_oafx1415_20260830094600_79594d
2026-08-30T00:46:02+00:00 RUN_HEARTBEAT terminal=BT1 pid=22516 elapsed=0s
2026-08-30T00:46:16+00:00 WAIT_MT5_IDLE terminal=PROD elapsed=264s pids=[26256]
2026-08-30T00:46:34+00:00 RUN_HEARTBEAT terminal=BT3 pid=52880 elapsed=65s
2026-08-30T00:46:43+00:00 RUN_HEARTBEAT terminal=BT4 pid=21712 elapsed=65s
2026-08-30T00:46:57+00:00 RUN_END id=OAFX1413 window=SCREEN_IS terminal=BT2 status=OK decision=SCREEN_OUT_SINGLE_SLEEVE elapsed=132.250s
2026-08-30T00:46:57+00:00 GATE_SKIP id=OAFX1413 window=IS reason=SINGLE_SLEEVE_INFERIOR decision=SCREEN_OUT_SINGLE_SLEEVE net=42527.0 PF=1.1506 DD=23.7248%
2026-08-30T00:46:57+00:00 RUN_START id=OAFX1416 family=gj_atr_trailing window=SCREEN_IS terminal=BT2 run=oafx_screen_is_oafx1416_20260830094657_62d585
2026-08-30T00:46:58+00:00 RUN_HEARTBEAT terminal=BT2 pid=22444 elapsed=0s
2026-08-30T00:47:06+00:00 KILL_ORPHAN_TESTER terminal=PROD pids=[26256] orphan_seconds=312
2026-08-30T00:47:07+00:00 RUN_HEARTBEAT terminal=BT1 pid=22516 elapsed=64s
2026-08-30T00:47:22+00:00 RUN_END id=OAFX1406 window=SCREEN_IS terminal=PROD status=OK decision=SCREEN_OUT_SINGLE_SLEEVE elapsed=509.179s
2026-08-30T00:47:22+00:00 GATE_SKIP id=OAFX1406 window=IS reason=SINGLE_SLEEVE_INFERIOR decision=SCREEN_OUT_SINGLE_SLEEVE net=58983.0 PF=1.1821 DD=33.0008%
2026-08-30T00:47:22+00:00 RUN_START id=OAFX1417 family=gj_atr_trailing window=SCREEN_IS terminal=PROD run=oafx_screen_is_oafx1417_20260830094722_b564d6
2026-08-30T00:47:24+00:00 RUN_HEARTBEAT terminal=PROD pid=15804 elapsed=0s
2026-08-30T00:47:40+00:00 RUN_HEARTBEAT terminal=BT3 pid=52880 elapsed=129s
2026-08-30T00:47:47+00:00 RUN_HEARTBEAT terminal=BT4 pid=21712 elapsed=130s
2026-08-30T00:48:04+00:00 RUN_HEARTBEAT terminal=BT2 pid=22444 elapsed=65s
2026-08-30T00:48:12+00:00 RUN_END id=OAFX1417 window=SCREEN_IS terminal=PROD status=FAILED decision=RUN_FAILED elapsed=49.828s
2026-08-30T00:48:12+00:00 RUN_START id=OAFX1418 family=gj_atr_trailing window=SCREEN_IS terminal=PROD run=oafx_screen_is_oafx1418_20260830094812_3523f3
2026-08-30T00:48:13+00:00 RUN_HEARTBEAT terminal=BT1 pid=22516 elapsed=131s
2026-08-30T00:48:14+00:00 RUN_HEARTBEAT terminal=PROD pid=55040 elapsed=0s
2026-08-30T00:48:19+00:00 RUN_END id=OAFX1409 window=IS terminal=BT4 status=FAILED decision=RUN_FAILED elapsed=165.942s
2026-08-30T00:48:19+00:00 RUN_START id=OAFX1419 family=gj_atr_trailing window=SCREEN_IS terminal=BT4 run=oafx_screen_is_oafx1419_20260830094819_e4d550
2026-08-30T00:48:20+00:00 WAIT_LAUNCH_SLOT terminal=BT4 seconds=1.0
2026-08-30T00:48:22+00:00 RUN_HEARTBEAT terminal=BT4 pid=22696 elapsed=0s
2026-08-30T00:48:46+00:00 RUN_HEARTBEAT terminal=BT3 pid=52880 elapsed=196s
2026-08-30T00:49:02+00:00 RUN_END id=OAFX1414 window=SCREEN_IS terminal=BT3 status=OK decision=SCREEN_OUT_SINGLE_SLEEVE elapsed=214.943s
2026-08-30T00:49:02+00:00 GATE_SKIP id=OAFX1414 window=IS reason=SINGLE_SLEEVE_INFERIOR decision=SCREEN_OUT_SINGLE_SLEEVE net=55512.0 PF=1.1915 DD=25.9158%
2026-08-30T00:49:02+00:00 RUN_START id=OAFX1420 family=gj_atr_trailing window=SCREEN_IS terminal=BT3 run=oafx_screen_is_oafx1420_20260830094902_7f6338
2026-08-30T00:49:04+00:00 RUN_HEARTBEAT terminal=BT3 pid=55464 elapsed=0s
2026-08-30T00:49:11+00:00 RUN_HEARTBEAT terminal=BT2 pid=22444 elapsed=132s
2026-08-30T00:49:18+00:00 RUN_HEARTBEAT terminal=BT1 pid=22516 elapsed=196s
2026-08-30T00:49:19+00:00 RUN_HEARTBEAT terminal=PROD pid=55040 elapsed=65s
2026-08-30T00:49:28+00:00 RUN_HEARTBEAT terminal=BT4 pid=22696 elapsed=65s
2026-08-30T00:50:01+00:00 RUN_END id=OAFX1416 window=SCREEN_IS terminal=BT2 status=OK decision=SCREEN_OUT_SINGLE_SLEEVE elapsed=184.487s
2026-08-30T00:50:01+00:00 GATE_SKIP id=OAFX1416 window=IS reason=SINGLE_SLEEVE_INFERIOR decision=SCREEN_OUT_SINGLE_SLEEVE net=58080.0 PF=1.1768 DD=33.689%
2026-08-30T00:50:01+00:00 RUN_START id=OAFX1421 family=gj_atr_trailing window=SCREEN_IS terminal=BT2 run=oafx_screen_is_oafx1421_20260830095001_00a824
2026-08-30T00:50:03+00:00 RUN_HEARTBEAT terminal=BT2 pid=54836 elapsed=0s
2026-08-30T00:50:09+00:00 RUN_HEARTBEAT terminal=BT3 pid=55464 elapsed=65s
2026-08-30T00:50:24+00:00 RUN_HEARTBEAT terminal=PROD pid=55040 elapsed=130s
2026-08-30T00:50:24+00:00 RUN_END id=OAFX1415 window=SCREEN_IS terminal=BT1 status=OK decision=SCREEN_OUT_SINGLE_SLEEVE elapsed=264.376s
2026-08-30T00:50:24+00:00 GATE_SKIP id=OAFX1415 window=IS reason=SINGLE_SLEEVE_INFERIOR decision=SCREEN_OUT_SINGLE_SLEEVE net=65219.0 PF=1.2174 DD=24.598%
2026-08-30T00:50:24+00:00 RUN_START id=OAFX1422 family=gj_atr_trailing window=SCREEN_IS terminal=BT1 run=oafx_screen_is_oafx1422_20260830095024_7e1eb7
2026-08-30T00:50:27+00:00 RUN_HEARTBEAT terminal=BT1 pid=24236 elapsed=0s
2026-08-30T00:50:33+00:00 RUN_HEARTBEAT terminal=BT4 pid=22696 elapsed=131s
2026-08-30T00:51:08+00:00 RUN_HEARTBEAT terminal=BT2 pid=54836 elapsed=65s
2026-08-30T00:51:15+00:00 RUN_HEARTBEAT terminal=BT3 pid=55464 elapsed=129s
2026-08-30T00:51:32+00:00 RUN_HEARTBEAT terminal=BT1 pid=24236 elapsed=64s
2026-08-30T00:51:32+00:00 RUN_HEARTBEAT terminal=PROD pid=55040 elapsed=197s
2026-08-30T00:51:41+00:00 RUN_HEARTBEAT terminal=BT4 pid=22696 elapsed=198s
2026-08-30T00:51:47+00:00 RUN_END id=OAFX1422 window=SCREEN_IS terminal=BT1 status=FAILED decision=RUN_FAILED elapsed=82.121s
2026-08-30T00:51:47+00:00 RUN_START id=OAFX1423 family=gj_atr_trailing window=SCREEN_IS terminal=BT1 run=oafx_screen_is_oafx1423_20260830095147_f5c055
2026-08-30T00:51:49+00:00 RUN_HEARTBEAT terminal=BT1 pid=50492 elapsed=0s
2026-08-30T00:52:04+00:00 RUN_END id=OAFX1418 window=SCREEN_IS terminal=PROD status=OK decision=SCREEN_OUT_SINGLE_SLEEVE elapsed=232.559s
2026-08-30T00:52:04+00:00 GATE_SKIP id=OAFX1418 window=IS reason=SINGLE_SLEEVE_INFERIOR decision=SCREEN_OUT_SINGLE_SLEEVE net=74857.0 PF=1.2086 DD=23.732%
2026-08-30T00:52:04+00:00 RUN_START id=OAFX1424 family=gj_atr_trailing window=SCREEN_IS terminal=PROD run=oafx_screen_is_oafx1424_20260830095204_1873b9
2026-08-30T00:52:07+00:00 RUN_HEARTBEAT terminal=PROD pid=47736 elapsed=0s
2026-08-30T00:52:13+00:00 RUN_HEARTBEAT terminal=BT2 pid=54836 elapsed=130s
2026-08-30T00:52:21+00:00 RUN_HEARTBEAT terminal=BT3 pid=55464 elapsed=196s
2026-08-30T00:52:46+00:00 RUN_END id=OAFX1419 window=SCREEN_IS terminal=BT4 status=OK decision=SCREEN_PASS_STRICT elapsed=267.727s
2026-08-30T00:52:46+00:00 RUN_START id=OAFX1419 family=gj_atr_trailing window=IS terminal=BT4 run=oafx_is_oafx1419_20260830095246_ecb4a1
2026-08-30T00:52:49+00:00 RUN_HEARTBEAT terminal=BT4 pid=19612 elapsed=0s
2026-08-30T00:52:54+00:00 RUN_HEARTBEAT terminal=BT1 pid=50492 elapsed=65s
2026-08-30T00:53:11+00:00 RUN_HEARTBEAT terminal=PROD pid=47736 elapsed=65s
2026-08-30T00:53:19+00:00 RUN_END id=OAFX1421 window=SCREEN_IS terminal=BT2 status=OK decision=SCREEN_OUT_SINGLE_SLEEVE elapsed=197.799s
2026-08-30T00:53:19+00:00 GATE_SKIP id=OAFX1421 window=IS reason=SINGLE_SLEEVE_INFERIOR decision=SCREEN_OUT_SINGLE_SLEEVE net=55981.0 PF=1.1843 DD=20.8966%
2026-08-30T00:53:19+00:00 RUN_START id=OAFX1425 family=gj_atr_trailing window=SCREEN_IS terminal=BT2 run=oafx_screen_is_oafx1425_20260830095319_018d13
2026-08-30T00:53:21+00:00 RUN_HEARTBEAT terminal=BT2 pid=37336 elapsed=0s
2026-08-30T00:53:26+00:00 RUN_END id=OAFX1420 window=SCREEN_IS terminal=BT3 status=OK decision=SCREEN_PASS_STRICT elapsed=263.724s
2026-08-30T00:53:26+00:00 RUN_START id=OAFX1420 family=gj_atr_trailing window=IS terminal=BT3 run=oafx_is_oafx1420_20260830095326_725a5c
2026-08-30T00:53:27+00:00 WAIT_LAUNCH_SLOT terminal=BT3 seconds=0.6
2026-08-30T00:53:29+00:00 RUN_HEARTBEAT terminal=BT3 pid=53104 elapsed=0s
2026-08-30T00:53:54+00:00 RUN_HEARTBEAT terminal=BT4 pid=19612 elapsed=64s
2026-08-30T00:54:00+00:00 RUN_HEARTBEAT terminal=BT1 pid=50492 elapsed=131s
2026-08-30T00:54:17+00:00 RUN_HEARTBEAT terminal=PROD pid=47736 elapsed=130s
2026-08-30T00:54:29+00:00 RUN_HEARTBEAT terminal=BT2 pid=37336 elapsed=67s
2026-08-30T00:54:36+00:00 RUN_HEARTBEAT terminal=BT3 pid=53104 elapsed=67s
2026-08-30T00:55:00+00:00 RUN_END id=OAFX1419 window=IS terminal=BT4 status=FAILED decision=RUN_FAILED elapsed=133.900s
2026-08-30T00:55:00+00:00 RUN_START id=OAFX1426 family=gj_atr_trailing window=SCREEN_IS terminal=BT4 run=oafx_screen_is_oafx1426_20260830095500_3e9c12
2026-08-30T00:55:03+00:00 RUN_HEARTBEAT terminal=BT4 pid=31656 elapsed=0s
2026-08-30T00:55:06+00:00 RUN_HEARTBEAT terminal=BT1 pid=50492 elapsed=196s
2026-08-30T00:55:22+00:00 RUN_HEARTBEAT terminal=PROD pid=47736 elapsed=195s
2026-08-30T00:55:22+00:00 RUN_END id=OAFX1423 window=SCREEN_IS terminal=BT1 status=OK decision=SCREEN_OUT_SINGLE_SLEEVE elapsed=215.184s
2026-08-30T00:55:22+00:00 GATE_SKIP id=OAFX1423 window=IS reason=SINGLE_SLEEVE_INFERIOR decision=SCREEN_OUT_SINGLE_SLEEVE net=37922.0 PF=1.1246 DD=26.7897%
2026-08-30T00:55:22+00:00 RUN_START id=OAFX1427 family=gj_atr_trailing window=SCREEN_IS terminal=BT1 run=oafx_screen_is_oafx1427_20260830095522_491bb1
2026-08-30T00:55:24+00:00 RUN_HEARTBEAT terminal=BT1 pid=41132 elapsed=0s
2026-08-30T00:55:34+00:00 RUN_HEARTBEAT terminal=BT2 pid=37336 elapsed=133s
2026-08-30T00:55:41+00:00 RUN_HEARTBEAT terminal=BT3 pid=53104 elapsed=132s
2026-08-30T00:56:08+00:00 RUN_HEARTBEAT terminal=BT4 pid=31656 elapsed=65s
2026-08-30T00:56:24+00:00 RUN_END id=OAFX1425 window=SCREEN_IS terminal=BT2 status=OK decision=SCREEN_OUT_SINGLE_SLEEVE elapsed=184.913s
2026-08-30T00:56:24+00:00 GATE_SKIP id=OAFX1425 window=IS reason=SINGLE_SLEEVE_INFERIOR decision=SCREEN_OUT_SINGLE_SLEEVE net=80393.0 PF=1.2578 DD=21.95%
2026-08-30T00:56:24+00:00 RUN_START id=OAFX1428 family=gj_atr_trailing window=SCREEN_IS terminal=BT2 run=oafx_screen_is_oafx1428_20260830095624_d20870
2026-08-30T00:56:26+00:00 RUN_HEARTBEAT terminal=BT2 pid=54980 elapsed=0s
2026-08-30T00:56:28+00:00 RUN_END id=OAFX1424 window=SCREEN_IS terminal=PROD status=OK decision=SCREEN_OUT_SINGLE_SLEEVE elapsed=264.168s
2026-08-30T00:56:28+00:00 GATE_SKIP id=OAFX1424 window=IS reason=SINGLE_SLEEVE_INFERIOR decision=SCREEN_OUT_SINGLE_SLEEVE net=60498.0 PF=1.1968 DD=24.4046%
2026-08-30T00:56:28+00:00 RUN_START id=OAFX1429 family=gj_atr_trailing window=SCREEN_IS terminal=PROD run=oafx_screen_is_oafx1429_20260830095628_7b412b
2026-08-30T00:56:30+00:00 RUN_HEARTBEAT terminal=BT1 pid=41132 elapsed=66s
2026-08-30T00:56:30+00:00 WAIT_LAUNCH_SLOT terminal=PROD seconds=3.1
2026-08-30T00:56:34+00:00 RUN_HEARTBEAT terminal=PROD pid=14176 elapsed=0s
2026-08-30T00:56:46+00:00 RUN_HEARTBEAT terminal=BT3 pid=53104 elapsed=197s
2026-08-30T00:57:12+00:00 RUN_HEARTBEAT terminal=BT4 pid=31656 elapsed=130s
2026-08-30T00:57:13+00:00 RUN_END id=OAFX1428 window=SCREEN_IS terminal=BT2 status=FAILED decision=RUN_FAILED elapsed=49.346s
2026-08-30T00:57:13+00:00 RUN_START id=OAFX1430 family=gj_atr_trailing window=SCREEN_IS terminal=BT2 run=oafx_screen_is_oafx1430_20260830095713_e0ae5b
2026-08-30T00:57:15+00:00 RUN_HEARTBEAT terminal=BT2 pid=56020 elapsed=0s
2026-08-30T00:57:17+00:00 RUN_END id=OAFX1420 window=IS terminal=BT3 status=FAILED decision=RUN_FAILED elapsed=230.997s
2026-08-30T00:57:17+00:00 RUN_START id=OAFX1431 family=gj_atr_trailing window=SCREEN_IS terminal=BT3 run=oafx_screen_is_oafx1431_20260830095717_5d4de6
2026-08-30T00:57:18+00:00 WAIT_LAUNCH_SLOT terminal=BT3 seconds=4.0
2026-08-30T00:57:22+00:00 RUN_END id=OAFX1429 window=SCREEN_IS terminal=PROD status=FAILED decision=RUN_FAILED elapsed=53.749s
2026-08-30T00:57:22+00:00 RUN_START id=OAFX1432 family=gj_atr_trailing window=SCREEN_IS terminal=PROD run=oafx_screen_is_oafx1432_20260830095722_4fdc39
2026-08-30T00:57:23+00:00 RUN_HEARTBEAT terminal=BT3 pid=56168 elapsed=0s
2026-08-30T00:57:23+00:00 WAIT_LAUNCH_SLOT terminal=PROD seconds=6.7
2026-08-30T00:57:31+00:00 RUN_HEARTBEAT terminal=PROD pid=54576 elapsed=0s
2026-08-30T00:57:34+00:00 RUN_HEARTBEAT terminal=BT1 pid=41132 elapsed=130s
2026-08-30T00:58:18+00:00 RUN_END id=OAFX1426 window=SCREEN_IS terminal=BT4 status=OK decision=SCREEN_OUT_SINGLE_SLEEVE elapsed=197.917s
2026-08-30T00:58:18+00:00 GATE_SKIP id=OAFX1426 window=IS reason=SINGLE_SLEEVE_INFERIOR decision=SCREEN_OUT_SINGLE_SLEEVE net=65774.0 PF=1.1989 DD=32.5152%
2026-08-30T00:58:18+00:00 RUN_START id=OAFX1433 family=gj_atr_trailing window=SCREEN_IS terminal=BT4 run=oafx_screen_is_oafx1433_20260830095818_ea66bf
2026-08-30T00:58:21+00:00 RUN_HEARTBEAT terminal=BT4 pid=27956 elapsed=0s
2026-08-30T00:58:21+00:00 RUN_HEARTBEAT terminal=BT2 pid=56020 elapsed=66s
2026-08-30T00:58:28+00:00 RUN_HEARTBEAT terminal=BT3 pid=56168 elapsed=65s
2026-08-30T00:58:38+00:00 RUN_HEARTBEAT terminal=PROD pid=54576 elapsed=66s
2026-08-30T00:58:39+00:00 RUN_HEARTBEAT terminal=BT1 pid=41132 elapsed=195s
2026-08-30T00:59:27+00:00 RUN_HEARTBEAT terminal=BT2 pid=56020 elapsed=131s
2026-08-30T00:59:27+00:00 RUN_HEARTBEAT terminal=BT4 pid=27956 elapsed=66s
2026-08-30T00:59:36+00:00 RUN_HEARTBEAT terminal=BT3 pid=56168 elapsed=132s
2026-08-30T00:59:44+00:00 RUN_HEARTBEAT terminal=PROD pid=54576 elapsed=132s
2026-08-30T00:59:44+00:00 RUN_HEARTBEAT terminal=BT1 pid=41132 elapsed=260s
2026-08-30T01:00:00+00:00 RUN_END id=OAFX1430 window=SCREEN_IS terminal=BT2 status=OK decision=SCREEN_PASS_STRICT elapsed=167.218s
2026-08-30T01:00:00+00:00 RUN_START id=OAFX1430 family=gj_atr_trailing window=IS terminal=BT2 run=oafx_is_oafx1430_20260830100000_94fa1d
2026-08-30T01:00:00+00:00 RUN_END id=OAFX1427 window=SCREEN_IS terminal=BT1 status=OK decision=SCREEN_OUT_SINGLE_SLEEVE elapsed=278.602s
2026-08-30T01:00:00+00:00 GATE_SKIP id=OAFX1427 window=IS reason=SINGLE_SLEEVE_INFERIOR decision=SCREEN_OUT_SINGLE_SLEEVE net=83704.0 PF=1.2434 DD=24.0045%
2026-08-30T01:00:00+00:00 RUN_START id=OAFX1434 family=gj_atr_trailing window=SCREEN_IS terminal=BT1 run=oafx_screen_is_oafx1434_20260830100000_1f9a24
2026-08-30T01:00:01+00:00 WAIT_LAUNCH_SLOT terminal=BT1 seconds=8.0
2026-08-30T01:00:03+00:00 RUN_HEARTBEAT terminal=BT2 pid=47512 elapsed=0s
2026-08-30T01:00:11+00:00 RUN_HEARTBEAT terminal=BT1 pid=50864 elapsed=0s
2026-08-30T01:00:33+00:00 RUN_HEARTBEAT terminal=BT4 pid=27956 elapsed=132s
2026-08-30T01:00:43+00:00 RUN_HEARTBEAT terminal=BT3 pid=56168 elapsed=200s
2026-08-30T01:00:49+00:00 RUN_HEARTBEAT terminal=PROD pid=54576 elapsed=198s
2026-08-30T01:01:00+00:00 RUN_END id=OAFX1431 window=SCREEN_IS terminal=BT3 status=OK decision=SCREEN_OUT_SINGLE_SLEEVE elapsed=222.563s
2026-08-30T01:01:00+00:00 GATE_SKIP id=OAFX1431 window=IS reason=SINGLE_SLEEVE_INFERIOR decision=SCREEN_OUT_SINGLE_SLEEVE net=50474.0 PF=1.153 DD=20.6886%
2026-08-30T01:01:00+00:00 RUN_START id=OAFX1435 family=gj_atr_trailing window=SCREEN_IS terminal=BT3 run=oafx_screen_is_oafx1435_20260830100100_2a9e8f
2026-08-30T01:01:02+00:00 RUN_HEARTBEAT terminal=BT3 pid=9144 elapsed=0s
2026-08-30T01:01:07+00:00 RUN_HEARTBEAT terminal=BT2 pid=47512 elapsed=64s
2026-08-30T01:01:16+00:00 RUN_HEARTBEAT terminal=BT1 pid=50864 elapsed=65s
2026-08-30T01:01:38+00:00 WAIT_MT5_IDLE terminal=PROD elapsed=1s pids=[53480]
2026-08-30T01:01:38+00:00 RUN_END id=OAFX1433 window=SCREEN_IS terminal=BT4 status=OK decision=SCREEN_OUT_SINGLE_SLEEVE elapsed=200.021s
2026-08-30T01:01:38+00:00 GATE_SKIP id=OAFX1433 window=IS reason=SINGLE_SLEEVE_INFERIOR decision=SCREEN_OUT_SINGLE_SLEEVE net=43025.0 PF=1.1304 DD=28.44%
2026-08-30T01:01:38+00:00 RUN_START id=OAFX1436 family=gj_atr_trailing window=SCREEN_IS terminal=BT4 run=oafx_screen_is_oafx1436_20260830100138_bbf7e8
2026-08-30T01:01:40+00:00 RUN_HEARTBEAT terminal=BT4 pid=52792 elapsed=0s
2026-08-30T01:02:06+00:00 RUN_HEARTBEAT terminal=BT3 pid=9144 elapsed=64s
2026-08-30T01:02:11+00:00 RUN_HEARTBEAT terminal=BT2 pid=47512 elapsed=129s
2026-08-30T01:02:20+00:00 RUN_END id=OAFX1434 window=SCREEN_IS terminal=BT1 status=FAILED decision=RUN_FAILED elapsed=139.268s
2026-08-30T01:02:20+00:00 RUN_START id=OAFX1437 family=gj_atr_trailing window=SCREEN_IS terminal=BT1 run=oafx_screen_is_oafx1437_20260830100220_cd14a8
2026-08-30T01:02:21+00:00 RUN_END id=OAFX1435 window=SCREEN_IS terminal=BT3 status=FAILED decision=RUN_FAILED elapsed=81.256s
2026-08-30T01:02:21+00:00 RUN_START id=OAFX1438 family=gj_atr_trailing window=SCREEN_IS terminal=BT3 run=oafx_screen_is_oafx1438_20260830100221_054adb
2026-08-30T01:02:21+00:00 RUN_HEARTBEAT terminal=BT1 pid=56828 elapsed=0s
2026-08-30T01:02:22+00:00 WAIT_LAUNCH_SLOT terminal=BT3 seconds=6.7
2026-08-30T01:02:26+00:00 RUN_END id=OAFX1430 window=IS terminal=BT2 status=FAILED decision=RUN_FAILED elapsed=145.762s
2026-08-30T01:02:26+00:00 RUN_START id=OAFX1439 family=gj_atr_trailing window=SCREEN_IS terminal=BT2 run=oafx_screen_is_oafx1439_20260830100226_031ef8
2026-08-30T01:02:27+00:00 WAIT_LAUNCH_SLOT terminal=BT2 seconds=9.5
2026-08-30T01:02:27+00:00 RUN_END id=OAFX1436 window=SCREEN_IS terminal=BT4 status=FAILED decision=RUN_FAILED elapsed=49.129s
2026-08-30T01:02:27+00:00 RUN_START id=OAFX1440 family=gj_atr_trailing window=SCREEN_IS terminal=BT4 run=oafx_screen_is_oafx1440_20260830100227_242409
2026-08-30T01:02:28+00:00 WAIT_LAUNCH_SLOT terminal=BT4 seconds=16.2
2026-08-30T01:02:29+00:00 RUN_HEARTBEAT terminal=BT3 pid=45624 elapsed=0s
2026-08-30T01:02:37+00:00 RUN_HEARTBEAT terminal=BT2 pid=54460 elapsed=0s
2026-08-30T01:02:42+00:00 WAIT_MT5_IDLE terminal=PROD elapsed=65s pids=[53480]
2026-08-30T01:02:46+00:00 RUN_HEARTBEAT terminal=BT4 pid=51684 elapsed=0s
2026-08-30T01:03:27+00:00 RUN_HEARTBEAT terminal=BT1 pid=56828 elapsed=66s
2026-08-30T01:03:34+00:00 RUN_HEARTBEAT terminal=BT3 pid=45624 elapsed=65s
2026-08-30T01:03:43+00:00 RUN_HEARTBEAT terminal=BT2 pid=54460 elapsed=66s
2026-08-30T01:03:47+00:00 WAIT_MT5_IDLE terminal=PROD elapsed=130s pids=[53480]
2026-08-30T01:03:50+00:00 RUN_HEARTBEAT terminal=BT4 pid=51684 elapsed=65s
2026-08-30T01:04:32+00:00 RUN_HEARTBEAT terminal=BT1 pid=56828 elapsed=130s
2026-08-30T01:04:39+00:00 RUN_HEARTBEAT terminal=BT3 pid=45624 elapsed=129s
2026-08-30T01:04:48+00:00 RUN_HEARTBEAT terminal=BT2 pid=54460 elapsed=130s
2026-08-30T01:04:51+00:00 WAIT_MT5_IDLE terminal=PROD elapsed=194s pids=[53480]
2026-08-30T01:04:55+00:00 RUN_HEARTBEAT terminal=BT4 pid=51684 elapsed=129s
2026-08-30T01:05:04+00:00 RUN_END id=OAFX1437 window=SCREEN_IS terminal=BT1 status=OK decision=SCREEN_OUT_SINGLE_SLEEVE elapsed=164.687s
2026-08-30T01:05:04+00:00 GATE_SKIP id=OAFX1437 window=IS reason=SINGLE_SLEEVE_INFERIOR decision=SCREEN_OUT_SINGLE_SLEEVE net=81561.0 PF=1.2319 DD=25.2781%
2026-08-30T01:05:04+00:00 RUN_START id=OAFX1441 family=gj_atr_trailing window=SCREEN_IS terminal=BT1 run=oafx_screen_is_oafx1441_20260830100504_8ae616
2026-08-30T01:05:06+00:00 RUN_HEARTBEAT terminal=BT1 pid=53364 elapsed=0s
2026-08-30T01:05:11+00:00 RUN_END id=OAFX1438 window=SCREEN_IS terminal=BT3 status=OK decision=SCREEN_OUT_SINGLE_SLEEVE elapsed=170.012s
2026-08-30T01:05:11+00:00 GATE_SKIP id=OAFX1438 window=IS reason=SINGLE_SLEEVE_INFERIOR decision=SCREEN_OUT_SINGLE_SLEEVE net=77914.0 PF=1.2148 DD=25.3715%
2026-08-30T01:05:11+00:00 RUN_START id=OAFX1442 family=gj_atr_trailing window=SCREEN_IS terminal=BT3 run=oafx_screen_is_oafx1442_20260830100511_82161f
2026-08-30T01:05:12+00:00 WAIT_LAUNCH_SLOT terminal=BT3 seconds=1.4
2026-08-30T01:05:14+00:00 RUN_HEARTBEAT terminal=BT3 pid=42296 elapsed=0s
2026-08-30T01:05:53+00:00 RUN_HEARTBEAT terminal=BT2 pid=54460 elapsed=195s
2026-08-30T01:05:56+00:00 WAIT_MT5_IDLE terminal=PROD elapsed=258s pids=[53480]
2026-08-30T01:05:59+00:00 RUN_HEARTBEAT terminal=BT4 pid=51684 elapsed=194s
2026-08-30T01:06:11+00:00 RUN_HEARTBEAT terminal=BT1 pid=53364 elapsed=64s
2026-08-30T01:06:19+00:00 RUN_HEARTBEAT terminal=BT3 pid=42296 elapsed=64s
2026-08-30T01:06:25+00:00 RUN_END id=OAFX1439 window=SCREEN_IS terminal=BT2 status=OK decision=SCREEN_NOISE_BAND elapsed=238.877s
2026-08-30T01:06:25+00:00 GATE_SKIP id=OAFX1439 window=IS reason=SINGLE_SLEEVE_INFERIOR decision=SCREEN_NOISE_BAND net=96681.0 PF=1.2596 DD=19.0362%
2026-08-30T01:06:25+00:00 RUN_START id=OAFX1443 family=gj_atr_trailing window=SCREEN_IS terminal=BT2 run=oafx_screen_is_oafx1443_20260830100625_60c48f
2026-08-30T01:06:27+00:00 RUN_HEARTBEAT terminal=BT2 pid=54484 elapsed=0s
2026-08-30T01:06:44+00:00 KILL_ORPHAN_TESTER terminal=PROD pids=[53480] orphan_seconds=305
2026-08-30T01:06:47+00:00 RUN_END id=OAFX1440 window=SCREEN_IS terminal=BT4 status=OK decision=SCREEN_PASS_STRICT elapsed=259.799s
2026-08-30T01:06:47+00:00 RUN_START id=OAFX1440 family=gj_atr_trailing window=IS terminal=BT4 run=oafx_is_oafx1440_20260830100647_decf37
2026-08-30T01:06:49+00:00 RUN_HEARTBEAT terminal=BT4 pid=47576 elapsed=0s
2026-08-30T01:07:00+00:00 RUN_END id=OAFX1432 window=SCREEN_IS terminal=PROD status=OK decision=SCREEN_OUT_SINGLE_SLEEVE elapsed=578.246s
2026-08-30T01:07:00+00:00 GATE_SKIP id=OAFX1432 window=IS reason=SINGLE_SLEEVE_INFERIOR decision=SCREEN_OUT_SINGLE_SLEEVE net=44996.0 PF=1.1364 DD=23.4737%
2026-08-30T01:07:00+00:00 RUN_START id=OAFX1444 family=gj_atr_trailing window=SCREEN_IS terminal=PROD run=oafx_screen_is_oafx1444_20260830100700_887ac5
2026-08-30T01:07:03+00:00 RUN_HEARTBEAT terminal=PROD pid=4716 elapsed=0s
2026-08-30T01:07:17+00:00 RUN_HEARTBEAT terminal=BT1 pid=53364 elapsed=130s
2026-08-30T01:07:23+00:00 RUN_HEARTBEAT terminal=BT3 pid=42296 elapsed=129s
2026-08-30T01:07:33+00:00 RUN_HEARTBEAT terminal=BT2 pid=54484 elapsed=66s
2026-08-30T01:07:33+00:00 RUN_END id=OAFX1441 window=SCREEN_IS terminal=BT1 status=OK decision=SCREEN_OUT_SINGLE_SLEEVE elapsed=148.462s
2026-08-30T01:07:33+00:00 GATE_SKIP id=OAFX1441 window=IS reason=SINGLE_SLEEVE_INFERIOR decision=SCREEN_OUT_SINGLE_SLEEVE net=56833.0 PF=1.1613 DD=22.4636%
2026-08-30T01:07:33+00:00 RUN_START id=OAFX1445 family=gj_atr_trailing window=SCREEN_IS terminal=BT1 run=oafx_screen_is_oafx1445_20260830100733_0a9272
2026-08-30T01:07:35+00:00 RUN_HEARTBEAT terminal=BT1 pid=35208 elapsed=0s
2026-08-30T01:07:39+00:00 RUN_END id=OAFX1442 window=SCREEN_IS terminal=BT3 status=OK decision=SCREEN_OUT_SINGLE_SLEEVE elapsed=148.148s
2026-08-30T01:07:39+00:00 GATE_SKIP id=OAFX1442 window=IS reason=SINGLE_SLEEVE_INFERIOR decision=SCREEN_OUT_SINGLE_SLEEVE net=50151.0 PF=1.1424 DD=23.3003%
2026-08-30T01:07:39+00:00 RUN_START id=OAFX1446 family=gj_atr_trailing window=SCREEN_IS terminal=BT3 run=oafx_screen_is_oafx1446_20260830100739_be2a3c
2026-08-30T01:07:40+00:00 WAIT_LAUNCH_SLOT terminal=BT3 seconds=1.8
2026-08-30T01:07:43+00:00 RUN_HEARTBEAT terminal=BT3 pid=46780 elapsed=0s
2026-08-30T01:07:55+00:00 RUN_HEARTBEAT terminal=BT4 pid=47576 elapsed=65s
2026-08-30T01:08:09+00:00 RUN_HEARTBEAT terminal=PROD pid=4716 elapsed=66s
2026-08-30T01:08:41+00:00 RUN_HEARTBEAT terminal=BT1 pid=35208 elapsed=65s
2026-08-30T01:08:41+00:00 RUN_HEARTBEAT terminal=BT2 pid=54484 elapsed=133s
2026-08-30T01:08:49+00:00 RUN_HEARTBEAT terminal=BT3 pid=46780 elapsed=65s
2026-08-30T01:08:59+00:00 RUN_HEARTBEAT terminal=BT4 pid=47576 elapsed=130s
2026-08-30T01:09:15+00:00 RUN_HEARTBEAT terminal=PROD pid=4716 elapsed=131s
2026-08-30T01:09:31+00:00 RUN_END id=OAFX1440 window=IS terminal=BT4 status=FAILED decision=RUN_FAILED elapsed=163.340s
2026-08-30T01:09:31+00:00 RUN_START id=OAFX1447 family=gj_atr_trailing window=SCREEN_IS terminal=BT4 run=oafx_screen_is_oafx1447_20260830100931_043720
2026-08-30T01:09:33+00:00 RUN_HEARTBEAT terminal=BT4 pid=51980 elapsed=0s
2026-08-30T01:09:50+00:00 RUN_HEARTBEAT terminal=BT1 pid=35208 elapsed=133s
2026-08-30T01:09:50+00:00 RUN_HEARTBEAT terminal=BT2 pid=54484 elapsed=201s
2026-08-30T01:09:56+00:00 RUN_HEARTBEAT terminal=BT3 pid=46780 elapsed=131s
2026-08-30T01:10:06+00:00 RUN_END id=OAFX1445 window=SCREEN_IS terminal=BT1 status=OK decision=SCREEN_OUT_SINGLE_SLEEVE elapsed=153.255s
2026-08-30T01:10:06+00:00 GATE_SKIP id=OAFX1445 window=IS reason=SINGLE_SLEEVE_INFERIOR decision=SCREEN_OUT_SINGLE_SLEEVE net=68586.0 PF=1.194 DD=24.6363%
2026-08-30T01:10:06+00:00 RUN_START id=OAFX1448 family=gj_atr_trailing window=SCREEN_IS terminal=BT1 run=oafx_screen_is_oafx1448_20260830101006_5ab044
2026-08-30T01:10:08+00:00 RUN_HEARTBEAT terminal=BT1 pid=23600 elapsed=0s
2026-08-30T01:10:22+00:00 RUN_HEARTBEAT terminal=PROD pid=4716 elapsed=199s
2026-08-30T01:10:23+00:00 RUN_END id=OAFX1443 window=SCREEN_IS terminal=BT2 status=OK decision=SCREEN_OUT_SINGLE_SLEEVE elapsed=237.522s
2026-08-30T01:10:23+00:00 GATE_SKIP id=OAFX1443 window=IS reason=SINGLE_SLEEVE_INFERIOR decision=SCREEN_OUT_SINGLE_SLEEVE net=39575.0 PF=1.1124 DD=27.596%
2026-08-30T01:10:23+00:00 RUN_START id=OAFX1449 family=gj_atr_trailing window=SCREEN_IS terminal=BT2 run=oafx_screen_is_oafx1449_20260830101023_4366c5
2026-08-30T01:10:25+00:00 RUN_HEARTBEAT terminal=BT2 pid=52648 elapsed=0s
2026-08-30T01:10:39+00:00 RUN_HEARTBEAT terminal=BT4 pid=51980 elapsed=66s
2026-08-30T01:10:44+00:00 RUN_END id=OAFX1446 window=SCREEN_IS terminal=BT3 status=OK decision=SCREEN_OUT_SINGLE_SLEEVE elapsed=185.448s
2026-08-30T01:10:44+00:00 GATE_SKIP id=OAFX1446 window=IS reason=SINGLE_SLEEVE_INFERIOR decision=SCREEN_OUT_SINGLE_SLEEVE net=65766.0 PF=1.1843 DD=28.3941%
2026-08-30T01:10:44+00:00 RUN_START id=OAFX1450 family=gj_atr_trailing window=SCREEN_IS terminal=BT3 run=oafx_screen_is_oafx1450_20260830101044_4ad202
2026-08-30T01:10:47+00:00 RUN_HEARTBEAT terminal=BT3 pid=28388 elapsed=0s
2026-08-30T01:11:14+00:00 RUN_HEARTBEAT terminal=BT1 pid=23600 elapsed=65s
2026-08-30T01:11:29+00:00 RUN_END id=OAFX1444 window=SCREEN_IS terminal=PROD status=OK decision=SCREEN_OUT_SINGLE_SLEEVE elapsed=268.593s
2026-08-30T01:11:29+00:00 GATE_SKIP id=OAFX1444 window=IS reason=SINGLE_SLEEVE_INFERIOR decision=SCREEN_OUT_SINGLE_SLEEVE net=58695.0 PF=1.1666 DD=24.8355%
2026-08-30T01:11:29+00:00 RUN_START id=OAFX1451 family=gj_atr_trailing window=SCREEN_IS terminal=PROD run=oafx_screen_is_oafx1451_20260830101129_cfd624
2026-08-30T01:11:30+00:00 RUN_HEARTBEAT terminal=BT2 pid=52648 elapsed=65s
2026-08-30T01:11:31+00:00 RUN_HEARTBEAT terminal=PROD pid=47780 elapsed=0s
2026-08-30T01:11:45+00:00 RUN_HEARTBEAT terminal=BT4 pid=51980 elapsed=132s
2026-08-30T01:11:52+00:00 RUN_HEARTBEAT terminal=BT3 pid=28388 elapsed=65s
2026-08-30T01:12:19+00:00 RUN_HEARTBEAT terminal=BT1 pid=23600 elapsed=131s
2026-08-30T01:12:35+00:00 RUN_HEARTBEAT terminal=BT2 pid=52648 elapsed=130s
2026-08-30T01:12:36+00:00 RUN_HEARTBEAT terminal=PROD pid=47780 elapsed=65s
2026-08-30T01:12:52+00:00 RUN_HEARTBEAT terminal=BT4 pid=51980 elapsed=198s
2026-08-30T01:12:52+00:00 RUN_END id=OAFX1448 window=SCREEN_IS terminal=BT1 status=OK decision=SCREEN_OUT_SINGLE_SLEEVE elapsed=165.673s
2026-08-30T01:12:52+00:00 GATE_SKIP id=OAFX1448 window=IS reason=SINGLE_SLEEVE_INFERIOR decision=SCREEN_OUT_SINGLE_SLEEVE net=73786.0 PF=1.1993 DD=26.3647%
2026-08-30T01:12:52+00:00 RUN_START id=OAFX1452 family=gj_atr_trailing window=SCREEN_IS terminal=BT1 run=oafx_screen_is_oafx1452_20260830101252_c7461e
2026-08-30T01:12:54+00:00 RUN_HEARTBEAT terminal=BT1 pid=42268 elapsed=0s
2026-08-30T01:12:59+00:00 RUN_HEARTBEAT terminal=BT3 pid=28388 elapsed=132s
2026-08-30T01:13:08+00:00 RUN_END id=OAFX1449 window=SCREEN_IS terminal=BT2 status=OK decision=SCREEN_OUT_SINGLE_SLEEVE elapsed=165.387s
2026-08-30T01:13:08+00:00 GATE_SKIP id=OAFX1449 window=IS reason=SINGLE_SLEEVE_INFERIOR decision=SCREEN_OUT_SINGLE_SLEEVE net=94165.0 PF=1.2508 DD=19.5354%
2026-08-30T01:13:08+00:00 RUN_START id=OAFX1453 family=gj_atr_trailing window=SCREEN_IS terminal=BT2 run=oafx_screen_is_oafx1453_20260830101308_34aa31
2026-08-30T01:13:10+00:00 RUN_HEARTBEAT terminal=BT2 pid=46632 elapsed=0s
2026-08-30T01:13:42+00:00 RUN_HEARTBEAT terminal=PROD pid=47780 elapsed=130s
2026-08-30T01:13:57+00:00 RUN_END id=OAFX1447 window=SCREEN_IS terminal=BT4 status=OK decision=SCREEN_OUT_SINGLE_SLEEVE elapsed=266.485s
2026-08-30T01:13:57+00:00 GATE_SKIP id=OAFX1447 window=IS reason=SINGLE_SLEEVE_INFERIOR decision=SCREEN_OUT_SINGLE_SLEEVE net=76487.0 PF=1.2104 DD=24.6384%
2026-08-30T01:13:57+00:00 RUN_START id=OAFX1454 family=gj_atr_trailing window=SCREEN_IS terminal=BT4 run=oafx_screen_is_oafx1454_20260830101357_0f83a3
2026-08-30T01:13:59+00:00 RUN_HEARTBEAT terminal=BT1 pid=42268 elapsed=65s
2026-08-30T01:14:00+00:00 RUN_HEARTBEAT terminal=BT4 pid=31336 elapsed=0s
2026-08-30T01:14:04+00:00 RUN_HEARTBEAT terminal=BT3 pid=28388 elapsed=197s
2026-08-30T01:14:16+00:00 RUN_HEARTBEAT terminal=BT2 pid=46632 elapsed=65s
2026-08-30T01:14:50+00:00 RUN_HEARTBEAT terminal=PROD pid=47780 elapsed=198s
2026-08-30T01:15:06+00:00 RUN_HEARTBEAT terminal=BT4 pid=31336 elapsed=66s
2026-08-30T01:15:06+00:00 RUN_HEARTBEAT terminal=BT1 pid=42268 elapsed=132s
2026-08-30T01:15:10+00:00 RUN_END id=OAFX1450 window=SCREEN_IS terminal=BT3 status=OK decision=SCREEN_PASS_STRICT elapsed=265.221s
2026-08-30T01:15:10+00:00 RUN_START id=OAFX1450 family=gj_atr_trailing window=IS terminal=BT3 run=oafx_is_oafx1450_20260830101510_8b222c
2026-08-30T01:15:12+00:00 RUN_HEARTBEAT terminal=BT3 pid=23820 elapsed=0s
2026-08-30T01:15:23+00:00 RUN_HEARTBEAT terminal=BT2 pid=46632 elapsed=132s
2026-08-30T01:15:23+00:00 RUN_END id=OAFX1452 window=SCREEN_IS terminal=BT1 status=OK decision=SCREEN_OUT_SINGLE_SLEEVE elapsed=150.949s
2026-08-30T01:15:23+00:00 GATE_SKIP id=OAFX1452 window=IS reason=SINGLE_SLEEVE_INFERIOR decision=SCREEN_OUT_SINGLE_SLEEVE net=46898.0 PF=1.1285 DD=25.6692%
2026-08-30T01:15:23+00:00 RUN_START id=OAFX1455 family=gj_atr_trailing window=SCREEN_IS terminal=BT1 run=oafx_screen_is_oafx1455_20260830101523_363009
2026-08-30T01:15:25+00:00 RUN_HEARTBEAT terminal=BT1 pid=56280 elapsed=0s
2026-08-30T01:15:39+00:00 RUN_END id=OAFX1451 window=SCREEN_IS terminal=PROD status=OK decision=SCREEN_OUT_SINGLE_SLEEVE elapsed=250.160s
2026-08-30T01:15:39+00:00 GATE_SKIP id=OAFX1451 window=IS reason=SINGLE_SLEEVE_INFERIOR decision=SCREEN_OUT_SINGLE_SLEEVE net=47266.0 PF=1.1295 DD=23.8889%
2026-08-30T01:15:39+00:00 RUN_START id=OAFX1456 family=gj_atr_trailing window=SCREEN_IS terminal=PROD run=oafx_screen_is_oafx1456_20260830101539_3bf304
2026-08-30T01:15:42+00:00 RUN_HEARTBEAT terminal=PROD pid=12780 elapsed=0s
2026-08-30T01:16:13+00:00 RUN_HEARTBEAT terminal=BT4 pid=31336 elapsed=133s
2026-08-30T01:16:18+00:00 RUN_HEARTBEAT terminal=BT3 pid=23820 elapsed=65s
2026-08-30T01:16:29+00:00 RUN_HEARTBEAT terminal=BT2 pid=46632 elapsed=199s
2026-08-30T01:16:31+00:00 RUN_HEARTBEAT terminal=BT1 pid=56280 elapsed=66s
2026-08-30T01:16:46+00:00 RUN_END id=OAFX1453 window=SCREEN_IS terminal=BT2 status=OK decision=SCREEN_OUT_SINGLE_SLEEVE elapsed=217.939s
2026-08-30T01:16:46+00:00 GATE_SKIP id=OAFX1453 window=IS reason=SINGLE_SLEEVE_INFERIOR decision=SCREEN_OUT_SINGLE_SLEEVE net=40554.0 PF=1.1111 DD=29.6255%
2026-08-30T01:16:46+00:00 RUN_START id=OAFX1457 family=gj_atr_trailing window=SCREEN_IS terminal=BT2 run=oafx_screen_is_oafx1457_20260830101646_d1ab1d
2026-08-30T01:16:47+00:00 RUN_HEARTBEAT terminal=PROD pid=12780 elapsed=66s
2026-08-30T01:16:48+00:00 RUN_HEARTBEAT terminal=BT2 pid=31968 elapsed=0s
2026-08-30T01:17:19+00:00 RUN_HEARTBEAT terminal=BT4 pid=31336 elapsed=199s
2026-08-30T01:17:25+00:00 RUN_HEARTBEAT terminal=BT3 pid=23820 elapsed=132s
2026-08-30T01:17:36+00:00 RUN_HEARTBEAT terminal=BT1 pid=56280 elapsed=131s
2026-08-30T01:17:52+00:00 RUN_HEARTBEAT terminal=PROD pid=12780 elapsed=131s
2026-08-30T01:17:53+00:00 RUN_HEARTBEAT terminal=BT2 pid=31968 elapsed=65s
2026-08-30T01:18:25+00:00 RUN_END id=OAFX1454 window=SCREEN_IS terminal=BT4 status=OK decision=SCREEN_OUT_SINGLE_SLEEVE elapsed=267.886s
2026-08-30T01:18:25+00:00 GATE_SKIP id=OAFX1454 window=IS reason=SINGLE_SLEEVE_INFERIOR decision=SCREEN_OUT_SINGLE_SLEEVE net=59798.0 PF=1.1639 DD=27.0649%
2026-08-30T01:18:25+00:00 RUN_START id=OAFX1458 family=gj_atr_trailing window=SCREEN_IS terminal=BT4 run=oafx_screen_is_oafx1458_20260830101825_fcfebf
2026-08-30T01:18:27+00:00 RUN_HEARTBEAT terminal=BT4 pid=49136 elapsed=0s
2026-08-30T01:18:30+00:00 RUN_HEARTBEAT terminal=BT3 pid=23820 elapsed=198s
2026-08-30T01:18:42+00:00 RUN_HEARTBEAT terminal=BT1 pid=56280 elapsed=196s
2026-08-30T01:18:59+00:00 RUN_HEARTBEAT terminal=PROD pid=12780 elapsed=197s
2026-08-30T01:18:59+00:00 RUN_HEARTBEAT terminal=BT2 pid=31968 elapsed=130s
2026-08-30T01:19:33+00:00 RUN_HEARTBEAT terminal=BT4 pid=49136 elapsed=66s
2026-08-30T01:19:36+00:00 RUN_HEARTBEAT terminal=BT3 pid=23820 elapsed=264s
2026-08-30T01:19:50+00:00 RUN_END id=OAFX1455 window=SCREEN_IS terminal=BT1 status=OK decision=SCREEN_OUT_SINGLE_SLEEVE elapsed=266.938s
2026-08-30T01:19:50+00:00 GATE_SKIP id=OAFX1455 window=IS reason=SINGLE_SLEEVE_INFERIOR decision=SCREEN_OUT_SINGLE_SLEEVE net=69872.0 PF=1.1914 DD=26.4532%
2026-08-30T01:19:50+00:00 RUN_START id=OAFX1459 family=gj_atr_trailing window=SCREEN_IS terminal=BT1 run=oafx_screen_is_oafx1459_20260830101950_62c5ea
2026-08-30T01:19:52+00:00 RUN_HEARTBEAT terminal=BT1 pid=54904 elapsed=0s
2026-08-30T01:20:07+00:00 RUN_HEARTBEAT terminal=PROD pid=12780 elapsed=264s
2026-08-30T01:20:07+00:00 RUN_HEARTBEAT terminal=BT2 pid=31968 elapsed=197s
2026-08-30T01:20:40+00:00 RUN_HEARTBEAT terminal=BT4 pid=49136 elapsed=132s
2026-08-30T01:20:40+00:00 RUN_END id=OAFX1456 window=SCREEN_IS terminal=PROD status=OK decision=SCREEN_OUT_SINGLE_SLEEVE elapsed=300.947s
2026-08-30T01:20:40+00:00 GATE_SKIP id=OAFX1456 window=IS reason=SINGLE_SLEEVE_INFERIOR decision=SCREEN_OUT_SINGLE_SLEEVE net=64903.0 PF=1.1768 DD=29.3384%
2026-08-30T01:20:40+00:00 RUN_START id=OAFX1460 family=gj_atr_trailing window=SCREEN_IS terminal=PROD run=oafx_screen_is_oafx1460_20260830102040_7d307e
2026-08-30T01:20:40+00:00 RUN_HEARTBEAT terminal=BT3 pid=23820 elapsed=329s
2026-08-30T01:20:42+00:00 RUN_HEARTBEAT terminal=PROD pid=24204 elapsed=0s
2026-08-30T01:20:57+00:00 RUN_HEARTBEAT terminal=BT1 pid=54904 elapsed=65s
2026-08-30T01:21:14+00:00 RUN_HEARTBEAT terminal=BT2 pid=31968 elapsed=265s
2026-08-30T01:21:30+00:00 RUN_END id=OAFX1457 window=SCREEN_IS terminal=BT2 status=OK decision=SCREEN_OUT_SINGLE_SLEEVE elapsed=284.311s
2026-08-30T01:21:30+00:00 GATE_SKIP id=OAFX1457 window=IS reason=SINGLE_SLEEVE_INFERIOR decision=SCREEN_OUT_SINGLE_SLEEVE net=73247.0 PF=1.1975 DD=26.4281%
2026-08-30T01:21:30+00:00 RUN_START id=OAFX1461 family=gj_atr_trailing window=SCREEN_IS terminal=BT2 run=oafx_screen_is_oafx1461_20260830102130_18ea24
2026-08-30T01:21:33+00:00 RUN_HEARTBEAT terminal=BT2 pid=42312 elapsed=0s
2026-08-30T01:21:47+00:00 RUN_HEARTBEAT terminal=PROD pid=24204 elapsed=64s
2026-08-30T01:21:47+00:00 RUN_HEARTBEAT terminal=BT4 pid=49136 elapsed=199s
2026-08-30T01:21:47+00:00 RUN_HEARTBEAT terminal=BT3 pid=23820 elapsed=395s
2026-08-30T01:22:04+00:00 RUN_HEARTBEAT terminal=BT1 pid=54904 elapsed=132s
2026-08-30T01:22:39+00:00 RUN_HEARTBEAT terminal=BT2 pid=42312 elapsed=65s
2026-08-30T01:22:57+00:00 RUN_HEARTBEAT terminal=BT3 pid=23820 elapsed=463s
2026-08-30T01:22:57+00:00 RUN_HEARTBEAT terminal=BT4 pid=49136 elapsed=268s
2026-08-30T01:22:57+00:00 RUN_HEARTBEAT terminal=PROD pid=24204 elapsed=132s
2026-08-30T01:23:14+00:00 RUN_HEARTBEAT terminal=BT1 pid=54904 elapsed=201s
2026-08-30T01:23:14+00:00 RUN_END id=OAFX1458 window=SCREEN_IS terminal=BT4 status=OK decision=SCREEN_OUT_SINGLE_SLEEVE elapsed=288.917s
2026-08-30T01:23:14+00:00 GATE_SKIP id=OAFX1458 window=IS reason=SINGLE_SLEEVE_INFERIOR decision=SCREEN_OUT_SINGLE_SLEEVE net=81552.0 PF=1.2181 DD=24.5371%
2026-08-30T01:23:14+00:00 RUN_START id=OAFX1462 family=gj_atr_trailing window=SCREEN_IS terminal=BT4 run=oafx_screen_is_oafx1462_20260830102314_e8f3a0
2026-08-30T01:23:16+00:00 RUN_HEARTBEAT terminal=BT4 pid=37248 elapsed=0s
2026-08-30T01:23:48+00:00 RUN_HEARTBEAT terminal=BT2 pid=42312 elapsed=134s
2026-08-30T01:24:04+00:00 RUN_HEARTBEAT terminal=PROD pid=24204 elapsed=202s
2026-08-30T01:24:04+00:00 RUN_HEARTBEAT terminal=BT3 pid=23820 elapsed=532s
2026-08-30T01:24:04+00:00 RUN_END id=OAFX1459 window=SCREEN_IS terminal=BT1 status=OK decision=SCREEN_NOISE_BAND elapsed=254.531s
2026-08-30T01:24:04+00:00 GATE_SKIP id=OAFX1459 window=IS reason=SINGLE_SLEEVE_INFERIOR decision=SCREEN_NOISE_BAND net=92710.0 PF=1.2456 DD=19.4145%
2026-08-30T01:24:04+00:00 RUN_START id=OAFX1463 family=gj_atr_trailing window=SCREEN_IS terminal=BT1 run=oafx_screen_is_oafx1463_20260830102404_900e8b
2026-08-30T01:24:06+00:00 RUN_HEARTBEAT terminal=BT1 pid=54080 elapsed=0s
2026-08-30T01:24:21+00:00 RUN_HEARTBEAT terminal=BT4 pid=37248 elapsed=65s
2026-08-30T01:24:55+00:00 RUN_HEARTBEAT terminal=BT2 pid=42312 elapsed=201s
2026-08-30T01:25:12+00:00 RUN_HEARTBEAT terminal=BT1 pid=54080 elapsed=65s
2026-08-30T01:25:12+00:00 RUN_HEARTBEAT terminal=PROD pid=24204 elapsed=269s
2026-08-30T01:25:12+00:00 RUN_HEARTBEAT terminal=BT3 pid=23820 elapsed=599s
2026-08-30T01:25:28+00:00 RUN_HEARTBEAT terminal=BT4 pid=37248 elapsed=132s
2026-08-30T01:25:28+00:00 RUN_END id=OAFX1460 window=SCREEN_IS terminal=PROD status=OK decision=SCREEN_PASS_STRICT elapsed=288.276s
2026-08-30T01:25:28+00:00 RUN_START id=OAFX1460 family=gj_atr_trailing window=IS terminal=PROD run=oafx_is_oafx1460_20260830102528_ec1da4
2026-08-30T01:25:31+00:00 RUN_HEARTBEAT terminal=PROD pid=47116 elapsed=0s
2026-08-30T01:26:02+00:00 RUN_END id=OAFX1461 window=SCREEN_IS terminal=BT2 status=OK decision=SCREEN_OUT_SINGLE_SLEEVE elapsed=271.366s
2026-08-30T01:26:02+00:00 GATE_SKIP id=OAFX1461 window=IS reason=SINGLE_SLEEVE_INFERIOR decision=SCREEN_OUT_SINGLE_SLEEVE net=65416.0 PF=1.1766 DD=18.4754%
2026-08-30T01:26:02+00:00 RUN_START id=OAFX1464 family=gj_atr_trailing window=SCREEN_IS terminal=BT2 run=oafx_screen_is_oafx1464_20260830102602_ef09f9
2026-08-30T01:26:04+00:00 RUN_HEARTBEAT terminal=BT2 pid=53244 elapsed=0s
2026-08-30T01:26:19+00:00 RUN_HEARTBEAT terminal=BT1 pid=54080 elapsed=131s
2026-08-30T01:26:19+00:00 RUN_HEARTBEAT terminal=BT3 pid=23820 elapsed=666s
2026-08-30T01:26:37+00:00 RUN_HEARTBEAT terminal=BT4 pid=37248 elapsed=200s
2026-08-30T01:26:37+00:00 RUN_HEARTBEAT terminal=PROD pid=47116 elapsed=65s
2026-08-30T01:27:11+00:00 RUN_HEARTBEAT terminal=BT2 pid=53244 elapsed=66s
2026-08-30T01:27:27+00:00 RUN_HEARTBEAT terminal=BT1 pid=54080 elapsed=200s
2026-08-30T01:27:27+00:00 RUN_HEARTBEAT terminal=BT3 pid=23820 elapsed=735s
2026-08-30T01:27:42+00:00 RUN_END id=OAFX1464 window=SCREEN_IS terminal=BT2 status=FAILED decision=RUN_FAILED elapsed=100.700s
2026-08-30T01:27:42+00:00 RUN_START id=OAFX1465 family=gj_atr_trailing window=SCREEN_IS terminal=BT2 run=oafx_screen_is_oafx1465_20260830102742_398e74
2026-08-30T01:27:42+00:00 RUN_END id=OAFX1460 window=IS terminal=PROD status=FAILED decision=RUN_FAILED elapsed=133.860s
2026-08-30T01:27:42+00:00 RUN_START id=OAFX1466 family=gj_atr_trailing window=SCREEN_IS terminal=PROD run=oafx_screen_is_oafx1466_20260830102742_c2bf9f
2026-08-30T01:27:44+00:00 WAIT_LAUNCH_SLOT terminal=PROD seconds=8.0
2026-08-30T01:27:44+00:00 RUN_END id=OAFX1462 window=SCREEN_IS terminal=BT4 status=OK decision=SCREEN_OUT_SINGLE_SLEEVE elapsed=269.791s
2026-08-30T01:27:44+00:00 GATE_SKIP id=OAFX1462 window=IS reason=SINGLE_SLEEVE_INFERIOR decision=SCREEN_OUT_SINGLE_SLEEVE net=58696.0 PF=1.1585 DD=20.8437%
2026-08-30T01:27:44+00:00 RUN_START id=OAFX1467 family=gj_atr_trailing window=SCREEN_IS terminal=BT4 run=oafx_screen_is_oafx1467_20260830102744_52fd0a
2026-08-30T01:27:45+00:00 WAIT_LAUNCH_SLOT terminal=BT4 seconds=14.9
2026-08-30T01:27:45+00:00 RUN_HEARTBEAT terminal=BT2 pid=42796 elapsed=0s
2026-08-30T01:27:53+00:00 RUN_HEARTBEAT terminal=PROD pid=27288 elapsed=0s
2026-08-30T01:28:01+00:00 RUN_HEARTBEAT terminal=BT4 pid=50592 elapsed=0s
2026-08-30T01:28:18+00:00 RUN_END id=OAFX1463 window=SCREEN_IS terminal=BT1 status=OK decision=SCREEN_OUT_SINGLE_SLEEVE elapsed=253.505s
2026-08-30T01:28:18+00:00 GATE_SKIP id=OAFX1463 window=IS reason=SINGLE_SLEEVE_INFERIOR decision=SCREEN_OUT_SINGLE_SLEEVE net=67853.0 PF=1.1832 DD=21.7739%
2026-08-30T01:28:18+00:00 RUN_START id=OAFX1468 family=gj_atr_trailing window=SCREEN_IS terminal=BT1 run=oafx_screen_is_oafx1468_20260830102818_8276ec
2026-08-30T01:28:22+00:00 RUN_HEARTBEAT terminal=BT1 pid=56216 elapsed=0s
2026-08-30T01:28:34+00:00 RUN_HEARTBEAT terminal=BT3 pid=23820 elapsed=802s
2026-08-30T01:28:51+00:00 RUN_HEARTBEAT terminal=BT2 pid=42796 elapsed=66s
2026-08-30T01:28:59+00:00 RUN_HEARTBEAT terminal=PROD pid=27288 elapsed=66s
2026-08-30T01:29:07+00:00 RUN_HEARTBEAT terminal=BT4 pid=50592 elapsed=66s
2026-08-30T01:29:26+00:00 RUN_HEARTBEAT terminal=BT1 pid=56216 elapsed=66s
2026-08-30T01:29:43+00:00 RUN_HEARTBEAT terminal=BT3 pid=23820 elapsed=869s
2026-08-30T01:30:00+00:00 RUN_HEARTBEAT terminal=BT2 pid=42796 elapsed=135s
2026-08-30T01:30:05+00:00 RUN_HEARTBEAT terminal=PROD pid=27288 elapsed=132s
2026-08-30T01:30:17+00:00 RUN_HEARTBEAT terminal=BT4 pid=50592 elapsed=136s
2026-08-30T01:30:33+00:00 RUN_HEARTBEAT terminal=BT1 pid=56216 elapsed=133s
2026-08-30T01:30:34+00:00 RUN_END id=OAFX1465 window=SCREEN_IS terminal=BT2 status=OK decision=SCREEN_OUT_SINGLE_SLEEVE elapsed=171.194s
2026-08-30T01:30:34+00:00 GATE_SKIP id=OAFX1465 window=IS reason=SINGLE_SLEEVE_INFERIOR decision=SCREEN_OUT_SINGLE_SLEEVE net=78321.0 PF=1.2115 DD=24.4276%
2026-08-30T01:30:34+00:00 RUN_START id=OAFX1469 family=gj_atr_trailing window=SCREEN_IS terminal=BT2 run=oafx_screen_is_oafx1469_20260830103034_e2f4be
2026-08-30T01:30:36+00:00 RUN_HEARTBEAT terminal=BT2 pid=38108 elapsed=0s
2026-08-30T01:30:50+00:00 RUN_HEARTBEAT terminal=BT3 pid=23820 elapsed=938s
2026-08-30T01:30:54+00:00 WAIT_MT5_IDLE terminal=PROD elapsed=1s pids=[56692]
2026-08-30T01:31:22+00:00 RUN_END id=OAFX1467 window=SCREEN_IS terminal=BT4 status=FAILED decision=RUN_FAILED elapsed=218.316s
2026-08-30T01:31:22+00:00 RUN_START id=OAFX1470 family=gj_atr_trailing window=SCREEN_IS terminal=BT4 run=oafx_screen_is_oafx1470_20260830103122_9df1ff
2026-08-30T01:31:23+00:00 RUN_END id=OAFX1450 window=IS terminal=BT3 status=OK decision=IS_NOISE_BAND elapsed=973.308s
2026-08-30T01:31:23+00:00 GATE_SKIP id=OAFX1450 window=OOS reason=IS_NOT_SURVIVOR decision=IS_NOISE_BAND net=290551.0 PF=1.421 DD=34.7936%
2026-08-30T01:31:23+00:00 RUN_START id=OAFX1471 family=gj_atr_trailing window=SCREEN_IS terminal=BT3 run=oafx_screen_is_oafx1471_20260830103123_fc6d89
2026-08-30T01:31:24+00:00 RUN_END id=OAFX1469 window=SCREEN_IS terminal=BT2 status=FAILED decision=RUN_FAILED elapsed=50.381s
2026-08-30T01:31:24+00:00 RUN_START id=OAFX1472 family=gj_atr_trailing window=SCREEN_IS terminal=BT2 run=oafx_screen_is_oafx1472_20260830103124_e38131
2026-08-30T01:31:24+00:00 RUN_HEARTBEAT terminal=BT4 pid=29208 elapsed=0s
2026-08-30T01:31:24+00:00 WAIT_LAUNCH_SLOT terminal=BT3 seconds=7.0
2026-08-30T01:31:25+00:00 WAIT_LAUNCH_SLOT terminal=BT2 seconds=14.0
2026-08-30T01:31:32+00:00 RUN_HEARTBEAT terminal=BT3 pid=54904 elapsed=0s
2026-08-30T01:31:39+00:00 RUN_HEARTBEAT terminal=BT1 pid=56216 elapsed=198s
2026-08-30T01:31:40+00:00 RUN_HEARTBEAT terminal=BT2 pid=53480 elapsed=0s
2026-08-30T01:31:58+00:00 WAIT_MT5_IDLE terminal=PROD elapsed=65s pids=[56692]
2026-08-30T01:32:29+00:00 RUN_HEARTBEAT terminal=BT4 pid=29208 elapsed=65s
2026-08-30T01:32:38+00:00 RUN_HEARTBEAT terminal=BT3 pid=54904 elapsed=66s
2026-08-30T01:32:44+00:00 RUN_HEARTBEAT terminal=BT1 pid=56216 elapsed=264s
2026-08-30T01:32:45+00:00 RUN_HEARTBEAT terminal=BT2 pid=53480 elapsed=65s
2026-08-30T01:33:00+00:00 RUN_END id=OAFX1468 window=SCREEN_IS terminal=BT1 status=OK decision=SCREEN_OUT_SINGLE_SLEEVE elapsed=282.609s
2026-08-30T01:33:00+00:00 GATE_SKIP id=OAFX1468 window=IS reason=SINGLE_SLEEVE_INFERIOR decision=SCREEN_OUT_SINGLE_SLEEVE net=86523.0 PF=1.2319 DD=22.7836%
2026-08-30T01:33:00+00:00 RUN_START id=OAFX1473 family=gj_atr_trailing window=SCREEN_IS terminal=BT1 run=oafx_screen_is_oafx1473_20260830103300_3b1e52
2026-08-30T01:33:02+00:00 WAIT_MT5_IDLE terminal=PROD elapsed=129s pids=[56692]
2026-08-30T01:33:02+00:00 RUN_HEARTBEAT terminal=BT1 pid=49448 elapsed=0s
2026-08-30T01:33:34+00:00 RUN_HEARTBEAT terminal=BT4 pid=29208 elapsed=129s
2026-08-30T01:33:43+00:00 RUN_HEARTBEAT terminal=BT3 pid=54904 elapsed=131s
2026-08-30T01:33:51+00:00 RUN_HEARTBEAT terminal=BT2 pid=53480 elapsed=130s
2026-08-30T01:34:07+00:00 WAIT_MT5_IDLE terminal=PROD elapsed=195s pids=[56692]
2026-08-30T01:34:07+00:00 RUN_HEARTBEAT terminal=BT1 pid=49448 elapsed=64s
2026-08-30T01:34:07+00:00 RUN_END id=OAFX1470 window=SCREEN_IS terminal=BT4 status=OK decision=SCREEN_PASS_STRICT elapsed=165.239s
2026-08-30T01:34:07+00:00 RUN_START id=OAFX1470 family=gj_atr_trailing window=IS terminal=BT4 run=oafx_is_oafx1470_20260830103407_5fd1be
2026-08-30T01:34:09+00:00 RUN_HEARTBEAT terminal=BT4 pid=50156 elapsed=0s
2026-08-30T01:34:47+00:00 RUN_HEARTBEAT terminal=BT3 pid=54904 elapsed=195s
2026-08-30T01:34:57+00:00 RUN_HEARTBEAT terminal=BT2 pid=53480 elapsed=196s
2026-08-30T01:35:13+00:00 RUN_HEARTBEAT terminal=BT1 pid=49448 elapsed=130s
2026-08-30T01:35:13+00:00 WAIT_MT5_IDLE terminal=PROD elapsed=260s pids=[56692]
2026-08-30T01:35:13+00:00 RUN_HEARTBEAT terminal=BT4 pid=50156 elapsed=64s
2026-08-30T01:35:20+00:00 RUN_END id=OAFX1471 window=SCREEN_IS terminal=BT3 status=OK decision=SCREEN_OUT_SINGLE_SLEEVE elapsed=237.186s
2026-08-30T01:35:20+00:00 GATE_SKIP id=OAFX1471 window=IS reason=SINGLE_SLEEVE_INFERIOR decision=SCREEN_OUT_SINGLE_SLEEVE net=69731.0 PF=1.1869 DD=22.5143%
2026-08-30T01:35:20+00:00 RUN_START id=OAFX1474 family=gj_atr_trailing window=SCREEN_IS terminal=BT3 run=oafx_screen_is_oafx1474_20260830103520_c4be9c
2026-08-30T01:35:22+00:00 RUN_HEARTBEAT terminal=BT3 pid=39208 elapsed=0s
2026-08-30T01:35:45+00:00 RUN_END id=OAFX1472 window=SCREEN_IS terminal=BT2 status=OK decision=SCREEN_OUT_SINGLE_SLEEVE elapsed=261.569s
2026-08-30T01:35:45+00:00 GATE_SKIP id=OAFX1472 window=IS reason=SINGLE_SLEEVE_INFERIOR decision=SCREEN_OUT_SINGLE_SLEEVE net=69660.0 PF=1.1867 DD=23.0584%
2026-08-30T01:35:45+00:00 RUN_START id=OAFX1475 family=gj_atr_trailing window=SCREEN_IS terminal=BT2 run=oafx_screen_is_oafx1475_20260830103545_9e9cd8
2026-08-30T01:35:47+00:00 RUN_HEARTBEAT terminal=BT2 pid=51528 elapsed=0s
2026-08-30T01:36:03+00:00 KILL_ORPHAN_TESTER terminal=PROD pids=[56692] orphan_seconds=309
2026-08-30T01:36:19+00:00 RUN_HEARTBEAT terminal=BT1 pid=49448 elapsed=196s
2026-08-30T01:36:19+00:00 RUN_HEARTBEAT terminal=BT4 pid=50156 elapsed=129s
2026-08-30T01:36:19+00:00 RUN_END id=OAFX1466 window=SCREEN_IS terminal=PROD status=OK decision=SCREEN_OUT_SINGLE_SLEEVE elapsed=516.856s
2026-08-30T01:36:19+00:00 GATE_SKIP id=OAFX1466 window=IS reason=SINGLE_SLEEVE_INFERIOR decision=SCREEN_OUT_SINGLE_SLEEVE net=61778.0 PF=1.1668 DD=29.4757%
2026-08-30T01:36:19+00:00 RUN_START id=OAFX1476 family=gj_atr_trailing window=SCREEN_IS terminal=PROD run=oafx_screen_is_oafx1476_20260830103619_4c7a79
2026-08-30T01:36:21+00:00 RUN_HEARTBEAT terminal=PROD pid=54708 elapsed=0s
2026-08-30T01:36:28+00:00 RUN_HEARTBEAT terminal=BT3 pid=39208 elapsed=65s
2026-08-30T01:37:08+00:00 RUN_END id=OAFX1473 window=SCREEN_IS terminal=BT1 status=OK decision=SCREEN_OUT_SINGLE_SLEEVE elapsed=247.859s
2026-08-30T01:37:08+00:00 GATE_SKIP id=OAFX1473 window=IS reason=SINGLE_SLEEVE_INFERIOR decision=SCREEN_OUT_SINGLE_SLEEVE net=84118.0 PF=1.2254 DD=22.3922%
2026-08-30T01:37:08+00:00 RUN_START id=OAFX1477 family=gj_atr_trailing window=SCREEN_IS terminal=BT1 run=oafx_screen_is_oafx1477_20260830103708_9ae475
2026-08-30T01:37:08+00:00 RUN_HEARTBEAT terminal=BT2 pid=51528 elapsed=65s
2026-08-30T01:37:10+00:00 RUN_HEARTBEAT terminal=BT1 pid=44988 elapsed=0s
2026-08-30T01:37:25+00:00 RUN_HEARTBEAT terminal=BT4 pid=50156 elapsed=195s
2026-08-30T01:37:25+00:00 RUN_HEARTBEAT terminal=PROD pid=54708 elapsed=63s
2026-08-30T01:37:42+00:00 RUN_HEARTBEAT terminal=BT3 pid=39208 elapsed=139s
2026-08-30T01:37:59+00:00 RUN_HEARTBEAT terminal=BT2 pid=51528 elapsed=131s
2026-08-30T01:38:17+00:00 RUN_HEARTBEAT terminal=BT1 pid=44988 elapsed=65s
2026-08-30T01:38:34+00:00 RUN_HEARTBEAT terminal=PROD pid=54708 elapsed=131s
2026-08-30T01:38:34+00:00 RUN_HEARTBEAT terminal=BT4 pid=50156 elapsed=263s
2026-08-30T01:38:51+00:00 RUN_HEARTBEAT terminal=BT3 pid=39208 elapsed=207s
2026-08-30T01:39:08+00:00 RUN_HEARTBEAT terminal=BT2 pid=51528 elapsed=199s
2026-08-30T01:39:25+00:00 RUN_HEARTBEAT terminal=BT1 pid=44988 elapsed=134s
2026-08-30T01:39:41+00:00 RUN_HEARTBEAT terminal=PROD pid=54708 elapsed=199s
2026-08-30T01:39:41+00:00 RUN_HEARTBEAT terminal=BT4 pid=50156 elapsed=331s
2026-08-30T01:39:41+00:00 RUN_END id=OAFX1474 window=SCREEN_IS terminal=BT3 status=OK decision=SCREEN_OUT_SINGLE_SLEEVE elapsed=260.953s
2026-08-30T01:39:41+00:00 GATE_SKIP id=OAFX1474 window=IS reason=SINGLE_SLEEVE_INFERIOR decision=SCREEN_OUT_SINGLE_SLEEVE net=79007.0 PF=1.2117 DD=25.014%
2026-08-30T01:39:41+00:00 RUN_START id=OAFX1478 family=gj_atr_trailing window=SCREEN_IS terminal=BT3 run=oafx_screen_is_oafx1478_20260830103941_d28910
2026-08-30T01:39:43+00:00 RUN_HEARTBEAT terminal=BT3 pid=23648 elapsed=0s
2026-08-30T01:40:15+00:00 RUN_HEARTBEAT terminal=BT2 pid=51528 elapsed=267s
2026-08-30T01:40:32+00:00 RUN_HEARTBEAT terminal=BT1 pid=44988 elapsed=201s
2026-08-30T01:40:48+00:00 RUN_HEARTBEAT terminal=BT4 pid=50156 elapsed=399s
2026-08-30T01:40:48+00:00 RUN_HEARTBEAT terminal=PROD pid=54708 elapsed=267s
2026-08-30T01:40:48+00:00 RUN_END id=OAFX1475 window=SCREEN_IS terminal=BT2 status=OK decision=SCREEN_OUT_SINGLE_SLEEVE elapsed=302.934s
2026-08-30T01:40:48+00:00 GATE_SKIP id=OAFX1475 window=IS reason=SINGLE_SLEEVE_INFERIOR decision=SCREEN_OUT_SINGLE_SLEEVE net=74592.0 PF=1.1999 DD=26.8212%
2026-08-30T01:40:48+00:00 RUN_START id=OAFX1479 family=gj_atr_trailing window=SCREEN_IS terminal=BT2 run=oafx_screen_is_oafx1479_20260830104048_164542
2026-08-30T01:40:49+00:00 RUN_HEARTBEAT terminal=BT3 pid=23648 elapsed=65s
2026-08-30T01:40:51+00:00 RUN_HEARTBEAT terminal=BT2 pid=10092 elapsed=0s
2026-08-30T01:41:05+00:00 RUN_END id=OAFX1476 window=SCREEN_IS terminal=PROD status=OK decision=SCREEN_OUT_SINGLE_SLEEVE elapsed=286.096s
2026-08-30T01:41:05+00:00 GATE_SKIP id=OAFX1476 window=IS reason=SINGLE_SLEEVE_INFERIOR decision=SCREEN_OUT_SINGLE_SLEEVE net=63674.0 PF=1.1706 DD=30.9662%
2026-08-30T01:41:05+00:00 RUN_START id=OAFX1480 family=gj_atr_trailing window=SCREEN_IS terminal=PROD run=oafx_screen_is_oafx1480_20260830104105_7f8abe
2026-08-30T01:41:08+00:00 RUN_HEARTBEAT terminal=PROD pid=33428 elapsed=0s
2026-08-30T01:41:22+00:00 RUN_END id=OAFX1477 window=SCREEN_IS terminal=BT1 status=OK decision=SCREEN_OUT_SINGLE_SLEEVE elapsed=253.883s
2026-08-30T01:41:22+00:00 GATE_SKIP id=OAFX1477 window=IS reason=SINGLE_SLEEVE_INFERIOR decision=SCREEN_OUT_SINGLE_SLEEVE net=74573.0 PF=1.1997 DD=27.7922%
2026-08-30T01:41:22+00:00 RUN_START id=OAFX1481 family=gj_atr_trailing window=SCREEN_IS terminal=BT1 run=oafx_screen_is_oafx1481_20260830104122_6f64b3
2026-08-30T01:41:24+00:00 RUN_HEARTBEAT terminal=BT1 pid=45424 elapsed=0s
2026-08-30T01:41:55+00:00 RUN_HEARTBEAT terminal=BT2 pid=10092 elapsed=65s
2026-08-30T01:41:55+00:00 RUN_HEARTBEAT terminal=BT3 pid=23648 elapsed=132s
2026-08-30T01:41:56+00:00 RUN_HEARTBEAT terminal=BT4 pid=50156 elapsed=466s
2026-08-30T01:42:13+00:00 RUN_HEARTBEAT terminal=PROD pid=33428 elapsed=65s
2026-08-30T01:42:30+00:00 RUN_HEARTBEAT terminal=BT1 pid=45424 elapsed=65s
2026-08-30T01:43:04+00:00 RUN_HEARTBEAT terminal=BT2 pid=10092 elapsed=132s
2026-08-30T01:43:04+00:00 RUN_HEARTBEAT terminal=BT4 pid=50156 elapsed=533s
2026-08-30T01:43:04+00:00 RUN_HEARTBEAT terminal=BT3 pid=23648 elapsed=199s
2026-08-30T01:43:20+00:00 RUN_HEARTBEAT terminal=PROD pid=33428 elapsed=132s
2026-08-30T01:43:20+00:00 RUN_END id=OAFX1478 window=SCREEN_IS terminal=BT3 status=OK decision=SCREEN_OUT_SINGLE_SLEEVE elapsed=219.104s
2026-08-30T01:43:20+00:00 GATE_SKIP id=OAFX1478 window=IS reason=SINGLE_SLEEVE_INFERIOR decision=SCREEN_OUT_SINGLE_SLEEVE net=83824.0 PF=1.2237 DD=23.8355%
2026-08-30T01:43:20+00:00 RUN_START id=OAFX1482 family=gj_atr_trailing window=SCREEN_IS terminal=BT3 run=oafx_screen_is_oafx1482_20260830104320_81d3cc
2026-08-30T01:43:22+00:00 RUN_HEARTBEAT terminal=BT3 pid=52676 elapsed=0s
2026-08-30T01:43:37+00:00 RUN_HEARTBEAT terminal=BT1 pid=45424 elapsed=132s
2026-08-30T01:44:11+00:00 RUN_HEARTBEAT terminal=BT2 pid=10092 elapsed=200s
2026-08-30T01:44:11+00:00 RUN_HEARTBEAT terminal=BT4 pid=50156 elapsed=601s
2026-08-30T01:44:28+00:00 RUN_HEARTBEAT terminal=PROD pid=33428 elapsed=200s
2026-08-30T01:44:28+00:00 RUN_HEARTBEAT terminal=BT3 pid=52676 elapsed=65s
2026-08-30T01:44:45+00:00 RUN_HEARTBEAT terminal=BT1 pid=45424 elapsed=200s
2026-08-30T01:45:01+00:00 RUN_END id=OAFX1479 window=SCREEN_IS terminal=BT2 status=OK decision=SCREEN_PASS_STRICT elapsed=252.571s
2026-08-30T01:45:01+00:00 RUN_START id=OAFX1479 family=gj_atr_trailing window=IS terminal=BT2 run=oafx_is_oafx1479_20260830104501_20bcaf
2026-08-30T01:45:03+00:00 RUN_HEARTBEAT terminal=BT2 pid=54104 elapsed=0s
2026-08-30T01:45:17+00:00 RUN_HEARTBEAT terminal=BT4 pid=50156 elapsed=668s
2026-08-30T01:45:17+00:00 RUN_END id=OAFX1480 window=SCREEN_IS terminal=PROD status=OK decision=SCREEN_PASS_STRICT elapsed=252.069s
2026-08-30T01:45:17+00:00 RUN_START id=OAFX1480 family=gj_atr_trailing window=IS terminal=PROD run=oafx_is_oafx1480_20260830104517_8b3041
2026-08-30T01:45:19+00:00 RUN_HEARTBEAT terminal=PROD pid=55452 elapsed=0s
2026-08-30T01:45:34+00:00 RUN_HEARTBEAT terminal=BT3 pid=52676 elapsed=131s
2026-08-30T01:45:34+00:00 RUN_END id=OAFX1481 window=SCREEN_IS terminal=BT1 status=OK decision=SCREEN_OUT_SINGLE_SLEEVE elapsed=251.984s
2026-08-30T01:45:34+00:00 GATE_SKIP id=OAFX1481 window=IS reason=SINGLE_SLEEVE_INFERIOR decision=SCREEN_OUT_SINGLE_SLEEVE net=87207.0 PF=1.2315 DD=20.5458%
2026-08-30T01:45:34+00:00 RUN_START id=OAFX1483 family=gj_atr_trailing window=SCREEN_IS terminal=BT1 run=oafx_screen_is_oafx1483_20260830104534_d249c2
2026-08-30T01:45:36+00:00 RUN_HEARTBEAT terminal=BT1 pid=52864 elapsed=0s
2026-08-30T01:46:08+00:00 RUN_HEARTBEAT terminal=BT2 pid=54104 elapsed=65s
2026-08-30T01:46:25+00:00 RUN_HEARTBEAT terminal=BT4 pid=50156 elapsed=735s
2026-08-30T01:46:25+00:00 RUN_HEARTBEAT terminal=PROD pid=55452 elapsed=65s
2026-08-30T01:46:42+00:00 RUN_HEARTBEAT terminal=BT3 pid=52676 elapsed=198s
2026-08-30T01:46:42+00:00 RUN_HEARTBEAT terminal=BT1 pid=52864 elapsed=65s
2026-08-30T01:46:59+00:00 RUN_END id=OAFX1482 window=SCREEN_IS terminal=BT3 status=OK decision=SCREEN_OUT_SINGLE_SLEEVE elapsed=218.874s
2026-08-30T01:46:59+00:00 GATE_SKIP id=OAFX1482 window=IS reason=SINGLE_SLEEVE_INFERIOR decision=SCREEN_OUT_SINGLE_SLEEVE net=85414.0 PF=1.2267 DD=21.4614%
2026-08-30T01:46:59+00:00 RUN_START id=OAFX1484 family=gj_atr_trailing window=SCREEN_IS terminal=BT3 run=oafx_screen_is_oafx1484_20260830104659_483b20
2026-08-30T01:47:01+00:00 RUN_HEARTBEAT terminal=BT3 pid=11904 elapsed=0s
2026-08-30T01:47:16+00:00 RUN_HEARTBEAT terminal=BT2 pid=54104 elapsed=132s
2026-08-30T01:47:33+00:00 RUN_HEARTBEAT terminal=BT4 pid=50156 elapsed=803s
2026-08-30T01:47:33+00:00 RUN_HEARTBEAT terminal=PROD pid=55452 elapsed=133s
2026-08-30T01:47:50+00:00 RUN_HEARTBEAT terminal=BT1 pid=52864 elapsed=133s
2026-08-30T01:48:08+00:00 RUN_HEARTBEAT terminal=BT3 pid=11904 elapsed=65s
2026-08-30T01:48:25+00:00 RUN_HEARTBEAT terminal=BT2 pid=54104 elapsed=201s
2026-08-30T01:48:42+00:00 RUN_HEARTBEAT terminal=BT4 pid=50156 elapsed=872s
2026-08-30T01:48:42+00:00 RUN_HEARTBEAT terminal=PROD pid=55452 elapsed=202s
2026-08-30T01:49:00+00:00 RUN_HEARTBEAT terminal=BT1 pid=52864 elapsed=202s
2026-08-30T01:49:17+00:00 RUN_HEARTBEAT terminal=BT3 pid=11904 elapsed=135s
2026-08-30T01:49:34+00:00 RUN_HEARTBEAT terminal=BT2 pid=54104 elapsed=270s
2026-08-30T01:49:34+00:00 RUN_END id=OAFX1470 window=IS terminal=BT4 status=OK decision=IS_NOISE_BAND elapsed=926.485s
2026-08-30T01:49:34+00:00 GATE_SKIP id=OAFX1470 window=OOS reason=IS_NOT_SURVIVOR decision=IS_NOISE_BAND net=290457.0 PF=1.4208 DD=34.7936%
2026-08-30T01:49:34+00:00 RUN_START id=OAFX1485 family=gj_atr_trailing window=SCREEN_IS terminal=BT4 run=oafx_screen_is_oafx1485_20260830104934_a7a76d
2026-08-30T01:49:36+00:00 RUN_HEARTBEAT terminal=BT4 pid=21488 elapsed=0s
2026-08-30T01:49:51+00:00 RUN_HEARTBEAT terminal=PROD pid=55452 elapsed=270s
2026-08-30T01:49:51+00:00 RUN_END id=OAFX1483 window=SCREEN_IS terminal=BT1 status=OK decision=SCREEN_OUT_SINGLE_SLEEVE elapsed=257.052s
2026-08-30T01:49:51+00:00 GATE_SKIP id=OAFX1483 window=IS reason=SINGLE_SLEEVE_INFERIOR decision=SCREEN_OUT_SINGLE_SLEEVE net=93449.0 PF=1.2481 DD=21.0296%
2026-08-30T01:49:51+00:00 RUN_START id=OAFX1486 family=gj_atr_trailing window=SCREEN_IS terminal=BT1 run=oafx_screen_is_oafx1486_20260830104951_f4d5db
2026-08-30T01:49:53+00:00 RUN_HEARTBEAT terminal=BT1 pid=42340 elapsed=0s
2026-08-30T01:50:25+00:00 RUN_HEARTBEAT terminal=BT3 pid=11904 elapsed=203s
2026-08-30T01:50:42+00:00 RUN_HEARTBEAT terminal=BT4 pid=21488 elapsed=65s
2026-08-30T01:50:42+00:00 RUN_HEARTBEAT terminal=BT2 pid=54104 elapsed=338s
2026-08-30T01:50:58+00:00 RUN_HEARTBEAT terminal=PROD pid=55452 elapsed=339s
2026-08-30T01:50:58+00:00 RUN_END id=OAFX1484 window=SCREEN_IS terminal=BT3 status=OK decision=SCREEN_OUT_SINGLE_SLEEVE elapsed=239.316s
2026-08-30T01:50:58+00:00 GATE_SKIP id=OAFX1484 window=IS reason=SINGLE_SLEEVE_INFERIOR decision=SCREEN_OUT_SINGLE_SLEEVE net=91736.0 PF=1.2435 DD=21.8117%
2026-08-30T01:50:58+00:00 RUN_START id=OAFX1487 family=gj_atr_trailing window=SCREEN_IS terminal=BT3 run=oafx_screen_is_oafx1487_20260830105058_d9120f
2026-08-30T01:50:58+00:00 RUN_HEARTBEAT terminal=BT1 pid=42340 elapsed=65s
2026-08-30T01:51:00+00:00 RUN_HEARTBEAT terminal=BT3 pid=21864 elapsed=0s
2026-08-30T01:51:50+00:00 RUN_HEARTBEAT terminal=BT2 pid=54104 elapsed=406s
2026-08-30T01:51:50+00:00 RUN_HEARTBEAT terminal=BT4 pid=21488 elapsed=133s
2026-08-30T01:52:07+00:00 RUN_HEARTBEAT terminal=BT1 pid=42340 elapsed=132s
2026-08-30T01:52:07+00:00 RUN_HEARTBEAT terminal=BT3 pid=21864 elapsed=65s
2026-08-30T01:52:07+00:00 RUN_HEARTBEAT terminal=PROD pid=55452 elapsed=406s
2026-08-30T01:52:58+00:00 RUN_HEARTBEAT terminal=BT4 pid=21488 elapsed=201s
2026-08-30T01:52:58+00:00 RUN_HEARTBEAT terminal=BT2 pid=54104 elapsed=474s
2026-08-30T01:53:15+00:00 RUN_HEARTBEAT terminal=BT3 pid=21864 elapsed=134s
2026-08-30T01:53:15+00:00 RUN_HEARTBEAT terminal=BT1 pid=42340 elapsed=201s
2026-08-30T01:53:15+00:00 RUN_HEARTBEAT terminal=PROD pid=55452 elapsed=475s
2026-08-30T01:53:31+00:00 RUN_END id=OAFX1485 window=SCREEN_IS terminal=BT4 status=OK decision=SCREEN_OUT_SINGLE_SLEEVE elapsed=237.741s
2026-08-30T01:53:31+00:00 GATE_SKIP id=OAFX1485 window=IS reason=SINGLE_SLEEVE_INFERIOR decision=SCREEN_OUT_SINGLE_SLEEVE net=88863.0 PF=1.2359 DD=22.7095%
2026-08-30T01:53:31+00:00 RUN_START id=OAFX1488 family=gj_atr_trailing window=SCREEN_IS terminal=BT4 run=oafx_screen_is_oafx1488_20260830105331_7b3c76
2026-08-30T01:53:33+00:00 RUN_HEARTBEAT terminal=BT4 pid=28512 elapsed=0s
2026-08-30T01:54:06+00:00 RUN_HEARTBEAT terminal=BT2 pid=54104 elapsed=541s
2026-08-30T01:54:06+00:00 RUN_END id=OAFX1486 window=SCREEN_IS terminal=BT1 status=OK decision=SCREEN_OUT_SINGLE_SLEEVE elapsed=254.617s
2026-08-30T01:54:06+00:00 GATE_SKIP id=OAFX1486 window=IS reason=SINGLE_SLEEVE_INFERIOR decision=SCREEN_OUT_SINGLE_SLEEVE net=87552.0 PF=1.2324 DD=21.608%
2026-08-30T01:54:06+00:00 RUN_START id=OAFX1489 family=gj_atr_trailing window=SCREEN_IS terminal=BT1 run=oafx_screen_is_oafx1489_20260830105406_18ea8a
2026-08-30T01:54:08+00:00 RUN_HEARTBEAT terminal=BT1 pid=31240 elapsed=0s
2026-08-30T01:54:23+00:00 RUN_HEARTBEAT terminal=BT3 pid=21864 elapsed=201s
2026-08-30T01:54:23+00:00 RUN_HEARTBEAT terminal=PROD pid=55452 elapsed=542s
2026-08-30T01:54:39+00:00 RUN_HEARTBEAT terminal=BT4 pid=28512 elapsed=65s
2026-08-30T01:54:39+00:00 RUN_END id=OAFX1487 window=SCREEN_IS terminal=BT3 status=OK decision=SCREEN_PASS_STRICT elapsed=220.897s
2026-08-30T01:54:39+00:00 RUN_START id=OAFX1487 family=gj_atr_trailing window=IS terminal=BT3 run=oafx_is_oafx1487_20260830105439_4fc829
2026-08-30T01:54:42+00:00 RUN_HEARTBEAT terminal=BT3 pid=32424 elapsed=0s
2026-08-30T01:55:13+00:00 RUN_HEARTBEAT terminal=BT2 pid=54104 elapsed=609s
2026-08-30T01:55:13+00:00 RUN_HEARTBEAT terminal=BT1 pid=31240 elapsed=64s
2026-08-30T01:55:30+00:00 RUN_HEARTBEAT terminal=PROD pid=55452 elapsed=609s
2026-08-30T01:55:46+00:00 RUN_HEARTBEAT terminal=BT3 pid=32424 elapsed=64s
2026-08-30T01:55:47+00:00 RUN_HEARTBEAT terminal=BT4 pid=28512 elapsed=132s
2026-08-30T01:56:21+00:00 RUN_HEARTBEAT terminal=BT1 pid=31240 elapsed=132s
2026-08-30T01:56:21+00:00 RUN_HEARTBEAT terminal=BT2 pid=54104 elapsed=677s
2026-08-30T01:56:38+00:00 RUN_HEARTBEAT terminal=PROD pid=55452 elapsed=678s
2026-08-30T01:56:55+00:00 RUN_HEARTBEAT terminal=BT4 pid=28512 elapsed=201s
2026-08-30T01:56:55+00:00 RUN_HEARTBEAT terminal=BT3 pid=32424 elapsed=133s
2026-08-30T01:57:10+00:00 RUN_END id=OAFX1487 window=IS terminal=BT3 status=FAILED decision=RUN_FAILED elapsed=150.794s
2026-08-30T01:57:10+00:00 RUN_START id=OAFX1490 family=gj_atr_trailing window=SCREEN_IS terminal=BT3 run=oafx_screen_is_oafx1490_20260830105710_d5e02e
2026-08-30T01:57:13+00:00 RUN_HEARTBEAT terminal=BT3 pid=32660 elapsed=0s
2026-08-30T01:57:28+00:00 RUN_HEARTBEAT terminal=BT1 pid=31240 elapsed=200s
2026-08-30T01:57:28+00:00 RUN_HEARTBEAT terminal=BT2 pid=54104 elapsed=744s
2026-08-30T01:57:28+00:00 RUN_END id=OAFX1488 window=SCREEN_IS terminal=BT4 status=OK decision=SCREEN_PASS_STRICT elapsed=236.454s
2026-08-30T01:57:28+00:00 RUN_START id=OAFX1488 family=gj_atr_trailing window=IS terminal=BT4 run=oafx_is_oafx1488_20260830105728_d8fa34
2026-08-30T01:57:30+00:00 RUN_HEARTBEAT terminal=BT4 pid=47160 elapsed=0s
2026-08-30T01:57:45+00:00 RUN_HEARTBEAT terminal=PROD pid=55452 elapsed=744s
2026-08-30T01:58:18+00:00 RUN_HEARTBEAT terminal=BT3 pid=32660 elapsed=65s
2026-08-30T01:58:18+00:00 RUN_END id=OAFX1489 window=SCREEN_IS terminal=BT1 status=OK decision=SCREEN_PASS_STRICT elapsed=252.322s
2026-08-30T01:58:18+00:00 RUN_START id=OAFX1489 family=gj_atr_trailing window=IS terminal=BT1 run=oafx_is_oafx1489_20260830105818_d17529
2026-08-30T01:58:20+00:00 RUN_HEARTBEAT terminal=BT1 pid=44680 elapsed=0s
2026-08-30T01:58:35+00:00 RUN_HEARTBEAT terminal=BT4 pid=47160 elapsed=65s
2026-08-30T01:58:35+00:00 RUN_HEARTBEAT terminal=BT2 pid=54104 elapsed=811s
2026-08-30T01:58:52+00:00 RUN_HEARTBEAT terminal=PROD pid=55452 elapsed=812s
2026-08-30T01:59:25+00:00 RUN_HEARTBEAT terminal=BT1 pid=44680 elapsed=64s
2026-08-30T01:59:25+00:00 RUN_HEARTBEAT terminal=BT3 pid=32660 elapsed=132s
2026-08-30T01:59:25+00:00 WAIT_MT5_IDLE terminal=BT2 elapsed=2s pids=[52868]
2026-08-30T01:59:42+00:00 RUN_HEARTBEAT terminal=BT4 pid=47160 elapsed=131s
2026-08-30T01:59:42+00:00 WAIT_MT5_IDLE terminal=PROD elapsed=1s pids=[52140]
2026-08-30T01:59:42+00:00 RUN_END id=OAFX1479 window=IS terminal=BT2 status=OK decision=IS_REJECT elapsed=880.676s
2026-08-30T01:59:42+00:00 GATE_SKIP id=OAFX1479 window=OOS reason=IS_NOT_SURVIVOR decision=IS_REJECT net=290450.0 PF=1.4223 DD=35.1271%
2026-08-30T01:59:42+00:00 RUN_START id=OAFX1491 family=gj_atr_trailing window=SCREEN_IS terminal=BT2 run=oafx_screen_is_oafx1491_20260830105942_e211d2
2026-08-30T01:59:42+00:00 RUN_END id=OAFX1490 window=SCREEN_IS terminal=BT3 status=OK decision=SCREEN_PASS_STRICT elapsed=151.522s
2026-08-30T01:59:42+00:00 RUN_START id=OAFX1490 family=gj_atr_trailing window=IS terminal=BT3 run=oafx_is_oafx1490_20260830105942_43eb36
2026-08-30T01:59:43+00:00 WAIT_LAUNCH_SLOT terminal=BT3 seconds=8.0
2026-08-30T01:59:43+00:00 RUN_HEARTBEAT terminal=BT2 pid=48472 elapsed=0s
2026-08-30T01:59:52+00:00 RUN_HEARTBEAT terminal=BT3 pid=23804 elapsed=0s
2026-08-30T02:00:32+00:00 RUN_HEARTBEAT terminal=BT1 pid=44680 elapsed=131s
2026-08-30T02:00:49+00:00 RUN_HEARTBEAT terminal=BT2 pid=48472 elapsed=64s
2026-08-30T02:00:49+00:00 WAIT_MT5_IDLE terminal=PROD elapsed=69s pids=[52140]
2026-08-30T02:00:49+00:00 RUN_HEARTBEAT terminal=BT4 pid=47160 elapsed=198s
2026-08-30T02:00:58+00:00 RUN_HEARTBEAT terminal=BT3 pid=23804 elapsed=66s
2026-08-30T02:01:40+00:00 RUN_HEARTBEAT terminal=BT1 pid=44680 elapsed=199s
2026-08-30T02:01:57+00:00 WAIT_MT5_IDLE terminal=PROD elapsed=137s pids=[52140]
2026-08-30T02:01:57+00:00 RUN_HEARTBEAT terminal=BT2 pid=48472 elapsed=133s
2026-08-30T02:01:57+00:00 RUN_HEARTBEAT terminal=BT4 pid=47160 elapsed=266s
2026-08-30T02:02:02+00:00 RUN_END id=OAFX1490 window=IS terminal=BT3 status=FAILED decision=RUN_FAILED elapsed=140.568s
2026-08-30T02:02:02+00:00 RUN_START id=OAFX1492 family=gj_atr_trailing window=SCREEN_IS terminal=BT3 run=oafx_screen_is_oafx1492_20260830110202_9558a3
2026-08-30T02:02:04+00:00 RUN_HEARTBEAT terminal=BT3 pid=56804 elapsed=0s
2026-08-30T02:02:12+00:00 RUN_END id=OAFX1489 window=IS terminal=BT1 status=FAILED decision=RUN_FAILED elapsed=233.999s
2026-08-30T02:02:12+00:00 RUN_START id=OAFX1493 family=gj_atr_trailing window=SCREEN_IS terminal=BT1 run=oafx_screen_is_oafx1493_20260830110212_db19ca
2026-08-30T02:02:14+00:00 RUN_HEARTBEAT terminal=BT1 pid=48172 elapsed=0s
2026-08-30T02:02:30+00:00 RUN_END id=OAFX1491 window=SCREEN_IS terminal=BT2 status=OK decision=SCREEN_OUT_SINGLE_SLEEVE elapsed=167.815s
2026-08-30T02:02:30+00:00 GATE_SKIP id=OAFX1491 window=IS reason=SINGLE_SLEEVE_INFERIOR decision=SCREEN_OUT_SINGLE_SLEEVE net=84921.0 PF=1.2184 DD=19.5314%
2026-08-30T02:02:30+00:00 RUN_START id=OAFX1494 family=gj_atr_trailing window=SCREEN_IS terminal=BT2 run=oafx_screen_is_oafx1494_20260830110230_5acf54
2026-08-30T02:02:31+00:00 RUN_HEARTBEAT terminal=BT2 pid=51116 elapsed=0s
2026-08-30T02:03:03+00:00 RUN_HEARTBEAT terminal=BT4 pid=47160 elapsed=332s
2026-08-30T02:03:03+00:00 WAIT_MT5_IDLE terminal=PROD elapsed=202s pids=[52140]
2026-08-30T02:03:08+00:00 RUN_HEARTBEAT terminal=BT3 pid=56804 elapsed=64s
2026-08-30T02:03:21+00:00 RUN_HEARTBEAT terminal=BT1 pid=48172 elapsed=64s
2026-08-30T02:03:38+00:00 RUN_HEARTBEAT terminal=BT2 pid=51116 elapsed=66s
2026-08-30T02:04:11+00:00 WAIT_MT5_IDLE terminal=PROD elapsed=271s pids=[52140]
2026-08-30T02:04:11+00:00 RUN_HEARTBEAT terminal=BT4 pid=47160 elapsed=401s
2026-08-30T02:04:12+00:00 RUN_HEARTBEAT terminal=BT3 pid=56804 elapsed=128s
2026-08-30T02:04:28+00:00 RUN_HEARTBEAT terminal=BT1 pid=48172 elapsed=133s
2026-08-30T02:04:45+00:00 RUN_HEARTBEAT terminal=BT2 pid=51116 elapsed=133s
2026-08-30T02:04:45+00:00 RUN_END id=OAFX1492 window=SCREEN_IS terminal=BT3 status=OK decision=SCREEN_OUT_SINGLE_SLEEVE elapsed=162.459s
2026-08-30T02:04:45+00:00 GATE_SKIP id=OAFX1492 window=IS reason=SINGLE_SLEEVE_INFERIOR decision=SCREEN_OUT_SINGLE_SLEEVE net=84921.0 PF=1.2184 DD=19.5314%
2026-08-30T02:04:45+00:00 RUN_END id=OAFX1493 window=SCREEN_IS terminal=BT1 status=OK decision=SCREEN_OUT_SINGLE_SLEEVE elapsed=152.626s
2026-08-30T02:04:45+00:00 GATE_SKIP id=OAFX1493 window=IS reason=SINGLE_SLEEVE_INFERIOR decision=SCREEN_OUT_SINGLE_SLEEVE net=84921.0 PF=1.2184 DD=19.5314%
2026-08-30T02:04:45+00:00 RUN_START id=OAFX1495 family=gj_atr_trailing window=SCREEN_IS terminal=BT3 run=oafx_screen_is_oafx1495_20260830110445_e5da18
2026-08-30T02:04:45+00:00 RUN_START id=OAFX1496 family=gj_atr_trailing window=SCREEN_IS terminal=BT1 run=oafx_screen_is_oafx1496_20260830110445_1cb60a
2026-08-30T02:04:45+00:00 KILL_ORPHAN_TESTER terminal=PROD pids=[52140] orphan_seconds=303
2026-08-30T02:04:46+00:00 WAIT_LAUNCH_SLOT terminal=BT1 seconds=8.0
2026-08-30T02:04:47+00:00 RUN_HEARTBEAT terminal=BT3 pid=53840 elapsed=0s
2026-08-30T02:04:55+00:00 RUN_HEARTBEAT terminal=BT1 pid=41128 elapsed=0s
2026-08-30T02:05:01+00:00 RUN_END id=OAFX1480 window=IS terminal=PROD status=OK decision=IS_NOISE_BAND elapsed=1183.941s
2026-08-30T02:05:01+00:00 GATE_SKIP id=OAFX1480 window=OOS reason=IS_NOT_SURVIVOR decision=IS_NOISE_BAND net=290447.0 PF=1.4208 DD=34.7936%
2026-08-30T02:05:01+00:00 RUN_START id=OAFX1497 family=gj_atr_trailing window=SCREEN_IS terminal=PROD run=oafx_screen_is_oafx1497_20260830110501_954080
2026-08-30T02:05:04+00:00 RUN_HEARTBEAT terminal=PROD pid=49260 elapsed=0s
2026-08-30T02:05:17+00:00 RUN_HEARTBEAT terminal=BT4 pid=47160 elapsed=467s
2026-08-30T02:05:50+00:00 RUN_HEARTBEAT terminal=BT2 pid=51116 elapsed=198s
2026-08-30T02:05:51+00:00 RUN_HEARTBEAT terminal=BT3 pid=53840 elapsed=64s
2026-08-30T02:06:01+00:00 RUN_HEARTBEAT terminal=BT1 pid=41128 elapsed=65s
2026-08-30T02:06:08+00:00 RUN_HEARTBEAT terminal=PROD pid=49260 elapsed=64s
2026-08-30T02:06:22+00:00 RUN_HEARTBEAT terminal=BT4 pid=47160 elapsed=533s
2026-08-30T02:06:23+00:00 RUN_END id=OAFX1494 window=SCREEN_IS terminal=BT2 status=OK decision=SCREEN_OUT_SINGLE_SLEEVE elapsed=233.026s
2026-08-30T02:06:23+00:00 GATE_SKIP id=OAFX1494 window=IS reason=SINGLE_SLEEVE_INFERIOR decision=SCREEN_OUT_SINGLE_SLEEVE net=84921.0 PF=1.2184 DD=19.5314%
2026-08-30T02:06:23+00:00 RUN_START id=OAFX1498 family=gj_atr_trailing window=SCREEN_IS terminal=BT2 run=oafx_screen_is_oafx1498_20260830110623_0056de
2026-08-30T02:06:25+00:00 RUN_HEARTBEAT terminal=BT2 pid=51288 elapsed=0s
2026-08-30T02:06:57+00:00 RUN_HEARTBEAT terminal=BT3 pid=53840 elapsed=129s
2026-08-30T02:07:05+00:00 RUN_HEARTBEAT terminal=BT1 pid=41128 elapsed=130s
2026-08-30T02:07:13+00:00 RUN_HEARTBEAT terminal=PROD pid=49260 elapsed=130s
2026-08-30T02:07:28+00:00 RUN_HEARTBEAT terminal=BT4 pid=47160 elapsed=598s
2026-08-30T02:07:30+00:00 RUN_HEARTBEAT terminal=BT2 pid=51288 elapsed=65s
2026-08-30T02:07:38+00:00 RUN_END id=OAFX1496 window=SCREEN_IS terminal=BT1 status=OK decision=SCREEN_OUT_SINGLE_SLEEVE elapsed=173.254s
2026-08-30T02:07:38+00:00 GATE_SKIP id=OAFX1496 window=IS reason=SINGLE_SLEEVE_INFERIOR decision=SCREEN_OUT_SINGLE_SLEEVE net=84921.0 PF=1.2184 DD=19.5314%
2026-08-30T02:07:38+00:00 RUN_START id=OAFX1499 family=gj_atr_trailing window=SCREEN_IS terminal=BT1 run=oafx_screen_is_oafx1499_20260830110738_768901
2026-08-30T02:07:40+00:00 RUN_HEARTBEAT terminal=BT1 pid=30140 elapsed=0s
2026-08-30T02:07:46+00:00 RUN_END id=OAFX1495 window=SCREEN_IS terminal=BT3 status=OK decision=SCREEN_OUT_SINGLE_SLEEVE elapsed=180.831s
2026-08-30T02:07:46+00:00 GATE_SKIP id=OAFX1495 window=IS reason=SINGLE_SLEEVE_INFERIOR decision=SCREEN_OUT_SINGLE_SLEEVE net=84921.0 PF=1.2184 DD=19.5314%
2026-08-30T02:07:46+00:00 RUN_START id=OAFX1500 family=gj_atr_trailing window=SCREEN_IS terminal=BT3 run=oafx_screen_is_oafx1500_20260830110746_6dbd68
2026-08-30T02:07:47+00:00 WAIT_LAUNCH_SLOT terminal=BT3 seconds=0.2
2026-08-30T02:07:48+00:00 RUN_HEARTBEAT terminal=BT3 pid=52392 elapsed=0s
2026-08-30T02:08:18+00:00 RUN_HEARTBEAT terminal=PROD pid=49260 elapsed=194s
2026-08-30T02:08:33+00:00 RUN_HEARTBEAT terminal=BT4 pid=47160 elapsed=663s
2026-08-30T02:08:35+00:00 RUN_HEARTBEAT terminal=BT2 pid=51288 elapsed=130s
2026-08-30T02:08:45+00:00 RUN_HEARTBEAT terminal=BT1 pid=30140 elapsed=65s
2026-08-30T02:08:53+00:00 RUN_HEARTBEAT terminal=BT3 pid=52392 elapsed=65s
2026-08-30T02:09:23+00:00 WAIT_MT5_IDLE terminal=PROD elapsed=1s pids=[34900]
2026-08-30T02:09:38+00:00 RUN_HEARTBEAT terminal=BT4 pid=47160 elapsed=727s
2026-08-30T02:09:39+00:00 RUN_HEARTBEAT terminal=BT2 pid=51288 elapsed=194s
2026-08-30T02:09:49+00:00 RUN_HEARTBEAT terminal=BT1 pid=30140 elapsed=129s
2026-08-30T02:09:57+00:00 RUN_HEARTBEAT terminal=BT3 pid=52392 elapsed=129s
2026-08-30T02:10:22+00:00 RUN_END id=OAFX1499 window=SCREEN_IS terminal=BT1 status=OK decision=SCREEN_OUT_SINGLE_SLEEVE elapsed=163.499s
2026-08-30T02:10:22+00:00 GATE_SKIP id=OAFX1499 window=IS reason=SINGLE_SLEEVE_INFERIOR decision=SCREEN_OUT_SINGLE_SLEEVE net=84921.0 PF=1.2184 DD=19.5314%
2026-08-30T02:10:22+00:00 RUN_START id=OAFX1501 family=gj_profit_giveback_exit window=SCREEN_IS terminal=BT1 run=oafx_screen_is_oafx1501_20260830111022_d569da
2026-08-30T02:10:23+00:00 RUN_HEARTBEAT terminal=BT1 pid=55328 elapsed=0s
2026-08-30T02:10:27+00:00 WAIT_MT5_IDLE terminal=PROD elapsed=65s pids=[34900]
2026-08-30T02:10:27+00:00 RUN_END id=OAFX1498 window=SCREEN_IS terminal=BT2 status=OK decision=SCREEN_OUT_SINGLE_SLEEVE elapsed=244.814s
2026-08-30T02:10:27+00:00 GATE_SKIP id=OAFX1498 window=IS reason=SINGLE_SLEEVE_INFERIOR decision=SCREEN_OUT_SINGLE_SLEEVE net=84921.0 PF=1.2184 DD=19.5314%
2026-08-30T02:10:27+00:00 RUN_START id=OAFX1502 family=gj_profit_giveback_exit window=SCREEN_IS terminal=BT2 run=oafx_screen_is_oafx1502_20260830111027_e90eae
2026-08-30T02:10:28+00:00 WAIT_LAUNCH_SLOT terminal=BT2 seconds=2.2
2026-08-30T02:10:29+00:00 RUN_END id=OAFX1500 window=SCREEN_IS terminal=BT3 status=OK decision=SCREEN_OUT_SINGLE_SLEEVE elapsed=163.092s
2026-08-30T02:10:29+00:00 GATE_SKIP id=OAFX1500 window=IS reason=SINGLE_SLEEVE_INFERIOR decision=SCREEN_OUT_SINGLE_SLEEVE net=84921.0 PF=1.2184 DD=19.5314%
2026-08-30T02:10:29+00:00 RUN_START id=OAFX1503 family=gj_profit_giveback_exit window=SCREEN_IS terminal=BT3 run=oafx_screen_is_oafx1503_20260830111029_9f3672
2026-08-30T02:10:30+00:00 WAIT_LAUNCH_SLOT terminal=BT3 seconds=8.8
2026-08-30T02:10:31+00:00 RUN_HEARTBEAT terminal=BT2 pid=53360 elapsed=0s
2026-08-30T02:10:40+00:00 RUN_HEARTBEAT terminal=BT3 pid=52316 elapsed=0s
2026-08-30T02:10:42+00:00 RUN_HEARTBEAT terminal=BT4 pid=47160 elapsed=792s
2026-08-30T02:11:32+00:00 RUN_HEARTBEAT terminal=BT1 pid=55328 elapsed=68s
2026-08-30T02:11:32+00:00 WAIT_MT5_IDLE terminal=PROD elapsed=130s pids=[34900]
2026-08-30T02:11:32+00:00 RUN_END id=OAFX1488 window=IS terminal=BT4 status=OK decision=IS_REJECT elapsed=844.361s
2026-08-30T02:11:32+00:00 GATE_SKIP id=OAFX1488 window=OOS reason=IS_NOT_SURVIVOR decision=IS_REJECT net=294492.0 PF=1.4279 DD=35.1169%
2026-08-30T02:11:32+00:00 RUN_START id=OAFX1504 family=gj_profit_giveback_exit window=SCREEN_IS terminal=BT4 run=oafx_screen_is_oafx1504_20260830111132_6298ff
2026-08-30T02:11:34+00:00 RUN_HEARTBEAT terminal=BT4 pid=54820 elapsed=0s
2026-08-30T02:11:36+00:00 RUN_HEARTBEAT terminal=BT2 pid=53360 elapsed=64s
2026-08-30T02:11:49+00:00 RUN_HEARTBEAT terminal=BT3 pid=52316 elapsed=69s
2026-08-30T02:12:39+00:00 WAIT_MT5_IDLE terminal=PROD elapsed=197s pids=[34900]
2026-08-30T02:12:39+00:00 RUN_HEARTBEAT terminal=BT4 pid=54820 elapsed=64s
2026-08-30T02:12:39+00:00 RUN_END id=OAFX1501 window=SCREEN_IS terminal=BT1 status=OK decision=SCREEN_OUT_SINGLE_SLEEVE elapsed=137.412s
2026-08-30T02:12:39+00:00 GATE_SKIP id=OAFX1501 window=IS reason=SINGLE_SLEEVE_INFERIOR decision=SCREEN_OUT_SINGLE_SLEEVE net=54027.0 PF=1.1937 DD=18.7288%
2026-08-30T02:12:39+00:00 RUN_START id=OAFX1505 family=gj_profit_giveback_exit window=SCREEN_IS terminal=BT1 run=oafx_screen_is_oafx1505_20260830111239_8e7e65
2026-08-30T02:12:40+00:00 RUN_HEARTBEAT terminal=BT2 pid=53360 elapsed=128s
2026-08-30T02:12:41+00:00 RUN_HEARTBEAT terminal=BT1 pid=52340 elapsed=0s
2026-08-30T02:12:55+00:00 RUN_HEARTBEAT terminal=BT3 pid=52316 elapsed=135s
2026-08-30T02:12:56+00:00 RUN_END id=OAFX1502 window=SCREEN_IS terminal=BT2 status=OK decision=SCREEN_OUT_SINGLE_SLEEVE elapsed=148.427s
2026-08-30T02:12:56+00:00 GATE_SKIP id=OAFX1502 window=IS reason=SINGLE_SLEEVE_INFERIOR decision=SCREEN_OUT_SINGLE_SLEEVE net=40510.0 PF=1.1452 DD=21.2192%
2026-08-30T02:12:56+00:00 RUN_START id=OAFX1506 family=gj_profit_giveback_exit window=SCREEN_IS terminal=BT2 run=oafx_screen_is_oafx1506_20260830111256_30243c
2026-08-30T02:12:58+00:00 RUN_HEARTBEAT terminal=BT2 pid=13160 elapsed=0s
2026-08-30T02:13:45+00:00 RUN_HEARTBEAT terminal=BT4 pid=54820 elapsed=130s
2026-08-30T02:13:45+00:00 WAIT_MT5_IDLE terminal=PROD elapsed=263s pids=[34900]
2026-08-30T02:13:45+00:00 RUN_HEARTBEAT terminal=BT1 pid=52340 elapsed=64s
2026-08-30T02:14:01+00:00 RUN_HEARTBEAT terminal=BT3 pid=52316 elapsed=201s
2026-08-30T02:14:02+00:00 RUN_HEARTBEAT terminal=BT2 pid=13160 elapsed=64s
2026-08-30T02:14:18+00:00 RUN_END id=OAFX1503 window=SCREEN_IS terminal=BT3 status=OK decision=SCREEN_OUT_SINGLE_SLEEVE elapsed=229.031s
2026-08-30T02:14:18+00:00 GATE_SKIP id=OAFX1503 window=IS reason=SINGLE_SLEEVE_INFERIOR decision=SCREEN_OUT_SINGLE_SLEEVE net=30610.0 PF=1.1097 DD=23.9824%
2026-08-30T02:14:18+00:00 RUN_START id=OAFX1507 family=gj_profit_giveback_exit window=SCREEN_IS terminal=BT3 run=oafx_screen_is_oafx1507_20260830111418_78f364
2026-08-30T02:14:20+00:00 RUN_HEARTBEAT terminal=BT3 pid=52336 elapsed=0s
2026-08-30T02:14:35+00:00 KILL_ORPHAN_TESTER terminal=PROD pids=[34900] orphan_seconds=312
2026-08-30T02:14:51+00:00 RUN_HEARTBEAT terminal=BT4 pid=54820 elapsed=196s
2026-08-30T02:14:51+00:00 RUN_END id=OAFX1497 window=SCREEN_IS terminal=PROD status=OK decision=SCREEN_OUT_SINGLE_SLEEVE elapsed=589.590s
2026-08-30T02:14:51+00:00 GATE_SKIP id=OAFX1497 window=IS reason=SINGLE_SLEEVE_INFERIOR decision=SCREEN_OUT_SINGLE_SLEEVE net=84921.0 PF=1.2184 DD=19.5314%
2026-08-30T02:14:51+00:00 RUN_END id=OAFX1505 window=SCREEN_IS terminal=BT1 status=OK decision=SCREEN_OUT_SINGLE_SLEEVE elapsed=131.968s
2026-08-30T02:14:51+00:00 GATE_SKIP id=OAFX1505 window=IS reason=SINGLE_SLEEVE_INFERIOR decision=SCREEN_OUT_SINGLE_SLEEVE net=46642.0 PF=1.1672 DD=22.4969%
2026-08-30T02:14:51+00:00 RUN_START id=OAFX1508 family=gj_profit_giveback_exit window=SCREEN_IS terminal=PROD run=oafx_screen_is_oafx1508_20260830111451_7d30a6
2026-08-30T02:14:51+00:00 RUN_START id=OAFX1509 family=gj_profit_giveback_exit window=SCREEN_IS terminal=BT1 run=oafx_screen_is_oafx1509_20260830111451_6b27ed
2026-08-30T02:14:52+00:00 WAIT_LAUNCH_SLOT terminal=PROD seconds=8.0
2026-08-30T02:14:53+00:00 RUN_HEARTBEAT terminal=BT1 pid=9748 elapsed=0s
2026-08-30T02:15:01+00:00 RUN_HEARTBEAT terminal=PROD pid=53720 elapsed=0s
2026-08-30T02:15:07+00:00 RUN_HEARTBEAT terminal=BT2 pid=13160 elapsed=129s
2026-08-30T02:15:24+00:00 RUN_END id=OAFX1504 window=SCREEN_IS terminal=BT4 status=OK decision=SCREEN_OUT_SINGLE_SLEEVE elapsed=231.453s
2026-08-30T02:15:24+00:00 GATE_SKIP id=OAFX1504 window=IS reason=SINGLE_SLEEVE_INFERIOR decision=SCREEN_OUT_SINGLE_SLEEVE net=39649.0 PF=1.1421 DD=23.3536%
2026-08-30T02:15:24+00:00 RUN_START id=OAFX1510 family=gj_profit_giveback_exit window=SCREEN_IS terminal=BT4 run=oafx_screen_is_oafx1510_20260830111524_8cbf02
2026-08-30T02:15:24+00:00 RUN_HEARTBEAT terminal=BT3 pid=52336 elapsed=64s
2026-08-30T02:15:26+00:00 RUN_HEARTBEAT terminal=BT4 pid=38800 elapsed=0s
2026-08-30T02:15:58+00:00 RUN_HEARTBEAT terminal=BT1 pid=9748 elapsed=65s
2026-08-30T02:16:07+00:00 RUN_HEARTBEAT terminal=PROD pid=53720 elapsed=65s
2026-08-30T02:16:13+00:00 RUN_END id=OAFX1506 window=SCREEN_IS terminal=BT2 status=OK decision=SCREEN_OUT_SINGLE_SLEEVE elapsed=197.602s
2026-08-30T02:16:13+00:00 GATE_SKIP id=OAFX1506 window=IS reason=SINGLE_SLEEVE_INFERIOR decision=SCREEN_OUT_SINGLE_SLEEVE net=48434.0 PF=1.1736 DD=23.0548%
2026-08-30T02:16:13+00:00 RUN_START id=OAFX1511 family=gj_profit_giveback_exit window=SCREEN_IS terminal=BT2 run=oafx_screen_is_oafx1511_20260830111613_6ebe1c
2026-08-30T02:16:15+00:00 RUN_HEARTBEAT terminal=BT2 pid=35360 elapsed=0s
2026-08-30T02:16:30+00:00 RUN_HEARTBEAT terminal=BT3 pid=52336 elapsed=130s
2026-08-30T02:16:31+00:00 RUN_HEARTBEAT terminal=BT4 pid=38800 elapsed=64s
2026-08-30T02:17:03+00:00 RUN_HEARTBEAT terminal=BT1 pid=9748 elapsed=129s
2026-08-30T02:17:12+00:00 RUN_HEARTBEAT terminal=PROD pid=53720 elapsed=131s
2026-08-30T02:17:20+00:00 RUN_HEARTBEAT terminal=BT2 pid=35360 elapsed=65s
2026-08-30T02:17:36+00:00 RUN_HEARTBEAT terminal=BT4 pid=38800 elapsed=129s
2026-08-30T02:17:36+00:00 RUN_HEARTBEAT terminal=BT3 pid=52336 elapsed=196s
2026-08-30T02:17:36+00:00 RUN_END id=OAFX1509 window=SCREEN_IS terminal=BT1 status=OK decision=SCREEN_OUT_SINGLE_SLEEVE elapsed=164.999s
2026-08-30T02:17:36+00:00 GATE_SKIP id=OAFX1509 window=IS reason=SINGLE_SLEEVE_INFERIOR decision=SCREEN_OUT_SINGLE_SLEEVE net=90374.0 PF=1.3239 DD=19.8408%
2026-08-30T02:17:36+00:00 RUN_START id=OAFX1512 family=gj_profit_giveback_exit window=SCREEN_IS terminal=BT1 run=oafx_screen_is_oafx1512_20260830111736_14266b
2026-08-30T02:17:38+00:00 RUN_HEARTBEAT terminal=BT1 pid=54720 elapsed=0s
2026-08-30T02:18:18+00:00 RUN_HEARTBEAT terminal=PROD pid=53720 elapsed=196s
2026-08-30T02:18:25+00:00 RUN_END id=OAFX1507 window=SCREEN_IS terminal=BT3 status=OK decision=SCREEN_OUT_SINGLE_SLEEVE elapsed=247.352s
2026-08-30T02:18:25+00:00 GATE_SKIP id=OAFX1507 window=IS reason=SINGLE_SLEEVE_INFERIOR decision=SCREEN_OUT_SINGLE_SLEEVE net=65882.0 PF=1.2362 DD=19.6575%
2026-08-30T02:18:25+00:00 RUN_START id=OAFX1513 family=gj_profit_giveback_exit window=SCREEN_IS terminal=BT3 run=oafx_screen_is_oafx1513_20260830111825_e49732
2026-08-30T02:18:25+00:00 RUN_HEARTBEAT terminal=BT2 pid=35360 elapsed=130s
2026-08-30T02:18:27+00:00 RUN_HEARTBEAT terminal=BT3 pid=53760 elapsed=0s
2026-08-30T02:18:41+00:00 RUN_HEARTBEAT terminal=BT4 pid=38800 elapsed=195s
2026-08-30T02:18:43+00:00 RUN_HEARTBEAT terminal=BT1 pid=54720 elapsed=65s
2026-08-30T02:19:06+00:00 RUN_END id=OAFX1508 window=SCREEN_IS terminal=PROD status=OK decision=SCREEN_OUT_SINGLE_SLEEVE elapsed=255.051s
2026-08-30T02:19:06+00:00 GATE_SKIP id=OAFX1508 window=IS reason=SINGLE_SLEEVE_INFERIOR decision=SCREEN_OUT_SINGLE_SLEEVE net=73807.0 PF=1.2646 DD=20.7818%
2026-08-30T02:19:06+00:00 RUN_START id=OAFX1514 family=gj_profit_giveback_exit window=SCREEN_IS terminal=PROD run=oafx_screen_is_oafx1514_20260830111906_86a4e7
2026-08-30T02:19:08+00:00 RUN_HEARTBEAT terminal=PROD pid=55556 elapsed=0s
2026-08-30T02:19:30+00:00 RUN_END id=OAFX1510 window=SCREEN_IS terminal=BT4 status=OK decision=SCREEN_OUT_SINGLE_SLEEVE elapsed=245.972s
2026-08-30T02:19:30+00:00 GATE_SKIP id=OAFX1510 window=IS reason=SINGLE_SLEEVE_INFERIOR decision=SCREEN_OUT_SINGLE_SLEEVE net=81308.0 PF=1.2905 DD=21.4328%
2026-08-30T02:19:30+00:00 RUN_START id=OAFX1515 family=gj_profit_giveback_exit window=SCREEN_IS terminal=BT4 run=oafx_screen_is_oafx1515_20260830111930_d55145
2026-08-30T02:19:30+00:00 RUN_HEARTBEAT terminal=BT2 pid=35360 elapsed=194s
2026-08-30T02:19:32+00:00 RUN_HEARTBEAT terminal=BT3 pid=53760 elapsed=64s
2026-08-30T02:19:32+00:00 RUN_HEARTBEAT terminal=BT4 pid=48852 elapsed=0s
2026-08-30T02:19:47+00:00 RUN_HEARTBEAT terminal=BT1 pid=54720 elapsed=129s
2026-08-30T02:20:03+00:00 RUN_END id=OAFX1511 window=SCREEN_IS terminal=BT2 status=OK decision=SCREEN_OUT_SINGLE_SLEEVE elapsed=229.714s
2026-08-30T02:20:03+00:00 GATE_SKIP id=OAFX1511 window=IS reason=SINGLE_SLEEVE_INFERIOR decision=SCREEN_OUT_SINGLE_SLEEVE net=65547.0 PF=1.2158 DD=18.6472%
2026-08-30T02:20:03+00:00 RUN_START id=OAFX1516 family=gj_profit_giveback_exit window=SCREEN_IS terminal=BT2 run=oafx_screen_is_oafx1516_20260830112003_a1b5f3
2026-08-30T02:20:05+00:00 RUN_HEARTBEAT terminal=BT2 pid=46516 elapsed=0s
2026-08-30T02:20:13+00:00 RUN_HEARTBEAT terminal=PROD pid=55556 elapsed=65s
2026-08-30T02:20:37+00:00 RUN_HEARTBEAT terminal=BT3 pid=53760 elapsed=129s
2026-08-30T02:20:37+00:00 RUN_END id=OAFX1512 window=SCREEN_IS terminal=BT1 status=OK decision=SCREEN_OUT_SINGLE_SLEEVE elapsed=180.788s
2026-08-30T02:20:37+00:00 GATE_SKIP id=OAFX1512 window=IS reason=SINGLE_SLEEVE_INFERIOR decision=SCREEN_OUT_SINGLE_SLEEVE net=53741.0 PF=1.1769 DD=21.2428%
2026-08-30T02:20:37+00:00 RUN_START id=OAFX1517 family=gj_profit_giveback_exit window=SCREEN_IS terminal=BT1 run=oafx_screen_is_oafx1517_20260830112037_aaa5f9
2026-08-30T02:20:37+00:00 RUN_HEARTBEAT terminal=BT4 pid=48852 elapsed=65s
2026-08-30T02:20:39+00:00 RUN_HEARTBEAT terminal=BT1 pid=39912 elapsed=0s
2026-08-30T02:21:10+00:00 RUN_HEARTBEAT terminal=BT2 pid=46516 elapsed=64s
2026-08-30T02:21:19+00:00 RUN_HEARTBEAT terminal=PROD pid=55556 elapsed=130s
2026-08-30T02:21:43+00:00 RUN_HEARTBEAT terminal=BT3 pid=53760 elapsed=195s
2026-08-30T02:21:43+00:00 RUN_HEARTBEAT terminal=BT4 pid=48852 elapsed=131s
2026-08-30T02:21:43+00:00 RUN_HEARTBEAT terminal=BT1 pid=39912 elapsed=64s
2026-08-30T02:22:17+00:00 RUN_HEARTBEAT terminal=BT2 pid=46516 elapsed=131s
2026-08-30T02:22:17+00:00 RUN_END id=OAFX1513 window=SCREEN_IS terminal=BT3 status=OK decision=SCREEN_OUT_SINGLE_SLEEVE elapsed=231.469s
2026-08-30T02:22:17+00:00 GATE_SKIP id=OAFX1513 window=IS reason=SINGLE_SLEEVE_INFERIOR decision=SCREEN_OUT_SINGLE_SLEEVE net=42983.0 PF=1.1415 DD=23.449%
2026-08-30T02:22:17+00:00 RUN_START id=OAFX1518 family=gj_profit_giveback_exit window=SCREEN_IS terminal=BT3 run=oafx_screen_is_oafx1518_20260830112217_7a7caa
2026-08-30T02:22:19+00:00 RUN_HEARTBEAT terminal=BT3 pid=51988 elapsed=0s
2026-08-30T02:22:24+00:00 RUN_HEARTBEAT terminal=PROD pid=55556 elapsed=196s
2026-08-30T02:22:50+00:00 RUN_HEARTBEAT terminal=BT4 pid=48852 elapsed=197s
2026-08-30T02:22:50+00:00 RUN_HEARTBEAT terminal=BT1 pid=39912 elapsed=130s
2026-08-30T02:22:56+00:00 RUN_END id=OAFX1514 window=SCREEN_IS terminal=PROD status=OK decision=SCREEN_OUT_SINGLE_SLEEVE elapsed=230.398s
2026-08-30T02:22:56+00:00 GATE_SKIP id=OAFX1514 window=IS reason=SINGLE_SLEEVE_INFERIOR decision=SCREEN_OUT_SINGLE_SLEEVE net=46939.0 PF=1.1545 DD=23.1482%
2026-08-30T02:22:56+00:00 RUN_START id=OAFX1519 family=gj_profit_giveback_exit window=SCREEN_IS terminal=PROD run=oafx_screen_is_oafx1519_20260830112256_79f3e1
2026-08-30T02:22:59+00:00 RUN_HEARTBEAT terminal=PROD pid=57176 elapsed=0s
2026-08-30T02:23:23+00:00 RUN_HEARTBEAT terminal=BT2 pid=46516 elapsed=197s
2026-08-30T02:23:23+00:00 RUN_HEARTBEAT terminal=BT3 pid=51988 elapsed=64s
2026-08-30T02:23:39+00:00 RUN_END id=OAFX1515 window=SCREEN_IS terminal=BT4 status=OK decision=SCREEN_OUT_SINGLE_SLEEVE elapsed=249.121s
2026-08-30T02:23:39+00:00 GATE_SKIP id=OAFX1515 window=IS reason=SINGLE_SLEEVE_INFERIOR decision=SCREEN_OUT_SINGLE_SLEEVE net=47130.0 PF=1.1551 DD=24.7675%
2026-08-30T02:23:39+00:00 RUN_START id=OAFX1520 family=gj_profit_giveback_exit window=SCREEN_IS terminal=BT4 run=oafx_screen_is_oafx1520_20260830112339_5e4867
2026-08-30T02:23:41+00:00 RUN_HEARTBEAT terminal=BT4 pid=54996 elapsed=0s
2026-08-30T02:23:55+00:00 RUN_HEARTBEAT terminal=BT1 pid=39912 elapsed=196s
2026-08-30T02:24:03+00:00 RUN_HEARTBEAT terminal=PROD pid=57176 elapsed=64s
2026-08-30T02:24:11+00:00 RUN_END id=OAFX1516 window=SCREEN_IS terminal=BT2 status=OK decision=SCREEN_OUT_SINGLE_SLEEVE elapsed=248.350s
2026-08-30T02:24:11+00:00 GATE_SKIP id=OAFX1516 window=IS reason=SINGLE_SLEEVE_INFERIOR decision=SCREEN_OUT_SINGLE_SLEEVE net=57507.0 PF=1.1893 DD=23.5038%
2026-08-30T02:24:11+00:00 RUN_START id=OAFX1521 family=gj_profit_giveback_exit window=SCREEN_IS terminal=BT2 run=oafx_screen_is_oafx1521_20260830112411_dcc527
2026-08-30T02:24:12+00:00 RUN_END id=OAFX1517 window=SCREEN_IS terminal=BT1 status=OK decision=SCREEN_NOISE_BAND elapsed=214.764s
2026-08-30T02:24:12+00:00 GATE_SKIP id=OAFX1517 window=IS reason=SINGLE_SLEEVE_INFERIOR decision=SCREEN_NOISE_BAND net=85708.0 PF=1.2821 DD=19.2098%
2026-08-30T02:24:12+00:00 RUN_START id=OAFX1522 family=gj_profit_giveback_exit window=SCREEN_IS terminal=BT1 run=oafx_screen_is_oafx1522_20260830112412_103b8c
2026-08-30T02:24:13+00:00 WAIT_LAUNCH_SLOT terminal=BT1 seconds=8.0
2026-08-30T02:24:14+00:00 RUN_HEARTBEAT terminal=BT2 pid=51544 elapsed=0s
2026-08-30T02:24:22+00:00 RUN_HEARTBEAT terminal=BT1 pid=14560 elapsed=0s
2026-08-30T02:24:28+00:00 RUN_HEARTBEAT terminal=BT3 pid=51988 elapsed=129s
2026-08-30T02:24:45+00:00 RUN_HEARTBEAT terminal=BT4 pid=54996 elapsed=64s
2026-08-30T02:25:11+00:00 RUN_HEARTBEAT terminal=PROD pid=57176 elapsed=132s
2026-08-30T02:25:18+00:00 RUN_HEARTBEAT terminal=BT2 pid=51544 elapsed=65s
2026-08-30T02:25:28+00:00 RUN_HEARTBEAT terminal=BT1 pid=14560 elapsed=65s
2026-08-30T02:25:34+00:00 RUN_HEARTBEAT terminal=BT3 pid=51988 elapsed=195s
2026-08-30T02:25:51+00:00 RUN_HEARTBEAT terminal=BT4 pid=54996 elapsed=129s
2026-08-30T02:26:07+00:00 RUN_END id=OAFX1518 window=SCREEN_IS terminal=BT3 status=OK decision=SCREEN_OUT_SINGLE_SLEEVE elapsed=230.422s
2026-08-30T02:26:07+00:00 GATE_SKIP id=OAFX1518 window=IS reason=SINGLE_SLEEVE_INFERIOR decision=SCREEN_OUT_SINGLE_SLEEVE net=73996.0 PF=1.2436 DD=23.5461%
2026-08-30T02:26:07+00:00 RUN_START id=OAFX1523 family=gj_profit_giveback_exit window=SCREEN_IS terminal=BT3 run=oafx_screen_is_oafx1523_20260830112607_32de94
2026-08-30T02:26:09+00:00 RUN_HEARTBEAT terminal=BT3 pid=54820 elapsed=0s
2026-08-30T02:26:17+00:00 RUN_HEARTBEAT terminal=PROD pid=57176 elapsed=198s
2026-08-30T02:26:23+00:00 RUN_HEARTBEAT terminal=BT2 pid=51544 elapsed=129s
2026-08-30T02:26:34+00:00 RUN_HEARTBEAT terminal=BT1 pid=14560 elapsed=132s
2026-08-30T02:26:56+00:00 RUN_HEARTBEAT terminal=BT4 pid=54996 elapsed=195s
2026-08-30T02:27:07+00:00 RUN_END id=OAFX1519 window=SCREEN_IS terminal=PROD status=OK decision=SCREEN_OUT_SINGLE_SLEEVE elapsed=250.257s
2026-08-30T02:27:07+00:00 GATE_SKIP id=OAFX1519 window=IS reason=SINGLE_SLEEVE_INFERIOR decision=SCREEN_OUT_SINGLE_SLEEVE net=89811.0 PF=1.2956 DD=20.2933%
2026-08-30T02:27:07+00:00 RUN_START id=OAFX1524 family=gj_profit_giveback_exit window=SCREEN_IS terminal=PROD run=oafx_screen_is_oafx1524_20260830112707_640187
2026-08-30T02:27:09+00:00 RUN_HEARTBEAT terminal=PROD pid=19148 elapsed=0s
2026-08-30T02:27:14+00:00 RUN_HEARTBEAT terminal=BT3 pid=54820 elapsed=65s
2026-08-30T02:27:29+00:00 RUN_END id=OAFX1521 window=SCREEN_IS terminal=BT2 status=OK decision=SCREEN_NOISE_BAND elapsed=197.043s
2026-08-30T02:27:29+00:00 GATE_SKIP id=OAFX1521 window=IS reason=SINGLE_SLEEVE_INFERIOR decision=SCREEN_NOISE_BAND net=57943.0 PF=1.1756 DD=19.3226%
2026-08-30T02:27:29+00:00 RUN_START id=OAFX1525 family=gj_profit_giveback_exit window=SCREEN_IS terminal=BT2 run=oafx_screen_is_oafx1525_20260830112729_b9e6f4
2026-08-30T02:27:31+00:00 RUN_HEARTBEAT terminal=BT2 pid=53220 elapsed=0s
2026-08-30T02:27:39+00:00 RUN_HEARTBEAT terminal=BT1 pid=14560 elapsed=197s
2026-08-30T02:28:01+00:00 RUN_END id=OAFX1520 window=SCREEN_IS terminal=BT4 status=OK decision=SCREEN_OUT_SINGLE_SLEEVE elapsed=261.833s
2026-08-30T02:28:01+00:00 GATE_SKIP id=OAFX1520 window=IS reason=SINGLE_SLEEVE_INFERIOR decision=SCREEN_OUT_SINGLE_SLEEVE net=81743.0 PF=1.2685 DD=22.215%
2026-08-30T02:28:01+00:00 RUN_START id=OAFX1526 family=gj_profit_giveback_exit window=SCREEN_IS terminal=BT4 run=oafx_screen_is_oafx1526_20260830112801_0cbf46
2026-08-30T02:28:03+00:00 RUN_HEARTBEAT terminal=BT4 pid=26812 elapsed=0s
2026-08-30T02:28:13+00:00 RUN_HEARTBEAT terminal=PROD pid=19148 elapsed=65s
2026-08-30T02:28:19+00:00 RUN_HEARTBEAT terminal=BT3 pid=54820 elapsed=129s
2026-08-30T02:28:27+00:00 RUN_END id=OAFX1522 window=SCREEN_IS terminal=BT1 status=OK decision=SCREEN_OUT_SINGLE_SLEEVE elapsed=255.608s
2026-08-30T02:28:27+00:00 GATE_SKIP id=OAFX1522 window=IS reason=SINGLE_SLEEVE_INFERIOR decision=SCREEN_OUT_SINGLE_SLEEVE net=53664.0 PF=1.1627 DD=21.0298%
2026-08-30T02:28:27+00:00 RUN_START id=OAFX1527 family=gj_profit_giveback_exit window=SCREEN_IS terminal=BT1 run=oafx_screen_is_oafx1527_20260830112827_d02a53
2026-08-30T02:28:29+00:00 RUN_HEARTBEAT terminal=BT1 pid=56468 elapsed=0s
2026-08-30T02:28:35+00:00 RUN_HEARTBEAT terminal=BT2 pid=53220 elapsed=65s
2026-08-30T02:29:08+00:00 RUN_HEARTBEAT terminal=BT4 pid=26812 elapsed=65s
2026-08-30T02:29:20+00:00 RUN_HEARTBEAT terminal=PROD pid=19148 elapsed=130s
2026-08-30T02:29:25+00:00 RUN_HEARTBEAT terminal=BT3 pid=54820 elapsed=195s
2026-08-30T02:29:36+00:00 RUN_HEARTBEAT terminal=BT1 pid=56468 elapsed=67s
2026-08-30T02:29:36+00:00 RUN_END id=OAFX1524 window=SCREEN_IS terminal=PROD status=OK decision=SCREEN_OUT_SINGLE_SLEEVE elapsed=149.227s
2026-08-30T02:29:36+00:00 GATE_SKIP id=OAFX1524 window=IS reason=SINGLE_SLEEVE_INFERIOR decision=SCREEN_OUT_SINGLE_SLEEVE net=35403.0 PF=1.1073 DD=27.2001%
2026-08-30T02:29:36+00:00 RUN_START id=OAFX1528 family=gj_profit_giveback_exit window=SCREEN_IS terminal=PROD run=oafx_screen_is_oafx1528_20260830112936_3db64b
2026-08-30T02:29:38+00:00 RUN_HEARTBEAT terminal=PROD pid=56444 elapsed=0s
2026-08-30T02:29:41+00:00 RUN_HEARTBEAT terminal=BT2 pid=53220 elapsed=130s
2026-08-30T02:30:13+00:00 RUN_HEARTBEAT terminal=BT4 pid=26812 elapsed=130s
2026-08-30T02:30:13+00:00 RUN_END id=OAFX1523 window=SCREEN_IS terminal=BT3 status=OK decision=SCREEN_OUT_SINGLE_SLEEVE elapsed=246.402s
2026-08-30T02:30:13+00:00 GATE_SKIP id=OAFX1523 window=IS reason=SINGLE_SLEEVE_INFERIOR decision=SCREEN_OUT_SINGLE_SLEEVE net=40694.0 PF=1.1233 DD=24.679%
2026-08-30T02:30:13+00:00 RUN_START id=OAFX1529 family=gj_profit_giveback_exit window=SCREEN_IS terminal=BT3 run=oafx_screen_is_oafx1529_20260830113013_0a89d4
2026-08-30T02:30:16+00:00 RUN_HEARTBEAT terminal=BT3 pid=41092 elapsed=0s
2026-08-30T02:30:41+00:00 RUN_HEARTBEAT terminal=BT1 pid=56468 elapsed=131s
2026-08-30T02:30:42+00:00 RUN_HEARTBEAT terminal=PROD pid=56444 elapsed=64s
2026-08-30T02:30:46+00:00 RUN_HEARTBEAT terminal=BT2 pid=53220 elapsed=195s
2026-08-30T02:31:19+00:00 RUN_HEARTBEAT terminal=BT4 pid=26812 elapsed=196s
2026-08-30T02:31:20+00:00 RUN_HEARTBEAT terminal=BT3 pid=41092 elapsed=65s
2026-08-30T02:31:35+00:00 RUN_END id=OAFX1525 window=SCREEN_IS terminal=BT2 status=OK decision=SCREEN_OUT_SINGLE_SLEEVE elapsed=246.845s
2026-08-30T02:31:35+00:00 GATE_SKIP id=OAFX1525 window=IS reason=SINGLE_SLEEVE_INFERIOR decision=SCREEN_OUT_SINGLE_SLEEVE net=43469.0 PF=1.1318 DD=28.3153%
2026-08-30T02:31:35+00:00 RUN_START id=OAFX1530 family=gj_profit_giveback_exit window=SCREEN_IS terminal=BT2 run=oafx_screen_is_oafx1530_20260830113135_05642a
2026-08-30T02:31:38+00:00 RUN_HEARTBEAT terminal=BT2 pid=17344 elapsed=0s
2026-08-30T02:31:46+00:00 RUN_HEARTBEAT terminal=BT1 pid=56468 elapsed=197s
2026-08-30T02:31:47+00:00 RUN_HEARTBEAT terminal=PROD pid=56444 elapsed=129s
2026-08-30T02:32:24+00:00 RUN_END id=OAFX1526 window=SCREEN_IS terminal=BT4 status=OK decision=SCREEN_OUT_SINGLE_SLEEVE elapsed=263.348s
2026-08-30T02:32:24+00:00 GATE_SKIP id=OAFX1526 window=IS reason=SINGLE_SLEEVE_INFERIOR decision=SCREEN_OUT_SINGLE_SLEEVE net=53475.0 PF=1.1621 DD=28.6242%
2026-08-30T02:32:24+00:00 RUN_START id=OAFX1531 family=gj_profit_giveback_exit window=SCREEN_IS terminal=BT4 run=oafx_screen_is_oafx1531_20260830113224_2c4b85
2026-08-30T02:32:24+00:00 RUN_HEARTBEAT terminal=BT3 pid=41092 elapsed=129s
2026-08-30T02:32:26+00:00 RUN_HEARTBEAT terminal=BT4 pid=54564 elapsed=0s
2026-08-30T02:32:35+00:00 RUN_END id=OAFX1527 window=SCREEN_IS terminal=BT1 status=OK decision=SCREEN_OUT_SINGLE_SLEEVE elapsed=247.374s
2026-08-30T02:32:35+00:00 GATE_SKIP id=OAFX1527 window=IS reason=SINGLE_SLEEVE_INFERIOR decision=SCREEN_OUT_SINGLE_SLEEVE net=85599.0 PF=1.2594 DD=22.8746%
2026-08-30T02:32:35+00:00 RUN_START id=OAFX1532 family=gj_profit_giveback_exit window=SCREEN_IS terminal=BT1 run=oafx_screen_is_oafx1532_20260830113235_e01bfb
2026-08-30T02:32:35+00:00 RUN_END id=OAFX1528 window=SCREEN_IS terminal=PROD status=OK decision=SCREEN_OUT_SINGLE_SLEEVE elapsed=179.203s
2026-08-30T02:32:35+00:00 GATE_SKIP id=OAFX1528 window=IS reason=SINGLE_SLEEVE_INFERIOR decision=SCREEN_OUT_SINGLE_SLEEVE net=77164.0 PF=1.2339 DD=25.5882%
2026-08-30T02:32:35+00:00 RUN_START id=OAFX1533 family=gj_profit_giveback_exit window=SCREEN_IS terminal=PROD run=oafx_screen_is_oafx1533_20260830113235_9bbe45
2026-08-30T02:32:36+00:00 WAIT_LAUNCH_SLOT terminal=PROD seconds=7.4
2026-08-30T02:32:36+00:00 RUN_HEARTBEAT terminal=BT1 pid=49408 elapsed=0s
2026-08-30T02:32:42+00:00 RUN_HEARTBEAT terminal=BT2 pid=17344 elapsed=64s
2026-08-30T02:32:45+00:00 RUN_HEARTBEAT terminal=PROD pid=48216 elapsed=0s
2026-08-30T02:33:30+00:00 RUN_HEARTBEAT terminal=BT3 pid=41092 elapsed=194s
2026-08-30T02:33:31+00:00 RUN_HEARTBEAT terminal=BT4 pid=54564 elapsed=65s
2026-08-30T02:33:43+00:00 RUN_HEARTBEAT terminal=BT1 pid=49408 elapsed=66s
2026-08-30T02:33:47+00:00 RUN_HEARTBEAT terminal=BT2 pid=17344 elapsed=130s
2026-08-30T02:33:50+00:00 RUN_HEARTBEAT terminal=PROD pid=48216 elapsed=65s
2026-08-30T02:34:02+00:00 RUN_END id=OAFX1529 window=SCREEN_IS terminal=BT3 status=OK decision=SCREEN_OUT_SINGLE_SLEEVE elapsed=228.368s
2026-08-30T02:34:02+00:00 GATE_SKIP id=OAFX1529 window=IS reason=SINGLE_SLEEVE_INFERIOR decision=SCREEN_OUT_SINGLE_SLEEVE net=91443.0 PF=1.2772 DD=20.8308%
2026-08-30T02:34:02+00:00 RUN_START id=OAFX1534 family=gj_profit_giveback_exit window=SCREEN_IS terminal=BT3 run=oafx_screen_is_oafx1534_20260830113402_ba72d7
2026-08-30T02:34:04+00:00 RUN_HEARTBEAT terminal=BT3 pid=55204 elapsed=0s
2026-08-30T02:34:38+00:00 RUN_HEARTBEAT terminal=BT4 pid=54564 elapsed=131s
2026-08-30T02:34:49+00:00 RUN_HEARTBEAT terminal=BT1 pid=49408 elapsed=132s
2026-08-30T02:34:54+00:00 RUN_HEARTBEAT terminal=BT2 pid=17344 elapsed=196s
2026-08-30T02:34:54+00:00 RUN_END id=OAFX1531 window=SCREEN_IS terminal=BT4 status=OK decision=SCREEN_OUT_SINGLE_SLEEVE elapsed=150.129s
2026-08-30T02:34:54+00:00 GATE_SKIP id=OAFX1531 window=IS reason=SINGLE_SLEEVE_INFERIOR decision=SCREEN_OUT_SINGLE_SLEEVE net=57543.0 PF=1.1634 DD=21.6988%
2026-08-30T02:34:54+00:00 RUN_START id=OAFX1535 family=gj_profit_giveback_exit window=SCREEN_IS terminal=BT4 run=oafx_screen_is_oafx1535_20260830113454_61afb1
2026-08-30T02:34:54+00:00 RUN_HEARTBEAT terminal=PROD pid=48216 elapsed=130s
2026-08-30T02:34:56+00:00 RUN_HEARTBEAT terminal=BT4 pid=1828 elapsed=0s
2026-08-30T02:35:10+00:00 RUN_HEARTBEAT terminal=BT3 pid=55204 elapsed=66s
2026-08-30T02:35:55+00:00 RUN_HEARTBEAT terminal=BT1 pid=49408 elapsed=198s
2026-08-30T02:36:00+00:00 RUN_HEARTBEAT terminal=PROD pid=48216 elapsed=195s
2026-08-30T02:36:00+00:00 RUN_END id=OAFX1530 window=SCREEN_IS terminal=BT2 status=OK decision=SCREEN_OUT_SINGLE_SLEEVE elapsed=264.326s
2026-08-30T02:36:00+00:00 GATE_SKIP id=OAFX1530 window=IS reason=SINGLE_SLEEVE_INFERIOR decision=SCREEN_OUT_SINGLE_SLEEVE net=86928.0 PF=1.263 DD=22.6357%
2026-08-30T02:36:00+00:00 RUN_START id=OAFX1536 family=gj_profit_giveback_exit window=SCREEN_IS terminal=BT2 run=oafx_screen_is_oafx1536_20260830113600_4290b8
2026-08-30T02:36:01+00:00 RUN_HEARTBEAT terminal=BT4 pid=1828 elapsed=64s
2026-08-30T02:36:02+00:00 RUN_HEARTBEAT terminal=BT2 pid=47756 elapsed=0s
2026-08-30T02:36:11+00:00 RUN_END id=OAFX1532 window=SCREEN_IS terminal=BT1 status=OK decision=SCREEN_OUT_SINGLE_SLEEVE elapsed=216.713s
2026-08-30T02:36:11+00:00 GATE_SKIP id=OAFX1532 window=IS reason=SINGLE_SLEEVE_INFERIOR decision=SCREEN_OUT_SINGLE_SLEEVE net=52246.0 PF=1.1483 DD=22.7299%
2026-08-30T02:36:11+00:00 RUN_START id=OAFX1537 family=gj_profit_giveback_exit window=SCREEN_IS terminal=BT1 run=oafx_screen_is_oafx1537_20260830113611_2867c4
2026-08-30T02:36:13+00:00 RUN_HEARTBEAT terminal=BT1 pid=56772 elapsed=0s
2026-08-30T02:36:16+00:00 RUN_HEARTBEAT terminal=BT3 pid=55204 elapsed=132s
2026-08-30T02:37:05+00:00 RUN_END id=OAFX1533 window=SCREEN_IS terminal=PROD status=OK decision=SCREEN_OUT_SINGLE_SLEEVE elapsed=269.399s
2026-08-30T02:37:05+00:00 GATE_SKIP id=OAFX1533 window=IS reason=SINGLE_SLEEVE_INFERIOR decision=SCREEN_OUT_SINGLE_SLEEVE net=54271.0 PF=1.1541 DD=22.4137%
2026-08-30T02:37:05+00:00 RUN_START id=OAFX1538 family=gj_profit_giveback_exit window=SCREEN_IS terminal=PROD run=oafx_screen_is_oafx1538_20260830113705_e4c7f3
2026-08-30T02:37:05+00:00 RUN_HEARTBEAT terminal=BT4 pid=1828 elapsed=129s
2026-08-30T02:37:06+00:00 RUN_HEARTBEAT terminal=BT2 pid=47756 elapsed=64s
2026-08-30T02:37:07+00:00 RUN_HEARTBEAT terminal=PROD pid=51288 elapsed=0s
2026-08-30T02:37:20+00:00 RUN_HEARTBEAT terminal=BT1 pid=56772 elapsed=65s
2026-08-30T02:37:21+00:00 RUN_HEARTBEAT terminal=BT3 pid=55204 elapsed=196s
2026-08-30T02:38:11+00:00 RUN_HEARTBEAT terminal=BT4 pid=1828 elapsed=194s
2026-08-30T02:38:11+00:00 RUN_END id=OAFX1534 window=SCREEN_IS terminal=BT3 status=OK decision=SCREEN_OUT_SINGLE_SLEEVE elapsed=249.409s
2026-08-30T02:38:11+00:00 GATE_SKIP id=OAFX1534 window=IS reason=SINGLE_SLEEVE_INFERIOR decision=SCREEN_OUT_SINGLE_SLEEVE net=41539.0 PF=1.1179 DD=25.4043%
2026-08-30T02:38:11+00:00 RUN_START id=OAFX1539 family=gj_profit_giveback_exit window=SCREEN_IS terminal=BT3 run=oafx_screen_is_oafx1539_20260830113811_37abfc
2026-08-30T02:38:11+00:00 RUN_HEARTBEAT terminal=BT2 pid=47756 elapsed=129s
2026-08-30T02:38:11+00:00 RUN_HEARTBEAT terminal=PROD pid=51288 elapsed=65s
2026-08-30T02:38:13+00:00 RUN_HEARTBEAT terminal=BT3 pid=27788 elapsed=0s
2026-08-30T02:38:27+00:00 RUN_HEARTBEAT terminal=BT1 pid=56772 elapsed=134s
2026-08-30T02:38:28+00:00 RUN_END id=OAFX1535 window=SCREEN_IS terminal=BT4 status=OK decision=SCREEN_OUT_SINGLE_SLEEVE elapsed=213.344s
2026-08-30T02:38:28+00:00 GATE_SKIP id=OAFX1535 window=IS reason=SINGLE_SLEEVE_INFERIOR decision=SCREEN_OUT_SINGLE_SLEEVE net=41053.0 PF=1.1165 DD=28.8851%
2026-08-30T02:38:28+00:00 RUN_START id=OAFX1540 family=gj_profit_giveback_exit window=SCREEN_IS terminal=BT4 run=oafx_screen_is_oafx1540_20260830113828_d390d9
2026-08-30T02:38:30+00:00 RUN_HEARTBEAT terminal=BT4 pid=12780 elapsed=0s
2026-08-30T02:39:00+00:00 RUN_END id=OAFX1536 window=SCREEN_IS terminal=BT2 status=OK decision=SCREEN_OUT_SINGLE_SLEEVE elapsed=180.747s
2026-08-30T02:39:00+00:00 GATE_SKIP id=OAFX1536 window=IS reason=SINGLE_SLEEVE_INFERIOR decision=SCREEN_OUT_SINGLE_SLEEVE net=53827.0 PF=1.1528 DD=28.5537%
2026-08-30T02:39:00+00:00 RUN_START id=OAFX1541 family=gj_profit_giveback_exit window=SCREEN_IS terminal=BT2 run=oafx_screen_is_oafx1541_20260830113900_af9d07
2026-08-30T02:39:03+00:00 RUN_HEARTBEAT terminal=BT2 pid=56744 elapsed=0s
2026-08-30T02:39:17+00:00 RUN_HEARTBEAT terminal=PROD pid=51288 elapsed=130s
2026-08-30T02:39:18+00:00 RUN_HEARTBEAT terminal=BT3 pid=27788 elapsed=65s
2026-08-30T02:39:34+00:00 RUN_HEARTBEAT terminal=BT1 pid=56772 elapsed=199s
2026-08-30T02:39:35+00:00 RUN_HEARTBEAT terminal=BT4 pid=12780 elapsed=65s
2026-08-30T02:40:08+00:00 RUN_HEARTBEAT terminal=BT2 pid=56744 elapsed=65s
2026-08-30T02:40:24+00:00 RUN_HEARTBEAT terminal=BT3 pid=27788 elapsed=130s
2026-08-30T02:40:24+00:00 RUN_HEARTBEAT terminal=PROD pid=51288 elapsed=197s
2026-08-30T02:40:24+00:00 RUN_END id=OAFX1537 window=SCREEN_IS terminal=BT1 status=OK decision=SCREEN_OUT_SINGLE_SLEEVE elapsed=253.254s
2026-08-30T02:40:24+00:00 GATE_SKIP id=OAFX1537 window=IS reason=SINGLE_SLEEVE_INFERIOR decision=SCREEN_OUT_SINGLE_SLEEVE net=73263.0 PF=1.208 DD=24.1785%
2026-08-30T02:40:24+00:00 RUN_START id=OAFX1542 family=gj_profit_giveback_exit window=SCREEN_IS terminal=BT1 run=oafx_screen_is_oafx1542_20260830114024_725176
2026-08-30T02:40:27+00:00 RUN_HEARTBEAT terminal=BT1 pid=50104 elapsed=0s
2026-08-30T02:40:41+00:00 RUN_HEARTBEAT terminal=BT4 pid=12780 elapsed=131s
2026-08-30T02:41:16+00:00 RUN_HEARTBEAT terminal=BT2 pid=56744 elapsed=132s
2026-08-30T02:41:16+00:00 WAIT_MT5_IDLE terminal=PROD elapsed=2s pids=[55776]
2026-08-30T02:41:32+00:00 RUN_HEARTBEAT terminal=BT3 pid=27788 elapsed=198s
2026-08-30T02:41:32+00:00 RUN_HEARTBEAT terminal=BT1 pid=50104 elapsed=65s
2026-08-30T02:41:49+00:00 RUN_HEARTBEAT terminal=BT4 pid=12780 elapsed=199s
2026-08-30T02:41:49+00:00 RUN_END id=OAFX1539 window=SCREEN_IS terminal=BT3 status=OK decision=SCREEN_OUT_SINGLE_SLEEVE elapsed=217.756s
2026-08-30T02:41:49+00:00 GATE_SKIP id=OAFX1539 window=IS reason=SINGLE_SLEEVE_INFERIOR decision=SCREEN_OUT_SINGLE_SLEEVE net=79015.0 PF=1.2243 DD=22.2281%
2026-08-30T02:41:49+00:00 RUN_START id=OAFX1543 family=gj_profit_giveback_exit window=SCREEN_IS terminal=BT3 run=oafx_screen_is_oafx1543_20260830114149_b3c4b1
2026-08-30T02:41:51+00:00 RUN_HEARTBEAT terminal=BT3 pid=56352 elapsed=0s
2026-08-30T02:42:22+00:00 WAIT_MT5_IDLE terminal=PROD elapsed=68s pids=[55776]
2026-08-30T02:42:22+00:00 RUN_END id=OAFX1541 window=SCREEN_IS terminal=BT2 status=OK decision=SCREEN_OUT_SINGLE_SLEEVE elapsed=201.186s
2026-08-30T02:42:22+00:00 GATE_SKIP id=OAFX1541 window=IS reason=SINGLE_SLEEVE_INFERIOR decision=SCREEN_OUT_SINGLE_SLEEVE net=44113.0 PF=1.1209 DD=22.9827%
2026-08-30T02:42:22+00:00 RUN_START id=OAFX1544 family=gj_profit_giveback_exit window=SCREEN_IS terminal=BT2 run=oafx_screen_is_oafx1544_20260830114222_b068ef
2026-08-30T02:42:24+00:00 RUN_HEARTBEAT terminal=BT2 pid=46388 elapsed=0s
2026-08-30T02:42:38+00:00 RUN_HEARTBEAT terminal=BT1 pid=50104 elapsed=131s
2026-08-30T02:42:38+00:00 RUN_END id=OAFX1540 window=SCREEN_IS terminal=BT4 status=OK decision=SCREEN_OUT_SINGLE_SLEEVE elapsed=250.148s
2026-08-30T02:42:38+00:00 GATE_SKIP id=OAFX1540 window=IS reason=SINGLE_SLEEVE_INFERIOR decision=SCREEN_OUT_SINGLE_SLEEVE net=74305.0 PF=1.2107 DD=23.6138%
2026-08-30T02:42:38+00:00 RUN_START id=OAFX1545 family=gj_profit_giveback_exit window=SCREEN_IS terminal=BT4 run=oafx_screen_is_oafx1545_20260830114238_033f6c
2026-08-30T02:42:40+00:00 RUN_HEARTBEAT terminal=BT4 pid=53032 elapsed=0s
2026-08-30T02:42:55+00:00 RUN_HEARTBEAT terminal=BT3 pid=56352 elapsed=64s
2026-08-30T02:43:28+00:00 WAIT_MT5_IDLE terminal=PROD elapsed=134s pids=[55776]
2026-08-30T02:43:28+00:00 RUN_HEARTBEAT terminal=BT2 pid=46388 elapsed=64s
2026-08-30T02:43:45+00:00 RUN_HEARTBEAT terminal=BT1 pid=50104 elapsed=197s
2026-08-30T02:43:45+00:00 RUN_HEARTBEAT terminal=BT4 pid=53032 elapsed=64s
2026-08-30T02:44:01+00:00 RUN_HEARTBEAT terminal=BT3 pid=56352 elapsed=130s
2026-08-30T02:44:01+00:00 RUN_END id=OAFX1542 window=SCREEN_IS terminal=BT1 status=OK decision=SCREEN_OUT_SINGLE_SLEEVE elapsed=216.669s
2026-08-30T02:44:01+00:00 GATE_SKIP id=OAFX1542 window=IS reason=SINGLE_SLEEVE_INFERIOR decision=SCREEN_OUT_SINGLE_SLEEVE net=43886.0 PF=1.1203 DD=23.248%
2026-08-30T02:44:01+00:00 RUN_START id=OAFX1546 family=gj_profit_giveback_exit window=SCREEN_IS terminal=BT1 run=oafx_screen_is_oafx1546_20260830114401_b1bd03
2026-08-30T02:44:03+00:00 RUN_HEARTBEAT terminal=BT1 pid=53776 elapsed=0s
2026-08-30T02:44:35+00:00 WAIT_MT5_IDLE terminal=PROD elapsed=201s pids=[55776]
2026-08-30T02:44:35+00:00 RUN_HEARTBEAT terminal=BT2 pid=46388 elapsed=130s
2026-08-30T02:44:51+00:00 RUN_HEARTBEAT terminal=BT4 pid=53032 elapsed=131s
2026-08-30T02:45:08+00:00 RUN_HEARTBEAT terminal=BT1 pid=53776 elapsed=64s
2026-08-30T02:45:08+00:00 RUN_HEARTBEAT terminal=BT3 pid=56352 elapsed=197s
2026-08-30T02:45:25+00:00 RUN_END id=OAFX1543 window=SCREEN_IS terminal=BT3 status=OK decision=SCREEN_OUT_SINGLE_SLEEVE elapsed=215.755s
2026-08-30T02:45:25+00:00 GATE_SKIP id=OAFX1543 window=IS reason=SINGLE_SLEEVE_INFERIOR decision=SCREEN_OUT_SINGLE_SLEEVE net=55146.0 PF=1.1511 DD=24.3492%
2026-08-30T02:45:25+00:00 RUN_START id=OAFX1547 family=gj_profit_giveback_exit window=SCREEN_IS terminal=BT3 run=oafx_screen_is_oafx1547_20260830114525_d67b5b
2026-08-30T02:45:27+00:00 RUN_HEARTBEAT terminal=BT3 pid=46240 elapsed=0s
2026-08-30T02:45:41+00:00 WAIT_MT5_IDLE terminal=PROD elapsed=267s pids=[55776]
2026-08-30T02:45:41+00:00 RUN_END id=OAFX1544 window=SCREEN_IS terminal=BT2 status=OK decision=SCREEN_OUT_SINGLE_SLEEVE elapsed=199.270s
2026-08-30T02:45:41+00:00 GATE_SKIP id=OAFX1544 window=IS reason=SINGLE_SLEEVE_INFERIOR decision=SCREEN_OUT_SINGLE_SLEEVE net=47385.0 PF=1.1299 DD=27.9718%
2026-08-30T02:45:41+00:00 RUN_START id=OAFX1548 family=gj_profit_giveback_exit window=SCREEN_IS terminal=BT2 run=oafx_screen_is_oafx1548_20260830114541_931c95
2026-08-30T02:45:43+00:00 RUN_HEARTBEAT terminal=BT2 pid=11892 elapsed=0s
2026-08-30T02:45:57+00:00 RUN_HEARTBEAT terminal=BT4 pid=53032 elapsed=197s
2026-08-30T02:46:14+00:00 RUN_HEARTBEAT terminal=BT1 pid=53776 elapsed=130s
2026-08-30T02:46:31+00:00 RUN_END id=OAFX1545 window=SCREEN_IS terminal=BT4 status=OK decision=SCREEN_OUT_SINGLE_SLEEVE elapsed=232.994s
2026-08-30T02:46:31+00:00 GATE_SKIP id=OAFX1545 window=IS reason=SINGLE_SLEEVE_INFERIOR decision=SCREEN_OUT_SINGLE_SLEEVE net=39242.0 PF=1.1075 DD=33.0605%
2026-08-30T02:46:31+00:00 RUN_START id=OAFX1549 family=gj_profit_giveback_exit window=SCREEN_IS terminal=BT4 run=oafx_screen_is_oafx1549_20260830114631_e57c93
2026-08-30T02:46:31+00:00 KILL_ORPHAN_TESTER terminal=PROD pids=[55776] orphan_seconds=315
2026-08-30T02:46:31+00:00 RUN_HEARTBEAT terminal=BT3 pid=46240 elapsed=64s
2026-08-30T02:46:33+00:00 RUN_HEARTBEAT terminal=BT4 pid=26004 elapsed=0s
2026-08-30T02:46:47+00:00 RUN_HEARTBEAT terminal=BT2 pid=11892 elapsed=64s
2026-08-30T02:46:47+00:00 RUN_END id=OAFX1538 window=SCREEN_IS terminal=PROD status=OK decision=SCREEN_OUT_SINGLE_SLEEVE elapsed=582.947s
2026-08-30T02:46:47+00:00 GATE_SKIP id=OAFX1538 window=IS reason=SINGLE_SLEEVE_INFERIOR decision=SCREEN_OUT_SINGLE_SLEEVE net=67265.0 PF=1.191 DD=26.2354%
2026-08-30T02:46:47+00:00 RUN_START id=OAFX1550 family=gj_profit_giveback_exit window=SCREEN_IS terminal=PROD run=oafx_screen_is_oafx1550_20260830114647_8d78fb
2026-08-30T02:46:50+00:00 RUN_HEARTBEAT terminal=PROD pid=52964 elapsed=0s
2026-08-30T02:47:22+00:00 RUN_HEARTBEAT terminal=BT1 pid=53776 elapsed=197s
2026-08-30T02:47:39+00:00 RUN_HEARTBEAT terminal=BT4 pid=26004 elapsed=65s
2026-08-30T02:47:39+00:00 RUN_HEARTBEAT terminal=BT3 pid=46240 elapsed=131s
2026-08-30T02:47:55+00:00 RUN_HEARTBEAT terminal=PROD pid=52964 elapsed=65s
2026-08-30T02:47:55+00:00 RUN_HEARTBEAT terminal=BT2 pid=11892 elapsed=132s
2026-08-30T02:47:55+00:00 RUN_END id=OAFX1547 window=SCREEN_IS terminal=BT3 status=OK decision=SCREEN_OUT_SINGLE_SLEEVE elapsed=150.406s
2026-08-30T02:47:55+00:00 GATE_SKIP id=OAFX1547 window=IS reason=SINGLE_SLEEVE_INFERIOR decision=SCREEN_OUT_SINGLE_SLEEVE net=74191.0 PF=1.2033 DD=25.8018%
2026-08-30T02:47:55+00:00 RUN_START id=OAFX1551 family=gj_profit_giveback_exit window=SCREEN_IS terminal=BT3 run=oafx_screen_is_oafx1551_20260830114755_557c35
2026-08-30T02:47:55+00:00 RUN_END id=OAFX1546 window=SCREEN_IS terminal=BT1 status=OK decision=SCREEN_OUT_SINGLE_SLEEVE elapsed=233.988s
2026-08-30T02:47:55+00:00 GATE_SKIP id=OAFX1546 window=IS reason=SINGLE_SLEEVE_INFERIOR decision=SCREEN_OUT_SINGLE_SLEEVE net=49905.0 PF=1.1368 DD=32.7071%
2026-08-30T02:47:55+00:00 RUN_START id=OAFX1552 family=gj_profit_giveback_exit window=SCREEN_IS terminal=BT1 run=oafx_screen_is_oafx1552_20260830114755_20eb05
2026-08-30T02:47:56+00:00 WAIT_LAUNCH_SLOT terminal=BT3 seconds=8.0
2026-08-30T02:47:57+00:00 RUN_HEARTBEAT terminal=BT1 pid=42820 elapsed=0s
2026-08-30T02:48:05+00:00 RUN_HEARTBEAT terminal=BT3 pid=46680 elapsed=0s
2026-08-30T02:48:45+00:00 RUN_HEARTBEAT terminal=BT4 pid=26004 elapsed=132s
2026-08-30T02:49:03+00:00 RUN_HEARTBEAT terminal=BT2 pid=11892 elapsed=198s
2026-08-30T02:49:03+00:00 RUN_HEARTBEAT terminal=PROD pid=52964 elapsed=132s
2026-08-30T02:49:03+00:00 RUN_HEARTBEAT terminal=BT1 pid=42820 elapsed=64s
2026-08-30T02:49:11+00:00 RUN_HEARTBEAT terminal=BT3 pid=46680 elapsed=66s
2026-08-30T02:49:37+00:00 RUN_END id=OAFX1548 window=SCREEN_IS terminal=BT2 status=OK decision=SCREEN_OUT_SINGLE_SLEEVE elapsed=235.595s
2026-08-30T02:49:37+00:00 GATE_SKIP id=OAFX1548 window=IS reason=SINGLE_SLEEVE_INFERIOR decision=SCREEN_OUT_SINGLE_SLEEVE net=63815.0 PF=1.1749 DD=28.9436%
2026-08-30T02:49:37+00:00 RUN_START id=OAFX1553 family=gj_profit_giveback_exit window=SCREEN_IS terminal=BT2 run=oafx_screen_is_oafx1553_20260830114937_07113f
2026-08-30T02:49:39+00:00 RUN_HEARTBEAT terminal=BT2 pid=43816 elapsed=0s
2026-08-30T02:49:53+00:00 RUN_HEARTBEAT terminal=BT4 pid=26004 elapsed=200s
2026-08-30T02:50:10+00:00 RUN_HEARTBEAT terminal=BT1 pid=42820 elapsed=132s
2026-08-30T02:50:10+00:00 RUN_HEARTBEAT terminal=PROD pid=52964 elapsed=200s
2026-08-30T02:50:17+00:00 RUN_HEARTBEAT terminal=BT3 pid=46680 elapsed=131s
2026-08-30T02:50:26+00:00 RUN_END id=OAFX1552 window=SCREEN_IS terminal=BT1 status=OK decision=SCREEN_OUT_SINGLE_SLEEVE elapsed=150.963s
2026-08-30T02:50:26+00:00 GATE_SKIP id=OAFX1552 window=IS reason=SINGLE_SLEEVE_INFERIOR decision=SCREEN_OUT_SINGLE_SLEEVE net=66329.0 PF=1.1791 DD=19.0007%
2026-08-30T02:50:26+00:00 RUN_START id=OAFX1554 family=gj_profit_giveback_exit window=SCREEN_IS terminal=BT1 run=oafx_screen_is_oafx1554_20260830115026_6de088
2026-08-30T02:50:28+00:00 RUN_HEARTBEAT terminal=BT1 pid=38948 elapsed=0s
2026-08-30T02:50:43+00:00 RUN_HEARTBEAT terminal=BT2 pid=43816 elapsed=64s
2026-08-30T02:50:58+00:00 RUN_END id=OAFX1549 window=SCREEN_IS terminal=BT4 status=OK decision=SCREEN_OUT_SINGLE_SLEEVE elapsed=267.773s
2026-08-30T02:50:58+00:00 GATE_SKIP id=OAFX1549 window=IS reason=SINGLE_SLEEVE_INFERIOR decision=SCREEN_OUT_SINGLE_SLEEVE net=79194.0 PF=1.217 DD=21.1898%
2026-08-30T02:50:58+00:00 RUN_START id=OAFX1555 family=gj_profit_giveback_exit window=SCREEN_IS terminal=BT4 run=oafx_screen_is_oafx1555_20260830115058_cbed1e
2026-08-30T02:51:01+00:00 RUN_HEARTBEAT terminal=BT4 pid=32468 elapsed=0s
2026-08-30T02:51:14+00:00 RUN_END id=OAFX1550 window=SCREEN_IS terminal=PROD status=OK decision=SCREEN_OUT_SINGLE_SLEEVE elapsed=266.986s
2026-08-30T02:51:14+00:00 GATE_SKIP id=OAFX1550 window=IS reason=SINGLE_SLEEVE_INFERIOR decision=SCREEN_OUT_SINGLE_SLEEVE net=79301.0 PF=1.2172 DD=21.3814%
2026-08-30T02:51:14+00:00 RUN_START id=OAFX1556 family=gj_profit_giveback_exit window=SCREEN_IS terminal=PROD run=oafx_screen_is_oafx1556_20260830115114_267a9e
2026-08-30T02:51:17+00:00 RUN_HEARTBEAT terminal=PROD pid=51672 elapsed=0s
2026-08-30T02:51:22+00:00 RUN_HEARTBEAT terminal=BT3 pid=46680 elapsed=196s
2026-08-30T02:51:33+00:00 RUN_HEARTBEAT terminal=BT1 pid=38948 elapsed=64s
2026-08-30T02:51:38+00:00 RUN_END id=OAFX1551 window=SCREEN_IS terminal=BT3 status=OK decision=SCREEN_OUT_SINGLE_SLEEVE elapsed=222.970s
2026-08-30T02:51:38+00:00 GATE_SKIP id=OAFX1551 window=IS reason=SINGLE_SLEEVE_INFERIOR decision=SCREEN_OUT_SINGLE_SLEEVE net=65139.0 PF=1.1759 DD=18.7794%
2026-08-30T02:51:38+00:00 RUN_START id=OAFX1557 family=gj_profit_giveback_exit window=SCREEN_IS terminal=BT3 run=oafx_screen_is_oafx1557_20260830115138_be2ea4
2026-08-30T02:51:40+00:00 RUN_HEARTBEAT terminal=BT3 pid=46448 elapsed=0s
2026-08-30T02:51:48+00:00 RUN_HEARTBEAT terminal=BT2 pid=43816 elapsed=129s
2026-08-30T02:52:05+00:00 RUN_HEARTBEAT terminal=BT4 pid=32468 elapsed=65s
2026-08-30T02:52:22+00:00 RUN_HEARTBEAT terminal=PROD pid=51672 elapsed=65s
2026-08-30T02:52:38+00:00 RUN_HEARTBEAT terminal=BT1 pid=38948 elapsed=130s
2026-08-30T02:52:46+00:00 RUN_HEARTBEAT terminal=BT3 pid=46448 elapsed=65s
2026-08-30T02:52:54+00:00 RUN_HEARTBEAT terminal=BT2 pid=43816 elapsed=195s
2026-08-30T02:53:11+00:00 RUN_HEARTBEAT terminal=BT4 pid=32468 elapsed=130s
2026-08-30T02:53:27+00:00 RUN_HEARTBEAT terminal=PROD pid=51672 elapsed=130s
2026-08-30T02:53:43+00:00 RUN_END id=OAFX1553 window=SCREEN_IS terminal=BT2 status=OK decision=SCREEN_OUT_SINGLE_SLEEVE elapsed=246.203s
2026-08-30T02:53:43+00:00 GATE_SKIP id=OAFX1553 window=IS reason=SINGLE_SLEEVE_INFERIOR decision=SCREEN_OUT_SINGLE_SLEEVE net=72121.0 PF=1.1947 DD=20.7767%
2026-08-30T02:53:43+00:00 RUN_START id=OAFX1558 family=gj_profit_giveback_exit window=SCREEN_IS terminal=BT2 run=oafx_screen_is_oafx1558_20260830115343_7a7567
2026-08-30T02:53:44+00:00 RUN_END id=OAFX1554 window=SCREEN_IS terminal=BT1 status=OK decision=SCREEN_OUT_SINGLE_SLEEVE elapsed=197.462s
2026-08-30T02:53:44+00:00 GATE_SKIP id=OAFX1554 window=IS reason=SINGLE_SLEEVE_INFERIOR decision=SCREEN_OUT_SINGLE_SLEEVE net=70038.0 PF=1.1891 DD=23.6738%
2026-08-30T02:53:44+00:00 RUN_START id=OAFX1559 family=gj_profit_giveback_exit window=SCREEN_IS terminal=BT1 run=oafx_screen_is_oafx1559_20260830115344_ab1339
2026-08-30T02:53:45+00:00 WAIT_LAUNCH_SLOT terminal=BT1 seconds=7.2
2026-08-30T02:53:45+00:00 RUN_HEARTBEAT terminal=BT2 pid=28524 elapsed=0s
2026-08-30T02:53:50+00:00 RUN_HEARTBEAT terminal=BT3 pid=46448 elapsed=130s
2026-08-30T02:53:53+00:00 RUN_HEARTBEAT terminal=BT1 pid=48708 elapsed=0s
2026-08-30T02:54:16+00:00 RUN_HEARTBEAT terminal=BT4 pid=32468 elapsed=195s
2026-08-30T02:54:33+00:00 RUN_HEARTBEAT terminal=PROD pid=51672 elapsed=196s
2026-08-30T02:54:50+00:00 RUN_HEARTBEAT terminal=BT2 pid=28524 elapsed=65s
2026-08-30T02:54:55+00:00 RUN_HEARTBEAT terminal=BT3 pid=46448 elapsed=195s
2026-08-30T02:54:59+00:00 RUN_HEARTBEAT terminal=BT1 pid=48708 elapsed=66s
2026-08-30T02:55:05+00:00 RUN_END id=OAFX1555 window=SCREEN_IS terminal=BT4 status=OK decision=SCREEN_OUT_SINGLE_SLEEVE elapsed=246.665s
2026-08-30T02:55:05+00:00 GATE_SKIP id=OAFX1555 window=IS reason=SINGLE_SLEEVE_INFERIOR decision=SCREEN_OUT_SINGLE_SLEEVE net=51029.0 PF=1.1378 DD=30.0592%
2026-08-30T02:55:05+00:00 RUN_START id=OAFX1560 family=gj_profit_giveback_exit window=SCREEN_IS terminal=BT4 run=oafx_screen_is_oafx1560_20260830115505_154020
2026-08-30T02:55:07+00:00 RUN_HEARTBEAT terminal=BT4 pid=55536 elapsed=0s
2026-08-30T02:55:27+00:00 RUN_END id=OAFX1557 window=SCREEN_IS terminal=BT3 status=OK decision=SCREEN_OUT_SINGLE_SLEEVE elapsed=229.346s
2026-08-30T02:55:27+00:00 GATE_SKIP id=OAFX1557 window=IS reason=SINGLE_SLEEVE_INFERIOR decision=SCREEN_OUT_SINGLE_SLEEVE net=78806.0 PF=1.2128 DD=26.016%
2026-08-30T02:55:27+00:00 RUN_START id=OAFX1561 family=gj_profit_giveback_exit window=SCREEN_IS terminal=BT3 run=oafx_screen_is_oafx1561_20260830115527_f5fde2
2026-08-30T02:55:29+00:00 RUN_HEARTBEAT terminal=BT3 pid=8188 elapsed=0s
2026-08-30T02:55:37+00:00 RUN_END id=OAFX1556 window=SCREEN_IS terminal=PROD status=OK decision=SCREEN_OUT_SINGLE_SLEEVE elapsed=262.809s
2026-08-30T02:55:37+00:00 GATE_SKIP id=OAFX1556 window=IS reason=SINGLE_SLEEVE_INFERIOR decision=SCREEN_OUT_SINGLE_SLEEVE net=59961.0 PF=1.1619 DD=30.9293%
2026-08-30T02:55:37+00:00 RUN_START id=OAFX1562 family=gj_profit_giveback_exit window=SCREEN_IS terminal=PROD run=oafx_screen_is_oafx1562_20260830115537_ad5e44
2026-08-30T02:55:40+00:00 RUN_HEARTBEAT terminal=PROD pid=52688 elapsed=0s
2026-08-30T02:55:55+00:00 RUN_HEARTBEAT terminal=BT2 pid=28524 elapsed=129s
2026-08-30T02:56:03+00:00 RUN_HEARTBEAT terminal=BT1 pid=48708 elapsed=130s
2026-08-30T02:56:13+00:00 RUN_HEARTBEAT terminal=BT4 pid=55536 elapsed=66s
2026-08-30T02:56:35+00:00 RUN_HEARTBEAT terminal=BT3 pid=8188 elapsed=66s
2026-08-30T02:56:44+00:00 RUN_END id=OAFX1558 window=SCREEN_IS terminal=BT2 status=OK decision=SCREEN_OUT_SINGLE_SLEEVE elapsed=180.854s
2026-08-30T02:56:44+00:00 GATE_SKIP id=OAFX1558 window=IS reason=SINGLE_SLEEVE_INFERIOR decision=SCREEN_OUT_SINGLE_SLEEVE net=71223.0 PF=1.1923 DD=27.9403%
2026-08-30T02:56:44+00:00 RUN_START id=OAFX1563 family=gj_profit_giveback_exit window=SCREEN_IS terminal=BT2 run=oafx_screen_is_oafx1563_20260830115644_947a8e
2026-08-30T02:56:45+00:00 RUN_HEARTBEAT terminal=PROD pid=52688 elapsed=66s
2026-08-30T02:56:46+00:00 RUN_HEARTBEAT terminal=BT2 pid=13768 elapsed=0s
2026-08-30T02:57:08+00:00 RUN_HEARTBEAT terminal=BT1 pid=48708 elapsed=195s
2026-08-30T02:57:19+00:00 RUN_HEARTBEAT terminal=BT4 pid=55536 elapsed=131s
2026-08-30T02:57:39+00:00 RUN_HEARTBEAT terminal=BT3 pid=8188 elapsed=130s
2026-08-30T02:57:51+00:00 RUN_HEARTBEAT terminal=PROD pid=52688 elapsed=131s
2026-08-30T02:57:51+00:00 RUN_HEARTBEAT terminal=BT2 pid=13768 elapsed=65s
2026-08-30T02:57:56+00:00 RUN_END id=OAFX1559 window=SCREEN_IS terminal=BT1 status=OK decision=SCREEN_OUT_SINGLE_SLEEVE elapsed=252.283s
2026-08-30T02:57:56+00:00 GATE_SKIP id=OAFX1559 window=IS reason=SINGLE_SLEEVE_INFERIOR decision=SCREEN_OUT_SINGLE_SLEEVE net=85110.0 PF=1.2298 DD=20.6463%
2026-08-30T02:57:56+00:00 RUN_START id=OAFX1564 family=gj_profit_giveback_exit window=SCREEN_IS terminal=BT1 run=oafx_screen_is_oafx1564_20260830115756_004b35
2026-08-30T02:57:58+00:00 RUN_HEARTBEAT terminal=BT1 pid=21092 elapsed=0s
2026-08-30T02:58:24+00:00 RUN_HEARTBEAT terminal=BT4 pid=55536 elapsed=196s
2026-08-30T02:58:44+00:00 RUN_HEARTBEAT terminal=BT3 pid=8188 elapsed=194s
2026-08-30T02:58:57+00:00 RUN_HEARTBEAT terminal=PROD pid=52688 elapsed=197s
2026-08-30T02:58:57+00:00 RUN_HEARTBEAT terminal=BT2 pid=13768 elapsed=131s
2026-08-30T02:59:02+00:00 RUN_HEARTBEAT terminal=BT1 pid=21092 elapsed=64s
2026-08-30T02:59:14+00:00 RUN_END id=OAFX1560 window=SCREEN_IS terminal=BT4 status=OK decision=SCREEN_OUT_SINGLE_SLEEVE elapsed=248.466s
2026-08-30T02:59:14+00:00 GATE_SKIP id=OAFX1560 window=IS reason=SINGLE_SLEEVE_INFERIOR decision=SCREEN_OUT_SINGLE_SLEEVE net=84281.0 PF=1.2275 DD=21.0056%
2026-08-30T02:59:14+00:00 RUN_START id=OAFX1565 family=gj_profit_giveback_exit window=SCREEN_IS terminal=BT4 run=oafx_screen_is_oafx1565_20260830115914_a3ddfc
2026-08-30T02:59:16+00:00 RUN_HEARTBEAT terminal=BT4 pid=3696 elapsed=0s
2026-08-30T02:59:32+00:00 RUN_END id=OAFX1561 window=SCREEN_IS terminal=BT3 status=OK decision=SCREEN_OUT_SINGLE_SLEEVE elapsed=244.810s
2026-08-30T02:59:32+00:00 GATE_SKIP id=OAFX1561 window=IS reason=SINGLE_SLEEVE_INFERIOR decision=SCREEN_OUT_SINGLE_SLEEVE net=73859.0 PF=1.1979 DD=21.0074%
2026-08-30T02:59:32+00:00 RUN_START id=OAFX1566 family=gj_profit_giveback_exit window=SCREEN_IS terminal=BT3 run=oafx_screen_is_oafx1566_20260830115932_f5e29e
2026-08-30T02:59:34+00:00 RUN_HEARTBEAT terminal=BT3 pid=50784 elapsed=0s
2026-08-30T03:00:04+00:00 WAIT_MT5_IDLE terminal=PROD elapsed=2s pids=[36440]
2026-08-30T03:00:04+00:00 RUN_HEARTBEAT terminal=BT2 pid=13768 elapsed=197s
2026-08-30T03:00:07+00:00 RUN_HEARTBEAT terminal=BT1 pid=21092 elapsed=129s
2026-08-30T03:00:20+00:00 RUN_END id=OAFX1563 window=SCREEN_IS terminal=BT2 status=OK decision=SCREEN_OUT_SINGLE_SLEEVE elapsed=216.215s
2026-08-30T03:00:20+00:00 GATE_SKIP id=OAFX1563 window=IS reason=SINGLE_SLEEVE_INFERIOR decision=SCREEN_OUT_SINGLE_SLEEVE net=78428.0 PF=1.2102 DD=23.2217%
2026-08-30T03:00:20+00:00 RUN_START id=OAFX1567 family=gj_profit_giveback_exit window=SCREEN_IS terminal=BT2 run=oafx_screen_is_oafx1567_20260830120020_7481e8
2026-08-30T03:00:21+00:00 RUN_HEARTBEAT terminal=BT4 pid=3696 elapsed=65s
2026-08-30T03:00:22+00:00 RUN_HEARTBEAT terminal=BT2 pid=42860 elapsed=0s
2026-08-30T03:00:39+00:00 RUN_HEARTBEAT terminal=BT3 pid=50784 elapsed=65s
2026-08-30T03:01:09+00:00 WAIT_MT5_IDLE terminal=PROD elapsed=68s pids=[36440]
2026-08-30T03:01:11+00:00 RUN_HEARTBEAT terminal=BT1 pid=21092 elapsed=193s
2026-08-30T03:01:25+00:00 RUN_HEARTBEAT terminal=BT4 pid=3696 elapsed=129s
2026-08-30T03:01:26+00:00 RUN_HEARTBEAT terminal=BT2 pid=42860 elapsed=64s
2026-08-30T03:01:43+00:00 RUN_HEARTBEAT terminal=BT3 pid=50784 elapsed=129s
2026-08-30T03:01:43+00:00 RUN_END id=OAFX1564 window=SCREEN_IS terminal=BT1 status=OK decision=SCREEN_OUT_SINGLE_SLEEVE elapsed=227.432s
2026-08-30T03:01:43+00:00 GATE_SKIP id=OAFX1564 window=IS reason=SINGLE_SLEEVE_INFERIOR decision=SCREEN_OUT_SINGLE_SLEEVE net=82121.0 PF=1.2201 DD=24.8292%
2026-08-30T03:01:43+00:00 RUN_START id=OAFX1568 family=gj_profit_giveback_exit window=SCREEN_IS terminal=BT1 run=oafx_screen_is_oafx1568_20260830120143_1535ab
2026-08-30T03:01:45+00:00 RUN_HEARTBEAT terminal=BT1 pid=52884 elapsed=0s
2026-08-30T03:01:58+00:00 RUN_END id=OAFX1565 window=SCREEN_IS terminal=BT4 status=OK decision=SCREEN_OUT_SINGLE_SLEEVE elapsed=163.986s
2026-08-30T03:01:58+00:00 GATE_SKIP id=OAFX1565 window=IS reason=SINGLE_SLEEVE_INFERIOR decision=SCREEN_OUT_SINGLE_SLEEVE net=70552.0 PF=1.1891 DD=28.8055%
2026-08-30T03:01:58+00:00 RUN_START id=OAFX1569 family=gj_profit_giveback_exit window=SCREEN_IS terminal=BT4 run=oafx_screen_is_oafx1569_20260830120158_834a50
2026-08-30T03:01:59+00:00 RUN_HEARTBEAT terminal=BT4 pid=25584 elapsed=0s
2026-08-30T03:02:14+00:00 WAIT_MT5_IDLE terminal=PROD elapsed=133s pids=[36440]
2026-08-30T03:02:31+00:00 RUN_HEARTBEAT terminal=BT2 pid=42860 elapsed=128s
2026-08-30T03:02:48+00:00 RUN_HEARTBEAT terminal=BT3 pid=50784 elapsed=193s
2026-08-30T03:02:50+00:00 RUN_HEARTBEAT terminal=BT1 pid=52884 elapsed=64s
2026-08-30T03:03:04+00:00 RUN_HEARTBEAT terminal=BT4 pid=25584 elapsed=64s
2026-08-30T03:03:21+00:00 WAIT_MT5_IDLE terminal=PROD elapsed=199s pids=[36440]
2026-08-30T03:03:37+00:00 RUN_HEARTBEAT terminal=BT2 pid=42860 elapsed=195s
2026-08-30T03:03:37+00:00 RUN_END id=OAFX1566 window=SCREEN_IS terminal=BT3 status=OK decision=SCREEN_OUT_SINGLE_SLEEVE elapsed=244.956s
2026-08-30T03:03:37+00:00 GATE_SKIP id=OAFX1566 window=IS reason=SINGLE_SLEEVE_INFERIOR decision=SCREEN_OUT_SINGLE_SLEEVE net=65123.0 PF=1.1745 DD=31.6638%
2026-08-30T03:03:37+00:00 RUN_START id=OAFX1570 family=gj_profit_giveback_exit window=SCREEN_IS terminal=BT3 run=oafx_screen_is_oafx1570_20260830120337_9cb669
2026-08-30T03:03:39+00:00 RUN_HEARTBEAT terminal=BT3 pid=55528 elapsed=0s
2026-08-30T03:03:54+00:00 RUN_END id=OAFX1567 window=SCREEN_IS terminal=BT2 status=OK decision=SCREEN_OUT_SINGLE_SLEEVE elapsed=213.846s
2026-08-30T03:03:54+00:00 GATE_SKIP id=OAFX1567 window=IS reason=SINGLE_SLEEVE_INFERIOR decision=SCREEN_OUT_SINGLE_SLEEVE net=79699.0 PF=1.2136 DD=26.6539%
2026-08-30T03:03:54+00:00 RUN_START id=OAFX1571 family=gj_profit_giveback_exit window=SCREEN_IS terminal=BT2 run=oafx_screen_is_oafx1571_20260830120354_38e65a
2026-08-30T03:03:54+00:00 RUN_HEARTBEAT terminal=BT1 pid=52884 elapsed=129s
2026-08-30T03:03:56+00:00 RUN_HEARTBEAT terminal=BT2 pid=48676 elapsed=0s
2026-08-30T03:04:10+00:00 RUN_HEARTBEAT terminal=BT4 pid=25584 elapsed=130s
2026-08-30T03:04:10+00:00 RUN_END id=OAFX1568 window=SCREEN_IS terminal=BT1 status=OK decision=SCREEN_OUT_SINGLE_SLEEVE elapsed=146.686s
2026-08-30T03:04:10+00:00 GATE_SKIP id=OAFX1568 window=IS reason=SINGLE_SLEEVE_INFERIOR decision=SCREEN_OUT_SINGLE_SLEEVE net=72081.0 PF=1.1932 DD=28.9005%
2026-08-30T03:04:10+00:00 RUN_START id=OAFX1572 family=gj_profit_giveback_exit window=SCREEN_IS terminal=BT1 run=oafx_screen_is_oafx1572_20260830120410_3bb87d
2026-08-30T03:04:12+00:00 RUN_HEARTBEAT terminal=BT1 pid=18596 elapsed=0s
2026-08-30T03:04:26+00:00 WAIT_MT5_IDLE terminal=PROD elapsed=264s pids=[36440]
2026-08-30T03:04:43+00:00 RUN_HEARTBEAT terminal=BT3 pid=55528 elapsed=64s
2026-08-30T03:05:00+00:00 RUN_HEARTBEAT terminal=BT2 pid=48676 elapsed=64s
2026-08-30T03:05:15+00:00 RUN_HEARTBEAT terminal=BT4 pid=25584 elapsed=195s
2026-08-30T03:05:16+00:00 KILL_ORPHAN_TESTER terminal=PROD pids=[36440] orphan_seconds=312
2026-08-30T03:05:16+00:00 RUN_HEARTBEAT terminal=BT1 pid=18596 elapsed=64s
2026-08-30T03:05:31+00:00 RUN_END id=OAFX1569 window=SCREEN_IS terminal=BT4 status=OK decision=SCREEN_OUT_SINGLE_SLEEVE elapsed=213.837s
2026-08-30T03:05:31+00:00 GATE_SKIP id=OAFX1569 window=IS reason=SINGLE_SLEEVE_INFERIOR decision=SCREEN_OUT_SINGLE_SLEEVE net=88272.0 PF=1.2366 DD=21.0365%
2026-08-30T03:05:31+00:00 RUN_START id=OAFX1573 family=gj_profit_giveback_exit window=SCREEN_IS terminal=BT4 run=oafx_screen_is_oafx1573_20260830120531_eca2b8
2026-08-30T03:05:32+00:00 RUN_END id=OAFX1562 window=SCREEN_IS terminal=PROD status=OK decision=SCREEN_OUT_SINGLE_SLEEVE elapsed=594.443s
2026-08-30T03:05:32+00:00 GATE_SKIP id=OAFX1562 window=IS reason=SINGLE_SLEEVE_INFERIOR decision=SCREEN_OUT_SINGLE_SLEEVE net=73082.0 PF=1.1959 DD=22.4471%
2026-08-30T03:05:32+00:00 RUN_START id=OAFX1574 family=gj_profit_giveback_exit window=SCREEN_IS terminal=PROD run=oafx_screen_is_oafx1574_20260830120532_0947f8
2026-08-30T03:05:33+00:00 WAIT_LAUNCH_SLOT terminal=PROD seconds=7.7
2026-08-30T03:05:34+00:00 RUN_HEARTBEAT terminal=BT4 pid=51940 elapsed=0s
2026-08-30T03:05:42+00:00 RUN_HEARTBEAT terminal=PROD pid=33976 elapsed=0s
2026-08-30T03:05:48+00:00 RUN_HEARTBEAT terminal=BT3 pid=55528 elapsed=128s
2026-08-30T03:06:05+00:00 RUN_HEARTBEAT terminal=BT2 pid=48676 elapsed=129s
2026-08-30T03:06:21+00:00 RUN_HEARTBEAT terminal=BT1 pid=18596 elapsed=129s
2026-08-30T03:06:38+00:00 RUN_HEARTBEAT terminal=BT4 pid=51940 elapsed=64s
2026-08-30T03:06:48+00:00 RUN_HEARTBEAT terminal=PROD pid=33976 elapsed=66s
2026-08-30T03:06:54+00:00 RUN_HEARTBEAT terminal=BT3 pid=55528 elapsed=195s
2026-08-30T03:07:11+00:00 RUN_HEARTBEAT terminal=BT2 pid=48676 elapsed=195s
2026-08-30T03:07:11+00:00 RUN_END id=OAFX1572 window=SCREEN_IS terminal=BT1 status=OK decision=SCREEN_OUT_SINGLE_SLEEVE elapsed=180.815s
2026-08-30T03:07:11+00:00 GATE_SKIP id=OAFX1572 window=IS reason=SINGLE_SLEEVE_INFERIOR decision=SCREEN_OUT_SINGLE_SLEEVE net=87965.0 PF=1.2335 DD=20.8221%
2026-08-30T03:07:11+00:00 RUN_START id=OAFX1575 family=gj_profit_giveback_exit window=SCREEN_IS terminal=BT1 run=oafx_screen_is_oafx1575_20260830120711_81c05b
2026-08-30T03:07:13+00:00 RUN_HEARTBEAT terminal=BT1 pid=54332 elapsed=0s
2026-08-30T03:07:43+00:00 RUN_HEARTBEAT terminal=BT4 pid=51940 elapsed=130s
2026-08-30T03:07:43+00:00 RUN_END id=OAFX1570 window=SCREEN_IS terminal=BT3 status=OK decision=SCREEN_OUT_SINGLE_SLEEVE elapsed=246.110s
2026-08-30T03:07:43+00:00 GATE_SKIP id=OAFX1570 window=IS reason=SINGLE_SLEEVE_INFERIOR decision=SCREEN_OUT_SINGLE_SLEEVE net=86176.0 PF=1.2309 DD=21.4683%
2026-08-30T03:07:43+00:00 RUN_START id=OAFX1576 family=gj_profit_giveback_exit window=SCREEN_IS terminal=BT3 run=oafx_screen_is_oafx1576_20260830120743_5dca26
2026-08-30T03:07:45+00:00 RUN_HEARTBEAT terminal=BT3 pid=51536 elapsed=0s
2026-08-30T03:07:53+00:00 RUN_HEARTBEAT terminal=PROD pid=33976 elapsed=132s
2026-08-30T03:07:59+00:00 RUN_END id=OAFX1571 window=SCREEN_IS terminal=BT2 status=OK decision=SCREEN_OUT_SINGLE_SLEEVE elapsed=245.720s
2026-08-30T03:07:59+00:00 GATE_SKIP id=OAFX1571 window=IS reason=SINGLE_SLEEVE_INFERIOR decision=SCREEN_OUT_SINGLE_SLEEVE net=87998.0 PF=1.2336 DD=20.509%
2026-08-30T03:07:59+00:00 RUN_START id=OAFX1577 family=gj_profit_giveback_exit window=SCREEN_IS terminal=BT2 run=oafx_screen_is_oafx1577_20260830120759_892fb6
2026-08-30T03:08:02+00:00 RUN_HEARTBEAT terminal=BT2 pid=56404 elapsed=0s
2026-08-30T03:08:18+00:00 RUN_HEARTBEAT terminal=BT1 pid=54332 elapsed=65s
2026-08-30T03:08:48+00:00 RUN_HEARTBEAT terminal=BT4 pid=51940 elapsed=194s
2026-08-30T03:08:52+00:00 RUN_HEARTBEAT terminal=BT3 pid=51536 elapsed=66s
2026-08-30T03:08:59+00:00 RUN_HEARTBEAT terminal=PROD pid=33976 elapsed=197s
2026-08-30T03:09:04+00:00 RUN_END id=OAFX1573 window=SCREEN_IS terminal=BT4 status=OK decision=SCREEN_OUT_SINGLE_SLEEVE elapsed=213.056s
2026-08-30T03:09:04+00:00 GATE_SKIP id=OAFX1573 window=IS reason=SINGLE_SLEEVE_INFERIOR decision=SCREEN_OUT_SINGLE_SLEEVE net=96156.0 PF=1.2552 DD=20.9322%
2026-08-30T03:09:04+00:00 RUN_START id=OAFX1578 family=gj_profit_giveback_exit window=SCREEN_IS terminal=BT4 run=oafx_screen_is_oafx1578_20260830120904_fa0ba4
2026-08-30T03:09:07+00:00 RUN_HEARTBEAT terminal=BT4 pid=12048 elapsed=0s
2026-08-30T03:09:08+00:00 RUN_HEARTBEAT terminal=BT2 pid=56404 elapsed=67s
2026-08-30T03:09:25+00:00 RUN_HEARTBEAT terminal=BT1 pid=54332 elapsed=132s
2026-08-30T03:09:57+00:00 RUN_HEARTBEAT terminal=BT3 pid=51536 elapsed=132s
2026-08-30T03:10:04+00:00 RUN_END id=OAFX1574 window=SCREEN_IS terminal=PROD status=OK decision=SCREEN_OUT_SINGLE_SLEEVE elapsed=272.368s
2026-08-30T03:10:04+00:00 GATE_SKIP id=OAFX1574 window=IS reason=SINGLE_SLEEVE_INFERIOR decision=SCREEN_OUT_SINGLE_SLEEVE net=90150.0 PF=1.2393 DD=22.4241%
2026-08-30T03:10:04+00:00 RUN_START id=OAFX1579 family=gj_profit_giveback_exit window=SCREEN_IS terminal=PROD run=oafx_screen_is_oafx1579_20260830121004_8eaff3
2026-08-30T03:10:06+00:00 RUN_HEARTBEAT terminal=PROD pid=3672 elapsed=0s
2026-08-30T03:10:11+00:00 RUN_HEARTBEAT terminal=BT4 pid=12048 elapsed=65s
2026-08-30T03:10:13+00:00 RUN_HEARTBEAT terminal=BT2 pid=56404 elapsed=132s
2026-08-30T03:10:30+00:00 RUN_HEARTBEAT terminal=BT1 pid=54332 elapsed=197s
2026-08-30T03:10:46+00:00 RUN_END id=OAFX1575 window=SCREEN_IS terminal=BT1 status=OK decision=SCREEN_OUT_SINGLE_SLEEVE elapsed=215.366s
2026-08-30T03:10:46+00:00 GATE_SKIP id=OAFX1575 window=IS reason=SINGLE_SLEEVE_INFERIOR decision=SCREEN_OUT_SINGLE_SLEEVE net=89121.0 PF=1.2366 DD=21.4383%
2026-08-30T03:10:46+00:00 RUN_START id=OAFX1580 family=gj_profit_giveback_exit window=SCREEN_IS terminal=BT1 run=oafx_screen_is_oafx1580_20260830121046_3803fc
2026-08-30T03:10:48+00:00 RUN_HEARTBEAT terminal=BT1 pid=16388 elapsed=0s
2026-08-30T03:11:02+00:00 RUN_HEARTBEAT terminal=BT3 pid=51536 elapsed=197s
2026-08-30T03:11:11+00:00 RUN_HEARTBEAT terminal=PROD pid=3672 elapsed=65s
2026-08-30T03:11:16+00:00 RUN_HEARTBEAT terminal=BT4 pid=12048 elapsed=129s
2026-08-30T03:11:18+00:00 RUN_HEARTBEAT terminal=BT2 pid=56404 elapsed=197s
2026-08-30T03:11:18+00:00 RUN_END id=OAFX1576 window=SCREEN_IS terminal=BT3 status=OK decision=SCREEN_OUT_SINGLE_SLEEVE elapsed=214.940s
2026-08-30T03:11:18+00:00 GATE_SKIP id=OAFX1576 window=IS reason=SINGLE_SLEEVE_INFERIOR decision=SCREEN_OUT_SINGLE_SLEEVE net=87887.0 PF=1.2333 DD=21.9248%
2026-08-30T03:11:18+00:00 RUN_START id=OAFX1581 family=gj_profit_giveback_exit window=SCREEN_IS terminal=BT3 run=oafx_screen_is_oafx1581_20260830121118_402655
2026-08-30T03:11:20+00:00 RUN_HEARTBEAT terminal=BT3 pid=54952 elapsed=0s
2026-08-30T03:11:53+00:00 RUN_HEARTBEAT terminal=BT1 pid=16388 elapsed=64s
2026-08-30T03:12:16+00:00 RUN_HEARTBEAT terminal=PROD pid=3672 elapsed=130s
2026-08-30T03:12:20+00:00 RUN_HEARTBEAT terminal=BT4 pid=12048 elapsed=193s
2026-08-30T03:12:23+00:00 RUN_END id=OAFX1577 window=SCREEN_IS terminal=BT2 status=OK decision=SCREEN_PASS_STRICT elapsed=263.308s
2026-08-30T03:12:23+00:00 RUN_START id=OAFX1577 family=gj_profit_giveback_exit window=IS terminal=BT2 run=oafx_is_oafx1577_20260830121223_19c507
2026-08-30T03:12:25+00:00 RUN_HEARTBEAT terminal=BT2 pid=38672 elapsed=0s
2026-08-30T03:12:25+00:00 RUN_HEARTBEAT terminal=BT3 pid=54952 elapsed=65s
2026-08-30T03:12:52+00:00 RUN_END id=OAFX1578 window=SCREEN_IS terminal=BT4 status=OK decision=SCREEN_NOISE_BAND elapsed=227.703s
2026-08-30T03:12:52+00:00 GATE_SKIP id=OAFX1578 window=IS reason=SINGLE_SLEEVE_INFERIOR decision=SCREEN_NOISE_BAND net=93855.0 PF=1.2491 DD=19.2888%
2026-08-30T03:12:52+00:00 RUN_START id=OAFX1582 family=gj_profit_giveback_exit window=SCREEN_IS terminal=BT4 run=oafx_screen_is_oafx1582_20260830121252_bce17d
2026-08-30T03:12:54+00:00 RUN_HEARTBEAT terminal=BT4 pid=31240 elapsed=0s
2026-08-30T03:12:58+00:00 RUN_HEARTBEAT terminal=BT1 pid=16388 elapsed=130s
2026-08-30T03:13:21+00:00 RUN_HEARTBEAT terminal=PROD pid=3672 elapsed=195s
2026-08-30T03:13:32+00:00 RUN_HEARTBEAT terminal=BT2 pid=38672 elapsed=67s
2026-08-30T03:13:32+00:00 RUN_HEARTBEAT terminal=BT3 pid=54952 elapsed=131s
2026-08-30T03:14:00+00:00 RUN_HEARTBEAT terminal=BT4 pid=31240 elapsed=66s
2026-08-30T03:14:05+00:00 RUN_HEARTBEAT terminal=BT1 pid=16388 elapsed=197s
2026-08-30T03:14:27+00:00 WAIT_MT5_IDLE terminal=PROD elapsed=1s pids=[42196]
2026-08-30T03:14:37+00:00 RUN_HEARTBEAT terminal=BT2 pid=38672 elapsed=133s
2026-08-30T03:14:37+00:00 RUN_HEARTBEAT terminal=BT3 pid=54952 elapsed=197s
2026-08-30T03:14:37+00:00 RUN_END id=OAFX1580 window=SCREEN_IS terminal=BT1 status=OK decision=SCREEN_OUT_SINGLE_SLEEVE elapsed=231.342s
2026-08-30T03:14:37+00:00 GATE_SKIP id=OAFX1580 window=IS reason=SINGLE_SLEEVE_INFERIOR decision=SCREEN_OUT_SINGLE_SLEEVE net=91236.0 PF=1.2421 DD=19.6276%
2026-08-30T03:14:37+00:00 RUN_START id=OAFX1583 family=gj_profit_giveback_exit window=SCREEN_IS terminal=BT1 run=oafx_screen_is_oafx1583_20260830121437_341865
2026-08-30T03:14:39+00:00 RUN_HEARTBEAT terminal=BT1 pid=51456 elapsed=0s
2026-08-30T03:15:04+00:00 RUN_HEARTBEAT terminal=BT4 pid=31240 elapsed=130s
2026-08-30T03:15:10+00:00 RUN_END id=OAFX1581 window=SCREEN_IS terminal=BT3 status=OK decision=SCREEN_OUT_SINGLE_SLEEVE elapsed=231.413s
2026-08-30T03:15:10+00:00 GATE_SKIP id=OAFX1581 window=IS reason=SINGLE_SLEEVE_INFERIOR decision=SCREEN_OUT_SINGLE_SLEEVE net=80501.0 PF=1.2082 DD=21.0325%
2026-08-30T03:15:10+00:00 RUN_START id=OAFX1584 family=gj_profit_giveback_exit window=SCREEN_IS terminal=BT3 run=oafx_screen_is_oafx1584_20260830121510_472143
2026-08-30T03:15:11+00:00 RUN_HEARTBEAT terminal=BT3 pid=18568 elapsed=0s
2026-08-30T03:15:32+00:00 WAIT_MT5_IDLE terminal=PROD elapsed=66s pids=[42196]
2026-08-30T03:15:42+00:00 RUN_HEARTBEAT terminal=BT2 pid=38672 elapsed=197s
2026-08-30T03:15:43+00:00 RUN_HEARTBEAT terminal=BT1 pid=51456 elapsed=64s
2026-08-30T03:16:08+00:00 RUN_HEARTBEAT terminal=BT4 pid=31240 elapsed=194s
2026-08-30T03:16:16+00:00 RUN_HEARTBEAT terminal=BT3 pid=18568 elapsed=64s
2026-08-30T03:16:36+00:00 WAIT_MT5_IDLE terminal=PROD elapsed=130s pids=[42196]
2026-08-30T03:16:40+00:00 RUN_END id=OAFX1582 window=SCREEN_IS terminal=BT4 status=OK decision=SCREEN_OUT_SINGLE_SLEEVE elapsed=227.567s
2026-08-30T03:16:40+00:00 GATE_SKIP id=OAFX1582 window=IS reason=SINGLE_SLEEVE_INFERIOR decision=SCREEN_OUT_SINGLE_SLEEVE net=81668.0 PF=1.2113 DD=20.412%
2026-08-30T03:16:40+00:00 RUN_START id=OAFX1585 family=gj_profit_giveback_exit window=SCREEN_IS terminal=BT4 run=oafx_screen_is_oafx1585_20260830121640_4c0a1a
2026-08-30T03:16:42+00:00 RUN_HEARTBEAT terminal=BT4 pid=53520 elapsed=0s
2026-08-30T03:16:46+00:00 RUN_HEARTBEAT terminal=BT2 pid=38672 elapsed=262s
2026-08-30T03:16:48+00:00 RUN_HEARTBEAT terminal=BT1 pid=51456 elapsed=128s
2026-08-30T03:17:20+00:00 RUN_HEARTBEAT terminal=BT3 pid=18568 elapsed=129s
2026-08-30T03:17:40+00:00 WAIT_MT5_IDLE terminal=PROD elapsed=194s pids=[42196]
2026-08-30T03:17:47+00:00 RUN_HEARTBEAT terminal=BT4 pid=53520 elapsed=65s
2026-08-30T03:17:50+00:00 RUN_HEARTBEAT terminal=BT2 pid=38672 elapsed=326s
2026-08-30T03:17:52+00:00 RUN_HEARTBEAT terminal=BT1 pid=51456 elapsed=193s
2026-08-30T03:18:25+00:00 RUN_HEARTBEAT terminal=BT3 pid=18568 elapsed=193s
2026-08-30T03:18:41+00:00 RUN_END id=OAFX1583 window=SCREEN_IS terminal=BT1 status=OK decision=SCREEN_OUT_SINGLE_SLEEVE elapsed=243.473s
2026-08-30T03:18:41+00:00 GATE_SKIP id=OAFX1583 window=IS reason=SINGLE_SLEEVE_INFERIOR decision=SCREEN_OUT_SINGLE_SLEEVE net=86500.0 PF=1.2238 DD=19.909%
2026-08-30T03:18:41+00:00 RUN_START id=OAFX1586 family=gj_profit_giveback_exit window=SCREEN_IS terminal=BT1 run=oafx_screen_is_oafx1586_20260830121841_edab94
2026-08-30T03:18:43+00:00 RUN_HEARTBEAT terminal=BT1 pid=28116 elapsed=0s
2026-08-30T03:18:43+00:00 WAIT_MT5_IDLE terminal=PROD elapsed=257s pids=[42196]
2026-08-30T03:18:51+00:00 RUN_HEARTBEAT terminal=BT4 pid=53520 elapsed=130s
2026-08-30T03:18:54+00:00 RUN_HEARTBEAT terminal=BT2 pid=38672 elapsed=390s
2026-08-30T03:18:57+00:00 RUN_END id=OAFX1584 window=SCREEN_IS terminal=BT3 status=OK decision=SCREEN_OUT_SINGLE_SLEEVE elapsed=227.298s
2026-08-30T03:18:57+00:00 GATE_SKIP id=OAFX1584 window=IS reason=SINGLE_SLEEVE_INFERIOR decision=SCREEN_OUT_SINGLE_SLEEVE net=85215.0 PF=1.2204 DD=19.9845%
2026-08-30T03:18:57+00:00 RUN_START id=OAFX1587 family=gj_profit_giveback_exit window=SCREEN_IS terminal=BT3 run=oafx_screen_is_oafx1587_20260830121857_a3651e
2026-08-30T03:18:59+00:00 RUN_HEARTBEAT terminal=BT3 pid=50732 elapsed=0s
2026-08-30T03:19:32+00:00 KILL_ORPHAN_TESTER terminal=PROD pids=[42196] orphan_seconds=305
2026-08-30T03:19:49+00:00 RUN_HEARTBEAT terminal=BT1 pid=28116 elapsed=65s
2026-08-30T03:19:49+00:00 RUN_END id=OAFX1579 window=SCREEN_IS terminal=PROD status=OK decision=SCREEN_OUT_SINGLE_SLEEVE elapsed=584.999s
2026-08-30T03:19:49+00:00 GATE_SKIP id=OAFX1579 window=IS reason=SINGLE_SLEEVE_INFERIOR decision=SCREEN_OUT_SINGLE_SLEEVE net=92967.0 PF=1.2468 DD=19.6342%
2026-08-30T03:19:49+00:00 RUN_START id=OAFX1588 family=gj_profit_giveback_exit window=SCREEN_IS terminal=PROD run=oafx_screen_is_oafx1588_20260830121949_53bce7
2026-08-30T03:19:51+00:00 RUN_HEARTBEAT terminal=PROD pid=57232 elapsed=0s
2026-08-30T03:19:57+00:00 RUN_END id=OAFX1585 window=SCREEN_IS terminal=BT4 status=OK decision=SCREEN_OUT_SINGLE_SLEEVE elapsed=197.389s
2026-08-30T03:19:57+00:00 GATE_SKIP id=OAFX1585 window=IS reason=SINGLE_SLEEVE_INFERIOR decision=SCREEN_OUT_SINGLE_SLEEVE net=83786.0 PF=1.2167 DD=20.0879%
2026-08-30T03:19:57+00:00 RUN_START id=OAFX1589 family=gj_profit_giveback_exit window=SCREEN_IS terminal=BT4 run=oafx_screen_is_oafx1589_20260830121957_6e24ee
2026-08-30T03:19:58+00:00 RUN_HEARTBEAT terminal=BT2 pid=38672 elapsed=453s
2026-08-30T03:19:59+00:00 RUN_HEARTBEAT terminal=BT4 pid=52732 elapsed=0s
2026-08-30T03:20:05+00:00 RUN_HEARTBEAT terminal=BT3 pid=50732 elapsed=66s
2026-08-30T03:20:54+00:00 RUN_HEARTBEAT terminal=BT1 pid=28116 elapsed=131s
2026-08-30T03:20:56+00:00 RUN_HEARTBEAT terminal=PROD pid=57232 elapsed=65s
2026-08-30T03:21:06+00:00 RUN_HEARTBEAT terminal=BT4 pid=52732 elapsed=66s
2026-08-30T03:21:06+00:00 RUN_HEARTBEAT terminal=BT2 pid=38672 elapsed=520s
2026-08-30T03:21:10+00:00 RUN_HEARTBEAT terminal=BT3 pid=50732 elapsed=131s
2026-08-30T03:21:26+00:00 RUN_END id=OAFX1586 window=SCREEN_IS terminal=BT1 status=OK decision=SCREEN_OUT_SINGLE_SLEEVE elapsed=165.492s
2026-08-30T03:21:26+00:00 GATE_SKIP id=OAFX1586 window=IS reason=SINGLE_SLEEVE_INFERIOR decision=SCREEN_OUT_SINGLE_SLEEVE net=85008.0 PF=1.2199 DD=19.9188%
2026-08-30T03:21:26+00:00 RUN_START id=OAFX1590 family=gj_profit_giveback_exit window=SCREEN_IS terminal=BT1 run=oafx_screen_is_oafx1590_20260830122126_7bbb26
2026-08-30T03:21:29+00:00 RUN_HEARTBEAT terminal=BT1 pid=18960 elapsed=0s
2026-08-30T03:22:00+00:00 RUN_HEARTBEAT terminal=PROD pid=57232 elapsed=129s
2026-08-30T03:22:11+00:00 RUN_HEARTBEAT terminal=BT4 pid=52732 elapsed=131s
2026-08-30T03:22:11+00:00 RUN_HEARTBEAT terminal=BT2 pid=38672 elapsed=586s
2026-08-30T03:22:15+00:00 RUN_HEARTBEAT terminal=BT3 pid=50732 elapsed=196s
2026-08-30T03:22:33+00:00 RUN_HEARTBEAT terminal=BT1 pid=18960 elapsed=64s
2026-08-30T03:23:04+00:00 RUN_HEARTBEAT terminal=PROD pid=57232 elapsed=193s
2026-08-30T03:23:17+00:00 RUN_HEARTBEAT terminal=BT4 pid=52732 elapsed=198s
2026-08-30T03:23:17+00:00 RUN_HEARTBEAT terminal=BT2 pid=38672 elapsed=652s
2026-08-30T03:23:20+00:00 RUN_END id=OAFX1587 window=SCREEN_IS terminal=BT3 status=OK decision=SCREEN_OUT_SINGLE_SLEEVE elapsed=263.157s
2026-08-30T03:23:20+00:00 GATE_SKIP id=OAFX1587 window=IS reason=SINGLE_SLEEVE_INFERIOR decision=SCREEN_OUT_SINGLE_SLEEVE net=88436.0 PF=1.2288 DD=19.5321%
2026-08-30T03:23:20+00:00 RUN_START id=OAFX1591 family=gj_profit_giveback_exit window=SCREEN_IS terminal=BT3 run=oafx_screen_is_oafx1591_20260830122320_645842
2026-08-30T03:23:22+00:00 RUN_HEARTBEAT terminal=BT3 pid=47004 elapsed=0s
2026-08-30T03:23:37+00:00 RUN_HEARTBEAT terminal=BT1 pid=18960 elapsed=129s
2026-08-30T03:23:53+00:00 WAIT_MT5_IDLE terminal=PROD elapsed=1s pids=[46232]
2026-08-30T03:24:23+00:00 RUN_HEARTBEAT terminal=BT2 pid=38672 elapsed=718s
2026-08-30T03:24:23+00:00 RUN_END id=OAFX1589 window=SCREEN_IS terminal=BT4 status=OK decision=SCREEN_OUT_SINGLE_SLEEVE elapsed=265.612s
2026-08-30T03:24:23+00:00 GATE_SKIP id=OAFX1589 window=IS reason=SINGLE_SLEEVE_INFERIOR decision=SCREEN_OUT_SINGLE_SLEEVE net=87615.0 PF=1.2266 DD=19.5314%
2026-08-30T03:24:23+00:00 RUN_START id=OAFX1592 family=gj_profit_giveback_exit window=SCREEN_IS terminal=BT4 run=oafx_screen_is_oafx1592_20260830122423_8469fc
2026-08-30T03:24:25+00:00 RUN_HEARTBEAT terminal=BT4 pid=9348 elapsed=0s
2026-08-30T03:24:26+00:00 RUN_HEARTBEAT terminal=BT3 pid=47004 elapsed=64s
2026-08-30T03:24:42+00:00 RUN_HEARTBEAT terminal=BT1 pid=18960 elapsed=193s
2026-08-30T03:24:58+00:00 WAIT_MT5_IDLE terminal=PROD elapsed=66s pids=[46232]
2026-08-30T03:24:58+00:00 RUN_END id=OAFX1590 window=SCREEN_IS terminal=BT1 status=OK decision=SCREEN_OUT_SINGLE_SLEEVE elapsed=211.381s
2026-08-30T03:24:58+00:00 GATE_SKIP id=OAFX1590 window=IS reason=SINGLE_SLEEVE_INFERIOR decision=SCREEN_OUT_SINGLE_SLEEVE net=87195.0 PF=1.2256 DD=19.5314%
2026-08-30T03:24:58+00:00 RUN_START id=OAFX1593 family=gj_profit_giveback_exit window=SCREEN_IS terminal=BT1 run=oafx_screen_is_oafx1593_20260830122458_862050
2026-08-30T03:25:00+00:00 RUN_HEARTBEAT terminal=BT1 pid=48764 elapsed=0s
2026-08-30T03:25:27+00:00 RUN_HEARTBEAT terminal=BT2 pid=38672 elapsed=782s
2026-08-30T03:25:28+00:00 RUN_HEARTBEAT terminal=BT4 pid=9348 elapsed=64s
2026-08-30T03:25:30+00:00 RUN_HEARTBEAT terminal=BT3 pid=47004 elapsed=128s
2026-08-30T03:26:02+00:00 WAIT_MT5_IDLE terminal=PROD elapsed=130s pids=[46232]
2026-08-30T03:26:04+00:00 RUN_HEARTBEAT terminal=BT1 pid=48764 elapsed=64s
2026-08-30T03:26:32+00:00 RUN_HEARTBEAT terminal=BT2 pid=38672 elapsed=847s
2026-08-30T03:26:32+00:00 RUN_HEARTBEAT terminal=BT4 pid=9348 elapsed=128s
2026-08-30T03:26:34+00:00 RUN_HEARTBEAT terminal=BT3 pid=47004 elapsed=192s
2026-08-30T03:26:48+00:00 RUN_END id=OAFX1577 window=IS terminal=BT2 status=OK decision=IS_SURVIVOR_STRICT elapsed=865.243s
2026-08-30T03:26:48+00:00 RUN_START id=OAFX1577 family=gj_profit_giveback_exit window=OOS terminal=BT2 run=oafx_oos_oafx1577_20260830122648_8bc7a4
2026-08-30T03:26:50+00:00 RUN_HEARTBEAT terminal=BT2 pid=23316 elapsed=0s
2026-08-30T03:27:06+00:00 WAIT_MT5_IDLE terminal=PROD elapsed=195s pids=[46232]
2026-08-30T03:27:08+00:00 RUN_HEARTBEAT terminal=BT1 pid=48764 elapsed=128s
2026-08-30T03:27:23+00:00 RUN_END id=OAFX1591 window=SCREEN_IS terminal=BT3 status=OK decision=SCREEN_OUT_SINGLE_SLEEVE elapsed=242.701s
2026-08-30T03:27:23+00:00 GATE_SKIP id=OAFX1591 window=IS reason=SINGLE_SLEEVE_INFERIOR decision=SCREEN_OUT_SINGLE_SLEEVE net=84921.0 PF=1.2184 DD=19.5314%
2026-08-30T03:27:23+00:00 RUN_START id=OAFX1594 family=gj_profit_giveback_exit window=SCREEN_IS terminal=BT3 run=oafx_screen_is_oafx1594_20260830122723_de501d
2026-08-30T03:27:25+00:00 RUN_HEARTBEAT terminal=BT3 pid=56704 elapsed=0s
2026-08-30T03:27:37+00:00 RUN_HEARTBEAT terminal=BT4 pid=9348 elapsed=192s
2026-08-30T03:27:55+00:00 RUN_HEARTBEAT terminal=BT2 pid=23316 elapsed=65s
2026-08-30T03:28:11+00:00 WAIT_MT5_IDLE terminal=PROD elapsed=259s pids=[46232]
2026-08-30T03:28:12+00:00 RUN_HEARTBEAT terminal=BT1 pid=48764 elapsed=192s
2026-08-30T03:28:26+00:00 RUN_END id=OAFX1592 window=SCREEN_IS terminal=BT4 status=OK decision=SCREEN_OUT_SINGLE_SLEEVE elapsed=243.382s
2026-08-30T03:28:26+00:00 GATE_SKIP id=OAFX1592 window=IS reason=SINGLE_SLEEVE_INFERIOR decision=SCREEN_OUT_SINGLE_SLEEVE net=84921.0 PF=1.2184 DD=19.5314%
2026-08-30T03:28:26+00:00 RUN_START id=OAFX1595 family=gj_profit_giveback_exit window=SCREEN_IS terminal=BT4 run=oafx_screen_is_oafx1595_20260830122826_7daddd
2026-08-30T03:28:28+00:00 RUN_END id=OAFX1593 window=SCREEN_IS terminal=BT1 status=OK decision=SCREEN_OUT_SINGLE_SLEEVE elapsed=209.846s
2026-08-30T03:28:28+00:00 GATE_SKIP id=OAFX1593 window=IS reason=SINGLE_SLEEVE_INFERIOR decision=SCREEN_OUT_SINGLE_SLEEVE net=84921.0 PF=1.2184 DD=19.5314%
2026-08-30T03:28:28+00:00 RUN_START id=OAFX1596 family=gj_profit_giveback_exit window=SCREEN_IS terminal=BT1 run=oafx_screen_is_oafx1596_20260830122828_4a2556
2026-08-30T03:28:28+00:00 RUN_HEARTBEAT terminal=BT4 pid=48440 elapsed=0s
2026-08-30T03:28:29+00:00 RUN_HEARTBEAT terminal=BT3 pid=56704 elapsed=64s
2026-08-30T03:28:29+00:00 WAIT_LAUNCH_SLOT terminal=BT1 seconds=6.3
2026-08-30T03:28:36+00:00 RUN_HEARTBEAT terminal=BT1 pid=31504 elapsed=0s
2026-08-30T03:28:59+00:00 RUN_HEARTBEAT terminal=BT2 pid=23316 elapsed=129s
2026-08-30T03:28:59+00:00 KILL_ORPHAN_TESTER terminal=PROD pids=[46232] orphan_seconds=306
2026-08-30T03:29:15+00:00 RUN_END id=OAFX1588 window=SCREEN_IS terminal=PROD status=OK decision=SCREEN_OUT_SINGLE_SLEEVE elapsed=566.440s
2026-08-30T03:29:15+00:00 GATE_SKIP id=OAFX1588 window=IS reason=SINGLE_SLEEVE_INFERIOR decision=SCREEN_OUT_SINGLE_SLEEVE net=87938.0 PF=1.2275 DD=19.541%
2026-08-30T03:29:15+00:00 RUN_START id=OAFX1597 family=gj_profit_giveback_exit window=SCREEN_IS terminal=PROD run=oafx_screen_is_oafx1597_20260830122915_14d2fb
2026-08-30T03:29:18+00:00 RUN_HEARTBEAT terminal=PROD pid=48684 elapsed=0s
2026-08-30T03:29:32+00:00 RUN_HEARTBEAT terminal=BT4 pid=48440 elapsed=64s
2026-08-30T03:29:33+00:00 RUN_HEARTBEAT terminal=BT3 pid=56704 elapsed=128s
2026-08-30T03:29:43+00:00 RUN_HEARTBEAT terminal=BT1 pid=31504 elapsed=66s
2026-08-30T03:30:04+00:00 RUN_HEARTBEAT terminal=BT2 pid=23316 elapsed=194s
2026-08-30T03:30:22+00:00 RUN_HEARTBEAT terminal=PROD pid=48684 elapsed=65s
2026-08-30T03:30:38+00:00 RUN_HEARTBEAT terminal=BT4 pid=48440 elapsed=129s
2026-08-30T03:30:38+00:00 RUN_HEARTBEAT terminal=BT3 pid=56704 elapsed=193s
2026-08-30T03:30:49+00:00 RUN_HEARTBEAT terminal=BT1 pid=31504 elapsed=132s
2026-08-30T03:31:11+00:00 RUN_HEARTBEAT terminal=BT2 pid=23316 elapsed=261s
2026-08-30T03:31:28+00:00 RUN_HEARTBEAT terminal=PROD pid=48684 elapsed=130s
2026-08-30T03:31:28+00:00 RUN_END id=OAFX1594 window=SCREEN_IS terminal=BT3 status=OK decision=SCREEN_OUT_SINGLE_SLEEVE elapsed=244.927s
2026-08-30T03:31:28+00:00 GATE_SKIP id=OAFX1594 window=IS reason=SINGLE_SLEEVE_INFERIOR decision=SCREEN_OUT_SINGLE_SLEEVE net=84921.0 PF=1.2184 DD=19.5314%
2026-08-30T03:31:28+00:00 RUN_START id=OAFX1598 family=gj_profit_giveback_exit window=SCREEN_IS terminal=BT3 run=oafx_screen_is_oafx1598_20260830123128_43b1b3
2026-08-30T03:31:28+00:00 RUN_END id=OAFX1595 window=SCREEN_IS terminal=BT4 status=OK decision=SCREEN_OUT_SINGLE_SLEEVE elapsed=181.681s
2026-08-30T03:31:28+00:00 GATE_SKIP id=OAFX1595 window=IS reason=SINGLE_SLEEVE_INFERIOR decision=SCREEN_OUT_SINGLE_SLEEVE net=84921.0 PF=1.2184 DD=19.5314%
2026-08-30T03:31:28+00:00 RUN_START id=OAFX1599 family=gj_profit_giveback_exit window=SCREEN_IS terminal=BT4 run=oafx_screen_is_oafx1599_20260830123128_f7df30
2026-08-30T03:31:29+00:00 WAIT_LAUNCH_SLOT terminal=BT3 seconds=8.0
2026-08-30T03:31:30+00:00 RUN_HEARTBEAT terminal=BT4 pid=39876 elapsed=0s
2026-08-30T03:31:38+00:00 RUN_HEARTBEAT terminal=BT3 pid=44004 elapsed=0s
2026-08-30T03:31:55+00:00 RUN_HEARTBEAT terminal=BT1 pid=31504 elapsed=197s
2026-08-30T03:32:17+00:00 RUN_HEARTBEAT terminal=BT2 pid=23316 elapsed=327s
2026-08-30T03:32:33+00:00 RUN_HEARTBEAT terminal=PROD pid=48684 elapsed=195s
2026-08-30T03:32:34+00:00 RUN_HEARTBEAT terminal=BT4 pid=39876 elapsed=65s
2026-08-30T03:32:44+00:00 RUN_HEARTBEAT terminal=BT3 pid=44004 elapsed=65s
2026-08-30T03:33:00+00:00 RUN_END id=OAFX1596 window=SCREEN_IS terminal=BT1 status=OK decision=SCREEN_OUT_SINGLE_SLEEVE elapsed=272.175s
2026-08-30T03:33:00+00:00 GATE_SKIP id=OAFX1596 window=IS reason=SINGLE_SLEEVE_INFERIOR decision=SCREEN_OUT_SINGLE_SLEEVE net=84921.0 PF=1.2184 DD=19.5314%
2026-08-30T03:33:00+00:00 RUN_START id=OAFX1600 family=gj_profit_giveback_exit window=SCREEN_IS terminal=BT1 run=oafx_screen_is_oafx1600_20260830123300_568fdb
2026-08-30T03:33:02+00:00 RUN_HEARTBEAT terminal=BT1 pid=46908 elapsed=0s
2026-08-30T03:33:22+00:00 RUN_HEARTBEAT terminal=BT2 pid=23316 elapsed=392s
2026-08-30T03:33:39+00:00 RUN_HEARTBEAT terminal=PROD pid=48684 elapsed=261s
2026-08-30T03:33:39+00:00 RUN_HEARTBEAT terminal=BT4 pid=39876 elapsed=129s
2026-08-30T03:33:49+00:00 RUN_HEARTBEAT terminal=BT3 pid=44004 elapsed=131s
2026-08-30T03:33:56+00:00 WAIT_MT5_IDLE terminal=PROD elapsed=2s pids=[28160]
2026-08-30T03:34:06+00:00 RUN_HEARTBEAT terminal=BT1 pid=46908 elapsed=64s
2026-08-30T03:34:13+00:00 RUN_END id=OAFX1599 window=SCREEN_IS terminal=BT4 status=OK decision=SCREEN_OUT_SINGLE_SLEEVE elapsed=164.947s
2026-08-30T03:34:13+00:00 GATE_SKIP id=OAFX1599 window=IS reason=SINGLE_SLEEVE_INFERIOR decision=SCREEN_OUT_SINGLE_SLEEVE net=84921.0 PF=1.2184 DD=19.5314%
2026-08-30T03:34:13+00:00 RUN_START id=OAFX1601 family=gj_boost_partial_exit window=SCREEN_IS terminal=BT4 run=oafx_screen_is_oafx1601_20260830123413_63ac52
2026-08-30T03:34:15+00:00 RUN_HEARTBEAT terminal=BT4 pid=41492 elapsed=0s
2026-08-30T03:34:29+00:00 RUN_HEARTBEAT terminal=BT2 pid=23316 elapsed=459s
2026-08-30T03:34:55+00:00 RUN_HEARTBEAT terminal=BT3 pid=44004 elapsed=196s
2026-08-30T03:35:02+00:00 WAIT_MT5_IDLE terminal=PROD elapsed=67s pids=[28160]
2026-08-30T03:35:11+00:00 RUN_HEARTBEAT terminal=BT1 pid=46908 elapsed=129s
2026-08-30T03:35:19+00:00 RUN_HEARTBEAT terminal=BT4 pid=41492 elapsed=64s
2026-08-30T03:35:27+00:00 RUN_END id=OAFX1598 window=SCREEN_IS terminal=BT3 status=OK decision=SCREEN_OUT_SINGLE_SLEEVE elapsed=239.529s
2026-08-30T03:35:27+00:00 GATE_SKIP id=OAFX1598 window=IS reason=SINGLE_SLEEVE_INFERIOR decision=SCREEN_OUT_SINGLE_SLEEVE net=84921.0 PF=1.2184 DD=19.5314%
2026-08-30T03:35:27+00:00 RUN_START id=OAFX1602 family=gj_boost_partial_exit window=SCREEN_IS terminal=BT3 run=oafx_screen_is_oafx1602_20260830123527_3c9bbb
2026-08-30T03:35:29+00:00 RUN_HEARTBEAT terminal=BT3 pid=49696 elapsed=0s
2026-08-30T03:35:34+00:00 RUN_HEARTBEAT terminal=BT2 pid=23316 elapsed=524s
2026-08-30T03:36:07+00:00 WAIT_MT5_IDLE terminal=PROD elapsed=133s pids=[28160]
2026-08-30T03:36:16+00:00 RUN_HEARTBEAT terminal=BT1 pid=46908 elapsed=194s
2026-08-30T03:36:23+00:00 RUN_HEARTBEAT terminal=BT4 pid=41492 elapsed=129s
2026-08-30T03:36:33+00:00 RUN_HEARTBEAT terminal=BT3 pid=49696 elapsed=64s
2026-08-30T03:36:39+00:00 RUN_HEARTBEAT terminal=BT2 pid=23316 elapsed=589s
2026-08-30T03:36:49+00:00 RUN_END id=OAFX1600 window=SCREEN_IS terminal=BT1 status=OK decision=SCREEN_OUT_SINGLE_SLEEVE elapsed=228.824s
2026-08-30T03:36:49+00:00 GATE_SKIP id=OAFX1600 window=IS reason=SINGLE_SLEEVE_INFERIOR decision=SCREEN_OUT_SINGLE_SLEEVE net=84921.0 PF=1.2184 DD=19.5314%
2026-08-30T03:36:49+00:00 RUN_START id=OAFX1603 family=gj_boost_partial_exit window=SCREEN_IS terminal=BT1 run=oafx_screen_is_oafx1603_20260830123649_6fab73
2026-08-30T03:36:51+00:00 RUN_HEARTBEAT terminal=BT1 pid=27952 elapsed=0s
2026-08-30T03:37:13+00:00 WAIT_MT5_IDLE terminal=PROD elapsed=199s pids=[28160]
2026-08-30T03:37:29+00:00 RUN_END id=OAFX1601 window=SCREEN_IS terminal=BT4 status=OK decision=SCREEN_NOISE_BAND elapsed=196.265s
2026-08-30T03:37:29+00:00 GATE_SKIP id=OAFX1601 window=IS reason=SINGLE_SLEEVE_INFERIOR decision=SCREEN_NOISE_BAND net=77752.0 PF=1.2118 DD=19.3138%
2026-08-30T03:37:29+00:00 RUN_START id=OAFX1604 family=gj_boost_partial_exit window=SCREEN_IS terminal=BT4 run=oafx_screen_is_oafx1604_20260830123729_c3b442
2026-08-30T03:37:31+00:00 RUN_HEARTBEAT terminal=BT4 pid=56836 elapsed=0s
2026-08-30T03:37:38+00:00 RUN_HEARTBEAT terminal=BT3 pid=49696 elapsed=128s
2026-08-30T03:37:45+00:00 RUN_HEARTBEAT terminal=BT2 pid=23316 elapsed=655s
2026-08-30T03:37:55+00:00 RUN_HEARTBEAT terminal=BT1 pid=27952 elapsed=64s
2026-08-30T03:38:18+00:00 WAIT_MT5_IDLE terminal=PROD elapsed=264s pids=[28160]
2026-08-30T03:38:35+00:00 RUN_HEARTBEAT terminal=BT4 pid=56836 elapsed=64s
2026-08-30T03:38:42+00:00 RUN_HEARTBEAT terminal=BT3 pid=49696 elapsed=193s
2026-08-30T03:38:50+00:00 RUN_END id=OAFX1577 window=OOS terminal=BT2 status=OK decision=REJECT elapsed=722.297s
2026-08-30T03:38:50+00:00 RUN_START id=OAFX1605 family=gj_boost_partial_exit window=SCREEN_IS terminal=BT2 run=oafx_screen_is_oafx1605_20260830123850_6b1b13
2026-08-30T03:38:52+00:00 RUN_HEARTBEAT terminal=BT2 pid=48136 elapsed=0s
2026-08-30T03:38:59+00:00 RUN_HEARTBEAT terminal=BT1 pid=27952 elapsed=128s
2026-08-30T03:39:06+00:00 KILL_ORPHAN_TESTER terminal=PROD pids=[28160] orphan_seconds=310
2026-08-30T03:39:14+00:00 RUN_END id=OAFX1602 window=SCREEN_IS terminal=BT3 status=OK decision=SCREEN_NOISE_BAND elapsed=227.104s
2026-08-30T03:39:14+00:00 GATE_SKIP id=OAFX1602 window=IS reason=SINGLE_SLEEVE_INFERIOR decision=SCREEN_NOISE_BAND net=70583.0 PF=1.2043 DD=19.0753%
2026-08-30T03:39:14+00:00 RUN_START id=OAFX1606 family=gj_boost_partial_exit window=SCREEN_IS terminal=BT3 run=oafx_screen_is_oafx1606_20260830123914_6bcab3
2026-08-30T03:39:16+00:00 RUN_HEARTBEAT terminal=BT3 pid=13396 elapsed=0s
2026-08-30T03:39:22+00:00 RUN_END id=OAFX1597 window=SCREEN_IS terminal=PROD status=OK decision=SCREEN_OUT_SINGLE_SLEEVE elapsed=607.107s
2026-08-30T03:39:22+00:00 GATE_SKIP id=OAFX1597 window=IS reason=SINGLE_SLEEVE_INFERIOR decision=SCREEN_OUT_SINGLE_SLEEVE net=84921.0 PF=1.2184 DD=19.5314%
2026-08-30T03:39:22+00:00 RUN_START id=OAFX1607 family=gj_boost_partial_exit window=SCREEN_IS terminal=PROD run=oafx_screen_is_oafx1607_20260830123922_cbf883
2026-08-30T03:39:25+00:00 RUN_HEARTBEAT terminal=PROD pid=824 elapsed=0s
2026-08-30T03:39:39+00:00 RUN_HEARTBEAT terminal=BT4 pid=56836 elapsed=128s
2026-08-30T03:39:57+00:00 RUN_HEARTBEAT terminal=BT2 pid=48136 elapsed=65s
2026-08-30T03:40:04+00:00 RUN_HEARTBEAT terminal=BT1 pid=27952 elapsed=193s
2026-08-30T03:40:21+00:00 RUN_HEARTBEAT terminal=BT3 pid=13396 elapsed=64s
2026-08-30T03:40:30+00:00 RUN_HEARTBEAT terminal=PROD pid=824 elapsed=65s
2026-08-30T03:40:36+00:00 RUN_END id=OAFX1603 window=SCREEN_IS terminal=BT1 status=OK decision=SCREEN_NOISE_BAND elapsed=227.673s
2026-08-30T03:40:36+00:00 GATE_SKIP id=OAFX1603 window=IS reason=SINGLE_SLEEVE_INFERIOR decision=SCREEN_NOISE_BAND net=63414.0 PF=1.1958 DD=19.4946%
2026-08-30T03:40:36+00:00 RUN_START id=OAFX1608 family=gj_boost_partial_exit window=SCREEN_IS terminal=BT1 run=oafx_screen_is_oafx1608_20260830124036_6ef368
2026-08-30T03:40:38+00:00 RUN_HEARTBEAT terminal=BT1 pid=20192 elapsed=0s
2026-08-30T03:40:46+00:00 RUN_HEARTBEAT terminal=BT4 pid=56836 elapsed=195s
2026-08-30T03:41:02+00:00 RUN_END id=OAFX1604 window=SCREEN_IS terminal=BT4 status=OK decision=SCREEN_OUT_SINGLE_SLEEVE elapsed=213.348s
2026-08-30T03:41:02+00:00 GATE_SKIP id=OAFX1604 window=IS reason=SINGLE_SLEEVE_INFERIOR decision=SCREEN_OUT_SINGLE_SLEEVE net=56245.0 PF=1.1861 DD=20.0607%
2026-08-30T03:41:02+00:00 RUN_START id=OAFX1609 family=gj_boost_partial_exit window=SCREEN_IS terminal=BT4 run=oafx_screen_is_oafx1609_20260830124102_e5156a
2026-08-30T03:41:02+00:00 RUN_HEARTBEAT terminal=BT2 pid=48136 elapsed=130s
2026-08-30T03:41:04+00:00 RUN_HEARTBEAT terminal=BT4 pid=45344 elapsed=0s
2026-08-30T03:41:25+00:00 RUN_HEARTBEAT terminal=BT3 pid=13396 elapsed=129s
2026-08-30T03:41:36+00:00 RUN_HEARTBEAT terminal=PROD pid=824 elapsed=130s
2026-08-30T03:41:43+00:00 RUN_HEARTBEAT terminal=BT1 pid=20192 elapsed=64s
2026-08-30T03:42:09+00:00 RUN_HEARTBEAT terminal=BT2 pid=48136 elapsed=196s
2026-08-30T03:42:09+00:00 RUN_HEARTBEAT terminal=BT4 pid=45344 elapsed=64s
2026-08-30T03:42:31+00:00 RUN_HEARTBEAT terminal=BT3 pid=13396 elapsed=195s
2026-08-30T03:42:43+00:00 RUN_HEARTBEAT terminal=PROD pid=824 elapsed=198s
2026-08-30T03:42:47+00:00 RUN_HEARTBEAT terminal=BT1 pid=20192 elapsed=129s
2026-08-30T03:42:59+00:00 RUN_END id=OAFX1605 window=SCREEN_IS terminal=BT2 status=OK decision=SCREEN_OUT_SINGLE_SLEEVE elapsed=248.842s
2026-08-30T03:42:59+00:00 GATE_SKIP id=OAFX1605 window=IS reason=SINGLE_SLEEVE_INFERIOR decision=SCREEN_OUT_SINGLE_SLEEVE net=49076.0 PF=1.1749 DD=20.6846%
2026-08-30T03:42:59+00:00 RUN_START id=OAFX1610 family=gj_boost_partial_exit window=SCREEN_IS terminal=BT2 run=oafx_screen_is_oafx1610_20260830124259_bc7ec3
2026-08-30T03:43:01+00:00 RUN_HEARTBEAT terminal=BT2 pid=816 elapsed=0s
2026-08-30T03:43:15+00:00 RUN_HEARTBEAT terminal=BT4 pid=45344 elapsed=131s
2026-08-30T03:43:20+00:00 RUN_END id=OAFX1606 window=SCREEN_IS terminal=BT3 status=OK decision=SCREEN_OUT_SINGLE_SLEEVE elapsed=245.550s
2026-08-30T03:43:20+00:00 GATE_SKIP id=OAFX1606 window=IS reason=SINGLE_SLEEVE_INFERIOR decision=SCREEN_OUT_SINGLE_SLEEVE net=80215.0 PF=1.2152 DD=19.5816%
2026-08-30T03:43:20+00:00 RUN_START id=OAFX1611 family=gj_boost_partial_exit window=SCREEN_IS terminal=BT3 run=oafx_screen_is_oafx1611_20260830124320_d8e598
2026-08-30T03:43:22+00:00 RUN_HEARTBEAT terminal=BT3 pid=34908 elapsed=0s
2026-08-30T03:43:49+00:00 RUN_END id=OAFX1607 window=SCREEN_IS terminal=PROD status=OK decision=SCREEN_OUT_SINGLE_SLEEVE elapsed=266.735s
2026-08-30T03:43:49+00:00 GATE_SKIP id=OAFX1607 window=IS reason=SINGLE_SLEEVE_INFERIOR decision=SCREEN_OUT_SINGLE_SLEEVE net=75509.0 PF=1.2116 DD=19.6345%
2026-08-30T03:43:49+00:00 RUN_START id=OAFX1612 family=gj_boost_partial_exit window=SCREEN_IS terminal=PROD run=oafx_screen_is_oafx1612_20260830124349_6f649a
2026-08-30T03:43:51+00:00 RUN_HEARTBEAT terminal=PROD pid=47808 elapsed=0s
2026-08-30T03:43:52+00:00 RUN_HEARTBEAT terminal=BT1 pid=20192 elapsed=193s
2026-08-30T03:44:06+00:00 RUN_HEARTBEAT terminal=BT2 pid=816 elapsed=64s
2026-08-30T03:44:22+00:00 RUN_HEARTBEAT terminal=BT4 pid=45344 elapsed=198s
2026-08-30T03:44:27+00:00 RUN_HEARTBEAT terminal=BT3 pid=34908 elapsed=65s
2026-08-30T03:44:40+00:00 RUN_END id=OAFX1608 window=SCREEN_IS terminal=BT1 status=OK decision=SCREEN_OUT_SINGLE_SLEEVE elapsed=243.948s
2026-08-30T03:44:40+00:00 GATE_SKIP id=OAFX1608 window=IS reason=SINGLE_SLEEVE_INFERIOR decision=SCREEN_OUT_SINGLE_SLEEVE net=70803.0 PF=1.2078 DD=20.038%
2026-08-30T03:44:40+00:00 RUN_START id=OAFX1613 family=gj_boost_partial_exit window=SCREEN_IS terminal=BT1 run=oafx_screen_is_oafx1613_20260830124440_d8ae8e
2026-08-30T03:44:42+00:00 RUN_HEARTBEAT terminal=BT1 pid=54400 elapsed=0s
2026-08-30T03:44:54+00:00 RUN_END id=OAFX1609 window=SCREEN_IS terminal=BT4 status=OK decision=SCREEN_OUT_SINGLE_SLEEVE elapsed=232.157s
2026-08-30T03:44:54+00:00 GATE_SKIP id=OAFX1609 window=IS reason=SINGLE_SLEEVE_INFERIOR decision=SCREEN_OUT_SINGLE_SLEEVE net=66097.0 PF=1.2035 DD=20.5309%
2026-08-30T03:44:54+00:00 RUN_START id=OAFX1614 family=gj_boost_partial_exit window=SCREEN_IS terminal=BT4 run=oafx_screen_is_oafx1614_20260830124454_6112f9
2026-08-30T03:44:56+00:00 RUN_HEARTBEAT terminal=PROD pid=47808 elapsed=65s
2026-08-30T03:44:56+00:00 RUN_HEARTBEAT terminal=BT4 pid=50812 elapsed=0s
2026-08-30T03:45:11+00:00 RUN_HEARTBEAT terminal=BT2 pid=816 elapsed=129s
2026-08-30T03:45:31+00:00 RUN_HEARTBEAT terminal=BT3 pid=34908 elapsed=129s
2026-08-30T03:45:43+00:00 RUN_END id=OAFX1610 window=SCREEN_IS terminal=BT2 status=OK decision=SCREEN_OUT_SINGLE_SLEEVE elapsed=164.313s
2026-08-30T03:45:43+00:00 GATE_SKIP id=OAFX1610 window=IS reason=SINGLE_SLEEVE_INFERIOR decision=SCREEN_OUT_SINGLE_SLEEVE net=61391.0 PF=1.1989 DD=21.0915%
2026-08-30T03:45:43+00:00 RUN_START id=OAFX1615 family=gj_boost_partial_exit window=SCREEN_IS terminal=BT2 run=oafx_screen_is_oafx1615_20260830124543_cbd9ff
2026-08-30T03:45:46+00:00 RUN_HEARTBEAT terminal=BT2 pid=56176 elapsed=0s
2026-08-30T03:45:46+00:00 RUN_HEARTBEAT terminal=BT1 pid=54400 elapsed=64s
2026-08-30T03:46:01+00:00 RUN_HEARTBEAT terminal=BT4 pid=50812 elapsed=65s
2026-08-30T03:46:01+00:00 RUN_HEARTBEAT terminal=PROD pid=47808 elapsed=130s
2026-08-30T03:46:36+00:00 RUN_HEARTBEAT terminal=BT3 pid=34908 elapsed=193s
2026-08-30T03:46:52+00:00 RUN_HEARTBEAT terminal=BT1 pid=54400 elapsed=129s
2026-08-30T03:46:52+00:00 RUN_HEARTBEAT terminal=BT2 pid=56176 elapsed=66s
2026-08-30T03:47:10+00:00 RUN_HEARTBEAT terminal=PROD pid=47808 elapsed=197s
2026-08-30T03:47:10+00:00 RUN_HEARTBEAT terminal=BT4 pid=50812 elapsed=132s
2026-08-30T03:47:44+00:00 RUN_END id=OAFX1611 window=SCREEN_IS terminal=BT3 status=OK decision=SCREEN_OUT_SINGLE_SLEEVE elapsed=263.905s
2026-08-30T03:47:44+00:00 GATE_SKIP id=OAFX1611 window=IS reason=SINGLE_SLEEVE_INFERIOR decision=SCREEN_OUT_SINGLE_SLEEVE net=79734.0 PF=1.2113 DD=19.5489%
2026-08-30T03:47:44+00:00 RUN_START id=OAFX1616 family=gj_boost_partial_exit window=SCREEN_IS terminal=BT3 run=oafx_screen_is_oafx1616_20260830124744_20916b
2026-08-30T03:47:46+00:00 RUN_HEARTBEAT terminal=BT3 pid=27672 elapsed=0s
2026-08-30T03:48:00+00:00 RUN_HEARTBEAT terminal=BT2 pid=56176 elapsed=134s
2026-08-30T03:48:00+00:00 RUN_END id=OAFX1613 window=SCREEN_IS terminal=BT1 status=OK decision=SCREEN_OUT_SINGLE_SLEEVE elapsed=199.793s
2026-08-30T03:48:00+00:00 GATE_SKIP id=OAFX1613 window=IS reason=SINGLE_SLEEVE_INFERIOR decision=SCREEN_OUT_SINGLE_SLEEVE net=69360.0 PF=1.1959 DD=19.866%
2026-08-30T03:48:00+00:00 RUN_START id=OAFX1617 family=gj_boost_partial_exit window=SCREEN_IS terminal=BT1 run=oafx_screen_is_oafx1617_20260830124800_1e3b5a
2026-08-30T03:48:02+00:00 RUN_HEARTBEAT terminal=BT1 pid=35308 elapsed=0s
2026-08-30T03:48:17+00:00 RUN_HEARTBEAT terminal=BT4 pid=50812 elapsed=200s
2026-08-30T03:48:17+00:00 RUN_END id=OAFX1612 window=SCREEN_IS terminal=PROD status=OK decision=SCREEN_OUT_SINGLE_SLEEVE elapsed=267.458s
2026-08-30T03:48:17+00:00 GATE_SKIP id=OAFX1612 window=IS reason=SINGLE_SLEEVE_INFERIOR decision=SCREEN_OUT_SINGLE_SLEEVE net=74547.0 PF=1.2038 DD=19.5675%
2026-08-30T03:48:17+00:00 RUN_START id=OAFX1618 family=gj_boost_partial_exit window=SCREEN_IS terminal=PROD run=oafx_screen_is_oafx1618_20260830124817_9efc59
2026-08-30T03:48:19+00:00 RUN_HEARTBEAT terminal=PROD pid=29900 elapsed=0s
2026-08-30T03:48:51+00:00 RUN_HEARTBEAT terminal=BT3 pid=27672 elapsed=65s
2026-08-30T03:49:07+00:00 RUN_END id=OAFX1615 window=SCREEN_IS terminal=BT2 status=OK decision=SCREEN_OUT_SINGLE_SLEEVE elapsed=203.265s
2026-08-30T03:49:07+00:00 GATE_SKIP id=OAFX1615 window=IS reason=SINGLE_SLEEVE_INFERIOR decision=SCREEN_OUT_SINGLE_SLEEVE net=58986.0 PF=1.1782 DD=20.7699%
2026-08-30T03:49:07+00:00 RUN_END id=OAFX1614 window=SCREEN_IS terminal=BT4 status=OK decision=SCREEN_OUT_SINGLE_SLEEVE elapsed=252.412s
2026-08-30T03:49:07+00:00 GATE_SKIP id=OAFX1614 window=IS reason=SINGLE_SLEEVE_INFERIOR decision=SCREEN_OUT_SINGLE_SLEEVE net=64173.0 PF=1.1873 DD=20.3023%
2026-08-30T03:49:07+00:00 RUN_START id=OAFX1619 family=gj_boost_partial_exit window=SCREEN_IS terminal=BT2 run=oafx_screen_is_oafx1619_20260830124907_96ffa1
2026-08-30T03:49:07+00:00 RUN_START id=OAFX1620 family=gj_boost_partial_exit window=SCREEN_IS terminal=BT4 run=oafx_screen_is_oafx1620_20260830124907_e3220c
2026-08-30T03:49:07+00:00 RUN_HEARTBEAT terminal=BT1 pid=35308 elapsed=65s
2026-08-30T03:49:08+00:00 WAIT_LAUNCH_SLOT terminal=BT2 seconds=8.0
2026-08-30T03:49:09+00:00 RUN_HEARTBEAT terminal=BT4 pid=28944 elapsed=0s
2026-08-30T03:49:17+00:00 RUN_HEARTBEAT terminal=BT2 pid=53216 elapsed=0s
2026-08-30T03:49:24+00:00 RUN_HEARTBEAT terminal=PROD pid=29900 elapsed=65s
2026-08-30T03:49:57+00:00 RUN_HEARTBEAT terminal=BT3 pid=27672 elapsed=130s
2026-08-30T03:50:14+00:00 RUN_HEARTBEAT terminal=BT4 pid=28944 elapsed=65s
2026-08-30T03:50:14+00:00 RUN_HEARTBEAT terminal=BT1 pid=35308 elapsed=132s
2026-08-30T03:50:23+00:00 RUN_HEARTBEAT terminal=BT2 pid=53216 elapsed=66s
2026-08-30T03:50:30+00:00 RUN_HEARTBEAT terminal=PROD pid=29900 elapsed=131s
2026-08-30T03:50:30+00:00 RUN_END id=OAFX1616 window=SCREEN_IS terminal=BT3 status=OK decision=SCREEN_NOISE_BAND elapsed=166.408s
2026-08-30T03:50:30+00:00 GATE_SKIP id=OAFX1616 window=IS reason=SINGLE_SLEEVE_INFERIOR decision=SCREEN_NOISE_BAND net=83207.0 PF=1.2194 DD=19.1788%
2026-08-30T03:50:30+00:00 RUN_START id=OAFX1621 family=gj_boost_partial_exit window=SCREEN_IS terminal=BT3 run=oafx_screen_is_oafx1621_20260830125030_7d1d39
2026-08-30T03:50:32+00:00 RUN_HEARTBEAT terminal=BT3 pid=53140 elapsed=0s
2026-08-30T03:51:19+00:00 RUN_HEARTBEAT terminal=BT1 pid=35308 elapsed=197s
2026-08-30T03:51:19+00:00 RUN_HEARTBEAT terminal=BT4 pid=28944 elapsed=130s
2026-08-30T03:51:29+00:00 RUN_HEARTBEAT terminal=BT2 pid=53216 elapsed=132s
2026-08-30T03:51:36+00:00 RUN_HEARTBEAT terminal=PROD pid=29900 elapsed=196s
2026-08-30T03:51:37+00:00 RUN_HEARTBEAT terminal=BT3 pid=53140 elapsed=64s
2026-08-30T03:52:08+00:00 RUN_END id=OAFX1617 window=SCREEN_IS terminal=BT1 status=OK decision=SCREEN_PASS_DD elapsed=248.242s
2026-08-30T03:52:08+00:00 RUN_START id=OAFX1617 family=gj_boost_partial_exit window=IS terminal=BT1 run=oafx_is_oafx1617_20260830125208_5cbc1c
2026-08-30T03:52:10+00:00 RUN_HEARTBEAT terminal=BT1 pid=49464 elapsed=0s
2026-08-30T03:52:24+00:00 RUN_HEARTBEAT terminal=BT4 pid=28944 elapsed=195s
2026-08-30T03:52:34+00:00 RUN_HEARTBEAT terminal=BT2 pid=53216 elapsed=197s
2026-08-30T03:52:41+00:00 WAIT_MT5_IDLE terminal=PROD elapsed=2s pids=[46672]
2026-08-30T03:52:41+00:00 RUN_HEARTBEAT terminal=BT3 pid=53140 elapsed=129s
2026-08-30T03:52:57+00:00 RUN_END id=OAFX1620 window=SCREEN_IS terminal=BT4 status=OK decision=SCREEN_OUT_SINGLE_SLEEVE elapsed=230.526s
2026-08-30T03:52:57+00:00 GATE_SKIP id=OAFX1620 window=IS reason=SINGLE_SLEEVE_INFERIOR decision=SCREEN_OUT_SINGLE_SLEEVE net=76351.0 PF=1.2242 DD=18.5782%
2026-08-30T03:52:57+00:00 RUN_START id=OAFX1622 family=gj_boost_partial_exit window=SCREEN_IS terminal=BT4 run=oafx_screen_is_oafx1622_20260830125257_8f1c6b
2026-08-30T03:52:59+00:00 RUN_HEARTBEAT terminal=BT4 pid=52652 elapsed=0s
2026-08-30T03:53:15+00:00 RUN_HEARTBEAT terminal=BT1 pid=49464 elapsed=64s
2026-08-30T03:53:38+00:00 RUN_END id=OAFX1619 window=SCREEN_IS terminal=BT2 status=OK decision=SCREEN_PASS_DD elapsed=271.547s
2026-08-30T03:53:38+00:00 RUN_START id=OAFX1619 family=gj_boost_partial_exit window=IS terminal=BT2 run=oafx_is_oafx1619_20260830125338_6f42e7
2026-08-30T03:53:40+00:00 RUN_HEARTBEAT terminal=BT2 pid=54092 elapsed=0s
2026-08-30T03:53:45+00:00 WAIT_MT5_IDLE terminal=PROD elapsed=66s pids=[46672]
2026-08-30T03:53:45+00:00 RUN_HEARTBEAT terminal=BT3 pid=53140 elapsed=193s
2026-08-30T03:54:01+00:00 RUN_END id=OAFX1621 window=SCREEN_IS terminal=BT3 status=OK decision=SCREEN_NOISE_BAND elapsed=211.235s
2026-08-30T03:54:01+00:00 GATE_SKIP id=OAFX1621 window=IS reason=SINGLE_SLEEVE_INFERIOR decision=SCREEN_NOISE_BAND net=82439.0 PF=1.2156 DD=19.0991%
2026-08-30T03:54:01+00:00 RUN_START id=OAFX1623 family=gj_boost_partial_exit window=SCREEN_IS terminal=BT3 run=oafx_screen_is_oafx1623_20260830125401_23c1b7
2026-08-30T03:54:03+00:00 RUN_HEARTBEAT terminal=BT4 pid=52652 elapsed=64s
2026-08-30T03:54:03+00:00 RUN_HEARTBEAT terminal=BT3 pid=56692 elapsed=0s
2026-08-30T03:54:19+00:00 RUN_HEARTBEAT terminal=BT1 pid=49464 elapsed=129s
2026-08-30T03:54:45+00:00 RUN_HEARTBEAT terminal=BT2 pid=54092 elapsed=65s
2026-08-30T03:54:49+00:00 WAIT_MT5_IDLE terminal=PROD elapsed=130s pids=[46672]
2026-08-30T03:55:08+00:00 RUN_HEARTBEAT terminal=BT3 pid=56692 elapsed=64s
2026-08-30T03:55:08+00:00 RUN_HEARTBEAT terminal=BT4 pid=52652 elapsed=128s
2026-08-30T03:55:23+00:00 RUN_HEARTBEAT terminal=BT1 pid=49464 elapsed=193s
2026-08-30T03:55:51+00:00 RUN_HEARTBEAT terminal=BT2 pid=54092 elapsed=130s
2026-08-30T03:55:57+00:00 WAIT_MT5_IDLE terminal=PROD elapsed=197s pids=[46672]
2026-08-30T03:56:13+00:00 RUN_HEARTBEAT terminal=BT4 pid=52652 elapsed=194s
2026-08-30T03:56:13+00:00 RUN_HEARTBEAT terminal=BT3 pid=56692 elapsed=129s
2026-08-30T03:56:30+00:00 RUN_HEARTBEAT terminal=BT1 pid=49464 elapsed=259s
2026-08-30T03:56:46+00:00 RUN_END id=OAFX1622 window=SCREEN_IS terminal=BT4 status=OK decision=SCREEN_PASS_DD elapsed=229.161s
2026-08-30T03:56:46+00:00 RUN_START id=OAFX1622 family=gj_boost_partial_exit window=IS terminal=BT4 run=oafx_is_oafx1622_20260830125646_cfa2a9
2026-08-30T03:56:48+00:00 RUN_HEARTBEAT terminal=BT4 pid=23144 elapsed=0s
2026-08-30T03:56:55+00:00 RUN_HEARTBEAT terminal=BT2 pid=54092 elapsed=195s
2026-08-30T03:57:03+00:00 WAIT_MT5_IDLE terminal=PROD elapsed=263s pids=[46672]
2026-08-30T03:57:19+00:00 RUN_HEARTBEAT terminal=BT3 pid=56692 elapsed=195s
2026-08-30T03:57:35+00:00 RUN_HEARTBEAT terminal=BT1 pid=49464 elapsed=325s
2026-08-30T03:57:51+00:00 KILL_ORPHAN_TESTER terminal=PROD pids=[46672] orphan_seconds=310
2026-08-30T03:57:52+00:00 RUN_HEARTBEAT terminal=BT4 pid=23144 elapsed=64s
2026-08-30T03:58:02+00:00 RUN_HEARTBEAT terminal=BT2 pid=54092 elapsed=262s
2026-08-30T03:58:07+00:00 RUN_END id=OAFX1623 window=SCREEN_IS terminal=BT3 status=OK decision=SCREEN_PASS_DD elapsed=245.817s
2026-08-30T03:58:07+00:00 RUN_START id=OAFX1623 family=gj_boost_partial_exit window=IS terminal=BT3 run=oafx_is_oafx1623_20260830125807_2a856f
2026-08-30T03:58:07+00:00 RUN_END id=OAFX1618 window=SCREEN_IS terminal=PROD status=OK decision=SCREEN_PASS_DD elapsed=590.741s
2026-08-30T03:58:07+00:00 RUN_START id=OAFX1618 family=gj_boost_partial_exit window=IS terminal=PROD run=oafx_is_oafx1618_20260830125807_7d0bc3
2026-08-30T03:58:08+00:00 WAIT_LAUNCH_SLOT terminal=PROD seconds=7.8
2026-08-30T03:58:09+00:00 RUN_HEARTBEAT terminal=BT3 pid=36436 elapsed=0s
2026-08-30T03:58:17+00:00 RUN_HEARTBEAT terminal=PROD pid=40000 elapsed=0s
2026-08-30T03:58:40+00:00 RUN_HEARTBEAT terminal=BT1 pid=49464 elapsed=389s
2026-08-30T03:58:57+00:00 RUN_HEARTBEAT terminal=BT4 pid=23144 elapsed=128s
2026-08-30T03:59:07+00:00 RUN_HEARTBEAT terminal=BT2 pid=54092 elapsed=327s
2026-08-30T03:59:16+00:00 RUN_HEARTBEAT terminal=BT3 pid=36436 elapsed=64s
2026-08-30T03:59:24+00:00 RUN_HEARTBEAT terminal=PROD pid=40000 elapsed=66s
2026-08-30T03:59:39+00:00 RUN_END id=OAFX1618 window=IS terminal=PROD status=FAILED decision=RUN_FAILED elapsed=92.039s
2026-08-30T03:59:39+00:00 RUN_START id=OAFX1624 family=gj_boost_partial_exit window=SCREEN_IS terminal=PROD run=oafx_screen_is_oafx1624_20260830125939_e28a44
2026-08-30T03:59:44+00:00 RUN_HEARTBEAT terminal=PROD pid=46732 elapsed=0s
2026-08-30T03:59:45+00:00 RUN_HEARTBEAT terminal=BT1 pid=49464 elapsed=454s
2026-08-30T04:00:00+00:00 RUN_END id=OAFX1622 window=IS terminal=BT4 status=FAILED decision=RUN_FAILED elapsed=193.388s
2026-08-30T04:00:00+00:00 RUN_START id=OAFX1625 family=gj_boost_partial_exit window=SCREEN_IS terminal=BT4 run=oafx_screen_is_oafx1625_20260830130000_9ec639
2026-08-30T04:00:02+00:00 RUN_HEARTBEAT terminal=BT4 pid=56168 elapsed=0s
2026-08-30T04:00:03+00:00 RUN_END id=OAFX1623 window=IS terminal=BT3 status=FAILED decision=RUN_FAILED elapsed=115.772s
2026-08-30T04:00:03+00:00 RUN_START id=OAFX1626 family=gj_boost_partial_exit window=SCREEN_IS terminal=BT3 run=oafx_screen_is_oafx1626_20260830130003_94365b
2026-08-30T04:00:04+00:00 WAIT_LAUNCH_SLOT terminal=BT3 seconds=4.8
2026-08-30T04:00:10+00:00 RUN_HEARTBEAT terminal=BT3 pid=45864 elapsed=0s
2026-08-30T04:00:13+00:00 RUN_HEARTBEAT terminal=BT2 pid=54092 elapsed=392s
2026-08-30T04:00:48+00:00 RUN_HEARTBEAT terminal=PROD pid=46732 elapsed=67s
2026-08-30T04:00:49+00:00 RUN_HEARTBEAT terminal=BT1 pid=49464 elapsed=519s
2026-08-30T04:01:06+00:00 RUN_HEARTBEAT terminal=BT4 pid=56168 elapsed=64s
2026-08-30T04:01:16+00:00 RUN_HEARTBEAT terminal=BT3 pid=45864 elapsed=66s
2026-08-30T04:01:17+00:00 RUN_HEARTBEAT terminal=BT2 pid=54092 elapsed=457s
2026-08-30T04:01:53+00:00 RUN_HEARTBEAT terminal=PROD pid=46732 elapsed=131s
2026-08-30T04:01:53+00:00 RUN_HEARTBEAT terminal=BT1 pid=49464 elapsed=583s
2026-08-30T04:02:11+00:00 RUN_HEARTBEAT terminal=BT4 pid=56168 elapsed=129s
2026-08-30T04:02:22+00:00 RUN_HEARTBEAT terminal=BT2 pid=54092 elapsed=521s
2026-08-30T04:02:22+00:00 RUN_HEARTBEAT terminal=BT3 pid=45864 elapsed=132s
2026-08-30T04:02:26+00:00 RUN_END id=OAFX1624 window=SCREEN_IS terminal=PROD status=OK decision=SCREEN_OUT_SINGLE_SLEEVE elapsed=166.293s
2026-08-30T04:02:26+00:00 GATE_SKIP id=OAFX1624 window=IS reason=SINGLE_SLEEVE_INFERIOR decision=SCREEN_OUT_SINGLE_SLEEVE net=74993.0 PF=1.2067 DD=18.3203%
2026-08-30T04:02:26+00:00 RUN_START id=OAFX1627 family=gj_boost_partial_exit window=SCREEN_IS terminal=PROD run=oafx_screen_is_oafx1627_20260830130226_51b877
2026-08-30T04:02:28+00:00 RUN_HEARTBEAT terminal=PROD pid=39716 elapsed=0s
2026-08-30T04:02:58+00:00 RUN_HEARTBEAT terminal=BT1 pid=49464 elapsed=647s
2026-08-30T04:03:15+00:00 RUN_HEARTBEAT terminal=BT4 pid=56168 elapsed=193s
2026-08-30T04:03:28+00:00 RUN_HEARTBEAT terminal=BT2 pid=54092 elapsed=587s
2026-08-30T04:03:28+00:00 RUN_HEARTBEAT terminal=BT3 pid=45864 elapsed=197s
2026-08-30T04:03:32+00:00 RUN_HEARTBEAT terminal=PROD pid=39716 elapsed=64s
2026-08-30T04:03:47+00:00 RUN_END id=OAFX1625 window=SCREEN_IS terminal=BT4 status=OK decision=SCREEN_OUT_SINGLE_SLEEVE elapsed=227.128s
2026-08-30T04:03:47+00:00 GATE_SKIP id=OAFX1625 window=IS reason=SINGLE_SLEEVE_INFERIOR decision=SCREEN_OUT_SINGLE_SLEEVE net=72511.0 PF=1.2036 DD=18.3044%
2026-08-30T04:03:47+00:00 RUN_START id=OAFX1628 family=gj_boost_partial_exit window=SCREEN_IS terminal=BT4 run=oafx_screen_is_oafx1628_20260830130347_23f25c
2026-08-30T04:03:49+00:00 RUN_HEARTBEAT terminal=BT4 pid=49732 elapsed=0s
2026-08-30T04:04:02+00:00 RUN_HEARTBEAT terminal=BT1 pid=49464 elapsed=712s
2026-08-30T04:04:17+00:00 RUN_END id=OAFX1626 window=SCREEN_IS terminal=BT3 status=OK decision=SCREEN_PASS_DD elapsed=253.755s
2026-08-30T04:04:17+00:00 RUN_START id=OAFX1626 family=gj_boost_partial_exit window=IS terminal=BT3 run=oafx_is_oafx1626_20260830130417_32fe27
2026-08-30T04:04:19+00:00 RUN_HEARTBEAT terminal=BT3 pid=51788 elapsed=0s
2026-08-30T04:04:33+00:00 RUN_HEARTBEAT terminal=BT2 pid=54092 elapsed=652s
2026-08-30T04:04:36+00:00 RUN_HEARTBEAT terminal=PROD pid=39716 elapsed=128s
2026-08-30T04:04:53+00:00 RUN_HEARTBEAT terminal=BT4 pid=49732 elapsed=64s
2026-08-30T04:05:07+00:00 RUN_HEARTBEAT terminal=BT1 pid=49464 elapsed=777s
2026-08-30T04:05:23+00:00 RUN_HEARTBEAT terminal=BT3 pid=51788 elapsed=64s
2026-08-30T04:05:25+00:00 RUN_END id=OAFX1627 window=SCREEN_IS terminal=PROD status=OK decision=SCREEN_PASS_DD elapsed=179.006s
2026-08-30T04:05:25+00:00 RUN_START id=OAFX1627 family=gj_boost_partial_exit window=IS terminal=PROD run=oafx_is_oafx1627_20260830130525_63f238
2026-08-30T04:05:27+00:00 RUN_HEARTBEAT terminal=PROD pid=55280 elapsed=0s
2026-08-30T04:05:38+00:00 RUN_HEARTBEAT terminal=BT2 pid=54092 elapsed=718s
2026-08-30T04:05:57+00:00 RUN_HEARTBEAT terminal=BT4 pid=49732 elapsed=128s
2026-08-30T04:06:12+00:00 RUN_HEARTBEAT terminal=BT1 pid=49464 elapsed=841s
2026-08-30T04:06:27+00:00 RUN_END id=OAFX1626 window=IS terminal=BT3 status=FAILED decision=RUN_FAILED elapsed=129.890s
2026-08-30T04:06:27+00:00 RUN_START id=OAFX1629 family=gj_boost_partial_exit window=SCREEN_IS terminal=BT3 run=oafx_screen_is_oafx1629_20260830130627_10cb2f
2026-08-30T04:06:29+00:00 RUN_HEARTBEAT terminal=BT3 pid=49476 elapsed=0s
2026-08-30T04:06:31+00:00 RUN_END id=OAFX1627 window=IS terminal=PROD status=FAILED decision=RUN_FAILED elapsed=66.309s
2026-08-30T04:06:31+00:00 RUN_START id=OAFX1630 family=gj_boost_partial_exit window=SCREEN_IS terminal=PROD run=oafx_screen_is_oafx1630_20260830130631_af65e8
2026-08-30T04:06:32+00:00 WAIT_LAUNCH_SLOT terminal=PROD seconds=3.5
2026-08-30T04:06:37+00:00 RUN_HEARTBEAT terminal=PROD pid=50088 elapsed=0s
2026-08-30T04:06:44+00:00 RUN_HEARTBEAT terminal=BT2 pid=54092 elapsed=783s
2026-08-30T04:07:00+00:00 RUN_END id=OAFX1617 window=IS terminal=BT1 status=OK decision=IS_NOISE_BAND elapsed=892.073s
2026-08-30T04:07:00+00:00 GATE_SKIP id=OAFX1617 window=OOS reason=IS_NOT_SURVIVOR decision=IS_NOISE_BAND net=276284.0 PF=1.4057 DD=34.6025%
2026-08-30T04:07:00+00:00 RUN_START id=OAFX1631 family=gj_boost_partial_exit window=SCREEN_IS terminal=BT1 run=oafx_screen_is_oafx1631_20260830130700_6b007e
2026-08-30T04:07:03+00:00 RUN_HEARTBEAT terminal=BT1 pid=29172 elapsed=0s
2026-08-30T04:07:04+00:00 RUN_HEARTBEAT terminal=BT4 pid=49732 elapsed=195s
2026-08-30T04:07:20+00:00 RUN_END id=OAFX1628 window=SCREEN_IS terminal=BT4 status=OK decision=SCREEN_PASS_DD elapsed=213.389s
2026-08-30T04:07:20+00:00 RUN_START id=OAFX1628 family=gj_boost_partial_exit window=IS terminal=BT4 run=oafx_is_oafx1628_20260830130720_90ecae
2026-08-30T04:07:22+00:00 RUN_HEARTBEAT terminal=BT4 pid=9388 elapsed=0s
2026-08-30T04:07:33+00:00 RUN_HEARTBEAT terminal=BT3 pid=49476 elapsed=65s
2026-08-30T04:07:43+00:00 RUN_HEARTBEAT terminal=PROD pid=50088 elapsed=65s
2026-08-30T04:07:49+00:00 RUN_HEARTBEAT terminal=BT2 pid=54092 elapsed=848s
2026-08-30T04:08:07+00:00 RUN_HEARTBEAT terminal=BT1 pid=29172 elapsed=64s
2026-08-30T04:08:29+00:00 RUN_HEARTBEAT terminal=BT4 pid=9388 elapsed=66s
2026-08-30T04:08:39+00:00 RUN_HEARTBEAT terminal=BT3 pid=49476 elapsed=129s
2026-08-30T04:08:48+00:00 RUN_HEARTBEAT terminal=PROD pid=50088 elapsed=131s
2026-08-30T04:08:56+00:00 RUN_END id=OAFX1619 window=IS terminal=BT2 status=OK decision=IS_REJECT elapsed=917.509s
2026-08-30T04:08:56+00:00 GATE_SKIP id=OAFX1619 window=OOS reason=IS_NOT_SURVIVOR decision=IS_REJECT net=272856.0 PF=1.4124 DD=37.7428%
2026-08-30T04:08:56+00:00 RUN_START id=OAFX1632 family=gj_boost_partial_exit window=SCREEN_IS terminal=BT2 run=oafx_screen_is_oafx1632_20260830130856_294552
2026-08-30T04:08:58+00:00 RUN_HEARTBEAT terminal=BT2 pid=54540 elapsed=0s
2026-08-30T04:09:12+00:00 RUN_HEARTBEAT terminal=BT1 pid=29172 elapsed=129s
2026-08-30T04:09:12+00:00 RUN_END id=OAFX1629 window=SCREEN_IS terminal=BT3 status=OK decision=SCREEN_PASS_DD elapsed=165.246s
2026-08-30T04:09:12+00:00 RUN_START id=OAFX1629 family=gj_boost_partial_exit window=IS terminal=BT3 run=oafx_is_oafx1629_20260830130912_453dde
2026-08-30T04:09:14+00:00 RUN_HEARTBEAT terminal=BT3 pid=43252 elapsed=0s
2026-08-30T04:09:34+00:00 RUN_HEARTBEAT terminal=BT4 pid=9388 elapsed=131s
2026-08-30T04:09:53+00:00 RUN_HEARTBEAT terminal=PROD pid=50088 elapsed=196s
2026-08-30T04:10:03+00:00 RUN_HEARTBEAT terminal=BT2 pid=54540 elapsed=65s
2026-08-30T04:10:18+00:00 RUN_HEARTBEAT terminal=BT1 pid=29172 elapsed=195s
2026-08-30T04:10:20+00:00 RUN_HEARTBEAT terminal=BT3 pid=43252 elapsed=65s
2026-08-30T04:10:39+00:00 RUN_HEARTBEAT terminal=BT4 pid=9388 elapsed=197s
2026-08-30T04:10:42+00:00 RUN_END id=OAFX1630 window=SCREEN_IS terminal=PROD status=OK decision=SCREEN_OUT_SINGLE_SLEEVE elapsed=251.430s
2026-08-30T04:10:42+00:00 GATE_SKIP id=OAFX1630 window=IS reason=SINGLE_SLEEVE_INFERIOR decision=SCREEN_OUT_SINGLE_SLEEVE net=75481.0 PF=1.2049 DD=18.1406%
2026-08-30T04:10:42+00:00 RUN_START id=OAFX1633 family=gj_boost_partial_exit window=SCREEN_IS terminal=PROD run=oafx_screen_is_oafx1633_20260830131042_8e0648
2026-08-30T04:10:45+00:00 RUN_HEARTBEAT terminal=PROD pid=14100 elapsed=0s
2026-08-30T04:11:09+00:00 RUN_HEARTBEAT terminal=BT2 pid=54540 elapsed=131s
2026-08-30T04:11:24+00:00 RUN_HEARTBEAT terminal=BT1 pid=29172 elapsed=261s
2026-08-30T04:11:25+00:00 RUN_HEARTBEAT terminal=BT3 pid=43252 elapsed=131s
2026-08-30T04:11:40+00:00 RUN_END id=OAFX1631 window=SCREEN_IS terminal=BT1 status=OK decision=SCREEN_NOISE_BAND elapsed=280.003s
2026-08-30T04:11:40+00:00 GATE_SKIP id=OAFX1631 window=IS reason=SINGLE_SLEEVE_INFERIOR decision=SCREEN_NOISE_BAND net=80667.0 PF=1.2087 DD=19.0793%
2026-08-30T04:11:40+00:00 RUN_START id=OAFX1634 family=gj_boost_partial_exit window=SCREEN_IS terminal=BT1 run=oafx_screen_is_oafx1634_20260830131140_c8f9ac
2026-08-30T04:11:42+00:00 RUN_HEARTBEAT terminal=BT1 pid=47060 elapsed=0s
2026-08-30T04:11:45+00:00 RUN_HEARTBEAT terminal=BT4 pid=9388 elapsed=262s
2026-08-30T04:11:49+00:00 RUN_HEARTBEAT terminal=PROD pid=14100 elapsed=65s
2026-08-30T04:11:57+00:00 RUN_END id=OAFX1632 window=SCREEN_IS terminal=BT2 status=OK decision=SCREEN_OUT_SINGLE_SLEEVE elapsed=181.292s
2026-08-30T04:11:57+00:00 GATE_SKIP id=OAFX1632 window=IS reason=SINGLE_SLEEVE_INFERIOR decision=SCREEN_OUT_SINGLE_SLEEVE net=76413.0 PF=1.199 DD=18.9655%
2026-08-30T04:11:57+00:00 RUN_START id=OAFX1635 family=gj_boost_partial_exit window=SCREEN_IS terminal=BT2 run=oafx_screen_is_oafx1635_20260830131157_1c2b40
2026-08-30T04:11:59+00:00 RUN_HEARTBEAT terminal=BT2 pid=56084 elapsed=0s
2026-08-30T04:12:32+00:00 RUN_HEARTBEAT terminal=BT3 pid=43252 elapsed=196s
2026-08-30T04:12:48+00:00 RUN_HEARTBEAT terminal=BT1 pid=47060 elapsed=65s
2026-08-30T04:12:49+00:00 RUN_HEARTBEAT terminal=BT4 pid=9388 elapsed=326s
2026-08-30T04:12:55+00:00 RUN_HEARTBEAT terminal=PROD pid=14100 elapsed=130s
2026-08-30T04:13:04+00:00 RUN_HEARTBEAT terminal=BT2 pid=56084 elapsed=65s
2026-08-30T04:13:38+00:00 RUN_HEARTBEAT terminal=BT3 pid=43252 elapsed=263s
2026-08-30T04:13:55+00:00 RUN_HEARTBEAT terminal=BT4 pid=9388 elapsed=392s
2026-08-30T04:13:55+00:00 RUN_HEARTBEAT terminal=BT1 pid=47060 elapsed=132s
2026-08-30T04:14:00+00:00 RUN_HEARTBEAT terminal=PROD pid=14100 elapsed=196s
2026-08-30T04:14:12+00:00 RUN_HEARTBEAT terminal=BT2 pid=56084 elapsed=132s
2026-08-30T04:14:29+00:00 RUN_END id=OAFX1634 window=SCREEN_IS terminal=BT1 status=OK decision=SCREEN_OUT_SINGLE_SLEEVE elapsed=168.471s
2026-08-30T04:14:29+00:00 GATE_SKIP id=OAFX1634 window=IS reason=SINGLE_SLEEVE_INFERIOR decision=SCREEN_OUT_SINGLE_SLEEVE net=67905.0 PF=1.179 DD=19.5916%
2026-08-30T04:14:29+00:00 RUN_START id=OAFX1636 family=gj_boost_partial_exit window=SCREEN_IS terminal=BT1 run=oafx_screen_is_oafx1636_20260830131429_9ab0b1
2026-08-30T04:14:31+00:00 RUN_HEARTBEAT terminal=BT1 pid=50812 elapsed=0s
2026-08-30T04:14:45+00:00 RUN_HEARTBEAT terminal=BT3 pid=43252 elapsed=331s
2026-08-30T04:15:02+00:00 RUN_HEARTBEAT terminal=BT4 pid=9388 elapsed=459s
2026-08-30T04:15:05+00:00 RUN_HEARTBEAT terminal=PROD pid=14100 elapsed=260s
2026-08-30T04:15:18+00:00 RUN_HEARTBEAT terminal=BT2 pid=56084 elapsed=199s
2026-08-30T04:15:18+00:00 RUN_END id=OAFX1636 window=SCREEN_IS terminal=BT1 status=FAILED decision=RUN_FAILED elapsed=49.291s
2026-08-30T04:15:18+00:00 RUN_START id=OAFX1637 family=gj_boost_partial_exit window=SCREEN_IS terminal=BT1 run=oafx_screen_is_oafx1637_20260830131518_a20bbf
2026-08-30T04:15:20+00:00 RUN_HEARTBEAT terminal=BT1 pid=24460 elapsed=0s
2026-08-30T04:15:21+00:00 RUN_END id=OAFX1633 window=SCREEN_IS terminal=PROD status=OK decision=SCREEN_NOISE_BAND elapsed=278.487s
2026-08-30T04:15:21+00:00 GATE_SKIP id=OAFX1633 window=IS reason=SINGLE_SLEEVE_INFERIOR decision=SCREEN_NOISE_BAND net=72159.0 PF=1.1891 DD=19.1311%
2026-08-30T04:15:21+00:00 RUN_START id=OAFX1638 family=gj_boost_partial_exit window=SCREEN_IS terminal=PROD run=oafx_screen_is_oafx1638_20260830131521_e88511
2026-08-30T04:15:22+00:00 WAIT_LAUNCH_SLOT terminal=PROD seconds=5.0
2026-08-30T04:15:28+00:00 RUN_HEARTBEAT terminal=PROD pid=19624 elapsed=0s
2026-08-30T04:15:51+00:00 RUN_HEARTBEAT terminal=BT3 pid=43252 elapsed=396s
2026-08-30T04:16:08+00:00 RUN_HEARTBEAT terminal=BT4 pid=9388 elapsed=525s
2026-08-30T04:16:24+00:00 RUN_HEARTBEAT terminal=BT2 pid=56084 elapsed=265s
2026-08-30T04:16:25+00:00 RUN_HEARTBEAT terminal=BT1 pid=24460 elapsed=65s
2026-08-30T04:16:34+00:00 RUN_HEARTBEAT terminal=PROD pid=19624 elapsed=66s
2026-08-30T04:16:41+00:00 RUN_END id=OAFX1635 window=SCREEN_IS terminal=BT2 status=OK decision=SCREEN_OUT_SINGLE_SLEEVE elapsed=283.628s
2026-08-30T04:16:41+00:00 GATE_SKIP id=OAFX1635 window=IS reason=SINGLE_SLEEVE_INFERIOR decision=SCREEN_OUT_SINGLE_SLEEVE net=63651.0 PF=1.1689 DD=20.0973%
2026-08-30T04:16:41+00:00 RUN_START id=OAFX1639 family=gj_boost_partial_exit window=SCREEN_IS terminal=BT2 run=oafx_screen_is_oafx1639_20260830131641_889f90
2026-08-30T04:16:43+00:00 RUN_HEARTBEAT terminal=BT2 pid=7480 elapsed=0s
2026-08-30T04:16:57+00:00 RUN_HEARTBEAT terminal=BT3 pid=43252 elapsed=463s
2026-08-30T04:17:14+00:00 RUN_HEARTBEAT terminal=BT4 pid=9388 elapsed=591s
2026-08-30T04:17:31+00:00 RUN_HEARTBEAT terminal=BT1 pid=24460 elapsed=130s
2026-08-30T04:17:40+00:00 RUN_HEARTBEAT terminal=PROD pid=19624 elapsed=132s
2026-08-30T04:17:49+00:00 RUN_HEARTBEAT terminal=BT2 pid=7480 elapsed=66s
2026-08-30T04:18:04+00:00 RUN_END id=OAFX1637 window=SCREEN_IS terminal=BT1 status=OK decision=SCREEN_PASS_DD elapsed=165.878s
2026-08-30T04:18:04+00:00 RUN_START id=OAFX1637 family=gj_boost_partial_exit window=IS terminal=BT1 run=oafx_is_oafx1637_20260830131804_995d42
2026-08-30T04:18:04+00:00 RUN_HEARTBEAT terminal=BT3 pid=43252 elapsed=530s
2026-08-30T04:18:06+00:00 RUN_HEARTBEAT terminal=BT1 pid=26288 elapsed=0s
2026-08-30T04:18:20+00:00 RUN_HEARTBEAT terminal=BT4 pid=9388 elapsed=658s
2026-08-30T04:18:46+00:00 RUN_HEARTBEAT terminal=PROD pid=19624 elapsed=197s
2026-08-30T04:18:54+00:00 RUN_HEARTBEAT terminal=BT2 pid=7480 elapsed=130s
2026-08-30T04:19:02+00:00 RUN_END id=OAFX1638 window=SCREEN_IS terminal=PROD status=OK decision=SCREEN_PASS_DD elapsed=220.924s
2026-08-30T04:19:02+00:00 RUN_START id=OAFX1638 family=gj_boost_partial_exit window=IS terminal=PROD run=oafx_is_oafx1638_20260830131902_893009
2026-08-30T04:19:04+00:00 RUN_HEARTBEAT terminal=PROD pid=47260 elapsed=0s
2026-08-30T04:19:10+00:00 RUN_HEARTBEAT terminal=BT3 pid=43252 elapsed=596s
2026-08-30T04:19:11+00:00 RUN_HEARTBEAT terminal=BT1 pid=26288 elapsed=64s
2026-08-30T04:19:26+00:00 RUN_HEARTBEAT terminal=BT4 pid=9388 elapsed=724s
2026-08-30T04:19:58+00:00 RUN_END id=OAFX1637 window=IS terminal=BT1 status=FAILED decision=RUN_FAILED elapsed=114.109s
2026-08-30T04:19:58+00:00 RUN_START id=OAFX1640 family=gj_boost_partial_exit window=SCREEN_IS terminal=BT1 run=oafx_screen_is_oafx1640_20260830131958_3a0447
2026-08-30T04:19:59+00:00 RUN_HEARTBEAT terminal=BT2 pid=7480 elapsed=196s
2026-08-30T04:20:00+00:00 RUN_HEARTBEAT terminal=BT1 pid=51452 elapsed=0s
2026-08-30T04:20:07+00:00 RUN_END id=OAFX1638 window=IS terminal=PROD status=FAILED decision=RUN_FAILED elapsed=65.538s
2026-08-30T04:20:07+00:00 RUN_START id=OAFX1641 family=gj_boost_partial_exit window=SCREEN_IS terminal=PROD run=oafx_screen_is_oafx1641_20260830132007_c6a964
2026-08-30T04:20:10+00:00 RUN_HEARTBEAT terminal=PROD pid=44016 elapsed=0s
2026-08-30T04:20:15+00:00 RUN_HEARTBEAT terminal=BT3 pid=43252 elapsed=661s
2026-08-30T04:20:32+00:00 RUN_HEARTBEAT terminal=BT4 pid=9388 elapsed=789s
2026-08-30T04:20:49+00:00 RUN_END id=OAFX1639 window=SCREEN_IS terminal=BT2 status=OK decision=SCREEN_OUT_SINGLE_SLEEVE elapsed=247.842s
2026-08-30T04:20:49+00:00 GATE_SKIP id=OAFX1639 window=IS reason=SINGLE_SLEEVE_INFERIOR decision=SCREEN_OUT_SINGLE_SLEEVE net=74061.0 PF=1.1946 DD=18.4622%
2026-08-30T04:20:49+00:00 RUN_START id=OAFX1642 family=gj_boost_partial_exit window=SCREEN_IS terminal=BT2 run=oafx_screen_is_oafx1642_20260830132049_d197ef
2026-08-30T04:20:51+00:00 RUN_HEARTBEAT terminal=BT2 pid=18508 elapsed=0s
2026-08-30T04:21:05+00:00 RUN_HEARTBEAT terminal=BT1 pid=51452 elapsed=65s
2026-08-30T04:21:15+00:00 RUN_HEARTBEAT terminal=PROD pid=44016 elapsed=65s
2026-08-30T04:21:22+00:00 RUN_HEARTBEAT terminal=BT3 pid=43252 elapsed=727s
2026-08-30T04:21:39+00:00 RUN_HEARTBEAT terminal=BT4 pid=9388 elapsed=856s
2026-08-30T04:21:56+00:00 RUN_HEARTBEAT terminal=BT2 pid=18508 elapsed=65s
2026-08-30T04:22:13+00:00 RUN_HEARTBEAT terminal=BT1 pid=51452 elapsed=132s
2026-08-30T04:22:21+00:00 RUN_HEARTBEAT terminal=PROD pid=44016 elapsed=131s
2026-08-30T04:22:29+00:00 RUN_HEARTBEAT terminal=BT3 pid=43252 elapsed=795s
2026-08-30T04:22:29+00:00 RUN_END id=OAFX1640 window=SCREEN_IS terminal=BT1 status=OK decision=SCREEN_OUT_SINGLE_SLEEVE elapsed=151.027s
2026-08-30T04:22:29+00:00 GATE_SKIP id=OAFX1640 window=IS reason=SINGLE_SLEEVE_INFERIOR decision=SCREEN_OUT_SINGLE_SLEEVE net=71346.0 PF=1.1885 DD=18.6357%
2026-08-30T04:22:29+00:00 RUN_START id=OAFX1643 family=gj_boost_partial_exit window=SCREEN_IS terminal=BT1 run=oafx_screen_is_oafx1643_20260830132229_f3d64a
2026-08-30T04:22:29+00:00 RUN_END id=OAFX1628 window=IS terminal=BT4 status=OK decision=IS_REJECT elapsed=908.840s
2026-08-30T04:22:29+00:00 GATE_SKIP id=OAFX1628 window=OOS reason=IS_NOT_SURVIVOR decision=IS_REJECT net=274048.0 PF=1.3983 DD=41.0447%
2026-08-30T04:22:29+00:00 RUN_START id=OAFX1644 family=gj_boost_partial_exit window=SCREEN_IS terminal=BT4 run=oafx_screen_is_oafx1644_20260830132229_ad2667
2026-08-30T04:22:30+00:00 WAIT_LAUNCH_SLOT terminal=BT4 seconds=7.9
2026-08-30T04:22:31+00:00 RUN_HEARTBEAT terminal=BT1 pid=30000 elapsed=0s
2026-08-30T04:22:39+00:00 RUN_HEARTBEAT terminal=BT4 pid=51680 elapsed=0s
2026-08-30T04:23:02+00:00 RUN_HEARTBEAT terminal=BT2 pid=18508 elapsed=131s
2026-08-30T04:23:25+00:00 RUN_HEARTBEAT terminal=PROD pid=44016 elapsed=196s
2026-08-30T04:23:34+00:00 RUN_HEARTBEAT terminal=BT3 pid=43252 elapsed=860s
2026-08-30T04:23:36+00:00 RUN_HEARTBEAT terminal=BT1 pid=30000 elapsed=65s
2026-08-30T04:23:46+00:00 RUN_HEARTBEAT terminal=BT4 pid=51680 elapsed=66s
2026-08-30T04:23:57+00:00 WAIT_MT5_IDLE terminal=PROD elapsed=1s pids=[53464]
2026-08-30T04:24:07+00:00 RUN_HEARTBEAT terminal=BT2 pid=18508 elapsed=196s
2026-08-30T04:24:23+00:00 RUN_END id=OAFX1629 window=IS terminal=BT3 status=OK decision=IS_REJECT elapsed=910.877s
2026-08-30T04:24:23+00:00 GATE_SKIP id=OAFX1629 window=OOS reason=IS_NOT_SURVIVOR decision=IS_REJECT net=272160.0 PF=1.3979 DD=44.2389%
2026-08-30T04:24:23+00:00 RUN_START id=OAFX1645 family=gj_boost_partial_exit window=SCREEN_IS terminal=BT3 run=oafx_screen_is_oafx1645_20260830132423_910976
2026-08-30T04:24:25+00:00 RUN_HEARTBEAT terminal=BT3 pid=51496 elapsed=0s
2026-08-30T04:24:40+00:00 RUN_HEARTBEAT terminal=BT1 pid=30000 elapsed=129s
2026-08-30T04:24:50+00:00 RUN_HEARTBEAT terminal=BT4 pid=51680 elapsed=131s
2026-08-30T04:25:02+00:00 WAIT_MT5_IDLE terminal=PROD elapsed=65s pids=[53464]
2026-08-30T04:25:11+00:00 RUN_END id=OAFX1642 window=SCREEN_IS terminal=BT2 status=OK decision=SCREEN_PASS_DD elapsed=262.776s
2026-08-30T04:25:11+00:00 RUN_START id=OAFX1642 family=gj_boost_partial_exit window=IS terminal=BT2 run=oafx_is_oafx1642_20260830132511_f8a182
2026-08-30T04:25:12+00:00 RUN_END id=OAFX1643 window=SCREEN_IS terminal=BT1 status=OK decision=SCREEN_PASS_DD elapsed=162.967s
2026-08-30T04:25:12+00:00 RUN_START id=OAFX1643 family=gj_boost_partial_exit window=IS terminal=BT1 run=oafx_is_oafx1643_20260830132512_7cc21e
2026-08-30T04:25:13+00:00 WAIT_LAUNCH_SLOT terminal=BT1 seconds=7.1
2026-08-30T04:25:13+00:00 RUN_HEARTBEAT terminal=BT2 pid=50668 elapsed=0s
2026-08-30T04:25:21+00:00 RUN_HEARTBEAT terminal=BT1 pid=41540 elapsed=0s
2026-08-30T04:25:29+00:00 RUN_HEARTBEAT terminal=BT3 pid=51496 elapsed=64s
2026-08-30T04:25:56+00:00 RUN_HEARTBEAT terminal=BT4 pid=51680 elapsed=197s
2026-08-30T04:26:06+00:00 WAIT_MT5_IDLE terminal=PROD elapsed=129s pids=[53464]
2026-08-30T04:26:18+00:00 RUN_HEARTBEAT terminal=BT2 pid=50668 elapsed=65s
2026-08-30T04:26:28+00:00 RUN_HEARTBEAT terminal=BT1 pid=41540 elapsed=67s
2026-08-30T04:26:28+00:00 RUN_END id=OAFX1644 window=SCREEN_IS terminal=BT4 status=OK decision=SCREEN_PASS_DD elapsed=238.975s
2026-08-30T04:26:28+00:00 RUN_START id=OAFX1644 family=gj_boost_partial_exit window=IS terminal=BT4 run=oafx_is_oafx1644_20260830132628_651062
2026-08-30T04:26:30+00:00 RUN_HEARTBEAT terminal=BT4 pid=54856 elapsed=0s
2026-08-30T04:26:34+00:00 RUN_HEARTBEAT terminal=BT3 pid=51496 elapsed=129s
2026-08-30T04:27:10+00:00 WAIT_MT5_IDLE terminal=PROD elapsed=193s pids=[53464]
2026-08-30T04:27:23+00:00 RUN_HEARTBEAT terminal=BT2 pid=50668 elapsed=129s
2026-08-30T04:27:34+00:00 RUN_HEARTBEAT terminal=BT1 pid=41540 elapsed=132s
2026-08-30T04:27:34+00:00 RUN_HEARTBEAT terminal=BT4 pid=54856 elapsed=64s
2026-08-30T04:27:40+00:00 RUN_HEARTBEAT terminal=BT3 pid=51496 elapsed=194s
2026-08-30T04:28:15+00:00 WAIT_MT5_IDLE terminal=PROD elapsed=258s pids=[53464]
2026-08-30T04:28:30+00:00 RUN_HEARTBEAT terminal=BT2 pid=50668 elapsed=196s
2026-08-30T04:28:39+00:00 RUN_HEARTBEAT terminal=BT1 pid=41540 elapsed=198s
2026-08-30T04:28:39+00:00 RUN_HEARTBEAT terminal=BT4 pid=54856 elapsed=129s
2026-08-30T04:28:46+00:00 RUN_END id=OAFX1645 window=SCREEN_IS terminal=BT3 status=OK decision=SCREEN_OUT_SINGLE_SLEEVE elapsed=263.398s
2026-08-30T04:28:46+00:00 GATE_SKIP id=OAFX1645 window=IS reason=SINGLE_SLEEVE_INFERIOR decision=SCREEN_OUT_SINGLE_SLEEVE net=74511.0 PF=1.1969 DD=18.2346%
2026-08-30T04:28:46+00:00 RUN_START id=OAFX1646 family=gj_boost_partial_exit window=SCREEN_IS terminal=BT3 run=oafx_screen_is_oafx1646_20260830132846_76cca6
2026-08-30T04:28:48+00:00 RUN_HEARTBEAT terminal=BT3 pid=49344 elapsed=0s
2026-08-30T04:29:03+00:00 KILL_ORPHAN_TESTER terminal=PROD pids=[53464] orphan_seconds=306
2026-08-30T04:29:19+00:00 RUN_END id=OAFX1641 window=SCREEN_IS terminal=PROD status=OK decision=SCREEN_NOISE_BAND elapsed=552.009s
2026-08-30T04:29:19+00:00 GATE_SKIP id=OAFX1641 window=IS reason=SINGLE_SLEEVE_INFERIOR decision=SCREEN_NOISE_BAND net=82839.0 PF=1.2142 DD=19.2307%
2026-08-30T04:29:19+00:00 RUN_START id=OAFX1647 family=gj_boost_partial_exit window=SCREEN_IS terminal=PROD run=oafx_screen_is_oafx1647_20260830132919_4102d1
2026-08-30T04:29:22+00:00 RUN_HEARTBEAT terminal=PROD pid=47196 elapsed=0s
2026-08-30T04:29:36+00:00 RUN_HEARTBEAT terminal=BT2 pid=50668 elapsed=262s
2026-08-30T04:29:45+00:00 RUN_HEARTBEAT terminal=BT1 pid=41540 elapsed=264s
2026-08-30T04:29:45+00:00 RUN_HEARTBEAT terminal=BT4 pid=54856 elapsed=195s
2026-08-30T04:29:52+00:00 RUN_HEARTBEAT terminal=BT3 pid=49344 elapsed=64s
2026-08-30T04:30:26+00:00 RUN_HEARTBEAT terminal=PROD pid=47196 elapsed=64s
2026-08-30T04:30:41+00:00 RUN_HEARTBEAT terminal=BT2 pid=50668 elapsed=328s
2026-08-30T04:30:50+00:00 RUN_HEARTBEAT terminal=BT1 pid=41540 elapsed=329s
2026-08-30T04:30:50+00:00 RUN_HEARTBEAT terminal=BT4 pid=54856 elapsed=260s
2026-08-30T04:30:56+00:00 RUN_END id=OAFX1646 window=SCREEN_IS terminal=BT3 status=FAILED decision=RUN_FAILED elapsed=130.417s
2026-08-30T04:30:57+00:00 RUN_START id=OAFX1648 family=gj_boost_partial_exit window=SCREEN_IS terminal=BT3 run=oafx_screen_is_oafx1648_20260830133057_6006c1
2026-08-30T04:30:57+00:00 RUN_END id=OAFX1647 window=SCREEN_IS terminal=PROD status=FAILED decision=RUN_FAILED elapsed=97.354s
2026-08-30T04:30:57+00:00 RUN_START id=OAFX1649 family=gj_boost_partial_exit window=SCREEN_IS terminal=PROD run=oafx_screen_is_oafx1649_20260830133057_eb7e7e
2026-08-30T04:30:58+00:00 WAIT_LAUNCH_SLOT terminal=PROD seconds=7.8
2026-08-30T04:30:59+00:00 RUN_HEARTBEAT terminal=BT3 pid=53136 elapsed=0s
2026-08-30T04:31:07+00:00 RUN_HEARTBEAT terminal=PROD pid=54808 elapsed=0s
2026-08-30T04:31:48+00:00 RUN_HEARTBEAT terminal=BT2 pid=50668 elapsed=394s
2026-08-30T04:31:57+00:00 RUN_HEARTBEAT terminal=BT1 pid=41540 elapsed=395s
2026-08-30T04:31:57+00:00 RUN_HEARTBEAT terminal=BT4 pid=54856 elapsed=326s
2026-08-30T04:32:04+00:00 RUN_HEARTBEAT terminal=BT3 pid=53136 elapsed=65s
2026-08-30T04:32:14+00:00 RUN_HEARTBEAT terminal=PROD pid=54808 elapsed=67s
2026-08-30T04:32:45+00:00 RUN_END id=OAFX1644 window=IS terminal=BT4 status=FAILED decision=RUN_FAILED elapsed=377.066s
2026-08-30T04:32:45+00:00 RUN_END id=OAFX1649 window=SCREEN_IS terminal=PROD status=FAILED decision=RUN_FAILED elapsed=108.453s
2026-08-30T04:32:45+00:00 RUN_START id=OAFX1650 family=gj_boost_partial_exit window=SCREEN_IS terminal=BT4 run=oafx_screen_is_oafx1650_20260830133245_cffffd
2026-08-30T04:32:45+00:00 RUN_START id=OAFX1651 family=gj_boost_partial_exit window=SCREEN_IS terminal=PROD run=oafx_screen_is_oafx1651_20260830133245_0cfc4e
2026-08-30T04:32:46+00:00 WAIT_LAUNCH_SLOT terminal=PROD seconds=8.0
2026-08-30T04:32:47+00:00 RUN_HEARTBEAT terminal=BT4 pid=22444 elapsed=0s
2026-08-30T04:32:52+00:00 RUN_HEARTBEAT terminal=BT2 pid=50668 elapsed=459s
2026-08-30T04:32:55+00:00 RUN_HEARTBEAT terminal=PROD pid=40000 elapsed=0s
2026-08-30T04:33:02+00:00 RUN_HEARTBEAT terminal=BT1 pid=41540 elapsed=461s
2026-08-30T04:33:09+00:00 RUN_HEARTBEAT terminal=BT3 pid=53136 elapsed=130s
2026-08-30T04:33:52+00:00 RUN_HEARTBEAT terminal=BT4 pid=22444 elapsed=64s
2026-08-30T04:34:00+00:00 RUN_HEARTBEAT terminal=BT2 pid=50668 elapsed=526s
2026-08-30T04:34:01+00:00 RUN_HEARTBEAT terminal=PROD pid=40000 elapsed=66s
2026-08-30T04:34:08+00:00 RUN_HEARTBEAT terminal=BT1 pid=41540 elapsed=527s
2026-08-30T04:34:17+00:00 RUN_HEARTBEAT terminal=BT3 pid=53136 elapsed=198s
2026-08-30T04:34:58+00:00 RUN_HEARTBEAT terminal=BT4 pid=22444 elapsed=130s
2026-08-30T04:35:07+00:00 RUN_HEARTBEAT terminal=PROD pid=40000 elapsed=131s
2026-08-30T04:35:07+00:00 RUN_HEARTBEAT terminal=BT2 pid=50668 elapsed=593s
2026-08-30T04:35:15+00:00 RUN_HEARTBEAT terminal=BT1 pid=41540 elapsed=593s
2026-08-30T04:35:23+00:00 RUN_END id=OAFX1648 window=SCREEN_IS terminal=BT3 status=OK decision=SCREEN_OUT_SINGLE_SLEEVE elapsed=266.781s
2026-08-30T04:35:23+00:00 GATE_SKIP id=OAFX1648 window=IS reason=SINGLE_SLEEVE_INFERIOR decision=SCREEN_OUT_SINGLE_SLEEVE net=77295.0 PF=1.2017 DD=19.6127%
2026-08-30T04:35:23+00:00 RUN_START id=OAFX1652 family=gj_boost_partial_exit window=SCREEN_IS terminal=BT3 run=oafx_screen_is_oafx1652_20260830133523_4e8590
2026-08-30T04:35:25+00:00 RUN_HEARTBEAT terminal=BT3 pid=50392 elapsed=0s
2026-08-30T04:36:04+00:00 RUN_HEARTBEAT terminal=BT4 pid=22444 elapsed=196s
2026-08-30T04:36:13+00:00 RUN_HEARTBEAT terminal=BT2 pid=50668 elapsed=659s
2026-08-30T04:36:13+00:00 RUN_HEARTBEAT terminal=PROD pid=40000 elapsed=197s
2026-08-30T04:36:21+00:00 RUN_HEARTBEAT terminal=BT1 pid=41540 elapsed=659s
2026-08-30T04:36:30+00:00 RUN_HEARTBEAT terminal=BT3 pid=50392 elapsed=64s
2026-08-30T04:36:53+00:00 RUN_END id=OAFX1650 window=SCREEN_IS terminal=BT4 status=OK decision=SCREEN_OUT_SINGLE_SLEEVE elapsed=247.880s
2026-08-30T04:36:53+00:00 GATE_SKIP id=OAFX1650 window=IS reason=SINGLE_SLEEVE_INFERIOR decision=SCREEN_OUT_SINGLE_SLEEVE net=72211.0 PF=1.1903 DD=20.0313%
2026-08-30T04:36:53+00:00 RUN_START id=OAFX1653 family=gj_boost_partial_exit window=SCREEN_IS terminal=BT4 run=oafx_screen_is_oafx1653_20260830133653_d010a7
2026-08-30T04:36:55+00:00 RUN_HEARTBEAT terminal=BT4 pid=4816 elapsed=0s
2026-08-30T04:37:18+00:00 RUN_HEARTBEAT terminal=BT2 pid=50668 elapsed=724s
2026-08-30T04:37:18+00:00 RUN_HEARTBEAT terminal=PROD pid=40000 elapsed=262s
2026-08-30T04:37:25+00:00 RUN_HEARTBEAT terminal=BT1 pid=41540 elapsed=724s
2026-08-30T04:37:35+00:00 RUN_HEARTBEAT terminal=BT3 pid=50392 elapsed=129s
2026-08-30T04:37:35+00:00 RUN_END id=OAFX1651 window=SCREEN_IS terminal=PROD status=OK decision=SCREEN_OUT_SINGLE_SLEEVE elapsed=289.425s
2026-08-30T04:37:35+00:00 GATE_SKIP id=OAFX1651 window=IS reason=SINGLE_SLEEVE_INFERIOR decision=SCREEN_OUT_SINGLE_SLEEVE net=83522.0 PF=1.2158 DD=19.5905%
2026-08-30T04:37:35+00:00 RUN_START id=OAFX1654 family=gj_boost_partial_exit window=SCREEN_IS terminal=PROD run=oafx_screen_is_oafx1654_20260830133735_0e0a64
2026-08-30T04:37:37+00:00 RUN_HEARTBEAT terminal=PROD pid=29560 elapsed=0s
2026-08-30T04:37:59+00:00 RUN_HEARTBEAT terminal=BT4 pid=4816 elapsed=64s
2026-08-30T04:38:24+00:00 RUN_HEARTBEAT terminal=BT2 pid=50668 elapsed=790s
2026-08-30T04:38:31+00:00 RUN_HEARTBEAT terminal=BT1 pid=41540 elapsed=790s
2026-08-30T04:38:40+00:00 RUN_HEARTBEAT terminal=BT3 pid=50392 elapsed=194s
2026-08-30T04:38:41+00:00 RUN_HEARTBEAT terminal=PROD pid=29560 elapsed=64s
2026-08-30T04:39:04+00:00 RUN_HEARTBEAT terminal=BT4 pid=4816 elapsed=129s
2026-08-30T04:39:30+00:00 RUN_HEARTBEAT terminal=BT2 pid=50668 elapsed=856s
2026-08-30T04:39:30+00:00 RUN_END id=OAFX1652 window=SCREEN_IS terminal=BT3 status=OK decision=SCREEN_OUT_SINGLE_SLEEVE elapsed=246.478s
2026-08-30T04:39:30+00:00 GATE_SKIP id=OAFX1652 window=IS reason=SINGLE_SLEEVE_INFERIOR decision=SCREEN_OUT_SINGLE_SLEEVE net=82123.0 PF=1.2132 DD=19.9903%
2026-08-30T04:39:30+00:00 RUN_START id=OAFX1655 family=gj_boost_partial_exit window=SCREEN_IS terminal=BT3 run=oafx_screen_is_oafx1655_20260830133930_0177f6
2026-08-30T04:39:32+00:00 RUN_HEARTBEAT terminal=BT3 pid=38592 elapsed=0s
2026-08-30T04:39:37+00:00 RUN_HEARTBEAT terminal=BT1 pid=41540 elapsed=855s
2026-08-30T04:39:46+00:00 RUN_HEARTBEAT terminal=PROD pid=29560 elapsed=129s
2026-08-30T04:40:10+00:00 RUN_HEARTBEAT terminal=BT4 pid=4816 elapsed=194s
2026-08-30T04:40:35+00:00 RUN_END id=OAFX1642 window=IS terminal=BT2 status=OK decision=IS_REJECT elapsed=924.077s
2026-08-30T04:40:35+00:00 GATE_SKIP id=OAFX1642 window=OOS reason=IS_NOT_SURVIVOR decision=IS_REJECT net=275548.0 PF=1.3958 DD=36.4112%
2026-08-30T04:40:35+00:00 RUN_START id=OAFX1656 family=gj_boost_partial_exit window=SCREEN_IS terminal=BT2 run=oafx_screen_is_oafx1656_20260830134035_322c24
2026-08-30T04:40:36+00:00 RUN_HEARTBEAT terminal=BT3 pid=38592 elapsed=64s
2026-08-30T04:40:38+00:00 RUN_HEARTBEAT terminal=BT2 pid=14468 elapsed=0s
2026-08-30T04:40:42+00:00 RUN_END id=OAFX1653 window=SCREEN_IS terminal=BT4 status=OK decision=SCREEN_OUT_SINGLE_SLEEVE elapsed=229.248s
2026-08-30T04:40:42+00:00 GATE_SKIP id=OAFX1653 window=IS reason=SINGLE_SLEEVE_INFERIOR decision=SCREEN_OUT_SINGLE_SLEEVE net=80724.0 PF=1.2106 DD=20.3959%
2026-08-30T04:40:42+00:00 RUN_START id=OAFX1657 family=gj_boost_partial_exit window=SCREEN_IS terminal=BT4 run=oafx_screen_is_oafx1657_20260830134042_b7fdcb
2026-08-30T04:40:42+00:00 RUN_END id=OAFX1643 window=IS terminal=BT1 status=OK decision=IS_REJECT elapsed=930.336s
2026-08-30T04:40:42+00:00 GATE_SKIP id=OAFX1643 window=OOS reason=IS_NOT_SURVIVOR decision=IS_REJECT net=273466.0 PF=1.394 DD=38.8858%
2026-08-30T04:40:42+00:00 RUN_START id=OAFX1658 family=gj_boost_partial_exit window=SCREEN_IS terminal=BT1 run=oafx_screen_is_oafx1658_20260830134042_906b67
2026-08-30T04:40:43+00:00 WAIT_LAUNCH_SLOT terminal=BT4 seconds=1.0
2026-08-30T04:40:43+00:00 WAIT_LAUNCH_SLOT terminal=BT1 seconds=9.0
2026-08-30T04:40:46+00:00 RUN_HEARTBEAT terminal=BT4 pid=35508 elapsed=0s
2026-08-30T04:40:51+00:00 RUN_HEARTBEAT terminal=PROD pid=29560 elapsed=195s
2026-08-30T04:40:54+00:00 RUN_HEARTBEAT terminal=BT1 pid=15296 elapsed=0s
2026-08-30T04:41:41+00:00 RUN_HEARTBEAT terminal=BT3 pid=38592 elapsed=129s
2026-08-30T04:41:43+00:00 RUN_HEARTBEAT terminal=BT2 pid=14468 elapsed=65s
2026-08-30T04:41:51+00:00 RUN_HEARTBEAT terminal=BT4 pid=35508 elapsed=65s
2026-08-30T04:41:58+00:00 RUN_END id=OAFX1654 window=SCREEN_IS terminal=PROD status=OK decision=SCREEN_OUT_SINGLE_SLEEVE elapsed=262.878s
2026-08-30T04:41:58+00:00 GATE_SKIP id=OAFX1654 window=IS reason=SINGLE_SLEEVE_INFERIOR decision=SCREEN_OUT_SINGLE_SLEEVE net=79325.0 PF=1.208 DD=20.8072%
2026-08-30T04:41:58+00:00 RUN_START id=OAFX1659 family=gj_boost_partial_exit window=SCREEN_IS terminal=PROD run=oafx_screen_is_oafx1659_20260830134158_b4dfe5
2026-08-30T04:41:59+00:00 RUN_HEARTBEAT terminal=BT1 pid=15296 elapsed=65s
2026-08-30T04:42:00+00:00 RUN_HEARTBEAT terminal=PROD pid=50088 elapsed=0s
2026-08-30T04:42:46+00:00 RUN_HEARTBEAT terminal=BT3 pid=38592 elapsed=194s
2026-08-30T04:42:47+00:00 RUN_HEARTBEAT terminal=BT2 pid=14468 elapsed=130s
2026-08-30T04:42:56+00:00 RUN_HEARTBEAT terminal=BT4 pid=35508 elapsed=130s
2026-08-30T04:43:04+00:00 RUN_HEARTBEAT terminal=BT1 pid=15296 elapsed=130s
2026-08-30T04:43:04+00:00 RUN_HEARTBEAT terminal=PROD pid=50088 elapsed=65s
2026-08-30T04:43:20+00:00 RUN_END id=OAFX1656 window=SCREEN_IS terminal=BT2 status=OK decision=SCREEN_NOISE_BAND elapsed=164.596s
2026-08-30T04:43:20+00:00 GATE_SKIP id=OAFX1656 window=IS reason=SINGLE_SLEEVE_INFERIOR decision=SCREEN_NOISE_BAND net=83299.0 PF=1.2153 DD=19.5284%
2026-08-30T04:43:20+00:00 RUN_START id=OAFX1660 family=gj_boost_partial_exit window=SCREEN_IS terminal=BT2 run=oafx_screen_is_oafx1660_20260830134320_62257e
2026-08-30T04:43:22+00:00 RUN_HEARTBEAT terminal=BT2 pid=31708 elapsed=0s
2026-08-30T04:43:35+00:00 RUN_END id=OAFX1655 window=SCREEN_IS terminal=BT3 status=OK decision=SCREEN_OUT_SINGLE_SLEEVE elapsed=245.711s
2026-08-30T04:43:35+00:00 GATE_SKIP id=OAFX1655 window=IS reason=SINGLE_SLEEVE_INFERIOR decision=SCREEN_OUT_SINGLE_SLEEVE net=77926.0 PF=1.2053 DD=21.3001%
2026-08-30T04:43:35+00:00 RUN_START id=OAFX1661 family=gj_boost_partial_exit window=SCREEN_IS terminal=BT3 run=oafx_screen_is_oafx1661_20260830134335_2d211d
2026-08-30T04:43:38+00:00 RUN_HEARTBEAT terminal=BT3 pid=52368 elapsed=0s
2026-08-30T04:44:02+00:00 RUN_HEARTBEAT terminal=BT4 pid=35508 elapsed=196s
2026-08-30T04:44:08+00:00 RUN_HEARTBEAT terminal=BT1 pid=15296 elapsed=195s
2026-08-30T04:44:09+00:00 RUN_HEARTBEAT terminal=PROD pid=50088 elapsed=129s
2026-08-30T04:44:18+00:00 RUN_END id=OAFX1657 window=SCREEN_IS terminal=BT4 status=OK decision=SCREEN_OUT_SINGLE_SLEEVE elapsed=215.543s
2026-08-30T04:44:18+00:00 GATE_SKIP id=OAFX1657 window=IS reason=SINGLE_SLEEVE_INFERIOR decision=SCREEN_OUT_SINGLE_SLEEVE net=81677.0 PF=1.2121 DD=19.7359%
2026-08-30T04:44:18+00:00 RUN_START id=OAFX1662 family=gj_boost_partial_exit window=SCREEN_IS terminal=BT4 run=oafx_screen_is_oafx1662_20260830134418_10994e
2026-08-30T04:44:20+00:00 RUN_HEARTBEAT terminal=BT4 pid=50796 elapsed=0s
2026-08-30T04:44:27+00:00 RUN_HEARTBEAT terminal=BT2 pid=31708 elapsed=64s
2026-08-30T04:44:43+00:00 RUN_HEARTBEAT terminal=BT3 pid=52368 elapsed=65s
2026-08-30T04:45:13+00:00 RUN_END id=OAFX1658 window=SCREEN_IS terminal=BT1 status=OK decision=SCREEN_OUT_SINGLE_SLEEVE elapsed=270.951s
2026-08-30T04:45:13+00:00 GATE_SKIP id=OAFX1658 window=IS reason=SINGLE_SLEEVE_INFERIOR decision=SCREEN_OUT_SINGLE_SLEEVE net=80055.0 PF=1.2089 DD=20.2218%
2026-08-30T04:45:13+00:00 RUN_START id=OAFX1663 family=gj_boost_partial_exit window=SCREEN_IS terminal=BT1 run=oafx_screen_is_oafx1663_20260830134513_7aef43
2026-08-30T04:45:14+00:00 RUN_HEARTBEAT terminal=PROD pid=50088 elapsed=194s
2026-08-30T04:45:16+00:00 RUN_HEARTBEAT terminal=BT1 pid=2060 elapsed=0s
2026-08-30T04:45:26+00:00 RUN_HEARTBEAT terminal=BT4 pid=50796 elapsed=65s
2026-08-30T04:45:32+00:00 RUN_HEARTBEAT terminal=BT2 pid=31708 elapsed=129s
2026-08-30T04:45:48+00:00 RUN_HEARTBEAT terminal=BT3 pid=52368 elapsed=129s
2026-08-30T04:46:03+00:00 RUN_END id=OAFX1659 window=SCREEN_IS terminal=PROD status=OK decision=SCREEN_OUT_SINGLE_SLEEVE elapsed=245.452s
2026-08-30T04:46:03+00:00 GATE_SKIP id=OAFX1659 window=IS reason=SINGLE_SLEEVE_INFERIOR decision=SCREEN_OUT_SINGLE_SLEEVE net=78433.0 PF=1.2057 DD=20.7582%
2026-08-30T04:46:03+00:00 RUN_START id=OAFX1664 family=gj_boost_partial_exit window=SCREEN_IS terminal=PROD run=oafx_screen_is_oafx1664_20260830134603_9b6ea6
2026-08-30T04:46:04+00:00 RUN_END id=OAFX1660 window=SCREEN_IS terminal=BT2 status=OK decision=SCREEN_OUT_SINGLE_SLEEVE elapsed=164.198s
2026-08-30T04:46:04+00:00 GATE_SKIP id=OAFX1660 window=IS reason=SINGLE_SLEEVE_INFERIOR decision=SCREEN_OUT_SINGLE_SLEEVE net=76811.0 PF=1.2024 DD=21.3029%
2026-08-30T04:46:04+00:00 RUN_START id=OAFX1665 family=gj_boost_partial_exit window=SCREEN_IS terminal=BT2 run=oafx_screen_is_oafx1665_20260830134604_35e9d4
2026-08-30T04:46:05+00:00 RUN_HEARTBEAT terminal=PROD pid=47948 elapsed=0s
2026-08-30T04:46:05+00:00 WAIT_LAUNCH_SLOT terminal=BT2 seconds=6.8
2026-08-30T04:46:13+00:00 RUN_HEARTBEAT terminal=BT2 pid=50164 elapsed=0s
2026-08-30T04:46:21+00:00 RUN_HEARTBEAT terminal=BT1 pid=2060 elapsed=65s
2026-08-30T04:46:30+00:00 RUN_HEARTBEAT terminal=BT4 pid=50796 elapsed=130s
2026-08-30T04:46:53+00:00 RUN_HEARTBEAT terminal=BT3 pid=52368 elapsed=195s
2026-08-30T04:47:10+00:00 RUN_HEARTBEAT terminal=PROD pid=47948 elapsed=65s
2026-08-30T04:47:19+00:00 RUN_HEARTBEAT terminal=BT2 pid=50164 elapsed=65s
2026-08-30T04:47:26+00:00 RUN_HEARTBEAT terminal=BT1 pid=2060 elapsed=130s
2026-08-30T04:47:35+00:00 RUN_HEARTBEAT terminal=BT4 pid=50796 elapsed=195s
2026-08-30T04:47:41+00:00 RUN_END id=OAFX1661 window=SCREEN_IS terminal=BT3 status=OK decision=SCREEN_NOISE_BAND elapsed=245.971s
2026-08-30T04:47:41+00:00 GATE_SKIP id=OAFX1661 window=IS reason=SINGLE_SLEEVE_INFERIOR decision=SCREEN_NOISE_BAND net=84631.0 PF=1.2187 DD=19.4985%
2026-08-30T04:47:41+00:00 RUN_START id=OAFX1666 family=gj_boost_partial_exit window=SCREEN_IS terminal=BT3 run=oafx_screen_is_oafx1666_20260830134741_85373f
2026-08-30T04:47:44+00:00 RUN_HEARTBEAT terminal=BT3 pid=25812 elapsed=0s
2026-08-30T04:48:08+00:00 RUN_END id=OAFX1662 window=SCREEN_IS terminal=BT4 status=OK decision=SCREEN_NOISE_BAND elapsed=229.716s
2026-08-30T04:48:08+00:00 GATE_SKIP id=OAFX1662 window=IS reason=SINGLE_SLEEVE_INFERIOR decision=SCREEN_NOISE_BAND net=84341.0 PF=1.219 DD=19.4652%
2026-08-30T04:48:08+00:00 RUN_START id=OAFX1667 family=gj_boost_partial_exit window=SCREEN_IS terminal=BT4 run=oafx_screen_is_oafx1667_20260830134808_8dc85e
2026-08-30T04:48:10+00:00 RUN_HEARTBEAT terminal=BT4 pid=39724 elapsed=0s
2026-08-30T04:48:15+00:00 RUN_HEARTBEAT terminal=PROD pid=47948 elapsed=129s
2026-08-30T04:48:24+00:00 RUN_HEARTBEAT terminal=BT2 pid=50164 elapsed=130s
2026-08-30T04:48:32+00:00 RUN_HEARTBEAT terminal=BT1 pid=2060 elapsed=195s
2026-08-30T04:48:48+00:00 RUN_HEARTBEAT terminal=BT3 pid=25812 elapsed=64s
2026-08-30T04:48:48+00:00 RUN_END id=OAFX1664 window=SCREEN_IS terminal=PROD status=OK decision=SCREEN_OUT_SINGLE_SLEEVE elapsed=165.251s
2026-08-30T04:48:48+00:00 GATE_SKIP id=OAFX1664 window=IS reason=SINGLE_SLEEVE_INFERIOR decision=SCREEN_OUT_SINGLE_SLEEVE net=83761.0 PF=1.2196 DD=20.0074%
2026-08-30T04:48:48+00:00 RUN_START id=OAFX1668 family=gj_boost_partial_exit window=SCREEN_IS terminal=PROD run=oafx_screen_is_oafx1668_20260830134848_39875b
2026-08-30T04:48:50+00:00 RUN_HEARTBEAT terminal=PROD pid=53120 elapsed=0s
2026-08-30T04:49:14+00:00 RUN_HEARTBEAT terminal=BT4 pid=39724 elapsed=65s
2026-08-30T04:49:20+00:00 RUN_END id=OAFX1663 window=SCREEN_IS terminal=BT1 status=OK decision=SCREEN_OUT_SINGLE_SLEEVE elapsed=247.199s
2026-08-30T04:49:21+00:00 GATE_SKIP id=OAFX1663 window=IS reason=SINGLE_SLEEVE_INFERIOR decision=SCREEN_OUT_SINGLE_SLEEVE net=84051.0 PF=1.2193 DD=19.6689%
2026-08-30T04:49:21+00:00 RUN_START id=OAFX1669 family=gj_boost_partial_exit window=SCREEN_IS terminal=BT1 run=oafx_screen_is_oafx1669_20260830134921_ea7b15
2026-08-30T04:49:23+00:00 RUN_HEARTBEAT terminal=BT1 pid=54232 elapsed=0s
2026-08-30T04:49:28+00:00 RUN_END id=OAFX1665 window=SCREEN_IS terminal=BT2 status=OK decision=SCREEN_OUT_SINGLE_SLEEVE elapsed=204.199s
2026-08-30T04:49:28+00:00 GATE_SKIP id=OAFX1665 window=IS reason=SINGLE_SLEEVE_INFERIOR decision=SCREEN_OUT_SINGLE_SLEEVE net=83471.0 PF=1.22 DD=20.3471%
2026-08-30T04:49:28+00:00 RUN_START id=OAFX1670 family=gj_boost_partial_exit window=SCREEN_IS terminal=BT2 run=oafx_screen_is_oafx1670_20260830134928_c16462
2026-08-30T04:49:29+00:00 WAIT_LAUNCH_SLOT terminal=BT2 seconds=0.1
2026-08-30T04:49:31+00:00 RUN_HEARTBEAT terminal=BT2 pid=49648 elapsed=0s
2026-08-30T04:49:53+00:00 RUN_HEARTBEAT terminal=BT3 pid=25812 elapsed=129s
2026-08-30T04:49:55+00:00 RUN_HEARTBEAT terminal=PROD pid=53120 elapsed=65s
2026-08-30T04:50:21+00:00 RUN_HEARTBEAT terminal=BT4 pid=39724 elapsed=131s
2026-08-30T04:50:28+00:00 RUN_HEARTBEAT terminal=BT1 pid=54232 elapsed=65s
2026-08-30T04:50:37+00:00 RUN_HEARTBEAT terminal=BT2 pid=49648 elapsed=67s
2026-08-30T04:50:58+00:00 RUN_HEARTBEAT terminal=BT3 pid=25812 elapsed=194s
2026-08-30T04:51:00+00:00 RUN_HEARTBEAT terminal=PROD pid=53120 elapsed=130s
2026-08-30T04:51:26+00:00 RUN_HEARTBEAT terminal=BT4 pid=39724 elapsed=197s
2026-08-30T04:51:30+00:00 RUN_END id=OAFX1666 window=SCREEN_IS terminal=BT3 status=OK decision=SCREEN_NOISE_BAND elapsed=228.403s
2026-08-30T04:51:30+00:00 GATE_SKIP id=OAFX1666 window=IS reason=SINGLE_SLEEVE_INFERIOR decision=SCREEN_NOISE_BAND net=86165.0 PF=1.2227 DD=19.3387%
2026-08-30T04:51:30+00:00 RUN_START id=OAFX1671 family=gj_boost_partial_exit window=SCREEN_IS terminal=BT3 run=oafx_screen_is_oafx1671_20260830135130_eecb2f
2026-08-30T04:51:32+00:00 RUN_HEARTBEAT terminal=BT3 pid=49872 elapsed=0s
2026-08-30T04:51:32+00:00 RUN_HEARTBEAT terminal=BT1 pid=54232 elapsed=130s
2026-08-30T04:51:43+00:00 RUN_HEARTBEAT terminal=BT2 pid=49648 elapsed=132s
2026-08-30T04:52:05+00:00 RUN_HEARTBEAT terminal=PROD pid=53120 elapsed=194s
2026-08-30T04:52:32+00:00 RUN_END id=OAFX1667 window=SCREEN_IS terminal=BT4 status=OK decision=SCREEN_NOISE_BAND elapsed=264.281s
2026-08-30T04:52:32+00:00 GATE_SKIP id=OAFX1667 window=IS reason=SINGLE_SLEEVE_INFERIOR decision=SCREEN_NOISE_BAND net=87409.0 PF=1.227 DD=19.1463%
2026-08-30T04:52:32+00:00 RUN_START id=OAFX1672 family=gj_boost_partial_exit window=SCREEN_IS terminal=BT4 run=oafx_screen_is_oafx1672_20260830135232_082e7d
2026-08-30T04:52:34+00:00 RUN_HEARTBEAT terminal=BT4 pid=54560 elapsed=0s
2026-08-30T04:52:38+00:00 RUN_END id=OAFX1669 window=SCREEN_IS terminal=BT1 status=OK decision=SCREEN_NOISE_BAND elapsed=197.398s
2026-08-30T04:52:38+00:00 GATE_SKIP id=OAFX1669 window=IS reason=SINGLE_SLEEVE_INFERIOR decision=SCREEN_NOISE_BAND net=89897.0 PF=1.2357 DD=19.1374%
2026-08-30T04:52:38+00:00 RUN_START id=OAFX1673 family=gj_boost_partial_exit window=SCREEN_IS terminal=BT1 run=oafx_screen_is_oafx1673_20260830135238_f44f25
2026-08-30T04:52:38+00:00 RUN_HEARTBEAT terminal=BT3 pid=49872 elapsed=66s
2026-08-30T04:52:38+00:00 RUN_END id=OAFX1668 window=SCREEN_IS terminal=PROD status=OK decision=SCREEN_PASS_STRICT elapsed=229.722s
2026-08-30T04:52:38+00:00 RUN_START id=OAFX1668 family=gj_boost_partial_exit window=IS terminal=PROD run=oafx_is_oafx1668_20260830135238_4cc0ad
2026-08-30T04:52:39+00:00 WAIT_LAUNCH_SLOT terminal=BT1 seconds=1.9
2026-08-30T04:52:39+00:00 WAIT_LAUNCH_SLOT terminal=PROD seconds=9.9
2026-08-30T04:52:42+00:00 RUN_HEARTBEAT terminal=BT1 pid=56892 elapsed=0s
2026-08-30T04:52:48+00:00 RUN_HEARTBEAT terminal=BT2 pid=49648 elapsed=197s
2026-08-30T04:52:50+00:00 RUN_HEARTBEAT terminal=PROD pid=45600 elapsed=0s
2026-08-30T04:53:38+00:00 RUN_END id=OAFX1670 window=SCREEN_IS terminal=BT2 status=OK decision=SCREEN_NOISE_BAND elapsed=249.272s
2026-08-30T04:53:38+00:00 GATE_SKIP id=OAFX1670 window=IS reason=SINGLE_SLEEVE_INFERIOR decision=SCREEN_NOISE_BAND net=91141.0 PF=1.2402 DD=19.2539%
2026-08-30T04:53:38+00:00 RUN_START id=OAFX1674 family=gj_boost_partial_exit window=SCREEN_IS terminal=BT2 run=oafx_screen_is_oafx1674_20260830135338_405710
2026-08-30T04:53:40+00:00 RUN_HEARTBEAT terminal=BT2 pid=44912 elapsed=0s
2026-08-30T04:53:40+00:00 RUN_HEARTBEAT terminal=BT4 pid=54560 elapsed=66s
2026-08-30T04:53:42+00:00 RUN_HEARTBEAT terminal=BT3 pid=49872 elapsed=131s
2026-08-30T04:53:47+00:00 RUN_HEARTBEAT terminal=BT1 pid=56892 elapsed=65s
2026-08-30T04:53:57+00:00 RUN_HEARTBEAT terminal=PROD pid=45600 elapsed=66s
2026-08-30T04:54:48+00:00 RUN_HEARTBEAT terminal=BT3 pid=49872 elapsed=195s
2026-08-30T04:54:48+00:00 RUN_HEARTBEAT terminal=BT2 pid=44912 elapsed=68s
2026-08-30T04:54:48+00:00 RUN_HEARTBEAT terminal=BT4 pid=54560 elapsed=133s
2026-08-30T04:54:54+00:00 RUN_HEARTBEAT terminal=BT1 pid=56892 elapsed=132s
2026-08-30T04:55:05+00:00 RUN_HEARTBEAT terminal=PROD pid=45600 elapsed=134s
2026-08-30T04:55:05+00:00 RUN_END id=OAFX1672 window=SCREEN_IS terminal=BT4 status=OK decision=SCREEN_OUT_SINGLE_SLEEVE elapsed=153.206s
2026-08-30T04:55:05+00:00 GATE_SKIP id=OAFX1672 window=IS reason=SINGLE_SLEEVE_INFERIOR decision=SCREEN_OUT_SINGLE_SLEEVE net=80773.0 PF=1.2081 DD=20.1172%
2026-08-30T04:55:05+00:00 RUN_START id=OAFX1675 family=gj_boost_partial_exit window=SCREEN_IS terminal=BT4 run=oafx_screen_is_oafx1675_20260830135505_c902a3
2026-08-30T04:55:07+00:00 RUN_HEARTBEAT terminal=BT4 pid=54316 elapsed=0s
2026-08-30T04:55:38+00:00 RUN_END id=OAFX1671 window=SCREEN_IS terminal=BT3 status=OK decision=SCREEN_OUT_SINGLE_SLEEVE elapsed=247.941s
2026-08-30T04:55:38+00:00 GATE_SKIP id=OAFX1671 window=IS reason=SINGLE_SLEEVE_INFERIOR decision=SCREEN_OUT_SINGLE_SLEEVE net=82847.0 PF=1.2133 DD=19.82%
2026-08-30T04:55:38+00:00 RUN_START id=OAFX1676 family=gj_boost_partial_exit window=SCREEN_IS terminal=BT3 run=oafx_screen_is_oafx1676_20260830135538_b203f0
2026-08-30T04:55:40+00:00 RUN_HEARTBEAT terminal=BT3 pid=50040 elapsed=0s
2026-08-30T04:55:55+00:00 RUN_HEARTBEAT terminal=BT2 pid=44912 elapsed=134s
2026-08-30T04:55:59+00:00 RUN_HEARTBEAT terminal=BT1 pid=56892 elapsed=197s
2026-08-30T04:56:11+00:00 RUN_HEARTBEAT terminal=PROD pid=45600 elapsed=201s
2026-08-30T04:56:12+00:00 RUN_HEARTBEAT terminal=BT4 pid=54316 elapsed=64s
2026-08-30T04:56:15+00:00 RUN_END id=OAFX1673 window=SCREEN_IS terminal=BT1 status=OK decision=SCREEN_OUT_SINGLE_SLEEVE elapsed=216.881s
2026-08-30T04:56:15+00:00 GATE_SKIP id=OAFX1673 window=IS reason=SINGLE_SLEEVE_INFERIOR decision=SCREEN_OUT_SINGLE_SLEEVE net=78699.0 PF=1.203 DD=20.4764%
2026-08-30T04:56:15+00:00 RUN_START id=OAFX1677 family=gj_boost_partial_exit window=SCREEN_IS terminal=BT1 run=oafx_screen_is_oafx1677_20260830135615_bf4330
2026-08-30T04:56:17+00:00 RUN_HEARTBEAT terminal=BT1 pid=34732 elapsed=0s
2026-08-30T04:56:44+00:00 RUN_HEARTBEAT terminal=BT3 pid=50040 elapsed=64s
2026-08-30T04:57:01+00:00 RUN_HEARTBEAT terminal=BT2 pid=44912 elapsed=201s
2026-08-30T04:57:18+00:00 RUN_HEARTBEAT terminal=BT4 pid=54316 elapsed=130s
2026-08-30T04:57:18+00:00 RUN_HEARTBEAT terminal=PROD pid=45600 elapsed=267s
2026-08-30T04:57:23+00:00 RUN_HEARTBEAT terminal=BT1 pid=34732 elapsed=66s
2026-08-30T04:57:51+00:00 RUN_HEARTBEAT terminal=BT3 pid=50040 elapsed=131s
2026-08-30T04:58:08+00:00 RUN_END id=OAFX1674 window=SCREEN_IS terminal=BT2 status=OK decision=SCREEN_OUT_SINGLE_SLEEVE elapsed=270.232s
2026-08-30T04:58:08+00:00 GATE_SKIP id=OAFX1674 window=IS reason=SINGLE_SLEEVE_INFERIOR decision=SCREEN_OUT_SINGLE_SLEEVE net=76625.0 PF=1.1978 DD=20.9299%
2026-08-30T04:58:08+00:00 RUN_START id=OAFX1678 family=gj_boost_partial_exit window=SCREEN_IS terminal=BT2 run=oafx_screen_is_oafx1678_20260830135808_c90192
2026-08-30T04:58:10+00:00 RUN_HEARTBEAT terminal=BT2 pid=19660 elapsed=0s
2026-08-30T04:58:25+00:00 RUN_HEARTBEAT terminal=PROD pid=45600 elapsed=334s
2026-08-30T04:58:25+00:00 RUN_HEARTBEAT terminal=BT4 pid=54316 elapsed=197s
2026-08-30T04:58:27+00:00 RUN_HEARTBEAT terminal=BT1 pid=34732 elapsed=130s
2026-08-30T04:58:41+00:00 RUN_END id=OAFX1675 window=SCREEN_IS terminal=BT4 status=OK decision=SCREEN_OUT_SINGLE_SLEEVE elapsed=215.901s
2026-08-30T04:58:41+00:00 GATE_SKIP id=OAFX1675 window=IS reason=SINGLE_SLEEVE_INFERIOR decision=SCREEN_OUT_SINGLE_SLEEVE net=74551.0 PF=1.1927 DD=21.5317%
2026-08-30T04:58:41+00:00 RUN_START id=OAFX1679 family=gj_boost_partial_exit window=SCREEN_IS terminal=BT4 run=oafx_screen_is_oafx1679_20260830135841_aeb30e
2026-08-30T04:58:43+00:00 RUN_HEARTBEAT terminal=BT4 pid=50620 elapsed=0s
2026-08-30T04:58:57+00:00 RUN_HEARTBEAT terminal=BT3 pid=50040 elapsed=197s
2026-08-30T04:59:15+00:00 RUN_HEARTBEAT terminal=BT2 pid=19660 elapsed=64s
2026-08-30T04:59:31+00:00 RUN_HEARTBEAT terminal=PROD pid=45600 elapsed=400s
2026-08-30T04:59:32+00:00 RUN_HEARTBEAT terminal=BT1 pid=34732 elapsed=195s
2026-08-30T04:59:48+00:00 RUN_END id=OAFX1676 window=SCREEN_IS terminal=BT3 status=OK decision=SCREEN_OUT_SINGLE_SLEEVE elapsed=249.800s
2026-08-30T04:59:48+00:00 GATE_SKIP id=OAFX1676 window=IS reason=SINGLE_SLEEVE_INFERIOR decision=SCREEN_OUT_SINGLE_SLEEVE net=84443.0 PF=1.2174 DD=19.6757%
2026-08-30T04:59:48+00:00 RUN_START id=OAFX1680 family=gj_boost_partial_exit window=SCREEN_IS terminal=BT3 run=oafx_screen_is_oafx1680_20260830135948_1618ca
2026-08-30T04:59:48+00:00 RUN_HEARTBEAT terminal=BT4 pid=50620 elapsed=65s
2026-08-30T04:59:48+00:00 RUN_END id=OAFX1677 window=SCREEN_IS terminal=BT1 status=OK decision=SCREEN_OUT_SINGLE_SLEEVE elapsed=213.298s
2026-08-30T04:59:48+00:00 GATE_SKIP id=OAFX1677 window=IS reason=SINGLE_SLEEVE_INFERIOR decision=SCREEN_OUT_SINGLE_SLEEVE net=83965.0 PF=1.2164 DD=19.8222%
2026-08-30T04:59:48+00:00 RUN_START id=OAFX1681 family=gj_boost_partial_exit window=SCREEN_IS terminal=BT1 run=oafx_screen_is_oafx1681_20260830135948_461c88
2026-08-30T04:59:49+00:00 WAIT_LAUNCH_SLOT terminal=BT1 seconds=7.5
2026-08-30T04:59:50+00:00 RUN_HEARTBEAT terminal=BT3 pid=8024 elapsed=0s
2026-08-30T04:59:58+00:00 RUN_HEARTBEAT terminal=BT1 pid=26672 elapsed=0s
2026-08-30T05:00:21+00:00 RUN_HEARTBEAT terminal=BT2 pid=19660 elapsed=130s
2026-08-30T05:00:37+00:00 RUN_HEARTBEAT terminal=PROD pid=45600 elapsed=467s
2026-08-30T05:00:54+00:00 RUN_HEARTBEAT terminal=BT4 pid=50620 elapsed=130s
2026-08-30T05:00:54+00:00 RUN_HEARTBEAT terminal=BT3 pid=8024 elapsed=65s
2026-08-30T05:01:06+00:00 RUN_HEARTBEAT terminal=BT1 pid=26672 elapsed=68s
2026-08-30T05:01:26+00:00 RUN_HEARTBEAT terminal=BT2 pid=19660 elapsed=196s
2026-08-30T05:01:42+00:00 RUN_HEARTBEAT terminal=PROD pid=45600 elapsed=532s
2026-08-30T05:01:59+00:00 RUN_HEARTBEAT terminal=BT4 pid=50620 elapsed=195s
2026-08-30T05:01:59+00:00 RUN_HEARTBEAT terminal=BT3 pid=8024 elapsed=129s
2026-08-30T05:02:11+00:00 RUN_HEARTBEAT terminal=BT1 pid=26672 elapsed=133s
2026-08-30T05:02:31+00:00 RUN_END id=OAFX1678 window=SCREEN_IS terminal=BT2 status=OK decision=SCREEN_OUT_SINGLE_SLEEVE elapsed=263.286s
2026-08-30T05:02:31+00:00 GATE_SKIP id=OAFX1678 window=IS reason=SINGLE_SLEEVE_INFERIOR decision=SCREEN_OUT_SINGLE_SLEEVE net=83487.0 PF=1.2153 DD=19.9709%
2026-08-30T05:02:31+00:00 RUN_START id=OAFX1682 family=gj_boost_partial_exit window=SCREEN_IS terminal=BT2 run=oafx_screen_is_oafx1682_20260830140231_890282
2026-08-30T05:02:31+00:00 RUN_END id=OAFX1679 window=SCREEN_IS terminal=BT4 status=OK decision=SCREEN_OUT_SINGLE_SLEEVE elapsed=230.195s
2026-08-30T05:02:31+00:00 GATE_SKIP id=OAFX1679 window=IS reason=SINGLE_SLEEVE_INFERIOR decision=SCREEN_OUT_SINGLE_SLEEVE net=83009.0 PF=1.2143 DD=20.1218%
2026-08-30T05:02:31+00:00 RUN_START id=OAFX1683 family=gj_boost_partial_exit window=SCREEN_IS terminal=BT4 run=oafx_screen_is_oafx1683_20260830140231_5a0c0b
2026-08-30T05:02:32+00:00 RUN_END id=OAFX1680 window=SCREEN_IS terminal=BT3 status=OK decision=SCREEN_OUT_SINGLE_SLEEVE elapsed=163.943s
2026-08-30T05:02:32+00:00 GATE_SKIP id=OAFX1680 window=IS reason=SINGLE_SLEEVE_INFERIOR decision=SCREEN_OUT_SINGLE_SLEEVE net=82531.0 PF=1.2133 DD=20.2751%
2026-08-30T05:02:32+00:00 RUN_START id=OAFX1684 family=gj_boost_partial_exit window=SCREEN_IS terminal=BT3 run=oafx_screen_is_oafx1684_20260830140232_4631da
2026-08-30T05:02:32+00:00 WAIT_LAUNCH_SLOT terminal=BT4 seconds=8.0
2026-08-30T05:02:33+00:00 WAIT_LAUNCH_SLOT terminal=BT3 seconds=15.7
2026-08-30T05:02:33+00:00 RUN_HEARTBEAT terminal=BT2 pid=48288 elapsed=0s
2026-08-30T05:02:41+00:00 RUN_HEARTBEAT terminal=BT4 pid=53548 elapsed=0s
2026-08-30T05:02:47+00:00 RUN_HEARTBEAT terminal=PROD pid=45600 elapsed=597s
2026-08-30T05:02:49+00:00 RUN_HEARTBEAT terminal=BT3 pid=7144 elapsed=0s
2026-08-30T05:03:15+00:00 RUN_HEARTBEAT terminal=BT1 pid=26672 elapsed=197s
2026-08-30T05:03:39+00:00 RUN_HEARTBEAT terminal=BT2 pid=48288 elapsed=65s
2026-08-30T05:03:46+00:00 RUN_HEARTBEAT terminal=BT4 pid=53548 elapsed=65s
2026-08-30T05:03:53+00:00 RUN_HEARTBEAT terminal=PROD pid=45600 elapsed=663s
2026-08-30T05:03:55+00:00 RUN_HEARTBEAT terminal=BT3 pid=7144 elapsed=66s
2026-08-30T05:04:04+00:00 RUN_END id=OAFX1681 window=SCREEN_IS terminal=BT1 status=OK decision=SCREEN_OUT_SINGLE_SLEEVE elapsed=255.418s
2026-08-30T05:04:04+00:00 GATE_SKIP id=OAFX1681 window=IS reason=SINGLE_SLEEVE_INFERIOR decision=SCREEN_OUT_SINGLE_SLEEVE net=84921.0 PF=1.2184 DD=19.5314%
2026-08-30T05:04:04+00:00 RUN_START id=OAFX1685 family=gj_boost_partial_exit window=SCREEN_IS terminal=BT1 run=oafx_screen_is_oafx1685_20260830140404_c14e97
2026-08-30T05:04:06+00:00 RUN_HEARTBEAT terminal=BT1 pid=46800 elapsed=0s
2026-08-30T05:04:44+00:00 RUN_HEARTBEAT terminal=BT2 pid=48288 elapsed=130s
2026-08-30T05:04:52+00:00 RUN_HEARTBEAT terminal=BT4 pid=53548 elapsed=130s
2026-08-30T05:04:58+00:00 RUN_HEARTBEAT terminal=PROD pid=45600 elapsed=728s
2026-08-30T05:05:00+00:00 RUN_HEARTBEAT terminal=BT3 pid=7144 elapsed=130s
2026-08-30T05:05:10+00:00 RUN_HEARTBEAT terminal=BT1 pid=46800 elapsed=65s
2026-08-30T05:05:16+00:00 RUN_END id=OAFX1682 window=SCREEN_IS terminal=BT2 status=OK decision=SCREEN_OUT_SINGLE_SLEEVE elapsed=165.155s
2026-08-30T05:05:16+00:00 GATE_SKIP id=OAFX1682 window=IS reason=SINGLE_SLEEVE_INFERIOR decision=SCREEN_OUT_SINGLE_SLEEVE net=84921.0 PF=1.2184 DD=19.5314%
2026-08-30T05:05:16+00:00 RUN_START id=OAFX1686 family=gj_boost_partial_exit window=SCREEN_IS terminal=BT2 run=oafx_screen_is_oafx1686_20260830140516_081bbc
2026-08-30T05:05:19+00:00 RUN_HEARTBEAT terminal=BT2 pid=29424 elapsed=0s
2026-08-30T05:05:24+00:00 RUN_END id=OAFX1683 window=SCREEN_IS terminal=BT4 status=OK decision=SCREEN_OUT_SINGLE_SLEEVE elapsed=172.651s
2026-08-30T05:05:24+00:00 GATE_SKIP id=OAFX1683 window=IS reason=SINGLE_SLEEVE_INFERIOR decision=SCREEN_OUT_SINGLE_SLEEVE net=84921.0 PF=1.2184 DD=19.5314%
2026-08-30T05:05:24+00:00 RUN_START id=OAFX1687 family=gj_boost_partial_exit window=SCREEN_IS terminal=BT4 run=oafx_screen_is_oafx1687_20260830140524_64ef08
2026-08-30T05:05:25+00:00 WAIT_LAUNCH_SLOT terminal=BT4 seconds=0.5
2026-08-30T05:05:27+00:00 RUN_HEARTBEAT terminal=BT4 pid=41608 elapsed=0s
2026-08-30T05:06:03+00:00 RUN_HEARTBEAT terminal=PROD pid=45600 elapsed=793s
2026-08-30T05:06:05+00:00 RUN_HEARTBEAT terminal=BT3 pid=7144 elapsed=196s
2026-08-30T05:06:15+00:00 RUN_HEARTBEAT terminal=BT1 pid=46800 elapsed=130s
2026-08-30T05:06:24+00:00 RUN_HEARTBEAT terminal=BT2 pid=29424 elapsed=66s
2026-08-30T05:06:31+00:00 RUN_HEARTBEAT terminal=BT4 pid=41608 elapsed=65s
2026-08-30T05:07:07+00:00 RUN_HEARTBEAT terminal=PROD pid=45600 elapsed=857s
2026-08-30T05:07:09+00:00 RUN_END id=OAFX1684 window=SCREEN_IS terminal=BT3 status=OK decision=SCREEN_OUT_SINGLE_SLEEVE elapsed=277.540s
2026-08-30T05:07:09+00:00 GATE_SKIP id=OAFX1684 window=IS reason=SINGLE_SLEEVE_INFERIOR decision=SCREEN_OUT_SINGLE_SLEEVE net=84921.0 PF=1.2184 DD=19.5314%
2026-08-30T05:07:09+00:00 RUN_START id=OAFX1688 family=gj_boost_partial_exit window=SCREEN_IS terminal=BT3 run=oafx_screen_is_oafx1688_20260830140709_15580a
2026-08-30T05:07:11+00:00 RUN_HEARTBEAT terminal=BT3 pid=36180 elapsed=0s
2026-08-30T05:07:20+00:00 RUN_HEARTBEAT terminal=BT1 pid=46800 elapsed=194s
2026-08-30T05:07:23+00:00 RUN_END id=OAFX1668 window=IS terminal=PROD status=OK decision=IS_NOISE_BAND elapsed=885.151s
2026-08-30T05:07:23+00:00 GATE_SKIP id=OAFX1668 window=OOS reason=IS_NOT_SURVIVOR decision=IS_NOISE_BAND net=283444.0 PF=1.408 DD=34.7525%
2026-08-30T05:07:23+00:00 RUN_START id=OAFX1689 family=gj_boost_partial_exit window=SCREEN_IS terminal=PROD run=oafx_screen_is_oafx1689_20260830140723_1cf402
2026-08-30T05:07:25+00:00 RUN_HEARTBEAT terminal=PROD pid=49256 elapsed=0s
2026-08-30T05:07:29+00:00 RUN_HEARTBEAT terminal=BT2 pid=29424 elapsed=130s
2026-08-30T05:07:37+00:00 RUN_HEARTBEAT terminal=BT4 pid=41608 elapsed=129s
2026-08-30T05:08:01+00:00 RUN_END id=OAFX1686 window=SCREEN_IS terminal=BT2 status=OK decision=SCREEN_OUT_SINGLE_SLEEVE elapsed=164.554s
2026-08-30T05:08:01+00:00 GATE_SKIP id=OAFX1686 window=IS reason=SINGLE_SLEEVE_INFERIOR decision=SCREEN_OUT_SINGLE_SLEEVE net=84921.0 PF=1.2184 DD=19.5314%
2026-08-30T05:08:01+00:00 RUN_START id=OAFX1690 family=gj_boost_partial_exit window=SCREEN_IS terminal=BT2 run=oafx_screen_is_oafx1690_20260830140801_4a4230
2026-08-30T05:08:03+00:00 RUN_HEARTBEAT terminal=BT2 pid=55664 elapsed=0s
2026-08-30T05:08:15+00:00 RUN_HEARTBEAT terminal=BT3 pid=36180 elapsed=64s
2026-08-30T05:08:25+00:00 RUN_END id=OAFX1685 window=SCREEN_IS terminal=BT1 status=OK decision=SCREEN_OUT_SINGLE_SLEEVE elapsed=261.962s
2026-08-30T05:08:26+00:00 GATE_SKIP id=OAFX1685 window=IS reason=SINGLE_SLEEVE_INFERIOR decision=SCREEN_OUT_SINGLE_SLEEVE net=84921.0 PF=1.2184 DD=19.5314%
2026-08-30T05:08:26+00:00 RUN_START id=OAFX1691 family=gj_boost_partial_exit window=SCREEN_IS terminal=BT1 run=oafx_screen_is_oafx1691_20260830140826_b764fe
2026-08-30T05:08:28+00:00 RUN_HEARTBEAT terminal=BT1 pid=13728 elapsed=0s
2026-08-30T05:08:30+00:00 RUN_HEARTBEAT terminal=PROD pid=49256 elapsed=65s
2026-08-30T05:08:41+00:00 RUN_END id=OAFX1687 window=SCREEN_IS terminal=BT4 status=OK decision=SCREEN_OUT_SINGLE_SLEEVE elapsed=197.562s
2026-08-30T05:08:41+00:00 GATE_SKIP id=OAFX1687 window=IS reason=SINGLE_SLEEVE_INFERIOR decision=SCREEN_OUT_SINGLE_SLEEVE net=84921.0 PF=1.2184 DD=19.5314%
2026-08-30T05:08:41+00:00 RUN_START id=OAFX1692 family=gj_boost_partial_exit window=SCREEN_IS terminal=BT4 run=oafx_screen_is_oafx1692_20260830140841_3a77af
2026-08-30T05:08:44+00:00 RUN_HEARTBEAT terminal=BT4 pid=54648 elapsed=0s
2026-08-30T05:09:08+00:00 RUN_HEARTBEAT terminal=BT2 pid=55664 elapsed=64s
2026-08-30T05:09:20+00:00 RUN_HEARTBEAT terminal=BT3 pid=36180 elapsed=129s
2026-08-30T05:09:33+00:00 RUN_HEARTBEAT terminal=BT1 pid=13728 elapsed=65s
2026-08-30T05:09:35+00:00 RUN_HEARTBEAT terminal=PROD pid=49256 elapsed=130s
2026-08-30T05:09:50+00:00 RUN_HEARTBEAT terminal=BT4 pid=54648 elapsed=66s
2026-08-30T05:10:12+00:00 RUN_HEARTBEAT terminal=BT2 pid=55664 elapsed=129s
2026-08-30T05:10:24+00:00 RUN_HEARTBEAT terminal=BT3 pid=36180 elapsed=193s
2026-08-30T05:10:40+00:00 RUN_HEARTBEAT terminal=PROD pid=49256 elapsed=194s
2026-08-30T05:10:40+00:00 RUN_HEARTBEAT terminal=BT1 pid=13728 elapsed=132s
2026-08-30T05:10:56+00:00 RUN_HEARTBEAT terminal=BT4 pid=54648 elapsed=133s
2026-08-30T05:11:01+00:00 RUN_END id=OAFX1690 window=SCREEN_IS terminal=BT2 status=OK decision=SCREEN_OUT_SINGLE_SLEEVE elapsed=180.551s
2026-08-30T05:11:01+00:00 GATE_SKIP id=OAFX1690 window=IS reason=SINGLE_SLEEVE_INFERIOR decision=SCREEN_OUT_SINGLE_SLEEVE net=84921.0 PF=1.2184 DD=19.5314%
2026-08-30T05:11:01+00:00 RUN_START id=OAFX1693 family=gj_boost_partial_exit window=SCREEN_IS terminal=BT2 run=oafx_screen_is_oafx1693_20260830141101_427b6f
2026-08-30T05:11:04+00:00 RUN_HEARTBEAT terminal=BT2 pid=45252 elapsed=0s
2026-08-30T05:11:13+00:00 RUN_END id=OAFX1688 window=SCREEN_IS terminal=BT3 status=OK decision=SCREEN_OUT_SINGLE_SLEEVE elapsed=243.858s
2026-08-30T05:11:13+00:00 GATE_SKIP id=OAFX1688 window=IS reason=SINGLE_SLEEVE_INFERIOR decision=SCREEN_OUT_SINGLE_SLEEVE net=84921.0 PF=1.2184 DD=19.5314%
2026-08-30T05:11:13+00:00 RUN_START id=OAFX1694 family=gj_boost_partial_exit window=SCREEN_IS terminal=BT3 run=oafx_screen_is_oafx1694_20260830141113_7b5932
2026-08-30T05:11:15+00:00 RUN_HEARTBEAT terminal=BT3 pid=53356 elapsed=0s
2026-08-30T05:11:46+00:00 RUN_END id=OAFX1691 window=SCREEN_IS terminal=BT1 status=OK decision=SCREEN_OUT_SINGLE_SLEEVE elapsed=200.240s
2026-08-30T05:11:46+00:00 GATE_SKIP id=OAFX1691 window=IS reason=SINGLE_SLEEVE_INFERIOR decision=SCREEN_OUT_SINGLE_SLEEVE net=84921.0 PF=1.2184 DD=19.5314%
2026-08-30T05:11:46+00:00 RUN_END id=OAFX1689 window=SCREEN_IS terminal=PROD status=OK decision=SCREEN_OUT_SINGLE_SLEEVE elapsed=262.667s
2026-08-30T05:11:46+00:00 GATE_SKIP id=OAFX1689 window=IS reason=SINGLE_SLEEVE_INFERIOR decision=SCREEN_OUT_SINGLE_SLEEVE net=84921.0 PF=1.2184 DD=19.5314%
2026-08-30T05:11:46+00:00 RUN_START id=OAFX1695 family=gj_boost_partial_exit window=SCREEN_IS terminal=BT1 run=oafx_screen_is_oafx1695_20260830141146_ccac8f
2026-08-30T05:11:46+00:00 RUN_START id=OAFX1696 family=gj_boost_partial_exit window=SCREEN_IS terminal=PROD run=oafx_screen_is_oafx1696_20260830141146_ee91ba
2026-08-30T05:11:47+00:00 WAIT_LAUNCH_SLOT terminal=PROD seconds=8.0
2026-08-30T05:11:48+00:00 RUN_HEARTBEAT terminal=BT1 pid=50708 elapsed=0s
2026-08-30T05:11:56+00:00 RUN_HEARTBEAT terminal=PROD pid=38448 elapsed=0s
2026-08-30T05:12:02+00:00 RUN_HEARTBEAT terminal=BT4 pid=54648 elapsed=198s
2026-08-30T05:12:08+00:00 RUN_HEARTBEAT terminal=BT2 pid=45252 elapsed=65s
2026-08-30T05:12:21+00:00 RUN_HEARTBEAT terminal=BT3 pid=53356 elapsed=66s
2026-08-30T05:12:51+00:00 RUN_END id=OAFX1692 window=SCREEN_IS terminal=BT4 status=OK decision=SCREEN_OUT_SINGLE_SLEEVE elapsed=249.860s
2026-08-30T05:12:51+00:00 GATE_SKIP id=OAFX1692 window=IS reason=SINGLE_SLEEVE_INFERIOR decision=SCREEN_OUT_SINGLE_SLEEVE net=84921.0 PF=1.2184 DD=19.5314%
2026-08-30T05:12:51+00:00 RUN_START id=OAFX1697 family=gj_boost_partial_exit window=SCREEN_IS terminal=BT4 run=oafx_screen_is_oafx1697_20260830141251_1c8111
2026-08-30T05:12:53+00:00 RUN_HEARTBEAT terminal=BT4 pid=33264 elapsed=0s
2026-08-30T05:12:54+00:00 RUN_HEARTBEAT terminal=BT1 pid=50708 elapsed=66s
2026-08-30T05:13:02+00:00 RUN_HEARTBEAT terminal=PROD pid=38448 elapsed=66s
2026-08-30T05:13:15+00:00 RUN_HEARTBEAT terminal=BT2 pid=45252 elapsed=131s
2026-08-30T05:13:27+00:00 RUN_HEARTBEAT terminal=BT3 pid=53356 elapsed=131s
2026-08-30T05:13:48+00:00 RUN_END id=OAFX1693 window=SCREEN_IS terminal=BT2 status=OK decision=SCREEN_OUT_SINGLE_SLEEVE elapsed=166.585s
2026-08-30T05:13:48+00:00 GATE_SKIP id=OAFX1693 window=IS reason=SINGLE_SLEEVE_INFERIOR decision=SCREEN_OUT_SINGLE_SLEEVE net=84921.0 PF=1.2184 DD=19.5314%
2026-08-30T05:13:48+00:00 RUN_START id=OAFX1698 family=gj_boost_partial_exit window=SCREEN_IS terminal=BT2 run=oafx_screen_is_oafx1698_20260830141348_6221b0
2026-08-30T05:13:50+00:00 RUN_HEARTBEAT terminal=BT2 pid=48492 elapsed=0s
2026-08-30T05:13:59+00:00 RUN_HEARTBEAT terminal=BT1 pid=50708 elapsed=131s
2026-08-30T05:13:59+00:00 RUN_HEARTBEAT terminal=BT4 pid=33264 elapsed=66s
2026-08-30T05:14:07+00:00 RUN_HEARTBEAT terminal=PROD pid=38448 elapsed=131s
2026-08-30T05:14:33+00:00 RUN_HEARTBEAT terminal=BT3 pid=53356 elapsed=197s
2026-08-30T05:14:56+00:00 RUN_HEARTBEAT terminal=BT2 pid=48492 elapsed=65s
2026-08-30T05:15:06+00:00 RUN_HEARTBEAT terminal=BT1 pid=50708 elapsed=198s
2026-08-30T05:15:06+00:00 RUN_HEARTBEAT terminal=BT4 pid=33264 elapsed=132s
2026-08-30T05:15:06+00:00 RUN_END id=OAFX1694 window=SCREEN_IS terminal=BT3 status=OK decision=SCREEN_OUT_SINGLE_SLEEVE elapsed=233.063s
2026-08-30T05:15:06+00:00 GATE_SKIP id=OAFX1694 window=IS reason=SINGLE_SLEEVE_INFERIOR decision=SCREEN_OUT_SINGLE_SLEEVE net=84921.0 PF=1.2184 DD=19.5314%
2026-08-30T05:15:06+00:00 RUN_START id=OAFX1699 family=gj_boost_partial_exit window=SCREEN_IS terminal=BT3 run=oafx_screen_is_oafx1699_20260830141506_94b281
2026-08-30T05:15:08+00:00 RUN_HEARTBEAT terminal=BT3 pid=55440 elapsed=0s
2026-08-30T05:15:12+00:00 RUN_HEARTBEAT terminal=PROD pid=38448 elapsed=196s
2026-08-30T05:15:38+00:00 RUN_END id=OAFX1695 window=SCREEN_IS terminal=BT1 status=OK decision=SCREEN_OUT_SINGLE_SLEEVE elapsed=232.608s
2026-08-30T05:15:38+00:00 GATE_SKIP id=OAFX1695 window=IS reason=SINGLE_SLEEVE_INFERIOR decision=SCREEN_OUT_SINGLE_SLEEVE net=84921.0 PF=1.2184 DD=19.5314%
2026-08-30T05:15:38+00:00 RUN_START id=OAFX1700 family=gj_boost_partial_exit window=SCREEN_IS terminal=BT1 run=oafx_screen_is_oafx1700_20260830141538_6a97ae
2026-08-30T05:15:41+00:00 RUN_HEARTBEAT terminal=BT1 pid=40388 elapsed=0s
2026-08-30T05:16:01+00:00 RUN_HEARTBEAT terminal=BT2 pid=48492 elapsed=130s
2026-08-30T05:16:11+00:00 RUN_HEARTBEAT terminal=BT4 pid=33264 elapsed=197s
2026-08-30T05:16:13+00:00 RUN_HEARTBEAT terminal=BT3 pid=55440 elapsed=65s
2026-08-30T05:16:17+00:00 RUN_END id=OAFX1696 window=SCREEN_IS terminal=PROD status=OK decision=SCREEN_OUT_SINGLE_SLEEVE elapsed=270.961s
2026-08-30T05:16:17+00:00 GATE_SKIP id=OAFX1696 window=IS reason=SINGLE_SLEEVE_INFERIOR decision=SCREEN_OUT_SINGLE_SLEEVE net=84921.0 PF=1.2184 DD=19.5314%
2026-08-30T05:16:17+00:00 RUN_START id=OAFX1701 family=gj_boost_cash_risk_cap window=SCREEN_IS terminal=PROD run=oafx_screen_is_oafx1701_20260830141617_c63ac1
2026-08-30T05:16:19+00:00 RUN_HEARTBEAT terminal=PROD pid=44004 elapsed=0s
2026-08-30T05:16:45+00:00 RUN_HEARTBEAT terminal=BT1 pid=40388 elapsed=65s
2026-08-30T05:17:05+00:00 RUN_END id=OAFX1698 window=SCREEN_IS terminal=BT2 status=OK decision=SCREEN_OUT_SINGLE_SLEEVE elapsed=197.020s
2026-08-30T05:17:05+00:00 GATE_SKIP id=OAFX1698 window=IS reason=SINGLE_SLEEVE_INFERIOR decision=SCREEN_OUT_SINGLE_SLEEVE net=84921.0 PF=1.2184 DD=19.5314%
2026-08-30T05:17:05+00:00 RUN_START id=OAFX1702 family=gj_boost_cash_risk_cap window=SCREEN_IS terminal=BT2 run=oafx_screen_is_oafx1702_20260830141705_ea78fb
2026-08-30T05:17:07+00:00 RUN_HEARTBEAT terminal=BT2 pid=33096 elapsed=0s
2026-08-30T05:17:15+00:00 RUN_END id=OAFX1697 window=SCREEN_IS terminal=BT4 status=OK decision=SCREEN_OUT_SINGLE_SLEEVE elapsed=264.166s
2026-08-30T05:17:15+00:00 GATE_SKIP id=OAFX1697 window=IS reason=SINGLE_SLEEVE_INFERIOR decision=SCREEN_OUT_SINGLE_SLEEVE net=84921.0 PF=1.2184 DD=19.5314%
2026-08-30T05:17:15+00:00 RUN_START id=OAFX1703 family=gj_boost_cash_risk_cap window=SCREEN_IS terminal=BT4 run=oafx_screen_is_oafx1703_20260830141715_7274dd
2026-08-30T05:17:18+00:00 RUN_HEARTBEAT terminal=BT3 pid=55440 elapsed=129s
2026-08-30T05:17:18+00:00 RUN_HEARTBEAT terminal=BT4 pid=56996 elapsed=0s
2026-08-30T05:17:23+00:00 RUN_HEARTBEAT terminal=PROD pid=44004 elapsed=64s
2026-08-30T05:17:52+00:00 RUN_HEARTBEAT terminal=BT1 pid=40388 elapsed=130s
2026-08-30T05:18:13+00:00 RUN_HEARTBEAT terminal=BT2 pid=33096 elapsed=66s
2026-08-30T05:18:25+00:00 RUN_HEARTBEAT terminal=BT4 pid=56996 elapsed=67s
2026-08-30T05:18:25+00:00 RUN_HEARTBEAT terminal=BT3 pid=55440 elapsed=197s
2026-08-30T05:18:30+00:00 RUN_HEARTBEAT terminal=PROD pid=44004 elapsed=130s
2026-08-30T05:18:59+00:00 RUN_HEARTBEAT terminal=BT1 pid=40388 elapsed=198s
2026-08-30T05:19:15+00:00 RUN_END id=OAFX1699 window=SCREEN_IS terminal=BT3 status=OK decision=SCREEN_OUT_SINGLE_SLEEVE elapsed=249.022s
2026-08-30T05:19:15+00:00 GATE_SKIP id=OAFX1699 window=IS reason=SINGLE_SLEEVE_INFERIOR decision=SCREEN_OUT_SINGLE_SLEEVE net=84921.0 PF=1.2184 DD=19.5314%
2026-08-30T05:19:15+00:00 RUN_START id=OAFX1704 family=gj_boost_cash_risk_cap window=SCREEN_IS terminal=BT3 run=oafx_screen_is_oafx1704_20260830141915_f2cd46
2026-08-30T05:19:17+00:00 RUN_HEARTBEAT terminal=BT3 pid=45180 elapsed=0s
2026-08-30T05:19:19+00:00 RUN_HEARTBEAT terminal=BT2 pid=33096 elapsed=132s
2026-08-30T05:19:31+00:00 RUN_HEARTBEAT terminal=BT4 pid=56996 elapsed=134s
2026-08-30T05:19:31+00:00 RUN_END id=OAFX1700 window=SCREEN_IS terminal=BT1 status=OK decision=SCREEN_OUT_SINGLE_SLEEVE elapsed=232.843s
2026-08-30T05:19:31+00:00 GATE_SKIP id=OAFX1700 window=IS reason=SINGLE_SLEEVE_INFERIOR decision=SCREEN_OUT_SINGLE_SLEEVE net=84921.0 PF=1.2184 DD=19.5314%
2026-08-30T05:19:31+00:00 RUN_START id=OAFX1705 family=gj_boost_cash_risk_cap window=SCREEN_IS terminal=BT1 run=oafx_screen_is_oafx1705_20260830141931_13f43d
2026-08-30T05:19:33+00:00 RUN_HEARTBEAT terminal=BT1 pid=33008 elapsed=0s
2026-08-30T05:19:36+00:00 RUN_HEARTBEAT terminal=PROD pid=44004 elapsed=197s
2026-08-30T05:20:22+00:00 RUN_HEARTBEAT terminal=BT3 pid=45180 elapsed=65s
2026-08-30T05:20:24+00:00 WAIT_MT5_IDLE terminal=PROD elapsed=1s pids=[56652]
2026-08-30T05:20:24+00:00 RUN_END id=OAFX1702 window=SCREEN_IS terminal=BT2 status=OK decision=SCREEN_OUT_SINGLE_SLEEVE elapsed=199.215s
2026-08-30T05:20:24+00:00 GATE_SKIP id=OAFX1702 window=IS reason=SINGLE_SLEEVE_INFERIOR decision=SCREEN_OUT_SINGLE_SLEEVE net=34436.0 PF=1.1824 DD=10.1051%
2026-08-30T05:20:24+00:00 RUN_START id=OAFX1706 family=gj_boost_cash_risk_cap window=SCREEN_IS terminal=BT2 run=oafx_screen_is_oafx1706_20260830142024_50c60f
2026-08-30T05:20:26+00:00 RUN_HEARTBEAT terminal=BT2 pid=10192 elapsed=0s
2026-08-30T05:20:36+00:00 RUN_HEARTBEAT terminal=BT4 pid=56996 elapsed=199s
2026-08-30T05:20:38+00:00 RUN_HEARTBEAT terminal=BT1 pid=33008 elapsed=65s
2026-08-30T05:21:25+00:00 RUN_END id=OAFX1703 window=SCREEN_IS terminal=BT4 status=OK decision=SCREEN_OUT_SINGLE_SLEEVE elapsed=249.489s
2026-08-30T05:21:25+00:00 GATE_SKIP id=OAFX1703 window=IS reason=SINGLE_SLEEVE_INFERIOR decision=SCREEN_OUT_SINGLE_SLEEVE net=34436.0 PF=1.1824 DD=10.1051%
2026-08-30T05:21:25+00:00 RUN_START id=OAFX1707 family=gj_boost_cash_risk_cap window=SCREEN_IS terminal=BT4 run=oafx_screen_is_oafx1707_20260830142125_99b42a
2026-08-30T05:21:27+00:00 RUN_HEARTBEAT terminal=BT3 pid=45180 elapsed=130s
2026-08-30T05:21:27+00:00 RUN_HEARTBEAT terminal=BT4 pid=30820 elapsed=0s
2026-08-30T05:21:28+00:00 WAIT_MT5_IDLE terminal=PROD elapsed=65s pids=[56652]
2026-08-30T05:21:30+00:00 RUN_HEARTBEAT terminal=BT2 pid=10192 elapsed=64s
2026-08-30T05:21:44+00:00 RUN_HEARTBEAT terminal=BT1 pid=33008 elapsed=130s
2026-08-30T05:22:17+00:00 RUN_END id=OAFX1704 window=SCREEN_IS terminal=BT3 status=OK decision=SCREEN_OUT_SINGLE_SLEEVE elapsed=181.775s
2026-08-30T05:22:17+00:00 GATE_SKIP id=OAFX1704 window=IS reason=SINGLE_SLEEVE_INFERIOR decision=SCREEN_OUT_SINGLE_SLEEVE net=34436.0 PF=1.1824 DD=10.1051%
2026-08-30T05:22:17+00:00 RUN_START id=OAFX1708 family=gj_boost_cash_risk_cap window=SCREEN_IS terminal=BT3 run=oafx_screen_is_oafx1708_20260830142217_75bed1
2026-08-30T05:22:19+00:00 RUN_HEARTBEAT terminal=BT3 pid=46840 elapsed=0s
2026-08-30T05:22:33+00:00 RUN_HEARTBEAT terminal=BT4 pid=30820 elapsed=66s
2026-08-30T05:22:33+00:00 WAIT_MT5_IDLE terminal=PROD elapsed=130s pids=[56652]
2026-08-30T05:22:34+00:00 RUN_HEARTBEAT terminal=BT2 pid=10192 elapsed=128s
2026-08-30T05:22:50+00:00 RUN_HEARTBEAT terminal=BT1 pid=33008 elapsed=196s
2026-08-30T05:23:23+00:00 RUN_END id=OAFX1705 window=SCREEN_IS terminal=BT1 status=OK decision=SCREEN_OUT_SINGLE_SLEEVE elapsed=232.260s
2026-08-30T05:23:23+00:00 GATE_SKIP id=OAFX1705 window=IS reason=SINGLE_SLEEVE_INFERIOR decision=SCREEN_OUT_SINGLE_SLEEVE net=34436.0 PF=1.1824 DD=10.1051%
2026-08-30T05:23:23+00:00 RUN_START id=OAFX1709 family=gj_boost_cash_risk_cap window=SCREEN_IS terminal=BT1 run=oafx_screen_is_oafx1709_20260830142323_64c461
2026-08-30T05:23:24+00:00 RUN_HEARTBEAT terminal=BT3 pid=46840 elapsed=64s
2026-08-30T05:23:26+00:00 RUN_HEARTBEAT terminal=BT1 pid=52608 elapsed=0s
2026-08-30T05:23:40+00:00 RUN_HEARTBEAT terminal=BT4 pid=30820 elapsed=133s
2026-08-30T05:23:40+00:00 WAIT_MT5_IDLE terminal=PROD elapsed=196s pids=[56652]
2026-08-30T05:23:40+00:00 RUN_END id=OAFX1706 window=SCREEN_IS terminal=BT2 status=OK decision=SCREEN_OUT_SINGLE_SLEEVE elapsed=195.354s
2026-08-30T05:23:40+00:00 GATE_SKIP id=OAFX1706 window=IS reason=SINGLE_SLEEVE_INFERIOR decision=SCREEN_OUT_SINGLE_SLEEVE net=35164.0 PF=1.1862 DD=10.0425%
2026-08-30T05:23:40+00:00 RUN_START id=OAFX1710 family=gj_boost_cash_risk_cap window=SCREEN_IS terminal=BT2 run=oafx_screen_is_oafx1710_20260830142340_3b15e4
2026-08-30T05:23:42+00:00 RUN_HEARTBEAT terminal=BT2 pid=54248 elapsed=0s
2026-08-30T05:24:30+00:00 RUN_HEARTBEAT terminal=BT3 pid=46840 elapsed=130s
2026-08-30T05:24:30+00:00 RUN_HEARTBEAT terminal=BT1 pid=52608 elapsed=65s
2026-08-30T05:24:47+00:00 RUN_HEARTBEAT terminal=BT4 pid=30820 elapsed=199s
2026-08-30T05:24:47+00:00 WAIT_MT5_IDLE terminal=PROD elapsed=264s pids=[56652]
2026-08-30T05:24:47+00:00 RUN_HEARTBEAT terminal=BT2 pid=54248 elapsed=65s
2026-08-30T05:25:04+00:00 RUN_END id=OAFX1707 window=SCREEN_IS terminal=BT4 status=OK decision=SCREEN_OUT_SINGLE_SLEEVE elapsed=218.596s
2026-08-30T05:25:04+00:00 GATE_SKIP id=OAFX1707 window=IS reason=SINGLE_SLEEVE_INFERIOR decision=SCREEN_OUT_SINGLE_SLEEVE net=35164.0 PF=1.1862 DD=10.0425%
2026-08-30T05:25:04+00:00 RUN_START id=OAFX1711 family=gj_boost_cash_risk_cap window=SCREEN_IS terminal=BT4 run=oafx_screen_is_oafx1711_20260830142504_2fc060
2026-08-30T05:25:05+00:00 RUN_HEARTBEAT terminal=BT4 pid=52692 elapsed=0s
2026-08-30T05:25:20+00:00 RUN_END id=OAFX1708 window=SCREEN_IS terminal=BT3 status=OK decision=SCREEN_OUT_SINGLE_SLEEVE elapsed=182.931s
2026-08-30T05:25:20+00:00 GATE_SKIP id=OAFX1708 window=IS reason=SINGLE_SLEEVE_INFERIOR decision=SCREEN_OUT_SINGLE_SLEEVE net=35164.0 PF=1.1862 DD=10.0425%
2026-08-30T05:25:20+00:00 RUN_START id=OAFX1712 family=gj_boost_cash_risk_cap window=SCREEN_IS terminal=BT3 run=oafx_screen_is_oafx1712_20260830142520_dd906c
2026-08-30T05:25:22+00:00 RUN_HEARTBEAT terminal=BT3 pid=41844 elapsed=0s
2026-08-30T05:25:36+00:00 RUN_HEARTBEAT terminal=BT1 pid=52608 elapsed=130s
2026-08-30T05:25:37+00:00 KILL_ORPHAN_TESTER terminal=PROD pids=[56652] orphan_seconds=312
2026-08-30T05:25:53+00:00 RUN_HEARTBEAT terminal=BT2 pid=54248 elapsed=131s
2026-08-30T05:25:53+00:00 RUN_END id=OAFX1709 window=SCREEN_IS terminal=BT1 status=OK decision=SCREEN_OUT_SINGLE_SLEEVE elapsed=149.091s
2026-08-30T05:25:53+00:00 GATE_SKIP id=OAFX1709 window=IS reason=SINGLE_SLEEVE_INFERIOR decision=SCREEN_OUT_SINGLE_SLEEVE net=35164.0 PF=1.1862 DD=10.0425%
2026-08-30T05:25:53+00:00 RUN_START id=OAFX1713 family=gj_boost_cash_risk_cap window=SCREEN_IS terminal=BT1 run=oafx_screen_is_oafx1713_20260830142553_0fbecc
2026-08-30T05:25:53+00:00 RUN_END id=OAFX1701 window=SCREEN_IS terminal=PROD status=OK decision=SCREEN_OUT_SINGLE_SLEEVE elapsed=576.058s
2026-08-30T05:25:53+00:00 GATE_SKIP id=OAFX1701 window=IS reason=SINGLE_SLEEVE_INFERIOR decision=SCREEN_OUT_SINGLE_SLEEVE net=34436.0 PF=1.1824 DD=10.1051%
2026-08-30T05:25:53+00:00 RUN_START id=OAFX1714 family=gj_boost_cash_risk_cap window=SCREEN_IS terminal=PROD run=oafx_screen_is_oafx1714_20260830142553_482883
2026-08-30T05:25:54+00:00 WAIT_LAUNCH_SLOT terminal=PROD seconds=7.8
2026-08-30T05:25:55+00:00 RUN_HEARTBEAT terminal=BT1 pid=10628 elapsed=0s
2026-08-30T05:26:03+00:00 RUN_HEARTBEAT terminal=PROD pid=41092 elapsed=0s
2026-08-30T05:26:10+00:00 RUN_HEARTBEAT terminal=BT4 pid=52692 elapsed=64s
2026-08-30T05:26:26+00:00 RUN_HEARTBEAT terminal=BT3 pid=41844 elapsed=65s
2026-08-30T05:26:59+00:00 RUN_HEARTBEAT terminal=BT2 pid=54248 elapsed=196s
2026-08-30T05:27:00+00:00 RUN_HEARTBEAT terminal=BT1 pid=10628 elapsed=65s
2026-08-30T05:27:09+00:00 RUN_HEARTBEAT terminal=PROD pid=41092 elapsed=65s
2026-08-30T05:27:16+00:00 RUN_HEARTBEAT terminal=BT4 pid=52692 elapsed=129s
2026-08-30T05:27:32+00:00 RUN_END id=OAFX1711 window=SCREEN_IS terminal=BT4 status=OK decision=SCREEN_OUT_SINGLE_SLEEVE elapsed=148.582s
2026-08-30T05:27:32+00:00 GATE_SKIP id=OAFX1711 window=IS reason=SINGLE_SLEEVE_INFERIOR decision=SCREEN_OUT_SINGLE_SLEEVE net=35637.0 PF=1.1848 DD=10.0023%
2026-08-30T05:27:32+00:00 RUN_START id=OAFX1715 family=gj_boost_cash_risk_cap window=SCREEN_IS terminal=BT4 run=oafx_screen_is_oafx1715_20260830142732_be8021
2026-08-30T05:27:32+00:00 RUN_HEARTBEAT terminal=BT3 pid=41844 elapsed=130s
2026-08-30T05:27:32+00:00 RUN_END id=OAFX1710 window=SCREEN_IS terminal=BT2 status=OK decision=SCREEN_OUT_SINGLE_SLEEVE elapsed=232.599s
2026-08-30T05:27:32+00:00 GATE_SKIP id=OAFX1710 window=IS reason=SINGLE_SLEEVE_INFERIOR decision=SCREEN_OUT_SINGLE_SLEEVE net=35164.0 PF=1.1862 DD=10.0425%
2026-08-30T05:27:32+00:00 RUN_START id=OAFX1716 family=gj_boost_cash_risk_cap window=SCREEN_IS terminal=BT2 run=oafx_screen_is_oafx1716_20260830142732_95dbf4
2026-08-30T05:27:33+00:00 WAIT_LAUNCH_SLOT terminal=BT2 seconds=7.9
2026-08-30T05:27:34+00:00 RUN_HEARTBEAT terminal=BT4 pid=14708 elapsed=0s
2026-08-30T05:27:42+00:00 RUN_HEARTBEAT terminal=BT2 pid=23964 elapsed=0s
2026-08-30T05:28:05+00:00 RUN_HEARTBEAT terminal=BT1 pid=10628 elapsed=130s
2026-08-30T05:28:16+00:00 RUN_HEARTBEAT terminal=PROD pid=41092 elapsed=133s
2026-08-30T05:28:38+00:00 RUN_HEARTBEAT terminal=BT3 pid=41844 elapsed=196s
2026-08-30T05:28:39+00:00 RUN_HEARTBEAT terminal=BT4 pid=14708 elapsed=64s
2026-08-30T05:28:49+00:00 RUN_HEARTBEAT terminal=BT2 pid=23964 elapsed=66s
2026-08-30T05:28:55+00:00 RUN_END id=OAFX1713 window=SCREEN_IS terminal=BT1 status=OK decision=SCREEN_OUT_SINGLE_SLEEVE elapsed=181.914s
2026-08-30T05:28:55+00:00 GATE_SKIP id=OAFX1713 window=IS reason=SINGLE_SLEEVE_INFERIOR decision=SCREEN_OUT_SINGLE_SLEEVE net=35637.0 PF=1.1848 DD=10.0023%
2026-08-30T05:28:55+00:00 RUN_START id=OAFX1717 family=gj_boost_cash_risk_cap window=SCREEN_IS terminal=BT1 run=oafx_screen_is_oafx1717_20260830142855_c484dc
2026-08-30T05:28:57+00:00 RUN_HEARTBEAT terminal=BT1 pid=28596 elapsed=0s
2026-08-30T05:29:22+00:00 RUN_HEARTBEAT terminal=PROD pid=41092 elapsed=199s
2026-08-30T05:29:27+00:00 RUN_END id=OAFX1712 window=SCREEN_IS terminal=BT3 status=OK decision=SCREEN_OUT_SINGLE_SLEEVE elapsed=247.145s
2026-08-30T05:29:27+00:00 GATE_SKIP id=OAFX1712 window=IS reason=SINGLE_SLEEVE_INFERIOR decision=SCREEN_OUT_SINGLE_SLEEVE net=35637.0 PF=1.1848 DD=10.0023%
2026-08-30T05:29:27+00:00 RUN_START id=OAFX1718 family=gj_boost_cash_risk_cap window=SCREEN_IS terminal=BT3 run=oafx_screen_is_oafx1718_20260830142927_3e44b3
2026-08-30T05:29:29+00:00 RUN_HEARTBEAT terminal=BT3 pid=56552 elapsed=0s
2026-08-30T05:29:44+00:00 RUN_HEARTBEAT terminal=BT4 pid=14708 elapsed=129s
2026-08-30T05:29:55+00:00 RUN_HEARTBEAT terminal=BT2 pid=23964 elapsed=132s
2026-08-30T05:30:02+00:00 RUN_HEARTBEAT terminal=BT1 pid=28596 elapsed=65s
2026-08-30T05:30:12+00:00 RUN_END id=OAFX1714 window=SCREEN_IS terminal=PROD status=OK decision=SCREEN_OUT_SINGLE_SLEEVE elapsed=259.156s
2026-08-30T05:30:12+00:00 GATE_SKIP id=OAFX1714 window=IS reason=SINGLE_SLEEVE_INFERIOR decision=SCREEN_OUT_SINGLE_SLEEVE net=35637.0 PF=1.1848 DD=10.0023%
2026-08-30T05:30:12+00:00 RUN_START id=OAFX1719 family=gj_boost_cash_risk_cap window=SCREEN_IS terminal=PROD run=oafx_screen_is_oafx1719_20260830143012_101bd5
2026-08-30T05:30:14+00:00 RUN_HEARTBEAT terminal=PROD pid=49476 elapsed=0s
2026-08-30T05:30:32+00:00 RUN_END id=OAFX1715 window=SCREEN_IS terminal=BT4 status=OK decision=SCREEN_OUT_SINGLE_SLEEVE elapsed=180.243s
2026-08-30T05:30:32+00:00 GATE_SKIP id=OAFX1715 window=IS reason=SINGLE_SLEEVE_INFERIOR decision=SCREEN_OUT_SINGLE_SLEEVE net=35637.0 PF=1.1848 DD=10.0023%
2026-08-30T05:30:32+00:00 RUN_START id=OAFX1720 family=gj_boost_cash_risk_cap window=SCREEN_IS terminal=BT4 run=oafx_screen_is_oafx1720_20260830143032_efb326
2026-08-30T05:30:34+00:00 RUN_HEARTBEAT terminal=BT3 pid=56552 elapsed=65s
2026-08-30T05:30:35+00:00 RUN_HEARTBEAT terminal=BT4 pid=54152 elapsed=0s
2026-08-30T05:31:02+00:00 RUN_HEARTBEAT terminal=BT2 pid=23964 elapsed=199s
2026-08-30T05:31:08+00:00 RUN_HEARTBEAT terminal=BT1 pid=28596 elapsed=131s
2026-08-30T05:31:19+00:00 RUN_HEARTBEAT terminal=PROD pid=49476 elapsed=65s
2026-08-30T05:31:34+00:00 RUN_END id=OAFX1716 window=SCREEN_IS terminal=BT2 status=OK decision=SCREEN_OUT_SINGLE_SLEEVE elapsed=241.833s
2026-08-30T05:31:34+00:00 GATE_SKIP id=OAFX1716 window=IS reason=SINGLE_SLEEVE_INFERIOR decision=SCREEN_OUT_SINGLE_SLEEVE net=36221.0 PF=1.184 DD=9.8553%
2026-08-30T05:31:34+00:00 RUN_START id=OAFX1721 family=gj_boost_cash_risk_cap window=SCREEN_IS terminal=BT2 run=oafx_screen_is_oafx1721_20260830143134_73b723
2026-08-30T05:31:36+00:00 RUN_HEARTBEAT terminal=BT2 pid=19060 elapsed=0s
2026-08-30T05:31:41+00:00 RUN_HEARTBEAT terminal=BT4 pid=54152 elapsed=66s
2026-08-30T05:31:41+00:00 RUN_HEARTBEAT terminal=BT3 pid=56552 elapsed=131s
2026-08-30T05:32:15+00:00 RUN_HEARTBEAT terminal=BT1 pid=28596 elapsed=197s
2026-08-30T05:32:24+00:00 RUN_HEARTBEAT terminal=PROD pid=49476 elapsed=130s
2026-08-30T05:32:31+00:00 RUN_END id=OAFX1717 window=SCREEN_IS terminal=BT1 status=OK decision=SCREEN_OUT_SINGLE_SLEEVE elapsed=216.420s
2026-08-30T05:32:31+00:00 GATE_SKIP id=OAFX1717 window=IS reason=SINGLE_SLEEVE_INFERIOR decision=SCREEN_OUT_SINGLE_SLEEVE net=37839.0 PF=1.1915 DD=9.7239%
2026-08-30T05:32:31+00:00 RUN_START id=OAFX1722 family=gj_boost_cash_risk_cap window=SCREEN_IS terminal=BT1 run=oafx_screen_is_oafx1722_20260830143231_f8c011
2026-08-30T05:32:33+00:00 RUN_HEARTBEAT terminal=BT1 pid=55452 elapsed=0s
2026-08-30T05:32:41+00:00 RUN_HEARTBEAT terminal=BT2 pid=19060 elapsed=64s
2026-08-30T05:32:47+00:00 RUN_HEARTBEAT terminal=BT4 pid=54152 elapsed=132s
2026-08-30T05:32:47+00:00 RUN_HEARTBEAT terminal=BT3 pid=56552 elapsed=198s
2026-08-30T05:32:57+00:00 WAIT_MT5_IDLE terminal=PROD elapsed=2s pids=[57204]
2026-08-30T05:33:20+00:00 RUN_END id=OAFX1718 window=SCREEN_IS terminal=BT3 status=OK decision=SCREEN_OUT_SINGLE_SLEEVE elapsed=233.374s
2026-08-30T05:33:20+00:00 GATE_SKIP id=OAFX1718 window=IS reason=SINGLE_SLEEVE_INFERIOR decision=SCREEN_OUT_SINGLE_SLEEVE net=37839.0 PF=1.1915 DD=9.7239%
2026-08-30T05:33:20+00:00 RUN_START id=OAFX1723 family=gj_boost_cash_risk_cap window=SCREEN_IS terminal=BT3 run=oafx_screen_is_oafx1723_20260830143320_7bbcca
2026-08-30T05:33:22+00:00 RUN_HEARTBEAT terminal=BT3 pid=14740 elapsed=0s
2026-08-30T05:33:37+00:00 RUN_HEARTBEAT terminal=BT1 pid=55452 elapsed=64s
2026-08-30T05:33:46+00:00 RUN_HEARTBEAT terminal=BT2 pid=19060 elapsed=129s
2026-08-30T05:33:53+00:00 RUN_HEARTBEAT terminal=BT4 pid=54152 elapsed=198s
2026-08-30T05:34:02+00:00 WAIT_MT5_IDLE terminal=PROD elapsed=67s pids=[57204]
2026-08-30T05:34:26+00:00 RUN_END id=OAFX1720 window=SCREEN_IS terminal=BT4 status=OK decision=SCREEN_OUT_SINGLE_SLEEVE elapsed=233.548s
2026-08-30T05:34:26+00:00 GATE_SKIP id=OAFX1720 window=IS reason=SINGLE_SLEEVE_INFERIOR decision=SCREEN_OUT_SINGLE_SLEEVE net=37839.0 PF=1.1915 DD=9.7239%
2026-08-30T05:34:26+00:00 RUN_START id=OAFX1724 family=gj_boost_cash_risk_cap window=SCREEN_IS terminal=BT4 run=oafx_screen_is_oafx1724_20260830143426_8ea764
2026-08-30T05:34:26+00:00 RUN_HEARTBEAT terminal=BT3 pid=14740 elapsed=64s
2026-08-30T05:34:28+00:00 RUN_HEARTBEAT terminal=BT4 pid=43252 elapsed=0s
2026-08-30T05:34:42+00:00 RUN_HEARTBEAT terminal=BT1 pid=55452 elapsed=129s
2026-08-30T05:34:52+00:00 RUN_HEARTBEAT terminal=BT2 pid=19060 elapsed=195s
2026-08-30T05:35:09+00:00 WAIT_MT5_IDLE terminal=PROD elapsed=134s pids=[57204]
2026-08-30T05:35:25+00:00 RUN_END id=OAFX1721 window=SCREEN_IS terminal=BT2 status=OK decision=SCREEN_OUT_SINGLE_SLEEVE elapsed=230.969s
2026-08-30T05:35:25+00:00 GATE_SKIP id=OAFX1721 window=IS reason=SINGLE_SLEEVE_INFERIOR decision=SCREEN_OUT_SINGLE_SLEEVE net=38768.0 PF=1.1882 DD=11.1015%
2026-08-30T05:35:25+00:00 RUN_START id=OAFX1725 family=gj_boost_cash_risk_cap window=SCREEN_IS terminal=BT2 run=oafx_screen_is_oafx1725_20260830143525_b59ffe
2026-08-30T05:35:27+00:00 RUN_HEARTBEAT terminal=BT2 pid=56092 elapsed=0s
2026-08-30T05:35:31+00:00 RUN_HEARTBEAT terminal=BT3 pid=14740 elapsed=129s
2026-08-30T05:35:32+00:00 RUN_HEARTBEAT terminal=BT4 pid=43252 elapsed=64s
2026-08-30T05:35:47+00:00 RUN_HEARTBEAT terminal=BT1 pid=55452 elapsed=195s
2026-08-30T05:36:04+00:00 RUN_END id=OAFX1722 window=SCREEN_IS terminal=BT1 status=OK decision=SCREEN_OUT_SINGLE_SLEEVE elapsed=212.627s
2026-08-30T05:36:04+00:00 GATE_SKIP id=OAFX1722 window=IS reason=SINGLE_SLEEVE_INFERIOR decision=SCREEN_OUT_SINGLE_SLEEVE net=39969.0 PF=1.1903 DD=11.3943%
2026-08-30T05:36:04+00:00 RUN_START id=OAFX1726 family=gj_boost_cash_risk_cap window=SCREEN_IS terminal=BT1 run=oafx_screen_is_oafx1726_20260830143604_24cf12
2026-08-30T05:36:06+00:00 RUN_HEARTBEAT terminal=BT1 pid=12116 elapsed=0s
2026-08-30T05:36:13+00:00 WAIT_MT5_IDLE terminal=PROD elapsed=198s pids=[57204]
2026-08-30T05:36:31+00:00 RUN_HEARTBEAT terminal=BT2 pid=56092 elapsed=64s
2026-08-30T05:36:36+00:00 RUN_HEARTBEAT terminal=BT3 pid=14740 elapsed=193s
2026-08-30T05:36:36+00:00 RUN_HEARTBEAT terminal=BT4 pid=43252 elapsed=128s
2026-08-30T05:37:08+00:00 RUN_END id=OAFX1723 window=SCREEN_IS terminal=BT3 status=OK decision=SCREEN_OUT_SINGLE_SLEEVE elapsed=227.355s
2026-08-30T05:37:08+00:00 GATE_SKIP id=OAFX1723 window=IS reason=SINGLE_SLEEVE_INFERIOR decision=SCREEN_OUT_SINGLE_SLEEVE net=40697.0 PF=1.1938 DD=11.3291%
2026-08-30T05:37:08+00:00 RUN_START id=OAFX1727 family=gj_boost_cash_risk_cap window=SCREEN_IS terminal=BT3 run=oafx_screen_is_oafx1727_20260830143708_31585d
2026-08-30T05:37:10+00:00 RUN_HEARTBEAT terminal=BT1 pid=12116 elapsed=64s
2026-08-30T05:37:10+00:00 RUN_HEARTBEAT terminal=BT3 pid=19384 elapsed=0s
2026-08-30T05:37:18+00:00 WAIT_MT5_IDLE terminal=PROD elapsed=263s pids=[57204]
2026-08-30T05:37:35+00:00 RUN_HEARTBEAT terminal=BT2 pid=56092 elapsed=128s
2026-08-30T05:37:41+00:00 RUN_HEARTBEAT terminal=BT4 pid=43252 elapsed=192s
2026-08-30T05:38:08+00:00 KILL_ORPHAN_TESTER terminal=PROD pids=[57204] orphan_seconds=311
2026-08-30T05:38:14+00:00 RUN_END id=OAFX1724 window=SCREEN_IS terminal=BT4 status=OK decision=SCREEN_OUT_SINGLE_SLEEVE elapsed=227.662s
2026-08-30T05:38:14+00:00 GATE_SKIP id=OAFX1724 window=IS reason=SINGLE_SLEEVE_INFERIOR decision=SCREEN_OUT_SINGLE_SLEEVE net=40697.0 PF=1.1938 DD=11.3291%
2026-08-30T05:38:14+00:00 RUN_START id=OAFX1728 family=gj_boost_cash_risk_cap window=SCREEN_IS terminal=BT4 run=oafx_screen_is_oafx1728_20260830143814_3de9c7
2026-08-30T05:38:14+00:00 RUN_HEARTBEAT terminal=BT1 pid=12116 elapsed=129s
2026-08-30T05:38:14+00:00 RUN_HEARTBEAT terminal=BT3 pid=19384 elapsed=65s
2026-08-30T05:38:16+00:00 RUN_HEARTBEAT terminal=BT4 pid=48376 elapsed=0s
2026-08-30T05:38:24+00:00 RUN_END id=OAFX1719 window=SCREEN_IS terminal=PROD status=OK decision=SCREEN_OUT_SINGLE_SLEEVE elapsed=492.178s
2026-08-30T05:38:24+00:00 GATE_SKIP id=OAFX1719 window=IS reason=SINGLE_SLEEVE_INFERIOR decision=SCREEN_OUT_SINGLE_SLEEVE net=37839.0 PF=1.1915 DD=9.7239%
2026-08-30T05:38:24+00:00 RUN_START id=OAFX1729 family=gj_boost_cash_risk_cap window=SCREEN_IS terminal=PROD run=oafx_screen_is_oafx1729_20260830143824_f8c580
2026-08-30T05:38:26+00:00 RUN_HEARTBEAT terminal=PROD pid=23068 elapsed=0s
2026-08-30T05:38:41+00:00 RUN_HEARTBEAT terminal=BT2 pid=56092 elapsed=193s
2026-08-30T05:39:20+00:00 RUN_HEARTBEAT terminal=BT3 pid=19384 elapsed=131s
2026-08-30T05:39:20+00:00 RUN_HEARTBEAT terminal=BT1 pid=12116 elapsed=195s
2026-08-30T05:39:20+00:00 RUN_HEARTBEAT terminal=BT4 pid=48376 elapsed=65s
2026-08-30T05:39:29+00:00 RUN_END id=OAFX1725 window=SCREEN_IS terminal=BT2 status=OK decision=SCREEN_OUT_SINGLE_SLEEVE elapsed=244.260s
2026-08-30T05:39:29+00:00 GATE_SKIP id=OAFX1725 window=IS reason=SINGLE_SLEEVE_INFERIOR decision=SCREEN_OUT_SINGLE_SLEEVE net=40697.0 PF=1.1938 DD=11.3291%
2026-08-30T05:39:29+00:00 RUN_START id=OAFX1730 family=gj_boost_cash_risk_cap window=SCREEN_IS terminal=BT2 run=oafx_screen_is_oafx1730_20260830143929_f899fc
2026-08-30T05:39:31+00:00 RUN_HEARTBEAT terminal=BT2 pid=55136 elapsed=0s
2026-08-30T05:39:31+00:00 RUN_HEARTBEAT terminal=PROD pid=23068 elapsed=65s
2026-08-30T05:39:37+00:00 RUN_END id=OAFX1726 window=SCREEN_IS terminal=BT1 status=OK decision=SCREEN_OUT_SINGLE_SLEEVE elapsed=213.002s
2026-08-30T05:39:37+00:00 GATE_SKIP id=OAFX1726 window=IS reason=SINGLE_SLEEVE_INFERIOR decision=SCREEN_OUT_SINGLE_SLEEVE net=44769.0 PF=1.2121 DD=10.8251%
2026-08-30T05:39:37+00:00 RUN_START id=OAFX1731 family=gj_boost_cash_risk_cap window=SCREEN_IS terminal=BT1 run=oafx_screen_is_oafx1731_20260830143937_bfed4e
2026-08-30T05:39:38+00:00 WAIT_LAUNCH_SLOT terminal=BT1 seconds=0.5
2026-08-30T05:39:39+00:00 RUN_HEARTBEAT terminal=BT1 pid=38672 elapsed=0s
2026-08-30T05:40:28+00:00 RUN_HEARTBEAT terminal=BT3 pid=19384 elapsed=198s
2026-08-30T05:40:28+00:00 RUN_HEARTBEAT terminal=BT4 pid=48376 elapsed=132s
2026-08-30T05:40:37+00:00 RUN_HEARTBEAT terminal=BT2 pid=55136 elapsed=65s
2026-08-30T05:40:37+00:00 RUN_HEARTBEAT terminal=PROD pid=23068 elapsed=130s
2026-08-30T05:40:44+00:00 RUN_END id=OAFX1727 window=SCREEN_IS terminal=BT3 status=OK decision=SCREEN_OUT_SINGLE_SLEEVE elapsed=216.482s
2026-08-30T05:40:44+00:00 GATE_SKIP id=OAFX1727 window=IS reason=SINGLE_SLEEVE_INFERIOR decision=SCREEN_OUT_SINGLE_SLEEVE net=46998.0 PF=1.2159 DD=11.1284%
2026-08-30T05:40:44+00:00 RUN_START id=OAFX1732 family=gj_boost_cash_risk_cap window=SCREEN_IS terminal=BT3 run=oafx_screen_is_oafx1732_20260830144044_0478dc
2026-08-30T05:40:46+00:00 RUN_HEARTBEAT terminal=BT1 pid=38672 elapsed=66s
2026-08-30T05:40:46+00:00 RUN_HEARTBEAT terminal=BT3 pid=41168 elapsed=0s
2026-08-30T05:41:33+00:00 RUN_HEARTBEAT terminal=BT4 pid=48376 elapsed=197s
2026-08-30T05:41:43+00:00 RUN_HEARTBEAT terminal=BT2 pid=55136 elapsed=131s
2026-08-30T05:41:43+00:00 RUN_HEARTBEAT terminal=PROD pid=23068 elapsed=196s
2026-08-30T05:41:49+00:00 RUN_END id=OAFX1728 window=SCREEN_IS terminal=BT4 status=OK decision=SCREEN_OUT_SINGLE_SLEEVE elapsed=215.581s
2026-08-30T05:41:49+00:00 GATE_SKIP id=OAFX1728 window=IS reason=SINGLE_SLEEVE_INFERIOR decision=SCREEN_OUT_SINGLE_SLEEVE net=48194.0 PF=1.2202 DD=10.7455%
2026-08-30T05:41:49+00:00 RUN_START id=OAFX1733 family=gj_boost_cash_risk_cap window=SCREEN_IS terminal=BT4 run=oafx_screen_is_oafx1733_20260830144149_647457
2026-08-30T05:41:50+00:00 RUN_HEARTBEAT terminal=BT1 pid=38672 elapsed=131s
2026-08-30T05:41:51+00:00 RUN_HEARTBEAT terminal=BT3 pid=41168 elapsed=65s
2026-08-30T05:41:52+00:00 RUN_HEARTBEAT terminal=BT4 pid=6608 elapsed=0s
2026-08-30T05:42:33+00:00 RUN_END id=OAFX1729 window=SCREEN_IS terminal=PROD status=OK decision=SCREEN_OUT_SINGLE_SLEEVE elapsed=248.674s
2026-08-30T05:42:33+00:00 GATE_SKIP id=OAFX1729 window=IS reason=SINGLE_SLEEVE_INFERIOR decision=SCREEN_OUT_SINGLE_SLEEVE net=48446.0 PF=1.2214 DD=10.7255%
2026-08-30T05:42:33+00:00 RUN_START id=OAFX1734 family=gj_boost_cash_risk_cap window=SCREEN_IS terminal=PROD run=oafx_screen_is_oafx1734_20260830144233_637cc2
2026-08-30T05:42:35+00:00 RUN_HEARTBEAT terminal=PROD pid=14324 elapsed=0s
2026-08-30T05:42:49+00:00 RUN_END id=OAFX1730 window=SCREEN_IS terminal=BT2 status=OK decision=SCREEN_OUT_SINGLE_SLEEVE elapsed=199.488s
2026-08-30T05:42:49+00:00 GATE_SKIP id=OAFX1730 window=IS reason=SINGLE_SLEEVE_INFERIOR decision=SCREEN_OUT_SINGLE_SLEEVE net=48446.0 PF=1.2214 DD=10.7255%
2026-08-30T05:42:49+00:00 RUN_START id=OAFX1735 family=gj_boost_cash_risk_cap window=SCREEN_IS terminal=BT2 run=oafx_screen_is_oafx1735_20260830144249_cf7770
2026-08-30T05:42:51+00:00 RUN_HEARTBEAT terminal=BT2 pid=49040 elapsed=0s
2026-08-30T05:42:56+00:00 RUN_HEARTBEAT terminal=BT1 pid=38672 elapsed=196s
2026-08-30T05:42:56+00:00 RUN_HEARTBEAT terminal=BT3 pid=41168 elapsed=130s
2026-08-30T05:42:57+00:00 RUN_HEARTBEAT terminal=BT4 pid=6608 elapsed=65s
2026-08-30T05:43:41+00:00 RUN_HEARTBEAT terminal=PROD pid=14324 elapsed=66s
2026-08-30T05:43:45+00:00 RUN_END id=OAFX1731 window=SCREEN_IS terminal=BT1 status=OK decision=SCREEN_OUT_SINGLE_SLEEVE elapsed=248.425s
2026-08-30T05:43:45+00:00 GATE_SKIP id=OAFX1731 window=IS reason=SINGLE_SLEEVE_INFERIOR decision=SCREEN_OUT_SINGLE_SLEEVE net=43384.0 PF=1.2013 DD=12.2286%
2026-08-30T05:43:45+00:00 RUN_START id=OAFX1736 family=gj_boost_cash_risk_cap window=SCREEN_IS terminal=BT1 run=oafx_screen_is_oafx1736_20260830144345_b485a8
2026-08-30T05:43:47+00:00 RUN_HEARTBEAT terminal=BT1 pid=48064 elapsed=0s
2026-08-30T05:43:57+00:00 RUN_HEARTBEAT terminal=BT2 pid=49040 elapsed=66s
2026-08-30T05:44:02+00:00 RUN_HEARTBEAT terminal=BT3 pid=41168 elapsed=195s
2026-08-30T05:44:02+00:00 RUN_HEARTBEAT terminal=BT4 pid=6608 elapsed=130s
2026-08-30T05:44:18+00:00 RUN_END id=OAFX1732 window=SCREEN_IS terminal=BT3 status=OK decision=SCREEN_OUT_SINGLE_SLEEVE elapsed=213.560s
2026-08-30T05:44:18+00:00 GATE_SKIP id=OAFX1732 window=IS reason=SINGLE_SLEEVE_INFERIOR decision=SCREEN_OUT_SINGLE_SLEEVE net=48172.0 PF=1.2135 DD=13.1756%
2026-08-30T05:44:18+00:00 RUN_START id=OAFX1737 family=gj_boost_cash_risk_cap window=SCREEN_IS terminal=BT3 run=oafx_screen_is_oafx1737_20260830144418_818fda
2026-08-30T05:44:20+00:00 RUN_HEARTBEAT terminal=BT3 pid=32416 elapsed=0s
2026-08-30T05:44:46+00:00 RUN_HEARTBEAT terminal=PROD pid=14324 elapsed=131s
2026-08-30T05:44:51+00:00 RUN_HEARTBEAT terminal=BT1 pid=48064 elapsed=64s
2026-08-30T05:45:03+00:00 RUN_HEARTBEAT terminal=BT2 pid=49040 elapsed=131s
2026-08-30T05:45:07+00:00 RUN_HEARTBEAT terminal=BT4 pid=6608 elapsed=195s
2026-08-30T05:45:24+00:00 RUN_HEARTBEAT terminal=BT3 pid=32416 elapsed=64s
2026-08-30T05:45:54+00:00 RUN_END id=OAFX1734 window=SCREEN_IS terminal=PROD status=OK decision=SCREEN_OUT_SINGLE_SLEEVE elapsed=201.102s
2026-08-30T05:45:54+00:00 GATE_SKIP id=OAFX1734 window=IS reason=SINGLE_SLEEVE_INFERIOR decision=SCREEN_OUT_SINGLE_SLEEVE net=50204.0 PF=1.2179 DD=13.2378%
2026-08-30T05:45:54+00:00 RUN_START id=OAFX1738 family=gj_boost_cash_risk_cap window=SCREEN_IS terminal=PROD run=oafx_screen_is_oafx1738_20260830144554_fa1859
2026-08-30T05:45:55+00:00 RUN_END id=OAFX1733 window=SCREEN_IS terminal=BT4 status=OK decision=SCREEN_OUT_SINGLE_SLEEVE elapsed=245.724s
2026-08-30T05:45:55+00:00 GATE_SKIP id=OAFX1733 window=IS reason=SINGLE_SLEEVE_INFERIOR decision=SCREEN_OUT_SINGLE_SLEEVE net=49373.0 PF=1.215 DD=13.424%
2026-08-30T05:45:55+00:00 RUN_START id=OAFX1739 family=gj_boost_cash_risk_cap window=SCREEN_IS terminal=BT4 run=oafx_screen_is_oafx1739_20260830144555_1cbf2c
2026-08-30T05:45:56+00:00 RUN_HEARTBEAT terminal=BT1 pid=48064 elapsed=129s
2026-08-30T05:45:56+00:00 WAIT_LAUNCH_SLOT terminal=BT4 seconds=6.8
2026-08-30T05:45:56+00:00 RUN_HEARTBEAT terminal=PROD pid=32988 elapsed=0s
2026-08-30T05:46:04+00:00 RUN_HEARTBEAT terminal=BT4 pid=46456 elapsed=0s
2026-08-30T05:46:10+00:00 RUN_HEARTBEAT terminal=BT2 pid=49040 elapsed=199s
2026-08-30T05:46:30+00:00 RUN_HEARTBEAT terminal=BT3 pid=32416 elapsed=129s
2026-08-30T05:47:00+00:00 RUN_END id=OAFX1735 window=SCREEN_IS terminal=BT2 status=OK decision=SCREEN_OUT_SINGLE_SLEEVE elapsed=251.260s
2026-08-30T05:47:00+00:00 GATE_SKIP id=OAFX1735 window=IS reason=SINGLE_SLEEVE_INFERIOR decision=SCREEN_OUT_SINGLE_SLEEVE net=50204.0 PF=1.2179 DD=13.2378%
2026-08-30T05:47:00+00:00 RUN_START id=OAFX1740 family=gj_boost_cash_risk_cap window=SCREEN_IS terminal=BT2 run=oafx_screen_is_oafx1740_20260830144700_33cbbe
2026-08-30T05:47:03+00:00 RUN_HEARTBEAT terminal=BT2 pid=57324 elapsed=0s
2026-08-30T05:47:03+00:00 RUN_HEARTBEAT terminal=PROD pid=32988 elapsed=66s
2026-08-30T05:47:03+00:00 RUN_HEARTBEAT terminal=BT1 pid=48064 elapsed=195s
2026-08-30T05:47:10+00:00 RUN_HEARTBEAT terminal=BT4 pid=46456 elapsed=65s
2026-08-30T05:47:37+00:00 RUN_HEARTBEAT terminal=BT3 pid=32416 elapsed=196s
2026-08-30T05:47:53+00:00 RUN_END id=OAFX1736 window=SCREEN_IS terminal=BT1 status=OK decision=SCREEN_OUT_SINGLE_SLEEVE elapsed=248.073s
2026-08-30T05:47:53+00:00 GATE_SKIP id=OAFX1736 window=IS reason=SINGLE_SLEEVE_INFERIOR decision=SCREEN_OUT_SINGLE_SLEEVE net=44233.0 PF=1.2018 DD=13.3971%
2026-08-30T05:47:53+00:00 RUN_START id=OAFX1741 family=gj_boost_cash_risk_cap window=SCREEN_IS terminal=BT1 run=oafx_screen_is_oafx1741_20260830144753_e338e0
2026-08-30T05:47:55+00:00 RUN_HEARTBEAT terminal=BT1 pid=24948 elapsed=0s
2026-08-30T05:48:10+00:00 RUN_HEARTBEAT terminal=BT2 pid=57324 elapsed=67s
2026-08-30T05:48:10+00:00 RUN_HEARTBEAT terminal=PROD pid=32988 elapsed=133s
2026-08-30T05:48:15+00:00 RUN_HEARTBEAT terminal=BT4 pid=46456 elapsed=131s
2026-08-30T05:48:27+00:00 WAIT_MT5_IDLE terminal=PROD elapsed=2s pids=[42500]
2026-08-30T05:48:27+00:00 RUN_END id=OAFX1737 window=SCREEN_IS terminal=BT3 status=OK decision=SCREEN_OUT_SINGLE_SLEEVE elapsed=248.939s
2026-08-30T05:48:27+00:00 GATE_SKIP id=OAFX1737 window=IS reason=SINGLE_SLEEVE_INFERIOR decision=SCREEN_OUT_SINGLE_SLEEVE net=48565.0 PF=1.2055 DD=15.6399%
2026-08-30T05:48:27+00:00 RUN_START id=OAFX1742 family=gj_boost_cash_risk_cap window=SCREEN_IS terminal=BT3 run=oafx_screen_is_oafx1742_20260830144827_4734af
2026-08-30T05:48:29+00:00 RUN_HEARTBEAT terminal=BT3 pid=31656 elapsed=0s
2026-08-30T05:49:00+00:00 RUN_HEARTBEAT terminal=BT1 pid=24948 elapsed=64s
2026-08-30T05:49:17+00:00 RUN_HEARTBEAT terminal=BT2 pid=57324 elapsed=134s
2026-08-30T05:49:19+00:00 RUN_HEARTBEAT terminal=BT4 pid=46456 elapsed=195s
2026-08-30T05:49:33+00:00 WAIT_MT5_IDLE terminal=PROD elapsed=68s pids=[42500]
2026-08-30T05:49:33+00:00 RUN_HEARTBEAT terminal=BT3 pid=31656 elapsed=64s
2026-08-30T05:49:35+00:00 RUN_END id=OAFX1739 window=SCREEN_IS terminal=BT4 status=OK decision=SCREEN_OUT_SINGLE_SLEEVE elapsed=219.762s
2026-08-30T05:49:35+00:00 GATE_SKIP id=OAFX1739 window=IS reason=SINGLE_SLEEVE_INFERIOR decision=SCREEN_OUT_SINGLE_SLEEVE net=53375.0 PF=1.2192 DD=15.6293%
2026-08-30T05:49:35+00:00 RUN_START id=OAFX1743 family=gj_boost_cash_risk_cap window=SCREEN_IS terminal=BT4 run=oafx_screen_is_oafx1743_20260830144935_79f226
2026-08-30T05:49:37+00:00 RUN_HEARTBEAT terminal=BT4 pid=47492 elapsed=0s
2026-08-30T05:50:07+00:00 RUN_HEARTBEAT terminal=BT1 pid=24948 elapsed=131s
2026-08-30T05:50:24+00:00 RUN_HEARTBEAT terminal=BT2 pid=57324 elapsed=201s
2026-08-30T05:50:40+00:00 RUN_HEARTBEAT terminal=BT3 pid=31656 elapsed=131s
2026-08-30T05:50:40+00:00 WAIT_MT5_IDLE terminal=PROD elapsed=136s pids=[42500]
2026-08-30T05:50:41+00:00 RUN_HEARTBEAT terminal=BT4 pid=47492 elapsed=64s
2026-08-30T05:50:57+00:00 RUN_END id=OAFX1740 window=SCREEN_IS terminal=BT2 status=OK decision=SCREEN_OUT_SINGLE_SLEEVE elapsed=236.729s
2026-08-30T05:50:57+00:00 GATE_SKIP id=OAFX1740 window=IS reason=SINGLE_SLEEVE_INFERIOR decision=SCREEN_OUT_SINGLE_SLEEVE net=54103.0 PF=1.2222 DD=15.5524%
2026-08-30T05:50:57+00:00 RUN_START id=OAFX1744 family=gj_boost_cash_risk_cap window=SCREEN_IS terminal=BT2 run=oafx_screen_is_oafx1744_20260830145057_5d52bf
2026-08-30T05:50:59+00:00 RUN_HEARTBEAT terminal=BT2 pid=48700 elapsed=0s
2026-08-30T05:51:13+00:00 RUN_HEARTBEAT terminal=BT1 pid=24948 elapsed=198s
2026-08-30T05:51:47+00:00 RUN_HEARTBEAT terminal=BT4 pid=47492 elapsed=130s
2026-08-30T05:51:47+00:00 RUN_HEARTBEAT terminal=BT3 pid=31656 elapsed=198s
2026-08-30T05:51:47+00:00 WAIT_MT5_IDLE terminal=PROD elapsed=202s pids=[42500]
2026-08-30T05:51:47+00:00 RUN_END id=OAFX1741 window=SCREEN_IS terminal=BT1 status=OK decision=SCREEN_OUT_SINGLE_SLEEVE elapsed=233.518s
2026-08-30T05:51:47+00:00 GATE_SKIP id=OAFX1741 window=IS reason=SINGLE_SLEEVE_INFERIOR decision=SCREEN_OUT_SINGLE_SLEEVE net=44954.0 PF=1.2033 DD=12.6744%
2026-08-30T05:51:47+00:00 RUN_START id=OAFX1745 family=gj_boost_cash_risk_cap window=SCREEN_IS terminal=BT1 run=oafx_screen_is_oafx1745_20260830145147_e63de0
2026-08-30T05:51:49+00:00 RUN_HEARTBEAT terminal=BT1 pid=47744 elapsed=0s
2026-08-30T05:52:03+00:00 RUN_HEARTBEAT terminal=BT2 pid=48700 elapsed=64s
2026-08-30T05:52:20+00:00 RUN_END id=OAFX1742 window=SCREEN_IS terminal=BT3 status=OK decision=SCREEN_OUT_SINGLE_SLEEVE elapsed=233.185s
2026-08-30T05:52:20+00:00 GATE_SKIP id=OAFX1742 window=IS reason=SINGLE_SLEEVE_INFERIOR decision=SCREEN_OUT_SINGLE_SLEEVE net=53222.0 PF=1.2199 DD=14.7349%
2026-08-30T05:52:20+00:00 RUN_START id=OAFX1746 family=gj_boost_cash_risk_cap window=SCREEN_IS terminal=BT3 run=oafx_screen_is_oafx1746_20260830145220_599d2b
2026-08-30T05:52:22+00:00 RUN_HEARTBEAT terminal=BT3 pid=44588 elapsed=0s
2026-08-30T05:52:53+00:00 RUN_HEARTBEAT terminal=BT1 pid=47744 elapsed=64s
2026-08-30T05:52:53+00:00 WAIT_MT5_IDLE terminal=PROD elapsed=268s pids=[42500]
2026-08-30T05:52:53+00:00 RUN_END id=OAFX1743 window=SCREEN_IS terminal=BT4 status=OK decision=SCREEN_OUT_SINGLE_SLEEVE elapsed=198.376s
2026-08-30T05:52:53+00:00 GATE_SKIP id=OAFX1743 window=IS reason=SINGLE_SLEEVE_INFERIOR decision=SCREEN_OUT_SINGLE_SLEEVE net=55007.0 PF=1.22 DD=15.6148%
2026-08-30T05:52:53+00:00 RUN_START id=OAFX1747 family=gj_boost_cash_risk_cap window=SCREEN_IS terminal=BT4 run=oafx_screen_is_oafx1747_20260830145253_cb0800
2026-08-30T05:52:55+00:00 RUN_HEARTBEAT terminal=BT4 pid=48368 elapsed=0s
2026-08-30T05:53:10+00:00 RUN_HEARTBEAT terminal=BT2 pid=48700 elapsed=130s
2026-08-30T05:53:28+00:00 RUN_HEARTBEAT terminal=BT3 pid=44588 elapsed=64s
2026-08-30T05:53:28+00:00 KILL_ORPHAN_TESTER terminal=PROD pids=[42500] orphan_seconds=301
2026-08-30T05:53:44+00:00 RUN_END id=OAFX1738 window=SCREEN_IS terminal=PROD status=OK decision=SCREEN_OUT_SINGLE_SLEEVE elapsed=470.514s
2026-08-30T05:53:44+00:00 GATE_SKIP id=OAFX1738 window=IS reason=SINGLE_SLEEVE_INFERIOR decision=SCREEN_OUT_SINGLE_SLEEVE net=51295.0 PF=1.2117 DD=16.0189%
2026-08-30T05:53:44+00:00 RUN_START id=OAFX1748 family=gj_boost_cash_risk_cap window=SCREEN_IS terminal=PROD run=oafx_screen_is_oafx1748_20260830145344_3bfa41
2026-08-30T05:53:47+00:00 RUN_HEARTBEAT terminal=PROD pid=47456 elapsed=0s
2026-08-30T05:54:01+00:00 RUN_HEARTBEAT terminal=BT4 pid=48368 elapsed=65s
2026-08-30T05:54:01+00:00 RUN_HEARTBEAT terminal=BT1 pid=47744 elapsed=132s
2026-08-30T05:54:18+00:00 RUN_END id=OAFX1744 window=SCREEN_IS terminal=BT2 status=OK decision=SCREEN_OUT_SINGLE_SLEEVE elapsed=200.779s
2026-08-30T05:54:18+00:00 GATE_SKIP id=OAFX1744 window=IS reason=SINGLE_SLEEVE_INFERIOR decision=SCREEN_OUT_SINGLE_SLEEVE net=56208.0 PF=1.2212 DD=15.8246%
2026-08-30T05:54:18+00:00 RUN_START id=OAFX1749 family=gj_boost_cash_risk_cap window=SCREEN_IS terminal=BT2 run=oafx_screen_is_oafx1749_20260830145418_753ca0
2026-08-30T05:54:20+00:00 RUN_HEARTBEAT terminal=BT2 pid=23832 elapsed=0s
2026-08-30T05:54:35+00:00 RUN_HEARTBEAT terminal=BT3 pid=44588 elapsed=132s
2026-08-30T05:54:52+00:00 RUN_HEARTBEAT terminal=PROD pid=47456 elapsed=65s
2026-08-30T05:55:09+00:00 RUN_HEARTBEAT terminal=BT4 pid=48368 elapsed=132s
2026-08-30T05:55:09+00:00 RUN_HEARTBEAT terminal=BT1 pid=47744 elapsed=199s
2026-08-30T05:55:25+00:00 RUN_HEARTBEAT terminal=BT2 pid=23832 elapsed=65s
2026-08-30T05:55:25+00:00 RUN_END id=OAFX1745 window=SCREEN_IS terminal=BT1 status=OK decision=SCREEN_OUT_SINGLE_SLEEVE elapsed=218.534s
2026-08-30T05:55:25+00:00 GATE_SKIP id=OAFX1745 window=IS reason=SINGLE_SLEEVE_INFERIOR decision=SCREEN_OUT_SINGLE_SLEEVE net=57826.0 PF=1.2269 DD=15.4058%
2026-08-30T05:55:25+00:00 RUN_START id=OAFX1750 family=gj_boost_cash_risk_cap window=SCREEN_IS terminal=BT1 run=oafx_screen_is_oafx1750_20260830145525_e28cdb
2026-08-30T05:55:27+00:00 RUN_HEARTBEAT terminal=BT1 pid=44404 elapsed=0s
2026-08-30T05:55:43+00:00 RUN_HEARTBEAT terminal=BT3 pid=44588 elapsed=199s
2026-08-30T05:55:59+00:00 RUN_HEARTBEAT terminal=PROD pid=47456 elapsed=132s
2026-08-30T05:56:16+00:00 RUN_HEARTBEAT terminal=BT4 pid=48368 elapsed=200s
2026-08-30T05:56:16+00:00 RUN_END id=OAFX1746 window=SCREEN_IS terminal=BT3 status=OK decision=SCREEN_OUT_SINGLE_SLEEVE elapsed=236.278s
2026-08-30T05:56:16+00:00 GATE_SKIP id=OAFX1746 window=IS reason=SINGLE_SLEEVE_INFERIOR decision=SCREEN_OUT_SINGLE_SLEEVE net=43204.0 PF=1.1926 DD=13.022%
2026-08-30T05:56:16+00:00 RUN_START id=OAFX1751 family=gj_boost_cash_risk_cap window=SCREEN_IS terminal=BT3 run=oafx_screen_is_oafx1751_20260830145616_87ba5c
2026-08-30T05:56:18+00:00 RUN_HEARTBEAT terminal=BT3 pid=52644 elapsed=0s
2026-08-30T05:56:32+00:00 RUN_HEARTBEAT terminal=BT2 pid=23832 elapsed=132s
2026-08-30T05:56:32+00:00 RUN_HEARTBEAT terminal=BT1 pid=44404 elapsed=65s
2026-08-30T05:56:32+00:00 RUN_END id=OAFX1747 window=SCREEN_IS terminal=BT4 status=OK decision=SCREEN_OUT_SINGLE_SLEEVE elapsed=219.366s
2026-08-30T05:56:32+00:00 GATE_SKIP id=OAFX1747 window=IS reason=SINGLE_SLEEVE_INFERIOR decision=SCREEN_OUT_SINGLE_SLEEVE net=53842.0 PF=1.217 DD=14.8552%
2026-08-30T05:56:32+00:00 RUN_START id=OAFX1752 family=gj_boost_cash_risk_cap window=SCREEN_IS terminal=BT4 run=oafx_screen_is_oafx1752_20260830145632_70cd4d
2026-08-30T05:56:35+00:00 RUN_HEARTBEAT terminal=BT4 pid=51076 elapsed=0s
2026-08-30T05:57:07+00:00 RUN_HEARTBEAT terminal=PROD pid=47456 elapsed=199s
2026-08-30T05:57:24+00:00 RUN_HEARTBEAT terminal=BT3 pid=52644 elapsed=65s
2026-08-30T05:57:41+00:00 RUN_HEARTBEAT terminal=BT2 pid=23832 elapsed=200s
2026-08-30T05:57:41+00:00 RUN_HEARTBEAT terminal=BT1 pid=44404 elapsed=133s
2026-08-30T05:57:41+00:00 RUN_HEARTBEAT terminal=BT4 pid=51076 elapsed=65s
2026-08-30T05:57:58+00:00 RUN_END id=OAFX1749 window=SCREEN_IS terminal=BT2 status=OK decision=SCREEN_OUT_SINGLE_SLEEVE elapsed=220.292s
2026-08-30T05:57:58+00:00 GATE_SKIP id=OAFX1749 window=IS reason=SINGLE_SLEEVE_INFERIOR decision=SCREEN_OUT_SINGLE_SLEEVE net=59822.0 PF=1.2255 DD=16.1099%
2026-08-30T05:57:58+00:00 RUN_END id=OAFX1748 window=SCREEN_IS terminal=PROD status=OK decision=SCREEN_OUT_SINGLE_SLEEVE elapsed=253.491s
2026-08-30T05:57:58+00:00 GATE_SKIP id=OAFX1748 window=IS reason=SINGLE_SLEEVE_INFERIOR decision=SCREEN_OUT_SINGLE_SLEEVE net=58570.0 PF=1.2259 DD=15.6434%
2026-08-30T05:57:58+00:00 RUN_START id=OAFX1753 family=gj_boost_cash_risk_cap window=SCREEN_IS terminal=BT2 run=oafx_screen_is_oafx1753_20260830145758_0bb689
2026-08-30T05:57:58+00:00 RUN_START id=OAFX1754 family=gj_boost_cash_risk_cap window=SCREEN_IS terminal=PROD run=oafx_screen_is_oafx1754_20260830145758_997ec8
2026-08-30T05:57:59+00:00 WAIT_LAUNCH_SLOT terminal=PROD seconds=8.0
2026-08-30T05:58:00+00:00 RUN_HEARTBEAT terminal=BT2 pid=56688 elapsed=0s
2026-08-30T05:58:08+00:00 RUN_HEARTBEAT terminal=PROD pid=45512 elapsed=0s
2026-08-30T05:58:31+00:00 RUN_HEARTBEAT terminal=BT3 pid=52644 elapsed=132s
2026-08-30T05:58:48+00:00 RUN_HEARTBEAT terminal=BT1 pid=44404 elapsed=200s
2026-08-30T05:58:48+00:00 RUN_HEARTBEAT terminal=BT4 pid=51076 elapsed=133s
2026-08-30T05:59:05+00:00 RUN_END id=OAFX1751 window=SCREEN_IS terminal=BT3 status=OK decision=SCREEN_OUT_SINGLE_SLEEVE elapsed=168.325s
2026-08-30T05:59:05+00:00 GATE_SKIP id=OAFX1751 window=IS reason=SINGLE_SLEEVE_INFERIOR decision=SCREEN_OUT_SINGLE_SLEEVE net=42364.0 PF=1.1873 DD=12.5648%
2026-08-30T05:59:05+00:00 RUN_START id=OAFX1755 family=gj_boost_cash_risk_cap window=SCREEN_IS terminal=BT3 run=oafx_screen_is_oafx1755_20260830145905_e81524
2026-08-30T05:59:05+00:00 RUN_HEARTBEAT terminal=BT2 pid=56688 elapsed=65s
2026-08-30T05:59:07+00:00 RUN_HEARTBEAT terminal=BT3 pid=53172 elapsed=0s
2026-08-30T05:59:14+00:00 RUN_HEARTBEAT terminal=PROD pid=45512 elapsed=66s
2026-08-30T05:59:21+00:00 RUN_END id=OAFX1750 window=SCREEN_IS terminal=BT1 status=OK decision=SCREEN_OUT_SINGLE_SLEEVE elapsed=235.488s
2026-08-30T05:59:21+00:00 GATE_SKIP id=OAFX1750 window=IS reason=SINGLE_SLEEVE_INFERIOR decision=SCREEN_OUT_SINGLE_SLEEVE net=62051.0 PF=1.2328 DD=15.7298%
2026-08-30T05:59:21+00:00 RUN_START id=OAFX1756 family=gj_boost_cash_risk_cap window=SCREEN_IS terminal=BT1 run=oafx_screen_is_oafx1756_20260830145921_640fb2
2026-08-30T05:59:23+00:00 RUN_HEARTBEAT terminal=BT1 pid=47244 elapsed=0s
2026-08-30T05:59:54+00:00 RUN_HEARTBEAT terminal=BT4 pid=51076 elapsed=199s
2026-08-30T06:00:11+00:00 RUN_HEARTBEAT terminal=BT2 pid=56688 elapsed=130s
2026-08-30T06:00:12+00:00 RUN_HEARTBEAT terminal=BT3 pid=53172 elapsed=65s
2026-08-30T06:00:19+00:00 RUN_HEARTBEAT terminal=PROD pid=45512 elapsed=131s
2026-08-30T06:00:27+00:00 RUN_END id=OAFX1752 window=SCREEN_IS terminal=BT4 status=OK decision=SCREEN_OUT_SINGLE_SLEEVE elapsed=234.496s
2026-08-30T06:00:27+00:00 GATE_SKIP id=OAFX1752 window=IS reason=SINGLE_SLEEVE_INFERIOR decision=SCREEN_OUT_SINGLE_SLEEVE net=51312.0 PF=1.203 DD=15.649%
2026-08-30T06:00:27+00:00 RUN_START id=OAFX1757 family=gj_boost_cash_risk_cap window=SCREEN_IS terminal=BT4 run=oafx_screen_is_oafx1757_20260830150027_410f7c
2026-08-30T06:00:28+00:00 RUN_HEARTBEAT terminal=BT1 pid=47244 elapsed=65s
2026-08-30T06:00:29+00:00 RUN_HEARTBEAT terminal=BT4 pid=51228 elapsed=0s
2026-08-30T06:01:16+00:00 RUN_HEARTBEAT terminal=BT2 pid=56688 elapsed=196s
2026-08-30T06:01:17+00:00 RUN_END id=OAFX1755 window=SCREEN_IS terminal=BT3 status=OK decision=SCREEN_OUT_SINGLE_SLEEVE elapsed=132.530s
2026-08-30T06:01:17+00:00 GATE_SKIP id=OAFX1755 window=IS reason=SINGLE_SLEEVE_INFERIOR decision=SCREEN_OUT_SINGLE_SLEEVE net=58610.0 PF=1.2085 DD=18.2451%
2026-08-30T06:01:17+00:00 RUN_START id=OAFX1758 family=gj_boost_cash_risk_cap window=SCREEN_IS terminal=BT3 run=oafx_screen_is_oafx1758_20260830150117_cd6b25
2026-08-30T06:01:19+00:00 RUN_HEARTBEAT terminal=BT3 pid=26896 elapsed=0s
2026-08-30T06:01:25+00:00 RUN_HEARTBEAT terminal=PROD pid=45512 elapsed=197s
2026-08-30T06:01:32+00:00 RUN_END id=OAFX1753 window=SCREEN_IS terminal=BT2 status=OK decision=SCREEN_OUT_SINGLE_SLEEVE elapsed=214.109s
2026-08-30T06:01:32+00:00 GATE_SKIP id=OAFX1753 window=IS reason=SINGLE_SLEEVE_INFERIOR decision=SCREEN_OUT_SINGLE_SLEEVE net=55644.0 PF=1.2061 DD=17.7029%
2026-08-30T06:01:32+00:00 RUN_START id=OAFX1759 family=gj_boost_cash_risk_cap window=SCREEN_IS terminal=BT2 run=oafx_screen_is_oafx1759_20260830150132_30ee61
2026-08-30T06:01:33+00:00 RUN_HEARTBEAT terminal=BT1 pid=47244 elapsed=130s
2026-08-30T06:01:34+00:00 RUN_HEARTBEAT terminal=BT4 pid=51228 elapsed=65s
2026-08-30T06:01:34+00:00 RUN_HEARTBEAT terminal=BT2 pid=49432 elapsed=0s
2026-08-30T06:02:14+00:00 RUN_END id=OAFX1754 window=SCREEN_IS terminal=PROD status=OK decision=SCREEN_OUT_SINGLE_SLEEVE elapsed=256.017s
2026-08-30T06:02:14+00:00 GATE_SKIP id=OAFX1754 window=IS reason=SINGLE_SLEEVE_INFERIOR decision=SCREEN_OUT_SINGLE_SLEEVE net=57409.0 PF=1.2072 DD=18.0632%
2026-08-30T06:02:14+00:00 RUN_START id=OAFX1760 family=gj_boost_cash_risk_cap window=SCREEN_IS terminal=PROD run=oafx_screen_is_oafx1760_20260830150214_e9e0cf
2026-08-30T06:02:16+00:00 RUN_HEARTBEAT terminal=PROD pid=24280 elapsed=0s
2026-08-30T06:02:24+00:00 RUN_HEARTBEAT terminal=BT3 pid=26896 elapsed=64s
2026-08-30T06:02:39+00:00 RUN_HEARTBEAT terminal=BT4 pid=51228 elapsed=130s
2026-08-30T06:02:39+00:00 RUN_HEARTBEAT terminal=BT1 pid=47244 elapsed=196s
2026-08-30T06:02:39+00:00 RUN_HEARTBEAT terminal=BT2 pid=49432 elapsed=65s
2026-08-30T06:03:22+00:00 RUN_HEARTBEAT terminal=PROD pid=24280 elapsed=66s
2026-08-30T06:03:29+00:00 RUN_END id=OAFX1758 window=SCREEN_IS terminal=BT3 status=OK decision=SCREEN_OUT_SINGLE_SLEEVE elapsed=132.336s
2026-08-30T06:03:29+00:00 GATE_SKIP id=OAFX1758 window=IS reason=SINGLE_SLEEVE_INFERIOR decision=SCREEN_OUT_SINGLE_SLEEVE net=57930.0 PF=1.2098 DD=18.1741%
2026-08-30T06:03:29+00:00 RUN_END id=OAFX1756 window=SCREEN_IS terminal=BT1 status=OK decision=SCREEN_OUT_SINGLE_SLEEVE elapsed=248.719s
2026-08-30T06:03:29+00:00 GATE_SKIP id=OAFX1756 window=IS reason=SINGLE_SLEEVE_INFERIOR decision=SCREEN_OUT_SINGLE_SLEEVE net=42364.0 PF=1.1873 DD=12.5648%
2026-08-30T06:03:29+00:00 RUN_START id=OAFX1761 family=gj_boost_cash_risk_cap window=SCREEN_IS terminal=BT3 run=oafx_screen_is_oafx1761_20260830150329_58c1b1
2026-08-30T06:03:29+00:00 RUN_START id=OAFX1762 family=gj_boost_cash_risk_cap window=SCREEN_IS terminal=BT1 run=oafx_screen_is_oafx1762_20260830150329_d6a267
2026-08-30T06:03:30+00:00 WAIT_LAUNCH_SLOT terminal=BT3 seconds=8.0
2026-08-30T06:03:31+00:00 RUN_HEARTBEAT terminal=BT1 pid=43944 elapsed=0s
2026-08-30T06:03:40+00:00 RUN_HEARTBEAT terminal=BT3 pid=56352 elapsed=0s
2026-08-30T06:03:46+00:00 RUN_HEARTBEAT terminal=BT4 pid=51228 elapsed=196s
2026-08-30T06:03:46+00:00 RUN_HEARTBEAT terminal=BT2 pid=49432 elapsed=131s
2026-08-30T06:04:28+00:00 RUN_HEARTBEAT terminal=PROD pid=24280 elapsed=132s
2026-08-30T06:04:35+00:00 RUN_END id=OAFX1757 window=SCREEN_IS terminal=BT4 status=OK decision=SCREEN_OUT_SINGLE_SLEEVE elapsed=248.001s
2026-08-30T06:04:35+00:00 GATE_SKIP id=OAFX1757 window=IS reason=SINGLE_SLEEVE_INFERIOR decision=SCREEN_OUT_SINGLE_SLEEVE net=50030.0 PF=1.1953 DD=16.8832%
2026-08-30T06:04:35+00:00 RUN_START id=OAFX1763 family=gj_boost_cash_risk_cap window=SCREEN_IS terminal=BT4 run=oafx_screen_is_oafx1763_20260830150435_2d315a
2026-08-30T06:04:36+00:00 RUN_HEARTBEAT terminal=BT1 pid=43944 elapsed=64s
2026-08-30T06:04:37+00:00 RUN_HEARTBEAT terminal=BT4 pid=20576 elapsed=0s
2026-08-30T06:04:45+00:00 RUN_HEARTBEAT terminal=BT3 pid=56352 elapsed=65s
2026-08-30T06:04:51+00:00 RUN_HEARTBEAT terminal=BT2 pid=49432 elapsed=197s
2026-08-30T06:05:24+00:00 RUN_END id=OAFX1759 window=SCREEN_IS terminal=BT2 status=OK decision=SCREEN_OUT_SINGLE_SLEEVE elapsed=232.084s
2026-08-30T06:05:24+00:00 GATE_SKIP id=OAFX1759 window=IS reason=SINGLE_SLEEVE_INFERIOR decision=SCREEN_OUT_SINGLE_SLEEVE net=62237.0 PF=1.2188 DD=18.4495%
2026-08-30T06:05:24+00:00 RUN_START id=OAFX1764 family=gj_boost_cash_risk_cap window=SCREEN_IS terminal=BT2 run=oafx_screen_is_oafx1764_20260830150524_fa8cd2
2026-08-30T06:05:26+00:00 RUN_HEARTBEAT terminal=BT2 pid=45364 elapsed=0s
2026-08-30T06:05:33+00:00 RUN_HEARTBEAT terminal=PROD pid=24280 elapsed=197s
2026-08-30T06:05:41+00:00 RUN_HEARTBEAT terminal=BT1 pid=43944 elapsed=129s
2026-08-30T06:05:42+00:00 RUN_HEARTBEAT terminal=BT4 pid=20576 elapsed=64s
2026-08-30T06:05:50+00:00 RUN_HEARTBEAT terminal=BT3 pid=56352 elapsed=130s
2026-08-30T06:05:58+00:00 RUN_END id=OAFX1762 window=SCREEN_IS terminal=BT1 status=OK decision=SCREEN_OUT_SINGLE_SLEEVE elapsed=148.300s
2026-08-30T06:05:58+00:00 GATE_SKIP id=OAFX1762 window=IS reason=SINGLE_SLEEVE_INFERIOR decision=SCREEN_OUT_SINGLE_SLEEVE net=53652.0 PF=1.2078 DD=16.495%
2026-08-30T06:05:58+00:00 RUN_START id=OAFX1765 family=gj_boost_cash_risk_cap window=SCREEN_IS terminal=BT1 run=oafx_screen_is_oafx1765_20260830150558_6d7aa3
2026-08-30T06:06:00+00:00 RUN_HEARTBEAT terminal=BT1 pid=47448 elapsed=0s
2026-08-30T06:06:23+00:00 RUN_END id=OAFX1760 window=SCREEN_IS terminal=PROD status=OK decision=SCREEN_OUT_SINGLE_SLEEVE elapsed=248.620s
2026-08-30T06:06:23+00:00 GATE_SKIP id=OAFX1760 window=IS reason=SINGLE_SLEEVE_INFERIOR decision=SCREEN_OUT_SINGLE_SLEEVE net=63059.0 PF=1.2171 DD=18.9113%
2026-08-30T06:06:23+00:00 RUN_START id=OAFX1766 family=gj_boost_cash_risk_cap window=SCREEN_IS terminal=PROD run=oafx_screen_is_oafx1766_20260830150623_19077b
2026-08-30T06:06:25+00:00 RUN_HEARTBEAT terminal=PROD pid=20684 elapsed=0s
2026-08-30T06:06:31+00:00 RUN_HEARTBEAT terminal=BT2 pid=45364 elapsed=64s
2026-08-30T06:06:47+00:00 RUN_HEARTBEAT terminal=BT4 pid=20576 elapsed=129s
2026-08-30T06:06:55+00:00 RUN_HEARTBEAT terminal=BT3 pid=56352 elapsed=195s
2026-08-30T06:07:04+00:00 RUN_HEARTBEAT terminal=BT1 pid=47448 elapsed=64s
2026-08-30T06:07:11+00:00 RUN_END id=OAFX1761 window=SCREEN_IS terminal=BT3 status=OK decision=SCREEN_OUT_SINGLE_SLEEVE elapsed=221.715s
2026-08-30T06:07:11+00:00 GATE_SKIP id=OAFX1761 window=IS reason=SINGLE_SLEEVE_INFERIOR decision=SCREEN_OUT_SINGLE_SLEEVE net=42196.0 PF=1.1852 DD=13.5734%
2026-08-30T06:07:11+00:00 RUN_START id=OAFX1767 family=gj_boost_cash_risk_cap window=SCREEN_IS terminal=BT3 run=oafx_screen_is_oafx1767_20260830150711_c0d11b
2026-08-30T06:07:13+00:00 RUN_HEARTBEAT terminal=BT3 pid=44608 elapsed=0s
2026-08-30T06:07:30+00:00 RUN_HEARTBEAT terminal=PROD pid=20684 elapsed=65s
2026-08-30T06:07:36+00:00 RUN_HEARTBEAT terminal=BT2 pid=45364 elapsed=129s
2026-08-30T06:07:53+00:00 RUN_HEARTBEAT terminal=BT4 pid=20576 elapsed=195s
2026-08-30T06:08:10+00:00 RUN_HEARTBEAT terminal=BT1 pid=47448 elapsed=129s
2026-08-30T06:08:19+00:00 RUN_HEARTBEAT terminal=BT3 pid=44608 elapsed=66s
2026-08-30T06:08:35+00:00 RUN_HEARTBEAT terminal=PROD pid=20684 elapsed=131s
2026-08-30T06:08:43+00:00 RUN_END id=OAFX1763 window=SCREEN_IS terminal=BT4 status=OK decision=SCREEN_OUT_SINGLE_SLEEVE elapsed=248.172s
2026-08-30T06:08:43+00:00 GATE_SKIP id=OAFX1763 window=IS reason=SINGLE_SLEEVE_INFERIOR decision=SCREEN_OUT_SINGLE_SLEEVE net=63985.0 PF=1.2282 DD=17.2257%
2026-08-30T06:08:43+00:00 RUN_START id=OAFX1768 family=gj_boost_cash_risk_cap window=SCREEN_IS terminal=BT4 run=oafx_screen_is_oafx1768_20260830150843_36d8cf
2026-08-30T06:08:43+00:00 RUN_HEARTBEAT terminal=BT2 pid=45364 elapsed=197s
2026-08-30T06:08:45+00:00 RUN_HEARTBEAT terminal=BT4 pid=42812 elapsed=0s
2026-08-30T06:09:16+00:00 RUN_END id=OAFX1765 window=SCREEN_IS terminal=BT1 status=OK decision=SCREEN_OUT_SINGLE_SLEEVE elapsed=198.758s
2026-08-30T06:09:16+00:00 GATE_SKIP id=OAFX1765 window=IS reason=SINGLE_SLEEVE_INFERIOR decision=SCREEN_OUT_SINGLE_SLEEVE net=71695.0 PF=1.2405 DD=18.3998%
2026-08-30T06:09:16+00:00 RUN_START id=OAFX1769 family=gj_boost_cash_risk_cap window=SCREEN_IS terminal=BT1 run=oafx_screen_is_oafx1769_20260830150916_32e02a
2026-08-30T06:09:18+00:00 RUN_HEARTBEAT terminal=BT1 pid=48948 elapsed=0s
2026-08-30T06:09:24+00:00 RUN_HEARTBEAT terminal=BT3 pid=44608 elapsed=131s
2026-08-30T06:09:32+00:00 RUN_END id=OAFX1764 window=SCREEN_IS terminal=BT2 status=OK decision=SCREEN_OUT_SINGLE_SLEEVE elapsed=248.291s
2026-08-30T06:09:32+00:00 GATE_SKIP id=OAFX1764 window=IS reason=SINGLE_SLEEVE_INFERIOR decision=SCREEN_OUT_SINGLE_SLEEVE net=69466.0 PF=1.2383 DD=18.0686%
2026-08-30T06:09:32+00:00 RUN_START id=OAFX1770 family=gj_boost_cash_risk_cap window=SCREEN_IS terminal=BT2 run=oafx_screen_is_oafx1770_20260830150932_89267e
2026-08-30T06:09:35+00:00 RUN_HEARTBEAT terminal=BT2 pid=49128 elapsed=0s
2026-08-30T06:09:40+00:00 RUN_HEARTBEAT terminal=PROD pid=20684 elapsed=195s
2026-08-30T06:09:50+00:00 RUN_HEARTBEAT terminal=BT4 pid=42812 elapsed=64s
2026-08-30T06:10:24+00:00 RUN_HEARTBEAT terminal=BT1 pid=48948 elapsed=65s
2026-08-30T06:10:30+00:00 WAIT_MT5_IDLE terminal=PROD elapsed=1s pids=[53360]
2026-08-30T06:10:30+00:00 RUN_HEARTBEAT terminal=BT3 pid=44608 elapsed=196s
2026-08-30T06:10:40+00:00 RUN_HEARTBEAT terminal=BT2 pid=49128 elapsed=65s
2026-08-30T06:10:46+00:00 RUN_END id=OAFX1767 window=SCREEN_IS terminal=BT3 status=OK decision=SCREEN_OUT_SINGLE_SLEEVE elapsed=214.648s
2026-08-30T06:10:46+00:00 GATE_SKIP id=OAFX1767 window=IS reason=SINGLE_SLEEVE_INFERIOR decision=SCREEN_OUT_SINGLE_SLEEVE net=52776.0 PF=1.2021 DD=16.2481%
2026-08-30T06:10:46+00:00 RUN_START id=OAFX1771 family=gj_boost_cash_risk_cap window=SCREEN_IS terminal=BT3 run=oafx_screen_is_oafx1771_20260830151046_652808
2026-08-30T06:10:48+00:00 RUN_HEARTBEAT terminal=BT3 pid=24160 elapsed=0s
2026-08-30T06:10:57+00:00 RUN_HEARTBEAT terminal=BT4 pid=42812 elapsed=131s
2026-08-30T06:11:30+00:00 RUN_HEARTBEAT terminal=BT1 pid=48948 elapsed=131s
2026-08-30T06:11:34+00:00 WAIT_MT5_IDLE terminal=PROD elapsed=66s pids=[53360]
2026-08-30T06:11:46+00:00 RUN_HEARTBEAT terminal=BT2 pid=49128 elapsed=131s
2026-08-30T06:11:52+00:00 RUN_HEARTBEAT terminal=BT3 pid=24160 elapsed=64s
2026-08-30T06:12:02+00:00 RUN_HEARTBEAT terminal=BT4 pid=42812 elapsed=197s
2026-08-30T06:12:02+00:00 RUN_END id=OAFX1769 window=SCREEN_IS terminal=BT1 status=OK decision=SCREEN_OUT_SINGLE_SLEEVE elapsed=165.972s
2026-08-30T06:12:02+00:00 GATE_SKIP id=OAFX1769 window=IS reason=SINGLE_SLEEVE_INFERIOR decision=SCREEN_OUT_SINGLE_SLEEVE net=67746.0 PF=1.2242 DD=19.7195%
2026-08-30T06:12:02+00:00 RUN_START id=OAFX1772 family=gj_boost_cash_risk_cap window=SCREEN_IS terminal=BT1 run=oafx_screen_is_oafx1772_20260830151202_8bf2b6
2026-08-30T06:12:04+00:00 RUN_HEARTBEAT terminal=BT1 pid=14264 elapsed=0s
2026-08-30T06:12:35+00:00 RUN_END id=OAFX1768 window=SCREEN_IS terminal=BT4 status=OK decision=SCREEN_OUT_SINGLE_SLEEVE elapsed=231.385s
2026-08-30T06:12:35+00:00 GATE_SKIP id=OAFX1768 window=IS reason=SINGLE_SLEEVE_INFERIOR decision=SCREEN_OUT_SINGLE_SLEEVE net=63414.0 PF=1.2225 DD=17.6958%
2026-08-30T06:12:35+00:00 RUN_START id=OAFX1773 family=gj_boost_cash_risk_cap window=SCREEN_IS terminal=BT4 run=oafx_screen_is_oafx1773_20260830151235_0d9a9a
2026-08-30T06:12:37+00:00 RUN_HEARTBEAT terminal=BT4 pid=49188 elapsed=0s
2026-08-30T06:12:38+00:00 WAIT_MT5_IDLE terminal=PROD elapsed=130s pids=[53360]
2026-08-30T06:12:51+00:00 RUN_HEARTBEAT terminal=BT2 pid=49128 elapsed=196s
2026-08-30T06:12:56+00:00 RUN_HEARTBEAT terminal=BT3 pid=24160 elapsed=128s
2026-08-30T06:13:09+00:00 RUN_HEARTBEAT terminal=BT1 pid=14264 elapsed=64s
2026-08-30T06:13:24+00:00 RUN_END id=OAFX1770 window=SCREEN_IS terminal=BT2 status=OK decision=SCREEN_OUT_SINGLE_SLEEVE elapsed=231.380s
2026-08-30T06:13:24+00:00 GATE_SKIP id=OAFX1770 window=IS reason=SINGLE_SLEEVE_INFERIOR decision=SCREEN_OUT_SINGLE_SLEEVE net=69531.0 PF=1.2242 DD=20.3918%
2026-08-30T06:13:24+00:00 RUN_START id=OAFX1774 family=gj_boost_cash_risk_cap window=SCREEN_IS terminal=BT2 run=oafx_screen_is_oafx1774_20260830151324_5f905f
2026-08-30T06:13:26+00:00 RUN_HEARTBEAT terminal=BT2 pid=46512 elapsed=0s
2026-08-30T06:13:41+00:00 RUN_HEARTBEAT terminal=BT4 pid=49188 elapsed=64s
2026-08-30T06:13:43+00:00 WAIT_MT5_IDLE terminal=PROD elapsed=194s pids=[53360]
2026-08-30T06:14:00+00:00 RUN_HEARTBEAT terminal=BT3 pid=24160 elapsed=192s
2026-08-30T06:14:14+00:00 RUN_HEARTBEAT terminal=BT1 pid=14264 elapsed=129s
2026-08-30T06:14:31+00:00 RUN_HEARTBEAT terminal=BT2 pid=46512 elapsed=65s
2026-08-30T06:14:32+00:00 RUN_END id=OAFX1771 window=SCREEN_IS terminal=BT3 status=OK decision=SCREEN_OUT_SINGLE_SLEEVE elapsed=225.999s
2026-08-30T06:14:32+00:00 GATE_SKIP id=OAFX1771 window=IS reason=SINGLE_SLEEVE_INFERIOR decision=SCREEN_OUT_SINGLE_SLEEVE net=42262.0 PF=1.1847 DD=12.7664%
2026-08-30T06:14:32+00:00 RUN_START id=OAFX1775 family=gj_boost_cash_risk_cap window=SCREEN_IS terminal=BT3 run=oafx_screen_is_oafx1775_20260830151432_65eeef
2026-08-30T06:14:34+00:00 RUN_HEARTBEAT terminal=BT3 pid=23372 elapsed=0s
2026-08-30T06:14:47+00:00 RUN_HEARTBEAT terminal=BT4 pid=49188 elapsed=130s
2026-08-30T06:14:47+00:00 RUN_END id=OAFX1772 window=SCREEN_IS terminal=BT1 status=OK decision=SCREEN_OUT_SINGLE_SLEEVE elapsed=164.396s
2026-08-30T06:14:47+00:00 GATE_SKIP id=OAFX1772 window=IS reason=SINGLE_SLEEVE_INFERIOR decision=SCREEN_OUT_SINGLE_SLEEVE net=52368.0 PF=1.1991 DD=16.4411%
2026-08-30T06:14:47+00:00 RUN_START id=OAFX1776 family=gj_boost_cash_risk_cap window=SCREEN_IS terminal=BT1 run=oafx_screen_is_oafx1776_20260830151447_d02eca
2026-08-30T06:14:47+00:00 WAIT_MT5_IDLE terminal=PROD elapsed=259s pids=[53360]
2026-08-30T06:14:49+00:00 RUN_HEARTBEAT terminal=BT1 pid=54784 elapsed=0s
2026-08-30T06:15:37+00:00 RUN_HEARTBEAT terminal=BT2 pid=46512 elapsed=130s
2026-08-30T06:15:37+00:00 KILL_ORPHAN_TESTER terminal=PROD pids=[53360] orphan_seconds=307
2026-08-30T06:15:38+00:00 RUN_HEARTBEAT terminal=BT3 pid=23372 elapsed=64s
2026-08-30T06:15:54+00:00 RUN_HEARTBEAT terminal=BT1 pid=54784 elapsed=64s
2026-08-30T06:15:54+00:00 RUN_HEARTBEAT terminal=BT4 pid=49188 elapsed=196s
2026-08-30T06:15:54+00:00 RUN_END id=OAFX1766 window=SCREEN_IS terminal=PROD status=OK decision=SCREEN_OUT_SINGLE_SLEEVE elapsed=571.125s
2026-08-30T06:15:54+00:00 GATE_SKIP id=OAFX1766 window=IS reason=SINGLE_SLEEVE_INFERIOR decision=SCREEN_OUT_SINGLE_SLEEVE net=42258.0 PF=1.1847 DD=12.7695%
2026-08-30T06:15:54+00:00 RUN_START id=OAFX1777 family=gj_boost_cash_risk_cap window=SCREEN_IS terminal=PROD run=oafx_screen_is_oafx1777_20260830151554_d94e00
2026-08-30T06:15:56+00:00 RUN_HEARTBEAT terminal=PROD pid=48172 elapsed=0s
2026-08-30T06:16:10+00:00 RUN_END id=OAFX1773 window=SCREEN_IS terminal=BT4 status=OK decision=SCREEN_OUT_SINGLE_SLEEVE elapsed=215.462s
2026-08-30T06:16:10+00:00 GATE_SKIP id=OAFX1773 window=IS reason=SINGLE_SLEEVE_INFERIOR decision=SCREEN_OUT_SINGLE_SLEEVE net=61316.0 PF=1.2117 DD=19.0082%
2026-08-30T06:16:10+00:00 RUN_START id=OAFX1778 family=gj_boost_cash_risk_cap window=SCREEN_IS terminal=BT4 run=oafx_screen_is_oafx1778_20260830151610_78a97a
2026-08-30T06:16:12+00:00 RUN_HEARTBEAT terminal=BT4 pid=56864 elapsed=0s
2026-08-30T06:16:43+00:00 RUN_HEARTBEAT terminal=BT2 pid=46512 elapsed=197s
2026-08-30T06:16:43+00:00 RUN_END id=OAFX1775 window=SCREEN_IS terminal=BT3 status=OK decision=SCREEN_OUT_SINGLE_SLEEVE elapsed=131.189s
2026-08-30T06:16:43+00:00 GATE_SKIP id=OAFX1775 window=IS reason=SINGLE_SLEEVE_INFERIOR decision=SCREEN_OUT_SINGLE_SLEEVE net=70611.0 PF=1.2208 DD=21.7271%
2026-08-30T06:16:43+00:00 RUN_START id=OAFX1779 family=gj_boost_cash_risk_cap window=SCREEN_IS terminal=BT3 run=oafx_screen_is_oafx1779_20260830151643_bb03f2
2026-08-30T06:16:45+00:00 RUN_HEARTBEAT terminal=BT3 pid=39800 elapsed=0s
2026-08-30T06:16:59+00:00 RUN_HEARTBEAT terminal=BT1 pid=54784 elapsed=130s
2026-08-30T06:17:01+00:00 RUN_HEARTBEAT terminal=PROD pid=48172 elapsed=65s
2026-08-30T06:17:15+00:00 RUN_END id=OAFX1774 window=SCREEN_IS terminal=BT2 status=OK decision=SCREEN_OUT_SINGLE_SLEEVE elapsed=231.285s
2026-08-30T06:17:15+00:00 GATE_SKIP id=OAFX1774 window=IS reason=SINGLE_SLEEVE_INFERIOR decision=SCREEN_OUT_SINGLE_SLEEVE net=65823.0 PF=1.2126 DD=21.3029%
2026-08-30T06:17:15+00:00 RUN_START id=OAFX1780 family=gj_boost_cash_risk_cap window=SCREEN_IS terminal=BT2 run=oafx_screen_is_oafx1780_20260830151715_7b0c72
2026-08-30T06:17:17+00:00 RUN_HEARTBEAT terminal=BT4 pid=56864 elapsed=65s
2026-08-30T06:17:17+00:00 RUN_HEARTBEAT terminal=BT2 pid=10092 elapsed=0s
2026-08-30T06:17:50+00:00 RUN_HEARTBEAT terminal=BT3 pid=39800 elapsed=65s
2026-08-30T06:18:05+00:00 RUN_HEARTBEAT terminal=BT1 pid=54784 elapsed=195s
2026-08-30T06:18:06+00:00 RUN_HEARTBEAT terminal=PROD pid=48172 elapsed=130s
2026-08-30T06:18:23+00:00 RUN_HEARTBEAT terminal=BT4 pid=56864 elapsed=130s
2026-08-30T06:18:23+00:00 RUN_HEARTBEAT terminal=BT2 pid=10092 elapsed=65s
2026-08-30T06:18:37+00:00 RUN_END id=OAFX1776 window=SCREEN_IS terminal=BT1 status=OK decision=SCREEN_OUT_SINGLE_SLEEVE elapsed=230.550s
2026-08-30T06:18:37+00:00 GATE_SKIP id=OAFX1776 window=IS reason=SINGLE_SLEEVE_INFERIOR decision=SCREEN_OUT_SINGLE_SLEEVE net=42262.0 PF=1.1847 DD=12.7664%
2026-08-30T06:18:37+00:00 RUN_START id=OAFX1781 family=gj_boost_cash_risk_cap window=SCREEN_IS terminal=BT1 run=oafx_screen_is_oafx1781_20260830151837_6b3dc8
2026-08-30T06:18:40+00:00 RUN_HEARTBEAT terminal=BT1 pid=24468 elapsed=0s
2026-08-30T06:18:56+00:00 RUN_HEARTBEAT terminal=BT3 pid=39800 elapsed=130s
2026-08-30T06:19:13+00:00 RUN_HEARTBEAT terminal=PROD pid=48172 elapsed=196s
2026-08-30T06:19:30+00:00 RUN_HEARTBEAT terminal=BT2 pid=10092 elapsed=132s
2026-08-30T06:19:30+00:00 RUN_HEARTBEAT terminal=BT4 pid=56864 elapsed=197s
2026-08-30T06:19:47+00:00 RUN_HEARTBEAT terminal=BT1 pid=24468 elapsed=66s
2026-08-30T06:19:47+00:00 RUN_END id=OAFX1779 window=SCREEN_IS terminal=BT3 status=OK decision=SCREEN_OUT_SINGLE_SLEEVE elapsed=183.688s
2026-08-30T06:19:47+00:00 GATE_SKIP id=OAFX1779 window=IS reason=SINGLE_SLEEVE_INFERIOR decision=SCREEN_OUT_SINGLE_SLEEVE net=71418.0 PF=1.2236 DD=20.5092%
2026-08-30T06:19:47+00:00 RUN_START id=OAFX1782 family=gj_boost_cash_risk_cap window=SCREEN_IS terminal=BT3 run=oafx_screen_is_oafx1782_20260830151947_a90c13
2026-08-30T06:19:49+00:00 RUN_HEARTBEAT terminal=BT3 pid=41272 elapsed=0s
2026-08-30T06:20:03+00:00 RUN_END id=OAFX1777 window=SCREEN_IS terminal=PROD status=OK decision=SCREEN_OUT_SINGLE_SLEEVE elapsed=249.240s
2026-08-30T06:20:03+00:00 GATE_SKIP id=OAFX1777 window=IS reason=SINGLE_SLEEVE_INFERIOR decision=SCREEN_OUT_SINGLE_SLEEVE net=50190.0 PF=1.1886 DD=16.1186%
2026-08-30T06:20:03+00:00 RUN_START id=OAFX1783 family=gj_boost_cash_risk_cap window=SCREEN_IS terminal=PROD run=oafx_screen_is_oafx1783_20260830152003_41ff6a
2026-08-30T06:20:05+00:00 RUN_HEARTBEAT terminal=PROD pid=52448 elapsed=0s
2026-08-30T06:20:19+00:00 RUN_END id=OAFX1778 window=SCREEN_IS terminal=BT4 status=OK decision=SCREEN_OUT_SINGLE_SLEEVE elapsed=249.206s
2026-08-30T06:20:19+00:00 GATE_SKIP id=OAFX1778 window=IS reason=SINGLE_SLEEVE_INFERIOR decision=SCREEN_OUT_SINGLE_SLEEVE net=59987.0 PF=1.2023 DD=19.6116%
2026-08-30T06:20:19+00:00 RUN_START id=OAFX1784 family=gj_boost_cash_risk_cap window=SCREEN_IS terminal=BT4 run=oafx_screen_is_oafx1784_20260830152019_7b535c
2026-08-30T06:20:22+00:00 RUN_HEARTBEAT terminal=BT4 pid=25180 elapsed=0s
2026-08-30T06:20:36+00:00 RUN_HEARTBEAT terminal=BT2 pid=10092 elapsed=198s
2026-08-30T06:20:53+00:00 RUN_HEARTBEAT terminal=BT1 pid=24468 elapsed=132s
2026-08-30T06:20:54+00:00 RUN_HEARTBEAT terminal=BT3 pid=41272 elapsed=65s
2026-08-30T06:21:10+00:00 RUN_HEARTBEAT terminal=PROD pid=52448 elapsed=65s
2026-08-30T06:21:26+00:00 RUN_END id=OAFX1780 window=SCREEN_IS terminal=BT2 status=OK decision=SCREEN_OUT_SINGLE_SLEEVE elapsed=250.821s
2026-08-30T06:21:26+00:00 GATE_SKIP id=OAFX1780 window=IS reason=SINGLE_SLEEVE_INFERIOR decision=SCREEN_OUT_SINGLE_SLEEVE net=75750.0 PF=1.2251 DD=22.2491%
2026-08-30T06:21:26+00:00 RUN_START id=OAFX1785 family=gj_boost_cash_risk_cap window=SCREEN_IS terminal=BT2 run=oafx_screen_is_oafx1785_20260830152126_ca6dd8
2026-08-30T06:21:27+00:00 RUN_HEARTBEAT terminal=BT4 pid=25180 elapsed=65s
2026-08-30T06:21:28+00:00 RUN_HEARTBEAT terminal=BT2 pid=29560 elapsed=0s
2026-08-30T06:21:59+00:00 RUN_HEARTBEAT terminal=BT1 pid=24468 elapsed=199s
2026-08-30T06:21:59+00:00 RUN_END id=OAFX1782 window=SCREEN_IS terminal=BT3 status=OK decision=SCREEN_OUT_SINGLE_SLEEVE elapsed=132.324s
2026-08-30T06:21:59+00:00 GATE_SKIP id=OAFX1782 window=IS reason=SINGLE_SLEEVE_INFERIOR decision=SCREEN_OUT_SINGLE_SLEEVE net=51713.0 PF=1.1943 DD=15.9534%
2026-08-30T06:21:59+00:00 RUN_START id=OAFX1786 family=gj_boost_cash_risk_cap window=SCREEN_IS terminal=BT3 run=oafx_screen_is_oafx1786_20260830152159_03e6bc
2026-08-30T06:22:01+00:00 RUN_HEARTBEAT terminal=BT3 pid=55856 elapsed=0s
2026-08-30T06:22:15+00:00 RUN_HEARTBEAT terminal=PROD pid=52448 elapsed=130s
2026-08-30T06:22:32+00:00 RUN_HEARTBEAT terminal=BT4 pid=25180 elapsed=130s
2026-08-30T06:22:32+00:00 RUN_END id=OAFX1781 window=SCREEN_IS terminal=BT1 status=OK decision=SCREEN_OUT_SINGLE_SLEEVE elapsed=234.106s
2026-08-30T06:22:32+00:00 GATE_SKIP id=OAFX1781 window=IS reason=SINGLE_SLEEVE_INFERIOR decision=SCREEN_OUT_SINGLE_SLEEVE net=42262.0 PF=1.1847 DD=12.7664%
2026-08-30T06:22:32+00:00 RUN_START id=OAFX1787 family=gj_boost_cash_risk_cap window=SCREEN_IS terminal=BT1 run=oafx_screen_is_oafx1787_20260830152232_082067
2026-08-30T06:22:33+00:00 RUN_HEARTBEAT terminal=BT2 pid=29560 elapsed=65s
2026-08-30T06:22:34+00:00 RUN_HEARTBEAT terminal=BT1 pid=28792 elapsed=0s
2026-08-30T06:23:06+00:00 RUN_HEARTBEAT terminal=BT3 pid=55856 elapsed=65s
2026-08-30T06:23:22+00:00 RUN_HEARTBEAT terminal=PROD pid=52448 elapsed=196s
2026-08-30T06:23:39+00:00 RUN_HEARTBEAT terminal=BT2 pid=29560 elapsed=130s
2026-08-30T06:23:39+00:00 RUN_HEARTBEAT terminal=BT4 pid=25180 elapsed=196s
2026-08-30T06:23:39+00:00 RUN_HEARTBEAT terminal=BT1 pid=28792 elapsed=65s
2026-08-30T06:24:12+00:00 RUN_HEARTBEAT terminal=BT3 pid=55856 elapsed=130s
2026-08-30T06:24:12+00:00 RUN_END id=OAFX1783 window=SCREEN_IS terminal=PROD status=OK decision=SCREEN_OUT_SINGLE_SLEEVE elapsed=249.401s
2026-08-30T06:24:12+00:00 GATE_SKIP id=OAFX1783 window=IS reason=SINGLE_SLEEVE_INFERIOR decision=SCREEN_OUT_SINGLE_SLEEVE net=62231.0 PF=1.2085 DD=18.8577%
2026-08-30T06:24:12+00:00 RUN_START id=OAFX1788 family=gj_boost_cash_risk_cap window=SCREEN_IS terminal=PROD run=oafx_screen_is_oafx1788_20260830152412_cf15fc
2026-08-30T06:24:15+00:00 RUN_HEARTBEAT terminal=PROD pid=19060 elapsed=0s
2026-08-30T06:24:29+00:00 RUN_END id=OAFX1784 window=SCREEN_IS terminal=BT4 status=OK decision=SCREEN_OUT_SINGLE_SLEEVE elapsed=249.474s
2026-08-30T06:24:29+00:00 GATE_SKIP id=OAFX1784 window=IS reason=SINGLE_SLEEVE_INFERIOR decision=SCREEN_OUT_SINGLE_SLEEVE net=71179.0 PF=1.2189 DD=21.2778%
2026-08-30T06:24:29+00:00 RUN_START id=OAFX1789 family=gj_boost_cash_risk_cap window=SCREEN_IS terminal=BT4 run=oafx_screen_is_oafx1789_20260830152429_6519ca
2026-08-30T06:24:31+00:00 RUN_HEARTBEAT terminal=BT4 pid=35360 elapsed=0s
2026-08-30T06:24:45+00:00 RUN_HEARTBEAT terminal=BT1 pid=28792 elapsed=131s
2026-08-30T06:24:45+00:00 RUN_HEARTBEAT terminal=BT2 pid=29560 elapsed=197s
2026-08-30T06:24:45+00:00 RUN_END id=OAFX1786 window=SCREEN_IS terminal=BT3 status=OK decision=SCREEN_OUT_SINGLE_SLEEVE elapsed=166.102s
2026-08-30T06:24:45+00:00 GATE_SKIP id=OAFX1786 window=IS reason=SINGLE_SLEEVE_INFERIOR decision=SCREEN_OUT_SINGLE_SLEEVE net=42262.0 PF=1.1847 DD=12.7664%
2026-08-30T06:24:45+00:00 RUN_START id=OAFX1790 family=gj_boost_cash_risk_cap window=SCREEN_IS terminal=BT3 run=oafx_screen_is_oafx1790_20260830152445_14b991
2026-08-30T06:24:47+00:00 RUN_HEARTBEAT terminal=BT3 pid=54960 elapsed=0s
2026-08-30T06:25:20+00:00 RUN_HEARTBEAT terminal=PROD pid=19060 elapsed=65s
2026-08-30T06:25:36+00:00 RUN_HEARTBEAT terminal=BT4 pid=35360 elapsed=65s
2026-08-30T06:25:36+00:00 RUN_END id=OAFX1785 window=SCREEN_IS terminal=BT2 status=OK decision=SCREEN_OUT_SINGLE_SLEEVE elapsed=250.498s
2026-08-30T06:25:36+00:00 GATE_SKIP id=OAFX1785 window=IS reason=SINGLE_SLEEVE_INFERIOR decision=SCREEN_OUT_SINGLE_SLEEVE net=79447.0 PF=1.2296 DD=22.6295%
2026-08-30T06:25:36+00:00 RUN_START id=OAFX1791 family=gj_boost_cash_risk_cap window=SCREEN_IS terminal=BT2 run=oafx_screen_is_oafx1791_20260830152536_49ee68
2026-08-30T06:25:39+00:00 RUN_HEARTBEAT terminal=BT2 pid=52340 elapsed=0s
2026-08-30T06:25:53+00:00 RUN_HEARTBEAT terminal=BT1 pid=28792 elapsed=199s
2026-08-30T06:25:53+00:00 RUN_HEARTBEAT terminal=BT3 pid=54960 elapsed=65s
2026-08-30T06:26:10+00:00 RUN_END id=OAFX1787 window=SCREEN_IS terminal=BT1 status=OK decision=SCREEN_OUT_SINGLE_SLEEVE elapsed=218.698s
2026-08-30T06:26:10+00:00 GATE_SKIP id=OAFX1787 window=IS reason=SINGLE_SLEEVE_INFERIOR decision=SCREEN_OUT_SINGLE_SLEEVE net=49017.0 PF=1.1823 DD=17.0916%
2026-08-30T06:26:10+00:00 RUN_START id=OAFX1792 family=gj_boost_cash_risk_cap window=SCREEN_IS terminal=BT1 run=oafx_screen_is_oafx1792_20260830152610_757f70
2026-08-30T06:26:12+00:00 RUN_HEARTBEAT terminal=BT1 pid=55328 elapsed=0s
2026-08-30T06:26:27+00:00 RUN_HEARTBEAT terminal=PROD pid=19060 elapsed=132s
2026-08-30T06:26:44+00:00 RUN_HEARTBEAT terminal=BT2 pid=52340 elapsed=65s
2026-08-30T06:26:44+00:00 RUN_HEARTBEAT terminal=BT4 pid=35360 elapsed=132s
2026-08-30T06:27:01+00:00 RUN_HEARTBEAT terminal=BT3 pid=54960 elapsed=133s
2026-08-30T06:27:18+00:00 RUN_HEARTBEAT terminal=BT1 pid=55328 elapsed=65s
2026-08-30T06:27:35+00:00 RUN_HEARTBEAT terminal=PROD pid=19060 elapsed=200s
2026-08-30T06:27:52+00:00 RUN_HEARTBEAT terminal=BT2 pid=52340 elapsed=133s
2026-08-30T06:27:52+00:00 RUN_END id=OAFX1789 window=SCREEN_IS terminal=BT4 status=OK decision=SCREEN_OUT_SINGLE_SLEEVE elapsed=202.924s
2026-08-30T06:27:52+00:00 GATE_SKIP id=OAFX1789 window=IS reason=SINGLE_SLEEVE_INFERIOR decision=SCREEN_OUT_SINGLE_SLEEVE net=65135.0 PF=1.1947 DD=23.5657%
2026-08-30T06:27:52+00:00 RUN_START id=OAFX1793 family=gj_boost_cash_risk_cap window=SCREEN_IS terminal=BT4 run=oafx_screen_is_oafx1793_20260830152752_198877
2026-08-30T06:27:54+00:00 RUN_HEARTBEAT terminal=BT4 pid=56268 elapsed=0s
2026-08-30T06:28:08+00:00 RUN_HEARTBEAT terminal=BT3 pid=54960 elapsed=200s
2026-08-30T06:28:08+00:00 RUN_END id=OAFX1788 window=SCREEN_IS terminal=PROD status=OK decision=SCREEN_OUT_SINGLE_SLEEVE elapsed=235.619s
2026-08-30T06:28:08+00:00 GATE_SKIP id=OAFX1788 window=IS reason=SINGLE_SLEEVE_INFERIOR decision=SCREEN_OUT_SINGLE_SLEEVE net=57785.0 PF=1.1899 DD=20.2182%
2026-08-30T06:28:08+00:00 RUN_START id=OAFX1794 family=gj_boost_cash_risk_cap window=SCREEN_IS terminal=PROD run=oafx_screen_is_oafx1794_20260830152808_1426e7
2026-08-30T06:28:10+00:00 RUN_HEARTBEAT terminal=PROD pid=50124 elapsed=0s
2026-08-30T06:28:25+00:00 RUN_HEARTBEAT terminal=BT1 pid=55328 elapsed=132s
2026-08-30T06:29:00+00:00 RUN_HEARTBEAT terminal=BT2 pid=52340 elapsed=201s
2026-08-30T06:29:00+00:00 RUN_END id=OAFX1790 window=SCREEN_IS terminal=BT3 status=OK decision=SCREEN_OUT_SINGLE_SLEEVE elapsed=255.230s
2026-08-30T06:29:00+00:00 GATE_SKIP id=OAFX1790 window=IS reason=SINGLE_SLEEVE_INFERIOR decision=SCREEN_OUT_SINGLE_SLEEVE net=75773.0 PF=1.2114 DD=24.4934%
2026-08-30T06:29:00+00:00 RUN_START id=OAFX1795 family=gj_boost_cash_risk_cap window=SCREEN_IS terminal=BT3 run=oafx_screen_is_oafx1795_20260830152900_aa3e6e
2026-08-30T06:29:00+00:00 RUN_HEARTBEAT terminal=BT4 pid=56268 elapsed=66s
2026-08-30T06:29:04+00:00 RUN_HEARTBEAT terminal=BT3 pid=44408 elapsed=0s
2026-08-30T06:29:18+00:00 RUN_HEARTBEAT terminal=PROD pid=50124 elapsed=67s
2026-08-30T06:29:35+00:00 RUN_HEARTBEAT terminal=BT1 pid=55328 elapsed=201s
2026-08-30T06:30:11+00:00 RUN_HEARTBEAT terminal=BT4 pid=56268 elapsed=135s
2026-08-30T06:30:11+00:00 RUN_HEARTBEAT terminal=BT3 pid=44408 elapsed=67s
2026-08-30T06:30:11+00:00 RUN_END id=OAFX1791 window=SCREEN_IS terminal=BT2 status=OK decision=SCREEN_OUT_SINGLE_SLEEVE elapsed=274.133s
2026-08-30T06:30:11+00:00 GATE_SKIP id=OAFX1791 window=IS reason=SINGLE_SLEEVE_INFERIOR decision=SCREEN_OUT_SINGLE_SLEEVE net=42262.0 PF=1.1847 DD=12.7664%
2026-08-30T06:30:11+00:00 RUN_START id=OAFX1796 family=gj_boost_cash_risk_cap window=SCREEN_IS terminal=BT2 run=oafx_screen_is_oafx1796_20260830153011_dc57e6
2026-08-30T06:30:13+00:00 RUN_HEARTBEAT terminal=BT2 pid=57104 elapsed=0s
2026-08-30T06:30:28+00:00 RUN_HEARTBEAT terminal=PROD pid=50124 elapsed=136s
2026-08-30T06:30:44+00:00 RUN_END id=OAFX1793 window=SCREEN_IS terminal=BT4 status=OK decision=SCREEN_NOISE_BAND elapsed=172.743s
2026-08-30T06:30:44+00:00 GATE_SKIP id=OAFX1793 window=IS reason=SINGLE_SLEEVE_INFERIOR decision=SCREEN_NOISE_BAND net=58016.0 PF=1.1895 DD=19.1771%
2026-08-30T06:30:44+00:00 RUN_END id=OAFX1792 window=SCREEN_IS terminal=BT1 status=OK decision=SCREEN_OUT_SINGLE_SLEEVE elapsed=274.184s
2026-08-30T06:30:44+00:00 GATE_SKIP id=OAFX1792 window=IS reason=SINGLE_SLEEVE_INFERIOR decision=SCREEN_OUT_SINGLE_SLEEVE net=50088.0 PF=1.1863 DD=16.3707%
2026-08-30T06:30:44+00:00 RUN_START id=OAFX1797 family=gj_boost_cash_risk_cap window=SCREEN_IS terminal=BT4 run=oafx_screen_is_oafx1797_20260830153044_07e5ad
2026-08-30T06:30:44+00:00 RUN_START id=OAFX1798 family=gj_boost_cash_risk_cap window=SCREEN_IS terminal=BT1 run=oafx_screen_is_oafx1798_20260830153044_7526d8
2026-08-30T06:30:46+00:00 WAIT_LAUNCH_SLOT terminal=BT4 seconds=8.0
2026-08-30T06:30:47+00:00 RUN_HEARTBEAT terminal=BT1 pid=43852 elapsed=0s
2026-08-30T06:30:55+00:00 RUN_HEARTBEAT terminal=BT4 pid=40588 elapsed=0s
2026-08-30T06:31:18+00:00 RUN_HEARTBEAT terminal=BT3 pid=44408 elapsed=134s
2026-08-30T06:31:19+00:00 RUN_HEARTBEAT terminal=BT2 pid=57104 elapsed=65s
2026-08-30T06:31:34+00:00 RUN_HEARTBEAT terminal=PROD pid=50124 elapsed=203s
2026-08-30T06:31:53+00:00 RUN_HEARTBEAT terminal=BT1 pid=43852 elapsed=66s
2026-08-30T06:32:05+00:00 RUN_HEARTBEAT terminal=BT4 pid=40588 elapsed=69s
2026-08-30T06:32:23+00:00 RUN_HEARTBEAT terminal=BT3 pid=44408 elapsed=200s
2026-08-30T06:32:24+00:00 RUN_HEARTBEAT terminal=BT2 pid=57104 elapsed=131s
2026-08-30T06:32:40+00:00 RUN_HEARTBEAT terminal=PROD pid=50124 elapsed=269s
2026-08-30T06:32:56+00:00 RUN_END id=OAFX1794 window=SCREEN_IS terminal=PROD status=OK decision=SCREEN_OUT_SINGLE_SLEEVE elapsed=288.237s
2026-08-30T06:32:56+00:00 GATE_SKIP id=OAFX1794 window=IS reason=SINGLE_SLEEVE_INFERIOR decision=SCREEN_OUT_SINGLE_SLEEVE net=69517.0 PF=1.2065 DD=21.3469%
2026-08-30T06:32:56+00:00 RUN_START id=OAFX1799 family=gj_boost_cash_risk_cap window=SCREEN_IS terminal=PROD run=oafx_screen_is_oafx1799_20260830153256_844f0d
2026-08-30T06:32:58+00:00 RUN_HEARTBEAT terminal=BT1 pid=43852 elapsed=131s
2026-08-30T06:32:59+00:00 RUN_HEARTBEAT terminal=PROD pid=54556 elapsed=0s
2026-08-30T06:33:12+00:00 RUN_HEARTBEAT terminal=BT4 pid=40588 elapsed=135s
2026-08-30T06:33:29+00:00 RUN_END id=OAFX1795 window=SCREEN_IS terminal=BT3 status=OK decision=SCREEN_OUT_SINGLE_SLEEVE elapsed=268.663s
2026-08-30T06:33:29+00:00 GATE_SKIP id=OAFX1795 window=IS reason=SINGLE_SLEEVE_INFERIOR decision=SCREEN_OUT_SINGLE_SLEEVE net=78465.0 PF=1.216 DD=23.3953%
2026-08-30T06:33:29+00:00 RUN_START id=OAFX1800 family=gj_boost_cash_risk_cap window=SCREEN_IS terminal=BT3 run=oafx_screen_is_oafx1800_20260830153329_f9e9e0
2026-08-30T06:33:30+00:00 RUN_HEARTBEAT terminal=BT2 pid=57104 elapsed=197s
2026-08-30T06:33:32+00:00 RUN_HEARTBEAT terminal=BT3 pid=57236 elapsed=0s
2026-08-30T06:34:04+00:00 RUN_END id=OAFX1798 window=SCREEN_IS terminal=BT1 status=OK decision=SCREEN_OUT_SINGLE_SLEEVE elapsed=199.151s
2026-08-30T06:34:04+00:00 GATE_SKIP id=OAFX1798 window=IS reason=SINGLE_SLEEVE_INFERIOR decision=SCREEN_OUT_SINGLE_SLEEVE net=60119.0 PF=1.1953 DD=18.6466%
2026-08-30T06:34:04+00:00 RUN_START id=OAFX1801 family=gj_boost_drift_softscale window=SCREEN_IS terminal=BT1 run=oafx_screen_is_oafx1801_20260830153404_ac1e7d
2026-08-30T06:34:05+00:00 RUN_HEARTBEAT terminal=PROD pid=54556 elapsed=66s
2026-08-30T06:34:06+00:00 RUN_HEARTBEAT terminal=BT1 pid=7504 elapsed=0s
2026-08-30T06:34:19+00:00 RUN_HEARTBEAT terminal=BT4 pid=40588 elapsed=204s
2026-08-30T06:34:19+00:00 RUN_END id=OAFX1796 window=SCREEN_IS terminal=BT2 status=OK decision=SCREEN_OUT_SINGLE_SLEEVE elapsed=248.546s
2026-08-30T06:34:19+00:00 GATE_SKIP id=OAFX1796 window=IS reason=SINGLE_SLEEVE_INFERIOR decision=SCREEN_OUT_SINGLE_SLEEVE net=44533.0 PF=1.1946 DD=11.6167%
2026-08-30T06:34:19+00:00 RUN_START id=OAFX1802 family=gj_boost_drift_softscale window=SCREEN_IS terminal=BT2 run=oafx_screen_is_oafx1802_20260830153419_ddbf0d
2026-08-30T06:34:22+00:00 RUN_HEARTBEAT terminal=BT2 pid=30416 elapsed=0s
2026-08-30T06:34:37+00:00 RUN_HEARTBEAT terminal=BT3 pid=57236 elapsed=65s
2026-08-30T06:34:53+00:00 RUN_END id=OAFX1797 window=SCREEN_IS terminal=BT4 status=OK decision=SCREEN_OUT_SINGLE_SLEEVE elapsed=248.363s
2026-08-30T06:34:53+00:00 GATE_SKIP id=OAFX1797 window=IS reason=SINGLE_SLEEVE_INFERIOR decision=SCREEN_OUT_SINGLE_SLEEVE net=52359.0 PF=1.1948 DD=14.8421%
2026-08-30T06:34:53+00:00 RUN_START id=OAFX1803 family=gj_boost_drift_softscale window=SCREEN_IS terminal=BT4 run=oafx_screen_is_oafx1803_20260830153453_5cea1a
2026-08-30T06:34:56+00:00 RUN_HEARTBEAT terminal=BT4 pid=53140 elapsed=0s
2026-08-30T06:35:10+00:00 RUN_HEARTBEAT terminal=PROD pid=54556 elapsed=131s
2026-08-30T06:35:12+00:00 RUN_HEARTBEAT terminal=BT1 pid=7504 elapsed=66s
2026-08-30T06:35:28+00:00 RUN_HEARTBEAT terminal=BT2 pid=30416 elapsed=66s
2026-08-30T06:35:45+00:00 RUN_HEARTBEAT terminal=BT3 pid=57236 elapsed=132s
2026-08-30T06:36:02+00:00 RUN_HEARTBEAT terminal=BT4 pid=53140 elapsed=66s
2026-08-30T06:36:19+00:00 RUN_HEARTBEAT terminal=BT1 pid=7504 elapsed=132s
2026-08-30T06:36:19+00:00 RUN_HEARTBEAT terminal=PROD pid=54556 elapsed=199s
2026-08-30T06:36:35+00:00 RUN_HEARTBEAT terminal=BT2 pid=30416 elapsed=133s
2026-08-30T06:36:35+00:00 RUN_END id=OAFX1801 window=SCREEN_IS terminal=BT1 status=OK decision=SCREEN_OUT_SINGLE_SLEEVE elapsed=151.722s
2026-08-30T06:36:35+00:00 GATE_SKIP id=OAFX1801 window=IS reason=SINGLE_SLEEVE_INFERIOR decision=SCREEN_OUT_SINGLE_SLEEVE net=85692.0 PF=1.2251 DD=20.3143%
2026-08-30T06:36:35+00:00 RUN_START id=OAFX1804 family=gj_boost_drift_softscale window=SCREEN_IS terminal=BT1 run=oafx_screen_is_oafx1804_20260830153635_b77d6d
2026-08-30T06:36:38+00:00 RUN_HEARTBEAT terminal=BT1 pid=34876 elapsed=0s
2026-08-30T06:36:52+00:00 RUN_HEARTBEAT terminal=BT3 pid=57236 elapsed=200s
2026-08-30T06:37:09+00:00 RUN_HEARTBEAT terminal=BT4 pid=53140 elapsed=133s
2026-08-30T06:37:09+00:00 RUN_END id=OAFX1799 window=SCREEN_IS terminal=PROD status=OK decision=SCREEN_OUT_SINGLE_SLEEVE elapsed=253.109s
2026-08-30T06:37:09+00:00 GATE_SKIP id=OAFX1799 window=IS reason=SINGLE_SLEEVE_INFERIOR decision=SCREEN_OUT_SINGLE_SLEEVE net=68887.0 PF=1.2007 DD=21.6422%
2026-08-30T06:37:09+00:00 RUN_START id=OAFX1805 family=gj_boost_drift_softscale window=SCREEN_IS terminal=PROD run=oafx_screen_is_oafx1805_20260830153709_b2c4fe
2026-08-30T06:37:12+00:00 RUN_HEARTBEAT terminal=PROD pid=45504 elapsed=0s
2026-08-30T06:37:43+00:00 RUN_HEARTBEAT terminal=BT2 pid=30416 elapsed=201s
2026-08-30T06:37:43+00:00 RUN_HEARTBEAT terminal=BT1 pid=34876 elapsed=65s
2026-08-30T06:37:43+00:00 RUN_END id=OAFX1800 window=SCREEN_IS terminal=BT3 status=OK decision=SCREEN_OUT_SINGLE_SLEEVE elapsed=254.162s
2026-08-30T06:37:43+00:00 GATE_SKIP id=OAFX1800 window=IS reason=SINGLE_SLEEVE_INFERIOR decision=SCREEN_OUT_SINGLE_SLEEVE net=80343.0 PF=1.215 DD=23.4676%
2026-08-30T06:37:43+00:00 RUN_START id=OAFX1806 family=gj_boost_drift_softscale window=SCREEN_IS terminal=BT3 run=oafx_screen_is_oafx1806_20260830153743_af473e
2026-08-30T06:37:46+00:00 RUN_HEARTBEAT terminal=BT3 pid=51784 elapsed=0s
2026-08-30T06:38:17+00:00 RUN_HEARTBEAT terminal=BT4 pid=53140 elapsed=201s
2026-08-30T06:38:17+00:00 RUN_END id=OAFX1802 window=SCREEN_IS terminal=BT2 status=OK decision=SCREEN_OUT_SINGLE_SLEEVE elapsed=237.479s
2026-08-30T06:38:17+00:00 GATE_SKIP id=OAFX1802 window=IS reason=SINGLE_SLEEVE_INFERIOR decision=SCREEN_OUT_SINGLE_SLEEVE net=84086.0 PF=1.2197 DD=20.3906%
2026-08-30T06:38:17+00:00 RUN_START id=OAFX1807 family=gj_boost_drift_softscale window=SCREEN_IS terminal=BT2 run=oafx_screen_is_oafx1807_20260830153817_f01805
2026-08-30T06:38:17+00:00 RUN_HEARTBEAT terminal=PROD pid=45504 elapsed=65s
2026-08-30T06:38:19+00:00 RUN_HEARTBEAT terminal=BT2 pid=54508 elapsed=0s
2026-08-30T06:38:50+00:00 RUN_HEARTBEAT terminal=BT1 pid=34876 elapsed=132s
2026-08-30T06:38:50+00:00 RUN_END id=OAFX1803 window=SCREEN_IS terminal=BT4 status=OK decision=SCREEN_OUT_SINGLE_SLEEVE elapsed=236.875s
2026-08-30T06:38:50+00:00 GATE_SKIP id=OAFX1803 window=IS reason=SINGLE_SLEEVE_INFERIOR decision=SCREEN_OUT_SINGLE_SLEEVE net=83493.0 PF=1.2176 DD=20.3636%
2026-08-30T06:38:50+00:00 RUN_START id=OAFX1808 family=gj_boost_drift_softscale window=SCREEN_IS terminal=BT4 run=oafx_screen_is_oafx1808_20260830153850_c5ea85
2026-08-30T06:38:51+00:00 RUN_HEARTBEAT terminal=BT3 pid=51784 elapsed=65s
2026-08-30T06:38:52+00:00 RUN_HEARTBEAT terminal=BT4 pid=46168 elapsed=0s
2026-08-30T06:39:06+00:00 RUN_END id=OAFX1804 window=SCREEN_IS terminal=BT1 status=OK decision=SCREEN_OUT_SINGLE_SLEEVE elapsed=150.496s
2026-08-30T06:39:06+00:00 GATE_SKIP id=OAFX1804 window=IS reason=SINGLE_SLEEVE_INFERIOR decision=SCREEN_OUT_SINGLE_SLEEVE net=82499.0 PF=1.2142 DD=20.3151%
2026-08-30T06:39:06+00:00 RUN_START id=OAFX1809 family=gj_boost_drift_softscale window=SCREEN_IS terminal=BT1 run=oafx_screen_is_oafx1809_20260830153906_0cc5b0
2026-08-30T06:39:08+00:00 RUN_HEARTBEAT terminal=BT1 pid=46812 elapsed=0s
2026-08-30T06:39:23+00:00 RUN_HEARTBEAT terminal=PROD pid=45504 elapsed=130s
2026-08-30T06:39:24+00:00 RUN_HEARTBEAT terminal=BT2 pid=54508 elapsed=65s
2026-08-30T06:39:57+00:00 RUN_HEARTBEAT terminal=BT3 pid=51784 elapsed=131s
2026-08-30T06:39:58+00:00 RUN_HEARTBEAT terminal=BT4 pid=46168 elapsed=65s
2026-08-30T06:40:14+00:00 RUN_HEARTBEAT terminal=BT1 pid=46812 elapsed=65s
2026-08-30T06:40:31+00:00 RUN_HEARTBEAT terminal=PROD pid=45504 elapsed=198s
2026-08-30T06:40:31+00:00 RUN_HEARTBEAT terminal=BT2 pid=54508 elapsed=131s
2026-08-30T06:41:04+00:00 RUN_HEARTBEAT terminal=BT3 pid=51784 elapsed=198s
2026-08-30T06:41:05+00:00 RUN_END id=OAFX1808 window=SCREEN_IS terminal=BT4 status=OK decision=SCREEN_OUT_SINGLE_SLEEVE elapsed=134.889s
2026-08-30T06:41:05+00:00 GATE_SKIP id=OAFX1808 window=IS reason=SINGLE_SLEEVE_INFERIOR decision=SCREEN_OUT_SINGLE_SLEEVE net=77555.0 PF=1.2055 DD=22.7412%
2026-08-30T06:41:05+00:00 RUN_START id=OAFX1810 family=gj_boost_drift_softscale window=SCREEN_IS terminal=BT4 run=oafx_screen_is_oafx1810_20260830154105_accdcf
2026-08-30T06:41:07+00:00 RUN_HEARTBEAT terminal=BT4 pid=48040 elapsed=0s
2026-08-30T06:41:21+00:00 RUN_HEARTBEAT terminal=BT1 pid=46812 elapsed=132s
2026-08-30T06:41:21+00:00 RUN_END id=OAFX1805 window=SCREEN_IS terminal=PROD status=OK decision=SCREEN_OUT_SINGLE_SLEEVE elapsed=251.406s
2026-08-30T06:41:21+00:00 GATE_SKIP id=OAFX1805 window=IS reason=SINGLE_SLEEVE_INFERIOR decision=SCREEN_OUT_SINGLE_SLEEVE net=81906.0 PF=1.2121 DD=20.2875%
2026-08-30T06:41:21+00:00 RUN_START id=OAFX1811 family=gj_boost_drift_softscale window=SCREEN_IS terminal=PROD run=oafx_screen_is_oafx1811_20260830154121_9cec58
2026-08-30T06:41:23+00:00 RUN_HEARTBEAT terminal=PROD pid=49504 elapsed=0s
2026-08-30T06:41:38+00:00 RUN_HEARTBEAT terminal=BT2 pid=54508 elapsed=198s
2026-08-30T06:41:55+00:00 RUN_END id=OAFX1806 window=SCREEN_IS terminal=BT3 status=OK decision=SCREEN_OUT_SINGLE_SLEEVE elapsed=251.436s
2026-08-30T06:41:55+00:00 GATE_SKIP id=OAFX1806 window=IS reason=SINGLE_SLEEVE_INFERIOR decision=SCREEN_OUT_SINGLE_SLEEVE net=75555.0 PF=1.2043 DD=24.1928%
2026-08-30T06:41:55+00:00 RUN_START id=OAFX1812 family=gj_boost_drift_softscale window=SCREEN_IS terminal=BT3 run=oafx_screen_is_oafx1812_20260830154155_3806ed
2026-08-30T06:41:57+00:00 RUN_HEARTBEAT terminal=BT3 pid=47752 elapsed=0s
2026-08-30T06:42:11+00:00 RUN_END id=OAFX1807 window=SCREEN_IS terminal=BT2 status=OK decision=SCREEN_OUT_SINGLE_SLEEVE elapsed=234.543s
2026-08-30T06:42:11+00:00 GATE_SKIP id=OAFX1807 window=IS reason=SINGLE_SLEEVE_INFERIOR decision=SCREEN_OUT_SINGLE_SLEEVE net=76099.0 PF=1.2037 DD=23.5742%
2026-08-30T06:42:11+00:00 RUN_START id=OAFX1813 family=gj_boost_drift_softscale window=SCREEN_IS terminal=BT2 run=oafx_screen_is_oafx1813_20260830154211_50ecc6
2026-08-30T06:42:12+00:00 RUN_HEARTBEAT terminal=BT4 pid=48040 elapsed=65s
2026-08-30T06:42:14+00:00 RUN_HEARTBEAT terminal=BT2 pid=24572 elapsed=0s
2026-08-30T06:42:28+00:00 RUN_HEARTBEAT terminal=BT1 pid=46812 elapsed=199s
2026-08-30T06:42:29+00:00 RUN_HEARTBEAT terminal=PROD pid=49504 elapsed=65s
2026-08-30T06:42:45+00:00 RUN_END id=OAFX1809 window=SCREEN_IS terminal=BT1 status=OK decision=SCREEN_OUT_SINGLE_SLEEVE elapsed=218.846s
2026-08-30T06:42:45+00:00 GATE_SKIP id=OAFX1809 window=IS reason=SINGLE_SLEEVE_INFERIOR decision=SCREEN_OUT_SINGLE_SLEEVE net=79313.0 PF=1.209 DD=21.4785%
2026-08-30T06:42:45+00:00 RUN_START id=OAFX1814 family=gj_boost_drift_softscale window=SCREEN_IS terminal=BT1 run=oafx_screen_is_oafx1814_20260830154245_87dd63
2026-08-30T06:42:47+00:00 RUN_HEARTBEAT terminal=BT1 pid=14540 elapsed=0s
2026-08-30T06:43:03+00:00 RUN_HEARTBEAT terminal=BT3 pid=47752 elapsed=65s
2026-08-30T06:43:19+00:00 RUN_END id=OAFX1810 window=SCREEN_IS terminal=BT4 status=OK decision=SCREEN_OUT_SINGLE_SLEEVE elapsed=133.903s
2026-08-30T06:43:19+00:00 GATE_SKIP id=OAFX1810 window=IS reason=SINGLE_SLEEVE_INFERIOR decision=SCREEN_OUT_SINGLE_SLEEVE net=82328.0 PF=1.2155 DD=20.3733%
2026-08-30T06:43:19+00:00 RUN_START id=OAFX1815 family=gj_boost_drift_softscale window=SCREEN_IS terminal=BT4 run=oafx_screen_is_oafx1815_20260830154319_526719
2026-08-30T06:43:19+00:00 RUN_HEARTBEAT terminal=BT2 pid=24572 elapsed=65s
2026-08-30T06:43:21+00:00 RUN_HEARTBEAT terminal=BT4 pid=43324 elapsed=0s
2026-08-30T06:43:35+00:00 RUN_HEARTBEAT terminal=PROD pid=49504 elapsed=132s
2026-08-30T06:43:52+00:00 RUN_HEARTBEAT terminal=BT1 pid=14540 elapsed=65s
2026-08-30T06:44:09+00:00 RUN_HEARTBEAT terminal=BT3 pid=47752 elapsed=131s
2026-08-30T06:44:26+00:00 RUN_HEARTBEAT terminal=BT4 pid=43324 elapsed=65s
2026-08-30T06:44:26+00:00 RUN_HEARTBEAT terminal=BT2 pid=24572 elapsed=132s
2026-08-30T06:44:43+00:00 RUN_HEARTBEAT terminal=PROD pid=49504 elapsed=199s
2026-08-30T06:45:00+00:00 RUN_HEARTBEAT terminal=BT1 pid=14540 elapsed=132s
2026-08-30T06:45:17+00:00 RUN_HEARTBEAT terminal=BT3 pid=47752 elapsed=200s
2026-08-30T06:45:17+00:00 RUN_END id=OAFX1811 window=SCREEN_IS terminal=PROD status=OK decision=SCREEN_OUT_SINGLE_SLEEVE elapsed=236.245s
2026-08-30T06:45:17+00:00 GATE_SKIP id=OAFX1811 window=IS reason=SINGLE_SLEEVE_INFERIOR decision=SCREEN_OUT_SINGLE_SLEEVE net=68070.0 PF=1.1895 DD=25.3378%
2026-08-30T06:45:17+00:00 RUN_START id=OAFX1816 family=gj_boost_drift_softscale window=SCREEN_IS terminal=PROD run=oafx_screen_is_oafx1816_20260830154517_820bec
2026-08-30T06:45:19+00:00 RUN_HEARTBEAT terminal=PROD pid=56200 elapsed=0s
2026-08-30T06:45:34+00:00 RUN_HEARTBEAT terminal=BT2 pid=24572 elapsed=199s
2026-08-30T06:45:34+00:00 RUN_HEARTBEAT terminal=BT4 pid=43324 elapsed=132s
2026-08-30T06:46:07+00:00 RUN_HEARTBEAT terminal=BT1 pid=14540 elapsed=200s
2026-08-30T06:46:07+00:00 RUN_END id=OAFX1812 window=SCREEN_IS terminal=BT3 status=OK decision=SCREEN_OUT_SINGLE_SLEEVE elapsed=252.630s
2026-08-30T06:46:07+00:00 GATE_SKIP id=OAFX1812 window=IS reason=SINGLE_SLEEVE_INFERIOR decision=SCREEN_OUT_SINGLE_SLEEVE net=73056.0 PF=1.2004 DD=23.8418%
2026-08-30T06:46:07+00:00 RUN_END id=OAFX1815 window=SCREEN_IS terminal=BT4 status=OK decision=SCREEN_OUT_SINGLE_SLEEVE elapsed=168.701s
2026-08-30T06:46:07+00:00 RUN_START id=OAFX1817 family=gj_boost_drift_softscale window=SCREEN_IS terminal=BT3 run=oafx_screen_is_oafx1817_20260830154607_a3e37e
2026-08-30T06:46:07+00:00 GATE_SKIP id=OAFX1815 window=IS reason=SINGLE_SLEEVE_INFERIOR decision=SCREEN_OUT_SINGLE_SLEEVE net=80041.0 PF=1.2115 DD=20.263%
2026-08-30T06:46:07+00:00 RUN_START id=OAFX1818 family=gj_boost_drift_softscale window=SCREEN_IS terminal=BT4 run=oafx_screen_is_oafx1818_20260830154607_c9ff93
2026-08-30T06:46:09+00:00 WAIT_LAUNCH_SLOT terminal=BT4 seconds=8.0
2026-08-30T06:46:10+00:00 RUN_HEARTBEAT terminal=BT3 pid=49108 elapsed=0s
2026-08-30T06:46:18+00:00 RUN_HEARTBEAT terminal=BT4 pid=51256 elapsed=0s
2026-08-30T06:46:24+00:00 RUN_END id=OAFX1813 window=SCREEN_IS terminal=BT2 status=OK decision=SCREEN_OUT_SINGLE_SLEEVE elapsed=252.328s
2026-08-30T06:46:24+00:00 GATE_SKIP id=OAFX1813 window=IS reason=SINGLE_SLEEVE_INFERIOR decision=SCREEN_OUT_SINGLE_SLEEVE net=74433.0 PF=1.2017 DD=22.6057%
2026-08-30T06:46:24+00:00 RUN_START id=OAFX1819 family=gj_boost_drift_softscale window=SCREEN_IS terminal=BT2 run=oafx_screen_is_oafx1819_20260830154624_1d848c
2026-08-30T06:46:24+00:00 RUN_HEARTBEAT terminal=PROD pid=56200 elapsed=65s
2026-08-30T06:46:26+00:00 RUN_HEARTBEAT terminal=BT2 pid=46400 elapsed=0s
2026-08-30T06:46:58+00:00 RUN_END id=OAFX1814 window=SCREEN_IS terminal=BT1 status=OK decision=SCREEN_OUT_SINGLE_SLEEVE elapsed=253.277s
2026-08-30T06:46:58+00:00 GATE_SKIP id=OAFX1814 window=IS reason=SINGLE_SLEEVE_INFERIOR decision=SCREEN_OUT_SINGLE_SLEEVE net=76234.0 PF=1.2041 DD=22.3606%
2026-08-30T06:46:58+00:00 RUN_START id=OAFX1820 family=gj_boost_drift_softscale window=SCREEN_IS terminal=BT1 run=oafx_screen_is_oafx1820_20260830154658_7b1696
2026-08-30T06:47:00+00:00 RUN_HEARTBEAT terminal=BT1 pid=55280 elapsed=0s
2026-08-30T06:47:16+00:00 RUN_HEARTBEAT terminal=BT3 pid=49108 elapsed=66s
2026-08-30T06:47:24+00:00 RUN_HEARTBEAT terminal=BT4 pid=51256 elapsed=65s
2026-08-30T06:47:32+00:00 RUN_HEARTBEAT terminal=PROD pid=56200 elapsed=132s
2026-08-30T06:47:32+00:00 RUN_HEARTBEAT terminal=BT2 pid=46400 elapsed=66s
2026-08-30T06:48:06+00:00 RUN_HEARTBEAT terminal=BT1 pid=55280 elapsed=65s
2026-08-30T06:48:23+00:00 RUN_HEARTBEAT terminal=BT3 pid=49108 elapsed=133s
2026-08-30T06:48:30+00:00 RUN_HEARTBEAT terminal=BT4 pid=51256 elapsed=132s
2026-08-30T06:48:39+00:00 RUN_HEARTBEAT terminal=PROD pid=56200 elapsed=200s
2026-08-30T06:48:39+00:00 RUN_HEARTBEAT terminal=BT2 pid=46400 elapsed=133s
2026-08-30T06:48:39+00:00 RUN_END id=OAFX1817 window=SCREEN_IS terminal=BT3 status=OK decision=SCREEN_OUT_SINGLE_SLEEVE elapsed=152.135s
2026-08-30T06:48:39+00:00 GATE_SKIP id=OAFX1817 window=IS reason=SINGLE_SLEEVE_INFERIOR decision=SCREEN_OUT_SINGLE_SLEEVE net=71380.0 PF=1.2015 DD=23.0009%
2026-08-30T06:48:39+00:00 RUN_START id=OAFX1821 family=gj_boost_drift_softscale window=SCREEN_IS terminal=BT3 run=oafx_screen_is_oafx1821_20260830154839_c6b549
2026-08-30T06:48:42+00:00 RUN_HEARTBEAT terminal=BT3 pid=53492 elapsed=0s
2026-08-30T06:48:56+00:00 RUN_END id=OAFX1816 window=SCREEN_IS terminal=PROD status=OK decision=SCREEN_OUT_SINGLE_SLEEVE elapsed=218.608s
2026-08-30T06:48:56+00:00 GATE_SKIP id=OAFX1816 window=IS reason=SINGLE_SLEEVE_INFERIOR decision=SCREEN_OUT_SINGLE_SLEEVE net=71038.0 PF=1.2045 DD=23.4322%
2026-08-30T06:48:56+00:00 RUN_START id=OAFX1822 family=gj_boost_drift_softscale window=SCREEN_IS terminal=PROD run=oafx_screen_is_oafx1822_20260830154856_4aebfa
2026-08-30T06:48:58+00:00 RUN_HEARTBEAT terminal=PROD pid=4044 elapsed=0s
2026-08-30T06:49:12+00:00 RUN_HEARTBEAT terminal=BT1 pid=55280 elapsed=131s
2026-08-30T06:49:19+00:00 RUN_END id=OAFX1818 window=SCREEN_IS terminal=BT4 status=OK decision=SCREEN_OUT_SINGLE_SLEEVE elapsed=191.350s
2026-08-30T06:49:19+00:00 GATE_SKIP id=OAFX1818 window=IS reason=SINGLE_SLEEVE_INFERIOR decision=SCREEN_OUT_SINGLE_SLEEVE net=71654.0 PF=1.1982 DD=23.1374%
2026-08-30T06:49:19+00:00 RUN_START id=OAFX1823 family=gj_boost_drift_softscale window=SCREEN_IS terminal=BT4 run=oafx_screen_is_oafx1823_20260830154919_1222e7
2026-08-30T06:49:21+00:00 RUN_HEARTBEAT terminal=BT4 pid=12048 elapsed=0s
2026-08-30T06:49:45+00:00 RUN_HEARTBEAT terminal=BT2 pid=46400 elapsed=199s
2026-08-30T06:49:48+00:00 RUN_HEARTBEAT terminal=BT3 pid=53492 elapsed=66s
2026-08-30T06:50:04+00:00 RUN_HEARTBEAT terminal=PROD pid=4044 elapsed=66s
2026-08-30T06:50:18+00:00 RUN_HEARTBEAT terminal=BT1 pid=55280 elapsed=198s
2026-08-30T06:50:27+00:00 RUN_HEARTBEAT terminal=BT4 pid=12048 elapsed=66s
2026-08-30T06:50:35+00:00 RUN_END id=OAFX1819 window=SCREEN_IS terminal=BT2 status=OK decision=SCREEN_OUT_SINGLE_SLEEVE elapsed=251.424s
2026-08-30T06:50:35+00:00 GATE_SKIP id=OAFX1819 window=IS reason=SINGLE_SLEEVE_INFERIOR decision=SCREEN_OUT_SINGLE_SLEEVE net=79275.0 PF=1.2158 DD=20.717%
2026-08-30T06:50:35+00:00 RUN_START id=OAFX1824 family=gj_boost_drift_softscale window=SCREEN_IS terminal=BT2 run=oafx_screen_is_oafx1824_20260830155035_4b8d4c
2026-08-30T06:50:37+00:00 RUN_HEARTBEAT terminal=BT2 pid=46916 elapsed=0s
2026-08-30T06:50:52+00:00 RUN_END id=OAFX1820 window=SCREEN_IS terminal=BT1 status=OK decision=SCREEN_OUT_SINGLE_SLEEVE elapsed=233.766s
2026-08-30T06:50:52+00:00 GATE_SKIP id=OAFX1820 window=IS reason=SINGLE_SLEEVE_INFERIOR decision=SCREEN_OUT_SINGLE_SLEEVE net=81868.0 PF=1.2188 DD=20.0513%
2026-08-30T06:50:52+00:00 RUN_START id=OAFX1825 family=gj_boost_drift_softscale window=SCREEN_IS terminal=BT1 run=oafx_screen_is_oafx1825_20260830155052_359356
2026-08-30T06:50:53+00:00 RUN_HEARTBEAT terminal=BT3 pid=53492 elapsed=131s
2026-08-30T06:50:54+00:00 RUN_HEARTBEAT terminal=BT1 pid=22988 elapsed=0s
2026-08-30T06:51:09+00:00 RUN_HEARTBEAT terminal=PROD pid=4044 elapsed=131s
2026-08-30T06:51:09+00:00 RUN_END id=OAFX1821 window=SCREEN_IS terminal=BT3 status=OK decision=SCREEN_OUT_SINGLE_SLEEVE elapsed=149.614s
2026-08-30T06:51:09+00:00 GATE_SKIP id=OAFX1821 window=IS reason=SINGLE_SLEEVE_INFERIOR decision=SCREEN_OUT_SINGLE_SLEEVE net=68053.0 PF=1.201 DD=23.0797%
2026-08-30T06:51:09+00:00 RUN_START id=OAFX1826 family=gj_boost_drift_softscale window=SCREEN_IS terminal=BT3 run=oafx_screen_is_oafx1826_20260830155109_46d0b2
2026-08-30T06:51:12+00:00 RUN_HEARTBEAT terminal=BT3 pid=40900 elapsed=0s
2026-08-30T06:51:32+00:00 RUN_HEARTBEAT terminal=BT4 pid=12048 elapsed=130s
2026-08-30T06:51:43+00:00 RUN_HEARTBEAT terminal=BT2 pid=46916 elapsed=65s
2026-08-30T06:51:59+00:00 RUN_HEARTBEAT terminal=BT1 pid=22988 elapsed=65s
2026-08-30T06:52:15+00:00 RUN_HEARTBEAT terminal=PROD pid=4044 elapsed=197s
2026-08-30T06:52:16+00:00 RUN_HEARTBEAT terminal=BT3 pid=40900 elapsed=65s
2026-08-30T06:52:22+00:00 RUN_END id=OAFX1823 window=SCREEN_IS terminal=BT4 status=OK decision=SCREEN_OUT_SINGLE_SLEEVE elapsed=183.758s
2026-08-30T06:52:22+00:00 GATE_SKIP id=OAFX1823 window=IS reason=SINGLE_SLEEVE_INFERIOR decision=SCREEN_OUT_SINGLE_SLEEVE net=73578.0 PF=1.2064 DD=21.8285%
2026-08-30T06:52:22+00:00 RUN_START id=OAFX1827 family=gj_boost_drift_softscale window=SCREEN_IS terminal=BT4 run=oafx_screen_is_oafx1827_20260830155222_38ec09
2026-08-30T06:52:25+00:00 RUN_HEARTBEAT terminal=BT4 pid=54072 elapsed=0s
2026-08-30T06:52:49+00:00 RUN_HEARTBEAT terminal=BT2 pid=46916 elapsed=131s
2026-08-30T06:53:05+00:00 RUN_HEARTBEAT terminal=BT1 pid=22988 elapsed=131s
2026-08-30T06:53:05+00:00 RUN_END id=OAFX1822 window=SCREEN_IS terminal=PROD status=OK decision=SCREEN_OUT_SINGLE_SLEEVE elapsed=249.615s
2026-08-30T06:53:05+00:00 GATE_SKIP id=OAFX1822 window=IS reason=SINGLE_SLEEVE_INFERIOR decision=SCREEN_OUT_SINGLE_SLEEVE net=67947.0 PF=1.1954 DD=23.6091%
2026-08-30T06:53:05+00:00 RUN_START id=OAFX1828 family=gj_boost_drift_softscale window=SCREEN_IS terminal=PROD run=oafx_screen_is_oafx1828_20260830155305_2b6e75
2026-08-30T06:53:08+00:00 RUN_HEARTBEAT terminal=PROD pid=32312 elapsed=0s
2026-08-30T06:53:23+00:00 RUN_HEARTBEAT terminal=BT3 pid=40900 elapsed=130s
2026-08-30T06:53:30+00:00 RUN_HEARTBEAT terminal=BT4 pid=54072 elapsed=65s
2026-08-30T06:53:39+00:00 RUN_END id=OAFX1825 window=SCREEN_IS terminal=BT1 status=OK decision=SCREEN_OUT_SINGLE_SLEEVE elapsed=167.017s
2026-08-30T06:53:39+00:00 GATE_SKIP id=OAFX1825 window=IS reason=SINGLE_SLEEVE_INFERIOR decision=SCREEN_OUT_SINGLE_SLEEVE net=81594.0 PF=1.2187 DD=19.6519%
2026-08-30T06:53:39+00:00 RUN_START id=OAFX1829 family=gj_boost_drift_softscale window=SCREEN_IS terminal=BT1 run=oafx_screen_is_oafx1829_20260830155339_6d5e52
2026-08-30T06:53:41+00:00 RUN_HEARTBEAT terminal=BT1 pid=40968 elapsed=0s
2026-08-30T06:53:55+00:00 RUN_HEARTBEAT terminal=BT2 pid=46916 elapsed=197s
2026-08-30T06:54:12+00:00 RUN_HEARTBEAT terminal=PROD pid=32312 elapsed=65s
2026-08-30T06:54:29+00:00 RUN_HEARTBEAT terminal=BT3 pid=40900 elapsed=197s
2026-08-30T06:54:29+00:00 RUN_END id=OAFX1824 window=SCREEN_IS terminal=BT2 status=OK decision=SCREEN_OUT_SINGLE_SLEEVE elapsed=233.582s
2026-08-30T06:54:29+00:00 GATE_SKIP id=OAFX1824 window=IS reason=SINGLE_SLEEVE_INFERIOR decision=SCREEN_OUT_SINGLE_SLEEVE net=77656.0 PF=1.2131 DD=20.3354%
2026-08-30T06:54:29+00:00 RUN_START id=OAFX1830 family=gj_boost_drift_softscale window=SCREEN_IS terminal=BT2 run=oafx_screen_is_oafx1830_20260830155429_50a5e2
2026-08-30T06:54:31+00:00 RUN_HEARTBEAT terminal=BT2 pid=57284 elapsed=0s
2026-08-30T06:54:35+00:00 RUN_HEARTBEAT terminal=BT4 pid=54072 elapsed=130s
2026-08-30T06:54:46+00:00 RUN_HEARTBEAT terminal=BT1 pid=40968 elapsed=64s
2026-08-30T06:55:02+00:00 RUN_END id=OAFX1826 window=SCREEN_IS terminal=BT3 status=OK decision=SCREEN_OUT_SINGLE_SLEEVE elapsed=233.136s
2026-08-30T06:55:02+00:00 GATE_SKIP id=OAFX1826 window=IS reason=SINGLE_SLEEVE_INFERIOR decision=SCREEN_OUT_SINGLE_SLEEVE net=60438.0 PF=1.1821 DD=24.2904%
2026-08-30T06:55:02+00:00 RUN_START id=OAFX1831 family=gj_boost_drift_softscale window=SCREEN_IS terminal=BT3 run=oafx_screen_is_oafx1831_20260830155502_18dfaf
2026-08-30T06:55:05+00:00 RUN_HEARTBEAT terminal=BT3 pid=53956 elapsed=0s
2026-08-30T06:55:20+00:00 RUN_HEARTBEAT terminal=PROD pid=32312 elapsed=131s
2026-08-30T06:55:37+00:00 RUN_HEARTBEAT terminal=BT2 pid=57284 elapsed=65s
2026-08-30T06:55:41+00:00 RUN_HEARTBEAT terminal=BT4 pid=54072 elapsed=196s
2026-08-30T06:55:53+00:00 RUN_HEARTBEAT terminal=BT1 pid=40968 elapsed=132s
2026-08-30T06:55:57+00:00 RUN_END id=OAFX1827 window=SCREEN_IS terminal=BT4 status=OK decision=SCREEN_OUT_SINGLE_SLEEVE elapsed=214.615s
2026-08-30T06:55:57+00:00 GATE_SKIP id=OAFX1827 window=IS reason=SINGLE_SLEEVE_INFERIOR decision=SCREEN_OUT_SINGLE_SLEEVE net=65222.0 PF=1.1907 DD=23.2645%
2026-08-30T06:55:57+00:00 RUN_START id=OAFX1832 family=gj_boost_drift_softscale window=SCREEN_IS terminal=BT4 run=oafx_screen_is_oafx1832_20260830155557_8cf2e1
2026-08-30T06:55:59+00:00 RUN_HEARTBEAT terminal=BT4 pid=47300 elapsed=0s
2026-08-30T06:56:10+00:00 RUN_HEARTBEAT terminal=BT3 pid=53956 elapsed=65s
2026-08-30T06:56:27+00:00 RUN_HEARTBEAT terminal=PROD pid=32312 elapsed=198s
2026-08-30T06:56:44+00:00 RUN_HEARTBEAT terminal=BT2 pid=57284 elapsed=132s
2026-08-30T06:57:00+00:00 RUN_END id=OAFX1829 window=SCREEN_IS terminal=BT1 status=OK decision=SCREEN_OUT_SINGLE_SLEEVE elapsed=201.318s
2026-08-30T06:57:00+00:00 GATE_SKIP id=OAFX1829 window=IS reason=SINGLE_SLEEVE_INFERIOR decision=SCREEN_OUT_SINGLE_SLEEVE net=72679.0 PF=1.2008 DD=20.8237%
2026-08-30T06:57:00+00:00 RUN_START id=OAFX1833 family=gj_boost_drift_softscale window=SCREEN_IS terminal=BT1 run=oafx_screen_is_oafx1833_20260830155700_2070d4
2026-08-30T06:57:03+00:00 RUN_HEARTBEAT terminal=BT1 pid=56864 elapsed=0s
2026-08-30T06:57:05+00:00 RUN_HEARTBEAT terminal=BT4 pid=47300 elapsed=66s
2026-08-30T06:57:16+00:00 RUN_HEARTBEAT terminal=BT3 pid=53956 elapsed=132s
2026-08-30T06:57:16+00:00 RUN_END id=OAFX1828 window=SCREEN_IS terminal=PROD status=OK decision=SCREEN_OUT_SINGLE_SLEEVE elapsed=251.112s
2026-08-30T06:57:16+00:00 GATE_SKIP id=OAFX1828 window=IS reason=SINGLE_SLEEVE_INFERIOR decision=SCREEN_OUT_SINGLE_SLEEVE net=71913.0 PF=1.2048 DD=21.2851%
2026-08-30T06:57:16+00:00 RUN_START id=OAFX1834 family=gj_boost_drift_softscale window=SCREEN_IS terminal=PROD run=oafx_screen_is_oafx1834_20260830155716_9e9acb
2026-08-30T06:57:19+00:00 RUN_HEARTBEAT terminal=PROD pid=43212 elapsed=0s
2026-08-30T06:57:50+00:00 RUN_HEARTBEAT terminal=BT2 pid=57284 elapsed=198s
2026-08-30T06:58:08+00:00 RUN_HEARTBEAT terminal=BT1 pid=56864 elapsed=66s
2026-08-30T06:58:10+00:00 RUN_HEARTBEAT terminal=BT4 pid=47300 elapsed=131s
2026-08-30T06:58:22+00:00 RUN_HEARTBEAT terminal=BT3 pid=53956 elapsed=198s
2026-08-30T06:58:22+00:00 RUN_END id=OAFX1830 window=SCREEN_IS terminal=BT2 status=OK decision=SCREEN_OUT_SINGLE_SLEEVE elapsed=233.901s
2026-08-30T06:58:22+00:00 GATE_SKIP id=OAFX1830 window=IS reason=SINGLE_SLEEVE_INFERIOR decision=SCREEN_OUT_SINGLE_SLEEVE net=77559.0 PF=1.2082 DD=20.0691%
2026-08-30T06:58:22+00:00 RUN_START id=OAFX1835 family=gj_boost_drift_softscale window=SCREEN_IS terminal=BT2 run=oafx_screen_is_oafx1835_20260830155822_f1c3c7
2026-08-30T06:58:25+00:00 RUN_HEARTBEAT terminal=PROD pid=43212 elapsed=66s
2026-08-30T06:58:25+00:00 RUN_HEARTBEAT terminal=BT2 pid=46172 elapsed=0s
2026-08-30T06:59:12+00:00 RUN_END id=OAFX1831 window=SCREEN_IS terminal=BT3 status=OK decision=SCREEN_OUT_SINGLE_SLEEVE elapsed=249.741s
2026-08-30T06:59:12+00:00 GATE_SKIP id=OAFX1831 window=IS reason=SINGLE_SLEEVE_INFERIOR decision=SCREEN_OUT_SINGLE_SLEEVE net=58538.0 PF=1.1812 DD=23.0753%
2026-08-30T06:59:12+00:00 RUN_START id=OAFX1836 family=gj_boost_drift_softscale window=SCREEN_IS terminal=BT3 run=oafx_screen_is_oafx1836_20260830155912_1040dd
2026-08-30T06:59:14+00:00 RUN_HEARTBEAT terminal=BT1 pid=56864 elapsed=131s
2026-08-30T06:59:15+00:00 RUN_HEARTBEAT terminal=BT3 pid=49920 elapsed=0s
2026-08-30T06:59:15+00:00 RUN_HEARTBEAT terminal=BT4 pid=47300 elapsed=195s
2026-08-30T06:59:31+00:00 RUN_HEARTBEAT terminal=BT2 pid=46172 elapsed=65s
2026-08-30T06:59:31+00:00 RUN_HEARTBEAT terminal=PROD pid=43212 elapsed=132s
2026-08-30T06:59:48+00:00 RUN_END id=OAFX1833 window=SCREEN_IS terminal=BT1 status=OK decision=SCREEN_OUT_SINGLE_SLEEVE elapsed=167.633s
2026-08-30T06:59:48+00:00 GATE_SKIP id=OAFX1833 window=IS reason=SINGLE_SLEEVE_INFERIOR decision=SCREEN_OUT_SINGLE_SLEEVE net=69932.0 PF=1.2027 DD=20.2671%
2026-08-30T06:59:48+00:00 RUN_START id=OAFX1837 family=gj_boost_drift_softscale window=SCREEN_IS terminal=BT1 run=oafx_screen_is_oafx1837_20260830155948_8fb658
2026-08-30T06:59:48+00:00 RUN_END id=OAFX1832 window=SCREEN_IS terminal=BT4 status=OK decision=SCREEN_OUT_SINGLE_SLEEVE elapsed=230.700s
2026-08-30T06:59:48+00:00 GATE_SKIP id=OAFX1832 window=IS reason=SINGLE_SLEEVE_INFERIOR decision=SCREEN_OUT_SINGLE_SLEEVE net=64010.0 PF=1.1915 DD=21.7009%
2026-08-30T06:59:48+00:00 RUN_START id=OAFX1838 family=gj_boost_drift_softscale window=SCREEN_IS terminal=BT4 run=oafx_screen_is_oafx1838_20260830155948_531fb9
2026-08-30T06:59:49+00:00 WAIT_LAUNCH_SLOT terminal=BT1 seconds=8.0
2026-08-30T06:59:50+00:00 RUN_HEARTBEAT terminal=BT4 pid=21908 elapsed=0s
2026-08-30T06:59:58+00:00 RUN_HEARTBEAT terminal=BT1 pid=43552 elapsed=0s
2026-08-30T07:00:21+00:00 RUN_HEARTBEAT terminal=BT3 pid=49920 elapsed=66s
2026-08-30T07:00:37+00:00 RUN_HEARTBEAT terminal=BT2 pid=46172 elapsed=132s
2026-08-30T07:00:37+00:00 RUN_HEARTBEAT terminal=PROD pid=43212 elapsed=198s
2026-08-30T07:00:55+00:00 RUN_HEARTBEAT terminal=BT4 pid=21908 elapsed=65s
2026-08-30T07:01:07+00:00 RUN_HEARTBEAT terminal=BT1 pid=43552 elapsed=69s
2026-08-30T07:01:10+00:00 RUN_END id=OAFX1834 window=SCREEN_IS terminal=PROD status=OK decision=SCREEN_OUT_SINGLE_SLEEVE elapsed=233.866s
2026-08-30T07:01:10+00:00 GATE_SKIP id=OAFX1834 window=IS reason=SINGLE_SLEEVE_INFERIOR decision=SCREEN_OUT_SINGLE_SLEEVE net=70654.0 PF=1.198 DD=20.4468%
2026-08-30T07:01:10+00:00 RUN_START id=OAFX1839 family=gj_boost_drift_softscale window=SCREEN_IS terminal=PROD run=oafx_screen_is_oafx1839_20260830160110_c04878
2026-08-30T07:01:13+00:00 RUN_HEARTBEAT terminal=PROD pid=41616 elapsed=0s
2026-08-30T07:01:27+00:00 RUN_HEARTBEAT terminal=BT3 pid=49920 elapsed=132s
2026-08-30T07:01:44+00:00 RUN_HEARTBEAT terminal=BT2 pid=46172 elapsed=198s
2026-08-30T07:02:00+00:00 RUN_HEARTBEAT terminal=BT4 pid=21908 elapsed=130s
2026-08-30T07:02:14+00:00 RUN_HEARTBEAT terminal=BT1 pid=43552 elapsed=136s
2026-08-30T07:02:16+00:00 RUN_END id=OAFX1838 window=SCREEN_IS terminal=BT4 status=OK decision=SCREEN_OUT_SINGLE_SLEEVE elapsed=148.646s
2026-08-30T07:02:16+00:00 GATE_SKIP id=OAFX1838 window=IS reason=SINGLE_SLEEVE_INFERIOR decision=SCREEN_OUT_SINGLE_SLEEVE net=65124.0 PF=1.1906 DD=20.8582%
2026-08-30T07:02:16+00:00 RUN_START id=OAFX1840 family=gj_boost_drift_softscale window=SCREEN_IS terminal=BT4 run=oafx_screen_is_oafx1840_20260830160216_cf9063
2026-08-30T07:02:18+00:00 RUN_HEARTBEAT terminal=PROD pid=41616 elapsed=65s
2026-08-30T07:02:19+00:00 RUN_HEARTBEAT terminal=BT4 pid=56652 elapsed=0s
2026-08-30T07:02:33+00:00 RUN_HEARTBEAT terminal=BT3 pid=49920 elapsed=198s
2026-08-30T07:02:33+00:00 RUN_END id=OAFX1835 window=SCREEN_IS terminal=BT2 status=OK decision=SCREEN_OUT_SINGLE_SLEEVE elapsed=250.143s
2026-08-30T07:02:33+00:00 GATE_SKIP id=OAFX1835 window=IS reason=SINGLE_SLEEVE_INFERIOR decision=SCREEN_OUT_SINGLE_SLEEVE net=76224.0 PF=1.2066 DD=19.6157%
2026-08-30T07:02:33+00:00 RUN_START id=OAFX1841 family=gj_boost_drift_softscale window=SCREEN_IS terminal=BT2 run=oafx_screen_is_oafx1841_20260830160233_5ca1fe
2026-08-30T07:02:35+00:00 RUN_HEARTBEAT terminal=BT2 pid=35680 elapsed=0s
2026-08-30T07:03:06+00:00 RUN_END id=OAFX1836 window=SCREEN_IS terminal=BT3 status=OK decision=SCREEN_OUT_SINGLE_SLEEVE elapsed=233.766s
2026-08-30T07:03:06+00:00 GATE_SKIP id=OAFX1836 window=IS reason=SINGLE_SLEEVE_INFERIOR decision=SCREEN_OUT_SINGLE_SLEEVE net=53214.0 PF=1.1674 DD=22.7861%
2026-08-30T07:03:06+00:00 RUN_START id=OAFX1842 family=gj_boost_drift_softscale window=SCREEN_IS terminal=BT3 run=oafx_screen_is_oafx1842_20260830160306_2e1b14
2026-08-30T07:03:08+00:00 RUN_HEARTBEAT terminal=BT3 pid=4344 elapsed=0s
2026-08-30T07:03:20+00:00 RUN_HEARTBEAT terminal=BT1 pid=43552 elapsed=202s
2026-08-30T07:03:23+00:00 RUN_HEARTBEAT terminal=PROD pid=41616 elapsed=130s
2026-08-30T07:03:24+00:00 RUN_HEARTBEAT terminal=BT4 pid=56652 elapsed=65s
2026-08-30T07:03:36+00:00 RUN_END id=OAFX1837 window=SCREEN_IS terminal=BT1 status=OK decision=SCREEN_OUT_SINGLE_SLEEVE elapsed=228.232s
2026-08-30T07:03:36+00:00 GATE_SKIP id=OAFX1837 window=IS reason=SINGLE_SLEEVE_INFERIOR decision=SCREEN_OUT_SINGLE_SLEEVE net=60164.0 PF=1.1824 DD=21.869%
2026-08-30T07:03:36+00:00 RUN_START id=OAFX1843 family=gj_boost_drift_softscale window=SCREEN_IS terminal=BT1 run=oafx_screen_is_oafx1843_20260830160336_cd561c
2026-08-30T07:03:38+00:00 RUN_HEARTBEAT terminal=BT1 pid=53796 elapsed=0s
2026-08-30T07:03:40+00:00 RUN_HEARTBEAT terminal=BT2 pid=35680 elapsed=65s
2026-08-30T07:04:13+00:00 RUN_HEARTBEAT terminal=BT3 pid=4344 elapsed=65s
2026-08-30T07:04:28+00:00 RUN_HEARTBEAT terminal=PROD pid=41616 elapsed=195s
2026-08-30T07:04:29+00:00 RUN_HEARTBEAT terminal=BT4 pid=56652 elapsed=130s
2026-08-30T07:04:45+00:00 RUN_HEARTBEAT terminal=BT1 pid=53796 elapsed=66s
2026-08-30T07:04:45+00:00 RUN_HEARTBEAT terminal=BT2 pid=35680 elapsed=131s
2026-08-30T07:04:46+00:00 RUN_END id=OAFX1840 window=SCREEN_IS terminal=BT4 status=OK decision=SCREEN_OUT_SINGLE_SLEEVE elapsed=149.128s
2026-08-30T07:04:46+00:00 GATE_SKIP id=OAFX1840 window=IS reason=SINGLE_SLEEVE_INFERIOR decision=SCREEN_OUT_SINGLE_SLEEVE net=73172.0 PF=1.199 DD=19.9405%
2026-08-30T07:04:46+00:00 RUN_START id=OAFX1844 family=gj_boost_drift_softscale window=SCREEN_IS terminal=BT4 run=oafx_screen_is_oafx1844_20260830160446_98b856
2026-08-30T07:04:48+00:00 RUN_HEARTBEAT terminal=BT4 pid=53128 elapsed=0s
2026-08-30T07:05:01+00:00 WAIT_MT5_IDLE terminal=PROD elapsed=1s pids=[52804]
2026-08-30T07:05:18+00:00 RUN_HEARTBEAT terminal=BT3 pid=4344 elapsed=130s
2026-08-30T07:05:51+00:00 RUN_HEARTBEAT terminal=BT2 pid=35680 elapsed=196s
2026-08-30T07:05:51+00:00 RUN_HEARTBEAT terminal=BT1 pid=53796 elapsed=133s
2026-08-30T07:05:52+00:00 RUN_HEARTBEAT terminal=BT4 pid=53128 elapsed=64s
2026-08-30T07:06:08+00:00 WAIT_MT5_IDLE terminal=PROD elapsed=68s pids=[52804]
2026-08-30T07:06:25+00:00 RUN_HEARTBEAT terminal=BT3 pid=4344 elapsed=196s
2026-08-30T07:06:41+00:00 RUN_END id=OAFX1841 window=SCREEN_IS terminal=BT2 status=OK decision=SCREEN_OUT_SINGLE_SLEEVE elapsed=248.483s
2026-08-30T07:06:41+00:00 GATE_SKIP id=OAFX1841 window=IS reason=SINGLE_SLEEVE_INFERIOR decision=SCREEN_OUT_SINGLE_SLEEVE net=52645.0 PF=1.171 DD=22.1206%
2026-08-30T07:06:41+00:00 RUN_START id=OAFX1845 family=gj_boost_drift_softscale window=SCREEN_IS terminal=BT2 run=oafx_screen_is_oafx1845_20260830160641_f71172
2026-08-30T07:06:43+00:00 RUN_HEARTBEAT terminal=BT2 pid=46432 elapsed=0s
2026-08-30T07:06:57+00:00 RUN_HEARTBEAT terminal=BT1 pid=53796 elapsed=199s
2026-08-30T07:06:57+00:00 RUN_END id=OAFX1842 window=SCREEN_IS terminal=BT3 status=OK decision=SCREEN_OUT_SINGLE_SLEEVE elapsed=231.552s
2026-08-30T07:06:57+00:00 GATE_SKIP id=OAFX1842 window=IS reason=SINGLE_SLEEVE_INFERIOR decision=SCREEN_OUT_SINGLE_SLEEVE net=55604.0 PF=1.1718 DD=21.7711%
2026-08-30T07:06:57+00:00 RUN_START id=OAFX1846 family=gj_boost_drift_softscale window=SCREEN_IS terminal=BT3 run=oafx_screen_is_oafx1846_20260830160657_7b9712
2026-08-30T07:06:57+00:00 RUN_END id=OAFX1844 window=SCREEN_IS terminal=BT4 status=OK decision=SCREEN_OUT_SINGLE_SLEEVE elapsed=131.830s
2026-08-30T07:06:57+00:00 GATE_SKIP id=OAFX1844 window=IS reason=SINGLE_SLEEVE_INFERIOR decision=SCREEN_OUT_SINGLE_SLEEVE net=70035.0 PF=1.2007 DD=20.1381%
2026-08-30T07:06:57+00:00 RUN_START id=OAFX1847 family=gj_boost_drift_softscale window=SCREEN_IS terminal=BT4 run=oafx_screen_is_oafx1847_20260830160657_6d82ea
2026-08-30T07:06:59+00:00 WAIT_LAUNCH_SLOT terminal=BT3 seconds=8.0
2026-08-30T07:07:00+00:00 RUN_HEARTBEAT terminal=BT4 pid=54820 elapsed=0s
2026-08-30T07:07:08+00:00 RUN_HEARTBEAT terminal=BT3 pid=31808 elapsed=0s
2026-08-30T07:07:13+00:00 WAIT_MT5_IDLE terminal=PROD elapsed=134s pids=[52804]
2026-08-30T07:07:13+00:00 RUN_END id=OAFX1843 window=SCREEN_IS terminal=BT1 status=OK decision=SCREEN_OUT_SINGLE_SLEEVE elapsed=217.392s
2026-08-30T07:07:13+00:00 GATE_SKIP id=OAFX1843 window=IS reason=SINGLE_SLEEVE_INFERIOR decision=SCREEN_OUT_SINGLE_SLEEVE net=61443.0 PF=1.1823 DD=21.0606%
2026-08-30T07:07:13+00:00 RUN_START id=OAFX1848 family=gj_boost_drift_softscale window=SCREEN_IS terminal=BT1 run=oafx_screen_is_oafx1848_20260830160713_a403e9
2026-08-30T07:07:15+00:00 WAIT_LAUNCH_SLOT terminal=BT1 seconds=0.0
2026-08-30T07:07:16+00:00 RUN_HEARTBEAT terminal=BT1 pid=43240 elapsed=0s
2026-08-30T07:07:48+00:00 RUN_HEARTBEAT terminal=BT2 pid=46432 elapsed=65s
2026-08-30T07:08:05+00:00 RUN_HEARTBEAT terminal=BT4 pid=54820 elapsed=65s
2026-08-30T07:08:13+00:00 RUN_HEARTBEAT terminal=BT3 pid=31808 elapsed=65s
2026-08-30T07:08:18+00:00 WAIT_MT5_IDLE terminal=PROD elapsed=198s pids=[52804]
2026-08-30T07:08:21+00:00 RUN_HEARTBEAT terminal=BT1 pid=43240 elapsed=65s
2026-08-30T07:08:53+00:00 RUN_END id=OAFX1845 window=SCREEN_IS terminal=BT2 status=OK decision=SCREEN_OUT_SINGLE_SLEEVE elapsed=132.096s
2026-08-30T07:08:53+00:00 GATE_SKIP id=OAFX1845 window=IS reason=SINGLE_SLEEVE_INFERIOR decision=SCREEN_OUT_SINGLE_SLEEVE net=73685.0 PF=1.2025 DD=19.6539%
2026-08-30T07:08:53+00:00 RUN_START id=OAFX1849 family=gj_boost_drift_softscale window=SCREEN_IS terminal=BT2 run=oafx_screen_is_oafx1849_20260830160853_bf14ce
2026-08-30T07:08:55+00:00 RUN_HEARTBEAT terminal=BT2 pid=47424 elapsed=0s
2026-08-30T07:09:10+00:00 RUN_END id=OAFX1847 window=SCREEN_IS terminal=BT4 status=OK decision=SCREEN_OUT_SINGLE_SLEEVE elapsed=132.065s
2026-08-30T07:09:10+00:00 GATE_SKIP id=OAFX1847 window=IS reason=SINGLE_SLEEVE_INFERIOR decision=SCREEN_OUT_SINGLE_SLEEVE net=55500.0 PF=1.1766 DD=20.3216%
2026-08-30T07:09:10+00:00 RUN_START id=OAFX1850 family=gj_boost_drift_softscale window=SCREEN_IS terminal=BT4 run=oafx_screen_is_oafx1850_20260830160910_7f7a1b
2026-08-30T07:09:12+00:00 RUN_HEARTBEAT terminal=BT4 pid=50484 elapsed=0s
2026-08-30T07:09:19+00:00 RUN_HEARTBEAT terminal=BT3 pid=31808 elapsed=131s
2026-08-30T07:09:22+00:00 WAIT_MT5_IDLE terminal=PROD elapsed=263s pids=[52804]
2026-08-30T07:09:26+00:00 RUN_HEARTBEAT terminal=BT1 pid=43240 elapsed=130s
2026-08-30T07:10:00+00:00 RUN_HEARTBEAT terminal=BT2 pid=47424 elapsed=64s
2026-08-30T07:10:11+00:00 KILL_ORPHAN_TESTER terminal=PROD pids=[52804] orphan_seconds=310
2026-08-30T07:10:16+00:00 RUN_HEARTBEAT terminal=BT4 pid=50484 elapsed=65s
2026-08-30T07:10:23+00:00 RUN_HEARTBEAT terminal=BT3 pid=31808 elapsed=195s
2026-08-30T07:10:27+00:00 RUN_END id=OAFX1839 window=SCREEN_IS terminal=PROD status=OK decision=SCREEN_OUT_SINGLE_SLEEVE elapsed=556.647s
2026-08-30T07:10:27+00:00 GATE_SKIP id=OAFX1839 window=IS reason=SINGLE_SLEEVE_INFERIOR decision=SCREEN_OUT_SINGLE_SLEEVE net=70119.0 PF=1.1986 DD=20.5072%
2026-08-30T07:10:27+00:00 RUN_START id=OAFX1851 family=gj_boost_drift_softscale window=SCREEN_IS terminal=PROD run=oafx_screen_is_oafx1851_20260830161027_ca97a1
2026-08-30T07:10:29+00:00 RUN_HEARTBEAT terminal=PROD pid=40272 elapsed=0s
2026-08-30T07:10:30+00:00 RUN_HEARTBEAT terminal=BT1 pid=43240 elapsed=194s
2026-08-30T07:10:46+00:00 RUN_END id=OAFX1848 window=SCREEN_IS terminal=BT1 status=OK decision=SCREEN_OUT_SINGLE_SLEEVE elapsed=212.665s
2026-08-30T07:10:46+00:00 GATE_SKIP id=OAFX1848 window=IS reason=SINGLE_SLEEVE_INFERIOR decision=SCREEN_OUT_SINGLE_SLEEVE net=59447.0 PF=1.1794 DD=20.2099%
2026-08-30T07:10:46+00:00 RUN_START id=OAFX1852 family=gj_boost_drift_softscale window=SCREEN_IS terminal=BT1 run=oafx_screen_is_oafx1852_20260830161046_5541a8
2026-08-30T07:10:48+00:00 RUN_HEARTBEAT terminal=BT1 pid=50584 elapsed=0s
2026-08-30T07:10:55+00:00 RUN_END id=OAFX1846 window=SCREEN_IS terminal=BT3 status=OK decision=SCREEN_OUT_SINGLE_SLEEVE elapsed=237.730s
2026-08-30T07:10:55+00:00 GATE_SKIP id=OAFX1846 window=IS reason=SINGLE_SLEEVE_INFERIOR decision=SCREEN_OUT_SINGLE_SLEEVE net=49922.0 PF=1.166 DD=21.5458%
2026-08-30T07:10:55+00:00 RUN_START id=OAFX1853 family=gj_boost_drift_softscale window=SCREEN_IS terminal=BT3 run=oafx_screen_is_oafx1853_20260830161055_fbf973
2026-08-30T07:10:57+00:00 RUN_HEARTBEAT terminal=BT3 pid=56968 elapsed=0s
2026-08-30T07:11:05+00:00 RUN_HEARTBEAT terminal=BT2 pid=47424 elapsed=129s
2026-08-30T07:11:21+00:00 RUN_HEARTBEAT terminal=BT4 pid=50484 elapsed=130s
2026-08-30T07:11:34+00:00 RUN_HEARTBEAT terminal=PROD pid=40272 elapsed=65s
2026-08-30T07:11:38+00:00 RUN_END id=OAFX1850 window=SCREEN_IS terminal=BT4 status=OK decision=SCREEN_OUT_SINGLE_SLEEVE elapsed=148.100s
2026-08-30T07:11:38+00:00 GATE_SKIP id=OAFX1850 window=IS reason=SINGLE_SLEEVE_INFERIOR decision=SCREEN_OUT_SINGLE_SLEEVE net=74679.0 PF=1.2076 DD=18.8083%
2026-08-30T07:11:38+00:00 RUN_START id=OAFX1854 family=gj_boost_drift_softscale window=SCREEN_IS terminal=BT4 run=oafx_screen_is_oafx1854_20260830161138_185942
2026-08-30T07:11:40+00:00 RUN_HEARTBEAT terminal=BT4 pid=33704 elapsed=0s
2026-08-30T07:11:54+00:00 RUN_HEARTBEAT terminal=BT1 pid=50584 elapsed=66s
2026-08-30T07:12:02+00:00 RUN_HEARTBEAT terminal=BT3 pid=56968 elapsed=65s
2026-08-30T07:12:10+00:00 RUN_END id=OAFX1849 window=SCREEN_IS terminal=BT2 status=OK decision=SCREEN_OUT_SINGLE_SLEEVE elapsed=196.755s
2026-08-30T07:12:10+00:00 GATE_SKIP id=OAFX1849 window=IS reason=SINGLE_SLEEVE_INFERIOR decision=SCREEN_OUT_SINGLE_SLEEVE net=71352.0 PF=1.2074 DD=18.9215%
2026-08-30T07:12:10+00:00 RUN_START id=OAFX1855 family=gj_boost_drift_softscale window=SCREEN_IS terminal=BT2 run=oafx_screen_is_oafx1855_20260830161210_d4e8c5
2026-08-30T07:12:12+00:00 RUN_HEARTBEAT terminal=BT2 pid=49176 elapsed=0s
2026-08-30T07:12:39+00:00 RUN_HEARTBEAT terminal=PROD pid=40272 elapsed=130s
2026-08-30T07:12:44+00:00 RUN_HEARTBEAT terminal=BT4 pid=33704 elapsed=65s
2026-08-30T07:12:58+00:00 RUN_HEARTBEAT terminal=BT1 pid=50584 elapsed=130s
2026-08-30T07:13:09+00:00 RUN_HEARTBEAT terminal=BT3 pid=56968 elapsed=131s
2026-08-30T07:13:17+00:00 RUN_HEARTBEAT terminal=BT2 pid=49176 elapsed=65s
2026-08-30T07:13:44+00:00 RUN_HEARTBEAT terminal=PROD pid=40272 elapsed=194s
2026-08-30T07:13:50+00:00 RUN_HEARTBEAT terminal=BT4 pid=33704 elapsed=130s
2026-08-30T07:14:00+00:00 RUN_END id=OAFX1851 window=SCREEN_IS terminal=PROD status=OK decision=SCREEN_OUT_SINGLE_SLEEVE elapsed=212.777s
2026-08-30T07:14:00+00:00 GATE_SKIP id=OAFX1851 window=IS reason=SINGLE_SLEEVE_INFERIOR decision=SCREEN_OUT_SINGLE_SLEEVE net=45806.0 PF=1.1559 DD=21.7502%
2026-08-30T07:14:00+00:00 RUN_START id=OAFX1856 family=gj_boost_drift_softscale window=SCREEN_IS terminal=PROD run=oafx_screen_is_oafx1856_20260830161400_9e7b60
2026-08-30T07:14:02+00:00 RUN_HEARTBEAT terminal=PROD pid=48280 elapsed=0s
2026-08-30T07:14:03+00:00 RUN_HEARTBEAT terminal=BT1 pid=50584 elapsed=195s
2026-08-30T07:14:14+00:00 RUN_HEARTBEAT terminal=BT3 pid=56968 elapsed=197s
2026-08-30T07:14:22+00:00 RUN_HEARTBEAT terminal=BT2 pid=49176 elapsed=130s
2026-08-30T07:14:52+00:00 RUN_END id=OAFX1852 window=SCREEN_IS terminal=BT1 status=OK decision=SCREEN_OUT_SINGLE_SLEEVE elapsed=245.870s
2026-08-30T07:14:52+00:00 GATE_SKIP id=OAFX1852 window=IS reason=SINGLE_SLEEVE_INFERIOR decision=SCREEN_OUT_SINGLE_SLEEVE net=50895.0 PF=1.1638 DD=21.0848%
2026-08-30T07:14:52+00:00 RUN_START id=OAFX1857 family=gj_boost_drift_softscale window=SCREEN_IS terminal=BT1 run=oafx_screen_is_oafx1857_20260830161452_5395a2
2026-08-30T07:14:54+00:00 RUN_HEARTBEAT terminal=BT1 pid=50900 elapsed=0s
2026-08-30T07:14:55+00:00 RUN_HEARTBEAT terminal=BT4 pid=33704 elapsed=195s
2026-08-30T07:15:03+00:00 RUN_END id=OAFX1853 window=SCREEN_IS terminal=BT3 status=OK decision=SCREEN_OUT_SINGLE_SLEEVE elapsed=248.173s
2026-08-30T07:15:03+00:00 GATE_SKIP id=OAFX1853 window=IS reason=SINGLE_SLEEVE_INFERIOR decision=SCREEN_OUT_SINGLE_SLEEVE net=60568.0 PF=1.1873 DD=19.8125%
2026-08-30T07:15:03+00:00 RUN_START id=OAFX1858 family=gj_boost_drift_softscale window=SCREEN_IS terminal=BT3 run=oafx_screen_is_oafx1858_20260830161503_b7d7af
2026-08-30T07:15:05+00:00 RUN_HEARTBEAT terminal=BT3 pid=48176 elapsed=0s
2026-08-30T07:15:07+00:00 RUN_HEARTBEAT terminal=PROD pid=48280 elapsed=65s
2026-08-30T07:15:11+00:00 RUN_END id=OAFX1855 window=SCREEN_IS terminal=BT2 status=OK decision=SCREEN_OUT_SINGLE_SLEEVE elapsed=180.859s
2026-08-30T07:15:11+00:00 GATE_SKIP id=OAFX1855 window=IS reason=SINGLE_SLEEVE_INFERIOR decision=SCREEN_OUT_SINGLE_SLEEVE net=74096.0 PF=1.2071 DD=18.9639%
2026-08-30T07:15:11+00:00 RUN_START id=OAFX1859 family=gj_boost_drift_softscale window=SCREEN_IS terminal=BT2 run=oafx_screen_is_oafx1859_20260830161511_768bc7
2026-08-30T07:15:11+00:00 RUN_END id=OAFX1854 window=SCREEN_IS terminal=BT4 status=OK decision=SCREEN_NOISE_BAND elapsed=213.266s
2026-08-30T07:15:11+00:00 GATE_SKIP id=OAFX1854 window=IS reason=SINGLE_SLEEVE_INFERIOR decision=SCREEN_NOISE_BAND net=68552.0 PF=1.2007 DD=19.3185%
2026-08-30T07:15:11+00:00 RUN_START id=OAFX1860 family=gj_boost_drift_softscale window=SCREEN_IS terminal=BT4 run=oafx_screen_is_oafx1860_20260830161511_6b0269
2026-08-30T07:15:12+00:00 WAIT_LAUNCH_SLOT terminal=BT2 seconds=0.2
2026-08-30T07:15:12+00:00 WAIT_LAUNCH_SLOT terminal=BT4 seconds=8.2
2026-08-30T07:15:14+00:00 RUN_HEARTBEAT terminal=BT2 pid=35864 elapsed=0s
2026-08-30T07:15:22+00:00 RUN_HEARTBEAT terminal=BT4 pid=49576 elapsed=0s
2026-08-30T07:16:01+00:00 RUN_HEARTBEAT terminal=BT1 pid=50900 elapsed=66s
2026-08-30T07:16:12+00:00 RUN_HEARTBEAT terminal=BT3 pid=48176 elapsed=66s
2026-08-30T07:16:12+00:00 RUN_HEARTBEAT terminal=PROD pid=48280 elapsed=129s
2026-08-30T07:16:19+00:00 RUN_HEARTBEAT terminal=BT2 pid=35864 elapsed=65s
2026-08-30T07:16:28+00:00 RUN_HEARTBEAT terminal=BT4 pid=49576 elapsed=66s
2026-08-30T07:17:05+00:00 RUN_HEARTBEAT terminal=BT1 pid=50900 elapsed=131s
2026-08-30T07:17:20+00:00 RUN_HEARTBEAT terminal=BT3 pid=48176 elapsed=134s
2026-08-30T07:17:20+00:00 RUN_END id=OAFX1856 window=SCREEN_IS terminal=PROD status=OK decision=SCREEN_OUT_SINGLE_SLEEVE elapsed=199.974s
2026-08-30T07:17:20+00:00 GATE_SKIP id=OAFX1856 window=IS reason=SINGLE_SLEEVE_INFERIOR decision=SCREEN_OUT_SINGLE_SLEEVE net=51186.0 PF=1.1827 DD=18.1025%
2026-08-30T07:17:20+00:00 RUN_START id=OAFX1861 family=gj_boost_drift_softscale window=SCREEN_IS terminal=PROD run=oafx_screen_is_oafx1861_20260830161720_8a0ee1
2026-08-30T07:17:22+00:00 RUN_HEARTBEAT terminal=PROD pid=29948 elapsed=0s
2026-08-30T07:17:24+00:00 RUN_HEARTBEAT terminal=BT2 pid=35864 elapsed=130s
2026-08-30T07:17:36+00:00 RUN_HEARTBEAT terminal=BT4 pid=49576 elapsed=134s
2026-08-30T07:17:38+00:00 RUN_END id=OAFX1857 window=SCREEN_IS terminal=BT1 status=OK decision=SCREEN_NOISE_BAND elapsed=165.939s
2026-08-30T07:17:38+00:00 GATE_SKIP id=OAFX1857 window=IS reason=SINGLE_SLEEVE_INFERIOR decision=SCREEN_NOISE_BAND net=55977.0 PF=1.1862 DD=19.0328%
2026-08-30T07:17:38+00:00 RUN_START id=OAFX1862 family=gj_boost_drift_softscale window=SCREEN_IS terminal=BT1 run=oafx_screen_is_oafx1862_20260830161738_c7388d
2026-08-30T07:17:40+00:00 RUN_HEARTBEAT terminal=BT1 pid=8080 elapsed=0s
2026-08-30T07:18:26+00:00 RUN_END id=OAFX1858 window=SCREEN_IS terminal=BT3 status=OK decision=SCREEN_OUT_SINGLE_SLEEVE elapsed=202.721s
2026-08-30T07:18:26+00:00 GATE_SKIP id=OAFX1858 window=IS reason=SINGLE_SLEEVE_INFERIOR decision=SCREEN_OUT_SINGLE_SLEEVE net=64653.0 PF=1.2042 DD=18.2581%
2026-08-30T07:18:26+00:00 RUN_START id=OAFX1863 family=gj_boost_drift_softscale window=SCREEN_IS terminal=BT3 run=oafx_screen_is_oafx1863_20260830161826_da2ff3
2026-08-30T07:18:27+00:00 RUN_HEARTBEAT terminal=PROD pid=29948 elapsed=65s
2026-08-30T07:18:28+00:00 RUN_HEARTBEAT terminal=BT3 pid=53584 elapsed=0s
2026-08-30T07:18:29+00:00 RUN_HEARTBEAT terminal=BT2 pid=35864 elapsed=195s
2026-08-30T07:18:42+00:00 RUN_HEARTBEAT terminal=BT4 pid=49576 elapsed=201s
2026-08-30T07:18:45+00:00 RUN_HEARTBEAT terminal=BT1 pid=8080 elapsed=65s
2026-08-30T07:19:15+00:00 RUN_END id=OAFX1860 window=SCREEN_IS terminal=BT4 status=OK decision=SCREEN_PASS_DD elapsed=244.028s
2026-08-30T07:19:15+00:00 RUN_START id=OAFX1860 family=gj_boost_drift_softscale window=IS terminal=BT4 run=oafx_is_oafx1860_20260830161915_28993b
2026-08-30T07:19:17+00:00 RUN_HEARTBEAT terminal=BT4 pid=48592 elapsed=0s
2026-08-30T07:19:18+00:00 RUN_END id=OAFX1859 window=SCREEN_IS terminal=BT2 status=OK decision=SCREEN_OUT_SINGLE_SLEEVE elapsed=246.801s
2026-08-30T07:19:18+00:00 GATE_SKIP id=OAFX1859 window=IS reason=SINGLE_SLEEVE_INFERIOR decision=SCREEN_OUT_SINGLE_SLEEVE net=72093.0 PF=1.2145 DD=17.9014%
2026-08-30T07:19:18+00:00 RUN_START id=OAFX1864 family=gj_boost_drift_softscale window=SCREEN_IS terminal=BT2 run=oafx_screen_is_oafx1864_20260830161918_171ef0
2026-08-30T07:19:19+00:00 WAIT_LAUNCH_SLOT terminal=BT2 seconds=5.2
2026-08-30T07:19:25+00:00 RUN_HEARTBEAT terminal=BT2 pid=33676 elapsed=0s
2026-08-30T07:19:31+00:00 RUN_HEARTBEAT terminal=PROD pid=29948 elapsed=129s
2026-08-30T07:19:33+00:00 RUN_HEARTBEAT terminal=BT3 pid=53584 elapsed=65s
2026-08-30T07:19:50+00:00 RUN_HEARTBEAT terminal=BT1 pid=8080 elapsed=130s
2026-08-30T07:20:22+00:00 RUN_HEARTBEAT terminal=BT4 pid=48592 elapsed=65s
2026-08-30T07:20:32+00:00 RUN_HEARTBEAT terminal=BT2 pid=33676 elapsed=67s
2026-08-30T07:20:39+00:00 RUN_HEARTBEAT terminal=PROD pid=29948 elapsed=196s
2026-08-30T07:20:39+00:00 RUN_HEARTBEAT terminal=BT3 pid=53584 elapsed=130s
2026-08-30T07:20:56+00:00 RUN_HEARTBEAT terminal=BT1 pid=8080 elapsed=195s
2026-08-30T07:21:13+00:00 RUN_END id=OAFX1862 window=SCREEN_IS terminal=BT1 status=OK decision=SCREEN_OUT_SINGLE_SLEEVE elapsed=214.788s
2026-08-30T07:21:13+00:00 GATE_SKIP id=OAFX1862 window=IS reason=SINGLE_SLEEVE_INFERIOR decision=SCREEN_OUT_SINGLE_SLEEVE net=52638.0 PF=1.1785 DD=18.2314%
2026-08-30T07:21:13+00:00 RUN_START id=OAFX1865 family=gj_boost_drift_softscale window=SCREEN_IS terminal=BT1 run=oafx_screen_is_oafx1865_20260830162113_771e4c
2026-08-30T07:21:15+00:00 RUN_HEARTBEAT terminal=BT1 pid=26296 elapsed=0s
2026-08-30T07:21:29+00:00 RUN_HEARTBEAT terminal=BT4 pid=48592 elapsed=132s
2026-08-30T07:21:29+00:00 RUN_END id=OAFX1861 window=SCREEN_IS terminal=PROD status=OK decision=SCREEN_OUT_SINGLE_SLEEVE elapsed=249.212s
2026-08-30T07:21:29+00:00 GATE_SKIP id=OAFX1861 window=IS reason=SINGLE_SLEEVE_INFERIOR decision=SCREEN_OUT_SINGLE_SLEEVE net=46745.0 PF=1.1696 DD=18.6277%
2026-08-30T07:21:29+00:00 RUN_START id=OAFX1866 family=gj_boost_drift_softscale window=SCREEN_IS terminal=PROD run=oafx_screen_is_oafx1866_20260830162129_7160ad
2026-08-30T07:21:31+00:00 RUN_HEARTBEAT terminal=PROD pid=3440 elapsed=0s
2026-08-30T07:21:37+00:00 RUN_HEARTBEAT terminal=BT2 pid=33676 elapsed=132s
2026-08-30T07:21:45+00:00 RUN_END id=OAFX1863 window=SCREEN_IS terminal=BT3 status=OK decision=SCREEN_OUT_SINGLE_SLEEVE elapsed=198.992s
2026-08-30T07:21:45+00:00 GATE_SKIP id=OAFX1863 window=IS reason=SINGLE_SLEEVE_INFERIOR decision=SCREEN_OUT_SINGLE_SLEEVE net=62269.0 PF=1.1983 DD=18.359%
2026-08-30T07:21:45+00:00 RUN_START id=OAFX1867 family=gj_boost_drift_softscale window=SCREEN_IS terminal=BT3 run=oafx_screen_is_oafx1867_20260830162145_479026
2026-08-30T07:21:47+00:00 RUN_HEARTBEAT terminal=BT3 pid=39344 elapsed=0s
2026-08-30T07:22:22+00:00 RUN_HEARTBEAT terminal=BT1 pid=26296 elapsed=66s
2026-08-30T07:22:35+00:00 RUN_HEARTBEAT terminal=BT4 pid=48592 elapsed=197s
2026-08-30T07:22:39+00:00 RUN_HEARTBEAT terminal=PROD pid=3440 elapsed=67s
2026-08-30T07:22:43+00:00 RUN_HEARTBEAT terminal=BT2 pid=33676 elapsed=198s
2026-08-30T07:22:56+00:00 RUN_HEARTBEAT terminal=BT3 pid=39344 elapsed=68s
2026-08-30T07:23:29+00:00 RUN_HEARTBEAT terminal=BT1 pid=26296 elapsed=134s
2026-08-30T07:23:32+00:00 RUN_END id=OAFX1864 window=SCREEN_IS terminal=BT2 status=OK decision=SCREEN_OUT_SINGLE_SLEEVE elapsed=254.057s
2026-08-30T07:23:32+00:00 GATE_SKIP id=OAFX1864 window=IS reason=SINGLE_SLEEVE_INFERIOR decision=SCREEN_OUT_SINGLE_SLEEVE net=68436.0 PF=1.205 DD=17.9834%
2026-08-30T07:23:32+00:00 RUN_START id=OAFX1868 family=gj_boost_drift_softscale window=SCREEN_IS terminal=BT2 run=oafx_screen_is_oafx1868_20260830162332_3efd5c
2026-08-30T07:23:34+00:00 RUN_HEARTBEAT terminal=BT2 pid=9352 elapsed=0s
2026-08-30T07:23:40+00:00 RUN_HEARTBEAT terminal=BT4 pid=48592 elapsed=263s
2026-08-30T07:23:46+00:00 RUN_HEARTBEAT terminal=PROD pid=3440 elapsed=134s
2026-08-30T07:24:03+00:00 RUN_HEARTBEAT terminal=BT3 pid=39344 elapsed=135s
2026-08-30T07:24:36+00:00 RUN_END id=OAFX1865 window=SCREEN_IS terminal=BT1 status=OK decision=SCREEN_PASS_DD elapsed=203.387s
2026-08-30T07:24:36+00:00 RUN_START id=OAFX1865 family=gj_boost_drift_softscale window=IS terminal=BT1 run=oafx_is_oafx1865_20260830162436_5fe929
2026-08-30T07:24:38+00:00 RUN_HEARTBEAT terminal=BT1 pid=51828 elapsed=0s
2026-08-30T07:24:40+00:00 RUN_HEARTBEAT terminal=BT2 pid=9352 elapsed=66s
2026-08-30T07:24:45+00:00 RUN_HEARTBEAT terminal=BT4 pid=48592 elapsed=328s
2026-08-30T07:24:52+00:00 RUN_HEARTBEAT terminal=PROD pid=3440 elapsed=201s
2026-08-30T07:25:08+00:00 RUN_HEARTBEAT terminal=BT3 pid=39344 elapsed=201s
2026-08-30T07:25:08+00:00 RUN_END id=OAFX1866 window=SCREEN_IS terminal=PROD status=OK decision=SCREEN_OUT_SINGLE_SLEEVE elapsed=219.393s
2026-08-30T07:25:08+00:00 GATE_SKIP id=OAFX1866 window=IS reason=SINGLE_SLEEVE_INFERIOR decision=SCREEN_OUT_SINGLE_SLEEVE net=45629.0 PF=1.1685 DD=19.0059%
2026-08-30T07:25:08+00:00 RUN_START id=OAFX1869 family=gj_boost_drift_softscale window=SCREEN_IS terminal=PROD run=oafx_screen_is_oafx1869_20260830162508_caeb74
2026-08-30T07:25:11+00:00 RUN_HEARTBEAT terminal=PROD pid=12468 elapsed=0s
2026-08-30T07:25:43+00:00 RUN_HEARTBEAT terminal=BT1 pid=51828 elapsed=65s
2026-08-30T07:25:44+00:00 RUN_HEARTBEAT terminal=BT2 pid=9352 elapsed=130s
2026-08-30T07:25:50+00:00 RUN_HEARTBEAT terminal=BT4 pid=48592 elapsed=393s
2026-08-30T07:25:57+00:00 RUN_END id=OAFX1867 window=SCREEN_IS terminal=BT3 status=OK decision=SCREEN_OUT_SINGLE_SLEEVE elapsed=251.678s
2026-08-30T07:25:57+00:00 GATE_SKIP id=OAFX1867 window=IS reason=SINGLE_SLEEVE_INFERIOR decision=SCREEN_OUT_SINGLE_SLEEVE net=51950.0 PF=1.18 DD=17.9482%
2026-08-30T07:25:57+00:00 RUN_START id=OAFX1870 family=gj_boost_drift_softscale window=SCREEN_IS terminal=BT3 run=oafx_screen_is_oafx1870_20260830162557_3a6b18
2026-08-30T07:25:59+00:00 RUN_HEARTBEAT terminal=BT3 pid=40400 elapsed=0s
2026-08-30T07:26:16+00:00 RUN_HEARTBEAT terminal=PROD pid=12468 elapsed=65s
2026-08-30T07:26:51+00:00 RUN_HEARTBEAT terminal=BT1 pid=51828 elapsed=131s
2026-08-30T07:26:51+00:00 RUN_HEARTBEAT terminal=BT2 pid=9352 elapsed=195s
2026-08-30T07:26:57+00:00 RUN_HEARTBEAT terminal=BT4 pid=48592 elapsed=459s
2026-08-30T07:27:08+00:00 RUN_HEARTBEAT terminal=BT3 pid=40400 elapsed=68s
2026-08-30T07:27:25+00:00 RUN_HEARTBEAT terminal=PROD pid=12468 elapsed=133s
2026-08-30T07:27:42+00:00 RUN_END id=OAFX1868 window=SCREEN_IS terminal=BT2 status=OK decision=SCREEN_OUT_SINGLE_SLEEVE elapsed=250.695s
2026-08-30T07:27:42+00:00 GATE_SKIP id=OAFX1868 window=IS reason=SINGLE_SLEEVE_INFERIOR decision=SCREEN_OUT_SINGLE_SLEEVE net=64180.0 PF=1.2087 DD=17.4459%
2026-08-30T07:27:42+00:00 RUN_START id=OAFX1871 family=gj_boost_drift_softscale window=SCREEN_IS terminal=BT2 run=oafx_screen_is_oafx1871_20260830162742_4517a1
2026-08-30T07:27:45+00:00 RUN_HEARTBEAT terminal=BT2 pid=47476 elapsed=0s
2026-08-30T07:27:59+00:00 RUN_HEARTBEAT terminal=BT1 pid=51828 elapsed=200s
2026-08-30T07:28:02+00:00 RUN_HEARTBEAT terminal=BT4 pid=48592 elapsed=525s
2026-08-30T07:28:16+00:00 RUN_HEARTBEAT terminal=BT3 pid=40400 elapsed=137s
2026-08-30T07:28:33+00:00 RUN_HEARTBEAT terminal=PROD pid=12468 elapsed=202s
2026-08-30T07:28:50+00:00 RUN_END id=OAFX1869 window=SCREEN_IS terminal=PROD status=OK decision=SCREEN_OUT_SINGLE_SLEEVE elapsed=221.649s
2026-08-30T07:28:50+00:00 GATE_SKIP id=OAFX1869 window=IS reason=SINGLE_SLEEVE_INFERIOR decision=SCREEN_OUT_SINGLE_SLEEVE net=68918.0 PF=1.2082 DD=17.6108%
2026-08-30T07:28:50+00:00 RUN_START id=OAFX1872 family=gj_boost_drift_softscale window=SCREEN_IS terminal=PROD run=oafx_screen_is_oafx1872_20260830162850_b0b037
2026-08-30T07:28:50+00:00 RUN_HEARTBEAT terminal=BT2 pid=47476 elapsed=65s
2026-08-30T07:28:52+00:00 RUN_HEARTBEAT terminal=PROD pid=28792 elapsed=0s
2026-08-30T07:29:07+00:00 RUN_HEARTBEAT terminal=BT1 pid=51828 elapsed=268s
2026-08-30T07:29:07+00:00 RUN_HEARTBEAT terminal=BT4 pid=48592 elapsed=590s
2026-08-30T07:29:26+00:00 RUN_HEARTBEAT terminal=BT3 pid=40400 elapsed=204s
2026-08-30T07:29:56+00:00 RUN_END id=OAFX1872 window=SCREEN_IS terminal=PROD status=FAILED decision=RUN_FAILED elapsed=65.715s
2026-08-30T07:29:56+00:00 RUN_START id=OAFX1873 family=gj_boost_drift_softscale window=SCREEN_IS terminal=PROD run=oafx_screen_is_oafx1873_20260830162956_8bcb08
2026-08-30T07:29:57+00:00 RUN_END id=OAFX1871 window=SCREEN_IS terminal=BT2 status=FAILED decision=RUN_FAILED elapsed=134.666s
2026-08-30T07:29:57+00:00 RUN_START id=OAFX1874 family=gj_boost_drift_softscale window=SCREEN_IS terminal=BT2 run=oafx_screen_is_oafx1874_20260830162957_868857
2026-08-30T07:29:58+00:00 RUN_HEARTBEAT terminal=PROD pid=48092 elapsed=0s
2026-08-30T07:29:59+00:00 WAIT_LAUNCH_SLOT terminal=BT2 seconds=6.3
2026-08-30T07:30:06+00:00 RUN_HEARTBEAT terminal=BT2 pid=53616 elapsed=0s
2026-08-30T07:30:15+00:00 RUN_HEARTBEAT terminal=BT1 pid=51828 elapsed=336s
2026-08-30T07:30:15+00:00 RUN_HEARTBEAT terminal=BT4 pid=48592 elapsed=658s
2026-08-30T07:30:15+00:00 RUN_END id=OAFX1870 window=SCREEN_IS terminal=BT3 status=OK decision=SCREEN_PASS_DD elapsed=258.190s
2026-08-30T07:30:15+00:00 RUN_START id=OAFX1870 family=gj_boost_drift_softscale window=IS terminal=BT3 run=oafx_is_oafx1870_20260830163015_6827ab
2026-08-30T07:30:17+00:00 RUN_HEARTBEAT terminal=BT3 pid=16000 elapsed=0s
2026-08-30T07:31:06+00:00 RUN_HEARTBEAT terminal=PROD pid=48092 elapsed=68s
2026-08-30T07:31:11+00:00 RUN_HEARTBEAT terminal=BT2 pid=53616 elapsed=65s
2026-08-30T07:31:23+00:00 RUN_HEARTBEAT terminal=BT4 pid=48592 elapsed=725s
2026-08-30T07:31:23+00:00 RUN_HEARTBEAT terminal=BT1 pid=51828 elapsed=404s
2026-08-30T07:31:23+00:00 RUN_HEARTBEAT terminal=BT3 pid=16000 elapsed=66s
2026-08-30T07:32:12+00:00 RUN_HEARTBEAT terminal=PROD pid=48092 elapsed=134s
2026-08-30T07:32:16+00:00 RUN_HEARTBEAT terminal=BT2 pid=53616 elapsed=130s
2026-08-30T07:32:29+00:00 RUN_HEARTBEAT terminal=BT3 pid=16000 elapsed=131s
2026-08-30T07:32:29+00:00 RUN_HEARTBEAT terminal=BT1 pid=51828 elapsed=470s
2026-08-30T07:32:29+00:00 WAIT_MT5_IDLE terminal=PROD elapsed=2s pids=[50156]
2026-08-30T07:32:29+00:00 RUN_HEARTBEAT terminal=BT4 pid=48592 elapsed=791s
2026-08-30T07:32:44+00:00 RUN_END id=OAFX1870 window=IS terminal=BT3 status=FAILED decision=RUN_FAILED elapsed=149.424s
2026-08-30T07:32:44+00:00 RUN_START id=OAFX1875 family=gj_boost_drift_softscale window=SCREEN_IS terminal=BT3 run=oafx_screen_is_oafx1875_20260830163244_8ccd01
2026-08-30T07:32:47+00:00 RUN_HEARTBEAT terminal=BT3 pid=47376 elapsed=0s
2026-08-30T07:33:20+00:00 RUN_END id=OAFX1874 window=SCREEN_IS terminal=BT2 status=OK decision=SCREEN_OUT_SINGLE_SLEEVE elapsed=203.219s
2026-08-30T07:33:20+00:00 GATE_SKIP id=OAFX1874 window=IS reason=SINGLE_SLEEVE_INFERIOR decision=SCREEN_OUT_SINGLE_SLEEVE net=65448.0 PF=1.1983 DD=17.9693%
2026-08-30T07:33:20+00:00 RUN_START id=OAFX1876 family=gj_boost_drift_softscale window=SCREEN_IS terminal=BT2 run=oafx_screen_is_oafx1876_20260830163320_c96f45
2026-08-30T07:33:22+00:00 RUN_HEARTBEAT terminal=BT2 pid=42312 elapsed=0s
2026-08-30T07:33:36+00:00 WAIT_MT5_IDLE terminal=PROD elapsed=69s pids=[50156]
2026-08-30T07:33:36+00:00 RUN_HEARTBEAT terminal=BT1 pid=51828 elapsed=537s
2026-08-30T07:33:36+00:00 RUN_HEARTBEAT terminal=BT4 pid=48592 elapsed=859s
2026-08-30T07:33:53+00:00 RUN_HEARTBEAT terminal=BT3 pid=47376 elapsed=65s
2026-08-30T07:34:09+00:00 RUN_END id=OAFX1860 window=IS terminal=BT4 status=OK decision=IS_REJECT elapsed=894.518s
2026-08-30T07:34:09+00:00 GATE_SKIP id=OAFX1860 window=OOS reason=IS_NOT_SURVIVOR decision=IS_REJECT net=274246.0 PF=1.413 DD=36.0174%
2026-08-30T07:34:09+00:00 RUN_START id=OAFX1877 family=gj_boost_drift_softscale window=SCREEN_IS terminal=BT4 run=oafx_screen_is_oafx1877_20260830163409_e14893
2026-08-30T07:34:12+00:00 RUN_HEARTBEAT terminal=BT4 pid=45644 elapsed=0s
2026-08-30T07:34:27+00:00 RUN_HEARTBEAT terminal=BT2 pid=42312 elapsed=64s
2026-08-30T07:34:43+00:00 WAIT_MT5_IDLE terminal=PROD elapsed=136s pids=[50156]
2026-08-30T07:34:43+00:00 RUN_HEARTBEAT terminal=BT1 pid=51828 elapsed=604s
2026-08-30T07:35:00+00:00 RUN_HEARTBEAT terminal=BT3 pid=47376 elapsed=132s
2026-08-30T07:35:17+00:00 RUN_HEARTBEAT terminal=BT4 pid=45644 elapsed=65s
2026-08-30T07:35:34+00:00 RUN_HEARTBEAT terminal=BT2 pid=42312 elapsed=131s
2026-08-30T07:35:51+00:00 RUN_HEARTBEAT terminal=BT1 pid=51828 elapsed=672s
2026-08-30T07:35:51+00:00 WAIT_MT5_IDLE terminal=PROD elapsed=204s pids=[50156]
2026-08-30T07:36:08+00:00 RUN_HEARTBEAT terminal=BT3 pid=47376 elapsed=200s
2026-08-30T07:36:25+00:00 RUN_HEARTBEAT terminal=BT4 pid=45644 elapsed=132s
2026-08-30T07:36:41+00:00 RUN_END id=OAFX1875 window=SCREEN_IS terminal=BT3 status=OK decision=SCREEN_PASS_DD elapsed=236.706s
2026-08-30T07:36:41+00:00 RUN_END id=OAFX1876 window=SCREEN_IS terminal=BT2 status=OK decision=SCREEN_OUT_SINGLE_SLEEVE elapsed=200.647s
2026-08-30T07:36:41+00:00 RUN_START id=OAFX1875 family=gj_boost_drift_softscale window=IS terminal=BT3 run=oafx_is_oafx1875_20260830163641_bd1f10
2026-08-30T07:36:41+00:00 GATE_SKIP id=OAFX1876 window=IS reason=SINGLE_SLEEVE_INFERIOR decision=SCREEN_OUT_SINGLE_SLEEVE net=45899.0 PF=1.1793 DD=16.04%
2026-08-30T07:36:41+00:00 RUN_START id=OAFX1878 family=gj_boost_drift_softscale window=SCREEN_IS terminal=BT2 run=oafx_screen_is_oafx1878_20260830163641_91666a
2026-08-30T07:36:42+00:00 WAIT_LAUNCH_SLOT terminal=BT3 seconds=8.0
2026-08-30T07:36:43+00:00 RUN_HEARTBEAT terminal=BT2 pid=50504 elapsed=0s
2026-08-30T07:36:51+00:00 RUN_HEARTBEAT terminal=BT3 pid=30140 elapsed=0s
2026-08-30T07:36:58+00:00 WAIT_MT5_IDLE terminal=PROD elapsed=270s pids=[50156]
2026-08-30T07:36:58+00:00 RUN_HEARTBEAT terminal=BT1 pid=51828 elapsed=739s
2026-08-30T07:37:14+00:00 RUN_END id=OAFX1877 window=SCREEN_IS terminal=BT4 status=OK decision=SCREEN_OUT_SINGLE_SLEEVE elapsed=184.645s
2026-08-30T07:37:14+00:00 GATE_SKIP id=OAFX1877 window=IS reason=SINGLE_SLEEVE_INFERIOR decision=SCREEN_OUT_SINGLE_SLEEVE net=55835.0 PF=1.201 DD=16.3896%
2026-08-30T07:37:14+00:00 RUN_START id=OAFX1879 family=gj_boost_drift_softscale window=SCREEN_IS terminal=BT4 run=oafx_screen_is_oafx1879_20260830163714_f9c94c
2026-08-30T07:37:16+00:00 RUN_HEARTBEAT terminal=BT4 pid=47736 elapsed=0s
2026-08-30T07:37:31+00:00 KILL_ORPHAN_TESTER terminal=PROD pids=[50156] orphan_seconds=302
2026-08-30T07:37:47+00:00 RUN_END id=OAFX1873 window=SCREEN_IS terminal=PROD status=OK decision=SCREEN_OUT_SINGLE_SLEEVE elapsed=471.558s
2026-08-30T07:37:47+00:00 GATE_SKIP id=OAFX1873 window=IS reason=SINGLE_SLEEVE_INFERIOR decision=SCREEN_OUT_SINGLE_SLEEVE net=63793.0 PF=1.2084 DD=17.1107%
2026-08-30T07:37:47+00:00 RUN_START id=OAFX1880 family=gj_boost_drift_softscale window=SCREEN_IS terminal=PROD run=oafx_screen_is_oafx1880_20260830163747_9dc121
2026-08-30T07:37:47+00:00 RUN_HEARTBEAT terminal=BT2 pid=50504 elapsed=64s
2026-08-30T07:37:50+00:00 RUN_HEARTBEAT terminal=PROD pid=18596 elapsed=0s
2026-08-30T07:37:56+00:00 RUN_HEARTBEAT terminal=BT3 pid=30140 elapsed=65s
2026-08-30T07:38:03+00:00 RUN_HEARTBEAT terminal=BT1 pid=51828 elapsed=805s
2026-08-30T07:38:21+00:00 RUN_HEARTBEAT terminal=BT4 pid=47736 elapsed=64s
2026-08-30T07:38:52+00:00 RUN_END id=OAFX1878 window=SCREEN_IS terminal=BT2 status=OK decision=SCREEN_OUT_SINGLE_SLEEVE elapsed=131.355s
2026-08-30T07:38:52+00:00 GATE_SKIP id=OAFX1878 window=IS reason=SINGLE_SLEEVE_INFERIOR decision=SCREEN_OUT_SINGLE_SLEEVE net=61052.0 PF=1.2013 DD=17.5059%
2026-08-30T07:38:52+00:00 RUN_START id=OAFX1881 family=gj_boost_drift_softscale window=SCREEN_IS terminal=BT2 run=oafx_screen_is_oafx1881_20260830163852_479a11
2026-08-30T07:38:54+00:00 RUN_HEARTBEAT terminal=PROD pid=18596 elapsed=64s
2026-08-30T07:38:55+00:00 RUN_HEARTBEAT terminal=BT2 pid=51128 elapsed=0s
2026-08-30T07:39:03+00:00 RUN_HEARTBEAT terminal=BT3 pid=30140 elapsed=131s
2026-08-30T07:39:08+00:00 RUN_END id=OAFX1865 window=IS terminal=BT1 status=OK decision=IS_REJECT elapsed=872.299s
2026-08-30T07:39:08+00:00 GATE_SKIP id=OAFX1865 window=OOS reason=IS_NOT_SURVIVOR decision=IS_REJECT net=273902.0 PF=1.4133 DD=35.7403%
2026-08-30T07:39:08+00:00 RUN_START id=OAFX1882 family=gj_boost_drift_softscale window=SCREEN_IS terminal=BT1 run=oafx_screen_is_oafx1882_20260830163908_75056c
2026-08-30T07:39:11+00:00 RUN_HEARTBEAT terminal=BT1 pid=56244 elapsed=0s
2026-08-30T07:39:26+00:00 RUN_HEARTBEAT terminal=BT4 pid=47736 elapsed=129s
2026-08-30T07:39:59+00:00 RUN_HEARTBEAT terminal=PROD pid=18596 elapsed=130s
2026-08-30T07:40:00+00:00 RUN_HEARTBEAT terminal=BT2 pid=51128 elapsed=65s
2026-08-30T07:40:08+00:00 RUN_HEARTBEAT terminal=BT3 pid=30140 elapsed=197s
2026-08-30T07:40:16+00:00 RUN_HEARTBEAT terminal=BT1 pid=56244 elapsed=65s
2026-08-30T07:40:33+00:00 RUN_HEARTBEAT terminal=BT4 pid=47736 elapsed=196s
2026-08-30T07:41:07+00:00 RUN_HEARTBEAT terminal=PROD pid=18596 elapsed=197s
2026-08-30T07:41:07+00:00 RUN_HEARTBEAT terminal=BT2 pid=51128 elapsed=132s
2026-08-30T07:41:14+00:00 RUN_HEARTBEAT terminal=BT3 pid=30140 elapsed=263s
2026-08-30T07:41:24+00:00 RUN_HEARTBEAT terminal=BT1 pid=56244 elapsed=133s
2026-08-30T07:41:24+00:00 RUN_END id=OAFX1879 window=SCREEN_IS terminal=BT4 status=OK decision=SCREEN_OUT_SINGLE_SLEEVE elapsed=249.936s
2026-08-30T07:41:24+00:00 GATE_SKIP id=OAFX1879 window=IS reason=SINGLE_SLEEVE_INFERIOR decision=SCREEN_OUT_SINGLE_SLEEVE net=64354.0 PF=1.1958 DD=18.0853%
2026-08-30T07:41:24+00:00 RUN_START id=OAFX1883 family=gj_boost_drift_softscale window=SCREEN_IS terminal=BT4 run=oafx_screen_is_oafx1883_20260830164124_7dfbc2
2026-08-30T07:41:26+00:00 RUN_HEARTBEAT terminal=BT4 pid=41520 elapsed=0s
2026-08-30T07:41:40+00:00 RUN_END id=OAFX1881 window=SCREEN_IS terminal=BT2 status=OK decision=SCREEN_OUT_SINGLE_SLEEVE elapsed=167.979s
2026-08-30T07:41:40+00:00 GATE_SKIP id=OAFX1881 window=IS reason=SINGLE_SLEEVE_INFERIOR decision=SCREEN_OUT_SINGLE_SLEEVE net=43540.0 PF=1.1741 DD=16.2695%
2026-08-30T07:41:40+00:00 RUN_START id=OAFX1884 family=gj_boost_drift_softscale window=SCREEN_IS terminal=BT2 run=oafx_screen_is_oafx1884_20260830164140_d7e631
2026-08-30T07:41:43+00:00 RUN_HEARTBEAT terminal=BT2 pid=56036 elapsed=0s
2026-08-30T07:42:13+00:00 WAIT_MT5_IDLE terminal=PROD elapsed=1s pids=[55444]
2026-08-30T07:42:19+00:00 RUN_HEARTBEAT terminal=BT3 pid=30140 elapsed=328s
2026-08-30T07:42:30+00:00 RUN_HEARTBEAT terminal=BT1 pid=56244 elapsed=198s
2026-08-30T07:42:31+00:00 RUN_HEARTBEAT terminal=BT4 pid=41520 elapsed=65s
2026-08-30T07:42:47+00:00 RUN_END id=OAFX1882 window=SCREEN_IS terminal=BT1 status=OK decision=SCREEN_OUT_SINGLE_SLEEVE elapsed=218.124s
2026-08-30T07:42:47+00:00 GATE_SKIP id=OAFX1882 window=IS reason=SINGLE_SLEEVE_INFERIOR decision=SCREEN_OUT_SINGLE_SLEEVE net=52075.0 PF=1.1897 DD=16.6178%
2026-08-30T07:42:47+00:00 RUN_START id=OAFX1885 family=gj_boost_drift_softscale window=SCREEN_IS terminal=BT1 run=oafx_screen_is_oafx1885_20260830164247_5a2b2d
2026-08-30T07:42:47+00:00 RUN_HEARTBEAT terminal=BT2 pid=56036 elapsed=65s
2026-08-30T07:42:49+00:00 RUN_HEARTBEAT terminal=BT1 pid=55548 elapsed=0s
2026-08-30T07:43:19+00:00 WAIT_MT5_IDLE terminal=PROD elapsed=68s pids=[55444]
2026-08-30T07:43:24+00:00 RUN_HEARTBEAT terminal=BT3 pid=30140 elapsed=392s
2026-08-30T07:43:36+00:00 RUN_HEARTBEAT terminal=BT4 pid=41520 elapsed=129s
2026-08-30T07:43:53+00:00 RUN_HEARTBEAT terminal=BT2 pid=56036 elapsed=129s
2026-08-30T07:43:53+00:00 RUN_HEARTBEAT terminal=BT1 pid=55548 elapsed=64s
2026-08-30T07:44:26+00:00 WAIT_MT5_IDLE terminal=PROD elapsed=135s pids=[55444]
2026-08-30T07:44:28+00:00 RUN_HEARTBEAT terminal=BT3 pid=30140 elapsed=457s
2026-08-30T07:44:42+00:00 RUN_HEARTBEAT terminal=BT4 pid=41520 elapsed=196s
2026-08-30T07:44:42+00:00 RUN_END id=OAFX1884 window=SCREEN_IS terminal=BT2 status=OK decision=SCREEN_OUT_SINGLE_SLEEVE elapsed=182.069s
2026-08-30T07:44:42+00:00 GATE_SKIP id=OAFX1884 window=IS reason=SINGLE_SLEEVE_INFERIOR decision=SCREEN_OUT_SINGLE_SLEEVE net=61750.0 PF=1.1889 DD=18.3677%
2026-08-30T07:44:42+00:00 RUN_START id=OAFX1886 family=gj_boost_drift_softscale window=SCREEN_IS terminal=BT2 run=oafx_screen_is_oafx1886_20260830164442_4a4929
2026-08-30T07:44:45+00:00 RUN_HEARTBEAT terminal=BT2 pid=41992 elapsed=0s
2026-08-30T07:44:59+00:00 RUN_HEARTBEAT terminal=BT1 pid=55548 elapsed=130s
2026-08-30T07:45:31+00:00 WAIT_MT5_IDLE terminal=PROD elapsed=200s pids=[55444]
2026-08-30T07:45:32+00:00 RUN_END id=OAFX1883 window=SCREEN_IS terminal=BT4 status=OK decision=SCREEN_OUT_SINGLE_SLEEVE elapsed=247.415s
2026-08-30T07:45:32+00:00 GATE_SKIP id=OAFX1883 window=IS reason=SINGLE_SLEEVE_INFERIOR decision=SCREEN_OUT_SINGLE_SLEEVE net=60162.0 PF=1.2004 DD=17.6012%
2026-08-30T07:45:32+00:00 RUN_START id=OAFX1887 family=gj_boost_drift_softscale window=SCREEN_IS terminal=BT4 run=oafx_screen_is_oafx1887_20260830164532_a9078b
2026-08-30T07:45:32+00:00 RUN_HEARTBEAT terminal=BT3 pid=30140 elapsed=521s
2026-08-30T07:45:34+00:00 RUN_HEARTBEAT terminal=BT4 pid=46804 elapsed=0s
2026-08-30T07:45:48+00:00 RUN_END id=OAFX1885 window=SCREEN_IS terminal=BT1 status=OK decision=SCREEN_OUT_SINGLE_SLEEVE elapsed=180.968s
2026-08-30T07:45:48+00:00 GATE_SKIP id=OAFX1885 window=IS reason=SINGLE_SLEEVE_INFERIOR decision=SCREEN_OUT_SINGLE_SLEEVE net=75346.0 PF=1.216 DD=17.8576%
2026-08-30T07:45:48+00:00 RUN_START id=OAFX1888 family=gj_boost_drift_softscale window=SCREEN_IS terminal=BT1 run=oafx_screen_is_oafx1888_20260830164548_c8d33a
2026-08-30T07:45:49+00:00 RUN_HEARTBEAT terminal=BT2 pid=41992 elapsed=64s
2026-08-30T07:45:50+00:00 RUN_HEARTBEAT terminal=BT1 pid=54148 elapsed=0s
2026-08-30T07:46:37+00:00 WAIT_MT5_IDLE terminal=PROD elapsed=266s pids=[55444]
2026-08-30T07:46:37+00:00 RUN_HEARTBEAT terminal=BT3 pid=30140 elapsed=586s
2026-08-30T07:46:38+00:00 RUN_HEARTBEAT terminal=BT4 pid=46804 elapsed=64s
2026-08-30T07:46:54+00:00 RUN_HEARTBEAT terminal=BT2 pid=41992 elapsed=129s
2026-08-30T07:46:54+00:00 RUN_HEARTBEAT terminal=BT1 pid=54148 elapsed=65s
2026-08-30T07:47:10+00:00 RUN_END id=OAFX1886 window=SCREEN_IS terminal=BT2 status=OK decision=SCREEN_OUT_SINGLE_SLEEVE elapsed=147.933s
2026-08-30T07:47:10+00:00 GATE_SKIP id=OAFX1886 window=IS reason=SINGLE_SLEEVE_INFERIOR decision=SCREEN_OUT_SINGLE_SLEEVE net=41297.0 PF=1.1671 DD=16.2987%
2026-08-30T07:47:10+00:00 RUN_START id=OAFX1889 family=gj_boost_drift_softscale window=SCREEN_IS terminal=BT2 run=oafx_screen_is_oafx1889_20260830164710_8f62cb
2026-08-30T07:47:12+00:00 RUN_HEARTBEAT terminal=BT2 pid=9440 elapsed=0s
2026-08-30T07:47:27+00:00 KILL_ORPHAN_TESTER terminal=PROD pids=[55444] orphan_seconds=314
2026-08-30T07:47:44+00:00 RUN_HEARTBEAT terminal=BT3 pid=30140 elapsed=652s
2026-08-30T07:47:44+00:00 RUN_HEARTBEAT terminal=BT4 pid=46804 elapsed=129s
2026-08-30T07:47:44+00:00 RUN_END id=OAFX1880 window=SCREEN_IS terminal=PROD status=OK decision=SCREEN_OUT_SINGLE_SLEEVE elapsed=596.299s
2026-08-30T07:47:44+00:00 GATE_SKIP id=OAFX1880 window=IS reason=SINGLE_SLEEVE_INFERIOR decision=SCREEN_OUT_SINGLE_SLEEVE net=76103.0 PF=1.2175 DD=17.7838%
2026-08-30T07:47:44+00:00 RUN_START id=OAFX1890 family=gj_boost_drift_softscale window=SCREEN_IS terminal=PROD run=oafx_screen_is_oafx1890_20260830164744_14923e
2026-08-30T07:47:46+00:00 RUN_HEARTBEAT terminal=PROD pid=16488 elapsed=0s
2026-08-30T07:48:00+00:00 RUN_HEARTBEAT terminal=BT1 pid=54148 elapsed=130s
2026-08-30T07:48:17+00:00 RUN_HEARTBEAT terminal=BT2 pid=9440 elapsed=65s
2026-08-30T07:48:33+00:00 RUN_END id=OAFX1887 window=SCREEN_IS terminal=BT4 status=OK decision=SCREEN_OUT_SINGLE_SLEEVE elapsed=181.906s
2026-08-30T07:48:33+00:00 GATE_SKIP id=OAFX1887 window=IS reason=SINGLE_SLEEVE_INFERIOR decision=SCREEN_OUT_SINGLE_SLEEVE net=53584.0 PF=1.1975 DD=16.1204%
2026-08-30T07:48:33+00:00 RUN_START id=OAFX1891 family=gj_boost_drift_softscale window=SCREEN_IS terminal=BT4 run=oafx_screen_is_oafx1891_20260830164833_95f9e7
2026-08-30T07:48:36+00:00 RUN_HEARTBEAT terminal=BT4 pid=48700 elapsed=0s
2026-08-30T07:48:50+00:00 RUN_HEARTBEAT terminal=BT3 pid=30140 elapsed=718s
2026-08-30T07:48:51+00:00 RUN_HEARTBEAT terminal=PROD pid=16488 elapsed=65s
2026-08-30T07:49:07+00:00 RUN_HEARTBEAT terminal=BT1 pid=54148 elapsed=196s
2026-08-30T07:49:24+00:00 RUN_HEARTBEAT terminal=BT2 pid=9440 elapsed=130s
2026-08-30T07:49:24+00:00 RUN_END id=OAFX1888 window=SCREEN_IS terminal=BT1 status=OK decision=SCREEN_OUT_SINGLE_SLEEVE elapsed=216.171s
2026-08-30T07:49:24+00:00 GATE_SKIP id=OAFX1888 window=IS reason=SINGLE_SLEEVE_INFERIOR decision=SCREEN_OUT_SINGLE_SLEEVE net=61996.0 PF=1.2094 DD=16.2283%
2026-08-30T07:49:24+00:00 RUN_START id=OAFX1892 family=gj_boost_drift_softscale window=SCREEN_IS terminal=BT1 run=oafx_screen_is_oafx1892_20260830164924_4fdb8e
2026-08-30T07:49:26+00:00 RUN_HEARTBEAT terminal=BT1 pid=40744 elapsed=0s
2026-08-30T07:49:41+00:00 RUN_HEARTBEAT terminal=BT4 pid=48700 elapsed=65s
2026-08-30T07:49:58+00:00 RUN_HEARTBEAT terminal=BT3 pid=30140 elapsed=786s
2026-08-30T07:49:58+00:00 RUN_HEARTBEAT terminal=PROD pid=16488 elapsed=131s
2026-08-30T07:50:15+00:00 RUN_END id=OAFX1889 window=SCREEN_IS terminal=BT2 status=OK decision=SCREEN_OUT_SINGLE_SLEEVE elapsed=184.132s
2026-08-30T07:50:15+00:00 GATE_SKIP id=OAFX1889 window=IS reason=SINGLE_SLEEVE_INFERIOR decision=SCREEN_OUT_SINGLE_SLEEVE net=63588.0 PF=1.1963 DD=17.9085%
2026-08-30T07:50:15+00:00 RUN_START id=OAFX1893 family=gj_boost_drift_softscale window=SCREEN_IS terminal=BT2 run=oafx_screen_is_oafx1893_20260830165015_48f124
2026-08-30T07:50:17+00:00 RUN_HEARTBEAT terminal=BT2 pid=31752 elapsed=0s
2026-08-30T07:50:32+00:00 RUN_HEARTBEAT terminal=BT1 pid=40744 elapsed=65s
2026-08-30T07:50:49+00:00 RUN_HEARTBEAT terminal=BT4 pid=48700 elapsed=132s
2026-08-30T07:50:49+00:00 RUN_END id=OAFX1875 window=IS terminal=BT3 status=OK decision=IS_REJECT elapsed=847.611s
2026-08-30T07:50:49+00:00 GATE_SKIP id=OAFX1875 window=OOS reason=IS_NOT_SURVIVOR decision=IS_REJECT net=272153.0 PF=1.4109 DD=35.7403%
2026-08-30T07:50:49+00:00 RUN_START id=OAFX1894 family=gj_boost_drift_softscale window=SCREEN_IS terminal=BT3 run=oafx_screen_is_oafx1894_20260830165049_61d651
2026-08-30T07:50:51+00:00 RUN_HEARTBEAT terminal=BT3 pid=26416 elapsed=0s
2026-08-30T07:51:05+00:00 RUN_HEARTBEAT terminal=PROD pid=16488 elapsed=199s
2026-08-30T07:51:22+00:00 RUN_HEARTBEAT terminal=BT2 pid=31752 elapsed=65s
2026-08-30T07:51:39+00:00 RUN_HEARTBEAT terminal=BT1 pid=40744 elapsed=132s
2026-08-30T07:51:39+00:00 RUN_END id=OAFX1890 window=SCREEN_IS terminal=PROD status=OK decision=SCREEN_OUT_SINGLE_SLEEVE elapsed=235.631s
2026-08-30T07:51:39+00:00 GATE_SKIP id=OAFX1890 window=IS reason=SINGLE_SLEEVE_INFERIOR decision=SCREEN_OUT_SINGLE_SLEEVE net=74824.0 PF=1.2145 DD=17.9088%
2026-08-30T07:51:39+00:00 RUN_START id=OAFX1895 family=gj_boost_drift_softscale window=SCREEN_IS terminal=PROD run=oafx_screen_is_oafx1895_20260830165139_b15291
2026-08-30T07:51:42+00:00 RUN_HEARTBEAT terminal=PROD pid=51144 elapsed=0s
2026-08-30T07:51:56+00:00 RUN_END id=OAFX1891 window=SCREEN_IS terminal=BT4 status=OK decision=SCREEN_OUT_SINGLE_SLEEVE elapsed=202.188s
2026-08-30T07:51:56+00:00 GATE_SKIP id=OAFX1891 window=IS reason=SINGLE_SLEEVE_INFERIOR decision=SCREEN_OUT_SINGLE_SLEEVE net=41607.0 PF=1.1704 DD=16.262%
2026-08-30T07:51:56+00:00 RUN_START id=OAFX1896 family=gj_boost_drift_softscale window=SCREEN_IS terminal=BT4 run=oafx_screen_is_oafx1896_20260830165156_c04f41
2026-08-30T07:51:56+00:00 RUN_HEARTBEAT terminal=BT3 pid=26416 elapsed=65s
2026-08-30T07:51:58+00:00 RUN_HEARTBEAT terminal=BT4 pid=52984 elapsed=0s
2026-08-30T07:52:30+00:00 RUN_HEARTBEAT terminal=BT2 pid=31752 elapsed=132s
2026-08-30T07:52:47+00:00 RUN_HEARTBEAT terminal=BT1 pid=40744 elapsed=200s
2026-08-30T07:52:47+00:00 RUN_HEARTBEAT terminal=PROD pid=51144 elapsed=65s
2026-08-30T07:53:04+00:00 RUN_HEARTBEAT terminal=BT4 pid=52984 elapsed=65s
2026-08-30T07:53:04+00:00 RUN_HEARTBEAT terminal=BT3 pid=26416 elapsed=132s
2026-08-30T07:53:21+00:00 RUN_END id=OAFX1892 window=SCREEN_IS terminal=BT1 status=OK decision=SCREEN_OUT_SINGLE_SLEEVE elapsed=236.852s
2026-08-30T07:53:21+00:00 GATE_SKIP id=OAFX1892 window=IS reason=SINGLE_SLEEVE_INFERIOR decision=SCREEN_OUT_SINGLE_SLEEVE net=53830.0 PF=1.2012 DD=15.7428%
2026-08-30T07:53:21+00:00 RUN_START id=OAFX1897 family=gj_boost_drift_softscale window=SCREEN_IS terminal=BT1 run=oafx_screen_is_oafx1897_20260830165321_b1b751
2026-08-30T07:53:23+00:00 RUN_HEARTBEAT terminal=BT1 pid=31212 elapsed=0s
2026-08-30T07:53:37+00:00 RUN_END id=OAFX1893 window=SCREEN_IS terminal=BT2 status=OK decision=SCREEN_OUT_SINGLE_SLEEVE elapsed=202.446s
2026-08-30T07:53:37+00:00 GATE_SKIP id=OAFX1893 window=IS reason=SINGLE_SLEEVE_INFERIOR decision=SCREEN_OUT_SINGLE_SLEEVE net=60872.0 PF=1.2071 DD=16.0157%
2026-08-30T07:53:37+00:00 RUN_START id=OAFX1898 family=gj_boost_drift_softscale window=SCREEN_IS terminal=BT2 run=oafx_screen_is_oafx1898_20260830165337_26adee
2026-08-30T07:53:39+00:00 RUN_HEARTBEAT terminal=BT2 pid=27220 elapsed=0s
2026-08-30T07:53:54+00:00 RUN_HEARTBEAT terminal=PROD pid=51144 elapsed=131s
2026-08-30T07:54:11+00:00 RUN_HEARTBEAT terminal=BT3 pid=26416 elapsed=199s
2026-08-30T07:54:11+00:00 RUN_HEARTBEAT terminal=BT4 pid=52984 elapsed=132s
2026-08-30T07:54:28+00:00 RUN_HEARTBEAT terminal=BT1 pid=31212 elapsed=65s
2026-08-30T07:54:45+00:00 RUN_HEARTBEAT terminal=BT2 pid=27220 elapsed=65s
2026-08-30T07:54:45+00:00 WAIT_MT5_IDLE terminal=PROD elapsed=2s pids=[50900]
2026-08-30T07:54:45+00:00 RUN_END id=OAFX1894 window=SCREEN_IS terminal=BT3 status=OK decision=SCREEN_OUT_SINGLE_SLEEVE elapsed=236.453s
2026-08-30T07:54:45+00:00 GATE_SKIP id=OAFX1894 window=IS reason=SINGLE_SLEEVE_INFERIOR decision=SCREEN_OUT_SINGLE_SLEEVE net=64543.0 PF=1.201 DD=17.3445%
2026-08-30T07:54:45+00:00 RUN_START id=OAFX1899 family=gj_boost_drift_softscale window=SCREEN_IS terminal=BT3 run=oafx_screen_is_oafx1899_20260830165445_016499
2026-08-30T07:54:47+00:00 RUN_HEARTBEAT terminal=BT3 pid=33484 elapsed=0s
2026-08-30T07:55:19+00:00 RUN_HEARTBEAT terminal=BT4 pid=52984 elapsed=200s
2026-08-30T07:55:35+00:00 RUN_HEARTBEAT terminal=BT1 pid=31212 elapsed=132s
2026-08-30T07:55:35+00:00 RUN_END id=OAFX1896 window=SCREEN_IS terminal=BT4 status=OK decision=SCREEN_OUT_SINGLE_SLEEVE elapsed=219.561s
2026-08-30T07:55:35+00:00 GATE_SKIP id=OAFX1896 window=IS reason=SINGLE_SLEEVE_INFERIOR decision=SCREEN_OUT_SINGLE_SLEEVE net=45738.0 PF=1.1924 DD=14.3668%
2026-08-30T07:55:35+00:00 RUN_START id=OAFX1900 family=gj_boost_drift_softscale window=SCREEN_IS terminal=BT4 run=oafx_screen_is_oafx1900_20260830165535_bfa6c9
2026-08-30T07:55:37+00:00 RUN_HEARTBEAT terminal=BT4 pid=52772 elapsed=0s
2026-08-30T07:55:52+00:00 RUN_HEARTBEAT terminal=BT2 pid=27220 elapsed=132s
2026-08-30T07:55:52+00:00 RUN_HEARTBEAT terminal=BT3 pid=33484 elapsed=64s
2026-08-30T07:55:52+00:00 WAIT_MT5_IDLE terminal=PROD elapsed=69s pids=[50900]
2026-08-30T07:56:25+00:00 RUN_END id=OAFX1897 window=SCREEN_IS terminal=BT1 status=OK decision=SCREEN_OUT_SINGLE_SLEEVE elapsed=184.292s
2026-08-30T07:56:25+00:00 GATE_SKIP id=OAFX1897 window=IS reason=SINGLE_SLEEVE_INFERIOR decision=SCREEN_OUT_SINGLE_SLEEVE net=53696.0 PF=1.2018 DD=15.3346%
2026-08-30T07:56:25+00:00 SCREEN_BYPASS [901/1000] id=OAFX1901 route=FULLBOOK_DIRECT reason=他枠の同時保有を参照するため、単独枠スクリーニングでは測定不能
2026-08-30T07:56:25+00:00 RUN_START id=OAFX1901 family=gj_overlap_stop_cap window=IS terminal=BT1 run=oafx_is_oafx1901_20260830165625_08e840
2026-08-30T07:56:27+00:00 RUN_HEARTBEAT terminal=BT1 pid=53316 elapsed=0s
2026-08-30T07:56:42+00:00 RUN_HEARTBEAT terminal=BT4 pid=52772 elapsed=64s
2026-08-30T07:56:58+00:00 RUN_HEARTBEAT terminal=BT3 pid=33484 elapsed=130s
2026-08-30T07:56:58+00:00 WAIT_MT5_IDLE terminal=PROD elapsed=135s pids=[50900]
2026-08-30T07:56:58+00:00 RUN_HEARTBEAT terminal=BT2 pid=27220 elapsed=198s
2026-08-30T07:57:31+00:00 RUN_END id=OAFX1898 window=SCREEN_IS terminal=BT2 status=OK decision=SCREEN_OUT_SINGLE_SLEEVE elapsed=234.333s
2026-08-30T07:57:31+00:00 GATE_SKIP id=OAFX1898 window=IS reason=SINGLE_SLEEVE_INFERIOR decision=SCREEN_OUT_SINGLE_SLEEVE net=58484.0 PF=1.1993 DD=16.2582%
2026-08-30T07:57:31+00:00 SCREEN_BYPASS [902/1000] id=OAFX1902 route=FULLBOOK_DIRECT reason=他枠の同時保有を参照するため、単独枠スクリーニングでは測定不能
2026-08-30T07:57:31+00:00 RUN_START id=OAFX1902 family=gj_overlap_stop_cap window=IS terminal=BT2 run=oafx_is_oafx1902_20260830165731_51793f
2026-08-30T07:57:31+00:00 RUN_HEARTBEAT terminal=BT1 pid=53316 elapsed=64s
2026-08-30T07:57:33+00:00 RUN_HEARTBEAT terminal=BT2 pid=56684 elapsed=0s
2026-08-30T07:57:48+00:00 RUN_HEARTBEAT terminal=BT4 pid=52772 elapsed=130s
2026-08-30T07:58:05+00:00 RUN_HEARTBEAT terminal=BT3 pid=33484 elapsed=197s
2026-08-30T07:58:05+00:00 WAIT_MT5_IDLE terminal=PROD elapsed=202s pids=[50900]
2026-08-30T07:58:22+00:00 RUN_END id=OAFX1899 window=SCREEN_IS terminal=BT3 status=OK decision=SCREEN_OUT_SINGLE_SLEEVE elapsed=216.990s
2026-08-30T07:58:22+00:00 GATE_SKIP id=OAFX1899 window=IS reason=SINGLE_SLEEVE_INFERIOR decision=SCREEN_OUT_SINGLE_SLEEVE net=64582.0 PF=1.202 DD=16.9858%
2026-08-30T07:58:22+00:00 SCREEN_BYPASS [903/1000] id=OAFX1903 route=FULLBOOK_DIRECT reason=他枠の同時保有を参照するため、単独枠スクリーニングでは測定不能
2026-08-30T07:58:22+00:00 RUN_START id=OAFX1903 family=gj_overlap_stop_cap window=IS terminal=BT3 run=oafx_is_oafx1903_20260830165822_57ec84
2026-08-30T07:58:24+00:00 RUN_HEARTBEAT terminal=BT3 pid=54852 elapsed=0s
2026-08-30T07:58:40+00:00 RUN_HEARTBEAT terminal=BT1 pid=53316 elapsed=131s
2026-08-30T07:58:40+00:00 RUN_HEARTBEAT terminal=BT2 pid=56684 elapsed=65s
2026-08-30T07:58:57+00:00 RUN_HEARTBEAT terminal=BT4 pid=52772 elapsed=199s
2026-08-30T07:59:14+00:00 WAIT_MT5_IDLE terminal=PROD elapsed=270s pids=[50900]
2026-08-30T07:59:14+00:00 RUN_END id=OAFX1900 window=SCREEN_IS terminal=BT4 status=OK decision=SCREEN_OUT_SINGLE_SLEEVE elapsed=218.609s
2026-08-30T07:59:14+00:00 GATE_SKIP id=OAFX1900 window=IS reason=SINGLE_SLEEVE_INFERIOR decision=SCREEN_OUT_SINGLE_SLEEVE net=74824.0 PF=1.2145 DD=17.9088%
2026-08-30T07:59:14+00:00 SCREEN_BYPASS [904/1000] id=OAFX1904 route=FULLBOOK_DIRECT reason=他枠の同時保有を参照するため、単独枠スクリーニングでは測定不能
2026-08-30T07:59:14+00:00 RUN_START id=OAFX1904 family=gj_overlap_stop_cap window=IS terminal=BT4 run=oafx_is_oafx1904_20260830165914_96be5a
2026-08-30T07:59:16+00:00 RUN_HEARTBEAT terminal=BT4 pid=54148 elapsed=0s
2026-08-30T07:59:31+00:00 RUN_HEARTBEAT terminal=BT3 pid=54852 elapsed=66s
2026-08-30T07:59:48+00:00 RUN_HEARTBEAT terminal=BT2 pid=56684 elapsed=133s
2026-08-30T07:59:48+00:00 RUN_HEARTBEAT terminal=BT1 pid=53316 elapsed=200s
2026-08-30T07:59:48+00:00 KILL_ORPHAN_TESTER terminal=PROD pids=[50900] orphan_seconds=303
2026-08-30T08:00:05+00:00 RUN_END id=OAFX1895 window=SCREEN_IS terminal=PROD status=OK decision=SCREEN_OUT_SINGLE_SLEEVE elapsed=505.840s
2026-08-30T08:00:05+00:00 GATE_SKIP id=OAFX1895 window=IS reason=SINGLE_SLEEVE_INFERIOR decision=SCREEN_OUT_SINGLE_SLEEVE net=74824.0 PF=1.2145 DD=17.9088%
2026-08-30T08:00:05+00:00 SCREEN_BYPASS [905/1000] id=OAFX1905 route=FULLBOOK_DIRECT reason=他枠の同時保有を参照するため、単独枠スクリーニングでは測定不能
2026-08-30T08:00:05+00:00 RUN_START id=OAFX1905 family=gj_overlap_stop_cap window=IS terminal=PROD run=oafx_is_oafx1905_20260830170005_9cfbdc
2026-08-30T08:00:07+00:00 RUN_HEARTBEAT terminal=PROD pid=54264 elapsed=0s
2026-08-30T08:00:22+00:00 RUN_HEARTBEAT terminal=BT4 pid=54148 elapsed=65s
2026-08-30T08:00:39+00:00 RUN_HEARTBEAT terminal=BT3 pid=54852 elapsed=134s
2026-08-30T08:00:56+00:00 RUN_HEARTBEAT terminal=BT2 pid=56684 elapsed=202s
2026-08-30T08:00:56+00:00 RUN_HEARTBEAT terminal=BT1 pid=53316 elapsed=268s
2026-08-30T08:01:13+00:00 RUN_HEARTBEAT terminal=PROD pid=54264 elapsed=65s
2026-08-30T08:01:30+00:00 RUN_HEARTBEAT terminal=BT4 pid=54148 elapsed=134s
2026-08-30T08:01:45+00:00 RUN_END id=OAFX1903 window=IS terminal=BT3 status=FAILED decision=RUN_FAILED elapsed=203.360s
2026-08-30T08:01:45+00:00 SCREEN_BYPASS [906/1000] id=OAFX1906 route=FULLBOOK_DIRECT reason=他枠の同時保有を参照するため、単独枠スクリーニングでは測定不能
2026-08-30T08:01:45+00:00 RUN_START id=OAFX1906 family=gj_overlap_stop_cap window=IS terminal=BT3 run=oafx_is_oafx1906_20260830170145_4b600f
2026-08-30T08:01:48+00:00 RUN_HEARTBEAT terminal=BT3 pid=54244 elapsed=0s
2026-08-30T08:02:04+00:00 RUN_HEARTBEAT terminal=BT1 pid=53316 elapsed=336s
2026-08-30T08:02:04+00:00 RUN_HEARTBEAT terminal=BT2 pid=56684 elapsed=270s
2026-08-30T08:02:22+00:00 RUN_HEARTBEAT terminal=PROD pid=54264 elapsed=133s
2026-08-30T08:02:37+00:00 RUN_END id=OAFX1904 window=IS terminal=BT4 status=FAILED decision=RUN_FAILED elapsed=202.815s
2026-08-30T08:02:37+00:00 SCREEN_BYPASS [907/1000] id=OAFX1907 route=FULLBOOK_DIRECT reason=他枠の同時保有を参照するため、単独枠スクリーニングでは測定不能
2026-08-30T08:02:37+00:00 RUN_START id=OAFX1907 family=gj_overlap_stop_cap window=IS terminal=BT4 run=oafx_is_oafx1907_20260830170237_f8ecde
2026-08-30T08:02:39+00:00 RUN_HEARTBEAT terminal=BT4 pid=43552 elapsed=0s
2026-08-30T08:02:53+00:00 RUN_END id=OAFX1902 window=IS terminal=BT2 status=FAILED decision=RUN_FAILED elapsed=321.470s
2026-08-30T08:02:53+00:00 SCREEN_BYPASS [908/1000] id=OAFX1908 route=FULLBOOK_DIRECT reason=他枠の同時保有を参照するため、単独枠スクリーニングでは測定不能
2026-08-30T08:02:53+00:00 RUN_START id=OAFX1908 family=gj_overlap_stop_cap window=IS terminal=BT2 run=oafx_is_oafx1908_20260830170253_a05941
2026-08-30T08:02:53+00:00 RUN_END id=OAFX1905 window=IS terminal=PROD status=FAILED decision=RUN_FAILED elapsed=167.719s
2026-08-30T08:02:53+00:00 SCREEN_BYPASS [909/1000] id=OAFX1909 route=FULLBOOK_DIRECT reason=他枠の同時保有を参照するため、単独枠スクリーニングでは測定不能
2026-08-30T08:02:53+00:00 RUN_START id=OAFX1909 family=gj_overlap_stop_cap window=IS terminal=PROD run=oafx_is_oafx1909_20260830170253_919600
2026-08-30T08:02:53+00:00 RUN_END id=OAFX1906 window=IS terminal=BT3 status=FAILED decision=RUN_FAILED elapsed=67.353s
2026-08-30T08:02:53+00:00 SCREEN_BYPASS [910/1000] id=OAFX1910 route=FULLBOOK_DIRECT reason=他枠の同時保有を参照するため、単独枠スクリーニングでは測定不能
2026-08-30T08:02:53+00:00 RUN_START id=OAFX1910 family=gj_overlap_stop_cap window=IS terminal=BT3 run=oafx_is_oafx1910_20260830170253_52ad88
2026-08-30T08:02:54+00:00 WAIT_LAUNCH_SLOT terminal=PROD seconds=8.0
2026-08-30T08:02:54+00:00 WAIT_LAUNCH_SLOT terminal=BT3 seconds=15.9
2026-08-30T08:02:55+00:00 RUN_HEARTBEAT terminal=BT2 pid=49012 elapsed=0s
2026-08-30T08:03:03+00:00 RUN_HEARTBEAT terminal=PROD pid=42380 elapsed=0s
2026-08-30T08:03:11+00:00 RUN_HEARTBEAT terminal=BT1 pid=53316 elapsed=403s
2026-08-30T08:03:12+00:00 RUN_HEARTBEAT terminal=BT3 pid=47456 elapsed=0s
2026-08-30T08:03:45+00:00 RUN_HEARTBEAT terminal=BT4 pid=43552 elapsed=65s
2026-08-30T08:04:02+00:00 RUN_HEARTBEAT terminal=BT2 pid=49012 elapsed=66s
2026-08-30T08:04:07+00:00 RUN_HEARTBEAT terminal=PROD pid=42380 elapsed=64s
2026-08-30T08:04:19+00:00 RUN_HEARTBEAT terminal=BT1 pid=53316 elapsed=471s
2026-08-30T08:04:19+00:00 RUN_HEARTBEAT terminal=BT3 pid=47456 elapsed=67s
2026-08-30T08:04:54+00:00 RUN_HEARTBEAT terminal=BT4 pid=43552 elapsed=134s
2026-08-30T08:05:11+00:00 RUN_HEARTBEAT terminal=BT2 pid=49012 elapsed=134s
2026-08-30T08:05:12+00:00 RUN_HEARTBEAT terminal=PROD pid=42380 elapsed=129s
2026-08-30T08:05:28+00:00 RUN_HEARTBEAT terminal=BT1 pid=53316 elapsed=540s
2026-08-30T08:05:28+00:00 RUN_HEARTBEAT terminal=BT3 pid=47456 elapsed=136s
2026-08-30T08:06:01+00:00 RUN_HEARTBEAT terminal=BT4 pid=43552 elapsed=202s
2026-08-30T08:06:16+00:00 RUN_END id=OAFX1908 window=IS terminal=BT2 status=FAILED decision=RUN_FAILED elapsed=203.377s
2026-08-30T08:06:16+00:00 SCREEN_BYPASS [911/1000] id=OAFX1911 route=FULLBOOK_DIRECT reason=他枠の同時保有を参照するため、単独枠スクリーニングでは測定不能
2026-08-30T08:06:16+00:00 RUN_START id=OAFX1911 family=gj_overlap_stop_cap window=IS terminal=BT2 run=oafx_is_oafx1911_20260830170616_68ec2e
2026-08-30T08:06:16+00:00 RUN_END id=OAFX1907 window=IS terminal=BT4 status=FAILED decision=RUN_FAILED elapsed=219.543s
2026-08-30T08:06:16+00:00 SCREEN_BYPASS [912/1000] id=OAFX1912 route=FULLBOOK_DIRECT reason=他枠の同時保有を参照するため、単独枠スクリーニングでは測定不能
2026-08-30T08:06:16+00:00 RUN_START id=OAFX1912 family=gj_overlap_stop_cap window=IS terminal=BT4 run=oafx_is_oafx1912_20260830170616_d0c1a3
2026-08-30T08:06:17+00:00 RUN_HEARTBEAT terminal=PROD pid=42380 elapsed=194s
2026-08-30T08:06:17+00:00 WAIT_LAUNCH_SLOT terminal=BT4 seconds=8.0
2026-08-30T08:06:18+00:00 RUN_HEARTBEAT terminal=BT2 pid=48776 elapsed=0s
2026-08-30T08:06:27+00:00 RUN_HEARTBEAT terminal=BT4 pid=56588 elapsed=0s
2026-08-30T08:06:33+00:00 RUN_HEARTBEAT terminal=BT3 pid=47456 elapsed=202s
2026-08-30T08:06:33+00:00 RUN_HEARTBEAT terminal=BT1 pid=53316 elapsed=606s
2026-08-30T08:07:25+00:00 RUN_HEARTBEAT terminal=PROD pid=42380 elapsed=261s
2026-08-30T08:07:25+00:00 RUN_HEARTBEAT terminal=BT2 pid=48776 elapsed=66s
2026-08-30T08:07:32+00:00 RUN_HEARTBEAT terminal=BT4 pid=56588 elapsed=65s
2026-08-30T08:07:40+00:00 RUN_END id=OAFX1910 window=IS terminal=BT3 status=FAILED decision=RUN_FAILED elapsed=286.757s
2026-08-30T08:07:40+00:00 SCREEN_BYPASS [913/1000] id=OAFX1913 route=FULLBOOK_DIRECT reason=他枠の同時保有を参照するため、単独枠スクリーニングでは測定不能
2026-08-30T08:07:40+00:00 RUN_START id=OAFX1913 family=gj_overlap_stop_cap window=IS terminal=BT3 run=oafx_is_oafx1913_20260830170740_7a296b
2026-08-30T08:07:40+00:00 RUN_END id=OAFX1909 window=IS terminal=PROD status=FAILED decision=RUN_FAILED elapsed=286.821s
2026-08-30T08:07:40+00:00 SCREEN_BYPASS [914/1000] id=OAFX1914 route=FULLBOOK_DIRECT reason=他枠の同時保有を参照するため、単独枠スクリーニングでは測定不能
2026-08-30T08:07:40+00:00 RUN_START id=OAFX1914 family=gj_overlap_stop_cap window=IS terminal=PROD run=oafx_is_oafx1914_20260830170740_72b991
2026-08-30T08:07:40+00:00 RUN_END id=OAFX1911 window=IS terminal=BT2 status=FAILED decision=RUN_FAILED elapsed=83.455s
2026-08-30T08:07:40+00:00 SCREEN_BYPASS [915/1000] id=OAFX1915 route=FULLBOOK_DIRECT reason=他枠の同時保有を参照するため、単独枠スクリーニングでは測定不能
2026-08-30T08:07:40+00:00 RUN_START id=OAFX1915 family=gj_overlap_stop_cap window=IS terminal=BT2 run=oafx_is_oafx1915_20260830170740_276f35
2026-08-30T08:07:41+00:00 RUN_HEARTBEAT terminal=BT1 pid=53316 elapsed=674s
2026-08-30T08:07:41+00:00 WAIT_LAUNCH_SLOT terminal=PROD seconds=8.0
2026-08-30T08:07:41+00:00 WAIT_LAUNCH_SLOT terminal=BT2 seconds=16.0
2026-08-30T08:07:42+00:00 RUN_HEARTBEAT terminal=BT3 pid=52960 elapsed=0s
2026-08-30T08:07:47+00:00 RUN_END id=OAFX1912 window=IS terminal=BT4 status=FAILED decision=RUN_FAILED elapsed=90.397s
2026-08-30T08:07:47+00:00 SCREEN_BYPASS [916/1000] id=OAFX1916 route=FULLBOOK_DIRECT reason=他枠の同時保有を参照するため、単独枠スクリーニングでは測定不能
2026-08-30T08:07:47+00:00 RUN_START id=OAFX1916 family=gj_overlap_stop_cap window=IS terminal=BT4 run=oafx_is_oafx1916_20260830170747_4599c2
2026-08-30T08:07:48+00:00 WAIT_LAUNCH_SLOT terminal=BT4 seconds=17.2
2026-08-30T08:07:50+00:00 RUN_HEARTBEAT terminal=PROD pid=41312 elapsed=0s
2026-08-30T08:07:58+00:00 RUN_HEARTBEAT terminal=BT2 pid=31160 elapsed=0s
2026-08-30T08:08:06+00:00 RUN_HEARTBEAT terminal=BT4 pid=52112 elapsed=0s
2026-08-30T08:08:34+00:00 RUN_END id=OAFX1915 window=IS terminal=BT2 status=FAILED decision=RUN_FAILED elapsed=54.351s
2026-08-30T08:08:34+00:00 RUN_END id=OAFX1901 window=IS terminal=BT1 status=FAILED decision=RUN_FAILED elapsed=729.139s
2026-08-30T08:08:34+00:00 RUN_END id=OAFX1913 window=IS terminal=BT3 status=FAILED decision=RUN_FAILED elapsed=54.262s
2026-08-30T08:08:35+00:00 SCREEN_BYPASS [918/1000] id=OAFX1918 route=FULLBOOK_DIRECT reason=他枠の同時保有を参照するため、単独枠スクリーニングでは測定不能
2026-08-30T08:08:35+00:00 SCREEN_BYPASS [917/1000] id=OAFX1917 route=FULLBOOK_DIRECT reason=他枠の同時保有を参照するため、単独枠スクリーニングでは測定不能
2026-08-30T08:08:35+00:00 SCREEN_BYPASS [919/1000] id=OAFX1919 route=FULLBOOK_DIRECT reason=他枠の同時保有を参照するため、単独枠スクリーニングでは測定不能
2026-08-30T08:08:35+00:00 RUN_START id=OAFX1918 family=gj_overlap_stop_cap window=IS terminal=BT1 run=oafx_is_oafx1918_20260830170835_4bfdfd
2026-08-30T08:08:35+00:00 RUN_START id=OAFX1917 family=gj_overlap_stop_cap window=IS terminal=BT2 run=oafx_is_oafx1917_20260830170835_2f4634
2026-08-30T08:08:35+00:00 RUN_START id=OAFX1919 family=gj_overlap_stop_cap window=IS terminal=BT3 run=oafx_is_oafx1919_20260830170835_52c11a
2026-08-30T08:08:38+00:00 RUN_END id=OAFX1916 window=IS terminal=BT4 status=FAILED decision=RUN_FAILED elapsed=51.316s
2026-08-30T08:08:38+00:00 SCREEN_BYPASS [920/1000] id=OAFX1920 route=FULLBOOK_DIRECT reason=他枠の同時保有を参照するため、単独枠スクリーニングでは測定不能
2026-08-30T08:08:38+00:00 RUN_START id=OAFX1920 family=gj_overlap_stop_cap window=IS terminal=BT4 run=oafx_is_oafx1920_20260830170838_cfc65d
2026-08-30T08:08:39+00:00 WAIT_MT5_IDLE terminal=BT2 elapsed=4s pids=[49444, 24684]
2026-08-30T08:08:39+00:00 WAIT_MT5_IDLE terminal=BT3 elapsed=4s pids=[56876, 49556]
2026-08-30T08:08:40+00:00 WAIT_MT5_IDLE terminal=BT1 elapsed=4s pids=[39272, 50592]
2026-08-30T08:08:40+00:00 WAIT_MT5_IDLE terminal=BT4 elapsed=2s pids=[51744, 39592]
2026-08-30T08:08:54+00:00 RUN_END id=OAFX1914 window=IS terminal=PROD status=FAILED decision=RUN_FAILED elapsed=74.052s
2026-08-30T08:08:54+00:00 SCREEN_BYPASS [921/1000] id=OAFX1921 route=FULLBOOK_DIRECT reason=他枠の同時保有を参照するため、単独枠スクリーニングでは測定不能
2026-08-30T08:08:54+00:00 RUN_START id=OAFX1921 family=gj_overlap_stop_cap window=IS terminal=PROD run=oafx_is_oafx1921_20260830170854_1d7e0e
2026-08-30T08:08:56+00:00 WAIT_LAUNCH_SLOT terminal=BT2 seconds=7.2
2026-08-30T08:08:56+00:00 WAIT_LAUNCH_SLOT terminal=BT3 seconds=15.2
2026-08-30T08:08:56+00:00 RUN_HEARTBEAT terminal=PROD pid=40988 elapsed=0s
2026-08-30T08:09:04+00:00 RUN_HEARTBEAT terminal=BT2 pid=55752 elapsed=0s
2026-08-30T08:09:12+00:00 RUN_HEARTBEAT terminal=BT3 pid=54456 elapsed=0s
2026-08-30T08:09:48+00:00 RUN_END id=OAFX1918 window=IS terminal=BT1 status=FAILED decision=RUN_FAILED elapsed=73.300s
2026-08-30T08:09:48+00:00 RUN_END id=OAFX1920 window=IS terminal=BT4 status=FAILED decision=RUN_FAILED elapsed=70.432s
2026-08-30T08:09:48+00:00 RUN_END id=OAFX1919 window=IS terminal=BT3 status=FAILED decision=RUN_FAILED elapsed=73.322s
2026-08-30T08:09:48+00:00 SCREEN_BYPASS [922/1000] id=OAFX1922 route=FULLBOOK_DIRECT reason=他枠の同時保有を参照するため、単独枠スクリーニングでは測定不能
2026-08-30T08:09:48+00:00 RUN_END id=OAFX1921 window=IS terminal=PROD status=FAILED decision=RUN_FAILED elapsed=54.701s
2026-08-30T08:09:48+00:00 SCREEN_BYPASS [923/1000] id=OAFX1923 route=FULLBOOK_DIRECT reason=他枠の同時保有を参照するため、単独枠スクリーニングでは測定不能
2026-08-30T08:09:48+00:00 SCREEN_BYPASS [924/1000] id=OAFX1924 route=FULLBOOK_DIRECT reason=他枠の同時保有を参照するため、単独枠スクリーニングでは測定不能
2026-08-30T08:09:48+00:00 RUN_START id=OAFX1922 family=gj_overlap_stop_cap window=IS terminal=BT1 run=oafx_is_oafx1922_20260830170948_dda863
2026-08-30T08:09:48+00:00 SCREEN_BYPASS [925/1000] id=OAFX1925 route=FULLBOOK_DIRECT reason=他枠の同時保有を参照するため、単独枠スクリーニングでは測定不能
2026-08-30T08:09:48+00:00 RUN_START id=OAFX1923 family=gj_overlap_stop_cap window=IS terminal=BT4 run=oafx_is_oafx1923_20260830170948_44513a
2026-08-30T08:09:48+00:00 RUN_START id=OAFX1924 family=gj_overlap_stop_cap window=IS terminal=BT3 run=oafx_is_oafx1924_20260830170948_94a88f
2026-08-30T08:09:48+00:00 RUN_START id=OAFX1925 family=gj_overlap_stop_cap window=IS terminal=PROD run=oafx_is_oafx1925_20260830170948_933a53
2026-08-30T08:09:51+00:00 WAIT_MT5_IDLE terminal=PROD elapsed=2s pids=[37892]
2026-08-30T08:09:51+00:00 WAIT_MT5_IDLE terminal=BT4 elapsed=2s pids=[51744, 39592]
2026-08-30T08:09:51+00:00 WAIT_MT5_IDLE terminal=BT1 elapsed=2s pids=[39272, 50592]
2026-08-30T08:09:51+00:00 WAIT_MT5_IDLE terminal=BT3 elapsed=2s pids=[40312, 30436]
2026-08-30T08:10:08+00:00 RUN_HEARTBEAT terminal=PROD pid=27424 elapsed=0s
2026-08-30T08:10:14+00:00 RUN_END id=OAFX1917 window=IS terminal=BT2 status=FAILED decision=RUN_FAILED elapsed=98.711s
2026-08-30T08:10:14+00:00 SCREEN_BYPASS [926/1000] id=OAFX1926 route=FULLBOOK_DIRECT reason=他枠の同時保有を参照するため、単独枠スクリーニングでは測定不能
2026-08-30T08:10:14+00:00 RUN_START id=OAFX1926 family=gj_overlap_stop_cap window=IS terminal=BT2 run=oafx_is_oafx1926_20260830171014_dbf99a
2026-08-30T08:10:15+00:00 WAIT_LAUNCH_SLOT terminal=BT2 seconds=0.1
2026-08-30T08:10:16+00:00 RUN_HEARTBEAT terminal=BT2 pid=25756 elapsed=0s
2026-08-30T08:10:41+00:00 RUN_HEARTBEAT terminal=BT3 pid=39532 elapsed=0s
2026-08-30T08:10:57+00:00 WAIT_MT5_IDLE terminal=BT4 elapsed=68s pids=[51744, 39592]
2026-08-30T08:10:57+00:00 WAIT_MT5_IDLE terminal=BT1 elapsed=68s pids=[39272, 50592]
2026-08-30T08:11:13+00:00 RUN_HEARTBEAT terminal=PROD pid=27424 elapsed=65s
2026-08-30T08:11:22+00:00 RUN_HEARTBEAT terminal=BT2 pid=25756 elapsed=65s
2026-08-30T08:11:46+00:00 RUN_HEARTBEAT terminal=BT3 pid=39532 elapsed=65s
2026-08-30T08:12:03+00:00 WAIT_MT5_IDLE terminal=BT4 elapsed=135s pids=[51744, 39592]
2026-08-30T08:12:04+00:00 RUN_HEARTBEAT terminal=BT1 pid=8824 elapsed=0s
2026-08-30T08:12:21+00:00 RUN_HEARTBEAT terminal=PROD pid=27424 elapsed=131s
2026-08-30T08:12:27+00:00 RUN_HEARTBEAT terminal=BT2 pid=25756 elapsed=131s
2026-08-30T08:12:56+00:00 RUN_HEARTBEAT terminal=BT3 pid=39532 elapsed=134s
2026-08-30T08:13:14+00:00 WAIT_MT5_IDLE terminal=BT4 elapsed=206s pids=[51744, 39592]
2026-08-30T08:13:14+00:00 RUN_HEARTBEAT terminal=BT1 pid=8824 elapsed=68s
2026-08-30T08:13:33+00:00 RUN_HEARTBEAT terminal=PROD pid=27424 elapsed=202s
2026-08-30T08:13:36+00:00 RUN_HEARTBEAT terminal=BT2 pid=25756 elapsed=200s
2026-08-30T08:14:09+00:00 RUN_HEARTBEAT terminal=BT3 pid=39532 elapsed=206s
2026-08-30T08:14:24+00:00 RUN_END id=OAFX1924 window=IS terminal=BT3 status=FAILED decision=RUN_FAILED elapsed=275.518s
2026-08-30T08:14:24+00:00 SCREEN_BYPASS [927/1000] id=OAFX1927 route=FULLBOOK_DIRECT reason=他枠の同時保有を参照するため、単独枠スクリーニングでは測定不能
2026-08-30T08:14:24+00:00 RUN_START id=OAFX1927 family=gj_overlap_stop_cap window=IS terminal=BT3 run=oafx_is_oafx1927_20260830171424_06fbb9
2026-08-30T08:14:25+00:00 RUN_HEARTBEAT terminal=BT1 pid=8824 elapsed=141s
2026-08-30T08:14:25+00:00 WAIT_LAUNCH_SLOT terminal=BT3 seconds=8.0
2026-08-30T08:14:26+00:00 RUN_HEARTBEAT terminal=BT4 pid=9084 elapsed=0s
2026-08-30T08:14:34+00:00 RUN_HEARTBEAT terminal=BT3 pid=49492 elapsed=0s
2026-08-30T08:14:40+00:00 RUN_END id=OAFX1922 window=IS terminal=BT1 status=FAILED decision=RUN_FAILED elapsed=291.680s
2026-08-30T08:14:40+00:00 SCREEN_BYPASS [928/1000] id=OAFX1928 route=FULLBOOK_DIRECT reason=他枠の同時保有を参照するため、単独枠スクリーニングでは測定不能
2026-08-30T08:14:40+00:00 RUN_START id=OAFX1928 family=gj_overlap_stop_cap window=IS terminal=BT1 run=oafx_is_oafx1928_20260830171440_2d01b0
2026-08-30T08:14:40+00:00 RUN_END id=OAFX1925 window=IS terminal=PROD status=FAILED decision=RUN_FAILED elapsed=291.670s
2026-08-30T08:14:40+00:00 SCREEN_BYPASS [929/1000] id=OAFX1929 route=FULLBOOK_DIRECT reason=他枠の同時保有を参照するため、単独枠スクリーニングでは測定不能
2026-08-30T08:14:40+00:00 RUN_START id=OAFX1929 family=gj_overlap_stop_cap window=IS terminal=PROD run=oafx_is_oafx1929_20260830171440_6c93e4
2026-08-30T08:14:40+00:00 RUN_END id=OAFX1926 window=IS terminal=BT2 status=FAILED decision=RUN_FAILED elapsed=266.657s
2026-08-30T08:14:40+00:00 SCREEN_BYPASS [930/1000] id=OAFX1930 route=FULLBOOK_DIRECT reason=他枠の同時保有を参照するため、単独枠スクリーニングでは測定不能
2026-08-30T08:14:40+00:00 RUN_START id=OAFX1930 family=gj_overlap_stop_cap window=IS terminal=BT2 run=oafx_is_oafx1930_20260830171440_307fa9
2026-08-30T08:14:41+00:00 WAIT_LAUNCH_SLOT terminal=PROD seconds=8.0
2026-08-30T08:14:42+00:00 WAIT_LAUNCH_SLOT terminal=BT2 seconds=15.7
2026-08-30T08:14:42+00:00 RUN_HEARTBEAT terminal=BT1 pid=56336 elapsed=0s
2026-08-30T08:14:50+00:00 RUN_HEARTBEAT terminal=PROD pid=56220 elapsed=0s
2026-08-30T08:15:00+00:00 RUN_HEARTBEAT terminal=BT2 pid=30272 elapsed=0s
2026-08-30T08:15:39+00:00 RUN_HEARTBEAT terminal=BT4 pid=9084 elapsed=73s
2026-08-30T08:15:46+00:00 RUN_END id=OAFX1927 window=IS terminal=BT3 status=FAILED decision=RUN_FAILED elapsed=82.337s
2026-08-30T08:15:46+00:00 SCREEN_BYPASS [931/1000] id=OAFX1931 route=FULLBOOK_DIRECT reason=他枠の同時保有を参照するため、単独枠スクリーニングでは測定不能
2026-08-30T08:15:46+00:00 RUN_START id=OAFX1931 family=gj_overlap_stop_cap window=IS terminal=BT3 run=oafx_is_oafx1931_20260830171546_bf1578
2026-08-30T08:15:48+00:00 RUN_HEARTBEAT terminal=BT3 pid=37712 elapsed=0s
2026-08-30T08:15:56+00:00 RUN_HEARTBEAT terminal=BT1 pid=56336 elapsed=73s
2026-08-30T08:16:03+00:00 RUN_HEARTBEAT terminal=PROD pid=56220 elapsed=73s
2026-08-30T08:16:12+00:00 RUN_HEARTBEAT terminal=BT2 pid=30272 elapsed=73s
2026-08-30T08:16:44+00:00 RUN_HEARTBEAT terminal=BT4 pid=9084 elapsed=138s
2026-08-30T08:16:52+00:00 RUN_HEARTBEAT terminal=BT3 pid=37712 elapsed=64s
2026-08-30T08:17:00+00:00 RUN_HEARTBEAT terminal=BT1 pid=56336 elapsed=138s
2026-08-30T08:17:07+00:00 RUN_HEARTBEAT terminal=PROD pid=56220 elapsed=137s
2026-08-30T08:17:16+00:00 RUN_HEARTBEAT terminal=BT2 pid=30272 elapsed=138s
2026-08-30T08:17:50+00:00 RUN_HEARTBEAT terminal=BT4 pid=9084 elapsed=203s
2026-08-30T08:17:57+00:00 RUN_HEARTBEAT terminal=BT3 pid=37712 elapsed=128s
2026-08-30T08:18:06+00:00 RUN_HEARTBEAT terminal=BT1 pid=56336 elapsed=203s
2026-08-30T08:18:13+00:00 RUN_HEARTBEAT terminal=PROD pid=56220 elapsed=203s
2026-08-30T08:18:23+00:00 RUN_HEARTBEAT terminal=BT2 pid=30272 elapsed=204s
2026-08-30T08:18:56+00:00 RUN_HEARTBEAT terminal=BT4 pid=9084 elapsed=269s
2026-08-30T08:19:01+00:00 RUN_HEARTBEAT terminal=BT3 pid=37712 elapsed=193s
2026-08-30T08:19:11+00:00 RUN_END id=OAFX1930 window=IS terminal=BT2 status=FAILED decision=RUN_FAILED elapsed=270.741s
2026-08-30T08:19:11+00:00 SCREEN_BYPASS [932/1000] id=OAFX1932 route=FULLBOOK_DIRECT reason=他枠の同時保有を参照するため、単独枠スクリーニングでは測定不能
2026-08-30T08:19:11+00:00 RUN_START id=OAFX1932 family=gj_overlap_stop_cap window=IS terminal=BT2 run=oafx_is_oafx1932_20260830171911_3eca69
2026-08-30T08:19:13+00:00 RUN_HEARTBEAT terminal=BT1 pid=56336 elapsed=270s
2026-08-30T08:19:14+00:00 RUN_HEARTBEAT terminal=BT2 pid=52784 elapsed=0s
2026-08-30T08:19:17+00:00 RUN_HEARTBEAT terminal=PROD pid=56220 elapsed=267s
2026-08-30T08:20:03+00:00 RUN_HEARTBEAT terminal=BT4 pid=9084 elapsed=336s
2026-08-30T08:20:06+00:00 RUN_HEARTBEAT terminal=BT3 pid=37712 elapsed=257s
2026-08-30T08:20:19+00:00 RUN_HEARTBEAT terminal=BT2 pid=52784 elapsed=65s
2026-08-30T08:20:19+00:00 RUN_HEARTBEAT terminal=BT1 pid=56336 elapsed=336s
2026-08-30T08:20:22+00:00 RUN_HEARTBEAT terminal=PROD pid=56220 elapsed=331s
2026-08-30T08:20:51+00:00 RUN_END id=OAFX1928 window=IS terminal=BT1 status=FAILED decision=RUN_FAILED elapsed=370.854s
2026-08-30T08:20:51+00:00 SCREEN_BYPASS [933/1000] id=OAFX1933 route=FULLBOOK_DIRECT reason=他枠の同時保有を参照するため、単独枠スクリーニングでは測定不能
2026-08-30T08:20:51+00:00 RUN_START id=OAFX1933 family=gj_overlap_stop_cap window=IS terminal=BT1 run=oafx_is_oafx1933_20260830172051_30fe65
2026-08-30T08:20:53+00:00 RUN_END id=OAFX1931 window=IS terminal=BT3 status=FAILED decision=RUN_FAILED elapsed=306.517s
2026-08-30T08:20:53+00:00 SCREEN_BYPASS [934/1000] id=OAFX1934 route=FULLBOOK_DIRECT reason=他枠の同時保有を参照するため、単独枠スクリーニングでは測定不能
2026-08-30T08:20:53+00:00 RUN_END id=OAFX1929 window=IS terminal=PROD status=FAILED decision=RUN_FAILED elapsed=372.752s
2026-08-30T08:20:53+00:00 RUN_START id=OAFX1934 family=gj_overlap_stop_cap window=IS terminal=BT3 run=oafx_is_oafx1934_20260830172053_e5319a
2026-08-30T08:20:53+00:00 SCREEN_BYPASS [935/1000] id=OAFX1935 route=FULLBOOK_DIRECT reason=他枠の同時保有を参照するため、単独枠スクリーニングでは測定不能
2026-08-30T08:20:53+00:00 RUN_START id=OAFX1935 family=gj_overlap_stop_cap window=IS terminal=PROD run=oafx_is_oafx1935_20260830172053_67b9df
2026-08-30T08:20:53+00:00 RUN_HEARTBEAT terminal=BT1 pid=37784 elapsed=0s
2026-08-30T08:20:54+00:00 WAIT_LAUNCH_SLOT terminal=BT3 seconds=6.1
2026-08-30T08:20:54+00:00 WAIT_LAUNCH_SLOT terminal=PROD seconds=14.1
2026-08-30T08:21:01+00:00 RUN_HEARTBEAT terminal=BT3 pid=13396 elapsed=0s
2026-08-30T08:21:08+00:00 RUN_HEARTBEAT terminal=BT4 pid=9084 elapsed=402s
2026-08-30T08:21:09+00:00 RUN_HEARTBEAT terminal=PROD pid=4204 elapsed=0s
2026-08-30T08:21:27+00:00 RUN_HEARTBEAT terminal=BT2 pid=52784 elapsed=130s
2026-08-30T08:22:00+00:00 RUN_HEARTBEAT terminal=BT1 pid=37784 elapsed=67s
2026-08-30T08:22:07+00:00 RUN_HEARTBEAT terminal=BT3 pid=13396 elapsed=66s
2026-08-30T08:22:17+00:00 RUN_HEARTBEAT terminal=PROD pid=4204 elapsed=67s
2026-08-30T08:22:17+00:00 RUN_HEARTBEAT terminal=BT4 pid=9084 elapsed=470s
2026-08-30T08:22:33+00:00 RUN_HEARTBEAT terminal=BT2 pid=52784 elapsed=199s
2026-08-30T08:23:06+00:00 RUN_HEARTBEAT terminal=BT1 pid=37784 elapsed=132s
2026-08-30T08:23:11+00:00 RUN_HEARTBEAT terminal=BT3 pid=13396 elapsed=130s
2026-08-30T08:23:24+00:00 RUN_HEARTBEAT terminal=BT4 pid=9084 elapsed=536s
2026-08-30T08:23:24+00:00 RUN_HEARTBEAT terminal=PROD pid=4204 elapsed=133s
2026-08-30T08:23:42+00:00 RUN_HEARTBEAT terminal=BT2 pid=52784 elapsed=267s
2026-08-30T08:23:57+00:00 RUN_END id=OAFX1932 window=IS terminal=BT2 status=FAILED decision=RUN_FAILED elapsed=285.844s
2026-08-30T08:23:57+00:00 SCREEN_BYPASS [936/1000] id=OAFX1936 route=FULLBOOK_DIRECT reason=他枠の同時保有を参照するため、単独枠スクリーニングでは測定不能
2026-08-30T08:23:57+00:00 RUN_START id=OAFX1936 family=gj_overlap_stop_cap window=IS terminal=BT2 run=oafx_is_oafx1936_20260830172357_947fde
2026-08-30T08:24:00+00:00 RUN_HEARTBEAT terminal=BT2 pid=37772 elapsed=0s
2026-08-30T08:24:16+00:00 RUN_HEARTBEAT terminal=BT1 pid=37784 elapsed=202s
2026-08-30T08:24:17+00:00 RUN_HEARTBEAT terminal=BT3 pid=13396 elapsed=196s
2026-08-30T08:24:34+00:00 RUN_HEARTBEAT terminal=BT4 pid=9084 elapsed=606s
2026-08-30T08:24:34+00:00 RUN_HEARTBEAT terminal=PROD pid=4204 elapsed=203s
2026-08-30T08:25:09+00:00 RUN_HEARTBEAT terminal=BT2 pid=37772 elapsed=68s
2026-08-30T08:25:27+00:00 RUN_HEARTBEAT terminal=BT3 pid=13396 elapsed=264s
2026-08-30T08:25:27+00:00 RUN_HEARTBEAT terminal=BT1 pid=37784 elapsed=272s
2026-08-30T08:25:42+00:00 RUN_END id=OAFX1935 window=IS terminal=PROD status=FAILED decision=RUN_FAILED elapsed=288.863s
2026-08-30T08:25:42+00:00 RUN_END id=OAFX1934 window=IS terminal=BT3 status=FAILED decision=RUN_FAILED elapsed=288.891s
2026-08-30T08:25:42+00:00 SCREEN_BYPASS [937/1000] id=OAFX1937 route=FULLBOOK_DIRECT reason=他枠の同時保有を参照するため、単独枠スクリーニングでは測定不能
2026-08-30T08:25:42+00:00 SCREEN_BYPASS [938/1000] id=OAFX1938 route=FULLBOOK_DIRECT reason=他枠の同時保有を参照するため、単独枠スクリーニングでは測定不能
2026-08-30T08:25:42+00:00 RUN_START id=OAFX1937 family=gj_overlap_stop_cap window=IS terminal=PROD run=oafx_is_oafx1937_20260830172542_a36cf6
2026-08-30T08:25:42+00:00 RUN_START id=OAFX1938 family=gj_overlap_stop_cap window=IS terminal=BT3 run=oafx_is_oafx1938_20260830172542_3432ca
2026-08-30T08:25:43+00:00 RUN_HEARTBEAT terminal=BT4 pid=9084 elapsed=677s
2026-08-30T08:25:43+00:00 WAIT_LAUNCH_SLOT terminal=BT3 seconds=7.9
2026-08-30T08:25:44+00:00 RUN_HEARTBEAT terminal=PROD pid=4568 elapsed=0s
2026-08-30T08:25:52+00:00 RUN_HEARTBEAT terminal=BT3 pid=35456 elapsed=0s
2026-08-30T08:26:16+00:00 RUN_HEARTBEAT terminal=BT2 pid=37772 elapsed=136s
2026-08-30T08:26:33+00:00 RUN_HEARTBEAT terminal=BT1 pid=37784 elapsed=339s
2026-08-30T08:26:49+00:00 RUN_HEARTBEAT terminal=BT4 pid=9084 elapsed=742s
2026-08-30T08:26:49+00:00 RUN_HEARTBEAT terminal=PROD pid=4568 elapsed=65s
2026-08-30T08:26:59+00:00 RUN_HEARTBEAT terminal=BT3 pid=35456 elapsed=67s
2026-08-30T08:27:21+00:00 RUN_HEARTBEAT terminal=BT2 pid=37772 elapsed=201s
2026-08-30T08:27:38+00:00 RUN_HEARTBEAT terminal=BT1 pid=37784 elapsed=404s
2026-08-30T08:27:53+00:00 RUN_END id=OAFX1936 window=IS terminal=BT2 status=FAILED decision=RUN_FAILED elapsed=235.489s
2026-08-30T08:27:53+00:00 SCREEN_BYPASS [939/1000] id=OAFX1939 route=FULLBOOK_DIRECT reason=他枠の同時保有を参照するため、単独枠スクリーニングでは測定不能
2026-08-30T08:27:53+00:00 RUN_START id=OAFX1939 family=gj_overlap_stop_cap window=IS terminal=BT2 run=oafx_is_oafx1939_20260830172753_c70dc1
2026-08-30T08:27:54+00:00 RUN_HEARTBEAT terminal=PROD pid=4568 elapsed=129s
2026-08-30T08:27:54+00:00 RUN_END id=OAFX1923 window=IS terminal=BT4 status=OK decision=IS_SURVIVOR_STRICT elapsed=1085.643s
2026-08-30T08:27:54+00:00 RUN_START id=OAFX1923 family=gj_overlap_stop_cap window=OOS terminal=BT4 run=oafx_oos_oafx1923_20260830172754_be4dcc
2026-08-30T08:27:55+00:00 RUN_HEARTBEAT terminal=BT2 pid=51412 elapsed=0s
2026-08-30T08:27:55+00:00 WAIT_LAUNCH_SLOT terminal=BT4 seconds=6.5
2026-08-30T08:28:03+00:00 RUN_HEARTBEAT terminal=BT4 pid=37336 elapsed=0s
2026-08-30T08:28:04+00:00 RUN_HEARTBEAT terminal=BT3 pid=35456 elapsed=132s
2026-08-30T08:28:44+00:00 RUN_HEARTBEAT terminal=BT1 pid=37784 elapsed=471s
2026-08-30T08:29:00+00:00 RUN_HEARTBEAT terminal=PROD pid=4568 elapsed=196s
2026-08-30T08:29:01+00:00 RUN_HEARTBEAT terminal=BT2 pid=51412 elapsed=66s
2026-08-30T08:29:13+00:00 RUN_HEARTBEAT terminal=BT4 pid=37336 elapsed=68s
2026-08-30T08:29:13+00:00 RUN_HEARTBEAT terminal=BT3 pid=35456 elapsed=198s
2026-08-30T08:29:48+00:00 RUN_HEARTBEAT terminal=BT1 pid=37784 elapsed=535s
2026-08-30T08:30:04+00:00 RUN_HEARTBEAT terminal=PROD pid=4568 elapsed=260s
2026-08-30T08:30:05+00:00 RUN_HEARTBEAT terminal=BT2 pid=51412 elapsed=130s
2026-08-30T08:30:20+00:00 RUN_HEARTBEAT terminal=BT4 pid=37336 elapsed=136s
2026-08-30T08:30:20+00:00 RUN_HEARTBEAT terminal=BT3 pid=35456 elapsed=267s
2026-08-30T08:30:35+00:00 RUN_END id=OAFX1923 window=OOS terminal=BT4 status=FAILED decision=RUN_FAILED elapsed=160.127s
2026-08-30T08:30:35+00:00 RUN_END id=OAFX1938 window=IS terminal=BT3 status=FAILED decision=RUN_FAILED elapsed=292.718s
2026-08-30T08:30:35+00:00 SCREEN_BYPASS [940/1000] id=OAFX1940 route=FULLBOOK_DIRECT reason=他枠の同時保有を参照するため、単独枠スクリーニングでは測定不能
2026-08-30T08:30:35+00:00 SCREEN_BYPASS [941/1000] id=OAFX1941 route=FULLBOOK_DIRECT reason=他枠の同時保有を参照するため、単独枠スクリーニングでは測定不能
2026-08-30T08:30:35+00:00 RUN_START id=OAFX1940 family=gj_overlap_stop_cap window=IS terminal=BT4 run=oafx_is_oafx1940_20260830173035_a7a2a5
2026-08-30T08:30:35+00:00 RUN_START id=OAFX1941 family=gj_overlap_stop_cap window=IS terminal=BT3 run=oafx_is_oafx1941_20260830173035_1c34f9
2026-08-30T08:30:36+00:00 WAIT_LAUNCH_SLOT terminal=BT3 seconds=8.0
2026-08-30T08:30:37+00:00 RUN_HEARTBEAT terminal=BT4 pid=31600 elapsed=0s
2026-08-30T08:30:45+00:00 RUN_HEARTBEAT terminal=BT3 pid=49576 elapsed=0s
2026-08-30T08:30:53+00:00 RUN_HEARTBEAT terminal=BT1 pid=37784 elapsed=599s
2026-08-30T08:31:10+00:00 RUN_HEARTBEAT terminal=BT2 pid=51412 elapsed=194s
2026-08-30T08:31:10+00:00 RUN_HEARTBEAT terminal=PROD pid=4568 elapsed=324s
2026-08-30T08:31:43+00:00 RUN_HEARTBEAT terminal=BT4 pid=31600 elapsed=66s
2026-08-30T08:31:52+00:00 RUN_HEARTBEAT terminal=BT3 pid=49576 elapsed=67s
2026-08-30T08:32:01+00:00 RUN_HEARTBEAT terminal=BT1 pid=37784 elapsed=666s
2026-08-30T08:32:16+00:00 RUN_END id=OAFX1937 window=IS terminal=PROD status=FAILED decision=RUN_FAILED elapsed=394.541s
2026-08-30T08:32:16+00:00 RUN_END id=OAFX1940 window=IS terminal=BT4 status=FAILED decision=RUN_FAILED elapsed=101.770s
2026-08-30T08:32:16+00:00 SCREEN_BYPASS [943/1000] id=OAFX1943 route=FULLBOOK_DIRECT reason=他枠の同時保有を参照するため、単独枠スクリーニングでは測定不能
2026-08-30T08:32:16+00:00 SCREEN_BYPASS [942/1000] id=OAFX1942 route=FULLBOOK_DIRECT reason=他枠の同時保有を参照するため、単独枠スクリーニングでは測定不能
2026-08-30T08:32:16+00:00 RUN_START id=OAFX1943 family=gj_overlap_stop_cap window=IS terminal=BT4 run=oafx_is_oafx1943_20260830173216_ed0f83
2026-08-30T08:32:16+00:00 RUN_START id=OAFX1942 family=gj_overlap_stop_cap window=IS terminal=PROD run=oafx_is_oafx1942_20260830173216_1f08fb
2026-08-30T08:32:18+00:00 RUN_HEARTBEAT terminal=BT2 pid=51412 elapsed=262s
2026-08-30T08:32:18+00:00 WAIT_LAUNCH_SLOT terminal=PROD seconds=8.0
2026-08-30T08:32:19+00:00 RUN_HEARTBEAT terminal=BT4 pid=53724 elapsed=0s
2026-08-30T08:32:27+00:00 RUN_HEARTBEAT terminal=PROD pid=55644 elapsed=0s
2026-08-30T08:32:56+00:00 RUN_HEARTBEAT terminal=BT3 pid=49576 elapsed=131s
2026-08-30T08:33:09+00:00 RUN_HEARTBEAT terminal=BT1 pid=37784 elapsed=734s
2026-08-30T08:33:27+00:00 RUN_HEARTBEAT terminal=BT4 pid=53724 elapsed=67s
2026-08-30T08:33:27+00:00 RUN_HEARTBEAT terminal=BT2 pid=51412 elapsed=330s
2026-08-30T08:33:34+00:00 RUN_HEARTBEAT terminal=PROD pid=55644 elapsed=67s
2026-08-30T08:33:58+00:00 RUN_END id=OAFX1943 window=IS terminal=BT4 status=FAILED decision=RUN_FAILED elapsed=101.932s
2026-08-30T08:33:58+00:00 RUN_END id=OAFX1933 window=IS terminal=BT1 status=FAILED decision=RUN_FAILED elapsed=787.343s
2026-08-30T08:33:58+00:00 SCREEN_BYPASS [944/1000] id=OAFX1944 route=FULLBOOK_DIRECT reason=他枠の同時保有を参照するため、単独枠スクリーニングでは測定不能
2026-08-30T08:33:58+00:00 SCREEN_BYPASS [945/1000] id=OAFX1945 route=FULLBOOK_DIRECT reason=他枠の同時保有を参照するため、単独枠スクリーニングでは測定不能
2026-08-30T08:33:58+00:00 RUN_START id=OAFX1944 family=gj_overlap_stop_cap window=IS terminal=BT4 run=oafx_is_oafx1944_20260830173358_1e36d6
2026-08-30T08:33:58+00:00 RUN_START id=OAFX1945 family=gj_overlap_stop_cap window=IS terminal=BT1 run=oafx_is_oafx1945_20260830173358_afa9c9
2026-08-30T08:33:59+00:00 WAIT_LAUNCH_SLOT terminal=BT4 seconds=8.0
2026-08-30T08:34:00+00:00 RUN_HEARTBEAT terminal=BT1 pid=48508 elapsed=0s
2026-08-30T08:34:04+00:00 RUN_HEARTBEAT terminal=BT3 pid=49576 elapsed=199s
2026-08-30T08:34:05+00:00 RUN_END id=OAFX1942 window=IS terminal=PROD status=FAILED decision=RUN_FAILED elapsed=108.868s
2026-08-30T08:34:05+00:00 SCREEN_BYPASS [946/1000] id=OAFX1946 route=FULLBOOK_DIRECT reason=他枠の同時保有を参照するため、単独枠スクリーニングでは測定不能
2026-08-30T08:34:05+00:00 RUN_START id=OAFX1946 family=gj_overlap_stop_cap window=IS terminal=PROD run=oafx_is_oafx1946_20260830173405_91b8f8
2026-08-30T08:34:06+00:00 WAIT_LAUNCH_SLOT terminal=PROD seconds=9.1
2026-08-30T08:34:08+00:00 RUN_HEARTBEAT terminal=BT4 pid=49628 elapsed=0s
2026-08-30T08:34:17+00:00 RUN_HEARTBEAT terminal=PROD pid=10608 elapsed=0s
2026-08-30T08:34:34+00:00 RUN_HEARTBEAT terminal=BT2 pid=51412 elapsed=396s
2026-08-30T08:35:06+00:00 RUN_HEARTBEAT terminal=BT1 pid=48508 elapsed=66s
2026-08-30T08:35:08+00:00 RUN_HEARTBEAT terminal=BT3 pid=49576 elapsed=263s
2026-08-30T08:35:13+00:00 RUN_HEARTBEAT terminal=BT4 pid=49628 elapsed=65s
2026-08-30T08:35:22+00:00 RUN_HEARTBEAT terminal=PROD pid=10608 elapsed=66s
2026-08-30T08:35:38+00:00 RUN_HEARTBEAT terminal=BT2 pid=51412 elapsed=463s
2026-08-30T08:35:55+00:00 RUN_END id=OAFX1941 window=IS terminal=BT3 status=FAILED decision=RUN_FAILED elapsed=319.906s
2026-08-30T08:35:55+00:00 SCREEN_BYPASS [947/1000] id=OAFX1947 route=FULLBOOK_DIRECT reason=他枠の同時保有を参照するため、単独枠スクリーニングでは測定不能
2026-08-30T08:35:55+00:00 RUN_START id=OAFX1947 family=gj_overlap_stop_cap window=IS terminal=BT3 run=oafx_is_oafx1947_20260830173555_9669cb
2026-08-30T08:35:56+00:00 RUN_HEARTBEAT terminal=BT3 pid=18012 elapsed=0s
2026-08-30T08:36:00+00:00 RUN_END id=OAFX1944 window=IS terminal=BT4 status=FAILED decision=RUN_FAILED elapsed=121.848s
2026-08-30T08:36:00+00:00 SCREEN_BYPASS [948/1000] id=OAFX1948 route=FULLBOOK_DIRECT reason=他枠の同時保有を参照するため、単独枠スクリーニングでは測定不能
2026-08-30T08:36:00+00:00 RUN_START id=OAFX1948 family=gj_overlap_stop_cap window=IS terminal=BT4 run=oafx_is_oafx1948_20260830173600_6f9333
2026-08-30T08:36:01+00:00 WAIT_LAUNCH_SLOT terminal=BT4 seconds=2.3
2026-08-30T08:36:05+00:00 RUN_HEARTBEAT terminal=BT4 pid=47300 elapsed=0s
2026-08-30T08:36:11+00:00 RUN_HEARTBEAT terminal=BT1 pid=48508 elapsed=130s
2026-08-30T08:36:27+00:00 RUN_HEARTBEAT terminal=PROD pid=10608 elapsed=131s
2026-08-30T08:36:44+00:00 RUN_HEARTBEAT terminal=BT2 pid=51412 elapsed=528s
2026-08-30T08:37:01+00:00 RUN_HEARTBEAT terminal=BT3 pid=18012 elapsed=64s
2026-08-30T08:37:13+00:00 RUN_HEARTBEAT terminal=BT4 pid=47300 elapsed=65s
2026-08-30T08:37:17+00:00 RUN_HEARTBEAT terminal=BT1 pid=48508 elapsed=196s
2026-08-30T08:37:32+00:00 RUN_END id=OAFX1946 window=IS terminal=PROD status=FAILED decision=RUN_FAILED elapsed=206.249s
2026-08-30T08:37:32+00:00 SCREEN_BYPASS [949/1000] id=OAFX1949 route=FULLBOOK_DIRECT reason=他枠の同時保有を参照するため、単独枠スクリーニングでは測定不能
2026-08-30T08:37:32+00:00 RUN_START id=OAFX1949 family=gj_overlap_stop_cap window=IS terminal=PROD run=oafx_is_oafx1949_20260830173732_116dff
2026-08-30T08:37:34+00:00 RUN_HEARTBEAT terminal=PROD pid=53808 elapsed=0s
2026-08-30T08:37:49+00:00 RUN_HEARTBEAT terminal=BT2 pid=51412 elapsed=594s
2026-08-30T08:38:05+00:00 RUN_HEARTBEAT terminal=BT3 pid=18012 elapsed=129s
2026-08-30T08:38:18+00:00 RUN_HEARTBEAT terminal=BT4 pid=47300 elapsed=133s
2026-08-30T08:38:20+00:00 RUN_END id=OAFX1939 window=IS terminal=BT2 status=FAILED decision=RUN_FAILED elapsed=627.522s
2026-08-30T08:38:20+00:00 RUN_END id=OAFX1945 window=IS terminal=BT1 status=FAILED decision=RUN_FAILED elapsed=261.911s
2026-08-30T08:38:20+00:00 SCREEN_BYPASS [950/1000] id=OAFX1950 route=FULLBOOK_DIRECT reason=他枠の同時保有を参照するため、単独枠スクリーニングでは測定不能
2026-08-30T08:38:20+00:00 SCREEN_BYPASS [951/1000] id=OAFX1951 route=FULLBOOK_DIRECT reason=他枠の同時保有を参照するため、単独枠スクリーニングでは測定不能
2026-08-30T08:38:20+00:00 RUN_START id=OAFX1950 family=gj_overlap_stop_cap window=IS terminal=BT2 run=oafx_is_oafx1950_20260830173820_ff3efe
2026-08-30T08:38:20+00:00 RUN_START id=OAFX1951 family=gj_overlap_stop_cap window=IS terminal=BT1 run=oafx_is_oafx1951_20260830173820_9fb94c
2026-08-30T08:38:21+00:00 RUN_END id=OAFX1949 window=IS terminal=PROD status=FAILED decision=RUN_FAILED elapsed=49.403s
2026-08-30T08:38:21+00:00 SCREEN_BYPASS [952/1000] id=OAFX1952 route=FULLBOOK_DIRECT reason=他枠の同時保有を参照するため、単独枠スクリーニングでは測定不能
2026-08-30T08:38:21+00:00 RUN_START id=OAFX1952 family=gj_overlap_stop_cap window=IS terminal=PROD run=oafx_is_oafx1952_20260830173821_4efeb2
2026-08-30T08:38:21+00:00 WAIT_LAUNCH_SLOT terminal=BT1 seconds=8.0
2026-08-30T08:38:22+00:00 WAIT_LAUNCH_SLOT terminal=PROD seconds=15.3
2026-08-30T08:38:22+00:00 RUN_HEARTBEAT terminal=BT2 pid=31992 elapsed=0s
2026-08-30T08:38:30+00:00 RUN_HEARTBEAT terminal=BT1 pid=55224 elapsed=0s
2026-08-30T08:38:38+00:00 RUN_HEARTBEAT terminal=PROD pid=49232 elapsed=0s
2026-08-30T08:39:11+00:00 RUN_HEARTBEAT terminal=BT3 pid=18012 elapsed=194s
2026-08-30T08:39:25+00:00 RUN_HEARTBEAT terminal=BT4 pid=47300 elapsed=200s
2026-08-30T08:39:27+00:00 RUN_HEARTBEAT terminal=BT2 pid=31992 elapsed=65s
2026-08-30T08:39:35+00:00 RUN_HEARTBEAT terminal=BT1 pid=55224 elapsed=65s
2026-08-30T08:39:44+00:00 RUN_HEARTBEAT terminal=PROD pid=49232 elapsed=65s
2026-08-30T08:40:16+00:00 RUN_HEARTBEAT terminal=BT3 pid=18012 elapsed=259s
2026-08-30T08:40:30+00:00 RUN_HEARTBEAT terminal=BT4 pid=47300 elapsed=266s
2026-08-30T08:40:32+00:00 RUN_HEARTBEAT terminal=BT2 pid=31992 elapsed=130s
2026-08-30T08:40:39+00:00 RUN_HEARTBEAT terminal=BT1 pid=55224 elapsed=129s
2026-08-30T08:40:50+00:00 RUN_HEARTBEAT terminal=PROD pid=49232 elapsed=130s
2026-08-30T08:41:22+00:00 RUN_HEARTBEAT terminal=BT3 pid=18012 elapsed=326s
2026-08-30T08:41:36+00:00 RUN_HEARTBEAT terminal=BT4 pid=47300 elapsed=331s
2026-08-30T08:41:38+00:00 RUN_END id=OAFX1952 window=IS terminal=PROD status=FAILED decision=RUN_FAILED elapsed=196.410s
2026-08-30T08:41:38+00:00 SCREEN_BYPASS [953/1000] id=OAFX1953 route=FULLBOOK_DIRECT reason=他枠の同時保有を参照するため、単独枠スクリーニングでは測定不能
2026-08-30T08:41:38+00:00 RUN_START id=OAFX1953 family=gj_overlap_stop_cap window=IS terminal=PROD run=oafx_is_oafx1953_20260830174138_8a76fe
2026-08-30T08:41:39+00:00 RUN_HEARTBEAT terminal=BT2 pid=31992 elapsed=196s
2026-08-30T08:41:40+00:00 RUN_HEARTBEAT terminal=PROD pid=51528 elapsed=0s
2026-08-30T08:41:46+00:00 RUN_HEARTBEAT terminal=BT1 pid=55224 elapsed=195s
2026-08-30T08:42:18+00:00 RUN_END id=OAFX1951 window=IS terminal=BT1 status=FAILED decision=RUN_FAILED elapsed=237.431s
2026-08-30T08:42:18+00:00 SCREEN_BYPASS [954/1000] id=OAFX1954 route=FULLBOOK_DIRECT reason=他枠の同時保有を参照するため、単独枠スクリーニングでは測定不能
2026-08-30T08:42:18+00:00 RUN_START id=OAFX1954 family=gj_overlap_stop_cap window=IS terminal=BT1 run=oafx_is_oafx1954_20260830174218_b133a7
2026-08-30T08:42:19+00:00 RUN_HEARTBEAT terminal=BT1 pid=42860 elapsed=0s
2026-08-30T08:42:24+00:00 RUN_END id=OAFX1948 window=IS terminal=BT4 status=FAILED decision=RUN_FAILED elapsed=383.509s
2026-08-30T08:42:24+00:00 SCREEN_BYPASS [955/1000] id=OAFX1955 route=FULLBOOK_DIRECT reason=他枠の同時保有を参照するため、単独枠スクリーニングでは測定不能
2026-08-30T08:42:24+00:00 RUN_START id=OAFX1955 family=gj_overlap_stop_cap window=IS terminal=BT4 run=oafx_is_oafx1955_20260830174224_167d1a
2026-08-30T08:42:25+00:00 WAIT_LAUNCH_SLOT terminal=BT4 seconds=1.9
2026-08-30T08:42:26+00:00 RUN_END id=OAFX1947 window=IS terminal=BT3 status=FAILED decision=RUN_FAILED elapsed=391.534s
2026-08-30T08:42:26+00:00 SCREEN_BYPASS [956/1000] id=OAFX1956 route=FULLBOOK_DIRECT reason=他枠の同時保有を参照するため、単独枠スクリーニングでは測定不能
2026-08-30T08:42:26+00:00 RUN_START id=OAFX1956 family=gj_overlap_stop_cap window=IS terminal=BT3 run=oafx_is_oafx1956_20260830174226_4b8942
2026-08-30T08:42:26+00:00 RUN_END id=OAFX1950 window=IS terminal=BT2 status=FAILED decision=RUN_FAILED elapsed=245.792s
2026-08-30T08:42:26+00:00 SCREEN_BYPASS [957/1000] id=OAFX1957 route=FULLBOOK_DIRECT reason=他枠の同時保有を参照するため、単独枠スクリーニングでは測定不能
2026-08-30T08:42:26+00:00 RUN_START id=OAFX1957 family=gj_overlap_stop_cap window=IS terminal=BT2 run=oafx_is_oafx1957_20260830174226_30b5b1
2026-08-30T08:42:27+00:00 RUN_END id=OAFX1953 window=IS terminal=PROD status=FAILED decision=RUN_FAILED elapsed=49.150s
2026-08-30T08:42:27+00:00 SCREEN_BYPASS [958/1000] id=OAFX1958 route=FULLBOOK_DIRECT reason=他枠の同時保有を参照するため、単独枠スクリーニングでは測定不能
2026-08-30T08:42:27+00:00 RUN_START id=OAFX1958 family=gj_overlap_stop_cap window=IS terminal=PROD run=oafx_is_oafx1958_20260830174227_cc7042
2026-08-30T08:42:27+00:00 WAIT_LAUNCH_SLOT terminal=BT2 seconds=7.4
2026-08-30T08:42:27+00:00 WAIT_LAUNCH_SLOT terminal=BT3 seconds=15.4
2026-08-30T08:42:27+00:00 RUN_HEARTBEAT terminal=BT4 pid=51996 elapsed=0s
2026-08-30T08:42:28+00:00 WAIT_LAUNCH_SLOT terminal=PROD seconds=22.8
2026-08-30T08:42:36+00:00 RUN_HEARTBEAT terminal=BT2 pid=42984 elapsed=0s
2026-08-30T08:42:44+00:00 RUN_HEARTBEAT terminal=BT3 pid=51368 elapsed=0s
2026-08-30T08:42:54+00:00 RUN_HEARTBEAT terminal=PROD pid=48764 elapsed=0s
2026-08-30T08:43:32+00:00 RUN_HEARTBEAT terminal=BT1 pid=42860 elapsed=72s
2026-08-30T08:43:40+00:00 RUN_HEARTBEAT terminal=BT4 pid=51996 elapsed=72s
2026-08-30T08:43:48+00:00 RUN_HEARTBEAT terminal=BT2 pid=42984 elapsed=72s
2026-08-30T08:43:56+00:00 RUN_HEARTBEAT terminal=BT3 pid=51368 elapsed=72s
2026-08-30T08:44:04+00:00 RUN_HEARTBEAT terminal=PROD pid=48764 elapsed=72s
2026-08-30T08:44:37+00:00 RUN_HEARTBEAT terminal=BT1 pid=42860 elapsed=137s
2026-08-30T08:44:44+00:00 RUN_HEARTBEAT terminal=BT4 pid=51996 elapsed=136s
2026-08-30T08:44:54+00:00 RUN_HEARTBEAT terminal=BT2 pid=42984 elapsed=137s
2026-08-30T08:45:01+00:00 RUN_HEARTBEAT terminal=BT3 pid=51368 elapsed=136s
2026-08-30T08:45:10+00:00 RUN_HEARTBEAT terminal=PROD pid=48764 elapsed=138s
2026-08-30T08:45:46+00:00 RUN_HEARTBEAT terminal=BT1 pid=42860 elapsed=204s
2026-08-30T08:45:50+00:00 RUN_HEARTBEAT terminal=BT4 pid=51996 elapsed=202s
2026-08-30T08:46:03+00:00 RUN_HEARTBEAT terminal=BT2 pid=42984 elapsed=206s
2026-08-30T08:46:08+00:00 RUN_HEARTBEAT terminal=BT3 pid=51368 elapsed=203s
2026-08-30T08:46:19+00:00 RUN_HEARTBEAT terminal=PROD pid=48764 elapsed=207s
2026-08-30T08:46:53+00:00 RUN_HEARTBEAT terminal=BT1 pid=42860 elapsed=273s
2026-08-30T08:46:59+00:00 RUN_HEARTBEAT terminal=BT4 pid=51996 elapsed=270s
2026-08-30T08:47:09+00:00 RUN_HEARTBEAT terminal=BT2 pid=42984 elapsed=273s
2026-08-30T08:47:15+00:00 RUN_HEARTBEAT terminal=BT3 pid=51368 elapsed=271s
2026-08-30T08:47:26+00:00 RUN_HEARTBEAT terminal=PROD pid=48764 elapsed=274s
2026-08-30T08:47:30+00:00 RUN_END id=OAFX1955 window=IS terminal=BT4 status=FAILED decision=RUN_FAILED elapsed=306.287s
2026-08-30T08:47:30+00:00 SCREEN_BYPASS [959/1000] id=OAFX1959 route=FULLBOOK_DIRECT reason=他枠の同時保有を参照するため、単独枠スクリーニングでは測定不能
2026-08-30T08:47:30+00:00 RUN_START id=OAFX1959 family=gj_overlap_stop_cap window=IS terminal=BT4 run=oafx_is_oafx1959_20260830174730_868e49
2026-08-30T08:47:32+00:00 RUN_HEARTBEAT terminal=BT4 pid=43672 elapsed=0s
2026-08-30T08:47:41+00:00 RUN_END id=OAFX1957 window=IS terminal=BT2 status=FAILED decision=RUN_FAILED elapsed=314.632s
2026-08-30T08:47:41+00:00 RUN_END id=OAFX1958 window=IS terminal=PROD status=FAILED decision=RUN_FAILED elapsed=313.965s
2026-08-30T08:47:41+00:00 SCREEN_BYPASS [960/1000] id=OAFX1960 route=FULLBOOK_DIRECT reason=他枠の同時保有を参照するため、単独枠スクリーニングでは測定不能
2026-08-30T08:47:41+00:00 SCREEN_BYPASS [961/1000] id=OAFX1961 route=FULLBOOK_DIRECT reason=他枠の同時保有を参照するため、単独枠スクリーニングでは測定不能
2026-08-30T08:47:41+00:00 RUN_START id=OAFX1960 family=gj_overlap_stop_cap window=IS terminal=BT2 run=oafx_is_oafx1960_20260830174741_a6e9b7
2026-08-30T08:47:41+00:00 RUN_START id=OAFX1961 family=gj_overlap_stop_cap window=IS terminal=PROD run=oafx_is_oafx1961_20260830174741_ff4024
2026-08-30T08:47:42+00:00 WAIT_LAUNCH_SLOT terminal=BT2 seconds=8.0
2026-08-30T08:47:43+00:00 RUN_HEARTBEAT terminal=PROD pid=50484 elapsed=0s
2026-08-30T08:47:51+00:00 RUN_HEARTBEAT terminal=BT2 pid=44472 elapsed=0s
2026-08-30T08:48:00+00:00 RUN_HEARTBEAT terminal=BT1 pid=42860 elapsed=339s
2026-08-30T08:48:21+00:00 RUN_HEARTBEAT terminal=BT3 pid=51368 elapsed=337s
2026-08-30T08:48:37+00:00 RUN_HEARTBEAT terminal=BT4 pid=43672 elapsed=65s
2026-08-30T08:48:50+00:00 RUN_HEARTBEAT terminal=PROD pid=50484 elapsed=65s
2026-08-30T08:48:56+00:00 RUN_HEARTBEAT terminal=BT2 pid=44472 elapsed=65s
2026-08-30T08:49:07+00:00 RUN_HEARTBEAT terminal=BT1 pid=42860 elapsed=407s
2026-08-30T08:49:26+00:00 RUN_HEARTBEAT terminal=BT3 pid=51368 elapsed=402s
2026-08-30T08:49:42+00:00 RUN_HEARTBEAT terminal=BT4 pid=43672 elapsed=129s
2026-08-30T08:49:57+00:00 RUN_HEARTBEAT terminal=PROD pid=50484 elapsed=134s
2026-08-30T08:50:00+00:00 RUN_HEARTBEAT terminal=BT2 pid=44472 elapsed=128s
2026-08-30T08:50:14+00:00 RUN_HEARTBEAT terminal=BT1 pid=42860 elapsed=473s
2026-08-30T08:50:31+00:00 RUN_HEARTBEAT terminal=BT3 pid=51368 elapsed=467s
2026-08-30T08:50:48+00:00 RUN_HEARTBEAT terminal=BT4 pid=43672 elapsed=195s
2026-08-30T08:51:05+00:00 RUN_HEARTBEAT terminal=BT2 pid=44472 elapsed=193s
2026-08-30T08:51:05+00:00 RUN_HEARTBEAT terminal=PROD pid=50484 elapsed=201s
2026-08-30T08:51:22+00:00 RUN_HEARTBEAT terminal=BT1 pid=42860 elapsed=542s
2026-08-30T08:51:37+00:00 RUN_END id=OAFX1954 window=IS terminal=BT1 status=FAILED decision=RUN_FAILED elapsed=559.211s
2026-08-30T08:51:37+00:00 SCREEN_BYPASS [962/1000] id=OAFX1962 route=FULLBOOK_DIRECT reason=他枠の同時保有を参照するため、単独枠スクリーニングでは測定不能
2026-08-30T08:51:37+00:00 RUN_START id=OAFX1962 family=gj_overlap_stop_cap window=IS terminal=BT1 run=oafx_is_oafx1962_20260830175137_64bb81
2026-08-30T08:51:38+00:00 RUN_HEARTBEAT terminal=BT3 pid=51368 elapsed=534s
2026-08-30T08:51:40+00:00 RUN_HEARTBEAT terminal=BT1 pid=36632 elapsed=0s
2026-08-30T08:51:55+00:00 RUN_HEARTBEAT terminal=BT4 pid=43672 elapsed=262s
2026-08-30T08:52:10+00:00 RUN_END id=OAFX1960 window=IS terminal=BT2 status=FAILED decision=RUN_FAILED elapsed=269.393s
2026-08-30T08:52:10+00:00 RUN_END id=OAFX1961 window=IS terminal=PROD status=FAILED decision=RUN_FAILED elapsed=269.391s
2026-08-30T08:52:10+00:00 SCREEN_BYPASS [963/1000] id=OAFX1963 route=FULLBOOK_DIRECT reason=他枠の同時保有を参照するため、単独枠スクリーニングでは測定不能
2026-08-30T08:52:10+00:00 SCREEN_BYPASS [964/1000] id=OAFX1964 route=FULLBOOK_DIRECT reason=他枠の同時保有を参照するため、単独枠スクリーニングでは測定不能
2026-08-30T08:52:10+00:00 RUN_START id=OAFX1963 family=gj_overlap_stop_cap window=IS terminal=BT2 run=oafx_is_oafx1963_20260830175210_d26a61
2026-08-30T08:52:10+00:00 RUN_START id=OAFX1964 family=gj_overlap_stop_cap window=IS terminal=PROD run=oafx_is_oafx1964_20260830175210_18c774
2026-08-30T08:52:10+00:00 RUN_END id=OAFX1959 window=IS terminal=BT4 status=FAILED decision=RUN_FAILED elapsed=280.083s
2026-08-30T08:52:10+00:00 SCREEN_BYPASS [965/1000] id=OAFX1965 route=FULLBOOK_DIRECT reason=他枠の同時保有を参照するため、単独枠スクリーニングでは測定不能
2026-08-30T08:52:10+00:00 RUN_START id=OAFX1965 family=gj_overlap_stop_cap window=IS terminal=BT4 run=oafx_is_oafx1965_20260830175210_24cd61
2026-08-30T08:52:11+00:00 WAIT_LAUNCH_SLOT terminal=BT2 seconds=8.0
2026-08-30T08:52:11+00:00 WAIT_LAUNCH_SLOT terminal=BT4 seconds=16.0
2026-08-30T08:52:12+00:00 RUN_HEARTBEAT terminal=PROD pid=43332 elapsed=0s
2026-08-30T08:52:20+00:00 RUN_HEARTBEAT terminal=BT2 pid=54080 elapsed=0s
2026-08-30T08:52:29+00:00 RUN_HEARTBEAT terminal=BT4 pid=54072 elapsed=0s
2026-08-30T08:52:45+00:00 RUN_HEARTBEAT terminal=BT3 pid=51368 elapsed=600s
2026-08-30T08:52:45+00:00 RUN_HEARTBEAT terminal=BT1 pid=36632 elapsed=65s
2026-08-30T08:53:19+00:00 RUN_HEARTBEAT terminal=PROD pid=43332 elapsed=66s
2026-08-30T08:53:27+00:00 RUN_HEARTBEAT terminal=BT2 pid=54080 elapsed=66s
2026-08-30T08:53:37+00:00 RUN_HEARTBEAT terminal=BT4 pid=54072 elapsed=67s
2026-08-30T08:53:54+00:00 RUN_HEARTBEAT terminal=BT1 pid=36632 elapsed=133s
2026-08-30T08:53:54+00:00 RUN_HEARTBEAT terminal=BT3 pid=51368 elapsed=669s
2026-08-30T08:54:29+00:00 RUN_HEARTBEAT terminal=PROD pid=43332 elapsed=135s
2026-08-30T08:54:34+00:00 RUN_HEARTBEAT terminal=BT2 pid=54080 elapsed=133s
2026-08-30T08:54:46+00:00 RUN_HEARTBEAT terminal=BT4 pid=54072 elapsed=136s
2026-08-30T08:55:03+00:00 RUN_HEARTBEAT terminal=BT3 pid=51368 elapsed=738s
2026-08-30T08:55:03+00:00 RUN_HEARTBEAT terminal=BT1 pid=36632 elapsed=202s
2026-08-30T08:55:38+00:00 RUN_HEARTBEAT terminal=PROD pid=43332 elapsed=204s
2026-08-30T08:55:39+00:00 RUN_HEARTBEAT terminal=BT2 pid=54080 elapsed=199s
2026-08-30T08:55:55+00:00 RUN_HEARTBEAT terminal=BT4 pid=54072 elapsed=206s
2026-08-30T08:56:10+00:00 RUN_END id=OAFX1962 window=IS terminal=BT1 status=FAILED decision=RUN_FAILED elapsed=272.786s
2026-08-30T08:56:10+00:00 RUN_END id=OAFX1965 window=IS terminal=BT4 status=FAILED decision=RUN_FAILED elapsed=239.667s
2026-08-30T08:56:10+00:00 SCREEN_BYPASS [966/1000] id=OAFX1966 route=FULLBOOK_DIRECT reason=他枠の同時保有を参照するため、単独枠スクリーニングでは測定不能
2026-08-30T08:56:10+00:00 SCREEN_BYPASS [967/1000] id=OAFX1967 route=FULLBOOK_DIRECT reason=他枠の同時保有を参照するため、単独枠スクリーニングでは測定不能
2026-08-30T08:56:10+00:00 RUN_START id=OAFX1966 family=gj_overlap_stop_cap window=IS terminal=BT1 run=oafx_is_oafx1966_20260830175610_9b1992
2026-08-30T08:56:10+00:00 RUN_START id=OAFX1967 family=gj_overlap_stop_cap window=IS terminal=BT4 run=oafx_is_oafx1967_20260830175610_21eb38
2026-08-30T08:56:11+00:00 RUN_HEARTBEAT terminal=BT3 pid=51368 elapsed=807s
2026-08-30T08:56:11+00:00 WAIT_LAUNCH_SLOT terminal=BT1 seconds=8.0
2026-08-30T08:56:12+00:00 RUN_HEARTBEAT terminal=BT4 pid=44508 elapsed=0s
2026-08-30T08:56:20+00:00 RUN_HEARTBEAT terminal=BT1 pid=54424 elapsed=0s
2026-08-30T08:56:44+00:00 RUN_HEARTBEAT terminal=PROD pid=43332 elapsed=271s
2026-08-30T08:56:44+00:00 RUN_HEARTBEAT terminal=BT2 pid=54080 elapsed=263s
2026-08-30T08:57:17+00:00 RUN_HEARTBEAT terminal=BT3 pid=51368 elapsed=873s
2026-08-30T08:57:17+00:00 RUN_HEARTBEAT terminal=BT4 pid=44508 elapsed=65s
2026-08-30T08:57:25+00:00 RUN_HEARTBEAT terminal=BT1 pid=54424 elapsed=65s
2026-08-30T08:57:48+00:00 RUN_END id=OAFX1964 window=IS terminal=PROD status=FAILED decision=RUN_FAILED elapsed=338.101s
2026-08-30T08:57:48+00:00 SCREEN_BYPASS [968/1000] id=OAFX1968 route=FULLBOOK_DIRECT reason=他枠の同時保有を参照するため、単独枠スクリーニングでは測定不能
2026-08-30T08:57:48+00:00 RUN_START id=OAFX1968 family=gj_overlap_stop_cap window=IS terminal=PROD run=oafx_is_oafx1968_20260830175748_4fdde8
2026-08-30T08:57:49+00:00 RUN_HEARTBEAT terminal=BT2 pid=54080 elapsed=329s
2026-08-30T08:57:51+00:00 RUN_HEARTBEAT terminal=PROD pid=13248 elapsed=0s
2026-08-30T08:58:23+00:00 RUN_HEARTBEAT terminal=BT3 pid=51368 elapsed=939s
2026-08-30T08:58:23+00:00 RUN_HEARTBEAT terminal=BT4 pid=44508 elapsed=130s
2026-08-30T08:58:30+00:00 RUN_HEARTBEAT terminal=BT1 pid=54424 elapsed=130s
2026-08-30T08:59:00+00:00 RUN_HEARTBEAT terminal=BT2 pid=54080 elapsed=396s
2026-08-30T08:59:00+00:00 RUN_HEARTBEAT terminal=PROD pid=13248 elapsed=66s
2026-08-30T08:59:18+00:00 RUN_END id=OAFX1966 window=IS terminal=BT1 status=FAILED decision=RUN_FAILED elapsed=188.559s
2026-08-30T08:59:18+00:00 SCREEN_BYPASS [969/1000] id=OAFX1969 route=FULLBOOK_DIRECT reason=他枠の同時保有を参照するため、単独枠スクリーニングでは測定不能
2026-08-30T08:59:18+00:00 RUN_START id=OAFX1969 family=gj_overlap_stop_cap window=IS terminal=BT1 run=oafx_is_oafx1969_20260830175918_2dde56
2026-08-30T08:59:20+00:00 RUN_HEARTBEAT terminal=BT1 pid=44964 elapsed=0s
2026-08-30T08:59:33+00:00 RUN_HEARTBEAT terminal=BT4 pid=44508 elapsed=200s
2026-08-30T08:59:33+00:00 WAIT_MT5_IDLE terminal=BT3 elapsed=1s pids=[42940]
2026-08-30T09:00:06+00:00 RUN_HEARTBEAT terminal=BT2 pid=54080 elapsed=465s
2026-08-30T09:00:06+00:00 RUN_HEARTBEAT terminal=PROD pid=13248 elapsed=135s
2026-08-30T09:00:08+00:00 RUN_END id=OAFX1969 window=IS terminal=BT1 status=FAILED decision=RUN_FAILED elapsed=49.091s
2026-08-30T09:00:08+00:00 SCREEN_BYPASS [970/1000] id=OAFX1970 route=FULLBOOK_DIRECT reason=他枠の同時保有を参照するため、単独枠スクリーニングでは測定不能
2026-08-30T09:00:08+00:00 RUN_START id=OAFX1970 family=gj_overlap_stop_cap window=IS terminal=BT1 run=oafx_is_oafx1970_20260830180008_76ea7a
2026-08-30T09:00:09+00:00 RUN_HEARTBEAT terminal=BT1 pid=43508 elapsed=0s
2026-08-30T09:00:21+00:00 RUN_END id=OAFX1968 window=IS terminal=PROD status=FAILED decision=RUN_FAILED elapsed=152.796s
2026-08-30T09:00:21+00:00 SCREEN_BYPASS [971/1000] id=OAFX1971 route=FULLBOOK_DIRECT reason=他枠の同時保有を参照するため、単独枠スクリーニングでは測定不能
2026-08-30T09:00:21+00:00 RUN_START id=OAFX1971 family=gj_overlap_stop_cap window=IS terminal=PROD run=oafx_is_oafx1971_20260830180021_20bdf9
2026-08-30T09:00:23+00:00 RUN_HEARTBEAT terminal=PROD pid=48964 elapsed=0s
2026-08-30T09:00:39+00:00 RUN_HEARTBEAT terminal=BT4 pid=44508 elapsed=266s
2026-08-30T09:00:39+00:00 WAIT_MT5_IDLE terminal=BT3 elapsed=68s pids=[42940]
2026-08-30T09:01:12+00:00 RUN_HEARTBEAT terminal=BT2 pid=54080 elapsed=532s
2026-08-30T09:01:14+00:00 RUN_HEARTBEAT terminal=BT1 pid=43508 elapsed=65s
2026-08-30T09:01:27+00:00 RUN_END id=OAFX1971 window=IS terminal=PROD status=FAILED decision=RUN_FAILED elapsed=66.309s
2026-08-30T09:01:27+00:00 SCREEN_BYPASS [972/1000] id=OAFX1972 route=FULLBOOK_DIRECT reason=他枠の同時保有を参照するため、単独枠スクリーニングでは測定不能
2026-08-30T09:01:27+00:00 RUN_START id=OAFX1972 family=gj_overlap_stop_cap window=IS terminal=PROD run=oafx_is_oafx1972_20260830180127_ffcd48
2026-08-30T09:01:29+00:00 RUN_END id=OAFX1970 window=IS terminal=BT1 status=FAILED decision=RUN_FAILED elapsed=81.510s
2026-08-30T09:01:29+00:00 SCREEN_BYPASS [973/1000] id=OAFX1973 route=FULLBOOK_DIRECT reason=他枠の同時保有を参照するため、単独枠スクリーニングでは測定不能
2026-08-30T09:01:29+00:00 RUN_START id=OAFX1973 family=gj_overlap_stop_cap window=IS terminal=BT1 run=oafx_is_oafx1973_20260830180129_7bc943
2026-08-30T09:01:30+00:00 RUN_HEARTBEAT terminal=PROD pid=50756 elapsed=0s
2026-08-30T09:01:30+00:00 WAIT_LAUNCH_SLOT terminal=BT1 seconds=6.5
2026-08-30T09:01:38+00:00 RUN_HEARTBEAT terminal=BT1 pid=22776 elapsed=0s
2026-08-30T09:01:45+00:00 WAIT_MT5_IDLE terminal=BT3 elapsed=133s pids=[42940]
2026-08-30T09:01:45+00:00 RUN_HEARTBEAT terminal=BT4 pid=44508 elapsed=333s
2026-08-30T09:02:18+00:00 RUN_HEARTBEAT terminal=BT2 pid=54080 elapsed=597s
2026-08-30T09:02:33+00:00 RUN_END id=OAFX1967 window=IS terminal=BT4 status=FAILED decision=RUN_FAILED elapsed=382.625s
2026-08-30T09:02:33+00:00 SCREEN_BYPASS [974/1000] id=OAFX1974 route=FULLBOOK_DIRECT reason=他枠の同時保有を参照するため、単独枠スクリーニングでは測定不能
2026-08-30T09:02:33+00:00 RUN_START id=OAFX1974 family=gj_overlap_stop_cap window=IS terminal=BT4 run=oafx_is_oafx1974_20260830180233_328da6
2026-08-30T09:02:34+00:00 RUN_HEARTBEAT terminal=PROD pid=50756 elapsed=64s
2026-08-30T09:02:35+00:00 RUN_HEARTBEAT terminal=BT4 pid=44124 elapsed=0s
2026-08-30T09:02:41+00:00 RUN_END id=OAFX1973 window=IS terminal=BT1 status=FAILED decision=RUN_FAILED elapsed=72.044s
2026-08-30T09:02:41+00:00 SCREEN_BYPASS [975/1000] id=OAFX1975 route=FULLBOOK_DIRECT reason=他枠の同時保有を参照するため、単独枠スクリーニングでは測定不能
2026-08-30T09:02:41+00:00 RUN_START id=OAFX1975 family=gj_overlap_stop_cap window=IS terminal=BT1 run=oafx_is_oafx1975_20260830180241_fc8005
2026-08-30T09:02:43+00:00 RUN_HEARTBEAT terminal=BT1 pid=52652 elapsed=0s
2026-08-30T09:02:50+00:00 WAIT_MT5_IDLE terminal=BT3 elapsed=198s pids=[42940]
2026-08-30T09:03:24+00:00 RUN_HEARTBEAT terminal=BT2 pid=54080 elapsed=663s
2026-08-30T09:03:40+00:00 RUN_HEARTBEAT terminal=PROD pid=50756 elapsed=131s
2026-08-30T09:03:40+00:00 RUN_HEARTBEAT terminal=BT4 pid=44124 elapsed=66s
2026-08-30T09:03:49+00:00 RUN_HEARTBEAT terminal=BT1 pid=52652 elapsed=66s
2026-08-30T09:03:57+00:00 WAIT_MT5_IDLE terminal=BT3 elapsed=265s pids=[42940]
2026-08-30T09:04:20+00:00 RUN_END id=OAFX1975 window=IS terminal=BT1 status=FAILED decision=RUN_FAILED elapsed=98.959s
2026-08-30T09:04:20+00:00 SCREEN_BYPASS [976/1000] id=OAFX1976 route=FULLBOOK_DIRECT reason=他枠の同時保有を参照するため、単独枠スクリーニングでは測定不能
2026-08-30T09:04:20+00:00 RUN_START id=OAFX1976 family=gj_overlap_stop_cap window=IS terminal=BT1 run=oafx_is_oafx1976_20260830180420_7115a5
2026-08-30T09:04:22+00:00 RUN_HEARTBEAT terminal=BT1 pid=55312 elapsed=0s
2026-08-30T09:04:28+00:00 RUN_END id=OAFX1972 window=IS terminal=PROD status=FAILED decision=RUN_FAILED elapsed=180.482s
2026-08-30T09:04:28+00:00 SCREEN_BYPASS [977/1000] id=OAFX1977 route=FULLBOOK_DIRECT reason=他枠の同時保有を参照するため、単独枠スクリーニングでは測定不能
2026-08-30T09:04:28+00:00 RUN_START id=OAFX1977 family=gj_overlap_stop_cap window=IS terminal=PROD run=oafx_is_oafx1977_20260830180428_6b8dae
2026-08-30T09:04:29+00:00 RUN_HEARTBEAT terminal=BT2 pid=54080 elapsed=729s
2026-08-30T09:04:30+00:00 RUN_HEARTBEAT terminal=PROD pid=9968 elapsed=0s
2026-08-30T09:04:48+00:00 RUN_HEARTBEAT terminal=BT4 pid=44124 elapsed=131s
2026-08-30T09:04:49+00:00 RUN_END id=OAFX1956 window=IS terminal=BT3 status=OK decision=IS_REJECT elapsed=1342.679s
2026-08-30T09:04:49+00:00 GATE_SKIP id=OAFX1956 window=OOS reason=IS_NOT_SURVIVOR decision=IS_REJECT net=268432.0 PF=1.4181 DD=41.0004%
2026-08-30T09:04:49+00:00 SCREEN_BYPASS [978/1000] id=OAFX1978 route=FULLBOOK_DIRECT reason=他枠の同時保有を参照するため、単独枠スクリーニングでは測定不能
2026-08-30T09:04:49+00:00 RUN_START id=OAFX1978 family=gj_overlap_stop_cap window=IS terminal=BT3 run=oafx_is_oafx1978_20260830180449_435c99
2026-08-30T09:04:53+00:00 RUN_HEARTBEAT terminal=BT3 pid=41572 elapsed=0s
2026-08-30T09:05:26+00:00 RUN_HEARTBEAT terminal=BT1 pid=55312 elapsed=64s
2026-08-30T09:05:38+00:00 RUN_HEARTBEAT terminal=PROD pid=9968 elapsed=67s
2026-08-30T09:05:38+00:00 RUN_HEARTBEAT terminal=BT2 pid=54080 elapsed=797s
2026-08-30T09:05:55+00:00 RUN_HEARTBEAT terminal=BT4 pid=44124 elapsed=200s
2026-08-30T09:05:57+00:00 RUN_HEARTBEAT terminal=BT3 pid=41572 elapsed=64s
2026-08-30T09:06:30+00:00 RUN_HEARTBEAT terminal=BT1 pid=55312 elapsed=128s
2026-08-30T09:06:47+00:00 RUN_HEARTBEAT terminal=PROD pid=9968 elapsed=135s
2026-08-30T09:06:47+00:00 RUN_HEARTBEAT terminal=BT2 pid=54080 elapsed=865s
2026-08-30T09:07:06+00:00 RUN_HEARTBEAT terminal=BT3 pid=41572 elapsed=130s
2026-08-30T09:07:06+00:00 RUN_HEARTBEAT terminal=BT4 pid=44124 elapsed=268s
2026-08-30T09:07:40+00:00 RUN_END id=OAFX1978 window=IS terminal=BT3 status=FAILED decision=RUN_FAILED elapsed=171.376s
2026-08-30T09:07:40+00:00 SCREEN_BYPASS [979/1000] id=OAFX1979 route=FULLBOOK_DIRECT reason=他枠の同時保有を参照するため、単独枠スクリーニングでは測定不能
2026-08-30T09:07:40+00:00 RUN_START id=OAFX1979 family=gj_overlap_stop_cap window=IS terminal=BT3 run=oafx_is_oafx1979_20260830180740_b38561
2026-08-30T09:07:42+00:00 RUN_HEARTBEAT terminal=BT1 pid=55312 elapsed=199s
2026-08-30T09:07:43+00:00 RUN_HEARTBEAT terminal=BT3 pid=54456 elapsed=0s
2026-08-30T09:07:57+00:00 RUN_END id=OAFX1976 window=IS terminal=BT1 status=FAILED decision=RUN_FAILED elapsed=216.839s
2026-08-30T09:07:57+00:00 RUN_END id=OAFX1977 window=IS terminal=PROD status=FAILED decision=RUN_FAILED elapsed=209.052s
2026-08-30T09:07:57+00:00 SCREEN_BYPASS [980/1000] id=OAFX1980 route=FULLBOOK_DIRECT reason=他枠の同時保有を参照するため、単独枠スクリーニングでは測定不能
2026-08-30T09:07:57+00:00 SCREEN_BYPASS [981/1000] id=OAFX1981 route=FULLBOOK_DIRECT reason=他枠の同時保有を参照するため、単独枠スクリーニングでは測定不能
2026-08-30T09:07:57+00:00 RUN_START id=OAFX1980 family=gj_overlap_stop_cap window=IS terminal=BT1 run=oafx_is_oafx1980_20260830180757_04a2b8
2026-08-30T09:07:57+00:00 RUN_START id=OAFX1981 family=gj_overlap_stop_cap window=IS terminal=PROD run=oafx_is_oafx1981_20260830180757_b95d74
2026-08-30T09:07:58+00:00 WAIT_LAUNCH_SLOT terminal=PROD seconds=8.0
2026-08-30T09:07:58+00:00 RUN_END id=OAFX1963 window=IS terminal=BT2 status=OK decision=IS_REJECT elapsed=948.057s
2026-08-30T09:07:58+00:00 GATE_SKIP id=OAFX1963 window=OOS reason=IS_NOT_SURVIVOR decision=IS_REJECT net=266956.0 PF=1.4074 DD=46.7827%
2026-08-30T09:07:58+00:00 SCREEN_BYPASS [982/1000] id=OAFX1982 route=FULLBOOK_DIRECT reason=他枠の同時保有を参照するため、単独枠スクリーニングでは測定不能
2026-08-30T09:07:58+00:00 RUN_START id=OAFX1982 family=gj_overlap_stop_cap window=IS terminal=BT2 run=oafx_is_oafx1982_20260830180758_6f2894
2026-08-30T09:07:59+00:00 RUN_HEARTBEAT terminal=BT1 pid=27924 elapsed=0s
2026-08-30T09:07:59+00:00 WAIT_LAUNCH_SLOT terminal=BT2 seconds=14.8
2026-08-30T09:08:07+00:00 RUN_HEARTBEAT terminal=PROD pid=34756 elapsed=0s
2026-08-30T09:08:15+00:00 RUN_HEARTBEAT terminal=BT4 pid=44124 elapsed=339s
2026-08-30T09:08:16+00:00 RUN_HEARTBEAT terminal=BT2 pid=2760 elapsed=0s
2026-08-30T09:08:49+00:00 RUN_HEARTBEAT terminal=BT3 pid=54456 elapsed=66s
2026-08-30T09:09:07+00:00 RUN_HEARTBEAT terminal=BT1 pid=27924 elapsed=66s
2026-08-30T09:09:14+00:00 RUN_HEARTBEAT terminal=PROD pid=34756 elapsed=66s
2026-08-30T09:09:24+00:00 RUN_HEARTBEAT terminal=BT4 pid=44124 elapsed=409s
2026-08-30T09:09:24+00:00 RUN_HEARTBEAT terminal=BT2 pid=2760 elapsed=68s
2026-08-30T09:09:58+00:00 RUN_HEARTBEAT terminal=BT3 pid=54456 elapsed=134s
2026-08-30T09:10:18+00:00 RUN_HEARTBEAT terminal=BT1 pid=27924 elapsed=135s
2026-08-30T09:10:21+00:00 RUN_HEARTBEAT terminal=PROD pid=34756 elapsed=133s
2026-08-30T09:10:36+00:00 RUN_HEARTBEAT terminal=BT4 pid=44124 elapsed=479s
2026-08-30T09:10:36+00:00 RUN_HEARTBEAT terminal=BT2 pid=2760 elapsed=139s
2026-08-30T09:11:09+00:00 RUN_HEARTBEAT terminal=BT3 pid=54456 elapsed=206s
2026-08-30T09:11:27+00:00 RUN_HEARTBEAT terminal=BT1 pid=27924 elapsed=206s
2026-08-30T09:11:27+00:00 RUN_HEARTBEAT terminal=PROD pid=34756 elapsed=200s
2026-08-30T09:11:44+00:00 RUN_HEARTBEAT terminal=BT2 pid=2760 elapsed=207s
2026-08-30T09:11:44+00:00 RUN_HEARTBEAT terminal=BT4 pid=44124 elapsed=548s
2026-08-30T09:12:18+00:00 RUN_HEARTBEAT terminal=BT3 pid=54456 elapsed=274s
2026-08-30T09:12:33+00:00 RUN_END id=OAFX1980 window=IS terminal=BT1 status=FAILED decision=RUN_FAILED elapsed=276.094s
2026-08-30T09:12:33+00:00 SCREEN_BYPASS [983/1000] id=OAFX1983 route=FULLBOOK_DIRECT reason=他枠の同時保有を参照するため、単独枠スクリーニングでは測定不能
2026-08-30T09:12:33+00:00 RUN_END id=OAFX1979 window=IS terminal=BT3 status=FAILED decision=RUN_FAILED elapsed=292.827s
2026-08-30T09:12:33+00:00 RUN_START id=OAFX1983 family=gj_overlap_stop_cap window=IS terminal=BT1 run=oafx_is_oafx1983_20260830181233_b6dfdd
2026-08-30T09:12:33+00:00 SCREEN_BYPASS [984/1000] id=OAFX1984 route=FULLBOOK_DIRECT reason=他枠の同時保有を参照するため、単独枠スクリーニングでは測定不能
2026-08-30T09:12:33+00:00 RUN_START id=OAFX1984 family=gj_overlap_stop_cap window=IS terminal=BT3 run=oafx_is_oafx1984_20260830181233_82b9c4
2026-08-30T09:12:34+00:00 RUN_HEARTBEAT terminal=PROD pid=34756 elapsed=267s
2026-08-30T09:12:34+00:00 WAIT_LAUNCH_SLOT terminal=BT3 seconds=8.0
2026-08-30T09:12:35+00:00 RUN_HEARTBEAT terminal=BT1 pid=52468 elapsed=0s
2026-08-30T09:12:44+00:00 RUN_HEARTBEAT terminal=BT3 pid=50368 elapsed=0s
2026-08-30T09:12:51+00:00 RUN_HEARTBEAT terminal=BT2 pid=2760 elapsed=275s
2026-08-30T09:12:51+00:00 RUN_HEARTBEAT terminal=BT4 pid=44124 elapsed=616s
2026-08-30T09:13:41+00:00 RUN_HEARTBEAT terminal=PROD pid=34756 elapsed=334s
2026-08-30T09:13:41+00:00 RUN_HEARTBEAT terminal=BT1 pid=52468 elapsed=66s
2026-08-30T09:13:48+00:00 RUN_HEARTBEAT terminal=BT3 pid=50368 elapsed=65s
2026-08-30T09:13:58+00:00 RUN_HEARTBEAT terminal=BT4 pid=44124 elapsed=683s
2026-08-30T09:13:58+00:00 RUN_HEARTBEAT terminal=BT2 pid=2760 elapsed=342s
2026-08-30T09:14:04+00:00 RUN_END id=OAFX1984 window=IS terminal=BT3 status=FAILED decision=RUN_FAILED elapsed=90.372s
2026-08-30T09:14:04+00:00 SCREEN_BYPASS [985/1000] id=OAFX1985 route=FULLBOOK_DIRECT reason=他枠の同時保有を参照するため、単独枠スクリーニングでは測定不能
2026-08-30T09:14:04+00:00 RUN_START id=OAFX1985 family=gj_overlap_stop_cap window=IS terminal=BT3 run=oafx_is_oafx1985_20260830181404_6a3d96
2026-08-30T09:14:06+00:00 RUN_HEARTBEAT terminal=BT3 pid=30416 elapsed=0s
2026-08-30T09:14:13+00:00 RUN_END id=OAFX1981 window=IS terminal=PROD status=FAILED decision=RUN_FAILED elapsed=375.782s
2026-08-30T09:14:13+00:00 RUN_END id=OAFX1982 window=IS terminal=BT2 status=FAILED decision=RUN_FAILED elapsed=374.561s
2026-08-30T09:14:13+00:00 SCREEN_BYPASS [986/1000] id=OAFX1986 route=FULLBOOK_DIRECT reason=他枠の同時保有を参照するため、単独枠スクリーニングでは測定不能
2026-08-30T09:14:13+00:00 SCREEN_BYPASS [987/1000] id=OAFX1987 route=FULLBOOK_DIRECT reason=他枠の同時保有を参照するため、単独枠スクリーニングでは測定不能
2026-08-30T09:14:13+00:00 RUN_START id=OAFX1986 family=gj_overlap_stop_cap window=IS terminal=PROD run=oafx_is_oafx1986_20260830181413_651ffd
2026-08-30T09:14:13+00:00 RUN_START id=OAFX1987 family=gj_overlap_stop_cap window=IS terminal=BT2 run=oafx_is_oafx1987_20260830181413_0cadf2
2026-08-30T09:14:14+00:00 WAIT_LAUNCH_SLOT terminal=PROD seconds=8.0
2026-08-30T09:14:15+00:00 RUN_HEARTBEAT terminal=BT2 pid=23196 elapsed=0s
2026-08-30T09:14:23+00:00 RUN_HEARTBEAT terminal=PROD pid=48236 elapsed=0s
2026-08-30T09:14:49+00:00 RUN_HEARTBEAT terminal=BT1 pid=52468 elapsed=133s
2026-08-30T09:15:06+00:00 RUN_HEARTBEAT terminal=BT4 pid=44124 elapsed=751s
2026-08-30T09:15:11+00:00 RUN_HEARTBEAT terminal=BT3 pid=30416 elapsed=65s
2026-08-30T09:15:22+00:00 RUN_HEARTBEAT terminal=BT2 pid=23196 elapsed=66s
2026-08-30T09:15:28+00:00 RUN_HEARTBEAT terminal=PROD pid=48236 elapsed=64s
2026-08-30T09:15:58+00:00 RUN_HEARTBEAT terminal=BT1 pid=52468 elapsed=200s
2026-08-30T09:16:15+00:00 RUN_HEARTBEAT terminal=BT4 pid=44124 elapsed=819s
2026-08-30T09:16:15+00:00 RUN_HEARTBEAT terminal=BT3 pid=30416 elapsed=129s
2026-08-30T09:16:31+00:00 RUN_HEARTBEAT terminal=BT2 pid=23196 elapsed=136s
2026-08-30T09:16:32+00:00 RUN_HEARTBEAT terminal=PROD pid=48236 elapsed=128s
2026-08-30T09:17:05+00:00 RUN_HEARTBEAT terminal=BT1 pid=52468 elapsed=269s
2026-08-30T09:17:22+00:00 RUN_HEARTBEAT terminal=BT4 pid=44124 elapsed=887s
2026-08-30T09:17:22+00:00 RUN_HEARTBEAT terminal=BT3 pid=30416 elapsed=195s
2026-08-30T09:17:39+00:00 RUN_HEARTBEAT terminal=BT2 pid=23196 elapsed=203s
2026-08-30T09:17:39+00:00 RUN_HEARTBEAT terminal=PROD pid=48236 elapsed=195s
2026-08-30T09:18:12+00:00 RUN_END id=OAFX1986 window=IS terminal=PROD status=FAILED decision=RUN_FAILED elapsed=238.723s
2026-08-30T09:18:12+00:00 SCREEN_BYPASS [988/1000] id=OAFX1988 route=FULLBOOK_DIRECT reason=他枠の同時保有を参照するため、単独枠スクリーニングでは測定不能
2026-08-30T09:18:12+00:00 RUN_START id=OAFX1988 family=gj_overlap_stop_cap window=IS terminal=PROD run=oafx_is_oafx1988_20260830181812_fd05e0
2026-08-30T09:18:13+00:00 RUN_HEARTBEAT terminal=BT1 pid=52468 elapsed=337s
2026-08-30T09:18:14+00:00 RUN_HEARTBEAT terminal=PROD pid=8456 elapsed=0s
2026-08-30T09:18:30+00:00 RUN_HEARTBEAT terminal=BT3 pid=30416 elapsed=263s
2026-08-30T09:18:30+00:00 RUN_HEARTBEAT terminal=BT4 pid=44124 elapsed=955s
2026-08-30T09:18:47+00:00 RUN_HEARTBEAT terminal=BT2 pid=23196 elapsed=271s
2026-08-30T09:19:20+00:00 RUN_END id=OAFX1985 window=IS terminal=BT3 status=FAILED decision=RUN_FAILED elapsed=315.809s
2026-08-30T09:19:20+00:00 RUN_END id=OAFX1983 window=IS terminal=BT1 status=FAILED decision=RUN_FAILED elapsed=406.372s
2026-08-30T09:19:20+00:00 SCREEN_BYPASS [989/1000] id=OAFX1989 route=FULLBOOK_DIRECT reason=他枠の同時保有を参照するため、単独枠スクリーニングでは測定不能
2026-08-30T09:19:20+00:00 SCREEN_BYPASS [990/1000] id=OAFX1990 route=FULLBOOK_DIRECT reason=他枠の同時保有を参照するため、単独枠スクリーニングでは測定不能
2026-08-30T09:19:20+00:00 RUN_START id=OAFX1989 family=gj_overlap_stop_cap window=IS terminal=BT3 run=oafx_is_oafx1989_20260830181920_03cd19
2026-08-30T09:19:20+00:00 RUN_START id=OAFX1990 family=gj_overlap_stop_cap window=IS terminal=BT1 run=oafx_is_oafx1990_20260830181920_55c268
2026-08-30T09:19:21+00:00 WAIT_LAUNCH_SLOT terminal=BT3 seconds=8.0
2026-08-30T09:19:21+00:00 RUN_HEARTBEAT terminal=PROD pid=8456 elapsed=66s
2026-08-30T09:19:22+00:00 RUN_HEARTBEAT terminal=BT1 pid=40756 elapsed=0s
2026-08-30T09:19:30+00:00 RUN_HEARTBEAT terminal=BT3 pid=22316 elapsed=0s
2026-08-30T09:19:37+00:00 RUN_END id=OAFX1974 window=IS terminal=BT4 status=OK decision=IS_REJECT elapsed=1024.851s
2026-08-30T09:19:37+00:00 GATE_SKIP id=OAFX1974 window=OOS reason=IS_NOT_SURVIVOR decision=IS_REJECT net=303231.0 PF=1.5148 DD=43.84%
2026-08-30T09:19:37+00:00 SCREEN_BYPASS [991/1000] id=OAFX1991 route=FULLBOOK_DIRECT reason=他枠の同時保有を参照するため、単独枠スクリーニングでは測定不能
2026-08-30T09:19:37+00:00 RUN_START id=OAFX1991 family=gj_overlap_stop_cap window=IS terminal=BT4 run=oafx_is_oafx1991_20260830181937_f3aa66
2026-08-30T09:19:40+00:00 RUN_HEARTBEAT terminal=BT4 pid=52404 elapsed=0s
2026-08-30T09:19:55+00:00 RUN_HEARTBEAT terminal=BT2 pid=23196 elapsed=338s
2026-08-30T09:20:28+00:00 RUN_HEARTBEAT terminal=PROD pid=8456 elapsed=133s
2026-08-30T09:20:28+00:00 RUN_HEARTBEAT terminal=BT1 pid=40756 elapsed=66s
2026-08-30T09:20:41+00:00 RUN_HEARTBEAT terminal=BT3 pid=22316 elapsed=71s
2026-08-30T09:20:45+00:00 RUN_HEARTBEAT terminal=BT4 pid=52404 elapsed=65s
2026-08-30T09:21:00+00:00 RUN_HEARTBEAT terminal=BT2 pid=23196 elapsed=405s
2026-08-30T09:21:33+00:00 RUN_HEARTBEAT terminal=BT1 pid=40756 elapsed=130s
2026-08-30T09:21:33+00:00 RUN_HEARTBEAT terminal=PROD pid=8456 elapsed=198s
2026-08-30T09:21:46+00:00 RUN_HEARTBEAT terminal=BT3 pid=22316 elapsed=135s
2026-08-30T09:21:49+00:00 RUN_HEARTBEAT terminal=BT4 pid=52404 elapsed=130s
2026-08-30T09:22:05+00:00 RUN_HEARTBEAT terminal=BT2 pid=23196 elapsed=470s
2026-08-30T09:22:39+00:00 RUN_HEARTBEAT terminal=PROD pid=8456 elapsed=263s
2026-08-30T09:22:39+00:00 RUN_HEARTBEAT terminal=BT1 pid=40756 elapsed=195s
2026-08-30T09:22:51+00:00 RUN_HEARTBEAT terminal=BT3 pid=22316 elapsed=201s
2026-08-30T09:22:56+00:00 RUN_HEARTBEAT terminal=BT4 pid=52404 elapsed=196s
2026-08-30T09:23:06+00:00 RUN_END id=OAFX1989 window=IS terminal=BT3 status=FAILED decision=RUN_FAILED elapsed=226.850s
2026-08-30T09:23:06+00:00 SCREEN_BYPASS [992/1000] id=OAFX1992 route=FULLBOOK_DIRECT reason=他枠の同時保有を参照するため、単独枠スクリーニングでは測定不能
2026-08-30T09:23:06+00:00 RUN_START id=OAFX1992 family=gj_overlap_stop_cap window=IS terminal=BT3 run=oafx_is_oafx1992_20260830182306_fd7c1c
2026-08-30T09:23:09+00:00 RUN_HEARTBEAT terminal=BT3 pid=49908 elapsed=0s
2026-08-30T09:23:11+00:00 RUN_END id=OAFX1990 window=IS terminal=BT1 status=FAILED decision=RUN_FAILED elapsed=231.493s
2026-08-30T09:23:11+00:00 SCREEN_BYPASS [993/1000] id=OAFX1993 route=FULLBOOK_DIRECT reason=他枠の同時保有を参照するため、単独枠スクリーニングでは測定不能
2026-08-30T09:23:11+00:00 RUN_START id=OAFX1993 family=gj_overlap_stop_cap window=IS terminal=BT1 run=oafx_is_oafx1993_20260830182311_e16538
2026-08-30T09:23:12+00:00 RUN_HEARTBEAT terminal=BT2 pid=23196 elapsed=537s
2026-08-30T09:23:12+00:00 WAIT_LAUNCH_SLOT terminal=BT1 seconds=3.2
2026-08-30T09:23:17+00:00 RUN_HEARTBEAT terminal=BT1 pid=49796 elapsed=0s
2026-08-30T09:23:49+00:00 RUN_HEARTBEAT terminal=PROD pid=8456 elapsed=330s
2026-08-30T09:24:07+00:00 RUN_HEARTBEAT terminal=BT4 pid=52404 elapsed=265s
2026-08-30T09:24:18+00:00 RUN_HEARTBEAT terminal=BT3 pid=49908 elapsed=69s
2026-08-30T09:24:22+00:00 RUN_HEARTBEAT terminal=BT1 pid=49796 elapsed=65s
2026-08-30T09:24:23+00:00 RUN_HEARTBEAT terminal=BT2 pid=23196 elapsed=608s
2026-08-30T09:24:37+00:00 RUN_END id=OAFX1993 window=IS terminal=BT1 status=FAILED decision=RUN_FAILED elapsed=85.929s
2026-08-30T09:24:37+00:00 SCREEN_BYPASS [994/1000] id=OAFX1994 route=FULLBOOK_DIRECT reason=他枠の同時保有を参照するため、単独枠スクリーニングでは測定不能
2026-08-30T09:24:37+00:00 RUN_START id=OAFX1994 family=gj_overlap_stop_cap window=IS terminal=BT1 run=oafx_is_oafx1994_20260830182437_06d47b
2026-08-30T09:24:38+00:00 RUN_END id=OAFX1988 window=IS terminal=PROD status=FAILED decision=RUN_FAILED elapsed=386.840s
2026-08-30T09:24:38+00:00 SCREEN_BYPASS [995/1000] id=OAFX1995 route=FULLBOOK_DIRECT reason=他枠の同時保有を参照するため、単独枠スクリーニングでは測定不能
2026-08-30T09:24:38+00:00 RUN_START id=OAFX1995 family=gj_overlap_stop_cap window=IS terminal=PROD run=oafx_is_oafx1995_20260830182438_126987
2026-08-30T09:24:39+00:00 RUN_HEARTBEAT terminal=BT1 pid=41968 elapsed=0s
2026-08-30T09:24:40+00:00 WAIT_LAUNCH_SLOT terminal=PROD seconds=6.3
2026-08-30T09:24:47+00:00 RUN_HEARTBEAT terminal=PROD pid=37140 elapsed=0s
2026-08-30T09:24:49+00:00 RUN_END id=OAFX1992 window=IS terminal=BT3 status=FAILED decision=RUN_FAILED elapsed=102.278s
2026-08-30T09:24:49+00:00 SCREEN_BYPASS [996/1000] id=OAFX1996 route=FULLBOOK_DIRECT reason=他枠の同時保有を参照するため、単独枠スクリーニングでは測定不能
2026-08-30T09:24:49+00:00 RUN_START id=OAFX1996 family=gj_overlap_stop_cap window=IS terminal=BT3 run=oafx_is_oafx1996_20260830182449_48a951
2026-08-30T09:24:50+00:00 WAIT_LAUNCH_SLOT terminal=BT3 seconds=4.0
2026-08-30T09:24:55+00:00 RUN_HEARTBEAT terminal=BT3 pid=55728 elapsed=0s
2026-08-30T09:25:19+00:00 RUN_HEARTBEAT terminal=BT4 pid=52404 elapsed=332s
2026-08-30T09:25:37+00:00 RUN_HEARTBEAT terminal=BT2 pid=23196 elapsed=680s
2026-08-30T09:25:54+00:00 RUN_HEARTBEAT terminal=BT1 pid=41968 elapsed=75s
2026-08-30T09:25:57+00:00 RUN_HEARTBEAT terminal=PROD pid=37140 elapsed=70s
2026-08-30T09:26:10+00:00 RUN_HEARTBEAT terminal=BT3 pid=55728 elapsed=75s
2026-08-30T09:26:27+00:00 RUN_HEARTBEAT terminal=BT4 pid=52404 elapsed=407s
2026-08-30T09:26:44+00:00 RUN_HEARTBEAT terminal=BT2 pid=23196 elapsed=748s
2026-08-30T09:27:01+00:00 RUN_HEARTBEAT terminal=BT1 pid=41968 elapsed=141s
2026-08-30T09:27:01+00:00 RUN_HEARTBEAT terminal=PROD pid=37140 elapsed=134s
2026-08-30T09:27:18+00:00 RUN_HEARTBEAT terminal=BT3 pid=55728 elapsed=142s
2026-08-30T09:27:33+00:00 RUN_END id=OAFX1994 window=IS terminal=BT1 status=FAILED decision=RUN_FAILED elapsed=175.614s
2026-08-30T09:27:33+00:00 RUN_END id=OAFX1995 window=IS terminal=PROD status=FAILED decision=RUN_FAILED elapsed=174.161s
2026-08-30T09:27:33+00:00 RUN_END id=OAFX1991 window=IS terminal=BT4 status=FAILED decision=RUN_FAILED elapsed=475.235s
2026-08-30T09:27:33+00:00 RUN_END id=OAFX1996 window=IS terminal=BT3 status=FAILED decision=RUN_FAILED elapsed=163.865s
2026-08-30T09:27:33+00:00 SCREEN_BYPASS [997/1000] id=OAFX1997 route=FULLBOOK_DIRECT reason=他枠の同時保有を参照するため、単独枠スクリーニングでは測定不能
2026-08-30T09:27:33+00:00 SCREEN_BYPASS [998/1000] id=OAFX1998 route=FULLBOOK_DIRECT reason=他枠の同時保有を参照するため、単独枠スクリーニングでは測定不能
2026-08-30T09:27:33+00:00 SCREEN_BYPASS [999/1000] id=OAFX1999 route=FULLBOOK_DIRECT reason=他枠の同時保有を参照するため、単独枠スクリーニングでは測定不能
2026-08-30T09:27:33+00:00 SCREEN_BYPASS [1000/1000] id=OAFX2000 route=FULLBOOK_DIRECT reason=他枠の同時保有を参照するため、単独枠スクリーニングでは測定不能
2026-08-30T09:27:33+00:00 RUN_START id=OAFX1997 family=gj_overlap_stop_cap window=IS terminal=BT1 run=oafx_is_oafx1997_20260830182733_674e21
2026-08-30T09:27:33+00:00 RUN_START id=OAFX1998 family=gj_overlap_stop_cap window=IS terminal=PROD run=oafx_is_oafx1998_20260830182733_a696d7
2026-08-30T09:27:33+00:00 RUN_START id=OAFX1999 family=gj_overlap_stop_cap window=IS terminal=BT4 run=oafx_is_oafx1999_20260830182733_2f6fbf
2026-08-30T09:27:33+00:00 RUN_START id=OAFX2000 family=gj_overlap_stop_cap window=IS terminal=BT3 run=oafx_is_oafx2000_20260830182733_059f4e
2026-08-30T09:27:34+00:00 WAIT_LAUNCH_SLOT terminal=BT3 seconds=8.0
2026-08-30T09:27:34+00:00 WAIT_LAUNCH_SLOT terminal=PROD seconds=15.9
2026-08-30T09:27:34+00:00 WAIT_LAUNCH_SLOT terminal=BT4 seconds=23.9
2026-08-30T09:27:35+00:00 RUN_HEARTBEAT terminal=BT1 pid=44168 elapsed=0s
2026-08-30T09:27:43+00:00 RUN_HEARTBEAT terminal=BT3 pid=52512 elapsed=0s
2026-08-30T09:27:50+00:00 RUN_HEARTBEAT terminal=BT2 pid=23196 elapsed=814s
2026-08-30T09:27:51+00:00 RUN_HEARTBEAT terminal=PROD pid=54564 elapsed=0s
2026-08-30T09:27:59+00:00 RUN_HEARTBEAT terminal=BT4 pid=38508 elapsed=0s
2026-08-30T09:28:45+00:00 RUN_HEARTBEAT terminal=BT1 pid=44168 elapsed=70s
2026-08-30T09:28:54+00:00 RUN_HEARTBEAT terminal=BT3 pid=52512 elapsed=71s
2026-08-30T09:29:01+00:00 RUN_HEARTBEAT terminal=PROD pid=54564 elapsed=70s
2026-08-30T09:29:01+00:00 RUN_HEARTBEAT terminal=BT2 pid=23196 elapsed=886s
2026-08-30T09:29:11+00:00 RUN_HEARTBEAT terminal=BT4 pid=38508 elapsed=72s
2026-08-30T09:29:50+00:00 RUN_HEARTBEAT terminal=BT1 pid=44168 elapsed=135s
2026-08-30T09:29:59+00:00 RUN_HEARTBEAT terminal=BT3 pid=52512 elapsed=136s
2026-08-30T09:30:07+00:00 RUN_HEARTBEAT terminal=BT2 pid=23196 elapsed=951s
2026-08-30T09:30:07+00:00 RUN_HEARTBEAT terminal=PROD pid=54564 elapsed=136s
2026-08-30T09:30:16+00:00 RUN_HEARTBEAT terminal=BT4 pid=38508 elapsed=136s
2026-08-30T09:30:58+00:00 RUN_HEARTBEAT terminal=BT1 pid=44168 elapsed=203s
2026-08-30T09:31:06+00:00 RUN_HEARTBEAT terminal=BT3 pid=52512 elapsed=203s
2026-08-30T09:31:15+00:00 RUN_HEARTBEAT terminal=PROD pid=54564 elapsed=204s
2026-08-30T09:31:15+00:00 WAIT_MT5_IDLE terminal=BT2 elapsed=2s pids=[51996]
2026-08-30T09:31:22+00:00 RUN_HEARTBEAT terminal=BT4 pid=38508 elapsed=203s
2026-08-30T09:31:32+00:00 RUN_END id=OAFX1987 window=IS terminal=BT2 status=OK decision=IS_REJECT elapsed=1039.355s
2026-08-30T09:31:32+00:00 GATE_SKIP id=OAFX1987 window=OOS reason=IS_NOT_SURVIVOR decision=IS_REJECT net=269182.0 PF=1.3935 DD=50.6183%
2026-08-30T09:32:05+00:00 RUN_HEARTBEAT terminal=BT1 pid=44168 elapsed=270s
2026-08-30T09:32:12+00:00 RUN_HEARTBEAT terminal=BT3 pid=52512 elapsed=269s
2026-08-30T09:32:23+00:00 RUN_HEARTBEAT terminal=PROD pid=54564 elapsed=270s
2026-08-30T09:32:28+00:00 RUN_HEARTBEAT terminal=BT4 pid=38508 elapsed=269s
2026-08-30T09:33:12+00:00 RUN_HEARTBEAT terminal=BT1 pid=44168 elapsed=337s
2026-08-30T09:33:19+00:00 RUN_HEARTBEAT terminal=BT3 pid=52512 elapsed=335s
2026-08-30T09:33:29+00:00 RUN_HEARTBEAT terminal=PROD pid=54564 elapsed=337s
2026-08-30T09:33:36+00:00 RUN_HEARTBEAT terminal=BT4 pid=38508 elapsed=336s
2026-08-30T09:34:18+00:00 RUN_HEARTBEAT terminal=BT1 pid=44168 elapsed=403s
2026-08-30T09:34:26+00:00 RUN_HEARTBEAT terminal=BT3 pid=52512 elapsed=403s
2026-08-30T09:34:34+00:00 RUN_HEARTBEAT terminal=PROD pid=54564 elapsed=404s
2026-08-30T09:34:42+00:00 RUN_HEARTBEAT terminal=BT4 pid=38508 elapsed=403s
2026-08-30T09:35:05+00:00 RUN_END id=OAFX1998 window=IS terminal=PROD status=FAILED decision=RUN_FAILED elapsed=452.647s
2026-08-30T09:35:22+00:00 RUN_HEARTBEAT terminal=BT1 pid=44168 elapsed=467s
2026-08-30T09:35:30+00:00 RUN_HEARTBEAT terminal=BT3 pid=52512 elapsed=467s
2026-08-30T09:35:46+00:00 RUN_HEARTBEAT terminal=BT4 pid=38508 elapsed=467s
2026-08-30T09:36:26+00:00 RUN_HEARTBEAT terminal=BT1 pid=44168 elapsed=531s
2026-08-30T09:36:34+00:00 RUN_HEARTBEAT terminal=BT3 pid=52512 elapsed=531s
2026-08-30T09:36:50+00:00 RUN_HEARTBEAT terminal=BT4 pid=38508 elapsed=531s
2026-08-30T09:37:30+00:00 RUN_HEARTBEAT terminal=BT1 pid=44168 elapsed=595s
2026-08-30T09:37:40+00:00 RUN_HEARTBEAT terminal=BT3 pid=52512 elapsed=596s
2026-08-30T09:37:56+00:00 RUN_HEARTBEAT terminal=BT4 pid=38508 elapsed=597s
2026-08-30T09:38:35+00:00 RUN_HEARTBEAT terminal=BT1 pid=44168 elapsed=660s
2026-08-30T09:38:47+00:00 RUN_HEARTBEAT terminal=BT3 pid=52512 elapsed=662s
2026-08-30T09:39:03+00:00 RUN_HEARTBEAT terminal=BT4 pid=38508 elapsed=664s
2026-08-30T09:39:36+00:00 RUN_END id=OAFX1999 window=IS terminal=BT4 status=OK decision=IS_SURVIVOR_STRICT elapsed=723.332s
2026-08-30T09:39:36+00:00 RUN_START id=OAFX1999 family=gj_overlap_stop_cap window=OOS terminal=BT4 run=oafx_oos_oafx1999_20260830183936_9e4525
2026-08-30T09:39:38+00:00 RUN_HEARTBEAT terminal=BT4 pid=51788 elapsed=0s
2026-08-30T09:39:38+00:00 RUN_HEARTBEAT terminal=BT1 pid=44168 elapsed=724s
2026-08-30T09:39:52+00:00 RUN_HEARTBEAT terminal=BT3 pid=52512 elapsed=729s
2026-08-30T09:40:10+00:00 RUN_END id=OAFX1997 window=IS terminal=BT1 status=OK decision=IS_REJECT elapsed=757.667s
2026-08-30T09:40:10+00:00 GATE_SKIP id=OAFX1997 window=OOS reason=IS_NOT_SURVIVOR decision=IS_REJECT net=262733.0 PF=1.3986 DD=48.3834%
2026-08-30T09:40:42+00:00 RUN_HEARTBEAT terminal=BT4 pid=51788 elapsed=64s
2026-08-30T09:40:56+00:00 RUN_HEARTBEAT terminal=BT3 pid=52512 elapsed=793s
2026-08-30T09:41:44+00:00 RUN_END id=OAFX2000 window=IS terminal=BT3 status=OK decision=IS_SURVIVOR_STRICT elapsed=850.971s
2026-08-30T09:41:44+00:00 RUN_START id=OAFX2000 family=gj_overlap_stop_cap window=OOS terminal=BT3 run=oafx_oos_oafx2000_20260830184144_8ac7e1
2026-08-30T09:41:45+00:00 RUN_HEARTBEAT terminal=BT4 pid=51788 elapsed=127s
2026-08-30T09:41:45+00:00 RUN_HEARTBEAT terminal=BT3 pid=47368 elapsed=0s
2026-08-30T09:42:49+00:00 RUN_HEARTBEAT terminal=BT4 pid=51788 elapsed=191s
2026-08-30T09:42:49+00:00 RUN_HEARTBEAT terminal=BT3 pid=47368 elapsed=63s
2026-08-30T09:43:52+00:00 RUN_HEARTBEAT terminal=BT4 pid=51788 elapsed=254s
2026-08-30T09:43:52+00:00 RUN_HEARTBEAT terminal=BT3 pid=47368 elapsed=127s
2026-08-30T09:44:56+00:00 RUN_HEARTBEAT terminal=BT4 pid=51788 elapsed=318s
2026-08-30T09:44:56+00:00 RUN_HEARTBEAT terminal=BT3 pid=47368 elapsed=191s
2026-08-30T09:45:59+00:00 RUN_HEARTBEAT terminal=BT3 pid=47368 elapsed=254s
2026-08-30T09:45:59+00:00 RUN_HEARTBEAT terminal=BT4 pid=51788 elapsed=381s
2026-08-30T09:47:03+00:00 RUN_HEARTBEAT terminal=BT4 pid=51788 elapsed=445s
2026-08-30T09:47:03+00:00 RUN_HEARTBEAT terminal=BT3 pid=47368 elapsed=318s
2026-08-30T09:47:19+00:00 RUN_END id=OAFX2000 window=OOS terminal=BT3 status=OK decision=REJECT elapsed=335.424s
2026-08-30T09:47:51+00:00 RUN_END id=OAFX1999 window=OOS terminal=BT4 status=OK decision=REJECT elapsed=494.435s
2026-08-30T09:47:51+00:00 QUEUE_SUMMARY selected=1000 started=702 skipped=346 gated=842
2026-08-30T09:47:51+00:00 DRIVER_END status=OK
スリープ抑止を解除しました
