id,family,overview,rationale,test_method,variation,implementation_class,status,parameter_json,unverified_reason
OAFX1001,gj_initial_stop_atr_cap,SCA GBPJPYの初期SL距離を日足ATR上限で浅くし、TP距離を新旧リスク間で補間,主因枠の含み損深度を発注直後から制限しつつ、シグナルと発注回数は維持する,全シグナルを発注し、元SLより近い場合だけATR上限SLと補間TPを設定してEA実測,Oafx2StopCapATR=0.45; Oafx2TargetBlend=0,2軽微なコード変更,UNTESTED,"{""Oafx2LabMode"": 101, ""Oafx2StopCapATR"": 0.45, ""Oafx2TargetBlend"": 0}",
OAFX1002,gj_initial_stop_atr_cap,SCA GBPJPYの初期SL距離を日足ATR上限で浅くし、TP距離を新旧リスク間で補間,主因枠の含み損深度を発注直後から制限しつつ、シグナルと発注回数は維持する,全シグナルを発注し、元SLより近い場合だけATR上限SLと補間TPを設定してEA実測,Oafx2StopCapATR=0.45; Oafx2TargetBlend=0.1,2軽微なコード変更,UNTESTED,"{""Oafx2LabMode"": 101, ""Oafx2StopCapATR"": 0.45, ""Oafx2TargetBlend"": 0.1}",
OAFX1003,gj_initial_stop_atr_cap,SCA GBPJPYの初期SL距離を日足ATR上限で浅くし、TP距離を新旧リスク間で補間,主因枠の含み損深度を発注直後から制限しつつ、シグナルと発注回数は維持する,全シグナルを発注し、元SLより近い場合だけATR上限SLと補間TPを設定してEA実測,Oafx2StopCapATR=0.45; Oafx2TargetBlend=0.2,2軽微なコード変更,UNTESTED,"{""Oafx2LabMode"": 101, ""Oafx2StopCapATR"": 0.45, ""Oafx2TargetBlend"": 0.2}",
OAFX1004,gj_initial_stop_atr_cap,SCA GBPJPYの初期SL距離を日足ATR上限で浅くし、TP距離を新旧リスク間で補間,主因枠の含み損深度を発注直後から制限しつつ、シグナルと発注回数は維持する,全シグナルを発注し、元SLより近い場合だけATR上限SLと補間TPを設定してEA実測,Oafx2StopCapATR=0.45; Oafx2TargetBlend=0.3,2軽微なコード変更,UNTESTED,"{""Oafx2LabMode"": 101, ""Oafx2StopCapATR"": 0.45, ""Oafx2TargetBlend"": 0.3}",
OAFX1005,gj_initial_stop_atr_cap,SCA GBPJPYの初期SL距離を日足ATR上限で浅くし、TP距離を新旧リスク間で補間,主因枠の含み損深度を発注直後から制限しつつ、シグナルと発注回数は維持する,全シグナルを発注し、元SLより近い場合だけATR上限SLと補間TPを設定してEA実測,Oafx2StopCapATR=0.45; Oafx2TargetBlend=0.4,2軽微なコード変更,UNTESTED,"{""Oafx2LabMode"": 101, ""Oafx2StopCapATR"": 0.45, ""Oafx2TargetBlend"": 0.4}",
OAFX1006,gj_initial_stop_atr_cap,SCA GBPJPYの初期SL距離を日足ATR上限で浅くし、TP距離を新旧リスク間で補間,主因枠の含み損深度を発注直後から制限しつつ、シグナルと発注回数は維持する,全シグナルを発注し、元SLより近い場合だけATR上限SLと補間TPを設定してEA実測,Oafx2StopCapATR=0.45; Oafx2TargetBlend=0.5,2軽微なコード変更,UNTESTED,"{""Oafx2LabMode"": 101, ""Oafx2StopCapATR"": 0.45, ""Oafx2TargetBlend"": 0.5}",
OAFX1007,gj_initial_stop_atr_cap,SCA GBPJPYの初期SL距離を日足ATR上限で浅くし、TP距離を新旧リスク間で補間,主因枠の含み損深度を発注直後から制限しつつ、シグナルと発注回数は維持する,全シグナルを発注し、元SLより近い場合だけATR上限SLと補間TPを設定してEA実測,Oafx2StopCapATR=0.45; Oafx2TargetBlend=0.6,2軽微なコード変更,UNTESTED,"{""Oafx2LabMode"": 101, ""Oafx2StopCapATR"": 0.45, ""Oafx2TargetBlend"": 0.6}",
OAFX1008,gj_initial_stop_atr_cap,SCA GBPJPYの初期SL距離を日足ATR上限で浅くし、TP距離を新旧リスク間で補間,主因枠の含み損深度を発注直後から制限しつつ、シグナルと発注回数は維持する,全シグナルを発注し、元SLより近い場合だけATR上限SLと補間TPを設定してEA実測,Oafx2StopCapATR=0.45; Oafx2TargetBlend=0.7,2軽微なコード変更,UNTESTED,"{""Oafx2LabMode"": 101, ""Oafx2StopCapATR"": 0.45, ""Oafx2TargetBlend"": 0.7}",
OAFX1009,gj_initial_stop_atr_cap,SCA GBPJPYの初期SL距離を日足ATR上限で浅くし、TP距離を新旧リスク間で補間,主因枠の含み損深度を発注直後から制限しつつ、シグナルと発注回数は維持する,全シグナルを発注し、元SLより近い場合だけATR上限SLと補間TPを設定してEA実測,Oafx2StopCapATR=0.45; Oafx2TargetBlend=0.8,2軽微なコード変更,UNTESTED,"{""Oafx2LabMode"": 101, ""Oafx2StopCapATR"": 0.45, ""Oafx2TargetBlend"": 0.8}",
OAFX1010,gj_initial_stop_atr_cap,SCA GBPJPYの初期SL距離を日足ATR上限で浅くし、TP距離を新旧リスク間で補間,主因枠の含み損深度を発注直後から制限しつつ、シグナルと発注回数は維持する,全シグナルを発注し、元SLより近い場合だけATR上限SLと補間TPを設定してEA実測,Oafx2StopCapATR=0.45; Oafx2TargetBlend=0.9,2軽微なコード変更,UNTESTED,"{""Oafx2LabMode"": 101, ""Oafx2StopCapATR"": 0.45, ""Oafx2TargetBlend"": 0.9}",
OAFX1011,gj_initial_stop_atr_cap,SCA GBPJPYの初期SL距離を日足ATR上限で浅くし、TP距離を新旧リスク間で補間,主因枠の含み損深度を発注直後から制限しつつ、シグナルと発注回数は維持する,全シグナルを発注し、元SLより近い場合だけATR上限SLと補間TPを設定してEA実測,Oafx2StopCapATR=0.55; Oafx2TargetBlend=0,2軽微なコード変更,UNTESTED,"{""Oafx2LabMode"": 101, ""Oafx2StopCapATR"": 0.55, ""Oafx2TargetBlend"": 0}",
OAFX1012,gj_initial_stop_atr_cap,SCA GBPJPYの初期SL距離を日足ATR上限で浅くし、TP距離を新旧リスク間で補間,主因枠の含み損深度を発注直後から制限しつつ、シグナルと発注回数は維持する,全シグナルを発注し、元SLより近い場合だけATR上限SLと補間TPを設定してEA実測,Oafx2StopCapATR=0.55; Oafx2TargetBlend=0.1,2軽微なコード変更,UNTESTED,"{""Oafx2LabMode"": 101, ""Oafx2StopCapATR"": 0.55, ""Oafx2TargetBlend"": 0.1}",
OAFX1013,gj_initial_stop_atr_cap,SCA GBPJPYの初期SL距離を日足ATR上限で浅くし、TP距離を新旧リスク間で補間,主因枠の含み損深度を発注直後から制限しつつ、シグナルと発注回数は維持する,全シグナルを発注し、元SLより近い場合だけATR上限SLと補間TPを設定してEA実測,Oafx2StopCapATR=0.55; Oafx2TargetBlend=0.2,2軽微なコード変更,UNTESTED,"{""Oafx2LabMode"": 101, ""Oafx2StopCapATR"": 0.55, ""Oafx2TargetBlend"": 0.2}",
OAFX1014,gj_initial_stop_atr_cap,SCA GBPJPYの初期SL距離を日足ATR上限で浅くし、TP距離を新旧リスク間で補間,主因枠の含み損深度を発注直後から制限しつつ、シグナルと発注回数は維持する,全シグナルを発注し、元SLより近い場合だけATR上限SLと補間TPを設定してEA実測,Oafx2StopCapATR=0.55; Oafx2TargetBlend=0.3,2軽微なコード変更,UNTESTED,"{""Oafx2LabMode"": 101, ""Oafx2StopCapATR"": 0.55, ""Oafx2TargetBlend"": 0.3}",
OAFX1015,gj_initial_stop_atr_cap,SCA GBPJPYの初期SL距離を日足ATR上限で浅くし、TP距離を新旧リスク間で補間,主因枠の含み損深度を発注直後から制限しつつ、シグナルと発注回数は維持する,全シグナルを発注し、元SLより近い場合だけATR上限SLと補間TPを設定してEA実測,Oafx2StopCapATR=0.55; Oafx2TargetBlend=0.4,2軽微なコード変更,UNTESTED,"{""Oafx2LabMode"": 101, ""Oafx2StopCapATR"": 0.55, ""Oafx2TargetBlend"": 0.4}",
OAFX1016,gj_initial_stop_atr_cap,SCA GBPJPYの初期SL距離を日足ATR上限で浅くし、TP距離を新旧リスク間で補間,主因枠の含み損深度を発注直後から制限しつつ、シグナルと発注回数は維持する,全シグナルを発注し、元SLより近い場合だけATR上限SLと補間TPを設定してEA実測,Oafx2StopCapATR=0.55; Oafx2TargetBlend=0.5,2軽微なコード変更,UNTESTED,"{""Oafx2LabMode"": 101, ""Oafx2StopCapATR"": 0.55, ""Oafx2TargetBlend"": 0.5}",
OAFX1017,gj_initial_stop_atr_cap,SCA GBPJPYの初期SL距離を日足ATR上限で浅くし、TP距離を新旧リスク間で補間,主因枠の含み損深度を発注直後から制限しつつ、シグナルと発注回数は維持する,全シグナルを発注し、元SLより近い場合だけATR上限SLと補間TPを設定してEA実測,Oafx2StopCapATR=0.55; Oafx2TargetBlend=0.6,2軽微なコード変更,UNTESTED,"{""Oafx2LabMode"": 101, ""Oafx2StopCapATR"": 0.55, ""Oafx2TargetBlend"": 0.6}",
OAFX1018,gj_initial_stop_atr_cap,SCA GBPJPYの初期SL距離を日足ATR上限で浅くし、TP距離を新旧リスク間で補間,主因枠の含み損深度を発注直後から制限しつつ、シグナルと発注回数は維持する,全シグナルを発注し、元SLより近い場合だけATR上限SLと補間TPを設定してEA実測,Oafx2StopCapATR=0.55; Oafx2TargetBlend=0.7,2軽微なコード変更,UNTESTED,"{""Oafx2LabMode"": 101, ""Oafx2StopCapATR"": 0.55, ""Oafx2TargetBlend"": 0.7}",
OAFX1019,gj_initial_stop_atr_cap,SCA GBPJPYの初期SL距離を日足ATR上限で浅くし、TP距離を新旧リスク間で補間,主因枠の含み損深度を発注直後から制限しつつ、シグナルと発注回数は維持する,全シグナルを発注し、元SLより近い場合だけATR上限SLと補間TPを設定してEA実測,Oafx2StopCapATR=0.55; Oafx2TargetBlend=0.8,2軽微なコード変更,UNTESTED,"{""Oafx2LabMode"": 101, ""Oafx2StopCapATR"": 0.55, ""Oafx2TargetBlend"": 0.8}",
OAFX1020,gj_initial_stop_atr_cap,SCA GBPJPYの初期SL距離を日足ATR上限で浅くし、TP距離を新旧リスク間で補間,主因枠の含み損深度を発注直後から制限しつつ、シグナルと発注回数は維持する,全シグナルを発注し、元SLより近い場合だけATR上限SLと補間TPを設定してEA実測,Oafx2StopCapATR=0.55; Oafx2TargetBlend=0.9,2軽微なコード変更,UNTESTED,"{""Oafx2LabMode"": 101, ""Oafx2StopCapATR"": 0.55, ""Oafx2TargetBlend"": 0.9}",
OAFX1021,gj_initial_stop_atr_cap,SCA GBPJPYの初期SL距離を日足ATR上限で浅くし、TP距離を新旧リスク間で補間,主因枠の含み損深度を発注直後から制限しつつ、シグナルと発注回数は維持する,全シグナルを発注し、元SLより近い場合だけATR上限SLと補間TPを設定してEA実測,Oafx2StopCapATR=0.65; Oafx2TargetBlend=0,2軽微なコード変更,UNTESTED,"{""Oafx2LabMode"": 101, ""Oafx2StopCapATR"": 0.65, ""Oafx2TargetBlend"": 0}",
OAFX1022,gj_initial_stop_atr_cap,SCA GBPJPYの初期SL距離を日足ATR上限で浅くし、TP距離を新旧リスク間で補間,主因枠の含み損深度を発注直後から制限しつつ、シグナルと発注回数は維持する,全シグナルを発注し、元SLより近い場合だけATR上限SLと補間TPを設定してEA実測,Oafx2StopCapATR=0.65; Oafx2TargetBlend=0.1,2軽微なコード変更,UNTESTED,"{""Oafx2LabMode"": 101, ""Oafx2StopCapATR"": 0.65, ""Oafx2TargetBlend"": 0.1}",
OAFX1023,gj_initial_stop_atr_cap,SCA GBPJPYの初期SL距離を日足ATR上限で浅くし、TP距離を新旧リスク間で補間,主因枠の含み損深度を発注直後から制限しつつ、シグナルと発注回数は維持する,全シグナルを発注し、元SLより近い場合だけATR上限SLと補間TPを設定してEA実測,Oafx2StopCapATR=0.65; Oafx2TargetBlend=0.2,2軽微なコード変更,UNTESTED,"{""Oafx2LabMode"": 101, ""Oafx2StopCapATR"": 0.65, ""Oafx2TargetBlend"": 0.2}",
OAFX1024,gj_initial_stop_atr_cap,SCA GBPJPYの初期SL距離を日足ATR上限で浅くし、TP距離を新旧リスク間で補間,主因枠の含み損深度を発注直後から制限しつつ、シグナルと発注回数は維持する,全シグナルを発注し、元SLより近い場合だけATR上限SLと補間TPを設定してEA実測,Oafx2StopCapATR=0.65; Oafx2TargetBlend=0.3,2軽微なコード変更,UNTESTED,"{""Oafx2LabMode"": 101, ""Oafx2StopCapATR"": 0.65, ""Oafx2TargetBlend"": 0.3}",
OAFX1025,gj_initial_stop_atr_cap,SCA GBPJPYの初期SL距離を日足ATR上限で浅くし、TP距離を新旧リスク間で補間,主因枠の含み損深度を発注直後から制限しつつ、シグナルと発注回数は維持する,全シグナルを発注し、元SLより近い場合だけATR上限SLと補間TPを設定してEA実測,Oafx2StopCapATR=0.65; Oafx2TargetBlend=0.4,2軽微なコード変更,UNTESTED,"{""Oafx2LabMode"": 101, ""Oafx2StopCapATR"": 0.65, ""Oafx2TargetBlend"": 0.4}",
OAFX1026,gj_initial_stop_atr_cap,SCA GBPJPYの初期SL距離を日足ATR上限で浅くし、TP距離を新旧リスク間で補間,主因枠の含み損深度を発注直後から制限しつつ、シグナルと発注回数は維持する,全シグナルを発注し、元SLより近い場合だけATR上限SLと補間TPを設定してEA実測,Oafx2StopCapATR=0.65; Oafx2TargetBlend=0.5,2軽微なコード変更,UNTESTED,"{""Oafx2LabMode"": 101, ""Oafx2StopCapATR"": 0.65, ""Oafx2TargetBlend"": 0.5}",
OAFX1027,gj_initial_stop_atr_cap,SCA GBPJPYの初期SL距離を日足ATR上限で浅くし、TP距離を新旧リスク間で補間,主因枠の含み損深度を発注直後から制限しつつ、シグナルと発注回数は維持する,全シグナルを発注し、元SLより近い場合だけATR上限SLと補間TPを設定してEA実測,Oafx2StopCapATR=0.65; Oafx2TargetBlend=0.6,2軽微なコード変更,UNTESTED,"{""Oafx2LabMode"": 101, ""Oafx2StopCapATR"": 0.65, ""Oafx2TargetBlend"": 0.6}",
OAFX1028,gj_initial_stop_atr_cap,SCA GBPJPYの初期SL距離を日足ATR上限で浅くし、TP距離を新旧リスク間で補間,主因枠の含み損深度を発注直後から制限しつつ、シグナルと発注回数は維持する,全シグナルを発注し、元SLより近い場合だけATR上限SLと補間TPを設定してEA実測,Oafx2StopCapATR=0.65; Oafx2TargetBlend=0.7,2軽微なコード変更,UNTESTED,"{""Oafx2LabMode"": 101, ""Oafx2StopCapATR"": 0.65, ""Oafx2TargetBlend"": 0.7}",
OAFX1029,gj_initial_stop_atr_cap,SCA GBPJPYの初期SL距離を日足ATR上限で浅くし、TP距離を新旧リスク間で補間,主因枠の含み損深度を発注直後から制限しつつ、シグナルと発注回数は維持する,全シグナルを発注し、元SLより近い場合だけATR上限SLと補間TPを設定してEA実測,Oafx2StopCapATR=0.65; Oafx2TargetBlend=0.8,2軽微なコード変更,UNTESTED,"{""Oafx2LabMode"": 101, ""Oafx2StopCapATR"": 0.65, ""Oafx2TargetBlend"": 0.8}",
OAFX1030,gj_initial_stop_atr_cap,SCA GBPJPYの初期SL距離を日足ATR上限で浅くし、TP距離を新旧リスク間で補間,主因枠の含み損深度を発注直後から制限しつつ、シグナルと発注回数は維持する,全シグナルを発注し、元SLより近い場合だけATR上限SLと補間TPを設定してEA実測,Oafx2StopCapATR=0.65; Oafx2TargetBlend=0.9,2軽微なコード変更,UNTESTED,"{""Oafx2LabMode"": 101, ""Oafx2StopCapATR"": 0.65, ""Oafx2TargetBlend"": 0.9}",
OAFX1031,gj_initial_stop_atr_cap,SCA GBPJPYの初期SL距離を日足ATR上限で浅くし、TP距離を新旧リスク間で補間,主因枠の含み損深度を発注直後から制限しつつ、シグナルと発注回数は維持する,全シグナルを発注し、元SLより近い場合だけATR上限SLと補間TPを設定してEA実測,Oafx2StopCapATR=0.75; Oafx2TargetBlend=0,2軽微なコード変更,UNTESTED,"{""Oafx2LabMode"": 101, ""Oafx2StopCapATR"": 0.75, ""Oafx2TargetBlend"": 0}",
OAFX1032,gj_initial_stop_atr_cap,SCA GBPJPYの初期SL距離を日足ATR上限で浅くし、TP距離を新旧リスク間で補間,主因枠の含み損深度を発注直後から制限しつつ、シグナルと発注回数は維持する,全シグナルを発注し、元SLより近い場合だけATR上限SLと補間TPを設定してEA実測,Oafx2StopCapATR=0.75; Oafx2TargetBlend=0.1,2軽微なコード変更,UNTESTED,"{""Oafx2LabMode"": 101, ""Oafx2StopCapATR"": 0.75, ""Oafx2TargetBlend"": 0.1}",
OAFX1033,gj_initial_stop_atr_cap,SCA GBPJPYの初期SL距離を日足ATR上限で浅くし、TP距離を新旧リスク間で補間,主因枠の含み損深度を発注直後から制限しつつ、シグナルと発注回数は維持する,全シグナルを発注し、元SLより近い場合だけATR上限SLと補間TPを設定してEA実測,Oafx2StopCapATR=0.75; Oafx2TargetBlend=0.2,2軽微なコード変更,UNTESTED,"{""Oafx2LabMode"": 101, ""Oafx2StopCapATR"": 0.75, ""Oafx2TargetBlend"": 0.2}",
OAFX1034,gj_initial_stop_atr_cap,SCA GBPJPYの初期SL距離を日足ATR上限で浅くし、TP距離を新旧リスク間で補間,主因枠の含み損深度を発注直後から制限しつつ、シグナルと発注回数は維持する,全シグナルを発注し、元SLより近い場合だけATR上限SLと補間TPを設定してEA実測,Oafx2StopCapATR=0.75; Oafx2TargetBlend=0.3,2軽微なコード変更,UNTESTED,"{""Oafx2LabMode"": 101, ""Oafx2StopCapATR"": 0.75, ""Oafx2TargetBlend"": 0.3}",
OAFX1035,gj_initial_stop_atr_cap,SCA GBPJPYの初期SL距離を日足ATR上限で浅くし、TP距離を新旧リスク間で補間,主因枠の含み損深度を発注直後から制限しつつ、シグナルと発注回数は維持する,全シグナルを発注し、元SLより近い場合だけATR上限SLと補間TPを設定してEA実測,Oafx2StopCapATR=0.75; Oafx2TargetBlend=0.4,2軽微なコード変更,UNTESTED,"{""Oafx2LabMode"": 101, ""Oafx2StopCapATR"": 0.75, ""Oafx2TargetBlend"": 0.4}",
OAFX1036,gj_initial_stop_atr_cap,SCA GBPJPYの初期SL距離を日足ATR上限で浅くし、TP距離を新旧リスク間で補間,主因枠の含み損深度を発注直後から制限しつつ、シグナルと発注回数は維持する,全シグナルを発注し、元SLより近い場合だけATR上限SLと補間TPを設定してEA実測,Oafx2StopCapATR=0.75; Oafx2TargetBlend=0.5,2軽微なコード変更,UNTESTED,"{""Oafx2LabMode"": 101, ""Oafx2StopCapATR"": 0.75, ""Oafx2TargetBlend"": 0.5}",
OAFX1037,gj_initial_stop_atr_cap,SCA GBPJPYの初期SL距離を日足ATR上限で浅くし、TP距離を新旧リスク間で補間,主因枠の含み損深度を発注直後から制限しつつ、シグナルと発注回数は維持する,全シグナルを発注し、元SLより近い場合だけATR上限SLと補間TPを設定してEA実測,Oafx2StopCapATR=0.75; Oafx2TargetBlend=0.6,2軽微なコード変更,UNTESTED,"{""Oafx2LabMode"": 101, ""Oafx2StopCapATR"": 0.75, ""Oafx2TargetBlend"": 0.6}",
OAFX1038,gj_initial_stop_atr_cap,SCA GBPJPYの初期SL距離を日足ATR上限で浅くし、TP距離を新旧リスク間で補間,主因枠の含み損深度を発注直後から制限しつつ、シグナルと発注回数は維持する,全シグナルを発注し、元SLより近い場合だけATR上限SLと補間TPを設定してEA実測,Oafx2StopCapATR=0.75; Oafx2TargetBlend=0.7,2軽微なコード変更,UNTESTED,"{""Oafx2LabMode"": 101, ""Oafx2StopCapATR"": 0.75, ""Oafx2TargetBlend"": 0.7}",
OAFX1039,gj_initial_stop_atr_cap,SCA GBPJPYの初期SL距離を日足ATR上限で浅くし、TP距離を新旧リスク間で補間,主因枠の含み損深度を発注直後から制限しつつ、シグナルと発注回数は維持する,全シグナルを発注し、元SLより近い場合だけATR上限SLと補間TPを設定してEA実測,Oafx2StopCapATR=0.75; Oafx2TargetBlend=0.8,2軽微なコード変更,UNTESTED,"{""Oafx2LabMode"": 101, ""Oafx2StopCapATR"": 0.75, ""Oafx2TargetBlend"": 0.8}",
OAFX1040,gj_initial_stop_atr_cap,SCA GBPJPYの初期SL距離を日足ATR上限で浅くし、TP距離を新旧リスク間で補間,主因枠の含み損深度を発注直後から制限しつつ、シグナルと発注回数は維持する,全シグナルを発注し、元SLより近い場合だけATR上限SLと補間TPを設定してEA実測,Oafx2StopCapATR=0.75; Oafx2TargetBlend=0.9,2軽微なコード変更,UNTESTED,"{""Oafx2LabMode"": 101, ""Oafx2StopCapATR"": 0.75, ""Oafx2TargetBlend"": 0.9}",
OAFX1041,gj_initial_stop_atr_cap,SCA GBPJPYの初期SL距離を日足ATR上限で浅くし、TP距離を新旧リスク間で補間,主因枠の含み損深度を発注直後から制限しつつ、シグナルと発注回数は維持する,全シグナルを発注し、元SLより近い場合だけATR上限SLと補間TPを設定してEA実測,Oafx2StopCapATR=0.85; Oafx2TargetBlend=0,2軽微なコード変更,UNTESTED,"{""Oafx2LabMode"": 101, ""Oafx2StopCapATR"": 0.85, ""Oafx2TargetBlend"": 0}",
OAFX1042,gj_initial_stop_atr_cap,SCA GBPJPYの初期SL距離を日足ATR上限で浅くし、TP距離を新旧リスク間で補間,主因枠の含み損深度を発注直後から制限しつつ、シグナルと発注回数は維持する,全シグナルを発注し、元SLより近い場合だけATR上限SLと補間TPを設定してEA実測,Oafx2StopCapATR=0.85; Oafx2TargetBlend=0.1,2軽微なコード変更,UNTESTED,"{""Oafx2LabMode"": 101, ""Oafx2StopCapATR"": 0.85, ""Oafx2TargetBlend"": 0.1}",
OAFX1043,gj_initial_stop_atr_cap,SCA GBPJPYの初期SL距離を日足ATR上限で浅くし、TP距離を新旧リスク間で補間,主因枠の含み損深度を発注直後から制限しつつ、シグナルと発注回数は維持する,全シグナルを発注し、元SLより近い場合だけATR上限SLと補間TPを設定してEA実測,Oafx2StopCapATR=0.85; Oafx2TargetBlend=0.2,2軽微なコード変更,UNTESTED,"{""Oafx2LabMode"": 101, ""Oafx2StopCapATR"": 0.85, ""Oafx2TargetBlend"": 0.2}",
OAFX1044,gj_initial_stop_atr_cap,SCA GBPJPYの初期SL距離を日足ATR上限で浅くし、TP距離を新旧リスク間で補間,主因枠の含み損深度を発注直後から制限しつつ、シグナルと発注回数は維持する,全シグナルを発注し、元SLより近い場合だけATR上限SLと補間TPを設定してEA実測,Oafx2StopCapATR=0.85; Oafx2TargetBlend=0.3,2軽微なコード変更,UNTESTED,"{""Oafx2LabMode"": 101, ""Oafx2StopCapATR"": 0.85, ""Oafx2TargetBlend"": 0.3}",
OAFX1045,gj_initial_stop_atr_cap,SCA GBPJPYの初期SL距離を日足ATR上限で浅くし、TP距離を新旧リスク間で補間,主因枠の含み損深度を発注直後から制限しつつ、シグナルと発注回数は維持する,全シグナルを発注し、元SLより近い場合だけATR上限SLと補間TPを設定してEA実測,Oafx2StopCapATR=0.85; Oafx2TargetBlend=0.4,2軽微なコード変更,UNTESTED,"{""Oafx2LabMode"": 101, ""Oafx2StopCapATR"": 0.85, ""Oafx2TargetBlend"": 0.4}",
OAFX1046,gj_initial_stop_atr_cap,SCA GBPJPYの初期SL距離を日足ATR上限で浅くし、TP距離を新旧リスク間で補間,主因枠の含み損深度を発注直後から制限しつつ、シグナルと発注回数は維持する,全シグナルを発注し、元SLより近い場合だけATR上限SLと補間TPを設定してEA実測,Oafx2StopCapATR=0.85; Oafx2TargetBlend=0.5,2軽微なコード変更,UNTESTED,"{""Oafx2LabMode"": 101, ""Oafx2StopCapATR"": 0.85, ""Oafx2TargetBlend"": 0.5}",
OAFX1047,gj_initial_stop_atr_cap,SCA GBPJPYの初期SL距離を日足ATR上限で浅くし、TP距離を新旧リスク間で補間,主因枠の含み損深度を発注直後から制限しつつ、シグナルと発注回数は維持する,全シグナルを発注し、元SLより近い場合だけATR上限SLと補間TPを設定してEA実測,Oafx2StopCapATR=0.85; Oafx2TargetBlend=0.6,2軽微なコード変更,UNTESTED,"{""Oafx2LabMode"": 101, ""Oafx2StopCapATR"": 0.85, ""Oafx2TargetBlend"": 0.6}",
OAFX1048,gj_initial_stop_atr_cap,SCA GBPJPYの初期SL距離を日足ATR上限で浅くし、TP距離を新旧リスク間で補間,主因枠の含み損深度を発注直後から制限しつつ、シグナルと発注回数は維持する,全シグナルを発注し、元SLより近い場合だけATR上限SLと補間TPを設定してEA実測,Oafx2StopCapATR=0.85; Oafx2TargetBlend=0.7,2軽微なコード変更,UNTESTED,"{""Oafx2LabMode"": 101, ""Oafx2StopCapATR"": 0.85, ""Oafx2TargetBlend"": 0.7}",
OAFX1049,gj_initial_stop_atr_cap,SCA GBPJPYの初期SL距離を日足ATR上限で浅くし、TP距離を新旧リスク間で補間,主因枠の含み損深度を発注直後から制限しつつ、シグナルと発注回数は維持する,全シグナルを発注し、元SLより近い場合だけATR上限SLと補間TPを設定してEA実測,Oafx2StopCapATR=0.85; Oafx2TargetBlend=0.8,2軽微なコード変更,UNTESTED,"{""Oafx2LabMode"": 101, ""Oafx2StopCapATR"": 0.85, ""Oafx2TargetBlend"": 0.8}",
OAFX1050,gj_initial_stop_atr_cap,SCA GBPJPYの初期SL距離を日足ATR上限で浅くし、TP距離を新旧リスク間で補間,主因枠の含み損深度を発注直後から制限しつつ、シグナルと発注回数は維持する,全シグナルを発注し、元SLより近い場合だけATR上限SLと補間TPを設定してEA実測,Oafx2StopCapATR=0.85; Oafx2TargetBlend=0.9,2軽微なコード変更,UNTESTED,"{""Oafx2LabMode"": 101, ""Oafx2StopCapATR"": 0.85, ""Oafx2TargetBlend"": 0.9}",
OAFX1051,gj_initial_stop_atr_cap,SCA GBPJPYの初期SL距離を日足ATR上限で浅くし、TP距離を新旧リスク間で補間,主因枠の含み損深度を発注直後から制限しつつ、シグナルと発注回数は維持する,全シグナルを発注し、元SLより近い場合だけATR上限SLと補間TPを設定してEA実測,Oafx2StopCapATR=0.95; Oafx2TargetBlend=0,2軽微なコード変更,UNTESTED,"{""Oafx2LabMode"": 101, ""Oafx2StopCapATR"": 0.95, ""Oafx2TargetBlend"": 0}",
OAFX1052,gj_initial_stop_atr_cap,SCA GBPJPYの初期SL距離を日足ATR上限で浅くし、TP距離を新旧リスク間で補間,主因枠の含み損深度を発注直後から制限しつつ、シグナルと発注回数は維持する,全シグナルを発注し、元SLより近い場合だけATR上限SLと補間TPを設定してEA実測,Oafx2StopCapATR=0.95; Oafx2TargetBlend=0.1,2軽微なコード変更,UNTESTED,"{""Oafx2LabMode"": 101, ""Oafx2StopCapATR"": 0.95, ""Oafx2TargetBlend"": 0.1}",
OAFX1053,gj_initial_stop_atr_cap,SCA GBPJPYの初期SL距離を日足ATR上限で浅くし、TP距離を新旧リスク間で補間,主因枠の含み損深度を発注直後から制限しつつ、シグナルと発注回数は維持する,全シグナルを発注し、元SLより近い場合だけATR上限SLと補間TPを設定してEA実測,Oafx2StopCapATR=0.95; Oafx2TargetBlend=0.2,2軽微なコード変更,UNTESTED,"{""Oafx2LabMode"": 101, ""Oafx2StopCapATR"": 0.95, ""Oafx2TargetBlend"": 0.2}",
OAFX1054,gj_initial_stop_atr_cap,SCA GBPJPYの初期SL距離を日足ATR上限で浅くし、TP距離を新旧リスク間で補間,主因枠の含み損深度を発注直後から制限しつつ、シグナルと発注回数は維持する,全シグナルを発注し、元SLより近い場合だけATR上限SLと補間TPを設定してEA実測,Oafx2StopCapATR=0.95; Oafx2TargetBlend=0.3,2軽微なコード変更,UNTESTED,"{""Oafx2LabMode"": 101, ""Oafx2StopCapATR"": 0.95, ""Oafx2TargetBlend"": 0.3}",
OAFX1055,gj_initial_stop_atr_cap,SCA GBPJPYの初期SL距離を日足ATR上限で浅くし、TP距離を新旧リスク間で補間,主因枠の含み損深度を発注直後から制限しつつ、シグナルと発注回数は維持する,全シグナルを発注し、元SLより近い場合だけATR上限SLと補間TPを設定してEA実測,Oafx2StopCapATR=0.95; Oafx2TargetBlend=0.4,2軽微なコード変更,UNTESTED,"{""Oafx2LabMode"": 101, ""Oafx2StopCapATR"": 0.95, ""Oafx2TargetBlend"": 0.4}",
OAFX1056,gj_initial_stop_atr_cap,SCA GBPJPYの初期SL距離を日足ATR上限で浅くし、TP距離を新旧リスク間で補間,主因枠の含み損深度を発注直後から制限しつつ、シグナルと発注回数は維持する,全シグナルを発注し、元SLより近い場合だけATR上限SLと補間TPを設定してEA実測,Oafx2StopCapATR=0.95; Oafx2TargetBlend=0.5,2軽微なコード変更,UNTESTED,"{""Oafx2LabMode"": 101, ""Oafx2StopCapATR"": 0.95, ""Oafx2TargetBlend"": 0.5}",
OAFX1057,gj_initial_stop_atr_cap,SCA GBPJPYの初期SL距離を日足ATR上限で浅くし、TP距離を新旧リスク間で補間,主因枠の含み損深度を発注直後から制限しつつ、シグナルと発注回数は維持する,全シグナルを発注し、元SLより近い場合だけATR上限SLと補間TPを設定してEA実測,Oafx2StopCapATR=0.95; Oafx2TargetBlend=0.6,2軽微なコード変更,UNTESTED,"{""Oafx2LabMode"": 101, ""Oafx2StopCapATR"": 0.95, ""Oafx2TargetBlend"": 0.6}",
OAFX1058,gj_initial_stop_atr_cap,SCA GBPJPYの初期SL距離を日足ATR上限で浅くし、TP距離を新旧リスク間で補間,主因枠の含み損深度を発注直後から制限しつつ、シグナルと発注回数は維持する,全シグナルを発注し、元SLより近い場合だけATR上限SLと補間TPを設定してEA実測,Oafx2StopCapATR=0.95; Oafx2TargetBlend=0.7,2軽微なコード変更,UNTESTED,"{""Oafx2LabMode"": 101, ""Oafx2StopCapATR"": 0.95, ""Oafx2TargetBlend"": 0.7}",
OAFX1059,gj_initial_stop_atr_cap,SCA GBPJPYの初期SL距離を日足ATR上限で浅くし、TP距離を新旧リスク間で補間,主因枠の含み損深度を発注直後から制限しつつ、シグナルと発注回数は維持する,全シグナルを発注し、元SLより近い場合だけATR上限SLと補間TPを設定してEA実測,Oafx2StopCapATR=0.95; Oafx2TargetBlend=0.8,2軽微なコード変更,UNTESTED,"{""Oafx2LabMode"": 101, ""Oafx2StopCapATR"": 0.95, ""Oafx2TargetBlend"": 0.8}",
OAFX1060,gj_initial_stop_atr_cap,SCA GBPJPYの初期SL距離を日足ATR上限で浅くし、TP距離を新旧リスク間で補間,主因枠の含み損深度を発注直後から制限しつつ、シグナルと発注回数は維持する,全シグナルを発注し、元SLより近い場合だけATR上限SLと補間TPを設定してEA実測,Oafx2StopCapATR=0.95; Oafx2TargetBlend=0.9,2軽微なコード変更,UNTESTED,"{""Oafx2LabMode"": 101, ""Oafx2StopCapATR"": 0.95, ""Oafx2TargetBlend"": 0.9}",
OAFX1061,gj_initial_stop_atr_cap,SCA GBPJPYの初期SL距離を日足ATR上限で浅くし、TP距離を新旧リスク間で補間,主因枠の含み損深度を発注直後から制限しつつ、シグナルと発注回数は維持する,全シグナルを発注し、元SLより近い場合だけATR上限SLと補間TPを設定してEA実測,Oafx2StopCapATR=1.05; Oafx2TargetBlend=0,2軽微なコード変更,UNTESTED,"{""Oafx2LabMode"": 101, ""Oafx2StopCapATR"": 1.05, ""Oafx2TargetBlend"": 0}",
OAFX1062,gj_initial_stop_atr_cap,SCA GBPJPYの初期SL距離を日足ATR上限で浅くし、TP距離を新旧リスク間で補間,主因枠の含み損深度を発注直後から制限しつつ、シグナルと発注回数は維持する,全シグナルを発注し、元SLより近い場合だけATR上限SLと補間TPを設定してEA実測,Oafx2StopCapATR=1.05; Oafx2TargetBlend=0.1,2軽微なコード変更,UNTESTED,"{""Oafx2LabMode"": 101, ""Oafx2StopCapATR"": 1.05, ""Oafx2TargetBlend"": 0.1}",
OAFX1063,gj_initial_stop_atr_cap,SCA GBPJPYの初期SL距離を日足ATR上限で浅くし、TP距離を新旧リスク間で補間,主因枠の含み損深度を発注直後から制限しつつ、シグナルと発注回数は維持する,全シグナルを発注し、元SLより近い場合だけATR上限SLと補間TPを設定してEA実測,Oafx2StopCapATR=1.05; Oafx2TargetBlend=0.2,2軽微なコード変更,UNTESTED,"{""Oafx2LabMode"": 101, ""Oafx2StopCapATR"": 1.05, ""Oafx2TargetBlend"": 0.2}",
OAFX1064,gj_initial_stop_atr_cap,SCA GBPJPYの初期SL距離を日足ATR上限で浅くし、TP距離を新旧リスク間で補間,主因枠の含み損深度を発注直後から制限しつつ、シグナルと発注回数は維持する,全シグナルを発注し、元SLより近い場合だけATR上限SLと補間TPを設定してEA実測,Oafx2StopCapATR=1.05; Oafx2TargetBlend=0.3,2軽微なコード変更,UNTESTED,"{""Oafx2LabMode"": 101, ""Oafx2StopCapATR"": 1.05, ""Oafx2TargetBlend"": 0.3}",
OAFX1065,gj_initial_stop_atr_cap,SCA GBPJPYの初期SL距離を日足ATR上限で浅くし、TP距離を新旧リスク間で補間,主因枠の含み損深度を発注直後から制限しつつ、シグナルと発注回数は維持する,全シグナルを発注し、元SLより近い場合だけATR上限SLと補間TPを設定してEA実測,Oafx2StopCapATR=1.05; Oafx2TargetBlend=0.4,2軽微なコード変更,UNTESTED,"{""Oafx2LabMode"": 101, ""Oafx2StopCapATR"": 1.05, ""Oafx2TargetBlend"": 0.4}",
OAFX1066,gj_initial_stop_atr_cap,SCA GBPJPYの初期SL距離を日足ATR上限で浅くし、TP距離を新旧リスク間で補間,主因枠の含み損深度を発注直後から制限しつつ、シグナルと発注回数は維持する,全シグナルを発注し、元SLより近い場合だけATR上限SLと補間TPを設定してEA実測,Oafx2StopCapATR=1.05; Oafx2TargetBlend=0.5,2軽微なコード変更,UNTESTED,"{""Oafx2LabMode"": 101, ""Oafx2StopCapATR"": 1.05, ""Oafx2TargetBlend"": 0.5}",
OAFX1067,gj_initial_stop_atr_cap,SCA GBPJPYの初期SL距離を日足ATR上限で浅くし、TP距離を新旧リスク間で補間,主因枠の含み損深度を発注直後から制限しつつ、シグナルと発注回数は維持する,全シグナルを発注し、元SLより近い場合だけATR上限SLと補間TPを設定してEA実測,Oafx2StopCapATR=1.05; Oafx2TargetBlend=0.6,2軽微なコード変更,UNTESTED,"{""Oafx2LabMode"": 101, ""Oafx2StopCapATR"": 1.05, ""Oafx2TargetBlend"": 0.6}",
OAFX1068,gj_initial_stop_atr_cap,SCA GBPJPYの初期SL距離を日足ATR上限で浅くし、TP距離を新旧リスク間で補間,主因枠の含み損深度を発注直後から制限しつつ、シグナルと発注回数は維持する,全シグナルを発注し、元SLより近い場合だけATR上限SLと補間TPを設定してEA実測,Oafx2StopCapATR=1.05; Oafx2TargetBlend=0.7,2軽微なコード変更,UNTESTED,"{""Oafx2LabMode"": 101, ""Oafx2StopCapATR"": 1.05, ""Oafx2TargetBlend"": 0.7}",
OAFX1069,gj_initial_stop_atr_cap,SCA GBPJPYの初期SL距離を日足ATR上限で浅くし、TP距離を新旧リスク間で補間,主因枠の含み損深度を発注直後から制限しつつ、シグナルと発注回数は維持する,全シグナルを発注し、元SLより近い場合だけATR上限SLと補間TPを設定してEA実測,Oafx2StopCapATR=1.05; Oafx2TargetBlend=0.8,2軽微なコード変更,UNTESTED,"{""Oafx2LabMode"": 101, ""Oafx2StopCapATR"": 1.05, ""Oafx2TargetBlend"": 0.8}",
OAFX1070,gj_initial_stop_atr_cap,SCA GBPJPYの初期SL距離を日足ATR上限で浅くし、TP距離を新旧リスク間で補間,主因枠の含み損深度を発注直後から制限しつつ、シグナルと発注回数は維持する,全シグナルを発注し、元SLより近い場合だけATR上限SLと補間TPを設定してEA実測,Oafx2StopCapATR=1.05; Oafx2TargetBlend=0.9,2軽微なコード変更,UNTESTED,"{""Oafx2LabMode"": 101, ""Oafx2StopCapATR"": 1.05, ""Oafx2TargetBlend"": 0.9}",
OAFX1071,gj_initial_stop_atr_cap,SCA GBPJPYの初期SL距離を日足ATR上限で浅くし、TP距離を新旧リスク間で補間,主因枠の含み損深度を発注直後から制限しつつ、シグナルと発注回数は維持する,全シグナルを発注し、元SLより近い場合だけATR上限SLと補間TPを設定してEA実測,Oafx2StopCapATR=1.2; Oafx2TargetBlend=0,2軽微なコード変更,UNTESTED,"{""Oafx2LabMode"": 101, ""Oafx2StopCapATR"": 1.2, ""Oafx2TargetBlend"": 0}",
OAFX1072,gj_initial_stop_atr_cap,SCA GBPJPYの初期SL距離を日足ATR上限で浅くし、TP距離を新旧リスク間で補間,主因枠の含み損深度を発注直後から制限しつつ、シグナルと発注回数は維持する,全シグナルを発注し、元SLより近い場合だけATR上限SLと補間TPを設定してEA実測,Oafx2StopCapATR=1.2; Oafx2TargetBlend=0.1,2軽微なコード変更,UNTESTED,"{""Oafx2LabMode"": 101, ""Oafx2StopCapATR"": 1.2, ""Oafx2TargetBlend"": 0.1}",
OAFX1073,gj_initial_stop_atr_cap,SCA GBPJPYの初期SL距離を日足ATR上限で浅くし、TP距離を新旧リスク間で補間,主因枠の含み損深度を発注直後から制限しつつ、シグナルと発注回数は維持する,全シグナルを発注し、元SLより近い場合だけATR上限SLと補間TPを設定してEA実測,Oafx2StopCapATR=1.2; Oafx2TargetBlend=0.2,2軽微なコード変更,UNTESTED,"{""Oafx2LabMode"": 101, ""Oafx2StopCapATR"": 1.2, ""Oafx2TargetBlend"": 0.2}",
OAFX1074,gj_initial_stop_atr_cap,SCA GBPJPYの初期SL距離を日足ATR上限で浅くし、TP距離を新旧リスク間で補間,主因枠の含み損深度を発注直後から制限しつつ、シグナルと発注回数は維持する,全シグナルを発注し、元SLより近い場合だけATR上限SLと補間TPを設定してEA実測,Oafx2StopCapATR=1.2; Oafx2TargetBlend=0.3,2軽微なコード変更,UNTESTED,"{""Oafx2LabMode"": 101, ""Oafx2StopCapATR"": 1.2, ""Oafx2TargetBlend"": 0.3}",
OAFX1075,gj_initial_stop_atr_cap,SCA GBPJPYの初期SL距離を日足ATR上限で浅くし、TP距離を新旧リスク間で補間,主因枠の含み損深度を発注直後から制限しつつ、シグナルと発注回数は維持する,全シグナルを発注し、元SLより近い場合だけATR上限SLと補間TPを設定してEA実測,Oafx2StopCapATR=1.2; Oafx2TargetBlend=0.4,2軽微なコード変更,UNTESTED,"{""Oafx2LabMode"": 101, ""Oafx2StopCapATR"": 1.2, ""Oafx2TargetBlend"": 0.4}",
OAFX1076,gj_initial_stop_atr_cap,SCA GBPJPYの初期SL距離を日足ATR上限で浅くし、TP距離を新旧リスク間で補間,主因枠の含み損深度を発注直後から制限しつつ、シグナルと発注回数は維持する,全シグナルを発注し、元SLより近い場合だけATR上限SLと補間TPを設定してEA実測,Oafx2StopCapATR=1.2; Oafx2TargetBlend=0.5,2軽微なコード変更,UNTESTED,"{""Oafx2LabMode"": 101, ""Oafx2StopCapATR"": 1.2, ""Oafx2TargetBlend"": 0.5}",
OAFX1077,gj_initial_stop_atr_cap,SCA GBPJPYの初期SL距離を日足ATR上限で浅くし、TP距離を新旧リスク間で補間,主因枠の含み損深度を発注直後から制限しつつ、シグナルと発注回数は維持する,全シグナルを発注し、元SLより近い場合だけATR上限SLと補間TPを設定してEA実測,Oafx2StopCapATR=1.2; Oafx2TargetBlend=0.6,2軽微なコード変更,UNTESTED,"{""Oafx2LabMode"": 101, ""Oafx2StopCapATR"": 1.2, ""Oafx2TargetBlend"": 0.6}",
OAFX1078,gj_initial_stop_atr_cap,SCA GBPJPYの初期SL距離を日足ATR上限で浅くし、TP距離を新旧リスク間で補間,主因枠の含み損深度を発注直後から制限しつつ、シグナルと発注回数は維持する,全シグナルを発注し、元SLより近い場合だけATR上限SLと補間TPを設定してEA実測,Oafx2StopCapATR=1.2; Oafx2TargetBlend=0.7,2軽微なコード変更,UNTESTED,"{""Oafx2LabMode"": 101, ""Oafx2StopCapATR"": 1.2, ""Oafx2TargetBlend"": 0.7}",
OAFX1079,gj_initial_stop_atr_cap,SCA GBPJPYの初期SL距離を日足ATR上限で浅くし、TP距離を新旧リスク間で補間,主因枠の含み損深度を発注直後から制限しつつ、シグナルと発注回数は維持する,全シグナルを発注し、元SLより近い場合だけATR上限SLと補間TPを設定してEA実測,Oafx2StopCapATR=1.2; Oafx2TargetBlend=0.8,2軽微なコード変更,UNTESTED,"{""Oafx2LabMode"": 101, ""Oafx2StopCapATR"": 1.2, ""Oafx2TargetBlend"": 0.8}",
OAFX1080,gj_initial_stop_atr_cap,SCA GBPJPYの初期SL距離を日足ATR上限で浅くし、TP距離を新旧リスク間で補間,主因枠の含み損深度を発注直後から制限しつつ、シグナルと発注回数は維持する,全シグナルを発注し、元SLより近い場合だけATR上限SLと補間TPを設定してEA実測,Oafx2StopCapATR=1.2; Oafx2TargetBlend=0.9,2軽微なコード変更,UNTESTED,"{""Oafx2LabMode"": 101, ""Oafx2StopCapATR"": 1.2, ""Oafx2TargetBlend"": 0.9}",
OAFX1081,gj_initial_stop_atr_cap,SCA GBPJPYの初期SL距離を日足ATR上限で浅くし、TP距離を新旧リスク間で補間,主因枠の含み損深度を発注直後から制限しつつ、シグナルと発注回数は維持する,全シグナルを発注し、元SLより近い場合だけATR上限SLと補間TPを設定してEA実測,Oafx2StopCapATR=1.4; Oafx2TargetBlend=0,2軽微なコード変更,UNTESTED,"{""Oafx2LabMode"": 101, ""Oafx2StopCapATR"": 1.4, ""Oafx2TargetBlend"": 0}",
OAFX1082,gj_initial_stop_atr_cap,SCA GBPJPYの初期SL距離を日足ATR上限で浅くし、TP距離を新旧リスク間で補間,主因枠の含み損深度を発注直後から制限しつつ、シグナルと発注回数は維持する,全シグナルを発注し、元SLより近い場合だけATR上限SLと補間TPを設定してEA実測,Oafx2StopCapATR=1.4; Oafx2TargetBlend=0.1,2軽微なコード変更,UNTESTED,"{""Oafx2LabMode"": 101, ""Oafx2StopCapATR"": 1.4, ""Oafx2TargetBlend"": 0.1}",
OAFX1083,gj_initial_stop_atr_cap,SCA GBPJPYの初期SL距離を日足ATR上限で浅くし、TP距離を新旧リスク間で補間,主因枠の含み損深度を発注直後から制限しつつ、シグナルと発注回数は維持する,全シグナルを発注し、元SLより近い場合だけATR上限SLと補間TPを設定してEA実測,Oafx2StopCapATR=1.4; Oafx2TargetBlend=0.2,2軽微なコード変更,UNTESTED,"{""Oafx2LabMode"": 101, ""Oafx2StopCapATR"": 1.4, ""Oafx2TargetBlend"": 0.2}",
OAFX1084,gj_initial_stop_atr_cap,SCA GBPJPYの初期SL距離を日足ATR上限で浅くし、TP距離を新旧リスク間で補間,主因枠の含み損深度を発注直後から制限しつつ、シグナルと発注回数は維持する,全シグナルを発注し、元SLより近い場合だけATR上限SLと補間TPを設定してEA実測,Oafx2StopCapATR=1.4; Oafx2TargetBlend=0.3,2軽微なコード変更,UNTESTED,"{""Oafx2LabMode"": 101, ""Oafx2StopCapATR"": 1.4, ""Oafx2TargetBlend"": 0.3}",
OAFX1085,gj_initial_stop_atr_cap,SCA GBPJPYの初期SL距離を日足ATR上限で浅くし、TP距離を新旧リスク間で補間,主因枠の含み損深度を発注直後から制限しつつ、シグナルと発注回数は維持する,全シグナルを発注し、元SLより近い場合だけATR上限SLと補間TPを設定してEA実測,Oafx2StopCapATR=1.4; Oafx2TargetBlend=0.4,2軽微なコード変更,UNTESTED,"{""Oafx2LabMode"": 101, ""Oafx2StopCapATR"": 1.4, ""Oafx2TargetBlend"": 0.4}",
OAFX1086,gj_initial_stop_atr_cap,SCA GBPJPYの初期SL距離を日足ATR上限で浅くし、TP距離を新旧リスク間で補間,主因枠の含み損深度を発注直後から制限しつつ、シグナルと発注回数は維持する,全シグナルを発注し、元SLより近い場合だけATR上限SLと補間TPを設定してEA実測,Oafx2StopCapATR=1.4; Oafx2TargetBlend=0.5,2軽微なコード変更,UNTESTED,"{""Oafx2LabMode"": 101, ""Oafx2StopCapATR"": 1.4, ""Oafx2TargetBlend"": 0.5}",
OAFX1087,gj_initial_stop_atr_cap,SCA GBPJPYの初期SL距離を日足ATR上限で浅くし、TP距離を新旧リスク間で補間,主因枠の含み損深度を発注直後から制限しつつ、シグナルと発注回数は維持する,全シグナルを発注し、元SLより近い場合だけATR上限SLと補間TPを設定してEA実測,Oafx2StopCapATR=1.4; Oafx2TargetBlend=0.6,2軽微なコード変更,UNTESTED,"{""Oafx2LabMode"": 101, ""Oafx2StopCapATR"": 1.4, ""Oafx2TargetBlend"": 0.6}",
OAFX1088,gj_initial_stop_atr_cap,SCA GBPJPYの初期SL距離を日足ATR上限で浅くし、TP距離を新旧リスク間で補間,主因枠の含み損深度を発注直後から制限しつつ、シグナルと発注回数は維持する,全シグナルを発注し、元SLより近い場合だけATR上限SLと補間TPを設定してEA実測,Oafx2StopCapATR=1.4; Oafx2TargetBlend=0.7,2軽微なコード変更,UNTESTED,"{""Oafx2LabMode"": 101, ""Oafx2StopCapATR"": 1.4, ""Oafx2TargetBlend"": 0.7}",
OAFX1089,gj_initial_stop_atr_cap,SCA GBPJPYの初期SL距離を日足ATR上限で浅くし、TP距離を新旧リスク間で補間,主因枠の含み損深度を発注直後から制限しつつ、シグナルと発注回数は維持する,全シグナルを発注し、元SLより近い場合だけATR上限SLと補間TPを設定してEA実測,Oafx2StopCapATR=1.4; Oafx2TargetBlend=0.8,2軽微なコード変更,UNTESTED,"{""Oafx2LabMode"": 101, ""Oafx2StopCapATR"": 1.4, ""Oafx2TargetBlend"": 0.8}",
OAFX1090,gj_initial_stop_atr_cap,SCA GBPJPYの初期SL距離を日足ATR上限で浅くし、TP距離を新旧リスク間で補間,主因枠の含み損深度を発注直後から制限しつつ、シグナルと発注回数は維持する,全シグナルを発注し、元SLより近い場合だけATR上限SLと補間TPを設定してEA実測,Oafx2StopCapATR=1.4; Oafx2TargetBlend=0.9,2軽微なコード変更,UNTESTED,"{""Oafx2LabMode"": 101, ""Oafx2StopCapATR"": 1.4, ""Oafx2TargetBlend"": 0.9}",
OAFX1091,gj_initial_stop_atr_cap,SCA GBPJPYの初期SL距離を日足ATR上限で浅くし、TP距離を新旧リスク間で補間,主因枠の含み損深度を発注直後から制限しつつ、シグナルと発注回数は維持する,全シグナルを発注し、元SLより近い場合だけATR上限SLと補間TPを設定してEA実測,Oafx2StopCapATR=1.6; Oafx2TargetBlend=0,2軽微なコード変更,UNTESTED,"{""Oafx2LabMode"": 101, ""Oafx2StopCapATR"": 1.6, ""Oafx2TargetBlend"": 0}",
OAFX1092,gj_initial_stop_atr_cap,SCA GBPJPYの初期SL距離を日足ATR上限で浅くし、TP距離を新旧リスク間で補間,主因枠の含み損深度を発注直後から制限しつつ、シグナルと発注回数は維持する,全シグナルを発注し、元SLより近い場合だけATR上限SLと補間TPを設定してEA実測,Oafx2StopCapATR=1.6; Oafx2TargetBlend=0.1,2軽微なコード変更,UNTESTED,"{""Oafx2LabMode"": 101, ""Oafx2StopCapATR"": 1.6, ""Oafx2TargetBlend"": 0.1}",
OAFX1093,gj_initial_stop_atr_cap,SCA GBPJPYの初期SL距離を日足ATR上限で浅くし、TP距離を新旧リスク間で補間,主因枠の含み損深度を発注直後から制限しつつ、シグナルと発注回数は維持する,全シグナルを発注し、元SLより近い場合だけATR上限SLと補間TPを設定してEA実測,Oafx2StopCapATR=1.6; Oafx2TargetBlend=0.2,2軽微なコード変更,UNTESTED,"{""Oafx2LabMode"": 101, ""Oafx2StopCapATR"": 1.6, ""Oafx2TargetBlend"": 0.2}",
OAFX1094,gj_initial_stop_atr_cap,SCA GBPJPYの初期SL距離を日足ATR上限で浅くし、TP距離を新旧リスク間で補間,主因枠の含み損深度を発注直後から制限しつつ、シグナルと発注回数は維持する,全シグナルを発注し、元SLより近い場合だけATR上限SLと補間TPを設定してEA実測,Oafx2StopCapATR=1.6; Oafx2TargetBlend=0.3,2軽微なコード変更,UNTESTED,"{""Oafx2LabMode"": 101, ""Oafx2StopCapATR"": 1.6, ""Oafx2TargetBlend"": 0.3}",
OAFX1095,gj_initial_stop_atr_cap,SCA GBPJPYの初期SL距離を日足ATR上限で浅くし、TP距離を新旧リスク間で補間,主因枠の含み損深度を発注直後から制限しつつ、シグナルと発注回数は維持する,全シグナルを発注し、元SLより近い場合だけATR上限SLと補間TPを設定してEA実測,Oafx2StopCapATR=1.6; Oafx2TargetBlend=0.4,2軽微なコード変更,UNTESTED,"{""Oafx2LabMode"": 101, ""Oafx2StopCapATR"": 1.6, ""Oafx2TargetBlend"": 0.4}",
OAFX1096,gj_initial_stop_atr_cap,SCA GBPJPYの初期SL距離を日足ATR上限で浅くし、TP距離を新旧リスク間で補間,主因枠の含み損深度を発注直後から制限しつつ、シグナルと発注回数は維持する,全シグナルを発注し、元SLより近い場合だけATR上限SLと補間TPを設定してEA実測,Oafx2StopCapATR=1.6; Oafx2TargetBlend=0.5,2軽微なコード変更,UNTESTED,"{""Oafx2LabMode"": 101, ""Oafx2StopCapATR"": 1.6, ""Oafx2TargetBlend"": 0.5}",
OAFX1097,gj_initial_stop_atr_cap,SCA GBPJPYの初期SL距離を日足ATR上限で浅くし、TP距離を新旧リスク間で補間,主因枠の含み損深度を発注直後から制限しつつ、シグナルと発注回数は維持する,全シグナルを発注し、元SLより近い場合だけATR上限SLと補間TPを設定してEA実測,Oafx2StopCapATR=1.6; Oafx2TargetBlend=0.6,2軽微なコード変更,UNTESTED,"{""Oafx2LabMode"": 101, ""Oafx2StopCapATR"": 1.6, ""Oafx2TargetBlend"": 0.6}",
OAFX1098,gj_initial_stop_atr_cap,SCA GBPJPYの初期SL距離を日足ATR上限で浅くし、TP距離を新旧リスク間で補間,主因枠の含み損深度を発注直後から制限しつつ、シグナルと発注回数は維持する,全シグナルを発注し、元SLより近い場合だけATR上限SLと補間TPを設定してEA実測,Oafx2StopCapATR=1.6; Oafx2TargetBlend=0.7,2軽微なコード変更,UNTESTED,"{""Oafx2LabMode"": 101, ""Oafx2StopCapATR"": 1.6, ""Oafx2TargetBlend"": 0.7}",
OAFX1099,gj_initial_stop_atr_cap,SCA GBPJPYの初期SL距離を日足ATR上限で浅くし、TP距離を新旧リスク間で補間,主因枠の含み損深度を発注直後から制限しつつ、シグナルと発注回数は維持する,全シグナルを発注し、元SLより近い場合だけATR上限SLと補間TPを設定してEA実測,Oafx2StopCapATR=1.6; Oafx2TargetBlend=0.8,2軽微なコード変更,UNTESTED,"{""Oafx2LabMode"": 101, ""Oafx2StopCapATR"": 1.6, ""Oafx2TargetBlend"": 0.8}",
OAFX1100,gj_initial_stop_atr_cap,SCA GBPJPYの初期SL距離を日足ATR上限で浅くし、TP距離を新旧リスク間で補間,主因枠の含み損深度を発注直後から制限しつつ、シグナルと発注回数は維持する,全シグナルを発注し、元SLより近い場合だけATR上限SLと補間TPを設定してEA実測,Oafx2StopCapATR=1.6; Oafx2TargetBlend=0.9,2軽微なコード変更,UNTESTED,"{""Oafx2LabMode"": 101, ""Oafx2StopCapATR"": 1.6, ""Oafx2TargetBlend"": 0.9}",
OAFX1101,gj_early_mae_exit,SCA GBPJPYの建玉直後に急速な逆行が出た場合だけ成行決済,全期間で6時間未満の取引が大幅赤字であり、早期の最大逆行を浅い実損に固定する,発注は全件維持し、指定バー以内に逆行幅がATR閾値へ達した建玉だけEA内で決済,Oafx2EarlyBars=1; Oafx2EarlyMAEATR=0.15,2中規模のコード変更,UNTESTED,"{""Oafx2EarlyBars"": 1, ""Oafx2EarlyMAEATR"": 0.15, ""Oafx2LabMode"": 102}",
OAFX1102,gj_early_mae_exit,SCA GBPJPYの建玉直後に急速な逆行が出た場合だけ成行決済,全期間で6時間未満の取引が大幅赤字であり、早期の最大逆行を浅い実損に固定する,発注は全件維持し、指定バー以内に逆行幅がATR閾値へ達した建玉だけEA内で決済,Oafx2EarlyBars=1; Oafx2EarlyMAEATR=0.2,2中規模のコード変更,UNTESTED,"{""Oafx2EarlyBars"": 1, ""Oafx2EarlyMAEATR"": 0.2, ""Oafx2LabMode"": 102}",
OAFX1103,gj_early_mae_exit,SCA GBPJPYの建玉直後に急速な逆行が出た場合だけ成行決済,全期間で6時間未満の取引が大幅赤字であり、早期の最大逆行を浅い実損に固定する,発注は全件維持し、指定バー以内に逆行幅がATR閾値へ達した建玉だけEA内で決済,Oafx2EarlyBars=1; Oafx2EarlyMAEATR=0.25,2中規模のコード変更,UNTESTED,"{""Oafx2EarlyBars"": 1, ""Oafx2EarlyMAEATR"": 0.25, ""Oafx2LabMode"": 102}",
OAFX1104,gj_early_mae_exit,SCA GBPJPYの建玉直後に急速な逆行が出た場合だけ成行決済,全期間で6時間未満の取引が大幅赤字であり、早期の最大逆行を浅い実損に固定する,発注は全件維持し、指定バー以内に逆行幅がATR閾値へ達した建玉だけEA内で決済,Oafx2EarlyBars=1; Oafx2EarlyMAEATR=0.3,2中規模のコード変更,UNTESTED,"{""Oafx2EarlyBars"": 1, ""Oafx2EarlyMAEATR"": 0.3, ""Oafx2LabMode"": 102}",
OAFX1105,gj_early_mae_exit,SCA GBPJPYの建玉直後に急速な逆行が出た場合だけ成行決済,全期間で6時間未満の取引が大幅赤字であり、早期の最大逆行を浅い実損に固定する,発注は全件維持し、指定バー以内に逆行幅がATR閾値へ達した建玉だけEA内で決済,Oafx2EarlyBars=1; Oafx2EarlyMAEATR=0.35,2中規模のコード変更,UNTESTED,"{""Oafx2EarlyBars"": 1, ""Oafx2EarlyMAEATR"": 0.35, ""Oafx2LabMode"": 102}",
OAFX1106,gj_early_mae_exit,SCA GBPJPYの建玉直後に急速な逆行が出た場合だけ成行決済,全期間で6時間未満の取引が大幅赤字であり、早期の最大逆行を浅い実損に固定する,発注は全件維持し、指定バー以内に逆行幅がATR閾値へ達した建玉だけEA内で決済,Oafx2EarlyBars=1; Oafx2EarlyMAEATR=0.4,2中規模のコード変更,UNTESTED,"{""Oafx2EarlyBars"": 1, ""Oafx2EarlyMAEATR"": 0.4, ""Oafx2LabMode"": 102}",
OAFX1107,gj_early_mae_exit,SCA GBPJPYの建玉直後に急速な逆行が出た場合だけ成行決済,全期間で6時間未満の取引が大幅赤字であり、早期の最大逆行を浅い実損に固定する,発注は全件維持し、指定バー以内に逆行幅がATR閾値へ達した建玉だけEA内で決済,Oafx2EarlyBars=1; Oafx2EarlyMAEATR=0.5,2中規模のコード変更,UNTESTED,"{""Oafx2EarlyBars"": 1, ""Oafx2EarlyMAEATR"": 0.5, ""Oafx2LabMode"": 102}",
OAFX1108,gj_early_mae_exit,SCA GBPJPYの建玉直後に急速な逆行が出た場合だけ成行決済,全期間で6時間未満の取引が大幅赤字であり、早期の最大逆行を浅い実損に固定する,発注は全件維持し、指定バー以内に逆行幅がATR閾値へ達した建玉だけEA内で決済,Oafx2EarlyBars=1; Oafx2EarlyMAEATR=0.6,2中規模のコード変更,UNTESTED,"{""Oafx2EarlyBars"": 1, ""Oafx2EarlyMAEATR"": 0.6, ""Oafx2LabMode"": 102}",
OAFX1109,gj_early_mae_exit,SCA GBPJPYの建玉直後に急速な逆行が出た場合だけ成行決済,全期間で6時間未満の取引が大幅赤字であり、早期の最大逆行を浅い実損に固定する,発注は全件維持し、指定バー以内に逆行幅がATR閾値へ達した建玉だけEA内で決済,Oafx2EarlyBars=1; Oafx2EarlyMAEATR=0.75,2中規模のコード変更,UNTESTED,"{""Oafx2EarlyBars"": 1, ""Oafx2EarlyMAEATR"": 0.75, ""Oafx2LabMode"": 102}",
OAFX1110,gj_early_mae_exit,SCA GBPJPYの建玉直後に急速な逆行が出た場合だけ成行決済,全期間で6時間未満の取引が大幅赤字であり、早期の最大逆行を浅い実損に固定する,発注は全件維持し、指定バー以内に逆行幅がATR閾値へ達した建玉だけEA内で決済,Oafx2EarlyBars=1; Oafx2EarlyMAEATR=0.9,2中規模のコード変更,UNTESTED,"{""Oafx2EarlyBars"": 1, ""Oafx2EarlyMAEATR"": 0.9, ""Oafx2LabMode"": 102}",
OAFX1111,gj_early_mae_exit,SCA GBPJPYの建玉直後に急速な逆行が出た場合だけ成行決済,全期間で6時間未満の取引が大幅赤字であり、早期の最大逆行を浅い実損に固定する,発注は全件維持し、指定バー以内に逆行幅がATR閾値へ達した建玉だけEA内で決済,Oafx2EarlyBars=2; Oafx2EarlyMAEATR=0.15,2中規模のコード変更,UNTESTED,"{""Oafx2EarlyBars"": 2, ""Oafx2EarlyMAEATR"": 0.15, ""Oafx2LabMode"": 102}",
OAFX1112,gj_early_mae_exit,SCA GBPJPYの建玉直後に急速な逆行が出た場合だけ成行決済,全期間で6時間未満の取引が大幅赤字であり、早期の最大逆行を浅い実損に固定する,発注は全件維持し、指定バー以内に逆行幅がATR閾値へ達した建玉だけEA内で決済,Oafx2EarlyBars=2; Oafx2EarlyMAEATR=0.2,2中規模のコード変更,UNTESTED,"{""Oafx2EarlyBars"": 2, ""Oafx2EarlyMAEATR"": 0.2, ""Oafx2LabMode"": 102}",
OAFX1113,gj_early_mae_exit,SCA GBPJPYの建玉直後に急速な逆行が出た場合だけ成行決済,全期間で6時間未満の取引が大幅赤字であり、早期の最大逆行を浅い実損に固定する,発注は全件維持し、指定バー以内に逆行幅がATR閾値へ達した建玉だけEA内で決済,Oafx2EarlyBars=2; Oafx2EarlyMAEATR=0.25,2中規模のコード変更,UNTESTED,"{""Oafx2EarlyBars"": 2, ""Oafx2EarlyMAEATR"": 0.25, ""Oafx2LabMode"": 102}",
OAFX1114,gj_early_mae_exit,SCA GBPJPYの建玉直後に急速な逆行が出た場合だけ成行決済,全期間で6時間未満の取引が大幅赤字であり、早期の最大逆行を浅い実損に固定する,発注は全件維持し、指定バー以内に逆行幅がATR閾値へ達した建玉だけEA内で決済,Oafx2EarlyBars=2; Oafx2EarlyMAEATR=0.3,2中規模のコード変更,UNTESTED,"{""Oafx2EarlyBars"": 2, ""Oafx2EarlyMAEATR"": 0.3, ""Oafx2LabMode"": 102}",
OAFX1115,gj_early_mae_exit,SCA GBPJPYの建玉直後に急速な逆行が出た場合だけ成行決済,全期間で6時間未満の取引が大幅赤字であり、早期の最大逆行を浅い実損に固定する,発注は全件維持し、指定バー以内に逆行幅がATR閾値へ達した建玉だけEA内で決済,Oafx2EarlyBars=2; Oafx2EarlyMAEATR=0.35,2中規模のコード変更,UNTESTED,"{""Oafx2EarlyBars"": 2, ""Oafx2EarlyMAEATR"": 0.35, ""Oafx2LabMode"": 102}",
OAFX1116,gj_early_mae_exit,SCA GBPJPYの建玉直後に急速な逆行が出た場合だけ成行決済,全期間で6時間未満の取引が大幅赤字であり、早期の最大逆行を浅い実損に固定する,発注は全件維持し、指定バー以内に逆行幅がATR閾値へ達した建玉だけEA内で決済,Oafx2EarlyBars=2; Oafx2EarlyMAEATR=0.4,2中規模のコード変更,UNTESTED,"{""Oafx2EarlyBars"": 2, ""Oafx2EarlyMAEATR"": 0.4, ""Oafx2LabMode"": 102}",
OAFX1117,gj_early_mae_exit,SCA GBPJPYの建玉直後に急速な逆行が出た場合だけ成行決済,全期間で6時間未満の取引が大幅赤字であり、早期の最大逆行を浅い実損に固定する,発注は全件維持し、指定バー以内に逆行幅がATR閾値へ達した建玉だけEA内で決済,Oafx2EarlyBars=2; Oafx2EarlyMAEATR=0.5,2中規模のコード変更,UNTESTED,"{""Oafx2EarlyBars"": 2, ""Oafx2EarlyMAEATR"": 0.5, ""Oafx2LabMode"": 102}",
OAFX1118,gj_early_mae_exit,SCA GBPJPYの建玉直後に急速な逆行が出た場合だけ成行決済,全期間で6時間未満の取引が大幅赤字であり、早期の最大逆行を浅い実損に固定する,発注は全件維持し、指定バー以内に逆行幅がATR閾値へ達した建玉だけEA内で決済,Oafx2EarlyBars=2; Oafx2EarlyMAEATR=0.6,2中規模のコード変更,UNTESTED,"{""Oafx2EarlyBars"": 2, ""Oafx2EarlyMAEATR"": 0.6, ""Oafx2LabMode"": 102}",
OAFX1119,gj_early_mae_exit,SCA GBPJPYの建玉直後に急速な逆行が出た場合だけ成行決済,全期間で6時間未満の取引が大幅赤字であり、早期の最大逆行を浅い実損に固定する,発注は全件維持し、指定バー以内に逆行幅がATR閾値へ達した建玉だけEA内で決済,Oafx2EarlyBars=2; Oafx2EarlyMAEATR=0.75,2中規模のコード変更,UNTESTED,"{""Oafx2EarlyBars"": 2, ""Oafx2EarlyMAEATR"": 0.75, ""Oafx2LabMode"": 102}",
OAFX1120,gj_early_mae_exit,SCA GBPJPYの建玉直後に急速な逆行が出た場合だけ成行決済,全期間で6時間未満の取引が大幅赤字であり、早期の最大逆行を浅い実損に固定する,発注は全件維持し、指定バー以内に逆行幅がATR閾値へ達した建玉だけEA内で決済,Oafx2EarlyBars=2; Oafx2EarlyMAEATR=0.9,2中規模のコード変更,UNTESTED,"{""Oafx2EarlyBars"": 2, ""Oafx2EarlyMAEATR"": 0.9, ""Oafx2LabMode"": 102}",
OAFX1121,gj_early_mae_exit,SCA GBPJPYの建玉直後に急速な逆行が出た場合だけ成行決済,全期間で6時間未満の取引が大幅赤字であり、早期の最大逆行を浅い実損に固定する,発注は全件維持し、指定バー以内に逆行幅がATR閾値へ達した建玉だけEA内で決済,Oafx2EarlyBars=3; Oafx2EarlyMAEATR=0.15,2中規模のコード変更,UNTESTED,"{""Oafx2EarlyBars"": 3, ""Oafx2EarlyMAEATR"": 0.15, ""Oafx2LabMode"": 102}",
OAFX1122,gj_early_mae_exit,SCA GBPJPYの建玉直後に急速な逆行が出た場合だけ成行決済,全期間で6時間未満の取引が大幅赤字であり、早期の最大逆行を浅い実損に固定する,発注は全件維持し、指定バー以内に逆行幅がATR閾値へ達した建玉だけEA内で決済,Oafx2EarlyBars=3; Oafx2EarlyMAEATR=0.2,2中規模のコード変更,UNTESTED,"{""Oafx2EarlyBars"": 3, ""Oafx2EarlyMAEATR"": 0.2, ""Oafx2LabMode"": 102}",
OAFX1123,gj_early_mae_exit,SCA GBPJPYの建玉直後に急速な逆行が出た場合だけ成行決済,全期間で6時間未満の取引が大幅赤字であり、早期の最大逆行を浅い実損に固定する,発注は全件維持し、指定バー以内に逆行幅がATR閾値へ達した建玉だけEA内で決済,Oafx2EarlyBars=3; Oafx2EarlyMAEATR=0.25,2中規模のコード変更,UNTESTED,"{""Oafx2EarlyBars"": 3, ""Oafx2EarlyMAEATR"": 0.25, ""Oafx2LabMode"": 102}",
OAFX1124,gj_early_mae_exit,SCA GBPJPYの建玉直後に急速な逆行が出た場合だけ成行決済,全期間で6時間未満の取引が大幅赤字であり、早期の最大逆行を浅い実損に固定する,発注は全件維持し、指定バー以内に逆行幅がATR閾値へ達した建玉だけEA内で決済,Oafx2EarlyBars=3; Oafx2EarlyMAEATR=0.3,2中規模のコード変更,UNTESTED,"{""Oafx2EarlyBars"": 3, ""Oafx2EarlyMAEATR"": 0.3, ""Oafx2LabMode"": 102}",
OAFX1125,gj_early_mae_exit,SCA GBPJPYの建玉直後に急速な逆行が出た場合だけ成行決済,全期間で6時間未満の取引が大幅赤字であり、早期の最大逆行を浅い実損に固定する,発注は全件維持し、指定バー以内に逆行幅がATR閾値へ達した建玉だけEA内で決済,Oafx2EarlyBars=3; Oafx2EarlyMAEATR=0.35,2中規模のコード変更,UNTESTED,"{""Oafx2EarlyBars"": 3, ""Oafx2EarlyMAEATR"": 0.35, ""Oafx2LabMode"": 102}",
OAFX1126,gj_early_mae_exit,SCA GBPJPYの建玉直後に急速な逆行が出た場合だけ成行決済,全期間で6時間未満の取引が大幅赤字であり、早期の最大逆行を浅い実損に固定する,発注は全件維持し、指定バー以内に逆行幅がATR閾値へ達した建玉だけEA内で決済,Oafx2EarlyBars=3; Oafx2EarlyMAEATR=0.4,2中規模のコード変更,UNTESTED,"{""Oafx2EarlyBars"": 3, ""Oafx2EarlyMAEATR"": 0.4, ""Oafx2LabMode"": 102}",
OAFX1127,gj_early_mae_exit,SCA GBPJPYの建玉直後に急速な逆行が出た場合だけ成行決済,全期間で6時間未満の取引が大幅赤字であり、早期の最大逆行を浅い実損に固定する,発注は全件維持し、指定バー以内に逆行幅がATR閾値へ達した建玉だけEA内で決済,Oafx2EarlyBars=3; Oafx2EarlyMAEATR=0.5,2中規模のコード変更,UNTESTED,"{""Oafx2EarlyBars"": 3, ""Oafx2EarlyMAEATR"": 0.5, ""Oafx2LabMode"": 102}",
OAFX1128,gj_early_mae_exit,SCA GBPJPYの建玉直後に急速な逆行が出た場合だけ成行決済,全期間で6時間未満の取引が大幅赤字であり、早期の最大逆行を浅い実損に固定する,発注は全件維持し、指定バー以内に逆行幅がATR閾値へ達した建玉だけEA内で決済,Oafx2EarlyBars=3; Oafx2EarlyMAEATR=0.6,2中規模のコード変更,UNTESTED,"{""Oafx2EarlyBars"": 3, ""Oafx2EarlyMAEATR"": 0.6, ""Oafx2LabMode"": 102}",
OAFX1129,gj_early_mae_exit,SCA GBPJPYの建玉直後に急速な逆行が出た場合だけ成行決済,全期間で6時間未満の取引が大幅赤字であり、早期の最大逆行を浅い実損に固定する,発注は全件維持し、指定バー以内に逆行幅がATR閾値へ達した建玉だけEA内で決済,Oafx2EarlyBars=3; Oafx2EarlyMAEATR=0.75,2中規模のコード変更,UNTESTED,"{""Oafx2EarlyBars"": 3, ""Oafx2EarlyMAEATR"": 0.75, ""Oafx2LabMode"": 102}",
OAFX1130,gj_early_mae_exit,SCA GBPJPYの建玉直後に急速な逆行が出た場合だけ成行決済,全期間で6時間未満の取引が大幅赤字であり、早期の最大逆行を浅い実損に固定する,発注は全件維持し、指定バー以内に逆行幅がATR閾値へ達した建玉だけEA内で決済,Oafx2EarlyBars=3; Oafx2EarlyMAEATR=0.9,2中規模のコード変更,UNTESTED,"{""Oafx2EarlyBars"": 3, ""Oafx2EarlyMAEATR"": 0.9, ""Oafx2LabMode"": 102}",
OAFX1131,gj_early_mae_exit,SCA GBPJPYの建玉直後に急速な逆行が出た場合だけ成行決済,全期間で6時間未満の取引が大幅赤字であり、早期の最大逆行を浅い実損に固定する,発注は全件維持し、指定バー以内に逆行幅がATR閾値へ達した建玉だけEA内で決済,Oafx2EarlyBars=4; Oafx2EarlyMAEATR=0.15,2中規模のコード変更,UNTESTED,"{""Oafx2EarlyBars"": 4, ""Oafx2EarlyMAEATR"": 0.15, ""Oafx2LabMode"": 102}",
OAFX1132,gj_early_mae_exit,SCA GBPJPYの建玉直後に急速な逆行が出た場合だけ成行決済,全期間で6時間未満の取引が大幅赤字であり、早期の最大逆行を浅い実損に固定する,発注は全件維持し、指定バー以内に逆行幅がATR閾値へ達した建玉だけEA内で決済,Oafx2EarlyBars=4; Oafx2EarlyMAEATR=0.2,2中規模のコード変更,UNTESTED,"{""Oafx2EarlyBars"": 4, ""Oafx2EarlyMAEATR"": 0.2, ""Oafx2LabMode"": 102}",
OAFX1133,gj_early_mae_exit,SCA GBPJPYの建玉直後に急速な逆行が出た場合だけ成行決済,全期間で6時間未満の取引が大幅赤字であり、早期の最大逆行を浅い実損に固定する,発注は全件維持し、指定バー以内に逆行幅がATR閾値へ達した建玉だけEA内で決済,Oafx2EarlyBars=4; Oafx2EarlyMAEATR=0.25,2中規模のコード変更,UNTESTED,"{""Oafx2EarlyBars"": 4, ""Oafx2EarlyMAEATR"": 0.25, ""Oafx2LabMode"": 102}",
OAFX1134,gj_early_mae_exit,SCA GBPJPYの建玉直後に急速な逆行が出た場合だけ成行決済,全期間で6時間未満の取引が大幅赤字であり、早期の最大逆行を浅い実損に固定する,発注は全件維持し、指定バー以内に逆行幅がATR閾値へ達した建玉だけEA内で決済,Oafx2EarlyBars=4; Oafx2EarlyMAEATR=0.3,2中規模のコード変更,UNTESTED,"{""Oafx2EarlyBars"": 4, ""Oafx2EarlyMAEATR"": 0.3, ""Oafx2LabMode"": 102}",
OAFX1135,gj_early_mae_exit,SCA GBPJPYの建玉直後に急速な逆行が出た場合だけ成行決済,全期間で6時間未満の取引が大幅赤字であり、早期の最大逆行を浅い実損に固定する,発注は全件維持し、指定バー以内に逆行幅がATR閾値へ達した建玉だけEA内で決済,Oafx2EarlyBars=4; Oafx2EarlyMAEATR=0.35,2中規模のコード変更,UNTESTED,"{""Oafx2EarlyBars"": 4, ""Oafx2EarlyMAEATR"": 0.35, ""Oafx2LabMode"": 102}",
OAFX1136,gj_early_mae_exit,SCA GBPJPYの建玉直後に急速な逆行が出た場合だけ成行決済,全期間で6時間未満の取引が大幅赤字であり、早期の最大逆行を浅い実損に固定する,発注は全件維持し、指定バー以内に逆行幅がATR閾値へ達した建玉だけEA内で決済,Oafx2EarlyBars=4; Oafx2EarlyMAEATR=0.4,2中規模のコード変更,UNTESTED,"{""Oafx2EarlyBars"": 4, ""Oafx2EarlyMAEATR"": 0.4, ""Oafx2LabMode"": 102}",
OAFX1137,gj_early_mae_exit,SCA GBPJPYの建玉直後に急速な逆行が出た場合だけ成行決済,全期間で6時間未満の取引が大幅赤字であり、早期の最大逆行を浅い実損に固定する,発注は全件維持し、指定バー以内に逆行幅がATR閾値へ達した建玉だけEA内で決済,Oafx2EarlyBars=4; Oafx2EarlyMAEATR=0.5,2中規模のコード変更,UNTESTED,"{""Oafx2EarlyBars"": 4, ""Oafx2EarlyMAEATR"": 0.5, ""Oafx2LabMode"": 102}",
OAFX1138,gj_early_mae_exit,SCA GBPJPYの建玉直後に急速な逆行が出た場合だけ成行決済,全期間で6時間未満の取引が大幅赤字であり、早期の最大逆行を浅い実損に固定する,発注は全件維持し、指定バー以内に逆行幅がATR閾値へ達した建玉だけEA内で決済,Oafx2EarlyBars=4; Oafx2EarlyMAEATR=0.6,2中規模のコード変更,UNTESTED,"{""Oafx2EarlyBars"": 4, ""Oafx2EarlyMAEATR"": 0.6, ""Oafx2LabMode"": 102}",
OAFX1139,gj_early_mae_exit,SCA GBPJPYの建玉直後に急速な逆行が出た場合だけ成行決済,全期間で6時間未満の取引が大幅赤字であり、早期の最大逆行を浅い実損に固定する,発注は全件維持し、指定バー以内に逆行幅がATR閾値へ達した建玉だけEA内で決済,Oafx2EarlyBars=4; Oafx2EarlyMAEATR=0.75,2中規模のコード変更,UNTESTED,"{""Oafx2EarlyBars"": 4, ""Oafx2EarlyMAEATR"": 0.75, ""Oafx2LabMode"": 102}",
OAFX1140,gj_early_mae_exit,SCA GBPJPYの建玉直後に急速な逆行が出た場合だけ成行決済,全期間で6時間未満の取引が大幅赤字であり、早期の最大逆行を浅い実損に固定する,発注は全件維持し、指定バー以内に逆行幅がATR閾値へ達した建玉だけEA内で決済,Oafx2EarlyBars=4; Oafx2EarlyMAEATR=0.9,2中規模のコード変更,UNTESTED,"{""Oafx2EarlyBars"": 4, ""Oafx2EarlyMAEATR"": 0.9, ""Oafx2LabMode"": 102}",
OAFX1141,gj_early_mae_exit,SCA GBPJPYの建玉直後に急速な逆行が出た場合だけ成行決済,全期間で6時間未満の取引が大幅赤字であり、早期の最大逆行を浅い実損に固定する,発注は全件維持し、指定バー以内に逆行幅がATR閾値へ達した建玉だけEA内で決済,Oafx2EarlyBars=5; Oafx2EarlyMAEATR=0.15,2中規模のコード変更,UNTESTED,"{""Oafx2EarlyBars"": 5, ""Oafx2EarlyMAEATR"": 0.15, ""Oafx2LabMode"": 102}",
OAFX1142,gj_early_mae_exit,SCA GBPJPYの建玉直後に急速な逆行が出た場合だけ成行決済,全期間で6時間未満の取引が大幅赤字であり、早期の最大逆行を浅い実損に固定する,発注は全件維持し、指定バー以内に逆行幅がATR閾値へ達した建玉だけEA内で決済,Oafx2EarlyBars=5; Oafx2EarlyMAEATR=0.2,2中規模のコード変更,UNTESTED,"{""Oafx2EarlyBars"": 5, ""Oafx2EarlyMAEATR"": 0.2, ""Oafx2LabMode"": 102}",
OAFX1143,gj_early_mae_exit,SCA GBPJPYの建玉直後に急速な逆行が出た場合だけ成行決済,全期間で6時間未満の取引が大幅赤字であり、早期の最大逆行を浅い実損に固定する,発注は全件維持し、指定バー以内に逆行幅がATR閾値へ達した建玉だけEA内で決済,Oafx2EarlyBars=5; Oafx2EarlyMAEATR=0.25,2中規模のコード変更,UNTESTED,"{""Oafx2EarlyBars"": 5, ""Oafx2EarlyMAEATR"": 0.25, ""Oafx2LabMode"": 102}",
OAFX1144,gj_early_mae_exit,SCA GBPJPYの建玉直後に急速な逆行が出た場合だけ成行決済,全期間で6時間未満の取引が大幅赤字であり、早期の最大逆行を浅い実損に固定する,発注は全件維持し、指定バー以内に逆行幅がATR閾値へ達した建玉だけEA内で決済,Oafx2EarlyBars=5; Oafx2EarlyMAEATR=0.3,2中規模のコード変更,UNTESTED,"{""Oafx2EarlyBars"": 5, ""Oafx2EarlyMAEATR"": 0.3, ""Oafx2LabMode"": 102}",
OAFX1145,gj_early_mae_exit,SCA GBPJPYの建玉直後に急速な逆行が出た場合だけ成行決済,全期間で6時間未満の取引が大幅赤字であり、早期の最大逆行を浅い実損に固定する,発注は全件維持し、指定バー以内に逆行幅がATR閾値へ達した建玉だけEA内で決済,Oafx2EarlyBars=5; Oafx2EarlyMAEATR=0.35,2中規模のコード変更,UNTESTED,"{""Oafx2EarlyBars"": 5, ""Oafx2EarlyMAEATR"": 0.35, ""Oafx2LabMode"": 102}",
OAFX1146,gj_early_mae_exit,SCA GBPJPYの建玉直後に急速な逆行が出た場合だけ成行決済,全期間で6時間未満の取引が大幅赤字であり、早期の最大逆行を浅い実損に固定する,発注は全件維持し、指定バー以内に逆行幅がATR閾値へ達した建玉だけEA内で決済,Oafx2EarlyBars=5; Oafx2EarlyMAEATR=0.4,2中規模のコード変更,UNTESTED,"{""Oafx2EarlyBars"": 5, ""Oafx2EarlyMAEATR"": 0.4, ""Oafx2LabMode"": 102}",
OAFX1147,gj_early_mae_exit,SCA GBPJPYの建玉直後に急速な逆行が出た場合だけ成行決済,全期間で6時間未満の取引が大幅赤字であり、早期の最大逆行を浅い実損に固定する,発注は全件維持し、指定バー以内に逆行幅がATR閾値へ達した建玉だけEA内で決済,Oafx2EarlyBars=5; Oafx2EarlyMAEATR=0.5,2中規模のコード変更,UNTESTED,"{""Oafx2EarlyBars"": 5, ""Oafx2EarlyMAEATR"": 0.5, ""Oafx2LabMode"": 102}",
OAFX1148,gj_early_mae_exit,SCA GBPJPYの建玉直後に急速な逆行が出た場合だけ成行決済,全期間で6時間未満の取引が大幅赤字であり、早期の最大逆行を浅い実損に固定する,発注は全件維持し、指定バー以内に逆行幅がATR閾値へ達した建玉だけEA内で決済,Oafx2EarlyBars=5; Oafx2EarlyMAEATR=0.6,2中規模のコード変更,UNTESTED,"{""Oafx2EarlyBars"": 5, ""Oafx2EarlyMAEATR"": 0.6, ""Oafx2LabMode"": 102}",
OAFX1149,gj_early_mae_exit,SCA GBPJPYの建玉直後に急速な逆行が出た場合だけ成行決済,全期間で6時間未満の取引が大幅赤字であり、早期の最大逆行を浅い実損に固定する,発注は全件維持し、指定バー以内に逆行幅がATR閾値へ達した建玉だけEA内で決済,Oafx2EarlyBars=5; Oafx2EarlyMAEATR=0.75,2中規模のコード変更,UNTESTED,"{""Oafx2EarlyBars"": 5, ""Oafx2EarlyMAEATR"": 0.75, ""Oafx2LabMode"": 102}",
OAFX1150,gj_early_mae_exit,SCA GBPJPYの建玉直後に急速な逆行が出た場合だけ成行決済,全期間で6時間未満の取引が大幅赤字であり、早期の最大逆行を浅い実損に固定する,発注は全件維持し、指定バー以内に逆行幅がATR閾値へ達した建玉だけEA内で決済,Oafx2EarlyBars=5; Oafx2EarlyMAEATR=0.9,2中規模のコード変更,UNTESTED,"{""Oafx2EarlyBars"": 5, ""Oafx2EarlyMAEATR"": 0.9, ""Oafx2LabMode"": 102}",
OAFX1151,gj_early_mae_exit,SCA GBPJPYの建玉直後に急速な逆行が出た場合だけ成行決済,全期間で6時間未満の取引が大幅赤字であり、早期の最大逆行を浅い実損に固定する,発注は全件維持し、指定バー以内に逆行幅がATR閾値へ達した建玉だけEA内で決済,Oafx2EarlyBars=6; Oafx2EarlyMAEATR=0.15,2中規模のコード変更,UNTESTED,"{""Oafx2EarlyBars"": 6, ""Oafx2EarlyMAEATR"": 0.15, ""Oafx2LabMode"": 102}",
OAFX1152,gj_early_mae_exit,SCA GBPJPYの建玉直後に急速な逆行が出た場合だけ成行決済,全期間で6時間未満の取引が大幅赤字であり、早期の最大逆行を浅い実損に固定する,発注は全件維持し、指定バー以内に逆行幅がATR閾値へ達した建玉だけEA内で決済,Oafx2EarlyBars=6; Oafx2EarlyMAEATR=0.2,2中規模のコード変更,UNTESTED,"{""Oafx2EarlyBars"": 6, ""Oafx2EarlyMAEATR"": 0.2, ""Oafx2LabMode"": 102}",
OAFX1153,gj_early_mae_exit,SCA GBPJPYの建玉直後に急速な逆行が出た場合だけ成行決済,全期間で6時間未満の取引が大幅赤字であり、早期の最大逆行を浅い実損に固定する,発注は全件維持し、指定バー以内に逆行幅がATR閾値へ達した建玉だけEA内で決済,Oafx2EarlyBars=6; Oafx2EarlyMAEATR=0.25,2中規模のコード変更,UNTESTED,"{""Oafx2EarlyBars"": 6, ""Oafx2EarlyMAEATR"": 0.25, ""Oafx2LabMode"": 102}",
OAFX1154,gj_early_mae_exit,SCA GBPJPYの建玉直後に急速な逆行が出た場合だけ成行決済,全期間で6時間未満の取引が大幅赤字であり、早期の最大逆行を浅い実損に固定する,発注は全件維持し、指定バー以内に逆行幅がATR閾値へ達した建玉だけEA内で決済,Oafx2EarlyBars=6; Oafx2EarlyMAEATR=0.3,2中規模のコード変更,UNTESTED,"{""Oafx2EarlyBars"": 6, ""Oafx2EarlyMAEATR"": 0.3, ""Oafx2LabMode"": 102}",
OAFX1155,gj_early_mae_exit,SCA GBPJPYの建玉直後に急速な逆行が出た場合だけ成行決済,全期間で6時間未満の取引が大幅赤字であり、早期の最大逆行を浅い実損に固定する,発注は全件維持し、指定バー以内に逆行幅がATR閾値へ達した建玉だけEA内で決済,Oafx2EarlyBars=6; Oafx2EarlyMAEATR=0.35,2中規模のコード変更,UNTESTED,"{""Oafx2EarlyBars"": 6, ""Oafx2EarlyMAEATR"": 0.35, ""Oafx2LabMode"": 102}",
OAFX1156,gj_early_mae_exit,SCA GBPJPYの建玉直後に急速な逆行が出た場合だけ成行決済,全期間で6時間未満の取引が大幅赤字であり、早期の最大逆行を浅い実損に固定する,発注は全件維持し、指定バー以内に逆行幅がATR閾値へ達した建玉だけEA内で決済,Oafx2EarlyBars=6; Oafx2EarlyMAEATR=0.4,2中規模のコード変更,UNTESTED,"{""Oafx2EarlyBars"": 6, ""Oafx2EarlyMAEATR"": 0.4, ""Oafx2LabMode"": 102}",
OAFX1157,gj_early_mae_exit,SCA GBPJPYの建玉直後に急速な逆行が出た場合だけ成行決済,全期間で6時間未満の取引が大幅赤字であり、早期の最大逆行を浅い実損に固定する,発注は全件維持し、指定バー以内に逆行幅がATR閾値へ達した建玉だけEA内で決済,Oafx2EarlyBars=6; Oafx2EarlyMAEATR=0.5,2中規模のコード変更,UNTESTED,"{""Oafx2EarlyBars"": 6, ""Oafx2EarlyMAEATR"": 0.5, ""Oafx2LabMode"": 102}",
OAFX1158,gj_early_mae_exit,SCA GBPJPYの建玉直後に急速な逆行が出た場合だけ成行決済,全期間で6時間未満の取引が大幅赤字であり、早期の最大逆行を浅い実損に固定する,発注は全件維持し、指定バー以内に逆行幅がATR閾値へ達した建玉だけEA内で決済,Oafx2EarlyBars=6; Oafx2EarlyMAEATR=0.6,2中規模のコード変更,UNTESTED,"{""Oafx2EarlyBars"": 6, ""Oafx2EarlyMAEATR"": 0.6, ""Oafx2LabMode"": 102}",
OAFX1159,gj_early_mae_exit,SCA GBPJPYの建玉直後に急速な逆行が出た場合だけ成行決済,全期間で6時間未満の取引が大幅赤字であり、早期の最大逆行を浅い実損に固定する,発注は全件維持し、指定バー以内に逆行幅がATR閾値へ達した建玉だけEA内で決済,Oafx2EarlyBars=6; Oafx2EarlyMAEATR=0.75,2中規模のコード変更,UNTESTED,"{""Oafx2EarlyBars"": 6, ""Oafx2EarlyMAEATR"": 0.75, ""Oafx2LabMode"": 102}",
OAFX1160,gj_early_mae_exit,SCA GBPJPYの建玉直後に急速な逆行が出た場合だけ成行決済,全期間で6時間未満の取引が大幅赤字であり、早期の最大逆行を浅い実損に固定する,発注は全件維持し、指定バー以内に逆行幅がATR閾値へ達した建玉だけEA内で決済,Oafx2EarlyBars=6; Oafx2EarlyMAEATR=0.9,2中規模のコード変更,UNTESTED,"{""Oafx2EarlyBars"": 6, ""Oafx2EarlyMAEATR"": 0.9, ""Oafx2LabMode"": 102}",
OAFX1161,gj_early_mae_exit,SCA GBPJPYの建玉直後に急速な逆行が出た場合だけ成行決済,全期間で6時間未満の取引が大幅赤字であり、早期の最大逆行を浅い実損に固定する,発注は全件維持し、指定バー以内に逆行幅がATR閾値へ達した建玉だけEA内で決済,Oafx2EarlyBars=7; Oafx2EarlyMAEATR=0.15,2中規模のコード変更,UNTESTED,"{""Oafx2EarlyBars"": 7, ""Oafx2EarlyMAEATR"": 0.15, ""Oafx2LabMode"": 102}",
OAFX1162,gj_early_mae_exit,SCA GBPJPYの建玉直後に急速な逆行が出た場合だけ成行決済,全期間で6時間未満の取引が大幅赤字であり、早期の最大逆行を浅い実損に固定する,発注は全件維持し、指定バー以内に逆行幅がATR閾値へ達した建玉だけEA内で決済,Oafx2EarlyBars=7; Oafx2EarlyMAEATR=0.2,2中規模のコード変更,UNTESTED,"{""Oafx2EarlyBars"": 7, ""Oafx2EarlyMAEATR"": 0.2, ""Oafx2LabMode"": 102}",
OAFX1163,gj_early_mae_exit,SCA GBPJPYの建玉直後に急速な逆行が出た場合だけ成行決済,全期間で6時間未満の取引が大幅赤字であり、早期の最大逆行を浅い実損に固定する,発注は全件維持し、指定バー以内に逆行幅がATR閾値へ達した建玉だけEA内で決済,Oafx2EarlyBars=7; Oafx2EarlyMAEATR=0.25,2中規模のコード変更,UNTESTED,"{""Oafx2EarlyBars"": 7, ""Oafx2EarlyMAEATR"": 0.25, ""Oafx2LabMode"": 102}",
OAFX1164,gj_early_mae_exit,SCA GBPJPYの建玉直後に急速な逆行が出た場合だけ成行決済,全期間で6時間未満の取引が大幅赤字であり、早期の最大逆行を浅い実損に固定する,発注は全件維持し、指定バー以内に逆行幅がATR閾値へ達した建玉だけEA内で決済,Oafx2EarlyBars=7; Oafx2EarlyMAEATR=0.3,2中規模のコード変更,UNTESTED,"{""Oafx2EarlyBars"": 7, ""Oafx2EarlyMAEATR"": 0.3, ""Oafx2LabMode"": 102}",
OAFX1165,gj_early_mae_exit,SCA GBPJPYの建玉直後に急速な逆行が出た場合だけ成行決済,全期間で6時間未満の取引が大幅赤字であり、早期の最大逆行を浅い実損に固定する,発注は全件維持し、指定バー以内に逆行幅がATR閾値へ達した建玉だけEA内で決済,Oafx2EarlyBars=7; Oafx2EarlyMAEATR=0.35,2中規模のコード変更,UNTESTED,"{""Oafx2EarlyBars"": 7, ""Oafx2EarlyMAEATR"": 0.35, ""Oafx2LabMode"": 102}",
OAFX1166,gj_early_mae_exit,SCA GBPJPYの建玉直後に急速な逆行が出た場合だけ成行決済,全期間で6時間未満の取引が大幅赤字であり、早期の最大逆行を浅い実損に固定する,発注は全件維持し、指定バー以内に逆行幅がATR閾値へ達した建玉だけEA内で決済,Oafx2EarlyBars=7; Oafx2EarlyMAEATR=0.4,2中規模のコード変更,UNTESTED,"{""Oafx2EarlyBars"": 7, ""Oafx2EarlyMAEATR"": 0.4, ""Oafx2LabMode"": 102}",
OAFX1167,gj_early_mae_exit,SCA GBPJPYの建玉直後に急速な逆行が出た場合だけ成行決済,全期間で6時間未満の取引が大幅赤字であり、早期の最大逆行を浅い実損に固定する,発注は全件維持し、指定バー以内に逆行幅がATR閾値へ達した建玉だけEA内で決済,Oafx2EarlyBars=7; Oafx2EarlyMAEATR=0.5,2中規模のコード変更,UNTESTED,"{""Oafx2EarlyBars"": 7, ""Oafx2EarlyMAEATR"": 0.5, ""Oafx2LabMode"": 102}",
OAFX1168,gj_early_mae_exit,SCA GBPJPYの建玉直後に急速な逆行が出た場合だけ成行決済,全期間で6時間未満の取引が大幅赤字であり、早期の最大逆行を浅い実損に固定する,発注は全件維持し、指定バー以内に逆行幅がATR閾値へ達した建玉だけEA内で決済,Oafx2EarlyBars=7; Oafx2EarlyMAEATR=0.6,2中規模のコード変更,UNTESTED,"{""Oafx2EarlyBars"": 7, ""Oafx2EarlyMAEATR"": 0.6, ""Oafx2LabMode"": 102}",
OAFX1169,gj_early_mae_exit,SCA GBPJPYの建玉直後に急速な逆行が出た場合だけ成行決済,全期間で6時間未満の取引が大幅赤字であり、早期の最大逆行を浅い実損に固定する,発注は全件維持し、指定バー以内に逆行幅がATR閾値へ達した建玉だけEA内で決済,Oafx2EarlyBars=7; Oafx2EarlyMAEATR=0.75,2中規模のコード変更,UNTESTED,"{""Oafx2EarlyBars"": 7, ""Oafx2EarlyMAEATR"": 0.75, ""Oafx2LabMode"": 102}",
OAFX1170,gj_early_mae_exit,SCA GBPJPYの建玉直後に急速な逆行が出た場合だけ成行決済,全期間で6時間未満の取引が大幅赤字であり、早期の最大逆行を浅い実損に固定する,発注は全件維持し、指定バー以内に逆行幅がATR閾値へ達した建玉だけEA内で決済,Oafx2EarlyBars=7; Oafx2EarlyMAEATR=0.9,2中規模のコード変更,UNTESTED,"{""Oafx2EarlyBars"": 7, ""Oafx2EarlyMAEATR"": 0.9, ""Oafx2LabMode"": 102}",
OAFX1171,gj_early_mae_exit,SCA GBPJPYの建玉直後に急速な逆行が出た場合だけ成行決済,全期間で6時間未満の取引が大幅赤字であり、早期の最大逆行を浅い実損に固定する,発注は全件維持し、指定バー以内に逆行幅がATR閾値へ達した建玉だけEA内で決済,Oafx2EarlyBars=8; Oafx2EarlyMAEATR=0.15,2中規模のコード変更,UNTESTED,"{""Oafx2EarlyBars"": 8, ""Oafx2EarlyMAEATR"": 0.15, ""Oafx2LabMode"": 102}",
OAFX1172,gj_early_mae_exit,SCA GBPJPYの建玉直後に急速な逆行が出た場合だけ成行決済,全期間で6時間未満の取引が大幅赤字であり、早期の最大逆行を浅い実損に固定する,発注は全件維持し、指定バー以内に逆行幅がATR閾値へ達した建玉だけEA内で決済,Oafx2EarlyBars=8; Oafx2EarlyMAEATR=0.2,2中規模のコード変更,UNTESTED,"{""Oafx2EarlyBars"": 8, ""Oafx2EarlyMAEATR"": 0.2, ""Oafx2LabMode"": 102}",
OAFX1173,gj_early_mae_exit,SCA GBPJPYの建玉直後に急速な逆行が出た場合だけ成行決済,全期間で6時間未満の取引が大幅赤字であり、早期の最大逆行を浅い実損に固定する,発注は全件維持し、指定バー以内に逆行幅がATR閾値へ達した建玉だけEA内で決済,Oafx2EarlyBars=8; Oafx2EarlyMAEATR=0.25,2中規模のコード変更,UNTESTED,"{""Oafx2EarlyBars"": 8, ""Oafx2EarlyMAEATR"": 0.25, ""Oafx2LabMode"": 102}",
OAFX1174,gj_early_mae_exit,SCA GBPJPYの建玉直後に急速な逆行が出た場合だけ成行決済,全期間で6時間未満の取引が大幅赤字であり、早期の最大逆行を浅い実損に固定する,発注は全件維持し、指定バー以内に逆行幅がATR閾値へ達した建玉だけEA内で決済,Oafx2EarlyBars=8; Oafx2EarlyMAEATR=0.3,2中規模のコード変更,UNTESTED,"{""Oafx2EarlyBars"": 8, ""Oafx2EarlyMAEATR"": 0.3, ""Oafx2LabMode"": 102}",
OAFX1175,gj_early_mae_exit,SCA GBPJPYの建玉直後に急速な逆行が出た場合だけ成行決済,全期間で6時間未満の取引が大幅赤字であり、早期の最大逆行を浅い実損に固定する,発注は全件維持し、指定バー以内に逆行幅がATR閾値へ達した建玉だけEA内で決済,Oafx2EarlyBars=8; Oafx2EarlyMAEATR=0.35,2中規模のコード変更,UNTESTED,"{""Oafx2EarlyBars"": 8, ""Oafx2EarlyMAEATR"": 0.35, ""Oafx2LabMode"": 102}",
OAFX1176,gj_early_mae_exit,SCA GBPJPYの建玉直後に急速な逆行が出た場合だけ成行決済,全期間で6時間未満の取引が大幅赤字であり、早期の最大逆行を浅い実損に固定する,発注は全件維持し、指定バー以内に逆行幅がATR閾値へ達した建玉だけEA内で決済,Oafx2EarlyBars=8; Oafx2EarlyMAEATR=0.4,2中規模のコード変更,UNTESTED,"{""Oafx2EarlyBars"": 8, ""Oafx2EarlyMAEATR"": 0.4, ""Oafx2LabMode"": 102}",
OAFX1177,gj_early_mae_exit,SCA GBPJPYの建玉直後に急速な逆行が出た場合だけ成行決済,全期間で6時間未満の取引が大幅赤字であり、早期の最大逆行を浅い実損に固定する,発注は全件維持し、指定バー以内に逆行幅がATR閾値へ達した建玉だけEA内で決済,Oafx2EarlyBars=8; Oafx2EarlyMAEATR=0.5,2中規模のコード変更,UNTESTED,"{""Oafx2EarlyBars"": 8, ""Oafx2EarlyMAEATR"": 0.5, ""Oafx2LabMode"": 102}",
OAFX1178,gj_early_mae_exit,SCA GBPJPYの建玉直後に急速な逆行が出た場合だけ成行決済,全期間で6時間未満の取引が大幅赤字であり、早期の最大逆行を浅い実損に固定する,発注は全件維持し、指定バー以内に逆行幅がATR閾値へ達した建玉だけEA内で決済,Oafx2EarlyBars=8; Oafx2EarlyMAEATR=0.6,2中規模のコード変更,UNTESTED,"{""Oafx2EarlyBars"": 8, ""Oafx2EarlyMAEATR"": 0.6, ""Oafx2LabMode"": 102}",
OAFX1179,gj_early_mae_exit,SCA GBPJPYの建玉直後に急速な逆行が出た場合だけ成行決済,全期間で6時間未満の取引が大幅赤字であり、早期の最大逆行を浅い実損に固定する,発注は全件維持し、指定バー以内に逆行幅がATR閾値へ達した建玉だけEA内で決済,Oafx2EarlyBars=8; Oafx2EarlyMAEATR=0.75,2中規模のコード変更,UNTESTED,"{""Oafx2EarlyBars"": 8, ""Oafx2EarlyMAEATR"": 0.75, ""Oafx2LabMode"": 102}",
OAFX1180,gj_early_mae_exit,SCA GBPJPYの建玉直後に急速な逆行が出た場合だけ成行決済,全期間で6時間未満の取引が大幅赤字であり、早期の最大逆行を浅い実損に固定する,発注は全件維持し、指定バー以内に逆行幅がATR閾値へ達した建玉だけEA内で決済,Oafx2EarlyBars=8; Oafx2EarlyMAEATR=0.9,2中規模のコード変更,UNTESTED,"{""Oafx2EarlyBars"": 8, ""Oafx2EarlyMAEATR"": 0.9, ""Oafx2LabMode"": 102}",
OAFX1181,gj_early_mae_exit,SCA GBPJPYの建玉直後に急速な逆行が出た場合だけ成行決済,全期間で6時間未満の取引が大幅赤字であり、早期の最大逆行を浅い実損に固定する,発注は全件維持し、指定バー以内に逆行幅がATR閾値へ達した建玉だけEA内で決済,Oafx2EarlyBars=9; Oafx2EarlyMAEATR=0.15,2中規模のコード変更,UNTESTED,"{""Oafx2EarlyBars"": 9, ""Oafx2EarlyMAEATR"": 0.15, ""Oafx2LabMode"": 102}",
OAFX1182,gj_early_mae_exit,SCA GBPJPYの建玉直後に急速な逆行が出た場合だけ成行決済,全期間で6時間未満の取引が大幅赤字であり、早期の最大逆行を浅い実損に固定する,発注は全件維持し、指定バー以内に逆行幅がATR閾値へ達した建玉だけEA内で決済,Oafx2EarlyBars=9; Oafx2EarlyMAEATR=0.2,2中規模のコード変更,UNTESTED,"{""Oafx2EarlyBars"": 9, ""Oafx2EarlyMAEATR"": 0.2, ""Oafx2LabMode"": 102}",
OAFX1183,gj_early_mae_exit,SCA GBPJPYの建玉直後に急速な逆行が出た場合だけ成行決済,全期間で6時間未満の取引が大幅赤字であり、早期の最大逆行を浅い実損に固定する,発注は全件維持し、指定バー以内に逆行幅がATR閾値へ達した建玉だけEA内で決済,Oafx2EarlyBars=9; Oafx2EarlyMAEATR=0.25,2中規模のコード変更,UNTESTED,"{""Oafx2EarlyBars"": 9, ""Oafx2EarlyMAEATR"": 0.25, ""Oafx2LabMode"": 102}",
OAFX1184,gj_early_mae_exit,SCA GBPJPYの建玉直後に急速な逆行が出た場合だけ成行決済,全期間で6時間未満の取引が大幅赤字であり、早期の最大逆行を浅い実損に固定する,発注は全件維持し、指定バー以内に逆行幅がATR閾値へ達した建玉だけEA内で決済,Oafx2EarlyBars=9; Oafx2EarlyMAEATR=0.3,2中規模のコード変更,UNTESTED,"{""Oafx2EarlyBars"": 9, ""Oafx2EarlyMAEATR"": 0.3, ""Oafx2LabMode"": 102}",
OAFX1185,gj_early_mae_exit,SCA GBPJPYの建玉直後に急速な逆行が出た場合だけ成行決済,全期間で6時間未満の取引が大幅赤字であり、早期の最大逆行を浅い実損に固定する,発注は全件維持し、指定バー以内に逆行幅がATR閾値へ達した建玉だけEA内で決済,Oafx2EarlyBars=9; Oafx2EarlyMAEATR=0.35,2中規模のコード変更,UNTESTED,"{""Oafx2EarlyBars"": 9, ""Oafx2EarlyMAEATR"": 0.35, ""Oafx2LabMode"": 102}",
OAFX1186,gj_early_mae_exit,SCA GBPJPYの建玉直後に急速な逆行が出た場合だけ成行決済,全期間で6時間未満の取引が大幅赤字であり、早期の最大逆行を浅い実損に固定する,発注は全件維持し、指定バー以内に逆行幅がATR閾値へ達した建玉だけEA内で決済,Oafx2EarlyBars=9; Oafx2EarlyMAEATR=0.4,2中規模のコード変更,UNTESTED,"{""Oafx2EarlyBars"": 9, ""Oafx2EarlyMAEATR"": 0.4, ""Oafx2LabMode"": 102}",
OAFX1187,gj_early_mae_exit,SCA GBPJPYの建玉直後に急速な逆行が出た場合だけ成行決済,全期間で6時間未満の取引が大幅赤字であり、早期の最大逆行を浅い実損に固定する,発注は全件維持し、指定バー以内に逆行幅がATR閾値へ達した建玉だけEA内で決済,Oafx2EarlyBars=9; Oafx2EarlyMAEATR=0.5,2中規模のコード変更,UNTESTED,"{""Oafx2EarlyBars"": 9, ""Oafx2EarlyMAEATR"": 0.5, ""Oafx2LabMode"": 102}",
OAFX1188,gj_early_mae_exit,SCA GBPJPYの建玉直後に急速な逆行が出た場合だけ成行決済,全期間で6時間未満の取引が大幅赤字であり、早期の最大逆行を浅い実損に固定する,発注は全件維持し、指定バー以内に逆行幅がATR閾値へ達した建玉だけEA内で決済,Oafx2EarlyBars=9; Oafx2EarlyMAEATR=0.6,2中規模のコード変更,UNTESTED,"{""Oafx2EarlyBars"": 9, ""Oafx2EarlyMAEATR"": 0.6, ""Oafx2LabMode"": 102}",
OAFX1189,gj_early_mae_exit,SCA GBPJPYの建玉直後に急速な逆行が出た場合だけ成行決済,全期間で6時間未満の取引が大幅赤字であり、早期の最大逆行を浅い実損に固定する,発注は全件維持し、指定バー以内に逆行幅がATR閾値へ達した建玉だけEA内で決済,Oafx2EarlyBars=9; Oafx2EarlyMAEATR=0.75,2中規模のコード変更,UNTESTED,"{""Oafx2EarlyBars"": 9, ""Oafx2EarlyMAEATR"": 0.75, ""Oafx2LabMode"": 102}",
OAFX1190,gj_early_mae_exit,SCA GBPJPYの建玉直後に急速な逆行が出た場合だけ成行決済,全期間で6時間未満の取引が大幅赤字であり、早期の最大逆行を浅い実損に固定する,発注は全件維持し、指定バー以内に逆行幅がATR閾値へ達した建玉だけEA内で決済,Oafx2EarlyBars=9; Oafx2EarlyMAEATR=0.9,2中規模のコード変更,UNTESTED,"{""Oafx2EarlyBars"": 9, ""Oafx2EarlyMAEATR"": 0.9, ""Oafx2LabMode"": 102}",
OAFX1191,gj_early_mae_exit,SCA GBPJPYの建玉直後に急速な逆行が出た場合だけ成行決済,全期間で6時間未満の取引が大幅赤字であり、早期の最大逆行を浅い実損に固定する,発注は全件維持し、指定バー以内に逆行幅がATR閾値へ達した建玉だけEA内で決済,Oafx2EarlyBars=10; Oafx2EarlyMAEATR=0.15,2中規模のコード変更,UNTESTED,"{""Oafx2EarlyBars"": 10, ""Oafx2EarlyMAEATR"": 0.15, ""Oafx2LabMode"": 102}",
OAFX1192,gj_early_mae_exit,SCA GBPJPYの建玉直後に急速な逆行が出た場合だけ成行決済,全期間で6時間未満の取引が大幅赤字であり、早期の最大逆行を浅い実損に固定する,発注は全件維持し、指定バー以内に逆行幅がATR閾値へ達した建玉だけEA内で決済,Oafx2EarlyBars=10; Oafx2EarlyMAEATR=0.2,2中規模のコード変更,UNTESTED,"{""Oafx2EarlyBars"": 10, ""Oafx2EarlyMAEATR"": 0.2, ""Oafx2LabMode"": 102}",
OAFX1193,gj_early_mae_exit,SCA GBPJPYの建玉直後に急速な逆行が出た場合だけ成行決済,全期間で6時間未満の取引が大幅赤字であり、早期の最大逆行を浅い実損に固定する,発注は全件維持し、指定バー以内に逆行幅がATR閾値へ達した建玉だけEA内で決済,Oafx2EarlyBars=10; Oafx2EarlyMAEATR=0.25,2中規模のコード変更,UNTESTED,"{""Oafx2EarlyBars"": 10, ""Oafx2EarlyMAEATR"": 0.25, ""Oafx2LabMode"": 102}",
OAFX1194,gj_early_mae_exit,SCA GBPJPYの建玉直後に急速な逆行が出た場合だけ成行決済,全期間で6時間未満の取引が大幅赤字であり、早期の最大逆行を浅い実損に固定する,発注は全件維持し、指定バー以内に逆行幅がATR閾値へ達した建玉だけEA内で決済,Oafx2EarlyBars=10; Oafx2EarlyMAEATR=0.3,2中規模のコード変更,UNTESTED,"{""Oafx2EarlyBars"": 10, ""Oafx2EarlyMAEATR"": 0.3, ""Oafx2LabMode"": 102}",
OAFX1195,gj_early_mae_exit,SCA GBPJPYの建玉直後に急速な逆行が出た場合だけ成行決済,全期間で6時間未満の取引が大幅赤字であり、早期の最大逆行を浅い実損に固定する,発注は全件維持し、指定バー以内に逆行幅がATR閾値へ達した建玉だけEA内で決済,Oafx2EarlyBars=10; Oafx2EarlyMAEATR=0.35,2中規模のコード変更,UNTESTED,"{""Oafx2EarlyBars"": 10, ""Oafx2EarlyMAEATR"": 0.35, ""Oafx2LabMode"": 102}",
OAFX1196,gj_early_mae_exit,SCA GBPJPYの建玉直後に急速な逆行が出た場合だけ成行決済,全期間で6時間未満の取引が大幅赤字であり、早期の最大逆行を浅い実損に固定する,発注は全件維持し、指定バー以内に逆行幅がATR閾値へ達した建玉だけEA内で決済,Oafx2EarlyBars=10; Oafx2EarlyMAEATR=0.4,2中規模のコード変更,UNTESTED,"{""Oafx2EarlyBars"": 10, ""Oafx2EarlyMAEATR"": 0.4, ""Oafx2LabMode"": 102}",
OAFX1197,gj_early_mae_exit,SCA GBPJPYの建玉直後に急速な逆行が出た場合だけ成行決済,全期間で6時間未満の取引が大幅赤字であり、早期の最大逆行を浅い実損に固定する,発注は全件維持し、指定バー以内に逆行幅がATR閾値へ達した建玉だけEA内で決済,Oafx2EarlyBars=10; Oafx2EarlyMAEATR=0.5,2中規模のコード変更,UNTESTED,"{""Oafx2EarlyBars"": 10, ""Oafx2EarlyMAEATR"": 0.5, ""Oafx2LabMode"": 102}",
OAFX1198,gj_early_mae_exit,SCA GBPJPYの建玉直後に急速な逆行が出た場合だけ成行決済,全期間で6時間未満の取引が大幅赤字であり、早期の最大逆行を浅い実損に固定する,発注は全件維持し、指定バー以内に逆行幅がATR閾値へ達した建玉だけEA内で決済,Oafx2EarlyBars=10; Oafx2EarlyMAEATR=0.6,2中規模のコード変更,UNTESTED,"{""Oafx2EarlyBars"": 10, ""Oafx2EarlyMAEATR"": 0.6, ""Oafx2LabMode"": 102}",
OAFX1199,gj_early_mae_exit,SCA GBPJPYの建玉直後に急速な逆行が出た場合だけ成行決済,全期間で6時間未満の取引が大幅赤字であり、早期の最大逆行を浅い実損に固定する,発注は全件維持し、指定バー以内に逆行幅がATR閾値へ達した建玉だけEA内で決済,Oafx2EarlyBars=10; Oafx2EarlyMAEATR=0.75,2中規模のコード変更,UNTESTED,"{""Oafx2EarlyBars"": 10, ""Oafx2EarlyMAEATR"": 0.75, ""Oafx2LabMode"": 102}",
OAFX1200,gj_early_mae_exit,SCA GBPJPYの建玉直後に急速な逆行が出た場合だけ成行決済,全期間で6時間未満の取引が大幅赤字であり、早期の最大逆行を浅い実損に固定する,発注は全件維持し、指定バー以内に逆行幅がATR閾値へ達した建玉だけEA内で決済,Oafx2EarlyBars=10; Oafx2EarlyMAEATR=0.9,2中規模のコード変更,UNTESTED,"{""Oafx2EarlyBars"": 10, ""Oafx2EarlyMAEATR"": 0.9, ""Oafx2LabMode"": 102}",
OAFX1201,gj_loss_persistence_exit,SCA GBPJPYで指定時間後も初期リスク比の含み損が残る建玉だけを決済,一時的な揺らぎは許容し、回復しない損失だけを時間とR倍率の二軸で浅く終える,全エントリー後、経過M15バー数と現在損失Rを毎tick評価して条件一致時のみ決済,Oafx2LossAgeBars=2; Oafx2LossAtR=0.05,2中規模のコード変更,UNTESTED,"{""Oafx2LabMode"": 103, ""Oafx2LossAgeBars"": 2, ""Oafx2LossAtR"": 0.05}",
OAFX1202,gj_loss_persistence_exit,SCA GBPJPYで指定時間後も初期リスク比の含み損が残る建玉だけを決済,一時的な揺らぎは許容し、回復しない損失だけを時間とR倍率の二軸で浅く終える,全エントリー後、経過M15バー数と現在損失Rを毎tick評価して条件一致時のみ決済,Oafx2LossAgeBars=2; Oafx2LossAtR=0.1,2中規模のコード変更,UNTESTED,"{""Oafx2LabMode"": 103, ""Oafx2LossAgeBars"": 2, ""Oafx2LossAtR"": 0.1}",
OAFX1203,gj_loss_persistence_exit,SCA GBPJPYで指定時間後も初期リスク比の含み損が残る建玉だけを決済,一時的な揺らぎは許容し、回復しない損失だけを時間とR倍率の二軸で浅く終える,全エントリー後、経過M15バー数と現在損失Rを毎tick評価して条件一致時のみ決済,Oafx2LossAgeBars=2; Oafx2LossAtR=0.15,2中規模のコード変更,UNTESTED,"{""Oafx2LabMode"": 103, ""Oafx2LossAgeBars"": 2, ""Oafx2LossAtR"": 0.15}",
OAFX1204,gj_loss_persistence_exit,SCA GBPJPYで指定時間後も初期リスク比の含み損が残る建玉だけを決済,一時的な揺らぎは許容し、回復しない損失だけを時間とR倍率の二軸で浅く終える,全エントリー後、経過M15バー数と現在損失Rを毎tick評価して条件一致時のみ決済,Oafx2LossAgeBars=2; Oafx2LossAtR=0.2,2中規模のコード変更,UNTESTED,"{""Oafx2LabMode"": 103, ""Oafx2LossAgeBars"": 2, ""Oafx2LossAtR"": 0.2}",
OAFX1205,gj_loss_persistence_exit,SCA GBPJPYで指定時間後も初期リスク比の含み損が残る建玉だけを決済,一時的な揺らぎは許容し、回復しない損失だけを時間とR倍率の二軸で浅く終える,全エントリー後、経過M15バー数と現在損失Rを毎tick評価して条件一致時のみ決済,Oafx2LossAgeBars=2; Oafx2LossAtR=0.25,2中規模のコード変更,UNTESTED,"{""Oafx2LabMode"": 103, ""Oafx2LossAgeBars"": 2, ""Oafx2LossAtR"": 0.25}",
OAFX1206,gj_loss_persistence_exit,SCA GBPJPYで指定時間後も初期リスク比の含み損が残る建玉だけを決済,一時的な揺らぎは許容し、回復しない損失だけを時間とR倍率の二軸で浅く終える,全エントリー後、経過M15バー数と現在損失Rを毎tick評価して条件一致時のみ決済,Oafx2LossAgeBars=2; Oafx2LossAtR=0.3,2中規模のコード変更,UNTESTED,"{""Oafx2LabMode"": 103, ""Oafx2LossAgeBars"": 2, ""Oafx2LossAtR"": 0.3}",
OAFX1207,gj_loss_persistence_exit,SCA GBPJPYで指定時間後も初期リスク比の含み損が残る建玉だけを決済,一時的な揺らぎは許容し、回復しない損失だけを時間とR倍率の二軸で浅く終える,全エントリー後、経過M15バー数と現在損失Rを毎tick評価して条件一致時のみ決済,Oafx2LossAgeBars=2; Oafx2LossAtR=0.4,2中規模のコード変更,UNTESTED,"{""Oafx2LabMode"": 103, ""Oafx2LossAgeBars"": 2, ""Oafx2LossAtR"": 0.4}",
OAFX1208,gj_loss_persistence_exit,SCA GBPJPYで指定時間後も初期リスク比の含み損が残る建玉だけを決済,一時的な揺らぎは許容し、回復しない損失だけを時間とR倍率の二軸で浅く終える,全エントリー後、経過M15バー数と現在損失Rを毎tick評価して条件一致時のみ決済,Oafx2LossAgeBars=2; Oafx2LossAtR=0.5,2中規模のコード変更,UNTESTED,"{""Oafx2LabMode"": 103, ""Oafx2LossAgeBars"": 2, ""Oafx2LossAtR"": 0.5}",
OAFX1209,gj_loss_persistence_exit,SCA GBPJPYで指定時間後も初期リスク比の含み損が残る建玉だけを決済,一時的な揺らぎは許容し、回復しない損失だけを時間とR倍率の二軸で浅く終える,全エントリー後、経過M15バー数と現在損失Rを毎tick評価して条件一致時のみ決済,Oafx2LossAgeBars=2; Oafx2LossAtR=0.65,2中規模のコード変更,UNTESTED,"{""Oafx2LabMode"": 103, ""Oafx2LossAgeBars"": 2, ""Oafx2LossAtR"": 0.65}",
OAFX1210,gj_loss_persistence_exit,SCA GBPJPYで指定時間後も初期リスク比の含み損が残る建玉だけを決済,一時的な揺らぎは許容し、回復しない損失だけを時間とR倍率の二軸で浅く終える,全エントリー後、経過M15バー数と現在損失Rを毎tick評価して条件一致時のみ決済,Oafx2LossAgeBars=2; Oafx2LossAtR=0.8,2中規模のコード変更,UNTESTED,"{""Oafx2LabMode"": 103, ""Oafx2LossAgeBars"": 2, ""Oafx2LossAtR"": 0.8}",
OAFX1211,gj_loss_persistence_exit,SCA GBPJPYで指定時間後も初期リスク比の含み損が残る建玉だけを決済,一時的な揺らぎは許容し、回復しない損失だけを時間とR倍率の二軸で浅く終える,全エントリー後、経過M15バー数と現在損失Rを毎tick評価して条件一致時のみ決済,Oafx2LossAgeBars=4; Oafx2LossAtR=0.05,2中規模のコード変更,UNTESTED,"{""Oafx2LabMode"": 103, ""Oafx2LossAgeBars"": 4, ""Oafx2LossAtR"": 0.05}",
OAFX1212,gj_loss_persistence_exit,SCA GBPJPYで指定時間後も初期リスク比の含み損が残る建玉だけを決済,一時的な揺らぎは許容し、回復しない損失だけを時間とR倍率の二軸で浅く終える,全エントリー後、経過M15バー数と現在損失Rを毎tick評価して条件一致時のみ決済,Oafx2LossAgeBars=4; Oafx2LossAtR=0.1,2中規模のコード変更,UNTESTED,"{""Oafx2LabMode"": 103, ""Oafx2LossAgeBars"": 4, ""Oafx2LossAtR"": 0.1}",
OAFX1213,gj_loss_persistence_exit,SCA GBPJPYで指定時間後も初期リスク比の含み損が残る建玉だけを決済,一時的な揺らぎは許容し、回復しない損失だけを時間とR倍率の二軸で浅く終える,全エントリー後、経過M15バー数と現在損失Rを毎tick評価して条件一致時のみ決済,Oafx2LossAgeBars=4; Oafx2LossAtR=0.15,2中規模のコード変更,UNTESTED,"{""Oafx2LabMode"": 103, ""Oafx2LossAgeBars"": 4, ""Oafx2LossAtR"": 0.15}",
OAFX1214,gj_loss_persistence_exit,SCA GBPJPYで指定時間後も初期リスク比の含み損が残る建玉だけを決済,一時的な揺らぎは許容し、回復しない損失だけを時間とR倍率の二軸で浅く終える,全エントリー後、経過M15バー数と現在損失Rを毎tick評価して条件一致時のみ決済,Oafx2LossAgeBars=4; Oafx2LossAtR=0.2,2中規模のコード変更,UNTESTED,"{""Oafx2LabMode"": 103, ""Oafx2LossAgeBars"": 4, ""Oafx2LossAtR"": 0.2}",
OAFX1215,gj_loss_persistence_exit,SCA GBPJPYで指定時間後も初期リスク比の含み損が残る建玉だけを決済,一時的な揺らぎは許容し、回復しない損失だけを時間とR倍率の二軸で浅く終える,全エントリー後、経過M15バー数と現在損失Rを毎tick評価して条件一致時のみ決済,Oafx2LossAgeBars=4; Oafx2LossAtR=0.25,2中規模のコード変更,UNTESTED,"{""Oafx2LabMode"": 103, ""Oafx2LossAgeBars"": 4, ""Oafx2LossAtR"": 0.25}",
OAFX1216,gj_loss_persistence_exit,SCA GBPJPYで指定時間後も初期リスク比の含み損が残る建玉だけを決済,一時的な揺らぎは許容し、回復しない損失だけを時間とR倍率の二軸で浅く終える,全エントリー後、経過M15バー数と現在損失Rを毎tick評価して条件一致時のみ決済,Oafx2LossAgeBars=4; Oafx2LossAtR=0.3,2中規模のコード変更,UNTESTED,"{""Oafx2LabMode"": 103, ""Oafx2LossAgeBars"": 4, ""Oafx2LossAtR"": 0.3}",
OAFX1217,gj_loss_persistence_exit,SCA GBPJPYで指定時間後も初期リスク比の含み損が残る建玉だけを決済,一時的な揺らぎは許容し、回復しない損失だけを時間とR倍率の二軸で浅く終える,全エントリー後、経過M15バー数と現在損失Rを毎tick評価して条件一致時のみ決済,Oafx2LossAgeBars=4; Oafx2LossAtR=0.4,2中規模のコード変更,UNTESTED,"{""Oafx2LabMode"": 103, ""Oafx2LossAgeBars"": 4, ""Oafx2LossAtR"": 0.4}",
OAFX1218,gj_loss_persistence_exit,SCA GBPJPYで指定時間後も初期リスク比の含み損が残る建玉だけを決済,一時的な揺らぎは許容し、回復しない損失だけを時間とR倍率の二軸で浅く終える,全エントリー後、経過M15バー数と現在損失Rを毎tick評価して条件一致時のみ決済,Oafx2LossAgeBars=4; Oafx2LossAtR=0.5,2中規模のコード変更,UNTESTED,"{""Oafx2LabMode"": 103, ""Oafx2LossAgeBars"": 4, ""Oafx2LossAtR"": 0.5}",
OAFX1219,gj_loss_persistence_exit,SCA GBPJPYで指定時間後も初期リスク比の含み損が残る建玉だけを決済,一時的な揺らぎは許容し、回復しない損失だけを時間とR倍率の二軸で浅く終える,全エントリー後、経過M15バー数と現在損失Rを毎tick評価して条件一致時のみ決済,Oafx2LossAgeBars=4; Oafx2LossAtR=0.65,2中規模のコード変更,UNTESTED,"{""Oafx2LabMode"": 103, ""Oafx2LossAgeBars"": 4, ""Oafx2LossAtR"": 0.65}",
OAFX1220,gj_loss_persistence_exit,SCA GBPJPYで指定時間後も初期リスク比の含み損が残る建玉だけを決済,一時的な揺らぎは許容し、回復しない損失だけを時間とR倍率の二軸で浅く終える,全エントリー後、経過M15バー数と現在損失Rを毎tick評価して条件一致時のみ決済,Oafx2LossAgeBars=4; Oafx2LossAtR=0.8,2中規模のコード変更,UNTESTED,"{""Oafx2LabMode"": 103, ""Oafx2LossAgeBars"": 4, ""Oafx2LossAtR"": 0.8}",
OAFX1221,gj_loss_persistence_exit,SCA GBPJPYで指定時間後も初期リスク比の含み損が残る建玉だけを決済,一時的な揺らぎは許容し、回復しない損失だけを時間とR倍率の二軸で浅く終える,全エントリー後、経過M15バー数と現在損失Rを毎tick評価して条件一致時のみ決済,Oafx2LossAgeBars=6; Oafx2LossAtR=0.05,2中規模のコード変更,UNTESTED,"{""Oafx2LabMode"": 103, ""Oafx2LossAgeBars"": 6, ""Oafx2LossAtR"": 0.05}",
OAFX1222,gj_loss_persistence_exit,SCA GBPJPYで指定時間後も初期リスク比の含み損が残る建玉だけを決済,一時的な揺らぎは許容し、回復しない損失だけを時間とR倍率の二軸で浅く終える,全エントリー後、経過M15バー数と現在損失Rを毎tick評価して条件一致時のみ決済,Oafx2LossAgeBars=6; Oafx2LossAtR=0.1,2中規模のコード変更,UNTESTED,"{""Oafx2LabMode"": 103, ""Oafx2LossAgeBars"": 6, ""Oafx2LossAtR"": 0.1}",
OAFX1223,gj_loss_persistence_exit,SCA GBPJPYで指定時間後も初期リスク比の含み損が残る建玉だけを決済,一時的な揺らぎは許容し、回復しない損失だけを時間とR倍率の二軸で浅く終える,全エントリー後、経過M15バー数と現在損失Rを毎tick評価して条件一致時のみ決済,Oafx2LossAgeBars=6; Oafx2LossAtR=0.15,2中規模のコード変更,UNTESTED,"{""Oafx2LabMode"": 103, ""Oafx2LossAgeBars"": 6, ""Oafx2LossAtR"": 0.15}",
OAFX1224,gj_loss_persistence_exit,SCA GBPJPYで指定時間後も初期リスク比の含み損が残る建玉だけを決済,一時的な揺らぎは許容し、回復しない損失だけを時間とR倍率の二軸で浅く終える,全エントリー後、経過M15バー数と現在損失Rを毎tick評価して条件一致時のみ決済,Oafx2LossAgeBars=6; Oafx2LossAtR=0.2,2中規模のコード変更,UNTESTED,"{""Oafx2LabMode"": 103, ""Oafx2LossAgeBars"": 6, ""Oafx2LossAtR"": 0.2}",
OAFX1225,gj_loss_persistence_exit,SCA GBPJPYで指定時間後も初期リスク比の含み損が残る建玉だけを決済,一時的な揺らぎは許容し、回復しない損失だけを時間とR倍率の二軸で浅く終える,全エントリー後、経過M15バー数と現在損失Rを毎tick評価して条件一致時のみ決済,Oafx2LossAgeBars=6; Oafx2LossAtR=0.25,2中規模のコード変更,UNTESTED,"{""Oafx2LabMode"": 103, ""Oafx2LossAgeBars"": 6, ""Oafx2LossAtR"": 0.25}",
OAFX1226,gj_loss_persistence_exit,SCA GBPJPYで指定時間後も初期リスク比の含み損が残る建玉だけを決済,一時的な揺らぎは許容し、回復しない損失だけを時間とR倍率の二軸で浅く終える,全エントリー後、経過M15バー数と現在損失Rを毎tick評価して条件一致時のみ決済,Oafx2LossAgeBars=6; Oafx2LossAtR=0.3,2中規模のコード変更,UNTESTED,"{""Oafx2LabMode"": 103, ""Oafx2LossAgeBars"": 6, ""Oafx2LossAtR"": 0.3}",
OAFX1227,gj_loss_persistence_exit,SCA GBPJPYで指定時間後も初期リスク比の含み損が残る建玉だけを決済,一時的な揺らぎは許容し、回復しない損失だけを時間とR倍率の二軸で浅く終える,全エントリー後、経過M15バー数と現在損失Rを毎tick評価して条件一致時のみ決済,Oafx2LossAgeBars=6; Oafx2LossAtR=0.4,2中規模のコード変更,UNTESTED,"{""Oafx2LabMode"": 103, ""Oafx2LossAgeBars"": 6, ""Oafx2LossAtR"": 0.4}",
OAFX1228,gj_loss_persistence_exit,SCA GBPJPYで指定時間後も初期リスク比の含み損が残る建玉だけを決済,一時的な揺らぎは許容し、回復しない損失だけを時間とR倍率の二軸で浅く終える,全エントリー後、経過M15バー数と現在損失Rを毎tick評価して条件一致時のみ決済,Oafx2LossAgeBars=6; Oafx2LossAtR=0.5,2中規模のコード変更,UNTESTED,"{""Oafx2LabMode"": 103, ""Oafx2LossAgeBars"": 6, ""Oafx2LossAtR"": 0.5}",
OAFX1229,gj_loss_persistence_exit,SCA GBPJPYで指定時間後も初期リスク比の含み損が残る建玉だけを決済,一時的な揺らぎは許容し、回復しない損失だけを時間とR倍率の二軸で浅く終える,全エントリー後、経過M15バー数と現在損失Rを毎tick評価して条件一致時のみ決済,Oafx2LossAgeBars=6; Oafx2LossAtR=0.65,2中規模のコード変更,UNTESTED,"{""Oafx2LabMode"": 103, ""Oafx2LossAgeBars"": 6, ""Oafx2LossAtR"": 0.65}",
OAFX1230,gj_loss_persistence_exit,SCA GBPJPYで指定時間後も初期リスク比の含み損が残る建玉だけを決済,一時的な揺らぎは許容し、回復しない損失だけを時間とR倍率の二軸で浅く終える,全エントリー後、経過M15バー数と現在損失Rを毎tick評価して条件一致時のみ決済,Oafx2LossAgeBars=6; Oafx2LossAtR=0.8,2中規模のコード変更,UNTESTED,"{""Oafx2LabMode"": 103, ""Oafx2LossAgeBars"": 6, ""Oafx2LossAtR"": 0.8}",
OAFX1231,gj_loss_persistence_exit,SCA GBPJPYで指定時間後も初期リスク比の含み損が残る建玉だけを決済,一時的な揺らぎは許容し、回復しない損失だけを時間とR倍率の二軸で浅く終える,全エントリー後、経過M15バー数と現在損失Rを毎tick評価して条件一致時のみ決済,Oafx2LossAgeBars=8; Oafx2LossAtR=0.05,2中規模のコード変更,UNTESTED,"{""Oafx2LabMode"": 103, ""Oafx2LossAgeBars"": 8, ""Oafx2LossAtR"": 0.05}",
OAFX1232,gj_loss_persistence_exit,SCA GBPJPYで指定時間後も初期リスク比の含み損が残る建玉だけを決済,一時的な揺らぎは許容し、回復しない損失だけを時間とR倍率の二軸で浅く終える,全エントリー後、経過M15バー数と現在損失Rを毎tick評価して条件一致時のみ決済,Oafx2LossAgeBars=8; Oafx2LossAtR=0.1,2中規模のコード変更,UNTESTED,"{""Oafx2LabMode"": 103, ""Oafx2LossAgeBars"": 8, ""Oafx2LossAtR"": 0.1}",
OAFX1233,gj_loss_persistence_exit,SCA GBPJPYで指定時間後も初期リスク比の含み損が残る建玉だけを決済,一時的な揺らぎは許容し、回復しない損失だけを時間とR倍率の二軸で浅く終える,全エントリー後、経過M15バー数と現在損失Rを毎tick評価して条件一致時のみ決済,Oafx2LossAgeBars=8; Oafx2LossAtR=0.15,2中規模のコード変更,UNTESTED,"{""Oafx2LabMode"": 103, ""Oafx2LossAgeBars"": 8, ""Oafx2LossAtR"": 0.15}",
OAFX1234,gj_loss_persistence_exit,SCA GBPJPYで指定時間後も初期リスク比の含み損が残る建玉だけを決済,一時的な揺らぎは許容し、回復しない損失だけを時間とR倍率の二軸で浅く終える,全エントリー後、経過M15バー数と現在損失Rを毎tick評価して条件一致時のみ決済,Oafx2LossAgeBars=8; Oafx2LossAtR=0.2,2中規模のコード変更,UNTESTED,"{""Oafx2LabMode"": 103, ""Oafx2LossAgeBars"": 8, ""Oafx2LossAtR"": 0.2}",
OAFX1235,gj_loss_persistence_exit,SCA GBPJPYで指定時間後も初期リスク比の含み損が残る建玉だけを決済,一時的な揺らぎは許容し、回復しない損失だけを時間とR倍率の二軸で浅く終える,全エントリー後、経過M15バー数と現在損失Rを毎tick評価して条件一致時のみ決済,Oafx2LossAgeBars=8; Oafx2LossAtR=0.25,2中規模のコード変更,UNTESTED,"{""Oafx2LabMode"": 103, ""Oafx2LossAgeBars"": 8, ""Oafx2LossAtR"": 0.25}",
OAFX1236,gj_loss_persistence_exit,SCA GBPJPYで指定時間後も初期リスク比の含み損が残る建玉だけを決済,一時的な揺らぎは許容し、回復しない損失だけを時間とR倍率の二軸で浅く終える,全エントリー後、経過M15バー数と現在損失Rを毎tick評価して条件一致時のみ決済,Oafx2LossAgeBars=8; Oafx2LossAtR=0.3,2中規模のコード変更,UNTESTED,"{""Oafx2LabMode"": 103, ""Oafx2LossAgeBars"": 8, ""Oafx2LossAtR"": 0.3}",
OAFX1237,gj_loss_persistence_exit,SCA GBPJPYで指定時間後も初期リスク比の含み損が残る建玉だけを決済,一時的な揺らぎは許容し、回復しない損失だけを時間とR倍率の二軸で浅く終える,全エントリー後、経過M15バー数と現在損失Rを毎tick評価して条件一致時のみ決済,Oafx2LossAgeBars=8; Oafx2LossAtR=0.4,2中規模のコード変更,UNTESTED,"{""Oafx2LabMode"": 103, ""Oafx2LossAgeBars"": 8, ""Oafx2LossAtR"": 0.4}",
OAFX1238,gj_loss_persistence_exit,SCA GBPJPYで指定時間後も初期リスク比の含み損が残る建玉だけを決済,一時的な揺らぎは許容し、回復しない損失だけを時間とR倍率の二軸で浅く終える,全エントリー後、経過M15バー数と現在損失Rを毎tick評価して条件一致時のみ決済,Oafx2LossAgeBars=8; Oafx2LossAtR=0.5,2中規模のコード変更,UNTESTED,"{""Oafx2LabMode"": 103, ""Oafx2LossAgeBars"": 8, ""Oafx2LossAtR"": 0.5}",
OAFX1239,gj_loss_persistence_exit,SCA GBPJPYで指定時間後も初期リスク比の含み損が残る建玉だけを決済,一時的な揺らぎは許容し、回復しない損失だけを時間とR倍率の二軸で浅く終える,全エントリー後、経過M15バー数と現在損失Rを毎tick評価して条件一致時のみ決済,Oafx2LossAgeBars=8; Oafx2LossAtR=0.65,2中規模のコード変更,UNTESTED,"{""Oafx2LabMode"": 103, ""Oafx2LossAgeBars"": 8, ""Oafx2LossAtR"": 0.65}",
OAFX1240,gj_loss_persistence_exit,SCA GBPJPYで指定時間後も初期リスク比の含み損が残る建玉だけを決済,一時的な揺らぎは許容し、回復しない損失だけを時間とR倍率の二軸で浅く終える,全エントリー後、経過M15バー数と現在損失Rを毎tick評価して条件一致時のみ決済,Oafx2LossAgeBars=8; Oafx2LossAtR=0.8,2中規模のコード変更,UNTESTED,"{""Oafx2LabMode"": 103, ""Oafx2LossAgeBars"": 8, ""Oafx2LossAtR"": 0.8}",
OAFX1241,gj_loss_persistence_exit,SCA GBPJPYで指定時間後も初期リスク比の含み損が残る建玉だけを決済,一時的な揺らぎは許容し、回復しない損失だけを時間とR倍率の二軸で浅く終える,全エントリー後、経過M15バー数と現在損失Rを毎tick評価して条件一致時のみ決済,Oafx2LossAgeBars=12; Oafx2LossAtR=0.05,2中規模のコード変更,UNTESTED,"{""Oafx2LabMode"": 103, ""Oafx2LossAgeBars"": 12, ""Oafx2LossAtR"": 0.05}",
OAFX1242,gj_loss_persistence_exit,SCA GBPJPYで指定時間後も初期リスク比の含み損が残る建玉だけを決済,一時的な揺らぎは許容し、回復しない損失だけを時間とR倍率の二軸で浅く終える,全エントリー後、経過M15バー数と現在損失Rを毎tick評価して条件一致時のみ決済,Oafx2LossAgeBars=12; Oafx2LossAtR=0.1,2中規模のコード変更,UNTESTED,"{""Oafx2LabMode"": 103, ""Oafx2LossAgeBars"": 12, ""Oafx2LossAtR"": 0.1}",
OAFX1243,gj_loss_persistence_exit,SCA GBPJPYで指定時間後も初期リスク比の含み損が残る建玉だけを決済,一時的な揺らぎは許容し、回復しない損失だけを時間とR倍率の二軸で浅く終える,全エントリー後、経過M15バー数と現在損失Rを毎tick評価して条件一致時のみ決済,Oafx2LossAgeBars=12; Oafx2LossAtR=0.15,2中規模のコード変更,UNTESTED,"{""Oafx2LabMode"": 103, ""Oafx2LossAgeBars"": 12, ""Oafx2LossAtR"": 0.15}",
OAFX1244,gj_loss_persistence_exit,SCA GBPJPYで指定時間後も初期リスク比の含み損が残る建玉だけを決済,一時的な揺らぎは許容し、回復しない損失だけを時間とR倍率の二軸で浅く終える,全エントリー後、経過M15バー数と現在損失Rを毎tick評価して条件一致時のみ決済,Oafx2LossAgeBars=12; Oafx2LossAtR=0.2,2中規模のコード変更,UNTESTED,"{""Oafx2LabMode"": 103, ""Oafx2LossAgeBars"": 12, ""Oafx2LossAtR"": 0.2}",
OAFX1245,gj_loss_persistence_exit,SCA GBPJPYで指定時間後も初期リスク比の含み損が残る建玉だけを決済,一時的な揺らぎは許容し、回復しない損失だけを時間とR倍率の二軸で浅く終える,全エントリー後、経過M15バー数と現在損失Rを毎tick評価して条件一致時のみ決済,Oafx2LossAgeBars=12; Oafx2LossAtR=0.25,2中規模のコード変更,UNTESTED,"{""Oafx2LabMode"": 103, ""Oafx2LossAgeBars"": 12, ""Oafx2LossAtR"": 0.25}",
OAFX1246,gj_loss_persistence_exit,SCA GBPJPYで指定時間後も初期リスク比の含み損が残る建玉だけを決済,一時的な揺らぎは許容し、回復しない損失だけを時間とR倍率の二軸で浅く終える,全エントリー後、経過M15バー数と現在損失Rを毎tick評価して条件一致時のみ決済,Oafx2LossAgeBars=12; Oafx2LossAtR=0.3,2中規模のコード変更,UNTESTED,"{""Oafx2LabMode"": 103, ""Oafx2LossAgeBars"": 12, ""Oafx2LossAtR"": 0.3}",
OAFX1247,gj_loss_persistence_exit,SCA GBPJPYで指定時間後も初期リスク比の含み損が残る建玉だけを決済,一時的な揺らぎは許容し、回復しない損失だけを時間とR倍率の二軸で浅く終える,全エントリー後、経過M15バー数と現在損失Rを毎tick評価して条件一致時のみ決済,Oafx2LossAgeBars=12; Oafx2LossAtR=0.4,2中規模のコード変更,UNTESTED,"{""Oafx2LabMode"": 103, ""Oafx2LossAgeBars"": 12, ""Oafx2LossAtR"": 0.4}",
OAFX1248,gj_loss_persistence_exit,SCA GBPJPYで指定時間後も初期リスク比の含み損が残る建玉だけを決済,一時的な揺らぎは許容し、回復しない損失だけを時間とR倍率の二軸で浅く終える,全エントリー後、経過M15バー数と現在損失Rを毎tick評価して条件一致時のみ決済,Oafx2LossAgeBars=12; Oafx2LossAtR=0.5,2中規模のコード変更,UNTESTED,"{""Oafx2LabMode"": 103, ""Oafx2LossAgeBars"": 12, ""Oafx2LossAtR"": 0.5}",
OAFX1249,gj_loss_persistence_exit,SCA GBPJPYで指定時間後も初期リスク比の含み損が残る建玉だけを決済,一時的な揺らぎは許容し、回復しない損失だけを時間とR倍率の二軸で浅く終える,全エントリー後、経過M15バー数と現在損失Rを毎tick評価して条件一致時のみ決済,Oafx2LossAgeBars=12; Oafx2LossAtR=0.65,2中規模のコード変更,UNTESTED,"{""Oafx2LabMode"": 103, ""Oafx2LossAgeBars"": 12, ""Oafx2LossAtR"": 0.65}",
OAFX1250,gj_loss_persistence_exit,SCA GBPJPYで指定時間後も初期リスク比の含み損が残る建玉だけを決済,一時的な揺らぎは許容し、回復しない損失だけを時間とR倍率の二軸で浅く終える,全エントリー後、経過M15バー数と現在損失Rを毎tick評価して条件一致時のみ決済,Oafx2LossAgeBars=12; Oafx2LossAtR=0.8,2中規模のコード変更,UNTESTED,"{""Oafx2LabMode"": 103, ""Oafx2LossAgeBars"": 12, ""Oafx2LossAtR"": 0.8}",
OAFX1251,gj_loss_persistence_exit,SCA GBPJPYで指定時間後も初期リスク比の含み損が残る建玉だけを決済,一時的な揺らぎは許容し、回復しない損失だけを時間とR倍率の二軸で浅く終える,全エントリー後、経過M15バー数と現在損失Rを毎tick評価して条件一致時のみ決済,Oafx2LossAgeBars=16; Oafx2LossAtR=0.05,2中規模のコード変更,UNTESTED,"{""Oafx2LabMode"": 103, ""Oafx2LossAgeBars"": 16, ""Oafx2LossAtR"": 0.05}",
OAFX1252,gj_loss_persistence_exit,SCA GBPJPYで指定時間後も初期リスク比の含み損が残る建玉だけを決済,一時的な揺らぎは許容し、回復しない損失だけを時間とR倍率の二軸で浅く終える,全エントリー後、経過M15バー数と現在損失Rを毎tick評価して条件一致時のみ決済,Oafx2LossAgeBars=16; Oafx2LossAtR=0.1,2中規模のコード変更,UNTESTED,"{""Oafx2LabMode"": 103, ""Oafx2LossAgeBars"": 16, ""Oafx2LossAtR"": 0.1}",
OAFX1253,gj_loss_persistence_exit,SCA GBPJPYで指定時間後も初期リスク比の含み損が残る建玉だけを決済,一時的な揺らぎは許容し、回復しない損失だけを時間とR倍率の二軸で浅く終える,全エントリー後、経過M15バー数と現在損失Rを毎tick評価して条件一致時のみ決済,Oafx2LossAgeBars=16; Oafx2LossAtR=0.15,2中規模のコード変更,UNTESTED,"{""Oafx2LabMode"": 103, ""Oafx2LossAgeBars"": 16, ""Oafx2LossAtR"": 0.15}",
OAFX1254,gj_loss_persistence_exit,SCA GBPJPYで指定時間後も初期リスク比の含み損が残る建玉だけを決済,一時的な揺らぎは許容し、回復しない損失だけを時間とR倍率の二軸で浅く終える,全エントリー後、経過M15バー数と現在損失Rを毎tick評価して条件一致時のみ決済,Oafx2LossAgeBars=16; Oafx2LossAtR=0.2,2中規模のコード変更,UNTESTED,"{""Oafx2LabMode"": 103, ""Oafx2LossAgeBars"": 16, ""Oafx2LossAtR"": 0.2}",
OAFX1255,gj_loss_persistence_exit,SCA GBPJPYで指定時間後も初期リスク比の含み損が残る建玉だけを決済,一時的な揺らぎは許容し、回復しない損失だけを時間とR倍率の二軸で浅く終える,全エントリー後、経過M15バー数と現在損失Rを毎tick評価して条件一致時のみ決済,Oafx2LossAgeBars=16; Oafx2LossAtR=0.25,2中規模のコード変更,UNTESTED,"{""Oafx2LabMode"": 103, ""Oafx2LossAgeBars"": 16, ""Oafx2LossAtR"": 0.25}",
OAFX1256,gj_loss_persistence_exit,SCA GBPJPYで指定時間後も初期リスク比の含み損が残る建玉だけを決済,一時的な揺らぎは許容し、回復しない損失だけを時間とR倍率の二軸で浅く終える,全エントリー後、経過M15バー数と現在損失Rを毎tick評価して条件一致時のみ決済,Oafx2LossAgeBars=16; Oafx2LossAtR=0.3,2中規模のコード変更,UNTESTED,"{""Oafx2LabMode"": 103, ""Oafx2LossAgeBars"": 16, ""Oafx2LossAtR"": 0.3}",
OAFX1257,gj_loss_persistence_exit,SCA GBPJPYで指定時間後も初期リスク比の含み損が残る建玉だけを決済,一時的な揺らぎは許容し、回復しない損失だけを時間とR倍率の二軸で浅く終える,全エントリー後、経過M15バー数と現在損失Rを毎tick評価して条件一致時のみ決済,Oafx2LossAgeBars=16; Oafx2LossAtR=0.4,2中規模のコード変更,UNTESTED,"{""Oafx2LabMode"": 103, ""Oafx2LossAgeBars"": 16, ""Oafx2LossAtR"": 0.4}",
OAFX1258,gj_loss_persistence_exit,SCA GBPJPYで指定時間後も初期リスク比の含み損が残る建玉だけを決済,一時的な揺らぎは許容し、回復しない損失だけを時間とR倍率の二軸で浅く終える,全エントリー後、経過M15バー数と現在損失Rを毎tick評価して条件一致時のみ決済,Oafx2LossAgeBars=16; Oafx2LossAtR=0.5,2中規模のコード変更,UNTESTED,"{""Oafx2LabMode"": 103, ""Oafx2LossAgeBars"": 16, ""Oafx2LossAtR"": 0.5}",
OAFX1259,gj_loss_persistence_exit,SCA GBPJPYで指定時間後も初期リスク比の含み損が残る建玉だけを決済,一時的な揺らぎは許容し、回復しない損失だけを時間とR倍率の二軸で浅く終える,全エントリー後、経過M15バー数と現在損失Rを毎tick評価して条件一致時のみ決済,Oafx2LossAgeBars=16; Oafx2LossAtR=0.65,2中規模のコード変更,UNTESTED,"{""Oafx2LabMode"": 103, ""Oafx2LossAgeBars"": 16, ""Oafx2LossAtR"": 0.65}",
OAFX1260,gj_loss_persistence_exit,SCA GBPJPYで指定時間後も初期リスク比の含み損が残る建玉だけを決済,一時的な揺らぎは許容し、回復しない損失だけを時間とR倍率の二軸で浅く終える,全エントリー後、経過M15バー数と現在損失Rを毎tick評価して条件一致時のみ決済,Oafx2LossAgeBars=16; Oafx2LossAtR=0.8,2中規模のコード変更,UNTESTED,"{""Oafx2LabMode"": 103, ""Oafx2LossAgeBars"": 16, ""Oafx2LossAtR"": 0.8}",
OAFX1261,gj_loss_persistence_exit,SCA GBPJPYで指定時間後も初期リスク比の含み損が残る建玉だけを決済,一時的な揺らぎは許容し、回復しない損失だけを時間とR倍率の二軸で浅く終える,全エントリー後、経過M15バー数と現在損失Rを毎tick評価して条件一致時のみ決済,Oafx2LossAgeBars=20; Oafx2LossAtR=0.05,2中規模のコード変更,UNTESTED,"{""Oafx2LabMode"": 103, ""Oafx2LossAgeBars"": 20, ""Oafx2LossAtR"": 0.05}",
OAFX1262,gj_loss_persistence_exit,SCA GBPJPYで指定時間後も初期リスク比の含み損が残る建玉だけを決済,一時的な揺らぎは許容し、回復しない損失だけを時間とR倍率の二軸で浅く終える,全エントリー後、経過M15バー数と現在損失Rを毎tick評価して条件一致時のみ決済,Oafx2LossAgeBars=20; Oafx2LossAtR=0.1,2中規模のコード変更,UNTESTED,"{""Oafx2LabMode"": 103, ""Oafx2LossAgeBars"": 20, ""Oafx2LossAtR"": 0.1}",
OAFX1263,gj_loss_persistence_exit,SCA GBPJPYで指定時間後も初期リスク比の含み損が残る建玉だけを決済,一時的な揺らぎは許容し、回復しない損失だけを時間とR倍率の二軸で浅く終える,全エントリー後、経過M15バー数と現在損失Rを毎tick評価して条件一致時のみ決済,Oafx2LossAgeBars=20; Oafx2LossAtR=0.15,2中規模のコード変更,UNTESTED,"{""Oafx2LabMode"": 103, ""Oafx2LossAgeBars"": 20, ""Oafx2LossAtR"": 0.15}",
OAFX1264,gj_loss_persistence_exit,SCA GBPJPYで指定時間後も初期リスク比の含み損が残る建玉だけを決済,一時的な揺らぎは許容し、回復しない損失だけを時間とR倍率の二軸で浅く終える,全エントリー後、経過M15バー数と現在損失Rを毎tick評価して条件一致時のみ決済,Oafx2LossAgeBars=20; Oafx2LossAtR=0.2,2中規模のコード変更,UNTESTED,"{""Oafx2LabMode"": 103, ""Oafx2LossAgeBars"": 20, ""Oafx2LossAtR"": 0.2}",
OAFX1265,gj_loss_persistence_exit,SCA GBPJPYで指定時間後も初期リスク比の含み損が残る建玉だけを決済,一時的な揺らぎは許容し、回復しない損失だけを時間とR倍率の二軸で浅く終える,全エントリー後、経過M15バー数と現在損失Rを毎tick評価して条件一致時のみ決済,Oafx2LossAgeBars=20; Oafx2LossAtR=0.25,2中規模のコード変更,UNTESTED,"{""Oafx2LabMode"": 103, ""Oafx2LossAgeBars"": 20, ""Oafx2LossAtR"": 0.25}",
OAFX1266,gj_loss_persistence_exit,SCA GBPJPYで指定時間後も初期リスク比の含み損が残る建玉だけを決済,一時的な揺らぎは許容し、回復しない損失だけを時間とR倍率の二軸で浅く終える,全エントリー後、経過M15バー数と現在損失Rを毎tick評価して条件一致時のみ決済,Oafx2LossAgeBars=20; Oafx2LossAtR=0.3,2中規模のコード変更,UNTESTED,"{""Oafx2LabMode"": 103, ""Oafx2LossAgeBars"": 20, ""Oafx2LossAtR"": 0.3}",
OAFX1267,gj_loss_persistence_exit,SCA GBPJPYで指定時間後も初期リスク比の含み損が残る建玉だけを決済,一時的な揺らぎは許容し、回復しない損失だけを時間とR倍率の二軸で浅く終える,全エントリー後、経過M15バー数と現在損失Rを毎tick評価して条件一致時のみ決済,Oafx2LossAgeBars=20; Oafx2LossAtR=0.4,2中規模のコード変更,UNTESTED,"{""Oafx2LabMode"": 103, ""Oafx2LossAgeBars"": 20, ""Oafx2LossAtR"": 0.4}",
OAFX1268,gj_loss_persistence_exit,SCA GBPJPYで指定時間後も初期リスク比の含み損が残る建玉だけを決済,一時的な揺らぎは許容し、回復しない損失だけを時間とR倍率の二軸で浅く終える,全エントリー後、経過M15バー数と現在損失Rを毎tick評価して条件一致時のみ決済,Oafx2LossAgeBars=20; Oafx2LossAtR=0.5,2中規模のコード変更,UNTESTED,"{""Oafx2LabMode"": 103, ""Oafx2LossAgeBars"": 20, ""Oafx2LossAtR"": 0.5}",
OAFX1269,gj_loss_persistence_exit,SCA GBPJPYで指定時間後も初期リスク比の含み損が残る建玉だけを決済,一時的な揺らぎは許容し、回復しない損失だけを時間とR倍率の二軸で浅く終える,全エントリー後、経過M15バー数と現在損失Rを毎tick評価して条件一致時のみ決済,Oafx2LossAgeBars=20; Oafx2LossAtR=0.65,2中規模のコード変更,UNTESTED,"{""Oafx2LabMode"": 103, ""Oafx2LossAgeBars"": 20, ""Oafx2LossAtR"": 0.65}",
OAFX1270,gj_loss_persistence_exit,SCA GBPJPYで指定時間後も初期リスク比の含み損が残る建玉だけを決済,一時的な揺らぎは許容し、回復しない損失だけを時間とR倍率の二軸で浅く終える,全エントリー後、経過M15バー数と現在損失Rを毎tick評価して条件一致時のみ決済,Oafx2LossAgeBars=20; Oafx2LossAtR=0.8,2中規模のコード変更,UNTESTED,"{""Oafx2LabMode"": 103, ""Oafx2LossAgeBars"": 20, ""Oafx2LossAtR"": 0.8}",
OAFX1271,gj_loss_persistence_exit,SCA GBPJPYで指定時間後も初期リスク比の含み損が残る建玉だけを決済,一時的な揺らぎは許容し、回復しない損失だけを時間とR倍率の二軸で浅く終える,全エントリー後、経過M15バー数と現在損失Rを毎tick評価して条件一致時のみ決済,Oafx2LossAgeBars=24; Oafx2LossAtR=0.05,2中規模のコード変更,UNTESTED,"{""Oafx2LabMode"": 103, ""Oafx2LossAgeBars"": 24, ""Oafx2LossAtR"": 0.05}",
OAFX1272,gj_loss_persistence_exit,SCA GBPJPYで指定時間後も初期リスク比の含み損が残る建玉だけを決済,一時的な揺らぎは許容し、回復しない損失だけを時間とR倍率の二軸で浅く終える,全エントリー後、経過M15バー数と現在損失Rを毎tick評価して条件一致時のみ決済,Oafx2LossAgeBars=24; Oafx2LossAtR=0.1,2中規模のコード変更,UNTESTED,"{""Oafx2LabMode"": 103, ""Oafx2LossAgeBars"": 24, ""Oafx2LossAtR"": 0.1}",
OAFX1273,gj_loss_persistence_exit,SCA GBPJPYで指定時間後も初期リスク比の含み損が残る建玉だけを決済,一時的な揺らぎは許容し、回復しない損失だけを時間とR倍率の二軸で浅く終える,全エントリー後、経過M15バー数と現在損失Rを毎tick評価して条件一致時のみ決済,Oafx2LossAgeBars=24; Oafx2LossAtR=0.15,2中規模のコード変更,UNTESTED,"{""Oafx2LabMode"": 103, ""Oafx2LossAgeBars"": 24, ""Oafx2LossAtR"": 0.15}",
OAFX1274,gj_loss_persistence_exit,SCA GBPJPYで指定時間後も初期リスク比の含み損が残る建玉だけを決済,一時的な揺らぎは許容し、回復しない損失だけを時間とR倍率の二軸で浅く終える,全エントリー後、経過M15バー数と現在損失Rを毎tick評価して条件一致時のみ決済,Oafx2LossAgeBars=24; Oafx2LossAtR=0.2,2中規模のコード変更,UNTESTED,"{""Oafx2LabMode"": 103, ""Oafx2LossAgeBars"": 24, ""Oafx2LossAtR"": 0.2}",
OAFX1275,gj_loss_persistence_exit,SCA GBPJPYで指定時間後も初期リスク比の含み損が残る建玉だけを決済,一時的な揺らぎは許容し、回復しない損失だけを時間とR倍率の二軸で浅く終える,全エントリー後、経過M15バー数と現在損失Rを毎tick評価して条件一致時のみ決済,Oafx2LossAgeBars=24; Oafx2LossAtR=0.25,2中規模のコード変更,UNTESTED,"{""Oafx2LabMode"": 103, ""Oafx2LossAgeBars"": 24, ""Oafx2LossAtR"": 0.25}",
OAFX1276,gj_loss_persistence_exit,SCA GBPJPYで指定時間後も初期リスク比の含み損が残る建玉だけを決済,一時的な揺らぎは許容し、回復しない損失だけを時間とR倍率の二軸で浅く終える,全エントリー後、経過M15バー数と現在損失Rを毎tick評価して条件一致時のみ決済,Oafx2LossAgeBars=24; Oafx2LossAtR=0.3,2中規模のコード変更,UNTESTED,"{""Oafx2LabMode"": 103, ""Oafx2LossAgeBars"": 24, ""Oafx2LossAtR"": 0.3}",
OAFX1277,gj_loss_persistence_exit,SCA GBPJPYで指定時間後も初期リスク比の含み損が残る建玉だけを決済,一時的な揺らぎは許容し、回復しない損失だけを時間とR倍率の二軸で浅く終える,全エントリー後、経過M15バー数と現在損失Rを毎tick評価して条件一致時のみ決済,Oafx2LossAgeBars=24; Oafx2LossAtR=0.4,2中規模のコード変更,UNTESTED,"{""Oafx2LabMode"": 103, ""Oafx2LossAgeBars"": 24, ""Oafx2LossAtR"": 0.4}",
OAFX1278,gj_loss_persistence_exit,SCA GBPJPYで指定時間後も初期リスク比の含み損が残る建玉だけを決済,一時的な揺らぎは許容し、回復しない損失だけを時間とR倍率の二軸で浅く終える,全エントリー後、経過M15バー数と現在損失Rを毎tick評価して条件一致時のみ決済,Oafx2LossAgeBars=24; Oafx2LossAtR=0.5,2中規模のコード変更,UNTESTED,"{""Oafx2LabMode"": 103, ""Oafx2LossAgeBars"": 24, ""Oafx2LossAtR"": 0.5}",
OAFX1279,gj_loss_persistence_exit,SCA GBPJPYで指定時間後も初期リスク比の含み損が残る建玉だけを決済,一時的な揺らぎは許容し、回復しない損失だけを時間とR倍率の二軸で浅く終える,全エントリー後、経過M15バー数と現在損失Rを毎tick評価して条件一致時のみ決済,Oafx2LossAgeBars=24; Oafx2LossAtR=0.65,2中規模のコード変更,UNTESTED,"{""Oafx2LabMode"": 103, ""Oafx2LossAgeBars"": 24, ""Oafx2LossAtR"": 0.65}",
OAFX1280,gj_loss_persistence_exit,SCA GBPJPYで指定時間後も初期リスク比の含み損が残る建玉だけを決済,一時的な揺らぎは許容し、回復しない損失だけを時間とR倍率の二軸で浅く終える,全エントリー後、経過M15バー数と現在損失Rを毎tick評価して条件一致時のみ決済,Oafx2LossAgeBars=24; Oafx2LossAtR=0.8,2中規模のコード変更,UNTESTED,"{""Oafx2LabMode"": 103, ""Oafx2LossAgeBars"": 24, ""Oafx2LossAtR"": 0.8}",
OAFX1281,gj_loss_persistence_exit,SCA GBPJPYで指定時間後も初期リスク比の含み損が残る建玉だけを決済,一時的な揺らぎは許容し、回復しない損失だけを時間とR倍率の二軸で浅く終える,全エントリー後、経過M15バー数と現在損失Rを毎tick評価して条件一致時のみ決済,Oafx2LossAgeBars=32; Oafx2LossAtR=0.05,2中規模のコード変更,UNTESTED,"{""Oafx2LabMode"": 103, ""Oafx2LossAgeBars"": 32, ""Oafx2LossAtR"": 0.05}",
OAFX1282,gj_loss_persistence_exit,SCA GBPJPYで指定時間後も初期リスク比の含み損が残る建玉だけを決済,一時的な揺らぎは許容し、回復しない損失だけを時間とR倍率の二軸で浅く終える,全エントリー後、経過M15バー数と現在損失Rを毎tick評価して条件一致時のみ決済,Oafx2LossAgeBars=32; Oafx2LossAtR=0.1,2中規模のコード変更,UNTESTED,"{""Oafx2LabMode"": 103, ""Oafx2LossAgeBars"": 32, ""Oafx2LossAtR"": 0.1}",
OAFX1283,gj_loss_persistence_exit,SCA GBPJPYで指定時間後も初期リスク比の含み損が残る建玉だけを決済,一時的な揺らぎは許容し、回復しない損失だけを時間とR倍率の二軸で浅く終える,全エントリー後、経過M15バー数と現在損失Rを毎tick評価して条件一致時のみ決済,Oafx2LossAgeBars=32; Oafx2LossAtR=0.15,2中規模のコード変更,UNTESTED,"{""Oafx2LabMode"": 103, ""Oafx2LossAgeBars"": 32, ""Oafx2LossAtR"": 0.15}",
OAFX1284,gj_loss_persistence_exit,SCA GBPJPYで指定時間後も初期リスク比の含み損が残る建玉だけを決済,一時的な揺らぎは許容し、回復しない損失だけを時間とR倍率の二軸で浅く終える,全エントリー後、経過M15バー数と現在損失Rを毎tick評価して条件一致時のみ決済,Oafx2LossAgeBars=32; Oafx2LossAtR=0.2,2中規模のコード変更,UNTESTED,"{""Oafx2LabMode"": 103, ""Oafx2LossAgeBars"": 32, ""Oafx2LossAtR"": 0.2}",
OAFX1285,gj_loss_persistence_exit,SCA GBPJPYで指定時間後も初期リスク比の含み損が残る建玉だけを決済,一時的な揺らぎは許容し、回復しない損失だけを時間とR倍率の二軸で浅く終える,全エントリー後、経過M15バー数と現在損失Rを毎tick評価して条件一致時のみ決済,Oafx2LossAgeBars=32; Oafx2LossAtR=0.25,2中規模のコード変更,UNTESTED,"{""Oafx2LabMode"": 103, ""Oafx2LossAgeBars"": 32, ""Oafx2LossAtR"": 0.25}",
OAFX1286,gj_loss_persistence_exit,SCA GBPJPYで指定時間後も初期リスク比の含み損が残る建玉だけを決済,一時的な揺らぎは許容し、回復しない損失だけを時間とR倍率の二軸で浅く終える,全エントリー後、経過M15バー数と現在損失Rを毎tick評価して条件一致時のみ決済,Oafx2LossAgeBars=32; Oafx2LossAtR=0.3,2中規模のコード変更,UNTESTED,"{""Oafx2LabMode"": 103, ""Oafx2LossAgeBars"": 32, ""Oafx2LossAtR"": 0.3}",
OAFX1287,gj_loss_persistence_exit,SCA GBPJPYで指定時間後も初期リスク比の含み損が残る建玉だけを決済,一時的な揺らぎは許容し、回復しない損失だけを時間とR倍率の二軸で浅く終える,全エントリー後、経過M15バー数と現在損失Rを毎tick評価して条件一致時のみ決済,Oafx2LossAgeBars=32; Oafx2LossAtR=0.4,2中規模のコード変更,UNTESTED,"{""Oafx2LabMode"": 103, ""Oafx2LossAgeBars"": 32, ""Oafx2LossAtR"": 0.4}",
OAFX1288,gj_loss_persistence_exit,SCA GBPJPYで指定時間後も初期リスク比の含み損が残る建玉だけを決済,一時的な揺らぎは許容し、回復しない損失だけを時間とR倍率の二軸で浅く終える,全エントリー後、経過M15バー数と現在損失Rを毎tick評価して条件一致時のみ決済,Oafx2LossAgeBars=32; Oafx2LossAtR=0.5,2中規模のコード変更,UNTESTED,"{""Oafx2LabMode"": 103, ""Oafx2LossAgeBars"": 32, ""Oafx2LossAtR"": 0.5}",
OAFX1289,gj_loss_persistence_exit,SCA GBPJPYで指定時間後も初期リスク比の含み損が残る建玉だけを決済,一時的な揺らぎは許容し、回復しない損失だけを時間とR倍率の二軸で浅く終える,全エントリー後、経過M15バー数と現在損失Rを毎tick評価して条件一致時のみ決済,Oafx2LossAgeBars=32; Oafx2LossAtR=0.65,2中規模のコード変更,UNTESTED,"{""Oafx2LabMode"": 103, ""Oafx2LossAgeBars"": 32, ""Oafx2LossAtR"": 0.65}",
OAFX1290,gj_loss_persistence_exit,SCA GBPJPYで指定時間後も初期リスク比の含み損が残る建玉だけを決済,一時的な揺らぎは許容し、回復しない損失だけを時間とR倍率の二軸で浅く終える,全エントリー後、経過M15バー数と現在損失Rを毎tick評価して条件一致時のみ決済,Oafx2LossAgeBars=32; Oafx2LossAtR=0.8,2中規模のコード変更,UNTESTED,"{""Oafx2LabMode"": 103, ""Oafx2LossAgeBars"": 32, ""Oafx2LossAtR"": 0.8}",
OAFX1291,gj_loss_persistence_exit,SCA GBPJPYで指定時間後も初期リスク比の含み損が残る建玉だけを決済,一時的な揺らぎは許容し、回復しない損失だけを時間とR倍率の二軸で浅く終える,全エントリー後、経過M15バー数と現在損失Rを毎tick評価して条件一致時のみ決済,Oafx2LossAgeBars=40; Oafx2LossAtR=0.05,2中規模のコード変更,UNTESTED,"{""Oafx2LabMode"": 103, ""Oafx2LossAgeBars"": 40, ""Oafx2LossAtR"": 0.05}",
OAFX1292,gj_loss_persistence_exit,SCA GBPJPYで指定時間後も初期リスク比の含み損が残る建玉だけを決済,一時的な揺らぎは許容し、回復しない損失だけを時間とR倍率の二軸で浅く終える,全エントリー後、経過M15バー数と現在損失Rを毎tick評価して条件一致時のみ決済,Oafx2LossAgeBars=40; Oafx2LossAtR=0.1,2中規模のコード変更,UNTESTED,"{""Oafx2LabMode"": 103, ""Oafx2LossAgeBars"": 40, ""Oafx2LossAtR"": 0.1}",
OAFX1293,gj_loss_persistence_exit,SCA GBPJPYで指定時間後も初期リスク比の含み損が残る建玉だけを決済,一時的な揺らぎは許容し、回復しない損失だけを時間とR倍率の二軸で浅く終える,全エントリー後、経過M15バー数と現在損失Rを毎tick評価して条件一致時のみ決済,Oafx2LossAgeBars=40; Oafx2LossAtR=0.15,2中規模のコード変更,UNTESTED,"{""Oafx2LabMode"": 103, ""Oafx2LossAgeBars"": 40, ""Oafx2LossAtR"": 0.15}",
OAFX1294,gj_loss_persistence_exit,SCA GBPJPYで指定時間後も初期リスク比の含み損が残る建玉だけを決済,一時的な揺らぎは許容し、回復しない損失だけを時間とR倍率の二軸で浅く終える,全エントリー後、経過M15バー数と現在損失Rを毎tick評価して条件一致時のみ決済,Oafx2LossAgeBars=40; Oafx2LossAtR=0.2,2中規模のコード変更,UNTESTED,"{""Oafx2LabMode"": 103, ""Oafx2LossAgeBars"": 40, ""Oafx2LossAtR"": 0.2}",
OAFX1295,gj_loss_persistence_exit,SCA GBPJPYで指定時間後も初期リスク比の含み損が残る建玉だけを決済,一時的な揺らぎは許容し、回復しない損失だけを時間とR倍率の二軸で浅く終える,全エントリー後、経過M15バー数と現在損失Rを毎tick評価して条件一致時のみ決済,Oafx2LossAgeBars=40; Oafx2LossAtR=0.25,2中規模のコード変更,UNTESTED,"{""Oafx2LabMode"": 103, ""Oafx2LossAgeBars"": 40, ""Oafx2LossAtR"": 0.25}",
OAFX1296,gj_loss_persistence_exit,SCA GBPJPYで指定時間後も初期リスク比の含み損が残る建玉だけを決済,一時的な揺らぎは許容し、回復しない損失だけを時間とR倍率の二軸で浅く終える,全エントリー後、経過M15バー数と現在損失Rを毎tick評価して条件一致時のみ決済,Oafx2LossAgeBars=40; Oafx2LossAtR=0.3,2中規模のコード変更,UNTESTED,"{""Oafx2LabMode"": 103, ""Oafx2LossAgeBars"": 40, ""Oafx2LossAtR"": 0.3}",
OAFX1297,gj_loss_persistence_exit,SCA GBPJPYで指定時間後も初期リスク比の含み損が残る建玉だけを決済,一時的な揺らぎは許容し、回復しない損失だけを時間とR倍率の二軸で浅く終える,全エントリー後、経過M15バー数と現在損失Rを毎tick評価して条件一致時のみ決済,Oafx2LossAgeBars=40; Oafx2LossAtR=0.4,2中規模のコード変更,UNTESTED,"{""Oafx2LabMode"": 103, ""Oafx2LossAgeBars"": 40, ""Oafx2LossAtR"": 0.4}",
OAFX1298,gj_loss_persistence_exit,SCA GBPJPYで指定時間後も初期リスク比の含み損が残る建玉だけを決済,一時的な揺らぎは許容し、回復しない損失だけを時間とR倍率の二軸で浅く終える,全エントリー後、経過M15バー数と現在損失Rを毎tick評価して条件一致時のみ決済,Oafx2LossAgeBars=40; Oafx2LossAtR=0.5,2中規模のコード変更,UNTESTED,"{""Oafx2LabMode"": 103, ""Oafx2LossAgeBars"": 40, ""Oafx2LossAtR"": 0.5}",
OAFX1299,gj_loss_persistence_exit,SCA GBPJPYで指定時間後も初期リスク比の含み損が残る建玉だけを決済,一時的な揺らぎは許容し、回復しない損失だけを時間とR倍率の二軸で浅く終える,全エントリー後、経過M15バー数と現在損失Rを毎tick評価して条件一致時のみ決済,Oafx2LossAgeBars=40; Oafx2LossAtR=0.65,2中規模のコード変更,UNTESTED,"{""Oafx2LabMode"": 103, ""Oafx2LossAgeBars"": 40, ""Oafx2LossAtR"": 0.65}",
OAFX1300,gj_loss_persistence_exit,SCA GBPJPYで指定時間後も初期リスク比の含み損が残る建玉だけを決済,一時的な揺らぎは許容し、回復しない損失だけを時間とR倍率の二軸で浅く終える,全エントリー後、経過M15バー数と現在損失Rを毎tick評価して条件一致時のみ決済,Oafx2LossAgeBars=40; Oafx2LossAtR=0.8,2中規模のコード変更,UNTESTED,"{""Oafx2LabMode"": 103, ""Oafx2LossAgeBars"": 40, ""Oafx2LossAtR"": 0.8}",
OAFX1301,gj_break_even_lock,SCA GBPJPYが一定R順行した後にSLを建値または小幅利益位置へ移動,勝ち方向へ進んだ建玉が全損へ反転する経路を遮断し、取引開始数を変えずにDDを抑える,発注後の最大順行RをEAで監視し、発動R到達後に一度だけSLを利益側へ変更,Oafx2BETriggerR=0.3; Oafx2BELockR=0,2軽微なコード変更,UNTESTED,"{""Oafx2BELockR"": 0, ""Oafx2BETriggerR"": 0.3, ""Oafx2LabMode"": 104}",
OAFX1302,gj_break_even_lock,SCA GBPJPYが一定R順行した後にSLを建値または小幅利益位置へ移動,勝ち方向へ進んだ建玉が全損へ反転する経路を遮断し、取引開始数を変えずにDDを抑える,発注後の最大順行RをEAで監視し、発動R到達後に一度だけSLを利益側へ変更,Oafx2BETriggerR=0.3; Oafx2BELockR=0.02,2軽微なコード変更,UNTESTED,"{""Oafx2BELockR"": 0.02, ""Oafx2BETriggerR"": 0.3, ""Oafx2LabMode"": 104}",
OAFX1303,gj_break_even_lock,SCA GBPJPYが一定R順行した後にSLを建値または小幅利益位置へ移動,勝ち方向へ進んだ建玉が全損へ反転する経路を遮断し、取引開始数を変えずにDDを抑える,発注後の最大順行RをEAで監視し、発動R到達後に一度だけSLを利益側へ変更,Oafx2BETriggerR=0.3; Oafx2BELockR=0.04,2軽微なコード変更,UNTESTED,"{""Oafx2BELockR"": 0.04, ""Oafx2BETriggerR"": 0.3, ""Oafx2LabMode"": 104}",
OAFX1304,gj_break_even_lock,SCA GBPJPYが一定R順行した後にSLを建値または小幅利益位置へ移動,勝ち方向へ進んだ建玉が全損へ反転する経路を遮断し、取引開始数を変えずにDDを抑える,発注後の最大順行RをEAで監視し、発動R到達後に一度だけSLを利益側へ変更,Oafx2BETriggerR=0.3; Oafx2BELockR=0.06,2軽微なコード変更,UNTESTED,"{""Oafx2BELockR"": 0.06, ""Oafx2BETriggerR"": 0.3, ""Oafx2LabMode"": 104}",
OAFX1305,gj_break_even_lock,SCA GBPJPYが一定R順行した後にSLを建値または小幅利益位置へ移動,勝ち方向へ進んだ建玉が全損へ反転する経路を遮断し、取引開始数を変えずにDDを抑える,発注後の最大順行RをEAで監視し、発動R到達後に一度だけSLを利益側へ変更,Oafx2BETriggerR=0.3; Oafx2BELockR=0.08,2軽微なコード変更,UNTESTED,"{""Oafx2BELockR"": 0.08, ""Oafx2BETriggerR"": 0.3, ""Oafx2LabMode"": 104}",
OAFX1306,gj_break_even_lock,SCA GBPJPYが一定R順行した後にSLを建値または小幅利益位置へ移動,勝ち方向へ進んだ建玉が全損へ反転する経路を遮断し、取引開始数を変えずにDDを抑える,発注後の最大順行RをEAで監視し、発動R到達後に一度だけSLを利益側へ変更,Oafx2BETriggerR=0.3; Oafx2BELockR=0.1,2軽微なコード変更,UNTESTED,"{""Oafx2BELockR"": 0.1, ""Oafx2BETriggerR"": 0.3, ""Oafx2LabMode"": 104}",
OAFX1307,gj_break_even_lock,SCA GBPJPYが一定R順行した後にSLを建値または小幅利益位置へ移動,勝ち方向へ進んだ建玉が全損へ反転する経路を遮断し、取引開始数を変えずにDDを抑える,発注後の最大順行RをEAで監視し、発動R到達後に一度だけSLを利益側へ変更,Oafx2BETriggerR=0.3; Oafx2BELockR=0.12,2軽微なコード変更,UNTESTED,"{""Oafx2BELockR"": 0.12, ""Oafx2BETriggerR"": 0.3, ""Oafx2LabMode"": 104}",
OAFX1308,gj_break_even_lock,SCA GBPJPYが一定R順行した後にSLを建値または小幅利益位置へ移動,勝ち方向へ進んだ建玉が全損へ反転する経路を遮断し、取引開始数を変えずにDDを抑える,発注後の最大順行RをEAで監視し、発動R到達後に一度だけSLを利益側へ変更,Oafx2BETriggerR=0.3; Oafx2BELockR=0.15,2軽微なコード変更,UNTESTED,"{""Oafx2BELockR"": 0.15, ""Oafx2BETriggerR"": 0.3, ""Oafx2LabMode"": 104}",
OAFX1309,gj_break_even_lock,SCA GBPJPYが一定R順行した後にSLを建値または小幅利益位置へ移動,勝ち方向へ進んだ建玉が全損へ反転する経路を遮断し、取引開始数を変えずにDDを抑える,発注後の最大順行RをEAで監視し、発動R到達後に一度だけSLを利益側へ変更,Oafx2BETriggerR=0.3; Oafx2BELockR=0.18,2軽微なコード変更,UNTESTED,"{""Oafx2BELockR"": 0.18, ""Oafx2BETriggerR"": 0.3, ""Oafx2LabMode"": 104}",
OAFX1310,gj_break_even_lock,SCA GBPJPYが一定R順行した後にSLを建値または小幅利益位置へ移動,勝ち方向へ進んだ建玉が全損へ反転する経路を遮断し、取引開始数を変えずにDDを抑える,発注後の最大順行RをEAで監視し、発動R到達後に一度だけSLを利益側へ変更,Oafx2BETriggerR=0.3; Oafx2BELockR=0.2,2軽微なコード変更,UNTESTED,"{""Oafx2BELockR"": 0.2, ""Oafx2BETriggerR"": 0.3, ""Oafx2LabMode"": 104}",
OAFX1311,gj_break_even_lock,SCA GBPJPYが一定R順行した後にSLを建値または小幅利益位置へ移動,勝ち方向へ進んだ建玉が全損へ反転する経路を遮断し、取引開始数を変えずにDDを抑える,発注後の最大順行RをEAで監視し、発動R到達後に一度だけSLを利益側へ変更,Oafx2BETriggerR=0.4; Oafx2BELockR=0,2軽微なコード変更,UNTESTED,"{""Oafx2BELockR"": 0, ""Oafx2BETriggerR"": 0.4, ""Oafx2LabMode"": 104}",
OAFX1312,gj_break_even_lock,SCA GBPJPYが一定R順行した後にSLを建値または小幅利益位置へ移動,勝ち方向へ進んだ建玉が全損へ反転する経路を遮断し、取引開始数を変えずにDDを抑える,発注後の最大順行RをEAで監視し、発動R到達後に一度だけSLを利益側へ変更,Oafx2BETriggerR=0.4; Oafx2BELockR=0.02,2軽微なコード変更,UNTESTED,"{""Oafx2BELockR"": 0.02, ""Oafx2BETriggerR"": 0.4, ""Oafx2LabMode"": 104}",
OAFX1313,gj_break_even_lock,SCA GBPJPYが一定R順行した後にSLを建値または小幅利益位置へ移動,勝ち方向へ進んだ建玉が全損へ反転する経路を遮断し、取引開始数を変えずにDDを抑える,発注後の最大順行RをEAで監視し、発動R到達後に一度だけSLを利益側へ変更,Oafx2BETriggerR=0.4; Oafx2BELockR=0.04,2軽微なコード変更,UNTESTED,"{""Oafx2BELockR"": 0.04, ""Oafx2BETriggerR"": 0.4, ""Oafx2LabMode"": 104}",
OAFX1314,gj_break_even_lock,SCA GBPJPYが一定R順行した後にSLを建値または小幅利益位置へ移動,勝ち方向へ進んだ建玉が全損へ反転する経路を遮断し、取引開始数を変えずにDDを抑える,発注後の最大順行RをEAで監視し、発動R到達後に一度だけSLを利益側へ変更,Oafx2BETriggerR=0.4; Oafx2BELockR=0.06,2軽微なコード変更,UNTESTED,"{""Oafx2BELockR"": 0.06, ""Oafx2BETriggerR"": 0.4, ""Oafx2LabMode"": 104}",
OAFX1315,gj_break_even_lock,SCA GBPJPYが一定R順行した後にSLを建値または小幅利益位置へ移動,勝ち方向へ進んだ建玉が全損へ反転する経路を遮断し、取引開始数を変えずにDDを抑える,発注後の最大順行RをEAで監視し、発動R到達後に一度だけSLを利益側へ変更,Oafx2BETriggerR=0.4; Oafx2BELockR=0.08,2軽微なコード変更,UNTESTED,"{""Oafx2BELockR"": 0.08, ""Oafx2BETriggerR"": 0.4, ""Oafx2LabMode"": 104}",
OAFX1316,gj_break_even_lock,SCA GBPJPYが一定R順行した後にSLを建値または小幅利益位置へ移動,勝ち方向へ進んだ建玉が全損へ反転する経路を遮断し、取引開始数を変えずにDDを抑える,発注後の最大順行RをEAで監視し、発動R到達後に一度だけSLを利益側へ変更,Oafx2BETriggerR=0.4; Oafx2BELockR=0.1,2軽微なコード変更,UNTESTED,"{""Oafx2BELockR"": 0.1, ""Oafx2BETriggerR"": 0.4, ""Oafx2LabMode"": 104}",
OAFX1317,gj_break_even_lock,SCA GBPJPYが一定R順行した後にSLを建値または小幅利益位置へ移動,勝ち方向へ進んだ建玉が全損へ反転する経路を遮断し、取引開始数を変えずにDDを抑える,発注後の最大順行RをEAで監視し、発動R到達後に一度だけSLを利益側へ変更,Oafx2BETriggerR=0.4; Oafx2BELockR=0.12,2軽微なコード変更,UNTESTED,"{""Oafx2BELockR"": 0.12, ""Oafx2BETriggerR"": 0.4, ""Oafx2LabMode"": 104}",
OAFX1318,gj_break_even_lock,SCA GBPJPYが一定R順行した後にSLを建値または小幅利益位置へ移動,勝ち方向へ進んだ建玉が全損へ反転する経路を遮断し、取引開始数を変えずにDDを抑える,発注後の最大順行RをEAで監視し、発動R到達後に一度だけSLを利益側へ変更,Oafx2BETriggerR=0.4; Oafx2BELockR=0.15,2軽微なコード変更,UNTESTED,"{""Oafx2BELockR"": 0.15, ""Oafx2BETriggerR"": 0.4, ""Oafx2LabMode"": 104}",
OAFX1319,gj_break_even_lock,SCA GBPJPYが一定R順行した後にSLを建値または小幅利益位置へ移動,勝ち方向へ進んだ建玉が全損へ反転する経路を遮断し、取引開始数を変えずにDDを抑える,発注後の最大順行RをEAで監視し、発動R到達後に一度だけSLを利益側へ変更,Oafx2BETriggerR=0.4; Oafx2BELockR=0.18,2軽微なコード変更,UNTESTED,"{""Oafx2BELockR"": 0.18, ""Oafx2BETriggerR"": 0.4, ""Oafx2LabMode"": 104}",
OAFX1320,gj_break_even_lock,SCA GBPJPYが一定R順行した後にSLを建値または小幅利益位置へ移動,勝ち方向へ進んだ建玉が全損へ反転する経路を遮断し、取引開始数を変えずにDDを抑える,発注後の最大順行RをEAで監視し、発動R到達後に一度だけSLを利益側へ変更,Oafx2BETriggerR=0.4; Oafx2BELockR=0.2,2軽微なコード変更,UNTESTED,"{""Oafx2BELockR"": 0.2, ""Oafx2BETriggerR"": 0.4, ""Oafx2LabMode"": 104}",
OAFX1321,gj_break_even_lock,SCA GBPJPYが一定R順行した後にSLを建値または小幅利益位置へ移動,勝ち方向へ進んだ建玉が全損へ反転する経路を遮断し、取引開始数を変えずにDDを抑える,発注後の最大順行RをEAで監視し、発動R到達後に一度だけSLを利益側へ変更,Oafx2BETriggerR=0.5; Oafx2BELockR=0,2軽微なコード変更,UNTESTED,"{""Oafx2BELockR"": 0, ""Oafx2BETriggerR"": 0.5, ""Oafx2LabMode"": 104}",
OAFX1322,gj_break_even_lock,SCA GBPJPYが一定R順行した後にSLを建値または小幅利益位置へ移動,勝ち方向へ進んだ建玉が全損へ反転する経路を遮断し、取引開始数を変えずにDDを抑える,発注後の最大順行RをEAで監視し、発動R到達後に一度だけSLを利益側へ変更,Oafx2BETriggerR=0.5; Oafx2BELockR=0.02,2軽微なコード変更,UNTESTED,"{""Oafx2BELockR"": 0.02, ""Oafx2BETriggerR"": 0.5, ""Oafx2LabMode"": 104}",
OAFX1323,gj_break_even_lock,SCA GBPJPYが一定R順行した後にSLを建値または小幅利益位置へ移動,勝ち方向へ進んだ建玉が全損へ反転する経路を遮断し、取引開始数を変えずにDDを抑える,発注後の最大順行RをEAで監視し、発動R到達後に一度だけSLを利益側へ変更,Oafx2BETriggerR=0.5; Oafx2BELockR=0.04,2軽微なコード変更,UNTESTED,"{""Oafx2BELockR"": 0.04, ""Oafx2BETriggerR"": 0.5, ""Oafx2LabMode"": 104}",
OAFX1324,gj_break_even_lock,SCA GBPJPYが一定R順行した後にSLを建値または小幅利益位置へ移動,勝ち方向へ進んだ建玉が全損へ反転する経路を遮断し、取引開始数を変えずにDDを抑える,発注後の最大順行RをEAで監視し、発動R到達後に一度だけSLを利益側へ変更,Oafx2BETriggerR=0.5; Oafx2BELockR=0.06,2軽微なコード変更,UNTESTED,"{""Oafx2BELockR"": 0.06, ""Oafx2BETriggerR"": 0.5, ""Oafx2LabMode"": 104}",
OAFX1325,gj_break_even_lock,SCA GBPJPYが一定R順行した後にSLを建値または小幅利益位置へ移動,勝ち方向へ進んだ建玉が全損へ反転する経路を遮断し、取引開始数を変えずにDDを抑える,発注後の最大順行RをEAで監視し、発動R到達後に一度だけSLを利益側へ変更,Oafx2BETriggerR=0.5; Oafx2BELockR=0.08,2軽微なコード変更,UNTESTED,"{""Oafx2BELockR"": 0.08, ""Oafx2BETriggerR"": 0.5, ""Oafx2LabMode"": 104}",
OAFX1326,gj_break_even_lock,SCA GBPJPYが一定R順行した後にSLを建値または小幅利益位置へ移動,勝ち方向へ進んだ建玉が全損へ反転する経路を遮断し、取引開始数を変えずにDDを抑える,発注後の最大順行RをEAで監視し、発動R到達後に一度だけSLを利益側へ変更,Oafx2BETriggerR=0.5; Oafx2BELockR=0.1,2軽微なコード変更,UNTESTED,"{""Oafx2BELockR"": 0.1, ""Oafx2BETriggerR"": 0.5, ""Oafx2LabMode"": 104}",
OAFX1327,gj_break_even_lock,SCA GBPJPYが一定R順行した後にSLを建値または小幅利益位置へ移動,勝ち方向へ進んだ建玉が全損へ反転する経路を遮断し、取引開始数を変えずにDDを抑える,発注後の最大順行RをEAで監視し、発動R到達後に一度だけSLを利益側へ変更,Oafx2BETriggerR=0.5; Oafx2BELockR=0.12,2軽微なコード変更,UNTESTED,"{""Oafx2BELockR"": 0.12, ""Oafx2BETriggerR"": 0.5, ""Oafx2LabMode"": 104}",
OAFX1328,gj_break_even_lock,SCA GBPJPYが一定R順行した後にSLを建値または小幅利益位置へ移動,勝ち方向へ進んだ建玉が全損へ反転する経路を遮断し、取引開始数を変えずにDDを抑える,発注後の最大順行RをEAで監視し、発動R到達後に一度だけSLを利益側へ変更,Oafx2BETriggerR=0.5; Oafx2BELockR=0.15,2軽微なコード変更,UNTESTED,"{""Oafx2BELockR"": 0.15, ""Oafx2BETriggerR"": 0.5, ""Oafx2LabMode"": 104}",
OAFX1329,gj_break_even_lock,SCA GBPJPYが一定R順行した後にSLを建値または小幅利益位置へ移動,勝ち方向へ進んだ建玉が全損へ反転する経路を遮断し、取引開始数を変えずにDDを抑える,発注後の最大順行RをEAで監視し、発動R到達後に一度だけSLを利益側へ変更,Oafx2BETriggerR=0.5; Oafx2BELockR=0.18,2軽微なコード変更,UNTESTED,"{""Oafx2BELockR"": 0.18, ""Oafx2BETriggerR"": 0.5, ""Oafx2LabMode"": 104}",
OAFX1330,gj_break_even_lock,SCA GBPJPYが一定R順行した後にSLを建値または小幅利益位置へ移動,勝ち方向へ進んだ建玉が全損へ反転する経路を遮断し、取引開始数を変えずにDDを抑える,発注後の最大順行RをEAで監視し、発動R到達後に一度だけSLを利益側へ変更,Oafx2BETriggerR=0.5; Oafx2BELockR=0.2,2軽微なコード変更,UNTESTED,"{""Oafx2BELockR"": 0.2, ""Oafx2BETriggerR"": 0.5, ""Oafx2LabMode"": 104}",
OAFX1331,gj_break_even_lock,SCA GBPJPYが一定R順行した後にSLを建値または小幅利益位置へ移動,勝ち方向へ進んだ建玉が全損へ反転する経路を遮断し、取引開始数を変えずにDDを抑える,発注後の最大順行RをEAで監視し、発動R到達後に一度だけSLを利益側へ変更,Oafx2BETriggerR=0.6; Oafx2BELockR=0,2軽微なコード変更,UNTESTED,"{""Oafx2BELockR"": 0, ""Oafx2BETriggerR"": 0.6, ""Oafx2LabMode"": 104}",
OAFX1332,gj_break_even_lock,SCA GBPJPYが一定R順行した後にSLを建値または小幅利益位置へ移動,勝ち方向へ進んだ建玉が全損へ反転する経路を遮断し、取引開始数を変えずにDDを抑える,発注後の最大順行RをEAで監視し、発動R到達後に一度だけSLを利益側へ変更,Oafx2BETriggerR=0.6; Oafx2BELockR=0.02,2軽微なコード変更,UNTESTED,"{""Oafx2BELockR"": 0.02, ""Oafx2BETriggerR"": 0.6, ""Oafx2LabMode"": 104}",
OAFX1333,gj_break_even_lock,SCA GBPJPYが一定R順行した後にSLを建値または小幅利益位置へ移動,勝ち方向へ進んだ建玉が全損へ反転する経路を遮断し、取引開始数を変えずにDDを抑える,発注後の最大順行RをEAで監視し、発動R到達後に一度だけSLを利益側へ変更,Oafx2BETriggerR=0.6; Oafx2BELockR=0.04,2軽微なコード変更,UNTESTED,"{""Oafx2BELockR"": 0.04, ""Oafx2BETriggerR"": 0.6, ""Oafx2LabMode"": 104}",
OAFX1334,gj_break_even_lock,SCA GBPJPYが一定R順行した後にSLを建値または小幅利益位置へ移動,勝ち方向へ進んだ建玉が全損へ反転する経路を遮断し、取引開始数を変えずにDDを抑える,発注後の最大順行RをEAで監視し、発動R到達後に一度だけSLを利益側へ変更,Oafx2BETriggerR=0.6; Oafx2BELockR=0.06,2軽微なコード変更,UNTESTED,"{""Oafx2BELockR"": 0.06, ""Oafx2BETriggerR"": 0.6, ""Oafx2LabMode"": 104}",
OAFX1335,gj_break_even_lock,SCA GBPJPYが一定R順行した後にSLを建値または小幅利益位置へ移動,勝ち方向へ進んだ建玉が全損へ反転する経路を遮断し、取引開始数を変えずにDDを抑える,発注後の最大順行RをEAで監視し、発動R到達後に一度だけSLを利益側へ変更,Oafx2BETriggerR=0.6; Oafx2BELockR=0.08,2軽微なコード変更,UNTESTED,"{""Oafx2BELockR"": 0.08, ""Oafx2BETriggerR"": 0.6, ""Oafx2LabMode"": 104}",
OAFX1336,gj_break_even_lock,SCA GBPJPYが一定R順行した後にSLを建値または小幅利益位置へ移動,勝ち方向へ進んだ建玉が全損へ反転する経路を遮断し、取引開始数を変えずにDDを抑える,発注後の最大順行RをEAで監視し、発動R到達後に一度だけSLを利益側へ変更,Oafx2BETriggerR=0.6; Oafx2BELockR=0.1,2軽微なコード変更,UNTESTED,"{""Oafx2BELockR"": 0.1, ""Oafx2BETriggerR"": 0.6, ""Oafx2LabMode"": 104}",
OAFX1337,gj_break_even_lock,SCA GBPJPYが一定R順行した後にSLを建値または小幅利益位置へ移動,勝ち方向へ進んだ建玉が全損へ反転する経路を遮断し、取引開始数を変えずにDDを抑える,発注後の最大順行RをEAで監視し、発動R到達後に一度だけSLを利益側へ変更,Oafx2BETriggerR=0.6; Oafx2BELockR=0.12,2軽微なコード変更,UNTESTED,"{""Oafx2BELockR"": 0.12, ""Oafx2BETriggerR"": 0.6, ""Oafx2LabMode"": 104}",
OAFX1338,gj_break_even_lock,SCA GBPJPYが一定R順行した後にSLを建値または小幅利益位置へ移動,勝ち方向へ進んだ建玉が全損へ反転する経路を遮断し、取引開始数を変えずにDDを抑える,発注後の最大順行RをEAで監視し、発動R到達後に一度だけSLを利益側へ変更,Oafx2BETriggerR=0.6; Oafx2BELockR=0.15,2軽微なコード変更,UNTESTED,"{""Oafx2BELockR"": 0.15, ""Oafx2BETriggerR"": 0.6, ""Oafx2LabMode"": 104}",
OAFX1339,gj_break_even_lock,SCA GBPJPYが一定R順行した後にSLを建値または小幅利益位置へ移動,勝ち方向へ進んだ建玉が全損へ反転する経路を遮断し、取引開始数を変えずにDDを抑える,発注後の最大順行RをEAで監視し、発動R到達後に一度だけSLを利益側へ変更,Oafx2BETriggerR=0.6; Oafx2BELockR=0.18,2軽微なコード変更,UNTESTED,"{""Oafx2BELockR"": 0.18, ""Oafx2BETriggerR"": 0.6, ""Oafx2LabMode"": 104}",
OAFX1340,gj_break_even_lock,SCA GBPJPYが一定R順行した後にSLを建値または小幅利益位置へ移動,勝ち方向へ進んだ建玉が全損へ反転する経路を遮断し、取引開始数を変えずにDDを抑える,発注後の最大順行RをEAで監視し、発動R到達後に一度だけSLを利益側へ変更,Oafx2BETriggerR=0.6; Oafx2BELockR=0.2,2軽微なコード変更,UNTESTED,"{""Oafx2BELockR"": 0.2, ""Oafx2BETriggerR"": 0.6, ""Oafx2LabMode"": 104}",
OAFX1341,gj_break_even_lock,SCA GBPJPYが一定R順行した後にSLを建値または小幅利益位置へ移動,勝ち方向へ進んだ建玉が全損へ反転する経路を遮断し、取引開始数を変えずにDDを抑える,発注後の最大順行RをEAで監視し、発動R到達後に一度だけSLを利益側へ変更,Oafx2BETriggerR=0.7; Oafx2BELockR=0,2軽微なコード変更,UNTESTED,"{""Oafx2BELockR"": 0, ""Oafx2BETriggerR"": 0.7, ""Oafx2LabMode"": 104}",
OAFX1342,gj_break_even_lock,SCA GBPJPYが一定R順行した後にSLを建値または小幅利益位置へ移動,勝ち方向へ進んだ建玉が全損へ反転する経路を遮断し、取引開始数を変えずにDDを抑える,発注後の最大順行RをEAで監視し、発動R到達後に一度だけSLを利益側へ変更,Oafx2BETriggerR=0.7; Oafx2BELockR=0.02,2軽微なコード変更,UNTESTED,"{""Oafx2BELockR"": 0.02, ""Oafx2BETriggerR"": 0.7, ""Oafx2LabMode"": 104}",
OAFX1343,gj_break_even_lock,SCA GBPJPYが一定R順行した後にSLを建値または小幅利益位置へ移動,勝ち方向へ進んだ建玉が全損へ反転する経路を遮断し、取引開始数を変えずにDDを抑える,発注後の最大順行RをEAで監視し、発動R到達後に一度だけSLを利益側へ変更,Oafx2BETriggerR=0.7; Oafx2BELockR=0.04,2軽微なコード変更,UNTESTED,"{""Oafx2BELockR"": 0.04, ""Oafx2BETriggerR"": 0.7, ""Oafx2LabMode"": 104}",
OAFX1344,gj_break_even_lock,SCA GBPJPYが一定R順行した後にSLを建値または小幅利益位置へ移動,勝ち方向へ進んだ建玉が全損へ反転する経路を遮断し、取引開始数を変えずにDDを抑える,発注後の最大順行RをEAで監視し、発動R到達後に一度だけSLを利益側へ変更,Oafx2BETriggerR=0.7; Oafx2BELockR=0.06,2軽微なコード変更,UNTESTED,"{""Oafx2BELockR"": 0.06, ""Oafx2BETriggerR"": 0.7, ""Oafx2LabMode"": 104}",
OAFX1345,gj_break_even_lock,SCA GBPJPYが一定R順行した後にSLを建値または小幅利益位置へ移動,勝ち方向へ進んだ建玉が全損へ反転する経路を遮断し、取引開始数を変えずにDDを抑える,発注後の最大順行RをEAで監視し、発動R到達後に一度だけSLを利益側へ変更,Oafx2BETriggerR=0.7; Oafx2BELockR=0.08,2軽微なコード変更,UNTESTED,"{""Oafx2BELockR"": 0.08, ""Oafx2BETriggerR"": 0.7, ""Oafx2LabMode"": 104}",
OAFX1346,gj_break_even_lock,SCA GBPJPYが一定R順行した後にSLを建値または小幅利益位置へ移動,勝ち方向へ進んだ建玉が全損へ反転する経路を遮断し、取引開始数を変えずにDDを抑える,発注後の最大順行RをEAで監視し、発動R到達後に一度だけSLを利益側へ変更,Oafx2BETriggerR=0.7; Oafx2BELockR=0.1,2軽微なコード変更,UNTESTED,"{""Oafx2BELockR"": 0.1, ""Oafx2BETriggerR"": 0.7, ""Oafx2LabMode"": 104}",
OAFX1347,gj_break_even_lock,SCA GBPJPYが一定R順行した後にSLを建値または小幅利益位置へ移動,勝ち方向へ進んだ建玉が全損へ反転する経路を遮断し、取引開始数を変えずにDDを抑える,発注後の最大順行RをEAで監視し、発動R到達後に一度だけSLを利益側へ変更,Oafx2BETriggerR=0.7; Oafx2BELockR=0.12,2軽微なコード変更,UNTESTED,"{""Oafx2BELockR"": 0.12, ""Oafx2BETriggerR"": 0.7, ""Oafx2LabMode"": 104}",
OAFX1348,gj_break_even_lock,SCA GBPJPYが一定R順行した後にSLを建値または小幅利益位置へ移動,勝ち方向へ進んだ建玉が全損へ反転する経路を遮断し、取引開始数を変えずにDDを抑える,発注後の最大順行RをEAで監視し、発動R到達後に一度だけSLを利益側へ変更,Oafx2BETriggerR=0.7; Oafx2BELockR=0.15,2軽微なコード変更,UNTESTED,"{""Oafx2BELockR"": 0.15, ""Oafx2BETriggerR"": 0.7, ""Oafx2LabMode"": 104}",
OAFX1349,gj_break_even_lock,SCA GBPJPYが一定R順行した後にSLを建値または小幅利益位置へ移動,勝ち方向へ進んだ建玉が全損へ反転する経路を遮断し、取引開始数を変えずにDDを抑える,発注後の最大順行RをEAで監視し、発動R到達後に一度だけSLを利益側へ変更,Oafx2BETriggerR=0.7; Oafx2BELockR=0.18,2軽微なコード変更,UNTESTED,"{""Oafx2BELockR"": 0.18, ""Oafx2BETriggerR"": 0.7, ""Oafx2LabMode"": 104}",
OAFX1350,gj_break_even_lock,SCA GBPJPYが一定R順行した後にSLを建値または小幅利益位置へ移動,勝ち方向へ進んだ建玉が全損へ反転する経路を遮断し、取引開始数を変えずにDDを抑える,発注後の最大順行RをEAで監視し、発動R到達後に一度だけSLを利益側へ変更,Oafx2BETriggerR=0.7; Oafx2BELockR=0.2,2軽微なコード変更,UNTESTED,"{""Oafx2BELockR"": 0.2, ""Oafx2BETriggerR"": 0.7, ""Oafx2LabMode"": 104}",
OAFX1351,gj_break_even_lock,SCA GBPJPYが一定R順行した後にSLを建値または小幅利益位置へ移動,勝ち方向へ進んだ建玉が全損へ反転する経路を遮断し、取引開始数を変えずにDDを抑える,発注後の最大順行RをEAで監視し、発動R到達後に一度だけSLを利益側へ変更,Oafx2BETriggerR=0.8; Oafx2BELockR=0,2軽微なコード変更,UNTESTED,"{""Oafx2BELockR"": 0, ""Oafx2BETriggerR"": 0.8, ""Oafx2LabMode"": 104}",
OAFX1352,gj_break_even_lock,SCA GBPJPYが一定R順行した後にSLを建値または小幅利益位置へ移動,勝ち方向へ進んだ建玉が全損へ反転する経路を遮断し、取引開始数を変えずにDDを抑える,発注後の最大順行RをEAで監視し、発動R到達後に一度だけSLを利益側へ変更,Oafx2BETriggerR=0.8; Oafx2BELockR=0.02,2軽微なコード変更,UNTESTED,"{""Oafx2BELockR"": 0.02, ""Oafx2BETriggerR"": 0.8, ""Oafx2LabMode"": 104}",
OAFX1353,gj_break_even_lock,SCA GBPJPYが一定R順行した後にSLを建値または小幅利益位置へ移動,勝ち方向へ進んだ建玉が全損へ反転する経路を遮断し、取引開始数を変えずにDDを抑える,発注後の最大順行RをEAで監視し、発動R到達後に一度だけSLを利益側へ変更,Oafx2BETriggerR=0.8; Oafx2BELockR=0.04,2軽微なコード変更,UNTESTED,"{""Oafx2BELockR"": 0.04, ""Oafx2BETriggerR"": 0.8, ""Oafx2LabMode"": 104}",
OAFX1354,gj_break_even_lock,SCA GBPJPYが一定R順行した後にSLを建値または小幅利益位置へ移動,勝ち方向へ進んだ建玉が全損へ反転する経路を遮断し、取引開始数を変えずにDDを抑える,発注後の最大順行RをEAで監視し、発動R到達後に一度だけSLを利益側へ変更,Oafx2BETriggerR=0.8; Oafx2BELockR=0.06,2軽微なコード変更,UNTESTED,"{""Oafx2BELockR"": 0.06, ""Oafx2BETriggerR"": 0.8, ""Oafx2LabMode"": 104}",
OAFX1355,gj_break_even_lock,SCA GBPJPYが一定R順行した後にSLを建値または小幅利益位置へ移動,勝ち方向へ進んだ建玉が全損へ反転する経路を遮断し、取引開始数を変えずにDDを抑える,発注後の最大順行RをEAで監視し、発動R到達後に一度だけSLを利益側へ変更,Oafx2BETriggerR=0.8; Oafx2BELockR=0.08,2軽微なコード変更,UNTESTED,"{""Oafx2BELockR"": 0.08, ""Oafx2BETriggerR"": 0.8, ""Oafx2LabMode"": 104}",
OAFX1356,gj_break_even_lock,SCA GBPJPYが一定R順行した後にSLを建値または小幅利益位置へ移動,勝ち方向へ進んだ建玉が全損へ反転する経路を遮断し、取引開始数を変えずにDDを抑える,発注後の最大順行RをEAで監視し、発動R到達後に一度だけSLを利益側へ変更,Oafx2BETriggerR=0.8; Oafx2BELockR=0.1,2軽微なコード変更,UNTESTED,"{""Oafx2BELockR"": 0.1, ""Oafx2BETriggerR"": 0.8, ""Oafx2LabMode"": 104}",
OAFX1357,gj_break_even_lock,SCA GBPJPYが一定R順行した後にSLを建値または小幅利益位置へ移動,勝ち方向へ進んだ建玉が全損へ反転する経路を遮断し、取引開始数を変えずにDDを抑える,発注後の最大順行RをEAで監視し、発動R到達後に一度だけSLを利益側へ変更,Oafx2BETriggerR=0.8; Oafx2BELockR=0.12,2軽微なコード変更,UNTESTED,"{""Oafx2BELockR"": 0.12, ""Oafx2BETriggerR"": 0.8, ""Oafx2LabMode"": 104}",
OAFX1358,gj_break_even_lock,SCA GBPJPYが一定R順行した後にSLを建値または小幅利益位置へ移動,勝ち方向へ進んだ建玉が全損へ反転する経路を遮断し、取引開始数を変えずにDDを抑える,発注後の最大順行RをEAで監視し、発動R到達後に一度だけSLを利益側へ変更,Oafx2BETriggerR=0.8; Oafx2BELockR=0.15,2軽微なコード変更,UNTESTED,"{""Oafx2BELockR"": 0.15, ""Oafx2BETriggerR"": 0.8, ""Oafx2LabMode"": 104}",
OAFX1359,gj_break_even_lock,SCA GBPJPYが一定R順行した後にSLを建値または小幅利益位置へ移動,勝ち方向へ進んだ建玉が全損へ反転する経路を遮断し、取引開始数を変えずにDDを抑える,発注後の最大順行RをEAで監視し、発動R到達後に一度だけSLを利益側へ変更,Oafx2BETriggerR=0.8; Oafx2BELockR=0.18,2軽微なコード変更,UNTESTED,"{""Oafx2BELockR"": 0.18, ""Oafx2BETriggerR"": 0.8, ""Oafx2LabMode"": 104}",
OAFX1360,gj_break_even_lock,SCA GBPJPYが一定R順行した後にSLを建値または小幅利益位置へ移動,勝ち方向へ進んだ建玉が全損へ反転する経路を遮断し、取引開始数を変えずにDDを抑える,発注後の最大順行RをEAで監視し、発動R到達後に一度だけSLを利益側へ変更,Oafx2BETriggerR=0.8; Oafx2BELockR=0.2,2軽微なコード変更,UNTESTED,"{""Oafx2BELockR"": 0.2, ""Oafx2BETriggerR"": 0.8, ""Oafx2LabMode"": 104}",
OAFX1361,gj_break_even_lock,SCA GBPJPYが一定R順行した後にSLを建値または小幅利益位置へ移動,勝ち方向へ進んだ建玉が全損へ反転する経路を遮断し、取引開始数を変えずにDDを抑える,発注後の最大順行RをEAで監視し、発動R到達後に一度だけSLを利益側へ変更,Oafx2BETriggerR=1.0; Oafx2BELockR=0,2軽微なコード変更,UNTESTED,"{""Oafx2BELockR"": 0, ""Oafx2BETriggerR"": 1.0, ""Oafx2LabMode"": 104}",
OAFX1362,gj_break_even_lock,SCA GBPJPYが一定R順行した後にSLを建値または小幅利益位置へ移動,勝ち方向へ進んだ建玉が全損へ反転する経路を遮断し、取引開始数を変えずにDDを抑える,発注後の最大順行RをEAで監視し、発動R到達後に一度だけSLを利益側へ変更,Oafx2BETriggerR=1.0; Oafx2BELockR=0.02,2軽微なコード変更,UNTESTED,"{""Oafx2BELockR"": 0.02, ""Oafx2BETriggerR"": 1.0, ""Oafx2LabMode"": 104}",
OAFX1363,gj_break_even_lock,SCA GBPJPYが一定R順行した後にSLを建値または小幅利益位置へ移動,勝ち方向へ進んだ建玉が全損へ反転する経路を遮断し、取引開始数を変えずにDDを抑える,発注後の最大順行RをEAで監視し、発動R到達後に一度だけSLを利益側へ変更,Oafx2BETriggerR=1.0; Oafx2BELockR=0.04,2軽微なコード変更,UNTESTED,"{""Oafx2BELockR"": 0.04, ""Oafx2BETriggerR"": 1.0, ""Oafx2LabMode"": 104}",
OAFX1364,gj_break_even_lock,SCA GBPJPYが一定R順行した後にSLを建値または小幅利益位置へ移動,勝ち方向へ進んだ建玉が全損へ反転する経路を遮断し、取引開始数を変えずにDDを抑える,発注後の最大順行RをEAで監視し、発動R到達後に一度だけSLを利益側へ変更,Oafx2BETriggerR=1.0; Oafx2BELockR=0.06,2軽微なコード変更,UNTESTED,"{""Oafx2BELockR"": 0.06, ""Oafx2BETriggerR"": 1.0, ""Oafx2LabMode"": 104}",
OAFX1365,gj_break_even_lock,SCA GBPJPYが一定R順行した後にSLを建値または小幅利益位置へ移動,勝ち方向へ進んだ建玉が全損へ反転する経路を遮断し、取引開始数を変えずにDDを抑える,発注後の最大順行RをEAで監視し、発動R到達後に一度だけSLを利益側へ変更,Oafx2BETriggerR=1.0; Oafx2BELockR=0.08,2軽微なコード変更,UNTESTED,"{""Oafx2BELockR"": 0.08, ""Oafx2BETriggerR"": 1.0, ""Oafx2LabMode"": 104}",
OAFX1366,gj_break_even_lock,SCA GBPJPYが一定R順行した後にSLを建値または小幅利益位置へ移動,勝ち方向へ進んだ建玉が全損へ反転する経路を遮断し、取引開始数を変えずにDDを抑える,発注後の最大順行RをEAで監視し、発動R到達後に一度だけSLを利益側へ変更,Oafx2BETriggerR=1.0; Oafx2BELockR=0.1,2軽微なコード変更,UNTESTED,"{""Oafx2BELockR"": 0.1, ""Oafx2BETriggerR"": 1.0, ""Oafx2LabMode"": 104}",
OAFX1367,gj_break_even_lock,SCA GBPJPYが一定R順行した後にSLを建値または小幅利益位置へ移動,勝ち方向へ進んだ建玉が全損へ反転する経路を遮断し、取引開始数を変えずにDDを抑える,発注後の最大順行RをEAで監視し、発動R到達後に一度だけSLを利益側へ変更,Oafx2BETriggerR=1.0; Oafx2BELockR=0.12,2軽微なコード変更,UNTESTED,"{""Oafx2BELockR"": 0.12, ""Oafx2BETriggerR"": 1.0, ""Oafx2LabMode"": 104}",
OAFX1368,gj_break_even_lock,SCA GBPJPYが一定R順行した後にSLを建値または小幅利益位置へ移動,勝ち方向へ進んだ建玉が全損へ反転する経路を遮断し、取引開始数を変えずにDDを抑える,発注後の最大順行RをEAで監視し、発動R到達後に一度だけSLを利益側へ変更,Oafx2BETriggerR=1.0; Oafx2BELockR=0.15,2軽微なコード変更,UNTESTED,"{""Oafx2BELockR"": 0.15, ""Oafx2BETriggerR"": 1.0, ""Oafx2LabMode"": 104}",
OAFX1369,gj_break_even_lock,SCA GBPJPYが一定R順行した後にSLを建値または小幅利益位置へ移動,勝ち方向へ進んだ建玉が全損へ反転する経路を遮断し、取引開始数を変えずにDDを抑える,発注後の最大順行RをEAで監視し、発動R到達後に一度だけSLを利益側へ変更,Oafx2BETriggerR=1.0; Oafx2BELockR=0.18,2軽微なコード変更,UNTESTED,"{""Oafx2BELockR"": 0.18, ""Oafx2BETriggerR"": 1.0, ""Oafx2LabMode"": 104}",
OAFX1370,gj_break_even_lock,SCA GBPJPYが一定R順行した後にSLを建値または小幅利益位置へ移動,勝ち方向へ進んだ建玉が全損へ反転する経路を遮断し、取引開始数を変えずにDDを抑える,発注後の最大順行RをEAで監視し、発動R到達後に一度だけSLを利益側へ変更,Oafx2BETriggerR=1.0; Oafx2BELockR=0.2,2軽微なコード変更,UNTESTED,"{""Oafx2BELockR"": 0.2, ""Oafx2BETriggerR"": 1.0, ""Oafx2LabMode"": 104}",
OAFX1371,gj_break_even_lock,SCA GBPJPYが一定R順行した後にSLを建値または小幅利益位置へ移動,勝ち方向へ進んだ建玉が全損へ反転する経路を遮断し、取引開始数を変えずにDDを抑える,発注後の最大順行RをEAで監視し、発動R到達後に一度だけSLを利益側へ変更,Oafx2BETriggerR=1.2; Oafx2BELockR=0,2軽微なコード変更,UNTESTED,"{""Oafx2BELockR"": 0, ""Oafx2BETriggerR"": 1.2, ""Oafx2LabMode"": 104}",
OAFX1372,gj_break_even_lock,SCA GBPJPYが一定R順行した後にSLを建値または小幅利益位置へ移動,勝ち方向へ進んだ建玉が全損へ反転する経路を遮断し、取引開始数を変えずにDDを抑える,発注後の最大順行RをEAで監視し、発動R到達後に一度だけSLを利益側へ変更,Oafx2BETriggerR=1.2; Oafx2BELockR=0.02,2軽微なコード変更,UNTESTED,"{""Oafx2BELockR"": 0.02, ""Oafx2BETriggerR"": 1.2, ""Oafx2LabMode"": 104}",
OAFX1373,gj_break_even_lock,SCA GBPJPYが一定R順行した後にSLを建値または小幅利益位置へ移動,勝ち方向へ進んだ建玉が全損へ反転する経路を遮断し、取引開始数を変えずにDDを抑える,発注後の最大順行RをEAで監視し、発動R到達後に一度だけSLを利益側へ変更,Oafx2BETriggerR=1.2; Oafx2BELockR=0.04,2軽微なコード変更,UNTESTED,"{""Oafx2BELockR"": 0.04, ""Oafx2BETriggerR"": 1.2, ""Oafx2LabMode"": 104}",
OAFX1374,gj_break_even_lock,SCA GBPJPYが一定R順行した後にSLを建値または小幅利益位置へ移動,勝ち方向へ進んだ建玉が全損へ反転する経路を遮断し、取引開始数を変えずにDDを抑える,発注後の最大順行RをEAで監視し、発動R到達後に一度だけSLを利益側へ変更,Oafx2BETriggerR=1.2; Oafx2BELockR=0.06,2軽微なコード変更,UNTESTED,"{""Oafx2BELockR"": 0.06, ""Oafx2BETriggerR"": 1.2, ""Oafx2LabMode"": 104}",
OAFX1375,gj_break_even_lock,SCA GBPJPYが一定R順行した後にSLを建値または小幅利益位置へ移動,勝ち方向へ進んだ建玉が全損へ反転する経路を遮断し、取引開始数を変えずにDDを抑える,発注後の最大順行RをEAで監視し、発動R到達後に一度だけSLを利益側へ変更,Oafx2BETriggerR=1.2; Oafx2BELockR=0.08,2軽微なコード変更,UNTESTED,"{""Oafx2BELockR"": 0.08, ""Oafx2BETriggerR"": 1.2, ""Oafx2LabMode"": 104}",
OAFX1376,gj_break_even_lock,SCA GBPJPYが一定R順行した後にSLを建値または小幅利益位置へ移動,勝ち方向へ進んだ建玉が全損へ反転する経路を遮断し、取引開始数を変えずにDDを抑える,発注後の最大順行RをEAで監視し、発動R到達後に一度だけSLを利益側へ変更,Oafx2BETriggerR=1.2; Oafx2BELockR=0.1,2軽微なコード変更,UNTESTED,"{""Oafx2BELockR"": 0.1, ""Oafx2BETriggerR"": 1.2, ""Oafx2LabMode"": 104}",
OAFX1377,gj_break_even_lock,SCA GBPJPYが一定R順行した後にSLを建値または小幅利益位置へ移動,勝ち方向へ進んだ建玉が全損へ反転する経路を遮断し、取引開始数を変えずにDDを抑える,発注後の最大順行RをEAで監視し、発動R到達後に一度だけSLを利益側へ変更,Oafx2BETriggerR=1.2; Oafx2BELockR=0.12,2軽微なコード変更,UNTESTED,"{""Oafx2BELockR"": 0.12, ""Oafx2BETriggerR"": 1.2, ""Oafx2LabMode"": 104}",
OAFX1378,gj_break_even_lock,SCA GBPJPYが一定R順行した後にSLを建値または小幅利益位置へ移動,勝ち方向へ進んだ建玉が全損へ反転する経路を遮断し、取引開始数を変えずにDDを抑える,発注後の最大順行RをEAで監視し、発動R到達後に一度だけSLを利益側へ変更,Oafx2BETriggerR=1.2; Oafx2BELockR=0.15,2軽微なコード変更,UNTESTED,"{""Oafx2BELockR"": 0.15, ""Oafx2BETriggerR"": 1.2, ""Oafx2LabMode"": 104}",
OAFX1379,gj_break_even_lock,SCA GBPJPYが一定R順行した後にSLを建値または小幅利益位置へ移動,勝ち方向へ進んだ建玉が全損へ反転する経路を遮断し、取引開始数を変えずにDDを抑える,発注後の最大順行RをEAで監視し、発動R到達後に一度だけSLを利益側へ変更,Oafx2BETriggerR=1.2; Oafx2BELockR=0.18,2軽微なコード変更,UNTESTED,"{""Oafx2BELockR"": 0.18, ""Oafx2BETriggerR"": 1.2, ""Oafx2LabMode"": 104}",
OAFX1380,gj_break_even_lock,SCA GBPJPYが一定R順行した後にSLを建値または小幅利益位置へ移動,勝ち方向へ進んだ建玉が全損へ反転する経路を遮断し、取引開始数を変えずにDDを抑える,発注後の最大順行RをEAで監視し、発動R到達後に一度だけSLを利益側へ変更,Oafx2BETriggerR=1.2; Oafx2BELockR=0.2,2軽微なコード変更,UNTESTED,"{""Oafx2BELockR"": 0.2, ""Oafx2BETriggerR"": 1.2, ""Oafx2LabMode"": 104}",
OAFX1381,gj_break_even_lock,SCA GBPJPYが一定R順行した後にSLを建値または小幅利益位置へ移動,勝ち方向へ進んだ建玉が全損へ反転する経路を遮断し、取引開始数を変えずにDDを抑える,発注後の最大順行RをEAで監視し、発動R到達後に一度だけSLを利益側へ変更,Oafx2BETriggerR=1.5; Oafx2BELockR=0,2軽微なコード変更,UNTESTED,"{""Oafx2BELockR"": 0, ""Oafx2BETriggerR"": 1.5, ""Oafx2LabMode"": 104}",
OAFX1382,gj_break_even_lock,SCA GBPJPYが一定R順行した後にSLを建値または小幅利益位置へ移動,勝ち方向へ進んだ建玉が全損へ反転する経路を遮断し、取引開始数を変えずにDDを抑える,発注後の最大順行RをEAで監視し、発動R到達後に一度だけSLを利益側へ変更,Oafx2BETriggerR=1.5; Oafx2BELockR=0.02,2軽微なコード変更,UNTESTED,"{""Oafx2BELockR"": 0.02, ""Oafx2BETriggerR"": 1.5, ""Oafx2LabMode"": 104}",
OAFX1383,gj_break_even_lock,SCA GBPJPYが一定R順行した後にSLを建値または小幅利益位置へ移動,勝ち方向へ進んだ建玉が全損へ反転する経路を遮断し、取引開始数を変えずにDDを抑える,発注後の最大順行RをEAで監視し、発動R到達後に一度だけSLを利益側へ変更,Oafx2BETriggerR=1.5; Oafx2BELockR=0.04,2軽微なコード変更,UNTESTED,"{""Oafx2BELockR"": 0.04, ""Oafx2BETriggerR"": 1.5, ""Oafx2LabMode"": 104}",
OAFX1384,gj_break_even_lock,SCA GBPJPYが一定R順行した後にSLを建値または小幅利益位置へ移動,勝ち方向へ進んだ建玉が全損へ反転する経路を遮断し、取引開始数を変えずにDDを抑える,発注後の最大順行RをEAで監視し、発動R到達後に一度だけSLを利益側へ変更,Oafx2BETriggerR=1.5; Oafx2BELockR=0.06,2軽微なコード変更,UNTESTED,"{""Oafx2BELockR"": 0.06, ""Oafx2BETriggerR"": 1.5, ""Oafx2LabMode"": 104}",
OAFX1385,gj_break_even_lock,SCA GBPJPYが一定R順行した後にSLを建値または小幅利益位置へ移動,勝ち方向へ進んだ建玉が全損へ反転する経路を遮断し、取引開始数を変えずにDDを抑える,発注後の最大順行RをEAで監視し、発動R到達後に一度だけSLを利益側へ変更,Oafx2BETriggerR=1.5; Oafx2BELockR=0.08,2軽微なコード変更,UNTESTED,"{""Oafx2BELockR"": 0.08, ""Oafx2BETriggerR"": 1.5, ""Oafx2LabMode"": 104}",
OAFX1386,gj_break_even_lock,SCA GBPJPYが一定R順行した後にSLを建値または小幅利益位置へ移動,勝ち方向へ進んだ建玉が全損へ反転する経路を遮断し、取引開始数を変えずにDDを抑える,発注後の最大順行RをEAで監視し、発動R到達後に一度だけSLを利益側へ変更,Oafx2BETriggerR=1.5; Oafx2BELockR=0.1,2軽微なコード変更,UNTESTED,"{""Oafx2BELockR"": 0.1, ""Oafx2BETriggerR"": 1.5, ""Oafx2LabMode"": 104}",
OAFX1387,gj_break_even_lock,SCA GBPJPYが一定R順行した後にSLを建値または小幅利益位置へ移動,勝ち方向へ進んだ建玉が全損へ反転する経路を遮断し、取引開始数を変えずにDDを抑える,発注後の最大順行RをEAで監視し、発動R到達後に一度だけSLを利益側へ変更,Oafx2BETriggerR=1.5; Oafx2BELockR=0.12,2軽微なコード変更,UNTESTED,"{""Oafx2BELockR"": 0.12, ""Oafx2BETriggerR"": 1.5, ""Oafx2LabMode"": 104}",
OAFX1388,gj_break_even_lock,SCA GBPJPYが一定R順行した後にSLを建値または小幅利益位置へ移動,勝ち方向へ進んだ建玉が全損へ反転する経路を遮断し、取引開始数を変えずにDDを抑える,発注後の最大順行RをEAで監視し、発動R到達後に一度だけSLを利益側へ変更,Oafx2BETriggerR=1.5; Oafx2BELockR=0.15,2軽微なコード変更,UNTESTED,"{""Oafx2BELockR"": 0.15, ""Oafx2BETriggerR"": 1.5, ""Oafx2LabMode"": 104}",
OAFX1389,gj_break_even_lock,SCA GBPJPYが一定R順行した後にSLを建値または小幅利益位置へ移動,勝ち方向へ進んだ建玉が全損へ反転する経路を遮断し、取引開始数を変えずにDDを抑える,発注後の最大順行RをEAで監視し、発動R到達後に一度だけSLを利益側へ変更,Oafx2BETriggerR=1.5; Oafx2BELockR=0.18,2軽微なコード変更,UNTESTED,"{""Oafx2BELockR"": 0.18, ""Oafx2BETriggerR"": 1.5, ""Oafx2LabMode"": 104}",
OAFX1390,gj_break_even_lock,SCA GBPJPYが一定R順行した後にSLを建値または小幅利益位置へ移動,勝ち方向へ進んだ建玉が全損へ反転する経路を遮断し、取引開始数を変えずにDDを抑える,発注後の最大順行RをEAで監視し、発動R到達後に一度だけSLを利益側へ変更,Oafx2BETriggerR=1.5; Oafx2BELockR=0.2,2軽微なコード変更,UNTESTED,"{""Oafx2BELockR"": 0.2, ""Oafx2BETriggerR"": 1.5, ""Oafx2LabMode"": 104}",
OAFX1391,gj_break_even_lock,SCA GBPJPYが一定R順行した後にSLを建値または小幅利益位置へ移動,勝ち方向へ進んだ建玉が全損へ反転する経路を遮断し、取引開始数を変えずにDDを抑える,発注後の最大順行RをEAで監視し、発動R到達後に一度だけSLを利益側へ変更,Oafx2BETriggerR=1.8; Oafx2BELockR=0,2軽微なコード変更,UNTESTED,"{""Oafx2BELockR"": 0, ""Oafx2BETriggerR"": 1.8, ""Oafx2LabMode"": 104}",
OAFX1392,gj_break_even_lock,SCA GBPJPYが一定R順行した後にSLを建値または小幅利益位置へ移動,勝ち方向へ進んだ建玉が全損へ反転する経路を遮断し、取引開始数を変えずにDDを抑える,発注後の最大順行RをEAで監視し、発動R到達後に一度だけSLを利益側へ変更,Oafx2BETriggerR=1.8; Oafx2BELockR=0.02,2軽微なコード変更,UNTESTED,"{""Oafx2BELockR"": 0.02, ""Oafx2BETriggerR"": 1.8, ""Oafx2LabMode"": 104}",
OAFX1393,gj_break_even_lock,SCA GBPJPYが一定R順行した後にSLを建値または小幅利益位置へ移動,勝ち方向へ進んだ建玉が全損へ反転する経路を遮断し、取引開始数を変えずにDDを抑える,発注後の最大順行RをEAで監視し、発動R到達後に一度だけSLを利益側へ変更,Oafx2BETriggerR=1.8; Oafx2BELockR=0.04,2軽微なコード変更,UNTESTED,"{""Oafx2BELockR"": 0.04, ""Oafx2BETriggerR"": 1.8, ""Oafx2LabMode"": 104}",
OAFX1394,gj_break_even_lock,SCA GBPJPYが一定R順行した後にSLを建値または小幅利益位置へ移動,勝ち方向へ進んだ建玉が全損へ反転する経路を遮断し、取引開始数を変えずにDDを抑える,発注後の最大順行RをEAで監視し、発動R到達後に一度だけSLを利益側へ変更,Oafx2BETriggerR=1.8; Oafx2BELockR=0.06,2軽微なコード変更,UNTESTED,"{""Oafx2BELockR"": 0.06, ""Oafx2BETriggerR"": 1.8, ""Oafx2LabMode"": 104}",
OAFX1395,gj_break_even_lock,SCA GBPJPYが一定R順行した後にSLを建値または小幅利益位置へ移動,勝ち方向へ進んだ建玉が全損へ反転する経路を遮断し、取引開始数を変えずにDDを抑える,発注後の最大順行RをEAで監視し、発動R到達後に一度だけSLを利益側へ変更,Oafx2BETriggerR=1.8; Oafx2BELockR=0.08,2軽微なコード変更,UNTESTED,"{""Oafx2BELockR"": 0.08, ""Oafx2BETriggerR"": 1.8, ""Oafx2LabMode"": 104}",
OAFX1396,gj_break_even_lock,SCA GBPJPYが一定R順行した後にSLを建値または小幅利益位置へ移動,勝ち方向へ進んだ建玉が全損へ反転する経路を遮断し、取引開始数を変えずにDDを抑える,発注後の最大順行RをEAで監視し、発動R到達後に一度だけSLを利益側へ変更,Oafx2BETriggerR=1.8; Oafx2BELockR=0.1,2軽微なコード変更,UNTESTED,"{""Oafx2BELockR"": 0.1, ""Oafx2BETriggerR"": 1.8, ""Oafx2LabMode"": 104}",
OAFX1397,gj_break_even_lock,SCA GBPJPYが一定R順行した後にSLを建値または小幅利益位置へ移動,勝ち方向へ進んだ建玉が全損へ反転する経路を遮断し、取引開始数を変えずにDDを抑える,発注後の最大順行RをEAで監視し、発動R到達後に一度だけSLを利益側へ変更,Oafx2BETriggerR=1.8; Oafx2BELockR=0.12,2軽微なコード変更,UNTESTED,"{""Oafx2BELockR"": 0.12, ""Oafx2BETriggerR"": 1.8, ""Oafx2LabMode"": 104}",
OAFX1398,gj_break_even_lock,SCA GBPJPYが一定R順行した後にSLを建値または小幅利益位置へ移動,勝ち方向へ進んだ建玉が全損へ反転する経路を遮断し、取引開始数を変えずにDDを抑える,発注後の最大順行RをEAで監視し、発動R到達後に一度だけSLを利益側へ変更,Oafx2BETriggerR=1.8; Oafx2BELockR=0.15,2軽微なコード変更,UNTESTED,"{""Oafx2BELockR"": 0.15, ""Oafx2BETriggerR"": 1.8, ""Oafx2LabMode"": 104}",
OAFX1399,gj_break_even_lock,SCA GBPJPYが一定R順行した後にSLを建値または小幅利益位置へ移動,勝ち方向へ進んだ建玉が全損へ反転する経路を遮断し、取引開始数を変えずにDDを抑える,発注後の最大順行RをEAで監視し、発動R到達後に一度だけSLを利益側へ変更,Oafx2BETriggerR=1.8; Oafx2BELockR=0.18,2軽微なコード変更,UNTESTED,"{""Oafx2BELockR"": 0.18, ""Oafx2BETriggerR"": 1.8, ""Oafx2LabMode"": 104}",
OAFX1400,gj_break_even_lock,SCA GBPJPYが一定R順行した後にSLを建値または小幅利益位置へ移動,勝ち方向へ進んだ建玉が全損へ反転する経路を遮断し、取引開始数を変えずにDDを抑える,発注後の最大順行RをEAで監視し、発動R到達後に一度だけSLを利益側へ変更,Oafx2BETriggerR=1.8; Oafx2BELockR=0.2,2軽微なコード変更,UNTESTED,"{""Oafx2BELockR"": 0.2, ""Oafx2BETriggerR"": 1.8, ""Oafx2LabMode"": 104}",
OAFX1401,gj_atr_trailing,SCA GBPJPYが一定R順行した後に日足ATR幅の追随SLを開始,24時間超の大勝ちは残しながら、順行後の反転で生じる含み益消失とDD拡大を抑える,全発注を維持し、発動R到達後だけ有利方向へ単調に動くATRトレールをEAで適用,Oafx2TrailTriggerR=0.3; Oafx2TrailATR=0.1,2中規模のコード変更,UNTESTED,"{""Oafx2LabMode"": 105, ""Oafx2TrailATR"": 0.1, ""Oafx2TrailTriggerR"": 0.3}",
OAFX1402,gj_atr_trailing,SCA GBPJPYが一定R順行した後に日足ATR幅の追随SLを開始,24時間超の大勝ちは残しながら、順行後の反転で生じる含み益消失とDD拡大を抑える,全発注を維持し、発動R到達後だけ有利方向へ単調に動くATRトレールをEAで適用,Oafx2TrailTriggerR=0.3; Oafx2TrailATR=0.15,2中規模のコード変更,UNTESTED,"{""Oafx2LabMode"": 105, ""Oafx2TrailATR"": 0.15, ""Oafx2TrailTriggerR"": 0.3}",
OAFX1403,gj_atr_trailing,SCA GBPJPYが一定R順行した後に日足ATR幅の追随SLを開始,24時間超の大勝ちは残しながら、順行後の反転で生じる含み益消失とDD拡大を抑える,全発注を維持し、発動R到達後だけ有利方向へ単調に動くATRトレールをEAで適用,Oafx2TrailTriggerR=0.3; Oafx2TrailATR=0.2,2中規模のコード変更,UNTESTED,"{""Oafx2LabMode"": 105, ""Oafx2TrailATR"": 0.2, ""Oafx2TrailTriggerR"": 0.3}",
OAFX1404,gj_atr_trailing,SCA GBPJPYが一定R順行した後に日足ATR幅の追随SLを開始,24時間超の大勝ちは残しながら、順行後の反転で生じる含み益消失とDD拡大を抑える,全発注を維持し、発動R到達後だけ有利方向へ単調に動くATRトレールをEAで適用,Oafx2TrailTriggerR=0.3; Oafx2TrailATR=0.25,2中規模のコード変更,UNTESTED,"{""Oafx2LabMode"": 105, ""Oafx2TrailATR"": 0.25, ""Oafx2TrailTriggerR"": 0.3}",
OAFX1405,gj_atr_trailing,SCA GBPJPYが一定R順行した後に日足ATR幅の追随SLを開始,24時間超の大勝ちは残しながら、順行後の反転で生じる含み益消失とDD拡大を抑える,全発注を維持し、発動R到達後だけ有利方向へ単調に動くATRトレールをEAで適用,Oafx2TrailTriggerR=0.3; Oafx2TrailATR=0.3,2中規模のコード変更,UNTESTED,"{""Oafx2LabMode"": 105, ""Oafx2TrailATR"": 0.3, ""Oafx2TrailTriggerR"": 0.3}",
OAFX1406,gj_atr_trailing,SCA GBPJPYが一定R順行した後に日足ATR幅の追随SLを開始,24時間超の大勝ちは残しながら、順行後の反転で生じる含み益消失とDD拡大を抑える,全発注を維持し、発動R到達後だけ有利方向へ単調に動くATRトレールをEAで適用,Oafx2TrailTriggerR=0.3; Oafx2TrailATR=0.4,2中規模のコード変更,UNTESTED,"{""Oafx2LabMode"": 105, ""Oafx2TrailATR"": 0.4, ""Oafx2TrailTriggerR"": 0.3}",
OAFX1407,gj_atr_trailing,SCA GBPJPYが一定R順行した後に日足ATR幅の追随SLを開始,24時間超の大勝ちは残しながら、順行後の反転で生じる含み益消失とDD拡大を抑える,全発注を維持し、発動R到達後だけ有利方向へ単調に動くATRトレールをEAで適用,Oafx2TrailTriggerR=0.3; Oafx2TrailATR=0.5,2中規模のコード変更,UNTESTED,"{""Oafx2LabMode"": 105, ""Oafx2TrailATR"": 0.5, ""Oafx2TrailTriggerR"": 0.3}",
OAFX1408,gj_atr_trailing,SCA GBPJPYが一定R順行した後に日足ATR幅の追随SLを開始,24時間超の大勝ちは残しながら、順行後の反転で生じる含み益消失とDD拡大を抑える,全発注を維持し、発動R到達後だけ有利方向へ単調に動くATRトレールをEAで適用,Oafx2TrailTriggerR=0.3; Oafx2TrailATR=0.6,2中規模のコード変更,UNTESTED,"{""Oafx2LabMode"": 105, ""Oafx2TrailATR"": 0.6, ""Oafx2TrailTriggerR"": 0.3}",
OAFX1409,gj_atr_trailing,SCA GBPJPYが一定R順行した後に日足ATR幅の追随SLを開始,24時間超の大勝ちは残しながら、順行後の反転で生じる含み益消失とDD拡大を抑える,全発注を維持し、発動R到達後だけ有利方向へ単調に動くATRトレールをEAで適用,Oafx2TrailTriggerR=0.3; Oafx2TrailATR=0.75,2中規模のコード変更,UNTESTED,"{""Oafx2LabMode"": 105, ""Oafx2TrailATR"": 0.75, ""Oafx2TrailTriggerR"": 0.3}",
OAFX1410,gj_atr_trailing,SCA GBPJPYが一定R順行した後に日足ATR幅の追随SLを開始,24時間超の大勝ちは残しながら、順行後の反転で生じる含み益消失とDD拡大を抑える,全発注を維持し、発動R到達後だけ有利方向へ単調に動くATRトレールをEAで適用,Oafx2TrailTriggerR=0.3; Oafx2TrailATR=1.0,2中規模のコード変更,UNTESTED,"{""Oafx2LabMode"": 105, ""Oafx2TrailATR"": 1.0, ""Oafx2TrailTriggerR"": 0.3}",
OAFX1411,gj_atr_trailing,SCA GBPJPYが一定R順行した後に日足ATR幅の追随SLを開始,24時間超の大勝ちは残しながら、順行後の反転で生じる含み益消失とDD拡大を抑える,全発注を維持し、発動R到達後だけ有利方向へ単調に動くATRトレールをEAで適用,Oafx2TrailTriggerR=0.4; Oafx2TrailATR=0.1,2中規模のコード変更,UNTESTED,"{""Oafx2LabMode"": 105, ""Oafx2TrailATR"": 0.1, ""Oafx2TrailTriggerR"": 0.4}",
OAFX1412,gj_atr_trailing,SCA GBPJPYが一定R順行した後に日足ATR幅の追随SLを開始,24時間超の大勝ちは残しながら、順行後の反転で生じる含み益消失とDD拡大を抑える,全発注を維持し、発動R到達後だけ有利方向へ単調に動くATRトレールをEAで適用,Oafx2TrailTriggerR=0.4; Oafx2TrailATR=0.15,2中規模のコード変更,UNTESTED,"{""Oafx2LabMode"": 105, ""Oafx2TrailATR"": 0.15, ""Oafx2TrailTriggerR"": 0.4}",
OAFX1413,gj_atr_trailing,SCA GBPJPYが一定R順行した後に日足ATR幅の追随SLを開始,24時間超の大勝ちは残しながら、順行後の反転で生じる含み益消失とDD拡大を抑える,全発注を維持し、発動R到達後だけ有利方向へ単調に動くATRトレールをEAで適用,Oafx2TrailTriggerR=0.4; Oafx2TrailATR=0.2,2中規模のコード変更,UNTESTED,"{""Oafx2LabMode"": 105, ""Oafx2TrailATR"": 0.2, ""Oafx2TrailTriggerR"": 0.4}",
OAFX1414,gj_atr_trailing,SCA GBPJPYが一定R順行した後に日足ATR幅の追随SLを開始,24時間超の大勝ちは残しながら、順行後の反転で生じる含み益消失とDD拡大を抑える,全発注を維持し、発動R到達後だけ有利方向へ単調に動くATRトレールをEAで適用,Oafx2TrailTriggerR=0.4; Oafx2TrailATR=0.25,2中規模のコード変更,UNTESTED,"{""Oafx2LabMode"": 105, ""Oafx2TrailATR"": 0.25, ""Oafx2TrailTriggerR"": 0.4}",
OAFX1415,gj_atr_trailing,SCA GBPJPYが一定R順行した後に日足ATR幅の追随SLを開始,24時間超の大勝ちは残しながら、順行後の反転で生じる含み益消失とDD拡大を抑える,全発注を維持し、発動R到達後だけ有利方向へ単調に動くATRトレールをEAで適用,Oafx2TrailTriggerR=0.4; Oafx2TrailATR=0.3,2中規模のコード変更,UNTESTED,"{""Oafx2LabMode"": 105, ""Oafx2TrailATR"": 0.3, ""Oafx2TrailTriggerR"": 0.4}",
OAFX1416,gj_atr_trailing,SCA GBPJPYが一定R順行した後に日足ATR幅の追随SLを開始,24時間超の大勝ちは残しながら、順行後の反転で生じる含み益消失とDD拡大を抑える,全発注を維持し、発動R到達後だけ有利方向へ単調に動くATRトレールをEAで適用,Oafx2TrailTriggerR=0.4; Oafx2TrailATR=0.4,2中規模のコード変更,UNTESTED,"{""Oafx2LabMode"": 105, ""Oafx2TrailATR"": 0.4, ""Oafx2TrailTriggerR"": 0.4}",
OAFX1417,gj_atr_trailing,SCA GBPJPYが一定R順行した後に日足ATR幅の追随SLを開始,24時間超の大勝ちは残しながら、順行後の反転で生じる含み益消失とDD拡大を抑える,全発注を維持し、発動R到達後だけ有利方向へ単調に動くATRトレールをEAで適用,Oafx2TrailTriggerR=0.4; Oafx2TrailATR=0.5,2中規模のコード変更,UNTESTED,"{""Oafx2LabMode"": 105, ""Oafx2TrailATR"": 0.5, ""Oafx2TrailTriggerR"": 0.4}",
OAFX1418,gj_atr_trailing,SCA GBPJPYが一定R順行した後に日足ATR幅の追随SLを開始,24時間超の大勝ちは残しながら、順行後の反転で生じる含み益消失とDD拡大を抑える,全発注を維持し、発動R到達後だけ有利方向へ単調に動くATRトレールをEAで適用,Oafx2TrailTriggerR=0.4; Oafx2TrailATR=0.6,2中規模のコード変更,UNTESTED,"{""Oafx2LabMode"": 105, ""Oafx2TrailATR"": 0.6, ""Oafx2TrailTriggerR"": 0.4}",
OAFX1419,gj_atr_trailing,SCA GBPJPYが一定R順行した後に日足ATR幅の追随SLを開始,24時間超の大勝ちは残しながら、順行後の反転で生じる含み益消失とDD拡大を抑える,全発注を維持し、発動R到達後だけ有利方向へ単調に動くATRトレールをEAで適用,Oafx2TrailTriggerR=0.4; Oafx2TrailATR=0.75,2中規模のコード変更,UNTESTED,"{""Oafx2LabMode"": 105, ""Oafx2TrailATR"": 0.75, ""Oafx2TrailTriggerR"": 0.4}",
OAFX1420,gj_atr_trailing,SCA GBPJPYが一定R順行した後に日足ATR幅の追随SLを開始,24時間超の大勝ちは残しながら、順行後の反転で生じる含み益消失とDD拡大を抑える,全発注を維持し、発動R到達後だけ有利方向へ単調に動くATRトレールをEAで適用,Oafx2TrailTriggerR=0.4; Oafx2TrailATR=1.0,2中規模のコード変更,UNTESTED,"{""Oafx2LabMode"": 105, ""Oafx2TrailATR"": 1.0, ""Oafx2TrailTriggerR"": 0.4}",
OAFX1421,gj_atr_trailing,SCA GBPJPYが一定R順行した後に日足ATR幅の追随SLを開始,24時間超の大勝ちは残しながら、順行後の反転で生じる含み益消失とDD拡大を抑える,全発注を維持し、発動R到達後だけ有利方向へ単調に動くATRトレールをEAで適用,Oafx2TrailTriggerR=0.5; Oafx2TrailATR=0.1,2中規模のコード変更,UNTESTED,"{""Oafx2LabMode"": 105, ""Oafx2TrailATR"": 0.1, ""Oafx2TrailTriggerR"": 0.5}",
OAFX1422,gj_atr_trailing,SCA GBPJPYが一定R順行した後に日足ATR幅の追随SLを開始,24時間超の大勝ちは残しながら、順行後の反転で生じる含み益消失とDD拡大を抑える,全発注を維持し、発動R到達後だけ有利方向へ単調に動くATRトレールをEAで適用,Oafx2TrailTriggerR=0.5; Oafx2TrailATR=0.15,2中規模のコード変更,UNTESTED,"{""Oafx2LabMode"": 105, ""Oafx2TrailATR"": 0.15, ""Oafx2TrailTriggerR"": 0.5}",
OAFX1423,gj_atr_trailing,SCA GBPJPYが一定R順行した後に日足ATR幅の追随SLを開始,24時間超の大勝ちは残しながら、順行後の反転で生じる含み益消失とDD拡大を抑える,全発注を維持し、発動R到達後だけ有利方向へ単調に動くATRトレールをEAで適用,Oafx2TrailTriggerR=0.5; Oafx2TrailATR=0.2,2中規模のコード変更,UNTESTED,"{""Oafx2LabMode"": 105, ""Oafx2TrailATR"": 0.2, ""Oafx2TrailTriggerR"": 0.5}",
OAFX1424,gj_atr_trailing,SCA GBPJPYが一定R順行した後に日足ATR幅の追随SLを開始,24時間超の大勝ちは残しながら、順行後の反転で生じる含み益消失とDD拡大を抑える,全発注を維持し、発動R到達後だけ有利方向へ単調に動くATRトレールをEAで適用,Oafx2TrailTriggerR=0.5; Oafx2TrailATR=0.25,2中規模のコード変更,UNTESTED,"{""Oafx2LabMode"": 105, ""Oafx2TrailATR"": 0.25, ""Oafx2TrailTriggerR"": 0.5}",
OAFX1425,gj_atr_trailing,SCA GBPJPYが一定R順行した後に日足ATR幅の追随SLを開始,24時間超の大勝ちは残しながら、順行後の反転で生じる含み益消失とDD拡大を抑える,全発注を維持し、発動R到達後だけ有利方向へ単調に動くATRトレールをEAで適用,Oafx2TrailTriggerR=0.5; Oafx2TrailATR=0.3,2中規模のコード変更,UNTESTED,"{""Oafx2LabMode"": 105, ""Oafx2TrailATR"": 0.3, ""Oafx2TrailTriggerR"": 0.5}",
OAFX1426,gj_atr_trailing,SCA GBPJPYが一定R順行した後に日足ATR幅の追随SLを開始,24時間超の大勝ちは残しながら、順行後の反転で生じる含み益消失とDD拡大を抑える,全発注を維持し、発動R到達後だけ有利方向へ単調に動くATRトレールをEAで適用,Oafx2TrailTriggerR=0.5; Oafx2TrailATR=0.4,2中規模のコード変更,UNTESTED,"{""Oafx2LabMode"": 105, ""Oafx2TrailATR"": 0.4, ""Oafx2TrailTriggerR"": 0.5}",
OAFX1427,gj_atr_trailing,SCA GBPJPYが一定R順行した後に日足ATR幅の追随SLを開始,24時間超の大勝ちは残しながら、順行後の反転で生じる含み益消失とDD拡大を抑える,全発注を維持し、発動R到達後だけ有利方向へ単調に動くATRトレールをEAで適用,Oafx2TrailTriggerR=0.5; Oafx2TrailATR=0.5,2中規模のコード変更,UNTESTED,"{""Oafx2LabMode"": 105, ""Oafx2TrailATR"": 0.5, ""Oafx2TrailTriggerR"": 0.5}",
OAFX1428,gj_atr_trailing,SCA GBPJPYが一定R順行した後に日足ATR幅の追随SLを開始,24時間超の大勝ちは残しながら、順行後の反転で生じる含み益消失とDD拡大を抑える,全発注を維持し、発動R到達後だけ有利方向へ単調に動くATRトレールをEAで適用,Oafx2TrailTriggerR=0.5; Oafx2TrailATR=0.6,2中規模のコード変更,UNTESTED,"{""Oafx2LabMode"": 105, ""Oafx2TrailATR"": 0.6, ""Oafx2TrailTriggerR"": 0.5}",
OAFX1429,gj_atr_trailing,SCA GBPJPYが一定R順行した後に日足ATR幅の追随SLを開始,24時間超の大勝ちは残しながら、順行後の反転で生じる含み益消失とDD拡大を抑える,全発注を維持し、発動R到達後だけ有利方向へ単調に動くATRトレールをEAで適用,Oafx2TrailTriggerR=0.5; Oafx2TrailATR=0.75,2中規模のコード変更,UNTESTED,"{""Oafx2LabMode"": 105, ""Oafx2TrailATR"": 0.75, ""Oafx2TrailTriggerR"": 0.5}",
OAFX1430,gj_atr_trailing,SCA GBPJPYが一定R順行した後に日足ATR幅の追随SLを開始,24時間超の大勝ちは残しながら、順行後の反転で生じる含み益消失とDD拡大を抑える,全発注を維持し、発動R到達後だけ有利方向へ単調に動くATRトレールをEAで適用,Oafx2TrailTriggerR=0.5; Oafx2TrailATR=1.0,2中規模のコード変更,UNTESTED,"{""Oafx2LabMode"": 105, ""Oafx2TrailATR"": 1.0, ""Oafx2TrailTriggerR"": 0.5}",
OAFX1431,gj_atr_trailing,SCA GBPJPYが一定R順行した後に日足ATR幅の追随SLを開始,24時間超の大勝ちは残しながら、順行後の反転で生じる含み益消失とDD拡大を抑える,全発注を維持し、発動R到達後だけ有利方向へ単調に動くATRトレールをEAで適用,Oafx2TrailTriggerR=0.6; Oafx2TrailATR=0.1,2中規模のコード変更,UNTESTED,"{""Oafx2LabMode"": 105, ""Oafx2TrailATR"": 0.1, ""Oafx2TrailTriggerR"": 0.6}",
OAFX1432,gj_atr_trailing,SCA GBPJPYが一定R順行した後に日足ATR幅の追随SLを開始,24時間超の大勝ちは残しながら、順行後の反転で生じる含み益消失とDD拡大を抑える,全発注を維持し、発動R到達後だけ有利方向へ単調に動くATRトレールをEAで適用,Oafx2TrailTriggerR=0.6; Oafx2TrailATR=0.15,2中規模のコード変更,UNTESTED,"{""Oafx2LabMode"": 105, ""Oafx2TrailATR"": 0.15, ""Oafx2TrailTriggerR"": 0.6}",
OAFX1433,gj_atr_trailing,SCA GBPJPYが一定R順行した後に日足ATR幅の追随SLを開始,24時間超の大勝ちは残しながら、順行後の反転で生じる含み益消失とDD拡大を抑える,全発注を維持し、発動R到達後だけ有利方向へ単調に動くATRトレールをEAで適用,Oafx2TrailTriggerR=0.6; Oafx2TrailATR=0.2,2中規模のコード変更,UNTESTED,"{""Oafx2LabMode"": 105, ""Oafx2TrailATR"": 0.2, ""Oafx2TrailTriggerR"": 0.6}",
OAFX1434,gj_atr_trailing,SCA GBPJPYが一定R順行した後に日足ATR幅の追随SLを開始,24時間超の大勝ちは残しながら、順行後の反転で生じる含み益消失とDD拡大を抑える,全発注を維持し、発動R到達後だけ有利方向へ単調に動くATRトレールをEAで適用,Oafx2TrailTriggerR=0.6; Oafx2TrailATR=0.25,2中規模のコード変更,UNTESTED,"{""Oafx2LabMode"": 105, ""Oafx2TrailATR"": 0.25, ""Oafx2TrailTriggerR"": 0.6}",
OAFX1435,gj_atr_trailing,SCA GBPJPYが一定R順行した後に日足ATR幅の追随SLを開始,24時間超の大勝ちは残しながら、順行後の反転で生じる含み益消失とDD拡大を抑える,全発注を維持し、発動R到達後だけ有利方向へ単調に動くATRトレールをEAで適用,Oafx2TrailTriggerR=0.6; Oafx2TrailATR=0.3,2中規模のコード変更,UNTESTED,"{""Oafx2LabMode"": 105, ""Oafx2TrailATR"": 0.3, ""Oafx2TrailTriggerR"": 0.6}",
OAFX1436,gj_atr_trailing,SCA GBPJPYが一定R順行した後に日足ATR幅の追随SLを開始,24時間超の大勝ちは残しながら、順行後の反転で生じる含み益消失とDD拡大を抑える,全発注を維持し、発動R到達後だけ有利方向へ単調に動くATRトレールをEAで適用,Oafx2TrailTriggerR=0.6; Oafx2TrailATR=0.4,2中規模のコード変更,UNTESTED,"{""Oafx2LabMode"": 105, ""Oafx2TrailATR"": 0.4, ""Oafx2TrailTriggerR"": 0.6}",
OAFX1437,gj_atr_trailing,SCA GBPJPYが一定R順行した後に日足ATR幅の追随SLを開始,24時間超の大勝ちは残しながら、順行後の反転で生じる含み益消失とDD拡大を抑える,全発注を維持し、発動R到達後だけ有利方向へ単調に動くATRトレールをEAで適用,Oafx2TrailTriggerR=0.6; Oafx2TrailATR=0.5,2中規模のコード変更,UNTESTED,"{""Oafx2LabMode"": 105, ""Oafx2TrailATR"": 0.5, ""Oafx2TrailTriggerR"": 0.6}",
OAFX1438,gj_atr_trailing,SCA GBPJPYが一定R順行した後に日足ATR幅の追随SLを開始,24時間超の大勝ちは残しながら、順行後の反転で生じる含み益消失とDD拡大を抑える,全発注を維持し、発動R到達後だけ有利方向へ単調に動くATRトレールをEAで適用,Oafx2TrailTriggerR=0.6; Oafx2TrailATR=0.6,2中規模のコード変更,UNTESTED,"{""Oafx2LabMode"": 105, ""Oafx2TrailATR"": 0.6, ""Oafx2TrailTriggerR"": 0.6}",
OAFX1439,gj_atr_trailing,SCA GBPJPYが一定R順行した後に日足ATR幅の追随SLを開始,24時間超の大勝ちは残しながら、順行後の反転で生じる含み益消失とDD拡大を抑える,全発注を維持し、発動R到達後だけ有利方向へ単調に動くATRトレールをEAで適用,Oafx2TrailTriggerR=0.6; Oafx2TrailATR=0.75,2中規模のコード変更,UNTESTED,"{""Oafx2LabMode"": 105, ""Oafx2TrailATR"": 0.75, ""Oafx2TrailTriggerR"": 0.6}",
OAFX1440,gj_atr_trailing,SCA GBPJPYが一定R順行した後に日足ATR幅の追随SLを開始,24時間超の大勝ちは残しながら、順行後の反転で生じる含み益消失とDD拡大を抑える,全発注を維持し、発動R到達後だけ有利方向へ単調に動くATRトレールをEAで適用,Oafx2TrailTriggerR=0.6; Oafx2TrailATR=1.0,2中規模のコード変更,UNTESTED,"{""Oafx2LabMode"": 105, ""Oafx2TrailATR"": 1.0, ""Oafx2TrailTriggerR"": 0.6}",
OAFX1441,gj_atr_trailing,SCA GBPJPYが一定R順行した後に日足ATR幅の追随SLを開始,24時間超の大勝ちは残しながら、順行後の反転で生じる含み益消失とDD拡大を抑える,全発注を維持し、発動R到達後だけ有利方向へ単調に動くATRトレールをEAで適用,Oafx2TrailTriggerR=0.7; Oafx2TrailATR=0.1,2中規模のコード変更,UNTESTED,"{""Oafx2LabMode"": 105, ""Oafx2TrailATR"": 0.1, ""Oafx2TrailTriggerR"": 0.7}",
OAFX1442,gj_atr_trailing,SCA GBPJPYが一定R順行した後に日足ATR幅の追随SLを開始,24時間超の大勝ちは残しながら、順行後の反転で生じる含み益消失とDD拡大を抑える,全発注を維持し、発動R到達後だけ有利方向へ単調に動くATRトレールをEAで適用,Oafx2TrailTriggerR=0.7; Oafx2TrailATR=0.15,2中規模のコード変更,UNTESTED,"{""Oafx2LabMode"": 105, ""Oafx2TrailATR"": 0.15, ""Oafx2TrailTriggerR"": 0.7}",
OAFX1443,gj_atr_trailing,SCA GBPJPYが一定R順行した後に日足ATR幅の追随SLを開始,24時間超の大勝ちは残しながら、順行後の反転で生じる含み益消失とDD拡大を抑える,全発注を維持し、発動R到達後だけ有利方向へ単調に動くATRトレールをEAで適用,Oafx2TrailTriggerR=0.7; Oafx2TrailATR=0.2,2中規模のコード変更,UNTESTED,"{""Oafx2LabMode"": 105, ""Oafx2TrailATR"": 0.2, ""Oafx2TrailTriggerR"": 0.7}",
OAFX1444,gj_atr_trailing,SCA GBPJPYが一定R順行した後に日足ATR幅の追随SLを開始,24時間超の大勝ちは残しながら、順行後の反転で生じる含み益消失とDD拡大を抑える,全発注を維持し、発動R到達後だけ有利方向へ単調に動くATRトレールをEAで適用,Oafx2TrailTriggerR=0.7; Oafx2TrailATR=0.25,2中規模のコード変更,UNTESTED,"{""Oafx2LabMode"": 105, ""Oafx2TrailATR"": 0.25, ""Oafx2TrailTriggerR"": 0.7}",
OAFX1445,gj_atr_trailing,SCA GBPJPYが一定R順行した後に日足ATR幅の追随SLを開始,24時間超の大勝ちは残しながら、順行後の反転で生じる含み益消失とDD拡大を抑える,全発注を維持し、発動R到達後だけ有利方向へ単調に動くATRトレールをEAで適用,Oafx2TrailTriggerR=0.7; Oafx2TrailATR=0.3,2中規模のコード変更,UNTESTED,"{""Oafx2LabMode"": 105, ""Oafx2TrailATR"": 0.3, ""Oafx2TrailTriggerR"": 0.7}",
OAFX1446,gj_atr_trailing,SCA GBPJPYが一定R順行した後に日足ATR幅の追随SLを開始,24時間超の大勝ちは残しながら、順行後の反転で生じる含み益消失とDD拡大を抑える,全発注を維持し、発動R到達後だけ有利方向へ単調に動くATRトレールをEAで適用,Oafx2TrailTriggerR=0.7; Oafx2TrailATR=0.4,2中規模のコード変更,UNTESTED,"{""Oafx2LabMode"": 105, ""Oafx2TrailATR"": 0.4, ""Oafx2TrailTriggerR"": 0.7}",
OAFX1447,gj_atr_trailing,SCA GBPJPYが一定R順行した後に日足ATR幅の追随SLを開始,24時間超の大勝ちは残しながら、順行後の反転で生じる含み益消失とDD拡大を抑える,全発注を維持し、発動R到達後だけ有利方向へ単調に動くATRトレールをEAで適用,Oafx2TrailTriggerR=0.7; Oafx2TrailATR=0.5,2中規模のコード変更,UNTESTED,"{""Oafx2LabMode"": 105, ""Oafx2TrailATR"": 0.5, ""Oafx2TrailTriggerR"": 0.7}",
OAFX1448,gj_atr_trailing,SCA GBPJPYが一定R順行した後に日足ATR幅の追随SLを開始,24時間超の大勝ちは残しながら、順行後の反転で生じる含み益消失とDD拡大を抑える,全発注を維持し、発動R到達後だけ有利方向へ単調に動くATRトレールをEAで適用,Oafx2TrailTriggerR=0.7; Oafx2TrailATR=0.6,2中規模のコード変更,UNTESTED,"{""Oafx2LabMode"": 105, ""Oafx2TrailATR"": 0.6, ""Oafx2TrailTriggerR"": 0.7}",
OAFX1449,gj_atr_trailing,SCA GBPJPYが一定R順行した後に日足ATR幅の追随SLを開始,24時間超の大勝ちは残しながら、順行後の反転で生じる含み益消失とDD拡大を抑える,全発注を維持し、発動R到達後だけ有利方向へ単調に動くATRトレールをEAで適用,Oafx2TrailTriggerR=0.7; Oafx2TrailATR=0.75,2中規模のコード変更,UNTESTED,"{""Oafx2LabMode"": 105, ""Oafx2TrailATR"": 0.75, ""Oafx2TrailTriggerR"": 0.7}",
OAFX1450,gj_atr_trailing,SCA GBPJPYが一定R順行した後に日足ATR幅の追随SLを開始,24時間超の大勝ちは残しながら、順行後の反転で生じる含み益消失とDD拡大を抑える,全発注を維持し、発動R到達後だけ有利方向へ単調に動くATRトレールをEAで適用,Oafx2TrailTriggerR=0.7; Oafx2TrailATR=1.0,2中規模のコード変更,UNTESTED,"{""Oafx2LabMode"": 105, ""Oafx2TrailATR"": 1.0, ""Oafx2TrailTriggerR"": 0.7}",
OAFX1451,gj_atr_trailing,SCA GBPJPYが一定R順行した後に日足ATR幅の追随SLを開始,24時間超の大勝ちは残しながら、順行後の反転で生じる含み益消失とDD拡大を抑える,全発注を維持し、発動R到達後だけ有利方向へ単調に動くATRトレールをEAで適用,Oafx2TrailTriggerR=0.8; Oafx2TrailATR=0.1,2中規模のコード変更,UNTESTED,"{""Oafx2LabMode"": 105, ""Oafx2TrailATR"": 0.1, ""Oafx2TrailTriggerR"": 0.8}",
OAFX1452,gj_atr_trailing,SCA GBPJPYが一定R順行した後に日足ATR幅の追随SLを開始,24時間超の大勝ちは残しながら、順行後の反転で生じる含み益消失とDD拡大を抑える,全発注を維持し、発動R到達後だけ有利方向へ単調に動くATRトレールをEAで適用,Oafx2TrailTriggerR=0.8; Oafx2TrailATR=0.15,2中規模のコード変更,UNTESTED,"{""Oafx2LabMode"": 105, ""Oafx2TrailATR"": 0.15, ""Oafx2TrailTriggerR"": 0.8}",
OAFX1453,gj_atr_trailing,SCA GBPJPYが一定R順行した後に日足ATR幅の追随SLを開始,24時間超の大勝ちは残しながら、順行後の反転で生じる含み益消失とDD拡大を抑える,全発注を維持し、発動R到達後だけ有利方向へ単調に動くATRトレールをEAで適用,Oafx2TrailTriggerR=0.8; Oafx2TrailATR=0.2,2中規模のコード変更,UNTESTED,"{""Oafx2LabMode"": 105, ""Oafx2TrailATR"": 0.2, ""Oafx2TrailTriggerR"": 0.8}",
OAFX1454,gj_atr_trailing,SCA GBPJPYが一定R順行した後に日足ATR幅の追随SLを開始,24時間超の大勝ちは残しながら、順行後の反転で生じる含み益消失とDD拡大を抑える,全発注を維持し、発動R到達後だけ有利方向へ単調に動くATRトレールをEAで適用,Oafx2TrailTriggerR=0.8; Oafx2TrailATR=0.25,2中規模のコード変更,UNTESTED,"{""Oafx2LabMode"": 105, ""Oafx2TrailATR"": 0.25, ""Oafx2TrailTriggerR"": 0.8}",
OAFX1455,gj_atr_trailing,SCA GBPJPYが一定R順行した後に日足ATR幅の追随SLを開始,24時間超の大勝ちは残しながら、順行後の反転で生じる含み益消失とDD拡大を抑える,全発注を維持し、発動R到達後だけ有利方向へ単調に動くATRトレールをEAで適用,Oafx2TrailTriggerR=0.8; Oafx2TrailATR=0.3,2中規模のコード変更,UNTESTED,"{""Oafx2LabMode"": 105, ""Oafx2TrailATR"": 0.3, ""Oafx2TrailTriggerR"": 0.8}",
OAFX1456,gj_atr_trailing,SCA GBPJPYが一定R順行した後に日足ATR幅の追随SLを開始,24時間超の大勝ちは残しながら、順行後の反転で生じる含み益消失とDD拡大を抑える,全発注を維持し、発動R到達後だけ有利方向へ単調に動くATRトレールをEAで適用,Oafx2TrailTriggerR=0.8; Oafx2TrailATR=0.4,2中規模のコード変更,UNTESTED,"{""Oafx2LabMode"": 105, ""Oafx2TrailATR"": 0.4, ""Oafx2TrailTriggerR"": 0.8}",
OAFX1457,gj_atr_trailing,SCA GBPJPYが一定R順行した後に日足ATR幅の追随SLを開始,24時間超の大勝ちは残しながら、順行後の反転で生じる含み益消失とDD拡大を抑える,全発注を維持し、発動R到達後だけ有利方向へ単調に動くATRトレールをEAで適用,Oafx2TrailTriggerR=0.8; Oafx2TrailATR=0.5,2中規模のコード変更,UNTESTED,"{""Oafx2LabMode"": 105, ""Oafx2TrailATR"": 0.5, ""Oafx2TrailTriggerR"": 0.8}",
OAFX1458,gj_atr_trailing,SCA GBPJPYが一定R順行した後に日足ATR幅の追随SLを開始,24時間超の大勝ちは残しながら、順行後の反転で生じる含み益消失とDD拡大を抑える,全発注を維持し、発動R到達後だけ有利方向へ単調に動くATRトレールをEAで適用,Oafx2TrailTriggerR=0.8; Oafx2TrailATR=0.6,2中規模のコード変更,UNTESTED,"{""Oafx2LabMode"": 105, ""Oafx2TrailATR"": 0.6, ""Oafx2TrailTriggerR"": 0.8}",
OAFX1459,gj_atr_trailing,SCA GBPJPYが一定R順行した後に日足ATR幅の追随SLを開始,24時間超の大勝ちは残しながら、順行後の反転で生じる含み益消失とDD拡大を抑える,全発注を維持し、発動R到達後だけ有利方向へ単調に動くATRトレールをEAで適用,Oafx2TrailTriggerR=0.8; Oafx2TrailATR=0.75,2中規模のコード変更,UNTESTED,"{""Oafx2LabMode"": 105, ""Oafx2TrailATR"": 0.75, ""Oafx2TrailTriggerR"": 0.8}",
OAFX1460,gj_atr_trailing,SCA GBPJPYが一定R順行した後に日足ATR幅の追随SLを開始,24時間超の大勝ちは残しながら、順行後の反転で生じる含み益消失とDD拡大を抑える,全発注を維持し、発動R到達後だけ有利方向へ単調に動くATRトレールをEAで適用,Oafx2TrailTriggerR=0.8; Oafx2TrailATR=1.0,2中規模のコード変更,UNTESTED,"{""Oafx2LabMode"": 105, ""Oafx2TrailATR"": 1.0, ""Oafx2TrailTriggerR"": 0.8}",
OAFX1461,gj_atr_trailing,SCA GBPJPYが一定R順行した後に日足ATR幅の追随SLを開始,24時間超の大勝ちは残しながら、順行後の反転で生じる含み益消失とDD拡大を抑える,全発注を維持し、発動R到達後だけ有利方向へ単調に動くATRトレールをEAで適用,Oafx2TrailTriggerR=1.0; Oafx2TrailATR=0.1,2中規模のコード変更,UNTESTED,"{""Oafx2LabMode"": 105, ""Oafx2TrailATR"": 0.1, ""Oafx2TrailTriggerR"": 1.0}",
OAFX1462,gj_atr_trailing,SCA GBPJPYが一定R順行した後に日足ATR幅の追随SLを開始,24時間超の大勝ちは残しながら、順行後の反転で生じる含み益消失とDD拡大を抑える,全発注を維持し、発動R到達後だけ有利方向へ単調に動くATRトレールをEAで適用,Oafx2TrailTriggerR=1.0; Oafx2TrailATR=0.15,2中規模のコード変更,UNTESTED,"{""Oafx2LabMode"": 105, ""Oafx2TrailATR"": 0.15, ""Oafx2TrailTriggerR"": 1.0}",
OAFX1463,gj_atr_trailing,SCA GBPJPYが一定R順行した後に日足ATR幅の追随SLを開始,24時間超の大勝ちは残しながら、順行後の反転で生じる含み益消失とDD拡大を抑える,全発注を維持し、発動R到達後だけ有利方向へ単調に動くATRトレールをEAで適用,Oafx2TrailTriggerR=1.0; Oafx2TrailATR=0.2,2中規模のコード変更,UNTESTED,"{""Oafx2LabMode"": 105, ""Oafx2TrailATR"": 0.2, ""Oafx2TrailTriggerR"": 1.0}",
OAFX1464,gj_atr_trailing,SCA GBPJPYが一定R順行した後に日足ATR幅の追随SLを開始,24時間超の大勝ちは残しながら、順行後の反転で生じる含み益消失とDD拡大を抑える,全発注を維持し、発動R到達後だけ有利方向へ単調に動くATRトレールをEAで適用,Oafx2TrailTriggerR=1.0; Oafx2TrailATR=0.25,2中規模のコード変更,UNTESTED,"{""Oafx2LabMode"": 105, ""Oafx2TrailATR"": 0.25, ""Oafx2TrailTriggerR"": 1.0}",
OAFX1465,gj_atr_trailing,SCA GBPJPYが一定R順行した後に日足ATR幅の追随SLを開始,24時間超の大勝ちは残しながら、順行後の反転で生じる含み益消失とDD拡大を抑える,全発注を維持し、発動R到達後だけ有利方向へ単調に動くATRトレールをEAで適用,Oafx2TrailTriggerR=1.0; Oafx2TrailATR=0.3,2中規模のコード変更,UNTESTED,"{""Oafx2LabMode"": 105, ""Oafx2TrailATR"": 0.3, ""Oafx2TrailTriggerR"": 1.0}",
OAFX1466,gj_atr_trailing,SCA GBPJPYが一定R順行した後に日足ATR幅の追随SLを開始,24時間超の大勝ちは残しながら、順行後の反転で生じる含み益消失とDD拡大を抑える,全発注を維持し、発動R到達後だけ有利方向へ単調に動くATRトレールをEAで適用,Oafx2TrailTriggerR=1.0; Oafx2TrailATR=0.4,2中規模のコード変更,UNTESTED,"{""Oafx2LabMode"": 105, ""Oafx2TrailATR"": 0.4, ""Oafx2TrailTriggerR"": 1.0}",
OAFX1467,gj_atr_trailing,SCA GBPJPYが一定R順行した後に日足ATR幅の追随SLを開始,24時間超の大勝ちは残しながら、順行後の反転で生じる含み益消失とDD拡大を抑える,全発注を維持し、発動R到達後だけ有利方向へ単調に動くATRトレールをEAで適用,Oafx2TrailTriggerR=1.0; Oafx2TrailATR=0.5,2中規模のコード変更,UNTESTED,"{""Oafx2LabMode"": 105, ""Oafx2TrailATR"": 0.5, ""Oafx2TrailTriggerR"": 1.0}",
OAFX1468,gj_atr_trailing,SCA GBPJPYが一定R順行した後に日足ATR幅の追随SLを開始,24時間超の大勝ちは残しながら、順行後の反転で生じる含み益消失とDD拡大を抑える,全発注を維持し、発動R到達後だけ有利方向へ単調に動くATRトレールをEAで適用,Oafx2TrailTriggerR=1.0; Oafx2TrailATR=0.6,2中規模のコード変更,UNTESTED,"{""Oafx2LabMode"": 105, ""Oafx2TrailATR"": 0.6, ""Oafx2TrailTriggerR"": 1.0}",
OAFX1469,gj_atr_trailing,SCA GBPJPYが一定R順行した後に日足ATR幅の追随SLを開始,24時間超の大勝ちは残しながら、順行後の反転で生じる含み益消失とDD拡大を抑える,全発注を維持し、発動R到達後だけ有利方向へ単調に動くATRトレールをEAで適用,Oafx2TrailTriggerR=1.0; Oafx2TrailATR=0.75,2中規模のコード変更,UNTESTED,"{""Oafx2LabMode"": 105, ""Oafx2TrailATR"": 0.75, ""Oafx2TrailTriggerR"": 1.0}",
OAFX1470,gj_atr_trailing,SCA GBPJPYが一定R順行した後に日足ATR幅の追随SLを開始,24時間超の大勝ちは残しながら、順行後の反転で生じる含み益消失とDD拡大を抑える,全発注を維持し、発動R到達後だけ有利方向へ単調に動くATRトレールをEAで適用,Oafx2TrailTriggerR=1.0; Oafx2TrailATR=1.0,2中規模のコード変更,UNTESTED,"{""Oafx2LabMode"": 105, ""Oafx2TrailATR"": 1.0, ""Oafx2TrailTriggerR"": 1.0}",
OAFX1471,gj_atr_trailing,SCA GBPJPYが一定R順行した後に日足ATR幅の追随SLを開始,24時間超の大勝ちは残しながら、順行後の反転で生じる含み益消失とDD拡大を抑える,全発注を維持し、発動R到達後だけ有利方向へ単調に動くATRトレールをEAで適用,Oafx2TrailTriggerR=1.2; Oafx2TrailATR=0.1,2中規模のコード変更,UNTESTED,"{""Oafx2LabMode"": 105, ""Oafx2TrailATR"": 0.1, ""Oafx2TrailTriggerR"": 1.2}",
OAFX1472,gj_atr_trailing,SCA GBPJPYが一定R順行した後に日足ATR幅の追随SLを開始,24時間超の大勝ちは残しながら、順行後の反転で生じる含み益消失とDD拡大を抑える,全発注を維持し、発動R到達後だけ有利方向へ単調に動くATRトレールをEAで適用,Oafx2TrailTriggerR=1.2; Oafx2TrailATR=0.15,2中規模のコード変更,UNTESTED,"{""Oafx2LabMode"": 105, ""Oafx2TrailATR"": 0.15, ""Oafx2TrailTriggerR"": 1.2}",
OAFX1473,gj_atr_trailing,SCA GBPJPYが一定R順行した後に日足ATR幅の追随SLを開始,24時間超の大勝ちは残しながら、順行後の反転で生じる含み益消失とDD拡大を抑える,全発注を維持し、発動R到達後だけ有利方向へ単調に動くATRトレールをEAで適用,Oafx2TrailTriggerR=1.2; Oafx2TrailATR=0.2,2中規模のコード変更,UNTESTED,"{""Oafx2LabMode"": 105, ""Oafx2TrailATR"": 0.2, ""Oafx2TrailTriggerR"": 1.2}",
OAFX1474,gj_atr_trailing,SCA GBPJPYが一定R順行した後に日足ATR幅の追随SLを開始,24時間超の大勝ちは残しながら、順行後の反転で生じる含み益消失とDD拡大を抑える,全発注を維持し、発動R到達後だけ有利方向へ単調に動くATRトレールをEAで適用,Oafx2TrailTriggerR=1.2; Oafx2TrailATR=0.25,2中規模のコード変更,UNTESTED,"{""Oafx2LabMode"": 105, ""Oafx2TrailATR"": 0.25, ""Oafx2TrailTriggerR"": 1.2}",
OAFX1475,gj_atr_trailing,SCA GBPJPYが一定R順行した後に日足ATR幅の追随SLを開始,24時間超の大勝ちは残しながら、順行後の反転で生じる含み益消失とDD拡大を抑える,全発注を維持し、発動R到達後だけ有利方向へ単調に動くATRトレールをEAで適用,Oafx2TrailTriggerR=1.2; Oafx2TrailATR=0.3,2中規模のコード変更,UNTESTED,"{""Oafx2LabMode"": 105, ""Oafx2TrailATR"": 0.3, ""Oafx2TrailTriggerR"": 1.2}",
OAFX1476,gj_atr_trailing,SCA GBPJPYが一定R順行した後に日足ATR幅の追随SLを開始,24時間超の大勝ちは残しながら、順行後の反転で生じる含み益消失とDD拡大を抑える,全発注を維持し、発動R到達後だけ有利方向へ単調に動くATRトレールをEAで適用,Oafx2TrailTriggerR=1.2; Oafx2TrailATR=0.4,2中規模のコード変更,UNTESTED,"{""Oafx2LabMode"": 105, ""Oafx2TrailATR"": 0.4, ""Oafx2TrailTriggerR"": 1.2}",
OAFX1477,gj_atr_trailing,SCA GBPJPYが一定R順行した後に日足ATR幅の追随SLを開始,24時間超の大勝ちは残しながら、順行後の反転で生じる含み益消失とDD拡大を抑える,全発注を維持し、発動R到達後だけ有利方向へ単調に動くATRトレールをEAで適用,Oafx2TrailTriggerR=1.2; Oafx2TrailATR=0.5,2中規模のコード変更,UNTESTED,"{""Oafx2LabMode"": 105, ""Oafx2TrailATR"": 0.5, ""Oafx2TrailTriggerR"": 1.2}",
OAFX1478,gj_atr_trailing,SCA GBPJPYが一定R順行した後に日足ATR幅の追随SLを開始,24時間超の大勝ちは残しながら、順行後の反転で生じる含み益消失とDD拡大を抑える,全発注を維持し、発動R到達後だけ有利方向へ単調に動くATRトレールをEAで適用,Oafx2TrailTriggerR=1.2; Oafx2TrailATR=0.6,2中規模のコード変更,UNTESTED,"{""Oafx2LabMode"": 105, ""Oafx2TrailATR"": 0.6, ""Oafx2TrailTriggerR"": 1.2}",
OAFX1479,gj_atr_trailing,SCA GBPJPYが一定R順行した後に日足ATR幅の追随SLを開始,24時間超の大勝ちは残しながら、順行後の反転で生じる含み益消失とDD拡大を抑える,全発注を維持し、発動R到達後だけ有利方向へ単調に動くATRトレールをEAで適用,Oafx2TrailTriggerR=1.2; Oafx2TrailATR=0.75,2中規模のコード変更,UNTESTED,"{""Oafx2LabMode"": 105, ""Oafx2TrailATR"": 0.75, ""Oafx2TrailTriggerR"": 1.2}",
OAFX1480,gj_atr_trailing,SCA GBPJPYが一定R順行した後に日足ATR幅の追随SLを開始,24時間超の大勝ちは残しながら、順行後の反転で生じる含み益消失とDD拡大を抑える,全発注を維持し、発動R到達後だけ有利方向へ単調に動くATRトレールをEAで適用,Oafx2TrailTriggerR=1.2; Oafx2TrailATR=1.0,2中規模のコード変更,UNTESTED,"{""Oafx2LabMode"": 105, ""Oafx2TrailATR"": 1.0, ""Oafx2TrailTriggerR"": 1.2}",
OAFX1481,gj_atr_trailing,SCA GBPJPYが一定R順行した後に日足ATR幅の追随SLを開始,24時間超の大勝ちは残しながら、順行後の反転で生じる含み益消失とDD拡大を抑える,全発注を維持し、発動R到達後だけ有利方向へ単調に動くATRトレールをEAで適用,Oafx2TrailTriggerR=1.5; Oafx2TrailATR=0.1,2中規模のコード変更,UNTESTED,"{""Oafx2LabMode"": 105, ""Oafx2TrailATR"": 0.1, ""Oafx2TrailTriggerR"": 1.5}",
OAFX1482,gj_atr_trailing,SCA GBPJPYが一定R順行した後に日足ATR幅の追随SLを開始,24時間超の大勝ちは残しながら、順行後の反転で生じる含み益消失とDD拡大を抑える,全発注を維持し、発動R到達後だけ有利方向へ単調に動くATRトレールをEAで適用,Oafx2TrailTriggerR=1.5; Oafx2TrailATR=0.15,2中規模のコード変更,UNTESTED,"{""Oafx2LabMode"": 105, ""Oafx2TrailATR"": 0.15, ""Oafx2TrailTriggerR"": 1.5}",
OAFX1483,gj_atr_trailing,SCA GBPJPYが一定R順行した後に日足ATR幅の追随SLを開始,24時間超の大勝ちは残しながら、順行後の反転で生じる含み益消失とDD拡大を抑える,全発注を維持し、発動R到達後だけ有利方向へ単調に動くATRトレールをEAで適用,Oafx2TrailTriggerR=1.5; Oafx2TrailATR=0.2,2中規模のコード変更,UNTESTED,"{""Oafx2LabMode"": 105, ""Oafx2TrailATR"": 0.2, ""Oafx2TrailTriggerR"": 1.5}",
OAFX1484,gj_atr_trailing,SCA GBPJPYが一定R順行した後に日足ATR幅の追随SLを開始,24時間超の大勝ちは残しながら、順行後の反転で生じる含み益消失とDD拡大を抑える,全発注を維持し、発動R到達後だけ有利方向へ単調に動くATRトレールをEAで適用,Oafx2TrailTriggerR=1.5; Oafx2TrailATR=0.25,2中規模のコード変更,UNTESTED,"{""Oafx2LabMode"": 105, ""Oafx2TrailATR"": 0.25, ""Oafx2TrailTriggerR"": 1.5}",
OAFX1485,gj_atr_trailing,SCA GBPJPYが一定R順行した後に日足ATR幅の追随SLを開始,24時間超の大勝ちは残しながら、順行後の反転で生じる含み益消失とDD拡大を抑える,全発注を維持し、発動R到達後だけ有利方向へ単調に動くATRトレールをEAで適用,Oafx2TrailTriggerR=1.5; Oafx2TrailATR=0.3,2中規模のコード変更,UNTESTED,"{""Oafx2LabMode"": 105, ""Oafx2TrailATR"": 0.3, ""Oafx2TrailTriggerR"": 1.5}",
OAFX1486,gj_atr_trailing,SCA GBPJPYが一定R順行した後に日足ATR幅の追随SLを開始,24時間超の大勝ちは残しながら、順行後の反転で生じる含み益消失とDD拡大を抑える,全発注を維持し、発動R到達後だけ有利方向へ単調に動くATRトレールをEAで適用,Oafx2TrailTriggerR=1.5; Oafx2TrailATR=0.4,2中規模のコード変更,UNTESTED,"{""Oafx2LabMode"": 105, ""Oafx2TrailATR"": 0.4, ""Oafx2TrailTriggerR"": 1.5}",
OAFX1487,gj_atr_trailing,SCA GBPJPYが一定R順行した後に日足ATR幅の追随SLを開始,24時間超の大勝ちは残しながら、順行後の反転で生じる含み益消失とDD拡大を抑える,全発注を維持し、発動R到達後だけ有利方向へ単調に動くATRトレールをEAで適用,Oafx2TrailTriggerR=1.5; Oafx2TrailATR=0.5,2中規模のコード変更,UNTESTED,"{""Oafx2LabMode"": 105, ""Oafx2TrailATR"": 0.5, ""Oafx2TrailTriggerR"": 1.5}",
OAFX1488,gj_atr_trailing,SCA GBPJPYが一定R順行した後に日足ATR幅の追随SLを開始,24時間超の大勝ちは残しながら、順行後の反転で生じる含み益消失とDD拡大を抑える,全発注を維持し、発動R到達後だけ有利方向へ単調に動くATRトレールをEAで適用,Oafx2TrailTriggerR=1.5; Oafx2TrailATR=0.6,2中規模のコード変更,UNTESTED,"{""Oafx2LabMode"": 105, ""Oafx2TrailATR"": 0.6, ""Oafx2TrailTriggerR"": 1.5}",
OAFX1489,gj_atr_trailing,SCA GBPJPYが一定R順行した後に日足ATR幅の追随SLを開始,24時間超の大勝ちは残しながら、順行後の反転で生じる含み益消失とDD拡大を抑える,全発注を維持し、発動R到達後だけ有利方向へ単調に動くATRトレールをEAで適用,Oafx2TrailTriggerR=1.5; Oafx2TrailATR=0.75,2中規模のコード変更,UNTESTED,"{""Oafx2LabMode"": 105, ""Oafx2TrailATR"": 0.75, ""Oafx2TrailTriggerR"": 1.5}",
OAFX1490,gj_atr_trailing,SCA GBPJPYが一定R順行した後に日足ATR幅の追随SLを開始,24時間超の大勝ちは残しながら、順行後の反転で生じる含み益消失とDD拡大を抑える,全発注を維持し、発動R到達後だけ有利方向へ単調に動くATRトレールをEAで適用,Oafx2TrailTriggerR=1.5; Oafx2TrailATR=1.0,2中規模のコード変更,UNTESTED,"{""Oafx2LabMode"": 105, ""Oafx2TrailATR"": 1.0, ""Oafx2TrailTriggerR"": 1.5}",
OAFX1491,gj_atr_trailing,SCA GBPJPYが一定R順行した後に日足ATR幅の追随SLを開始,24時間超の大勝ちは残しながら、順行後の反転で生じる含み益消失とDD拡大を抑える,全発注を維持し、発動R到達後だけ有利方向へ単調に動くATRトレールをEAで適用,Oafx2TrailTriggerR=2.0; Oafx2TrailATR=0.1,2中規模のコード変更,UNTESTED,"{""Oafx2LabMode"": 105, ""Oafx2TrailATR"": 0.1, ""Oafx2TrailTriggerR"": 2.0}",
OAFX1492,gj_atr_trailing,SCA GBPJPYが一定R順行した後に日足ATR幅の追随SLを開始,24時間超の大勝ちは残しながら、順行後の反転で生じる含み益消失とDD拡大を抑える,全発注を維持し、発動R到達後だけ有利方向へ単調に動くATRトレールをEAで適用,Oafx2TrailTriggerR=2.0; Oafx2TrailATR=0.15,2中規模のコード変更,UNTESTED,"{""Oafx2LabMode"": 105, ""Oafx2TrailATR"": 0.15, ""Oafx2TrailTriggerR"": 2.0}",
OAFX1493,gj_atr_trailing,SCA GBPJPYが一定R順行した後に日足ATR幅の追随SLを開始,24時間超の大勝ちは残しながら、順行後の反転で生じる含み益消失とDD拡大を抑える,全発注を維持し、発動R到達後だけ有利方向へ単調に動くATRトレールをEAで適用,Oafx2TrailTriggerR=2.0; Oafx2TrailATR=0.2,2中規模のコード変更,UNTESTED,"{""Oafx2LabMode"": 105, ""Oafx2TrailATR"": 0.2, ""Oafx2TrailTriggerR"": 2.0}",
OAFX1494,gj_atr_trailing,SCA GBPJPYが一定R順行した後に日足ATR幅の追随SLを開始,24時間超の大勝ちは残しながら、順行後の反転で生じる含み益消失とDD拡大を抑える,全発注を維持し、発動R到達後だけ有利方向へ単調に動くATRトレールをEAで適用,Oafx2TrailTriggerR=2.0; Oafx2TrailATR=0.25,2中規模のコード変更,UNTESTED,"{""Oafx2LabMode"": 105, ""Oafx2TrailATR"": 0.25, ""Oafx2TrailTriggerR"": 2.0}",
OAFX1495,gj_atr_trailing,SCA GBPJPYが一定R順行した後に日足ATR幅の追随SLを開始,24時間超の大勝ちは残しながら、順行後の反転で生じる含み益消失とDD拡大を抑える,全発注を維持し、発動R到達後だけ有利方向へ単調に動くATRトレールをEAで適用,Oafx2TrailTriggerR=2.0; Oafx2TrailATR=0.3,2中規模のコード変更,UNTESTED,"{""Oafx2LabMode"": 105, ""Oafx2TrailATR"": 0.3, ""Oafx2TrailTriggerR"": 2.0}",
OAFX1496,gj_atr_trailing,SCA GBPJPYが一定R順行した後に日足ATR幅の追随SLを開始,24時間超の大勝ちは残しながら、順行後の反転で生じる含み益消失とDD拡大を抑える,全発注を維持し、発動R到達後だけ有利方向へ単調に動くATRトレールをEAで適用,Oafx2TrailTriggerR=2.0; Oafx2TrailATR=0.4,2中規模のコード変更,UNTESTED,"{""Oafx2LabMode"": 105, ""Oafx2TrailATR"": 0.4, ""Oafx2TrailTriggerR"": 2.0}",
OAFX1497,gj_atr_trailing,SCA GBPJPYが一定R順行した後に日足ATR幅の追随SLを開始,24時間超の大勝ちは残しながら、順行後の反転で生じる含み益消失とDD拡大を抑える,全発注を維持し、発動R到達後だけ有利方向へ単調に動くATRトレールをEAで適用,Oafx2TrailTriggerR=2.0; Oafx2TrailATR=0.5,2中規模のコード変更,UNTESTED,"{""Oafx2LabMode"": 105, ""Oafx2TrailATR"": 0.5, ""Oafx2TrailTriggerR"": 2.0}",
OAFX1498,gj_atr_trailing,SCA GBPJPYが一定R順行した後に日足ATR幅の追随SLを開始,24時間超の大勝ちは残しながら、順行後の反転で生じる含み益消失とDD拡大を抑える,全発注を維持し、発動R到達後だけ有利方向へ単調に動くATRトレールをEAで適用,Oafx2TrailTriggerR=2.0; Oafx2TrailATR=0.6,2中規模のコード変更,UNTESTED,"{""Oafx2LabMode"": 105, ""Oafx2TrailATR"": 0.6, ""Oafx2TrailTriggerR"": 2.0}",
OAFX1499,gj_atr_trailing,SCA GBPJPYが一定R順行した後に日足ATR幅の追随SLを開始,24時間超の大勝ちは残しながら、順行後の反転で生じる含み益消失とDD拡大を抑える,全発注を維持し、発動R到達後だけ有利方向へ単調に動くATRトレールをEAで適用,Oafx2TrailTriggerR=2.0; Oafx2TrailATR=0.75,2中規模のコード変更,UNTESTED,"{""Oafx2LabMode"": 105, ""Oafx2TrailATR"": 0.75, ""Oafx2TrailTriggerR"": 2.0}",
OAFX1500,gj_atr_trailing,SCA GBPJPYが一定R順行した後に日足ATR幅の追随SLを開始,24時間超の大勝ちは残しながら、順行後の反転で生じる含み益消失とDD拡大を抑える,全発注を維持し、発動R到達後だけ有利方向へ単調に動くATRトレールをEAで適用,Oafx2TrailTriggerR=2.0; Oafx2TrailATR=1.0,2中規模のコード変更,UNTESTED,"{""Oafx2LabMode"": 105, ""Oafx2TrailATR"": 1.0, ""Oafx2TrailTriggerR"": 2.0}",
OAFX1501,gj_profit_giveback_exit,SCA GBPJPYの含み益ピーク到達後、指定割合を失った時点で成行決済,利益化した建玉の全損反転を防ぎつつ、発動前の通常変動と全エントリーを維持する,建玉別の最大含み益RをEA内で保持し、最小ピークR到達後のギブバック率で決済,Oafx2PeakMinR=0.4; Oafx2GivebackFraction=0.1,2中規模のコード変更,UNTESTED,"{""Oafx2GivebackFraction"": 0.1, ""Oafx2LabMode"": 106, ""Oafx2PeakMinR"": 0.4}",
OAFX1502,gj_profit_giveback_exit,SCA GBPJPYの含み益ピーク到達後、指定割合を失った時点で成行決済,利益化した建玉の全損反転を防ぎつつ、発動前の通常変動と全エントリーを維持する,建玉別の最大含み益RをEA内で保持し、最小ピークR到達後のギブバック率で決済,Oafx2PeakMinR=0.4; Oafx2GivebackFraction=0.2,2中規模のコード変更,UNTESTED,"{""Oafx2GivebackFraction"": 0.2, ""Oafx2LabMode"": 106, ""Oafx2PeakMinR"": 0.4}",
OAFX1503,gj_profit_giveback_exit,SCA GBPJPYの含み益ピーク到達後、指定割合を失った時点で成行決済,利益化した建玉の全損反転を防ぎつつ、発動前の通常変動と全エントリーを維持する,建玉別の最大含み益RをEA内で保持し、最小ピークR到達後のギブバック率で決済,Oafx2PeakMinR=0.4; Oafx2GivebackFraction=0.3,2中規模のコード変更,UNTESTED,"{""Oafx2GivebackFraction"": 0.3, ""Oafx2LabMode"": 106, ""Oafx2PeakMinR"": 0.4}",
OAFX1504,gj_profit_giveback_exit,SCA GBPJPYの含み益ピーク到達後、指定割合を失った時点で成行決済,利益化した建玉の全損反転を防ぎつつ、発動前の通常変動と全エントリーを維持する,建玉別の最大含み益RをEA内で保持し、最小ピークR到達後のギブバック率で決済,Oafx2PeakMinR=0.4; Oafx2GivebackFraction=0.4,2中規模のコード変更,UNTESTED,"{""Oafx2GivebackFraction"": 0.4, ""Oafx2LabMode"": 106, ""Oafx2PeakMinR"": 0.4}",
OAFX1505,gj_profit_giveback_exit,SCA GBPJPYの含み益ピーク到達後、指定割合を失った時点で成行決済,利益化した建玉の全損反転を防ぎつつ、発動前の通常変動と全エントリーを維持する,建玉別の最大含み益RをEA内で保持し、最小ピークR到達後のギブバック率で決済,Oafx2PeakMinR=0.4; Oafx2GivebackFraction=0.5,2中規模のコード変更,UNTESTED,"{""Oafx2GivebackFraction"": 0.5, ""Oafx2LabMode"": 106, ""Oafx2PeakMinR"": 0.4}",
OAFX1506,gj_profit_giveback_exit,SCA GBPJPYの含み益ピーク到達後、指定割合を失った時点で成行決済,利益化した建玉の全損反転を防ぎつつ、発動前の通常変動と全エントリーを維持する,建玉別の最大含み益RをEA内で保持し、最小ピークR到達後のギブバック率で決済,Oafx2PeakMinR=0.4; Oafx2GivebackFraction=0.6,2中規模のコード変更,UNTESTED,"{""Oafx2GivebackFraction"": 0.6, ""Oafx2LabMode"": 106, ""Oafx2PeakMinR"": 0.4}",
OAFX1507,gj_profit_giveback_exit,SCA GBPJPYの含み益ピーク到達後、指定割合を失った時点で成行決済,利益化した建玉の全損反転を防ぎつつ、発動前の通常変動と全エントリーを維持する,建玉別の最大含み益RをEA内で保持し、最小ピークR到達後のギブバック率で決済,Oafx2PeakMinR=0.4; Oafx2GivebackFraction=0.7,2中規模のコード変更,UNTESTED,"{""Oafx2GivebackFraction"": 0.7, ""Oafx2LabMode"": 106, ""Oafx2PeakMinR"": 0.4}",
OAFX1508,gj_profit_giveback_exit,SCA GBPJPYの含み益ピーク到達後、指定割合を失った時点で成行決済,利益化した建玉の全損反転を防ぎつつ、発動前の通常変動と全エントリーを維持する,建玉別の最大含み益RをEA内で保持し、最小ピークR到達後のギブバック率で決済,Oafx2PeakMinR=0.4; Oafx2GivebackFraction=0.8,2中規模のコード変更,UNTESTED,"{""Oafx2GivebackFraction"": 0.8, ""Oafx2LabMode"": 106, ""Oafx2PeakMinR"": 0.4}",
OAFX1509,gj_profit_giveback_exit,SCA GBPJPYの含み益ピーク到達後、指定割合を失った時点で成行決済,利益化した建玉の全損反転を防ぎつつ、発動前の通常変動と全エントリーを維持する,建玉別の最大含み益RをEA内で保持し、最小ピークR到達後のギブバック率で決済,Oafx2PeakMinR=0.4; Oafx2GivebackFraction=0.9,2中規模のコード変更,UNTESTED,"{""Oafx2GivebackFraction"": 0.9, ""Oafx2LabMode"": 106, ""Oafx2PeakMinR"": 0.4}",
OAFX1510,gj_profit_giveback_exit,SCA GBPJPYの含み益ピーク到達後、指定割合を失った時点で成行決済,利益化した建玉の全損反転を防ぎつつ、発動前の通常変動と全エントリーを維持する,建玉別の最大含み益RをEA内で保持し、最小ピークR到達後のギブバック率で決済,Oafx2PeakMinR=0.4; Oafx2GivebackFraction=1.0,2中規模のコード変更,UNTESTED,"{""Oafx2GivebackFraction"": 1.0, ""Oafx2LabMode"": 106, ""Oafx2PeakMinR"": 0.4}",
OAFX1511,gj_profit_giveback_exit,SCA GBPJPYの含み益ピーク到達後、指定割合を失った時点で成行決済,利益化した建玉の全損反転を防ぎつつ、発動前の通常変動と全エントリーを維持する,建玉別の最大含み益RをEA内で保持し、最小ピークR到達後のギブバック率で決済,Oafx2PeakMinR=0.5; Oafx2GivebackFraction=0.1,2中規模のコード変更,UNTESTED,"{""Oafx2GivebackFraction"": 0.1, ""Oafx2LabMode"": 106, ""Oafx2PeakMinR"": 0.5}",
OAFX1512,gj_profit_giveback_exit,SCA GBPJPYの含み益ピーク到達後、指定割合を失った時点で成行決済,利益化した建玉の全損反転を防ぎつつ、発動前の通常変動と全エントリーを維持する,建玉別の最大含み益RをEA内で保持し、最小ピークR到達後のギブバック率で決済,Oafx2PeakMinR=0.5; Oafx2GivebackFraction=0.2,2中規模のコード変更,UNTESTED,"{""Oafx2GivebackFraction"": 0.2, ""Oafx2LabMode"": 106, ""Oafx2PeakMinR"": 0.5}",
OAFX1513,gj_profit_giveback_exit,SCA GBPJPYの含み益ピーク到達後、指定割合を失った時点で成行決済,利益化した建玉の全損反転を防ぎつつ、発動前の通常変動と全エントリーを維持する,建玉別の最大含み益RをEA内で保持し、最小ピークR到達後のギブバック率で決済,Oafx2PeakMinR=0.5; Oafx2GivebackFraction=0.3,2中規模のコード変更,UNTESTED,"{""Oafx2GivebackFraction"": 0.3, ""Oafx2LabMode"": 106, ""Oafx2PeakMinR"": 0.5}",
OAFX1514,gj_profit_giveback_exit,SCA GBPJPYの含み益ピーク到達後、指定割合を失った時点で成行決済,利益化した建玉の全損反転を防ぎつつ、発動前の通常変動と全エントリーを維持する,建玉別の最大含み益RをEA内で保持し、最小ピークR到達後のギブバック率で決済,Oafx2PeakMinR=0.5; Oafx2GivebackFraction=0.4,2中規模のコード変更,UNTESTED,"{""Oafx2GivebackFraction"": 0.4, ""Oafx2LabMode"": 106, ""Oafx2PeakMinR"": 0.5}",
OAFX1515,gj_profit_giveback_exit,SCA GBPJPYの含み益ピーク到達後、指定割合を失った時点で成行決済,利益化した建玉の全損反転を防ぎつつ、発動前の通常変動と全エントリーを維持する,建玉別の最大含み益RをEA内で保持し、最小ピークR到達後のギブバック率で決済,Oafx2PeakMinR=0.5; Oafx2GivebackFraction=0.5,2中規模のコード変更,UNTESTED,"{""Oafx2GivebackFraction"": 0.5, ""Oafx2LabMode"": 106, ""Oafx2PeakMinR"": 0.5}",
OAFX1516,gj_profit_giveback_exit,SCA GBPJPYの含み益ピーク到達後、指定割合を失った時点で成行決済,利益化した建玉の全損反転を防ぎつつ、発動前の通常変動と全エントリーを維持する,建玉別の最大含み益RをEA内で保持し、最小ピークR到達後のギブバック率で決済,Oafx2PeakMinR=0.5; Oafx2GivebackFraction=0.6,2中規模のコード変更,UNTESTED,"{""Oafx2GivebackFraction"": 0.6, ""Oafx2LabMode"": 106, ""Oafx2PeakMinR"": 0.5}",
OAFX1517,gj_profit_giveback_exit,SCA GBPJPYの含み益ピーク到達後、指定割合を失った時点で成行決済,利益化した建玉の全損反転を防ぎつつ、発動前の通常変動と全エントリーを維持する,建玉別の最大含み益RをEA内で保持し、最小ピークR到達後のギブバック率で決済,Oafx2PeakMinR=0.5; Oafx2GivebackFraction=0.7,2中規模のコード変更,UNTESTED,"{""Oafx2GivebackFraction"": 0.7, ""Oafx2LabMode"": 106, ""Oafx2PeakMinR"": 0.5}",
OAFX1518,gj_profit_giveback_exit,SCA GBPJPYの含み益ピーク到達後、指定割合を失った時点で成行決済,利益化した建玉の全損反転を防ぎつつ、発動前の通常変動と全エントリーを維持する,建玉別の最大含み益RをEA内で保持し、最小ピークR到達後のギブバック率で決済,Oafx2PeakMinR=0.5; Oafx2GivebackFraction=0.8,2中規模のコード変更,UNTESTED,"{""Oafx2GivebackFraction"": 0.8, ""Oafx2LabMode"": 106, ""Oafx2PeakMinR"": 0.5}",
OAFX1519,gj_profit_giveback_exit,SCA GBPJPYの含み益ピーク到達後、指定割合を失った時点で成行決済,利益化した建玉の全損反転を防ぎつつ、発動前の通常変動と全エントリーを維持する,建玉別の最大含み益RをEA内で保持し、最小ピークR到達後のギブバック率で決済,Oafx2PeakMinR=0.5; Oafx2GivebackFraction=0.9,2中規模のコード変更,UNTESTED,"{""Oafx2GivebackFraction"": 0.9, ""Oafx2LabMode"": 106, ""Oafx2PeakMinR"": 0.5}",
OAFX1520,gj_profit_giveback_exit,SCA GBPJPYの含み益ピーク到達後、指定割合を失った時点で成行決済,利益化した建玉の全損反転を防ぎつつ、発動前の通常変動と全エントリーを維持する,建玉別の最大含み益RをEA内で保持し、最小ピークR到達後のギブバック率で決済,Oafx2PeakMinR=0.5; Oafx2GivebackFraction=1.0,2中規模のコード変更,UNTESTED,"{""Oafx2GivebackFraction"": 1.0, ""Oafx2LabMode"": 106, ""Oafx2PeakMinR"": 0.5}",
OAFX1521,gj_profit_giveback_exit,SCA GBPJPYの含み益ピーク到達後、指定割合を失った時点で成行決済,利益化した建玉の全損反転を防ぎつつ、発動前の通常変動と全エントリーを維持する,建玉別の最大含み益RをEA内で保持し、最小ピークR到達後のギブバック率で決済,Oafx2PeakMinR=0.6; Oafx2GivebackFraction=0.1,2中規模のコード変更,UNTESTED,"{""Oafx2GivebackFraction"": 0.1, ""Oafx2LabMode"": 106, ""Oafx2PeakMinR"": 0.6}",
OAFX1522,gj_profit_giveback_exit,SCA GBPJPYの含み益ピーク到達後、指定割合を失った時点で成行決済,利益化した建玉の全損反転を防ぎつつ、発動前の通常変動と全エントリーを維持する,建玉別の最大含み益RをEA内で保持し、最小ピークR到達後のギブバック率で決済,Oafx2PeakMinR=0.6; Oafx2GivebackFraction=0.2,2中規模のコード変更,UNTESTED,"{""Oafx2GivebackFraction"": 0.2, ""Oafx2LabMode"": 106, ""Oafx2PeakMinR"": 0.6}",
OAFX1523,gj_profit_giveback_exit,SCA GBPJPYの含み益ピーク到達後、指定割合を失った時点で成行決済,利益化した建玉の全損反転を防ぎつつ、発動前の通常変動と全エントリーを維持する,建玉別の最大含み益RをEA内で保持し、最小ピークR到達後のギブバック率で決済,Oafx2PeakMinR=0.6; Oafx2GivebackFraction=0.3,2中規模のコード変更,UNTESTED,"{""Oafx2GivebackFraction"": 0.3, ""Oafx2LabMode"": 106, ""Oafx2PeakMinR"": 0.6}",
OAFX1524,gj_profit_giveback_exit,SCA GBPJPYの含み益ピーク到達後、指定割合を失った時点で成行決済,利益化した建玉の全損反転を防ぎつつ、発動前の通常変動と全エントリーを維持する,建玉別の最大含み益RをEA内で保持し、最小ピークR到達後のギブバック率で決済,Oafx2PeakMinR=0.6; Oafx2GivebackFraction=0.4,2中規模のコード変更,UNTESTED,"{""Oafx2GivebackFraction"": 0.4, ""Oafx2LabMode"": 106, ""Oafx2PeakMinR"": 0.6}",
OAFX1525,gj_profit_giveback_exit,SCA GBPJPYの含み益ピーク到達後、指定割合を失った時点で成行決済,利益化した建玉の全損反転を防ぎつつ、発動前の通常変動と全エントリーを維持する,建玉別の最大含み益RをEA内で保持し、最小ピークR到達後のギブバック率で決済,Oafx2PeakMinR=0.6; Oafx2GivebackFraction=0.5,2中規模のコード変更,UNTESTED,"{""Oafx2GivebackFraction"": 0.5, ""Oafx2LabMode"": 106, ""Oafx2PeakMinR"": 0.6}",
OAFX1526,gj_profit_giveback_exit,SCA GBPJPYの含み益ピーク到達後、指定割合を失った時点で成行決済,利益化した建玉の全損反転を防ぎつつ、発動前の通常変動と全エントリーを維持する,建玉別の最大含み益RをEA内で保持し、最小ピークR到達後のギブバック率で決済,Oafx2PeakMinR=0.6; Oafx2GivebackFraction=0.6,2中規模のコード変更,UNTESTED,"{""Oafx2GivebackFraction"": 0.6, ""Oafx2LabMode"": 106, ""Oafx2PeakMinR"": 0.6}",
OAFX1527,gj_profit_giveback_exit,SCA GBPJPYの含み益ピーク到達後、指定割合を失った時点で成行決済,利益化した建玉の全損反転を防ぎつつ、発動前の通常変動と全エントリーを維持する,建玉別の最大含み益RをEA内で保持し、最小ピークR到達後のギブバック率で決済,Oafx2PeakMinR=0.6; Oafx2GivebackFraction=0.7,2中規模のコード変更,UNTESTED,"{""Oafx2GivebackFraction"": 0.7, ""Oafx2LabMode"": 106, ""Oafx2PeakMinR"": 0.6}",
OAFX1528,gj_profit_giveback_exit,SCA GBPJPYの含み益ピーク到達後、指定割合を失った時点で成行決済,利益化した建玉の全損反転を防ぎつつ、発動前の通常変動と全エントリーを維持する,建玉別の最大含み益RをEA内で保持し、最小ピークR到達後のギブバック率で決済,Oafx2PeakMinR=0.6; Oafx2GivebackFraction=0.8,2中規模のコード変更,UNTESTED,"{""Oafx2GivebackFraction"": 0.8, ""Oafx2LabMode"": 106, ""Oafx2PeakMinR"": 0.6}",
OAFX1529,gj_profit_giveback_exit,SCA GBPJPYの含み益ピーク到達後、指定割合を失った時点で成行決済,利益化した建玉の全損反転を防ぎつつ、発動前の通常変動と全エントリーを維持する,建玉別の最大含み益RをEA内で保持し、最小ピークR到達後のギブバック率で決済,Oafx2PeakMinR=0.6; Oafx2GivebackFraction=0.9,2中規模のコード変更,UNTESTED,"{""Oafx2GivebackFraction"": 0.9, ""Oafx2LabMode"": 106, ""Oafx2PeakMinR"": 0.6}",
OAFX1530,gj_profit_giveback_exit,SCA GBPJPYの含み益ピーク到達後、指定割合を失った時点で成行決済,利益化した建玉の全損反転を防ぎつつ、発動前の通常変動と全エントリーを維持する,建玉別の最大含み益RをEA内で保持し、最小ピークR到達後のギブバック率で決済,Oafx2PeakMinR=0.6; Oafx2GivebackFraction=1.0,2中規模のコード変更,UNTESTED,"{""Oafx2GivebackFraction"": 1.0, ""Oafx2LabMode"": 106, ""Oafx2PeakMinR"": 0.6}",
OAFX1531,gj_profit_giveback_exit,SCA GBPJPYの含み益ピーク到達後、指定割合を失った時点で成行決済,利益化した建玉の全損反転を防ぎつつ、発動前の通常変動と全エントリーを維持する,建玉別の最大含み益RをEA内で保持し、最小ピークR到達後のギブバック率で決済,Oafx2PeakMinR=0.7; Oafx2GivebackFraction=0.1,2中規模のコード変更,UNTESTED,"{""Oafx2GivebackFraction"": 0.1, ""Oafx2LabMode"": 106, ""Oafx2PeakMinR"": 0.7}",
OAFX1532,gj_profit_giveback_exit,SCA GBPJPYの含み益ピーク到達後、指定割合を失った時点で成行決済,利益化した建玉の全損反転を防ぎつつ、発動前の通常変動と全エントリーを維持する,建玉別の最大含み益RをEA内で保持し、最小ピークR到達後のギブバック率で決済,Oafx2PeakMinR=0.7; Oafx2GivebackFraction=0.2,2中規模のコード変更,UNTESTED,"{""Oafx2GivebackFraction"": 0.2, ""Oafx2LabMode"": 106, ""Oafx2PeakMinR"": 0.7}",
OAFX1533,gj_profit_giveback_exit,SCA GBPJPYの含み益ピーク到達後、指定割合を失った時点で成行決済,利益化した建玉の全損反転を防ぎつつ、発動前の通常変動と全エントリーを維持する,建玉別の最大含み益RをEA内で保持し、最小ピークR到達後のギブバック率で決済,Oafx2PeakMinR=0.7; Oafx2GivebackFraction=0.3,2中規模のコード変更,UNTESTED,"{""Oafx2GivebackFraction"": 0.3, ""Oafx2LabMode"": 106, ""Oafx2PeakMinR"": 0.7}",
OAFX1534,gj_profit_giveback_exit,SCA GBPJPYの含み益ピーク到達後、指定割合を失った時点で成行決済,利益化した建玉の全損反転を防ぎつつ、発動前の通常変動と全エントリーを維持する,建玉別の最大含み益RをEA内で保持し、最小ピークR到達後のギブバック率で決済,Oafx2PeakMinR=0.7; Oafx2GivebackFraction=0.4,2中規模のコード変更,UNTESTED,"{""Oafx2GivebackFraction"": 0.4, ""Oafx2LabMode"": 106, ""Oafx2PeakMinR"": 0.7}",
OAFX1535,gj_profit_giveback_exit,SCA GBPJPYの含み益ピーク到達後、指定割合を失った時点で成行決済,利益化した建玉の全損反転を防ぎつつ、発動前の通常変動と全エントリーを維持する,建玉別の最大含み益RをEA内で保持し、最小ピークR到達後のギブバック率で決済,Oafx2PeakMinR=0.7; Oafx2GivebackFraction=0.5,2中規模のコード変更,UNTESTED,"{""Oafx2GivebackFraction"": 0.5, ""Oafx2LabMode"": 106, ""Oafx2PeakMinR"": 0.7}",
OAFX1536,gj_profit_giveback_exit,SCA GBPJPYの含み益ピーク到達後、指定割合を失った時点で成行決済,利益化した建玉の全損反転を防ぎつつ、発動前の通常変動と全エントリーを維持する,建玉別の最大含み益RをEA内で保持し、最小ピークR到達後のギブバック率で決済,Oafx2PeakMinR=0.7; Oafx2GivebackFraction=0.6,2中規模のコード変更,UNTESTED,"{""Oafx2GivebackFraction"": 0.6, ""Oafx2LabMode"": 106, ""Oafx2PeakMinR"": 0.7}",
OAFX1537,gj_profit_giveback_exit,SCA GBPJPYの含み益ピーク到達後、指定割合を失った時点で成行決済,利益化した建玉の全損反転を防ぎつつ、発動前の通常変動と全エントリーを維持する,建玉別の最大含み益RをEA内で保持し、最小ピークR到達後のギブバック率で決済,Oafx2PeakMinR=0.7; Oafx2GivebackFraction=0.7,2中規模のコード変更,UNTESTED,"{""Oafx2GivebackFraction"": 0.7, ""Oafx2LabMode"": 106, ""Oafx2PeakMinR"": 0.7}",
OAFX1538,gj_profit_giveback_exit,SCA GBPJPYの含み益ピーク到達後、指定割合を失った時点で成行決済,利益化した建玉の全損反転を防ぎつつ、発動前の通常変動と全エントリーを維持する,建玉別の最大含み益RをEA内で保持し、最小ピークR到達後のギブバック率で決済,Oafx2PeakMinR=0.7; Oafx2GivebackFraction=0.8,2中規模のコード変更,UNTESTED,"{""Oafx2GivebackFraction"": 0.8, ""Oafx2LabMode"": 106, ""Oafx2PeakMinR"": 0.7}",
OAFX1539,gj_profit_giveback_exit,SCA GBPJPYの含み益ピーク到達後、指定割合を失った時点で成行決済,利益化した建玉の全損反転を防ぎつつ、発動前の通常変動と全エントリーを維持する,建玉別の最大含み益RをEA内で保持し、最小ピークR到達後のギブバック率で決済,Oafx2PeakMinR=0.7; Oafx2GivebackFraction=0.9,2中規模のコード変更,UNTESTED,"{""Oafx2GivebackFraction"": 0.9, ""Oafx2LabMode"": 106, ""Oafx2PeakMinR"": 0.7}",
OAFX1540,gj_profit_giveback_exit,SCA GBPJPYの含み益ピーク到達後、指定割合を失った時点で成行決済,利益化した建玉の全損反転を防ぎつつ、発動前の通常変動と全エントリーを維持する,建玉別の最大含み益RをEA内で保持し、最小ピークR到達後のギブバック率で決済,Oafx2PeakMinR=0.7; Oafx2GivebackFraction=1.0,2中規模のコード変更,UNTESTED,"{""Oafx2GivebackFraction"": 1.0, ""Oafx2LabMode"": 106, ""Oafx2PeakMinR"": 0.7}",
OAFX1541,gj_profit_giveback_exit,SCA GBPJPYの含み益ピーク到達後、指定割合を失った時点で成行決済,利益化した建玉の全損反転を防ぎつつ、発動前の通常変動と全エントリーを維持する,建玉別の最大含み益RをEA内で保持し、最小ピークR到達後のギブバック率で決済,Oafx2PeakMinR=0.8; Oafx2GivebackFraction=0.1,2中規模のコード変更,UNTESTED,"{""Oafx2GivebackFraction"": 0.1, ""Oafx2LabMode"": 106, ""Oafx2PeakMinR"": 0.8}",
OAFX1542,gj_profit_giveback_exit,SCA GBPJPYの含み益ピーク到達後、指定割合を失った時点で成行決済,利益化した建玉の全損反転を防ぎつつ、発動前の通常変動と全エントリーを維持する,建玉別の最大含み益RをEA内で保持し、最小ピークR到達後のギブバック率で決済,Oafx2PeakMinR=0.8; Oafx2GivebackFraction=0.2,2中規模のコード変更,UNTESTED,"{""Oafx2GivebackFraction"": 0.2, ""Oafx2LabMode"": 106, ""Oafx2PeakMinR"": 0.8}",
OAFX1543,gj_profit_giveback_exit,SCA GBPJPYの含み益ピーク到達後、指定割合を失った時点で成行決済,利益化した建玉の全損反転を防ぎつつ、発動前の通常変動と全エントリーを維持する,建玉別の最大含み益RをEA内で保持し、最小ピークR到達後のギブバック率で決済,Oafx2PeakMinR=0.8; Oafx2GivebackFraction=0.3,2中規模のコード変更,UNTESTED,"{""Oafx2GivebackFraction"": 0.3, ""Oafx2LabMode"": 106, ""Oafx2PeakMinR"": 0.8}",
OAFX1544,gj_profit_giveback_exit,SCA GBPJPYの含み益ピーク到達後、指定割合を失った時点で成行決済,利益化した建玉の全損反転を防ぎつつ、発動前の通常変動と全エントリーを維持する,建玉別の最大含み益RをEA内で保持し、最小ピークR到達後のギブバック率で決済,Oafx2PeakMinR=0.8; Oafx2GivebackFraction=0.4,2中規模のコード変更,UNTESTED,"{""Oafx2GivebackFraction"": 0.4, ""Oafx2LabMode"": 106, ""Oafx2PeakMinR"": 0.8}",
OAFX1545,gj_profit_giveback_exit,SCA GBPJPYの含み益ピーク到達後、指定割合を失った時点で成行決済,利益化した建玉の全損反転を防ぎつつ、発動前の通常変動と全エントリーを維持する,建玉別の最大含み益RをEA内で保持し、最小ピークR到達後のギブバック率で決済,Oafx2PeakMinR=0.8; Oafx2GivebackFraction=0.5,2中規模のコード変更,UNTESTED,"{""Oafx2GivebackFraction"": 0.5, ""Oafx2LabMode"": 106, ""Oafx2PeakMinR"": 0.8}",
OAFX1546,gj_profit_giveback_exit,SCA GBPJPYの含み益ピーク到達後、指定割合を失った時点で成行決済,利益化した建玉の全損反転を防ぎつつ、発動前の通常変動と全エントリーを維持する,建玉別の最大含み益RをEA内で保持し、最小ピークR到達後のギブバック率で決済,Oafx2PeakMinR=0.8; Oafx2GivebackFraction=0.6,2中規模のコード変更,UNTESTED,"{""Oafx2GivebackFraction"": 0.6, ""Oafx2LabMode"": 106, ""Oafx2PeakMinR"": 0.8}",
OAFX1547,gj_profit_giveback_exit,SCA GBPJPYの含み益ピーク到達後、指定割合を失った時点で成行決済,利益化した建玉の全損反転を防ぎつつ、発動前の通常変動と全エントリーを維持する,建玉別の最大含み益RをEA内で保持し、最小ピークR到達後のギブバック率で決済,Oafx2PeakMinR=0.8; Oafx2GivebackFraction=0.7,2中規模のコード変更,UNTESTED,"{""Oafx2GivebackFraction"": 0.7, ""Oafx2LabMode"": 106, ""Oafx2PeakMinR"": 0.8}",
OAFX1548,gj_profit_giveback_exit,SCA GBPJPYの含み益ピーク到達後、指定割合を失った時点で成行決済,利益化した建玉の全損反転を防ぎつつ、発動前の通常変動と全エントリーを維持する,建玉別の最大含み益RをEA内で保持し、最小ピークR到達後のギブバック率で決済,Oafx2PeakMinR=0.8; Oafx2GivebackFraction=0.8,2中規模のコード変更,UNTESTED,"{""Oafx2GivebackFraction"": 0.8, ""Oafx2LabMode"": 106, ""Oafx2PeakMinR"": 0.8}",
OAFX1549,gj_profit_giveback_exit,SCA GBPJPYの含み益ピーク到達後、指定割合を失った時点で成行決済,利益化した建玉の全損反転を防ぎつつ、発動前の通常変動と全エントリーを維持する,建玉別の最大含み益RをEA内で保持し、最小ピークR到達後のギブバック率で決済,Oafx2PeakMinR=0.8; Oafx2GivebackFraction=0.9,2中規模のコード変更,UNTESTED,"{""Oafx2GivebackFraction"": 0.9, ""Oafx2LabMode"": 106, ""Oafx2PeakMinR"": 0.8}",
OAFX1550,gj_profit_giveback_exit,SCA GBPJPYの含み益ピーク到達後、指定割合を失った時点で成行決済,利益化した建玉の全損反転を防ぎつつ、発動前の通常変動と全エントリーを維持する,建玉別の最大含み益RをEA内で保持し、最小ピークR到達後のギブバック率で決済,Oafx2PeakMinR=0.8; Oafx2GivebackFraction=1.0,2中規模のコード変更,UNTESTED,"{""Oafx2GivebackFraction"": 1.0, ""Oafx2LabMode"": 106, ""Oafx2PeakMinR"": 0.8}",
OAFX1551,gj_profit_giveback_exit,SCA GBPJPYの含み益ピーク到達後、指定割合を失った時点で成行決済,利益化した建玉の全損反転を防ぎつつ、発動前の通常変動と全エントリーを維持する,建玉別の最大含み益RをEA内で保持し、最小ピークR到達後のギブバック率で決済,Oafx2PeakMinR=1.0; Oafx2GivebackFraction=0.1,2中規模のコード変更,UNTESTED,"{""Oafx2GivebackFraction"": 0.1, ""Oafx2LabMode"": 106, ""Oafx2PeakMinR"": 1.0}",
OAFX1552,gj_profit_giveback_exit,SCA GBPJPYの含み益ピーク到達後、指定割合を失った時点で成行決済,利益化した建玉の全損反転を防ぎつつ、発動前の通常変動と全エントリーを維持する,建玉別の最大含み益RをEA内で保持し、最小ピークR到達後のギブバック率で決済,Oafx2PeakMinR=1.0; Oafx2GivebackFraction=0.2,2中規模のコード変更,UNTESTED,"{""Oafx2GivebackFraction"": 0.2, ""Oafx2LabMode"": 106, ""Oafx2PeakMinR"": 1.0}",
OAFX1553,gj_profit_giveback_exit,SCA GBPJPYの含み益ピーク到達後、指定割合を失った時点で成行決済,利益化した建玉の全損反転を防ぎつつ、発動前の通常変動と全エントリーを維持する,建玉別の最大含み益RをEA内で保持し、最小ピークR到達後のギブバック率で決済,Oafx2PeakMinR=1.0; Oafx2GivebackFraction=0.3,2中規模のコード変更,UNTESTED,"{""Oafx2GivebackFraction"": 0.3, ""Oafx2LabMode"": 106, ""Oafx2PeakMinR"": 1.0}",
OAFX1554,gj_profit_giveback_exit,SCA GBPJPYの含み益ピーク到達後、指定割合を失った時点で成行決済,利益化した建玉の全損反転を防ぎつつ、発動前の通常変動と全エントリーを維持する,建玉別の最大含み益RをEA内で保持し、最小ピークR到達後のギブバック率で決済,Oafx2PeakMinR=1.0; Oafx2GivebackFraction=0.4,2中規模のコード変更,UNTESTED,"{""Oafx2GivebackFraction"": 0.4, ""Oafx2LabMode"": 106, ""Oafx2PeakMinR"": 1.0}",
OAFX1555,gj_profit_giveback_exit,SCA GBPJPYの含み益ピーク到達後、指定割合を失った時点で成行決済,利益化した建玉の全損反転を防ぎつつ、発動前の通常変動と全エントリーを維持する,建玉別の最大含み益RをEA内で保持し、最小ピークR到達後のギブバック率で決済,Oafx2PeakMinR=1.0; Oafx2GivebackFraction=0.5,2中規模のコード変更,UNTESTED,"{""Oafx2GivebackFraction"": 0.5, ""Oafx2LabMode"": 106, ""Oafx2PeakMinR"": 1.0}",
OAFX1556,gj_profit_giveback_exit,SCA GBPJPYの含み益ピーク到達後、指定割合を失った時点で成行決済,利益化した建玉の全損反転を防ぎつつ、発動前の通常変動と全エントリーを維持する,建玉別の最大含み益RをEA内で保持し、最小ピークR到達後のギブバック率で決済,Oafx2PeakMinR=1.0; Oafx2GivebackFraction=0.6,2中規模のコード変更,UNTESTED,"{""Oafx2GivebackFraction"": 0.6, ""Oafx2LabMode"": 106, ""Oafx2PeakMinR"": 1.0}",
OAFX1557,gj_profit_giveback_exit,SCA GBPJPYの含み益ピーク到達後、指定割合を失った時点で成行決済,利益化した建玉の全損反転を防ぎつつ、発動前の通常変動と全エントリーを維持する,建玉別の最大含み益RをEA内で保持し、最小ピークR到達後のギブバック率で決済,Oafx2PeakMinR=1.0; Oafx2GivebackFraction=0.7,2中規模のコード変更,UNTESTED,"{""Oafx2GivebackFraction"": 0.7, ""Oafx2LabMode"": 106, ""Oafx2PeakMinR"": 1.0}",
OAFX1558,gj_profit_giveback_exit,SCA GBPJPYの含み益ピーク到達後、指定割合を失った時点で成行決済,利益化した建玉の全損反転を防ぎつつ、発動前の通常変動と全エントリーを維持する,建玉別の最大含み益RをEA内で保持し、最小ピークR到達後のギブバック率で決済,Oafx2PeakMinR=1.0; Oafx2GivebackFraction=0.8,2中規模のコード変更,UNTESTED,"{""Oafx2GivebackFraction"": 0.8, ""Oafx2LabMode"": 106, ""Oafx2PeakMinR"": 1.0}",
OAFX1559,gj_profit_giveback_exit,SCA GBPJPYの含み益ピーク到達後、指定割合を失った時点で成行決済,利益化した建玉の全損反転を防ぎつつ、発動前の通常変動と全エントリーを維持する,建玉別の最大含み益RをEA内で保持し、最小ピークR到達後のギブバック率で決済,Oafx2PeakMinR=1.0; Oafx2GivebackFraction=0.9,2中規模のコード変更,UNTESTED,"{""Oafx2GivebackFraction"": 0.9, ""Oafx2LabMode"": 106, ""Oafx2PeakMinR"": 1.0}",
OAFX1560,gj_profit_giveback_exit,SCA GBPJPYの含み益ピーク到達後、指定割合を失った時点で成行決済,利益化した建玉の全損反転を防ぎつつ、発動前の通常変動と全エントリーを維持する,建玉別の最大含み益RをEA内で保持し、最小ピークR到達後のギブバック率で決済,Oafx2PeakMinR=1.0; Oafx2GivebackFraction=1.0,2中規模のコード変更,UNTESTED,"{""Oafx2GivebackFraction"": 1.0, ""Oafx2LabMode"": 106, ""Oafx2PeakMinR"": 1.0}",
OAFX1561,gj_profit_giveback_exit,SCA GBPJPYの含み益ピーク到達後、指定割合を失った時点で成行決済,利益化した建玉の全損反転を防ぎつつ、発動前の通常変動と全エントリーを維持する,建玉別の最大含み益RをEA内で保持し、最小ピークR到達後のギブバック率で決済,Oafx2PeakMinR=1.2; Oafx2GivebackFraction=0.1,2中規模のコード変更,UNTESTED,"{""Oafx2GivebackFraction"": 0.1, ""Oafx2LabMode"": 106, ""Oafx2PeakMinR"": 1.2}",
OAFX1562,gj_profit_giveback_exit,SCA GBPJPYの含み益ピーク到達後、指定割合を失った時点で成行決済,利益化した建玉の全損反転を防ぎつつ、発動前の通常変動と全エントリーを維持する,建玉別の最大含み益RをEA内で保持し、最小ピークR到達後のギブバック率で決済,Oafx2PeakMinR=1.2; Oafx2GivebackFraction=0.2,2中規模のコード変更,UNTESTED,"{""Oafx2GivebackFraction"": 0.2, ""Oafx2LabMode"": 106, ""Oafx2PeakMinR"": 1.2}",
OAFX1563,gj_profit_giveback_exit,SCA GBPJPYの含み益ピーク到達後、指定割合を失った時点で成行決済,利益化した建玉の全損反転を防ぎつつ、発動前の通常変動と全エントリーを維持する,建玉別の最大含み益RをEA内で保持し、最小ピークR到達後のギブバック率で決済,Oafx2PeakMinR=1.2; Oafx2GivebackFraction=0.3,2中規模のコード変更,UNTESTED,"{""Oafx2GivebackFraction"": 0.3, ""Oafx2LabMode"": 106, ""Oafx2PeakMinR"": 1.2}",
OAFX1564,gj_profit_giveback_exit,SCA GBPJPYの含み益ピーク到達後、指定割合を失った時点で成行決済,利益化した建玉の全損反転を防ぎつつ、発動前の通常変動と全エントリーを維持する,建玉別の最大含み益RをEA内で保持し、最小ピークR到達後のギブバック率で決済,Oafx2PeakMinR=1.2; Oafx2GivebackFraction=0.4,2中規模のコード変更,UNTESTED,"{""Oafx2GivebackFraction"": 0.4, ""Oafx2LabMode"": 106, ""Oafx2PeakMinR"": 1.2}",
OAFX1565,gj_profit_giveback_exit,SCA GBPJPYの含み益ピーク到達後、指定割合を失った時点で成行決済,利益化した建玉の全損反転を防ぎつつ、発動前の通常変動と全エントリーを維持する,建玉別の最大含み益RをEA内で保持し、最小ピークR到達後のギブバック率で決済,Oafx2PeakMinR=1.2; Oafx2GivebackFraction=0.5,2中規模のコード変更,UNTESTED,"{""Oafx2GivebackFraction"": 0.5, ""Oafx2LabMode"": 106, ""Oafx2PeakMinR"": 1.2}",
OAFX1566,gj_profit_giveback_exit,SCA GBPJPYの含み益ピーク到達後、指定割合を失った時点で成行決済,利益化した建玉の全損反転を防ぎつつ、発動前の通常変動と全エントリーを維持する,建玉別の最大含み益RをEA内で保持し、最小ピークR到達後のギブバック率で決済,Oafx2PeakMinR=1.2; Oafx2GivebackFraction=0.6,2中規模のコード変更,UNTESTED,"{""Oafx2GivebackFraction"": 0.6, ""Oafx2LabMode"": 106, ""Oafx2PeakMinR"": 1.2}",
OAFX1567,gj_profit_giveback_exit,SCA GBPJPYの含み益ピーク到達後、指定割合を失った時点で成行決済,利益化した建玉の全損反転を防ぎつつ、発動前の通常変動と全エントリーを維持する,建玉別の最大含み益RをEA内で保持し、最小ピークR到達後のギブバック率で決済,Oafx2PeakMinR=1.2; Oafx2GivebackFraction=0.7,2中規模のコード変更,UNTESTED,"{""Oafx2GivebackFraction"": 0.7, ""Oafx2LabMode"": 106, ""Oafx2PeakMinR"": 1.2}",
OAFX1568,gj_profit_giveback_exit,SCA GBPJPYの含み益ピーク到達後、指定割合を失った時点で成行決済,利益化した建玉の全損反転を防ぎつつ、発動前の通常変動と全エントリーを維持する,建玉別の最大含み益RをEA内で保持し、最小ピークR到達後のギブバック率で決済,Oafx2PeakMinR=1.2; Oafx2GivebackFraction=0.8,2中規模のコード変更,UNTESTED,"{""Oafx2GivebackFraction"": 0.8, ""Oafx2LabMode"": 106, ""Oafx2PeakMinR"": 1.2}",
OAFX1569,gj_profit_giveback_exit,SCA GBPJPYの含み益ピーク到達後、指定割合を失った時点で成行決済,利益化した建玉の全損反転を防ぎつつ、発動前の通常変動と全エントリーを維持する,建玉別の最大含み益RをEA内で保持し、最小ピークR到達後のギブバック率で決済,Oafx2PeakMinR=1.2; Oafx2GivebackFraction=0.9,2中規模のコード変更,UNTESTED,"{""Oafx2GivebackFraction"": 0.9, ""Oafx2LabMode"": 106, ""Oafx2PeakMinR"": 1.2}",
OAFX1570,gj_profit_giveback_exit,SCA GBPJPYの含み益ピーク到達後、指定割合を失った時点で成行決済,利益化した建玉の全損反転を防ぎつつ、発動前の通常変動と全エントリーを維持する,建玉別の最大含み益RをEA内で保持し、最小ピークR到達後のギブバック率で決済,Oafx2PeakMinR=1.2; Oafx2GivebackFraction=1.0,2中規模のコード変更,UNTESTED,"{""Oafx2GivebackFraction"": 1.0, ""Oafx2LabMode"": 106, ""Oafx2PeakMinR"": 1.2}",
OAFX1571,gj_profit_giveback_exit,SCA GBPJPYの含み益ピーク到達後、指定割合を失った時点で成行決済,利益化した建玉の全損反転を防ぎつつ、発動前の通常変動と全エントリーを維持する,建玉別の最大含み益RをEA内で保持し、最小ピークR到達後のギブバック率で決済,Oafx2PeakMinR=1.5; Oafx2GivebackFraction=0.1,2中規模のコード変更,UNTESTED,"{""Oafx2GivebackFraction"": 0.1, ""Oafx2LabMode"": 106, ""Oafx2PeakMinR"": 1.5}",
OAFX1572,gj_profit_giveback_exit,SCA GBPJPYの含み益ピーク到達後、指定割合を失った時点で成行決済,利益化した建玉の全損反転を防ぎつつ、発動前の通常変動と全エントリーを維持する,建玉別の最大含み益RをEA内で保持し、最小ピークR到達後のギブバック率で決済,Oafx2PeakMinR=1.5; Oafx2GivebackFraction=0.2,2中規模のコード変更,UNTESTED,"{""Oafx2GivebackFraction"": 0.2, ""Oafx2LabMode"": 106, ""Oafx2PeakMinR"": 1.5}",
OAFX1573,gj_profit_giveback_exit,SCA GBPJPYの含み益ピーク到達後、指定割合を失った時点で成行決済,利益化した建玉の全損反転を防ぎつつ、発動前の通常変動と全エントリーを維持する,建玉別の最大含み益RをEA内で保持し、最小ピークR到達後のギブバック率で決済,Oafx2PeakMinR=1.5; Oafx2GivebackFraction=0.3,2中規模のコード変更,UNTESTED,"{""Oafx2GivebackFraction"": 0.3, ""Oafx2LabMode"": 106, ""Oafx2PeakMinR"": 1.5}",
OAFX1574,gj_profit_giveback_exit,SCA GBPJPYの含み益ピーク到達後、指定割合を失った時点で成行決済,利益化した建玉の全損反転を防ぎつつ、発動前の通常変動と全エントリーを維持する,建玉別の最大含み益RをEA内で保持し、最小ピークR到達後のギブバック率で決済,Oafx2PeakMinR=1.5; Oafx2GivebackFraction=0.4,2中規模のコード変更,UNTESTED,"{""Oafx2GivebackFraction"": 0.4, ""Oafx2LabMode"": 106, ""Oafx2PeakMinR"": 1.5}",
OAFX1575,gj_profit_giveback_exit,SCA GBPJPYの含み益ピーク到達後、指定割合を失った時点で成行決済,利益化した建玉の全損反転を防ぎつつ、発動前の通常変動と全エントリーを維持する,建玉別の最大含み益RをEA内で保持し、最小ピークR到達後のギブバック率で決済,Oafx2PeakMinR=1.5; Oafx2GivebackFraction=0.5,2中規模のコード変更,UNTESTED,"{""Oafx2GivebackFraction"": 0.5, ""Oafx2LabMode"": 106, ""Oafx2PeakMinR"": 1.5}",
OAFX1576,gj_profit_giveback_exit,SCA GBPJPYの含み益ピーク到達後、指定割合を失った時点で成行決済,利益化した建玉の全損反転を防ぎつつ、発動前の通常変動と全エントリーを維持する,建玉別の最大含み益RをEA内で保持し、最小ピークR到達後のギブバック率で決済,Oafx2PeakMinR=1.5; Oafx2GivebackFraction=0.6,2中規模のコード変更,UNTESTED,"{""Oafx2GivebackFraction"": 0.6, ""Oafx2LabMode"": 106, ""Oafx2PeakMinR"": 1.5}",
OAFX1577,gj_profit_giveback_exit,SCA GBPJPYの含み益ピーク到達後、指定割合を失った時点で成行決済,利益化した建玉の全損反転を防ぎつつ、発動前の通常変動と全エントリーを維持する,建玉別の最大含み益RをEA内で保持し、最小ピークR到達後のギブバック率で決済,Oafx2PeakMinR=1.5; Oafx2GivebackFraction=0.7,2中規模のコード変更,UNTESTED,"{""Oafx2GivebackFraction"": 0.7, ""Oafx2LabMode"": 106, ""Oafx2PeakMinR"": 1.5}",
OAFX1578,gj_profit_giveback_exit,SCA GBPJPYの含み益ピーク到達後、指定割合を失った時点で成行決済,利益化した建玉の全損反転を防ぎつつ、発動前の通常変動と全エントリーを維持する,建玉別の最大含み益RをEA内で保持し、最小ピークR到達後のギブバック率で決済,Oafx2PeakMinR=1.5; Oafx2GivebackFraction=0.8,2中規模のコード変更,UNTESTED,"{""Oafx2GivebackFraction"": 0.8, ""Oafx2LabMode"": 106, ""Oafx2PeakMinR"": 1.5}",
OAFX1579,gj_profit_giveback_exit,SCA GBPJPYの含み益ピーク到達後、指定割合を失った時点で成行決済,利益化した建玉の全損反転を防ぎつつ、発動前の通常変動と全エントリーを維持する,建玉別の最大含み益RをEA内で保持し、最小ピークR到達後のギブバック率で決済,Oafx2PeakMinR=1.5; Oafx2GivebackFraction=0.9,2中規模のコード変更,UNTESTED,"{""Oafx2GivebackFraction"": 0.9, ""Oafx2LabMode"": 106, ""Oafx2PeakMinR"": 1.5}",
OAFX1580,gj_profit_giveback_exit,SCA GBPJPYの含み益ピーク到達後、指定割合を失った時点で成行決済,利益化した建玉の全損反転を防ぎつつ、発動前の通常変動と全エントリーを維持する,建玉別の最大含み益RをEA内で保持し、最小ピークR到達後のギブバック率で決済,Oafx2PeakMinR=1.5; Oafx2GivebackFraction=1.0,2中規模のコード変更,UNTESTED,"{""Oafx2GivebackFraction"": 1.0, ""Oafx2LabMode"": 106, ""Oafx2PeakMinR"": 1.5}",
OAFX1581,gj_profit_giveback_exit,SCA GBPJPYの含み益ピーク到達後、指定割合を失った時点で成行決済,利益化した建玉の全損反転を防ぎつつ、発動前の通常変動と全エントリーを維持する,建玉別の最大含み益RをEA内で保持し、最小ピークR到達後のギブバック率で決済,Oafx2PeakMinR=1.8; Oafx2GivebackFraction=0.1,2中規模のコード変更,UNTESTED,"{""Oafx2GivebackFraction"": 0.1, ""Oafx2LabMode"": 106, ""Oafx2PeakMinR"": 1.8}",
OAFX1582,gj_profit_giveback_exit,SCA GBPJPYの含み益ピーク到達後、指定割合を失った時点で成行決済,利益化した建玉の全損反転を防ぎつつ、発動前の通常変動と全エントリーを維持する,建玉別の最大含み益RをEA内で保持し、最小ピークR到達後のギブバック率で決済,Oafx2PeakMinR=1.8; Oafx2GivebackFraction=0.2,2中規模のコード変更,UNTESTED,"{""Oafx2GivebackFraction"": 0.2, ""Oafx2LabMode"": 106, ""Oafx2PeakMinR"": 1.8}",
OAFX1583,gj_profit_giveback_exit,SCA GBPJPYの含み益ピーク到達後、指定割合を失った時点で成行決済,利益化した建玉の全損反転を防ぎつつ、発動前の通常変動と全エントリーを維持する,建玉別の最大含み益RをEA内で保持し、最小ピークR到達後のギブバック率で決済,Oafx2PeakMinR=1.8; Oafx2GivebackFraction=0.3,2中規模のコード変更,UNTESTED,"{""Oafx2GivebackFraction"": 0.3, ""Oafx2LabMode"": 106, ""Oafx2PeakMinR"": 1.8}",
OAFX1584,gj_profit_giveback_exit,SCA GBPJPYの含み益ピーク到達後、指定割合を失った時点で成行決済,利益化した建玉の全損反転を防ぎつつ、発動前の通常変動と全エントリーを維持する,建玉別の最大含み益RをEA内で保持し、最小ピークR到達後のギブバック率で決済,Oafx2PeakMinR=1.8; Oafx2GivebackFraction=0.4,2中規模のコード変更,UNTESTED,"{""Oafx2GivebackFraction"": 0.4, ""Oafx2LabMode"": 106, ""Oafx2PeakMinR"": 1.8}",
OAFX1585,gj_profit_giveback_exit,SCA GBPJPYの含み益ピーク到達後、指定割合を失った時点で成行決済,利益化した建玉の全損反転を防ぎつつ、発動前の通常変動と全エントリーを維持する,建玉別の最大含み益RをEA内で保持し、最小ピークR到達後のギブバック率で決済,Oafx2PeakMinR=1.8; Oafx2GivebackFraction=0.5,2中規模のコード変更,UNTESTED,"{""Oafx2GivebackFraction"": 0.5, ""Oafx2LabMode"": 106, ""Oafx2PeakMinR"": 1.8}",
OAFX1586,gj_profit_giveback_exit,SCA GBPJPYの含み益ピーク到達後、指定割合を失った時点で成行決済,利益化した建玉の全損反転を防ぎつつ、発動前の通常変動と全エントリーを維持する,建玉別の最大含み益RをEA内で保持し、最小ピークR到達後のギブバック率で決済,Oafx2PeakMinR=1.8; Oafx2GivebackFraction=0.6,2中規模のコード変更,UNTESTED,"{""Oafx2GivebackFraction"": 0.6, ""Oafx2LabMode"": 106, ""Oafx2PeakMinR"": 1.8}",
OAFX1587,gj_profit_giveback_exit,SCA GBPJPYの含み益ピーク到達後、指定割合を失った時点で成行決済,利益化した建玉の全損反転を防ぎつつ、発動前の通常変動と全エントリーを維持する,建玉別の最大含み益RをEA内で保持し、最小ピークR到達後のギブバック率で決済,Oafx2PeakMinR=1.8; Oafx2GivebackFraction=0.7,2中規模のコード変更,UNTESTED,"{""Oafx2GivebackFraction"": 0.7, ""Oafx2LabMode"": 106, ""Oafx2PeakMinR"": 1.8}",
OAFX1588,gj_profit_giveback_exit,SCA GBPJPYの含み益ピーク到達後、指定割合を失った時点で成行決済,利益化した建玉の全損反転を防ぎつつ、発動前の通常変動と全エントリーを維持する,建玉別の最大含み益RをEA内で保持し、最小ピークR到達後のギブバック率で決済,Oafx2PeakMinR=1.8; Oafx2GivebackFraction=0.8,2中規模のコード変更,UNTESTED,"{""Oafx2GivebackFraction"": 0.8, ""Oafx2LabMode"": 106, ""Oafx2PeakMinR"": 1.8}",
OAFX1589,gj_profit_giveback_exit,SCA GBPJPYの含み益ピーク到達後、指定割合を失った時点で成行決済,利益化した建玉の全損反転を防ぎつつ、発動前の通常変動と全エントリーを維持する,建玉別の最大含み益RをEA内で保持し、最小ピークR到達後のギブバック率で決済,Oafx2PeakMinR=1.8; Oafx2GivebackFraction=0.9,2中規模のコード変更,UNTESTED,"{""Oafx2GivebackFraction"": 0.9, ""Oafx2LabMode"": 106, ""Oafx2PeakMinR"": 1.8}",
OAFX1590,gj_profit_giveback_exit,SCA GBPJPYの含み益ピーク到達後、指定割合を失った時点で成行決済,利益化した建玉の全損反転を防ぎつつ、発動前の通常変動と全エントリーを維持する,建玉別の最大含み益RをEA内で保持し、最小ピークR到達後のギブバック率で決済,Oafx2PeakMinR=1.8; Oafx2GivebackFraction=1.0,2中規模のコード変更,UNTESTED,"{""Oafx2GivebackFraction"": 1.0, ""Oafx2LabMode"": 106, ""Oafx2PeakMinR"": 1.8}",
OAFX1591,gj_profit_giveback_exit,SCA GBPJPYの含み益ピーク到達後、指定割合を失った時点で成行決済,利益化した建玉の全損反転を防ぎつつ、発動前の通常変動と全エントリーを維持する,建玉別の最大含み益RをEA内で保持し、最小ピークR到達後のギブバック率で決済,Oafx2PeakMinR=2.0; Oafx2GivebackFraction=0.1,2中規模のコード変更,UNTESTED,"{""Oafx2GivebackFraction"": 0.1, ""Oafx2LabMode"": 106, ""Oafx2PeakMinR"": 2.0}",
OAFX1592,gj_profit_giveback_exit,SCA GBPJPYの含み益ピーク到達後、指定割合を失った時点で成行決済,利益化した建玉の全損反転を防ぎつつ、発動前の通常変動と全エントリーを維持する,建玉別の最大含み益RをEA内で保持し、最小ピークR到達後のギブバック率で決済,Oafx2PeakMinR=2.0; Oafx2GivebackFraction=0.2,2中規模のコード変更,UNTESTED,"{""Oafx2GivebackFraction"": 0.2, ""Oafx2LabMode"": 106, ""Oafx2PeakMinR"": 2.0}",
OAFX1593,gj_profit_giveback_exit,SCA GBPJPYの含み益ピーク到達後、指定割合を失った時点で成行決済,利益化した建玉の全損反転を防ぎつつ、発動前の通常変動と全エントリーを維持する,建玉別の最大含み益RをEA内で保持し、最小ピークR到達後のギブバック率で決済,Oafx2PeakMinR=2.0; Oafx2GivebackFraction=0.3,2中規模のコード変更,UNTESTED,"{""Oafx2GivebackFraction"": 0.3, ""Oafx2LabMode"": 106, ""Oafx2PeakMinR"": 2.0}",
OAFX1594,gj_profit_giveback_exit,SCA GBPJPYの含み益ピーク到達後、指定割合を失った時点で成行決済,利益化した建玉の全損反転を防ぎつつ、発動前の通常変動と全エントリーを維持する,建玉別の最大含み益RをEA内で保持し、最小ピークR到達後のギブバック率で決済,Oafx2PeakMinR=2.0; Oafx2GivebackFraction=0.4,2中規模のコード変更,UNTESTED,"{""Oafx2GivebackFraction"": 0.4, ""Oafx2LabMode"": 106, ""Oafx2PeakMinR"": 2.0}",
OAFX1595,gj_profit_giveback_exit,SCA GBPJPYの含み益ピーク到達後、指定割合を失った時点で成行決済,利益化した建玉の全損反転を防ぎつつ、発動前の通常変動と全エントリーを維持する,建玉別の最大含み益RをEA内で保持し、最小ピークR到達後のギブバック率で決済,Oafx2PeakMinR=2.0; Oafx2GivebackFraction=0.5,2中規模のコード変更,UNTESTED,"{""Oafx2GivebackFraction"": 0.5, ""Oafx2LabMode"": 106, ""Oafx2PeakMinR"": 2.0}",
OAFX1596,gj_profit_giveback_exit,SCA GBPJPYの含み益ピーク到達後、指定割合を失った時点で成行決済,利益化した建玉の全損反転を防ぎつつ、発動前の通常変動と全エントリーを維持する,建玉別の最大含み益RをEA内で保持し、最小ピークR到達後のギブバック率で決済,Oafx2PeakMinR=2.0; Oafx2GivebackFraction=0.6,2中規模のコード変更,UNTESTED,"{""Oafx2GivebackFraction"": 0.6, ""Oafx2LabMode"": 106, ""Oafx2PeakMinR"": 2.0}",
OAFX1597,gj_profit_giveback_exit,SCA GBPJPYの含み益ピーク到達後、指定割合を失った時点で成行決済,利益化した建玉の全損反転を防ぎつつ、発動前の通常変動と全エントリーを維持する,建玉別の最大含み益RをEA内で保持し、最小ピークR到達後のギブバック率で決済,Oafx2PeakMinR=2.0; Oafx2GivebackFraction=0.7,2中規模のコード変更,UNTESTED,"{""Oafx2GivebackFraction"": 0.7, ""Oafx2LabMode"": 106, ""Oafx2PeakMinR"": 2.0}",
OAFX1598,gj_profit_giveback_exit,SCA GBPJPYの含み益ピーク到達後、指定割合を失った時点で成行決済,利益化した建玉の全損反転を防ぎつつ、発動前の通常変動と全エントリーを維持する,建玉別の最大含み益RをEA内で保持し、最小ピークR到達後のギブバック率で決済,Oafx2PeakMinR=2.0; Oafx2GivebackFraction=0.8,2中規模のコード変更,UNTESTED,"{""Oafx2GivebackFraction"": 0.8, ""Oafx2LabMode"": 106, ""Oafx2PeakMinR"": 2.0}",
OAFX1599,gj_profit_giveback_exit,SCA GBPJPYの含み益ピーク到達後、指定割合を失った時点で成行決済,利益化した建玉の全損反転を防ぎつつ、発動前の通常変動と全エントリーを維持する,建玉別の最大含み益RをEA内で保持し、最小ピークR到達後のギブバック率で決済,Oafx2PeakMinR=2.0; Oafx2GivebackFraction=0.9,2中規模のコード変更,UNTESTED,"{""Oafx2GivebackFraction"": 0.9, ""Oafx2LabMode"": 106, ""Oafx2PeakMinR"": 2.0}",
OAFX1600,gj_profit_giveback_exit,SCA GBPJPYの含み益ピーク到達後、指定割合を失った時点で成行決済,利益化した建玉の全損反転を防ぎつつ、発動前の通常変動と全エントリーを維持する,建玉別の最大含み益RをEA内で保持し、最小ピークR到達後のギブバック率で決済,Oafx2PeakMinR=2.0; Oafx2GivebackFraction=1.0,2中規模のコード変更,UNTESTED,"{""Oafx2GivebackFraction"": 1.0, ""Oafx2LabMode"": 106, ""Oafx2PeakMinR"": 2.0}",
OAFX1601,gj_boost_partial_exit,SCA GBPJPYの逆張りブースト建玉だけを一定Rで0.01 lot単位に部分決済,0.06 lot群の利益機会を残しながら一部を早期回収し、その後の損失振幅を小さくする,0.01 lot建玉は変更せず、より大きい建玉だけ指定Rで指定lotを一度部分決済してEA実測,Oafx2PartialTriggerR=0.2; Oafx2PartialLots=0.01,2中規模のコード変更,UNTESTED,"{""Oafx2LabMode"": 107, ""Oafx2PartialLots"": 0.01, ""Oafx2PartialTriggerR"": 0.2}",
OAFX1602,gj_boost_partial_exit,SCA GBPJPYの逆張りブースト建玉だけを一定Rで0.01 lot単位に部分決済,0.06 lot群の利益機会を残しながら一部を早期回収し、その後の損失振幅を小さくする,0.01 lot建玉は変更せず、より大きい建玉だけ指定Rで指定lotを一度部分決済してEA実測,Oafx2PartialTriggerR=0.2; Oafx2PartialLots=0.02,2中規模のコード変更,UNTESTED,"{""Oafx2LabMode"": 107, ""Oafx2PartialLots"": 0.02, ""Oafx2PartialTriggerR"": 0.2}",
OAFX1603,gj_boost_partial_exit,SCA GBPJPYの逆張りブースト建玉だけを一定Rで0.01 lot単位に部分決済,0.06 lot群の利益機会を残しながら一部を早期回収し、その後の損失振幅を小さくする,0.01 lot建玉は変更せず、より大きい建玉だけ指定Rで指定lotを一度部分決済してEA実測,Oafx2PartialTriggerR=0.2; Oafx2PartialLots=0.03,2中規模のコード変更,UNTESTED,"{""Oafx2LabMode"": 107, ""Oafx2PartialLots"": 0.03, ""Oafx2PartialTriggerR"": 0.2}",
OAFX1604,gj_boost_partial_exit,SCA GBPJPYの逆張りブースト建玉だけを一定Rで0.01 lot単位に部分決済,0.06 lot群の利益機会を残しながら一部を早期回収し、その後の損失振幅を小さくする,0.01 lot建玉は変更せず、より大きい建玉だけ指定Rで指定lotを一度部分決済してEA実測,Oafx2PartialTriggerR=0.2; Oafx2PartialLots=0.04,2中規模のコード変更,UNTESTED,"{""Oafx2LabMode"": 107, ""Oafx2PartialLots"": 0.04, ""Oafx2PartialTriggerR"": 0.2}",
OAFX1605,gj_boost_partial_exit,SCA GBPJPYの逆張りブースト建玉だけを一定Rで0.01 lot単位に部分決済,0.06 lot群の利益機会を残しながら一部を早期回収し、その後の損失振幅を小さくする,0.01 lot建玉は変更せず、より大きい建玉だけ指定Rで指定lotを一度部分決済してEA実測,Oafx2PartialTriggerR=0.2; Oafx2PartialLots=0.05,2中規模のコード変更,UNTESTED,"{""Oafx2LabMode"": 107, ""Oafx2PartialLots"": 0.05, ""Oafx2PartialTriggerR"": 0.2}",
OAFX1606,gj_boost_partial_exit,SCA GBPJPYの逆張りブースト建玉だけを一定Rで0.01 lot単位に部分決済,0.06 lot群の利益機会を残しながら一部を早期回収し、その後の損失振幅を小さくする,0.01 lot建玉は変更せず、より大きい建玉だけ指定Rで指定lotを一度部分決済してEA実測,Oafx2PartialTriggerR=0.3; Oafx2PartialLots=0.01,2中規模のコード変更,UNTESTED,"{""Oafx2LabMode"": 107, ""Oafx2PartialLots"": 0.01, ""Oafx2PartialTriggerR"": 0.3}",
OAFX1607,gj_boost_partial_exit,SCA GBPJPYの逆張りブースト建玉だけを一定Rで0.01 lot単位に部分決済,0.06 lot群の利益機会を残しながら一部を早期回収し、その後の損失振幅を小さくする,0.01 lot建玉は変更せず、より大きい建玉だけ指定Rで指定lotを一度部分決済してEA実測,Oafx2PartialTriggerR=0.3; Oafx2PartialLots=0.02,2中規模のコード変更,UNTESTED,"{""Oafx2LabMode"": 107, ""Oafx2PartialLots"": 0.02, ""Oafx2PartialTriggerR"": 0.3}",
OAFX1608,gj_boost_partial_exit,SCA GBPJPYの逆張りブースト建玉だけを一定Rで0.01 lot単位に部分決済,0.06 lot群の利益機会を残しながら一部を早期回収し、その後の損失振幅を小さくする,0.01 lot建玉は変更せず、より大きい建玉だけ指定Rで指定lotを一度部分決済してEA実測,Oafx2PartialTriggerR=0.3; Oafx2PartialLots=0.03,2中規模のコード変更,UNTESTED,"{""Oafx2LabMode"": 107, ""Oafx2PartialLots"": 0.03, ""Oafx2PartialTriggerR"": 0.3}",
OAFX1609,gj_boost_partial_exit,SCA GBPJPYの逆張りブースト建玉だけを一定Rで0.01 lot単位に部分決済,0.06 lot群の利益機会を残しながら一部を早期回収し、その後の損失振幅を小さくする,0.01 lot建玉は変更せず、より大きい建玉だけ指定Rで指定lotを一度部分決済してEA実測,Oafx2PartialTriggerR=0.3; Oafx2PartialLots=0.04,2中規模のコード変更,UNTESTED,"{""Oafx2LabMode"": 107, ""Oafx2PartialLots"": 0.04, ""Oafx2PartialTriggerR"": 0.3}",
OAFX1610,gj_boost_partial_exit,SCA GBPJPYの逆張りブースト建玉だけを一定Rで0.01 lot単位に部分決済,0.06 lot群の利益機会を残しながら一部を早期回収し、その後の損失振幅を小さくする,0.01 lot建玉は変更せず、より大きい建玉だけ指定Rで指定lotを一度部分決済してEA実測,Oafx2PartialTriggerR=0.3; Oafx2PartialLots=0.05,2中規模のコード変更,UNTESTED,"{""Oafx2LabMode"": 107, ""Oafx2PartialLots"": 0.05, ""Oafx2PartialTriggerR"": 0.3}",
OAFX1611,gj_boost_partial_exit,SCA GBPJPYの逆張りブースト建玉だけを一定Rで0.01 lot単位に部分決済,0.06 lot群の利益機会を残しながら一部を早期回収し、その後の損失振幅を小さくする,0.01 lot建玉は変更せず、より大きい建玉だけ指定Rで指定lotを一度部分決済してEA実測,Oafx2PartialTriggerR=0.4; Oafx2PartialLots=0.01,2中規模のコード変更,UNTESTED,"{""Oafx2LabMode"": 107, ""Oafx2PartialLots"": 0.01, ""Oafx2PartialTriggerR"": 0.4}",
OAFX1612,gj_boost_partial_exit,SCA GBPJPYの逆張りブースト建玉だけを一定Rで0.01 lot単位に部分決済,0.06 lot群の利益機会を残しながら一部を早期回収し、その後の損失振幅を小さくする,0.01 lot建玉は変更せず、より大きい建玉だけ指定Rで指定lotを一度部分決済してEA実測,Oafx2PartialTriggerR=0.4; Oafx2PartialLots=0.02,2中規模のコード変更,UNTESTED,"{""Oafx2LabMode"": 107, ""Oafx2PartialLots"": 0.02, ""Oafx2PartialTriggerR"": 0.4}",
OAFX1613,gj_boost_partial_exit,SCA GBPJPYの逆張りブースト建玉だけを一定Rで0.01 lot単位に部分決済,0.06 lot群の利益機会を残しながら一部を早期回収し、その後の損失振幅を小さくする,0.01 lot建玉は変更せず、より大きい建玉だけ指定Rで指定lotを一度部分決済してEA実測,Oafx2PartialTriggerR=0.4; Oafx2PartialLots=0.03,2中規模のコード変更,UNTESTED,"{""Oafx2LabMode"": 107, ""Oafx2PartialLots"": 0.03, ""Oafx2PartialTriggerR"": 0.4}",
OAFX1614,gj_boost_partial_exit,SCA GBPJPYの逆張りブースト建玉だけを一定Rで0.01 lot単位に部分決済,0.06 lot群の利益機会を残しながら一部を早期回収し、その後の損失振幅を小さくする,0.01 lot建玉は変更せず、より大きい建玉だけ指定Rで指定lotを一度部分決済してEA実測,Oafx2PartialTriggerR=0.4; Oafx2PartialLots=0.04,2中規模のコード変更,UNTESTED,"{""Oafx2LabMode"": 107, ""Oafx2PartialLots"": 0.04, ""Oafx2PartialTriggerR"": 0.4}",
OAFX1615,gj_boost_partial_exit,SCA GBPJPYの逆張りブースト建玉だけを一定Rで0.01 lot単位に部分決済,0.06 lot群の利益機会を残しながら一部を早期回収し、その後の損失振幅を小さくする,0.01 lot建玉は変更せず、より大きい建玉だけ指定Rで指定lotを一度部分決済してEA実測,Oafx2PartialTriggerR=0.4; Oafx2PartialLots=0.05,2中規模のコード変更,UNTESTED,"{""Oafx2LabMode"": 107, ""Oafx2PartialLots"": 0.05, ""Oafx2PartialTriggerR"": 0.4}",
OAFX1616,gj_boost_partial_exit,SCA GBPJPYの逆張りブースト建玉だけを一定Rで0.01 lot単位に部分決済,0.06 lot群の利益機会を残しながら一部を早期回収し、その後の損失振幅を小さくする,0.01 lot建玉は変更せず、より大きい建玉だけ指定Rで指定lotを一度部分決済してEA実測,Oafx2PartialTriggerR=0.5; Oafx2PartialLots=0.01,2中規模のコード変更,UNTESTED,"{""Oafx2LabMode"": 107, ""Oafx2PartialLots"": 0.01, ""Oafx2PartialTriggerR"": 0.5}",
OAFX1617,gj_boost_partial_exit,SCA GBPJPYの逆張りブースト建玉だけを一定Rで0.01 lot単位に部分決済,0.06 lot群の利益機会を残しながら一部を早期回収し、その後の損失振幅を小さくする,0.01 lot建玉は変更せず、より大きい建玉だけ指定Rで指定lotを一度部分決済してEA実測,Oafx2PartialTriggerR=0.5; Oafx2PartialLots=0.02,2中規模のコード変更,UNTESTED,"{""Oafx2LabMode"": 107, ""Oafx2PartialLots"": 0.02, ""Oafx2PartialTriggerR"": 0.5}",
OAFX1618,gj_boost_partial_exit,SCA GBPJPYの逆張りブースト建玉だけを一定Rで0.01 lot単位に部分決済,0.06 lot群の利益機会を残しながら一部を早期回収し、その後の損失振幅を小さくする,0.01 lot建玉は変更せず、より大きい建玉だけ指定Rで指定lotを一度部分決済してEA実測,Oafx2PartialTriggerR=0.5; Oafx2PartialLots=0.03,2中規模のコード変更,UNTESTED,"{""Oafx2LabMode"": 107, ""Oafx2PartialLots"": 0.03, ""Oafx2PartialTriggerR"": 0.5}",
OAFX1619,gj_boost_partial_exit,SCA GBPJPYの逆張りブースト建玉だけを一定Rで0.01 lot単位に部分決済,0.06 lot群の利益機会を残しながら一部を早期回収し、その後の損失振幅を小さくする,0.01 lot建玉は変更せず、より大きい建玉だけ指定Rで指定lotを一度部分決済してEA実測,Oafx2PartialTriggerR=0.5; Oafx2PartialLots=0.04,2中規模のコード変更,UNTESTED,"{""Oafx2LabMode"": 107, ""Oafx2PartialLots"": 0.04, ""Oafx2PartialTriggerR"": 0.5}",
OAFX1620,gj_boost_partial_exit,SCA GBPJPYの逆張りブースト建玉だけを一定Rで0.01 lot単位に部分決済,0.06 lot群の利益機会を残しながら一部を早期回収し、その後の損失振幅を小さくする,0.01 lot建玉は変更せず、より大きい建玉だけ指定Rで指定lotを一度部分決済してEA実測,Oafx2PartialTriggerR=0.5; Oafx2PartialLots=0.05,2中規模のコード変更,UNTESTED,"{""Oafx2LabMode"": 107, ""Oafx2PartialLots"": 0.05, ""Oafx2PartialTriggerR"": 0.5}",
OAFX1621,gj_boost_partial_exit,SCA GBPJPYの逆張りブースト建玉だけを一定Rで0.01 lot単位に部分決済,0.06 lot群の利益機会を残しながら一部を早期回収し、その後の損失振幅を小さくする,0.01 lot建玉は変更せず、より大きい建玉だけ指定Rで指定lotを一度部分決済してEA実測,Oafx2PartialTriggerR=0.6; Oafx2PartialLots=0.01,2中規模のコード変更,UNTESTED,"{""Oafx2LabMode"": 107, ""Oafx2PartialLots"": 0.01, ""Oafx2PartialTriggerR"": 0.6}",
OAFX1622,gj_boost_partial_exit,SCA GBPJPYの逆張りブースト建玉だけを一定Rで0.01 lot単位に部分決済,0.06 lot群の利益機会を残しながら一部を早期回収し、その後の損失振幅を小さくする,0.01 lot建玉は変更せず、より大きい建玉だけ指定Rで指定lotを一度部分決済してEA実測,Oafx2PartialTriggerR=0.6; Oafx2PartialLots=0.02,2中規模のコード変更,UNTESTED,"{""Oafx2LabMode"": 107, ""Oafx2PartialLots"": 0.02, ""Oafx2PartialTriggerR"": 0.6}",
OAFX1623,gj_boost_partial_exit,SCA GBPJPYの逆張りブースト建玉だけを一定Rで0.01 lot単位に部分決済,0.06 lot群の利益機会を残しながら一部を早期回収し、その後の損失振幅を小さくする,0.01 lot建玉は変更せず、より大きい建玉だけ指定Rで指定lotを一度部分決済してEA実測,Oafx2PartialTriggerR=0.6; Oafx2PartialLots=0.03,2中規模のコード変更,UNTESTED,"{""Oafx2LabMode"": 107, ""Oafx2PartialLots"": 0.03, ""Oafx2PartialTriggerR"": 0.6}",
OAFX1624,gj_boost_partial_exit,SCA GBPJPYの逆張りブースト建玉だけを一定Rで0.01 lot単位に部分決済,0.06 lot群の利益機会を残しながら一部を早期回収し、その後の損失振幅を小さくする,0.01 lot建玉は変更せず、より大きい建玉だけ指定Rで指定lotを一度部分決済してEA実測,Oafx2PartialTriggerR=0.6; Oafx2PartialLots=0.04,2中規模のコード変更,UNTESTED,"{""Oafx2LabMode"": 107, ""Oafx2PartialLots"": 0.04, ""Oafx2PartialTriggerR"": 0.6}",
OAFX1625,gj_boost_partial_exit,SCA GBPJPYの逆張りブースト建玉だけを一定Rで0.01 lot単位に部分決済,0.06 lot群の利益機会を残しながら一部を早期回収し、その後の損失振幅を小さくする,0.01 lot建玉は変更せず、より大きい建玉だけ指定Rで指定lotを一度部分決済してEA実測,Oafx2PartialTriggerR=0.6; Oafx2PartialLots=0.05,2中規模のコード変更,UNTESTED,"{""Oafx2LabMode"": 107, ""Oafx2PartialLots"": 0.05, ""Oafx2PartialTriggerR"": 0.6}",
OAFX1626,gj_boost_partial_exit,SCA GBPJPYの逆張りブースト建玉だけを一定Rで0.01 lot単位に部分決済,0.06 lot群の利益機会を残しながら一部を早期回収し、その後の損失振幅を小さくする,0.01 lot建玉は変更せず、より大きい建玉だけ指定Rで指定lotを一度部分決済してEA実測,Oafx2PartialTriggerR=0.7; Oafx2PartialLots=0.01,2中規模のコード変更,UNTESTED,"{""Oafx2LabMode"": 107, ""Oafx2PartialLots"": 0.01, ""Oafx2PartialTriggerR"": 0.7}",
OAFX1627,gj_boost_partial_exit,SCA GBPJPYの逆張りブースト建玉だけを一定Rで0.01 lot単位に部分決済,0.06 lot群の利益機会を残しながら一部を早期回収し、その後の損失振幅を小さくする,0.01 lot建玉は変更せず、より大きい建玉だけ指定Rで指定lotを一度部分決済してEA実測,Oafx2PartialTriggerR=0.7; Oafx2PartialLots=0.02,2中規模のコード変更,UNTESTED,"{""Oafx2LabMode"": 107, ""Oafx2PartialLots"": 0.02, ""Oafx2PartialTriggerR"": 0.7}",
OAFX1628,gj_boost_partial_exit,SCA GBPJPYの逆張りブースト建玉だけを一定Rで0.01 lot単位に部分決済,0.06 lot群の利益機会を残しながら一部を早期回収し、その後の損失振幅を小さくする,0.01 lot建玉は変更せず、より大きい建玉だけ指定Rで指定lotを一度部分決済してEA実測,Oafx2PartialTriggerR=0.7; Oafx2PartialLots=0.03,2中規模のコード変更,UNTESTED,"{""Oafx2LabMode"": 107, ""Oafx2PartialLots"": 0.03, ""Oafx2PartialTriggerR"": 0.7}",
OAFX1629,gj_boost_partial_exit,SCA GBPJPYの逆張りブースト建玉だけを一定Rで0.01 lot単位に部分決済,0.06 lot群の利益機会を残しながら一部を早期回収し、その後の損失振幅を小さくする,0.01 lot建玉は変更せず、より大きい建玉だけ指定Rで指定lotを一度部分決済してEA実測,Oafx2PartialTriggerR=0.7; Oafx2PartialLots=0.04,2中規模のコード変更,UNTESTED,"{""Oafx2LabMode"": 107, ""Oafx2PartialLots"": 0.04, ""Oafx2PartialTriggerR"": 0.7}",
OAFX1630,gj_boost_partial_exit,SCA GBPJPYの逆張りブースト建玉だけを一定Rで0.01 lot単位に部分決済,0.06 lot群の利益機会を残しながら一部を早期回収し、その後の損失振幅を小さくする,0.01 lot建玉は変更せず、より大きい建玉だけ指定Rで指定lotを一度部分決済してEA実測,Oafx2PartialTriggerR=0.7; Oafx2PartialLots=0.05,2中規模のコード変更,UNTESTED,"{""Oafx2LabMode"": 107, ""Oafx2PartialLots"": 0.05, ""Oafx2PartialTriggerR"": 0.7}",
OAFX1631,gj_boost_partial_exit,SCA GBPJPYの逆張りブースト建玉だけを一定Rで0.01 lot単位に部分決済,0.06 lot群の利益機会を残しながら一部を早期回収し、その後の損失振幅を小さくする,0.01 lot建玉は変更せず、より大きい建玉だけ指定Rで指定lotを一度部分決済してEA実測,Oafx2PartialTriggerR=0.8; Oafx2PartialLots=0.01,2中規模のコード変更,UNTESTED,"{""Oafx2LabMode"": 107, ""Oafx2PartialLots"": 0.01, ""Oafx2PartialTriggerR"": 0.8}",
OAFX1632,gj_boost_partial_exit,SCA GBPJPYの逆張りブースト建玉だけを一定Rで0.01 lot単位に部分決済,0.06 lot群の利益機会を残しながら一部を早期回収し、その後の損失振幅を小さくする,0.01 lot建玉は変更せず、より大きい建玉だけ指定Rで指定lotを一度部分決済してEA実測,Oafx2PartialTriggerR=0.8; Oafx2PartialLots=0.02,2中規模のコード変更,UNTESTED,"{""Oafx2LabMode"": 107, ""Oafx2PartialLots"": 0.02, ""Oafx2PartialTriggerR"": 0.8}",
OAFX1633,gj_boost_partial_exit,SCA GBPJPYの逆張りブースト建玉だけを一定Rで0.01 lot単位に部分決済,0.06 lot群の利益機会を残しながら一部を早期回収し、その後の損失振幅を小さくする,0.01 lot建玉は変更せず、より大きい建玉だけ指定Rで指定lotを一度部分決済してEA実測,Oafx2PartialTriggerR=0.8; Oafx2PartialLots=0.03,2中規模のコード変更,UNTESTED,"{""Oafx2LabMode"": 107, ""Oafx2PartialLots"": 0.03, ""Oafx2PartialTriggerR"": 0.8}",
OAFX1634,gj_boost_partial_exit,SCA GBPJPYの逆張りブースト建玉だけを一定Rで0.01 lot単位に部分決済,0.06 lot群の利益機会を残しながら一部を早期回収し、その後の損失振幅を小さくする,0.01 lot建玉は変更せず、より大きい建玉だけ指定Rで指定lotを一度部分決済してEA実測,Oafx2PartialTriggerR=0.8; Oafx2PartialLots=0.04,2中規模のコード変更,UNTESTED,"{""Oafx2LabMode"": 107, ""Oafx2PartialLots"": 0.04, ""Oafx2PartialTriggerR"": 0.8}",
OAFX1635,gj_boost_partial_exit,SCA GBPJPYの逆張りブースト建玉だけを一定Rで0.01 lot単位に部分決済,0.06 lot群の利益機会を残しながら一部を早期回収し、その後の損失振幅を小さくする,0.01 lot建玉は変更せず、より大きい建玉だけ指定Rで指定lotを一度部分決済してEA実測,Oafx2PartialTriggerR=0.8; Oafx2PartialLots=0.05,2中規模のコード変更,UNTESTED,"{""Oafx2LabMode"": 107, ""Oafx2PartialLots"": 0.05, ""Oafx2PartialTriggerR"": 0.8}",
OAFX1636,gj_boost_partial_exit,SCA GBPJPYの逆張りブースト建玉だけを一定Rで0.01 lot単位に部分決済,0.06 lot群の利益機会を残しながら一部を早期回収し、その後の損失振幅を小さくする,0.01 lot建玉は変更せず、より大きい建玉だけ指定Rで指定lotを一度部分決済してEA実測,Oafx2PartialTriggerR=0.9; Oafx2PartialLots=0.01,2中規模のコード変更,UNTESTED,"{""Oafx2LabMode"": 107, ""Oafx2PartialLots"": 0.01, ""Oafx2PartialTriggerR"": 0.9}",
OAFX1637,gj_boost_partial_exit,SCA GBPJPYの逆張りブースト建玉だけを一定Rで0.01 lot単位に部分決済,0.06 lot群の利益機会を残しながら一部を早期回収し、その後の損失振幅を小さくする,0.01 lot建玉は変更せず、より大きい建玉だけ指定Rで指定lotを一度部分決済してEA実測,Oafx2PartialTriggerR=0.9; Oafx2PartialLots=0.02,2中規模のコード変更,UNTESTED,"{""Oafx2LabMode"": 107, ""Oafx2PartialLots"": 0.02, ""Oafx2PartialTriggerR"": 0.9}",
OAFX1638,gj_boost_partial_exit,SCA GBPJPYの逆張りブースト建玉だけを一定Rで0.01 lot単位に部分決済,0.06 lot群の利益機会を残しながら一部を早期回収し、その後の損失振幅を小さくする,0.01 lot建玉は変更せず、より大きい建玉だけ指定Rで指定lotを一度部分決済してEA実測,Oafx2PartialTriggerR=0.9; Oafx2PartialLots=0.03,2中規模のコード変更,UNTESTED,"{""Oafx2LabMode"": 107, ""Oafx2PartialLots"": 0.03, ""Oafx2PartialTriggerR"": 0.9}",
OAFX1639,gj_boost_partial_exit,SCA GBPJPYの逆張りブースト建玉だけを一定Rで0.01 lot単位に部分決済,0.06 lot群の利益機会を残しながら一部を早期回収し、その後の損失振幅を小さくする,0.01 lot建玉は変更せず、より大きい建玉だけ指定Rで指定lotを一度部分決済してEA実測,Oafx2PartialTriggerR=0.9; Oafx2PartialLots=0.04,2中規模のコード変更,UNTESTED,"{""Oafx2LabMode"": 107, ""Oafx2PartialLots"": 0.04, ""Oafx2PartialTriggerR"": 0.9}",
OAFX1640,gj_boost_partial_exit,SCA GBPJPYの逆張りブースト建玉だけを一定Rで0.01 lot単位に部分決済,0.06 lot群の利益機会を残しながら一部を早期回収し、その後の損失振幅を小さくする,0.01 lot建玉は変更せず、より大きい建玉だけ指定Rで指定lotを一度部分決済してEA実測,Oafx2PartialTriggerR=0.9; Oafx2PartialLots=0.05,2中規模のコード変更,UNTESTED,"{""Oafx2LabMode"": 107, ""Oafx2PartialLots"": 0.05, ""Oafx2PartialTriggerR"": 0.9}",
OAFX1641,gj_boost_partial_exit,SCA GBPJPYの逆張りブースト建玉だけを一定Rで0.01 lot単位に部分決済,0.06 lot群の利益機会を残しながら一部を早期回収し、その後の損失振幅を小さくする,0.01 lot建玉は変更せず、より大きい建玉だけ指定Rで指定lotを一度部分決済してEA実測,Oafx2PartialTriggerR=1.0; Oafx2PartialLots=0.01,2中規模のコード変更,UNTESTED,"{""Oafx2LabMode"": 107, ""Oafx2PartialLots"": 0.01, ""Oafx2PartialTriggerR"": 1.0}",
OAFX1642,gj_boost_partial_exit,SCA GBPJPYの逆張りブースト建玉だけを一定Rで0.01 lot単位に部分決済,0.06 lot群の利益機会を残しながら一部を早期回収し、その後の損失振幅を小さくする,0.01 lot建玉は変更せず、より大きい建玉だけ指定Rで指定lotを一度部分決済してEA実測,Oafx2PartialTriggerR=1.0; Oafx2PartialLots=0.02,2中規模のコード変更,UNTESTED,"{""Oafx2LabMode"": 107, ""Oafx2PartialLots"": 0.02, ""Oafx2PartialTriggerR"": 1.0}",
OAFX1643,gj_boost_partial_exit,SCA GBPJPYの逆張りブースト建玉だけを一定Rで0.01 lot単位に部分決済,0.06 lot群の利益機会を残しながら一部を早期回収し、その後の損失振幅を小さくする,0.01 lot建玉は変更せず、より大きい建玉だけ指定Rで指定lotを一度部分決済してEA実測,Oafx2PartialTriggerR=1.0; Oafx2PartialLots=0.03,2中規模のコード変更,UNTESTED,"{""Oafx2LabMode"": 107, ""Oafx2PartialLots"": 0.03, ""Oafx2PartialTriggerR"": 1.0}",
OAFX1644,gj_boost_partial_exit,SCA GBPJPYの逆張りブースト建玉だけを一定Rで0.01 lot単位に部分決済,0.06 lot群の利益機会を残しながら一部を早期回収し、その後の損失振幅を小さくする,0.01 lot建玉は変更せず、より大きい建玉だけ指定Rで指定lotを一度部分決済してEA実測,Oafx2PartialTriggerR=1.0; Oafx2PartialLots=0.04,2中規模のコード変更,UNTESTED,"{""Oafx2LabMode"": 107, ""Oafx2PartialLots"": 0.04, ""Oafx2PartialTriggerR"": 1.0}",
OAFX1645,gj_boost_partial_exit,SCA GBPJPYの逆張りブースト建玉だけを一定Rで0.01 lot単位に部分決済,0.06 lot群の利益機会を残しながら一部を早期回収し、その後の損失振幅を小さくする,0.01 lot建玉は変更せず、より大きい建玉だけ指定Rで指定lotを一度部分決済してEA実測,Oafx2PartialTriggerR=1.0; Oafx2PartialLots=0.05,2中規模のコード変更,UNTESTED,"{""Oafx2LabMode"": 107, ""Oafx2PartialLots"": 0.05, ""Oafx2PartialTriggerR"": 1.0}",
OAFX1646,gj_boost_partial_exit,SCA GBPJPYの逆張りブースト建玉だけを一定Rで0.01 lot単位に部分決済,0.06 lot群の利益機会を残しながら一部を早期回収し、その後の損失振幅を小さくする,0.01 lot建玉は変更せず、より大きい建玉だけ指定Rで指定lotを一度部分決済してEA実測,Oafx2PartialTriggerR=1.1; Oafx2PartialLots=0.01,2中規模のコード変更,UNTESTED,"{""Oafx2LabMode"": 107, ""Oafx2PartialLots"": 0.01, ""Oafx2PartialTriggerR"": 1.1}",
OAFX1647,gj_boost_partial_exit,SCA GBPJPYの逆張りブースト建玉だけを一定Rで0.01 lot単位に部分決済,0.06 lot群の利益機会を残しながら一部を早期回収し、その後の損失振幅を小さくする,0.01 lot建玉は変更せず、より大きい建玉だけ指定Rで指定lotを一度部分決済してEA実測,Oafx2PartialTriggerR=1.1; Oafx2PartialLots=0.02,2中規模のコード変更,UNTESTED,"{""Oafx2LabMode"": 107, ""Oafx2PartialLots"": 0.02, ""Oafx2PartialTriggerR"": 1.1}",
OAFX1648,gj_boost_partial_exit,SCA GBPJPYの逆張りブースト建玉だけを一定Rで0.01 lot単位に部分決済,0.06 lot群の利益機会を残しながら一部を早期回収し、その後の損失振幅を小さくする,0.01 lot建玉は変更せず、より大きい建玉だけ指定Rで指定lotを一度部分決済してEA実測,Oafx2PartialTriggerR=1.1; Oafx2PartialLots=0.03,2中規模のコード変更,UNTESTED,"{""Oafx2LabMode"": 107, ""Oafx2PartialLots"": 0.03, ""Oafx2PartialTriggerR"": 1.1}",
OAFX1649,gj_boost_partial_exit,SCA GBPJPYの逆張りブースト建玉だけを一定Rで0.01 lot単位に部分決済,0.06 lot群の利益機会を残しながら一部を早期回収し、その後の損失振幅を小さくする,0.01 lot建玉は変更せず、より大きい建玉だけ指定Rで指定lotを一度部分決済してEA実測,Oafx2PartialTriggerR=1.1; Oafx2PartialLots=0.04,2中規模のコード変更,UNTESTED,"{""Oafx2LabMode"": 107, ""Oafx2PartialLots"": 0.04, ""Oafx2PartialTriggerR"": 1.1}",
OAFX1650,gj_boost_partial_exit,SCA GBPJPYの逆張りブースト建玉だけを一定Rで0.01 lot単位に部分決済,0.06 lot群の利益機会を残しながら一部を早期回収し、その後の損失振幅を小さくする,0.01 lot建玉は変更せず、より大きい建玉だけ指定Rで指定lotを一度部分決済してEA実測,Oafx2PartialTriggerR=1.1; Oafx2PartialLots=0.05,2中規模のコード変更,UNTESTED,"{""Oafx2LabMode"": 107, ""Oafx2PartialLots"": 0.05, ""Oafx2PartialTriggerR"": 1.1}",
OAFX1651,gj_boost_partial_exit,SCA GBPJPYの逆張りブースト建玉だけを一定Rで0.01 lot単位に部分決済,0.06 lot群の利益機会を残しながら一部を早期回収し、その後の損失振幅を小さくする,0.01 lot建玉は変更せず、より大きい建玉だけ指定Rで指定lotを一度部分決済してEA実測,Oafx2PartialTriggerR=1.2; Oafx2PartialLots=0.01,2中規模のコード変更,UNTESTED,"{""Oafx2LabMode"": 107, ""Oafx2PartialLots"": 0.01, ""Oafx2PartialTriggerR"": 1.2}",
OAFX1652,gj_boost_partial_exit,SCA GBPJPYの逆張りブースト建玉だけを一定Rで0.01 lot単位に部分決済,0.06 lot群の利益機会を残しながら一部を早期回収し、その後の損失振幅を小さくする,0.01 lot建玉は変更せず、より大きい建玉だけ指定Rで指定lotを一度部分決済してEA実測,Oafx2PartialTriggerR=1.2; Oafx2PartialLots=0.02,2中規模のコード変更,UNTESTED,"{""Oafx2LabMode"": 107, ""Oafx2PartialLots"": 0.02, ""Oafx2PartialTriggerR"": 1.2}",
OAFX1653,gj_boost_partial_exit,SCA GBPJPYの逆張りブースト建玉だけを一定Rで0.01 lot単位に部分決済,0.06 lot群の利益機会を残しながら一部を早期回収し、その後の損失振幅を小さくする,0.01 lot建玉は変更せず、より大きい建玉だけ指定Rで指定lotを一度部分決済してEA実測,Oafx2PartialTriggerR=1.2; Oafx2PartialLots=0.03,2中規模のコード変更,UNTESTED,"{""Oafx2LabMode"": 107, ""Oafx2PartialLots"": 0.03, ""Oafx2PartialTriggerR"": 1.2}",
OAFX1654,gj_boost_partial_exit,SCA GBPJPYの逆張りブースト建玉だけを一定Rで0.01 lot単位に部分決済,0.06 lot群の利益機会を残しながら一部を早期回収し、その後の損失振幅を小さくする,0.01 lot建玉は変更せず、より大きい建玉だけ指定Rで指定lotを一度部分決済してEA実測,Oafx2PartialTriggerR=1.2; Oafx2PartialLots=0.04,2中規模のコード変更,UNTESTED,"{""Oafx2LabMode"": 107, ""Oafx2PartialLots"": 0.04, ""Oafx2PartialTriggerR"": 1.2}",
OAFX1655,gj_boost_partial_exit,SCA GBPJPYの逆張りブースト建玉だけを一定Rで0.01 lot単位に部分決済,0.06 lot群の利益機会を残しながら一部を早期回収し、その後の損失振幅を小さくする,0.01 lot建玉は変更せず、より大きい建玉だけ指定Rで指定lotを一度部分決済してEA実測,Oafx2PartialTriggerR=1.2; Oafx2PartialLots=0.05,2中規模のコード変更,UNTESTED,"{""Oafx2LabMode"": 107, ""Oafx2PartialLots"": 0.05, ""Oafx2PartialTriggerR"": 1.2}",
OAFX1656,gj_boost_partial_exit,SCA GBPJPYの逆張りブースト建玉だけを一定Rで0.01 lot単位に部分決済,0.06 lot群の利益機会を残しながら一部を早期回収し、その後の損失振幅を小さくする,0.01 lot建玉は変更せず、より大きい建玉だけ指定Rで指定lotを一度部分決済してEA実測,Oafx2PartialTriggerR=1.3; Oafx2PartialLots=0.01,2中規模のコード変更,UNTESTED,"{""Oafx2LabMode"": 107, ""Oafx2PartialLots"": 0.01, ""Oafx2PartialTriggerR"": 1.3}",
OAFX1657,gj_boost_partial_exit,SCA GBPJPYの逆張りブースト建玉だけを一定Rで0.01 lot単位に部分決済,0.06 lot群の利益機会を残しながら一部を早期回収し、その後の損失振幅を小さくする,0.01 lot建玉は変更せず、より大きい建玉だけ指定Rで指定lotを一度部分決済してEA実測,Oafx2PartialTriggerR=1.3; Oafx2PartialLots=0.02,2中規模のコード変更,UNTESTED,"{""Oafx2LabMode"": 107, ""Oafx2PartialLots"": 0.02, ""Oafx2PartialTriggerR"": 1.3}",
OAFX1658,gj_boost_partial_exit,SCA GBPJPYの逆張りブースト建玉だけを一定Rで0.01 lot単位に部分決済,0.06 lot群の利益機会を残しながら一部を早期回収し、その後の損失振幅を小さくする,0.01 lot建玉は変更せず、より大きい建玉だけ指定Rで指定lotを一度部分決済してEA実測,Oafx2PartialTriggerR=1.3; Oafx2PartialLots=0.03,2中規模のコード変更,UNTESTED,"{""Oafx2LabMode"": 107, ""Oafx2PartialLots"": 0.03, ""Oafx2PartialTriggerR"": 1.3}",
OAFX1659,gj_boost_partial_exit,SCA GBPJPYの逆張りブースト建玉だけを一定Rで0.01 lot単位に部分決済,0.06 lot群の利益機会を残しながら一部を早期回収し、その後の損失振幅を小さくする,0.01 lot建玉は変更せず、より大きい建玉だけ指定Rで指定lotを一度部分決済してEA実測,Oafx2PartialTriggerR=1.3; Oafx2PartialLots=0.04,2中規模のコード変更,UNTESTED,"{""Oafx2LabMode"": 107, ""Oafx2PartialLots"": 0.04, ""Oafx2PartialTriggerR"": 1.3}",
OAFX1660,gj_boost_partial_exit,SCA GBPJPYの逆張りブースト建玉だけを一定Rで0.01 lot単位に部分決済,0.06 lot群の利益機会を残しながら一部を早期回収し、その後の損失振幅を小さくする,0.01 lot建玉は変更せず、より大きい建玉だけ指定Rで指定lotを一度部分決済してEA実測,Oafx2PartialTriggerR=1.3; Oafx2PartialLots=0.05,2中規模のコード変更,UNTESTED,"{""Oafx2LabMode"": 107, ""Oafx2PartialLots"": 0.05, ""Oafx2PartialTriggerR"": 1.3}",
OAFX1661,gj_boost_partial_exit,SCA GBPJPYの逆張りブースト建玉だけを一定Rで0.01 lot単位に部分決済,0.06 lot群の利益機会を残しながら一部を早期回収し、その後の損失振幅を小さくする,0.01 lot建玉は変更せず、より大きい建玉だけ指定Rで指定lotを一度部分決済してEA実測,Oafx2PartialTriggerR=1.4; Oafx2PartialLots=0.01,2中規模のコード変更,UNTESTED,"{""Oafx2LabMode"": 107, ""Oafx2PartialLots"": 0.01, ""Oafx2PartialTriggerR"": 1.4}",
OAFX1662,gj_boost_partial_exit,SCA GBPJPYの逆張りブースト建玉だけを一定Rで0.01 lot単位に部分決済,0.06 lot群の利益機会を残しながら一部を早期回収し、その後の損失振幅を小さくする,0.01 lot建玉は変更せず、より大きい建玉だけ指定Rで指定lotを一度部分決済してEA実測,Oafx2PartialTriggerR=1.4; Oafx2PartialLots=0.02,2中規模のコード変更,UNTESTED,"{""Oafx2LabMode"": 107, ""Oafx2PartialLots"": 0.02, ""Oafx2PartialTriggerR"": 1.4}",
OAFX1663,gj_boost_partial_exit,SCA GBPJPYの逆張りブースト建玉だけを一定Rで0.01 lot単位に部分決済,0.06 lot群の利益機会を残しながら一部を早期回収し、その後の損失振幅を小さくする,0.01 lot建玉は変更せず、より大きい建玉だけ指定Rで指定lotを一度部分決済してEA実測,Oafx2PartialTriggerR=1.4; Oafx2PartialLots=0.03,2中規模のコード変更,UNTESTED,"{""Oafx2LabMode"": 107, ""Oafx2PartialLots"": 0.03, ""Oafx2PartialTriggerR"": 1.4}",
OAFX1664,gj_boost_partial_exit,SCA GBPJPYの逆張りブースト建玉だけを一定Rで0.01 lot単位に部分決済,0.06 lot群の利益機会を残しながら一部を早期回収し、その後の損失振幅を小さくする,0.01 lot建玉は変更せず、より大きい建玉だけ指定Rで指定lotを一度部分決済してEA実測,Oafx2PartialTriggerR=1.4; Oafx2PartialLots=0.04,2中規模のコード変更,UNTESTED,"{""Oafx2LabMode"": 107, ""Oafx2PartialLots"": 0.04, ""Oafx2PartialTriggerR"": 1.4}",
OAFX1665,gj_boost_partial_exit,SCA GBPJPYの逆張りブースト建玉だけを一定Rで0.01 lot単位に部分決済,0.06 lot群の利益機会を残しながら一部を早期回収し、その後の損失振幅を小さくする,0.01 lot建玉は変更せず、より大きい建玉だけ指定Rで指定lotを一度部分決済してEA実測,Oafx2PartialTriggerR=1.4; Oafx2PartialLots=0.05,2中規模のコード変更,UNTESTED,"{""Oafx2LabMode"": 107, ""Oafx2PartialLots"": 0.05, ""Oafx2PartialTriggerR"": 1.4}",
OAFX1666,gj_boost_partial_exit,SCA GBPJPYの逆張りブースト建玉だけを一定Rで0.01 lot単位に部分決済,0.06 lot群の利益機会を残しながら一部を早期回収し、その後の損失振幅を小さくする,0.01 lot建玉は変更せず、より大きい建玉だけ指定Rで指定lotを一度部分決済してEA実測,Oafx2PartialTriggerR=1.5; Oafx2PartialLots=0.01,2中規模のコード変更,UNTESTED,"{""Oafx2LabMode"": 107, ""Oafx2PartialLots"": 0.01, ""Oafx2PartialTriggerR"": 1.5}",
OAFX1667,gj_boost_partial_exit,SCA GBPJPYの逆張りブースト建玉だけを一定Rで0.01 lot単位に部分決済,0.06 lot群の利益機会を残しながら一部を早期回収し、その後の損失振幅を小さくする,0.01 lot建玉は変更せず、より大きい建玉だけ指定Rで指定lotを一度部分決済してEA実測,Oafx2PartialTriggerR=1.5; Oafx2PartialLots=0.02,2中規模のコード変更,UNTESTED,"{""Oafx2LabMode"": 107, ""Oafx2PartialLots"": 0.02, ""Oafx2PartialTriggerR"": 1.5}",
OAFX1668,gj_boost_partial_exit,SCA GBPJPYの逆張りブースト建玉だけを一定Rで0.01 lot単位に部分決済,0.06 lot群の利益機会を残しながら一部を早期回収し、その後の損失振幅を小さくする,0.01 lot建玉は変更せず、より大きい建玉だけ指定Rで指定lotを一度部分決済してEA実測,Oafx2PartialTriggerR=1.5; Oafx2PartialLots=0.03,2中規模のコード変更,UNTESTED,"{""Oafx2LabMode"": 107, ""Oafx2PartialLots"": 0.03, ""Oafx2PartialTriggerR"": 1.5}",
OAFX1669,gj_boost_partial_exit,SCA GBPJPYの逆張りブースト建玉だけを一定Rで0.01 lot単位に部分決済,0.06 lot群の利益機会を残しながら一部を早期回収し、その後の損失振幅を小さくする,0.01 lot建玉は変更せず、より大きい建玉だけ指定Rで指定lotを一度部分決済してEA実測,Oafx2PartialTriggerR=1.5; Oafx2PartialLots=0.04,2中規模のコード変更,UNTESTED,"{""Oafx2LabMode"": 107, ""Oafx2PartialLots"": 0.04, ""Oafx2PartialTriggerR"": 1.5}",
OAFX1670,gj_boost_partial_exit,SCA GBPJPYの逆張りブースト建玉だけを一定Rで0.01 lot単位に部分決済,0.06 lot群の利益機会を残しながら一部を早期回収し、その後の損失振幅を小さくする,0.01 lot建玉は変更せず、より大きい建玉だけ指定Rで指定lotを一度部分決済してEA実測,Oafx2PartialTriggerR=1.5; Oafx2PartialLots=0.05,2中規模のコード変更,UNTESTED,"{""Oafx2LabMode"": 107, ""Oafx2PartialLots"": 0.05, ""Oafx2PartialTriggerR"": 1.5}",
OAFX1671,gj_boost_partial_exit,SCA GBPJPYの逆張りブースト建玉だけを一定Rで0.01 lot単位に部分決済,0.06 lot群の利益機会を残しながら一部を早期回収し、その後の損失振幅を小さくする,0.01 lot建玉は変更せず、より大きい建玉だけ指定Rで指定lotを一度部分決済してEA実測,Oafx2PartialTriggerR=1.6; Oafx2PartialLots=0.01,2中規模のコード変更,UNTESTED,"{""Oafx2LabMode"": 107, ""Oafx2PartialLots"": 0.01, ""Oafx2PartialTriggerR"": 1.6}",
OAFX1672,gj_boost_partial_exit,SCA GBPJPYの逆張りブースト建玉だけを一定Rで0.01 lot単位に部分決済,0.06 lot群の利益機会を残しながら一部を早期回収し、その後の損失振幅を小さくする,0.01 lot建玉は変更せず、より大きい建玉だけ指定Rで指定lotを一度部分決済してEA実測,Oafx2PartialTriggerR=1.6; Oafx2PartialLots=0.02,2中規模のコード変更,UNTESTED,"{""Oafx2LabMode"": 107, ""Oafx2PartialLots"": 0.02, ""Oafx2PartialTriggerR"": 1.6}",
OAFX1673,gj_boost_partial_exit,SCA GBPJPYの逆張りブースト建玉だけを一定Rで0.01 lot単位に部分決済,0.06 lot群の利益機会を残しながら一部を早期回収し、その後の損失振幅を小さくする,0.01 lot建玉は変更せず、より大きい建玉だけ指定Rで指定lotを一度部分決済してEA実測,Oafx2PartialTriggerR=1.6; Oafx2PartialLots=0.03,2中規模のコード変更,UNTESTED,"{""Oafx2LabMode"": 107, ""Oafx2PartialLots"": 0.03, ""Oafx2PartialTriggerR"": 1.6}",
OAFX1674,gj_boost_partial_exit,SCA GBPJPYの逆張りブースト建玉だけを一定Rで0.01 lot単位に部分決済,0.06 lot群の利益機会を残しながら一部を早期回収し、その後の損失振幅を小さくする,0.01 lot建玉は変更せず、より大きい建玉だけ指定Rで指定lotを一度部分決済してEA実測,Oafx2PartialTriggerR=1.6; Oafx2PartialLots=0.04,2中規模のコード変更,UNTESTED,"{""Oafx2LabMode"": 107, ""Oafx2PartialLots"": 0.04, ""Oafx2PartialTriggerR"": 1.6}",
OAFX1675,gj_boost_partial_exit,SCA GBPJPYの逆張りブースト建玉だけを一定Rで0.01 lot単位に部分決済,0.06 lot群の利益機会を残しながら一部を早期回収し、その後の損失振幅を小さくする,0.01 lot建玉は変更せず、より大きい建玉だけ指定Rで指定lotを一度部分決済してEA実測,Oafx2PartialTriggerR=1.6; Oafx2PartialLots=0.05,2中規模のコード変更,UNTESTED,"{""Oafx2LabMode"": 107, ""Oafx2PartialLots"": 0.05, ""Oafx2PartialTriggerR"": 1.6}",
OAFX1676,gj_boost_partial_exit,SCA GBPJPYの逆張りブースト建玉だけを一定Rで0.01 lot単位に部分決済,0.06 lot群の利益機会を残しながら一部を早期回収し、その後の損失振幅を小さくする,0.01 lot建玉は変更せず、より大きい建玉だけ指定Rで指定lotを一度部分決済してEA実測,Oafx2PartialTriggerR=1.8; Oafx2PartialLots=0.01,2中規模のコード変更,UNTESTED,"{""Oafx2LabMode"": 107, ""Oafx2PartialLots"": 0.01, ""Oafx2PartialTriggerR"": 1.8}",
OAFX1677,gj_boost_partial_exit,SCA GBPJPYの逆張りブースト建玉だけを一定Rで0.01 lot単位に部分決済,0.06 lot群の利益機会を残しながら一部を早期回収し、その後の損失振幅を小さくする,0.01 lot建玉は変更せず、より大きい建玉だけ指定Rで指定lotを一度部分決済してEA実測,Oafx2PartialTriggerR=1.8; Oafx2PartialLots=0.02,2中規模のコード変更,UNTESTED,"{""Oafx2LabMode"": 107, ""Oafx2PartialLots"": 0.02, ""Oafx2PartialTriggerR"": 1.8}",
OAFX1678,gj_boost_partial_exit,SCA GBPJPYの逆張りブースト建玉だけを一定Rで0.01 lot単位に部分決済,0.06 lot群の利益機会を残しながら一部を早期回収し、その後の損失振幅を小さくする,0.01 lot建玉は変更せず、より大きい建玉だけ指定Rで指定lotを一度部分決済してEA実測,Oafx2PartialTriggerR=1.8; Oafx2PartialLots=0.03,2中規模のコード変更,UNTESTED,"{""Oafx2LabMode"": 107, ""Oafx2PartialLots"": 0.03, ""Oafx2PartialTriggerR"": 1.8}",
OAFX1679,gj_boost_partial_exit,SCA GBPJPYの逆張りブースト建玉だけを一定Rで0.01 lot単位に部分決済,0.06 lot群の利益機会を残しながら一部を早期回収し、その後の損失振幅を小さくする,0.01 lot建玉は変更せず、より大きい建玉だけ指定Rで指定lotを一度部分決済してEA実測,Oafx2PartialTriggerR=1.8; Oafx2PartialLots=0.04,2中規模のコード変更,UNTESTED,"{""Oafx2LabMode"": 107, ""Oafx2PartialLots"": 0.04, ""Oafx2PartialTriggerR"": 1.8}",
OAFX1680,gj_boost_partial_exit,SCA GBPJPYの逆張りブースト建玉だけを一定Rで0.01 lot単位に部分決済,0.06 lot群の利益機会を残しながら一部を早期回収し、その後の損失振幅を小さくする,0.01 lot建玉は変更せず、より大きい建玉だけ指定Rで指定lotを一度部分決済してEA実測,Oafx2PartialTriggerR=1.8; Oafx2PartialLots=0.05,2中規模のコード変更,UNTESTED,"{""Oafx2LabMode"": 107, ""Oafx2PartialLots"": 0.05, ""Oafx2PartialTriggerR"": 1.8}",
OAFX1681,gj_boost_partial_exit,SCA GBPJPYの逆張りブースト建玉だけを一定Rで0.01 lot単位に部分決済,0.06 lot群の利益機会を残しながら一部を早期回収し、その後の損失振幅を小さくする,0.01 lot建玉は変更せず、より大きい建玉だけ指定Rで指定lotを一度部分決済してEA実測,Oafx2PartialTriggerR=2.0; Oafx2PartialLots=0.01,2中規模のコード変更,UNTESTED,"{""Oafx2LabMode"": 107, ""Oafx2PartialLots"": 0.01, ""Oafx2PartialTriggerR"": 2.0}",
OAFX1682,gj_boost_partial_exit,SCA GBPJPYの逆張りブースト建玉だけを一定Rで0.01 lot単位に部分決済,0.06 lot群の利益機会を残しながら一部を早期回収し、その後の損失振幅を小さくする,0.01 lot建玉は変更せず、より大きい建玉だけ指定Rで指定lotを一度部分決済してEA実測,Oafx2PartialTriggerR=2.0; Oafx2PartialLots=0.02,2中規模のコード変更,UNTESTED,"{""Oafx2LabMode"": 107, ""Oafx2PartialLots"": 0.02, ""Oafx2PartialTriggerR"": 2.0}",
OAFX1683,gj_boost_partial_exit,SCA GBPJPYの逆張りブースト建玉だけを一定Rで0.01 lot単位に部分決済,0.06 lot群の利益機会を残しながら一部を早期回収し、その後の損失振幅を小さくする,0.01 lot建玉は変更せず、より大きい建玉だけ指定Rで指定lotを一度部分決済してEA実測,Oafx2PartialTriggerR=2.0; Oafx2PartialLots=0.03,2中規模のコード変更,UNTESTED,"{""Oafx2LabMode"": 107, ""Oafx2PartialLots"": 0.03, ""Oafx2PartialTriggerR"": 2.0}",
OAFX1684,gj_boost_partial_exit,SCA GBPJPYの逆張りブースト建玉だけを一定Rで0.01 lot単位に部分決済,0.06 lot群の利益機会を残しながら一部を早期回収し、その後の損失振幅を小さくする,0.01 lot建玉は変更せず、より大きい建玉だけ指定Rで指定lotを一度部分決済してEA実測,Oafx2PartialTriggerR=2.0; Oafx2PartialLots=0.04,2中規模のコード変更,UNTESTED,"{""Oafx2LabMode"": 107, ""Oafx2PartialLots"": 0.04, ""Oafx2PartialTriggerR"": 2.0}",
OAFX1685,gj_boost_partial_exit,SCA GBPJPYの逆張りブースト建玉だけを一定Rで0.01 lot単位に部分決済,0.06 lot群の利益機会を残しながら一部を早期回収し、その後の損失振幅を小さくする,0.01 lot建玉は変更せず、より大きい建玉だけ指定Rで指定lotを一度部分決済してEA実測,Oafx2PartialTriggerR=2.0; Oafx2PartialLots=0.05,2中規模のコード変更,UNTESTED,"{""Oafx2LabMode"": 107, ""Oafx2PartialLots"": 0.05, ""Oafx2PartialTriggerR"": 2.0}",
OAFX1686,gj_boost_partial_exit,SCA GBPJPYの逆張りブースト建玉だけを一定Rで0.01 lot単位に部分決済,0.06 lot群の利益機会を残しながら一部を早期回収し、その後の損失振幅を小さくする,0.01 lot建玉は変更せず、より大きい建玉だけ指定Rで指定lotを一度部分決済してEA実測,Oafx2PartialTriggerR=2.2; Oafx2PartialLots=0.01,2中規模のコード変更,UNTESTED,"{""Oafx2LabMode"": 107, ""Oafx2PartialLots"": 0.01, ""Oafx2PartialTriggerR"": 2.2}",
OAFX1687,gj_boost_partial_exit,SCA GBPJPYの逆張りブースト建玉だけを一定Rで0.01 lot単位に部分決済,0.06 lot群の利益機会を残しながら一部を早期回収し、その後の損失振幅を小さくする,0.01 lot建玉は変更せず、より大きい建玉だけ指定Rで指定lotを一度部分決済してEA実測,Oafx2PartialTriggerR=2.2; Oafx2PartialLots=0.02,2中規模のコード変更,UNTESTED,"{""Oafx2LabMode"": 107, ""Oafx2PartialLots"": 0.02, ""Oafx2PartialTriggerR"": 2.2}",
OAFX1688,gj_boost_partial_exit,SCA GBPJPYの逆張りブースト建玉だけを一定Rで0.01 lot単位に部分決済,0.06 lot群の利益機会を残しながら一部を早期回収し、その後の損失振幅を小さくする,0.01 lot建玉は変更せず、より大きい建玉だけ指定Rで指定lotを一度部分決済してEA実測,Oafx2PartialTriggerR=2.2; Oafx2PartialLots=0.03,2中規模のコード変更,UNTESTED,"{""Oafx2LabMode"": 107, ""Oafx2PartialLots"": 0.03, ""Oafx2PartialTriggerR"": 2.2}",
OAFX1689,gj_boost_partial_exit,SCA GBPJPYの逆張りブースト建玉だけを一定Rで0.01 lot単位に部分決済,0.06 lot群の利益機会を残しながら一部を早期回収し、その後の損失振幅を小さくする,0.01 lot建玉は変更せず、より大きい建玉だけ指定Rで指定lotを一度部分決済してEA実測,Oafx2PartialTriggerR=2.2; Oafx2PartialLots=0.04,2中規模のコード変更,UNTESTED,"{""Oafx2LabMode"": 107, ""Oafx2PartialLots"": 0.04, ""Oafx2PartialTriggerR"": 2.2}",
OAFX1690,gj_boost_partial_exit,SCA GBPJPYの逆張りブースト建玉だけを一定Rで0.01 lot単位に部分決済,0.06 lot群の利益機会を残しながら一部を早期回収し、その後の損失振幅を小さくする,0.01 lot建玉は変更せず、より大きい建玉だけ指定Rで指定lotを一度部分決済してEA実測,Oafx2PartialTriggerR=2.2; Oafx2PartialLots=0.05,2中規模のコード変更,UNTESTED,"{""Oafx2LabMode"": 107, ""Oafx2PartialLots"": 0.05, ""Oafx2PartialTriggerR"": 2.2}",
OAFX1691,gj_boost_partial_exit,SCA GBPJPYの逆張りブースト建玉だけを一定Rで0.01 lot単位に部分決済,0.06 lot群の利益機会を残しながら一部を早期回収し、その後の損失振幅を小さくする,0.01 lot建玉は変更せず、より大きい建玉だけ指定Rで指定lotを一度部分決済してEA実測,Oafx2PartialTriggerR=2.5; Oafx2PartialLots=0.01,2中規模のコード変更,UNTESTED,"{""Oafx2LabMode"": 107, ""Oafx2PartialLots"": 0.01, ""Oafx2PartialTriggerR"": 2.5}",
OAFX1692,gj_boost_partial_exit,SCA GBPJPYの逆張りブースト建玉だけを一定Rで0.01 lot単位に部分決済,0.06 lot群の利益機会を残しながら一部を早期回収し、その後の損失振幅を小さくする,0.01 lot建玉は変更せず、より大きい建玉だけ指定Rで指定lotを一度部分決済してEA実測,Oafx2PartialTriggerR=2.5; Oafx2PartialLots=0.02,2中規模のコード変更,UNTESTED,"{""Oafx2LabMode"": 107, ""Oafx2PartialLots"": 0.02, ""Oafx2PartialTriggerR"": 2.5}",
OAFX1693,gj_boost_partial_exit,SCA GBPJPYの逆張りブースト建玉だけを一定Rで0.01 lot単位に部分決済,0.06 lot群の利益機会を残しながら一部を早期回収し、その後の損失振幅を小さくする,0.01 lot建玉は変更せず、より大きい建玉だけ指定Rで指定lotを一度部分決済してEA実測,Oafx2PartialTriggerR=2.5; Oafx2PartialLots=0.03,2中規模のコード変更,UNTESTED,"{""Oafx2LabMode"": 107, ""Oafx2PartialLots"": 0.03, ""Oafx2PartialTriggerR"": 2.5}",
OAFX1694,gj_boost_partial_exit,SCA GBPJPYの逆張りブースト建玉だけを一定Rで0.01 lot単位に部分決済,0.06 lot群の利益機会を残しながら一部を早期回収し、その後の損失振幅を小さくする,0.01 lot建玉は変更せず、より大きい建玉だけ指定Rで指定lotを一度部分決済してEA実測,Oafx2PartialTriggerR=2.5; Oafx2PartialLots=0.04,2中規模のコード変更,UNTESTED,"{""Oafx2LabMode"": 107, ""Oafx2PartialLots"": 0.04, ""Oafx2PartialTriggerR"": 2.5}",
OAFX1695,gj_boost_partial_exit,SCA GBPJPYの逆張りブースト建玉だけを一定Rで0.01 lot単位に部分決済,0.06 lot群の利益機会を残しながら一部を早期回収し、その後の損失振幅を小さくする,0.01 lot建玉は変更せず、より大きい建玉だけ指定Rで指定lotを一度部分決済してEA実測,Oafx2PartialTriggerR=2.5; Oafx2PartialLots=0.05,2中規模のコード変更,UNTESTED,"{""Oafx2LabMode"": 107, ""Oafx2PartialLots"": 0.05, ""Oafx2PartialTriggerR"": 2.5}",
OAFX1696,gj_boost_partial_exit,SCA GBPJPYの逆張りブースト建玉だけを一定Rで0.01 lot単位に部分決済,0.06 lot群の利益機会を残しながら一部を早期回収し、その後の損失振幅を小さくする,0.01 lot建玉は変更せず、より大きい建玉だけ指定Rで指定lotを一度部分決済してEA実測,Oafx2PartialTriggerR=3.0; Oafx2PartialLots=0.01,2中規模のコード変更,UNTESTED,"{""Oafx2LabMode"": 107, ""Oafx2PartialLots"": 0.01, ""Oafx2PartialTriggerR"": 3.0}",
OAFX1697,gj_boost_partial_exit,SCA GBPJPYの逆張りブースト建玉だけを一定Rで0.01 lot単位に部分決済,0.06 lot群の利益機会を残しながら一部を早期回収し、その後の損失振幅を小さくする,0.01 lot建玉は変更せず、より大きい建玉だけ指定Rで指定lotを一度部分決済してEA実測,Oafx2PartialTriggerR=3.0; Oafx2PartialLots=0.02,2中規模のコード変更,UNTESTED,"{""Oafx2LabMode"": 107, ""Oafx2PartialLots"": 0.02, ""Oafx2PartialTriggerR"": 3.0}",
OAFX1698,gj_boost_partial_exit,SCA GBPJPYの逆張りブースト建玉だけを一定Rで0.01 lot単位に部分決済,0.06 lot群の利益機会を残しながら一部を早期回収し、その後の損失振幅を小さくする,0.01 lot建玉は変更せず、より大きい建玉だけ指定Rで指定lotを一度部分決済してEA実測,Oafx2PartialTriggerR=3.0; Oafx2PartialLots=0.03,2中規模のコード変更,UNTESTED,"{""Oafx2LabMode"": 107, ""Oafx2PartialLots"": 0.03, ""Oafx2PartialTriggerR"": 3.0}",
OAFX1699,gj_boost_partial_exit,SCA GBPJPYの逆張りブースト建玉だけを一定Rで0.01 lot単位に部分決済,0.06 lot群の利益機会を残しながら一部を早期回収し、その後の損失振幅を小さくする,0.01 lot建玉は変更せず、より大きい建玉だけ指定Rで指定lotを一度部分決済してEA実測,Oafx2PartialTriggerR=3.0; Oafx2PartialLots=0.04,2中規模のコード変更,UNTESTED,"{""Oafx2LabMode"": 107, ""Oafx2PartialLots"": 0.04, ""Oafx2PartialTriggerR"": 3.0}",
OAFX1700,gj_boost_partial_exit,SCA GBPJPYの逆張りブースト建玉だけを一定Rで0.01 lot単位に部分決済,0.06 lot群の利益機会を残しながら一部を早期回収し、その後の損失振幅を小さくする,0.01 lot建玉は変更せず、より大きい建玉だけ指定Rで指定lotを一度部分決済してEA実測,Oafx2PartialTriggerR=3.0; Oafx2PartialLots=0.05,2中規模のコード変更,UNTESTED,"{""Oafx2LabMode"": 107, ""Oafx2PartialLots"": 0.05, ""Oafx2PartialTriggerR"": 3.0}",
OAFX1701,gj_boost_cash_risk_cap,SCA GBPJPY逆張りブーストをSLまでの想定円損失と最大倍率で動的に丸める,"総損失-457,350円の0.06 lot群を直接縮める一方、全シグナルを最低0.01 lotで執行する",発注時のSL距離から0.01 lot当たり円リスクを計算し、1～最大倍率のlotでEA発注,Oafx2BoostRiskJPY=500; Oafx2BoostMaxMult=2,2中規模のコード変更,UNTESTED,"{""Oafx2BoostMaxMult"": 2, ""Oafx2BoostRiskJPY"": 500, ""Oafx2LabMode"": 108}",
OAFX1702,gj_boost_cash_risk_cap,SCA GBPJPY逆張りブーストをSLまでの想定円損失と最大倍率で動的に丸める,"総損失-457,350円の0.06 lot群を直接縮める一方、全シグナルを最低0.01 lotで執行する",発注時のSL距離から0.01 lot当たり円リスクを計算し、1～最大倍率のlotでEA発注,Oafx2BoostRiskJPY=500; Oafx2BoostMaxMult=3,2中規模のコード変更,UNTESTED,"{""Oafx2BoostMaxMult"": 3, ""Oafx2BoostRiskJPY"": 500, ""Oafx2LabMode"": 108}",
OAFX1703,gj_boost_cash_risk_cap,SCA GBPJPY逆張りブーストをSLまでの想定円損失と最大倍率で動的に丸める,"総損失-457,350円の0.06 lot群を直接縮める一方、全シグナルを最低0.01 lotで執行する",発注時のSL距離から0.01 lot当たり円リスクを計算し、1～最大倍率のlotでEA発注,Oafx2BoostRiskJPY=500; Oafx2BoostMaxMult=4,2中規模のコード変更,UNTESTED,"{""Oafx2BoostMaxMult"": 4, ""Oafx2BoostRiskJPY"": 500, ""Oafx2LabMode"": 108}",
OAFX1704,gj_boost_cash_risk_cap,SCA GBPJPY逆張りブーストをSLまでの想定円損失と最大倍率で動的に丸める,"総損失-457,350円の0.06 lot群を直接縮める一方、全シグナルを最低0.01 lotで執行する",発注時のSL距離から0.01 lot当たり円リスクを計算し、1～最大倍率のlotでEA発注,Oafx2BoostRiskJPY=500; Oafx2BoostMaxMult=5,2中規模のコード変更,UNTESTED,"{""Oafx2BoostMaxMult"": 5, ""Oafx2BoostRiskJPY"": 500, ""Oafx2LabMode"": 108}",
OAFX1705,gj_boost_cash_risk_cap,SCA GBPJPY逆張りブーストをSLまでの想定円損失と最大倍率で動的に丸める,"総損失-457,350円の0.06 lot群を直接縮める一方、全シグナルを最低0.01 lotで執行する",発注時のSL距離から0.01 lot当たり円リスクを計算し、1～最大倍率のlotでEA発注,Oafx2BoostRiskJPY=500; Oafx2BoostMaxMult=6,2中規模のコード変更,UNTESTED,"{""Oafx2BoostMaxMult"": 6, ""Oafx2BoostRiskJPY"": 500, ""Oafx2LabMode"": 108}",
OAFX1706,gj_boost_cash_risk_cap,SCA GBPJPY逆張りブーストをSLまでの想定円損失と最大倍率で動的に丸める,"総損失-457,350円の0.06 lot群を直接縮める一方、全シグナルを最低0.01 lotで執行する",発注時のSL距離から0.01 lot当たり円リスクを計算し、1～最大倍率のlotでEA発注,Oafx2BoostRiskJPY=750; Oafx2BoostMaxMult=2,2中規模のコード変更,UNTESTED,"{""Oafx2BoostMaxMult"": 2, ""Oafx2BoostRiskJPY"": 750, ""Oafx2LabMode"": 108}",
OAFX1707,gj_boost_cash_risk_cap,SCA GBPJPY逆張りブーストをSLまでの想定円損失と最大倍率で動的に丸める,"総損失-457,350円の0.06 lot群を直接縮める一方、全シグナルを最低0.01 lotで執行する",発注時のSL距離から0.01 lot当たり円リスクを計算し、1～最大倍率のlotでEA発注,Oafx2BoostRiskJPY=750; Oafx2BoostMaxMult=3,2中規模のコード変更,UNTESTED,"{""Oafx2BoostMaxMult"": 3, ""Oafx2BoostRiskJPY"": 750, ""Oafx2LabMode"": 108}",
OAFX1708,gj_boost_cash_risk_cap,SCA GBPJPY逆張りブーストをSLまでの想定円損失と最大倍率で動的に丸める,"総損失-457,350円の0.06 lot群を直接縮める一方、全シグナルを最低0.01 lotで執行する",発注時のSL距離から0.01 lot当たり円リスクを計算し、1～最大倍率のlotでEA発注,Oafx2BoostRiskJPY=750; Oafx2BoostMaxMult=4,2中規模のコード変更,UNTESTED,"{""Oafx2BoostMaxMult"": 4, ""Oafx2BoostRiskJPY"": 750, ""Oafx2LabMode"": 108}",
OAFX1709,gj_boost_cash_risk_cap,SCA GBPJPY逆張りブーストをSLまでの想定円損失と最大倍率で動的に丸める,"総損失-457,350円の0.06 lot群を直接縮める一方、全シグナルを最低0.01 lotで執行する",発注時のSL距離から0.01 lot当たり円リスクを計算し、1～最大倍率のlotでEA発注,Oafx2BoostRiskJPY=750; Oafx2BoostMaxMult=5,2中規模のコード変更,UNTESTED,"{""Oafx2BoostMaxMult"": 5, ""Oafx2BoostRiskJPY"": 750, ""Oafx2LabMode"": 108}",
OAFX1710,gj_boost_cash_risk_cap,SCA GBPJPY逆張りブーストをSLまでの想定円損失と最大倍率で動的に丸める,"総損失-457,350円の0.06 lot群を直接縮める一方、全シグナルを最低0.01 lotで執行する",発注時のSL距離から0.01 lot当たり円リスクを計算し、1～最大倍率のlotでEA発注,Oafx2BoostRiskJPY=750; Oafx2BoostMaxMult=6,2中規模のコード変更,UNTESTED,"{""Oafx2BoostMaxMult"": 6, ""Oafx2BoostRiskJPY"": 750, ""Oafx2LabMode"": 108}",
OAFX1711,gj_boost_cash_risk_cap,SCA GBPJPY逆張りブーストをSLまでの想定円損失と最大倍率で動的に丸める,"総損失-457,350円の0.06 lot群を直接縮める一方、全シグナルを最低0.01 lotで執行する",発注時のSL距離から0.01 lot当たり円リスクを計算し、1～最大倍率のlotでEA発注,Oafx2BoostRiskJPY=1000; Oafx2BoostMaxMult=2,2中規模のコード変更,UNTESTED,"{""Oafx2BoostMaxMult"": 2, ""Oafx2BoostRiskJPY"": 1000, ""Oafx2LabMode"": 108}",
OAFX1712,gj_boost_cash_risk_cap,SCA GBPJPY逆張りブーストをSLまでの想定円損失と最大倍率で動的に丸める,"総損失-457,350円の0.06 lot群を直接縮める一方、全シグナルを最低0.01 lotで執行する",発注時のSL距離から0.01 lot当たり円リスクを計算し、1～最大倍率のlotでEA発注,Oafx2BoostRiskJPY=1000; Oafx2BoostMaxMult=3,2中規模のコード変更,UNTESTED,"{""Oafx2BoostMaxMult"": 3, ""Oafx2BoostRiskJPY"": 1000, ""Oafx2LabMode"": 108}",
OAFX1713,gj_boost_cash_risk_cap,SCA GBPJPY逆張りブーストをSLまでの想定円損失と最大倍率で動的に丸める,"総損失-457,350円の0.06 lot群を直接縮める一方、全シグナルを最低0.01 lotで執行する",発注時のSL距離から0.01 lot当たり円リスクを計算し、1～最大倍率のlotでEA発注,Oafx2BoostRiskJPY=1000; Oafx2BoostMaxMult=4,2中規模のコード変更,UNTESTED,"{""Oafx2BoostMaxMult"": 4, ""Oafx2BoostRiskJPY"": 1000, ""Oafx2LabMode"": 108}",
OAFX1714,gj_boost_cash_risk_cap,SCA GBPJPY逆張りブーストをSLまでの想定円損失と最大倍率で動的に丸める,"総損失-457,350円の0.06 lot群を直接縮める一方、全シグナルを最低0.01 lotで執行する",発注時のSL距離から0.01 lot当たり円リスクを計算し、1～最大倍率のlotでEA発注,Oafx2BoostRiskJPY=1000; Oafx2BoostMaxMult=5,2中規模のコード変更,UNTESTED,"{""Oafx2BoostMaxMult"": 5, ""Oafx2BoostRiskJPY"": 1000, ""Oafx2LabMode"": 108}",
OAFX1715,gj_boost_cash_risk_cap,SCA GBPJPY逆張りブーストをSLまでの想定円損失と最大倍率で動的に丸める,"総損失-457,350円の0.06 lot群を直接縮める一方、全シグナルを最低0.01 lotで執行する",発注時のSL距離から0.01 lot当たり円リスクを計算し、1～最大倍率のlotでEA発注,Oafx2BoostRiskJPY=1000; Oafx2BoostMaxMult=6,2中規模のコード変更,UNTESTED,"{""Oafx2BoostMaxMult"": 6, ""Oafx2BoostRiskJPY"": 1000, ""Oafx2LabMode"": 108}",
OAFX1716,gj_boost_cash_risk_cap,SCA GBPJPY逆張りブーストをSLまでの想定円損失と最大倍率で動的に丸める,"総損失-457,350円の0.06 lot群を直接縮める一方、全シグナルを最低0.01 lotで執行する",発注時のSL距離から0.01 lot当たり円リスクを計算し、1～最大倍率のlotでEA発注,Oafx2BoostRiskJPY=1250; Oafx2BoostMaxMult=2,2中規模のコード変更,UNTESTED,"{""Oafx2BoostMaxMult"": 2, ""Oafx2BoostRiskJPY"": 1250, ""Oafx2LabMode"": 108}",
OAFX1717,gj_boost_cash_risk_cap,SCA GBPJPY逆張りブーストをSLまでの想定円損失と最大倍率で動的に丸める,"総損失-457,350円の0.06 lot群を直接縮める一方、全シグナルを最低0.01 lotで執行する",発注時のSL距離から0.01 lot当たり円リスクを計算し、1～最大倍率のlotでEA発注,Oafx2BoostRiskJPY=1250; Oafx2BoostMaxMult=3,2中規模のコード変更,UNTESTED,"{""Oafx2BoostMaxMult"": 3, ""Oafx2BoostRiskJPY"": 1250, ""Oafx2LabMode"": 108}",
OAFX1718,gj_boost_cash_risk_cap,SCA GBPJPY逆張りブーストをSLまでの想定円損失と最大倍率で動的に丸める,"総損失-457,350円の0.06 lot群を直接縮める一方、全シグナルを最低0.01 lotで執行する",発注時のSL距離から0.01 lot当たり円リスクを計算し、1～最大倍率のlotでEA発注,Oafx2BoostRiskJPY=1250; Oafx2BoostMaxMult=4,2中規模のコード変更,UNTESTED,"{""Oafx2BoostMaxMult"": 4, ""Oafx2BoostRiskJPY"": 1250, ""Oafx2LabMode"": 108}",
OAFX1719,gj_boost_cash_risk_cap,SCA GBPJPY逆張りブーストをSLまでの想定円損失と最大倍率で動的に丸める,"総損失-457,350円の0.06 lot群を直接縮める一方、全シグナルを最低0.01 lotで執行する",発注時のSL距離から0.01 lot当たり円リスクを計算し、1～最大倍率のlotでEA発注,Oafx2BoostRiskJPY=1250; Oafx2BoostMaxMult=5,2中規模のコード変更,UNTESTED,"{""Oafx2BoostMaxMult"": 5, ""Oafx2BoostRiskJPY"": 1250, ""Oafx2LabMode"": 108}",
OAFX1720,gj_boost_cash_risk_cap,SCA GBPJPY逆張りブーストをSLまでの想定円損失と最大倍率で動的に丸める,"総損失-457,350円の0.06 lot群を直接縮める一方、全シグナルを最低0.01 lotで執行する",発注時のSL距離から0.01 lot当たり円リスクを計算し、1～最大倍率のlotでEA発注,Oafx2BoostRiskJPY=1250; Oafx2BoostMaxMult=6,2中規模のコード変更,UNTESTED,"{""Oafx2BoostMaxMult"": 6, ""Oafx2BoostRiskJPY"": 1250, ""Oafx2LabMode"": 108}",
OAFX1721,gj_boost_cash_risk_cap,SCA GBPJPY逆張りブーストをSLまでの想定円損失と最大倍率で動的に丸める,"総損失-457,350円の0.06 lot群を直接縮める一方、全シグナルを最低0.01 lotで執行する",発注時のSL距離から0.01 lot当たり円リスクを計算し、1～最大倍率のlotでEA発注,Oafx2BoostRiskJPY=1500; Oafx2BoostMaxMult=2,2中規模のコード変更,UNTESTED,"{""Oafx2BoostMaxMult"": 2, ""Oafx2BoostRiskJPY"": 1500, ""Oafx2LabMode"": 108}",
OAFX1722,gj_boost_cash_risk_cap,SCA GBPJPY逆張りブーストをSLまでの想定円損失と最大倍率で動的に丸める,"総損失-457,350円の0.06 lot群を直接縮める一方、全シグナルを最低0.01 lotで執行する",発注時のSL距離から0.01 lot当たり円リスクを計算し、1～最大倍率のlotでEA発注,Oafx2BoostRiskJPY=1500; Oafx2BoostMaxMult=3,2中規模のコード変更,UNTESTED,"{""Oafx2BoostMaxMult"": 3, ""Oafx2BoostRiskJPY"": 1500, ""Oafx2LabMode"": 108}",
OAFX1723,gj_boost_cash_risk_cap,SCA GBPJPY逆張りブーストをSLまでの想定円損失と最大倍率で動的に丸める,"総損失-457,350円の0.06 lot群を直接縮める一方、全シグナルを最低0.01 lotで執行する",発注時のSL距離から0.01 lot当たり円リスクを計算し、1～最大倍率のlotでEA発注,Oafx2BoostRiskJPY=1500; Oafx2BoostMaxMult=4,2中規模のコード変更,UNTESTED,"{""Oafx2BoostMaxMult"": 4, ""Oafx2BoostRiskJPY"": 1500, ""Oafx2LabMode"": 108}",
OAFX1724,gj_boost_cash_risk_cap,SCA GBPJPY逆張りブーストをSLまでの想定円損失と最大倍率で動的に丸める,"総損失-457,350円の0.06 lot群を直接縮める一方、全シグナルを最低0.01 lotで執行する",発注時のSL距離から0.01 lot当たり円リスクを計算し、1～最大倍率のlotでEA発注,Oafx2BoostRiskJPY=1500; Oafx2BoostMaxMult=5,2中規模のコード変更,UNTESTED,"{""Oafx2BoostMaxMult"": 5, ""Oafx2BoostRiskJPY"": 1500, ""Oafx2LabMode"": 108}",
OAFX1725,gj_boost_cash_risk_cap,SCA GBPJPY逆張りブーストをSLまでの想定円損失と最大倍率で動的に丸める,"総損失-457,350円の0.06 lot群を直接縮める一方、全シグナルを最低0.01 lotで執行する",発注時のSL距離から0.01 lot当たり円リスクを計算し、1～最大倍率のlotでEA発注,Oafx2BoostRiskJPY=1500; Oafx2BoostMaxMult=6,2中規模のコード変更,UNTESTED,"{""Oafx2BoostMaxMult"": 6, ""Oafx2BoostRiskJPY"": 1500, ""Oafx2LabMode"": 108}",
OAFX1726,gj_boost_cash_risk_cap,SCA GBPJPY逆張りブーストをSLまでの想定円損失と最大倍率で動的に丸める,"総損失-457,350円の0.06 lot群を直接縮める一方、全シグナルを最低0.01 lotで執行する",発注時のSL距離から0.01 lot当たり円リスクを計算し、1～最大倍率のlotでEA発注,Oafx2BoostRiskJPY=1750; Oafx2BoostMaxMult=2,2中規模のコード変更,UNTESTED,"{""Oafx2BoostMaxMult"": 2, ""Oafx2BoostRiskJPY"": 1750, ""Oafx2LabMode"": 108}",
OAFX1727,gj_boost_cash_risk_cap,SCA GBPJPY逆張りブーストをSLまでの想定円損失と最大倍率で動的に丸める,"総損失-457,350円の0.06 lot群を直接縮める一方、全シグナルを最低0.01 lotで執行する",発注時のSL距離から0.01 lot当たり円リスクを計算し、1～最大倍率のlotでEA発注,Oafx2BoostRiskJPY=1750; Oafx2BoostMaxMult=3,2中規模のコード変更,UNTESTED,"{""Oafx2BoostMaxMult"": 3, ""Oafx2BoostRiskJPY"": 1750, ""Oafx2LabMode"": 108}",
OAFX1728,gj_boost_cash_risk_cap,SCA GBPJPY逆張りブーストをSLまでの想定円損失と最大倍率で動的に丸める,"総損失-457,350円の0.06 lot群を直接縮める一方、全シグナルを最低0.01 lotで執行する",発注時のSL距離から0.01 lot当たり円リスクを計算し、1～最大倍率のlotでEA発注,Oafx2BoostRiskJPY=1750; Oafx2BoostMaxMult=4,2中規模のコード変更,UNTESTED,"{""Oafx2BoostMaxMult"": 4, ""Oafx2BoostRiskJPY"": 1750, ""Oafx2LabMode"": 108}",
OAFX1729,gj_boost_cash_risk_cap,SCA GBPJPY逆張りブーストをSLまでの想定円損失と最大倍率で動的に丸める,"総損失-457,350円の0.06 lot群を直接縮める一方、全シグナルを最低0.01 lotで執行する",発注時のSL距離から0.01 lot当たり円リスクを計算し、1～最大倍率のlotでEA発注,Oafx2BoostRiskJPY=1750; Oafx2BoostMaxMult=5,2中規模のコード変更,UNTESTED,"{""Oafx2BoostMaxMult"": 5, ""Oafx2BoostRiskJPY"": 1750, ""Oafx2LabMode"": 108}",
OAFX1730,gj_boost_cash_risk_cap,SCA GBPJPY逆張りブーストをSLまでの想定円損失と最大倍率で動的に丸める,"総損失-457,350円の0.06 lot群を直接縮める一方、全シグナルを最低0.01 lotで執行する",発注時のSL距離から0.01 lot当たり円リスクを計算し、1～最大倍率のlotでEA発注,Oafx2BoostRiskJPY=1750; Oafx2BoostMaxMult=6,2中規模のコード変更,UNTESTED,"{""Oafx2BoostMaxMult"": 6, ""Oafx2BoostRiskJPY"": 1750, ""Oafx2LabMode"": 108}",
OAFX1731,gj_boost_cash_risk_cap,SCA GBPJPY逆張りブーストをSLまでの想定円損失と最大倍率で動的に丸める,"総損失-457,350円の0.06 lot群を直接縮める一方、全シグナルを最低0.01 lotで執行する",発注時のSL距離から0.01 lot当たり円リスクを計算し、1～最大倍率のlotでEA発注,Oafx2BoostRiskJPY=2000; Oafx2BoostMaxMult=2,2中規模のコード変更,UNTESTED,"{""Oafx2BoostMaxMult"": 2, ""Oafx2BoostRiskJPY"": 2000, ""Oafx2LabMode"": 108}",
OAFX1732,gj_boost_cash_risk_cap,SCA GBPJPY逆張りブーストをSLまでの想定円損失と最大倍率で動的に丸める,"総損失-457,350円の0.06 lot群を直接縮める一方、全シグナルを最低0.01 lotで執行する",発注時のSL距離から0.01 lot当たり円リスクを計算し、1～最大倍率のlotでEA発注,Oafx2BoostRiskJPY=2000; Oafx2BoostMaxMult=3,2中規模のコード変更,UNTESTED,"{""Oafx2BoostMaxMult"": 3, ""Oafx2BoostRiskJPY"": 2000, ""Oafx2LabMode"": 108}",
OAFX1733,gj_boost_cash_risk_cap,SCA GBPJPY逆張りブーストをSLまでの想定円損失と最大倍率で動的に丸める,"総損失-457,350円の0.06 lot群を直接縮める一方、全シグナルを最低0.01 lotで執行する",発注時のSL距離から0.01 lot当たり円リスクを計算し、1～最大倍率のlotでEA発注,Oafx2BoostRiskJPY=2000; Oafx2BoostMaxMult=4,2中規模のコード変更,UNTESTED,"{""Oafx2BoostMaxMult"": 4, ""Oafx2BoostRiskJPY"": 2000, ""Oafx2LabMode"": 108}",
OAFX1734,gj_boost_cash_risk_cap,SCA GBPJPY逆張りブーストをSLまでの想定円損失と最大倍率で動的に丸める,"総損失-457,350円の0.06 lot群を直接縮める一方、全シグナルを最低0.01 lotで執行する",発注時のSL距離から0.01 lot当たり円リスクを計算し、1～最大倍率のlotでEA発注,Oafx2BoostRiskJPY=2000; Oafx2BoostMaxMult=5,2中規模のコード変更,UNTESTED,"{""Oafx2BoostMaxMult"": 5, ""Oafx2BoostRiskJPY"": 2000, ""Oafx2LabMode"": 108}",
OAFX1735,gj_boost_cash_risk_cap,SCA GBPJPY逆張りブーストをSLまでの想定円損失と最大倍率で動的に丸める,"総損失-457,350円の0.06 lot群を直接縮める一方、全シグナルを最低0.01 lotで執行する",発注時のSL距離から0.01 lot当たり円リスクを計算し、1～最大倍率のlotでEA発注,Oafx2BoostRiskJPY=2000; Oafx2BoostMaxMult=6,2中規模のコード変更,UNTESTED,"{""Oafx2BoostMaxMult"": 6, ""Oafx2BoostRiskJPY"": 2000, ""Oafx2LabMode"": 108}",
OAFX1736,gj_boost_cash_risk_cap,SCA GBPJPY逆張りブーストをSLまでの想定円損失と最大倍率で動的に丸める,"総損失-457,350円の0.06 lot群を直接縮める一方、全シグナルを最低0.01 lotで執行する",発注時のSL距離から0.01 lot当たり円リスクを計算し、1～最大倍率のlotでEA発注,Oafx2BoostRiskJPY=2250; Oafx2BoostMaxMult=2,2中規模のコード変更,UNTESTED,"{""Oafx2BoostMaxMult"": 2, ""Oafx2BoostRiskJPY"": 2250, ""Oafx2LabMode"": 108}",
OAFX1737,gj_boost_cash_risk_cap,SCA GBPJPY逆張りブーストをSLまでの想定円損失と最大倍率で動的に丸める,"総損失-457,350円の0.06 lot群を直接縮める一方、全シグナルを最低0.01 lotで執行する",発注時のSL距離から0.01 lot当たり円リスクを計算し、1～最大倍率のlotでEA発注,Oafx2BoostRiskJPY=2250; Oafx2BoostMaxMult=3,2中規模のコード変更,UNTESTED,"{""Oafx2BoostMaxMult"": 3, ""Oafx2BoostRiskJPY"": 2250, ""Oafx2LabMode"": 108}",
OAFX1738,gj_boost_cash_risk_cap,SCA GBPJPY逆張りブーストをSLまでの想定円損失と最大倍率で動的に丸める,"総損失-457,350円の0.06 lot群を直接縮める一方、全シグナルを最低0.01 lotで執行する",発注時のSL距離から0.01 lot当たり円リスクを計算し、1～最大倍率のlotでEA発注,Oafx2BoostRiskJPY=2250; Oafx2BoostMaxMult=4,2中規模のコード変更,UNTESTED,"{""Oafx2BoostMaxMult"": 4, ""Oafx2BoostRiskJPY"": 2250, ""Oafx2LabMode"": 108}",
OAFX1739,gj_boost_cash_risk_cap,SCA GBPJPY逆張りブーストをSLまでの想定円損失と最大倍率で動的に丸める,"総損失-457,350円の0.06 lot群を直接縮める一方、全シグナルを最低0.01 lotで執行する",発注時のSL距離から0.01 lot当たり円リスクを計算し、1～最大倍率のlotでEA発注,Oafx2BoostRiskJPY=2250; Oafx2BoostMaxMult=5,2中規模のコード変更,UNTESTED,"{""Oafx2BoostMaxMult"": 5, ""Oafx2BoostRiskJPY"": 2250, ""Oafx2LabMode"": 108}",
OAFX1740,gj_boost_cash_risk_cap,SCA GBPJPY逆張りブーストをSLまでの想定円損失と最大倍率で動的に丸める,"総損失-457,350円の0.06 lot群を直接縮める一方、全シグナルを最低0.01 lotで執行する",発注時のSL距離から0.01 lot当たり円リスクを計算し、1～最大倍率のlotでEA発注,Oafx2BoostRiskJPY=2250; Oafx2BoostMaxMult=6,2中規模のコード変更,UNTESTED,"{""Oafx2BoostMaxMult"": 6, ""Oafx2BoostRiskJPY"": 2250, ""Oafx2LabMode"": 108}",
OAFX1741,gj_boost_cash_risk_cap,SCA GBPJPY逆張りブーストをSLまでの想定円損失と最大倍率で動的に丸める,"総損失-457,350円の0.06 lot群を直接縮める一方、全シグナルを最低0.01 lotで執行する",発注時のSL距離から0.01 lot当たり円リスクを計算し、1～最大倍率のlotでEA発注,Oafx2BoostRiskJPY=2500; Oafx2BoostMaxMult=2,2中規模のコード変更,UNTESTED,"{""Oafx2BoostMaxMult"": 2, ""Oafx2BoostRiskJPY"": 2500, ""Oafx2LabMode"": 108}",
OAFX1742,gj_boost_cash_risk_cap,SCA GBPJPY逆張りブーストをSLまでの想定円損失と最大倍率で動的に丸める,"総損失-457,350円の0.06 lot群を直接縮める一方、全シグナルを最低0.01 lotで執行する",発注時のSL距離から0.01 lot当たり円リスクを計算し、1～最大倍率のlotでEA発注,Oafx2BoostRiskJPY=2500; Oafx2BoostMaxMult=3,2中規模のコード変更,UNTESTED,"{""Oafx2BoostMaxMult"": 3, ""Oafx2BoostRiskJPY"": 2500, ""Oafx2LabMode"": 108}",
OAFX1743,gj_boost_cash_risk_cap,SCA GBPJPY逆張りブーストをSLまでの想定円損失と最大倍率で動的に丸める,"総損失-457,350円の0.06 lot群を直接縮める一方、全シグナルを最低0.01 lotで執行する",発注時のSL距離から0.01 lot当たり円リスクを計算し、1～最大倍率のlotでEA発注,Oafx2BoostRiskJPY=2500; Oafx2BoostMaxMult=4,2中規模のコード変更,UNTESTED,"{""Oafx2BoostMaxMult"": 4, ""Oafx2BoostRiskJPY"": 2500, ""Oafx2LabMode"": 108}",
OAFX1744,gj_boost_cash_risk_cap,SCA GBPJPY逆張りブーストをSLまでの想定円損失と最大倍率で動的に丸める,"総損失-457,350円の0.06 lot群を直接縮める一方、全シグナルを最低0.01 lotで執行する",発注時のSL距離から0.01 lot当たり円リスクを計算し、1～最大倍率のlotでEA発注,Oafx2BoostRiskJPY=2500; Oafx2BoostMaxMult=5,2中規模のコード変更,UNTESTED,"{""Oafx2BoostMaxMult"": 5, ""Oafx2BoostRiskJPY"": 2500, ""Oafx2LabMode"": 108}",
OAFX1745,gj_boost_cash_risk_cap,SCA GBPJPY逆張りブーストをSLまでの想定円損失と最大倍率で動的に丸める,"総損失-457,350円の0.06 lot群を直接縮める一方、全シグナルを最低0.01 lotで執行する",発注時のSL距離から0.01 lot当たり円リスクを計算し、1～最大倍率のlotでEA発注,Oafx2BoostRiskJPY=2500; Oafx2BoostMaxMult=6,2中規模のコード変更,UNTESTED,"{""Oafx2BoostMaxMult"": 6, ""Oafx2BoostRiskJPY"": 2500, ""Oafx2LabMode"": 108}",
OAFX1746,gj_boost_cash_risk_cap,SCA GBPJPY逆張りブーストをSLまでの想定円損失と最大倍率で動的に丸める,"総損失-457,350円の0.06 lot群を直接縮める一方、全シグナルを最低0.01 lotで執行する",発注時のSL距離から0.01 lot当たり円リスクを計算し、1～最大倍率のlotでEA発注,Oafx2BoostRiskJPY=2750; Oafx2BoostMaxMult=2,2中規模のコード変更,UNTESTED,"{""Oafx2BoostMaxMult"": 2, ""Oafx2BoostRiskJPY"": 2750, ""Oafx2LabMode"": 108}",
OAFX1747,gj_boost_cash_risk_cap,SCA GBPJPY逆張りブーストをSLまでの想定円損失と最大倍率で動的に丸める,"総損失-457,350円の0.06 lot群を直接縮める一方、全シグナルを最低0.01 lotで執行する",発注時のSL距離から0.01 lot当たり円リスクを計算し、1～最大倍率のlotでEA発注,Oafx2BoostRiskJPY=2750; Oafx2BoostMaxMult=3,2中規模のコード変更,UNTESTED,"{""Oafx2BoostMaxMult"": 3, ""Oafx2BoostRiskJPY"": 2750, ""Oafx2LabMode"": 108}",
OAFX1748,gj_boost_cash_risk_cap,SCA GBPJPY逆張りブーストをSLまでの想定円損失と最大倍率で動的に丸める,"総損失-457,350円の0.06 lot群を直接縮める一方、全シグナルを最低0.01 lotで執行する",発注時のSL距離から0.01 lot当たり円リスクを計算し、1～最大倍率のlotでEA発注,Oafx2BoostRiskJPY=2750; Oafx2BoostMaxMult=4,2中規模のコード変更,UNTESTED,"{""Oafx2BoostMaxMult"": 4, ""Oafx2BoostRiskJPY"": 2750, ""Oafx2LabMode"": 108}",
OAFX1749,gj_boost_cash_risk_cap,SCA GBPJPY逆張りブーストをSLまでの想定円損失と最大倍率で動的に丸める,"総損失-457,350円の0.06 lot群を直接縮める一方、全シグナルを最低0.01 lotで執行する",発注時のSL距離から0.01 lot当たり円リスクを計算し、1～最大倍率のlotでEA発注,Oafx2BoostRiskJPY=2750; Oafx2BoostMaxMult=5,2中規模のコード変更,UNTESTED,"{""Oafx2BoostMaxMult"": 5, ""Oafx2BoostRiskJPY"": 2750, ""Oafx2LabMode"": 108}",
OAFX1750,gj_boost_cash_risk_cap,SCA GBPJPY逆張りブーストをSLまでの想定円損失と最大倍率で動的に丸める,"総損失-457,350円の0.06 lot群を直接縮める一方、全シグナルを最低0.01 lotで執行する",発注時のSL距離から0.01 lot当たり円リスクを計算し、1～最大倍率のlotでEA発注,Oafx2BoostRiskJPY=2750; Oafx2BoostMaxMult=6,2中規模のコード変更,UNTESTED,"{""Oafx2BoostMaxMult"": 6, ""Oafx2BoostRiskJPY"": 2750, ""Oafx2LabMode"": 108}",
OAFX1751,gj_boost_cash_risk_cap,SCA GBPJPY逆張りブーストをSLまでの想定円損失と最大倍率で動的に丸める,"総損失-457,350円の0.06 lot群を直接縮める一方、全シグナルを最低0.01 lotで執行する",発注時のSL距離から0.01 lot当たり円リスクを計算し、1～最大倍率のlotでEA発注,Oafx2BoostRiskJPY=3000; Oafx2BoostMaxMult=2,2中規模のコード変更,UNTESTED,"{""Oafx2BoostMaxMult"": 2, ""Oafx2BoostRiskJPY"": 3000, ""Oafx2LabMode"": 108}",
OAFX1752,gj_boost_cash_risk_cap,SCA GBPJPY逆張りブーストをSLまでの想定円損失と最大倍率で動的に丸める,"総損失-457,350円の0.06 lot群を直接縮める一方、全シグナルを最低0.01 lotで執行する",発注時のSL距離から0.01 lot当たり円リスクを計算し、1～最大倍率のlotでEA発注,Oafx2BoostRiskJPY=3000; Oafx2BoostMaxMult=3,2中規模のコード変更,UNTESTED,"{""Oafx2BoostMaxMult"": 3, ""Oafx2BoostRiskJPY"": 3000, ""Oafx2LabMode"": 108}",
OAFX1753,gj_boost_cash_risk_cap,SCA GBPJPY逆張りブーストをSLまでの想定円損失と最大倍率で動的に丸める,"総損失-457,350円の0.06 lot群を直接縮める一方、全シグナルを最低0.01 lotで執行する",発注時のSL距離から0.01 lot当たり円リスクを計算し、1～最大倍率のlotでEA発注,Oafx2BoostRiskJPY=3000; Oafx2BoostMaxMult=4,2中規模のコード変更,UNTESTED,"{""Oafx2BoostMaxMult"": 4, ""Oafx2BoostRiskJPY"": 3000, ""Oafx2LabMode"": 108}",
OAFX1754,gj_boost_cash_risk_cap,SCA GBPJPY逆張りブーストをSLまでの想定円損失と最大倍率で動的に丸める,"総損失-457,350円の0.06 lot群を直接縮める一方、全シグナルを最低0.01 lotで執行する",発注時のSL距離から0.01 lot当たり円リスクを計算し、1～最大倍率のlotでEA発注,Oafx2BoostRiskJPY=3000; Oafx2BoostMaxMult=5,2中規模のコード変更,UNTESTED,"{""Oafx2BoostMaxMult"": 5, ""Oafx2BoostRiskJPY"": 3000, ""Oafx2LabMode"": 108}",
OAFX1755,gj_boost_cash_risk_cap,SCA GBPJPY逆張りブーストをSLまでの想定円損失と最大倍率で動的に丸める,"総損失-457,350円の0.06 lot群を直接縮める一方、全シグナルを最低0.01 lotで執行する",発注時のSL距離から0.01 lot当たり円リスクを計算し、1～最大倍率のlotでEA発注,Oafx2BoostRiskJPY=3000; Oafx2BoostMaxMult=6,2中規模のコード変更,UNTESTED,"{""Oafx2BoostMaxMult"": 6, ""Oafx2BoostRiskJPY"": 3000, ""Oafx2LabMode"": 108}",
OAFX1756,gj_boost_cash_risk_cap,SCA GBPJPY逆張りブーストをSLまでの想定円損失と最大倍率で動的に丸める,"総損失-457,350円の0.06 lot群を直接縮める一方、全シグナルを最低0.01 lotで執行する",発注時のSL距離から0.01 lot当たり円リスクを計算し、1～最大倍率のlotでEA発注,Oafx2BoostRiskJPY=3250; Oafx2BoostMaxMult=2,2中規模のコード変更,UNTESTED,"{""Oafx2BoostMaxMult"": 2, ""Oafx2BoostRiskJPY"": 3250, ""Oafx2LabMode"": 108}",
OAFX1757,gj_boost_cash_risk_cap,SCA GBPJPY逆張りブーストをSLまでの想定円損失と最大倍率で動的に丸める,"総損失-457,350円の0.06 lot群を直接縮める一方、全シグナルを最低0.01 lotで執行する",発注時のSL距離から0.01 lot当たり円リスクを計算し、1～最大倍率のlotでEA発注,Oafx2BoostRiskJPY=3250; Oafx2BoostMaxMult=3,2中規模のコード変更,UNTESTED,"{""Oafx2BoostMaxMult"": 3, ""Oafx2BoostRiskJPY"": 3250, ""Oafx2LabMode"": 108}",
OAFX1758,gj_boost_cash_risk_cap,SCA GBPJPY逆張りブーストをSLまでの想定円損失と最大倍率で動的に丸める,"総損失-457,350円の0.06 lot群を直接縮める一方、全シグナルを最低0.01 lotで執行する",発注時のSL距離から0.01 lot当たり円リスクを計算し、1～最大倍率のlotでEA発注,Oafx2BoostRiskJPY=3250; Oafx2BoostMaxMult=4,2中規模のコード変更,UNTESTED,"{""Oafx2BoostMaxMult"": 4, ""Oafx2BoostRiskJPY"": 3250, ""Oafx2LabMode"": 108}",
OAFX1759,gj_boost_cash_risk_cap,SCA GBPJPY逆張りブーストをSLまでの想定円損失と最大倍率で動的に丸める,"総損失-457,350円の0.06 lot群を直接縮める一方、全シグナルを最低0.01 lotで執行する",発注時のSL距離から0.01 lot当たり円リスクを計算し、1～最大倍率のlotでEA発注,Oafx2BoostRiskJPY=3250; Oafx2BoostMaxMult=5,2中規模のコード変更,UNTESTED,"{""Oafx2BoostMaxMult"": 5, ""Oafx2BoostRiskJPY"": 3250, ""Oafx2LabMode"": 108}",
OAFX1760,gj_boost_cash_risk_cap,SCA GBPJPY逆張りブーストをSLまでの想定円損失と最大倍率で動的に丸める,"総損失-457,350円の0.06 lot群を直接縮める一方、全シグナルを最低0.01 lotで執行する",発注時のSL距離から0.01 lot当たり円リスクを計算し、1～最大倍率のlotでEA発注,Oafx2BoostRiskJPY=3250; Oafx2BoostMaxMult=6,2中規模のコード変更,UNTESTED,"{""Oafx2BoostMaxMult"": 6, ""Oafx2BoostRiskJPY"": 3250, ""Oafx2LabMode"": 108}",
OAFX1761,gj_boost_cash_risk_cap,SCA GBPJPY逆張りブーストをSLまでの想定円損失と最大倍率で動的に丸める,"総損失-457,350円の0.06 lot群を直接縮める一方、全シグナルを最低0.01 lotで執行する",発注時のSL距離から0.01 lot当たり円リスクを計算し、1～最大倍率のlotでEA発注,Oafx2BoostRiskJPY=3500; Oafx2BoostMaxMult=2,2中規模のコード変更,UNTESTED,"{""Oafx2BoostMaxMult"": 2, ""Oafx2BoostRiskJPY"": 3500, ""Oafx2LabMode"": 108}",
OAFX1762,gj_boost_cash_risk_cap,SCA GBPJPY逆張りブーストをSLまでの想定円損失と最大倍率で動的に丸める,"総損失-457,350円の0.06 lot群を直接縮める一方、全シグナルを最低0.01 lotで執行する",発注時のSL距離から0.01 lot当たり円リスクを計算し、1～最大倍率のlotでEA発注,Oafx2BoostRiskJPY=3500; Oafx2BoostMaxMult=3,2中規模のコード変更,UNTESTED,"{""Oafx2BoostMaxMult"": 3, ""Oafx2BoostRiskJPY"": 3500, ""Oafx2LabMode"": 108}",
OAFX1763,gj_boost_cash_risk_cap,SCA GBPJPY逆張りブーストをSLまでの想定円損失と最大倍率で動的に丸める,"総損失-457,350円の0.06 lot群を直接縮める一方、全シグナルを最低0.01 lotで執行する",発注時のSL距離から0.01 lot当たり円リスクを計算し、1～最大倍率のlotでEA発注,Oafx2BoostRiskJPY=3500; Oafx2BoostMaxMult=4,2中規模のコード変更,UNTESTED,"{""Oafx2BoostMaxMult"": 4, ""Oafx2BoostRiskJPY"": 3500, ""Oafx2LabMode"": 108}",
OAFX1764,gj_boost_cash_risk_cap,SCA GBPJPY逆張りブーストをSLまでの想定円損失と最大倍率で動的に丸める,"総損失-457,350円の0.06 lot群を直接縮める一方、全シグナルを最低0.01 lotで執行する",発注時のSL距離から0.01 lot当たり円リスクを計算し、1～最大倍率のlotでEA発注,Oafx2BoostRiskJPY=3500; Oafx2BoostMaxMult=5,2中規模のコード変更,UNTESTED,"{""Oafx2BoostMaxMult"": 5, ""Oafx2BoostRiskJPY"": 3500, ""Oafx2LabMode"": 108}",
OAFX1765,gj_boost_cash_risk_cap,SCA GBPJPY逆張りブーストをSLまでの想定円損失と最大倍率で動的に丸める,"総損失-457,350円の0.06 lot群を直接縮める一方、全シグナルを最低0.01 lotで執行する",発注時のSL距離から0.01 lot当たり円リスクを計算し、1～最大倍率のlotでEA発注,Oafx2BoostRiskJPY=3500; Oafx2BoostMaxMult=6,2中規模のコード変更,UNTESTED,"{""Oafx2BoostMaxMult"": 6, ""Oafx2BoostRiskJPY"": 3500, ""Oafx2LabMode"": 108}",
OAFX1766,gj_boost_cash_risk_cap,SCA GBPJPY逆張りブーストをSLまでの想定円損失と最大倍率で動的に丸める,"総損失-457,350円の0.06 lot群を直接縮める一方、全シグナルを最低0.01 lotで執行する",発注時のSL距離から0.01 lot当たり円リスクを計算し、1～最大倍率のlotでEA発注,Oafx2BoostRiskJPY=3750; Oafx2BoostMaxMult=2,2中規模のコード変更,UNTESTED,"{""Oafx2BoostMaxMult"": 2, ""Oafx2BoostRiskJPY"": 3750, ""Oafx2LabMode"": 108}",
OAFX1767,gj_boost_cash_risk_cap,SCA GBPJPY逆張りブーストをSLまでの想定円損失と最大倍率で動的に丸める,"総損失-457,350円の0.06 lot群を直接縮める一方、全シグナルを最低0.01 lotで執行する",発注時のSL距離から0.01 lot当たり円リスクを計算し、1～最大倍率のlotでEA発注,Oafx2BoostRiskJPY=3750; Oafx2BoostMaxMult=3,2中規模のコード変更,UNTESTED,"{""Oafx2BoostMaxMult"": 3, ""Oafx2BoostRiskJPY"": 3750, ""Oafx2LabMode"": 108}",
OAFX1768,gj_boost_cash_risk_cap,SCA GBPJPY逆張りブーストをSLまでの想定円損失と最大倍率で動的に丸める,"総損失-457,350円の0.06 lot群を直接縮める一方、全シグナルを最低0.01 lotで執行する",発注時のSL距離から0.01 lot当たり円リスクを計算し、1～最大倍率のlotでEA発注,Oafx2BoostRiskJPY=3750; Oafx2BoostMaxMult=4,2中規模のコード変更,UNTESTED,"{""Oafx2BoostMaxMult"": 4, ""Oafx2BoostRiskJPY"": 3750, ""Oafx2LabMode"": 108}",
OAFX1769,gj_boost_cash_risk_cap,SCA GBPJPY逆張りブーストをSLまでの想定円損失と最大倍率で動的に丸める,"総損失-457,350円の0.06 lot群を直接縮める一方、全シグナルを最低0.01 lotで執行する",発注時のSL距離から0.01 lot当たり円リスクを計算し、1～最大倍率のlotでEA発注,Oafx2BoostRiskJPY=3750; Oafx2BoostMaxMult=5,2中規模のコード変更,UNTESTED,"{""Oafx2BoostMaxMult"": 5, ""Oafx2BoostRiskJPY"": 3750, ""Oafx2LabMode"": 108}",
OAFX1770,gj_boost_cash_risk_cap,SCA GBPJPY逆張りブーストをSLまでの想定円損失と最大倍率で動的に丸める,"総損失-457,350円の0.06 lot群を直接縮める一方、全シグナルを最低0.01 lotで執行する",発注時のSL距離から0.01 lot当たり円リスクを計算し、1～最大倍率のlotでEA発注,Oafx2BoostRiskJPY=3750; Oafx2BoostMaxMult=6,2中規模のコード変更,UNTESTED,"{""Oafx2BoostMaxMult"": 6, ""Oafx2BoostRiskJPY"": 3750, ""Oafx2LabMode"": 108}",
OAFX1771,gj_boost_cash_risk_cap,SCA GBPJPY逆張りブーストをSLまでの想定円損失と最大倍率で動的に丸める,"総損失-457,350円の0.06 lot群を直接縮める一方、全シグナルを最低0.01 lotで執行する",発注時のSL距離から0.01 lot当たり円リスクを計算し、1～最大倍率のlotでEA発注,Oafx2BoostRiskJPY=4000; Oafx2BoostMaxMult=2,2中規模のコード変更,UNTESTED,"{""Oafx2BoostMaxMult"": 2, ""Oafx2BoostRiskJPY"": 4000, ""Oafx2LabMode"": 108}",
OAFX1772,gj_boost_cash_risk_cap,SCA GBPJPY逆張りブーストをSLまでの想定円損失と最大倍率で動的に丸める,"総損失-457,350円の0.06 lot群を直接縮める一方、全シグナルを最低0.01 lotで執行する",発注時のSL距離から0.01 lot当たり円リスクを計算し、1～最大倍率のlotでEA発注,Oafx2BoostRiskJPY=4000; Oafx2BoostMaxMult=3,2中規模のコード変更,UNTESTED,"{""Oafx2BoostMaxMult"": 3, ""Oafx2BoostRiskJPY"": 4000, ""Oafx2LabMode"": 108}",
OAFX1773,gj_boost_cash_risk_cap,SCA GBPJPY逆張りブーストをSLまでの想定円損失と最大倍率で動的に丸める,"総損失-457,350円の0.06 lot群を直接縮める一方、全シグナルを最低0.01 lotで執行する",発注時のSL距離から0.01 lot当たり円リスクを計算し、1～最大倍率のlotでEA発注,Oafx2BoostRiskJPY=4000; Oafx2BoostMaxMult=4,2中規模のコード変更,UNTESTED,"{""Oafx2BoostMaxMult"": 4, ""Oafx2BoostRiskJPY"": 4000, ""Oafx2LabMode"": 108}",
OAFX1774,gj_boost_cash_risk_cap,SCA GBPJPY逆張りブーストをSLまでの想定円損失と最大倍率で動的に丸める,"総損失-457,350円の0.06 lot群を直接縮める一方、全シグナルを最低0.01 lotで執行する",発注時のSL距離から0.01 lot当たり円リスクを計算し、1～最大倍率のlotでEA発注,Oafx2BoostRiskJPY=4000; Oafx2BoostMaxMult=5,2中規模のコード変更,UNTESTED,"{""Oafx2BoostMaxMult"": 5, ""Oafx2BoostRiskJPY"": 4000, ""Oafx2LabMode"": 108}",
OAFX1775,gj_boost_cash_risk_cap,SCA GBPJPY逆張りブーストをSLまでの想定円損失と最大倍率で動的に丸める,"総損失-457,350円の0.06 lot群を直接縮める一方、全シグナルを最低0.01 lotで執行する",発注時のSL距離から0.01 lot当たり円リスクを計算し、1～最大倍率のlotでEA発注,Oafx2BoostRiskJPY=4000; Oafx2BoostMaxMult=6,2中規模のコード変更,UNTESTED,"{""Oafx2BoostMaxMult"": 6, ""Oafx2BoostRiskJPY"": 4000, ""Oafx2LabMode"": 108}",
OAFX1776,gj_boost_cash_risk_cap,SCA GBPJPY逆張りブーストをSLまでの想定円損失と最大倍率で動的に丸める,"総損失-457,350円の0.06 lot群を直接縮める一方、全シグナルを最低0.01 lotで執行する",発注時のSL距離から0.01 lot当たり円リスクを計算し、1～最大倍率のlotでEA発注,Oafx2BoostRiskJPY=4500; Oafx2BoostMaxMult=2,2中規模のコード変更,UNTESTED,"{""Oafx2BoostMaxMult"": 2, ""Oafx2BoostRiskJPY"": 4500, ""Oafx2LabMode"": 108}",
OAFX1777,gj_boost_cash_risk_cap,SCA GBPJPY逆張りブーストをSLまでの想定円損失と最大倍率で動的に丸める,"総損失-457,350円の0.06 lot群を直接縮める一方、全シグナルを最低0.01 lotで執行する",発注時のSL距離から0.01 lot当たり円リスクを計算し、1～最大倍率のlotでEA発注,Oafx2BoostRiskJPY=4500; Oafx2BoostMaxMult=3,2中規模のコード変更,UNTESTED,"{""Oafx2BoostMaxMult"": 3, ""Oafx2BoostRiskJPY"": 4500, ""Oafx2LabMode"": 108}",
OAFX1778,gj_boost_cash_risk_cap,SCA GBPJPY逆張りブーストをSLまでの想定円損失と最大倍率で動的に丸める,"総損失-457,350円の0.06 lot群を直接縮める一方、全シグナルを最低0.01 lotで執行する",発注時のSL距離から0.01 lot当たり円リスクを計算し、1～最大倍率のlotでEA発注,Oafx2BoostRiskJPY=4500; Oafx2BoostMaxMult=4,2中規模のコード変更,UNTESTED,"{""Oafx2BoostMaxMult"": 4, ""Oafx2BoostRiskJPY"": 4500, ""Oafx2LabMode"": 108}",
OAFX1779,gj_boost_cash_risk_cap,SCA GBPJPY逆張りブーストをSLまでの想定円損失と最大倍率で動的に丸める,"総損失-457,350円の0.06 lot群を直接縮める一方、全シグナルを最低0.01 lotで執行する",発注時のSL距離から0.01 lot当たり円リスクを計算し、1～最大倍率のlotでEA発注,Oafx2BoostRiskJPY=4500; Oafx2BoostMaxMult=5,2中規模のコード変更,UNTESTED,"{""Oafx2BoostMaxMult"": 5, ""Oafx2BoostRiskJPY"": 4500, ""Oafx2LabMode"": 108}",
OAFX1780,gj_boost_cash_risk_cap,SCA GBPJPY逆張りブーストをSLまでの想定円損失と最大倍率で動的に丸める,"総損失-457,350円の0.06 lot群を直接縮める一方、全シグナルを最低0.01 lotで執行する",発注時のSL距離から0.01 lot当たり円リスクを計算し、1～最大倍率のlotでEA発注,Oafx2BoostRiskJPY=4500; Oafx2BoostMaxMult=6,2中規模のコード変更,UNTESTED,"{""Oafx2BoostMaxMult"": 6, ""Oafx2BoostRiskJPY"": 4500, ""Oafx2LabMode"": 108}",
OAFX1781,gj_boost_cash_risk_cap,SCA GBPJPY逆張りブーストをSLまでの想定円損失と最大倍率で動的に丸める,"総損失-457,350円の0.06 lot群を直接縮める一方、全シグナルを最低0.01 lotで執行する",発注時のSL距離から0.01 lot当たり円リスクを計算し、1～最大倍率のlotでEA発注,Oafx2BoostRiskJPY=5000; Oafx2BoostMaxMult=2,2中規模のコード変更,UNTESTED,"{""Oafx2BoostMaxMult"": 2, ""Oafx2BoostRiskJPY"": 5000, ""Oafx2LabMode"": 108}",
OAFX1782,gj_boost_cash_risk_cap,SCA GBPJPY逆張りブーストをSLまでの想定円損失と最大倍率で動的に丸める,"総損失-457,350円の0.06 lot群を直接縮める一方、全シグナルを最低0.01 lotで執行する",発注時のSL距離から0.01 lot当たり円リスクを計算し、1～最大倍率のlotでEA発注,Oafx2BoostRiskJPY=5000; Oafx2BoostMaxMult=3,2中規模のコード変更,UNTESTED,"{""Oafx2BoostMaxMult"": 3, ""Oafx2BoostRiskJPY"": 5000, ""Oafx2LabMode"": 108}",
OAFX1783,gj_boost_cash_risk_cap,SCA GBPJPY逆張りブーストをSLまでの想定円損失と最大倍率で動的に丸める,"総損失-457,350円の0.06 lot群を直接縮める一方、全シグナルを最低0.01 lotで執行する",発注時のSL距離から0.01 lot当たり円リスクを計算し、1～最大倍率のlotでEA発注,Oafx2BoostRiskJPY=5000; Oafx2BoostMaxMult=4,2中規模のコード変更,UNTESTED,"{""Oafx2BoostMaxMult"": 4, ""Oafx2BoostRiskJPY"": 5000, ""Oafx2LabMode"": 108}",
OAFX1784,gj_boost_cash_risk_cap,SCA GBPJPY逆張りブーストをSLまでの想定円損失と最大倍率で動的に丸める,"総損失-457,350円の0.06 lot群を直接縮める一方、全シグナルを最低0.01 lotで執行する",発注時のSL距離から0.01 lot当たり円リスクを計算し、1～最大倍率のlotでEA発注,Oafx2BoostRiskJPY=5000; Oafx2BoostMaxMult=5,2中規模のコード変更,UNTESTED,"{""Oafx2BoostMaxMult"": 5, ""Oafx2BoostRiskJPY"": 5000, ""Oafx2LabMode"": 108}",
OAFX1785,gj_boost_cash_risk_cap,SCA GBPJPY逆張りブーストをSLまでの想定円損失と最大倍率で動的に丸める,"総損失-457,350円の0.06 lot群を直接縮める一方、全シグナルを最低0.01 lotで執行する",発注時のSL距離から0.01 lot当たり円リスクを計算し、1～最大倍率のlotでEA発注,Oafx2BoostRiskJPY=5000; Oafx2BoostMaxMult=6,2中規模のコード変更,UNTESTED,"{""Oafx2BoostMaxMult"": 6, ""Oafx2BoostRiskJPY"": 5000, ""Oafx2LabMode"": 108}",
OAFX1786,gj_boost_cash_risk_cap,SCA GBPJPY逆張りブーストをSLまでの想定円損失と最大倍率で動的に丸める,"総損失-457,350円の0.06 lot群を直接縮める一方、全シグナルを最低0.01 lotで執行する",発注時のSL距離から0.01 lot当たり円リスクを計算し、1～最大倍率のlotでEA発注,Oafx2BoostRiskJPY=5500; Oafx2BoostMaxMult=2,2中規模のコード変更,UNTESTED,"{""Oafx2BoostMaxMult"": 2, ""Oafx2BoostRiskJPY"": 5500, ""Oafx2LabMode"": 108}",
OAFX1787,gj_boost_cash_risk_cap,SCA GBPJPY逆張りブーストをSLまでの想定円損失と最大倍率で動的に丸める,"総損失-457,350円の0.06 lot群を直接縮める一方、全シグナルを最低0.01 lotで執行する",発注時のSL距離から0.01 lot当たり円リスクを計算し、1～最大倍率のlotでEA発注,Oafx2BoostRiskJPY=5500; Oafx2BoostMaxMult=3,2中規模のコード変更,UNTESTED,"{""Oafx2BoostMaxMult"": 3, ""Oafx2BoostRiskJPY"": 5500, ""Oafx2LabMode"": 108}",
OAFX1788,gj_boost_cash_risk_cap,SCA GBPJPY逆張りブーストをSLまでの想定円損失と最大倍率で動的に丸める,"総損失-457,350円の0.06 lot群を直接縮める一方、全シグナルを最低0.01 lotで執行する",発注時のSL距離から0.01 lot当たり円リスクを計算し、1～最大倍率のlotでEA発注,Oafx2BoostRiskJPY=5500; Oafx2BoostMaxMult=4,2中規模のコード変更,UNTESTED,"{""Oafx2BoostMaxMult"": 4, ""Oafx2BoostRiskJPY"": 5500, ""Oafx2LabMode"": 108}",
OAFX1789,gj_boost_cash_risk_cap,SCA GBPJPY逆張りブーストをSLまでの想定円損失と最大倍率で動的に丸める,"総損失-457,350円の0.06 lot群を直接縮める一方、全シグナルを最低0.01 lotで執行する",発注時のSL距離から0.01 lot当たり円リスクを計算し、1～最大倍率のlotでEA発注,Oafx2BoostRiskJPY=5500; Oafx2BoostMaxMult=5,2中規模のコード変更,UNTESTED,"{""Oafx2BoostMaxMult"": 5, ""Oafx2BoostRiskJPY"": 5500, ""Oafx2LabMode"": 108}",
OAFX1790,gj_boost_cash_risk_cap,SCA GBPJPY逆張りブーストをSLまでの想定円損失と最大倍率で動的に丸める,"総損失-457,350円の0.06 lot群を直接縮める一方、全シグナルを最低0.01 lotで執行する",発注時のSL距離から0.01 lot当たり円リスクを計算し、1～最大倍率のlotでEA発注,Oafx2BoostRiskJPY=5500; Oafx2BoostMaxMult=6,2中規模のコード変更,UNTESTED,"{""Oafx2BoostMaxMult"": 6, ""Oafx2BoostRiskJPY"": 5500, ""Oafx2LabMode"": 108}",
OAFX1791,gj_boost_cash_risk_cap,SCA GBPJPY逆張りブーストをSLまでの想定円損失と最大倍率で動的に丸める,"総損失-457,350円の0.06 lot群を直接縮める一方、全シグナルを最低0.01 lotで執行する",発注時のSL距離から0.01 lot当たり円リスクを計算し、1～最大倍率のlotでEA発注,Oafx2BoostRiskJPY=6000; Oafx2BoostMaxMult=2,2中規模のコード変更,UNTESTED,"{""Oafx2BoostMaxMult"": 2, ""Oafx2BoostRiskJPY"": 6000, ""Oafx2LabMode"": 108}",
OAFX1792,gj_boost_cash_risk_cap,SCA GBPJPY逆張りブーストをSLまでの想定円損失と最大倍率で動的に丸める,"総損失-457,350円の0.06 lot群を直接縮める一方、全シグナルを最低0.01 lotで執行する",発注時のSL距離から0.01 lot当たり円リスクを計算し、1～最大倍率のlotでEA発注,Oafx2BoostRiskJPY=6000; Oafx2BoostMaxMult=3,2中規模のコード変更,UNTESTED,"{""Oafx2BoostMaxMult"": 3, ""Oafx2BoostRiskJPY"": 6000, ""Oafx2LabMode"": 108}",
OAFX1793,gj_boost_cash_risk_cap,SCA GBPJPY逆張りブーストをSLまでの想定円損失と最大倍率で動的に丸める,"総損失-457,350円の0.06 lot群を直接縮める一方、全シグナルを最低0.01 lotで執行する",発注時のSL距離から0.01 lot当たり円リスクを計算し、1～最大倍率のlotでEA発注,Oafx2BoostRiskJPY=6000; Oafx2BoostMaxMult=4,2中規模のコード変更,UNTESTED,"{""Oafx2BoostMaxMult"": 4, ""Oafx2BoostRiskJPY"": 6000, ""Oafx2LabMode"": 108}",
OAFX1794,gj_boost_cash_risk_cap,SCA GBPJPY逆張りブーストをSLまでの想定円損失と最大倍率で動的に丸める,"総損失-457,350円の0.06 lot群を直接縮める一方、全シグナルを最低0.01 lotで執行する",発注時のSL距離から0.01 lot当たり円リスクを計算し、1～最大倍率のlotでEA発注,Oafx2BoostRiskJPY=6000; Oafx2BoostMaxMult=5,2中規模のコード変更,UNTESTED,"{""Oafx2BoostMaxMult"": 5, ""Oafx2BoostRiskJPY"": 6000, ""Oafx2LabMode"": 108}",
OAFX1795,gj_boost_cash_risk_cap,SCA GBPJPY逆張りブーストをSLまでの想定円損失と最大倍率で動的に丸める,"総損失-457,350円の0.06 lot群を直接縮める一方、全シグナルを最低0.01 lotで執行する",発注時のSL距離から0.01 lot当たり円リスクを計算し、1～最大倍率のlotでEA発注,Oafx2BoostRiskJPY=6000; Oafx2BoostMaxMult=6,2中規模のコード変更,UNTESTED,"{""Oafx2BoostMaxMult"": 6, ""Oafx2BoostRiskJPY"": 6000, ""Oafx2LabMode"": 108}",
OAFX1796,gj_boost_cash_risk_cap,SCA GBPJPY逆張りブーストをSLまでの想定円損失と最大倍率で動的に丸める,"総損失-457,350円の0.06 lot群を直接縮める一方、全シグナルを最低0.01 lotで執行する",発注時のSL距離から0.01 lot当たり円リスクを計算し、1～最大倍率のlotでEA発注,Oafx2BoostRiskJPY=7000; Oafx2BoostMaxMult=2,2中規模のコード変更,UNTESTED,"{""Oafx2BoostMaxMult"": 2, ""Oafx2BoostRiskJPY"": 7000, ""Oafx2LabMode"": 108}",
OAFX1797,gj_boost_cash_risk_cap,SCA GBPJPY逆張りブーストをSLまでの想定円損失と最大倍率で動的に丸める,"総損失-457,350円の0.06 lot群を直接縮める一方、全シグナルを最低0.01 lotで執行する",発注時のSL距離から0.01 lot当たり円リスクを計算し、1～最大倍率のlotでEA発注,Oafx2BoostRiskJPY=7000; Oafx2BoostMaxMult=3,2中規模のコード変更,UNTESTED,"{""Oafx2BoostMaxMult"": 3, ""Oafx2BoostRiskJPY"": 7000, ""Oafx2LabMode"": 108}",
OAFX1798,gj_boost_cash_risk_cap,SCA GBPJPY逆張りブーストをSLまでの想定円損失と最大倍率で動的に丸める,"総損失-457,350円の0.06 lot群を直接縮める一方、全シグナルを最低0.01 lotで執行する",発注時のSL距離から0.01 lot当たり円リスクを計算し、1～最大倍率のlotでEA発注,Oafx2BoostRiskJPY=7000; Oafx2BoostMaxMult=4,2中規模のコード変更,UNTESTED,"{""Oafx2BoostMaxMult"": 4, ""Oafx2BoostRiskJPY"": 7000, ""Oafx2LabMode"": 108}",
OAFX1799,gj_boost_cash_risk_cap,SCA GBPJPY逆張りブーストをSLまでの想定円損失と最大倍率で動的に丸める,"総損失-457,350円の0.06 lot群を直接縮める一方、全シグナルを最低0.01 lotで執行する",発注時のSL距離から0.01 lot当たり円リスクを計算し、1～最大倍率のlotでEA発注,Oafx2BoostRiskJPY=7000; Oafx2BoostMaxMult=5,2中規模のコード変更,UNTESTED,"{""Oafx2BoostMaxMult"": 5, ""Oafx2BoostRiskJPY"": 7000, ""Oafx2LabMode"": 108}",
OAFX1800,gj_boost_cash_risk_cap,SCA GBPJPY逆張りブーストをSLまでの想定円損失と最大倍率で動的に丸める,"総損失-457,350円の0.06 lot群を直接縮める一方、全シグナルを最低0.01 lotで執行する",発注時のSL距離から0.01 lot当たり円リスクを計算し、1～最大倍率のlotでEA発注,Oafx2BoostRiskJPY=7000; Oafx2BoostMaxMult=6,2中規模のコード変更,UNTESTED,"{""Oafx2BoostMaxMult"": 6, ""Oafx2BoostRiskJPY"": 7000, ""Oafx2LabMode"": 108}",
OAFX1801,gj_boost_drift_softscale,SCA GBPJPY逆張りブーストをレンジ内ドリフト強度に応じて1～6倍で連続調整,入口品質が弱くても取引は0.01 lotで続け、確信度が高い時だけ現行0.06 lotへ近づける,従来の逆張り方向判定は維持し、絶対drift÷rangeでブースト倍率だけを補間してEA発注,Oafx2FullBoostDriftRatio=0.05; Oafx2BoostFloorMult=1,2軽微なコード変更,UNTESTED,"{""Oafx2BoostFloorMult"": 1, ""Oafx2FullBoostDriftRatio"": 0.05, ""Oafx2LabMode"": 109}",
OAFX1802,gj_boost_drift_softscale,SCA GBPJPY逆張りブーストをレンジ内ドリフト強度に応じて1～6倍で連続調整,入口品質が弱くても取引は0.01 lotで続け、確信度が高い時だけ現行0.06 lotへ近づける,従来の逆張り方向判定は維持し、絶対drift÷rangeでブースト倍率だけを補間してEA発注,Oafx2FullBoostDriftRatio=0.05; Oafx2BoostFloorMult=2,2軽微なコード変更,UNTESTED,"{""Oafx2BoostFloorMult"": 2, ""Oafx2FullBoostDriftRatio"": 0.05, ""Oafx2LabMode"": 109}",
OAFX1803,gj_boost_drift_softscale,SCA GBPJPY逆張りブーストをレンジ内ドリフト強度に応じて1～6倍で連続調整,入口品質が弱くても取引は0.01 lotで続け、確信度が高い時だけ現行0.06 lotへ近づける,従来の逆張り方向判定は維持し、絶対drift÷rangeでブースト倍率だけを補間してEA発注,Oafx2FullBoostDriftRatio=0.05; Oafx2BoostFloorMult=3,2軽微なコード変更,UNTESTED,"{""Oafx2BoostFloorMult"": 3, ""Oafx2FullBoostDriftRatio"": 0.05, ""Oafx2LabMode"": 109}",
OAFX1804,gj_boost_drift_softscale,SCA GBPJPY逆張りブーストをレンジ内ドリフト強度に応じて1～6倍で連続調整,入口品質が弱くても取引は0.01 lotで続け、確信度が高い時だけ現行0.06 lotへ近づける,従来の逆張り方向判定は維持し、絶対drift÷rangeでブースト倍率だけを補間してEA発注,Oafx2FullBoostDriftRatio=0.05; Oafx2BoostFloorMult=4,2軽微なコード変更,UNTESTED,"{""Oafx2BoostFloorMult"": 4, ""Oafx2FullBoostDriftRatio"": 0.05, ""Oafx2LabMode"": 109}",
OAFX1805,gj_boost_drift_softscale,SCA GBPJPY逆張りブーストをレンジ内ドリフト強度に応じて1～6倍で連続調整,入口品質が弱くても取引は0.01 lotで続け、確信度が高い時だけ現行0.06 lotへ近づける,従来の逆張り方向判定は維持し、絶対drift÷rangeでブースト倍率だけを補間してEA発注,Oafx2FullBoostDriftRatio=0.05; Oafx2BoostFloorMult=5,2軽微なコード変更,UNTESTED,"{""Oafx2BoostFloorMult"": 5, ""Oafx2FullBoostDriftRatio"": 0.05, ""Oafx2LabMode"": 109}",
OAFX1806,gj_boost_drift_softscale,SCA GBPJPY逆張りブーストをレンジ内ドリフト強度に応じて1～6倍で連続調整,入口品質が弱くても取引は0.01 lotで続け、確信度が高い時だけ現行0.06 lotへ近づける,従来の逆張り方向判定は維持し、絶対drift÷rangeでブースト倍率だけを補間してEA発注,Oafx2FullBoostDriftRatio=0.1; Oafx2BoostFloorMult=1,2軽微なコード変更,UNTESTED,"{""Oafx2BoostFloorMult"": 1, ""Oafx2FullBoostDriftRatio"": 0.1, ""Oafx2LabMode"": 109}",
OAFX1807,gj_boost_drift_softscale,SCA GBPJPY逆張りブーストをレンジ内ドリフト強度に応じて1～6倍で連続調整,入口品質が弱くても取引は0.01 lotで続け、確信度が高い時だけ現行0.06 lotへ近づける,従来の逆張り方向判定は維持し、絶対drift÷rangeでブースト倍率だけを補間してEA発注,Oafx2FullBoostDriftRatio=0.1; Oafx2BoostFloorMult=2,2軽微なコード変更,UNTESTED,"{""Oafx2BoostFloorMult"": 2, ""Oafx2FullBoostDriftRatio"": 0.1, ""Oafx2LabMode"": 109}",
OAFX1808,gj_boost_drift_softscale,SCA GBPJPY逆張りブーストをレンジ内ドリフト強度に応じて1～6倍で連続調整,入口品質が弱くても取引は0.01 lotで続け、確信度が高い時だけ現行0.06 lotへ近づける,従来の逆張り方向判定は維持し、絶対drift÷rangeでブースト倍率だけを補間してEA発注,Oafx2FullBoostDriftRatio=0.1; Oafx2BoostFloorMult=3,2軽微なコード変更,UNTESTED,"{""Oafx2BoostFloorMult"": 3, ""Oafx2FullBoostDriftRatio"": 0.1, ""Oafx2LabMode"": 109}",
OAFX1809,gj_boost_drift_softscale,SCA GBPJPY逆張りブーストをレンジ内ドリフト強度に応じて1～6倍で連続調整,入口品質が弱くても取引は0.01 lotで続け、確信度が高い時だけ現行0.06 lotへ近づける,従来の逆張り方向判定は維持し、絶対drift÷rangeでブースト倍率だけを補間してEA発注,Oafx2FullBoostDriftRatio=0.1; Oafx2BoostFloorMult=4,2軽微なコード変更,UNTESTED,"{""Oafx2BoostFloorMult"": 4, ""Oafx2FullBoostDriftRatio"": 0.1, ""Oafx2LabMode"": 109}",
OAFX1810,gj_boost_drift_softscale,SCA GBPJPY逆張りブーストをレンジ内ドリフト強度に応じて1～6倍で連続調整,入口品質が弱くても取引は0.01 lotで続け、確信度が高い時だけ現行0.06 lotへ近づける,従来の逆張り方向判定は維持し、絶対drift÷rangeでブースト倍率だけを補間してEA発注,Oafx2FullBoostDriftRatio=0.1; Oafx2BoostFloorMult=5,2軽微なコード変更,UNTESTED,"{""Oafx2BoostFloorMult"": 5, ""Oafx2FullBoostDriftRatio"": 0.1, ""Oafx2LabMode"": 109}",
OAFX1811,gj_boost_drift_softscale,SCA GBPJPY逆張りブーストをレンジ内ドリフト強度に応じて1～6倍で連続調整,入口品質が弱くても取引は0.01 lotで続け、確信度が高い時だけ現行0.06 lotへ近づける,従来の逆張り方向判定は維持し、絶対drift÷rangeでブースト倍率だけを補間してEA発注,Oafx2FullBoostDriftRatio=0.15; Oafx2BoostFloorMult=1,2軽微なコード変更,UNTESTED,"{""Oafx2BoostFloorMult"": 1, ""Oafx2FullBoostDriftRatio"": 0.15, ""Oafx2LabMode"": 109}",
OAFX1812,gj_boost_drift_softscale,SCA GBPJPY逆張りブーストをレンジ内ドリフト強度に応じて1～6倍で連続調整,入口品質が弱くても取引は0.01 lotで続け、確信度が高い時だけ現行0.06 lotへ近づける,従来の逆張り方向判定は維持し、絶対drift÷rangeでブースト倍率だけを補間してEA発注,Oafx2FullBoostDriftRatio=0.15; Oafx2BoostFloorMult=2,2軽微なコード変更,UNTESTED,"{""Oafx2BoostFloorMult"": 2, ""Oafx2FullBoostDriftRatio"": 0.15, ""Oafx2LabMode"": 109}",
OAFX1813,gj_boost_drift_softscale,SCA GBPJPY逆張りブーストをレンジ内ドリフト強度に応じて1～6倍で連続調整,入口品質が弱くても取引は0.01 lotで続け、確信度が高い時だけ現行0.06 lotへ近づける,従来の逆張り方向判定は維持し、絶対drift÷rangeでブースト倍率だけを補間してEA発注,Oafx2FullBoostDriftRatio=0.15; Oafx2BoostFloorMult=3,2軽微なコード変更,UNTESTED,"{""Oafx2BoostFloorMult"": 3, ""Oafx2FullBoostDriftRatio"": 0.15, ""Oafx2LabMode"": 109}",
OAFX1814,gj_boost_drift_softscale,SCA GBPJPY逆張りブーストをレンジ内ドリフト強度に応じて1～6倍で連続調整,入口品質が弱くても取引は0.01 lotで続け、確信度が高い時だけ現行0.06 lotへ近づける,従来の逆張り方向判定は維持し、絶対drift÷rangeでブースト倍率だけを補間してEA発注,Oafx2FullBoostDriftRatio=0.15; Oafx2BoostFloorMult=4,2軽微なコード変更,UNTESTED,"{""Oafx2BoostFloorMult"": 4, ""Oafx2FullBoostDriftRatio"": 0.15, ""Oafx2LabMode"": 109}",
OAFX1815,gj_boost_drift_softscale,SCA GBPJPY逆張りブーストをレンジ内ドリフト強度に応じて1～6倍で連続調整,入口品質が弱くても取引は0.01 lotで続け、確信度が高い時だけ現行0.06 lotへ近づける,従来の逆張り方向判定は維持し、絶対drift÷rangeでブースト倍率だけを補間してEA発注,Oafx2FullBoostDriftRatio=0.15; Oafx2BoostFloorMult=5,2軽微なコード変更,UNTESTED,"{""Oafx2BoostFloorMult"": 5, ""Oafx2FullBoostDriftRatio"": 0.15, ""Oafx2LabMode"": 109}",
OAFX1816,gj_boost_drift_softscale,SCA GBPJPY逆張りブーストをレンジ内ドリフト強度に応じて1～6倍で連続調整,入口品質が弱くても取引は0.01 lotで続け、確信度が高い時だけ現行0.06 lotへ近づける,従来の逆張り方向判定は維持し、絶対drift÷rangeでブースト倍率だけを補間してEA発注,Oafx2FullBoostDriftRatio=0.2; Oafx2BoostFloorMult=1,2軽微なコード変更,UNTESTED,"{""Oafx2BoostFloorMult"": 1, ""Oafx2FullBoostDriftRatio"": 0.2, ""Oafx2LabMode"": 109}",
OAFX1817,gj_boost_drift_softscale,SCA GBPJPY逆張りブーストをレンジ内ドリフト強度に応じて1～6倍で連続調整,入口品質が弱くても取引は0.01 lotで続け、確信度が高い時だけ現行0.06 lotへ近づける,従来の逆張り方向判定は維持し、絶対drift÷rangeでブースト倍率だけを補間してEA発注,Oafx2FullBoostDriftRatio=0.2; Oafx2BoostFloorMult=2,2軽微なコード変更,UNTESTED,"{""Oafx2BoostFloorMult"": 2, ""Oafx2FullBoostDriftRatio"": 0.2, ""Oafx2LabMode"": 109}",
OAFX1818,gj_boost_drift_softscale,SCA GBPJPY逆張りブーストをレンジ内ドリフト強度に応じて1～6倍で連続調整,入口品質が弱くても取引は0.01 lotで続け、確信度が高い時だけ現行0.06 lotへ近づける,従来の逆張り方向判定は維持し、絶対drift÷rangeでブースト倍率だけを補間してEA発注,Oafx2FullBoostDriftRatio=0.2; Oafx2BoostFloorMult=3,2軽微なコード変更,UNTESTED,"{""Oafx2BoostFloorMult"": 3, ""Oafx2FullBoostDriftRatio"": 0.2, ""Oafx2LabMode"": 109}",
OAFX1819,gj_boost_drift_softscale,SCA GBPJPY逆張りブーストをレンジ内ドリフト強度に応じて1～6倍で連続調整,入口品質が弱くても取引は0.01 lotで続け、確信度が高い時だけ現行0.06 lotへ近づける,従来の逆張り方向判定は維持し、絶対drift÷rangeでブースト倍率だけを補間してEA発注,Oafx2FullBoostDriftRatio=0.2; Oafx2BoostFloorMult=4,2軽微なコード変更,UNTESTED,"{""Oafx2BoostFloorMult"": 4, ""Oafx2FullBoostDriftRatio"": 0.2, ""Oafx2LabMode"": 109}",
OAFX1820,gj_boost_drift_softscale,SCA GBPJPY逆張りブーストをレンジ内ドリフト強度に応じて1～6倍で連続調整,入口品質が弱くても取引は0.01 lotで続け、確信度が高い時だけ現行0.06 lotへ近づける,従来の逆張り方向判定は維持し、絶対drift÷rangeでブースト倍率だけを補間してEA発注,Oafx2FullBoostDriftRatio=0.2; Oafx2BoostFloorMult=5,2軽微なコード変更,UNTESTED,"{""Oafx2BoostFloorMult"": 5, ""Oafx2FullBoostDriftRatio"": 0.2, ""Oafx2LabMode"": 109}",
OAFX1821,gj_boost_drift_softscale,SCA GBPJPY逆張りブーストをレンジ内ドリフト強度に応じて1～6倍で連続調整,入口品質が弱くても取引は0.01 lotで続け、確信度が高い時だけ現行0.06 lotへ近づける,従来の逆張り方向判定は維持し、絶対drift÷rangeでブースト倍率だけを補間してEA発注,Oafx2FullBoostDriftRatio=0.25; Oafx2BoostFloorMult=1,2軽微なコード変更,UNTESTED,"{""Oafx2BoostFloorMult"": 1, ""Oafx2FullBoostDriftRatio"": 0.25, ""Oafx2LabMode"": 109}",
OAFX1822,gj_boost_drift_softscale,SCA GBPJPY逆張りブーストをレンジ内ドリフト強度に応じて1～6倍で連続調整,入口品質が弱くても取引は0.01 lotで続け、確信度が高い時だけ現行0.06 lotへ近づける,従来の逆張り方向判定は維持し、絶対drift÷rangeでブースト倍率だけを補間してEA発注,Oafx2FullBoostDriftRatio=0.25; Oafx2BoostFloorMult=2,2軽微なコード変更,UNTESTED,"{""Oafx2BoostFloorMult"": 2, ""Oafx2FullBoostDriftRatio"": 0.25, ""Oafx2LabMode"": 109}",
OAFX1823,gj_boost_drift_softscale,SCA GBPJPY逆張りブーストをレンジ内ドリフト強度に応じて1～6倍で連続調整,入口品質が弱くても取引は0.01 lotで続け、確信度が高い時だけ現行0.06 lotへ近づける,従来の逆張り方向判定は維持し、絶対drift÷rangeでブースト倍率だけを補間してEA発注,Oafx2FullBoostDriftRatio=0.25; Oafx2BoostFloorMult=3,2軽微なコード変更,UNTESTED,"{""Oafx2BoostFloorMult"": 3, ""Oafx2FullBoostDriftRatio"": 0.25, ""Oafx2LabMode"": 109}",
OAFX1824,gj_boost_drift_softscale,SCA GBPJPY逆張りブーストをレンジ内ドリフト強度に応じて1～6倍で連続調整,入口品質が弱くても取引は0.01 lotで続け、確信度が高い時だけ現行0.06 lotへ近づける,従来の逆張り方向判定は維持し、絶対drift÷rangeでブースト倍率だけを補間してEA発注,Oafx2FullBoostDriftRatio=0.25; Oafx2BoostFloorMult=4,2軽微なコード変更,UNTESTED,"{""Oafx2BoostFloorMult"": 4, ""Oafx2FullBoostDriftRatio"": 0.25, ""Oafx2LabMode"": 109}",
OAFX1825,gj_boost_drift_softscale,SCA GBPJPY逆張りブーストをレンジ内ドリフト強度に応じて1～6倍で連続調整,入口品質が弱くても取引は0.01 lotで続け、確信度が高い時だけ現行0.06 lotへ近づける,従来の逆張り方向判定は維持し、絶対drift÷rangeでブースト倍率だけを補間してEA発注,Oafx2FullBoostDriftRatio=0.25; Oafx2BoostFloorMult=5,2軽微なコード変更,UNTESTED,"{""Oafx2BoostFloorMult"": 5, ""Oafx2FullBoostDriftRatio"": 0.25, ""Oafx2LabMode"": 109}",
OAFX1826,gj_boost_drift_softscale,SCA GBPJPY逆張りブーストをレンジ内ドリフト強度に応じて1～6倍で連続調整,入口品質が弱くても取引は0.01 lotで続け、確信度が高い時だけ現行0.06 lotへ近づける,従来の逆張り方向判定は維持し、絶対drift÷rangeでブースト倍率だけを補間してEA発注,Oafx2FullBoostDriftRatio=0.3; Oafx2BoostFloorMult=1,2軽微なコード変更,UNTESTED,"{""Oafx2BoostFloorMult"": 1, ""Oafx2FullBoostDriftRatio"": 0.3, ""Oafx2LabMode"": 109}",
OAFX1827,gj_boost_drift_softscale,SCA GBPJPY逆張りブーストをレンジ内ドリフト強度に応じて1～6倍で連続調整,入口品質が弱くても取引は0.01 lotで続け、確信度が高い時だけ現行0.06 lotへ近づける,従来の逆張り方向判定は維持し、絶対drift÷rangeでブースト倍率だけを補間してEA発注,Oafx2FullBoostDriftRatio=0.3; Oafx2BoostFloorMult=2,2軽微なコード変更,UNTESTED,"{""Oafx2BoostFloorMult"": 2, ""Oafx2FullBoostDriftRatio"": 0.3, ""Oafx2LabMode"": 109}",
OAFX1828,gj_boost_drift_softscale,SCA GBPJPY逆張りブーストをレンジ内ドリフト強度に応じて1～6倍で連続調整,入口品質が弱くても取引は0.01 lotで続け、確信度が高い時だけ現行0.06 lotへ近づける,従来の逆張り方向判定は維持し、絶対drift÷rangeでブースト倍率だけを補間してEA発注,Oafx2FullBoostDriftRatio=0.3; Oafx2BoostFloorMult=3,2軽微なコード変更,UNTESTED,"{""Oafx2BoostFloorMult"": 3, ""Oafx2FullBoostDriftRatio"": 0.3, ""Oafx2LabMode"": 109}",
OAFX1829,gj_boost_drift_softscale,SCA GBPJPY逆張りブーストをレンジ内ドリフト強度に応じて1～6倍で連続調整,入口品質が弱くても取引は0.01 lotで続け、確信度が高い時だけ現行0.06 lotへ近づける,従来の逆張り方向判定は維持し、絶対drift÷rangeでブースト倍率だけを補間してEA発注,Oafx2FullBoostDriftRatio=0.3; Oafx2BoostFloorMult=4,2軽微なコード変更,UNTESTED,"{""Oafx2BoostFloorMult"": 4, ""Oafx2FullBoostDriftRatio"": 0.3, ""Oafx2LabMode"": 109}",
OAFX1830,gj_boost_drift_softscale,SCA GBPJPY逆張りブーストをレンジ内ドリフト強度に応じて1～6倍で連続調整,入口品質が弱くても取引は0.01 lotで続け、確信度が高い時だけ現行0.06 lotへ近づける,従来の逆張り方向判定は維持し、絶対drift÷rangeでブースト倍率だけを補間してEA発注,Oafx2FullBoostDriftRatio=0.3; Oafx2BoostFloorMult=5,2軽微なコード変更,UNTESTED,"{""Oafx2BoostFloorMult"": 5, ""Oafx2FullBoostDriftRatio"": 0.3, ""Oafx2LabMode"": 109}",
OAFX1831,gj_boost_drift_softscale,SCA GBPJPY逆張りブーストをレンジ内ドリフト強度に応じて1～6倍で連続調整,入口品質が弱くても取引は0.01 lotで続け、確信度が高い時だけ現行0.06 lotへ近づける,従来の逆張り方向判定は維持し、絶対drift÷rangeでブースト倍率だけを補間してEA発注,Oafx2FullBoostDriftRatio=0.35; Oafx2BoostFloorMult=1,2軽微なコード変更,UNTESTED,"{""Oafx2BoostFloorMult"": 1, ""Oafx2FullBoostDriftRatio"": 0.35, ""Oafx2LabMode"": 109}",
OAFX1832,gj_boost_drift_softscale,SCA GBPJPY逆張りブーストをレンジ内ドリフト強度に応じて1～6倍で連続調整,入口品質が弱くても取引は0.01 lotで続け、確信度が高い時だけ現行0.06 lotへ近づける,従来の逆張り方向判定は維持し、絶対drift÷rangeでブースト倍率だけを補間してEA発注,Oafx2FullBoostDriftRatio=0.35; Oafx2BoostFloorMult=2,2軽微なコード変更,UNTESTED,"{""Oafx2BoostFloorMult"": 2, ""Oafx2FullBoostDriftRatio"": 0.35, ""Oafx2LabMode"": 109}",
OAFX1833,gj_boost_drift_softscale,SCA GBPJPY逆張りブーストをレンジ内ドリフト強度に応じて1～6倍で連続調整,入口品質が弱くても取引は0.01 lotで続け、確信度が高い時だけ現行0.06 lotへ近づける,従来の逆張り方向判定は維持し、絶対drift÷rangeでブースト倍率だけを補間してEA発注,Oafx2FullBoostDriftRatio=0.35; Oafx2BoostFloorMult=3,2軽微なコード変更,UNTESTED,"{""Oafx2BoostFloorMult"": 3, ""Oafx2FullBoostDriftRatio"": 0.35, ""Oafx2LabMode"": 109}",
OAFX1834,gj_boost_drift_softscale,SCA GBPJPY逆張りブーストをレンジ内ドリフト強度に応じて1～6倍で連続調整,入口品質が弱くても取引は0.01 lotで続け、確信度が高い時だけ現行0.06 lotへ近づける,従来の逆張り方向判定は維持し、絶対drift÷rangeでブースト倍率だけを補間してEA発注,Oafx2FullBoostDriftRatio=0.35; Oafx2BoostFloorMult=4,2軽微なコード変更,UNTESTED,"{""Oafx2BoostFloorMult"": 4, ""Oafx2FullBoostDriftRatio"": 0.35, ""Oafx2LabMode"": 109}",
OAFX1835,gj_boost_drift_softscale,SCA GBPJPY逆張りブーストをレンジ内ドリフト強度に応じて1～6倍で連続調整,入口品質が弱くても取引は0.01 lotで続け、確信度が高い時だけ現行0.06 lotへ近づける,従来の逆張り方向判定は維持し、絶対drift÷rangeでブースト倍率だけを補間してEA発注,Oafx2FullBoostDriftRatio=0.35; Oafx2BoostFloorMult=5,2軽微なコード変更,UNTESTED,"{""Oafx2BoostFloorMult"": 5, ""Oafx2FullBoostDriftRatio"": 0.35, ""Oafx2LabMode"": 109}",
OAFX1836,gj_boost_drift_softscale,SCA GBPJPY逆張りブーストをレンジ内ドリフト強度に応じて1～6倍で連続調整,入口品質が弱くても取引は0.01 lotで続け、確信度が高い時だけ現行0.06 lotへ近づける,従来の逆張り方向判定は維持し、絶対drift÷rangeでブースト倍率だけを補間してEA発注,Oafx2FullBoostDriftRatio=0.4; Oafx2BoostFloorMult=1,2軽微なコード変更,UNTESTED,"{""Oafx2BoostFloorMult"": 1, ""Oafx2FullBoostDriftRatio"": 0.4, ""Oafx2LabMode"": 109}",
OAFX1837,gj_boost_drift_softscale,SCA GBPJPY逆張りブーストをレンジ内ドリフト強度に応じて1～6倍で連続調整,入口品質が弱くても取引は0.01 lotで続け、確信度が高い時だけ現行0.06 lotへ近づける,従来の逆張り方向判定は維持し、絶対drift÷rangeでブースト倍率だけを補間してEA発注,Oafx2FullBoostDriftRatio=0.4; Oafx2BoostFloorMult=2,2軽微なコード変更,UNTESTED,"{""Oafx2BoostFloorMult"": 2, ""Oafx2FullBoostDriftRatio"": 0.4, ""Oafx2LabMode"": 109}",
OAFX1838,gj_boost_drift_softscale,SCA GBPJPY逆張りブーストをレンジ内ドリフト強度に応じて1～6倍で連続調整,入口品質が弱くても取引は0.01 lotで続け、確信度が高い時だけ現行0.06 lotへ近づける,従来の逆張り方向判定は維持し、絶対drift÷rangeでブースト倍率だけを補間してEA発注,Oafx2FullBoostDriftRatio=0.4; Oafx2BoostFloorMult=3,2軽微なコード変更,UNTESTED,"{""Oafx2BoostFloorMult"": 3, ""Oafx2FullBoostDriftRatio"": 0.4, ""Oafx2LabMode"": 109}",
OAFX1839,gj_boost_drift_softscale,SCA GBPJPY逆張りブーストをレンジ内ドリフト強度に応じて1～6倍で連続調整,入口品質が弱くても取引は0.01 lotで続け、確信度が高い時だけ現行0.06 lotへ近づける,従来の逆張り方向判定は維持し、絶対drift÷rangeでブースト倍率だけを補間してEA発注,Oafx2FullBoostDriftRatio=0.4; Oafx2BoostFloorMult=4,2軽微なコード変更,UNTESTED,"{""Oafx2BoostFloorMult"": 4, ""Oafx2FullBoostDriftRatio"": 0.4, ""Oafx2LabMode"": 109}",
OAFX1840,gj_boost_drift_softscale,SCA GBPJPY逆張りブーストをレンジ内ドリフト強度に応じて1～6倍で連続調整,入口品質が弱くても取引は0.01 lotで続け、確信度が高い時だけ現行0.06 lotへ近づける,従来の逆張り方向判定は維持し、絶対drift÷rangeでブースト倍率だけを補間してEA発注,Oafx2FullBoostDriftRatio=0.4; Oafx2BoostFloorMult=5,2軽微なコード変更,UNTESTED,"{""Oafx2BoostFloorMult"": 5, ""Oafx2FullBoostDriftRatio"": 0.4, ""Oafx2LabMode"": 109}",
OAFX1841,gj_boost_drift_softscale,SCA GBPJPY逆張りブーストをレンジ内ドリフト強度に応じて1～6倍で連続調整,入口品質が弱くても取引は0.01 lotで続け、確信度が高い時だけ現行0.06 lotへ近づける,従来の逆張り方向判定は維持し、絶対drift÷rangeでブースト倍率だけを補間してEA発注,Oafx2FullBoostDriftRatio=0.45; Oafx2BoostFloorMult=1,2軽微なコード変更,UNTESTED,"{""Oafx2BoostFloorMult"": 1, ""Oafx2FullBoostDriftRatio"": 0.45, ""Oafx2LabMode"": 109}",
OAFX1842,gj_boost_drift_softscale,SCA GBPJPY逆張りブーストをレンジ内ドリフト強度に応じて1～6倍で連続調整,入口品質が弱くても取引は0.01 lotで続け、確信度が高い時だけ現行0.06 lotへ近づける,従来の逆張り方向判定は維持し、絶対drift÷rangeでブースト倍率だけを補間してEA発注,Oafx2FullBoostDriftRatio=0.45; Oafx2BoostFloorMult=2,2軽微なコード変更,UNTESTED,"{""Oafx2BoostFloorMult"": 2, ""Oafx2FullBoostDriftRatio"": 0.45, ""Oafx2LabMode"": 109}",
OAFX1843,gj_boost_drift_softscale,SCA GBPJPY逆張りブーストをレンジ内ドリフト強度に応じて1～6倍で連続調整,入口品質が弱くても取引は0.01 lotで続け、確信度が高い時だけ現行0.06 lotへ近づける,従来の逆張り方向判定は維持し、絶対drift÷rangeでブースト倍率だけを補間してEA発注,Oafx2FullBoostDriftRatio=0.45; Oafx2BoostFloorMult=3,2軽微なコード変更,UNTESTED,"{""Oafx2BoostFloorMult"": 3, ""Oafx2FullBoostDriftRatio"": 0.45, ""Oafx2LabMode"": 109}",
OAFX1844,gj_boost_drift_softscale,SCA GBPJPY逆張りブーストをレンジ内ドリフト強度に応じて1～6倍で連続調整,入口品質が弱くても取引は0.01 lotで続け、確信度が高い時だけ現行0.06 lotへ近づける,従来の逆張り方向判定は維持し、絶対drift÷rangeでブースト倍率だけを補間してEA発注,Oafx2FullBoostDriftRatio=0.45; Oafx2BoostFloorMult=4,2軽微なコード変更,UNTESTED,"{""Oafx2BoostFloorMult"": 4, ""Oafx2FullBoostDriftRatio"": 0.45, ""Oafx2LabMode"": 109}",
OAFX1845,gj_boost_drift_softscale,SCA GBPJPY逆張りブーストをレンジ内ドリフト強度に応じて1～6倍で連続調整,入口品質が弱くても取引は0.01 lotで続け、確信度が高い時だけ現行0.06 lotへ近づける,従来の逆張り方向判定は維持し、絶対drift÷rangeでブースト倍率だけを補間してEA発注,Oafx2FullBoostDriftRatio=0.45; Oafx2BoostFloorMult=5,2軽微なコード変更,UNTESTED,"{""Oafx2BoostFloorMult"": 5, ""Oafx2FullBoostDriftRatio"": 0.45, ""Oafx2LabMode"": 109}",
OAFX1846,gj_boost_drift_softscale,SCA GBPJPY逆張りブーストをレンジ内ドリフト強度に応じて1～6倍で連続調整,入口品質が弱くても取引は0.01 lotで続け、確信度が高い時だけ現行0.06 lotへ近づける,従来の逆張り方向判定は維持し、絶対drift÷rangeでブースト倍率だけを補間してEA発注,Oafx2FullBoostDriftRatio=0.5; Oafx2BoostFloorMult=1,2軽微なコード変更,UNTESTED,"{""Oafx2BoostFloorMult"": 1, ""Oafx2FullBoostDriftRatio"": 0.5, ""Oafx2LabMode"": 109}",
OAFX1847,gj_boost_drift_softscale,SCA GBPJPY逆張りブーストをレンジ内ドリフト強度に応じて1～6倍で連続調整,入口品質が弱くても取引は0.01 lotで続け、確信度が高い時だけ現行0.06 lotへ近づける,従来の逆張り方向判定は維持し、絶対drift÷rangeでブースト倍率だけを補間してEA発注,Oafx2FullBoostDriftRatio=0.5; Oafx2BoostFloorMult=2,2軽微なコード変更,UNTESTED,"{""Oafx2BoostFloorMult"": 2, ""Oafx2FullBoostDriftRatio"": 0.5, ""Oafx2LabMode"": 109}",
OAFX1848,gj_boost_drift_softscale,SCA GBPJPY逆張りブーストをレンジ内ドリフト強度に応じて1～6倍で連続調整,入口品質が弱くても取引は0.01 lotで続け、確信度が高い時だけ現行0.06 lotへ近づける,従来の逆張り方向判定は維持し、絶対drift÷rangeでブースト倍率だけを補間してEA発注,Oafx2FullBoostDriftRatio=0.5; Oafx2BoostFloorMult=3,2軽微なコード変更,UNTESTED,"{""Oafx2BoostFloorMult"": 3, ""Oafx2FullBoostDriftRatio"": 0.5, ""Oafx2LabMode"": 109}",
OAFX1849,gj_boost_drift_softscale,SCA GBPJPY逆張りブーストをレンジ内ドリフト強度に応じて1～6倍で連続調整,入口品質が弱くても取引は0.01 lotで続け、確信度が高い時だけ現行0.06 lotへ近づける,従来の逆張り方向判定は維持し、絶対drift÷rangeでブースト倍率だけを補間してEA発注,Oafx2FullBoostDriftRatio=0.5; Oafx2BoostFloorMult=4,2軽微なコード変更,UNTESTED,"{""Oafx2BoostFloorMult"": 4, ""Oafx2FullBoostDriftRatio"": 0.5, ""Oafx2LabMode"": 109}",
OAFX1850,gj_boost_drift_softscale,SCA GBPJPY逆張りブーストをレンジ内ドリフト強度に応じて1～6倍で連続調整,入口品質が弱くても取引は0.01 lotで続け、確信度が高い時だけ現行0.06 lotへ近づける,従来の逆張り方向判定は維持し、絶対drift÷rangeでブースト倍率だけを補間してEA発注,Oafx2FullBoostDriftRatio=0.5; Oafx2BoostFloorMult=5,2軽微なコード変更,UNTESTED,"{""Oafx2BoostFloorMult"": 5, ""Oafx2FullBoostDriftRatio"": 0.5, ""Oafx2LabMode"": 109}",
OAFX1851,gj_boost_drift_softscale,SCA GBPJPY逆張りブーストをレンジ内ドリフト強度に応じて1～6倍で連続調整,入口品質が弱くても取引は0.01 lotで続け、確信度が高い時だけ現行0.06 lotへ近づける,従来の逆張り方向判定は維持し、絶対drift÷rangeでブースト倍率だけを補間してEA発注,Oafx2FullBoostDriftRatio=0.55; Oafx2BoostFloorMult=1,2軽微なコード変更,UNTESTED,"{""Oafx2BoostFloorMult"": 1, ""Oafx2FullBoostDriftRatio"": 0.55, ""Oafx2LabMode"": 109}",
OAFX1852,gj_boost_drift_softscale,SCA GBPJPY逆張りブーストをレンジ内ドリフト強度に応じて1～6倍で連続調整,入口品質が弱くても取引は0.01 lotで続け、確信度が高い時だけ現行0.06 lotへ近づける,従来の逆張り方向判定は維持し、絶対drift÷rangeでブースト倍率だけを補間してEA発注,Oafx2FullBoostDriftRatio=0.55; Oafx2BoostFloorMult=2,2軽微なコード変更,UNTESTED,"{""Oafx2BoostFloorMult"": 2, ""Oafx2FullBoostDriftRatio"": 0.55, ""Oafx2LabMode"": 109}",
OAFX1853,gj_boost_drift_softscale,SCA GBPJPY逆張りブーストをレンジ内ドリフト強度に応じて1～6倍で連続調整,入口品質が弱くても取引は0.01 lotで続け、確信度が高い時だけ現行0.06 lotへ近づける,従来の逆張り方向判定は維持し、絶対drift÷rangeでブースト倍率だけを補間してEA発注,Oafx2FullBoostDriftRatio=0.55; Oafx2BoostFloorMult=3,2軽微なコード変更,UNTESTED,"{""Oafx2BoostFloorMult"": 3, ""Oafx2FullBoostDriftRatio"": 0.55, ""Oafx2LabMode"": 109}",
OAFX1854,gj_boost_drift_softscale,SCA GBPJPY逆張りブーストをレンジ内ドリフト強度に応じて1～6倍で連続調整,入口品質が弱くても取引は0.01 lotで続け、確信度が高い時だけ現行0.06 lotへ近づける,従来の逆張り方向判定は維持し、絶対drift÷rangeでブースト倍率だけを補間してEA発注,Oafx2FullBoostDriftRatio=0.55; Oafx2BoostFloorMult=4,2軽微なコード変更,UNTESTED,"{""Oafx2BoostFloorMult"": 4, ""Oafx2FullBoostDriftRatio"": 0.55, ""Oafx2LabMode"": 109}",
OAFX1855,gj_boost_drift_softscale,SCA GBPJPY逆張りブーストをレンジ内ドリフト強度に応じて1～6倍で連続調整,入口品質が弱くても取引は0.01 lotで続け、確信度が高い時だけ現行0.06 lotへ近づける,従来の逆張り方向判定は維持し、絶対drift÷rangeでブースト倍率だけを補間してEA発注,Oafx2FullBoostDriftRatio=0.55; Oafx2BoostFloorMult=5,2軽微なコード変更,UNTESTED,"{""Oafx2BoostFloorMult"": 5, ""Oafx2FullBoostDriftRatio"": 0.55, ""Oafx2LabMode"": 109}",
OAFX1856,gj_boost_drift_softscale,SCA GBPJPY逆張りブーストをレンジ内ドリフト強度に応じて1～6倍で連続調整,入口品質が弱くても取引は0.01 lotで続け、確信度が高い時だけ現行0.06 lotへ近づける,従来の逆張り方向判定は維持し、絶対drift÷rangeでブースト倍率だけを補間してEA発注,Oafx2FullBoostDriftRatio=0.6; Oafx2BoostFloorMult=1,2軽微なコード変更,UNTESTED,"{""Oafx2BoostFloorMult"": 1, ""Oafx2FullBoostDriftRatio"": 0.6, ""Oafx2LabMode"": 109}",
OAFX1857,gj_boost_drift_softscale,SCA GBPJPY逆張りブーストをレンジ内ドリフト強度に応じて1～6倍で連続調整,入口品質が弱くても取引は0.01 lotで続け、確信度が高い時だけ現行0.06 lotへ近づける,従来の逆張り方向判定は維持し、絶対drift÷rangeでブースト倍率だけを補間してEA発注,Oafx2FullBoostDriftRatio=0.6; Oafx2BoostFloorMult=2,2軽微なコード変更,UNTESTED,"{""Oafx2BoostFloorMult"": 2, ""Oafx2FullBoostDriftRatio"": 0.6, ""Oafx2LabMode"": 109}",
OAFX1858,gj_boost_drift_softscale,SCA GBPJPY逆張りブーストをレンジ内ドリフト強度に応じて1～6倍で連続調整,入口品質が弱くても取引は0.01 lotで続け、確信度が高い時だけ現行0.06 lotへ近づける,従来の逆張り方向判定は維持し、絶対drift÷rangeでブースト倍率だけを補間してEA発注,Oafx2FullBoostDriftRatio=0.6; Oafx2BoostFloorMult=3,2軽微なコード変更,UNTESTED,"{""Oafx2BoostFloorMult"": 3, ""Oafx2FullBoostDriftRatio"": 0.6, ""Oafx2LabMode"": 109}",
OAFX1859,gj_boost_drift_softscale,SCA GBPJPY逆張りブーストをレンジ内ドリフト強度に応じて1～6倍で連続調整,入口品質が弱くても取引は0.01 lotで続け、確信度が高い時だけ現行0.06 lotへ近づける,従来の逆張り方向判定は維持し、絶対drift÷rangeでブースト倍率だけを補間してEA発注,Oafx2FullBoostDriftRatio=0.6; Oafx2BoostFloorMult=4,2軽微なコード変更,UNTESTED,"{""Oafx2BoostFloorMult"": 4, ""Oafx2FullBoostDriftRatio"": 0.6, ""Oafx2LabMode"": 109}",
OAFX1860,gj_boost_drift_softscale,SCA GBPJPY逆張りブーストをレンジ内ドリフト強度に応じて1～6倍で連続調整,入口品質が弱くても取引は0.01 lotで続け、確信度が高い時だけ現行0.06 lotへ近づける,従来の逆張り方向判定は維持し、絶対drift÷rangeでブースト倍率だけを補間してEA発注,Oafx2FullBoostDriftRatio=0.6; Oafx2BoostFloorMult=5,2軽微なコード変更,UNTESTED,"{""Oafx2BoostFloorMult"": 5, ""Oafx2FullBoostDriftRatio"": 0.6, ""Oafx2LabMode"": 109}",
OAFX1861,gj_boost_drift_softscale,SCA GBPJPY逆張りブーストをレンジ内ドリフト強度に応じて1～6倍で連続調整,入口品質が弱くても取引は0.01 lotで続け、確信度が高い時だけ現行0.06 lotへ近づける,従来の逆張り方向判定は維持し、絶対drift÷rangeでブースト倍率だけを補間してEA発注,Oafx2FullBoostDriftRatio=0.65; Oafx2BoostFloorMult=1,2軽微なコード変更,UNTESTED,"{""Oafx2BoostFloorMult"": 1, ""Oafx2FullBoostDriftRatio"": 0.65, ""Oafx2LabMode"": 109}",
OAFX1862,gj_boost_drift_softscale,SCA GBPJPY逆張りブーストをレンジ内ドリフト強度に応じて1～6倍で連続調整,入口品質が弱くても取引は0.01 lotで続け、確信度が高い時だけ現行0.06 lotへ近づける,従来の逆張り方向判定は維持し、絶対drift÷rangeでブースト倍率だけを補間してEA発注,Oafx2FullBoostDriftRatio=0.65; Oafx2BoostFloorMult=2,2軽微なコード変更,UNTESTED,"{""Oafx2BoostFloorMult"": 2, ""Oafx2FullBoostDriftRatio"": 0.65, ""Oafx2LabMode"": 109}",
OAFX1863,gj_boost_drift_softscale,SCA GBPJPY逆張りブーストをレンジ内ドリフト強度に応じて1～6倍で連続調整,入口品質が弱くても取引は0.01 lotで続け、確信度が高い時だけ現行0.06 lotへ近づける,従来の逆張り方向判定は維持し、絶対drift÷rangeでブースト倍率だけを補間してEA発注,Oafx2FullBoostDriftRatio=0.65; Oafx2BoostFloorMult=3,2軽微なコード変更,UNTESTED,"{""Oafx2BoostFloorMult"": 3, ""Oafx2FullBoostDriftRatio"": 0.65, ""Oafx2LabMode"": 109}",
OAFX1864,gj_boost_drift_softscale,SCA GBPJPY逆張りブーストをレンジ内ドリフト強度に応じて1～6倍で連続調整,入口品質が弱くても取引は0.01 lotで続け、確信度が高い時だけ現行0.06 lotへ近づける,従来の逆張り方向判定は維持し、絶対drift÷rangeでブースト倍率だけを補間してEA発注,Oafx2FullBoostDriftRatio=0.65; Oafx2BoostFloorMult=4,2軽微なコード変更,UNTESTED,"{""Oafx2BoostFloorMult"": 4, ""Oafx2FullBoostDriftRatio"": 0.65, ""Oafx2LabMode"": 109}",
OAFX1865,gj_boost_drift_softscale,SCA GBPJPY逆張りブーストをレンジ内ドリフト強度に応じて1～6倍で連続調整,入口品質が弱くても取引は0.01 lotで続け、確信度が高い時だけ現行0.06 lotへ近づける,従来の逆張り方向判定は維持し、絶対drift÷rangeでブースト倍率だけを補間してEA発注,Oafx2FullBoostDriftRatio=0.65; Oafx2BoostFloorMult=5,2軽微なコード変更,UNTESTED,"{""Oafx2BoostFloorMult"": 5, ""Oafx2FullBoostDriftRatio"": 0.65, ""Oafx2LabMode"": 109}",
OAFX1866,gj_boost_drift_softscale,SCA GBPJPY逆張りブーストをレンジ内ドリフト強度に応じて1～6倍で連続調整,入口品質が弱くても取引は0.01 lotで続け、確信度が高い時だけ現行0.06 lotへ近づける,従来の逆張り方向判定は維持し、絶対drift÷rangeでブースト倍率だけを補間してEA発注,Oafx2FullBoostDriftRatio=0.7; Oafx2BoostFloorMult=1,2軽微なコード変更,UNTESTED,"{""Oafx2BoostFloorMult"": 1, ""Oafx2FullBoostDriftRatio"": 0.7, ""Oafx2LabMode"": 109}",
OAFX1867,gj_boost_drift_softscale,SCA GBPJPY逆張りブーストをレンジ内ドリフト強度に応じて1～6倍で連続調整,入口品質が弱くても取引は0.01 lotで続け、確信度が高い時だけ現行0.06 lotへ近づける,従来の逆張り方向判定は維持し、絶対drift÷rangeでブースト倍率だけを補間してEA発注,Oafx2FullBoostDriftRatio=0.7; Oafx2BoostFloorMult=2,2軽微なコード変更,UNTESTED,"{""Oafx2BoostFloorMult"": 2, ""Oafx2FullBoostDriftRatio"": 0.7, ""Oafx2LabMode"": 109}",
OAFX1868,gj_boost_drift_softscale,SCA GBPJPY逆張りブーストをレンジ内ドリフト強度に応じて1～6倍で連続調整,入口品質が弱くても取引は0.01 lotで続け、確信度が高い時だけ現行0.06 lotへ近づける,従来の逆張り方向判定は維持し、絶対drift÷rangeでブースト倍率だけを補間してEA発注,Oafx2FullBoostDriftRatio=0.7; Oafx2BoostFloorMult=3,2軽微なコード変更,UNTESTED,"{""Oafx2BoostFloorMult"": 3, ""Oafx2FullBoostDriftRatio"": 0.7, ""Oafx2LabMode"": 109}",
OAFX1869,gj_boost_drift_softscale,SCA GBPJPY逆張りブーストをレンジ内ドリフト強度に応じて1～6倍で連続調整,入口品質が弱くても取引は0.01 lotで続け、確信度が高い時だけ現行0.06 lotへ近づける,従来の逆張り方向判定は維持し、絶対drift÷rangeでブースト倍率だけを補間してEA発注,Oafx2FullBoostDriftRatio=0.7; Oafx2BoostFloorMult=4,2軽微なコード変更,UNTESTED,"{""Oafx2BoostFloorMult"": 4, ""Oafx2FullBoostDriftRatio"": 0.7, ""Oafx2LabMode"": 109}",
OAFX1870,gj_boost_drift_softscale,SCA GBPJPY逆張りブーストをレンジ内ドリフト強度に応じて1～6倍で連続調整,入口品質が弱くても取引は0.01 lotで続け、確信度が高い時だけ現行0.06 lotへ近づける,従来の逆張り方向判定は維持し、絶対drift÷rangeでブースト倍率だけを補間してEA発注,Oafx2FullBoostDriftRatio=0.7; Oafx2BoostFloorMult=5,2軽微なコード変更,UNTESTED,"{""Oafx2BoostFloorMult"": 5, ""Oafx2FullBoostDriftRatio"": 0.7, ""Oafx2LabMode"": 109}",
OAFX1871,gj_boost_drift_softscale,SCA GBPJPY逆張りブーストをレンジ内ドリフト強度に応じて1～6倍で連続調整,入口品質が弱くても取引は0.01 lotで続け、確信度が高い時だけ現行0.06 lotへ近づける,従来の逆張り方向判定は維持し、絶対drift÷rangeでブースト倍率だけを補間してEA発注,Oafx2FullBoostDriftRatio=0.75; Oafx2BoostFloorMult=1,2軽微なコード変更,UNTESTED,"{""Oafx2BoostFloorMult"": 1, ""Oafx2FullBoostDriftRatio"": 0.75, ""Oafx2LabMode"": 109}",
OAFX1872,gj_boost_drift_softscale,SCA GBPJPY逆張りブーストをレンジ内ドリフト強度に応じて1～6倍で連続調整,入口品質が弱くても取引は0.01 lotで続け、確信度が高い時だけ現行0.06 lotへ近づける,従来の逆張り方向判定は維持し、絶対drift÷rangeでブースト倍率だけを補間してEA発注,Oafx2FullBoostDriftRatio=0.75; Oafx2BoostFloorMult=2,2軽微なコード変更,UNTESTED,"{""Oafx2BoostFloorMult"": 2, ""Oafx2FullBoostDriftRatio"": 0.75, ""Oafx2LabMode"": 109}",
OAFX1873,gj_boost_drift_softscale,SCA GBPJPY逆張りブーストをレンジ内ドリフト強度に応じて1～6倍で連続調整,入口品質が弱くても取引は0.01 lotで続け、確信度が高い時だけ現行0.06 lotへ近づける,従来の逆張り方向判定は維持し、絶対drift÷rangeでブースト倍率だけを補間してEA発注,Oafx2FullBoostDriftRatio=0.75; Oafx2BoostFloorMult=3,2軽微なコード変更,UNTESTED,"{""Oafx2BoostFloorMult"": 3, ""Oafx2FullBoostDriftRatio"": 0.75, ""Oafx2LabMode"": 109}",
OAFX1874,gj_boost_drift_softscale,SCA GBPJPY逆張りブーストをレンジ内ドリフト強度に応じて1～6倍で連続調整,入口品質が弱くても取引は0.01 lotで続け、確信度が高い時だけ現行0.06 lotへ近づける,従来の逆張り方向判定は維持し、絶対drift÷rangeでブースト倍率だけを補間してEA発注,Oafx2FullBoostDriftRatio=0.75; Oafx2BoostFloorMult=4,2軽微なコード変更,UNTESTED,"{""Oafx2BoostFloorMult"": 4, ""Oafx2FullBoostDriftRatio"": 0.75, ""Oafx2LabMode"": 109}",
OAFX1875,gj_boost_drift_softscale,SCA GBPJPY逆張りブーストをレンジ内ドリフト強度に応じて1～6倍で連続調整,入口品質が弱くても取引は0.01 lotで続け、確信度が高い時だけ現行0.06 lotへ近づける,従来の逆張り方向判定は維持し、絶対drift÷rangeでブースト倍率だけを補間してEA発注,Oafx2FullBoostDriftRatio=0.75; Oafx2BoostFloorMult=5,2軽微なコード変更,UNTESTED,"{""Oafx2BoostFloorMult"": 5, ""Oafx2FullBoostDriftRatio"": 0.75, ""Oafx2LabMode"": 109}",
OAFX1876,gj_boost_drift_softscale,SCA GBPJPY逆張りブーストをレンジ内ドリフト強度に応じて1～6倍で連続調整,入口品質が弱くても取引は0.01 lotで続け、確信度が高い時だけ現行0.06 lotへ近づける,従来の逆張り方向判定は維持し、絶対drift÷rangeでブースト倍率だけを補間してEA発注,Oafx2FullBoostDriftRatio=0.8; Oafx2BoostFloorMult=1,2軽微なコード変更,UNTESTED,"{""Oafx2BoostFloorMult"": 1, ""Oafx2FullBoostDriftRatio"": 0.8, ""Oafx2LabMode"": 109}",
OAFX1877,gj_boost_drift_softscale,SCA GBPJPY逆張りブーストをレンジ内ドリフト強度に応じて1～6倍で連続調整,入口品質が弱くても取引は0.01 lotで続け、確信度が高い時だけ現行0.06 lotへ近づける,従来の逆張り方向判定は維持し、絶対drift÷rangeでブースト倍率だけを補間してEA発注,Oafx2FullBoostDriftRatio=0.8; Oafx2BoostFloorMult=2,2軽微なコード変更,UNTESTED,"{""Oafx2BoostFloorMult"": 2, ""Oafx2FullBoostDriftRatio"": 0.8, ""Oafx2LabMode"": 109}",
OAFX1878,gj_boost_drift_softscale,SCA GBPJPY逆張りブーストをレンジ内ドリフト強度に応じて1～6倍で連続調整,入口品質が弱くても取引は0.01 lotで続け、確信度が高い時だけ現行0.06 lotへ近づける,従来の逆張り方向判定は維持し、絶対drift÷rangeでブースト倍率だけを補間してEA発注,Oafx2FullBoostDriftRatio=0.8; Oafx2BoostFloorMult=3,2軽微なコード変更,UNTESTED,"{""Oafx2BoostFloorMult"": 3, ""Oafx2FullBoostDriftRatio"": 0.8, ""Oafx2LabMode"": 109}",
OAFX1879,gj_boost_drift_softscale,SCA GBPJPY逆張りブーストをレンジ内ドリフト強度に応じて1～6倍で連続調整,入口品質が弱くても取引は0.01 lotで続け、確信度が高い時だけ現行0.06 lotへ近づける,従来の逆張り方向判定は維持し、絶対drift÷rangeでブースト倍率だけを補間してEA発注,Oafx2FullBoostDriftRatio=0.8; Oafx2BoostFloorMult=4,2軽微なコード変更,UNTESTED,"{""Oafx2BoostFloorMult"": 4, ""Oafx2FullBoostDriftRatio"": 0.8, ""Oafx2LabMode"": 109}",
OAFX1880,gj_boost_drift_softscale,SCA GBPJPY逆張りブーストをレンジ内ドリフト強度に応じて1～6倍で連続調整,入口品質が弱くても取引は0.01 lotで続け、確信度が高い時だけ現行0.06 lotへ近づける,従来の逆張り方向判定は維持し、絶対drift÷rangeでブースト倍率だけを補間してEA発注,Oafx2FullBoostDriftRatio=0.8; Oafx2BoostFloorMult=5,2軽微なコード変更,UNTESTED,"{""Oafx2BoostFloorMult"": 5, ""Oafx2FullBoostDriftRatio"": 0.8, ""Oafx2LabMode"": 109}",
OAFX1881,gj_boost_drift_softscale,SCA GBPJPY逆張りブーストをレンジ内ドリフト強度に応じて1～6倍で連続調整,入口品質が弱くても取引は0.01 lotで続け、確信度が高い時だけ現行0.06 lotへ近づける,従来の逆張り方向判定は維持し、絶対drift÷rangeでブースト倍率だけを補間してEA発注,Oafx2FullBoostDriftRatio=0.85; Oafx2BoostFloorMult=1,2軽微なコード変更,UNTESTED,"{""Oafx2BoostFloorMult"": 1, ""Oafx2FullBoostDriftRatio"": 0.85, ""Oafx2LabMode"": 109}",
OAFX1882,gj_boost_drift_softscale,SCA GBPJPY逆張りブーストをレンジ内ドリフト強度に応じて1～6倍で連続調整,入口品質が弱くても取引は0.01 lotで続け、確信度が高い時だけ現行0.06 lotへ近づける,従来の逆張り方向判定は維持し、絶対drift÷rangeでブースト倍率だけを補間してEA発注,Oafx2FullBoostDriftRatio=0.85; Oafx2BoostFloorMult=2,2軽微なコード変更,UNTESTED,"{""Oafx2BoostFloorMult"": 2, ""Oafx2FullBoostDriftRatio"": 0.85, ""Oafx2LabMode"": 109}",
OAFX1883,gj_boost_drift_softscale,SCA GBPJPY逆張りブーストをレンジ内ドリフト強度に応じて1～6倍で連続調整,入口品質が弱くても取引は0.01 lotで続け、確信度が高い時だけ現行0.06 lotへ近づける,従来の逆張り方向判定は維持し、絶対drift÷rangeでブースト倍率だけを補間してEA発注,Oafx2FullBoostDriftRatio=0.85; Oafx2BoostFloorMult=3,2軽微なコード変更,UNTESTED,"{""Oafx2BoostFloorMult"": 3, ""Oafx2FullBoostDriftRatio"": 0.85, ""Oafx2LabMode"": 109}",
OAFX1884,gj_boost_drift_softscale,SCA GBPJPY逆張りブーストをレンジ内ドリフト強度に応じて1～6倍で連続調整,入口品質が弱くても取引は0.01 lotで続け、確信度が高い時だけ現行0.06 lotへ近づける,従来の逆張り方向判定は維持し、絶対drift÷rangeでブースト倍率だけを補間してEA発注,Oafx2FullBoostDriftRatio=0.85; Oafx2BoostFloorMult=4,2軽微なコード変更,UNTESTED,"{""Oafx2BoostFloorMult"": 4, ""Oafx2FullBoostDriftRatio"": 0.85, ""Oafx2LabMode"": 109}",
OAFX1885,gj_boost_drift_softscale,SCA GBPJPY逆張りブーストをレンジ内ドリフト強度に応じて1～6倍で連続調整,入口品質が弱くても取引は0.01 lotで続け、確信度が高い時だけ現行0.06 lotへ近づける,従来の逆張り方向判定は維持し、絶対drift÷rangeでブースト倍率だけを補間してEA発注,Oafx2FullBoostDriftRatio=0.85; Oafx2BoostFloorMult=5,2軽微なコード変更,UNTESTED,"{""Oafx2BoostFloorMult"": 5, ""Oafx2FullBoostDriftRatio"": 0.85, ""Oafx2LabMode"": 109}",
OAFX1886,gj_boost_drift_softscale,SCA GBPJPY逆張りブーストをレンジ内ドリフト強度に応じて1～6倍で連続調整,入口品質が弱くても取引は0.01 lotで続け、確信度が高い時だけ現行0.06 lotへ近づける,従来の逆張り方向判定は維持し、絶対drift÷rangeでブースト倍率だけを補間してEA発注,Oafx2FullBoostDriftRatio=0.9; Oafx2BoostFloorMult=1,2軽微なコード変更,UNTESTED,"{""Oafx2BoostFloorMult"": 1, ""Oafx2FullBoostDriftRatio"": 0.9, ""Oafx2LabMode"": 109}",
OAFX1887,gj_boost_drift_softscale,SCA GBPJPY逆張りブーストをレンジ内ドリフト強度に応じて1～6倍で連続調整,入口品質が弱くても取引は0.01 lotで続け、確信度が高い時だけ現行0.06 lotへ近づける,従来の逆張り方向判定は維持し、絶対drift÷rangeでブースト倍率だけを補間してEA発注,Oafx2FullBoostDriftRatio=0.9; Oafx2BoostFloorMult=2,2軽微なコード変更,UNTESTED,"{""Oafx2BoostFloorMult"": 2, ""Oafx2FullBoostDriftRatio"": 0.9, ""Oafx2LabMode"": 109}",
OAFX1888,gj_boost_drift_softscale,SCA GBPJPY逆張りブーストをレンジ内ドリフト強度に応じて1～6倍で連続調整,入口品質が弱くても取引は0.01 lotで続け、確信度が高い時だけ現行0.06 lotへ近づける,従来の逆張り方向判定は維持し、絶対drift÷rangeでブースト倍率だけを補間してEA発注,Oafx2FullBoostDriftRatio=0.9; Oafx2BoostFloorMult=3,2軽微なコード変更,UNTESTED,"{""Oafx2BoostFloorMult"": 3, ""Oafx2FullBoostDriftRatio"": 0.9, ""Oafx2LabMode"": 109}",
OAFX1889,gj_boost_drift_softscale,SCA GBPJPY逆張りブーストをレンジ内ドリフト強度に応じて1～6倍で連続調整,入口品質が弱くても取引は0.01 lotで続け、確信度が高い時だけ現行0.06 lotへ近づける,従来の逆張り方向判定は維持し、絶対drift÷rangeでブースト倍率だけを補間してEA発注,Oafx2FullBoostDriftRatio=0.9; Oafx2BoostFloorMult=4,2軽微なコード変更,UNTESTED,"{""Oafx2BoostFloorMult"": 4, ""Oafx2FullBoostDriftRatio"": 0.9, ""Oafx2LabMode"": 109}",
OAFX1890,gj_boost_drift_softscale,SCA GBPJPY逆張りブーストをレンジ内ドリフト強度に応じて1～6倍で連続調整,入口品質が弱くても取引は0.01 lotで続け、確信度が高い時だけ現行0.06 lotへ近づける,従来の逆張り方向判定は維持し、絶対drift÷rangeでブースト倍率だけを補間してEA発注,Oafx2FullBoostDriftRatio=0.9; Oafx2BoostFloorMult=5,2軽微なコード変更,UNTESTED,"{""Oafx2BoostFloorMult"": 5, ""Oafx2FullBoostDriftRatio"": 0.9, ""Oafx2LabMode"": 109}",
OAFX1891,gj_boost_drift_softscale,SCA GBPJPY逆張りブーストをレンジ内ドリフト強度に応じて1～6倍で連続調整,入口品質が弱くても取引は0.01 lotで続け、確信度が高い時だけ現行0.06 lotへ近づける,従来の逆張り方向判定は維持し、絶対drift÷rangeでブースト倍率だけを補間してEA発注,Oafx2FullBoostDriftRatio=0.95; Oafx2BoostFloorMult=1,2軽微なコード変更,UNTESTED,"{""Oafx2BoostFloorMult"": 1, ""Oafx2FullBoostDriftRatio"": 0.95, ""Oafx2LabMode"": 109}",
OAFX1892,gj_boost_drift_softscale,SCA GBPJPY逆張りブーストをレンジ内ドリフト強度に応じて1～6倍で連続調整,入口品質が弱くても取引は0.01 lotで続け、確信度が高い時だけ現行0.06 lotへ近づける,従来の逆張り方向判定は維持し、絶対drift÷rangeでブースト倍率だけを補間してEA発注,Oafx2FullBoostDriftRatio=0.95; Oafx2BoostFloorMult=2,2軽微なコード変更,UNTESTED,"{""Oafx2BoostFloorMult"": 2, ""Oafx2FullBoostDriftRatio"": 0.95, ""Oafx2LabMode"": 109}",
OAFX1893,gj_boost_drift_softscale,SCA GBPJPY逆張りブーストをレンジ内ドリフト強度に応じて1～6倍で連続調整,入口品質が弱くても取引は0.01 lotで続け、確信度が高い時だけ現行0.06 lotへ近づける,従来の逆張り方向判定は維持し、絶対drift÷rangeでブースト倍率だけを補間してEA発注,Oafx2FullBoostDriftRatio=0.95; Oafx2BoostFloorMult=3,2軽微なコード変更,UNTESTED,"{""Oafx2BoostFloorMult"": 3, ""Oafx2FullBoostDriftRatio"": 0.95, ""Oafx2LabMode"": 109}",
OAFX1894,gj_boost_drift_softscale,SCA GBPJPY逆張りブーストをレンジ内ドリフト強度に応じて1～6倍で連続調整,入口品質が弱くても取引は0.01 lotで続け、確信度が高い時だけ現行0.06 lotへ近づける,従来の逆張り方向判定は維持し、絶対drift÷rangeでブースト倍率だけを補間してEA発注,Oafx2FullBoostDriftRatio=0.95; Oafx2BoostFloorMult=4,2軽微なコード変更,UNTESTED,"{""Oafx2BoostFloorMult"": 4, ""Oafx2FullBoostDriftRatio"": 0.95, ""Oafx2LabMode"": 109}",
OAFX1895,gj_boost_drift_softscale,SCA GBPJPY逆張りブーストをレンジ内ドリフト強度に応じて1～6倍で連続調整,入口品質が弱くても取引は0.01 lotで続け、確信度が高い時だけ現行0.06 lotへ近づける,従来の逆張り方向判定は維持し、絶対drift÷rangeでブースト倍率だけを補間してEA発注,Oafx2FullBoostDriftRatio=0.95; Oafx2BoostFloorMult=5,2軽微なコード変更,UNTESTED,"{""Oafx2BoostFloorMult"": 5, ""Oafx2FullBoostDriftRatio"": 0.95, ""Oafx2LabMode"": 109}",
OAFX1896,gj_boost_drift_softscale,SCA GBPJPY逆張りブーストをレンジ内ドリフト強度に応じて1～6倍で連続調整,入口品質が弱くても取引は0.01 lotで続け、確信度が高い時だけ現行0.06 lotへ近づける,従来の逆張り方向判定は維持し、絶対drift÷rangeでブースト倍率だけを補間してEA発注,Oafx2FullBoostDriftRatio=1.0; Oafx2BoostFloorMult=1,2軽微なコード変更,UNTESTED,"{""Oafx2BoostFloorMult"": 1, ""Oafx2FullBoostDriftRatio"": 1.0, ""Oafx2LabMode"": 109}",
OAFX1897,gj_boost_drift_softscale,SCA GBPJPY逆張りブーストをレンジ内ドリフト強度に応じて1～6倍で連続調整,入口品質が弱くても取引は0.01 lotで続け、確信度が高い時だけ現行0.06 lotへ近づける,従来の逆張り方向判定は維持し、絶対drift÷rangeでブースト倍率だけを補間してEA発注,Oafx2FullBoostDriftRatio=1.0; Oafx2BoostFloorMult=2,2軽微なコード変更,UNTESTED,"{""Oafx2BoostFloorMult"": 2, ""Oafx2FullBoostDriftRatio"": 1.0, ""Oafx2LabMode"": 109}",
OAFX1898,gj_boost_drift_softscale,SCA GBPJPY逆張りブーストをレンジ内ドリフト強度に応じて1～6倍で連続調整,入口品質が弱くても取引は0.01 lotで続け、確信度が高い時だけ現行0.06 lotへ近づける,従来の逆張り方向判定は維持し、絶対drift÷rangeでブースト倍率だけを補間してEA発注,Oafx2FullBoostDriftRatio=1.0; Oafx2BoostFloorMult=3,2軽微なコード変更,UNTESTED,"{""Oafx2BoostFloorMult"": 3, ""Oafx2FullBoostDriftRatio"": 1.0, ""Oafx2LabMode"": 109}",
OAFX1899,gj_boost_drift_softscale,SCA GBPJPY逆張りブーストをレンジ内ドリフト強度に応じて1～6倍で連続調整,入口品質が弱くても取引は0.01 lotで続け、確信度が高い時だけ現行0.06 lotへ近づける,従来の逆張り方向判定は維持し、絶対drift÷rangeでブースト倍率だけを補間してEA発注,Oafx2FullBoostDriftRatio=1.0; Oafx2BoostFloorMult=4,2軽微なコード変更,UNTESTED,"{""Oafx2BoostFloorMult"": 4, ""Oafx2FullBoostDriftRatio"": 1.0, ""Oafx2LabMode"": 109}",
OAFX1900,gj_boost_drift_softscale,SCA GBPJPY逆張りブーストをレンジ内ドリフト強度に応じて1～6倍で連続調整,入口品質が弱くても取引は0.01 lotで続け、確信度が高い時だけ現行0.06 lotへ近づける,従来の逆張り方向判定は維持し、絶対drift÷rangeでブースト倍率だけを補間してEA発注,Oafx2FullBoostDriftRatio=1.0; Oafx2BoostFloorMult=5,2軽微なコード変更,UNTESTED,"{""Oafx2BoostFloorMult"": 5, ""Oafx2FullBoostDriftRatio"": 1.0, ""Oafx2LabMode"": 109}",
OAFX1901,gj_overlap_stop_cap,指定他枠との同時保有中だけSCA GBPJPYの残存SLリスクを初期R比で浅くする,DD区間損失の83.4%を占める同時保有状態を、発注拒否ではなく損失深度の制限に使う,同時保有でも全シグナルを発注し、対象magic保有中だけGJのSLを不利方向へ戻さず短縮,Oafx2OverlapMask=1; Oafx2OverlapRiskR=0.15,2中規模のコード変更,UNTESTED,"{""Oafx2LabMode"": 110, ""Oafx2OverlapMask"": 1, ""Oafx2OverlapRiskR"": 0.15}",
OAFX1902,gj_overlap_stop_cap,指定他枠との同時保有中だけSCA GBPJPYの残存SLリスクを初期R比で浅くする,DD区間損失の83.4%を占める同時保有状態を、発注拒否ではなく損失深度の制限に使う,同時保有でも全シグナルを発注し、対象magic保有中だけGJのSLを不利方向へ戻さず短縮,Oafx2OverlapMask=1; Oafx2OverlapRiskR=0.2,2中規模のコード変更,UNTESTED,"{""Oafx2LabMode"": 110, ""Oafx2OverlapMask"": 1, ""Oafx2OverlapRiskR"": 0.2}",
OAFX1903,gj_overlap_stop_cap,指定他枠との同時保有中だけSCA GBPJPYの残存SLリスクを初期R比で浅くする,DD区間損失の83.4%を占める同時保有状態を、発注拒否ではなく損失深度の制限に使う,同時保有でも全シグナルを発注し、対象magic保有中だけGJのSLを不利方向へ戻さず短縮,Oafx2OverlapMask=1; Oafx2OverlapRiskR=0.25,2中規模のコード変更,UNTESTED,"{""Oafx2LabMode"": 110, ""Oafx2OverlapMask"": 1, ""Oafx2OverlapRiskR"": 0.25}",
OAFX1904,gj_overlap_stop_cap,指定他枠との同時保有中だけSCA GBPJPYの残存SLリスクを初期R比で浅くする,DD区間損失の83.4%を占める同時保有状態を、発注拒否ではなく損失深度の制限に使う,同時保有でも全シグナルを発注し、対象magic保有中だけGJのSLを不利方向へ戻さず短縮,Oafx2OverlapMask=1; Oafx2OverlapRiskR=0.3,2中規模のコード変更,UNTESTED,"{""Oafx2LabMode"": 110, ""Oafx2OverlapMask"": 1, ""Oafx2OverlapRiskR"": 0.3}",
OAFX1905,gj_overlap_stop_cap,指定他枠との同時保有中だけSCA GBPJPYの残存SLリスクを初期R比で浅くする,DD区間損失の83.4%を占める同時保有状態を、発注拒否ではなく損失深度の制限に使う,同時保有でも全シグナルを発注し、対象magic保有中だけGJのSLを不利方向へ戻さず短縮,Oafx2OverlapMask=1; Oafx2OverlapRiskR=0.35,2中規模のコード変更,UNTESTED,"{""Oafx2LabMode"": 110, ""Oafx2OverlapMask"": 1, ""Oafx2OverlapRiskR"": 0.35}",
OAFX1906,gj_overlap_stop_cap,指定他枠との同時保有中だけSCA GBPJPYの残存SLリスクを初期R比で浅くする,DD区間損失の83.4%を占める同時保有状態を、発注拒否ではなく損失深度の制限に使う,同時保有でも全シグナルを発注し、対象magic保有中だけGJのSLを不利方向へ戻さず短縮,Oafx2OverlapMask=1; Oafx2OverlapRiskR=0.4,2中規模のコード変更,UNTESTED,"{""Oafx2LabMode"": 110, ""Oafx2OverlapMask"": 1, ""Oafx2OverlapRiskR"": 0.4}",
OAFX1907,gj_overlap_stop_cap,指定他枠との同時保有中だけSCA GBPJPYの残存SLリスクを初期R比で浅くする,DD区間損失の83.4%を占める同時保有状態を、発注拒否ではなく損失深度の制限に使う,同時保有でも全シグナルを発注し、対象magic保有中だけGJのSLを不利方向へ戻さず短縮,Oafx2OverlapMask=1; Oafx2OverlapRiskR=0.5,2中規模のコード変更,UNTESTED,"{""Oafx2LabMode"": 110, ""Oafx2OverlapMask"": 1, ""Oafx2OverlapRiskR"": 0.5}",
OAFX1908,gj_overlap_stop_cap,指定他枠との同時保有中だけSCA GBPJPYの残存SLリスクを初期R比で浅くする,DD区間損失の83.4%を占める同時保有状態を、発注拒否ではなく損失深度の制限に使う,同時保有でも全シグナルを発注し、対象magic保有中だけGJのSLを不利方向へ戻さず短縮,Oafx2OverlapMask=1; Oafx2OverlapRiskR=0.6,2中規模のコード変更,UNTESTED,"{""Oafx2LabMode"": 110, ""Oafx2OverlapMask"": 1, ""Oafx2OverlapRiskR"": 0.6}",
OAFX1909,gj_overlap_stop_cap,指定他枠との同時保有中だけSCA GBPJPYの残存SLリスクを初期R比で浅くする,DD区間損失の83.4%を占める同時保有状態を、発注拒否ではなく損失深度の制限に使う,同時保有でも全シグナルを発注し、対象magic保有中だけGJのSLを不利方向へ戻さず短縮,Oafx2OverlapMask=1; Oafx2OverlapRiskR=0.75,2中規模のコード変更,UNTESTED,"{""Oafx2LabMode"": 110, ""Oafx2OverlapMask"": 1, ""Oafx2OverlapRiskR"": 0.75}",
OAFX1910,gj_overlap_stop_cap,指定他枠との同時保有中だけSCA GBPJPYの残存SLリスクを初期R比で浅くする,DD区間損失の83.4%を占める同時保有状態を、発注拒否ではなく損失深度の制限に使う,同時保有でも全シグナルを発注し、対象magic保有中だけGJのSLを不利方向へ戻さず短縮,Oafx2OverlapMask=1; Oafx2OverlapRiskR=0.9,2中規模のコード変更,UNTESTED,"{""Oafx2LabMode"": 110, ""Oafx2OverlapMask"": 1, ""Oafx2OverlapRiskR"": 0.9}",
OAFX1911,gj_overlap_stop_cap,指定他枠との同時保有中だけSCA GBPJPYの残存SLリスクを初期R比で浅くする,DD区間損失の83.4%を占める同時保有状態を、発注拒否ではなく損失深度の制限に使う,同時保有でも全シグナルを発注し、対象magic保有中だけGJのSLを不利方向へ戻さず短縮,Oafx2OverlapMask=2; Oafx2OverlapRiskR=0.15,2中規模のコード変更,UNTESTED,"{""Oafx2LabMode"": 110, ""Oafx2OverlapMask"": 2, ""Oafx2OverlapRiskR"": 0.15}",
OAFX1912,gj_overlap_stop_cap,指定他枠との同時保有中だけSCA GBPJPYの残存SLリスクを初期R比で浅くする,DD区間損失の83.4%を占める同時保有状態を、発注拒否ではなく損失深度の制限に使う,同時保有でも全シグナルを発注し、対象magic保有中だけGJのSLを不利方向へ戻さず短縮,Oafx2OverlapMask=2; Oafx2OverlapRiskR=0.2,2中規模のコード変更,UNTESTED,"{""Oafx2LabMode"": 110, ""Oafx2OverlapMask"": 2, ""Oafx2OverlapRiskR"": 0.2}",
OAFX1913,gj_overlap_stop_cap,指定他枠との同時保有中だけSCA GBPJPYの残存SLリスクを初期R比で浅くする,DD区間損失の83.4%を占める同時保有状態を、発注拒否ではなく損失深度の制限に使う,同時保有でも全シグナルを発注し、対象magic保有中だけGJのSLを不利方向へ戻さず短縮,Oafx2OverlapMask=2; Oafx2OverlapRiskR=0.25,2中規模のコード変更,UNTESTED,"{""Oafx2LabMode"": 110, ""Oafx2OverlapMask"": 2, ""Oafx2OverlapRiskR"": 0.25}",
OAFX1914,gj_overlap_stop_cap,指定他枠との同時保有中だけSCA GBPJPYの残存SLリスクを初期R比で浅くする,DD区間損失の83.4%を占める同時保有状態を、発注拒否ではなく損失深度の制限に使う,同時保有でも全シグナルを発注し、対象magic保有中だけGJのSLを不利方向へ戻さず短縮,Oafx2OverlapMask=2; Oafx2OverlapRiskR=0.3,2中規模のコード変更,UNTESTED,"{""Oafx2LabMode"": 110, ""Oafx2OverlapMask"": 2, ""Oafx2OverlapRiskR"": 0.3}",
OAFX1915,gj_overlap_stop_cap,指定他枠との同時保有中だけSCA GBPJPYの残存SLリスクを初期R比で浅くする,DD区間損失の83.4%を占める同時保有状態を、発注拒否ではなく損失深度の制限に使う,同時保有でも全シグナルを発注し、対象magic保有中だけGJのSLを不利方向へ戻さず短縮,Oafx2OverlapMask=2; Oafx2OverlapRiskR=0.35,2中規模のコード変更,UNTESTED,"{""Oafx2LabMode"": 110, ""Oafx2OverlapMask"": 2, ""Oafx2OverlapRiskR"": 0.35}",
OAFX1916,gj_overlap_stop_cap,指定他枠との同時保有中だけSCA GBPJPYの残存SLリスクを初期R比で浅くする,DD区間損失の83.4%を占める同時保有状態を、発注拒否ではなく損失深度の制限に使う,同時保有でも全シグナルを発注し、対象magic保有中だけGJのSLを不利方向へ戻さず短縮,Oafx2OverlapMask=2; Oafx2OverlapRiskR=0.4,2中規模のコード変更,UNTESTED,"{""Oafx2LabMode"": 110, ""Oafx2OverlapMask"": 2, ""Oafx2OverlapRiskR"": 0.4}",
OAFX1917,gj_overlap_stop_cap,指定他枠との同時保有中だけSCA GBPJPYの残存SLリスクを初期R比で浅くする,DD区間損失の83.4%を占める同時保有状態を、発注拒否ではなく損失深度の制限に使う,同時保有でも全シグナルを発注し、対象magic保有中だけGJのSLを不利方向へ戻さず短縮,Oafx2OverlapMask=2; Oafx2OverlapRiskR=0.5,2中規模のコード変更,UNTESTED,"{""Oafx2LabMode"": 110, ""Oafx2OverlapMask"": 2, ""Oafx2OverlapRiskR"": 0.5}",
OAFX1918,gj_overlap_stop_cap,指定他枠との同時保有中だけSCA GBPJPYの残存SLリスクを初期R比で浅くする,DD区間損失の83.4%を占める同時保有状態を、発注拒否ではなく損失深度の制限に使う,同時保有でも全シグナルを発注し、対象magic保有中だけGJのSLを不利方向へ戻さず短縮,Oafx2OverlapMask=2; Oafx2OverlapRiskR=0.6,2中規模のコード変更,UNTESTED,"{""Oafx2LabMode"": 110, ""Oafx2OverlapMask"": 2, ""Oafx2OverlapRiskR"": 0.6}",
OAFX1919,gj_overlap_stop_cap,指定他枠との同時保有中だけSCA GBPJPYの残存SLリスクを初期R比で浅くする,DD区間損失の83.4%を占める同時保有状態を、発注拒否ではなく損失深度の制限に使う,同時保有でも全シグナルを発注し、対象magic保有中だけGJのSLを不利方向へ戻さず短縮,Oafx2OverlapMask=2; Oafx2OverlapRiskR=0.75,2中規模のコード変更,UNTESTED,"{""Oafx2LabMode"": 110, ""Oafx2OverlapMask"": 2, ""Oafx2OverlapRiskR"": 0.75}",
OAFX1920,gj_overlap_stop_cap,指定他枠との同時保有中だけSCA GBPJPYの残存SLリスクを初期R比で浅くする,DD区間損失の83.4%を占める同時保有状態を、発注拒否ではなく損失深度の制限に使う,同時保有でも全シグナルを発注し、対象magic保有中だけGJのSLを不利方向へ戻さず短縮,Oafx2OverlapMask=2; Oafx2OverlapRiskR=0.9,2中規模のコード変更,UNTESTED,"{""Oafx2LabMode"": 110, ""Oafx2OverlapMask"": 2, ""Oafx2OverlapRiskR"": 0.9}",
OAFX1921,gj_overlap_stop_cap,指定他枠との同時保有中だけSCA GBPJPYの残存SLリスクを初期R比で浅くする,DD区間損失の83.4%を占める同時保有状態を、発注拒否ではなく損失深度の制限に使う,同時保有でも全シグナルを発注し、対象magic保有中だけGJのSLを不利方向へ戻さず短縮,Oafx2OverlapMask=4; Oafx2OverlapRiskR=0.15,2中規模のコード変更,UNTESTED,"{""Oafx2LabMode"": 110, ""Oafx2OverlapMask"": 4, ""Oafx2OverlapRiskR"": 0.15}",
OAFX1922,gj_overlap_stop_cap,指定他枠との同時保有中だけSCA GBPJPYの残存SLリスクを初期R比で浅くする,DD区間損失の83.4%を占める同時保有状態を、発注拒否ではなく損失深度の制限に使う,同時保有でも全シグナルを発注し、対象magic保有中だけGJのSLを不利方向へ戻さず短縮,Oafx2OverlapMask=4; Oafx2OverlapRiskR=0.2,2中規模のコード変更,UNTESTED,"{""Oafx2LabMode"": 110, ""Oafx2OverlapMask"": 4, ""Oafx2OverlapRiskR"": 0.2}",
OAFX1923,gj_overlap_stop_cap,指定他枠との同時保有中だけSCA GBPJPYの残存SLリスクを初期R比で浅くする,DD区間損失の83.4%を占める同時保有状態を、発注拒否ではなく損失深度の制限に使う,同時保有でも全シグナルを発注し、対象magic保有中だけGJのSLを不利方向へ戻さず短縮,Oafx2OverlapMask=4; Oafx2OverlapRiskR=0.25,2中規模のコード変更,UNTESTED,"{""Oafx2LabMode"": 110, ""Oafx2OverlapMask"": 4, ""Oafx2OverlapRiskR"": 0.25}",
OAFX1924,gj_overlap_stop_cap,指定他枠との同時保有中だけSCA GBPJPYの残存SLリスクを初期R比で浅くする,DD区間損失の83.4%を占める同時保有状態を、発注拒否ではなく損失深度の制限に使う,同時保有でも全シグナルを発注し、対象magic保有中だけGJのSLを不利方向へ戻さず短縮,Oafx2OverlapMask=4; Oafx2OverlapRiskR=0.3,2中規模のコード変更,UNTESTED,"{""Oafx2LabMode"": 110, ""Oafx2OverlapMask"": 4, ""Oafx2OverlapRiskR"": 0.3}",
OAFX1925,gj_overlap_stop_cap,指定他枠との同時保有中だけSCA GBPJPYの残存SLリスクを初期R比で浅くする,DD区間損失の83.4%を占める同時保有状態を、発注拒否ではなく損失深度の制限に使う,同時保有でも全シグナルを発注し、対象magic保有中だけGJのSLを不利方向へ戻さず短縮,Oafx2OverlapMask=4; Oafx2OverlapRiskR=0.35,2中規模のコード変更,UNTESTED,"{""Oafx2LabMode"": 110, ""Oafx2OverlapMask"": 4, ""Oafx2OverlapRiskR"": 0.35}",
OAFX1926,gj_overlap_stop_cap,指定他枠との同時保有中だけSCA GBPJPYの残存SLリスクを初期R比で浅くする,DD区間損失の83.4%を占める同時保有状態を、発注拒否ではなく損失深度の制限に使う,同時保有でも全シグナルを発注し、対象magic保有中だけGJのSLを不利方向へ戻さず短縮,Oafx2OverlapMask=4; Oafx2OverlapRiskR=0.4,2中規模のコード変更,UNTESTED,"{""Oafx2LabMode"": 110, ""Oafx2OverlapMask"": 4, ""Oafx2OverlapRiskR"": 0.4}",
OAFX1927,gj_overlap_stop_cap,指定他枠との同時保有中だけSCA GBPJPYの残存SLリスクを初期R比で浅くする,DD区間損失の83.4%を占める同時保有状態を、発注拒否ではなく損失深度の制限に使う,同時保有でも全シグナルを発注し、対象magic保有中だけGJのSLを不利方向へ戻さず短縮,Oafx2OverlapMask=4; Oafx2OverlapRiskR=0.5,2中規模のコード変更,UNTESTED,"{""Oafx2LabMode"": 110, ""Oafx2OverlapMask"": 4, ""Oafx2OverlapRiskR"": 0.5}",
OAFX1928,gj_overlap_stop_cap,指定他枠との同時保有中だけSCA GBPJPYの残存SLリスクを初期R比で浅くする,DD区間損失の83.4%を占める同時保有状態を、発注拒否ではなく損失深度の制限に使う,同時保有でも全シグナルを発注し、対象magic保有中だけGJのSLを不利方向へ戻さず短縮,Oafx2OverlapMask=4; Oafx2OverlapRiskR=0.6,2中規模のコード変更,UNTESTED,"{""Oafx2LabMode"": 110, ""Oafx2OverlapMask"": 4, ""Oafx2OverlapRiskR"": 0.6}",
OAFX1929,gj_overlap_stop_cap,指定他枠との同時保有中だけSCA GBPJPYの残存SLリスクを初期R比で浅くする,DD区間損失の83.4%を占める同時保有状態を、発注拒否ではなく損失深度の制限に使う,同時保有でも全シグナルを発注し、対象magic保有中だけGJのSLを不利方向へ戻さず短縮,Oafx2OverlapMask=4; Oafx2OverlapRiskR=0.75,2中規模のコード変更,UNTESTED,"{""Oafx2LabMode"": 110, ""Oafx2OverlapMask"": 4, ""Oafx2OverlapRiskR"": 0.75}",
OAFX1930,gj_overlap_stop_cap,指定他枠との同時保有中だけSCA GBPJPYの残存SLリスクを初期R比で浅くする,DD区間損失の83.4%を占める同時保有状態を、発注拒否ではなく損失深度の制限に使う,同時保有でも全シグナルを発注し、対象magic保有中だけGJのSLを不利方向へ戻さず短縮,Oafx2OverlapMask=4; Oafx2OverlapRiskR=0.9,2中規模のコード変更,UNTESTED,"{""Oafx2LabMode"": 110, ""Oafx2OverlapMask"": 4, ""Oafx2OverlapRiskR"": 0.9}",
OAFX1931,gj_overlap_stop_cap,指定他枠との同時保有中だけSCA GBPJPYの残存SLリスクを初期R比で浅くする,DD区間損失の83.4%を占める同時保有状態を、発注拒否ではなく損失深度の制限に使う,同時保有でも全シグナルを発注し、対象magic保有中だけGJのSLを不利方向へ戻さず短縮,Oafx2OverlapMask=8; Oafx2OverlapRiskR=0.15,2中規模のコード変更,UNTESTED,"{""Oafx2LabMode"": 110, ""Oafx2OverlapMask"": 8, ""Oafx2OverlapRiskR"": 0.15}",
OAFX1932,gj_overlap_stop_cap,指定他枠との同時保有中だけSCA GBPJPYの残存SLリスクを初期R比で浅くする,DD区間損失の83.4%を占める同時保有状態を、発注拒否ではなく損失深度の制限に使う,同時保有でも全シグナルを発注し、対象magic保有中だけGJのSLを不利方向へ戻さず短縮,Oafx2OverlapMask=8; Oafx2OverlapRiskR=0.2,2中規模のコード変更,UNTESTED,"{""Oafx2LabMode"": 110, ""Oafx2OverlapMask"": 8, ""Oafx2OverlapRiskR"": 0.2}",
OAFX1933,gj_overlap_stop_cap,指定他枠との同時保有中だけSCA GBPJPYの残存SLリスクを初期R比で浅くする,DD区間損失の83.4%を占める同時保有状態を、発注拒否ではなく損失深度の制限に使う,同時保有でも全シグナルを発注し、対象magic保有中だけGJのSLを不利方向へ戻さず短縮,Oafx2OverlapMask=8; Oafx2OverlapRiskR=0.25,2中規模のコード変更,UNTESTED,"{""Oafx2LabMode"": 110, ""Oafx2OverlapMask"": 8, ""Oafx2OverlapRiskR"": 0.25}",
OAFX1934,gj_overlap_stop_cap,指定他枠との同時保有中だけSCA GBPJPYの残存SLリスクを初期R比で浅くする,DD区間損失の83.4%を占める同時保有状態を、発注拒否ではなく損失深度の制限に使う,同時保有でも全シグナルを発注し、対象magic保有中だけGJのSLを不利方向へ戻さず短縮,Oafx2OverlapMask=8; Oafx2OverlapRiskR=0.3,2中規模のコード変更,UNTESTED,"{""Oafx2LabMode"": 110, ""Oafx2OverlapMask"": 8, ""Oafx2OverlapRiskR"": 0.3}",
OAFX1935,gj_overlap_stop_cap,指定他枠との同時保有中だけSCA GBPJPYの残存SLリスクを初期R比で浅くする,DD区間損失の83.4%を占める同時保有状態を、発注拒否ではなく損失深度の制限に使う,同時保有でも全シグナルを発注し、対象magic保有中だけGJのSLを不利方向へ戻さず短縮,Oafx2OverlapMask=8; Oafx2OverlapRiskR=0.35,2中規模のコード変更,UNTESTED,"{""Oafx2LabMode"": 110, ""Oafx2OverlapMask"": 8, ""Oafx2OverlapRiskR"": 0.35}",
OAFX1936,gj_overlap_stop_cap,指定他枠との同時保有中だけSCA GBPJPYの残存SLリスクを初期R比で浅くする,DD区間損失の83.4%を占める同時保有状態を、発注拒否ではなく損失深度の制限に使う,同時保有でも全シグナルを発注し、対象magic保有中だけGJのSLを不利方向へ戻さず短縮,Oafx2OverlapMask=8; Oafx2OverlapRiskR=0.4,2中規模のコード変更,UNTESTED,"{""Oafx2LabMode"": 110, ""Oafx2OverlapMask"": 8, ""Oafx2OverlapRiskR"": 0.4}",
OAFX1937,gj_overlap_stop_cap,指定他枠との同時保有中だけSCA GBPJPYの残存SLリスクを初期R比で浅くする,DD区間損失の83.4%を占める同時保有状態を、発注拒否ではなく損失深度の制限に使う,同時保有でも全シグナルを発注し、対象magic保有中だけGJのSLを不利方向へ戻さず短縮,Oafx2OverlapMask=8; Oafx2OverlapRiskR=0.5,2中規模のコード変更,UNTESTED,"{""Oafx2LabMode"": 110, ""Oafx2OverlapMask"": 8, ""Oafx2OverlapRiskR"": 0.5}",
OAFX1938,gj_overlap_stop_cap,指定他枠との同時保有中だけSCA GBPJPYの残存SLリスクを初期R比で浅くする,DD区間損失の83.4%を占める同時保有状態を、発注拒否ではなく損失深度の制限に使う,同時保有でも全シグナルを発注し、対象magic保有中だけGJのSLを不利方向へ戻さず短縮,Oafx2OverlapMask=8; Oafx2OverlapRiskR=0.6,2中規模のコード変更,UNTESTED,"{""Oafx2LabMode"": 110, ""Oafx2OverlapMask"": 8, ""Oafx2OverlapRiskR"": 0.6}",
OAFX1939,gj_overlap_stop_cap,指定他枠との同時保有中だけSCA GBPJPYの残存SLリスクを初期R比で浅くする,DD区間損失の83.4%を占める同時保有状態を、発注拒否ではなく損失深度の制限に使う,同時保有でも全シグナルを発注し、対象magic保有中だけGJのSLを不利方向へ戻さず短縮,Oafx2OverlapMask=8; Oafx2OverlapRiskR=0.75,2中規模のコード変更,UNTESTED,"{""Oafx2LabMode"": 110, ""Oafx2OverlapMask"": 8, ""Oafx2OverlapRiskR"": 0.75}",
OAFX1940,gj_overlap_stop_cap,指定他枠との同時保有中だけSCA GBPJPYの残存SLリスクを初期R比で浅くする,DD区間損失の83.4%を占める同時保有状態を、発注拒否ではなく損失深度の制限に使う,同時保有でも全シグナルを発注し、対象magic保有中だけGJのSLを不利方向へ戻さず短縮,Oafx2OverlapMask=8; Oafx2OverlapRiskR=0.9,2中規模のコード変更,UNTESTED,"{""Oafx2LabMode"": 110, ""Oafx2OverlapMask"": 8, ""Oafx2OverlapRiskR"": 0.9}",
OAFX1941,gj_overlap_stop_cap,指定他枠との同時保有中だけSCA GBPJPYの残存SLリスクを初期R比で浅くする,DD区間損失の83.4%を占める同時保有状態を、発注拒否ではなく損失深度の制限に使う,同時保有でも全シグナルを発注し、対象magic保有中だけGJのSLを不利方向へ戻さず短縮,Oafx2OverlapMask=3; Oafx2OverlapRiskR=0.15,2中規模のコード変更,UNTESTED,"{""Oafx2LabMode"": 110, ""Oafx2OverlapMask"": 3, ""Oafx2OverlapRiskR"": 0.15}",
OAFX1942,gj_overlap_stop_cap,指定他枠との同時保有中だけSCA GBPJPYの残存SLリスクを初期R比で浅くする,DD区間損失の83.4%を占める同時保有状態を、発注拒否ではなく損失深度の制限に使う,同時保有でも全シグナルを発注し、対象magic保有中だけGJのSLを不利方向へ戻さず短縮,Oafx2OverlapMask=3; Oafx2OverlapRiskR=0.2,2中規模のコード変更,UNTESTED,"{""Oafx2LabMode"": 110, ""Oafx2OverlapMask"": 3, ""Oafx2OverlapRiskR"": 0.2}",
OAFX1943,gj_overlap_stop_cap,指定他枠との同時保有中だけSCA GBPJPYの残存SLリスクを初期R比で浅くする,DD区間損失の83.4%を占める同時保有状態を、発注拒否ではなく損失深度の制限に使う,同時保有でも全シグナルを発注し、対象magic保有中だけGJのSLを不利方向へ戻さず短縮,Oafx2OverlapMask=3; Oafx2OverlapRiskR=0.25,2中規模のコード変更,UNTESTED,"{""Oafx2LabMode"": 110, ""Oafx2OverlapMask"": 3, ""Oafx2OverlapRiskR"": 0.25}",
OAFX1944,gj_overlap_stop_cap,指定他枠との同時保有中だけSCA GBPJPYの残存SLリスクを初期R比で浅くする,DD区間損失の83.4%を占める同時保有状態を、発注拒否ではなく損失深度の制限に使う,同時保有でも全シグナルを発注し、対象magic保有中だけGJのSLを不利方向へ戻さず短縮,Oafx2OverlapMask=3; Oafx2OverlapRiskR=0.3,2中規模のコード変更,UNTESTED,"{""Oafx2LabMode"": 110, ""Oafx2OverlapMask"": 3, ""Oafx2OverlapRiskR"": 0.3}",
OAFX1945,gj_overlap_stop_cap,指定他枠との同時保有中だけSCA GBPJPYの残存SLリスクを初期R比で浅くする,DD区間損失の83.4%を占める同時保有状態を、発注拒否ではなく損失深度の制限に使う,同時保有でも全シグナルを発注し、対象magic保有中だけGJのSLを不利方向へ戻さず短縮,Oafx2OverlapMask=3; Oafx2OverlapRiskR=0.35,2中規模のコード変更,UNTESTED,"{""Oafx2LabMode"": 110, ""Oafx2OverlapMask"": 3, ""Oafx2OverlapRiskR"": 0.35}",
OAFX1946,gj_overlap_stop_cap,指定他枠との同時保有中だけSCA GBPJPYの残存SLリスクを初期R比で浅くする,DD区間損失の83.4%を占める同時保有状態を、発注拒否ではなく損失深度の制限に使う,同時保有でも全シグナルを発注し、対象magic保有中だけGJのSLを不利方向へ戻さず短縮,Oafx2OverlapMask=3; Oafx2OverlapRiskR=0.4,2中規模のコード変更,UNTESTED,"{""Oafx2LabMode"": 110, ""Oafx2OverlapMask"": 3, ""Oafx2OverlapRiskR"": 0.4}",
OAFX1947,gj_overlap_stop_cap,指定他枠との同時保有中だけSCA GBPJPYの残存SLリスクを初期R比で浅くする,DD区間損失の83.4%を占める同時保有状態を、発注拒否ではなく損失深度の制限に使う,同時保有でも全シグナルを発注し、対象magic保有中だけGJのSLを不利方向へ戻さず短縮,Oafx2OverlapMask=3; Oafx2OverlapRiskR=0.5,2中規模のコード変更,UNTESTED,"{""Oafx2LabMode"": 110, ""Oafx2OverlapMask"": 3, ""Oafx2OverlapRiskR"": 0.5}",
OAFX1948,gj_overlap_stop_cap,指定他枠との同時保有中だけSCA GBPJPYの残存SLリスクを初期R比で浅くする,DD区間損失の83.4%を占める同時保有状態を、発注拒否ではなく損失深度の制限に使う,同時保有でも全シグナルを発注し、対象magic保有中だけGJのSLを不利方向へ戻さず短縮,Oafx2OverlapMask=3; Oafx2OverlapRiskR=0.6,2中規模のコード変更,UNTESTED,"{""Oafx2LabMode"": 110, ""Oafx2OverlapMask"": 3, ""Oafx2OverlapRiskR"": 0.6}",
OAFX1949,gj_overlap_stop_cap,指定他枠との同時保有中だけSCA GBPJPYの残存SLリスクを初期R比で浅くする,DD区間損失の83.4%を占める同時保有状態を、発注拒否ではなく損失深度の制限に使う,同時保有でも全シグナルを発注し、対象magic保有中だけGJのSLを不利方向へ戻さず短縮,Oafx2OverlapMask=3; Oafx2OverlapRiskR=0.75,2中規模のコード変更,UNTESTED,"{""Oafx2LabMode"": 110, ""Oafx2OverlapMask"": 3, ""Oafx2OverlapRiskR"": 0.75}",
OAFX1950,gj_overlap_stop_cap,指定他枠との同時保有中だけSCA GBPJPYの残存SLリスクを初期R比で浅くする,DD区間損失の83.4%を占める同時保有状態を、発注拒否ではなく損失深度の制限に使う,同時保有でも全シグナルを発注し、対象magic保有中だけGJのSLを不利方向へ戻さず短縮,Oafx2OverlapMask=3; Oafx2OverlapRiskR=0.9,2中規模のコード変更,UNTESTED,"{""Oafx2LabMode"": 110, ""Oafx2OverlapMask"": 3, ""Oafx2OverlapRiskR"": 0.9}",
OAFX1951,gj_overlap_stop_cap,指定他枠との同時保有中だけSCA GBPJPYの残存SLリスクを初期R比で浅くする,DD区間損失の83.4%を占める同時保有状態を、発注拒否ではなく損失深度の制限に使う,同時保有でも全シグナルを発注し、対象magic保有中だけGJのSLを不利方向へ戻さず短縮,Oafx2OverlapMask=5; Oafx2OverlapRiskR=0.15,2中規模のコード変更,UNTESTED,"{""Oafx2LabMode"": 110, ""Oafx2OverlapMask"": 5, ""Oafx2OverlapRiskR"": 0.15}",
OAFX1952,gj_overlap_stop_cap,指定他枠との同時保有中だけSCA GBPJPYの残存SLリスクを初期R比で浅くする,DD区間損失の83.4%を占める同時保有状態を、発注拒否ではなく損失深度の制限に使う,同時保有でも全シグナルを発注し、対象magic保有中だけGJのSLを不利方向へ戻さず短縮,Oafx2OverlapMask=5; Oafx2OverlapRiskR=0.2,2中規模のコード変更,UNTESTED,"{""Oafx2LabMode"": 110, ""Oafx2OverlapMask"": 5, ""Oafx2OverlapRiskR"": 0.2}",
OAFX1953,gj_overlap_stop_cap,指定他枠との同時保有中だけSCA GBPJPYの残存SLリスクを初期R比で浅くする,DD区間損失の83.4%を占める同時保有状態を、発注拒否ではなく損失深度の制限に使う,同時保有でも全シグナルを発注し、対象magic保有中だけGJのSLを不利方向へ戻さず短縮,Oafx2OverlapMask=5; Oafx2OverlapRiskR=0.25,2中規模のコード変更,UNTESTED,"{""Oafx2LabMode"": 110, ""Oafx2OverlapMask"": 5, ""Oafx2OverlapRiskR"": 0.25}",
OAFX1954,gj_overlap_stop_cap,指定他枠との同時保有中だけSCA GBPJPYの残存SLリスクを初期R比で浅くする,DD区間損失の83.4%を占める同時保有状態を、発注拒否ではなく損失深度の制限に使う,同時保有でも全シグナルを発注し、対象magic保有中だけGJのSLを不利方向へ戻さず短縮,Oafx2OverlapMask=5; Oafx2OverlapRiskR=0.3,2中規模のコード変更,UNTESTED,"{""Oafx2LabMode"": 110, ""Oafx2OverlapMask"": 5, ""Oafx2OverlapRiskR"": 0.3}",
OAFX1955,gj_overlap_stop_cap,指定他枠との同時保有中だけSCA GBPJPYの残存SLリスクを初期R比で浅くする,DD区間損失の83.4%を占める同時保有状態を、発注拒否ではなく損失深度の制限に使う,同時保有でも全シグナルを発注し、対象magic保有中だけGJのSLを不利方向へ戻さず短縮,Oafx2OverlapMask=5; Oafx2OverlapRiskR=0.35,2中規模のコード変更,UNTESTED,"{""Oafx2LabMode"": 110, ""Oafx2OverlapMask"": 5, ""Oafx2OverlapRiskR"": 0.35}",
OAFX1956,gj_overlap_stop_cap,指定他枠との同時保有中だけSCA GBPJPYの残存SLリスクを初期R比で浅くする,DD区間損失の83.4%を占める同時保有状態を、発注拒否ではなく損失深度の制限に使う,同時保有でも全シグナルを発注し、対象magic保有中だけGJのSLを不利方向へ戻さず短縮,Oafx2OverlapMask=5; Oafx2OverlapRiskR=0.4,2中規模のコード変更,UNTESTED,"{""Oafx2LabMode"": 110, ""Oafx2OverlapMask"": 5, ""Oafx2OverlapRiskR"": 0.4}",
OAFX1957,gj_overlap_stop_cap,指定他枠との同時保有中だけSCA GBPJPYの残存SLリスクを初期R比で浅くする,DD区間損失の83.4%を占める同時保有状態を、発注拒否ではなく損失深度の制限に使う,同時保有でも全シグナルを発注し、対象magic保有中だけGJのSLを不利方向へ戻さず短縮,Oafx2OverlapMask=5; Oafx2OverlapRiskR=0.5,2中規模のコード変更,UNTESTED,"{""Oafx2LabMode"": 110, ""Oafx2OverlapMask"": 5, ""Oafx2OverlapRiskR"": 0.5}",
OAFX1958,gj_overlap_stop_cap,指定他枠との同時保有中だけSCA GBPJPYの残存SLリスクを初期R比で浅くする,DD区間損失の83.4%を占める同時保有状態を、発注拒否ではなく損失深度の制限に使う,同時保有でも全シグナルを発注し、対象magic保有中だけGJのSLを不利方向へ戻さず短縮,Oafx2OverlapMask=5; Oafx2OverlapRiskR=0.6,2中規模のコード変更,UNTESTED,"{""Oafx2LabMode"": 110, ""Oafx2OverlapMask"": 5, ""Oafx2OverlapRiskR"": 0.6}",
OAFX1959,gj_overlap_stop_cap,指定他枠との同時保有中だけSCA GBPJPYの残存SLリスクを初期R比で浅くする,DD区間損失の83.4%を占める同時保有状態を、発注拒否ではなく損失深度の制限に使う,同時保有でも全シグナルを発注し、対象magic保有中だけGJのSLを不利方向へ戻さず短縮,Oafx2OverlapMask=5; Oafx2OverlapRiskR=0.75,2中規模のコード変更,UNTESTED,"{""Oafx2LabMode"": 110, ""Oafx2OverlapMask"": 5, ""Oafx2OverlapRiskR"": 0.75}",
OAFX1960,gj_overlap_stop_cap,指定他枠との同時保有中だけSCA GBPJPYの残存SLリスクを初期R比で浅くする,DD区間損失の83.4%を占める同時保有状態を、発注拒否ではなく損失深度の制限に使う,同時保有でも全シグナルを発注し、対象magic保有中だけGJのSLを不利方向へ戻さず短縮,Oafx2OverlapMask=5; Oafx2OverlapRiskR=0.9,2中規模のコード変更,UNTESTED,"{""Oafx2LabMode"": 110, ""Oafx2OverlapMask"": 5, ""Oafx2OverlapRiskR"": 0.9}",
OAFX1961,gj_overlap_stop_cap,指定他枠との同時保有中だけSCA GBPJPYの残存SLリスクを初期R比で浅くする,DD区間損失の83.4%を占める同時保有状態を、発注拒否ではなく損失深度の制限に使う,同時保有でも全シグナルを発注し、対象magic保有中だけGJのSLを不利方向へ戻さず短縮,Oafx2OverlapMask=9; Oafx2OverlapRiskR=0.15,2中規模のコード変更,UNTESTED,"{""Oafx2LabMode"": 110, ""Oafx2OverlapMask"": 9, ""Oafx2OverlapRiskR"": 0.15}",
OAFX1962,gj_overlap_stop_cap,指定他枠との同時保有中だけSCA GBPJPYの残存SLリスクを初期R比で浅くする,DD区間損失の83.4%を占める同時保有状態を、発注拒否ではなく損失深度の制限に使う,同時保有でも全シグナルを発注し、対象magic保有中だけGJのSLを不利方向へ戻さず短縮,Oafx2OverlapMask=9; Oafx2OverlapRiskR=0.2,2中規模のコード変更,UNTESTED,"{""Oafx2LabMode"": 110, ""Oafx2OverlapMask"": 9, ""Oafx2OverlapRiskR"": 0.2}",
OAFX1963,gj_overlap_stop_cap,指定他枠との同時保有中だけSCA GBPJPYの残存SLリスクを初期R比で浅くする,DD区間損失の83.4%を占める同時保有状態を、発注拒否ではなく損失深度の制限に使う,同時保有でも全シグナルを発注し、対象magic保有中だけGJのSLを不利方向へ戻さず短縮,Oafx2OverlapMask=9; Oafx2OverlapRiskR=0.25,2中規模のコード変更,UNTESTED,"{""Oafx2LabMode"": 110, ""Oafx2OverlapMask"": 9, ""Oafx2OverlapRiskR"": 0.25}",
OAFX1964,gj_overlap_stop_cap,指定他枠との同時保有中だけSCA GBPJPYの残存SLリスクを初期R比で浅くする,DD区間損失の83.4%を占める同時保有状態を、発注拒否ではなく損失深度の制限に使う,同時保有でも全シグナルを発注し、対象magic保有中だけGJのSLを不利方向へ戻さず短縮,Oafx2OverlapMask=9; Oafx2OverlapRiskR=0.3,2中規模のコード変更,UNTESTED,"{""Oafx2LabMode"": 110, ""Oafx2OverlapMask"": 9, ""Oafx2OverlapRiskR"": 0.3}",
OAFX1965,gj_overlap_stop_cap,指定他枠との同時保有中だけSCA GBPJPYの残存SLリスクを初期R比で浅くする,DD区間損失の83.4%を占める同時保有状態を、発注拒否ではなく損失深度の制限に使う,同時保有でも全シグナルを発注し、対象magic保有中だけGJのSLを不利方向へ戻さず短縮,Oafx2OverlapMask=9; Oafx2OverlapRiskR=0.35,2中規模のコード変更,UNTESTED,"{""Oafx2LabMode"": 110, ""Oafx2OverlapMask"": 9, ""Oafx2OverlapRiskR"": 0.35}",
OAFX1966,gj_overlap_stop_cap,指定他枠との同時保有中だけSCA GBPJPYの残存SLリスクを初期R比で浅くする,DD区間損失の83.4%を占める同時保有状態を、発注拒否ではなく損失深度の制限に使う,同時保有でも全シグナルを発注し、対象magic保有中だけGJのSLを不利方向へ戻さず短縮,Oafx2OverlapMask=9; Oafx2OverlapRiskR=0.4,2中規模のコード変更,UNTESTED,"{""Oafx2LabMode"": 110, ""Oafx2OverlapMask"": 9, ""Oafx2OverlapRiskR"": 0.4}",
OAFX1967,gj_overlap_stop_cap,指定他枠との同時保有中だけSCA GBPJPYの残存SLリスクを初期R比で浅くする,DD区間損失の83.4%を占める同時保有状態を、発注拒否ではなく損失深度の制限に使う,同時保有でも全シグナルを発注し、対象magic保有中だけGJのSLを不利方向へ戻さず短縮,Oafx2OverlapMask=9; Oafx2OverlapRiskR=0.5,2中規模のコード変更,UNTESTED,"{""Oafx2LabMode"": 110, ""Oafx2OverlapMask"": 9, ""Oafx2OverlapRiskR"": 0.5}",
OAFX1968,gj_overlap_stop_cap,指定他枠との同時保有中だけSCA GBPJPYの残存SLリスクを初期R比で浅くする,DD区間損失の83.4%を占める同時保有状態を、発注拒否ではなく損失深度の制限に使う,同時保有でも全シグナルを発注し、対象magic保有中だけGJのSLを不利方向へ戻さず短縮,Oafx2OverlapMask=9; Oafx2OverlapRiskR=0.6,2中規模のコード変更,UNTESTED,"{""Oafx2LabMode"": 110, ""Oafx2OverlapMask"": 9, ""Oafx2OverlapRiskR"": 0.6}",
OAFX1969,gj_overlap_stop_cap,指定他枠との同時保有中だけSCA GBPJPYの残存SLリスクを初期R比で浅くする,DD区間損失の83.4%を占める同時保有状態を、発注拒否ではなく損失深度の制限に使う,同時保有でも全シグナルを発注し、対象magic保有中だけGJのSLを不利方向へ戻さず短縮,Oafx2OverlapMask=9; Oafx2OverlapRiskR=0.75,2中規模のコード変更,UNTESTED,"{""Oafx2LabMode"": 110, ""Oafx2OverlapMask"": 9, ""Oafx2OverlapRiskR"": 0.75}",
OAFX1970,gj_overlap_stop_cap,指定他枠との同時保有中だけSCA GBPJPYの残存SLリスクを初期R比で浅くする,DD区間損失の83.4%を占める同時保有状態を、発注拒否ではなく損失深度の制限に使う,同時保有でも全シグナルを発注し、対象magic保有中だけGJのSLを不利方向へ戻さず短縮,Oafx2OverlapMask=9; Oafx2OverlapRiskR=0.9,2中規模のコード変更,UNTESTED,"{""Oafx2LabMode"": 110, ""Oafx2OverlapMask"": 9, ""Oafx2OverlapRiskR"": 0.9}",
OAFX1971,gj_overlap_stop_cap,指定他枠との同時保有中だけSCA GBPJPYの残存SLリスクを初期R比で浅くする,DD区間損失の83.4%を占める同時保有状態を、発注拒否ではなく損失深度の制限に使う,同時保有でも全シグナルを発注し、対象magic保有中だけGJのSLを不利方向へ戻さず短縮,Oafx2OverlapMask=6; Oafx2OverlapRiskR=0.15,2中規模のコード変更,UNTESTED,"{""Oafx2LabMode"": 110, ""Oafx2OverlapMask"": 6, ""Oafx2OverlapRiskR"": 0.15}",
OAFX1972,gj_overlap_stop_cap,指定他枠との同時保有中だけSCA GBPJPYの残存SLリスクを初期R比で浅くする,DD区間損失の83.4%を占める同時保有状態を、発注拒否ではなく損失深度の制限に使う,同時保有でも全シグナルを発注し、対象magic保有中だけGJのSLを不利方向へ戻さず短縮,Oafx2OverlapMask=6; Oafx2OverlapRiskR=0.2,2中規模のコード変更,UNTESTED,"{""Oafx2LabMode"": 110, ""Oafx2OverlapMask"": 6, ""Oafx2OverlapRiskR"": 0.2}",
OAFX1973,gj_overlap_stop_cap,指定他枠との同時保有中だけSCA GBPJPYの残存SLリスクを初期R比で浅くする,DD区間損失の83.4%を占める同時保有状態を、発注拒否ではなく損失深度の制限に使う,同時保有でも全シグナルを発注し、対象magic保有中だけGJのSLを不利方向へ戻さず短縮,Oafx2OverlapMask=6; Oafx2OverlapRiskR=0.25,2中規模のコード変更,UNTESTED,"{""Oafx2LabMode"": 110, ""Oafx2OverlapMask"": 6, ""Oafx2OverlapRiskR"": 0.25}",
OAFX1974,gj_overlap_stop_cap,指定他枠との同時保有中だけSCA GBPJPYの残存SLリスクを初期R比で浅くする,DD区間損失の83.4%を占める同時保有状態を、発注拒否ではなく損失深度の制限に使う,同時保有でも全シグナルを発注し、対象magic保有中だけGJのSLを不利方向へ戻さず短縮,Oafx2OverlapMask=6; Oafx2OverlapRiskR=0.3,2中規模のコード変更,UNTESTED,"{""Oafx2LabMode"": 110, ""Oafx2OverlapMask"": 6, ""Oafx2OverlapRiskR"": 0.3}",
OAFX1975,gj_overlap_stop_cap,指定他枠との同時保有中だけSCA GBPJPYの残存SLリスクを初期R比で浅くする,DD区間損失の83.4%を占める同時保有状態を、発注拒否ではなく損失深度の制限に使う,同時保有でも全シグナルを発注し、対象magic保有中だけGJのSLを不利方向へ戻さず短縮,Oafx2OverlapMask=6; Oafx2OverlapRiskR=0.35,2中規模のコード変更,UNTESTED,"{""Oafx2LabMode"": 110, ""Oafx2OverlapMask"": 6, ""Oafx2OverlapRiskR"": 0.35}",
OAFX1976,gj_overlap_stop_cap,指定他枠との同時保有中だけSCA GBPJPYの残存SLリスクを初期R比で浅くする,DD区間損失の83.4%を占める同時保有状態を、発注拒否ではなく損失深度の制限に使う,同時保有でも全シグナルを発注し、対象magic保有中だけGJのSLを不利方向へ戻さず短縮,Oafx2OverlapMask=6; Oafx2OverlapRiskR=0.4,2中規模のコード変更,UNTESTED,"{""Oafx2LabMode"": 110, ""Oafx2OverlapMask"": 6, ""Oafx2OverlapRiskR"": 0.4}",
OAFX1977,gj_overlap_stop_cap,指定他枠との同時保有中だけSCA GBPJPYの残存SLリスクを初期R比で浅くする,DD区間損失の83.4%を占める同時保有状態を、発注拒否ではなく損失深度の制限に使う,同時保有でも全シグナルを発注し、対象magic保有中だけGJのSLを不利方向へ戻さず短縮,Oafx2OverlapMask=6; Oafx2OverlapRiskR=0.5,2中規模のコード変更,UNTESTED,"{""Oafx2LabMode"": 110, ""Oafx2OverlapMask"": 6, ""Oafx2OverlapRiskR"": 0.5}",
OAFX1978,gj_overlap_stop_cap,指定他枠との同時保有中だけSCA GBPJPYの残存SLリスクを初期R比で浅くする,DD区間損失の83.4%を占める同時保有状態を、発注拒否ではなく損失深度の制限に使う,同時保有でも全シグナルを発注し、対象magic保有中だけGJのSLを不利方向へ戻さず短縮,Oafx2OverlapMask=6; Oafx2OverlapRiskR=0.6,2中規模のコード変更,UNTESTED,"{""Oafx2LabMode"": 110, ""Oafx2OverlapMask"": 6, ""Oafx2OverlapRiskR"": 0.6}",
OAFX1979,gj_overlap_stop_cap,指定他枠との同時保有中だけSCA GBPJPYの残存SLリスクを初期R比で浅くする,DD区間損失の83.4%を占める同時保有状態を、発注拒否ではなく損失深度の制限に使う,同時保有でも全シグナルを発注し、対象magic保有中だけGJのSLを不利方向へ戻さず短縮,Oafx2OverlapMask=6; Oafx2OverlapRiskR=0.75,2中規模のコード変更,UNTESTED,"{""Oafx2LabMode"": 110, ""Oafx2OverlapMask"": 6, ""Oafx2OverlapRiskR"": 0.75}",
OAFX1980,gj_overlap_stop_cap,指定他枠との同時保有中だけSCA GBPJPYの残存SLリスクを初期R比で浅くする,DD区間損失の83.4%を占める同時保有状態を、発注拒否ではなく損失深度の制限に使う,同時保有でも全シグナルを発注し、対象magic保有中だけGJのSLを不利方向へ戻さず短縮,Oafx2OverlapMask=6; Oafx2OverlapRiskR=0.9,2中規模のコード変更,UNTESTED,"{""Oafx2LabMode"": 110, ""Oafx2OverlapMask"": 6, ""Oafx2OverlapRiskR"": 0.9}",
OAFX1981,gj_overlap_stop_cap,指定他枠との同時保有中だけSCA GBPJPYの残存SLリスクを初期R比で浅くする,DD区間損失の83.4%を占める同時保有状態を、発注拒否ではなく損失深度の制限に使う,同時保有でも全シグナルを発注し、対象magic保有中だけGJのSLを不利方向へ戻さず短縮,Oafx2OverlapMask=10; Oafx2OverlapRiskR=0.15,2中規模のコード変更,UNTESTED,"{""Oafx2LabMode"": 110, ""Oafx2OverlapMask"": 10, ""Oafx2OverlapRiskR"": 0.15}",
OAFX1982,gj_overlap_stop_cap,指定他枠との同時保有中だけSCA GBPJPYの残存SLリスクを初期R比で浅くする,DD区間損失の83.4%を占める同時保有状態を、発注拒否ではなく損失深度の制限に使う,同時保有でも全シグナルを発注し、対象magic保有中だけGJのSLを不利方向へ戻さず短縮,Oafx2OverlapMask=10; Oafx2OverlapRiskR=0.2,2中規模のコード変更,UNTESTED,"{""Oafx2LabMode"": 110, ""Oafx2OverlapMask"": 10, ""Oafx2OverlapRiskR"": 0.2}",
OAFX1983,gj_overlap_stop_cap,指定他枠との同時保有中だけSCA GBPJPYの残存SLリスクを初期R比で浅くする,DD区間損失の83.4%を占める同時保有状態を、発注拒否ではなく損失深度の制限に使う,同時保有でも全シグナルを発注し、対象magic保有中だけGJのSLを不利方向へ戻さず短縮,Oafx2OverlapMask=10; Oafx2OverlapRiskR=0.25,2中規模のコード変更,UNTESTED,"{""Oafx2LabMode"": 110, ""Oafx2OverlapMask"": 10, ""Oafx2OverlapRiskR"": 0.25}",
OAFX1984,gj_overlap_stop_cap,指定他枠との同時保有中だけSCA GBPJPYの残存SLリスクを初期R比で浅くする,DD区間損失の83.4%を占める同時保有状態を、発注拒否ではなく損失深度の制限に使う,同時保有でも全シグナルを発注し、対象magic保有中だけGJのSLを不利方向へ戻さず短縮,Oafx2OverlapMask=10; Oafx2OverlapRiskR=0.3,2中規模のコード変更,UNTESTED,"{""Oafx2LabMode"": 110, ""Oafx2OverlapMask"": 10, ""Oafx2OverlapRiskR"": 0.3}",
OAFX1985,gj_overlap_stop_cap,指定他枠との同時保有中だけSCA GBPJPYの残存SLリスクを初期R比で浅くする,DD区間損失の83.4%を占める同時保有状態を、発注拒否ではなく損失深度の制限に使う,同時保有でも全シグナルを発注し、対象magic保有中だけGJのSLを不利方向へ戻さず短縮,Oafx2OverlapMask=10; Oafx2OverlapRiskR=0.35,2中規模のコード変更,UNTESTED,"{""Oafx2LabMode"": 110, ""Oafx2OverlapMask"": 10, ""Oafx2OverlapRiskR"": 0.35}",
OAFX1986,gj_overlap_stop_cap,指定他枠との同時保有中だけSCA GBPJPYの残存SLリスクを初期R比で浅くする,DD区間損失の83.4%を占める同時保有状態を、発注拒否ではなく損失深度の制限に使う,同時保有でも全シグナルを発注し、対象magic保有中だけGJのSLを不利方向へ戻さず短縮,Oafx2OverlapMask=10; Oafx2OverlapRiskR=0.4,2中規模のコード変更,UNTESTED,"{""Oafx2LabMode"": 110, ""Oafx2OverlapMask"": 10, ""Oafx2OverlapRiskR"": 0.4}",
OAFX1987,gj_overlap_stop_cap,指定他枠との同時保有中だけSCA GBPJPYの残存SLリスクを初期R比で浅くする,DD区間損失の83.4%を占める同時保有状態を、発注拒否ではなく損失深度の制限に使う,同時保有でも全シグナルを発注し、対象magic保有中だけGJのSLを不利方向へ戻さず短縮,Oafx2OverlapMask=10; Oafx2OverlapRiskR=0.5,2中規模のコード変更,UNTESTED,"{""Oafx2LabMode"": 110, ""Oafx2OverlapMask"": 10, ""Oafx2OverlapRiskR"": 0.5}",
OAFX1988,gj_overlap_stop_cap,指定他枠との同時保有中だけSCA GBPJPYの残存SLリスクを初期R比で浅くする,DD区間損失の83.4%を占める同時保有状態を、発注拒否ではなく損失深度の制限に使う,同時保有でも全シグナルを発注し、対象magic保有中だけGJのSLを不利方向へ戻さず短縮,Oafx2OverlapMask=10; Oafx2OverlapRiskR=0.6,2中規模のコード変更,UNTESTED,"{""Oafx2LabMode"": 110, ""Oafx2OverlapMask"": 10, ""Oafx2OverlapRiskR"": 0.6}",
OAFX1989,gj_overlap_stop_cap,指定他枠との同時保有中だけSCA GBPJPYの残存SLリスクを初期R比で浅くする,DD区間損失の83.4%を占める同時保有状態を、発注拒否ではなく損失深度の制限に使う,同時保有でも全シグナルを発注し、対象magic保有中だけGJのSLを不利方向へ戻さず短縮,Oafx2OverlapMask=10; Oafx2OverlapRiskR=0.75,2中規模のコード変更,UNTESTED,"{""Oafx2LabMode"": 110, ""Oafx2OverlapMask"": 10, ""Oafx2OverlapRiskR"": 0.75}",
OAFX1990,gj_overlap_stop_cap,指定他枠との同時保有中だけSCA GBPJPYの残存SLリスクを初期R比で浅くする,DD区間損失の83.4%を占める同時保有状態を、発注拒否ではなく損失深度の制限に使う,同時保有でも全シグナルを発注し、対象magic保有中だけGJのSLを不利方向へ戻さず短縮,Oafx2OverlapMask=10; Oafx2OverlapRiskR=0.9,2中規模のコード変更,UNTESTED,"{""Oafx2LabMode"": 110, ""Oafx2OverlapMask"": 10, ""Oafx2OverlapRiskR"": 0.9}",
OAFX1991,gj_overlap_stop_cap,指定他枠との同時保有中だけSCA GBPJPYの残存SLリスクを初期R比で浅くする,DD区間損失の83.4%を占める同時保有状態を、発注拒否ではなく損失深度の制限に使う,同時保有でも全シグナルを発注し、対象magic保有中だけGJのSLを不利方向へ戻さず短縮,Oafx2OverlapMask=15; Oafx2OverlapRiskR=0.15,2中規模のコード変更,UNTESTED,"{""Oafx2LabMode"": 110, ""Oafx2OverlapMask"": 15, ""Oafx2OverlapRiskR"": 0.15}",
OAFX1992,gj_overlap_stop_cap,指定他枠との同時保有中だけSCA GBPJPYの残存SLリスクを初期R比で浅くする,DD区間損失の83.4%を占める同時保有状態を、発注拒否ではなく損失深度の制限に使う,同時保有でも全シグナルを発注し、対象magic保有中だけGJのSLを不利方向へ戻さず短縮,Oafx2OverlapMask=15; Oafx2OverlapRiskR=0.2,2中規模のコード変更,UNTESTED,"{""Oafx2LabMode"": 110, ""Oafx2OverlapMask"": 15, ""Oafx2OverlapRiskR"": 0.2}",
OAFX1993,gj_overlap_stop_cap,指定他枠との同時保有中だけSCA GBPJPYの残存SLリスクを初期R比で浅くする,DD区間損失の83.4%を占める同時保有状態を、発注拒否ではなく損失深度の制限に使う,同時保有でも全シグナルを発注し、対象magic保有中だけGJのSLを不利方向へ戻さず短縮,Oafx2OverlapMask=15; Oafx2OverlapRiskR=0.25,2中規模のコード変更,UNTESTED,"{""Oafx2LabMode"": 110, ""Oafx2OverlapMask"": 15, ""Oafx2OverlapRiskR"": 0.25}",
OAFX1994,gj_overlap_stop_cap,指定他枠との同時保有中だけSCA GBPJPYの残存SLリスクを初期R比で浅くする,DD区間損失の83.4%を占める同時保有状態を、発注拒否ではなく損失深度の制限に使う,同時保有でも全シグナルを発注し、対象magic保有中だけGJのSLを不利方向へ戻さず短縮,Oafx2OverlapMask=15; Oafx2OverlapRiskR=0.3,2中規模のコード変更,UNTESTED,"{""Oafx2LabMode"": 110, ""Oafx2OverlapMask"": 15, ""Oafx2OverlapRiskR"": 0.3}",
OAFX1995,gj_overlap_stop_cap,指定他枠との同時保有中だけSCA GBPJPYの残存SLリスクを初期R比で浅くする,DD区間損失の83.4%を占める同時保有状態を、発注拒否ではなく損失深度の制限に使う,同時保有でも全シグナルを発注し、対象magic保有中だけGJのSLを不利方向へ戻さず短縮,Oafx2OverlapMask=15; Oafx2OverlapRiskR=0.35,2中規模のコード変更,UNTESTED,"{""Oafx2LabMode"": 110, ""Oafx2OverlapMask"": 15, ""Oafx2OverlapRiskR"": 0.35}",
OAFX1996,gj_overlap_stop_cap,指定他枠との同時保有中だけSCA GBPJPYの残存SLリスクを初期R比で浅くする,DD区間損失の83.4%を占める同時保有状態を、発注拒否ではなく損失深度の制限に使う,同時保有でも全シグナルを発注し、対象magic保有中だけGJのSLを不利方向へ戻さず短縮,Oafx2OverlapMask=15; Oafx2OverlapRiskR=0.4,2中規模のコード変更,UNTESTED,"{""Oafx2LabMode"": 110, ""Oafx2OverlapMask"": 15, ""Oafx2OverlapRiskR"": 0.4}",
OAFX1997,gj_overlap_stop_cap,指定他枠との同時保有中だけSCA GBPJPYの残存SLリスクを初期R比で浅くする,DD区間損失の83.4%を占める同時保有状態を、発注拒否ではなく損失深度の制限に使う,同時保有でも全シグナルを発注し、対象magic保有中だけGJのSLを不利方向へ戻さず短縮,Oafx2OverlapMask=15; Oafx2OverlapRiskR=0.5,2中規模のコード変更,UNTESTED,"{""Oafx2LabMode"": 110, ""Oafx2OverlapMask"": 15, ""Oafx2OverlapRiskR"": 0.5}",
OAFX1998,gj_overlap_stop_cap,指定他枠との同時保有中だけSCA GBPJPYの残存SLリスクを初期R比で浅くする,DD区間損失の83.4%を占める同時保有状態を、発注拒否ではなく損失深度の制限に使う,同時保有でも全シグナルを発注し、対象magic保有中だけGJのSLを不利方向へ戻さず短縮,Oafx2OverlapMask=15; Oafx2OverlapRiskR=0.6,2中規模のコード変更,UNTESTED,"{""Oafx2LabMode"": 110, ""Oafx2OverlapMask"": 15, ""Oafx2OverlapRiskR"": 0.6}",
OAFX1999,gj_overlap_stop_cap,指定他枠との同時保有中だけSCA GBPJPYの残存SLリスクを初期R比で浅くする,DD区間損失の83.4%を占める同時保有状態を、発注拒否ではなく損失深度の制限に使う,同時保有でも全シグナルを発注し、対象magic保有中だけGJのSLを不利方向へ戻さず短縮,Oafx2OverlapMask=15; Oafx2OverlapRiskR=0.75,2中規模のコード変更,UNTESTED,"{""Oafx2LabMode"": 110, ""Oafx2OverlapMask"": 15, ""Oafx2OverlapRiskR"": 0.75}",
OAFX2000,gj_overlap_stop_cap,指定他枠との同時保有中だけSCA GBPJPYの残存SLリスクを初期R比で浅くする,DD区間損失の83.4%を占める同時保有状態を、発注拒否ではなく損失深度の制限に使う,同時保有でも全シグナルを発注し、対象magic保有中だけGJのSLを不利方向へ戻さず短縮,Oafx2OverlapMask=15; Oafx2OverlapRiskR=0.9,2中規模のコード変更,UNTESTED,"{""Oafx2LabMode"": 110, ""Oafx2OverlapMask"": 15, ""Oafx2OverlapRiskR"": 0.9}",
