id,family,overview,rationale,test_method,variation,classification,status,parameter_json,reason,is_net_jpy,is_pf,is_dd_jpy,oos_net_jpy,oos_pf,oos_dd_jpy,effective_lots,run_id,updated_at
GDD01_01,overlap_mutex,PBとSCAの新規を相互排他にし同時損失を抑える,2枠DDが各単独DDを上回り損失重複がある,同一EAで相手Magic保有中の発注を拒否,"{""GoldLabOverlapCooldownHours"":0,""GoldLabOverlapPolicy"":1}",(2)軽微なコード変更,UNVERIFIED_EA_INPUT,"{""GoldLabOverlapCooldownHours"":0,""GoldLabOverlapPolicy"":1}",family has no verified SIMVERIFY activation: overlap_mutex,,,,,,,,gdda_is_gdd01_01_20260814100612_bdb754,2026-08-14T01:06:12+00:00
GDD01_02,overlap_mutex,PBとSCAの新規を相互排他にし同時損失を抑える,2枠DDが各単独DDを上回り損失重複がある,同一EAで相手Magic保有中の発注を拒否,"{""GoldLabOverlapCooldownHours"":1,""GoldLabOverlapPolicy"":1}",(2)軽微なコード変更,UNVERIFIED_EA_INPUT,"{""GoldLabOverlapCooldownHours"":1,""GoldLabOverlapPolicy"":1}",family has no verified SIMVERIFY activation: overlap_mutex,,,,,,,,gdda_is_gdd01_02_20260814100612_e3f817,2026-08-14T01:06:12+00:00
GDD01_03,overlap_mutex,PBとSCAの新規を相互排他にし同時損失を抑える,2枠DDが各単独DDを上回り損失重複がある,同一EAで相手Magic保有中の発注を拒否,"{""GoldLabOverlapCooldownHours"":2,""GoldLabOverlapPolicy"":1}",(2)軽微なコード変更,UNVERIFIED_EA_INPUT,"{""GoldLabOverlapCooldownHours"":2,""GoldLabOverlapPolicy"":1}",family has no verified SIMVERIFY activation: overlap_mutex,,,,,,,,gdda_is_gdd01_03_20260814100612_704711,2026-08-14T01:06:12+00:00
GDD01_04,overlap_mutex,PBとSCAの新規を相互排他にし同時損失を抑える,2枠DDが各単独DDを上回り損失重複がある,同一EAで相手Magic保有中の発注を拒否,"{""GoldLabOverlapCooldownHours"":4,""GoldLabOverlapPolicy"":1}",(2)軽微なコード変更,UNVERIFIED_EA_INPUT,"{""GoldLabOverlapCooldownHours"":4,""GoldLabOverlapPolicy"":1}",family has no verified SIMVERIFY activation: overlap_mutex,,,,,,,,gdda_is_gdd01_04_20260814100612_3d5964,2026-08-14T01:06:12+00:00
GDD01_05,overlap_mutex,PBとSCAの新規を相互排他にし同時損失を抑える,2枠DDが各単独DDを上回り損失重複がある,同一EAで相手Magic保有中の発注を拒否,"{""GoldLabOverlapCooldownHours"":6,""GoldLabOverlapPolicy"":1}",(2)軽微なコード変更,UNVERIFIED_EA_INPUT,"{""GoldLabOverlapCooldownHours"":6,""GoldLabOverlapPolicy"":1}",family has no verified SIMVERIFY activation: overlap_mutex,,,,,,,,gdda_is_gdd01_05_20260814100612_4fc4f5,2026-08-14T01:06:12+00:00
GDD01_06,overlap_mutex,PBとSCAの新規を相互排他にし同時損失を抑える,2枠DDが各単独DDを上回り損失重複がある,同一EAで相手Magic保有中の発注を拒否,"{""GoldLabOverlapCooldownHours"":8,""GoldLabOverlapPolicy"":1}",(2)軽微なコード変更,UNVERIFIED_EA_INPUT,"{""GoldLabOverlapCooldownHours"":8,""GoldLabOverlapPolicy"":1}",family has no verified SIMVERIFY activation: overlap_mutex,,,,,,,,gdda_is_gdd01_06_20260814100612_a17470,2026-08-14T01:06:12+00:00
GDD01_07,overlap_mutex,PBとSCAの新規を相互排他にし同時損失を抑える,2枠DDが各単独DDを上回り損失重複がある,同一EAで相手Magic保有中の発注を拒否,"{""GoldLabOverlapCooldownHours"":12,""GoldLabOverlapPolicy"":1}",(2)軽微なコード変更,UNVERIFIED_EA_INPUT,"{""GoldLabOverlapCooldownHours"":12,""GoldLabOverlapPolicy"":1}",family has no verified SIMVERIFY activation: overlap_mutex,,,,,,,,gdda_is_gdd01_07_20260814100612_a8e5c4,2026-08-14T01:06:12+00:00
GDD01_08,overlap_mutex,PBとSCAの新規を相互排他にし同時損失を抑える,2枠DDが各単独DDを上回り損失重複がある,同一EAで相手Magic保有中の発注を拒否,"{""GoldLabOverlapCooldownHours"":16,""GoldLabOverlapPolicy"":1}",(2)軽微なコード変更,UNVERIFIED_EA_INPUT,"{""GoldLabOverlapCooldownHours"":16,""GoldLabOverlapPolicy"":1}",family has no verified SIMVERIFY activation: overlap_mutex,,,,,,,,gdda_is_gdd01_08_20260814100612_7c4e4b,2026-08-14T01:06:12+00:00
GDD01_09,overlap_mutex,PBとSCAの新規を相互排他にし同時損失を抑える,2枠DDが各単独DDを上回り損失重複がある,同一EAで相手Magic保有中の発注を拒否,"{""GoldLabOverlapCooldownHours"":20,""GoldLabOverlapPolicy"":1}",(2)軽微なコード変更,UNVERIFIED_EA_INPUT,"{""GoldLabOverlapCooldownHours"":20,""GoldLabOverlapPolicy"":1}",family has no verified SIMVERIFY activation: overlap_mutex,,,,,,,,gdda_is_gdd01_09_20260814100612_287def,2026-08-14T01:06:12+00:00
GDD01_10,overlap_mutex,PBとSCAの新規を相互排他にし同時損失を抑える,2枠DDが各単独DDを上回り損失重複がある,同一EAで相手Magic保有中の発注を拒否,"{""GoldLabOverlapCooldownHours"":24,""GoldLabOverlapPolicy"":1}",(2)軽微なコード変更,UNVERIFIED_EA_INPUT,"{""GoldLabOverlapCooldownHours"":24,""GoldLabOverlapPolicy"":1}",family has no verified SIMVERIFY activation: overlap_mutex,,,,,,,,gdda_is_gdd01_10_20260814100612_cca155,2026-08-14T01:06:12+00:00
GDD01_11,overlap_mutex,PBとSCAの新規を相互排他にし同時損失を抑える,2枠DDが各単独DDを上回り損失重複がある,同一EAで相手Magic保有中の発注を拒否,"{""GoldLabOverlapCooldownHours"":30,""GoldLabOverlapPolicy"":1}",(2)軽微なコード変更,UNVERIFIED_EA_INPUT,"{""GoldLabOverlapCooldownHours"":30,""GoldLabOverlapPolicy"":1}",family has no verified SIMVERIFY activation: overlap_mutex,,,,,,,,gdda_is_gdd01_11_20260814100613_d11ec1,2026-08-14T01:06:13+00:00
GDD01_12,overlap_mutex,PBとSCAの新規を相互排他にし同時損失を抑える,2枠DDが各単独DDを上回り損失重複がある,同一EAで相手Magic保有中の発注を拒否,"{""GoldLabOverlapCooldownHours"":36,""GoldLabOverlapPolicy"":1}",(2)軽微なコード変更,UNVERIFIED_EA_INPUT,"{""GoldLabOverlapCooldownHours"":36,""GoldLabOverlapPolicy"":1}",family has no verified SIMVERIFY activation: overlap_mutex,,,,,,,,gdda_is_gdd01_12_20260814100613_1513e3,2026-08-14T01:06:13+00:00
GDD01_13,overlap_mutex,PBとSCAの新規を相互排他にし同時損失を抑える,2枠DDが各単独DDを上回り損失重複がある,同一EAで相手Magic保有中の発注を拒否,"{""GoldLabOverlapCooldownHours"":42,""GoldLabOverlapPolicy"":1}",(2)軽微なコード変更,UNVERIFIED_EA_INPUT,"{""GoldLabOverlapCooldownHours"":42,""GoldLabOverlapPolicy"":1}",family has no verified SIMVERIFY activation: overlap_mutex,,,,,,,,gdda_is_gdd01_13_20260814100613_449dc8,2026-08-14T01:06:13+00:00
GDD01_14,overlap_mutex,PBとSCAの新規を相互排他にし同時損失を抑える,2枠DDが各単独DDを上回り損失重複がある,同一EAで相手Magic保有中の発注を拒否,"{""GoldLabOverlapCooldownHours"":48,""GoldLabOverlapPolicy"":1}",(2)軽微なコード変更,UNVERIFIED_EA_INPUT,"{""GoldLabOverlapCooldownHours"":48,""GoldLabOverlapPolicy"":1}",family has no verified SIMVERIFY activation: overlap_mutex,,,,,,,,gdda_is_gdd01_14_20260814100613_e45ad3,2026-08-14T01:06:13+00:00
GDD01_15,overlap_mutex,PBとSCAの新規を相互排他にし同時損失を抑える,2枠DDが各単独DDを上回り損失重複がある,同一EAで相手Magic保有中の発注を拒否,"{""GoldLabOverlapCooldownHours"":60,""GoldLabOverlapPolicy"":1}",(2)軽微なコード変更,UNVERIFIED_EA_INPUT,"{""GoldLabOverlapCooldownHours"":60,""GoldLabOverlapPolicy"":1}",family has no verified SIMVERIFY activation: overlap_mutex,,,,,,,,gdda_is_gdd01_15_20260814100613_c24f26,2026-08-14T01:06:13+00:00
GDD01_16,overlap_mutex,PBとSCAの新規を相互排他にし同時損失を抑える,2枠DDが各単独DDを上回り損失重複がある,同一EAで相手Magic保有中の発注を拒否,"{""GoldLabOverlapCooldownHours"":72,""GoldLabOverlapPolicy"":1}",(2)軽微なコード変更,UNVERIFIED_EA_INPUT,"{""GoldLabOverlapCooldownHours"":72,""GoldLabOverlapPolicy"":1}",family has no verified SIMVERIFY activation: overlap_mutex,,,,,,,,gdda_is_gdd01_16_20260814100613_bc28b5,2026-08-14T01:06:13+00:00
GDD01_17,overlap_mutex,PBとSCAの新規を相互排他にし同時損失を抑える,2枠DDが各単独DDを上回り損失重複がある,同一EAで相手Magic保有中の発注を拒否,"{""GoldLabOverlapCooldownHours"":96,""GoldLabOverlapPolicy"":1}",(2)軽微なコード変更,UNVERIFIED_EA_INPUT,"{""GoldLabOverlapCooldownHours"":96,""GoldLabOverlapPolicy"":1}",family has no verified SIMVERIFY activation: overlap_mutex,,,,,,,,gdda_is_gdd01_17_20260814100613_2bf5b1,2026-08-14T01:06:13+00:00
GDD01_18,overlap_mutex,PBとSCAの新規を相互排他にし同時損失を抑える,2枠DDが各単独DDを上回り損失重複がある,同一EAで相手Magic保有中の発注を拒否,"{""GoldLabOverlapCooldownHours"":120,""GoldLabOverlapPolicy"":1}",(2)軽微なコード変更,UNVERIFIED_EA_INPUT,"{""GoldLabOverlapCooldownHours"":120,""GoldLabOverlapPolicy"":1}",family has no verified SIMVERIFY activation: overlap_mutex,,,,,,,,gdda_is_gdd01_18_20260814100613_6fd96e,2026-08-14T01:06:13+00:00
GDD01_19,overlap_mutex,PBとSCAの新規を相互排他にし同時損失を抑える,2枠DDが各単独DDを上回り損失重複がある,同一EAで相手Magic保有中の発注を拒否,"{""GoldLabOverlapCooldownHours"":144,""GoldLabOverlapPolicy"":1}",(2)軽微なコード変更,UNVERIFIED_EA_INPUT,"{""GoldLabOverlapCooldownHours"":144,""GoldLabOverlapPolicy"":1}",family has no verified SIMVERIFY activation: overlap_mutex,,,,,,,,gdda_is_gdd01_19_20260814100613_4c7b30,2026-08-14T01:06:13+00:00
GDD01_20,overlap_mutex,PBとSCAの新規を相互排他にし同時損失を抑える,2枠DDが各単独DDを上回り損失重複がある,同一EAで相手Magic保有中の発注を拒否,"{""GoldLabOverlapCooldownHours"":168,""GoldLabOverlapPolicy"":1}",(2)軽微なコード変更,UNVERIFIED_EA_INPUT,"{""GoldLabOverlapCooldownHours"":168,""GoldLabOverlapPolicy"":1}",family has no verified SIMVERIFY activation: overlap_mutex,,,,,,,,gdda_is_gdd01_20_20260814100613_0fe63b,2026-08-14T01:06:13+00:00
GDD02_01,overlap_priority_pb,競合時にPBを優先,PBとSCAの期待値・保有長が異なる,競合時SCAのみ見送り,"{""GoldLabOverlapCooldownHours"":0,""GoldLabOverlapPolicy"":2}",(2)軽微なコード変更,UNVERIFIED_EA_INPUT,"{""GoldLabOverlapCooldownHours"":0,""GoldLabOverlapPolicy"":2}",family has no verified SIMVERIFY activation: overlap_priority_pb,,,,,,,,gdda_is_gdd02_01_20260814100613_68eb2a,2026-08-14T01:06:13+00:00
GDD02_02,overlap_priority_pb,競合時にPBを優先,PBとSCAの期待値・保有長が異なる,競合時SCAのみ見送り,"{""GoldLabOverlapCooldownHours"":1,""GoldLabOverlapPolicy"":2}",(2)軽微なコード変更,UNVERIFIED_EA_INPUT,"{""GoldLabOverlapCooldownHours"":1,""GoldLabOverlapPolicy"":2}",family has no verified SIMVERIFY activation: overlap_priority_pb,,,,,,,,gdda_is_gdd02_02_20260814100613_b8866d,2026-08-14T01:06:13+00:00
GDD02_03,overlap_priority_pb,競合時にPBを優先,PBとSCAの期待値・保有長が異なる,競合時SCAのみ見送り,"{""GoldLabOverlapCooldownHours"":2,""GoldLabOverlapPolicy"":2}",(2)軽微なコード変更,UNVERIFIED_EA_INPUT,"{""GoldLabOverlapCooldownHours"":2,""GoldLabOverlapPolicy"":2}",family has no verified SIMVERIFY activation: overlap_priority_pb,,,,,,,,gdda_is_gdd02_03_20260814100613_1fab4c,2026-08-14T01:06:13+00:00
GDD02_04,overlap_priority_pb,競合時にPBを優先,PBとSCAの期待値・保有長が異なる,競合時SCAのみ見送り,"{""GoldLabOverlapCooldownHours"":4,""GoldLabOverlapPolicy"":2}",(2)軽微なコード変更,UNVERIFIED_EA_INPUT,"{""GoldLabOverlapCooldownHours"":4,""GoldLabOverlapPolicy"":2}",family has no verified SIMVERIFY activation: overlap_priority_pb,,,,,,,,gdda_is_gdd02_04_20260814100613_8c6a0d,2026-08-14T01:06:13+00:00
GDD02_05,overlap_priority_pb,競合時にPBを優先,PBとSCAの期待値・保有長が異なる,競合時SCAのみ見送り,"{""GoldLabOverlapCooldownHours"":6,""GoldLabOverlapPolicy"":2}",(2)軽微なコード変更,UNVERIFIED_EA_INPUT,"{""GoldLabOverlapCooldownHours"":6,""GoldLabOverlapPolicy"":2}",family has no verified SIMVERIFY activation: overlap_priority_pb,,,,,,,,gdda_is_gdd02_05_20260814100613_b6b535,2026-08-14T01:06:13+00:00
GDD02_06,overlap_priority_pb,競合時にPBを優先,PBとSCAの期待値・保有長が異なる,競合時SCAのみ見送り,"{""GoldLabOverlapCooldownHours"":8,""GoldLabOverlapPolicy"":2}",(2)軽微なコード変更,UNVERIFIED_EA_INPUT,"{""GoldLabOverlapCooldownHours"":8,""GoldLabOverlapPolicy"":2}",family has no verified SIMVERIFY activation: overlap_priority_pb,,,,,,,,gdda_is_gdd02_06_20260814100613_36b0e1,2026-08-14T01:06:13+00:00
GDD02_07,overlap_priority_pb,競合時にPBを優先,PBとSCAの期待値・保有長が異なる,競合時SCAのみ見送り,"{""GoldLabOverlapCooldownHours"":12,""GoldLabOverlapPolicy"":2}",(2)軽微なコード変更,UNVERIFIED_EA_INPUT,"{""GoldLabOverlapCooldownHours"":12,""GoldLabOverlapPolicy"":2}",family has no verified SIMVERIFY activation: overlap_priority_pb,,,,,,,,gdda_is_gdd02_07_20260814100613_9413d5,2026-08-14T01:06:13+00:00
GDD02_08,overlap_priority_pb,競合時にPBを優先,PBとSCAの期待値・保有長が異なる,競合時SCAのみ見送り,"{""GoldLabOverlapCooldownHours"":16,""GoldLabOverlapPolicy"":2}",(2)軽微なコード変更,UNVERIFIED_EA_INPUT,"{""GoldLabOverlapCooldownHours"":16,""GoldLabOverlapPolicy"":2}",family has no verified SIMVERIFY activation: overlap_priority_pb,,,,,,,,gdda_is_gdd02_08_20260814100613_c6744f,2026-08-14T01:06:13+00:00
GDD02_09,overlap_priority_pb,競合時にPBを優先,PBとSCAの期待値・保有長が異なる,競合時SCAのみ見送り,"{""GoldLabOverlapCooldownHours"":20,""GoldLabOverlapPolicy"":2}",(2)軽微なコード変更,UNVERIFIED_EA_INPUT,"{""GoldLabOverlapCooldownHours"":20,""GoldLabOverlapPolicy"":2}",family has no verified SIMVERIFY activation: overlap_priority_pb,,,,,,,,gdda_is_gdd02_09_20260814100613_cf007d,2026-08-14T01:06:13+00:00
GDD02_10,overlap_priority_pb,競合時にPBを優先,PBとSCAの期待値・保有長が異なる,競合時SCAのみ見送り,"{""GoldLabOverlapCooldownHours"":24,""GoldLabOverlapPolicy"":2}",(2)軽微なコード変更,UNVERIFIED_EA_INPUT,"{""GoldLabOverlapCooldownHours"":24,""GoldLabOverlapPolicy"":2}",family has no verified SIMVERIFY activation: overlap_priority_pb,,,,,,,,gdda_is_gdd02_10_20260814100613_cbc77b,2026-08-14T01:06:13+00:00
GDD02_11,overlap_priority_pb,競合時にPBを優先,PBとSCAの期待値・保有長が異なる,競合時SCAのみ見送り,"{""GoldLabOverlapCooldownHours"":30,""GoldLabOverlapPolicy"":2}",(2)軽微なコード変更,UNVERIFIED_EA_INPUT,"{""GoldLabOverlapCooldownHours"":30,""GoldLabOverlapPolicy"":2}",family has no verified SIMVERIFY activation: overlap_priority_pb,,,,,,,,gdda_is_gdd02_11_20260814100613_c31db2,2026-08-14T01:06:13+00:00
GDD02_12,overlap_priority_pb,競合時にPBを優先,PBとSCAの期待値・保有長が異なる,競合時SCAのみ見送り,"{""GoldLabOverlapCooldownHours"":36,""GoldLabOverlapPolicy"":2}",(2)軽微なコード変更,UNVERIFIED_EA_INPUT,"{""GoldLabOverlapCooldownHours"":36,""GoldLabOverlapPolicy"":2}",family has no verified SIMVERIFY activation: overlap_priority_pb,,,,,,,,gdda_is_gdd02_12_20260814100613_9c8ec1,2026-08-14T01:06:13+00:00
GDD02_13,overlap_priority_pb,競合時にPBを優先,PBとSCAの期待値・保有長が異なる,競合時SCAのみ見送り,"{""GoldLabOverlapCooldownHours"":42,""GoldLabOverlapPolicy"":2}",(2)軽微なコード変更,UNVERIFIED_EA_INPUT,"{""GoldLabOverlapCooldownHours"":42,""GoldLabOverlapPolicy"":2}",family has no verified SIMVERIFY activation: overlap_priority_pb,,,,,,,,gdda_is_gdd02_13_20260814100613_a8f7e2,2026-08-14T01:06:13+00:00
GDD02_14,overlap_priority_pb,競合時にPBを優先,PBとSCAの期待値・保有長が異なる,競合時SCAのみ見送り,"{""GoldLabOverlapCooldownHours"":48,""GoldLabOverlapPolicy"":2}",(2)軽微なコード変更,UNVERIFIED_EA_INPUT,"{""GoldLabOverlapCooldownHours"":48,""GoldLabOverlapPolicy"":2}",family has no verified SIMVERIFY activation: overlap_priority_pb,,,,,,,,gdda_is_gdd02_14_20260814100613_dc9411,2026-08-14T01:06:13+00:00
GDD02_15,overlap_priority_pb,競合時にPBを優先,PBとSCAの期待値・保有長が異なる,競合時SCAのみ見送り,"{""GoldLabOverlapCooldownHours"":60,""GoldLabOverlapPolicy"":2}",(2)軽微なコード変更,UNVERIFIED_EA_INPUT,"{""GoldLabOverlapCooldownHours"":60,""GoldLabOverlapPolicy"":2}",family has no verified SIMVERIFY activation: overlap_priority_pb,,,,,,,,gdda_is_gdd02_15_20260814100613_aa3a54,2026-08-14T01:06:13+00:00
GDD02_16,overlap_priority_pb,競合時にPBを優先,PBとSCAの期待値・保有長が異なる,競合時SCAのみ見送り,"{""GoldLabOverlapCooldownHours"":72,""GoldLabOverlapPolicy"":2}",(2)軽微なコード変更,UNVERIFIED_EA_INPUT,"{""GoldLabOverlapCooldownHours"":72,""GoldLabOverlapPolicy"":2}",family has no verified SIMVERIFY activation: overlap_priority_pb,,,,,,,,gdda_is_gdd02_16_20260814100613_c7c2b3,2026-08-14T01:06:13+00:00
GDD02_17,overlap_priority_pb,競合時にPBを優先,PBとSCAの期待値・保有長が異なる,競合時SCAのみ見送り,"{""GoldLabOverlapCooldownHours"":96,""GoldLabOverlapPolicy"":2}",(2)軽微なコード変更,UNVERIFIED_EA_INPUT,"{""GoldLabOverlapCooldownHours"":96,""GoldLabOverlapPolicy"":2}",family has no verified SIMVERIFY activation: overlap_priority_pb,,,,,,,,gdda_is_gdd02_17_20260814100613_cf62eb,2026-08-14T01:06:13+00:00
GDD02_18,overlap_priority_pb,競合時にPBを優先,PBとSCAの期待値・保有長が異なる,競合時SCAのみ見送り,"{""GoldLabOverlapCooldownHours"":120,""GoldLabOverlapPolicy"":2}",(2)軽微なコード変更,UNVERIFIED_EA_INPUT,"{""GoldLabOverlapCooldownHours"":120,""GoldLabOverlapPolicy"":2}",family has no verified SIMVERIFY activation: overlap_priority_pb,,,,,,,,gdda_is_gdd02_18_20260814100613_3f8ce3,2026-08-14T01:06:13+00:00
GDD02_19,overlap_priority_pb,競合時にPBを優先,PBとSCAの期待値・保有長が異なる,競合時SCAのみ見送り,"{""GoldLabOverlapCooldownHours"":144,""GoldLabOverlapPolicy"":2}",(2)軽微なコード変更,UNVERIFIED_EA_INPUT,"{""GoldLabOverlapCooldownHours"":144,""GoldLabOverlapPolicy"":2}",family has no verified SIMVERIFY activation: overlap_priority_pb,,,,,,,,gdda_is_gdd02_19_20260814100613_e5e2e5,2026-08-14T01:06:13+00:00
GDD02_20,overlap_priority_pb,競合時にPBを優先,PBとSCAの期待値・保有長が異なる,競合時SCAのみ見送り,"{""GoldLabOverlapCooldownHours"":168,""GoldLabOverlapPolicy"":2}",(2)軽微なコード変更,UNVERIFIED_EA_INPUT,"{""GoldLabOverlapCooldownHours"":168,""GoldLabOverlapPolicy"":2}",family has no verified SIMVERIFY activation: overlap_priority_pb,,,,,,,,gdda_is_gdd02_20_20260814100613_5b593a,2026-08-14T01:06:13+00:00
GDD03_01,overlap_priority_sca,競合時にSCAを優先,短期SCAで資金拘束時間を短縮し得る,競合時PBのみ見送り,"{""GoldLabOverlapCooldownHours"":0,""GoldLabOverlapPolicy"":3}",(2)軽微なコード変更,UNVERIFIED_EA_INPUT,"{""GoldLabOverlapCooldownHours"":0,""GoldLabOverlapPolicy"":3}",family has no verified SIMVERIFY activation: overlap_priority_sca,,,,,,,,gdda_is_gdd03_01_20260814100613_2c852e,2026-08-14T01:06:13+00:00
GDD03_02,overlap_priority_sca,競合時にSCAを優先,短期SCAで資金拘束時間を短縮し得る,競合時PBのみ見送り,"{""GoldLabOverlapCooldownHours"":1,""GoldLabOverlapPolicy"":3}",(2)軽微なコード変更,UNVERIFIED_EA_INPUT,"{""GoldLabOverlapCooldownHours"":1,""GoldLabOverlapPolicy"":3}",family has no verified SIMVERIFY activation: overlap_priority_sca,,,,,,,,gdda_is_gdd03_02_20260814100613_399003,2026-08-14T01:06:13+00:00
GDD03_03,overlap_priority_sca,競合時にSCAを優先,短期SCAで資金拘束時間を短縮し得る,競合時PBのみ見送り,"{""GoldLabOverlapCooldownHours"":2,""GoldLabOverlapPolicy"":3}",(2)軽微なコード変更,UNVERIFIED_EA_INPUT,"{""GoldLabOverlapCooldownHours"":2,""GoldLabOverlapPolicy"":3}",family has no verified SIMVERIFY activation: overlap_priority_sca,,,,,,,,gdda_is_gdd03_03_20260814100613_545922,2026-08-14T01:06:13+00:00
GDD03_04,overlap_priority_sca,競合時にSCAを優先,短期SCAで資金拘束時間を短縮し得る,競合時PBのみ見送り,"{""GoldLabOverlapCooldownHours"":4,""GoldLabOverlapPolicy"":3}",(2)軽微なコード変更,UNVERIFIED_EA_INPUT,"{""GoldLabOverlapCooldownHours"":4,""GoldLabOverlapPolicy"":3}",family has no verified SIMVERIFY activation: overlap_priority_sca,,,,,,,,gdda_is_gdd03_04_20260814100613_31ac5f,2026-08-14T01:06:13+00:00
GDD03_05,overlap_priority_sca,競合時にSCAを優先,短期SCAで資金拘束時間を短縮し得る,競合時PBのみ見送り,"{""GoldLabOverlapCooldownHours"":6,""GoldLabOverlapPolicy"":3}",(2)軽微なコード変更,UNVERIFIED_EA_INPUT,"{""GoldLabOverlapCooldownHours"":6,""GoldLabOverlapPolicy"":3}",family has no verified SIMVERIFY activation: overlap_priority_sca,,,,,,,,gdda_is_gdd03_05_20260814100613_2e168d,2026-08-14T01:06:13+00:00
GDD03_06,overlap_priority_sca,競合時にSCAを優先,短期SCAで資金拘束時間を短縮し得る,競合時PBのみ見送り,"{""GoldLabOverlapCooldownHours"":8,""GoldLabOverlapPolicy"":3}",(2)軽微なコード変更,UNVERIFIED_EA_INPUT,"{""GoldLabOverlapCooldownHours"":8,""GoldLabOverlapPolicy"":3}",family has no verified SIMVERIFY activation: overlap_priority_sca,,,,,,,,gdda_is_gdd03_06_20260814100613_c7d124,2026-08-14T01:06:13+00:00
GDD03_07,overlap_priority_sca,競合時にSCAを優先,短期SCAで資金拘束時間を短縮し得る,競合時PBのみ見送り,"{""GoldLabOverlapCooldownHours"":12,""GoldLabOverlapPolicy"":3}",(2)軽微なコード変更,UNVERIFIED_EA_INPUT,"{""GoldLabOverlapCooldownHours"":12,""GoldLabOverlapPolicy"":3}",family has no verified SIMVERIFY activation: overlap_priority_sca,,,,,,,,gdda_is_gdd03_07_20260814100613_c71d2d,2026-08-14T01:06:13+00:00
GDD03_08,overlap_priority_sca,競合時にSCAを優先,短期SCAで資金拘束時間を短縮し得る,競合時PBのみ見送り,"{""GoldLabOverlapCooldownHours"":16,""GoldLabOverlapPolicy"":3}",(2)軽微なコード変更,UNVERIFIED_EA_INPUT,"{""GoldLabOverlapCooldownHours"":16,""GoldLabOverlapPolicy"":3}",family has no verified SIMVERIFY activation: overlap_priority_sca,,,,,,,,gdda_is_gdd03_08_20260814100613_a738bd,2026-08-14T01:06:13+00:00
GDD03_09,overlap_priority_sca,競合時にSCAを優先,短期SCAで資金拘束時間を短縮し得る,競合時PBのみ見送り,"{""GoldLabOverlapCooldownHours"":20,""GoldLabOverlapPolicy"":3}",(2)軽微なコード変更,UNVERIFIED_EA_INPUT,"{""GoldLabOverlapCooldownHours"":20,""GoldLabOverlapPolicy"":3}",family has no verified SIMVERIFY activation: overlap_priority_sca,,,,,,,,gdda_is_gdd03_09_20260814100613_a9c98d,2026-08-14T01:06:13+00:00
GDD03_10,overlap_priority_sca,競合時にSCAを優先,短期SCAで資金拘束時間を短縮し得る,競合時PBのみ見送り,"{""GoldLabOverlapCooldownHours"":24,""GoldLabOverlapPolicy"":3}",(2)軽微なコード変更,UNVERIFIED_EA_INPUT,"{""GoldLabOverlapCooldownHours"":24,""GoldLabOverlapPolicy"":3}",family has no verified SIMVERIFY activation: overlap_priority_sca,,,,,,,,gdda_is_gdd03_10_20260814100613_fc1a4b,2026-08-14T01:06:13+00:00
GDD03_11,overlap_priority_sca,競合時にSCAを優先,短期SCAで資金拘束時間を短縮し得る,競合時PBのみ見送り,"{""GoldLabOverlapCooldownHours"":30,""GoldLabOverlapPolicy"":3}",(2)軽微なコード変更,UNVERIFIED_EA_INPUT,"{""GoldLabOverlapCooldownHours"":30,""GoldLabOverlapPolicy"":3}",family has no verified SIMVERIFY activation: overlap_priority_sca,,,,,,,,gdda_is_gdd03_11_20260814100613_766d7e,2026-08-14T01:06:13+00:00
GDD03_12,overlap_priority_sca,競合時にSCAを優先,短期SCAで資金拘束時間を短縮し得る,競合時PBのみ見送り,"{""GoldLabOverlapCooldownHours"":36,""GoldLabOverlapPolicy"":3}",(2)軽微なコード変更,UNVERIFIED_EA_INPUT,"{""GoldLabOverlapCooldownHours"":36,""GoldLabOverlapPolicy"":3}",family has no verified SIMVERIFY activation: overlap_priority_sca,,,,,,,,gdda_is_gdd03_12_20260814100613_15d65d,2026-08-14T01:06:13+00:00
GDD03_13,overlap_priority_sca,競合時にSCAを優先,短期SCAで資金拘束時間を短縮し得る,競合時PBのみ見送り,"{""GoldLabOverlapCooldownHours"":42,""GoldLabOverlapPolicy"":3}",(2)軽微なコード変更,UNVERIFIED_EA_INPUT,"{""GoldLabOverlapCooldownHours"":42,""GoldLabOverlapPolicy"":3}",family has no verified SIMVERIFY activation: overlap_priority_sca,,,,,,,,gdda_is_gdd03_13_20260814100613_30d3e4,2026-08-14T01:06:13+00:00
GDD03_14,overlap_priority_sca,競合時にSCAを優先,短期SCAで資金拘束時間を短縮し得る,競合時PBのみ見送り,"{""GoldLabOverlapCooldownHours"":48,""GoldLabOverlapPolicy"":3}",(2)軽微なコード変更,UNVERIFIED_EA_INPUT,"{""GoldLabOverlapCooldownHours"":48,""GoldLabOverlapPolicy"":3}",family has no verified SIMVERIFY activation: overlap_priority_sca,,,,,,,,gdda_is_gdd03_14_20260814100613_86cae0,2026-08-14T01:06:13+00:00
GDD03_15,overlap_priority_sca,競合時にSCAを優先,短期SCAで資金拘束時間を短縮し得る,競合時PBのみ見送り,"{""GoldLabOverlapCooldownHours"":60,""GoldLabOverlapPolicy"":3}",(2)軽微なコード変更,UNVERIFIED_EA_INPUT,"{""GoldLabOverlapCooldownHours"":60,""GoldLabOverlapPolicy"":3}",family has no verified SIMVERIFY activation: overlap_priority_sca,,,,,,,,gdda_is_gdd03_15_20260814100613_6c1b50,2026-08-14T01:06:13+00:00
GDD03_16,overlap_priority_sca,競合時にSCAを優先,短期SCAで資金拘束時間を短縮し得る,競合時PBのみ見送り,"{""GoldLabOverlapCooldownHours"":72,""GoldLabOverlapPolicy"":3}",(2)軽微なコード変更,UNVERIFIED_EA_INPUT,"{""GoldLabOverlapCooldownHours"":72,""GoldLabOverlapPolicy"":3}",family has no verified SIMVERIFY activation: overlap_priority_sca,,,,,,,,gdda_is_gdd03_16_20260814100613_2c520a,2026-08-14T01:06:13+00:00
GDD03_17,overlap_priority_sca,競合時にSCAを優先,短期SCAで資金拘束時間を短縮し得る,競合時PBのみ見送り,"{""GoldLabOverlapCooldownHours"":96,""GoldLabOverlapPolicy"":3}",(2)軽微なコード変更,UNVERIFIED_EA_INPUT,"{""GoldLabOverlapCooldownHours"":96,""GoldLabOverlapPolicy"":3}",family has no verified SIMVERIFY activation: overlap_priority_sca,,,,,,,,gdda_is_gdd03_17_20260814100613_9b8a60,2026-08-14T01:06:13+00:00
GDD03_18,overlap_priority_sca,競合時にSCAを優先,短期SCAで資金拘束時間を短縮し得る,競合時PBのみ見送り,"{""GoldLabOverlapCooldownHours"":120,""GoldLabOverlapPolicy"":3}",(2)軽微なコード変更,UNVERIFIED_EA_INPUT,"{""GoldLabOverlapCooldownHours"":120,""GoldLabOverlapPolicy"":3}",family has no verified SIMVERIFY activation: overlap_priority_sca,,,,,,,,gdda_is_gdd03_18_20260814100613_1f390d,2026-08-14T01:06:13+00:00
GDD03_19,overlap_priority_sca,競合時にSCAを優先,短期SCAで資金拘束時間を短縮し得る,競合時PBのみ見送り,"{""GoldLabOverlapCooldownHours"":144,""GoldLabOverlapPolicy"":3}",(2)軽微なコード変更,UNVERIFIED_EA_INPUT,"{""GoldLabOverlapCooldownHours"":144,""GoldLabOverlapPolicy"":3}",family has no verified SIMVERIFY activation: overlap_priority_sca,,,,,,,,gdda_is_gdd03_19_20260814100613_88b1ed,2026-08-14T01:06:13+00:00
GDD03_20,overlap_priority_sca,競合時にSCAを優先,短期SCAで資金拘束時間を短縮し得る,競合時PBのみ見送り,"{""GoldLabOverlapCooldownHours"":168,""GoldLabOverlapPolicy"":3}",(2)軽微なコード変更,UNVERIFIED_EA_INPUT,"{""GoldLabOverlapCooldownHours"":168,""GoldLabOverlapPolicy"":3}",family has no verified SIMVERIFY activation: overlap_priority_sca,,,,,,,,gdda_is_gdd03_20_20260814100613_86e071,2026-08-14T01:06:13+00:00
GDD04_01,overlap_direction,同方向だけ同時保有禁止,同方向GOLDベータの重複だけ除く,方向別Magic保有判定,"{""GoldLabOverlapCooldownHours"":0,""GoldLabOverlapPolicy"":4}",(2)軽微なコード変更,UNVERIFIED_EA_INPUT,"{""GoldLabOverlapCooldownHours"":0,""GoldLabOverlapPolicy"":4}",family has no verified SIMVERIFY activation: overlap_direction,,,,,,,,gdda_is_gdd04_01_20260814100613_90b212,2026-08-14T01:06:13+00:00
GDD04_02,overlap_direction,同方向だけ同時保有禁止,同方向GOLDベータの重複だけ除く,方向別Magic保有判定,"{""GoldLabOverlapCooldownHours"":1,""GoldLabOverlapPolicy"":4}",(2)軽微なコード変更,UNVERIFIED_EA_INPUT,"{""GoldLabOverlapCooldownHours"":1,""GoldLabOverlapPolicy"":4}",family has no verified SIMVERIFY activation: overlap_direction,,,,,,,,gdda_is_gdd04_02_20260814100613_61c2d3,2026-08-14T01:06:13+00:00
GDD04_03,overlap_direction,同方向だけ同時保有禁止,同方向GOLDベータの重複だけ除く,方向別Magic保有判定,"{""GoldLabOverlapCooldownHours"":2,""GoldLabOverlapPolicy"":4}",(2)軽微なコード変更,UNVERIFIED_EA_INPUT,"{""GoldLabOverlapCooldownHours"":2,""GoldLabOverlapPolicy"":4}",family has no verified SIMVERIFY activation: overlap_direction,,,,,,,,gdda_is_gdd04_03_20260814100613_37a617,2026-08-14T01:06:13+00:00
GDD04_04,overlap_direction,同方向だけ同時保有禁止,同方向GOLDベータの重複だけ除く,方向別Magic保有判定,"{""GoldLabOverlapCooldownHours"":4,""GoldLabOverlapPolicy"":4}",(2)軽微なコード変更,UNVERIFIED_EA_INPUT,"{""GoldLabOverlapCooldownHours"":4,""GoldLabOverlapPolicy"":4}",family has no verified SIMVERIFY activation: overlap_direction,,,,,,,,gdda_is_gdd04_04_20260814100613_43f5b4,2026-08-14T01:06:13+00:00
GDD04_05,overlap_direction,同方向だけ同時保有禁止,同方向GOLDベータの重複だけ除く,方向別Magic保有判定,"{""GoldLabOverlapCooldownHours"":6,""GoldLabOverlapPolicy"":4}",(2)軽微なコード変更,UNVERIFIED_EA_INPUT,"{""GoldLabOverlapCooldownHours"":6,""GoldLabOverlapPolicy"":4}",family has no verified SIMVERIFY activation: overlap_direction,,,,,,,,gdda_is_gdd04_05_20260814100613_46f13f,2026-08-14T01:06:13+00:00
GDD04_06,overlap_direction,同方向だけ同時保有禁止,同方向GOLDベータの重複だけ除く,方向別Magic保有判定,"{""GoldLabOverlapCooldownHours"":8,""GoldLabOverlapPolicy"":4}",(2)軽微なコード変更,UNVERIFIED_EA_INPUT,"{""GoldLabOverlapCooldownHours"":8,""GoldLabOverlapPolicy"":4}",family has no verified SIMVERIFY activation: overlap_direction,,,,,,,,gdda_is_gdd04_06_20260814100613_fe6307,2026-08-14T01:06:13+00:00
GDD04_07,overlap_direction,同方向だけ同時保有禁止,同方向GOLDベータの重複だけ除く,方向別Magic保有判定,"{""GoldLabOverlapCooldownHours"":12,""GoldLabOverlapPolicy"":4}",(2)軽微なコード変更,UNVERIFIED_EA_INPUT,"{""GoldLabOverlapCooldownHours"":12,""GoldLabOverlapPolicy"":4}",family has no verified SIMVERIFY activation: overlap_direction,,,,,,,,gdda_is_gdd04_07_20260814100613_b049fe,2026-08-14T01:06:13+00:00
GDD04_08,overlap_direction,同方向だけ同時保有禁止,同方向GOLDベータの重複だけ除く,方向別Magic保有判定,"{""GoldLabOverlapCooldownHours"":16,""GoldLabOverlapPolicy"":4}",(2)軽微なコード変更,UNVERIFIED_EA_INPUT,"{""GoldLabOverlapCooldownHours"":16,""GoldLabOverlapPolicy"":4}",family has no verified SIMVERIFY activation: overlap_direction,,,,,,,,gdda_is_gdd04_08_20260814100613_90be36,2026-08-14T01:06:13+00:00
GDD04_09,overlap_direction,同方向だけ同時保有禁止,同方向GOLDベータの重複だけ除く,方向別Magic保有判定,"{""GoldLabOverlapCooldownHours"":20,""GoldLabOverlapPolicy"":4}",(2)軽微なコード変更,UNVERIFIED_EA_INPUT,"{""GoldLabOverlapCooldownHours"":20,""GoldLabOverlapPolicy"":4}",family has no verified SIMVERIFY activation: overlap_direction,,,,,,,,gdda_is_gdd04_09_20260814100613_b39312,2026-08-14T01:06:13+00:00
GDD04_10,overlap_direction,同方向だけ同時保有禁止,同方向GOLDベータの重複だけ除く,方向別Magic保有判定,"{""GoldLabOverlapCooldownHours"":24,""GoldLabOverlapPolicy"":4}",(2)軽微なコード変更,UNVERIFIED_EA_INPUT,"{""GoldLabOverlapCooldownHours"":24,""GoldLabOverlapPolicy"":4}",family has no verified SIMVERIFY activation: overlap_direction,,,,,,,,gdda_is_gdd04_10_20260814100613_c68f86,2026-08-14T01:06:13+00:00
GDD04_11,overlap_direction,同方向だけ同時保有禁止,同方向GOLDベータの重複だけ除く,方向別Magic保有判定,"{""GoldLabOverlapCooldownHours"":30,""GoldLabOverlapPolicy"":4}",(2)軽微なコード変更,UNVERIFIED_EA_INPUT,"{""GoldLabOverlapCooldownHours"":30,""GoldLabOverlapPolicy"":4}",family has no verified SIMVERIFY activation: overlap_direction,,,,,,,,gdda_is_gdd04_11_20260814100613_536ae6,2026-08-14T01:06:13+00:00
GDD04_12,overlap_direction,同方向だけ同時保有禁止,同方向GOLDベータの重複だけ除く,方向別Magic保有判定,"{""GoldLabOverlapCooldownHours"":36,""GoldLabOverlapPolicy"":4}",(2)軽微なコード変更,UNVERIFIED_EA_INPUT,"{""GoldLabOverlapCooldownHours"":36,""GoldLabOverlapPolicy"":4}",family has no verified SIMVERIFY activation: overlap_direction,,,,,,,,gdda_is_gdd04_12_20260814100613_538481,2026-08-14T01:06:13+00:00
GDD04_13,overlap_direction,同方向だけ同時保有禁止,同方向GOLDベータの重複だけ除く,方向別Magic保有判定,"{""GoldLabOverlapCooldownHours"":42,""GoldLabOverlapPolicy"":4}",(2)軽微なコード変更,UNVERIFIED_EA_INPUT,"{""GoldLabOverlapCooldownHours"":42,""GoldLabOverlapPolicy"":4}",family has no verified SIMVERIFY activation: overlap_direction,,,,,,,,gdda_is_gdd04_13_20260814100613_bf8dae,2026-08-14T01:06:13+00:00
GDD04_14,overlap_direction,同方向だけ同時保有禁止,同方向GOLDベータの重複だけ除く,方向別Magic保有判定,"{""GoldLabOverlapCooldownHours"":48,""GoldLabOverlapPolicy"":4}",(2)軽微なコード変更,UNVERIFIED_EA_INPUT,"{""GoldLabOverlapCooldownHours"":48,""GoldLabOverlapPolicy"":4}",family has no verified SIMVERIFY activation: overlap_direction,,,,,,,,gdda_is_gdd04_14_20260814100613_ed30d0,2026-08-14T01:06:13+00:00
GDD04_15,overlap_direction,同方向だけ同時保有禁止,同方向GOLDベータの重複だけ除く,方向別Magic保有判定,"{""GoldLabOverlapCooldownHours"":60,""GoldLabOverlapPolicy"":4}",(2)軽微なコード変更,UNVERIFIED_EA_INPUT,"{""GoldLabOverlapCooldownHours"":60,""GoldLabOverlapPolicy"":4}",family has no verified SIMVERIFY activation: overlap_direction,,,,,,,,gdda_is_gdd04_15_20260814100613_023400,2026-08-14T01:06:13+00:00
GDD04_16,overlap_direction,同方向だけ同時保有禁止,同方向GOLDベータの重複だけ除く,方向別Magic保有判定,"{""GoldLabOverlapCooldownHours"":72,""GoldLabOverlapPolicy"":4}",(2)軽微なコード変更,UNVERIFIED_EA_INPUT,"{""GoldLabOverlapCooldownHours"":72,""GoldLabOverlapPolicy"":4}",family has no verified SIMVERIFY activation: overlap_direction,,,,,,,,gdda_is_gdd04_16_20260814100613_440394,2026-08-14T01:06:13+00:00
GDD04_17,overlap_direction,同方向だけ同時保有禁止,同方向GOLDベータの重複だけ除く,方向別Magic保有判定,"{""GoldLabOverlapCooldownHours"":96,""GoldLabOverlapPolicy"":4}",(2)軽微なコード変更,UNVERIFIED_EA_INPUT,"{""GoldLabOverlapCooldownHours"":96,""GoldLabOverlapPolicy"":4}",family has no verified SIMVERIFY activation: overlap_direction,,,,,,,,gdda_is_gdd04_17_20260814100613_2a6129,2026-08-14T01:06:13+00:00
GDD04_18,overlap_direction,同方向だけ同時保有禁止,同方向GOLDベータの重複だけ除く,方向別Magic保有判定,"{""GoldLabOverlapCooldownHours"":120,""GoldLabOverlapPolicy"":4}",(2)軽微なコード変更,UNVERIFIED_EA_INPUT,"{""GoldLabOverlapCooldownHours"":120,""GoldLabOverlapPolicy"":4}",family has no verified SIMVERIFY activation: overlap_direction,,,,,,,,gdda_is_gdd04_18_20260814100613_0c5aa2,2026-08-14T01:06:13+00:00
GDD04_19,overlap_direction,同方向だけ同時保有禁止,同方向GOLDベータの重複だけ除く,方向別Magic保有判定,"{""GoldLabOverlapCooldownHours"":144,""GoldLabOverlapPolicy"":4}",(2)軽微なコード変更,UNVERIFIED_EA_INPUT,"{""GoldLabOverlapCooldownHours"":144,""GoldLabOverlapPolicy"":4}",family has no verified SIMVERIFY activation: overlap_direction,,,,,,,,gdda_is_gdd04_19_20260814100613_eb3de9,2026-08-14T01:06:13+00:00
GDD04_20,overlap_direction,同方向だけ同時保有禁止,同方向GOLDベータの重複だけ除く,方向別Magic保有判定,"{""GoldLabOverlapCooldownHours"":168,""GoldLabOverlapPolicy"":4}",(2)軽微なコード変更,UNVERIFIED_EA_INPUT,"{""GoldLabOverlapCooldownHours"":168,""GoldLabOverlapPolicy"":4}",family has no verified SIMVERIFY activation: overlap_direction,,,,,,,,gdda_is_gdd04_20_20260814100613_d118c7,2026-08-14T01:06:13+00:00
GDD05_01,overlap_opposite,逆方向だけ同時保有禁止,逆方向の往復損を避ける,方向別Magic保有判定,"{""GoldLabOverlapCooldownHours"":0,""GoldLabOverlapPolicy"":5}",(2)軽微なコード変更,UNVERIFIED_EA_INPUT,"{""GoldLabOverlapCooldownHours"":0,""GoldLabOverlapPolicy"":5}",family has no verified SIMVERIFY activation: overlap_opposite,,,,,,,,gdda_is_gdd05_01_20260814100613_35c244,2026-08-14T01:06:13+00:00
GDD05_02,overlap_opposite,逆方向だけ同時保有禁止,逆方向の往復損を避ける,方向別Magic保有判定,"{""GoldLabOverlapCooldownHours"":1,""GoldLabOverlapPolicy"":5}",(2)軽微なコード変更,UNVERIFIED_EA_INPUT,"{""GoldLabOverlapCooldownHours"":1,""GoldLabOverlapPolicy"":5}",family has no verified SIMVERIFY activation: overlap_opposite,,,,,,,,gdda_is_gdd05_02_20260814100613_8af5b4,2026-08-14T01:06:13+00:00
GDD05_03,overlap_opposite,逆方向だけ同時保有禁止,逆方向の往復損を避ける,方向別Magic保有判定,"{""GoldLabOverlapCooldownHours"":2,""GoldLabOverlapPolicy"":5}",(2)軽微なコード変更,UNVERIFIED_EA_INPUT,"{""GoldLabOverlapCooldownHours"":2,""GoldLabOverlapPolicy"":5}",family has no verified SIMVERIFY activation: overlap_opposite,,,,,,,,gdda_is_gdd05_03_20260814100613_0aff37,2026-08-14T01:06:13+00:00
GDD05_04,overlap_opposite,逆方向だけ同時保有禁止,逆方向の往復損を避ける,方向別Magic保有判定,"{""GoldLabOverlapCooldownHours"":4,""GoldLabOverlapPolicy"":5}",(2)軽微なコード変更,UNVERIFIED_EA_INPUT,"{""GoldLabOverlapCooldownHours"":4,""GoldLabOverlapPolicy"":5}",family has no verified SIMVERIFY activation: overlap_opposite,,,,,,,,gdda_is_gdd05_04_20260814100613_1af90d,2026-08-14T01:06:13+00:00
GDD05_05,overlap_opposite,逆方向だけ同時保有禁止,逆方向の往復損を避ける,方向別Magic保有判定,"{""GoldLabOverlapCooldownHours"":6,""GoldLabOverlapPolicy"":5}",(2)軽微なコード変更,UNVERIFIED_EA_INPUT,"{""GoldLabOverlapCooldownHours"":6,""GoldLabOverlapPolicy"":5}",family has no verified SIMVERIFY activation: overlap_opposite,,,,,,,,gdda_is_gdd05_05_20260814100613_fce665,2026-08-14T01:06:13+00:00
GDD05_06,overlap_opposite,逆方向だけ同時保有禁止,逆方向の往復損を避ける,方向別Magic保有判定,"{""GoldLabOverlapCooldownHours"":8,""GoldLabOverlapPolicy"":5}",(2)軽微なコード変更,UNVERIFIED_EA_INPUT,"{""GoldLabOverlapCooldownHours"":8,""GoldLabOverlapPolicy"":5}",family has no verified SIMVERIFY activation: overlap_opposite,,,,,,,,gdda_is_gdd05_06_20260814100613_77e078,2026-08-14T01:06:13+00:00
GDD05_07,overlap_opposite,逆方向だけ同時保有禁止,逆方向の往復損を避ける,方向別Magic保有判定,"{""GoldLabOverlapCooldownHours"":12,""GoldLabOverlapPolicy"":5}",(2)軽微なコード変更,UNVERIFIED_EA_INPUT,"{""GoldLabOverlapCooldownHours"":12,""GoldLabOverlapPolicy"":5}",family has no verified SIMVERIFY activation: overlap_opposite,,,,,,,,gdda_is_gdd05_07_20260814100613_ec6c74,2026-08-14T01:06:13+00:00
GDD05_08,overlap_opposite,逆方向だけ同時保有禁止,逆方向の往復損を避ける,方向別Magic保有判定,"{""GoldLabOverlapCooldownHours"":16,""GoldLabOverlapPolicy"":5}",(2)軽微なコード変更,UNVERIFIED_EA_INPUT,"{""GoldLabOverlapCooldownHours"":16,""GoldLabOverlapPolicy"":5}",family has no verified SIMVERIFY activation: overlap_opposite,,,,,,,,gdda_is_gdd05_08_20260814100613_ed2c41,2026-08-14T01:06:13+00:00
GDD05_09,overlap_opposite,逆方向だけ同時保有禁止,逆方向の往復損を避ける,方向別Magic保有判定,"{""GoldLabOverlapCooldownHours"":20,""GoldLabOverlapPolicy"":5}",(2)軽微なコード変更,UNVERIFIED_EA_INPUT,"{""GoldLabOverlapCooldownHours"":20,""GoldLabOverlapPolicy"":5}",family has no verified SIMVERIFY activation: overlap_opposite,,,,,,,,gdda_is_gdd05_09_20260814100613_00cb7c,2026-08-14T01:06:13+00:00
GDD05_10,overlap_opposite,逆方向だけ同時保有禁止,逆方向の往復損を避ける,方向別Magic保有判定,"{""GoldLabOverlapCooldownHours"":24,""GoldLabOverlapPolicy"":5}",(2)軽微なコード変更,UNVERIFIED_EA_INPUT,"{""GoldLabOverlapCooldownHours"":24,""GoldLabOverlapPolicy"":5}",family has no verified SIMVERIFY activation: overlap_opposite,,,,,,,,gdda_is_gdd05_10_20260814100613_7dc8e1,2026-08-14T01:06:13+00:00
GDD05_11,overlap_opposite,逆方向だけ同時保有禁止,逆方向の往復損を避ける,方向別Magic保有判定,"{""GoldLabOverlapCooldownHours"":30,""GoldLabOverlapPolicy"":5}",(2)軽微なコード変更,UNVERIFIED_EA_INPUT,"{""GoldLabOverlapCooldownHours"":30,""GoldLabOverlapPolicy"":5}",family has no verified SIMVERIFY activation: overlap_opposite,,,,,,,,gdda_is_gdd05_11_20260814100613_d94390,2026-08-14T01:06:13+00:00
GDD05_12,overlap_opposite,逆方向だけ同時保有禁止,逆方向の往復損を避ける,方向別Magic保有判定,"{""GoldLabOverlapCooldownHours"":36,""GoldLabOverlapPolicy"":5}",(2)軽微なコード変更,UNVERIFIED_EA_INPUT,"{""GoldLabOverlapCooldownHours"":36,""GoldLabOverlapPolicy"":5}",family has no verified SIMVERIFY activation: overlap_opposite,,,,,,,,gdda_is_gdd05_12_20260814100613_5bc53c,2026-08-14T01:06:13+00:00
GDD05_13,overlap_opposite,逆方向だけ同時保有禁止,逆方向の往復損を避ける,方向別Magic保有判定,"{""GoldLabOverlapCooldownHours"":42,""GoldLabOverlapPolicy"":5}",(2)軽微なコード変更,UNVERIFIED_EA_INPUT,"{""GoldLabOverlapCooldownHours"":42,""GoldLabOverlapPolicy"":5}",family has no verified SIMVERIFY activation: overlap_opposite,,,,,,,,gdda_is_gdd05_13_20260814100613_6cfe71,2026-08-14T01:06:13+00:00
GDD05_14,overlap_opposite,逆方向だけ同時保有禁止,逆方向の往復損を避ける,方向別Magic保有判定,"{""GoldLabOverlapCooldownHours"":48,""GoldLabOverlapPolicy"":5}",(2)軽微なコード変更,UNVERIFIED_EA_INPUT,"{""GoldLabOverlapCooldownHours"":48,""GoldLabOverlapPolicy"":5}",family has no verified SIMVERIFY activation: overlap_opposite,,,,,,,,gdda_is_gdd05_14_20260814100613_d60a12,2026-08-14T01:06:13+00:00
GDD05_15,overlap_opposite,逆方向だけ同時保有禁止,逆方向の往復損を避ける,方向別Magic保有判定,"{""GoldLabOverlapCooldownHours"":60,""GoldLabOverlapPolicy"":5}",(2)軽微なコード変更,UNVERIFIED_EA_INPUT,"{""GoldLabOverlapCooldownHours"":60,""GoldLabOverlapPolicy"":5}",family has no verified SIMVERIFY activation: overlap_opposite,,,,,,,,gdda_is_gdd05_15_20260814100613_e7355c,2026-08-14T01:06:13+00:00
GDD05_16,overlap_opposite,逆方向だけ同時保有禁止,逆方向の往復損を避ける,方向別Magic保有判定,"{""GoldLabOverlapCooldownHours"":72,""GoldLabOverlapPolicy"":5}",(2)軽微なコード変更,UNVERIFIED_EA_INPUT,"{""GoldLabOverlapCooldownHours"":72,""GoldLabOverlapPolicy"":5}",family has no verified SIMVERIFY activation: overlap_opposite,,,,,,,,gdda_is_gdd05_16_20260814100613_34a09f,2026-08-14T01:06:13+00:00
GDD05_17,overlap_opposite,逆方向だけ同時保有禁止,逆方向の往復損を避ける,方向別Magic保有判定,"{""GoldLabOverlapCooldownHours"":96,""GoldLabOverlapPolicy"":5}",(2)軽微なコード変更,UNVERIFIED_EA_INPUT,"{""GoldLabOverlapCooldownHours"":96,""GoldLabOverlapPolicy"":5}",family has no verified SIMVERIFY activation: overlap_opposite,,,,,,,,gdda_is_gdd05_17_20260814100613_ee5148,2026-08-14T01:06:13+00:00
GDD05_18,overlap_opposite,逆方向だけ同時保有禁止,逆方向の往復損を避ける,方向別Magic保有判定,"{""GoldLabOverlapCooldownHours"":120,""GoldLabOverlapPolicy"":5}",(2)軽微なコード変更,UNVERIFIED_EA_INPUT,"{""GoldLabOverlapCooldownHours"":120,""GoldLabOverlapPolicy"":5}",family has no verified SIMVERIFY activation: overlap_opposite,,,,,,,,gdda_is_gdd05_18_20260814100613_16f648,2026-08-14T01:06:13+00:00
GDD05_19,overlap_opposite,逆方向だけ同時保有禁止,逆方向の往復損を避ける,方向別Magic保有判定,"{""GoldLabOverlapCooldownHours"":144,""GoldLabOverlapPolicy"":5}",(2)軽微なコード変更,UNVERIFIED_EA_INPUT,"{""GoldLabOverlapCooldownHours"":144,""GoldLabOverlapPolicy"":5}",family has no verified SIMVERIFY activation: overlap_opposite,,,,,,,,gdda_is_gdd05_19_20260814100614_6753df,2026-08-14T01:06:14+00:00
GDD05_20,overlap_opposite,逆方向だけ同時保有禁止,逆方向の往復損を避ける,方向別Magic保有判定,"{""GoldLabOverlapCooldownHours"":168,""GoldLabOverlapPolicy"":5}",(2)軽微なコード変更,UNVERIFIED_EA_INPUT,"{""GoldLabOverlapCooldownHours"":168,""GoldLabOverlapPolicy"":5}",family has no verified SIMVERIFY activation: overlap_opposite,,,,,,,,gdda_is_gdd05_20_20260814100614_5f157a,2026-08-14T01:06:14+00:00
GDD06_01,pb_atr_sl,PBの初期SLをATR倍率で再設計,2026-03最大DDのPB損失幅を直接制御,ATR SLと連動TPをEA内設定,"{""GoldDDPBATRSL"":0.5}",(2)軽微なコード変更,OOS_PASS,"{""GoldDDPBATRSL"":0.5}","OOS net=55033.65 (0.916x), PF=1.452318 (1.040x), DD=10376.91円/10.37691pt (0.752x); baseline net=60050.52, PF=1.396192, DD=13806.08円",196975.5100000000,1.695933385312,21687.6600000001,55033.65,1.452318308397341,10376.910000000003,0.01|0.02|0.05,gdda_xm5_gdd06_01_20260814100657_ab9000,2026-08-14T01:16:11+00:00
GDD06_02,pb_atr_sl,PBの初期SLをATR倍率で再設計,2026-03最大DDのPB損失幅を直接制御,ATR SLと連動TPをEA内設定,"{""GoldDDPBATRSL"":0.6}",(2)軽微なコード変更,OOS_PASS,"{""GoldDDPBATRSL"":0.6}","OOS net=52889.30 (0.881x), PF=1.419952 (1.017x), DD=10432.38円/10.43238pt (0.756x); baseline net=60050.52, PF=1.396192, DD=13806.08円",197843.7600000000,1.667629644960,24907.1800000001,52889.3,1.419952060198213,10432.37999999999,0.01|0.02|0.05,gdda_xm5_gdd06_02_20260814102239_360bc7,2026-08-14T01:31:27+00:00
GDD06_03,pb_atr_sl,PBの初期SLをATR倍率で再設計,2026-03最大DDのPB損失幅を直接制御,ATR SLと連動TPをEA内設定,"{""GoldDDPBATRSL"":0.7}",(2)軽微なコード変更,IS_REJECT_PROFIT_LOSS,"{""GoldDDPBATRSL"":0.7}","IS net=211050.23 (0.637x), PF=1.694058 (0.905x), DD=26971.98 (0.841x); baseline net=331176.79, PF=1.871883, DD=32052.72",211050.2300000000,1.694058357205,26971.9800000001,,,,0.01|0.02,gdd2_is_gdd06_03_20260814,2026-08-13T17:28:15.900974+00:00
GDD06_04,pb_atr_sl,PBの初期SLをATR倍率で再設計,2026-03最大DDのPB損失幅を直接制御,ATR SLと連動TPをEA内設定,"{""GoldDDPBATRSL"":0.8}",(2)軽微なコード変更,IS_REJECT_PROFIT_LOSS,"{""GoldDDPBATRSL"":0.8}","IS net=224687.44 (0.678x), PF=1.722172 (0.920x), DD=31859.57 (0.994x); baseline net=331176.79, PF=1.871883, DD=32052.72",224687.4400000000,1.722171980199,31859.5700000000,,,,0.01|0.02,gdd2_is_gdd06_04_20260814,2026-08-13T17:29:18.678262+00:00
GDD06_05,pb_atr_sl,PBの初期SLをATR倍率で再設計,2026-03最大DDのPB損失幅を直接制御,ATR SLと連動TPをEA内設定,"{""GoldDDPBATRSL"":0.9}",(2)軽微なコード変更,IS_REJECT_PROFIT_LOSS,"{""GoldDDPBATRSL"":0.9}","IS net=244243.29 (0.738x), PF=1.771580 (0.946x), DD=26805.79円/26.80579pt (0.836x); baseline net=331176.79, PF=1.871883, DD=32052.72",244243.2900000000,1.771580035882,26805.7900000000,,,,0.01|0.02,gdd2_is_gdd06_05_20260814,2026-08-13T17:31:56.485622+00:00
GDD06_06,pb_atr_sl,PBの初期SLをATR倍率で再設計,2026-03最大DDのPB損失幅を直接制御,ATR SLと連動TPをEA内設定,"{""GoldDDPBATRSL"":1.0}",(2)軽微なコード変更,OOS_REJECT,"{""GoldDDPBATRSL"":1.0}","OOS net=46374.13 (0.772x), PF=1.330131 (0.953x), DD=13633.83円/13.63383pt (0.988x); baseline net=60050.52, PF=1.396192, DD=13806.08円",271663.9500000000,1.846254523094,26628.3300000001,46374.130000000005,1.3301311259159754,13633.829999999973,0.01|0.02,gdda_oos_gdd06_06_20260814103128_ef1f03,2026-08-14T01:32:11+00:00
GDD06_07,pb_atr_sl,PBの初期SLをATR倍率で再設計,2026-03最大DDのPB損失幅を直接制御,ATR SLと連動TPをEA内設定,"{""GoldDDPBATRSL"":1.1}",(2)軽微なコード変更,OOS_REJECT,"{""GoldDDPBATRSL"":1.1}","OOS net=48338.11 (0.805x), PF=1.344686 (0.963x), DD=15667.12円/15.66712pt (1.135x); baseline net=60050.52, PF=1.396192, DD=13806.08円",293090.7200000000,1.897187230506,25955.4200000000,48338.11,1.3446857806707286,15667.12000000001,0.01|0.02,gdda_oos_gdd06_07_20260814103211_80e5a8,2026-08-14T01:32:54+00:00
GDD06_08,pb_atr_sl,PBの初期SLをATR倍率で再設計,2026-03最大DDのPB損失幅を直接制御,ATR SLと連動TPをEA内設定,"{""GoldDDPBATRSL"":1.2}",(2)軽微なコード変更,OOS_REJECT,"{""GoldDDPBATRSL"":1.2}","OOS net=50476.26 (0.841x), PF=1.353962 (0.970x), DD=15274.44円/15.27444pt (1.106x); baseline net=60050.52, PF=1.396192, DD=13806.08円",300043.5000000000,1.892757678567,29036.3300000000,50476.26,1.353961858064382,15274.439999999988,0.01|0.02,gdda_oos_gdd06_08_20260814103254_8a2cc0,2026-08-14T01:33:37+00:00
GDD06_09,pb_atr_sl,PBの初期SLをATR倍率で再設計,2026-03最大DDのPB損失幅を直接制御,ATR SLと連動TPをEA内設定,"{""GoldDDPBATRSL"":1.25}",(2)軽微なコード変更,OOS_REJECT,"{""GoldDDPBATRSL"":1.25}","OOS net=50758.41 (0.845x), PF=1.352741 (0.969x), DD=15642.00円/15.64200pt (1.133x); baseline net=60050.52, PF=1.396192, DD=13806.08円",298246.3900000000,1.870363296810,29568.5800000000,50758.41,1.3527413153493562,15641.999999999985,0.01|0.02,gdda_oos_gdd06_09_20260814103337_180275,2026-08-14T01:34:20+00:00
GDD06_10,pb_atr_sl,PBの初期SLをATR倍率で再設計,2026-03最大DDのPB損失幅を直接制御,ATR SLと連動TPをEA内設定,"{""GoldDDPBATRSL"":1.3}",(2)軽微なコード変更,OOS_PASS,"{""GoldDDPBATRSL"":1.3}","OOS net=57437.58 (0.956x), PF=1.406842 (1.008x), DD=13466.45円/13.46645pt (0.975x); baseline net=60050.52, PF=1.396192, DD=13806.08円",305529.1900000000,1.887526353819,30311.7500000000,57437.58,1.4068418899338657,13466.450000000012,0.01|0.02|0.05,gdda_xm5_gdd06_10_20260814103503_1ac7e6,2026-08-14T01:43:16+00:00
GDD06_11,pb_atr_sl,PBの初期SLをATR倍率で再設計,2026-03最大DDのPB損失幅を直接制御,ATR SLと連動TPをEA内設定,"{""GoldDDPBATRSL"":1.4}",(2)軽微なコード変更,OOS_REJECT,"{""GoldDDPBATRSL"":1.4}","OOS net=55778.50 (0.929x), PF=1.385318 (0.992x), DD=15911.55円/15.91155pt (1.153x); baseline net=60050.52, PF=1.396192, DD=13806.08円",315006.0900000000,1.899298988579,27512.8600000000,55778.5,1.385317688747364,15911.550000000061,0.01|0.02,gdda_oos_gdd06_11_20260814104316_c63750,2026-08-14T01:43:59+00:00
GDD06_12,pb_atr_sl,PBの初期SLをATR倍率で再設計,2026-03最大DDのPB損失幅を直接制御,ATR SLと連動TPをEA内設定,"{""GoldDDPBATRSL"":1.5}",(2)軽微なコード変更,OOS_REJECT,"{""GoldDDPBATRSL"":1.5}","OOS net=50242.61 (0.837x), PF=1.333538 (0.955x), DD=16441.32円/16.44132pt (1.191x); baseline net=60050.52, PF=1.396192, DD=13806.08円",312580.7200000000,1.865025168638,28263.4600000000,50242.61,1.3335379776393788,16441.320000000007,0.01|0.02,gdda_oos_gdd06_12_20260814104359_cfe6a3,2026-08-14T01:44:42+00:00
GDD06_13,pb_atr_sl,PBの初期SLをATR倍率で再設計,2026-03最大DDのPB損失幅を直接制御,ATR SLと連動TPをEA内設定,"{""GoldDDPBATRSL"":1.6}",(2)軽微なコード変更,OOS_REJECT,"{""GoldDDPBATRSL"":1.6}","OOS net=57906.75 (0.964x), PF=1.383861 (0.991x), DD=14463.97円/14.46397pt (1.048x); baseline net=60050.52, PF=1.396192, DD=13806.08円",330453.5300000000,1.915180523904,29014.0600000000,57906.75,1.3838612135560795,14463.970000000001,0.01|0.02,gdda_oos_gdd06_13_20260814104442_f0f1ef,2026-08-14T01:45:25+00:00
GDD06_14,pb_atr_sl,PBの初期SLをATR倍率で再設計,2026-03最大DDのPB損失幅を直接制御,ATR SLと連動TPをEA内設定,"{""GoldDDPBATRSL"":1.7}",(2)軽微なコード変更,OOS_REJECT,"{""GoldDDPBATRSL"":1.7}","OOS net=56472.59 (0.940x), PF=1.371113 (0.982x), DD=13925.99円/13.92599pt (1.009x); baseline net=60050.52, PF=1.396192, DD=13806.08円",341317.3900000000,1.939164036907,29769.3900000000,56472.590000000004,1.3711132077319175,13925.98999999999,0.01|0.02,gdda_oos_gdd06_14_20260814104525_c5b471,2026-08-14T01:46:08+00:00
GDD06_15,pb_atr_sl,PBの初期SLをATR倍率で再設計,2026-03最大DDのPB損失幅を直接制御,ATR SLと連動TPをEA内設定,"{""GoldDDPBATRSL"":1.75}",(2)軽微なコード変更,OOS_REJECT,"{""GoldDDPBATRSL"":1.75}","OOS net=54317.70 (0.905x), PF=1.351716 (0.968x), DD=14049.55円/14.04955pt (1.018x); baseline net=60050.52, PF=1.396192, DD=13806.08円",359907.1900000000,2.012909027023,30144.6900000000,54317.700000000004,1.351716022094296,14049.550000000003,0.01|0.02,gdda_oos_gdd06_15_20260814104608_d39fd7,2026-08-14T01:46:51+00:00
GDD06_16,pb_atr_sl,PBの初期SLをATR倍率で再設計,2026-03最大DDのPB損失幅を直接制御,ATR SLと連動TPをEA内設定,"{""GoldDDPBATRSL"":1.8}",(2)軽微なコード変更,OOS_REJECT,"{""GoldDDPBATRSL"":1.8}","OOS net=54455.40 (0.907x), PF=1.349964 (0.967x), DD=14279.02円/14.27902pt (1.034x); baseline net=60050.52, PF=1.396192, DD=13806.08円",364036.3500000000,2.010796730110,30529.4500000000,54455.4,1.349963554701302,14279.020000000019,0.01|0.02,gdda_oos_gdd06_16_20260814104651_01e3d2,2026-08-14T01:47:34+00:00
GDD06_17,pb_atr_sl,PBの初期SLをATR倍率で再設計,2026-03最大DDのPB損失幅を直接制御,ATR SLと連動TPをEA内設定,"{""GoldDDPBATRSL"":1.9}",(2)軽微なコード変更,OOS_REJECT,"{""GoldDDPBATRSL"":1.9}","OOS net=52977.35 (0.882x), PF=1.335938 (0.957x), DD=16570.56円/16.57056pt (1.200x); baseline net=60050.52, PF=1.396192, DD=13806.08円",363946.5000000000,2.002059893719,31298.9700000000,52977.35,1.3359382000053392,16570.560000000012,0.01|0.02,gdda_oos_gdd06_17_20260814104734_36c4ae,2026-08-14T01:48:17+00:00
GDD06_18,pb_atr_sl,PBの初期SLをATR倍率で再設計,2026-03最大DDのPB損失幅を直接制御,ATR SLと連動TPをEA内設定,"{""GoldDDPBATRSL"":2.0}",(2)軽微なコード変更,IS_BASELINE_EQUIVALENT,"{""GoldDDPBATRSL"":2.0}","IS baseline完全一致: net=331176.79, PF=1.871882544768, DD=32052.72円/32.05272pt",331176.7900000000,1.871882544768,32052.7200000000,,,,0.01|0.02,gdd2_is_gdd06_18_20260814,2026-08-13T17:45:41.725944+00:00
GDD06_19,pb_atr_sl,PBの初期SLをATR倍率で再設計,2026-03最大DDのPB損失幅を直接制御,ATR SLと連動TPをEA内設定,"{""GoldDDPBATRSL"":2.25}",(2)軽微なコード変更,OOS_REJECT,"{""GoldDDPBATRSL"":2.25}","OOS net=40133.21 (0.668x), PF=1.248958 (0.895x), DD=21337.66円/21.33766pt (1.546x); baseline net=60050.52, PF=1.396192, DD=13806.08円",364802.2900000000,2.028520340399,33990.5900000000,40133.21,1.2489575233530217,21337.65999999999,0.01|0.02,gdda_oos_gdd06_19_20260814104817_8fbc6f,2026-08-14T01:49:00+00:00
GDD06_20,pb_atr_sl,PBの初期SLをATR倍率で再設計,2026-03最大DDのPB損失幅を直接制御,ATR SLと連動TPをEA内設定,"{""GoldDDPBATRSL"":2.5}",(2)軽微なコード変更,OOS_PASS,"{""GoldDDPBATRSL"":2.5}","OOS net=65185.87 (1.086x), PF=1.436797 (1.029x), DD=12378.82円/12.37882pt (0.897x); baseline net=60050.52, PF=1.396192, DD=13806.08円",351412.4700000000,1.905440737915,36340.7100000000,65185.87,1.4367973083164869,12378.819999999992,0.01|0.02|0.05,gdda_xm5_gdd06_20_20260814104943_0f2ed9,2026-08-14T01:58:01+00:00
GDD07_01,pb_rr,PBの利確RRを変更,損失幅を変えず回復速度を変える,RRをEA内input化,"{""GoldDDPBRR"":0.5}",(2)軽微なコード変更,OOS_PASS,"{""GoldDDPBRR"":0.5}","OOS net=52081.46 (0.867x), PF=1.387711 (0.994x), DD=12326.27円/12.32627pt (0.893x); baseline net=60050.52, PF=1.396192, DD=13806.08円",237689.44,1.7867588266875685,23709.65000000001,52081.46,1.387711209400989,12326.270000000004,0.01|0.02|0.05,gdda_xm5_gdd07_01_20260814110459_45f71d,2026-08-14T02:13:03+00:00
GDD07_02,pb_rr,PBの利確RRを変更,損失幅を変えず回復速度を変える,RRをEA内input化,"{""GoldDDPBRR"":0.6}",(2)軽微なコード変更,OOS_PASS,"{""GoldDDPBRR"":0.6}","OOS net=51535.45 (0.858x), PF=1.373742 (0.984x), DD=12110.07円/12.11007pt (0.877x); baseline net=60050.52, PF=1.396192, DD=13806.08円",256506.97,1.834617611703617,21974.910000000018,51535.450000000004,1.3737420356147996,12110.069999999992,0.01|0.02|0.05,gdda_xm5_gdd07_02_20260814111402_75ad2c,2026-08-14T02:21:55+00:00
GDD07_03,pb_rr,PBの利確RRを変更,損失幅を変えず回復速度を変える,RRをEA内input化,"{""GoldDDPBRR"":0.7}",(2)軽微なコード変更,OOS_PASS,"{""GoldDDPBRR"":0.7}","OOS net=53411.52 (0.889x), PF=1.383393 (0.991x), DD=12446.64円/12.44664pt (0.902x); baseline net=60050.52, PF=1.396192, DD=13806.08円",275028.48,1.8890485921740918,27555.900000000023,53411.520000000004,1.3833934559377459,12446.640000000014,0.01|0.02|0.05,gdda_xm5_gdd07_03_20260814112919_9c3ebc,2026-08-14T02:37:37+00:00
GDD07_04,pb_rr,PBの利確RRを変更,損失幅を変えず回復速度を変える,RRをEA内input化,"{""GoldDDPBRR"":0.8}",(2)軽微なコード変更,OOS_PASS,"{""GoldDDPBRR"":0.8}","OOS net=55536.83 (0.925x), PF=1.393989 (0.998x), DD=13495.21円/13.49521pt (0.977x); baseline net=60050.52, PF=1.396192, DD=13806.08円",290701.86,1.9217615864166888,27287.920000000027,55536.83,1.3939892984014997,13495.209999999992,0.01|0.02|0.05,gdda_xm5_gdd07_04_20260814113934_c54f57,2026-08-14T02:47:47+00:00
GDD07_05,pb_rr,PBの利確RRを変更,損失幅を変えず回復速度を変える,RRをEA内input化,"{""GoldDDPBRR"":0.9}",(2)軽微なコード変更,OOS_PASS,"{""GoldDDPBRR"":0.9}","OOS net=58597.31 (0.976x), PF=1.410729 (1.010x), DD=11703.19円/11.70319pt (0.848x); baseline net=60050.52, PF=1.396192, DD=13806.08円",298794.22,1.9237549795777564,27130.300000000017,58597.310000000005,1.4107286260784135,11703.190000000031,0.01|0.02|0.05,gdda_xm5_gdd07_05_20260814114933_95de0f,2026-08-14T02:57:41+00:00
GDD07_06,pb_rr,PBの利確RRを変更,損失幅を変えず回復速度を変える,RRをEA内input化,"{""GoldDDPBRR"":1.0}",(2)軽微なコード変更,OOS_REJECT,"{""GoldDDPBRR"":1.0}","OOS net=46243.36 (0.770x), PF=1.305892 (0.935x), DD=16647.17円/16.64717pt (1.206x); baseline net=60050.52, PF=1.396192, DD=13806.08円",296565.02,1.849009376047073,32052.719999999972,46243.36,1.3058917522189597,16647.17,0.01|0.02,gdda_oos_gdd07_06_20260814120422_36588e,2026-08-14T03:05:05+00:00
GDD07_07,pb_rr,PBの利確RRを変更,損失幅を変えず回復速度を変える,RRをEA内input化,"{""GoldDDPBRR"":1.1}",(2)軽微なコード変更,OOS_REJECT,"{""GoldDDPBRR"":1.1}","OOS net=43952.31 (0.732x), PF=1.287721 (0.922x), DD=17989.91円/17.98991pt (1.303x); baseline net=60050.52, PF=1.396192, DD=13806.08円",315768.76,1.901621480244598,32052.719999999972,43952.310000000005,1.2877214029121244,17989.910000000033,0.01|0.02,gdda_oos_gdd07_07_20260814120608_28a14b,2026-08-14T03:06:51+00:00
GDD07_08,pb_rr,PBの利確RRを変更,損失幅を変えず回復速度を変える,RRをEA内input化,"{""GoldDDPBRR"":1.2}",(2)軽微なコード変更,OOS_REJECT,"{""GoldDDPBRR"":1.2}","OOS net=45996.88 (0.766x), PF=1.300160 (0.931x), DD=16566.69円/16.56669pt (1.200x); baseline net=60050.52, PF=1.396192, DD=13806.08円",330077.93,1.9372034540116223,32052.719999999972,45996.880000000005,1.300160479287,16566.69000000003,0.01|0.02,gdda_oos_gdd07_08_20260814120749_fc74fb,2026-08-14T03:08:32+00:00
GDD07_09,pb_rr,PBの利確RRを変更,損失幅を変えず回復速度を変える,RRをEA内input化,"{""GoldDDPBRR"":1.3}",(2)軽微なコード変更,OOS_REJECT,"{""GoldDDPBRR"":1.3}","OOS net=51481.24 (0.857x), PF=1.339733 (0.960x), DD=14771.84円/14.77184pt (1.070x); baseline net=60050.52, PF=1.396192, DD=13806.08円",309505.97,1.8495732836288108,32052.719999999972,51481.24,1.339732844960434,14771.839999999997,0.01|0.02,gdda_oos_gdd07_09_20260814120930_a17793,2026-08-14T03:10:13+00:00
GDD07_10,pb_rr,PBの利確RRを変更,損失幅を変えず回復速度を変える,RRをEA内input化,"{""GoldDDPBRR"":1.4}",(2)軽微なコード変更,OOS_REJECT,"{""GoldDDPBRR"":1.4}","OOS net=52294.81 (0.871x), PF=1.342093 (0.961x), DD=14690.52円/14.69052pt (1.064x); baseline net=60050.52, PF=1.396192, DD=13806.08円",285548.55,1.7434990887761166,32052.719999999972,52294.810000000005,1.3420930716334176,14690.520000000048,0.01|0.02,gdda_oos_gdd07_10_20260814121116_853487,2026-08-14T03:11:59+00:00
GDD07_11,pb_rr,PBの利確RRを変更,損失幅を変えず回復速度を変える,RRをEA内input化,"{""GoldDDPBRR"":1.5}",(2)軽微なコード変更,OOS_PASS,"{""GoldDDPBRR"":1.5}","OOS net=59694.44 (0.994x), PF=1.402047 (1.004x), DD=12297.62円/12.29762pt (0.891x); baseline net=60050.52, PF=1.396192, DD=13806.08円",294420.46,1.766348747741979,32052.719999999972,59694.44,1.402047250946246,12297.620000000054,0.01|0.02|0.05,gdda_xm5_gdd07_11_20260814121345_2dd4ef,2026-08-14T03:21:48+00:00
GDD07_12,pb_rr,PBの利確RRを変更,損失幅を変えず回復速度を変える,RRをEA内input化,"{""GoldDDPBRR"":1.6}",(2)軽微なコード変更,OOS_PASS,"{""GoldDDPBRR"":1.6}","OOS net=63404.75 (1.056x), PF=1.427037 (1.022x), DD=11413.94円/11.41394pt (0.827x); baseline net=60050.52, PF=1.396192, DD=13806.08円",326000.3,1.8840100437549316,32052.719999999972,63404.75,1.4270365118499142,11413.940000000017,0.01|0.02|0.05,gdda_xm5_gdd07_12_20260814122912_4d64a3,2026-08-14T03:37:25+00:00
GDD07_13,pb_rr,PBの利確RRを変更,損失幅を変えず回復速度を変える,RRをEA内input化,"{""GoldDDPBRR"":1.7}",(2)軽微なコード変更,OOS_PASS,"{""GoldDDPBRR"":1.7}","OOS net=59320.32 (0.988x), PF=1.394392 (0.999x), DD=12553.83円/12.55383pt (0.909x); baseline net=60050.52, PF=1.396192, DD=13806.08円",339982.97,1.92462702077159,32052.719999999972,59320.32,1.3943922144258747,12553.830000000016,0.01|0.02|0.05,gdda_xm5_gdd07_13_20260814124449_77fd19,2026-08-14T03:52:47+00:00
GDD07_14,pb_rr,PBの利確RRを変更,損失幅を変えず回復速度を変える,RRをEA内input化,"{""GoldDDPBRR"":1.8}",(2)軽微なコード変更,OOS_PASS,"{""GoldDDPBRR"":1.8}","OOS net=60078.26 (1.000x), PF=1.397363 (1.001x), DD=12091.43円/12.09143pt (0.876x); baseline net=60050.52, PF=1.396192, DD=13806.08円",359258.63,1.9770496349960793,32052.719999999972,60078.26,1.397362726151279,12091.430000000022,0.01|0.02|0.05,gdda_xm5_gdd07_14_20260814130016_3e2a64,2026-08-14T04:08:09+00:00
GDD07_15,pb_rr,PBの利確RRを変更,損失幅を変えず回復速度を変える,RRをEA内input化,"{""GoldDDPBRR"":1.9}",(2)軽微なコード変更,OOS_REJECT,"{""GoldDDPBRR"":1.9}","OOS net=57716.93 (0.961x), PF=1.376407 (0.986x), DD=14319.38円/14.31938pt (1.037x); baseline net=60050.52, PF=1.396192, DD=13806.08円",358993.66,1.97568463967493,32052.719999999972,57716.93,1.3764074291074677,14319.37999999999,0.01|0.02,gdda_oos_gdd07_15_20260814131450_1d03b4,2026-08-14T04:15:33+00:00
GDD07_16,pb_rr,PBの利確RRを変更,損失幅を変えず回復速度を変える,RRをEA内input化,"{""GoldDDPBRR"":2.0}",(2)軽微なコード変更,IS_REJECT,"{""GoldDDPBRR"":2.0}","IS net=331176.79 (1.000x), PF=1.871883 (1.000x), DD=32052.72円/32.05272pt (1.000x); baseline net=331176.79, PF=1.871883, DD=32052.72円",331176.79,1.8718825447675405,32052.719999999972,,,,0.01|0.02,gdda_is_gdd07_16_20260814131533_905b24,2026-08-14T04:16:36+00:00
GDD07_17,pb_rr,PBの利確RRを変更,損失幅を変えず回復速度を変える,RRをEA内input化,"{""GoldDDPBRR"":2.1}",(2)軽微なコード変更,OOS_REJECT,"{""GoldDDPBRR"":2.1}","OOS net=62109.77 (1.034x), PF=1.409634 (1.010x), DD=14115.64円/14.11564pt (1.022x); baseline net=60050.52, PF=1.396192, DD=13806.08円",339154.87,1.8934733937375723,31880.649999999965,62109.770000000004,1.4096342291128143,14115.64,0.01|0.02,gdda_oos_gdd07_17_20260814131739_bc65f2,2026-08-14T04:18:22+00:00
GDD07_18,pb_rr,PBの利確RRを変更,損失幅を変えず回復速度を変える,RRをEA内input化,"{""GoldDDPBRR"":2.2}",(2)軽微なコード変更,OOS_REJECT,"{""GoldDDPBRR"":2.2}","OOS net=52704.04 (0.878x), PF=1.339519 (0.959x), DD=21171.62円/21.17162pt (1.533x); baseline net=60050.52, PF=1.396192, DD=13806.08円",352559.77,2.018283333074353,26173.800000000017,52704.04,1.3395188890092824,21171.62000000001,0.01|0.02,gdda_oos_gdd07_18_20260814131925_8ec19e,2026-08-14T04:20:08+00:00
GDD07_19,pb_rr,PBの利確RRを変更,損失幅を変えず回復速度を変える,RRをEA内input化,"{""GoldDDPBRR"":2.3}",(2)軽微なコード変更,OOS_REJECT,"{""GoldDDPBRR"":2.3}","OOS net=42635.26 (0.710x), PF=1.267111 (0.908x), DD=20944.72円/20.94472pt (1.517x); baseline net=60050.52, PF=1.396192, DD=13806.08円",349495.2,1.9826534126503448,26173.800000000017,42635.26,1.2671109404240044,20944.720000000016,0.01|0.02,gdda_oos_gdd07_19_20260814132111_c2cab1,2026-08-14T04:21:53+00:00
GDD07_20,pb_rr,PBの利確RRを変更,損失幅を変えず回復速度を変える,RRをEA内input化,"{""GoldDDPBRR"":2.4}",(2)軽微なコード変更,OOS_REJECT,"{""GoldDDPBRR"":2.4}","OOS net=44769.77 (0.746x), PF=1.280647 (0.917x), DD=20718.96円/20.71896pt (1.501x); baseline net=60050.52, PF=1.396192, DD=13806.08円",378600.08,2.0858007859406436,26173.79999999999,44769.770000000004,1.2806474093202374,20718.96000000002,0.01|0.02,gdda_oos_gdd07_20_20260814132256_d22c72,2026-08-14T04:23:39+00:00
GDD08_01,pb_adx,PBのADX最低値を変更,弱いトレンドのPBを選別,ADX閾値inputを実バックテスト,"{""GoldDDPBADX"":10.0}",(2)軽微なコード変更,OOS_REJECT,"{""GoldDDPBADX"":10.0}","OOS net=54742.17 (0.912x), PF=1.350442 (0.967x), DD=14808.78円/14.80878pt (1.073x); baseline net=60050.52, PF=1.396192, DD=13806.08円",332464.14,1.8462233800315762,32052.719999999972,54742.170000000006,1.350442068281641,14808.77999999997,0.01|0.02,gdda_oos_gdd08_01_20260814132442_65a773,2026-08-14T04:25:25+00:00
GDD08_02,pb_adx,PBのADX最低値を変更,弱いトレンドのPBを選別,ADX閾値inputを実バックテスト,"{""GoldDDPBADX"":12.5}",(2)軽微なコード変更,OOS_REJECT,"{""GoldDDPBADX"":12.5}","OOS net=54742.17 (0.912x), PF=1.350442 (0.967x), DD=14808.78円/14.80878pt (1.073x); baseline net=60050.52, PF=1.396192, DD=13806.08円",332464.14,1.8462233800315762,32052.719999999972,54742.170000000006,1.350442068281641,14808.77999999997,0.01|0.02,gdda_oos_gdd08_02_20260814132628_0a2590,2026-08-14T04:27:11+00:00
GDD08_03,pb_adx,PBのADX最低値を変更,弱いトレンドのPBを選別,ADX閾値inputを実バックテスト,"{""GoldDDPBADX"":15.0}",(2)軽微なコード変更,OOS_REJECT,"{""GoldDDPBADX"":15.0}","OOS net=56486.51 (0.941x), PF=1.365227 (0.978x), DD=14998.00円/14.99800pt (1.086x); baseline net=60050.52, PF=1.396192, DD=13806.08円",342024.54,1.8922701763030672,32052.719999999972,56486.51,1.36522734236628,14997.99999999997,0.01|0.02,gdda_oos_gdd08_03_20260814132814_e15cd1,2026-08-14T04:28:57+00:00
GDD08_04,pb_adx,PBのADX最低値を変更,弱いトレンドのPBを選別,ADX閾値inputを実バックテスト,"{""GoldDDPBADX"":17.5}",(2)軽微なコード変更,OOS_REJECT,"{""GoldDDPBADX"":17.5}","OOS net=58437.21 (0.973x), PF=1.384274 (0.991x), DD=14740.36円/14.74036pt (1.068x); baseline net=60050.52, PF=1.396192, DD=13806.08円",336315.01,1.8841433973998039,32052.719999999972,58437.21,1.3842738354036603,14740.359999999971,0.01|0.02,gdda_oos_gdd08_04_20260814133000_c3cc96,2026-08-14T04:30:43+00:00
GDD08_05,pb_adx,PBのADX最低値を変更,弱いトレンドのPBを選別,ADX閾値inputを実バックテスト,"{""GoldDDPBADX"":20.0}",(2)軽微なコード変更,OOS_PASS,"{""GoldDDPBADX"":20.0}","OOS net=54477.39 (0.907x), PF=1.359814 (0.974x), DD=13082.83円/13.08283pt (0.948x); baseline net=60050.52, PF=1.396192, DD=13806.08円",340371.02999999997,1.8899627658506344,32052.719999999972,54477.39,1.3598138072482575,13082.829999999987,0.01|0.02|0.05,gdda_xm5_gdd08_05_20260814133234_9e8506,2026-08-14T04:40:22+00:00
GDD08_06,pb_adx,PBのADX最低値を変更,弱いトレンドのPBを選別,ADX閾値inputを実バックテスト,"{""GoldDDPBADX"":22.5}",(2)軽微なコード変更,IS_REJECT,"{""GoldDDPBADX"":22.5}","IS net=331176.79 (1.000x), PF=1.871883 (1.000x), DD=32052.72円/32.05272pt (1.000x); baseline net=331176.79, PF=1.871883, DD=32052.72円",331176.79,1.8718825447675405,32052.719999999972,,,,0.01|0.02,gdda_is_gdd08_06_20260814134022_40367d,2026-08-14T04:47:03+00:00
GDD08_07,pb_adx,PBのADX最低値を変更,弱いトレンドのPBを選別,ADX閾値inputを実バックテスト,"{""GoldDDPBADX"":25.0}",(2)軽微なコード変更,OOS_REJECT,"{""GoldDDPBADX"":25.0}","OOS net=49282.30 (0.821x), PF=1.323973 (0.948x), DD=15101.54円/15.10154pt (1.094x); baseline net=60050.52, PF=1.396192, DD=13806.08円",322483.44,1.8936737205115135,32052.719999999972,49282.3,1.3239734701250974,15101.540000000023,0.01|0.02,gdda_oos_gdd08_07_20260814134806_e85aa2,2026-08-14T04:48:49+00:00
GDD08_08,pb_adx,PBのADX最低値を変更,弱いトレンドのPBを選別,ADX閾値inputを実バックテスト,"{""GoldDDPBADX"":27.5}",(2)軽微なコード変更,OOS_REJECT,"{""GoldDDPBADX"":27.5}","OOS net=40269.29 (0.671x), PF=1.266714 (0.907x), DD=23575.01円/23.57501pt (1.708x); baseline net=60050.52, PF=1.396192, DD=13806.08円",285113.19,1.806043793547781,32052.719999999972,40269.29,1.2667139964859628,23575.010000000053,0.01|0.02,gdda_oos_gdd08_08_20260814134952_1d20ca,2026-08-14T04:50:35+00:00
GDD08_09,pb_adx,PBのADX最低値を変更,弱いトレンドのPBを選別,ADX閾値inputを実バックテスト,"{""GoldDDPBADX"":30.0}",(2)軽微なコード変更,OOS_REJECT,"{""GoldDDPBADX"":30.0}","OOS net=44349.75 (0.739x), PF=1.316013 (0.943x), DD=17044.50円/17.04450pt (1.235x); baseline net=60050.52, PF=1.396192, DD=13806.08円",294812.57,1.8524050937417686,31880.649999999965,44349.75,1.3160131048915042,17044.50000000003,0.01|0.02,gdda_oos_gdd08_09_20260814135133_764c72,2026-08-14T04:52:16+00:00
GDD08_10,pb_adx,PBのADX最低値を変更,弱いトレンドのPBを選別,ADX閾値inputを実バックテスト,"{""GoldDDPBADX"":32.5}",(2)軽微なコード変更,OOS_PASS,"{""GoldDDPBADX"":32.5}","OOS net=50949.87 (0.848x), PF=1.417638 (1.015x), DD=13663.07円/13.66307pt (0.990x); baseline net=60050.52, PF=1.396192, DD=13806.08円",294049.98,1.9181443858878215,31880.649999999965,50949.87,1.4176382826833938,13663.070000000022,0.01|0.02|0.05,gdda_xm5_gdd08_10_20260814135401_9abeb3,2026-08-14T05:01:50+00:00
GDD08_11,pb_adx,PBのADX最低値を変更,弱いトレンドのPBを選別,ADX閾値inputを実バックテスト,"{""GoldDDPBADX"":35.0}",(2)軽微なコード変更,OOS_REJECT,"{""GoldDDPBADX"":35.0}","OOS net=48125.33 (0.801x), PF=1.395378 (0.999x), DD=14216.27円/14.21627pt (1.030x); baseline net=60050.52, PF=1.396192, DD=13806.08円",285956.63,1.9710029156237558,31880.649999999965,48125.33,1.3953783484003286,14216.270000000019,0.01|0.02,gdda_oos_gdd08_11_20260814140831_d5f5a6,2026-08-14T05:09:14+00:00
GDD08_12,pb_adx,PBのADX最低値を変更,弱いトレンドのPBを選別,ADX閾値inputを実バックテスト,"{""GoldDDPBADX"":37.5}",(2)軽微なコード変更,OOS_REJECT,"{""GoldDDPBADX"":37.5}","OOS net=44675.80 (0.744x), PF=1.380161 (0.989x), DD=11865.29円/11.86529pt (0.859x); baseline net=60050.52, PF=1.396192, DD=13806.08円",294518.84,1.981559820411039,31880.649999999965,44675.8,1.3801610458440912,11865.290000000023,0.01|0.02,gdda_oos_gdd08_12_20260814141012_3a9bb2,2026-08-14T05:10:54+00:00
GDD08_13,pb_adx,PBのADX最低値を変更,弱いトレンドのPBを選別,ADX閾値inputを実バックテスト,"{""GoldDDPBADX"":40.0}",(2)軽微なコード変更,OOS_REJECT,"{""GoldDDPBADX"":40.0}","OOS net=47913.70 (0.798x), PF=1.425263 (1.021x), DD=10637.57円/10.63757pt (0.770x); baseline net=60050.52, PF=1.396192, DD=13806.08円",314325.45,2.1821239644889077,21302.44000000003,47913.700000000004,1.4252625311843983,10637.569999999992,0.01|0.02,gdda_oos_gdd08_13_20260814141157_1dedb4,2026-08-14T05:12:40+00:00
GDD08_14,pb_adx,PBのADX最低値を変更,弱いトレンドのPBを選別,ADX閾値inputを実バックテスト,"{""GoldDDPBADX"":42.5}",(2)軽微なコード変更,IS_REJECT,"{""GoldDDPBADX"":42.5}","IS net=246221.42 (0.743x), PF=1.882884 (1.006x), DD=42324.53円/42.32453pt (1.320x); baseline net=331176.79, PF=1.871883, DD=32052.72円",246221.41999999998,1.8828836588220443,42324.53,,,,0.01|0.02,gdda_is_gdd08_14_20260814141240_7f6ead,2026-08-14T05:13:38+00:00
GDD08_15,pb_adx,PBのADX最低値を変更,弱いトレンドのPBを選別,ADX閾値inputを実バックテスト,"{""GoldDDPBADX"":45.0}",(2)軽微なコード変更,IS_REJECT,"{""GoldDDPBADX"":45.0}","IS net=227503.10 (0.687x), PF=1.787919 (0.955x), DD=42324.53円/42.32453pt (1.320x); baseline net=331176.79, PF=1.871883, DD=32052.72円",227503.1,1.7879192669091233,42324.53,,,,0.01|0.02,gdda_is_gdd08_15_20260814141338_5040bb,2026-08-14T05:14:36+00:00
GDD08_16,pb_adx,PBのADX最低値を変更,弱いトレンドのPBを選別,ADX閾値inputを実バックテスト,"{""GoldDDPBADX"":47.5}",(2)軽微なコード変更,IS_REJECT,"{""GoldDDPBADX"":47.5}","IS net=239296.95 (0.723x), PF=1.853185 (0.990x), DD=35721.47円/35.72147pt (1.114x); baseline net=331176.79, PF=1.871883, DD=32052.72円",239296.95,1.8531852972015983,35721.47000000003,,,,0.01|0.02,gdda_is_gdd08_16_20260814141436_e0e9a8,2026-08-14T05:15:34+00:00
GDD08_17,pb_adx,PBのADX最低値を変更,弱いトレンドのPBを選別,ADX閾値inputを実バックテスト,"{""GoldDDPBADX"":50.0}",(2)軽微なコード変更,IS_REJECT,"{""GoldDDPBADX"":50.0}","IS net=217409.00 (0.656x), PF=1.787147 (0.955x), DD=44476.95円/44.47695pt (1.388x); baseline net=331176.79, PF=1.871883, DD=32052.72円",217409.0,1.7871467942655797,44476.95000000004,,,,0.01|0.02,gdda_is_gdd08_17_20260814141534_6d1de0,2026-08-14T05:16:32+00:00
GDD08_18,pb_adx,PBのADX最低値を変更,弱いトレンドのPBを選別,ADX閾値inputを実バックテスト,"{""GoldDDPBADX"":52.5}",(2)軽微なコード変更,IS_REJECT,"{""GoldDDPBADX"":52.5}","IS net=171762.82 (0.519x), PF=1.609725 (0.860x), DD=51891.82円/51.89182pt (1.619x); baseline net=331176.79, PF=1.871883, DD=32052.72円",171762.82,1.6097251986384353,51891.81999999998,,,,0.01|0.02,gdda_is_gdd08_18_20260814141632_7286cb,2026-08-14T05:17:30+00:00
GDD08_19,pb_adx,PBのADX最低値を変更,弱いトレンドのPBを選別,ADX閾値inputを実バックテスト,"{""GoldDDPBADX"":55.0}",(2)軽微なコード変更,IS_REJECT,"{""GoldDDPBADX"":55.0}","IS net=161869.04 (0.489x), PF=1.597908 (0.854x), DD=48076.75円/48.07675pt (1.500x); baseline net=331176.79, PF=1.871883, DD=32052.72円",161869.04,1.5979084493937141,48076.74999999997,,,,0.01|0.02,gdda_is_gdd08_19_20260814141730_d3c639,2026-08-14T05:18:28+00:00
GDD08_20,pb_adx,PBのADX最低値を変更,弱いトレンドのPBを選別,ADX閾値inputを実バックテスト,"{""GoldDDPBADX"":57.5}",(2)軽微なコード変更,IS_REJECT,"{""GoldDDPBADX"":57.5}","IS net=177324.20 (0.535x), PF=1.693094 (0.904x), DD=33195.60円/33.19560pt (1.036x); baseline net=331176.79, PF=1.871883, DD=32052.72円",177324.19999999998,1.6930941712168623,33195.59999999998,,,,0.01|0.02,gdda_is_gdd08_20_20260814141828_b155e9,2026-08-14T05:19:26+00:00
GDD09_01,pb_slope,PBのMA傾き閾値を変更,トレンド質で悪い押し目を除く,傾きATR閾値を実バックテスト,"{""GoldDDPBSlopeATR"":0.0}",(2)軽微なコード変更,OOS_REJECT,"{""GoldDDPBSlopeATR"":0.0}","OOS net=-3772.75 (-0.063x), PF=0.985392 (0.706x), DD=79232.09円/79.23209pt (5.739x); baseline net=60050.52, PF=1.396192, DD=13806.08円",384961.16,1.6631982664143272,33481.43000000002,-3772.7499999999977,0.985391983109489,79232.09000000003,0.01|0.02,gdda_oos_gdd09_01_20260814142034_ec6bd0,2026-08-14T05:21:22+00:00
GDD09_02,pb_slope,PBのMA傾き閾値を変更,トレンド質で悪い押し目を除く,傾きATR閾値を実バックテスト,"{""GoldDDPBSlopeATR"":0.2}",(2)軽微なコード変更,OOS_REJECT,"{""GoldDDPBSlopeATR"":0.2}","OOS net=-5763.35 (-0.096x), PF=0.977134 (0.700x), DD=73669.52円/73.66952pt (5.336x); baseline net=60050.52, PF=1.396192, DD=13806.08円",386483.54,1.7259556443811646,32264.169999999867,-5763.349999999998,0.9771340940265287,73669.51999999999,0.01|0.02,gdda_oos_gdd09_02_20260815080639_b68f64,2026-08-14T23:07:34+00:00
GDD09_03,pb_slope,PBのMA傾き閾値を変更,トレンド質で悪い押し目を除く,傾きATR閾値を実バックテスト,"{""GoldDDPBSlopeATR"":0.4}",(2)軽微なコード変更,OOS_REJECT,"{""GoldDDPBSlopeATR"":0.4}","OOS net=1848.68 (0.031x), PF=1.007838 (0.722x), DD=59309.20円/59.30920pt (4.296x); baseline net=60050.52, PF=1.396192, DD=13806.08円",374753.08999999997,1.6983124085132106,32052.719999999972,1848.6800000000023,1.0078376543779604,59309.20000000001,0.01|0.02,gdda_oos_gdd09_03_20260814213425_d4756c,2026-08-14T12:35:13+00:00
GDD09_04,pb_slope,PBのMA傾き閾値を変更,トレンド質で悪い押し目を除く,傾きATR閾値を実バックテスト,"{""GoldDDPBSlopeATR"":0.6}",(2)軽微なコード変更,OOS_REJECT,"{""GoldDDPBSlopeATR"":0.6}","OOS net=34167.13 (0.569x), PF=1.171201 (0.839x), DD=39064.80円/39.06480pt (2.830x); baseline net=60050.52, PF=1.396192, DD=13806.08円",350730.63,1.6694877054844255,38974.78999999986,34167.130000000005,1.171200932870419,39064.80000000003,0.01|0.02,gdda_oos_gdd09_04_20260814213617_c2fe32,2026-08-14T12:37:00+00:00
GDD09_05,pb_slope,PBのMA傾き閾値を変更,トレンド質で悪い押し目を除く,傾きATR閾値を実バックテスト,"{""GoldDDPBSlopeATR"":0.8}",(2)軽微なコード変更,OOS_REJECT,"{""GoldDDPBSlopeATR"":0.8}","OOS net=45471.43 (0.757x), PF=1.253001 (0.897x), DD=20293.88円/20.29388pt (1.470x); baseline net=60050.52, PF=1.396192, DD=13806.08円",449591.45,2.1027200028333772,32052.719999999972,45471.43,1.2530009041980195,20293.880000000005,0.01|0.02,gdda_oos_gdd09_05_20260814213809_7e386d,2026-08-14T12:38:52+00:00
GDD09_06,pb_slope,PBのMA傾き閾値を変更,トレンド質で悪い押し目を除く,傾きATR閾値を実バックテスト,"{""GoldDDPBSlopeATR"":1.0}",(2)軽微なコード変更,OOS_REJECT,"{""GoldDDPBSlopeATR"":1.0}","OOS net=52431.68 (0.873x), PF=1.322905 (0.948x), DD=21144.73円/21.14473pt (1.532x); baseline net=60050.52, PF=1.396192, DD=13806.08円",361658.08,1.910479015557653,32052.719999999972,52431.68,1.3229050795412345,21144.73000000004,0.01|0.02,gdda_oos_gdd09_06_20260814213955_5d8dea,2026-08-14T12:40:38+00:00
GDD09_07,pb_slope,PBのMA傾き閾値を変更,トレンド質で悪い押し目を除く,傾きATR閾値を実バックテスト,"{""GoldDDPBSlopeATR"":1.2}",(2)軽微なコード変更,IS_REJECT,"{""GoldDDPBSlopeATR"":1.2}","IS net=331176.79 (1.000x), PF=1.871883 (1.000x), DD=32052.72円/32.05272pt (1.000x); baseline net=331176.79, PF=1.871883, DD=32052.72円",331176.79,1.8718825447675405,32052.719999999972,,,,0.01|0.02,gdda_is_gdd09_07_20260814214038_cb2f70,2026-08-14T12:41:41+00:00
GDD09_08,pb_slope,PBのMA傾き閾値を変更,トレンド質で悪い押し目を除く,傾きATR閾値を実バックテスト,"{""GoldDDPBSlopeATR"":1.4}",(2)軽微なコード変更,OOS_REJECT,"{""GoldDDPBSlopeATR"":1.4}","OOS net=43466.98 (0.724x), PF=1.287797 (0.922x), DD=23191.43円/23.19143pt (1.680x); baseline net=60050.52, PF=1.396192, DD=13806.08円",270644.71,1.8230020008173315,25265.86000000006,43466.98,1.2877972124833879,23191.430000000037,0.01|0.02,gdda_oos_gdd09_08_20260814214245_b79e64,2026-08-14T12:43:28+00:00
GDD09_09,pb_slope,PBのMA傾き閾値を変更,トレンド質で悪い押し目を除く,傾きATR閾値を実バックテスト,"{""GoldDDPBSlopeATR"":1.6}",(2)軽微なコード変更,OOS_REJECT,"{""GoldDDPBSlopeATR"":1.6}","OOS net=51121.57 (0.851x), PF=1.389728 (0.995x), DD=15040.41円/15.04041pt (1.089x); baseline net=60050.52, PF=1.396192, DD=13806.08円",260496.79,1.993675833391505,25061.02000000002,51121.57,1.3897278308889311,15040.410000000047,0.01|0.02,gdda_oos_gdd09_09_20260814214426_630830,2026-08-14T12:45:09+00:00
GDD09_10,pb_slope,PBのMA傾き閾値を変更,トレンド質で悪い押し目を除く,傾きATR閾値を実バックテスト,"{""GoldDDPBSlopeATR"":1.8}",(2)軽微なコード変更,IS_REJECT,"{""GoldDDPBSlopeATR"":1.8}","IS net=205167.28 (0.620x), PF=1.744207 (0.932x), DD=29168.05円/29.16805pt (0.910x); baseline net=331176.79, PF=1.871883, DD=32052.72円",205167.28,1.7442074325170618,29168.050000000047,,,,0.01|0.02,gdda_is_gdd09_10_20260814214509_f468e8,2026-08-14T12:46:07+00:00
GDD09_11,pb_slope,PBのMA傾き閾値を変更,トレンド質で悪い押し目を除く,傾きATR閾値を実バックテスト,"{""GoldDDPBSlopeATR"":2.0}",(2)軽微なコード変更,IS_REJECT,"{""GoldDDPBSlopeATR"":2.0}","IS net=166780.79 (0.504x), PF=1.629927 (0.871x), DD=27541.49円/27.54149pt (0.859x); baseline net=331176.79, PF=1.871883, DD=32052.72円",166780.79,1.6299274317820114,27541.49000000005,,,,0.01|0.02,gdda_is_gdd09_11_20260814214607_c32c16,2026-08-14T12:47:05+00:00
GDD09_12,pb_slope,PBのMA傾き閾値を変更,トレンド質で悪い押し目を除く,傾きATR閾値を実バックテスト,"{""GoldDDPBSlopeATR"":2.2}",(2)軽微なコード変更,OOS_PASS,"{""GoldDDPBSlopeATR"":2.2}","OOS net=50562.40 (0.842x), PF=1.478410 (1.059x), DD=10790.85円/10.79085pt (0.782x); baseline net=60050.52, PF=1.396192, DD=13806.08円",186730.35,1.818868496272057,25061.01999999999,50562.4,1.478409530343548,10790.849999999991,0.01|0.02|0.05,gdda_xm5_gdd09_12_20260814214847_5204d3,2026-08-14T12:56:20+00:00
GDD09_13,pb_slope,PBのMA傾き閾値を変更,トレンド質で悪い押し目を除く,傾きATR閾値を実バックテスト,"{""GoldDDPBSlopeATR"":2.4}",(2)軽微なコード変更,IS_REJECT,"{""GoldDDPBSlopeATR"":2.4}","IS net=164302.72 (0.496x), PF=1.695612 (0.906x), DD=28862.24円/28.86224pt (0.900x); baseline net=331176.79, PF=1.871883, DD=32052.72円",164302.72,1.6956120897665978,28862.240000000078,,,,0.01|0.02,gdda_is_gdd09_13_20260814215620_5e54c4,2026-08-14T13:02:47+00:00
GDD09_14,pb_slope,PBのMA傾き閾値を変更,トレンド質で悪い押し目を除く,傾きATR閾値を実バックテスト,"{""GoldDDPBSlopeATR"":2.6}",(2)軽微なコード変更,OOS_PASS,"{""GoldDDPBSlopeATR"":2.6}","OOS net=50562.40 (0.842x), PF=1.478410 (1.059x), DD=10790.85円/10.79085pt (0.782x); baseline net=60050.52, PF=1.396192, DD=13806.08円",176742.07,1.7898754385401963,25061.01999999999,50562.4,1.478409530343548,10790.849999999991,0.01|0.02|0.05,gdda_xm5_gdd09_14_20260814220434_639918,2026-08-14T13:12:13+00:00
GDD09_15,pb_slope,PBのMA傾き閾値を変更,トレンド質で悪い押し目を除く,傾きATR閾値を実バックテスト,"{""GoldDDPBSlopeATR"":2.8}",(2)軽微なコード変更,OOS_PASS,"{""GoldDDPBSlopeATR"":2.8}","OOS net=50562.40 (0.842x), PF=1.478410 (1.059x), DD=10790.85円/10.79085pt (0.782x); baseline net=60050.52, PF=1.396192, DD=13806.08円",176742.07,1.7898754385401963,25061.01999999999,50562.4,1.478409530343548,10790.849999999991,0.01|0.02|0.05,gdda_xm5_gdd09_15_20260814221918_f236f1,2026-08-14T13:26:47+00:00
GDD09_16,pb_slope,PBのMA傾き閾値を変更,トレンド質で悪い押し目を除く,傾きATR閾値を実バックテスト,"{""GoldDDPBSlopeATR"":3.0}",(2)軽微なコード変更,OOS_PASS,"{""GoldDDPBSlopeATR"":3.0}","OOS net=50562.40 (0.842x), PF=1.478410 (1.059x), DD=10790.85円/10.79085pt (0.782x); baseline net=60050.52, PF=1.396192, DD=13806.08円",173717.93,1.776360298037955,25061.01999999999,50562.4,1.478409530343548,10790.849999999991,0.01|0.02|0.05,gdda_xm5_gdd09_16_20260814223357_32bcdc,2026-08-14T13:41:21+00:00
GDD09_17,pb_slope,PBのMA傾き閾値を変更,トレンド質で悪い押し目を除く,傾きATR閾値を実バックテスト,"{""GoldDDPBSlopeATR"":3.2}",(2)軽微なコード変更,OOS_PASS,"{""GoldDDPBSlopeATR"":3.2}","OOS net=50653.95 (0.844x), PF=1.479691 (1.060x), DD=10790.85円/10.79085pt (0.782x); baseline net=60050.52, PF=1.396192, DD=13806.08円",173717.93,1.776360298037955,25061.01999999999,50653.950000000004,1.4796912752618494,10790.849999999991,0.01|0.02|0.05,gdda_xm5_gdd09_17_20260814224302_d05333,2026-08-14T13:50:26+00:00
GDD09_18,pb_slope,PBのMA傾き閾値を変更,トレンド質で悪い押し目を除く,傾きATR閾値を実バックテスト,"{""GoldDDPBSlopeATR"":3.4}",(2)軽微なコード変更,OOS_PASS,"{""GoldDDPBSlopeATR"":3.4}","OOS net=50653.95 (0.844x), PF=1.479691 (1.060x), DD=10790.85円/10.79085pt (0.782x); baseline net=60050.52, PF=1.396192, DD=13806.08円",173717.93,1.776360298037955,25061.01999999999,50653.950000000004,1.4796912752618494,10790.849999999991,0.01|0.02|0.05,gdda_xm5_gdd09_18_20260814225735_7b1f2c,2026-08-14T14:04:48+00:00
GDD09_19,pb_slope,PBのMA傾き閾値を変更,トレンド質で悪い押し目を除く,傾きATR閾値を実バックテスト,"{""GoldDDPBSlopeATR"":3.6}",(2)軽微なコード変更,OOS_PASS,"{""GoldDDPBSlopeATR"":3.6}","OOS net=50653.95 (0.844x), PF=1.479691 (1.060x), DD=10790.85円/10.79085pt (0.782x); baseline net=60050.52, PF=1.396192, DD=13806.08円",173717.93,1.776360298037955,25061.01999999999,50653.950000000004,1.4796912752618494,10790.849999999991,0.01|0.02|0.05,gdda_xm5_gdd09_19_20260814230645_48c2ea,2026-08-14T14:13:53+00:00
GDD09_20,pb_slope,PBのMA傾き閾値を変更,トレンド質で悪い押し目を除く,傾きATR閾値を実バックテスト,"{""GoldDDPBSlopeATR"":3.8}",(2)軽微なコード変更,OOS_PASS,"{""GoldDDPBSlopeATR"":3.8}","OOS net=50653.95 (0.844x), PF=1.479691 (1.060x), DD=10790.85円/10.79085pt (0.782x); baseline net=60050.52, PF=1.396192, DD=13806.08円",173717.93,1.776360298037955,25061.01999999999,50653.950000000004,1.4796912752618494,10790.849999999991,0.01|0.02|0.05,gdda_xm5_gdd09_20_20260814232102_87614e,2026-08-14T14:28:20+00:00
GDD10_01,pb_ema_pair,PBのEMA組を再設計,急変局面の追随速度を変える,Fast/Slowの組合せ実測,"{""GoldLabPBFastEMA"":5,""GoldLabPBSlowEMA"":20}",(2)軽微なコード変更,UNVERIFIED_EA_INPUT,"{""GoldLabPBFastEMA"":5,""GoldLabPBSlowEMA"":20}",family has no verified SIMVERIFY activation: pb_ema_pair,,,,,,,,gdda_is_gdd10_01_20260814232820_e54fab,2026-08-14T14:28:20+00:00
GDD10_02,pb_ema_pair,PBのEMA組を再設計,急変局面の追随速度を変える,Fast/Slowの組合せ実測,"{""GoldLabPBFastEMA"":5,""GoldLabPBSlowEMA"":30}",(2)軽微なコード変更,UNVERIFIED_EA_INPUT,"{""GoldLabPBFastEMA"":5,""GoldLabPBSlowEMA"":30}",family has no verified SIMVERIFY activation: pb_ema_pair,,,,,,,,gdda_is_gdd10_02_20260814232820_417222,2026-08-14T14:28:20+00:00
GDD10_03,pb_ema_pair,PBのEMA組を再設計,急変局面の追随速度を変える,Fast/Slowの組合せ実測,"{""GoldLabPBFastEMA"":8,""GoldLabPBSlowEMA"":21}",(2)軽微なコード変更,UNVERIFIED_EA_INPUT,"{""GoldLabPBFastEMA"":8,""GoldLabPBSlowEMA"":21}",family has no verified SIMVERIFY activation: pb_ema_pair,,,,,,,,gdda_is_gdd10_03_20260814232820_c1172f,2026-08-14T14:28:20+00:00
GDD10_04,pb_ema_pair,PBのEMA組を再設計,急変局面の追随速度を変える,Fast/Slowの組合せ実測,"{""GoldLabPBFastEMA"":8,""GoldLabPBSlowEMA"":34}",(2)軽微なコード変更,UNVERIFIED_EA_INPUT,"{""GoldLabPBFastEMA"":8,""GoldLabPBSlowEMA"":34}",family has no verified SIMVERIFY activation: pb_ema_pair,,,,,,,,gdda_is_gdd10_04_20260814232820_b99846,2026-08-14T14:28:20+00:00
GDD10_05,pb_ema_pair,PBのEMA組を再設計,急変局面の追随速度を変える,Fast/Slowの組合せ実測,"{""GoldLabPBFastEMA"":10,""GoldLabPBSlowEMA"":30}",(2)軽微なコード変更,UNVERIFIED_EA_INPUT,"{""GoldLabPBFastEMA"":10,""GoldLabPBSlowEMA"":30}",family has no verified SIMVERIFY activation: pb_ema_pair,,,,,,,,gdda_is_gdd10_05_20260814232820_07db5d,2026-08-14T14:28:20+00:00
GDD10_06,pb_ema_pair,PBのEMA組を再設計,急変局面の追随速度を変える,Fast/Slowの組合せ実測,"{""GoldLabPBFastEMA"":10,""GoldLabPBSlowEMA"":40}",(2)軽微なコード変更,UNVERIFIED_EA_INPUT,"{""GoldLabPBFastEMA"":10,""GoldLabPBSlowEMA"":40}",family has no verified SIMVERIFY activation: pb_ema_pair,,,,,,,,gdda_is_gdd10_06_20260814232820_89d37c,2026-08-14T14:28:20+00:00
GDD10_07,pb_ema_pair,PBのEMA組を再設計,急変局面の追随速度を変える,Fast/Slowの組合せ実測,"{""GoldLabPBFastEMA"":10,""GoldLabPBSlowEMA"":50}",(2)軽微なコード変更,UNVERIFIED_EA_INPUT,"{""GoldLabPBFastEMA"":10,""GoldLabPBSlowEMA"":50}",family has no verified SIMVERIFY activation: pb_ema_pair,,,,,,,,gdda_is_gdd10_07_20260814232820_a19c1d,2026-08-14T14:28:20+00:00
GDD10_08,pb_ema_pair,PBのEMA組を再設計,急変局面の追随速度を変える,Fast/Slowの組合せ実測,"{""GoldLabPBFastEMA"":12,""GoldLabPBSlowEMA"":36}",(2)軽微なコード変更,UNVERIFIED_EA_INPUT,"{""GoldLabPBFastEMA"":12,""GoldLabPBSlowEMA"":36}",family has no verified SIMVERIFY activation: pb_ema_pair,,,,,,,,gdda_is_gdd10_08_20260814232820_396a30,2026-08-14T14:28:20+00:00
GDD10_09,pb_ema_pair,PBのEMA組を再設計,急変局面の追随速度を変える,Fast/Slowの組合せ実測,"{""GoldLabPBFastEMA"":12,""GoldLabPBSlowEMA"":48}",(2)軽微なコード変更,UNVERIFIED_EA_INPUT,"{""GoldLabPBFastEMA"":12,""GoldLabPBSlowEMA"":48}",family has no verified SIMVERIFY activation: pb_ema_pair,,,,,,,,gdda_is_gdd10_09_20260814232820_42125a,2026-08-14T14:28:20+00:00
GDD10_10,pb_ema_pair,PBのEMA組を再設計,急変局面の追随速度を変える,Fast/Slowの組合せ実測,"{""GoldLabPBFastEMA"":15,""GoldLabPBSlowEMA"":40}",(2)軽微なコード変更,UNVERIFIED_EA_INPUT,"{""GoldLabPBFastEMA"":15,""GoldLabPBSlowEMA"":40}",family has no verified SIMVERIFY activation: pb_ema_pair,,,,,,,,gdda_is_gdd10_10_20260814232820_3e7faf,2026-08-14T14:28:20+00:00
GDD10_11,pb_ema_pair,PBのEMA組を再設計,急変局面の追随速度を変える,Fast/Slowの組合せ実測,"{""GoldLabPBFastEMA"":15,""GoldLabPBSlowEMA"":50}",(2)軽微なコード変更,UNVERIFIED_EA_INPUT,"{""GoldLabPBFastEMA"":15,""GoldLabPBSlowEMA"":50}",family has no verified SIMVERIFY activation: pb_ema_pair,,,,,,,,gdda_is_gdd10_11_20260814232820_002bb7,2026-08-14T14:28:20+00:00
GDD10_12,pb_ema_pair,PBのEMA組を再設計,急変局面の追随速度を変える,Fast/Slowの組合せ実測,"{""GoldLabPBFastEMA"":15,""GoldLabPBSlowEMA"":60}",(2)軽微なコード変更,UNVERIFIED_EA_INPUT,"{""GoldLabPBFastEMA"":15,""GoldLabPBSlowEMA"":60}",family has no verified SIMVERIFY activation: pb_ema_pair,,,,,,,,gdda_is_gdd10_12_20260814232820_0b5cef,2026-08-14T14:28:20+00:00
GDD10_13,pb_ema_pair,PBのEMA組を再設計,急変局面の追随速度を変える,Fast/Slowの組合せ実測,"{""GoldLabPBFastEMA"":18,""GoldLabPBSlowEMA"":54}",(2)軽微なコード変更,UNVERIFIED_EA_INPUT,"{""GoldLabPBFastEMA"":18,""GoldLabPBSlowEMA"":54}",family has no verified SIMVERIFY activation: pb_ema_pair,,,,,,,,gdda_is_gdd10_13_20260814232820_09205e,2026-08-14T14:28:20+00:00
GDD10_14,pb_ema_pair,PBのEMA組を再設計,急変局面の追随速度を変える,Fast/Slowの組合せ実測,"{""GoldLabPBFastEMA"":20,""GoldLabPBSlowEMA"":50}",(2)軽微なコード変更,UNVERIFIED_EA_INPUT,"{""GoldLabPBFastEMA"":20,""GoldLabPBSlowEMA"":50}",family has no verified SIMVERIFY activation: pb_ema_pair,,,,,,,,gdda_is_gdd10_14_20260814232820_04d987,2026-08-14T14:28:20+00:00
GDD10_15,pb_ema_pair,PBのEMA組を再設計,急変局面の追随速度を変える,Fast/Slowの組合せ実測,"{""GoldLabPBFastEMA"":20,""GoldLabPBSlowEMA"":60}",(2)軽微なコード変更,UNVERIFIED_EA_INPUT,"{""GoldLabPBFastEMA"":20,""GoldLabPBSlowEMA"":60}",family has no verified SIMVERIFY activation: pb_ema_pair,,,,,,,,gdda_is_gdd10_15_20260814232820_c76448,2026-08-14T14:28:20+00:00
GDD10_16,pb_ema_pair,PBのEMA組を再設計,急変局面の追随速度を変える,Fast/Slowの組合せ実測,"{""GoldLabPBFastEMA"":20,""GoldLabPBSlowEMA"":75}",(2)軽微なコード変更,UNVERIFIED_EA_INPUT,"{""GoldLabPBFastEMA"":20,""GoldLabPBSlowEMA"":75}",family has no verified SIMVERIFY activation: pb_ema_pair,,,,,,,,gdda_is_gdd10_16_20260814232820_a39036,2026-08-14T14:28:20+00:00
GDD10_17,pb_ema_pair,PBのEMA組を再設計,急変局面の追随速度を変える,Fast/Slowの組合せ実測,"{""GoldLabPBFastEMA"":25,""GoldLabPBSlowEMA"":60}",(2)軽微なコード変更,UNVERIFIED_EA_INPUT,"{""GoldLabPBFastEMA"":25,""GoldLabPBSlowEMA"":60}",family has no verified SIMVERIFY activation: pb_ema_pair,,,,,,,,gdda_is_gdd10_17_20260814232820_8cc859,2026-08-14T14:28:20+00:00
GDD10_18,pb_ema_pair,PBのEMA組を再設計,急変局面の追随速度を変える,Fast/Slowの組合せ実測,"{""GoldLabPBFastEMA"":25,""GoldLabPBSlowEMA"":75}",(2)軽微なコード変更,UNVERIFIED_EA_INPUT,"{""GoldLabPBFastEMA"":25,""GoldLabPBSlowEMA"":75}",family has no verified SIMVERIFY activation: pb_ema_pair,,,,,,,,gdda_is_gdd10_18_20260814232820_e637e8,2026-08-14T14:28:20+00:00
GDD10_19,pb_ema_pair,PBのEMA組を再設計,急変局面の追随速度を変える,Fast/Slowの組合せ実測,"{""GoldLabPBFastEMA"":30,""GoldLabPBSlowEMA"":75}",(2)軽微なコード変更,UNVERIFIED_EA_INPUT,"{""GoldLabPBFastEMA"":30,""GoldLabPBSlowEMA"":75}",family has no verified SIMVERIFY activation: pb_ema_pair,,,,,,,,gdda_is_gdd10_19_20260814232820_98a9e5,2026-08-14T14:28:20+00:00
GDD10_20,pb_ema_pair,PBのEMA組を再設計,急変局面の追随速度を変える,Fast/Slowの組合せ実測,"{""GoldLabPBFastEMA"":30,""GoldLabPBSlowEMA"":100}",(2)軽微なコード変更,UNVERIFIED_EA_INPUT,"{""GoldLabPBFastEMA"":30,""GoldLabPBSlowEMA"":100}",family has no verified SIMVERIFY activation: pb_ema_pair,,,,,,,,gdda_is_gdd10_20_20260814232820_a6c508,2026-08-14T14:28:20+00:00
GDD11_01,pb_trend_ma,PB長期MA期間を変更,GOLDの構造変化への追随性を調整,TrendMA期間実測,"{""GoldLabPBTrendMA"":50}",(2)軽微なコード変更,UNVERIFIED_EA_INPUT,"{""GoldLabPBTrendMA"":50}",family has no verified SIMVERIFY activation: pb_trend_ma,,,,,,,,gdda_is_gdd11_01_20260814232820_25fd42,2026-08-14T14:28:20+00:00
GDD11_02,pb_trend_ma,PB長期MA期間を変更,GOLDの構造変化への追随性を調整,TrendMA期間実測,"{""GoldLabPBTrendMA"":75}",(2)軽微なコード変更,UNVERIFIED_EA_INPUT,"{""GoldLabPBTrendMA"":75}",family has no verified SIMVERIFY activation: pb_trend_ma,,,,,,,,gdda_is_gdd11_02_20260814232820_28f8ab,2026-08-14T14:28:20+00:00
GDD11_03,pb_trend_ma,PB長期MA期間を変更,GOLDの構造変化への追随性を調整,TrendMA期間実測,"{""GoldLabPBTrendMA"":100}",(2)軽微なコード変更,UNVERIFIED_EA_INPUT,"{""GoldLabPBTrendMA"":100}",family has no verified SIMVERIFY activation: pb_trend_ma,,,,,,,,gdda_is_gdd11_03_20260814232820_2478fa,2026-08-14T14:28:20+00:00
GDD11_04,pb_trend_ma,PB長期MA期間を変更,GOLDの構造変化への追随性を調整,TrendMA期間実測,"{""GoldLabPBTrendMA"":125}",(2)軽微なコード変更,UNVERIFIED_EA_INPUT,"{""GoldLabPBTrendMA"":125}",family has no verified SIMVERIFY activation: pb_trend_ma,,,,,,,,gdda_is_gdd11_04_20260814232820_30d6b2,2026-08-14T14:28:20+00:00
GDD11_05,pb_trend_ma,PB長期MA期間を変更,GOLDの構造変化への追随性を調整,TrendMA期間実測,"{""GoldLabPBTrendMA"":150}",(2)軽微なコード変更,UNVERIFIED_EA_INPUT,"{""GoldLabPBTrendMA"":150}",family has no verified SIMVERIFY activation: pb_trend_ma,,,,,,,,gdda_is_gdd11_05_20260814232820_e1dc2f,2026-08-14T14:28:20+00:00
GDD11_06,pb_trend_ma,PB長期MA期間を変更,GOLDの構造変化への追随性を調整,TrendMA期間実測,"{""GoldLabPBTrendMA"":175}",(2)軽微なコード変更,UNVERIFIED_EA_INPUT,"{""GoldLabPBTrendMA"":175}",family has no verified SIMVERIFY activation: pb_trend_ma,,,,,,,,gdda_is_gdd11_06_20260814232820_0b65d9,2026-08-14T14:28:20+00:00
GDD11_07,pb_trend_ma,PB長期MA期間を変更,GOLDの構造変化への追随性を調整,TrendMA期間実測,"{""GoldLabPBTrendMA"":200}",(2)軽微なコード変更,UNVERIFIED_EA_INPUT,"{""GoldLabPBTrendMA"":200}",family has no verified SIMVERIFY activation: pb_trend_ma,,,,,,,,gdda_is_gdd11_07_20260814232820_392032,2026-08-14T14:28:20+00:00
GDD11_08,pb_trend_ma,PB長期MA期間を変更,GOLDの構造変化への追随性を調整,TrendMA期間実測,"{""GoldLabPBTrendMA"":225}",(2)軽微なコード変更,UNVERIFIED_EA_INPUT,"{""GoldLabPBTrendMA"":225}",family has no verified SIMVERIFY activation: pb_trend_ma,,,,,,,,gdda_is_gdd11_08_20260814232820_8a1b46,2026-08-14T14:28:20+00:00
GDD11_09,pb_trend_ma,PB長期MA期間を変更,GOLDの構造変化への追随性を調整,TrendMA期間実測,"{""GoldLabPBTrendMA"":250}",(2)軽微なコード変更,UNVERIFIED_EA_INPUT,"{""GoldLabPBTrendMA"":250}",family has no verified SIMVERIFY activation: pb_trend_ma,,,,,,,,gdda_is_gdd11_09_20260814232820_65ff81,2026-08-14T14:28:20+00:00
GDD11_10,pb_trend_ma,PB長期MA期間を変更,GOLDの構造変化への追随性を調整,TrendMA期間実測,"{""GoldLabPBTrendMA"":275}",(2)軽微なコード変更,UNVERIFIED_EA_INPUT,"{""GoldLabPBTrendMA"":275}",family has no verified SIMVERIFY activation: pb_trend_ma,,,,,,,,gdda_is_gdd11_10_20260814232820_64b4a1,2026-08-14T14:28:20+00:00
GDD11_11,pb_trend_ma,PB長期MA期間を変更,GOLDの構造変化への追随性を調整,TrendMA期間実測,"{""GoldLabPBTrendMA"":300}",(2)軽微なコード変更,UNVERIFIED_EA_INPUT,"{""GoldLabPBTrendMA"":300}",family has no verified SIMVERIFY activation: pb_trend_ma,,,,,,,,gdda_is_gdd11_11_20260814232820_a3c2f4,2026-08-14T14:28:20+00:00
GDD11_12,pb_trend_ma,PB長期MA期間を変更,GOLDの構造変化への追随性を調整,TrendMA期間実測,"{""GoldLabPBTrendMA"":325}",(2)軽微なコード変更,UNVERIFIED_EA_INPUT,"{""GoldLabPBTrendMA"":325}",family has no verified SIMVERIFY activation: pb_trend_ma,,,,,,,,gdda_is_gdd11_12_20260814232821_213369,2026-08-14T14:28:21+00:00
GDD11_13,pb_trend_ma,PB長期MA期間を変更,GOLDの構造変化への追随性を調整,TrendMA期間実測,"{""GoldLabPBTrendMA"":350}",(2)軽微なコード変更,UNVERIFIED_EA_INPUT,"{""GoldLabPBTrendMA"":350}",family has no verified SIMVERIFY activation: pb_trend_ma,,,,,,,,gdda_is_gdd11_13_20260814232821_200e9d,2026-08-14T14:28:21+00:00
GDD11_14,pb_trend_ma,PB長期MA期間を変更,GOLDの構造変化への追随性を調整,TrendMA期間実測,"{""GoldLabPBTrendMA"":375}",(2)軽微なコード変更,UNVERIFIED_EA_INPUT,"{""GoldLabPBTrendMA"":375}",family has no verified SIMVERIFY activation: pb_trend_ma,,,,,,,,gdda_is_gdd11_14_20260814232821_2d52cd,2026-08-14T14:28:21+00:00
GDD11_15,pb_trend_ma,PB長期MA期間を変更,GOLDの構造変化への追随性を調整,TrendMA期間実測,"{""GoldLabPBTrendMA"":400}",(2)軽微なコード変更,UNVERIFIED_EA_INPUT,"{""GoldLabPBTrendMA"":400}",family has no verified SIMVERIFY activation: pb_trend_ma,,,,,,,,gdda_is_gdd11_15_20260814232821_215252,2026-08-14T14:28:21+00:00
GDD11_16,pb_trend_ma,PB長期MA期間を変更,GOLDの構造変化への追随性を調整,TrendMA期間実測,"{""GoldLabPBTrendMA"":425}",(2)軽微なコード変更,UNVERIFIED_EA_INPUT,"{""GoldLabPBTrendMA"":425}",family has no verified SIMVERIFY activation: pb_trend_ma,,,,,,,,gdda_is_gdd11_16_20260814232821_173e87,2026-08-14T14:28:21+00:00
GDD11_17,pb_trend_ma,PB長期MA期間を変更,GOLDの構造変化への追随性を調整,TrendMA期間実測,"{""GoldLabPBTrendMA"":450}",(2)軽微なコード変更,UNVERIFIED_EA_INPUT,"{""GoldLabPBTrendMA"":450}",family has no verified SIMVERIFY activation: pb_trend_ma,,,,,,,,gdda_is_gdd11_17_20260814232821_9daf81,2026-08-14T14:28:21+00:00
GDD11_18,pb_trend_ma,PB長期MA期間を変更,GOLDの構造変化への追随性を調整,TrendMA期間実測,"{""GoldLabPBTrendMA"":475}",(2)軽微なコード変更,UNVERIFIED_EA_INPUT,"{""GoldLabPBTrendMA"":475}",family has no verified SIMVERIFY activation: pb_trend_ma,,,,,,,,gdda_is_gdd11_18_20260814232821_0f7511,2026-08-14T14:28:21+00:00
GDD11_19,pb_trend_ma,PB長期MA期間を変更,GOLDの構造変化への追随性を調整,TrendMA期間実測,"{""GoldLabPBTrendMA"":500}",(2)軽微なコード変更,UNVERIFIED_EA_INPUT,"{""GoldLabPBTrendMA"":500}",family has no verified SIMVERIFY activation: pb_trend_ma,,,,,,,,gdda_is_gdd11_19_20260814232821_2e2c41,2026-08-14T14:28:21+00:00
GDD11_20,pb_trend_ma,PB長期MA期間を変更,GOLDの構造変化への追随性を調整,TrendMA期間実測,"{""GoldLabPBTrendMA"":525}",(2)軽微なコード変更,UNVERIFIED_EA_INPUT,"{""GoldLabPBTrendMA"":525}",family has no verified SIMVERIFY activation: pb_trend_ma,,,,,,,,gdda_is_gdd11_20_20260814232821_d20d0e,2026-08-14T14:28:21+00:00
GDD12_01,pb_adx_period,PB ADX期間を変更,短期的なトレンド崩壊検知を調整,ADX period実測,"{""GoldLabPBADXPeriod"":5}",(2)軽微なコード変更,UNVERIFIED_EA_INPUT,"{""GoldLabPBADXPeriod"":5}",family has no verified SIMVERIFY activation: pb_adx_period,,,,,,,,gdda_is_gdd12_01_20260814232821_366e57,2026-08-14T14:28:21+00:00
GDD12_02,pb_adx_period,PB ADX期間を変更,短期的なトレンド崩壊検知を調整,ADX period実測,"{""GoldLabPBADXPeriod"":6}",(2)軽微なコード変更,UNVERIFIED_EA_INPUT,"{""GoldLabPBADXPeriod"":6}",family has no verified SIMVERIFY activation: pb_adx_period,,,,,,,,gdda_is_gdd12_02_20260814232821_66e564,2026-08-14T14:28:21+00:00
GDD12_03,pb_adx_period,PB ADX期間を変更,短期的なトレンド崩壊検知を調整,ADX period実測,"{""GoldLabPBADXPeriod"":7}",(2)軽微なコード変更,UNVERIFIED_EA_INPUT,"{""GoldLabPBADXPeriod"":7}",family has no verified SIMVERIFY activation: pb_adx_period,,,,,,,,gdda_is_gdd12_03_20260814232821_14dfca,2026-08-14T14:28:21+00:00
GDD12_04,pb_adx_period,PB ADX期間を変更,短期的なトレンド崩壊検知を調整,ADX period実測,"{""GoldLabPBADXPeriod"":8}",(2)軽微なコード変更,UNVERIFIED_EA_INPUT,"{""GoldLabPBADXPeriod"":8}",family has no verified SIMVERIFY activation: pb_adx_period,,,,,,,,gdda_is_gdd12_04_20260814232821_c6a24e,2026-08-14T14:28:21+00:00
GDD12_05,pb_adx_period,PB ADX期間を変更,短期的なトレンド崩壊検知を調整,ADX period実測,"{""GoldLabPBADXPeriod"":9}",(2)軽微なコード変更,UNVERIFIED_EA_INPUT,"{""GoldLabPBADXPeriod"":9}",family has no verified SIMVERIFY activation: pb_adx_period,,,,,,,,gdda_is_gdd12_05_20260814232821_e05859,2026-08-14T14:28:21+00:00
GDD12_06,pb_adx_period,PB ADX期間を変更,短期的なトレンド崩壊検知を調整,ADX period実測,"{""GoldLabPBADXPeriod"":10}",(2)軽微なコード変更,UNVERIFIED_EA_INPUT,"{""GoldLabPBADXPeriod"":10}",family has no verified SIMVERIFY activation: pb_adx_period,,,,,,,,gdda_is_gdd12_06_20260814232821_e0326d,2026-08-14T14:28:21+00:00
GDD12_07,pb_adx_period,PB ADX期間を変更,短期的なトレンド崩壊検知を調整,ADX period実測,"{""GoldLabPBADXPeriod"":11}",(2)軽微なコード変更,UNVERIFIED_EA_INPUT,"{""GoldLabPBADXPeriod"":11}",family has no verified SIMVERIFY activation: pb_adx_period,,,,,,,,gdda_is_gdd12_07_20260814232821_13a27f,2026-08-14T14:28:21+00:00
GDD12_08,pb_adx_period,PB ADX期間を変更,短期的なトレンド崩壊検知を調整,ADX period実測,"{""GoldLabPBADXPeriod"":12}",(2)軽微なコード変更,UNVERIFIED_EA_INPUT,"{""GoldLabPBADXPeriod"":12}",family has no verified SIMVERIFY activation: pb_adx_period,,,,,,,,gdda_is_gdd12_08_20260814232821_18cdc7,2026-08-14T14:28:21+00:00
GDD12_09,pb_adx_period,PB ADX期間を変更,短期的なトレンド崩壊検知を調整,ADX period実測,"{""GoldLabPBADXPeriod"":13}",(2)軽微なコード変更,UNVERIFIED_EA_INPUT,"{""GoldLabPBADXPeriod"":13}",family has no verified SIMVERIFY activation: pb_adx_period,,,,,,,,gdda_is_gdd12_09_20260814232821_2142f3,2026-08-14T14:28:21+00:00
GDD12_10,pb_adx_period,PB ADX期間を変更,短期的なトレンド崩壊検知を調整,ADX period実測,"{""GoldLabPBADXPeriod"":14}",(2)軽微なコード変更,UNVERIFIED_EA_INPUT,"{""GoldLabPBADXPeriod"":14}",family has no verified SIMVERIFY activation: pb_adx_period,,,,,,,,gdda_is_gdd12_10_20260814232821_e4c2ff,2026-08-14T14:28:21+00:00
GDD12_11,pb_adx_period,PB ADX期間を変更,短期的なトレンド崩壊検知を調整,ADX period実測,"{""GoldLabPBADXPeriod"":15}",(2)軽微なコード変更,UNVERIFIED_EA_INPUT,"{""GoldLabPBADXPeriod"":15}",family has no verified SIMVERIFY activation: pb_adx_period,,,,,,,,gdda_is_gdd12_11_20260814232821_0ffb2a,2026-08-14T14:28:21+00:00
GDD12_12,pb_adx_period,PB ADX期間を変更,短期的なトレンド崩壊検知を調整,ADX period実測,"{""GoldLabPBADXPeriod"":16}",(2)軽微なコード変更,UNVERIFIED_EA_INPUT,"{""GoldLabPBADXPeriod"":16}",family has no verified SIMVERIFY activation: pb_adx_period,,,,,,,,gdda_is_gdd12_12_20260814232821_20b858,2026-08-14T14:28:21+00:00
GDD12_13,pb_adx_period,PB ADX期間を変更,短期的なトレンド崩壊検知を調整,ADX period実測,"{""GoldLabPBADXPeriod"":17}",(2)軽微なコード変更,UNVERIFIED_EA_INPUT,"{""GoldLabPBADXPeriod"":17}",family has no verified SIMVERIFY activation: pb_adx_period,,,,,,,,gdda_is_gdd12_13_20260814232821_49054d,2026-08-14T14:28:21+00:00
GDD12_14,pb_adx_period,PB ADX期間を変更,短期的なトレンド崩壊検知を調整,ADX period実測,"{""GoldLabPBADXPeriod"":18}",(2)軽微なコード変更,UNVERIFIED_EA_INPUT,"{""GoldLabPBADXPeriod"":18}",family has no verified SIMVERIFY activation: pb_adx_period,,,,,,,,gdda_is_gdd12_14_20260814232821_6ef62d,2026-08-14T14:28:21+00:00
GDD12_15,pb_adx_period,PB ADX期間を変更,短期的なトレンド崩壊検知を調整,ADX period実測,"{""GoldLabPBADXPeriod"":19}",(2)軽微なコード変更,UNVERIFIED_EA_INPUT,"{""GoldLabPBADXPeriod"":19}",family has no verified SIMVERIFY activation: pb_adx_period,,,,,,,,gdda_is_gdd12_15_20260814232821_f15851,2026-08-14T14:28:21+00:00
GDD12_16,pb_adx_period,PB ADX期間を変更,短期的なトレンド崩壊検知を調整,ADX period実測,"{""GoldLabPBADXPeriod"":20}",(2)軽微なコード変更,UNVERIFIED_EA_INPUT,"{""GoldLabPBADXPeriod"":20}",family has no verified SIMVERIFY activation: pb_adx_period,,,,,,,,gdda_is_gdd12_16_20260814232821_29db55,2026-08-14T14:28:21+00:00
GDD12_17,pb_adx_period,PB ADX期間を変更,短期的なトレンド崩壊検知を調整,ADX period実測,"{""GoldLabPBADXPeriod"":21}",(2)軽微なコード変更,UNVERIFIED_EA_INPUT,"{""GoldLabPBADXPeriod"":21}",family has no verified SIMVERIFY activation: pb_adx_period,,,,,,,,gdda_is_gdd12_17_20260814232821_ea3c43,2026-08-14T14:28:21+00:00
GDD12_18,pb_adx_period,PB ADX期間を変更,短期的なトレンド崩壊検知を調整,ADX period実測,"{""GoldLabPBADXPeriod"":22}",(2)軽微なコード変更,UNVERIFIED_EA_INPUT,"{""GoldLabPBADXPeriod"":22}",family has no verified SIMVERIFY activation: pb_adx_period,,,,,,,,gdda_is_gdd12_18_20260814232821_373b49,2026-08-14T14:28:21+00:00
GDD12_19,pb_adx_period,PB ADX期間を変更,短期的なトレンド崩壊検知を調整,ADX period実測,"{""GoldLabPBADXPeriod"":23}",(2)軽微なコード変更,UNVERIFIED_EA_INPUT,"{""GoldLabPBADXPeriod"":23}",family has no verified SIMVERIFY activation: pb_adx_period,,,,,,,,gdda_is_gdd12_19_20260814232821_977a95,2026-08-14T14:28:21+00:00
GDD12_20,pb_adx_period,PB ADX期間を変更,短期的なトレンド崩壊検知を調整,ADX period実測,"{""GoldLabPBADXPeriod"":24}",(2)軽微なコード変更,UNVERIFIED_EA_INPUT,"{""GoldLabPBADXPeriod"":24}",family has no verified SIMVERIFY activation: pb_adx_period,,,,,,,,gdda_is_gdd12_20_20260814232821_1087e4,2026-08-14T14:28:21+00:00
GDD13_01,pb_candle_body,PB確認足の実体率を要求,ヒゲ主体の偽反発を避ける,実体/レンジ閾値を追加,"{""GoldLabPBCandleBodyMin"":0.05}",(2)軽微なコード変更,UNVERIFIED_EA_INPUT,"{""GoldLabPBCandleBodyMin"":0.05}",family has no verified SIMVERIFY activation: pb_candle_body,,,,,,,,gdda_is_gdd13_01_20260814232821_e91376,2026-08-14T14:28:21+00:00
GDD13_02,pb_candle_body,PB確認足の実体率を要求,ヒゲ主体の偽反発を避ける,実体/レンジ閾値を追加,"{""GoldLabPBCandleBodyMin"":0.1}",(2)軽微なコード変更,UNVERIFIED_EA_INPUT,"{""GoldLabPBCandleBodyMin"":0.1}",family has no verified SIMVERIFY activation: pb_candle_body,,,,,,,,gdda_is_gdd13_02_20260814232821_c64ca5,2026-08-14T14:28:21+00:00
GDD13_03,pb_candle_body,PB確認足の実体率を要求,ヒゲ主体の偽反発を避ける,実体/レンジ閾値を追加,"{""GoldLabPBCandleBodyMin"":0.15}",(2)軽微なコード変更,UNVERIFIED_EA_INPUT,"{""GoldLabPBCandleBodyMin"":0.15}",family has no verified SIMVERIFY activation: pb_candle_body,,,,,,,,gdda_is_gdd13_03_20260814232821_1bb633,2026-08-14T14:28:21+00:00
GDD13_04,pb_candle_body,PB確認足の実体率を要求,ヒゲ主体の偽反発を避ける,実体/レンジ閾値を追加,"{""GoldLabPBCandleBodyMin"":0.2}",(2)軽微なコード変更,UNVERIFIED_EA_INPUT,"{""GoldLabPBCandleBodyMin"":0.2}",family has no verified SIMVERIFY activation: pb_candle_body,,,,,,,,gdda_is_gdd13_04_20260814232821_546b4d,2026-08-14T14:28:21+00:00
GDD13_05,pb_candle_body,PB確認足の実体率を要求,ヒゲ主体の偽反発を避ける,実体/レンジ閾値を追加,"{""GoldLabPBCandleBodyMin"":0.25}",(2)軽微なコード変更,UNVERIFIED_EA_INPUT,"{""GoldLabPBCandleBodyMin"":0.25}",family has no verified SIMVERIFY activation: pb_candle_body,,,,,,,,gdda_is_gdd13_05_20260814232821_afb29d,2026-08-14T14:28:21+00:00
GDD13_06,pb_candle_body,PB確認足の実体率を要求,ヒゲ主体の偽反発を避ける,実体/レンジ閾値を追加,"{""GoldLabPBCandleBodyMin"":0.3}",(2)軽微なコード変更,UNVERIFIED_EA_INPUT,"{""GoldLabPBCandleBodyMin"":0.3}",family has no verified SIMVERIFY activation: pb_candle_body,,,,,,,,gdda_is_gdd13_06_20260814232821_78fa71,2026-08-14T14:28:21+00:00
GDD13_07,pb_candle_body,PB確認足の実体率を要求,ヒゲ主体の偽反発を避ける,実体/レンジ閾値を追加,"{""GoldLabPBCandleBodyMin"":0.35}",(2)軽微なコード変更,UNVERIFIED_EA_INPUT,"{""GoldLabPBCandleBodyMin"":0.35}",family has no verified SIMVERIFY activation: pb_candle_body,,,,,,,,gdda_is_gdd13_07_20260814232821_51de6a,2026-08-14T14:28:21+00:00
GDD13_08,pb_candle_body,PB確認足の実体率を要求,ヒゲ主体の偽反発を避ける,実体/レンジ閾値を追加,"{""GoldLabPBCandleBodyMin"":0.4}",(2)軽微なコード変更,UNVERIFIED_EA_INPUT,"{""GoldLabPBCandleBodyMin"":0.4}",family has no verified SIMVERIFY activation: pb_candle_body,,,,,,,,gdda_is_gdd13_08_20260814232821_00829f,2026-08-14T14:28:21+00:00
GDD13_09,pb_candle_body,PB確認足の実体率を要求,ヒゲ主体の偽反発を避ける,実体/レンジ閾値を追加,"{""GoldLabPBCandleBodyMin"":0.45}",(2)軽微なコード変更,UNVERIFIED_EA_INPUT,"{""GoldLabPBCandleBodyMin"":0.45}",family has no verified SIMVERIFY activation: pb_candle_body,,,,,,,,gdda_is_gdd13_09_20260814232821_c88644,2026-08-14T14:28:21+00:00
GDD13_10,pb_candle_body,PB確認足の実体率を要求,ヒゲ主体の偽反発を避ける,実体/レンジ閾値を追加,"{""GoldLabPBCandleBodyMin"":0.5}",(2)軽微なコード変更,UNVERIFIED_EA_INPUT,"{""GoldLabPBCandleBodyMin"":0.5}",family has no verified SIMVERIFY activation: pb_candle_body,,,,,,,,gdda_is_gdd13_10_20260814232821_19dce0,2026-08-14T14:28:21+00:00
GDD13_11,pb_candle_body,PB確認足の実体率を要求,ヒゲ主体の偽反発を避ける,実体/レンジ閾値を追加,"{""GoldLabPBCandleBodyMin"":0.55}",(2)軽微なコード変更,UNVERIFIED_EA_INPUT,"{""GoldLabPBCandleBodyMin"":0.55}",family has no verified SIMVERIFY activation: pb_candle_body,,,,,,,,gdda_is_gdd13_11_20260814232821_138210,2026-08-14T14:28:21+00:00
GDD13_12,pb_candle_body,PB確認足の実体率を要求,ヒゲ主体の偽反発を避ける,実体/レンジ閾値を追加,"{""GoldLabPBCandleBodyMin"":0.6}",(2)軽微なコード変更,UNVERIFIED_EA_INPUT,"{""GoldLabPBCandleBodyMin"":0.6}",family has no verified SIMVERIFY activation: pb_candle_body,,,,,,,,gdda_is_gdd13_12_20260814232821_ab19cc,2026-08-14T14:28:21+00:00
GDD13_13,pb_candle_body,PB確認足の実体率を要求,ヒゲ主体の偽反発を避ける,実体/レンジ閾値を追加,"{""GoldLabPBCandleBodyMin"":0.65}",(2)軽微なコード変更,UNVERIFIED_EA_INPUT,"{""GoldLabPBCandleBodyMin"":0.65}",family has no verified SIMVERIFY activation: pb_candle_body,,,,,,,,gdda_is_gdd13_13_20260814232821_be86d7,2026-08-14T14:28:21+00:00
GDD13_14,pb_candle_body,PB確認足の実体率を要求,ヒゲ主体の偽反発を避ける,実体/レンジ閾値を追加,"{""GoldLabPBCandleBodyMin"":0.7}",(2)軽微なコード変更,UNVERIFIED_EA_INPUT,"{""GoldLabPBCandleBodyMin"":0.7}",family has no verified SIMVERIFY activation: pb_candle_body,,,,,,,,gdda_is_gdd13_14_20260814232821_0b82c1,2026-08-14T14:28:21+00:00
GDD13_15,pb_candle_body,PB確認足の実体率を要求,ヒゲ主体の偽反発を避ける,実体/レンジ閾値を追加,"{""GoldLabPBCandleBodyMin"":0.75}",(2)軽微なコード変更,UNVERIFIED_EA_INPUT,"{""GoldLabPBCandleBodyMin"":0.75}",family has no verified SIMVERIFY activation: pb_candle_body,,,,,,,,gdda_is_gdd13_15_20260814232821_17cef6,2026-08-14T14:28:21+00:00
GDD13_16,pb_candle_body,PB確認足の実体率を要求,ヒゲ主体の偽反発を避ける,実体/レンジ閾値を追加,"{""GoldLabPBCandleBodyMin"":0.8}",(2)軽微なコード変更,UNVERIFIED_EA_INPUT,"{""GoldLabPBCandleBodyMin"":0.8}",family has no verified SIMVERIFY activation: pb_candle_body,,,,,,,,gdda_is_gdd13_16_20260814232821_544943,2026-08-14T14:28:21+00:00
GDD13_17,pb_candle_body,PB確認足の実体率を要求,ヒゲ主体の偽反発を避ける,実体/レンジ閾値を追加,"{""GoldLabPBCandleBodyMin"":0.85}",(2)軽微なコード変更,UNVERIFIED_EA_INPUT,"{""GoldLabPBCandleBodyMin"":0.85}",family has no verified SIMVERIFY activation: pb_candle_body,,,,,,,,gdda_is_gdd13_17_20260814232821_703868,2026-08-14T14:28:21+00:00
GDD13_18,pb_candle_body,PB確認足の実体率を要求,ヒゲ主体の偽反発を避ける,実体/レンジ閾値を追加,"{""GoldLabPBCandleBodyMin"":0.9}",(2)軽微なコード変更,UNVERIFIED_EA_INPUT,"{""GoldLabPBCandleBodyMin"":0.9}",family has no verified SIMVERIFY activation: pb_candle_body,,,,,,,,gdda_is_gdd13_18_20260814232821_d8aa11,2026-08-14T14:28:21+00:00
GDD13_19,pb_candle_body,PB確認足の実体率を要求,ヒゲ主体の偽反発を避ける,実体/レンジ閾値を追加,"{""GoldLabPBCandleBodyMin"":0.95}",(2)軽微なコード変更,UNVERIFIED_EA_INPUT,"{""GoldLabPBCandleBodyMin"":0.95}",family has no verified SIMVERIFY activation: pb_candle_body,,,,,,,,gdda_is_gdd13_19_20260814232821_c8e69a,2026-08-14T14:28:21+00:00
GDD13_20,pb_candle_body,PB確認足の実体率を要求,ヒゲ主体の偽反発を避ける,実体/レンジ閾値を追加,"{""GoldLabPBCandleBodyMin"":1.0}",(2)軽微なコード変更,UNVERIFIED_EA_INPUT,"{""GoldLabPBCandleBodyMin"":1.0}",family has no verified SIMVERIFY activation: pb_candle_body,,,,,,,,gdda_is_gdd13_20_20260814232821_dde918,2026-08-14T14:28:21+00:00
GDD14_01,pb_close_location,PB確認足終値位置を要求,反発の質を終値位置で測る,CLV閾値を追加,"{""GoldLabPBCloseLocationMin"":0.05}",(2)軽微なコード変更,UNVERIFIED_EA_INPUT,"{""GoldLabPBCloseLocationMin"":0.05}",family has no verified SIMVERIFY activation: pb_close_location,,,,,,,,gdda_is_gdd14_01_20260814232821_eb5c58,2026-08-14T14:28:21+00:00
GDD14_02,pb_close_location,PB確認足終値位置を要求,反発の質を終値位置で測る,CLV閾値を追加,"{""GoldLabPBCloseLocationMin"":0.1}",(2)軽微なコード変更,UNVERIFIED_EA_INPUT,"{""GoldLabPBCloseLocationMin"":0.1}",family has no verified SIMVERIFY activation: pb_close_location,,,,,,,,gdda_is_gdd14_02_20260814232821_8aacdd,2026-08-14T14:28:21+00:00
GDD14_03,pb_close_location,PB確認足終値位置を要求,反発の質を終値位置で測る,CLV閾値を追加,"{""GoldLabPBCloseLocationMin"":0.15}",(2)軽微なコード変更,UNVERIFIED_EA_INPUT,"{""GoldLabPBCloseLocationMin"":0.15}",family has no verified SIMVERIFY activation: pb_close_location,,,,,,,,gdda_is_gdd14_03_20260814232821_eb8229,2026-08-14T14:28:21+00:00
GDD14_04,pb_close_location,PB確認足終値位置を要求,反発の質を終値位置で測る,CLV閾値を追加,"{""GoldLabPBCloseLocationMin"":0.2}",(2)軽微なコード変更,UNVERIFIED_EA_INPUT,"{""GoldLabPBCloseLocationMin"":0.2}",family has no verified SIMVERIFY activation: pb_close_location,,,,,,,,gdda_is_gdd14_04_20260814232821_bd3a55,2026-08-14T14:28:21+00:00
GDD14_05,pb_close_location,PB確認足終値位置を要求,反発の質を終値位置で測る,CLV閾値を追加,"{""GoldLabPBCloseLocationMin"":0.25}",(2)軽微なコード変更,UNVERIFIED_EA_INPUT,"{""GoldLabPBCloseLocationMin"":0.25}",family has no verified SIMVERIFY activation: pb_close_location,,,,,,,,gdda_is_gdd14_05_20260814232821_0d28be,2026-08-14T14:28:21+00:00
GDD14_06,pb_close_location,PB確認足終値位置を要求,反発の質を終値位置で測る,CLV閾値を追加,"{""GoldLabPBCloseLocationMin"":0.3}",(2)軽微なコード変更,UNVERIFIED_EA_INPUT,"{""GoldLabPBCloseLocationMin"":0.3}",family has no verified SIMVERIFY activation: pb_close_location,,,,,,,,gdda_is_gdd14_06_20260814232821_aa5213,2026-08-14T14:28:21+00:00
GDD14_07,pb_close_location,PB確認足終値位置を要求,反発の質を終値位置で測る,CLV閾値を追加,"{""GoldLabPBCloseLocationMin"":0.35}",(2)軽微なコード変更,UNVERIFIED_EA_INPUT,"{""GoldLabPBCloseLocationMin"":0.35}",family has no verified SIMVERIFY activation: pb_close_location,,,,,,,,gdda_is_gdd14_07_20260814232821_8a473d,2026-08-14T14:28:21+00:00
GDD14_08,pb_close_location,PB確認足終値位置を要求,反発の質を終値位置で測る,CLV閾値を追加,"{""GoldLabPBCloseLocationMin"":0.4}",(2)軽微なコード変更,UNVERIFIED_EA_INPUT,"{""GoldLabPBCloseLocationMin"":0.4}",family has no verified SIMVERIFY activation: pb_close_location,,,,,,,,gdda_is_gdd14_08_20260814232821_f9d7e7,2026-08-14T14:28:21+00:00
GDD14_09,pb_close_location,PB確認足終値位置を要求,反発の質を終値位置で測る,CLV閾値を追加,"{""GoldLabPBCloseLocationMin"":0.45}",(2)軽微なコード変更,UNVERIFIED_EA_INPUT,"{""GoldLabPBCloseLocationMin"":0.45}",family has no verified SIMVERIFY activation: pb_close_location,,,,,,,,gdda_is_gdd14_09_20260814232821_44f8e0,2026-08-14T14:28:21+00:00
GDD14_10,pb_close_location,PB確認足終値位置を要求,反発の質を終値位置で測る,CLV閾値を追加,"{""GoldLabPBCloseLocationMin"":0.5}",(2)軽微なコード変更,UNVERIFIED_EA_INPUT,"{""GoldLabPBCloseLocationMin"":0.5}",family has no verified SIMVERIFY activation: pb_close_location,,,,,,,,gdda_is_gdd14_10_20260814232821_af3ccd,2026-08-14T14:28:21+00:00
GDD14_11,pb_close_location,PB確認足終値位置を要求,反発の質を終値位置で測る,CLV閾値を追加,"{""GoldLabPBCloseLocationMin"":0.55}",(2)軽微なコード変更,UNVERIFIED_EA_INPUT,"{""GoldLabPBCloseLocationMin"":0.55}",family has no verified SIMVERIFY activation: pb_close_location,,,,,,,,gdda_is_gdd14_11_20260814232821_30056e,2026-08-14T14:28:21+00:00
GDD14_12,pb_close_location,PB確認足終値位置を要求,反発の質を終値位置で測る,CLV閾値を追加,"{""GoldLabPBCloseLocationMin"":0.6}",(2)軽微なコード変更,UNVERIFIED_EA_INPUT,"{""GoldLabPBCloseLocationMin"":0.6}",family has no verified SIMVERIFY activation: pb_close_location,,,,,,,,gdda_is_gdd14_12_20260814232821_2c4b9c,2026-08-14T14:28:21+00:00
GDD14_13,pb_close_location,PB確認足終値位置を要求,反発の質を終値位置で測る,CLV閾値を追加,"{""GoldLabPBCloseLocationMin"":0.65}",(2)軽微なコード変更,UNVERIFIED_EA_INPUT,"{""GoldLabPBCloseLocationMin"":0.65}",family has no verified SIMVERIFY activation: pb_close_location,,,,,,,,gdda_is_gdd14_13_20260814232821_356379,2026-08-14T14:28:21+00:00
GDD14_14,pb_close_location,PB確認足終値位置を要求,反発の質を終値位置で測る,CLV閾値を追加,"{""GoldLabPBCloseLocationMin"":0.7}",(2)軽微なコード変更,UNVERIFIED_EA_INPUT,"{""GoldLabPBCloseLocationMin"":0.7}",family has no verified SIMVERIFY activation: pb_close_location,,,,,,,,gdda_is_gdd14_14_20260814232821_221e63,2026-08-14T14:28:21+00:00
GDD14_15,pb_close_location,PB確認足終値位置を要求,反発の質を終値位置で測る,CLV閾値を追加,"{""GoldLabPBCloseLocationMin"":0.75}",(2)軽微なコード変更,UNVERIFIED_EA_INPUT,"{""GoldLabPBCloseLocationMin"":0.75}",family has no verified SIMVERIFY activation: pb_close_location,,,,,,,,gdda_is_gdd14_15_20260814232821_3c0ef3,2026-08-14T14:28:21+00:00
GDD14_16,pb_close_location,PB確認足終値位置を要求,反発の質を終値位置で測る,CLV閾値を追加,"{""GoldLabPBCloseLocationMin"":0.8}",(2)軽微なコード変更,UNVERIFIED_EA_INPUT,"{""GoldLabPBCloseLocationMin"":0.8}",family has no verified SIMVERIFY activation: pb_close_location,,,,,,,,gdda_is_gdd14_16_20260814232821_5baf6b,2026-08-14T14:28:21+00:00
GDD14_17,pb_close_location,PB確認足終値位置を要求,反発の質を終値位置で測る,CLV閾値を追加,"{""GoldLabPBCloseLocationMin"":0.85}",(2)軽微なコード変更,UNVERIFIED_EA_INPUT,"{""GoldLabPBCloseLocationMin"":0.85}",family has no verified SIMVERIFY activation: pb_close_location,,,,,,,,gdda_is_gdd14_17_20260814232821_ff20a9,2026-08-14T14:28:21+00:00
GDD14_18,pb_close_location,PB確認足終値位置を要求,反発の質を終値位置で測る,CLV閾値を追加,"{""GoldLabPBCloseLocationMin"":0.9}",(2)軽微なコード変更,UNVERIFIED_EA_INPUT,"{""GoldLabPBCloseLocationMin"":0.9}",family has no verified SIMVERIFY activation: pb_close_location,,,,,,,,gdda_is_gdd14_18_20260814232821_135bb2,2026-08-14T14:28:21+00:00
GDD14_19,pb_close_location,PB確認足終値位置を要求,反発の質を終値位置で測る,CLV閾値を追加,"{""GoldLabPBCloseLocationMin"":0.95}",(2)軽微なコード変更,UNVERIFIED_EA_INPUT,"{""GoldLabPBCloseLocationMin"":0.95}",family has no verified SIMVERIFY activation: pb_close_location,,,,,,,,gdda_is_gdd14_19_20260814232821_08cc5f,2026-08-14T14:28:21+00:00
GDD14_20,pb_close_location,PB確認足終値位置を要求,反発の質を終値位置で測る,CLV閾値を追加,"{""GoldLabPBCloseLocationMin"":1.0}",(2)軽微なコード変更,UNVERIFIED_EA_INPUT,"{""GoldLabPBCloseLocationMin"":1.0}",family has no verified SIMVERIFY activation: pb_close_location,,,,,,,,gdda_is_gdd14_20_20260814232821_229eff,2026-08-14T14:28:21+00:00
GDD15_01,pb_pullback_depth,EMA帯への押し深さを制限,深すぎる崩れ・浅すぎる追随を除く,ATR正規化深さ帯を追加,"{""GoldLabPBPullbackDepthATR"":0.1}",(2)軽微なコード変更,UNVERIFIED_EA_INPUT,"{""GoldLabPBPullbackDepthATR"":0.1}",family has no verified SIMVERIFY activation: pb_pullback_depth,,,,,,,,gdda_is_gdd15_01_20260814232821_0c1c76,2026-08-14T14:28:21+00:00
GDD15_02,pb_pullback_depth,EMA帯への押し深さを制限,深すぎる崩れ・浅すぎる追随を除く,ATR正規化深さ帯を追加,"{""GoldLabPBPullbackDepthATR"":0.2}",(2)軽微なコード変更,UNVERIFIED_EA_INPUT,"{""GoldLabPBPullbackDepthATR"":0.2}",family has no verified SIMVERIFY activation: pb_pullback_depth,,,,,,,,gdda_is_gdd15_02_20260814232821_1fcfb5,2026-08-14T14:28:21+00:00
GDD15_03,pb_pullback_depth,EMA帯への押し深さを制限,深すぎる崩れ・浅すぎる追随を除く,ATR正規化深さ帯を追加,"{""GoldLabPBPullbackDepthATR"":0.3}",(2)軽微なコード変更,UNVERIFIED_EA_INPUT,"{""GoldLabPBPullbackDepthATR"":0.3}",family has no verified SIMVERIFY activation: pb_pullback_depth,,,,,,,,gdda_is_gdd15_03_20260814232821_a4ee31,2026-08-14T14:28:21+00:00
GDD15_04,pb_pullback_depth,EMA帯への押し深さを制限,深すぎる崩れ・浅すぎる追随を除く,ATR正規化深さ帯を追加,"{""GoldLabPBPullbackDepthATR"":0.4}",(2)軽微なコード変更,UNVERIFIED_EA_INPUT,"{""GoldLabPBPullbackDepthATR"":0.4}",family has no verified SIMVERIFY activation: pb_pullback_depth,,,,,,,,gdda_is_gdd15_04_20260814232821_9e81d5,2026-08-14T14:28:21+00:00
GDD15_05,pb_pullback_depth,EMA帯への押し深さを制限,深すぎる崩れ・浅すぎる追随を除く,ATR正規化深さ帯を追加,"{""GoldLabPBPullbackDepthATR"":0.5}",(2)軽微なコード変更,UNVERIFIED_EA_INPUT,"{""GoldLabPBPullbackDepthATR"":0.5}",family has no verified SIMVERIFY activation: pb_pullback_depth,,,,,,,,gdda_is_gdd15_05_20260814232821_8055d9,2026-08-14T14:28:21+00:00
GDD15_06,pb_pullback_depth,EMA帯への押し深さを制限,深すぎる崩れ・浅すぎる追随を除く,ATR正規化深さ帯を追加,"{""GoldLabPBPullbackDepthATR"":0.6}",(2)軽微なコード変更,UNVERIFIED_EA_INPUT,"{""GoldLabPBPullbackDepthATR"":0.6}",family has no verified SIMVERIFY activation: pb_pullback_depth,,,,,,,,gdda_is_gdd15_06_20260814232821_dc9b53,2026-08-14T14:28:21+00:00
GDD15_07,pb_pullback_depth,EMA帯への押し深さを制限,深すぎる崩れ・浅すぎる追随を除く,ATR正規化深さ帯を追加,"{""GoldLabPBPullbackDepthATR"":0.7}",(2)軽微なコード変更,UNVERIFIED_EA_INPUT,"{""GoldLabPBPullbackDepthATR"":0.7}",family has no verified SIMVERIFY activation: pb_pullback_depth,,,,,,,,gdda_is_gdd15_07_20260814232821_7da455,2026-08-14T14:28:21+00:00
GDD15_08,pb_pullback_depth,EMA帯への押し深さを制限,深すぎる崩れ・浅すぎる追随を除く,ATR正規化深さ帯を追加,"{""GoldLabPBPullbackDepthATR"":0.8}",(2)軽微なコード変更,UNVERIFIED_EA_INPUT,"{""GoldLabPBPullbackDepthATR"":0.8}",family has no verified SIMVERIFY activation: pb_pullback_depth,,,,,,,,gdda_is_gdd15_08_20260814232821_5f3782,2026-08-14T14:28:21+00:00
GDD15_09,pb_pullback_depth,EMA帯への押し深さを制限,深すぎる崩れ・浅すぎる追随を除く,ATR正規化深さ帯を追加,"{""GoldLabPBPullbackDepthATR"":0.9}",(2)軽微なコード変更,UNVERIFIED_EA_INPUT,"{""GoldLabPBPullbackDepthATR"":0.9}",family has no verified SIMVERIFY activation: pb_pullback_depth,,,,,,,,gdda_is_gdd15_09_20260814232821_d48b98,2026-08-14T14:28:21+00:00
GDD15_10,pb_pullback_depth,EMA帯への押し深さを制限,深すぎる崩れ・浅すぎる追随を除く,ATR正規化深さ帯を追加,"{""GoldLabPBPullbackDepthATR"":1.0}",(2)軽微なコード変更,UNVERIFIED_EA_INPUT,"{""GoldLabPBPullbackDepthATR"":1.0}",family has no verified SIMVERIFY activation: pb_pullback_depth,,,,,,,,gdda_is_gdd15_10_20260814232821_8508cf,2026-08-14T14:28:21+00:00
GDD15_11,pb_pullback_depth,EMA帯への押し深さを制限,深すぎる崩れ・浅すぎる追随を除く,ATR正規化深さ帯を追加,"{""GoldLabPBPullbackDepthATR"":1.1}",(2)軽微なコード変更,UNVERIFIED_EA_INPUT,"{""GoldLabPBPullbackDepthATR"":1.1}",family has no verified SIMVERIFY activation: pb_pullback_depth,,,,,,,,gdda_is_gdd15_11_20260814232821_7444d2,2026-08-14T14:28:21+00:00
GDD15_12,pb_pullback_depth,EMA帯への押し深さを制限,深すぎる崩れ・浅すぎる追随を除く,ATR正規化深さ帯を追加,"{""GoldLabPBPullbackDepthATR"":1.2}",(2)軽微なコード変更,UNVERIFIED_EA_INPUT,"{""GoldLabPBPullbackDepthATR"":1.2}",family has no verified SIMVERIFY activation: pb_pullback_depth,,,,,,,,gdda_is_gdd15_12_20260814232821_bad3af,2026-08-14T14:28:21+00:00
GDD15_13,pb_pullback_depth,EMA帯への押し深さを制限,深すぎる崩れ・浅すぎる追随を除く,ATR正規化深さ帯を追加,"{""GoldLabPBPullbackDepthATR"":1.3}",(2)軽微なコード変更,UNVERIFIED_EA_INPUT,"{""GoldLabPBPullbackDepthATR"":1.3}",family has no verified SIMVERIFY activation: pb_pullback_depth,,,,,,,,gdda_is_gdd15_13_20260814232821_475a21,2026-08-14T14:28:21+00:00
GDD15_14,pb_pullback_depth,EMA帯への押し深さを制限,深すぎる崩れ・浅すぎる追随を除く,ATR正規化深さ帯を追加,"{""GoldLabPBPullbackDepthATR"":1.4}",(2)軽微なコード変更,UNVERIFIED_EA_INPUT,"{""GoldLabPBPullbackDepthATR"":1.4}",family has no verified SIMVERIFY activation: pb_pullback_depth,,,,,,,,gdda_is_gdd15_14_20260814232821_bc65d2,2026-08-14T14:28:21+00:00
GDD15_15,pb_pullback_depth,EMA帯への押し深さを制限,深すぎる崩れ・浅すぎる追随を除く,ATR正規化深さ帯を追加,"{""GoldLabPBPullbackDepthATR"":1.5}",(2)軽微なコード変更,UNVERIFIED_EA_INPUT,"{""GoldLabPBPullbackDepthATR"":1.5}",family has no verified SIMVERIFY activation: pb_pullback_depth,,,,,,,,gdda_is_gdd15_15_20260814232821_2c18d6,2026-08-14T14:28:21+00:00
GDD15_16,pb_pullback_depth,EMA帯への押し深さを制限,深すぎる崩れ・浅すぎる追随を除く,ATR正規化深さ帯を追加,"{""GoldLabPBPullbackDepthATR"":1.6}",(2)軽微なコード変更,UNVERIFIED_EA_INPUT,"{""GoldLabPBPullbackDepthATR"":1.6}",family has no verified SIMVERIFY activation: pb_pullback_depth,,,,,,,,gdda_is_gdd15_16_20260814232821_966e78,2026-08-14T14:28:21+00:00
GDD15_17,pb_pullback_depth,EMA帯への押し深さを制限,深すぎる崩れ・浅すぎる追随を除く,ATR正規化深さ帯を追加,"{""GoldLabPBPullbackDepthATR"":1.7}",(2)軽微なコード変更,UNVERIFIED_EA_INPUT,"{""GoldLabPBPullbackDepthATR"":1.7}",family has no verified SIMVERIFY activation: pb_pullback_depth,,,,,,,,gdda_is_gdd15_17_20260814232821_b77f61,2026-08-14T14:28:21+00:00
GDD15_18,pb_pullback_depth,EMA帯への押し深さを制限,深すぎる崩れ・浅すぎる追随を除く,ATR正規化深さ帯を追加,"{""GoldLabPBPullbackDepthATR"":1.8}",(2)軽微なコード変更,UNVERIFIED_EA_INPUT,"{""GoldLabPBPullbackDepthATR"":1.8}",family has no verified SIMVERIFY activation: pb_pullback_depth,,,,,,,,gdda_is_gdd15_18_20260814232821_9b951b,2026-08-14T14:28:21+00:00
GDD15_19,pb_pullback_depth,EMA帯への押し深さを制限,深すぎる崩れ・浅すぎる追随を除く,ATR正規化深さ帯を追加,"{""GoldLabPBPullbackDepthATR"":1.9}",(2)軽微なコード変更,UNVERIFIED_EA_INPUT,"{""GoldLabPBPullbackDepthATR"":1.9}",family has no verified SIMVERIFY activation: pb_pullback_depth,,,,,,,,gdda_is_gdd15_19_20260814232821_68da7a,2026-08-14T14:28:21+00:00
GDD15_20,pb_pullback_depth,EMA帯への押し深さを制限,深すぎる崩れ・浅すぎる追随を除く,ATR正規化深さ帯を追加,"{""GoldLabPBPullbackDepthATR"":2.0}",(2)軽微なコード変更,UNVERIFIED_EA_INPUT,"{""GoldLabPBPullbackDepthATR"":2.0}",family has no verified SIMVERIFY activation: pb_pullback_depth,,,,,,,,gdda_is_gdd15_20_20260814232821_d90745,2026-08-14T14:28:21+00:00
GDD16_01,pb_extension_cap,長期MAからの乖離上限,過熱域での遅い参入を抑える,MA乖離/ATR上限を追加,"{""GoldLabPBExtensionCapATR"":0.5}",(2)軽微なコード変更,UNVERIFIED_EA_INPUT,"{""GoldLabPBExtensionCapATR"":0.5}",family has no verified SIMVERIFY activation: pb_extension_cap,,,,,,,,gdda_is_gdd16_01_20260814232822_3db50b,2026-08-14T14:28:22+00:00
GDD16_02,pb_extension_cap,長期MAからの乖離上限,過熱域での遅い参入を抑える,MA乖離/ATR上限を追加,"{""GoldLabPBExtensionCapATR"":1.0}",(2)軽微なコード変更,UNVERIFIED_EA_INPUT,"{""GoldLabPBExtensionCapATR"":1.0}",family has no verified SIMVERIFY activation: pb_extension_cap,,,,,,,,gdda_is_gdd16_02_20260814232822_af33ec,2026-08-14T14:28:22+00:00
GDD16_03,pb_extension_cap,長期MAからの乖離上限,過熱域での遅い参入を抑える,MA乖離/ATR上限を追加,"{""GoldLabPBExtensionCapATR"":1.5}",(2)軽微なコード変更,UNVERIFIED_EA_INPUT,"{""GoldLabPBExtensionCapATR"":1.5}",family has no verified SIMVERIFY activation: pb_extension_cap,,,,,,,,gdda_is_gdd16_03_20260814232822_56bfbf,2026-08-14T14:28:22+00:00
GDD16_04,pb_extension_cap,長期MAからの乖離上限,過熱域での遅い参入を抑える,MA乖離/ATR上限を追加,"{""GoldLabPBExtensionCapATR"":2.0}",(2)軽微なコード変更,UNVERIFIED_EA_INPUT,"{""GoldLabPBExtensionCapATR"":2.0}",family has no verified SIMVERIFY activation: pb_extension_cap,,,,,,,,gdda_is_gdd16_04_20260814232822_ccea18,2026-08-14T14:28:22+00:00
GDD16_05,pb_extension_cap,長期MAからの乖離上限,過熱域での遅い参入を抑える,MA乖離/ATR上限を追加,"{""GoldLabPBExtensionCapATR"":2.5}",(2)軽微なコード変更,UNVERIFIED_EA_INPUT,"{""GoldLabPBExtensionCapATR"":2.5}",family has no verified SIMVERIFY activation: pb_extension_cap,,,,,,,,gdda_is_gdd16_05_20260814232822_036974,2026-08-14T14:28:22+00:00
GDD16_06,pb_extension_cap,長期MAからの乖離上限,過熱域での遅い参入を抑える,MA乖離/ATR上限を追加,"{""GoldLabPBExtensionCapATR"":3.0}",(2)軽微なコード変更,UNVERIFIED_EA_INPUT,"{""GoldLabPBExtensionCapATR"":3.0}",family has no verified SIMVERIFY activation: pb_extension_cap,,,,,,,,gdda_is_gdd16_06_20260814232822_63c8dc,2026-08-14T14:28:22+00:00
GDD16_07,pb_extension_cap,長期MAからの乖離上限,過熱域での遅い参入を抑える,MA乖離/ATR上限を追加,"{""GoldLabPBExtensionCapATR"":3.5}",(2)軽微なコード変更,UNVERIFIED_EA_INPUT,"{""GoldLabPBExtensionCapATR"":3.5}",family has no verified SIMVERIFY activation: pb_extension_cap,,,,,,,,gdda_is_gdd16_07_20260814232822_b0e28a,2026-08-14T14:28:22+00:00
GDD16_08,pb_extension_cap,長期MAからの乖離上限,過熱域での遅い参入を抑える,MA乖離/ATR上限を追加,"{""GoldLabPBExtensionCapATR"":4.0}",(2)軽微なコード変更,UNVERIFIED_EA_INPUT,"{""GoldLabPBExtensionCapATR"":4.0}",family has no verified SIMVERIFY activation: pb_extension_cap,,,,,,,,gdda_is_gdd16_08_20260814232822_03dbbd,2026-08-14T14:28:22+00:00
GDD16_09,pb_extension_cap,長期MAからの乖離上限,過熱域での遅い参入を抑える,MA乖離/ATR上限を追加,"{""GoldLabPBExtensionCapATR"":4.5}",(2)軽微なコード変更,UNVERIFIED_EA_INPUT,"{""GoldLabPBExtensionCapATR"":4.5}",family has no verified SIMVERIFY activation: pb_extension_cap,,,,,,,,gdda_is_gdd16_09_20260814232822_b41524,2026-08-14T14:28:22+00:00
GDD16_10,pb_extension_cap,長期MAからの乖離上限,過熱域での遅い参入を抑える,MA乖離/ATR上限を追加,"{""GoldLabPBExtensionCapATR"":5.0}",(2)軽微なコード変更,UNVERIFIED_EA_INPUT,"{""GoldLabPBExtensionCapATR"":5.0}",family has no verified SIMVERIFY activation: pb_extension_cap,,,,,,,,gdda_is_gdd16_10_20260814232822_1b4908,2026-08-14T14:28:22+00:00
GDD16_11,pb_extension_cap,長期MAからの乖離上限,過熱域での遅い参入を抑える,MA乖離/ATR上限を追加,"{""GoldLabPBExtensionCapATR"":5.5}",(2)軽微なコード変更,UNVERIFIED_EA_INPUT,"{""GoldLabPBExtensionCapATR"":5.5}",family has no verified SIMVERIFY activation: pb_extension_cap,,,,,,,,gdda_is_gdd16_11_20260814232822_3c2cf4,2026-08-14T14:28:22+00:00
GDD16_12,pb_extension_cap,長期MAからの乖離上限,過熱域での遅い参入を抑える,MA乖離/ATR上限を追加,"{""GoldLabPBExtensionCapATR"":6.0}",(2)軽微なコード変更,UNVERIFIED_EA_INPUT,"{""GoldLabPBExtensionCapATR"":6.0}",family has no verified SIMVERIFY activation: pb_extension_cap,,,,,,,,gdda_is_gdd16_12_20260814232822_b79456,2026-08-14T14:28:22+00:00
GDD16_13,pb_extension_cap,長期MAからの乖離上限,過熱域での遅い参入を抑える,MA乖離/ATR上限を追加,"{""GoldLabPBExtensionCapATR"":6.5}",(2)軽微なコード変更,UNVERIFIED_EA_INPUT,"{""GoldLabPBExtensionCapATR"":6.5}",family has no verified SIMVERIFY activation: pb_extension_cap,,,,,,,,gdda_is_gdd16_13_20260814232822_ddbb86,2026-08-14T14:28:22+00:00
GDD16_14,pb_extension_cap,長期MAからの乖離上限,過熱域での遅い参入を抑える,MA乖離/ATR上限を追加,"{""GoldLabPBExtensionCapATR"":7.0}",(2)軽微なコード変更,UNVERIFIED_EA_INPUT,"{""GoldLabPBExtensionCapATR"":7.0}",family has no verified SIMVERIFY activation: pb_extension_cap,,,,,,,,gdda_is_gdd16_14_20260814232822_98f969,2026-08-14T14:28:22+00:00
GDD16_15,pb_extension_cap,長期MAからの乖離上限,過熱域での遅い参入を抑える,MA乖離/ATR上限を追加,"{""GoldLabPBExtensionCapATR"":7.5}",(2)軽微なコード変更,UNVERIFIED_EA_INPUT,"{""GoldLabPBExtensionCapATR"":7.5}",family has no verified SIMVERIFY activation: pb_extension_cap,,,,,,,,gdda_is_gdd16_15_20260814232822_2f9bf5,2026-08-14T14:28:22+00:00
GDD16_16,pb_extension_cap,長期MAからの乖離上限,過熱域での遅い参入を抑える,MA乖離/ATR上限を追加,"{""GoldLabPBExtensionCapATR"":8.0}",(2)軽微なコード変更,UNVERIFIED_EA_INPUT,"{""GoldLabPBExtensionCapATR"":8.0}",family has no verified SIMVERIFY activation: pb_extension_cap,,,,,,,,gdda_is_gdd16_16_20260814232822_2af519,2026-08-14T14:28:22+00:00
GDD16_17,pb_extension_cap,長期MAからの乖離上限,過熱域での遅い参入を抑える,MA乖離/ATR上限を追加,"{""GoldLabPBExtensionCapATR"":8.5}",(2)軽微なコード変更,UNVERIFIED_EA_INPUT,"{""GoldLabPBExtensionCapATR"":8.5}",family has no verified SIMVERIFY activation: pb_extension_cap,,,,,,,,gdda_is_gdd16_17_20260814232822_71c929,2026-08-14T14:28:22+00:00
GDD16_18,pb_extension_cap,長期MAからの乖離上限,過熱域での遅い参入を抑える,MA乖離/ATR上限を追加,"{""GoldLabPBExtensionCapATR"":9.0}",(2)軽微なコード変更,UNVERIFIED_EA_INPUT,"{""GoldLabPBExtensionCapATR"":9.0}",family has no verified SIMVERIFY activation: pb_extension_cap,,,,,,,,gdda_is_gdd16_18_20260814232822_127dae,2026-08-14T14:28:22+00:00
GDD16_19,pb_extension_cap,長期MAからの乖離上限,過熱域での遅い参入を抑える,MA乖離/ATR上限を追加,"{""GoldLabPBExtensionCapATR"":9.5}",(2)軽微なコード変更,UNVERIFIED_EA_INPUT,"{""GoldLabPBExtensionCapATR"":9.5}",family has no verified SIMVERIFY activation: pb_extension_cap,,,,,,,,gdda_is_gdd16_19_20260814232822_a0c046,2026-08-14T14:28:22+00:00
GDD16_20,pb_extension_cap,長期MAからの乖離上限,過熱域での遅い参入を抑える,MA乖離/ATR上限を追加,"{""GoldLabPBExtensionCapATR"":10.0}",(2)軽微なコード変更,UNVERIFIED_EA_INPUT,"{""GoldLabPBExtensionCapATR"":10.0}",family has no verified SIMVERIFY activation: pb_extension_cap,,,,,,,,gdda_is_gdd16_20_20260814232822_bc63da,2026-08-14T14:28:22+00:00
GDD17_01,pb_higher_tf,D1方向合流を要求,H4と上位トレンド不一致を避ける,D1 MA期間別ゲート,"{""GoldLabPBHigherTFMA"":50}",(2)軽微なコード変更,UNVERIFIED_EA_INPUT,"{""GoldLabPBHigherTFMA"":50}",family has no verified SIMVERIFY activation: pb_higher_tf,,,,,,,,gdda_is_gdd17_01_20260814232822_64cbbc,2026-08-14T14:28:22+00:00
GDD17_02,pb_higher_tf,D1方向合流を要求,H4と上位トレンド不一致を避ける,D1 MA期間別ゲート,"{""GoldLabPBHigherTFMA"":75}",(2)軽微なコード変更,UNVERIFIED_EA_INPUT,"{""GoldLabPBHigherTFMA"":75}",family has no verified SIMVERIFY activation: pb_higher_tf,,,,,,,,gdda_is_gdd17_02_20260814232822_0fdf89,2026-08-14T14:28:22+00:00
GDD17_03,pb_higher_tf,D1方向合流を要求,H4と上位トレンド不一致を避ける,D1 MA期間別ゲート,"{""GoldLabPBHigherTFMA"":100}",(2)軽微なコード変更,UNVERIFIED_EA_INPUT,"{""GoldLabPBHigherTFMA"":100}",family has no verified SIMVERIFY activation: pb_higher_tf,,,,,,,,gdda_is_gdd17_03_20260814232822_86e890,2026-08-14T14:28:22+00:00
GDD17_04,pb_higher_tf,D1方向合流を要求,H4と上位トレンド不一致を避ける,D1 MA期間別ゲート,"{""GoldLabPBHigherTFMA"":125}",(2)軽微なコード変更,UNVERIFIED_EA_INPUT,"{""GoldLabPBHigherTFMA"":125}",family has no verified SIMVERIFY activation: pb_higher_tf,,,,,,,,gdda_is_gdd17_04_20260814232822_037bb3,2026-08-14T14:28:22+00:00
GDD17_05,pb_higher_tf,D1方向合流を要求,H4と上位トレンド不一致を避ける,D1 MA期間別ゲート,"{""GoldLabPBHigherTFMA"":150}",(2)軽微なコード変更,UNVERIFIED_EA_INPUT,"{""GoldLabPBHigherTFMA"":150}",family has no verified SIMVERIFY activation: pb_higher_tf,,,,,,,,gdda_is_gdd17_05_20260814232822_46cbf7,2026-08-14T14:28:22+00:00
GDD17_06,pb_higher_tf,D1方向合流を要求,H4と上位トレンド不一致を避ける,D1 MA期間別ゲート,"{""GoldLabPBHigherTFMA"":175}",(2)軽微なコード変更,UNVERIFIED_EA_INPUT,"{""GoldLabPBHigherTFMA"":175}",family has no verified SIMVERIFY activation: pb_higher_tf,,,,,,,,gdda_is_gdd17_06_20260814232822_559fd7,2026-08-14T14:28:22+00:00
GDD17_07,pb_higher_tf,D1方向合流を要求,H4と上位トレンド不一致を避ける,D1 MA期間別ゲート,"{""GoldLabPBHigherTFMA"":200}",(2)軽微なコード変更,UNVERIFIED_EA_INPUT,"{""GoldLabPBHigherTFMA"":200}",family has no verified SIMVERIFY activation: pb_higher_tf,,,,,,,,gdda_is_gdd17_07_20260814232822_2917d1,2026-08-14T14:28:22+00:00
GDD17_08,pb_higher_tf,D1方向合流を要求,H4と上位トレンド不一致を避ける,D1 MA期間別ゲート,"{""GoldLabPBHigherTFMA"":225}",(2)軽微なコード変更,UNVERIFIED_EA_INPUT,"{""GoldLabPBHigherTFMA"":225}",family has no verified SIMVERIFY activation: pb_higher_tf,,,,,,,,gdda_is_gdd17_08_20260814232822_1025a6,2026-08-14T14:28:22+00:00
GDD17_09,pb_higher_tf,D1方向合流を要求,H4と上位トレンド不一致を避ける,D1 MA期間別ゲート,"{""GoldLabPBHigherTFMA"":250}",(2)軽微なコード変更,UNVERIFIED_EA_INPUT,"{""GoldLabPBHigherTFMA"":250}",family has no verified SIMVERIFY activation: pb_higher_tf,,,,,,,,gdda_is_gdd17_09_20260814232822_e5c155,2026-08-14T14:28:22+00:00
GDD17_10,pb_higher_tf,D1方向合流を要求,H4と上位トレンド不一致を避ける,D1 MA期間別ゲート,"{""GoldLabPBHigherTFMA"":275}",(2)軽微なコード変更,UNVERIFIED_EA_INPUT,"{""GoldLabPBHigherTFMA"":275}",family has no verified SIMVERIFY activation: pb_higher_tf,,,,,,,,gdda_is_gdd17_10_20260814232822_43f228,2026-08-14T14:28:22+00:00
GDD17_11,pb_higher_tf,D1方向合流を要求,H4と上位トレンド不一致を避ける,D1 MA期間別ゲート,"{""GoldLabPBHigherTFMA"":300}",(2)軽微なコード変更,UNVERIFIED_EA_INPUT,"{""GoldLabPBHigherTFMA"":300}",family has no verified SIMVERIFY activation: pb_higher_tf,,,,,,,,gdda_is_gdd17_11_20260814232822_541259,2026-08-14T14:28:22+00:00
GDD17_12,pb_higher_tf,D1方向合流を要求,H4と上位トレンド不一致を避ける,D1 MA期間別ゲート,"{""GoldLabPBHigherTFMA"":325}",(2)軽微なコード変更,UNVERIFIED_EA_INPUT,"{""GoldLabPBHigherTFMA"":325}",family has no verified SIMVERIFY activation: pb_higher_tf,,,,,,,,gdda_is_gdd17_12_20260814232822_833b0c,2026-08-14T14:28:22+00:00
GDD17_13,pb_higher_tf,D1方向合流を要求,H4と上位トレンド不一致を避ける,D1 MA期間別ゲート,"{""GoldLabPBHigherTFMA"":350}",(2)軽微なコード変更,UNVERIFIED_EA_INPUT,"{""GoldLabPBHigherTFMA"":350}",family has no verified SIMVERIFY activation: pb_higher_tf,,,,,,,,gdda_is_gdd17_13_20260814232822_036af1,2026-08-14T14:28:22+00:00
GDD17_14,pb_higher_tf,D1方向合流を要求,H4と上位トレンド不一致を避ける,D1 MA期間別ゲート,"{""GoldLabPBHigherTFMA"":375}",(2)軽微なコード変更,UNVERIFIED_EA_INPUT,"{""GoldLabPBHigherTFMA"":375}",family has no verified SIMVERIFY activation: pb_higher_tf,,,,,,,,gdda_is_gdd17_14_20260814232822_6bbe0c,2026-08-14T14:28:22+00:00
GDD17_15,pb_higher_tf,D1方向合流を要求,H4と上位トレンド不一致を避ける,D1 MA期間別ゲート,"{""GoldLabPBHigherTFMA"":400}",(2)軽微なコード変更,UNVERIFIED_EA_INPUT,"{""GoldLabPBHigherTFMA"":400}",family has no verified SIMVERIFY activation: pb_higher_tf,,,,,,,,gdda_is_gdd17_15_20260814232822_e0cb8a,2026-08-14T14:28:22+00:00
GDD17_16,pb_higher_tf,D1方向合流を要求,H4と上位トレンド不一致を避ける,D1 MA期間別ゲート,"{""GoldLabPBHigherTFMA"":425}",(2)軽微なコード変更,UNVERIFIED_EA_INPUT,"{""GoldLabPBHigherTFMA"":425}",family has no verified SIMVERIFY activation: pb_higher_tf,,,,,,,,gdda_is_gdd17_16_20260814232822_9575f5,2026-08-14T14:28:22+00:00
GDD17_17,pb_higher_tf,D1方向合流を要求,H4と上位トレンド不一致を避ける,D1 MA期間別ゲート,"{""GoldLabPBHigherTFMA"":450}",(2)軽微なコード変更,UNVERIFIED_EA_INPUT,"{""GoldLabPBHigherTFMA"":450}",family has no verified SIMVERIFY activation: pb_higher_tf,,,,,,,,gdda_is_gdd17_17_20260814232822_498d57,2026-08-14T14:28:22+00:00
GDD17_18,pb_higher_tf,D1方向合流を要求,H4と上位トレンド不一致を避ける,D1 MA期間別ゲート,"{""GoldLabPBHigherTFMA"":475}",(2)軽微なコード変更,UNVERIFIED_EA_INPUT,"{""GoldLabPBHigherTFMA"":475}",family has no verified SIMVERIFY activation: pb_higher_tf,,,,,,,,gdda_is_gdd17_18_20260814232822_42e087,2026-08-14T14:28:22+00:00
GDD17_19,pb_higher_tf,D1方向合流を要求,H4と上位トレンド不一致を避ける,D1 MA期間別ゲート,"{""GoldLabPBHigherTFMA"":500}",(2)軽微なコード変更,UNVERIFIED_EA_INPUT,"{""GoldLabPBHigherTFMA"":500}",family has no verified SIMVERIFY activation: pb_higher_tf,,,,,,,,gdda_is_gdd17_19_20260814232822_d45b1b,2026-08-14T14:28:22+00:00
GDD17_20,pb_higher_tf,D1方向合流を要求,H4と上位トレンド不一致を避ける,D1 MA期間別ゲート,"{""GoldLabPBHigherTFMA"":525}",(2)軽微なコード変更,UNVERIFIED_EA_INPUT,"{""GoldLabPBHigherTFMA"":525}",family has no verified SIMVERIFY activation: pb_higher_tf,,,,,,,,gdda_is_gdd17_20_20260814232822_4d7b48,2026-08-14T14:28:22+00:00
GDD18_01,pb_hold_limit,PB最大保有H4本数,長期停滞からの尾損失を限定,バー経過で時間退出,"{""GoldLabPBHoldBars"":4}",(2)軽微なコード変更,UNVERIFIED_EA_INPUT,"{""GoldLabPBHoldBars"":4}",family has no verified SIMVERIFY activation: pb_hold_limit,,,,,,,,gdda_is_gdd18_01_20260814232822_8be580,2026-08-14T14:28:22+00:00
GDD18_02,pb_hold_limit,PB最大保有H4本数,長期停滞からの尾損失を限定,バー経過で時間退出,"{""GoldLabPBHoldBars"":8}",(2)軽微なコード変更,UNVERIFIED_EA_INPUT,"{""GoldLabPBHoldBars"":8}",family has no verified SIMVERIFY activation: pb_hold_limit,,,,,,,,gdda_is_gdd18_02_20260814232822_066a12,2026-08-14T14:28:22+00:00
GDD18_03,pb_hold_limit,PB最大保有H4本数,長期停滞からの尾損失を限定,バー経過で時間退出,"{""GoldLabPBHoldBars"":12}",(2)軽微なコード変更,UNVERIFIED_EA_INPUT,"{""GoldLabPBHoldBars"":12}",family has no verified SIMVERIFY activation: pb_hold_limit,,,,,,,,gdda_is_gdd18_03_20260814232822_dded48,2026-08-14T14:28:22+00:00
GDD18_04,pb_hold_limit,PB最大保有H4本数,長期停滞からの尾損失を限定,バー経過で時間退出,"{""GoldLabPBHoldBars"":16}",(2)軽微なコード変更,UNVERIFIED_EA_INPUT,"{""GoldLabPBHoldBars"":16}",family has no verified SIMVERIFY activation: pb_hold_limit,,,,,,,,gdda_is_gdd18_04_20260814232822_cfb155,2026-08-14T14:28:22+00:00
GDD18_05,pb_hold_limit,PB最大保有H4本数,長期停滞からの尾損失を限定,バー経過で時間退出,"{""GoldLabPBHoldBars"":20}",(2)軽微なコード変更,UNVERIFIED_EA_INPUT,"{""GoldLabPBHoldBars"":20}",family has no verified SIMVERIFY activation: pb_hold_limit,,,,,,,,gdda_is_gdd18_05_20260814232822_a17ce0,2026-08-14T14:28:22+00:00
GDD18_06,pb_hold_limit,PB最大保有H4本数,長期停滞からの尾損失を限定,バー経過で時間退出,"{""GoldLabPBHoldBars"":24}",(2)軽微なコード変更,UNVERIFIED_EA_INPUT,"{""GoldLabPBHoldBars"":24}",family has no verified SIMVERIFY activation: pb_hold_limit,,,,,,,,gdda_is_gdd18_06_20260814232822_6bf241,2026-08-14T14:28:22+00:00
GDD18_07,pb_hold_limit,PB最大保有H4本数,長期停滞からの尾損失を限定,バー経過で時間退出,"{""GoldLabPBHoldBars"":28}",(2)軽微なコード変更,UNVERIFIED_EA_INPUT,"{""GoldLabPBHoldBars"":28}",family has no verified SIMVERIFY activation: pb_hold_limit,,,,,,,,gdda_is_gdd18_07_20260814232822_92cea8,2026-08-14T14:28:22+00:00
GDD18_08,pb_hold_limit,PB最大保有H4本数,長期停滞からの尾損失を限定,バー経過で時間退出,"{""GoldLabPBHoldBars"":32}",(2)軽微なコード変更,UNVERIFIED_EA_INPUT,"{""GoldLabPBHoldBars"":32}",family has no verified SIMVERIFY activation: pb_hold_limit,,,,,,,,gdda_is_gdd18_08_20260814232822_ea7118,2026-08-14T14:28:22+00:00
GDD18_09,pb_hold_limit,PB最大保有H4本数,長期停滞からの尾損失を限定,バー経過で時間退出,"{""GoldLabPBHoldBars"":36}",(2)軽微なコード変更,UNVERIFIED_EA_INPUT,"{""GoldLabPBHoldBars"":36}",family has no verified SIMVERIFY activation: pb_hold_limit,,,,,,,,gdda_is_gdd18_09_20260814232822_6e1745,2026-08-14T14:28:22+00:00
GDD18_10,pb_hold_limit,PB最大保有H4本数,長期停滞からの尾損失を限定,バー経過で時間退出,"{""GoldLabPBHoldBars"":40}",(2)軽微なコード変更,UNVERIFIED_EA_INPUT,"{""GoldLabPBHoldBars"":40}",family has no verified SIMVERIFY activation: pb_hold_limit,,,,,,,,gdda_is_gdd18_10_20260814232822_ad263b,2026-08-14T14:28:22+00:00
GDD18_11,pb_hold_limit,PB最大保有H4本数,長期停滞からの尾損失を限定,バー経過で時間退出,"{""GoldLabPBHoldBars"":44}",(2)軽微なコード変更,UNVERIFIED_EA_INPUT,"{""GoldLabPBHoldBars"":44}",family has no verified SIMVERIFY activation: pb_hold_limit,,,,,,,,gdda_is_gdd18_11_20260814232822_1152ed,2026-08-14T14:28:22+00:00
GDD18_12,pb_hold_limit,PB最大保有H4本数,長期停滞からの尾損失を限定,バー経過で時間退出,"{""GoldLabPBHoldBars"":48}",(2)軽微なコード変更,UNVERIFIED_EA_INPUT,"{""GoldLabPBHoldBars"":48}",family has no verified SIMVERIFY activation: pb_hold_limit,,,,,,,,gdda_is_gdd18_12_20260814232822_abe08c,2026-08-14T14:28:22+00:00
GDD18_13,pb_hold_limit,PB最大保有H4本数,長期停滞からの尾損失を限定,バー経過で時間退出,"{""GoldLabPBHoldBars"":52}",(2)軽微なコード変更,UNVERIFIED_EA_INPUT,"{""GoldLabPBHoldBars"":52}",family has no verified SIMVERIFY activation: pb_hold_limit,,,,,,,,gdda_is_gdd18_13_20260814232822_addf46,2026-08-14T14:28:22+00:00
GDD18_14,pb_hold_limit,PB最大保有H4本数,長期停滞からの尾損失を限定,バー経過で時間退出,"{""GoldLabPBHoldBars"":56}",(2)軽微なコード変更,UNVERIFIED_EA_INPUT,"{""GoldLabPBHoldBars"":56}",family has no verified SIMVERIFY activation: pb_hold_limit,,,,,,,,gdda_is_gdd18_14_20260814232822_7b3c5b,2026-08-14T14:28:22+00:00
GDD18_15,pb_hold_limit,PB最大保有H4本数,長期停滞からの尾損失を限定,バー経過で時間退出,"{""GoldLabPBHoldBars"":60}",(2)軽微なコード変更,UNVERIFIED_EA_INPUT,"{""GoldLabPBHoldBars"":60}",family has no verified SIMVERIFY activation: pb_hold_limit,,,,,,,,gdda_is_gdd18_15_20260814232822_5b1dd7,2026-08-14T14:28:22+00:00
GDD18_16,pb_hold_limit,PB最大保有H4本数,長期停滞からの尾損失を限定,バー経過で時間退出,"{""GoldLabPBHoldBars"":64}",(2)軽微なコード変更,UNVERIFIED_EA_INPUT,"{""GoldLabPBHoldBars"":64}",family has no verified SIMVERIFY activation: pb_hold_limit,,,,,,,,gdda_is_gdd18_16_20260814232822_807d75,2026-08-14T14:28:22+00:00
GDD18_17,pb_hold_limit,PB最大保有H4本数,長期停滞からの尾損失を限定,バー経過で時間退出,"{""GoldLabPBHoldBars"":68}",(2)軽微なコード変更,UNVERIFIED_EA_INPUT,"{""GoldLabPBHoldBars"":68}",family has no verified SIMVERIFY activation: pb_hold_limit,,,,,,,,gdda_is_gdd18_17_20260814232822_31827c,2026-08-14T14:28:22+00:00
GDD18_18,pb_hold_limit,PB最大保有H4本数,長期停滞からの尾損失を限定,バー経過で時間退出,"{""GoldLabPBHoldBars"":72}",(2)軽微なコード変更,UNVERIFIED_EA_INPUT,"{""GoldLabPBHoldBars"":72}",family has no verified SIMVERIFY activation: pb_hold_limit,,,,,,,,gdda_is_gdd18_18_20260814232822_e244ad,2026-08-14T14:28:22+00:00
GDD18_19,pb_hold_limit,PB最大保有H4本数,長期停滞からの尾損失を限定,バー経過で時間退出,"{""GoldLabPBHoldBars"":76}",(2)軽微なコード変更,UNVERIFIED_EA_INPUT,"{""GoldLabPBHoldBars"":76}",family has no verified SIMVERIFY activation: pb_hold_limit,,,,,,,,gdda_is_gdd18_19_20260814232822_85e085,2026-08-14T14:28:22+00:00
GDD18_20,pb_hold_limit,PB最大保有H4本数,長期停滞からの尾損失を限定,バー経過で時間退出,"{""GoldLabPBHoldBars"":80}",(2)軽微なコード変更,UNVERIFIED_EA_INPUT,"{""GoldLabPBHoldBars"":80}",family has no verified SIMVERIFY activation: pb_hold_limit,,,,,,,,gdda_is_gdd18_20_20260814232822_85e6a8,2026-08-14T14:28:22+00:00
GDD19_01,pb_breakeven,PB建値移動構造,勝ちを損失へ戻す取引を減らす,MFE ATR到達後SL変更,"{""GoldLabPBBETriggerATR"":0.25}",(2)軽微なコード変更,UNVERIFIED_EA_INPUT,"{""GoldLabPBBETriggerATR"":0.25}",family has no verified SIMVERIFY activation: pb_breakeven,,,,,,,,gdda_is_gdd19_01_20260814232822_9d35ed,2026-08-14T14:28:22+00:00
GDD19_02,pb_breakeven,PB建値移動構造,勝ちを損失へ戻す取引を減らす,MFE ATR到達後SL変更,"{""GoldLabPBBETriggerATR"":0.5}",(2)軽微なコード変更,UNVERIFIED_EA_INPUT,"{""GoldLabPBBETriggerATR"":0.5}",family has no verified SIMVERIFY activation: pb_breakeven,,,,,,,,gdda_is_gdd19_02_20260814232822_0b493f,2026-08-14T14:28:22+00:00
GDD19_03,pb_breakeven,PB建値移動構造,勝ちを損失へ戻す取引を減らす,MFE ATR到達後SL変更,"{""GoldLabPBBETriggerATR"":0.75}",(2)軽微なコード変更,UNVERIFIED_EA_INPUT,"{""GoldLabPBBETriggerATR"":0.75}",family has no verified SIMVERIFY activation: pb_breakeven,,,,,,,,gdda_is_gdd19_03_20260814232822_e58c18,2026-08-14T14:28:22+00:00
GDD19_04,pb_breakeven,PB建値移動構造,勝ちを損失へ戻す取引を減らす,MFE ATR到達後SL変更,"{""GoldLabPBBETriggerATR"":1.0}",(2)軽微なコード変更,UNVERIFIED_EA_INPUT,"{""GoldLabPBBETriggerATR"":1.0}",family has no verified SIMVERIFY activation: pb_breakeven,,,,,,,,gdda_is_gdd19_04_20260814232822_8a4894,2026-08-14T14:28:22+00:00
GDD19_05,pb_breakeven,PB建値移動構造,勝ちを損失へ戻す取引を減らす,MFE ATR到達後SL変更,"{""GoldLabPBBETriggerATR"":1.25}",(2)軽微なコード変更,UNVERIFIED_EA_INPUT,"{""GoldLabPBBETriggerATR"":1.25}",family has no verified SIMVERIFY activation: pb_breakeven,,,,,,,,gdda_is_gdd19_05_20260814232822_c6ff30,2026-08-14T14:28:22+00:00
GDD19_06,pb_breakeven,PB建値移動構造,勝ちを損失へ戻す取引を減らす,MFE ATR到達後SL変更,"{""GoldLabPBBETriggerATR"":1.5}",(2)軽微なコード変更,UNVERIFIED_EA_INPUT,"{""GoldLabPBBETriggerATR"":1.5}",family has no verified SIMVERIFY activation: pb_breakeven,,,,,,,,gdda_is_gdd19_06_20260814232822_39a398,2026-08-14T14:28:22+00:00
GDD19_07,pb_breakeven,PB建値移動構造,勝ちを損失へ戻す取引を減らす,MFE ATR到達後SL変更,"{""GoldLabPBBETriggerATR"":1.75}",(2)軽微なコード変更,UNVERIFIED_EA_INPUT,"{""GoldLabPBBETriggerATR"":1.75}",family has no verified SIMVERIFY activation: pb_breakeven,,,,,,,,gdda_is_gdd19_07_20260814232822_ecab5a,2026-08-14T14:28:22+00:00
GDD19_08,pb_breakeven,PB建値移動構造,勝ちを損失へ戻す取引を減らす,MFE ATR到達後SL変更,"{""GoldLabPBBETriggerATR"":2.0}",(2)軽微なコード変更,UNVERIFIED_EA_INPUT,"{""GoldLabPBBETriggerATR"":2.0}",family has no verified SIMVERIFY activation: pb_breakeven,,,,,,,,gdda_is_gdd19_08_20260814232822_4b4673,2026-08-14T14:28:22+00:00
GDD19_09,pb_breakeven,PB建値移動構造,勝ちを損失へ戻す取引を減らす,MFE ATR到達後SL変更,"{""GoldLabPBBETriggerATR"":2.25}",(2)軽微なコード変更,UNVERIFIED_EA_INPUT,"{""GoldLabPBBETriggerATR"":2.25}",family has no verified SIMVERIFY activation: pb_breakeven,,,,,,,,gdda_is_gdd19_09_20260814232822_05ad9e,2026-08-14T14:28:22+00:00
GDD19_10,pb_breakeven,PB建値移動構造,勝ちを損失へ戻す取引を減らす,MFE ATR到達後SL変更,"{""GoldLabPBBETriggerATR"":2.5}",(2)軽微なコード変更,UNVERIFIED_EA_INPUT,"{""GoldLabPBBETriggerATR"":2.5}",family has no verified SIMVERIFY activation: pb_breakeven,,,,,,,,gdda_is_gdd19_10_20260814232822_fb62dd,2026-08-14T14:28:22+00:00
GDD19_11,pb_breakeven,PB建値移動構造,勝ちを損失へ戻す取引を減らす,MFE ATR到達後SL変更,"{""GoldLabPBBETriggerATR"":2.75}",(2)軽微なコード変更,UNVERIFIED_EA_INPUT,"{""GoldLabPBBETriggerATR"":2.75}",family has no verified SIMVERIFY activation: pb_breakeven,,,,,,,,gdda_is_gdd19_11_20260814232822_4d9c44,2026-08-14T14:28:22+00:00
GDD19_12,pb_breakeven,PB建値移動構造,勝ちを損失へ戻す取引を減らす,MFE ATR到達後SL変更,"{""GoldLabPBBETriggerATR"":3.0}",(2)軽微なコード変更,UNVERIFIED_EA_INPUT,"{""GoldLabPBBETriggerATR"":3.0}",family has no verified SIMVERIFY activation: pb_breakeven,,,,,,,,gdda_is_gdd19_12_20260814232822_80c92c,2026-08-14T14:28:22+00:00
GDD19_13,pb_breakeven,PB建値移動構造,勝ちを損失へ戻す取引を減らす,MFE ATR到達後SL変更,"{""GoldLabPBBETriggerATR"":3.25}",(2)軽微なコード変更,UNVERIFIED_EA_INPUT,"{""GoldLabPBBETriggerATR"":3.25}",family has no verified SIMVERIFY activation: pb_breakeven,,,,,,,,gdda_is_gdd19_13_20260814232822_174bda,2026-08-14T14:28:22+00:00
GDD19_14,pb_breakeven,PB建値移動構造,勝ちを損失へ戻す取引を減らす,MFE ATR到達後SL変更,"{""GoldLabPBBETriggerATR"":3.5}",(2)軽微なコード変更,UNVERIFIED_EA_INPUT,"{""GoldLabPBBETriggerATR"":3.5}",family has no verified SIMVERIFY activation: pb_breakeven,,,,,,,,gdda_is_gdd19_14_20260814232822_8e31c8,2026-08-14T14:28:22+00:00
GDD19_15,pb_breakeven,PB建値移動構造,勝ちを損失へ戻す取引を減らす,MFE ATR到達後SL変更,"{""GoldLabPBBETriggerATR"":3.75}",(2)軽微なコード変更,UNVERIFIED_EA_INPUT,"{""GoldLabPBBETriggerATR"":3.75}",family has no verified SIMVERIFY activation: pb_breakeven,,,,,,,,gdda_is_gdd19_15_20260814232822_a44be0,2026-08-14T14:28:22+00:00
GDD19_16,pb_breakeven,PB建値移動構造,勝ちを損失へ戻す取引を減らす,MFE ATR到達後SL変更,"{""GoldLabPBBETriggerATR"":4.0}",(2)軽微なコード変更,UNVERIFIED_EA_INPUT,"{""GoldLabPBBETriggerATR"":4.0}",family has no verified SIMVERIFY activation: pb_breakeven,,,,,,,,gdda_is_gdd19_16_20260814232822_2cccc3,2026-08-14T14:28:22+00:00
GDD19_17,pb_breakeven,PB建値移動構造,勝ちを損失へ戻す取引を減らす,MFE ATR到達後SL変更,"{""GoldLabPBBETriggerATR"":4.25}",(2)軽微なコード変更,UNVERIFIED_EA_INPUT,"{""GoldLabPBBETriggerATR"":4.25}",family has no verified SIMVERIFY activation: pb_breakeven,,,,,,,,gdda_is_gdd19_17_20260814232822_903d26,2026-08-14T14:28:22+00:00
GDD19_18,pb_breakeven,PB建値移動構造,勝ちを損失へ戻す取引を減らす,MFE ATR到達後SL変更,"{""GoldLabPBBETriggerATR"":4.5}",(2)軽微なコード変更,UNVERIFIED_EA_INPUT,"{""GoldLabPBBETriggerATR"":4.5}",family has no verified SIMVERIFY activation: pb_breakeven,,,,,,,,gdda_is_gdd19_18_20260814232822_d2c904,2026-08-14T14:28:22+00:00
GDD19_19,pb_breakeven,PB建値移動構造,勝ちを損失へ戻す取引を減らす,MFE ATR到達後SL変更,"{""GoldLabPBBETriggerATR"":4.75}",(2)軽微なコード変更,UNVERIFIED_EA_INPUT,"{""GoldLabPBBETriggerATR"":4.75}",family has no verified SIMVERIFY activation: pb_breakeven,,,,,,,,gdda_is_gdd19_19_20260814232822_e79c3c,2026-08-14T14:28:22+00:00
GDD19_20,pb_breakeven,PB建値移動構造,勝ちを損失へ戻す取引を減らす,MFE ATR到達後SL変更,"{""GoldLabPBBETriggerATR"":5.0}",(2)軽微なコード変更,UNVERIFIED_EA_INPUT,"{""GoldLabPBBETriggerATR"":5.0}",family has no verified SIMVERIFY activation: pb_breakeven,,,,,,,,gdda_is_gdd19_20_20260814232822_8b3001,2026-08-14T14:28:22+00:00
GDD20_01,pb_trailing,PBトレーリング構造,利益の吐き出しを抑える,ATR追随SLをtick内実装,"{""GoldLabPBTrailATR"":0.25}",(2)軽微なコード変更,UNVERIFIED_EA_INPUT,"{""GoldLabPBTrailATR"":0.25}",family has no verified SIMVERIFY activation: pb_trailing,,,,,,,,gdda_is_gdd20_01_20260814232822_844273,2026-08-14T14:28:22+00:00
GDD20_02,pb_trailing,PBトレーリング構造,利益の吐き出しを抑える,ATR追随SLをtick内実装,"{""GoldLabPBTrailATR"":0.5}",(2)軽微なコード変更,UNVERIFIED_EA_INPUT,"{""GoldLabPBTrailATR"":0.5}",family has no verified SIMVERIFY activation: pb_trailing,,,,,,,,gdda_is_gdd20_02_20260814232822_6f09ca,2026-08-14T14:28:22+00:00
GDD20_03,pb_trailing,PBトレーリング構造,利益の吐き出しを抑える,ATR追随SLをtick内実装,"{""GoldLabPBTrailATR"":0.75}",(2)軽微なコード変更,UNVERIFIED_EA_INPUT,"{""GoldLabPBTrailATR"":0.75}",family has no verified SIMVERIFY activation: pb_trailing,,,,,,,,gdda_is_gdd20_03_20260814232822_af3945,2026-08-14T14:28:22+00:00
GDD20_04,pb_trailing,PBトレーリング構造,利益の吐き出しを抑える,ATR追随SLをtick内実装,"{""GoldLabPBTrailATR"":1.0}",(2)軽微なコード変更,UNVERIFIED_EA_INPUT,"{""GoldLabPBTrailATR"":1.0}",family has no verified SIMVERIFY activation: pb_trailing,,,,,,,,gdda_is_gdd20_04_20260814232822_7d65a6,2026-08-14T14:28:22+00:00
GDD20_05,pb_trailing,PBトレーリング構造,利益の吐き出しを抑える,ATR追随SLをtick内実装,"{""GoldLabPBTrailATR"":1.25}",(2)軽微なコード変更,UNVERIFIED_EA_INPUT,"{""GoldLabPBTrailATR"":1.25}",family has no verified SIMVERIFY activation: pb_trailing,,,,,,,,gdda_is_gdd20_05_20260814232823_6928b4,2026-08-14T14:28:23+00:00
GDD20_06,pb_trailing,PBトレーリング構造,利益の吐き出しを抑える,ATR追随SLをtick内実装,"{""GoldLabPBTrailATR"":1.5}",(2)軽微なコード変更,UNVERIFIED_EA_INPUT,"{""GoldLabPBTrailATR"":1.5}",family has no verified SIMVERIFY activation: pb_trailing,,,,,,,,gdda_is_gdd20_06_20260814232823_5a8917,2026-08-14T14:28:23+00:00
GDD20_07,pb_trailing,PBトレーリング構造,利益の吐き出しを抑える,ATR追随SLをtick内実装,"{""GoldLabPBTrailATR"":1.75}",(2)軽微なコード変更,UNVERIFIED_EA_INPUT,"{""GoldLabPBTrailATR"":1.75}",family has no verified SIMVERIFY activation: pb_trailing,,,,,,,,gdda_is_gdd20_07_20260814232823_cc9a80,2026-08-14T14:28:23+00:00
GDD20_08,pb_trailing,PBトレーリング構造,利益の吐き出しを抑える,ATR追随SLをtick内実装,"{""GoldLabPBTrailATR"":2.0}",(2)軽微なコード変更,UNVERIFIED_EA_INPUT,"{""GoldLabPBTrailATR"":2.0}",family has no verified SIMVERIFY activation: pb_trailing,,,,,,,,gdda_is_gdd20_08_20260814232823_98bc10,2026-08-14T14:28:23+00:00
GDD20_09,pb_trailing,PBトレーリング構造,利益の吐き出しを抑える,ATR追随SLをtick内実装,"{""GoldLabPBTrailATR"":2.25}",(2)軽微なコード変更,UNVERIFIED_EA_INPUT,"{""GoldLabPBTrailATR"":2.25}",family has no verified SIMVERIFY activation: pb_trailing,,,,,,,,gdda_is_gdd20_09_20260814232823_338a50,2026-08-14T14:28:23+00:00
GDD20_10,pb_trailing,PBトレーリング構造,利益の吐き出しを抑える,ATR追随SLをtick内実装,"{""GoldLabPBTrailATR"":2.5}",(2)軽微なコード変更,UNVERIFIED_EA_INPUT,"{""GoldLabPBTrailATR"":2.5}",family has no verified SIMVERIFY activation: pb_trailing,,,,,,,,gdda_is_gdd20_10_20260814232823_7449c5,2026-08-14T14:28:23+00:00
GDD20_11,pb_trailing,PBトレーリング構造,利益の吐き出しを抑える,ATR追随SLをtick内実装,"{""GoldLabPBTrailATR"":2.75}",(2)軽微なコード変更,UNVERIFIED_EA_INPUT,"{""GoldLabPBTrailATR"":2.75}",family has no verified SIMVERIFY activation: pb_trailing,,,,,,,,gdda_is_gdd20_11_20260814232823_b52738,2026-08-14T14:28:23+00:00
GDD20_12,pb_trailing,PBトレーリング構造,利益の吐き出しを抑える,ATR追随SLをtick内実装,"{""GoldLabPBTrailATR"":3.0}",(2)軽微なコード変更,UNVERIFIED_EA_INPUT,"{""GoldLabPBTrailATR"":3.0}",family has no verified SIMVERIFY activation: pb_trailing,,,,,,,,gdda_is_gdd20_12_20260814232823_a1c2bc,2026-08-14T14:28:23+00:00
GDD20_13,pb_trailing,PBトレーリング構造,利益の吐き出しを抑える,ATR追随SLをtick内実装,"{""GoldLabPBTrailATR"":3.25}",(2)軽微なコード変更,UNVERIFIED_EA_INPUT,"{""GoldLabPBTrailATR"":3.25}",family has no verified SIMVERIFY activation: pb_trailing,,,,,,,,gdda_is_gdd20_13_20260814232823_a84593,2026-08-14T14:28:23+00:00
GDD20_14,pb_trailing,PBトレーリング構造,利益の吐き出しを抑える,ATR追随SLをtick内実装,"{""GoldLabPBTrailATR"":3.5}",(2)軽微なコード変更,UNVERIFIED_EA_INPUT,"{""GoldLabPBTrailATR"":3.5}",family has no verified SIMVERIFY activation: pb_trailing,,,,,,,,gdda_is_gdd20_14_20260814232823_de7011,2026-08-14T14:28:23+00:00
GDD20_15,pb_trailing,PBトレーリング構造,利益の吐き出しを抑える,ATR追随SLをtick内実装,"{""GoldLabPBTrailATR"":3.75}",(2)軽微なコード変更,UNVERIFIED_EA_INPUT,"{""GoldLabPBTrailATR"":3.75}",family has no verified SIMVERIFY activation: pb_trailing,,,,,,,,gdda_is_gdd20_15_20260814232823_fc4cf3,2026-08-14T14:28:23+00:00
GDD20_16,pb_trailing,PBトレーリング構造,利益の吐き出しを抑える,ATR追随SLをtick内実装,"{""GoldLabPBTrailATR"":4.0}",(2)軽微なコード変更,UNVERIFIED_EA_INPUT,"{""GoldLabPBTrailATR"":4.0}",family has no verified SIMVERIFY activation: pb_trailing,,,,,,,,gdda_is_gdd20_16_20260814232823_1a7911,2026-08-14T14:28:23+00:00
GDD20_17,pb_trailing,PBトレーリング構造,利益の吐き出しを抑える,ATR追随SLをtick内実装,"{""GoldLabPBTrailATR"":4.25}",(2)軽微なコード変更,UNVERIFIED_EA_INPUT,"{""GoldLabPBTrailATR"":4.25}",family has no verified SIMVERIFY activation: pb_trailing,,,,,,,,gdda_is_gdd20_17_20260814232823_28eac4,2026-08-14T14:28:23+00:00
GDD20_18,pb_trailing,PBトレーリング構造,利益の吐き出しを抑える,ATR追随SLをtick内実装,"{""GoldLabPBTrailATR"":4.5}",(2)軽微なコード変更,UNVERIFIED_EA_INPUT,"{""GoldLabPBTrailATR"":4.5}",family has no verified SIMVERIFY activation: pb_trailing,,,,,,,,gdda_is_gdd20_18_20260814232823_caeefe,2026-08-14T14:28:23+00:00
GDD20_19,pb_trailing,PBトレーリング構造,利益の吐き出しを抑える,ATR追随SLをtick内実装,"{""GoldLabPBTrailATR"":4.75}",(2)軽微なコード変更,UNVERIFIED_EA_INPUT,"{""GoldLabPBTrailATR"":4.75}",family has no verified SIMVERIFY activation: pb_trailing,,,,,,,,gdda_is_gdd20_19_20260814232823_3329bb,2026-08-14T14:28:23+00:00
GDD20_20,pb_trailing,PBトレーリング構造,利益の吐き出しを抑える,ATR追随SLをtick内実装,"{""GoldLabPBTrailATR"":5.0}",(2)軽微なコード変更,UNVERIFIED_EA_INPUT,"{""GoldLabPBTrailATR"":5.0}",family has no verified SIMVERIFY activation: pb_trailing,,,,,,,,gdda_is_gdd20_20_20260814232823_062637,2026-08-14T14:28:23+00:00
GDD21_01,sca_min_range,SCA最小アジアレンジを変更,狭すぎるノイズ日を除く,既存レンジ計算の閾値input,"{""GoldDDSCAMinRange"":0.05}",(2)軽微なコード変更,IS_REJECT,"{""GoldDDSCAMinRange"":0.05}","IS net=230231.70 (0.695x), PF=1.277912 (0.683x), DD=89551.48円/89.55148pt (2.794x); baseline net=331176.79, PF=1.871883, DD=32052.72円",230231.69999999998,1.277912359210811,89551.48000000005,,,,0.01|0.02,gdda_is_gdd21_01_20260814232823_82a81a,2026-08-14T14:34:48+00:00
GDD21_02,sca_min_range,SCA最小アジアレンジを変更,狭すぎるノイズ日を除く,既存レンジ計算の閾値input,"{""GoldDDSCAMinRange"":0.1}",(2)軽微なコード変更,IS_REJECT,"{""GoldDDSCAMinRange"":0.1}","IS net=231871.03 (0.700x), PF=1.280446 (0.684x), DD=89551.48円/89.55148pt (2.794x); baseline net=331176.79, PF=1.871883, DD=32052.72円",231871.03,1.2804461482047111,89551.48000000005,,,,0.01|0.02,gdda_is_gdd21_02_20260814233448_6cdc4b,2026-08-14T14:35:51+00:00
GDD21_03,sca_min_range,SCA最小アジアレンジを変更,狭すぎるノイズ日を除く,既存レンジ計算の閾値input,"{""GoldDDSCAMinRange"":0.15}",(2)軽微なコード変更,IS_REJECT,"{""GoldDDSCAMinRange"":0.15}","IS net=237727.93 (0.718x), PF=1.292794 (0.691x), DD=92060.84円/92.06084pt (2.872x); baseline net=331176.79, PF=1.871883, DD=32052.72円",237727.93,1.2927941107535237,92060.84000000008,,,,0.01|0.02,gdda_is_gdd21_03_20260814233551_491e12,2026-08-14T14:36:54+00:00
GDD21_04,sca_min_range,SCA最小アジアレンジを変更,狭すぎるノイズ日を除く,既存レンジ計算の閾値input,"{""GoldDDSCAMinRange"":0.2}",(2)軽微なコード変更,IS_REJECT,"{""GoldDDSCAMinRange"":0.2}","IS net=224898.13 (0.679x), PF=1.283437 (0.686x), DD=88435.23円/88.43523pt (2.759x); baseline net=331176.79, PF=1.871883, DD=32052.72円",224898.13,1.283437478673484,88435.23000000005,,,,0.01|0.02,gdda_is_gdd21_04_20260814233654_5c5bbd,2026-08-14T14:37:57+00:00
GDD21_05,sca_min_range,SCA最小アジアレンジを変更,狭すぎるノイズ日を除く,既存レンジ計算の閾値input,"{""GoldDDSCAMinRange"":0.25}",(2)軽微なコード変更,IS_REJECT,"{""GoldDDSCAMinRange"":0.25}","IS net=220995.99 (0.667x), PF=1.300009 (0.694x), DD=70761.11円/70.76111pt (2.208x); baseline net=331176.79, PF=1.871883, DD=32052.72円",220995.99,1.300009399560067,70761.11000000004,,,,0.01|0.02,gdda_is_gdd21_05_20260814233757_1994d4,2026-08-14T14:39:00+00:00
GDD21_06,sca_min_range,SCA最小アジアレンジを変更,狭すぎるノイズ日を除く,既存レンジ計算の閾値input,"{""GoldDDSCAMinRange"":0.3}",(2)軽微なコード変更,IS_REJECT,"{""GoldDDSCAMinRange"":0.3}","IS net=238611.73 (0.720x), PF=1.386035 (0.740x), DD=44302.37円/44.30237pt (1.382x); baseline net=331176.79, PF=1.871883, DD=32052.72円",238611.72999999998,1.3860353044449782,44302.370000000075,,,,0.01|0.02,gdda_is_gdd21_06_20260814233900_192acc,2026-08-14T14:40:03+00:00
GDD21_07,sca_min_range,SCA最小アジアレンジを変更,狭すぎるノイズ日を除く,既存レンジ計算の閾値input,"{""GoldDDSCAMinRange"":0.35}",(2)軽微なコード変更,IS_REJECT,"{""GoldDDSCAMinRange"":0.35}","IS net=262026.43 (0.791x), PF=1.508357 (0.806x), DD=45910.32円/45.91032pt (1.432x); baseline net=331176.79, PF=1.871883, DD=32052.72円",262026.43,1.5083565779536814,45910.32000000002,,,,0.01|0.02,gdda_is_gdd21_07_20260814234003_d2f880,2026-08-14T14:41:06+00:00
GDD21_08,sca_min_range,SCA最小アジアレンジを変更,狭すぎるノイズ日を除く,既存レンジ計算の閾値input,"{""GoldDDSCAMinRange"":0.4}",(2)軽微なコード変更,IS_REJECT,"{""GoldDDSCAMinRange"":0.4}","IS net=331176.79 (1.000x), PF=1.871883 (1.000x), DD=32052.72円/32.05272pt (1.000x); baseline net=331176.79, PF=1.871883, DD=32052.72円",331176.79,1.8718825447675405,32052.719999999972,,,,0.01|0.02,gdda_is_gdd21_08_20260814234106_09f5b5,2026-08-14T14:42:08+00:00
GDD21_09,sca_min_range,SCA最小アジアレンジを変更,狭すぎるノイズ日を除く,既存レンジ計算の閾値input,"{""GoldDDSCAMinRange"":0.45}",(2)軽微なコード変更,OOS_REJECT,"{""GoldDDSCAMinRange"":0.45}","OOS net=45739.85 (0.762x), PF=1.382475 (0.990x), DD=12092.62円/12.09262pt (0.876x); baseline net=60050.52, PF=1.396192, DD=13806.08円",301258.8,1.9266611211143159,32052.719999999972,45739.85,1.3824750111046893,12092.619999999995,0.01|0.02,gdda_oos_gdd21_09_20260814234311_f07c6e,2026-08-14T14:43:54+00:00
GDD21_10,sca_min_range,SCA最小アジアレンジを変更,狭すぎるノイズ日を除く,既存レンジ計算の閾値input,"{""GoldDDSCAMinRange"":0.5}",(2)軽微なコード変更,OOS_REJECT,"{""GoldDDSCAMinRange"":0.5}","OOS net=27712.40 (0.461x), PF=1.282548 (0.919x), DD=11670.82円/11.67082pt (0.845x); baseline net=60050.52, PF=1.396192, DD=13806.08円",280590.05,1.9455670708845263,32052.719999999972,27712.4,1.282548449905827,11670.820000000007,0.01|0.02,gdda_oos_gdd21_10_20260814234452_8671d0,2026-08-14T14:45:35+00:00
GDD21_11,sca_min_range,SCA最小アジアレンジを変更,狭すぎるノイズ日を除く,既存レンジ計算の閾値input,"{""GoldDDSCAMinRange"":0.55}",(2)軽微なコード変更,OOS_REJECT,"{""GoldDDSCAMinRange"":0.55}","OOS net=27070.84 (0.451x), PF=1.305805 (0.935x), DD=10388.43円/10.38843pt (0.752x); baseline net=60050.52, PF=1.396192, DD=13806.08円",282328.35,2.061771283132879,32052.719999999972,27070.84,1.3058050319012418,10388.430000000008,0.01|0.02,gdda_oos_gdd21_11_20260814234633_06a680,2026-08-14T14:47:16+00:00
GDD21_12,sca_min_range,SCA最小アジアレンジを変更,狭すぎるノイズ日を除く,既存レンジ計算の閾値input,"{""GoldDDSCAMinRange"":0.6}",(2)軽微なコード変更,OOS_REJECT,"{""GoldDDSCAMinRange"":0.6}","OOS net=24462.36 (0.407x), PF=1.327767 (0.951x), DD=9331.81円/9.33181pt (0.676x); baseline net=60050.52, PF=1.396192, DD=13806.08円",263940.74,2.086011821012554,32052.719999999972,24462.36,1.3277673638978846,9331.809999999998,0.01|0.02,gdda_oos_gdd21_12_20260814234819_9c7684,2026-08-14T14:49:02+00:00
GDD21_13,sca_min_range,SCA最小アジアレンジを変更,狭すぎるノイズ日を除く,既存レンジ計算の閾値input,"{""GoldDDSCAMinRange"":0.65}",(2)軽微なコード変更,IS_REJECT,"{""GoldDDSCAMinRange"":0.65}","IS net=241949.81 (0.731x), PF=2.095390 (1.119x), DD=32052.72円/32.05272pt (1.000x); baseline net=331176.79, PF=1.871883, DD=32052.72円",241949.81,2.095390252834559,32052.72,,,,0.01|0.02,gdda_is_gdd21_13_20260814234902_ebd2d3,2026-08-14T14:50:05+00:00
GDD21_14,sca_min_range,SCA最小アジアレンジを変更,狭すぎるノイズ日を除く,既存レンジ計算の閾値input,"{""GoldDDSCAMinRange"":0.7}",(2)軽微なコード変更,IS_REJECT,"{""GoldDDSCAMinRange"":0.7}","IS net=232906.25 (0.703x), PF=2.123601 (1.134x), DD=32052.72円/32.05272pt (1.000x); baseline net=331176.79, PF=1.871883, DD=32052.72円",232906.25,2.123601102305597,32052.72,,,,0.01|0.02,gdda_is_gdd21_14_20260814235005_754275,2026-08-14T14:51:03+00:00
GDD21_15,sca_min_range,SCA最小アジアレンジを変更,狭すぎるノイズ日を除く,既存レンジ計算の閾値input,"{""GoldDDSCAMinRange"":0.75}",(2)軽微なコード変更,OOS_REJECT,"{""GoldDDSCAMinRange"":0.75}","OOS net=10862.11 (0.181x), PF=1.184343 (0.848x), DD=8265.68円/8.26568pt (0.599x); baseline net=60050.52, PF=1.396192, DD=13806.08円",238982.8,2.2737263259059612,19343.02000000002,10862.11,1.1843425172155364,8265.680000000008,0.01|0.02,gdda_oos_gdd21_15_20260814235201_c179a7,2026-08-14T14:52:44+00:00
GDD21_16,sca_min_range,SCA最小アジアレンジを変更,狭すぎるノイズ日を除く,既存レンジ計算の閾値input,"{""GoldDDSCAMinRange"":0.8}",(2)軽微なコード変更,OOS_REJECT,"{""GoldDDSCAMinRange"":0.8}","OOS net=6501.41 (0.108x), PF=1.117176 (0.800x), DD=10099.48円/10.09948pt (0.732x); baseline net=60050.52, PF=1.396192, DD=13806.08円",205716.49,2.148945266780796,20607.370000000024,6501.410000000001,1.1171763241973045,10099.480000000025,0.01|0.02,gdda_oos_gdd21_16_20260814235347_642a9a,2026-08-14T15:00:29+00:00
GDD21_17,sca_min_range,SCA最小アジアレンジを変更,狭すぎるノイズ日を除く,既存レンジ計算の閾値input,"{""GoldDDSCAMinRange"":0.85}",(2)軽微なコード変更,OOS_REJECT,"{""GoldDDSCAMinRange"":0.85}","OOS net=8394.64 (0.140x), PF=1.169291 (0.837x), DD=11849.79円/11.84979pt (0.858x); baseline net=60050.52, PF=1.396192, DD=13806.08円",167096.0,1.9770642276938089,20607.37000000004,8394.640000000001,1.169291042435895,11849.790000000023,0.01|0.02,gdda_oos_gdd21_17_20260815000127_182be0,2026-08-14T15:02:10+00:00
GDD21_18,sca_min_range,SCA最小アジアレンジを変更,狭すぎるノイズ日を除く,既存レンジ計算の閾値input,"{""GoldDDSCAMinRange"":0.9}",(2)軽微なコード変更,OOS_REJECT,"{""GoldDDSCAMinRange"":0.9}","OOS net=7676.57 (0.128x), PF=1.155168 (0.827x), DD=11849.79円/11.84979pt (0.858x); baseline net=60050.52, PF=1.396192, DD=13806.08円",158547.82,1.9346783769044076,20607.370000000024,7676.570000000001,1.1551681446231137,11849.790000000023,0.01|0.02,gdda_oos_gdd21_18_20260815000313_0ed325,2026-08-14T15:03:56+00:00
GDD21_19,sca_min_range,SCA最小アジアレンジを変更,狭すぎるノイズ日を除く,既存レンジ計算の閾値input,"{""GoldDDSCAMinRange"":0.95}",(2)軽微なコード変更,OOS_REJECT,"{""GoldDDSCAMinRange"":0.95}","OOS net=8937.06 (0.149x), PF=1.188678 (0.851x), DD=12524.92円/12.52492pt (0.907x); baseline net=60050.52, PF=1.396192, DD=13806.08円",153020.46,1.9532794783754102,20862.33000000003,8937.060000000001,1.1886779228044988,12524.920000000027,0.01,gdda_oos_gdd21_19_20260815000454_628691,2026-08-14T15:05:37+00:00
GDD21_20,sca_min_range,SCA最小アジアレンジを変更,狭すぎるノイズ日を除く,既存レンジ計算の閾値input,"{""GoldDDSCAMinRange"":1.0}",(2)軽微なコード変更,OOS_REJECT,"{""GoldDDSCAMinRange"":1.0}","OOS net=8451.64 (0.141x), PF=1.180140 (0.845x), DD=12524.92円/12.52492pt (0.907x); baseline net=60050.52, PF=1.396192, DD=13806.08円",157458.86,2.0088237155888415,20607.370000000024,8451.640000000001,1.1801399405078066,12524.920000000027,0.01,gdda_oos_gdd21_20_20260815000635_31d282,2026-08-14T15:07:17+00:00
GDD22_01,sca_max_range,SCA最大アジアレンジを変更,既に動いた日の追随損を除く,最大ATR比input,"{""GoldDDSCAMaxRange"":0.5}",(2)軽微なコード変更,IS_REJECT,"{""GoldDDSCAMaxRange"":0.5}","IS net=208045.60 (0.628x), PF=1.869828 (0.999x), DD=29252.73円/29.25273pt (0.913x); baseline net=331176.79, PF=1.871883, DD=32052.72円",208045.6,1.8698282900482348,29252.72999999998,,,,0.01|0.02,gdda_is_gdd22_01_20260815000718_61e273,2026-08-14T15:08:20+00:00
GDD22_02,sca_max_range,SCA最大アジアレンジを変更,既に動いた日の追随損を除く,最大ATR比input,"{""GoldDDSCAMaxRange"":0.6}",(2)軽微なコード変更,IS_REJECT,"{""GoldDDSCAMaxRange"":0.6}","IS net=224694.91 (0.678x), PF=1.767175 (0.944x), DD=29406.77円/29.40677pt (0.917x); baseline net=331176.79, PF=1.871883, DD=32052.72円",224694.91,1.7671753435526227,29406.76999999999,,,,0.01|0.02,gdda_is_gdd22_02_20260815000820_bca97a,2026-08-14T15:09:18+00:00
GDD22_03,sca_max_range,SCA最大アジアレンジを変更,既に動いた日の追随損を除く,最大ATR比input,"{""GoldDDSCAMaxRange"":0.7}",(2)軽微なコード変更,OOS_REJECT,"{""GoldDDSCAMaxRange"":0.7}","OOS net=54446.31 (0.907x), PF=1.394653 (0.999x), DD=19976.86円/19.97686pt (1.447x); baseline net=60050.52, PF=1.396192, DD=13806.08円",255729.4,1.778151175048154,27877.770000000033,54446.310000000005,1.3946528417908928,19976.86000000003,0.01|0.02,gdda_oos_gdd22_03_20260815001021_afcfa4,2026-08-14T15:11:04+00:00
GDD22_04,sca_max_range,SCA最大アジアレンジを変更,既に動いた日の追随損を除く,最大ATR比input,"{""GoldDDSCAMaxRange"":0.8}",(2)軽微なコード変更,OOS_REJECT,"{""GoldDDSCAMaxRange"":0.8}","OOS net=62000.75 (1.032x), PF=1.433565 (1.027x), DD=16401.74円/16.40174pt (1.188x); baseline net=60050.52, PF=1.396192, DD=13806.08円",282919.16,1.792769157164402,32052.719999999972,62000.75,1.4335649474532632,16401.740000000005,0.01|0.02,gdda_oos_gdd22_04_20260815001207_30bae5,2026-08-14T15:12:50+00:00
GDD22_05,sca_max_range,SCA最大アジアレンジを変更,既に動いた日の追随損を除く,最大ATR比input,"{""GoldDDSCAMaxRange"":0.9}",(2)軽微なコード変更,OOS_REJECT,"{""GoldDDSCAMaxRange"":0.9}","OOS net=60825.59 (1.013x), PF=1.408188 (1.009x), DD=14651.43円/14.65143pt (1.061x); baseline net=60050.52, PF=1.396192, DD=13806.08円",330087.83,1.9011542324865438,32052.719999999972,60825.590000000004,1.4081881240117513,14651.430000000008,0.01|0.02,gdda_oos_gdd22_05_20260815001353_af6c82,2026-08-14T15:14:36+00:00
GDD22_06,sca_max_range,SCA最大アジアレンジを変更,既に動いた日の追随損を除く,最大ATR比input,"{""GoldDDSCAMaxRange"":1.0}",(2)軽微なコード変更,IS_REJECT,"{""GoldDDSCAMaxRange"":1.0}","IS net=331176.79 (1.000x), PF=1.871883 (1.000x), DD=32052.72円/32.05272pt (1.000x); baseline net=331176.79, PF=1.871883, DD=32052.72円",331176.79,1.8718825447675405,32052.719999999972,,,,0.01|0.02,gdda_is_gdd22_06_20260815001436_c5e550,2026-08-14T15:15:39+00:00
GDD22_07,sca_max_range,SCA最大アジアレンジを変更,既に動いた日の追随損を除く,最大ATR比input,"{""GoldDDSCAMaxRange"":1.1}",(2)軽微なコード変更,OOS_PASS,"{""GoldDDSCAMaxRange"":1.1}","OOS net=60300.41 (1.004x), PF=1.397841 (1.001x), DD=13556.19円/13.55619pt (0.982x); baseline net=60050.52, PF=1.396192, DD=13806.08円",322455.55,1.8198108815671676,32052.719999999972,60300.41,1.3978409719710077,13556.190000000002,0.01|0.02|0.05,gdda_xm5_gdd22_07_20260815001724_58273f,2026-08-14T15:25:08+00:00
GDD22_08,sca_max_range,SCA最大アジアレンジを変更,既に動いた日の追随損を除く,最大ATR比input,"{""GoldDDSCAMaxRange"":1.2}",(2)軽微なコード変更,OOS_REJECT,"{""GoldDDSCAMaxRange"":1.2}","OOS net=59011.07 (0.983x), PF=1.386050 (0.993x), DD=14845.53円/14.84553pt (1.075x); baseline net=60050.52, PF=1.396192, DD=13806.08円",352057.64,1.8950712251994315,32052.719999999972,59011.07,1.3860503771887813,14845.529999999999,0.01|0.02,gdda_oos_gdd22_08_20260815002611_78ab58,2026-08-14T15:26:54+00:00
GDD22_09,sca_max_range,SCA最大アジアレンジを変更,既に動いた日の追随損を除く,最大ATR比input,"{""GoldDDSCAMaxRange"":1.3}",(2)軽微なコード変更,OOS_REJECT,"{""GoldDDSCAMaxRange"":1.3}","OOS net=59011.07 (0.983x), PF=1.386050 (0.993x), DD=14845.53円/14.84553pt (1.075x); baseline net=60050.52, PF=1.396192, DD=13806.08円",337246.43,1.8230311921507887,32052.719999999972,59011.07,1.3860503771887813,14845.529999999999,0.01|0.02,gdda_oos_gdd22_09_20260815002757_82fad7,2026-08-14T15:28:39+00:00
GDD22_10,sca_max_range,SCA最大アジアレンジを変更,既に動いた日の追随損を除く,最大ATR比input,"{""GoldDDSCAMaxRange"":1.4}",(2)軽微なコード変更,OOS_REJECT,"{""GoldDDSCAMaxRange"":1.4}","OOS net=59011.07 (0.983x), PF=1.386050 (0.993x), DD=14845.53円/14.84553pt (1.075x); baseline net=60050.52, PF=1.396192, DD=13806.08円",336808.79,1.8177353376875955,32052.719999999972,59011.07,1.3860503771887813,14845.529999999999,0.01|0.02,gdda_oos_gdd22_10_20260815002942_07c90c,2026-08-14T15:30:25+00:00
GDD22_11,sca_max_range,SCA最大アジアレンジを変更,既に動いた日の追随損を除く,最大ATR比input,"{""GoldDDSCAMaxRange"":1.5}",(2)軽微なコード変更,OOS_REJECT,"{""GoldDDSCAMaxRange"":1.5}","OOS net=61095.41 (1.017x), PF=1.399686 (1.003x), DD=14845.53円/14.84553pt (1.075x); baseline net=60050.52, PF=1.396192, DD=13806.08円",335190.02,1.81061924448037,32052.719999999972,61095.41,1.3996861279587582,14845.529999999999,0.01|0.02,gdda_oos_gdd22_11_20260815003128_765cf2,2026-08-14T15:32:11+00:00
GDD22_12,sca_max_range,SCA最大アジアレンジを変更,既に動いた日の追随損を除く,最大ATR比input,"{""GoldDDSCAMaxRange"":1.6}",(2)軽微なコード変更,OOS_REJECT,"{""GoldDDSCAMaxRange"":1.6}","OOS net=60823.69 (1.013x), PF=1.397202 (1.001x), DD=14845.53円/14.84553pt (1.075x); baseline net=60050.52, PF=1.396192, DD=13806.08円",340655.83999999997,1.8238377134516885,32052.719999999972,60823.69,1.3972024719619298,14845.529999999999,0.01|0.02,gdda_oos_gdd22_12_20260815003314_49dfd4,2026-08-14T15:33:57+00:00
GDD22_13,sca_max_range,SCA最大アジアレンジを変更,既に動いた日の追随損を除く,最大ATR比input,"{""GoldDDSCAMaxRange"":1.7}",(2)軽微なコード変更,OOS_REJECT,"{""GoldDDSCAMaxRange"":1.7}","OOS net=60823.69 (1.013x), PF=1.397202 (1.001x), DD=14845.53円/14.84553pt (1.075x); baseline net=60050.52, PF=1.396192, DD=13806.08円",340655.83999999997,1.8238377134516885,32052.719999999972,60823.69,1.3972024719619298,14845.529999999999,0.01|0.02,gdda_oos_gdd22_13_20260815003500_05f387,2026-08-14T15:35:43+00:00
GDD22_14,sca_max_range,SCA最大アジアレンジを変更,既に動いた日の追随損を除く,最大ATR比input,"{""GoldDDSCAMaxRange"":1.8}",(2)軽微なコード変更,OOS_REJECT,"{""GoldDDSCAMaxRange"":1.8}","OOS net=59957.13 (0.998x), PF=1.389340 (0.995x), DD=15712.09円/15.71209pt (1.138x); baseline net=60050.52, PF=1.396192, DD=13806.08円",337174.0,1.8086084396836148,32052.719999999972,59957.130000000005,1.3893402295827673,15712.089999999997,0.01|0.02,gdda_oos_gdd22_14_20260815003646_1f28d3,2026-08-14T15:37:28+00:00
GDD22_15,sca_max_range,SCA最大アジアレンジを変更,既に動いた日の追随損を除く,最大ATR比input,"{""GoldDDSCAMaxRange"":1.9}",(2)軽微なコード変更,OOS_REJECT,"{""GoldDDSCAMaxRange"":1.9}","OOS net=59957.13 (0.998x), PF=1.389340 (0.995x), DD=15712.09円/15.71209pt (1.138x); baseline net=60050.52, PF=1.396192, DD=13806.08円",337174.0,1.8086084396836148,32052.719999999972,59957.130000000005,1.3893402295827673,15712.089999999997,0.01|0.02,gdda_oos_gdd22_15_20260815003831_2f2e66,2026-08-14T15:39:14+00:00
GDD22_16,sca_max_range,SCA最大アジアレンジを変更,既に動いた日の追随損を除く,最大ATR比input,"{""GoldDDSCAMaxRange"":2.0}",(2)軽微なコード変更,OOS_REJECT,"{""GoldDDSCAMaxRange"":2.0}","OOS net=59957.13 (0.998x), PF=1.389340 (0.995x), DD=15712.09円/15.71209pt (1.138x); baseline net=60050.52, PF=1.396192, DD=13806.08円",337174.0,1.8086084396836148,32052.719999999972,59957.130000000005,1.3893402295827673,15712.089999999997,0.01|0.02,gdda_oos_gdd22_16_20260815004017_7999e7,2026-08-14T15:41:00+00:00
GDD22_17,sca_max_range,SCA最大アジアレンジを変更,既に動いた日の追随損を除く,最大ATR比input,"{""GoldDDSCAMaxRange"":2.1}",(2)軽微なコード変更,IS_REJECT,"{""GoldDDSCAMaxRange"":2.1}","IS net=276972.69 (0.836x), PF=1.580434 (0.844x), DD=60367.37円/60.36737pt (1.883x); baseline net=331176.79, PF=1.871883, DD=32052.72円",276972.69,1.5804342273104381,60367.369999999995,,,,0.01|0.02,gdda_is_gdd22_17_20260815004100_605ec5,2026-08-14T15:42:03+00:00
GDD22_18,sca_max_range,SCA最大アジアレンジを変更,既に動いた日の追随損を除く,最大ATR比input,"{""GoldDDSCAMaxRange"":2.2}",(2)軽微なコード変更,IS_REJECT,"{""GoldDDSCAMaxRange"":2.2}","IS net=276972.69 (0.836x), PF=1.580434 (0.844x), DD=60367.37円/60.36737pt (1.883x); baseline net=331176.79, PF=1.871883, DD=32052.72円",276972.69,1.5804342273104381,60367.369999999995,,,,0.01|0.02,gdda_is_gdd22_18_20260815004203_75d199,2026-08-14T15:43:06+00:00
GDD22_19,sca_max_range,SCA最大アジアレンジを変更,既に動いた日の追随損を除く,最大ATR比input,"{""GoldDDSCAMaxRange"":2.3}",(2)軽微なコード変更,IS_REJECT,"{""GoldDDSCAMaxRange"":2.3}","IS net=276972.69 (0.836x), PF=1.580434 (0.844x), DD=60367.37円/60.36737pt (1.883x); baseline net=331176.79, PF=1.871883, DD=32052.72円",276972.69,1.5804342273104381,60367.369999999995,,,,0.01|0.02,gdda_is_gdd22_19_20260815004306_88c2f3,2026-08-14T15:44:09+00:00
GDD22_20,sca_max_range,SCA最大アジアレンジを変更,既に動いた日の追随損を除く,最大ATR比input,"{""GoldDDSCAMaxRange"":2.4}",(2)軽微なコード変更,IS_REJECT,"{""GoldDDSCAMaxRange"":2.4}","IS net=276972.69 (0.836x), PF=1.580434 (0.844x), DD=60367.37円/60.36737pt (1.883x); baseline net=331176.79, PF=1.871883, DD=32052.72円",276972.69,1.5804342273104381,60367.369999999995,,,,0.01|0.02,gdda_is_gdd22_20_20260815004409_6debd1,2026-08-14T15:45:12+00:00
GDD23_01,sca_buffer,SCAブレイクbufferを変更,偽ブレイク頻度を制御,ATRd buffer実測,"{""GoldDDSCABuffer"":0.0}",(2)軽微なコード変更,OOS_REJECT,"{""GoldDDSCABuffer"":0.0}","OOS net=44450.37 (0.740x), PF=1.243342 (0.891x), DD=15087.56円/15.08756pt (1.093x); baseline net=60050.52, PF=1.396192, DD=13806.08円",341400.32,1.7126113386335093,41465.52000000003,44450.37,1.243341623668003,15087.560000000027,0.01|0.02,gdda_oos_gdd23_01_20260815004615_2f8faf,2026-08-14T15:46:58+00:00
GDD23_02,sca_buffer,SCAブレイクbufferを変更,偽ブレイク頻度を制御,ATRd buffer実測,"{""GoldDDSCABuffer"":0.01}",(2)軽微なコード変更,IS_REJECT,"{""GoldDDSCABuffer"":0.01}","IS net=325724.11 (0.984x), PF=1.676817 (0.896x), DD=41851.05円/41.85105pt (1.306x); baseline net=331176.79, PF=1.871883, DD=32052.72円",325724.11,1.6768172246688162,41851.05000000002,,,,0.01|0.02,gdda_is_gdd23_02_20260815004658_b35840,2026-08-14T15:48:00+00:00
GDD23_03,sca_buffer,SCAブレイクbufferを変更,偽ブレイク頻度を制御,ATRd buffer実測,"{""GoldDDSCABuffer"":0.02}",(2)軽微なコード変更,IS_REJECT,"{""GoldDDSCABuffer"":0.02}","IS net=309540.36 (0.935x), PF=1.672134 (0.893x), DD=39640.14円/39.64014pt (1.237x); baseline net=331176.79, PF=1.871883, DD=32052.72円",309540.36,1.6721344861502652,39640.14,,,,0.01|0.02,gdda_is_gdd23_03_20260815004800_5bb05e,2026-08-14T15:49:03+00:00
GDD23_04,sca_buffer,SCAブレイクbufferを変更,偽ブレイク頻度を制御,ATRd buffer実測,"{""GoldDDSCABuffer"":0.03}",(2)軽微なコード変更,IS_REJECT,"{""GoldDDSCABuffer"":0.03}","IS net=319917.71 (0.966x), PF=1.751030 (0.935x), DD=36289.60円/36.28960pt (1.132x); baseline net=331176.79, PF=1.871883, DD=32052.72円",319917.71,1.7510301149456156,36289.600000000006,,,,0.01|0.02,gdda_is_gdd23_04_20260815004903_816323,2026-08-14T15:50:06+00:00
GDD23_05,sca_buffer,SCAブレイクbufferを変更,偽ブレイク頻度を制御,ATRd buffer実測,"{""GoldDDSCABuffer"":0.04}",(2)軽微なコード変更,OOS_REJECT,"{""GoldDDSCABuffer"":0.04}","OOS net=59110.68 (0.984x), PF=1.375189 (0.985x), DD=15109.96円/15.10996pt (1.094x); baseline net=60050.52, PF=1.396192, DD=13806.08円",324257.58999999997,1.8012664334230764,32052.719999999972,59110.68,1.3751891077971092,15109.959999999992,0.01|0.02,gdda_oos_gdd23_05_20260815005109_0569d2,2026-08-14T15:51:52+00:00
GDD23_06,sca_buffer,SCAブレイクbufferを変更,偽ブレイク頻度を制御,ATRd buffer実測,"{""GoldDDSCABuffer"":0.05}",(2)軽微なコード変更,IS_REJECT,"{""GoldDDSCABuffer"":0.05}","IS net=331176.79 (1.000x), PF=1.871883 (1.000x), DD=32052.72円/32.05272pt (1.000x); baseline net=331176.79, PF=1.871883, DD=32052.72円",331176.79,1.8718825447675405,32052.719999999972,,,,0.01|0.02,gdda_is_gdd23_06_20260815005152_c59b3c,2026-08-14T15:52:55+00:00
GDD23_07,sca_buffer,SCAブレイクbufferを変更,偽ブレイク頻度を制御,ATRd buffer実測,"{""GoldDDSCABuffer"":0.06}",(2)軽微なコード変更,OOS_REJECT,"{""GoldDDSCABuffer"":0.06}","OOS net=61613.96 (1.026x), PF=1.433740 (1.027x), DD=15162.91円/15.16291pt (1.098x); baseline net=60050.52, PF=1.396192, DD=13806.08円",320851.89,1.8619957384858157,32052.719999999972,61613.96000000001,1.433740398452348,15162.910000000033,0.01|0.02,gdda_oos_gdd23_07_20260815005358_b997e3,2026-08-14T15:54:41+00:00
GDD23_08,sca_buffer,SCAブレイクbufferを変更,偽ブレイク頻度を制御,ATRd buffer実測,"{""GoldDDSCABuffer"":0.07}",(2)軽微なコード変更,OOS_PASS,"{""GoldDDSCABuffer"":0.07}","OOS net=63614.94 (1.059x), PF=1.458975 (1.045x), DD=13696.40円/13.69640pt (0.992x); baseline net=60050.52, PF=1.396192, DD=13806.08円",294669.76,1.7998609342357264,32052.719999999972,63614.94,1.4589752637964892,13696.400000000009,0.01|0.02|0.05,gdda_xm5_gdd23_08_20260815005627_c9c2e5,2026-08-14T16:03:55+00:00
GDD23_09,sca_buffer,SCAブレイクbufferを変更,偽ブレイク頻度を制御,ATRd buffer実測,"{""GoldDDSCABuffer"":0.08}",(2)軽微なコード変更,OOS_PASS,"{""GoldDDSCABuffer"":0.08}","OOS net=69779.57 (1.162x), PF=1.530962 (1.097x), DD=11305.82円/11.30582pt (0.819x); baseline net=60050.52, PF=1.396192, DD=13806.08円",278079.27,1.7579311923792391,32052.719999999972,69779.57,1.5309624221166616,11305.820000000036,0.01|0.02|0.05,gdda_xm5_gdd23_09_20260815011103_16d85a,2026-08-14T16:18:26+00:00
GDD23_10,sca_buffer,SCAブレイクbufferを変更,偽ブレイク頻度を制御,ATRd buffer実測,"{""GoldDDSCABuffer"":0.09}",(2)軽微なコード変更,OOS_PASS,"{""GoldDDSCABuffer"":0.09}","OOS net=64660.27 (1.077x), PF=1.506128 (1.079x), DD=11828.97円/11.82897pt (0.857x); baseline net=60050.52, PF=1.396192, DD=13806.08円",274033.18,1.7486860170554612,32052.719999999972,64660.270000000004,1.5061284652943383,11828.97000000003,0.01|0.02|0.05,gdda_xm5_gdd23_10_20260815012534_118aae,2026-08-14T16:33:02+00:00
GDD23_11,sca_buffer,SCAブレイクbufferを変更,偽ブレイク頻度を制御,ATRd buffer実測,"{""GoldDDSCABuffer"":0.1}",(2)軽微なコード変更,OOS_PASS,"{""GoldDDSCABuffer"":0.1}","OOS net=58169.84 (0.969x), PF=1.468229 (1.052x), DD=13384.07円/13.38407pt (0.969x); baseline net=60050.52, PF=1.396192, DD=13806.08円",268949.0,1.7498236604466897,32052.719999999972,58169.840000000004,1.468228850478509,13384.07000000005,0.01|0.02|0.05,gdda_xm5_gdd23_11_20260815080739_bbfa40,2026-08-14T23:16:19+00:00
GDD23_12,sca_buffer,SCAブレイクbufferを変更,偽ブレイク頻度を制御,ATRd buffer実測,"{""GoldDDSCABuffer"":0.11}",(2)軽微なコード変更,IS_REJECT,"{""GoldDDSCABuffer"":0.11}","IS net=257840.60 (0.779x), PF=1.742069 (0.931x), DD=32455.43円/32.45543pt (1.013x); baseline net=331176.79, PF=1.871883, DD=32052.72円",257840.6,1.7420685706141756,32455.429999999993,,,,0.01|0.02,gdda_is_gdd23_12_20260815081619_5a5357,2026-08-14T23:22:48+00:00
GDD23_13,sca_buffer,SCAブレイクbufferを変更,偽ブレイク頻度を制御,ATRd buffer実測,"{""GoldDDSCABuffer"":0.12}",(2)軽微なコード変更,IS_REJECT,"{""GoldDDSCABuffer"":0.12}","IS net=260235.30 (0.786x), PF=1.781134 (0.952x), DD=32455.43円/32.45543pt (1.013x); baseline net=331176.79, PF=1.871883, DD=32052.72円",260235.3,1.7811340239358384,32455.429999999993,,,,0.01|0.02,gdda_is_gdd23_13_20260815082248_7f8955,2026-08-14T23:23:54+00:00
GDD23_14,sca_buffer,SCAブレイクbufferを変更,偽ブレイク頻度を制御,ATRd buffer実測,"{""GoldDDSCABuffer"":0.13}",(2)軽微なコード変更,IS_REJECT,"{""GoldDDSCABuffer"":0.13}","IS net=268907.81 (0.812x), PF=1.842945 (0.985x), DD=32642.63円/32.64263pt (1.018x); baseline net=331176.79, PF=1.871883, DD=32052.72円",268907.81,1.842945215826108,32642.630000000005,,,,0.01|0.02,gdda_is_gdd23_14_20260815082354_0d4406,2026-08-14T23:24:59+00:00
GDD23_15,sca_buffer,SCAブレイクbufferを変更,偽ブレイク頻度を制御,ATRd buffer実測,"{""GoldDDSCABuffer"":0.14}",(2)軽微なコード変更,IS_REJECT,"{""GoldDDSCABuffer"":0.14}","IS net=243971.85 (0.737x), PF=1.779995 (0.951x), DD=33578.63円/33.57863pt (1.048x); baseline net=331176.79, PF=1.871883, DD=32052.72円",243971.85,1.7799947958113667,33578.630000000005,,,,0.01|0.02,gdda_is_gdd23_15_20260815082459_05beec,2026-08-14T23:26:05+00:00
GDD23_16,sca_buffer,SCAブレイクbufferを変更,偽ブレイク頻度を制御,ATRd buffer実測,"{""GoldDDSCABuffer"":0.15}",(2)軽微なコード変更,IS_REJECT,"{""GoldDDSCABuffer"":0.15}","IS net=243290.97 (0.735x), PF=1.791947 (0.957x), DD=33578.63円/33.57863pt (1.048x); baseline net=331176.79, PF=1.871883, DD=32052.72円",243290.97,1.7919473768056207,33578.630000000005,,,,0.01|0.02,gdda_is_gdd23_16_20260815082605_c2e192,2026-08-14T23:27:10+00:00
GDD23_17,sca_buffer,SCAブレイクbufferを変更,偽ブレイク頻度を制御,ATRd buffer実測,"{""GoldDDSCABuffer"":0.16}",(2)軽微なコード変更,IS_REJECT,"{""GoldDDSCABuffer"":0.16}","IS net=244748.15 (0.739x), PF=1.822842 (0.974x), DD=33578.63円/33.57863pt (1.048x); baseline net=331176.79, PF=1.871883, DD=32052.72円",244748.15,1.8228423087700862,33578.630000000005,,,,0.01|0.02,gdda_is_gdd23_17_20260815082710_1e2cc0,2026-08-14T23:28:15+00:00
GDD23_18,sca_buffer,SCAブレイクbufferを変更,偽ブレイク頻度を制御,ATRd buffer実測,"{""GoldDDSCABuffer"":0.17}",(2)軽微なコード変更,IS_REJECT,"{""GoldDDSCABuffer"":0.17}","IS net=219960.86 (0.664x), PF=1.748817 (0.934x), DD=33578.63円/33.57863pt (1.048x); baseline net=331176.79, PF=1.871883, DD=32052.72円",219960.86,1.7488169990462459,33578.630000000034,,,,0.01|0.02,gdda_is_gdd23_18_20260815082815_68d66e,2026-08-14T23:29:21+00:00
GDD23_19,sca_buffer,SCAブレイクbufferを変更,偽ブレイク頻度を制御,ATRd buffer実測,"{""GoldDDSCABuffer"":0.18}",(2)軽微なコード変更,OOS_REJECT,"{""GoldDDSCABuffer"":0.18}","OOS net=46424.32 (0.773x), PF=1.450930 (1.039x), DD=14380.94円/14.38094pt (1.042x); baseline net=60050.52, PF=1.396192, DD=13806.08円",234648.79,1.8662606941661646,21661.25,46424.32,1.4509298129242798,14380.940000000133,0.01|0.02,gdda_oos_gdd23_19_20260815083026_00b88e,2026-08-14T23:31:12+00:00
GDD23_20,sca_buffer,SCAブレイクbufferを変更,偽ブレイク頻度を制御,ATRd buffer実測,"{""GoldDDSCABuffer"":0.19}",(2)軽微なコード変更,OOS_REJECT,"{""GoldDDSCABuffer"":0.19}","OOS net=44919.67 (0.748x), PF=1.455445 (1.042x), DD=15181.75円/15.18175pt (1.100x); baseline net=60050.52, PF=1.396192, DD=13806.08円",224172.11,1.8301077856134347,23062.78,44919.67,1.4554452725051896,15181.750000000044,0.01|0.02,gdda_oos_gdd23_20_20260815083217_f49abd,2026-08-14T23:33:03+00:00
GDD24_01,sca_rr,SCA RRを変更,勝率と損益比のDD効率を探索,RR input実測,"{""GoldDDSCARR"":0.5}",(2)軽微なコード変更,OOS_REJECT,"{""GoldDDSCARR"":0.5}","OOS net=21303.85 (0.355x), PF=1.151348 (0.825x), DD=24137.62円/24.13762pt (1.748x); baseline net=60050.52, PF=1.396192, DD=13806.08円",261871.38,1.7342510334051477,32052.719999999972,21303.850000000002,1.151347642170564,24137.62000000001,0.01|0.02,gdda_oos_gdd24_01_20260815083408_db6e01,2026-08-14T23:34:54+00:00
GDD24_02,sca_rr,SCA RRを変更,勝率と損益比のDD効率を探索,RR input実測,"{""GoldDDSCARR"":0.6}",(2)軽微なコード変更,OOS_REJECT,"{""GoldDDSCARR"":0.6}","OOS net=22843.94 (0.380x), PF=1.155931 (0.828x), DD=20862.88円/20.86288pt (1.511x); baseline net=60050.52, PF=1.396192, DD=13806.08円",260863.77,1.7016897766896355,32052.719999999972,22843.940000000002,1.1559311501140235,20862.880000000034,0.01|0.02,gdda_oos_gdd24_02_20260815083559_aa3899,2026-08-14T23:36:45+00:00
GDD24_03,sca_rr,SCA RRを変更,勝率と損益比のDD効率を探索,RR input実測,"{""GoldDDSCARR"":0.7}",(2)軽微なコード変更,OOS_REJECT,"{""GoldDDSCARR"":0.7}","OOS net=30637.42 (0.510x), PF=1.207655 (0.865x), DD=18183.52円/18.18352pt (1.317x); baseline net=60050.52, PF=1.396192, DD=13806.08円",284473.85,1.7651978359453322,32052.719999999972,30637.420000000002,1.207655402897606,18183.51999999999,0.01|0.02,gdda_oos_gdd24_03_20260815083750_066b6f,2026-08-14T23:38:35+00:00
GDD24_04,sca_rr,SCA RRを変更,勝率と損益比のDD効率を探索,RR input実測,"{""GoldDDSCARR"":0.8}",(2)軽微なコード変更,OOS_REJECT,"{""GoldDDSCARR"":0.8}","OOS net=32387.96 (0.539x), PF=1.216116 (0.871x), DD=14710.76円/14.71076pt (1.066x); baseline net=60050.52, PF=1.396192, DD=13806.08円",289279.1,1.7781233364831717,32052.719999999972,32387.96,1.2161164569402043,14710.76000000001,0.01|0.02,gdda_oos_gdd24_04_20260815083941_e2e374,2026-08-14T23:40:31+00:00
GDD24_05,sca_rr,SCA RRを変更,勝率と損益比のDD効率を探索,RR input実測,"{""GoldDDSCARR"":0.9}",(2)軽微なコード変更,OOS_REJECT,"{""GoldDDSCARR"":0.9}","OOS net=38126.02 (0.635x), PF=1.251866 (0.897x), DD=16188.98円/16.18898pt (1.173x); baseline net=60050.52, PF=1.396192, DD=13806.08円",291160.58999999997,1.7728776811529263,32052.719999999972,38126.020000000004,1.2518655886953725,16188.979999999996,0.01|0.02,gdda_oos_gdd24_05_20260815084137_b8d141,2026-08-14T23:42:22+00:00
GDD24_06,sca_rr,SCA RRを変更,勝率と損益比のDD効率を探索,RR input実測,"{""GoldDDSCARR"":1.0}",(2)軽微なコード変更,OOS_REJECT,"{""GoldDDSCARR"":1.0}","OOS net=40283.22 (0.671x), PF=1.265775 (0.907x), DD=16036.29円/16.03629pt (1.162x); baseline net=60050.52, PF=1.396192, DD=13806.08円",290393.97,1.764514426112859,32052.719999999972,40283.22,1.265774567684066,16036.290000000023,0.01|0.02,gdda_oos_gdd24_06_20260815084333_6f0b5d,2026-08-14T23:44:23+00:00
GDD24_07,sca_rr,SCA RRを変更,勝率と損益比のDD効率を探索,RR input実測,"{""GoldDDSCARR"":1.1}",(2)軽微なコード変更,OOS_REJECT,"{""GoldDDSCARR"":1.1}","OOS net=43737.62 (0.728x), PF=1.288565 (0.923x), DD=16176.01円/16.17601pt (1.172x); baseline net=60050.52, PF=1.396192, DD=13806.08円",306356.29,1.806538108334049,32052.719999999972,43737.62,1.2885654882362918,16176.010000000024,0.01|0.02,gdda_oos_gdd24_07_20260815084534_562d3b,2026-08-14T23:46:24+00:00
GDD24_08,sca_rr,SCA RRを変更,勝率と損益比のDD効率を探索,RR input実測,"{""GoldDDSCARR"":1.2}",(2)軽微なコード変更,OOS_REJECT,"{""GoldDDSCARR"":1.2}","OOS net=48028.77 (0.800x), PF=1.316877 (0.943x), DD=15240.20円/15.24020pt (1.104x); baseline net=60050.52, PF=1.396192, DD=13806.08円",312919.67,1.8238173882518125,32052.719999999972,48028.770000000004,1.316876992036571,15240.200000000012,0.01|0.02,gdda_oos_gdd24_08_20260815084730_c9a5e5,2026-08-14T23:48:15+00:00
GDD24_09,sca_rr,SCA RRを変更,勝率と損益比のDD効率を探索,RR input実測,"{""GoldDDSCARR"":1.3}",(2)軽微なコード変更,OOS_REJECT,"{""GoldDDSCARR"":1.3}","OOS net=53570.41 (0.892x), PF=1.353439 (0.969x), DD=14781.15円/14.78115pt (1.071x); baseline net=60050.52, PF=1.396192, DD=13806.08円",320148.08999999997,1.8428475057435867,32052.719999999972,53570.41,1.3534387906033372,14781.150000000009,0.01|0.02,gdda_oos_gdd24_09_20260815084921_f236d8,2026-08-14T23:50:06+00:00
GDD24_10,sca_rr,SCA RRを変更,勝率と損益比のDD効率を探索,RR input実測,"{""GoldDDSCARR"":1.4}",(2)軽微なコード変更,OOS_REJECT,"{""GoldDDSCARR"":1.4}","OOS net=56895.48 (0.947x), PF=1.375376 (0.985x), DD=14318.90円/14.31890pt (1.037x); baseline net=60050.52, PF=1.396192, DD=13806.08円",323039.81,1.8504604794436916,32052.719999999972,56895.48,1.375376437141257,14318.900000000009,0.01|0.02,gdda_oos_gdd24_10_20260815085112_c4372e,2026-08-14T23:58:16+00:00
GDD24_11,sca_rr,SCA RRを変更,勝率と損益比のDD効率を探索,RR input実測,"{""GoldDDSCARR"":1.5}",(2)軽微なコード変更,IS_REJECT,"{""GoldDDSCARR"":1.5}","IS net=331176.79 (1.000x), PF=1.871883 (1.000x), DD=32052.72円/32.05272pt (1.000x); baseline net=331176.79, PF=1.871883, DD=32052.72円",331176.79,1.8718825447675405,32052.719999999972,,,,0.01|0.02,gdda_is_gdd24_11_20260815085816_a168d6,2026-08-14T23:59:27+00:00
GDD24_12,sca_rr,SCA RRを変更,勝率と損益比のDD効率を探索,RR input実測,"{""GoldDDSCARR"":1.6}",(2)軽微なコード変更,OOS_REJECT,"{""GoldDDSCARR"":1.6}","OOS net=59530.33 (0.991x), PF=1.392760 (0.998x), DD=13988.37円/13.98837pt (1.013x); baseline net=60050.52, PF=1.396192, DD=13806.08円",338066.06,1.890019788803243,32052.719999999972,59530.33,1.3927602540174242,13988.369999999995,0.01|0.02,gdda_oos_gdd24_12_20260815090037_d2e0f7,2026-08-15T00:01:23+00:00
GDD24_13,sca_rr,SCA RRを変更,勝率と損益比のDD効率を探索,RR input実測,"{""GoldDDSCARR"":1.7}",(2)軽微なコード変更,OOS_PASS,"{""GoldDDSCARR"":1.7}","OOS net=61672.79 (1.027x), PF=1.406895 (1.008x), DD=12975.99円/12.97599pt (0.940x); baseline net=60050.52, PF=1.396192, DD=13806.08円",336475.23,1.885831642319027,32052.719999999972,61672.79,1.4068954542392638,12975.99000000002,0.01|0.02|0.05,gdda_xm5_gdd24_13_20260815090324_b48df8,2026-08-15T00:12:34+00:00
GDD24_14,sca_rr,SCA RRを変更,勝率と損益比のDD効率を探索,RR input実測,"{""GoldDDSCARR"":1.8}",(2)軽微なコード変更,OOS_PASS,"{""GoldDDSCARR"":1.8}","OOS net=65497.17 (1.091x), PF=1.432127 (1.026x), DD=12160.67円/12.16067pt (0.881x); baseline net=60050.52, PF=1.396192, DD=13806.08円",330066.27999999997,1.8689589271891773,32052.719999999972,65497.17,1.4321273731662905,12160.670000000013,0.01|0.02|0.05,gdda_xm5_gdd24_14_20260815091435_6263c3,2026-08-15T00:23:51+00:00
GDD24_15,sca_rr,SCA RRを変更,勝率と損益比のDD効率を探索,RR input実測,"{""GoldDDSCARR"":1.9}",(2)軽微なコード変更,OOS_PASS,"{""GoldDDSCARR"":1.9}","OOS net=68394.05 (1.139x), PF=1.451240 (1.039x), DD=11854.00円/11.85400pt (0.859x); baseline net=60050.52, PF=1.396192, DD=13806.08円",314708.16,1.8285259102846858,32052.719999999972,68394.05,1.4512399721500018,11854.000000000015,0.01|0.02|0.05,gdda_xm5_gdd24_15_20260815093107_71d24a,2026-08-15T00:39:27+00:00
GDD24_16,sca_rr,SCA RRを変更,勝率と損益比のDD効率を探索,RR input実測,"{""GoldDDSCARR"":2.0}",(2)軽微なコード変更,OOS_PASS,"{""GoldDDSCARR"":2.0}","OOS net=70467.91 (1.173x), PF=1.464923 (1.049x), DD=12075.88円/12.07588pt (0.875x); baseline net=60050.52, PF=1.396192, DD=13806.08円",315532.07,1.8306950017462567,32052.719999999972,70467.91,1.4649225736137694,12075.880000000005,0.01|0.02|0.05,gdda_xm5_gdd24_16_20260815094648_63e0b2,2026-08-15T00:55:18+00:00
GDD24_17,sca_rr,SCA RRを変更,勝率と損益比のDD効率を探索,RR input実測,"{""GoldDDSCARR"":2.1}",(2)軽微なコード変更,OOS_PASS,"{""GoldDDSCARR"":2.1}","OOS net=72401.48 (1.206x), PF=1.477680 (1.058x), DD=11933.27円/11.93327pt (0.864x); baseline net=60050.52, PF=1.396192, DD=13806.08円",317535.22,1.8359686548894951,32052.719999999972,72401.48,1.4776795908243319,11933.270000000004,0.01|0.02|0.05,gdda_xm5_gdd24_17_20260815095709_e755e5,2026-08-15T01:05:50+00:00
GDD24_18,sca_rr,SCA RRを変更,勝率と損益比のDD効率を探索,RR input実測,"{""GoldDDSCARR"":2.2}",(2)軽微なコード変更,OOS_REJECT,"{""GoldDDSCARR"":2.2}","OOS net=70408.37 (1.172x), PF=1.464530 (1.049x), DD=14088.03円/14.08803pt (1.020x); baseline net=60050.52, PF=1.396192, DD=13806.08円",317490.47,1.8358508424549995,32052.719999999972,70408.37,1.464529749560481,14088.029999999999,0.01|0.02,gdda_oos_gdd24_18_20260815101219_a0f213,2026-08-15T01:13:05+00:00
GDD24_19,sca_rr,SCA RRを変更,勝率と損益比のDD効率を探索,RR input実測,"{""GoldDDSCARR"":2.3}",(2)軽微なコード変更,OOS_REJECT,"{""GoldDDSCARR"":2.3}","OOS net=69665.90 (1.160x), PF=1.459631 (1.045x), DD=14088.03円/14.08803pt (1.020x); baseline net=60050.52, PF=1.396192, DD=13806.08円",319141.13,1.8401965021896263,32052.719999999972,69665.9,1.4596311927105472,14088.029999999999,0.01|0.02,gdda_oos_gdd24_19_20260815101410_966e36,2026-08-15T01:14:56+00:00
GDD24_20,sca_rr,SCA RRを変更,勝率と損益比のDD効率を探索,RR input実測,"{""GoldDDSCARR"":2.4}",(2)軽微なコード変更,OOS_REJECT,"{""GoldDDSCARR"":2.4}","OOS net=71707.26 (1.194x), PF=1.473099 (1.055x), DD=14088.03円/14.08803pt (1.020x); baseline net=60050.52, PF=1.396192, DD=13806.08円",319838.33,1.8420320067556677,32052.719999999972,71707.26,1.4730993705644413,14088.029999999999,0.01|0.02,gdda_oos_gdd24_20_20260815101601_f79c72,2026-08-15T01:16:47+00:00
GDD25_01,sca_boost,SCA reversal boost倍率を変更,0.01整数ロット段階で尾損失を制御,実効lotをログ確認,"{""GoldDDSCABoostMult"":1}",(2)軽微なコード変更,OOS_REJECT,"{""GoldDDSCABoostMult"":1}","OOS net=46674.23 (0.777x), PF=1.341757 (0.961x), DD=12770.95円/12.77095pt (0.925x); baseline net=60050.52, PF=1.396192, DD=13806.08円",313750.42,1.8841645897163357,32052.719999999972,46674.229999999996,1.3417565853388511,12770.949999999997,0.01,gdda_oos_gdd25_01_20260815101752_9cafa7,2026-08-15T01:18:38+00:00
GDD25_02,sca_boost,SCA reversal boost倍率を変更,0.01整数ロット段階で尾損失を制御,実効lotをログ確認,"{""GoldDDSCABoostMult"":2}",(2)軽微なコード変更,UNVERIFIED_LOTSTEP,"{""GoldDDSCABoostMult"":2}","requested lot-changing proposal but effective lots remained 0.01|0.02 (baseline 0.01|0.02); IS net=331176.79 (1.000x), PF=1.871883 (1.000x), DD=32052.72円/32.05272pt (1.000x); baseline net=331176.79, PF=1.871883, DD=32052.72円",331176.79,1.8718825447675405,32052.719999999972,,,,0.01|0.02,gdda_is_gdd25_02_20260814100150_f05125,2026-08-14T01:03:03+00:00
GDD25_03,sca_boost,SCA reversal boost倍率を変更,0.01整数ロット段階で尾損失を制御,実効lotをログ確認,"{""GoldDDSCABoostMult"":3}",(2)軽微なコード変更,OOS_REJECT,"{""GoldDDSCABoostMult"":3}","OOS net=73426.71 (1.223x), PF=1.440824 (1.032x), DD=14861.16円/14.86116pt (1.076x); baseline net=60050.52, PF=1.396192, DD=13806.08円",348603.13,1.8611164316287843,32052.719999999972,73426.70999999999,1.440824454912318,14861.159999999989,0.01|0.03,gdda_oos_gdd25_03_20260815101943_98a6f5,2026-08-15T01:20:29+00:00
GDD25_04,sca_boost,SCA reversal boost倍率を変更,0.01整数ロット段階で尾損失を制御,実効lotをログ確認,"{""GoldDDSCABoostMult"":4}",(2)軽微なコード変更,OOS_REJECT,"{""GoldDDSCABoostMult"":4}","OOS net=86802.98 (1.445x), PF=1.478084 (1.059x), DD=17582.76円/17.58276pt (1.274x); baseline net=60050.52, PF=1.396192, DD=13806.08円",366029.45,1.8516019437669662,36881.06,86802.98,1.4780838045528322,17582.759999999995,0.01|0.04,gdda_oos_gdd25_04_20260815102134_18f5ca,2026-08-15T01:22:20+00:00
GDD25_05,sca_boost,SCA reversal boost倍率を変更,0.01整数ロット段階で尾損失を制御,実効lotをログ確認,"{""GoldDDSCABoostMult"":5}",(2)軽微なコード変更,OOS_REJECT,"{""GoldDDSCABoostMult"":5}","OOS net=100179.23 (1.668x), PF=1.509657 (1.081x), DD=21014.37円/21.01437pt (1.522x); baseline net=60050.52, PF=1.396192, DD=13806.08円",383455.83,1.8431330828342298,46538.2,100179.23,1.5096572083777342,21014.369999999995,0.01|0.05,gdda_oos_gdd25_05_20260815102325_5568a4,2026-08-15T01:24:11+00:00
GDD25_06,sca_boost,SCA reversal boost倍率を変更,0.01整数ロット段階で尾損失を制御,実効lotをログ確認,"{""GoldDDSCABoostMult"":6}",(2)軽微なコード変更,OOS_REJECT,"{""GoldDDSCABoostMult"":6}","OOS net=113555.51 (1.891x), PF=1.536754 (1.101x), DD=24459.12円/24.45912pt (1.772x); baseline net=60050.52, PF=1.396192, DD=13806.08円",400882.20999999996,1.8355463092756947,56195.350000000006,113555.51,1.5367543812961588,24459.120000000024,0.01|0.06,gdda_oos_gdd25_06_20260815102516_d35e57,2026-08-15T01:26:02+00:00
GDD25_07,sca_boost,SCA reversal boost倍率を変更,0.01整数ロット段階で尾損失を制御,実効lotをログ確認,"{""GoldDDSCABoostMult"":7}",(2)軽微なコード変更,OOS_REJECT,"{""GoldDDSCABoostMult"":7}","OOS net=126931.75 (2.114x), PF=1.560264 (1.118x), DD=27903.94円/27.90394pt (2.021x); baseline net=60050.52, PF=1.396192, DD=13806.08円",418308.52999999997,1.8287104660372135,65852.51999999997,126931.75,1.5602636632510902,27903.94000000003,0.01|0.07,gdda_oos_gdd25_07_20260815102707_8eab9f,2026-08-15T01:27:52+00:00
GDD25_08,sca_boost,SCA reversal boost倍率を変更,0.01整数ロット段階で尾損失を制御,実効lotをログ確認,"{""GoldDDSCABoostMult"":8}",(2)軽微なコード変更,OOS_REJECT,"{""GoldDDSCABoostMult"":8}","OOS net=140307.99 (2.336x), PF=1.580854 (1.132x), DD=31348.72円/31.34872pt (2.271x); baseline net=60050.52, PF=1.396192, DD=13806.08円",435734.86,1.8225194179844801,75509.66999999998,140307.99,1.580853733503172,31348.720000000045,0.01|0.08,gdda_oos_gdd25_08_20260815102903_431c8d,2026-08-15T01:29:48+00:00
GDD25_09,sca_boost,SCA reversal boost倍率を変更,0.01整数ロット段階で尾損失を制御,実効lotをログ確認,"{""GoldDDSCABoostMult"":9}",(2)軽微なコード変更,OOS_REJECT,"{""GoldDDSCABoostMult"":9}","OOS net=153684.22 (2.559x), PF=1.599036 (1.145x), DD=34793.51円/34.79351pt (2.520x); baseline net=60050.52, PF=1.396192, DD=13806.08円",453161.25,1.8168862629802645,85166.81000000001,153684.22,1.5990363995439683,34793.51000000001,0.01|0.09,gdda_oos_gdd25_09_20260815103054_5d9365,2026-08-15T01:38:00+00:00
GDD25_10,sca_boost,SCA reversal boost倍率を変更,0.01整数ロット段階で尾損失を制御,実効lotをログ確認,"{""GoldDDSCABoostMult"":10}",(2)軽微なコード変更,OOS_REJECT,"{""GoldDDSCABoostMult"":10}","OOS net=167060.47 (2.782x), PF=1.615211 (1.157x), DD=38238.31円/38.23831pt (2.770x); baseline net=60050.52, PF=1.396192, DD=13806.08円",470587.54,1.8117384349437637,94823.98999999999,167060.47,1.615210716258516,38238.31000000001,0.01|0.10,gdda_oos_gdd25_10_20260815103905_ea22b0,2026-08-15T01:39:51+00:00
GDD25_11,sca_boost,SCA reversal boost倍率を変更,0.01整数ロット段階で尾損失を制御,実効lotをログ確認,"{""GoldDDSCABoostMult"":11}",(2)軽微なコード変更,OOS_REJECT,"{""GoldDDSCABoostMult"":11}","OOS net=180436.72 (3.005x), PF=1.629692 (1.167x), DD=41683.11円/41.68311pt (3.019x); baseline net=60050.52, PF=1.396192, DD=13806.08円",488013.89999999997,1.8070161640568183,104481.14000000001,180436.72,1.62969193845309,41683.11000000003,0.01|0.11,gdda_oos_gdd25_11_20260815104056_132010,2026-08-15T01:41:42+00:00
GDD25_12,sca_boost,SCA reversal boost倍率を変更,0.01整数ロット段階で尾損失を制御,実効lotをログ確認,"{""GoldDDSCABoostMult"":12}",(2)軽微なコード変更,OOS_REJECT,"{""GoldDDSCABoostMult"":12}","OOS net=193812.97 (3.227x), PF=1.642733 (1.177x), DD=45127.89円/45.12789pt (3.269x); baseline net=60050.52, PF=1.396192, DD=13806.08円",505440.26999999996,1.802668633572198,114138.29000000001,193812.97,1.64273273127876,45127.89000000004,0.01|0.12,gdda_oos_gdd25_12_20260815104248_d93bfa,2026-08-15T01:43:33+00:00
GDD25_13,sca_boost,SCA reversal boost倍率を変更,0.01整数ロット段階で尾損失を制御,実効lotをログ確認,"{""GoldDDSCABoostMult"":13}",(2)軽微なコード変更,OOS_REJECT,"{""GoldDDSCABoostMult"":13}","OOS net=207189.20 (3.450x), PF=1.654538 (1.185x), DD=48572.68円/48.57268pt (3.518x); baseline net=60050.52, PF=1.396192, DD=13806.08円",522866.63,1.7986529687744488,123795.43,207189.2,1.654537691126202,48572.68000000001,0.01|0.13,gdda_oos_gdd25_13_20260815104509_de9ba1,2026-08-15T01:45:54+00:00
GDD25_14,sca_boost,SCA reversal boost倍率を変更,0.01整数ロット段階で尾損失を制御,実効lotをログ確認,"{""GoldDDSCABoostMult"":14}",(2)軽微なコード変更,OOS_REJECT,"{""GoldDDSCABoostMult"":14}","OOS net=220565.49 (3.673x), PF=1.665275 (1.193x), DD=52017.45円/52.01745pt (3.768x); baseline net=60050.52, PF=1.396192, DD=13806.08円",540292.96,1.7949324697318492,133452.59,220565.49000000002,1.6652748102327917,52017.450000000055,0.01|0.14,gdda_oos_gdd25_14_20260815104700_e8cc12,2026-08-15T01:47:45+00:00
GDD25_15,sca_boost,SCA reversal boost倍率を変更,0.01整数ロット段階で尾損失を制御,実効lotをログ確認,"{""GoldDDSCABoostMult"":15}",(2)軽微なコード変更,OOS_REJECT,"{""GoldDDSCABoostMult"":15}","OOS net=233941.73 (3.896x), PF=1.675082 (1.200x), DD=55462.24円/55.46224pt (4.017x); baseline net=60050.52, PF=1.396192, DD=13806.08円",557719.3200000001,1.7914758688616037,143109.75,233941.73,1.6750824339563086,55462.24000000002,0.01|0.15,gdda_oos_gdd25_15_20260815104851_fe6d4a,2026-08-15T01:49:36+00:00
GDD25_16,sca_boost,SCA reversal boost倍率を変更,0.01整数ロット段階で尾損失を制御,実効lotをログ確認,"{""GoldDDSCABoostMult"":16}",(2)軽微なコード変更,OOS_REJECT,"{""GoldDDSCABoostMult"":16}","OOS net=247317.97 (4.118x), PF=1.684076 (1.206x), DD=58907.03円/58.90703pt (4.267x); baseline net=60050.52, PF=1.396192, DD=13806.08円",360567.88,1.5021155835732973,158641.39,247317.97,1.6840763574001365,58907.03000000002,0.01|0.16,gdda_oos_gdd25_16_20260815105042_0d22d8,2026-08-15T01:51:27+00:00
GDD25_17,sca_boost,SCA reversal boost倍率を変更,0.01整数ロット段階で尾損失を制御,実効lotをログ確認,"{""GoldDDSCABoostMult"":17}",(2)軽微なコード変更,IS_REJECT,"{""GoldDDSCABoostMult"":17}","IS net=312503.74 (0.944x), PF=1.469971 (0.785x), DD=168298.56円/168.29856pt (5.251x); baseline net=331176.79, PF=1.871883, DD=32052.72円",312503.74,1.469971320061452,168298.56,,,,0.01|0.17,gdda_is_gdd25_17_20260815105127_73e332,2026-08-15T01:52:33+00:00
GDD25_18,sca_boost,SCA reversal boost倍率を変更,0.01整数ロット段階で尾損失を制御,実効lotをログ確認,"{""GoldDDSCABoostMult"":18}",(2)軽微なコード変更,OOS_REJECT,"{""GoldDDSCABoostMult"":18}","OOS net=274070.49 (4.564x), PF=1.699997 (1.218x), DD=65796.60円/65.79660pt (4.766x); baseline net=60050.52, PF=1.396192, DD=13806.08円",342412.01,1.5222116792236324,177955.69999999998,274070.49,1.6999972313801501,65796.60000000005,0.01|0.18,gdda_oos_gdd25_18_20260815105339_6655b0,2026-08-15T01:54:24+00:00
GDD25_19,sca_boost,SCA reversal boost倍率を変更,0.01整数ロット段階で尾損失を制御,実効lotをログ確認,"{""GoldDDSCABoostMult"":19}",(2)軽微なコード変更,OOS_REJECT,"{""GoldDDSCABoostMult"":19}","OOS net=287446.72 (4.787x), PF=1.707077 (1.223x), DD=69241.39円/69.24139pt (5.015x); baseline net=60050.52, PF=1.396192, DD=13806.08円",344972.43,1.5119825133164306,187612.86999999994,287446.72,1.707076533194086,69241.39000000004,0.01|0.19,gdda_oos_gdd25_19_20260815105530_25dd1c,2026-08-15T01:56:15+00:00
GDD25_20,sca_boost,SCA reversal boost倍率を変更,0.01整数ロット段階で尾損失を制御,実効lotをログ確認,"{""GoldDDSCABoostMult"":20}",(2)軽微なコード変更,OOS_REJECT,"{""GoldDDSCABoostMult"":20}","OOS net=300822.99 (5.009x), PF=1.713652 (1.227x), DD=72686.18円/72.68618pt (5.265x); baseline net=60050.52, PF=1.396192, DD=13806.08円",347532.89999999997,1.502288673050626,197270.01000000004,300822.99,1.7136522099559972,72686.18000000001,0.01|0.20,gdda_oos_gdd25_20_20260815105721_32f62b,2026-08-15T01:58:06+00:00
GDD26_01,sca_trade_end,SCA新規終了時刻を前倒し,NY前後の質の低い追随を除く,終了時刻input実測,"{""GoldDDSCATradeEnd"":4}",(2)軽微なコード変更,OOS_REJECT,"{""GoldDDSCATradeEnd"":4}","OOS net=8451.64 (0.141x), PF=1.180140 (0.845x), DD=12524.92円/12.52492pt (0.907x); baseline net=60050.52, PF=1.396192, DD=13806.08円",157458.86,2.0088237155888415,20607.370000000024,8451.640000000001,1.1801399405078066,12524.920000000027,0.01,gdda_oos_gdd26_01_20260815105912_b90bff,2026-08-15T01:59:57+00:00
GDD26_02,sca_trade_end,SCA新規終了時刻を前倒し,NY前後の質の低い追随を除く,終了時刻input実測,"{""GoldDDSCATradeEnd"":5}",(2)軽微なコード変更,OOS_REJECT,"{""GoldDDSCATradeEnd"":5}","OOS net=8451.64 (0.141x), PF=1.180140 (0.845x), DD=12524.92円/12.52492pt (0.907x); baseline net=60050.52, PF=1.396192, DD=13806.08円",157458.86,2.0088237155888415,20607.370000000024,8451.640000000001,1.1801399405078066,12524.920000000027,0.01,gdda_oos_gdd26_02_20260815110103_d3dfbd,2026-08-15T02:01:48+00:00
GDD26_03,sca_trade_end,SCA新規終了時刻を前倒し,NY前後の質の低い追随を除く,終了時刻input実測,"{""GoldDDSCATradeEnd"":6}",(2)軽微なコード変更,OOS_REJECT,"{""GoldDDSCATradeEnd"":6}","OOS net=8451.64 (0.141x), PF=1.180140 (0.845x), DD=12524.92円/12.52492pt (0.907x); baseline net=60050.52, PF=1.396192, DD=13806.08円",157458.86,2.0088237155888415,20607.370000000024,8451.640000000001,1.1801399405078066,12524.920000000027,0.01,gdda_oos_gdd26_03_20260815110259_3d50b4,2026-08-15T02:03:44+00:00
GDD26_04,sca_trade_end,SCA新規終了時刻を前倒し,NY前後の質の低い追随を除く,終了時刻input実測,"{""GoldDDSCATradeEnd"":7}",(2)軽微なコード変更,OOS_REJECT,"{""GoldDDSCATradeEnd"":7}","OOS net=8451.64 (0.141x), PF=1.180140 (0.845x), DD=12524.92円/12.52492pt (0.907x); baseline net=60050.52, PF=1.396192, DD=13806.08円",157458.86,2.0088237155888415,20607.370000000024,8451.640000000001,1.1801399405078066,12524.920000000027,0.01,gdda_oos_gdd26_04_20260815110450_4e5a96,2026-08-15T02:05:35+00:00
GDD26_05,sca_trade_end,SCA新規終了時刻を前倒し,NY前後の質の低い追随を除く,終了時刻input実測,"{""GoldDDSCATradeEnd"":8}",(2)軽微なコード変更,OOS_REJECT,"{""GoldDDSCATradeEnd"":8}","OOS net=8451.64 (0.141x), PF=1.180140 (0.845x), DD=12524.92円/12.52492pt (0.907x); baseline net=60050.52, PF=1.396192, DD=13806.08円",157458.86,2.0088237155888415,20607.370000000024,8451.640000000001,1.1801399405078066,12524.920000000027,0.01,gdda_oos_gdd26_05_20260815110641_9d5381,2026-08-15T02:07:26+00:00
GDD26_06,sca_trade_end,SCA新規終了時刻を前倒し,NY前後の質の低い追随を除く,終了時刻input実測,"{""GoldDDSCATradeEnd"":9}",(2)軽微なコード変更,OOS_REJECT,"{""GoldDDSCATradeEnd"":9}","OOS net=8451.64 (0.141x), PF=1.180140 (0.845x), DD=12524.92円/12.52492pt (0.907x); baseline net=60050.52, PF=1.396192, DD=13806.08円",157458.86,2.0088237155888415,20607.370000000024,8451.640000000001,1.1801399405078066,12524.920000000027,0.01,gdda_oos_gdd26_06_20260815110832_d1f0e7,2026-08-15T02:09:17+00:00
GDD26_07,sca_trade_end,SCA新規終了時刻を前倒し,NY前後の質の低い追随を除く,終了時刻input実測,"{""GoldDDSCATradeEnd"":10}",(2)軽微なコード変更,IS_REJECT,"{""GoldDDSCATradeEnd"":10}","IS net=195529.14 (0.590x), PF=1.933061 (1.033x), DD=32052.72円/32.05272pt (1.000x); baseline net=331176.79, PF=1.871883, DD=32052.72円",195529.13999999998,1.9330605671256116,32052.72,,,,0.01,gdda_is_gdd26_07_20260815110917_053331,2026-08-15T02:10:23+00:00
GDD26_08,sca_trade_end,SCA新規終了時刻を前倒し,NY前後の質の低い追随を除く,終了時刻input実測,"{""GoldDDSCATradeEnd"":11}",(2)軽微なコード変更,OOS_REJECT,"{""GoldDDSCATradeEnd"":11}","OOS net=39184.97 (0.653x), PF=1.423815 (1.020x), DD=23707.67円/23.70767pt (1.717x); baseline net=60050.52, PF=1.396192, DD=13806.08円",249245.75999999998,1.9778045765955699,32052.719999999972,39184.97,1.423815152639007,23707.670000000042,0.01|0.02,gdda_oos_gdd26_08_20260815111129_689a96,2026-08-15T02:12:14+00:00
GDD26_09,sca_trade_end,SCA新規終了時刻を前倒し,NY前後の質の低い追随を除く,終了時刻input実測,"{""GoldDDSCATradeEnd"":12}",(2)軽微なコード変更,OOS_REJECT,"{""GoldDDSCATradeEnd"":12}","OOS net=37602.37 (0.626x), PF=1.316851 (0.943x), DD=31509.97円/31.50997pt (2.282x); baseline net=60050.52, PF=1.396192, DD=13806.08円",273527.27,1.8495532758117317,32052.719999999972,37602.37,1.3168508260058474,31509.970000000045,0.01|0.02,gdda_oos_gdd26_09_20260815111320_de9024,2026-08-15T02:14:05+00:00
GDD26_10,sca_trade_end,SCA新規終了時刻を前倒し,NY前後の質の低い追随を除く,終了時刻input実測,"{""GoldDDSCATradeEnd"":13}",(2)軽微なコード変更,OOS_REJECT,"{""GoldDDSCATradeEnd"":13}","OOS net=40695.53 (0.678x), PF=1.301376 (0.932x), DD=22931.05円/22.93105pt (1.661x); baseline net=60050.52, PF=1.396192, DD=13806.08円",283254.27999999997,1.8150809421416378,32052.719999999972,40695.53,1.3013757946142006,22931.050000000003,0.01|0.02,gdda_oos_gdd26_10_20260815111511_029627,2026-08-15T02:15:56+00:00
GDD26_11,sca_trade_end,SCA新規終了時刻を前倒し,NY前後の質の低い追随を除く,終了時刻input実測,"{""GoldDDSCATradeEnd"":14}",(2)軽微なコード変更,OOS_REJECT,"{""GoldDDSCATradeEnd"":14}","OOS net=44929.79 (0.748x), PF=1.312877 (0.940x), DD=17145.31円/17.14531pt (1.242x); baseline net=60050.52, PF=1.396192, DD=13806.08円",297220.8,1.8108980342800884,32052.719999999972,44929.79,1.3128768179478065,17145.310000000012,0.01|0.02,gdda_oos_gdd26_11_20260815111702_23143a,2026-08-15T02:17:47+00:00
GDD26_12,sca_trade_end,SCA新規終了時刻を前倒し,NY前後の質の低い追随を除く,終了時刻input実測,"{""GoldDDSCATradeEnd"":15}",(2)軽微なコード変更,IS_REJECT,"{""GoldDDSCATradeEnd"":15}","IS net=331176.79 (1.000x), PF=1.871883 (1.000x), DD=32052.72円/32.05272pt (1.000x); baseline net=331176.79, PF=1.871883, DD=32052.72円",331176.79,1.8718825447675405,32052.719999999972,,,,0.01|0.02,gdda_is_gdd26_12_20260815111747_1c62f1,2026-08-15T02:18:53+00:00
GDD26_13,sca_trade_end,SCA新規終了時刻を前倒し,NY前後の質の低い追随を除く,終了時刻input実測,"{""GoldDDSCATradeEnd"":16}",(2)軽微なコード変更,OOS_REJECT,"{""GoldDDSCATradeEnd"":16}","OOS net=51522.73 (0.858x), PF=1.299934 (0.931x), DD=15682.15円/15.68215pt (1.136x); baseline net=60050.52, PF=1.396192, DD=13806.08円",338734.26,1.7706087297885247,32052.719999999972,51522.73,1.2999336071130327,15682.14999999998,0.01|0.02,gdda_oos_gdd26_13_20260815111958_89a6db,2026-08-15T02:20:44+00:00
GDD26_14,sca_trade_end,SCA新規終了時刻を前倒し,NY前後の質の低い追随を除く,終了時刻input実測,"{""GoldDDSCATradeEnd"":17}",(2)軽微なコード変更,OOS_REJECT,"{""GoldDDSCATradeEnd"":17}","OOS net=51253.73 (0.854x), PF=1.274050 (0.913x), DD=17018.53円/17.01853pt (1.233x); baseline net=60050.52, PF=1.396192, DD=13806.08円",358908.85,1.698536146456588,32052.719999999972,51253.73,1.2740501324996114,17018.529999999984,0.01|0.02,gdda_oos_gdd26_14_20260815112149_2f7cd6,2026-08-15T02:22:35+00:00
GDD26_15,sca_trade_end,SCA新規終了時刻を前倒し,NY前後の質の低い追随を除く,終了時刻input実測,"{""GoldDDSCATradeEnd"":18}",(2)軽微なコード変更,OOS_REJECT,"{""GoldDDSCATradeEnd"":18}","OOS net=35316.63 (0.588x), PF=1.167543 (0.836x), DD=25491.53円/25.49153pt (1.846x); baseline net=60050.52, PF=1.396192, DD=13806.08円",367561.66,1.6622000493783247,32052.719999999972,35316.630000000005,1.1675426968655616,25491.53,0.01|0.02,gdda_oos_gdd26_15_20260815112340_4828aa,2026-08-15T02:24:26+00:00
GDD26_16,sca_trade_end,SCA新規終了時刻を前倒し,NY前後の質の低い追随を除く,終了時刻input実測,"{""GoldDDSCATradeEnd"":19}",(2)軽微なコード変更,OOS_REJECT,"{""GoldDDSCATradeEnd"":19}","OOS net=36567.60 (0.609x), PF=1.171063 (0.839x), DD=23621.09円/23.62109pt (1.711x); baseline net=60050.52, PF=1.396192, DD=13806.08円",373982.49,1.6629220276791767,32052.719999999972,36567.6,1.1710633983756846,23621.09000000001,0.01|0.02,gdda_oos_gdd26_16_20260815112531_bea7e4,2026-08-15T02:26:22+00:00
GDD26_17,sca_trade_end,SCA新規終了時刻を前倒し,NY前後の質の低い追随を除く,終了時刻input実測,"{""GoldDDSCATradeEnd"":20}",(2)軽微なコード変更,OOS_REJECT,"{""GoldDDSCATradeEnd"":20}","OOS net=37129.04 (0.618x), PF=1.172830 (0.840x), DD=23433.66円/23.43366pt (1.697x); baseline net=60050.52, PF=1.396192, DD=13806.08円",366412.99,1.6357472370396529,37432.75999999995,37129.04,1.1728303883989781,23433.660000000003,0.01|0.02,gdda_oos_gdd26_17_20260815112727_cc8d69,2026-08-15T02:28:13+00:00
GDD26_18,sca_trade_end,SCA新規終了時刻を前倒し,NY前後の質の低い追随を除く,終了時刻input実測,"{""GoldDDSCATradeEnd"":21}",(2)軽微なコード変更,OOS_REJECT,"{""GoldDDSCATradeEnd"":21}","OOS net=37129.04 (0.618x), PF=1.172830 (0.840x), DD=23433.66円/23.43366pt (1.697x); baseline net=60050.52, PF=1.396192, DD=13806.08円",366412.99,1.6357472370396529,37432.75999999995,37129.04,1.1728303883989781,23433.660000000003,0.01|0.02,gdda_oos_gdd26_18_20260815112918_4a9385,2026-08-15T02:30:04+00:00
GDD26_19,sca_trade_end,SCA新規終了時刻を前倒し,NY前後の質の低い追随を除く,終了時刻input実測,"{""GoldDDSCATradeEnd"":22}",(2)軽微なコード変更,OOS_REJECT,"{""GoldDDSCATradeEnd"":22}","OOS net=37129.04 (0.618x), PF=1.172830 (0.840x), DD=23433.66円/23.43366pt (1.697x); baseline net=60050.52, PF=1.396192, DD=13806.08円",366412.99,1.6357472370396529,37432.75999999995,37129.04,1.1728303883989781,23433.660000000003,0.01|0.02,gdda_oos_gdd26_19_20260815113110_648693,2026-08-15T02:32:00+00:00
GDD26_20,sca_trade_end,SCA新規終了時刻を前倒し,NY前後の質の低い追随を除く,終了時刻input実測,"{""GoldDDSCATradeEnd"":23}",(2)軽微なコード変更,OOS_REJECT,"{""GoldDDSCATradeEnd"":23}","OOS net=37129.04 (0.618x), PF=1.172830 (0.840x), DD=23433.66円/23.43366pt (1.697x); baseline net=60050.52, PF=1.396192, DD=13806.08円",366412.99,1.6357472370396529,37432.75999999995,37129.04,1.1728303883989781,23433.660000000003,0.01|0.02,gdda_oos_gdd26_20_20260815113306_8c27eb,2026-08-15T02:33:51+00:00
GDD27_01,sca_force_close,SCA強制決済時刻を変更,保有時間と夕刻反転リスクを制御,決済時刻input実測,"{""GoldDDSCAForceClose"":4}",(2)軽微なコード変更,OOS_REJECT,"{""GoldDDSCAForceClose"":4}","OOS net=8451.64 (0.141x), PF=1.180140 (0.845x), DD=12524.92円/12.52492pt (0.907x); baseline net=60050.52, PF=1.396192, DD=13806.08円",157458.86,2.0088237155888415,20607.370000000024,8451.640000000001,1.1801399405078066,12524.920000000027,0.01,gdda_oos_gdd27_01_20260815113457_520252,2026-08-15T02:35:42+00:00
GDD27_02,sca_force_close,SCA強制決済時刻を変更,保有時間と夕刻反転リスクを制御,決済時刻input実測,"{""GoldDDSCAForceClose"":5}",(2)軽微なコード変更,OOS_REJECT,"{""GoldDDSCAForceClose"":5}","OOS net=8451.64 (0.141x), PF=1.180140 (0.845x), DD=12524.92円/12.52492pt (0.907x); baseline net=60050.52, PF=1.396192, DD=13806.08円",157458.86,2.0088237155888415,20607.370000000024,8451.640000000001,1.1801399405078066,12524.920000000027,0.01,gdda_oos_gdd27_02_20260815113648_0d4e4c,2026-08-15T02:37:33+00:00
GDD27_03,sca_force_close,SCA強制決済時刻を変更,保有時間と夕刻反転リスクを制御,決済時刻input実測,"{""GoldDDSCAForceClose"":6}",(2)軽微なコード変更,OOS_REJECT,"{""GoldDDSCAForceClose"":6}","OOS net=8451.64 (0.141x), PF=1.180140 (0.845x), DD=12524.92円/12.52492pt (0.907x); baseline net=60050.52, PF=1.396192, DD=13806.08円",157458.86,2.0088237155888415,20607.370000000024,8451.640000000001,1.1801399405078066,12524.920000000027,0.01,gdda_oos_gdd27_03_20260815113839_6da1ec,2026-08-15T02:39:24+00:00
GDD27_04,sca_force_close,SCA強制決済時刻を変更,保有時間と夕刻反転リスクを制御,決済時刻input実測,"{""GoldDDSCAForceClose"":7}",(2)軽微なコード変更,OOS_REJECT,"{""GoldDDSCAForceClose"":7}","OOS net=8451.64 (0.141x), PF=1.180140 (0.845x), DD=12524.92円/12.52492pt (0.907x); baseline net=60050.52, PF=1.396192, DD=13806.08円",157458.86,2.0088237155888415,20607.370000000024,8451.640000000001,1.1801399405078066,12524.920000000027,0.01,gdda_oos_gdd27_04_20260815114030_0a8e1d,2026-08-15T02:41:15+00:00
GDD27_05,sca_force_close,SCA強制決済時刻を変更,保有時間と夕刻反転リスクを制御,決済時刻input実測,"{""GoldDDSCAForceClose"":8}",(2)軽微なコード変更,OOS_REJECT,"{""GoldDDSCAForceClose"":8}","OOS net=8451.64 (0.141x), PF=1.180140 (0.845x), DD=12524.92円/12.52492pt (0.907x); baseline net=60050.52, PF=1.396192, DD=13806.08円",157458.86,2.0088237155888415,20607.370000000024,8451.640000000001,1.1801399405078066,12524.920000000027,0.01,gdda_oos_gdd27_05_20260815114221_10cb4e,2026-08-15T02:43:06+00:00
GDD27_06,sca_force_close,SCA強制決済時刻を変更,保有時間と夕刻反転リスクを制御,決済時刻input実測,"{""GoldDDSCAForceClose"":9}",(2)軽微なコード変更,OOS_REJECT,"{""GoldDDSCAForceClose"":9}","OOS net=8451.64 (0.141x), PF=1.180140 (0.845x), DD=12524.92円/12.52492pt (0.907x); baseline net=60050.52, PF=1.396192, DD=13806.08円",157458.86,2.0088237155888415,20607.370000000024,8451.640000000001,1.1801399405078066,12524.920000000027,0.01,gdda_oos_gdd27_06_20260815114412_41826e,2026-08-15T02:44:57+00:00
GDD27_07,sca_force_close,SCA強制決済時刻を変更,保有時間と夕刻反転リスクを制御,決済時刻input実測,"{""GoldDDSCAForceClose"":10}",(2)軽微なコード変更,OOS_REJECT,"{""GoldDDSCAForceClose"":10}","OOS net=4016.17 (0.067x), PF=1.074340 (0.769x), DD=13838.09円/13.83809pt (1.002x); baseline net=60050.52, PF=1.396192, DD=13806.08円",156189.94,1.9301273909967276,21806.26999999999,4016.1700000000005,1.074340189333634,13838.090000000011,0.01|0.02,gdda_oos_gdd27_07_20260815114603_87d618,2026-08-15T02:46:48+00:00
GDD27_08,sca_force_close,SCA強制決済時刻を変更,保有時間と夕刻反転リスクを制御,決済時刻input実測,"{""GoldDDSCAForceClose"":11}",(2)軽微なコード変更,OOS_REJECT,"{""GoldDDSCAForceClose"":11}","OOS net=-397.68 (-0.007x), PF=0.994018 (0.712x), DD=16732.61円/16.73261pt (1.212x); baseline net=60050.52, PF=1.396192, DD=13806.08円",160314.54,1.8159937992131845,24462.109999999986,-397.6799999999996,0.9940175853025873,16732.61000000006,0.01|0.02,gdda_oos_gdd27_08_20260815114749_427b4b,2026-08-15T02:48:34+00:00
GDD27_09,sca_force_close,SCA強制決済時刻を変更,保有時間と夕刻反転リスクを制御,決済時刻input実測,"{""GoldDDSCAForceClose"":12}",(2)軽微なコード変更,IS_REJECT,"{""GoldDDSCAForceClose"":12}","IS net=148261.53 (0.448x), PF=1.646244 (0.879x), DD=27181.38円/27.18138pt (0.848x); baseline net=331176.79, PF=1.871883, DD=32052.72円",148261.53,1.6462435725559148,27181.380000000034,,,,0.01|0.02,gdda_is_gdd27_09_20260815114834_44d7ab,2026-08-15T02:49:35+00:00
GDD27_10,sca_force_close,SCA強制決済時刻を変更,保有時間と夕刻反転リスクを制御,決済時刻input実測,"{""GoldDDSCAForceClose"":13}",(2)軽微なコード変更,IS_REJECT,"{""GoldDDSCAForceClose"":13}","IS net=160828.71 (0.486x), PF=1.651727 (0.882x), DD=28458.24円/28.45824pt (0.888x); baseline net=331176.79, PF=1.871883, DD=32052.72円",160828.71,1.6517271251791321,28458.24000000005,,,,0.01|0.02,gdda_is_gdd27_10_20260815114935_157d1f,2026-08-15T02:50:35+00:00
GDD27_11,sca_force_close,SCA強制決済時刻を変更,保有時間と夕刻反転リスクを制御,決済時刻input実測,"{""GoldDDSCAForceClose"":14}",(2)軽微なコード変更,IS_REJECT,"{""GoldDDSCAForceClose"":14}","IS net=171796.85 (0.519x), PF=1.632568 (0.872x), DD=31961.86円/31.96186pt (0.997x); baseline net=331176.79, PF=1.871883, DD=32052.72円",171796.85,1.632568127879195,31961.860000000015,,,,0.01|0.02,gdda_is_gdd27_11_20260815115035_cb7ecc,2026-08-15T02:51:36+00:00
GDD27_12,sca_force_close,SCA強制決済時刻を変更,保有時間と夕刻反転リスクを制御,決済時刻input実測,"{""GoldDDSCAForceClose"":15}",(2)軽微なコード変更,IS_REJECT,"{""GoldDDSCAForceClose"":15}","IS net=207033.84 (0.625x), PF=1.721119 (0.919x), DD=36286.63円/36.28663pt (1.132x); baseline net=331176.79, PF=1.871883, DD=32052.72円",207033.84,1.721119420741083,36286.630000000034,,,,0.01|0.02,gdda_is_gdd27_12_20260815115136_77662b,2026-08-15T02:52:41+00:00
GDD27_13,sca_force_close,SCA強制決済時刻を変更,保有時間と夕刻反転リスクを制御,決済時刻input実測,"{""GoldDDSCAForceClose"":16}",(2)軽微なコード変更,IS_REJECT,"{""GoldDDSCAForceClose"":16}","IS net=229646.07 (0.693x), PF=1.724830 (0.921x), DD=32753.89円/32.75389pt (1.022x); baseline net=331176.79, PF=1.871883, DD=32052.72円",229646.06999999998,1.724829681047704,32753.890000000043,,,,0.01|0.02,gdda_is_gdd27_13_20260815115241_61a318,2026-08-15T02:53:47+00:00
GDD27_14,sca_force_close,SCA強制決済時刻を変更,保有時間と夕刻反転リスクを制御,決済時刻input実測,"{""GoldDDSCAForceClose"":17}",(2)軽微なコード変更,OOS_REJECT,"{""GoldDDSCAForceClose"":17}","OOS net=42664.08 (0.710x), PF=1.291729 (0.925x), DD=18816.00円/18.81600pt (1.363x); baseline net=60050.52, PF=1.396192, DD=13806.08円",267059.12,1.776890963811383,30768.590000000026,42664.08,1.2917290417754193,18816.0,0.01|0.02,gdda_oos_gdd27_14_20260815115452_9d7451,2026-08-15T02:55:38+00:00
GDD27_15,sca_force_close,SCA強制決済時刻を変更,保有時間と夕刻反転リスクを制御,決済時刻input実測,"{""GoldDDSCAForceClose"":18}",(2)軽微なコード変更,OOS_REJECT,"{""GoldDDSCAForceClose"":18}","OOS net=53263.08 (0.887x), PF=1.354638 (0.970x), DD=19283.01円/19.28301pt (1.397x); baseline net=60050.52, PF=1.396192, DD=13806.08円",293604.95,1.8014117219064139,29680.469999999972,53263.08,1.354638015489581,19283.00999999998,0.01|0.02,gdda_oos_gdd27_15_20260815115643_7a54fa,2026-08-15T02:57:29+00:00
GDD27_16,sca_force_close,SCA強制決済時刻を変更,保有時間と夕刻反転リスクを制御,決済時刻input実測,"{""GoldDDSCAForceClose"":19}",(2)軽微なコード変更,OOS_REJECT,"{""GoldDDSCAForceClose"":19}","OOS net=61835.86 (1.030x), PF=1.412195 (1.011x), DD=15772.80円/15.77280pt (1.142x); baseline net=60050.52, PF=1.396192, DD=13806.08円",325348.89,1.8788232215735237,32052.719999999972,61835.86,1.4121954289105925,15772.800000000061,0.01|0.02,gdda_oos_gdd27_16_20260815115834_f027a0,2026-08-15T02:59:20+00:00
GDD27_17,sca_force_close,SCA強制決済時刻を変更,保有時間と夕刻反転リスクを制御,決済時刻input実測,"{""GoldDDSCAForceClose"":20}",(2)軽微なコード変更,IS_REJECT,"{""GoldDDSCAForceClose"":20}","IS net=331176.79 (1.000x), PF=1.871883 (1.000x), DD=32052.72円/32.05272pt (1.000x); baseline net=331176.79, PF=1.871883, DD=32052.72円",331176.79,1.8718825447675405,32052.719999999972,,,,0.01|0.02,gdda_is_gdd27_17_20260815115920_f623e7,2026-08-15T03:00:25+00:00
GDD27_18,sca_force_close,SCA強制決済時刻を変更,保有時間と夕刻反転リスクを制御,決済時刻input実測,"{""GoldDDSCAForceClose"":21}",(2)軽微なコード変更,OOS_PASS,"{""GoldDDSCAForceClose"":21}","OOS net=53825.75 (0.896x), PF=1.343395 (0.962x), DD=13701.37円/13.70137pt (0.992x); baseline net=60050.52, PF=1.396192, DD=13806.08円",318306.94,1.7998248414249276,32052.719999999972,53825.75,1.343394881130247,13701.36999999998,0.01|0.02|0.05,gdda_xm5_gdd27_18_20260815120216_f77a8b,2026-08-15T03:10:37+00:00
GDD27_19,sca_force_close,SCA強制決済時刻を変更,保有時間と夕刻反転リスクを制御,決済時刻input実測,"{""GoldDDSCAForceClose"":22}",(2)軽微なコード変更,OOS_PASS,"{""GoldDDSCAForceClose"":22}","OOS net=51419.17 (0.856x), PF=1.319994 (0.945x), DD=12914.04円/12.91404pt (0.935x); baseline net=60050.52, PF=1.396192, DD=13806.08円",317978.73,1.7732951410227198,32052.719999999972,51419.17,1.3199936995944999,12914.040000000066,0.01|0.02|0.05,gdda_xm5_gdd27_19_20260815121836_351a8b,2026-08-15T03:26:57+00:00
GDD27_20,sca_force_close,SCA強制決済時刻を変更,保有時間と夕刻反転リスクを制御,決済時刻input実測,"{""GoldDDSCAForceClose"":23}",(2)軽微なコード変更,OOS_REJECT,"{""GoldDDSCAForceClose"":23}","OOS net=41495.23 (0.691x), PF=1.237135 (0.886x), DD=21922.27円/21.92227pt (1.588x); baseline net=60050.52, PF=1.396192, DD=13806.08円",336764.6,1.769424112105362,32052.719999999972,41495.23,1.2371346114205615,21922.270000000062,0.01|0.02,gdda_oos_gdd27_20_20260815123325_edbe3b,2026-08-15T03:34:11+00:00
GDD28_01,sca_range_start,SCAレンジ開始時刻を変更,薄商いノイズの混入を調整,開始時刻input実測,"{""GoldLabSCARangeStart"":0}",(2)軽微なコード変更,UNVERIFIED_EA_INPUT,"{""GoldLabSCARangeStart"":0}",family has no verified SIMVERIFY activation: sca_range_start,,,,,,,,gdda_is_gdd28_01_20260815123411_371adf,2026-08-15T03:34:11+00:00
GDD28_02,sca_range_start,SCAレンジ開始時刻を変更,薄商いノイズの混入を調整,開始時刻input実測,"{""GoldLabSCARangeStart"":1}",(2)軽微なコード変更,UNVERIFIED_EA_INPUT,"{""GoldLabSCARangeStart"":1}",family has no verified SIMVERIFY activation: sca_range_start,,,,,,,,gdda_is_gdd28_02_20260815123411_6deff0,2026-08-15T03:34:11+00:00
GDD28_03,sca_range_start,SCAレンジ開始時刻を変更,薄商いノイズの混入を調整,開始時刻input実測,"{""GoldLabSCARangeStart"":2}",(2)軽微なコード変更,UNVERIFIED_EA_INPUT,"{""GoldLabSCARangeStart"":2}",family has no verified SIMVERIFY activation: sca_range_start,,,,,,,,gdda_is_gdd28_03_20260815123411_bed711,2026-08-15T03:34:11+00:00
GDD28_04,sca_range_start,SCAレンジ開始時刻を変更,薄商いノイズの混入を調整,開始時刻input実測,"{""GoldLabSCARangeStart"":3}",(2)軽微なコード変更,UNVERIFIED_EA_INPUT,"{""GoldLabSCARangeStart"":3}",family has no verified SIMVERIFY activation: sca_range_start,,,,,,,,gdda_is_gdd28_04_20260815123411_f0444c,2026-08-15T03:34:11+00:00
GDD28_05,sca_range_start,SCAレンジ開始時刻を変更,薄商いノイズの混入を調整,開始時刻input実測,"{""GoldLabSCARangeStart"":4}",(2)軽微なコード変更,UNVERIFIED_EA_INPUT,"{""GoldLabSCARangeStart"":4}",family has no verified SIMVERIFY activation: sca_range_start,,,,,,,,gdda_is_gdd28_05_20260815123411_9b62fd,2026-08-15T03:34:11+00:00
GDD28_06,sca_range_start,SCAレンジ開始時刻を変更,薄商いノイズの混入を調整,開始時刻input実測,"{""GoldLabSCARangeStart"":5}",(2)軽微なコード変更,UNVERIFIED_EA_INPUT,"{""GoldLabSCARangeStart"":5}",family has no verified SIMVERIFY activation: sca_range_start,,,,,,,,gdda_is_gdd28_06_20260815123411_c7e117,2026-08-15T03:34:11+00:00
GDD28_07,sca_range_start,SCAレンジ開始時刻を変更,薄商いノイズの混入を調整,開始時刻input実測,"{""GoldLabSCARangeStart"":6}",(2)軽微なコード変更,UNVERIFIED_EA_INPUT,"{""GoldLabSCARangeStart"":6}",family has no verified SIMVERIFY activation: sca_range_start,,,,,,,,gdda_is_gdd28_07_20260815123411_701a4c,2026-08-15T03:34:11+00:00
GDD28_08,sca_range_start,SCAレンジ開始時刻を変更,薄商いノイズの混入を調整,開始時刻input実測,"{""GoldLabSCARangeStart"":7}",(2)軽微なコード変更,UNVERIFIED_EA_INPUT,"{""GoldLabSCARangeStart"":7}",family has no verified SIMVERIFY activation: sca_range_start,,,,,,,,gdda_is_gdd28_08_20260815123411_93fc12,2026-08-15T03:34:11+00:00
GDD28_09,sca_range_start,SCAレンジ開始時刻を変更,薄商いノイズの混入を調整,開始時刻input実測,"{""GoldLabSCARangeStart"":8}",(2)軽微なコード変更,UNVERIFIED_EA_INPUT,"{""GoldLabSCARangeStart"":8}",family has no verified SIMVERIFY activation: sca_range_start,,,,,,,,gdda_is_gdd28_09_20260815123411_bd2837,2026-08-15T03:34:11+00:00
GDD28_10,sca_range_start,SCAレンジ開始時刻を変更,薄商いノイズの混入を調整,開始時刻input実測,"{""GoldLabSCARangeStart"":9}",(2)軽微なコード変更,UNVERIFIED_EA_INPUT,"{""GoldLabSCARangeStart"":9}",family has no verified SIMVERIFY activation: sca_range_start,,,,,,,,gdda_is_gdd28_10_20260815123411_91680a,2026-08-15T03:34:11+00:00
GDD28_11,sca_range_start,SCAレンジ開始時刻を変更,薄商いノイズの混入を調整,開始時刻input実測,"{""GoldLabSCARangeStart"":10}",(2)軽微なコード変更,UNVERIFIED_EA_INPUT,"{""GoldLabSCARangeStart"":10}",family has no verified SIMVERIFY activation: sca_range_start,,,,,,,,gdda_is_gdd28_11_20260815123411_02f402,2026-08-15T03:34:11+00:00
GDD28_12,sca_range_start,SCAレンジ開始時刻を変更,薄商いノイズの混入を調整,開始時刻input実測,"{""GoldLabSCARangeStart"":11}",(2)軽微なコード変更,UNVERIFIED_EA_INPUT,"{""GoldLabSCARangeStart"":11}",family has no verified SIMVERIFY activation: sca_range_start,,,,,,,,gdda_is_gdd28_12_20260815123411_f35d70,2026-08-15T03:34:11+00:00
GDD28_13,sca_range_start,SCAレンジ開始時刻を変更,薄商いノイズの混入を調整,開始時刻input実測,"{""GoldLabSCARangeStart"":12}",(2)軽微なコード変更,UNVERIFIED_EA_INPUT,"{""GoldLabSCARangeStart"":12}",family has no verified SIMVERIFY activation: sca_range_start,,,,,,,,gdda_is_gdd28_13_20260815123411_721206,2026-08-15T03:34:11+00:00
GDD28_14,sca_range_start,SCAレンジ開始時刻を変更,薄商いノイズの混入を調整,開始時刻input実測,"{""GoldLabSCARangeStart"":13}",(2)軽微なコード変更,UNVERIFIED_EA_INPUT,"{""GoldLabSCARangeStart"":13}",family has no verified SIMVERIFY activation: sca_range_start,,,,,,,,gdda_is_gdd28_14_20260815123411_2d15aa,2026-08-15T03:34:11+00:00
GDD28_15,sca_range_start,SCAレンジ開始時刻を変更,薄商いノイズの混入を調整,開始時刻input実測,"{""GoldLabSCARangeStart"":14}",(2)軽微なコード変更,UNVERIFIED_EA_INPUT,"{""GoldLabSCARangeStart"":14}",family has no verified SIMVERIFY activation: sca_range_start,,,,,,,,gdda_is_gdd28_15_20260815123411_496358,2026-08-15T03:34:11+00:00
GDD28_16,sca_range_start,SCAレンジ開始時刻を変更,薄商いノイズの混入を調整,開始時刻input実測,"{""GoldLabSCARangeStart"":15}",(2)軽微なコード変更,UNVERIFIED_EA_INPUT,"{""GoldLabSCARangeStart"":15}",family has no verified SIMVERIFY activation: sca_range_start,,,,,,,,gdda_is_gdd28_16_20260815123411_2375c9,2026-08-15T03:34:11+00:00
GDD28_17,sca_range_start,SCAレンジ開始時刻を変更,薄商いノイズの混入を調整,開始時刻input実測,"{""GoldLabSCARangeStart"":16}",(2)軽微なコード変更,UNVERIFIED_EA_INPUT,"{""GoldLabSCARangeStart"":16}",family has no verified SIMVERIFY activation: sca_range_start,,,,,,,,gdda_is_gdd28_17_20260815123411_2f7e00,2026-08-15T03:34:11+00:00
GDD28_18,sca_range_start,SCAレンジ開始時刻を変更,薄商いノイズの混入を調整,開始時刻input実測,"{""GoldLabSCARangeStart"":17}",(2)軽微なコード変更,UNVERIFIED_EA_INPUT,"{""GoldLabSCARangeStart"":17}",family has no verified SIMVERIFY activation: sca_range_start,,,,,,,,gdda_is_gdd28_18_20260815123411_3dd4a7,2026-08-15T03:34:11+00:00
GDD28_19,sca_range_start,SCAレンジ開始時刻を変更,薄商いノイズの混入を調整,開始時刻input実測,"{""GoldLabSCARangeStart"":18}",(2)軽微なコード変更,UNVERIFIED_EA_INPUT,"{""GoldLabSCARangeStart"":18}",family has no verified SIMVERIFY activation: sca_range_start,,,,,,,,gdda_is_gdd28_19_20260815123411_31580e,2026-08-15T03:34:11+00:00
GDD28_20,sca_range_start,SCAレンジ開始時刻を変更,薄商いノイズの混入を調整,開始時刻input実測,"{""GoldLabSCARangeStart"":19}",(2)軽微なコード変更,UNVERIFIED_EA_INPUT,"{""GoldLabSCARangeStart"":19}",family has no verified SIMVERIFY activation: sca_range_start,,,,,,,,gdda_is_gdd28_20_20260815123411_ae450c,2026-08-15T03:34:11+00:00
GDD29_01,sca_range_end,SCAレンジ終了時刻を変更,欧州前レンジ定義を調整,終了時刻input実測,"{""GoldLabSCARangeEnd"":4}",(2)軽微なコード変更,UNVERIFIED_EA_INPUT,"{""GoldLabSCARangeEnd"":4}",family has no verified SIMVERIFY activation: sca_range_end,,,,,,,,gdda_is_gdd29_01_20260815123411_46ed5b,2026-08-15T03:34:11+00:00
GDD29_02,sca_range_end,SCAレンジ終了時刻を変更,欧州前レンジ定義を調整,終了時刻input実測,"{""GoldLabSCARangeEnd"":5}",(2)軽微なコード変更,UNVERIFIED_EA_INPUT,"{""GoldLabSCARangeEnd"":5}",family has no verified SIMVERIFY activation: sca_range_end,,,,,,,,gdda_is_gdd29_02_20260815123411_04f299,2026-08-15T03:34:11+00:00
GDD29_03,sca_range_end,SCAレンジ終了時刻を変更,欧州前レンジ定義を調整,終了時刻input実測,"{""GoldLabSCARangeEnd"":6}",(2)軽微なコード変更,UNVERIFIED_EA_INPUT,"{""GoldLabSCARangeEnd"":6}",family has no verified SIMVERIFY activation: sca_range_end,,,,,,,,gdda_is_gdd29_03_20260815123411_d32d10,2026-08-15T03:34:11+00:00
GDD29_04,sca_range_end,SCAレンジ終了時刻を変更,欧州前レンジ定義を調整,終了時刻input実測,"{""GoldLabSCARangeEnd"":7}",(2)軽微なコード変更,UNVERIFIED_EA_INPUT,"{""GoldLabSCARangeEnd"":7}",family has no verified SIMVERIFY activation: sca_range_end,,,,,,,,gdda_is_gdd29_04_20260815123411_2d2c45,2026-08-15T03:34:11+00:00
GDD29_05,sca_range_end,SCAレンジ終了時刻を変更,欧州前レンジ定義を調整,終了時刻input実測,"{""GoldLabSCARangeEnd"":8}",(2)軽微なコード変更,UNVERIFIED_EA_INPUT,"{""GoldLabSCARangeEnd"":8}",family has no verified SIMVERIFY activation: sca_range_end,,,,,,,,gdda_is_gdd29_05_20260815123411_8d079b,2026-08-15T03:34:11+00:00
GDD29_06,sca_range_end,SCAレンジ終了時刻を変更,欧州前レンジ定義を調整,終了時刻input実測,"{""GoldLabSCARangeEnd"":9}",(2)軽微なコード変更,UNVERIFIED_EA_INPUT,"{""GoldLabSCARangeEnd"":9}",family has no verified SIMVERIFY activation: sca_range_end,,,,,,,,gdda_is_gdd29_06_20260815123411_865c3e,2026-08-15T03:34:11+00:00
GDD29_07,sca_range_end,SCAレンジ終了時刻を変更,欧州前レンジ定義を調整,終了時刻input実測,"{""GoldLabSCARangeEnd"":10}",(2)軽微なコード変更,UNVERIFIED_EA_INPUT,"{""GoldLabSCARangeEnd"":10}",family has no verified SIMVERIFY activation: sca_range_end,,,,,,,,gdda_is_gdd29_07_20260815123411_ddc9b0,2026-08-15T03:34:11+00:00
GDD29_08,sca_range_end,SCAレンジ終了時刻を変更,欧州前レンジ定義を調整,終了時刻input実測,"{""GoldLabSCARangeEnd"":11}",(2)軽微なコード変更,UNVERIFIED_EA_INPUT,"{""GoldLabSCARangeEnd"":11}",family has no verified SIMVERIFY activation: sca_range_end,,,,,,,,gdda_is_gdd29_08_20260815123411_683702,2026-08-15T03:34:11+00:00
GDD29_09,sca_range_end,SCAレンジ終了時刻を変更,欧州前レンジ定義を調整,終了時刻input実測,"{""GoldLabSCARangeEnd"":12}",(2)軽微なコード変更,UNVERIFIED_EA_INPUT,"{""GoldLabSCARangeEnd"":12}",family has no verified SIMVERIFY activation: sca_range_end,,,,,,,,gdda_is_gdd29_09_20260815123411_5fdb71,2026-08-15T03:34:11+00:00
GDD29_10,sca_range_end,SCAレンジ終了時刻を変更,欧州前レンジ定義を調整,終了時刻input実測,"{""GoldLabSCARangeEnd"":13}",(2)軽微なコード変更,UNVERIFIED_EA_INPUT,"{""GoldLabSCARangeEnd"":13}",family has no verified SIMVERIFY activation: sca_range_end,,,,,,,,gdda_is_gdd29_10_20260815123411_053261,2026-08-15T03:34:11+00:00
GDD29_11,sca_range_end,SCAレンジ終了時刻を変更,欧州前レンジ定義を調整,終了時刻input実測,"{""GoldLabSCARangeEnd"":14}",(2)軽微なコード変更,UNVERIFIED_EA_INPUT,"{""GoldLabSCARangeEnd"":14}",family has no verified SIMVERIFY activation: sca_range_end,,,,,,,,gdda_is_gdd29_11_20260815123411_8937d6,2026-08-15T03:34:11+00:00
GDD29_12,sca_range_end,SCAレンジ終了時刻を変更,欧州前レンジ定義を調整,終了時刻input実測,"{""GoldLabSCARangeEnd"":15}",(2)軽微なコード変更,UNVERIFIED_EA_INPUT,"{""GoldLabSCARangeEnd"":15}",family has no verified SIMVERIFY activation: sca_range_end,,,,,,,,gdda_is_gdd29_12_20260815123411_e4499e,2026-08-15T03:34:11+00:00
GDD29_13,sca_range_end,SCAレンジ終了時刻を変更,欧州前レンジ定義を調整,終了時刻input実測,"{""GoldLabSCARangeEnd"":16}",(2)軽微なコード変更,UNVERIFIED_EA_INPUT,"{""GoldLabSCARangeEnd"":16}",family has no verified SIMVERIFY activation: sca_range_end,,,,,,,,gdda_is_gdd29_13_20260815123411_ab989d,2026-08-15T03:34:11+00:00
GDD29_14,sca_range_end,SCAレンジ終了時刻を変更,欧州前レンジ定義を調整,終了時刻input実測,"{""GoldLabSCARangeEnd"":17}",(2)軽微なコード変更,UNVERIFIED_EA_INPUT,"{""GoldLabSCARangeEnd"":17}",family has no verified SIMVERIFY activation: sca_range_end,,,,,,,,gdda_is_gdd29_14_20260815123411_f0a45a,2026-08-15T03:34:11+00:00
GDD29_15,sca_range_end,SCAレンジ終了時刻を変更,欧州前レンジ定義を調整,終了時刻input実測,"{""GoldLabSCARangeEnd"":18}",(2)軽微なコード変更,UNVERIFIED_EA_INPUT,"{""GoldLabSCARangeEnd"":18}",family has no verified SIMVERIFY activation: sca_range_end,,,,,,,,gdda_is_gdd29_15_20260815123411_21532d,2026-08-15T03:34:11+00:00
GDD29_16,sca_range_end,SCAレンジ終了時刻を変更,欧州前レンジ定義を調整,終了時刻input実測,"{""GoldLabSCARangeEnd"":19}",(2)軽微なコード変更,UNVERIFIED_EA_INPUT,"{""GoldLabSCARangeEnd"":19}",family has no verified SIMVERIFY activation: sca_range_end,,,,,,,,gdda_is_gdd29_16_20260815123411_72a248,2026-08-15T03:34:11+00:00
GDD29_17,sca_range_end,SCAレンジ終了時刻を変更,欧州前レンジ定義を調整,終了時刻input実測,"{""GoldLabSCARangeEnd"":20}",(2)軽微なコード変更,UNVERIFIED_EA_INPUT,"{""GoldLabSCARangeEnd"":20}",family has no verified SIMVERIFY activation: sca_range_end,,,,,,,,gdda_is_gdd29_17_20260815123411_dd2a88,2026-08-15T03:34:11+00:00
GDD29_18,sca_range_end,SCAレンジ終了時刻を変更,欧州前レンジ定義を調整,終了時刻input実測,"{""GoldLabSCARangeEnd"":21}",(2)軽微なコード変更,UNVERIFIED_EA_INPUT,"{""GoldLabSCARangeEnd"":21}",family has no verified SIMVERIFY activation: sca_range_end,,,,,,,,gdda_is_gdd29_18_20260815123411_f0dd2f,2026-08-15T03:34:11+00:00
GDD29_19,sca_range_end,SCAレンジ終了時刻を変更,欧州前レンジ定義を調整,終了時刻input実測,"{""GoldLabSCARangeEnd"":22}",(2)軽微なコード変更,UNVERIFIED_EA_INPUT,"{""GoldLabSCARangeEnd"":22}",family has no verified SIMVERIFY activation: sca_range_end,,,,,,,,gdda_is_gdd29_19_20260815123411_83d1d8,2026-08-15T03:34:11+00:00
GDD29_20,sca_range_end,SCAレンジ終了時刻を変更,欧州前レンジ定義を調整,終了時刻input実測,"{""GoldLabSCARangeEnd"":23}",(2)軽微なコード変更,UNVERIFIED_EA_INPUT,"{""GoldLabSCARangeEnd"":23}",family has no verified SIMVERIFY activation: sca_range_end,,,,,,,,gdda_is_gdd29_20_20260815123411_8a7581,2026-08-15T03:34:11+00:00
GDD30_01,sca_weekday,SCA曜日を選択,曜日別損失集中を事前ゲート化,曜日maskをEA内判定,"{""GoldDDSCAWeekMask"":62}",(2)軽微なコード変更,IS_REJECT,"{""GoldDDSCAWeekMask"":62}","IS net=331176.79 (1.000x), PF=1.871883 (1.000x), DD=32052.72円/32.05272pt (1.000x); baseline net=331176.79, PF=1.871883, DD=32052.72円",331176.79,1.8718825447675405,32052.719999999972,,,,0.01|0.02,gdda_is_gdd30_01_20260815123411_0a2e1e,2026-08-15T03:35:17+00:00
GDD30_02,sca_weekday,SCA曜日を選択,曜日別損失集中を事前ゲート化,曜日maskをEA内判定,"{""GoldDDSCAWeekMask"":61}",(2)軽微なコード変更,OOS_REJECT,"{""GoldDDSCAWeekMask"":61}","OOS net=34169.52 (0.569x), PF=1.262953 (0.905x), DD=18218.81円/18.21881pt (1.320x); baseline net=60050.52, PF=1.396192, DD=13806.08円",295482.81,1.9327557024677762,26173.800000000017,34169.520000000004,1.2629532255279223,18218.810000000027,0.01|0.02,gdda_oos_gdd30_02_20260815123622_68f2f5,2026-08-15T03:37:08+00:00
GDD30_03,sca_weekday,SCA曜日を選択,曜日別損失集中を事前ゲート化,曜日maskをEA内判定,"{""GoldDDSCAWeekMask"":59}",(2)軽微なコード変更,OOS_REJECT,"{""GoldDDSCAWeekMask"":59}","OOS net=43023.77 (0.716x), PF=1.343361 (0.962x), DD=17588.93円/17.58893pt (1.274x); baseline net=60050.52, PF=1.396192, DD=13806.08円",268585.14,1.8313799724094106,32052.719999999972,43023.770000000004,1.3433608748151467,17588.930000000022,0.01|0.02,gdda_oos_gdd30_03_20260815123813_d75959,2026-08-15T03:38:59+00:00
GDD30_04,sca_weekday,SCA曜日を選択,曜日別損失集中を事前ゲート化,曜日maskをEA内判定,"{""GoldDDSCAWeekMask"":55}",(2)軽微なコード変更,OOS_PASS,"{""GoldDDSCAWeekMask"":55}","OOS net=74833.35 (1.246x), PF=1.632655 (1.169x), DD=11612.23円/11.61223pt (0.841x); baseline net=60050.52, PF=1.396192, DD=13806.08円",307287.39999999997,1.901187340276837,32052.719999999972,74833.35,1.6326549470252347,11612.229999999981,0.01|0.02|0.05,gdda_xm5_gdd30_04_20260815124050_dcb19c,2026-08-15T03:49:10+00:00
GDD30_05,sca_weekday,SCA曜日を選択,曜日別損失集中を事前ゲート化,曜日maskをEA内判定,"{""GoldDDSCAWeekMask"":47}",(2)軽微なコード変更,OOS_REJECT,"{""GoldDDSCAWeekMask"":47}","OOS net=36576.56 (0.609x), PF=1.285548 (0.921x), DD=18501.39円/18.50139pt (1.340x); baseline net=60050.52, PF=1.396192, DD=13806.08円",279633.88,1.8883470078039581,32052.719999999972,36576.560000000005,1.2855475537991194,18501.39000000003,0.01|0.02,gdda_oos_gdd30_05_20260815125016_292eff,2026-08-15T03:51:01+00:00
GDD30_06,sca_weekday,SCA曜日を選択,曜日別損失集中を事前ゲート化,曜日maskをEA内判定,"{""GoldDDSCAWeekMask"":60}",(2)軽微なコード変更,OOS_REJECT,"{""GoldDDSCAWeekMask"":60}","OOS net=34169.52 (0.569x), PF=1.262953 (0.905x), DD=18218.81円/18.21881pt (1.320x); baseline net=60050.52, PF=1.396192, DD=13806.08円",295482.81,1.9327557024677762,26173.800000000017,34169.520000000004,1.2629532255279223,18218.810000000027,0.01|0.02,gdda_oos_gdd30_06_20260815125207_60260f,2026-08-15T03:52:52+00:00
GDD30_07,sca_weekday,SCA曜日を選択,曜日別損失集中を事前ゲート化,曜日maskをEA内判定,"{""GoldDDSCAWeekMask"":58}",(2)軽微なコード変更,OOS_REJECT,"{""GoldDDSCAWeekMask"":58}","OOS net=43023.77 (0.716x), PF=1.343361 (0.962x), DD=17588.93円/17.58893pt (1.274x); baseline net=60050.52, PF=1.396192, DD=13806.08円",268585.14,1.8313799724094106,32052.719999999972,43023.770000000004,1.3433608748151467,17588.930000000022,0.01|0.02,gdda_oos_gdd30_07_20260815125357_95fdb9,2026-08-15T03:54:43+00:00
GDD30_08,sca_weekday,SCA曜日を選択,曜日別損失集中を事前ゲート化,曜日maskをEA内判定,"{""GoldDDSCAWeekMask"":54}",(2)軽微なコード変更,OOS_PASS,"{""GoldDDSCAWeekMask"":54}","OOS net=74833.35 (1.246x), PF=1.632655 (1.169x), DD=11612.23円/11.61223pt (0.841x); baseline net=60050.52, PF=1.396192, DD=13806.08円",307287.39999999997,1.901187340276837,32052.719999999972,74833.35,1.6326549470252347,11612.229999999981,0.01|0.02|0.05,gdda_xm5_gdd30_08_20260815125634_680fe8,2026-08-15T04:05:09+00:00
GDD30_09,sca_weekday,SCA曜日を選択,曜日別損失集中を事前ゲート化,曜日maskをEA内判定,"{""GoldDDSCAWeekMask"":46}",(2)軽微なコード変更,OOS_REJECT,"{""GoldDDSCAWeekMask"":46}","OOS net=36576.56 (0.609x), PF=1.285548 (0.921x), DD=18501.39円/18.50139pt (1.340x); baseline net=60050.52, PF=1.396192, DD=13806.08円",279633.88,1.8883470078039581,32052.719999999972,36576.560000000005,1.2855475537991194,18501.39000000003,0.01|0.02,gdda_oos_gdd30_09_20260815131138_5d2023,2026-08-15T04:12:24+00:00
GDD30_10,sca_weekday,SCA曜日を選択,曜日別損失集中を事前ゲート化,曜日maskをEA内判定,"{""GoldDDSCAWeekMask"":57}",(2)軽微なコード変更,IS_REJECT,"{""GoldDDSCAWeekMask"":57}","IS net=232891.16 (0.703x), PF=1.895724 (1.013x), DD=28555.83円/28.55583pt (0.891x); baseline net=331176.79, PF=1.871883, DD=32052.72円",232891.16,1.8957243787238731,28555.829999999987,,,,0.01|0.02,gdda_is_gdd30_10_20260815131224_9d70f9,2026-08-15T04:13:29+00:00
GDD30_11,sca_weekday,SCA曜日を選択,曜日別損失集中を事前ゲート化,曜日maskをEA内判定,"{""GoldDDSCAWeekMask"":53}",(2)軽微なコード変更,OOS_PASS,"{""GoldDDSCAWeekMask"":53}","OOS net=48952.35 (0.815x), PF=1.506435 (1.079x), DD=11322.81円/11.32281pt (0.820x); baseline net=60050.52, PF=1.396192, DD=13806.08円",271593.42,1.9772207772245336,21133.83000000003,48952.35,1.5064347227669395,11322.809999999983,0.01|0.02|0.05,gdda_xm5_gdd30_11_20260815131520_90e683,2026-08-15T04:23:41+00:00
GDD30_12,sca_weekday,SCA曜日を選択,曜日別損失集中を事前ゲート化,曜日maskをEA内判定,"{""GoldDDSCAWeekMask"":45}",(2)軽微なコード変更,OOS_REJECT,"{""GoldDDSCAWeekMask"":45}","OOS net=10695.56 (0.178x), PF=1.100457 (0.788x), DD=26149.70円/26.14970pt (1.894x); baseline net=60050.52, PF=1.396192, DD=13806.08円",243939.9,1.9690778855056692,19072.380000000005,10695.560000000001,1.1004572042782104,26149.70000000004,0.01|0.02,gdda_oos_gdd30_12_20260815132446_d3f543,2026-08-15T04:25:32+00:00
GDD30_13,sca_weekday,SCA曜日を選択,曜日別損失集中を事前ゲート化,曜日maskをEA内判定,"{""GoldDDSCAWeekMask"":51}",(2)軽微なコード変更,IS_REJECT,"{""GoldDDSCAWeekMask"":51}","IS net=244695.75 (0.739x), PF=1.861002 (0.994x), DD=32052.72円/32.05272pt (1.000x); baseline net=331176.79, PF=1.871883, DD=32052.72円",244695.75,1.8610015370569426,32052.719999999972,,,,0.01|0.02,gdda_is_gdd30_13_20260815132532_ffdf5d,2026-08-15T04:26:37+00:00
GDD30_14,sca_weekday,SCA曜日を選択,曜日別損失集中を事前ゲート化,曜日maskをEA内判定,"{""GoldDDSCAWeekMask"":43}",(2)軽微なコード変更,IS_REJECT,"{""GoldDDSCAWeekMask"":43}","IS net=217042.23 (0.655x), PF=1.841254 (0.984x), DD=32218.78円/32.21878pt (1.005x); baseline net=331176.79, PF=1.871883, DD=32052.72円",217042.22999999998,1.8412542357824107,32218.77999999997,,,,0.01|0.02,gdda_is_gdd30_14_20260815132637_81e573,2026-08-15T04:27:43+00:00
GDD30_15,sca_weekday,SCA曜日を選択,曜日別損失集中を事前ゲート化,曜日maskをEA内判定,"{""GoldDDSCAWeekMask"":39}",(2)軽微なコード変更,OOS_PASS,"{""GoldDDSCAWeekMask"":39}","OOS net=51359.39 (0.855x), PF=1.541719 (1.104x), DD=11325.46円/11.32546pt (0.820x); baseline net=60050.52, PF=1.396192, DD=13806.08円",255744.49,1.926880643288959,32052.719999999972,51359.39,1.5417188597610756,11325.460000000006,0.01|0.02|0.05,gdda_xm5_gdd30_15_20260815132934_ba766a,2026-08-15T04:38:34+00:00
GDD30_16,sca_weekday,SCA曜日を選択,曜日別損失集中を事前ゲート化,曜日maskをEA内判定,"{""GoldDDSCAWeekMask"":30}",(2)軽微なコード変更,IS_REJECT,"{""GoldDDSCAWeekMask"":30}","IS net=331176.79 (1.000x), PF=1.871883 (1.000x), DD=32052.72円/32.05272pt (1.000x); baseline net=331176.79, PF=1.871883, DD=32052.72円",331176.79,1.8718825447675405,32052.719999999972,,,,0.01|0.02,gdda_is_gdd30_16_20260815133834_82ffea,2026-08-15T04:45:07+00:00
GDD30_17,sca_weekday,SCA曜日を選択,曜日別損失集中を事前ゲート化,曜日maskをEA内判定,"{""GoldDDSCAWeekMask"":29}",(2)軽微なコード変更,OOS_REJECT,"{""GoldDDSCAWeekMask"":29}","OOS net=34169.52 (0.569x), PF=1.262953 (0.905x), DD=18218.81円/18.21881pt (1.320x); baseline net=60050.52, PF=1.396192, DD=13806.08円",295482.81,1.9327557024677762,26173.800000000017,34169.520000000004,1.2629532255279223,18218.810000000027,0.01|0.02,gdda_oos_gdd30_17_20260815134613_63e9e4,2026-08-15T04:46:58+00:00
GDD30_18,sca_weekday,SCA曜日を選択,曜日別損失集中を事前ゲート化,曜日maskをEA内判定,"{""GoldDDSCAWeekMask"":27}",(2)軽微なコード変更,OOS_REJECT,"{""GoldDDSCAWeekMask"":27}","OOS net=43023.77 (0.716x), PF=1.343361 (0.962x), DD=17588.93円/17.58893pt (1.274x); baseline net=60050.52, PF=1.396192, DD=13806.08円",268585.14,1.8313799724094106,32052.719999999972,43023.770000000004,1.3433608748151467,17588.930000000022,0.01|0.02,gdda_oos_gdd30_18_20260815134804_4b33f5,2026-08-15T04:48:49+00:00
GDD30_19,sca_weekday,SCA曜日を選択,曜日別損失集中を事前ゲート化,曜日maskをEA内判定,"{""GoldDDSCAWeekMask"":23}",(2)軽微なコード変更,OOS_PASS,"{""GoldDDSCAWeekMask"":23}","OOS net=74833.35 (1.246x), PF=1.632655 (1.169x), DD=11612.23円/11.61223pt (0.841x); baseline net=60050.52, PF=1.396192, DD=13806.08円",307287.39999999997,1.901187340276837,32052.719999999972,74833.35,1.6326549470252347,11612.229999999981,0.01|0.02|0.05,gdda_xm5_gdd30_19_20260815135040_c08a9a,2026-08-15T04:58:20+00:00
GDD30_20,sca_weekday,SCA曜日を選択,曜日別損失集中を事前ゲート化,曜日maskをEA内判定,"{""GoldDDSCAWeekMask"":15}",(2)軽微なコード変更,OOS_REJECT,"{""GoldDDSCAWeekMask"":15}","OOS net=36576.56 (0.609x), PF=1.285548 (0.921x), DD=18501.39円/18.50139pt (1.340x); baseline net=60050.52, PF=1.396192, DD=13806.08円",279633.88,1.8883470078039581,32052.719999999972,36576.560000000005,1.2855475537991194,18501.39000000003,0.01|0.02,gdda_oos_gdd30_20_20260815140448_93e896,2026-08-15T05:05:33+00:00
GDD31_01,pb_weekday,PB曜日を選択,週内の流動性・イベント差を利用,曜日maskをEA内判定,"{""GoldDDPBWeekMask"":62}",(2)軽微なコード変更,IS_REJECT,"{""GoldDDPBWeekMask"":62}","IS net=331176.79 (1.000x), PF=1.871883 (1.000x), DD=32052.72円/32.05272pt (1.000x); baseline net=331176.79, PF=1.871883, DD=32052.72円",331176.79,1.8718825447675405,32052.719999999972,,,,0.01|0.02,gdda_is_gdd31_01_20260815140533_65e769,2026-08-15T05:06:39+00:00
GDD31_02,pb_weekday,PB曜日を選択,週内の流動性・イベント差を利用,曜日maskをEA内判定,"{""GoldDDPBWeekMask"":61}",(2)軽微なコード変更,OOS_PASS,"{""GoldDDPBWeekMask"":61}","OOS net=56899.03 (0.948x), PF=1.382802 (0.990x), DD=12380.96円/12.38096pt (0.897x); baseline net=60050.52, PF=1.396192, DD=13806.08円",355812.33,2.0611411440894143,21922.610000000015,56899.03,1.3828022002419298,12380.960000000006,0.01|0.02|0.05,gdda_xm5_gdd31_02_20260815140830_13eaeb,2026-08-15T05:16:00+00:00
GDD31_03,pb_weekday,PB曜日を選択,週内の流動性・イベント差を利用,曜日maskをEA内判定,"{""GoldDDPBWeekMask"":59}",(2)軽微なコード変更,OOS_PASS,"{""GoldDDPBWeekMask"":59}","OOS net=55841.68 (0.930x), PF=1.370649 (0.982x), DD=11185.80円/11.18580pt (0.810x); baseline net=60050.52, PF=1.396192, DD=13806.08円",288424.64999999997,1.768719853678526,32052.719999999972,55841.68,1.370648545082291,11185.800000000032,0.01|0.02|0.05,gdda_xm5_gdd31_03_20260815142313_b0947c,2026-08-15T05:30:44+00:00
GDD31_04,pb_weekday,PB曜日を選択,週内の流動性・イベント差を利用,曜日maskをEA内判定,"{""GoldDDPBWeekMask"":55}",(2)軽微なコード変更,OOS_REJECT,"{""GoldDDPBWeekMask"":55}","OOS net=46624.18 (0.776x), PF=1.310215 (0.938x), DD=15593.20円/15.59320pt (1.129x); baseline net=60050.52, PF=1.396192, DD=13806.08円",335915.95,2.003826732133741,19566.110000000015,46624.18,1.3102151091021608,15593.200000000012,0.01|0.02,gdda_oos_gdd31_04_20260815143711_93b4d6,2026-08-15T05:37:57+00:00
GDD31_05,pb_weekday,PB曜日を選択,週内の流動性・イベント差を利用,曜日maskをEA内判定,"{""GoldDDPBWeekMask"":47}",(2)軽微なコード変更,OOS_REJECT,"{""GoldDDPBWeekMask"":47}","OOS net=61756.82 (1.028x), PF=1.417013 (1.015x), DD=14020.76円/14.02076pt (1.016x); baseline net=60050.52, PF=1.396192, DD=13806.08円",322094.18,1.8906354310577793,32243.980000000025,61756.82,1.4170128391332684,14020.759999999995,0.01|0.02,gdda_oos_gdd31_05_20260815143902_0598f8,2026-08-15T05:39:48+00:00
GDD31_06,pb_weekday,PB曜日を選択,週内の流動性・イベント差を利用,曜日maskをEA内判定,"{""GoldDDPBWeekMask"":60}",(2)軽微なコード変更,OOS_PASS,"{""GoldDDPBWeekMask"":60}","OOS net=56899.03 (0.948x), PF=1.382802 (0.990x), DD=12380.96円/12.38096pt (0.897x); baseline net=60050.52, PF=1.396192, DD=13806.08円",355812.33,2.0611411440894143,21922.610000000015,56899.03,1.3828022002419298,12380.960000000006,0.01|0.02|0.05,gdda_xm5_gdd31_06_20260815144139_7c42bc,2026-08-15T05:49:09+00:00
GDD31_07,pb_weekday,PB曜日を選択,週内の流動性・イベント差を利用,曜日maskをEA内判定,"{""GoldDDPBWeekMask"":58}",(2)軽微なコード変更,OOS_PASS,"{""GoldDDPBWeekMask"":58}","OOS net=55841.68 (0.930x), PF=1.370649 (0.982x), DD=11185.80円/11.18580pt (0.810x); baseline net=60050.52, PF=1.396192, DD=13806.08円",288424.64999999997,1.768719853678526,32052.719999999972,55841.68,1.370648545082291,11185.800000000032,0.01|0.02|0.05,gdda_xm5_gdd31_07_20260815145100_e5fb90,2026-08-15T05:58:30+00:00
GDD31_08,pb_weekday,PB曜日を選択,週内の流動性・イベント差を利用,曜日maskをEA内判定,"{""GoldDDPBWeekMask"":54}",(2)軽微なコード変更,OOS_REJECT,"{""GoldDDPBWeekMask"":54}","OOS net=46624.18 (0.776x), PF=1.310215 (0.938x), DD=15593.20円/15.59320pt (1.129x); baseline net=60050.52, PF=1.396192, DD=13806.08円",335915.95,2.003826732133741,19566.110000000015,46624.18,1.3102151091021608,15593.200000000012,0.01|0.02,gdda_oos_gdd31_08_20260815150458_4e6c43,2026-08-15T06:05:43+00:00
GDD31_09,pb_weekday,PB曜日を選択,週内の流動性・イベント差を利用,曜日maskをEA内判定,"{""GoldDDPBWeekMask"":46}",(2)軽微なコード変更,OOS_REJECT,"{""GoldDDPBWeekMask"":46}","OOS net=61756.82 (1.028x), PF=1.417013 (1.015x), DD=14020.76円/14.02076pt (1.016x); baseline net=60050.52, PF=1.396192, DD=13806.08円",322094.18,1.8906354310577793,32243.980000000025,61756.82,1.4170128391332684,14020.759999999995,0.01|0.02,gdda_oos_gdd31_09_20260815150649_c04d2e,2026-08-15T06:07:34+00:00
GDD31_10,pb_weekday,PB曜日を選択,週内の流動性・イベント差を利用,曜日maskをEA内判定,"{""GoldDDPBWeekMask"":57}",(2)軽微なコード変更,OOS_PASS,"{""GoldDDPBWeekMask"":57}","OOS net=53987.45 (0.899x), PF=1.369294 (0.981x), DD=13033.95円/13.03395pt (0.944x); baseline net=60050.52, PF=1.396192, DD=13806.08円",297254.61,1.9122411254815548,26341.350000000035,53987.450000000004,1.3692941394718632,13033.950000000012,0.01|0.02|0.05,gdda_xm5_gdd31_10_20260815150925_34aa52,2026-08-15T06:16:55+00:00
GDD31_11,pb_weekday,PB曜日を選択,週内の流動性・イベント差を利用,曜日maskをEA内判定,"{""GoldDDPBWeekMask"":53}",(2)軽微なコード変更,OOS_REJECT,"{""GoldDDPBWeekMask"":53}","OOS net=41269.40 (0.687x), PF=1.279743 (0.917x), DD=16856.04円/16.85604pt (1.221x); baseline net=60050.52, PF=1.396192, DD=13806.08円",335500.63,2.0645534141766264,19019.179999999993,41269.4,1.2797429662295783,16856.040000000037,0.01|0.02,gdda_oos_gdd31_11_20260815151801_a5fff3,2026-08-15T06:18:46+00:00
GDD31_12,pb_weekday,PB曜日を選択,週内の流動性・イベント差を利用,曜日maskをEA内判定,"{""GoldDDPBWeekMask"":45}",(2)軽微なコード変更,OOS_REJECT,"{""GoldDDPBWeekMask"":45}","OOS net=56810.10 (0.946x), PF=1.393915 (0.998x), DD=14777.98円/14.77798pt (1.070x); baseline net=60050.52, PF=1.396192, DD=13806.08円",343759.64,2.083173616313262,25013.24999999997,56810.1,1.3939149845453993,14777.98000000001,0.01|0.02,gdda_oos_gdd31_12_20260815151952_891043,2026-08-15T06:20:37+00:00
GDD31_13,pb_weekday,PB曜日を選択,週内の流動性・イベント差を利用,曜日maskをEA内判定,"{""GoldDDPBWeekMask"":51}",(2)軽微なコード変更,OOS_REJECT,"{""GoldDDPBWeekMask"":51}","OOS net=42696.94 (0.711x), PF=1.292972 (0.926x), DD=15800.94円/15.80094pt (1.144x); baseline net=60050.52, PF=1.396192, DD=13806.08円",319291.1,1.983427264086379,24584.14000000003,42696.94,1.2929715614012565,15800.940000000031,0.01|0.02,gdda_oos_gdd31_13_20260815152142_b008f3,2026-08-15T06:22:28+00:00
GDD31_14,pb_weekday,PB曜日を選択,週内の流動性・イベント差を利用,曜日maskをEA内判定,"{""GoldDDPBWeekMask"":43}",(2)軽微なコード変更,IS_REJECT,"{""GoldDDPBWeekMask"":43}","IS net=269290.24 (0.813x), PF=1.746398 (0.933x), DD=42125.19円/42.12519pt (1.314x); baseline net=331176.79, PF=1.871883, DD=32052.72円",269290.24,1.746398393286661,42125.190000000046,,,,0.01|0.02,gdda_is_gdd31_14_20260815152228_77bd4d,2026-08-15T06:23:33+00:00
GDD31_15,pb_weekday,PB曜日を選択,週内の流動性・イベント差を利用,曜日maskをEA内判定,"{""GoldDDPBWeekMask"":39}",(2)軽微なコード変更,OOS_REJECT,"{""GoldDDPBWeekMask"":39}","OOS net=48647.48 (0.810x), PF=1.336221 (0.957x), DD=16971.99円/16.97199pt (1.229x); baseline net=60050.52, PF=1.396192, DD=13806.08円",331453.22,2.069705661945958,22991.98000000001,48647.48,1.3362213002285526,16971.990000000005,0.01|0.02,gdda_oos_gdd31_15_20260815152439_26df20,2026-08-15T06:25:24+00:00
GDD31_16,pb_weekday,PB曜日を選択,週内の流動性・イベント差を利用,曜日maskをEA内判定,"{""GoldDDPBWeekMask"":30}",(2)軽微なコード変更,OOS_REJECT,"{""GoldDDPBWeekMask"":30}","OOS net=56459.19 (0.940x), PF=1.392296 (0.997x), DD=13823.66円/13.82366pt (1.001x); baseline net=60050.52, PF=1.396192, DD=13806.08円",313911.05,1.855909153472115,32052.719999999972,56459.19,1.392296031972238,13823.660000000062,0.01|0.02,gdda_oos_gdd31_16_20260815152630_7a3804,2026-08-15T06:27:15+00:00
GDD31_17,pb_weekday,PB曜日を選択,週内の流動性・イベント差を利用,曜日maskをEA内判定,"{""GoldDDPBWeekMask"":29}",(2)軽微なコード変更,OOS_PASS,"{""GoldDDPBWeekMask"":29}","OOS net=62939.28 (1.048x), PF=1.476527 (1.058x), DD=11374.94円/11.37494pt (0.824x); baseline net=60050.52, PF=1.396192, DD=13806.08円",295564.75,1.87722816855593,21922.610000000015,62939.28,1.4765272802117702,11374.940000000002,0.01|0.02|0.05,gdda_xm5_gdd31_17_20260815152906_9e9609,2026-08-15T06:36:56+00:00
GDD31_18,pb_weekday,PB曜日を選択,週内の流動性・イベント差を利用,曜日maskをEA内判定,"{""GoldDDPBWeekMask"":27}",(2)軽微なコード変更,OOS_PASS,"{""GoldDDPBWeekMask"":27}","OOS net=55867.78 (0.930x), PF=1.399707 (1.003x), DD=11518.93円/11.51893pt (0.834x); baseline net=60050.52, PF=1.396192, DD=13806.08円",261917.35,1.7138850882500036,32052.719999999972,55867.78,1.399706951006229,11518.930000000022,0.01|0.02|0.05,gdda_xm5_gdd31_18_20260815154409_9e34d4,2026-08-15T06:51:35+00:00
GDD31_19,pb_weekday,PB曜日を選択,週内の流動性・イベント差を利用,曜日maskをEA内判定,"{""GoldDDPBWeekMask"":23}",(2)軽微なコード変更,OOS_REJECT,"{""GoldDDPBWeekMask"":23}","OOS net=38839.87 (0.647x), PF=1.272284 (0.911x), DD=20627.77円/20.62777pt (1.494x); baseline net=60050.52, PF=1.396192, DD=13806.08円",329796.95,2.0366642752128326,19566.109999999986,38839.87,1.2722835836004533,20627.770000000077,0.01|0.02,gdda_oos_gdd31_19_20260815155802_d53d4e,2026-08-15T06:58:48+00:00
GDD31_20,pb_weekday,PB曜日を選択,週内の流動性・イベント差を利用,曜日maskをEA内判定,"{""GoldDDPBWeekMask"":15}",(2)軽微なコード変更,OOS_PASS,"{""GoldDDPBWeekMask"":15}","OOS net=58165.49 (0.969x), PF=1.414154 (1.013x), DD=12714.91円/12.71491pt (0.921x); baseline net=60050.52, PF=1.396192, DD=13806.08円",312867.56,1.9176185783502855,32052.719999999972,58165.49,1.4141541479219555,12714.910000000003,0.01|0.02|0.05,gdda_xm5_gdd31_20_20260815160039_77fd6a,2026-08-15T07:08:09+00:00
GDD32_01,sca_one_direction,SCA日次方向を片側に限定,両方向往復損を抑える,日次first signal後反対側禁止,"{""GoldLabSCADirectionPolicy"":1,""GoldLabSCADriftMinATR"":0.0}",(2)軽微なコード変更,UNVERIFIED_EA_INPUT,"{""GoldLabSCADirectionPolicy"":1,""GoldLabSCADriftMinATR"":0.0}",family has no verified SIMVERIFY activation: sca_one_direction,,,,,,,,gdda_is_gdd32_01_20260815160809_23ef48,2026-08-15T07:08:09+00:00
GDD32_02,sca_one_direction,SCA日次方向を片側に限定,両方向往復損を抑える,日次first signal後反対側禁止,"{""GoldLabSCADirectionPolicy"":1,""GoldLabSCADriftMinATR"":0.1}",(2)軽微なコード変更,UNVERIFIED_EA_INPUT,"{""GoldLabSCADirectionPolicy"":1,""GoldLabSCADriftMinATR"":0.1}",family has no verified SIMVERIFY activation: sca_one_direction,,,,,,,,gdda_is_gdd32_02_20260815160809_730d50,2026-08-15T07:08:09+00:00
GDD32_03,sca_one_direction,SCA日次方向を片側に限定,両方向往復損を抑える,日次first signal後反対側禁止,"{""GoldLabSCADirectionPolicy"":1,""GoldLabSCADriftMinATR"":0.2}",(2)軽微なコード変更,UNVERIFIED_EA_INPUT,"{""GoldLabSCADirectionPolicy"":1,""GoldLabSCADriftMinATR"":0.2}",family has no verified SIMVERIFY activation: sca_one_direction,,,,,,,,gdda_is_gdd32_03_20260815160809_a724e8,2026-08-15T07:08:09+00:00
GDD32_04,sca_one_direction,SCA日次方向を片側に限定,両方向往復損を抑える,日次first signal後反対側禁止,"{""GoldLabSCADirectionPolicy"":1,""GoldLabSCADriftMinATR"":0.3}",(2)軽微なコード変更,UNVERIFIED_EA_INPUT,"{""GoldLabSCADirectionPolicy"":1,""GoldLabSCADriftMinATR"":0.3}",family has no verified SIMVERIFY activation: sca_one_direction,,,,,,,,gdda_is_gdd32_04_20260815160809_260613,2026-08-15T07:08:09+00:00
GDD32_05,sca_one_direction,SCA日次方向を片側に限定,両方向往復損を抑える,日次first signal後反対側禁止,"{""GoldLabSCADirectionPolicy"":1,""GoldLabSCADriftMinATR"":0.4}",(2)軽微なコード変更,UNVERIFIED_EA_INPUT,"{""GoldLabSCADirectionPolicy"":1,""GoldLabSCADriftMinATR"":0.4}",family has no verified SIMVERIFY activation: sca_one_direction,,,,,,,,gdda_is_gdd32_05_20260815160809_221408,2026-08-15T07:08:09+00:00
GDD32_06,sca_one_direction,SCA日次方向を片側に限定,両方向往復損を抑える,日次first signal後反対側禁止,"{""GoldLabSCADirectionPolicy"":1,""GoldLabSCADriftMinATR"":0.5}",(2)軽微なコード変更,UNVERIFIED_EA_INPUT,"{""GoldLabSCADirectionPolicy"":1,""GoldLabSCADriftMinATR"":0.5}",family has no verified SIMVERIFY activation: sca_one_direction,,,,,,,,gdda_is_gdd32_06_20260815160809_091e76,2026-08-15T07:08:09+00:00
GDD32_07,sca_one_direction,SCA日次方向を片側に限定,両方向往復損を抑える,日次first signal後反対側禁止,"{""GoldLabSCADirectionPolicy"":1,""GoldLabSCADriftMinATR"":0.6}",(2)軽微なコード変更,UNVERIFIED_EA_INPUT,"{""GoldLabSCADirectionPolicy"":1,""GoldLabSCADriftMinATR"":0.6}",family has no verified SIMVERIFY activation: sca_one_direction,,,,,,,,gdda_is_gdd32_07_20260815160809_7b5b63,2026-08-15T07:08:09+00:00
GDD32_08,sca_one_direction,SCA日次方向を片側に限定,両方向往復損を抑える,日次first signal後反対側禁止,"{""GoldLabSCADirectionPolicy"":1,""GoldLabSCADriftMinATR"":0.7}",(2)軽微なコード変更,UNVERIFIED_EA_INPUT,"{""GoldLabSCADirectionPolicy"":1,""GoldLabSCADriftMinATR"":0.7}",family has no verified SIMVERIFY activation: sca_one_direction,,,,,,,,gdda_is_gdd32_08_20260815160809_ea2917,2026-08-15T07:08:09+00:00
GDD32_09,sca_one_direction,SCA日次方向を片側に限定,両方向往復損を抑える,日次first signal後反対側禁止,"{""GoldLabSCADirectionPolicy"":1,""GoldLabSCADriftMinATR"":0.8}",(2)軽微なコード変更,UNVERIFIED_EA_INPUT,"{""GoldLabSCADirectionPolicy"":1,""GoldLabSCADriftMinATR"":0.8}",family has no verified SIMVERIFY activation: sca_one_direction,,,,,,,,gdda_is_gdd32_09_20260815160809_1213a2,2026-08-15T07:08:09+00:00
GDD32_10,sca_one_direction,SCA日次方向を片側に限定,両方向往復損を抑える,日次first signal後反対側禁止,"{""GoldLabSCADirectionPolicy"":1,""GoldLabSCADriftMinATR"":0.9}",(2)軽微なコード変更,UNVERIFIED_EA_INPUT,"{""GoldLabSCADirectionPolicy"":1,""GoldLabSCADriftMinATR"":0.9}",family has no verified SIMVERIFY activation: sca_one_direction,,,,,,,,gdda_is_gdd32_10_20260815160809_fcb701,2026-08-15T07:08:09+00:00
GDD32_11,sca_one_direction,SCA日次方向を片側に限定,両方向往復損を抑える,日次first signal後反対側禁止,"{""GoldLabSCADirectionPolicy"":2,""GoldLabSCADriftMinATR"":0.0}",(2)軽微なコード変更,UNVERIFIED_EA_INPUT,"{""GoldLabSCADirectionPolicy"":2,""GoldLabSCADriftMinATR"":0.0}",family has no verified SIMVERIFY activation: sca_one_direction,,,,,,,,gdda_is_gdd32_11_20260815160809_713153,2026-08-15T07:08:09+00:00
GDD32_12,sca_one_direction,SCA日次方向を片側に限定,両方向往復損を抑える,日次first signal後反対側禁止,"{""GoldLabSCADirectionPolicy"":2,""GoldLabSCADriftMinATR"":0.1}",(2)軽微なコード変更,UNVERIFIED_EA_INPUT,"{""GoldLabSCADirectionPolicy"":2,""GoldLabSCADriftMinATR"":0.1}",family has no verified SIMVERIFY activation: sca_one_direction,,,,,,,,gdda_is_gdd32_12_20260815160809_e5cb83,2026-08-15T07:08:09+00:00
GDD32_13,sca_one_direction,SCA日次方向を片側に限定,両方向往復損を抑える,日次first signal後反対側禁止,"{""GoldLabSCADirectionPolicy"":2,""GoldLabSCADriftMinATR"":0.2}",(2)軽微なコード変更,UNVERIFIED_EA_INPUT,"{""GoldLabSCADirectionPolicy"":2,""GoldLabSCADriftMinATR"":0.2}",family has no verified SIMVERIFY activation: sca_one_direction,,,,,,,,gdda_is_gdd32_13_20260815160809_bc61bc,2026-08-15T07:08:09+00:00
GDD32_14,sca_one_direction,SCA日次方向を片側に限定,両方向往復損を抑える,日次first signal後反対側禁止,"{""GoldLabSCADirectionPolicy"":2,""GoldLabSCADriftMinATR"":0.3}",(2)軽微なコード変更,UNVERIFIED_EA_INPUT,"{""GoldLabSCADirectionPolicy"":2,""GoldLabSCADriftMinATR"":0.3}",family has no verified SIMVERIFY activation: sca_one_direction,,,,,,,,gdda_is_gdd32_14_20260815160809_beb7b7,2026-08-15T07:08:09+00:00
GDD32_15,sca_one_direction,SCA日次方向を片側に限定,両方向往復損を抑える,日次first signal後反対側禁止,"{""GoldLabSCADirectionPolicy"":2,""GoldLabSCADriftMinATR"":0.4}",(2)軽微なコード変更,UNVERIFIED_EA_INPUT,"{""GoldLabSCADirectionPolicy"":2,""GoldLabSCADriftMinATR"":0.4}",family has no verified SIMVERIFY activation: sca_one_direction,,,,,,,,gdda_is_gdd32_15_20260815160809_115e82,2026-08-15T07:08:09+00:00
GDD32_16,sca_one_direction,SCA日次方向を片側に限定,両方向往復損を抑える,日次first signal後反対側禁止,"{""GoldLabSCADirectionPolicy"":2,""GoldLabSCADriftMinATR"":0.5}",(2)軽微なコード変更,UNVERIFIED_EA_INPUT,"{""GoldLabSCADirectionPolicy"":2,""GoldLabSCADriftMinATR"":0.5}",family has no verified SIMVERIFY activation: sca_one_direction,,,,,,,,gdda_is_gdd32_16_20260815160809_0e73b4,2026-08-15T07:08:09+00:00
GDD32_17,sca_one_direction,SCA日次方向を片側に限定,両方向往復損を抑える,日次first signal後反対側禁止,"{""GoldLabSCADirectionPolicy"":2,""GoldLabSCADriftMinATR"":0.6}",(2)軽微なコード変更,UNVERIFIED_EA_INPUT,"{""GoldLabSCADirectionPolicy"":2,""GoldLabSCADriftMinATR"":0.6}",family has no verified SIMVERIFY activation: sca_one_direction,,,,,,,,gdda_is_gdd32_17_20260815160809_541e37,2026-08-15T07:08:09+00:00
GDD32_18,sca_one_direction,SCA日次方向を片側に限定,両方向往復損を抑える,日次first signal後反対側禁止,"{""GoldLabSCADirectionPolicy"":2,""GoldLabSCADriftMinATR"":0.7}",(2)軽微なコード変更,UNVERIFIED_EA_INPUT,"{""GoldLabSCADirectionPolicy"":2,""GoldLabSCADriftMinATR"":0.7}",family has no verified SIMVERIFY activation: sca_one_direction,,,,,,,,gdda_is_gdd32_18_20260815160809_21f811,2026-08-15T07:08:09+00:00
GDD32_19,sca_one_direction,SCA日次方向を片側に限定,両方向往復損を抑える,日次first signal後反対側禁止,"{""GoldLabSCADirectionPolicy"":2,""GoldLabSCADriftMinATR"":0.8}",(2)軽微なコード変更,UNVERIFIED_EA_INPUT,"{""GoldLabSCADirectionPolicy"":2,""GoldLabSCADriftMinATR"":0.8}",family has no verified SIMVERIFY activation: sca_one_direction,,,,,,,,gdda_is_gdd32_19_20260815160809_ad5e62,2026-08-15T07:08:09+00:00
GDD32_20,sca_one_direction,SCA日次方向を片側に限定,両方向往復損を抑える,日次first signal後反対側禁止,"{""GoldLabSCADirectionPolicy"":2,""GoldLabSCADriftMinATR"":0.9}",(2)軽微なコード変更,UNVERIFIED_EA_INPUT,"{""GoldLabSCADirectionPolicy"":2,""GoldLabSCADriftMinATR"":0.9}",family has no verified SIMVERIFY activation: sca_one_direction,,,,,,,,gdda_is_gdd32_20_20260815160809_03c0be,2026-08-15T07:08:09+00:00
GDD33_01,sca_failed_break,初回偽抜け後その日停止,レンジ往復の損失連鎖を抑える,SL後日次ロック,"{""GoldLabSCAFailedBreakLockHours"":1}",(2)軽微なコード変更,UNVERIFIED_EA_INPUT,"{""GoldLabSCAFailedBreakLockHours"":1}",family has no verified SIMVERIFY activation: sca_failed_break,,,,,,,,gdda_is_gdd33_01_20260815160809_a22d41,2026-08-15T07:08:09+00:00
GDD33_02,sca_failed_break,初回偽抜け後その日停止,レンジ往復の損失連鎖を抑える,SL後日次ロック,"{""GoldLabSCAFailedBreakLockHours"":2}",(2)軽微なコード変更,UNVERIFIED_EA_INPUT,"{""GoldLabSCAFailedBreakLockHours"":2}",family has no verified SIMVERIFY activation: sca_failed_break,,,,,,,,gdda_is_gdd33_02_20260815160809_83d0ed,2026-08-15T07:08:09+00:00
GDD33_03,sca_failed_break,初回偽抜け後その日停止,レンジ往復の損失連鎖を抑える,SL後日次ロック,"{""GoldLabSCAFailedBreakLockHours"":3}",(2)軽微なコード変更,UNVERIFIED_EA_INPUT,"{""GoldLabSCAFailedBreakLockHours"":3}",family has no verified SIMVERIFY activation: sca_failed_break,,,,,,,,gdda_is_gdd33_03_20260815160809_324601,2026-08-15T07:08:09+00:00
GDD33_04,sca_failed_break,初回偽抜け後その日停止,レンジ往復の損失連鎖を抑える,SL後日次ロック,"{""GoldLabSCAFailedBreakLockHours"":4}",(2)軽微なコード変更,UNVERIFIED_EA_INPUT,"{""GoldLabSCAFailedBreakLockHours"":4}",family has no verified SIMVERIFY activation: sca_failed_break,,,,,,,,gdda_is_gdd33_04_20260815160809_dc26c4,2026-08-15T07:08:09+00:00
GDD33_05,sca_failed_break,初回偽抜け後その日停止,レンジ往復の損失連鎖を抑える,SL後日次ロック,"{""GoldLabSCAFailedBreakLockHours"":5}",(2)軽微なコード変更,UNVERIFIED_EA_INPUT,"{""GoldLabSCAFailedBreakLockHours"":5}",family has no verified SIMVERIFY activation: sca_failed_break,,,,,,,,gdda_is_gdd33_05_20260815160809_410697,2026-08-15T07:08:09+00:00
GDD33_06,sca_failed_break,初回偽抜け後その日停止,レンジ往復の損失連鎖を抑える,SL後日次ロック,"{""GoldLabSCAFailedBreakLockHours"":6}",(2)軽微なコード変更,UNVERIFIED_EA_INPUT,"{""GoldLabSCAFailedBreakLockHours"":6}",family has no verified SIMVERIFY activation: sca_failed_break,,,,,,,,gdda_is_gdd33_06_20260815160809_2314b1,2026-08-15T07:08:09+00:00
GDD33_07,sca_failed_break,初回偽抜け後その日停止,レンジ往復の損失連鎖を抑える,SL後日次ロック,"{""GoldLabSCAFailedBreakLockHours"":7}",(2)軽微なコード変更,UNVERIFIED_EA_INPUT,"{""GoldLabSCAFailedBreakLockHours"":7}",family has no verified SIMVERIFY activation: sca_failed_break,,,,,,,,gdda_is_gdd33_07_20260815160809_7a107b,2026-08-15T07:08:09+00:00
GDD33_08,sca_failed_break,初回偽抜け後その日停止,レンジ往復の損失連鎖を抑える,SL後日次ロック,"{""GoldLabSCAFailedBreakLockHours"":8}",(2)軽微なコード変更,UNVERIFIED_EA_INPUT,"{""GoldLabSCAFailedBreakLockHours"":8}",family has no verified SIMVERIFY activation: sca_failed_break,,,,,,,,gdda_is_gdd33_08_20260815160809_c2b421,2026-08-15T07:08:09+00:00
GDD33_09,sca_failed_break,初回偽抜け後その日停止,レンジ往復の損失連鎖を抑える,SL後日次ロック,"{""GoldLabSCAFailedBreakLockHours"":9}",(2)軽微なコード変更,UNVERIFIED_EA_INPUT,"{""GoldLabSCAFailedBreakLockHours"":9}",family has no verified SIMVERIFY activation: sca_failed_break,,,,,,,,gdda_is_gdd33_09_20260815160809_8782c5,2026-08-15T07:08:09+00:00
GDD33_10,sca_failed_break,初回偽抜け後その日停止,レンジ往復の損失連鎖を抑える,SL後日次ロック,"{""GoldLabSCAFailedBreakLockHours"":10}",(2)軽微なコード変更,UNVERIFIED_EA_INPUT,"{""GoldLabSCAFailedBreakLockHours"":10}",family has no verified SIMVERIFY activation: sca_failed_break,,,,,,,,gdda_is_gdd33_10_20260815160809_fcdd82,2026-08-15T07:08:09+00:00
GDD33_11,sca_failed_break,初回偽抜け後その日停止,レンジ往復の損失連鎖を抑える,SL後日次ロック,"{""GoldLabSCAFailedBreakLockHours"":11}",(2)軽微なコード変更,UNVERIFIED_EA_INPUT,"{""GoldLabSCAFailedBreakLockHours"":11}",family has no verified SIMVERIFY activation: sca_failed_break,,,,,,,,gdda_is_gdd33_11_20260815160809_268f25,2026-08-15T07:08:09+00:00
GDD33_12,sca_failed_break,初回偽抜け後その日停止,レンジ往復の損失連鎖を抑える,SL後日次ロック,"{""GoldLabSCAFailedBreakLockHours"":12}",(2)軽微なコード変更,UNVERIFIED_EA_INPUT,"{""GoldLabSCAFailedBreakLockHours"":12}",family has no verified SIMVERIFY activation: sca_failed_break,,,,,,,,gdda_is_gdd33_12_20260815160810_74a1d4,2026-08-15T07:08:10+00:00
GDD33_13,sca_failed_break,初回偽抜け後その日停止,レンジ往復の損失連鎖を抑える,SL後日次ロック,"{""GoldLabSCAFailedBreakLockHours"":13}",(2)軽微なコード変更,UNVERIFIED_EA_INPUT,"{""GoldLabSCAFailedBreakLockHours"":13}",family has no verified SIMVERIFY activation: sca_failed_break,,,,,,,,gdda_is_gdd33_13_20260815160810_263a6f,2026-08-15T07:08:10+00:00
GDD33_14,sca_failed_break,初回偽抜け後その日停止,レンジ往復の損失連鎖を抑える,SL後日次ロック,"{""GoldLabSCAFailedBreakLockHours"":14}",(2)軽微なコード変更,UNVERIFIED_EA_INPUT,"{""GoldLabSCAFailedBreakLockHours"":14}",family has no verified SIMVERIFY activation: sca_failed_break,,,,,,,,gdda_is_gdd33_14_20260815160810_eb8317,2026-08-15T07:08:10+00:00
GDD33_15,sca_failed_break,初回偽抜け後その日停止,レンジ往復の損失連鎖を抑える,SL後日次ロック,"{""GoldLabSCAFailedBreakLockHours"":15}",(2)軽微なコード変更,UNVERIFIED_EA_INPUT,"{""GoldLabSCAFailedBreakLockHours"":15}",family has no verified SIMVERIFY activation: sca_failed_break,,,,,,,,gdda_is_gdd33_15_20260815160810_0c60d7,2026-08-15T07:08:10+00:00
GDD33_16,sca_failed_break,初回偽抜け後その日停止,レンジ往復の損失連鎖を抑える,SL後日次ロック,"{""GoldLabSCAFailedBreakLockHours"":16}",(2)軽微なコード変更,UNVERIFIED_EA_INPUT,"{""GoldLabSCAFailedBreakLockHours"":16}",family has no verified SIMVERIFY activation: sca_failed_break,,,,,,,,gdda_is_gdd33_16_20260815160810_31ca85,2026-08-15T07:08:10+00:00
GDD33_17,sca_failed_break,初回偽抜け後その日停止,レンジ往復の損失連鎖を抑える,SL後日次ロック,"{""GoldLabSCAFailedBreakLockHours"":17}",(2)軽微なコード変更,UNVERIFIED_EA_INPUT,"{""GoldLabSCAFailedBreakLockHours"":17}",family has no verified SIMVERIFY activation: sca_failed_break,,,,,,,,gdda_is_gdd33_17_20260815160810_d1f0e4,2026-08-15T07:08:10+00:00
GDD33_18,sca_failed_break,初回偽抜け後その日停止,レンジ往復の損失連鎖を抑える,SL後日次ロック,"{""GoldLabSCAFailedBreakLockHours"":18}",(2)軽微なコード変更,UNVERIFIED_EA_INPUT,"{""GoldLabSCAFailedBreakLockHours"":18}",family has no verified SIMVERIFY activation: sca_failed_break,,,,,,,,gdda_is_gdd33_18_20260815160810_53ae11,2026-08-15T07:08:10+00:00
GDD33_19,sca_failed_break,初回偽抜け後その日停止,レンジ往復の損失連鎖を抑える,SL後日次ロック,"{""GoldLabSCAFailedBreakLockHours"":19}",(2)軽微なコード変更,UNVERIFIED_EA_INPUT,"{""GoldLabSCAFailedBreakLockHours"":19}",family has no verified SIMVERIFY activation: sca_failed_break,,,,,,,,gdda_is_gdd33_19_20260815160810_e43e81,2026-08-15T07:08:10+00:00
GDD33_20,sca_failed_break,初回偽抜け後その日停止,レンジ往復の損失連鎖を抑える,SL後日次ロック,"{""GoldLabSCAFailedBreakLockHours"":20}",(2)軽微なコード変更,UNVERIFIED_EA_INPUT,"{""GoldLabSCAFailedBreakLockHours"":20}",family has no verified SIMVERIFY activation: sca_failed_break,,,,,,,,gdda_is_gdd33_20_20260815160810_d6448c,2026-08-15T07:08:10+00:00
GDD34_01,sca_retest,SCAを抜け後リテスト参入へ変更,初動のスリッページと偽抜けを抑える,状態機械で再接触確認,"{""design_level"":1}",(3)大規模開発,UNTESTED_MAJOR_DEVELOPMENT,"{""design_level"":1}",ブレイク→再接触→再離脱の状態機械と日次状態検証が必要,,,,,,,,,
GDD34_02,sca_retest,SCAを抜け後リテスト参入へ変更,初動のスリッページと偽抜けを抑える,状態機械で再接触確認,"{""design_level"":2}",(3)大規模開発,UNTESTED_MAJOR_DEVELOPMENT,"{""design_level"":2}",ブレイク→再接触→再離脱の状態機械と日次状態検証が必要,,,,,,,,,
GDD34_03,sca_retest,SCAを抜け後リテスト参入へ変更,初動のスリッページと偽抜けを抑える,状態機械で再接触確認,"{""design_level"":3}",(3)大規模開発,UNTESTED_MAJOR_DEVELOPMENT,"{""design_level"":3}",ブレイク→再接触→再離脱の状態機械と日次状態検証が必要,,,,,,,,,
GDD34_04,sca_retest,SCAを抜け後リテスト参入へ変更,初動のスリッページと偽抜けを抑える,状態機械で再接触確認,"{""design_level"":4}",(3)大規模開発,UNTESTED_MAJOR_DEVELOPMENT,"{""design_level"":4}",ブレイク→再接触→再離脱の状態機械と日次状態検証が必要,,,,,,,,,
GDD34_05,sca_retest,SCAを抜け後リテスト参入へ変更,初動のスリッページと偽抜けを抑える,状態機械で再接触確認,"{""design_level"":5}",(3)大規模開発,UNTESTED_MAJOR_DEVELOPMENT,"{""design_level"":5}",ブレイク→再接触→再離脱の状態機械と日次状態検証が必要,,,,,,,,,
GDD34_06,sca_retest,SCAを抜け後リテスト参入へ変更,初動のスリッページと偽抜けを抑える,状態機械で再接触確認,"{""design_level"":6}",(3)大規模開発,UNTESTED_MAJOR_DEVELOPMENT,"{""design_level"":6}",ブレイク→再接触→再離脱の状態機械と日次状態検証が必要,,,,,,,,,
GDD34_07,sca_retest,SCAを抜け後リテスト参入へ変更,初動のスリッページと偽抜けを抑える,状態機械で再接触確認,"{""design_level"":7}",(3)大規模開発,UNTESTED_MAJOR_DEVELOPMENT,"{""design_level"":7}",ブレイク→再接触→再離脱の状態機械と日次状態検証が必要,,,,,,,,,
GDD34_08,sca_retest,SCAを抜け後リテスト参入へ変更,初動のスリッページと偽抜けを抑える,状態機械で再接触確認,"{""design_level"":8}",(3)大規模開発,UNTESTED_MAJOR_DEVELOPMENT,"{""design_level"":8}",ブレイク→再接触→再離脱の状態機械と日次状態検証が必要,,,,,,,,,
GDD34_09,sca_retest,SCAを抜け後リテスト参入へ変更,初動のスリッページと偽抜けを抑える,状態機械で再接触確認,"{""design_level"":9}",(3)大規模開発,UNTESTED_MAJOR_DEVELOPMENT,"{""design_level"":9}",ブレイク→再接触→再離脱の状態機械と日次状態検証が必要,,,,,,,,,
GDD34_10,sca_retest,SCAを抜け後リテスト参入へ変更,初動のスリッページと偽抜けを抑える,状態機械で再接触確認,"{""design_level"":10}",(3)大規模開発,UNTESTED_MAJOR_DEVELOPMENT,"{""design_level"":10}",ブレイク→再接触→再離脱の状態機械と日次状態検証が必要,,,,,,,,,
GDD34_11,sca_retest,SCAを抜け後リテスト参入へ変更,初動のスリッページと偽抜けを抑える,状態機械で再接触確認,"{""design_level"":11}",(3)大規模開発,UNTESTED_MAJOR_DEVELOPMENT,"{""design_level"":11}",ブレイク→再接触→再離脱の状態機械と日次状態検証が必要,,,,,,,,,
GDD34_12,sca_retest,SCAを抜け後リテスト参入へ変更,初動のスリッページと偽抜けを抑える,状態機械で再接触確認,"{""design_level"":12}",(3)大規模開発,UNTESTED_MAJOR_DEVELOPMENT,"{""design_level"":12}",ブレイク→再接触→再離脱の状態機械と日次状態検証が必要,,,,,,,,,
GDD34_13,sca_retest,SCAを抜け後リテスト参入へ変更,初動のスリッページと偽抜けを抑える,状態機械で再接触確認,"{""design_level"":13}",(3)大規模開発,UNTESTED_MAJOR_DEVELOPMENT,"{""design_level"":13}",ブレイク→再接触→再離脱の状態機械と日次状態検証が必要,,,,,,,,,
GDD34_14,sca_retest,SCAを抜け後リテスト参入へ変更,初動のスリッページと偽抜けを抑える,状態機械で再接触確認,"{""design_level"":14}",(3)大規模開発,UNTESTED_MAJOR_DEVELOPMENT,"{""design_level"":14}",ブレイク→再接触→再離脱の状態機械と日次状態検証が必要,,,,,,,,,
GDD34_15,sca_retest,SCAを抜け後リテスト参入へ変更,初動のスリッページと偽抜けを抑える,状態機械で再接触確認,"{""design_level"":15}",(3)大規模開発,UNTESTED_MAJOR_DEVELOPMENT,"{""design_level"":15}",ブレイク→再接触→再離脱の状態機械と日次状態検証が必要,,,,,,,,,
GDD34_16,sca_retest,SCAを抜け後リテスト参入へ変更,初動のスリッページと偽抜けを抑える,状態機械で再接触確認,"{""design_level"":16}",(3)大規模開発,UNTESTED_MAJOR_DEVELOPMENT,"{""design_level"":16}",ブレイク→再接触→再離脱の状態機械と日次状態検証が必要,,,,,,,,,
GDD34_17,sca_retest,SCAを抜け後リテスト参入へ変更,初動のスリッページと偽抜けを抑える,状態機械で再接触確認,"{""design_level"":17}",(3)大規模開発,UNTESTED_MAJOR_DEVELOPMENT,"{""design_level"":17}",ブレイク→再接触→再離脱の状態機械と日次状態検証が必要,,,,,,,,,
GDD34_18,sca_retest,SCAを抜け後リテスト参入へ変更,初動のスリッページと偽抜けを抑える,状態機械で再接触確認,"{""design_level"":18}",(3)大規模開発,UNTESTED_MAJOR_DEVELOPMENT,"{""design_level"":18}",ブレイク→再接触→再離脱の状態機械と日次状態検証が必要,,,,,,,,,
GDD34_19,sca_retest,SCAを抜け後リテスト参入へ変更,初動のスリッページと偽抜けを抑える,状態機械で再接触確認,"{""design_level"":19}",(3)大規模開発,UNTESTED_MAJOR_DEVELOPMENT,"{""design_level"":19}",ブレイク→再接触→再離脱の状態機械と日次状態検証が必要,,,,,,,,,
GDD34_20,sca_retest,SCAを抜け後リテスト参入へ変更,初動のスリッページと偽抜けを抑える,状態機械で再接触確認,"{""design_level"":20}",(3)大規模開発,UNTESTED_MAJOR_DEVELOPMENT,"{""design_level"":20}",ブレイク→再接触→再離脱の状態機械と日次状態検証が必要,,,,,,,,,
GDD35_01,portfolio_loss_cooldown,GOLD損失後に両枠を一定バー休止,損失クラスターを切る,決済時点状態をEAで更新,"{""GoldLabPortfolioCooldownHours"":1}",(2)軽微なコード変更,UNVERIFIED_EA_INPUT,"{""GoldLabPortfolioCooldownHours"":1}",family has no verified SIMVERIFY activation: portfolio_loss_cooldown,,,,,,,,gdda_is_gdd35_01_20260815160810_787dec,2026-08-15T07:08:10+00:00
GDD35_02,portfolio_loss_cooldown,GOLD損失後に両枠を一定バー休止,損失クラスターを切る,決済時点状態をEAで更新,"{""GoldLabPortfolioCooldownHours"":2}",(2)軽微なコード変更,UNVERIFIED_EA_INPUT,"{""GoldLabPortfolioCooldownHours"":2}",family has no verified SIMVERIFY activation: portfolio_loss_cooldown,,,,,,,,gdda_is_gdd35_02_20260815160810_6a7543,2026-08-15T07:08:10+00:00
GDD35_03,portfolio_loss_cooldown,GOLD損失後に両枠を一定バー休止,損失クラスターを切る,決済時点状態をEAで更新,"{""GoldLabPortfolioCooldownHours"":3}",(2)軽微なコード変更,UNVERIFIED_EA_INPUT,"{""GoldLabPortfolioCooldownHours"":3}",family has no verified SIMVERIFY activation: portfolio_loss_cooldown,,,,,,,,gdda_is_gdd35_03_20260815160810_7061a4,2026-08-15T07:08:10+00:00
GDD35_04,portfolio_loss_cooldown,GOLD損失後に両枠を一定バー休止,損失クラスターを切る,決済時点状態をEAで更新,"{""GoldLabPortfolioCooldownHours"":4}",(2)軽微なコード変更,UNVERIFIED_EA_INPUT,"{""GoldLabPortfolioCooldownHours"":4}",family has no verified SIMVERIFY activation: portfolio_loss_cooldown,,,,,,,,gdda_is_gdd35_04_20260815160810_0b3c9b,2026-08-15T07:08:10+00:00
GDD35_05,portfolio_loss_cooldown,GOLD損失後に両枠を一定バー休止,損失クラスターを切る,決済時点状態をEAで更新,"{""GoldLabPortfolioCooldownHours"":6}",(2)軽微なコード変更,UNVERIFIED_EA_INPUT,"{""GoldLabPortfolioCooldownHours"":6}",family has no verified SIMVERIFY activation: portfolio_loss_cooldown,,,,,,,,gdda_is_gdd35_05_20260815160810_02924d,2026-08-15T07:08:10+00:00
GDD35_06,portfolio_loss_cooldown,GOLD損失後に両枠を一定バー休止,損失クラスターを切る,決済時点状態をEAで更新,"{""GoldLabPortfolioCooldownHours"":8}",(2)軽微なコード変更,UNVERIFIED_EA_INPUT,"{""GoldLabPortfolioCooldownHours"":8}",family has no verified SIMVERIFY activation: portfolio_loss_cooldown,,,,,,,,gdda_is_gdd35_06_20260815160810_5ecd08,2026-08-15T07:08:10+00:00
GDD35_07,portfolio_loss_cooldown,GOLD損失後に両枠を一定バー休止,損失クラスターを切る,決済時点状態をEAで更新,"{""GoldLabPortfolioCooldownHours"":12}",(2)軽微なコード変更,UNVERIFIED_EA_INPUT,"{""GoldLabPortfolioCooldownHours"":12}",family has no verified SIMVERIFY activation: portfolio_loss_cooldown,,,,,,,,gdda_is_gdd35_07_20260815160810_40126b,2026-08-15T07:08:10+00:00
GDD35_08,portfolio_loss_cooldown,GOLD損失後に両枠を一定バー休止,損失クラスターを切る,決済時点状態をEAで更新,"{""GoldLabPortfolioCooldownHours"":16}",(2)軽微なコード変更,UNVERIFIED_EA_INPUT,"{""GoldLabPortfolioCooldownHours"":16}",family has no verified SIMVERIFY activation: portfolio_loss_cooldown,,,,,,,,gdda_is_gdd35_08_20260815160810_ff2ff6,2026-08-15T07:08:10+00:00
GDD35_09,portfolio_loss_cooldown,GOLD損失後に両枠を一定バー休止,損失クラスターを切る,決済時点状態をEAで更新,"{""GoldLabPortfolioCooldownHours"":20}",(2)軽微なコード変更,UNVERIFIED_EA_INPUT,"{""GoldLabPortfolioCooldownHours"":20}",family has no verified SIMVERIFY activation: portfolio_loss_cooldown,,,,,,,,gdda_is_gdd35_09_20260815160810_be758a,2026-08-15T07:08:10+00:00
GDD35_10,portfolio_loss_cooldown,GOLD損失後に両枠を一定バー休止,損失クラスターを切る,決済時点状態をEAで更新,"{""GoldLabPortfolioCooldownHours"":24}",(2)軽微なコード変更,UNVERIFIED_EA_INPUT,"{""GoldLabPortfolioCooldownHours"":24}",family has no verified SIMVERIFY activation: portfolio_loss_cooldown,,,,,,,,gdda_is_gdd35_10_20260815160810_cc9b01,2026-08-15T07:08:10+00:00
GDD35_11,portfolio_loss_cooldown,GOLD損失後に両枠を一定バー休止,損失クラスターを切る,決済時点状態をEAで更新,"{""GoldLabPortfolioCooldownHours"":30}",(2)軽微なコード変更,UNVERIFIED_EA_INPUT,"{""GoldLabPortfolioCooldownHours"":30}",family has no verified SIMVERIFY activation: portfolio_loss_cooldown,,,,,,,,gdda_is_gdd35_11_20260815160810_983999,2026-08-15T07:08:10+00:00
GDD35_12,portfolio_loss_cooldown,GOLD損失後に両枠を一定バー休止,損失クラスターを切る,決済時点状態をEAで更新,"{""GoldLabPortfolioCooldownHours"":36}",(2)軽微なコード変更,UNVERIFIED_EA_INPUT,"{""GoldLabPortfolioCooldownHours"":36}",family has no verified SIMVERIFY activation: portfolio_loss_cooldown,,,,,,,,gdda_is_gdd35_12_20260815160810_ea6f8b,2026-08-15T07:08:10+00:00
GDD35_13,portfolio_loss_cooldown,GOLD損失後に両枠を一定バー休止,損失クラスターを切る,決済時点状態をEAで更新,"{""GoldLabPortfolioCooldownHours"":48}",(2)軽微なコード変更,UNVERIFIED_EA_INPUT,"{""GoldLabPortfolioCooldownHours"":48}",family has no verified SIMVERIFY activation: portfolio_loss_cooldown,,,,,,,,gdda_is_gdd35_13_20260815160810_3dbf4c,2026-08-15T07:08:10+00:00
GDD35_14,portfolio_loss_cooldown,GOLD損失後に両枠を一定バー休止,損失クラスターを切る,決済時点状態をEAで更新,"{""GoldLabPortfolioCooldownHours"":60}",(2)軽微なコード変更,UNVERIFIED_EA_INPUT,"{""GoldLabPortfolioCooldownHours"":60}",family has no verified SIMVERIFY activation: portfolio_loss_cooldown,,,,,,,,gdda_is_gdd35_14_20260815160810_a289ac,2026-08-15T07:08:10+00:00
GDD35_15,portfolio_loss_cooldown,GOLD損失後に両枠を一定バー休止,損失クラスターを切る,決済時点状態をEAで更新,"{""GoldLabPortfolioCooldownHours"":72}",(2)軽微なコード変更,UNVERIFIED_EA_INPUT,"{""GoldLabPortfolioCooldownHours"":72}",family has no verified SIMVERIFY activation: portfolio_loss_cooldown,,,,,,,,gdda_is_gdd35_15_20260815160810_31385b,2026-08-15T07:08:10+00:00
GDD35_16,portfolio_loss_cooldown,GOLD損失後に両枠を一定バー休止,損失クラスターを切る,決済時点状態をEAで更新,"{""GoldLabPortfolioCooldownHours"":96}",(2)軽微なコード変更,UNVERIFIED_EA_INPUT,"{""GoldLabPortfolioCooldownHours"":96}",family has no verified SIMVERIFY activation: portfolio_loss_cooldown,,,,,,,,gdda_is_gdd35_16_20260815160810_030ddd,2026-08-15T07:08:10+00:00
GDD35_17,portfolio_loss_cooldown,GOLD損失後に両枠を一定バー休止,損失クラスターを切る,決済時点状態をEAで更新,"{""GoldLabPortfolioCooldownHours"":120}",(2)軽微なコード変更,UNVERIFIED_EA_INPUT,"{""GoldLabPortfolioCooldownHours"":120}",family has no verified SIMVERIFY activation: portfolio_loss_cooldown,,,,,,,,gdda_is_gdd35_17_20260815160810_da55f6,2026-08-15T07:08:10+00:00
GDD35_18,portfolio_loss_cooldown,GOLD損失後に両枠を一定バー休止,損失クラスターを切る,決済時点状態をEAで更新,"{""GoldLabPortfolioCooldownHours"":144}",(2)軽微なコード変更,UNVERIFIED_EA_INPUT,"{""GoldLabPortfolioCooldownHours"":144}",family has no verified SIMVERIFY activation: portfolio_loss_cooldown,,,,,,,,gdda_is_gdd35_18_20260815160810_7e0045,2026-08-15T07:08:10+00:00
GDD35_19,portfolio_loss_cooldown,GOLD損失後に両枠を一定バー休止,損失クラスターを切る,決済時点状態をEAで更新,"{""GoldLabPortfolioCooldownHours"":168}",(2)軽微なコード変更,UNVERIFIED_EA_INPUT,"{""GoldLabPortfolioCooldownHours"":168}",family has no verified SIMVERIFY activation: portfolio_loss_cooldown,,,,,,,,gdda_is_gdd35_19_20260815160810_5dd50c,2026-08-15T07:08:10+00:00
GDD35_20,portfolio_loss_cooldown,GOLD損失後に両枠を一定バー休止,損失クラスターを切る,決済時点状態をEAで更新,"{""GoldLabPortfolioCooldownHours"":240}",(2)軽微なコード変更,UNVERIFIED_EA_INPUT,"{""GoldLabPortfolioCooldownHours"":240}",family has no verified SIMVERIFY activation: portfolio_loss_cooldown,,,,,,,,gdda_is_gdd35_20_20260815160810_2ec58f,2026-08-15T07:08:10+00:00
GDD36_01,sleeve_loss_cooldown,各枠の損失後だけ休止,相互の機会を温存し連敗を抑える,Magic別決済状態,"{""GoldLabSleeveCooldownHours"":1}",(2)軽微なコード変更,UNVERIFIED_EA_INPUT,"{""GoldLabSleeveCooldownHours"":1}",family has no verified SIMVERIFY activation: sleeve_loss_cooldown,,,,,,,,gdda_is_gdd36_01_20260815160810_36f8a9,2026-08-15T07:08:10+00:00
GDD36_02,sleeve_loss_cooldown,各枠の損失後だけ休止,相互の機会を温存し連敗を抑える,Magic別決済状態,"{""GoldLabSleeveCooldownHours"":2}",(2)軽微なコード変更,UNVERIFIED_EA_INPUT,"{""GoldLabSleeveCooldownHours"":2}",family has no verified SIMVERIFY activation: sleeve_loss_cooldown,,,,,,,,gdda_is_gdd36_02_20260815160810_5ff358,2026-08-15T07:08:10+00:00
GDD36_03,sleeve_loss_cooldown,各枠の損失後だけ休止,相互の機会を温存し連敗を抑える,Magic別決済状態,"{""GoldLabSleeveCooldownHours"":3}",(2)軽微なコード変更,UNVERIFIED_EA_INPUT,"{""GoldLabSleeveCooldownHours"":3}",family has no verified SIMVERIFY activation: sleeve_loss_cooldown,,,,,,,,gdda_is_gdd36_03_20260815160810_daefd6,2026-08-15T07:08:10+00:00
GDD36_04,sleeve_loss_cooldown,各枠の損失後だけ休止,相互の機会を温存し連敗を抑える,Magic別決済状態,"{""GoldLabSleeveCooldownHours"":4}",(2)軽微なコード変更,UNVERIFIED_EA_INPUT,"{""GoldLabSleeveCooldownHours"":4}",family has no verified SIMVERIFY activation: sleeve_loss_cooldown,,,,,,,,gdda_is_gdd36_04_20260815160810_bb596f,2026-08-15T07:08:10+00:00
GDD36_05,sleeve_loss_cooldown,各枠の損失後だけ休止,相互の機会を温存し連敗を抑える,Magic別決済状態,"{""GoldLabSleeveCooldownHours"":6}",(2)軽微なコード変更,UNVERIFIED_EA_INPUT,"{""GoldLabSleeveCooldownHours"":6}",family has no verified SIMVERIFY activation: sleeve_loss_cooldown,,,,,,,,gdda_is_gdd36_05_20260815160810_7f96bf,2026-08-15T07:08:10+00:00
GDD36_06,sleeve_loss_cooldown,各枠の損失後だけ休止,相互の機会を温存し連敗を抑える,Magic別決済状態,"{""GoldLabSleeveCooldownHours"":8}",(2)軽微なコード変更,UNVERIFIED_EA_INPUT,"{""GoldLabSleeveCooldownHours"":8}",family has no verified SIMVERIFY activation: sleeve_loss_cooldown,,,,,,,,gdda_is_gdd36_06_20260815160810_94e61c,2026-08-15T07:08:10+00:00
GDD36_07,sleeve_loss_cooldown,各枠の損失後だけ休止,相互の機会を温存し連敗を抑える,Magic別決済状態,"{""GoldLabSleeveCooldownHours"":12}",(2)軽微なコード変更,UNVERIFIED_EA_INPUT,"{""GoldLabSleeveCooldownHours"":12}",family has no verified SIMVERIFY activation: sleeve_loss_cooldown,,,,,,,,gdda_is_gdd36_07_20260815160810_abcb13,2026-08-15T07:08:10+00:00
GDD36_08,sleeve_loss_cooldown,各枠の損失後だけ休止,相互の機会を温存し連敗を抑える,Magic別決済状態,"{""GoldLabSleeveCooldownHours"":16}",(2)軽微なコード変更,UNVERIFIED_EA_INPUT,"{""GoldLabSleeveCooldownHours"":16}",family has no verified SIMVERIFY activation: sleeve_loss_cooldown,,,,,,,,gdda_is_gdd36_08_20260815160810_f5031d,2026-08-15T07:08:10+00:00
GDD36_09,sleeve_loss_cooldown,各枠の損失後だけ休止,相互の機会を温存し連敗を抑える,Magic別決済状態,"{""GoldLabSleeveCooldownHours"":20}",(2)軽微なコード変更,UNVERIFIED_EA_INPUT,"{""GoldLabSleeveCooldownHours"":20}",family has no verified SIMVERIFY activation: sleeve_loss_cooldown,,,,,,,,gdda_is_gdd36_09_20260815160810_7986d3,2026-08-15T07:08:10+00:00
GDD36_10,sleeve_loss_cooldown,各枠の損失後だけ休止,相互の機会を温存し連敗を抑える,Magic別決済状態,"{""GoldLabSleeveCooldownHours"":24}",(2)軽微なコード変更,UNVERIFIED_EA_INPUT,"{""GoldLabSleeveCooldownHours"":24}",family has no verified SIMVERIFY activation: sleeve_loss_cooldown,,,,,,,,gdda_is_gdd36_10_20260815160810_75b2c6,2026-08-15T07:08:10+00:00
GDD36_11,sleeve_loss_cooldown,各枠の損失後だけ休止,相互の機会を温存し連敗を抑える,Magic別決済状態,"{""GoldLabSleeveCooldownHours"":30}",(2)軽微なコード変更,UNVERIFIED_EA_INPUT,"{""GoldLabSleeveCooldownHours"":30}",family has no verified SIMVERIFY activation: sleeve_loss_cooldown,,,,,,,,gdda_is_gdd36_11_20260815160810_355a35,2026-08-15T07:08:10+00:00
GDD36_12,sleeve_loss_cooldown,各枠の損失後だけ休止,相互の機会を温存し連敗を抑える,Magic別決済状態,"{""GoldLabSleeveCooldownHours"":36}",(2)軽微なコード変更,UNVERIFIED_EA_INPUT,"{""GoldLabSleeveCooldownHours"":36}",family has no verified SIMVERIFY activation: sleeve_loss_cooldown,,,,,,,,gdda_is_gdd36_12_20260815160810_a856fb,2026-08-15T07:08:10+00:00
GDD36_13,sleeve_loss_cooldown,各枠の損失後だけ休止,相互の機会を温存し連敗を抑える,Magic別決済状態,"{""GoldLabSleeveCooldownHours"":48}",(2)軽微なコード変更,UNVERIFIED_EA_INPUT,"{""GoldLabSleeveCooldownHours"":48}",family has no verified SIMVERIFY activation: sleeve_loss_cooldown,,,,,,,,gdda_is_gdd36_13_20260815160810_8f5492,2026-08-15T07:08:10+00:00
GDD36_14,sleeve_loss_cooldown,各枠の損失後だけ休止,相互の機会を温存し連敗を抑える,Magic別決済状態,"{""GoldLabSleeveCooldownHours"":60}",(2)軽微なコード変更,UNVERIFIED_EA_INPUT,"{""GoldLabSleeveCooldownHours"":60}",family has no verified SIMVERIFY activation: sleeve_loss_cooldown,,,,,,,,gdda_is_gdd36_14_20260815160810_858973,2026-08-15T07:08:10+00:00
GDD36_15,sleeve_loss_cooldown,各枠の損失後だけ休止,相互の機会を温存し連敗を抑える,Magic別決済状態,"{""GoldLabSleeveCooldownHours"":72}",(2)軽微なコード変更,UNVERIFIED_EA_INPUT,"{""GoldLabSleeveCooldownHours"":72}",family has no verified SIMVERIFY activation: sleeve_loss_cooldown,,,,,,,,gdda_is_gdd36_15_20260815160810_229be3,2026-08-15T07:08:10+00:00
GDD36_16,sleeve_loss_cooldown,各枠の損失後だけ休止,相互の機会を温存し連敗を抑える,Magic別決済状態,"{""GoldLabSleeveCooldownHours"":96}",(2)軽微なコード変更,UNVERIFIED_EA_INPUT,"{""GoldLabSleeveCooldownHours"":96}",family has no verified SIMVERIFY activation: sleeve_loss_cooldown,,,,,,,,gdda_is_gdd36_16_20260815160810_5fa0f7,2026-08-15T07:08:10+00:00
GDD36_17,sleeve_loss_cooldown,各枠の損失後だけ休止,相互の機会を温存し連敗を抑える,Magic別決済状態,"{""GoldLabSleeveCooldownHours"":120}",(2)軽微なコード変更,UNVERIFIED_EA_INPUT,"{""GoldLabSleeveCooldownHours"":120}",family has no verified SIMVERIFY activation: sleeve_loss_cooldown,,,,,,,,gdda_is_gdd36_17_20260815160810_093983,2026-08-15T07:08:10+00:00
GDD36_18,sleeve_loss_cooldown,各枠の損失後だけ休止,相互の機会を温存し連敗を抑える,Magic別決済状態,"{""GoldLabSleeveCooldownHours"":144}",(2)軽微なコード変更,UNVERIFIED_EA_INPUT,"{""GoldLabSleeveCooldownHours"":144}",family has no verified SIMVERIFY activation: sleeve_loss_cooldown,,,,,,,,gdda_is_gdd36_18_20260815160810_8c7481,2026-08-15T07:08:10+00:00
GDD36_19,sleeve_loss_cooldown,各枠の損失後だけ休止,相互の機会を温存し連敗を抑える,Magic別決済状態,"{""GoldLabSleeveCooldownHours"":168}",(2)軽微なコード変更,UNVERIFIED_EA_INPUT,"{""GoldLabSleeveCooldownHours"":168}",family has no verified SIMVERIFY activation: sleeve_loss_cooldown,,,,,,,,gdda_is_gdd36_19_20260815160810_d283d2,2026-08-15T07:08:10+00:00
GDD36_20,sleeve_loss_cooldown,各枠の損失後だけ休止,相互の機会を温存し連敗を抑える,Magic別決済状態,"{""GoldLabSleeveCooldownHours"":240}",(2)軽微なコード変更,UNVERIFIED_EA_INPUT,"{""GoldLabSleeveCooldownHours"":240}",family has no verified SIMVERIFY activation: sleeve_loss_cooldown,,,,,,,,gdda_is_gdd36_20_20260815160810_9c7c23,2026-08-15T07:08:10+00:00
GDD37_01,daily_loss_cap,GOLD日次確定損失上限,同日損失の積み上がりを抑える,当日HistoryDeal集計後発注停止,"{""GoldLabDailyLossCapJPY"":1000}",(2)軽微なコード変更,UNVERIFIED_EA_INPUT,"{""GoldLabDailyLossCapJPY"":1000}",family has no verified SIMVERIFY activation: daily_loss_cap,,,,,,,,gdda_is_gdd37_01_20260815160810_373036,2026-08-15T07:08:10+00:00
GDD37_02,daily_loss_cap,GOLD日次確定損失上限,同日損失の積み上がりを抑える,当日HistoryDeal集計後発注停止,"{""GoldLabDailyLossCapJPY"":2000}",(2)軽微なコード変更,UNVERIFIED_EA_INPUT,"{""GoldLabDailyLossCapJPY"":2000}",family has no verified SIMVERIFY activation: daily_loss_cap,,,,,,,,gdda_is_gdd37_02_20260815160810_8c2c4e,2026-08-15T07:08:10+00:00
GDD37_03,daily_loss_cap,GOLD日次確定損失上限,同日損失の積み上がりを抑える,当日HistoryDeal集計後発注停止,"{""GoldLabDailyLossCapJPY"":3000}",(2)軽微なコード変更,UNVERIFIED_EA_INPUT,"{""GoldLabDailyLossCapJPY"":3000}",family has no verified SIMVERIFY activation: daily_loss_cap,,,,,,,,gdda_is_gdd37_03_20260815160810_855aca,2026-08-15T07:08:10+00:00
GDD37_04,daily_loss_cap,GOLD日次確定損失上限,同日損失の積み上がりを抑える,当日HistoryDeal集計後発注停止,"{""GoldLabDailyLossCapJPY"":4000}",(2)軽微なコード変更,UNVERIFIED_EA_INPUT,"{""GoldLabDailyLossCapJPY"":4000}",family has no verified SIMVERIFY activation: daily_loss_cap,,,,,,,,gdda_is_gdd37_04_20260815160810_2580ca,2026-08-15T07:08:10+00:00
GDD37_05,daily_loss_cap,GOLD日次確定損失上限,同日損失の積み上がりを抑える,当日HistoryDeal集計後発注停止,"{""GoldLabDailyLossCapJPY"":5000}",(2)軽微なコード変更,UNVERIFIED_EA_INPUT,"{""GoldLabDailyLossCapJPY"":5000}",family has no verified SIMVERIFY activation: daily_loss_cap,,,,,,,,gdda_is_gdd37_05_20260815160810_2cf04c,2026-08-15T07:08:10+00:00
GDD37_06,daily_loss_cap,GOLD日次確定損失上限,同日損失の積み上がりを抑える,当日HistoryDeal集計後発注停止,"{""GoldLabDailyLossCapJPY"":6000}",(2)軽微なコード変更,UNVERIFIED_EA_INPUT,"{""GoldLabDailyLossCapJPY"":6000}",family has no verified SIMVERIFY activation: daily_loss_cap,,,,,,,,gdda_is_gdd37_06_20260815160810_b01ec6,2026-08-15T07:08:10+00:00
GDD37_07,daily_loss_cap,GOLD日次確定損失上限,同日損失の積み上がりを抑える,当日HistoryDeal集計後発注停止,"{""GoldLabDailyLossCapJPY"":7000}",(2)軽微なコード変更,UNVERIFIED_EA_INPUT,"{""GoldLabDailyLossCapJPY"":7000}",family has no verified SIMVERIFY activation: daily_loss_cap,,,,,,,,gdda_is_gdd37_07_20260815160810_a2bfae,2026-08-15T07:08:10+00:00
GDD37_08,daily_loss_cap,GOLD日次確定損失上限,同日損失の積み上がりを抑える,当日HistoryDeal集計後発注停止,"{""GoldLabDailyLossCapJPY"":8000}",(2)軽微なコード変更,UNVERIFIED_EA_INPUT,"{""GoldLabDailyLossCapJPY"":8000}",family has no verified SIMVERIFY activation: daily_loss_cap,,,,,,,,gdda_is_gdd37_08_20260815160810_62ae6c,2026-08-15T07:08:10+00:00
GDD37_09,daily_loss_cap,GOLD日次確定損失上限,同日損失の積み上がりを抑える,当日HistoryDeal集計後発注停止,"{""GoldLabDailyLossCapJPY"":9000}",(2)軽微なコード変更,UNVERIFIED_EA_INPUT,"{""GoldLabDailyLossCapJPY"":9000}",family has no verified SIMVERIFY activation: daily_loss_cap,,,,,,,,gdda_is_gdd37_09_20260815160810_59f953,2026-08-15T07:08:10+00:00
GDD37_10,daily_loss_cap,GOLD日次確定損失上限,同日損失の積み上がりを抑える,当日HistoryDeal集計後発注停止,"{""GoldLabDailyLossCapJPY"":10000}",(2)軽微なコード変更,UNVERIFIED_EA_INPUT,"{""GoldLabDailyLossCapJPY"":10000}",family has no verified SIMVERIFY activation: daily_loss_cap,,,,,,,,gdda_is_gdd37_10_20260815160810_31d5e8,2026-08-15T07:08:10+00:00
GDD37_11,daily_loss_cap,GOLD日次確定損失上限,同日損失の積み上がりを抑える,当日HistoryDeal集計後発注停止,"{""GoldLabDailyLossCapJPY"":11000}",(2)軽微なコード変更,UNVERIFIED_EA_INPUT,"{""GoldLabDailyLossCapJPY"":11000}",family has no verified SIMVERIFY activation: daily_loss_cap,,,,,,,,gdda_is_gdd37_11_20260815160810_b2329d,2026-08-15T07:08:10+00:00
GDD37_12,daily_loss_cap,GOLD日次確定損失上限,同日損失の積み上がりを抑える,当日HistoryDeal集計後発注停止,"{""GoldLabDailyLossCapJPY"":12000}",(2)軽微なコード変更,UNVERIFIED_EA_INPUT,"{""GoldLabDailyLossCapJPY"":12000}",family has no verified SIMVERIFY activation: daily_loss_cap,,,,,,,,gdda_is_gdd37_12_20260815160810_377818,2026-08-15T07:08:10+00:00
GDD37_13,daily_loss_cap,GOLD日次確定損失上限,同日損失の積み上がりを抑える,当日HistoryDeal集計後発注停止,"{""GoldLabDailyLossCapJPY"":13000}",(2)軽微なコード変更,UNVERIFIED_EA_INPUT,"{""GoldLabDailyLossCapJPY"":13000}",family has no verified SIMVERIFY activation: daily_loss_cap,,,,,,,,gdda_is_gdd37_13_20260815160810_fb404a,2026-08-15T07:08:10+00:00
GDD37_14,daily_loss_cap,GOLD日次確定損失上限,同日損失の積み上がりを抑える,当日HistoryDeal集計後発注停止,"{""GoldLabDailyLossCapJPY"":14000}",(2)軽微なコード変更,UNVERIFIED_EA_INPUT,"{""GoldLabDailyLossCapJPY"":14000}",family has no verified SIMVERIFY activation: daily_loss_cap,,,,,,,,gdda_is_gdd37_14_20260815160810_b8e0ca,2026-08-15T07:08:10+00:00
GDD37_15,daily_loss_cap,GOLD日次確定損失上限,同日損失の積み上がりを抑える,当日HistoryDeal集計後発注停止,"{""GoldLabDailyLossCapJPY"":15000}",(2)軽微なコード変更,UNVERIFIED_EA_INPUT,"{""GoldLabDailyLossCapJPY"":15000}",family has no verified SIMVERIFY activation: daily_loss_cap,,,,,,,,gdda_is_gdd37_15_20260815160810_4dacce,2026-08-15T07:08:10+00:00
GDD37_16,daily_loss_cap,GOLD日次確定損失上限,同日損失の積み上がりを抑える,当日HistoryDeal集計後発注停止,"{""GoldLabDailyLossCapJPY"":16000}",(2)軽微なコード変更,UNVERIFIED_EA_INPUT,"{""GoldLabDailyLossCapJPY"":16000}",family has no verified SIMVERIFY activation: daily_loss_cap,,,,,,,,gdda_is_gdd37_16_20260815160810_f56163,2026-08-15T07:08:10+00:00
GDD37_17,daily_loss_cap,GOLD日次確定損失上限,同日損失の積み上がりを抑える,当日HistoryDeal集計後発注停止,"{""GoldLabDailyLossCapJPY"":17000}",(2)軽微なコード変更,UNVERIFIED_EA_INPUT,"{""GoldLabDailyLossCapJPY"":17000}",family has no verified SIMVERIFY activation: daily_loss_cap,,,,,,,,gdda_is_gdd37_17_20260815160810_f4e0d9,2026-08-15T07:08:10+00:00
GDD37_18,daily_loss_cap,GOLD日次確定損失上限,同日損失の積み上がりを抑える,当日HistoryDeal集計後発注停止,"{""GoldLabDailyLossCapJPY"":18000}",(2)軽微なコード変更,UNVERIFIED_EA_INPUT,"{""GoldLabDailyLossCapJPY"":18000}",family has no verified SIMVERIFY activation: daily_loss_cap,,,,,,,,gdda_is_gdd37_18_20260815160810_623683,2026-08-15T07:08:10+00:00
GDD37_19,daily_loss_cap,GOLD日次確定損失上限,同日損失の積み上がりを抑える,当日HistoryDeal集計後発注停止,"{""GoldLabDailyLossCapJPY"":19000}",(2)軽微なコード変更,UNVERIFIED_EA_INPUT,"{""GoldLabDailyLossCapJPY"":19000}",family has no verified SIMVERIFY activation: daily_loss_cap,,,,,,,,gdda_is_gdd37_19_20260815160810_a10c20,2026-08-15T07:08:10+00:00
GDD37_20,daily_loss_cap,GOLD日次確定損失上限,同日損失の積み上がりを抑える,当日HistoryDeal集計後発注停止,"{""GoldLabDailyLossCapJPY"":20000}",(2)軽微なコード変更,UNVERIFIED_EA_INPUT,"{""GoldLabDailyLossCapJPY"":20000}",family has no verified SIMVERIFY activation: daily_loss_cap,,,,,,,,gdda_is_gdd37_20_20260815160810_7a4199,2026-08-15T07:08:10+00:00
GDD38_01,weekly_loss_cap,GOLD週次確定損失上限,荒れた週の連敗を抑える,週初からの確定損益ゲート,"{""GoldLabWeeklyLossCapJPY"":2000}",(2)軽微なコード変更,UNVERIFIED_EA_INPUT,"{""GoldLabWeeklyLossCapJPY"":2000}",family has no verified SIMVERIFY activation: weekly_loss_cap,,,,,,,,gdda_is_gdd38_01_20260815160810_3a2823,2026-08-15T07:08:10+00:00
GDD38_02,weekly_loss_cap,GOLD週次確定損失上限,荒れた週の連敗を抑える,週初からの確定損益ゲート,"{""GoldLabWeeklyLossCapJPY"":4000}",(2)軽微なコード変更,UNVERIFIED_EA_INPUT,"{""GoldLabWeeklyLossCapJPY"":4000}",family has no verified SIMVERIFY activation: weekly_loss_cap,,,,,,,,gdda_is_gdd38_02_20260815160810_d31a4a,2026-08-15T07:08:10+00:00
GDD38_03,weekly_loss_cap,GOLD週次確定損失上限,荒れた週の連敗を抑える,週初からの確定損益ゲート,"{""GoldLabWeeklyLossCapJPY"":6000}",(2)軽微なコード変更,UNVERIFIED_EA_INPUT,"{""GoldLabWeeklyLossCapJPY"":6000}",family has no verified SIMVERIFY activation: weekly_loss_cap,,,,,,,,gdda_is_gdd38_03_20260815160810_3be29a,2026-08-15T07:08:10+00:00
GDD38_04,weekly_loss_cap,GOLD週次確定損失上限,荒れた週の連敗を抑える,週初からの確定損益ゲート,"{""GoldLabWeeklyLossCapJPY"":8000}",(2)軽微なコード変更,UNVERIFIED_EA_INPUT,"{""GoldLabWeeklyLossCapJPY"":8000}",family has no verified SIMVERIFY activation: weekly_loss_cap,,,,,,,,gdda_is_gdd38_04_20260815160810_8688b0,2026-08-15T07:08:10+00:00
GDD38_05,weekly_loss_cap,GOLD週次確定損失上限,荒れた週の連敗を抑える,週初からの確定損益ゲート,"{""GoldLabWeeklyLossCapJPY"":10000}",(2)軽微なコード変更,UNVERIFIED_EA_INPUT,"{""GoldLabWeeklyLossCapJPY"":10000}",family has no verified SIMVERIFY activation: weekly_loss_cap,,,,,,,,gdda_is_gdd38_05_20260815160810_b3e57a,2026-08-15T07:08:10+00:00
GDD38_06,weekly_loss_cap,GOLD週次確定損失上限,荒れた週の連敗を抑える,週初からの確定損益ゲート,"{""GoldLabWeeklyLossCapJPY"":12000}",(2)軽微なコード変更,UNVERIFIED_EA_INPUT,"{""GoldLabWeeklyLossCapJPY"":12000}",family has no verified SIMVERIFY activation: weekly_loss_cap,,,,,,,,gdda_is_gdd38_06_20260815160810_9efc24,2026-08-15T07:08:10+00:00
GDD38_07,weekly_loss_cap,GOLD週次確定損失上限,荒れた週の連敗を抑える,週初からの確定損益ゲート,"{""GoldLabWeeklyLossCapJPY"":14000}",(2)軽微なコード変更,UNVERIFIED_EA_INPUT,"{""GoldLabWeeklyLossCapJPY"":14000}",family has no verified SIMVERIFY activation: weekly_loss_cap,,,,,,,,gdda_is_gdd38_07_20260815160810_3e5d80,2026-08-15T07:08:10+00:00
GDD38_08,weekly_loss_cap,GOLD週次確定損失上限,荒れた週の連敗を抑える,週初からの確定損益ゲート,"{""GoldLabWeeklyLossCapJPY"":16000}",(2)軽微なコード変更,UNVERIFIED_EA_INPUT,"{""GoldLabWeeklyLossCapJPY"":16000}",family has no verified SIMVERIFY activation: weekly_loss_cap,,,,,,,,gdda_is_gdd38_08_20260815160810_38b458,2026-08-15T07:08:10+00:00
GDD38_09,weekly_loss_cap,GOLD週次確定損失上限,荒れた週の連敗を抑える,週初からの確定損益ゲート,"{""GoldLabWeeklyLossCapJPY"":18000}",(2)軽微なコード変更,UNVERIFIED_EA_INPUT,"{""GoldLabWeeklyLossCapJPY"":18000}",family has no verified SIMVERIFY activation: weekly_loss_cap,,,,,,,,gdda_is_gdd38_09_20260815160810_3602a0,2026-08-15T07:08:10+00:00
GDD38_10,weekly_loss_cap,GOLD週次確定損失上限,荒れた週の連敗を抑える,週初からの確定損益ゲート,"{""GoldLabWeeklyLossCapJPY"":20000}",(2)軽微なコード変更,UNVERIFIED_EA_INPUT,"{""GoldLabWeeklyLossCapJPY"":20000}",family has no verified SIMVERIFY activation: weekly_loss_cap,,,,,,,,gdda_is_gdd38_10_20260815160810_4cc55f,2026-08-15T07:08:10+00:00
GDD38_11,weekly_loss_cap,GOLD週次確定損失上限,荒れた週の連敗を抑える,週初からの確定損益ゲート,"{""GoldLabWeeklyLossCapJPY"":22000}",(2)軽微なコード変更,UNVERIFIED_EA_INPUT,"{""GoldLabWeeklyLossCapJPY"":22000}",family has no verified SIMVERIFY activation: weekly_loss_cap,,,,,,,,gdda_is_gdd38_11_20260815160810_4eef69,2026-08-15T07:08:10+00:00
GDD38_12,weekly_loss_cap,GOLD週次確定損失上限,荒れた週の連敗を抑える,週初からの確定損益ゲート,"{""GoldLabWeeklyLossCapJPY"":24000}",(2)軽微なコード変更,UNVERIFIED_EA_INPUT,"{""GoldLabWeeklyLossCapJPY"":24000}",family has no verified SIMVERIFY activation: weekly_loss_cap,,,,,,,,gdda_is_gdd38_12_20260815160810_1ddefb,2026-08-15T07:08:10+00:00
GDD38_13,weekly_loss_cap,GOLD週次確定損失上限,荒れた週の連敗を抑える,週初からの確定損益ゲート,"{""GoldLabWeeklyLossCapJPY"":26000}",(2)軽微なコード変更,UNVERIFIED_EA_INPUT,"{""GoldLabWeeklyLossCapJPY"":26000}",family has no verified SIMVERIFY activation: weekly_loss_cap,,,,,,,,gdda_is_gdd38_13_20260815160810_a1ffbb,2026-08-15T07:08:10+00:00
GDD38_14,weekly_loss_cap,GOLD週次確定損失上限,荒れた週の連敗を抑える,週初からの確定損益ゲート,"{""GoldLabWeeklyLossCapJPY"":28000}",(2)軽微なコード変更,UNVERIFIED_EA_INPUT,"{""GoldLabWeeklyLossCapJPY"":28000}",family has no verified SIMVERIFY activation: weekly_loss_cap,,,,,,,,gdda_is_gdd38_14_20260815160810_9c9633,2026-08-15T07:08:10+00:00
GDD38_15,weekly_loss_cap,GOLD週次確定損失上限,荒れた週の連敗を抑える,週初からの確定損益ゲート,"{""GoldLabWeeklyLossCapJPY"":30000}",(2)軽微なコード変更,UNVERIFIED_EA_INPUT,"{""GoldLabWeeklyLossCapJPY"":30000}",family has no verified SIMVERIFY activation: weekly_loss_cap,,,,,,,,gdda_is_gdd38_15_20260815160811_98d6cf,2026-08-15T07:08:11+00:00
GDD38_16,weekly_loss_cap,GOLD週次確定損失上限,荒れた週の連敗を抑える,週初からの確定損益ゲート,"{""GoldLabWeeklyLossCapJPY"":32000}",(2)軽微なコード変更,UNVERIFIED_EA_INPUT,"{""GoldLabWeeklyLossCapJPY"":32000}",family has no verified SIMVERIFY activation: weekly_loss_cap,,,,,,,,gdda_is_gdd38_16_20260815160811_966ef9,2026-08-15T07:08:11+00:00
GDD38_17,weekly_loss_cap,GOLD週次確定損失上限,荒れた週の連敗を抑える,週初からの確定損益ゲート,"{""GoldLabWeeklyLossCapJPY"":34000}",(2)軽微なコード変更,UNVERIFIED_EA_INPUT,"{""GoldLabWeeklyLossCapJPY"":34000}",family has no verified SIMVERIFY activation: weekly_loss_cap,,,,,,,,gdda_is_gdd38_17_20260815160811_2913c1,2026-08-15T07:08:11+00:00
GDD38_18,weekly_loss_cap,GOLD週次確定損失上限,荒れた週の連敗を抑える,週初からの確定損益ゲート,"{""GoldLabWeeklyLossCapJPY"":36000}",(2)軽微なコード変更,UNVERIFIED_EA_INPUT,"{""GoldLabWeeklyLossCapJPY"":36000}",family has no verified SIMVERIFY activation: weekly_loss_cap,,,,,,,,gdda_is_gdd38_18_20260815160811_d532b4,2026-08-15T07:08:11+00:00
GDD38_19,weekly_loss_cap,GOLD週次確定損失上限,荒れた週の連敗を抑える,週初からの確定損益ゲート,"{""GoldLabWeeklyLossCapJPY"":38000}",(2)軽微なコード変更,UNVERIFIED_EA_INPUT,"{""GoldLabWeeklyLossCapJPY"":38000}",family has no verified SIMVERIFY activation: weekly_loss_cap,,,,,,,,gdda_is_gdd38_19_20260815160811_fd91fd,2026-08-15T07:08:11+00:00
GDD38_20,weekly_loss_cap,GOLD週次確定損失上限,荒れた週の連敗を抑える,週初からの確定損益ゲート,"{""GoldLabWeeklyLossCapJPY"":40000}",(2)軽微なコード変更,UNVERIFIED_EA_INPUT,"{""GoldLabWeeklyLossCapJPY"":40000}",family has no verified SIMVERIFY activation: weekly_loss_cap,,,,,,,,gdda_is_gdd38_20_20260815160811_bf1198,2026-08-15T07:08:11+00:00
GDD39_01,equity_overlap_cap,GOLD含み損時に他枠新規を抑制,同時含み損の深掘りを防ぐ,GOLD Magicの含み損率判定,"{""GoldLabFloatingLossCapPct"":0.1}",(2)軽微なコード変更,UNVERIFIED_EA_INPUT,"{""GoldLabFloatingLossCapPct"":0.1}",family has no verified SIMVERIFY activation: equity_overlap_cap,,,,,,,,gdda_is_gdd39_01_20260815160811_b4abcc,2026-08-15T07:08:11+00:00
GDD39_02,equity_overlap_cap,GOLD含み損時に他枠新規を抑制,同時含み損の深掘りを防ぐ,GOLD Magicの含み損率判定,"{""GoldLabFloatingLossCapPct"":0.2}",(2)軽微なコード変更,UNVERIFIED_EA_INPUT,"{""GoldLabFloatingLossCapPct"":0.2}",family has no verified SIMVERIFY activation: equity_overlap_cap,,,,,,,,gdda_is_gdd39_02_20260815160811_8b0c95,2026-08-15T07:08:11+00:00
GDD39_03,equity_overlap_cap,GOLD含み損時に他枠新規を抑制,同時含み損の深掘りを防ぐ,GOLD Magicの含み損率判定,"{""GoldLabFloatingLossCapPct"":0.3}",(2)軽微なコード変更,UNVERIFIED_EA_INPUT,"{""GoldLabFloatingLossCapPct"":0.3}",family has no verified SIMVERIFY activation: equity_overlap_cap,,,,,,,,gdda_is_gdd39_03_20260815160811_8e62a7,2026-08-15T07:08:11+00:00
GDD39_04,equity_overlap_cap,GOLD含み損時に他枠新規を抑制,同時含み損の深掘りを防ぐ,GOLD Magicの含み損率判定,"{""GoldLabFloatingLossCapPct"":0.4}",(2)軽微なコード変更,UNVERIFIED_EA_INPUT,"{""GoldLabFloatingLossCapPct"":0.4}",family has no verified SIMVERIFY activation: equity_overlap_cap,,,,,,,,gdda_is_gdd39_04_20260815160811_4f3277,2026-08-15T07:08:11+00:00
GDD39_05,equity_overlap_cap,GOLD含み損時に他枠新規を抑制,同時含み損の深掘りを防ぐ,GOLD Magicの含み損率判定,"{""GoldLabFloatingLossCapPct"":0.5}",(2)軽微なコード変更,UNVERIFIED_EA_INPUT,"{""GoldLabFloatingLossCapPct"":0.5}",family has no verified SIMVERIFY activation: equity_overlap_cap,,,,,,,,gdda_is_gdd39_05_20260815160811_9c800c,2026-08-15T07:08:11+00:00
GDD39_06,equity_overlap_cap,GOLD含み損時に他枠新規を抑制,同時含み損の深掘りを防ぐ,GOLD Magicの含み損率判定,"{""GoldLabFloatingLossCapPct"":0.6}",(2)軽微なコード変更,UNVERIFIED_EA_INPUT,"{""GoldLabFloatingLossCapPct"":0.6}",family has no verified SIMVERIFY activation: equity_overlap_cap,,,,,,,,gdda_is_gdd39_06_20260815160811_98015d,2026-08-15T07:08:11+00:00
GDD39_07,equity_overlap_cap,GOLD含み損時に他枠新規を抑制,同時含み損の深掘りを防ぐ,GOLD Magicの含み損率判定,"{""GoldLabFloatingLossCapPct"":0.7}",(2)軽微なコード変更,UNVERIFIED_EA_INPUT,"{""GoldLabFloatingLossCapPct"":0.7}",family has no verified SIMVERIFY activation: equity_overlap_cap,,,,,,,,gdda_is_gdd39_07_20260815160811_e1f341,2026-08-15T07:08:11+00:00
GDD39_08,equity_overlap_cap,GOLD含み損時に他枠新規を抑制,同時含み損の深掘りを防ぐ,GOLD Magicの含み損率判定,"{""GoldLabFloatingLossCapPct"":0.8}",(2)軽微なコード変更,UNVERIFIED_EA_INPUT,"{""GoldLabFloatingLossCapPct"":0.8}",family has no verified SIMVERIFY activation: equity_overlap_cap,,,,,,,,gdda_is_gdd39_08_20260815160811_9d5004,2026-08-15T07:08:11+00:00
GDD39_09,equity_overlap_cap,GOLD含み損時に他枠新規を抑制,同時含み損の深掘りを防ぐ,GOLD Magicの含み損率判定,"{""GoldLabFloatingLossCapPct"":0.9}",(2)軽微なコード変更,UNVERIFIED_EA_INPUT,"{""GoldLabFloatingLossCapPct"":0.9}",family has no verified SIMVERIFY activation: equity_overlap_cap,,,,,,,,gdda_is_gdd39_09_20260815160811_46cb6f,2026-08-15T07:08:11+00:00
GDD39_10,equity_overlap_cap,GOLD含み損時に他枠新規を抑制,同時含み損の深掘りを防ぐ,GOLD Magicの含み損率判定,"{""GoldLabFloatingLossCapPct"":1.0}",(2)軽微なコード変更,UNVERIFIED_EA_INPUT,"{""GoldLabFloatingLossCapPct"":1.0}",family has no verified SIMVERIFY activation: equity_overlap_cap,,,,,,,,gdda_is_gdd39_10_20260815160811_23ba63,2026-08-15T07:08:11+00:00
GDD39_11,equity_overlap_cap,GOLD含み損時に他枠新規を抑制,同時含み損の深掘りを防ぐ,GOLD Magicの含み損率判定,"{""GoldLabFloatingLossCapPct"":1.1}",(2)軽微なコード変更,UNVERIFIED_EA_INPUT,"{""GoldLabFloatingLossCapPct"":1.1}",family has no verified SIMVERIFY activation: equity_overlap_cap,,,,,,,,gdda_is_gdd39_11_20260815160811_cf1c9c,2026-08-15T07:08:11+00:00
GDD39_12,equity_overlap_cap,GOLD含み損時に他枠新規を抑制,同時含み損の深掘りを防ぐ,GOLD Magicの含み損率判定,"{""GoldLabFloatingLossCapPct"":1.2}",(2)軽微なコード変更,UNVERIFIED_EA_INPUT,"{""GoldLabFloatingLossCapPct"":1.2}",family has no verified SIMVERIFY activation: equity_overlap_cap,,,,,,,,gdda_is_gdd39_12_20260815160811_a08380,2026-08-15T07:08:11+00:00
GDD39_13,equity_overlap_cap,GOLD含み損時に他枠新規を抑制,同時含み損の深掘りを防ぐ,GOLD Magicの含み損率判定,"{""GoldLabFloatingLossCapPct"":1.3}",(2)軽微なコード変更,UNVERIFIED_EA_INPUT,"{""GoldLabFloatingLossCapPct"":1.3}",family has no verified SIMVERIFY activation: equity_overlap_cap,,,,,,,,gdda_is_gdd39_13_20260815160811_d171df,2026-08-15T07:08:11+00:00
GDD39_14,equity_overlap_cap,GOLD含み損時に他枠新規を抑制,同時含み損の深掘りを防ぐ,GOLD Magicの含み損率判定,"{""GoldLabFloatingLossCapPct"":1.4}",(2)軽微なコード変更,UNVERIFIED_EA_INPUT,"{""GoldLabFloatingLossCapPct"":1.4}",family has no verified SIMVERIFY activation: equity_overlap_cap,,,,,,,,gdda_is_gdd39_14_20260815160811_9b0c4c,2026-08-15T07:08:11+00:00
GDD39_15,equity_overlap_cap,GOLD含み損時に他枠新規を抑制,同時含み損の深掘りを防ぐ,GOLD Magicの含み損率判定,"{""GoldLabFloatingLossCapPct"":1.5}",(2)軽微なコード変更,UNVERIFIED_EA_INPUT,"{""GoldLabFloatingLossCapPct"":1.5}",family has no verified SIMVERIFY activation: equity_overlap_cap,,,,,,,,gdda_is_gdd39_15_20260815160811_f1eb7f,2026-08-15T07:08:11+00:00
GDD39_16,equity_overlap_cap,GOLD含み損時に他枠新規を抑制,同時含み損の深掘りを防ぐ,GOLD Magicの含み損率判定,"{""GoldLabFloatingLossCapPct"":1.6}",(2)軽微なコード変更,UNVERIFIED_EA_INPUT,"{""GoldLabFloatingLossCapPct"":1.6}",family has no verified SIMVERIFY activation: equity_overlap_cap,,,,,,,,gdda_is_gdd39_16_20260815160811_efc4ba,2026-08-15T07:08:11+00:00
GDD39_17,equity_overlap_cap,GOLD含み損時に他枠新規を抑制,同時含み損の深掘りを防ぐ,GOLD Magicの含み損率判定,"{""GoldLabFloatingLossCapPct"":1.7}",(2)軽微なコード変更,UNVERIFIED_EA_INPUT,"{""GoldLabFloatingLossCapPct"":1.7}",family has no verified SIMVERIFY activation: equity_overlap_cap,,,,,,,,gdda_is_gdd39_17_20260815160811_05d422,2026-08-15T07:08:11+00:00
GDD39_18,equity_overlap_cap,GOLD含み損時に他枠新規を抑制,同時含み損の深掘りを防ぐ,GOLD Magicの含み損率判定,"{""GoldLabFloatingLossCapPct"":1.8}",(2)軽微なコード変更,UNVERIFIED_EA_INPUT,"{""GoldLabFloatingLossCapPct"":1.8}",family has no verified SIMVERIFY activation: equity_overlap_cap,,,,,,,,gdda_is_gdd39_18_20260815160811_38e3b9,2026-08-15T07:08:11+00:00
GDD39_19,equity_overlap_cap,GOLD含み損時に他枠新規を抑制,同時含み損の深掘りを防ぐ,GOLD Magicの含み損率判定,"{""GoldLabFloatingLossCapPct"":1.9}",(2)軽微なコード変更,UNVERIFIED_EA_INPUT,"{""GoldLabFloatingLossCapPct"":1.9}",family has no verified SIMVERIFY activation: equity_overlap_cap,,,,,,,,gdda_is_gdd39_19_20260815160811_0b8caa,2026-08-15T07:08:11+00:00
GDD39_20,equity_overlap_cap,GOLD含み損時に他枠新規を抑制,同時含み損の深掘りを防ぐ,GOLD Magicの含み損率判定,"{""GoldLabFloatingLossCapPct"":2.0}",(2)軽微なコード変更,UNVERIFIED_EA_INPUT,"{""GoldLabFloatingLossCapPct"":2.0}",family has no verified SIMVERIFY activation: equity_overlap_cap,,,,,,,,gdda_is_gdd39_20_20260815160811_d3c009,2026-08-15T07:08:11+00:00
GDD40_01,vol_regime_atr,ATRレジーム別に挙動変更,固定閾値の期間依存を下げる,過去分位をpoint-in-time算出,"{""design_level"":1}",(3)大規模開発,UNTESTED_MAJOR_DEVELOPMENT,"{""design_level"":1}",rolling ATR分位を各時点までのデータだけで更新する実装が必要,,,,,,,,,
GDD40_02,vol_regime_atr,ATRレジーム別に挙動変更,固定閾値の期間依存を下げる,過去分位をpoint-in-time算出,"{""design_level"":2}",(3)大規模開発,UNTESTED_MAJOR_DEVELOPMENT,"{""design_level"":2}",rolling ATR分位を各時点までのデータだけで更新する実装が必要,,,,,,,,,
GDD40_03,vol_regime_atr,ATRレジーム別に挙動変更,固定閾値の期間依存を下げる,過去分位をpoint-in-time算出,"{""design_level"":3}",(3)大規模開発,UNTESTED_MAJOR_DEVELOPMENT,"{""design_level"":3}",rolling ATR分位を各時点までのデータだけで更新する実装が必要,,,,,,,,,
GDD40_04,vol_regime_atr,ATRレジーム別に挙動変更,固定閾値の期間依存を下げる,過去分位をpoint-in-time算出,"{""design_level"":4}",(3)大規模開発,UNTESTED_MAJOR_DEVELOPMENT,"{""design_level"":4}",rolling ATR分位を各時点までのデータだけで更新する実装が必要,,,,,,,,,
GDD40_05,vol_regime_atr,ATRレジーム別に挙動変更,固定閾値の期間依存を下げる,過去分位をpoint-in-time算出,"{""design_level"":5}",(3)大規模開発,UNTESTED_MAJOR_DEVELOPMENT,"{""design_level"":5}",rolling ATR分位を各時点までのデータだけで更新する実装が必要,,,,,,,,,
GDD40_06,vol_regime_atr,ATRレジーム別に挙動変更,固定閾値の期間依存を下げる,過去分位をpoint-in-time算出,"{""design_level"":6}",(3)大規模開発,UNTESTED_MAJOR_DEVELOPMENT,"{""design_level"":6}",rolling ATR分位を各時点までのデータだけで更新する実装が必要,,,,,,,,,
GDD40_07,vol_regime_atr,ATRレジーム別に挙動変更,固定閾値の期間依存を下げる,過去分位をpoint-in-time算出,"{""design_level"":7}",(3)大規模開発,UNTESTED_MAJOR_DEVELOPMENT,"{""design_level"":7}",rolling ATR分位を各時点までのデータだけで更新する実装が必要,,,,,,,,,
GDD40_08,vol_regime_atr,ATRレジーム別に挙動変更,固定閾値の期間依存を下げる,過去分位をpoint-in-time算出,"{""design_level"":8}",(3)大規模開発,UNTESTED_MAJOR_DEVELOPMENT,"{""design_level"":8}",rolling ATR分位を各時点までのデータだけで更新する実装が必要,,,,,,,,,
GDD40_09,vol_regime_atr,ATRレジーム別に挙動変更,固定閾値の期間依存を下げる,過去分位をpoint-in-time算出,"{""design_level"":9}",(3)大規模開発,UNTESTED_MAJOR_DEVELOPMENT,"{""design_level"":9}",rolling ATR分位を各時点までのデータだけで更新する実装が必要,,,,,,,,,
GDD40_10,vol_regime_atr,ATRレジーム別に挙動変更,固定閾値の期間依存を下げる,過去分位をpoint-in-time算出,"{""design_level"":10}",(3)大規模開発,UNTESTED_MAJOR_DEVELOPMENT,"{""design_level"":10}",rolling ATR分位を各時点までのデータだけで更新する実装が必要,,,,,,,,,
GDD40_11,vol_regime_atr,ATRレジーム別に挙動変更,固定閾値の期間依存を下げる,過去分位をpoint-in-time算出,"{""design_level"":11}",(3)大規模開発,UNTESTED_MAJOR_DEVELOPMENT,"{""design_level"":11}",rolling ATR分位を各時点までのデータだけで更新する実装が必要,,,,,,,,,
GDD40_12,vol_regime_atr,ATRレジーム別に挙動変更,固定閾値の期間依存を下げる,過去分位をpoint-in-time算出,"{""design_level"":12}",(3)大規模開発,UNTESTED_MAJOR_DEVELOPMENT,"{""design_level"":12}",rolling ATR分位を各時点までのデータだけで更新する実装が必要,,,,,,,,,
GDD40_13,vol_regime_atr,ATRレジーム別に挙動変更,固定閾値の期間依存を下げる,過去分位をpoint-in-time算出,"{""design_level"":13}",(3)大規模開発,UNTESTED_MAJOR_DEVELOPMENT,"{""design_level"":13}",rolling ATR分位を各時点までのデータだけで更新する実装が必要,,,,,,,,,
GDD40_14,vol_regime_atr,ATRレジーム別に挙動変更,固定閾値の期間依存を下げる,過去分位をpoint-in-time算出,"{""design_level"":14}",(3)大規模開発,UNTESTED_MAJOR_DEVELOPMENT,"{""design_level"":14}",rolling ATR分位を各時点までのデータだけで更新する実装が必要,,,,,,,,,
GDD40_15,vol_regime_atr,ATRレジーム別に挙動変更,固定閾値の期間依存を下げる,過去分位をpoint-in-time算出,"{""design_level"":15}",(3)大規模開発,UNTESTED_MAJOR_DEVELOPMENT,"{""design_level"":15}",rolling ATR分位を各時点までのデータだけで更新する実装が必要,,,,,,,,,
GDD40_16,vol_regime_atr,ATRレジーム別に挙動変更,固定閾値の期間依存を下げる,過去分位をpoint-in-time算出,"{""design_level"":16}",(3)大規模開発,UNTESTED_MAJOR_DEVELOPMENT,"{""design_level"":16}",rolling ATR分位を各時点までのデータだけで更新する実装が必要,,,,,,,,,
GDD40_17,vol_regime_atr,ATRレジーム別に挙動変更,固定閾値の期間依存を下げる,過去分位をpoint-in-time算出,"{""design_level"":17}",(3)大規模開発,UNTESTED_MAJOR_DEVELOPMENT,"{""design_level"":17}",rolling ATR分位を各時点までのデータだけで更新する実装が必要,,,,,,,,,
GDD40_18,vol_regime_atr,ATRレジーム別に挙動変更,固定閾値の期間依存を下げる,過去分位をpoint-in-time算出,"{""design_level"":18}",(3)大規模開発,UNTESTED_MAJOR_DEVELOPMENT,"{""design_level"":18}",rolling ATR分位を各時点までのデータだけで更新する実装が必要,,,,,,,,,
GDD40_19,vol_regime_atr,ATRレジーム別に挙動変更,固定閾値の期間依存を下げる,過去分位をpoint-in-time算出,"{""design_level"":19}",(3)大規模開発,UNTESTED_MAJOR_DEVELOPMENT,"{""design_level"":19}",rolling ATR分位を各時点までのデータだけで更新する実装が必要,,,,,,,,,
GDD40_20,vol_regime_atr,ATRレジーム別に挙動変更,固定閾値の期間依存を下げる,過去分位をpoint-in-time算出,"{""design_level"":20}",(3)大規模開発,UNTESTED_MAJOR_DEVELOPMENT,"{""design_level"":20}",rolling ATR分位を各時点までのデータだけで更新する実装が必要,,,,,,,,,
GDD41_01,vol_regime_rvol,実現ボラ分位で選別,急変・低ボラ双方を分離,rolling RV分位をEA内計算,"{""design_level"":1}",(3)大規模開発,UNTESTED_MAJOR_DEVELOPMENT,"{""design_level"":1}",rolling realized-vol分位のpoint-in-time実装が必要,,,,,,,,,
GDD41_02,vol_regime_rvol,実現ボラ分位で選別,急変・低ボラ双方を分離,rolling RV分位をEA内計算,"{""design_level"":2}",(3)大規模開発,UNTESTED_MAJOR_DEVELOPMENT,"{""design_level"":2}",rolling realized-vol分位のpoint-in-time実装が必要,,,,,,,,,
GDD41_03,vol_regime_rvol,実現ボラ分位で選別,急変・低ボラ双方を分離,rolling RV分位をEA内計算,"{""design_level"":3}",(3)大規模開発,UNTESTED_MAJOR_DEVELOPMENT,"{""design_level"":3}",rolling realized-vol分位のpoint-in-time実装が必要,,,,,,,,,
GDD41_04,vol_regime_rvol,実現ボラ分位で選別,急変・低ボラ双方を分離,rolling RV分位をEA内計算,"{""design_level"":4}",(3)大規模開発,UNTESTED_MAJOR_DEVELOPMENT,"{""design_level"":4}",rolling realized-vol分位のpoint-in-time実装が必要,,,,,,,,,
GDD41_05,vol_regime_rvol,実現ボラ分位で選別,急変・低ボラ双方を分離,rolling RV分位をEA内計算,"{""design_level"":5}",(3)大規模開発,UNTESTED_MAJOR_DEVELOPMENT,"{""design_level"":5}",rolling realized-vol分位のpoint-in-time実装が必要,,,,,,,,,
GDD41_06,vol_regime_rvol,実現ボラ分位で選別,急変・低ボラ双方を分離,rolling RV分位をEA内計算,"{""design_level"":6}",(3)大規模開発,UNTESTED_MAJOR_DEVELOPMENT,"{""design_level"":6}",rolling realized-vol分位のpoint-in-time実装が必要,,,,,,,,,
GDD41_07,vol_regime_rvol,実現ボラ分位で選別,急変・低ボラ双方を分離,rolling RV分位をEA内計算,"{""design_level"":7}",(3)大規模開発,UNTESTED_MAJOR_DEVELOPMENT,"{""design_level"":7}",rolling realized-vol分位のpoint-in-time実装が必要,,,,,,,,,
GDD41_08,vol_regime_rvol,実現ボラ分位で選別,急変・低ボラ双方を分離,rolling RV分位をEA内計算,"{""design_level"":8}",(3)大規模開発,UNTESTED_MAJOR_DEVELOPMENT,"{""design_level"":8}",rolling realized-vol分位のpoint-in-time実装が必要,,,,,,,,,
GDD41_09,vol_regime_rvol,実現ボラ分位で選別,急変・低ボラ双方を分離,rolling RV分位をEA内計算,"{""design_level"":9}",(3)大規模開発,UNTESTED_MAJOR_DEVELOPMENT,"{""design_level"":9}",rolling realized-vol分位のpoint-in-time実装が必要,,,,,,,,,
GDD41_10,vol_regime_rvol,実現ボラ分位で選別,急変・低ボラ双方を分離,rolling RV分位をEA内計算,"{""design_level"":10}",(3)大規模開発,UNTESTED_MAJOR_DEVELOPMENT,"{""design_level"":10}",rolling realized-vol分位のpoint-in-time実装が必要,,,,,,,,,
GDD41_11,vol_regime_rvol,実現ボラ分位で選別,急変・低ボラ双方を分離,rolling RV分位をEA内計算,"{""design_level"":11}",(3)大規模開発,UNTESTED_MAJOR_DEVELOPMENT,"{""design_level"":11}",rolling realized-vol分位のpoint-in-time実装が必要,,,,,,,,,
GDD41_12,vol_regime_rvol,実現ボラ分位で選別,急変・低ボラ双方を分離,rolling RV分位をEA内計算,"{""design_level"":12}",(3)大規模開発,UNTESTED_MAJOR_DEVELOPMENT,"{""design_level"":12}",rolling realized-vol分位のpoint-in-time実装が必要,,,,,,,,,
GDD41_13,vol_regime_rvol,実現ボラ分位で選別,急変・低ボラ双方を分離,rolling RV分位をEA内計算,"{""design_level"":13}",(3)大規模開発,UNTESTED_MAJOR_DEVELOPMENT,"{""design_level"":13}",rolling realized-vol分位のpoint-in-time実装が必要,,,,,,,,,
GDD41_14,vol_regime_rvol,実現ボラ分位で選別,急変・低ボラ双方を分離,rolling RV分位をEA内計算,"{""design_level"":14}",(3)大規模開発,UNTESTED_MAJOR_DEVELOPMENT,"{""design_level"":14}",rolling realized-vol分位のpoint-in-time実装が必要,,,,,,,,,
GDD41_15,vol_regime_rvol,実現ボラ分位で選別,急変・低ボラ双方を分離,rolling RV分位をEA内計算,"{""design_level"":15}",(3)大規模開発,UNTESTED_MAJOR_DEVELOPMENT,"{""design_level"":15}",rolling realized-vol分位のpoint-in-time実装が必要,,,,,,,,,
GDD41_16,vol_regime_rvol,実現ボラ分位で選別,急変・低ボラ双方を分離,rolling RV分位をEA内計算,"{""design_level"":16}",(3)大規模開発,UNTESTED_MAJOR_DEVELOPMENT,"{""design_level"":16}",rolling realized-vol分位のpoint-in-time実装が必要,,,,,,,,,
GDD41_17,vol_regime_rvol,実現ボラ分位で選別,急変・低ボラ双方を分離,rolling RV分位をEA内計算,"{""design_level"":17}",(3)大規模開発,UNTESTED_MAJOR_DEVELOPMENT,"{""design_level"":17}",rolling realized-vol分位のpoint-in-time実装が必要,,,,,,,,,
GDD41_18,vol_regime_rvol,実現ボラ分位で選別,急変・低ボラ双方を分離,rolling RV分位をEA内計算,"{""design_level"":18}",(3)大規模開発,UNTESTED_MAJOR_DEVELOPMENT,"{""design_level"":18}",rolling realized-vol分位のpoint-in-time実装が必要,,,,,,,,,
GDD41_19,vol_regime_rvol,実現ボラ分位で選別,急変・低ボラ双方を分離,rolling RV分位をEA内計算,"{""design_level"":19}",(3)大規模開発,UNTESTED_MAJOR_DEVELOPMENT,"{""design_level"":19}",rolling realized-vol分位のpoint-in-time実装が必要,,,,,,,,,
GDD41_20,vol_regime_rvol,実現ボラ分位で選別,急変・低ボラ双方を分離,rolling RV分位をEA内計算,"{""design_level"":20}",(3)大規模開発,UNTESTED_MAJOR_DEVELOPMENT,"{""design_level"":20}",rolling realized-vol分位のpoint-in-time実装が必要,,,,,,,,,
GDD42_01,trend_regime,ADX×MA傾きレジームで役割分担,PBとORBの得意環境を分ける,2次元regimeゲート,"{""design_level"":1}",(3)大規模開発,UNTESTED_MAJOR_DEVELOPMENT,"{""design_level"":1}",ADX×MA傾きの2次元状態機械と役割割当が必要,,,,,,,,,
GDD42_02,trend_regime,ADX×MA傾きレジームで役割分担,PBとORBの得意環境を分ける,2次元regimeゲート,"{""design_level"":2}",(3)大規模開発,UNTESTED_MAJOR_DEVELOPMENT,"{""design_level"":2}",ADX×MA傾きの2次元状態機械と役割割当が必要,,,,,,,,,
GDD42_03,trend_regime,ADX×MA傾きレジームで役割分担,PBとORBの得意環境を分ける,2次元regimeゲート,"{""design_level"":3}",(3)大規模開発,UNTESTED_MAJOR_DEVELOPMENT,"{""design_level"":3}",ADX×MA傾きの2次元状態機械と役割割当が必要,,,,,,,,,
GDD42_04,trend_regime,ADX×MA傾きレジームで役割分担,PBとORBの得意環境を分ける,2次元regimeゲート,"{""design_level"":4}",(3)大規模開発,UNTESTED_MAJOR_DEVELOPMENT,"{""design_level"":4}",ADX×MA傾きの2次元状態機械と役割割当が必要,,,,,,,,,
GDD42_05,trend_regime,ADX×MA傾きレジームで役割分担,PBとORBの得意環境を分ける,2次元regimeゲート,"{""design_level"":5}",(3)大規模開発,UNTESTED_MAJOR_DEVELOPMENT,"{""design_level"":5}",ADX×MA傾きの2次元状態機械と役割割当が必要,,,,,,,,,
GDD42_06,trend_regime,ADX×MA傾きレジームで役割分担,PBとORBの得意環境を分ける,2次元regimeゲート,"{""design_level"":6}",(3)大規模開発,UNTESTED_MAJOR_DEVELOPMENT,"{""design_level"":6}",ADX×MA傾きの2次元状態機械と役割割当が必要,,,,,,,,,
GDD42_07,trend_regime,ADX×MA傾きレジームで役割分担,PBとORBの得意環境を分ける,2次元regimeゲート,"{""design_level"":7}",(3)大規模開発,UNTESTED_MAJOR_DEVELOPMENT,"{""design_level"":7}",ADX×MA傾きの2次元状態機械と役割割当が必要,,,,,,,,,
GDD42_08,trend_regime,ADX×MA傾きレジームで役割分担,PBとORBの得意環境を分ける,2次元regimeゲート,"{""design_level"":8}",(3)大規模開発,UNTESTED_MAJOR_DEVELOPMENT,"{""design_level"":8}",ADX×MA傾きの2次元状態機械と役割割当が必要,,,,,,,,,
GDD42_09,trend_regime,ADX×MA傾きレジームで役割分担,PBとORBの得意環境を分ける,2次元regimeゲート,"{""design_level"":9}",(3)大規模開発,UNTESTED_MAJOR_DEVELOPMENT,"{""design_level"":9}",ADX×MA傾きの2次元状態機械と役割割当が必要,,,,,,,,,
GDD42_10,trend_regime,ADX×MA傾きレジームで役割分担,PBとORBの得意環境を分ける,2次元regimeゲート,"{""design_level"":10}",(3)大規模開発,UNTESTED_MAJOR_DEVELOPMENT,"{""design_level"":10}",ADX×MA傾きの2次元状態機械と役割割当が必要,,,,,,,,,
GDD42_11,trend_regime,ADX×MA傾きレジームで役割分担,PBとORBの得意環境を分ける,2次元regimeゲート,"{""design_level"":11}",(3)大規模開発,UNTESTED_MAJOR_DEVELOPMENT,"{""design_level"":11}",ADX×MA傾きの2次元状態機械と役割割当が必要,,,,,,,,,
GDD42_12,trend_regime,ADX×MA傾きレジームで役割分担,PBとORBの得意環境を分ける,2次元regimeゲート,"{""design_level"":12}",(3)大規模開発,UNTESTED_MAJOR_DEVELOPMENT,"{""design_level"":12}",ADX×MA傾きの2次元状態機械と役割割当が必要,,,,,,,,,
GDD42_13,trend_regime,ADX×MA傾きレジームで役割分担,PBとORBの得意環境を分ける,2次元regimeゲート,"{""design_level"":13}",(3)大規模開発,UNTESTED_MAJOR_DEVELOPMENT,"{""design_level"":13}",ADX×MA傾きの2次元状態機械と役割割当が必要,,,,,,,,,
GDD42_14,trend_regime,ADX×MA傾きレジームで役割分担,PBとORBの得意環境を分ける,2次元regimeゲート,"{""design_level"":14}",(3)大規模開発,UNTESTED_MAJOR_DEVELOPMENT,"{""design_level"":14}",ADX×MA傾きの2次元状態機械と役割割当が必要,,,,,,,,,
GDD42_15,trend_regime,ADX×MA傾きレジームで役割分担,PBとORBの得意環境を分ける,2次元regimeゲート,"{""design_level"":15}",(3)大規模開発,UNTESTED_MAJOR_DEVELOPMENT,"{""design_level"":15}",ADX×MA傾きの2次元状態機械と役割割当が必要,,,,,,,,,
GDD42_16,trend_regime,ADX×MA傾きレジームで役割分担,PBとORBの得意環境を分ける,2次元regimeゲート,"{""design_level"":16}",(3)大規模開発,UNTESTED_MAJOR_DEVELOPMENT,"{""design_level"":16}",ADX×MA傾きの2次元状態機械と役割割当が必要,,,,,,,,,
GDD42_17,trend_regime,ADX×MA傾きレジームで役割分担,PBとORBの得意環境を分ける,2次元regimeゲート,"{""design_level"":17}",(3)大規模開発,UNTESTED_MAJOR_DEVELOPMENT,"{""design_level"":17}",ADX×MA傾きの2次元状態機械と役割割当が必要,,,,,,,,,
GDD42_18,trend_regime,ADX×MA傾きレジームで役割分担,PBとORBの得意環境を分ける,2次元regimeゲート,"{""design_level"":18}",(3)大規模開発,UNTESTED_MAJOR_DEVELOPMENT,"{""design_level"":18}",ADX×MA傾きの2次元状態機械と役割割当が必要,,,,,,,,,
GDD42_19,trend_regime,ADX×MA傾きレジームで役割分担,PBとORBの得意環境を分ける,2次元regimeゲート,"{""design_level"":19}",(3)大規模開発,UNTESTED_MAJOR_DEVELOPMENT,"{""design_level"":19}",ADX×MA傾きの2次元状態機械と役割割当が必要,,,,,,,,,
GDD42_20,trend_regime,ADX×MA傾きレジームで役割分担,PBとORBの得意環境を分ける,2次元regimeゲート,"{""design_level"":20}",(3)大規模開発,UNTESTED_MAJOR_DEVELOPMENT,"{""design_level"":20}",ADX×MA傾きの2次元状態機械と役割割当が必要,,,,,,,,,
GDD43_01,range_regime,日足レンジ/ATRで役割分担,日中拡張余地を測る,前日range比ゲート,"{""GoldLabPrevRangeATRMax"":0.25}",(2)軽微なコード変更,UNVERIFIED_EA_INPUT,"{""GoldLabPrevRangeATRMax"":0.25}",family has no verified SIMVERIFY activation: range_regime,,,,,,,,gdda_is_gdd43_01_20260815160811_80c98f,2026-08-15T07:08:11+00:00
GDD43_02,range_regime,日足レンジ/ATRで役割分担,日中拡張余地を測る,前日range比ゲート,"{""GoldLabPrevRangeATRMax"":0.5}",(2)軽微なコード変更,UNVERIFIED_EA_INPUT,"{""GoldLabPrevRangeATRMax"":0.5}",family has no verified SIMVERIFY activation: range_regime,,,,,,,,gdda_is_gdd43_02_20260815160811_797cbe,2026-08-15T07:08:11+00:00
GDD43_03,range_regime,日足レンジ/ATRで役割分担,日中拡張余地を測る,前日range比ゲート,"{""GoldLabPrevRangeATRMax"":0.75}",(2)軽微なコード変更,UNVERIFIED_EA_INPUT,"{""GoldLabPrevRangeATRMax"":0.75}",family has no verified SIMVERIFY activation: range_regime,,,,,,,,gdda_is_gdd43_03_20260815160811_ee65d8,2026-08-15T07:08:11+00:00
GDD43_04,range_regime,日足レンジ/ATRで役割分担,日中拡張余地を測る,前日range比ゲート,"{""GoldLabPrevRangeATRMax"":1.0}",(2)軽微なコード変更,UNVERIFIED_EA_INPUT,"{""GoldLabPrevRangeATRMax"":1.0}",family has no verified SIMVERIFY activation: range_regime,,,,,,,,gdda_is_gdd43_04_20260815160811_696ab6,2026-08-15T07:08:11+00:00
GDD43_05,range_regime,日足レンジ/ATRで役割分担,日中拡張余地を測る,前日range比ゲート,"{""GoldLabPrevRangeATRMax"":1.25}",(2)軽微なコード変更,UNVERIFIED_EA_INPUT,"{""GoldLabPrevRangeATRMax"":1.25}",family has no verified SIMVERIFY activation: range_regime,,,,,,,,gdda_is_gdd43_05_20260815160811_89cd87,2026-08-15T07:08:11+00:00
GDD43_06,range_regime,日足レンジ/ATRで役割分担,日中拡張余地を測る,前日range比ゲート,"{""GoldLabPrevRangeATRMax"":1.5}",(2)軽微なコード変更,UNVERIFIED_EA_INPUT,"{""GoldLabPrevRangeATRMax"":1.5}",family has no verified SIMVERIFY activation: range_regime,,,,,,,,gdda_is_gdd43_06_20260815160811_ff5ccd,2026-08-15T07:08:11+00:00
GDD43_07,range_regime,日足レンジ/ATRで役割分担,日中拡張余地を測る,前日range比ゲート,"{""GoldLabPrevRangeATRMax"":1.75}",(2)軽微なコード変更,UNVERIFIED_EA_INPUT,"{""GoldLabPrevRangeATRMax"":1.75}",family has no verified SIMVERIFY activation: range_regime,,,,,,,,gdda_is_gdd43_07_20260815160811_2c2db4,2026-08-15T07:08:11+00:00
GDD43_08,range_regime,日足レンジ/ATRで役割分担,日中拡張余地を測る,前日range比ゲート,"{""GoldLabPrevRangeATRMax"":2.0}",(2)軽微なコード変更,UNVERIFIED_EA_INPUT,"{""GoldLabPrevRangeATRMax"":2.0}",family has no verified SIMVERIFY activation: range_regime,,,,,,,,gdda_is_gdd43_08_20260815160811_b8f194,2026-08-15T07:08:11+00:00
GDD43_09,range_regime,日足レンジ/ATRで役割分担,日中拡張余地を測る,前日range比ゲート,"{""GoldLabPrevRangeATRMax"":2.25}",(2)軽微なコード変更,UNVERIFIED_EA_INPUT,"{""GoldLabPrevRangeATRMax"":2.25}",family has no verified SIMVERIFY activation: range_regime,,,,,,,,gdda_is_gdd43_09_20260815160811_9a9459,2026-08-15T07:08:11+00:00
GDD43_10,range_regime,日足レンジ/ATRで役割分担,日中拡張余地を測る,前日range比ゲート,"{""GoldLabPrevRangeATRMax"":2.5}",(2)軽微なコード変更,UNVERIFIED_EA_INPUT,"{""GoldLabPrevRangeATRMax"":2.5}",family has no verified SIMVERIFY activation: range_regime,,,,,,,,gdda_is_gdd43_10_20260815160811_85e646,2026-08-15T07:08:11+00:00
GDD43_11,range_regime,日足レンジ/ATRで役割分担,日中拡張余地を測る,前日range比ゲート,"{""GoldLabPrevRangeATRMax"":2.75}",(2)軽微なコード変更,UNVERIFIED_EA_INPUT,"{""GoldLabPrevRangeATRMax"":2.75}",family has no verified SIMVERIFY activation: range_regime,,,,,,,,gdda_is_gdd43_11_20260815160811_f66a2f,2026-08-15T07:08:11+00:00
GDD43_12,range_regime,日足レンジ/ATRで役割分担,日中拡張余地を測る,前日range比ゲート,"{""GoldLabPrevRangeATRMax"":3.0}",(2)軽微なコード変更,UNVERIFIED_EA_INPUT,"{""GoldLabPrevRangeATRMax"":3.0}",family has no verified SIMVERIFY activation: range_regime,,,,,,,,gdda_is_gdd43_12_20260815160811_1e297d,2026-08-15T07:08:11+00:00
GDD43_13,range_regime,日足レンジ/ATRで役割分担,日中拡張余地を測る,前日range比ゲート,"{""GoldLabPrevRangeATRMax"":3.25}",(2)軽微なコード変更,UNVERIFIED_EA_INPUT,"{""GoldLabPrevRangeATRMax"":3.25}",family has no verified SIMVERIFY activation: range_regime,,,,,,,,gdda_is_gdd43_13_20260815160811_faac98,2026-08-15T07:08:11+00:00
GDD43_14,range_regime,日足レンジ/ATRで役割分担,日中拡張余地を測る,前日range比ゲート,"{""GoldLabPrevRangeATRMax"":3.5}",(2)軽微なコード変更,UNVERIFIED_EA_INPUT,"{""GoldLabPrevRangeATRMax"":3.5}",family has no verified SIMVERIFY activation: range_regime,,,,,,,,gdda_is_gdd43_14_20260815160811_73c7ab,2026-08-15T07:08:11+00:00
GDD43_15,range_regime,日足レンジ/ATRで役割分担,日中拡張余地を測る,前日range比ゲート,"{""GoldLabPrevRangeATRMax"":3.75}",(2)軽微なコード変更,UNVERIFIED_EA_INPUT,"{""GoldLabPrevRangeATRMax"":3.75}",family has no verified SIMVERIFY activation: range_regime,,,,,,,,gdda_is_gdd43_15_20260815160811_c335d4,2026-08-15T07:08:11+00:00
GDD43_16,range_regime,日足レンジ/ATRで役割分担,日中拡張余地を測る,前日range比ゲート,"{""GoldLabPrevRangeATRMax"":4.0}",(2)軽微なコード変更,UNVERIFIED_EA_INPUT,"{""GoldLabPrevRangeATRMax"":4.0}",family has no verified SIMVERIFY activation: range_regime,,,,,,,,gdda_is_gdd43_16_20260815160811_f96210,2026-08-15T07:08:11+00:00
GDD43_17,range_regime,日足レンジ/ATRで役割分担,日中拡張余地を測る,前日range比ゲート,"{""GoldLabPrevRangeATRMax"":4.25}",(2)軽微なコード変更,UNVERIFIED_EA_INPUT,"{""GoldLabPrevRangeATRMax"":4.25}",family has no verified SIMVERIFY activation: range_regime,,,,,,,,gdda_is_gdd43_17_20260815160811_b8198d,2026-08-15T07:08:11+00:00
GDD43_18,range_regime,日足レンジ/ATRで役割分担,日中拡張余地を測る,前日range比ゲート,"{""GoldLabPrevRangeATRMax"":4.5}",(2)軽微なコード変更,UNVERIFIED_EA_INPUT,"{""GoldLabPrevRangeATRMax"":4.5}",family has no verified SIMVERIFY activation: range_regime,,,,,,,,gdda_is_gdd43_18_20260815160811_80471b,2026-08-15T07:08:11+00:00
GDD43_19,range_regime,日足レンジ/ATRで役割分担,日中拡張余地を測る,前日range比ゲート,"{""GoldLabPrevRangeATRMax"":4.75}",(2)軽微なコード変更,UNVERIFIED_EA_INPUT,"{""GoldLabPrevRangeATRMax"":4.75}",family has no verified SIMVERIFY activation: range_regime,,,,,,,,gdda_is_gdd43_19_20260815160811_bc7997,2026-08-15T07:08:11+00:00
GDD43_20,range_regime,日足レンジ/ATRで役割分担,日中拡張余地を測る,前日range比ゲート,"{""GoldLabPrevRangeATRMax"":5.0}",(2)軽微なコード変更,UNVERIFIED_EA_INPUT,"{""GoldLabPrevRangeATRMax"":5.0}",family has no verified SIMVERIFY activation: range_regime,,,,,,,,gdda_is_gdd43_20_20260815160811_41b2fc,2026-08-15T07:08:11+00:00
GDD44_01,gap_regime,週明けgap時の役割分担,流動性断絶日の尾損失を抑える,金曜終値比gapゲート,"{""GoldLabGapATRMax"":0.1}",(2)軽微なコード変更,UNVERIFIED_EA_INPUT,"{""GoldLabGapATRMax"":0.1}",family has no verified SIMVERIFY activation: gap_regime,,,,,,,,gdda_is_gdd44_01_20260815160811_0f5b88,2026-08-15T07:08:11+00:00
GDD44_02,gap_regime,週明けgap時の役割分担,流動性断絶日の尾損失を抑える,金曜終値比gapゲート,"{""GoldLabGapATRMax"":0.2}",(2)軽微なコード変更,UNVERIFIED_EA_INPUT,"{""GoldLabGapATRMax"":0.2}",family has no verified SIMVERIFY activation: gap_regime,,,,,,,,gdda_is_gdd44_02_20260815160811_a7c9c4,2026-08-15T07:08:11+00:00
GDD44_03,gap_regime,週明けgap時の役割分担,流動性断絶日の尾損失を抑える,金曜終値比gapゲート,"{""GoldLabGapATRMax"":0.3}",(2)軽微なコード変更,UNVERIFIED_EA_INPUT,"{""GoldLabGapATRMax"":0.3}",family has no verified SIMVERIFY activation: gap_regime,,,,,,,,gdda_is_gdd44_03_20260815160811_576163,2026-08-15T07:08:11+00:00
GDD44_04,gap_regime,週明けgap時の役割分担,流動性断絶日の尾損失を抑える,金曜終値比gapゲート,"{""GoldLabGapATRMax"":0.4}",(2)軽微なコード変更,UNVERIFIED_EA_INPUT,"{""GoldLabGapATRMax"":0.4}",family has no verified SIMVERIFY activation: gap_regime,,,,,,,,gdda_is_gdd44_04_20260815160811_956a85,2026-08-15T07:08:11+00:00
GDD44_05,gap_regime,週明けgap時の役割分担,流動性断絶日の尾損失を抑える,金曜終値比gapゲート,"{""GoldLabGapATRMax"":0.5}",(2)軽微なコード変更,UNVERIFIED_EA_INPUT,"{""GoldLabGapATRMax"":0.5}",family has no verified SIMVERIFY activation: gap_regime,,,,,,,,gdda_is_gdd44_05_20260815160811_aa1977,2026-08-15T07:08:11+00:00
GDD44_06,gap_regime,週明けgap時の役割分担,流動性断絶日の尾損失を抑える,金曜終値比gapゲート,"{""GoldLabGapATRMax"":0.6}",(2)軽微なコード変更,UNVERIFIED_EA_INPUT,"{""GoldLabGapATRMax"":0.6}",family has no verified SIMVERIFY activation: gap_regime,,,,,,,,gdda_is_gdd44_06_20260815160811_d25f6d,2026-08-15T07:08:11+00:00
GDD44_07,gap_regime,週明けgap時の役割分担,流動性断絶日の尾損失を抑える,金曜終値比gapゲート,"{""GoldLabGapATRMax"":0.7}",(2)軽微なコード変更,UNVERIFIED_EA_INPUT,"{""GoldLabGapATRMax"":0.7}",family has no verified SIMVERIFY activation: gap_regime,,,,,,,,gdda_is_gdd44_07_20260815160811_36f4a2,2026-08-15T07:08:11+00:00
GDD44_08,gap_regime,週明けgap時の役割分担,流動性断絶日の尾損失を抑える,金曜終値比gapゲート,"{""GoldLabGapATRMax"":0.8}",(2)軽微なコード変更,UNVERIFIED_EA_INPUT,"{""GoldLabGapATRMax"":0.8}",family has no verified SIMVERIFY activation: gap_regime,,,,,,,,gdda_is_gdd44_08_20260815160811_f34484,2026-08-15T07:08:11+00:00
GDD44_09,gap_regime,週明けgap時の役割分担,流動性断絶日の尾損失を抑える,金曜終値比gapゲート,"{""GoldLabGapATRMax"":0.9}",(2)軽微なコード変更,UNVERIFIED_EA_INPUT,"{""GoldLabGapATRMax"":0.9}",family has no verified SIMVERIFY activation: gap_regime,,,,,,,,gdda_is_gdd44_09_20260815160811_9948b5,2026-08-15T07:08:11+00:00
GDD44_10,gap_regime,週明けgap時の役割分担,流動性断絶日の尾損失を抑える,金曜終値比gapゲート,"{""GoldLabGapATRMax"":1.0}",(2)軽微なコード変更,UNVERIFIED_EA_INPUT,"{""GoldLabGapATRMax"":1.0}",family has no verified SIMVERIFY activation: gap_regime,,,,,,,,gdda_is_gdd44_10_20260815160811_18db52,2026-08-15T07:08:11+00:00
GDD44_11,gap_regime,週明けgap時の役割分担,流動性断絶日の尾損失を抑える,金曜終値比gapゲート,"{""GoldLabGapATRMax"":1.1}",(2)軽微なコード変更,UNVERIFIED_EA_INPUT,"{""GoldLabGapATRMax"":1.1}",family has no verified SIMVERIFY activation: gap_regime,,,,,,,,gdda_is_gdd44_11_20260815160811_9b8007,2026-08-15T07:08:11+00:00
GDD44_12,gap_regime,週明けgap時の役割分担,流動性断絶日の尾損失を抑える,金曜終値比gapゲート,"{""GoldLabGapATRMax"":1.2}",(2)軽微なコード変更,UNVERIFIED_EA_INPUT,"{""GoldLabGapATRMax"":1.2}",family has no verified SIMVERIFY activation: gap_regime,,,,,,,,gdda_is_gdd44_12_20260815160811_d72b34,2026-08-15T07:08:11+00:00
GDD44_13,gap_regime,週明けgap時の役割分担,流動性断絶日の尾損失を抑える,金曜終値比gapゲート,"{""GoldLabGapATRMax"":1.3}",(2)軽微なコード変更,UNVERIFIED_EA_INPUT,"{""GoldLabGapATRMax"":1.3}",family has no verified SIMVERIFY activation: gap_regime,,,,,,,,gdda_is_gdd44_13_20260815160811_20ef3d,2026-08-15T07:08:11+00:00
GDD44_14,gap_regime,週明けgap時の役割分担,流動性断絶日の尾損失を抑える,金曜終値比gapゲート,"{""GoldLabGapATRMax"":1.4}",(2)軽微なコード変更,UNVERIFIED_EA_INPUT,"{""GoldLabGapATRMax"":1.4}",family has no verified SIMVERIFY activation: gap_regime,,,,,,,,gdda_is_gdd44_14_20260815160811_488bac,2026-08-15T07:08:11+00:00
GDD44_15,gap_regime,週明けgap時の役割分担,流動性断絶日の尾損失を抑える,金曜終値比gapゲート,"{""GoldLabGapATRMax"":1.5}",(2)軽微なコード変更,UNVERIFIED_EA_INPUT,"{""GoldLabGapATRMax"":1.5}",family has no verified SIMVERIFY activation: gap_regime,,,,,,,,gdda_is_gdd44_15_20260815160811_06a099,2026-08-15T07:08:11+00:00
GDD44_16,gap_regime,週明けgap時の役割分担,流動性断絶日の尾損失を抑える,金曜終値比gapゲート,"{""GoldLabGapATRMax"":1.6}",(2)軽微なコード変更,UNVERIFIED_EA_INPUT,"{""GoldLabGapATRMax"":1.6}",family has no verified SIMVERIFY activation: gap_regime,,,,,,,,gdda_is_gdd44_16_20260815160811_5ce28e,2026-08-15T07:08:11+00:00
GDD44_17,gap_regime,週明けgap時の役割分担,流動性断絶日の尾損失を抑える,金曜終値比gapゲート,"{""GoldLabGapATRMax"":1.7}",(2)軽微なコード変更,UNVERIFIED_EA_INPUT,"{""GoldLabGapATRMax"":1.7}",family has no verified SIMVERIFY activation: gap_regime,,,,,,,,gdda_is_gdd44_17_20260815160811_472bab,2026-08-15T07:08:11+00:00
GDD44_18,gap_regime,週明けgap時の役割分担,流動性断絶日の尾損失を抑える,金曜終値比gapゲート,"{""GoldLabGapATRMax"":1.8}",(2)軽微なコード変更,UNVERIFIED_EA_INPUT,"{""GoldLabGapATRMax"":1.8}",family has no verified SIMVERIFY activation: gap_regime,,,,,,,,gdda_is_gdd44_18_20260815160811_4f70b6,2026-08-15T07:08:11+00:00
GDD44_19,gap_regime,週明けgap時の役割分担,流動性断絶日の尾損失を抑える,金曜終値比gapゲート,"{""GoldLabGapATRMax"":1.9}",(2)軽微なコード変更,UNVERIFIED_EA_INPUT,"{""GoldLabGapATRMax"":1.9}",family has no verified SIMVERIFY activation: gap_regime,,,,,,,,gdda_is_gdd44_19_20260815160811_1e3ff8,2026-08-15T07:08:11+00:00
GDD44_20,gap_regime,週明けgap時の役割分担,流動性断絶日の尾損失を抑える,金曜終値比gapゲート,"{""GoldLabGapATRMax"":2.0}",(2)軽微なコード変更,UNVERIFIED_EA_INPUT,"{""GoldLabGapATRMax"":2.0}",family has no verified SIMVERIFY activation: gap_regime,,,,,,,,gdda_is_gdd44_20_20260815160811_48b958,2026-08-15T07:08:11+00:00
GDD45_01,event_calendar,主要米指標前後の新規・保有を制御,GOLD固有イベントリスクを分離,point-in-timeカレンダー統合,"{""design_level"":1}",(3)大規模開発,UNTESTED_MAJOR_DEVELOPMENT,"{""design_level"":1}",改訂・公表時刻を保持したpoint-in-time経済指標データが必要,,,,,,,,,
GDD45_02,event_calendar,主要米指標前後の新規・保有を制御,GOLD固有イベントリスクを分離,point-in-timeカレンダー統合,"{""design_level"":2}",(3)大規模開発,UNTESTED_MAJOR_DEVELOPMENT,"{""design_level"":2}",改訂・公表時刻を保持したpoint-in-time経済指標データが必要,,,,,,,,,
GDD45_03,event_calendar,主要米指標前後の新規・保有を制御,GOLD固有イベントリスクを分離,point-in-timeカレンダー統合,"{""design_level"":3}",(3)大規模開発,UNTESTED_MAJOR_DEVELOPMENT,"{""design_level"":3}",改訂・公表時刻を保持したpoint-in-time経済指標データが必要,,,,,,,,,
GDD45_04,event_calendar,主要米指標前後の新規・保有を制御,GOLD固有イベントリスクを分離,point-in-timeカレンダー統合,"{""design_level"":4}",(3)大規模開発,UNTESTED_MAJOR_DEVELOPMENT,"{""design_level"":4}",改訂・公表時刻を保持したpoint-in-time経済指標データが必要,,,,,,,,,
GDD45_05,event_calendar,主要米指標前後の新規・保有を制御,GOLD固有イベントリスクを分離,point-in-timeカレンダー統合,"{""design_level"":5}",(3)大規模開発,UNTESTED_MAJOR_DEVELOPMENT,"{""design_level"":5}",改訂・公表時刻を保持したpoint-in-time経済指標データが必要,,,,,,,,,
GDD45_06,event_calendar,主要米指標前後の新規・保有を制御,GOLD固有イベントリスクを分離,point-in-timeカレンダー統合,"{""design_level"":6}",(3)大規模開発,UNTESTED_MAJOR_DEVELOPMENT,"{""design_level"":6}",改訂・公表時刻を保持したpoint-in-time経済指標データが必要,,,,,,,,,
GDD45_07,event_calendar,主要米指標前後の新規・保有を制御,GOLD固有イベントリスクを分離,point-in-timeカレンダー統合,"{""design_level"":7}",(3)大規模開発,UNTESTED_MAJOR_DEVELOPMENT,"{""design_level"":7}",改訂・公表時刻を保持したpoint-in-time経済指標データが必要,,,,,,,,,
GDD45_08,event_calendar,主要米指標前後の新規・保有を制御,GOLD固有イベントリスクを分離,point-in-timeカレンダー統合,"{""design_level"":8}",(3)大規模開発,UNTESTED_MAJOR_DEVELOPMENT,"{""design_level"":8}",改訂・公表時刻を保持したpoint-in-time経済指標データが必要,,,,,,,,,
GDD45_09,event_calendar,主要米指標前後の新規・保有を制御,GOLD固有イベントリスクを分離,point-in-timeカレンダー統合,"{""design_level"":9}",(3)大規模開発,UNTESTED_MAJOR_DEVELOPMENT,"{""design_level"":9}",改訂・公表時刻を保持したpoint-in-time経済指標データが必要,,,,,,,,,
GDD45_10,event_calendar,主要米指標前後の新規・保有を制御,GOLD固有イベントリスクを分離,point-in-timeカレンダー統合,"{""design_level"":10}",(3)大規模開発,UNTESTED_MAJOR_DEVELOPMENT,"{""design_level"":10}",改訂・公表時刻を保持したpoint-in-time経済指標データが必要,,,,,,,,,
GDD45_11,event_calendar,主要米指標前後の新規・保有を制御,GOLD固有イベントリスクを分離,point-in-timeカレンダー統合,"{""design_level"":11}",(3)大規模開発,UNTESTED_MAJOR_DEVELOPMENT,"{""design_level"":11}",改訂・公表時刻を保持したpoint-in-time経済指標データが必要,,,,,,,,,
GDD45_12,event_calendar,主要米指標前後の新規・保有を制御,GOLD固有イベントリスクを分離,point-in-timeカレンダー統合,"{""design_level"":12}",(3)大規模開発,UNTESTED_MAJOR_DEVELOPMENT,"{""design_level"":12}",改訂・公表時刻を保持したpoint-in-time経済指標データが必要,,,,,,,,,
GDD45_13,event_calendar,主要米指標前後の新規・保有を制御,GOLD固有イベントリスクを分離,point-in-timeカレンダー統合,"{""design_level"":13}",(3)大規模開発,UNTESTED_MAJOR_DEVELOPMENT,"{""design_level"":13}",改訂・公表時刻を保持したpoint-in-time経済指標データが必要,,,,,,,,,
GDD45_14,event_calendar,主要米指標前後の新規・保有を制御,GOLD固有イベントリスクを分離,point-in-timeカレンダー統合,"{""design_level"":14}",(3)大規模開発,UNTESTED_MAJOR_DEVELOPMENT,"{""design_level"":14}",改訂・公表時刻を保持したpoint-in-time経済指標データが必要,,,,,,,,,
GDD45_15,event_calendar,主要米指標前後の新規・保有を制御,GOLD固有イベントリスクを分離,point-in-timeカレンダー統合,"{""design_level"":15}",(3)大規模開発,UNTESTED_MAJOR_DEVELOPMENT,"{""design_level"":15}",改訂・公表時刻を保持したpoint-in-time経済指標データが必要,,,,,,,,,
GDD45_16,event_calendar,主要米指標前後の新規・保有を制御,GOLD固有イベントリスクを分離,point-in-timeカレンダー統合,"{""design_level"":16}",(3)大規模開発,UNTESTED_MAJOR_DEVELOPMENT,"{""design_level"":16}",改訂・公表時刻を保持したpoint-in-time経済指標データが必要,,,,,,,,,
GDD45_17,event_calendar,主要米指標前後の新規・保有を制御,GOLD固有イベントリスクを分離,point-in-timeカレンダー統合,"{""design_level"":17}",(3)大規模開発,UNTESTED_MAJOR_DEVELOPMENT,"{""design_level"":17}",改訂・公表時刻を保持したpoint-in-time経済指標データが必要,,,,,,,,,
GDD45_18,event_calendar,主要米指標前後の新規・保有を制御,GOLD固有イベントリスクを分離,point-in-timeカレンダー統合,"{""design_level"":18}",(3)大規模開発,UNTESTED_MAJOR_DEVELOPMENT,"{""design_level"":18}",改訂・公表時刻を保持したpoint-in-time経済指標データが必要,,,,,,,,,
GDD45_19,event_calendar,主要米指標前後の新規・保有を制御,GOLD固有イベントリスクを分離,point-in-timeカレンダー統合,"{""design_level"":19}",(3)大規模開発,UNTESTED_MAJOR_DEVELOPMENT,"{""design_level"":19}",改訂・公表時刻を保持したpoint-in-time経済指標データが必要,,,,,,,,,
GDD45_20,event_calendar,主要米指標前後の新規・保有を制御,GOLD固有イベントリスクを分離,point-in-timeカレンダー統合,"{""design_level"":20}",(3)大規模開発,UNTESTED_MAJOR_DEVELOPMENT,"{""design_level"":20}",改訂・公表時刻を保持したpoint-in-time経済指標データが必要,,,,,,,,,
GDD46_01,spread_gate,スプレッド上限を動的制御,薄商い・ニュース時の約定悪化を避ける,tick spread分位ゲート,"{""GoldLabMaxSpreadPoints"":10}",(2)軽微なコード変更,UNVERIFIED_EA_INPUT,"{""GoldLabMaxSpreadPoints"":10}",family has no verified SIMVERIFY activation: spread_gate,,,,,,,,gdda_is_gdd46_01_20260815160811_1c3a9f,2026-08-15T07:08:11+00:00
GDD46_02,spread_gate,スプレッド上限を動的制御,薄商い・ニュース時の約定悪化を避ける,tick spread分位ゲート,"{""GoldLabMaxSpreadPoints"":20}",(2)軽微なコード変更,UNVERIFIED_EA_INPUT,"{""GoldLabMaxSpreadPoints"":20}",family has no verified SIMVERIFY activation: spread_gate,,,,,,,,gdda_is_gdd46_02_20260815160811_00f1c0,2026-08-15T07:08:11+00:00
GDD46_03,spread_gate,スプレッド上限を動的制御,薄商い・ニュース時の約定悪化を避ける,tick spread分位ゲート,"{""GoldLabMaxSpreadPoints"":30}",(2)軽微なコード変更,UNVERIFIED_EA_INPUT,"{""GoldLabMaxSpreadPoints"":30}",family has no verified SIMVERIFY activation: spread_gate,,,,,,,,gdda_is_gdd46_03_20260815160811_543298,2026-08-15T07:08:11+00:00
GDD46_04,spread_gate,スプレッド上限を動的制御,薄商い・ニュース時の約定悪化を避ける,tick spread分位ゲート,"{""GoldLabMaxSpreadPoints"":40}",(2)軽微なコード変更,UNVERIFIED_EA_INPUT,"{""GoldLabMaxSpreadPoints"":40}",family has no verified SIMVERIFY activation: spread_gate,,,,,,,,gdda_is_gdd46_04_20260815160811_0641e0,2026-08-15T07:08:11+00:00
GDD46_05,spread_gate,スプレッド上限を動的制御,薄商い・ニュース時の約定悪化を避ける,tick spread分位ゲート,"{""GoldLabMaxSpreadPoints"":50}",(2)軽微なコード変更,UNVERIFIED_EA_INPUT,"{""GoldLabMaxSpreadPoints"":50}",family has no verified SIMVERIFY activation: spread_gate,,,,,,,,gdda_is_gdd46_05_20260815160811_c32919,2026-08-15T07:08:11+00:00
GDD46_06,spread_gate,スプレッド上限を動的制御,薄商い・ニュース時の約定悪化を避ける,tick spread分位ゲート,"{""GoldLabMaxSpreadPoints"":60}",(2)軽微なコード変更,UNVERIFIED_EA_INPUT,"{""GoldLabMaxSpreadPoints"":60}",family has no verified SIMVERIFY activation: spread_gate,,,,,,,,gdda_is_gdd46_06_20260815160811_b9ef52,2026-08-15T07:08:11+00:00
GDD46_07,spread_gate,スプレッド上限を動的制御,薄商い・ニュース時の約定悪化を避ける,tick spread分位ゲート,"{""GoldLabMaxSpreadPoints"":70}",(2)軽微なコード変更,UNVERIFIED_EA_INPUT,"{""GoldLabMaxSpreadPoints"":70}",family has no verified SIMVERIFY activation: spread_gate,,,,,,,,gdda_is_gdd46_07_20260815160811_d2527c,2026-08-15T07:08:11+00:00
GDD46_08,spread_gate,スプレッド上限を動的制御,薄商い・ニュース時の約定悪化を避ける,tick spread分位ゲート,"{""GoldLabMaxSpreadPoints"":80}",(2)軽微なコード変更,UNVERIFIED_EA_INPUT,"{""GoldLabMaxSpreadPoints"":80}",family has no verified SIMVERIFY activation: spread_gate,,,,,,,,gdda_is_gdd46_08_20260815160811_71da0e,2026-08-15T07:08:11+00:00
GDD46_09,spread_gate,スプレッド上限を動的制御,薄商い・ニュース時の約定悪化を避ける,tick spread分位ゲート,"{""GoldLabMaxSpreadPoints"":90}",(2)軽微なコード変更,UNVERIFIED_EA_INPUT,"{""GoldLabMaxSpreadPoints"":90}",family has no verified SIMVERIFY activation: spread_gate,,,,,,,,gdda_is_gdd46_09_20260815160811_d54825,2026-08-15T07:08:11+00:00
GDD46_10,spread_gate,スプレッド上限を動的制御,薄商い・ニュース時の約定悪化を避ける,tick spread分位ゲート,"{""GoldLabMaxSpreadPoints"":100}",(2)軽微なコード変更,UNVERIFIED_EA_INPUT,"{""GoldLabMaxSpreadPoints"":100}",family has no verified SIMVERIFY activation: spread_gate,,,,,,,,gdda_is_gdd46_10_20260815160811_2c9725,2026-08-15T07:08:11+00:00
GDD46_11,spread_gate,スプレッド上限を動的制御,薄商い・ニュース時の約定悪化を避ける,tick spread分位ゲート,"{""GoldLabMaxSpreadPoints"":110}",(2)軽微なコード変更,UNVERIFIED_EA_INPUT,"{""GoldLabMaxSpreadPoints"":110}",family has no verified SIMVERIFY activation: spread_gate,,,,,,,,gdda_is_gdd46_11_20260815160811_653889,2026-08-15T07:08:11+00:00
GDD46_12,spread_gate,スプレッド上限を動的制御,薄商い・ニュース時の約定悪化を避ける,tick spread分位ゲート,"{""GoldLabMaxSpreadPoints"":120}",(2)軽微なコード変更,UNVERIFIED_EA_INPUT,"{""GoldLabMaxSpreadPoints"":120}",family has no verified SIMVERIFY activation: spread_gate,,,,,,,,gdda_is_gdd46_12_20260815160811_386cdc,2026-08-15T07:08:11+00:00
GDD46_13,spread_gate,スプレッド上限を動的制御,薄商い・ニュース時の約定悪化を避ける,tick spread分位ゲート,"{""GoldLabMaxSpreadPoints"":130}",(2)軽微なコード変更,UNVERIFIED_EA_INPUT,"{""GoldLabMaxSpreadPoints"":130}",family has no verified SIMVERIFY activation: spread_gate,,,,,,,,gdda_is_gdd46_13_20260815160811_f497f4,2026-08-15T07:08:11+00:00
GDD46_14,spread_gate,スプレッド上限を動的制御,薄商い・ニュース時の約定悪化を避ける,tick spread分位ゲート,"{""GoldLabMaxSpreadPoints"":140}",(2)軽微なコード変更,UNVERIFIED_EA_INPUT,"{""GoldLabMaxSpreadPoints"":140}",family has no verified SIMVERIFY activation: spread_gate,,,,,,,,gdda_is_gdd46_14_20260815160811_3eb533,2026-08-15T07:08:11+00:00
GDD46_15,spread_gate,スプレッド上限を動的制御,薄商い・ニュース時の約定悪化を避ける,tick spread分位ゲート,"{""GoldLabMaxSpreadPoints"":150}",(2)軽微なコード変更,UNVERIFIED_EA_INPUT,"{""GoldLabMaxSpreadPoints"":150}",family has no verified SIMVERIFY activation: spread_gate,,,,,,,,gdda_is_gdd46_15_20260815160812_50fa85,2026-08-15T07:08:12+00:00
GDD46_16,spread_gate,スプレッド上限を動的制御,薄商い・ニュース時の約定悪化を避ける,tick spread分位ゲート,"{""GoldLabMaxSpreadPoints"":160}",(2)軽微なコード変更,UNVERIFIED_EA_INPUT,"{""GoldLabMaxSpreadPoints"":160}",family has no verified SIMVERIFY activation: spread_gate,,,,,,,,gdda_is_gdd46_16_20260815160812_2f959c,2026-08-15T07:08:12+00:00
GDD46_17,spread_gate,スプレッド上限を動的制御,薄商い・ニュース時の約定悪化を避ける,tick spread分位ゲート,"{""GoldLabMaxSpreadPoints"":170}",(2)軽微なコード変更,UNVERIFIED_EA_INPUT,"{""GoldLabMaxSpreadPoints"":170}",family has no verified SIMVERIFY activation: spread_gate,,,,,,,,gdda_is_gdd46_17_20260815160812_4e87f1,2026-08-15T07:08:12+00:00
GDD46_18,spread_gate,スプレッド上限を動的制御,薄商い・ニュース時の約定悪化を避ける,tick spread分位ゲート,"{""GoldLabMaxSpreadPoints"":180}",(2)軽微なコード変更,UNVERIFIED_EA_INPUT,"{""GoldLabMaxSpreadPoints"":180}",family has no verified SIMVERIFY activation: spread_gate,,,,,,,,gdda_is_gdd46_18_20260815160812_56aae6,2026-08-15T07:08:12+00:00
GDD46_19,spread_gate,スプレッド上限を動的制御,薄商い・ニュース時の約定悪化を避ける,tick spread分位ゲート,"{""GoldLabMaxSpreadPoints"":190}",(2)軽微なコード変更,UNVERIFIED_EA_INPUT,"{""GoldLabMaxSpreadPoints"":190}",family has no verified SIMVERIFY activation: spread_gate,,,,,,,,gdda_is_gdd46_19_20260815160812_f8d792,2026-08-15T07:08:12+00:00
GDD46_20,spread_gate,スプレッド上限を動的制御,薄商い・ニュース時の約定悪化を避ける,tick spread分位ゲート,"{""GoldLabMaxSpreadPoints"":200}",(2)軽微なコード変更,UNVERIFIED_EA_INPUT,"{""GoldLabMaxSpreadPoints"":200}",family has no verified SIMVERIFY activation: spread_gate,,,,,,,,gdda_is_gdd46_20_20260815160812_7c1ea8,2026-08-15T07:08:12+00:00
GDD47_01,slippage_guard,許容価格逸脱で発注取消,急変時の悪い約定を減らす,指値/stop-limit状態機械,"{""design_level"":1}",(3)大規模開発,UNTESTED_MAJOR_DEVELOPMENT,"{""design_level"":1}",stop-limit注文状態機械と未約定・再発注の扱いが必要,,,,,,,,,
GDD47_02,slippage_guard,許容価格逸脱で発注取消,急変時の悪い約定を減らす,指値/stop-limit状態機械,"{""design_level"":2}",(3)大規模開発,UNTESTED_MAJOR_DEVELOPMENT,"{""design_level"":2}",stop-limit注文状態機械と未約定・再発注の扱いが必要,,,,,,,,,
GDD47_03,slippage_guard,許容価格逸脱で発注取消,急変時の悪い約定を減らす,指値/stop-limit状態機械,"{""design_level"":3}",(3)大規模開発,UNTESTED_MAJOR_DEVELOPMENT,"{""design_level"":3}",stop-limit注文状態機械と未約定・再発注の扱いが必要,,,,,,,,,
GDD47_04,slippage_guard,許容価格逸脱で発注取消,急変時の悪い約定を減らす,指値/stop-limit状態機械,"{""design_level"":4}",(3)大規模開発,UNTESTED_MAJOR_DEVELOPMENT,"{""design_level"":4}",stop-limit注文状態機械と未約定・再発注の扱いが必要,,,,,,,,,
GDD47_05,slippage_guard,許容価格逸脱で発注取消,急変時の悪い約定を減らす,指値/stop-limit状態機械,"{""design_level"":5}",(3)大規模開発,UNTESTED_MAJOR_DEVELOPMENT,"{""design_level"":5}",stop-limit注文状態機械と未約定・再発注の扱いが必要,,,,,,,,,
GDD47_06,slippage_guard,許容価格逸脱で発注取消,急変時の悪い約定を減らす,指値/stop-limit状態機械,"{""design_level"":6}",(3)大規模開発,UNTESTED_MAJOR_DEVELOPMENT,"{""design_level"":6}",stop-limit注文状態機械と未約定・再発注の扱いが必要,,,,,,,,,
GDD47_07,slippage_guard,許容価格逸脱で発注取消,急変時の悪い約定を減らす,指値/stop-limit状態機械,"{""design_level"":7}",(3)大規模開発,UNTESTED_MAJOR_DEVELOPMENT,"{""design_level"":7}",stop-limit注文状態機械と未約定・再発注の扱いが必要,,,,,,,,,
GDD47_08,slippage_guard,許容価格逸脱で発注取消,急変時の悪い約定を減らす,指値/stop-limit状態機械,"{""design_level"":8}",(3)大規模開発,UNTESTED_MAJOR_DEVELOPMENT,"{""design_level"":8}",stop-limit注文状態機械と未約定・再発注の扱いが必要,,,,,,,,,
GDD47_09,slippage_guard,許容価格逸脱で発注取消,急変時の悪い約定を減らす,指値/stop-limit状態機械,"{""design_level"":9}",(3)大規模開発,UNTESTED_MAJOR_DEVELOPMENT,"{""design_level"":9}",stop-limit注文状態機械と未約定・再発注の扱いが必要,,,,,,,,,
GDD47_10,slippage_guard,許容価格逸脱で発注取消,急変時の悪い約定を減らす,指値/stop-limit状態機械,"{""design_level"":10}",(3)大規模開発,UNTESTED_MAJOR_DEVELOPMENT,"{""design_level"":10}",stop-limit注文状態機械と未約定・再発注の扱いが必要,,,,,,,,,
GDD47_11,slippage_guard,許容価格逸脱で発注取消,急変時の悪い約定を減らす,指値/stop-limit状態機械,"{""design_level"":11}",(3)大規模開発,UNTESTED_MAJOR_DEVELOPMENT,"{""design_level"":11}",stop-limit注文状態機械と未約定・再発注の扱いが必要,,,,,,,,,
GDD47_12,slippage_guard,許容価格逸脱で発注取消,急変時の悪い約定を減らす,指値/stop-limit状態機械,"{""design_level"":12}",(3)大規模開発,UNTESTED_MAJOR_DEVELOPMENT,"{""design_level"":12}",stop-limit注文状態機械と未約定・再発注の扱いが必要,,,,,,,,,
GDD47_13,slippage_guard,許容価格逸脱で発注取消,急変時の悪い約定を減らす,指値/stop-limit状態機械,"{""design_level"":13}",(3)大規模開発,UNTESTED_MAJOR_DEVELOPMENT,"{""design_level"":13}",stop-limit注文状態機械と未約定・再発注の扱いが必要,,,,,,,,,
GDD47_14,slippage_guard,許容価格逸脱で発注取消,急変時の悪い約定を減らす,指値/stop-limit状態機械,"{""design_level"":14}",(3)大規模開発,UNTESTED_MAJOR_DEVELOPMENT,"{""design_level"":14}",stop-limit注文状態機械と未約定・再発注の扱いが必要,,,,,,,,,
GDD47_15,slippage_guard,許容価格逸脱で発注取消,急変時の悪い約定を減らす,指値/stop-limit状態機械,"{""design_level"":15}",(3)大規模開発,UNTESTED_MAJOR_DEVELOPMENT,"{""design_level"":15}",stop-limit注文状態機械と未約定・再発注の扱いが必要,,,,,,,,,
GDD47_16,slippage_guard,許容価格逸脱で発注取消,急変時の悪い約定を減らす,指値/stop-limit状態機械,"{""design_level"":16}",(3)大規模開発,UNTESTED_MAJOR_DEVELOPMENT,"{""design_level"":16}",stop-limit注文状態機械と未約定・再発注の扱いが必要,,,,,,,,,
GDD47_17,slippage_guard,許容価格逸脱で発注取消,急変時の悪い約定を減らす,指値/stop-limit状態機械,"{""design_level"":17}",(3)大規模開発,UNTESTED_MAJOR_DEVELOPMENT,"{""design_level"":17}",stop-limit注文状態機械と未約定・再発注の扱いが必要,,,,,,,,,
GDD47_18,slippage_guard,許容価格逸脱で発注取消,急変時の悪い約定を減らす,指値/stop-limit状態機械,"{""design_level"":18}",(3)大規模開発,UNTESTED_MAJOR_DEVELOPMENT,"{""design_level"":18}",stop-limit注文状態機械と未約定・再発注の扱いが必要,,,,,,,,,
GDD47_19,slippage_guard,許容価格逸脱で発注取消,急変時の悪い約定を減らす,指値/stop-limit状態機械,"{""design_level"":19}",(3)大規模開発,UNTESTED_MAJOR_DEVELOPMENT,"{""design_level"":19}",stop-limit注文状態機械と未約定・再発注の扱いが必要,,,,,,,,,
GDD47_20,slippage_guard,許容価格逸脱で発注取消,急変時の悪い約定を減らす,指値/stop-limit状態機械,"{""design_level"":20}",(3)大規模開発,UNTESTED_MAJOR_DEVELOPMENT,"{""design_level"":20}",stop-limit注文状態機械と未約定・再発注の扱いが必要,,,,,,,,,
GDD48_01,tail_hedge,損失重複時だけ小口逆方向ヘッジ,尾部だけ凸性を持たせる,別Magic・実効0.01以上で実測,"{""design_level"":1}",(3)大規模開発,UNTESTED_MAJOR_DEVELOPMENT,"{""design_level"":1}",別Magicヘッジの発注・解消・証拠金を含む状態機械が必要,,,,,,,,,
GDD48_02,tail_hedge,損失重複時だけ小口逆方向ヘッジ,尾部だけ凸性を持たせる,別Magic・実効0.01以上で実測,"{""design_level"":2}",(3)大規模開発,UNTESTED_MAJOR_DEVELOPMENT,"{""design_level"":2}",別Magicヘッジの発注・解消・証拠金を含む状態機械が必要,,,,,,,,,
GDD48_03,tail_hedge,損失重複時だけ小口逆方向ヘッジ,尾部だけ凸性を持たせる,別Magic・実効0.01以上で実測,"{""design_level"":3}",(3)大規模開発,UNTESTED_MAJOR_DEVELOPMENT,"{""design_level"":3}",別Magicヘッジの発注・解消・証拠金を含む状態機械が必要,,,,,,,,,
GDD48_04,tail_hedge,損失重複時だけ小口逆方向ヘッジ,尾部だけ凸性を持たせる,別Magic・実効0.01以上で実測,"{""design_level"":4}",(3)大規模開発,UNTESTED_MAJOR_DEVELOPMENT,"{""design_level"":4}",別Magicヘッジの発注・解消・証拠金を含む状態機械が必要,,,,,,,,,
GDD48_05,tail_hedge,損失重複時だけ小口逆方向ヘッジ,尾部だけ凸性を持たせる,別Magic・実効0.01以上で実測,"{""design_level"":5}",(3)大規模開発,UNTESTED_MAJOR_DEVELOPMENT,"{""design_level"":5}",別Magicヘッジの発注・解消・証拠金を含む状態機械が必要,,,,,,,,,
GDD48_06,tail_hedge,損失重複時だけ小口逆方向ヘッジ,尾部だけ凸性を持たせる,別Magic・実効0.01以上で実測,"{""design_level"":6}",(3)大規模開発,UNTESTED_MAJOR_DEVELOPMENT,"{""design_level"":6}",別Magicヘッジの発注・解消・証拠金を含む状態機械が必要,,,,,,,,,
GDD48_07,tail_hedge,損失重複時だけ小口逆方向ヘッジ,尾部だけ凸性を持たせる,別Magic・実効0.01以上で実測,"{""design_level"":7}",(3)大規模開発,UNTESTED_MAJOR_DEVELOPMENT,"{""design_level"":7}",別Magicヘッジの発注・解消・証拠金を含む状態機械が必要,,,,,,,,,
GDD48_08,tail_hedge,損失重複時だけ小口逆方向ヘッジ,尾部だけ凸性を持たせる,別Magic・実効0.01以上で実測,"{""design_level"":8}",(3)大規模開発,UNTESTED_MAJOR_DEVELOPMENT,"{""design_level"":8}",別Magicヘッジの発注・解消・証拠金を含む状態機械が必要,,,,,,,,,
GDD48_09,tail_hedge,損失重複時だけ小口逆方向ヘッジ,尾部だけ凸性を持たせる,別Magic・実効0.01以上で実測,"{""design_level"":9}",(3)大規模開発,UNTESTED_MAJOR_DEVELOPMENT,"{""design_level"":9}",別Magicヘッジの発注・解消・証拠金を含む状態機械が必要,,,,,,,,,
GDD48_10,tail_hedge,損失重複時だけ小口逆方向ヘッジ,尾部だけ凸性を持たせる,別Magic・実効0.01以上で実測,"{""design_level"":10}",(3)大規模開発,UNTESTED_MAJOR_DEVELOPMENT,"{""design_level"":10}",別Magicヘッジの発注・解消・証拠金を含む状態機械が必要,,,,,,,,,
GDD48_11,tail_hedge,損失重複時だけ小口逆方向ヘッジ,尾部だけ凸性を持たせる,別Magic・実効0.01以上で実測,"{""design_level"":11}",(3)大規模開発,UNTESTED_MAJOR_DEVELOPMENT,"{""design_level"":11}",別Magicヘッジの発注・解消・証拠金を含む状態機械が必要,,,,,,,,,
GDD48_12,tail_hedge,損失重複時だけ小口逆方向ヘッジ,尾部だけ凸性を持たせる,別Magic・実効0.01以上で実測,"{""design_level"":12}",(3)大規模開発,UNTESTED_MAJOR_DEVELOPMENT,"{""design_level"":12}",別Magicヘッジの発注・解消・証拠金を含む状態機械が必要,,,,,,,,,
GDD48_13,tail_hedge,損失重複時だけ小口逆方向ヘッジ,尾部だけ凸性を持たせる,別Magic・実効0.01以上で実測,"{""design_level"":13}",(3)大規模開発,UNTESTED_MAJOR_DEVELOPMENT,"{""design_level"":13}",別Magicヘッジの発注・解消・証拠金を含む状態機械が必要,,,,,,,,,
GDD48_14,tail_hedge,損失重複時だけ小口逆方向ヘッジ,尾部だけ凸性を持たせる,別Magic・実効0.01以上で実測,"{""design_level"":14}",(3)大規模開発,UNTESTED_MAJOR_DEVELOPMENT,"{""design_level"":14}",別Magicヘッジの発注・解消・証拠金を含む状態機械が必要,,,,,,,,,
GDD48_15,tail_hedge,損失重複時だけ小口逆方向ヘッジ,尾部だけ凸性を持たせる,別Magic・実効0.01以上で実測,"{""design_level"":15}",(3)大規模開発,UNTESTED_MAJOR_DEVELOPMENT,"{""design_level"":15}",別Magicヘッジの発注・解消・証拠金を含む状態機械が必要,,,,,,,,,
GDD48_16,tail_hedge,損失重複時だけ小口逆方向ヘッジ,尾部だけ凸性を持たせる,別Magic・実効0.01以上で実測,"{""design_level"":16}",(3)大規模開発,UNTESTED_MAJOR_DEVELOPMENT,"{""design_level"":16}",別Magicヘッジの発注・解消・証拠金を含む状態機械が必要,,,,,,,,,
GDD48_17,tail_hedge,損失重複時だけ小口逆方向ヘッジ,尾部だけ凸性を持たせる,別Magic・実効0.01以上で実測,"{""design_level"":17}",(3)大規模開発,UNTESTED_MAJOR_DEVELOPMENT,"{""design_level"":17}",別Magicヘッジの発注・解消・証拠金を含む状態機械が必要,,,,,,,,,
GDD48_18,tail_hedge,損失重複時だけ小口逆方向ヘッジ,尾部だけ凸性を持たせる,別Magic・実効0.01以上で実測,"{""design_level"":18}",(3)大規模開発,UNTESTED_MAJOR_DEVELOPMENT,"{""design_level"":18}",別Magicヘッジの発注・解消・証拠金を含む状態機械が必要,,,,,,,,,
GDD48_19,tail_hedge,損失重複時だけ小口逆方向ヘッジ,尾部だけ凸性を持たせる,別Magic・実効0.01以上で実測,"{""design_level"":19}",(3)大規模開発,UNTESTED_MAJOR_DEVELOPMENT,"{""design_level"":19}",別Magicヘッジの発注・解消・証拠金を含む状態機械が必要,,,,,,,,,
GDD48_20,tail_hedge,損失重複時だけ小口逆方向ヘッジ,尾部だけ凸性を持たせる,別Magic・実効0.01以上で実測,"{""design_level"":20}",(3)大規模開発,UNTESTED_MAJOR_DEVELOPMENT,"{""design_level"":20}",別Magicヘッジの発注・解消・証拠金を含む状態機械が必要,,,,,,,,,
GDD49_01,role_switch,trend時PB/range拡張時SCAへ切替,2枠を独立でなく補完役にする,point-in-time regime selector,"{""design_level"":1}",(3)大規模開発,UNTESTED_MAJOR_DEVELOPMENT,"{""design_level"":1}",PB/SCAのregime選択と状態引継ぎを行う状態機械が必要,,,,,,,,,
GDD49_02,role_switch,trend時PB/range拡張時SCAへ切替,2枠を独立でなく補完役にする,point-in-time regime selector,"{""design_level"":2}",(3)大規模開発,UNTESTED_MAJOR_DEVELOPMENT,"{""design_level"":2}",PB/SCAのregime選択と状態引継ぎを行う状態機械が必要,,,,,,,,,
GDD49_03,role_switch,trend時PB/range拡張時SCAへ切替,2枠を独立でなく補完役にする,point-in-time regime selector,"{""design_level"":3}",(3)大規模開発,UNTESTED_MAJOR_DEVELOPMENT,"{""design_level"":3}",PB/SCAのregime選択と状態引継ぎを行う状態機械が必要,,,,,,,,,
GDD49_04,role_switch,trend時PB/range拡張時SCAへ切替,2枠を独立でなく補完役にする,point-in-time regime selector,"{""design_level"":4}",(3)大規模開発,UNTESTED_MAJOR_DEVELOPMENT,"{""design_level"":4}",PB/SCAのregime選択と状態引継ぎを行う状態機械が必要,,,,,,,,,
GDD49_05,role_switch,trend時PB/range拡張時SCAへ切替,2枠を独立でなく補完役にする,point-in-time regime selector,"{""design_level"":5}",(3)大規模開発,UNTESTED_MAJOR_DEVELOPMENT,"{""design_level"":5}",PB/SCAのregime選択と状態引継ぎを行う状態機械が必要,,,,,,,,,
GDD49_06,role_switch,trend時PB/range拡張時SCAへ切替,2枠を独立でなく補完役にする,point-in-time regime selector,"{""design_level"":6}",(3)大規模開発,UNTESTED_MAJOR_DEVELOPMENT,"{""design_level"":6}",PB/SCAのregime選択と状態引継ぎを行う状態機械が必要,,,,,,,,,
GDD49_07,role_switch,trend時PB/range拡張時SCAへ切替,2枠を独立でなく補完役にする,point-in-time regime selector,"{""design_level"":7}",(3)大規模開発,UNTESTED_MAJOR_DEVELOPMENT,"{""design_level"":7}",PB/SCAのregime選択と状態引継ぎを行う状態機械が必要,,,,,,,,,
GDD49_08,role_switch,trend時PB/range拡張時SCAへ切替,2枠を独立でなく補完役にする,point-in-time regime selector,"{""design_level"":8}",(3)大規模開発,UNTESTED_MAJOR_DEVELOPMENT,"{""design_level"":8}",PB/SCAのregime選択と状態引継ぎを行う状態機械が必要,,,,,,,,,
GDD49_09,role_switch,trend時PB/range拡張時SCAへ切替,2枠を独立でなく補完役にする,point-in-time regime selector,"{""design_level"":9}",(3)大規模開発,UNTESTED_MAJOR_DEVELOPMENT,"{""design_level"":9}",PB/SCAのregime選択と状態引継ぎを行う状態機械が必要,,,,,,,,,
GDD49_10,role_switch,trend時PB/range拡張時SCAへ切替,2枠を独立でなく補完役にする,point-in-time regime selector,"{""design_level"":10}",(3)大規模開発,UNTESTED_MAJOR_DEVELOPMENT,"{""design_level"":10}",PB/SCAのregime選択と状態引継ぎを行う状態機械が必要,,,,,,,,,
GDD49_11,role_switch,trend時PB/range拡張時SCAへ切替,2枠を独立でなく補完役にする,point-in-time regime selector,"{""design_level"":11}",(3)大規模開発,UNTESTED_MAJOR_DEVELOPMENT,"{""design_level"":11}",PB/SCAのregime選択と状態引継ぎを行う状態機械が必要,,,,,,,,,
GDD49_12,role_switch,trend時PB/range拡張時SCAへ切替,2枠を独立でなく補完役にする,point-in-time regime selector,"{""design_level"":12}",(3)大規模開発,UNTESTED_MAJOR_DEVELOPMENT,"{""design_level"":12}",PB/SCAのregime選択と状態引継ぎを行う状態機械が必要,,,,,,,,,
GDD49_13,role_switch,trend時PB/range拡張時SCAへ切替,2枠を独立でなく補完役にする,point-in-time regime selector,"{""design_level"":13}",(3)大規模開発,UNTESTED_MAJOR_DEVELOPMENT,"{""design_level"":13}",PB/SCAのregime選択と状態引継ぎを行う状態機械が必要,,,,,,,,,
GDD49_14,role_switch,trend時PB/range拡張時SCAへ切替,2枠を独立でなく補完役にする,point-in-time regime selector,"{""design_level"":14}",(3)大規模開発,UNTESTED_MAJOR_DEVELOPMENT,"{""design_level"":14}",PB/SCAのregime選択と状態引継ぎを行う状態機械が必要,,,,,,,,,
GDD49_15,role_switch,trend時PB/range拡張時SCAへ切替,2枠を独立でなく補完役にする,point-in-time regime selector,"{""design_level"":15}",(3)大規模開発,UNTESTED_MAJOR_DEVELOPMENT,"{""design_level"":15}",PB/SCAのregime選択と状態引継ぎを行う状態機械が必要,,,,,,,,,
GDD49_16,role_switch,trend時PB/range拡張時SCAへ切替,2枠を独立でなく補完役にする,point-in-time regime selector,"{""design_level"":16}",(3)大規模開発,UNTESTED_MAJOR_DEVELOPMENT,"{""design_level"":16}",PB/SCAのregime選択と状態引継ぎを行う状態機械が必要,,,,,,,,,
GDD49_17,role_switch,trend時PB/range拡張時SCAへ切替,2枠を独立でなく補完役にする,point-in-time regime selector,"{""design_level"":17}",(3)大規模開発,UNTESTED_MAJOR_DEVELOPMENT,"{""design_level"":17}",PB/SCAのregime選択と状態引継ぎを行う状態機械が必要,,,,,,,,,
GDD49_18,role_switch,trend時PB/range拡張時SCAへ切替,2枠を独立でなく補完役にする,point-in-time regime selector,"{""design_level"":18}",(3)大規模開発,UNTESTED_MAJOR_DEVELOPMENT,"{""design_level"":18}",PB/SCAのregime選択と状態引継ぎを行う状態機械が必要,,,,,,,,,
GDD49_19,role_switch,trend時PB/range拡張時SCAへ切替,2枠を独立でなく補完役にする,point-in-time regime selector,"{""design_level"":19}",(3)大規模開発,UNTESTED_MAJOR_DEVELOPMENT,"{""design_level"":19}",PB/SCAのregime選択と状態引継ぎを行う状態機械が必要,,,,,,,,,
GDD49_20,role_switch,trend時PB/range拡張時SCAへ切替,2枠を独立でなく補完役にする,point-in-time regime selector,"{""design_level"":20}",(3)大規模開発,UNTESTED_MAJOR_DEVELOPMENT,"{""design_level"":20}",PB/SCAのregime選択と状態引継ぎを行う状態機械が必要,,,,,,,,,
GDD50_01,walkforward_selector,過去窓成績で片枠を選択,環境変化に応じ役割を更新,固定ルールwalk-forwardをEA内再現,"{""design_level"":1}",(3)大規模開発,UNTESTED_MAJOR_DEVELOPMENT,"{""design_level"":1}",過去窓のみで更新するwalk-forward選択器とウォームアップが必要,,,,,,,,,
GDD50_02,walkforward_selector,過去窓成績で片枠を選択,環境変化に応じ役割を更新,固定ルールwalk-forwardをEA内再現,"{""design_level"":2}",(3)大規模開発,UNTESTED_MAJOR_DEVELOPMENT,"{""design_level"":2}",過去窓のみで更新するwalk-forward選択器とウォームアップが必要,,,,,,,,,
GDD50_03,walkforward_selector,過去窓成績で片枠を選択,環境変化に応じ役割を更新,固定ルールwalk-forwardをEA内再現,"{""design_level"":3}",(3)大規模開発,UNTESTED_MAJOR_DEVELOPMENT,"{""design_level"":3}",過去窓のみで更新するwalk-forward選択器とウォームアップが必要,,,,,,,,,
GDD50_04,walkforward_selector,過去窓成績で片枠を選択,環境変化に応じ役割を更新,固定ルールwalk-forwardをEA内再現,"{""design_level"":4}",(3)大規模開発,UNTESTED_MAJOR_DEVELOPMENT,"{""design_level"":4}",過去窓のみで更新するwalk-forward選択器とウォームアップが必要,,,,,,,,,
GDD50_05,walkforward_selector,過去窓成績で片枠を選択,環境変化に応じ役割を更新,固定ルールwalk-forwardをEA内再現,"{""design_level"":5}",(3)大規模開発,UNTESTED_MAJOR_DEVELOPMENT,"{""design_level"":5}",過去窓のみで更新するwalk-forward選択器とウォームアップが必要,,,,,,,,,
GDD50_06,walkforward_selector,過去窓成績で片枠を選択,環境変化に応じ役割を更新,固定ルールwalk-forwardをEA内再現,"{""design_level"":6}",(3)大規模開発,UNTESTED_MAJOR_DEVELOPMENT,"{""design_level"":6}",過去窓のみで更新するwalk-forward選択器とウォームアップが必要,,,,,,,,,
GDD50_07,walkforward_selector,過去窓成績で片枠を選択,環境変化に応じ役割を更新,固定ルールwalk-forwardをEA内再現,"{""design_level"":7}",(3)大規模開発,UNTESTED_MAJOR_DEVELOPMENT,"{""design_level"":7}",過去窓のみで更新するwalk-forward選択器とウォームアップが必要,,,,,,,,,
GDD50_08,walkforward_selector,過去窓成績で片枠を選択,環境変化に応じ役割を更新,固定ルールwalk-forwardをEA内再現,"{""design_level"":8}",(3)大規模開発,UNTESTED_MAJOR_DEVELOPMENT,"{""design_level"":8}",過去窓のみで更新するwalk-forward選択器とウォームアップが必要,,,,,,,,,
GDD50_09,walkforward_selector,過去窓成績で片枠を選択,環境変化に応じ役割を更新,固定ルールwalk-forwardをEA内再現,"{""design_level"":9}",(3)大規模開発,UNTESTED_MAJOR_DEVELOPMENT,"{""design_level"":9}",過去窓のみで更新するwalk-forward選択器とウォームアップが必要,,,,,,,,,
GDD50_10,walkforward_selector,過去窓成績で片枠を選択,環境変化に応じ役割を更新,固定ルールwalk-forwardをEA内再現,"{""design_level"":10}",(3)大規模開発,UNTESTED_MAJOR_DEVELOPMENT,"{""design_level"":10}",過去窓のみで更新するwalk-forward選択器とウォームアップが必要,,,,,,,,,
GDD50_11,walkforward_selector,過去窓成績で片枠を選択,環境変化に応じ役割を更新,固定ルールwalk-forwardをEA内再現,"{""design_level"":11}",(3)大規模開発,UNTESTED_MAJOR_DEVELOPMENT,"{""design_level"":11}",過去窓のみで更新するwalk-forward選択器とウォームアップが必要,,,,,,,,,
GDD50_12,walkforward_selector,過去窓成績で片枠を選択,環境変化に応じ役割を更新,固定ルールwalk-forwardをEA内再現,"{""design_level"":12}",(3)大規模開発,UNTESTED_MAJOR_DEVELOPMENT,"{""design_level"":12}",過去窓のみで更新するwalk-forward選択器とウォームアップが必要,,,,,,,,,
GDD50_13,walkforward_selector,過去窓成績で片枠を選択,環境変化に応じ役割を更新,固定ルールwalk-forwardをEA内再現,"{""design_level"":13}",(3)大規模開発,UNTESTED_MAJOR_DEVELOPMENT,"{""design_level"":13}",過去窓のみで更新するwalk-forward選択器とウォームアップが必要,,,,,,,,,
GDD50_14,walkforward_selector,過去窓成績で片枠を選択,環境変化に応じ役割を更新,固定ルールwalk-forwardをEA内再現,"{""design_level"":14}",(3)大規模開発,UNTESTED_MAJOR_DEVELOPMENT,"{""design_level"":14}",過去窓のみで更新するwalk-forward選択器とウォームアップが必要,,,,,,,,,
GDD50_15,walkforward_selector,過去窓成績で片枠を選択,環境変化に応じ役割を更新,固定ルールwalk-forwardをEA内再現,"{""design_level"":15}",(3)大規模開発,UNTESTED_MAJOR_DEVELOPMENT,"{""design_level"":15}",過去窓のみで更新するwalk-forward選択器とウォームアップが必要,,,,,,,,,
GDD50_16,walkforward_selector,過去窓成績で片枠を選択,環境変化に応じ役割を更新,固定ルールwalk-forwardをEA内再現,"{""design_level"":16}",(3)大規模開発,UNTESTED_MAJOR_DEVELOPMENT,"{""design_level"":16}",過去窓のみで更新するwalk-forward選択器とウォームアップが必要,,,,,,,,,
GDD50_17,walkforward_selector,過去窓成績で片枠を選択,環境変化に応じ役割を更新,固定ルールwalk-forwardをEA内再現,"{""design_level"":17}",(3)大規模開発,UNTESTED_MAJOR_DEVELOPMENT,"{""design_level"":17}",過去窓のみで更新するwalk-forward選択器とウォームアップが必要,,,,,,,,,
GDD50_18,walkforward_selector,過去窓成績で片枠を選択,環境変化に応じ役割を更新,固定ルールwalk-forwardをEA内再現,"{""design_level"":18}",(3)大規模開発,UNTESTED_MAJOR_DEVELOPMENT,"{""design_level"":18}",過去窓のみで更新するwalk-forward選択器とウォームアップが必要,,,,,,,,,
GDD50_19,walkforward_selector,過去窓成績で片枠を選択,環境変化に応じ役割を更新,固定ルールwalk-forwardをEA内再現,"{""design_level"":19}",(3)大規模開発,UNTESTED_MAJOR_DEVELOPMENT,"{""design_level"":19}",過去窓のみで更新するwalk-forward選択器とウォームアップが必要,,,,,,,,,
GDD50_20,walkforward_selector,過去窓成績で片枠を選択,環境変化に応じ役割を更新,固定ルールwalk-forwardをEA内再現,"{""design_level"":20}",(3)大規模開発,UNTESTED_MAJOR_DEVELOPMENT,"{""design_level"":20}",過去窓のみで更新するwalk-forward選択器とウォームアップが必要,,,,,,,,,
