2026-08-14T00:57:56+00:00 SCREEN_SCHEMA_MIGRATED rows=65
2026-08-14T00:57:56+00:00 DRIVER_START pid=29368 stage=is proposals=1000 classification2=820
2026-08-14T00:57:56+00:00 SKIP_EXISTING [1/1] id=GDD06_01 window=IS scope=GOLD2
2026-08-14T00:57:56+00:00 QUEUE_SUMMARY selected=1 started=0 skipped=1
2026-08-14T00:57:56+00:00 DRIVER_END status=OK
2026-08-14T00:58:03+00:00 DRIVER_START pid=29140 stage=is proposals=1000 classification2=820
2026-08-14T00:58:03+00:00 RUN_START [1/2] id=GDD07_01 family=pb_rr window=IS run=gdda_is_gdd07_01_20260814095803_0da103
2026-08-14T00:59:59+00:00 RUN_END [1/2] id=GDD07_01 window=IS status=OK decision=IS_SURVIVOR_TRADEOFF elapsed=115.930s
2026-08-14T00:59:59+00:00 RUN_START [2/2] id=GDD07_02 family=pb_rr window=IS run=gdda_is_gdd07_02_20260814095959_2133cb
2026-08-14T01:01:07+00:00 RUN_END [2/2] id=GDD07_02 window=IS status=OK decision=IS_SURVIVOR_TRADEOFF elapsed=68.358s
2026-08-14T01:01:07+00:00 QUEUE_SUMMARY selected=2 started=2 skipped=0
2026-08-14T01:01:07+00:00 DRIVER_END status=OK
2026-08-14T01:01:16+00:00 DRIVER_START pid=26316 stage=is proposals=1000 classification2=820
2026-08-14T01:01:16+00:00 SKIP_EXISTING [1/2] id=GDD07_01 window=IS scope=GOLD2
2026-08-14T01:01:16+00:00 SKIP_EXISTING [2/2] id=GDD07_02 window=IS scope=GOLD2
2026-08-14T01:01:16+00:00 QUEUE_SUMMARY selected=2 started=0 skipped=2
2026-08-14T01:01:16+00:00 DRIVER_END status=OK
2026-08-14T01:01:50+00:00 DRIVER_START pid=26076 stage=is proposals=1000 classification2=820
2026-08-14T01:01:50+00:00 RUN_START [1/1] id=GDD25_02 family=sca_boost window=IS run=gdda_is_gdd25_02_20260814100150_f05125
2026-08-14T01:03:03+00:00 RUN_END [1/1] id=GDD25_02 window=IS status=UNVERIFIED decision=UNVERIFIED_LOTSTEP elapsed=73.265s
2026-08-14T01:03:03+00:00 QUEUE_SUMMARY selected=1 started=1 skipped=0
2026-08-14T01:03:03+00:00 DRIVER_END status=OK
2026-08-14T01:03:41+00:00 DRIVER_START pid=20792 stage=is proposals=1000 classification2=820
2026-08-14T01:03:41+00:00 SKIP_EXISTING [1/1] id=GDD25_02 window=IS scope=GOLD2
2026-08-14T01:03:41+00:00 QUEUE_SUMMARY selected=1 started=0 skipped=1
2026-08-14T01:03:41+00:00 DRIVER_END status=OK
2026-08-14T01:04:29+00:00 STALE_LOCK_RECOVERED detail='pid=999999 started=2026-08-14T00:00:00+00:00'
2026-08-14T01:04:29+00:00 DRIVER_START pid=26076 stage=is proposals=1000 classification2=820 implemented_families=13
2026-08-14T01:04:29+00:00 SKIP_EXISTING [1/1] id=GDD07_01 window=IS scope=GOLD2
2026-08-14T01:04:29+00:00 QUEUE_SUMMARY selected=1 started=0 skipped=1
2026-08-14T01:04:29+00:00 DRIVER_END status=OK
2026-08-14T01:06:12+00:00 DRIVER_START pid=28656 stage=all proposals=1000 classification2=820 implemented_families=13
2026-08-14T01:06:12+00:00 RUN_START [1/820] id=GDD01_01 family=overlap_mutex window=IS run=gdda_is_gdd01_01_20260814100612_bdb754
2026-08-14T01:06:12+00:00 RUN_END [1/820] id=GDD01_01 window=IS status=UNVERIFIED decision=UNVERIFIED_EA_INPUT elapsed=0.002s
2026-08-14T01:06:12+00:00 RUN_START [2/820] id=GDD01_02 family=overlap_mutex window=IS run=gdda_is_gdd01_02_20260814100612_e3f817
2026-08-14T01:06:12+00:00 RUN_END [2/820] id=GDD01_02 window=IS status=UNVERIFIED decision=UNVERIFIED_EA_INPUT elapsed=0.001s
2026-08-14T01:06:12+00:00 RUN_START [3/820] id=GDD01_03 family=overlap_mutex window=IS run=gdda_is_gdd01_03_20260814100612_704711
2026-08-14T01:06:12+00:00 RUN_END [3/820] id=GDD01_03 window=IS status=UNVERIFIED decision=UNVERIFIED_EA_INPUT elapsed=0.001s
2026-08-14T01:06:12+00:00 RUN_START [4/820] id=GDD01_04 family=overlap_mutex window=IS run=gdda_is_gdd01_04_20260814100612_3d5964
2026-08-14T01:06:12+00:00 RUN_END [4/820] id=GDD01_04 window=IS status=UNVERIFIED decision=UNVERIFIED_EA_INPUT elapsed=0.001s
2026-08-14T01:06:12+00:00 RUN_START [5/820] id=GDD01_05 family=overlap_mutex window=IS run=gdda_is_gdd01_05_20260814100612_4fc4f5
2026-08-14T01:06:12+00:00 RUN_END [5/820] id=GDD01_05 window=IS status=UNVERIFIED decision=UNVERIFIED_EA_INPUT elapsed=0.001s
2026-08-14T01:06:12+00:00 RUN_START [6/820] id=GDD01_06 family=overlap_mutex window=IS run=gdda_is_gdd01_06_20260814100612_a17470
2026-08-14T01:06:12+00:00 RUN_END [6/820] id=GDD01_06 window=IS status=UNVERIFIED decision=UNVERIFIED_EA_INPUT elapsed=0.001s
2026-08-14T01:06:12+00:00 RUN_START [7/820] id=GDD01_07 family=overlap_mutex window=IS run=gdda_is_gdd01_07_20260814100612_a8e5c4
2026-08-14T01:06:12+00:00 RUN_END [7/820] id=GDD01_07 window=IS status=UNVERIFIED decision=UNVERIFIED_EA_INPUT elapsed=0.001s
2026-08-14T01:06:12+00:00 RUN_START [8/820] id=GDD01_08 family=overlap_mutex window=IS run=gdda_is_gdd01_08_20260814100612_7c4e4b
2026-08-14T01:06:12+00:00 RUN_END [8/820] id=GDD01_08 window=IS status=UNVERIFIED decision=UNVERIFIED_EA_INPUT elapsed=0.001s
2026-08-14T01:06:12+00:00 RUN_START [9/820] id=GDD01_09 family=overlap_mutex window=IS run=gdda_is_gdd01_09_20260814100612_287def
2026-08-14T01:06:12+00:00 RUN_END [9/820] id=GDD01_09 window=IS status=UNVERIFIED decision=UNVERIFIED_EA_INPUT elapsed=0.001s
2026-08-14T01:06:12+00:00 RUN_START [10/820] id=GDD01_10 family=overlap_mutex window=IS run=gdda_is_gdd01_10_20260814100612_cca155
2026-08-14T01:06:13+00:00 RUN_END [10/820] id=GDD01_10 window=IS status=UNVERIFIED decision=UNVERIFIED_EA_INPUT elapsed=0.001s
2026-08-14T01:06:13+00:00 RUN_START [11/820] id=GDD01_11 family=overlap_mutex window=IS run=gdda_is_gdd01_11_20260814100613_d11ec1
2026-08-14T01:06:13+00:00 RUN_END [11/820] id=GDD01_11 window=IS status=UNVERIFIED decision=UNVERIFIED_EA_INPUT elapsed=0.001s
2026-08-14T01:06:13+00:00 RUN_START [12/820] id=GDD01_12 family=overlap_mutex window=IS run=gdda_is_gdd01_12_20260814100613_1513e3
2026-08-14T01:06:13+00:00 RUN_END [12/820] id=GDD01_12 window=IS status=UNVERIFIED decision=UNVERIFIED_EA_INPUT elapsed=0.001s
2026-08-14T01:06:13+00:00 RUN_START [13/820] id=GDD01_13 family=overlap_mutex window=IS run=gdda_is_gdd01_13_20260814100613_449dc8
2026-08-14T01:06:13+00:00 RUN_END [13/820] id=GDD01_13 window=IS status=UNVERIFIED decision=UNVERIFIED_EA_INPUT elapsed=0.001s
2026-08-14T01:06:13+00:00 RUN_START [14/820] id=GDD01_14 family=overlap_mutex window=IS run=gdda_is_gdd01_14_20260814100613_e45ad3
2026-08-14T01:06:13+00:00 RUN_END [14/820] id=GDD01_14 window=IS status=UNVERIFIED decision=UNVERIFIED_EA_INPUT elapsed=0.001s
2026-08-14T01:06:13+00:00 RUN_START [15/820] id=GDD01_15 family=overlap_mutex window=IS run=gdda_is_gdd01_15_20260814100613_c24f26
2026-08-14T01:06:13+00:00 RUN_END [15/820] id=GDD01_15 window=IS status=UNVERIFIED decision=UNVERIFIED_EA_INPUT elapsed=0.001s
2026-08-14T01:06:13+00:00 RUN_START [16/820] id=GDD01_16 family=overlap_mutex window=IS run=gdda_is_gdd01_16_20260814100613_bc28b5
2026-08-14T01:06:13+00:00 RUN_END [16/820] id=GDD01_16 window=IS status=UNVERIFIED decision=UNVERIFIED_EA_INPUT elapsed=0.001s
2026-08-14T01:06:13+00:00 RUN_START [17/820] id=GDD01_17 family=overlap_mutex window=IS run=gdda_is_gdd01_17_20260814100613_2bf5b1
2026-08-14T01:06:13+00:00 RUN_END [17/820] id=GDD01_17 window=IS status=UNVERIFIED decision=UNVERIFIED_EA_INPUT elapsed=0.001s
2026-08-14T01:06:13+00:00 RUN_START [18/820] id=GDD01_18 family=overlap_mutex window=IS run=gdda_is_gdd01_18_20260814100613_6fd96e
2026-08-14T01:06:13+00:00 RUN_END [18/820] id=GDD01_18 window=IS status=UNVERIFIED decision=UNVERIFIED_EA_INPUT elapsed=0.001s
2026-08-14T01:06:13+00:00 RUN_START [19/820] id=GDD01_19 family=overlap_mutex window=IS run=gdda_is_gdd01_19_20260814100613_4c7b30
2026-08-14T01:06:13+00:00 RUN_END [19/820] id=GDD01_19 window=IS status=UNVERIFIED decision=UNVERIFIED_EA_INPUT elapsed=0.001s
2026-08-14T01:06:13+00:00 RUN_START [20/820] id=GDD01_20 family=overlap_mutex window=IS run=gdda_is_gdd01_20_20260814100613_0fe63b
2026-08-14T01:06:13+00:00 RUN_END [20/820] id=GDD01_20 window=IS status=UNVERIFIED decision=UNVERIFIED_EA_INPUT elapsed=0.001s
2026-08-14T01:06:13+00:00 RUN_START [21/820] id=GDD02_01 family=overlap_priority_pb window=IS run=gdda_is_gdd02_01_20260814100613_68eb2a
2026-08-14T01:06:13+00:00 RUN_END [21/820] id=GDD02_01 window=IS status=UNVERIFIED decision=UNVERIFIED_EA_INPUT elapsed=0.001s
2026-08-14T01:06:13+00:00 RUN_START [22/820] id=GDD02_02 family=overlap_priority_pb window=IS run=gdda_is_gdd02_02_20260814100613_b8866d
2026-08-14T01:06:13+00:00 RUN_END [22/820] id=GDD02_02 window=IS status=UNVERIFIED decision=UNVERIFIED_EA_INPUT elapsed=0.002s
2026-08-14T01:06:13+00:00 RUN_START [23/820] id=GDD02_03 family=overlap_priority_pb window=IS run=gdda_is_gdd02_03_20260814100613_1fab4c
2026-08-14T01:06:13+00:00 RUN_END [23/820] id=GDD02_03 window=IS status=UNVERIFIED decision=UNVERIFIED_EA_INPUT elapsed=0.001s
2026-08-14T01:06:13+00:00 RUN_START [24/820] id=GDD02_04 family=overlap_priority_pb window=IS run=gdda_is_gdd02_04_20260814100613_8c6a0d
2026-08-14T01:06:13+00:00 RUN_END [24/820] id=GDD02_04 window=IS status=UNVERIFIED decision=UNVERIFIED_EA_INPUT elapsed=0.001s
2026-08-14T01:06:13+00:00 RUN_START [25/820] id=GDD02_05 family=overlap_priority_pb window=IS run=gdda_is_gdd02_05_20260814100613_b6b535
2026-08-14T01:06:13+00:00 RUN_END [25/820] id=GDD02_05 window=IS status=UNVERIFIED decision=UNVERIFIED_EA_INPUT elapsed=0.002s
2026-08-14T01:06:13+00:00 RUN_START [26/820] id=GDD02_06 family=overlap_priority_pb window=IS run=gdda_is_gdd02_06_20260814100613_36b0e1
2026-08-14T01:06:13+00:00 RUN_END [26/820] id=GDD02_06 window=IS status=UNVERIFIED decision=UNVERIFIED_EA_INPUT elapsed=0.001s
2026-08-14T01:06:13+00:00 RUN_START [27/820] id=GDD02_07 family=overlap_priority_pb window=IS run=gdda_is_gdd02_07_20260814100613_9413d5
2026-08-14T01:06:13+00:00 RUN_END [27/820] id=GDD02_07 window=IS status=UNVERIFIED decision=UNVERIFIED_EA_INPUT elapsed=0.001s
2026-08-14T01:06:13+00:00 RUN_START [28/820] id=GDD02_08 family=overlap_priority_pb window=IS run=gdda_is_gdd02_08_20260814100613_c6744f
2026-08-14T01:06:13+00:00 RUN_END [28/820] id=GDD02_08 window=IS status=UNVERIFIED decision=UNVERIFIED_EA_INPUT elapsed=0.001s
2026-08-14T01:06:13+00:00 RUN_START [29/820] id=GDD02_09 family=overlap_priority_pb window=IS run=gdda_is_gdd02_09_20260814100613_cf007d
2026-08-14T01:06:13+00:00 RUN_END [29/820] id=GDD02_09 window=IS status=UNVERIFIED decision=UNVERIFIED_EA_INPUT elapsed=0.001s
2026-08-14T01:06:13+00:00 RUN_START [30/820] id=GDD02_10 family=overlap_priority_pb window=IS run=gdda_is_gdd02_10_20260814100613_cbc77b
2026-08-14T01:06:13+00:00 RUN_END [30/820] id=GDD02_10 window=IS status=UNVERIFIED decision=UNVERIFIED_EA_INPUT elapsed=0.001s
2026-08-14T01:06:13+00:00 RUN_START [31/820] id=GDD02_11 family=overlap_priority_pb window=IS run=gdda_is_gdd02_11_20260814100613_c31db2
2026-08-14T01:06:13+00:00 RUN_END [31/820] id=GDD02_11 window=IS status=UNVERIFIED decision=UNVERIFIED_EA_INPUT elapsed=0.001s
2026-08-14T01:06:13+00:00 RUN_START [32/820] id=GDD02_12 family=overlap_priority_pb window=IS run=gdda_is_gdd02_12_20260814100613_9c8ec1
2026-08-14T01:06:13+00:00 RUN_END [32/820] id=GDD02_12 window=IS status=UNVERIFIED decision=UNVERIFIED_EA_INPUT elapsed=0.001s
2026-08-14T01:06:13+00:00 RUN_START [33/820] id=GDD02_13 family=overlap_priority_pb window=IS run=gdda_is_gdd02_13_20260814100613_a8f7e2
2026-08-14T01:06:13+00:00 RUN_END [33/820] id=GDD02_13 window=IS status=UNVERIFIED decision=UNVERIFIED_EA_INPUT elapsed=0.001s
2026-08-14T01:06:13+00:00 RUN_START [34/820] id=GDD02_14 family=overlap_priority_pb window=IS run=gdda_is_gdd02_14_20260814100613_dc9411
2026-08-14T01:06:13+00:00 RUN_END [34/820] id=GDD02_14 window=IS status=UNVERIFIED decision=UNVERIFIED_EA_INPUT elapsed=0.001s
2026-08-14T01:06:13+00:00 RUN_START [35/820] id=GDD02_15 family=overlap_priority_pb window=IS run=gdda_is_gdd02_15_20260814100613_aa3a54
2026-08-14T01:06:13+00:00 RUN_END [35/820] id=GDD02_15 window=IS status=UNVERIFIED decision=UNVERIFIED_EA_INPUT elapsed=0.001s
2026-08-14T01:06:13+00:00 RUN_START [36/820] id=GDD02_16 family=overlap_priority_pb window=IS run=gdda_is_gdd02_16_20260814100613_c7c2b3
2026-08-14T01:06:13+00:00 RUN_END [36/820] id=GDD02_16 window=IS status=UNVERIFIED decision=UNVERIFIED_EA_INPUT elapsed=0.001s
2026-08-14T01:06:13+00:00 RUN_START [37/820] id=GDD02_17 family=overlap_priority_pb window=IS run=gdda_is_gdd02_17_20260814100613_cf62eb
2026-08-14T01:06:13+00:00 RUN_END [37/820] id=GDD02_17 window=IS status=UNVERIFIED decision=UNVERIFIED_EA_INPUT elapsed=0.001s
2026-08-14T01:06:13+00:00 RUN_START [38/820] id=GDD02_18 family=overlap_priority_pb window=IS run=gdda_is_gdd02_18_20260814100613_3f8ce3
2026-08-14T01:06:13+00:00 RUN_END [38/820] id=GDD02_18 window=IS status=UNVERIFIED decision=UNVERIFIED_EA_INPUT elapsed=0.001s
2026-08-14T01:06:13+00:00 RUN_START [39/820] id=GDD02_19 family=overlap_priority_pb window=IS run=gdda_is_gdd02_19_20260814100613_e5e2e5
2026-08-14T01:06:13+00:00 RUN_END [39/820] id=GDD02_19 window=IS status=UNVERIFIED decision=UNVERIFIED_EA_INPUT elapsed=0.001s
2026-08-14T01:06:13+00:00 RUN_START [40/820] id=GDD02_20 family=overlap_priority_pb window=IS run=gdda_is_gdd02_20_20260814100613_5b593a
2026-08-14T01:06:13+00:00 RUN_END [40/820] id=GDD02_20 window=IS status=UNVERIFIED decision=UNVERIFIED_EA_INPUT elapsed=0.002s
2026-08-14T01:06:13+00:00 RUN_START [41/820] id=GDD03_01 family=overlap_priority_sca window=IS run=gdda_is_gdd03_01_20260814100613_2c852e
2026-08-14T01:06:13+00:00 RUN_END [41/820] id=GDD03_01 window=IS status=UNVERIFIED decision=UNVERIFIED_EA_INPUT elapsed=0.001s
2026-08-14T01:06:13+00:00 RUN_START [42/820] id=GDD03_02 family=overlap_priority_sca window=IS run=gdda_is_gdd03_02_20260814100613_399003
2026-08-14T01:06:13+00:00 RUN_END [42/820] id=GDD03_02 window=IS status=UNVERIFIED decision=UNVERIFIED_EA_INPUT elapsed=0.001s
2026-08-14T01:06:13+00:00 RUN_START [43/820] id=GDD03_03 family=overlap_priority_sca window=IS run=gdda_is_gdd03_03_20260814100613_545922
2026-08-14T01:06:13+00:00 RUN_END [43/820] id=GDD03_03 window=IS status=UNVERIFIED decision=UNVERIFIED_EA_INPUT elapsed=0.001s
2026-08-14T01:06:13+00:00 RUN_START [44/820] id=GDD03_04 family=overlap_priority_sca window=IS run=gdda_is_gdd03_04_20260814100613_31ac5f
2026-08-14T01:06:13+00:00 RUN_END [44/820] id=GDD03_04 window=IS status=UNVERIFIED decision=UNVERIFIED_EA_INPUT elapsed=0.001s
2026-08-14T01:06:13+00:00 RUN_START [45/820] id=GDD03_05 family=overlap_priority_sca window=IS run=gdda_is_gdd03_05_20260814100613_2e168d
2026-08-14T01:06:13+00:00 RUN_END [45/820] id=GDD03_05 window=IS status=UNVERIFIED decision=UNVERIFIED_EA_INPUT elapsed=0.001s
2026-08-14T01:06:13+00:00 RUN_START [46/820] id=GDD03_06 family=overlap_priority_sca window=IS run=gdda_is_gdd03_06_20260814100613_c7d124
2026-08-14T01:06:13+00:00 RUN_END [46/820] id=GDD03_06 window=IS status=UNVERIFIED decision=UNVERIFIED_EA_INPUT elapsed=0.001s
2026-08-14T01:06:13+00:00 RUN_START [47/820] id=GDD03_07 family=overlap_priority_sca window=IS run=gdda_is_gdd03_07_20260814100613_c71d2d
2026-08-14T01:06:13+00:00 RUN_END [47/820] id=GDD03_07 window=IS status=UNVERIFIED decision=UNVERIFIED_EA_INPUT elapsed=0.001s
2026-08-14T01:06:13+00:00 RUN_START [48/820] id=GDD03_08 family=overlap_priority_sca window=IS run=gdda_is_gdd03_08_20260814100613_a738bd
2026-08-14T01:06:13+00:00 RUN_END [48/820] id=GDD03_08 window=IS status=UNVERIFIED decision=UNVERIFIED_EA_INPUT elapsed=0.001s
2026-08-14T01:06:13+00:00 RUN_START [49/820] id=GDD03_09 family=overlap_priority_sca window=IS run=gdda_is_gdd03_09_20260814100613_a9c98d
2026-08-14T01:06:13+00:00 RUN_END [49/820] id=GDD03_09 window=IS status=UNVERIFIED decision=UNVERIFIED_EA_INPUT elapsed=0.001s
2026-08-14T01:06:13+00:00 RUN_START [50/820] id=GDD03_10 family=overlap_priority_sca window=IS run=gdda_is_gdd03_10_20260814100613_fc1a4b
2026-08-14T01:06:13+00:00 RUN_END [50/820] id=GDD03_10 window=IS status=UNVERIFIED decision=UNVERIFIED_EA_INPUT elapsed=0.001s
2026-08-14T01:06:13+00:00 RUN_START [51/820] id=GDD03_11 family=overlap_priority_sca window=IS run=gdda_is_gdd03_11_20260814100613_766d7e
2026-08-14T01:06:13+00:00 RUN_END [51/820] id=GDD03_11 window=IS status=UNVERIFIED decision=UNVERIFIED_EA_INPUT elapsed=0.001s
2026-08-14T01:06:13+00:00 RUN_START [52/820] id=GDD03_12 family=overlap_priority_sca window=IS run=gdda_is_gdd03_12_20260814100613_15d65d
2026-08-14T01:06:13+00:00 RUN_END [52/820] id=GDD03_12 window=IS status=UNVERIFIED decision=UNVERIFIED_EA_INPUT elapsed=0.001s
2026-08-14T01:06:13+00:00 RUN_START [53/820] id=GDD03_13 family=overlap_priority_sca window=IS run=gdda_is_gdd03_13_20260814100613_30d3e4
2026-08-14T01:06:13+00:00 RUN_END [53/820] id=GDD03_13 window=IS status=UNVERIFIED decision=UNVERIFIED_EA_INPUT elapsed=0.001s
2026-08-14T01:06:13+00:00 RUN_START [54/820] id=GDD03_14 family=overlap_priority_sca window=IS run=gdda_is_gdd03_14_20260814100613_86cae0
2026-08-14T01:06:13+00:00 RUN_END [54/820] id=GDD03_14 window=IS status=UNVERIFIED decision=UNVERIFIED_EA_INPUT elapsed=0.001s
2026-08-14T01:06:13+00:00 RUN_START [55/820] id=GDD03_15 family=overlap_priority_sca window=IS run=gdda_is_gdd03_15_20260814100613_6c1b50
2026-08-14T01:06:13+00:00 RUN_END [55/820] id=GDD03_15 window=IS status=UNVERIFIED decision=UNVERIFIED_EA_INPUT elapsed=0.001s
2026-08-14T01:06:13+00:00 RUN_START [56/820] id=GDD03_16 family=overlap_priority_sca window=IS run=gdda_is_gdd03_16_20260814100613_2c520a
2026-08-14T01:06:13+00:00 RUN_END [56/820] id=GDD03_16 window=IS status=UNVERIFIED decision=UNVERIFIED_EA_INPUT elapsed=0.001s
2026-08-14T01:06:13+00:00 RUN_START [57/820] id=GDD03_17 family=overlap_priority_sca window=IS run=gdda_is_gdd03_17_20260814100613_9b8a60
2026-08-14T01:06:13+00:00 RUN_END [57/820] id=GDD03_17 window=IS status=UNVERIFIED decision=UNVERIFIED_EA_INPUT elapsed=0.001s
2026-08-14T01:06:13+00:00 RUN_START [58/820] id=GDD03_18 family=overlap_priority_sca window=IS run=gdda_is_gdd03_18_20260814100613_1f390d
2026-08-14T01:06:13+00:00 RUN_END [58/820] id=GDD03_18 window=IS status=UNVERIFIED decision=UNVERIFIED_EA_INPUT elapsed=0.001s
2026-08-14T01:06:13+00:00 RUN_START [59/820] id=GDD03_19 family=overlap_priority_sca window=IS run=gdda_is_gdd03_19_20260814100613_88b1ed
2026-08-14T01:06:13+00:00 RUN_END [59/820] id=GDD03_19 window=IS status=UNVERIFIED decision=UNVERIFIED_EA_INPUT elapsed=0.001s
2026-08-14T01:06:13+00:00 RUN_START [60/820] id=GDD03_20 family=overlap_priority_sca window=IS run=gdda_is_gdd03_20_20260814100613_86e071
2026-08-14T01:06:13+00:00 RUN_END [60/820] id=GDD03_20 window=IS status=UNVERIFIED decision=UNVERIFIED_EA_INPUT elapsed=0.001s
2026-08-14T01:06:13+00:00 RUN_START [61/820] id=GDD04_01 family=overlap_direction window=IS run=gdda_is_gdd04_01_20260814100613_90b212
2026-08-14T01:06:13+00:00 RUN_END [61/820] id=GDD04_01 window=IS status=UNVERIFIED decision=UNVERIFIED_EA_INPUT elapsed=0.001s
2026-08-14T01:06:13+00:00 RUN_START [62/820] id=GDD04_02 family=overlap_direction window=IS run=gdda_is_gdd04_02_20260814100613_61c2d3
2026-08-14T01:06:13+00:00 RUN_END [62/820] id=GDD04_02 window=IS status=UNVERIFIED decision=UNVERIFIED_EA_INPUT elapsed=0.001s
2026-08-14T01:06:13+00:00 RUN_START [63/820] id=GDD04_03 family=overlap_direction window=IS run=gdda_is_gdd04_03_20260814100613_37a617
2026-08-14T01:06:13+00:00 RUN_END [63/820] id=GDD04_03 window=IS status=UNVERIFIED decision=UNVERIFIED_EA_INPUT elapsed=0.001s
2026-08-14T01:06:13+00:00 RUN_START [64/820] id=GDD04_04 family=overlap_direction window=IS run=gdda_is_gdd04_04_20260814100613_43f5b4
2026-08-14T01:06:13+00:00 RUN_END [64/820] id=GDD04_04 window=IS status=UNVERIFIED decision=UNVERIFIED_EA_INPUT elapsed=0.001s
2026-08-14T01:06:13+00:00 RUN_START [65/820] id=GDD04_05 family=overlap_direction window=IS run=gdda_is_gdd04_05_20260814100613_46f13f
2026-08-14T01:06:13+00:00 RUN_END [65/820] id=GDD04_05 window=IS status=UNVERIFIED decision=UNVERIFIED_EA_INPUT elapsed=0.001s
2026-08-14T01:06:13+00:00 RUN_START [66/820] id=GDD04_06 family=overlap_direction window=IS run=gdda_is_gdd04_06_20260814100613_fe6307
2026-08-14T01:06:13+00:00 RUN_END [66/820] id=GDD04_06 window=IS status=UNVERIFIED decision=UNVERIFIED_EA_INPUT elapsed=0.001s
2026-08-14T01:06:13+00:00 RUN_START [67/820] id=GDD04_07 family=overlap_direction window=IS run=gdda_is_gdd04_07_20260814100613_b049fe
2026-08-14T01:06:13+00:00 RUN_END [67/820] id=GDD04_07 window=IS status=UNVERIFIED decision=UNVERIFIED_EA_INPUT elapsed=0.001s
2026-08-14T01:06:13+00:00 RUN_START [68/820] id=GDD04_08 family=overlap_direction window=IS run=gdda_is_gdd04_08_20260814100613_90be36
2026-08-14T01:06:13+00:00 RUN_END [68/820] id=GDD04_08 window=IS status=UNVERIFIED decision=UNVERIFIED_EA_INPUT elapsed=0.001s
2026-08-14T01:06:13+00:00 RUN_START [69/820] id=GDD04_09 family=overlap_direction window=IS run=gdda_is_gdd04_09_20260814100613_b39312
2026-08-14T01:06:13+00:00 RUN_END [69/820] id=GDD04_09 window=IS status=UNVERIFIED decision=UNVERIFIED_EA_INPUT elapsed=0.001s
2026-08-14T01:06:13+00:00 RUN_START [70/820] id=GDD04_10 family=overlap_direction window=IS run=gdda_is_gdd04_10_20260814100613_c68f86
2026-08-14T01:06:13+00:00 RUN_END [70/820] id=GDD04_10 window=IS status=UNVERIFIED decision=UNVERIFIED_EA_INPUT elapsed=0.001s
2026-08-14T01:06:13+00:00 RUN_START [71/820] id=GDD04_11 family=overlap_direction window=IS run=gdda_is_gdd04_11_20260814100613_536ae6
2026-08-14T01:06:13+00:00 RUN_END [71/820] id=GDD04_11 window=IS status=UNVERIFIED decision=UNVERIFIED_EA_INPUT elapsed=0.001s
2026-08-14T01:06:13+00:00 RUN_START [72/820] id=GDD04_12 family=overlap_direction window=IS run=gdda_is_gdd04_12_20260814100613_538481
2026-08-14T01:06:13+00:00 RUN_END [72/820] id=GDD04_12 window=IS status=UNVERIFIED decision=UNVERIFIED_EA_INPUT elapsed=0.001s
2026-08-14T01:06:13+00:00 RUN_START [73/820] id=GDD04_13 family=overlap_direction window=IS run=gdda_is_gdd04_13_20260814100613_bf8dae
2026-08-14T01:06:13+00:00 RUN_END [73/820] id=GDD04_13 window=IS status=UNVERIFIED decision=UNVERIFIED_EA_INPUT elapsed=0.001s
2026-08-14T01:06:13+00:00 RUN_START [74/820] id=GDD04_14 family=overlap_direction window=IS run=gdda_is_gdd04_14_20260814100613_ed30d0
2026-08-14T01:06:13+00:00 RUN_END [74/820] id=GDD04_14 window=IS status=UNVERIFIED decision=UNVERIFIED_EA_INPUT elapsed=0.001s
2026-08-14T01:06:13+00:00 RUN_START [75/820] id=GDD04_15 family=overlap_direction window=IS run=gdda_is_gdd04_15_20260814100613_023400
2026-08-14T01:06:13+00:00 RUN_END [75/820] id=GDD04_15 window=IS status=UNVERIFIED decision=UNVERIFIED_EA_INPUT elapsed=0.001s
2026-08-14T01:06:13+00:00 RUN_START [76/820] id=GDD04_16 family=overlap_direction window=IS run=gdda_is_gdd04_16_20260814100613_440394
2026-08-14T01:06:13+00:00 RUN_END [76/820] id=GDD04_16 window=IS status=UNVERIFIED decision=UNVERIFIED_EA_INPUT elapsed=0.001s
2026-08-14T01:06:13+00:00 RUN_START [77/820] id=GDD04_17 family=overlap_direction window=IS run=gdda_is_gdd04_17_20260814100613_2a6129
2026-08-14T01:06:13+00:00 RUN_END [77/820] id=GDD04_17 window=IS status=UNVERIFIED decision=UNVERIFIED_EA_INPUT elapsed=0.001s
2026-08-14T01:06:13+00:00 RUN_START [78/820] id=GDD04_18 family=overlap_direction window=IS run=gdda_is_gdd04_18_20260814100613_0c5aa2
2026-08-14T01:06:13+00:00 RUN_END [78/820] id=GDD04_18 window=IS status=UNVERIFIED decision=UNVERIFIED_EA_INPUT elapsed=0.001s
2026-08-14T01:06:13+00:00 RUN_START [79/820] id=GDD04_19 family=overlap_direction window=IS run=gdda_is_gdd04_19_20260814100613_eb3de9
2026-08-14T01:06:13+00:00 RUN_END [79/820] id=GDD04_19 window=IS status=UNVERIFIED decision=UNVERIFIED_EA_INPUT elapsed=0.001s
2026-08-14T01:06:13+00:00 RUN_START [80/820] id=GDD04_20 family=overlap_direction window=IS run=gdda_is_gdd04_20_20260814100613_d118c7
2026-08-14T01:06:13+00:00 RUN_END [80/820] id=GDD04_20 window=IS status=UNVERIFIED decision=UNVERIFIED_EA_INPUT elapsed=0.001s
2026-08-14T01:06:13+00:00 RUN_START [81/820] id=GDD05_01 family=overlap_opposite window=IS run=gdda_is_gdd05_01_20260814100613_35c244
2026-08-14T01:06:13+00:00 RUN_END [81/820] id=GDD05_01 window=IS status=UNVERIFIED decision=UNVERIFIED_EA_INPUT elapsed=0.001s
2026-08-14T01:06:13+00:00 RUN_START [82/820] id=GDD05_02 family=overlap_opposite window=IS run=gdda_is_gdd05_02_20260814100613_8af5b4
2026-08-14T01:06:13+00:00 RUN_END [82/820] id=GDD05_02 window=IS status=UNVERIFIED decision=UNVERIFIED_EA_INPUT elapsed=0.001s
2026-08-14T01:06:13+00:00 RUN_START [83/820] id=GDD05_03 family=overlap_opposite window=IS run=gdda_is_gdd05_03_20260814100613_0aff37
2026-08-14T01:06:13+00:00 RUN_END [83/820] id=GDD05_03 window=IS status=UNVERIFIED decision=UNVERIFIED_EA_INPUT elapsed=0.001s
2026-08-14T01:06:13+00:00 RUN_START [84/820] id=GDD05_04 family=overlap_opposite window=IS run=gdda_is_gdd05_04_20260814100613_1af90d
2026-08-14T01:06:13+00:00 RUN_END [84/820] id=GDD05_04 window=IS status=UNVERIFIED decision=UNVERIFIED_EA_INPUT elapsed=0.001s
2026-08-14T01:06:13+00:00 RUN_START [85/820] id=GDD05_05 family=overlap_opposite window=IS run=gdda_is_gdd05_05_20260814100613_fce665
2026-08-14T01:06:13+00:00 RUN_END [85/820] id=GDD05_05 window=IS status=UNVERIFIED decision=UNVERIFIED_EA_INPUT elapsed=0.001s
2026-08-14T01:06:13+00:00 RUN_START [86/820] id=GDD05_06 family=overlap_opposite window=IS run=gdda_is_gdd05_06_20260814100613_77e078
2026-08-14T01:06:13+00:00 RUN_END [86/820] id=GDD05_06 window=IS status=UNVERIFIED decision=UNVERIFIED_EA_INPUT elapsed=0.001s
2026-08-14T01:06:13+00:00 RUN_START [87/820] id=GDD05_07 family=overlap_opposite window=IS run=gdda_is_gdd05_07_20260814100613_ec6c74
2026-08-14T01:06:13+00:00 RUN_END [87/820] id=GDD05_07 window=IS status=UNVERIFIED decision=UNVERIFIED_EA_INPUT elapsed=0.002s
2026-08-14T01:06:13+00:00 RUN_START [88/820] id=GDD05_08 family=overlap_opposite window=IS run=gdda_is_gdd05_08_20260814100613_ed2c41
2026-08-14T01:06:13+00:00 RUN_END [88/820] id=GDD05_08 window=IS status=UNVERIFIED decision=UNVERIFIED_EA_INPUT elapsed=0.001s
2026-08-14T01:06:13+00:00 RUN_START [89/820] id=GDD05_09 family=overlap_opposite window=IS run=gdda_is_gdd05_09_20260814100613_00cb7c
2026-08-14T01:06:13+00:00 RUN_END [89/820] id=GDD05_09 window=IS status=UNVERIFIED decision=UNVERIFIED_EA_INPUT elapsed=0.001s
2026-08-14T01:06:13+00:00 RUN_START [90/820] id=GDD05_10 family=overlap_opposite window=IS run=gdda_is_gdd05_10_20260814100613_7dc8e1
2026-08-14T01:06:13+00:00 RUN_END [90/820] id=GDD05_10 window=IS status=UNVERIFIED decision=UNVERIFIED_EA_INPUT elapsed=0.001s
2026-08-14T01:06:13+00:00 RUN_START [91/820] id=GDD05_11 family=overlap_opposite window=IS run=gdda_is_gdd05_11_20260814100613_d94390
2026-08-14T01:06:13+00:00 RUN_END [91/820] id=GDD05_11 window=IS status=UNVERIFIED decision=UNVERIFIED_EA_INPUT elapsed=0.001s
2026-08-14T01:06:13+00:00 RUN_START [92/820] id=GDD05_12 family=overlap_opposite window=IS run=gdda_is_gdd05_12_20260814100613_5bc53c
2026-08-14T01:06:13+00:00 RUN_END [92/820] id=GDD05_12 window=IS status=UNVERIFIED decision=UNVERIFIED_EA_INPUT elapsed=0.001s
2026-08-14T01:06:13+00:00 RUN_START [93/820] id=GDD05_13 family=overlap_opposite window=IS run=gdda_is_gdd05_13_20260814100613_6cfe71
2026-08-14T01:06:13+00:00 RUN_END [93/820] id=GDD05_13 window=IS status=UNVERIFIED decision=UNVERIFIED_EA_INPUT elapsed=0.002s
2026-08-14T01:06:13+00:00 RUN_START [94/820] id=GDD05_14 family=overlap_opposite window=IS run=gdda_is_gdd05_14_20260814100613_d60a12
2026-08-14T01:06:13+00:00 RUN_END [94/820] id=GDD05_14 window=IS status=UNVERIFIED decision=UNVERIFIED_EA_INPUT elapsed=0.001s
2026-08-14T01:06:13+00:00 RUN_START [95/820] id=GDD05_15 family=overlap_opposite window=IS run=gdda_is_gdd05_15_20260814100613_e7355c
2026-08-14T01:06:13+00:00 RUN_END [95/820] id=GDD05_15 window=IS status=UNVERIFIED decision=UNVERIFIED_EA_INPUT elapsed=0.001s
2026-08-14T01:06:13+00:00 RUN_START [96/820] id=GDD05_16 family=overlap_opposite window=IS run=gdda_is_gdd05_16_20260814100613_34a09f
2026-08-14T01:06:13+00:00 RUN_END [96/820] id=GDD05_16 window=IS status=UNVERIFIED decision=UNVERIFIED_EA_INPUT elapsed=0.001s
2026-08-14T01:06:13+00:00 RUN_START [97/820] id=GDD05_17 family=overlap_opposite window=IS run=gdda_is_gdd05_17_20260814100613_ee5148
2026-08-14T01:06:13+00:00 RUN_END [97/820] id=GDD05_17 window=IS status=UNVERIFIED decision=UNVERIFIED_EA_INPUT elapsed=0.001s
2026-08-14T01:06:13+00:00 RUN_START [98/820] id=GDD05_18 family=overlap_opposite window=IS run=gdda_is_gdd05_18_20260814100613_16f648
2026-08-14T01:06:14+00:00 RUN_END [98/820] id=GDD05_18 window=IS status=UNVERIFIED decision=UNVERIFIED_EA_INPUT elapsed=0.001s
2026-08-14T01:06:14+00:00 RUN_START [99/820] id=GDD05_19 family=overlap_opposite window=IS run=gdda_is_gdd05_19_20260814100614_6753df
2026-08-14T01:06:14+00:00 RUN_END [99/820] id=GDD05_19 window=IS status=UNVERIFIED decision=UNVERIFIED_EA_INPUT elapsed=0.001s
2026-08-14T01:06:14+00:00 RUN_START [100/820] id=GDD05_20 family=overlap_opposite window=IS run=gdda_is_gdd05_20_20260814100614_5f157a
2026-08-14T01:06:14+00:00 RUN_END [100/820] id=GDD05_20 window=IS status=UNVERIFIED decision=UNVERIFIED_EA_INPUT elapsed=0.001s
2026-08-14T01:06:14+00:00 SKIP_EXISTING [101/820] id=GDD06_01 window=IS scope=GOLD2
2026-08-14T01:06:14+00:00 RUN_START [101/820] id=GDD06_01 family=pb_atr_sl window=OOS run=gdda_oos_gdd06_01_20260814100614_7b3084
2026-08-14T01:06:57+00:00 RUN_END [101/820] id=GDD06_01 window=OOS status=OK decision=OOS_PASS elapsed=43.371s
2026-08-14T01:06:57+00:00 RUN_START [101/820] id=GDD06_01 family=pb_atr_sl window=XM5 run=gdda_xm5_gdd06_01_20260814100657_ab9000
2026-08-14T01:16:11+00:00 RUN_END [101/820] id=GDD06_01 window=XM5 status=OK decision=XM5_REJECT elapsed=554.032s
2026-08-14T01:16:11+00:00 SKIP_EXISTING [102/820] id=GDD06_02 window=IS scope=GOLD2
2026-08-14T01:16:11+00:00 RUN_START [102/820] id=GDD06_02 family=pb_atr_sl window=OOS run=gdda_oos_gdd06_02_20260814101611_588a7c
2026-08-14T01:16:11+00:00 WAIT_TERMINAL elapsed=0s processes=metatester64.exe
2026-08-14T01:17:13+00:00 WAIT_TERMINAL elapsed=62s processes=metatester64.exe
2026-08-14T01:18:15+00:00 WAIT_TERMINAL elapsed=124s processes=metatester64.exe
2026-08-14T01:19:17+00:00 WAIT_TERMINAL elapsed=186s processes=metatester64.exe
2026-08-14T01:20:18+00:00 WAIT_TERMINAL elapsed=247s processes=metatester64.exe
2026-08-14T01:21:20+00:00 WAIT_TERMINAL elapsed=309s processes=metatester64.exe
2026-08-14T01:22:39+00:00 RUN_END [102/820] id=GDD06_02 window=OOS status=OK decision=OOS_PASS elapsed=387.978s
2026-08-14T01:22:39+00:00 RUN_START [102/820] id=GDD06_02 family=pb_atr_sl window=XM5 run=gdda_xm5_gdd06_02_20260814102239_360bc7
2026-08-14T01:31:28+00:00 RUN_END [102/820] id=GDD06_02 window=XM5 status=OK decision=XM5_REJECT elapsed=528.637s
2026-08-14T01:31:28+00:00 SKIP_EXISTING [103/820] id=GDD06_03 window=IS scope=GOLD2
2026-08-14T01:31:28+00:00 GATE_SKIP [103/820] id=GDD06_03 window=OOS reason=IS_NOT_SURVIVOR
2026-08-14T01:31:28+00:00 GATE_SKIP [103/820] id=GDD06_03 window=XM5 reason=OOS_NOT_PROMISING
2026-08-14T01:31:28+00:00 SKIP_EXISTING [104/820] id=GDD06_04 window=IS scope=GOLD2
2026-08-14T01:31:28+00:00 GATE_SKIP [104/820] id=GDD06_04 window=OOS reason=IS_NOT_SURVIVOR
2026-08-14T01:31:28+00:00 GATE_SKIP [104/820] id=GDD06_04 window=XM5 reason=OOS_NOT_PROMISING
2026-08-14T01:31:28+00:00 SKIP_EXISTING [105/820] id=GDD06_05 window=IS scope=GOLD2
2026-08-14T01:31:28+00:00 GATE_SKIP [105/820] id=GDD06_05 window=OOS reason=IS_NOT_SURVIVOR
2026-08-14T01:31:28+00:00 GATE_SKIP [105/820] id=GDD06_05 window=XM5 reason=OOS_NOT_PROMISING
2026-08-14T01:31:28+00:00 SKIP_EXISTING [106/820] id=GDD06_06 window=IS scope=GOLD2
2026-08-14T01:31:28+00:00 RUN_START [106/820] id=GDD06_06 family=pb_atr_sl window=OOS run=gdda_oos_gdd06_06_20260814103128_ef1f03
2026-08-14T01:32:11+00:00 RUN_END [106/820] id=GDD06_06 window=OOS status=OK decision=OOS_REJECT elapsed=43.324s
2026-08-14T01:32:11+00:00 GATE_SKIP [106/820] id=GDD06_06 window=XM5 reason=OOS_NOT_PROMISING
2026-08-14T01:32:11+00:00 SKIP_EXISTING [107/820] id=GDD06_07 window=IS scope=GOLD2
2026-08-14T01:32:11+00:00 RUN_START [107/820] id=GDD06_07 family=pb_atr_sl window=OOS run=gdda_oos_gdd06_07_20260814103211_80e5a8
2026-08-14T01:32:54+00:00 RUN_END [107/820] id=GDD06_07 window=OOS status=OK decision=OOS_REJECT elapsed=42.921s
2026-08-14T01:32:54+00:00 GATE_SKIP [107/820] id=GDD06_07 window=XM5 reason=OOS_NOT_PROMISING
2026-08-14T01:32:54+00:00 SKIP_EXISTING [108/820] id=GDD06_08 window=IS scope=GOLD2
2026-08-14T01:32:54+00:00 RUN_START [108/820] id=GDD06_08 family=pb_atr_sl window=OOS run=gdda_oos_gdd06_08_20260814103254_8a2cc0
2026-08-14T01:33:37+00:00 RUN_END [108/820] id=GDD06_08 window=OOS status=OK decision=OOS_REJECT elapsed=42.876s
2026-08-14T01:33:37+00:00 GATE_SKIP [108/820] id=GDD06_08 window=XM5 reason=OOS_NOT_PROMISING
2026-08-14T01:33:37+00:00 SKIP_EXISTING [109/820] id=GDD06_09 window=IS scope=GOLD2
2026-08-14T01:33:37+00:00 RUN_START [109/820] id=GDD06_09 family=pb_atr_sl window=OOS run=gdda_oos_gdd06_09_20260814103337_180275
2026-08-14T01:34:20+00:00 RUN_END [109/820] id=GDD06_09 window=OOS status=OK decision=OOS_REJECT elapsed=42.903s
2026-08-14T01:34:20+00:00 GATE_SKIP [109/820] id=GDD06_09 window=XM5 reason=OOS_NOT_PROMISING
2026-08-14T01:34:20+00:00 SKIP_EXISTING [110/820] id=GDD06_10 window=IS scope=GOLD2
2026-08-14T01:34:20+00:00 RUN_START [110/820] id=GDD06_10 family=pb_atr_sl window=OOS run=gdda_oos_gdd06_10_20260814103420_ae7d58
2026-08-14T01:35:03+00:00 RUN_END [110/820] id=GDD06_10 window=OOS status=OK decision=OOS_PASS elapsed=42.891s
2026-08-14T01:35:03+00:00 RUN_START [110/820] id=GDD06_10 family=pb_atr_sl window=XM5 run=gdda_xm5_gdd06_10_20260814103503_1ac7e6
2026-08-14T01:43:16+00:00 RUN_END [110/820] id=GDD06_10 window=XM5 status=OK decision=XM5_PASS elapsed=493.361s
2026-08-14T01:43:16+00:00 SKIP_EXISTING [111/820] id=GDD06_11 window=IS scope=GOLD2
2026-08-14T01:43:16+00:00 RUN_START [111/820] id=GDD06_11 family=pb_atr_sl window=OOS run=gdda_oos_gdd06_11_20260814104316_c63750
2026-08-14T01:43:59+00:00 RUN_END [111/820] id=GDD06_11 window=OOS status=OK decision=OOS_REJECT elapsed=43.261s
2026-08-14T01:43:59+00:00 GATE_SKIP [111/820] id=GDD06_11 window=XM5 reason=OOS_NOT_PROMISING
2026-08-14T01:43:59+00:00 SKIP_EXISTING [112/820] id=GDD06_12 window=IS scope=GOLD2
2026-08-14T01:43:59+00:00 RUN_START [112/820] id=GDD06_12 family=pb_atr_sl window=OOS run=gdda_oos_gdd06_12_20260814104359_cfe6a3
2026-08-14T01:44:42+00:00 RUN_END [112/820] id=GDD06_12 window=OOS status=OK decision=OOS_REJECT elapsed=42.895s
2026-08-14T01:44:42+00:00 GATE_SKIP [112/820] id=GDD06_12 window=XM5 reason=OOS_NOT_PROMISING
2026-08-14T01:44:42+00:00 SKIP_EXISTING [113/820] id=GDD06_13 window=IS scope=GOLD2
2026-08-14T01:44:42+00:00 RUN_START [113/820] id=GDD06_13 family=pb_atr_sl window=OOS run=gdda_oos_gdd06_13_20260814104442_f0f1ef
2026-08-14T01:45:25+00:00 RUN_END [113/820] id=GDD06_13 window=OOS status=OK decision=OOS_REJECT elapsed=42.866s
2026-08-14T01:45:25+00:00 GATE_SKIP [113/820] id=GDD06_13 window=XM5 reason=OOS_NOT_PROMISING
2026-08-14T01:45:25+00:00 SKIP_EXISTING [114/820] id=GDD06_14 window=IS scope=GOLD2
2026-08-14T01:45:25+00:00 RUN_START [114/820] id=GDD06_14 family=pb_atr_sl window=OOS run=gdda_oos_gdd06_14_20260814104525_c5b471
2026-08-14T01:46:08+00:00 RUN_END [114/820] id=GDD06_14 window=OOS status=OK decision=OOS_REJECT elapsed=42.925s
2026-08-14T01:46:08+00:00 GATE_SKIP [114/820] id=GDD06_14 window=XM5 reason=OOS_NOT_PROMISING
2026-08-14T01:46:08+00:00 SKIP_EXISTING [115/820] id=GDD06_15 window=IS scope=GOLD2
2026-08-14T01:46:08+00:00 RUN_START [115/820] id=GDD06_15 family=pb_atr_sl window=OOS run=gdda_oos_gdd06_15_20260814104608_d39fd7
2026-08-14T01:46:51+00:00 RUN_END [115/820] id=GDD06_15 window=OOS status=OK decision=OOS_REJECT elapsed=42.875s
2026-08-14T01:46:51+00:00 GATE_SKIP [115/820] id=GDD06_15 window=XM5 reason=OOS_NOT_PROMISING
2026-08-14T01:46:51+00:00 SKIP_EXISTING [116/820] id=GDD06_16 window=IS scope=GOLD2
2026-08-14T01:46:51+00:00 RUN_START [116/820] id=GDD06_16 family=pb_atr_sl window=OOS run=gdda_oos_gdd06_16_20260814104651_01e3d2
2026-08-14T01:47:34+00:00 RUN_END [116/820] id=GDD06_16 window=OOS status=OK decision=OOS_REJECT elapsed=42.924s
2026-08-14T01:47:34+00:00 GATE_SKIP [116/820] id=GDD06_16 window=XM5 reason=OOS_NOT_PROMISING
2026-08-14T01:47:34+00:00 SKIP_EXISTING [117/820] id=GDD06_17 window=IS scope=GOLD2
2026-08-14T01:47:34+00:00 RUN_START [117/820] id=GDD06_17 family=pb_atr_sl window=OOS run=gdda_oos_gdd06_17_20260814104734_36c4ae
2026-08-14T01:48:17+00:00 RUN_END [117/820] id=GDD06_17 window=OOS status=OK decision=OOS_REJECT elapsed=42.911s
2026-08-14T01:48:17+00:00 GATE_SKIP [117/820] id=GDD06_17 window=XM5 reason=OOS_NOT_PROMISING
2026-08-14T01:48:17+00:00 SKIP_EXISTING [118/820] id=GDD06_18 window=IS scope=GOLD2
2026-08-14T01:48:17+00:00 GATE_SKIP [118/820] id=GDD06_18 window=OOS reason=IS_NOT_SURVIVOR
2026-08-14T01:48:17+00:00 GATE_SKIP [118/820] id=GDD06_18 window=XM5 reason=OOS_NOT_PROMISING
2026-08-14T01:48:17+00:00 SKIP_EXISTING [119/820] id=GDD06_19 window=IS scope=GOLD2
2026-08-14T01:48:17+00:00 RUN_START [119/820] id=GDD06_19 family=pb_atr_sl window=OOS run=gdda_oos_gdd06_19_20260814104817_8fbc6f
2026-08-14T01:49:00+00:00 RUN_END [119/820] id=GDD06_19 window=OOS status=OK decision=OOS_REJECT elapsed=42.943s
2026-08-14T01:49:00+00:00 GATE_SKIP [119/820] id=GDD06_19 window=XM5 reason=OOS_NOT_PROMISING
2026-08-14T01:49:00+00:00 SKIP_EXISTING [120/820] id=GDD06_20 window=IS scope=GOLD2
2026-08-14T01:49:00+00:00 RUN_START [120/820] id=GDD06_20 family=pb_atr_sl window=OOS run=gdda_oos_gdd06_20_20260814104900_474b4c
2026-08-14T01:49:43+00:00 RUN_END [120/820] id=GDD06_20 window=OOS status=OK decision=OOS_PASS elapsed=42.888s
2026-08-14T01:49:43+00:00 RUN_START [120/820] id=GDD06_20 family=pb_atr_sl window=XM5 run=gdda_xm5_gdd06_20_20260814104943_0f2ed9
2026-08-14T01:58:01+00:00 RUN_END [120/820] id=GDD06_20 window=XM5 status=OK decision=XM5_REJECT elapsed=498.405s
2026-08-14T01:58:01+00:00 SKIP_EXISTING [121/820] id=GDD07_01 window=IS scope=GOLD2
2026-08-14T01:58:01+00:00 RUN_START [121/820] id=GDD07_01 family=pb_rr window=OOS run=gdda_oos_gdd07_01_20260814105801_86dd68
2026-08-14T01:58:02+00:00 WAIT_TERMINAL elapsed=0s processes=metatester64.exe
2026-08-14T01:59:03+00:00 WAIT_TERMINAL elapsed=62s processes=metatester64.exe
2026-08-14T02:00:04+00:00 WAIT_TERMINAL elapsed=123s processes=metatester64.exe
2026-08-14T02:01:06+00:00 WAIT_TERMINAL elapsed=185s processes=metatester64.exe
2026-08-14T02:02:07+00:00 WAIT_TERMINAL elapsed=246s processes=metatester64.exe
2026-08-14T02:03:09+00:00 WAIT_TERMINAL elapsed=308s processes=metatester64.exe
2026-08-14T02:04:59+00:00 RUN_END [121/820] id=GDD07_01 window=OOS status=OK decision=OOS_PASS elapsed=418.347s
2026-08-14T02:04:59+00:00 RUN_START [121/820] id=GDD07_01 family=pb_rr window=XM5 run=gdda_xm5_gdd07_01_20260814110459_45f71d
2026-08-14T02:13:03+00:00 RUN_END [121/820] id=GDD07_01 window=XM5 status=OK decision=XM5_PASS elapsed=483.641s
2026-08-14T02:13:03+00:00 SKIP_EXISTING [122/820] id=GDD07_02 window=IS scope=GOLD2
2026-08-14T02:13:03+00:00 RUN_START [122/820] id=GDD07_02 family=pb_rr window=OOS run=gdda_oos_gdd07_02_20260814111303_dcd774
2026-08-14T02:13:04+00:00 WAIT_TERMINAL elapsed=0s processes=metatester64.exe
2026-08-14T02:14:02+00:00 RUN_END [122/820] id=GDD07_02 window=OOS status=OK decision=OOS_PASS elapsed=58.440s
2026-08-14T02:14:02+00:00 RUN_START [122/820] id=GDD07_02 family=pb_rr window=XM5 run=gdda_xm5_gdd07_02_20260814111402_75ad2c
2026-08-14T02:21:55+00:00 RUN_END [122/820] id=GDD07_02 window=XM5 status=OK decision=XM5_PASS elapsed=473.307s
2026-08-14T02:21:55+00:00 RUN_START [123/820] id=GDD07_03 family=pb_rr window=IS run=gdda_is_gdd07_03_20260814112155_6d09f2
2026-08-14T02:21:55+00:00 WAIT_TERMINAL elapsed=0s processes=metatester64.exe
2026-08-14T02:22:57+00:00 WAIT_TERMINAL elapsed=62s processes=metatester64.exe
2026-08-14T02:23:58+00:00 WAIT_TERMINAL elapsed=123s processes=metatester64.exe
2026-08-14T02:24:59+00:00 WAIT_TERMINAL elapsed=185s processes=metatester64.exe
2026-08-14T02:26:01+00:00 WAIT_TERMINAL elapsed=246s processes=metatester64.exe
2026-08-14T02:27:02+00:00 WAIT_TERMINAL elapsed=307s processes=metatester64.exe
2026-08-14T02:28:36+00:00 RUN_END [123/820] id=GDD07_03 window=IS status=OK decision=IS_SURVIVOR_DD elapsed=400.786s
2026-08-14T02:28:36+00:00 RUN_START [123/820] id=GDD07_03 family=pb_rr window=OOS run=gdda_oos_gdd07_03_20260814112836_f4b1a9
2026-08-14T02:29:19+00:00 RUN_END [123/820] id=GDD07_03 window=OOS status=OK decision=OOS_PASS elapsed=42.945s
2026-08-14T02:29:19+00:00 RUN_START [123/820] id=GDD07_03 family=pb_rr window=XM5 run=gdda_xm5_gdd07_03_20260814112919_9c3ebc
2026-08-14T02:37:37+00:00 RUN_END [123/820] id=GDD07_03 window=XM5 status=OK decision=XM5_REJECT elapsed=498.420s
2026-08-14T02:37:37+00:00 RUN_START [124/820] id=GDD07_04 family=pb_rr window=IS run=gdda_is_gdd07_04_20260814113737_b3abbe
2026-08-14T02:37:38+00:00 WAIT_TERMINAL elapsed=1s processes=metatester64.exe
2026-08-14T02:38:51+00:00 RUN_END [124/820] id=GDD07_04 window=IS status=OK decision=IS_SURVIVOR_DD elapsed=73.642s
2026-08-14T02:38:51+00:00 RUN_START [124/820] id=GDD07_04 family=pb_rr window=OOS run=gdda_oos_gdd07_04_20260814113851_384421
2026-08-14T02:39:34+00:00 RUN_END [124/820] id=GDD07_04 window=OOS status=OK decision=OOS_PASS elapsed=42.954s
2026-08-14T02:39:34+00:00 RUN_START [124/820] id=GDD07_04 family=pb_rr window=XM5 run=gdda_xm5_gdd07_04_20260814113934_c54f57
2026-08-14T02:47:47+00:00 RUN_END [124/820] id=GDD07_04 window=XM5 status=OK decision=XM5_REJECT elapsed=493.381s
2026-08-14T02:47:47+00:00 RUN_START [125/820] id=GDD07_05 family=pb_rr window=IS run=gdda_is_gdd07_05_20260814114747_6c1f61
2026-08-14T02:48:50+00:00 RUN_END [125/820] id=GDD07_05 window=IS status=OK decision=IS_SURVIVOR_DD elapsed=63.100s
2026-08-14T02:48:50+00:00 RUN_START [125/820] id=GDD07_05 family=pb_rr window=OOS run=gdda_oos_gdd07_05_20260814114850_b5f928
2026-08-14T02:49:33+00:00 RUN_END [125/820] id=GDD07_05 window=OOS status=OK decision=OOS_PASS elapsed=42.908s
2026-08-14T02:49:33+00:00 RUN_START [125/820] id=GDD07_05 family=pb_rr window=XM5 run=gdda_xm5_gdd07_05_20260814114933_95de0f
2026-08-14T02:57:41+00:00 RUN_END [125/820] id=GDD07_05 window=XM5 status=OK decision=XM5_REJECT elapsed=488.351s
2026-08-14T02:57:41+00:00 RUN_START [126/820] id=GDD07_06 family=pb_rr window=IS run=gdda_is_gdd07_06_20260814115741_e10f17
2026-08-14T02:57:42+00:00 WAIT_TERMINAL elapsed=0s processes=metatester64.exe
2026-08-14T02:58:43+00:00 WAIT_TERMINAL elapsed=62s processes=metatester64.exe
2026-08-14T02:59:45+00:00 WAIT_TERMINAL elapsed=123s processes=metatester64.exe
2026-08-14T03:00:46+00:00 WAIT_TERMINAL elapsed=185s processes=metatester64.exe
2026-08-14T03:01:47+00:00 WAIT_TERMINAL elapsed=246s processes=metatester64.exe
2026-08-14T03:02:49+00:00 WAIT_TERMINAL elapsed=307s processes=metatester64.exe
2026-08-14T03:04:22+00:00 RUN_END [126/820] id=GDD07_06 window=IS status=OK decision=IS_SURVIVOR_DD elapsed=400.722s
2026-08-14T03:04:22+00:00 RUN_START [126/820] id=GDD07_06 family=pb_rr window=OOS run=gdda_oos_gdd07_06_20260814120422_36588e
2026-08-14T03:05:05+00:00 RUN_END [126/820] id=GDD07_06 window=OOS status=OK decision=OOS_REJECT elapsed=42.917s
2026-08-14T03:05:05+00:00 GATE_SKIP [126/820] id=GDD07_06 window=XM5 reason=OOS_NOT_PROMISING
2026-08-14T03:05:05+00:00 RUN_START [127/820] id=GDD07_07 family=pb_rr window=IS run=gdda_is_gdd07_07_20260814120505_b81dc7
2026-08-14T03:06:08+00:00 RUN_END [127/820] id=GDD07_07 window=IS status=OK decision=IS_SURVIVOR_DD elapsed=62.899s
2026-08-14T03:06:08+00:00 RUN_START [127/820] id=GDD07_07 family=pb_rr window=OOS run=gdda_oos_gdd07_07_20260814120608_28a14b
2026-08-14T03:06:51+00:00 RUN_END [127/820] id=GDD07_07 window=OOS status=OK decision=OOS_REJECT elapsed=42.890s
2026-08-14T03:06:51+00:00 GATE_SKIP [127/820] id=GDD07_07 window=XM5 reason=OOS_NOT_PROMISING
2026-08-14T03:06:51+00:00 RUN_START [128/820] id=GDD07_08 family=pb_rr window=IS run=gdda_is_gdd07_08_20260814120651_88564b
2026-08-14T03:07:49+00:00 RUN_END [128/820] id=GDD07_08 window=IS status=OK decision=IS_SURVIVOR_DD elapsed=57.927s
2026-08-14T03:07:49+00:00 RUN_START [128/820] id=GDD07_08 family=pb_rr window=OOS run=gdda_oos_gdd07_08_20260814120749_fc74fb
2026-08-14T03:08:32+00:00 RUN_END [128/820] id=GDD07_08 window=OOS status=OK decision=OOS_REJECT elapsed=42.932s
2026-08-14T03:08:32+00:00 GATE_SKIP [128/820] id=GDD07_08 window=XM5 reason=OOS_NOT_PROMISING
2026-08-14T03:08:32+00:00 RUN_START [129/820] id=GDD07_09 family=pb_rr window=IS run=gdda_is_gdd07_09_20260814120832_326aa8
2026-08-14T03:09:30+00:00 RUN_END [129/820] id=GDD07_09 window=IS status=OK decision=IS_SURVIVOR_DD elapsed=58.041s
2026-08-14T03:09:30+00:00 RUN_START [129/820] id=GDD07_09 family=pb_rr window=OOS run=gdda_oos_gdd07_09_20260814120930_a17793
2026-08-14T03:10:13+00:00 RUN_END [129/820] id=GDD07_09 window=OOS status=OK decision=OOS_REJECT elapsed=42.908s
2026-08-14T03:10:13+00:00 GATE_SKIP [129/820] id=GDD07_09 window=XM5 reason=OOS_NOT_PROMISING
2026-08-14T03:10:13+00:00 RUN_START [130/820] id=GDD07_10 family=pb_rr window=IS run=gdda_is_gdd07_10_20260814121013_620d7f
2026-08-14T03:11:16+00:00 RUN_END [130/820] id=GDD07_10 window=IS status=OK decision=IS_SURVIVOR_DD elapsed=62.888s
2026-08-14T03:11:16+00:00 RUN_START [130/820] id=GDD07_10 family=pb_rr window=OOS run=gdda_oos_gdd07_10_20260814121116_853487
2026-08-14T03:11:59+00:00 RUN_END [130/820] id=GDD07_10 window=OOS status=OK decision=OOS_REJECT elapsed=42.887s
2026-08-14T03:11:59+00:00 GATE_SKIP [130/820] id=GDD07_10 window=XM5 reason=OOS_NOT_PROMISING
2026-08-14T03:11:59+00:00 RUN_START [131/820] id=GDD07_11 family=pb_rr window=IS run=gdda_is_gdd07_11_20260814121159_001653
2026-08-14T03:13:02+00:00 RUN_END [131/820] id=GDD07_11 window=IS status=OK decision=IS_SURVIVOR_DD elapsed=62.923s
2026-08-14T03:13:02+00:00 RUN_START [131/820] id=GDD07_11 family=pb_rr window=OOS run=gdda_oos_gdd07_11_20260814121302_9fd475
2026-08-14T03:13:45+00:00 RUN_END [131/820] id=GDD07_11 window=OOS status=OK decision=OOS_PASS elapsed=42.886s
2026-08-14T03:13:45+00:00 RUN_START [131/820] id=GDD07_11 family=pb_rr window=XM5 run=gdda_xm5_gdd07_11_20260814121345_2dd4ef
2026-08-14T03:21:48+00:00 RUN_END [131/820] id=GDD07_11 window=XM5 status=OK decision=XM5_PASS elapsed=483.345s
2026-08-14T03:21:48+00:00 RUN_START [132/820] id=GDD07_12 family=pb_rr window=IS run=gdda_is_gdd07_12_20260814122148_8bba37
2026-08-14T03:21:48+00:00 WAIT_TERMINAL elapsed=0s processes=metatester64.exe
2026-08-14T03:22:50+00:00 WAIT_TERMINAL elapsed=62s processes=metatester64.exe
2026-08-14T03:23:51+00:00 WAIT_TERMINAL elapsed=123s processes=metatester64.exe
2026-08-14T03:24:53+00:00 WAIT_TERMINAL elapsed=185s processes=metatester64.exe
2026-08-14T03:25:54+00:00 WAIT_TERMINAL elapsed=246s processes=metatester64.exe
2026-08-14T03:26:55+00:00 WAIT_TERMINAL elapsed=307s processes=metatester64.exe
2026-08-14T03:28:29+00:00 RUN_END [132/820] id=GDD07_12 window=IS status=OK decision=IS_SURVIVOR_DD elapsed=400.937s
2026-08-14T03:28:29+00:00 RUN_START [132/820] id=GDD07_12 family=pb_rr window=OOS run=gdda_oos_gdd07_12_20260814122829_ebff8f
2026-08-14T03:29:12+00:00 RUN_END [132/820] id=GDD07_12 window=OOS status=OK decision=OOS_PASS elapsed=42.944s
2026-08-14T03:29:12+00:00 RUN_START [132/820] id=GDD07_12 family=pb_rr window=XM5 run=gdda_xm5_gdd07_12_20260814122912_4d64a3
2026-08-14T03:37:25+00:00 RUN_END [132/820] id=GDD07_12 window=XM5 status=OK decision=XM5_PASS elapsed=493.344s
2026-08-14T03:37:25+00:00 RUN_START [133/820] id=GDD07_13 family=pb_rr window=IS run=gdda_is_gdd07_13_20260814123725_309eea
2026-08-14T03:37:26+00:00 WAIT_TERMINAL elapsed=0s processes=metatester64.exe
2026-08-14T03:38:27+00:00 WAIT_TERMINAL elapsed=62s processes=metatester64.exe
2026-08-14T03:39:28+00:00 WAIT_TERMINAL elapsed=123s processes=metatester64.exe
2026-08-14T03:40:30+00:00 WAIT_TERMINAL elapsed=185s processes=metatester64.exe
2026-08-14T03:41:31+00:00 WAIT_TERMINAL elapsed=246s processes=metatester64.exe
2026-08-14T03:42:33+00:00 WAIT_TERMINAL elapsed=307s processes=metatester64.exe
2026-08-14T03:44:06+00:00 RUN_END [133/820] id=GDD07_13 window=IS status=OK decision=IS_SURVIVOR_STRICT elapsed=400.817s
2026-08-14T03:44:06+00:00 RUN_START [133/820] id=GDD07_13 family=pb_rr window=OOS run=gdda_oos_gdd07_13_20260814124406_37fcbf
2026-08-14T03:44:49+00:00 RUN_END [133/820] id=GDD07_13 window=OOS status=OK decision=OOS_PASS elapsed=42.845s
2026-08-14T03:44:49+00:00 RUN_START [133/820] id=GDD07_13 family=pb_rr window=XM5 run=gdda_xm5_gdd07_13_20260814124449_77fd19
2026-08-14T03:52:47+00:00 RUN_END [133/820] id=GDD07_13 window=XM5 status=OK decision=XM5_PASS elapsed=478.326s
2026-08-14T03:52:47+00:00 RUN_START [134/820] id=GDD07_14 family=pb_rr window=IS run=gdda_is_gdd07_14_20260814125247_409dc4
2026-08-14T03:52:48+00:00 WAIT_TERMINAL elapsed=0s processes=metatester64.exe
2026-08-14T03:53:49+00:00 WAIT_TERMINAL elapsed=62s processes=metatester64.exe
2026-08-14T03:54:50+00:00 WAIT_TERMINAL elapsed=123s processes=metatester64.exe
2026-08-14T03:55:52+00:00 WAIT_TERMINAL elapsed=185s processes=metatester64.exe
2026-08-14T03:56:53+00:00 WAIT_TERMINAL elapsed=246s processes=metatester64.exe
2026-08-14T03:57:55+00:00 WAIT_TERMINAL elapsed=307s processes=metatester64.exe
2026-08-14T03:59:33+00:00 RUN_END [134/820] id=GDD07_14 window=IS status=OK decision=IS_SURVIVOR_STRICT elapsed=405.656s
2026-08-14T03:59:33+00:00 RUN_START [134/820] id=GDD07_14 family=pb_rr window=OOS run=gdda_oos_gdd07_14_20260814125933_e4fb51
2026-08-14T04:00:16+00:00 RUN_END [134/820] id=GDD07_14 window=OOS status=OK decision=OOS_PASS elapsed=42.911s
2026-08-14T04:00:16+00:00 RUN_START [134/820] id=GDD07_14 family=pb_rr window=XM5 run=gdda_xm5_gdd07_14_20260814130016_3e2a64
2026-08-14T04:08:09+00:00 RUN_END [134/820] id=GDD07_14 window=XM5 status=OK decision=XM5_PASS elapsed=473.292s
2026-08-14T04:08:09+00:00 RUN_START [135/820] id=GDD07_15 family=pb_rr window=IS run=gdda_is_gdd07_15_20260814130809_4f87c3
2026-08-14T04:08:10+00:00 WAIT_TERMINAL elapsed=0s processes=metatester64.exe
2026-08-14T04:09:11+00:00 WAIT_TERMINAL elapsed=62s processes=metatester64.exe
2026-08-14T04:10:12+00:00 WAIT_TERMINAL elapsed=123s processes=metatester64.exe
2026-08-14T04:11:14+00:00 WAIT_TERMINAL elapsed=185s processes=metatester64.exe
2026-08-14T04:12:15+00:00 WAIT_TERMINAL elapsed=246s processes=metatester64.exe
2026-08-14T04:13:17+00:00 WAIT_TERMINAL elapsed=307s processes=metatester64.exe
2026-08-14T04:14:50+00:00 RUN_END [135/820] id=GDD07_15 window=IS status=OK decision=IS_SURVIVOR_STRICT elapsed=400.759s
2026-08-14T04:14:50+00:00 RUN_START [135/820] id=GDD07_15 family=pb_rr window=OOS run=gdda_oos_gdd07_15_20260814131450_1d03b4
2026-08-14T04:15:33+00:00 RUN_END [135/820] id=GDD07_15 window=OOS status=OK decision=OOS_REJECT elapsed=42.901s
2026-08-14T04:15:33+00:00 GATE_SKIP [135/820] id=GDD07_15 window=XM5 reason=OOS_NOT_PROMISING
2026-08-14T04:15:33+00:00 RUN_START [136/820] id=GDD07_16 family=pb_rr window=IS run=gdda_is_gdd07_16_20260814131533_905b24
2026-08-14T04:16:36+00:00 RUN_END [136/820] id=GDD07_16 window=IS status=OK decision=IS_REJECT elapsed=62.899s
2026-08-14T04:16:36+00:00 GATE_SKIP [136/820] id=GDD07_16 window=OOS reason=IS_NOT_SURVIVOR
2026-08-14T04:16:36+00:00 GATE_SKIP [136/820] id=GDD07_16 window=XM5 reason=OOS_NOT_PROMISING
2026-08-14T04:16:36+00:00 RUN_START [137/820] id=GDD07_17 family=pb_rr window=IS run=gdda_is_gdd07_17_20260814131636_2be318
2026-08-14T04:17:39+00:00 RUN_END [137/820] id=GDD07_17 window=IS status=OK decision=IS_SURVIVOR_STRICT elapsed=62.914s
2026-08-14T04:17:39+00:00 RUN_START [137/820] id=GDD07_17 family=pb_rr window=OOS run=gdda_oos_gdd07_17_20260814131739_bc65f2
2026-08-14T04:18:22+00:00 RUN_END [137/820] id=GDD07_17 window=OOS status=OK decision=OOS_REJECT elapsed=42.906s
2026-08-14T04:18:22+00:00 GATE_SKIP [137/820] id=GDD07_17 window=XM5 reason=OOS_NOT_PROMISING
2026-08-14T04:18:22+00:00 RUN_START [138/820] id=GDD07_18 family=pb_rr window=IS run=gdda_is_gdd07_18_20260814131822_806f58
2026-08-14T04:19:25+00:00 RUN_END [138/820] id=GDD07_18 window=IS status=OK decision=IS_SURVIVOR_STRICT elapsed=62.891s
2026-08-14T04:19:25+00:00 RUN_START [138/820] id=GDD07_18 family=pb_rr window=OOS run=gdda_oos_gdd07_18_20260814131925_8ec19e
2026-08-14T04:20:08+00:00 RUN_END [138/820] id=GDD07_18 window=OOS status=OK decision=OOS_REJECT elapsed=42.893s
2026-08-14T04:20:08+00:00 GATE_SKIP [138/820] id=GDD07_18 window=XM5 reason=OOS_NOT_PROMISING
2026-08-14T04:20:08+00:00 RUN_START [139/820] id=GDD07_19 family=pb_rr window=IS run=gdda_is_gdd07_19_20260814132008_3367a0
2026-08-14T04:21:10+00:00 RUN_END [139/820] id=GDD07_19 window=IS status=OK decision=IS_SURVIVOR_STRICT elapsed=62.954s
2026-08-14T04:21:11+00:00 RUN_START [139/820] id=GDD07_19 family=pb_rr window=OOS run=gdda_oos_gdd07_19_20260814132111_c2cab1
2026-08-14T04:21:53+00:00 RUN_END [139/820] id=GDD07_19 window=OOS status=OK decision=OOS_REJECT elapsed=42.946s
2026-08-14T04:21:53+00:00 GATE_SKIP [139/820] id=GDD07_19 window=XM5 reason=OOS_NOT_PROMISING
2026-08-14T04:21:53+00:00 RUN_START [140/820] id=GDD07_20 family=pb_rr window=IS run=gdda_is_gdd07_20_20260814132153_d101d7
2026-08-14T04:22:56+00:00 RUN_END [140/820] id=GDD07_20 window=IS status=OK decision=IS_SURVIVOR_STRICT elapsed=62.930s
2026-08-14T04:22:56+00:00 RUN_START [140/820] id=GDD07_20 family=pb_rr window=OOS run=gdda_oos_gdd07_20_20260814132256_d22c72
2026-08-14T04:23:39+00:00 RUN_END [140/820] id=GDD07_20 window=OOS status=OK decision=OOS_REJECT elapsed=42.913s
2026-08-14T04:23:39+00:00 GATE_SKIP [140/820] id=GDD07_20 window=XM5 reason=OOS_NOT_PROMISING
2026-08-14T04:23:39+00:00 RUN_START [141/820] id=GDD08_01 family=pb_adx window=IS run=gdda_is_gdd08_01_20260814132339_a439b7
2026-08-14T04:24:42+00:00 RUN_END [141/820] id=GDD08_01 window=IS status=OK decision=IS_SURVIVOR_DD elapsed=62.898s
2026-08-14T04:24:42+00:00 RUN_START [141/820] id=GDD08_01 family=pb_adx window=OOS run=gdda_oos_gdd08_01_20260814132442_65a773
2026-08-14T04:25:25+00:00 RUN_END [141/820] id=GDD08_01 window=OOS status=OK decision=OOS_REJECT elapsed=42.881s
2026-08-14T04:25:25+00:00 GATE_SKIP [141/820] id=GDD08_01 window=XM5 reason=OOS_NOT_PROMISING
2026-08-14T04:25:25+00:00 RUN_START [142/820] id=GDD08_02 family=pb_adx window=IS run=gdda_is_gdd08_02_20260814132525_5f4764
2026-08-14T04:26:28+00:00 RUN_END [142/820] id=GDD08_02 window=IS status=OK decision=IS_SURVIVOR_DD elapsed=62.943s
2026-08-14T04:26:28+00:00 RUN_START [142/820] id=GDD08_02 family=pb_adx window=OOS run=gdda_oos_gdd08_02_20260814132628_0a2590
2026-08-14T04:27:11+00:00 RUN_END [142/820] id=GDD08_02 window=OOS status=OK decision=OOS_REJECT elapsed=42.917s
2026-08-14T04:27:11+00:00 GATE_SKIP [142/820] id=GDD08_02 window=XM5 reason=OOS_NOT_PROMISING
2026-08-14T04:27:11+00:00 RUN_START [143/820] id=GDD08_03 family=pb_adx window=IS run=gdda_is_gdd08_03_20260814132711_472a4a
2026-08-14T04:28:14+00:00 RUN_END [143/820] id=GDD08_03 window=IS status=OK decision=IS_SURVIVOR_STRICT elapsed=62.908s
2026-08-14T04:28:14+00:00 RUN_START [143/820] id=GDD08_03 family=pb_adx window=OOS run=gdda_oos_gdd08_03_20260814132814_e15cd1
2026-08-14T04:28:57+00:00 RUN_END [143/820] id=GDD08_03 window=OOS status=OK decision=OOS_REJECT elapsed=42.907s
2026-08-14T04:28:57+00:00 GATE_SKIP [143/820] id=GDD08_03 window=XM5 reason=OOS_NOT_PROMISING
2026-08-14T04:28:57+00:00 RUN_START [144/820] id=GDD08_04 family=pb_adx window=IS run=gdda_is_gdd08_04_20260814132857_d482a2
2026-08-14T04:30:00+00:00 RUN_END [144/820] id=GDD08_04 window=IS status=OK decision=IS_SURVIVOR_STRICT elapsed=62.909s
2026-08-14T04:30:00+00:00 RUN_START [144/820] id=GDD08_04 family=pb_adx window=OOS run=gdda_oos_gdd08_04_20260814133000_c3cc96
2026-08-14T04:30:43+00:00 RUN_END [144/820] id=GDD08_04 window=OOS status=OK decision=OOS_REJECT elapsed=42.914s
2026-08-14T04:30:43+00:00 GATE_SKIP [144/820] id=GDD08_04 window=XM5 reason=OOS_NOT_PROMISING
2026-08-14T04:30:43+00:00 RUN_START [145/820] id=GDD08_05 family=pb_adx window=IS run=gdda_is_gdd08_05_20260814133043_44e840
2026-08-14T04:31:51+00:00 RUN_END [145/820] id=GDD08_05 window=IS status=OK decision=IS_SURVIVOR_STRICT elapsed=67.900s
2026-08-14T04:31:51+00:00 RUN_START [145/820] id=GDD08_05 family=pb_adx window=OOS run=gdda_oos_gdd08_05_20260814133151_4e556b
2026-08-14T04:32:34+00:00 RUN_END [145/820] id=GDD08_05 window=OOS status=OK decision=OOS_PASS elapsed=42.922s
2026-08-14T04:32:34+00:00 RUN_START [145/820] id=GDD08_05 family=pb_adx window=XM5 run=gdda_xm5_gdd08_05_20260814133234_9e8506
2026-08-14T04:40:22+00:00 RUN_END [145/820] id=GDD08_05 window=XM5 status=OK decision=XM5_PASS elapsed=468.305s
2026-08-14T04:40:22+00:00 RUN_START [146/820] id=GDD08_06 family=pb_adx window=IS run=gdda_is_gdd08_06_20260814134022_40367d
2026-08-14T04:40:22+00:00 WAIT_TERMINAL elapsed=0s processes=metatester64.exe
2026-08-14T04:41:24+00:00 WAIT_TERMINAL elapsed=62s processes=metatester64.exe
2026-08-14T04:42:25+00:00 WAIT_TERMINAL elapsed=123s processes=metatester64.exe
2026-08-14T04:43:27+00:00 WAIT_TERMINAL elapsed=185s processes=metatester64.exe
2026-08-14T04:44:28+00:00 WAIT_TERMINAL elapsed=246s processes=metatester64.exe
2026-08-14T04:45:29+00:00 WAIT_TERMINAL elapsed=307s processes=metatester64.exe
2026-08-14T04:47:03+00:00 RUN_END [146/820] id=GDD08_06 window=IS status=OK decision=IS_REJECT elapsed=400.810s
2026-08-14T04:47:03+00:00 GATE_SKIP [146/820] id=GDD08_06 window=OOS reason=IS_NOT_SURVIVOR
2026-08-14T04:47:03+00:00 GATE_SKIP [146/820] id=GDD08_06 window=XM5 reason=OOS_NOT_PROMISING
2026-08-14T04:47:03+00:00 RUN_START [147/820] id=GDD08_07 family=pb_adx window=IS run=gdda_is_gdd08_07_20260814134703_add027
2026-08-14T04:48:06+00:00 RUN_END [147/820] id=GDD08_07 window=IS status=OK decision=IS_SURVIVOR_DD elapsed=62.987s
2026-08-14T04:48:06+00:00 RUN_START [147/820] id=GDD08_07 family=pb_adx window=OOS run=gdda_oos_gdd08_07_20260814134806_e85aa2
2026-08-14T04:48:49+00:00 RUN_END [147/820] id=GDD08_07 window=OOS status=OK decision=OOS_REJECT elapsed=42.883s
2026-08-14T04:48:49+00:00 GATE_SKIP [147/820] id=GDD08_07 window=XM5 reason=OOS_NOT_PROMISING
2026-08-14T04:48:49+00:00 RUN_START [148/820] id=GDD08_08 family=pb_adx window=IS run=gdda_is_gdd08_08_20260814134849_1beed1
2026-08-14T04:49:52+00:00 RUN_END [148/820] id=GDD08_08 window=IS status=OK decision=IS_SURVIVOR_DD elapsed=62.907s
2026-08-14T04:49:52+00:00 RUN_START [148/820] id=GDD08_08 family=pb_adx window=OOS run=gdda_oos_gdd08_08_20260814134952_1d20ca
2026-08-14T04:50:35+00:00 RUN_END [148/820] id=GDD08_08 window=OOS status=OK decision=OOS_REJECT elapsed=42.886s
2026-08-14T04:50:35+00:00 GATE_SKIP [148/820] id=GDD08_08 window=XM5 reason=OOS_NOT_PROMISING
2026-08-14T04:50:35+00:00 RUN_START [149/820] id=GDD08_09 family=pb_adx window=IS run=gdda_is_gdd08_09_20260814135035_f39757
2026-08-14T04:51:33+00:00 RUN_END [149/820] id=GDD08_09 window=IS status=OK decision=IS_SURVIVOR_DD elapsed=57.931s
2026-08-14T04:51:33+00:00 RUN_START [149/820] id=GDD08_09 family=pb_adx window=OOS run=gdda_oos_gdd08_09_20260814135133_764c72
2026-08-14T04:52:16+00:00 RUN_END [149/820] id=GDD08_09 window=OOS status=OK decision=OOS_REJECT elapsed=42.934s
2026-08-14T04:52:16+00:00 GATE_SKIP [149/820] id=GDD08_09 window=XM5 reason=OOS_NOT_PROMISING
2026-08-14T04:52:16+00:00 RUN_START [150/820] id=GDD08_10 family=pb_adx window=IS run=gdda_is_gdd08_10_20260814135216_a354bf
2026-08-14T04:53:18+00:00 RUN_END [150/820] id=GDD08_10 window=IS status=OK decision=IS_SURVIVOR_DD elapsed=62.903s
2026-08-14T04:53:19+00:00 RUN_START [150/820] id=GDD08_10 family=pb_adx window=OOS run=gdda_oos_gdd08_10_20260814135319_b0ef63
2026-08-14T04:54:01+00:00 RUN_END [150/820] id=GDD08_10 window=OOS status=OK decision=OOS_PASS elapsed=42.923s
2026-08-14T04:54:01+00:00 RUN_START [150/820] id=GDD08_10 family=pb_adx window=XM5 run=gdda_xm5_gdd08_10_20260814135401_9abeb3
2026-08-14T05:01:50+00:00 RUN_END [150/820] id=GDD08_10 window=XM5 status=OK decision=XM5_PASS elapsed=468.366s
2026-08-14T05:01:50+00:00 RUN_START [151/820] id=GDD08_11 family=pb_adx window=IS run=gdda_is_gdd08_11_20260814140150_57319b
2026-08-14T05:01:50+00:00 WAIT_TERMINAL elapsed=0s processes=metatester64.exe
2026-08-14T05:02:52+00:00 WAIT_TERMINAL elapsed=62s processes=metatester64.exe
2026-08-14T05:03:53+00:00 WAIT_TERMINAL elapsed=123s processes=metatester64.exe
2026-08-14T05:04:54+00:00 WAIT_TERMINAL elapsed=185s processes=metatester64.exe
2026-08-14T05:05:56+00:00 WAIT_TERMINAL elapsed=246s processes=metatester64.exe
2026-08-14T05:06:57+00:00 WAIT_TERMINAL elapsed=307s processes=metatester64.exe
2026-08-14T05:08:31+00:00 RUN_END [151/820] id=GDD08_11 window=IS status=OK decision=IS_SURVIVOR_DD elapsed=400.787s
2026-08-14T05:08:31+00:00 RUN_START [151/820] id=GDD08_11 family=pb_adx window=OOS run=gdda_oos_gdd08_11_20260814140831_d5f5a6
2026-08-14T05:09:14+00:00 RUN_END [151/820] id=GDD08_11 window=OOS status=OK decision=OOS_REJECT elapsed=42.962s
2026-08-14T05:09:14+00:00 GATE_SKIP [151/820] id=GDD08_11 window=XM5 reason=OOS_NOT_PROMISING
2026-08-14T05:09:14+00:00 RUN_START [152/820] id=GDD08_12 family=pb_adx window=IS run=gdda_is_gdd08_12_20260814140914_6de0fb
2026-08-14T05:10:12+00:00 RUN_END [152/820] id=GDD08_12 window=IS status=OK decision=IS_SURVIVOR_DD elapsed=57.917s
2026-08-14T05:10:12+00:00 RUN_START [152/820] id=GDD08_12 family=pb_adx window=OOS run=gdda_oos_gdd08_12_20260814141012_3a9bb2
2026-08-14T05:10:54+00:00 RUN_END [152/820] id=GDD08_12 window=OOS status=OK decision=OOS_REJECT elapsed=42.899s
2026-08-14T05:10:55+00:00 GATE_SKIP [152/820] id=GDD08_12 window=XM5 reason=OOS_NOT_PROMISING
2026-08-14T05:10:55+00:00 RUN_START [153/820] id=GDD08_13 family=pb_adx window=IS run=gdda_is_gdd08_13_20260814141055_4966d3
2026-08-14T05:11:57+00:00 RUN_END [153/820] id=GDD08_13 window=IS status=OK decision=IS_SURVIVOR_DD elapsed=62.866s
2026-08-14T05:11:57+00:00 RUN_START [153/820] id=GDD08_13 family=pb_adx window=OOS run=gdda_oos_gdd08_13_20260814141157_1dedb4
2026-08-14T05:12:40+00:00 RUN_END [153/820] id=GDD08_13 window=OOS status=OK decision=OOS_REJECT elapsed=42.888s
2026-08-14T05:12:40+00:00 GATE_SKIP [153/820] id=GDD08_13 window=XM5 reason=OOS_NOT_PROMISING
2026-08-14T05:12:40+00:00 RUN_START [154/820] id=GDD08_14 family=pb_adx window=IS run=gdda_is_gdd08_14_20260814141240_7f6ead
2026-08-14T05:13:38+00:00 RUN_END [154/820] id=GDD08_14 window=IS status=OK decision=IS_REJECT elapsed=57.900s
2026-08-14T05:13:38+00:00 GATE_SKIP [154/820] id=GDD08_14 window=OOS reason=IS_NOT_SURVIVOR
2026-08-14T05:13:38+00:00 GATE_SKIP [154/820] id=GDD08_14 window=XM5 reason=OOS_NOT_PROMISING
2026-08-14T05:13:38+00:00 RUN_START [155/820] id=GDD08_15 family=pb_adx window=IS run=gdda_is_gdd08_15_20260814141338_5040bb
2026-08-14T05:14:36+00:00 RUN_END [155/820] id=GDD08_15 window=IS status=OK decision=IS_REJECT elapsed=57.974s
2026-08-14T05:14:36+00:00 GATE_SKIP [155/820] id=GDD08_15 window=OOS reason=IS_NOT_SURVIVOR
2026-08-14T05:14:36+00:00 GATE_SKIP [155/820] id=GDD08_15 window=XM5 reason=OOS_NOT_PROMISING
2026-08-14T05:14:36+00:00 RUN_START [156/820] id=GDD08_16 family=pb_adx window=IS run=gdda_is_gdd08_16_20260814141436_e0e9a8
2026-08-14T05:15:34+00:00 RUN_END [156/820] id=GDD08_16 window=IS status=OK decision=IS_REJECT elapsed=57.983s
2026-08-14T05:15:34+00:00 GATE_SKIP [156/820] id=GDD08_16 window=OOS reason=IS_NOT_SURVIVOR
2026-08-14T05:15:34+00:00 GATE_SKIP [156/820] id=GDD08_16 window=XM5 reason=OOS_NOT_PROMISING
2026-08-14T05:15:34+00:00 RUN_START [157/820] id=GDD08_17 family=pb_adx window=IS run=gdda_is_gdd08_17_20260814141534_6d1de0
2026-08-14T05:16:32+00:00 RUN_END [157/820] id=GDD08_17 window=IS status=OK decision=IS_REJECT elapsed=58.001s
2026-08-14T05:16:32+00:00 GATE_SKIP [157/820] id=GDD08_17 window=OOS reason=IS_NOT_SURVIVOR
2026-08-14T05:16:32+00:00 GATE_SKIP [157/820] id=GDD08_17 window=XM5 reason=OOS_NOT_PROMISING
2026-08-14T05:16:32+00:00 RUN_START [158/820] id=GDD08_18 family=pb_adx window=IS run=gdda_is_gdd08_18_20260814141632_7286cb
2026-08-14T05:17:30+00:00 RUN_END [158/820] id=GDD08_18 window=IS status=OK decision=IS_REJECT elapsed=57.941s
2026-08-14T05:17:30+00:00 GATE_SKIP [158/820] id=GDD08_18 window=OOS reason=IS_NOT_SURVIVOR
2026-08-14T05:17:30+00:00 GATE_SKIP [158/820] id=GDD08_18 window=XM5 reason=OOS_NOT_PROMISING
2026-08-14T05:17:30+00:00 RUN_START [159/820] id=GDD08_19 family=pb_adx window=IS run=gdda_is_gdd08_19_20260814141730_d3c639
2026-08-14T05:18:28+00:00 RUN_END [159/820] id=GDD08_19 window=IS status=OK decision=IS_REJECT elapsed=57.957s
2026-08-14T05:18:28+00:00 GATE_SKIP [159/820] id=GDD08_19 window=OOS reason=IS_NOT_SURVIVOR
2026-08-14T05:18:28+00:00 GATE_SKIP [159/820] id=GDD08_19 window=XM5 reason=OOS_NOT_PROMISING
2026-08-14T05:18:28+00:00 RUN_START [160/820] id=GDD08_20 family=pb_adx window=IS run=gdda_is_gdd08_20_20260814141828_b155e9
2026-08-14T05:19:26+00:00 RUN_END [160/820] id=GDD08_20 window=IS status=OK decision=IS_REJECT elapsed=57.954s
2026-08-14T05:19:26+00:00 GATE_SKIP [160/820] id=GDD08_20 window=OOS reason=IS_NOT_SURVIVOR
2026-08-14T05:19:26+00:00 GATE_SKIP [160/820] id=GDD08_20 window=XM5 reason=OOS_NOT_PROMISING
2026-08-14T05:19:26+00:00 RUN_START [161/820] id=GDD09_01 family=pb_slope window=IS run=gdda_is_gdd09_01_20260814141926_22668c
2026-08-14T05:20:34+00:00 RUN_END [161/820] id=GDD09_01 window=IS status=OK decision=IS_SURVIVOR_TRADEOFF elapsed=67.910s
2026-08-14T05:20:34+00:00 RUN_START [161/820] id=GDD09_01 family=pb_slope window=OOS run=gdda_oos_gdd09_01_20260814142034_ec6bd0
2026-08-14T05:21:22+00:00 RUN_END [161/820] id=GDD09_01 window=OOS status=OK decision=OOS_REJECT elapsed=47.968s
2026-08-14T05:21:22+00:00 GATE_SKIP [161/820] id=GDD09_01 window=XM5 reason=OOS_NOT_PROMISING
2026-08-14T05:21:22+00:00 RUN_START [162/820] id=GDD09_02 family=pb_slope window=IS run=gdda_is_gdd09_02_20260814142122_119a55
2026-08-14T05:22:25+00:00 RUN_END [162/820] id=GDD09_02 window=IS status=OK decision=IS_SURVIVOR_TRADEOFF elapsed=62.918s
2026-08-14T05:22:25+00:00 RUN_START [162/820] id=GDD09_02 family=pb_slope window=OOS run=gdda_oos_gdd09_02_20260814142225_01606e
2026-08-14T12:30:16+00:00 RUN_END [162/820] id=GDD09_02 window=OOS status=FAILED decision=RUN_FAILED elapsed=25671.463s
2026-08-14T12:30:16+00:00 RUN_START [163/820] id=GDD09_03 family=pb_slope window=IS run=gdda_is_gdd09_03_20260814213016_1abcb2
2026-08-14T12:30:21+00:00 WAIT_TERMINAL elapsed=4s processes=metatester64.exe
2026-08-14T12:31:23+00:00 WAIT_TERMINAL elapsed=67s processes=metatester64.exe
2026-08-14T12:33:15+00:00 DRIVER_START pid=16648 stage=all proposals=1000 classification2=820 implemented_families=13
2026-08-14T12:33:15+00:00 SKIP_EXISTING [1/820] id=GDD01_01 window=IS scope=GOLD2
2026-08-14T12:33:15+00:00 GATE_SKIP [1/820] id=GDD01_01 window=OOS reason=IS_NOT_SURVIVOR
2026-08-14T12:33:15+00:00 GATE_SKIP [1/820] id=GDD01_01 window=XM5 reason=OOS_NOT_PROMISING
2026-08-14T12:33:15+00:00 SKIP_EXISTING [2/820] id=GDD01_02 window=IS scope=GOLD2
2026-08-14T12:33:15+00:00 GATE_SKIP [2/820] id=GDD01_02 window=OOS reason=IS_NOT_SURVIVOR
2026-08-14T12:33:15+00:00 GATE_SKIP [2/820] id=GDD01_02 window=XM5 reason=OOS_NOT_PROMISING
2026-08-14T12:33:15+00:00 SKIP_EXISTING [3/820] id=GDD01_03 window=IS scope=GOLD2
2026-08-14T12:33:15+00:00 GATE_SKIP [3/820] id=GDD01_03 window=OOS reason=IS_NOT_SURVIVOR
2026-08-14T12:33:15+00:00 GATE_SKIP [3/820] id=GDD01_03 window=XM5 reason=OOS_NOT_PROMISING
2026-08-14T12:33:15+00:00 SKIP_EXISTING [4/820] id=GDD01_04 window=IS scope=GOLD2
2026-08-14T12:33:15+00:00 GATE_SKIP [4/820] id=GDD01_04 window=OOS reason=IS_NOT_SURVIVOR
2026-08-14T12:33:15+00:00 GATE_SKIP [4/820] id=GDD01_04 window=XM5 reason=OOS_NOT_PROMISING
2026-08-14T12:33:15+00:00 SKIP_EXISTING [5/820] id=GDD01_05 window=IS scope=GOLD2
2026-08-14T12:33:15+00:00 GATE_SKIP [5/820] id=GDD01_05 window=OOS reason=IS_NOT_SURVIVOR
2026-08-14T12:33:15+00:00 GATE_SKIP [5/820] id=GDD01_05 window=XM5 reason=OOS_NOT_PROMISING
2026-08-14T12:33:15+00:00 SKIP_EXISTING [6/820] id=GDD01_06 window=IS scope=GOLD2
2026-08-14T12:33:15+00:00 GATE_SKIP [6/820] id=GDD01_06 window=OOS reason=IS_NOT_SURVIVOR
2026-08-14T12:33:15+00:00 GATE_SKIP [6/820] id=GDD01_06 window=XM5 reason=OOS_NOT_PROMISING
2026-08-14T12:33:15+00:00 SKIP_EXISTING [7/820] id=GDD01_07 window=IS scope=GOLD2
2026-08-14T12:33:15+00:00 GATE_SKIP [7/820] id=GDD01_07 window=OOS reason=IS_NOT_SURVIVOR
2026-08-14T12:33:15+00:00 GATE_SKIP [7/820] id=GDD01_07 window=XM5 reason=OOS_NOT_PROMISING
2026-08-14T12:33:15+00:00 SKIP_EXISTING [8/820] id=GDD01_08 window=IS scope=GOLD2
2026-08-14T12:33:15+00:00 GATE_SKIP [8/820] id=GDD01_08 window=OOS reason=IS_NOT_SURVIVOR
2026-08-14T12:33:15+00:00 GATE_SKIP [8/820] id=GDD01_08 window=XM5 reason=OOS_NOT_PROMISING
2026-08-14T12:33:15+00:00 SKIP_EXISTING [9/820] id=GDD01_09 window=IS scope=GOLD2
2026-08-14T12:33:15+00:00 GATE_SKIP [9/820] id=GDD01_09 window=OOS reason=IS_NOT_SURVIVOR
2026-08-14T12:33:15+00:00 GATE_SKIP [9/820] id=GDD01_09 window=XM5 reason=OOS_NOT_PROMISING
2026-08-14T12:33:15+00:00 SKIP_EXISTING [10/820] id=GDD01_10 window=IS scope=GOLD2
2026-08-14T12:33:16+00:00 GATE_SKIP [10/820] id=GDD01_10 window=OOS reason=IS_NOT_SURVIVOR
2026-08-14T12:33:16+00:00 GATE_SKIP [10/820] id=GDD01_10 window=XM5 reason=OOS_NOT_PROMISING
2026-08-14T12:33:16+00:00 SKIP_EXISTING [11/820] id=GDD01_11 window=IS scope=GOLD2
2026-08-14T12:33:16+00:00 GATE_SKIP [11/820] id=GDD01_11 window=OOS reason=IS_NOT_SURVIVOR
2026-08-14T12:33:16+00:00 GATE_SKIP [11/820] id=GDD01_11 window=XM5 reason=OOS_NOT_PROMISING
2026-08-14T12:33:16+00:00 SKIP_EXISTING [12/820] id=GDD01_12 window=IS scope=GOLD2
2026-08-14T12:33:16+00:00 GATE_SKIP [12/820] id=GDD01_12 window=OOS reason=IS_NOT_SURVIVOR
2026-08-14T12:33:16+00:00 GATE_SKIP [12/820] id=GDD01_12 window=XM5 reason=OOS_NOT_PROMISING
2026-08-14T12:33:16+00:00 SKIP_EXISTING [13/820] id=GDD01_13 window=IS scope=GOLD2
2026-08-14T12:33:16+00:00 GATE_SKIP [13/820] id=GDD01_13 window=OOS reason=IS_NOT_SURVIVOR
2026-08-14T12:33:16+00:00 GATE_SKIP [13/820] id=GDD01_13 window=XM5 reason=OOS_NOT_PROMISING
2026-08-14T12:33:16+00:00 SKIP_EXISTING [14/820] id=GDD01_14 window=IS scope=GOLD2
2026-08-14T12:33:16+00:00 GATE_SKIP [14/820] id=GDD01_14 window=OOS reason=IS_NOT_SURVIVOR
2026-08-14T12:33:16+00:00 GATE_SKIP [14/820] id=GDD01_14 window=XM5 reason=OOS_NOT_PROMISING
2026-08-14T12:33:16+00:00 SKIP_EXISTING [15/820] id=GDD01_15 window=IS scope=GOLD2
2026-08-14T12:33:16+00:00 GATE_SKIP [15/820] id=GDD01_15 window=OOS reason=IS_NOT_SURVIVOR
2026-08-14T12:33:16+00:00 GATE_SKIP [15/820] id=GDD01_15 window=XM5 reason=OOS_NOT_PROMISING
2026-08-14T12:33:16+00:00 SKIP_EXISTING [16/820] id=GDD01_16 window=IS scope=GOLD2
2026-08-14T12:33:16+00:00 GATE_SKIP [16/820] id=GDD01_16 window=OOS reason=IS_NOT_SURVIVOR
2026-08-14T12:33:16+00:00 GATE_SKIP [16/820] id=GDD01_16 window=XM5 reason=OOS_NOT_PROMISING
2026-08-14T12:33:16+00:00 SKIP_EXISTING [17/820] id=GDD01_17 window=IS scope=GOLD2
2026-08-14T12:33:16+00:00 GATE_SKIP [17/820] id=GDD01_17 window=OOS reason=IS_NOT_SURVIVOR
2026-08-14T12:33:16+00:00 GATE_SKIP [17/820] id=GDD01_17 window=XM5 reason=OOS_NOT_PROMISING
2026-08-14T12:33:16+00:00 SKIP_EXISTING [18/820] id=GDD01_18 window=IS scope=GOLD2
2026-08-14T12:33:16+00:00 GATE_SKIP [18/820] id=GDD01_18 window=OOS reason=IS_NOT_SURVIVOR
2026-08-14T12:33:16+00:00 GATE_SKIP [18/820] id=GDD01_18 window=XM5 reason=OOS_NOT_PROMISING
2026-08-14T12:33:16+00:00 SKIP_EXISTING [19/820] id=GDD01_19 window=IS scope=GOLD2
2026-08-14T12:33:16+00:00 GATE_SKIP [19/820] id=GDD01_19 window=OOS reason=IS_NOT_SURVIVOR
2026-08-14T12:33:16+00:00 GATE_SKIP [19/820] id=GDD01_19 window=XM5 reason=OOS_NOT_PROMISING
2026-08-14T12:33:16+00:00 SKIP_EXISTING [20/820] id=GDD01_20 window=IS scope=GOLD2
2026-08-14T12:33:16+00:00 GATE_SKIP [20/820] id=GDD01_20 window=OOS reason=IS_NOT_SURVIVOR
2026-08-14T12:33:16+00:00 GATE_SKIP [20/820] id=GDD01_20 window=XM5 reason=OOS_NOT_PROMISING
2026-08-14T12:33:16+00:00 SKIP_EXISTING [21/820] id=GDD02_01 window=IS scope=GOLD2
2026-08-14T12:33:16+00:00 GATE_SKIP [21/820] id=GDD02_01 window=OOS reason=IS_NOT_SURVIVOR
2026-08-14T12:33:16+00:00 GATE_SKIP [21/820] id=GDD02_01 window=XM5 reason=OOS_NOT_PROMISING
2026-08-14T12:33:16+00:00 SKIP_EXISTING [22/820] id=GDD02_02 window=IS scope=GOLD2
2026-08-14T12:33:16+00:00 GATE_SKIP [22/820] id=GDD02_02 window=OOS reason=IS_NOT_SURVIVOR
2026-08-14T12:33:16+00:00 GATE_SKIP [22/820] id=GDD02_02 window=XM5 reason=OOS_NOT_PROMISING
2026-08-14T12:33:16+00:00 SKIP_EXISTING [23/820] id=GDD02_03 window=IS scope=GOLD2
2026-08-14T12:33:16+00:00 GATE_SKIP [23/820] id=GDD02_03 window=OOS reason=IS_NOT_SURVIVOR
2026-08-14T12:33:16+00:00 GATE_SKIP [23/820] id=GDD02_03 window=XM5 reason=OOS_NOT_PROMISING
2026-08-14T12:33:16+00:00 SKIP_EXISTING [24/820] id=GDD02_04 window=IS scope=GOLD2
2026-08-14T12:33:16+00:00 GATE_SKIP [24/820] id=GDD02_04 window=OOS reason=IS_NOT_SURVIVOR
2026-08-14T12:33:16+00:00 GATE_SKIP [24/820] id=GDD02_04 window=XM5 reason=OOS_NOT_PROMISING
2026-08-14T12:33:16+00:00 SKIP_EXISTING [25/820] id=GDD02_05 window=IS scope=GOLD2
2026-08-14T12:33:16+00:00 GATE_SKIP [25/820] id=GDD02_05 window=OOS reason=IS_NOT_SURVIVOR
2026-08-14T12:33:16+00:00 GATE_SKIP [25/820] id=GDD02_05 window=XM5 reason=OOS_NOT_PROMISING
2026-08-14T12:33:16+00:00 SKIP_EXISTING [26/820] id=GDD02_06 window=IS scope=GOLD2
2026-08-14T12:33:16+00:00 GATE_SKIP [26/820] id=GDD02_06 window=OOS reason=IS_NOT_SURVIVOR
2026-08-14T12:33:16+00:00 GATE_SKIP [26/820] id=GDD02_06 window=XM5 reason=OOS_NOT_PROMISING
2026-08-14T12:33:16+00:00 SKIP_EXISTING [27/820] id=GDD02_07 window=IS scope=GOLD2
2026-08-14T12:33:16+00:00 GATE_SKIP [27/820] id=GDD02_07 window=OOS reason=IS_NOT_SURVIVOR
2026-08-14T12:33:16+00:00 GATE_SKIP [27/820] id=GDD02_07 window=XM5 reason=OOS_NOT_PROMISING
2026-08-14T12:33:16+00:00 SKIP_EXISTING [28/820] id=GDD02_08 window=IS scope=GOLD2
2026-08-14T12:33:16+00:00 GATE_SKIP [28/820] id=GDD02_08 window=OOS reason=IS_NOT_SURVIVOR
2026-08-14T12:33:16+00:00 GATE_SKIP [28/820] id=GDD02_08 window=XM5 reason=OOS_NOT_PROMISING
2026-08-14T12:33:16+00:00 SKIP_EXISTING [29/820] id=GDD02_09 window=IS scope=GOLD2
2026-08-14T12:33:16+00:00 GATE_SKIP [29/820] id=GDD02_09 window=OOS reason=IS_NOT_SURVIVOR
2026-08-14T12:33:16+00:00 GATE_SKIP [29/820] id=GDD02_09 window=XM5 reason=OOS_NOT_PROMISING
2026-08-14T12:33:16+00:00 SKIP_EXISTING [30/820] id=GDD02_10 window=IS scope=GOLD2
2026-08-14T12:33:16+00:00 GATE_SKIP [30/820] id=GDD02_10 window=OOS reason=IS_NOT_SURVIVOR
2026-08-14T12:33:16+00:00 GATE_SKIP [30/820] id=GDD02_10 window=XM5 reason=OOS_NOT_PROMISING
2026-08-14T12:33:16+00:00 SKIP_EXISTING [31/820] id=GDD02_11 window=IS scope=GOLD2
2026-08-14T12:33:16+00:00 GATE_SKIP [31/820] id=GDD02_11 window=OOS reason=IS_NOT_SURVIVOR
2026-08-14T12:33:16+00:00 GATE_SKIP [31/820] id=GDD02_11 window=XM5 reason=OOS_NOT_PROMISING
2026-08-14T12:33:16+00:00 SKIP_EXISTING [32/820] id=GDD02_12 window=IS scope=GOLD2
2026-08-14T12:33:16+00:00 GATE_SKIP [32/820] id=GDD02_12 window=OOS reason=IS_NOT_SURVIVOR
2026-08-14T12:33:16+00:00 GATE_SKIP [32/820] id=GDD02_12 window=XM5 reason=OOS_NOT_PROMISING
2026-08-14T12:33:16+00:00 SKIP_EXISTING [33/820] id=GDD02_13 window=IS scope=GOLD2
2026-08-14T12:33:16+00:00 GATE_SKIP [33/820] id=GDD02_13 window=OOS reason=IS_NOT_SURVIVOR
2026-08-14T12:33:16+00:00 GATE_SKIP [33/820] id=GDD02_13 window=XM5 reason=OOS_NOT_PROMISING
2026-08-14T12:33:16+00:00 SKIP_EXISTING [34/820] id=GDD02_14 window=IS scope=GOLD2
2026-08-14T12:33:16+00:00 GATE_SKIP [34/820] id=GDD02_14 window=OOS reason=IS_NOT_SURVIVOR
2026-08-14T12:33:16+00:00 GATE_SKIP [34/820] id=GDD02_14 window=XM5 reason=OOS_NOT_PROMISING
2026-08-14T12:33:16+00:00 SKIP_EXISTING [35/820] id=GDD02_15 window=IS scope=GOLD2
2026-08-14T12:33:16+00:00 GATE_SKIP [35/820] id=GDD02_15 window=OOS reason=IS_NOT_SURVIVOR
2026-08-14T12:33:16+00:00 GATE_SKIP [35/820] id=GDD02_15 window=XM5 reason=OOS_NOT_PROMISING
2026-08-14T12:33:16+00:00 SKIP_EXISTING [36/820] id=GDD02_16 window=IS scope=GOLD2
2026-08-14T12:33:16+00:00 GATE_SKIP [36/820] id=GDD02_16 window=OOS reason=IS_NOT_SURVIVOR
2026-08-14T12:33:16+00:00 GATE_SKIP [36/820] id=GDD02_16 window=XM5 reason=OOS_NOT_PROMISING
2026-08-14T12:33:16+00:00 SKIP_EXISTING [37/820] id=GDD02_17 window=IS scope=GOLD2
2026-08-14T12:33:16+00:00 GATE_SKIP [37/820] id=GDD02_17 window=OOS reason=IS_NOT_SURVIVOR
2026-08-14T12:33:16+00:00 GATE_SKIP [37/820] id=GDD02_17 window=XM5 reason=OOS_NOT_PROMISING
2026-08-14T12:33:16+00:00 SKIP_EXISTING [38/820] id=GDD02_18 window=IS scope=GOLD2
2026-08-14T12:33:16+00:00 GATE_SKIP [38/820] id=GDD02_18 window=OOS reason=IS_NOT_SURVIVOR
2026-08-14T12:33:16+00:00 GATE_SKIP [38/820] id=GDD02_18 window=XM5 reason=OOS_NOT_PROMISING
2026-08-14T12:33:16+00:00 SKIP_EXISTING [39/820] id=GDD02_19 window=IS scope=GOLD2
2026-08-14T12:33:16+00:00 GATE_SKIP [39/820] id=GDD02_19 window=OOS reason=IS_NOT_SURVIVOR
2026-08-14T12:33:16+00:00 GATE_SKIP [39/820] id=GDD02_19 window=XM5 reason=OOS_NOT_PROMISING
2026-08-14T12:33:16+00:00 SKIP_EXISTING [40/820] id=GDD02_20 window=IS scope=GOLD2
2026-08-14T12:33:16+00:00 GATE_SKIP [40/820] id=GDD02_20 window=OOS reason=IS_NOT_SURVIVOR
2026-08-14T12:33:16+00:00 GATE_SKIP [40/820] id=GDD02_20 window=XM5 reason=OOS_NOT_PROMISING
2026-08-14T12:33:16+00:00 SKIP_EXISTING [41/820] id=GDD03_01 window=IS scope=GOLD2
2026-08-14T12:33:16+00:00 GATE_SKIP [41/820] id=GDD03_01 window=OOS reason=IS_NOT_SURVIVOR
2026-08-14T12:33:16+00:00 GATE_SKIP [41/820] id=GDD03_01 window=XM5 reason=OOS_NOT_PROMISING
2026-08-14T12:33:16+00:00 SKIP_EXISTING [42/820] id=GDD03_02 window=IS scope=GOLD2
2026-08-14T12:33:16+00:00 GATE_SKIP [42/820] id=GDD03_02 window=OOS reason=IS_NOT_SURVIVOR
2026-08-14T12:33:16+00:00 GATE_SKIP [42/820] id=GDD03_02 window=XM5 reason=OOS_NOT_PROMISING
2026-08-14T12:33:16+00:00 SKIP_EXISTING [43/820] id=GDD03_03 window=IS scope=GOLD2
2026-08-14T12:33:16+00:00 GATE_SKIP [43/820] id=GDD03_03 window=OOS reason=IS_NOT_SURVIVOR
2026-08-14T12:33:16+00:00 GATE_SKIP [43/820] id=GDD03_03 window=XM5 reason=OOS_NOT_PROMISING
2026-08-14T12:33:16+00:00 SKIP_EXISTING [44/820] id=GDD03_04 window=IS scope=GOLD2
2026-08-14T12:33:16+00:00 GATE_SKIP [44/820] id=GDD03_04 window=OOS reason=IS_NOT_SURVIVOR
2026-08-14T12:33:16+00:00 GATE_SKIP [44/820] id=GDD03_04 window=XM5 reason=OOS_NOT_PROMISING
2026-08-14T12:33:16+00:00 SKIP_EXISTING [45/820] id=GDD03_05 window=IS scope=GOLD2
2026-08-14T12:33:16+00:00 GATE_SKIP [45/820] id=GDD03_05 window=OOS reason=IS_NOT_SURVIVOR
2026-08-14T12:33:16+00:00 GATE_SKIP [45/820] id=GDD03_05 window=XM5 reason=OOS_NOT_PROMISING
2026-08-14T12:33:16+00:00 SKIP_EXISTING [46/820] id=GDD03_06 window=IS scope=GOLD2
2026-08-14T12:33:16+00:00 GATE_SKIP [46/820] id=GDD03_06 window=OOS reason=IS_NOT_SURVIVOR
2026-08-14T12:33:16+00:00 GATE_SKIP [46/820] id=GDD03_06 window=XM5 reason=OOS_NOT_PROMISING
2026-08-14T12:33:16+00:00 SKIP_EXISTING [47/820] id=GDD03_07 window=IS scope=GOLD2
2026-08-14T12:33:16+00:00 GATE_SKIP [47/820] id=GDD03_07 window=OOS reason=IS_NOT_SURVIVOR
2026-08-14T12:33:16+00:00 GATE_SKIP [47/820] id=GDD03_07 window=XM5 reason=OOS_NOT_PROMISING
2026-08-14T12:33:16+00:00 SKIP_EXISTING [48/820] id=GDD03_08 window=IS scope=GOLD2
2026-08-14T12:33:16+00:00 GATE_SKIP [48/820] id=GDD03_08 window=OOS reason=IS_NOT_SURVIVOR
2026-08-14T12:33:16+00:00 GATE_SKIP [48/820] id=GDD03_08 window=XM5 reason=OOS_NOT_PROMISING
2026-08-14T12:33:16+00:00 SKIP_EXISTING [49/820] id=GDD03_09 window=IS scope=GOLD2
2026-08-14T12:33:16+00:00 GATE_SKIP [49/820] id=GDD03_09 window=OOS reason=IS_NOT_SURVIVOR
2026-08-14T12:33:16+00:00 GATE_SKIP [49/820] id=GDD03_09 window=XM5 reason=OOS_NOT_PROMISING
2026-08-14T12:33:16+00:00 SKIP_EXISTING [50/820] id=GDD03_10 window=IS scope=GOLD2
2026-08-14T12:33:16+00:00 GATE_SKIP [50/820] id=GDD03_10 window=OOS reason=IS_NOT_SURVIVOR
2026-08-14T12:33:16+00:00 GATE_SKIP [50/820] id=GDD03_10 window=XM5 reason=OOS_NOT_PROMISING
2026-08-14T12:33:16+00:00 SKIP_EXISTING [51/820] id=GDD03_11 window=IS scope=GOLD2
2026-08-14T12:33:16+00:00 GATE_SKIP [51/820] id=GDD03_11 window=OOS reason=IS_NOT_SURVIVOR
2026-08-14T12:33:16+00:00 GATE_SKIP [51/820] id=GDD03_11 window=XM5 reason=OOS_NOT_PROMISING
2026-08-14T12:33:16+00:00 SKIP_EXISTING [52/820] id=GDD03_12 window=IS scope=GOLD2
2026-08-14T12:33:16+00:00 GATE_SKIP [52/820] id=GDD03_12 window=OOS reason=IS_NOT_SURVIVOR
2026-08-14T12:33:16+00:00 GATE_SKIP [52/820] id=GDD03_12 window=XM5 reason=OOS_NOT_PROMISING
2026-08-14T12:33:16+00:00 SKIP_EXISTING [53/820] id=GDD03_13 window=IS scope=GOLD2
2026-08-14T12:33:16+00:00 GATE_SKIP [53/820] id=GDD03_13 window=OOS reason=IS_NOT_SURVIVOR
2026-08-14T12:33:16+00:00 GATE_SKIP [53/820] id=GDD03_13 window=XM5 reason=OOS_NOT_PROMISING
2026-08-14T12:33:16+00:00 SKIP_EXISTING [54/820] id=GDD03_14 window=IS scope=GOLD2
2026-08-14T12:33:16+00:00 GATE_SKIP [54/820] id=GDD03_14 window=OOS reason=IS_NOT_SURVIVOR
2026-08-14T12:33:16+00:00 GATE_SKIP [54/820] id=GDD03_14 window=XM5 reason=OOS_NOT_PROMISING
2026-08-14T12:33:16+00:00 SKIP_EXISTING [55/820] id=GDD03_15 window=IS scope=GOLD2
2026-08-14T12:33:16+00:00 GATE_SKIP [55/820] id=GDD03_15 window=OOS reason=IS_NOT_SURVIVOR
2026-08-14T12:33:16+00:00 GATE_SKIP [55/820] id=GDD03_15 window=XM5 reason=OOS_NOT_PROMISING
2026-08-14T12:33:16+00:00 SKIP_EXISTING [56/820] id=GDD03_16 window=IS scope=GOLD2
2026-08-14T12:33:16+00:00 GATE_SKIP [56/820] id=GDD03_16 window=OOS reason=IS_NOT_SURVIVOR
2026-08-14T12:33:16+00:00 GATE_SKIP [56/820] id=GDD03_16 window=XM5 reason=OOS_NOT_PROMISING
2026-08-14T12:33:16+00:00 SKIP_EXISTING [57/820] id=GDD03_17 window=IS scope=GOLD2
2026-08-14T12:33:16+00:00 GATE_SKIP [57/820] id=GDD03_17 window=OOS reason=IS_NOT_SURVIVOR
2026-08-14T12:33:16+00:00 GATE_SKIP [57/820] id=GDD03_17 window=XM5 reason=OOS_NOT_PROMISING
2026-08-14T12:33:16+00:00 SKIP_EXISTING [58/820] id=GDD03_18 window=IS scope=GOLD2
2026-08-14T12:33:16+00:00 GATE_SKIP [58/820] id=GDD03_18 window=OOS reason=IS_NOT_SURVIVOR
2026-08-14T12:33:16+00:00 GATE_SKIP [58/820] id=GDD03_18 window=XM5 reason=OOS_NOT_PROMISING
2026-08-14T12:33:16+00:00 SKIP_EXISTING [59/820] id=GDD03_19 window=IS scope=GOLD2
2026-08-14T12:33:16+00:00 GATE_SKIP [59/820] id=GDD03_19 window=OOS reason=IS_NOT_SURVIVOR
2026-08-14T12:33:16+00:00 GATE_SKIP [59/820] id=GDD03_19 window=XM5 reason=OOS_NOT_PROMISING
2026-08-14T12:33:16+00:00 SKIP_EXISTING [60/820] id=GDD03_20 window=IS scope=GOLD2
2026-08-14T12:33:16+00:00 GATE_SKIP [60/820] id=GDD03_20 window=OOS reason=IS_NOT_SURVIVOR
2026-08-14T12:33:16+00:00 GATE_SKIP [60/820] id=GDD03_20 window=XM5 reason=OOS_NOT_PROMISING
2026-08-14T12:33:16+00:00 SKIP_EXISTING [61/820] id=GDD04_01 window=IS scope=GOLD2
2026-08-14T12:33:16+00:00 GATE_SKIP [61/820] id=GDD04_01 window=OOS reason=IS_NOT_SURVIVOR
2026-08-14T12:33:16+00:00 GATE_SKIP [61/820] id=GDD04_01 window=XM5 reason=OOS_NOT_PROMISING
2026-08-14T12:33:16+00:00 SKIP_EXISTING [62/820] id=GDD04_02 window=IS scope=GOLD2
2026-08-14T12:33:16+00:00 GATE_SKIP [62/820] id=GDD04_02 window=OOS reason=IS_NOT_SURVIVOR
2026-08-14T12:33:16+00:00 GATE_SKIP [62/820] id=GDD04_02 window=XM5 reason=OOS_NOT_PROMISING
2026-08-14T12:33:16+00:00 SKIP_EXISTING [63/820] id=GDD04_03 window=IS scope=GOLD2
2026-08-14T12:33:16+00:00 GATE_SKIP [63/820] id=GDD04_03 window=OOS reason=IS_NOT_SURVIVOR
2026-08-14T12:33:16+00:00 GATE_SKIP [63/820] id=GDD04_03 window=XM5 reason=OOS_NOT_PROMISING
2026-08-14T12:33:16+00:00 SKIP_EXISTING [64/820] id=GDD04_04 window=IS scope=GOLD2
2026-08-14T12:33:16+00:00 GATE_SKIP [64/820] id=GDD04_04 window=OOS reason=IS_NOT_SURVIVOR
2026-08-14T12:33:16+00:00 GATE_SKIP [64/820] id=GDD04_04 window=XM5 reason=OOS_NOT_PROMISING
2026-08-14T12:33:16+00:00 SKIP_EXISTING [65/820] id=GDD04_05 window=IS scope=GOLD2
2026-08-14T12:33:16+00:00 GATE_SKIP [65/820] id=GDD04_05 window=OOS reason=IS_NOT_SURVIVOR
2026-08-14T12:33:16+00:00 GATE_SKIP [65/820] id=GDD04_05 window=XM5 reason=OOS_NOT_PROMISING
2026-08-14T12:33:16+00:00 SKIP_EXISTING [66/820] id=GDD04_06 window=IS scope=GOLD2
2026-08-14T12:33:16+00:00 GATE_SKIP [66/820] id=GDD04_06 window=OOS reason=IS_NOT_SURVIVOR
2026-08-14T12:33:16+00:00 GATE_SKIP [66/820] id=GDD04_06 window=XM5 reason=OOS_NOT_PROMISING
2026-08-14T12:33:16+00:00 SKIP_EXISTING [67/820] id=GDD04_07 window=IS scope=GOLD2
2026-08-14T12:33:16+00:00 GATE_SKIP [67/820] id=GDD04_07 window=OOS reason=IS_NOT_SURVIVOR
2026-08-14T12:33:16+00:00 GATE_SKIP [67/820] id=GDD04_07 window=XM5 reason=OOS_NOT_PROMISING
2026-08-14T12:33:16+00:00 SKIP_EXISTING [68/820] id=GDD04_08 window=IS scope=GOLD2
2026-08-14T12:33:16+00:00 GATE_SKIP [68/820] id=GDD04_08 window=OOS reason=IS_NOT_SURVIVOR
2026-08-14T12:33:16+00:00 GATE_SKIP [68/820] id=GDD04_08 window=XM5 reason=OOS_NOT_PROMISING
2026-08-14T12:33:16+00:00 SKIP_EXISTING [69/820] id=GDD04_09 window=IS scope=GOLD2
2026-08-14T12:33:16+00:00 GATE_SKIP [69/820] id=GDD04_09 window=OOS reason=IS_NOT_SURVIVOR
2026-08-14T12:33:16+00:00 GATE_SKIP [69/820] id=GDD04_09 window=XM5 reason=OOS_NOT_PROMISING
2026-08-14T12:33:16+00:00 SKIP_EXISTING [70/820] id=GDD04_10 window=IS scope=GOLD2
2026-08-14T12:33:16+00:00 GATE_SKIP [70/820] id=GDD04_10 window=OOS reason=IS_NOT_SURVIVOR
2026-08-14T12:33:16+00:00 GATE_SKIP [70/820] id=GDD04_10 window=XM5 reason=OOS_NOT_PROMISING
2026-08-14T12:33:16+00:00 SKIP_EXISTING [71/820] id=GDD04_11 window=IS scope=GOLD2
2026-08-14T12:33:16+00:00 GATE_SKIP [71/820] id=GDD04_11 window=OOS reason=IS_NOT_SURVIVOR
2026-08-14T12:33:16+00:00 GATE_SKIP [71/820] id=GDD04_11 window=XM5 reason=OOS_NOT_PROMISING
2026-08-14T12:33:16+00:00 SKIP_EXISTING [72/820] id=GDD04_12 window=IS scope=GOLD2
2026-08-14T12:33:16+00:00 GATE_SKIP [72/820] id=GDD04_12 window=OOS reason=IS_NOT_SURVIVOR
2026-08-14T12:33:16+00:00 GATE_SKIP [72/820] id=GDD04_12 window=XM5 reason=OOS_NOT_PROMISING
2026-08-14T12:33:16+00:00 SKIP_EXISTING [73/820] id=GDD04_13 window=IS scope=GOLD2
2026-08-14T12:33:16+00:00 GATE_SKIP [73/820] id=GDD04_13 window=OOS reason=IS_NOT_SURVIVOR
2026-08-14T12:33:16+00:00 GATE_SKIP [73/820] id=GDD04_13 window=XM5 reason=OOS_NOT_PROMISING
2026-08-14T12:33:16+00:00 SKIP_EXISTING [74/820] id=GDD04_14 window=IS scope=GOLD2
2026-08-14T12:33:16+00:00 GATE_SKIP [74/820] id=GDD04_14 window=OOS reason=IS_NOT_SURVIVOR
2026-08-14T12:33:16+00:00 GATE_SKIP [74/820] id=GDD04_14 window=XM5 reason=OOS_NOT_PROMISING
2026-08-14T12:33:16+00:00 SKIP_EXISTING [75/820] id=GDD04_15 window=IS scope=GOLD2
2026-08-14T12:33:16+00:00 GATE_SKIP [75/820] id=GDD04_15 window=OOS reason=IS_NOT_SURVIVOR
2026-08-14T12:33:16+00:00 GATE_SKIP [75/820] id=GDD04_15 window=XM5 reason=OOS_NOT_PROMISING
2026-08-14T12:33:16+00:00 SKIP_EXISTING [76/820] id=GDD04_16 window=IS scope=GOLD2
2026-08-14T12:33:16+00:00 GATE_SKIP [76/820] id=GDD04_16 window=OOS reason=IS_NOT_SURVIVOR
2026-08-14T12:33:16+00:00 GATE_SKIP [76/820] id=GDD04_16 window=XM5 reason=OOS_NOT_PROMISING
2026-08-14T12:33:16+00:00 SKIP_EXISTING [77/820] id=GDD04_17 window=IS scope=GOLD2
2026-08-14T12:33:16+00:00 GATE_SKIP [77/820] id=GDD04_17 window=OOS reason=IS_NOT_SURVIVOR
2026-08-14T12:33:16+00:00 GATE_SKIP [77/820] id=GDD04_17 window=XM5 reason=OOS_NOT_PROMISING
2026-08-14T12:33:16+00:00 SKIP_EXISTING [78/820] id=GDD04_18 window=IS scope=GOLD2
2026-08-14T12:33:16+00:00 GATE_SKIP [78/820] id=GDD04_18 window=OOS reason=IS_NOT_SURVIVOR
2026-08-14T12:33:16+00:00 GATE_SKIP [78/820] id=GDD04_18 window=XM5 reason=OOS_NOT_PROMISING
2026-08-14T12:33:16+00:00 SKIP_EXISTING [79/820] id=GDD04_19 window=IS scope=GOLD2
2026-08-14T12:33:16+00:00 GATE_SKIP [79/820] id=GDD04_19 window=OOS reason=IS_NOT_SURVIVOR
2026-08-14T12:33:16+00:00 GATE_SKIP [79/820] id=GDD04_19 window=XM5 reason=OOS_NOT_PROMISING
2026-08-14T12:33:16+00:00 SKIP_EXISTING [80/820] id=GDD04_20 window=IS scope=GOLD2
2026-08-14T12:33:16+00:00 GATE_SKIP [80/820] id=GDD04_20 window=OOS reason=IS_NOT_SURVIVOR
2026-08-14T12:33:16+00:00 GATE_SKIP [80/820] id=GDD04_20 window=XM5 reason=OOS_NOT_PROMISING
2026-08-14T12:33:16+00:00 SKIP_EXISTING [81/820] id=GDD05_01 window=IS scope=GOLD2
2026-08-14T12:33:16+00:00 GATE_SKIP [81/820] id=GDD05_01 window=OOS reason=IS_NOT_SURVIVOR
2026-08-14T12:33:16+00:00 GATE_SKIP [81/820] id=GDD05_01 window=XM5 reason=OOS_NOT_PROMISING
2026-08-14T12:33:16+00:00 SKIP_EXISTING [82/820] id=GDD05_02 window=IS scope=GOLD2
2026-08-14T12:33:16+00:00 GATE_SKIP [82/820] id=GDD05_02 window=OOS reason=IS_NOT_SURVIVOR
2026-08-14T12:33:16+00:00 GATE_SKIP [82/820] id=GDD05_02 window=XM5 reason=OOS_NOT_PROMISING
2026-08-14T12:33:16+00:00 SKIP_EXISTING [83/820] id=GDD05_03 window=IS scope=GOLD2
2026-08-14T12:33:16+00:00 GATE_SKIP [83/820] id=GDD05_03 window=OOS reason=IS_NOT_SURVIVOR
2026-08-14T12:33:16+00:00 GATE_SKIP [83/820] id=GDD05_03 window=XM5 reason=OOS_NOT_PROMISING
2026-08-14T12:33:16+00:00 SKIP_EXISTING [84/820] id=GDD05_04 window=IS scope=GOLD2
2026-08-14T12:33:16+00:00 GATE_SKIP [84/820] id=GDD05_04 window=OOS reason=IS_NOT_SURVIVOR
2026-08-14T12:33:16+00:00 GATE_SKIP [84/820] id=GDD05_04 window=XM5 reason=OOS_NOT_PROMISING
2026-08-14T12:33:16+00:00 SKIP_EXISTING [85/820] id=GDD05_05 window=IS scope=GOLD2
2026-08-14T12:33:16+00:00 GATE_SKIP [85/820] id=GDD05_05 window=OOS reason=IS_NOT_SURVIVOR
2026-08-14T12:33:16+00:00 GATE_SKIP [85/820] id=GDD05_05 window=XM5 reason=OOS_NOT_PROMISING
2026-08-14T12:33:16+00:00 SKIP_EXISTING [86/820] id=GDD05_06 window=IS scope=GOLD2
2026-08-14T12:33:16+00:00 GATE_SKIP [86/820] id=GDD05_06 window=OOS reason=IS_NOT_SURVIVOR
2026-08-14T12:33:16+00:00 GATE_SKIP [86/820] id=GDD05_06 window=XM5 reason=OOS_NOT_PROMISING
2026-08-14T12:33:16+00:00 SKIP_EXISTING [87/820] id=GDD05_07 window=IS scope=GOLD2
2026-08-14T12:33:16+00:00 GATE_SKIP [87/820] id=GDD05_07 window=OOS reason=IS_NOT_SURVIVOR
2026-08-14T12:33:16+00:00 GATE_SKIP [87/820] id=GDD05_07 window=XM5 reason=OOS_NOT_PROMISING
2026-08-14T12:33:16+00:00 SKIP_EXISTING [88/820] id=GDD05_08 window=IS scope=GOLD2
2026-08-14T12:33:16+00:00 GATE_SKIP [88/820] id=GDD05_08 window=OOS reason=IS_NOT_SURVIVOR
2026-08-14T12:33:16+00:00 GATE_SKIP [88/820] id=GDD05_08 window=XM5 reason=OOS_NOT_PROMISING
2026-08-14T12:33:16+00:00 SKIP_EXISTING [89/820] id=GDD05_09 window=IS scope=GOLD2
2026-08-14T12:33:16+00:00 GATE_SKIP [89/820] id=GDD05_09 window=OOS reason=IS_NOT_SURVIVOR
2026-08-14T12:33:16+00:00 GATE_SKIP [89/820] id=GDD05_09 window=XM5 reason=OOS_NOT_PROMISING
2026-08-14T12:33:16+00:00 SKIP_EXISTING [90/820] id=GDD05_10 window=IS scope=GOLD2
2026-08-14T12:33:16+00:00 GATE_SKIP [90/820] id=GDD05_10 window=OOS reason=IS_NOT_SURVIVOR
2026-08-14T12:33:16+00:00 GATE_SKIP [90/820] id=GDD05_10 window=XM5 reason=OOS_NOT_PROMISING
2026-08-14T12:33:16+00:00 SKIP_EXISTING [91/820] id=GDD05_11 window=IS scope=GOLD2
2026-08-14T12:33:16+00:00 GATE_SKIP [91/820] id=GDD05_11 window=OOS reason=IS_NOT_SURVIVOR
2026-08-14T12:33:16+00:00 GATE_SKIP [91/820] id=GDD05_11 window=XM5 reason=OOS_NOT_PROMISING
2026-08-14T12:33:16+00:00 SKIP_EXISTING [92/820] id=GDD05_12 window=IS scope=GOLD2
2026-08-14T12:33:16+00:00 GATE_SKIP [92/820] id=GDD05_12 window=OOS reason=IS_NOT_SURVIVOR
2026-08-14T12:33:16+00:00 GATE_SKIP [92/820] id=GDD05_12 window=XM5 reason=OOS_NOT_PROMISING
2026-08-14T12:33:16+00:00 SKIP_EXISTING [93/820] id=GDD05_13 window=IS scope=GOLD2
2026-08-14T12:33:16+00:00 GATE_SKIP [93/820] id=GDD05_13 window=OOS reason=IS_NOT_SURVIVOR
2026-08-14T12:33:16+00:00 GATE_SKIP [93/820] id=GDD05_13 window=XM5 reason=OOS_NOT_PROMISING
2026-08-14T12:33:16+00:00 SKIP_EXISTING [94/820] id=GDD05_14 window=IS scope=GOLD2
2026-08-14T12:33:16+00:00 GATE_SKIP [94/820] id=GDD05_14 window=OOS reason=IS_NOT_SURVIVOR
2026-08-14T12:33:16+00:00 GATE_SKIP [94/820] id=GDD05_14 window=XM5 reason=OOS_NOT_PROMISING
2026-08-14T12:33:16+00:00 SKIP_EXISTING [95/820] id=GDD05_15 window=IS scope=GOLD2
2026-08-14T12:33:16+00:00 GATE_SKIP [95/820] id=GDD05_15 window=OOS reason=IS_NOT_SURVIVOR
2026-08-14T12:33:16+00:00 GATE_SKIP [95/820] id=GDD05_15 window=XM5 reason=OOS_NOT_PROMISING
2026-08-14T12:33:16+00:00 SKIP_EXISTING [96/820] id=GDD05_16 window=IS scope=GOLD2
2026-08-14T12:33:16+00:00 GATE_SKIP [96/820] id=GDD05_16 window=OOS reason=IS_NOT_SURVIVOR
2026-08-14T12:33:16+00:00 GATE_SKIP [96/820] id=GDD05_16 window=XM5 reason=OOS_NOT_PROMISING
2026-08-14T12:33:16+00:00 SKIP_EXISTING [97/820] id=GDD05_17 window=IS scope=GOLD2
2026-08-14T12:33:16+00:00 GATE_SKIP [97/820] id=GDD05_17 window=OOS reason=IS_NOT_SURVIVOR
2026-08-14T12:33:16+00:00 GATE_SKIP [97/820] id=GDD05_17 window=XM5 reason=OOS_NOT_PROMISING
2026-08-14T12:33:16+00:00 SKIP_EXISTING [98/820] id=GDD05_18 window=IS scope=GOLD2
2026-08-14T12:33:16+00:00 GATE_SKIP [98/820] id=GDD05_18 window=OOS reason=IS_NOT_SURVIVOR
2026-08-14T12:33:16+00:00 GATE_SKIP [98/820] id=GDD05_18 window=XM5 reason=OOS_NOT_PROMISING
2026-08-14T12:33:16+00:00 SKIP_EXISTING [99/820] id=GDD05_19 window=IS scope=GOLD2
2026-08-14T12:33:16+00:00 GATE_SKIP [99/820] id=GDD05_19 window=OOS reason=IS_NOT_SURVIVOR
2026-08-14T12:33:16+00:00 GATE_SKIP [99/820] id=GDD05_19 window=XM5 reason=OOS_NOT_PROMISING
2026-08-14T12:33:16+00:00 SKIP_EXISTING [100/820] id=GDD05_20 window=IS scope=GOLD2
2026-08-14T12:33:16+00:00 GATE_SKIP [100/820] id=GDD05_20 window=OOS reason=IS_NOT_SURVIVOR
2026-08-14T12:33:16+00:00 GATE_SKIP [100/820] id=GDD05_20 window=XM5 reason=OOS_NOT_PROMISING
2026-08-14T12:33:16+00:00 SKIP_EXISTING [101/820] id=GDD06_01 window=IS scope=GOLD2
2026-08-14T12:33:16+00:00 SKIP_EXISTING [101/820] id=GDD06_01 window=OOS scope=GOLD2
2026-08-14T12:33:16+00:00 SKIP_EXISTING [101/820] id=GDD06_01 window=XM5 scope=XM5
2026-08-14T12:33:16+00:00 SKIP_EXISTING [102/820] id=GDD06_02 window=IS scope=GOLD2
2026-08-14T12:33:16+00:00 SKIP_EXISTING [102/820] id=GDD06_02 window=OOS scope=GOLD2
2026-08-14T12:33:16+00:00 SKIP_EXISTING [102/820] id=GDD06_02 window=XM5 scope=XM5
2026-08-14T12:33:16+00:00 SKIP_EXISTING [103/820] id=GDD06_03 window=IS scope=GOLD2
2026-08-14T12:33:16+00:00 GATE_SKIP [103/820] id=GDD06_03 window=OOS reason=IS_NOT_SURVIVOR
2026-08-14T12:33:16+00:00 GATE_SKIP [103/820] id=GDD06_03 window=XM5 reason=OOS_NOT_PROMISING
2026-08-14T12:33:16+00:00 SKIP_EXISTING [104/820] id=GDD06_04 window=IS scope=GOLD2
2026-08-14T12:33:16+00:00 GATE_SKIP [104/820] id=GDD06_04 window=OOS reason=IS_NOT_SURVIVOR
2026-08-14T12:33:16+00:00 GATE_SKIP [104/820] id=GDD06_04 window=XM5 reason=OOS_NOT_PROMISING
2026-08-14T12:33:16+00:00 SKIP_EXISTING [105/820] id=GDD06_05 window=IS scope=GOLD2
2026-08-14T12:33:16+00:00 GATE_SKIP [105/820] id=GDD06_05 window=OOS reason=IS_NOT_SURVIVOR
2026-08-14T12:33:16+00:00 GATE_SKIP [105/820] id=GDD06_05 window=XM5 reason=OOS_NOT_PROMISING
2026-08-14T12:33:16+00:00 SKIP_EXISTING [106/820] id=GDD06_06 window=IS scope=GOLD2
2026-08-14T12:33:16+00:00 SKIP_EXISTING [106/820] id=GDD06_06 window=OOS scope=GOLD2
2026-08-14T12:33:16+00:00 GATE_SKIP [106/820] id=GDD06_06 window=XM5 reason=OOS_NOT_PROMISING
2026-08-14T12:33:16+00:00 SKIP_EXISTING [107/820] id=GDD06_07 window=IS scope=GOLD2
2026-08-14T12:33:16+00:00 SKIP_EXISTING [107/820] id=GDD06_07 window=OOS scope=GOLD2
2026-08-14T12:33:16+00:00 GATE_SKIP [107/820] id=GDD06_07 window=XM5 reason=OOS_NOT_PROMISING
2026-08-14T12:33:16+00:00 SKIP_EXISTING [108/820] id=GDD06_08 window=IS scope=GOLD2
2026-08-14T12:33:16+00:00 SKIP_EXISTING [108/820] id=GDD06_08 window=OOS scope=GOLD2
2026-08-14T12:33:16+00:00 GATE_SKIP [108/820] id=GDD06_08 window=XM5 reason=OOS_NOT_PROMISING
2026-08-14T12:33:16+00:00 SKIP_EXISTING [109/820] id=GDD06_09 window=IS scope=GOLD2
2026-08-14T12:33:16+00:00 SKIP_EXISTING [109/820] id=GDD06_09 window=OOS scope=GOLD2
2026-08-14T12:33:16+00:00 GATE_SKIP [109/820] id=GDD06_09 window=XM5 reason=OOS_NOT_PROMISING
2026-08-14T12:33:16+00:00 SKIP_EXISTING [110/820] id=GDD06_10 window=IS scope=GOLD2
2026-08-14T12:33:16+00:00 SKIP_EXISTING [110/820] id=GDD06_10 window=OOS scope=GOLD2
2026-08-14T12:33:16+00:00 SKIP_EXISTING [110/820] id=GDD06_10 window=XM5 scope=XM5
2026-08-14T12:33:16+00:00 SKIP_EXISTING [111/820] id=GDD06_11 window=IS scope=GOLD2
2026-08-14T12:33:16+00:00 SKIP_EXISTING [111/820] id=GDD06_11 window=OOS scope=GOLD2
2026-08-14T12:33:16+00:00 GATE_SKIP [111/820] id=GDD06_11 window=XM5 reason=OOS_NOT_PROMISING
2026-08-14T12:33:16+00:00 SKIP_EXISTING [112/820] id=GDD06_12 window=IS scope=GOLD2
2026-08-14T12:33:16+00:00 SKIP_EXISTING [112/820] id=GDD06_12 window=OOS scope=GOLD2
2026-08-14T12:33:16+00:00 GATE_SKIP [112/820] id=GDD06_12 window=XM5 reason=OOS_NOT_PROMISING
2026-08-14T12:33:16+00:00 SKIP_EXISTING [113/820] id=GDD06_13 window=IS scope=GOLD2
2026-08-14T12:33:16+00:00 SKIP_EXISTING [113/820] id=GDD06_13 window=OOS scope=GOLD2
2026-08-14T12:33:16+00:00 GATE_SKIP [113/820] id=GDD06_13 window=XM5 reason=OOS_NOT_PROMISING
2026-08-14T12:33:16+00:00 SKIP_EXISTING [114/820] id=GDD06_14 window=IS scope=GOLD2
2026-08-14T12:33:16+00:00 SKIP_EXISTING [114/820] id=GDD06_14 window=OOS scope=GOLD2
2026-08-14T12:33:16+00:00 GATE_SKIP [114/820] id=GDD06_14 window=XM5 reason=OOS_NOT_PROMISING
2026-08-14T12:33:16+00:00 SKIP_EXISTING [115/820] id=GDD06_15 window=IS scope=GOLD2
2026-08-14T12:33:16+00:00 SKIP_EXISTING [115/820] id=GDD06_15 window=OOS scope=GOLD2
2026-08-14T12:33:16+00:00 GATE_SKIP [115/820] id=GDD06_15 window=XM5 reason=OOS_NOT_PROMISING
2026-08-14T12:33:16+00:00 SKIP_EXISTING [116/820] id=GDD06_16 window=IS scope=GOLD2
2026-08-14T12:33:16+00:00 SKIP_EXISTING [116/820] id=GDD06_16 window=OOS scope=GOLD2
2026-08-14T12:33:16+00:00 GATE_SKIP [116/820] id=GDD06_16 window=XM5 reason=OOS_NOT_PROMISING
2026-08-14T12:33:16+00:00 SKIP_EXISTING [117/820] id=GDD06_17 window=IS scope=GOLD2
2026-08-14T12:33:16+00:00 SKIP_EXISTING [117/820] id=GDD06_17 window=OOS scope=GOLD2
2026-08-14T12:33:16+00:00 GATE_SKIP [117/820] id=GDD06_17 window=XM5 reason=OOS_NOT_PROMISING
2026-08-14T12:33:16+00:00 SKIP_EXISTING [118/820] id=GDD06_18 window=IS scope=GOLD2
2026-08-14T12:33:16+00:00 GATE_SKIP [118/820] id=GDD06_18 window=OOS reason=IS_NOT_SURVIVOR
2026-08-14T12:33:16+00:00 GATE_SKIP [118/820] id=GDD06_18 window=XM5 reason=OOS_NOT_PROMISING
2026-08-14T12:33:16+00:00 SKIP_EXISTING [119/820] id=GDD06_19 window=IS scope=GOLD2
2026-08-14T12:33:16+00:00 SKIP_EXISTING [119/820] id=GDD06_19 window=OOS scope=GOLD2
2026-08-14T12:33:16+00:00 GATE_SKIP [119/820] id=GDD06_19 window=XM5 reason=OOS_NOT_PROMISING
2026-08-14T12:33:16+00:00 SKIP_EXISTING [120/820] id=GDD06_20 window=IS scope=GOLD2
2026-08-14T12:33:16+00:00 SKIP_EXISTING [120/820] id=GDD06_20 window=OOS scope=GOLD2
2026-08-14T12:33:16+00:00 SKIP_EXISTING [120/820] id=GDD06_20 window=XM5 scope=XM5
2026-08-14T12:33:16+00:00 SKIP_EXISTING [121/820] id=GDD07_01 window=IS scope=GOLD2
2026-08-14T12:33:16+00:00 SKIP_EXISTING [121/820] id=GDD07_01 window=OOS scope=GOLD2
2026-08-14T12:33:16+00:00 SKIP_EXISTING [121/820] id=GDD07_01 window=XM5 scope=XM5
2026-08-14T12:33:16+00:00 SKIP_EXISTING [122/820] id=GDD07_02 window=IS scope=GOLD2
2026-08-14T12:33:16+00:00 SKIP_EXISTING [122/820] id=GDD07_02 window=OOS scope=GOLD2
2026-08-14T12:33:16+00:00 SKIP_EXISTING [122/820] id=GDD07_02 window=XM5 scope=XM5
2026-08-14T12:33:16+00:00 SKIP_EXISTING [123/820] id=GDD07_03 window=IS scope=GOLD2
2026-08-14T12:33:16+00:00 SKIP_EXISTING [123/820] id=GDD07_03 window=OOS scope=GOLD2
2026-08-14T12:33:16+00:00 SKIP_EXISTING [123/820] id=GDD07_03 window=XM5 scope=XM5
2026-08-14T12:33:16+00:00 SKIP_EXISTING [124/820] id=GDD07_04 window=IS scope=GOLD2
2026-08-14T12:33:16+00:00 SKIP_EXISTING [124/820] id=GDD07_04 window=OOS scope=GOLD2
2026-08-14T12:33:16+00:00 SKIP_EXISTING [124/820] id=GDD07_04 window=XM5 scope=XM5
2026-08-14T12:33:16+00:00 SKIP_EXISTING [125/820] id=GDD07_05 window=IS scope=GOLD2
2026-08-14T12:33:16+00:00 SKIP_EXISTING [125/820] id=GDD07_05 window=OOS scope=GOLD2
2026-08-14T12:33:16+00:00 SKIP_EXISTING [125/820] id=GDD07_05 window=XM5 scope=XM5
2026-08-14T12:33:16+00:00 SKIP_EXISTING [126/820] id=GDD07_06 window=IS scope=GOLD2
2026-08-14T12:33:16+00:00 SKIP_EXISTING [126/820] id=GDD07_06 window=OOS scope=GOLD2
2026-08-14T12:33:16+00:00 GATE_SKIP [126/820] id=GDD07_06 window=XM5 reason=OOS_NOT_PROMISING
2026-08-14T12:33:16+00:00 SKIP_EXISTING [127/820] id=GDD07_07 window=IS scope=GOLD2
2026-08-14T12:33:16+00:00 SKIP_EXISTING [127/820] id=GDD07_07 window=OOS scope=GOLD2
2026-08-14T12:33:16+00:00 GATE_SKIP [127/820] id=GDD07_07 window=XM5 reason=OOS_NOT_PROMISING
2026-08-14T12:33:16+00:00 SKIP_EXISTING [128/820] id=GDD07_08 window=IS scope=GOLD2
2026-08-14T12:33:16+00:00 SKIP_EXISTING [128/820] id=GDD07_08 window=OOS scope=GOLD2
2026-08-14T12:33:16+00:00 GATE_SKIP [128/820] id=GDD07_08 window=XM5 reason=OOS_NOT_PROMISING
2026-08-14T12:33:16+00:00 SKIP_EXISTING [129/820] id=GDD07_09 window=IS scope=GOLD2
2026-08-14T12:33:16+00:00 SKIP_EXISTING [129/820] id=GDD07_09 window=OOS scope=GOLD2
2026-08-14T12:33:16+00:00 GATE_SKIP [129/820] id=GDD07_09 window=XM5 reason=OOS_NOT_PROMISING
2026-08-14T12:33:16+00:00 SKIP_EXISTING [130/820] id=GDD07_10 window=IS scope=GOLD2
2026-08-14T12:33:16+00:00 SKIP_EXISTING [130/820] id=GDD07_10 window=OOS scope=GOLD2
2026-08-14T12:33:16+00:00 GATE_SKIP [130/820] id=GDD07_10 window=XM5 reason=OOS_NOT_PROMISING
2026-08-14T12:33:16+00:00 SKIP_EXISTING [131/820] id=GDD07_11 window=IS scope=GOLD2
2026-08-14T12:33:16+00:00 SKIP_EXISTING [131/820] id=GDD07_11 window=OOS scope=GOLD2
2026-08-14T12:33:16+00:00 SKIP_EXISTING [131/820] id=GDD07_11 window=XM5 scope=XM5
2026-08-14T12:33:16+00:00 SKIP_EXISTING [132/820] id=GDD07_12 window=IS scope=GOLD2
2026-08-14T12:33:16+00:00 SKIP_EXISTING [132/820] id=GDD07_12 window=OOS scope=GOLD2
2026-08-14T12:33:16+00:00 SKIP_EXISTING [132/820] id=GDD07_12 window=XM5 scope=XM5
2026-08-14T12:33:16+00:00 SKIP_EXISTING [133/820] id=GDD07_13 window=IS scope=GOLD2
2026-08-14T12:33:17+00:00 SKIP_EXISTING [133/820] id=GDD07_13 window=OOS scope=GOLD2
2026-08-14T12:33:17+00:00 SKIP_EXISTING [133/820] id=GDD07_13 window=XM5 scope=XM5
2026-08-14T12:33:17+00:00 SKIP_EXISTING [134/820] id=GDD07_14 window=IS scope=GOLD2
2026-08-14T12:33:17+00:00 SKIP_EXISTING [134/820] id=GDD07_14 window=OOS scope=GOLD2
2026-08-14T12:33:17+00:00 SKIP_EXISTING [134/820] id=GDD07_14 window=XM5 scope=XM5
2026-08-14T12:33:17+00:00 SKIP_EXISTING [135/820] id=GDD07_15 window=IS scope=GOLD2
2026-08-14T12:33:17+00:00 SKIP_EXISTING [135/820] id=GDD07_15 window=OOS scope=GOLD2
2026-08-14T12:33:17+00:00 GATE_SKIP [135/820] id=GDD07_15 window=XM5 reason=OOS_NOT_PROMISING
2026-08-14T12:33:17+00:00 SKIP_EXISTING [136/820] id=GDD07_16 window=IS scope=GOLD2
2026-08-14T12:33:17+00:00 GATE_SKIP [136/820] id=GDD07_16 window=OOS reason=IS_NOT_SURVIVOR
2026-08-14T12:33:17+00:00 GATE_SKIP [136/820] id=GDD07_16 window=XM5 reason=OOS_NOT_PROMISING
2026-08-14T12:33:17+00:00 SKIP_EXISTING [137/820] id=GDD07_17 window=IS scope=GOLD2
2026-08-14T12:33:17+00:00 SKIP_EXISTING [137/820] id=GDD07_17 window=OOS scope=GOLD2
2026-08-14T12:33:17+00:00 GATE_SKIP [137/820] id=GDD07_17 window=XM5 reason=OOS_NOT_PROMISING
2026-08-14T12:33:17+00:00 SKIP_EXISTING [138/820] id=GDD07_18 window=IS scope=GOLD2
2026-08-14T12:33:17+00:00 SKIP_EXISTING [138/820] id=GDD07_18 window=OOS scope=GOLD2
2026-08-14T12:33:17+00:00 GATE_SKIP [138/820] id=GDD07_18 window=XM5 reason=OOS_NOT_PROMISING
2026-08-14T12:33:17+00:00 SKIP_EXISTING [139/820] id=GDD07_19 window=IS scope=GOLD2
2026-08-14T12:33:17+00:00 SKIP_EXISTING [139/820] id=GDD07_19 window=OOS scope=GOLD2
2026-08-14T12:33:17+00:00 GATE_SKIP [139/820] id=GDD07_19 window=XM5 reason=OOS_NOT_PROMISING
2026-08-14T12:33:17+00:00 SKIP_EXISTING [140/820] id=GDD07_20 window=IS scope=GOLD2
2026-08-14T12:33:17+00:00 SKIP_EXISTING [140/820] id=GDD07_20 window=OOS scope=GOLD2
2026-08-14T12:33:17+00:00 GATE_SKIP [140/820] id=GDD07_20 window=XM5 reason=OOS_NOT_PROMISING
2026-08-14T12:33:17+00:00 SKIP_EXISTING [141/820] id=GDD08_01 window=IS scope=GOLD2
2026-08-14T12:33:17+00:00 SKIP_EXISTING [141/820] id=GDD08_01 window=OOS scope=GOLD2
2026-08-14T12:33:17+00:00 GATE_SKIP [141/820] id=GDD08_01 window=XM5 reason=OOS_NOT_PROMISING
2026-08-14T12:33:17+00:00 SKIP_EXISTING [142/820] id=GDD08_02 window=IS scope=GOLD2
2026-08-14T12:33:17+00:00 SKIP_EXISTING [142/820] id=GDD08_02 window=OOS scope=GOLD2
2026-08-14T12:33:17+00:00 GATE_SKIP [142/820] id=GDD08_02 window=XM5 reason=OOS_NOT_PROMISING
2026-08-14T12:33:17+00:00 SKIP_EXISTING [143/820] id=GDD08_03 window=IS scope=GOLD2
2026-08-14T12:33:17+00:00 SKIP_EXISTING [143/820] id=GDD08_03 window=OOS scope=GOLD2
2026-08-14T12:33:17+00:00 GATE_SKIP [143/820] id=GDD08_03 window=XM5 reason=OOS_NOT_PROMISING
2026-08-14T12:33:17+00:00 SKIP_EXISTING [144/820] id=GDD08_04 window=IS scope=GOLD2
2026-08-14T12:33:17+00:00 SKIP_EXISTING [144/820] id=GDD08_04 window=OOS scope=GOLD2
2026-08-14T12:33:17+00:00 GATE_SKIP [144/820] id=GDD08_04 window=XM5 reason=OOS_NOT_PROMISING
2026-08-14T12:33:17+00:00 SKIP_EXISTING [145/820] id=GDD08_05 window=IS scope=GOLD2
2026-08-14T12:33:17+00:00 SKIP_EXISTING [145/820] id=GDD08_05 window=OOS scope=GOLD2
2026-08-14T12:33:17+00:00 SKIP_EXISTING [145/820] id=GDD08_05 window=XM5 scope=XM5
2026-08-14T12:33:17+00:00 SKIP_EXISTING [146/820] id=GDD08_06 window=IS scope=GOLD2
2026-08-14T12:33:17+00:00 GATE_SKIP [146/820] id=GDD08_06 window=OOS reason=IS_NOT_SURVIVOR
2026-08-14T12:33:17+00:00 GATE_SKIP [146/820] id=GDD08_06 window=XM5 reason=OOS_NOT_PROMISING
2026-08-14T12:33:17+00:00 SKIP_EXISTING [147/820] id=GDD08_07 window=IS scope=GOLD2
2026-08-14T12:33:17+00:00 SKIP_EXISTING [147/820] id=GDD08_07 window=OOS scope=GOLD2
2026-08-14T12:33:17+00:00 GATE_SKIP [147/820] id=GDD08_07 window=XM5 reason=OOS_NOT_PROMISING
2026-08-14T12:33:17+00:00 SKIP_EXISTING [148/820] id=GDD08_08 window=IS scope=GOLD2
2026-08-14T12:33:17+00:00 SKIP_EXISTING [148/820] id=GDD08_08 window=OOS scope=GOLD2
2026-08-14T12:33:17+00:00 GATE_SKIP [148/820] id=GDD08_08 window=XM5 reason=OOS_NOT_PROMISING
2026-08-14T12:33:17+00:00 SKIP_EXISTING [149/820] id=GDD08_09 window=IS scope=GOLD2
2026-08-14T12:33:17+00:00 SKIP_EXISTING [149/820] id=GDD08_09 window=OOS scope=GOLD2
2026-08-14T12:33:17+00:00 GATE_SKIP [149/820] id=GDD08_09 window=XM5 reason=OOS_NOT_PROMISING
2026-08-14T12:33:17+00:00 SKIP_EXISTING [150/820] id=GDD08_10 window=IS scope=GOLD2
2026-08-14T12:33:17+00:00 SKIP_EXISTING [150/820] id=GDD08_10 window=OOS scope=GOLD2
2026-08-14T12:33:17+00:00 SKIP_EXISTING [150/820] id=GDD08_10 window=XM5 scope=XM5
2026-08-14T12:33:17+00:00 SKIP_EXISTING [151/820] id=GDD08_11 window=IS scope=GOLD2
2026-08-14T12:33:17+00:00 SKIP_EXISTING [151/820] id=GDD08_11 window=OOS scope=GOLD2
2026-08-14T12:33:17+00:00 GATE_SKIP [151/820] id=GDD08_11 window=XM5 reason=OOS_NOT_PROMISING
2026-08-14T12:33:17+00:00 SKIP_EXISTING [152/820] id=GDD08_12 window=IS scope=GOLD2
2026-08-14T12:33:17+00:00 SKIP_EXISTING [152/820] id=GDD08_12 window=OOS scope=GOLD2
2026-08-14T12:33:17+00:00 GATE_SKIP [152/820] id=GDD08_12 window=XM5 reason=OOS_NOT_PROMISING
2026-08-14T12:33:17+00:00 SKIP_EXISTING [153/820] id=GDD08_13 window=IS scope=GOLD2
2026-08-14T12:33:17+00:00 SKIP_EXISTING [153/820] id=GDD08_13 window=OOS scope=GOLD2
2026-08-14T12:33:17+00:00 GATE_SKIP [153/820] id=GDD08_13 window=XM5 reason=OOS_NOT_PROMISING
2026-08-14T12:33:17+00:00 SKIP_EXISTING [154/820] id=GDD08_14 window=IS scope=GOLD2
2026-08-14T12:33:17+00:00 GATE_SKIP [154/820] id=GDD08_14 window=OOS reason=IS_NOT_SURVIVOR
2026-08-14T12:33:17+00:00 GATE_SKIP [154/820] id=GDD08_14 window=XM5 reason=OOS_NOT_PROMISING
2026-08-14T12:33:17+00:00 SKIP_EXISTING [155/820] id=GDD08_15 window=IS scope=GOLD2
2026-08-14T12:33:17+00:00 GATE_SKIP [155/820] id=GDD08_15 window=OOS reason=IS_NOT_SURVIVOR
2026-08-14T12:33:17+00:00 GATE_SKIP [155/820] id=GDD08_15 window=XM5 reason=OOS_NOT_PROMISING
2026-08-14T12:33:17+00:00 SKIP_EXISTING [156/820] id=GDD08_16 window=IS scope=GOLD2
2026-08-14T12:33:17+00:00 GATE_SKIP [156/820] id=GDD08_16 window=OOS reason=IS_NOT_SURVIVOR
2026-08-14T12:33:17+00:00 GATE_SKIP [156/820] id=GDD08_16 window=XM5 reason=OOS_NOT_PROMISING
2026-08-14T12:33:17+00:00 SKIP_EXISTING [157/820] id=GDD08_17 window=IS scope=GOLD2
2026-08-14T12:33:17+00:00 GATE_SKIP [157/820] id=GDD08_17 window=OOS reason=IS_NOT_SURVIVOR
2026-08-14T12:33:17+00:00 GATE_SKIP [157/820] id=GDD08_17 window=XM5 reason=OOS_NOT_PROMISING
2026-08-14T12:33:17+00:00 SKIP_EXISTING [158/820] id=GDD08_18 window=IS scope=GOLD2
2026-08-14T12:33:17+00:00 GATE_SKIP [158/820] id=GDD08_18 window=OOS reason=IS_NOT_SURVIVOR
2026-08-14T12:33:17+00:00 GATE_SKIP [158/820] id=GDD08_18 window=XM5 reason=OOS_NOT_PROMISING
2026-08-14T12:33:17+00:00 SKIP_EXISTING [159/820] id=GDD08_19 window=IS scope=GOLD2
2026-08-14T12:33:17+00:00 GATE_SKIP [159/820] id=GDD08_19 window=OOS reason=IS_NOT_SURVIVOR
2026-08-14T12:33:17+00:00 GATE_SKIP [159/820] id=GDD08_19 window=XM5 reason=OOS_NOT_PROMISING
2026-08-14T12:33:17+00:00 SKIP_EXISTING [160/820] id=GDD08_20 window=IS scope=GOLD2
2026-08-14T12:33:17+00:00 GATE_SKIP [160/820] id=GDD08_20 window=OOS reason=IS_NOT_SURVIVOR
2026-08-14T12:33:17+00:00 GATE_SKIP [160/820] id=GDD08_20 window=XM5 reason=OOS_NOT_PROMISING
2026-08-14T12:33:17+00:00 SKIP_EXISTING [161/820] id=GDD09_01 window=IS scope=GOLD2
2026-08-14T12:33:17+00:00 SKIP_EXISTING [161/820] id=GDD09_01 window=OOS scope=GOLD2
2026-08-14T12:33:17+00:00 GATE_SKIP [161/820] id=GDD09_01 window=XM5 reason=OOS_NOT_PROMISING
2026-08-14T12:33:17+00:00 SKIP_EXISTING [162/820] id=GDD09_02 window=IS scope=GOLD2
2026-08-14T12:33:17+00:00 SKIP_EXISTING [162/820] id=GDD09_02 window=OOS scope=GOLD2
2026-08-14T12:33:17+00:00 GATE_SKIP [162/820] id=GDD09_02 window=XM5 reason=OOS_NOT_PROMISING
2026-08-14T12:33:17+00:00 RUN_START [163/820] id=GDD09_03 family=pb_slope window=IS run=gdda_is_gdd09_03_20260814213317_c7029e
2026-08-14T12:34:25+00:00 RUN_END [163/820] id=GDD09_03 window=IS status=OK decision=IS_SURVIVOR_DD elapsed=68.555s
2026-08-14T12:34:25+00:00 RUN_START [163/820] id=GDD09_03 family=pb_slope window=OOS run=gdda_oos_gdd09_03_20260814213425_d4756c
2026-08-14T12:35:13+00:00 RUN_END [163/820] id=GDD09_03 window=OOS status=OK decision=OOS_REJECT elapsed=48.199s
2026-08-14T12:35:14+00:00 GATE_SKIP [163/820] id=GDD09_03 window=XM5 reason=OOS_NOT_PROMISING
2026-08-14T12:35:14+00:00 RUN_START [164/820] id=GDD09_04 family=pb_slope window=IS run=gdda_is_gdd09_04_20260814213514_b1005a
2026-08-14T12:36:17+00:00 RUN_END [164/820] id=GDD09_04 window=IS status=OK decision=IS_SURVIVOR_TRADEOFF elapsed=63.335s
2026-08-14T12:36:17+00:00 RUN_START [164/820] id=GDD09_04 family=pb_slope window=OOS run=gdda_oos_gdd09_04_20260814213617_c2fe32
2026-08-14T12:37:00+00:00 RUN_END [164/820] id=GDD09_04 window=OOS status=OK decision=OOS_REJECT elapsed=43.502s
2026-08-14T12:37:00+00:00 GATE_SKIP [164/820] id=GDD09_04 window=XM5 reason=OOS_NOT_PROMISING
2026-08-14T12:37:00+00:00 RUN_START [165/820] id=GDD09_05 family=pb_slope window=IS run=gdda_is_gdd09_05_20260814213700_342eef
2026-08-14T12:38:09+00:00 RUN_END [165/820] id=GDD09_05 window=IS status=OK decision=IS_SURVIVOR_STRICT elapsed=68.245s
2026-08-14T12:38:09+00:00 RUN_START [165/820] id=GDD09_05 family=pb_slope window=OOS run=gdda_oos_gdd09_05_20260814213809_7e386d
2026-08-14T12:38:52+00:00 RUN_END [165/820] id=GDD09_05 window=OOS status=OK decision=OOS_REJECT elapsed=43.271s
2026-08-14T12:38:52+00:00 GATE_SKIP [165/820] id=GDD09_05 window=XM5 reason=OOS_NOT_PROMISING
2026-08-14T12:38:52+00:00 RUN_START [166/820] id=GDD09_06 family=pb_slope window=IS run=gdda_is_gdd09_06_20260814213852_ea5f48
2026-08-14T12:39:55+00:00 RUN_END [166/820] id=GDD09_06 window=IS status=OK decision=IS_SURVIVOR_STRICT elapsed=63.319s
2026-08-14T12:39:55+00:00 RUN_START [166/820] id=GDD09_06 family=pb_slope window=OOS run=gdda_oos_gdd09_06_20260814213955_5d8dea
2026-08-14T12:40:38+00:00 RUN_END [166/820] id=GDD09_06 window=OOS status=OK decision=OOS_REJECT elapsed=43.036s
2026-08-14T12:40:38+00:00 GATE_SKIP [166/820] id=GDD09_06 window=XM5 reason=OOS_NOT_PROMISING
2026-08-14T12:40:38+00:00 RUN_START [167/820] id=GDD09_07 family=pb_slope window=IS run=gdda_is_gdd09_07_20260814214038_cb2f70
2026-08-14T12:41:41+00:00 RUN_END [167/820] id=GDD09_07 window=IS status=OK decision=IS_REJECT elapsed=63.004s
2026-08-14T12:41:41+00:00 GATE_SKIP [167/820] id=GDD09_07 window=OOS reason=IS_NOT_SURVIVOR
2026-08-14T12:41:41+00:00 GATE_SKIP [167/820] id=GDD09_07 window=XM5 reason=OOS_NOT_PROMISING
2026-08-14T12:41:41+00:00 RUN_START [168/820] id=GDD09_08 family=pb_slope window=IS run=gdda_is_gdd09_08_20260814214141_bfa7da
2026-08-14T12:42:44+00:00 RUN_END [168/820] id=GDD09_08 window=IS status=OK decision=IS_SURVIVOR_DD elapsed=63.046s
2026-08-14T12:42:45+00:00 RUN_START [168/820] id=GDD09_08 family=pb_slope window=OOS run=gdda_oos_gdd09_08_20260814214245_b79e64
2026-08-14T12:43:28+00:00 RUN_END [168/820] id=GDD09_08 window=OOS status=OK decision=OOS_REJECT elapsed=43.025s
2026-08-14T12:43:28+00:00 GATE_SKIP [168/820] id=GDD09_08 window=XM5 reason=OOS_NOT_PROMISING
2026-08-14T12:43:28+00:00 RUN_START [169/820] id=GDD09_09 family=pb_slope window=IS run=gdda_is_gdd09_09_20260814214328_adb03a
2026-08-14T12:44:26+00:00 RUN_END [169/820] id=GDD09_09 window=IS status=OK decision=IS_SURVIVOR_TRADEOFF elapsed=58.078s
2026-08-14T12:44:26+00:00 RUN_START [169/820] id=GDD09_09 family=pb_slope window=OOS run=gdda_oos_gdd09_09_20260814214426_630830
2026-08-14T12:45:09+00:00 RUN_END [169/820] id=GDD09_09 window=OOS status=OK decision=OOS_REJECT elapsed=43.047s
2026-08-14T12:45:09+00:00 GATE_SKIP [169/820] id=GDD09_09 window=XM5 reason=OOS_NOT_PROMISING
2026-08-14T12:45:09+00:00 RUN_START [170/820] id=GDD09_10 family=pb_slope window=IS run=gdda_is_gdd09_10_20260814214509_f468e8
2026-08-14T12:46:07+00:00 RUN_END [170/820] id=GDD09_10 window=IS status=OK decision=IS_REJECT elapsed=58.082s
2026-08-14T12:46:07+00:00 GATE_SKIP [170/820] id=GDD09_10 window=OOS reason=IS_NOT_SURVIVOR
2026-08-14T12:46:07+00:00 GATE_SKIP [170/820] id=GDD09_10 window=XM5 reason=OOS_NOT_PROMISING
2026-08-14T12:46:07+00:00 RUN_START [171/820] id=GDD09_11 family=pb_slope window=IS run=gdda_is_gdd09_11_20260814214607_c32c16
2026-08-14T12:47:05+00:00 RUN_END [171/820] id=GDD09_11 window=IS status=OK decision=IS_REJECT elapsed=58.083s
2026-08-14T12:47:05+00:00 GATE_SKIP [171/820] id=GDD09_11 window=OOS reason=IS_NOT_SURVIVOR
2026-08-14T12:47:05+00:00 GATE_SKIP [171/820] id=GDD09_11 window=XM5 reason=OOS_NOT_PROMISING
2026-08-14T12:47:05+00:00 RUN_START [172/820] id=GDD09_12 family=pb_slope window=IS run=gdda_is_gdd09_12_20260814214705_83c787
2026-08-14T12:48:03+00:00 RUN_END [172/820] id=GDD09_12 window=IS status=OK decision=IS_SURVIVOR_TRADEOFF elapsed=58.390s
2026-08-14T12:48:03+00:00 RUN_START [172/820] id=GDD09_12 family=pb_slope window=OOS run=gdda_oos_gdd09_12_20260814214803_0baa65
2026-08-14T12:48:47+00:00 RUN_END [172/820] id=GDD09_12 window=OOS status=OK decision=OOS_PASS elapsed=43.142s
2026-08-14T12:48:47+00:00 RUN_START [172/820] id=GDD09_12 family=pb_slope window=XM5 run=gdda_xm5_gdd09_12_20260814214847_5204d3
2026-08-14T12:56:20+00:00 RUN_END [172/820] id=GDD09_12 window=XM5 status=OK decision=XM5_REJECT elapsed=453.610s
2026-08-14T12:56:20+00:00 RUN_START [173/820] id=GDD09_13 family=pb_slope window=IS run=gdda_is_gdd09_13_20260814215620_5e54c4
2026-08-14T12:56:21+00:00 WAIT_TERMINAL elapsed=1s processes=metatester64.exe
2026-08-14T12:57:22+00:00 WAIT_TERMINAL elapsed=62s processes=metatester64.exe
2026-08-14T12:58:24+00:00 WAIT_TERMINAL elapsed=124s processes=metatester64.exe
2026-08-14T12:59:26+00:00 WAIT_TERMINAL elapsed=186s processes=metatester64.exe
2026-08-14T13:00:27+00:00 WAIT_TERMINAL elapsed=247s processes=metatester64.exe
2026-08-14T13:01:29+00:00 KILL_ORPHAN_TESTER elapsed=309s metatester64.exe
2026-08-14T13:02:47+00:00 RUN_END [173/820] id=GDD09_13 window=IS status=OK decision=IS_REJECT elapsed=387.345s
2026-08-14T13:02:47+00:00 GATE_SKIP [173/820] id=GDD09_13 window=OOS reason=IS_NOT_SURVIVOR
2026-08-14T13:02:47+00:00 GATE_SKIP [173/820] id=GDD09_13 window=XM5 reason=OOS_NOT_PROMISING
2026-08-14T13:02:47+00:00 RUN_START [174/820] id=GDD09_14 family=pb_slope window=IS run=gdda_is_gdd09_14_20260814220247_ac94a8
2026-08-14T13:03:51+00:00 RUN_END [174/820] id=GDD09_14 window=IS status=OK decision=IS_SURVIVOR_TRADEOFF elapsed=63.341s
2026-08-14T13:03:51+00:00 RUN_START [174/820] id=GDD09_14 family=pb_slope window=OOS run=gdda_oos_gdd09_14_20260814220351_e0f23a
2026-08-14T13:04:34+00:00 RUN_END [174/820] id=GDD09_14 window=OOS status=OK decision=OOS_PASS elapsed=43.192s
2026-08-14T13:04:34+00:00 RUN_START [174/820] id=GDD09_14 family=pb_slope window=XM5 run=gdda_xm5_gdd09_14_20260814220434_639918
2026-08-14T13:12:13+00:00 RUN_END [174/820] id=GDD09_14 window=XM5 status=OK decision=XM5_REJECT elapsed=458.586s
2026-08-14T13:12:13+00:00 RUN_START [175/820] id=GDD09_15 family=pb_slope window=IS run=gdda_is_gdd09_15_20260814221213_7523a4
2026-08-14T13:12:13+00:00 WAIT_TERMINAL elapsed=1s processes=metatester64.exe
2026-08-14T13:13:15+00:00 WAIT_TERMINAL elapsed=62s processes=metatester64.exe
2026-08-14T13:14:16+00:00 WAIT_TERMINAL elapsed=124s processes=metatester64.exe
2026-08-14T13:15:18+00:00 WAIT_TERMINAL elapsed=185s processes=metatester64.exe
2026-08-14T13:16:20+00:00 WAIT_TERMINAL elapsed=247s processes=metatester64.exe
2026-08-14T13:17:21+00:00 KILL_ORPHAN_TESTER elapsed=309s metatester64.exe
2026-08-14T13:18:35+00:00 RUN_END [175/820] id=GDD09_15 window=IS status=OK decision=IS_SURVIVOR_TRADEOFF elapsed=382.248s
2026-08-14T13:18:35+00:00 RUN_START [175/820] id=GDD09_15 family=pb_slope window=OOS run=gdda_oos_gdd09_15_20260814221835_124c27
2026-08-14T13:19:18+00:00 RUN_END [175/820] id=GDD09_15 window=OOS status=OK decision=OOS_PASS elapsed=43.237s
2026-08-14T13:19:18+00:00 RUN_START [175/820] id=GDD09_15 family=pb_slope window=XM5 run=gdda_xm5_gdd09_15_20260814221918_f236f1
2026-08-14T13:26:47+00:00 RUN_END [175/820] id=GDD09_15 window=XM5 status=OK decision=XM5_REJECT elapsed=448.631s
2026-08-14T13:26:47+00:00 RUN_START [176/820] id=GDD09_16 family=pb_slope window=IS run=gdda_is_gdd09_16_20260814222647_c24f9e
2026-08-14T13:26:47+00:00 WAIT_TERMINAL elapsed=1s processes=metatester64.exe
2026-08-14T13:27:49+00:00 WAIT_TERMINAL elapsed=62s processes=metatester64.exe
2026-08-14T13:28:50+00:00 WAIT_TERMINAL elapsed=124s processes=metatester64.exe
2026-08-14T13:29:52+00:00 WAIT_TERMINAL elapsed=185s processes=metatester64.exe
2026-08-14T13:30:54+00:00 WAIT_TERMINAL elapsed=247s processes=metatester64.exe
2026-08-14T13:31:55+00:00 KILL_ORPHAN_TESTER elapsed=309s metatester64.exe
2026-08-14T13:33:14+00:00 RUN_END [176/820] id=GDD09_16 window=IS status=OK decision=IS_SURVIVOR_TRADEOFF elapsed=387.077s
2026-08-14T13:33:14+00:00 RUN_START [176/820] id=GDD09_16 family=pb_slope window=OOS run=gdda_oos_gdd09_16_20260814223314_1823eb
2026-08-14T13:33:57+00:00 RUN_END [176/820] id=GDD09_16 window=OOS status=OK decision=OOS_PASS elapsed=43.158s
2026-08-14T13:33:57+00:00 RUN_START [176/820] id=GDD09_16 family=pb_slope window=XM5 run=gdda_xm5_gdd09_16_20260814223357_32bcdc
2026-08-14T13:41:21+00:00 RUN_END [176/820] id=GDD09_16 window=XM5 status=OK decision=XM5_REJECT elapsed=443.687s
2026-08-14T13:41:21+00:00 RUN_START [177/820] id=GDD09_17 family=pb_slope window=IS run=gdda_is_gdd09_17_20260814224121_0a4a46
2026-08-14T13:42:19+00:00 RUN_END [177/820] id=GDD09_17 window=IS status=OK decision=IS_SURVIVOR_TRADEOFF elapsed=58.570s
2026-08-14T13:42:19+00:00 RUN_START [177/820] id=GDD09_17 family=pb_slope window=OOS run=gdda_oos_gdd09_17_20260814224219_e2a93c
2026-08-14T13:43:02+00:00 RUN_END [177/820] id=GDD09_17 window=OOS status=OK decision=OOS_PASS elapsed=43.162s
2026-08-14T13:43:02+00:00 RUN_START [177/820] id=GDD09_17 family=pb_slope window=XM5 run=gdda_xm5_gdd09_17_20260814224302_d05333
2026-08-14T13:50:26+00:00 RUN_END [177/820] id=GDD09_17 window=XM5 status=OK decision=XM5_REJECT elapsed=443.581s
2026-08-14T13:50:26+00:00 RUN_START [178/820] id=GDD09_18 family=pb_slope window=IS run=gdda_is_gdd09_18_20260814225026_ea6106
2026-08-14T13:50:26+00:00 WAIT_TERMINAL elapsed=0s processes=metatester64.exe
2026-08-14T13:51:28+00:00 WAIT_TERMINAL elapsed=62s processes=metatester64.exe
2026-08-14T13:52:29+00:00 WAIT_TERMINAL elapsed=123s processes=metatester64.exe
2026-08-14T13:53:31+00:00 WAIT_TERMINAL elapsed=185s processes=metatester64.exe
2026-08-14T13:54:32+00:00 WAIT_TERMINAL elapsed=246s processes=metatester64.exe
2026-08-14T13:55:33+00:00 KILL_ORPHAN_TESTER elapsed=307s metatester64.exe
2026-08-14T13:56:51+00:00 RUN_END [178/820] id=GDD09_18 window=IS status=OK decision=IS_SURVIVOR_TRADEOFF elapsed=385.439s
2026-08-14T13:56:51+00:00 RUN_START [178/820] id=GDD09_18 family=pb_slope window=OOS run=gdda_oos_gdd09_18_20260814225651_c4ce96
2026-08-14T13:57:35+00:00 RUN_END [178/820] id=GDD09_18 window=OOS status=OK decision=OOS_PASS elapsed=43.065s
2026-08-14T13:57:35+00:00 RUN_START [178/820] id=GDD09_18 family=pb_slope window=XM5 run=gdda_xm5_gdd09_18_20260814225735_7b1f2c
2026-08-14T14:04:48+00:00 RUN_END [178/820] id=GDD09_18 window=XM5 status=OK decision=XM5_REJECT elapsed=433.620s
2026-08-14T14:04:48+00:00 RUN_START [179/820] id=GDD09_19 family=pb_slope window=IS run=gdda_is_gdd09_19_20260814230448_73bd7a
2026-08-14T14:04:49+00:00 WAIT_TERMINAL elapsed=1s processes=metatester64.exe
2026-08-14T14:06:02+00:00 RUN_END [179/820] id=GDD09_19 window=IS status=OK decision=IS_SURVIVOR_TRADEOFF elapsed=73.697s
2026-08-14T14:06:02+00:00 RUN_START [179/820] id=GDD09_19 family=pb_slope window=OOS run=gdda_oos_gdd09_19_20260814230602_8259f2
2026-08-14T14:06:45+00:00 RUN_END [179/820] id=GDD09_19 window=OOS status=OK decision=OOS_PASS elapsed=43.018s
2026-08-14T14:06:45+00:00 RUN_START [179/820] id=GDD09_19 family=pb_slope window=XM5 run=gdda_xm5_gdd09_19_20260814230645_48c2ea
2026-08-14T14:13:53+00:00 RUN_END [179/820] id=GDD09_19 window=XM5 status=OK decision=XM5_REJECT elapsed=428.422s
2026-08-14T14:13:53+00:00 RUN_START [180/820] id=GDD09_20 family=pb_slope window=IS run=gdda_is_gdd09_20_20260814231353_a527a1
2026-08-14T14:13:54+00:00 WAIT_TERMINAL elapsed=0s processes=metatester64.exe
2026-08-14T14:14:55+00:00 WAIT_TERMINAL elapsed=62s processes=metatester64.exe
2026-08-14T14:15:56+00:00 WAIT_TERMINAL elapsed=123s processes=metatester64.exe
2026-08-14T14:16:58+00:00 WAIT_TERMINAL elapsed=184s processes=metatester64.exe
2026-08-14T14:17:59+00:00 WAIT_TERMINAL elapsed=246s processes=metatester64.exe
2026-08-14T14:19:01+00:00 KILL_ORPHAN_TESTER elapsed=307s metatester64.exe
2026-08-14T14:20:19+00:00 RUN_END [180/820] id=GDD09_20 window=IS status=OK decision=IS_SURVIVOR_TRADEOFF elapsed=385.415s
2026-08-14T14:20:19+00:00 RUN_START [180/820] id=GDD09_20 family=pb_slope window=OOS run=gdda_oos_gdd09_20_20260814232019_3330fd
2026-08-14T14:21:02+00:00 RUN_END [180/820] id=GDD09_20 window=OOS status=OK decision=OOS_PASS elapsed=43.012s
2026-08-14T14:21:02+00:00 RUN_START [180/820] id=GDD09_20 family=pb_slope window=XM5 run=gdda_xm5_gdd09_20_20260814232102_87614e
2026-08-14T14:28:20+00:00 RUN_END [180/820] id=GDD09_20 window=XM5 status=OK decision=XM5_REJECT elapsed=438.333s
2026-08-14T14:28:20+00:00 RUN_START [181/820] id=GDD10_01 family=pb_ema_pair window=IS run=gdda_is_gdd10_01_20260814232820_e54fab
2026-08-14T14:28:20+00:00 RUN_END [181/820] id=GDD10_01 window=IS status=UNVERIFIED decision=UNVERIFIED_EA_INPUT elapsed=0.001s
2026-08-14T14:28:20+00:00 RUN_START [182/820] id=GDD10_02 family=pb_ema_pair window=IS run=gdda_is_gdd10_02_20260814232820_417222
2026-08-14T14:28:20+00:00 RUN_END [182/820] id=GDD10_02 window=IS status=UNVERIFIED decision=UNVERIFIED_EA_INPUT elapsed=0.001s
2026-08-14T14:28:20+00:00 RUN_START [183/820] id=GDD10_03 family=pb_ema_pair window=IS run=gdda_is_gdd10_03_20260814232820_c1172f
2026-08-14T14:28:20+00:00 RUN_END [183/820] id=GDD10_03 window=IS status=UNVERIFIED decision=UNVERIFIED_EA_INPUT elapsed=0.001s
2026-08-14T14:28:20+00:00 RUN_START [184/820] id=GDD10_04 family=pb_ema_pair window=IS run=gdda_is_gdd10_04_20260814232820_b99846
2026-08-14T14:28:20+00:00 RUN_END [184/820] id=GDD10_04 window=IS status=UNVERIFIED decision=UNVERIFIED_EA_INPUT elapsed=0.001s
2026-08-14T14:28:20+00:00 RUN_START [185/820] id=GDD10_05 family=pb_ema_pair window=IS run=gdda_is_gdd10_05_20260814232820_07db5d
2026-08-14T14:28:20+00:00 RUN_END [185/820] id=GDD10_05 window=IS status=UNVERIFIED decision=UNVERIFIED_EA_INPUT elapsed=0.001s
2026-08-14T14:28:20+00:00 RUN_START [186/820] id=GDD10_06 family=pb_ema_pair window=IS run=gdda_is_gdd10_06_20260814232820_89d37c
2026-08-14T14:28:20+00:00 RUN_END [186/820] id=GDD10_06 window=IS status=UNVERIFIED decision=UNVERIFIED_EA_INPUT elapsed=0.001s
2026-08-14T14:28:20+00:00 RUN_START [187/820] id=GDD10_07 family=pb_ema_pair window=IS run=gdda_is_gdd10_07_20260814232820_a19c1d
2026-08-14T14:28:20+00:00 RUN_END [187/820] id=GDD10_07 window=IS status=UNVERIFIED decision=UNVERIFIED_EA_INPUT elapsed=0.001s
2026-08-14T14:28:20+00:00 RUN_START [188/820] id=GDD10_08 family=pb_ema_pair window=IS run=gdda_is_gdd10_08_20260814232820_396a30
2026-08-14T14:28:20+00:00 RUN_END [188/820] id=GDD10_08 window=IS status=UNVERIFIED decision=UNVERIFIED_EA_INPUT elapsed=0.001s
2026-08-14T14:28:20+00:00 RUN_START [189/820] id=GDD10_09 family=pb_ema_pair window=IS run=gdda_is_gdd10_09_20260814232820_42125a
2026-08-14T14:28:20+00:00 RUN_END [189/820] id=GDD10_09 window=IS status=UNVERIFIED decision=UNVERIFIED_EA_INPUT elapsed=0.001s
2026-08-14T14:28:20+00:00 RUN_START [190/820] id=GDD10_10 family=pb_ema_pair window=IS run=gdda_is_gdd10_10_20260814232820_3e7faf
2026-08-14T14:28:20+00:00 RUN_END [190/820] id=GDD10_10 window=IS status=UNVERIFIED decision=UNVERIFIED_EA_INPUT elapsed=0.001s
2026-08-14T14:28:20+00:00 RUN_START [191/820] id=GDD10_11 family=pb_ema_pair window=IS run=gdda_is_gdd10_11_20260814232820_002bb7
2026-08-14T14:28:20+00:00 RUN_END [191/820] id=GDD10_11 window=IS status=UNVERIFIED decision=UNVERIFIED_EA_INPUT elapsed=0.001s
2026-08-14T14:28:20+00:00 RUN_START [192/820] id=GDD10_12 family=pb_ema_pair window=IS run=gdda_is_gdd10_12_20260814232820_0b5cef
2026-08-14T14:28:20+00:00 RUN_END [192/820] id=GDD10_12 window=IS status=UNVERIFIED decision=UNVERIFIED_EA_INPUT elapsed=0.001s
2026-08-14T14:28:20+00:00 RUN_START [193/820] id=GDD10_13 family=pb_ema_pair window=IS run=gdda_is_gdd10_13_20260814232820_09205e
2026-08-14T14:28:20+00:00 RUN_END [193/820] id=GDD10_13 window=IS status=UNVERIFIED decision=UNVERIFIED_EA_INPUT elapsed=0.001s
2026-08-14T14:28:20+00:00 RUN_START [194/820] id=GDD10_14 family=pb_ema_pair window=IS run=gdda_is_gdd10_14_20260814232820_04d987
2026-08-14T14:28:20+00:00 RUN_END [194/820] id=GDD10_14 window=IS status=UNVERIFIED decision=UNVERIFIED_EA_INPUT elapsed=0.001s
2026-08-14T14:28:20+00:00 RUN_START [195/820] id=GDD10_15 family=pb_ema_pair window=IS run=gdda_is_gdd10_15_20260814232820_c76448
2026-08-14T14:28:20+00:00 RUN_END [195/820] id=GDD10_15 window=IS status=UNVERIFIED decision=UNVERIFIED_EA_INPUT elapsed=0.001s
2026-08-14T14:28:20+00:00 RUN_START [196/820] id=GDD10_16 family=pb_ema_pair window=IS run=gdda_is_gdd10_16_20260814232820_a39036
2026-08-14T14:28:20+00:00 RUN_END [196/820] id=GDD10_16 window=IS status=UNVERIFIED decision=UNVERIFIED_EA_INPUT elapsed=0.001s
2026-08-14T14:28:20+00:00 RUN_START [197/820] id=GDD10_17 family=pb_ema_pair window=IS run=gdda_is_gdd10_17_20260814232820_8cc859
2026-08-14T14:28:20+00:00 RUN_END [197/820] id=GDD10_17 window=IS status=UNVERIFIED decision=UNVERIFIED_EA_INPUT elapsed=0.001s
2026-08-14T14:28:20+00:00 RUN_START [198/820] id=GDD10_18 family=pb_ema_pair window=IS run=gdda_is_gdd10_18_20260814232820_e637e8
2026-08-14T14:28:20+00:00 RUN_END [198/820] id=GDD10_18 window=IS status=UNVERIFIED decision=UNVERIFIED_EA_INPUT elapsed=0.001s
2026-08-14T14:28:20+00:00 RUN_START [199/820] id=GDD10_19 family=pb_ema_pair window=IS run=gdda_is_gdd10_19_20260814232820_98a9e5
2026-08-14T14:28:20+00:00 RUN_END [199/820] id=GDD10_19 window=IS status=UNVERIFIED decision=UNVERIFIED_EA_INPUT elapsed=0.001s
2026-08-14T14:28:20+00:00 RUN_START [200/820] id=GDD10_20 family=pb_ema_pair window=IS run=gdda_is_gdd10_20_20260814232820_a6c508
2026-08-14T14:28:20+00:00 RUN_END [200/820] id=GDD10_20 window=IS status=UNVERIFIED decision=UNVERIFIED_EA_INPUT elapsed=0.001s
2026-08-14T14:28:20+00:00 RUN_START [201/820] id=GDD11_01 family=pb_trend_ma window=IS run=gdda_is_gdd11_01_20260814232820_25fd42
2026-08-14T14:28:20+00:00 RUN_END [201/820] id=GDD11_01 window=IS status=UNVERIFIED decision=UNVERIFIED_EA_INPUT elapsed=0.001s
2026-08-14T14:28:20+00:00 RUN_START [202/820] id=GDD11_02 family=pb_trend_ma window=IS run=gdda_is_gdd11_02_20260814232820_28f8ab
2026-08-14T14:28:20+00:00 RUN_END [202/820] id=GDD11_02 window=IS status=UNVERIFIED decision=UNVERIFIED_EA_INPUT elapsed=0.001s
2026-08-14T14:28:20+00:00 RUN_START [203/820] id=GDD11_03 family=pb_trend_ma window=IS run=gdda_is_gdd11_03_20260814232820_2478fa
2026-08-14T14:28:20+00:00 RUN_END [203/820] id=GDD11_03 window=IS status=UNVERIFIED decision=UNVERIFIED_EA_INPUT elapsed=0.001s
2026-08-14T14:28:20+00:00 RUN_START [204/820] id=GDD11_04 family=pb_trend_ma window=IS run=gdda_is_gdd11_04_20260814232820_30d6b2
2026-08-14T14:28:20+00:00 RUN_END [204/820] id=GDD11_04 window=IS status=UNVERIFIED decision=UNVERIFIED_EA_INPUT elapsed=0.001s
2026-08-14T14:28:20+00:00 RUN_START [205/820] id=GDD11_05 family=pb_trend_ma window=IS run=gdda_is_gdd11_05_20260814232820_e1dc2f
2026-08-14T14:28:20+00:00 RUN_END [205/820] id=GDD11_05 window=IS status=UNVERIFIED decision=UNVERIFIED_EA_INPUT elapsed=0.001s
2026-08-14T14:28:20+00:00 RUN_START [206/820] id=GDD11_06 family=pb_trend_ma window=IS run=gdda_is_gdd11_06_20260814232820_0b65d9
2026-08-14T14:28:20+00:00 RUN_END [206/820] id=GDD11_06 window=IS status=UNVERIFIED decision=UNVERIFIED_EA_INPUT elapsed=0.001s
2026-08-14T14:28:20+00:00 RUN_START [207/820] id=GDD11_07 family=pb_trend_ma window=IS run=gdda_is_gdd11_07_20260814232820_392032
2026-08-14T14:28:20+00:00 RUN_END [207/820] id=GDD11_07 window=IS status=UNVERIFIED decision=UNVERIFIED_EA_INPUT elapsed=0.001s
2026-08-14T14:28:20+00:00 RUN_START [208/820] id=GDD11_08 family=pb_trend_ma window=IS run=gdda_is_gdd11_08_20260814232820_8a1b46
2026-08-14T14:28:20+00:00 RUN_END [208/820] id=GDD11_08 window=IS status=UNVERIFIED decision=UNVERIFIED_EA_INPUT elapsed=0.001s
2026-08-14T14:28:20+00:00 RUN_START [209/820] id=GDD11_09 family=pb_trend_ma window=IS run=gdda_is_gdd11_09_20260814232820_65ff81
2026-08-14T14:28:20+00:00 RUN_END [209/820] id=GDD11_09 window=IS status=UNVERIFIED decision=UNVERIFIED_EA_INPUT elapsed=0.001s
2026-08-14T14:28:20+00:00 RUN_START [210/820] id=GDD11_10 family=pb_trend_ma window=IS run=gdda_is_gdd11_10_20260814232820_64b4a1
2026-08-14T14:28:20+00:00 RUN_END [210/820] id=GDD11_10 window=IS status=UNVERIFIED decision=UNVERIFIED_EA_INPUT elapsed=0.001s
2026-08-14T14:28:20+00:00 RUN_START [211/820] id=GDD11_11 family=pb_trend_ma window=IS run=gdda_is_gdd11_11_20260814232820_a3c2f4
2026-08-14T14:28:21+00:00 RUN_END [211/820] id=GDD11_11 window=IS status=UNVERIFIED decision=UNVERIFIED_EA_INPUT elapsed=0.001s
2026-08-14T14:28:21+00:00 RUN_START [212/820] id=GDD11_12 family=pb_trend_ma window=IS run=gdda_is_gdd11_12_20260814232821_213369
2026-08-14T14:28:21+00:00 RUN_END [212/820] id=GDD11_12 window=IS status=UNVERIFIED decision=UNVERIFIED_EA_INPUT elapsed=0.001s
2026-08-14T14:28:21+00:00 RUN_START [213/820] id=GDD11_13 family=pb_trend_ma window=IS run=gdda_is_gdd11_13_20260814232821_200e9d
2026-08-14T14:28:21+00:00 RUN_END [213/820] id=GDD11_13 window=IS status=UNVERIFIED decision=UNVERIFIED_EA_INPUT elapsed=0.001s
2026-08-14T14:28:21+00:00 RUN_START [214/820] id=GDD11_14 family=pb_trend_ma window=IS run=gdda_is_gdd11_14_20260814232821_2d52cd
2026-08-14T14:28:21+00:00 RUN_END [214/820] id=GDD11_14 window=IS status=UNVERIFIED decision=UNVERIFIED_EA_INPUT elapsed=0.001s
2026-08-14T14:28:21+00:00 RUN_START [215/820] id=GDD11_15 family=pb_trend_ma window=IS run=gdda_is_gdd11_15_20260814232821_215252
2026-08-14T14:28:21+00:00 RUN_END [215/820] id=GDD11_15 window=IS status=UNVERIFIED decision=UNVERIFIED_EA_INPUT elapsed=0.001s
2026-08-14T14:28:21+00:00 RUN_START [216/820] id=GDD11_16 family=pb_trend_ma window=IS run=gdda_is_gdd11_16_20260814232821_173e87
2026-08-14T14:28:21+00:00 RUN_END [216/820] id=GDD11_16 window=IS status=UNVERIFIED decision=UNVERIFIED_EA_INPUT elapsed=0.001s
2026-08-14T14:28:21+00:00 RUN_START [217/820] id=GDD11_17 family=pb_trend_ma window=IS run=gdda_is_gdd11_17_20260814232821_9daf81
2026-08-14T14:28:21+00:00 RUN_END [217/820] id=GDD11_17 window=IS status=UNVERIFIED decision=UNVERIFIED_EA_INPUT elapsed=0.001s
2026-08-14T14:28:21+00:00 RUN_START [218/820] id=GDD11_18 family=pb_trend_ma window=IS run=gdda_is_gdd11_18_20260814232821_0f7511
2026-08-14T14:28:21+00:00 RUN_END [218/820] id=GDD11_18 window=IS status=UNVERIFIED decision=UNVERIFIED_EA_INPUT elapsed=0.001s
2026-08-14T14:28:21+00:00 RUN_START [219/820] id=GDD11_19 family=pb_trend_ma window=IS run=gdda_is_gdd11_19_20260814232821_2e2c41
2026-08-14T14:28:21+00:00 RUN_END [219/820] id=GDD11_19 window=IS status=UNVERIFIED decision=UNVERIFIED_EA_INPUT elapsed=0.001s
2026-08-14T14:28:21+00:00 RUN_START [220/820] id=GDD11_20 family=pb_trend_ma window=IS run=gdda_is_gdd11_20_20260814232821_d20d0e
2026-08-14T14:28:21+00:00 RUN_END [220/820] id=GDD11_20 window=IS status=UNVERIFIED decision=UNVERIFIED_EA_INPUT elapsed=0.001s
2026-08-14T14:28:21+00:00 RUN_START [221/820] id=GDD12_01 family=pb_adx_period window=IS run=gdda_is_gdd12_01_20260814232821_366e57
2026-08-14T14:28:21+00:00 RUN_END [221/820] id=GDD12_01 window=IS status=UNVERIFIED decision=UNVERIFIED_EA_INPUT elapsed=0.001s
2026-08-14T14:28:21+00:00 RUN_START [222/820] id=GDD12_02 family=pb_adx_period window=IS run=gdda_is_gdd12_02_20260814232821_66e564
2026-08-14T14:28:21+00:00 RUN_END [222/820] id=GDD12_02 window=IS status=UNVERIFIED decision=UNVERIFIED_EA_INPUT elapsed=0.001s
2026-08-14T14:28:21+00:00 RUN_START [223/820] id=GDD12_03 family=pb_adx_period window=IS run=gdda_is_gdd12_03_20260814232821_14dfca
2026-08-14T14:28:21+00:00 RUN_END [223/820] id=GDD12_03 window=IS status=UNVERIFIED decision=UNVERIFIED_EA_INPUT elapsed=0.001s
2026-08-14T14:28:21+00:00 RUN_START [224/820] id=GDD12_04 family=pb_adx_period window=IS run=gdda_is_gdd12_04_20260814232821_c6a24e
2026-08-14T14:28:21+00:00 RUN_END [224/820] id=GDD12_04 window=IS status=UNVERIFIED decision=UNVERIFIED_EA_INPUT elapsed=0.001s
2026-08-14T14:28:21+00:00 RUN_START [225/820] id=GDD12_05 family=pb_adx_period window=IS run=gdda_is_gdd12_05_20260814232821_e05859
2026-08-14T14:28:21+00:00 RUN_END [225/820] id=GDD12_05 window=IS status=UNVERIFIED decision=UNVERIFIED_EA_INPUT elapsed=0.001s
2026-08-14T14:28:21+00:00 RUN_START [226/820] id=GDD12_06 family=pb_adx_period window=IS run=gdda_is_gdd12_06_20260814232821_e0326d
2026-08-14T14:28:21+00:00 RUN_END [226/820] id=GDD12_06 window=IS status=UNVERIFIED decision=UNVERIFIED_EA_INPUT elapsed=0.001s
2026-08-14T14:28:21+00:00 RUN_START [227/820] id=GDD12_07 family=pb_adx_period window=IS run=gdda_is_gdd12_07_20260814232821_13a27f
2026-08-14T14:28:21+00:00 RUN_END [227/820] id=GDD12_07 window=IS status=UNVERIFIED decision=UNVERIFIED_EA_INPUT elapsed=0.001s
2026-08-14T14:28:21+00:00 RUN_START [228/820] id=GDD12_08 family=pb_adx_period window=IS run=gdda_is_gdd12_08_20260814232821_18cdc7
2026-08-14T14:28:21+00:00 RUN_END [228/820] id=GDD12_08 window=IS status=UNVERIFIED decision=UNVERIFIED_EA_INPUT elapsed=0.001s
2026-08-14T14:28:21+00:00 RUN_START [229/820] id=GDD12_09 family=pb_adx_period window=IS run=gdda_is_gdd12_09_20260814232821_2142f3
2026-08-14T14:28:21+00:00 RUN_END [229/820] id=GDD12_09 window=IS status=UNVERIFIED decision=UNVERIFIED_EA_INPUT elapsed=0.001s
2026-08-14T14:28:21+00:00 RUN_START [230/820] id=GDD12_10 family=pb_adx_period window=IS run=gdda_is_gdd12_10_20260814232821_e4c2ff
2026-08-14T14:28:21+00:00 RUN_END [230/820] id=GDD12_10 window=IS status=UNVERIFIED decision=UNVERIFIED_EA_INPUT elapsed=0.001s
2026-08-14T14:28:21+00:00 RUN_START [231/820] id=GDD12_11 family=pb_adx_period window=IS run=gdda_is_gdd12_11_20260814232821_0ffb2a
2026-08-14T14:28:21+00:00 RUN_END [231/820] id=GDD12_11 window=IS status=UNVERIFIED decision=UNVERIFIED_EA_INPUT elapsed=0.001s
2026-08-14T14:28:21+00:00 RUN_START [232/820] id=GDD12_12 family=pb_adx_period window=IS run=gdda_is_gdd12_12_20260814232821_20b858
2026-08-14T14:28:21+00:00 RUN_END [232/820] id=GDD12_12 window=IS status=UNVERIFIED decision=UNVERIFIED_EA_INPUT elapsed=0.001s
2026-08-14T14:28:21+00:00 RUN_START [233/820] id=GDD12_13 family=pb_adx_period window=IS run=gdda_is_gdd12_13_20260814232821_49054d
2026-08-14T14:28:21+00:00 RUN_END [233/820] id=GDD12_13 window=IS status=UNVERIFIED decision=UNVERIFIED_EA_INPUT elapsed=0.001s
2026-08-14T14:28:21+00:00 RUN_START [234/820] id=GDD12_14 family=pb_adx_period window=IS run=gdda_is_gdd12_14_20260814232821_6ef62d
2026-08-14T14:28:21+00:00 RUN_END [234/820] id=GDD12_14 window=IS status=UNVERIFIED decision=UNVERIFIED_EA_INPUT elapsed=0.001s
2026-08-14T14:28:21+00:00 RUN_START [235/820] id=GDD12_15 family=pb_adx_period window=IS run=gdda_is_gdd12_15_20260814232821_f15851
2026-08-14T14:28:21+00:00 RUN_END [235/820] id=GDD12_15 window=IS status=UNVERIFIED decision=UNVERIFIED_EA_INPUT elapsed=0.001s
2026-08-14T14:28:21+00:00 RUN_START [236/820] id=GDD12_16 family=pb_adx_period window=IS run=gdda_is_gdd12_16_20260814232821_29db55
2026-08-14T14:28:21+00:00 RUN_END [236/820] id=GDD12_16 window=IS status=UNVERIFIED decision=UNVERIFIED_EA_INPUT elapsed=0.001s
2026-08-14T14:28:21+00:00 RUN_START [237/820] id=GDD12_17 family=pb_adx_period window=IS run=gdda_is_gdd12_17_20260814232821_ea3c43
2026-08-14T14:28:21+00:00 RUN_END [237/820] id=GDD12_17 window=IS status=UNVERIFIED decision=UNVERIFIED_EA_INPUT elapsed=0.001s
2026-08-14T14:28:21+00:00 RUN_START [238/820] id=GDD12_18 family=pb_adx_period window=IS run=gdda_is_gdd12_18_20260814232821_373b49
2026-08-14T14:28:21+00:00 RUN_END [238/820] id=GDD12_18 window=IS status=UNVERIFIED decision=UNVERIFIED_EA_INPUT elapsed=0.001s
2026-08-14T14:28:21+00:00 RUN_START [239/820] id=GDD12_19 family=pb_adx_period window=IS run=gdda_is_gdd12_19_20260814232821_977a95
2026-08-14T14:28:21+00:00 RUN_END [239/820] id=GDD12_19 window=IS status=UNVERIFIED decision=UNVERIFIED_EA_INPUT elapsed=0.001s
2026-08-14T14:28:21+00:00 RUN_START [240/820] id=GDD12_20 family=pb_adx_period window=IS run=gdda_is_gdd12_20_20260814232821_1087e4
2026-08-14T14:28:21+00:00 RUN_END [240/820] id=GDD12_20 window=IS status=UNVERIFIED decision=UNVERIFIED_EA_INPUT elapsed=0.001s
2026-08-14T14:28:21+00:00 RUN_START [241/820] id=GDD13_01 family=pb_candle_body window=IS run=gdda_is_gdd13_01_20260814232821_e91376
2026-08-14T14:28:21+00:00 RUN_END [241/820] id=GDD13_01 window=IS status=UNVERIFIED decision=UNVERIFIED_EA_INPUT elapsed=0.001s
2026-08-14T14:28:21+00:00 RUN_START [242/820] id=GDD13_02 family=pb_candle_body window=IS run=gdda_is_gdd13_02_20260814232821_c64ca5
2026-08-14T14:28:21+00:00 RUN_END [242/820] id=GDD13_02 window=IS status=UNVERIFIED decision=UNVERIFIED_EA_INPUT elapsed=0.001s
2026-08-14T14:28:21+00:00 RUN_START [243/820] id=GDD13_03 family=pb_candle_body window=IS run=gdda_is_gdd13_03_20260814232821_1bb633
2026-08-14T14:28:21+00:00 RUN_END [243/820] id=GDD13_03 window=IS status=UNVERIFIED decision=UNVERIFIED_EA_INPUT elapsed=0.001s
2026-08-14T14:28:21+00:00 RUN_START [244/820] id=GDD13_04 family=pb_candle_body window=IS run=gdda_is_gdd13_04_20260814232821_546b4d
2026-08-14T14:28:21+00:00 RUN_END [244/820] id=GDD13_04 window=IS status=UNVERIFIED decision=UNVERIFIED_EA_INPUT elapsed=0.001s
2026-08-14T14:28:21+00:00 RUN_START [245/820] id=GDD13_05 family=pb_candle_body window=IS run=gdda_is_gdd13_05_20260814232821_afb29d
2026-08-14T14:28:21+00:00 RUN_END [245/820] id=GDD13_05 window=IS status=UNVERIFIED decision=UNVERIFIED_EA_INPUT elapsed=0.001s
2026-08-14T14:28:21+00:00 RUN_START [246/820] id=GDD13_06 family=pb_candle_body window=IS run=gdda_is_gdd13_06_20260814232821_78fa71
2026-08-14T14:28:21+00:00 RUN_END [246/820] id=GDD13_06 window=IS status=UNVERIFIED decision=UNVERIFIED_EA_INPUT elapsed=0.001s
2026-08-14T14:28:21+00:00 RUN_START [247/820] id=GDD13_07 family=pb_candle_body window=IS run=gdda_is_gdd13_07_20260814232821_51de6a
2026-08-14T14:28:21+00:00 RUN_END [247/820] id=GDD13_07 window=IS status=UNVERIFIED decision=UNVERIFIED_EA_INPUT elapsed=0.001s
2026-08-14T14:28:21+00:00 RUN_START [248/820] id=GDD13_08 family=pb_candle_body window=IS run=gdda_is_gdd13_08_20260814232821_00829f
2026-08-14T14:28:21+00:00 RUN_END [248/820] id=GDD13_08 window=IS status=UNVERIFIED decision=UNVERIFIED_EA_INPUT elapsed=0.001s
2026-08-14T14:28:21+00:00 RUN_START [249/820] id=GDD13_09 family=pb_candle_body window=IS run=gdda_is_gdd13_09_20260814232821_c88644
2026-08-14T14:28:21+00:00 RUN_END [249/820] id=GDD13_09 window=IS status=UNVERIFIED decision=UNVERIFIED_EA_INPUT elapsed=0.001s
2026-08-14T14:28:21+00:00 RUN_START [250/820] id=GDD13_10 family=pb_candle_body window=IS run=gdda_is_gdd13_10_20260814232821_19dce0
2026-08-14T14:28:21+00:00 RUN_END [250/820] id=GDD13_10 window=IS status=UNVERIFIED decision=UNVERIFIED_EA_INPUT elapsed=0.001s
2026-08-14T14:28:21+00:00 RUN_START [251/820] id=GDD13_11 family=pb_candle_body window=IS run=gdda_is_gdd13_11_20260814232821_138210
2026-08-14T14:28:21+00:00 RUN_END [251/820] id=GDD13_11 window=IS status=UNVERIFIED decision=UNVERIFIED_EA_INPUT elapsed=0.001s
2026-08-14T14:28:21+00:00 RUN_START [252/820] id=GDD13_12 family=pb_candle_body window=IS run=gdda_is_gdd13_12_20260814232821_ab19cc
2026-08-14T14:28:21+00:00 RUN_END [252/820] id=GDD13_12 window=IS status=UNVERIFIED decision=UNVERIFIED_EA_INPUT elapsed=0.001s
2026-08-14T14:28:21+00:00 RUN_START [253/820] id=GDD13_13 family=pb_candle_body window=IS run=gdda_is_gdd13_13_20260814232821_be86d7
2026-08-14T14:28:21+00:00 RUN_END [253/820] id=GDD13_13 window=IS status=UNVERIFIED decision=UNVERIFIED_EA_INPUT elapsed=0.001s
2026-08-14T14:28:21+00:00 RUN_START [254/820] id=GDD13_14 family=pb_candle_body window=IS run=gdda_is_gdd13_14_20260814232821_0b82c1
2026-08-14T14:28:21+00:00 RUN_END [254/820] id=GDD13_14 window=IS status=UNVERIFIED decision=UNVERIFIED_EA_INPUT elapsed=0.001s
2026-08-14T14:28:21+00:00 RUN_START [255/820] id=GDD13_15 family=pb_candle_body window=IS run=gdda_is_gdd13_15_20260814232821_17cef6
2026-08-14T14:28:21+00:00 RUN_END [255/820] id=GDD13_15 window=IS status=UNVERIFIED decision=UNVERIFIED_EA_INPUT elapsed=0.001s
2026-08-14T14:28:21+00:00 RUN_START [256/820] id=GDD13_16 family=pb_candle_body window=IS run=gdda_is_gdd13_16_20260814232821_544943
2026-08-14T14:28:21+00:00 RUN_END [256/820] id=GDD13_16 window=IS status=UNVERIFIED decision=UNVERIFIED_EA_INPUT elapsed=0.001s
2026-08-14T14:28:21+00:00 RUN_START [257/820] id=GDD13_17 family=pb_candle_body window=IS run=gdda_is_gdd13_17_20260814232821_703868
2026-08-14T14:28:21+00:00 RUN_END [257/820] id=GDD13_17 window=IS status=UNVERIFIED decision=UNVERIFIED_EA_INPUT elapsed=0.001s
2026-08-14T14:28:21+00:00 RUN_START [258/820] id=GDD13_18 family=pb_candle_body window=IS run=gdda_is_gdd13_18_20260814232821_d8aa11
2026-08-14T14:28:21+00:00 RUN_END [258/820] id=GDD13_18 window=IS status=UNVERIFIED decision=UNVERIFIED_EA_INPUT elapsed=0.001s
2026-08-14T14:28:21+00:00 RUN_START [259/820] id=GDD13_19 family=pb_candle_body window=IS run=gdda_is_gdd13_19_20260814232821_c8e69a
2026-08-14T14:28:21+00:00 RUN_END [259/820] id=GDD13_19 window=IS status=UNVERIFIED decision=UNVERIFIED_EA_INPUT elapsed=0.001s
2026-08-14T14:28:21+00:00 RUN_START [260/820] id=GDD13_20 family=pb_candle_body window=IS run=gdda_is_gdd13_20_20260814232821_dde918
2026-08-14T14:28:21+00:00 RUN_END [260/820] id=GDD13_20 window=IS status=UNVERIFIED decision=UNVERIFIED_EA_INPUT elapsed=0.001s
2026-08-14T14:28:21+00:00 RUN_START [261/820] id=GDD14_01 family=pb_close_location window=IS run=gdda_is_gdd14_01_20260814232821_eb5c58
2026-08-14T14:28:21+00:00 RUN_END [261/820] id=GDD14_01 window=IS status=UNVERIFIED decision=UNVERIFIED_EA_INPUT elapsed=0.001s
2026-08-14T14:28:21+00:00 RUN_START [262/820] id=GDD14_02 family=pb_close_location window=IS run=gdda_is_gdd14_02_20260814232821_8aacdd
2026-08-14T14:28:21+00:00 RUN_END [262/820] id=GDD14_02 window=IS status=UNVERIFIED decision=UNVERIFIED_EA_INPUT elapsed=0.001s
2026-08-14T14:28:21+00:00 RUN_START [263/820] id=GDD14_03 family=pb_close_location window=IS run=gdda_is_gdd14_03_20260814232821_eb8229
2026-08-14T14:28:21+00:00 RUN_END [263/820] id=GDD14_03 window=IS status=UNVERIFIED decision=UNVERIFIED_EA_INPUT elapsed=0.001s
2026-08-14T14:28:21+00:00 RUN_START [264/820] id=GDD14_04 family=pb_close_location window=IS run=gdda_is_gdd14_04_20260814232821_bd3a55
2026-08-14T14:28:21+00:00 RUN_END [264/820] id=GDD14_04 window=IS status=UNVERIFIED decision=UNVERIFIED_EA_INPUT elapsed=0.001s
2026-08-14T14:28:21+00:00 RUN_START [265/820] id=GDD14_05 family=pb_close_location window=IS run=gdda_is_gdd14_05_20260814232821_0d28be
2026-08-14T14:28:21+00:00 RUN_END [265/820] id=GDD14_05 window=IS status=UNVERIFIED decision=UNVERIFIED_EA_INPUT elapsed=0.001s
2026-08-14T14:28:21+00:00 RUN_START [266/820] id=GDD14_06 family=pb_close_location window=IS run=gdda_is_gdd14_06_20260814232821_aa5213
2026-08-14T14:28:21+00:00 RUN_END [266/820] id=GDD14_06 window=IS status=UNVERIFIED decision=UNVERIFIED_EA_INPUT elapsed=0.001s
2026-08-14T14:28:21+00:00 RUN_START [267/820] id=GDD14_07 family=pb_close_location window=IS run=gdda_is_gdd14_07_20260814232821_8a473d
2026-08-14T14:28:21+00:00 RUN_END [267/820] id=GDD14_07 window=IS status=UNVERIFIED decision=UNVERIFIED_EA_INPUT elapsed=0.001s
2026-08-14T14:28:21+00:00 RUN_START [268/820] id=GDD14_08 family=pb_close_location window=IS run=gdda_is_gdd14_08_20260814232821_f9d7e7
2026-08-14T14:28:21+00:00 RUN_END [268/820] id=GDD14_08 window=IS status=UNVERIFIED decision=UNVERIFIED_EA_INPUT elapsed=0.001s
2026-08-14T14:28:21+00:00 RUN_START [269/820] id=GDD14_09 family=pb_close_location window=IS run=gdda_is_gdd14_09_20260814232821_44f8e0
2026-08-14T14:28:21+00:00 RUN_END [269/820] id=GDD14_09 window=IS status=UNVERIFIED decision=UNVERIFIED_EA_INPUT elapsed=0.001s
2026-08-14T14:28:21+00:00 RUN_START [270/820] id=GDD14_10 family=pb_close_location window=IS run=gdda_is_gdd14_10_20260814232821_af3ccd
2026-08-14T14:28:21+00:00 RUN_END [270/820] id=GDD14_10 window=IS status=UNVERIFIED decision=UNVERIFIED_EA_INPUT elapsed=0.001s
2026-08-14T14:28:21+00:00 RUN_START [271/820] id=GDD14_11 family=pb_close_location window=IS run=gdda_is_gdd14_11_20260814232821_30056e
2026-08-14T14:28:21+00:00 RUN_END [271/820] id=GDD14_11 window=IS status=UNVERIFIED decision=UNVERIFIED_EA_INPUT elapsed=0.001s
2026-08-14T14:28:21+00:00 RUN_START [272/820] id=GDD14_12 family=pb_close_location window=IS run=gdda_is_gdd14_12_20260814232821_2c4b9c
2026-08-14T14:28:21+00:00 RUN_END [272/820] id=GDD14_12 window=IS status=UNVERIFIED decision=UNVERIFIED_EA_INPUT elapsed=0.001s
2026-08-14T14:28:21+00:00 RUN_START [273/820] id=GDD14_13 family=pb_close_location window=IS run=gdda_is_gdd14_13_20260814232821_356379
2026-08-14T14:28:21+00:00 RUN_END [273/820] id=GDD14_13 window=IS status=UNVERIFIED decision=UNVERIFIED_EA_INPUT elapsed=0.001s
2026-08-14T14:28:21+00:00 RUN_START [274/820] id=GDD14_14 family=pb_close_location window=IS run=gdda_is_gdd14_14_20260814232821_221e63
2026-08-14T14:28:21+00:00 RUN_END [274/820] id=GDD14_14 window=IS status=UNVERIFIED decision=UNVERIFIED_EA_INPUT elapsed=0.001s
2026-08-14T14:28:21+00:00 RUN_START [275/820] id=GDD14_15 family=pb_close_location window=IS run=gdda_is_gdd14_15_20260814232821_3c0ef3
2026-08-14T14:28:21+00:00 RUN_END [275/820] id=GDD14_15 window=IS status=UNVERIFIED decision=UNVERIFIED_EA_INPUT elapsed=0.001s
2026-08-14T14:28:21+00:00 RUN_START [276/820] id=GDD14_16 family=pb_close_location window=IS run=gdda_is_gdd14_16_20260814232821_5baf6b
2026-08-14T14:28:21+00:00 RUN_END [276/820] id=GDD14_16 window=IS status=UNVERIFIED decision=UNVERIFIED_EA_INPUT elapsed=0.001s
2026-08-14T14:28:21+00:00 RUN_START [277/820] id=GDD14_17 family=pb_close_location window=IS run=gdda_is_gdd14_17_20260814232821_ff20a9
2026-08-14T14:28:21+00:00 RUN_END [277/820] id=GDD14_17 window=IS status=UNVERIFIED decision=UNVERIFIED_EA_INPUT elapsed=0.001s
2026-08-14T14:28:21+00:00 RUN_START [278/820] id=GDD14_18 family=pb_close_location window=IS run=gdda_is_gdd14_18_20260814232821_135bb2
2026-08-14T14:28:21+00:00 RUN_END [278/820] id=GDD14_18 window=IS status=UNVERIFIED decision=UNVERIFIED_EA_INPUT elapsed=0.001s
2026-08-14T14:28:21+00:00 RUN_START [279/820] id=GDD14_19 family=pb_close_location window=IS run=gdda_is_gdd14_19_20260814232821_08cc5f
2026-08-14T14:28:21+00:00 RUN_END [279/820] id=GDD14_19 window=IS status=UNVERIFIED decision=UNVERIFIED_EA_INPUT elapsed=0.001s
2026-08-14T14:28:21+00:00 RUN_START [280/820] id=GDD14_20 family=pb_close_location window=IS run=gdda_is_gdd14_20_20260814232821_229eff
2026-08-14T14:28:21+00:00 RUN_END [280/820] id=GDD14_20 window=IS status=UNVERIFIED decision=UNVERIFIED_EA_INPUT elapsed=0.001s
2026-08-14T14:28:21+00:00 RUN_START [281/820] id=GDD15_01 family=pb_pullback_depth window=IS run=gdda_is_gdd15_01_20260814232821_0c1c76
2026-08-14T14:28:21+00:00 RUN_END [281/820] id=GDD15_01 window=IS status=UNVERIFIED decision=UNVERIFIED_EA_INPUT elapsed=0.001s
2026-08-14T14:28:21+00:00 RUN_START [282/820] id=GDD15_02 family=pb_pullback_depth window=IS run=gdda_is_gdd15_02_20260814232821_1fcfb5
2026-08-14T14:28:21+00:00 RUN_END [282/820] id=GDD15_02 window=IS status=UNVERIFIED decision=UNVERIFIED_EA_INPUT elapsed=0.001s
2026-08-14T14:28:21+00:00 RUN_START [283/820] id=GDD15_03 family=pb_pullback_depth window=IS run=gdda_is_gdd15_03_20260814232821_a4ee31
2026-08-14T14:28:21+00:00 RUN_END [283/820] id=GDD15_03 window=IS status=UNVERIFIED decision=UNVERIFIED_EA_INPUT elapsed=0.001s
2026-08-14T14:28:21+00:00 RUN_START [284/820] id=GDD15_04 family=pb_pullback_depth window=IS run=gdda_is_gdd15_04_20260814232821_9e81d5
2026-08-14T14:28:21+00:00 RUN_END [284/820] id=GDD15_04 window=IS status=UNVERIFIED decision=UNVERIFIED_EA_INPUT elapsed=0.001s
2026-08-14T14:28:21+00:00 RUN_START [285/820] id=GDD15_05 family=pb_pullback_depth window=IS run=gdda_is_gdd15_05_20260814232821_8055d9
2026-08-14T14:28:21+00:00 RUN_END [285/820] id=GDD15_05 window=IS status=UNVERIFIED decision=UNVERIFIED_EA_INPUT elapsed=0.001s
2026-08-14T14:28:21+00:00 RUN_START [286/820] id=GDD15_06 family=pb_pullback_depth window=IS run=gdda_is_gdd15_06_20260814232821_dc9b53
2026-08-14T14:28:21+00:00 RUN_END [286/820] id=GDD15_06 window=IS status=UNVERIFIED decision=UNVERIFIED_EA_INPUT elapsed=0.001s
2026-08-14T14:28:21+00:00 RUN_START [287/820] id=GDD15_07 family=pb_pullback_depth window=IS run=gdda_is_gdd15_07_20260814232821_7da455
2026-08-14T14:28:21+00:00 RUN_END [287/820] id=GDD15_07 window=IS status=UNVERIFIED decision=UNVERIFIED_EA_INPUT elapsed=0.001s
2026-08-14T14:28:21+00:00 RUN_START [288/820] id=GDD15_08 family=pb_pullback_depth window=IS run=gdda_is_gdd15_08_20260814232821_5f3782
2026-08-14T14:28:21+00:00 RUN_END [288/820] id=GDD15_08 window=IS status=UNVERIFIED decision=UNVERIFIED_EA_INPUT elapsed=0.001s
2026-08-14T14:28:21+00:00 RUN_START [289/820] id=GDD15_09 family=pb_pullback_depth window=IS run=gdda_is_gdd15_09_20260814232821_d48b98
2026-08-14T14:28:21+00:00 RUN_END [289/820] id=GDD15_09 window=IS status=UNVERIFIED decision=UNVERIFIED_EA_INPUT elapsed=0.001s
2026-08-14T14:28:21+00:00 RUN_START [290/820] id=GDD15_10 family=pb_pullback_depth window=IS run=gdda_is_gdd15_10_20260814232821_8508cf
2026-08-14T14:28:21+00:00 RUN_END [290/820] id=GDD15_10 window=IS status=UNVERIFIED decision=UNVERIFIED_EA_INPUT elapsed=0.001s
2026-08-14T14:28:21+00:00 RUN_START [291/820] id=GDD15_11 family=pb_pullback_depth window=IS run=gdda_is_gdd15_11_20260814232821_7444d2
2026-08-14T14:28:21+00:00 RUN_END [291/820] id=GDD15_11 window=IS status=UNVERIFIED decision=UNVERIFIED_EA_INPUT elapsed=0.001s
2026-08-14T14:28:21+00:00 RUN_START [292/820] id=GDD15_12 family=pb_pullback_depth window=IS run=gdda_is_gdd15_12_20260814232821_bad3af
2026-08-14T14:28:21+00:00 RUN_END [292/820] id=GDD15_12 window=IS status=UNVERIFIED decision=UNVERIFIED_EA_INPUT elapsed=0.001s
2026-08-14T14:28:21+00:00 RUN_START [293/820] id=GDD15_13 family=pb_pullback_depth window=IS run=gdda_is_gdd15_13_20260814232821_475a21
2026-08-14T14:28:21+00:00 RUN_END [293/820] id=GDD15_13 window=IS status=UNVERIFIED decision=UNVERIFIED_EA_INPUT elapsed=0.001s
2026-08-14T14:28:21+00:00 RUN_START [294/820] id=GDD15_14 family=pb_pullback_depth window=IS run=gdda_is_gdd15_14_20260814232821_bc65d2
2026-08-14T14:28:21+00:00 RUN_END [294/820] id=GDD15_14 window=IS status=UNVERIFIED decision=UNVERIFIED_EA_INPUT elapsed=0.001s
2026-08-14T14:28:21+00:00 RUN_START [295/820] id=GDD15_15 family=pb_pullback_depth window=IS run=gdda_is_gdd15_15_20260814232821_2c18d6
2026-08-14T14:28:21+00:00 RUN_END [295/820] id=GDD15_15 window=IS status=UNVERIFIED decision=UNVERIFIED_EA_INPUT elapsed=0.001s
2026-08-14T14:28:21+00:00 RUN_START [296/820] id=GDD15_16 family=pb_pullback_depth window=IS run=gdda_is_gdd15_16_20260814232821_966e78
2026-08-14T14:28:21+00:00 RUN_END [296/820] id=GDD15_16 window=IS status=UNVERIFIED decision=UNVERIFIED_EA_INPUT elapsed=0.001s
2026-08-14T14:28:21+00:00 RUN_START [297/820] id=GDD15_17 family=pb_pullback_depth window=IS run=gdda_is_gdd15_17_20260814232821_b77f61
2026-08-14T14:28:21+00:00 RUN_END [297/820] id=GDD15_17 window=IS status=UNVERIFIED decision=UNVERIFIED_EA_INPUT elapsed=0.001s
2026-08-14T14:28:21+00:00 RUN_START [298/820] id=GDD15_18 family=pb_pullback_depth window=IS run=gdda_is_gdd15_18_20260814232821_9b951b
2026-08-14T14:28:21+00:00 RUN_END [298/820] id=GDD15_18 window=IS status=UNVERIFIED decision=UNVERIFIED_EA_INPUT elapsed=0.001s
2026-08-14T14:28:21+00:00 RUN_START [299/820] id=GDD15_19 family=pb_pullback_depth window=IS run=gdda_is_gdd15_19_20260814232821_68da7a
2026-08-14T14:28:21+00:00 RUN_END [299/820] id=GDD15_19 window=IS status=UNVERIFIED decision=UNVERIFIED_EA_INPUT elapsed=0.001s
2026-08-14T14:28:21+00:00 RUN_START [300/820] id=GDD15_20 family=pb_pullback_depth window=IS run=gdda_is_gdd15_20_20260814232821_d90745
2026-08-14T14:28:22+00:00 RUN_END [300/820] id=GDD15_20 window=IS status=UNVERIFIED decision=UNVERIFIED_EA_INPUT elapsed=0.001s
2026-08-14T14:28:22+00:00 RUN_START [301/820] id=GDD16_01 family=pb_extension_cap window=IS run=gdda_is_gdd16_01_20260814232822_3db50b
2026-08-14T14:28:22+00:00 RUN_END [301/820] id=GDD16_01 window=IS status=UNVERIFIED decision=UNVERIFIED_EA_INPUT elapsed=0.001s
2026-08-14T14:28:22+00:00 RUN_START [302/820] id=GDD16_02 family=pb_extension_cap window=IS run=gdda_is_gdd16_02_20260814232822_af33ec
2026-08-14T14:28:22+00:00 RUN_END [302/820] id=GDD16_02 window=IS status=UNVERIFIED decision=UNVERIFIED_EA_INPUT elapsed=0.001s
2026-08-14T14:28:22+00:00 RUN_START [303/820] id=GDD16_03 family=pb_extension_cap window=IS run=gdda_is_gdd16_03_20260814232822_56bfbf
2026-08-14T14:28:22+00:00 RUN_END [303/820] id=GDD16_03 window=IS status=UNVERIFIED decision=UNVERIFIED_EA_INPUT elapsed=0.001s
2026-08-14T14:28:22+00:00 RUN_START [304/820] id=GDD16_04 family=pb_extension_cap window=IS run=gdda_is_gdd16_04_20260814232822_ccea18
2026-08-14T14:28:22+00:00 RUN_END [304/820] id=GDD16_04 window=IS status=UNVERIFIED decision=UNVERIFIED_EA_INPUT elapsed=0.001s
2026-08-14T14:28:22+00:00 RUN_START [305/820] id=GDD16_05 family=pb_extension_cap window=IS run=gdda_is_gdd16_05_20260814232822_036974
2026-08-14T14:28:22+00:00 RUN_END [305/820] id=GDD16_05 window=IS status=UNVERIFIED decision=UNVERIFIED_EA_INPUT elapsed=0.001s
2026-08-14T14:28:22+00:00 RUN_START [306/820] id=GDD16_06 family=pb_extension_cap window=IS run=gdda_is_gdd16_06_20260814232822_63c8dc
2026-08-14T14:28:22+00:00 RUN_END [306/820] id=GDD16_06 window=IS status=UNVERIFIED decision=UNVERIFIED_EA_INPUT elapsed=0.001s
2026-08-14T14:28:22+00:00 RUN_START [307/820] id=GDD16_07 family=pb_extension_cap window=IS run=gdda_is_gdd16_07_20260814232822_b0e28a
2026-08-14T14:28:22+00:00 RUN_END [307/820] id=GDD16_07 window=IS status=UNVERIFIED decision=UNVERIFIED_EA_INPUT elapsed=0.001s
2026-08-14T14:28:22+00:00 RUN_START [308/820] id=GDD16_08 family=pb_extension_cap window=IS run=gdda_is_gdd16_08_20260814232822_03dbbd
2026-08-14T14:28:22+00:00 RUN_END [308/820] id=GDD16_08 window=IS status=UNVERIFIED decision=UNVERIFIED_EA_INPUT elapsed=0.001s
2026-08-14T14:28:22+00:00 RUN_START [309/820] id=GDD16_09 family=pb_extension_cap window=IS run=gdda_is_gdd16_09_20260814232822_b41524
2026-08-14T14:28:22+00:00 RUN_END [309/820] id=GDD16_09 window=IS status=UNVERIFIED decision=UNVERIFIED_EA_INPUT elapsed=0.001s
2026-08-14T14:28:22+00:00 RUN_START [310/820] id=GDD16_10 family=pb_extension_cap window=IS run=gdda_is_gdd16_10_20260814232822_1b4908
2026-08-14T14:28:22+00:00 RUN_END [310/820] id=GDD16_10 window=IS status=UNVERIFIED decision=UNVERIFIED_EA_INPUT elapsed=0.001s
2026-08-14T14:28:22+00:00 RUN_START [311/820] id=GDD16_11 family=pb_extension_cap window=IS run=gdda_is_gdd16_11_20260814232822_3c2cf4
2026-08-14T14:28:22+00:00 RUN_END [311/820] id=GDD16_11 window=IS status=UNVERIFIED decision=UNVERIFIED_EA_INPUT elapsed=0.001s
2026-08-14T14:28:22+00:00 RUN_START [312/820] id=GDD16_12 family=pb_extension_cap window=IS run=gdda_is_gdd16_12_20260814232822_b79456
2026-08-14T14:28:22+00:00 RUN_END [312/820] id=GDD16_12 window=IS status=UNVERIFIED decision=UNVERIFIED_EA_INPUT elapsed=0.001s
2026-08-14T14:28:22+00:00 RUN_START [313/820] id=GDD16_13 family=pb_extension_cap window=IS run=gdda_is_gdd16_13_20260814232822_ddbb86
2026-08-14T14:28:22+00:00 RUN_END [313/820] id=GDD16_13 window=IS status=UNVERIFIED decision=UNVERIFIED_EA_INPUT elapsed=0.001s
2026-08-14T14:28:22+00:00 RUN_START [314/820] id=GDD16_14 family=pb_extension_cap window=IS run=gdda_is_gdd16_14_20260814232822_98f969
2026-08-14T14:28:22+00:00 RUN_END [314/820] id=GDD16_14 window=IS status=UNVERIFIED decision=UNVERIFIED_EA_INPUT elapsed=0.001s
2026-08-14T14:28:22+00:00 RUN_START [315/820] id=GDD16_15 family=pb_extension_cap window=IS run=gdda_is_gdd16_15_20260814232822_2f9bf5
2026-08-14T14:28:22+00:00 RUN_END [315/820] id=GDD16_15 window=IS status=UNVERIFIED decision=UNVERIFIED_EA_INPUT elapsed=0.001s
2026-08-14T14:28:22+00:00 RUN_START [316/820] id=GDD16_16 family=pb_extension_cap window=IS run=gdda_is_gdd16_16_20260814232822_2af519
2026-08-14T14:28:22+00:00 RUN_END [316/820] id=GDD16_16 window=IS status=UNVERIFIED decision=UNVERIFIED_EA_INPUT elapsed=0.001s
2026-08-14T14:28:22+00:00 RUN_START [317/820] id=GDD16_17 family=pb_extension_cap window=IS run=gdda_is_gdd16_17_20260814232822_71c929
2026-08-14T14:28:22+00:00 RUN_END [317/820] id=GDD16_17 window=IS status=UNVERIFIED decision=UNVERIFIED_EA_INPUT elapsed=0.001s
2026-08-14T14:28:22+00:00 RUN_START [318/820] id=GDD16_18 family=pb_extension_cap window=IS run=gdda_is_gdd16_18_20260814232822_127dae
2026-08-14T14:28:22+00:00 RUN_END [318/820] id=GDD16_18 window=IS status=UNVERIFIED decision=UNVERIFIED_EA_INPUT elapsed=0.001s
2026-08-14T14:28:22+00:00 RUN_START [319/820] id=GDD16_19 family=pb_extension_cap window=IS run=gdda_is_gdd16_19_20260814232822_a0c046
2026-08-14T14:28:22+00:00 RUN_END [319/820] id=GDD16_19 window=IS status=UNVERIFIED decision=UNVERIFIED_EA_INPUT elapsed=0.001s
2026-08-14T14:28:22+00:00 RUN_START [320/820] id=GDD16_20 family=pb_extension_cap window=IS run=gdda_is_gdd16_20_20260814232822_bc63da
2026-08-14T14:28:22+00:00 RUN_END [320/820] id=GDD16_20 window=IS status=UNVERIFIED decision=UNVERIFIED_EA_INPUT elapsed=0.001s
2026-08-14T14:28:22+00:00 RUN_START [321/820] id=GDD17_01 family=pb_higher_tf window=IS run=gdda_is_gdd17_01_20260814232822_64cbbc
2026-08-14T14:28:22+00:00 RUN_END [321/820] id=GDD17_01 window=IS status=UNVERIFIED decision=UNVERIFIED_EA_INPUT elapsed=0.001s
2026-08-14T14:28:22+00:00 RUN_START [322/820] id=GDD17_02 family=pb_higher_tf window=IS run=gdda_is_gdd17_02_20260814232822_0fdf89
2026-08-14T14:28:22+00:00 RUN_END [322/820] id=GDD17_02 window=IS status=UNVERIFIED decision=UNVERIFIED_EA_INPUT elapsed=0.001s
2026-08-14T14:28:22+00:00 RUN_START [323/820] id=GDD17_03 family=pb_higher_tf window=IS run=gdda_is_gdd17_03_20260814232822_86e890
2026-08-14T14:28:22+00:00 RUN_END [323/820] id=GDD17_03 window=IS status=UNVERIFIED decision=UNVERIFIED_EA_INPUT elapsed=0.001s
2026-08-14T14:28:22+00:00 RUN_START [324/820] id=GDD17_04 family=pb_higher_tf window=IS run=gdda_is_gdd17_04_20260814232822_037bb3
2026-08-14T14:28:22+00:00 RUN_END [324/820] id=GDD17_04 window=IS status=UNVERIFIED decision=UNVERIFIED_EA_INPUT elapsed=0.001s
2026-08-14T14:28:22+00:00 RUN_START [325/820] id=GDD17_05 family=pb_higher_tf window=IS run=gdda_is_gdd17_05_20260814232822_46cbf7
2026-08-14T14:28:22+00:00 RUN_END [325/820] id=GDD17_05 window=IS status=UNVERIFIED decision=UNVERIFIED_EA_INPUT elapsed=0.001s
2026-08-14T14:28:22+00:00 RUN_START [326/820] id=GDD17_06 family=pb_higher_tf window=IS run=gdda_is_gdd17_06_20260814232822_559fd7
2026-08-14T14:28:22+00:00 RUN_END [326/820] id=GDD17_06 window=IS status=UNVERIFIED decision=UNVERIFIED_EA_INPUT elapsed=0.001s
2026-08-14T14:28:22+00:00 RUN_START [327/820] id=GDD17_07 family=pb_higher_tf window=IS run=gdda_is_gdd17_07_20260814232822_2917d1
2026-08-14T14:28:22+00:00 RUN_END [327/820] id=GDD17_07 window=IS status=UNVERIFIED decision=UNVERIFIED_EA_INPUT elapsed=0.001s
2026-08-14T14:28:22+00:00 RUN_START [328/820] id=GDD17_08 family=pb_higher_tf window=IS run=gdda_is_gdd17_08_20260814232822_1025a6
2026-08-14T14:28:22+00:00 RUN_END [328/820] id=GDD17_08 window=IS status=UNVERIFIED decision=UNVERIFIED_EA_INPUT elapsed=0.001s
2026-08-14T14:28:22+00:00 RUN_START [329/820] id=GDD17_09 family=pb_higher_tf window=IS run=gdda_is_gdd17_09_20260814232822_e5c155
2026-08-14T14:28:22+00:00 RUN_END [329/820] id=GDD17_09 window=IS status=UNVERIFIED decision=UNVERIFIED_EA_INPUT elapsed=0.001s
2026-08-14T14:28:22+00:00 RUN_START [330/820] id=GDD17_10 family=pb_higher_tf window=IS run=gdda_is_gdd17_10_20260814232822_43f228
2026-08-14T14:28:22+00:00 RUN_END [330/820] id=GDD17_10 window=IS status=UNVERIFIED decision=UNVERIFIED_EA_INPUT elapsed=0.001s
2026-08-14T14:28:22+00:00 RUN_START [331/820] id=GDD17_11 family=pb_higher_tf window=IS run=gdda_is_gdd17_11_20260814232822_541259
2026-08-14T14:28:22+00:00 RUN_END [331/820] id=GDD17_11 window=IS status=UNVERIFIED decision=UNVERIFIED_EA_INPUT elapsed=0.001s
2026-08-14T14:28:22+00:00 RUN_START [332/820] id=GDD17_12 family=pb_higher_tf window=IS run=gdda_is_gdd17_12_20260814232822_833b0c
2026-08-14T14:28:22+00:00 RUN_END [332/820] id=GDD17_12 window=IS status=UNVERIFIED decision=UNVERIFIED_EA_INPUT elapsed=0.001s
2026-08-14T14:28:22+00:00 RUN_START [333/820] id=GDD17_13 family=pb_higher_tf window=IS run=gdda_is_gdd17_13_20260814232822_036af1
2026-08-14T14:28:22+00:00 RUN_END [333/820] id=GDD17_13 window=IS status=UNVERIFIED decision=UNVERIFIED_EA_INPUT elapsed=0.001s
2026-08-14T14:28:22+00:00 RUN_START [334/820] id=GDD17_14 family=pb_higher_tf window=IS run=gdda_is_gdd17_14_20260814232822_6bbe0c
2026-08-14T14:28:22+00:00 RUN_END [334/820] id=GDD17_14 window=IS status=UNVERIFIED decision=UNVERIFIED_EA_INPUT elapsed=0.001s
2026-08-14T14:28:22+00:00 RUN_START [335/820] id=GDD17_15 family=pb_higher_tf window=IS run=gdda_is_gdd17_15_20260814232822_e0cb8a
2026-08-14T14:28:22+00:00 RUN_END [335/820] id=GDD17_15 window=IS status=UNVERIFIED decision=UNVERIFIED_EA_INPUT elapsed=0.001s
2026-08-14T14:28:22+00:00 RUN_START [336/820] id=GDD17_16 family=pb_higher_tf window=IS run=gdda_is_gdd17_16_20260814232822_9575f5
2026-08-14T14:28:22+00:00 RUN_END [336/820] id=GDD17_16 window=IS status=UNVERIFIED decision=UNVERIFIED_EA_INPUT elapsed=0.001s
2026-08-14T14:28:22+00:00 RUN_START [337/820] id=GDD17_17 family=pb_higher_tf window=IS run=gdda_is_gdd17_17_20260814232822_498d57
2026-08-14T14:28:22+00:00 RUN_END [337/820] id=GDD17_17 window=IS status=UNVERIFIED decision=UNVERIFIED_EA_INPUT elapsed=0.001s
2026-08-14T14:28:22+00:00 RUN_START [338/820] id=GDD17_18 family=pb_higher_tf window=IS run=gdda_is_gdd17_18_20260814232822_42e087
2026-08-14T14:28:22+00:00 RUN_END [338/820] id=GDD17_18 window=IS status=UNVERIFIED decision=UNVERIFIED_EA_INPUT elapsed=0.001s
2026-08-14T14:28:22+00:00 RUN_START [339/820] id=GDD17_19 family=pb_higher_tf window=IS run=gdda_is_gdd17_19_20260814232822_d45b1b
2026-08-14T14:28:22+00:00 RUN_END [339/820] id=GDD17_19 window=IS status=UNVERIFIED decision=UNVERIFIED_EA_INPUT elapsed=0.001s
2026-08-14T14:28:22+00:00 RUN_START [340/820] id=GDD17_20 family=pb_higher_tf window=IS run=gdda_is_gdd17_20_20260814232822_4d7b48
2026-08-14T14:28:22+00:00 RUN_END [340/820] id=GDD17_20 window=IS status=UNVERIFIED decision=UNVERIFIED_EA_INPUT elapsed=0.001s
2026-08-14T14:28:22+00:00 RUN_START [341/820] id=GDD18_01 family=pb_hold_limit window=IS run=gdda_is_gdd18_01_20260814232822_8be580
2026-08-14T14:28:22+00:00 RUN_END [341/820] id=GDD18_01 window=IS status=UNVERIFIED decision=UNVERIFIED_EA_INPUT elapsed=0.001s
2026-08-14T14:28:22+00:00 RUN_START [342/820] id=GDD18_02 family=pb_hold_limit window=IS run=gdda_is_gdd18_02_20260814232822_066a12
2026-08-14T14:28:22+00:00 RUN_END [342/820] id=GDD18_02 window=IS status=UNVERIFIED decision=UNVERIFIED_EA_INPUT elapsed=0.001s
2026-08-14T14:28:22+00:00 RUN_START [343/820] id=GDD18_03 family=pb_hold_limit window=IS run=gdda_is_gdd18_03_20260814232822_dded48
2026-08-14T14:28:22+00:00 RUN_END [343/820] id=GDD18_03 window=IS status=UNVERIFIED decision=UNVERIFIED_EA_INPUT elapsed=0.001s
2026-08-14T14:28:22+00:00 RUN_START [344/820] id=GDD18_04 family=pb_hold_limit window=IS run=gdda_is_gdd18_04_20260814232822_cfb155
2026-08-14T14:28:22+00:00 RUN_END [344/820] id=GDD18_04 window=IS status=UNVERIFIED decision=UNVERIFIED_EA_INPUT elapsed=0.001s
2026-08-14T14:28:22+00:00 RUN_START [345/820] id=GDD18_05 family=pb_hold_limit window=IS run=gdda_is_gdd18_05_20260814232822_a17ce0
2026-08-14T14:28:22+00:00 RUN_END [345/820] id=GDD18_05 window=IS status=UNVERIFIED decision=UNVERIFIED_EA_INPUT elapsed=0.001s
2026-08-14T14:28:22+00:00 RUN_START [346/820] id=GDD18_06 family=pb_hold_limit window=IS run=gdda_is_gdd18_06_20260814232822_6bf241
2026-08-14T14:28:22+00:00 RUN_END [346/820] id=GDD18_06 window=IS status=UNVERIFIED decision=UNVERIFIED_EA_INPUT elapsed=0.001s
2026-08-14T14:28:22+00:00 RUN_START [347/820] id=GDD18_07 family=pb_hold_limit window=IS run=gdda_is_gdd18_07_20260814232822_92cea8
2026-08-14T14:28:22+00:00 RUN_END [347/820] id=GDD18_07 window=IS status=UNVERIFIED decision=UNVERIFIED_EA_INPUT elapsed=0.001s
2026-08-14T14:28:22+00:00 RUN_START [348/820] id=GDD18_08 family=pb_hold_limit window=IS run=gdda_is_gdd18_08_20260814232822_ea7118
2026-08-14T14:28:22+00:00 RUN_END [348/820] id=GDD18_08 window=IS status=UNVERIFIED decision=UNVERIFIED_EA_INPUT elapsed=0.001s
2026-08-14T14:28:22+00:00 RUN_START [349/820] id=GDD18_09 family=pb_hold_limit window=IS run=gdda_is_gdd18_09_20260814232822_6e1745
2026-08-14T14:28:22+00:00 RUN_END [349/820] id=GDD18_09 window=IS status=UNVERIFIED decision=UNVERIFIED_EA_INPUT elapsed=0.001s
2026-08-14T14:28:22+00:00 RUN_START [350/820] id=GDD18_10 family=pb_hold_limit window=IS run=gdda_is_gdd18_10_20260814232822_ad263b
2026-08-14T14:28:22+00:00 RUN_END [350/820] id=GDD18_10 window=IS status=UNVERIFIED decision=UNVERIFIED_EA_INPUT elapsed=0.001s
2026-08-14T14:28:22+00:00 RUN_START [351/820] id=GDD18_11 family=pb_hold_limit window=IS run=gdda_is_gdd18_11_20260814232822_1152ed
2026-08-14T14:28:22+00:00 RUN_END [351/820] id=GDD18_11 window=IS status=UNVERIFIED decision=UNVERIFIED_EA_INPUT elapsed=0.001s
2026-08-14T14:28:22+00:00 RUN_START [352/820] id=GDD18_12 family=pb_hold_limit window=IS run=gdda_is_gdd18_12_20260814232822_abe08c
2026-08-14T14:28:22+00:00 RUN_END [352/820] id=GDD18_12 window=IS status=UNVERIFIED decision=UNVERIFIED_EA_INPUT elapsed=0.001s
2026-08-14T14:28:22+00:00 RUN_START [353/820] id=GDD18_13 family=pb_hold_limit window=IS run=gdda_is_gdd18_13_20260814232822_addf46
2026-08-14T14:28:22+00:00 RUN_END [353/820] id=GDD18_13 window=IS status=UNVERIFIED decision=UNVERIFIED_EA_INPUT elapsed=0.001s
2026-08-14T14:28:22+00:00 RUN_START [354/820] id=GDD18_14 family=pb_hold_limit window=IS run=gdda_is_gdd18_14_20260814232822_7b3c5b
2026-08-14T14:28:22+00:00 RUN_END [354/820] id=GDD18_14 window=IS status=UNVERIFIED decision=UNVERIFIED_EA_INPUT elapsed=0.001s
2026-08-14T14:28:22+00:00 RUN_START [355/820] id=GDD18_15 family=pb_hold_limit window=IS run=gdda_is_gdd18_15_20260814232822_5b1dd7
2026-08-14T14:28:22+00:00 RUN_END [355/820] id=GDD18_15 window=IS status=UNVERIFIED decision=UNVERIFIED_EA_INPUT elapsed=0.001s
2026-08-14T14:28:22+00:00 RUN_START [356/820] id=GDD18_16 family=pb_hold_limit window=IS run=gdda_is_gdd18_16_20260814232822_807d75
2026-08-14T14:28:22+00:00 RUN_END [356/820] id=GDD18_16 window=IS status=UNVERIFIED decision=UNVERIFIED_EA_INPUT elapsed=0.001s
2026-08-14T14:28:22+00:00 RUN_START [357/820] id=GDD18_17 family=pb_hold_limit window=IS run=gdda_is_gdd18_17_20260814232822_31827c
2026-08-14T14:28:22+00:00 RUN_END [357/820] id=GDD18_17 window=IS status=UNVERIFIED decision=UNVERIFIED_EA_INPUT elapsed=0.001s
2026-08-14T14:28:22+00:00 RUN_START [358/820] id=GDD18_18 family=pb_hold_limit window=IS run=gdda_is_gdd18_18_20260814232822_e244ad
2026-08-14T14:28:22+00:00 RUN_END [358/820] id=GDD18_18 window=IS status=UNVERIFIED decision=UNVERIFIED_EA_INPUT elapsed=0.001s
2026-08-14T14:28:22+00:00 RUN_START [359/820] id=GDD18_19 family=pb_hold_limit window=IS run=gdda_is_gdd18_19_20260814232822_85e085
2026-08-14T14:28:22+00:00 RUN_END [359/820] id=GDD18_19 window=IS status=UNVERIFIED decision=UNVERIFIED_EA_INPUT elapsed=0.001s
2026-08-14T14:28:22+00:00 RUN_START [360/820] id=GDD18_20 family=pb_hold_limit window=IS run=gdda_is_gdd18_20_20260814232822_85e6a8
2026-08-14T14:28:22+00:00 RUN_END [360/820] id=GDD18_20 window=IS status=UNVERIFIED decision=UNVERIFIED_EA_INPUT elapsed=0.001s
2026-08-14T14:28:22+00:00 RUN_START [361/820] id=GDD19_01 family=pb_breakeven window=IS run=gdda_is_gdd19_01_20260814232822_9d35ed
2026-08-14T14:28:22+00:00 RUN_END [361/820] id=GDD19_01 window=IS status=UNVERIFIED decision=UNVERIFIED_EA_INPUT elapsed=0.001s
2026-08-14T14:28:22+00:00 RUN_START [362/820] id=GDD19_02 family=pb_breakeven window=IS run=gdda_is_gdd19_02_20260814232822_0b493f
2026-08-14T14:28:22+00:00 RUN_END [362/820] id=GDD19_02 window=IS status=UNVERIFIED decision=UNVERIFIED_EA_INPUT elapsed=0.001s
2026-08-14T14:28:22+00:00 RUN_START [363/820] id=GDD19_03 family=pb_breakeven window=IS run=gdda_is_gdd19_03_20260814232822_e58c18
2026-08-14T14:28:22+00:00 RUN_END [363/820] id=GDD19_03 window=IS status=UNVERIFIED decision=UNVERIFIED_EA_INPUT elapsed=0.001s
2026-08-14T14:28:22+00:00 RUN_START [364/820] id=GDD19_04 family=pb_breakeven window=IS run=gdda_is_gdd19_04_20260814232822_8a4894
2026-08-14T14:28:22+00:00 RUN_END [364/820] id=GDD19_04 window=IS status=UNVERIFIED decision=UNVERIFIED_EA_INPUT elapsed=0.001s
2026-08-14T14:28:22+00:00 RUN_START [365/820] id=GDD19_05 family=pb_breakeven window=IS run=gdda_is_gdd19_05_20260814232822_c6ff30
2026-08-14T14:28:22+00:00 RUN_END [365/820] id=GDD19_05 window=IS status=UNVERIFIED decision=UNVERIFIED_EA_INPUT elapsed=0.001s
2026-08-14T14:28:22+00:00 RUN_START [366/820] id=GDD19_06 family=pb_breakeven window=IS run=gdda_is_gdd19_06_20260814232822_39a398
2026-08-14T14:28:22+00:00 RUN_END [366/820] id=GDD19_06 window=IS status=UNVERIFIED decision=UNVERIFIED_EA_INPUT elapsed=0.001s
2026-08-14T14:28:22+00:00 RUN_START [367/820] id=GDD19_07 family=pb_breakeven window=IS run=gdda_is_gdd19_07_20260814232822_ecab5a
2026-08-14T14:28:22+00:00 RUN_END [367/820] id=GDD19_07 window=IS status=UNVERIFIED decision=UNVERIFIED_EA_INPUT elapsed=0.001s
2026-08-14T14:28:22+00:00 RUN_START [368/820] id=GDD19_08 family=pb_breakeven window=IS run=gdda_is_gdd19_08_20260814232822_4b4673
2026-08-14T14:28:22+00:00 RUN_END [368/820] id=GDD19_08 window=IS status=UNVERIFIED decision=UNVERIFIED_EA_INPUT elapsed=0.001s
2026-08-14T14:28:22+00:00 RUN_START [369/820] id=GDD19_09 family=pb_breakeven window=IS run=gdda_is_gdd19_09_20260814232822_05ad9e
2026-08-14T14:28:22+00:00 RUN_END [369/820] id=GDD19_09 window=IS status=UNVERIFIED decision=UNVERIFIED_EA_INPUT elapsed=0.001s
2026-08-14T14:28:22+00:00 RUN_START [370/820] id=GDD19_10 family=pb_breakeven window=IS run=gdda_is_gdd19_10_20260814232822_fb62dd
2026-08-14T14:28:22+00:00 RUN_END [370/820] id=GDD19_10 window=IS status=UNVERIFIED decision=UNVERIFIED_EA_INPUT elapsed=0.001s
2026-08-14T14:28:22+00:00 RUN_START [371/820] id=GDD19_11 family=pb_breakeven window=IS run=gdda_is_gdd19_11_20260814232822_4d9c44
2026-08-14T14:28:22+00:00 RUN_END [371/820] id=GDD19_11 window=IS status=UNVERIFIED decision=UNVERIFIED_EA_INPUT elapsed=0.001s
2026-08-14T14:28:22+00:00 RUN_START [372/820] id=GDD19_12 family=pb_breakeven window=IS run=gdda_is_gdd19_12_20260814232822_80c92c
2026-08-14T14:28:22+00:00 RUN_END [372/820] id=GDD19_12 window=IS status=UNVERIFIED decision=UNVERIFIED_EA_INPUT elapsed=0.001s
2026-08-14T14:28:22+00:00 RUN_START [373/820] id=GDD19_13 family=pb_breakeven window=IS run=gdda_is_gdd19_13_20260814232822_174bda
2026-08-14T14:28:22+00:00 RUN_END [373/820] id=GDD19_13 window=IS status=UNVERIFIED decision=UNVERIFIED_EA_INPUT elapsed=0.001s
2026-08-14T14:28:22+00:00 RUN_START [374/820] id=GDD19_14 family=pb_breakeven window=IS run=gdda_is_gdd19_14_20260814232822_8e31c8
2026-08-14T14:28:22+00:00 RUN_END [374/820] id=GDD19_14 window=IS status=UNVERIFIED decision=UNVERIFIED_EA_INPUT elapsed=0.001s
2026-08-14T14:28:22+00:00 RUN_START [375/820] id=GDD19_15 family=pb_breakeven window=IS run=gdda_is_gdd19_15_20260814232822_a44be0
2026-08-14T14:28:22+00:00 RUN_END [375/820] id=GDD19_15 window=IS status=UNVERIFIED decision=UNVERIFIED_EA_INPUT elapsed=0.001s
2026-08-14T14:28:22+00:00 RUN_START [376/820] id=GDD19_16 family=pb_breakeven window=IS run=gdda_is_gdd19_16_20260814232822_2cccc3
2026-08-14T14:28:22+00:00 RUN_END [376/820] id=GDD19_16 window=IS status=UNVERIFIED decision=UNVERIFIED_EA_INPUT elapsed=0.001s
2026-08-14T14:28:22+00:00 RUN_START [377/820] id=GDD19_17 family=pb_breakeven window=IS run=gdda_is_gdd19_17_20260814232822_903d26
2026-08-14T14:28:22+00:00 RUN_END [377/820] id=GDD19_17 window=IS status=UNVERIFIED decision=UNVERIFIED_EA_INPUT elapsed=0.001s
2026-08-14T14:28:22+00:00 RUN_START [378/820] id=GDD19_18 family=pb_breakeven window=IS run=gdda_is_gdd19_18_20260814232822_d2c904
2026-08-14T14:28:22+00:00 RUN_END [378/820] id=GDD19_18 window=IS status=UNVERIFIED decision=UNVERIFIED_EA_INPUT elapsed=0.001s
2026-08-14T14:28:22+00:00 RUN_START [379/820] id=GDD19_19 family=pb_breakeven window=IS run=gdda_is_gdd19_19_20260814232822_e79c3c
2026-08-14T14:28:22+00:00 RUN_END [379/820] id=GDD19_19 window=IS status=UNVERIFIED decision=UNVERIFIED_EA_INPUT elapsed=0.001s
2026-08-14T14:28:22+00:00 RUN_START [380/820] id=GDD19_20 family=pb_breakeven window=IS run=gdda_is_gdd19_20_20260814232822_8b3001
2026-08-14T14:28:22+00:00 RUN_END [380/820] id=GDD19_20 window=IS status=UNVERIFIED decision=UNVERIFIED_EA_INPUT elapsed=0.001s
2026-08-14T14:28:22+00:00 RUN_START [381/820] id=GDD20_01 family=pb_trailing window=IS run=gdda_is_gdd20_01_20260814232822_844273
2026-08-14T14:28:22+00:00 RUN_END [381/820] id=GDD20_01 window=IS status=UNVERIFIED decision=UNVERIFIED_EA_INPUT elapsed=0.001s
2026-08-14T14:28:22+00:00 RUN_START [382/820] id=GDD20_02 family=pb_trailing window=IS run=gdda_is_gdd20_02_20260814232822_6f09ca
2026-08-14T14:28:22+00:00 RUN_END [382/820] id=GDD20_02 window=IS status=UNVERIFIED decision=UNVERIFIED_EA_INPUT elapsed=0.001s
2026-08-14T14:28:22+00:00 RUN_START [383/820] id=GDD20_03 family=pb_trailing window=IS run=gdda_is_gdd20_03_20260814232822_af3945
2026-08-14T14:28:22+00:00 RUN_END [383/820] id=GDD20_03 window=IS status=UNVERIFIED decision=UNVERIFIED_EA_INPUT elapsed=0.001s
2026-08-14T14:28:22+00:00 RUN_START [384/820] id=GDD20_04 family=pb_trailing window=IS run=gdda_is_gdd20_04_20260814232822_7d65a6
2026-08-14T14:28:23+00:00 RUN_END [384/820] id=GDD20_04 window=IS status=UNVERIFIED decision=UNVERIFIED_EA_INPUT elapsed=0.001s
2026-08-14T14:28:23+00:00 RUN_START [385/820] id=GDD20_05 family=pb_trailing window=IS run=gdda_is_gdd20_05_20260814232823_6928b4
2026-08-14T14:28:23+00:00 RUN_END [385/820] id=GDD20_05 window=IS status=UNVERIFIED decision=UNVERIFIED_EA_INPUT elapsed=0.001s
2026-08-14T14:28:23+00:00 RUN_START [386/820] id=GDD20_06 family=pb_trailing window=IS run=gdda_is_gdd20_06_20260814232823_5a8917
2026-08-14T14:28:23+00:00 RUN_END [386/820] id=GDD20_06 window=IS status=UNVERIFIED decision=UNVERIFIED_EA_INPUT elapsed=0.001s
2026-08-14T14:28:23+00:00 RUN_START [387/820] id=GDD20_07 family=pb_trailing window=IS run=gdda_is_gdd20_07_20260814232823_cc9a80
2026-08-14T14:28:23+00:00 RUN_END [387/820] id=GDD20_07 window=IS status=UNVERIFIED decision=UNVERIFIED_EA_INPUT elapsed=0.001s
2026-08-14T14:28:23+00:00 RUN_START [388/820] id=GDD20_08 family=pb_trailing window=IS run=gdda_is_gdd20_08_20260814232823_98bc10
2026-08-14T14:28:23+00:00 RUN_END [388/820] id=GDD20_08 window=IS status=UNVERIFIED decision=UNVERIFIED_EA_INPUT elapsed=0.001s
2026-08-14T14:28:23+00:00 RUN_START [389/820] id=GDD20_09 family=pb_trailing window=IS run=gdda_is_gdd20_09_20260814232823_338a50
2026-08-14T14:28:23+00:00 RUN_END [389/820] id=GDD20_09 window=IS status=UNVERIFIED decision=UNVERIFIED_EA_INPUT elapsed=0.001s
2026-08-14T14:28:23+00:00 RUN_START [390/820] id=GDD20_10 family=pb_trailing window=IS run=gdda_is_gdd20_10_20260814232823_7449c5
2026-08-14T14:28:23+00:00 RUN_END [390/820] id=GDD20_10 window=IS status=UNVERIFIED decision=UNVERIFIED_EA_INPUT elapsed=0.001s
2026-08-14T14:28:23+00:00 RUN_START [391/820] id=GDD20_11 family=pb_trailing window=IS run=gdda_is_gdd20_11_20260814232823_b52738
2026-08-14T14:28:23+00:00 RUN_END [391/820] id=GDD20_11 window=IS status=UNVERIFIED decision=UNVERIFIED_EA_INPUT elapsed=0.001s
2026-08-14T14:28:23+00:00 RUN_START [392/820] id=GDD20_12 family=pb_trailing window=IS run=gdda_is_gdd20_12_20260814232823_a1c2bc
2026-08-14T14:28:23+00:00 RUN_END [392/820] id=GDD20_12 window=IS status=UNVERIFIED decision=UNVERIFIED_EA_INPUT elapsed=0.001s
2026-08-14T14:28:23+00:00 RUN_START [393/820] id=GDD20_13 family=pb_trailing window=IS run=gdda_is_gdd20_13_20260814232823_a84593
2026-08-14T14:28:23+00:00 RUN_END [393/820] id=GDD20_13 window=IS status=UNVERIFIED decision=UNVERIFIED_EA_INPUT elapsed=0.001s
2026-08-14T14:28:23+00:00 RUN_START [394/820] id=GDD20_14 family=pb_trailing window=IS run=gdda_is_gdd20_14_20260814232823_de7011
2026-08-14T14:28:23+00:00 RUN_END [394/820] id=GDD20_14 window=IS status=UNVERIFIED decision=UNVERIFIED_EA_INPUT elapsed=0.001s
2026-08-14T14:28:23+00:00 RUN_START [395/820] id=GDD20_15 family=pb_trailing window=IS run=gdda_is_gdd20_15_20260814232823_fc4cf3
2026-08-14T14:28:23+00:00 RUN_END [395/820] id=GDD20_15 window=IS status=UNVERIFIED decision=UNVERIFIED_EA_INPUT elapsed=0.001s
2026-08-14T14:28:23+00:00 RUN_START [396/820] id=GDD20_16 family=pb_trailing window=IS run=gdda_is_gdd20_16_20260814232823_1a7911
2026-08-14T14:28:23+00:00 RUN_END [396/820] id=GDD20_16 window=IS status=UNVERIFIED decision=UNVERIFIED_EA_INPUT elapsed=0.001s
2026-08-14T14:28:23+00:00 RUN_START [397/820] id=GDD20_17 family=pb_trailing window=IS run=gdda_is_gdd20_17_20260814232823_28eac4
2026-08-14T14:28:23+00:00 RUN_END [397/820] id=GDD20_17 window=IS status=UNVERIFIED decision=UNVERIFIED_EA_INPUT elapsed=0.001s
2026-08-14T14:28:23+00:00 RUN_START [398/820] id=GDD20_18 family=pb_trailing window=IS run=gdda_is_gdd20_18_20260814232823_caeefe
2026-08-14T14:28:23+00:00 RUN_END [398/820] id=GDD20_18 window=IS status=UNVERIFIED decision=UNVERIFIED_EA_INPUT elapsed=0.001s
2026-08-14T14:28:23+00:00 RUN_START [399/820] id=GDD20_19 family=pb_trailing window=IS run=gdda_is_gdd20_19_20260814232823_3329bb
2026-08-14T14:28:23+00:00 RUN_END [399/820] id=GDD20_19 window=IS status=UNVERIFIED decision=UNVERIFIED_EA_INPUT elapsed=0.001s
2026-08-14T14:28:23+00:00 RUN_START [400/820] id=GDD20_20 family=pb_trailing window=IS run=gdda_is_gdd20_20_20260814232823_062637
2026-08-14T14:28:23+00:00 RUN_END [400/820] id=GDD20_20 window=IS status=UNVERIFIED decision=UNVERIFIED_EA_INPUT elapsed=0.001s
2026-08-14T14:28:23+00:00 RUN_START [401/820] id=GDD21_01 family=sca_min_range window=IS run=gdda_is_gdd21_01_20260814232823_82a81a
2026-08-14T14:28:23+00:00 WAIT_TERMINAL elapsed=0s processes=metatester64.exe
2026-08-14T14:29:24+00:00 WAIT_TERMINAL elapsed=62s processes=metatester64.exe
2026-08-14T14:30:26+00:00 WAIT_TERMINAL elapsed=123s processes=metatester64.exe
2026-08-14T14:31:27+00:00 WAIT_TERMINAL elapsed=184s processes=metatester64.exe
2026-08-14T14:32:28+00:00 WAIT_TERMINAL elapsed=246s processes=metatester64.exe
2026-08-14T14:33:30+00:00 KILL_ORPHAN_TESTER elapsed=307s metatester64.exe
2026-08-14T14:34:48+00:00 RUN_END [401/820] id=GDD21_01 window=IS status=OK decision=IS_REJECT elapsed=385.060s
2026-08-14T14:34:48+00:00 GATE_SKIP [401/820] id=GDD21_01 window=OOS reason=IS_NOT_SURVIVOR
2026-08-14T14:34:48+00:00 GATE_SKIP [401/820] id=GDD21_01 window=XM5 reason=OOS_NOT_PROMISING
2026-08-14T14:34:48+00:00 RUN_START [402/820] id=GDD21_02 family=sca_min_range window=IS run=gdda_is_gdd21_02_20260814233448_6cdc4b
2026-08-14T14:35:51+00:00 RUN_END [402/820] id=GDD21_02 window=IS status=OK decision=IS_REJECT elapsed=62.974s
2026-08-14T14:35:51+00:00 GATE_SKIP [402/820] id=GDD21_02 window=OOS reason=IS_NOT_SURVIVOR
2026-08-14T14:35:51+00:00 GATE_SKIP [402/820] id=GDD21_02 window=XM5 reason=OOS_NOT_PROMISING
2026-08-14T14:35:51+00:00 RUN_START [403/820] id=GDD21_03 family=sca_min_range window=IS run=gdda_is_gdd21_03_20260814233551_491e12
2026-08-14T14:36:54+00:00 RUN_END [403/820] id=GDD21_03 window=IS status=OK decision=IS_REJECT elapsed=62.909s
2026-08-14T14:36:54+00:00 GATE_SKIP [403/820] id=GDD21_03 window=OOS reason=IS_NOT_SURVIVOR
2026-08-14T14:36:54+00:00 GATE_SKIP [403/820] id=GDD21_03 window=XM5 reason=OOS_NOT_PROMISING
2026-08-14T14:36:54+00:00 RUN_START [404/820] id=GDD21_04 family=sca_min_range window=IS run=gdda_is_gdd21_04_20260814233654_5c5bbd
2026-08-14T14:37:57+00:00 RUN_END [404/820] id=GDD21_04 window=IS status=OK decision=IS_REJECT elapsed=62.902s
2026-08-14T14:37:57+00:00 GATE_SKIP [404/820] id=GDD21_04 window=OOS reason=IS_NOT_SURVIVOR
2026-08-14T14:37:57+00:00 GATE_SKIP [404/820] id=GDD21_04 window=XM5 reason=OOS_NOT_PROMISING
2026-08-14T14:37:57+00:00 RUN_START [405/820] id=GDD21_05 family=sca_min_range window=IS run=gdda_is_gdd21_05_20260814233757_1994d4
2026-08-14T14:39:00+00:00 RUN_END [405/820] id=GDD21_05 window=IS status=OK decision=IS_REJECT elapsed=62.919s
2026-08-14T14:39:00+00:00 GATE_SKIP [405/820] id=GDD21_05 window=OOS reason=IS_NOT_SURVIVOR
2026-08-14T14:39:00+00:00 GATE_SKIP [405/820] id=GDD21_05 window=XM5 reason=OOS_NOT_PROMISING
2026-08-14T14:39:00+00:00 RUN_START [406/820] id=GDD21_06 family=sca_min_range window=IS run=gdda_is_gdd21_06_20260814233900_192acc
2026-08-14T14:40:03+00:00 RUN_END [406/820] id=GDD21_06 window=IS status=OK decision=IS_REJECT elapsed=62.926s
2026-08-14T14:40:03+00:00 GATE_SKIP [406/820] id=GDD21_06 window=OOS reason=IS_NOT_SURVIVOR
2026-08-14T14:40:03+00:00 GATE_SKIP [406/820] id=GDD21_06 window=XM5 reason=OOS_NOT_PROMISING
2026-08-14T14:40:03+00:00 RUN_START [407/820] id=GDD21_07 family=sca_min_range window=IS run=gdda_is_gdd21_07_20260814234003_d2f880
2026-08-14T14:41:06+00:00 RUN_END [407/820] id=GDD21_07 window=IS status=OK decision=IS_REJECT elapsed=62.909s
2026-08-14T14:41:06+00:00 GATE_SKIP [407/820] id=GDD21_07 window=OOS reason=IS_NOT_SURVIVOR
2026-08-14T14:41:06+00:00 GATE_SKIP [407/820] id=GDD21_07 window=XM5 reason=OOS_NOT_PROMISING
2026-08-14T14:41:06+00:00 RUN_START [408/820] id=GDD21_08 family=sca_min_range window=IS run=gdda_is_gdd21_08_20260814234106_09f5b5
2026-08-14T14:42:08+00:00 RUN_END [408/820] id=GDD21_08 window=IS status=OK decision=IS_REJECT elapsed=62.873s
2026-08-14T14:42:08+00:00 GATE_SKIP [408/820] id=GDD21_08 window=OOS reason=IS_NOT_SURVIVOR
2026-08-14T14:42:08+00:00 GATE_SKIP [408/820] id=GDD21_08 window=XM5 reason=OOS_NOT_PROMISING
2026-08-14T14:42:08+00:00 RUN_START [409/820] id=GDD21_09 family=sca_min_range window=IS run=gdda_is_gdd21_09_20260814234208_a09c3d
2026-08-14T14:43:11+00:00 RUN_END [409/820] id=GDD21_09 window=IS status=OK decision=IS_SURVIVOR_DD elapsed=62.880s
2026-08-14T14:43:11+00:00 RUN_START [409/820] id=GDD21_09 family=sca_min_range window=OOS run=gdda_oos_gdd21_09_20260814234311_f07c6e
2026-08-14T14:43:54+00:00 RUN_END [409/820] id=GDD21_09 window=OOS status=OK decision=OOS_REJECT elapsed=42.859s
2026-08-14T14:43:54+00:00 GATE_SKIP [409/820] id=GDD21_09 window=XM5 reason=OOS_NOT_PROMISING
2026-08-14T14:43:54+00:00 RUN_START [410/820] id=GDD21_10 family=sca_min_range window=IS run=gdda_is_gdd21_10_20260814234354_d3d1e4
2026-08-14T14:44:52+00:00 RUN_END [410/820] id=GDD21_10 window=IS status=OK decision=IS_SURVIVOR_DD elapsed=57.911s
2026-08-14T14:44:52+00:00 RUN_START [410/820] id=GDD21_10 family=sca_min_range window=OOS run=gdda_oos_gdd21_10_20260814234452_8671d0
2026-08-14T14:45:35+00:00 RUN_END [410/820] id=GDD21_10 window=OOS status=OK decision=OOS_REJECT elapsed=42.935s
2026-08-14T14:45:35+00:00 GATE_SKIP [410/820] id=GDD21_10 window=XM5 reason=OOS_NOT_PROMISING
2026-08-14T14:45:35+00:00 RUN_START [411/820] id=GDD21_11 family=sca_min_range window=IS run=gdda_is_gdd21_11_20260814234535_448534
2026-08-14T14:46:33+00:00 RUN_END [411/820] id=GDD21_11 window=IS status=OK decision=IS_SURVIVOR_DD elapsed=57.901s
2026-08-14T14:46:33+00:00 RUN_START [411/820] id=GDD21_11 family=sca_min_range window=OOS run=gdda_oos_gdd21_11_20260814234633_06a680
2026-08-14T14:47:16+00:00 RUN_END [411/820] id=GDD21_11 window=OOS status=OK decision=OOS_REJECT elapsed=42.908s
2026-08-14T14:47:16+00:00 GATE_SKIP [411/820] id=GDD21_11 window=XM5 reason=OOS_NOT_PROMISING
2026-08-14T14:47:16+00:00 RUN_START [412/820] id=GDD21_12 family=sca_min_range window=IS run=gdda_is_gdd21_12_20260814234716_9c80af
2026-08-14T14:48:19+00:00 RUN_END [412/820] id=GDD21_12 window=IS status=OK decision=IS_SURVIVOR_TRADEOFF elapsed=62.875s
2026-08-14T14:48:19+00:00 RUN_START [412/820] id=GDD21_12 family=sca_min_range window=OOS run=gdda_oos_gdd21_12_20260814234819_9c7684
2026-08-14T14:49:02+00:00 RUN_END [412/820] id=GDD21_12 window=OOS status=OK decision=OOS_REJECT elapsed=42.904s
2026-08-14T14:49:02+00:00 GATE_SKIP [412/820] id=GDD21_12 window=XM5 reason=OOS_NOT_PROMISING
2026-08-14T14:49:02+00:00 RUN_START [413/820] id=GDD21_13 family=sca_min_range window=IS run=gdda_is_gdd21_13_20260814234902_ebd2d3
2026-08-14T14:50:05+00:00 RUN_END [413/820] id=GDD21_13 window=IS status=OK decision=IS_REJECT elapsed=62.863s
2026-08-14T14:50:05+00:00 GATE_SKIP [413/820] id=GDD21_13 window=OOS reason=IS_NOT_SURVIVOR
2026-08-14T14:50:05+00:00 GATE_SKIP [413/820] id=GDD21_13 window=XM5 reason=OOS_NOT_PROMISING
2026-08-14T14:50:05+00:00 RUN_START [414/820] id=GDD21_14 family=sca_min_range window=IS run=gdda_is_gdd21_14_20260814235005_754275
2026-08-14T14:51:03+00:00 RUN_END [414/820] id=GDD21_14 window=IS status=OK decision=IS_REJECT elapsed=57.883s
2026-08-14T14:51:03+00:00 GATE_SKIP [414/820] id=GDD21_14 window=OOS reason=IS_NOT_SURVIVOR
2026-08-14T14:51:03+00:00 GATE_SKIP [414/820] id=GDD21_14 window=XM5 reason=OOS_NOT_PROMISING
2026-08-14T14:51:03+00:00 RUN_START [415/820] id=GDD21_15 family=sca_min_range window=IS run=gdda_is_gdd21_15_20260814235103_476ef5
2026-08-14T14:52:01+00:00 RUN_END [415/820] id=GDD21_15 window=IS status=OK decision=IS_SURVIVOR_TRADEOFF elapsed=57.939s
2026-08-14T14:52:01+00:00 RUN_START [415/820] id=GDD21_15 family=sca_min_range window=OOS run=gdda_oos_gdd21_15_20260814235201_c179a7
2026-08-14T14:52:44+00:00 RUN_END [415/820] id=GDD21_15 window=OOS status=OK decision=OOS_REJECT elapsed=42.861s
2026-08-14T14:52:44+00:00 GATE_SKIP [415/820] id=GDD21_15 window=XM5 reason=OOS_NOT_PROMISING
2026-08-14T14:52:44+00:00 RUN_START [416/820] id=GDD21_16 family=sca_min_range window=IS run=gdda_is_gdd21_16_20260814235244_3aec5d
2026-08-14T14:53:47+00:00 RUN_END [416/820] id=GDD21_16 window=IS status=OK decision=IS_SURVIVOR_TRADEOFF elapsed=62.951s
2026-08-14T14:53:47+00:00 RUN_START [416/820] id=GDD21_16 family=sca_min_range window=OOS run=gdda_oos_gdd21_16_20260814235347_642a9a
2026-08-14T14:53:47+00:00 WAIT_TERMINAL elapsed=0s processes=metatester64.exe
2026-08-14T14:54:48+00:00 WAIT_TERMINAL elapsed=62s processes=metatester64.exe
2026-08-14T14:55:50+00:00 WAIT_TERMINAL elapsed=123s processes=metatester64.exe
2026-08-14T14:56:51+00:00 WAIT_TERMINAL elapsed=184s processes=metatester64.exe
2026-08-14T14:57:52+00:00 WAIT_TERMINAL elapsed=246s processes=metatester64.exe
2026-08-14T14:58:54+00:00 KILL_ORPHAN_TESTER elapsed=307s metatester64.exe
2026-08-14T15:00:29+00:00 RUN_END [416/820] id=GDD21_16 window=OOS status=OK decision=OOS_REJECT elapsed=402.757s
2026-08-14T15:00:29+00:00 GATE_SKIP [416/820] id=GDD21_16 window=XM5 reason=OOS_NOT_PROMISING
2026-08-14T15:00:29+00:00 RUN_START [417/820] id=GDD21_17 family=sca_min_range window=IS run=gdda_is_gdd21_17_20260815000029_60f359
2026-08-14T15:01:27+00:00 RUN_END [417/820] id=GDD21_17 window=IS status=OK decision=IS_SURVIVOR_TRADEOFF elapsed=57.924s
2026-08-14T15:01:27+00:00 RUN_START [417/820] id=GDD21_17 family=sca_min_range window=OOS run=gdda_oos_gdd21_17_20260815000127_182be0
2026-08-14T15:02:10+00:00 RUN_END [417/820] id=GDD21_17 window=OOS status=OK decision=OOS_REJECT elapsed=42.843s
2026-08-14T15:02:10+00:00 GATE_SKIP [417/820] id=GDD21_17 window=XM5 reason=OOS_NOT_PROMISING
2026-08-14T15:02:10+00:00 RUN_START [418/820] id=GDD21_18 family=sca_min_range window=IS run=gdda_is_gdd21_18_20260815000210_e8bf4f
2026-08-14T15:03:13+00:00 RUN_END [418/820] id=GDD21_18 window=IS status=OK decision=IS_SURVIVOR_TRADEOFF elapsed=62.866s
2026-08-14T15:03:13+00:00 RUN_START [418/820] id=GDD21_18 family=sca_min_range window=OOS run=gdda_oos_gdd21_18_20260815000313_0ed325
2026-08-14T15:03:56+00:00 RUN_END [418/820] id=GDD21_18 window=OOS status=OK decision=OOS_REJECT elapsed=42.871s
2026-08-14T15:03:56+00:00 GATE_SKIP [418/820] id=GDD21_18 window=XM5 reason=OOS_NOT_PROMISING
2026-08-14T15:03:56+00:00 RUN_START [419/820] id=GDD21_19 family=sca_min_range window=IS run=gdda_is_gdd21_19_20260815000356_fab200
2026-08-14T15:04:54+00:00 RUN_END [419/820] id=GDD21_19 window=IS status=OK decision=IS_SURVIVOR_TRADEOFF elapsed=57.863s
2026-08-14T15:04:54+00:00 RUN_START [419/820] id=GDD21_19 family=sca_min_range window=OOS run=gdda_oos_gdd21_19_20260815000454_628691
2026-08-14T15:05:37+00:00 RUN_END [419/820] id=GDD21_19 window=OOS status=OK decision=OOS_REJECT elapsed=42.871s
2026-08-14T15:05:37+00:00 GATE_SKIP [419/820] id=GDD21_19 window=XM5 reason=OOS_NOT_PROMISING
2026-08-14T15:05:37+00:00 RUN_START [420/820] id=GDD21_20 family=sca_min_range window=IS run=gdda_is_gdd21_20_20260815000537_1894cb
2026-08-14T15:06:35+00:00 RUN_END [420/820] id=GDD21_20 window=IS status=OK decision=IS_SURVIVOR_TRADEOFF elapsed=57.868s
2026-08-14T15:06:35+00:00 RUN_START [420/820] id=GDD21_20 family=sca_min_range window=OOS run=gdda_oos_gdd21_20_20260815000635_31d282
2026-08-14T15:07:17+00:00 RUN_END [420/820] id=GDD21_20 window=OOS status=OK decision=OOS_REJECT elapsed=42.858s
2026-08-14T15:07:18+00:00 GATE_SKIP [420/820] id=GDD21_20 window=XM5 reason=OOS_NOT_PROMISING
2026-08-14T15:07:18+00:00 RUN_START [421/820] id=GDD22_01 family=sca_max_range window=IS run=gdda_is_gdd22_01_20260815000718_61e273
2026-08-14T15:08:20+00:00 RUN_END [421/820] id=GDD22_01 window=IS status=OK decision=IS_REJECT elapsed=62.864s
2026-08-14T15:08:20+00:00 GATE_SKIP [421/820] id=GDD22_01 window=OOS reason=IS_NOT_SURVIVOR
2026-08-14T15:08:20+00:00 GATE_SKIP [421/820] id=GDD22_01 window=XM5 reason=OOS_NOT_PROMISING
2026-08-14T15:08:20+00:00 RUN_START [422/820] id=GDD22_02 family=sca_max_range window=IS run=gdda_is_gdd22_02_20260815000820_bca97a
2026-08-14T15:09:18+00:00 RUN_END [422/820] id=GDD22_02 window=IS status=OK decision=IS_REJECT elapsed=57.906s
2026-08-14T15:09:18+00:00 GATE_SKIP [422/820] id=GDD22_02 window=OOS reason=IS_NOT_SURVIVOR
2026-08-14T15:09:18+00:00 GATE_SKIP [422/820] id=GDD22_02 window=XM5 reason=OOS_NOT_PROMISING
2026-08-14T15:09:18+00:00 RUN_START [423/820] id=GDD22_03 family=sca_max_range window=IS run=gdda_is_gdd22_03_20260815000918_3f98bf
2026-08-14T15:10:21+00:00 RUN_END [423/820] id=GDD22_03 window=IS status=OK decision=IS_SURVIVOR_TRADEOFF elapsed=62.891s
2026-08-14T15:10:21+00:00 RUN_START [423/820] id=GDD22_03 family=sca_max_range window=OOS run=gdda_oos_gdd22_03_20260815001021_afcfa4
2026-08-14T15:11:04+00:00 RUN_END [423/820] id=GDD22_03 window=OOS status=OK decision=OOS_REJECT elapsed=42.896s
2026-08-14T15:11:04+00:00 GATE_SKIP [423/820] id=GDD22_03 window=XM5 reason=OOS_NOT_PROMISING
2026-08-14T15:11:04+00:00 RUN_START [424/820] id=GDD22_04 family=sca_max_range window=IS run=gdda_is_gdd22_04_20260815001104_97c437
2026-08-14T15:12:07+00:00 RUN_END [424/820] id=GDD22_04 window=IS status=OK decision=IS_SURVIVOR_DD elapsed=62.856s
2026-08-14T15:12:07+00:00 RUN_START [424/820] id=GDD22_04 family=sca_max_range window=OOS run=gdda_oos_gdd22_04_20260815001207_30bae5
2026-08-14T15:12:50+00:00 RUN_END [424/820] id=GDD22_04 window=OOS status=OK decision=OOS_REJECT elapsed=42.858s
2026-08-14T15:12:50+00:00 GATE_SKIP [424/820] id=GDD22_04 window=XM5 reason=OOS_NOT_PROMISING
2026-08-14T15:12:50+00:00 RUN_START [425/820] id=GDD22_05 family=sca_max_range window=IS run=gdda_is_gdd22_05_20260815001250_23527c
2026-08-14T15:13:53+00:00 RUN_END [425/820] id=GDD22_05 window=IS status=OK decision=IS_SURVIVOR_DD elapsed=62.852s
2026-08-14T15:13:53+00:00 RUN_START [425/820] id=GDD22_05 family=sca_max_range window=OOS run=gdda_oos_gdd22_05_20260815001353_af6c82
2026-08-14T15:14:36+00:00 RUN_END [425/820] id=GDD22_05 window=OOS status=OK decision=OOS_REJECT elapsed=42.861s
2026-08-14T15:14:36+00:00 GATE_SKIP [425/820] id=GDD22_05 window=XM5 reason=OOS_NOT_PROMISING
2026-08-14T15:14:36+00:00 RUN_START [426/820] id=GDD22_06 family=sca_max_range window=IS run=gdda_is_gdd22_06_20260815001436_c5e550
2026-08-14T15:15:39+00:00 RUN_END [426/820] id=GDD22_06 window=IS status=OK decision=IS_REJECT elapsed=62.863s
2026-08-14T15:15:39+00:00 GATE_SKIP [426/820] id=GDD22_06 window=OOS reason=IS_NOT_SURVIVOR
2026-08-14T15:15:39+00:00 GATE_SKIP [426/820] id=GDD22_06 window=XM5 reason=OOS_NOT_PROMISING
2026-08-14T15:15:39+00:00 RUN_START [427/820] id=GDD22_07 family=sca_max_range window=IS run=gdda_is_gdd22_07_20260815001539_b153d6
2026-08-14T15:16:42+00:00 RUN_END [427/820] id=GDD22_07 window=IS status=OK decision=IS_SURVIVOR_DD elapsed=62.887s
2026-08-14T15:16:42+00:00 RUN_START [427/820] id=GDD22_07 family=sca_max_range window=OOS run=gdda_oos_gdd22_07_20260815001642_539db4
2026-08-14T15:17:24+00:00 RUN_END [427/820] id=GDD22_07 window=OOS status=OK decision=OOS_PASS elapsed=42.844s
2026-08-14T15:17:24+00:00 RUN_START [427/820] id=GDD22_07 family=sca_max_range window=XM5 run=gdda_xm5_gdd22_07_20260815001724_58273f
2026-08-14T15:25:08+00:00 RUN_END [427/820] id=GDD22_07 window=XM5 status=OK decision=XM5_PASS elapsed=463.291s
2026-08-14T15:25:08+00:00 RUN_START [428/820] id=GDD22_08 family=sca_max_range window=IS run=gdda_is_gdd22_08_20260815002508_220f42
2026-08-14T15:26:11+00:00 RUN_END [428/820] id=GDD22_08 window=IS status=OK decision=IS_SURVIVOR_STRICT elapsed=63.044s
2026-08-14T15:26:11+00:00 RUN_START [428/820] id=GDD22_08 family=sca_max_range window=OOS run=gdda_oos_gdd22_08_20260815002611_78ab58
2026-08-14T15:26:54+00:00 RUN_END [428/820] id=GDD22_08 window=OOS status=OK decision=OOS_REJECT elapsed=42.886s
2026-08-14T15:26:54+00:00 GATE_SKIP [428/820] id=GDD22_08 window=XM5 reason=OOS_NOT_PROMISING
2026-08-14T15:26:54+00:00 RUN_START [429/820] id=GDD22_09 family=sca_max_range window=IS run=gdda_is_gdd22_09_20260815002654_aa46e6
2026-08-14T15:27:57+00:00 RUN_END [429/820] id=GDD22_09 window=IS status=OK decision=IS_SURVIVOR_DD elapsed=62.872s
2026-08-14T15:27:57+00:00 RUN_START [429/820] id=GDD22_09 family=sca_max_range window=OOS run=gdda_oos_gdd22_09_20260815002757_82fad7
2026-08-14T15:28:39+00:00 RUN_END [429/820] id=GDD22_09 window=OOS status=OK decision=OOS_REJECT elapsed=42.853s
2026-08-14T15:28:40+00:00 GATE_SKIP [429/820] id=GDD22_09 window=XM5 reason=OOS_NOT_PROMISING
2026-08-14T15:28:40+00:00 RUN_START [430/820] id=GDD22_10 family=sca_max_range window=IS run=gdda_is_gdd22_10_20260815002840_9d00c0
2026-08-14T15:29:42+00:00 RUN_END [430/820] id=GDD22_10 window=IS status=OK decision=IS_SURVIVOR_DD elapsed=62.840s
2026-08-14T15:29:42+00:00 RUN_START [430/820] id=GDD22_10 family=sca_max_range window=OOS run=gdda_oos_gdd22_10_20260815002942_07c90c
2026-08-14T15:30:25+00:00 RUN_END [430/820] id=GDD22_10 window=OOS status=OK decision=OOS_REJECT elapsed=42.880s
2026-08-14T15:30:25+00:00 GATE_SKIP [430/820] id=GDD22_10 window=XM5 reason=OOS_NOT_PROMISING
2026-08-14T15:30:25+00:00 RUN_START [431/820] id=GDD22_11 family=sca_max_range window=IS run=gdda_is_gdd22_11_20260815003025_afd26c
2026-08-14T15:31:28+00:00 RUN_END [431/820] id=GDD22_11 window=IS status=OK decision=IS_SURVIVOR_DD elapsed=62.911s
2026-08-14T15:31:28+00:00 RUN_START [431/820] id=GDD22_11 family=sca_max_range window=OOS run=gdda_oos_gdd22_11_20260815003128_765cf2
2026-08-14T15:32:11+00:00 RUN_END [431/820] id=GDD22_11 window=OOS status=OK decision=OOS_REJECT elapsed=42.859s
2026-08-14T15:32:11+00:00 GATE_SKIP [431/820] id=GDD22_11 window=XM5 reason=OOS_NOT_PROMISING
2026-08-14T15:32:11+00:00 RUN_START [432/820] id=GDD22_12 family=sca_max_range window=IS run=gdda_is_gdd22_12_20260815003211_49c339
2026-08-14T15:33:14+00:00 RUN_END [432/820] id=GDD22_12 window=IS status=OK decision=IS_SURVIVOR_DD elapsed=62.844s
2026-08-14T15:33:14+00:00 RUN_START [432/820] id=GDD22_12 family=sca_max_range window=OOS run=gdda_oos_gdd22_12_20260815003314_49dfd4
2026-08-14T15:33:57+00:00 RUN_END [432/820] id=GDD22_12 window=OOS status=OK decision=OOS_REJECT elapsed=42.877s
2026-08-14T15:33:57+00:00 GATE_SKIP [432/820] id=GDD22_12 window=XM5 reason=OOS_NOT_PROMISING
2026-08-14T15:33:57+00:00 RUN_START [433/820] id=GDD22_13 family=sca_max_range window=IS run=gdda_is_gdd22_13_20260815003357_da8fec
2026-08-14T15:35:00+00:00 RUN_END [433/820] id=GDD22_13 window=IS status=OK decision=IS_SURVIVOR_DD elapsed=62.875s
2026-08-14T15:35:00+00:00 RUN_START [433/820] id=GDD22_13 family=sca_max_range window=OOS run=gdda_oos_gdd22_13_20260815003500_05f387
2026-08-14T15:35:43+00:00 RUN_END [433/820] id=GDD22_13 window=OOS status=OK decision=OOS_REJECT elapsed=42.879s
2026-08-14T15:35:43+00:00 GATE_SKIP [433/820] id=GDD22_13 window=XM5 reason=OOS_NOT_PROMISING
2026-08-14T15:35:43+00:00 RUN_START [434/820] id=GDD22_14 family=sca_max_range window=IS run=gdda_is_gdd22_14_20260815003543_6f7450
2026-08-14T15:36:46+00:00 RUN_END [434/820] id=GDD22_14 window=IS status=OK decision=IS_SURVIVOR_DD elapsed=62.856s
2026-08-14T15:36:46+00:00 RUN_START [434/820] id=GDD22_14 family=sca_max_range window=OOS run=gdda_oos_gdd22_14_20260815003646_1f28d3
2026-08-14T15:37:28+00:00 RUN_END [434/820] id=GDD22_14 window=OOS status=OK decision=OOS_REJECT elapsed=42.857s
2026-08-14T15:37:28+00:00 GATE_SKIP [434/820] id=GDD22_14 window=XM5 reason=OOS_NOT_PROMISING
2026-08-14T15:37:28+00:00 RUN_START [435/820] id=GDD22_15 family=sca_max_range window=IS run=gdda_is_gdd22_15_20260815003728_c18d8a
2026-08-14T15:38:31+00:00 RUN_END [435/820] id=GDD22_15 window=IS status=OK decision=IS_SURVIVOR_DD elapsed=62.866s
2026-08-14T15:38:31+00:00 RUN_START [435/820] id=GDD22_15 family=sca_max_range window=OOS run=gdda_oos_gdd22_15_20260815003831_2f2e66
2026-08-14T15:39:14+00:00 RUN_END [435/820] id=GDD22_15 window=OOS status=OK decision=OOS_REJECT elapsed=42.846s
2026-08-14T15:39:14+00:00 GATE_SKIP [435/820] id=GDD22_15 window=XM5 reason=OOS_NOT_PROMISING
2026-08-14T15:39:14+00:00 RUN_START [436/820] id=GDD22_16 family=sca_max_range window=IS run=gdda_is_gdd22_16_20260815003914_e91c7d
2026-08-14T15:40:17+00:00 RUN_END [436/820] id=GDD22_16 window=IS status=OK decision=IS_SURVIVOR_DD elapsed=62.868s
2026-08-14T15:40:17+00:00 RUN_START [436/820] id=GDD22_16 family=sca_max_range window=OOS run=gdda_oos_gdd22_16_20260815004017_7999e7
2026-08-14T15:41:00+00:00 RUN_END [436/820] id=GDD22_16 window=OOS status=OK decision=OOS_REJECT elapsed=42.864s
2026-08-14T15:41:00+00:00 GATE_SKIP [436/820] id=GDD22_16 window=XM5 reason=OOS_NOT_PROMISING
2026-08-14T15:41:00+00:00 RUN_START [437/820] id=GDD22_17 family=sca_max_range window=IS run=gdda_is_gdd22_17_20260815004100_605ec5
2026-08-14T15:42:03+00:00 RUN_END [437/820] id=GDD22_17 window=IS status=OK decision=IS_REJECT elapsed=62.865s
2026-08-14T15:42:03+00:00 GATE_SKIP [437/820] id=GDD22_17 window=OOS reason=IS_NOT_SURVIVOR
2026-08-14T15:42:03+00:00 GATE_SKIP [437/820] id=GDD22_17 window=XM5 reason=OOS_NOT_PROMISING
2026-08-14T15:42:03+00:00 RUN_START [438/820] id=GDD22_18 family=sca_max_range window=IS run=gdda_is_gdd22_18_20260815004203_75d199
2026-08-14T15:43:06+00:00 RUN_END [438/820] id=GDD22_18 window=IS status=OK decision=IS_REJECT elapsed=62.888s
2026-08-14T15:43:06+00:00 GATE_SKIP [438/820] id=GDD22_18 window=OOS reason=IS_NOT_SURVIVOR
2026-08-14T15:43:06+00:00 GATE_SKIP [438/820] id=GDD22_18 window=XM5 reason=OOS_NOT_PROMISING
2026-08-14T15:43:06+00:00 RUN_START [439/820] id=GDD22_19 family=sca_max_range window=IS run=gdda_is_gdd22_19_20260815004306_88c2f3
2026-08-14T15:44:09+00:00 RUN_END [439/820] id=GDD22_19 window=IS status=OK decision=IS_REJECT elapsed=62.876s
2026-08-14T15:44:09+00:00 GATE_SKIP [439/820] id=GDD22_19 window=OOS reason=IS_NOT_SURVIVOR
2026-08-14T15:44:09+00:00 GATE_SKIP [439/820] id=GDD22_19 window=XM5 reason=OOS_NOT_PROMISING
2026-08-14T15:44:09+00:00 RUN_START [440/820] id=GDD22_20 family=sca_max_range window=IS run=gdda_is_gdd22_20_20260815004409_6debd1
2026-08-14T15:45:12+00:00 RUN_END [440/820] id=GDD22_20 window=IS status=OK decision=IS_REJECT elapsed=62.880s
2026-08-14T15:45:12+00:00 GATE_SKIP [440/820] id=GDD22_20 window=OOS reason=IS_NOT_SURVIVOR
2026-08-14T15:45:12+00:00 GATE_SKIP [440/820] id=GDD22_20 window=XM5 reason=OOS_NOT_PROMISING
2026-08-14T15:45:12+00:00 RUN_START [441/820] id=GDD23_01 family=sca_buffer window=IS run=gdda_is_gdd23_01_20260815004512_355aee
2026-08-14T15:46:15+00:00 RUN_END [441/820] id=GDD23_01 window=IS status=OK decision=IS_SURVIVOR_TRADEOFF elapsed=62.897s
2026-08-14T15:46:15+00:00 RUN_START [441/820] id=GDD23_01 family=sca_buffer window=OOS run=gdda_oos_gdd23_01_20260815004615_2f8faf
2026-08-14T15:46:58+00:00 RUN_END [441/820] id=GDD23_01 window=OOS status=OK decision=OOS_REJECT elapsed=42.873s
2026-08-14T15:46:58+00:00 GATE_SKIP [441/820] id=GDD23_01 window=XM5 reason=OOS_NOT_PROMISING
2026-08-14T15:46:58+00:00 RUN_START [442/820] id=GDD23_02 family=sca_buffer window=IS run=gdda_is_gdd23_02_20260815004658_b35840
2026-08-14T15:48:00+00:00 RUN_END [442/820] id=GDD23_02 window=IS status=OK decision=IS_REJECT elapsed=62.849s
2026-08-14T15:48:00+00:00 GATE_SKIP [442/820] id=GDD23_02 window=OOS reason=IS_NOT_SURVIVOR
2026-08-14T15:48:00+00:00 GATE_SKIP [442/820] id=GDD23_02 window=XM5 reason=OOS_NOT_PROMISING
2026-08-14T15:48:00+00:00 RUN_START [443/820] id=GDD23_03 family=sca_buffer window=IS run=gdda_is_gdd23_03_20260815004800_5bb05e
2026-08-14T15:49:03+00:00 RUN_END [443/820] id=GDD23_03 window=IS status=OK decision=IS_REJECT elapsed=62.871s
2026-08-14T15:49:03+00:00 GATE_SKIP [443/820] id=GDD23_03 window=OOS reason=IS_NOT_SURVIVOR
2026-08-14T15:49:03+00:00 GATE_SKIP [443/820] id=GDD23_03 window=XM5 reason=OOS_NOT_PROMISING
2026-08-14T15:49:03+00:00 RUN_START [444/820] id=GDD23_04 family=sca_buffer window=IS run=gdda_is_gdd23_04_20260815004903_816323
2026-08-14T15:50:06+00:00 RUN_END [444/820] id=GDD23_04 window=IS status=OK decision=IS_REJECT elapsed=62.869s
2026-08-14T15:50:06+00:00 GATE_SKIP [444/820] id=GDD23_04 window=OOS reason=IS_NOT_SURVIVOR
2026-08-14T15:50:06+00:00 GATE_SKIP [444/820] id=GDD23_04 window=XM5 reason=OOS_NOT_PROMISING
2026-08-14T15:50:06+00:00 RUN_START [445/820] id=GDD23_05 family=sca_buffer window=IS run=gdda_is_gdd23_05_20260815005006_26e0e6
2026-08-14T15:51:09+00:00 RUN_END [445/820] id=GDD23_05 window=IS status=OK decision=IS_SURVIVOR_DD elapsed=62.872s
2026-08-14T15:51:09+00:00 RUN_START [445/820] id=GDD23_05 family=sca_buffer window=OOS run=gdda_oos_gdd23_05_20260815005109_0569d2
2026-08-14T15:51:52+00:00 RUN_END [445/820] id=GDD23_05 window=OOS status=OK decision=OOS_REJECT elapsed=42.893s
2026-08-14T15:51:52+00:00 GATE_SKIP [445/820] id=GDD23_05 window=XM5 reason=OOS_NOT_PROMISING
2026-08-14T15:51:52+00:00 RUN_START [446/820] id=GDD23_06 family=sca_buffer window=IS run=gdda_is_gdd23_06_20260815005152_c59b3c
2026-08-14T15:52:55+00:00 RUN_END [446/820] id=GDD23_06 window=IS status=OK decision=IS_REJECT elapsed=62.893s
2026-08-14T15:52:55+00:00 GATE_SKIP [446/820] id=GDD23_06 window=OOS reason=IS_NOT_SURVIVOR
2026-08-14T15:52:55+00:00 GATE_SKIP [446/820] id=GDD23_06 window=XM5 reason=OOS_NOT_PROMISING
2026-08-14T15:52:55+00:00 RUN_START [447/820] id=GDD23_07 family=sca_buffer window=IS run=gdda_is_gdd23_07_20260815005255_ec5d86
2026-08-14T15:53:58+00:00 RUN_END [447/820] id=GDD23_07 window=IS status=OK decision=IS_SURVIVOR_DD elapsed=62.857s
2026-08-14T15:53:58+00:00 RUN_START [447/820] id=GDD23_07 family=sca_buffer window=OOS run=gdda_oos_gdd23_07_20260815005358_b997e3
2026-08-14T15:54:41+00:00 RUN_END [447/820] id=GDD23_07 window=OOS status=OK decision=OOS_REJECT elapsed=42.857s
2026-08-14T15:54:41+00:00 GATE_SKIP [447/820] id=GDD23_07 window=XM5 reason=OOS_NOT_PROMISING
2026-08-14T15:54:41+00:00 RUN_START [448/820] id=GDD23_08 family=sca_buffer window=IS run=gdda_is_gdd23_08_20260815005441_ebc7b0
2026-08-14T15:55:44+00:00 RUN_END [448/820] id=GDD23_08 window=IS status=OK decision=IS_SURVIVOR_DD elapsed=62.850s
2026-08-14T15:55:44+00:00 RUN_START [448/820] id=GDD23_08 family=sca_buffer window=OOS run=gdda_oos_gdd23_08_20260815005544_d29c41
2026-08-14T15:56:27+00:00 RUN_END [448/820] id=GDD23_08 window=OOS status=OK decision=OOS_PASS elapsed=42.854s
2026-08-14T15:56:27+00:00 RUN_START [448/820] id=GDD23_08 family=sca_buffer window=XM5 run=gdda_xm5_gdd23_08_20260815005627_c9c2e5
2026-08-14T16:03:55+00:00 RUN_END [448/820] id=GDD23_08 window=XM5 status=OK decision=XM5_REJECT elapsed=448.241s
2026-08-14T16:03:55+00:00 RUN_START [449/820] id=GDD23_09 family=sca_buffer window=IS run=gdda_is_gdd23_09_20260815010355_5d4850
2026-08-14T16:03:55+00:00 WAIT_TERMINAL elapsed=0s processes=metatester64.exe
2026-08-14T16:04:56+00:00 WAIT_TERMINAL elapsed=62s processes=metatester64.exe
2026-08-14T16:05:58+00:00 WAIT_TERMINAL elapsed=123s processes=metatester64.exe
2026-08-14T16:06:59+00:00 WAIT_TERMINAL elapsed=184s processes=metatester64.exe
2026-08-14T16:08:00+00:00 WAIT_TERMINAL elapsed=246s processes=metatester64.exe
2026-08-14T16:09:02+00:00 KILL_ORPHAN_TESTER elapsed=307s metatester64.exe
2026-08-14T16:10:20+00:00 RUN_END [449/820] id=GDD23_09 window=IS status=OK decision=IS_SURVIVOR_DD elapsed=384.875s
2026-08-14T16:10:20+00:00 RUN_START [449/820] id=GDD23_09 family=sca_buffer window=OOS run=gdda_oos_gdd23_09_20260815011020_bc76eb
2026-08-14T16:11:03+00:00 RUN_END [449/820] id=GDD23_09 window=OOS status=OK decision=OOS_PASS elapsed=42.828s
2026-08-14T16:11:03+00:00 RUN_START [449/820] id=GDD23_09 family=sca_buffer window=XM5 run=gdda_xm5_gdd23_09_20260815011103_16d85a
2026-08-14T16:18:26+00:00 RUN_END [449/820] id=GDD23_09 window=XM5 status=OK decision=XM5_REJECT elapsed=443.304s
2026-08-14T16:18:26+00:00 RUN_START [450/820] id=GDD23_10 family=sca_buffer window=IS run=gdda_is_gdd23_10_20260815011826_e2e065
2026-08-14T16:18:26+00:00 WAIT_TERMINAL elapsed=0s processes=metatester64.exe
2026-08-14T16:19:28+00:00 WAIT_TERMINAL elapsed=62s processes=metatester64.exe
2026-08-14T16:20:29+00:00 WAIT_TERMINAL elapsed=123s processes=metatester64.exe
2026-08-14T16:21:30+00:00 WAIT_TERMINAL elapsed=184s processes=metatester64.exe
2026-08-14T16:22:31+00:00 WAIT_TERMINAL elapsed=246s processes=metatester64.exe
2026-08-14T16:23:33+00:00 KILL_ORPHAN_TESTER elapsed=307s metatester64.exe
2026-08-14T16:24:51+00:00 RUN_END [450/820] id=GDD23_10 window=IS status=OK decision=IS_SURVIVOR_DD elapsed=385.070s
2026-08-14T16:24:51+00:00 RUN_START [450/820] id=GDD23_10 family=sca_buffer window=OOS run=gdda_oos_gdd23_10_20260815012451_01026d
2026-08-14T16:25:34+00:00 RUN_END [450/820] id=GDD23_10 window=OOS status=OK decision=OOS_PASS elapsed=42.891s
2026-08-14T16:25:34+00:00 RUN_START [450/820] id=GDD23_10 family=sca_buffer window=XM5 run=gdda_xm5_gdd23_10_20260815012534_118aae
2026-08-14T16:33:02+00:00 RUN_END [450/820] id=GDD23_10 window=XM5 status=OK decision=XM5_REJECT elapsed=448.248s
2026-08-14T16:33:02+00:00 RUN_START [451/820] id=GDD23_11 family=sca_buffer window=IS run=gdda_is_gdd23_11_20260815013302_05982c
2026-08-14T16:33:03+00:00 WAIT_TERMINAL elapsed=0s processes=metatester64.exe
2026-08-14T19:53:30+00:00 WAIT_TERMINAL elapsed=12027s processes=metatester64.exe
2026-08-14T19:54:48+00:00 RUN_END [451/820] id=GDD23_11 window=IS status=OK decision=IS_SURVIVOR_DD elapsed=12105.780s
2026-08-14T19:54:48+00:00 RUN_START [451/820] id=GDD23_11 family=sca_buffer window=OOS run=gdda_oos_gdd23_11_20260815045448_5369d1
2026-08-14T19:55:31+00:00 RUN_END [451/820] id=GDD23_11 window=OOS status=OK decision=OOS_PASS elapsed=42.923s
2026-08-14T19:55:31+00:00 RUN_START [451/820] id=GDD23_11 family=sca_buffer window=XM5 run=gdda_xm5_gdd23_11_20260815045531_210eb3
2026-08-14T23:02:37+00:00 RUN_END [451/820] id=GDD23_11 window=XM5 status=FAILED decision=RUN_FAILED elapsed=11226.580s
2026-08-14T23:02:37+00:00 RUN_START [452/820] id=GDD23_12 family=sca_buffer window=IS run=gdda_is_gdd23_12_20260815080237_b0c6ab
2026-08-14T23:02:38+00:00 WAIT_TERMINAL elapsed=1s processes=metatester64.exe
2026-08-14T23:03:40+00:00 WAIT_TERMINAL elapsed=62s processes=metatester64.exe
2026-08-14T23:04:44+00:00 WAIT_TERMINAL elapsed=127s processes=metatester64.exe
2026-08-14T23:05:46+00:00 WAIT_TERMINAL elapsed=188s processes=metatester64.exe
2026-08-14T23:06:37+00:00 DRIVER_START pid=20856 stage=all proposals=1000 classification2=820 implemented_families=13
2026-08-14T23:06:37+00:00 SKIP_EXISTING [1/820] id=GDD01_01 window=IS scope=GOLD2
2026-08-14T23:06:37+00:00 GATE_SKIP [1/820] id=GDD01_01 window=OOS reason=IS_NOT_SURVIVOR
2026-08-14T23:06:37+00:00 GATE_SKIP [1/820] id=GDD01_01 window=XM5 reason=OOS_NOT_PROMISING
2026-08-14T23:06:37+00:00 SKIP_EXISTING [2/820] id=GDD01_02 window=IS scope=GOLD2
2026-08-14T23:06:37+00:00 GATE_SKIP [2/820] id=GDD01_02 window=OOS reason=IS_NOT_SURVIVOR
2026-08-14T23:06:37+00:00 GATE_SKIP [2/820] id=GDD01_02 window=XM5 reason=OOS_NOT_PROMISING
2026-08-14T23:06:37+00:00 SKIP_EXISTING [3/820] id=GDD01_03 window=IS scope=GOLD2
2026-08-14T23:06:37+00:00 GATE_SKIP [3/820] id=GDD01_03 window=OOS reason=IS_NOT_SURVIVOR
2026-08-14T23:06:37+00:00 GATE_SKIP [3/820] id=GDD01_03 window=XM5 reason=OOS_NOT_PROMISING
2026-08-14T23:06:37+00:00 SKIP_EXISTING [4/820] id=GDD01_04 window=IS scope=GOLD2
2026-08-14T23:06:37+00:00 GATE_SKIP [4/820] id=GDD01_04 window=OOS reason=IS_NOT_SURVIVOR
2026-08-14T23:06:37+00:00 GATE_SKIP [4/820] id=GDD01_04 window=XM5 reason=OOS_NOT_PROMISING
2026-08-14T23:06:37+00:00 SKIP_EXISTING [5/820] id=GDD01_05 window=IS scope=GOLD2
2026-08-14T23:06:37+00:00 GATE_SKIP [5/820] id=GDD01_05 window=OOS reason=IS_NOT_SURVIVOR
2026-08-14T23:06:37+00:00 GATE_SKIP [5/820] id=GDD01_05 window=XM5 reason=OOS_NOT_PROMISING
2026-08-14T23:06:37+00:00 SKIP_EXISTING [6/820] id=GDD01_06 window=IS scope=GOLD2
2026-08-14T23:06:37+00:00 GATE_SKIP [6/820] id=GDD01_06 window=OOS reason=IS_NOT_SURVIVOR
2026-08-14T23:06:37+00:00 GATE_SKIP [6/820] id=GDD01_06 window=XM5 reason=OOS_NOT_PROMISING
2026-08-14T23:06:37+00:00 SKIP_EXISTING [7/820] id=GDD01_07 window=IS scope=GOLD2
2026-08-14T23:06:37+00:00 GATE_SKIP [7/820] id=GDD01_07 window=OOS reason=IS_NOT_SURVIVOR
2026-08-14T23:06:37+00:00 GATE_SKIP [7/820] id=GDD01_07 window=XM5 reason=OOS_NOT_PROMISING
2026-08-14T23:06:37+00:00 SKIP_EXISTING [8/820] id=GDD01_08 window=IS scope=GOLD2
2026-08-14T23:06:37+00:00 GATE_SKIP [8/820] id=GDD01_08 window=OOS reason=IS_NOT_SURVIVOR
2026-08-14T23:06:37+00:00 GATE_SKIP [8/820] id=GDD01_08 window=XM5 reason=OOS_NOT_PROMISING
2026-08-14T23:06:37+00:00 SKIP_EXISTING [9/820] id=GDD01_09 window=IS scope=GOLD2
2026-08-14T23:06:37+00:00 GATE_SKIP [9/820] id=GDD01_09 window=OOS reason=IS_NOT_SURVIVOR
2026-08-14T23:06:37+00:00 GATE_SKIP [9/820] id=GDD01_09 window=XM5 reason=OOS_NOT_PROMISING
2026-08-14T23:06:37+00:00 SKIP_EXISTING [10/820] id=GDD01_10 window=IS scope=GOLD2
2026-08-14T23:06:37+00:00 GATE_SKIP [10/820] id=GDD01_10 window=OOS reason=IS_NOT_SURVIVOR
2026-08-14T23:06:37+00:00 GATE_SKIP [10/820] id=GDD01_10 window=XM5 reason=OOS_NOT_PROMISING
2026-08-14T23:06:37+00:00 SKIP_EXISTING [11/820] id=GDD01_11 window=IS scope=GOLD2
2026-08-14T23:06:37+00:00 GATE_SKIP [11/820] id=GDD01_11 window=OOS reason=IS_NOT_SURVIVOR
2026-08-14T23:06:37+00:00 GATE_SKIP [11/820] id=GDD01_11 window=XM5 reason=OOS_NOT_PROMISING
2026-08-14T23:06:37+00:00 SKIP_EXISTING [12/820] id=GDD01_12 window=IS scope=GOLD2
2026-08-14T23:06:37+00:00 GATE_SKIP [12/820] id=GDD01_12 window=OOS reason=IS_NOT_SURVIVOR
2026-08-14T23:06:37+00:00 GATE_SKIP [12/820] id=GDD01_12 window=XM5 reason=OOS_NOT_PROMISING
2026-08-14T23:06:37+00:00 SKIP_EXISTING [13/820] id=GDD01_13 window=IS scope=GOLD2
2026-08-14T23:06:37+00:00 GATE_SKIP [13/820] id=GDD01_13 window=OOS reason=IS_NOT_SURVIVOR
2026-08-14T23:06:37+00:00 GATE_SKIP [13/820] id=GDD01_13 window=XM5 reason=OOS_NOT_PROMISING
2026-08-14T23:06:37+00:00 SKIP_EXISTING [14/820] id=GDD01_14 window=IS scope=GOLD2
2026-08-14T23:06:37+00:00 GATE_SKIP [14/820] id=GDD01_14 window=OOS reason=IS_NOT_SURVIVOR
2026-08-14T23:06:37+00:00 GATE_SKIP [14/820] id=GDD01_14 window=XM5 reason=OOS_NOT_PROMISING
2026-08-14T23:06:37+00:00 SKIP_EXISTING [15/820] id=GDD01_15 window=IS scope=GOLD2
2026-08-14T23:06:37+00:00 GATE_SKIP [15/820] id=GDD01_15 window=OOS reason=IS_NOT_SURVIVOR
2026-08-14T23:06:37+00:00 GATE_SKIP [15/820] id=GDD01_15 window=XM5 reason=OOS_NOT_PROMISING
2026-08-14T23:06:37+00:00 SKIP_EXISTING [16/820] id=GDD01_16 window=IS scope=GOLD2
2026-08-14T23:06:37+00:00 GATE_SKIP [16/820] id=GDD01_16 window=OOS reason=IS_NOT_SURVIVOR
2026-08-14T23:06:37+00:00 GATE_SKIP [16/820] id=GDD01_16 window=XM5 reason=OOS_NOT_PROMISING
2026-08-14T23:06:37+00:00 SKIP_EXISTING [17/820] id=GDD01_17 window=IS scope=GOLD2
2026-08-14T23:06:37+00:00 GATE_SKIP [17/820] id=GDD01_17 window=OOS reason=IS_NOT_SURVIVOR
2026-08-14T23:06:37+00:00 GATE_SKIP [17/820] id=GDD01_17 window=XM5 reason=OOS_NOT_PROMISING
2026-08-14T23:06:37+00:00 SKIP_EXISTING [18/820] id=GDD01_18 window=IS scope=GOLD2
2026-08-14T23:06:37+00:00 GATE_SKIP [18/820] id=GDD01_18 window=OOS reason=IS_NOT_SURVIVOR
2026-08-14T23:06:37+00:00 GATE_SKIP [18/820] id=GDD01_18 window=XM5 reason=OOS_NOT_PROMISING
2026-08-14T23:06:37+00:00 SKIP_EXISTING [19/820] id=GDD01_19 window=IS scope=GOLD2
2026-08-14T23:06:37+00:00 GATE_SKIP [19/820] id=GDD01_19 window=OOS reason=IS_NOT_SURVIVOR
2026-08-14T23:06:37+00:00 GATE_SKIP [19/820] id=GDD01_19 window=XM5 reason=OOS_NOT_PROMISING
2026-08-14T23:06:37+00:00 SKIP_EXISTING [20/820] id=GDD01_20 window=IS scope=GOLD2
2026-08-14T23:06:37+00:00 GATE_SKIP [20/820] id=GDD01_20 window=OOS reason=IS_NOT_SURVIVOR
2026-08-14T23:06:37+00:00 GATE_SKIP [20/820] id=GDD01_20 window=XM5 reason=OOS_NOT_PROMISING
2026-08-14T23:06:37+00:00 SKIP_EXISTING [21/820] id=GDD02_01 window=IS scope=GOLD2
2026-08-14T23:06:37+00:00 GATE_SKIP [21/820] id=GDD02_01 window=OOS reason=IS_NOT_SURVIVOR
2026-08-14T23:06:37+00:00 GATE_SKIP [21/820] id=GDD02_01 window=XM5 reason=OOS_NOT_PROMISING
2026-08-14T23:06:37+00:00 SKIP_EXISTING [22/820] id=GDD02_02 window=IS scope=GOLD2
2026-08-14T23:06:37+00:00 GATE_SKIP [22/820] id=GDD02_02 window=OOS reason=IS_NOT_SURVIVOR
2026-08-14T23:06:37+00:00 GATE_SKIP [22/820] id=GDD02_02 window=XM5 reason=OOS_NOT_PROMISING
2026-08-14T23:06:37+00:00 SKIP_EXISTING [23/820] id=GDD02_03 window=IS scope=GOLD2
2026-08-14T23:06:37+00:00 GATE_SKIP [23/820] id=GDD02_03 window=OOS reason=IS_NOT_SURVIVOR
2026-08-14T23:06:37+00:00 GATE_SKIP [23/820] id=GDD02_03 window=XM5 reason=OOS_NOT_PROMISING
2026-08-14T23:06:37+00:00 SKIP_EXISTING [24/820] id=GDD02_04 window=IS scope=GOLD2
2026-08-14T23:06:37+00:00 GATE_SKIP [24/820] id=GDD02_04 window=OOS reason=IS_NOT_SURVIVOR
2026-08-14T23:06:37+00:00 GATE_SKIP [24/820] id=GDD02_04 window=XM5 reason=OOS_NOT_PROMISING
2026-08-14T23:06:37+00:00 SKIP_EXISTING [25/820] id=GDD02_05 window=IS scope=GOLD2
2026-08-14T23:06:37+00:00 GATE_SKIP [25/820] id=GDD02_05 window=OOS reason=IS_NOT_SURVIVOR
2026-08-14T23:06:37+00:00 GATE_SKIP [25/820] id=GDD02_05 window=XM5 reason=OOS_NOT_PROMISING
2026-08-14T23:06:37+00:00 SKIP_EXISTING [26/820] id=GDD02_06 window=IS scope=GOLD2
2026-08-14T23:06:37+00:00 GATE_SKIP [26/820] id=GDD02_06 window=OOS reason=IS_NOT_SURVIVOR
2026-08-14T23:06:37+00:00 GATE_SKIP [26/820] id=GDD02_06 window=XM5 reason=OOS_NOT_PROMISING
2026-08-14T23:06:37+00:00 SKIP_EXISTING [27/820] id=GDD02_07 window=IS scope=GOLD2
2026-08-14T23:06:37+00:00 GATE_SKIP [27/820] id=GDD02_07 window=OOS reason=IS_NOT_SURVIVOR
2026-08-14T23:06:37+00:00 GATE_SKIP [27/820] id=GDD02_07 window=XM5 reason=OOS_NOT_PROMISING
2026-08-14T23:06:37+00:00 SKIP_EXISTING [28/820] id=GDD02_08 window=IS scope=GOLD2
2026-08-14T23:06:37+00:00 GATE_SKIP [28/820] id=GDD02_08 window=OOS reason=IS_NOT_SURVIVOR
2026-08-14T23:06:37+00:00 GATE_SKIP [28/820] id=GDD02_08 window=XM5 reason=OOS_NOT_PROMISING
2026-08-14T23:06:37+00:00 SKIP_EXISTING [29/820] id=GDD02_09 window=IS scope=GOLD2
2026-08-14T23:06:37+00:00 GATE_SKIP [29/820] id=GDD02_09 window=OOS reason=IS_NOT_SURVIVOR
2026-08-14T23:06:37+00:00 GATE_SKIP [29/820] id=GDD02_09 window=XM5 reason=OOS_NOT_PROMISING
2026-08-14T23:06:37+00:00 SKIP_EXISTING [30/820] id=GDD02_10 window=IS scope=GOLD2
2026-08-14T23:06:37+00:00 GATE_SKIP [30/820] id=GDD02_10 window=OOS reason=IS_NOT_SURVIVOR
2026-08-14T23:06:37+00:00 GATE_SKIP [30/820] id=GDD02_10 window=XM5 reason=OOS_NOT_PROMISING
2026-08-14T23:06:37+00:00 SKIP_EXISTING [31/820] id=GDD02_11 window=IS scope=GOLD2
2026-08-14T23:06:37+00:00 GATE_SKIP [31/820] id=GDD02_11 window=OOS reason=IS_NOT_SURVIVOR
2026-08-14T23:06:37+00:00 GATE_SKIP [31/820] id=GDD02_11 window=XM5 reason=OOS_NOT_PROMISING
2026-08-14T23:06:37+00:00 SKIP_EXISTING [32/820] id=GDD02_12 window=IS scope=GOLD2
2026-08-14T23:06:37+00:00 GATE_SKIP [32/820] id=GDD02_12 window=OOS reason=IS_NOT_SURVIVOR
2026-08-14T23:06:37+00:00 GATE_SKIP [32/820] id=GDD02_12 window=XM5 reason=OOS_NOT_PROMISING
2026-08-14T23:06:37+00:00 SKIP_EXISTING [33/820] id=GDD02_13 window=IS scope=GOLD2
2026-08-14T23:06:37+00:00 GATE_SKIP [33/820] id=GDD02_13 window=OOS reason=IS_NOT_SURVIVOR
2026-08-14T23:06:37+00:00 GATE_SKIP [33/820] id=GDD02_13 window=XM5 reason=OOS_NOT_PROMISING
2026-08-14T23:06:37+00:00 SKIP_EXISTING [34/820] id=GDD02_14 window=IS scope=GOLD2
2026-08-14T23:06:37+00:00 GATE_SKIP [34/820] id=GDD02_14 window=OOS reason=IS_NOT_SURVIVOR
2026-08-14T23:06:37+00:00 GATE_SKIP [34/820] id=GDD02_14 window=XM5 reason=OOS_NOT_PROMISING
2026-08-14T23:06:37+00:00 SKIP_EXISTING [35/820] id=GDD02_15 window=IS scope=GOLD2
2026-08-14T23:06:37+00:00 GATE_SKIP [35/820] id=GDD02_15 window=OOS reason=IS_NOT_SURVIVOR
2026-08-14T23:06:37+00:00 GATE_SKIP [35/820] id=GDD02_15 window=XM5 reason=OOS_NOT_PROMISING
2026-08-14T23:06:37+00:00 SKIP_EXISTING [36/820] id=GDD02_16 window=IS scope=GOLD2
2026-08-14T23:06:37+00:00 GATE_SKIP [36/820] id=GDD02_16 window=OOS reason=IS_NOT_SURVIVOR
2026-08-14T23:06:37+00:00 GATE_SKIP [36/820] id=GDD02_16 window=XM5 reason=OOS_NOT_PROMISING
2026-08-14T23:06:37+00:00 SKIP_EXISTING [37/820] id=GDD02_17 window=IS scope=GOLD2
2026-08-14T23:06:37+00:00 GATE_SKIP [37/820] id=GDD02_17 window=OOS reason=IS_NOT_SURVIVOR
2026-08-14T23:06:37+00:00 GATE_SKIP [37/820] id=GDD02_17 window=XM5 reason=OOS_NOT_PROMISING
2026-08-14T23:06:37+00:00 SKIP_EXISTING [38/820] id=GDD02_18 window=IS scope=GOLD2
2026-08-14T23:06:37+00:00 GATE_SKIP [38/820] id=GDD02_18 window=OOS reason=IS_NOT_SURVIVOR
2026-08-14T23:06:37+00:00 GATE_SKIP [38/820] id=GDD02_18 window=XM5 reason=OOS_NOT_PROMISING
2026-08-14T23:06:37+00:00 SKIP_EXISTING [39/820] id=GDD02_19 window=IS scope=GOLD2
2026-08-14T23:06:37+00:00 GATE_SKIP [39/820] id=GDD02_19 window=OOS reason=IS_NOT_SURVIVOR
2026-08-14T23:06:37+00:00 GATE_SKIP [39/820] id=GDD02_19 window=XM5 reason=OOS_NOT_PROMISING
2026-08-14T23:06:37+00:00 SKIP_EXISTING [40/820] id=GDD02_20 window=IS scope=GOLD2
2026-08-14T23:06:37+00:00 GATE_SKIP [40/820] id=GDD02_20 window=OOS reason=IS_NOT_SURVIVOR
2026-08-14T23:06:37+00:00 GATE_SKIP [40/820] id=GDD02_20 window=XM5 reason=OOS_NOT_PROMISING
2026-08-14T23:06:37+00:00 SKIP_EXISTING [41/820] id=GDD03_01 window=IS scope=GOLD2
2026-08-14T23:06:37+00:00 GATE_SKIP [41/820] id=GDD03_01 window=OOS reason=IS_NOT_SURVIVOR
2026-08-14T23:06:37+00:00 GATE_SKIP [41/820] id=GDD03_01 window=XM5 reason=OOS_NOT_PROMISING
2026-08-14T23:06:37+00:00 SKIP_EXISTING [42/820] id=GDD03_02 window=IS scope=GOLD2
2026-08-14T23:06:37+00:00 GATE_SKIP [42/820] id=GDD03_02 window=OOS reason=IS_NOT_SURVIVOR
2026-08-14T23:06:37+00:00 GATE_SKIP [42/820] id=GDD03_02 window=XM5 reason=OOS_NOT_PROMISING
2026-08-14T23:06:37+00:00 SKIP_EXISTING [43/820] id=GDD03_03 window=IS scope=GOLD2
2026-08-14T23:06:37+00:00 GATE_SKIP [43/820] id=GDD03_03 window=OOS reason=IS_NOT_SURVIVOR
2026-08-14T23:06:37+00:00 GATE_SKIP [43/820] id=GDD03_03 window=XM5 reason=OOS_NOT_PROMISING
2026-08-14T23:06:37+00:00 SKIP_EXISTING [44/820] id=GDD03_04 window=IS scope=GOLD2
2026-08-14T23:06:37+00:00 GATE_SKIP [44/820] id=GDD03_04 window=OOS reason=IS_NOT_SURVIVOR
2026-08-14T23:06:37+00:00 GATE_SKIP [44/820] id=GDD03_04 window=XM5 reason=OOS_NOT_PROMISING
2026-08-14T23:06:37+00:00 SKIP_EXISTING [45/820] id=GDD03_05 window=IS scope=GOLD2
2026-08-14T23:06:37+00:00 GATE_SKIP [45/820] id=GDD03_05 window=OOS reason=IS_NOT_SURVIVOR
2026-08-14T23:06:37+00:00 GATE_SKIP [45/820] id=GDD03_05 window=XM5 reason=OOS_NOT_PROMISING
2026-08-14T23:06:37+00:00 SKIP_EXISTING [46/820] id=GDD03_06 window=IS scope=GOLD2
2026-08-14T23:06:37+00:00 GATE_SKIP [46/820] id=GDD03_06 window=OOS reason=IS_NOT_SURVIVOR
2026-08-14T23:06:37+00:00 GATE_SKIP [46/820] id=GDD03_06 window=XM5 reason=OOS_NOT_PROMISING
2026-08-14T23:06:37+00:00 SKIP_EXISTING [47/820] id=GDD03_07 window=IS scope=GOLD2
2026-08-14T23:06:37+00:00 GATE_SKIP [47/820] id=GDD03_07 window=OOS reason=IS_NOT_SURVIVOR
2026-08-14T23:06:37+00:00 GATE_SKIP [47/820] id=GDD03_07 window=XM5 reason=OOS_NOT_PROMISING
2026-08-14T23:06:37+00:00 SKIP_EXISTING [48/820] id=GDD03_08 window=IS scope=GOLD2
2026-08-14T23:06:37+00:00 GATE_SKIP [48/820] id=GDD03_08 window=OOS reason=IS_NOT_SURVIVOR
2026-08-14T23:06:37+00:00 GATE_SKIP [48/820] id=GDD03_08 window=XM5 reason=OOS_NOT_PROMISING
2026-08-14T23:06:37+00:00 SKIP_EXISTING [49/820] id=GDD03_09 window=IS scope=GOLD2
2026-08-14T23:06:37+00:00 GATE_SKIP [49/820] id=GDD03_09 window=OOS reason=IS_NOT_SURVIVOR
2026-08-14T23:06:37+00:00 GATE_SKIP [49/820] id=GDD03_09 window=XM5 reason=OOS_NOT_PROMISING
2026-08-14T23:06:37+00:00 SKIP_EXISTING [50/820] id=GDD03_10 window=IS scope=GOLD2
2026-08-14T23:06:37+00:00 GATE_SKIP [50/820] id=GDD03_10 window=OOS reason=IS_NOT_SURVIVOR
2026-08-14T23:06:37+00:00 GATE_SKIP [50/820] id=GDD03_10 window=XM5 reason=OOS_NOT_PROMISING
2026-08-14T23:06:37+00:00 SKIP_EXISTING [51/820] id=GDD03_11 window=IS scope=GOLD2
2026-08-14T23:06:37+00:00 GATE_SKIP [51/820] id=GDD03_11 window=OOS reason=IS_NOT_SURVIVOR
2026-08-14T23:06:37+00:00 GATE_SKIP [51/820] id=GDD03_11 window=XM5 reason=OOS_NOT_PROMISING
2026-08-14T23:06:37+00:00 SKIP_EXISTING [52/820] id=GDD03_12 window=IS scope=GOLD2
2026-08-14T23:06:37+00:00 GATE_SKIP [52/820] id=GDD03_12 window=OOS reason=IS_NOT_SURVIVOR
2026-08-14T23:06:37+00:00 GATE_SKIP [52/820] id=GDD03_12 window=XM5 reason=OOS_NOT_PROMISING
2026-08-14T23:06:37+00:00 SKIP_EXISTING [53/820] id=GDD03_13 window=IS scope=GOLD2
2026-08-14T23:06:37+00:00 GATE_SKIP [53/820] id=GDD03_13 window=OOS reason=IS_NOT_SURVIVOR
2026-08-14T23:06:37+00:00 GATE_SKIP [53/820] id=GDD03_13 window=XM5 reason=OOS_NOT_PROMISING
2026-08-14T23:06:37+00:00 SKIP_EXISTING [54/820] id=GDD03_14 window=IS scope=GOLD2
2026-08-14T23:06:37+00:00 GATE_SKIP [54/820] id=GDD03_14 window=OOS reason=IS_NOT_SURVIVOR
2026-08-14T23:06:37+00:00 GATE_SKIP [54/820] id=GDD03_14 window=XM5 reason=OOS_NOT_PROMISING
2026-08-14T23:06:37+00:00 SKIP_EXISTING [55/820] id=GDD03_15 window=IS scope=GOLD2
2026-08-14T23:06:37+00:00 GATE_SKIP [55/820] id=GDD03_15 window=OOS reason=IS_NOT_SURVIVOR
2026-08-14T23:06:37+00:00 GATE_SKIP [55/820] id=GDD03_15 window=XM5 reason=OOS_NOT_PROMISING
2026-08-14T23:06:37+00:00 SKIP_EXISTING [56/820] id=GDD03_16 window=IS scope=GOLD2
2026-08-14T23:06:37+00:00 GATE_SKIP [56/820] id=GDD03_16 window=OOS reason=IS_NOT_SURVIVOR
2026-08-14T23:06:37+00:00 GATE_SKIP [56/820] id=GDD03_16 window=XM5 reason=OOS_NOT_PROMISING
2026-08-14T23:06:37+00:00 SKIP_EXISTING [57/820] id=GDD03_17 window=IS scope=GOLD2
2026-08-14T23:06:38+00:00 GATE_SKIP [57/820] id=GDD03_17 window=OOS reason=IS_NOT_SURVIVOR
2026-08-14T23:06:38+00:00 GATE_SKIP [57/820] id=GDD03_17 window=XM5 reason=OOS_NOT_PROMISING
2026-08-14T23:06:38+00:00 SKIP_EXISTING [58/820] id=GDD03_18 window=IS scope=GOLD2
2026-08-14T23:06:38+00:00 GATE_SKIP [58/820] id=GDD03_18 window=OOS reason=IS_NOT_SURVIVOR
2026-08-14T23:06:38+00:00 GATE_SKIP [58/820] id=GDD03_18 window=XM5 reason=OOS_NOT_PROMISING
2026-08-14T23:06:38+00:00 SKIP_EXISTING [59/820] id=GDD03_19 window=IS scope=GOLD2
2026-08-14T23:06:38+00:00 GATE_SKIP [59/820] id=GDD03_19 window=OOS reason=IS_NOT_SURVIVOR
2026-08-14T23:06:38+00:00 GATE_SKIP [59/820] id=GDD03_19 window=XM5 reason=OOS_NOT_PROMISING
2026-08-14T23:06:38+00:00 SKIP_EXISTING [60/820] id=GDD03_20 window=IS scope=GOLD2
2026-08-14T23:06:38+00:00 GATE_SKIP [60/820] id=GDD03_20 window=OOS reason=IS_NOT_SURVIVOR
2026-08-14T23:06:38+00:00 GATE_SKIP [60/820] id=GDD03_20 window=XM5 reason=OOS_NOT_PROMISING
2026-08-14T23:06:38+00:00 SKIP_EXISTING [61/820] id=GDD04_01 window=IS scope=GOLD2
2026-08-14T23:06:38+00:00 GATE_SKIP [61/820] id=GDD04_01 window=OOS reason=IS_NOT_SURVIVOR
2026-08-14T23:06:38+00:00 GATE_SKIP [61/820] id=GDD04_01 window=XM5 reason=OOS_NOT_PROMISING
2026-08-14T23:06:38+00:00 SKIP_EXISTING [62/820] id=GDD04_02 window=IS scope=GOLD2
2026-08-14T23:06:38+00:00 GATE_SKIP [62/820] id=GDD04_02 window=OOS reason=IS_NOT_SURVIVOR
2026-08-14T23:06:38+00:00 GATE_SKIP [62/820] id=GDD04_02 window=XM5 reason=OOS_NOT_PROMISING
2026-08-14T23:06:38+00:00 SKIP_EXISTING [63/820] id=GDD04_03 window=IS scope=GOLD2
2026-08-14T23:06:38+00:00 GATE_SKIP [63/820] id=GDD04_03 window=OOS reason=IS_NOT_SURVIVOR
2026-08-14T23:06:38+00:00 GATE_SKIP [63/820] id=GDD04_03 window=XM5 reason=OOS_NOT_PROMISING
2026-08-14T23:06:38+00:00 SKIP_EXISTING [64/820] id=GDD04_04 window=IS scope=GOLD2
2026-08-14T23:06:38+00:00 GATE_SKIP [64/820] id=GDD04_04 window=OOS reason=IS_NOT_SURVIVOR
2026-08-14T23:06:38+00:00 GATE_SKIP [64/820] id=GDD04_04 window=XM5 reason=OOS_NOT_PROMISING
2026-08-14T23:06:38+00:00 SKIP_EXISTING [65/820] id=GDD04_05 window=IS scope=GOLD2
2026-08-14T23:06:38+00:00 GATE_SKIP [65/820] id=GDD04_05 window=OOS reason=IS_NOT_SURVIVOR
2026-08-14T23:06:38+00:00 GATE_SKIP [65/820] id=GDD04_05 window=XM5 reason=OOS_NOT_PROMISING
2026-08-14T23:06:38+00:00 SKIP_EXISTING [66/820] id=GDD04_06 window=IS scope=GOLD2
2026-08-14T23:06:38+00:00 GATE_SKIP [66/820] id=GDD04_06 window=OOS reason=IS_NOT_SURVIVOR
2026-08-14T23:06:38+00:00 GATE_SKIP [66/820] id=GDD04_06 window=XM5 reason=OOS_NOT_PROMISING
2026-08-14T23:06:38+00:00 SKIP_EXISTING [67/820] id=GDD04_07 window=IS scope=GOLD2
2026-08-14T23:06:38+00:00 GATE_SKIP [67/820] id=GDD04_07 window=OOS reason=IS_NOT_SURVIVOR
2026-08-14T23:06:38+00:00 GATE_SKIP [67/820] id=GDD04_07 window=XM5 reason=OOS_NOT_PROMISING
2026-08-14T23:06:38+00:00 SKIP_EXISTING [68/820] id=GDD04_08 window=IS scope=GOLD2
2026-08-14T23:06:38+00:00 GATE_SKIP [68/820] id=GDD04_08 window=OOS reason=IS_NOT_SURVIVOR
2026-08-14T23:06:38+00:00 GATE_SKIP [68/820] id=GDD04_08 window=XM5 reason=OOS_NOT_PROMISING
2026-08-14T23:06:38+00:00 SKIP_EXISTING [69/820] id=GDD04_09 window=IS scope=GOLD2
2026-08-14T23:06:38+00:00 GATE_SKIP [69/820] id=GDD04_09 window=OOS reason=IS_NOT_SURVIVOR
2026-08-14T23:06:38+00:00 GATE_SKIP [69/820] id=GDD04_09 window=XM5 reason=OOS_NOT_PROMISING
2026-08-14T23:06:38+00:00 SKIP_EXISTING [70/820] id=GDD04_10 window=IS scope=GOLD2
2026-08-14T23:06:38+00:00 GATE_SKIP [70/820] id=GDD04_10 window=OOS reason=IS_NOT_SURVIVOR
2026-08-14T23:06:38+00:00 GATE_SKIP [70/820] id=GDD04_10 window=XM5 reason=OOS_NOT_PROMISING
2026-08-14T23:06:38+00:00 SKIP_EXISTING [71/820] id=GDD04_11 window=IS scope=GOLD2
2026-08-14T23:06:38+00:00 GATE_SKIP [71/820] id=GDD04_11 window=OOS reason=IS_NOT_SURVIVOR
2026-08-14T23:06:38+00:00 GATE_SKIP [71/820] id=GDD04_11 window=XM5 reason=OOS_NOT_PROMISING
2026-08-14T23:06:38+00:00 SKIP_EXISTING [72/820] id=GDD04_12 window=IS scope=GOLD2
2026-08-14T23:06:38+00:00 GATE_SKIP [72/820] id=GDD04_12 window=OOS reason=IS_NOT_SURVIVOR
2026-08-14T23:06:38+00:00 GATE_SKIP [72/820] id=GDD04_12 window=XM5 reason=OOS_NOT_PROMISING
2026-08-14T23:06:38+00:00 SKIP_EXISTING [73/820] id=GDD04_13 window=IS scope=GOLD2
2026-08-14T23:06:38+00:00 GATE_SKIP [73/820] id=GDD04_13 window=OOS reason=IS_NOT_SURVIVOR
2026-08-14T23:06:38+00:00 GATE_SKIP [73/820] id=GDD04_13 window=XM5 reason=OOS_NOT_PROMISING
2026-08-14T23:06:38+00:00 SKIP_EXISTING [74/820] id=GDD04_14 window=IS scope=GOLD2
2026-08-14T23:06:38+00:00 GATE_SKIP [74/820] id=GDD04_14 window=OOS reason=IS_NOT_SURVIVOR
2026-08-14T23:06:38+00:00 GATE_SKIP [74/820] id=GDD04_14 window=XM5 reason=OOS_NOT_PROMISING
2026-08-14T23:06:38+00:00 SKIP_EXISTING [75/820] id=GDD04_15 window=IS scope=GOLD2
2026-08-14T23:06:38+00:00 GATE_SKIP [75/820] id=GDD04_15 window=OOS reason=IS_NOT_SURVIVOR
2026-08-14T23:06:38+00:00 GATE_SKIP [75/820] id=GDD04_15 window=XM5 reason=OOS_NOT_PROMISING
2026-08-14T23:06:38+00:00 SKIP_EXISTING [76/820] id=GDD04_16 window=IS scope=GOLD2
2026-08-14T23:06:38+00:00 GATE_SKIP [76/820] id=GDD04_16 window=OOS reason=IS_NOT_SURVIVOR
2026-08-14T23:06:38+00:00 GATE_SKIP [76/820] id=GDD04_16 window=XM5 reason=OOS_NOT_PROMISING
2026-08-14T23:06:38+00:00 SKIP_EXISTING [77/820] id=GDD04_17 window=IS scope=GOLD2
2026-08-14T23:06:38+00:00 GATE_SKIP [77/820] id=GDD04_17 window=OOS reason=IS_NOT_SURVIVOR
2026-08-14T23:06:38+00:00 GATE_SKIP [77/820] id=GDD04_17 window=XM5 reason=OOS_NOT_PROMISING
2026-08-14T23:06:38+00:00 SKIP_EXISTING [78/820] id=GDD04_18 window=IS scope=GOLD2
2026-08-14T23:06:38+00:00 GATE_SKIP [78/820] id=GDD04_18 window=OOS reason=IS_NOT_SURVIVOR
2026-08-14T23:06:38+00:00 GATE_SKIP [78/820] id=GDD04_18 window=XM5 reason=OOS_NOT_PROMISING
2026-08-14T23:06:38+00:00 SKIP_EXISTING [79/820] id=GDD04_19 window=IS scope=GOLD2
2026-08-14T23:06:38+00:00 GATE_SKIP [79/820] id=GDD04_19 window=OOS reason=IS_NOT_SURVIVOR
2026-08-14T23:06:38+00:00 GATE_SKIP [79/820] id=GDD04_19 window=XM5 reason=OOS_NOT_PROMISING
2026-08-14T23:06:38+00:00 SKIP_EXISTING [80/820] id=GDD04_20 window=IS scope=GOLD2
2026-08-14T23:06:38+00:00 GATE_SKIP [80/820] id=GDD04_20 window=OOS reason=IS_NOT_SURVIVOR
2026-08-14T23:06:38+00:00 GATE_SKIP [80/820] id=GDD04_20 window=XM5 reason=OOS_NOT_PROMISING
2026-08-14T23:06:38+00:00 SKIP_EXISTING [81/820] id=GDD05_01 window=IS scope=GOLD2
2026-08-14T23:06:38+00:00 GATE_SKIP [81/820] id=GDD05_01 window=OOS reason=IS_NOT_SURVIVOR
2026-08-14T23:06:38+00:00 GATE_SKIP [81/820] id=GDD05_01 window=XM5 reason=OOS_NOT_PROMISING
2026-08-14T23:06:38+00:00 SKIP_EXISTING [82/820] id=GDD05_02 window=IS scope=GOLD2
2026-08-14T23:06:38+00:00 GATE_SKIP [82/820] id=GDD05_02 window=OOS reason=IS_NOT_SURVIVOR
2026-08-14T23:06:38+00:00 GATE_SKIP [82/820] id=GDD05_02 window=XM5 reason=OOS_NOT_PROMISING
2026-08-14T23:06:38+00:00 SKIP_EXISTING [83/820] id=GDD05_03 window=IS scope=GOLD2
2026-08-14T23:06:38+00:00 GATE_SKIP [83/820] id=GDD05_03 window=OOS reason=IS_NOT_SURVIVOR
2026-08-14T23:06:38+00:00 GATE_SKIP [83/820] id=GDD05_03 window=XM5 reason=OOS_NOT_PROMISING
2026-08-14T23:06:38+00:00 SKIP_EXISTING [84/820] id=GDD05_04 window=IS scope=GOLD2
2026-08-14T23:06:38+00:00 GATE_SKIP [84/820] id=GDD05_04 window=OOS reason=IS_NOT_SURVIVOR
2026-08-14T23:06:38+00:00 GATE_SKIP [84/820] id=GDD05_04 window=XM5 reason=OOS_NOT_PROMISING
2026-08-14T23:06:38+00:00 SKIP_EXISTING [85/820] id=GDD05_05 window=IS scope=GOLD2
2026-08-14T23:06:38+00:00 GATE_SKIP [85/820] id=GDD05_05 window=OOS reason=IS_NOT_SURVIVOR
2026-08-14T23:06:38+00:00 GATE_SKIP [85/820] id=GDD05_05 window=XM5 reason=OOS_NOT_PROMISING
2026-08-14T23:06:38+00:00 SKIP_EXISTING [86/820] id=GDD05_06 window=IS scope=GOLD2
2026-08-14T23:06:38+00:00 GATE_SKIP [86/820] id=GDD05_06 window=OOS reason=IS_NOT_SURVIVOR
2026-08-14T23:06:38+00:00 GATE_SKIP [86/820] id=GDD05_06 window=XM5 reason=OOS_NOT_PROMISING
2026-08-14T23:06:38+00:00 SKIP_EXISTING [87/820] id=GDD05_07 window=IS scope=GOLD2
2026-08-14T23:06:38+00:00 GATE_SKIP [87/820] id=GDD05_07 window=OOS reason=IS_NOT_SURVIVOR
2026-08-14T23:06:38+00:00 GATE_SKIP [87/820] id=GDD05_07 window=XM5 reason=OOS_NOT_PROMISING
2026-08-14T23:06:38+00:00 SKIP_EXISTING [88/820] id=GDD05_08 window=IS scope=GOLD2
2026-08-14T23:06:38+00:00 GATE_SKIP [88/820] id=GDD05_08 window=OOS reason=IS_NOT_SURVIVOR
2026-08-14T23:06:38+00:00 GATE_SKIP [88/820] id=GDD05_08 window=XM5 reason=OOS_NOT_PROMISING
2026-08-14T23:06:38+00:00 SKIP_EXISTING [89/820] id=GDD05_09 window=IS scope=GOLD2
2026-08-14T23:06:38+00:00 GATE_SKIP [89/820] id=GDD05_09 window=OOS reason=IS_NOT_SURVIVOR
2026-08-14T23:06:38+00:00 GATE_SKIP [89/820] id=GDD05_09 window=XM5 reason=OOS_NOT_PROMISING
2026-08-14T23:06:38+00:00 SKIP_EXISTING [90/820] id=GDD05_10 window=IS scope=GOLD2
2026-08-14T23:06:38+00:00 GATE_SKIP [90/820] id=GDD05_10 window=OOS reason=IS_NOT_SURVIVOR
2026-08-14T23:06:38+00:00 GATE_SKIP [90/820] id=GDD05_10 window=XM5 reason=OOS_NOT_PROMISING
2026-08-14T23:06:38+00:00 SKIP_EXISTING [91/820] id=GDD05_11 window=IS scope=GOLD2
2026-08-14T23:06:38+00:00 GATE_SKIP [91/820] id=GDD05_11 window=OOS reason=IS_NOT_SURVIVOR
2026-08-14T23:06:38+00:00 GATE_SKIP [91/820] id=GDD05_11 window=XM5 reason=OOS_NOT_PROMISING
2026-08-14T23:06:38+00:00 SKIP_EXISTING [92/820] id=GDD05_12 window=IS scope=GOLD2
2026-08-14T23:06:38+00:00 GATE_SKIP [92/820] id=GDD05_12 window=OOS reason=IS_NOT_SURVIVOR
2026-08-14T23:06:38+00:00 GATE_SKIP [92/820] id=GDD05_12 window=XM5 reason=OOS_NOT_PROMISING
2026-08-14T23:06:38+00:00 SKIP_EXISTING [93/820] id=GDD05_13 window=IS scope=GOLD2
2026-08-14T23:06:38+00:00 GATE_SKIP [93/820] id=GDD05_13 window=OOS reason=IS_NOT_SURVIVOR
2026-08-14T23:06:38+00:00 GATE_SKIP [93/820] id=GDD05_13 window=XM5 reason=OOS_NOT_PROMISING
2026-08-14T23:06:38+00:00 SKIP_EXISTING [94/820] id=GDD05_14 window=IS scope=GOLD2
2026-08-14T23:06:38+00:00 GATE_SKIP [94/820] id=GDD05_14 window=OOS reason=IS_NOT_SURVIVOR
2026-08-14T23:06:38+00:00 GATE_SKIP [94/820] id=GDD05_14 window=XM5 reason=OOS_NOT_PROMISING
2026-08-14T23:06:38+00:00 SKIP_EXISTING [95/820] id=GDD05_15 window=IS scope=GOLD2
2026-08-14T23:06:38+00:00 GATE_SKIP [95/820] id=GDD05_15 window=OOS reason=IS_NOT_SURVIVOR
2026-08-14T23:06:38+00:00 GATE_SKIP [95/820] id=GDD05_15 window=XM5 reason=OOS_NOT_PROMISING
2026-08-14T23:06:38+00:00 SKIP_EXISTING [96/820] id=GDD05_16 window=IS scope=GOLD2
2026-08-14T23:06:38+00:00 GATE_SKIP [96/820] id=GDD05_16 window=OOS reason=IS_NOT_SURVIVOR
2026-08-14T23:06:38+00:00 GATE_SKIP [96/820] id=GDD05_16 window=XM5 reason=OOS_NOT_PROMISING
2026-08-14T23:06:38+00:00 SKIP_EXISTING [97/820] id=GDD05_17 window=IS scope=GOLD2
2026-08-14T23:06:38+00:00 GATE_SKIP [97/820] id=GDD05_17 window=OOS reason=IS_NOT_SURVIVOR
2026-08-14T23:06:38+00:00 GATE_SKIP [97/820] id=GDD05_17 window=XM5 reason=OOS_NOT_PROMISING
2026-08-14T23:06:38+00:00 SKIP_EXISTING [98/820] id=GDD05_18 window=IS scope=GOLD2
2026-08-14T23:06:38+00:00 GATE_SKIP [98/820] id=GDD05_18 window=OOS reason=IS_NOT_SURVIVOR
2026-08-14T23:06:38+00:00 GATE_SKIP [98/820] id=GDD05_18 window=XM5 reason=OOS_NOT_PROMISING
2026-08-14T23:06:38+00:00 SKIP_EXISTING [99/820] id=GDD05_19 window=IS scope=GOLD2
2026-08-14T23:06:38+00:00 GATE_SKIP [99/820] id=GDD05_19 window=OOS reason=IS_NOT_SURVIVOR
2026-08-14T23:06:38+00:00 GATE_SKIP [99/820] id=GDD05_19 window=XM5 reason=OOS_NOT_PROMISING
2026-08-14T23:06:38+00:00 SKIP_EXISTING [100/820] id=GDD05_20 window=IS scope=GOLD2
2026-08-14T23:06:38+00:00 GATE_SKIP [100/820] id=GDD05_20 window=OOS reason=IS_NOT_SURVIVOR
2026-08-14T23:06:38+00:00 GATE_SKIP [100/820] id=GDD05_20 window=XM5 reason=OOS_NOT_PROMISING
2026-08-14T23:06:38+00:00 SKIP_EXISTING [101/820] id=GDD06_01 window=IS scope=GOLD2
2026-08-14T23:06:38+00:00 SKIP_EXISTING [101/820] id=GDD06_01 window=OOS scope=GOLD2
2026-08-14T23:06:38+00:00 SKIP_EXISTING [101/820] id=GDD06_01 window=XM5 scope=XM5
2026-08-14T23:06:38+00:00 SKIP_EXISTING [102/820] id=GDD06_02 window=IS scope=GOLD2
2026-08-14T23:06:38+00:00 SKIP_EXISTING [102/820] id=GDD06_02 window=OOS scope=GOLD2
2026-08-14T23:06:38+00:00 SKIP_EXISTING [102/820] id=GDD06_02 window=XM5 scope=XM5
2026-08-14T23:06:38+00:00 SKIP_EXISTING [103/820] id=GDD06_03 window=IS scope=GOLD2
2026-08-14T23:06:38+00:00 GATE_SKIP [103/820] id=GDD06_03 window=OOS reason=IS_NOT_SURVIVOR
2026-08-14T23:06:38+00:00 GATE_SKIP [103/820] id=GDD06_03 window=XM5 reason=OOS_NOT_PROMISING
2026-08-14T23:06:38+00:00 SKIP_EXISTING [104/820] id=GDD06_04 window=IS scope=GOLD2
2026-08-14T23:06:38+00:00 GATE_SKIP [104/820] id=GDD06_04 window=OOS reason=IS_NOT_SURVIVOR
2026-08-14T23:06:38+00:00 GATE_SKIP [104/820] id=GDD06_04 window=XM5 reason=OOS_NOT_PROMISING
2026-08-14T23:06:38+00:00 SKIP_EXISTING [105/820] id=GDD06_05 window=IS scope=GOLD2
2026-08-14T23:06:38+00:00 GATE_SKIP [105/820] id=GDD06_05 window=OOS reason=IS_NOT_SURVIVOR
2026-08-14T23:06:38+00:00 GATE_SKIP [105/820] id=GDD06_05 window=XM5 reason=OOS_NOT_PROMISING
2026-08-14T23:06:38+00:00 SKIP_EXISTING [106/820] id=GDD06_06 window=IS scope=GOLD2
2026-08-14T23:06:38+00:00 SKIP_EXISTING [106/820] id=GDD06_06 window=OOS scope=GOLD2
2026-08-14T23:06:38+00:00 GATE_SKIP [106/820] id=GDD06_06 window=XM5 reason=OOS_NOT_PROMISING
2026-08-14T23:06:38+00:00 SKIP_EXISTING [107/820] id=GDD06_07 window=IS scope=GOLD2
2026-08-14T23:06:38+00:00 SKIP_EXISTING [107/820] id=GDD06_07 window=OOS scope=GOLD2
2026-08-14T23:06:38+00:00 GATE_SKIP [107/820] id=GDD06_07 window=XM5 reason=OOS_NOT_PROMISING
2026-08-14T23:06:38+00:00 SKIP_EXISTING [108/820] id=GDD06_08 window=IS scope=GOLD2
2026-08-14T23:06:38+00:00 SKIP_EXISTING [108/820] id=GDD06_08 window=OOS scope=GOLD2
2026-08-14T23:06:38+00:00 GATE_SKIP [108/820] id=GDD06_08 window=XM5 reason=OOS_NOT_PROMISING
2026-08-14T23:06:38+00:00 SKIP_EXISTING [109/820] id=GDD06_09 window=IS scope=GOLD2
2026-08-14T23:06:38+00:00 SKIP_EXISTING [109/820] id=GDD06_09 window=OOS scope=GOLD2
2026-08-14T23:06:38+00:00 GATE_SKIP [109/820] id=GDD06_09 window=XM5 reason=OOS_NOT_PROMISING
2026-08-14T23:06:38+00:00 SKIP_EXISTING [110/820] id=GDD06_10 window=IS scope=GOLD2
2026-08-14T23:06:38+00:00 SKIP_EXISTING [110/820] id=GDD06_10 window=OOS scope=GOLD2
2026-08-14T23:06:38+00:00 SKIP_EXISTING [110/820] id=GDD06_10 window=XM5 scope=XM5
2026-08-14T23:06:38+00:00 SKIP_EXISTING [111/820] id=GDD06_11 window=IS scope=GOLD2
2026-08-14T23:06:38+00:00 SKIP_EXISTING [111/820] id=GDD06_11 window=OOS scope=GOLD2
2026-08-14T23:06:38+00:00 GATE_SKIP [111/820] id=GDD06_11 window=XM5 reason=OOS_NOT_PROMISING
2026-08-14T23:06:38+00:00 SKIP_EXISTING [112/820] id=GDD06_12 window=IS scope=GOLD2
2026-08-14T23:06:38+00:00 SKIP_EXISTING [112/820] id=GDD06_12 window=OOS scope=GOLD2
2026-08-14T23:06:38+00:00 GATE_SKIP [112/820] id=GDD06_12 window=XM5 reason=OOS_NOT_PROMISING
2026-08-14T23:06:38+00:00 SKIP_EXISTING [113/820] id=GDD06_13 window=IS scope=GOLD2
2026-08-14T23:06:38+00:00 SKIP_EXISTING [113/820] id=GDD06_13 window=OOS scope=GOLD2
2026-08-14T23:06:38+00:00 GATE_SKIP [113/820] id=GDD06_13 window=XM5 reason=OOS_NOT_PROMISING
2026-08-14T23:06:38+00:00 SKIP_EXISTING [114/820] id=GDD06_14 window=IS scope=GOLD2
2026-08-14T23:06:38+00:00 SKIP_EXISTING [114/820] id=GDD06_14 window=OOS scope=GOLD2
2026-08-14T23:06:38+00:00 GATE_SKIP [114/820] id=GDD06_14 window=XM5 reason=OOS_NOT_PROMISING
2026-08-14T23:06:38+00:00 SKIP_EXISTING [115/820] id=GDD06_15 window=IS scope=GOLD2
2026-08-14T23:06:38+00:00 SKIP_EXISTING [115/820] id=GDD06_15 window=OOS scope=GOLD2
2026-08-14T23:06:38+00:00 GATE_SKIP [115/820] id=GDD06_15 window=XM5 reason=OOS_NOT_PROMISING
2026-08-14T23:06:38+00:00 SKIP_EXISTING [116/820] id=GDD06_16 window=IS scope=GOLD2
2026-08-14T23:06:38+00:00 SKIP_EXISTING [116/820] id=GDD06_16 window=OOS scope=GOLD2
2026-08-14T23:06:38+00:00 GATE_SKIP [116/820] id=GDD06_16 window=XM5 reason=OOS_NOT_PROMISING
2026-08-14T23:06:38+00:00 SKIP_EXISTING [117/820] id=GDD06_17 window=IS scope=GOLD2
2026-08-14T23:06:38+00:00 SKIP_EXISTING [117/820] id=GDD06_17 window=OOS scope=GOLD2
2026-08-14T23:06:38+00:00 GATE_SKIP [117/820] id=GDD06_17 window=XM5 reason=OOS_NOT_PROMISING
2026-08-14T23:06:38+00:00 SKIP_EXISTING [118/820] id=GDD06_18 window=IS scope=GOLD2
2026-08-14T23:06:38+00:00 GATE_SKIP [118/820] id=GDD06_18 window=OOS reason=IS_NOT_SURVIVOR
2026-08-14T23:06:38+00:00 GATE_SKIP [118/820] id=GDD06_18 window=XM5 reason=OOS_NOT_PROMISING
2026-08-14T23:06:38+00:00 SKIP_EXISTING [119/820] id=GDD06_19 window=IS scope=GOLD2
2026-08-14T23:06:38+00:00 SKIP_EXISTING [119/820] id=GDD06_19 window=OOS scope=GOLD2
2026-08-14T23:06:38+00:00 GATE_SKIP [119/820] id=GDD06_19 window=XM5 reason=OOS_NOT_PROMISING
2026-08-14T23:06:38+00:00 SKIP_EXISTING [120/820] id=GDD06_20 window=IS scope=GOLD2
2026-08-14T23:06:38+00:00 SKIP_EXISTING [120/820] id=GDD06_20 window=OOS scope=GOLD2
2026-08-14T23:06:38+00:00 SKIP_EXISTING [120/820] id=GDD06_20 window=XM5 scope=XM5
2026-08-14T23:06:38+00:00 SKIP_EXISTING [121/820] id=GDD07_01 window=IS scope=GOLD2
2026-08-14T23:06:38+00:00 SKIP_EXISTING [121/820] id=GDD07_01 window=OOS scope=GOLD2
2026-08-14T23:06:38+00:00 SKIP_EXISTING [121/820] id=GDD07_01 window=XM5 scope=XM5
2026-08-14T23:06:38+00:00 SKIP_EXISTING [122/820] id=GDD07_02 window=IS scope=GOLD2
2026-08-14T23:06:38+00:00 SKIP_EXISTING [122/820] id=GDD07_02 window=OOS scope=GOLD2
2026-08-14T23:06:38+00:00 SKIP_EXISTING [122/820] id=GDD07_02 window=XM5 scope=XM5
2026-08-14T23:06:38+00:00 SKIP_EXISTING [123/820] id=GDD07_03 window=IS scope=GOLD2
2026-08-14T23:06:38+00:00 SKIP_EXISTING [123/820] id=GDD07_03 window=OOS scope=GOLD2
2026-08-14T23:06:38+00:00 SKIP_EXISTING [123/820] id=GDD07_03 window=XM5 scope=XM5
2026-08-14T23:06:38+00:00 SKIP_EXISTING [124/820] id=GDD07_04 window=IS scope=GOLD2
2026-08-14T23:06:38+00:00 SKIP_EXISTING [124/820] id=GDD07_04 window=OOS scope=GOLD2
2026-08-14T23:06:38+00:00 SKIP_EXISTING [124/820] id=GDD07_04 window=XM5 scope=XM5
2026-08-14T23:06:38+00:00 SKIP_EXISTING [125/820] id=GDD07_05 window=IS scope=GOLD2
2026-08-14T23:06:38+00:00 SKIP_EXISTING [125/820] id=GDD07_05 window=OOS scope=GOLD2
2026-08-14T23:06:38+00:00 SKIP_EXISTING [125/820] id=GDD07_05 window=XM5 scope=XM5
2026-08-14T23:06:38+00:00 SKIP_EXISTING [126/820] id=GDD07_06 window=IS scope=GOLD2
2026-08-14T23:06:38+00:00 SKIP_EXISTING [126/820] id=GDD07_06 window=OOS scope=GOLD2
2026-08-14T23:06:38+00:00 GATE_SKIP [126/820] id=GDD07_06 window=XM5 reason=OOS_NOT_PROMISING
2026-08-14T23:06:38+00:00 SKIP_EXISTING [127/820] id=GDD07_07 window=IS scope=GOLD2
2026-08-14T23:06:38+00:00 SKIP_EXISTING [127/820] id=GDD07_07 window=OOS scope=GOLD2
2026-08-14T23:06:38+00:00 GATE_SKIP [127/820] id=GDD07_07 window=XM5 reason=OOS_NOT_PROMISING
2026-08-14T23:06:38+00:00 SKIP_EXISTING [128/820] id=GDD07_08 window=IS scope=GOLD2
2026-08-14T23:06:38+00:00 SKIP_EXISTING [128/820] id=GDD07_08 window=OOS scope=GOLD2
2026-08-14T23:06:38+00:00 GATE_SKIP [128/820] id=GDD07_08 window=XM5 reason=OOS_NOT_PROMISING
2026-08-14T23:06:38+00:00 SKIP_EXISTING [129/820] id=GDD07_09 window=IS scope=GOLD2
2026-08-14T23:06:38+00:00 SKIP_EXISTING [129/820] id=GDD07_09 window=OOS scope=GOLD2
2026-08-14T23:06:38+00:00 GATE_SKIP [129/820] id=GDD07_09 window=XM5 reason=OOS_NOT_PROMISING
2026-08-14T23:06:38+00:00 SKIP_EXISTING [130/820] id=GDD07_10 window=IS scope=GOLD2
2026-08-14T23:06:38+00:00 SKIP_EXISTING [130/820] id=GDD07_10 window=OOS scope=GOLD2
2026-08-14T23:06:38+00:00 GATE_SKIP [130/820] id=GDD07_10 window=XM5 reason=OOS_NOT_PROMISING
2026-08-14T23:06:38+00:00 SKIP_EXISTING [131/820] id=GDD07_11 window=IS scope=GOLD2
2026-08-14T23:06:38+00:00 SKIP_EXISTING [131/820] id=GDD07_11 window=OOS scope=GOLD2
2026-08-14T23:06:38+00:00 SKIP_EXISTING [131/820] id=GDD07_11 window=XM5 scope=XM5
2026-08-14T23:06:38+00:00 SKIP_EXISTING [132/820] id=GDD07_12 window=IS scope=GOLD2
2026-08-14T23:06:38+00:00 SKIP_EXISTING [132/820] id=GDD07_12 window=OOS scope=GOLD2
2026-08-14T23:06:38+00:00 SKIP_EXISTING [132/820] id=GDD07_12 window=XM5 scope=XM5
2026-08-14T23:06:38+00:00 SKIP_EXISTING [133/820] id=GDD07_13 window=IS scope=GOLD2
2026-08-14T23:06:38+00:00 SKIP_EXISTING [133/820] id=GDD07_13 window=OOS scope=GOLD2
2026-08-14T23:06:38+00:00 SKIP_EXISTING [133/820] id=GDD07_13 window=XM5 scope=XM5
2026-08-14T23:06:38+00:00 SKIP_EXISTING [134/820] id=GDD07_14 window=IS scope=GOLD2
2026-08-14T23:06:38+00:00 SKIP_EXISTING [134/820] id=GDD07_14 window=OOS scope=GOLD2
2026-08-14T23:06:38+00:00 SKIP_EXISTING [134/820] id=GDD07_14 window=XM5 scope=XM5
2026-08-14T23:06:38+00:00 SKIP_EXISTING [135/820] id=GDD07_15 window=IS scope=GOLD2
2026-08-14T23:06:38+00:00 SKIP_EXISTING [135/820] id=GDD07_15 window=OOS scope=GOLD2
2026-08-14T23:06:38+00:00 GATE_SKIP [135/820] id=GDD07_15 window=XM5 reason=OOS_NOT_PROMISING
2026-08-14T23:06:38+00:00 SKIP_EXISTING [136/820] id=GDD07_16 window=IS scope=GOLD2
2026-08-14T23:06:38+00:00 GATE_SKIP [136/820] id=GDD07_16 window=OOS reason=IS_NOT_SURVIVOR
2026-08-14T23:06:38+00:00 GATE_SKIP [136/820] id=GDD07_16 window=XM5 reason=OOS_NOT_PROMISING
2026-08-14T23:06:38+00:00 SKIP_EXISTING [137/820] id=GDD07_17 window=IS scope=GOLD2
2026-08-14T23:06:38+00:00 SKIP_EXISTING [137/820] id=GDD07_17 window=OOS scope=GOLD2
2026-08-14T23:06:38+00:00 GATE_SKIP [137/820] id=GDD07_17 window=XM5 reason=OOS_NOT_PROMISING
2026-08-14T23:06:38+00:00 SKIP_EXISTING [138/820] id=GDD07_18 window=IS scope=GOLD2
2026-08-14T23:06:38+00:00 SKIP_EXISTING [138/820] id=GDD07_18 window=OOS scope=GOLD2
2026-08-14T23:06:38+00:00 GATE_SKIP [138/820] id=GDD07_18 window=XM5 reason=OOS_NOT_PROMISING
2026-08-14T23:06:38+00:00 SKIP_EXISTING [139/820] id=GDD07_19 window=IS scope=GOLD2
2026-08-14T23:06:38+00:00 SKIP_EXISTING [139/820] id=GDD07_19 window=OOS scope=GOLD2
2026-08-14T23:06:38+00:00 GATE_SKIP [139/820] id=GDD07_19 window=XM5 reason=OOS_NOT_PROMISING
2026-08-14T23:06:38+00:00 SKIP_EXISTING [140/820] id=GDD07_20 window=IS scope=GOLD2
2026-08-14T23:06:38+00:00 SKIP_EXISTING [140/820] id=GDD07_20 window=OOS scope=GOLD2
2026-08-14T23:06:38+00:00 GATE_SKIP [140/820] id=GDD07_20 window=XM5 reason=OOS_NOT_PROMISING
2026-08-14T23:06:38+00:00 SKIP_EXISTING [141/820] id=GDD08_01 window=IS scope=GOLD2
2026-08-14T23:06:38+00:00 SKIP_EXISTING [141/820] id=GDD08_01 window=OOS scope=GOLD2
2026-08-14T23:06:38+00:00 GATE_SKIP [141/820] id=GDD08_01 window=XM5 reason=OOS_NOT_PROMISING
2026-08-14T23:06:38+00:00 SKIP_EXISTING [142/820] id=GDD08_02 window=IS scope=GOLD2
2026-08-14T23:06:38+00:00 SKIP_EXISTING [142/820] id=GDD08_02 window=OOS scope=GOLD2
2026-08-14T23:06:38+00:00 GATE_SKIP [142/820] id=GDD08_02 window=XM5 reason=OOS_NOT_PROMISING
2026-08-14T23:06:38+00:00 SKIP_EXISTING [143/820] id=GDD08_03 window=IS scope=GOLD2
2026-08-14T23:06:38+00:00 SKIP_EXISTING [143/820] id=GDD08_03 window=OOS scope=GOLD2
2026-08-14T23:06:38+00:00 GATE_SKIP [143/820] id=GDD08_03 window=XM5 reason=OOS_NOT_PROMISING
2026-08-14T23:06:39+00:00 SKIP_EXISTING [144/820] id=GDD08_04 window=IS scope=GOLD2
2026-08-14T23:06:39+00:00 SKIP_EXISTING [144/820] id=GDD08_04 window=OOS scope=GOLD2
2026-08-14T23:06:39+00:00 GATE_SKIP [144/820] id=GDD08_04 window=XM5 reason=OOS_NOT_PROMISING
2026-08-14T23:06:39+00:00 SKIP_EXISTING [145/820] id=GDD08_05 window=IS scope=GOLD2
2026-08-14T23:06:39+00:00 SKIP_EXISTING [145/820] id=GDD08_05 window=OOS scope=GOLD2
2026-08-14T23:06:39+00:00 SKIP_EXISTING [145/820] id=GDD08_05 window=XM5 scope=XM5
2026-08-14T23:06:39+00:00 SKIP_EXISTING [146/820] id=GDD08_06 window=IS scope=GOLD2
2026-08-14T23:06:39+00:00 GATE_SKIP [146/820] id=GDD08_06 window=OOS reason=IS_NOT_SURVIVOR
2026-08-14T23:06:39+00:00 GATE_SKIP [146/820] id=GDD08_06 window=XM5 reason=OOS_NOT_PROMISING
2026-08-14T23:06:39+00:00 SKIP_EXISTING [147/820] id=GDD08_07 window=IS scope=GOLD2
2026-08-14T23:06:39+00:00 SKIP_EXISTING [147/820] id=GDD08_07 window=OOS scope=GOLD2
2026-08-14T23:06:39+00:00 GATE_SKIP [147/820] id=GDD08_07 window=XM5 reason=OOS_NOT_PROMISING
2026-08-14T23:06:39+00:00 SKIP_EXISTING [148/820] id=GDD08_08 window=IS scope=GOLD2
2026-08-14T23:06:39+00:00 SKIP_EXISTING [148/820] id=GDD08_08 window=OOS scope=GOLD2
2026-08-14T23:06:39+00:00 GATE_SKIP [148/820] id=GDD08_08 window=XM5 reason=OOS_NOT_PROMISING
2026-08-14T23:06:39+00:00 SKIP_EXISTING [149/820] id=GDD08_09 window=IS scope=GOLD2
2026-08-14T23:06:39+00:00 SKIP_EXISTING [149/820] id=GDD08_09 window=OOS scope=GOLD2
2026-08-14T23:06:39+00:00 GATE_SKIP [149/820] id=GDD08_09 window=XM5 reason=OOS_NOT_PROMISING
2026-08-14T23:06:39+00:00 SKIP_EXISTING [150/820] id=GDD08_10 window=IS scope=GOLD2
2026-08-14T23:06:39+00:00 SKIP_EXISTING [150/820] id=GDD08_10 window=OOS scope=GOLD2
2026-08-14T23:06:39+00:00 SKIP_EXISTING [150/820] id=GDD08_10 window=XM5 scope=XM5
2026-08-14T23:06:39+00:00 SKIP_EXISTING [151/820] id=GDD08_11 window=IS scope=GOLD2
2026-08-14T23:06:39+00:00 SKIP_EXISTING [151/820] id=GDD08_11 window=OOS scope=GOLD2
2026-08-14T23:06:39+00:00 GATE_SKIP [151/820] id=GDD08_11 window=XM5 reason=OOS_NOT_PROMISING
2026-08-14T23:06:39+00:00 SKIP_EXISTING [152/820] id=GDD08_12 window=IS scope=GOLD2
2026-08-14T23:06:39+00:00 SKIP_EXISTING [152/820] id=GDD08_12 window=OOS scope=GOLD2
2026-08-14T23:06:39+00:00 GATE_SKIP [152/820] id=GDD08_12 window=XM5 reason=OOS_NOT_PROMISING
2026-08-14T23:06:39+00:00 SKIP_EXISTING [153/820] id=GDD08_13 window=IS scope=GOLD2
2026-08-14T23:06:39+00:00 SKIP_EXISTING [153/820] id=GDD08_13 window=OOS scope=GOLD2
2026-08-14T23:06:39+00:00 GATE_SKIP [153/820] id=GDD08_13 window=XM5 reason=OOS_NOT_PROMISING
2026-08-14T23:06:39+00:00 SKIP_EXISTING [154/820] id=GDD08_14 window=IS scope=GOLD2
2026-08-14T23:06:39+00:00 GATE_SKIP [154/820] id=GDD08_14 window=OOS reason=IS_NOT_SURVIVOR
2026-08-14T23:06:39+00:00 GATE_SKIP [154/820] id=GDD08_14 window=XM5 reason=OOS_NOT_PROMISING
2026-08-14T23:06:39+00:00 SKIP_EXISTING [155/820] id=GDD08_15 window=IS scope=GOLD2
2026-08-14T23:06:39+00:00 GATE_SKIP [155/820] id=GDD08_15 window=OOS reason=IS_NOT_SURVIVOR
2026-08-14T23:06:39+00:00 GATE_SKIP [155/820] id=GDD08_15 window=XM5 reason=OOS_NOT_PROMISING
2026-08-14T23:06:39+00:00 SKIP_EXISTING [156/820] id=GDD08_16 window=IS scope=GOLD2
2026-08-14T23:06:39+00:00 GATE_SKIP [156/820] id=GDD08_16 window=OOS reason=IS_NOT_SURVIVOR
2026-08-14T23:06:39+00:00 GATE_SKIP [156/820] id=GDD08_16 window=XM5 reason=OOS_NOT_PROMISING
2026-08-14T23:06:39+00:00 SKIP_EXISTING [157/820] id=GDD08_17 window=IS scope=GOLD2
2026-08-14T23:06:39+00:00 GATE_SKIP [157/820] id=GDD08_17 window=OOS reason=IS_NOT_SURVIVOR
2026-08-14T23:06:39+00:00 GATE_SKIP [157/820] id=GDD08_17 window=XM5 reason=OOS_NOT_PROMISING
2026-08-14T23:06:39+00:00 SKIP_EXISTING [158/820] id=GDD08_18 window=IS scope=GOLD2
2026-08-14T23:06:39+00:00 GATE_SKIP [158/820] id=GDD08_18 window=OOS reason=IS_NOT_SURVIVOR
2026-08-14T23:06:39+00:00 GATE_SKIP [158/820] id=GDD08_18 window=XM5 reason=OOS_NOT_PROMISING
2026-08-14T23:06:39+00:00 SKIP_EXISTING [159/820] id=GDD08_19 window=IS scope=GOLD2
2026-08-14T23:06:39+00:00 GATE_SKIP [159/820] id=GDD08_19 window=OOS reason=IS_NOT_SURVIVOR
2026-08-14T23:06:39+00:00 GATE_SKIP [159/820] id=GDD08_19 window=XM5 reason=OOS_NOT_PROMISING
2026-08-14T23:06:39+00:00 SKIP_EXISTING [160/820] id=GDD08_20 window=IS scope=GOLD2
2026-08-14T23:06:39+00:00 GATE_SKIP [160/820] id=GDD08_20 window=OOS reason=IS_NOT_SURVIVOR
2026-08-14T23:06:39+00:00 GATE_SKIP [160/820] id=GDD08_20 window=XM5 reason=OOS_NOT_PROMISING
2026-08-14T23:06:39+00:00 SKIP_EXISTING [161/820] id=GDD09_01 window=IS scope=GOLD2
2026-08-14T23:06:39+00:00 SKIP_EXISTING [161/820] id=GDD09_01 window=OOS scope=GOLD2
2026-08-14T23:06:39+00:00 GATE_SKIP [161/820] id=GDD09_01 window=XM5 reason=OOS_NOT_PROMISING
2026-08-14T23:06:39+00:00 SKIP_EXISTING [162/820] id=GDD09_02 window=IS scope=GOLD2
2026-08-14T23:06:39+00:00 RUN_START [162/820] id=GDD09_02 family=pb_slope window=OOS run=gdda_oos_gdd09_02_20260815080639_b68f64
2026-08-14T23:07:34+00:00 RUN_END [162/820] id=GDD09_02 window=OOS status=OK decision=OOS_REJECT elapsed=55.521s
2026-08-14T23:07:34+00:00 GATE_SKIP [162/820] id=GDD09_02 window=XM5 reason=OOS_NOT_PROMISING
2026-08-14T23:07:34+00:00 SKIP_EXISTING [163/820] id=GDD09_03 window=IS scope=GOLD2
2026-08-14T23:07:34+00:00 SKIP_EXISTING [163/820] id=GDD09_03 window=OOS scope=GOLD2
2026-08-14T23:07:34+00:00 GATE_SKIP [163/820] id=GDD09_03 window=XM5 reason=OOS_NOT_PROMISING
2026-08-14T23:07:34+00:00 SKIP_EXISTING [164/820] id=GDD09_04 window=IS scope=GOLD2
2026-08-14T23:07:34+00:00 SKIP_EXISTING [164/820] id=GDD09_04 window=OOS scope=GOLD2
2026-08-14T23:07:34+00:00 GATE_SKIP [164/820] id=GDD09_04 window=XM5 reason=OOS_NOT_PROMISING
2026-08-14T23:07:34+00:00 SKIP_EXISTING [165/820] id=GDD09_05 window=IS scope=GOLD2
2026-08-14T23:07:34+00:00 SKIP_EXISTING [165/820] id=GDD09_05 window=OOS scope=GOLD2
2026-08-14T23:07:34+00:00 GATE_SKIP [165/820] id=GDD09_05 window=XM5 reason=OOS_NOT_PROMISING
2026-08-14T23:07:34+00:00 SKIP_EXISTING [166/820] id=GDD09_06 window=IS scope=GOLD2
2026-08-14T23:07:34+00:00 SKIP_EXISTING [166/820] id=GDD09_06 window=OOS scope=GOLD2
2026-08-14T23:07:34+00:00 GATE_SKIP [166/820] id=GDD09_06 window=XM5 reason=OOS_NOT_PROMISING
2026-08-14T23:07:34+00:00 SKIP_EXISTING [167/820] id=GDD09_07 window=IS scope=GOLD2
2026-08-14T23:07:34+00:00 GATE_SKIP [167/820] id=GDD09_07 window=OOS reason=IS_NOT_SURVIVOR
2026-08-14T23:07:34+00:00 GATE_SKIP [167/820] id=GDD09_07 window=XM5 reason=OOS_NOT_PROMISING
2026-08-14T23:07:34+00:00 SKIP_EXISTING [168/820] id=GDD09_08 window=IS scope=GOLD2
2026-08-14T23:07:34+00:00 SKIP_EXISTING [168/820] id=GDD09_08 window=OOS scope=GOLD2
2026-08-14T23:07:34+00:00 GATE_SKIP [168/820] id=GDD09_08 window=XM5 reason=OOS_NOT_PROMISING
2026-08-14T23:07:34+00:00 SKIP_EXISTING [169/820] id=GDD09_09 window=IS scope=GOLD2
2026-08-14T23:07:34+00:00 SKIP_EXISTING [169/820] id=GDD09_09 window=OOS scope=GOLD2
2026-08-14T23:07:34+00:00 GATE_SKIP [169/820] id=GDD09_09 window=XM5 reason=OOS_NOT_PROMISING
2026-08-14T23:07:34+00:00 SKIP_EXISTING [170/820] id=GDD09_10 window=IS scope=GOLD2
2026-08-14T23:07:34+00:00 GATE_SKIP [170/820] id=GDD09_10 window=OOS reason=IS_NOT_SURVIVOR
2026-08-14T23:07:34+00:00 GATE_SKIP [170/820] id=GDD09_10 window=XM5 reason=OOS_NOT_PROMISING
2026-08-14T23:07:34+00:00 SKIP_EXISTING [171/820] id=GDD09_11 window=IS scope=GOLD2
2026-08-14T23:07:34+00:00 GATE_SKIP [171/820] id=GDD09_11 window=OOS reason=IS_NOT_SURVIVOR
2026-08-14T23:07:34+00:00 GATE_SKIP [171/820] id=GDD09_11 window=XM5 reason=OOS_NOT_PROMISING
2026-08-14T23:07:34+00:00 SKIP_EXISTING [172/820] id=GDD09_12 window=IS scope=GOLD2
2026-08-14T23:07:34+00:00 SKIP_EXISTING [172/820] id=GDD09_12 window=OOS scope=GOLD2
2026-08-14T23:07:34+00:00 SKIP_EXISTING [172/820] id=GDD09_12 window=XM5 scope=XM5
2026-08-14T23:07:34+00:00 SKIP_EXISTING [173/820] id=GDD09_13 window=IS scope=GOLD2
2026-08-14T23:07:34+00:00 GATE_SKIP [173/820] id=GDD09_13 window=OOS reason=IS_NOT_SURVIVOR
2026-08-14T23:07:34+00:00 GATE_SKIP [173/820] id=GDD09_13 window=XM5 reason=OOS_NOT_PROMISING
2026-08-14T23:07:34+00:00 SKIP_EXISTING [174/820] id=GDD09_14 window=IS scope=GOLD2
2026-08-14T23:07:34+00:00 SKIP_EXISTING [174/820] id=GDD09_14 window=OOS scope=GOLD2
2026-08-14T23:07:34+00:00 SKIP_EXISTING [174/820] id=GDD09_14 window=XM5 scope=XM5
2026-08-14T23:07:34+00:00 SKIP_EXISTING [175/820] id=GDD09_15 window=IS scope=GOLD2
2026-08-14T23:07:34+00:00 SKIP_EXISTING [175/820] id=GDD09_15 window=OOS scope=GOLD2
2026-08-14T23:07:34+00:00 SKIP_EXISTING [175/820] id=GDD09_15 window=XM5 scope=XM5
2026-08-14T23:07:34+00:00 SKIP_EXISTING [176/820] id=GDD09_16 window=IS scope=GOLD2
2026-08-14T23:07:34+00:00 SKIP_EXISTING [176/820] id=GDD09_16 window=OOS scope=GOLD2
2026-08-14T23:07:34+00:00 SKIP_EXISTING [176/820] id=GDD09_16 window=XM5 scope=XM5
2026-08-14T23:07:34+00:00 SKIP_EXISTING [177/820] id=GDD09_17 window=IS scope=GOLD2
2026-08-14T23:07:34+00:00 SKIP_EXISTING [177/820] id=GDD09_17 window=OOS scope=GOLD2
2026-08-14T23:07:34+00:00 SKIP_EXISTING [177/820] id=GDD09_17 window=XM5 scope=XM5
2026-08-14T23:07:34+00:00 SKIP_EXISTING [178/820] id=GDD09_18 window=IS scope=GOLD2
2026-08-14T23:07:34+00:00 SKIP_EXISTING [178/820] id=GDD09_18 window=OOS scope=GOLD2
2026-08-14T23:07:34+00:00 SKIP_EXISTING [178/820] id=GDD09_18 window=XM5 scope=XM5
2026-08-14T23:07:34+00:00 SKIP_EXISTING [179/820] id=GDD09_19 window=IS scope=GOLD2
2026-08-14T23:07:34+00:00 SKIP_EXISTING [179/820] id=GDD09_19 window=OOS scope=GOLD2
2026-08-14T23:07:34+00:00 SKIP_EXISTING [179/820] id=GDD09_19 window=XM5 scope=XM5
2026-08-14T23:07:34+00:00 SKIP_EXISTING [180/820] id=GDD09_20 window=IS scope=GOLD2
2026-08-14T23:07:34+00:00 SKIP_EXISTING [180/820] id=GDD09_20 window=OOS scope=GOLD2
2026-08-14T23:07:34+00:00 SKIP_EXISTING [180/820] id=GDD09_20 window=XM5 scope=XM5
2026-08-14T23:07:34+00:00 SKIP_EXISTING [181/820] id=GDD10_01 window=IS scope=GOLD2
2026-08-14T23:07:34+00:00 GATE_SKIP [181/820] id=GDD10_01 window=OOS reason=IS_NOT_SURVIVOR
2026-08-14T23:07:34+00:00 GATE_SKIP [181/820] id=GDD10_01 window=XM5 reason=OOS_NOT_PROMISING
2026-08-14T23:07:34+00:00 SKIP_EXISTING [182/820] id=GDD10_02 window=IS scope=GOLD2
2026-08-14T23:07:34+00:00 GATE_SKIP [182/820] id=GDD10_02 window=OOS reason=IS_NOT_SURVIVOR
2026-08-14T23:07:34+00:00 GATE_SKIP [182/820] id=GDD10_02 window=XM5 reason=OOS_NOT_PROMISING
2026-08-14T23:07:34+00:00 SKIP_EXISTING [183/820] id=GDD10_03 window=IS scope=GOLD2
2026-08-14T23:07:34+00:00 GATE_SKIP [183/820] id=GDD10_03 window=OOS reason=IS_NOT_SURVIVOR
2026-08-14T23:07:34+00:00 GATE_SKIP [183/820] id=GDD10_03 window=XM5 reason=OOS_NOT_PROMISING
2026-08-14T23:07:34+00:00 SKIP_EXISTING [184/820] id=GDD10_04 window=IS scope=GOLD2
2026-08-14T23:07:34+00:00 GATE_SKIP [184/820] id=GDD10_04 window=OOS reason=IS_NOT_SURVIVOR
2026-08-14T23:07:34+00:00 GATE_SKIP [184/820] id=GDD10_04 window=XM5 reason=OOS_NOT_PROMISING
2026-08-14T23:07:34+00:00 SKIP_EXISTING [185/820] id=GDD10_05 window=IS scope=GOLD2
2026-08-14T23:07:34+00:00 GATE_SKIP [185/820] id=GDD10_05 window=OOS reason=IS_NOT_SURVIVOR
2026-08-14T23:07:34+00:00 GATE_SKIP [185/820] id=GDD10_05 window=XM5 reason=OOS_NOT_PROMISING
2026-08-14T23:07:34+00:00 SKIP_EXISTING [186/820] id=GDD10_06 window=IS scope=GOLD2
2026-08-14T23:07:35+00:00 GATE_SKIP [186/820] id=GDD10_06 window=OOS reason=IS_NOT_SURVIVOR
2026-08-14T23:07:35+00:00 GATE_SKIP [186/820] id=GDD10_06 window=XM5 reason=OOS_NOT_PROMISING
2026-08-14T23:07:35+00:00 SKIP_EXISTING [187/820] id=GDD10_07 window=IS scope=GOLD2
2026-08-14T23:07:35+00:00 GATE_SKIP [187/820] id=GDD10_07 window=OOS reason=IS_NOT_SURVIVOR
2026-08-14T23:07:35+00:00 GATE_SKIP [187/820] id=GDD10_07 window=XM5 reason=OOS_NOT_PROMISING
2026-08-14T23:07:35+00:00 SKIP_EXISTING [188/820] id=GDD10_08 window=IS scope=GOLD2
2026-08-14T23:07:35+00:00 GATE_SKIP [188/820] id=GDD10_08 window=OOS reason=IS_NOT_SURVIVOR
2026-08-14T23:07:35+00:00 GATE_SKIP [188/820] id=GDD10_08 window=XM5 reason=OOS_NOT_PROMISING
2026-08-14T23:07:35+00:00 SKIP_EXISTING [189/820] id=GDD10_09 window=IS scope=GOLD2
2026-08-14T23:07:35+00:00 GATE_SKIP [189/820] id=GDD10_09 window=OOS reason=IS_NOT_SURVIVOR
2026-08-14T23:07:35+00:00 GATE_SKIP [189/820] id=GDD10_09 window=XM5 reason=OOS_NOT_PROMISING
2026-08-14T23:07:35+00:00 SKIP_EXISTING [190/820] id=GDD10_10 window=IS scope=GOLD2
2026-08-14T23:07:35+00:00 GATE_SKIP [190/820] id=GDD10_10 window=OOS reason=IS_NOT_SURVIVOR
2026-08-14T23:07:35+00:00 GATE_SKIP [190/820] id=GDD10_10 window=XM5 reason=OOS_NOT_PROMISING
2026-08-14T23:07:35+00:00 SKIP_EXISTING [191/820] id=GDD10_11 window=IS scope=GOLD2
2026-08-14T23:07:35+00:00 GATE_SKIP [191/820] id=GDD10_11 window=OOS reason=IS_NOT_SURVIVOR
2026-08-14T23:07:35+00:00 GATE_SKIP [191/820] id=GDD10_11 window=XM5 reason=OOS_NOT_PROMISING
2026-08-14T23:07:35+00:00 SKIP_EXISTING [192/820] id=GDD10_12 window=IS scope=GOLD2
2026-08-14T23:07:35+00:00 GATE_SKIP [192/820] id=GDD10_12 window=OOS reason=IS_NOT_SURVIVOR
2026-08-14T23:07:35+00:00 GATE_SKIP [192/820] id=GDD10_12 window=XM5 reason=OOS_NOT_PROMISING
2026-08-14T23:07:35+00:00 SKIP_EXISTING [193/820] id=GDD10_13 window=IS scope=GOLD2
2026-08-14T23:07:35+00:00 GATE_SKIP [193/820] id=GDD10_13 window=OOS reason=IS_NOT_SURVIVOR
2026-08-14T23:07:35+00:00 GATE_SKIP [193/820] id=GDD10_13 window=XM5 reason=OOS_NOT_PROMISING
2026-08-14T23:07:35+00:00 SKIP_EXISTING [194/820] id=GDD10_14 window=IS scope=GOLD2
2026-08-14T23:07:35+00:00 GATE_SKIP [194/820] id=GDD10_14 window=OOS reason=IS_NOT_SURVIVOR
2026-08-14T23:07:35+00:00 GATE_SKIP [194/820] id=GDD10_14 window=XM5 reason=OOS_NOT_PROMISING
2026-08-14T23:07:35+00:00 SKIP_EXISTING [195/820] id=GDD10_15 window=IS scope=GOLD2
2026-08-14T23:07:35+00:00 GATE_SKIP [195/820] id=GDD10_15 window=OOS reason=IS_NOT_SURVIVOR
2026-08-14T23:07:35+00:00 GATE_SKIP [195/820] id=GDD10_15 window=XM5 reason=OOS_NOT_PROMISING
2026-08-14T23:07:35+00:00 SKIP_EXISTING [196/820] id=GDD10_16 window=IS scope=GOLD2
2026-08-14T23:07:35+00:00 GATE_SKIP [196/820] id=GDD10_16 window=OOS reason=IS_NOT_SURVIVOR
2026-08-14T23:07:35+00:00 GATE_SKIP [196/820] id=GDD10_16 window=XM5 reason=OOS_NOT_PROMISING
2026-08-14T23:07:35+00:00 SKIP_EXISTING [197/820] id=GDD10_17 window=IS scope=GOLD2
2026-08-14T23:07:35+00:00 GATE_SKIP [197/820] id=GDD10_17 window=OOS reason=IS_NOT_SURVIVOR
2026-08-14T23:07:35+00:00 GATE_SKIP [197/820] id=GDD10_17 window=XM5 reason=OOS_NOT_PROMISING
2026-08-14T23:07:35+00:00 SKIP_EXISTING [198/820] id=GDD10_18 window=IS scope=GOLD2
2026-08-14T23:07:35+00:00 GATE_SKIP [198/820] id=GDD10_18 window=OOS reason=IS_NOT_SURVIVOR
2026-08-14T23:07:35+00:00 GATE_SKIP [198/820] id=GDD10_18 window=XM5 reason=OOS_NOT_PROMISING
2026-08-14T23:07:35+00:00 SKIP_EXISTING [199/820] id=GDD10_19 window=IS scope=GOLD2
2026-08-14T23:07:35+00:00 GATE_SKIP [199/820] id=GDD10_19 window=OOS reason=IS_NOT_SURVIVOR
2026-08-14T23:07:35+00:00 GATE_SKIP [199/820] id=GDD10_19 window=XM5 reason=OOS_NOT_PROMISING
2026-08-14T23:07:35+00:00 SKIP_EXISTING [200/820] id=GDD10_20 window=IS scope=GOLD2
2026-08-14T23:07:35+00:00 GATE_SKIP [200/820] id=GDD10_20 window=OOS reason=IS_NOT_SURVIVOR
2026-08-14T23:07:35+00:00 GATE_SKIP [200/820] id=GDD10_20 window=XM5 reason=OOS_NOT_PROMISING
2026-08-14T23:07:35+00:00 SKIP_EXISTING [201/820] id=GDD11_01 window=IS scope=GOLD2
2026-08-14T23:07:35+00:00 GATE_SKIP [201/820] id=GDD11_01 window=OOS reason=IS_NOT_SURVIVOR
2026-08-14T23:07:35+00:00 GATE_SKIP [201/820] id=GDD11_01 window=XM5 reason=OOS_NOT_PROMISING
2026-08-14T23:07:35+00:00 SKIP_EXISTING [202/820] id=GDD11_02 window=IS scope=GOLD2
2026-08-14T23:07:35+00:00 GATE_SKIP [202/820] id=GDD11_02 window=OOS reason=IS_NOT_SURVIVOR
2026-08-14T23:07:35+00:00 GATE_SKIP [202/820] id=GDD11_02 window=XM5 reason=OOS_NOT_PROMISING
2026-08-14T23:07:35+00:00 SKIP_EXISTING [203/820] id=GDD11_03 window=IS scope=GOLD2
2026-08-14T23:07:35+00:00 GATE_SKIP [203/820] id=GDD11_03 window=OOS reason=IS_NOT_SURVIVOR
2026-08-14T23:07:35+00:00 GATE_SKIP [203/820] id=GDD11_03 window=XM5 reason=OOS_NOT_PROMISING
2026-08-14T23:07:35+00:00 SKIP_EXISTING [204/820] id=GDD11_04 window=IS scope=GOLD2
2026-08-14T23:07:35+00:00 GATE_SKIP [204/820] id=GDD11_04 window=OOS reason=IS_NOT_SURVIVOR
2026-08-14T23:07:35+00:00 GATE_SKIP [204/820] id=GDD11_04 window=XM5 reason=OOS_NOT_PROMISING
2026-08-14T23:07:35+00:00 SKIP_EXISTING [205/820] id=GDD11_05 window=IS scope=GOLD2
2026-08-14T23:07:35+00:00 GATE_SKIP [205/820] id=GDD11_05 window=OOS reason=IS_NOT_SURVIVOR
2026-08-14T23:07:35+00:00 GATE_SKIP [205/820] id=GDD11_05 window=XM5 reason=OOS_NOT_PROMISING
2026-08-14T23:07:35+00:00 SKIP_EXISTING [206/820] id=GDD11_06 window=IS scope=GOLD2
2026-08-14T23:07:35+00:00 GATE_SKIP [206/820] id=GDD11_06 window=OOS reason=IS_NOT_SURVIVOR
2026-08-14T23:07:35+00:00 GATE_SKIP [206/820] id=GDD11_06 window=XM5 reason=OOS_NOT_PROMISING
2026-08-14T23:07:35+00:00 SKIP_EXISTING [207/820] id=GDD11_07 window=IS scope=GOLD2
2026-08-14T23:07:35+00:00 GATE_SKIP [207/820] id=GDD11_07 window=OOS reason=IS_NOT_SURVIVOR
2026-08-14T23:07:35+00:00 GATE_SKIP [207/820] id=GDD11_07 window=XM5 reason=OOS_NOT_PROMISING
2026-08-14T23:07:35+00:00 SKIP_EXISTING [208/820] id=GDD11_08 window=IS scope=GOLD2
2026-08-14T23:07:35+00:00 GATE_SKIP [208/820] id=GDD11_08 window=OOS reason=IS_NOT_SURVIVOR
2026-08-14T23:07:35+00:00 GATE_SKIP [208/820] id=GDD11_08 window=XM5 reason=OOS_NOT_PROMISING
2026-08-14T23:07:35+00:00 SKIP_EXISTING [209/820] id=GDD11_09 window=IS scope=GOLD2
2026-08-14T23:07:35+00:00 GATE_SKIP [209/820] id=GDD11_09 window=OOS reason=IS_NOT_SURVIVOR
2026-08-14T23:07:35+00:00 GATE_SKIP [209/820] id=GDD11_09 window=XM5 reason=OOS_NOT_PROMISING
2026-08-14T23:07:35+00:00 SKIP_EXISTING [210/820] id=GDD11_10 window=IS scope=GOLD2
2026-08-14T23:07:35+00:00 GATE_SKIP [210/820] id=GDD11_10 window=OOS reason=IS_NOT_SURVIVOR
2026-08-14T23:07:35+00:00 GATE_SKIP [210/820] id=GDD11_10 window=XM5 reason=OOS_NOT_PROMISING
2026-08-14T23:07:35+00:00 SKIP_EXISTING [211/820] id=GDD11_11 window=IS scope=GOLD2
2026-08-14T23:07:35+00:00 GATE_SKIP [211/820] id=GDD11_11 window=OOS reason=IS_NOT_SURVIVOR
2026-08-14T23:07:35+00:00 GATE_SKIP [211/820] id=GDD11_11 window=XM5 reason=OOS_NOT_PROMISING
2026-08-14T23:07:35+00:00 SKIP_EXISTING [212/820] id=GDD11_12 window=IS scope=GOLD2
2026-08-14T23:07:35+00:00 GATE_SKIP [212/820] id=GDD11_12 window=OOS reason=IS_NOT_SURVIVOR
2026-08-14T23:07:35+00:00 GATE_SKIP [212/820] id=GDD11_12 window=XM5 reason=OOS_NOT_PROMISING
2026-08-14T23:07:35+00:00 SKIP_EXISTING [213/820] id=GDD11_13 window=IS scope=GOLD2
2026-08-14T23:07:35+00:00 GATE_SKIP [213/820] id=GDD11_13 window=OOS reason=IS_NOT_SURVIVOR
2026-08-14T23:07:35+00:00 GATE_SKIP [213/820] id=GDD11_13 window=XM5 reason=OOS_NOT_PROMISING
2026-08-14T23:07:35+00:00 SKIP_EXISTING [214/820] id=GDD11_14 window=IS scope=GOLD2
2026-08-14T23:07:35+00:00 GATE_SKIP [214/820] id=GDD11_14 window=OOS reason=IS_NOT_SURVIVOR
2026-08-14T23:07:35+00:00 GATE_SKIP [214/820] id=GDD11_14 window=XM5 reason=OOS_NOT_PROMISING
2026-08-14T23:07:35+00:00 SKIP_EXISTING [215/820] id=GDD11_15 window=IS scope=GOLD2
2026-08-14T23:07:35+00:00 GATE_SKIP [215/820] id=GDD11_15 window=OOS reason=IS_NOT_SURVIVOR
2026-08-14T23:07:35+00:00 GATE_SKIP [215/820] id=GDD11_15 window=XM5 reason=OOS_NOT_PROMISING
2026-08-14T23:07:35+00:00 SKIP_EXISTING [216/820] id=GDD11_16 window=IS scope=GOLD2
2026-08-14T23:07:35+00:00 GATE_SKIP [216/820] id=GDD11_16 window=OOS reason=IS_NOT_SURVIVOR
2026-08-14T23:07:35+00:00 GATE_SKIP [216/820] id=GDD11_16 window=XM5 reason=OOS_NOT_PROMISING
2026-08-14T23:07:35+00:00 SKIP_EXISTING [217/820] id=GDD11_17 window=IS scope=GOLD2
2026-08-14T23:07:35+00:00 GATE_SKIP [217/820] id=GDD11_17 window=OOS reason=IS_NOT_SURVIVOR
2026-08-14T23:07:35+00:00 GATE_SKIP [217/820] id=GDD11_17 window=XM5 reason=OOS_NOT_PROMISING
2026-08-14T23:07:35+00:00 SKIP_EXISTING [218/820] id=GDD11_18 window=IS scope=GOLD2
2026-08-14T23:07:35+00:00 GATE_SKIP [218/820] id=GDD11_18 window=OOS reason=IS_NOT_SURVIVOR
2026-08-14T23:07:35+00:00 GATE_SKIP [218/820] id=GDD11_18 window=XM5 reason=OOS_NOT_PROMISING
2026-08-14T23:07:35+00:00 SKIP_EXISTING [219/820] id=GDD11_19 window=IS scope=GOLD2
2026-08-14T23:07:35+00:00 GATE_SKIP [219/820] id=GDD11_19 window=OOS reason=IS_NOT_SURVIVOR
2026-08-14T23:07:35+00:00 GATE_SKIP [219/820] id=GDD11_19 window=XM5 reason=OOS_NOT_PROMISING
2026-08-14T23:07:35+00:00 SKIP_EXISTING [220/820] id=GDD11_20 window=IS scope=GOLD2
2026-08-14T23:07:35+00:00 GATE_SKIP [220/820] id=GDD11_20 window=OOS reason=IS_NOT_SURVIVOR
2026-08-14T23:07:35+00:00 GATE_SKIP [220/820] id=GDD11_20 window=XM5 reason=OOS_NOT_PROMISING
2026-08-14T23:07:35+00:00 SKIP_EXISTING [221/820] id=GDD12_01 window=IS scope=GOLD2
2026-08-14T23:07:35+00:00 GATE_SKIP [221/820] id=GDD12_01 window=OOS reason=IS_NOT_SURVIVOR
2026-08-14T23:07:35+00:00 GATE_SKIP [221/820] id=GDD12_01 window=XM5 reason=OOS_NOT_PROMISING
2026-08-14T23:07:35+00:00 SKIP_EXISTING [222/820] id=GDD12_02 window=IS scope=GOLD2
2026-08-14T23:07:35+00:00 GATE_SKIP [222/820] id=GDD12_02 window=OOS reason=IS_NOT_SURVIVOR
2026-08-14T23:07:35+00:00 GATE_SKIP [222/820] id=GDD12_02 window=XM5 reason=OOS_NOT_PROMISING
2026-08-14T23:07:35+00:00 SKIP_EXISTING [223/820] id=GDD12_03 window=IS scope=GOLD2
2026-08-14T23:07:35+00:00 GATE_SKIP [223/820] id=GDD12_03 window=OOS reason=IS_NOT_SURVIVOR
2026-08-14T23:07:35+00:00 GATE_SKIP [223/820] id=GDD12_03 window=XM5 reason=OOS_NOT_PROMISING
2026-08-14T23:07:35+00:00 SKIP_EXISTING [224/820] id=GDD12_04 window=IS scope=GOLD2
2026-08-14T23:07:35+00:00 GATE_SKIP [224/820] id=GDD12_04 window=OOS reason=IS_NOT_SURVIVOR
2026-08-14T23:07:35+00:00 GATE_SKIP [224/820] id=GDD12_04 window=XM5 reason=OOS_NOT_PROMISING
2026-08-14T23:07:35+00:00 SKIP_EXISTING [225/820] id=GDD12_05 window=IS scope=GOLD2
2026-08-14T23:07:35+00:00 GATE_SKIP [225/820] id=GDD12_05 window=OOS reason=IS_NOT_SURVIVOR
2026-08-14T23:07:35+00:00 GATE_SKIP [225/820] id=GDD12_05 window=XM5 reason=OOS_NOT_PROMISING
2026-08-14T23:07:35+00:00 SKIP_EXISTING [226/820] id=GDD12_06 window=IS scope=GOLD2
2026-08-14T23:07:35+00:00 GATE_SKIP [226/820] id=GDD12_06 window=OOS reason=IS_NOT_SURVIVOR
2026-08-14T23:07:35+00:00 GATE_SKIP [226/820] id=GDD12_06 window=XM5 reason=OOS_NOT_PROMISING
2026-08-14T23:07:35+00:00 SKIP_EXISTING [227/820] id=GDD12_07 window=IS scope=GOLD2
2026-08-14T23:07:35+00:00 GATE_SKIP [227/820] id=GDD12_07 window=OOS reason=IS_NOT_SURVIVOR
2026-08-14T23:07:35+00:00 GATE_SKIP [227/820] id=GDD12_07 window=XM5 reason=OOS_NOT_PROMISING
2026-08-14T23:07:35+00:00 SKIP_EXISTING [228/820] id=GDD12_08 window=IS scope=GOLD2
2026-08-14T23:07:35+00:00 GATE_SKIP [228/820] id=GDD12_08 window=OOS reason=IS_NOT_SURVIVOR
2026-08-14T23:07:35+00:00 GATE_SKIP [228/820] id=GDD12_08 window=XM5 reason=OOS_NOT_PROMISING
2026-08-14T23:07:35+00:00 SKIP_EXISTING [229/820] id=GDD12_09 window=IS scope=GOLD2
2026-08-14T23:07:35+00:00 GATE_SKIP [229/820] id=GDD12_09 window=OOS reason=IS_NOT_SURVIVOR
2026-08-14T23:07:35+00:00 GATE_SKIP [229/820] id=GDD12_09 window=XM5 reason=OOS_NOT_PROMISING
2026-08-14T23:07:35+00:00 SKIP_EXISTING [230/820] id=GDD12_10 window=IS scope=GOLD2
2026-08-14T23:07:35+00:00 GATE_SKIP [230/820] id=GDD12_10 window=OOS reason=IS_NOT_SURVIVOR
2026-08-14T23:07:35+00:00 GATE_SKIP [230/820] id=GDD12_10 window=XM5 reason=OOS_NOT_PROMISING
2026-08-14T23:07:35+00:00 SKIP_EXISTING [231/820] id=GDD12_11 window=IS scope=GOLD2
2026-08-14T23:07:35+00:00 GATE_SKIP [231/820] id=GDD12_11 window=OOS reason=IS_NOT_SURVIVOR
2026-08-14T23:07:35+00:00 GATE_SKIP [231/820] id=GDD12_11 window=XM5 reason=OOS_NOT_PROMISING
2026-08-14T23:07:35+00:00 SKIP_EXISTING [232/820] id=GDD12_12 window=IS scope=GOLD2
2026-08-14T23:07:35+00:00 GATE_SKIP [232/820] id=GDD12_12 window=OOS reason=IS_NOT_SURVIVOR
2026-08-14T23:07:35+00:00 GATE_SKIP [232/820] id=GDD12_12 window=XM5 reason=OOS_NOT_PROMISING
2026-08-14T23:07:35+00:00 SKIP_EXISTING [233/820] id=GDD12_13 window=IS scope=GOLD2
2026-08-14T23:07:35+00:00 GATE_SKIP [233/820] id=GDD12_13 window=OOS reason=IS_NOT_SURVIVOR
2026-08-14T23:07:35+00:00 GATE_SKIP [233/820] id=GDD12_13 window=XM5 reason=OOS_NOT_PROMISING
2026-08-14T23:07:35+00:00 SKIP_EXISTING [234/820] id=GDD12_14 window=IS scope=GOLD2
2026-08-14T23:07:35+00:00 GATE_SKIP [234/820] id=GDD12_14 window=OOS reason=IS_NOT_SURVIVOR
2026-08-14T23:07:35+00:00 GATE_SKIP [234/820] id=GDD12_14 window=XM5 reason=OOS_NOT_PROMISING
2026-08-14T23:07:35+00:00 SKIP_EXISTING [235/820] id=GDD12_15 window=IS scope=GOLD2
2026-08-14T23:07:35+00:00 GATE_SKIP [235/820] id=GDD12_15 window=OOS reason=IS_NOT_SURVIVOR
2026-08-14T23:07:35+00:00 GATE_SKIP [235/820] id=GDD12_15 window=XM5 reason=OOS_NOT_PROMISING
2026-08-14T23:07:35+00:00 SKIP_EXISTING [236/820] id=GDD12_16 window=IS scope=GOLD2
2026-08-14T23:07:35+00:00 GATE_SKIP [236/820] id=GDD12_16 window=OOS reason=IS_NOT_SURVIVOR
2026-08-14T23:07:35+00:00 GATE_SKIP [236/820] id=GDD12_16 window=XM5 reason=OOS_NOT_PROMISING
2026-08-14T23:07:35+00:00 SKIP_EXISTING [237/820] id=GDD12_17 window=IS scope=GOLD2
2026-08-14T23:07:35+00:00 GATE_SKIP [237/820] id=GDD12_17 window=OOS reason=IS_NOT_SURVIVOR
2026-08-14T23:07:35+00:00 GATE_SKIP [237/820] id=GDD12_17 window=XM5 reason=OOS_NOT_PROMISING
2026-08-14T23:07:35+00:00 SKIP_EXISTING [238/820] id=GDD12_18 window=IS scope=GOLD2
2026-08-14T23:07:35+00:00 GATE_SKIP [238/820] id=GDD12_18 window=OOS reason=IS_NOT_SURVIVOR
2026-08-14T23:07:35+00:00 GATE_SKIP [238/820] id=GDD12_18 window=XM5 reason=OOS_NOT_PROMISING
2026-08-14T23:07:35+00:00 SKIP_EXISTING [239/820] id=GDD12_19 window=IS scope=GOLD2
2026-08-14T23:07:35+00:00 GATE_SKIP [239/820] id=GDD12_19 window=OOS reason=IS_NOT_SURVIVOR
2026-08-14T23:07:35+00:00 GATE_SKIP [239/820] id=GDD12_19 window=XM5 reason=OOS_NOT_PROMISING
2026-08-14T23:07:35+00:00 SKIP_EXISTING [240/820] id=GDD12_20 window=IS scope=GOLD2
2026-08-14T23:07:35+00:00 GATE_SKIP [240/820] id=GDD12_20 window=OOS reason=IS_NOT_SURVIVOR
2026-08-14T23:07:35+00:00 GATE_SKIP [240/820] id=GDD12_20 window=XM5 reason=OOS_NOT_PROMISING
2026-08-14T23:07:35+00:00 SKIP_EXISTING [241/820] id=GDD13_01 window=IS scope=GOLD2
2026-08-14T23:07:35+00:00 GATE_SKIP [241/820] id=GDD13_01 window=OOS reason=IS_NOT_SURVIVOR
2026-08-14T23:07:35+00:00 GATE_SKIP [241/820] id=GDD13_01 window=XM5 reason=OOS_NOT_PROMISING
2026-08-14T23:07:35+00:00 SKIP_EXISTING [242/820] id=GDD13_02 window=IS scope=GOLD2
2026-08-14T23:07:35+00:00 GATE_SKIP [242/820] id=GDD13_02 window=OOS reason=IS_NOT_SURVIVOR
2026-08-14T23:07:35+00:00 GATE_SKIP [242/820] id=GDD13_02 window=XM5 reason=OOS_NOT_PROMISING
2026-08-14T23:07:35+00:00 SKIP_EXISTING [243/820] id=GDD13_03 window=IS scope=GOLD2
2026-08-14T23:07:35+00:00 GATE_SKIP [243/820] id=GDD13_03 window=OOS reason=IS_NOT_SURVIVOR
2026-08-14T23:07:35+00:00 GATE_SKIP [243/820] id=GDD13_03 window=XM5 reason=OOS_NOT_PROMISING
2026-08-14T23:07:35+00:00 SKIP_EXISTING [244/820] id=GDD13_04 window=IS scope=GOLD2
2026-08-14T23:07:35+00:00 GATE_SKIP [244/820] id=GDD13_04 window=OOS reason=IS_NOT_SURVIVOR
2026-08-14T23:07:35+00:00 GATE_SKIP [244/820] id=GDD13_04 window=XM5 reason=OOS_NOT_PROMISING
2026-08-14T23:07:35+00:00 SKIP_EXISTING [245/820] id=GDD13_05 window=IS scope=GOLD2
2026-08-14T23:07:35+00:00 GATE_SKIP [245/820] id=GDD13_05 window=OOS reason=IS_NOT_SURVIVOR
2026-08-14T23:07:35+00:00 GATE_SKIP [245/820] id=GDD13_05 window=XM5 reason=OOS_NOT_PROMISING
2026-08-14T23:07:35+00:00 SKIP_EXISTING [246/820] id=GDD13_06 window=IS scope=GOLD2
2026-08-14T23:07:35+00:00 GATE_SKIP [246/820] id=GDD13_06 window=OOS reason=IS_NOT_SURVIVOR
2026-08-14T23:07:35+00:00 GATE_SKIP [246/820] id=GDD13_06 window=XM5 reason=OOS_NOT_PROMISING
2026-08-14T23:07:35+00:00 SKIP_EXISTING [247/820] id=GDD13_07 window=IS scope=GOLD2
2026-08-14T23:07:35+00:00 GATE_SKIP [247/820] id=GDD13_07 window=OOS reason=IS_NOT_SURVIVOR
2026-08-14T23:07:35+00:00 GATE_SKIP [247/820] id=GDD13_07 window=XM5 reason=OOS_NOT_PROMISING
2026-08-14T23:07:35+00:00 SKIP_EXISTING [248/820] id=GDD13_08 window=IS scope=GOLD2
2026-08-14T23:07:35+00:00 GATE_SKIP [248/820] id=GDD13_08 window=OOS reason=IS_NOT_SURVIVOR
2026-08-14T23:07:35+00:00 GATE_SKIP [248/820] id=GDD13_08 window=XM5 reason=OOS_NOT_PROMISING
2026-08-14T23:07:35+00:00 SKIP_EXISTING [249/820] id=GDD13_09 window=IS scope=GOLD2
2026-08-14T23:07:36+00:00 GATE_SKIP [249/820] id=GDD13_09 window=OOS reason=IS_NOT_SURVIVOR
2026-08-14T23:07:36+00:00 GATE_SKIP [249/820] id=GDD13_09 window=XM5 reason=OOS_NOT_PROMISING
2026-08-14T23:07:36+00:00 SKIP_EXISTING [250/820] id=GDD13_10 window=IS scope=GOLD2
2026-08-14T23:07:36+00:00 GATE_SKIP [250/820] id=GDD13_10 window=OOS reason=IS_NOT_SURVIVOR
2026-08-14T23:07:36+00:00 GATE_SKIP [250/820] id=GDD13_10 window=XM5 reason=OOS_NOT_PROMISING
2026-08-14T23:07:36+00:00 SKIP_EXISTING [251/820] id=GDD13_11 window=IS scope=GOLD2
2026-08-14T23:07:36+00:00 GATE_SKIP [251/820] id=GDD13_11 window=OOS reason=IS_NOT_SURVIVOR
2026-08-14T23:07:36+00:00 GATE_SKIP [251/820] id=GDD13_11 window=XM5 reason=OOS_NOT_PROMISING
2026-08-14T23:07:36+00:00 SKIP_EXISTING [252/820] id=GDD13_12 window=IS scope=GOLD2
2026-08-14T23:07:36+00:00 GATE_SKIP [252/820] id=GDD13_12 window=OOS reason=IS_NOT_SURVIVOR
2026-08-14T23:07:36+00:00 GATE_SKIP [252/820] id=GDD13_12 window=XM5 reason=OOS_NOT_PROMISING
2026-08-14T23:07:36+00:00 SKIP_EXISTING [253/820] id=GDD13_13 window=IS scope=GOLD2
2026-08-14T23:07:36+00:00 GATE_SKIP [253/820] id=GDD13_13 window=OOS reason=IS_NOT_SURVIVOR
2026-08-14T23:07:36+00:00 GATE_SKIP [253/820] id=GDD13_13 window=XM5 reason=OOS_NOT_PROMISING
2026-08-14T23:07:36+00:00 SKIP_EXISTING [254/820] id=GDD13_14 window=IS scope=GOLD2
2026-08-14T23:07:36+00:00 GATE_SKIP [254/820] id=GDD13_14 window=OOS reason=IS_NOT_SURVIVOR
2026-08-14T23:07:36+00:00 GATE_SKIP [254/820] id=GDD13_14 window=XM5 reason=OOS_NOT_PROMISING
2026-08-14T23:07:36+00:00 SKIP_EXISTING [255/820] id=GDD13_15 window=IS scope=GOLD2
2026-08-14T23:07:36+00:00 GATE_SKIP [255/820] id=GDD13_15 window=OOS reason=IS_NOT_SURVIVOR
2026-08-14T23:07:36+00:00 GATE_SKIP [255/820] id=GDD13_15 window=XM5 reason=OOS_NOT_PROMISING
2026-08-14T23:07:36+00:00 SKIP_EXISTING [256/820] id=GDD13_16 window=IS scope=GOLD2
2026-08-14T23:07:36+00:00 GATE_SKIP [256/820] id=GDD13_16 window=OOS reason=IS_NOT_SURVIVOR
2026-08-14T23:07:36+00:00 GATE_SKIP [256/820] id=GDD13_16 window=XM5 reason=OOS_NOT_PROMISING
2026-08-14T23:07:36+00:00 SKIP_EXISTING [257/820] id=GDD13_17 window=IS scope=GOLD2
2026-08-14T23:07:36+00:00 GATE_SKIP [257/820] id=GDD13_17 window=OOS reason=IS_NOT_SURVIVOR
2026-08-14T23:07:36+00:00 GATE_SKIP [257/820] id=GDD13_17 window=XM5 reason=OOS_NOT_PROMISING
2026-08-14T23:07:36+00:00 SKIP_EXISTING [258/820] id=GDD13_18 window=IS scope=GOLD2
2026-08-14T23:07:36+00:00 GATE_SKIP [258/820] id=GDD13_18 window=OOS reason=IS_NOT_SURVIVOR
2026-08-14T23:07:36+00:00 GATE_SKIP [258/820] id=GDD13_18 window=XM5 reason=OOS_NOT_PROMISING
2026-08-14T23:07:36+00:00 SKIP_EXISTING [259/820] id=GDD13_19 window=IS scope=GOLD2
2026-08-14T23:07:36+00:00 GATE_SKIP [259/820] id=GDD13_19 window=OOS reason=IS_NOT_SURVIVOR
2026-08-14T23:07:36+00:00 GATE_SKIP [259/820] id=GDD13_19 window=XM5 reason=OOS_NOT_PROMISING
2026-08-14T23:07:36+00:00 SKIP_EXISTING [260/820] id=GDD13_20 window=IS scope=GOLD2
2026-08-14T23:07:36+00:00 GATE_SKIP [260/820] id=GDD13_20 window=OOS reason=IS_NOT_SURVIVOR
2026-08-14T23:07:36+00:00 GATE_SKIP [260/820] id=GDD13_20 window=XM5 reason=OOS_NOT_PROMISING
2026-08-14T23:07:36+00:00 SKIP_EXISTING [261/820] id=GDD14_01 window=IS scope=GOLD2
2026-08-14T23:07:36+00:00 GATE_SKIP [261/820] id=GDD14_01 window=OOS reason=IS_NOT_SURVIVOR
2026-08-14T23:07:36+00:00 GATE_SKIP [261/820] id=GDD14_01 window=XM5 reason=OOS_NOT_PROMISING
2026-08-14T23:07:36+00:00 SKIP_EXISTING [262/820] id=GDD14_02 window=IS scope=GOLD2
2026-08-14T23:07:36+00:00 GATE_SKIP [262/820] id=GDD14_02 window=OOS reason=IS_NOT_SURVIVOR
2026-08-14T23:07:36+00:00 GATE_SKIP [262/820] id=GDD14_02 window=XM5 reason=OOS_NOT_PROMISING
2026-08-14T23:07:36+00:00 SKIP_EXISTING [263/820] id=GDD14_03 window=IS scope=GOLD2
2026-08-14T23:07:36+00:00 GATE_SKIP [263/820] id=GDD14_03 window=OOS reason=IS_NOT_SURVIVOR
2026-08-14T23:07:36+00:00 GATE_SKIP [263/820] id=GDD14_03 window=XM5 reason=OOS_NOT_PROMISING
2026-08-14T23:07:36+00:00 SKIP_EXISTING [264/820] id=GDD14_04 window=IS scope=GOLD2
2026-08-14T23:07:36+00:00 GATE_SKIP [264/820] id=GDD14_04 window=OOS reason=IS_NOT_SURVIVOR
2026-08-14T23:07:36+00:00 GATE_SKIP [264/820] id=GDD14_04 window=XM5 reason=OOS_NOT_PROMISING
2026-08-14T23:07:36+00:00 SKIP_EXISTING [265/820] id=GDD14_05 window=IS scope=GOLD2
2026-08-14T23:07:36+00:00 GATE_SKIP [265/820] id=GDD14_05 window=OOS reason=IS_NOT_SURVIVOR
2026-08-14T23:07:36+00:00 GATE_SKIP [265/820] id=GDD14_05 window=XM5 reason=OOS_NOT_PROMISING
2026-08-14T23:07:36+00:00 SKIP_EXISTING [266/820] id=GDD14_06 window=IS scope=GOLD2
2026-08-14T23:07:36+00:00 GATE_SKIP [266/820] id=GDD14_06 window=OOS reason=IS_NOT_SURVIVOR
2026-08-14T23:07:36+00:00 GATE_SKIP [266/820] id=GDD14_06 window=XM5 reason=OOS_NOT_PROMISING
2026-08-14T23:07:36+00:00 SKIP_EXISTING [267/820] id=GDD14_07 window=IS scope=GOLD2
2026-08-14T23:07:36+00:00 GATE_SKIP [267/820] id=GDD14_07 window=OOS reason=IS_NOT_SURVIVOR
2026-08-14T23:07:36+00:00 GATE_SKIP [267/820] id=GDD14_07 window=XM5 reason=OOS_NOT_PROMISING
2026-08-14T23:07:36+00:00 SKIP_EXISTING [268/820] id=GDD14_08 window=IS scope=GOLD2
2026-08-14T23:07:36+00:00 GATE_SKIP [268/820] id=GDD14_08 window=OOS reason=IS_NOT_SURVIVOR
2026-08-14T23:07:36+00:00 GATE_SKIP [268/820] id=GDD14_08 window=XM5 reason=OOS_NOT_PROMISING
2026-08-14T23:07:36+00:00 SKIP_EXISTING [269/820] id=GDD14_09 window=IS scope=GOLD2
2026-08-14T23:07:36+00:00 GATE_SKIP [269/820] id=GDD14_09 window=OOS reason=IS_NOT_SURVIVOR
2026-08-14T23:07:36+00:00 GATE_SKIP [269/820] id=GDD14_09 window=XM5 reason=OOS_NOT_PROMISING
2026-08-14T23:07:36+00:00 SKIP_EXISTING [270/820] id=GDD14_10 window=IS scope=GOLD2
2026-08-14T23:07:36+00:00 GATE_SKIP [270/820] id=GDD14_10 window=OOS reason=IS_NOT_SURVIVOR
2026-08-14T23:07:36+00:00 GATE_SKIP [270/820] id=GDD14_10 window=XM5 reason=OOS_NOT_PROMISING
2026-08-14T23:07:36+00:00 SKIP_EXISTING [271/820] id=GDD14_11 window=IS scope=GOLD2
2026-08-14T23:07:36+00:00 GATE_SKIP [271/820] id=GDD14_11 window=OOS reason=IS_NOT_SURVIVOR
2026-08-14T23:07:36+00:00 GATE_SKIP [271/820] id=GDD14_11 window=XM5 reason=OOS_NOT_PROMISING
2026-08-14T23:07:36+00:00 SKIP_EXISTING [272/820] id=GDD14_12 window=IS scope=GOLD2
2026-08-14T23:07:36+00:00 GATE_SKIP [272/820] id=GDD14_12 window=OOS reason=IS_NOT_SURVIVOR
2026-08-14T23:07:36+00:00 GATE_SKIP [272/820] id=GDD14_12 window=XM5 reason=OOS_NOT_PROMISING
2026-08-14T23:07:36+00:00 SKIP_EXISTING [273/820] id=GDD14_13 window=IS scope=GOLD2
2026-08-14T23:07:36+00:00 GATE_SKIP [273/820] id=GDD14_13 window=OOS reason=IS_NOT_SURVIVOR
2026-08-14T23:07:36+00:00 GATE_SKIP [273/820] id=GDD14_13 window=XM5 reason=OOS_NOT_PROMISING
2026-08-14T23:07:36+00:00 SKIP_EXISTING [274/820] id=GDD14_14 window=IS scope=GOLD2
2026-08-14T23:07:36+00:00 GATE_SKIP [274/820] id=GDD14_14 window=OOS reason=IS_NOT_SURVIVOR
2026-08-14T23:07:36+00:00 GATE_SKIP [274/820] id=GDD14_14 window=XM5 reason=OOS_NOT_PROMISING
2026-08-14T23:07:36+00:00 SKIP_EXISTING [275/820] id=GDD14_15 window=IS scope=GOLD2
2026-08-14T23:07:36+00:00 GATE_SKIP [275/820] id=GDD14_15 window=OOS reason=IS_NOT_SURVIVOR
2026-08-14T23:07:36+00:00 GATE_SKIP [275/820] id=GDD14_15 window=XM5 reason=OOS_NOT_PROMISING
2026-08-14T23:07:36+00:00 SKIP_EXISTING [276/820] id=GDD14_16 window=IS scope=GOLD2
2026-08-14T23:07:36+00:00 GATE_SKIP [276/820] id=GDD14_16 window=OOS reason=IS_NOT_SURVIVOR
2026-08-14T23:07:36+00:00 GATE_SKIP [276/820] id=GDD14_16 window=XM5 reason=OOS_NOT_PROMISING
2026-08-14T23:07:36+00:00 SKIP_EXISTING [277/820] id=GDD14_17 window=IS scope=GOLD2
2026-08-14T23:07:36+00:00 GATE_SKIP [277/820] id=GDD14_17 window=OOS reason=IS_NOT_SURVIVOR
2026-08-14T23:07:36+00:00 GATE_SKIP [277/820] id=GDD14_17 window=XM5 reason=OOS_NOT_PROMISING
2026-08-14T23:07:36+00:00 SKIP_EXISTING [278/820] id=GDD14_18 window=IS scope=GOLD2
2026-08-14T23:07:36+00:00 GATE_SKIP [278/820] id=GDD14_18 window=OOS reason=IS_NOT_SURVIVOR
2026-08-14T23:07:36+00:00 GATE_SKIP [278/820] id=GDD14_18 window=XM5 reason=OOS_NOT_PROMISING
2026-08-14T23:07:36+00:00 SKIP_EXISTING [279/820] id=GDD14_19 window=IS scope=GOLD2
2026-08-14T23:07:36+00:00 GATE_SKIP [279/820] id=GDD14_19 window=OOS reason=IS_NOT_SURVIVOR
2026-08-14T23:07:36+00:00 GATE_SKIP [279/820] id=GDD14_19 window=XM5 reason=OOS_NOT_PROMISING
2026-08-14T23:07:36+00:00 SKIP_EXISTING [280/820] id=GDD14_20 window=IS scope=GOLD2
2026-08-14T23:07:36+00:00 GATE_SKIP [280/820] id=GDD14_20 window=OOS reason=IS_NOT_SURVIVOR
2026-08-14T23:07:36+00:00 GATE_SKIP [280/820] id=GDD14_20 window=XM5 reason=OOS_NOT_PROMISING
2026-08-14T23:07:36+00:00 SKIP_EXISTING [281/820] id=GDD15_01 window=IS scope=GOLD2
2026-08-14T23:07:36+00:00 GATE_SKIP [281/820] id=GDD15_01 window=OOS reason=IS_NOT_SURVIVOR
2026-08-14T23:07:36+00:00 GATE_SKIP [281/820] id=GDD15_01 window=XM5 reason=OOS_NOT_PROMISING
2026-08-14T23:07:36+00:00 SKIP_EXISTING [282/820] id=GDD15_02 window=IS scope=GOLD2
2026-08-14T23:07:36+00:00 GATE_SKIP [282/820] id=GDD15_02 window=OOS reason=IS_NOT_SURVIVOR
2026-08-14T23:07:36+00:00 GATE_SKIP [282/820] id=GDD15_02 window=XM5 reason=OOS_NOT_PROMISING
2026-08-14T23:07:36+00:00 SKIP_EXISTING [283/820] id=GDD15_03 window=IS scope=GOLD2
2026-08-14T23:07:36+00:00 GATE_SKIP [283/820] id=GDD15_03 window=OOS reason=IS_NOT_SURVIVOR
2026-08-14T23:07:36+00:00 GATE_SKIP [283/820] id=GDD15_03 window=XM5 reason=OOS_NOT_PROMISING
2026-08-14T23:07:36+00:00 SKIP_EXISTING [284/820] id=GDD15_04 window=IS scope=GOLD2
2026-08-14T23:07:36+00:00 GATE_SKIP [284/820] id=GDD15_04 window=OOS reason=IS_NOT_SURVIVOR
2026-08-14T23:07:36+00:00 GATE_SKIP [284/820] id=GDD15_04 window=XM5 reason=OOS_NOT_PROMISING
2026-08-14T23:07:36+00:00 SKIP_EXISTING [285/820] id=GDD15_05 window=IS scope=GOLD2
2026-08-14T23:07:36+00:00 GATE_SKIP [285/820] id=GDD15_05 window=OOS reason=IS_NOT_SURVIVOR
2026-08-14T23:07:36+00:00 GATE_SKIP [285/820] id=GDD15_05 window=XM5 reason=OOS_NOT_PROMISING
2026-08-14T23:07:36+00:00 SKIP_EXISTING [286/820] id=GDD15_06 window=IS scope=GOLD2
2026-08-14T23:07:36+00:00 GATE_SKIP [286/820] id=GDD15_06 window=OOS reason=IS_NOT_SURVIVOR
2026-08-14T23:07:36+00:00 GATE_SKIP [286/820] id=GDD15_06 window=XM5 reason=OOS_NOT_PROMISING
2026-08-14T23:07:36+00:00 SKIP_EXISTING [287/820] id=GDD15_07 window=IS scope=GOLD2
2026-08-14T23:07:36+00:00 GATE_SKIP [287/820] id=GDD15_07 window=OOS reason=IS_NOT_SURVIVOR
2026-08-14T23:07:36+00:00 GATE_SKIP [287/820] id=GDD15_07 window=XM5 reason=OOS_NOT_PROMISING
2026-08-14T23:07:36+00:00 SKIP_EXISTING [288/820] id=GDD15_08 window=IS scope=GOLD2
2026-08-14T23:07:36+00:00 GATE_SKIP [288/820] id=GDD15_08 window=OOS reason=IS_NOT_SURVIVOR
2026-08-14T23:07:36+00:00 GATE_SKIP [288/820] id=GDD15_08 window=XM5 reason=OOS_NOT_PROMISING
2026-08-14T23:07:36+00:00 SKIP_EXISTING [289/820] id=GDD15_09 window=IS scope=GOLD2
2026-08-14T23:07:36+00:00 GATE_SKIP [289/820] id=GDD15_09 window=OOS reason=IS_NOT_SURVIVOR
2026-08-14T23:07:36+00:00 GATE_SKIP [289/820] id=GDD15_09 window=XM5 reason=OOS_NOT_PROMISING
2026-08-14T23:07:36+00:00 SKIP_EXISTING [290/820] id=GDD15_10 window=IS scope=GOLD2
2026-08-14T23:07:36+00:00 GATE_SKIP [290/820] id=GDD15_10 window=OOS reason=IS_NOT_SURVIVOR
2026-08-14T23:07:36+00:00 GATE_SKIP [290/820] id=GDD15_10 window=XM5 reason=OOS_NOT_PROMISING
2026-08-14T23:07:36+00:00 SKIP_EXISTING [291/820] id=GDD15_11 window=IS scope=GOLD2
2026-08-14T23:07:36+00:00 GATE_SKIP [291/820] id=GDD15_11 window=OOS reason=IS_NOT_SURVIVOR
2026-08-14T23:07:36+00:00 GATE_SKIP [291/820] id=GDD15_11 window=XM5 reason=OOS_NOT_PROMISING
2026-08-14T23:07:36+00:00 SKIP_EXISTING [292/820] id=GDD15_12 window=IS scope=GOLD2
2026-08-14T23:07:36+00:00 GATE_SKIP [292/820] id=GDD15_12 window=OOS reason=IS_NOT_SURVIVOR
2026-08-14T23:07:36+00:00 GATE_SKIP [292/820] id=GDD15_12 window=XM5 reason=OOS_NOT_PROMISING
2026-08-14T23:07:36+00:00 SKIP_EXISTING [293/820] id=GDD15_13 window=IS scope=GOLD2
2026-08-14T23:07:36+00:00 GATE_SKIP [293/820] id=GDD15_13 window=OOS reason=IS_NOT_SURVIVOR
2026-08-14T23:07:36+00:00 GATE_SKIP [293/820] id=GDD15_13 window=XM5 reason=OOS_NOT_PROMISING
2026-08-14T23:07:36+00:00 SKIP_EXISTING [294/820] id=GDD15_14 window=IS scope=GOLD2
2026-08-14T23:07:36+00:00 GATE_SKIP [294/820] id=GDD15_14 window=OOS reason=IS_NOT_SURVIVOR
2026-08-14T23:07:36+00:00 GATE_SKIP [294/820] id=GDD15_14 window=XM5 reason=OOS_NOT_PROMISING
2026-08-14T23:07:36+00:00 SKIP_EXISTING [295/820] id=GDD15_15 window=IS scope=GOLD2
2026-08-14T23:07:36+00:00 GATE_SKIP [295/820] id=GDD15_15 window=OOS reason=IS_NOT_SURVIVOR
2026-08-14T23:07:36+00:00 GATE_SKIP [295/820] id=GDD15_15 window=XM5 reason=OOS_NOT_PROMISING
2026-08-14T23:07:36+00:00 SKIP_EXISTING [296/820] id=GDD15_16 window=IS scope=GOLD2
2026-08-14T23:07:36+00:00 GATE_SKIP [296/820] id=GDD15_16 window=OOS reason=IS_NOT_SURVIVOR
2026-08-14T23:07:36+00:00 GATE_SKIP [296/820] id=GDD15_16 window=XM5 reason=OOS_NOT_PROMISING
2026-08-14T23:07:36+00:00 SKIP_EXISTING [297/820] id=GDD15_17 window=IS scope=GOLD2
2026-08-14T23:07:36+00:00 GATE_SKIP [297/820] id=GDD15_17 window=OOS reason=IS_NOT_SURVIVOR
2026-08-14T23:07:36+00:00 GATE_SKIP [297/820] id=GDD15_17 window=XM5 reason=OOS_NOT_PROMISING
2026-08-14T23:07:36+00:00 SKIP_EXISTING [298/820] id=GDD15_18 window=IS scope=GOLD2
2026-08-14T23:07:36+00:00 GATE_SKIP [298/820] id=GDD15_18 window=OOS reason=IS_NOT_SURVIVOR
2026-08-14T23:07:36+00:00 GATE_SKIP [298/820] id=GDD15_18 window=XM5 reason=OOS_NOT_PROMISING
2026-08-14T23:07:36+00:00 SKIP_EXISTING [299/820] id=GDD15_19 window=IS scope=GOLD2
2026-08-14T23:07:36+00:00 GATE_SKIP [299/820] id=GDD15_19 window=OOS reason=IS_NOT_SURVIVOR
2026-08-14T23:07:36+00:00 GATE_SKIP [299/820] id=GDD15_19 window=XM5 reason=OOS_NOT_PROMISING
2026-08-14T23:07:36+00:00 SKIP_EXISTING [300/820] id=GDD15_20 window=IS scope=GOLD2
2026-08-14T23:07:36+00:00 GATE_SKIP [300/820] id=GDD15_20 window=OOS reason=IS_NOT_SURVIVOR
2026-08-14T23:07:36+00:00 GATE_SKIP [300/820] id=GDD15_20 window=XM5 reason=OOS_NOT_PROMISING
2026-08-14T23:07:36+00:00 SKIP_EXISTING [301/820] id=GDD16_01 window=IS scope=GOLD2
2026-08-14T23:07:36+00:00 GATE_SKIP [301/820] id=GDD16_01 window=OOS reason=IS_NOT_SURVIVOR
2026-08-14T23:07:36+00:00 GATE_SKIP [301/820] id=GDD16_01 window=XM5 reason=OOS_NOT_PROMISING
2026-08-14T23:07:36+00:00 SKIP_EXISTING [302/820] id=GDD16_02 window=IS scope=GOLD2
2026-08-14T23:07:36+00:00 GATE_SKIP [302/820] id=GDD16_02 window=OOS reason=IS_NOT_SURVIVOR
2026-08-14T23:07:36+00:00 GATE_SKIP [302/820] id=GDD16_02 window=XM5 reason=OOS_NOT_PROMISING
2026-08-14T23:07:36+00:00 SKIP_EXISTING [303/820] id=GDD16_03 window=IS scope=GOLD2
2026-08-14T23:07:36+00:00 GATE_SKIP [303/820] id=GDD16_03 window=OOS reason=IS_NOT_SURVIVOR
2026-08-14T23:07:36+00:00 GATE_SKIP [303/820] id=GDD16_03 window=XM5 reason=OOS_NOT_PROMISING
2026-08-14T23:07:36+00:00 SKIP_EXISTING [304/820] id=GDD16_04 window=IS scope=GOLD2
2026-08-14T23:07:36+00:00 GATE_SKIP [304/820] id=GDD16_04 window=OOS reason=IS_NOT_SURVIVOR
2026-08-14T23:07:36+00:00 GATE_SKIP [304/820] id=GDD16_04 window=XM5 reason=OOS_NOT_PROMISING
2026-08-14T23:07:36+00:00 SKIP_EXISTING [305/820] id=GDD16_05 window=IS scope=GOLD2
2026-08-14T23:07:36+00:00 GATE_SKIP [305/820] id=GDD16_05 window=OOS reason=IS_NOT_SURVIVOR
2026-08-14T23:07:36+00:00 GATE_SKIP [305/820] id=GDD16_05 window=XM5 reason=OOS_NOT_PROMISING
2026-08-14T23:07:36+00:00 SKIP_EXISTING [306/820] id=GDD16_06 window=IS scope=GOLD2
2026-08-14T23:07:36+00:00 GATE_SKIP [306/820] id=GDD16_06 window=OOS reason=IS_NOT_SURVIVOR
2026-08-14T23:07:36+00:00 GATE_SKIP [306/820] id=GDD16_06 window=XM5 reason=OOS_NOT_PROMISING
2026-08-14T23:07:36+00:00 SKIP_EXISTING [307/820] id=GDD16_07 window=IS scope=GOLD2
2026-08-14T23:07:36+00:00 GATE_SKIP [307/820] id=GDD16_07 window=OOS reason=IS_NOT_SURVIVOR
2026-08-14T23:07:36+00:00 GATE_SKIP [307/820] id=GDD16_07 window=XM5 reason=OOS_NOT_PROMISING
2026-08-14T23:07:36+00:00 SKIP_EXISTING [308/820] id=GDD16_08 window=IS scope=GOLD2
2026-08-14T23:07:36+00:00 GATE_SKIP [308/820] id=GDD16_08 window=OOS reason=IS_NOT_SURVIVOR
2026-08-14T23:07:36+00:00 GATE_SKIP [308/820] id=GDD16_08 window=XM5 reason=OOS_NOT_PROMISING
2026-08-14T23:07:36+00:00 SKIP_EXISTING [309/820] id=GDD16_09 window=IS scope=GOLD2
2026-08-14T23:07:36+00:00 GATE_SKIP [309/820] id=GDD16_09 window=OOS reason=IS_NOT_SURVIVOR
2026-08-14T23:07:36+00:00 GATE_SKIP [309/820] id=GDD16_09 window=XM5 reason=OOS_NOT_PROMISING
2026-08-14T23:07:36+00:00 SKIP_EXISTING [310/820] id=GDD16_10 window=IS scope=GOLD2
2026-08-14T23:07:36+00:00 GATE_SKIP [310/820] id=GDD16_10 window=OOS reason=IS_NOT_SURVIVOR
2026-08-14T23:07:36+00:00 GATE_SKIP [310/820] id=GDD16_10 window=XM5 reason=OOS_NOT_PROMISING
2026-08-14T23:07:36+00:00 SKIP_EXISTING [311/820] id=GDD16_11 window=IS scope=GOLD2
2026-08-14T23:07:36+00:00 GATE_SKIP [311/820] id=GDD16_11 window=OOS reason=IS_NOT_SURVIVOR
2026-08-14T23:07:36+00:00 GATE_SKIP [311/820] id=GDD16_11 window=XM5 reason=OOS_NOT_PROMISING
2026-08-14T23:07:36+00:00 SKIP_EXISTING [312/820] id=GDD16_12 window=IS scope=GOLD2
2026-08-14T23:07:37+00:00 GATE_SKIP [312/820] id=GDD16_12 window=OOS reason=IS_NOT_SURVIVOR
2026-08-14T23:07:37+00:00 GATE_SKIP [312/820] id=GDD16_12 window=XM5 reason=OOS_NOT_PROMISING
2026-08-14T23:07:37+00:00 SKIP_EXISTING [313/820] id=GDD16_13 window=IS scope=GOLD2
2026-08-14T23:07:37+00:00 GATE_SKIP [313/820] id=GDD16_13 window=OOS reason=IS_NOT_SURVIVOR
2026-08-14T23:07:37+00:00 GATE_SKIP [313/820] id=GDD16_13 window=XM5 reason=OOS_NOT_PROMISING
2026-08-14T23:07:37+00:00 SKIP_EXISTING [314/820] id=GDD16_14 window=IS scope=GOLD2
2026-08-14T23:07:37+00:00 GATE_SKIP [314/820] id=GDD16_14 window=OOS reason=IS_NOT_SURVIVOR
2026-08-14T23:07:37+00:00 GATE_SKIP [314/820] id=GDD16_14 window=XM5 reason=OOS_NOT_PROMISING
2026-08-14T23:07:37+00:00 SKIP_EXISTING [315/820] id=GDD16_15 window=IS scope=GOLD2
2026-08-14T23:07:37+00:00 GATE_SKIP [315/820] id=GDD16_15 window=OOS reason=IS_NOT_SURVIVOR
2026-08-14T23:07:37+00:00 GATE_SKIP [315/820] id=GDD16_15 window=XM5 reason=OOS_NOT_PROMISING
2026-08-14T23:07:37+00:00 SKIP_EXISTING [316/820] id=GDD16_16 window=IS scope=GOLD2
2026-08-14T23:07:37+00:00 GATE_SKIP [316/820] id=GDD16_16 window=OOS reason=IS_NOT_SURVIVOR
2026-08-14T23:07:37+00:00 GATE_SKIP [316/820] id=GDD16_16 window=XM5 reason=OOS_NOT_PROMISING
2026-08-14T23:07:37+00:00 SKIP_EXISTING [317/820] id=GDD16_17 window=IS scope=GOLD2
2026-08-14T23:07:37+00:00 GATE_SKIP [317/820] id=GDD16_17 window=OOS reason=IS_NOT_SURVIVOR
2026-08-14T23:07:37+00:00 GATE_SKIP [317/820] id=GDD16_17 window=XM5 reason=OOS_NOT_PROMISING
2026-08-14T23:07:37+00:00 SKIP_EXISTING [318/820] id=GDD16_18 window=IS scope=GOLD2
2026-08-14T23:07:37+00:00 GATE_SKIP [318/820] id=GDD16_18 window=OOS reason=IS_NOT_SURVIVOR
2026-08-14T23:07:37+00:00 GATE_SKIP [318/820] id=GDD16_18 window=XM5 reason=OOS_NOT_PROMISING
2026-08-14T23:07:37+00:00 SKIP_EXISTING [319/820] id=GDD16_19 window=IS scope=GOLD2
2026-08-14T23:07:37+00:00 GATE_SKIP [319/820] id=GDD16_19 window=OOS reason=IS_NOT_SURVIVOR
2026-08-14T23:07:37+00:00 GATE_SKIP [319/820] id=GDD16_19 window=XM5 reason=OOS_NOT_PROMISING
2026-08-14T23:07:37+00:00 SKIP_EXISTING [320/820] id=GDD16_20 window=IS scope=GOLD2
2026-08-14T23:07:37+00:00 GATE_SKIP [320/820] id=GDD16_20 window=OOS reason=IS_NOT_SURVIVOR
2026-08-14T23:07:37+00:00 GATE_SKIP [320/820] id=GDD16_20 window=XM5 reason=OOS_NOT_PROMISING
2026-08-14T23:07:37+00:00 SKIP_EXISTING [321/820] id=GDD17_01 window=IS scope=GOLD2
2026-08-14T23:07:37+00:00 GATE_SKIP [321/820] id=GDD17_01 window=OOS reason=IS_NOT_SURVIVOR
2026-08-14T23:07:37+00:00 GATE_SKIP [321/820] id=GDD17_01 window=XM5 reason=OOS_NOT_PROMISING
2026-08-14T23:07:37+00:00 SKIP_EXISTING [322/820] id=GDD17_02 window=IS scope=GOLD2
2026-08-14T23:07:37+00:00 GATE_SKIP [322/820] id=GDD17_02 window=OOS reason=IS_NOT_SURVIVOR
2026-08-14T23:07:37+00:00 GATE_SKIP [322/820] id=GDD17_02 window=XM5 reason=OOS_NOT_PROMISING
2026-08-14T23:07:37+00:00 SKIP_EXISTING [323/820] id=GDD17_03 window=IS scope=GOLD2
2026-08-14T23:07:37+00:00 GATE_SKIP [323/820] id=GDD17_03 window=OOS reason=IS_NOT_SURVIVOR
2026-08-14T23:07:37+00:00 GATE_SKIP [323/820] id=GDD17_03 window=XM5 reason=OOS_NOT_PROMISING
2026-08-14T23:07:37+00:00 SKIP_EXISTING [324/820] id=GDD17_04 window=IS scope=GOLD2
2026-08-14T23:07:37+00:00 GATE_SKIP [324/820] id=GDD17_04 window=OOS reason=IS_NOT_SURVIVOR
2026-08-14T23:07:37+00:00 GATE_SKIP [324/820] id=GDD17_04 window=XM5 reason=OOS_NOT_PROMISING
2026-08-14T23:07:37+00:00 SKIP_EXISTING [325/820] id=GDD17_05 window=IS scope=GOLD2
2026-08-14T23:07:37+00:00 GATE_SKIP [325/820] id=GDD17_05 window=OOS reason=IS_NOT_SURVIVOR
2026-08-14T23:07:37+00:00 GATE_SKIP [325/820] id=GDD17_05 window=XM5 reason=OOS_NOT_PROMISING
2026-08-14T23:07:37+00:00 SKIP_EXISTING [326/820] id=GDD17_06 window=IS scope=GOLD2
2026-08-14T23:07:37+00:00 GATE_SKIP [326/820] id=GDD17_06 window=OOS reason=IS_NOT_SURVIVOR
2026-08-14T23:07:37+00:00 GATE_SKIP [326/820] id=GDD17_06 window=XM5 reason=OOS_NOT_PROMISING
2026-08-14T23:07:37+00:00 SKIP_EXISTING [327/820] id=GDD17_07 window=IS scope=GOLD2
2026-08-14T23:07:37+00:00 GATE_SKIP [327/820] id=GDD17_07 window=OOS reason=IS_NOT_SURVIVOR
2026-08-14T23:07:37+00:00 GATE_SKIP [327/820] id=GDD17_07 window=XM5 reason=OOS_NOT_PROMISING
2026-08-14T23:07:37+00:00 SKIP_EXISTING [328/820] id=GDD17_08 window=IS scope=GOLD2
2026-08-14T23:07:37+00:00 GATE_SKIP [328/820] id=GDD17_08 window=OOS reason=IS_NOT_SURVIVOR
2026-08-14T23:07:37+00:00 GATE_SKIP [328/820] id=GDD17_08 window=XM5 reason=OOS_NOT_PROMISING
2026-08-14T23:07:37+00:00 SKIP_EXISTING [329/820] id=GDD17_09 window=IS scope=GOLD2
2026-08-14T23:07:37+00:00 GATE_SKIP [329/820] id=GDD17_09 window=OOS reason=IS_NOT_SURVIVOR
2026-08-14T23:07:37+00:00 GATE_SKIP [329/820] id=GDD17_09 window=XM5 reason=OOS_NOT_PROMISING
2026-08-14T23:07:37+00:00 SKIP_EXISTING [330/820] id=GDD17_10 window=IS scope=GOLD2
2026-08-14T23:07:37+00:00 GATE_SKIP [330/820] id=GDD17_10 window=OOS reason=IS_NOT_SURVIVOR
2026-08-14T23:07:37+00:00 GATE_SKIP [330/820] id=GDD17_10 window=XM5 reason=OOS_NOT_PROMISING
2026-08-14T23:07:37+00:00 SKIP_EXISTING [331/820] id=GDD17_11 window=IS scope=GOLD2
2026-08-14T23:07:37+00:00 GATE_SKIP [331/820] id=GDD17_11 window=OOS reason=IS_NOT_SURVIVOR
2026-08-14T23:07:37+00:00 GATE_SKIP [331/820] id=GDD17_11 window=XM5 reason=OOS_NOT_PROMISING
2026-08-14T23:07:37+00:00 SKIP_EXISTING [332/820] id=GDD17_12 window=IS scope=GOLD2
2026-08-14T23:07:37+00:00 GATE_SKIP [332/820] id=GDD17_12 window=OOS reason=IS_NOT_SURVIVOR
2026-08-14T23:07:37+00:00 GATE_SKIP [332/820] id=GDD17_12 window=XM5 reason=OOS_NOT_PROMISING
2026-08-14T23:07:37+00:00 SKIP_EXISTING [333/820] id=GDD17_13 window=IS scope=GOLD2
2026-08-14T23:07:37+00:00 GATE_SKIP [333/820] id=GDD17_13 window=OOS reason=IS_NOT_SURVIVOR
2026-08-14T23:07:37+00:00 GATE_SKIP [333/820] id=GDD17_13 window=XM5 reason=OOS_NOT_PROMISING
2026-08-14T23:07:37+00:00 SKIP_EXISTING [334/820] id=GDD17_14 window=IS scope=GOLD2
2026-08-14T23:07:37+00:00 GATE_SKIP [334/820] id=GDD17_14 window=OOS reason=IS_NOT_SURVIVOR
2026-08-14T23:07:37+00:00 GATE_SKIP [334/820] id=GDD17_14 window=XM5 reason=OOS_NOT_PROMISING
2026-08-14T23:07:37+00:00 SKIP_EXISTING [335/820] id=GDD17_15 window=IS scope=GOLD2
2026-08-14T23:07:37+00:00 GATE_SKIP [335/820] id=GDD17_15 window=OOS reason=IS_NOT_SURVIVOR
2026-08-14T23:07:37+00:00 GATE_SKIP [335/820] id=GDD17_15 window=XM5 reason=OOS_NOT_PROMISING
2026-08-14T23:07:37+00:00 SKIP_EXISTING [336/820] id=GDD17_16 window=IS scope=GOLD2
2026-08-14T23:07:37+00:00 GATE_SKIP [336/820] id=GDD17_16 window=OOS reason=IS_NOT_SURVIVOR
2026-08-14T23:07:37+00:00 GATE_SKIP [336/820] id=GDD17_16 window=XM5 reason=OOS_NOT_PROMISING
2026-08-14T23:07:37+00:00 SKIP_EXISTING [337/820] id=GDD17_17 window=IS scope=GOLD2
2026-08-14T23:07:37+00:00 GATE_SKIP [337/820] id=GDD17_17 window=OOS reason=IS_NOT_SURVIVOR
2026-08-14T23:07:37+00:00 GATE_SKIP [337/820] id=GDD17_17 window=XM5 reason=OOS_NOT_PROMISING
2026-08-14T23:07:37+00:00 SKIP_EXISTING [338/820] id=GDD17_18 window=IS scope=GOLD2
2026-08-14T23:07:37+00:00 GATE_SKIP [338/820] id=GDD17_18 window=OOS reason=IS_NOT_SURVIVOR
2026-08-14T23:07:37+00:00 GATE_SKIP [338/820] id=GDD17_18 window=XM5 reason=OOS_NOT_PROMISING
2026-08-14T23:07:37+00:00 SKIP_EXISTING [339/820] id=GDD17_19 window=IS scope=GOLD2
2026-08-14T23:07:37+00:00 GATE_SKIP [339/820] id=GDD17_19 window=OOS reason=IS_NOT_SURVIVOR
2026-08-14T23:07:37+00:00 GATE_SKIP [339/820] id=GDD17_19 window=XM5 reason=OOS_NOT_PROMISING
2026-08-14T23:07:37+00:00 SKIP_EXISTING [340/820] id=GDD17_20 window=IS scope=GOLD2
2026-08-14T23:07:37+00:00 GATE_SKIP [340/820] id=GDD17_20 window=OOS reason=IS_NOT_SURVIVOR
2026-08-14T23:07:37+00:00 GATE_SKIP [340/820] id=GDD17_20 window=XM5 reason=OOS_NOT_PROMISING
2026-08-14T23:07:37+00:00 SKIP_EXISTING [341/820] id=GDD18_01 window=IS scope=GOLD2
2026-08-14T23:07:37+00:00 GATE_SKIP [341/820] id=GDD18_01 window=OOS reason=IS_NOT_SURVIVOR
2026-08-14T23:07:37+00:00 GATE_SKIP [341/820] id=GDD18_01 window=XM5 reason=OOS_NOT_PROMISING
2026-08-14T23:07:37+00:00 SKIP_EXISTING [342/820] id=GDD18_02 window=IS scope=GOLD2
2026-08-14T23:07:37+00:00 GATE_SKIP [342/820] id=GDD18_02 window=OOS reason=IS_NOT_SURVIVOR
2026-08-14T23:07:37+00:00 GATE_SKIP [342/820] id=GDD18_02 window=XM5 reason=OOS_NOT_PROMISING
2026-08-14T23:07:37+00:00 SKIP_EXISTING [343/820] id=GDD18_03 window=IS scope=GOLD2
2026-08-14T23:07:37+00:00 GATE_SKIP [343/820] id=GDD18_03 window=OOS reason=IS_NOT_SURVIVOR
2026-08-14T23:07:37+00:00 GATE_SKIP [343/820] id=GDD18_03 window=XM5 reason=OOS_NOT_PROMISING
2026-08-14T23:07:37+00:00 SKIP_EXISTING [344/820] id=GDD18_04 window=IS scope=GOLD2
2026-08-14T23:07:37+00:00 GATE_SKIP [344/820] id=GDD18_04 window=OOS reason=IS_NOT_SURVIVOR
2026-08-14T23:07:37+00:00 GATE_SKIP [344/820] id=GDD18_04 window=XM5 reason=OOS_NOT_PROMISING
2026-08-14T23:07:37+00:00 SKIP_EXISTING [345/820] id=GDD18_05 window=IS scope=GOLD2
2026-08-14T23:07:37+00:00 GATE_SKIP [345/820] id=GDD18_05 window=OOS reason=IS_NOT_SURVIVOR
2026-08-14T23:07:37+00:00 GATE_SKIP [345/820] id=GDD18_05 window=XM5 reason=OOS_NOT_PROMISING
2026-08-14T23:07:37+00:00 SKIP_EXISTING [346/820] id=GDD18_06 window=IS scope=GOLD2
2026-08-14T23:07:37+00:00 GATE_SKIP [346/820] id=GDD18_06 window=OOS reason=IS_NOT_SURVIVOR
2026-08-14T23:07:37+00:00 GATE_SKIP [346/820] id=GDD18_06 window=XM5 reason=OOS_NOT_PROMISING
2026-08-14T23:07:37+00:00 SKIP_EXISTING [347/820] id=GDD18_07 window=IS scope=GOLD2
2026-08-14T23:07:37+00:00 GATE_SKIP [347/820] id=GDD18_07 window=OOS reason=IS_NOT_SURVIVOR
2026-08-14T23:07:37+00:00 GATE_SKIP [347/820] id=GDD18_07 window=XM5 reason=OOS_NOT_PROMISING
2026-08-14T23:07:37+00:00 SKIP_EXISTING [348/820] id=GDD18_08 window=IS scope=GOLD2
2026-08-14T23:07:37+00:00 GATE_SKIP [348/820] id=GDD18_08 window=OOS reason=IS_NOT_SURVIVOR
2026-08-14T23:07:37+00:00 GATE_SKIP [348/820] id=GDD18_08 window=XM5 reason=OOS_NOT_PROMISING
2026-08-14T23:07:37+00:00 SKIP_EXISTING [349/820] id=GDD18_09 window=IS scope=GOLD2
2026-08-14T23:07:37+00:00 GATE_SKIP [349/820] id=GDD18_09 window=OOS reason=IS_NOT_SURVIVOR
2026-08-14T23:07:37+00:00 GATE_SKIP [349/820] id=GDD18_09 window=XM5 reason=OOS_NOT_PROMISING
2026-08-14T23:07:37+00:00 SKIP_EXISTING [350/820] id=GDD18_10 window=IS scope=GOLD2
2026-08-14T23:07:37+00:00 GATE_SKIP [350/820] id=GDD18_10 window=OOS reason=IS_NOT_SURVIVOR
2026-08-14T23:07:37+00:00 GATE_SKIP [350/820] id=GDD18_10 window=XM5 reason=OOS_NOT_PROMISING
2026-08-14T23:07:37+00:00 SKIP_EXISTING [351/820] id=GDD18_11 window=IS scope=GOLD2
2026-08-14T23:07:37+00:00 GATE_SKIP [351/820] id=GDD18_11 window=OOS reason=IS_NOT_SURVIVOR
2026-08-14T23:07:37+00:00 GATE_SKIP [351/820] id=GDD18_11 window=XM5 reason=OOS_NOT_PROMISING
2026-08-14T23:07:37+00:00 SKIP_EXISTING [352/820] id=GDD18_12 window=IS scope=GOLD2
2026-08-14T23:07:37+00:00 GATE_SKIP [352/820] id=GDD18_12 window=OOS reason=IS_NOT_SURVIVOR
2026-08-14T23:07:37+00:00 GATE_SKIP [352/820] id=GDD18_12 window=XM5 reason=OOS_NOT_PROMISING
2026-08-14T23:07:37+00:00 SKIP_EXISTING [353/820] id=GDD18_13 window=IS scope=GOLD2
2026-08-14T23:07:37+00:00 GATE_SKIP [353/820] id=GDD18_13 window=OOS reason=IS_NOT_SURVIVOR
2026-08-14T23:07:37+00:00 GATE_SKIP [353/820] id=GDD18_13 window=XM5 reason=OOS_NOT_PROMISING
2026-08-14T23:07:37+00:00 SKIP_EXISTING [354/820] id=GDD18_14 window=IS scope=GOLD2
2026-08-14T23:07:37+00:00 GATE_SKIP [354/820] id=GDD18_14 window=OOS reason=IS_NOT_SURVIVOR
2026-08-14T23:07:37+00:00 GATE_SKIP [354/820] id=GDD18_14 window=XM5 reason=OOS_NOT_PROMISING
2026-08-14T23:07:37+00:00 SKIP_EXISTING [355/820] id=GDD18_15 window=IS scope=GOLD2
2026-08-14T23:07:37+00:00 GATE_SKIP [355/820] id=GDD18_15 window=OOS reason=IS_NOT_SURVIVOR
2026-08-14T23:07:37+00:00 GATE_SKIP [355/820] id=GDD18_15 window=XM5 reason=OOS_NOT_PROMISING
2026-08-14T23:07:37+00:00 SKIP_EXISTING [356/820] id=GDD18_16 window=IS scope=GOLD2
2026-08-14T23:07:37+00:00 GATE_SKIP [356/820] id=GDD18_16 window=OOS reason=IS_NOT_SURVIVOR
2026-08-14T23:07:37+00:00 GATE_SKIP [356/820] id=GDD18_16 window=XM5 reason=OOS_NOT_PROMISING
2026-08-14T23:07:37+00:00 SKIP_EXISTING [357/820] id=GDD18_17 window=IS scope=GOLD2
2026-08-14T23:07:37+00:00 GATE_SKIP [357/820] id=GDD18_17 window=OOS reason=IS_NOT_SURVIVOR
2026-08-14T23:07:37+00:00 GATE_SKIP [357/820] id=GDD18_17 window=XM5 reason=OOS_NOT_PROMISING
2026-08-14T23:07:37+00:00 SKIP_EXISTING [358/820] id=GDD18_18 window=IS scope=GOLD2
2026-08-14T23:07:37+00:00 GATE_SKIP [358/820] id=GDD18_18 window=OOS reason=IS_NOT_SURVIVOR
2026-08-14T23:07:37+00:00 GATE_SKIP [358/820] id=GDD18_18 window=XM5 reason=OOS_NOT_PROMISING
2026-08-14T23:07:37+00:00 SKIP_EXISTING [359/820] id=GDD18_19 window=IS scope=GOLD2
2026-08-14T23:07:37+00:00 GATE_SKIP [359/820] id=GDD18_19 window=OOS reason=IS_NOT_SURVIVOR
2026-08-14T23:07:37+00:00 GATE_SKIP [359/820] id=GDD18_19 window=XM5 reason=OOS_NOT_PROMISING
2026-08-14T23:07:37+00:00 SKIP_EXISTING [360/820] id=GDD18_20 window=IS scope=GOLD2
2026-08-14T23:07:37+00:00 GATE_SKIP [360/820] id=GDD18_20 window=OOS reason=IS_NOT_SURVIVOR
2026-08-14T23:07:37+00:00 GATE_SKIP [360/820] id=GDD18_20 window=XM5 reason=OOS_NOT_PROMISING
2026-08-14T23:07:37+00:00 SKIP_EXISTING [361/820] id=GDD19_01 window=IS scope=GOLD2
2026-08-14T23:07:37+00:00 GATE_SKIP [361/820] id=GDD19_01 window=OOS reason=IS_NOT_SURVIVOR
2026-08-14T23:07:37+00:00 GATE_SKIP [361/820] id=GDD19_01 window=XM5 reason=OOS_NOT_PROMISING
2026-08-14T23:07:37+00:00 SKIP_EXISTING [362/820] id=GDD19_02 window=IS scope=GOLD2
2026-08-14T23:07:37+00:00 GATE_SKIP [362/820] id=GDD19_02 window=OOS reason=IS_NOT_SURVIVOR
2026-08-14T23:07:37+00:00 GATE_SKIP [362/820] id=GDD19_02 window=XM5 reason=OOS_NOT_PROMISING
2026-08-14T23:07:37+00:00 SKIP_EXISTING [363/820] id=GDD19_03 window=IS scope=GOLD2
2026-08-14T23:07:37+00:00 GATE_SKIP [363/820] id=GDD19_03 window=OOS reason=IS_NOT_SURVIVOR
2026-08-14T23:07:37+00:00 GATE_SKIP [363/820] id=GDD19_03 window=XM5 reason=OOS_NOT_PROMISING
2026-08-14T23:07:37+00:00 SKIP_EXISTING [364/820] id=GDD19_04 window=IS scope=GOLD2
2026-08-14T23:07:37+00:00 GATE_SKIP [364/820] id=GDD19_04 window=OOS reason=IS_NOT_SURVIVOR
2026-08-14T23:07:37+00:00 GATE_SKIP [364/820] id=GDD19_04 window=XM5 reason=OOS_NOT_PROMISING
2026-08-14T23:07:37+00:00 SKIP_EXISTING [365/820] id=GDD19_05 window=IS scope=GOLD2
2026-08-14T23:07:37+00:00 GATE_SKIP [365/820] id=GDD19_05 window=OOS reason=IS_NOT_SURVIVOR
2026-08-14T23:07:37+00:00 GATE_SKIP [365/820] id=GDD19_05 window=XM5 reason=OOS_NOT_PROMISING
2026-08-14T23:07:37+00:00 SKIP_EXISTING [366/820] id=GDD19_06 window=IS scope=GOLD2
2026-08-14T23:07:37+00:00 GATE_SKIP [366/820] id=GDD19_06 window=OOS reason=IS_NOT_SURVIVOR
2026-08-14T23:07:37+00:00 GATE_SKIP [366/820] id=GDD19_06 window=XM5 reason=OOS_NOT_PROMISING
2026-08-14T23:07:37+00:00 SKIP_EXISTING [367/820] id=GDD19_07 window=IS scope=GOLD2
2026-08-14T23:07:37+00:00 GATE_SKIP [367/820] id=GDD19_07 window=OOS reason=IS_NOT_SURVIVOR
2026-08-14T23:07:37+00:00 GATE_SKIP [367/820] id=GDD19_07 window=XM5 reason=OOS_NOT_PROMISING
2026-08-14T23:07:37+00:00 SKIP_EXISTING [368/820] id=GDD19_08 window=IS scope=GOLD2
2026-08-14T23:07:37+00:00 GATE_SKIP [368/820] id=GDD19_08 window=OOS reason=IS_NOT_SURVIVOR
2026-08-14T23:07:37+00:00 GATE_SKIP [368/820] id=GDD19_08 window=XM5 reason=OOS_NOT_PROMISING
2026-08-14T23:07:37+00:00 SKIP_EXISTING [369/820] id=GDD19_09 window=IS scope=GOLD2
2026-08-14T23:07:37+00:00 GATE_SKIP [369/820] id=GDD19_09 window=OOS reason=IS_NOT_SURVIVOR
2026-08-14T23:07:37+00:00 GATE_SKIP [369/820] id=GDD19_09 window=XM5 reason=OOS_NOT_PROMISING
2026-08-14T23:07:37+00:00 SKIP_EXISTING [370/820] id=GDD19_10 window=IS scope=GOLD2
2026-08-14T23:07:37+00:00 GATE_SKIP [370/820] id=GDD19_10 window=OOS reason=IS_NOT_SURVIVOR
2026-08-14T23:07:37+00:00 GATE_SKIP [370/820] id=GDD19_10 window=XM5 reason=OOS_NOT_PROMISING
2026-08-14T23:07:37+00:00 SKIP_EXISTING [371/820] id=GDD19_11 window=IS scope=GOLD2
2026-08-14T23:07:37+00:00 GATE_SKIP [371/820] id=GDD19_11 window=OOS reason=IS_NOT_SURVIVOR
2026-08-14T23:07:37+00:00 GATE_SKIP [371/820] id=GDD19_11 window=XM5 reason=OOS_NOT_PROMISING
2026-08-14T23:07:37+00:00 SKIP_EXISTING [372/820] id=GDD19_12 window=IS scope=GOLD2
2026-08-14T23:07:37+00:00 GATE_SKIP [372/820] id=GDD19_12 window=OOS reason=IS_NOT_SURVIVOR
2026-08-14T23:07:37+00:00 GATE_SKIP [372/820] id=GDD19_12 window=XM5 reason=OOS_NOT_PROMISING
2026-08-14T23:07:37+00:00 SKIP_EXISTING [373/820] id=GDD19_13 window=IS scope=GOLD2
2026-08-14T23:07:37+00:00 GATE_SKIP [373/820] id=GDD19_13 window=OOS reason=IS_NOT_SURVIVOR
2026-08-14T23:07:37+00:00 GATE_SKIP [373/820] id=GDD19_13 window=XM5 reason=OOS_NOT_PROMISING
2026-08-14T23:07:37+00:00 SKIP_EXISTING [374/820] id=GDD19_14 window=IS scope=GOLD2
2026-08-14T23:07:37+00:00 GATE_SKIP [374/820] id=GDD19_14 window=OOS reason=IS_NOT_SURVIVOR
2026-08-14T23:07:37+00:00 GATE_SKIP [374/820] id=GDD19_14 window=XM5 reason=OOS_NOT_PROMISING
2026-08-14T23:07:37+00:00 SKIP_EXISTING [375/820] id=GDD19_15 window=IS scope=GOLD2
2026-08-14T23:07:38+00:00 GATE_SKIP [375/820] id=GDD19_15 window=OOS reason=IS_NOT_SURVIVOR
2026-08-14T23:07:38+00:00 GATE_SKIP [375/820] id=GDD19_15 window=XM5 reason=OOS_NOT_PROMISING
2026-08-14T23:07:38+00:00 SKIP_EXISTING [376/820] id=GDD19_16 window=IS scope=GOLD2
2026-08-14T23:07:38+00:00 GATE_SKIP [376/820] id=GDD19_16 window=OOS reason=IS_NOT_SURVIVOR
2026-08-14T23:07:38+00:00 GATE_SKIP [376/820] id=GDD19_16 window=XM5 reason=OOS_NOT_PROMISING
2026-08-14T23:07:38+00:00 SKIP_EXISTING [377/820] id=GDD19_17 window=IS scope=GOLD2
2026-08-14T23:07:38+00:00 GATE_SKIP [377/820] id=GDD19_17 window=OOS reason=IS_NOT_SURVIVOR
2026-08-14T23:07:38+00:00 GATE_SKIP [377/820] id=GDD19_17 window=XM5 reason=OOS_NOT_PROMISING
2026-08-14T23:07:38+00:00 SKIP_EXISTING [378/820] id=GDD19_18 window=IS scope=GOLD2
2026-08-14T23:07:38+00:00 GATE_SKIP [378/820] id=GDD19_18 window=OOS reason=IS_NOT_SURVIVOR
2026-08-14T23:07:38+00:00 GATE_SKIP [378/820] id=GDD19_18 window=XM5 reason=OOS_NOT_PROMISING
2026-08-14T23:07:38+00:00 SKIP_EXISTING [379/820] id=GDD19_19 window=IS scope=GOLD2
2026-08-14T23:07:38+00:00 GATE_SKIP [379/820] id=GDD19_19 window=OOS reason=IS_NOT_SURVIVOR
2026-08-14T23:07:38+00:00 GATE_SKIP [379/820] id=GDD19_19 window=XM5 reason=OOS_NOT_PROMISING
2026-08-14T23:07:38+00:00 SKIP_EXISTING [380/820] id=GDD19_20 window=IS scope=GOLD2
2026-08-14T23:07:38+00:00 GATE_SKIP [380/820] id=GDD19_20 window=OOS reason=IS_NOT_SURVIVOR
2026-08-14T23:07:38+00:00 GATE_SKIP [380/820] id=GDD19_20 window=XM5 reason=OOS_NOT_PROMISING
2026-08-14T23:07:38+00:00 SKIP_EXISTING [381/820] id=GDD20_01 window=IS scope=GOLD2
2026-08-14T23:07:38+00:00 GATE_SKIP [381/820] id=GDD20_01 window=OOS reason=IS_NOT_SURVIVOR
2026-08-14T23:07:38+00:00 GATE_SKIP [381/820] id=GDD20_01 window=XM5 reason=OOS_NOT_PROMISING
2026-08-14T23:07:38+00:00 SKIP_EXISTING [382/820] id=GDD20_02 window=IS scope=GOLD2
2026-08-14T23:07:38+00:00 GATE_SKIP [382/820] id=GDD20_02 window=OOS reason=IS_NOT_SURVIVOR
2026-08-14T23:07:38+00:00 GATE_SKIP [382/820] id=GDD20_02 window=XM5 reason=OOS_NOT_PROMISING
2026-08-14T23:07:38+00:00 SKIP_EXISTING [383/820] id=GDD20_03 window=IS scope=GOLD2
2026-08-14T23:07:38+00:00 GATE_SKIP [383/820] id=GDD20_03 window=OOS reason=IS_NOT_SURVIVOR
2026-08-14T23:07:38+00:00 GATE_SKIP [383/820] id=GDD20_03 window=XM5 reason=OOS_NOT_PROMISING
2026-08-14T23:07:38+00:00 SKIP_EXISTING [384/820] id=GDD20_04 window=IS scope=GOLD2
2026-08-14T23:07:38+00:00 GATE_SKIP [384/820] id=GDD20_04 window=OOS reason=IS_NOT_SURVIVOR
2026-08-14T23:07:38+00:00 GATE_SKIP [384/820] id=GDD20_04 window=XM5 reason=OOS_NOT_PROMISING
2026-08-14T23:07:38+00:00 SKIP_EXISTING [385/820] id=GDD20_05 window=IS scope=GOLD2
2026-08-14T23:07:38+00:00 GATE_SKIP [385/820] id=GDD20_05 window=OOS reason=IS_NOT_SURVIVOR
2026-08-14T23:07:38+00:00 GATE_SKIP [385/820] id=GDD20_05 window=XM5 reason=OOS_NOT_PROMISING
2026-08-14T23:07:38+00:00 SKIP_EXISTING [386/820] id=GDD20_06 window=IS scope=GOLD2
2026-08-14T23:07:38+00:00 GATE_SKIP [386/820] id=GDD20_06 window=OOS reason=IS_NOT_SURVIVOR
2026-08-14T23:07:38+00:00 GATE_SKIP [386/820] id=GDD20_06 window=XM5 reason=OOS_NOT_PROMISING
2026-08-14T23:07:38+00:00 SKIP_EXISTING [387/820] id=GDD20_07 window=IS scope=GOLD2
2026-08-14T23:07:38+00:00 GATE_SKIP [387/820] id=GDD20_07 window=OOS reason=IS_NOT_SURVIVOR
2026-08-14T23:07:38+00:00 GATE_SKIP [387/820] id=GDD20_07 window=XM5 reason=OOS_NOT_PROMISING
2026-08-14T23:07:38+00:00 SKIP_EXISTING [388/820] id=GDD20_08 window=IS scope=GOLD2
2026-08-14T23:07:38+00:00 GATE_SKIP [388/820] id=GDD20_08 window=OOS reason=IS_NOT_SURVIVOR
2026-08-14T23:07:38+00:00 GATE_SKIP [388/820] id=GDD20_08 window=XM5 reason=OOS_NOT_PROMISING
2026-08-14T23:07:38+00:00 SKIP_EXISTING [389/820] id=GDD20_09 window=IS scope=GOLD2
2026-08-14T23:07:38+00:00 GATE_SKIP [389/820] id=GDD20_09 window=OOS reason=IS_NOT_SURVIVOR
2026-08-14T23:07:38+00:00 GATE_SKIP [389/820] id=GDD20_09 window=XM5 reason=OOS_NOT_PROMISING
2026-08-14T23:07:38+00:00 SKIP_EXISTING [390/820] id=GDD20_10 window=IS scope=GOLD2
2026-08-14T23:07:38+00:00 GATE_SKIP [390/820] id=GDD20_10 window=OOS reason=IS_NOT_SURVIVOR
2026-08-14T23:07:38+00:00 GATE_SKIP [390/820] id=GDD20_10 window=XM5 reason=OOS_NOT_PROMISING
2026-08-14T23:07:38+00:00 SKIP_EXISTING [391/820] id=GDD20_11 window=IS scope=GOLD2
2026-08-14T23:07:38+00:00 GATE_SKIP [391/820] id=GDD20_11 window=OOS reason=IS_NOT_SURVIVOR
2026-08-14T23:07:38+00:00 GATE_SKIP [391/820] id=GDD20_11 window=XM5 reason=OOS_NOT_PROMISING
2026-08-14T23:07:38+00:00 SKIP_EXISTING [392/820] id=GDD20_12 window=IS scope=GOLD2
2026-08-14T23:07:38+00:00 GATE_SKIP [392/820] id=GDD20_12 window=OOS reason=IS_NOT_SURVIVOR
2026-08-14T23:07:38+00:00 GATE_SKIP [392/820] id=GDD20_12 window=XM5 reason=OOS_NOT_PROMISING
2026-08-14T23:07:38+00:00 SKIP_EXISTING [393/820] id=GDD20_13 window=IS scope=GOLD2
2026-08-14T23:07:38+00:00 GATE_SKIP [393/820] id=GDD20_13 window=OOS reason=IS_NOT_SURVIVOR
2026-08-14T23:07:38+00:00 GATE_SKIP [393/820] id=GDD20_13 window=XM5 reason=OOS_NOT_PROMISING
2026-08-14T23:07:38+00:00 SKIP_EXISTING [394/820] id=GDD20_14 window=IS scope=GOLD2
2026-08-14T23:07:38+00:00 GATE_SKIP [394/820] id=GDD20_14 window=OOS reason=IS_NOT_SURVIVOR
2026-08-14T23:07:38+00:00 GATE_SKIP [394/820] id=GDD20_14 window=XM5 reason=OOS_NOT_PROMISING
2026-08-14T23:07:38+00:00 SKIP_EXISTING [395/820] id=GDD20_15 window=IS scope=GOLD2
2026-08-14T23:07:38+00:00 GATE_SKIP [395/820] id=GDD20_15 window=OOS reason=IS_NOT_SURVIVOR
2026-08-14T23:07:38+00:00 GATE_SKIP [395/820] id=GDD20_15 window=XM5 reason=OOS_NOT_PROMISING
2026-08-14T23:07:38+00:00 SKIP_EXISTING [396/820] id=GDD20_16 window=IS scope=GOLD2
2026-08-14T23:07:38+00:00 GATE_SKIP [396/820] id=GDD20_16 window=OOS reason=IS_NOT_SURVIVOR
2026-08-14T23:07:38+00:00 GATE_SKIP [396/820] id=GDD20_16 window=XM5 reason=OOS_NOT_PROMISING
2026-08-14T23:07:38+00:00 SKIP_EXISTING [397/820] id=GDD20_17 window=IS scope=GOLD2
2026-08-14T23:07:38+00:00 GATE_SKIP [397/820] id=GDD20_17 window=OOS reason=IS_NOT_SURVIVOR
2026-08-14T23:07:38+00:00 GATE_SKIP [397/820] id=GDD20_17 window=XM5 reason=OOS_NOT_PROMISING
2026-08-14T23:07:38+00:00 SKIP_EXISTING [398/820] id=GDD20_18 window=IS scope=GOLD2
2026-08-14T23:07:38+00:00 GATE_SKIP [398/820] id=GDD20_18 window=OOS reason=IS_NOT_SURVIVOR
2026-08-14T23:07:38+00:00 GATE_SKIP [398/820] id=GDD20_18 window=XM5 reason=OOS_NOT_PROMISING
2026-08-14T23:07:38+00:00 SKIP_EXISTING [399/820] id=GDD20_19 window=IS scope=GOLD2
2026-08-14T23:07:38+00:00 GATE_SKIP [399/820] id=GDD20_19 window=OOS reason=IS_NOT_SURVIVOR
2026-08-14T23:07:38+00:00 GATE_SKIP [399/820] id=GDD20_19 window=XM5 reason=OOS_NOT_PROMISING
2026-08-14T23:07:38+00:00 SKIP_EXISTING [400/820] id=GDD20_20 window=IS scope=GOLD2
2026-08-14T23:07:38+00:00 GATE_SKIP [400/820] id=GDD20_20 window=OOS reason=IS_NOT_SURVIVOR
2026-08-14T23:07:38+00:00 GATE_SKIP [400/820] id=GDD20_20 window=XM5 reason=OOS_NOT_PROMISING
2026-08-14T23:07:38+00:00 SKIP_EXISTING [401/820] id=GDD21_01 window=IS scope=GOLD2
2026-08-14T23:07:38+00:00 GATE_SKIP [401/820] id=GDD21_01 window=OOS reason=IS_NOT_SURVIVOR
2026-08-14T23:07:38+00:00 GATE_SKIP [401/820] id=GDD21_01 window=XM5 reason=OOS_NOT_PROMISING
2026-08-14T23:07:38+00:00 SKIP_EXISTING [402/820] id=GDD21_02 window=IS scope=GOLD2
2026-08-14T23:07:38+00:00 GATE_SKIP [402/820] id=GDD21_02 window=OOS reason=IS_NOT_SURVIVOR
2026-08-14T23:07:38+00:00 GATE_SKIP [402/820] id=GDD21_02 window=XM5 reason=OOS_NOT_PROMISING
2026-08-14T23:07:38+00:00 SKIP_EXISTING [403/820] id=GDD21_03 window=IS scope=GOLD2
2026-08-14T23:07:38+00:00 GATE_SKIP [403/820] id=GDD21_03 window=OOS reason=IS_NOT_SURVIVOR
2026-08-14T23:07:38+00:00 GATE_SKIP [403/820] id=GDD21_03 window=XM5 reason=OOS_NOT_PROMISING
2026-08-14T23:07:38+00:00 SKIP_EXISTING [404/820] id=GDD21_04 window=IS scope=GOLD2
2026-08-14T23:07:38+00:00 GATE_SKIP [404/820] id=GDD21_04 window=OOS reason=IS_NOT_SURVIVOR
2026-08-14T23:07:38+00:00 GATE_SKIP [404/820] id=GDD21_04 window=XM5 reason=OOS_NOT_PROMISING
2026-08-14T23:07:38+00:00 SKIP_EXISTING [405/820] id=GDD21_05 window=IS scope=GOLD2
2026-08-14T23:07:38+00:00 GATE_SKIP [405/820] id=GDD21_05 window=OOS reason=IS_NOT_SURVIVOR
2026-08-14T23:07:38+00:00 GATE_SKIP [405/820] id=GDD21_05 window=XM5 reason=OOS_NOT_PROMISING
2026-08-14T23:07:38+00:00 SKIP_EXISTING [406/820] id=GDD21_06 window=IS scope=GOLD2
2026-08-14T23:07:38+00:00 GATE_SKIP [406/820] id=GDD21_06 window=OOS reason=IS_NOT_SURVIVOR
2026-08-14T23:07:38+00:00 GATE_SKIP [406/820] id=GDD21_06 window=XM5 reason=OOS_NOT_PROMISING
2026-08-14T23:07:38+00:00 SKIP_EXISTING [407/820] id=GDD21_07 window=IS scope=GOLD2
2026-08-14T23:07:38+00:00 GATE_SKIP [407/820] id=GDD21_07 window=OOS reason=IS_NOT_SURVIVOR
2026-08-14T23:07:38+00:00 GATE_SKIP [407/820] id=GDD21_07 window=XM5 reason=OOS_NOT_PROMISING
2026-08-14T23:07:38+00:00 SKIP_EXISTING [408/820] id=GDD21_08 window=IS scope=GOLD2
2026-08-14T23:07:38+00:00 GATE_SKIP [408/820] id=GDD21_08 window=OOS reason=IS_NOT_SURVIVOR
2026-08-14T23:07:38+00:00 GATE_SKIP [408/820] id=GDD21_08 window=XM5 reason=OOS_NOT_PROMISING
2026-08-14T23:07:38+00:00 SKIP_EXISTING [409/820] id=GDD21_09 window=IS scope=GOLD2
2026-08-14T23:07:38+00:00 SKIP_EXISTING [409/820] id=GDD21_09 window=OOS scope=GOLD2
2026-08-14T23:07:38+00:00 GATE_SKIP [409/820] id=GDD21_09 window=XM5 reason=OOS_NOT_PROMISING
2026-08-14T23:07:38+00:00 SKIP_EXISTING [410/820] id=GDD21_10 window=IS scope=GOLD2
2026-08-14T23:07:38+00:00 SKIP_EXISTING [410/820] id=GDD21_10 window=OOS scope=GOLD2
2026-08-14T23:07:38+00:00 GATE_SKIP [410/820] id=GDD21_10 window=XM5 reason=OOS_NOT_PROMISING
2026-08-14T23:07:38+00:00 SKIP_EXISTING [411/820] id=GDD21_11 window=IS scope=GOLD2
2026-08-14T23:07:38+00:00 SKIP_EXISTING [411/820] id=GDD21_11 window=OOS scope=GOLD2
2026-08-14T23:07:38+00:00 GATE_SKIP [411/820] id=GDD21_11 window=XM5 reason=OOS_NOT_PROMISING
2026-08-14T23:07:38+00:00 SKIP_EXISTING [412/820] id=GDD21_12 window=IS scope=GOLD2
2026-08-14T23:07:38+00:00 SKIP_EXISTING [412/820] id=GDD21_12 window=OOS scope=GOLD2
2026-08-14T23:07:38+00:00 GATE_SKIP [412/820] id=GDD21_12 window=XM5 reason=OOS_NOT_PROMISING
2026-08-14T23:07:38+00:00 SKIP_EXISTING [413/820] id=GDD21_13 window=IS scope=GOLD2
2026-08-14T23:07:38+00:00 GATE_SKIP [413/820] id=GDD21_13 window=OOS reason=IS_NOT_SURVIVOR
2026-08-14T23:07:38+00:00 GATE_SKIP [413/820] id=GDD21_13 window=XM5 reason=OOS_NOT_PROMISING
2026-08-14T23:07:38+00:00 SKIP_EXISTING [414/820] id=GDD21_14 window=IS scope=GOLD2
2026-08-14T23:07:38+00:00 GATE_SKIP [414/820] id=GDD21_14 window=OOS reason=IS_NOT_SURVIVOR
2026-08-14T23:07:38+00:00 GATE_SKIP [414/820] id=GDD21_14 window=XM5 reason=OOS_NOT_PROMISING
2026-08-14T23:07:38+00:00 SKIP_EXISTING [415/820] id=GDD21_15 window=IS scope=GOLD2
2026-08-14T23:07:38+00:00 SKIP_EXISTING [415/820] id=GDD21_15 window=OOS scope=GOLD2
2026-08-14T23:07:38+00:00 GATE_SKIP [415/820] id=GDD21_15 window=XM5 reason=OOS_NOT_PROMISING
2026-08-14T23:07:38+00:00 SKIP_EXISTING [416/820] id=GDD21_16 window=IS scope=GOLD2
2026-08-14T23:07:38+00:00 SKIP_EXISTING [416/820] id=GDD21_16 window=OOS scope=GOLD2
2026-08-14T23:07:38+00:00 GATE_SKIP [416/820] id=GDD21_16 window=XM5 reason=OOS_NOT_PROMISING
2026-08-14T23:07:38+00:00 SKIP_EXISTING [417/820] id=GDD21_17 window=IS scope=GOLD2
2026-08-14T23:07:38+00:00 SKIP_EXISTING [417/820] id=GDD21_17 window=OOS scope=GOLD2
2026-08-14T23:07:38+00:00 GATE_SKIP [417/820] id=GDD21_17 window=XM5 reason=OOS_NOT_PROMISING
2026-08-14T23:07:38+00:00 SKIP_EXISTING [418/820] id=GDD21_18 window=IS scope=GOLD2
2026-08-14T23:07:38+00:00 SKIP_EXISTING [418/820] id=GDD21_18 window=OOS scope=GOLD2
2026-08-14T23:07:38+00:00 GATE_SKIP [418/820] id=GDD21_18 window=XM5 reason=OOS_NOT_PROMISING
2026-08-14T23:07:38+00:00 SKIP_EXISTING [419/820] id=GDD21_19 window=IS scope=GOLD2
2026-08-14T23:07:38+00:00 SKIP_EXISTING [419/820] id=GDD21_19 window=OOS scope=GOLD2
2026-08-14T23:07:38+00:00 GATE_SKIP [419/820] id=GDD21_19 window=XM5 reason=OOS_NOT_PROMISING
2026-08-14T23:07:38+00:00 SKIP_EXISTING [420/820] id=GDD21_20 window=IS scope=GOLD2
2026-08-14T23:07:38+00:00 SKIP_EXISTING [420/820] id=GDD21_20 window=OOS scope=GOLD2
2026-08-14T23:07:38+00:00 GATE_SKIP [420/820] id=GDD21_20 window=XM5 reason=OOS_NOT_PROMISING
2026-08-14T23:07:38+00:00 SKIP_EXISTING [421/820] id=GDD22_01 window=IS scope=GOLD2
2026-08-14T23:07:38+00:00 GATE_SKIP [421/820] id=GDD22_01 window=OOS reason=IS_NOT_SURVIVOR
2026-08-14T23:07:38+00:00 GATE_SKIP [421/820] id=GDD22_01 window=XM5 reason=OOS_NOT_PROMISING
2026-08-14T23:07:38+00:00 SKIP_EXISTING [422/820] id=GDD22_02 window=IS scope=GOLD2
2026-08-14T23:07:38+00:00 GATE_SKIP [422/820] id=GDD22_02 window=OOS reason=IS_NOT_SURVIVOR
2026-08-14T23:07:38+00:00 GATE_SKIP [422/820] id=GDD22_02 window=XM5 reason=OOS_NOT_PROMISING
2026-08-14T23:07:38+00:00 SKIP_EXISTING [423/820] id=GDD22_03 window=IS scope=GOLD2
2026-08-14T23:07:38+00:00 SKIP_EXISTING [423/820] id=GDD22_03 window=OOS scope=GOLD2
2026-08-14T23:07:38+00:00 GATE_SKIP [423/820] id=GDD22_03 window=XM5 reason=OOS_NOT_PROMISING
2026-08-14T23:07:38+00:00 SKIP_EXISTING [424/820] id=GDD22_04 window=IS scope=GOLD2
2026-08-14T23:07:38+00:00 SKIP_EXISTING [424/820] id=GDD22_04 window=OOS scope=GOLD2
2026-08-14T23:07:38+00:00 GATE_SKIP [424/820] id=GDD22_04 window=XM5 reason=OOS_NOT_PROMISING
2026-08-14T23:07:38+00:00 SKIP_EXISTING [425/820] id=GDD22_05 window=IS scope=GOLD2
2026-08-14T23:07:38+00:00 SKIP_EXISTING [425/820] id=GDD22_05 window=OOS scope=GOLD2
2026-08-14T23:07:38+00:00 GATE_SKIP [425/820] id=GDD22_05 window=XM5 reason=OOS_NOT_PROMISING
2026-08-14T23:07:38+00:00 SKIP_EXISTING [426/820] id=GDD22_06 window=IS scope=GOLD2
2026-08-14T23:07:38+00:00 GATE_SKIP [426/820] id=GDD22_06 window=OOS reason=IS_NOT_SURVIVOR
2026-08-14T23:07:38+00:00 GATE_SKIP [426/820] id=GDD22_06 window=XM5 reason=OOS_NOT_PROMISING
2026-08-14T23:07:38+00:00 SKIP_EXISTING [427/820] id=GDD22_07 window=IS scope=GOLD2
2026-08-14T23:07:38+00:00 SKIP_EXISTING [427/820] id=GDD22_07 window=OOS scope=GOLD2
2026-08-14T23:07:38+00:00 SKIP_EXISTING [427/820] id=GDD22_07 window=XM5 scope=XM5
2026-08-14T23:07:38+00:00 SKIP_EXISTING [428/820] id=GDD22_08 window=IS scope=GOLD2
2026-08-14T23:07:38+00:00 SKIP_EXISTING [428/820] id=GDD22_08 window=OOS scope=GOLD2
2026-08-14T23:07:38+00:00 GATE_SKIP [428/820] id=GDD22_08 window=XM5 reason=OOS_NOT_PROMISING
2026-08-14T23:07:38+00:00 SKIP_EXISTING [429/820] id=GDD22_09 window=IS scope=GOLD2
2026-08-14T23:07:38+00:00 SKIP_EXISTING [429/820] id=GDD22_09 window=OOS scope=GOLD2
2026-08-14T23:07:38+00:00 GATE_SKIP [429/820] id=GDD22_09 window=XM5 reason=OOS_NOT_PROMISING
2026-08-14T23:07:38+00:00 SKIP_EXISTING [430/820] id=GDD22_10 window=IS scope=GOLD2
2026-08-14T23:07:38+00:00 SKIP_EXISTING [430/820] id=GDD22_10 window=OOS scope=GOLD2
2026-08-14T23:07:38+00:00 GATE_SKIP [430/820] id=GDD22_10 window=XM5 reason=OOS_NOT_PROMISING
2026-08-14T23:07:38+00:00 SKIP_EXISTING [431/820] id=GDD22_11 window=IS scope=GOLD2
2026-08-14T23:07:38+00:00 SKIP_EXISTING [431/820] id=GDD22_11 window=OOS scope=GOLD2
2026-08-14T23:07:38+00:00 GATE_SKIP [431/820] id=GDD22_11 window=XM5 reason=OOS_NOT_PROMISING
2026-08-14T23:07:38+00:00 SKIP_EXISTING [432/820] id=GDD22_12 window=IS scope=GOLD2
2026-08-14T23:07:38+00:00 SKIP_EXISTING [432/820] id=GDD22_12 window=OOS scope=GOLD2
2026-08-14T23:07:38+00:00 GATE_SKIP [432/820] id=GDD22_12 window=XM5 reason=OOS_NOT_PROMISING
2026-08-14T23:07:38+00:00 SKIP_EXISTING [433/820] id=GDD22_13 window=IS scope=GOLD2
2026-08-14T23:07:38+00:00 SKIP_EXISTING [433/820] id=GDD22_13 window=OOS scope=GOLD2
2026-08-14T23:07:38+00:00 GATE_SKIP [433/820] id=GDD22_13 window=XM5 reason=OOS_NOT_PROMISING
2026-08-14T23:07:38+00:00 SKIP_EXISTING [434/820] id=GDD22_14 window=IS scope=GOLD2
2026-08-14T23:07:38+00:00 SKIP_EXISTING [434/820] id=GDD22_14 window=OOS scope=GOLD2
2026-08-14T23:07:38+00:00 GATE_SKIP [434/820] id=GDD22_14 window=XM5 reason=OOS_NOT_PROMISING
2026-08-14T23:07:38+00:00 SKIP_EXISTING [435/820] id=GDD22_15 window=IS scope=GOLD2
2026-08-14T23:07:38+00:00 SKIP_EXISTING [435/820] id=GDD22_15 window=OOS scope=GOLD2
2026-08-14T23:07:38+00:00 GATE_SKIP [435/820] id=GDD22_15 window=XM5 reason=OOS_NOT_PROMISING
2026-08-14T23:07:38+00:00 SKIP_EXISTING [436/820] id=GDD22_16 window=IS scope=GOLD2
2026-08-14T23:07:38+00:00 SKIP_EXISTING [436/820] id=GDD22_16 window=OOS scope=GOLD2
2026-08-14T23:07:38+00:00 GATE_SKIP [436/820] id=GDD22_16 window=XM5 reason=OOS_NOT_PROMISING
2026-08-14T23:07:38+00:00 SKIP_EXISTING [437/820] id=GDD22_17 window=IS scope=GOLD2
2026-08-14T23:07:38+00:00 GATE_SKIP [437/820] id=GDD22_17 window=OOS reason=IS_NOT_SURVIVOR
2026-08-14T23:07:38+00:00 GATE_SKIP [437/820] id=GDD22_17 window=XM5 reason=OOS_NOT_PROMISING
2026-08-14T23:07:38+00:00 SKIP_EXISTING [438/820] id=GDD22_18 window=IS scope=GOLD2
2026-08-14T23:07:38+00:00 GATE_SKIP [438/820] id=GDD22_18 window=OOS reason=IS_NOT_SURVIVOR
2026-08-14T23:07:38+00:00 GATE_SKIP [438/820] id=GDD22_18 window=XM5 reason=OOS_NOT_PROMISING
2026-08-14T23:07:38+00:00 SKIP_EXISTING [439/820] id=GDD22_19 window=IS scope=GOLD2
2026-08-14T23:07:38+00:00 GATE_SKIP [439/820] id=GDD22_19 window=OOS reason=IS_NOT_SURVIVOR
2026-08-14T23:07:38+00:00 GATE_SKIP [439/820] id=GDD22_19 window=XM5 reason=OOS_NOT_PROMISING
2026-08-14T23:07:38+00:00 SKIP_EXISTING [440/820] id=GDD22_20 window=IS scope=GOLD2
2026-08-14T23:07:38+00:00 GATE_SKIP [440/820] id=GDD22_20 window=OOS reason=IS_NOT_SURVIVOR
2026-08-14T23:07:38+00:00 GATE_SKIP [440/820] id=GDD22_20 window=XM5 reason=OOS_NOT_PROMISING
2026-08-14T23:07:38+00:00 SKIP_EXISTING [441/820] id=GDD23_01 window=IS scope=GOLD2
2026-08-14T23:07:38+00:00 SKIP_EXISTING [441/820] id=GDD23_01 window=OOS scope=GOLD2
2026-08-14T23:07:38+00:00 GATE_SKIP [441/820] id=GDD23_01 window=XM5 reason=OOS_NOT_PROMISING
2026-08-14T23:07:38+00:00 SKIP_EXISTING [442/820] id=GDD23_02 window=IS scope=GOLD2
2026-08-14T23:07:38+00:00 GATE_SKIP [442/820] id=GDD23_02 window=OOS reason=IS_NOT_SURVIVOR
2026-08-14T23:07:38+00:00 GATE_SKIP [442/820] id=GDD23_02 window=XM5 reason=OOS_NOT_PROMISING
2026-08-14T23:07:38+00:00 SKIP_EXISTING [443/820] id=GDD23_03 window=IS scope=GOLD2
2026-08-14T23:07:38+00:00 GATE_SKIP [443/820] id=GDD23_03 window=OOS reason=IS_NOT_SURVIVOR
2026-08-14T23:07:38+00:00 GATE_SKIP [443/820] id=GDD23_03 window=XM5 reason=OOS_NOT_PROMISING
2026-08-14T23:07:38+00:00 SKIP_EXISTING [444/820] id=GDD23_04 window=IS scope=GOLD2
2026-08-14T23:07:38+00:00 GATE_SKIP [444/820] id=GDD23_04 window=OOS reason=IS_NOT_SURVIVOR
2026-08-14T23:07:38+00:00 GATE_SKIP [444/820] id=GDD23_04 window=XM5 reason=OOS_NOT_PROMISING
2026-08-14T23:07:38+00:00 SKIP_EXISTING [445/820] id=GDD23_05 window=IS scope=GOLD2
2026-08-14T23:07:38+00:00 SKIP_EXISTING [445/820] id=GDD23_05 window=OOS scope=GOLD2
2026-08-14T23:07:38+00:00 GATE_SKIP [445/820] id=GDD23_05 window=XM5 reason=OOS_NOT_PROMISING
2026-08-14T23:07:38+00:00 SKIP_EXISTING [446/820] id=GDD23_06 window=IS scope=GOLD2
2026-08-14T23:07:38+00:00 GATE_SKIP [446/820] id=GDD23_06 window=OOS reason=IS_NOT_SURVIVOR
2026-08-14T23:07:38+00:00 GATE_SKIP [446/820] id=GDD23_06 window=XM5 reason=OOS_NOT_PROMISING
2026-08-14T23:07:38+00:00 SKIP_EXISTING [447/820] id=GDD23_07 window=IS scope=GOLD2
2026-08-14T23:07:38+00:00 SKIP_EXISTING [447/820] id=GDD23_07 window=OOS scope=GOLD2
2026-08-14T23:07:38+00:00 GATE_SKIP [447/820] id=GDD23_07 window=XM5 reason=OOS_NOT_PROMISING
2026-08-14T23:07:38+00:00 SKIP_EXISTING [448/820] id=GDD23_08 window=IS scope=GOLD2
2026-08-14T23:07:38+00:00 SKIP_EXISTING [448/820] id=GDD23_08 window=OOS scope=GOLD2
2026-08-14T23:07:38+00:00 SKIP_EXISTING [448/820] id=GDD23_08 window=XM5 scope=XM5
2026-08-14T23:07:38+00:00 SKIP_EXISTING [449/820] id=GDD23_09 window=IS scope=GOLD2
2026-08-14T23:07:38+00:00 SKIP_EXISTING [449/820] id=GDD23_09 window=OOS scope=GOLD2
2026-08-14T23:07:38+00:00 SKIP_EXISTING [449/820] id=GDD23_09 window=XM5 scope=XM5
2026-08-14T23:07:38+00:00 SKIP_EXISTING [450/820] id=GDD23_10 window=IS scope=GOLD2
2026-08-14T23:07:38+00:00 SKIP_EXISTING [450/820] id=GDD23_10 window=OOS scope=GOLD2
2026-08-14T23:07:39+00:00 SKIP_EXISTING [450/820] id=GDD23_10 window=XM5 scope=XM5
2026-08-14T23:07:39+00:00 SKIP_EXISTING [451/820] id=GDD23_11 window=IS scope=GOLD2
2026-08-14T23:07:39+00:00 SKIP_EXISTING [451/820] id=GDD23_11 window=OOS scope=GOLD2
2026-08-14T23:07:39+00:00 RUN_START [451/820] id=GDD23_11 family=sca_buffer window=XM5 run=gdda_xm5_gdd23_11_20260815080739_bbfa40
2026-08-14T23:16:19+00:00 RUN_END [451/820] id=GDD23_11 window=XM5 status=OK decision=XM5_REJECT elapsed=520.512s
2026-08-14T23:16:19+00:00 RUN_START [452/820] id=GDD23_12 family=sca_buffer window=IS run=gdda_is_gdd23_12_20260815081619_5a5357
2026-08-14T23:16:20+00:00 WAIT_TERMINAL elapsed=0s processes=metatester64.exe
2026-08-14T23:17:21+00:00 WAIT_TERMINAL elapsed=62s processes=metatester64.exe
2026-08-14T23:18:23+00:00 WAIT_TERMINAL elapsed=124s processes=metatester64.exe
2026-08-14T23:19:24+00:00 WAIT_TERMINAL elapsed=185s processes=metatester64.exe
2026-08-14T23:20:26+00:00 WAIT_TERMINAL elapsed=247s processes=metatester64.exe
2026-08-14T23:21:28+00:00 KILL_ORPHAN_TESTER elapsed=309s metatester64.exe
2026-08-14T23:22:48+00:00 RUN_END [452/820] id=GDD23_12 window=IS status=OK decision=IS_REJECT elapsed=389.108s
2026-08-14T23:22:48+00:00 GATE_SKIP [452/820] id=GDD23_12 window=OOS reason=IS_NOT_SURVIVOR
2026-08-14T23:22:48+00:00 GATE_SKIP [452/820] id=GDD23_12 window=XM5 reason=OOS_NOT_PROMISING
2026-08-14T23:22:48+00:00 RUN_START [453/820] id=GDD23_13 family=sca_buffer window=IS run=gdda_is_gdd23_13_20260815082248_7f8955
2026-08-14T23:23:54+00:00 RUN_END [453/820] id=GDD23_13 window=IS status=OK decision=IS_REJECT elapsed=65.455s
2026-08-14T23:23:54+00:00 GATE_SKIP [453/820] id=GDD23_13 window=OOS reason=IS_NOT_SURVIVOR
2026-08-14T23:23:54+00:00 GATE_SKIP [453/820] id=GDD23_13 window=XM5 reason=OOS_NOT_PROMISING
2026-08-14T23:23:54+00:00 RUN_START [454/820] id=GDD23_14 family=sca_buffer window=IS run=gdda_is_gdd23_14_20260815082354_0d4406
2026-08-14T23:24:59+00:00 RUN_END [454/820] id=GDD23_14 window=IS status=OK decision=IS_REJECT elapsed=65.428s
2026-08-14T23:24:59+00:00 GATE_SKIP [454/820] id=GDD23_14 window=OOS reason=IS_NOT_SURVIVOR
2026-08-14T23:24:59+00:00 GATE_SKIP [454/820] id=GDD23_14 window=XM5 reason=OOS_NOT_PROMISING
2026-08-14T23:24:59+00:00 RUN_START [455/820] id=GDD23_15 family=sca_buffer window=IS run=gdda_is_gdd23_15_20260815082459_05beec
2026-08-14T23:26:05+00:00 RUN_END [455/820] id=GDD23_15 window=IS status=OK decision=IS_REJECT elapsed=65.427s
2026-08-14T23:26:05+00:00 GATE_SKIP [455/820] id=GDD23_15 window=OOS reason=IS_NOT_SURVIVOR
2026-08-14T23:26:05+00:00 GATE_SKIP [455/820] id=GDD23_15 window=XM5 reason=OOS_NOT_PROMISING
2026-08-14T23:26:05+00:00 RUN_START [456/820] id=GDD23_16 family=sca_buffer window=IS run=gdda_is_gdd23_16_20260815082605_c2e192
2026-08-14T23:27:10+00:00 RUN_END [456/820] id=GDD23_16 window=IS status=OK decision=IS_REJECT elapsed=65.431s
2026-08-14T23:27:10+00:00 GATE_SKIP [456/820] id=GDD23_16 window=OOS reason=IS_NOT_SURVIVOR
2026-08-14T23:27:10+00:00 GATE_SKIP [456/820] id=GDD23_16 window=XM5 reason=OOS_NOT_PROMISING
2026-08-14T23:27:10+00:00 RUN_START [457/820] id=GDD23_17 family=sca_buffer window=IS run=gdda_is_gdd23_17_20260815082710_1e2cc0
2026-08-14T23:28:15+00:00 RUN_END [457/820] id=GDD23_17 window=IS status=OK decision=IS_REJECT elapsed=65.413s
2026-08-14T23:28:15+00:00 GATE_SKIP [457/820] id=GDD23_17 window=OOS reason=IS_NOT_SURVIVOR
2026-08-14T23:28:15+00:00 GATE_SKIP [457/820] id=GDD23_17 window=XM5 reason=OOS_NOT_PROMISING
2026-08-14T23:28:15+00:00 RUN_START [458/820] id=GDD23_18 family=sca_buffer window=IS run=gdda_is_gdd23_18_20260815082815_68d66e
2026-08-14T23:29:21+00:00 RUN_END [458/820] id=GDD23_18 window=IS status=OK decision=IS_REJECT elapsed=65.471s
2026-08-14T23:29:21+00:00 GATE_SKIP [458/820] id=GDD23_18 window=OOS reason=IS_NOT_SURVIVOR
2026-08-14T23:29:21+00:00 GATE_SKIP [458/820] id=GDD23_18 window=XM5 reason=OOS_NOT_PROMISING
2026-08-14T23:29:21+00:00 RUN_START [459/820] id=GDD23_19 family=sca_buffer window=IS run=gdda_is_gdd23_19_20260815082921_1e0481
2026-08-14T23:30:26+00:00 RUN_END [459/820] id=GDD23_19 window=IS status=OK decision=IS_SURVIVOR_TRADEOFF elapsed=65.420s
2026-08-14T23:30:26+00:00 RUN_START [459/820] id=GDD23_19 family=sca_buffer window=OOS run=gdda_oos_gdd23_19_20260815083026_00b88e
2026-08-14T23:31:12+00:00 RUN_END [459/820] id=GDD23_19 window=OOS status=OK decision=OOS_REJECT elapsed=45.423s
2026-08-14T23:31:12+00:00 GATE_SKIP [459/820] id=GDD23_19 window=XM5 reason=OOS_NOT_PROMISING
2026-08-14T23:31:12+00:00 RUN_START [460/820] id=GDD23_20 family=sca_buffer window=IS run=gdda_is_gdd23_20_20260815083112_faffd8
2026-08-14T23:32:17+00:00 RUN_END [460/820] id=GDD23_20 window=IS status=OK decision=IS_SURVIVOR_TRADEOFF elapsed=65.510s
2026-08-14T23:32:17+00:00 RUN_START [460/820] id=GDD23_20 family=sca_buffer window=OOS run=gdda_oos_gdd23_20_20260815083217_f49abd
2026-08-14T23:33:03+00:00 RUN_END [460/820] id=GDD23_20 window=OOS status=OK decision=OOS_REJECT elapsed=45.433s
2026-08-14T23:33:03+00:00 GATE_SKIP [460/820] id=GDD23_20 window=XM5 reason=OOS_NOT_PROMISING
2026-08-14T23:33:03+00:00 RUN_START [461/820] id=GDD24_01 family=sca_rr window=IS run=gdda_is_gdd24_01_20260815083303_392797
2026-08-14T23:34:08+00:00 RUN_END [461/820] id=GDD24_01 window=IS status=OK decision=IS_SURVIVOR_TRADEOFF elapsed=65.372s
2026-08-14T23:34:08+00:00 RUN_START [461/820] id=GDD24_01 family=sca_rr window=OOS run=gdda_oos_gdd24_01_20260815083408_db6e01
2026-08-14T23:34:54+00:00 RUN_END [461/820] id=GDD24_01 window=OOS status=OK decision=OOS_REJECT elapsed=45.389s
2026-08-14T23:34:54+00:00 GATE_SKIP [461/820] id=GDD24_01 window=XM5 reason=OOS_NOT_PROMISING
2026-08-14T23:34:54+00:00 RUN_START [462/820] id=GDD24_02 family=sca_rr window=IS run=gdda_is_gdd24_02_20260815083454_3f0e1f
2026-08-14T23:35:59+00:00 RUN_END [462/820] id=GDD24_02 window=IS status=OK decision=IS_SURVIVOR_TRADEOFF elapsed=65.420s
2026-08-14T23:35:59+00:00 RUN_START [462/820] id=GDD24_02 family=sca_rr window=OOS run=gdda_oos_gdd24_02_20260815083559_aa3899
2026-08-14T23:36:45+00:00 RUN_END [462/820] id=GDD24_02 window=OOS status=OK decision=OOS_REJECT elapsed=45.422s
2026-08-14T23:36:45+00:00 GATE_SKIP [462/820] id=GDD24_02 window=XM5 reason=OOS_NOT_PROMISING
2026-08-14T23:36:45+00:00 RUN_START [463/820] id=GDD24_03 family=sca_rr window=IS run=gdda_is_gdd24_03_20260815083645_7e36c2
2026-08-14T23:37:50+00:00 RUN_END [463/820] id=GDD24_03 window=IS status=OK decision=IS_SURVIVOR_DD elapsed=65.374s
2026-08-14T23:37:50+00:00 RUN_START [463/820] id=GDD24_03 family=sca_rr window=OOS run=gdda_oos_gdd24_03_20260815083750_066b6f
2026-08-14T23:38:35+00:00 RUN_END [463/820] id=GDD24_03 window=OOS status=OK decision=OOS_REJECT elapsed=45.446s
2026-08-14T23:38:35+00:00 GATE_SKIP [463/820] id=GDD24_03 window=XM5 reason=OOS_NOT_PROMISING
2026-08-14T23:38:35+00:00 RUN_START [464/820] id=GDD24_04 family=sca_rr window=IS run=gdda_is_gdd24_04_20260815083835_7e8de8
2026-08-14T23:39:41+00:00 RUN_END [464/820] id=GDD24_04 window=IS status=OK decision=IS_SURVIVOR_DD elapsed=65.417s
2026-08-14T23:39:41+00:00 RUN_START [464/820] id=GDD24_04 family=sca_rr window=OOS run=gdda_oos_gdd24_04_20260815083941_e2e374
2026-08-14T23:40:31+00:00 RUN_END [464/820] id=GDD24_04 window=OOS status=OK decision=OOS_REJECT elapsed=50.430s
2026-08-14T23:40:31+00:00 GATE_SKIP [464/820] id=GDD24_04 window=XM5 reason=OOS_NOT_PROMISING
2026-08-14T23:40:31+00:00 RUN_START [465/820] id=GDD24_05 family=sca_rr window=IS run=gdda_is_gdd24_05_20260815084031_12546a
2026-08-14T23:41:37+00:00 RUN_END [465/820] id=GDD24_05 window=IS status=OK decision=IS_SURVIVOR_DD elapsed=65.406s
2026-08-14T23:41:37+00:00 RUN_START [465/820] id=GDD24_05 family=sca_rr window=OOS run=gdda_oos_gdd24_05_20260815084137_b8d141
2026-08-14T23:42:22+00:00 RUN_END [465/820] id=GDD24_05 window=OOS status=OK decision=OOS_REJECT elapsed=45.568s
2026-08-14T23:42:22+00:00 GATE_SKIP [465/820] id=GDD24_05 window=XM5 reason=OOS_NOT_PROMISING
2026-08-14T23:42:22+00:00 RUN_START [466/820] id=GDD24_06 family=sca_rr window=IS run=gdda_is_gdd24_06_20260815084222_d3a9c4
2026-08-14T23:43:33+00:00 RUN_END [466/820] id=GDD24_06 window=IS status=OK decision=IS_SURVIVOR_DD elapsed=70.450s
2026-08-14T23:43:33+00:00 RUN_START [466/820] id=GDD24_06 family=sca_rr window=OOS run=gdda_oos_gdd24_06_20260815084333_6f0b5d
2026-08-14T23:44:23+00:00 RUN_END [466/820] id=GDD24_06 window=OOS status=OK decision=OOS_REJECT elapsed=50.531s
2026-08-14T23:44:23+00:00 GATE_SKIP [466/820] id=GDD24_06 window=XM5 reason=OOS_NOT_PROMISING
2026-08-14T23:44:23+00:00 RUN_START [467/820] id=GDD24_07 family=sca_rr window=IS run=gdda_is_gdd24_07_20260815084423_ef5297
2026-08-14T23:45:34+00:00 RUN_END [467/820] id=GDD24_07 window=IS status=OK decision=IS_SURVIVOR_DD elapsed=70.503s
2026-08-14T23:45:34+00:00 RUN_START [467/820] id=GDD24_07 family=sca_rr window=OOS run=gdda_oos_gdd24_07_20260815084534_562d3b
2026-08-14T23:46:24+00:00 RUN_END [467/820] id=GDD24_07 window=OOS status=OK decision=OOS_REJECT elapsed=50.532s
2026-08-14T23:46:24+00:00 GATE_SKIP [467/820] id=GDD24_07 window=XM5 reason=OOS_NOT_PROMISING
2026-08-14T23:46:24+00:00 RUN_START [468/820] id=GDD24_08 family=sca_rr window=IS run=gdda_is_gdd24_08_20260815084624_2a0483
2026-08-14T23:47:30+00:00 RUN_END [468/820] id=GDD24_08 window=IS status=OK decision=IS_SURVIVOR_DD elapsed=65.431s
2026-08-14T23:47:30+00:00 RUN_START [468/820] id=GDD24_08 family=sca_rr window=OOS run=gdda_oos_gdd24_08_20260815084730_c9a5e5
2026-08-14T23:48:15+00:00 RUN_END [468/820] id=GDD24_08 window=OOS status=OK decision=OOS_REJECT elapsed=45.494s
2026-08-14T23:48:15+00:00 GATE_SKIP [468/820] id=GDD24_08 window=XM5 reason=OOS_NOT_PROMISING
2026-08-14T23:48:15+00:00 RUN_START [469/820] id=GDD24_09 family=sca_rr window=IS run=gdda_is_gdd24_09_20260815084815_96cc7d
2026-08-14T23:49:21+00:00 RUN_END [469/820] id=GDD24_09 window=IS status=OK decision=IS_SURVIVOR_DD elapsed=65.453s
2026-08-14T23:49:21+00:00 RUN_START [469/820] id=GDD24_09 family=sca_rr window=OOS run=gdda_oos_gdd24_09_20260815084921_f236d8
2026-08-14T23:50:06+00:00 RUN_END [469/820] id=GDD24_09 window=OOS status=OK decision=OOS_REJECT elapsed=45.461s
2026-08-14T23:50:06+00:00 GATE_SKIP [469/820] id=GDD24_09 window=XM5 reason=OOS_NOT_PROMISING
2026-08-14T23:50:06+00:00 RUN_START [470/820] id=GDD24_10 family=sca_rr window=IS run=gdda_is_gdd24_10_20260815085006_7e67b2
2026-08-14T23:51:12+00:00 RUN_END [470/820] id=GDD24_10 window=IS status=OK decision=IS_SURVIVOR_DD elapsed=65.512s
2026-08-14T23:51:12+00:00 RUN_START [470/820] id=GDD24_10 family=sca_rr window=OOS run=gdda_oos_gdd24_10_20260815085112_c4372e
2026-08-14T23:51:12+00:00 WAIT_TERMINAL elapsed=0s processes=metatester64.exe
2026-08-14T23:52:14+00:00 WAIT_TERMINAL elapsed=62s processes=metatester64.exe
2026-08-14T23:53:16+00:00 WAIT_TERMINAL elapsed=124s processes=metatester64.exe
2026-08-14T23:54:17+00:00 WAIT_TERMINAL elapsed=185s processes=metatester64.exe
2026-08-14T23:55:19+00:00 WAIT_TERMINAL elapsed=247s processes=metatester64.exe
2026-08-14T23:56:21+00:00 KILL_ORPHAN_TESTER elapsed=309s metatester64.exe
2026-08-14T23:58:16+00:00 RUN_END [470/820] id=GDD24_10 window=OOS status=OK decision=OOS_REJECT elapsed=424.283s
2026-08-14T23:58:16+00:00 GATE_SKIP [470/820] id=GDD24_10 window=XM5 reason=OOS_NOT_PROMISING
2026-08-14T23:58:16+00:00 RUN_START [471/820] id=GDD24_11 family=sca_rr window=IS run=gdda_is_gdd24_11_20260815085816_a168d6
2026-08-14T23:59:27+00:00 RUN_END [471/820] id=GDD24_11 window=IS status=OK decision=IS_REJECT elapsed=70.527s
2026-08-14T23:59:27+00:00 GATE_SKIP [471/820] id=GDD24_11 window=OOS reason=IS_NOT_SURVIVOR
2026-08-14T23:59:27+00:00 GATE_SKIP [471/820] id=GDD24_11 window=XM5 reason=OOS_NOT_PROMISING
2026-08-14T23:59:27+00:00 RUN_START [472/820] id=GDD24_12 family=sca_rr window=IS run=gdda_is_gdd24_12_20260815085927_1c9aed
2026-08-15T00:00:37+00:00 RUN_END [472/820] id=GDD24_12 window=IS status=OK decision=IS_SURVIVOR_STRICT elapsed=70.473s
2026-08-15T00:00:37+00:00 RUN_START [472/820] id=GDD24_12 family=sca_rr window=OOS run=gdda_oos_gdd24_12_20260815090037_d2e0f7
2026-08-15T00:01:23+00:00 RUN_END [472/820] id=GDD24_12 window=OOS status=OK decision=OOS_REJECT elapsed=45.465s
2026-08-15T00:01:23+00:00 GATE_SKIP [472/820] id=GDD24_12 window=XM5 reason=OOS_NOT_PROMISING
2026-08-15T00:01:23+00:00 RUN_START [473/820] id=GDD24_13 family=sca_rr window=IS run=gdda_is_gdd24_13_20260815090123_16f815
2026-08-15T00:02:38+00:00 RUN_END [473/820] id=GDD24_13 window=IS status=OK decision=IS_SURVIVOR_STRICT elapsed=75.434s
2026-08-15T00:02:38+00:00 RUN_START [473/820] id=GDD24_13 family=sca_rr window=OOS run=gdda_oos_gdd24_13_20260815090238_6c8843
2026-08-15T00:03:24+00:00 RUN_END [473/820] id=GDD24_13 window=OOS status=OK decision=OOS_PASS elapsed=45.492s
2026-08-15T00:03:24+00:00 RUN_START [473/820] id=GDD24_13 family=sca_rr window=XM5 run=gdda_xm5_gdd24_13_20260815090324_b48df8
2026-08-15T00:12:34+00:00 RUN_END [473/820] id=GDD24_13 window=XM5 status=OK decision=XM5_PASS elapsed=550.582s
2026-08-15T00:12:34+00:00 RUN_START [474/820] id=GDD24_14 family=sca_rr window=IS run=gdda_is_gdd24_14_20260815091234_e1332c
2026-08-15T00:13:45+00:00 RUN_END [474/820] id=GDD24_14 window=IS status=OK decision=IS_SURVIVOR_DD elapsed=70.606s
2026-08-15T00:13:45+00:00 RUN_START [474/820] id=GDD24_14 family=sca_rr window=OOS run=gdda_oos_gdd24_14_20260815091345_ec2868
2026-08-15T00:14:35+00:00 RUN_END [474/820] id=GDD24_14 window=OOS status=OK decision=OOS_PASS elapsed=50.533s
2026-08-15T00:14:35+00:00 RUN_START [474/820] id=GDD24_14 family=sca_rr window=XM5 run=gdda_xm5_gdd24_14_20260815091435_6263c3
2026-08-15T00:23:51+00:00 RUN_END [474/820] id=GDD24_14 window=XM5 status=OK decision=XM5_PASS elapsed=555.593s
2026-08-15T00:23:51+00:00 RUN_START [475/820] id=GDD24_15 family=sca_rr window=IS run=gdda_is_gdd24_15_20260815092351_b646dd
2026-08-15T00:23:52+00:00 WAIT_TERMINAL elapsed=1s processes=metatester64.exe
2026-08-15T00:24:54+00:00 WAIT_TERMINAL elapsed=63s processes=metatester64.exe
2026-08-15T00:25:56+00:00 WAIT_TERMINAL elapsed=125s processes=metatester64.exe
2026-08-15T00:26:57+00:00 WAIT_TERMINAL elapsed=186s processes=metatester64.exe
2026-08-15T00:27:59+00:00 WAIT_TERMINAL elapsed=248s processes=metatester64.exe
2026-08-15T00:29:01+00:00 KILL_ORPHAN_TESTER elapsed=310s metatester64.exe
2026-08-15T00:30:21+00:00 RUN_END [475/820] id=GDD24_15 window=IS status=OK decision=IS_SURVIVOR_DD elapsed=390.262s
2026-08-15T00:30:21+00:00 RUN_START [475/820] id=GDD24_15 family=sca_rr window=OOS run=gdda_oos_gdd24_15_20260815093021_219fe3
2026-08-15T00:31:07+00:00 RUN_END [475/820] id=GDD24_15 window=OOS status=OK decision=OOS_PASS elapsed=45.491s
2026-08-15T00:31:07+00:00 RUN_START [475/820] id=GDD24_15 family=sca_rr window=XM5 run=gdda_xm5_gdd24_15_20260815093107_71d24a
2026-08-15T00:39:27+00:00 RUN_END [475/820] id=GDD24_15 window=XM5 status=OK decision=XM5_PASS elapsed=500.467s
2026-08-15T00:39:27+00:00 RUN_START [476/820] id=GDD24_16 family=sca_rr window=IS run=gdda_is_gdd24_16_20260815093927_cbadf0
2026-08-15T00:39:28+00:00 WAIT_TERMINAL elapsed=0s processes=metatester64.exe
2026-08-15T00:40:29+00:00 WAIT_TERMINAL elapsed=62s processes=metatester64.exe
2026-08-15T00:41:31+00:00 WAIT_TERMINAL elapsed=124s processes=metatester64.exe
2026-08-15T00:42:33+00:00 WAIT_TERMINAL elapsed=186s processes=metatester64.exe
2026-08-15T00:43:35+00:00 WAIT_TERMINAL elapsed=247s processes=metatester64.exe
2026-08-15T00:44:36+00:00 KILL_ORPHAN_TESTER elapsed=309s metatester64.exe
2026-08-15T00:46:02+00:00 RUN_END [476/820] id=GDD24_16 window=IS status=OK decision=IS_SURVIVOR_DD elapsed=394.586s
2026-08-15T00:46:02+00:00 RUN_START [476/820] id=GDD24_16 family=sca_rr window=OOS run=gdda_oos_gdd24_16_20260815094602_efd6d8
2026-08-15T00:46:48+00:00 RUN_END [476/820] id=GDD24_16 window=OOS status=OK decision=OOS_PASS elapsed=45.590s
2026-08-15T00:46:48+00:00 RUN_START [476/820] id=GDD24_16 family=sca_rr window=XM5 run=gdda_xm5_gdd24_16_20260815094648_63e0b2
2026-08-15T00:55:18+00:00 RUN_END [476/820] id=GDD24_16 window=XM5 status=OK decision=XM5_PASS elapsed=510.464s
2026-08-15T00:55:18+00:00 RUN_START [477/820] id=GDD24_17 family=sca_rr window=IS run=gdda_is_gdd24_17_20260815095518_a2ab03
2026-08-15T00:56:23+00:00 RUN_END [477/820] id=GDD24_17 window=IS status=OK decision=IS_SURVIVOR_DD elapsed=65.488s
2026-08-15T00:56:24+00:00 RUN_START [477/820] id=GDD24_17 family=sca_rr window=OOS run=gdda_oos_gdd24_17_20260815095624_6344f6
2026-08-15T00:57:09+00:00 RUN_END [477/820] id=GDD24_17 window=OOS status=OK decision=OOS_PASS elapsed=45.522s
2026-08-15T00:57:09+00:00 RUN_START [477/820] id=GDD24_17 family=sca_rr window=XM5 run=gdda_xm5_gdd24_17_20260815095709_e755e5
2026-08-15T01:05:50+00:00 RUN_END [477/820] id=GDD24_17 window=XM5 status=OK decision=XM5_PASS elapsed=520.506s
2026-08-15T01:05:50+00:00 RUN_START [478/820] id=GDD24_18 family=sca_rr window=IS run=gdda_is_gdd24_18_20260815100550_a04fa6
2026-08-15T01:05:50+00:00 WAIT_TERMINAL elapsed=1s processes=metatester64.exe
2026-08-15T01:06:52+00:00 WAIT_TERMINAL elapsed=62s processes=metatester64.exe
2026-08-15T01:07:54+00:00 WAIT_TERMINAL elapsed=124s processes=metatester64.exe
2026-08-15T01:08:55+00:00 WAIT_TERMINAL elapsed=186s processes=metatester64.exe
2026-08-15T01:09:57+00:00 WAIT_TERMINAL elapsed=248s processes=metatester64.exe
2026-08-15T01:10:59+00:00 KILL_ORPHAN_TESTER elapsed=309s metatester64.exe
2026-08-15T01:12:19+00:00 RUN_END [478/820] id=GDD24_18 window=IS status=OK decision=IS_SURVIVOR_DD elapsed=389.807s
2026-08-15T01:12:19+00:00 RUN_START [478/820] id=GDD24_18 family=sca_rr window=OOS run=gdda_oos_gdd24_18_20260815101219_a0f213
2026-08-15T01:13:05+00:00 RUN_END [478/820] id=GDD24_18 window=OOS status=OK decision=OOS_REJECT elapsed=45.457s
2026-08-15T01:13:05+00:00 GATE_SKIP [478/820] id=GDD24_18 window=XM5 reason=OOS_NOT_PROMISING
2026-08-15T01:13:05+00:00 RUN_START [479/820] id=GDD24_19 family=sca_rr window=IS run=gdda_is_gdd24_19_20260815101305_8069f9
2026-08-15T01:14:10+00:00 RUN_END [479/820] id=GDD24_19 window=IS status=OK decision=IS_SURVIVOR_DD elapsed=65.441s
2026-08-15T01:14:10+00:00 RUN_START [479/820] id=GDD24_19 family=sca_rr window=OOS run=gdda_oos_gdd24_19_20260815101410_966e36
2026-08-15T01:14:56+00:00 RUN_END [479/820] id=GDD24_19 window=OOS status=OK decision=OOS_REJECT elapsed=45.449s
2026-08-15T01:14:56+00:00 GATE_SKIP [479/820] id=GDD24_19 window=XM5 reason=OOS_NOT_PROMISING
2026-08-15T01:14:56+00:00 RUN_START [480/820] id=GDD24_20 family=sca_rr window=IS run=gdda_is_gdd24_20_20260815101456_c3766c
2026-08-15T01:16:01+00:00 RUN_END [480/820] id=GDD24_20 window=IS status=OK decision=IS_SURVIVOR_DD elapsed=65.447s
2026-08-15T01:16:01+00:00 RUN_START [480/820] id=GDD24_20 family=sca_rr window=OOS run=gdda_oos_gdd24_20_20260815101601_f79c72
2026-08-15T01:16:47+00:00 RUN_END [480/820] id=GDD24_20 window=OOS status=OK decision=OOS_REJECT elapsed=45.436s
2026-08-15T01:16:47+00:00 GATE_SKIP [480/820] id=GDD24_20 window=XM5 reason=OOS_NOT_PROMISING
2026-08-15T01:16:47+00:00 RUN_START [481/820] id=GDD25_01 family=sca_boost window=IS run=gdda_is_gdd25_01_20260815101647_e4ed4f
2026-08-15T01:17:52+00:00 RUN_END [481/820] id=GDD25_01 window=IS status=OK decision=IS_SURVIVOR_DD elapsed=65.436s
2026-08-15T01:17:52+00:00 RUN_START [481/820] id=GDD25_01 family=sca_boost window=OOS run=gdda_oos_gdd25_01_20260815101752_9cafa7
2026-08-15T01:18:38+00:00 RUN_END [481/820] id=GDD25_01 window=OOS status=OK decision=OOS_REJECT elapsed=45.432s
2026-08-15T01:18:38+00:00 GATE_SKIP [481/820] id=GDD25_01 window=XM5 reason=OOS_NOT_PROMISING
2026-08-15T01:18:38+00:00 SKIP_EXISTING [482/820] id=GDD25_02 window=IS scope=GOLD2
2026-08-15T01:18:38+00:00 GATE_SKIP [482/820] id=GDD25_02 window=OOS reason=IS_NOT_SURVIVOR
2026-08-15T01:18:38+00:00 GATE_SKIP [482/820] id=GDD25_02 window=XM5 reason=OOS_NOT_PROMISING
2026-08-15T01:18:38+00:00 RUN_START [483/820] id=GDD25_03 family=sca_boost window=IS run=gdda_is_gdd25_03_20260815101838_fbc1f4
2026-08-15T01:19:43+00:00 RUN_END [483/820] id=GDD25_03 window=IS status=OK decision=IS_SURVIVOR_DD elapsed=65.435s
2026-08-15T01:19:43+00:00 RUN_START [483/820] id=GDD25_03 family=sca_boost window=OOS run=gdda_oos_gdd25_03_20260815101943_98a6f5
2026-08-15T01:20:29+00:00 RUN_END [483/820] id=GDD25_03 window=OOS status=OK decision=OOS_REJECT elapsed=45.456s
2026-08-15T01:20:29+00:00 GATE_SKIP [483/820] id=GDD25_03 window=XM5 reason=OOS_NOT_PROMISING
2026-08-15T01:20:29+00:00 RUN_START [484/820] id=GDD25_04 family=sca_boost window=IS run=gdda_is_gdd25_04_20260815102029_b80ab7
2026-08-15T01:21:34+00:00 RUN_END [484/820] id=GDD25_04 window=IS status=OK decision=IS_SURVIVOR_TRADEOFF elapsed=65.445s
2026-08-15T01:21:34+00:00 RUN_START [484/820] id=GDD25_04 family=sca_boost window=OOS run=gdda_oos_gdd25_04_20260815102134_18f5ca
2026-08-15T01:22:20+00:00 RUN_END [484/820] id=GDD25_04 window=OOS status=OK decision=OOS_REJECT elapsed=45.424s
2026-08-15T01:22:20+00:00 GATE_SKIP [484/820] id=GDD25_04 window=XM5 reason=OOS_NOT_PROMISING
2026-08-15T01:22:20+00:00 RUN_START [485/820] id=GDD25_05 family=sca_boost window=IS run=gdda_is_gdd25_05_20260815102220_1dd11b
2026-08-15T01:23:25+00:00 RUN_END [485/820] id=GDD25_05 window=IS status=OK decision=IS_SURVIVOR_TRADEOFF elapsed=65.467s
2026-08-15T01:23:25+00:00 RUN_START [485/820] id=GDD25_05 family=sca_boost window=OOS run=gdda_oos_gdd25_05_20260815102325_5568a4
2026-08-15T01:24:11+00:00 RUN_END [485/820] id=GDD25_05 window=OOS status=OK decision=OOS_REJECT elapsed=45.433s
2026-08-15T01:24:11+00:00 GATE_SKIP [485/820] id=GDD25_05 window=XM5 reason=OOS_NOT_PROMISING
2026-08-15T01:24:11+00:00 RUN_START [486/820] id=GDD25_06 family=sca_boost window=IS run=gdda_is_gdd25_06_20260815102411_38c967
2026-08-15T01:25:16+00:00 RUN_END [486/820] id=GDD25_06 window=IS status=OK decision=IS_SURVIVOR_TRADEOFF elapsed=65.457s
2026-08-15T01:25:16+00:00 RUN_START [486/820] id=GDD25_06 family=sca_boost window=OOS run=gdda_oos_gdd25_06_20260815102516_d35e57
2026-08-15T01:26:02+00:00 RUN_END [486/820] id=GDD25_06 window=OOS status=OK decision=OOS_REJECT elapsed=45.460s
2026-08-15T01:26:02+00:00 GATE_SKIP [486/820] id=GDD25_06 window=XM5 reason=OOS_NOT_PROMISING
2026-08-15T01:26:02+00:00 RUN_START [487/820] id=GDD25_07 family=sca_boost window=IS run=gdda_is_gdd25_07_20260815102602_d6cc33
2026-08-15T01:27:07+00:00 RUN_END [487/820] id=GDD25_07 window=IS status=OK decision=IS_SURVIVOR_TRADEOFF elapsed=65.423s
2026-08-15T01:27:07+00:00 RUN_START [487/820] id=GDD25_07 family=sca_boost window=OOS run=gdda_oos_gdd25_07_20260815102707_8eab9f
2026-08-15T01:27:52+00:00 RUN_END [487/820] id=GDD25_07 window=OOS status=OK decision=OOS_REJECT elapsed=45.428s
2026-08-15T01:27:52+00:00 GATE_SKIP [487/820] id=GDD25_07 window=XM5 reason=OOS_NOT_PROMISING
2026-08-15T01:27:52+00:00 RUN_START [488/820] id=GDD25_08 family=sca_boost window=IS run=gdda_is_gdd25_08_20260815102752_251783
2026-08-15T01:29:03+00:00 RUN_END [488/820] id=GDD25_08 window=IS status=OK decision=IS_SURVIVOR_TRADEOFF elapsed=70.473s
2026-08-15T01:29:03+00:00 RUN_START [488/820] id=GDD25_08 family=sca_boost window=OOS run=gdda_oos_gdd25_08_20260815102903_431c8d
2026-08-15T01:29:48+00:00 RUN_END [488/820] id=GDD25_08 window=OOS status=OK decision=OOS_REJECT elapsed=45.521s
2026-08-15T01:29:49+00:00 GATE_SKIP [488/820] id=GDD25_08 window=XM5 reason=OOS_NOT_PROMISING
2026-08-15T01:29:49+00:00 RUN_START [489/820] id=GDD25_09 family=sca_boost window=IS run=gdda_is_gdd25_09_20260815102949_f14356
2026-08-15T01:30:54+00:00 RUN_END [489/820] id=GDD25_09 window=IS status=OK decision=IS_SURVIVOR_TRADEOFF elapsed=65.527s
2026-08-15T01:30:54+00:00 RUN_START [489/820] id=GDD25_09 family=sca_boost window=OOS run=gdda_oos_gdd25_09_20260815103054_5d9365
2026-08-15T01:30:55+00:00 WAIT_TERMINAL elapsed=0s processes=metatester64.exe
2026-08-15T01:31:56+00:00 WAIT_TERMINAL elapsed=62s processes=metatester64.exe
2026-08-15T01:32:58+00:00 WAIT_TERMINAL elapsed=124s processes=metatester64.exe
2026-08-15T01:34:00+00:00 WAIT_TERMINAL elapsed=186s processes=metatester64.exe
2026-08-15T01:35:02+00:00 WAIT_TERMINAL elapsed=248s processes=metatester64.exe
2026-08-15T01:36:04+00:00 KILL_ORPHAN_TESTER elapsed=310s metatester64.exe
2026-08-15T01:38:00+00:00 RUN_END [489/820] id=GDD25_09 window=OOS status=OK decision=OOS_REJECT elapsed=425.750s
2026-08-15T01:38:00+00:00 GATE_SKIP [489/820] id=GDD25_09 window=XM5 reason=OOS_NOT_PROMISING
2026-08-15T01:38:00+00:00 RUN_START [490/820] id=GDD25_10 family=sca_boost window=IS run=gdda_is_gdd25_10_20260815103800_351a99
2026-08-15T01:39:05+00:00 RUN_END [490/820] id=GDD25_10 window=IS status=OK decision=IS_SURVIVOR_TRADEOFF elapsed=65.547s
2026-08-15T01:39:05+00:00 RUN_START [490/820] id=GDD25_10 family=sca_boost window=OOS run=gdda_oos_gdd25_10_20260815103905_ea22b0
2026-08-15T01:39:51+00:00 RUN_END [490/820] id=GDD25_10 window=OOS status=OK decision=OOS_REJECT elapsed=45.500s
2026-08-15T01:39:51+00:00 GATE_SKIP [490/820] id=GDD25_10 window=XM5 reason=OOS_NOT_PROMISING
2026-08-15T01:39:51+00:00 RUN_START [491/820] id=GDD25_11 family=sca_boost window=IS run=gdda_is_gdd25_11_20260815103951_6cba80
2026-08-15T01:40:56+00:00 RUN_END [491/820] id=GDD25_11 window=IS status=OK decision=IS_SURVIVOR_TRADEOFF elapsed=65.497s
2026-08-15T01:40:56+00:00 RUN_START [491/820] id=GDD25_11 family=sca_boost window=OOS run=gdda_oos_gdd25_11_20260815104056_132010
2026-08-15T01:41:42+00:00 RUN_END [491/820] id=GDD25_11 window=OOS status=OK decision=OOS_REJECT elapsed=45.499s
2026-08-15T01:41:42+00:00 GATE_SKIP [491/820] id=GDD25_11 window=XM5 reason=OOS_NOT_PROMISING
2026-08-15T01:41:42+00:00 RUN_START [492/820] id=GDD25_12 family=sca_boost window=IS run=gdda_is_gdd25_12_20260815104142_51e108
2026-08-15T01:42:48+00:00 RUN_END [492/820] id=GDD25_12 window=IS status=OK decision=IS_SURVIVOR_TRADEOFF elapsed=65.493s
2026-08-15T01:42:48+00:00 RUN_START [492/820] id=GDD25_12 family=sca_boost window=OOS run=gdda_oos_gdd25_12_20260815104248_d93bfa
2026-08-15T01:43:33+00:00 RUN_END [492/820] id=GDD25_12 window=OOS status=OK decision=OOS_REJECT elapsed=45.530s
2026-08-15T01:43:33+00:00 GATE_SKIP [492/820] id=GDD25_12 window=XM5 reason=OOS_NOT_PROMISING
2026-08-15T01:43:33+00:00 RUN_START [493/820] id=GDD25_13 family=sca_boost window=IS run=gdda_is_gdd25_13_20260815104333_9e3530
2026-08-15T01:45:09+00:00 RUN_END [493/820] id=GDD25_13 window=IS status=OK decision=IS_SURVIVOR_TRADEOFF elapsed=95.496s
2026-08-15T01:45:09+00:00 RUN_START [493/820] id=GDD25_13 family=sca_boost window=OOS run=gdda_oos_gdd25_13_20260815104509_de9ba1
2026-08-15T01:45:54+00:00 RUN_END [493/820] id=GDD25_13 window=OOS status=OK decision=OOS_REJECT elapsed=45.551s
2026-08-15T01:45:54+00:00 GATE_SKIP [493/820] id=GDD25_13 window=XM5 reason=OOS_NOT_PROMISING
2026-08-15T01:45:54+00:00 RUN_START [494/820] id=GDD25_14 family=sca_boost window=IS run=gdda_is_gdd25_14_20260815104554_b416e1
2026-08-15T01:47:00+00:00 RUN_END [494/820] id=GDD25_14 window=IS status=OK decision=IS_SURVIVOR_TRADEOFF elapsed=65.512s
2026-08-15T01:47:00+00:00 RUN_START [494/820] id=GDD25_14 family=sca_boost window=OOS run=gdda_oos_gdd25_14_20260815104700_e8cc12
2026-08-15T01:47:45+00:00 RUN_END [494/820] id=GDD25_14 window=OOS status=OK decision=OOS_REJECT elapsed=45.529s
2026-08-15T01:47:45+00:00 GATE_SKIP [494/820] id=GDD25_14 window=XM5 reason=OOS_NOT_PROMISING
2026-08-15T01:47:45+00:00 RUN_START [495/820] id=GDD25_15 family=sca_boost window=IS run=gdda_is_gdd25_15_20260815104745_052fda
2026-08-15T01:48:51+00:00 RUN_END [495/820] id=GDD25_15 window=IS status=OK decision=IS_SURVIVOR_TRADEOFF elapsed=65.500s
2026-08-15T01:48:51+00:00 RUN_START [495/820] id=GDD25_15 family=sca_boost window=OOS run=gdda_oos_gdd25_15_20260815104851_fe6d4a
2026-08-15T01:49:36+00:00 RUN_END [495/820] id=GDD25_15 window=OOS status=OK decision=OOS_REJECT elapsed=45.493s
2026-08-15T01:49:36+00:00 GATE_SKIP [495/820] id=GDD25_15 window=XM5 reason=OOS_NOT_PROMISING
2026-08-15T01:49:36+00:00 RUN_START [496/820] id=GDD25_16 family=sca_boost window=IS run=gdda_is_gdd25_16_20260815104936_d03b74
2026-08-15T01:50:42+00:00 RUN_END [496/820] id=GDD25_16 window=IS status=OK decision=IS_SURVIVOR_TRADEOFF elapsed=65.482s
2026-08-15T01:50:42+00:00 RUN_START [496/820] id=GDD25_16 family=sca_boost window=OOS run=gdda_oos_gdd25_16_20260815105042_0d22d8
2026-08-15T01:51:27+00:00 RUN_END [496/820] id=GDD25_16 window=OOS status=OK decision=OOS_REJECT elapsed=45.493s
2026-08-15T01:51:27+00:00 GATE_SKIP [496/820] id=GDD25_16 window=XM5 reason=OOS_NOT_PROMISING
2026-08-15T01:51:27+00:00 RUN_START [497/820] id=GDD25_17 family=sca_boost window=IS run=gdda_is_gdd25_17_20260815105127_73e332
2026-08-15T01:52:33+00:00 RUN_END [497/820] id=GDD25_17 window=IS status=OK decision=IS_REJECT elapsed=65.483s
2026-08-15T01:52:33+00:00 GATE_SKIP [497/820] id=GDD25_17 window=OOS reason=IS_NOT_SURVIVOR
2026-08-15T01:52:33+00:00 GATE_SKIP [497/820] id=GDD25_17 window=XM5 reason=OOS_NOT_PROMISING
2026-08-15T01:52:33+00:00 RUN_START [498/820] id=GDD25_18 family=sca_boost window=IS run=gdda_is_gdd25_18_20260815105233_5c2876
2026-08-15T01:53:38+00:00 RUN_END [498/820] id=GDD25_18 window=IS status=OK decision=IS_SURVIVOR_TRADEOFF elapsed=65.490s
2026-08-15T01:53:39+00:00 RUN_START [498/820] id=GDD25_18 family=sca_boost window=OOS run=gdda_oos_gdd25_18_20260815105339_6655b0
2026-08-15T01:54:24+00:00 RUN_END [498/820] id=GDD25_18 window=OOS status=OK decision=OOS_REJECT elapsed=45.501s
2026-08-15T01:54:24+00:00 GATE_SKIP [498/820] id=GDD25_18 window=XM5 reason=OOS_NOT_PROMISING
2026-08-15T01:54:24+00:00 RUN_START [499/820] id=GDD25_19 family=sca_boost window=IS run=gdda_is_gdd25_19_20260815105424_0d1deb
2026-08-15T01:55:30+00:00 RUN_END [499/820] id=GDD25_19 window=IS status=OK decision=IS_SURVIVOR_TRADEOFF elapsed=65.489s
2026-08-15T01:55:30+00:00 RUN_START [499/820] id=GDD25_19 family=sca_boost window=OOS run=gdda_oos_gdd25_19_20260815105530_25dd1c
2026-08-15T01:56:15+00:00 RUN_END [499/820] id=GDD25_19 window=OOS status=OK decision=OOS_REJECT elapsed=45.486s
2026-08-15T01:56:15+00:00 GATE_SKIP [499/820] id=GDD25_19 window=XM5 reason=OOS_NOT_PROMISING
2026-08-15T01:56:15+00:00 RUN_START [500/820] id=GDD25_20 family=sca_boost window=IS run=gdda_is_gdd25_20_20260815105615_1d4bf4
2026-08-15T01:57:21+00:00 RUN_END [500/820] id=GDD25_20 window=IS status=OK decision=IS_SURVIVOR_TRADEOFF elapsed=65.487s
2026-08-15T01:57:21+00:00 RUN_START [500/820] id=GDD25_20 family=sca_boost window=OOS run=gdda_oos_gdd25_20_20260815105721_32f62b
2026-08-15T01:58:06+00:00 RUN_END [500/820] id=GDD25_20 window=OOS status=OK decision=OOS_REJECT elapsed=45.500s
2026-08-15T01:58:06+00:00 GATE_SKIP [500/820] id=GDD25_20 window=XM5 reason=OOS_NOT_PROMISING
2026-08-15T01:58:06+00:00 RUN_START [501/820] id=GDD26_01 family=sca_trade_end window=IS run=gdda_is_gdd26_01_20260815105806_7d7a6d
2026-08-15T01:59:12+00:00 RUN_END [501/820] id=GDD26_01 window=IS status=OK decision=IS_SURVIVOR_TRADEOFF elapsed=65.486s
2026-08-15T01:59:12+00:00 RUN_START [501/820] id=GDD26_01 family=sca_trade_end window=OOS run=gdda_oos_gdd26_01_20260815105912_b90bff
2026-08-15T01:59:57+00:00 RUN_END [501/820] id=GDD26_01 window=OOS status=OK decision=OOS_REJECT elapsed=45.496s
2026-08-15T01:59:57+00:00 GATE_SKIP [501/820] id=GDD26_01 window=XM5 reason=OOS_NOT_PROMISING
2026-08-15T01:59:57+00:00 RUN_START [502/820] id=GDD26_02 family=sca_trade_end window=IS run=gdda_is_gdd26_02_20260815105957_ba815f
2026-08-15T02:01:03+00:00 RUN_END [502/820] id=GDD26_02 window=IS status=OK decision=IS_SURVIVOR_TRADEOFF elapsed=65.488s
2026-08-15T02:01:03+00:00 RUN_START [502/820] id=GDD26_02 family=sca_trade_end window=OOS run=gdda_oos_gdd26_02_20260815110103_d3dfbd
2026-08-15T02:01:48+00:00 RUN_END [502/820] id=GDD26_02 window=OOS status=OK decision=OOS_REJECT elapsed=45.479s
2026-08-15T02:01:48+00:00 GATE_SKIP [502/820] id=GDD26_02 window=XM5 reason=OOS_NOT_PROMISING
2026-08-15T02:01:48+00:00 RUN_START [503/820] id=GDD26_03 family=sca_trade_end window=IS run=gdda_is_gdd26_03_20260815110148_074cc5
2026-08-15T02:02:59+00:00 RUN_END [503/820] id=GDD26_03 window=IS status=OK decision=IS_SURVIVOR_TRADEOFF elapsed=70.498s
2026-08-15T02:02:59+00:00 RUN_START [503/820] id=GDD26_03 family=sca_trade_end window=OOS run=gdda_oos_gdd26_03_20260815110259_3d50b4
2026-08-15T02:03:44+00:00 RUN_END [503/820] id=GDD26_03 window=OOS status=OK decision=OOS_REJECT elapsed=45.509s
2026-08-15T02:03:44+00:00 GATE_SKIP [503/820] id=GDD26_03 window=XM5 reason=OOS_NOT_PROMISING
2026-08-15T02:03:44+00:00 RUN_START [504/820] id=GDD26_04 family=sca_trade_end window=IS run=gdda_is_gdd26_04_20260815110344_6919fb
2026-08-15T02:04:50+00:00 RUN_END [504/820] id=GDD26_04 window=IS status=OK decision=IS_SURVIVOR_TRADEOFF elapsed=65.490s
2026-08-15T02:04:50+00:00 RUN_START [504/820] id=GDD26_04 family=sca_trade_end window=OOS run=gdda_oos_gdd26_04_20260815110450_4e5a96
2026-08-15T02:05:35+00:00 RUN_END [504/820] id=GDD26_04 window=OOS status=OK decision=OOS_REJECT elapsed=45.518s
2026-08-15T02:05:35+00:00 GATE_SKIP [504/820] id=GDD26_04 window=XM5 reason=OOS_NOT_PROMISING
2026-08-15T02:05:35+00:00 RUN_START [505/820] id=GDD26_05 family=sca_trade_end window=IS run=gdda_is_gdd26_05_20260815110535_0d5654
2026-08-15T02:06:41+00:00 RUN_END [505/820] id=GDD26_05 window=IS status=OK decision=IS_SURVIVOR_TRADEOFF elapsed=65.487s
2026-08-15T02:06:41+00:00 RUN_START [505/820] id=GDD26_05 family=sca_trade_end window=OOS run=gdda_oos_gdd26_05_20260815110641_9d5381
2026-08-15T02:07:26+00:00 RUN_END [505/820] id=GDD26_05 window=OOS status=OK decision=OOS_REJECT elapsed=45.483s
2026-08-15T02:07:26+00:00 GATE_SKIP [505/820] id=GDD26_05 window=XM5 reason=OOS_NOT_PROMISING
2026-08-15T02:07:26+00:00 RUN_START [506/820] id=GDD26_06 family=sca_trade_end window=IS run=gdda_is_gdd26_06_20260815110726_aeb485
2026-08-15T02:08:32+00:00 RUN_END [506/820] id=GDD26_06 window=IS status=OK decision=IS_SURVIVOR_TRADEOFF elapsed=65.487s
2026-08-15T02:08:32+00:00 RUN_START [506/820] id=GDD26_06 family=sca_trade_end window=OOS run=gdda_oos_gdd26_06_20260815110832_d1f0e7
2026-08-15T02:09:17+00:00 RUN_END [506/820] id=GDD26_06 window=OOS status=OK decision=OOS_REJECT elapsed=45.480s
2026-08-15T02:09:17+00:00 GATE_SKIP [506/820] id=GDD26_06 window=XM5 reason=OOS_NOT_PROMISING
2026-08-15T02:09:17+00:00 RUN_START [507/820] id=GDD26_07 family=sca_trade_end window=IS run=gdda_is_gdd26_07_20260815110917_053331
2026-08-15T02:10:23+00:00 RUN_END [507/820] id=GDD26_07 window=IS status=OK decision=IS_REJECT elapsed=65.471s
2026-08-15T02:10:23+00:00 GATE_SKIP [507/820] id=GDD26_07 window=OOS reason=IS_NOT_SURVIVOR
2026-08-15T02:10:23+00:00 GATE_SKIP [507/820] id=GDD26_07 window=XM5 reason=OOS_NOT_PROMISING
2026-08-15T02:10:23+00:00 RUN_START [508/820] id=GDD26_08 family=sca_trade_end window=IS run=gdda_is_gdd26_08_20260815111023_a34c92
2026-08-15T02:11:29+00:00 RUN_END [508/820] id=GDD26_08 window=IS status=OK decision=IS_SURVIVOR_TRADEOFF elapsed=65.534s
2026-08-15T02:11:29+00:00 RUN_START [508/820] id=GDD26_08 family=sca_trade_end window=OOS run=gdda_oos_gdd26_08_20260815111129_689a96
2026-08-15T02:12:14+00:00 RUN_END [508/820] id=GDD26_08 window=OOS status=OK decision=OOS_REJECT elapsed=45.487s
2026-08-15T02:12:14+00:00 GATE_SKIP [508/820] id=GDD26_08 window=XM5 reason=OOS_NOT_PROMISING
2026-08-15T02:12:14+00:00 RUN_START [509/820] id=GDD26_09 family=sca_trade_end window=IS run=gdda_is_gdd26_09_20260815111214_9e2418
2026-08-15T02:13:20+00:00 RUN_END [509/820] id=GDD26_09 window=IS status=OK decision=IS_SURVIVOR_DD elapsed=65.478s
2026-08-15T02:13:20+00:00 RUN_START [509/820] id=GDD26_09 family=sca_trade_end window=OOS run=gdda_oos_gdd26_09_20260815111320_de9024
2026-08-15T02:14:05+00:00 RUN_END [509/820] id=GDD26_09 window=OOS status=OK decision=OOS_REJECT elapsed=45.550s
2026-08-15T02:14:05+00:00 GATE_SKIP [509/820] id=GDD26_09 window=XM5 reason=OOS_NOT_PROMISING
2026-08-15T02:14:05+00:00 RUN_START [510/820] id=GDD26_10 family=sca_trade_end window=IS run=gdda_is_gdd26_10_20260815111405_29a559
2026-08-15T02:15:11+00:00 RUN_END [510/820] id=GDD26_10 window=IS status=OK decision=IS_SURVIVOR_DD elapsed=65.475s
2026-08-15T02:15:11+00:00 RUN_START [510/820] id=GDD26_10 family=sca_trade_end window=OOS run=gdda_oos_gdd26_10_20260815111511_029627
2026-08-15T02:15:56+00:00 RUN_END [510/820] id=GDD26_10 window=OOS status=OK decision=OOS_REJECT elapsed=45.475s
2026-08-15T02:15:56+00:00 GATE_SKIP [510/820] id=GDD26_10 window=XM5 reason=OOS_NOT_PROMISING
2026-08-15T02:15:56+00:00 RUN_START [511/820] id=GDD26_11 family=sca_trade_end window=IS run=gdda_is_gdd26_11_20260815111556_e874d7
2026-08-15T02:17:02+00:00 RUN_END [511/820] id=GDD26_11 window=IS status=OK decision=IS_SURVIVOR_DD elapsed=65.484s
2026-08-15T02:17:02+00:00 RUN_START [511/820] id=GDD26_11 family=sca_trade_end window=OOS run=gdda_oos_gdd26_11_20260815111702_23143a
2026-08-15T02:17:47+00:00 RUN_END [511/820] id=GDD26_11 window=OOS status=OK decision=OOS_REJECT elapsed=45.488s
2026-08-15T02:17:47+00:00 GATE_SKIP [511/820] id=GDD26_11 window=XM5 reason=OOS_NOT_PROMISING
2026-08-15T02:17:47+00:00 RUN_START [512/820] id=GDD26_12 family=sca_trade_end window=IS run=gdda_is_gdd26_12_20260815111747_1c62f1
2026-08-15T02:18:53+00:00 RUN_END [512/820] id=GDD26_12 window=IS status=OK decision=IS_REJECT elapsed=65.475s
2026-08-15T02:18:53+00:00 GATE_SKIP [512/820] id=GDD26_12 window=OOS reason=IS_NOT_SURVIVOR
2026-08-15T02:18:53+00:00 GATE_SKIP [512/820] id=GDD26_12 window=XM5 reason=OOS_NOT_PROMISING
2026-08-15T02:18:53+00:00 RUN_START [513/820] id=GDD26_13 family=sca_trade_end window=IS run=gdda_is_gdd26_13_20260815111853_6643fd
2026-08-15T02:19:58+00:00 RUN_END [513/820] id=GDD26_13 window=IS status=OK decision=IS_SURVIVOR_DD elapsed=65.515s
2026-08-15T02:19:58+00:00 RUN_START [513/820] id=GDD26_13 family=sca_trade_end window=OOS run=gdda_oos_gdd26_13_20260815111958_89a6db
2026-08-15T02:20:44+00:00 RUN_END [513/820] id=GDD26_13 window=OOS status=OK decision=OOS_REJECT elapsed=45.481s
2026-08-15T02:20:44+00:00 GATE_SKIP [513/820] id=GDD26_13 window=XM5 reason=OOS_NOT_PROMISING
2026-08-15T02:20:44+00:00 RUN_START [514/820] id=GDD26_14 family=sca_trade_end window=IS run=gdda_is_gdd26_14_20260815112044_f22144
2026-08-15T02:21:49+00:00 RUN_END [514/820] id=GDD26_14 window=IS status=OK decision=IS_SURVIVOR_DD elapsed=65.488s
2026-08-15T02:21:49+00:00 RUN_START [514/820] id=GDD26_14 family=sca_trade_end window=OOS run=gdda_oos_gdd26_14_20260815112149_2f7cd6
2026-08-15T02:22:35+00:00 RUN_END [514/820] id=GDD26_14 window=OOS status=OK decision=OOS_REJECT elapsed=45.534s
2026-08-15T02:22:35+00:00 GATE_SKIP [514/820] id=GDD26_14 window=XM5 reason=OOS_NOT_PROMISING
2026-08-15T02:22:35+00:00 RUN_START [515/820] id=GDD26_15 family=sca_trade_end window=IS run=gdda_is_gdd26_15_20260815112235_09d90c
2026-08-15T02:23:40+00:00 RUN_END [515/820] id=GDD26_15 window=IS status=OK decision=IS_SURVIVOR_TRADEOFF elapsed=65.479s
2026-08-15T02:23:40+00:00 RUN_START [515/820] id=GDD26_15 family=sca_trade_end window=OOS run=gdda_oos_gdd26_15_20260815112340_4828aa
2026-08-15T02:24:26+00:00 RUN_END [515/820] id=GDD26_15 window=OOS status=OK decision=OOS_REJECT elapsed=45.478s
2026-08-15T02:24:26+00:00 GATE_SKIP [515/820] id=GDD26_15 window=XM5 reason=OOS_NOT_PROMISING
2026-08-15T02:24:26+00:00 RUN_START [516/820] id=GDD26_16 family=sca_trade_end window=IS run=gdda_is_gdd26_16_20260815112426_fe5fb8
2026-08-15T02:25:31+00:00 RUN_END [516/820] id=GDD26_16 window=IS status=OK decision=IS_SURVIVOR_TRADEOFF elapsed=65.482s
2026-08-15T02:25:31+00:00 RUN_START [516/820] id=GDD26_16 family=sca_trade_end window=OOS run=gdda_oos_gdd26_16_20260815112531_bea7e4
2026-08-15T02:26:22+00:00 RUN_END [516/820] id=GDD26_16 window=OOS status=OK decision=OOS_REJECT elapsed=50.471s
2026-08-15T02:26:22+00:00 GATE_SKIP [516/820] id=GDD26_16 window=XM5 reason=OOS_NOT_PROMISING
2026-08-15T02:26:22+00:00 RUN_START [517/820] id=GDD26_17 family=sca_trade_end window=IS run=gdda_is_gdd26_17_20260815112622_4c2e7b
2026-08-15T02:27:27+00:00 RUN_END [517/820] id=GDD26_17 window=IS status=OK decision=IS_SURVIVOR_TRADEOFF elapsed=65.468s
2026-08-15T02:27:27+00:00 RUN_START [517/820] id=GDD26_17 family=sca_trade_end window=OOS run=gdda_oos_gdd26_17_20260815112727_cc8d69
2026-08-15T02:28:13+00:00 RUN_END [517/820] id=GDD26_17 window=OOS status=OK decision=OOS_REJECT elapsed=45.485s
2026-08-15T02:28:13+00:00 GATE_SKIP [517/820] id=GDD26_17 window=XM5 reason=OOS_NOT_PROMISING
2026-08-15T02:28:13+00:00 RUN_START [518/820] id=GDD26_18 family=sca_trade_end window=IS run=gdda_is_gdd26_18_20260815112813_dc420e
2026-08-15T02:29:18+00:00 RUN_END [518/820] id=GDD26_18 window=IS status=OK decision=IS_SURVIVOR_TRADEOFF elapsed=65.476s
2026-08-15T02:29:18+00:00 RUN_START [518/820] id=GDD26_18 family=sca_trade_end window=OOS run=gdda_oos_gdd26_18_20260815112918_4a9385
2026-08-15T02:30:04+00:00 RUN_END [518/820] id=GDD26_18 window=OOS status=OK decision=OOS_REJECT elapsed=45.495s
2026-08-15T02:30:04+00:00 GATE_SKIP [518/820] id=GDD26_18 window=XM5 reason=OOS_NOT_PROMISING
2026-08-15T02:30:04+00:00 RUN_START [519/820] id=GDD26_19 family=sca_trade_end window=IS run=gdda_is_gdd26_19_20260815113004_818ab3
2026-08-15T02:31:09+00:00 RUN_END [519/820] id=GDD26_19 window=IS status=OK decision=IS_SURVIVOR_TRADEOFF elapsed=65.483s
2026-08-15T02:31:10+00:00 RUN_START [519/820] id=GDD26_19 family=sca_trade_end window=OOS run=gdda_oos_gdd26_19_20260815113110_648693
2026-08-15T02:32:00+00:00 RUN_END [519/820] id=GDD26_19 window=OOS status=OK decision=OOS_REJECT elapsed=50.464s
2026-08-15T02:32:00+00:00 GATE_SKIP [519/820] id=GDD26_19 window=XM5 reason=OOS_NOT_PROMISING
2026-08-15T02:32:00+00:00 RUN_START [520/820] id=GDD26_20 family=sca_trade_end window=IS run=gdda_is_gdd26_20_20260815113200_86fcf0
2026-08-15T02:33:06+00:00 RUN_END [520/820] id=GDD26_20 window=IS status=OK decision=IS_SURVIVOR_TRADEOFF elapsed=65.477s
2026-08-15T02:33:06+00:00 RUN_START [520/820] id=GDD26_20 family=sca_trade_end window=OOS run=gdda_oos_gdd26_20_20260815113306_8c27eb
2026-08-15T02:33:51+00:00 RUN_END [520/820] id=GDD26_20 window=OOS status=OK decision=OOS_REJECT elapsed=45.485s
2026-08-15T02:33:51+00:00 GATE_SKIP [520/820] id=GDD26_20 window=XM5 reason=OOS_NOT_PROMISING
2026-08-15T02:33:51+00:00 RUN_START [521/820] id=GDD27_01 family=sca_force_close window=IS run=gdda_is_gdd27_01_20260815113351_d86b67
2026-08-15T02:34:57+00:00 RUN_END [521/820] id=GDD27_01 window=IS status=OK decision=IS_SURVIVOR_TRADEOFF elapsed=65.548s
2026-08-15T02:34:57+00:00 RUN_START [521/820] id=GDD27_01 family=sca_force_close window=OOS run=gdda_oos_gdd27_01_20260815113457_520252
2026-08-15T02:35:42+00:00 RUN_END [521/820] id=GDD27_01 window=OOS status=OK decision=OOS_REJECT elapsed=45.448s
2026-08-15T02:35:42+00:00 GATE_SKIP [521/820] id=GDD27_01 window=XM5 reason=OOS_NOT_PROMISING
2026-08-15T02:35:42+00:00 RUN_START [522/820] id=GDD27_02 family=sca_force_close window=IS run=gdda_is_gdd27_02_20260815113542_934793
2026-08-15T02:36:48+00:00 RUN_END [522/820] id=GDD27_02 window=IS status=OK decision=IS_SURVIVOR_TRADEOFF elapsed=65.461s
2026-08-15T02:36:48+00:00 RUN_START [522/820] id=GDD27_02 family=sca_force_close window=OOS run=gdda_oos_gdd27_02_20260815113648_0d4e4c
2026-08-15T02:37:33+00:00 RUN_END [522/820] id=GDD27_02 window=OOS status=OK decision=OOS_REJECT elapsed=45.469s
2026-08-15T02:37:33+00:00 GATE_SKIP [522/820] id=GDD27_02 window=XM5 reason=OOS_NOT_PROMISING
2026-08-15T02:37:33+00:00 RUN_START [523/820] id=GDD27_03 family=sca_force_close window=IS run=gdda_is_gdd27_03_20260815113733_6eab55
2026-08-15T02:38:39+00:00 RUN_END [523/820] id=GDD27_03 window=IS status=OK decision=IS_SURVIVOR_TRADEOFF elapsed=65.471s
2026-08-15T02:38:39+00:00 RUN_START [523/820] id=GDD27_03 family=sca_force_close window=OOS run=gdda_oos_gdd27_03_20260815113839_6da1ec
2026-08-15T02:39:24+00:00 RUN_END [523/820] id=GDD27_03 window=OOS status=OK decision=OOS_REJECT elapsed=45.466s
2026-08-15T02:39:24+00:00 GATE_SKIP [523/820] id=GDD27_03 window=XM5 reason=OOS_NOT_PROMISING
2026-08-15T02:39:24+00:00 RUN_START [524/820] id=GDD27_04 family=sca_force_close window=IS run=gdda_is_gdd27_04_20260815113924_a9669c
2026-08-15T02:40:30+00:00 RUN_END [524/820] id=GDD27_04 window=IS status=OK decision=IS_SURVIVOR_TRADEOFF elapsed=65.478s
2026-08-15T02:40:30+00:00 RUN_START [524/820] id=GDD27_04 family=sca_force_close window=OOS run=gdda_oos_gdd27_04_20260815114030_0a8e1d
2026-08-15T02:41:15+00:00 RUN_END [524/820] id=GDD27_04 window=OOS status=OK decision=OOS_REJECT elapsed=45.465s
2026-08-15T02:41:15+00:00 GATE_SKIP [524/820] id=GDD27_04 window=XM5 reason=OOS_NOT_PROMISING
2026-08-15T02:41:15+00:00 RUN_START [525/820] id=GDD27_05 family=sca_force_close window=IS run=gdda_is_gdd27_05_20260815114115_9b50c6
2026-08-15T02:42:21+00:00 RUN_END [525/820] id=GDD27_05 window=IS status=OK decision=IS_SURVIVOR_TRADEOFF elapsed=65.450s
2026-08-15T02:42:21+00:00 RUN_START [525/820] id=GDD27_05 family=sca_force_close window=OOS run=gdda_oos_gdd27_05_20260815114221_10cb4e
2026-08-15T02:43:06+00:00 RUN_END [525/820] id=GDD27_05 window=OOS status=OK decision=OOS_REJECT elapsed=45.457s
2026-08-15T02:43:06+00:00 GATE_SKIP [525/820] id=GDD27_05 window=XM5 reason=OOS_NOT_PROMISING
2026-08-15T02:43:06+00:00 RUN_START [526/820] id=GDD27_06 family=sca_force_close window=IS run=gdda_is_gdd27_06_20260815114306_f2ae1e
2026-08-15T02:44:12+00:00 RUN_END [526/820] id=GDD27_06 window=IS status=OK decision=IS_SURVIVOR_TRADEOFF elapsed=65.452s
2026-08-15T02:44:12+00:00 RUN_START [526/820] id=GDD27_06 family=sca_force_close window=OOS run=gdda_oos_gdd27_06_20260815114412_41826e
2026-08-15T02:44:57+00:00 RUN_END [526/820] id=GDD27_06 window=OOS status=OK decision=OOS_REJECT elapsed=45.519s
2026-08-15T02:44:57+00:00 GATE_SKIP [526/820] id=GDD27_06 window=XM5 reason=OOS_NOT_PROMISING
2026-08-15T02:44:57+00:00 RUN_START [527/820] id=GDD27_07 family=sca_force_close window=IS run=gdda_is_gdd27_07_20260815114457_f6affa
2026-08-15T02:46:03+00:00 RUN_END [527/820] id=GDD27_07 window=IS status=OK decision=IS_SURVIVOR_TRADEOFF elapsed=65.459s
2026-08-15T02:46:03+00:00 RUN_START [527/820] id=GDD27_07 family=sca_force_close window=OOS run=gdda_oos_gdd27_07_20260815114603_87d618
2026-08-15T02:46:48+00:00 RUN_END [527/820] id=GDD27_07 window=OOS status=OK decision=OOS_REJECT elapsed=45.510s
2026-08-15T02:46:48+00:00 GATE_SKIP [527/820] id=GDD27_07 window=XM5 reason=OOS_NOT_PROMISING
2026-08-15T02:46:48+00:00 RUN_START [528/820] id=GDD27_08 family=sca_force_close window=IS run=gdda_is_gdd27_08_20260815114648_c2d647
2026-08-15T02:47:49+00:00 RUN_END [528/820] id=GDD27_08 window=IS status=OK decision=IS_SURVIVOR_TRADEOFF elapsed=60.472s
2026-08-15T02:47:49+00:00 RUN_START [528/820] id=GDD27_08 family=sca_force_close window=OOS run=gdda_oos_gdd27_08_20260815114749_427b4b
2026-08-15T02:48:34+00:00 RUN_END [528/820] id=GDD27_08 window=OOS status=OK decision=OOS_REJECT elapsed=45.467s
2026-08-15T02:48:34+00:00 GATE_SKIP [528/820] id=GDD27_08 window=XM5 reason=OOS_NOT_PROMISING
2026-08-15T02:48:34+00:00 RUN_START [529/820] id=GDD27_09 family=sca_force_close window=IS run=gdda_is_gdd27_09_20260815114834_44d7ab
2026-08-15T02:49:35+00:00 RUN_END [529/820] id=GDD27_09 window=IS status=OK decision=IS_REJECT elapsed=60.446s
2026-08-15T02:49:35+00:00 GATE_SKIP [529/820] id=GDD27_09 window=OOS reason=IS_NOT_SURVIVOR
2026-08-15T02:49:35+00:00 GATE_SKIP [529/820] id=GDD27_09 window=XM5 reason=OOS_NOT_PROMISING
2026-08-15T02:49:35+00:00 RUN_START [530/820] id=GDD27_10 family=sca_force_close window=IS run=gdda_is_gdd27_10_20260815114935_157d1f
2026-08-15T02:50:35+00:00 RUN_END [530/820] id=GDD27_10 window=IS status=OK decision=IS_REJECT elapsed=60.476s
2026-08-15T02:50:35+00:00 GATE_SKIP [530/820] id=GDD27_10 window=OOS reason=IS_NOT_SURVIVOR
2026-08-15T02:50:35+00:00 GATE_SKIP [530/820] id=GDD27_10 window=XM5 reason=OOS_NOT_PROMISING
2026-08-15T02:50:35+00:00 RUN_START [531/820] id=GDD27_11 family=sca_force_close window=IS run=gdda_is_gdd27_11_20260815115035_cb7ecc
2026-08-15T02:51:36+00:00 RUN_END [531/820] id=GDD27_11 window=IS status=OK decision=IS_REJECT elapsed=60.458s
2026-08-15T02:51:36+00:00 GATE_SKIP [531/820] id=GDD27_11 window=OOS reason=IS_NOT_SURVIVOR
2026-08-15T02:51:36+00:00 GATE_SKIP [531/820] id=GDD27_11 window=XM5 reason=OOS_NOT_PROMISING
2026-08-15T02:51:36+00:00 RUN_START [532/820] id=GDD27_12 family=sca_force_close window=IS run=gdda_is_gdd27_12_20260815115136_77662b
2026-08-15T02:52:41+00:00 RUN_END [532/820] id=GDD27_12 window=IS status=OK decision=IS_REJECT elapsed=65.460s
2026-08-15T02:52:41+00:00 GATE_SKIP [532/820] id=GDD27_12 window=OOS reason=IS_NOT_SURVIVOR
2026-08-15T02:52:41+00:00 GATE_SKIP [532/820] id=GDD27_12 window=XM5 reason=OOS_NOT_PROMISING
2026-08-15T02:52:41+00:00 RUN_START [533/820] id=GDD27_13 family=sca_force_close window=IS run=gdda_is_gdd27_13_20260815115241_61a318
2026-08-15T02:53:47+00:00 RUN_END [533/820] id=GDD27_13 window=IS status=OK decision=IS_REJECT elapsed=65.453s
2026-08-15T02:53:47+00:00 GATE_SKIP [533/820] id=GDD27_13 window=OOS reason=IS_NOT_SURVIVOR
2026-08-15T02:53:47+00:00 GATE_SKIP [533/820] id=GDD27_13 window=XM5 reason=OOS_NOT_PROMISING
2026-08-15T02:53:47+00:00 RUN_START [534/820] id=GDD27_14 family=sca_force_close window=IS run=gdda_is_gdd27_14_20260815115347_27872b
2026-08-15T02:54:52+00:00 RUN_END [534/820] id=GDD27_14 window=IS status=OK decision=IS_SURVIVOR_DD elapsed=65.449s
2026-08-15T02:54:52+00:00 RUN_START [534/820] id=GDD27_14 family=sca_force_close window=OOS run=gdda_oos_gdd27_14_20260815115452_9d7451
2026-08-15T02:55:38+00:00 RUN_END [534/820] id=GDD27_14 window=OOS status=OK decision=OOS_REJECT elapsed=45.471s
2026-08-15T02:55:38+00:00 GATE_SKIP [534/820] id=GDD27_14 window=XM5 reason=OOS_NOT_PROMISING
2026-08-15T02:55:38+00:00 RUN_START [535/820] id=GDD27_15 family=sca_force_close window=IS run=gdda_is_gdd27_15_20260815115538_0a6b2d
2026-08-15T02:56:43+00:00 RUN_END [535/820] id=GDD27_15 window=IS status=OK decision=IS_SURVIVOR_DD elapsed=65.456s
2026-08-15T02:56:43+00:00 RUN_START [535/820] id=GDD27_15 family=sca_force_close window=OOS run=gdda_oos_gdd27_15_20260815115643_7a54fa
2026-08-15T02:57:29+00:00 RUN_END [535/820] id=GDD27_15 window=OOS status=OK decision=OOS_REJECT elapsed=45.482s
2026-08-15T02:57:29+00:00 GATE_SKIP [535/820] id=GDD27_15 window=XM5 reason=OOS_NOT_PROMISING
2026-08-15T02:57:29+00:00 RUN_START [536/820] id=GDD27_16 family=sca_force_close window=IS run=gdda_is_gdd27_16_20260815115729_5ef73d
2026-08-15T02:58:34+00:00 RUN_END [536/820] id=GDD27_16 window=IS status=OK decision=IS_SURVIVOR_DD elapsed=65.473s
2026-08-15T02:58:34+00:00 RUN_START [536/820] id=GDD27_16 family=sca_force_close window=OOS run=gdda_oos_gdd27_16_20260815115834_f027a0
2026-08-15T02:59:20+00:00 RUN_END [536/820] id=GDD27_16 window=OOS status=OK decision=OOS_REJECT elapsed=45.474s
2026-08-15T02:59:20+00:00 GATE_SKIP [536/820] id=GDD27_16 window=XM5 reason=OOS_NOT_PROMISING
2026-08-15T02:59:20+00:00 RUN_START [537/820] id=GDD27_17 family=sca_force_close window=IS run=gdda_is_gdd27_17_20260815115920_f623e7
2026-08-15T03:00:25+00:00 RUN_END [537/820] id=GDD27_17 window=IS status=OK decision=IS_REJECT elapsed=65.473s
2026-08-15T03:00:25+00:00 GATE_SKIP [537/820] id=GDD27_17 window=OOS reason=IS_NOT_SURVIVOR
2026-08-15T03:00:25+00:00 GATE_SKIP [537/820] id=GDD27_17 window=XM5 reason=OOS_NOT_PROMISING
2026-08-15T03:00:25+00:00 RUN_START [538/820] id=GDD27_18 family=sca_force_close window=IS run=gdda_is_gdd27_18_20260815120025_b8091f
2026-08-15T03:01:31+00:00 RUN_END [538/820] id=GDD27_18 window=IS status=OK decision=IS_SURVIVOR_DD elapsed=65.475s
2026-08-15T03:01:31+00:00 RUN_START [538/820] id=GDD27_18 family=sca_force_close window=OOS run=gdda_oos_gdd27_18_20260815120131_a8b06b
2026-08-15T03:02:16+00:00 RUN_END [538/820] id=GDD27_18 window=OOS status=OK decision=OOS_PASS elapsed=45.459s
2026-08-15T03:02:16+00:00 RUN_START [538/820] id=GDD27_18 family=sca_force_close window=XM5 run=gdda_xm5_gdd27_18_20260815120216_f77a8b
2026-08-15T03:10:37+00:00 RUN_END [538/820] id=GDD27_18 window=XM5 status=OK decision=XM5_REJECT elapsed=500.497s
2026-08-15T03:10:37+00:00 RUN_START [539/820] id=GDD27_19 family=sca_force_close window=IS run=gdda_is_gdd27_19_20260815121037_9edc4e
2026-08-15T03:10:37+00:00 WAIT_TERMINAL elapsed=0s processes=metatester64.exe
2026-08-15T03:11:39+00:00 WAIT_TERMINAL elapsed=62s processes=metatester64.exe
2026-08-15T03:12:40+00:00 WAIT_TERMINAL elapsed=124s processes=metatester64.exe
2026-08-15T03:13:42+00:00 WAIT_TERMINAL elapsed=185s processes=metatester64.exe
2026-08-15T03:14:43+00:00 WAIT_TERMINAL elapsed=247s processes=metatester64.exe
2026-08-15T03:15:45+00:00 KILL_ORPHAN_TESTER elapsed=308s metatester64.exe
2026-08-15T03:17:51+00:00 RUN_END [539/820] id=GDD27_19 window=IS status=OK decision=IS_SURVIVOR_DD elapsed=433.844s
2026-08-15T03:17:51+00:00 RUN_START [539/820] id=GDD27_19 family=sca_force_close window=OOS run=gdda_oos_gdd27_19_20260815121751_bf5752
2026-08-15T03:18:36+00:00 RUN_END [539/820] id=GDD27_19 window=OOS status=OK decision=OOS_PASS elapsed=45.483s
2026-08-15T03:18:36+00:00 RUN_START [539/820] id=GDD27_19 family=sca_force_close window=XM5 run=gdda_xm5_gdd27_19_20260815121836_351a8b
2026-08-15T03:26:57+00:00 RUN_END [539/820] id=GDD27_19 window=XM5 status=OK decision=XM5_REJECT elapsed=500.465s
2026-08-15T03:26:57+00:00 RUN_START [540/820] id=GDD27_20 family=sca_force_close window=IS run=gdda_is_gdd27_20_20260815122657_86f4a5
2026-08-15T03:26:57+00:00 WAIT_TERMINAL elapsed=0s processes=metatester64.exe
2026-08-15T03:27:59+00:00 WAIT_TERMINAL elapsed=62s processes=metatester64.exe
2026-08-15T03:29:00+00:00 WAIT_TERMINAL elapsed=124s processes=metatester64.exe
2026-08-15T03:30:02+00:00 WAIT_TERMINAL elapsed=185s processes=metatester64.exe
2026-08-15T03:31:03+00:00 WAIT_TERMINAL elapsed=247s processes=metatester64.exe
2026-08-15T03:32:05+00:00 KILL_ORPHAN_TESTER elapsed=308s metatester64.exe
2026-08-15T03:33:25+00:00 RUN_END [540/820] id=GDD27_20 window=IS status=OK decision=IS_SURVIVOR_DD elapsed=388.762s
2026-08-15T03:33:25+00:00 RUN_START [540/820] id=GDD27_20 family=sca_force_close window=OOS run=gdda_oos_gdd27_20_20260815123325_edbe3b
2026-08-15T03:34:11+00:00 RUN_END [540/820] id=GDD27_20 window=OOS status=OK decision=OOS_REJECT elapsed=45.478s
2026-08-15T03:34:11+00:00 GATE_SKIP [540/820] id=GDD27_20 window=XM5 reason=OOS_NOT_PROMISING
2026-08-15T03:34:11+00:00 RUN_START [541/820] id=GDD28_01 family=sca_range_start window=IS run=gdda_is_gdd28_01_20260815123411_371adf
2026-08-15T03:34:11+00:00 RUN_END [541/820] id=GDD28_01 window=IS status=UNVERIFIED decision=UNVERIFIED_EA_INPUT elapsed=0.002s
2026-08-15T03:34:11+00:00 RUN_START [542/820] id=GDD28_02 family=sca_range_start window=IS run=gdda_is_gdd28_02_20260815123411_6deff0
2026-08-15T03:34:11+00:00 RUN_END [542/820] id=GDD28_02 window=IS status=UNVERIFIED decision=UNVERIFIED_EA_INPUT elapsed=0.001s
2026-08-15T03:34:11+00:00 RUN_START [543/820] id=GDD28_03 family=sca_range_start window=IS run=gdda_is_gdd28_03_20260815123411_bed711
2026-08-15T03:34:11+00:00 RUN_END [543/820] id=GDD28_03 window=IS status=UNVERIFIED decision=UNVERIFIED_EA_INPUT elapsed=0.001s
2026-08-15T03:34:11+00:00 RUN_START [544/820] id=GDD28_04 family=sca_range_start window=IS run=gdda_is_gdd28_04_20260815123411_f0444c
2026-08-15T03:34:11+00:00 RUN_END [544/820] id=GDD28_04 window=IS status=UNVERIFIED decision=UNVERIFIED_EA_INPUT elapsed=0.001s
2026-08-15T03:34:11+00:00 RUN_START [545/820] id=GDD28_05 family=sca_range_start window=IS run=gdda_is_gdd28_05_20260815123411_9b62fd
2026-08-15T03:34:11+00:00 RUN_END [545/820] id=GDD28_05 window=IS status=UNVERIFIED decision=UNVERIFIED_EA_INPUT elapsed=0.001s
2026-08-15T03:34:11+00:00 RUN_START [546/820] id=GDD28_06 family=sca_range_start window=IS run=gdda_is_gdd28_06_20260815123411_c7e117
2026-08-15T03:34:11+00:00 RUN_END [546/820] id=GDD28_06 window=IS status=UNVERIFIED decision=UNVERIFIED_EA_INPUT elapsed=0.001s
2026-08-15T03:34:11+00:00 RUN_START [547/820] id=GDD28_07 family=sca_range_start window=IS run=gdda_is_gdd28_07_20260815123411_701a4c
2026-08-15T03:34:11+00:00 RUN_END [547/820] id=GDD28_07 window=IS status=UNVERIFIED decision=UNVERIFIED_EA_INPUT elapsed=0.001s
2026-08-15T03:34:11+00:00 RUN_START [548/820] id=GDD28_08 family=sca_range_start window=IS run=gdda_is_gdd28_08_20260815123411_93fc12
2026-08-15T03:34:11+00:00 RUN_END [548/820] id=GDD28_08 window=IS status=UNVERIFIED decision=UNVERIFIED_EA_INPUT elapsed=0.001s
2026-08-15T03:34:11+00:00 RUN_START [549/820] id=GDD28_09 family=sca_range_start window=IS run=gdda_is_gdd28_09_20260815123411_bd2837
2026-08-15T03:34:11+00:00 RUN_END [549/820] id=GDD28_09 window=IS status=UNVERIFIED decision=UNVERIFIED_EA_INPUT elapsed=0.001s
2026-08-15T03:34:11+00:00 RUN_START [550/820] id=GDD28_10 family=sca_range_start window=IS run=gdda_is_gdd28_10_20260815123411_91680a
2026-08-15T03:34:11+00:00 RUN_END [550/820] id=GDD28_10 window=IS status=UNVERIFIED decision=UNVERIFIED_EA_INPUT elapsed=0.001s
2026-08-15T03:34:11+00:00 RUN_START [551/820] id=GDD28_11 family=sca_range_start window=IS run=gdda_is_gdd28_11_20260815123411_02f402
2026-08-15T03:34:11+00:00 RUN_END [551/820] id=GDD28_11 window=IS status=UNVERIFIED decision=UNVERIFIED_EA_INPUT elapsed=0.001s
2026-08-15T03:34:11+00:00 RUN_START [552/820] id=GDD28_12 family=sca_range_start window=IS run=gdda_is_gdd28_12_20260815123411_f35d70
2026-08-15T03:34:11+00:00 RUN_END [552/820] id=GDD28_12 window=IS status=UNVERIFIED decision=UNVERIFIED_EA_INPUT elapsed=0.001s
2026-08-15T03:34:11+00:00 RUN_START [553/820] id=GDD28_13 family=sca_range_start window=IS run=gdda_is_gdd28_13_20260815123411_721206
2026-08-15T03:34:11+00:00 RUN_END [553/820] id=GDD28_13 window=IS status=UNVERIFIED decision=UNVERIFIED_EA_INPUT elapsed=0.001s
2026-08-15T03:34:11+00:00 RUN_START [554/820] id=GDD28_14 family=sca_range_start window=IS run=gdda_is_gdd28_14_20260815123411_2d15aa
2026-08-15T03:34:11+00:00 RUN_END [554/820] id=GDD28_14 window=IS status=UNVERIFIED decision=UNVERIFIED_EA_INPUT elapsed=0.001s
2026-08-15T03:34:11+00:00 RUN_START [555/820] id=GDD28_15 family=sca_range_start window=IS run=gdda_is_gdd28_15_20260815123411_496358
2026-08-15T03:34:11+00:00 RUN_END [555/820] id=GDD28_15 window=IS status=UNVERIFIED decision=UNVERIFIED_EA_INPUT elapsed=0.001s
2026-08-15T03:34:11+00:00 RUN_START [556/820] id=GDD28_16 family=sca_range_start window=IS run=gdda_is_gdd28_16_20260815123411_2375c9
2026-08-15T03:34:11+00:00 RUN_END [556/820] id=GDD28_16 window=IS status=UNVERIFIED decision=UNVERIFIED_EA_INPUT elapsed=0.001s
2026-08-15T03:34:11+00:00 RUN_START [557/820] id=GDD28_17 family=sca_range_start window=IS run=gdda_is_gdd28_17_20260815123411_2f7e00
2026-08-15T03:34:11+00:00 RUN_END [557/820] id=GDD28_17 window=IS status=UNVERIFIED decision=UNVERIFIED_EA_INPUT elapsed=0.001s
2026-08-15T03:34:11+00:00 RUN_START [558/820] id=GDD28_18 family=sca_range_start window=IS run=gdda_is_gdd28_18_20260815123411_3dd4a7
2026-08-15T03:34:11+00:00 RUN_END [558/820] id=GDD28_18 window=IS status=UNVERIFIED decision=UNVERIFIED_EA_INPUT elapsed=0.001s
2026-08-15T03:34:11+00:00 RUN_START [559/820] id=GDD28_19 family=sca_range_start window=IS run=gdda_is_gdd28_19_20260815123411_31580e
2026-08-15T03:34:11+00:00 RUN_END [559/820] id=GDD28_19 window=IS status=UNVERIFIED decision=UNVERIFIED_EA_INPUT elapsed=0.001s
2026-08-15T03:34:11+00:00 RUN_START [560/820] id=GDD28_20 family=sca_range_start window=IS run=gdda_is_gdd28_20_20260815123411_ae450c
2026-08-15T03:34:11+00:00 RUN_END [560/820] id=GDD28_20 window=IS status=UNVERIFIED decision=UNVERIFIED_EA_INPUT elapsed=0.001s
2026-08-15T03:34:11+00:00 RUN_START [561/820] id=GDD29_01 family=sca_range_end window=IS run=gdda_is_gdd29_01_20260815123411_46ed5b
2026-08-15T03:34:11+00:00 RUN_END [561/820] id=GDD29_01 window=IS status=UNVERIFIED decision=UNVERIFIED_EA_INPUT elapsed=0.001s
2026-08-15T03:34:11+00:00 RUN_START [562/820] id=GDD29_02 family=sca_range_end window=IS run=gdda_is_gdd29_02_20260815123411_04f299
2026-08-15T03:34:11+00:00 RUN_END [562/820] id=GDD29_02 window=IS status=UNVERIFIED decision=UNVERIFIED_EA_INPUT elapsed=0.001s
2026-08-15T03:34:11+00:00 RUN_START [563/820] id=GDD29_03 family=sca_range_end window=IS run=gdda_is_gdd29_03_20260815123411_d32d10
2026-08-15T03:34:11+00:00 RUN_END [563/820] id=GDD29_03 window=IS status=UNVERIFIED decision=UNVERIFIED_EA_INPUT elapsed=0.001s
2026-08-15T03:34:11+00:00 RUN_START [564/820] id=GDD29_04 family=sca_range_end window=IS run=gdda_is_gdd29_04_20260815123411_2d2c45
2026-08-15T03:34:11+00:00 RUN_END [564/820] id=GDD29_04 window=IS status=UNVERIFIED decision=UNVERIFIED_EA_INPUT elapsed=0.001s
2026-08-15T03:34:11+00:00 RUN_START [565/820] id=GDD29_05 family=sca_range_end window=IS run=gdda_is_gdd29_05_20260815123411_8d079b
2026-08-15T03:34:11+00:00 RUN_END [565/820] id=GDD29_05 window=IS status=UNVERIFIED decision=UNVERIFIED_EA_INPUT elapsed=0.001s
2026-08-15T03:34:11+00:00 RUN_START [566/820] id=GDD29_06 family=sca_range_end window=IS run=gdda_is_gdd29_06_20260815123411_865c3e
2026-08-15T03:34:11+00:00 RUN_END [566/820] id=GDD29_06 window=IS status=UNVERIFIED decision=UNVERIFIED_EA_INPUT elapsed=0.001s
2026-08-15T03:34:11+00:00 RUN_START [567/820] id=GDD29_07 family=sca_range_end window=IS run=gdda_is_gdd29_07_20260815123411_ddc9b0
2026-08-15T03:34:11+00:00 RUN_END [567/820] id=GDD29_07 window=IS status=UNVERIFIED decision=UNVERIFIED_EA_INPUT elapsed=0.001s
2026-08-15T03:34:11+00:00 RUN_START [568/820] id=GDD29_08 family=sca_range_end window=IS run=gdda_is_gdd29_08_20260815123411_683702
2026-08-15T03:34:11+00:00 RUN_END [568/820] id=GDD29_08 window=IS status=UNVERIFIED decision=UNVERIFIED_EA_INPUT elapsed=0.001s
2026-08-15T03:34:11+00:00 RUN_START [569/820] id=GDD29_09 family=sca_range_end window=IS run=gdda_is_gdd29_09_20260815123411_5fdb71
2026-08-15T03:34:11+00:00 RUN_END [569/820] id=GDD29_09 window=IS status=UNVERIFIED decision=UNVERIFIED_EA_INPUT elapsed=0.001s
2026-08-15T03:34:11+00:00 RUN_START [570/820] id=GDD29_10 family=sca_range_end window=IS run=gdda_is_gdd29_10_20260815123411_053261
2026-08-15T03:34:11+00:00 RUN_END [570/820] id=GDD29_10 window=IS status=UNVERIFIED decision=UNVERIFIED_EA_INPUT elapsed=0.001s
2026-08-15T03:34:11+00:00 RUN_START [571/820] id=GDD29_11 family=sca_range_end window=IS run=gdda_is_gdd29_11_20260815123411_8937d6
2026-08-15T03:34:11+00:00 RUN_END [571/820] id=GDD29_11 window=IS status=UNVERIFIED decision=UNVERIFIED_EA_INPUT elapsed=0.001s
2026-08-15T03:34:11+00:00 RUN_START [572/820] id=GDD29_12 family=sca_range_end window=IS run=gdda_is_gdd29_12_20260815123411_e4499e
2026-08-15T03:34:11+00:00 RUN_END [572/820] id=GDD29_12 window=IS status=UNVERIFIED decision=UNVERIFIED_EA_INPUT elapsed=0.001s
2026-08-15T03:34:11+00:00 RUN_START [573/820] id=GDD29_13 family=sca_range_end window=IS run=gdda_is_gdd29_13_20260815123411_ab989d
2026-08-15T03:34:11+00:00 RUN_END [573/820] id=GDD29_13 window=IS status=UNVERIFIED decision=UNVERIFIED_EA_INPUT elapsed=0.001s
2026-08-15T03:34:11+00:00 RUN_START [574/820] id=GDD29_14 family=sca_range_end window=IS run=gdda_is_gdd29_14_20260815123411_f0a45a
2026-08-15T03:34:11+00:00 RUN_END [574/820] id=GDD29_14 window=IS status=UNVERIFIED decision=UNVERIFIED_EA_INPUT elapsed=0.001s
2026-08-15T03:34:11+00:00 RUN_START [575/820] id=GDD29_15 family=sca_range_end window=IS run=gdda_is_gdd29_15_20260815123411_21532d
2026-08-15T03:34:11+00:00 RUN_END [575/820] id=GDD29_15 window=IS status=UNVERIFIED decision=UNVERIFIED_EA_INPUT elapsed=0.001s
2026-08-15T03:34:11+00:00 RUN_START [576/820] id=GDD29_16 family=sca_range_end window=IS run=gdda_is_gdd29_16_20260815123411_72a248
2026-08-15T03:34:11+00:00 RUN_END [576/820] id=GDD29_16 window=IS status=UNVERIFIED decision=UNVERIFIED_EA_INPUT elapsed=0.001s
2026-08-15T03:34:11+00:00 RUN_START [577/820] id=GDD29_17 family=sca_range_end window=IS run=gdda_is_gdd29_17_20260815123411_dd2a88
2026-08-15T03:34:11+00:00 RUN_END [577/820] id=GDD29_17 window=IS status=UNVERIFIED decision=UNVERIFIED_EA_INPUT elapsed=0.001s
2026-08-15T03:34:11+00:00 RUN_START [578/820] id=GDD29_18 family=sca_range_end window=IS run=gdda_is_gdd29_18_20260815123411_f0dd2f
2026-08-15T03:34:11+00:00 RUN_END [578/820] id=GDD29_18 window=IS status=UNVERIFIED decision=UNVERIFIED_EA_INPUT elapsed=0.001s
2026-08-15T03:34:11+00:00 RUN_START [579/820] id=GDD29_19 family=sca_range_end window=IS run=gdda_is_gdd29_19_20260815123411_83d1d8
2026-08-15T03:34:11+00:00 RUN_END [579/820] id=GDD29_19 window=IS status=UNVERIFIED decision=UNVERIFIED_EA_INPUT elapsed=0.001s
2026-08-15T03:34:11+00:00 RUN_START [580/820] id=GDD29_20 family=sca_range_end window=IS run=gdda_is_gdd29_20_20260815123411_8a7581
2026-08-15T03:34:11+00:00 RUN_END [580/820] id=GDD29_20 window=IS status=UNVERIFIED decision=UNVERIFIED_EA_INPUT elapsed=0.001s
2026-08-15T03:34:11+00:00 RUN_START [581/820] id=GDD30_01 family=sca_weekday window=IS run=gdda_is_gdd30_01_20260815123411_0a2e1e
2026-08-15T03:35:17+00:00 RUN_END [581/820] id=GDD30_01 window=IS status=OK decision=IS_REJECT elapsed=65.451s
2026-08-15T03:35:17+00:00 GATE_SKIP [581/820] id=GDD30_01 window=OOS reason=IS_NOT_SURVIVOR
2026-08-15T03:35:17+00:00 GATE_SKIP [581/820] id=GDD30_01 window=XM5 reason=OOS_NOT_PROMISING
2026-08-15T03:35:17+00:00 RUN_START [582/820] id=GDD30_02 family=sca_weekday window=IS run=gdda_is_gdd30_02_20260815123517_1e1a6e
2026-08-15T03:36:22+00:00 RUN_END [582/820] id=GDD30_02 window=IS status=OK decision=IS_SURVIVOR_DD elapsed=65.454s
2026-08-15T03:36:22+00:00 RUN_START [582/820] id=GDD30_02 family=sca_weekday window=OOS run=gdda_oos_gdd30_02_20260815123622_68f2f5
2026-08-15T03:37:08+00:00 RUN_END [582/820] id=GDD30_02 window=OOS status=OK decision=OOS_REJECT elapsed=45.421s
2026-08-15T03:37:08+00:00 GATE_SKIP [582/820] id=GDD30_02 window=XM5 reason=OOS_NOT_PROMISING
2026-08-15T03:37:08+00:00 RUN_START [583/820] id=GDD30_03 family=sca_weekday window=IS run=gdda_is_gdd30_03_20260815123708_53abab
2026-08-15T03:38:13+00:00 RUN_END [583/820] id=GDD30_03 window=IS status=OK decision=IS_SURVIVOR_DD elapsed=65.423s
2026-08-15T03:38:13+00:00 RUN_START [583/820] id=GDD30_03 family=sca_weekday window=OOS run=gdda_oos_gdd30_03_20260815123813_d75959
2026-08-15T03:38:59+00:00 RUN_END [583/820] id=GDD30_03 window=OOS status=OK decision=OOS_REJECT elapsed=45.427s
2026-08-15T03:38:59+00:00 GATE_SKIP [583/820] id=GDD30_03 window=XM5 reason=OOS_NOT_PROMISING
2026-08-15T03:38:59+00:00 RUN_START [584/820] id=GDD30_04 family=sca_weekday window=IS run=gdda_is_gdd30_04_20260815123859_2e10f7
2026-08-15T03:40:04+00:00 RUN_END [584/820] id=GDD30_04 window=IS status=OK decision=IS_SURVIVOR_DD elapsed=65.430s
2026-08-15T03:40:04+00:00 RUN_START [584/820] id=GDD30_04 family=sca_weekday window=OOS run=gdda_oos_gdd30_04_20260815124004_362d7d
2026-08-15T03:40:50+00:00 RUN_END [584/820] id=GDD30_04 window=OOS status=OK decision=OOS_PASS elapsed=45.424s
2026-08-15T03:40:50+00:00 RUN_START [584/820] id=GDD30_04 family=sca_weekday window=XM5 run=gdda_xm5_gdd30_04_20260815124050_dcb19c
2026-08-15T03:49:10+00:00 RUN_END [584/820] id=GDD30_04 window=XM5 status=OK decision=XM5_PASS elapsed=500.478s
2026-08-15T03:49:10+00:00 RUN_START [585/820] id=GDD30_05 family=sca_weekday window=IS run=gdda_is_gdd30_05_20260815124910_9e417e
2026-08-15T03:50:16+00:00 RUN_END [585/820] id=GDD30_05 window=IS status=OK decision=IS_SURVIVOR_DD elapsed=65.491s
2026-08-15T03:50:16+00:00 RUN_START [585/820] id=GDD30_05 family=sca_weekday window=OOS run=gdda_oos_gdd30_05_20260815125016_292eff
2026-08-15T03:51:01+00:00 RUN_END [585/820] id=GDD30_05 window=OOS status=OK decision=OOS_REJECT elapsed=45.463s
2026-08-15T03:51:01+00:00 GATE_SKIP [585/820] id=GDD30_05 window=XM5 reason=OOS_NOT_PROMISING
2026-08-15T03:51:01+00:00 RUN_START [586/820] id=GDD30_06 family=sca_weekday window=IS run=gdda_is_gdd30_06_20260815125101_7817c5
2026-08-15T03:52:07+00:00 RUN_END [586/820] id=GDD30_06 window=IS status=OK decision=IS_SURVIVOR_DD elapsed=65.420s
2026-08-15T03:52:07+00:00 RUN_START [586/820] id=GDD30_06 family=sca_weekday window=OOS run=gdda_oos_gdd30_06_20260815125207_60260f
2026-08-15T03:52:52+00:00 RUN_END [586/820] id=GDD30_06 window=OOS status=OK decision=OOS_REJECT elapsed=45.422s
2026-08-15T03:52:52+00:00 GATE_SKIP [586/820] id=GDD30_06 window=XM5 reason=OOS_NOT_PROMISING
2026-08-15T03:52:52+00:00 RUN_START [587/820] id=GDD30_07 family=sca_weekday window=IS run=gdda_is_gdd30_07_20260815125252_1bd22e
2026-08-15T03:53:57+00:00 RUN_END [587/820] id=GDD30_07 window=IS status=OK decision=IS_SURVIVOR_DD elapsed=65.418s
2026-08-15T03:53:57+00:00 RUN_START [587/820] id=GDD30_07 family=sca_weekday window=OOS run=gdda_oos_gdd30_07_20260815125357_95fdb9
2026-08-15T03:54:43+00:00 RUN_END [587/820] id=GDD30_07 window=OOS status=OK decision=OOS_REJECT elapsed=45.425s
2026-08-15T03:54:43+00:00 GATE_SKIP [587/820] id=GDD30_07 window=XM5 reason=OOS_NOT_PROMISING
2026-08-15T03:54:43+00:00 RUN_START [588/820] id=GDD30_08 family=sca_weekday window=IS run=gdda_is_gdd30_08_20260815125443_59c3ed
2026-08-15T03:55:48+00:00 RUN_END [588/820] id=GDD30_08 window=IS status=OK decision=IS_SURVIVOR_DD elapsed=65.435s
2026-08-15T03:55:48+00:00 RUN_START [588/820] id=GDD30_08 family=sca_weekday window=OOS run=gdda_oos_gdd30_08_20260815125548_9791d0
2026-08-15T03:56:34+00:00 RUN_END [588/820] id=GDD30_08 window=OOS status=OK decision=OOS_PASS elapsed=45.433s
2026-08-15T03:56:34+00:00 RUN_START [588/820] id=GDD30_08 family=sca_weekday window=XM5 run=gdda_xm5_gdd30_08_20260815125634_680fe8
2026-08-15T04:05:09+00:00 RUN_END [588/820] id=GDD30_08 window=XM5 status=OK decision=XM5_PASS elapsed=515.453s
2026-08-15T04:05:09+00:00 RUN_START [589/820] id=GDD30_09 family=sca_weekday window=IS run=gdda_is_gdd30_09_20260815130509_6e3a96
2026-08-15T04:05:10+00:00 WAIT_TERMINAL elapsed=0s processes=metatester64.exe
2026-08-15T04:06:12+00:00 WAIT_TERMINAL elapsed=62s processes=metatester64.exe
2026-08-15T04:07:13+00:00 WAIT_TERMINAL elapsed=124s processes=metatester64.exe
2026-08-15T04:08:15+00:00 WAIT_TERMINAL elapsed=185s processes=metatester64.exe
2026-08-15T04:09:16+00:00 WAIT_TERMINAL elapsed=247s processes=metatester64.exe
2026-08-15T04:10:18+00:00 KILL_ORPHAN_TESTER elapsed=309s metatester64.exe
2026-08-15T04:11:38+00:00 RUN_END [589/820] id=GDD30_09 window=IS status=OK decision=IS_SURVIVOR_DD elapsed=389.096s
2026-08-15T04:11:38+00:00 RUN_START [589/820] id=GDD30_09 family=sca_weekday window=OOS run=gdda_oos_gdd30_09_20260815131138_5d2023
2026-08-15T04:12:24+00:00 RUN_END [589/820] id=GDD30_09 window=OOS status=OK decision=OOS_REJECT elapsed=45.471s
2026-08-15T04:12:24+00:00 GATE_SKIP [589/820] id=GDD30_09 window=XM5 reason=OOS_NOT_PROMISING
2026-08-15T04:12:24+00:00 RUN_START [590/820] id=GDD30_10 family=sca_weekday window=IS run=gdda_is_gdd30_10_20260815131224_9d70f9
2026-08-15T04:13:29+00:00 RUN_END [590/820] id=GDD30_10 window=IS status=OK decision=IS_REJECT elapsed=65.419s
2026-08-15T04:13:29+00:00 GATE_SKIP [590/820] id=GDD30_10 window=OOS reason=IS_NOT_SURVIVOR
2026-08-15T04:13:29+00:00 GATE_SKIP [590/820] id=GDD30_10 window=XM5 reason=OOS_NOT_PROMISING
2026-08-15T04:13:29+00:00 RUN_START [591/820] id=GDD30_11 family=sca_weekday window=IS run=gdda_is_gdd30_11_20260815131329_37818a
2026-08-15T04:14:35+00:00 RUN_END [591/820] id=GDD30_11 window=IS status=OK decision=IS_SURVIVOR_DD elapsed=65.417s
2026-08-15T04:14:35+00:00 RUN_START [591/820] id=GDD30_11 family=sca_weekday window=OOS run=gdda_oos_gdd30_11_20260815131435_7e2de4
2026-08-15T04:15:20+00:00 RUN_END [591/820] id=GDD30_11 window=OOS status=OK decision=OOS_PASS elapsed=45.414s
2026-08-15T04:15:20+00:00 RUN_START [591/820] id=GDD30_11 family=sca_weekday window=XM5 run=gdda_xm5_gdd30_11_20260815131520_90e683
2026-08-15T04:23:41+00:00 RUN_END [591/820] id=GDD30_11 window=XM5 status=OK decision=XM5_PASS elapsed=500.465s
2026-08-15T04:23:41+00:00 RUN_START [592/820] id=GDD30_12 family=sca_weekday window=IS run=gdda_is_gdd30_12_20260815132341_5b48e0
2026-08-15T04:24:46+00:00 RUN_END [592/820] id=GDD30_12 window=IS status=OK decision=IS_SURVIVOR_TRADEOFF elapsed=65.493s
2026-08-15T04:24:46+00:00 RUN_START [592/820] id=GDD30_12 family=sca_weekday window=OOS run=gdda_oos_gdd30_12_20260815132446_d3f543
2026-08-15T04:25:32+00:00 RUN_END [592/820] id=GDD30_12 window=OOS status=OK decision=OOS_REJECT elapsed=45.451s
2026-08-15T04:25:32+00:00 GATE_SKIP [592/820] id=GDD30_12 window=XM5 reason=OOS_NOT_PROMISING
2026-08-15T04:25:32+00:00 RUN_START [593/820] id=GDD30_13 family=sca_weekday window=IS run=gdda_is_gdd30_13_20260815132532_ffdf5d
2026-08-15T04:26:37+00:00 RUN_END [593/820] id=GDD30_13 window=IS status=OK decision=IS_REJECT elapsed=65.417s
2026-08-15T04:26:37+00:00 GATE_SKIP [593/820] id=GDD30_13 window=OOS reason=IS_NOT_SURVIVOR
2026-08-15T04:26:37+00:00 GATE_SKIP [593/820] id=GDD30_13 window=XM5 reason=OOS_NOT_PROMISING
2026-08-15T04:26:37+00:00 RUN_START [594/820] id=GDD30_14 family=sca_weekday window=IS run=gdda_is_gdd30_14_20260815132637_81e573
2026-08-15T04:27:43+00:00 RUN_END [594/820] id=GDD30_14 window=IS status=OK decision=IS_REJECT elapsed=65.426s
2026-08-15T04:27:43+00:00 GATE_SKIP [594/820] id=GDD30_14 window=OOS reason=IS_NOT_SURVIVOR
2026-08-15T04:27:43+00:00 GATE_SKIP [594/820] id=GDD30_14 window=XM5 reason=OOS_NOT_PROMISING
2026-08-15T04:27:43+00:00 RUN_START [595/820] id=GDD30_15 family=sca_weekday window=IS run=gdda_is_gdd30_15_20260815132743_402f71
2026-08-15T04:28:48+00:00 RUN_END [595/820] id=GDD30_15 window=IS status=OK decision=IS_SURVIVOR_TRADEOFF elapsed=65.466s
2026-08-15T04:28:48+00:00 RUN_START [595/820] id=GDD30_15 family=sca_weekday window=OOS run=gdda_oos_gdd30_15_20260815132848_2f9ffb
2026-08-15T04:29:34+00:00 RUN_END [595/820] id=GDD30_15 window=OOS status=OK decision=OOS_PASS elapsed=45.422s
2026-08-15T04:29:34+00:00 RUN_START [595/820] id=GDD30_15 family=sca_weekday window=XM5 run=gdda_xm5_gdd30_15_20260815132934_ba766a
2026-08-15T04:38:34+00:00 RUN_END [595/820] id=GDD30_15 window=XM5 status=OK decision=XM5_PASS elapsed=540.457s
2026-08-15T04:38:34+00:00 RUN_START [596/820] id=GDD30_16 family=sca_weekday window=IS run=gdda_is_gdd30_16_20260815133834_82ffea
2026-08-15T04:38:35+00:00 WAIT_TERMINAL elapsed=0s processes=metatester64.exe
2026-08-15T04:39:36+00:00 WAIT_TERMINAL elapsed=62s processes=metatester64.exe
2026-08-15T04:40:38+00:00 WAIT_TERMINAL elapsed=123s processes=metatester64.exe
2026-08-15T04:41:39+00:00 WAIT_TERMINAL elapsed=185s processes=metatester64.exe
2026-08-15T04:42:40+00:00 WAIT_TERMINAL elapsed=246s processes=metatester64.exe
2026-08-15T04:43:42+00:00 KILL_ORPHAN_TESTER elapsed=308s metatester64.exe
2026-08-15T04:45:07+00:00 RUN_END [596/820] id=GDD30_16 window=IS status=OK decision=IS_REJECT elapsed=393.116s
2026-08-15T04:45:07+00:00 GATE_SKIP [596/820] id=GDD30_16 window=OOS reason=IS_NOT_SURVIVOR
2026-08-15T04:45:07+00:00 GATE_SKIP [596/820] id=GDD30_16 window=XM5 reason=OOS_NOT_PROMISING
2026-08-15T04:45:07+00:00 RUN_START [597/820] id=GDD30_17 family=sca_weekday window=IS run=gdda_is_gdd30_17_20260815134507_20202f
2026-08-15T04:46:13+00:00 RUN_END [597/820] id=GDD30_17 window=IS status=OK decision=IS_SURVIVOR_DD elapsed=65.373s
2026-08-15T04:46:13+00:00 RUN_START [597/820] id=GDD30_17 family=sca_weekday window=OOS run=gdda_oos_gdd30_17_20260815134613_63e9e4
2026-08-15T04:46:58+00:00 RUN_END [597/820] id=GDD30_17 window=OOS status=OK decision=OOS_REJECT elapsed=45.382s
2026-08-15T04:46:58+00:00 GATE_SKIP [597/820] id=GDD30_17 window=XM5 reason=OOS_NOT_PROMISING
2026-08-15T04:46:58+00:00 RUN_START [598/820] id=GDD30_18 family=sca_weekday window=IS run=gdda_is_gdd30_18_20260815134658_ad2c05
2026-08-15T04:48:04+00:00 RUN_END [598/820] id=GDD30_18 window=IS status=OK decision=IS_SURVIVOR_DD elapsed=65.400s
2026-08-15T04:48:04+00:00 RUN_START [598/820] id=GDD30_18 family=sca_weekday window=OOS run=gdda_oos_gdd30_18_20260815134804_4b33f5
2026-08-15T04:48:49+00:00 RUN_END [598/820] id=GDD30_18 window=OOS status=OK decision=OOS_REJECT elapsed=45.398s
2026-08-15T04:48:49+00:00 GATE_SKIP [598/820] id=GDD30_18 window=XM5 reason=OOS_NOT_PROMISING
2026-08-15T04:48:49+00:00 RUN_START [599/820] id=GDD30_19 family=sca_weekday window=IS run=gdda_is_gdd30_19_20260815134849_660dc2
2026-08-15T04:49:54+00:00 RUN_END [599/820] id=GDD30_19 window=IS status=OK decision=IS_SURVIVOR_DD elapsed=65.398s
2026-08-15T04:49:54+00:00 RUN_START [599/820] id=GDD30_19 family=sca_weekday window=OOS run=gdda_oos_gdd30_19_20260815134954_290fae
2026-08-15T04:50:40+00:00 RUN_END [599/820] id=GDD30_19 window=OOS status=OK decision=OOS_PASS elapsed=45.387s
2026-08-15T04:50:40+00:00 RUN_START [599/820] id=GDD30_19 family=sca_weekday window=XM5 run=gdda_xm5_gdd30_19_20260815135040_c08a9a
2026-08-15T04:58:20+00:00 RUN_END [599/820] id=GDD30_19 window=XM5 status=OK decision=XM5_PASS elapsed=460.418s
2026-08-15T04:58:20+00:00 RUN_START [600/820] id=GDD30_20 family=sca_weekday window=IS run=gdda_is_gdd30_20_20260815135820_405d0f
2026-08-15T04:58:21+00:00 WAIT_TERMINAL elapsed=0s processes=metatester64.exe
2026-08-15T04:59:22+00:00 WAIT_TERMINAL elapsed=62s processes=metatester64.exe
2026-08-15T05:00:23+00:00 WAIT_TERMINAL elapsed=123s processes=metatester64.exe
2026-08-15T05:01:25+00:00 WAIT_TERMINAL elapsed=185s processes=metatester64.exe
2026-08-15T05:02:26+00:00 WAIT_TERMINAL elapsed=246s processes=metatester64.exe
2026-08-15T05:03:28+00:00 KILL_ORPHAN_TESTER elapsed=307s metatester64.exe
2026-08-15T05:04:48+00:00 RUN_END [600/820] id=GDD30_20 window=IS status=OK decision=IS_SURVIVOR_DD elapsed=387.809s
2026-08-15T05:04:48+00:00 RUN_START [600/820] id=GDD30_20 family=sca_weekday window=OOS run=gdda_oos_gdd30_20_20260815140448_93e896
2026-08-15T05:05:33+00:00 RUN_END [600/820] id=GDD30_20 window=OOS status=OK decision=OOS_REJECT elapsed=45.375s
2026-08-15T05:05:33+00:00 GATE_SKIP [600/820] id=GDD30_20 window=XM5 reason=OOS_NOT_PROMISING
2026-08-15T05:05:33+00:00 RUN_START [601/820] id=GDD31_01 family=pb_weekday window=IS run=gdda_is_gdd31_01_20260815140533_65e769
2026-08-15T05:06:39+00:00 RUN_END [601/820] id=GDD31_01 window=IS status=OK decision=IS_REJECT elapsed=65.391s
2026-08-15T05:06:39+00:00 GATE_SKIP [601/820] id=GDD31_01 window=OOS reason=IS_NOT_SURVIVOR
2026-08-15T05:06:39+00:00 GATE_SKIP [601/820] id=GDD31_01 window=XM5 reason=OOS_NOT_PROMISING
2026-08-15T05:06:39+00:00 RUN_START [602/820] id=GDD31_02 family=pb_weekday window=IS run=gdda_is_gdd31_02_20260815140639_f09af2
2026-08-15T05:07:44+00:00 RUN_END [602/820] id=GDD31_02 window=IS status=OK decision=IS_SURVIVOR_STRICT elapsed=65.387s
2026-08-15T05:07:44+00:00 RUN_START [602/820] id=GDD31_02 family=pb_weekday window=OOS run=gdda_oos_gdd31_02_20260815140744_85850c
2026-08-15T05:08:30+00:00 RUN_END [602/820] id=GDD31_02 window=OOS status=OK decision=OOS_PASS elapsed=45.397s
2026-08-15T05:08:30+00:00 RUN_START [602/820] id=GDD31_02 family=pb_weekday window=XM5 run=gdda_xm5_gdd31_02_20260815140830_13eaeb
2026-08-15T05:16:00+00:00 RUN_END [602/820] id=GDD31_02 window=XM5 status=OK decision=XM5_PASS elapsed=450.412s
2026-08-15T05:16:00+00:00 RUN_START [603/820] id=GDD31_03 family=pb_weekday window=IS run=gdda_is_gdd31_03_20260815141600_524629
2026-08-15T05:16:01+00:00 WAIT_TERMINAL elapsed=0s processes=metatester64.exe
2026-08-15T05:17:02+00:00 WAIT_TERMINAL elapsed=62s processes=metatester64.exe
2026-08-15T05:18:03+00:00 WAIT_TERMINAL elapsed=123s processes=metatester64.exe
2026-08-15T05:19:05+00:00 WAIT_TERMINAL elapsed=184s processes=metatester64.exe
2026-08-15T05:20:06+00:00 WAIT_TERMINAL elapsed=246s processes=metatester64.exe
2026-08-15T05:21:07+00:00 KILL_ORPHAN_TESTER elapsed=307s metatester64.exe
2026-08-15T05:22:28+00:00 RUN_END [603/820] id=GDD31_03 window=IS status=OK decision=IS_SURVIVOR_DD elapsed=387.709s
2026-08-15T05:22:28+00:00 RUN_START [603/820] id=GDD31_03 family=pb_weekday window=OOS run=gdda_oos_gdd31_03_20260815142228_64f267
2026-08-15T05:23:13+00:00 RUN_END [603/820] id=GDD31_03 window=OOS status=OK decision=OOS_PASS elapsed=45.436s
2026-08-15T05:23:13+00:00 RUN_START [603/820] id=GDD31_03 family=pb_weekday window=XM5 run=gdda_xm5_gdd31_03_20260815142313_b0947c
2026-08-15T05:30:44+00:00 RUN_END [603/820] id=GDD31_03 window=XM5 status=OK decision=XM5_PASS elapsed=450.393s
2026-08-15T05:30:44+00:00 RUN_START [604/820] id=GDD31_04 family=pb_weekday window=IS run=gdda_is_gdd31_04_20260815143044_5f7f5a
2026-08-15T05:30:44+00:00 WAIT_TERMINAL elapsed=0s processes=metatester64.exe
2026-08-15T05:31:46+00:00 WAIT_TERMINAL elapsed=62s processes=metatester64.exe
2026-08-15T05:32:47+00:00 WAIT_TERMINAL elapsed=123s processes=metatester64.exe
2026-08-15T05:33:48+00:00 WAIT_TERMINAL elapsed=184s processes=metatester64.exe
2026-08-15T05:34:50+00:00 WAIT_TERMINAL elapsed=246s processes=metatester64.exe
2026-08-15T05:35:51+00:00 KILL_ORPHAN_TESTER elapsed=307s metatester64.exe
2026-08-15T05:37:11+00:00 RUN_END [604/820] id=GDD31_04 window=IS status=OK decision=IS_SURVIVOR_STRICT elapsed=387.643s
2026-08-15T05:37:11+00:00 RUN_START [604/820] id=GDD31_04 family=pb_weekday window=OOS run=gdda_oos_gdd31_04_20260815143711_93b4d6
2026-08-15T05:37:57+00:00 RUN_END [604/820] id=GDD31_04 window=OOS status=OK decision=OOS_REJECT elapsed=45.384s
2026-08-15T05:37:57+00:00 GATE_SKIP [604/820] id=GDD31_04 window=XM5 reason=OOS_NOT_PROMISING
2026-08-15T05:37:57+00:00 RUN_START [605/820] id=GDD31_05 family=pb_weekday window=IS run=gdda_is_gdd31_05_20260815143757_b1f42b
2026-08-15T05:39:02+00:00 RUN_END [605/820] id=GDD31_05 window=IS status=OK decision=IS_SURVIVOR_TRADEOFF elapsed=65.410s
2026-08-15T05:39:02+00:00 RUN_START [605/820] id=GDD31_05 family=pb_weekday window=OOS run=gdda_oos_gdd31_05_20260815143902_0598f8
2026-08-15T05:39:48+00:00 RUN_END [605/820] id=GDD31_05 window=OOS status=OK decision=OOS_REJECT elapsed=45.378s
2026-08-15T05:39:48+00:00 GATE_SKIP [605/820] id=GDD31_05 window=XM5 reason=OOS_NOT_PROMISING
2026-08-15T05:39:48+00:00 RUN_START [606/820] id=GDD31_06 family=pb_weekday window=IS run=gdda_is_gdd31_06_20260815143948_b7c79b
2026-08-15T05:40:53+00:00 RUN_END [606/820] id=GDD31_06 window=IS status=OK decision=IS_SURVIVOR_STRICT elapsed=65.377s
2026-08-15T05:40:53+00:00 RUN_START [606/820] id=GDD31_06 family=pb_weekday window=OOS run=gdda_oos_gdd31_06_20260815144053_d6c70f
2026-08-15T05:41:39+00:00 RUN_END [606/820] id=GDD31_06 window=OOS status=OK decision=OOS_PASS elapsed=45.367s
2026-08-15T05:41:39+00:00 RUN_START [606/820] id=GDD31_06 family=pb_weekday window=XM5 run=gdda_xm5_gdd31_06_20260815144139_7c42bc
2026-08-15T05:49:09+00:00 RUN_END [606/820] id=GDD31_06 window=XM5 status=OK decision=XM5_PASS elapsed=450.393s
2026-08-15T05:49:09+00:00 RUN_START [607/820] id=GDD31_07 family=pb_weekday window=IS run=gdda_is_gdd31_07_20260815144909_8bc434
2026-08-15T05:50:14+00:00 RUN_END [607/820] id=GDD31_07 window=IS status=OK decision=IS_SURVIVOR_DD elapsed=65.443s
2026-08-15T05:50:14+00:00 RUN_START [607/820] id=GDD31_07 family=pb_weekday window=OOS run=gdda_oos_gdd31_07_20260815145014_fcebd6
2026-08-15T05:51:00+00:00 RUN_END [607/820] id=GDD31_07 window=OOS status=OK decision=OOS_PASS elapsed=45.367s
2026-08-15T05:51:00+00:00 RUN_START [607/820] id=GDD31_07 family=pb_weekday window=XM5 run=gdda_xm5_gdd31_07_20260815145100_e5fb90
2026-08-15T05:58:30+00:00 RUN_END [607/820] id=GDD31_07 window=XM5 status=OK decision=XM5_PASS elapsed=450.389s
2026-08-15T05:58:30+00:00 RUN_START [608/820] id=GDD31_08 family=pb_weekday window=IS run=gdda_is_gdd31_08_20260815145830_7ca0be
2026-08-15T05:58:31+00:00 WAIT_TERMINAL elapsed=0s processes=metatester64.exe
2026-08-15T05:59:32+00:00 WAIT_TERMINAL elapsed=62s processes=metatester64.exe
2026-08-15T06:00:33+00:00 WAIT_TERMINAL elapsed=123s processes=metatester64.exe
2026-08-15T06:01:35+00:00 WAIT_TERMINAL elapsed=184s processes=metatester64.exe
2026-08-15T06:02:36+00:00 WAIT_TERMINAL elapsed=246s processes=metatester64.exe
2026-08-15T06:03:37+00:00 KILL_ORPHAN_TESTER elapsed=307s metatester64.exe
2026-08-15T06:04:58+00:00 RUN_END [608/820] id=GDD31_08 window=IS status=OK decision=IS_SURVIVOR_STRICT elapsed=387.470s
2026-08-15T06:04:58+00:00 RUN_START [608/820] id=GDD31_08 family=pb_weekday window=OOS run=gdda_oos_gdd31_08_20260815150458_4e6c43
2026-08-15T06:05:43+00:00 RUN_END [608/820] id=GDD31_08 window=OOS status=OK decision=OOS_REJECT elapsed=45.380s
2026-08-15T06:05:43+00:00 GATE_SKIP [608/820] id=GDD31_08 window=XM5 reason=OOS_NOT_PROMISING
2026-08-15T06:05:43+00:00 RUN_START [609/820] id=GDD31_09 family=pb_weekday window=IS run=gdda_is_gdd31_09_20260815150543_012720
2026-08-15T06:06:49+00:00 RUN_END [609/820] id=GDD31_09 window=IS status=OK decision=IS_SURVIVOR_TRADEOFF elapsed=65.409s
2026-08-15T06:06:49+00:00 RUN_START [609/820] id=GDD31_09 family=pb_weekday window=OOS run=gdda_oos_gdd31_09_20260815150649_c04d2e
2026-08-15T06:07:34+00:00 RUN_END [609/820] id=GDD31_09 window=OOS status=OK decision=OOS_REJECT elapsed=45.386s
2026-08-15T06:07:34+00:00 GATE_SKIP [609/820] id=GDD31_09 window=XM5 reason=OOS_NOT_PROMISING
2026-08-15T06:07:34+00:00 RUN_START [610/820] id=GDD31_10 family=pb_weekday window=IS run=gdda_is_gdd31_10_20260815150734_058ad1
2026-08-15T06:08:39+00:00 RUN_END [610/820] id=GDD31_10 window=IS status=OK decision=IS_SURVIVOR_DD elapsed=65.367s
2026-08-15T06:08:39+00:00 RUN_START [610/820] id=GDD31_10 family=pb_weekday window=OOS run=gdda_oos_gdd31_10_20260815150839_32a72d
2026-08-15T06:09:25+00:00 RUN_END [610/820] id=GDD31_10 window=OOS status=OK decision=OOS_PASS elapsed=45.388s
2026-08-15T06:09:25+00:00 RUN_START [610/820] id=GDD31_10 family=pb_weekday window=XM5 run=gdda_xm5_gdd31_10_20260815150925_34aa52
2026-08-15T06:16:55+00:00 RUN_END [610/820] id=GDD31_10 window=XM5 status=OK decision=XM5_PASS elapsed=450.401s
2026-08-15T06:16:55+00:00 RUN_START [611/820] id=GDD31_11 family=pb_weekday window=IS run=gdda_is_gdd31_11_20260815151655_aa6e13
2026-08-15T06:18:01+00:00 RUN_END [611/820] id=GDD31_11 window=IS status=OK decision=IS_SURVIVOR_STRICT elapsed=65.424s
2026-08-15T06:18:01+00:00 RUN_START [611/820] id=GDD31_11 family=pb_weekday window=OOS run=gdda_oos_gdd31_11_20260815151801_a5fff3
2026-08-15T06:18:46+00:00 RUN_END [611/820] id=GDD31_11 window=OOS status=OK decision=OOS_REJECT elapsed=45.378s
2026-08-15T06:18:46+00:00 GATE_SKIP [611/820] id=GDD31_11 window=XM5 reason=OOS_NOT_PROMISING
2026-08-15T06:18:46+00:00 RUN_START [612/820] id=GDD31_12 family=pb_weekday window=IS run=gdda_is_gdd31_12_20260815151846_c5aa5a
2026-08-15T06:19:52+00:00 RUN_END [612/820] id=GDD31_12 window=IS status=OK decision=IS_SURVIVOR_STRICT elapsed=65.377s
2026-08-15T06:19:52+00:00 RUN_START [612/820] id=GDD31_12 family=pb_weekday window=OOS run=gdda_oos_gdd31_12_20260815151952_891043
2026-08-15T06:20:37+00:00 RUN_END [612/820] id=GDD31_12 window=OOS status=OK decision=OOS_REJECT elapsed=45.387s
2026-08-15T06:20:37+00:00 GATE_SKIP [612/820] id=GDD31_12 window=XM5 reason=OOS_NOT_PROMISING
2026-08-15T06:20:37+00:00 RUN_START [613/820] id=GDD31_13 family=pb_weekday window=IS run=gdda_is_gdd31_13_20260815152037_5aae08
2026-08-15T06:21:42+00:00 RUN_END [613/820] id=GDD31_13 window=IS status=OK decision=IS_SURVIVOR_DD elapsed=65.372s
2026-08-15T06:21:42+00:00 RUN_START [613/820] id=GDD31_13 family=pb_weekday window=OOS run=gdda_oos_gdd31_13_20260815152142_b008f3
2026-08-15T06:22:28+00:00 RUN_END [613/820] id=GDD31_13 window=OOS status=OK decision=OOS_REJECT elapsed=45.369s
2026-08-15T06:22:28+00:00 GATE_SKIP [613/820] id=GDD31_13 window=XM5 reason=OOS_NOT_PROMISING
2026-08-15T06:22:28+00:00 RUN_START [614/820] id=GDD31_14 family=pb_weekday window=IS run=gdda_is_gdd31_14_20260815152228_77bd4d
2026-08-15T06:23:33+00:00 RUN_END [614/820] id=GDD31_14 window=IS status=OK decision=IS_REJECT elapsed=65.368s
2026-08-15T06:23:33+00:00 GATE_SKIP [614/820] id=GDD31_14 window=OOS reason=IS_NOT_SURVIVOR
2026-08-15T06:23:33+00:00 GATE_SKIP [614/820] id=GDD31_14 window=XM5 reason=OOS_NOT_PROMISING
2026-08-15T06:23:33+00:00 RUN_START [615/820] id=GDD31_15 family=pb_weekday window=IS run=gdda_is_gdd31_15_20260815152333_604b17
2026-08-15T06:24:39+00:00 RUN_END [615/820] id=GDD31_15 window=IS status=OK decision=IS_SURVIVOR_STRICT elapsed=65.423s
2026-08-15T06:24:39+00:00 RUN_START [615/820] id=GDD31_15 family=pb_weekday window=OOS run=gdda_oos_gdd31_15_20260815152439_26df20
2026-08-15T06:25:24+00:00 RUN_END [615/820] id=GDD31_15 window=OOS status=OK decision=OOS_REJECT elapsed=45.374s
2026-08-15T06:25:24+00:00 GATE_SKIP [615/820] id=GDD31_15 window=XM5 reason=OOS_NOT_PROMISING
2026-08-15T06:25:24+00:00 RUN_START [616/820] id=GDD31_16 family=pb_weekday window=IS run=gdda_is_gdd31_16_20260815152524_d0d599
2026-08-15T06:26:29+00:00 RUN_END [616/820] id=GDD31_16 window=IS status=OK decision=IS_SURVIVOR_DD elapsed=65.387s
2026-08-15T06:26:30+00:00 RUN_START [616/820] id=GDD31_16 family=pb_weekday window=OOS run=gdda_oos_gdd31_16_20260815152630_7a3804
2026-08-15T06:27:15+00:00 RUN_END [616/820] id=GDD31_16 window=OOS status=OK decision=OOS_REJECT elapsed=45.385s
2026-08-15T06:27:15+00:00 GATE_SKIP [616/820] id=GDD31_16 window=XM5 reason=OOS_NOT_PROMISING
2026-08-15T06:27:15+00:00 RUN_START [617/820] id=GDD31_17 family=pb_weekday window=IS run=gdda_is_gdd31_17_20260815152715_300ae9
2026-08-15T06:28:20+00:00 RUN_END [617/820] id=GDD31_17 window=IS status=OK decision=IS_SURVIVOR_DD elapsed=65.371s
2026-08-15T06:28:20+00:00 RUN_START [617/820] id=GDD31_17 family=pb_weekday window=OOS run=gdda_oos_gdd31_17_20260815152820_90142f
2026-08-15T06:29:06+00:00 RUN_END [617/820] id=GDD31_17 window=OOS status=OK decision=OOS_PASS elapsed=45.362s
2026-08-15T06:29:06+00:00 RUN_START [617/820] id=GDD31_17 family=pb_weekday window=XM5 run=gdda_xm5_gdd31_17_20260815152906_9e9609
2026-08-15T06:36:56+00:00 RUN_END [617/820] id=GDD31_17 window=XM5 status=OK decision=XM5_PASS elapsed=470.409s
2026-08-15T06:36:56+00:00 RUN_START [618/820] id=GDD31_18 family=pb_weekday window=IS run=gdda_is_gdd31_18_20260815153656_857640
2026-08-15T06:36:57+00:00 WAIT_TERMINAL elapsed=0s processes=metatester64.exe
2026-08-15T06:37:58+00:00 WAIT_TERMINAL elapsed=62s processes=metatester64.exe
2026-08-15T06:38:59+00:00 WAIT_TERMINAL elapsed=123s processes=metatester64.exe
2026-08-15T06:40:01+00:00 WAIT_TERMINAL elapsed=184s processes=metatester64.exe
2026-08-15T06:41:02+00:00 WAIT_TERMINAL elapsed=246s processes=metatester64.exe
2026-08-15T06:42:03+00:00 KILL_ORPHAN_TESTER elapsed=307s metatester64.exe
2026-08-15T06:43:24+00:00 RUN_END [618/820] id=GDD31_18 window=IS status=OK decision=IS_SURVIVOR_TRADEOFF elapsed=387.627s
2026-08-15T06:43:24+00:00 RUN_START [618/820] id=GDD31_18 family=pb_weekday window=OOS run=gdda_oos_gdd31_18_20260815154324_bef107
2026-08-15T06:44:09+00:00 RUN_END [618/820] id=GDD31_18 window=OOS status=OK decision=OOS_PASS elapsed=45.386s
2026-08-15T06:44:09+00:00 RUN_START [618/820] id=GDD31_18 family=pb_weekday window=XM5 run=gdda_xm5_gdd31_18_20260815154409_9e34d4
2026-08-15T06:51:35+00:00 RUN_END [618/820] id=GDD31_18 window=XM5 status=OK decision=XM5_PASS elapsed=445.411s
2026-08-15T06:51:35+00:00 RUN_START [619/820] id=GDD31_19 family=pb_weekday window=IS run=gdda_is_gdd31_19_20260815155135_853400
2026-08-15T06:51:35+00:00 WAIT_TERMINAL elapsed=0s processes=metatester64.exe
2026-08-15T06:52:36+00:00 WAIT_TERMINAL elapsed=62s processes=metatester64.exe
2026-08-15T06:53:38+00:00 WAIT_TERMINAL elapsed=123s processes=metatester64.exe
2026-08-15T06:54:39+00:00 WAIT_TERMINAL elapsed=185s processes=metatester64.exe
2026-08-15T06:55:41+00:00 WAIT_TERMINAL elapsed=246s processes=metatester64.exe
2026-08-15T06:56:42+00:00 KILL_ORPHAN_TESTER elapsed=307s metatester64.exe
2026-08-15T06:58:02+00:00 RUN_END [619/820] id=GDD31_19 window=IS status=OK decision=IS_SURVIVOR_DD elapsed=387.738s
2026-08-15T06:58:02+00:00 RUN_START [619/820] id=GDD31_19 family=pb_weekday window=OOS run=gdda_oos_gdd31_19_20260815155802_d53d4e
2026-08-15T06:58:48+00:00 RUN_END [619/820] id=GDD31_19 window=OOS status=OK decision=OOS_REJECT elapsed=45.385s
2026-08-15T06:58:48+00:00 GATE_SKIP [619/820] id=GDD31_19 window=XM5 reason=OOS_NOT_PROMISING
2026-08-15T06:58:48+00:00 RUN_START [620/820] id=GDD31_20 family=pb_weekday window=IS run=gdda_is_gdd31_20_20260815155848_fb7a7c
2026-08-15T06:59:53+00:00 RUN_END [620/820] id=GDD31_20 window=IS status=OK decision=IS_SURVIVOR_DD elapsed=65.396s
2026-08-15T06:59:53+00:00 RUN_START [620/820] id=GDD31_20 family=pb_weekday window=OOS run=gdda_oos_gdd31_20_20260815155953_6aa41e
2026-08-15T07:00:39+00:00 RUN_END [620/820] id=GDD31_20 window=OOS status=OK decision=OOS_PASS elapsed=45.378s
2026-08-15T07:00:39+00:00 RUN_START [620/820] id=GDD31_20 family=pb_weekday window=XM5 run=gdda_xm5_gdd31_20_20260815160039_77fd6a
2026-08-15T07:08:09+00:00 RUN_END [620/820] id=GDD31_20 window=XM5 status=OK decision=XM5_REJECT elapsed=450.418s
2026-08-15T07:08:09+00:00 RUN_START [621/820] id=GDD32_01 family=sca_one_direction window=IS run=gdda_is_gdd32_01_20260815160809_23ef48
2026-08-15T07:08:09+00:00 RUN_END [621/820] id=GDD32_01 window=IS status=UNVERIFIED decision=UNVERIFIED_EA_INPUT elapsed=0.001s
2026-08-15T07:08:09+00:00 RUN_START [622/820] id=GDD32_02 family=sca_one_direction window=IS run=gdda_is_gdd32_02_20260815160809_730d50
2026-08-15T07:08:09+00:00 RUN_END [622/820] id=GDD32_02 window=IS status=UNVERIFIED decision=UNVERIFIED_EA_INPUT elapsed=0.001s
2026-08-15T07:08:09+00:00 RUN_START [623/820] id=GDD32_03 family=sca_one_direction window=IS run=gdda_is_gdd32_03_20260815160809_a724e8
2026-08-15T07:08:09+00:00 RUN_END [623/820] id=GDD32_03 window=IS status=UNVERIFIED decision=UNVERIFIED_EA_INPUT elapsed=0.001s
2026-08-15T07:08:09+00:00 RUN_START [624/820] id=GDD32_04 family=sca_one_direction window=IS run=gdda_is_gdd32_04_20260815160809_260613
2026-08-15T07:08:09+00:00 RUN_END [624/820] id=GDD32_04 window=IS status=UNVERIFIED decision=UNVERIFIED_EA_INPUT elapsed=0.001s
2026-08-15T07:08:09+00:00 RUN_START [625/820] id=GDD32_05 family=sca_one_direction window=IS run=gdda_is_gdd32_05_20260815160809_221408
2026-08-15T07:08:09+00:00 RUN_END [625/820] id=GDD32_05 window=IS status=UNVERIFIED decision=UNVERIFIED_EA_INPUT elapsed=0.001s
2026-08-15T07:08:09+00:00 RUN_START [626/820] id=GDD32_06 family=sca_one_direction window=IS run=gdda_is_gdd32_06_20260815160809_091e76
2026-08-15T07:08:09+00:00 RUN_END [626/820] id=GDD32_06 window=IS status=UNVERIFIED decision=UNVERIFIED_EA_INPUT elapsed=0.001s
2026-08-15T07:08:09+00:00 RUN_START [627/820] id=GDD32_07 family=sca_one_direction window=IS run=gdda_is_gdd32_07_20260815160809_7b5b63
2026-08-15T07:08:09+00:00 RUN_END [627/820] id=GDD32_07 window=IS status=UNVERIFIED decision=UNVERIFIED_EA_INPUT elapsed=0.001s
2026-08-15T07:08:09+00:00 RUN_START [628/820] id=GDD32_08 family=sca_one_direction window=IS run=gdda_is_gdd32_08_20260815160809_ea2917
2026-08-15T07:08:09+00:00 RUN_END [628/820] id=GDD32_08 window=IS status=UNVERIFIED decision=UNVERIFIED_EA_INPUT elapsed=0.001s
2026-08-15T07:08:09+00:00 RUN_START [629/820] id=GDD32_09 family=sca_one_direction window=IS run=gdda_is_gdd32_09_20260815160809_1213a2
2026-08-15T07:08:09+00:00 RUN_END [629/820] id=GDD32_09 window=IS status=UNVERIFIED decision=UNVERIFIED_EA_INPUT elapsed=0.001s
2026-08-15T07:08:09+00:00 RUN_START [630/820] id=GDD32_10 family=sca_one_direction window=IS run=gdda_is_gdd32_10_20260815160809_fcb701
2026-08-15T07:08:09+00:00 RUN_END [630/820] id=GDD32_10 window=IS status=UNVERIFIED decision=UNVERIFIED_EA_INPUT elapsed=0.001s
2026-08-15T07:08:09+00:00 RUN_START [631/820] id=GDD32_11 family=sca_one_direction window=IS run=gdda_is_gdd32_11_20260815160809_713153
2026-08-15T07:08:09+00:00 RUN_END [631/820] id=GDD32_11 window=IS status=UNVERIFIED decision=UNVERIFIED_EA_INPUT elapsed=0.001s
2026-08-15T07:08:09+00:00 RUN_START [632/820] id=GDD32_12 family=sca_one_direction window=IS run=gdda_is_gdd32_12_20260815160809_e5cb83
2026-08-15T07:08:09+00:00 RUN_END [632/820] id=GDD32_12 window=IS status=UNVERIFIED decision=UNVERIFIED_EA_INPUT elapsed=0.001s
2026-08-15T07:08:09+00:00 RUN_START [633/820] id=GDD32_13 family=sca_one_direction window=IS run=gdda_is_gdd32_13_20260815160809_bc61bc
2026-08-15T07:08:09+00:00 RUN_END [633/820] id=GDD32_13 window=IS status=UNVERIFIED decision=UNVERIFIED_EA_INPUT elapsed=0.001s
2026-08-15T07:08:09+00:00 RUN_START [634/820] id=GDD32_14 family=sca_one_direction window=IS run=gdda_is_gdd32_14_20260815160809_beb7b7
2026-08-15T07:08:09+00:00 RUN_END [634/820] id=GDD32_14 window=IS status=UNVERIFIED decision=UNVERIFIED_EA_INPUT elapsed=0.001s
2026-08-15T07:08:09+00:00 RUN_START [635/820] id=GDD32_15 family=sca_one_direction window=IS run=gdda_is_gdd32_15_20260815160809_115e82
2026-08-15T07:08:09+00:00 RUN_END [635/820] id=GDD32_15 window=IS status=UNVERIFIED decision=UNVERIFIED_EA_INPUT elapsed=0.001s
2026-08-15T07:08:09+00:00 RUN_START [636/820] id=GDD32_16 family=sca_one_direction window=IS run=gdda_is_gdd32_16_20260815160809_0e73b4
2026-08-15T07:08:09+00:00 RUN_END [636/820] id=GDD32_16 window=IS status=UNVERIFIED decision=UNVERIFIED_EA_INPUT elapsed=0.001s
2026-08-15T07:08:09+00:00 RUN_START [637/820] id=GDD32_17 family=sca_one_direction window=IS run=gdda_is_gdd32_17_20260815160809_541e37
2026-08-15T07:08:09+00:00 RUN_END [637/820] id=GDD32_17 window=IS status=UNVERIFIED decision=UNVERIFIED_EA_INPUT elapsed=0.001s
2026-08-15T07:08:09+00:00 RUN_START [638/820] id=GDD32_18 family=sca_one_direction window=IS run=gdda_is_gdd32_18_20260815160809_21f811
2026-08-15T07:08:09+00:00 RUN_END [638/820] id=GDD32_18 window=IS status=UNVERIFIED decision=UNVERIFIED_EA_INPUT elapsed=0.001s
2026-08-15T07:08:09+00:00 RUN_START [639/820] id=GDD32_19 family=sca_one_direction window=IS run=gdda_is_gdd32_19_20260815160809_ad5e62
2026-08-15T07:08:09+00:00 RUN_END [639/820] id=GDD32_19 window=IS status=UNVERIFIED decision=UNVERIFIED_EA_INPUT elapsed=0.001s
2026-08-15T07:08:09+00:00 RUN_START [640/820] id=GDD32_20 family=sca_one_direction window=IS run=gdda_is_gdd32_20_20260815160809_03c0be
2026-08-15T07:08:09+00:00 RUN_END [640/820] id=GDD32_20 window=IS status=UNVERIFIED decision=UNVERIFIED_EA_INPUT elapsed=0.001s
2026-08-15T07:08:09+00:00 RUN_START [641/820] id=GDD33_01 family=sca_failed_break window=IS run=gdda_is_gdd33_01_20260815160809_a22d41
2026-08-15T07:08:09+00:00 RUN_END [641/820] id=GDD33_01 window=IS status=UNVERIFIED decision=UNVERIFIED_EA_INPUT elapsed=0.001s
2026-08-15T07:08:09+00:00 RUN_START [642/820] id=GDD33_02 family=sca_failed_break window=IS run=gdda_is_gdd33_02_20260815160809_83d0ed
2026-08-15T07:08:09+00:00 RUN_END [642/820] id=GDD33_02 window=IS status=UNVERIFIED decision=UNVERIFIED_EA_INPUT elapsed=0.001s
2026-08-15T07:08:09+00:00 RUN_START [643/820] id=GDD33_03 family=sca_failed_break window=IS run=gdda_is_gdd33_03_20260815160809_324601
2026-08-15T07:08:09+00:00 RUN_END [643/820] id=GDD33_03 window=IS status=UNVERIFIED decision=UNVERIFIED_EA_INPUT elapsed=0.001s
2026-08-15T07:08:09+00:00 RUN_START [644/820] id=GDD33_04 family=sca_failed_break window=IS run=gdda_is_gdd33_04_20260815160809_dc26c4
2026-08-15T07:08:09+00:00 RUN_END [644/820] id=GDD33_04 window=IS status=UNVERIFIED decision=UNVERIFIED_EA_INPUT elapsed=0.001s
2026-08-15T07:08:09+00:00 RUN_START [645/820] id=GDD33_05 family=sca_failed_break window=IS run=gdda_is_gdd33_05_20260815160809_410697
2026-08-15T07:08:09+00:00 RUN_END [645/820] id=GDD33_05 window=IS status=UNVERIFIED decision=UNVERIFIED_EA_INPUT elapsed=0.001s
2026-08-15T07:08:09+00:00 RUN_START [646/820] id=GDD33_06 family=sca_failed_break window=IS run=gdda_is_gdd33_06_20260815160809_2314b1
2026-08-15T07:08:09+00:00 RUN_END [646/820] id=GDD33_06 window=IS status=UNVERIFIED decision=UNVERIFIED_EA_INPUT elapsed=0.001s
2026-08-15T07:08:09+00:00 RUN_START [647/820] id=GDD33_07 family=sca_failed_break window=IS run=gdda_is_gdd33_07_20260815160809_7a107b
2026-08-15T07:08:09+00:00 RUN_END [647/820] id=GDD33_07 window=IS status=UNVERIFIED decision=UNVERIFIED_EA_INPUT elapsed=0.001s
2026-08-15T07:08:09+00:00 RUN_START [648/820] id=GDD33_08 family=sca_failed_break window=IS run=gdda_is_gdd33_08_20260815160809_c2b421
2026-08-15T07:08:09+00:00 RUN_END [648/820] id=GDD33_08 window=IS status=UNVERIFIED decision=UNVERIFIED_EA_INPUT elapsed=0.001s
2026-08-15T07:08:09+00:00 RUN_START [649/820] id=GDD33_09 family=sca_failed_break window=IS run=gdda_is_gdd33_09_20260815160809_8782c5
2026-08-15T07:08:09+00:00 RUN_END [649/820] id=GDD33_09 window=IS status=UNVERIFIED decision=UNVERIFIED_EA_INPUT elapsed=0.001s
2026-08-15T07:08:09+00:00 RUN_START [650/820] id=GDD33_10 family=sca_failed_break window=IS run=gdda_is_gdd33_10_20260815160809_fcdd82
2026-08-15T07:08:09+00:00 RUN_END [650/820] id=GDD33_10 window=IS status=UNVERIFIED decision=UNVERIFIED_EA_INPUT elapsed=0.001s
2026-08-15T07:08:09+00:00 RUN_START [651/820] id=GDD33_11 family=sca_failed_break window=IS run=gdda_is_gdd33_11_20260815160809_268f25
2026-08-15T07:08:10+00:00 RUN_END [651/820] id=GDD33_11 window=IS status=UNVERIFIED decision=UNVERIFIED_EA_INPUT elapsed=0.001s
2026-08-15T07:08:10+00:00 RUN_START [652/820] id=GDD33_12 family=sca_failed_break window=IS run=gdda_is_gdd33_12_20260815160810_74a1d4
2026-08-15T07:08:10+00:00 RUN_END [652/820] id=GDD33_12 window=IS status=UNVERIFIED decision=UNVERIFIED_EA_INPUT elapsed=0.001s
2026-08-15T07:08:10+00:00 RUN_START [653/820] id=GDD33_13 family=sca_failed_break window=IS run=gdda_is_gdd33_13_20260815160810_263a6f
2026-08-15T07:08:10+00:00 RUN_END [653/820] id=GDD33_13 window=IS status=UNVERIFIED decision=UNVERIFIED_EA_INPUT elapsed=0.001s
2026-08-15T07:08:10+00:00 RUN_START [654/820] id=GDD33_14 family=sca_failed_break window=IS run=gdda_is_gdd33_14_20260815160810_eb8317
2026-08-15T07:08:10+00:00 RUN_END [654/820] id=GDD33_14 window=IS status=UNVERIFIED decision=UNVERIFIED_EA_INPUT elapsed=0.001s
2026-08-15T07:08:10+00:00 RUN_START [655/820] id=GDD33_15 family=sca_failed_break window=IS run=gdda_is_gdd33_15_20260815160810_0c60d7
2026-08-15T07:08:10+00:00 RUN_END [655/820] id=GDD33_15 window=IS status=UNVERIFIED decision=UNVERIFIED_EA_INPUT elapsed=0.001s
2026-08-15T07:08:10+00:00 RUN_START [656/820] id=GDD33_16 family=sca_failed_break window=IS run=gdda_is_gdd33_16_20260815160810_31ca85
2026-08-15T07:08:10+00:00 RUN_END [656/820] id=GDD33_16 window=IS status=UNVERIFIED decision=UNVERIFIED_EA_INPUT elapsed=0.001s
2026-08-15T07:08:10+00:00 RUN_START [657/820] id=GDD33_17 family=sca_failed_break window=IS run=gdda_is_gdd33_17_20260815160810_d1f0e4
2026-08-15T07:08:10+00:00 RUN_END [657/820] id=GDD33_17 window=IS status=UNVERIFIED decision=UNVERIFIED_EA_INPUT elapsed=0.001s
2026-08-15T07:08:10+00:00 RUN_START [658/820] id=GDD33_18 family=sca_failed_break window=IS run=gdda_is_gdd33_18_20260815160810_53ae11
2026-08-15T07:08:10+00:00 RUN_END [658/820] id=GDD33_18 window=IS status=UNVERIFIED decision=UNVERIFIED_EA_INPUT elapsed=0.001s
2026-08-15T07:08:10+00:00 RUN_START [659/820] id=GDD33_19 family=sca_failed_break window=IS run=gdda_is_gdd33_19_20260815160810_e43e81
2026-08-15T07:08:10+00:00 RUN_END [659/820] id=GDD33_19 window=IS status=UNVERIFIED decision=UNVERIFIED_EA_INPUT elapsed=0.001s
2026-08-15T07:08:10+00:00 RUN_START [660/820] id=GDD33_20 family=sca_failed_break window=IS run=gdda_is_gdd33_20_20260815160810_d6448c
2026-08-15T07:08:10+00:00 RUN_END [660/820] id=GDD33_20 window=IS status=UNVERIFIED decision=UNVERIFIED_EA_INPUT elapsed=0.001s
2026-08-15T07:08:10+00:00 RUN_START [661/820] id=GDD35_01 family=portfolio_loss_cooldown window=IS run=gdda_is_gdd35_01_20260815160810_787dec
2026-08-15T07:08:10+00:00 RUN_END [661/820] id=GDD35_01 window=IS status=UNVERIFIED decision=UNVERIFIED_EA_INPUT elapsed=0.001s
2026-08-15T07:08:10+00:00 RUN_START [662/820] id=GDD35_02 family=portfolio_loss_cooldown window=IS run=gdda_is_gdd35_02_20260815160810_6a7543
2026-08-15T07:08:10+00:00 RUN_END [662/820] id=GDD35_02 window=IS status=UNVERIFIED decision=UNVERIFIED_EA_INPUT elapsed=0.001s
2026-08-15T07:08:10+00:00 RUN_START [663/820] id=GDD35_03 family=portfolio_loss_cooldown window=IS run=gdda_is_gdd35_03_20260815160810_7061a4
2026-08-15T07:08:10+00:00 RUN_END [663/820] id=GDD35_03 window=IS status=UNVERIFIED decision=UNVERIFIED_EA_INPUT elapsed=0.001s
2026-08-15T07:08:10+00:00 RUN_START [664/820] id=GDD35_04 family=portfolio_loss_cooldown window=IS run=gdda_is_gdd35_04_20260815160810_0b3c9b
2026-08-15T07:08:10+00:00 RUN_END [664/820] id=GDD35_04 window=IS status=UNVERIFIED decision=UNVERIFIED_EA_INPUT elapsed=0.001s
2026-08-15T07:08:10+00:00 RUN_START [665/820] id=GDD35_05 family=portfolio_loss_cooldown window=IS run=gdda_is_gdd35_05_20260815160810_02924d
2026-08-15T07:08:10+00:00 RUN_END [665/820] id=GDD35_05 window=IS status=UNVERIFIED decision=UNVERIFIED_EA_INPUT elapsed=0.001s
2026-08-15T07:08:10+00:00 RUN_START [666/820] id=GDD35_06 family=portfolio_loss_cooldown window=IS run=gdda_is_gdd35_06_20260815160810_5ecd08
2026-08-15T07:08:10+00:00 RUN_END [666/820] id=GDD35_06 window=IS status=UNVERIFIED decision=UNVERIFIED_EA_INPUT elapsed=0.001s
2026-08-15T07:08:10+00:00 RUN_START [667/820] id=GDD35_07 family=portfolio_loss_cooldown window=IS run=gdda_is_gdd35_07_20260815160810_40126b
2026-08-15T07:08:10+00:00 RUN_END [667/820] id=GDD35_07 window=IS status=UNVERIFIED decision=UNVERIFIED_EA_INPUT elapsed=0.001s
2026-08-15T07:08:10+00:00 RUN_START [668/820] id=GDD35_08 family=portfolio_loss_cooldown window=IS run=gdda_is_gdd35_08_20260815160810_ff2ff6
2026-08-15T07:08:10+00:00 RUN_END [668/820] id=GDD35_08 window=IS status=UNVERIFIED decision=UNVERIFIED_EA_INPUT elapsed=0.001s
2026-08-15T07:08:10+00:00 RUN_START [669/820] id=GDD35_09 family=portfolio_loss_cooldown window=IS run=gdda_is_gdd35_09_20260815160810_be758a
2026-08-15T07:08:10+00:00 RUN_END [669/820] id=GDD35_09 window=IS status=UNVERIFIED decision=UNVERIFIED_EA_INPUT elapsed=0.001s
2026-08-15T07:08:10+00:00 RUN_START [670/820] id=GDD35_10 family=portfolio_loss_cooldown window=IS run=gdda_is_gdd35_10_20260815160810_cc9b01
2026-08-15T07:08:10+00:00 RUN_END [670/820] id=GDD35_10 window=IS status=UNVERIFIED decision=UNVERIFIED_EA_INPUT elapsed=0.001s
2026-08-15T07:08:10+00:00 RUN_START [671/820] id=GDD35_11 family=portfolio_loss_cooldown window=IS run=gdda_is_gdd35_11_20260815160810_983999
2026-08-15T07:08:10+00:00 RUN_END [671/820] id=GDD35_11 window=IS status=UNVERIFIED decision=UNVERIFIED_EA_INPUT elapsed=0.001s
2026-08-15T07:08:10+00:00 RUN_START [672/820] id=GDD35_12 family=portfolio_loss_cooldown window=IS run=gdda_is_gdd35_12_20260815160810_ea6f8b
2026-08-15T07:08:10+00:00 RUN_END [672/820] id=GDD35_12 window=IS status=UNVERIFIED decision=UNVERIFIED_EA_INPUT elapsed=0.001s
2026-08-15T07:08:10+00:00 RUN_START [673/820] id=GDD35_13 family=portfolio_loss_cooldown window=IS run=gdda_is_gdd35_13_20260815160810_3dbf4c
2026-08-15T07:08:10+00:00 RUN_END [673/820] id=GDD35_13 window=IS status=UNVERIFIED decision=UNVERIFIED_EA_INPUT elapsed=0.001s
2026-08-15T07:08:10+00:00 RUN_START [674/820] id=GDD35_14 family=portfolio_loss_cooldown window=IS run=gdda_is_gdd35_14_20260815160810_a289ac
2026-08-15T07:08:10+00:00 RUN_END [674/820] id=GDD35_14 window=IS status=UNVERIFIED decision=UNVERIFIED_EA_INPUT elapsed=0.001s
2026-08-15T07:08:10+00:00 RUN_START [675/820] id=GDD35_15 family=portfolio_loss_cooldown window=IS run=gdda_is_gdd35_15_20260815160810_31385b
2026-08-15T07:08:10+00:00 RUN_END [675/820] id=GDD35_15 window=IS status=UNVERIFIED decision=UNVERIFIED_EA_INPUT elapsed=0.001s
2026-08-15T07:08:10+00:00 RUN_START [676/820] id=GDD35_16 family=portfolio_loss_cooldown window=IS run=gdda_is_gdd35_16_20260815160810_030ddd
2026-08-15T07:08:10+00:00 RUN_END [676/820] id=GDD35_16 window=IS status=UNVERIFIED decision=UNVERIFIED_EA_INPUT elapsed=0.001s
2026-08-15T07:08:10+00:00 RUN_START [677/820] id=GDD35_17 family=portfolio_loss_cooldown window=IS run=gdda_is_gdd35_17_20260815160810_da55f6
2026-08-15T07:08:10+00:00 RUN_END [677/820] id=GDD35_17 window=IS status=UNVERIFIED decision=UNVERIFIED_EA_INPUT elapsed=0.001s
2026-08-15T07:08:10+00:00 RUN_START [678/820] id=GDD35_18 family=portfolio_loss_cooldown window=IS run=gdda_is_gdd35_18_20260815160810_7e0045
2026-08-15T07:08:10+00:00 RUN_END [678/820] id=GDD35_18 window=IS status=UNVERIFIED decision=UNVERIFIED_EA_INPUT elapsed=0.001s
2026-08-15T07:08:10+00:00 RUN_START [679/820] id=GDD35_19 family=portfolio_loss_cooldown window=IS run=gdda_is_gdd35_19_20260815160810_5dd50c
2026-08-15T07:08:10+00:00 RUN_END [679/820] id=GDD35_19 window=IS status=UNVERIFIED decision=UNVERIFIED_EA_INPUT elapsed=0.001s
2026-08-15T07:08:10+00:00 RUN_START [680/820] id=GDD35_20 family=portfolio_loss_cooldown window=IS run=gdda_is_gdd35_20_20260815160810_2ec58f
2026-08-15T07:08:10+00:00 RUN_END [680/820] id=GDD35_20 window=IS status=UNVERIFIED decision=UNVERIFIED_EA_INPUT elapsed=0.001s
2026-08-15T07:08:10+00:00 RUN_START [681/820] id=GDD36_01 family=sleeve_loss_cooldown window=IS run=gdda_is_gdd36_01_20260815160810_36f8a9
2026-08-15T07:08:10+00:00 RUN_END [681/820] id=GDD36_01 window=IS status=UNVERIFIED decision=UNVERIFIED_EA_INPUT elapsed=0.001s
2026-08-15T07:08:10+00:00 RUN_START [682/820] id=GDD36_02 family=sleeve_loss_cooldown window=IS run=gdda_is_gdd36_02_20260815160810_5ff358
2026-08-15T07:08:10+00:00 RUN_END [682/820] id=GDD36_02 window=IS status=UNVERIFIED decision=UNVERIFIED_EA_INPUT elapsed=0.001s
2026-08-15T07:08:10+00:00 RUN_START [683/820] id=GDD36_03 family=sleeve_loss_cooldown window=IS run=gdda_is_gdd36_03_20260815160810_daefd6
2026-08-15T07:08:10+00:00 RUN_END [683/820] id=GDD36_03 window=IS status=UNVERIFIED decision=UNVERIFIED_EA_INPUT elapsed=0.001s
2026-08-15T07:08:10+00:00 RUN_START [684/820] id=GDD36_04 family=sleeve_loss_cooldown window=IS run=gdda_is_gdd36_04_20260815160810_bb596f
2026-08-15T07:08:10+00:00 RUN_END [684/820] id=GDD36_04 window=IS status=UNVERIFIED decision=UNVERIFIED_EA_INPUT elapsed=0.001s
2026-08-15T07:08:10+00:00 RUN_START [685/820] id=GDD36_05 family=sleeve_loss_cooldown window=IS run=gdda_is_gdd36_05_20260815160810_7f96bf
2026-08-15T07:08:10+00:00 RUN_END [685/820] id=GDD36_05 window=IS status=UNVERIFIED decision=UNVERIFIED_EA_INPUT elapsed=0.001s
2026-08-15T07:08:10+00:00 RUN_START [686/820] id=GDD36_06 family=sleeve_loss_cooldown window=IS run=gdda_is_gdd36_06_20260815160810_94e61c
2026-08-15T07:08:10+00:00 RUN_END [686/820] id=GDD36_06 window=IS status=UNVERIFIED decision=UNVERIFIED_EA_INPUT elapsed=0.001s
2026-08-15T07:08:10+00:00 RUN_START [687/820] id=GDD36_07 family=sleeve_loss_cooldown window=IS run=gdda_is_gdd36_07_20260815160810_abcb13
2026-08-15T07:08:10+00:00 RUN_END [687/820] id=GDD36_07 window=IS status=UNVERIFIED decision=UNVERIFIED_EA_INPUT elapsed=0.001s
2026-08-15T07:08:10+00:00 RUN_START [688/820] id=GDD36_08 family=sleeve_loss_cooldown window=IS run=gdda_is_gdd36_08_20260815160810_f5031d
2026-08-15T07:08:10+00:00 RUN_END [688/820] id=GDD36_08 window=IS status=UNVERIFIED decision=UNVERIFIED_EA_INPUT elapsed=0.001s
2026-08-15T07:08:10+00:00 RUN_START [689/820] id=GDD36_09 family=sleeve_loss_cooldown window=IS run=gdda_is_gdd36_09_20260815160810_7986d3
2026-08-15T07:08:10+00:00 RUN_END [689/820] id=GDD36_09 window=IS status=UNVERIFIED decision=UNVERIFIED_EA_INPUT elapsed=0.001s
2026-08-15T07:08:10+00:00 RUN_START [690/820] id=GDD36_10 family=sleeve_loss_cooldown window=IS run=gdda_is_gdd36_10_20260815160810_75b2c6
2026-08-15T07:08:10+00:00 RUN_END [690/820] id=GDD36_10 window=IS status=UNVERIFIED decision=UNVERIFIED_EA_INPUT elapsed=0.001s
2026-08-15T07:08:10+00:00 RUN_START [691/820] id=GDD36_11 family=sleeve_loss_cooldown window=IS run=gdda_is_gdd36_11_20260815160810_355a35
2026-08-15T07:08:10+00:00 RUN_END [691/820] id=GDD36_11 window=IS status=UNVERIFIED decision=UNVERIFIED_EA_INPUT elapsed=0.001s
2026-08-15T07:08:10+00:00 RUN_START [692/820] id=GDD36_12 family=sleeve_loss_cooldown window=IS run=gdda_is_gdd36_12_20260815160810_a856fb
2026-08-15T07:08:10+00:00 RUN_END [692/820] id=GDD36_12 window=IS status=UNVERIFIED decision=UNVERIFIED_EA_INPUT elapsed=0.001s
2026-08-15T07:08:10+00:00 RUN_START [693/820] id=GDD36_13 family=sleeve_loss_cooldown window=IS run=gdda_is_gdd36_13_20260815160810_8f5492
2026-08-15T07:08:10+00:00 RUN_END [693/820] id=GDD36_13 window=IS status=UNVERIFIED decision=UNVERIFIED_EA_INPUT elapsed=0.001s
2026-08-15T07:08:10+00:00 RUN_START [694/820] id=GDD36_14 family=sleeve_loss_cooldown window=IS run=gdda_is_gdd36_14_20260815160810_858973
2026-08-15T07:08:10+00:00 RUN_END [694/820] id=GDD36_14 window=IS status=UNVERIFIED decision=UNVERIFIED_EA_INPUT elapsed=0.001s
2026-08-15T07:08:10+00:00 RUN_START [695/820] id=GDD36_15 family=sleeve_loss_cooldown window=IS run=gdda_is_gdd36_15_20260815160810_229be3
2026-08-15T07:08:10+00:00 RUN_END [695/820] id=GDD36_15 window=IS status=UNVERIFIED decision=UNVERIFIED_EA_INPUT elapsed=0.001s
2026-08-15T07:08:10+00:00 RUN_START [696/820] id=GDD36_16 family=sleeve_loss_cooldown window=IS run=gdda_is_gdd36_16_20260815160810_5fa0f7
2026-08-15T07:08:10+00:00 RUN_END [696/820] id=GDD36_16 window=IS status=UNVERIFIED decision=UNVERIFIED_EA_INPUT elapsed=0.001s
2026-08-15T07:08:10+00:00 RUN_START [697/820] id=GDD36_17 family=sleeve_loss_cooldown window=IS run=gdda_is_gdd36_17_20260815160810_093983
2026-08-15T07:08:10+00:00 RUN_END [697/820] id=GDD36_17 window=IS status=UNVERIFIED decision=UNVERIFIED_EA_INPUT elapsed=0.001s
2026-08-15T07:08:10+00:00 RUN_START [698/820] id=GDD36_18 family=sleeve_loss_cooldown window=IS run=gdda_is_gdd36_18_20260815160810_8c7481
2026-08-15T07:08:10+00:00 RUN_END [698/820] id=GDD36_18 window=IS status=UNVERIFIED decision=UNVERIFIED_EA_INPUT elapsed=0.001s
2026-08-15T07:08:10+00:00 RUN_START [699/820] id=GDD36_19 family=sleeve_loss_cooldown window=IS run=gdda_is_gdd36_19_20260815160810_d283d2
2026-08-15T07:08:10+00:00 RUN_END [699/820] id=GDD36_19 window=IS status=UNVERIFIED decision=UNVERIFIED_EA_INPUT elapsed=0.001s
2026-08-15T07:08:10+00:00 RUN_START [700/820] id=GDD36_20 family=sleeve_loss_cooldown window=IS run=gdda_is_gdd36_20_20260815160810_9c7c23
2026-08-15T07:08:10+00:00 RUN_END [700/820] id=GDD36_20 window=IS status=UNVERIFIED decision=UNVERIFIED_EA_INPUT elapsed=0.001s
2026-08-15T07:08:10+00:00 RUN_START [701/820] id=GDD37_01 family=daily_loss_cap window=IS run=gdda_is_gdd37_01_20260815160810_373036
2026-08-15T07:08:10+00:00 RUN_END [701/820] id=GDD37_01 window=IS status=UNVERIFIED decision=UNVERIFIED_EA_INPUT elapsed=0.001s
2026-08-15T07:08:10+00:00 RUN_START [702/820] id=GDD37_02 family=daily_loss_cap window=IS run=gdda_is_gdd37_02_20260815160810_8c2c4e
2026-08-15T07:08:10+00:00 RUN_END [702/820] id=GDD37_02 window=IS status=UNVERIFIED decision=UNVERIFIED_EA_INPUT elapsed=0.001s
2026-08-15T07:08:10+00:00 RUN_START [703/820] id=GDD37_03 family=daily_loss_cap window=IS run=gdda_is_gdd37_03_20260815160810_855aca
2026-08-15T07:08:10+00:00 RUN_END [703/820] id=GDD37_03 window=IS status=UNVERIFIED decision=UNVERIFIED_EA_INPUT elapsed=0.001s
2026-08-15T07:08:10+00:00 RUN_START [704/820] id=GDD37_04 family=daily_loss_cap window=IS run=gdda_is_gdd37_04_20260815160810_2580ca
2026-08-15T07:08:10+00:00 RUN_END [704/820] id=GDD37_04 window=IS status=UNVERIFIED decision=UNVERIFIED_EA_INPUT elapsed=0.001s
2026-08-15T07:08:10+00:00 RUN_START [705/820] id=GDD37_05 family=daily_loss_cap window=IS run=gdda_is_gdd37_05_20260815160810_2cf04c
2026-08-15T07:08:10+00:00 RUN_END [705/820] id=GDD37_05 window=IS status=UNVERIFIED decision=UNVERIFIED_EA_INPUT elapsed=0.001s
2026-08-15T07:08:10+00:00 RUN_START [706/820] id=GDD37_06 family=daily_loss_cap window=IS run=gdda_is_gdd37_06_20260815160810_b01ec6
2026-08-15T07:08:10+00:00 RUN_END [706/820] id=GDD37_06 window=IS status=UNVERIFIED decision=UNVERIFIED_EA_INPUT elapsed=0.001s
2026-08-15T07:08:10+00:00 RUN_START [707/820] id=GDD37_07 family=daily_loss_cap window=IS run=gdda_is_gdd37_07_20260815160810_a2bfae
2026-08-15T07:08:10+00:00 RUN_END [707/820] id=GDD37_07 window=IS status=UNVERIFIED decision=UNVERIFIED_EA_INPUT elapsed=0.001s
2026-08-15T07:08:10+00:00 RUN_START [708/820] id=GDD37_08 family=daily_loss_cap window=IS run=gdda_is_gdd37_08_20260815160810_62ae6c
2026-08-15T07:08:10+00:00 RUN_END [708/820] id=GDD37_08 window=IS status=UNVERIFIED decision=UNVERIFIED_EA_INPUT elapsed=0.001s
2026-08-15T07:08:10+00:00 RUN_START [709/820] id=GDD37_09 family=daily_loss_cap window=IS run=gdda_is_gdd37_09_20260815160810_59f953
2026-08-15T07:08:10+00:00 RUN_END [709/820] id=GDD37_09 window=IS status=UNVERIFIED decision=UNVERIFIED_EA_INPUT elapsed=0.001s
2026-08-15T07:08:10+00:00 RUN_START [710/820] id=GDD37_10 family=daily_loss_cap window=IS run=gdda_is_gdd37_10_20260815160810_31d5e8
2026-08-15T07:08:10+00:00 RUN_END [710/820] id=GDD37_10 window=IS status=UNVERIFIED decision=UNVERIFIED_EA_INPUT elapsed=0.001s
2026-08-15T07:08:10+00:00 RUN_START [711/820] id=GDD37_11 family=daily_loss_cap window=IS run=gdda_is_gdd37_11_20260815160810_b2329d
2026-08-15T07:08:10+00:00 RUN_END [711/820] id=GDD37_11 window=IS status=UNVERIFIED decision=UNVERIFIED_EA_INPUT elapsed=0.001s
2026-08-15T07:08:10+00:00 RUN_START [712/820] id=GDD37_12 family=daily_loss_cap window=IS run=gdda_is_gdd37_12_20260815160810_377818
2026-08-15T07:08:10+00:00 RUN_END [712/820] id=GDD37_12 window=IS status=UNVERIFIED decision=UNVERIFIED_EA_INPUT elapsed=0.001s
2026-08-15T07:08:10+00:00 RUN_START [713/820] id=GDD37_13 family=daily_loss_cap window=IS run=gdda_is_gdd37_13_20260815160810_fb404a
2026-08-15T07:08:10+00:00 RUN_END [713/820] id=GDD37_13 window=IS status=UNVERIFIED decision=UNVERIFIED_EA_INPUT elapsed=0.002s
2026-08-15T07:08:10+00:00 RUN_START [714/820] id=GDD37_14 family=daily_loss_cap window=IS run=gdda_is_gdd37_14_20260815160810_b8e0ca
2026-08-15T07:08:10+00:00 RUN_END [714/820] id=GDD37_14 window=IS status=UNVERIFIED decision=UNVERIFIED_EA_INPUT elapsed=0.001s
2026-08-15T07:08:10+00:00 RUN_START [715/820] id=GDD37_15 family=daily_loss_cap window=IS run=gdda_is_gdd37_15_20260815160810_4dacce
2026-08-15T07:08:10+00:00 RUN_END [715/820] id=GDD37_15 window=IS status=UNVERIFIED decision=UNVERIFIED_EA_INPUT elapsed=0.001s
2026-08-15T07:08:10+00:00 RUN_START [716/820] id=GDD37_16 family=daily_loss_cap window=IS run=gdda_is_gdd37_16_20260815160810_f56163
2026-08-15T07:08:10+00:00 RUN_END [716/820] id=GDD37_16 window=IS status=UNVERIFIED decision=UNVERIFIED_EA_INPUT elapsed=0.001s
2026-08-15T07:08:10+00:00 RUN_START [717/820] id=GDD37_17 family=daily_loss_cap window=IS run=gdda_is_gdd37_17_20260815160810_f4e0d9
2026-08-15T07:08:10+00:00 RUN_END [717/820] id=GDD37_17 window=IS status=UNVERIFIED decision=UNVERIFIED_EA_INPUT elapsed=0.001s
2026-08-15T07:08:10+00:00 RUN_START [718/820] id=GDD37_18 family=daily_loss_cap window=IS run=gdda_is_gdd37_18_20260815160810_623683
2026-08-15T07:08:10+00:00 RUN_END [718/820] id=GDD37_18 window=IS status=UNVERIFIED decision=UNVERIFIED_EA_INPUT elapsed=0.001s
2026-08-15T07:08:10+00:00 RUN_START [719/820] id=GDD37_19 family=daily_loss_cap window=IS run=gdda_is_gdd37_19_20260815160810_a10c20
2026-08-15T07:08:10+00:00 RUN_END [719/820] id=GDD37_19 window=IS status=UNVERIFIED decision=UNVERIFIED_EA_INPUT elapsed=0.001s
2026-08-15T07:08:10+00:00 RUN_START [720/820] id=GDD37_20 family=daily_loss_cap window=IS run=gdda_is_gdd37_20_20260815160810_7a4199
2026-08-15T07:08:10+00:00 RUN_END [720/820] id=GDD37_20 window=IS status=UNVERIFIED decision=UNVERIFIED_EA_INPUT elapsed=0.001s
2026-08-15T07:08:10+00:00 RUN_START [721/820] id=GDD38_01 family=weekly_loss_cap window=IS run=gdda_is_gdd38_01_20260815160810_3a2823
2026-08-15T07:08:10+00:00 RUN_END [721/820] id=GDD38_01 window=IS status=UNVERIFIED decision=UNVERIFIED_EA_INPUT elapsed=0.001s
2026-08-15T07:08:10+00:00 RUN_START [722/820] id=GDD38_02 family=weekly_loss_cap window=IS run=gdda_is_gdd38_02_20260815160810_d31a4a
2026-08-15T07:08:10+00:00 RUN_END [722/820] id=GDD38_02 window=IS status=UNVERIFIED decision=UNVERIFIED_EA_INPUT elapsed=0.001s
2026-08-15T07:08:10+00:00 RUN_START [723/820] id=GDD38_03 family=weekly_loss_cap window=IS run=gdda_is_gdd38_03_20260815160810_3be29a
2026-08-15T07:08:10+00:00 RUN_END [723/820] id=GDD38_03 window=IS status=UNVERIFIED decision=UNVERIFIED_EA_INPUT elapsed=0.001s
2026-08-15T07:08:10+00:00 RUN_START [724/820] id=GDD38_04 family=weekly_loss_cap window=IS run=gdda_is_gdd38_04_20260815160810_8688b0
2026-08-15T07:08:10+00:00 RUN_END [724/820] id=GDD38_04 window=IS status=UNVERIFIED decision=UNVERIFIED_EA_INPUT elapsed=0.001s
2026-08-15T07:08:10+00:00 RUN_START [725/820] id=GDD38_05 family=weekly_loss_cap window=IS run=gdda_is_gdd38_05_20260815160810_b3e57a
2026-08-15T07:08:10+00:00 RUN_END [725/820] id=GDD38_05 window=IS status=UNVERIFIED decision=UNVERIFIED_EA_INPUT elapsed=0.001s
2026-08-15T07:08:10+00:00 RUN_START [726/820] id=GDD38_06 family=weekly_loss_cap window=IS run=gdda_is_gdd38_06_20260815160810_9efc24
2026-08-15T07:08:10+00:00 RUN_END [726/820] id=GDD38_06 window=IS status=UNVERIFIED decision=UNVERIFIED_EA_INPUT elapsed=0.001s
2026-08-15T07:08:10+00:00 RUN_START [727/820] id=GDD38_07 family=weekly_loss_cap window=IS run=gdda_is_gdd38_07_20260815160810_3e5d80
2026-08-15T07:08:10+00:00 RUN_END [727/820] id=GDD38_07 window=IS status=UNVERIFIED decision=UNVERIFIED_EA_INPUT elapsed=0.001s
2026-08-15T07:08:10+00:00 RUN_START [728/820] id=GDD38_08 family=weekly_loss_cap window=IS run=gdda_is_gdd38_08_20260815160810_38b458
2026-08-15T07:08:10+00:00 RUN_END [728/820] id=GDD38_08 window=IS status=UNVERIFIED decision=UNVERIFIED_EA_INPUT elapsed=0.001s
2026-08-15T07:08:10+00:00 RUN_START [729/820] id=GDD38_09 family=weekly_loss_cap window=IS run=gdda_is_gdd38_09_20260815160810_3602a0
2026-08-15T07:08:10+00:00 RUN_END [729/820] id=GDD38_09 window=IS status=UNVERIFIED decision=UNVERIFIED_EA_INPUT elapsed=0.001s
2026-08-15T07:08:10+00:00 RUN_START [730/820] id=GDD38_10 family=weekly_loss_cap window=IS run=gdda_is_gdd38_10_20260815160810_4cc55f
2026-08-15T07:08:10+00:00 RUN_END [730/820] id=GDD38_10 window=IS status=UNVERIFIED decision=UNVERIFIED_EA_INPUT elapsed=0.001s
2026-08-15T07:08:10+00:00 RUN_START [731/820] id=GDD38_11 family=weekly_loss_cap window=IS run=gdda_is_gdd38_11_20260815160810_4eef69
2026-08-15T07:08:10+00:00 RUN_END [731/820] id=GDD38_11 window=IS status=UNVERIFIED decision=UNVERIFIED_EA_INPUT elapsed=0.001s
2026-08-15T07:08:10+00:00 RUN_START [732/820] id=GDD38_12 family=weekly_loss_cap window=IS run=gdda_is_gdd38_12_20260815160810_1ddefb
2026-08-15T07:08:10+00:00 RUN_END [732/820] id=GDD38_12 window=IS status=UNVERIFIED decision=UNVERIFIED_EA_INPUT elapsed=0.001s
2026-08-15T07:08:10+00:00 RUN_START [733/820] id=GDD38_13 family=weekly_loss_cap window=IS run=gdda_is_gdd38_13_20260815160810_a1ffbb
2026-08-15T07:08:10+00:00 RUN_END [733/820] id=GDD38_13 window=IS status=UNVERIFIED decision=UNVERIFIED_EA_INPUT elapsed=0.001s
2026-08-15T07:08:10+00:00 RUN_START [734/820] id=GDD38_14 family=weekly_loss_cap window=IS run=gdda_is_gdd38_14_20260815160810_9c9633
2026-08-15T07:08:11+00:00 RUN_END [734/820] id=GDD38_14 window=IS status=UNVERIFIED decision=UNVERIFIED_EA_INPUT elapsed=0.001s
2026-08-15T07:08:11+00:00 RUN_START [735/820] id=GDD38_15 family=weekly_loss_cap window=IS run=gdda_is_gdd38_15_20260815160811_98d6cf
2026-08-15T07:08:11+00:00 RUN_END [735/820] id=GDD38_15 window=IS status=UNVERIFIED decision=UNVERIFIED_EA_INPUT elapsed=0.001s
2026-08-15T07:08:11+00:00 RUN_START [736/820] id=GDD38_16 family=weekly_loss_cap window=IS run=gdda_is_gdd38_16_20260815160811_966ef9
2026-08-15T07:08:11+00:00 RUN_END [736/820] id=GDD38_16 window=IS status=UNVERIFIED decision=UNVERIFIED_EA_INPUT elapsed=0.001s
2026-08-15T07:08:11+00:00 RUN_START [737/820] id=GDD38_17 family=weekly_loss_cap window=IS run=gdda_is_gdd38_17_20260815160811_2913c1
2026-08-15T07:08:11+00:00 RUN_END [737/820] id=GDD38_17 window=IS status=UNVERIFIED decision=UNVERIFIED_EA_INPUT elapsed=0.001s
2026-08-15T07:08:11+00:00 RUN_START [738/820] id=GDD38_18 family=weekly_loss_cap window=IS run=gdda_is_gdd38_18_20260815160811_d532b4
2026-08-15T07:08:11+00:00 RUN_END [738/820] id=GDD38_18 window=IS status=UNVERIFIED decision=UNVERIFIED_EA_INPUT elapsed=0.001s
2026-08-15T07:08:11+00:00 RUN_START [739/820] id=GDD38_19 family=weekly_loss_cap window=IS run=gdda_is_gdd38_19_20260815160811_fd91fd
2026-08-15T07:08:11+00:00 RUN_END [739/820] id=GDD38_19 window=IS status=UNVERIFIED decision=UNVERIFIED_EA_INPUT elapsed=0.001s
2026-08-15T07:08:11+00:00 RUN_START [740/820] id=GDD38_20 family=weekly_loss_cap window=IS run=gdda_is_gdd38_20_20260815160811_bf1198
2026-08-15T07:08:11+00:00 RUN_END [740/820] id=GDD38_20 window=IS status=UNVERIFIED decision=UNVERIFIED_EA_INPUT elapsed=0.001s
2026-08-15T07:08:11+00:00 RUN_START [741/820] id=GDD39_01 family=equity_overlap_cap window=IS run=gdda_is_gdd39_01_20260815160811_b4abcc
2026-08-15T07:08:11+00:00 RUN_END [741/820] id=GDD39_01 window=IS status=UNVERIFIED decision=UNVERIFIED_EA_INPUT elapsed=0.001s
2026-08-15T07:08:11+00:00 RUN_START [742/820] id=GDD39_02 family=equity_overlap_cap window=IS run=gdda_is_gdd39_02_20260815160811_8b0c95
2026-08-15T07:08:11+00:00 RUN_END [742/820] id=GDD39_02 window=IS status=UNVERIFIED decision=UNVERIFIED_EA_INPUT elapsed=0.001s
2026-08-15T07:08:11+00:00 RUN_START [743/820] id=GDD39_03 family=equity_overlap_cap window=IS run=gdda_is_gdd39_03_20260815160811_8e62a7
2026-08-15T07:08:11+00:00 RUN_END [743/820] id=GDD39_03 window=IS status=UNVERIFIED decision=UNVERIFIED_EA_INPUT elapsed=0.001s
2026-08-15T07:08:11+00:00 RUN_START [744/820] id=GDD39_04 family=equity_overlap_cap window=IS run=gdda_is_gdd39_04_20260815160811_4f3277
2026-08-15T07:08:11+00:00 RUN_END [744/820] id=GDD39_04 window=IS status=UNVERIFIED decision=UNVERIFIED_EA_INPUT elapsed=0.001s
2026-08-15T07:08:11+00:00 RUN_START [745/820] id=GDD39_05 family=equity_overlap_cap window=IS run=gdda_is_gdd39_05_20260815160811_9c800c
2026-08-15T07:08:11+00:00 RUN_END [745/820] id=GDD39_05 window=IS status=UNVERIFIED decision=UNVERIFIED_EA_INPUT elapsed=0.001s
2026-08-15T07:08:11+00:00 RUN_START [746/820] id=GDD39_06 family=equity_overlap_cap window=IS run=gdda_is_gdd39_06_20260815160811_98015d
2026-08-15T07:08:11+00:00 RUN_END [746/820] id=GDD39_06 window=IS status=UNVERIFIED decision=UNVERIFIED_EA_INPUT elapsed=0.001s
2026-08-15T07:08:11+00:00 RUN_START [747/820] id=GDD39_07 family=equity_overlap_cap window=IS run=gdda_is_gdd39_07_20260815160811_e1f341
2026-08-15T07:08:11+00:00 RUN_END [747/820] id=GDD39_07 window=IS status=UNVERIFIED decision=UNVERIFIED_EA_INPUT elapsed=0.001s
2026-08-15T07:08:11+00:00 RUN_START [748/820] id=GDD39_08 family=equity_overlap_cap window=IS run=gdda_is_gdd39_08_20260815160811_9d5004
2026-08-15T07:08:11+00:00 RUN_END [748/820] id=GDD39_08 window=IS status=UNVERIFIED decision=UNVERIFIED_EA_INPUT elapsed=0.001s
2026-08-15T07:08:11+00:00 RUN_START [749/820] id=GDD39_09 family=equity_overlap_cap window=IS run=gdda_is_gdd39_09_20260815160811_46cb6f
2026-08-15T07:08:11+00:00 RUN_END [749/820] id=GDD39_09 window=IS status=UNVERIFIED decision=UNVERIFIED_EA_INPUT elapsed=0.001s
2026-08-15T07:08:11+00:00 RUN_START [750/820] id=GDD39_10 family=equity_overlap_cap window=IS run=gdda_is_gdd39_10_20260815160811_23ba63
2026-08-15T07:08:11+00:00 RUN_END [750/820] id=GDD39_10 window=IS status=UNVERIFIED decision=UNVERIFIED_EA_INPUT elapsed=0.001s
2026-08-15T07:08:11+00:00 RUN_START [751/820] id=GDD39_11 family=equity_overlap_cap window=IS run=gdda_is_gdd39_11_20260815160811_cf1c9c
2026-08-15T07:08:11+00:00 RUN_END [751/820] id=GDD39_11 window=IS status=UNVERIFIED decision=UNVERIFIED_EA_INPUT elapsed=0.001s
2026-08-15T07:08:11+00:00 RUN_START [752/820] id=GDD39_12 family=equity_overlap_cap window=IS run=gdda_is_gdd39_12_20260815160811_a08380
2026-08-15T07:08:11+00:00 RUN_END [752/820] id=GDD39_12 window=IS status=UNVERIFIED decision=UNVERIFIED_EA_INPUT elapsed=0.001s
2026-08-15T07:08:11+00:00 RUN_START [753/820] id=GDD39_13 family=equity_overlap_cap window=IS run=gdda_is_gdd39_13_20260815160811_d171df
2026-08-15T07:08:11+00:00 RUN_END [753/820] id=GDD39_13 window=IS status=UNVERIFIED decision=UNVERIFIED_EA_INPUT elapsed=0.001s
2026-08-15T07:08:11+00:00 RUN_START [754/820] id=GDD39_14 family=equity_overlap_cap window=IS run=gdda_is_gdd39_14_20260815160811_9b0c4c
2026-08-15T07:08:11+00:00 RUN_END [754/820] id=GDD39_14 window=IS status=UNVERIFIED decision=UNVERIFIED_EA_INPUT elapsed=0.001s
2026-08-15T07:08:11+00:00 RUN_START [755/820] id=GDD39_15 family=equity_overlap_cap window=IS run=gdda_is_gdd39_15_20260815160811_f1eb7f
2026-08-15T07:08:11+00:00 RUN_END [755/820] id=GDD39_15 window=IS status=UNVERIFIED decision=UNVERIFIED_EA_INPUT elapsed=0.001s
2026-08-15T07:08:11+00:00 RUN_START [756/820] id=GDD39_16 family=equity_overlap_cap window=IS run=gdda_is_gdd39_16_20260815160811_efc4ba
2026-08-15T07:08:11+00:00 RUN_END [756/820] id=GDD39_16 window=IS status=UNVERIFIED decision=UNVERIFIED_EA_INPUT elapsed=0.001s
2026-08-15T07:08:11+00:00 RUN_START [757/820] id=GDD39_17 family=equity_overlap_cap window=IS run=gdda_is_gdd39_17_20260815160811_05d422
2026-08-15T07:08:11+00:00 RUN_END [757/820] id=GDD39_17 window=IS status=UNVERIFIED decision=UNVERIFIED_EA_INPUT elapsed=0.001s
2026-08-15T07:08:11+00:00 RUN_START [758/820] id=GDD39_18 family=equity_overlap_cap window=IS run=gdda_is_gdd39_18_20260815160811_38e3b9
2026-08-15T07:08:11+00:00 RUN_END [758/820] id=GDD39_18 window=IS status=UNVERIFIED decision=UNVERIFIED_EA_INPUT elapsed=0.001s
2026-08-15T07:08:11+00:00 RUN_START [759/820] id=GDD39_19 family=equity_overlap_cap window=IS run=gdda_is_gdd39_19_20260815160811_0b8caa
2026-08-15T07:08:11+00:00 RUN_END [759/820] id=GDD39_19 window=IS status=UNVERIFIED decision=UNVERIFIED_EA_INPUT elapsed=0.001s
2026-08-15T07:08:11+00:00 RUN_START [760/820] id=GDD39_20 family=equity_overlap_cap window=IS run=gdda_is_gdd39_20_20260815160811_d3c009
2026-08-15T07:08:11+00:00 RUN_END [760/820] id=GDD39_20 window=IS status=UNVERIFIED decision=UNVERIFIED_EA_INPUT elapsed=0.001s
2026-08-15T07:08:11+00:00 RUN_START [761/820] id=GDD43_01 family=range_regime window=IS run=gdda_is_gdd43_01_20260815160811_80c98f
2026-08-15T07:08:11+00:00 RUN_END [761/820] id=GDD43_01 window=IS status=UNVERIFIED decision=UNVERIFIED_EA_INPUT elapsed=0.002s
2026-08-15T07:08:11+00:00 RUN_START [762/820] id=GDD43_02 family=range_regime window=IS run=gdda_is_gdd43_02_20260815160811_797cbe
2026-08-15T07:08:11+00:00 RUN_END [762/820] id=GDD43_02 window=IS status=UNVERIFIED decision=UNVERIFIED_EA_INPUT elapsed=0.002s
2026-08-15T07:08:11+00:00 RUN_START [763/820] id=GDD43_03 family=range_regime window=IS run=gdda_is_gdd43_03_20260815160811_ee65d8
2026-08-15T07:08:11+00:00 RUN_END [763/820] id=GDD43_03 window=IS status=UNVERIFIED decision=UNVERIFIED_EA_INPUT elapsed=0.001s
2026-08-15T07:08:11+00:00 RUN_START [764/820] id=GDD43_04 family=range_regime window=IS run=gdda_is_gdd43_04_20260815160811_696ab6
2026-08-15T07:08:11+00:00 RUN_END [764/820] id=GDD43_04 window=IS status=UNVERIFIED decision=UNVERIFIED_EA_INPUT elapsed=0.001s
2026-08-15T07:08:11+00:00 RUN_START [765/820] id=GDD43_05 family=range_regime window=IS run=gdda_is_gdd43_05_20260815160811_89cd87
2026-08-15T07:08:11+00:00 RUN_END [765/820] id=GDD43_05 window=IS status=UNVERIFIED decision=UNVERIFIED_EA_INPUT elapsed=0.001s
2026-08-15T07:08:11+00:00 RUN_START [766/820] id=GDD43_06 family=range_regime window=IS run=gdda_is_gdd43_06_20260815160811_ff5ccd
2026-08-15T07:08:11+00:00 RUN_END [766/820] id=GDD43_06 window=IS status=UNVERIFIED decision=UNVERIFIED_EA_INPUT elapsed=0.001s
2026-08-15T07:08:11+00:00 RUN_START [767/820] id=GDD43_07 family=range_regime window=IS run=gdda_is_gdd43_07_20260815160811_2c2db4
2026-08-15T07:08:11+00:00 RUN_END [767/820] id=GDD43_07 window=IS status=UNVERIFIED decision=UNVERIFIED_EA_INPUT elapsed=0.001s
2026-08-15T07:08:11+00:00 RUN_START [768/820] id=GDD43_08 family=range_regime window=IS run=gdda_is_gdd43_08_20260815160811_b8f194
2026-08-15T07:08:11+00:00 RUN_END [768/820] id=GDD43_08 window=IS status=UNVERIFIED decision=UNVERIFIED_EA_INPUT elapsed=0.001s
2026-08-15T07:08:11+00:00 RUN_START [769/820] id=GDD43_09 family=range_regime window=IS run=gdda_is_gdd43_09_20260815160811_9a9459
2026-08-15T07:08:11+00:00 RUN_END [769/820] id=GDD43_09 window=IS status=UNVERIFIED decision=UNVERIFIED_EA_INPUT elapsed=0.001s
2026-08-15T07:08:11+00:00 RUN_START [770/820] id=GDD43_10 family=range_regime window=IS run=gdda_is_gdd43_10_20260815160811_85e646
2026-08-15T07:08:11+00:00 RUN_END [770/820] id=GDD43_10 window=IS status=UNVERIFIED decision=UNVERIFIED_EA_INPUT elapsed=0.001s
2026-08-15T07:08:11+00:00 RUN_START [771/820] id=GDD43_11 family=range_regime window=IS run=gdda_is_gdd43_11_20260815160811_f66a2f
2026-08-15T07:08:11+00:00 RUN_END [771/820] id=GDD43_11 window=IS status=UNVERIFIED decision=UNVERIFIED_EA_INPUT elapsed=0.001s
2026-08-15T07:08:11+00:00 RUN_START [772/820] id=GDD43_12 family=range_regime window=IS run=gdda_is_gdd43_12_20260815160811_1e297d
2026-08-15T07:08:11+00:00 RUN_END [772/820] id=GDD43_12 window=IS status=UNVERIFIED decision=UNVERIFIED_EA_INPUT elapsed=0.001s
2026-08-15T07:08:11+00:00 RUN_START [773/820] id=GDD43_13 family=range_regime window=IS run=gdda_is_gdd43_13_20260815160811_faac98
2026-08-15T07:08:11+00:00 RUN_END [773/820] id=GDD43_13 window=IS status=UNVERIFIED decision=UNVERIFIED_EA_INPUT elapsed=0.001s
2026-08-15T07:08:11+00:00 RUN_START [774/820] id=GDD43_14 family=range_regime window=IS run=gdda_is_gdd43_14_20260815160811_73c7ab
2026-08-15T07:08:11+00:00 RUN_END [774/820] id=GDD43_14 window=IS status=UNVERIFIED decision=UNVERIFIED_EA_INPUT elapsed=0.001s
2026-08-15T07:08:11+00:00 RUN_START [775/820] id=GDD43_15 family=range_regime window=IS run=gdda_is_gdd43_15_20260815160811_c335d4
2026-08-15T07:08:11+00:00 RUN_END [775/820] id=GDD43_15 window=IS status=UNVERIFIED decision=UNVERIFIED_EA_INPUT elapsed=0.001s
2026-08-15T07:08:11+00:00 RUN_START [776/820] id=GDD43_16 family=range_regime window=IS run=gdda_is_gdd43_16_20260815160811_f96210
2026-08-15T07:08:11+00:00 RUN_END [776/820] id=GDD43_16 window=IS status=UNVERIFIED decision=UNVERIFIED_EA_INPUT elapsed=0.001s
2026-08-15T07:08:11+00:00 RUN_START [777/820] id=GDD43_17 family=range_regime window=IS run=gdda_is_gdd43_17_20260815160811_b8198d
2026-08-15T07:08:11+00:00 RUN_END [777/820] id=GDD43_17 window=IS status=UNVERIFIED decision=UNVERIFIED_EA_INPUT elapsed=0.001s
2026-08-15T07:08:11+00:00 RUN_START [778/820] id=GDD43_18 family=range_regime window=IS run=gdda_is_gdd43_18_20260815160811_80471b
2026-08-15T07:08:11+00:00 RUN_END [778/820] id=GDD43_18 window=IS status=UNVERIFIED decision=UNVERIFIED_EA_INPUT elapsed=0.001s
2026-08-15T07:08:11+00:00 RUN_START [779/820] id=GDD43_19 family=range_regime window=IS run=gdda_is_gdd43_19_20260815160811_bc7997
2026-08-15T07:08:11+00:00 RUN_END [779/820] id=GDD43_19 window=IS status=UNVERIFIED decision=UNVERIFIED_EA_INPUT elapsed=0.001s
2026-08-15T07:08:11+00:00 RUN_START [780/820] id=GDD43_20 family=range_regime window=IS run=gdda_is_gdd43_20_20260815160811_41b2fc
2026-08-15T07:08:11+00:00 RUN_END [780/820] id=GDD43_20 window=IS status=UNVERIFIED decision=UNVERIFIED_EA_INPUT elapsed=0.001s
2026-08-15T07:08:11+00:00 RUN_START [781/820] id=GDD44_01 family=gap_regime window=IS run=gdda_is_gdd44_01_20260815160811_0f5b88
2026-08-15T07:08:11+00:00 RUN_END [781/820] id=GDD44_01 window=IS status=UNVERIFIED decision=UNVERIFIED_EA_INPUT elapsed=0.001s
2026-08-15T07:08:11+00:00 RUN_START [782/820] id=GDD44_02 family=gap_regime window=IS run=gdda_is_gdd44_02_20260815160811_a7c9c4
2026-08-15T07:08:11+00:00 RUN_END [782/820] id=GDD44_02 window=IS status=UNVERIFIED decision=UNVERIFIED_EA_INPUT elapsed=0.001s
2026-08-15T07:08:11+00:00 RUN_START [783/820] id=GDD44_03 family=gap_regime window=IS run=gdda_is_gdd44_03_20260815160811_576163
2026-08-15T07:08:11+00:00 RUN_END [783/820] id=GDD44_03 window=IS status=UNVERIFIED decision=UNVERIFIED_EA_INPUT elapsed=0.001s
2026-08-15T07:08:11+00:00 RUN_START [784/820] id=GDD44_04 family=gap_regime window=IS run=gdda_is_gdd44_04_20260815160811_956a85
2026-08-15T07:08:11+00:00 RUN_END [784/820] id=GDD44_04 window=IS status=UNVERIFIED decision=UNVERIFIED_EA_INPUT elapsed=0.001s
2026-08-15T07:08:11+00:00 RUN_START [785/820] id=GDD44_05 family=gap_regime window=IS run=gdda_is_gdd44_05_20260815160811_aa1977
2026-08-15T07:08:11+00:00 RUN_END [785/820] id=GDD44_05 window=IS status=UNVERIFIED decision=UNVERIFIED_EA_INPUT elapsed=0.001s
2026-08-15T07:08:11+00:00 RUN_START [786/820] id=GDD44_06 family=gap_regime window=IS run=gdda_is_gdd44_06_20260815160811_d25f6d
2026-08-15T07:08:11+00:00 RUN_END [786/820] id=GDD44_06 window=IS status=UNVERIFIED decision=UNVERIFIED_EA_INPUT elapsed=0.001s
2026-08-15T07:08:11+00:00 RUN_START [787/820] id=GDD44_07 family=gap_regime window=IS run=gdda_is_gdd44_07_20260815160811_36f4a2
2026-08-15T07:08:11+00:00 RUN_END [787/820] id=GDD44_07 window=IS status=UNVERIFIED decision=UNVERIFIED_EA_INPUT elapsed=0.001s
2026-08-15T07:08:11+00:00 RUN_START [788/820] id=GDD44_08 family=gap_regime window=IS run=gdda_is_gdd44_08_20260815160811_f34484
2026-08-15T07:08:11+00:00 RUN_END [788/820] id=GDD44_08 window=IS status=UNVERIFIED decision=UNVERIFIED_EA_INPUT elapsed=0.001s
2026-08-15T07:08:11+00:00 RUN_START [789/820] id=GDD44_09 family=gap_regime window=IS run=gdda_is_gdd44_09_20260815160811_9948b5
2026-08-15T07:08:11+00:00 RUN_END [789/820] id=GDD44_09 window=IS status=UNVERIFIED decision=UNVERIFIED_EA_INPUT elapsed=0.001s
2026-08-15T07:08:11+00:00 RUN_START [790/820] id=GDD44_10 family=gap_regime window=IS run=gdda_is_gdd44_10_20260815160811_18db52
2026-08-15T07:08:11+00:00 RUN_END [790/820] id=GDD44_10 window=IS status=UNVERIFIED decision=UNVERIFIED_EA_INPUT elapsed=0.001s
2026-08-15T07:08:11+00:00 RUN_START [791/820] id=GDD44_11 family=gap_regime window=IS run=gdda_is_gdd44_11_20260815160811_9b8007
2026-08-15T07:08:11+00:00 RUN_END [791/820] id=GDD44_11 window=IS status=UNVERIFIED decision=UNVERIFIED_EA_INPUT elapsed=0.001s
2026-08-15T07:08:11+00:00 RUN_START [792/820] id=GDD44_12 family=gap_regime window=IS run=gdda_is_gdd44_12_20260815160811_d72b34
2026-08-15T07:08:11+00:00 RUN_END [792/820] id=GDD44_12 window=IS status=UNVERIFIED decision=UNVERIFIED_EA_INPUT elapsed=0.001s
2026-08-15T07:08:11+00:00 RUN_START [793/820] id=GDD44_13 family=gap_regime window=IS run=gdda_is_gdd44_13_20260815160811_20ef3d
2026-08-15T07:08:11+00:00 RUN_END [793/820] id=GDD44_13 window=IS status=UNVERIFIED decision=UNVERIFIED_EA_INPUT elapsed=0.001s
2026-08-15T07:08:11+00:00 RUN_START [794/820] id=GDD44_14 family=gap_regime window=IS run=gdda_is_gdd44_14_20260815160811_488bac
2026-08-15T07:08:11+00:00 RUN_END [794/820] id=GDD44_14 window=IS status=UNVERIFIED decision=UNVERIFIED_EA_INPUT elapsed=0.001s
2026-08-15T07:08:11+00:00 RUN_START [795/820] id=GDD44_15 family=gap_regime window=IS run=gdda_is_gdd44_15_20260815160811_06a099
2026-08-15T07:08:11+00:00 RUN_END [795/820] id=GDD44_15 window=IS status=UNVERIFIED decision=UNVERIFIED_EA_INPUT elapsed=0.001s
2026-08-15T07:08:11+00:00 RUN_START [796/820] id=GDD44_16 family=gap_regime window=IS run=gdda_is_gdd44_16_20260815160811_5ce28e
2026-08-15T07:08:11+00:00 RUN_END [796/820] id=GDD44_16 window=IS status=UNVERIFIED decision=UNVERIFIED_EA_INPUT elapsed=0.001s
2026-08-15T07:08:11+00:00 RUN_START [797/820] id=GDD44_17 family=gap_regime window=IS run=gdda_is_gdd44_17_20260815160811_472bab
2026-08-15T07:08:11+00:00 RUN_END [797/820] id=GDD44_17 window=IS status=UNVERIFIED decision=UNVERIFIED_EA_INPUT elapsed=0.001s
2026-08-15T07:08:11+00:00 RUN_START [798/820] id=GDD44_18 family=gap_regime window=IS run=gdda_is_gdd44_18_20260815160811_4f70b6
2026-08-15T07:08:11+00:00 RUN_END [798/820] id=GDD44_18 window=IS status=UNVERIFIED decision=UNVERIFIED_EA_INPUT elapsed=0.001s
2026-08-15T07:08:11+00:00 RUN_START [799/820] id=GDD44_19 family=gap_regime window=IS run=gdda_is_gdd44_19_20260815160811_1e3ff8
2026-08-15T07:08:11+00:00 RUN_END [799/820] id=GDD44_19 window=IS status=UNVERIFIED decision=UNVERIFIED_EA_INPUT elapsed=0.001s
2026-08-15T07:08:11+00:00 RUN_START [800/820] id=GDD44_20 family=gap_regime window=IS run=gdda_is_gdd44_20_20260815160811_48b958
2026-08-15T07:08:11+00:00 RUN_END [800/820] id=GDD44_20 window=IS status=UNVERIFIED decision=UNVERIFIED_EA_INPUT elapsed=0.001s
2026-08-15T07:08:11+00:00 RUN_START [801/820] id=GDD46_01 family=spread_gate window=IS run=gdda_is_gdd46_01_20260815160811_1c3a9f
2026-08-15T07:08:11+00:00 RUN_END [801/820] id=GDD46_01 window=IS status=UNVERIFIED decision=UNVERIFIED_EA_INPUT elapsed=0.001s
2026-08-15T07:08:11+00:00 RUN_START [802/820] id=GDD46_02 family=spread_gate window=IS run=gdda_is_gdd46_02_20260815160811_00f1c0
2026-08-15T07:08:11+00:00 RUN_END [802/820] id=GDD46_02 window=IS status=UNVERIFIED decision=UNVERIFIED_EA_INPUT elapsed=0.001s
2026-08-15T07:08:11+00:00 RUN_START [803/820] id=GDD46_03 family=spread_gate window=IS run=gdda_is_gdd46_03_20260815160811_543298
2026-08-15T07:08:11+00:00 RUN_END [803/820] id=GDD46_03 window=IS status=UNVERIFIED decision=UNVERIFIED_EA_INPUT elapsed=0.001s
2026-08-15T07:08:11+00:00 RUN_START [804/820] id=GDD46_04 family=spread_gate window=IS run=gdda_is_gdd46_04_20260815160811_0641e0
2026-08-15T07:08:11+00:00 RUN_END [804/820] id=GDD46_04 window=IS status=UNVERIFIED decision=UNVERIFIED_EA_INPUT elapsed=0.001s
2026-08-15T07:08:11+00:00 RUN_START [805/820] id=GDD46_05 family=spread_gate window=IS run=gdda_is_gdd46_05_20260815160811_c32919
2026-08-15T07:08:11+00:00 RUN_END [805/820] id=GDD46_05 window=IS status=UNVERIFIED decision=UNVERIFIED_EA_INPUT elapsed=0.001s
2026-08-15T07:08:11+00:00 RUN_START [806/820] id=GDD46_06 family=spread_gate window=IS run=gdda_is_gdd46_06_20260815160811_b9ef52
2026-08-15T07:08:11+00:00 RUN_END [806/820] id=GDD46_06 window=IS status=UNVERIFIED decision=UNVERIFIED_EA_INPUT elapsed=0.001s
2026-08-15T07:08:11+00:00 RUN_START [807/820] id=GDD46_07 family=spread_gate window=IS run=gdda_is_gdd46_07_20260815160811_d2527c
2026-08-15T07:08:11+00:00 RUN_END [807/820] id=GDD46_07 window=IS status=UNVERIFIED decision=UNVERIFIED_EA_INPUT elapsed=0.001s
2026-08-15T07:08:11+00:00 RUN_START [808/820] id=GDD46_08 family=spread_gate window=IS run=gdda_is_gdd46_08_20260815160811_71da0e
2026-08-15T07:08:11+00:00 RUN_END [808/820] id=GDD46_08 window=IS status=UNVERIFIED decision=UNVERIFIED_EA_INPUT elapsed=0.001s
2026-08-15T07:08:11+00:00 RUN_START [809/820] id=GDD46_09 family=spread_gate window=IS run=gdda_is_gdd46_09_20260815160811_d54825
2026-08-15T07:08:11+00:00 RUN_END [809/820] id=GDD46_09 window=IS status=UNVERIFIED decision=UNVERIFIED_EA_INPUT elapsed=0.001s
2026-08-15T07:08:11+00:00 RUN_START [810/820] id=GDD46_10 family=spread_gate window=IS run=gdda_is_gdd46_10_20260815160811_2c9725
2026-08-15T07:08:11+00:00 RUN_END [810/820] id=GDD46_10 window=IS status=UNVERIFIED decision=UNVERIFIED_EA_INPUT elapsed=0.001s
2026-08-15T07:08:11+00:00 RUN_START [811/820] id=GDD46_11 family=spread_gate window=IS run=gdda_is_gdd46_11_20260815160811_653889
2026-08-15T07:08:11+00:00 RUN_END [811/820] id=GDD46_11 window=IS status=UNVERIFIED decision=UNVERIFIED_EA_INPUT elapsed=0.001s
2026-08-15T07:08:11+00:00 RUN_START [812/820] id=GDD46_12 family=spread_gate window=IS run=gdda_is_gdd46_12_20260815160811_386cdc
2026-08-15T07:08:11+00:00 RUN_END [812/820] id=GDD46_12 window=IS status=UNVERIFIED decision=UNVERIFIED_EA_INPUT elapsed=0.001s
2026-08-15T07:08:11+00:00 RUN_START [813/820] id=GDD46_13 family=spread_gate window=IS run=gdda_is_gdd46_13_20260815160811_f497f4
2026-08-15T07:08:11+00:00 RUN_END [813/820] id=GDD46_13 window=IS status=UNVERIFIED decision=UNVERIFIED_EA_INPUT elapsed=0.001s
2026-08-15T07:08:11+00:00 RUN_START [814/820] id=GDD46_14 family=spread_gate window=IS run=gdda_is_gdd46_14_20260815160811_3eb533
2026-08-15T07:08:12+00:00 RUN_END [814/820] id=GDD46_14 window=IS status=UNVERIFIED decision=UNVERIFIED_EA_INPUT elapsed=0.001s
2026-08-15T07:08:12+00:00 RUN_START [815/820] id=GDD46_15 family=spread_gate window=IS run=gdda_is_gdd46_15_20260815160812_50fa85
2026-08-15T07:08:12+00:00 RUN_END [815/820] id=GDD46_15 window=IS status=UNVERIFIED decision=UNVERIFIED_EA_INPUT elapsed=0.001s
2026-08-15T07:08:12+00:00 RUN_START [816/820] id=GDD46_16 family=spread_gate window=IS run=gdda_is_gdd46_16_20260815160812_2f959c
2026-08-15T07:08:12+00:00 RUN_END [816/820] id=GDD46_16 window=IS status=UNVERIFIED decision=UNVERIFIED_EA_INPUT elapsed=0.001s
2026-08-15T07:08:12+00:00 RUN_START [817/820] id=GDD46_17 family=spread_gate window=IS run=gdda_is_gdd46_17_20260815160812_4e87f1
2026-08-15T07:08:12+00:00 RUN_END [817/820] id=GDD46_17 window=IS status=UNVERIFIED decision=UNVERIFIED_EA_INPUT elapsed=0.001s
2026-08-15T07:08:12+00:00 RUN_START [818/820] id=GDD46_18 family=spread_gate window=IS run=gdda_is_gdd46_18_20260815160812_56aae6
2026-08-15T07:08:12+00:00 RUN_END [818/820] id=GDD46_18 window=IS status=UNVERIFIED decision=UNVERIFIED_EA_INPUT elapsed=0.001s
2026-08-15T07:08:12+00:00 RUN_START [819/820] id=GDD46_19 family=spread_gate window=IS run=gdda_is_gdd46_19_20260815160812_f8d792
2026-08-15T07:08:12+00:00 RUN_END [819/820] id=GDD46_19 window=IS status=UNVERIFIED decision=UNVERIFIED_EA_INPUT elapsed=0.001s
2026-08-15T07:08:12+00:00 RUN_START [820/820] id=GDD46_20 family=spread_gate window=IS run=gdda_is_gdd46_20_20260815160812_7c1ea8
2026-08-15T07:08:12+00:00 RUN_END [820/820] id=GDD46_20 window=IS status=UNVERIFIED decision=UNVERIFIED_EA_INPUT elapsed=0.001s
2026-08-15T07:08:12+00:00 QUEUE_SUMMARY selected=820 started=494 skipped=571
2026-08-15T07:08:12+00:00 DRIVER_END status=OK
