DRIVER_START pid=20856 stage=all proposals=1000 classification2=820 implemented_families=13
SKIP_EXISTING [1/820] id=GDD01_01 window=IS scope=GOLD2
GATE_SKIP [1/820] id=GDD01_01 window=OOS reason=IS_NOT_SURVIVOR
GATE_SKIP [1/820] id=GDD01_01 window=XM5 reason=OOS_NOT_PROMISING
SKIP_EXISTING [2/820] id=GDD01_02 window=IS scope=GOLD2
GATE_SKIP [2/820] id=GDD01_02 window=OOS reason=IS_NOT_SURVIVOR
GATE_SKIP [2/820] id=GDD01_02 window=XM5 reason=OOS_NOT_PROMISING
SKIP_EXISTING [3/820] id=GDD01_03 window=IS scope=GOLD2
GATE_SKIP [3/820] id=GDD01_03 window=OOS reason=IS_NOT_SURVIVOR
GATE_SKIP [3/820] id=GDD01_03 window=XM5 reason=OOS_NOT_PROMISING
SKIP_EXISTING [4/820] id=GDD01_04 window=IS scope=GOLD2
GATE_SKIP [4/820] id=GDD01_04 window=OOS reason=IS_NOT_SURVIVOR
GATE_SKIP [4/820] id=GDD01_04 window=XM5 reason=OOS_NOT_PROMISING
SKIP_EXISTING [5/820] id=GDD01_05 window=IS scope=GOLD2
GATE_SKIP [5/820] id=GDD01_05 window=OOS reason=IS_NOT_SURVIVOR
GATE_SKIP [5/820] id=GDD01_05 window=XM5 reason=OOS_NOT_PROMISING
SKIP_EXISTING [6/820] id=GDD01_06 window=IS scope=GOLD2
GATE_SKIP [6/820] id=GDD01_06 window=OOS reason=IS_NOT_SURVIVOR
GATE_SKIP [6/820] id=GDD01_06 window=XM5 reason=OOS_NOT_PROMISING
SKIP_EXISTING [7/820] id=GDD01_07 window=IS scope=GOLD2
GATE_SKIP [7/820] id=GDD01_07 window=OOS reason=IS_NOT_SURVIVOR
GATE_SKIP [7/820] id=GDD01_07 window=XM5 reason=OOS_NOT_PROMISING
SKIP_EXISTING [8/820] id=GDD01_08 window=IS scope=GOLD2
GATE_SKIP [8/820] id=GDD01_08 window=OOS reason=IS_NOT_SURVIVOR
GATE_SKIP [8/820] id=GDD01_08 window=XM5 reason=OOS_NOT_PROMISING
SKIP_EXISTING [9/820] id=GDD01_09 window=IS scope=GOLD2
GATE_SKIP [9/820] id=GDD01_09 window=OOS reason=IS_NOT_SURVIVOR
GATE_SKIP [9/820] id=GDD01_09 window=XM5 reason=OOS_NOT_PROMISING
SKIP_EXISTING [10/820] id=GDD01_10 window=IS scope=GOLD2
GATE_SKIP [10/820] id=GDD01_10 window=OOS reason=IS_NOT_SURVIVOR
GATE_SKIP [10/820] id=GDD01_10 window=XM5 reason=OOS_NOT_PROMISING
SKIP_EXISTING [11/820] id=GDD01_11 window=IS scope=GOLD2
GATE_SKIP [11/820] id=GDD01_11 window=OOS reason=IS_NOT_SURVIVOR
GATE_SKIP [11/820] id=GDD01_11 window=XM5 reason=OOS_NOT_PROMISING
SKIP_EXISTING [12/820] id=GDD01_12 window=IS scope=GOLD2
GATE_SKIP [12/820] id=GDD01_12 window=OOS reason=IS_NOT_SURVIVOR
GATE_SKIP [12/820] id=GDD01_12 window=XM5 reason=OOS_NOT_PROMISING
SKIP_EXISTING [13/820] id=GDD01_13 window=IS scope=GOLD2
GATE_SKIP [13/820] id=GDD01_13 window=OOS reason=IS_NOT_SURVIVOR
GATE_SKIP [13/820] id=GDD01_13 window=XM5 reason=OOS_NOT_PROMISING
SKIP_EXISTING [14/820] id=GDD01_14 window=IS scope=GOLD2
GATE_SKIP [14/820] id=GDD01_14 window=OOS reason=IS_NOT_SURVIVOR
GATE_SKIP [14/820] id=GDD01_14 window=XM5 reason=OOS_NOT_PROMISING
SKIP_EXISTING [15/820] id=GDD01_15 window=IS scope=GOLD2
GATE_SKIP [15/820] id=GDD01_15 window=OOS reason=IS_NOT_SURVIVOR
GATE_SKIP [15/820] id=GDD01_15 window=XM5 reason=OOS_NOT_PROMISING
SKIP_EXISTING [16/820] id=GDD01_16 window=IS scope=GOLD2
GATE_SKIP [16/820] id=GDD01_16 window=OOS reason=IS_NOT_SURVIVOR
GATE_SKIP [16/820] id=GDD01_16 window=XM5 reason=OOS_NOT_PROMISING
SKIP_EXISTING [17/820] id=GDD01_17 window=IS scope=GOLD2
GATE_SKIP [17/820] id=GDD01_17 window=OOS reason=IS_NOT_SURVIVOR
GATE_SKIP [17/820] id=GDD01_17 window=XM5 reason=OOS_NOT_PROMISING
SKIP_EXISTING [18/820] id=GDD01_18 window=IS scope=GOLD2
GATE_SKIP [18/820] id=GDD01_18 window=OOS reason=IS_NOT_SURVIVOR
GATE_SKIP [18/820] id=GDD01_18 window=XM5 reason=OOS_NOT_PROMISING
SKIP_EXISTING [19/820] id=GDD01_19 window=IS scope=GOLD2
GATE_SKIP [19/820] id=GDD01_19 window=OOS reason=IS_NOT_SURVIVOR
GATE_SKIP [19/820] id=GDD01_19 window=XM5 reason=OOS_NOT_PROMISING
SKIP_EXISTING [20/820] id=GDD01_20 window=IS scope=GOLD2
GATE_SKIP [20/820] id=GDD01_20 window=OOS reason=IS_NOT_SURVIVOR
GATE_SKIP [20/820] id=GDD01_20 window=XM5 reason=OOS_NOT_PROMISING
SKIP_EXISTING [21/820] id=GDD02_01 window=IS scope=GOLD2
GATE_SKIP [21/820] id=GDD02_01 window=OOS reason=IS_NOT_SURVIVOR
GATE_SKIP [21/820] id=GDD02_01 window=XM5 reason=OOS_NOT_PROMISING
SKIP_EXISTING [22/820] id=GDD02_02 window=IS scope=GOLD2
GATE_SKIP [22/820] id=GDD02_02 window=OOS reason=IS_NOT_SURVIVOR
GATE_SKIP [22/820] id=GDD02_02 window=XM5 reason=OOS_NOT_PROMISING
SKIP_EXISTING [23/820] id=GDD02_03 window=IS scope=GOLD2
GATE_SKIP [23/820] id=GDD02_03 window=OOS reason=IS_NOT_SURVIVOR
GATE_SKIP [23/820] id=GDD02_03 window=XM5 reason=OOS_NOT_PROMISING
SKIP_EXISTING [24/820] id=GDD02_04 window=IS scope=GOLD2
GATE_SKIP [24/820] id=GDD02_04 window=OOS reason=IS_NOT_SURVIVOR
GATE_SKIP [24/820] id=GDD02_04 window=XM5 reason=OOS_NOT_PROMISING
SKIP_EXISTING [25/820] id=GDD02_05 window=IS scope=GOLD2
GATE_SKIP [25/820] id=GDD02_05 window=OOS reason=IS_NOT_SURVIVOR
GATE_SKIP [25/820] id=GDD02_05 window=XM5 reason=OOS_NOT_PROMISING
SKIP_EXISTING [26/820] id=GDD02_06 window=IS scope=GOLD2
GATE_SKIP [26/820] id=GDD02_06 window=OOS reason=IS_NOT_SURVIVOR
GATE_SKIP [26/820] id=GDD02_06 window=XM5 reason=OOS_NOT_PROMISING
SKIP_EXISTING [27/820] id=GDD02_07 window=IS scope=GOLD2
GATE_SKIP [27/820] id=GDD02_07 window=OOS reason=IS_NOT_SURVIVOR
GATE_SKIP [27/820] id=GDD02_07 window=XM5 reason=OOS_NOT_PROMISING
SKIP_EXISTING [28/820] id=GDD02_08 window=IS scope=GOLD2
GATE_SKIP [28/820] id=GDD02_08 window=OOS reason=IS_NOT_SURVIVOR
GATE_SKIP [28/820] id=GDD02_08 window=XM5 reason=OOS_NOT_PROMISING
SKIP_EXISTING [29/820] id=GDD02_09 window=IS scope=GOLD2
GATE_SKIP [29/820] id=GDD02_09 window=OOS reason=IS_NOT_SURVIVOR
GATE_SKIP [29/820] id=GDD02_09 window=XM5 reason=OOS_NOT_PROMISING
SKIP_EXISTING [30/820] id=GDD02_10 window=IS scope=GOLD2
GATE_SKIP [30/820] id=GDD02_10 window=OOS reason=IS_NOT_SURVIVOR
GATE_SKIP [30/820] id=GDD02_10 window=XM5 reason=OOS_NOT_PROMISING
SKIP_EXISTING [31/820] id=GDD02_11 window=IS scope=GOLD2
GATE_SKIP [31/820] id=GDD02_11 window=OOS reason=IS_NOT_SURVIVOR
GATE_SKIP [31/820] id=GDD02_11 window=XM5 reason=OOS_NOT_PROMISING
SKIP_EXISTING [32/820] id=GDD02_12 window=IS scope=GOLD2
GATE_SKIP [32/820] id=GDD02_12 window=OOS reason=IS_NOT_SURVIVOR
GATE_SKIP [32/820] id=GDD02_12 window=XM5 reason=OOS_NOT_PROMISING
SKIP_EXISTING [33/820] id=GDD02_13 window=IS scope=GOLD2
GATE_SKIP [33/820] id=GDD02_13 window=OOS reason=IS_NOT_SURVIVOR
GATE_SKIP [33/820] id=GDD02_13 window=XM5 reason=OOS_NOT_PROMISING
SKIP_EXISTING [34/820] id=GDD02_14 window=IS scope=GOLD2
GATE_SKIP [34/820] id=GDD02_14 window=OOS reason=IS_NOT_SURVIVOR
GATE_SKIP [34/820] id=GDD02_14 window=XM5 reason=OOS_NOT_PROMISING
SKIP_EXISTING [35/820] id=GDD02_15 window=IS scope=GOLD2
GATE_SKIP [35/820] id=GDD02_15 window=OOS reason=IS_NOT_SURVIVOR
GATE_SKIP [35/820] id=GDD02_15 window=XM5 reason=OOS_NOT_PROMISING
SKIP_EXISTING [36/820] id=GDD02_16 window=IS scope=GOLD2
GATE_SKIP [36/820] id=GDD02_16 window=OOS reason=IS_NOT_SURVIVOR
GATE_SKIP [36/820] id=GDD02_16 window=XM5 reason=OOS_NOT_PROMISING
SKIP_EXISTING [37/820] id=GDD02_17 window=IS scope=GOLD2
GATE_SKIP [37/820] id=GDD02_17 window=OOS reason=IS_NOT_SURVIVOR
GATE_SKIP [37/820] id=GDD02_17 window=XM5 reason=OOS_NOT_PROMISING
SKIP_EXISTING [38/820] id=GDD02_18 window=IS scope=GOLD2
GATE_SKIP [38/820] id=GDD02_18 window=OOS reason=IS_NOT_SURVIVOR
GATE_SKIP [38/820] id=GDD02_18 window=XM5 reason=OOS_NOT_PROMISING
SKIP_EXISTING [39/820] id=GDD02_19 window=IS scope=GOLD2
GATE_SKIP [39/820] id=GDD02_19 window=OOS reason=IS_NOT_SURVIVOR
GATE_SKIP [39/820] id=GDD02_19 window=XM5 reason=OOS_NOT_PROMISING
SKIP_EXISTING [40/820] id=GDD02_20 window=IS scope=GOLD2
GATE_SKIP [40/820] id=GDD02_20 window=OOS reason=IS_NOT_SURVIVOR
GATE_SKIP [40/820] id=GDD02_20 window=XM5 reason=OOS_NOT_PROMISING
SKIP_EXISTING [41/820] id=GDD03_01 window=IS scope=GOLD2
GATE_SKIP [41/820] id=GDD03_01 window=OOS reason=IS_NOT_SURVIVOR
GATE_SKIP [41/820] id=GDD03_01 window=XM5 reason=OOS_NOT_PROMISING
SKIP_EXISTING [42/820] id=GDD03_02 window=IS scope=GOLD2
GATE_SKIP [42/820] id=GDD03_02 window=OOS reason=IS_NOT_SURVIVOR
GATE_SKIP [42/820] id=GDD03_02 window=XM5 reason=OOS_NOT_PROMISING
SKIP_EXISTING [43/820] id=GDD03_03 window=IS scope=GOLD2
GATE_SKIP [43/820] id=GDD03_03 window=OOS reason=IS_NOT_SURVIVOR
GATE_SKIP [43/820] id=GDD03_03 window=XM5 reason=OOS_NOT_PROMISING
SKIP_EXISTING [44/820] id=GDD03_04 window=IS scope=GOLD2
GATE_SKIP [44/820] id=GDD03_04 window=OOS reason=IS_NOT_SURVIVOR
GATE_SKIP [44/820] id=GDD03_04 window=XM5 reason=OOS_NOT_PROMISING
SKIP_EXISTING [45/820] id=GDD03_05 window=IS scope=GOLD2
GATE_SKIP [45/820] id=GDD03_05 window=OOS reason=IS_NOT_SURVIVOR
GATE_SKIP [45/820] id=GDD03_05 window=XM5 reason=OOS_NOT_PROMISING
SKIP_EXISTING [46/820] id=GDD03_06 window=IS scope=GOLD2
GATE_SKIP [46/820] id=GDD03_06 window=OOS reason=IS_NOT_SURVIVOR
GATE_SKIP [46/820] id=GDD03_06 window=XM5 reason=OOS_NOT_PROMISING
SKIP_EXISTING [47/820] id=GDD03_07 window=IS scope=GOLD2
GATE_SKIP [47/820] id=GDD03_07 window=OOS reason=IS_NOT_SURVIVOR
GATE_SKIP [47/820] id=GDD03_07 window=XM5 reason=OOS_NOT_PROMISING
SKIP_EXISTING [48/820] id=GDD03_08 window=IS scope=GOLD2
GATE_SKIP [48/820] id=GDD03_08 window=OOS reason=IS_NOT_SURVIVOR
GATE_SKIP [48/820] id=GDD03_08 window=XM5 reason=OOS_NOT_PROMISING
SKIP_EXISTING [49/820] id=GDD03_09 window=IS scope=GOLD2
GATE_SKIP [49/820] id=GDD03_09 window=OOS reason=IS_NOT_SURVIVOR
GATE_SKIP [49/820] id=GDD03_09 window=XM5 reason=OOS_NOT_PROMISING
SKIP_EXISTING [50/820] id=GDD03_10 window=IS scope=GOLD2
GATE_SKIP [50/820] id=GDD03_10 window=OOS reason=IS_NOT_SURVIVOR
GATE_SKIP [50/820] id=GDD03_10 window=XM5 reason=OOS_NOT_PROMISING
SKIP_EXISTING [51/820] id=GDD03_11 window=IS scope=GOLD2
GATE_SKIP [51/820] id=GDD03_11 window=OOS reason=IS_NOT_SURVIVOR
GATE_SKIP [51/820] id=GDD03_11 window=XM5 reason=OOS_NOT_PROMISING
SKIP_EXISTING [52/820] id=GDD03_12 window=IS scope=GOLD2
GATE_SKIP [52/820] id=GDD03_12 window=OOS reason=IS_NOT_SURVIVOR
GATE_SKIP [52/820] id=GDD03_12 window=XM5 reason=OOS_NOT_PROMISING
SKIP_EXISTING [53/820] id=GDD03_13 window=IS scope=GOLD2
GATE_SKIP [53/820] id=GDD03_13 window=OOS reason=IS_NOT_SURVIVOR
GATE_SKIP [53/820] id=GDD03_13 window=XM5 reason=OOS_NOT_PROMISING
SKIP_EXISTING [54/820] id=GDD03_14 window=IS scope=GOLD2
GATE_SKIP [54/820] id=GDD03_14 window=OOS reason=IS_NOT_SURVIVOR
GATE_SKIP [54/820] id=GDD03_14 window=XM5 reason=OOS_NOT_PROMISING
SKIP_EXISTING [55/820] id=GDD03_15 window=IS scope=GOLD2
GATE_SKIP [55/820] id=GDD03_15 window=OOS reason=IS_NOT_SURVIVOR
GATE_SKIP [55/820] id=GDD03_15 window=XM5 reason=OOS_NOT_PROMISING
SKIP_EXISTING [56/820] id=GDD03_16 window=IS scope=GOLD2
GATE_SKIP [56/820] id=GDD03_16 window=OOS reason=IS_NOT_SURVIVOR
GATE_SKIP [56/820] id=GDD03_16 window=XM5 reason=OOS_NOT_PROMISING
SKIP_EXISTING [57/820] id=GDD03_17 window=IS scope=GOLD2
GATE_SKIP [57/820] id=GDD03_17 window=OOS reason=IS_NOT_SURVIVOR
GATE_SKIP [57/820] id=GDD03_17 window=XM5 reason=OOS_NOT_PROMISING
SKIP_EXISTING [58/820] id=GDD03_18 window=IS scope=GOLD2
GATE_SKIP [58/820] id=GDD03_18 window=OOS reason=IS_NOT_SURVIVOR
GATE_SKIP [58/820] id=GDD03_18 window=XM5 reason=OOS_NOT_PROMISING
SKIP_EXISTING [59/820] id=GDD03_19 window=IS scope=GOLD2
GATE_SKIP [59/820] id=GDD03_19 window=OOS reason=IS_NOT_SURVIVOR
GATE_SKIP [59/820] id=GDD03_19 window=XM5 reason=OOS_NOT_PROMISING
SKIP_EXISTING [60/820] id=GDD03_20 window=IS scope=GOLD2
GATE_SKIP [60/820] id=GDD03_20 window=OOS reason=IS_NOT_SURVIVOR
GATE_SKIP [60/820] id=GDD03_20 window=XM5 reason=OOS_NOT_PROMISING
SKIP_EXISTING [61/820] id=GDD04_01 window=IS scope=GOLD2
GATE_SKIP [61/820] id=GDD04_01 window=OOS reason=IS_NOT_SURVIVOR
GATE_SKIP [61/820] id=GDD04_01 window=XM5 reason=OOS_NOT_PROMISING
SKIP_EXISTING [62/820] id=GDD04_02 window=IS scope=GOLD2
GATE_SKIP [62/820] id=GDD04_02 window=OOS reason=IS_NOT_SURVIVOR
GATE_SKIP [62/820] id=GDD04_02 window=XM5 reason=OOS_NOT_PROMISING
SKIP_EXISTING [63/820] id=GDD04_03 window=IS scope=GOLD2
GATE_SKIP [63/820] id=GDD04_03 window=OOS reason=IS_NOT_SURVIVOR
GATE_SKIP [63/820] id=GDD04_03 window=XM5 reason=OOS_NOT_PROMISING
SKIP_EXISTING [64/820] id=GDD04_04 window=IS scope=GOLD2
GATE_SKIP [64/820] id=GDD04_04 window=OOS reason=IS_NOT_SURVIVOR
GATE_SKIP [64/820] id=GDD04_04 window=XM5 reason=OOS_NOT_PROMISING
SKIP_EXISTING [65/820] id=GDD04_05 window=IS scope=GOLD2
GATE_SKIP [65/820] id=GDD04_05 window=OOS reason=IS_NOT_SURVIVOR
GATE_SKIP [65/820] id=GDD04_05 window=XM5 reason=OOS_NOT_PROMISING
SKIP_EXISTING [66/820] id=GDD04_06 window=IS scope=GOLD2
GATE_SKIP [66/820] id=GDD04_06 window=OOS reason=IS_NOT_SURVIVOR
GATE_SKIP [66/820] id=GDD04_06 window=XM5 reason=OOS_NOT_PROMISING
SKIP_EXISTING [67/820] id=GDD04_07 window=IS scope=GOLD2
GATE_SKIP [67/820] id=GDD04_07 window=OOS reason=IS_NOT_SURVIVOR
GATE_SKIP [67/820] id=GDD04_07 window=XM5 reason=OOS_NOT_PROMISING
SKIP_EXISTING [68/820] id=GDD04_08 window=IS scope=GOLD2
GATE_SKIP [68/820] id=GDD04_08 window=OOS reason=IS_NOT_SURVIVOR
GATE_SKIP [68/820] id=GDD04_08 window=XM5 reason=OOS_NOT_PROMISING
SKIP_EXISTING [69/820] id=GDD04_09 window=IS scope=GOLD2
GATE_SKIP [69/820] id=GDD04_09 window=OOS reason=IS_NOT_SURVIVOR
GATE_SKIP [69/820] id=GDD04_09 window=XM5 reason=OOS_NOT_PROMISING
SKIP_EXISTING [70/820] id=GDD04_10 window=IS scope=GOLD2
GATE_SKIP [70/820] id=GDD04_10 window=OOS reason=IS_NOT_SURVIVOR
GATE_SKIP [70/820] id=GDD04_10 window=XM5 reason=OOS_NOT_PROMISING
SKIP_EXISTING [71/820] id=GDD04_11 window=IS scope=GOLD2
GATE_SKIP [71/820] id=GDD04_11 window=OOS reason=IS_NOT_SURVIVOR
GATE_SKIP [71/820] id=GDD04_11 window=XM5 reason=OOS_NOT_PROMISING
SKIP_EXISTING [72/820] id=GDD04_12 window=IS scope=GOLD2
GATE_SKIP [72/820] id=GDD04_12 window=OOS reason=IS_NOT_SURVIVOR
GATE_SKIP [72/820] id=GDD04_12 window=XM5 reason=OOS_NOT_PROMISING
SKIP_EXISTING [73/820] id=GDD04_13 window=IS scope=GOLD2
GATE_SKIP [73/820] id=GDD04_13 window=OOS reason=IS_NOT_SURVIVOR
GATE_SKIP [73/820] id=GDD04_13 window=XM5 reason=OOS_NOT_PROMISING
SKIP_EXISTING [74/820] id=GDD04_14 window=IS scope=GOLD2
GATE_SKIP [74/820] id=GDD04_14 window=OOS reason=IS_NOT_SURVIVOR
GATE_SKIP [74/820] id=GDD04_14 window=XM5 reason=OOS_NOT_PROMISING
SKIP_EXISTING [75/820] id=GDD04_15 window=IS scope=GOLD2
GATE_SKIP [75/820] id=GDD04_15 window=OOS reason=IS_NOT_SURVIVOR
GATE_SKIP [75/820] id=GDD04_15 window=XM5 reason=OOS_NOT_PROMISING
SKIP_EXISTING [76/820] id=GDD04_16 window=IS scope=GOLD2
GATE_SKIP [76/820] id=GDD04_16 window=OOS reason=IS_NOT_SURVIVOR
GATE_SKIP [76/820] id=GDD04_16 window=XM5 reason=OOS_NOT_PROMISING
SKIP_EXISTING [77/820] id=GDD04_17 window=IS scope=GOLD2
GATE_SKIP [77/820] id=GDD04_17 window=OOS reason=IS_NOT_SURVIVOR
GATE_SKIP [77/820] id=GDD04_17 window=XM5 reason=OOS_NOT_PROMISING
SKIP_EXISTING [78/820] id=GDD04_18 window=IS scope=GOLD2
GATE_SKIP [78/820] id=GDD04_18 window=OOS reason=IS_NOT_SURVIVOR
GATE_SKIP [78/820] id=GDD04_18 window=XM5 reason=OOS_NOT_PROMISING
SKIP_EXISTING [79/820] id=GDD04_19 window=IS scope=GOLD2
GATE_SKIP [79/820] id=GDD04_19 window=OOS reason=IS_NOT_SURVIVOR
GATE_SKIP [79/820] id=GDD04_19 window=XM5 reason=OOS_NOT_PROMISING
SKIP_EXISTING [80/820] id=GDD04_20 window=IS scope=GOLD2
GATE_SKIP [80/820] id=GDD04_20 window=OOS reason=IS_NOT_SURVIVOR
GATE_SKIP [80/820] id=GDD04_20 window=XM5 reason=OOS_NOT_PROMISING
SKIP_EXISTING [81/820] id=GDD05_01 window=IS scope=GOLD2
GATE_SKIP [81/820] id=GDD05_01 window=OOS reason=IS_NOT_SURVIVOR
GATE_SKIP [81/820] id=GDD05_01 window=XM5 reason=OOS_NOT_PROMISING
SKIP_EXISTING [82/820] id=GDD05_02 window=IS scope=GOLD2
GATE_SKIP [82/820] id=GDD05_02 window=OOS reason=IS_NOT_SURVIVOR
GATE_SKIP [82/820] id=GDD05_02 window=XM5 reason=OOS_NOT_PROMISING
SKIP_EXISTING [83/820] id=GDD05_03 window=IS scope=GOLD2
GATE_SKIP [83/820] id=GDD05_03 window=OOS reason=IS_NOT_SURVIVOR
GATE_SKIP [83/820] id=GDD05_03 window=XM5 reason=OOS_NOT_PROMISING
SKIP_EXISTING [84/820] id=GDD05_04 window=IS scope=GOLD2
GATE_SKIP [84/820] id=GDD05_04 window=OOS reason=IS_NOT_SURVIVOR
GATE_SKIP [84/820] id=GDD05_04 window=XM5 reason=OOS_NOT_PROMISING
SKIP_EXISTING [85/820] id=GDD05_05 window=IS scope=GOLD2
GATE_SKIP [85/820] id=GDD05_05 window=OOS reason=IS_NOT_SURVIVOR
GATE_SKIP [85/820] id=GDD05_05 window=XM5 reason=OOS_NOT_PROMISING
SKIP_EXISTING [86/820] id=GDD05_06 window=IS scope=GOLD2
GATE_SKIP [86/820] id=GDD05_06 window=OOS reason=IS_NOT_SURVIVOR
GATE_SKIP [86/820] id=GDD05_06 window=XM5 reason=OOS_NOT_PROMISING
SKIP_EXISTING [87/820] id=GDD05_07 window=IS scope=GOLD2
GATE_SKIP [87/820] id=GDD05_07 window=OOS reason=IS_NOT_SURVIVOR
GATE_SKIP [87/820] id=GDD05_07 window=XM5 reason=OOS_NOT_PROMISING
SKIP_EXISTING [88/820] id=GDD05_08 window=IS scope=GOLD2
GATE_SKIP [88/820] id=GDD05_08 window=OOS reason=IS_NOT_SURVIVOR
GATE_SKIP [88/820] id=GDD05_08 window=XM5 reason=OOS_NOT_PROMISING
SKIP_EXISTING [89/820] id=GDD05_09 window=IS scope=GOLD2
GATE_SKIP [89/820] id=GDD05_09 window=OOS reason=IS_NOT_SURVIVOR
GATE_SKIP [89/820] id=GDD05_09 window=XM5 reason=OOS_NOT_PROMISING
SKIP_EXISTING [90/820] id=GDD05_10 window=IS scope=GOLD2
GATE_SKIP [90/820] id=GDD05_10 window=OOS reason=IS_NOT_SURVIVOR
GATE_SKIP [90/820] id=GDD05_10 window=XM5 reason=OOS_NOT_PROMISING
SKIP_EXISTING [91/820] id=GDD05_11 window=IS scope=GOLD2
GATE_SKIP [91/820] id=GDD05_11 window=OOS reason=IS_NOT_SURVIVOR
GATE_SKIP [91/820] id=GDD05_11 window=XM5 reason=OOS_NOT_PROMISING
SKIP_EXISTING [92/820] id=GDD05_12 window=IS scope=GOLD2
GATE_SKIP [92/820] id=GDD05_12 window=OOS reason=IS_NOT_SURVIVOR
GATE_SKIP [92/820] id=GDD05_12 window=XM5 reason=OOS_NOT_PROMISING
SKIP_EXISTING [93/820] id=GDD05_13 window=IS scope=GOLD2
GATE_SKIP [93/820] id=GDD05_13 window=OOS reason=IS_NOT_SURVIVOR
GATE_SKIP [93/820] id=GDD05_13 window=XM5 reason=OOS_NOT_PROMISING
SKIP_EXISTING [94/820] id=GDD05_14 window=IS scope=GOLD2
GATE_SKIP [94/820] id=GDD05_14 window=OOS reason=IS_NOT_SURVIVOR
GATE_SKIP [94/820] id=GDD05_14 window=XM5 reason=OOS_NOT_PROMISING
SKIP_EXISTING [95/820] id=GDD05_15 window=IS scope=GOLD2
GATE_SKIP [95/820] id=GDD05_15 window=OOS reason=IS_NOT_SURVIVOR
GATE_SKIP [95/820] id=GDD05_15 window=XM5 reason=OOS_NOT_PROMISING
SKIP_EXISTING [96/820] id=GDD05_16 window=IS scope=GOLD2
GATE_SKIP [96/820] id=GDD05_16 window=OOS reason=IS_NOT_SURVIVOR
GATE_SKIP [96/820] id=GDD05_16 window=XM5 reason=OOS_NOT_PROMISING
SKIP_EXISTING [97/820] id=GDD05_17 window=IS scope=GOLD2
GATE_SKIP [97/820] id=GDD05_17 window=OOS reason=IS_NOT_SURVIVOR
GATE_SKIP [97/820] id=GDD05_17 window=XM5 reason=OOS_NOT_PROMISING
SKIP_EXISTING [98/820] id=GDD05_18 window=IS scope=GOLD2
GATE_SKIP [98/820] id=GDD05_18 window=OOS reason=IS_NOT_SURVIVOR
GATE_SKIP [98/820] id=GDD05_18 window=XM5 reason=OOS_NOT_PROMISING
SKIP_EXISTING [99/820] id=GDD05_19 window=IS scope=GOLD2
GATE_SKIP [99/820] id=GDD05_19 window=OOS reason=IS_NOT_SURVIVOR
GATE_SKIP [99/820] id=GDD05_19 window=XM5 reason=OOS_NOT_PROMISING
SKIP_EXISTING [100/820] id=GDD05_20 window=IS scope=GOLD2
GATE_SKIP [100/820] id=GDD05_20 window=OOS reason=IS_NOT_SURVIVOR
GATE_SKIP [100/820] id=GDD05_20 window=XM5 reason=OOS_NOT_PROMISING
SKIP_EXISTING [101/820] id=GDD06_01 window=IS scope=GOLD2
SKIP_EXISTING [101/820] id=GDD06_01 window=OOS scope=GOLD2
SKIP_EXISTING [101/820] id=GDD06_01 window=XM5 scope=XM5
SKIP_EXISTING [102/820] id=GDD06_02 window=IS scope=GOLD2
SKIP_EXISTING [102/820] id=GDD06_02 window=OOS scope=GOLD2
SKIP_EXISTING [102/820] id=GDD06_02 window=XM5 scope=XM5
SKIP_EXISTING [103/820] id=GDD06_03 window=IS scope=GOLD2
GATE_SKIP [103/820] id=GDD06_03 window=OOS reason=IS_NOT_SURVIVOR
GATE_SKIP [103/820] id=GDD06_03 window=XM5 reason=OOS_NOT_PROMISING
SKIP_EXISTING [104/820] id=GDD06_04 window=IS scope=GOLD2
GATE_SKIP [104/820] id=GDD06_04 window=OOS reason=IS_NOT_SURVIVOR
GATE_SKIP [104/820] id=GDD06_04 window=XM5 reason=OOS_NOT_PROMISING
SKIP_EXISTING [105/820] id=GDD06_05 window=IS scope=GOLD2
GATE_SKIP [105/820] id=GDD06_05 window=OOS reason=IS_NOT_SURVIVOR
GATE_SKIP [105/820] id=GDD06_05 window=XM5 reason=OOS_NOT_PROMISING
SKIP_EXISTING [106/820] id=GDD06_06 window=IS scope=GOLD2
SKIP_EXISTING [106/820] id=GDD06_06 window=OOS scope=GOLD2
GATE_SKIP [106/820] id=GDD06_06 window=XM5 reason=OOS_NOT_PROMISING
SKIP_EXISTING [107/820] id=GDD06_07 window=IS scope=GOLD2
SKIP_EXISTING [107/820] id=GDD06_07 window=OOS scope=GOLD2
GATE_SKIP [107/820] id=GDD06_07 window=XM5 reason=OOS_NOT_PROMISING
SKIP_EXISTING [108/820] id=GDD06_08 window=IS scope=GOLD2
SKIP_EXISTING [108/820] id=GDD06_08 window=OOS scope=GOLD2
GATE_SKIP [108/820] id=GDD06_08 window=XM5 reason=OOS_NOT_PROMISING
SKIP_EXISTING [109/820] id=GDD06_09 window=IS scope=GOLD2
SKIP_EXISTING [109/820] id=GDD06_09 window=OOS scope=GOLD2
GATE_SKIP [109/820] id=GDD06_09 window=XM5 reason=OOS_NOT_PROMISING
SKIP_EXISTING [110/820] id=GDD06_10 window=IS scope=GOLD2
SKIP_EXISTING [110/820] id=GDD06_10 window=OOS scope=GOLD2
SKIP_EXISTING [110/820] id=GDD06_10 window=XM5 scope=XM5
SKIP_EXISTING [111/820] id=GDD06_11 window=IS scope=GOLD2
SKIP_EXISTING [111/820] id=GDD06_11 window=OOS scope=GOLD2
GATE_SKIP [111/820] id=GDD06_11 window=XM5 reason=OOS_NOT_PROMISING
SKIP_EXISTING [112/820] id=GDD06_12 window=IS scope=GOLD2
SKIP_EXISTING [112/820] id=GDD06_12 window=OOS scope=GOLD2
GATE_SKIP [112/820] id=GDD06_12 window=XM5 reason=OOS_NOT_PROMISING
SKIP_EXISTING [113/820] id=GDD06_13 window=IS scope=GOLD2
SKIP_EXISTING [113/820] id=GDD06_13 window=OOS scope=GOLD2
GATE_SKIP [113/820] id=GDD06_13 window=XM5 reason=OOS_NOT_PROMISING
SKIP_EXISTING [114/820] id=GDD06_14 window=IS scope=GOLD2
SKIP_EXISTING [114/820] id=GDD06_14 window=OOS scope=GOLD2
GATE_SKIP [114/820] id=GDD06_14 window=XM5 reason=OOS_NOT_PROMISING
SKIP_EXISTING [115/820] id=GDD06_15 window=IS scope=GOLD2
SKIP_EXISTING [115/820] id=GDD06_15 window=OOS scope=GOLD2
GATE_SKIP [115/820] id=GDD06_15 window=XM5 reason=OOS_NOT_PROMISING
SKIP_EXISTING [116/820] id=GDD06_16 window=IS scope=GOLD2
SKIP_EXISTING [116/820] id=GDD06_16 window=OOS scope=GOLD2
GATE_SKIP [116/820] id=GDD06_16 window=XM5 reason=OOS_NOT_PROMISING
SKIP_EXISTING [117/820] id=GDD06_17 window=IS scope=GOLD2
SKIP_EXISTING [117/820] id=GDD06_17 window=OOS scope=GOLD2
GATE_SKIP [117/820] id=GDD06_17 window=XM5 reason=OOS_NOT_PROMISING
SKIP_EXISTING [118/820] id=GDD06_18 window=IS scope=GOLD2
GATE_SKIP [118/820] id=GDD06_18 window=OOS reason=IS_NOT_SURVIVOR
GATE_SKIP [118/820] id=GDD06_18 window=XM5 reason=OOS_NOT_PROMISING
SKIP_EXISTING [119/820] id=GDD06_19 window=IS scope=GOLD2
SKIP_EXISTING [119/820] id=GDD06_19 window=OOS scope=GOLD2
GATE_SKIP [119/820] id=GDD06_19 window=XM5 reason=OOS_NOT_PROMISING
SKIP_EXISTING [120/820] id=GDD06_20 window=IS scope=GOLD2
SKIP_EXISTING [120/820] id=GDD06_20 window=OOS scope=GOLD2
SKIP_EXISTING [120/820] id=GDD06_20 window=XM5 scope=XM5
SKIP_EXISTING [121/820] id=GDD07_01 window=IS scope=GOLD2
SKIP_EXISTING [121/820] id=GDD07_01 window=OOS scope=GOLD2
SKIP_EXISTING [121/820] id=GDD07_01 window=XM5 scope=XM5
SKIP_EXISTING [122/820] id=GDD07_02 window=IS scope=GOLD2
SKIP_EXISTING [122/820] id=GDD07_02 window=OOS scope=GOLD2
SKIP_EXISTING [122/820] id=GDD07_02 window=XM5 scope=XM5
SKIP_EXISTING [123/820] id=GDD07_03 window=IS scope=GOLD2
SKIP_EXISTING [123/820] id=GDD07_03 window=OOS scope=GOLD2
SKIP_EXISTING [123/820] id=GDD07_03 window=XM5 scope=XM5
SKIP_EXISTING [124/820] id=GDD07_04 window=IS scope=GOLD2
SKIP_EXISTING [124/820] id=GDD07_04 window=OOS scope=GOLD2
SKIP_EXISTING [124/820] id=GDD07_04 window=XM5 scope=XM5
SKIP_EXISTING [125/820] id=GDD07_05 window=IS scope=GOLD2
SKIP_EXISTING [125/820] id=GDD07_05 window=OOS scope=GOLD2
SKIP_EXISTING [125/820] id=GDD07_05 window=XM5 scope=XM5
SKIP_EXISTING [126/820] id=GDD07_06 window=IS scope=GOLD2
SKIP_EXISTING [126/820] id=GDD07_06 window=OOS scope=GOLD2
GATE_SKIP [126/820] id=GDD07_06 window=XM5 reason=OOS_NOT_PROMISING
SKIP_EXISTING [127/820] id=GDD07_07 window=IS scope=GOLD2
SKIP_EXISTING [127/820] id=GDD07_07 window=OOS scope=GOLD2
GATE_SKIP [127/820] id=GDD07_07 window=XM5 reason=OOS_NOT_PROMISING
SKIP_EXISTING [128/820] id=GDD07_08 window=IS scope=GOLD2
SKIP_EXISTING [128/820] id=GDD07_08 window=OOS scope=GOLD2
GATE_SKIP [128/820] id=GDD07_08 window=XM5 reason=OOS_NOT_PROMISING
SKIP_EXISTING [129/820] id=GDD07_09 window=IS scope=GOLD2
SKIP_EXISTING [129/820] id=GDD07_09 window=OOS scope=GOLD2
GATE_SKIP [129/820] id=GDD07_09 window=XM5 reason=OOS_NOT_PROMISING
SKIP_EXISTING [130/820] id=GDD07_10 window=IS scope=GOLD2
SKIP_EXISTING [130/820] id=GDD07_10 window=OOS scope=GOLD2
GATE_SKIP [130/820] id=GDD07_10 window=XM5 reason=OOS_NOT_PROMISING
SKIP_EXISTING [131/820] id=GDD07_11 window=IS scope=GOLD2
SKIP_EXISTING [131/820] id=GDD07_11 window=OOS scope=GOLD2
SKIP_EXISTING [131/820] id=GDD07_11 window=XM5 scope=XM5
SKIP_EXISTING [132/820] id=GDD07_12 window=IS scope=GOLD2
SKIP_EXISTING [132/820] id=GDD07_12 window=OOS scope=GOLD2
SKIP_EXISTING [132/820] id=GDD07_12 window=XM5 scope=XM5
SKIP_EXISTING [133/820] id=GDD07_13 window=IS scope=GOLD2
SKIP_EXISTING [133/820] id=GDD07_13 window=OOS scope=GOLD2
SKIP_EXISTING [133/820] id=GDD07_13 window=XM5 scope=XM5
SKIP_EXISTING [134/820] id=GDD07_14 window=IS scope=GOLD2
SKIP_EXISTING [134/820] id=GDD07_14 window=OOS scope=GOLD2
SKIP_EXISTING [134/820] id=GDD07_14 window=XM5 scope=XM5
SKIP_EXISTING [135/820] id=GDD07_15 window=IS scope=GOLD2
SKIP_EXISTING [135/820] id=GDD07_15 window=OOS scope=GOLD2
GATE_SKIP [135/820] id=GDD07_15 window=XM5 reason=OOS_NOT_PROMISING
SKIP_EXISTING [136/820] id=GDD07_16 window=IS scope=GOLD2
GATE_SKIP [136/820] id=GDD07_16 window=OOS reason=IS_NOT_SURVIVOR
GATE_SKIP [136/820] id=GDD07_16 window=XM5 reason=OOS_NOT_PROMISING
SKIP_EXISTING [137/820] id=GDD07_17 window=IS scope=GOLD2
SKIP_EXISTING [137/820] id=GDD07_17 window=OOS scope=GOLD2
GATE_SKIP [137/820] id=GDD07_17 window=XM5 reason=OOS_NOT_PROMISING
SKIP_EXISTING [138/820] id=GDD07_18 window=IS scope=GOLD2
SKIP_EXISTING [138/820] id=GDD07_18 window=OOS scope=GOLD2
GATE_SKIP [138/820] id=GDD07_18 window=XM5 reason=OOS_NOT_PROMISING
SKIP_EXISTING [139/820] id=GDD07_19 window=IS scope=GOLD2
SKIP_EXISTING [139/820] id=GDD07_19 window=OOS scope=GOLD2
GATE_SKIP [139/820] id=GDD07_19 window=XM5 reason=OOS_NOT_PROMISING
SKIP_EXISTING [140/820] id=GDD07_20 window=IS scope=GOLD2
SKIP_EXISTING [140/820] id=GDD07_20 window=OOS scope=GOLD2
GATE_SKIP [140/820] id=GDD07_20 window=XM5 reason=OOS_NOT_PROMISING
SKIP_EXISTING [141/820] id=GDD08_01 window=IS scope=GOLD2
SKIP_EXISTING [141/820] id=GDD08_01 window=OOS scope=GOLD2
GATE_SKIP [141/820] id=GDD08_01 window=XM5 reason=OOS_NOT_PROMISING
SKIP_EXISTING [142/820] id=GDD08_02 window=IS scope=GOLD2
SKIP_EXISTING [142/820] id=GDD08_02 window=OOS scope=GOLD2
GATE_SKIP [142/820] id=GDD08_02 window=XM5 reason=OOS_NOT_PROMISING
SKIP_EXISTING [143/820] id=GDD08_03 window=IS scope=GOLD2
SKIP_EXISTING [143/820] id=GDD08_03 window=OOS scope=GOLD2
GATE_SKIP [143/820] id=GDD08_03 window=XM5 reason=OOS_NOT_PROMISING
SKIP_EXISTING [144/820] id=GDD08_04 window=IS scope=GOLD2
SKIP_EXISTING [144/820] id=GDD08_04 window=OOS scope=GOLD2
GATE_SKIP [144/820] id=GDD08_04 window=XM5 reason=OOS_NOT_PROMISING
SKIP_EXISTING [145/820] id=GDD08_05 window=IS scope=GOLD2
SKIP_EXISTING [145/820] id=GDD08_05 window=OOS scope=GOLD2
SKIP_EXISTING [145/820] id=GDD08_05 window=XM5 scope=XM5
SKIP_EXISTING [146/820] id=GDD08_06 window=IS scope=GOLD2
GATE_SKIP [146/820] id=GDD08_06 window=OOS reason=IS_NOT_SURVIVOR
GATE_SKIP [146/820] id=GDD08_06 window=XM5 reason=OOS_NOT_PROMISING
SKIP_EXISTING [147/820] id=GDD08_07 window=IS scope=GOLD2
SKIP_EXISTING [147/820] id=GDD08_07 window=OOS scope=GOLD2
GATE_SKIP [147/820] id=GDD08_07 window=XM5 reason=OOS_NOT_PROMISING
SKIP_EXISTING [148/820] id=GDD08_08 window=IS scope=GOLD2
SKIP_EXISTING [148/820] id=GDD08_08 window=OOS scope=GOLD2
GATE_SKIP [148/820] id=GDD08_08 window=XM5 reason=OOS_NOT_PROMISING
SKIP_EXISTING [149/820] id=GDD08_09 window=IS scope=GOLD2
SKIP_EXISTING [149/820] id=GDD08_09 window=OOS scope=GOLD2
GATE_SKIP [149/820] id=GDD08_09 window=XM5 reason=OOS_NOT_PROMISING
SKIP_EXISTING [150/820] id=GDD08_10 window=IS scope=GOLD2
SKIP_EXISTING [150/820] id=GDD08_10 window=OOS scope=GOLD2
SKIP_EXISTING [150/820] id=GDD08_10 window=XM5 scope=XM5
SKIP_EXISTING [151/820] id=GDD08_11 window=IS scope=GOLD2
SKIP_EXISTING [151/820] id=GDD08_11 window=OOS scope=GOLD2
GATE_SKIP [151/820] id=GDD08_11 window=XM5 reason=OOS_NOT_PROMISING
SKIP_EXISTING [152/820] id=GDD08_12 window=IS scope=GOLD2
SKIP_EXISTING [152/820] id=GDD08_12 window=OOS scope=GOLD2
GATE_SKIP [152/820] id=GDD08_12 window=XM5 reason=OOS_NOT_PROMISING
SKIP_EXISTING [153/820] id=GDD08_13 window=IS scope=GOLD2
SKIP_EXISTING [153/820] id=GDD08_13 window=OOS scope=GOLD2
GATE_SKIP [153/820] id=GDD08_13 window=XM5 reason=OOS_NOT_PROMISING
SKIP_EXISTING [154/820] id=GDD08_14 window=IS scope=GOLD2
GATE_SKIP [154/820] id=GDD08_14 window=OOS reason=IS_NOT_SURVIVOR
GATE_SKIP [154/820] id=GDD08_14 window=XM5 reason=OOS_NOT_PROMISING
SKIP_EXISTING [155/820] id=GDD08_15 window=IS scope=GOLD2
GATE_SKIP [155/820] id=GDD08_15 window=OOS reason=IS_NOT_SURVIVOR
GATE_SKIP [155/820] id=GDD08_15 window=XM5 reason=OOS_NOT_PROMISING
SKIP_EXISTING [156/820] id=GDD08_16 window=IS scope=GOLD2
GATE_SKIP [156/820] id=GDD08_16 window=OOS reason=IS_NOT_SURVIVOR
GATE_SKIP [156/820] id=GDD08_16 window=XM5 reason=OOS_NOT_PROMISING
SKIP_EXISTING [157/820] id=GDD08_17 window=IS scope=GOLD2
GATE_SKIP [157/820] id=GDD08_17 window=OOS reason=IS_NOT_SURVIVOR
GATE_SKIP [157/820] id=GDD08_17 window=XM5 reason=OOS_NOT_PROMISING
SKIP_EXISTING [158/820] id=GDD08_18 window=IS scope=GOLD2
GATE_SKIP [158/820] id=GDD08_18 window=OOS reason=IS_NOT_SURVIVOR
GATE_SKIP [158/820] id=GDD08_18 window=XM5 reason=OOS_NOT_PROMISING
SKIP_EXISTING [159/820] id=GDD08_19 window=IS scope=GOLD2
GATE_SKIP [159/820] id=GDD08_19 window=OOS reason=IS_NOT_SURVIVOR
GATE_SKIP [159/820] id=GDD08_19 window=XM5 reason=OOS_NOT_PROMISING
SKIP_EXISTING [160/820] id=GDD08_20 window=IS scope=GOLD2
GATE_SKIP [160/820] id=GDD08_20 window=OOS reason=IS_NOT_SURVIVOR
GATE_SKIP [160/820] id=GDD08_20 window=XM5 reason=OOS_NOT_PROMISING
SKIP_EXISTING [161/820] id=GDD09_01 window=IS scope=GOLD2
SKIP_EXISTING [161/820] id=GDD09_01 window=OOS scope=GOLD2
GATE_SKIP [161/820] id=GDD09_01 window=XM5 reason=OOS_NOT_PROMISING
SKIP_EXISTING [162/820] id=GDD09_02 window=IS scope=GOLD2
RUN_START [162/820] id=GDD09_02 family=pb_slope window=OOS run=gdda_oos_gdd09_02_20260815080639_b68f64
RUN_END [162/820] id=GDD09_02 window=OOS status=OK decision=OOS_REJECT elapsed=55.521s
GATE_SKIP [162/820] id=GDD09_02 window=XM5 reason=OOS_NOT_PROMISING
SKIP_EXISTING [163/820] id=GDD09_03 window=IS scope=GOLD2
SKIP_EXISTING [163/820] id=GDD09_03 window=OOS scope=GOLD2
GATE_SKIP [163/820] id=GDD09_03 window=XM5 reason=OOS_NOT_PROMISING
SKIP_EXISTING [164/820] id=GDD09_04 window=IS scope=GOLD2
SKIP_EXISTING [164/820] id=GDD09_04 window=OOS scope=GOLD2
GATE_SKIP [164/820] id=GDD09_04 window=XM5 reason=OOS_NOT_PROMISING
SKIP_EXISTING [165/820] id=GDD09_05 window=IS scope=GOLD2
SKIP_EXISTING [165/820] id=GDD09_05 window=OOS scope=GOLD2
GATE_SKIP [165/820] id=GDD09_05 window=XM5 reason=OOS_NOT_PROMISING
SKIP_EXISTING [166/820] id=GDD09_06 window=IS scope=GOLD2
SKIP_EXISTING [166/820] id=GDD09_06 window=OOS scope=GOLD2
GATE_SKIP [166/820] id=GDD09_06 window=XM5 reason=OOS_NOT_PROMISING
SKIP_EXISTING [167/820] id=GDD09_07 window=IS scope=GOLD2
GATE_SKIP [167/820] id=GDD09_07 window=OOS reason=IS_NOT_SURVIVOR
GATE_SKIP [167/820] id=GDD09_07 window=XM5 reason=OOS_NOT_PROMISING
SKIP_EXISTING [168/820] id=GDD09_08 window=IS scope=GOLD2
SKIP_EXISTING [168/820] id=GDD09_08 window=OOS scope=GOLD2
GATE_SKIP [168/820] id=GDD09_08 window=XM5 reason=OOS_NOT_PROMISING
SKIP_EXISTING [169/820] id=GDD09_09 window=IS scope=GOLD2
SKIP_EXISTING [169/820] id=GDD09_09 window=OOS scope=GOLD2
GATE_SKIP [169/820] id=GDD09_09 window=XM5 reason=OOS_NOT_PROMISING
SKIP_EXISTING [170/820] id=GDD09_10 window=IS scope=GOLD2
GATE_SKIP [170/820] id=GDD09_10 window=OOS reason=IS_NOT_SURVIVOR
GATE_SKIP [170/820] id=GDD09_10 window=XM5 reason=OOS_NOT_PROMISING
SKIP_EXISTING [171/820] id=GDD09_11 window=IS scope=GOLD2
GATE_SKIP [171/820] id=GDD09_11 window=OOS reason=IS_NOT_SURVIVOR
GATE_SKIP [171/820] id=GDD09_11 window=XM5 reason=OOS_NOT_PROMISING
SKIP_EXISTING [172/820] id=GDD09_12 window=IS scope=GOLD2
SKIP_EXISTING [172/820] id=GDD09_12 window=OOS scope=GOLD2
SKIP_EXISTING [172/820] id=GDD09_12 window=XM5 scope=XM5
SKIP_EXISTING [173/820] id=GDD09_13 window=IS scope=GOLD2
GATE_SKIP [173/820] id=GDD09_13 window=OOS reason=IS_NOT_SURVIVOR
GATE_SKIP [173/820] id=GDD09_13 window=XM5 reason=OOS_NOT_PROMISING
SKIP_EXISTING [174/820] id=GDD09_14 window=IS scope=GOLD2
SKIP_EXISTING [174/820] id=GDD09_14 window=OOS scope=GOLD2
SKIP_EXISTING [174/820] id=GDD09_14 window=XM5 scope=XM5
SKIP_EXISTING [175/820] id=GDD09_15 window=IS scope=GOLD2
SKIP_EXISTING [175/820] id=GDD09_15 window=OOS scope=GOLD2
SKIP_EXISTING [175/820] id=GDD09_15 window=XM5 scope=XM5
SKIP_EXISTING [176/820] id=GDD09_16 window=IS scope=GOLD2
SKIP_EXISTING [176/820] id=GDD09_16 window=OOS scope=GOLD2
SKIP_EXISTING [176/820] id=GDD09_16 window=XM5 scope=XM5
SKIP_EXISTING [177/820] id=GDD09_17 window=IS scope=GOLD2
SKIP_EXISTING [177/820] id=GDD09_17 window=OOS scope=GOLD2
SKIP_EXISTING [177/820] id=GDD09_17 window=XM5 scope=XM5
SKIP_EXISTING [178/820] id=GDD09_18 window=IS scope=GOLD2
SKIP_EXISTING [178/820] id=GDD09_18 window=OOS scope=GOLD2
SKIP_EXISTING [178/820] id=GDD09_18 window=XM5 scope=XM5
SKIP_EXISTING [179/820] id=GDD09_19 window=IS scope=GOLD2
SKIP_EXISTING [179/820] id=GDD09_19 window=OOS scope=GOLD2
SKIP_EXISTING [179/820] id=GDD09_19 window=XM5 scope=XM5
SKIP_EXISTING [180/820] id=GDD09_20 window=IS scope=GOLD2
SKIP_EXISTING [180/820] id=GDD09_20 window=OOS scope=GOLD2
SKIP_EXISTING [180/820] id=GDD09_20 window=XM5 scope=XM5
SKIP_EXISTING [181/820] id=GDD10_01 window=IS scope=GOLD2
GATE_SKIP [181/820] id=GDD10_01 window=OOS reason=IS_NOT_SURVIVOR
GATE_SKIP [181/820] id=GDD10_01 window=XM5 reason=OOS_NOT_PROMISING
SKIP_EXISTING [182/820] id=GDD10_02 window=IS scope=GOLD2
GATE_SKIP [182/820] id=GDD10_02 window=OOS reason=IS_NOT_SURVIVOR
GATE_SKIP [182/820] id=GDD10_02 window=XM5 reason=OOS_NOT_PROMISING
SKIP_EXISTING [183/820] id=GDD10_03 window=IS scope=GOLD2
GATE_SKIP [183/820] id=GDD10_03 window=OOS reason=IS_NOT_SURVIVOR
GATE_SKIP [183/820] id=GDD10_03 window=XM5 reason=OOS_NOT_PROMISING
SKIP_EXISTING [184/820] id=GDD10_04 window=IS scope=GOLD2
GATE_SKIP [184/820] id=GDD10_04 window=OOS reason=IS_NOT_SURVIVOR
GATE_SKIP [184/820] id=GDD10_04 window=XM5 reason=OOS_NOT_PROMISING
SKIP_EXISTING [185/820] id=GDD10_05 window=IS scope=GOLD2
GATE_SKIP [185/820] id=GDD10_05 window=OOS reason=IS_NOT_SURVIVOR
GATE_SKIP [185/820] id=GDD10_05 window=XM5 reason=OOS_NOT_PROMISING
SKIP_EXISTING [186/820] id=GDD10_06 window=IS scope=GOLD2
GATE_SKIP [186/820] id=GDD10_06 window=OOS reason=IS_NOT_SURVIVOR
GATE_SKIP [186/820] id=GDD10_06 window=XM5 reason=OOS_NOT_PROMISING
SKIP_EXISTING [187/820] id=GDD10_07 window=IS scope=GOLD2
GATE_SKIP [187/820] id=GDD10_07 window=OOS reason=IS_NOT_SURVIVOR
GATE_SKIP [187/820] id=GDD10_07 window=XM5 reason=OOS_NOT_PROMISING
SKIP_EXISTING [188/820] id=GDD10_08 window=IS scope=GOLD2
GATE_SKIP [188/820] id=GDD10_08 window=OOS reason=IS_NOT_SURVIVOR
GATE_SKIP [188/820] id=GDD10_08 window=XM5 reason=OOS_NOT_PROMISING
SKIP_EXISTING [189/820] id=GDD10_09 window=IS scope=GOLD2
GATE_SKIP [189/820] id=GDD10_09 window=OOS reason=IS_NOT_SURVIVOR
GATE_SKIP [189/820] id=GDD10_09 window=XM5 reason=OOS_NOT_PROMISING
SKIP_EXISTING [190/820] id=GDD10_10 window=IS scope=GOLD2
GATE_SKIP [190/820] id=GDD10_10 window=OOS reason=IS_NOT_SURVIVOR
GATE_SKIP [190/820] id=GDD10_10 window=XM5 reason=OOS_NOT_PROMISING
SKIP_EXISTING [191/820] id=GDD10_11 window=IS scope=GOLD2
GATE_SKIP [191/820] id=GDD10_11 window=OOS reason=IS_NOT_SURVIVOR
GATE_SKIP [191/820] id=GDD10_11 window=XM5 reason=OOS_NOT_PROMISING
SKIP_EXISTING [192/820] id=GDD10_12 window=IS scope=GOLD2
GATE_SKIP [192/820] id=GDD10_12 window=OOS reason=IS_NOT_SURVIVOR
GATE_SKIP [192/820] id=GDD10_12 window=XM5 reason=OOS_NOT_PROMISING
SKIP_EXISTING [193/820] id=GDD10_13 window=IS scope=GOLD2
GATE_SKIP [193/820] id=GDD10_13 window=OOS reason=IS_NOT_SURVIVOR
GATE_SKIP [193/820] id=GDD10_13 window=XM5 reason=OOS_NOT_PROMISING
SKIP_EXISTING [194/820] id=GDD10_14 window=IS scope=GOLD2
GATE_SKIP [194/820] id=GDD10_14 window=OOS reason=IS_NOT_SURVIVOR
GATE_SKIP [194/820] id=GDD10_14 window=XM5 reason=OOS_NOT_PROMISING
SKIP_EXISTING [195/820] id=GDD10_15 window=IS scope=GOLD2
GATE_SKIP [195/820] id=GDD10_15 window=OOS reason=IS_NOT_SURVIVOR
GATE_SKIP [195/820] id=GDD10_15 window=XM5 reason=OOS_NOT_PROMISING
SKIP_EXISTING [196/820] id=GDD10_16 window=IS scope=GOLD2
GATE_SKIP [196/820] id=GDD10_16 window=OOS reason=IS_NOT_SURVIVOR
GATE_SKIP [196/820] id=GDD10_16 window=XM5 reason=OOS_NOT_PROMISING
SKIP_EXISTING [197/820] id=GDD10_17 window=IS scope=GOLD2
GATE_SKIP [197/820] id=GDD10_17 window=OOS reason=IS_NOT_SURVIVOR
GATE_SKIP [197/820] id=GDD10_17 window=XM5 reason=OOS_NOT_PROMISING
SKIP_EXISTING [198/820] id=GDD10_18 window=IS scope=GOLD2
GATE_SKIP [198/820] id=GDD10_18 window=OOS reason=IS_NOT_SURVIVOR
GATE_SKIP [198/820] id=GDD10_18 window=XM5 reason=OOS_NOT_PROMISING
SKIP_EXISTING [199/820] id=GDD10_19 window=IS scope=GOLD2
GATE_SKIP [199/820] id=GDD10_19 window=OOS reason=IS_NOT_SURVIVOR
GATE_SKIP [199/820] id=GDD10_19 window=XM5 reason=OOS_NOT_PROMISING
SKIP_EXISTING [200/820] id=GDD10_20 window=IS scope=GOLD2
GATE_SKIP [200/820] id=GDD10_20 window=OOS reason=IS_NOT_SURVIVOR
GATE_SKIP [200/820] id=GDD10_20 window=XM5 reason=OOS_NOT_PROMISING
SKIP_EXISTING [201/820] id=GDD11_01 window=IS scope=GOLD2
GATE_SKIP [201/820] id=GDD11_01 window=OOS reason=IS_NOT_SURVIVOR
GATE_SKIP [201/820] id=GDD11_01 window=XM5 reason=OOS_NOT_PROMISING
SKIP_EXISTING [202/820] id=GDD11_02 window=IS scope=GOLD2
GATE_SKIP [202/820] id=GDD11_02 window=OOS reason=IS_NOT_SURVIVOR
GATE_SKIP [202/820] id=GDD11_02 window=XM5 reason=OOS_NOT_PROMISING
SKIP_EXISTING [203/820] id=GDD11_03 window=IS scope=GOLD2
GATE_SKIP [203/820] id=GDD11_03 window=OOS reason=IS_NOT_SURVIVOR
GATE_SKIP [203/820] id=GDD11_03 window=XM5 reason=OOS_NOT_PROMISING
SKIP_EXISTING [204/820] id=GDD11_04 window=IS scope=GOLD2
GATE_SKIP [204/820] id=GDD11_04 window=OOS reason=IS_NOT_SURVIVOR
GATE_SKIP [204/820] id=GDD11_04 window=XM5 reason=OOS_NOT_PROMISING
SKIP_EXISTING [205/820] id=GDD11_05 window=IS scope=GOLD2
GATE_SKIP [205/820] id=GDD11_05 window=OOS reason=IS_NOT_SURVIVOR
GATE_SKIP [205/820] id=GDD11_05 window=XM5 reason=OOS_NOT_PROMISING
SKIP_EXISTING [206/820] id=GDD11_06 window=IS scope=GOLD2
GATE_SKIP [206/820] id=GDD11_06 window=OOS reason=IS_NOT_SURVIVOR
GATE_SKIP [206/820] id=GDD11_06 window=XM5 reason=OOS_NOT_PROMISING
SKIP_EXISTING [207/820] id=GDD11_07 window=IS scope=GOLD2
GATE_SKIP [207/820] id=GDD11_07 window=OOS reason=IS_NOT_SURVIVOR
GATE_SKIP [207/820] id=GDD11_07 window=XM5 reason=OOS_NOT_PROMISING
SKIP_EXISTING [208/820] id=GDD11_08 window=IS scope=GOLD2
GATE_SKIP [208/820] id=GDD11_08 window=OOS reason=IS_NOT_SURVIVOR
GATE_SKIP [208/820] id=GDD11_08 window=XM5 reason=OOS_NOT_PROMISING
SKIP_EXISTING [209/820] id=GDD11_09 window=IS scope=GOLD2
GATE_SKIP [209/820] id=GDD11_09 window=OOS reason=IS_NOT_SURVIVOR
GATE_SKIP [209/820] id=GDD11_09 window=XM5 reason=OOS_NOT_PROMISING
SKIP_EXISTING [210/820] id=GDD11_10 window=IS scope=GOLD2
GATE_SKIP [210/820] id=GDD11_10 window=OOS reason=IS_NOT_SURVIVOR
GATE_SKIP [210/820] id=GDD11_10 window=XM5 reason=OOS_NOT_PROMISING
SKIP_EXISTING [211/820] id=GDD11_11 window=IS scope=GOLD2
GATE_SKIP [211/820] id=GDD11_11 window=OOS reason=IS_NOT_SURVIVOR
GATE_SKIP [211/820] id=GDD11_11 window=XM5 reason=OOS_NOT_PROMISING
SKIP_EXISTING [212/820] id=GDD11_12 window=IS scope=GOLD2
GATE_SKIP [212/820] id=GDD11_12 window=OOS reason=IS_NOT_SURVIVOR
GATE_SKIP [212/820] id=GDD11_12 window=XM5 reason=OOS_NOT_PROMISING
SKIP_EXISTING [213/820] id=GDD11_13 window=IS scope=GOLD2
GATE_SKIP [213/820] id=GDD11_13 window=OOS reason=IS_NOT_SURVIVOR
GATE_SKIP [213/820] id=GDD11_13 window=XM5 reason=OOS_NOT_PROMISING
SKIP_EXISTING [214/820] id=GDD11_14 window=IS scope=GOLD2
GATE_SKIP [214/820] id=GDD11_14 window=OOS reason=IS_NOT_SURVIVOR
GATE_SKIP [214/820] id=GDD11_14 window=XM5 reason=OOS_NOT_PROMISING
SKIP_EXISTING [215/820] id=GDD11_15 window=IS scope=GOLD2
GATE_SKIP [215/820] id=GDD11_15 window=OOS reason=IS_NOT_SURVIVOR
GATE_SKIP [215/820] id=GDD11_15 window=XM5 reason=OOS_NOT_PROMISING
SKIP_EXISTING [216/820] id=GDD11_16 window=IS scope=GOLD2
GATE_SKIP [216/820] id=GDD11_16 window=OOS reason=IS_NOT_SURVIVOR
GATE_SKIP [216/820] id=GDD11_16 window=XM5 reason=OOS_NOT_PROMISING
SKIP_EXISTING [217/820] id=GDD11_17 window=IS scope=GOLD2
GATE_SKIP [217/820] id=GDD11_17 window=OOS reason=IS_NOT_SURVIVOR
GATE_SKIP [217/820] id=GDD11_17 window=XM5 reason=OOS_NOT_PROMISING
SKIP_EXISTING [218/820] id=GDD11_18 window=IS scope=GOLD2
GATE_SKIP [218/820] id=GDD11_18 window=OOS reason=IS_NOT_SURVIVOR
GATE_SKIP [218/820] id=GDD11_18 window=XM5 reason=OOS_NOT_PROMISING
SKIP_EXISTING [219/820] id=GDD11_19 window=IS scope=GOLD2
GATE_SKIP [219/820] id=GDD11_19 window=OOS reason=IS_NOT_SURVIVOR
GATE_SKIP [219/820] id=GDD11_19 window=XM5 reason=OOS_NOT_PROMISING
SKIP_EXISTING [220/820] id=GDD11_20 window=IS scope=GOLD2
GATE_SKIP [220/820] id=GDD11_20 window=OOS reason=IS_NOT_SURVIVOR
GATE_SKIP [220/820] id=GDD11_20 window=XM5 reason=OOS_NOT_PROMISING
SKIP_EXISTING [221/820] id=GDD12_01 window=IS scope=GOLD2
GATE_SKIP [221/820] id=GDD12_01 window=OOS reason=IS_NOT_SURVIVOR
GATE_SKIP [221/820] id=GDD12_01 window=XM5 reason=OOS_NOT_PROMISING
SKIP_EXISTING [222/820] id=GDD12_02 window=IS scope=GOLD2
GATE_SKIP [222/820] id=GDD12_02 window=OOS reason=IS_NOT_SURVIVOR
GATE_SKIP [222/820] id=GDD12_02 window=XM5 reason=OOS_NOT_PROMISING
SKIP_EXISTING [223/820] id=GDD12_03 window=IS scope=GOLD2
GATE_SKIP [223/820] id=GDD12_03 window=OOS reason=IS_NOT_SURVIVOR
GATE_SKIP [223/820] id=GDD12_03 window=XM5 reason=OOS_NOT_PROMISING
SKIP_EXISTING [224/820] id=GDD12_04 window=IS scope=GOLD2
GATE_SKIP [224/820] id=GDD12_04 window=OOS reason=IS_NOT_SURVIVOR
GATE_SKIP [224/820] id=GDD12_04 window=XM5 reason=OOS_NOT_PROMISING
SKIP_EXISTING [225/820] id=GDD12_05 window=IS scope=GOLD2
GATE_SKIP [225/820] id=GDD12_05 window=OOS reason=IS_NOT_SURVIVOR
GATE_SKIP [225/820] id=GDD12_05 window=XM5 reason=OOS_NOT_PROMISING
SKIP_EXISTING [226/820] id=GDD12_06 window=IS scope=GOLD2
GATE_SKIP [226/820] id=GDD12_06 window=OOS reason=IS_NOT_SURVIVOR
GATE_SKIP [226/820] id=GDD12_06 window=XM5 reason=OOS_NOT_PROMISING
SKIP_EXISTING [227/820] id=GDD12_07 window=IS scope=GOLD2
GATE_SKIP [227/820] id=GDD12_07 window=OOS reason=IS_NOT_SURVIVOR
GATE_SKIP [227/820] id=GDD12_07 window=XM5 reason=OOS_NOT_PROMISING
SKIP_EXISTING [228/820] id=GDD12_08 window=IS scope=GOLD2
GATE_SKIP [228/820] id=GDD12_08 window=OOS reason=IS_NOT_SURVIVOR
GATE_SKIP [228/820] id=GDD12_08 window=XM5 reason=OOS_NOT_PROMISING
SKIP_EXISTING [229/820] id=GDD12_09 window=IS scope=GOLD2
GATE_SKIP [229/820] id=GDD12_09 window=OOS reason=IS_NOT_SURVIVOR
GATE_SKIP [229/820] id=GDD12_09 window=XM5 reason=OOS_NOT_PROMISING
SKIP_EXISTING [230/820] id=GDD12_10 window=IS scope=GOLD2
GATE_SKIP [230/820] id=GDD12_10 window=OOS reason=IS_NOT_SURVIVOR
GATE_SKIP [230/820] id=GDD12_10 window=XM5 reason=OOS_NOT_PROMISING
SKIP_EXISTING [231/820] id=GDD12_11 window=IS scope=GOLD2
GATE_SKIP [231/820] id=GDD12_11 window=OOS reason=IS_NOT_SURVIVOR
GATE_SKIP [231/820] id=GDD12_11 window=XM5 reason=OOS_NOT_PROMISING
SKIP_EXISTING [232/820] id=GDD12_12 window=IS scope=GOLD2
GATE_SKIP [232/820] id=GDD12_12 window=OOS reason=IS_NOT_SURVIVOR
GATE_SKIP [232/820] id=GDD12_12 window=XM5 reason=OOS_NOT_PROMISING
SKIP_EXISTING [233/820] id=GDD12_13 window=IS scope=GOLD2
GATE_SKIP [233/820] id=GDD12_13 window=OOS reason=IS_NOT_SURVIVOR
GATE_SKIP [233/820] id=GDD12_13 window=XM5 reason=OOS_NOT_PROMISING
SKIP_EXISTING [234/820] id=GDD12_14 window=IS scope=GOLD2
GATE_SKIP [234/820] id=GDD12_14 window=OOS reason=IS_NOT_SURVIVOR
GATE_SKIP [234/820] id=GDD12_14 window=XM5 reason=OOS_NOT_PROMISING
SKIP_EXISTING [235/820] id=GDD12_15 window=IS scope=GOLD2
GATE_SKIP [235/820] id=GDD12_15 window=OOS reason=IS_NOT_SURVIVOR
GATE_SKIP [235/820] id=GDD12_15 window=XM5 reason=OOS_NOT_PROMISING
SKIP_EXISTING [236/820] id=GDD12_16 window=IS scope=GOLD2
GATE_SKIP [236/820] id=GDD12_16 window=OOS reason=IS_NOT_SURVIVOR
GATE_SKIP [236/820] id=GDD12_16 window=XM5 reason=OOS_NOT_PROMISING
SKIP_EXISTING [237/820] id=GDD12_17 window=IS scope=GOLD2
GATE_SKIP [237/820] id=GDD12_17 window=OOS reason=IS_NOT_SURVIVOR
GATE_SKIP [237/820] id=GDD12_17 window=XM5 reason=OOS_NOT_PROMISING
SKIP_EXISTING [238/820] id=GDD12_18 window=IS scope=GOLD2
GATE_SKIP [238/820] id=GDD12_18 window=OOS reason=IS_NOT_SURVIVOR
GATE_SKIP [238/820] id=GDD12_18 window=XM5 reason=OOS_NOT_PROMISING
SKIP_EXISTING [239/820] id=GDD12_19 window=IS scope=GOLD2
GATE_SKIP [239/820] id=GDD12_19 window=OOS reason=IS_NOT_SURVIVOR
GATE_SKIP [239/820] id=GDD12_19 window=XM5 reason=OOS_NOT_PROMISING
SKIP_EXISTING [240/820] id=GDD12_20 window=IS scope=GOLD2
GATE_SKIP [240/820] id=GDD12_20 window=OOS reason=IS_NOT_SURVIVOR
GATE_SKIP [240/820] id=GDD12_20 window=XM5 reason=OOS_NOT_PROMISING
SKIP_EXISTING [241/820] id=GDD13_01 window=IS scope=GOLD2
GATE_SKIP [241/820] id=GDD13_01 window=OOS reason=IS_NOT_SURVIVOR
GATE_SKIP [241/820] id=GDD13_01 window=XM5 reason=OOS_NOT_PROMISING
SKIP_EXISTING [242/820] id=GDD13_02 window=IS scope=GOLD2
GATE_SKIP [242/820] id=GDD13_02 window=OOS reason=IS_NOT_SURVIVOR
GATE_SKIP [242/820] id=GDD13_02 window=XM5 reason=OOS_NOT_PROMISING
SKIP_EXISTING [243/820] id=GDD13_03 window=IS scope=GOLD2
GATE_SKIP [243/820] id=GDD13_03 window=OOS reason=IS_NOT_SURVIVOR
GATE_SKIP [243/820] id=GDD13_03 window=XM5 reason=OOS_NOT_PROMISING
SKIP_EXISTING [244/820] id=GDD13_04 window=IS scope=GOLD2
GATE_SKIP [244/820] id=GDD13_04 window=OOS reason=IS_NOT_SURVIVOR
GATE_SKIP [244/820] id=GDD13_04 window=XM5 reason=OOS_NOT_PROMISING
SKIP_EXISTING [245/820] id=GDD13_05 window=IS scope=GOLD2
GATE_SKIP [245/820] id=GDD13_05 window=OOS reason=IS_NOT_SURVIVOR
GATE_SKIP [245/820] id=GDD13_05 window=XM5 reason=OOS_NOT_PROMISING
SKIP_EXISTING [246/820] id=GDD13_06 window=IS scope=GOLD2
GATE_SKIP [246/820] id=GDD13_06 window=OOS reason=IS_NOT_SURVIVOR
GATE_SKIP [246/820] id=GDD13_06 window=XM5 reason=OOS_NOT_PROMISING
SKIP_EXISTING [247/820] id=GDD13_07 window=IS scope=GOLD2
GATE_SKIP [247/820] id=GDD13_07 window=OOS reason=IS_NOT_SURVIVOR
GATE_SKIP [247/820] id=GDD13_07 window=XM5 reason=OOS_NOT_PROMISING
SKIP_EXISTING [248/820] id=GDD13_08 window=IS scope=GOLD2
GATE_SKIP [248/820] id=GDD13_08 window=OOS reason=IS_NOT_SURVIVOR
GATE_SKIP [248/820] id=GDD13_08 window=XM5 reason=OOS_NOT_PROMISING
SKIP_EXISTING [249/820] id=GDD13_09 window=IS scope=GOLD2
GATE_SKIP [249/820] id=GDD13_09 window=OOS reason=IS_NOT_SURVIVOR
GATE_SKIP [249/820] id=GDD13_09 window=XM5 reason=OOS_NOT_PROMISING
SKIP_EXISTING [250/820] id=GDD13_10 window=IS scope=GOLD2
GATE_SKIP [250/820] id=GDD13_10 window=OOS reason=IS_NOT_SURVIVOR
GATE_SKIP [250/820] id=GDD13_10 window=XM5 reason=OOS_NOT_PROMISING
SKIP_EXISTING [251/820] id=GDD13_11 window=IS scope=GOLD2
GATE_SKIP [251/820] id=GDD13_11 window=OOS reason=IS_NOT_SURVIVOR
GATE_SKIP [251/820] id=GDD13_11 window=XM5 reason=OOS_NOT_PROMISING
SKIP_EXISTING [252/820] id=GDD13_12 window=IS scope=GOLD2
GATE_SKIP [252/820] id=GDD13_12 window=OOS reason=IS_NOT_SURVIVOR
GATE_SKIP [252/820] id=GDD13_12 window=XM5 reason=OOS_NOT_PROMISING
SKIP_EXISTING [253/820] id=GDD13_13 window=IS scope=GOLD2
GATE_SKIP [253/820] id=GDD13_13 window=OOS reason=IS_NOT_SURVIVOR
GATE_SKIP [253/820] id=GDD13_13 window=XM5 reason=OOS_NOT_PROMISING
SKIP_EXISTING [254/820] id=GDD13_14 window=IS scope=GOLD2
GATE_SKIP [254/820] id=GDD13_14 window=OOS reason=IS_NOT_SURVIVOR
GATE_SKIP [254/820] id=GDD13_14 window=XM5 reason=OOS_NOT_PROMISING
SKIP_EXISTING [255/820] id=GDD13_15 window=IS scope=GOLD2
GATE_SKIP [255/820] id=GDD13_15 window=OOS reason=IS_NOT_SURVIVOR
GATE_SKIP [255/820] id=GDD13_15 window=XM5 reason=OOS_NOT_PROMISING
SKIP_EXISTING [256/820] id=GDD13_16 window=IS scope=GOLD2
GATE_SKIP [256/820] id=GDD13_16 window=OOS reason=IS_NOT_SURVIVOR
GATE_SKIP [256/820] id=GDD13_16 window=XM5 reason=OOS_NOT_PROMISING
SKIP_EXISTING [257/820] id=GDD13_17 window=IS scope=GOLD2
GATE_SKIP [257/820] id=GDD13_17 window=OOS reason=IS_NOT_SURVIVOR
GATE_SKIP [257/820] id=GDD13_17 window=XM5 reason=OOS_NOT_PROMISING
SKIP_EXISTING [258/820] id=GDD13_18 window=IS scope=GOLD2
GATE_SKIP [258/820] id=GDD13_18 window=OOS reason=IS_NOT_SURVIVOR
GATE_SKIP [258/820] id=GDD13_18 window=XM5 reason=OOS_NOT_PROMISING
SKIP_EXISTING [259/820] id=GDD13_19 window=IS scope=GOLD2
GATE_SKIP [259/820] id=GDD13_19 window=OOS reason=IS_NOT_SURVIVOR
GATE_SKIP [259/820] id=GDD13_19 window=XM5 reason=OOS_NOT_PROMISING
SKIP_EXISTING [260/820] id=GDD13_20 window=IS scope=GOLD2
GATE_SKIP [260/820] id=GDD13_20 window=OOS reason=IS_NOT_SURVIVOR
GATE_SKIP [260/820] id=GDD13_20 window=XM5 reason=OOS_NOT_PROMISING
SKIP_EXISTING [261/820] id=GDD14_01 window=IS scope=GOLD2
GATE_SKIP [261/820] id=GDD14_01 window=OOS reason=IS_NOT_SURVIVOR
GATE_SKIP [261/820] id=GDD14_01 window=XM5 reason=OOS_NOT_PROMISING
SKIP_EXISTING [262/820] id=GDD14_02 window=IS scope=GOLD2
GATE_SKIP [262/820] id=GDD14_02 window=OOS reason=IS_NOT_SURVIVOR
GATE_SKIP [262/820] id=GDD14_02 window=XM5 reason=OOS_NOT_PROMISING
SKIP_EXISTING [263/820] id=GDD14_03 window=IS scope=GOLD2
GATE_SKIP [263/820] id=GDD14_03 window=OOS reason=IS_NOT_SURVIVOR
GATE_SKIP [263/820] id=GDD14_03 window=XM5 reason=OOS_NOT_PROMISING
SKIP_EXISTING [264/820] id=GDD14_04 window=IS scope=GOLD2
GATE_SKIP [264/820] id=GDD14_04 window=OOS reason=IS_NOT_SURVIVOR
GATE_SKIP [264/820] id=GDD14_04 window=XM5 reason=OOS_NOT_PROMISING
SKIP_EXISTING [265/820] id=GDD14_05 window=IS scope=GOLD2
GATE_SKIP [265/820] id=GDD14_05 window=OOS reason=IS_NOT_SURVIVOR
GATE_SKIP [265/820] id=GDD14_05 window=XM5 reason=OOS_NOT_PROMISING
SKIP_EXISTING [266/820] id=GDD14_06 window=IS scope=GOLD2
GATE_SKIP [266/820] id=GDD14_06 window=OOS reason=IS_NOT_SURVIVOR
GATE_SKIP [266/820] id=GDD14_06 window=XM5 reason=OOS_NOT_PROMISING
SKIP_EXISTING [267/820] id=GDD14_07 window=IS scope=GOLD2
GATE_SKIP [267/820] id=GDD14_07 window=OOS reason=IS_NOT_SURVIVOR
GATE_SKIP [267/820] id=GDD14_07 window=XM5 reason=OOS_NOT_PROMISING
SKIP_EXISTING [268/820] id=GDD14_08 window=IS scope=GOLD2
GATE_SKIP [268/820] id=GDD14_08 window=OOS reason=IS_NOT_SURVIVOR
GATE_SKIP [268/820] id=GDD14_08 window=XM5 reason=OOS_NOT_PROMISING
SKIP_EXISTING [269/820] id=GDD14_09 window=IS scope=GOLD2
GATE_SKIP [269/820] id=GDD14_09 window=OOS reason=IS_NOT_SURVIVOR
GATE_SKIP [269/820] id=GDD14_09 window=XM5 reason=OOS_NOT_PROMISING
SKIP_EXISTING [270/820] id=GDD14_10 window=IS scope=GOLD2
GATE_SKIP [270/820] id=GDD14_10 window=OOS reason=IS_NOT_SURVIVOR
GATE_SKIP [270/820] id=GDD14_10 window=XM5 reason=OOS_NOT_PROMISING
SKIP_EXISTING [271/820] id=GDD14_11 window=IS scope=GOLD2
GATE_SKIP [271/820] id=GDD14_11 window=OOS reason=IS_NOT_SURVIVOR
GATE_SKIP [271/820] id=GDD14_11 window=XM5 reason=OOS_NOT_PROMISING
SKIP_EXISTING [272/820] id=GDD14_12 window=IS scope=GOLD2
GATE_SKIP [272/820] id=GDD14_12 window=OOS reason=IS_NOT_SURVIVOR
GATE_SKIP [272/820] id=GDD14_12 window=XM5 reason=OOS_NOT_PROMISING
SKIP_EXISTING [273/820] id=GDD14_13 window=IS scope=GOLD2
GATE_SKIP [273/820] id=GDD14_13 window=OOS reason=IS_NOT_SURVIVOR
GATE_SKIP [273/820] id=GDD14_13 window=XM5 reason=OOS_NOT_PROMISING
SKIP_EXISTING [274/820] id=GDD14_14 window=IS scope=GOLD2
GATE_SKIP [274/820] id=GDD14_14 window=OOS reason=IS_NOT_SURVIVOR
GATE_SKIP [274/820] id=GDD14_14 window=XM5 reason=OOS_NOT_PROMISING
SKIP_EXISTING [275/820] id=GDD14_15 window=IS scope=GOLD2
GATE_SKIP [275/820] id=GDD14_15 window=OOS reason=IS_NOT_SURVIVOR
GATE_SKIP [275/820] id=GDD14_15 window=XM5 reason=OOS_NOT_PROMISING
SKIP_EXISTING [276/820] id=GDD14_16 window=IS scope=GOLD2
GATE_SKIP [276/820] id=GDD14_16 window=OOS reason=IS_NOT_SURVIVOR
GATE_SKIP [276/820] id=GDD14_16 window=XM5 reason=OOS_NOT_PROMISING
SKIP_EXISTING [277/820] id=GDD14_17 window=IS scope=GOLD2
GATE_SKIP [277/820] id=GDD14_17 window=OOS reason=IS_NOT_SURVIVOR
GATE_SKIP [277/820] id=GDD14_17 window=XM5 reason=OOS_NOT_PROMISING
SKIP_EXISTING [278/820] id=GDD14_18 window=IS scope=GOLD2
GATE_SKIP [278/820] id=GDD14_18 window=OOS reason=IS_NOT_SURVIVOR
GATE_SKIP [278/820] id=GDD14_18 window=XM5 reason=OOS_NOT_PROMISING
SKIP_EXISTING [279/820] id=GDD14_19 window=IS scope=GOLD2
GATE_SKIP [279/820] id=GDD14_19 window=OOS reason=IS_NOT_SURVIVOR
GATE_SKIP [279/820] id=GDD14_19 window=XM5 reason=OOS_NOT_PROMISING
SKIP_EXISTING [280/820] id=GDD14_20 window=IS scope=GOLD2
GATE_SKIP [280/820] id=GDD14_20 window=OOS reason=IS_NOT_SURVIVOR
GATE_SKIP [280/820] id=GDD14_20 window=XM5 reason=OOS_NOT_PROMISING
SKIP_EXISTING [281/820] id=GDD15_01 window=IS scope=GOLD2
GATE_SKIP [281/820] id=GDD15_01 window=OOS reason=IS_NOT_SURVIVOR
GATE_SKIP [281/820] id=GDD15_01 window=XM5 reason=OOS_NOT_PROMISING
SKIP_EXISTING [282/820] id=GDD15_02 window=IS scope=GOLD2
GATE_SKIP [282/820] id=GDD15_02 window=OOS reason=IS_NOT_SURVIVOR
GATE_SKIP [282/820] id=GDD15_02 window=XM5 reason=OOS_NOT_PROMISING
SKIP_EXISTING [283/820] id=GDD15_03 window=IS scope=GOLD2
GATE_SKIP [283/820] id=GDD15_03 window=OOS reason=IS_NOT_SURVIVOR
GATE_SKIP [283/820] id=GDD15_03 window=XM5 reason=OOS_NOT_PROMISING
SKIP_EXISTING [284/820] id=GDD15_04 window=IS scope=GOLD2
GATE_SKIP [284/820] id=GDD15_04 window=OOS reason=IS_NOT_SURVIVOR
GATE_SKIP [284/820] id=GDD15_04 window=XM5 reason=OOS_NOT_PROMISING
SKIP_EXISTING [285/820] id=GDD15_05 window=IS scope=GOLD2
GATE_SKIP [285/820] id=GDD15_05 window=OOS reason=IS_NOT_SURVIVOR
GATE_SKIP [285/820] id=GDD15_05 window=XM5 reason=OOS_NOT_PROMISING
SKIP_EXISTING [286/820] id=GDD15_06 window=IS scope=GOLD2
GATE_SKIP [286/820] id=GDD15_06 window=OOS reason=IS_NOT_SURVIVOR
GATE_SKIP [286/820] id=GDD15_06 window=XM5 reason=OOS_NOT_PROMISING
SKIP_EXISTING [287/820] id=GDD15_07 window=IS scope=GOLD2
GATE_SKIP [287/820] id=GDD15_07 window=OOS reason=IS_NOT_SURVIVOR
GATE_SKIP [287/820] id=GDD15_07 window=XM5 reason=OOS_NOT_PROMISING
SKIP_EXISTING [288/820] id=GDD15_08 window=IS scope=GOLD2
GATE_SKIP [288/820] id=GDD15_08 window=OOS reason=IS_NOT_SURVIVOR
GATE_SKIP [288/820] id=GDD15_08 window=XM5 reason=OOS_NOT_PROMISING
SKIP_EXISTING [289/820] id=GDD15_09 window=IS scope=GOLD2
GATE_SKIP [289/820] id=GDD15_09 window=OOS reason=IS_NOT_SURVIVOR
GATE_SKIP [289/820] id=GDD15_09 window=XM5 reason=OOS_NOT_PROMISING
SKIP_EXISTING [290/820] id=GDD15_10 window=IS scope=GOLD2
GATE_SKIP [290/820] id=GDD15_10 window=OOS reason=IS_NOT_SURVIVOR
GATE_SKIP [290/820] id=GDD15_10 window=XM5 reason=OOS_NOT_PROMISING
SKIP_EXISTING [291/820] id=GDD15_11 window=IS scope=GOLD2
GATE_SKIP [291/820] id=GDD15_11 window=OOS reason=IS_NOT_SURVIVOR
GATE_SKIP [291/820] id=GDD15_11 window=XM5 reason=OOS_NOT_PROMISING
SKIP_EXISTING [292/820] id=GDD15_12 window=IS scope=GOLD2
GATE_SKIP [292/820] id=GDD15_12 window=OOS reason=IS_NOT_SURVIVOR
GATE_SKIP [292/820] id=GDD15_12 window=XM5 reason=OOS_NOT_PROMISING
SKIP_EXISTING [293/820] id=GDD15_13 window=IS scope=GOLD2
GATE_SKIP [293/820] id=GDD15_13 window=OOS reason=IS_NOT_SURVIVOR
GATE_SKIP [293/820] id=GDD15_13 window=XM5 reason=OOS_NOT_PROMISING
SKIP_EXISTING [294/820] id=GDD15_14 window=IS scope=GOLD2
GATE_SKIP [294/820] id=GDD15_14 window=OOS reason=IS_NOT_SURVIVOR
GATE_SKIP [294/820] id=GDD15_14 window=XM5 reason=OOS_NOT_PROMISING
SKIP_EXISTING [295/820] id=GDD15_15 window=IS scope=GOLD2
GATE_SKIP [295/820] id=GDD15_15 window=OOS reason=IS_NOT_SURVIVOR
GATE_SKIP [295/820] id=GDD15_15 window=XM5 reason=OOS_NOT_PROMISING
SKIP_EXISTING [296/820] id=GDD15_16 window=IS scope=GOLD2
GATE_SKIP [296/820] id=GDD15_16 window=OOS reason=IS_NOT_SURVIVOR
GATE_SKIP [296/820] id=GDD15_16 window=XM5 reason=OOS_NOT_PROMISING
SKIP_EXISTING [297/820] id=GDD15_17 window=IS scope=GOLD2
GATE_SKIP [297/820] id=GDD15_17 window=OOS reason=IS_NOT_SURVIVOR
GATE_SKIP [297/820] id=GDD15_17 window=XM5 reason=OOS_NOT_PROMISING
SKIP_EXISTING [298/820] id=GDD15_18 window=IS scope=GOLD2
GATE_SKIP [298/820] id=GDD15_18 window=OOS reason=IS_NOT_SURVIVOR
GATE_SKIP [298/820] id=GDD15_18 window=XM5 reason=OOS_NOT_PROMISING
SKIP_EXISTING [299/820] id=GDD15_19 window=IS scope=GOLD2
GATE_SKIP [299/820] id=GDD15_19 window=OOS reason=IS_NOT_SURVIVOR
GATE_SKIP [299/820] id=GDD15_19 window=XM5 reason=OOS_NOT_PROMISING
SKIP_EXISTING [300/820] id=GDD15_20 window=IS scope=GOLD2
GATE_SKIP [300/820] id=GDD15_20 window=OOS reason=IS_NOT_SURVIVOR
GATE_SKIP [300/820] id=GDD15_20 window=XM5 reason=OOS_NOT_PROMISING
SKIP_EXISTING [301/820] id=GDD16_01 window=IS scope=GOLD2
GATE_SKIP [301/820] id=GDD16_01 window=OOS reason=IS_NOT_SURVIVOR
GATE_SKIP [301/820] id=GDD16_01 window=XM5 reason=OOS_NOT_PROMISING
SKIP_EXISTING [302/820] id=GDD16_02 window=IS scope=GOLD2
GATE_SKIP [302/820] id=GDD16_02 window=OOS reason=IS_NOT_SURVIVOR
GATE_SKIP [302/820] id=GDD16_02 window=XM5 reason=OOS_NOT_PROMISING
SKIP_EXISTING [303/820] id=GDD16_03 window=IS scope=GOLD2
GATE_SKIP [303/820] id=GDD16_03 window=OOS reason=IS_NOT_SURVIVOR
GATE_SKIP [303/820] id=GDD16_03 window=XM5 reason=OOS_NOT_PROMISING
SKIP_EXISTING [304/820] id=GDD16_04 window=IS scope=GOLD2
GATE_SKIP [304/820] id=GDD16_04 window=OOS reason=IS_NOT_SURVIVOR
GATE_SKIP [304/820] id=GDD16_04 window=XM5 reason=OOS_NOT_PROMISING
SKIP_EXISTING [305/820] id=GDD16_05 window=IS scope=GOLD2
GATE_SKIP [305/820] id=GDD16_05 window=OOS reason=IS_NOT_SURVIVOR
GATE_SKIP [305/820] id=GDD16_05 window=XM5 reason=OOS_NOT_PROMISING
SKIP_EXISTING [306/820] id=GDD16_06 window=IS scope=GOLD2
GATE_SKIP [306/820] id=GDD16_06 window=OOS reason=IS_NOT_SURVIVOR
GATE_SKIP [306/820] id=GDD16_06 window=XM5 reason=OOS_NOT_PROMISING
SKIP_EXISTING [307/820] id=GDD16_07 window=IS scope=GOLD2
GATE_SKIP [307/820] id=GDD16_07 window=OOS reason=IS_NOT_SURVIVOR
GATE_SKIP [307/820] id=GDD16_07 window=XM5 reason=OOS_NOT_PROMISING
SKIP_EXISTING [308/820] id=GDD16_08 window=IS scope=GOLD2
GATE_SKIP [308/820] id=GDD16_08 window=OOS reason=IS_NOT_SURVIVOR
GATE_SKIP [308/820] id=GDD16_08 window=XM5 reason=OOS_NOT_PROMISING
SKIP_EXISTING [309/820] id=GDD16_09 window=IS scope=GOLD2
GATE_SKIP [309/820] id=GDD16_09 window=OOS reason=IS_NOT_SURVIVOR
GATE_SKIP [309/820] id=GDD16_09 window=XM5 reason=OOS_NOT_PROMISING
SKIP_EXISTING [310/820] id=GDD16_10 window=IS scope=GOLD2
GATE_SKIP [310/820] id=GDD16_10 window=OOS reason=IS_NOT_SURVIVOR
GATE_SKIP [310/820] id=GDD16_10 window=XM5 reason=OOS_NOT_PROMISING
SKIP_EXISTING [311/820] id=GDD16_11 window=IS scope=GOLD2
GATE_SKIP [311/820] id=GDD16_11 window=OOS reason=IS_NOT_SURVIVOR
GATE_SKIP [311/820] id=GDD16_11 window=XM5 reason=OOS_NOT_PROMISING
SKIP_EXISTING [312/820] id=GDD16_12 window=IS scope=GOLD2
GATE_SKIP [312/820] id=GDD16_12 window=OOS reason=IS_NOT_SURVIVOR
GATE_SKIP [312/820] id=GDD16_12 window=XM5 reason=OOS_NOT_PROMISING
SKIP_EXISTING [313/820] id=GDD16_13 window=IS scope=GOLD2
GATE_SKIP [313/820] id=GDD16_13 window=OOS reason=IS_NOT_SURVIVOR
GATE_SKIP [313/820] id=GDD16_13 window=XM5 reason=OOS_NOT_PROMISING
SKIP_EXISTING [314/820] id=GDD16_14 window=IS scope=GOLD2
GATE_SKIP [314/820] id=GDD16_14 window=OOS reason=IS_NOT_SURVIVOR
GATE_SKIP [314/820] id=GDD16_14 window=XM5 reason=OOS_NOT_PROMISING
SKIP_EXISTING [315/820] id=GDD16_15 window=IS scope=GOLD2
GATE_SKIP [315/820] id=GDD16_15 window=OOS reason=IS_NOT_SURVIVOR
GATE_SKIP [315/820] id=GDD16_15 window=XM5 reason=OOS_NOT_PROMISING
SKIP_EXISTING [316/820] id=GDD16_16 window=IS scope=GOLD2
GATE_SKIP [316/820] id=GDD16_16 window=OOS reason=IS_NOT_SURVIVOR
GATE_SKIP [316/820] id=GDD16_16 window=XM5 reason=OOS_NOT_PROMISING
SKIP_EXISTING [317/820] id=GDD16_17 window=IS scope=GOLD2
GATE_SKIP [317/820] id=GDD16_17 window=OOS reason=IS_NOT_SURVIVOR
GATE_SKIP [317/820] id=GDD16_17 window=XM5 reason=OOS_NOT_PROMISING
SKIP_EXISTING [318/820] id=GDD16_18 window=IS scope=GOLD2
GATE_SKIP [318/820] id=GDD16_18 window=OOS reason=IS_NOT_SURVIVOR
GATE_SKIP [318/820] id=GDD16_18 window=XM5 reason=OOS_NOT_PROMISING
SKIP_EXISTING [319/820] id=GDD16_19 window=IS scope=GOLD2
GATE_SKIP [319/820] id=GDD16_19 window=OOS reason=IS_NOT_SURVIVOR
GATE_SKIP [319/820] id=GDD16_19 window=XM5 reason=OOS_NOT_PROMISING
SKIP_EXISTING [320/820] id=GDD16_20 window=IS scope=GOLD2
GATE_SKIP [320/820] id=GDD16_20 window=OOS reason=IS_NOT_SURVIVOR
GATE_SKIP [320/820] id=GDD16_20 window=XM5 reason=OOS_NOT_PROMISING
SKIP_EXISTING [321/820] id=GDD17_01 window=IS scope=GOLD2
GATE_SKIP [321/820] id=GDD17_01 window=OOS reason=IS_NOT_SURVIVOR
GATE_SKIP [321/820] id=GDD17_01 window=XM5 reason=OOS_NOT_PROMISING
SKIP_EXISTING [322/820] id=GDD17_02 window=IS scope=GOLD2
GATE_SKIP [322/820] id=GDD17_02 window=OOS reason=IS_NOT_SURVIVOR
GATE_SKIP [322/820] id=GDD17_02 window=XM5 reason=OOS_NOT_PROMISING
SKIP_EXISTING [323/820] id=GDD17_03 window=IS scope=GOLD2
GATE_SKIP [323/820] id=GDD17_03 window=OOS reason=IS_NOT_SURVIVOR
GATE_SKIP [323/820] id=GDD17_03 window=XM5 reason=OOS_NOT_PROMISING
SKIP_EXISTING [324/820] id=GDD17_04 window=IS scope=GOLD2
GATE_SKIP [324/820] id=GDD17_04 window=OOS reason=IS_NOT_SURVIVOR
GATE_SKIP [324/820] id=GDD17_04 window=XM5 reason=OOS_NOT_PROMISING
SKIP_EXISTING [325/820] id=GDD17_05 window=IS scope=GOLD2
GATE_SKIP [325/820] id=GDD17_05 window=OOS reason=IS_NOT_SURVIVOR
GATE_SKIP [325/820] id=GDD17_05 window=XM5 reason=OOS_NOT_PROMISING
SKIP_EXISTING [326/820] id=GDD17_06 window=IS scope=GOLD2
GATE_SKIP [326/820] id=GDD17_06 window=OOS reason=IS_NOT_SURVIVOR
GATE_SKIP [326/820] id=GDD17_06 window=XM5 reason=OOS_NOT_PROMISING
SKIP_EXISTING [327/820] id=GDD17_07 window=IS scope=GOLD2
GATE_SKIP [327/820] id=GDD17_07 window=OOS reason=IS_NOT_SURVIVOR
GATE_SKIP [327/820] id=GDD17_07 window=XM5 reason=OOS_NOT_PROMISING
SKIP_EXISTING [328/820] id=GDD17_08 window=IS scope=GOLD2
GATE_SKIP [328/820] id=GDD17_08 window=OOS reason=IS_NOT_SURVIVOR
GATE_SKIP [328/820] id=GDD17_08 window=XM5 reason=OOS_NOT_PROMISING
SKIP_EXISTING [329/820] id=GDD17_09 window=IS scope=GOLD2
GATE_SKIP [329/820] id=GDD17_09 window=OOS reason=IS_NOT_SURVIVOR
GATE_SKIP [329/820] id=GDD17_09 window=XM5 reason=OOS_NOT_PROMISING
SKIP_EXISTING [330/820] id=GDD17_10 window=IS scope=GOLD2
GATE_SKIP [330/820] id=GDD17_10 window=OOS reason=IS_NOT_SURVIVOR
GATE_SKIP [330/820] id=GDD17_10 window=XM5 reason=OOS_NOT_PROMISING
SKIP_EXISTING [331/820] id=GDD17_11 window=IS scope=GOLD2
GATE_SKIP [331/820] id=GDD17_11 window=OOS reason=IS_NOT_SURVIVOR
GATE_SKIP [331/820] id=GDD17_11 window=XM5 reason=OOS_NOT_PROMISING
SKIP_EXISTING [332/820] id=GDD17_12 window=IS scope=GOLD2
GATE_SKIP [332/820] id=GDD17_12 window=OOS reason=IS_NOT_SURVIVOR
GATE_SKIP [332/820] id=GDD17_12 window=XM5 reason=OOS_NOT_PROMISING
SKIP_EXISTING [333/820] id=GDD17_13 window=IS scope=GOLD2
GATE_SKIP [333/820] id=GDD17_13 window=OOS reason=IS_NOT_SURVIVOR
GATE_SKIP [333/820] id=GDD17_13 window=XM5 reason=OOS_NOT_PROMISING
SKIP_EXISTING [334/820] id=GDD17_14 window=IS scope=GOLD2
GATE_SKIP [334/820] id=GDD17_14 window=OOS reason=IS_NOT_SURVIVOR
GATE_SKIP [334/820] id=GDD17_14 window=XM5 reason=OOS_NOT_PROMISING
SKIP_EXISTING [335/820] id=GDD17_15 window=IS scope=GOLD2
GATE_SKIP [335/820] id=GDD17_15 window=OOS reason=IS_NOT_SURVIVOR
GATE_SKIP [335/820] id=GDD17_15 window=XM5 reason=OOS_NOT_PROMISING
SKIP_EXISTING [336/820] id=GDD17_16 window=IS scope=GOLD2
GATE_SKIP [336/820] id=GDD17_16 window=OOS reason=IS_NOT_SURVIVOR
GATE_SKIP [336/820] id=GDD17_16 window=XM5 reason=OOS_NOT_PROMISING
SKIP_EXISTING [337/820] id=GDD17_17 window=IS scope=GOLD2
GATE_SKIP [337/820] id=GDD17_17 window=OOS reason=IS_NOT_SURVIVOR
GATE_SKIP [337/820] id=GDD17_17 window=XM5 reason=OOS_NOT_PROMISING
SKIP_EXISTING [338/820] id=GDD17_18 window=IS scope=GOLD2
GATE_SKIP [338/820] id=GDD17_18 window=OOS reason=IS_NOT_SURVIVOR
GATE_SKIP [338/820] id=GDD17_18 window=XM5 reason=OOS_NOT_PROMISING
SKIP_EXISTING [339/820] id=GDD17_19 window=IS scope=GOLD2
GATE_SKIP [339/820] id=GDD17_19 window=OOS reason=IS_NOT_SURVIVOR
GATE_SKIP [339/820] id=GDD17_19 window=XM5 reason=OOS_NOT_PROMISING
SKIP_EXISTING [340/820] id=GDD17_20 window=IS scope=GOLD2
GATE_SKIP [340/820] id=GDD17_20 window=OOS reason=IS_NOT_SURVIVOR
GATE_SKIP [340/820] id=GDD17_20 window=XM5 reason=OOS_NOT_PROMISING
SKIP_EXISTING [341/820] id=GDD18_01 window=IS scope=GOLD2
GATE_SKIP [341/820] id=GDD18_01 window=OOS reason=IS_NOT_SURVIVOR
GATE_SKIP [341/820] id=GDD18_01 window=XM5 reason=OOS_NOT_PROMISING
SKIP_EXISTING [342/820] id=GDD18_02 window=IS scope=GOLD2
GATE_SKIP [342/820] id=GDD18_02 window=OOS reason=IS_NOT_SURVIVOR
GATE_SKIP [342/820] id=GDD18_02 window=XM5 reason=OOS_NOT_PROMISING
SKIP_EXISTING [343/820] id=GDD18_03 window=IS scope=GOLD2
GATE_SKIP [343/820] id=GDD18_03 window=OOS reason=IS_NOT_SURVIVOR
GATE_SKIP [343/820] id=GDD18_03 window=XM5 reason=OOS_NOT_PROMISING
SKIP_EXISTING [344/820] id=GDD18_04 window=IS scope=GOLD2
GATE_SKIP [344/820] id=GDD18_04 window=OOS reason=IS_NOT_SURVIVOR
GATE_SKIP [344/820] id=GDD18_04 window=XM5 reason=OOS_NOT_PROMISING
SKIP_EXISTING [345/820] id=GDD18_05 window=IS scope=GOLD2
GATE_SKIP [345/820] id=GDD18_05 window=OOS reason=IS_NOT_SURVIVOR
GATE_SKIP [345/820] id=GDD18_05 window=XM5 reason=OOS_NOT_PROMISING
SKIP_EXISTING [346/820] id=GDD18_06 window=IS scope=GOLD2
GATE_SKIP [346/820] id=GDD18_06 window=OOS reason=IS_NOT_SURVIVOR
GATE_SKIP [346/820] id=GDD18_06 window=XM5 reason=OOS_NOT_PROMISING
SKIP_EXISTING [347/820] id=GDD18_07 window=IS scope=GOLD2
GATE_SKIP [347/820] id=GDD18_07 window=OOS reason=IS_NOT_SURVIVOR
GATE_SKIP [347/820] id=GDD18_07 window=XM5 reason=OOS_NOT_PROMISING
SKIP_EXISTING [348/820] id=GDD18_08 window=IS scope=GOLD2
GATE_SKIP [348/820] id=GDD18_08 window=OOS reason=IS_NOT_SURVIVOR
GATE_SKIP [348/820] id=GDD18_08 window=XM5 reason=OOS_NOT_PROMISING
SKIP_EXISTING [349/820] id=GDD18_09 window=IS scope=GOLD2
GATE_SKIP [349/820] id=GDD18_09 window=OOS reason=IS_NOT_SURVIVOR
GATE_SKIP [349/820] id=GDD18_09 window=XM5 reason=OOS_NOT_PROMISING
SKIP_EXISTING [350/820] id=GDD18_10 window=IS scope=GOLD2
GATE_SKIP [350/820] id=GDD18_10 window=OOS reason=IS_NOT_SURVIVOR
GATE_SKIP [350/820] id=GDD18_10 window=XM5 reason=OOS_NOT_PROMISING
SKIP_EXISTING [351/820] id=GDD18_11 window=IS scope=GOLD2
GATE_SKIP [351/820] id=GDD18_11 window=OOS reason=IS_NOT_SURVIVOR
GATE_SKIP [351/820] id=GDD18_11 window=XM5 reason=OOS_NOT_PROMISING
SKIP_EXISTING [352/820] id=GDD18_12 window=IS scope=GOLD2
GATE_SKIP [352/820] id=GDD18_12 window=OOS reason=IS_NOT_SURVIVOR
GATE_SKIP [352/820] id=GDD18_12 window=XM5 reason=OOS_NOT_PROMISING
SKIP_EXISTING [353/820] id=GDD18_13 window=IS scope=GOLD2
GATE_SKIP [353/820] id=GDD18_13 window=OOS reason=IS_NOT_SURVIVOR
GATE_SKIP [353/820] id=GDD18_13 window=XM5 reason=OOS_NOT_PROMISING
SKIP_EXISTING [354/820] id=GDD18_14 window=IS scope=GOLD2
GATE_SKIP [354/820] id=GDD18_14 window=OOS reason=IS_NOT_SURVIVOR
GATE_SKIP [354/820] id=GDD18_14 window=XM5 reason=OOS_NOT_PROMISING
SKIP_EXISTING [355/820] id=GDD18_15 window=IS scope=GOLD2
GATE_SKIP [355/820] id=GDD18_15 window=OOS reason=IS_NOT_SURVIVOR
GATE_SKIP [355/820] id=GDD18_15 window=XM5 reason=OOS_NOT_PROMISING
SKIP_EXISTING [356/820] id=GDD18_16 window=IS scope=GOLD2
GATE_SKIP [356/820] id=GDD18_16 window=OOS reason=IS_NOT_SURVIVOR
GATE_SKIP [356/820] id=GDD18_16 window=XM5 reason=OOS_NOT_PROMISING
SKIP_EXISTING [357/820] id=GDD18_17 window=IS scope=GOLD2
GATE_SKIP [357/820] id=GDD18_17 window=OOS reason=IS_NOT_SURVIVOR
GATE_SKIP [357/820] id=GDD18_17 window=XM5 reason=OOS_NOT_PROMISING
SKIP_EXISTING [358/820] id=GDD18_18 window=IS scope=GOLD2
GATE_SKIP [358/820] id=GDD18_18 window=OOS reason=IS_NOT_SURVIVOR
GATE_SKIP [358/820] id=GDD18_18 window=XM5 reason=OOS_NOT_PROMISING
SKIP_EXISTING [359/820] id=GDD18_19 window=IS scope=GOLD2
GATE_SKIP [359/820] id=GDD18_19 window=OOS reason=IS_NOT_SURVIVOR
GATE_SKIP [359/820] id=GDD18_19 window=XM5 reason=OOS_NOT_PROMISING
SKIP_EXISTING [360/820] id=GDD18_20 window=IS scope=GOLD2
GATE_SKIP [360/820] id=GDD18_20 window=OOS reason=IS_NOT_SURVIVOR
GATE_SKIP [360/820] id=GDD18_20 window=XM5 reason=OOS_NOT_PROMISING
SKIP_EXISTING [361/820] id=GDD19_01 window=IS scope=GOLD2
GATE_SKIP [361/820] id=GDD19_01 window=OOS reason=IS_NOT_SURVIVOR
GATE_SKIP [361/820] id=GDD19_01 window=XM5 reason=OOS_NOT_PROMISING
SKIP_EXISTING [362/820] id=GDD19_02 window=IS scope=GOLD2
GATE_SKIP [362/820] id=GDD19_02 window=OOS reason=IS_NOT_SURVIVOR
GATE_SKIP [362/820] id=GDD19_02 window=XM5 reason=OOS_NOT_PROMISING
SKIP_EXISTING [363/820] id=GDD19_03 window=IS scope=GOLD2
GATE_SKIP [363/820] id=GDD19_03 window=OOS reason=IS_NOT_SURVIVOR
GATE_SKIP [363/820] id=GDD19_03 window=XM5 reason=OOS_NOT_PROMISING
SKIP_EXISTING [364/820] id=GDD19_04 window=IS scope=GOLD2
GATE_SKIP [364/820] id=GDD19_04 window=OOS reason=IS_NOT_SURVIVOR
GATE_SKIP [364/820] id=GDD19_04 window=XM5 reason=OOS_NOT_PROMISING
SKIP_EXISTING [365/820] id=GDD19_05 window=IS scope=GOLD2
GATE_SKIP [365/820] id=GDD19_05 window=OOS reason=IS_NOT_SURVIVOR
GATE_SKIP [365/820] id=GDD19_05 window=XM5 reason=OOS_NOT_PROMISING
SKIP_EXISTING [366/820] id=GDD19_06 window=IS scope=GOLD2
GATE_SKIP [366/820] id=GDD19_06 window=OOS reason=IS_NOT_SURVIVOR
GATE_SKIP [366/820] id=GDD19_06 window=XM5 reason=OOS_NOT_PROMISING
SKIP_EXISTING [367/820] id=GDD19_07 window=IS scope=GOLD2
GATE_SKIP [367/820] id=GDD19_07 window=OOS reason=IS_NOT_SURVIVOR
GATE_SKIP [367/820] id=GDD19_07 window=XM5 reason=OOS_NOT_PROMISING
SKIP_EXISTING [368/820] id=GDD19_08 window=IS scope=GOLD2
GATE_SKIP [368/820] id=GDD19_08 window=OOS reason=IS_NOT_SURVIVOR
GATE_SKIP [368/820] id=GDD19_08 window=XM5 reason=OOS_NOT_PROMISING
SKIP_EXISTING [369/820] id=GDD19_09 window=IS scope=GOLD2
GATE_SKIP [369/820] id=GDD19_09 window=OOS reason=IS_NOT_SURVIVOR
GATE_SKIP [369/820] id=GDD19_09 window=XM5 reason=OOS_NOT_PROMISING
SKIP_EXISTING [370/820] id=GDD19_10 window=IS scope=GOLD2
GATE_SKIP [370/820] id=GDD19_10 window=OOS reason=IS_NOT_SURVIVOR
GATE_SKIP [370/820] id=GDD19_10 window=XM5 reason=OOS_NOT_PROMISING
SKIP_EXISTING [371/820] id=GDD19_11 window=IS scope=GOLD2
GATE_SKIP [371/820] id=GDD19_11 window=OOS reason=IS_NOT_SURVIVOR
GATE_SKIP [371/820] id=GDD19_11 window=XM5 reason=OOS_NOT_PROMISING
SKIP_EXISTING [372/820] id=GDD19_12 window=IS scope=GOLD2
GATE_SKIP [372/820] id=GDD19_12 window=OOS reason=IS_NOT_SURVIVOR
GATE_SKIP [372/820] id=GDD19_12 window=XM5 reason=OOS_NOT_PROMISING
SKIP_EXISTING [373/820] id=GDD19_13 window=IS scope=GOLD2
GATE_SKIP [373/820] id=GDD19_13 window=OOS reason=IS_NOT_SURVIVOR
GATE_SKIP [373/820] id=GDD19_13 window=XM5 reason=OOS_NOT_PROMISING
SKIP_EXISTING [374/820] id=GDD19_14 window=IS scope=GOLD2
GATE_SKIP [374/820] id=GDD19_14 window=OOS reason=IS_NOT_SURVIVOR
GATE_SKIP [374/820] id=GDD19_14 window=XM5 reason=OOS_NOT_PROMISING
SKIP_EXISTING [375/820] id=GDD19_15 window=IS scope=GOLD2
GATE_SKIP [375/820] id=GDD19_15 window=OOS reason=IS_NOT_SURVIVOR
GATE_SKIP [375/820] id=GDD19_15 window=XM5 reason=OOS_NOT_PROMISING
SKIP_EXISTING [376/820] id=GDD19_16 window=IS scope=GOLD2
GATE_SKIP [376/820] id=GDD19_16 window=OOS reason=IS_NOT_SURVIVOR
GATE_SKIP [376/820] id=GDD19_16 window=XM5 reason=OOS_NOT_PROMISING
SKIP_EXISTING [377/820] id=GDD19_17 window=IS scope=GOLD2
GATE_SKIP [377/820] id=GDD19_17 window=OOS reason=IS_NOT_SURVIVOR
GATE_SKIP [377/820] id=GDD19_17 window=XM5 reason=OOS_NOT_PROMISING
SKIP_EXISTING [378/820] id=GDD19_18 window=IS scope=GOLD2
GATE_SKIP [378/820] id=GDD19_18 window=OOS reason=IS_NOT_SURVIVOR
GATE_SKIP [378/820] id=GDD19_18 window=XM5 reason=OOS_NOT_PROMISING
SKIP_EXISTING [379/820] id=GDD19_19 window=IS scope=GOLD2
GATE_SKIP [379/820] id=GDD19_19 window=OOS reason=IS_NOT_SURVIVOR
GATE_SKIP [379/820] id=GDD19_19 window=XM5 reason=OOS_NOT_PROMISING
SKIP_EXISTING [380/820] id=GDD19_20 window=IS scope=GOLD2
GATE_SKIP [380/820] id=GDD19_20 window=OOS reason=IS_NOT_SURVIVOR
GATE_SKIP [380/820] id=GDD19_20 window=XM5 reason=OOS_NOT_PROMISING
SKIP_EXISTING [381/820] id=GDD20_01 window=IS scope=GOLD2
GATE_SKIP [381/820] id=GDD20_01 window=OOS reason=IS_NOT_SURVIVOR
GATE_SKIP [381/820] id=GDD20_01 window=XM5 reason=OOS_NOT_PROMISING
SKIP_EXISTING [382/820] id=GDD20_02 window=IS scope=GOLD2
GATE_SKIP [382/820] id=GDD20_02 window=OOS reason=IS_NOT_SURVIVOR
GATE_SKIP [382/820] id=GDD20_02 window=XM5 reason=OOS_NOT_PROMISING
SKIP_EXISTING [383/820] id=GDD20_03 window=IS scope=GOLD2
GATE_SKIP [383/820] id=GDD20_03 window=OOS reason=IS_NOT_SURVIVOR
GATE_SKIP [383/820] id=GDD20_03 window=XM5 reason=OOS_NOT_PROMISING
SKIP_EXISTING [384/820] id=GDD20_04 window=IS scope=GOLD2
GATE_SKIP [384/820] id=GDD20_04 window=OOS reason=IS_NOT_SURVIVOR
GATE_SKIP [384/820] id=GDD20_04 window=XM5 reason=OOS_NOT_PROMISING
SKIP_EXISTING [385/820] id=GDD20_05 window=IS scope=GOLD2
GATE_SKIP [385/820] id=GDD20_05 window=OOS reason=IS_NOT_SURVIVOR
GATE_SKIP [385/820] id=GDD20_05 window=XM5 reason=OOS_NOT_PROMISING
SKIP_EXISTING [386/820] id=GDD20_06 window=IS scope=GOLD2
GATE_SKIP [386/820] id=GDD20_06 window=OOS reason=IS_NOT_SURVIVOR
GATE_SKIP [386/820] id=GDD20_06 window=XM5 reason=OOS_NOT_PROMISING
SKIP_EXISTING [387/820] id=GDD20_07 window=IS scope=GOLD2
GATE_SKIP [387/820] id=GDD20_07 window=OOS reason=IS_NOT_SURVIVOR
GATE_SKIP [387/820] id=GDD20_07 window=XM5 reason=OOS_NOT_PROMISING
SKIP_EXISTING [388/820] id=GDD20_08 window=IS scope=GOLD2
GATE_SKIP [388/820] id=GDD20_08 window=OOS reason=IS_NOT_SURVIVOR
GATE_SKIP [388/820] id=GDD20_08 window=XM5 reason=OOS_NOT_PROMISING
SKIP_EXISTING [389/820] id=GDD20_09 window=IS scope=GOLD2
GATE_SKIP [389/820] id=GDD20_09 window=OOS reason=IS_NOT_SURVIVOR
GATE_SKIP [389/820] id=GDD20_09 window=XM5 reason=OOS_NOT_PROMISING
SKIP_EXISTING [390/820] id=GDD20_10 window=IS scope=GOLD2
GATE_SKIP [390/820] id=GDD20_10 window=OOS reason=IS_NOT_SURVIVOR
GATE_SKIP [390/820] id=GDD20_10 window=XM5 reason=OOS_NOT_PROMISING
SKIP_EXISTING [391/820] id=GDD20_11 window=IS scope=GOLD2
GATE_SKIP [391/820] id=GDD20_11 window=OOS reason=IS_NOT_SURVIVOR
GATE_SKIP [391/820] id=GDD20_11 window=XM5 reason=OOS_NOT_PROMISING
SKIP_EXISTING [392/820] id=GDD20_12 window=IS scope=GOLD2
GATE_SKIP [392/820] id=GDD20_12 window=OOS reason=IS_NOT_SURVIVOR
GATE_SKIP [392/820] id=GDD20_12 window=XM5 reason=OOS_NOT_PROMISING
SKIP_EXISTING [393/820] id=GDD20_13 window=IS scope=GOLD2
GATE_SKIP [393/820] id=GDD20_13 window=OOS reason=IS_NOT_SURVIVOR
GATE_SKIP [393/820] id=GDD20_13 window=XM5 reason=OOS_NOT_PROMISING
SKIP_EXISTING [394/820] id=GDD20_14 window=IS scope=GOLD2
GATE_SKIP [394/820] id=GDD20_14 window=OOS reason=IS_NOT_SURVIVOR
GATE_SKIP [394/820] id=GDD20_14 window=XM5 reason=OOS_NOT_PROMISING
SKIP_EXISTING [395/820] id=GDD20_15 window=IS scope=GOLD2
GATE_SKIP [395/820] id=GDD20_15 window=OOS reason=IS_NOT_SURVIVOR
GATE_SKIP [395/820] id=GDD20_15 window=XM5 reason=OOS_NOT_PROMISING
SKIP_EXISTING [396/820] id=GDD20_16 window=IS scope=GOLD2
GATE_SKIP [396/820] id=GDD20_16 window=OOS reason=IS_NOT_SURVIVOR
GATE_SKIP [396/820] id=GDD20_16 window=XM5 reason=OOS_NOT_PROMISING
SKIP_EXISTING [397/820] id=GDD20_17 window=IS scope=GOLD2
GATE_SKIP [397/820] id=GDD20_17 window=OOS reason=IS_NOT_SURVIVOR
GATE_SKIP [397/820] id=GDD20_17 window=XM5 reason=OOS_NOT_PROMISING
SKIP_EXISTING [398/820] id=GDD20_18 window=IS scope=GOLD2
GATE_SKIP [398/820] id=GDD20_18 window=OOS reason=IS_NOT_SURVIVOR
GATE_SKIP [398/820] id=GDD20_18 window=XM5 reason=OOS_NOT_PROMISING
SKIP_EXISTING [399/820] id=GDD20_19 window=IS scope=GOLD2
GATE_SKIP [399/820] id=GDD20_19 window=OOS reason=IS_NOT_SURVIVOR
GATE_SKIP [399/820] id=GDD20_19 window=XM5 reason=OOS_NOT_PROMISING
SKIP_EXISTING [400/820] id=GDD20_20 window=IS scope=GOLD2
GATE_SKIP [400/820] id=GDD20_20 window=OOS reason=IS_NOT_SURVIVOR
GATE_SKIP [400/820] id=GDD20_20 window=XM5 reason=OOS_NOT_PROMISING
SKIP_EXISTING [401/820] id=GDD21_01 window=IS scope=GOLD2
GATE_SKIP [401/820] id=GDD21_01 window=OOS reason=IS_NOT_SURVIVOR
GATE_SKIP [401/820] id=GDD21_01 window=XM5 reason=OOS_NOT_PROMISING
SKIP_EXISTING [402/820] id=GDD21_02 window=IS scope=GOLD2
GATE_SKIP [402/820] id=GDD21_02 window=OOS reason=IS_NOT_SURVIVOR
GATE_SKIP [402/820] id=GDD21_02 window=XM5 reason=OOS_NOT_PROMISING
SKIP_EXISTING [403/820] id=GDD21_03 window=IS scope=GOLD2
GATE_SKIP [403/820] id=GDD21_03 window=OOS reason=IS_NOT_SURVIVOR
GATE_SKIP [403/820] id=GDD21_03 window=XM5 reason=OOS_NOT_PROMISING
SKIP_EXISTING [404/820] id=GDD21_04 window=IS scope=GOLD2
GATE_SKIP [404/820] id=GDD21_04 window=OOS reason=IS_NOT_SURVIVOR
GATE_SKIP [404/820] id=GDD21_04 window=XM5 reason=OOS_NOT_PROMISING
SKIP_EXISTING [405/820] id=GDD21_05 window=IS scope=GOLD2
GATE_SKIP [405/820] id=GDD21_05 window=OOS reason=IS_NOT_SURVIVOR
GATE_SKIP [405/820] id=GDD21_05 window=XM5 reason=OOS_NOT_PROMISING
SKIP_EXISTING [406/820] id=GDD21_06 window=IS scope=GOLD2
GATE_SKIP [406/820] id=GDD21_06 window=OOS reason=IS_NOT_SURVIVOR
GATE_SKIP [406/820] id=GDD21_06 window=XM5 reason=OOS_NOT_PROMISING
SKIP_EXISTING [407/820] id=GDD21_07 window=IS scope=GOLD2
GATE_SKIP [407/820] id=GDD21_07 window=OOS reason=IS_NOT_SURVIVOR
GATE_SKIP [407/820] id=GDD21_07 window=XM5 reason=OOS_NOT_PROMISING
SKIP_EXISTING [408/820] id=GDD21_08 window=IS scope=GOLD2
GATE_SKIP [408/820] id=GDD21_08 window=OOS reason=IS_NOT_SURVIVOR
GATE_SKIP [408/820] id=GDD21_08 window=XM5 reason=OOS_NOT_PROMISING
SKIP_EXISTING [409/820] id=GDD21_09 window=IS scope=GOLD2
SKIP_EXISTING [409/820] id=GDD21_09 window=OOS scope=GOLD2
GATE_SKIP [409/820] id=GDD21_09 window=XM5 reason=OOS_NOT_PROMISING
SKIP_EXISTING [410/820] id=GDD21_10 window=IS scope=GOLD2
SKIP_EXISTING [410/820] id=GDD21_10 window=OOS scope=GOLD2
GATE_SKIP [410/820] id=GDD21_10 window=XM5 reason=OOS_NOT_PROMISING
SKIP_EXISTING [411/820] id=GDD21_11 window=IS scope=GOLD2
SKIP_EXISTING [411/820] id=GDD21_11 window=OOS scope=GOLD2
GATE_SKIP [411/820] id=GDD21_11 window=XM5 reason=OOS_NOT_PROMISING
SKIP_EXISTING [412/820] id=GDD21_12 window=IS scope=GOLD2
SKIP_EXISTING [412/820] id=GDD21_12 window=OOS scope=GOLD2
GATE_SKIP [412/820] id=GDD21_12 window=XM5 reason=OOS_NOT_PROMISING
SKIP_EXISTING [413/820] id=GDD21_13 window=IS scope=GOLD2
GATE_SKIP [413/820] id=GDD21_13 window=OOS reason=IS_NOT_SURVIVOR
GATE_SKIP [413/820] id=GDD21_13 window=XM5 reason=OOS_NOT_PROMISING
SKIP_EXISTING [414/820] id=GDD21_14 window=IS scope=GOLD2
GATE_SKIP [414/820] id=GDD21_14 window=OOS reason=IS_NOT_SURVIVOR
GATE_SKIP [414/820] id=GDD21_14 window=XM5 reason=OOS_NOT_PROMISING
SKIP_EXISTING [415/820] id=GDD21_15 window=IS scope=GOLD2
SKIP_EXISTING [415/820] id=GDD21_15 window=OOS scope=GOLD2
GATE_SKIP [415/820] id=GDD21_15 window=XM5 reason=OOS_NOT_PROMISING
SKIP_EXISTING [416/820] id=GDD21_16 window=IS scope=GOLD2
SKIP_EXISTING [416/820] id=GDD21_16 window=OOS scope=GOLD2
GATE_SKIP [416/820] id=GDD21_16 window=XM5 reason=OOS_NOT_PROMISING
SKIP_EXISTING [417/820] id=GDD21_17 window=IS scope=GOLD2
SKIP_EXISTING [417/820] id=GDD21_17 window=OOS scope=GOLD2
GATE_SKIP [417/820] id=GDD21_17 window=XM5 reason=OOS_NOT_PROMISING
SKIP_EXISTING [418/820] id=GDD21_18 window=IS scope=GOLD2
SKIP_EXISTING [418/820] id=GDD21_18 window=OOS scope=GOLD2
GATE_SKIP [418/820] id=GDD21_18 window=XM5 reason=OOS_NOT_PROMISING
SKIP_EXISTING [419/820] id=GDD21_19 window=IS scope=GOLD2
SKIP_EXISTING [419/820] id=GDD21_19 window=OOS scope=GOLD2
GATE_SKIP [419/820] id=GDD21_19 window=XM5 reason=OOS_NOT_PROMISING
SKIP_EXISTING [420/820] id=GDD21_20 window=IS scope=GOLD2
SKIP_EXISTING [420/820] id=GDD21_20 window=OOS scope=GOLD2
GATE_SKIP [420/820] id=GDD21_20 window=XM5 reason=OOS_NOT_PROMISING
SKIP_EXISTING [421/820] id=GDD22_01 window=IS scope=GOLD2
GATE_SKIP [421/820] id=GDD22_01 window=OOS reason=IS_NOT_SURVIVOR
GATE_SKIP [421/820] id=GDD22_01 window=XM5 reason=OOS_NOT_PROMISING
SKIP_EXISTING [422/820] id=GDD22_02 window=IS scope=GOLD2
GATE_SKIP [422/820] id=GDD22_02 window=OOS reason=IS_NOT_SURVIVOR
GATE_SKIP [422/820] id=GDD22_02 window=XM5 reason=OOS_NOT_PROMISING
SKIP_EXISTING [423/820] id=GDD22_03 window=IS scope=GOLD2
SKIP_EXISTING [423/820] id=GDD22_03 window=OOS scope=GOLD2
GATE_SKIP [423/820] id=GDD22_03 window=XM5 reason=OOS_NOT_PROMISING
SKIP_EXISTING [424/820] id=GDD22_04 window=IS scope=GOLD2
SKIP_EXISTING [424/820] id=GDD22_04 window=OOS scope=GOLD2
GATE_SKIP [424/820] id=GDD22_04 window=XM5 reason=OOS_NOT_PROMISING
SKIP_EXISTING [425/820] id=GDD22_05 window=IS scope=GOLD2
SKIP_EXISTING [425/820] id=GDD22_05 window=OOS scope=GOLD2
GATE_SKIP [425/820] id=GDD22_05 window=XM5 reason=OOS_NOT_PROMISING
SKIP_EXISTING [426/820] id=GDD22_06 window=IS scope=GOLD2
GATE_SKIP [426/820] id=GDD22_06 window=OOS reason=IS_NOT_SURVIVOR
GATE_SKIP [426/820] id=GDD22_06 window=XM5 reason=OOS_NOT_PROMISING
SKIP_EXISTING [427/820] id=GDD22_07 window=IS scope=GOLD2
SKIP_EXISTING [427/820] id=GDD22_07 window=OOS scope=GOLD2
SKIP_EXISTING [427/820] id=GDD22_07 window=XM5 scope=XM5
SKIP_EXISTING [428/820] id=GDD22_08 window=IS scope=GOLD2
SKIP_EXISTING [428/820] id=GDD22_08 window=OOS scope=GOLD2
GATE_SKIP [428/820] id=GDD22_08 window=XM5 reason=OOS_NOT_PROMISING
SKIP_EXISTING [429/820] id=GDD22_09 window=IS scope=GOLD2
SKIP_EXISTING [429/820] id=GDD22_09 window=OOS scope=GOLD2
GATE_SKIP [429/820] id=GDD22_09 window=XM5 reason=OOS_NOT_PROMISING
SKIP_EXISTING [430/820] id=GDD22_10 window=IS scope=GOLD2
SKIP_EXISTING [430/820] id=GDD22_10 window=OOS scope=GOLD2
GATE_SKIP [430/820] id=GDD22_10 window=XM5 reason=OOS_NOT_PROMISING
SKIP_EXISTING [431/820] id=GDD22_11 window=IS scope=GOLD2
SKIP_EXISTING [431/820] id=GDD22_11 window=OOS scope=GOLD2
GATE_SKIP [431/820] id=GDD22_11 window=XM5 reason=OOS_NOT_PROMISING
SKIP_EXISTING [432/820] id=GDD22_12 window=IS scope=GOLD2
SKIP_EXISTING [432/820] id=GDD22_12 window=OOS scope=GOLD2
GATE_SKIP [432/820] id=GDD22_12 window=XM5 reason=OOS_NOT_PROMISING
SKIP_EXISTING [433/820] id=GDD22_13 window=IS scope=GOLD2
SKIP_EXISTING [433/820] id=GDD22_13 window=OOS scope=GOLD2
GATE_SKIP [433/820] id=GDD22_13 window=XM5 reason=OOS_NOT_PROMISING
SKIP_EXISTING [434/820] id=GDD22_14 window=IS scope=GOLD2
SKIP_EXISTING [434/820] id=GDD22_14 window=OOS scope=GOLD2
GATE_SKIP [434/820] id=GDD22_14 window=XM5 reason=OOS_NOT_PROMISING
SKIP_EXISTING [435/820] id=GDD22_15 window=IS scope=GOLD2
SKIP_EXISTING [435/820] id=GDD22_15 window=OOS scope=GOLD2
GATE_SKIP [435/820] id=GDD22_15 window=XM5 reason=OOS_NOT_PROMISING
SKIP_EXISTING [436/820] id=GDD22_16 window=IS scope=GOLD2
SKIP_EXISTING [436/820] id=GDD22_16 window=OOS scope=GOLD2
GATE_SKIP [436/820] id=GDD22_16 window=XM5 reason=OOS_NOT_PROMISING
SKIP_EXISTING [437/820] id=GDD22_17 window=IS scope=GOLD2
GATE_SKIP [437/820] id=GDD22_17 window=OOS reason=IS_NOT_SURVIVOR
GATE_SKIP [437/820] id=GDD22_17 window=XM5 reason=OOS_NOT_PROMISING
SKIP_EXISTING [438/820] id=GDD22_18 window=IS scope=GOLD2
GATE_SKIP [438/820] id=GDD22_18 window=OOS reason=IS_NOT_SURVIVOR
GATE_SKIP [438/820] id=GDD22_18 window=XM5 reason=OOS_NOT_PROMISING
SKIP_EXISTING [439/820] id=GDD22_19 window=IS scope=GOLD2
GATE_SKIP [439/820] id=GDD22_19 window=OOS reason=IS_NOT_SURVIVOR
GATE_SKIP [439/820] id=GDD22_19 window=XM5 reason=OOS_NOT_PROMISING
SKIP_EXISTING [440/820] id=GDD22_20 window=IS scope=GOLD2
GATE_SKIP [440/820] id=GDD22_20 window=OOS reason=IS_NOT_SURVIVOR
GATE_SKIP [440/820] id=GDD22_20 window=XM5 reason=OOS_NOT_PROMISING
SKIP_EXISTING [441/820] id=GDD23_01 window=IS scope=GOLD2
SKIP_EXISTING [441/820] id=GDD23_01 window=OOS scope=GOLD2
GATE_SKIP [441/820] id=GDD23_01 window=XM5 reason=OOS_NOT_PROMISING
SKIP_EXISTING [442/820] id=GDD23_02 window=IS scope=GOLD2
GATE_SKIP [442/820] id=GDD23_02 window=OOS reason=IS_NOT_SURVIVOR
GATE_SKIP [442/820] id=GDD23_02 window=XM5 reason=OOS_NOT_PROMISING
SKIP_EXISTING [443/820] id=GDD23_03 window=IS scope=GOLD2
GATE_SKIP [443/820] id=GDD23_03 window=OOS reason=IS_NOT_SURVIVOR
GATE_SKIP [443/820] id=GDD23_03 window=XM5 reason=OOS_NOT_PROMISING
SKIP_EXISTING [444/820] id=GDD23_04 window=IS scope=GOLD2
GATE_SKIP [444/820] id=GDD23_04 window=OOS reason=IS_NOT_SURVIVOR
GATE_SKIP [444/820] id=GDD23_04 window=XM5 reason=OOS_NOT_PROMISING
SKIP_EXISTING [445/820] id=GDD23_05 window=IS scope=GOLD2
SKIP_EXISTING [445/820] id=GDD23_05 window=OOS scope=GOLD2
GATE_SKIP [445/820] id=GDD23_05 window=XM5 reason=OOS_NOT_PROMISING
SKIP_EXISTING [446/820] id=GDD23_06 window=IS scope=GOLD2
GATE_SKIP [446/820] id=GDD23_06 window=OOS reason=IS_NOT_SURVIVOR
GATE_SKIP [446/820] id=GDD23_06 window=XM5 reason=OOS_NOT_PROMISING
SKIP_EXISTING [447/820] id=GDD23_07 window=IS scope=GOLD2
SKIP_EXISTING [447/820] id=GDD23_07 window=OOS scope=GOLD2
GATE_SKIP [447/820] id=GDD23_07 window=XM5 reason=OOS_NOT_PROMISING
SKIP_EXISTING [448/820] id=GDD23_08 window=IS scope=GOLD2
SKIP_EXISTING [448/820] id=GDD23_08 window=OOS scope=GOLD2
SKIP_EXISTING [448/820] id=GDD23_08 window=XM5 scope=XM5
SKIP_EXISTING [449/820] id=GDD23_09 window=IS scope=GOLD2
SKIP_EXISTING [449/820] id=GDD23_09 window=OOS scope=GOLD2
SKIP_EXISTING [449/820] id=GDD23_09 window=XM5 scope=XM5
SKIP_EXISTING [450/820] id=GDD23_10 window=IS scope=GOLD2
SKIP_EXISTING [450/820] id=GDD23_10 window=OOS scope=GOLD2
SKIP_EXISTING [450/820] id=GDD23_10 window=XM5 scope=XM5
SKIP_EXISTING [451/820] id=GDD23_11 window=IS scope=GOLD2
SKIP_EXISTING [451/820] id=GDD23_11 window=OOS scope=GOLD2
RUN_START [451/820] id=GDD23_11 family=sca_buffer window=XM5 run=gdda_xm5_gdd23_11_20260815080739_bbfa40
RUN_END [451/820] id=GDD23_11 window=XM5 status=OK decision=XM5_REJECT elapsed=520.512s
RUN_START [452/820] id=GDD23_12 family=sca_buffer window=IS run=gdda_is_gdd23_12_20260815081619_5a5357
WAIT_TERMINAL elapsed=0s processes=metatester64.exe
WAIT_TERMINAL elapsed=62s processes=metatester64.exe
WAIT_TERMINAL elapsed=124s processes=metatester64.exe
WAIT_TERMINAL elapsed=185s processes=metatester64.exe
WAIT_TERMINAL elapsed=247s processes=metatester64.exe
KILL_ORPHAN_TESTER elapsed=309s metatester64.exe
RUN_END [452/820] id=GDD23_12 window=IS status=OK decision=IS_REJECT elapsed=389.108s
GATE_SKIP [452/820] id=GDD23_12 window=OOS reason=IS_NOT_SURVIVOR
GATE_SKIP [452/820] id=GDD23_12 window=XM5 reason=OOS_NOT_PROMISING
RUN_START [453/820] id=GDD23_13 family=sca_buffer window=IS run=gdda_is_gdd23_13_20260815082248_7f8955
RUN_END [453/820] id=GDD23_13 window=IS status=OK decision=IS_REJECT elapsed=65.455s
GATE_SKIP [453/820] id=GDD23_13 window=OOS reason=IS_NOT_SURVIVOR
GATE_SKIP [453/820] id=GDD23_13 window=XM5 reason=OOS_NOT_PROMISING
RUN_START [454/820] id=GDD23_14 family=sca_buffer window=IS run=gdda_is_gdd23_14_20260815082354_0d4406
RUN_END [454/820] id=GDD23_14 window=IS status=OK decision=IS_REJECT elapsed=65.428s
GATE_SKIP [454/820] id=GDD23_14 window=OOS reason=IS_NOT_SURVIVOR
GATE_SKIP [454/820] id=GDD23_14 window=XM5 reason=OOS_NOT_PROMISING
RUN_START [455/820] id=GDD23_15 family=sca_buffer window=IS run=gdda_is_gdd23_15_20260815082459_05beec
RUN_END [455/820] id=GDD23_15 window=IS status=OK decision=IS_REJECT elapsed=65.427s
GATE_SKIP [455/820] id=GDD23_15 window=OOS reason=IS_NOT_SURVIVOR
GATE_SKIP [455/820] id=GDD23_15 window=XM5 reason=OOS_NOT_PROMISING
RUN_START [456/820] id=GDD23_16 family=sca_buffer window=IS run=gdda_is_gdd23_16_20260815082605_c2e192
RUN_END [456/820] id=GDD23_16 window=IS status=OK decision=IS_REJECT elapsed=65.431s
GATE_SKIP [456/820] id=GDD23_16 window=OOS reason=IS_NOT_SURVIVOR
GATE_SKIP [456/820] id=GDD23_16 window=XM5 reason=OOS_NOT_PROMISING
RUN_START [457/820] id=GDD23_17 family=sca_buffer window=IS run=gdda_is_gdd23_17_20260815082710_1e2cc0
RUN_END [457/820] id=GDD23_17 window=IS status=OK decision=IS_REJECT elapsed=65.413s
GATE_SKIP [457/820] id=GDD23_17 window=OOS reason=IS_NOT_SURVIVOR
GATE_SKIP [457/820] id=GDD23_17 window=XM5 reason=OOS_NOT_PROMISING
RUN_START [458/820] id=GDD23_18 family=sca_buffer window=IS run=gdda_is_gdd23_18_20260815082815_68d66e
RUN_END [458/820] id=GDD23_18 window=IS status=OK decision=IS_REJECT elapsed=65.471s
GATE_SKIP [458/820] id=GDD23_18 window=OOS reason=IS_NOT_SURVIVOR
GATE_SKIP [458/820] id=GDD23_18 window=XM5 reason=OOS_NOT_PROMISING
RUN_START [459/820] id=GDD23_19 family=sca_buffer window=IS run=gdda_is_gdd23_19_20260815082921_1e0481
RUN_END [459/820] id=GDD23_19 window=IS status=OK decision=IS_SURVIVOR_TRADEOFF elapsed=65.420s
RUN_START [459/820] id=GDD23_19 family=sca_buffer window=OOS run=gdda_oos_gdd23_19_20260815083026_00b88e
RUN_END [459/820] id=GDD23_19 window=OOS status=OK decision=OOS_REJECT elapsed=45.423s
GATE_SKIP [459/820] id=GDD23_19 window=XM5 reason=OOS_NOT_PROMISING
RUN_START [460/820] id=GDD23_20 family=sca_buffer window=IS run=gdda_is_gdd23_20_20260815083112_faffd8
RUN_END [460/820] id=GDD23_20 window=IS status=OK decision=IS_SURVIVOR_TRADEOFF elapsed=65.510s
RUN_START [460/820] id=GDD23_20 family=sca_buffer window=OOS run=gdda_oos_gdd23_20_20260815083217_f49abd
RUN_END [460/820] id=GDD23_20 window=OOS status=OK decision=OOS_REJECT elapsed=45.433s
GATE_SKIP [460/820] id=GDD23_20 window=XM5 reason=OOS_NOT_PROMISING
RUN_START [461/820] id=GDD24_01 family=sca_rr window=IS run=gdda_is_gdd24_01_20260815083303_392797
RUN_END [461/820] id=GDD24_01 window=IS status=OK decision=IS_SURVIVOR_TRADEOFF elapsed=65.372s
RUN_START [461/820] id=GDD24_01 family=sca_rr window=OOS run=gdda_oos_gdd24_01_20260815083408_db6e01
RUN_END [461/820] id=GDD24_01 window=OOS status=OK decision=OOS_REJECT elapsed=45.389s
GATE_SKIP [461/820] id=GDD24_01 window=XM5 reason=OOS_NOT_PROMISING
RUN_START [462/820] id=GDD24_02 family=sca_rr window=IS run=gdda_is_gdd24_02_20260815083454_3f0e1f
RUN_END [462/820] id=GDD24_02 window=IS status=OK decision=IS_SURVIVOR_TRADEOFF elapsed=65.420s
RUN_START [462/820] id=GDD24_02 family=sca_rr window=OOS run=gdda_oos_gdd24_02_20260815083559_aa3899
RUN_END [462/820] id=GDD24_02 window=OOS status=OK decision=OOS_REJECT elapsed=45.422s
GATE_SKIP [462/820] id=GDD24_02 window=XM5 reason=OOS_NOT_PROMISING
RUN_START [463/820] id=GDD24_03 family=sca_rr window=IS run=gdda_is_gdd24_03_20260815083645_7e36c2
RUN_END [463/820] id=GDD24_03 window=IS status=OK decision=IS_SURVIVOR_DD elapsed=65.374s
RUN_START [463/820] id=GDD24_03 family=sca_rr window=OOS run=gdda_oos_gdd24_03_20260815083750_066b6f
RUN_END [463/820] id=GDD24_03 window=OOS status=OK decision=OOS_REJECT elapsed=45.446s
GATE_SKIP [463/820] id=GDD24_03 window=XM5 reason=OOS_NOT_PROMISING
RUN_START [464/820] id=GDD24_04 family=sca_rr window=IS run=gdda_is_gdd24_04_20260815083835_7e8de8
RUN_END [464/820] id=GDD24_04 window=IS status=OK decision=IS_SURVIVOR_DD elapsed=65.417s
RUN_START [464/820] id=GDD24_04 family=sca_rr window=OOS run=gdda_oos_gdd24_04_20260815083941_e2e374
RUN_END [464/820] id=GDD24_04 window=OOS status=OK decision=OOS_REJECT elapsed=50.430s
GATE_SKIP [464/820] id=GDD24_04 window=XM5 reason=OOS_NOT_PROMISING
RUN_START [465/820] id=GDD24_05 family=sca_rr window=IS run=gdda_is_gdd24_05_20260815084031_12546a
RUN_END [465/820] id=GDD24_05 window=IS status=OK decision=IS_SURVIVOR_DD elapsed=65.406s
RUN_START [465/820] id=GDD24_05 family=sca_rr window=OOS run=gdda_oos_gdd24_05_20260815084137_b8d141
RUN_END [465/820] id=GDD24_05 window=OOS status=OK decision=OOS_REJECT elapsed=45.568s
GATE_SKIP [465/820] id=GDD24_05 window=XM5 reason=OOS_NOT_PROMISING
RUN_START [466/820] id=GDD24_06 family=sca_rr window=IS run=gdda_is_gdd24_06_20260815084222_d3a9c4
RUN_END [466/820] id=GDD24_06 window=IS status=OK decision=IS_SURVIVOR_DD elapsed=70.450s
RUN_START [466/820] id=GDD24_06 family=sca_rr window=OOS run=gdda_oos_gdd24_06_20260815084333_6f0b5d
RUN_END [466/820] id=GDD24_06 window=OOS status=OK decision=OOS_REJECT elapsed=50.531s
GATE_SKIP [466/820] id=GDD24_06 window=XM5 reason=OOS_NOT_PROMISING
RUN_START [467/820] id=GDD24_07 family=sca_rr window=IS run=gdda_is_gdd24_07_20260815084423_ef5297
RUN_END [467/820] id=GDD24_07 window=IS status=OK decision=IS_SURVIVOR_DD elapsed=70.503s
RUN_START [467/820] id=GDD24_07 family=sca_rr window=OOS run=gdda_oos_gdd24_07_20260815084534_562d3b
RUN_END [467/820] id=GDD24_07 window=OOS status=OK decision=OOS_REJECT elapsed=50.532s
GATE_SKIP [467/820] id=GDD24_07 window=XM5 reason=OOS_NOT_PROMISING
RUN_START [468/820] id=GDD24_08 family=sca_rr window=IS run=gdda_is_gdd24_08_20260815084624_2a0483
RUN_END [468/820] id=GDD24_08 window=IS status=OK decision=IS_SURVIVOR_DD elapsed=65.431s
RUN_START [468/820] id=GDD24_08 family=sca_rr window=OOS run=gdda_oos_gdd24_08_20260815084730_c9a5e5
RUN_END [468/820] id=GDD24_08 window=OOS status=OK decision=OOS_REJECT elapsed=45.494s
GATE_SKIP [468/820] id=GDD24_08 window=XM5 reason=OOS_NOT_PROMISING
RUN_START [469/820] id=GDD24_09 family=sca_rr window=IS run=gdda_is_gdd24_09_20260815084815_96cc7d
RUN_END [469/820] id=GDD24_09 window=IS status=OK decision=IS_SURVIVOR_DD elapsed=65.453s
RUN_START [469/820] id=GDD24_09 family=sca_rr window=OOS run=gdda_oos_gdd24_09_20260815084921_f236d8
RUN_END [469/820] id=GDD24_09 window=OOS status=OK decision=OOS_REJECT elapsed=45.461s
GATE_SKIP [469/820] id=GDD24_09 window=XM5 reason=OOS_NOT_PROMISING
RUN_START [470/820] id=GDD24_10 family=sca_rr window=IS run=gdda_is_gdd24_10_20260815085006_7e67b2
RUN_END [470/820] id=GDD24_10 window=IS status=OK decision=IS_SURVIVOR_DD elapsed=65.512s
RUN_START [470/820] id=GDD24_10 family=sca_rr window=OOS run=gdda_oos_gdd24_10_20260815085112_c4372e
WAIT_TERMINAL elapsed=0s processes=metatester64.exe
WAIT_TERMINAL elapsed=62s processes=metatester64.exe
WAIT_TERMINAL elapsed=124s processes=metatester64.exe
WAIT_TERMINAL elapsed=185s processes=metatester64.exe
WAIT_TERMINAL elapsed=247s processes=metatester64.exe
KILL_ORPHAN_TESTER elapsed=309s metatester64.exe
RUN_END [470/820] id=GDD24_10 window=OOS status=OK decision=OOS_REJECT elapsed=424.283s
GATE_SKIP [470/820] id=GDD24_10 window=XM5 reason=OOS_NOT_PROMISING
RUN_START [471/820] id=GDD24_11 family=sca_rr window=IS run=gdda_is_gdd24_11_20260815085816_a168d6
RUN_END [471/820] id=GDD24_11 window=IS status=OK decision=IS_REJECT elapsed=70.527s
GATE_SKIP [471/820] id=GDD24_11 window=OOS reason=IS_NOT_SURVIVOR
GATE_SKIP [471/820] id=GDD24_11 window=XM5 reason=OOS_NOT_PROMISING
RUN_START [472/820] id=GDD24_12 family=sca_rr window=IS run=gdda_is_gdd24_12_20260815085927_1c9aed
RUN_END [472/820] id=GDD24_12 window=IS status=OK decision=IS_SURVIVOR_STRICT elapsed=70.473s
RUN_START [472/820] id=GDD24_12 family=sca_rr window=OOS run=gdda_oos_gdd24_12_20260815090037_d2e0f7
RUN_END [472/820] id=GDD24_12 window=OOS status=OK decision=OOS_REJECT elapsed=45.465s
GATE_SKIP [472/820] id=GDD24_12 window=XM5 reason=OOS_NOT_PROMISING
RUN_START [473/820] id=GDD24_13 family=sca_rr window=IS run=gdda_is_gdd24_13_20260815090123_16f815
RUN_END [473/820] id=GDD24_13 window=IS status=OK decision=IS_SURVIVOR_STRICT elapsed=75.434s
RUN_START [473/820] id=GDD24_13 family=sca_rr window=OOS run=gdda_oos_gdd24_13_20260815090238_6c8843
RUN_END [473/820] id=GDD24_13 window=OOS status=OK decision=OOS_PASS elapsed=45.492s
RUN_START [473/820] id=GDD24_13 family=sca_rr window=XM5 run=gdda_xm5_gdd24_13_20260815090324_b48df8
RUN_END [473/820] id=GDD24_13 window=XM5 status=OK decision=XM5_PASS elapsed=550.582s
RUN_START [474/820] id=GDD24_14 family=sca_rr window=IS run=gdda_is_gdd24_14_20260815091234_e1332c
RUN_END [474/820] id=GDD24_14 window=IS status=OK decision=IS_SURVIVOR_DD elapsed=70.606s
RUN_START [474/820] id=GDD24_14 family=sca_rr window=OOS run=gdda_oos_gdd24_14_20260815091345_ec2868
RUN_END [474/820] id=GDD24_14 window=OOS status=OK decision=OOS_PASS elapsed=50.533s
RUN_START [474/820] id=GDD24_14 family=sca_rr window=XM5 run=gdda_xm5_gdd24_14_20260815091435_6263c3
RUN_END [474/820] id=GDD24_14 window=XM5 status=OK decision=XM5_PASS elapsed=555.593s
RUN_START [475/820] id=GDD24_15 family=sca_rr window=IS run=gdda_is_gdd24_15_20260815092351_b646dd
WAIT_TERMINAL elapsed=1s processes=metatester64.exe
WAIT_TERMINAL elapsed=63s processes=metatester64.exe
WAIT_TERMINAL elapsed=125s processes=metatester64.exe
WAIT_TERMINAL elapsed=186s processes=metatester64.exe
WAIT_TERMINAL elapsed=248s processes=metatester64.exe
KILL_ORPHAN_TESTER elapsed=310s metatester64.exe
RUN_END [475/820] id=GDD24_15 window=IS status=OK decision=IS_SURVIVOR_DD elapsed=390.262s
RUN_START [475/820] id=GDD24_15 family=sca_rr window=OOS run=gdda_oos_gdd24_15_20260815093021_219fe3
RUN_END [475/820] id=GDD24_15 window=OOS status=OK decision=OOS_PASS elapsed=45.491s
RUN_START [475/820] id=GDD24_15 family=sca_rr window=XM5 run=gdda_xm5_gdd24_15_20260815093107_71d24a
RUN_END [475/820] id=GDD24_15 window=XM5 status=OK decision=XM5_PASS elapsed=500.467s
RUN_START [476/820] id=GDD24_16 family=sca_rr window=IS run=gdda_is_gdd24_16_20260815093927_cbadf0
WAIT_TERMINAL elapsed=0s processes=metatester64.exe
WAIT_TERMINAL elapsed=62s processes=metatester64.exe
WAIT_TERMINAL elapsed=124s processes=metatester64.exe
WAIT_TERMINAL elapsed=186s processes=metatester64.exe
WAIT_TERMINAL elapsed=247s processes=metatester64.exe
KILL_ORPHAN_TESTER elapsed=309s metatester64.exe
RUN_END [476/820] id=GDD24_16 window=IS status=OK decision=IS_SURVIVOR_DD elapsed=394.586s
RUN_START [476/820] id=GDD24_16 family=sca_rr window=OOS run=gdda_oos_gdd24_16_20260815094602_efd6d8
RUN_END [476/820] id=GDD24_16 window=OOS status=OK decision=OOS_PASS elapsed=45.590s
RUN_START [476/820] id=GDD24_16 family=sca_rr window=XM5 run=gdda_xm5_gdd24_16_20260815094648_63e0b2
RUN_END [476/820] id=GDD24_16 window=XM5 status=OK decision=XM5_PASS elapsed=510.464s
RUN_START [477/820] id=GDD24_17 family=sca_rr window=IS run=gdda_is_gdd24_17_20260815095518_a2ab03
RUN_END [477/820] id=GDD24_17 window=IS status=OK decision=IS_SURVIVOR_DD elapsed=65.488s
RUN_START [477/820] id=GDD24_17 family=sca_rr window=OOS run=gdda_oos_gdd24_17_20260815095624_6344f6
RUN_END [477/820] id=GDD24_17 window=OOS status=OK decision=OOS_PASS elapsed=45.522s
RUN_START [477/820] id=GDD24_17 family=sca_rr window=XM5 run=gdda_xm5_gdd24_17_20260815095709_e755e5
RUN_END [477/820] id=GDD24_17 window=XM5 status=OK decision=XM5_PASS elapsed=520.506s
RUN_START [478/820] id=GDD24_18 family=sca_rr window=IS run=gdda_is_gdd24_18_20260815100550_a04fa6
WAIT_TERMINAL elapsed=1s processes=metatester64.exe
WAIT_TERMINAL elapsed=62s processes=metatester64.exe
WAIT_TERMINAL elapsed=124s processes=metatester64.exe
WAIT_TERMINAL elapsed=186s processes=metatester64.exe
WAIT_TERMINAL elapsed=248s processes=metatester64.exe
KILL_ORPHAN_TESTER elapsed=309s metatester64.exe
RUN_END [478/820] id=GDD24_18 window=IS status=OK decision=IS_SURVIVOR_DD elapsed=389.807s
RUN_START [478/820] id=GDD24_18 family=sca_rr window=OOS run=gdda_oos_gdd24_18_20260815101219_a0f213
RUN_END [478/820] id=GDD24_18 window=OOS status=OK decision=OOS_REJECT elapsed=45.457s
GATE_SKIP [478/820] id=GDD24_18 window=XM5 reason=OOS_NOT_PROMISING
RUN_START [479/820] id=GDD24_19 family=sca_rr window=IS run=gdda_is_gdd24_19_20260815101305_8069f9
RUN_END [479/820] id=GDD24_19 window=IS status=OK decision=IS_SURVIVOR_DD elapsed=65.441s
RUN_START [479/820] id=GDD24_19 family=sca_rr window=OOS run=gdda_oos_gdd24_19_20260815101410_966e36
RUN_END [479/820] id=GDD24_19 window=OOS status=OK decision=OOS_REJECT elapsed=45.449s
GATE_SKIP [479/820] id=GDD24_19 window=XM5 reason=OOS_NOT_PROMISING
RUN_START [480/820] id=GDD24_20 family=sca_rr window=IS run=gdda_is_gdd24_20_20260815101456_c3766c
RUN_END [480/820] id=GDD24_20 window=IS status=OK decision=IS_SURVIVOR_DD elapsed=65.447s
RUN_START [480/820] id=GDD24_20 family=sca_rr window=OOS run=gdda_oos_gdd24_20_20260815101601_f79c72
RUN_END [480/820] id=GDD24_20 window=OOS status=OK decision=OOS_REJECT elapsed=45.436s
GATE_SKIP [480/820] id=GDD24_20 window=XM5 reason=OOS_NOT_PROMISING
RUN_START [481/820] id=GDD25_01 family=sca_boost window=IS run=gdda_is_gdd25_01_20260815101647_e4ed4f
RUN_END [481/820] id=GDD25_01 window=IS status=OK decision=IS_SURVIVOR_DD elapsed=65.436s
RUN_START [481/820] id=GDD25_01 family=sca_boost window=OOS run=gdda_oos_gdd25_01_20260815101752_9cafa7
RUN_END [481/820] id=GDD25_01 window=OOS status=OK decision=OOS_REJECT elapsed=45.432s
GATE_SKIP [481/820] id=GDD25_01 window=XM5 reason=OOS_NOT_PROMISING
SKIP_EXISTING [482/820] id=GDD25_02 window=IS scope=GOLD2
GATE_SKIP [482/820] id=GDD25_02 window=OOS reason=IS_NOT_SURVIVOR
GATE_SKIP [482/820] id=GDD25_02 window=XM5 reason=OOS_NOT_PROMISING
RUN_START [483/820] id=GDD25_03 family=sca_boost window=IS run=gdda_is_gdd25_03_20260815101838_fbc1f4
RUN_END [483/820] id=GDD25_03 window=IS status=OK decision=IS_SURVIVOR_DD elapsed=65.435s
RUN_START [483/820] id=GDD25_03 family=sca_boost window=OOS run=gdda_oos_gdd25_03_20260815101943_98a6f5
RUN_END [483/820] id=GDD25_03 window=OOS status=OK decision=OOS_REJECT elapsed=45.456s
GATE_SKIP [483/820] id=GDD25_03 window=XM5 reason=OOS_NOT_PROMISING
RUN_START [484/820] id=GDD25_04 family=sca_boost window=IS run=gdda_is_gdd25_04_20260815102029_b80ab7
RUN_END [484/820] id=GDD25_04 window=IS status=OK decision=IS_SURVIVOR_TRADEOFF elapsed=65.445s
RUN_START [484/820] id=GDD25_04 family=sca_boost window=OOS run=gdda_oos_gdd25_04_20260815102134_18f5ca
RUN_END [484/820] id=GDD25_04 window=OOS status=OK decision=OOS_REJECT elapsed=45.424s
GATE_SKIP [484/820] id=GDD25_04 window=XM5 reason=OOS_NOT_PROMISING
RUN_START [485/820] id=GDD25_05 family=sca_boost window=IS run=gdda_is_gdd25_05_20260815102220_1dd11b
RUN_END [485/820] id=GDD25_05 window=IS status=OK decision=IS_SURVIVOR_TRADEOFF elapsed=65.467s
RUN_START [485/820] id=GDD25_05 family=sca_boost window=OOS run=gdda_oos_gdd25_05_20260815102325_5568a4
RUN_END [485/820] id=GDD25_05 window=OOS status=OK decision=OOS_REJECT elapsed=45.433s
GATE_SKIP [485/820] id=GDD25_05 window=XM5 reason=OOS_NOT_PROMISING
RUN_START [486/820] id=GDD25_06 family=sca_boost window=IS run=gdda_is_gdd25_06_20260815102411_38c967
RUN_END [486/820] id=GDD25_06 window=IS status=OK decision=IS_SURVIVOR_TRADEOFF elapsed=65.457s
RUN_START [486/820] id=GDD25_06 family=sca_boost window=OOS run=gdda_oos_gdd25_06_20260815102516_d35e57
RUN_END [486/820] id=GDD25_06 window=OOS status=OK decision=OOS_REJECT elapsed=45.460s
GATE_SKIP [486/820] id=GDD25_06 window=XM5 reason=OOS_NOT_PROMISING
RUN_START [487/820] id=GDD25_07 family=sca_boost window=IS run=gdda_is_gdd25_07_20260815102602_d6cc33
RUN_END [487/820] id=GDD25_07 window=IS status=OK decision=IS_SURVIVOR_TRADEOFF elapsed=65.423s
RUN_START [487/820] id=GDD25_07 family=sca_boost window=OOS run=gdda_oos_gdd25_07_20260815102707_8eab9f
RUN_END [487/820] id=GDD25_07 window=OOS status=OK decision=OOS_REJECT elapsed=45.428s
GATE_SKIP [487/820] id=GDD25_07 window=XM5 reason=OOS_NOT_PROMISING
RUN_START [488/820] id=GDD25_08 family=sca_boost window=IS run=gdda_is_gdd25_08_20260815102752_251783
RUN_END [488/820] id=GDD25_08 window=IS status=OK decision=IS_SURVIVOR_TRADEOFF elapsed=70.473s
RUN_START [488/820] id=GDD25_08 family=sca_boost window=OOS run=gdda_oos_gdd25_08_20260815102903_431c8d
RUN_END [488/820] id=GDD25_08 window=OOS status=OK decision=OOS_REJECT elapsed=45.521s
GATE_SKIP [488/820] id=GDD25_08 window=XM5 reason=OOS_NOT_PROMISING
RUN_START [489/820] id=GDD25_09 family=sca_boost window=IS run=gdda_is_gdd25_09_20260815102949_f14356
RUN_END [489/820] id=GDD25_09 window=IS status=OK decision=IS_SURVIVOR_TRADEOFF elapsed=65.527s
RUN_START [489/820] id=GDD25_09 family=sca_boost window=OOS run=gdda_oos_gdd25_09_20260815103054_5d9365
WAIT_TERMINAL elapsed=0s processes=metatester64.exe
WAIT_TERMINAL elapsed=62s processes=metatester64.exe
WAIT_TERMINAL elapsed=124s processes=metatester64.exe
WAIT_TERMINAL elapsed=186s processes=metatester64.exe
WAIT_TERMINAL elapsed=248s processes=metatester64.exe
KILL_ORPHAN_TESTER elapsed=310s metatester64.exe
RUN_END [489/820] id=GDD25_09 window=OOS status=OK decision=OOS_REJECT elapsed=425.750s
GATE_SKIP [489/820] id=GDD25_09 window=XM5 reason=OOS_NOT_PROMISING
RUN_START [490/820] id=GDD25_10 family=sca_boost window=IS run=gdda_is_gdd25_10_20260815103800_351a99
RUN_END [490/820] id=GDD25_10 window=IS status=OK decision=IS_SURVIVOR_TRADEOFF elapsed=65.547s
RUN_START [490/820] id=GDD25_10 family=sca_boost window=OOS run=gdda_oos_gdd25_10_20260815103905_ea22b0
RUN_END [490/820] id=GDD25_10 window=OOS status=OK decision=OOS_REJECT elapsed=45.500s
GATE_SKIP [490/820] id=GDD25_10 window=XM5 reason=OOS_NOT_PROMISING
RUN_START [491/820] id=GDD25_11 family=sca_boost window=IS run=gdda_is_gdd25_11_20260815103951_6cba80
RUN_END [491/820] id=GDD25_11 window=IS status=OK decision=IS_SURVIVOR_TRADEOFF elapsed=65.497s
RUN_START [491/820] id=GDD25_11 family=sca_boost window=OOS run=gdda_oos_gdd25_11_20260815104056_132010
RUN_END [491/820] id=GDD25_11 window=OOS status=OK decision=OOS_REJECT elapsed=45.499s
GATE_SKIP [491/820] id=GDD25_11 window=XM5 reason=OOS_NOT_PROMISING
RUN_START [492/820] id=GDD25_12 family=sca_boost window=IS run=gdda_is_gdd25_12_20260815104142_51e108
RUN_END [492/820] id=GDD25_12 window=IS status=OK decision=IS_SURVIVOR_TRADEOFF elapsed=65.493s
RUN_START [492/820] id=GDD25_12 family=sca_boost window=OOS run=gdda_oos_gdd25_12_20260815104248_d93bfa
RUN_END [492/820] id=GDD25_12 window=OOS status=OK decision=OOS_REJECT elapsed=45.530s
GATE_SKIP [492/820] id=GDD25_12 window=XM5 reason=OOS_NOT_PROMISING
RUN_START [493/820] id=GDD25_13 family=sca_boost window=IS run=gdda_is_gdd25_13_20260815104333_9e3530
RUN_END [493/820] id=GDD25_13 window=IS status=OK decision=IS_SURVIVOR_TRADEOFF elapsed=95.496s
RUN_START [493/820] id=GDD25_13 family=sca_boost window=OOS run=gdda_oos_gdd25_13_20260815104509_de9ba1
RUN_END [493/820] id=GDD25_13 window=OOS status=OK decision=OOS_REJECT elapsed=45.551s
GATE_SKIP [493/820] id=GDD25_13 window=XM5 reason=OOS_NOT_PROMISING
RUN_START [494/820] id=GDD25_14 family=sca_boost window=IS run=gdda_is_gdd25_14_20260815104554_b416e1
RUN_END [494/820] id=GDD25_14 window=IS status=OK decision=IS_SURVIVOR_TRADEOFF elapsed=65.512s
RUN_START [494/820] id=GDD25_14 family=sca_boost window=OOS run=gdda_oos_gdd25_14_20260815104700_e8cc12
RUN_END [494/820] id=GDD25_14 window=OOS status=OK decision=OOS_REJECT elapsed=45.529s
GATE_SKIP [494/820] id=GDD25_14 window=XM5 reason=OOS_NOT_PROMISING
RUN_START [495/820] id=GDD25_15 family=sca_boost window=IS run=gdda_is_gdd25_15_20260815104745_052fda
RUN_END [495/820] id=GDD25_15 window=IS status=OK decision=IS_SURVIVOR_TRADEOFF elapsed=65.500s
RUN_START [495/820] id=GDD25_15 family=sca_boost window=OOS run=gdda_oos_gdd25_15_20260815104851_fe6d4a
RUN_END [495/820] id=GDD25_15 window=OOS status=OK decision=OOS_REJECT elapsed=45.493s
GATE_SKIP [495/820] id=GDD25_15 window=XM5 reason=OOS_NOT_PROMISING
RUN_START [496/820] id=GDD25_16 family=sca_boost window=IS run=gdda_is_gdd25_16_20260815104936_d03b74
RUN_END [496/820] id=GDD25_16 window=IS status=OK decision=IS_SURVIVOR_TRADEOFF elapsed=65.482s
RUN_START [496/820] id=GDD25_16 family=sca_boost window=OOS run=gdda_oos_gdd25_16_20260815105042_0d22d8
RUN_END [496/820] id=GDD25_16 window=OOS status=OK decision=OOS_REJECT elapsed=45.493s
GATE_SKIP [496/820] id=GDD25_16 window=XM5 reason=OOS_NOT_PROMISING
RUN_START [497/820] id=GDD25_17 family=sca_boost window=IS run=gdda_is_gdd25_17_20260815105127_73e332
RUN_END [497/820] id=GDD25_17 window=IS status=OK decision=IS_REJECT elapsed=65.483s
GATE_SKIP [497/820] id=GDD25_17 window=OOS reason=IS_NOT_SURVIVOR
GATE_SKIP [497/820] id=GDD25_17 window=XM5 reason=OOS_NOT_PROMISING
RUN_START [498/820] id=GDD25_18 family=sca_boost window=IS run=gdda_is_gdd25_18_20260815105233_5c2876
RUN_END [498/820] id=GDD25_18 window=IS status=OK decision=IS_SURVIVOR_TRADEOFF elapsed=65.490s
RUN_START [498/820] id=GDD25_18 family=sca_boost window=OOS run=gdda_oos_gdd25_18_20260815105339_6655b0
RUN_END [498/820] id=GDD25_18 window=OOS status=OK decision=OOS_REJECT elapsed=45.501s
GATE_SKIP [498/820] id=GDD25_18 window=XM5 reason=OOS_NOT_PROMISING
RUN_START [499/820] id=GDD25_19 family=sca_boost window=IS run=gdda_is_gdd25_19_20260815105424_0d1deb
RUN_END [499/820] id=GDD25_19 window=IS status=OK decision=IS_SURVIVOR_TRADEOFF elapsed=65.489s
RUN_START [499/820] id=GDD25_19 family=sca_boost window=OOS run=gdda_oos_gdd25_19_20260815105530_25dd1c
RUN_END [499/820] id=GDD25_19 window=OOS status=OK decision=OOS_REJECT elapsed=45.486s
GATE_SKIP [499/820] id=GDD25_19 window=XM5 reason=OOS_NOT_PROMISING
RUN_START [500/820] id=GDD25_20 family=sca_boost window=IS run=gdda_is_gdd25_20_20260815105615_1d4bf4
RUN_END [500/820] id=GDD25_20 window=IS status=OK decision=IS_SURVIVOR_TRADEOFF elapsed=65.487s
RUN_START [500/820] id=GDD25_20 family=sca_boost window=OOS run=gdda_oos_gdd25_20_20260815105721_32f62b
RUN_END [500/820] id=GDD25_20 window=OOS status=OK decision=OOS_REJECT elapsed=45.500s
GATE_SKIP [500/820] id=GDD25_20 window=XM5 reason=OOS_NOT_PROMISING
RUN_START [501/820] id=GDD26_01 family=sca_trade_end window=IS run=gdda_is_gdd26_01_20260815105806_7d7a6d
RUN_END [501/820] id=GDD26_01 window=IS status=OK decision=IS_SURVIVOR_TRADEOFF elapsed=65.486s
RUN_START [501/820] id=GDD26_01 family=sca_trade_end window=OOS run=gdda_oos_gdd26_01_20260815105912_b90bff
RUN_END [501/820] id=GDD26_01 window=OOS status=OK decision=OOS_REJECT elapsed=45.496s
GATE_SKIP [501/820] id=GDD26_01 window=XM5 reason=OOS_NOT_PROMISING
RUN_START [502/820] id=GDD26_02 family=sca_trade_end window=IS run=gdda_is_gdd26_02_20260815105957_ba815f
RUN_END [502/820] id=GDD26_02 window=IS status=OK decision=IS_SURVIVOR_TRADEOFF elapsed=65.488s
RUN_START [502/820] id=GDD26_02 family=sca_trade_end window=OOS run=gdda_oos_gdd26_02_20260815110103_d3dfbd
RUN_END [502/820] id=GDD26_02 window=OOS status=OK decision=OOS_REJECT elapsed=45.479s
GATE_SKIP [502/820] id=GDD26_02 window=XM5 reason=OOS_NOT_PROMISING
RUN_START [503/820] id=GDD26_03 family=sca_trade_end window=IS run=gdda_is_gdd26_03_20260815110148_074cc5
RUN_END [503/820] id=GDD26_03 window=IS status=OK decision=IS_SURVIVOR_TRADEOFF elapsed=70.498s
RUN_START [503/820] id=GDD26_03 family=sca_trade_end window=OOS run=gdda_oos_gdd26_03_20260815110259_3d50b4
RUN_END [503/820] id=GDD26_03 window=OOS status=OK decision=OOS_REJECT elapsed=45.509s
GATE_SKIP [503/820] id=GDD26_03 window=XM5 reason=OOS_NOT_PROMISING
RUN_START [504/820] id=GDD26_04 family=sca_trade_end window=IS run=gdda_is_gdd26_04_20260815110344_6919fb
RUN_END [504/820] id=GDD26_04 window=IS status=OK decision=IS_SURVIVOR_TRADEOFF elapsed=65.490s
RUN_START [504/820] id=GDD26_04 family=sca_trade_end window=OOS run=gdda_oos_gdd26_04_20260815110450_4e5a96
RUN_END [504/820] id=GDD26_04 window=OOS status=OK decision=OOS_REJECT elapsed=45.518s
GATE_SKIP [504/820] id=GDD26_04 window=XM5 reason=OOS_NOT_PROMISING
RUN_START [505/820] id=GDD26_05 family=sca_trade_end window=IS run=gdda_is_gdd26_05_20260815110535_0d5654
RUN_END [505/820] id=GDD26_05 window=IS status=OK decision=IS_SURVIVOR_TRADEOFF elapsed=65.487s
RUN_START [505/820] id=GDD26_05 family=sca_trade_end window=OOS run=gdda_oos_gdd26_05_20260815110641_9d5381
RUN_END [505/820] id=GDD26_05 window=OOS status=OK decision=OOS_REJECT elapsed=45.483s
GATE_SKIP [505/820] id=GDD26_05 window=XM5 reason=OOS_NOT_PROMISING
RUN_START [506/820] id=GDD26_06 family=sca_trade_end window=IS run=gdda_is_gdd26_06_20260815110726_aeb485
RUN_END [506/820] id=GDD26_06 window=IS status=OK decision=IS_SURVIVOR_TRADEOFF elapsed=65.487s
RUN_START [506/820] id=GDD26_06 family=sca_trade_end window=OOS run=gdda_oos_gdd26_06_20260815110832_d1f0e7
RUN_END [506/820] id=GDD26_06 window=OOS status=OK decision=OOS_REJECT elapsed=45.480s
GATE_SKIP [506/820] id=GDD26_06 window=XM5 reason=OOS_NOT_PROMISING
RUN_START [507/820] id=GDD26_07 family=sca_trade_end window=IS run=gdda_is_gdd26_07_20260815110917_053331
RUN_END [507/820] id=GDD26_07 window=IS status=OK decision=IS_REJECT elapsed=65.471s
GATE_SKIP [507/820] id=GDD26_07 window=OOS reason=IS_NOT_SURVIVOR
GATE_SKIP [507/820] id=GDD26_07 window=XM5 reason=OOS_NOT_PROMISING
RUN_START [508/820] id=GDD26_08 family=sca_trade_end window=IS run=gdda_is_gdd26_08_20260815111023_a34c92
RUN_END [508/820] id=GDD26_08 window=IS status=OK decision=IS_SURVIVOR_TRADEOFF elapsed=65.534s
RUN_START [508/820] id=GDD26_08 family=sca_trade_end window=OOS run=gdda_oos_gdd26_08_20260815111129_689a96
RUN_END [508/820] id=GDD26_08 window=OOS status=OK decision=OOS_REJECT elapsed=45.487s
GATE_SKIP [508/820] id=GDD26_08 window=XM5 reason=OOS_NOT_PROMISING
RUN_START [509/820] id=GDD26_09 family=sca_trade_end window=IS run=gdda_is_gdd26_09_20260815111214_9e2418
RUN_END [509/820] id=GDD26_09 window=IS status=OK decision=IS_SURVIVOR_DD elapsed=65.478s
RUN_START [509/820] id=GDD26_09 family=sca_trade_end window=OOS run=gdda_oos_gdd26_09_20260815111320_de9024
RUN_END [509/820] id=GDD26_09 window=OOS status=OK decision=OOS_REJECT elapsed=45.550s
GATE_SKIP [509/820] id=GDD26_09 window=XM5 reason=OOS_NOT_PROMISING
RUN_START [510/820] id=GDD26_10 family=sca_trade_end window=IS run=gdda_is_gdd26_10_20260815111405_29a559
RUN_END [510/820] id=GDD26_10 window=IS status=OK decision=IS_SURVIVOR_DD elapsed=65.475s
RUN_START [510/820] id=GDD26_10 family=sca_trade_end window=OOS run=gdda_oos_gdd26_10_20260815111511_029627
RUN_END [510/820] id=GDD26_10 window=OOS status=OK decision=OOS_REJECT elapsed=45.475s
GATE_SKIP [510/820] id=GDD26_10 window=XM5 reason=OOS_NOT_PROMISING
RUN_START [511/820] id=GDD26_11 family=sca_trade_end window=IS run=gdda_is_gdd26_11_20260815111556_e874d7
RUN_END [511/820] id=GDD26_11 window=IS status=OK decision=IS_SURVIVOR_DD elapsed=65.484s
RUN_START [511/820] id=GDD26_11 family=sca_trade_end window=OOS run=gdda_oos_gdd26_11_20260815111702_23143a
RUN_END [511/820] id=GDD26_11 window=OOS status=OK decision=OOS_REJECT elapsed=45.488s
GATE_SKIP [511/820] id=GDD26_11 window=XM5 reason=OOS_NOT_PROMISING
RUN_START [512/820] id=GDD26_12 family=sca_trade_end window=IS run=gdda_is_gdd26_12_20260815111747_1c62f1
RUN_END [512/820] id=GDD26_12 window=IS status=OK decision=IS_REJECT elapsed=65.475s
GATE_SKIP [512/820] id=GDD26_12 window=OOS reason=IS_NOT_SURVIVOR
GATE_SKIP [512/820] id=GDD26_12 window=XM5 reason=OOS_NOT_PROMISING
RUN_START [513/820] id=GDD26_13 family=sca_trade_end window=IS run=gdda_is_gdd26_13_20260815111853_6643fd
RUN_END [513/820] id=GDD26_13 window=IS status=OK decision=IS_SURVIVOR_DD elapsed=65.515s
RUN_START [513/820] id=GDD26_13 family=sca_trade_end window=OOS run=gdda_oos_gdd26_13_20260815111958_89a6db
RUN_END [513/820] id=GDD26_13 window=OOS status=OK decision=OOS_REJECT elapsed=45.481s
GATE_SKIP [513/820] id=GDD26_13 window=XM5 reason=OOS_NOT_PROMISING
RUN_START [514/820] id=GDD26_14 family=sca_trade_end window=IS run=gdda_is_gdd26_14_20260815112044_f22144
RUN_END [514/820] id=GDD26_14 window=IS status=OK decision=IS_SURVIVOR_DD elapsed=65.488s
RUN_START [514/820] id=GDD26_14 family=sca_trade_end window=OOS run=gdda_oos_gdd26_14_20260815112149_2f7cd6
RUN_END [514/820] id=GDD26_14 window=OOS status=OK decision=OOS_REJECT elapsed=45.534s
GATE_SKIP [514/820] id=GDD26_14 window=XM5 reason=OOS_NOT_PROMISING
RUN_START [515/820] id=GDD26_15 family=sca_trade_end window=IS run=gdda_is_gdd26_15_20260815112235_09d90c
RUN_END [515/820] id=GDD26_15 window=IS status=OK decision=IS_SURVIVOR_TRADEOFF elapsed=65.479s
RUN_START [515/820] id=GDD26_15 family=sca_trade_end window=OOS run=gdda_oos_gdd26_15_20260815112340_4828aa
RUN_END [515/820] id=GDD26_15 window=OOS status=OK decision=OOS_REJECT elapsed=45.478s
GATE_SKIP [515/820] id=GDD26_15 window=XM5 reason=OOS_NOT_PROMISING
RUN_START [516/820] id=GDD26_16 family=sca_trade_end window=IS run=gdda_is_gdd26_16_20260815112426_fe5fb8
RUN_END [516/820] id=GDD26_16 window=IS status=OK decision=IS_SURVIVOR_TRADEOFF elapsed=65.482s
RUN_START [516/820] id=GDD26_16 family=sca_trade_end window=OOS run=gdda_oos_gdd26_16_20260815112531_bea7e4
RUN_END [516/820] id=GDD26_16 window=OOS status=OK decision=OOS_REJECT elapsed=50.471s
GATE_SKIP [516/820] id=GDD26_16 window=XM5 reason=OOS_NOT_PROMISING
RUN_START [517/820] id=GDD26_17 family=sca_trade_end window=IS run=gdda_is_gdd26_17_20260815112622_4c2e7b
RUN_END [517/820] id=GDD26_17 window=IS status=OK decision=IS_SURVIVOR_TRADEOFF elapsed=65.468s
RUN_START [517/820] id=GDD26_17 family=sca_trade_end window=OOS run=gdda_oos_gdd26_17_20260815112727_cc8d69
RUN_END [517/820] id=GDD26_17 window=OOS status=OK decision=OOS_REJECT elapsed=45.485s
GATE_SKIP [517/820] id=GDD26_17 window=XM5 reason=OOS_NOT_PROMISING
RUN_START [518/820] id=GDD26_18 family=sca_trade_end window=IS run=gdda_is_gdd26_18_20260815112813_dc420e
RUN_END [518/820] id=GDD26_18 window=IS status=OK decision=IS_SURVIVOR_TRADEOFF elapsed=65.476s
RUN_START [518/820] id=GDD26_18 family=sca_trade_end window=OOS run=gdda_oos_gdd26_18_20260815112918_4a9385
RUN_END [518/820] id=GDD26_18 window=OOS status=OK decision=OOS_REJECT elapsed=45.495s
GATE_SKIP [518/820] id=GDD26_18 window=XM5 reason=OOS_NOT_PROMISING
RUN_START [519/820] id=GDD26_19 family=sca_trade_end window=IS run=gdda_is_gdd26_19_20260815113004_818ab3
RUN_END [519/820] id=GDD26_19 window=IS status=OK decision=IS_SURVIVOR_TRADEOFF elapsed=65.483s
RUN_START [519/820] id=GDD26_19 family=sca_trade_end window=OOS run=gdda_oos_gdd26_19_20260815113110_648693
RUN_END [519/820] id=GDD26_19 window=OOS status=OK decision=OOS_REJECT elapsed=50.464s
GATE_SKIP [519/820] id=GDD26_19 window=XM5 reason=OOS_NOT_PROMISING
RUN_START [520/820] id=GDD26_20 family=sca_trade_end window=IS run=gdda_is_gdd26_20_20260815113200_86fcf0
RUN_END [520/820] id=GDD26_20 window=IS status=OK decision=IS_SURVIVOR_TRADEOFF elapsed=65.477s
RUN_START [520/820] id=GDD26_20 family=sca_trade_end window=OOS run=gdda_oos_gdd26_20_20260815113306_8c27eb
RUN_END [520/820] id=GDD26_20 window=OOS status=OK decision=OOS_REJECT elapsed=45.485s
GATE_SKIP [520/820] id=GDD26_20 window=XM5 reason=OOS_NOT_PROMISING
RUN_START [521/820] id=GDD27_01 family=sca_force_close window=IS run=gdda_is_gdd27_01_20260815113351_d86b67
RUN_END [521/820] id=GDD27_01 window=IS status=OK decision=IS_SURVIVOR_TRADEOFF elapsed=65.548s
RUN_START [521/820] id=GDD27_01 family=sca_force_close window=OOS run=gdda_oos_gdd27_01_20260815113457_520252
RUN_END [521/820] id=GDD27_01 window=OOS status=OK decision=OOS_REJECT elapsed=45.448s
GATE_SKIP [521/820] id=GDD27_01 window=XM5 reason=OOS_NOT_PROMISING
RUN_START [522/820] id=GDD27_02 family=sca_force_close window=IS run=gdda_is_gdd27_02_20260815113542_934793
RUN_END [522/820] id=GDD27_02 window=IS status=OK decision=IS_SURVIVOR_TRADEOFF elapsed=65.461s
RUN_START [522/820] id=GDD27_02 family=sca_force_close window=OOS run=gdda_oos_gdd27_02_20260815113648_0d4e4c
RUN_END [522/820] id=GDD27_02 window=OOS status=OK decision=OOS_REJECT elapsed=45.469s
GATE_SKIP [522/820] id=GDD27_02 window=XM5 reason=OOS_NOT_PROMISING
RUN_START [523/820] id=GDD27_03 family=sca_force_close window=IS run=gdda_is_gdd27_03_20260815113733_6eab55
RUN_END [523/820] id=GDD27_03 window=IS status=OK decision=IS_SURVIVOR_TRADEOFF elapsed=65.471s
RUN_START [523/820] id=GDD27_03 family=sca_force_close window=OOS run=gdda_oos_gdd27_03_20260815113839_6da1ec
RUN_END [523/820] id=GDD27_03 window=OOS status=OK decision=OOS_REJECT elapsed=45.466s
GATE_SKIP [523/820] id=GDD27_03 window=XM5 reason=OOS_NOT_PROMISING
RUN_START [524/820] id=GDD27_04 family=sca_force_close window=IS run=gdda_is_gdd27_04_20260815113924_a9669c
RUN_END [524/820] id=GDD27_04 window=IS status=OK decision=IS_SURVIVOR_TRADEOFF elapsed=65.478s
RUN_START [524/820] id=GDD27_04 family=sca_force_close window=OOS run=gdda_oos_gdd27_04_20260815114030_0a8e1d
RUN_END [524/820] id=GDD27_04 window=OOS status=OK decision=OOS_REJECT elapsed=45.465s
GATE_SKIP [524/820] id=GDD27_04 window=XM5 reason=OOS_NOT_PROMISING
RUN_START [525/820] id=GDD27_05 family=sca_force_close window=IS run=gdda_is_gdd27_05_20260815114115_9b50c6
RUN_END [525/820] id=GDD27_05 window=IS status=OK decision=IS_SURVIVOR_TRADEOFF elapsed=65.450s
RUN_START [525/820] id=GDD27_05 family=sca_force_close window=OOS run=gdda_oos_gdd27_05_20260815114221_10cb4e
RUN_END [525/820] id=GDD27_05 window=OOS status=OK decision=OOS_REJECT elapsed=45.457s
GATE_SKIP [525/820] id=GDD27_05 window=XM5 reason=OOS_NOT_PROMISING
RUN_START [526/820] id=GDD27_06 family=sca_force_close window=IS run=gdda_is_gdd27_06_20260815114306_f2ae1e
RUN_END [526/820] id=GDD27_06 window=IS status=OK decision=IS_SURVIVOR_TRADEOFF elapsed=65.452s
RUN_START [526/820] id=GDD27_06 family=sca_force_close window=OOS run=gdda_oos_gdd27_06_20260815114412_41826e
RUN_END [526/820] id=GDD27_06 window=OOS status=OK decision=OOS_REJECT elapsed=45.519s
GATE_SKIP [526/820] id=GDD27_06 window=XM5 reason=OOS_NOT_PROMISING
RUN_START [527/820] id=GDD27_07 family=sca_force_close window=IS run=gdda_is_gdd27_07_20260815114457_f6affa
RUN_END [527/820] id=GDD27_07 window=IS status=OK decision=IS_SURVIVOR_TRADEOFF elapsed=65.459s
RUN_START [527/820] id=GDD27_07 family=sca_force_close window=OOS run=gdda_oos_gdd27_07_20260815114603_87d618
RUN_END [527/820] id=GDD27_07 window=OOS status=OK decision=OOS_REJECT elapsed=45.510s
GATE_SKIP [527/820] id=GDD27_07 window=XM5 reason=OOS_NOT_PROMISING
RUN_START [528/820] id=GDD27_08 family=sca_force_close window=IS run=gdda_is_gdd27_08_20260815114648_c2d647
RUN_END [528/820] id=GDD27_08 window=IS status=OK decision=IS_SURVIVOR_TRADEOFF elapsed=60.472s
RUN_START [528/820] id=GDD27_08 family=sca_force_close window=OOS run=gdda_oos_gdd27_08_20260815114749_427b4b
RUN_END [528/820] id=GDD27_08 window=OOS status=OK decision=OOS_REJECT elapsed=45.467s
GATE_SKIP [528/820] id=GDD27_08 window=XM5 reason=OOS_NOT_PROMISING
RUN_START [529/820] id=GDD27_09 family=sca_force_close window=IS run=gdda_is_gdd27_09_20260815114834_44d7ab
RUN_END [529/820] id=GDD27_09 window=IS status=OK decision=IS_REJECT elapsed=60.446s
GATE_SKIP [529/820] id=GDD27_09 window=OOS reason=IS_NOT_SURVIVOR
GATE_SKIP [529/820] id=GDD27_09 window=XM5 reason=OOS_NOT_PROMISING
RUN_START [530/820] id=GDD27_10 family=sca_force_close window=IS run=gdda_is_gdd27_10_20260815114935_157d1f
RUN_END [530/820] id=GDD27_10 window=IS status=OK decision=IS_REJECT elapsed=60.476s
GATE_SKIP [530/820] id=GDD27_10 window=OOS reason=IS_NOT_SURVIVOR
GATE_SKIP [530/820] id=GDD27_10 window=XM5 reason=OOS_NOT_PROMISING
RUN_START [531/820] id=GDD27_11 family=sca_force_close window=IS run=gdda_is_gdd27_11_20260815115035_cb7ecc
RUN_END [531/820] id=GDD27_11 window=IS status=OK decision=IS_REJECT elapsed=60.458s
GATE_SKIP [531/820] id=GDD27_11 window=OOS reason=IS_NOT_SURVIVOR
GATE_SKIP [531/820] id=GDD27_11 window=XM5 reason=OOS_NOT_PROMISING
RUN_START [532/820] id=GDD27_12 family=sca_force_close window=IS run=gdda_is_gdd27_12_20260815115136_77662b
RUN_END [532/820] id=GDD27_12 window=IS status=OK decision=IS_REJECT elapsed=65.460s
GATE_SKIP [532/820] id=GDD27_12 window=OOS reason=IS_NOT_SURVIVOR
GATE_SKIP [532/820] id=GDD27_12 window=XM5 reason=OOS_NOT_PROMISING
RUN_START [533/820] id=GDD27_13 family=sca_force_close window=IS run=gdda_is_gdd27_13_20260815115241_61a318
RUN_END [533/820] id=GDD27_13 window=IS status=OK decision=IS_REJECT elapsed=65.453s
GATE_SKIP [533/820] id=GDD27_13 window=OOS reason=IS_NOT_SURVIVOR
GATE_SKIP [533/820] id=GDD27_13 window=XM5 reason=OOS_NOT_PROMISING
RUN_START [534/820] id=GDD27_14 family=sca_force_close window=IS run=gdda_is_gdd27_14_20260815115347_27872b
RUN_END [534/820] id=GDD27_14 window=IS status=OK decision=IS_SURVIVOR_DD elapsed=65.449s
RUN_START [534/820] id=GDD27_14 family=sca_force_close window=OOS run=gdda_oos_gdd27_14_20260815115452_9d7451
RUN_END [534/820] id=GDD27_14 window=OOS status=OK decision=OOS_REJECT elapsed=45.471s
GATE_SKIP [534/820] id=GDD27_14 window=XM5 reason=OOS_NOT_PROMISING
RUN_START [535/820] id=GDD27_15 family=sca_force_close window=IS run=gdda_is_gdd27_15_20260815115538_0a6b2d
RUN_END [535/820] id=GDD27_15 window=IS status=OK decision=IS_SURVIVOR_DD elapsed=65.456s
RUN_START [535/820] id=GDD27_15 family=sca_force_close window=OOS run=gdda_oos_gdd27_15_20260815115643_7a54fa
RUN_END [535/820] id=GDD27_15 window=OOS status=OK decision=OOS_REJECT elapsed=45.482s
GATE_SKIP [535/820] id=GDD27_15 window=XM5 reason=OOS_NOT_PROMISING
RUN_START [536/820] id=GDD27_16 family=sca_force_close window=IS run=gdda_is_gdd27_16_20260815115729_5ef73d
RUN_END [536/820] id=GDD27_16 window=IS status=OK decision=IS_SURVIVOR_DD elapsed=65.473s
RUN_START [536/820] id=GDD27_16 family=sca_force_close window=OOS run=gdda_oos_gdd27_16_20260815115834_f027a0
RUN_END [536/820] id=GDD27_16 window=OOS status=OK decision=OOS_REJECT elapsed=45.474s
GATE_SKIP [536/820] id=GDD27_16 window=XM5 reason=OOS_NOT_PROMISING
RUN_START [537/820] id=GDD27_17 family=sca_force_close window=IS run=gdda_is_gdd27_17_20260815115920_f623e7
RUN_END [537/820] id=GDD27_17 window=IS status=OK decision=IS_REJECT elapsed=65.473s
GATE_SKIP [537/820] id=GDD27_17 window=OOS reason=IS_NOT_SURVIVOR
GATE_SKIP [537/820] id=GDD27_17 window=XM5 reason=OOS_NOT_PROMISING
RUN_START [538/820] id=GDD27_18 family=sca_force_close window=IS run=gdda_is_gdd27_18_20260815120025_b8091f
RUN_END [538/820] id=GDD27_18 window=IS status=OK decision=IS_SURVIVOR_DD elapsed=65.475s
RUN_START [538/820] id=GDD27_18 family=sca_force_close window=OOS run=gdda_oos_gdd27_18_20260815120131_a8b06b
RUN_END [538/820] id=GDD27_18 window=OOS status=OK decision=OOS_PASS elapsed=45.459s
RUN_START [538/820] id=GDD27_18 family=sca_force_close window=XM5 run=gdda_xm5_gdd27_18_20260815120216_f77a8b
RUN_END [538/820] id=GDD27_18 window=XM5 status=OK decision=XM5_REJECT elapsed=500.497s
RUN_START [539/820] id=GDD27_19 family=sca_force_close window=IS run=gdda_is_gdd27_19_20260815121037_9edc4e
WAIT_TERMINAL elapsed=0s processes=metatester64.exe
WAIT_TERMINAL elapsed=62s processes=metatester64.exe
WAIT_TERMINAL elapsed=124s processes=metatester64.exe
WAIT_TERMINAL elapsed=185s processes=metatester64.exe
WAIT_TERMINAL elapsed=247s processes=metatester64.exe
KILL_ORPHAN_TESTER elapsed=308s metatester64.exe
RUN_END [539/820] id=GDD27_19 window=IS status=OK decision=IS_SURVIVOR_DD elapsed=433.844s
RUN_START [539/820] id=GDD27_19 family=sca_force_close window=OOS run=gdda_oos_gdd27_19_20260815121751_bf5752
RUN_END [539/820] id=GDD27_19 window=OOS status=OK decision=OOS_PASS elapsed=45.483s
RUN_START [539/820] id=GDD27_19 family=sca_force_close window=XM5 run=gdda_xm5_gdd27_19_20260815121836_351a8b
RUN_END [539/820] id=GDD27_19 window=XM5 status=OK decision=XM5_REJECT elapsed=500.465s
RUN_START [540/820] id=GDD27_20 family=sca_force_close window=IS run=gdda_is_gdd27_20_20260815122657_86f4a5
WAIT_TERMINAL elapsed=0s processes=metatester64.exe
WAIT_TERMINAL elapsed=62s processes=metatester64.exe
WAIT_TERMINAL elapsed=124s processes=metatester64.exe
WAIT_TERMINAL elapsed=185s processes=metatester64.exe
WAIT_TERMINAL elapsed=247s processes=metatester64.exe
KILL_ORPHAN_TESTER elapsed=308s metatester64.exe
RUN_END [540/820] id=GDD27_20 window=IS status=OK decision=IS_SURVIVOR_DD elapsed=388.762s
RUN_START [540/820] id=GDD27_20 family=sca_force_close window=OOS run=gdda_oos_gdd27_20_20260815123325_edbe3b
RUN_END [540/820] id=GDD27_20 window=OOS status=OK decision=OOS_REJECT elapsed=45.478s
GATE_SKIP [540/820] id=GDD27_20 window=XM5 reason=OOS_NOT_PROMISING
RUN_START [541/820] id=GDD28_01 family=sca_range_start window=IS run=gdda_is_gdd28_01_20260815123411_371adf
RUN_END [541/820] id=GDD28_01 window=IS status=UNVERIFIED decision=UNVERIFIED_EA_INPUT elapsed=0.002s
RUN_START [542/820] id=GDD28_02 family=sca_range_start window=IS run=gdda_is_gdd28_02_20260815123411_6deff0
RUN_END [542/820] id=GDD28_02 window=IS status=UNVERIFIED decision=UNVERIFIED_EA_INPUT elapsed=0.001s
RUN_START [543/820] id=GDD28_03 family=sca_range_start window=IS run=gdda_is_gdd28_03_20260815123411_bed711
RUN_END [543/820] id=GDD28_03 window=IS status=UNVERIFIED decision=UNVERIFIED_EA_INPUT elapsed=0.001s
RUN_START [544/820] id=GDD28_04 family=sca_range_start window=IS run=gdda_is_gdd28_04_20260815123411_f0444c
RUN_END [544/820] id=GDD28_04 window=IS status=UNVERIFIED decision=UNVERIFIED_EA_INPUT elapsed=0.001s
RUN_START [545/820] id=GDD28_05 family=sca_range_start window=IS run=gdda_is_gdd28_05_20260815123411_9b62fd
RUN_END [545/820] id=GDD28_05 window=IS status=UNVERIFIED decision=UNVERIFIED_EA_INPUT elapsed=0.001s
RUN_START [546/820] id=GDD28_06 family=sca_range_start window=IS run=gdda_is_gdd28_06_20260815123411_c7e117
RUN_END [546/820] id=GDD28_06 window=IS status=UNVERIFIED decision=UNVERIFIED_EA_INPUT elapsed=0.001s
RUN_START [547/820] id=GDD28_07 family=sca_range_start window=IS run=gdda_is_gdd28_07_20260815123411_701a4c
RUN_END [547/820] id=GDD28_07 window=IS status=UNVERIFIED decision=UNVERIFIED_EA_INPUT elapsed=0.001s
RUN_START [548/820] id=GDD28_08 family=sca_range_start window=IS run=gdda_is_gdd28_08_20260815123411_93fc12
RUN_END [548/820] id=GDD28_08 window=IS status=UNVERIFIED decision=UNVERIFIED_EA_INPUT elapsed=0.001s
RUN_START [549/820] id=GDD28_09 family=sca_range_start window=IS run=gdda_is_gdd28_09_20260815123411_bd2837
RUN_END [549/820] id=GDD28_09 window=IS status=UNVERIFIED decision=UNVERIFIED_EA_INPUT elapsed=0.001s
RUN_START [550/820] id=GDD28_10 family=sca_range_start window=IS run=gdda_is_gdd28_10_20260815123411_91680a
RUN_END [550/820] id=GDD28_10 window=IS status=UNVERIFIED decision=UNVERIFIED_EA_INPUT elapsed=0.001s
RUN_START [551/820] id=GDD28_11 family=sca_range_start window=IS run=gdda_is_gdd28_11_20260815123411_02f402
RUN_END [551/820] id=GDD28_11 window=IS status=UNVERIFIED decision=UNVERIFIED_EA_INPUT elapsed=0.001s
RUN_START [552/820] id=GDD28_12 family=sca_range_start window=IS run=gdda_is_gdd28_12_20260815123411_f35d70
RUN_END [552/820] id=GDD28_12 window=IS status=UNVERIFIED decision=UNVERIFIED_EA_INPUT elapsed=0.001s
RUN_START [553/820] id=GDD28_13 family=sca_range_start window=IS run=gdda_is_gdd28_13_20260815123411_721206
RUN_END [553/820] id=GDD28_13 window=IS status=UNVERIFIED decision=UNVERIFIED_EA_INPUT elapsed=0.001s
RUN_START [554/820] id=GDD28_14 family=sca_range_start window=IS run=gdda_is_gdd28_14_20260815123411_2d15aa
RUN_END [554/820] id=GDD28_14 window=IS status=UNVERIFIED decision=UNVERIFIED_EA_INPUT elapsed=0.001s
RUN_START [555/820] id=GDD28_15 family=sca_range_start window=IS run=gdda_is_gdd28_15_20260815123411_496358
RUN_END [555/820] id=GDD28_15 window=IS status=UNVERIFIED decision=UNVERIFIED_EA_INPUT elapsed=0.001s
RUN_START [556/820] id=GDD28_16 family=sca_range_start window=IS run=gdda_is_gdd28_16_20260815123411_2375c9
RUN_END [556/820] id=GDD28_16 window=IS status=UNVERIFIED decision=UNVERIFIED_EA_INPUT elapsed=0.001s
RUN_START [557/820] id=GDD28_17 family=sca_range_start window=IS run=gdda_is_gdd28_17_20260815123411_2f7e00
RUN_END [557/820] id=GDD28_17 window=IS status=UNVERIFIED decision=UNVERIFIED_EA_INPUT elapsed=0.001s
RUN_START [558/820] id=GDD28_18 family=sca_range_start window=IS run=gdda_is_gdd28_18_20260815123411_3dd4a7
RUN_END [558/820] id=GDD28_18 window=IS status=UNVERIFIED decision=UNVERIFIED_EA_INPUT elapsed=0.001s
RUN_START [559/820] id=GDD28_19 family=sca_range_start window=IS run=gdda_is_gdd28_19_20260815123411_31580e
RUN_END [559/820] id=GDD28_19 window=IS status=UNVERIFIED decision=UNVERIFIED_EA_INPUT elapsed=0.001s
RUN_START [560/820] id=GDD28_20 family=sca_range_start window=IS run=gdda_is_gdd28_20_20260815123411_ae450c
RUN_END [560/820] id=GDD28_20 window=IS status=UNVERIFIED decision=UNVERIFIED_EA_INPUT elapsed=0.001s
RUN_START [561/820] id=GDD29_01 family=sca_range_end window=IS run=gdda_is_gdd29_01_20260815123411_46ed5b
RUN_END [561/820] id=GDD29_01 window=IS status=UNVERIFIED decision=UNVERIFIED_EA_INPUT elapsed=0.001s
RUN_START [562/820] id=GDD29_02 family=sca_range_end window=IS run=gdda_is_gdd29_02_20260815123411_04f299
RUN_END [562/820] id=GDD29_02 window=IS status=UNVERIFIED decision=UNVERIFIED_EA_INPUT elapsed=0.001s
RUN_START [563/820] id=GDD29_03 family=sca_range_end window=IS run=gdda_is_gdd29_03_20260815123411_d32d10
RUN_END [563/820] id=GDD29_03 window=IS status=UNVERIFIED decision=UNVERIFIED_EA_INPUT elapsed=0.001s
RUN_START [564/820] id=GDD29_04 family=sca_range_end window=IS run=gdda_is_gdd29_04_20260815123411_2d2c45
RUN_END [564/820] id=GDD29_04 window=IS status=UNVERIFIED decision=UNVERIFIED_EA_INPUT elapsed=0.001s
RUN_START [565/820] id=GDD29_05 family=sca_range_end window=IS run=gdda_is_gdd29_05_20260815123411_8d079b
RUN_END [565/820] id=GDD29_05 window=IS status=UNVERIFIED decision=UNVERIFIED_EA_INPUT elapsed=0.001s
RUN_START [566/820] id=GDD29_06 family=sca_range_end window=IS run=gdda_is_gdd29_06_20260815123411_865c3e
RUN_END [566/820] id=GDD29_06 window=IS status=UNVERIFIED decision=UNVERIFIED_EA_INPUT elapsed=0.001s
RUN_START [567/820] id=GDD29_07 family=sca_range_end window=IS run=gdda_is_gdd29_07_20260815123411_ddc9b0
RUN_END [567/820] id=GDD29_07 window=IS status=UNVERIFIED decision=UNVERIFIED_EA_INPUT elapsed=0.001s
RUN_START [568/820] id=GDD29_08 family=sca_range_end window=IS run=gdda_is_gdd29_08_20260815123411_683702
RUN_END [568/820] id=GDD29_08 window=IS status=UNVERIFIED decision=UNVERIFIED_EA_INPUT elapsed=0.001s
RUN_START [569/820] id=GDD29_09 family=sca_range_end window=IS run=gdda_is_gdd29_09_20260815123411_5fdb71
RUN_END [569/820] id=GDD29_09 window=IS status=UNVERIFIED decision=UNVERIFIED_EA_INPUT elapsed=0.001s
RUN_START [570/820] id=GDD29_10 family=sca_range_end window=IS run=gdda_is_gdd29_10_20260815123411_053261
RUN_END [570/820] id=GDD29_10 window=IS status=UNVERIFIED decision=UNVERIFIED_EA_INPUT elapsed=0.001s
RUN_START [571/820] id=GDD29_11 family=sca_range_end window=IS run=gdda_is_gdd29_11_20260815123411_8937d6
RUN_END [571/820] id=GDD29_11 window=IS status=UNVERIFIED decision=UNVERIFIED_EA_INPUT elapsed=0.001s
RUN_START [572/820] id=GDD29_12 family=sca_range_end window=IS run=gdda_is_gdd29_12_20260815123411_e4499e
RUN_END [572/820] id=GDD29_12 window=IS status=UNVERIFIED decision=UNVERIFIED_EA_INPUT elapsed=0.001s
RUN_START [573/820] id=GDD29_13 family=sca_range_end window=IS run=gdda_is_gdd29_13_20260815123411_ab989d
RUN_END [573/820] id=GDD29_13 window=IS status=UNVERIFIED decision=UNVERIFIED_EA_INPUT elapsed=0.001s
RUN_START [574/820] id=GDD29_14 family=sca_range_end window=IS run=gdda_is_gdd29_14_20260815123411_f0a45a
RUN_END [574/820] id=GDD29_14 window=IS status=UNVERIFIED decision=UNVERIFIED_EA_INPUT elapsed=0.001s
RUN_START [575/820] id=GDD29_15 family=sca_range_end window=IS run=gdda_is_gdd29_15_20260815123411_21532d
RUN_END [575/820] id=GDD29_15 window=IS status=UNVERIFIED decision=UNVERIFIED_EA_INPUT elapsed=0.001s
RUN_START [576/820] id=GDD29_16 family=sca_range_end window=IS run=gdda_is_gdd29_16_20260815123411_72a248
RUN_END [576/820] id=GDD29_16 window=IS status=UNVERIFIED decision=UNVERIFIED_EA_INPUT elapsed=0.001s
RUN_START [577/820] id=GDD29_17 family=sca_range_end window=IS run=gdda_is_gdd29_17_20260815123411_dd2a88
RUN_END [577/820] id=GDD29_17 window=IS status=UNVERIFIED decision=UNVERIFIED_EA_INPUT elapsed=0.001s
RUN_START [578/820] id=GDD29_18 family=sca_range_end window=IS run=gdda_is_gdd29_18_20260815123411_f0dd2f
RUN_END [578/820] id=GDD29_18 window=IS status=UNVERIFIED decision=UNVERIFIED_EA_INPUT elapsed=0.001s
RUN_START [579/820] id=GDD29_19 family=sca_range_end window=IS run=gdda_is_gdd29_19_20260815123411_83d1d8
RUN_END [579/820] id=GDD29_19 window=IS status=UNVERIFIED decision=UNVERIFIED_EA_INPUT elapsed=0.001s
RUN_START [580/820] id=GDD29_20 family=sca_range_end window=IS run=gdda_is_gdd29_20_20260815123411_8a7581
RUN_END [580/820] id=GDD29_20 window=IS status=UNVERIFIED decision=UNVERIFIED_EA_INPUT elapsed=0.001s
RUN_START [581/820] id=GDD30_01 family=sca_weekday window=IS run=gdda_is_gdd30_01_20260815123411_0a2e1e
RUN_END [581/820] id=GDD30_01 window=IS status=OK decision=IS_REJECT elapsed=65.451s
GATE_SKIP [581/820] id=GDD30_01 window=OOS reason=IS_NOT_SURVIVOR
GATE_SKIP [581/820] id=GDD30_01 window=XM5 reason=OOS_NOT_PROMISING
RUN_START [582/820] id=GDD30_02 family=sca_weekday window=IS run=gdda_is_gdd30_02_20260815123517_1e1a6e
RUN_END [582/820] id=GDD30_02 window=IS status=OK decision=IS_SURVIVOR_DD elapsed=65.454s
RUN_START [582/820] id=GDD30_02 family=sca_weekday window=OOS run=gdda_oos_gdd30_02_20260815123622_68f2f5
RUN_END [582/820] id=GDD30_02 window=OOS status=OK decision=OOS_REJECT elapsed=45.421s
GATE_SKIP [582/820] id=GDD30_02 window=XM5 reason=OOS_NOT_PROMISING
RUN_START [583/820] id=GDD30_03 family=sca_weekday window=IS run=gdda_is_gdd30_03_20260815123708_53abab
RUN_END [583/820] id=GDD30_03 window=IS status=OK decision=IS_SURVIVOR_DD elapsed=65.423s
RUN_START [583/820] id=GDD30_03 family=sca_weekday window=OOS run=gdda_oos_gdd30_03_20260815123813_d75959
RUN_END [583/820] id=GDD30_03 window=OOS status=OK decision=OOS_REJECT elapsed=45.427s
GATE_SKIP [583/820] id=GDD30_03 window=XM5 reason=OOS_NOT_PROMISING
RUN_START [584/820] id=GDD30_04 family=sca_weekday window=IS run=gdda_is_gdd30_04_20260815123859_2e10f7
RUN_END [584/820] id=GDD30_04 window=IS status=OK decision=IS_SURVIVOR_DD elapsed=65.430s
RUN_START [584/820] id=GDD30_04 family=sca_weekday window=OOS run=gdda_oos_gdd30_04_20260815124004_362d7d
RUN_END [584/820] id=GDD30_04 window=OOS status=OK decision=OOS_PASS elapsed=45.424s
RUN_START [584/820] id=GDD30_04 family=sca_weekday window=XM5 run=gdda_xm5_gdd30_04_20260815124050_dcb19c
RUN_END [584/820] id=GDD30_04 window=XM5 status=OK decision=XM5_PASS elapsed=500.478s
RUN_START [585/820] id=GDD30_05 family=sca_weekday window=IS run=gdda_is_gdd30_05_20260815124910_9e417e
RUN_END [585/820] id=GDD30_05 window=IS status=OK decision=IS_SURVIVOR_DD elapsed=65.491s
RUN_START [585/820] id=GDD30_05 family=sca_weekday window=OOS run=gdda_oos_gdd30_05_20260815125016_292eff
RUN_END [585/820] id=GDD30_05 window=OOS status=OK decision=OOS_REJECT elapsed=45.463s
GATE_SKIP [585/820] id=GDD30_05 window=XM5 reason=OOS_NOT_PROMISING
RUN_START [586/820] id=GDD30_06 family=sca_weekday window=IS run=gdda_is_gdd30_06_20260815125101_7817c5
RUN_END [586/820] id=GDD30_06 window=IS status=OK decision=IS_SURVIVOR_DD elapsed=65.420s
RUN_START [586/820] id=GDD30_06 family=sca_weekday window=OOS run=gdda_oos_gdd30_06_20260815125207_60260f
RUN_END [586/820] id=GDD30_06 window=OOS status=OK decision=OOS_REJECT elapsed=45.422s
GATE_SKIP [586/820] id=GDD30_06 window=XM5 reason=OOS_NOT_PROMISING
RUN_START [587/820] id=GDD30_07 family=sca_weekday window=IS run=gdda_is_gdd30_07_20260815125252_1bd22e
RUN_END [587/820] id=GDD30_07 window=IS status=OK decision=IS_SURVIVOR_DD elapsed=65.418s
RUN_START [587/820] id=GDD30_07 family=sca_weekday window=OOS run=gdda_oos_gdd30_07_20260815125357_95fdb9
RUN_END [587/820] id=GDD30_07 window=OOS status=OK decision=OOS_REJECT elapsed=45.425s
GATE_SKIP [587/820] id=GDD30_07 window=XM5 reason=OOS_NOT_PROMISING
RUN_START [588/820] id=GDD30_08 family=sca_weekday window=IS run=gdda_is_gdd30_08_20260815125443_59c3ed
RUN_END [588/820] id=GDD30_08 window=IS status=OK decision=IS_SURVIVOR_DD elapsed=65.435s
RUN_START [588/820] id=GDD30_08 family=sca_weekday window=OOS run=gdda_oos_gdd30_08_20260815125548_9791d0
RUN_END [588/820] id=GDD30_08 window=OOS status=OK decision=OOS_PASS elapsed=45.433s
RUN_START [588/820] id=GDD30_08 family=sca_weekday window=XM5 run=gdda_xm5_gdd30_08_20260815125634_680fe8
RUN_END [588/820] id=GDD30_08 window=XM5 status=OK decision=XM5_PASS elapsed=515.453s
RUN_START [589/820] id=GDD30_09 family=sca_weekday window=IS run=gdda_is_gdd30_09_20260815130509_6e3a96
WAIT_TERMINAL elapsed=0s processes=metatester64.exe
WAIT_TERMINAL elapsed=62s processes=metatester64.exe
WAIT_TERMINAL elapsed=124s processes=metatester64.exe
WAIT_TERMINAL elapsed=185s processes=metatester64.exe
WAIT_TERMINAL elapsed=247s processes=metatester64.exe
KILL_ORPHAN_TESTER elapsed=309s metatester64.exe
RUN_END [589/820] id=GDD30_09 window=IS status=OK decision=IS_SURVIVOR_DD elapsed=389.096s
RUN_START [589/820] id=GDD30_09 family=sca_weekday window=OOS run=gdda_oos_gdd30_09_20260815131138_5d2023
RUN_END [589/820] id=GDD30_09 window=OOS status=OK decision=OOS_REJECT elapsed=45.471s
GATE_SKIP [589/820] id=GDD30_09 window=XM5 reason=OOS_NOT_PROMISING
RUN_START [590/820] id=GDD30_10 family=sca_weekday window=IS run=gdda_is_gdd30_10_20260815131224_9d70f9
RUN_END [590/820] id=GDD30_10 window=IS status=OK decision=IS_REJECT elapsed=65.419s
GATE_SKIP [590/820] id=GDD30_10 window=OOS reason=IS_NOT_SURVIVOR
GATE_SKIP [590/820] id=GDD30_10 window=XM5 reason=OOS_NOT_PROMISING
RUN_START [591/820] id=GDD30_11 family=sca_weekday window=IS run=gdda_is_gdd30_11_20260815131329_37818a
RUN_END [591/820] id=GDD30_11 window=IS status=OK decision=IS_SURVIVOR_DD elapsed=65.417s
RUN_START [591/820] id=GDD30_11 family=sca_weekday window=OOS run=gdda_oos_gdd30_11_20260815131435_7e2de4
RUN_END [591/820] id=GDD30_11 window=OOS status=OK decision=OOS_PASS elapsed=45.414s
RUN_START [591/820] id=GDD30_11 family=sca_weekday window=XM5 run=gdda_xm5_gdd30_11_20260815131520_90e683
RUN_END [591/820] id=GDD30_11 window=XM5 status=OK decision=XM5_PASS elapsed=500.465s
RUN_START [592/820] id=GDD30_12 family=sca_weekday window=IS run=gdda_is_gdd30_12_20260815132341_5b48e0
RUN_END [592/820] id=GDD30_12 window=IS status=OK decision=IS_SURVIVOR_TRADEOFF elapsed=65.493s
RUN_START [592/820] id=GDD30_12 family=sca_weekday window=OOS run=gdda_oos_gdd30_12_20260815132446_d3f543
RUN_END [592/820] id=GDD30_12 window=OOS status=OK decision=OOS_REJECT elapsed=45.451s
GATE_SKIP [592/820] id=GDD30_12 window=XM5 reason=OOS_NOT_PROMISING
RUN_START [593/820] id=GDD30_13 family=sca_weekday window=IS run=gdda_is_gdd30_13_20260815132532_ffdf5d
RUN_END [593/820] id=GDD30_13 window=IS status=OK decision=IS_REJECT elapsed=65.417s
GATE_SKIP [593/820] id=GDD30_13 window=OOS reason=IS_NOT_SURVIVOR
GATE_SKIP [593/820] id=GDD30_13 window=XM5 reason=OOS_NOT_PROMISING
RUN_START [594/820] id=GDD30_14 family=sca_weekday window=IS run=gdda_is_gdd30_14_20260815132637_81e573
RUN_END [594/820] id=GDD30_14 window=IS status=OK decision=IS_REJECT elapsed=65.426s
GATE_SKIP [594/820] id=GDD30_14 window=OOS reason=IS_NOT_SURVIVOR
GATE_SKIP [594/820] id=GDD30_14 window=XM5 reason=OOS_NOT_PROMISING
RUN_START [595/820] id=GDD30_15 family=sca_weekday window=IS run=gdda_is_gdd30_15_20260815132743_402f71
RUN_END [595/820] id=GDD30_15 window=IS status=OK decision=IS_SURVIVOR_TRADEOFF elapsed=65.466s
RUN_START [595/820] id=GDD30_15 family=sca_weekday window=OOS run=gdda_oos_gdd30_15_20260815132848_2f9ffb
RUN_END [595/820] id=GDD30_15 window=OOS status=OK decision=OOS_PASS elapsed=45.422s
RUN_START [595/820] id=GDD30_15 family=sca_weekday window=XM5 run=gdda_xm5_gdd30_15_20260815132934_ba766a
RUN_END [595/820] id=GDD30_15 window=XM5 status=OK decision=XM5_PASS elapsed=540.457s
RUN_START [596/820] id=GDD30_16 family=sca_weekday window=IS run=gdda_is_gdd30_16_20260815133834_82ffea
WAIT_TERMINAL elapsed=0s processes=metatester64.exe
WAIT_TERMINAL elapsed=62s processes=metatester64.exe
WAIT_TERMINAL elapsed=123s processes=metatester64.exe
WAIT_TERMINAL elapsed=185s processes=metatester64.exe
WAIT_TERMINAL elapsed=246s processes=metatester64.exe
KILL_ORPHAN_TESTER elapsed=308s metatester64.exe
RUN_END [596/820] id=GDD30_16 window=IS status=OK decision=IS_REJECT elapsed=393.116s
GATE_SKIP [596/820] id=GDD30_16 window=OOS reason=IS_NOT_SURVIVOR
GATE_SKIP [596/820] id=GDD30_16 window=XM5 reason=OOS_NOT_PROMISING
RUN_START [597/820] id=GDD30_17 family=sca_weekday window=IS run=gdda_is_gdd30_17_20260815134507_20202f
RUN_END [597/820] id=GDD30_17 window=IS status=OK decision=IS_SURVIVOR_DD elapsed=65.373s
RUN_START [597/820] id=GDD30_17 family=sca_weekday window=OOS run=gdda_oos_gdd30_17_20260815134613_63e9e4
RUN_END [597/820] id=GDD30_17 window=OOS status=OK decision=OOS_REJECT elapsed=45.382s
GATE_SKIP [597/820] id=GDD30_17 window=XM5 reason=OOS_NOT_PROMISING
RUN_START [598/820] id=GDD30_18 family=sca_weekday window=IS run=gdda_is_gdd30_18_20260815134658_ad2c05
RUN_END [598/820] id=GDD30_18 window=IS status=OK decision=IS_SURVIVOR_DD elapsed=65.400s
RUN_START [598/820] id=GDD30_18 family=sca_weekday window=OOS run=gdda_oos_gdd30_18_20260815134804_4b33f5
RUN_END [598/820] id=GDD30_18 window=OOS status=OK decision=OOS_REJECT elapsed=45.398s
GATE_SKIP [598/820] id=GDD30_18 window=XM5 reason=OOS_NOT_PROMISING
RUN_START [599/820] id=GDD30_19 family=sca_weekday window=IS run=gdda_is_gdd30_19_20260815134849_660dc2
RUN_END [599/820] id=GDD30_19 window=IS status=OK decision=IS_SURVIVOR_DD elapsed=65.398s
RUN_START [599/820] id=GDD30_19 family=sca_weekday window=OOS run=gdda_oos_gdd30_19_20260815134954_290fae
RUN_END [599/820] id=GDD30_19 window=OOS status=OK decision=OOS_PASS elapsed=45.387s
RUN_START [599/820] id=GDD30_19 family=sca_weekday window=XM5 run=gdda_xm5_gdd30_19_20260815135040_c08a9a
RUN_END [599/820] id=GDD30_19 window=XM5 status=OK decision=XM5_PASS elapsed=460.418s
RUN_START [600/820] id=GDD30_20 family=sca_weekday window=IS run=gdda_is_gdd30_20_20260815135820_405d0f
WAIT_TERMINAL elapsed=0s processes=metatester64.exe
WAIT_TERMINAL elapsed=62s processes=metatester64.exe
WAIT_TERMINAL elapsed=123s processes=metatester64.exe
WAIT_TERMINAL elapsed=185s processes=metatester64.exe
WAIT_TERMINAL elapsed=246s processes=metatester64.exe
KILL_ORPHAN_TESTER elapsed=307s metatester64.exe
RUN_END [600/820] id=GDD30_20 window=IS status=OK decision=IS_SURVIVOR_DD elapsed=387.809s
RUN_START [600/820] id=GDD30_20 family=sca_weekday window=OOS run=gdda_oos_gdd30_20_20260815140448_93e896
RUN_END [600/820] id=GDD30_20 window=OOS status=OK decision=OOS_REJECT elapsed=45.375s
GATE_SKIP [600/820] id=GDD30_20 window=XM5 reason=OOS_NOT_PROMISING
RUN_START [601/820] id=GDD31_01 family=pb_weekday window=IS run=gdda_is_gdd31_01_20260815140533_65e769
RUN_END [601/820] id=GDD31_01 window=IS status=OK decision=IS_REJECT elapsed=65.391s
GATE_SKIP [601/820] id=GDD31_01 window=OOS reason=IS_NOT_SURVIVOR
GATE_SKIP [601/820] id=GDD31_01 window=XM5 reason=OOS_NOT_PROMISING
RUN_START [602/820] id=GDD31_02 family=pb_weekday window=IS run=gdda_is_gdd31_02_20260815140639_f09af2
RUN_END [602/820] id=GDD31_02 window=IS status=OK decision=IS_SURVIVOR_STRICT elapsed=65.387s
RUN_START [602/820] id=GDD31_02 family=pb_weekday window=OOS run=gdda_oos_gdd31_02_20260815140744_85850c
RUN_END [602/820] id=GDD31_02 window=OOS status=OK decision=OOS_PASS elapsed=45.397s
RUN_START [602/820] id=GDD31_02 family=pb_weekday window=XM5 run=gdda_xm5_gdd31_02_20260815140830_13eaeb
RUN_END [602/820] id=GDD31_02 window=XM5 status=OK decision=XM5_PASS elapsed=450.412s
RUN_START [603/820] id=GDD31_03 family=pb_weekday window=IS run=gdda_is_gdd31_03_20260815141600_524629
WAIT_TERMINAL elapsed=0s processes=metatester64.exe
WAIT_TERMINAL elapsed=62s processes=metatester64.exe
WAIT_TERMINAL elapsed=123s processes=metatester64.exe
WAIT_TERMINAL elapsed=184s processes=metatester64.exe
WAIT_TERMINAL elapsed=246s processes=metatester64.exe
KILL_ORPHAN_TESTER elapsed=307s metatester64.exe
RUN_END [603/820] id=GDD31_03 window=IS status=OK decision=IS_SURVIVOR_DD elapsed=387.709s
RUN_START [603/820] id=GDD31_03 family=pb_weekday window=OOS run=gdda_oos_gdd31_03_20260815142228_64f267
RUN_END [603/820] id=GDD31_03 window=OOS status=OK decision=OOS_PASS elapsed=45.436s
RUN_START [603/820] id=GDD31_03 family=pb_weekday window=XM5 run=gdda_xm5_gdd31_03_20260815142313_b0947c
RUN_END [603/820] id=GDD31_03 window=XM5 status=OK decision=XM5_PASS elapsed=450.393s
RUN_START [604/820] id=GDD31_04 family=pb_weekday window=IS run=gdda_is_gdd31_04_20260815143044_5f7f5a
WAIT_TERMINAL elapsed=0s processes=metatester64.exe
WAIT_TERMINAL elapsed=62s processes=metatester64.exe
WAIT_TERMINAL elapsed=123s processes=metatester64.exe
WAIT_TERMINAL elapsed=184s processes=metatester64.exe
WAIT_TERMINAL elapsed=246s processes=metatester64.exe
KILL_ORPHAN_TESTER elapsed=307s metatester64.exe
RUN_END [604/820] id=GDD31_04 window=IS status=OK decision=IS_SURVIVOR_STRICT elapsed=387.643s
RUN_START [604/820] id=GDD31_04 family=pb_weekday window=OOS run=gdda_oos_gdd31_04_20260815143711_93b4d6
RUN_END [604/820] id=GDD31_04 window=OOS status=OK decision=OOS_REJECT elapsed=45.384s
GATE_SKIP [604/820] id=GDD31_04 window=XM5 reason=OOS_NOT_PROMISING
RUN_START [605/820] id=GDD31_05 family=pb_weekday window=IS run=gdda_is_gdd31_05_20260815143757_b1f42b
RUN_END [605/820] id=GDD31_05 window=IS status=OK decision=IS_SURVIVOR_TRADEOFF elapsed=65.410s
RUN_START [605/820] id=GDD31_05 family=pb_weekday window=OOS run=gdda_oos_gdd31_05_20260815143902_0598f8
RUN_END [605/820] id=GDD31_05 window=OOS status=OK decision=OOS_REJECT elapsed=45.378s
GATE_SKIP [605/820] id=GDD31_05 window=XM5 reason=OOS_NOT_PROMISING
RUN_START [606/820] id=GDD31_06 family=pb_weekday window=IS run=gdda_is_gdd31_06_20260815143948_b7c79b
RUN_END [606/820] id=GDD31_06 window=IS status=OK decision=IS_SURVIVOR_STRICT elapsed=65.377s
RUN_START [606/820] id=GDD31_06 family=pb_weekday window=OOS run=gdda_oos_gdd31_06_20260815144053_d6c70f
RUN_END [606/820] id=GDD31_06 window=OOS status=OK decision=OOS_PASS elapsed=45.367s
RUN_START [606/820] id=GDD31_06 family=pb_weekday window=XM5 run=gdda_xm5_gdd31_06_20260815144139_7c42bc
RUN_END [606/820] id=GDD31_06 window=XM5 status=OK decision=XM5_PASS elapsed=450.393s
RUN_START [607/820] id=GDD31_07 family=pb_weekday window=IS run=gdda_is_gdd31_07_20260815144909_8bc434
RUN_END [607/820] id=GDD31_07 window=IS status=OK decision=IS_SURVIVOR_DD elapsed=65.443s
RUN_START [607/820] id=GDD31_07 family=pb_weekday window=OOS run=gdda_oos_gdd31_07_20260815145014_fcebd6
RUN_END [607/820] id=GDD31_07 window=OOS status=OK decision=OOS_PASS elapsed=45.367s
RUN_START [607/820] id=GDD31_07 family=pb_weekday window=XM5 run=gdda_xm5_gdd31_07_20260815145100_e5fb90
RUN_END [607/820] id=GDD31_07 window=XM5 status=OK decision=XM5_PASS elapsed=450.389s
RUN_START [608/820] id=GDD31_08 family=pb_weekday window=IS run=gdda_is_gdd31_08_20260815145830_7ca0be
WAIT_TERMINAL elapsed=0s processes=metatester64.exe
WAIT_TERMINAL elapsed=62s processes=metatester64.exe
WAIT_TERMINAL elapsed=123s processes=metatester64.exe
WAIT_TERMINAL elapsed=184s processes=metatester64.exe
WAIT_TERMINAL elapsed=246s processes=metatester64.exe
KILL_ORPHAN_TESTER elapsed=307s metatester64.exe
RUN_END [608/820] id=GDD31_08 window=IS status=OK decision=IS_SURVIVOR_STRICT elapsed=387.470s
RUN_START [608/820] id=GDD31_08 family=pb_weekday window=OOS run=gdda_oos_gdd31_08_20260815150458_4e6c43
RUN_END [608/820] id=GDD31_08 window=OOS status=OK decision=OOS_REJECT elapsed=45.380s
GATE_SKIP [608/820] id=GDD31_08 window=XM5 reason=OOS_NOT_PROMISING
RUN_START [609/820] id=GDD31_09 family=pb_weekday window=IS run=gdda_is_gdd31_09_20260815150543_012720
RUN_END [609/820] id=GDD31_09 window=IS status=OK decision=IS_SURVIVOR_TRADEOFF elapsed=65.409s
RUN_START [609/820] id=GDD31_09 family=pb_weekday window=OOS run=gdda_oos_gdd31_09_20260815150649_c04d2e
RUN_END [609/820] id=GDD31_09 window=OOS status=OK decision=OOS_REJECT elapsed=45.386s
GATE_SKIP [609/820] id=GDD31_09 window=XM5 reason=OOS_NOT_PROMISING
RUN_START [610/820] id=GDD31_10 family=pb_weekday window=IS run=gdda_is_gdd31_10_20260815150734_058ad1
RUN_END [610/820] id=GDD31_10 window=IS status=OK decision=IS_SURVIVOR_DD elapsed=65.367s
RUN_START [610/820] id=GDD31_10 family=pb_weekday window=OOS run=gdda_oos_gdd31_10_20260815150839_32a72d
RUN_END [610/820] id=GDD31_10 window=OOS status=OK decision=OOS_PASS elapsed=45.388s
RUN_START [610/820] id=GDD31_10 family=pb_weekday window=XM5 run=gdda_xm5_gdd31_10_20260815150925_34aa52
RUN_END [610/820] id=GDD31_10 window=XM5 status=OK decision=XM5_PASS elapsed=450.401s
RUN_START [611/820] id=GDD31_11 family=pb_weekday window=IS run=gdda_is_gdd31_11_20260815151655_aa6e13
RUN_END [611/820] id=GDD31_11 window=IS status=OK decision=IS_SURVIVOR_STRICT elapsed=65.424s
RUN_START [611/820] id=GDD31_11 family=pb_weekday window=OOS run=gdda_oos_gdd31_11_20260815151801_a5fff3
RUN_END [611/820] id=GDD31_11 window=OOS status=OK decision=OOS_REJECT elapsed=45.378s
GATE_SKIP [611/820] id=GDD31_11 window=XM5 reason=OOS_NOT_PROMISING
RUN_START [612/820] id=GDD31_12 family=pb_weekday window=IS run=gdda_is_gdd31_12_20260815151846_c5aa5a
RUN_END [612/820] id=GDD31_12 window=IS status=OK decision=IS_SURVIVOR_STRICT elapsed=65.377s
RUN_START [612/820] id=GDD31_12 family=pb_weekday window=OOS run=gdda_oos_gdd31_12_20260815151952_891043
RUN_END [612/820] id=GDD31_12 window=OOS status=OK decision=OOS_REJECT elapsed=45.387s
GATE_SKIP [612/820] id=GDD31_12 window=XM5 reason=OOS_NOT_PROMISING
RUN_START [613/820] id=GDD31_13 family=pb_weekday window=IS run=gdda_is_gdd31_13_20260815152037_5aae08
RUN_END [613/820] id=GDD31_13 window=IS status=OK decision=IS_SURVIVOR_DD elapsed=65.372s
RUN_START [613/820] id=GDD31_13 family=pb_weekday window=OOS run=gdda_oos_gdd31_13_20260815152142_b008f3
RUN_END [613/820] id=GDD31_13 window=OOS status=OK decision=OOS_REJECT elapsed=45.369s
GATE_SKIP [613/820] id=GDD31_13 window=XM5 reason=OOS_NOT_PROMISING
RUN_START [614/820] id=GDD31_14 family=pb_weekday window=IS run=gdda_is_gdd31_14_20260815152228_77bd4d
RUN_END [614/820] id=GDD31_14 window=IS status=OK decision=IS_REJECT elapsed=65.368s
GATE_SKIP [614/820] id=GDD31_14 window=OOS reason=IS_NOT_SURVIVOR
GATE_SKIP [614/820] id=GDD31_14 window=XM5 reason=OOS_NOT_PROMISING
RUN_START [615/820] id=GDD31_15 family=pb_weekday window=IS run=gdda_is_gdd31_15_20260815152333_604b17
RUN_END [615/820] id=GDD31_15 window=IS status=OK decision=IS_SURVIVOR_STRICT elapsed=65.423s
RUN_START [615/820] id=GDD31_15 family=pb_weekday window=OOS run=gdda_oos_gdd31_15_20260815152439_26df20
RUN_END [615/820] id=GDD31_15 window=OOS status=OK decision=OOS_REJECT elapsed=45.374s
GATE_SKIP [615/820] id=GDD31_15 window=XM5 reason=OOS_NOT_PROMISING
RUN_START [616/820] id=GDD31_16 family=pb_weekday window=IS run=gdda_is_gdd31_16_20260815152524_d0d599
RUN_END [616/820] id=GDD31_16 window=IS status=OK decision=IS_SURVIVOR_DD elapsed=65.387s
RUN_START [616/820] id=GDD31_16 family=pb_weekday window=OOS run=gdda_oos_gdd31_16_20260815152630_7a3804
RUN_END [616/820] id=GDD31_16 window=OOS status=OK decision=OOS_REJECT elapsed=45.385s
GATE_SKIP [616/820] id=GDD31_16 window=XM5 reason=OOS_NOT_PROMISING
RUN_START [617/820] id=GDD31_17 family=pb_weekday window=IS run=gdda_is_gdd31_17_20260815152715_300ae9
RUN_END [617/820] id=GDD31_17 window=IS status=OK decision=IS_SURVIVOR_DD elapsed=65.371s
RUN_START [617/820] id=GDD31_17 family=pb_weekday window=OOS run=gdda_oos_gdd31_17_20260815152820_90142f
RUN_END [617/820] id=GDD31_17 window=OOS status=OK decision=OOS_PASS elapsed=45.362s
RUN_START [617/820] id=GDD31_17 family=pb_weekday window=XM5 run=gdda_xm5_gdd31_17_20260815152906_9e9609
RUN_END [617/820] id=GDD31_17 window=XM5 status=OK decision=XM5_PASS elapsed=470.409s
RUN_START [618/820] id=GDD31_18 family=pb_weekday window=IS run=gdda_is_gdd31_18_20260815153656_857640
WAIT_TERMINAL elapsed=0s processes=metatester64.exe
WAIT_TERMINAL elapsed=62s processes=metatester64.exe
WAIT_TERMINAL elapsed=123s processes=metatester64.exe
WAIT_TERMINAL elapsed=184s processes=metatester64.exe
WAIT_TERMINAL elapsed=246s processes=metatester64.exe
KILL_ORPHAN_TESTER elapsed=307s metatester64.exe
RUN_END [618/820] id=GDD31_18 window=IS status=OK decision=IS_SURVIVOR_TRADEOFF elapsed=387.627s
RUN_START [618/820] id=GDD31_18 family=pb_weekday window=OOS run=gdda_oos_gdd31_18_20260815154324_bef107
RUN_END [618/820] id=GDD31_18 window=OOS status=OK decision=OOS_PASS elapsed=45.386s
RUN_START [618/820] id=GDD31_18 family=pb_weekday window=XM5 run=gdda_xm5_gdd31_18_20260815154409_9e34d4
RUN_END [618/820] id=GDD31_18 window=XM5 status=OK decision=XM5_PASS elapsed=445.411s
RUN_START [619/820] id=GDD31_19 family=pb_weekday window=IS run=gdda_is_gdd31_19_20260815155135_853400
WAIT_TERMINAL elapsed=0s processes=metatester64.exe
WAIT_TERMINAL elapsed=62s processes=metatester64.exe
WAIT_TERMINAL elapsed=123s processes=metatester64.exe
WAIT_TERMINAL elapsed=185s processes=metatester64.exe
WAIT_TERMINAL elapsed=246s processes=metatester64.exe
KILL_ORPHAN_TESTER elapsed=307s metatester64.exe
RUN_END [619/820] id=GDD31_19 window=IS status=OK decision=IS_SURVIVOR_DD elapsed=387.738s
RUN_START [619/820] id=GDD31_19 family=pb_weekday window=OOS run=gdda_oos_gdd31_19_20260815155802_d53d4e
RUN_END [619/820] id=GDD31_19 window=OOS status=OK decision=OOS_REJECT elapsed=45.385s
GATE_SKIP [619/820] id=GDD31_19 window=XM5 reason=OOS_NOT_PROMISING
RUN_START [620/820] id=GDD31_20 family=pb_weekday window=IS run=gdda_is_gdd31_20_20260815155848_fb7a7c
RUN_END [620/820] id=GDD31_20 window=IS status=OK decision=IS_SURVIVOR_DD elapsed=65.396s
RUN_START [620/820] id=GDD31_20 family=pb_weekday window=OOS run=gdda_oos_gdd31_20_20260815155953_6aa41e
RUN_END [620/820] id=GDD31_20 window=OOS status=OK decision=OOS_PASS elapsed=45.378s
RUN_START [620/820] id=GDD31_20 family=pb_weekday window=XM5 run=gdda_xm5_gdd31_20_20260815160039_77fd6a
RUN_END [620/820] id=GDD31_20 window=XM5 status=OK decision=XM5_REJECT elapsed=450.418s
RUN_START [621/820] id=GDD32_01 family=sca_one_direction window=IS run=gdda_is_gdd32_01_20260815160809_23ef48
RUN_END [621/820] id=GDD32_01 window=IS status=UNVERIFIED decision=UNVERIFIED_EA_INPUT elapsed=0.001s
RUN_START [622/820] id=GDD32_02 family=sca_one_direction window=IS run=gdda_is_gdd32_02_20260815160809_730d50
RUN_END [622/820] id=GDD32_02 window=IS status=UNVERIFIED decision=UNVERIFIED_EA_INPUT elapsed=0.001s
RUN_START [623/820] id=GDD32_03 family=sca_one_direction window=IS run=gdda_is_gdd32_03_20260815160809_a724e8
RUN_END [623/820] id=GDD32_03 window=IS status=UNVERIFIED decision=UNVERIFIED_EA_INPUT elapsed=0.001s
RUN_START [624/820] id=GDD32_04 family=sca_one_direction window=IS run=gdda_is_gdd32_04_20260815160809_260613
RUN_END [624/820] id=GDD32_04 window=IS status=UNVERIFIED decision=UNVERIFIED_EA_INPUT elapsed=0.001s
RUN_START [625/820] id=GDD32_05 family=sca_one_direction window=IS run=gdda_is_gdd32_05_20260815160809_221408
RUN_END [625/820] id=GDD32_05 window=IS status=UNVERIFIED decision=UNVERIFIED_EA_INPUT elapsed=0.001s
RUN_START [626/820] id=GDD32_06 family=sca_one_direction window=IS run=gdda_is_gdd32_06_20260815160809_091e76
RUN_END [626/820] id=GDD32_06 window=IS status=UNVERIFIED decision=UNVERIFIED_EA_INPUT elapsed=0.001s
RUN_START [627/820] id=GDD32_07 family=sca_one_direction window=IS run=gdda_is_gdd32_07_20260815160809_7b5b63
RUN_END [627/820] id=GDD32_07 window=IS status=UNVERIFIED decision=UNVERIFIED_EA_INPUT elapsed=0.001s
RUN_START [628/820] id=GDD32_08 family=sca_one_direction window=IS run=gdda_is_gdd32_08_20260815160809_ea2917
RUN_END [628/820] id=GDD32_08 window=IS status=UNVERIFIED decision=UNVERIFIED_EA_INPUT elapsed=0.001s
RUN_START [629/820] id=GDD32_09 family=sca_one_direction window=IS run=gdda_is_gdd32_09_20260815160809_1213a2
RUN_END [629/820] id=GDD32_09 window=IS status=UNVERIFIED decision=UNVERIFIED_EA_INPUT elapsed=0.001s
RUN_START [630/820] id=GDD32_10 family=sca_one_direction window=IS run=gdda_is_gdd32_10_20260815160809_fcb701
RUN_END [630/820] id=GDD32_10 window=IS status=UNVERIFIED decision=UNVERIFIED_EA_INPUT elapsed=0.001s
RUN_START [631/820] id=GDD32_11 family=sca_one_direction window=IS run=gdda_is_gdd32_11_20260815160809_713153
RUN_END [631/820] id=GDD32_11 window=IS status=UNVERIFIED decision=UNVERIFIED_EA_INPUT elapsed=0.001s
RUN_START [632/820] id=GDD32_12 family=sca_one_direction window=IS run=gdda_is_gdd32_12_20260815160809_e5cb83
RUN_END [632/820] id=GDD32_12 window=IS status=UNVERIFIED decision=UNVERIFIED_EA_INPUT elapsed=0.001s
RUN_START [633/820] id=GDD32_13 family=sca_one_direction window=IS run=gdda_is_gdd32_13_20260815160809_bc61bc
RUN_END [633/820] id=GDD32_13 window=IS status=UNVERIFIED decision=UNVERIFIED_EA_INPUT elapsed=0.001s
RUN_START [634/820] id=GDD32_14 family=sca_one_direction window=IS run=gdda_is_gdd32_14_20260815160809_beb7b7
RUN_END [634/820] id=GDD32_14 window=IS status=UNVERIFIED decision=UNVERIFIED_EA_INPUT elapsed=0.001s
RUN_START [635/820] id=GDD32_15 family=sca_one_direction window=IS run=gdda_is_gdd32_15_20260815160809_115e82
RUN_END [635/820] id=GDD32_15 window=IS status=UNVERIFIED decision=UNVERIFIED_EA_INPUT elapsed=0.001s
RUN_START [636/820] id=GDD32_16 family=sca_one_direction window=IS run=gdda_is_gdd32_16_20260815160809_0e73b4
RUN_END [636/820] id=GDD32_16 window=IS status=UNVERIFIED decision=UNVERIFIED_EA_INPUT elapsed=0.001s
RUN_START [637/820] id=GDD32_17 family=sca_one_direction window=IS run=gdda_is_gdd32_17_20260815160809_541e37
RUN_END [637/820] id=GDD32_17 window=IS status=UNVERIFIED decision=UNVERIFIED_EA_INPUT elapsed=0.001s
RUN_START [638/820] id=GDD32_18 family=sca_one_direction window=IS run=gdda_is_gdd32_18_20260815160809_21f811
RUN_END [638/820] id=GDD32_18 window=IS status=UNVERIFIED decision=UNVERIFIED_EA_INPUT elapsed=0.001s
RUN_START [639/820] id=GDD32_19 family=sca_one_direction window=IS run=gdda_is_gdd32_19_20260815160809_ad5e62
RUN_END [639/820] id=GDD32_19 window=IS status=UNVERIFIED decision=UNVERIFIED_EA_INPUT elapsed=0.001s
RUN_START [640/820] id=GDD32_20 family=sca_one_direction window=IS run=gdda_is_gdd32_20_20260815160809_03c0be
RUN_END [640/820] id=GDD32_20 window=IS status=UNVERIFIED decision=UNVERIFIED_EA_INPUT elapsed=0.001s
RUN_START [641/820] id=GDD33_01 family=sca_failed_break window=IS run=gdda_is_gdd33_01_20260815160809_a22d41
RUN_END [641/820] id=GDD33_01 window=IS status=UNVERIFIED decision=UNVERIFIED_EA_INPUT elapsed=0.001s
RUN_START [642/820] id=GDD33_02 family=sca_failed_break window=IS run=gdda_is_gdd33_02_20260815160809_83d0ed
RUN_END [642/820] id=GDD33_02 window=IS status=UNVERIFIED decision=UNVERIFIED_EA_INPUT elapsed=0.001s
RUN_START [643/820] id=GDD33_03 family=sca_failed_break window=IS run=gdda_is_gdd33_03_20260815160809_324601
RUN_END [643/820] id=GDD33_03 window=IS status=UNVERIFIED decision=UNVERIFIED_EA_INPUT elapsed=0.001s
RUN_START [644/820] id=GDD33_04 family=sca_failed_break window=IS run=gdda_is_gdd33_04_20260815160809_dc26c4
RUN_END [644/820] id=GDD33_04 window=IS status=UNVERIFIED decision=UNVERIFIED_EA_INPUT elapsed=0.001s
RUN_START [645/820] id=GDD33_05 family=sca_failed_break window=IS run=gdda_is_gdd33_05_20260815160809_410697
RUN_END [645/820] id=GDD33_05 window=IS status=UNVERIFIED decision=UNVERIFIED_EA_INPUT elapsed=0.001s
RUN_START [646/820] id=GDD33_06 family=sca_failed_break window=IS run=gdda_is_gdd33_06_20260815160809_2314b1
RUN_END [646/820] id=GDD33_06 window=IS status=UNVERIFIED decision=UNVERIFIED_EA_INPUT elapsed=0.001s
RUN_START [647/820] id=GDD33_07 family=sca_failed_break window=IS run=gdda_is_gdd33_07_20260815160809_7a107b
RUN_END [647/820] id=GDD33_07 window=IS status=UNVERIFIED decision=UNVERIFIED_EA_INPUT elapsed=0.001s
RUN_START [648/820] id=GDD33_08 family=sca_failed_break window=IS run=gdda_is_gdd33_08_20260815160809_c2b421
RUN_END [648/820] id=GDD33_08 window=IS status=UNVERIFIED decision=UNVERIFIED_EA_INPUT elapsed=0.001s
RUN_START [649/820] id=GDD33_09 family=sca_failed_break window=IS run=gdda_is_gdd33_09_20260815160809_8782c5
RUN_END [649/820] id=GDD33_09 window=IS status=UNVERIFIED decision=UNVERIFIED_EA_INPUT elapsed=0.001s
RUN_START [650/820] id=GDD33_10 family=sca_failed_break window=IS run=gdda_is_gdd33_10_20260815160809_fcdd82
RUN_END [650/820] id=GDD33_10 window=IS status=UNVERIFIED decision=UNVERIFIED_EA_INPUT elapsed=0.001s
RUN_START [651/820] id=GDD33_11 family=sca_failed_break window=IS run=gdda_is_gdd33_11_20260815160809_268f25
RUN_END [651/820] id=GDD33_11 window=IS status=UNVERIFIED decision=UNVERIFIED_EA_INPUT elapsed=0.001s
RUN_START [652/820] id=GDD33_12 family=sca_failed_break window=IS run=gdda_is_gdd33_12_20260815160810_74a1d4
RUN_END [652/820] id=GDD33_12 window=IS status=UNVERIFIED decision=UNVERIFIED_EA_INPUT elapsed=0.001s
RUN_START [653/820] id=GDD33_13 family=sca_failed_break window=IS run=gdda_is_gdd33_13_20260815160810_263a6f
RUN_END [653/820] id=GDD33_13 window=IS status=UNVERIFIED decision=UNVERIFIED_EA_INPUT elapsed=0.001s
RUN_START [654/820] id=GDD33_14 family=sca_failed_break window=IS run=gdda_is_gdd33_14_20260815160810_eb8317
RUN_END [654/820] id=GDD33_14 window=IS status=UNVERIFIED decision=UNVERIFIED_EA_INPUT elapsed=0.001s
RUN_START [655/820] id=GDD33_15 family=sca_failed_break window=IS run=gdda_is_gdd33_15_20260815160810_0c60d7
RUN_END [655/820] id=GDD33_15 window=IS status=UNVERIFIED decision=UNVERIFIED_EA_INPUT elapsed=0.001s
RUN_START [656/820] id=GDD33_16 family=sca_failed_break window=IS run=gdda_is_gdd33_16_20260815160810_31ca85
RUN_END [656/820] id=GDD33_16 window=IS status=UNVERIFIED decision=UNVERIFIED_EA_INPUT elapsed=0.001s
RUN_START [657/820] id=GDD33_17 family=sca_failed_break window=IS run=gdda_is_gdd33_17_20260815160810_d1f0e4
RUN_END [657/820] id=GDD33_17 window=IS status=UNVERIFIED decision=UNVERIFIED_EA_INPUT elapsed=0.001s
RUN_START [658/820] id=GDD33_18 family=sca_failed_break window=IS run=gdda_is_gdd33_18_20260815160810_53ae11
RUN_END [658/820] id=GDD33_18 window=IS status=UNVERIFIED decision=UNVERIFIED_EA_INPUT elapsed=0.001s
RUN_START [659/820] id=GDD33_19 family=sca_failed_break window=IS run=gdda_is_gdd33_19_20260815160810_e43e81
RUN_END [659/820] id=GDD33_19 window=IS status=UNVERIFIED decision=UNVERIFIED_EA_INPUT elapsed=0.001s
RUN_START [660/820] id=GDD33_20 family=sca_failed_break window=IS run=gdda_is_gdd33_20_20260815160810_d6448c
RUN_END [660/820] id=GDD33_20 window=IS status=UNVERIFIED decision=UNVERIFIED_EA_INPUT elapsed=0.001s
RUN_START [661/820] id=GDD35_01 family=portfolio_loss_cooldown window=IS run=gdda_is_gdd35_01_20260815160810_787dec
RUN_END [661/820] id=GDD35_01 window=IS status=UNVERIFIED decision=UNVERIFIED_EA_INPUT elapsed=0.001s
RUN_START [662/820] id=GDD35_02 family=portfolio_loss_cooldown window=IS run=gdda_is_gdd35_02_20260815160810_6a7543
RUN_END [662/820] id=GDD35_02 window=IS status=UNVERIFIED decision=UNVERIFIED_EA_INPUT elapsed=0.001s
RUN_START [663/820] id=GDD35_03 family=portfolio_loss_cooldown window=IS run=gdda_is_gdd35_03_20260815160810_7061a4
RUN_END [663/820] id=GDD35_03 window=IS status=UNVERIFIED decision=UNVERIFIED_EA_INPUT elapsed=0.001s
RUN_START [664/820] id=GDD35_04 family=portfolio_loss_cooldown window=IS run=gdda_is_gdd35_04_20260815160810_0b3c9b
RUN_END [664/820] id=GDD35_04 window=IS status=UNVERIFIED decision=UNVERIFIED_EA_INPUT elapsed=0.001s
RUN_START [665/820] id=GDD35_05 family=portfolio_loss_cooldown window=IS run=gdda_is_gdd35_05_20260815160810_02924d
RUN_END [665/820] id=GDD35_05 window=IS status=UNVERIFIED decision=UNVERIFIED_EA_INPUT elapsed=0.001s
RUN_START [666/820] id=GDD35_06 family=portfolio_loss_cooldown window=IS run=gdda_is_gdd35_06_20260815160810_5ecd08
RUN_END [666/820] id=GDD35_06 window=IS status=UNVERIFIED decision=UNVERIFIED_EA_INPUT elapsed=0.001s
RUN_START [667/820] id=GDD35_07 family=portfolio_loss_cooldown window=IS run=gdda_is_gdd35_07_20260815160810_40126b
RUN_END [667/820] id=GDD35_07 window=IS status=UNVERIFIED decision=UNVERIFIED_EA_INPUT elapsed=0.001s
RUN_START [668/820] id=GDD35_08 family=portfolio_loss_cooldown window=IS run=gdda_is_gdd35_08_20260815160810_ff2ff6
RUN_END [668/820] id=GDD35_08 window=IS status=UNVERIFIED decision=UNVERIFIED_EA_INPUT elapsed=0.001s
RUN_START [669/820] id=GDD35_09 family=portfolio_loss_cooldown window=IS run=gdda_is_gdd35_09_20260815160810_be758a
RUN_END [669/820] id=GDD35_09 window=IS status=UNVERIFIED decision=UNVERIFIED_EA_INPUT elapsed=0.001s
RUN_START [670/820] id=GDD35_10 family=portfolio_loss_cooldown window=IS run=gdda_is_gdd35_10_20260815160810_cc9b01
RUN_END [670/820] id=GDD35_10 window=IS status=UNVERIFIED decision=UNVERIFIED_EA_INPUT elapsed=0.001s
RUN_START [671/820] id=GDD35_11 family=portfolio_loss_cooldown window=IS run=gdda_is_gdd35_11_20260815160810_983999
RUN_END [671/820] id=GDD35_11 window=IS status=UNVERIFIED decision=UNVERIFIED_EA_INPUT elapsed=0.001s
RUN_START [672/820] id=GDD35_12 family=portfolio_loss_cooldown window=IS run=gdda_is_gdd35_12_20260815160810_ea6f8b
RUN_END [672/820] id=GDD35_12 window=IS status=UNVERIFIED decision=UNVERIFIED_EA_INPUT elapsed=0.001s
RUN_START [673/820] id=GDD35_13 family=portfolio_loss_cooldown window=IS run=gdda_is_gdd35_13_20260815160810_3dbf4c
RUN_END [673/820] id=GDD35_13 window=IS status=UNVERIFIED decision=UNVERIFIED_EA_INPUT elapsed=0.001s
RUN_START [674/820] id=GDD35_14 family=portfolio_loss_cooldown window=IS run=gdda_is_gdd35_14_20260815160810_a289ac
RUN_END [674/820] id=GDD35_14 window=IS status=UNVERIFIED decision=UNVERIFIED_EA_INPUT elapsed=0.001s
RUN_START [675/820] id=GDD35_15 family=portfolio_loss_cooldown window=IS run=gdda_is_gdd35_15_20260815160810_31385b
RUN_END [675/820] id=GDD35_15 window=IS status=UNVERIFIED decision=UNVERIFIED_EA_INPUT elapsed=0.001s
RUN_START [676/820] id=GDD35_16 family=portfolio_loss_cooldown window=IS run=gdda_is_gdd35_16_20260815160810_030ddd
RUN_END [676/820] id=GDD35_16 window=IS status=UNVERIFIED decision=UNVERIFIED_EA_INPUT elapsed=0.001s
RUN_START [677/820] id=GDD35_17 family=portfolio_loss_cooldown window=IS run=gdda_is_gdd35_17_20260815160810_da55f6
RUN_END [677/820] id=GDD35_17 window=IS status=UNVERIFIED decision=UNVERIFIED_EA_INPUT elapsed=0.001s
RUN_START [678/820] id=GDD35_18 family=portfolio_loss_cooldown window=IS run=gdda_is_gdd35_18_20260815160810_7e0045
RUN_END [678/820] id=GDD35_18 window=IS status=UNVERIFIED decision=UNVERIFIED_EA_INPUT elapsed=0.001s
RUN_START [679/820] id=GDD35_19 family=portfolio_loss_cooldown window=IS run=gdda_is_gdd35_19_20260815160810_5dd50c
RUN_END [679/820] id=GDD35_19 window=IS status=UNVERIFIED decision=UNVERIFIED_EA_INPUT elapsed=0.001s
RUN_START [680/820] id=GDD35_20 family=portfolio_loss_cooldown window=IS run=gdda_is_gdd35_20_20260815160810_2ec58f
RUN_END [680/820] id=GDD35_20 window=IS status=UNVERIFIED decision=UNVERIFIED_EA_INPUT elapsed=0.001s
RUN_START [681/820] id=GDD36_01 family=sleeve_loss_cooldown window=IS run=gdda_is_gdd36_01_20260815160810_36f8a9
RUN_END [681/820] id=GDD36_01 window=IS status=UNVERIFIED decision=UNVERIFIED_EA_INPUT elapsed=0.001s
RUN_START [682/820] id=GDD36_02 family=sleeve_loss_cooldown window=IS run=gdda_is_gdd36_02_20260815160810_5ff358
RUN_END [682/820] id=GDD36_02 window=IS status=UNVERIFIED decision=UNVERIFIED_EA_INPUT elapsed=0.001s
RUN_START [683/820] id=GDD36_03 family=sleeve_loss_cooldown window=IS run=gdda_is_gdd36_03_20260815160810_daefd6
RUN_END [683/820] id=GDD36_03 window=IS status=UNVERIFIED decision=UNVERIFIED_EA_INPUT elapsed=0.001s
RUN_START [684/820] id=GDD36_04 family=sleeve_loss_cooldown window=IS run=gdda_is_gdd36_04_20260815160810_bb596f
RUN_END [684/820] id=GDD36_04 window=IS status=UNVERIFIED decision=UNVERIFIED_EA_INPUT elapsed=0.001s
RUN_START [685/820] id=GDD36_05 family=sleeve_loss_cooldown window=IS run=gdda_is_gdd36_05_20260815160810_7f96bf
RUN_END [685/820] id=GDD36_05 window=IS status=UNVERIFIED decision=UNVERIFIED_EA_INPUT elapsed=0.001s
RUN_START [686/820] id=GDD36_06 family=sleeve_loss_cooldown window=IS run=gdda_is_gdd36_06_20260815160810_94e61c
RUN_END [686/820] id=GDD36_06 window=IS status=UNVERIFIED decision=UNVERIFIED_EA_INPUT elapsed=0.001s
RUN_START [687/820] id=GDD36_07 family=sleeve_loss_cooldown window=IS run=gdda_is_gdd36_07_20260815160810_abcb13
RUN_END [687/820] id=GDD36_07 window=IS status=UNVERIFIED decision=UNVERIFIED_EA_INPUT elapsed=0.001s
RUN_START [688/820] id=GDD36_08 family=sleeve_loss_cooldown window=IS run=gdda_is_gdd36_08_20260815160810_f5031d
RUN_END [688/820] id=GDD36_08 window=IS status=UNVERIFIED decision=UNVERIFIED_EA_INPUT elapsed=0.001s
RUN_START [689/820] id=GDD36_09 family=sleeve_loss_cooldown window=IS run=gdda_is_gdd36_09_20260815160810_7986d3
RUN_END [689/820] id=GDD36_09 window=IS status=UNVERIFIED decision=UNVERIFIED_EA_INPUT elapsed=0.001s
RUN_START [690/820] id=GDD36_10 family=sleeve_loss_cooldown window=IS run=gdda_is_gdd36_10_20260815160810_75b2c6
RUN_END [690/820] id=GDD36_10 window=IS status=UNVERIFIED decision=UNVERIFIED_EA_INPUT elapsed=0.001s
RUN_START [691/820] id=GDD36_11 family=sleeve_loss_cooldown window=IS run=gdda_is_gdd36_11_20260815160810_355a35
RUN_END [691/820] id=GDD36_11 window=IS status=UNVERIFIED decision=UNVERIFIED_EA_INPUT elapsed=0.001s
RUN_START [692/820] id=GDD36_12 family=sleeve_loss_cooldown window=IS run=gdda_is_gdd36_12_20260815160810_a856fb
RUN_END [692/820] id=GDD36_12 window=IS status=UNVERIFIED decision=UNVERIFIED_EA_INPUT elapsed=0.001s
RUN_START [693/820] id=GDD36_13 family=sleeve_loss_cooldown window=IS run=gdda_is_gdd36_13_20260815160810_8f5492
RUN_END [693/820] id=GDD36_13 window=IS status=UNVERIFIED decision=UNVERIFIED_EA_INPUT elapsed=0.001s
RUN_START [694/820] id=GDD36_14 family=sleeve_loss_cooldown window=IS run=gdda_is_gdd36_14_20260815160810_858973
RUN_END [694/820] id=GDD36_14 window=IS status=UNVERIFIED decision=UNVERIFIED_EA_INPUT elapsed=0.001s
RUN_START [695/820] id=GDD36_15 family=sleeve_loss_cooldown window=IS run=gdda_is_gdd36_15_20260815160810_229be3
RUN_END [695/820] id=GDD36_15 window=IS status=UNVERIFIED decision=UNVERIFIED_EA_INPUT elapsed=0.001s
RUN_START [696/820] id=GDD36_16 family=sleeve_loss_cooldown window=IS run=gdda_is_gdd36_16_20260815160810_5fa0f7
RUN_END [696/820] id=GDD36_16 window=IS status=UNVERIFIED decision=UNVERIFIED_EA_INPUT elapsed=0.001s
RUN_START [697/820] id=GDD36_17 family=sleeve_loss_cooldown window=IS run=gdda_is_gdd36_17_20260815160810_093983
RUN_END [697/820] id=GDD36_17 window=IS status=UNVERIFIED decision=UNVERIFIED_EA_INPUT elapsed=0.001s
RUN_START [698/820] id=GDD36_18 family=sleeve_loss_cooldown window=IS run=gdda_is_gdd36_18_20260815160810_8c7481
RUN_END [698/820] id=GDD36_18 window=IS status=UNVERIFIED decision=UNVERIFIED_EA_INPUT elapsed=0.001s
RUN_START [699/820] id=GDD36_19 family=sleeve_loss_cooldown window=IS run=gdda_is_gdd36_19_20260815160810_d283d2
RUN_END [699/820] id=GDD36_19 window=IS status=UNVERIFIED decision=UNVERIFIED_EA_INPUT elapsed=0.001s
RUN_START [700/820] id=GDD36_20 family=sleeve_loss_cooldown window=IS run=gdda_is_gdd36_20_20260815160810_9c7c23
RUN_END [700/820] id=GDD36_20 window=IS status=UNVERIFIED decision=UNVERIFIED_EA_INPUT elapsed=0.001s
RUN_START [701/820] id=GDD37_01 family=daily_loss_cap window=IS run=gdda_is_gdd37_01_20260815160810_373036
RUN_END [701/820] id=GDD37_01 window=IS status=UNVERIFIED decision=UNVERIFIED_EA_INPUT elapsed=0.001s
RUN_START [702/820] id=GDD37_02 family=daily_loss_cap window=IS run=gdda_is_gdd37_02_20260815160810_8c2c4e
RUN_END [702/820] id=GDD37_02 window=IS status=UNVERIFIED decision=UNVERIFIED_EA_INPUT elapsed=0.001s
RUN_START [703/820] id=GDD37_03 family=daily_loss_cap window=IS run=gdda_is_gdd37_03_20260815160810_855aca
RUN_END [703/820] id=GDD37_03 window=IS status=UNVERIFIED decision=UNVERIFIED_EA_INPUT elapsed=0.001s
RUN_START [704/820] id=GDD37_04 family=daily_loss_cap window=IS run=gdda_is_gdd37_04_20260815160810_2580ca
RUN_END [704/820] id=GDD37_04 window=IS status=UNVERIFIED decision=UNVERIFIED_EA_INPUT elapsed=0.001s
RUN_START [705/820] id=GDD37_05 family=daily_loss_cap window=IS run=gdda_is_gdd37_05_20260815160810_2cf04c
RUN_END [705/820] id=GDD37_05 window=IS status=UNVERIFIED decision=UNVERIFIED_EA_INPUT elapsed=0.001s
RUN_START [706/820] id=GDD37_06 family=daily_loss_cap window=IS run=gdda_is_gdd37_06_20260815160810_b01ec6
RUN_END [706/820] id=GDD37_06 window=IS status=UNVERIFIED decision=UNVERIFIED_EA_INPUT elapsed=0.001s
RUN_START [707/820] id=GDD37_07 family=daily_loss_cap window=IS run=gdda_is_gdd37_07_20260815160810_a2bfae
RUN_END [707/820] id=GDD37_07 window=IS status=UNVERIFIED decision=UNVERIFIED_EA_INPUT elapsed=0.001s
RUN_START [708/820] id=GDD37_08 family=daily_loss_cap window=IS run=gdda_is_gdd37_08_20260815160810_62ae6c
RUN_END [708/820] id=GDD37_08 window=IS status=UNVERIFIED decision=UNVERIFIED_EA_INPUT elapsed=0.001s
RUN_START [709/820] id=GDD37_09 family=daily_loss_cap window=IS run=gdda_is_gdd37_09_20260815160810_59f953
RUN_END [709/820] id=GDD37_09 window=IS status=UNVERIFIED decision=UNVERIFIED_EA_INPUT elapsed=0.001s
RUN_START [710/820] id=GDD37_10 family=daily_loss_cap window=IS run=gdda_is_gdd37_10_20260815160810_31d5e8
RUN_END [710/820] id=GDD37_10 window=IS status=UNVERIFIED decision=UNVERIFIED_EA_INPUT elapsed=0.001s
RUN_START [711/820] id=GDD37_11 family=daily_loss_cap window=IS run=gdda_is_gdd37_11_20260815160810_b2329d
RUN_END [711/820] id=GDD37_11 window=IS status=UNVERIFIED decision=UNVERIFIED_EA_INPUT elapsed=0.001s
RUN_START [712/820] id=GDD37_12 family=daily_loss_cap window=IS run=gdda_is_gdd37_12_20260815160810_377818
RUN_END [712/820] id=GDD37_12 window=IS status=UNVERIFIED decision=UNVERIFIED_EA_INPUT elapsed=0.001s
RUN_START [713/820] id=GDD37_13 family=daily_loss_cap window=IS run=gdda_is_gdd37_13_20260815160810_fb404a
RUN_END [713/820] id=GDD37_13 window=IS status=UNVERIFIED decision=UNVERIFIED_EA_INPUT elapsed=0.002s
RUN_START [714/820] id=GDD37_14 family=daily_loss_cap window=IS run=gdda_is_gdd37_14_20260815160810_b8e0ca
RUN_END [714/820] id=GDD37_14 window=IS status=UNVERIFIED decision=UNVERIFIED_EA_INPUT elapsed=0.001s
RUN_START [715/820] id=GDD37_15 family=daily_loss_cap window=IS run=gdda_is_gdd37_15_20260815160810_4dacce
RUN_END [715/820] id=GDD37_15 window=IS status=UNVERIFIED decision=UNVERIFIED_EA_INPUT elapsed=0.001s
RUN_START [716/820] id=GDD37_16 family=daily_loss_cap window=IS run=gdda_is_gdd37_16_20260815160810_f56163
RUN_END [716/820] id=GDD37_16 window=IS status=UNVERIFIED decision=UNVERIFIED_EA_INPUT elapsed=0.001s
RUN_START [717/820] id=GDD37_17 family=daily_loss_cap window=IS run=gdda_is_gdd37_17_20260815160810_f4e0d9
RUN_END [717/820] id=GDD37_17 window=IS status=UNVERIFIED decision=UNVERIFIED_EA_INPUT elapsed=0.001s
RUN_START [718/820] id=GDD37_18 family=daily_loss_cap window=IS run=gdda_is_gdd37_18_20260815160810_623683
RUN_END [718/820] id=GDD37_18 window=IS status=UNVERIFIED decision=UNVERIFIED_EA_INPUT elapsed=0.001s
RUN_START [719/820] id=GDD37_19 family=daily_loss_cap window=IS run=gdda_is_gdd37_19_20260815160810_a10c20
RUN_END [719/820] id=GDD37_19 window=IS status=UNVERIFIED decision=UNVERIFIED_EA_INPUT elapsed=0.001s
RUN_START [720/820] id=GDD37_20 family=daily_loss_cap window=IS run=gdda_is_gdd37_20_20260815160810_7a4199
RUN_END [720/820] id=GDD37_20 window=IS status=UNVERIFIED decision=UNVERIFIED_EA_INPUT elapsed=0.001s
RUN_START [721/820] id=GDD38_01 family=weekly_loss_cap window=IS run=gdda_is_gdd38_01_20260815160810_3a2823
RUN_END [721/820] id=GDD38_01 window=IS status=UNVERIFIED decision=UNVERIFIED_EA_INPUT elapsed=0.001s
RUN_START [722/820] id=GDD38_02 family=weekly_loss_cap window=IS run=gdda_is_gdd38_02_20260815160810_d31a4a
RUN_END [722/820] id=GDD38_02 window=IS status=UNVERIFIED decision=UNVERIFIED_EA_INPUT elapsed=0.001s
RUN_START [723/820] id=GDD38_03 family=weekly_loss_cap window=IS run=gdda_is_gdd38_03_20260815160810_3be29a
RUN_END [723/820] id=GDD38_03 window=IS status=UNVERIFIED decision=UNVERIFIED_EA_INPUT elapsed=0.001s
RUN_START [724/820] id=GDD38_04 family=weekly_loss_cap window=IS run=gdda_is_gdd38_04_20260815160810_8688b0
RUN_END [724/820] id=GDD38_04 window=IS status=UNVERIFIED decision=UNVERIFIED_EA_INPUT elapsed=0.001s
RUN_START [725/820] id=GDD38_05 family=weekly_loss_cap window=IS run=gdda_is_gdd38_05_20260815160810_b3e57a
RUN_END [725/820] id=GDD38_05 window=IS status=UNVERIFIED decision=UNVERIFIED_EA_INPUT elapsed=0.001s
RUN_START [726/820] id=GDD38_06 family=weekly_loss_cap window=IS run=gdda_is_gdd38_06_20260815160810_9efc24
RUN_END [726/820] id=GDD38_06 window=IS status=UNVERIFIED decision=UNVERIFIED_EA_INPUT elapsed=0.001s
RUN_START [727/820] id=GDD38_07 family=weekly_loss_cap window=IS run=gdda_is_gdd38_07_20260815160810_3e5d80
RUN_END [727/820] id=GDD38_07 window=IS status=UNVERIFIED decision=UNVERIFIED_EA_INPUT elapsed=0.001s
RUN_START [728/820] id=GDD38_08 family=weekly_loss_cap window=IS run=gdda_is_gdd38_08_20260815160810_38b458
RUN_END [728/820] id=GDD38_08 window=IS status=UNVERIFIED decision=UNVERIFIED_EA_INPUT elapsed=0.001s
RUN_START [729/820] id=GDD38_09 family=weekly_loss_cap window=IS run=gdda_is_gdd38_09_20260815160810_3602a0
RUN_END [729/820] id=GDD38_09 window=IS status=UNVERIFIED decision=UNVERIFIED_EA_INPUT elapsed=0.001s
RUN_START [730/820] id=GDD38_10 family=weekly_loss_cap window=IS run=gdda_is_gdd38_10_20260815160810_4cc55f
RUN_END [730/820] id=GDD38_10 window=IS status=UNVERIFIED decision=UNVERIFIED_EA_INPUT elapsed=0.001s
RUN_START [731/820] id=GDD38_11 family=weekly_loss_cap window=IS run=gdda_is_gdd38_11_20260815160810_4eef69
RUN_END [731/820] id=GDD38_11 window=IS status=UNVERIFIED decision=UNVERIFIED_EA_INPUT elapsed=0.001s
RUN_START [732/820] id=GDD38_12 family=weekly_loss_cap window=IS run=gdda_is_gdd38_12_20260815160810_1ddefb
RUN_END [732/820] id=GDD38_12 window=IS status=UNVERIFIED decision=UNVERIFIED_EA_INPUT elapsed=0.001s
RUN_START [733/820] id=GDD38_13 family=weekly_loss_cap window=IS run=gdda_is_gdd38_13_20260815160810_a1ffbb
RUN_END [733/820] id=GDD38_13 window=IS status=UNVERIFIED decision=UNVERIFIED_EA_INPUT elapsed=0.001s
RUN_START [734/820] id=GDD38_14 family=weekly_loss_cap window=IS run=gdda_is_gdd38_14_20260815160810_9c9633
RUN_END [734/820] id=GDD38_14 window=IS status=UNVERIFIED decision=UNVERIFIED_EA_INPUT elapsed=0.001s
RUN_START [735/820] id=GDD38_15 family=weekly_loss_cap window=IS run=gdda_is_gdd38_15_20260815160811_98d6cf
RUN_END [735/820] id=GDD38_15 window=IS status=UNVERIFIED decision=UNVERIFIED_EA_INPUT elapsed=0.001s
RUN_START [736/820] id=GDD38_16 family=weekly_loss_cap window=IS run=gdda_is_gdd38_16_20260815160811_966ef9
RUN_END [736/820] id=GDD38_16 window=IS status=UNVERIFIED decision=UNVERIFIED_EA_INPUT elapsed=0.001s
RUN_START [737/820] id=GDD38_17 family=weekly_loss_cap window=IS run=gdda_is_gdd38_17_20260815160811_2913c1
RUN_END [737/820] id=GDD38_17 window=IS status=UNVERIFIED decision=UNVERIFIED_EA_INPUT elapsed=0.001s
RUN_START [738/820] id=GDD38_18 family=weekly_loss_cap window=IS run=gdda_is_gdd38_18_20260815160811_d532b4
RUN_END [738/820] id=GDD38_18 window=IS status=UNVERIFIED decision=UNVERIFIED_EA_INPUT elapsed=0.001s
RUN_START [739/820] id=GDD38_19 family=weekly_loss_cap window=IS run=gdda_is_gdd38_19_20260815160811_fd91fd
RUN_END [739/820] id=GDD38_19 window=IS status=UNVERIFIED decision=UNVERIFIED_EA_INPUT elapsed=0.001s
RUN_START [740/820] id=GDD38_20 family=weekly_loss_cap window=IS run=gdda_is_gdd38_20_20260815160811_bf1198
RUN_END [740/820] id=GDD38_20 window=IS status=UNVERIFIED decision=UNVERIFIED_EA_INPUT elapsed=0.001s
RUN_START [741/820] id=GDD39_01 family=equity_overlap_cap window=IS run=gdda_is_gdd39_01_20260815160811_b4abcc
RUN_END [741/820] id=GDD39_01 window=IS status=UNVERIFIED decision=UNVERIFIED_EA_INPUT elapsed=0.001s
RUN_START [742/820] id=GDD39_02 family=equity_overlap_cap window=IS run=gdda_is_gdd39_02_20260815160811_8b0c95
RUN_END [742/820] id=GDD39_02 window=IS status=UNVERIFIED decision=UNVERIFIED_EA_INPUT elapsed=0.001s
RUN_START [743/820] id=GDD39_03 family=equity_overlap_cap window=IS run=gdda_is_gdd39_03_20260815160811_8e62a7
RUN_END [743/820] id=GDD39_03 window=IS status=UNVERIFIED decision=UNVERIFIED_EA_INPUT elapsed=0.001s
RUN_START [744/820] id=GDD39_04 family=equity_overlap_cap window=IS run=gdda_is_gdd39_04_20260815160811_4f3277
RUN_END [744/820] id=GDD39_04 window=IS status=UNVERIFIED decision=UNVERIFIED_EA_INPUT elapsed=0.001s
RUN_START [745/820] id=GDD39_05 family=equity_overlap_cap window=IS run=gdda_is_gdd39_05_20260815160811_9c800c
RUN_END [745/820] id=GDD39_05 window=IS status=UNVERIFIED decision=UNVERIFIED_EA_INPUT elapsed=0.001s
RUN_START [746/820] id=GDD39_06 family=equity_overlap_cap window=IS run=gdda_is_gdd39_06_20260815160811_98015d
RUN_END [746/820] id=GDD39_06 window=IS status=UNVERIFIED decision=UNVERIFIED_EA_INPUT elapsed=0.001s
RUN_START [747/820] id=GDD39_07 family=equity_overlap_cap window=IS run=gdda_is_gdd39_07_20260815160811_e1f341
RUN_END [747/820] id=GDD39_07 window=IS status=UNVERIFIED decision=UNVERIFIED_EA_INPUT elapsed=0.001s
RUN_START [748/820] id=GDD39_08 family=equity_overlap_cap window=IS run=gdda_is_gdd39_08_20260815160811_9d5004
RUN_END [748/820] id=GDD39_08 window=IS status=UNVERIFIED decision=UNVERIFIED_EA_INPUT elapsed=0.001s
RUN_START [749/820] id=GDD39_09 family=equity_overlap_cap window=IS run=gdda_is_gdd39_09_20260815160811_46cb6f
RUN_END [749/820] id=GDD39_09 window=IS status=UNVERIFIED decision=UNVERIFIED_EA_INPUT elapsed=0.001s
RUN_START [750/820] id=GDD39_10 family=equity_overlap_cap window=IS run=gdda_is_gdd39_10_20260815160811_23ba63
RUN_END [750/820] id=GDD39_10 window=IS status=UNVERIFIED decision=UNVERIFIED_EA_INPUT elapsed=0.001s
RUN_START [751/820] id=GDD39_11 family=equity_overlap_cap window=IS run=gdda_is_gdd39_11_20260815160811_cf1c9c
RUN_END [751/820] id=GDD39_11 window=IS status=UNVERIFIED decision=UNVERIFIED_EA_INPUT elapsed=0.001s
RUN_START [752/820] id=GDD39_12 family=equity_overlap_cap window=IS run=gdda_is_gdd39_12_20260815160811_a08380
RUN_END [752/820] id=GDD39_12 window=IS status=UNVERIFIED decision=UNVERIFIED_EA_INPUT elapsed=0.001s
RUN_START [753/820] id=GDD39_13 family=equity_overlap_cap window=IS run=gdda_is_gdd39_13_20260815160811_d171df
RUN_END [753/820] id=GDD39_13 window=IS status=UNVERIFIED decision=UNVERIFIED_EA_INPUT elapsed=0.001s
RUN_START [754/820] id=GDD39_14 family=equity_overlap_cap window=IS run=gdda_is_gdd39_14_20260815160811_9b0c4c
RUN_END [754/820] id=GDD39_14 window=IS status=UNVERIFIED decision=UNVERIFIED_EA_INPUT elapsed=0.001s
RUN_START [755/820] id=GDD39_15 family=equity_overlap_cap window=IS run=gdda_is_gdd39_15_20260815160811_f1eb7f
RUN_END [755/820] id=GDD39_15 window=IS status=UNVERIFIED decision=UNVERIFIED_EA_INPUT elapsed=0.001s
RUN_START [756/820] id=GDD39_16 family=equity_overlap_cap window=IS run=gdda_is_gdd39_16_20260815160811_efc4ba
RUN_END [756/820] id=GDD39_16 window=IS status=UNVERIFIED decision=UNVERIFIED_EA_INPUT elapsed=0.001s
RUN_START [757/820] id=GDD39_17 family=equity_overlap_cap window=IS run=gdda_is_gdd39_17_20260815160811_05d422
RUN_END [757/820] id=GDD39_17 window=IS status=UNVERIFIED decision=UNVERIFIED_EA_INPUT elapsed=0.001s
RUN_START [758/820] id=GDD39_18 family=equity_overlap_cap window=IS run=gdda_is_gdd39_18_20260815160811_38e3b9
RUN_END [758/820] id=GDD39_18 window=IS status=UNVERIFIED decision=UNVERIFIED_EA_INPUT elapsed=0.001s
RUN_START [759/820] id=GDD39_19 family=equity_overlap_cap window=IS run=gdda_is_gdd39_19_20260815160811_0b8caa
RUN_END [759/820] id=GDD39_19 window=IS status=UNVERIFIED decision=UNVERIFIED_EA_INPUT elapsed=0.001s
RUN_START [760/820] id=GDD39_20 family=equity_overlap_cap window=IS run=gdda_is_gdd39_20_20260815160811_d3c009
RUN_END [760/820] id=GDD39_20 window=IS status=UNVERIFIED decision=UNVERIFIED_EA_INPUT elapsed=0.001s
RUN_START [761/820] id=GDD43_01 family=range_regime window=IS run=gdda_is_gdd43_01_20260815160811_80c98f
RUN_END [761/820] id=GDD43_01 window=IS status=UNVERIFIED decision=UNVERIFIED_EA_INPUT elapsed=0.002s
RUN_START [762/820] id=GDD43_02 family=range_regime window=IS run=gdda_is_gdd43_02_20260815160811_797cbe
RUN_END [762/820] id=GDD43_02 window=IS status=UNVERIFIED decision=UNVERIFIED_EA_INPUT elapsed=0.002s
RUN_START [763/820] id=GDD43_03 family=range_regime window=IS run=gdda_is_gdd43_03_20260815160811_ee65d8
RUN_END [763/820] id=GDD43_03 window=IS status=UNVERIFIED decision=UNVERIFIED_EA_INPUT elapsed=0.001s
RUN_START [764/820] id=GDD43_04 family=range_regime window=IS run=gdda_is_gdd43_04_20260815160811_696ab6
RUN_END [764/820] id=GDD43_04 window=IS status=UNVERIFIED decision=UNVERIFIED_EA_INPUT elapsed=0.001s
RUN_START [765/820] id=GDD43_05 family=range_regime window=IS run=gdda_is_gdd43_05_20260815160811_89cd87
RUN_END [765/820] id=GDD43_05 window=IS status=UNVERIFIED decision=UNVERIFIED_EA_INPUT elapsed=0.001s
RUN_START [766/820] id=GDD43_06 family=range_regime window=IS run=gdda_is_gdd43_06_20260815160811_ff5ccd
RUN_END [766/820] id=GDD43_06 window=IS status=UNVERIFIED decision=UNVERIFIED_EA_INPUT elapsed=0.001s
RUN_START [767/820] id=GDD43_07 family=range_regime window=IS run=gdda_is_gdd43_07_20260815160811_2c2db4
RUN_END [767/820] id=GDD43_07 window=IS status=UNVERIFIED decision=UNVERIFIED_EA_INPUT elapsed=0.001s
RUN_START [768/820] id=GDD43_08 family=range_regime window=IS run=gdda_is_gdd43_08_20260815160811_b8f194
RUN_END [768/820] id=GDD43_08 window=IS status=UNVERIFIED decision=UNVERIFIED_EA_INPUT elapsed=0.001s
RUN_START [769/820] id=GDD43_09 family=range_regime window=IS run=gdda_is_gdd43_09_20260815160811_9a9459
RUN_END [769/820] id=GDD43_09 window=IS status=UNVERIFIED decision=UNVERIFIED_EA_INPUT elapsed=0.001s
RUN_START [770/820] id=GDD43_10 family=range_regime window=IS run=gdda_is_gdd43_10_20260815160811_85e646
RUN_END [770/820] id=GDD43_10 window=IS status=UNVERIFIED decision=UNVERIFIED_EA_INPUT elapsed=0.001s
RUN_START [771/820] id=GDD43_11 family=range_regime window=IS run=gdda_is_gdd43_11_20260815160811_f66a2f
RUN_END [771/820] id=GDD43_11 window=IS status=UNVERIFIED decision=UNVERIFIED_EA_INPUT elapsed=0.001s
RUN_START [772/820] id=GDD43_12 family=range_regime window=IS run=gdda_is_gdd43_12_20260815160811_1e297d
RUN_END [772/820] id=GDD43_12 window=IS status=UNVERIFIED decision=UNVERIFIED_EA_INPUT elapsed=0.001s
RUN_START [773/820] id=GDD43_13 family=range_regime window=IS run=gdda_is_gdd43_13_20260815160811_faac98
RUN_END [773/820] id=GDD43_13 window=IS status=UNVERIFIED decision=UNVERIFIED_EA_INPUT elapsed=0.001s
RUN_START [774/820] id=GDD43_14 family=range_regime window=IS run=gdda_is_gdd43_14_20260815160811_73c7ab
RUN_END [774/820] id=GDD43_14 window=IS status=UNVERIFIED decision=UNVERIFIED_EA_INPUT elapsed=0.001s
RUN_START [775/820] id=GDD43_15 family=range_regime window=IS run=gdda_is_gdd43_15_20260815160811_c335d4
RUN_END [775/820] id=GDD43_15 window=IS status=UNVERIFIED decision=UNVERIFIED_EA_INPUT elapsed=0.001s
RUN_START [776/820] id=GDD43_16 family=range_regime window=IS run=gdda_is_gdd43_16_20260815160811_f96210
RUN_END [776/820] id=GDD43_16 window=IS status=UNVERIFIED decision=UNVERIFIED_EA_INPUT elapsed=0.001s
RUN_START [777/820] id=GDD43_17 family=range_regime window=IS run=gdda_is_gdd43_17_20260815160811_b8198d
RUN_END [777/820] id=GDD43_17 window=IS status=UNVERIFIED decision=UNVERIFIED_EA_INPUT elapsed=0.001s
RUN_START [778/820] id=GDD43_18 family=range_regime window=IS run=gdda_is_gdd43_18_20260815160811_80471b
RUN_END [778/820] id=GDD43_18 window=IS status=UNVERIFIED decision=UNVERIFIED_EA_INPUT elapsed=0.001s
RUN_START [779/820] id=GDD43_19 family=range_regime window=IS run=gdda_is_gdd43_19_20260815160811_bc7997
RUN_END [779/820] id=GDD43_19 window=IS status=UNVERIFIED decision=UNVERIFIED_EA_INPUT elapsed=0.001s
RUN_START [780/820] id=GDD43_20 family=range_regime window=IS run=gdda_is_gdd43_20_20260815160811_41b2fc
RUN_END [780/820] id=GDD43_20 window=IS status=UNVERIFIED decision=UNVERIFIED_EA_INPUT elapsed=0.001s
RUN_START [781/820] id=GDD44_01 family=gap_regime window=IS run=gdda_is_gdd44_01_20260815160811_0f5b88
RUN_END [781/820] id=GDD44_01 window=IS status=UNVERIFIED decision=UNVERIFIED_EA_INPUT elapsed=0.001s
RUN_START [782/820] id=GDD44_02 family=gap_regime window=IS run=gdda_is_gdd44_02_20260815160811_a7c9c4
RUN_END [782/820] id=GDD44_02 window=IS status=UNVERIFIED decision=UNVERIFIED_EA_INPUT elapsed=0.001s
RUN_START [783/820] id=GDD44_03 family=gap_regime window=IS run=gdda_is_gdd44_03_20260815160811_576163
RUN_END [783/820] id=GDD44_03 window=IS status=UNVERIFIED decision=UNVERIFIED_EA_INPUT elapsed=0.001s
RUN_START [784/820] id=GDD44_04 family=gap_regime window=IS run=gdda_is_gdd44_04_20260815160811_956a85
RUN_END [784/820] id=GDD44_04 window=IS status=UNVERIFIED decision=UNVERIFIED_EA_INPUT elapsed=0.001s
RUN_START [785/820] id=GDD44_05 family=gap_regime window=IS run=gdda_is_gdd44_05_20260815160811_aa1977
RUN_END [785/820] id=GDD44_05 window=IS status=UNVERIFIED decision=UNVERIFIED_EA_INPUT elapsed=0.001s
RUN_START [786/820] id=GDD44_06 family=gap_regime window=IS run=gdda_is_gdd44_06_20260815160811_d25f6d
RUN_END [786/820] id=GDD44_06 window=IS status=UNVERIFIED decision=UNVERIFIED_EA_INPUT elapsed=0.001s
RUN_START [787/820] id=GDD44_07 family=gap_regime window=IS run=gdda_is_gdd44_07_20260815160811_36f4a2
RUN_END [787/820] id=GDD44_07 window=IS status=UNVERIFIED decision=UNVERIFIED_EA_INPUT elapsed=0.001s
RUN_START [788/820] id=GDD44_08 family=gap_regime window=IS run=gdda_is_gdd44_08_20260815160811_f34484
RUN_END [788/820] id=GDD44_08 window=IS status=UNVERIFIED decision=UNVERIFIED_EA_INPUT elapsed=0.001s
RUN_START [789/820] id=GDD44_09 family=gap_regime window=IS run=gdda_is_gdd44_09_20260815160811_9948b5
RUN_END [789/820] id=GDD44_09 window=IS status=UNVERIFIED decision=UNVERIFIED_EA_INPUT elapsed=0.001s
RUN_START [790/820] id=GDD44_10 family=gap_regime window=IS run=gdda_is_gdd44_10_20260815160811_18db52
RUN_END [790/820] id=GDD44_10 window=IS status=UNVERIFIED decision=UNVERIFIED_EA_INPUT elapsed=0.001s
RUN_START [791/820] id=GDD44_11 family=gap_regime window=IS run=gdda_is_gdd44_11_20260815160811_9b8007
RUN_END [791/820] id=GDD44_11 window=IS status=UNVERIFIED decision=UNVERIFIED_EA_INPUT elapsed=0.001s
RUN_START [792/820] id=GDD44_12 family=gap_regime window=IS run=gdda_is_gdd44_12_20260815160811_d72b34
RUN_END [792/820] id=GDD44_12 window=IS status=UNVERIFIED decision=UNVERIFIED_EA_INPUT elapsed=0.001s
RUN_START [793/820] id=GDD44_13 family=gap_regime window=IS run=gdda_is_gdd44_13_20260815160811_20ef3d
RUN_END [793/820] id=GDD44_13 window=IS status=UNVERIFIED decision=UNVERIFIED_EA_INPUT elapsed=0.001s
RUN_START [794/820] id=GDD44_14 family=gap_regime window=IS run=gdda_is_gdd44_14_20260815160811_488bac
RUN_END [794/820] id=GDD44_14 window=IS status=UNVERIFIED decision=UNVERIFIED_EA_INPUT elapsed=0.001s
RUN_START [795/820] id=GDD44_15 family=gap_regime window=IS run=gdda_is_gdd44_15_20260815160811_06a099
RUN_END [795/820] id=GDD44_15 window=IS status=UNVERIFIED decision=UNVERIFIED_EA_INPUT elapsed=0.001s
RUN_START [796/820] id=GDD44_16 family=gap_regime window=IS run=gdda_is_gdd44_16_20260815160811_5ce28e
RUN_END [796/820] id=GDD44_16 window=IS status=UNVERIFIED decision=UNVERIFIED_EA_INPUT elapsed=0.001s
RUN_START [797/820] id=GDD44_17 family=gap_regime window=IS run=gdda_is_gdd44_17_20260815160811_472bab
RUN_END [797/820] id=GDD44_17 window=IS status=UNVERIFIED decision=UNVERIFIED_EA_INPUT elapsed=0.001s
RUN_START [798/820] id=GDD44_18 family=gap_regime window=IS run=gdda_is_gdd44_18_20260815160811_4f70b6
RUN_END [798/820] id=GDD44_18 window=IS status=UNVERIFIED decision=UNVERIFIED_EA_INPUT elapsed=0.001s
RUN_START [799/820] id=GDD44_19 family=gap_regime window=IS run=gdda_is_gdd44_19_20260815160811_1e3ff8
RUN_END [799/820] id=GDD44_19 window=IS status=UNVERIFIED decision=UNVERIFIED_EA_INPUT elapsed=0.001s
RUN_START [800/820] id=GDD44_20 family=gap_regime window=IS run=gdda_is_gdd44_20_20260815160811_48b958
RUN_END [800/820] id=GDD44_20 window=IS status=UNVERIFIED decision=UNVERIFIED_EA_INPUT elapsed=0.001s
RUN_START [801/820] id=GDD46_01 family=spread_gate window=IS run=gdda_is_gdd46_01_20260815160811_1c3a9f
RUN_END [801/820] id=GDD46_01 window=IS status=UNVERIFIED decision=UNVERIFIED_EA_INPUT elapsed=0.001s
RUN_START [802/820] id=GDD46_02 family=spread_gate window=IS run=gdda_is_gdd46_02_20260815160811_00f1c0
RUN_END [802/820] id=GDD46_02 window=IS status=UNVERIFIED decision=UNVERIFIED_EA_INPUT elapsed=0.001s
RUN_START [803/820] id=GDD46_03 family=spread_gate window=IS run=gdda_is_gdd46_03_20260815160811_543298
RUN_END [803/820] id=GDD46_03 window=IS status=UNVERIFIED decision=UNVERIFIED_EA_INPUT elapsed=0.001s
RUN_START [804/820] id=GDD46_04 family=spread_gate window=IS run=gdda_is_gdd46_04_20260815160811_0641e0
RUN_END [804/820] id=GDD46_04 window=IS status=UNVERIFIED decision=UNVERIFIED_EA_INPUT elapsed=0.001s
RUN_START [805/820] id=GDD46_05 family=spread_gate window=IS run=gdda_is_gdd46_05_20260815160811_c32919
RUN_END [805/820] id=GDD46_05 window=IS status=UNVERIFIED decision=UNVERIFIED_EA_INPUT elapsed=0.001s
RUN_START [806/820] id=GDD46_06 family=spread_gate window=IS run=gdda_is_gdd46_06_20260815160811_b9ef52
RUN_END [806/820] id=GDD46_06 window=IS status=UNVERIFIED decision=UNVERIFIED_EA_INPUT elapsed=0.001s
RUN_START [807/820] id=GDD46_07 family=spread_gate window=IS run=gdda_is_gdd46_07_20260815160811_d2527c
RUN_END [807/820] id=GDD46_07 window=IS status=UNVERIFIED decision=UNVERIFIED_EA_INPUT elapsed=0.001s
RUN_START [808/820] id=GDD46_08 family=spread_gate window=IS run=gdda_is_gdd46_08_20260815160811_71da0e
RUN_END [808/820] id=GDD46_08 window=IS status=UNVERIFIED decision=UNVERIFIED_EA_INPUT elapsed=0.001s
RUN_START [809/820] id=GDD46_09 family=spread_gate window=IS run=gdda_is_gdd46_09_20260815160811_d54825
RUN_END [809/820] id=GDD46_09 window=IS status=UNVERIFIED decision=UNVERIFIED_EA_INPUT elapsed=0.001s
RUN_START [810/820] id=GDD46_10 family=spread_gate window=IS run=gdda_is_gdd46_10_20260815160811_2c9725
RUN_END [810/820] id=GDD46_10 window=IS status=UNVERIFIED decision=UNVERIFIED_EA_INPUT elapsed=0.001s
RUN_START [811/820] id=GDD46_11 family=spread_gate window=IS run=gdda_is_gdd46_11_20260815160811_653889
RUN_END [811/820] id=GDD46_11 window=IS status=UNVERIFIED decision=UNVERIFIED_EA_INPUT elapsed=0.001s
RUN_START [812/820] id=GDD46_12 family=spread_gate window=IS run=gdda_is_gdd46_12_20260815160811_386cdc
RUN_END [812/820] id=GDD46_12 window=IS status=UNVERIFIED decision=UNVERIFIED_EA_INPUT elapsed=0.001s
RUN_START [813/820] id=GDD46_13 family=spread_gate window=IS run=gdda_is_gdd46_13_20260815160811_f497f4
RUN_END [813/820] id=GDD46_13 window=IS status=UNVERIFIED decision=UNVERIFIED_EA_INPUT elapsed=0.001s
RUN_START [814/820] id=GDD46_14 family=spread_gate window=IS run=gdda_is_gdd46_14_20260815160811_3eb533
RUN_END [814/820] id=GDD46_14 window=IS status=UNVERIFIED decision=UNVERIFIED_EA_INPUT elapsed=0.001s
RUN_START [815/820] id=GDD46_15 family=spread_gate window=IS run=gdda_is_gdd46_15_20260815160812_50fa85
RUN_END [815/820] id=GDD46_15 window=IS status=UNVERIFIED decision=UNVERIFIED_EA_INPUT elapsed=0.001s
RUN_START [816/820] id=GDD46_16 family=spread_gate window=IS run=gdda_is_gdd46_16_20260815160812_2f959c
RUN_END [816/820] id=GDD46_16 window=IS status=UNVERIFIED decision=UNVERIFIED_EA_INPUT elapsed=0.001s
RUN_START [817/820] id=GDD46_17 family=spread_gate window=IS run=gdda_is_gdd46_17_20260815160812_4e87f1
RUN_END [817/820] id=GDD46_17 window=IS status=UNVERIFIED decision=UNVERIFIED_EA_INPUT elapsed=0.001s
RUN_START [818/820] id=GDD46_18 family=spread_gate window=IS run=gdda_is_gdd46_18_20260815160812_56aae6
RUN_END [818/820] id=GDD46_18 window=IS status=UNVERIFIED decision=UNVERIFIED_EA_INPUT elapsed=0.001s
RUN_START [819/820] id=GDD46_19 family=spread_gate window=IS run=gdda_is_gdd46_19_20260815160812_f8d792
RUN_END [819/820] id=GDD46_19 window=IS status=UNVERIFIED decision=UNVERIFIED_EA_INPUT elapsed=0.001s
RUN_START [820/820] id=GDD46_20 family=spread_gate window=IS run=gdda_is_gdd46_20_20260815160812_7c1ea8
RUN_END [820/820] id=GDD46_20 window=IS status=UNVERIFIED decision=UNVERIFIED_EA_INPUT elapsed=0.001s
QUEUE_SUMMARY selected=820 started=494 skipped=571
DRIVER_END status=OK
