attempt_id,run_id,proposal_id,id,family,classification,window,scope,from_date,to_date,crypto_included,status,decision,gate_code,reason,returncode,net_jpy,pf_jpy,dd_amount_jpy,dd_jpy,deal_rows,effective_lots,baseline_lots,lot_step_verified,eth_present,eth_rows,funding_present,funding_rows,bfx_present,bfx_rows,magic_gate_pass,parameter_json,equity_log_file,config_file,started_at,finished_at,elapsed_seconds,error
,,OFF,OFF,,,IS,,,,,OK,,,,0,331176.79,1.8718825447675405,32052.719999999972,32.05271999999997,608,0.01|0.02,,,,,,,,,,,,,,,,
,,MUTEX,MUTEX,,,IS,,,,,OK,,,,0,331953.47,2.013761883672353,31625.26999999999,31.62526999999999,558,0.01|0.02,,,,,,,,,,,,,,,,
,,PB_SL100,PB_SL100,,,IS,,,,,OK,,,,0,271663.95,1.8462545230939458,26628.33000000006,26.62833000000006,650,0.01|0.02,,,,,,,,,,,,,,,,
,,PB_SL125,PB_SL125,,,IS,,,,,OK,,,,0,298246.39,1.8703632968097335,29568.580000000016,29.568580000000015,650,0.01|0.02,,,,,,,,,,,,,,,,
,,PB_SL150,PB_SL150,,,IS,,,,,OK,,,,0,312580.72,1.8650251686377322,28263.46000000002,28.26346000000002,636,0.01|0.02,,,,,,,,,,,,,,,,
,,PB_SL175,PB_SL175,,,IS,,,,,OK,,,,0,359907.19,2.0129090270230794,30144.690000000002,30.14469,618,0.01|0.02,,,,,,,,,,,,,,,,
,,PB_ADX25,PB_ADX25,,,IS,,,,,OK,,,,0,322483.44,1.8936737205115135,32052.719999999972,32.05271999999997,594,0.01|0.02,,,,,,,,,,,,,,,,
,,PB_ADX275,PB_ADX275,,,IS,,,,,OK,,,,0,285113.19,1.806043793547781,32052.719999999972,32.05271999999997,586,0.01|0.02,,,,,,,,,,,,,,,,
,,PB_ADX30,PB_ADX30,,,IS,,,,,OK,,,,0,294812.57,1.8524050937417686,31880.649999999965,31.880649999999964,586,0.01|0.02,,,,,,,,,,,,,,,,
,,PB_ADX35,PB_ADX35,,,IS,,,,,OK,,,,0,285956.63,1.9710029156237558,31880.649999999965,31.880649999999964,550,0.01|0.02,,,,,,,,,,,,,,,,
,,PB_SLOPE15,PB_SLOPE15,,,IS,,,,,OK,,,,0,232893.41999999998,1.758948084529066,39942.17000000001,39.94217000000001,556,0.01|0.02,,,,,,,,,,,,,,,,
,,PB_SLOPE18,PB_SLOPE18,,,IS,,,,,OK,,,,0,205167.28,1.7442074325170618,29168.050000000047,29.168050000000047,530,0.01|0.02,,,,,,,,,,,,,,,,
,,PB_SLOPE20,PB_SLOPE20,,,IS,,,,,OK,,,,0,166780.79,1.6299274317820114,27541.49000000005,27.54149000000005,510,0.01|0.02,,,,,,,,,,,,,,,,
,,SCA_MAX060,SCA_MAX060,,,IS,,,,,OK,,,,0,224694.91,1.7671753435526227,29406.76999999999,29.40676999999999,446,0.01|0.02,,,,,,,,,,,,,,,,
,,SCA_MAX070,SCA_MAX070,,,IS,,,,,OK,,,,0,255729.4,1.778151175048154,27877.770000000033,27.877770000000034,526,0.01|0.02,,,,,,,,,,,,,,,,
,,SCA_MAX080,SCA_MAX080,,,IS,,,,,OK,,,,0,282919.16,1.792769157164402,32052.719999999972,32.05271999999997,562,0.01|0.02,,,,,,,,,,,,,,,,
,,SCA_MAX090,SCA_MAX090,,,IS,,,,,OK,,,,0,330087.83,1.9011542324865438,32052.719999999972,32.05271999999997,596,0.01|0.02,,,,,,,,,,,,,,,,
,,SCA_BUF075,SCA_BUF075,,,IS,,,,,OK,,,,0,289416.76,1.7913329830962579,32052.719999999972,32.05271999999997,558,0.01|0.02,,,,,,,,,,,,,,,,
,,SCA_BUF100,SCA_BUF100,,,IS,,,,,OK,,,,0,268949.0,1.7498236604466897,32052.719999999972,32.05271999999997,514,0.01|0.02,,,,,,,,,,,,,,,,
,,SCA_BUF150,SCA_BUF150,,,IS,,,,,OK,,,,0,243290.97,1.7919473768056207,33578.630000000005,33.578630000000004,414,0.01|0.02,,,,,,,,,,,,,,,,
,,SCA_RR100,SCA_RR100,,,IS,,,,,OK,,,,0,290393.97,1.764514426112859,32052.719999999972,32.05271999999997,608,0.01|0.02,,,,,,,,,,,,,,,,
,,SCA_RR125,SCA_RR125,,,IS,,,,,OK,,,,0,316165.26,1.8323619884590674,32052.719999999972,32.05271999999997,608,0.01|0.02,,,,,,,,,,,,,,,,
,,SCA_RR200,SCA_RR200,,,IS,,,,,OK,,,,0,315532.07,1.8306950017462567,32052.719999999972,32.05271999999997,608,0.01|0.02,,,,,,,,,,,,,,,,
,,SCA_NOBOOST,SCA_NOBOOST,,,IS,,,,,OK,,,,0,313750.42,1.8841645897163357,32052.719999999972,32.05271999999997,608,0.01,,,,,,,,,,,,,,,,
,,SCA_TE12,SCA_TE12,,,IS,,,,,OK,,,,0,273527.27,1.8495532758117317,32052.719999999972,32.05271999999997,444,0.01|0.02,,,,,,,,,,,,,,,,
,,SCA_TE13,SCA_TE13,,,IS,,,,,OK,,,,0,283254.27999999997,1.8150809421416378,32052.719999999972,32.05271999999997,506,0.01|0.02,,,,,,,,,,,,,,,,
,,SCA_TE14,SCA_TE14,,,IS,,,,,OK,,,,0,297220.8,1.8108980342800884,32052.719999999972,32.05271999999997,558,0.01|0.02,,,,,,,,,,,,,,,,
,,SCA_FC17,SCA_FC17,,,IS,,,,,OK,,,,0,267059.12,1.776890963811383,30768.590000000026,30.768590000000025,608,0.01|0.02,,,,,,,,,,,,,,,,
,,SCA_FC18,SCA_FC18,,,IS,,,,,OK,,,,0,293604.95,1.8014117219064139,29680.469999999972,29.68046999999997,608,0.01|0.02,,,,,,,,,,,,,,,,
,,SCA_FC19,SCA_FC19,,,IS,,,,,OK,,,,0,325348.89,1.8788232215735237,32052.719999999972,32.05271999999997,608,0.01|0.02,,,,,,,,,,,,,,,,
,,PB_NOTUE,PB_NOTUE,,,IS,,,,,OK,,,,0,288424.64999999997,1.768719853678526,32052.719999999972,32.05271999999997,594,0.01|0.02,,,,,,,,,,,,,,,,
,,SCA_NOMON,SCA_NOMON,,,IS,,,,,OK,,,,0,295482.81,1.9327557024677762,26173.800000000017,26.173800000000018,466,0.01|0.02,,,,,,,,,,,,,,,,
,,MUTEX_ADX30_MAX08,MUTEX_ADX30_MAX08,,,IS,,,,,OK,,,,0,204554.97,1.6882041578094704,31625.26999999999,31.62526999999999,504,0.01|0.02,,,,,,,,,,,,,,,,
,,OFF,OFF,,,OOS,,,,,OK,,,,0,60050.520000000004,1.3961922853288133,13806.080000000002,13.806080000000001,634,0.01|0.02,,,,,,,,,,,,,,,,
,,MUTEX,MUTEX,,,OOS,,,,,OK,,,,0,53744.22,1.38529402170855,11103.34,11.10334,568,0.01|0.02,,,,,,,,,,,,,,,,
,,PB_SL175,PB_SL175,,,OOS,,,,,OK,,,,0,54317.7000000001,1.3517160220943,14049.55,14.04955,652,0.01|0.02,,,,,,,,,,,,,,,,
,,SCA_NOMON,SCA_NOMON,,,OOS,,,,,OK,,,,0,34169.52,1.26295322552792,18218.81,18.21881,502,0.01|0.02,,,,,,,,,,,,,,,,
,,PB_SL150,PB_SL150,,,OOS,,,,,OK,,,,0,50242.61,1.33353797763938,16441.32,16.44132,660,0.01|0.02,,,,,,,,,,,,,,,,
,,PB_SL125,PB_SL125,,,OOS,,,,,OK,,,,0,50758.4100000001,1.35274131534936,15642.0,15.642,664,0.01|0.02,,,,,,,,,,,,,,,,
,,PB_SL100,PB_SL100,,,OOS,,,,,OK,,,,0,46374.1300000001,1.33013112591598,13633.83,13.63383,678,0.01|0.02,,,,,,,,,,,,,,,,
,,SCA_MAX090,SCA_MAX090,,,OOS,,,,,OK,,,,0,60825.59,1.40818812401175,14651.43,14.65143,624,0.01|0.02,,,,,,,,,,,,,,,,
,,SCA_FC18,SCA_FC18,,,OOS,,,,,OK,,,,0,53263.0799999999,1.35463801548958,19283.01,19.28301,634,0.01|0.02,,,,,,,,,,,,,,,,
,,SCA_MAX070,SCA_MAX070,,,OOS,,,,,OK,,,,0,54446.31,1.39465284179089,19976.86,19.97686,576,0.01|0.02,,,,,,,,,,,,,,,,
,,XM5_OFF_ETHFIX_20260814,XM5_OFF_ETHFIX_20260814,,,XM5_FULL_20161109,,,,,OK,,,,0,538302.83,1.85304667671607,35671.78,35.67178,1494,0.01|0.02|0.05,,,,,,,,,,,,,,,,
,,XM5_MUTEX_ETHFIX_20260814,XM5_MUTEX_ETHFIX_20260814,,,XM5_FULL_20161109,,,,,OK,,,,0,532773.21,1.94036262085957,33916.39,33.91639,1378,0.01|0.02|0.05,,,,,,,,,,,,,,,,
,,GDD06_01,GDD06_01,pb_atr_sl,,IS,GOLD2,,,,OK,IS_SURVIVOR_TRADEOFF,,"IS net=196975.51 (0.595x), PF=1.695933 (0.906x), DD=21687.66円/21.68766pt (0.677x); baseline net=331176.79, PF=1.871883, DD=32052.72",0,196975.51,1.6959333853122416,21687.66000000006,21.68766000000006,664,0.01|0.02,,,,,,,,,,"{""GoldDDPBATRSL"":0.5}",,,,,,
,,GDD06_02,GDD06_02,pb_atr_sl,,IS,GOLD2,,,,OK,IS_SURVIVOR_TRADEOFF,,"IS net=197843.76 (0.597x), PF=1.667630 (0.891x), DD=24907.18円/24.90718pt (0.777x); baseline net=331176.79, PF=1.871883, DD=32052.72",0,197843.75999999998,1.6676296449599928,24907.18000000011,24.90718000000011,662,0.01|0.02,,,,,,,,,,"{""GoldDDPBATRSL"":0.6}",,,,,,
,,GDD06_03,GDD06_03,pb_atr_sl,,IS,GOLD2,,,,OK,IS_REJECT_PROFIT_LOSS,,"IS net=211050.23 (0.637x), PF=1.694058 (0.905x), DD=26971.98円/26.97198pt (0.841x); baseline net=331176.79, PF=1.871883, DD=32052.72",0,211050.23,1.6940583572049575,26971.98000000007,26.97198000000007,660,0.01|0.02,,,,,,,,,,"{""GoldDDPBATRSL"":0.7}",,,,,,
,,GDD06_04,GDD06_04,pb_atr_sl,,IS,GOLD2,,,,OK,IS_REJECT_PROFIT_LOSS,,"IS net=224687.44 (0.678x), PF=1.722172 (0.920x), DD=31859.57円/31.85957pt (0.994x); baseline net=331176.79, PF=1.871883, DD=32052.72",0,224687.44,1.7221719801985893,31859.569999999978,31.859569999999978,656,0.01|0.02,,,,,,,,,,"{""GoldDDPBATRSL"":0.8}",,,,,,
,,GDD06_05,GDD06_05,pb_atr_sl,,IS,GOLD2,,,,OK,IS_REJECT_PROFIT_LOSS,,"IS net=244243.29 (0.738x), PF=1.771580 (0.946x), DD=26805.79円/26.80579pt (0.836x); baseline net=331176.79, PF=1.871883, DD=32052.72",0,244243.29,1.7715800358819054,26805.790000000023,26.805790000000023,654,0.01|0.02,,,,,,,,,,"{""GoldDDPBATRSL"":0.9}",,,,,,
,,GDD06_06,GDD06_06,pb_atr_sl,,IS,GOLD2,,,,OK,IS_SURVIVOR_DD,,"IS net=271663.95 (0.820x), PF=1.846255 (0.986x), DD=26628.33円/26.62833pt (0.831x); baseline net=331176.79, PF=1.871883, DD=32052.72",0,271663.95,1.8462545230939458,26628.33000000006,26.62833000000006,650,0.01|0.02,,,,,,,,,,"{""GoldDDPBATRSL"":1.0}",,,,,,
,,GDD06_07,GDD06_07,pb_atr_sl,,IS,GOLD2,,,,OK,IS_SURVIVOR_DD,,"IS net=293090.72 (0.885x), PF=1.897187 (1.014x), DD=25955.42円/25.95542pt (0.810x); baseline net=331176.79, PF=1.871883, DD=32052.72",0,293090.72,1.8971872305062378,25955.419999999955,25.955419999999954,652,0.01|0.02,,,,,,,,,,"{""GoldDDPBATRSL"":1.1}",,,,,,
,,GDD06_08,GDD06_08,pb_atr_sl,,IS,GOLD2,,,,OK,IS_SURVIVOR_DD,,"IS net=300043.50 (0.906x), PF=1.892758 (1.011x), DD=29036.33円/29.03633pt (0.906x); baseline net=331176.79, PF=1.871883, DD=32052.72",0,300043.5,1.8927576785667106,29036.329999999987,29.03632999999999,650,0.01|0.02,,,,,,,,,,"{""GoldDDPBATRSL"":1.2}",,,,,,
,,GDD06_09,GDD06_09,pb_atr_sl,,IS,GOLD2,,,,OK,IS_SURVIVOR_DD,,"IS net=298246.39 (0.901x), PF=1.870363 (0.999x), DD=29568.58円/29.56858pt (0.922x); baseline net=331176.79, PF=1.871883, DD=32052.72",0,298246.39,1.8703632968097335,29568.580000000016,29.568580000000015,650,0.01|0.02,,,,,,,,,,"{""GoldDDPBATRSL"":1.25}",,,,,,
,,GDD06_10,GDD06_10,pb_atr_sl,,IS,GOLD2,,,,OK,IS_SURVIVOR_DD,,"IS net=305529.19 (0.923x), PF=1.887526 (1.008x), DD=30311.75円/30.31175pt (0.946x); baseline net=331176.79, PF=1.871883, DD=32052.72",0,305529.19,1.8875263538189702,30311.750000000015,30.311750000000014,648,0.01|0.02,,,,,,,,,,"{""GoldDDPBATRSL"":1.3}",,,,,,
,,GDD06_11,GDD06_11,pb_atr_sl,,IS,GOLD2,,,,OK,IS_SURVIVOR_DD,,"IS net=315006.09 (0.951x), PF=1.899299 (1.015x), DD=27512.86円/27.51286pt (0.858x); baseline net=331176.79, PF=1.871883, DD=32052.72",0,315006.08999999997,1.8992989885794092,27512.859999999986,27.512859999999986,640,0.01|0.02,,,,,,,,,,"{""GoldDDPBATRSL"":1.4}",,,,,,
,,GDD06_12,GDD06_12,pb_atr_sl,,IS,GOLD2,,,,OK,IS_SURVIVOR_DD,,"IS net=312580.72 (0.944x), PF=1.865025 (0.996x), DD=28263.46円/28.26346pt (0.882x); baseline net=331176.79, PF=1.871883, DD=32052.72",0,312580.72,1.8650251686377322,28263.46000000002,28.26346000000002,636,0.01|0.02,,,,,,,,,,"{""GoldDDPBATRSL"":1.5}",,,,,,
,,GDD06_13,GDD06_13,pb_atr_sl,,IS,GOLD2,,,,OK,IS_SURVIVOR_DD,,"IS net=330453.53 (0.998x), PF=1.915181 (1.023x), DD=29014.06円/29.01406pt (0.905x); baseline net=331176.79, PF=1.871883, DD=32052.72",0,330453.52999999997,1.915180523903612,29014.059999999998,29.014059999999997,632,0.01|0.02,,,,,,,,,,"{""GoldDDPBATRSL"":1.6}",,,,,,
,,GDD06_14,GDD06_14,pb_atr_sl,,IS,GOLD2,,,,OK,IS_SURVIVOR_STRICT,,"IS net=341317.39 (1.031x), PF=1.939164 (1.036x), DD=29769.39円/29.76939pt (0.929x); baseline net=331176.79, PF=1.871883, DD=32052.72",0,341317.39,1.9391640369074585,29769.390000000014,29.769390000000016,626,0.01|0.02,,,,,,,,,,"{""GoldDDPBATRSL"":1.7}",,,,,,
,,GDD06_15,GDD06_15,pb_atr_sl,,IS,GOLD2,,,,OK,IS_SURVIVOR_STRICT,,"IS net=359907.19 (1.087x), PF=2.012909 (1.075x), DD=30144.69円/30.14469pt (0.940x); baseline net=331176.79, PF=1.871883, DD=32052.72",0,359907.19,2.0129090270230794,30144.690000000002,30.14469,618,0.01|0.02,,,,,,,,,,"{""GoldDDPBATRSL"":1.75}",,,,,,
,,GDD06_16,GDD06_16,pb_atr_sl,,IS,GOLD2,,,,OK,IS_SURVIVOR_STRICT,,"IS net=364036.35 (1.099x), PF=2.010797 (1.074x), DD=30529.45円/30.52945pt (0.952x); baseline net=331176.79, PF=1.871883, DD=32052.72",0,364036.35,2.010796730110319,30529.45000000001,30.52945000000001,618,0.01|0.02,,,,,,,,,,"{""GoldDDPBATRSL"":1.8}",,,,,,
,,GDD06_17,GDD06_17,pb_atr_sl,,IS,GOLD2,,,,OK,IS_SURVIVOR_STRICT,,"IS net=363946.50 (1.099x), PF=2.002060 (1.070x), DD=31298.97円/31.29897pt (0.976x); baseline net=331176.79, PF=1.871883, DD=32052.72",0,363946.5,2.002059893719231,31298.969999999972,31.298969999999972,614,0.01|0.02,,,,,,,,,,"{""GoldDDPBATRSL"":1.9}",,,,,,
,,GDD06_18,GDD06_18,pb_atr_sl,,IS,GOLD2,,,,OK,IS_BASELINE_EQUIVALENT,,"IS baseline完全一致: net=331176.79, PF=1.871882544768, DD=32052.72円/32.05272pt",0,331176.79,1.8718825447675405,32052.719999999972,32.05271999999997,608,0.01|0.02,,,,,,,,,,"{""GoldDDPBATRSL"":2.0}",,,,,,
,,GDD06_19,GDD06_19,pb_atr_sl,,IS,GOLD2,,,,OK,IS_SURVIVOR_TRADEOFF,,"IS net=364802.29 (1.102x), PF=2.028520 (1.084x), DD=33990.59円/33.99059pt (1.060x); baseline net=331176.79, PF=1.871883, DD=32052.72",0,364802.29,2.0285203403986243,33990.58999999997,33.99058999999997,596,0.01|0.02,,,,,,,,,,"{""GoldDDPBATRSL"":2.25}",,,,,,
,,GDD06_20,GDD06_20,pb_atr_sl,,IS,GOLD2,,,,OK,IS_SURVIVOR_TRADEOFF,,"IS net=351412.47 (1.061x), PF=1.905441 (1.018x), DD=36340.71円/36.34071pt (1.134x); baseline net=331176.79, PF=1.871883, DD=32052.72",0,351412.47000000003,1.9054407379147147,36340.70999999996,36.340709999999966,590,0.01|0.02,,,,,,,,,,"{""GoldDDPBATRSL"":2.5}",,,,,,
0da103069960469a86d9ce39f4aa9905,gdda_is_gdd07_01_20260814095803_0da103,GDD07_01,GDD07_01,pb_rr,(2)軽微なコード変更,IS,GOLD2,2021.06.21,2026.06.20,False,OK,IS_SURVIVOR_TRADEOFF,TRADEOFF,"IS net=237689.44 (0.718x), PF=1.786759 (0.955x), DD=23709.65円/23.70965pt (0.740x); baseline net=331176.79, PF=1.871883, DD=32052.72円",0,237689.44,1.7867588266875685,23709.65000000001,23.709650000000007,650,0.01|0.02,0.01|0.02,True,False,0,False,0,False,0,True,"{""GoldDDPBRR"":0.5}",gdda_is_gdd07_01_20260814095803_0da103_deals.csv,ml\gold_dd\configs\gdda_is_gdd07_01_20260814095803_0da103.yaml,2026-08-14T00:58:03+00:00,2026-08-14T00:59:59+00:00,115.930,
2133cb1d2deb4983b2931f3cb094aa55,gdda_is_gdd07_02_20260814095959_2133cb,GDD07_02,GDD07_02,pb_rr,(2)軽微なコード変更,IS,GOLD2,2021.06.21,2026.06.20,False,OK,IS_SURVIVOR_TRADEOFF,TRADEOFF,"IS net=256506.97 (0.775x), PF=1.834618 (0.980x), DD=21974.91円/21.97491pt (0.686x); baseline net=331176.79, PF=1.871883, DD=32052.72円",0,256506.97,1.834617611703617,21974.910000000018,21.97491000000002,648,0.01|0.02,0.01|0.02,True,False,0,False,0,False,0,True,"{""GoldDDPBRR"":0.6}",gdda_is_gdd07_02_20260814095959_2133cb_deals.csv,ml\gold_dd\configs\gdda_is_gdd07_02_20260814095959_2133cb.yaml,2026-08-14T00:59:59+00:00,2026-08-14T01:01:07+00:00,68.358,
f051250733494fe78df1013befe89bcf,gdda_is_gdd25_02_20260814100150_f05125,GDD25_02,GDD25_02,sca_boost,(2)軽微なコード変更,IS,GOLD2,2021.06.21,2026.06.20,False,UNVERIFIED,UNVERIFIED_LOTSTEP,EFFECTIVE_LOTS_UNCHANGED,"requested lot-changing proposal but effective lots remained 0.01|0.02 (baseline 0.01|0.02); IS net=331176.79 (1.000x), PF=1.871883 (1.000x), DD=32052.72円/32.05272pt (1.000x); baseline net=331176.79, PF=1.871883, DD=32052.72円",0,331176.79,1.8718825447675405,32052.719999999972,32.05271999999997,608,0.01|0.02,0.01|0.02,False,False,0,False,0,False,0,True,"{""GoldDDSCABoostMult"":2}",gdda_is_gdd25_02_20260814100150_f05125_deals.csv,ml\gold_dd\configs\gdda_is_gdd25_02_20260814100150_f05125.yaml,2026-08-14T01:01:50+00:00,2026-08-14T01:03:03+00:00,73.265,
bdb754c7c7d3403b8012b6a39ad17295,gdda_is_gdd01_01_20260814100612_bdb754,GDD01_01,GDD01_01,overlap_mutex,(2)軽微なコード変更,IS,GOLD2,,,,UNVERIFIED,UNVERIFIED_EA_INPUT,EA_IMPLEMENTATION_MISSING,family has no verified SIMVERIFY activation: overlap_mutex,,,,,,,,,,,,,,,,,"{""GoldLabOverlapCooldownHours"":0,""GoldLabOverlapPolicy"":1}",,,2026-08-14T01:06:12+00:00,2026-08-14T01:06:12+00:00,0.002,NotImplementedError('family has no verified SIMVERIFY activation: overlap_mutex')
e3f817b8401b44a5ac88ca5222ed23e7,gdda_is_gdd01_02_20260814100612_e3f817,GDD01_02,GDD01_02,overlap_mutex,(2)軽微なコード変更,IS,GOLD2,,,,UNVERIFIED,UNVERIFIED_EA_INPUT,EA_IMPLEMENTATION_MISSING,family has no verified SIMVERIFY activation: overlap_mutex,,,,,,,,,,,,,,,,,"{""GoldLabOverlapCooldownHours"":1,""GoldLabOverlapPolicy"":1}",,,2026-08-14T01:06:12+00:00,2026-08-14T01:06:12+00:00,0.001,NotImplementedError('family has no verified SIMVERIFY activation: overlap_mutex')
7047114b7d1e4e3da5b6b847786f56ad,gdda_is_gdd01_03_20260814100612_704711,GDD01_03,GDD01_03,overlap_mutex,(2)軽微なコード変更,IS,GOLD2,,,,UNVERIFIED,UNVERIFIED_EA_INPUT,EA_IMPLEMENTATION_MISSING,family has no verified SIMVERIFY activation: overlap_mutex,,,,,,,,,,,,,,,,,"{""GoldLabOverlapCooldownHours"":2,""GoldLabOverlapPolicy"":1}",,,2026-08-14T01:06:12+00:00,2026-08-14T01:06:12+00:00,0.001,NotImplementedError('family has no verified SIMVERIFY activation: overlap_mutex')
3d59649d25c04c58b1bc4374fd6a0ded,gdda_is_gdd01_04_20260814100612_3d5964,GDD01_04,GDD01_04,overlap_mutex,(2)軽微なコード変更,IS,GOLD2,,,,UNVERIFIED,UNVERIFIED_EA_INPUT,EA_IMPLEMENTATION_MISSING,family has no verified SIMVERIFY activation: overlap_mutex,,,,,,,,,,,,,,,,,"{""GoldLabOverlapCooldownHours"":4,""GoldLabOverlapPolicy"":1}",,,2026-08-14T01:06:12+00:00,2026-08-14T01:06:12+00:00,0.001,NotImplementedError('family has no verified SIMVERIFY activation: overlap_mutex')
4fc4f575f72a4458ab27c8c3f612c2a2,gdda_is_gdd01_05_20260814100612_4fc4f5,GDD01_05,GDD01_05,overlap_mutex,(2)軽微なコード変更,IS,GOLD2,,,,UNVERIFIED,UNVERIFIED_EA_INPUT,EA_IMPLEMENTATION_MISSING,family has no verified SIMVERIFY activation: overlap_mutex,,,,,,,,,,,,,,,,,"{""GoldLabOverlapCooldownHours"":6,""GoldLabOverlapPolicy"":1}",,,2026-08-14T01:06:12+00:00,2026-08-14T01:06:12+00:00,0.001,NotImplementedError('family has no verified SIMVERIFY activation: overlap_mutex')
a17470347a6d439b90f788dbc2b7a5a5,gdda_is_gdd01_06_20260814100612_a17470,GDD01_06,GDD01_06,overlap_mutex,(2)軽微なコード変更,IS,GOLD2,,,,UNVERIFIED,UNVERIFIED_EA_INPUT,EA_IMPLEMENTATION_MISSING,family has no verified SIMVERIFY activation: overlap_mutex,,,,,,,,,,,,,,,,,"{""GoldLabOverlapCooldownHours"":8,""GoldLabOverlapPolicy"":1}",,,2026-08-14T01:06:12+00:00,2026-08-14T01:06:12+00:00,0.001,NotImplementedError('family has no verified SIMVERIFY activation: overlap_mutex')
a8e5c498d53041bfb505287ee3ffcba8,gdda_is_gdd01_07_20260814100612_a8e5c4,GDD01_07,GDD01_07,overlap_mutex,(2)軽微なコード変更,IS,GOLD2,,,,UNVERIFIED,UNVERIFIED_EA_INPUT,EA_IMPLEMENTATION_MISSING,family has no verified SIMVERIFY activation: overlap_mutex,,,,,,,,,,,,,,,,,"{""GoldLabOverlapCooldownHours"":12,""GoldLabOverlapPolicy"":1}",,,2026-08-14T01:06:12+00:00,2026-08-14T01:06:12+00:00,0.001,NotImplementedError('family has no verified SIMVERIFY activation: overlap_mutex')
7c4e4bb3f5ff45c2a0dd980a9cbda778,gdda_is_gdd01_08_20260814100612_7c4e4b,GDD01_08,GDD01_08,overlap_mutex,(2)軽微なコード変更,IS,GOLD2,,,,UNVERIFIED,UNVERIFIED_EA_INPUT,EA_IMPLEMENTATION_MISSING,family has no verified SIMVERIFY activation: overlap_mutex,,,,,,,,,,,,,,,,,"{""GoldLabOverlapCooldownHours"":16,""GoldLabOverlapPolicy"":1}",,,2026-08-14T01:06:12+00:00,2026-08-14T01:06:12+00:00,0.001,NotImplementedError('family has no verified SIMVERIFY activation: overlap_mutex')
287def3e3a0a4af299ecd7a2ff286095,gdda_is_gdd01_09_20260814100612_287def,GDD01_09,GDD01_09,overlap_mutex,(2)軽微なコード変更,IS,GOLD2,,,,UNVERIFIED,UNVERIFIED_EA_INPUT,EA_IMPLEMENTATION_MISSING,family has no verified SIMVERIFY activation: overlap_mutex,,,,,,,,,,,,,,,,,"{""GoldLabOverlapCooldownHours"":20,""GoldLabOverlapPolicy"":1}",,,2026-08-14T01:06:12+00:00,2026-08-14T01:06:12+00:00,0.001,NotImplementedError('family has no verified SIMVERIFY activation: overlap_mutex')
cca1553c6ac9402ab3f24c4bf56339d8,gdda_is_gdd01_10_20260814100612_cca155,GDD01_10,GDD01_10,overlap_mutex,(2)軽微なコード変更,IS,GOLD2,,,,UNVERIFIED,UNVERIFIED_EA_INPUT,EA_IMPLEMENTATION_MISSING,family has no verified SIMVERIFY activation: overlap_mutex,,,,,,,,,,,,,,,,,"{""GoldLabOverlapCooldownHours"":24,""GoldLabOverlapPolicy"":1}",,,2026-08-14T01:06:12+00:00,2026-08-14T01:06:12+00:00,0.001,NotImplementedError('family has no verified SIMVERIFY activation: overlap_mutex')
d11ec15e2eea4c508361667d5dbaa77f,gdda_is_gdd01_11_20260814100613_d11ec1,GDD01_11,GDD01_11,overlap_mutex,(2)軽微なコード変更,IS,GOLD2,,,,UNVERIFIED,UNVERIFIED_EA_INPUT,EA_IMPLEMENTATION_MISSING,family has no verified SIMVERIFY activation: overlap_mutex,,,,,,,,,,,,,,,,,"{""GoldLabOverlapCooldownHours"":30,""GoldLabOverlapPolicy"":1}",,,2026-08-14T01:06:13+00:00,2026-08-14T01:06:13+00:00,0.001,NotImplementedError('family has no verified SIMVERIFY activation: overlap_mutex')
1513e34719a74b22b9b141b4933eb3c8,gdda_is_gdd01_12_20260814100613_1513e3,GDD01_12,GDD01_12,overlap_mutex,(2)軽微なコード変更,IS,GOLD2,,,,UNVERIFIED,UNVERIFIED_EA_INPUT,EA_IMPLEMENTATION_MISSING,family has no verified SIMVERIFY activation: overlap_mutex,,,,,,,,,,,,,,,,,"{""GoldLabOverlapCooldownHours"":36,""GoldLabOverlapPolicy"":1}",,,2026-08-14T01:06:13+00:00,2026-08-14T01:06:13+00:00,0.001,NotImplementedError('family has no verified SIMVERIFY activation: overlap_mutex')
449dc8a83e6340df9b622048116ff8be,gdda_is_gdd01_13_20260814100613_449dc8,GDD01_13,GDD01_13,overlap_mutex,(2)軽微なコード変更,IS,GOLD2,,,,UNVERIFIED,UNVERIFIED_EA_INPUT,EA_IMPLEMENTATION_MISSING,family has no verified SIMVERIFY activation: overlap_mutex,,,,,,,,,,,,,,,,,"{""GoldLabOverlapCooldownHours"":42,""GoldLabOverlapPolicy"":1}",,,2026-08-14T01:06:13+00:00,2026-08-14T01:06:13+00:00,0.001,NotImplementedError('family has no verified SIMVERIFY activation: overlap_mutex')
e45ad37e69be41acb41316b85e3c45ac,gdda_is_gdd01_14_20260814100613_e45ad3,GDD01_14,GDD01_14,overlap_mutex,(2)軽微なコード変更,IS,GOLD2,,,,UNVERIFIED,UNVERIFIED_EA_INPUT,EA_IMPLEMENTATION_MISSING,family has no verified SIMVERIFY activation: overlap_mutex,,,,,,,,,,,,,,,,,"{""GoldLabOverlapCooldownHours"":48,""GoldLabOverlapPolicy"":1}",,,2026-08-14T01:06:13+00:00,2026-08-14T01:06:13+00:00,0.001,NotImplementedError('family has no verified SIMVERIFY activation: overlap_mutex')
c24f2643882143c398fa837f30c906c7,gdda_is_gdd01_15_20260814100613_c24f26,GDD01_15,GDD01_15,overlap_mutex,(2)軽微なコード変更,IS,GOLD2,,,,UNVERIFIED,UNVERIFIED_EA_INPUT,EA_IMPLEMENTATION_MISSING,family has no verified SIMVERIFY activation: overlap_mutex,,,,,,,,,,,,,,,,,"{""GoldLabOverlapCooldownHours"":60,""GoldLabOverlapPolicy"":1}",,,2026-08-14T01:06:13+00:00,2026-08-14T01:06:13+00:00,0.001,NotImplementedError('family has no verified SIMVERIFY activation: overlap_mutex')
bc28b5c9d3ea48bfac53480bb2247ac9,gdda_is_gdd01_16_20260814100613_bc28b5,GDD01_16,GDD01_16,overlap_mutex,(2)軽微なコード変更,IS,GOLD2,,,,UNVERIFIED,UNVERIFIED_EA_INPUT,EA_IMPLEMENTATION_MISSING,family has no verified SIMVERIFY activation: overlap_mutex,,,,,,,,,,,,,,,,,"{""GoldLabOverlapCooldownHours"":72,""GoldLabOverlapPolicy"":1}",,,2026-08-14T01:06:13+00:00,2026-08-14T01:06:13+00:00,0.001,NotImplementedError('family has no verified SIMVERIFY activation: overlap_mutex')
2bf5b1d3136642a1b8c56614ebf41f81,gdda_is_gdd01_17_20260814100613_2bf5b1,GDD01_17,GDD01_17,overlap_mutex,(2)軽微なコード変更,IS,GOLD2,,,,UNVERIFIED,UNVERIFIED_EA_INPUT,EA_IMPLEMENTATION_MISSING,family has no verified SIMVERIFY activation: overlap_mutex,,,,,,,,,,,,,,,,,"{""GoldLabOverlapCooldownHours"":96,""GoldLabOverlapPolicy"":1}",,,2026-08-14T01:06:13+00:00,2026-08-14T01:06:13+00:00,0.001,NotImplementedError('family has no verified SIMVERIFY activation: overlap_mutex')
6fd96e3b9d314ecb9f16f475eaf3f893,gdda_is_gdd01_18_20260814100613_6fd96e,GDD01_18,GDD01_18,overlap_mutex,(2)軽微なコード変更,IS,GOLD2,,,,UNVERIFIED,UNVERIFIED_EA_INPUT,EA_IMPLEMENTATION_MISSING,family has no verified SIMVERIFY activation: overlap_mutex,,,,,,,,,,,,,,,,,"{""GoldLabOverlapCooldownHours"":120,""GoldLabOverlapPolicy"":1}",,,2026-08-14T01:06:13+00:00,2026-08-14T01:06:13+00:00,0.001,NotImplementedError('family has no verified SIMVERIFY activation: overlap_mutex')
4c7b30b5bdff437aa6262f46fb2c4c58,gdda_is_gdd01_19_20260814100613_4c7b30,GDD01_19,GDD01_19,overlap_mutex,(2)軽微なコード変更,IS,GOLD2,,,,UNVERIFIED,UNVERIFIED_EA_INPUT,EA_IMPLEMENTATION_MISSING,family has no verified SIMVERIFY activation: overlap_mutex,,,,,,,,,,,,,,,,,"{""GoldLabOverlapCooldownHours"":144,""GoldLabOverlapPolicy"":1}",,,2026-08-14T01:06:13+00:00,2026-08-14T01:06:13+00:00,0.001,NotImplementedError('family has no verified SIMVERIFY activation: overlap_mutex')
0fe63b43947743608533a37fd60a5a6f,gdda_is_gdd01_20_20260814100613_0fe63b,GDD01_20,GDD01_20,overlap_mutex,(2)軽微なコード変更,IS,GOLD2,,,,UNVERIFIED,UNVERIFIED_EA_INPUT,EA_IMPLEMENTATION_MISSING,family has no verified SIMVERIFY activation: overlap_mutex,,,,,,,,,,,,,,,,,"{""GoldLabOverlapCooldownHours"":168,""GoldLabOverlapPolicy"":1}",,,2026-08-14T01:06:13+00:00,2026-08-14T01:06:13+00:00,0.001,NotImplementedError('family has no verified SIMVERIFY activation: overlap_mutex')
68eb2a16db944e1fb3aee87ae7f2a611,gdda_is_gdd02_01_20260814100613_68eb2a,GDD02_01,GDD02_01,overlap_priority_pb,(2)軽微なコード変更,IS,GOLD2,,,,UNVERIFIED,UNVERIFIED_EA_INPUT,EA_IMPLEMENTATION_MISSING,family has no verified SIMVERIFY activation: overlap_priority_pb,,,,,,,,,,,,,,,,,"{""GoldLabOverlapCooldownHours"":0,""GoldLabOverlapPolicy"":2}",,,2026-08-14T01:06:13+00:00,2026-08-14T01:06:13+00:00,0.001,NotImplementedError('family has no verified SIMVERIFY activation: overlap_priority_pb')
b8866d56f7614f5d87b40b371dbf4c2d,gdda_is_gdd02_02_20260814100613_b8866d,GDD02_02,GDD02_02,overlap_priority_pb,(2)軽微なコード変更,IS,GOLD2,,,,UNVERIFIED,UNVERIFIED_EA_INPUT,EA_IMPLEMENTATION_MISSING,family has no verified SIMVERIFY activation: overlap_priority_pb,,,,,,,,,,,,,,,,,"{""GoldLabOverlapCooldownHours"":1,""GoldLabOverlapPolicy"":2}",,,2026-08-14T01:06:13+00:00,2026-08-14T01:06:13+00:00,0.002,NotImplementedError('family has no verified SIMVERIFY activation: overlap_priority_pb')
1fab4c6776a44668ae3b50001bb71fe3,gdda_is_gdd02_03_20260814100613_1fab4c,GDD02_03,GDD02_03,overlap_priority_pb,(2)軽微なコード変更,IS,GOLD2,,,,UNVERIFIED,UNVERIFIED_EA_INPUT,EA_IMPLEMENTATION_MISSING,family has no verified SIMVERIFY activation: overlap_priority_pb,,,,,,,,,,,,,,,,,"{""GoldLabOverlapCooldownHours"":2,""GoldLabOverlapPolicy"":2}",,,2026-08-14T01:06:13+00:00,2026-08-14T01:06:13+00:00,0.001,NotImplementedError('family has no verified SIMVERIFY activation: overlap_priority_pb')
8c6a0dbd534a401d848b2a3c7d3e9a39,gdda_is_gdd02_04_20260814100613_8c6a0d,GDD02_04,GDD02_04,overlap_priority_pb,(2)軽微なコード変更,IS,GOLD2,,,,UNVERIFIED,UNVERIFIED_EA_INPUT,EA_IMPLEMENTATION_MISSING,family has no verified SIMVERIFY activation: overlap_priority_pb,,,,,,,,,,,,,,,,,"{""GoldLabOverlapCooldownHours"":4,""GoldLabOverlapPolicy"":2}",,,2026-08-14T01:06:13+00:00,2026-08-14T01:06:13+00:00,0.001,NotImplementedError('family has no verified SIMVERIFY activation: overlap_priority_pb')
b6b535221eb9457d842223b963245d91,gdda_is_gdd02_05_20260814100613_b6b535,GDD02_05,GDD02_05,overlap_priority_pb,(2)軽微なコード変更,IS,GOLD2,,,,UNVERIFIED,UNVERIFIED_EA_INPUT,EA_IMPLEMENTATION_MISSING,family has no verified SIMVERIFY activation: overlap_priority_pb,,,,,,,,,,,,,,,,,"{""GoldLabOverlapCooldownHours"":6,""GoldLabOverlapPolicy"":2}",,,2026-08-14T01:06:13+00:00,2026-08-14T01:06:13+00:00,0.002,NotImplementedError('family has no verified SIMVERIFY activation: overlap_priority_pb')
36b0e1284baf4706a7cde2ef06279fc0,gdda_is_gdd02_06_20260814100613_36b0e1,GDD02_06,GDD02_06,overlap_priority_pb,(2)軽微なコード変更,IS,GOLD2,,,,UNVERIFIED,UNVERIFIED_EA_INPUT,EA_IMPLEMENTATION_MISSING,family has no verified SIMVERIFY activation: overlap_priority_pb,,,,,,,,,,,,,,,,,"{""GoldLabOverlapCooldownHours"":8,""GoldLabOverlapPolicy"":2}",,,2026-08-14T01:06:13+00:00,2026-08-14T01:06:13+00:00,0.001,NotImplementedError('family has no verified SIMVERIFY activation: overlap_priority_pb')
9413d5729f6741f9bc0cf14521b1a31e,gdda_is_gdd02_07_20260814100613_9413d5,GDD02_07,GDD02_07,overlap_priority_pb,(2)軽微なコード変更,IS,GOLD2,,,,UNVERIFIED,UNVERIFIED_EA_INPUT,EA_IMPLEMENTATION_MISSING,family has no verified SIMVERIFY activation: overlap_priority_pb,,,,,,,,,,,,,,,,,"{""GoldLabOverlapCooldownHours"":12,""GoldLabOverlapPolicy"":2}",,,2026-08-14T01:06:13+00:00,2026-08-14T01:06:13+00:00,0.001,NotImplementedError('family has no verified SIMVERIFY activation: overlap_priority_pb')
c6744f2a83fb4a8f9ddc878b993e3b34,gdda_is_gdd02_08_20260814100613_c6744f,GDD02_08,GDD02_08,overlap_priority_pb,(2)軽微なコード変更,IS,GOLD2,,,,UNVERIFIED,UNVERIFIED_EA_INPUT,EA_IMPLEMENTATION_MISSING,family has no verified SIMVERIFY activation: overlap_priority_pb,,,,,,,,,,,,,,,,,"{""GoldLabOverlapCooldownHours"":16,""GoldLabOverlapPolicy"":2}",,,2026-08-14T01:06:13+00:00,2026-08-14T01:06:13+00:00,0.001,NotImplementedError('family has no verified SIMVERIFY activation: overlap_priority_pb')
cf007ddac2954bd0b0501b26f95b4167,gdda_is_gdd02_09_20260814100613_cf007d,GDD02_09,GDD02_09,overlap_priority_pb,(2)軽微なコード変更,IS,GOLD2,,,,UNVERIFIED,UNVERIFIED_EA_INPUT,EA_IMPLEMENTATION_MISSING,family has no verified SIMVERIFY activation: overlap_priority_pb,,,,,,,,,,,,,,,,,"{""GoldLabOverlapCooldownHours"":20,""GoldLabOverlapPolicy"":2}",,,2026-08-14T01:06:13+00:00,2026-08-14T01:06:13+00:00,0.001,NotImplementedError('family has no verified SIMVERIFY activation: overlap_priority_pb')
cbc77b6f107f4607ad46e1fffd469602,gdda_is_gdd02_10_20260814100613_cbc77b,GDD02_10,GDD02_10,overlap_priority_pb,(2)軽微なコード変更,IS,GOLD2,,,,UNVERIFIED,UNVERIFIED_EA_INPUT,EA_IMPLEMENTATION_MISSING,family has no verified SIMVERIFY activation: overlap_priority_pb,,,,,,,,,,,,,,,,,"{""GoldLabOverlapCooldownHours"":24,""GoldLabOverlapPolicy"":2}",,,2026-08-14T01:06:13+00:00,2026-08-14T01:06:13+00:00,0.001,NotImplementedError('family has no verified SIMVERIFY activation: overlap_priority_pb')
c31db279034544af86ac841b6ba5d737,gdda_is_gdd02_11_20260814100613_c31db2,GDD02_11,GDD02_11,overlap_priority_pb,(2)軽微なコード変更,IS,GOLD2,,,,UNVERIFIED,UNVERIFIED_EA_INPUT,EA_IMPLEMENTATION_MISSING,family has no verified SIMVERIFY activation: overlap_priority_pb,,,,,,,,,,,,,,,,,"{""GoldLabOverlapCooldownHours"":30,""GoldLabOverlapPolicy"":2}",,,2026-08-14T01:06:13+00:00,2026-08-14T01:06:13+00:00,0.001,NotImplementedError('family has no verified SIMVERIFY activation: overlap_priority_pb')
9c8ec17cc0334323b25ce5dfc61464e0,gdda_is_gdd02_12_20260814100613_9c8ec1,GDD02_12,GDD02_12,overlap_priority_pb,(2)軽微なコード変更,IS,GOLD2,,,,UNVERIFIED,UNVERIFIED_EA_INPUT,EA_IMPLEMENTATION_MISSING,family has no verified SIMVERIFY activation: overlap_priority_pb,,,,,,,,,,,,,,,,,"{""GoldLabOverlapCooldownHours"":36,""GoldLabOverlapPolicy"":2}",,,2026-08-14T01:06:13+00:00,2026-08-14T01:06:13+00:00,0.001,NotImplementedError('family has no verified SIMVERIFY activation: overlap_priority_pb')
a8f7e25cd7f8491c93c9317b511f8466,gdda_is_gdd02_13_20260814100613_a8f7e2,GDD02_13,GDD02_13,overlap_priority_pb,(2)軽微なコード変更,IS,GOLD2,,,,UNVERIFIED,UNVERIFIED_EA_INPUT,EA_IMPLEMENTATION_MISSING,family has no verified SIMVERIFY activation: overlap_priority_pb,,,,,,,,,,,,,,,,,"{""GoldLabOverlapCooldownHours"":42,""GoldLabOverlapPolicy"":2}",,,2026-08-14T01:06:13+00:00,2026-08-14T01:06:13+00:00,0.001,NotImplementedError('family has no verified SIMVERIFY activation: overlap_priority_pb')
dc9411d21a85429c88e2dabe0b9b06b0,gdda_is_gdd02_14_20260814100613_dc9411,GDD02_14,GDD02_14,overlap_priority_pb,(2)軽微なコード変更,IS,GOLD2,,,,UNVERIFIED,UNVERIFIED_EA_INPUT,EA_IMPLEMENTATION_MISSING,family has no verified SIMVERIFY activation: overlap_priority_pb,,,,,,,,,,,,,,,,,"{""GoldLabOverlapCooldownHours"":48,""GoldLabOverlapPolicy"":2}",,,2026-08-14T01:06:13+00:00,2026-08-14T01:06:13+00:00,0.001,NotImplementedError('family has no verified SIMVERIFY activation: overlap_priority_pb')
aa3a54861cd04bb18ea790a5629cc6a8,gdda_is_gdd02_15_20260814100613_aa3a54,GDD02_15,GDD02_15,overlap_priority_pb,(2)軽微なコード変更,IS,GOLD2,,,,UNVERIFIED,UNVERIFIED_EA_INPUT,EA_IMPLEMENTATION_MISSING,family has no verified SIMVERIFY activation: overlap_priority_pb,,,,,,,,,,,,,,,,,"{""GoldLabOverlapCooldownHours"":60,""GoldLabOverlapPolicy"":2}",,,2026-08-14T01:06:13+00:00,2026-08-14T01:06:13+00:00,0.001,NotImplementedError('family has no verified SIMVERIFY activation: overlap_priority_pb')
c7c2b3f428094bcca2bbd2a2b4f1bd37,gdda_is_gdd02_16_20260814100613_c7c2b3,GDD02_16,GDD02_16,overlap_priority_pb,(2)軽微なコード変更,IS,GOLD2,,,,UNVERIFIED,UNVERIFIED_EA_INPUT,EA_IMPLEMENTATION_MISSING,family has no verified SIMVERIFY activation: overlap_priority_pb,,,,,,,,,,,,,,,,,"{""GoldLabOverlapCooldownHours"":72,""GoldLabOverlapPolicy"":2}",,,2026-08-14T01:06:13+00:00,2026-08-14T01:06:13+00:00,0.001,NotImplementedError('family has no verified SIMVERIFY activation: overlap_priority_pb')
cf62eb19e70b4a6abfb11246ffd64877,gdda_is_gdd02_17_20260814100613_cf62eb,GDD02_17,GDD02_17,overlap_priority_pb,(2)軽微なコード変更,IS,GOLD2,,,,UNVERIFIED,UNVERIFIED_EA_INPUT,EA_IMPLEMENTATION_MISSING,family has no verified SIMVERIFY activation: overlap_priority_pb,,,,,,,,,,,,,,,,,"{""GoldLabOverlapCooldownHours"":96,""GoldLabOverlapPolicy"":2}",,,2026-08-14T01:06:13+00:00,2026-08-14T01:06:13+00:00,0.001,NotImplementedError('family has no verified SIMVERIFY activation: overlap_priority_pb')
3f8ce398679d477ebcb4b72567b776e8,gdda_is_gdd02_18_20260814100613_3f8ce3,GDD02_18,GDD02_18,overlap_priority_pb,(2)軽微なコード変更,IS,GOLD2,,,,UNVERIFIED,UNVERIFIED_EA_INPUT,EA_IMPLEMENTATION_MISSING,family has no verified SIMVERIFY activation: overlap_priority_pb,,,,,,,,,,,,,,,,,"{""GoldLabOverlapCooldownHours"":120,""GoldLabOverlapPolicy"":2}",,,2026-08-14T01:06:13+00:00,2026-08-14T01:06:13+00:00,0.001,NotImplementedError('family has no verified SIMVERIFY activation: overlap_priority_pb')
e5e2e50f0a474e40a4eb4e1f8b0dd70e,gdda_is_gdd02_19_20260814100613_e5e2e5,GDD02_19,GDD02_19,overlap_priority_pb,(2)軽微なコード変更,IS,GOLD2,,,,UNVERIFIED,UNVERIFIED_EA_INPUT,EA_IMPLEMENTATION_MISSING,family has no verified SIMVERIFY activation: overlap_priority_pb,,,,,,,,,,,,,,,,,"{""GoldLabOverlapCooldownHours"":144,""GoldLabOverlapPolicy"":2}",,,2026-08-14T01:06:13+00:00,2026-08-14T01:06:13+00:00,0.001,NotImplementedError('family has no verified SIMVERIFY activation: overlap_priority_pb')
5b593a2e84934eb3af38a922b3eb3795,gdda_is_gdd02_20_20260814100613_5b593a,GDD02_20,GDD02_20,overlap_priority_pb,(2)軽微なコード変更,IS,GOLD2,,,,UNVERIFIED,UNVERIFIED_EA_INPUT,EA_IMPLEMENTATION_MISSING,family has no verified SIMVERIFY activation: overlap_priority_pb,,,,,,,,,,,,,,,,,"{""GoldLabOverlapCooldownHours"":168,""GoldLabOverlapPolicy"":2}",,,2026-08-14T01:06:13+00:00,2026-08-14T01:06:13+00:00,0.002,NotImplementedError('family has no verified SIMVERIFY activation: overlap_priority_pb')
2c852eab94f745bebaf0a3a9149690e5,gdda_is_gdd03_01_20260814100613_2c852e,GDD03_01,GDD03_01,overlap_priority_sca,(2)軽微なコード変更,IS,GOLD2,,,,UNVERIFIED,UNVERIFIED_EA_INPUT,EA_IMPLEMENTATION_MISSING,family has no verified SIMVERIFY activation: overlap_priority_sca,,,,,,,,,,,,,,,,,"{""GoldLabOverlapCooldownHours"":0,""GoldLabOverlapPolicy"":3}",,,2026-08-14T01:06:13+00:00,2026-08-14T01:06:13+00:00,0.001,NotImplementedError('family has no verified SIMVERIFY activation: overlap_priority_sca')
399003bd43c9435f8760ca8b831b1aef,gdda_is_gdd03_02_20260814100613_399003,GDD03_02,GDD03_02,overlap_priority_sca,(2)軽微なコード変更,IS,GOLD2,,,,UNVERIFIED,UNVERIFIED_EA_INPUT,EA_IMPLEMENTATION_MISSING,family has no verified SIMVERIFY activation: overlap_priority_sca,,,,,,,,,,,,,,,,,"{""GoldLabOverlapCooldownHours"":1,""GoldLabOverlapPolicy"":3}",,,2026-08-14T01:06:13+00:00,2026-08-14T01:06:13+00:00,0.001,NotImplementedError('family has no verified SIMVERIFY activation: overlap_priority_sca')
5459223965a44feca8461bb337cf1008,gdda_is_gdd03_03_20260814100613_545922,GDD03_03,GDD03_03,overlap_priority_sca,(2)軽微なコード変更,IS,GOLD2,,,,UNVERIFIED,UNVERIFIED_EA_INPUT,EA_IMPLEMENTATION_MISSING,family has no verified SIMVERIFY activation: overlap_priority_sca,,,,,,,,,,,,,,,,,"{""GoldLabOverlapCooldownHours"":2,""GoldLabOverlapPolicy"":3}",,,2026-08-14T01:06:13+00:00,2026-08-14T01:06:13+00:00,0.001,NotImplementedError('family has no verified SIMVERIFY activation: overlap_priority_sca')
31ac5f8fdc794a2d9ee76696702e6e48,gdda_is_gdd03_04_20260814100613_31ac5f,GDD03_04,GDD03_04,overlap_priority_sca,(2)軽微なコード変更,IS,GOLD2,,,,UNVERIFIED,UNVERIFIED_EA_INPUT,EA_IMPLEMENTATION_MISSING,family has no verified SIMVERIFY activation: overlap_priority_sca,,,,,,,,,,,,,,,,,"{""GoldLabOverlapCooldownHours"":4,""GoldLabOverlapPolicy"":3}",,,2026-08-14T01:06:13+00:00,2026-08-14T01:06:13+00:00,0.001,NotImplementedError('family has no verified SIMVERIFY activation: overlap_priority_sca')
2e168d07051843f5beb68951f1a58154,gdda_is_gdd03_05_20260814100613_2e168d,GDD03_05,GDD03_05,overlap_priority_sca,(2)軽微なコード変更,IS,GOLD2,,,,UNVERIFIED,UNVERIFIED_EA_INPUT,EA_IMPLEMENTATION_MISSING,family has no verified SIMVERIFY activation: overlap_priority_sca,,,,,,,,,,,,,,,,,"{""GoldLabOverlapCooldownHours"":6,""GoldLabOverlapPolicy"":3}",,,2026-08-14T01:06:13+00:00,2026-08-14T01:06:13+00:00,0.001,NotImplementedError('family has no verified SIMVERIFY activation: overlap_priority_sca')
c7d124759dc44739b355cc4e9a1cfd6e,gdda_is_gdd03_06_20260814100613_c7d124,GDD03_06,GDD03_06,overlap_priority_sca,(2)軽微なコード変更,IS,GOLD2,,,,UNVERIFIED,UNVERIFIED_EA_INPUT,EA_IMPLEMENTATION_MISSING,family has no verified SIMVERIFY activation: overlap_priority_sca,,,,,,,,,,,,,,,,,"{""GoldLabOverlapCooldownHours"":8,""GoldLabOverlapPolicy"":3}",,,2026-08-14T01:06:13+00:00,2026-08-14T01:06:13+00:00,0.001,NotImplementedError('family has no verified SIMVERIFY activation: overlap_priority_sca')
c71d2d9650954ad699a71f1b0e8c47ed,gdda_is_gdd03_07_20260814100613_c71d2d,GDD03_07,GDD03_07,overlap_priority_sca,(2)軽微なコード変更,IS,GOLD2,,,,UNVERIFIED,UNVERIFIED_EA_INPUT,EA_IMPLEMENTATION_MISSING,family has no verified SIMVERIFY activation: overlap_priority_sca,,,,,,,,,,,,,,,,,"{""GoldLabOverlapCooldownHours"":12,""GoldLabOverlapPolicy"":3}",,,2026-08-14T01:06:13+00:00,2026-08-14T01:06:13+00:00,0.001,NotImplementedError('family has no verified SIMVERIFY activation: overlap_priority_sca')
a738bda163d34a66b3a587b9d31f5aa3,gdda_is_gdd03_08_20260814100613_a738bd,GDD03_08,GDD03_08,overlap_priority_sca,(2)軽微なコード変更,IS,GOLD2,,,,UNVERIFIED,UNVERIFIED_EA_INPUT,EA_IMPLEMENTATION_MISSING,family has no verified SIMVERIFY activation: overlap_priority_sca,,,,,,,,,,,,,,,,,"{""GoldLabOverlapCooldownHours"":16,""GoldLabOverlapPolicy"":3}",,,2026-08-14T01:06:13+00:00,2026-08-14T01:06:13+00:00,0.001,NotImplementedError('family has no verified SIMVERIFY activation: overlap_priority_sca')
a9c98d526aa3468abd743c59d948b430,gdda_is_gdd03_09_20260814100613_a9c98d,GDD03_09,GDD03_09,overlap_priority_sca,(2)軽微なコード変更,IS,GOLD2,,,,UNVERIFIED,UNVERIFIED_EA_INPUT,EA_IMPLEMENTATION_MISSING,family has no verified SIMVERIFY activation: overlap_priority_sca,,,,,,,,,,,,,,,,,"{""GoldLabOverlapCooldownHours"":20,""GoldLabOverlapPolicy"":3}",,,2026-08-14T01:06:13+00:00,2026-08-14T01:06:13+00:00,0.001,NotImplementedError('family has no verified SIMVERIFY activation: overlap_priority_sca')
fc1a4bad5d6c4c29969daf18b799e309,gdda_is_gdd03_10_20260814100613_fc1a4b,GDD03_10,GDD03_10,overlap_priority_sca,(2)軽微なコード変更,IS,GOLD2,,,,UNVERIFIED,UNVERIFIED_EA_INPUT,EA_IMPLEMENTATION_MISSING,family has no verified SIMVERIFY activation: overlap_priority_sca,,,,,,,,,,,,,,,,,"{""GoldLabOverlapCooldownHours"":24,""GoldLabOverlapPolicy"":3}",,,2026-08-14T01:06:13+00:00,2026-08-14T01:06:13+00:00,0.001,NotImplementedError('family has no verified SIMVERIFY activation: overlap_priority_sca')
766d7efa9b7548a5a41c9fd27630b1c6,gdda_is_gdd03_11_20260814100613_766d7e,GDD03_11,GDD03_11,overlap_priority_sca,(2)軽微なコード変更,IS,GOLD2,,,,UNVERIFIED,UNVERIFIED_EA_INPUT,EA_IMPLEMENTATION_MISSING,family has no verified SIMVERIFY activation: overlap_priority_sca,,,,,,,,,,,,,,,,,"{""GoldLabOverlapCooldownHours"":30,""GoldLabOverlapPolicy"":3}",,,2026-08-14T01:06:13+00:00,2026-08-14T01:06:13+00:00,0.001,NotImplementedError('family has no verified SIMVERIFY activation: overlap_priority_sca')
15d65dadc6084ec19488790793e8489c,gdda_is_gdd03_12_20260814100613_15d65d,GDD03_12,GDD03_12,overlap_priority_sca,(2)軽微なコード変更,IS,GOLD2,,,,UNVERIFIED,UNVERIFIED_EA_INPUT,EA_IMPLEMENTATION_MISSING,family has no verified SIMVERIFY activation: overlap_priority_sca,,,,,,,,,,,,,,,,,"{""GoldLabOverlapCooldownHours"":36,""GoldLabOverlapPolicy"":3}",,,2026-08-14T01:06:13+00:00,2026-08-14T01:06:13+00:00,0.001,NotImplementedError('family has no verified SIMVERIFY activation: overlap_priority_sca')
30d3e47fc9b444da846226cb3bd794eb,gdda_is_gdd03_13_20260814100613_30d3e4,GDD03_13,GDD03_13,overlap_priority_sca,(2)軽微なコード変更,IS,GOLD2,,,,UNVERIFIED,UNVERIFIED_EA_INPUT,EA_IMPLEMENTATION_MISSING,family has no verified SIMVERIFY activation: overlap_priority_sca,,,,,,,,,,,,,,,,,"{""GoldLabOverlapCooldownHours"":42,""GoldLabOverlapPolicy"":3}",,,2026-08-14T01:06:13+00:00,2026-08-14T01:06:13+00:00,0.001,NotImplementedError('family has no verified SIMVERIFY activation: overlap_priority_sca')
86cae005349749ad83367d2145a2eac2,gdda_is_gdd03_14_20260814100613_86cae0,GDD03_14,GDD03_14,overlap_priority_sca,(2)軽微なコード変更,IS,GOLD2,,,,UNVERIFIED,UNVERIFIED_EA_INPUT,EA_IMPLEMENTATION_MISSING,family has no verified SIMVERIFY activation: overlap_priority_sca,,,,,,,,,,,,,,,,,"{""GoldLabOverlapCooldownHours"":48,""GoldLabOverlapPolicy"":3}",,,2026-08-14T01:06:13+00:00,2026-08-14T01:06:13+00:00,0.001,NotImplementedError('family has no verified SIMVERIFY activation: overlap_priority_sca')
6c1b504465c24307b36cdd3b60e029b6,gdda_is_gdd03_15_20260814100613_6c1b50,GDD03_15,GDD03_15,overlap_priority_sca,(2)軽微なコード変更,IS,GOLD2,,,,UNVERIFIED,UNVERIFIED_EA_INPUT,EA_IMPLEMENTATION_MISSING,family has no verified SIMVERIFY activation: overlap_priority_sca,,,,,,,,,,,,,,,,,"{""GoldLabOverlapCooldownHours"":60,""GoldLabOverlapPolicy"":3}",,,2026-08-14T01:06:13+00:00,2026-08-14T01:06:13+00:00,0.001,NotImplementedError('family has no verified SIMVERIFY activation: overlap_priority_sca')
2c520a72a9aa4a63a24e999203842ee0,gdda_is_gdd03_16_20260814100613_2c520a,GDD03_16,GDD03_16,overlap_priority_sca,(2)軽微なコード変更,IS,GOLD2,,,,UNVERIFIED,UNVERIFIED_EA_INPUT,EA_IMPLEMENTATION_MISSING,family has no verified SIMVERIFY activation: overlap_priority_sca,,,,,,,,,,,,,,,,,"{""GoldLabOverlapCooldownHours"":72,""GoldLabOverlapPolicy"":3}",,,2026-08-14T01:06:13+00:00,2026-08-14T01:06:13+00:00,0.001,NotImplementedError('family has no verified SIMVERIFY activation: overlap_priority_sca')
9b8a601074e240968015791cafb1f58f,gdda_is_gdd03_17_20260814100613_9b8a60,GDD03_17,GDD03_17,overlap_priority_sca,(2)軽微なコード変更,IS,GOLD2,,,,UNVERIFIED,UNVERIFIED_EA_INPUT,EA_IMPLEMENTATION_MISSING,family has no verified SIMVERIFY activation: overlap_priority_sca,,,,,,,,,,,,,,,,,"{""GoldLabOverlapCooldownHours"":96,""GoldLabOverlapPolicy"":3}",,,2026-08-14T01:06:13+00:00,2026-08-14T01:06:13+00:00,0.001,NotImplementedError('family has no verified SIMVERIFY activation: overlap_priority_sca')
1f390df9e5934ed3b473340d9eaf210d,gdda_is_gdd03_18_20260814100613_1f390d,GDD03_18,GDD03_18,overlap_priority_sca,(2)軽微なコード変更,IS,GOLD2,,,,UNVERIFIED,UNVERIFIED_EA_INPUT,EA_IMPLEMENTATION_MISSING,family has no verified SIMVERIFY activation: overlap_priority_sca,,,,,,,,,,,,,,,,,"{""GoldLabOverlapCooldownHours"":120,""GoldLabOverlapPolicy"":3}",,,2026-08-14T01:06:13+00:00,2026-08-14T01:06:13+00:00,0.001,NotImplementedError('family has no verified SIMVERIFY activation: overlap_priority_sca')
88b1edc7d4304a87ba7dab5be80c9f62,gdda_is_gdd03_19_20260814100613_88b1ed,GDD03_19,GDD03_19,overlap_priority_sca,(2)軽微なコード変更,IS,GOLD2,,,,UNVERIFIED,UNVERIFIED_EA_INPUT,EA_IMPLEMENTATION_MISSING,family has no verified SIMVERIFY activation: overlap_priority_sca,,,,,,,,,,,,,,,,,"{""GoldLabOverlapCooldownHours"":144,""GoldLabOverlapPolicy"":3}",,,2026-08-14T01:06:13+00:00,2026-08-14T01:06:13+00:00,0.001,NotImplementedError('family has no verified SIMVERIFY activation: overlap_priority_sca')
86e0712a43dd4536ba75315412390608,gdda_is_gdd03_20_20260814100613_86e071,GDD03_20,GDD03_20,overlap_priority_sca,(2)軽微なコード変更,IS,GOLD2,,,,UNVERIFIED,UNVERIFIED_EA_INPUT,EA_IMPLEMENTATION_MISSING,family has no verified SIMVERIFY activation: overlap_priority_sca,,,,,,,,,,,,,,,,,"{""GoldLabOverlapCooldownHours"":168,""GoldLabOverlapPolicy"":3}",,,2026-08-14T01:06:13+00:00,2026-08-14T01:06:13+00:00,0.001,NotImplementedError('family has no verified SIMVERIFY activation: overlap_priority_sca')
90b212f3f3774b61b479d9391e9712d2,gdda_is_gdd04_01_20260814100613_90b212,GDD04_01,GDD04_01,overlap_direction,(2)軽微なコード変更,IS,GOLD2,,,,UNVERIFIED,UNVERIFIED_EA_INPUT,EA_IMPLEMENTATION_MISSING,family has no verified SIMVERIFY activation: overlap_direction,,,,,,,,,,,,,,,,,"{""GoldLabOverlapCooldownHours"":0,""GoldLabOverlapPolicy"":4}",,,2026-08-14T01:06:13+00:00,2026-08-14T01:06:13+00:00,0.001,NotImplementedError('family has no verified SIMVERIFY activation: overlap_direction')
61c2d392985f4a7bbcf5a560fea72409,gdda_is_gdd04_02_20260814100613_61c2d3,GDD04_02,GDD04_02,overlap_direction,(2)軽微なコード変更,IS,GOLD2,,,,UNVERIFIED,UNVERIFIED_EA_INPUT,EA_IMPLEMENTATION_MISSING,family has no verified SIMVERIFY activation: overlap_direction,,,,,,,,,,,,,,,,,"{""GoldLabOverlapCooldownHours"":1,""GoldLabOverlapPolicy"":4}",,,2026-08-14T01:06:13+00:00,2026-08-14T01:06:13+00:00,0.001,NotImplementedError('family has no verified SIMVERIFY activation: overlap_direction')
37a617abe2ce4e3fbe28e1b44dfd6d02,gdda_is_gdd04_03_20260814100613_37a617,GDD04_03,GDD04_03,overlap_direction,(2)軽微なコード変更,IS,GOLD2,,,,UNVERIFIED,UNVERIFIED_EA_INPUT,EA_IMPLEMENTATION_MISSING,family has no verified SIMVERIFY activation: overlap_direction,,,,,,,,,,,,,,,,,"{""GoldLabOverlapCooldownHours"":2,""GoldLabOverlapPolicy"":4}",,,2026-08-14T01:06:13+00:00,2026-08-14T01:06:13+00:00,0.001,NotImplementedError('family has no verified SIMVERIFY activation: overlap_direction')
43f5b4ce9e3348069332a81df380e227,gdda_is_gdd04_04_20260814100613_43f5b4,GDD04_04,GDD04_04,overlap_direction,(2)軽微なコード変更,IS,GOLD2,,,,UNVERIFIED,UNVERIFIED_EA_INPUT,EA_IMPLEMENTATION_MISSING,family has no verified SIMVERIFY activation: overlap_direction,,,,,,,,,,,,,,,,,"{""GoldLabOverlapCooldownHours"":4,""GoldLabOverlapPolicy"":4}",,,2026-08-14T01:06:13+00:00,2026-08-14T01:06:13+00:00,0.001,NotImplementedError('family has no verified SIMVERIFY activation: overlap_direction')
46f13ffb9a8e4d289e2472a0805d2e25,gdda_is_gdd04_05_20260814100613_46f13f,GDD04_05,GDD04_05,overlap_direction,(2)軽微なコード変更,IS,GOLD2,,,,UNVERIFIED,UNVERIFIED_EA_INPUT,EA_IMPLEMENTATION_MISSING,family has no verified SIMVERIFY activation: overlap_direction,,,,,,,,,,,,,,,,,"{""GoldLabOverlapCooldownHours"":6,""GoldLabOverlapPolicy"":4}",,,2026-08-14T01:06:13+00:00,2026-08-14T01:06:13+00:00,0.001,NotImplementedError('family has no verified SIMVERIFY activation: overlap_direction')
fe63072c50af4896a1946e022d299018,gdda_is_gdd04_06_20260814100613_fe6307,GDD04_06,GDD04_06,overlap_direction,(2)軽微なコード変更,IS,GOLD2,,,,UNVERIFIED,UNVERIFIED_EA_INPUT,EA_IMPLEMENTATION_MISSING,family has no verified SIMVERIFY activation: overlap_direction,,,,,,,,,,,,,,,,,"{""GoldLabOverlapCooldownHours"":8,""GoldLabOverlapPolicy"":4}",,,2026-08-14T01:06:13+00:00,2026-08-14T01:06:13+00:00,0.001,NotImplementedError('family has no verified SIMVERIFY activation: overlap_direction')
b049fe62c5864ec28441292a79751ee8,gdda_is_gdd04_07_20260814100613_b049fe,GDD04_07,GDD04_07,overlap_direction,(2)軽微なコード変更,IS,GOLD2,,,,UNVERIFIED,UNVERIFIED_EA_INPUT,EA_IMPLEMENTATION_MISSING,family has no verified SIMVERIFY activation: overlap_direction,,,,,,,,,,,,,,,,,"{""GoldLabOverlapCooldownHours"":12,""GoldLabOverlapPolicy"":4}",,,2026-08-14T01:06:13+00:00,2026-08-14T01:06:13+00:00,0.001,NotImplementedError('family has no verified SIMVERIFY activation: overlap_direction')
90be362fa10041d2987910ecb37e686a,gdda_is_gdd04_08_20260814100613_90be36,GDD04_08,GDD04_08,overlap_direction,(2)軽微なコード変更,IS,GOLD2,,,,UNVERIFIED,UNVERIFIED_EA_INPUT,EA_IMPLEMENTATION_MISSING,family has no verified SIMVERIFY activation: overlap_direction,,,,,,,,,,,,,,,,,"{""GoldLabOverlapCooldownHours"":16,""GoldLabOverlapPolicy"":4}",,,2026-08-14T01:06:13+00:00,2026-08-14T01:06:13+00:00,0.001,NotImplementedError('family has no verified SIMVERIFY activation: overlap_direction')
b39312b14a4c4d45a96c9ea64d8e17d2,gdda_is_gdd04_09_20260814100613_b39312,GDD04_09,GDD04_09,overlap_direction,(2)軽微なコード変更,IS,GOLD2,,,,UNVERIFIED,UNVERIFIED_EA_INPUT,EA_IMPLEMENTATION_MISSING,family has no verified SIMVERIFY activation: overlap_direction,,,,,,,,,,,,,,,,,"{""GoldLabOverlapCooldownHours"":20,""GoldLabOverlapPolicy"":4}",,,2026-08-14T01:06:13+00:00,2026-08-14T01:06:13+00:00,0.001,NotImplementedError('family has no verified SIMVERIFY activation: overlap_direction')
c68f86a4a8de49fab6021beb95961322,gdda_is_gdd04_10_20260814100613_c68f86,GDD04_10,GDD04_10,overlap_direction,(2)軽微なコード変更,IS,GOLD2,,,,UNVERIFIED,UNVERIFIED_EA_INPUT,EA_IMPLEMENTATION_MISSING,family has no verified SIMVERIFY activation: overlap_direction,,,,,,,,,,,,,,,,,"{""GoldLabOverlapCooldownHours"":24,""GoldLabOverlapPolicy"":4}",,,2026-08-14T01:06:13+00:00,2026-08-14T01:06:13+00:00,0.001,NotImplementedError('family has no verified SIMVERIFY activation: overlap_direction')
536ae6a81fb144aaa96037498c7fcb3e,gdda_is_gdd04_11_20260814100613_536ae6,GDD04_11,GDD04_11,overlap_direction,(2)軽微なコード変更,IS,GOLD2,,,,UNVERIFIED,UNVERIFIED_EA_INPUT,EA_IMPLEMENTATION_MISSING,family has no verified SIMVERIFY activation: overlap_direction,,,,,,,,,,,,,,,,,"{""GoldLabOverlapCooldownHours"":30,""GoldLabOverlapPolicy"":4}",,,2026-08-14T01:06:13+00:00,2026-08-14T01:06:13+00:00,0.001,NotImplementedError('family has no verified SIMVERIFY activation: overlap_direction')
5384811f8175443ca1150741ac791ae2,gdda_is_gdd04_12_20260814100613_538481,GDD04_12,GDD04_12,overlap_direction,(2)軽微なコード変更,IS,GOLD2,,,,UNVERIFIED,UNVERIFIED_EA_INPUT,EA_IMPLEMENTATION_MISSING,family has no verified SIMVERIFY activation: overlap_direction,,,,,,,,,,,,,,,,,"{""GoldLabOverlapCooldownHours"":36,""GoldLabOverlapPolicy"":4}",,,2026-08-14T01:06:13+00:00,2026-08-14T01:06:13+00:00,0.001,NotImplementedError('family has no verified SIMVERIFY activation: overlap_direction')
bf8dae074d8142b8b1c9231ff8e3d11f,gdda_is_gdd04_13_20260814100613_bf8dae,GDD04_13,GDD04_13,overlap_direction,(2)軽微なコード変更,IS,GOLD2,,,,UNVERIFIED,UNVERIFIED_EA_INPUT,EA_IMPLEMENTATION_MISSING,family has no verified SIMVERIFY activation: overlap_direction,,,,,,,,,,,,,,,,,"{""GoldLabOverlapCooldownHours"":42,""GoldLabOverlapPolicy"":4}",,,2026-08-14T01:06:13+00:00,2026-08-14T01:06:13+00:00,0.001,NotImplementedError('family has no verified SIMVERIFY activation: overlap_direction')
ed30d004e3b94caf80df5e5d7a477dad,gdda_is_gdd04_14_20260814100613_ed30d0,GDD04_14,GDD04_14,overlap_direction,(2)軽微なコード変更,IS,GOLD2,,,,UNVERIFIED,UNVERIFIED_EA_INPUT,EA_IMPLEMENTATION_MISSING,family has no verified SIMVERIFY activation: overlap_direction,,,,,,,,,,,,,,,,,"{""GoldLabOverlapCooldownHours"":48,""GoldLabOverlapPolicy"":4}",,,2026-08-14T01:06:13+00:00,2026-08-14T01:06:13+00:00,0.001,NotImplementedError('family has no verified SIMVERIFY activation: overlap_direction')
02340062833a4501977d8d7a6be29437,gdda_is_gdd04_15_20260814100613_023400,GDD04_15,GDD04_15,overlap_direction,(2)軽微なコード変更,IS,GOLD2,,,,UNVERIFIED,UNVERIFIED_EA_INPUT,EA_IMPLEMENTATION_MISSING,family has no verified SIMVERIFY activation: overlap_direction,,,,,,,,,,,,,,,,,"{""GoldLabOverlapCooldownHours"":60,""GoldLabOverlapPolicy"":4}",,,2026-08-14T01:06:13+00:00,2026-08-14T01:06:13+00:00,0.001,NotImplementedError('family has no verified SIMVERIFY activation: overlap_direction')
4403944c948a408cb7dd945182155aac,gdda_is_gdd04_16_20260814100613_440394,GDD04_16,GDD04_16,overlap_direction,(2)軽微なコード変更,IS,GOLD2,,,,UNVERIFIED,UNVERIFIED_EA_INPUT,EA_IMPLEMENTATION_MISSING,family has no verified SIMVERIFY activation: overlap_direction,,,,,,,,,,,,,,,,,"{""GoldLabOverlapCooldownHours"":72,""GoldLabOverlapPolicy"":4}",,,2026-08-14T01:06:13+00:00,2026-08-14T01:06:13+00:00,0.001,NotImplementedError('family has no verified SIMVERIFY activation: overlap_direction')
2a612947c5c04518ae71c8f9305e9110,gdda_is_gdd04_17_20260814100613_2a6129,GDD04_17,GDD04_17,overlap_direction,(2)軽微なコード変更,IS,GOLD2,,,,UNVERIFIED,UNVERIFIED_EA_INPUT,EA_IMPLEMENTATION_MISSING,family has no verified SIMVERIFY activation: overlap_direction,,,,,,,,,,,,,,,,,"{""GoldLabOverlapCooldownHours"":96,""GoldLabOverlapPolicy"":4}",,,2026-08-14T01:06:13+00:00,2026-08-14T01:06:13+00:00,0.001,NotImplementedError('family has no verified SIMVERIFY activation: overlap_direction')
0c5aa2bb00d546a59e439b838642cfd3,gdda_is_gdd04_18_20260814100613_0c5aa2,GDD04_18,GDD04_18,overlap_direction,(2)軽微なコード変更,IS,GOLD2,,,,UNVERIFIED,UNVERIFIED_EA_INPUT,EA_IMPLEMENTATION_MISSING,family has no verified SIMVERIFY activation: overlap_direction,,,,,,,,,,,,,,,,,"{""GoldLabOverlapCooldownHours"":120,""GoldLabOverlapPolicy"":4}",,,2026-08-14T01:06:13+00:00,2026-08-14T01:06:13+00:00,0.001,NotImplementedError('family has no verified SIMVERIFY activation: overlap_direction')
eb3de9b43d9547ed8b1ef78f40fa979f,gdda_is_gdd04_19_20260814100613_eb3de9,GDD04_19,GDD04_19,overlap_direction,(2)軽微なコード変更,IS,GOLD2,,,,UNVERIFIED,UNVERIFIED_EA_INPUT,EA_IMPLEMENTATION_MISSING,family has no verified SIMVERIFY activation: overlap_direction,,,,,,,,,,,,,,,,,"{""GoldLabOverlapCooldownHours"":144,""GoldLabOverlapPolicy"":4}",,,2026-08-14T01:06:13+00:00,2026-08-14T01:06:13+00:00,0.001,NotImplementedError('family has no verified SIMVERIFY activation: overlap_direction')
d118c77053644c9c83d3666f25dc840f,gdda_is_gdd04_20_20260814100613_d118c7,GDD04_20,GDD04_20,overlap_direction,(2)軽微なコード変更,IS,GOLD2,,,,UNVERIFIED,UNVERIFIED_EA_INPUT,EA_IMPLEMENTATION_MISSING,family has no verified SIMVERIFY activation: overlap_direction,,,,,,,,,,,,,,,,,"{""GoldLabOverlapCooldownHours"":168,""GoldLabOverlapPolicy"":4}",,,2026-08-14T01:06:13+00:00,2026-08-14T01:06:13+00:00,0.001,NotImplementedError('family has no verified SIMVERIFY activation: overlap_direction')
35c2441780504a9f8aea621cae758669,gdda_is_gdd05_01_20260814100613_35c244,GDD05_01,GDD05_01,overlap_opposite,(2)軽微なコード変更,IS,GOLD2,,,,UNVERIFIED,UNVERIFIED_EA_INPUT,EA_IMPLEMENTATION_MISSING,family has no verified SIMVERIFY activation: overlap_opposite,,,,,,,,,,,,,,,,,"{""GoldLabOverlapCooldownHours"":0,""GoldLabOverlapPolicy"":5}",,,2026-08-14T01:06:13+00:00,2026-08-14T01:06:13+00:00,0.001,NotImplementedError('family has no verified SIMVERIFY activation: overlap_opposite')
8af5b4fa94784e8eaaa6f1341fdaf725,gdda_is_gdd05_02_20260814100613_8af5b4,GDD05_02,GDD05_02,overlap_opposite,(2)軽微なコード変更,IS,GOLD2,,,,UNVERIFIED,UNVERIFIED_EA_INPUT,EA_IMPLEMENTATION_MISSING,family has no verified SIMVERIFY activation: overlap_opposite,,,,,,,,,,,,,,,,,"{""GoldLabOverlapCooldownHours"":1,""GoldLabOverlapPolicy"":5}",,,2026-08-14T01:06:13+00:00,2026-08-14T01:06:13+00:00,0.001,NotImplementedError('family has no verified SIMVERIFY activation: overlap_opposite')
0aff37e77754466a8d6f436a33e20e29,gdda_is_gdd05_03_20260814100613_0aff37,GDD05_03,GDD05_03,overlap_opposite,(2)軽微なコード変更,IS,GOLD2,,,,UNVERIFIED,UNVERIFIED_EA_INPUT,EA_IMPLEMENTATION_MISSING,family has no verified SIMVERIFY activation: overlap_opposite,,,,,,,,,,,,,,,,,"{""GoldLabOverlapCooldownHours"":2,""GoldLabOverlapPolicy"":5}",,,2026-08-14T01:06:13+00:00,2026-08-14T01:06:13+00:00,0.001,NotImplementedError('family has no verified SIMVERIFY activation: overlap_opposite')
1af90de113ff46b1a28c96b366922b2c,gdda_is_gdd05_04_20260814100613_1af90d,GDD05_04,GDD05_04,overlap_opposite,(2)軽微なコード変更,IS,GOLD2,,,,UNVERIFIED,UNVERIFIED_EA_INPUT,EA_IMPLEMENTATION_MISSING,family has no verified SIMVERIFY activation: overlap_opposite,,,,,,,,,,,,,,,,,"{""GoldLabOverlapCooldownHours"":4,""GoldLabOverlapPolicy"":5}",,,2026-08-14T01:06:13+00:00,2026-08-14T01:06:13+00:00,0.001,NotImplementedError('family has no verified SIMVERIFY activation: overlap_opposite')
fce66576f5624f96b611e1a2a348b7fc,gdda_is_gdd05_05_20260814100613_fce665,GDD05_05,GDD05_05,overlap_opposite,(2)軽微なコード変更,IS,GOLD2,,,,UNVERIFIED,UNVERIFIED_EA_INPUT,EA_IMPLEMENTATION_MISSING,family has no verified SIMVERIFY activation: overlap_opposite,,,,,,,,,,,,,,,,,"{""GoldLabOverlapCooldownHours"":6,""GoldLabOverlapPolicy"":5}",,,2026-08-14T01:06:13+00:00,2026-08-14T01:06:13+00:00,0.001,NotImplementedError('family has no verified SIMVERIFY activation: overlap_opposite')
77e078f8bb124017a7eecf2daa260efc,gdda_is_gdd05_06_20260814100613_77e078,GDD05_06,GDD05_06,overlap_opposite,(2)軽微なコード変更,IS,GOLD2,,,,UNVERIFIED,UNVERIFIED_EA_INPUT,EA_IMPLEMENTATION_MISSING,family has no verified SIMVERIFY activation: overlap_opposite,,,,,,,,,,,,,,,,,"{""GoldLabOverlapCooldownHours"":8,""GoldLabOverlapPolicy"":5}",,,2026-08-14T01:06:13+00:00,2026-08-14T01:06:13+00:00,0.001,NotImplementedError('family has no verified SIMVERIFY activation: overlap_opposite')
ec6c7412e6f5442d94c68df6c0cc5bde,gdda_is_gdd05_07_20260814100613_ec6c74,GDD05_07,GDD05_07,overlap_opposite,(2)軽微なコード変更,IS,GOLD2,,,,UNVERIFIED,UNVERIFIED_EA_INPUT,EA_IMPLEMENTATION_MISSING,family has no verified SIMVERIFY activation: overlap_opposite,,,,,,,,,,,,,,,,,"{""GoldLabOverlapCooldownHours"":12,""GoldLabOverlapPolicy"":5}",,,2026-08-14T01:06:13+00:00,2026-08-14T01:06:13+00:00,0.002,NotImplementedError('family has no verified SIMVERIFY activation: overlap_opposite')
ed2c412b85fd4d83a5d79682816964b2,gdda_is_gdd05_08_20260814100613_ed2c41,GDD05_08,GDD05_08,overlap_opposite,(2)軽微なコード変更,IS,GOLD2,,,,UNVERIFIED,UNVERIFIED_EA_INPUT,EA_IMPLEMENTATION_MISSING,family has no verified SIMVERIFY activation: overlap_opposite,,,,,,,,,,,,,,,,,"{""GoldLabOverlapCooldownHours"":16,""GoldLabOverlapPolicy"":5}",,,2026-08-14T01:06:13+00:00,2026-08-14T01:06:13+00:00,0.001,NotImplementedError('family has no verified SIMVERIFY activation: overlap_opposite')
00cb7ccab742460c917b986c255fe02d,gdda_is_gdd05_09_20260814100613_00cb7c,GDD05_09,GDD05_09,overlap_opposite,(2)軽微なコード変更,IS,GOLD2,,,,UNVERIFIED,UNVERIFIED_EA_INPUT,EA_IMPLEMENTATION_MISSING,family has no verified SIMVERIFY activation: overlap_opposite,,,,,,,,,,,,,,,,,"{""GoldLabOverlapCooldownHours"":20,""GoldLabOverlapPolicy"":5}",,,2026-08-14T01:06:13+00:00,2026-08-14T01:06:13+00:00,0.001,NotImplementedError('family has no verified SIMVERIFY activation: overlap_opposite')
7dc8e1b61c5f417681ae09ae8049078d,gdda_is_gdd05_10_20260814100613_7dc8e1,GDD05_10,GDD05_10,overlap_opposite,(2)軽微なコード変更,IS,GOLD2,,,,UNVERIFIED,UNVERIFIED_EA_INPUT,EA_IMPLEMENTATION_MISSING,family has no verified SIMVERIFY activation: overlap_opposite,,,,,,,,,,,,,,,,,"{""GoldLabOverlapCooldownHours"":24,""GoldLabOverlapPolicy"":5}",,,2026-08-14T01:06:13+00:00,2026-08-14T01:06:13+00:00,0.001,NotImplementedError('family has no verified SIMVERIFY activation: overlap_opposite')
d94390649b90490ebf2263025ede1046,gdda_is_gdd05_11_20260814100613_d94390,GDD05_11,GDD05_11,overlap_opposite,(2)軽微なコード変更,IS,GOLD2,,,,UNVERIFIED,UNVERIFIED_EA_INPUT,EA_IMPLEMENTATION_MISSING,family has no verified SIMVERIFY activation: overlap_opposite,,,,,,,,,,,,,,,,,"{""GoldLabOverlapCooldownHours"":30,""GoldLabOverlapPolicy"":5}",,,2026-08-14T01:06:13+00:00,2026-08-14T01:06:13+00:00,0.001,NotImplementedError('family has no verified SIMVERIFY activation: overlap_opposite')
5bc53c6471444740ac0551a232f2b880,gdda_is_gdd05_12_20260814100613_5bc53c,GDD05_12,GDD05_12,overlap_opposite,(2)軽微なコード変更,IS,GOLD2,,,,UNVERIFIED,UNVERIFIED_EA_INPUT,EA_IMPLEMENTATION_MISSING,family has no verified SIMVERIFY activation: overlap_opposite,,,,,,,,,,,,,,,,,"{""GoldLabOverlapCooldownHours"":36,""GoldLabOverlapPolicy"":5}",,,2026-08-14T01:06:13+00:00,2026-08-14T01:06:13+00:00,0.001,NotImplementedError('family has no verified SIMVERIFY activation: overlap_opposite')
6cfe71225b454d7aa4119c4ad63d3874,gdda_is_gdd05_13_20260814100613_6cfe71,GDD05_13,GDD05_13,overlap_opposite,(2)軽微なコード変更,IS,GOLD2,,,,UNVERIFIED,UNVERIFIED_EA_INPUT,EA_IMPLEMENTATION_MISSING,family has no verified SIMVERIFY activation: overlap_opposite,,,,,,,,,,,,,,,,,"{""GoldLabOverlapCooldownHours"":42,""GoldLabOverlapPolicy"":5}",,,2026-08-14T01:06:13+00:00,2026-08-14T01:06:13+00:00,0.002,NotImplementedError('family has no verified SIMVERIFY activation: overlap_opposite')
d60a1236eaee40838d37e4a531751302,gdda_is_gdd05_14_20260814100613_d60a12,GDD05_14,GDD05_14,overlap_opposite,(2)軽微なコード変更,IS,GOLD2,,,,UNVERIFIED,UNVERIFIED_EA_INPUT,EA_IMPLEMENTATION_MISSING,family has no verified SIMVERIFY activation: overlap_opposite,,,,,,,,,,,,,,,,,"{""GoldLabOverlapCooldownHours"":48,""GoldLabOverlapPolicy"":5}",,,2026-08-14T01:06:13+00:00,2026-08-14T01:06:13+00:00,0.001,NotImplementedError('family has no verified SIMVERIFY activation: overlap_opposite')
e7355c4f087d4ccaa83e1f00b971f5da,gdda_is_gdd05_15_20260814100613_e7355c,GDD05_15,GDD05_15,overlap_opposite,(2)軽微なコード変更,IS,GOLD2,,,,UNVERIFIED,UNVERIFIED_EA_INPUT,EA_IMPLEMENTATION_MISSING,family has no verified SIMVERIFY activation: overlap_opposite,,,,,,,,,,,,,,,,,"{""GoldLabOverlapCooldownHours"":60,""GoldLabOverlapPolicy"":5}",,,2026-08-14T01:06:13+00:00,2026-08-14T01:06:13+00:00,0.001,NotImplementedError('family has no verified SIMVERIFY activation: overlap_opposite')
34a09fdecb3c4921be82e68adff41dcb,gdda_is_gdd05_16_20260814100613_34a09f,GDD05_16,GDD05_16,overlap_opposite,(2)軽微なコード変更,IS,GOLD2,,,,UNVERIFIED,UNVERIFIED_EA_INPUT,EA_IMPLEMENTATION_MISSING,family has no verified SIMVERIFY activation: overlap_opposite,,,,,,,,,,,,,,,,,"{""GoldLabOverlapCooldownHours"":72,""GoldLabOverlapPolicy"":5}",,,2026-08-14T01:06:13+00:00,2026-08-14T01:06:13+00:00,0.001,NotImplementedError('family has no verified SIMVERIFY activation: overlap_opposite')
ee5148bb580e46b3a32037e7666705fe,gdda_is_gdd05_17_20260814100613_ee5148,GDD05_17,GDD05_17,overlap_opposite,(2)軽微なコード変更,IS,GOLD2,,,,UNVERIFIED,UNVERIFIED_EA_INPUT,EA_IMPLEMENTATION_MISSING,family has no verified SIMVERIFY activation: overlap_opposite,,,,,,,,,,,,,,,,,"{""GoldLabOverlapCooldownHours"":96,""GoldLabOverlapPolicy"":5}",,,2026-08-14T01:06:13+00:00,2026-08-14T01:06:13+00:00,0.001,NotImplementedError('family has no verified SIMVERIFY activation: overlap_opposite')
16f6480b58bd4832ad1434e7febf8c87,gdda_is_gdd05_18_20260814100613_16f648,GDD05_18,GDD05_18,overlap_opposite,(2)軽微なコード変更,IS,GOLD2,,,,UNVERIFIED,UNVERIFIED_EA_INPUT,EA_IMPLEMENTATION_MISSING,family has no verified SIMVERIFY activation: overlap_opposite,,,,,,,,,,,,,,,,,"{""GoldLabOverlapCooldownHours"":120,""GoldLabOverlapPolicy"":5}",,,2026-08-14T01:06:13+00:00,2026-08-14T01:06:13+00:00,0.001,NotImplementedError('family has no verified SIMVERIFY activation: overlap_opposite')
6753df1a3a3e4042b239f3042e18ac4e,gdda_is_gdd05_19_20260814100614_6753df,GDD05_19,GDD05_19,overlap_opposite,(2)軽微なコード変更,IS,GOLD2,,,,UNVERIFIED,UNVERIFIED_EA_INPUT,EA_IMPLEMENTATION_MISSING,family has no verified SIMVERIFY activation: overlap_opposite,,,,,,,,,,,,,,,,,"{""GoldLabOverlapCooldownHours"":144,""GoldLabOverlapPolicy"":5}",,,2026-08-14T01:06:14+00:00,2026-08-14T01:06:14+00:00,0.001,NotImplementedError('family has no verified SIMVERIFY activation: overlap_opposite')
5f157ae0207b48b9b1ae5be407879f1d,gdda_is_gdd05_20_20260814100614_5f157a,GDD05_20,GDD05_20,overlap_opposite,(2)軽微なコード変更,IS,GOLD2,,,,UNVERIFIED,UNVERIFIED_EA_INPUT,EA_IMPLEMENTATION_MISSING,family has no verified SIMVERIFY activation: overlap_opposite,,,,,,,,,,,,,,,,,"{""GoldLabOverlapCooldownHours"":168,""GoldLabOverlapPolicy"":5}",,,2026-08-14T01:06:14+00:00,2026-08-14T01:06:14+00:00,0.001,NotImplementedError('family has no verified SIMVERIFY activation: overlap_opposite')
7b30849856b9499eaea75d866282ee6d,gdda_oos_gdd06_01_20260814100614_7b3084,GDD06_01,GDD06_01,pb_atr_sl,(2)軽微なコード変更,OOS,GOLD2,2016.06.21,2021.06.20,False,OK,OOS_PASS,DD_OR_STRICT,"OOS net=55033.65 (0.916x), PF=1.452318 (1.040x), DD=10376.91円/10.37691pt (0.752x); baseline net=60050.52, PF=1.396192, DD=13806.08円",0,55033.65,1.452318308397341,10376.910000000003,10.376910000000004,686,0.01|0.02,0.01|0.02,True,False,0,False,0,False,0,True,"{""GoldDDPBATRSL"":0.5}",gdda_oos_gdd06_01_20260814100614_7b3084_deals.csv,ml\gold_dd\configs\gdda_oos_gdd06_01_20260814100614_7b3084.yaml,2026-08-14T01:06:14+00:00,2026-08-14T01:06:57+00:00,43.371,
ab9000f651b24753910fa2b9e691451d,gdda_xm5_gdd06_01_20260814100657_ab9000,GDD06_01,GDD06_01,pb_atr_sl,(2)軽微なコード変更,XM5,XM5,2016.11.09,2026.06.20,True,OK,XM5_REJECT,OUT_OF_GATE,"XM5 net=398234.54 (0.740x), PF=1.788057 (0.965x), DD=24721.91円/24.72191pt (0.693x); baseline net=538302.83, PF=1.853047, DD=35671.78円",0,398234.54,1.7880569191332962,24721.909999999974,24.721909999999973,1602,0.01|0.02|0.05,0.01|0.02|0.05,True,True,88,True,84,True,124,True,"{""GoldDDPBATRSL"":0.5}",gdda_xm5_gdd06_01_20260814100657_ab9000_deals.csv,ml\gold_dd\configs\gdda_xm5_gdd06_01_20260814100657_ab9000.yaml,2026-08-14T01:06:57+00:00,2026-08-14T01:16:11+00:00,554.032,
588a7c7d169c41da8b01094e8c0255a8,gdda_oos_gdd06_02_20260814101611_588a7c,GDD06_02,GDD06_02,pb_atr_sl,(2)軽微なコード変更,OOS,GOLD2,2016.06.21,2021.06.20,False,OK,OOS_PASS,DD_OR_STRICT,"OOS net=52889.30 (0.881x), PF=1.419952 (1.017x), DD=10432.38円/10.43238pt (0.756x); baseline net=60050.52, PF=1.396192, DD=13806.08円",0,52889.3,1.419952060198213,10432.37999999999,10.43237999999999,686,0.01|0.02,0.01|0.02,True,False,0,False,0,False,0,True,"{""GoldDDPBATRSL"":0.6}",gdda_oos_gdd06_02_20260814101611_588a7c_deals.csv,ml\gold_dd\configs\gdda_oos_gdd06_02_20260814101611_588a7c.yaml,2026-08-14T01:16:11+00:00,2026-08-14T01:22:39+00:00,387.978,
360bc7225eaa4c249d730bb502ddf3bd,gdda_xm5_gdd06_02_20260814102239_360bc7,GDD06_02,GDD06_02,pb_atr_sl,(2)軽微なコード変更,XM5,XM5,2016.11.09,2026.06.20,True,OK,XM5_REJECT,OUT_OF_GATE,"XM5 net=397011.37 (0.738x), PF=1.759314 (0.949x), DD=27778.34円/27.77834pt (0.779x); baseline net=538302.83, PF=1.853047, DD=35671.78円",0,397011.37,1.75931424297314,27778.339999999967,27.778339999999968,1600,0.01|0.02|0.05,0.01|0.02|0.05,True,True,88,True,84,True,124,True,"{""GoldDDPBATRSL"":0.6}",gdda_xm5_gdd06_02_20260814102239_360bc7_deals.csv,ml\gold_dd\configs\gdda_xm5_gdd06_02_20260814102239_360bc7.yaml,2026-08-14T01:22:39+00:00,2026-08-14T01:31:27+00:00,528.637,
ef1f03340eb044da8bdcfbef9ca5d35d,gdda_oos_gdd06_06_20260814103128_ef1f03,GDD06_06,GDD06_06,pb_atr_sl,(2)軽微なコード変更,OOS,GOLD2,2016.06.21,2021.06.20,False,OK,OOS_REJECT,OUT_OF_GATE,"OOS net=46374.13 (0.772x), PF=1.330131 (0.953x), DD=13633.83円/13.63383pt (0.988x); baseline net=60050.52, PF=1.396192, DD=13806.08円",0,46374.130000000005,1.3301311259159754,13633.829999999973,13.633829999999973,678,0.01|0.02,0.01|0.02,True,False,0,False,0,False,0,True,"{""GoldDDPBATRSL"":1.0}",gdda_oos_gdd06_06_20260814103128_ef1f03_deals.csv,ml\gold_dd\configs\gdda_oos_gdd06_06_20260814103128_ef1f03.yaml,2026-08-14T01:31:28+00:00,2026-08-14T01:32:11+00:00,43.324,
80e5a81328c44dfc8aeb008ebdad6278,gdda_oos_gdd06_07_20260814103211_80e5a8,GDD06_07,GDD06_07,pb_atr_sl,(2)軽微なコード変更,OOS,GOLD2,2016.06.21,2021.06.20,False,OK,OOS_REJECT,OUT_OF_GATE,"OOS net=48338.11 (0.805x), PF=1.344686 (0.963x), DD=15667.12円/15.66712pt (1.135x); baseline net=60050.52, PF=1.396192, DD=13806.08円",0,48338.11,1.3446857806707286,15667.12000000001,15.66712000000001,664,0.01|0.02,0.01|0.02,True,False,0,False,0,False,0,True,"{""GoldDDPBATRSL"":1.1}",gdda_oos_gdd06_07_20260814103211_80e5a8_deals.csv,ml\gold_dd\configs\gdda_oos_gdd06_07_20260814103211_80e5a8.yaml,2026-08-14T01:32:11+00:00,2026-08-14T01:32:54+00:00,42.921,
8a2cc0fcf5104115b88507bf152327af,gdda_oos_gdd06_08_20260814103254_8a2cc0,GDD06_08,GDD06_08,pb_atr_sl,(2)軽微なコード変更,OOS,GOLD2,2016.06.21,2021.06.20,False,OK,OOS_REJECT,OUT_OF_GATE,"OOS net=50476.26 (0.841x), PF=1.353962 (0.970x), DD=15274.44円/15.27444pt (1.106x); baseline net=60050.52, PF=1.396192, DD=13806.08円",0,50476.26,1.353961858064382,15274.439999999988,15.274439999999988,664,0.01|0.02,0.01|0.02,True,False,0,False,0,False,0,True,"{""GoldDDPBATRSL"":1.2}",gdda_oos_gdd06_08_20260814103254_8a2cc0_deals.csv,ml\gold_dd\configs\gdda_oos_gdd06_08_20260814103254_8a2cc0.yaml,2026-08-14T01:32:54+00:00,2026-08-14T01:33:37+00:00,42.876,
1802752e0890436d8055d026da8ae5c5,gdda_oos_gdd06_09_20260814103337_180275,GDD06_09,GDD06_09,pb_atr_sl,(2)軽微なコード変更,OOS,GOLD2,2016.06.21,2021.06.20,False,OK,OOS_REJECT,OUT_OF_GATE,"OOS net=50758.41 (0.845x), PF=1.352741 (0.969x), DD=15642.00円/15.64200pt (1.133x); baseline net=60050.52, PF=1.396192, DD=13806.08円",0,50758.41,1.3527413153493562,15641.999999999985,15.641999999999985,664,0.01|0.02,0.01|0.02,True,False,0,False,0,False,0,True,"{""GoldDDPBATRSL"":1.25}",gdda_oos_gdd06_09_20260814103337_180275_deals.csv,ml\gold_dd\configs\gdda_oos_gdd06_09_20260814103337_180275.yaml,2026-08-14T01:33:37+00:00,2026-08-14T01:34:20+00:00,42.903,
ae7d58161c204b239d9d540172d01916,gdda_oos_gdd06_10_20260814103420_ae7d58,GDD06_10,GDD06_10,pb_atr_sl,(2)軽微なコード変更,OOS,GOLD2,2016.06.21,2021.06.20,False,OK,OOS_PASS,DD_OR_STRICT,"OOS net=57437.58 (0.956x), PF=1.406842 (1.008x), DD=13466.45円/13.46645pt (0.975x); baseline net=60050.52, PF=1.396192, DD=13806.08円",0,57437.58,1.4068418899338657,13466.450000000012,13.466450000000012,660,0.01|0.02,0.01|0.02,True,False,0,False,0,False,0,True,"{""GoldDDPBATRSL"":1.3}",gdda_oos_gdd06_10_20260814103420_ae7d58_deals.csv,ml\gold_dd\configs\gdda_oos_gdd06_10_20260814103420_ae7d58.yaml,2026-08-14T01:34:20+00:00,2026-08-14T01:35:03+00:00,42.891,
1ac7e606a80d4784bc0fa3761bb641a3,gdda_xm5_gdd06_10_20260814103503_1ac7e6,GDD06_10,GDD06_10,pb_atr_sl,(2)軽微なコード変更,XM5,XM5,2016.11.09,2026.06.20,True,OK,XM5_PASS,DD_OR_STRICT,"XM5 net=509299.91 (0.946x), PF=1.869617 (1.009x), DD=32756.69円/32.75669pt (0.918x); baseline net=538302.83, PF=1.853047, DD=35671.78円",0,509299.91,1.8696170452074077,32756.69000000012,32.75669000000012,1560,0.01|0.02|0.05,0.01|0.02|0.05,True,True,88,True,84,True,124,True,"{""GoldDDPBATRSL"":1.3}",gdda_xm5_gdd06_10_20260814103503_1ac7e6_deals.csv,ml\gold_dd\configs\gdda_xm5_gdd06_10_20260814103503_1ac7e6.yaml,2026-08-14T01:35:03+00:00,2026-08-14T01:43:16+00:00,493.361,
c6375080a5654222bf9af8a40e3d6766,gdda_oos_gdd06_11_20260814104316_c63750,GDD06_11,GDD06_11,pb_atr_sl,(2)軽微なコード変更,OOS,GOLD2,2016.06.21,2021.06.20,False,OK,OOS_REJECT,OUT_OF_GATE,"OOS net=55778.50 (0.929x), PF=1.385318 (0.992x), DD=15911.55円/15.91155pt (1.153x); baseline net=60050.52, PF=1.396192, DD=13806.08円",0,55778.5,1.385317688747364,15911.550000000061,15.91155000000006,660,0.01|0.02,0.01|0.02,True,False,0,False,0,False,0,True,"{""GoldDDPBATRSL"":1.4}",gdda_oos_gdd06_11_20260814104316_c63750_deals.csv,ml\gold_dd\configs\gdda_oos_gdd06_11_20260814104316_c63750.yaml,2026-08-14T01:43:16+00:00,2026-08-14T01:43:59+00:00,43.261,
cfe6a3ed3a10456ab789171e0e44e712,gdda_oos_gdd06_12_20260814104359_cfe6a3,GDD06_12,GDD06_12,pb_atr_sl,(2)軽微なコード変更,OOS,GOLD2,2016.06.21,2021.06.20,False,OK,OOS_REJECT,OUT_OF_GATE,"OOS net=50242.61 (0.837x), PF=1.333538 (0.955x), DD=16441.32円/16.44132pt (1.191x); baseline net=60050.52, PF=1.396192, DD=13806.08円",0,50242.61,1.3335379776393788,16441.320000000007,16.441320000000008,660,0.01|0.02,0.01|0.02,True,False,0,False,0,False,0,True,"{""GoldDDPBATRSL"":1.5}",gdda_oos_gdd06_12_20260814104359_cfe6a3_deals.csv,ml\gold_dd\configs\gdda_oos_gdd06_12_20260814104359_cfe6a3.yaml,2026-08-14T01:43:59+00:00,2026-08-14T01:44:42+00:00,42.895,
f0f1ef2139e840fa957576278c902bf5,gdda_oos_gdd06_13_20260814104442_f0f1ef,GDD06_13,GDD06_13,pb_atr_sl,(2)軽微なコード変更,OOS,GOLD2,2016.06.21,2021.06.20,False,OK,OOS_REJECT,OUT_OF_GATE,"OOS net=57906.75 (0.964x), PF=1.383861 (0.991x), DD=14463.97円/14.46397pt (1.048x); baseline net=60050.52, PF=1.396192, DD=13806.08円",0,57906.75,1.3838612135560795,14463.970000000001,14.463970000000002,660,0.01|0.02,0.01|0.02,True,False,0,False,0,False,0,True,"{""GoldDDPBATRSL"":1.6}",gdda_oos_gdd06_13_20260814104442_f0f1ef_deals.csv,ml\gold_dd\configs\gdda_oos_gdd06_13_20260814104442_f0f1ef.yaml,2026-08-14T01:44:42+00:00,2026-08-14T01:45:25+00:00,42.866,
c5b4717d3afc4095a4d211c8d684fa10,gdda_oos_gdd06_14_20260814104525_c5b471,GDD06_14,GDD06_14,pb_atr_sl,(2)軽微なコード変更,OOS,GOLD2,2016.06.21,2021.06.20,False,OK,OOS_REJECT,OUT_OF_GATE,"OOS net=56472.59 (0.940x), PF=1.371113 (0.982x), DD=13925.99円/13.92599pt (1.009x); baseline net=60050.52, PF=1.396192, DD=13806.08円",0,56472.590000000004,1.3711132077319175,13925.98999999999,13.92598999999999,654,0.01|0.02,0.01|0.02,True,False,0,False,0,False,0,True,"{""GoldDDPBATRSL"":1.7}",gdda_oos_gdd06_14_20260814104525_c5b471_deals.csv,ml\gold_dd\configs\gdda_oos_gdd06_14_20260814104525_c5b471.yaml,2026-08-14T01:45:25+00:00,2026-08-14T01:46:08+00:00,42.925,
d39fd7af41474413827fd5743022bbad,gdda_oos_gdd06_15_20260814104608_d39fd7,GDD06_15,GDD06_15,pb_atr_sl,(2)軽微なコード変更,OOS,GOLD2,2016.06.21,2021.06.20,False,OK,OOS_REJECT,OUT_OF_GATE,"OOS net=54317.70 (0.905x), PF=1.351716 (0.968x), DD=14049.55円/14.04955pt (1.018x); baseline net=60050.52, PF=1.396192, DD=13806.08円",0,54317.700000000004,1.351716022094296,14049.550000000003,14.049550000000004,652,0.01|0.02,0.01|0.02,True,False,0,False,0,False,0,True,"{""GoldDDPBATRSL"":1.75}",gdda_oos_gdd06_15_20260814104608_d39fd7_deals.csv,ml\gold_dd\configs\gdda_oos_gdd06_15_20260814104608_d39fd7.yaml,2026-08-14T01:46:08+00:00,2026-08-14T01:46:51+00:00,42.875,
01e3d2128c9540fa9a3c709e229c5eb0,gdda_oos_gdd06_16_20260814104651_01e3d2,GDD06_16,GDD06_16,pb_atr_sl,(2)軽微なコード変更,OOS,GOLD2,2016.06.21,2021.06.20,False,OK,OOS_REJECT,OUT_OF_GATE,"OOS net=54455.40 (0.907x), PF=1.349964 (0.967x), DD=14279.02円/14.27902pt (1.034x); baseline net=60050.52, PF=1.396192, DD=13806.08円",0,54455.4,1.349963554701302,14279.020000000019,14.279020000000019,652,0.01|0.02,0.01|0.02,True,False,0,False,0,False,0,True,"{""GoldDDPBATRSL"":1.8}",gdda_oos_gdd06_16_20260814104651_01e3d2_deals.csv,ml\gold_dd\configs\gdda_oos_gdd06_16_20260814104651_01e3d2.yaml,2026-08-14T01:46:51+00:00,2026-08-14T01:47:34+00:00,42.924,
36c4ae2359b14691b21ee6b3fc4f6f17,gdda_oos_gdd06_17_20260814104734_36c4ae,GDD06_17,GDD06_17,pb_atr_sl,(2)軽微なコード変更,OOS,GOLD2,2016.06.21,2021.06.20,False,OK,OOS_REJECT,OUT_OF_GATE,"OOS net=52977.35 (0.882x), PF=1.335938 (0.957x), DD=16570.56円/16.57056pt (1.200x); baseline net=60050.52, PF=1.396192, DD=13806.08円",0,52977.35,1.3359382000053392,16570.560000000012,16.57056000000001,648,0.01|0.02,0.01|0.02,True,False,0,False,0,False,0,True,"{""GoldDDPBATRSL"":1.9}",gdda_oos_gdd06_17_20260814104734_36c4ae_deals.csv,ml\gold_dd\configs\gdda_oos_gdd06_17_20260814104734_36c4ae.yaml,2026-08-14T01:47:34+00:00,2026-08-14T01:48:17+00:00,42.911,
8fbc6f73696741ae83d751e4e99132c1,gdda_oos_gdd06_19_20260814104817_8fbc6f,GDD06_19,GDD06_19,pb_atr_sl,(2)軽微なコード変更,OOS,GOLD2,2016.06.21,2021.06.20,False,OK,OOS_REJECT,OUT_OF_GATE,"OOS net=40133.21 (0.668x), PF=1.248958 (0.895x), DD=21337.66円/21.33766pt (1.546x); baseline net=60050.52, PF=1.396192, DD=13806.08円",0,40133.21,1.2489575233530217,21337.65999999999,21.33765999999999,624,0.01|0.02,0.01|0.02,True,False,0,False,0,False,0,True,"{""GoldDDPBATRSL"":2.25}",gdda_oos_gdd06_19_20260814104817_8fbc6f_deals.csv,ml\gold_dd\configs\gdda_oos_gdd06_19_20260814104817_8fbc6f.yaml,2026-08-14T01:48:17+00:00,2026-08-14T01:49:00+00:00,42.943,
474b4c79f7f948809322b24a7f832355,gdda_oos_gdd06_20_20260814104900_474b4c,GDD06_20,GDD06_20,pb_atr_sl,(2)軽微なコード変更,OOS,GOLD2,2016.06.21,2021.06.20,False,OK,OOS_PASS,DD_OR_STRICT,"OOS net=65185.87 (1.086x), PF=1.436797 (1.029x), DD=12378.82円/12.37882pt (0.897x); baseline net=60050.52, PF=1.396192, DD=13806.08円",0,65185.87,1.4367973083164869,12378.819999999992,12.378819999999992,616,0.01|0.02,0.01|0.02,True,False,0,False,0,False,0,True,"{""GoldDDPBATRSL"":2.5}",gdda_oos_gdd06_20_20260814104900_474b4c_deals.csv,ml\gold_dd\configs\gdda_oos_gdd06_20_20260814104900_474b4c.yaml,2026-08-14T01:49:00+00:00,2026-08-14T01:49:43+00:00,42.888,
0f2ed980e4094f1d9b71b0fbb7c6fdd7,gdda_xm5_gdd06_20_20260814104943_0f2ed9,GDD06_20,GDD06_20,pb_atr_sl,(2)軽微なコード変更,XM5,XM5,2016.11.09,2026.06.20,True,OK,XM5_REJECT,OUT_OF_GATE,"XM5 net=563668.84 (1.047x), PF=1.885097 (1.017x), DD=38141.85円/38.14185pt (1.069x); baseline net=538302.83, PF=1.853047, DD=35671.78円",0,563668.84,1.8850968367054137,38141.84999999998,38.14184999999998,1458,0.01|0.02|0.05,0.01|0.02|0.05,True,True,88,True,84,True,124,True,"{""GoldDDPBATRSL"":2.5}",gdda_xm5_gdd06_20_20260814104943_0f2ed9_deals.csv,ml\gold_dd\configs\gdda_xm5_gdd06_20_20260814104943_0f2ed9.yaml,2026-08-14T01:49:43+00:00,2026-08-14T01:58:01+00:00,498.405,
86dd688962e44e6785ef7b05e22b0ff8,gdda_oos_gdd07_01_20260814105801_86dd68,GDD07_01,GDD07_01,pb_rr,(2)軽微なコード変更,OOS,GOLD2,2016.06.21,2021.06.20,False,OK,OOS_PASS,DD_OR_STRICT,"OOS net=52081.46 (0.867x), PF=1.387711 (0.994x), DD=12326.27円/12.32627pt (0.893x); baseline net=60050.52, PF=1.396192, DD=13806.08円",0,52081.46,1.387711209400989,12326.270000000004,12.326270000000005,668,0.01|0.02,0.01|0.02,True,False,0,False,0,False,0,True,"{""GoldDDPBRR"":0.5}",gdda_oos_gdd07_01_20260814105801_86dd68_deals.csv,ml\gold_dd\configs\gdda_oos_gdd07_01_20260814105801_86dd68.yaml,2026-08-14T01:58:01+00:00,2026-08-14T02:04:59+00:00,418.347,
45f71d359e73420cb69d74a4d56e3314,gdda_xm5_gdd07_01_20260814110459_45f71d,GDD07_01,GDD07_01,pb_rr,(2)軽微なコード変更,XM5,XM5,2016.11.09,2026.06.20,True,OK,XM5_PASS,DD_OR_STRICT,"XM5 net=436691.69 (0.811x), PF=1.814620 (0.979x), DD=31697.04円/31.69704pt (0.889x); baseline net=538302.83, PF=1.853047, DD=35671.78円",0,436691.69,1.8146196965956771,31697.03999999998,31.69703999999998,1570,0.01|0.02|0.05,0.01|0.02|0.05,True,True,88,True,84,True,124,True,"{""GoldDDPBRR"":0.5}",gdda_xm5_gdd07_01_20260814110459_45f71d_deals.csv,ml\gold_dd\configs\gdda_xm5_gdd07_01_20260814110459_45f71d.yaml,2026-08-14T02:04:59+00:00,2026-08-14T02:13:03+00:00,483.641,
dcd774df77124dce8e493c9a38ece2e5,gdda_oos_gdd07_02_20260814111303_dcd774,GDD07_02,GDD07_02,pb_rr,(2)軽微なコード変更,OOS,GOLD2,2016.06.21,2021.06.20,False,OK,OOS_PASS,DD_OR_STRICT,"OOS net=51535.45 (0.858x), PF=1.373742 (0.984x), DD=12110.07円/12.11007pt (0.877x); baseline net=60050.52, PF=1.396192, DD=13806.08円",0,51535.450000000004,1.3737420356147996,12110.069999999992,12.110069999999993,666,0.01|0.02,0.01|0.02,True,False,0,False,0,False,0,True,"{""GoldDDPBRR"":0.6}",gdda_oos_gdd07_02_20260814111303_dcd774_deals.csv,ml\gold_dd\configs\gdda_oos_gdd07_02_20260814111303_dcd774.yaml,2026-08-14T02:13:03+00:00,2026-08-14T02:14:02+00:00,58.440,
75ad2c33dc8c422cbaf2b77e7d3f0f43,gdda_xm5_gdd07_02_20260814111402_75ad2c,GDD07_02,GDD07_02,pb_rr,(2)軽微なコード変更,XM5,XM5,2016.11.09,2026.06.20,True,OK,XM5_PASS,DD_OR_STRICT,"XM5 net=454963.22 (0.845x), PF=1.835024 (0.990x), DD=31356.13円/31.35613pt (0.879x); baseline net=538302.83, PF=1.853047, DD=35671.78円",0,454963.22,1.8350238488325343,31356.129999999946,31.356129999999947,1566,0.01|0.02|0.05,0.01|0.02|0.05,True,True,88,True,84,True,124,True,"{""GoldDDPBRR"":0.6}",gdda_xm5_gdd07_02_20260814111402_75ad2c_deals.csv,ml\gold_dd\configs\gdda_xm5_gdd07_02_20260814111402_75ad2c.yaml,2026-08-14T02:14:02+00:00,2026-08-14T02:21:55+00:00,473.307,
6d09f23fb9224b6c8b36b550f753fc6a,gdda_is_gdd07_03_20260814112155_6d09f2,GDD07_03,GDD07_03,pb_rr,(2)軽微なコード変更,IS,GOLD2,2021.06.21,2026.06.20,False,OK,IS_SURVIVOR_DD,DD_TRADEOFF,"IS net=275028.48 (0.830x), PF=1.889049 (1.009x), DD=27555.90円/27.55590pt (0.860x); baseline net=331176.79, PF=1.871883, DD=32052.72円",0,275028.48,1.8890485921740918,27555.900000000023,27.555900000000022,642,0.01|0.02,0.01|0.02,True,False,0,False,0,False,0,True,"{""GoldDDPBRR"":0.7}",gdda_is_gdd07_03_20260814112155_6d09f2_deals.csv,ml\gold_dd\configs\gdda_is_gdd07_03_20260814112155_6d09f2.yaml,2026-08-14T02:21:55+00:00,2026-08-14T02:28:36+00:00,400.786,
f4b1a9d6c9f84c2c8f671a02382600b2,gdda_oos_gdd07_03_20260814112836_f4b1a9,GDD07_03,GDD07_03,pb_rr,(2)軽微なコード変更,OOS,GOLD2,2016.06.21,2021.06.20,False,OK,OOS_PASS,DD_OR_STRICT,"OOS net=53411.52 (0.889x), PF=1.383393 (0.991x), DD=12446.64円/12.44664pt (0.902x); baseline net=60050.52, PF=1.396192, DD=13806.08円",0,53411.520000000004,1.3833934559377459,12446.640000000014,12.446640000000015,662,0.01|0.02,0.01|0.02,True,False,0,False,0,False,0,True,"{""GoldDDPBRR"":0.7}",gdda_oos_gdd07_03_20260814112836_f4b1a9_deals.csv,ml\gold_dd\configs\gdda_oos_gdd07_03_20260814112836_f4b1a9.yaml,2026-08-14T02:28:36+00:00,2026-08-14T02:29:19+00:00,42.945,
9c3ebc0b4f3c46aab242f9cad401a8b5,gdda_xm5_gdd07_03_20260814112919_9c3ebc,GDD07_03,GDD07_03,pb_rr,(2)軽微なコード変更,XM5,XM5,2016.11.09,2026.06.20,True,OK,XM5_REJECT,OUT_OF_GATE,"XM5 net=475477.46 (0.883x), PF=1.867202 (1.008x), DD=37053.88円/37.05388pt (1.039x); baseline net=538302.83, PF=1.853047, DD=35671.78円",0,475477.46,1.8672015800122208,37053.87999999995,37.05387999999995,1556,0.01|0.02|0.05,0.01|0.02|0.05,True,True,88,True,84,True,124,True,"{""GoldDDPBRR"":0.7}",gdda_xm5_gdd07_03_20260814112919_9c3ebc_deals.csv,ml\gold_dd\configs\gdda_xm5_gdd07_03_20260814112919_9c3ebc.yaml,2026-08-14T02:29:19+00:00,2026-08-14T02:37:37+00:00,498.420,
b3abbe7a2d274c5a9cb31c5219b3f5b8,gdda_is_gdd07_04_20260814113737_b3abbe,GDD07_04,GDD07_04,pb_rr,(2)軽微なコード変更,IS,GOLD2,2021.06.21,2026.06.20,False,OK,IS_SURVIVOR_DD,DD_TRADEOFF,"IS net=290701.86 (0.878x), PF=1.921762 (1.027x), DD=27287.92円/27.28792pt (0.851x); baseline net=331176.79, PF=1.871883, DD=32052.72円",0,290701.86,1.9217615864166888,27287.920000000027,27.287920000000028,640,0.01|0.02,0.01|0.02,True,False,0,False,0,False,0,True,"{""GoldDDPBRR"":0.8}",gdda_is_gdd07_04_20260814113737_b3abbe_deals.csv,ml\gold_dd\configs\gdda_is_gdd07_04_20260814113737_b3abbe.yaml,2026-08-14T02:37:37+00:00,2026-08-14T02:38:51+00:00,73.642,
38442169c0b34ac497b7119da03fc4ba,gdda_oos_gdd07_04_20260814113851_384421,GDD07_04,GDD07_04,pb_rr,(2)軽微なコード変更,OOS,GOLD2,2016.06.21,2021.06.20,False,OK,OOS_PASS,DD_OR_STRICT,"OOS net=55536.83 (0.925x), PF=1.393989 (0.998x), DD=13495.21円/13.49521pt (0.977x); baseline net=60050.52, PF=1.396192, DD=13806.08円",0,55536.83,1.3939892984014997,13495.209999999992,13.495209999999991,658,0.01|0.02,0.01|0.02,True,False,0,False,0,False,0,True,"{""GoldDDPBRR"":0.8}",gdda_oos_gdd07_04_20260814113851_384421_deals.csv,ml\gold_dd\configs\gdda_oos_gdd07_04_20260814113851_384421.yaml,2026-08-14T02:38:51+00:00,2026-08-14T02:39:34+00:00,42.954,
c54f57302d3c4ae98c6da9d850fa8d0f,gdda_xm5_gdd07_04_20260814113934_c54f57,GDD07_04,GDD07_04,pb_rr,(2)軽微なコード変更,XM5,XM5,2016.11.09,2026.06.20,True,OK,XM5_REJECT,OUT_OF_GATE,"XM5 net=493179.25 (0.916x), PF=1.887074 (1.018x), DD=36785.90円/36.78590pt (1.031x); baseline net=538302.83, PF=1.853047, DD=35671.78円",0,493179.25,1.887073539260088,36785.899999999965,36.78589999999996,1550,0.01|0.02|0.05,0.01|0.02|0.05,True,True,88,True,84,True,124,True,"{""GoldDDPBRR"":0.8}",gdda_xm5_gdd07_04_20260814113934_c54f57_deals.csv,ml\gold_dd\configs\gdda_xm5_gdd07_04_20260814113934_c54f57.yaml,2026-08-14T02:39:34+00:00,2026-08-14T02:47:47+00:00,493.381,
6c1f61ec03e9414087ea8878e6089f17,gdda_is_gdd07_05_20260814114747_6c1f61,GDD07_05,GDD07_05,pb_rr,(2)軽微なコード変更,IS,GOLD2,2021.06.21,2026.06.20,False,OK,IS_SURVIVOR_DD,DD_TRADEOFF,"IS net=298794.22 (0.902x), PF=1.923755 (1.028x), DD=27130.30円/27.13030pt (0.846x); baseline net=331176.79, PF=1.871883, DD=32052.72円",0,298794.22,1.9237549795777564,27130.300000000017,27.130300000000016,638,0.01|0.02,0.01|0.02,True,False,0,False,0,False,0,True,"{""GoldDDPBRR"":0.9}",gdda_is_gdd07_05_20260814114747_6c1f61_deals.csv,ml\gold_dd\configs\gdda_is_gdd07_05_20260814114747_6c1f61.yaml,2026-08-14T02:47:47+00:00,2026-08-14T02:48:50+00:00,63.100,
b5f9280e8de34200b8c83f924dc5baf4,gdda_oos_gdd07_05_20260814114850_b5f928,GDD07_05,GDD07_05,pb_rr,(2)軽微なコード変更,OOS,GOLD2,2016.06.21,2021.06.20,False,OK,OOS_PASS,DD_OR_STRICT,"OOS net=58597.31 (0.976x), PF=1.410729 (1.010x), DD=11703.19円/11.70319pt (0.848x); baseline net=60050.52, PF=1.396192, DD=13806.08円",0,58597.310000000005,1.4107286260784135,11703.190000000031,11.703190000000031,660,0.01|0.02,0.01|0.02,True,False,0,False,0,False,0,True,"{""GoldDDPBRR"":0.9}",gdda_oos_gdd07_05_20260814114850_b5f928_deals.csv,ml\gold_dd\configs\gdda_oos_gdd07_05_20260814114850_b5f928.yaml,2026-08-14T02:48:50+00:00,2026-08-14T02:49:33+00:00,42.908,
95de0f262db243bdb89bc10c982690a1,gdda_xm5_gdd07_05_20260814114933_95de0f,GDD07_05,GDD07_05,pb_rr,(2)軽微なコード変更,XM5,XM5,2016.11.09,2026.06.20,True,OK,XM5_REJECT,OUT_OF_GATE,"XM5 net=504332.10 (0.937x), PF=1.891443 (1.021x), DD=36522.18円/36.52218pt (1.024x); baseline net=538302.83, PF=1.853047, DD=35671.78円",0,504332.1,1.8914425530124004,36522.179999999935,36.522179999999935,1550,0.01|0.02|0.05,0.01|0.02|0.05,True,True,88,True,84,True,124,True,"{""GoldDDPBRR"":0.9}",gdda_xm5_gdd07_05_20260814114933_95de0f_deals.csv,ml\gold_dd\configs\gdda_xm5_gdd07_05_20260814114933_95de0f.yaml,2026-08-14T02:49:33+00:00,2026-08-14T02:57:41+00:00,488.351,
e10f171f2cde426bbcf8e4e77db20468,gdda_is_gdd07_06_20260814115741_e10f17,GDD07_06,GDD07_06,pb_rr,(2)軽微なコード変更,IS,GOLD2,2021.06.21,2026.06.20,False,OK,IS_SURVIVOR_DD,DD_TRADEOFF,"IS net=296565.02 (0.895x), PF=1.849009 (0.988x), DD=32052.72円/32.05272pt (1.000x); baseline net=331176.79, PF=1.871883, DD=32052.72円",0,296565.02,1.849009376047073,32052.719999999972,32.05271999999997,642,0.01|0.02,0.01|0.02,True,False,0,False,0,False,0,True,"{""GoldDDPBRR"":1.0}",gdda_is_gdd07_06_20260814115741_e10f17_deals.csv,ml\gold_dd\configs\gdda_is_gdd07_06_20260814115741_e10f17.yaml,2026-08-14T02:57:41+00:00,2026-08-14T03:04:22+00:00,400.722,
36588ecab411497d8f9f3341aa4857f7,gdda_oos_gdd07_06_20260814120422_36588e,GDD07_06,GDD07_06,pb_rr,(2)軽微なコード変更,OOS,GOLD2,2016.06.21,2021.06.20,False,OK,OOS_REJECT,OUT_OF_GATE,"OOS net=46243.36 (0.770x), PF=1.305892 (0.935x), DD=16647.17円/16.64717pt (1.206x); baseline net=60050.52, PF=1.396192, DD=13806.08円",0,46243.36,1.3058917522189597,16647.17,16.64717,656,0.01|0.02,0.01|0.02,True,False,0,False,0,False,0,True,"{""GoldDDPBRR"":1.0}",gdda_oos_gdd07_06_20260814120422_36588e_deals.csv,ml\gold_dd\configs\gdda_oos_gdd07_06_20260814120422_36588e.yaml,2026-08-14T03:04:22+00:00,2026-08-14T03:05:05+00:00,42.917,
b81dc714a06d405396c332f7cc7bc535,gdda_is_gdd07_07_20260814120505_b81dc7,GDD07_07,GDD07_07,pb_rr,(2)軽微なコード変更,IS,GOLD2,2021.06.21,2026.06.20,False,OK,IS_SURVIVOR_DD,DD_TRADEOFF,"IS net=315768.76 (0.953x), PF=1.901621 (1.016x), DD=32052.72円/32.05272pt (1.000x); baseline net=331176.79, PF=1.871883, DD=32052.72円",0,315768.76,1.901621480244598,32052.719999999972,32.05271999999997,642,0.01|0.02,0.01|0.02,True,False,0,False,0,False,0,True,"{""GoldDDPBRR"":1.1}",gdda_is_gdd07_07_20260814120505_b81dc7_deals.csv,ml\gold_dd\configs\gdda_is_gdd07_07_20260814120505_b81dc7.yaml,2026-08-14T03:05:05+00:00,2026-08-14T03:06:08+00:00,62.899,
28a14b1344a341f78821386c92139abf,gdda_oos_gdd07_07_20260814120608_28a14b,GDD07_07,GDD07_07,pb_rr,(2)軽微なコード変更,OOS,GOLD2,2016.06.21,2021.06.20,False,OK,OOS_REJECT,OUT_OF_GATE,"OOS net=43952.31 (0.732x), PF=1.287721 (0.922x), DD=17989.91円/17.98991pt (1.303x); baseline net=60050.52, PF=1.396192, DD=13806.08円",0,43952.310000000005,1.2877214029121244,17989.910000000033,17.989910000000034,652,0.01|0.02,0.01|0.02,True,False,0,False,0,False,0,True,"{""GoldDDPBRR"":1.1}",gdda_oos_gdd07_07_20260814120608_28a14b_deals.csv,ml\gold_dd\configs\gdda_oos_gdd07_07_20260814120608_28a14b.yaml,2026-08-14T03:06:08+00:00,2026-08-14T03:06:51+00:00,42.890,
88564baa8d2a4d7a81a51bbad6381be8,gdda_is_gdd07_08_20260814120651_88564b,GDD07_08,GDD07_08,pb_rr,(2)軽微なコード変更,IS,GOLD2,2021.06.21,2026.06.20,False,OK,IS_SURVIVOR_DD,DD_TRADEOFF,"IS net=330077.93 (0.997x), PF=1.937203 (1.035x), DD=32052.72円/32.05272pt (1.000x); baseline net=331176.79, PF=1.871883, DD=32052.72円",0,330077.93,1.9372034540116223,32052.719999999972,32.05271999999997,638,0.01|0.02,0.01|0.02,True,False,0,False,0,False,0,True,"{""GoldDDPBRR"":1.2}",gdda_is_gdd07_08_20260814120651_88564b_deals.csv,ml\gold_dd\configs\gdda_is_gdd07_08_20260814120651_88564b.yaml,2026-08-14T03:06:51+00:00,2026-08-14T03:07:49+00:00,57.927,
fc74fb81870044e599571fc59ff6b0d6,gdda_oos_gdd07_08_20260814120749_fc74fb,GDD07_08,GDD07_08,pb_rr,(2)軽微なコード変更,OOS,GOLD2,2016.06.21,2021.06.20,False,OK,OOS_REJECT,OUT_OF_GATE,"OOS net=45996.88 (0.766x), PF=1.300160 (0.931x), DD=16566.69円/16.56669pt (1.200x); baseline net=60050.52, PF=1.396192, DD=13806.08円",0,45996.880000000005,1.300160479287,16566.69000000003,16.56669000000003,650,0.01|0.02,0.01|0.02,True,False,0,False,0,False,0,True,"{""GoldDDPBRR"":1.2}",gdda_oos_gdd07_08_20260814120749_fc74fb_deals.csv,ml\gold_dd\configs\gdda_oos_gdd07_08_20260814120749_fc74fb.yaml,2026-08-14T03:07:49+00:00,2026-08-14T03:08:32+00:00,42.932,
326aa873520a4eb99729b7f8a61f250b,gdda_is_gdd07_09_20260814120832_326aa8,GDD07_09,GDD07_09,pb_rr,(2)軽微なコード変更,IS,GOLD2,2021.06.21,2026.06.20,False,OK,IS_SURVIVOR_DD,DD_TRADEOFF,"IS net=309505.97 (0.935x), PF=1.849573 (0.988x), DD=32052.72円/32.05272pt (1.000x); baseline net=331176.79, PF=1.871883, DD=32052.72円",0,309505.97,1.8495732836288108,32052.719999999972,32.05271999999997,632,0.01|0.02,0.01|0.02,True,False,0,False,0,False,0,True,"{""GoldDDPBRR"":1.3}",gdda_is_gdd07_09_20260814120832_326aa8_deals.csv,ml\gold_dd\configs\gdda_is_gdd07_09_20260814120832_326aa8.yaml,2026-08-14T03:08:32+00:00,2026-08-14T03:09:30+00:00,58.041,
a177935a960e47cea7c1e31c1e6d6d3a,gdda_oos_gdd07_09_20260814120930_a17793,GDD07_09,GDD07_09,pb_rr,(2)軽微なコード変更,OOS,GOLD2,2016.06.21,2021.06.20,False,OK,OOS_REJECT,OUT_OF_GATE,"OOS net=51481.24 (0.857x), PF=1.339733 (0.960x), DD=14771.84円/14.77184pt (1.070x); baseline net=60050.52, PF=1.396192, DD=13806.08円",0,51481.24,1.339732844960434,14771.839999999997,14.771839999999996,648,0.01|0.02,0.01|0.02,True,False,0,False,0,False,0,True,"{""GoldDDPBRR"":1.3}",gdda_oos_gdd07_09_20260814120930_a17793_deals.csv,ml\gold_dd\configs\gdda_oos_gdd07_09_20260814120930_a17793.yaml,2026-08-14T03:09:30+00:00,2026-08-14T03:10:13+00:00,42.908,
620d7f61f1be48208200c39096cccd26,gdda_is_gdd07_10_20260814121013_620d7f,GDD07_10,GDD07_10,pb_rr,(2)軽微なコード変更,IS,GOLD2,2021.06.21,2026.06.20,False,OK,IS_SURVIVOR_DD,DD_TRADEOFF,"IS net=285548.55 (0.862x), PF=1.743499 (0.931x), DD=32052.72円/32.05272pt (1.000x); baseline net=331176.79, PF=1.871883, DD=32052.72円",0,285548.55,1.7434990887761166,32052.719999999972,32.05271999999997,630,0.01|0.02,0.01|0.02,True,False,0,False,0,False,0,True,"{""GoldDDPBRR"":1.4}",gdda_is_gdd07_10_20260814121013_620d7f_deals.csv,ml\gold_dd\configs\gdda_is_gdd07_10_20260814121013_620d7f.yaml,2026-08-14T03:10:13+00:00,2026-08-14T03:11:16+00:00,62.888,
853487fe5c1d4c58b5ec89eb0a5c8db8,gdda_oos_gdd07_10_20260814121116_853487,GDD07_10,GDD07_10,pb_rr,(2)軽微なコード変更,OOS,GOLD2,2016.06.21,2021.06.20,False,OK,OOS_REJECT,OUT_OF_GATE,"OOS net=52294.81 (0.871x), PF=1.342093 (0.961x), DD=14690.52円/14.69052pt (1.064x); baseline net=60050.52, PF=1.396192, DD=13806.08円",0,52294.810000000005,1.3420930716334176,14690.520000000048,14.690520000000047,648,0.01|0.02,0.01|0.02,True,False,0,False,0,False,0,True,"{""GoldDDPBRR"":1.4}",gdda_oos_gdd07_10_20260814121116_853487_deals.csv,ml\gold_dd\configs\gdda_oos_gdd07_10_20260814121116_853487.yaml,2026-08-14T03:11:16+00:00,2026-08-14T03:11:59+00:00,42.887,
001653553d114b0a929604097cd86c27,gdda_is_gdd07_11_20260814121159_001653,GDD07_11,GDD07_11,pb_rr,(2)軽微なコード変更,IS,GOLD2,2021.06.21,2026.06.20,False,OK,IS_SURVIVOR_DD,DD_TRADEOFF,"IS net=294420.46 (0.889x), PF=1.766349 (0.944x), DD=32052.72円/32.05272pt (1.000x); baseline net=331176.79, PF=1.871883, DD=32052.72円",0,294420.46,1.766348747741979,32052.719999999972,32.05271999999997,626,0.01|0.02,0.01|0.02,True,False,0,False,0,False,0,True,"{""GoldDDPBRR"":1.5}",gdda_is_gdd07_11_20260814121159_001653_deals.csv,ml\gold_dd\configs\gdda_is_gdd07_11_20260814121159_001653.yaml,2026-08-14T03:11:59+00:00,2026-08-14T03:13:02+00:00,62.923,
9fd4759482414700b721ae87a32cfc81,gdda_oos_gdd07_11_20260814121302_9fd475,GDD07_11,GDD07_11,pb_rr,(2)軽微なコード変更,OOS,GOLD2,2016.06.21,2021.06.20,False,OK,OOS_PASS,DD_OR_STRICT,"OOS net=59694.44 (0.994x), PF=1.402047 (1.004x), DD=12297.62円/12.29762pt (0.891x); baseline net=60050.52, PF=1.396192, DD=13806.08円",0,59694.44,1.402047250946246,12297.620000000054,12.297620000000054,644,0.01|0.02,0.01|0.02,True,False,0,False,0,False,0,True,"{""GoldDDPBRR"":1.5}",gdda_oos_gdd07_11_20260814121302_9fd475_deals.csv,ml\gold_dd\configs\gdda_oos_gdd07_11_20260814121302_9fd475.yaml,2026-08-14T03:13:02+00:00,2026-08-14T03:13:45+00:00,42.886,
2dd4ef8ad4534ce194b2425a0772985a,gdda_xm5_gdd07_11_20260814121345_2dd4ef,GDD07_11,GDD07_11,pb_rr,(2)軽微なコード変更,XM5,XM5,2016.11.09,2026.06.20,True,OK,XM5_PASS,DD_OR_STRICT,"XM5 net=501055.47 (0.931x), PF=1.792449 (0.967x), DD=35671.78円/35.67178pt (1.000x); baseline net=538302.83, PF=1.853047, DD=35671.78円",0,501055.47,1.792448673673183,35671.77999999997,35.67177999999997,1522,0.01|0.02|0.05,0.01|0.02|0.05,True,True,88,True,84,True,124,True,"{""GoldDDPBRR"":1.5}",gdda_xm5_gdd07_11_20260814121345_2dd4ef_deals.csv,ml\gold_dd\configs\gdda_xm5_gdd07_11_20260814121345_2dd4ef.yaml,2026-08-14T03:13:45+00:00,2026-08-14T03:21:48+00:00,483.345,
8bba3792024e425ba3345e282cc36935,gdda_is_gdd07_12_20260814122148_8bba37,GDD07_12,GDD07_12,pb_rr,(2)軽微なコード変更,IS,GOLD2,2021.06.21,2026.06.20,False,OK,IS_SURVIVOR_DD,DD_TRADEOFF,"IS net=326000.30 (0.984x), PF=1.884010 (1.006x), DD=32052.72円/32.05272pt (1.000x); baseline net=331176.79, PF=1.871883, DD=32052.72円",0,326000.3,1.8840100437549316,32052.719999999972,32.05271999999997,620,0.01|0.02,0.01|0.02,True,False,0,False,0,False,0,True,"{""GoldDDPBRR"":1.6}",gdda_is_gdd07_12_20260814122148_8bba37_deals.csv,ml\gold_dd\configs\gdda_is_gdd07_12_20260814122148_8bba37.yaml,2026-08-14T03:21:48+00:00,2026-08-14T03:28:29+00:00,400.937,
ebff8ff6632e4deb91f8c7fc36ca682b,gdda_oos_gdd07_12_20260814122829_ebff8f,GDD07_12,GDD07_12,pb_rr,(2)軽微なコード変更,OOS,GOLD2,2016.06.21,2021.06.20,False,OK,OOS_PASS,DD_OR_STRICT,"OOS net=63404.75 (1.056x), PF=1.427037 (1.022x), DD=11413.94円/11.41394pt (0.827x); baseline net=60050.52, PF=1.396192, DD=13806.08円",0,63404.75,1.4270365118499142,11413.940000000017,11.413940000000016,644,0.01|0.02,0.01|0.02,True,False,0,False,0,False,0,True,"{""GoldDDPBRR"":1.6}",gdda_oos_gdd07_12_20260814122829_ebff8f_deals.csv,ml\gold_dd\configs\gdda_oos_gdd07_12_20260814122829_ebff8f.yaml,2026-08-14T03:28:29+00:00,2026-08-14T03:29:12+00:00,42.944,
4d64a356c05445918aa3e1145cd967ee,gdda_xm5_gdd07_12_20260814122912_4d64a3,GDD07_12,GDD07_12,pb_rr,(2)軽微なコード変更,XM5,XM5,2016.11.09,2026.06.20,True,OK,XM5_PASS,DD_OR_STRICT,"XM5 net=536345.62 (0.996x), PF=1.869454 (1.009x), DD=35671.78円/35.67178pt (1.000x); baseline net=538302.83, PF=1.853047, DD=35671.78円",0,536345.62,1.8694544672128042,35671.77999999997,35.67177999999997,1516,0.01|0.02|0.05,0.01|0.02|0.05,True,True,88,True,84,True,124,True,"{""GoldDDPBRR"":1.6}",gdda_xm5_gdd07_12_20260814122912_4d64a3_deals.csv,ml\gold_dd\configs\gdda_xm5_gdd07_12_20260814122912_4d64a3.yaml,2026-08-14T03:29:12+00:00,2026-08-14T03:37:25+00:00,493.344,
309eea53a6ed40b983003d101b75917e,gdda_is_gdd07_13_20260814123725_309eea,GDD07_13,GDD07_13,pb_rr,(2)軽微なコード変更,IS,GOLD2,2021.06.21,2026.06.20,False,OK,IS_SURVIVOR_STRICT,STRICT,"IS net=339982.97 (1.027x), PF=1.924627 (1.028x), DD=32052.72円/32.05272pt (1.000x); baseline net=331176.79, PF=1.871883, DD=32052.72円",0,339982.97,1.92462702077159,32052.719999999972,32.05271999999997,616,0.01|0.02,0.01|0.02,True,False,0,False,0,False,0,True,"{""GoldDDPBRR"":1.7}",gdda_is_gdd07_13_20260814123725_309eea_deals.csv,ml\gold_dd\configs\gdda_is_gdd07_13_20260814123725_309eea.yaml,2026-08-14T03:37:25+00:00,2026-08-14T03:44:06+00:00,400.817,
37fcbfe3f5514289b4f866aaeddde136,gdda_oos_gdd07_13_20260814124406_37fcbf,GDD07_13,GDD07_13,pb_rr,(2)軽微なコード変更,OOS,GOLD2,2016.06.21,2021.06.20,False,OK,OOS_PASS,DD_OR_STRICT,"OOS net=59320.32 (0.988x), PF=1.394392 (0.999x), DD=12553.83円/12.55383pt (0.909x); baseline net=60050.52, PF=1.396192, DD=13806.08円",0,59320.32,1.3943922144258747,12553.830000000016,12.553830000000016,636,0.01|0.02,0.01|0.02,True,False,0,False,0,False,0,True,"{""GoldDDPBRR"":1.7}",gdda_oos_gdd07_13_20260814124406_37fcbf_deals.csv,ml\gold_dd\configs\gdda_oos_gdd07_13_20260814124406_37fcbf.yaml,2026-08-14T03:44:06+00:00,2026-08-14T03:44:49+00:00,42.845,
77fd19b81992404e9997266ec4d3636f,gdda_xm5_gdd07_13_20260814124449_77fd19,GDD07_13,GDD07_13,pb_rr,(2)軽微なコード変更,XM5,XM5,2016.11.09,2026.06.20,True,OK,XM5_PASS,DD_OR_STRICT,"XM5 net=546243.86 (1.015x), PF=1.884273 (1.017x), DD=35671.78円/35.67178pt (1.000x); baseline net=538302.83, PF=1.853047, DD=35671.78円",0,546243.86,1.8842727828866968,35671.77999999997,35.67177999999997,1504,0.01|0.02|0.05,0.01|0.02|0.05,True,True,88,True,84,True,124,True,"{""GoldDDPBRR"":1.7}",gdda_xm5_gdd07_13_20260814124449_77fd19_deals.csv,ml\gold_dd\configs\gdda_xm5_gdd07_13_20260814124449_77fd19.yaml,2026-08-14T03:44:49+00:00,2026-08-14T03:52:47+00:00,478.326,
409dc499a8ee414abb526f354310885d,gdda_is_gdd07_14_20260814125247_409dc4,GDD07_14,GDD07_14,pb_rr,(2)軽微なコード変更,IS,GOLD2,2021.06.21,2026.06.20,False,OK,IS_SURVIVOR_STRICT,STRICT,"IS net=359258.63 (1.085x), PF=1.977050 (1.056x), DD=32052.72円/32.05272pt (1.000x); baseline net=331176.79, PF=1.871883, DD=32052.72円",0,359258.63,1.9770496349960793,32052.719999999972,32.05271999999997,614,0.01|0.02,0.01|0.02,True,False,0,False,0,False,0,True,"{""GoldDDPBRR"":1.8}",gdda_is_gdd07_14_20260814125247_409dc4_deals.csv,ml\gold_dd\configs\gdda_is_gdd07_14_20260814125247_409dc4.yaml,2026-08-14T03:52:47+00:00,2026-08-14T03:59:33+00:00,405.656,
e4fb5148e859425ab55186b7680c4f13,gdda_oos_gdd07_14_20260814125933_e4fb51,GDD07_14,GDD07_14,pb_rr,(2)軽微なコード変更,OOS,GOLD2,2016.06.21,2021.06.20,False,OK,OOS_PASS,DD_OR_STRICT,"OOS net=60078.26 (1.000x), PF=1.397363 (1.001x), DD=12091.43円/12.09143pt (0.876x); baseline net=60050.52, PF=1.396192, DD=13806.08円",0,60078.26,1.397362726151279,12091.430000000022,12.091430000000022,636,0.01|0.02,0.01|0.02,True,False,0,False,0,False,0,True,"{""GoldDDPBRR"":1.8}",gdda_oos_gdd07_14_20260814125933_e4fb51_deals.csv,ml\gold_dd\configs\gdda_oos_gdd07_14_20260814125933_e4fb51.yaml,2026-08-14T03:59:33+00:00,2026-08-14T04:00:16+00:00,42.911,
3e2a64f80f8d47c4bc53fe1b66555f42,gdda_xm5_gdd07_14_20260814130016_3e2a64,GDD07_14,GDD07_14,pb_rr,(2)軽微なコード変更,XM5,XM5,2016.11.09,2026.06.20,True,OK,XM5_PASS,DD_OR_STRICT,"XM5 net=566412.40 (1.052x), PF=1.915761 (1.034x), DD=35671.78円/35.67178pt (1.000x); baseline net=538302.83, PF=1.853047, DD=35671.78円",0,566412.4,1.9157612956820327,35671.77999999997,35.67177999999997,1502,0.01|0.02|0.05,0.01|0.02|0.05,True,True,88,True,84,True,124,True,"{""GoldDDPBRR"":1.8}",gdda_xm5_gdd07_14_20260814130016_3e2a64_deals.csv,ml\gold_dd\configs\gdda_xm5_gdd07_14_20260814130016_3e2a64.yaml,2026-08-14T04:00:16+00:00,2026-08-14T04:08:09+00:00,473.292,
4f87c379ed78438d9fe57adb9368cd59,gdda_is_gdd07_15_20260814130809_4f87c3,GDD07_15,GDD07_15,pb_rr,(2)軽微なコード変更,IS,GOLD2,2021.06.21,2026.06.20,False,OK,IS_SURVIVOR_STRICT,STRICT,"IS net=358993.66 (1.084x), PF=1.975685 (1.055x), DD=32052.72円/32.05272pt (1.000x); baseline net=331176.79, PF=1.871883, DD=32052.72円",0,358993.66,1.97568463967493,32052.719999999972,32.05271999999997,612,0.01|0.02,0.01|0.02,True,False,0,False,0,False,0,True,"{""GoldDDPBRR"":1.9}",gdda_is_gdd07_15_20260814130809_4f87c3_deals.csv,ml\gold_dd\configs\gdda_is_gdd07_15_20260814130809_4f87c3.yaml,2026-08-14T04:08:09+00:00,2026-08-14T04:14:50+00:00,400.759,
1d03b4d86525480ca15c3a9fc9ca5286,gdda_oos_gdd07_15_20260814131450_1d03b4,GDD07_15,GDD07_15,pb_rr,(2)軽微なコード変更,OOS,GOLD2,2016.06.21,2021.06.20,False,OK,OOS_REJECT,OUT_OF_GATE,"OOS net=57716.93 (0.961x), PF=1.376407 (0.986x), DD=14319.38円/14.31938pt (1.037x); baseline net=60050.52, PF=1.396192, DD=13806.08円",0,57716.93,1.3764074291074677,14319.37999999999,14.31937999999999,636,0.01|0.02,0.01|0.02,True,False,0,False,0,False,0,True,"{""GoldDDPBRR"":1.9}",gdda_oos_gdd07_15_20260814131450_1d03b4_deals.csv,ml\gold_dd\configs\gdda_oos_gdd07_15_20260814131450_1d03b4.yaml,2026-08-14T04:14:50+00:00,2026-08-14T04:15:33+00:00,42.901,
905b2466891241a3b353c76f0e24997a,gdda_is_gdd07_16_20260814131533_905b24,GDD07_16,GDD07_16,pb_rr,(2)軽微なコード変更,IS,GOLD2,2021.06.21,2026.06.20,False,OK,IS_REJECT,BASELINE_EQUIVALENT,"IS net=331176.79 (1.000x), PF=1.871883 (1.000x), DD=32052.72円/32.05272pt (1.000x); baseline net=331176.79, PF=1.871883, DD=32052.72円",0,331176.79,1.8718825447675405,32052.719999999972,32.05271999999997,608,0.01|0.02,0.01|0.02,True,False,0,False,0,False,0,True,"{""GoldDDPBRR"":2.0}",gdda_is_gdd07_16_20260814131533_905b24_deals.csv,ml\gold_dd\configs\gdda_is_gdd07_16_20260814131533_905b24.yaml,2026-08-14T04:15:33+00:00,2026-08-14T04:16:36+00:00,62.899,
2be318573cdd4690a51fdc03bc8cc923,gdda_is_gdd07_17_20260814131636_2be318,GDD07_17,GDD07_17,pb_rr,(2)軽微なコード変更,IS,GOLD2,2021.06.21,2026.06.20,False,OK,IS_SURVIVOR_STRICT,STRICT,"IS net=339154.87 (1.024x), PF=1.893473 (1.012x), DD=31880.65円/31.88065pt (0.995x); baseline net=331176.79, PF=1.871883, DD=32052.72円",0,339154.87,1.8934733937375723,31880.649999999965,31.880649999999964,606,0.01|0.02,0.01|0.02,True,False,0,False,0,False,0,True,"{""GoldDDPBRR"":2.1}",gdda_is_gdd07_17_20260814131636_2be318_deals.csv,ml\gold_dd\configs\gdda_is_gdd07_17_20260814131636_2be318.yaml,2026-08-14T04:16:36+00:00,2026-08-14T04:17:39+00:00,62.914,
bc65f2cda3174ba196d4bc28db915575,gdda_oos_gdd07_17_20260814131739_bc65f2,GDD07_17,GDD07_17,pb_rr,(2)軽微なコード変更,OOS,GOLD2,2016.06.21,2021.06.20,False,OK,OOS_REJECT,OUT_OF_GATE,"OOS net=62109.77 (1.034x), PF=1.409634 (1.010x), DD=14115.64円/14.11564pt (1.022x); baseline net=60050.52, PF=1.396192, DD=13806.08円",0,62109.770000000004,1.4096342291128143,14115.64,14.115639999999999,634,0.01|0.02,0.01|0.02,True,False,0,False,0,False,0,True,"{""GoldDDPBRR"":2.1}",gdda_oos_gdd07_17_20260814131739_bc65f2_deals.csv,ml\gold_dd\configs\gdda_oos_gdd07_17_20260814131739_bc65f2.yaml,2026-08-14T04:17:39+00:00,2026-08-14T04:18:22+00:00,42.906,
806f589022a74b578cf0c60cecdbeea8,gdda_is_gdd07_18_20260814131822_806f58,GDD07_18,GDD07_18,pb_rr,(2)軽微なコード変更,IS,GOLD2,2021.06.21,2026.06.20,False,OK,IS_SURVIVOR_STRICT,STRICT,"IS net=352559.77 (1.065x), PF=2.018283 (1.078x), DD=26173.80円/26.17380pt (0.817x); baseline net=331176.79, PF=1.871883, DD=32052.72円",0,352559.77,2.018283333074353,26173.800000000017,26.173800000000018,596,0.01|0.02,0.01|0.02,True,False,0,False,0,False,0,True,"{""GoldDDPBRR"":2.2}",gdda_is_gdd07_18_20260814131822_806f58_deals.csv,ml\gold_dd\configs\gdda_is_gdd07_18_20260814131822_806f58.yaml,2026-08-14T04:18:22+00:00,2026-08-14T04:19:25+00:00,62.891,
8ec19eaee9434d68adee0a8f03a9fa4d,gdda_oos_gdd07_18_20260814131925_8ec19e,GDD07_18,GDD07_18,pb_rr,(2)軽微なコード変更,OOS,GOLD2,2016.06.21,2021.06.20,False,OK,OOS_REJECT,OUT_OF_GATE,"OOS net=52704.04 (0.878x), PF=1.339519 (0.959x), DD=21171.62円/21.17162pt (1.533x); baseline net=60050.52, PF=1.396192, DD=13806.08円",0,52704.04,1.3395188890092824,21171.62000000001,21.17162000000001,630,0.01|0.02,0.01|0.02,True,False,0,False,0,False,0,True,"{""GoldDDPBRR"":2.2}",gdda_oos_gdd07_18_20260814131925_8ec19e_deals.csv,ml\gold_dd\configs\gdda_oos_gdd07_18_20260814131925_8ec19e.yaml,2026-08-14T04:19:25+00:00,2026-08-14T04:20:08+00:00,42.893,
3367a086d58343bc857e6c0b0c7f9994,gdda_is_gdd07_19_20260814132008_3367a0,GDD07_19,GDD07_19,pb_rr,(2)軽微なコード変更,IS,GOLD2,2021.06.21,2026.06.20,False,OK,IS_SURVIVOR_STRICT,STRICT,"IS net=349495.20 (1.055x), PF=1.982653 (1.059x), DD=26173.80円/26.17380pt (0.817x); baseline net=331176.79, PF=1.871883, DD=32052.72円",0,349495.2,1.9826534126503448,26173.800000000017,26.173800000000018,596,0.01|0.02,0.01|0.02,True,False,0,False,0,False,0,True,"{""GoldDDPBRR"":2.3}",gdda_is_gdd07_19_20260814132008_3367a0_deals.csv,ml\gold_dd\configs\gdda_is_gdd07_19_20260814132008_3367a0.yaml,2026-08-14T04:20:08+00:00,2026-08-14T04:21:10+00:00,62.954,
c2cab19019ea4eaab51264995ebb2338,gdda_oos_gdd07_19_20260814132111_c2cab1,GDD07_19,GDD07_19,pb_rr,(2)軽微なコード変更,OOS,GOLD2,2016.06.21,2021.06.20,False,OK,OOS_REJECT,OUT_OF_GATE,"OOS net=42635.26 (0.710x), PF=1.267111 (0.908x), DD=20944.72円/20.94472pt (1.517x); baseline net=60050.52, PF=1.396192, DD=13806.08円",0,42635.26,1.2671109404240044,20944.720000000016,20.944720000000014,630,0.01|0.02,0.01|0.02,True,False,0,False,0,False,0,True,"{""GoldDDPBRR"":2.3}",gdda_oos_gdd07_19_20260814132111_c2cab1_deals.csv,ml\gold_dd\configs\gdda_oos_gdd07_19_20260814132111_c2cab1.yaml,2026-08-14T04:21:11+00:00,2026-08-14T04:21:53+00:00,42.946,
d101d726200841fb8690fc3272a44727,gdda_is_gdd07_20_20260814132153_d101d7,GDD07_20,GDD07_20,pb_rr,(2)軽微なコード変更,IS,GOLD2,2021.06.21,2026.06.20,False,OK,IS_SURVIVOR_STRICT,STRICT,"IS net=378600.08 (1.143x), PF=2.085801 (1.114x), DD=26173.80円/26.17380pt (0.817x); baseline net=331176.79, PF=1.871883, DD=32052.72円",0,378600.08,2.0858007859406436,26173.79999999999,26.17379999999999,594,0.01|0.02,0.01|0.02,True,False,0,False,0,False,0,True,"{""GoldDDPBRR"":2.4}",gdda_is_gdd07_20_20260814132153_d101d7_deals.csv,ml\gold_dd\configs\gdda_is_gdd07_20_20260814132153_d101d7.yaml,2026-08-14T04:21:53+00:00,2026-08-14T04:22:56+00:00,62.930,
d22c72ec3d9c4fa6b7e05b05ec5911f9,gdda_oos_gdd07_20_20260814132256_d22c72,GDD07_20,GDD07_20,pb_rr,(2)軽微なコード変更,OOS,GOLD2,2016.06.21,2021.06.20,False,OK,OOS_REJECT,OUT_OF_GATE,"OOS net=44769.77 (0.746x), PF=1.280647 (0.917x), DD=20718.96円/20.71896pt (1.501x); baseline net=60050.52, PF=1.396192, DD=13806.08円",0,44769.770000000004,1.2806474093202374,20718.96000000002,20.71896000000002,630,0.01|0.02,0.01|0.02,True,False,0,False,0,False,0,True,"{""GoldDDPBRR"":2.4}",gdda_oos_gdd07_20_20260814132256_d22c72_deals.csv,ml\gold_dd\configs\gdda_oos_gdd07_20_20260814132256_d22c72.yaml,2026-08-14T04:22:56+00:00,2026-08-14T04:23:39+00:00,42.913,
a439b7a639874547aa6b7354c8e076dd,gdda_is_gdd08_01_20260814132339_a439b7,GDD08_01,GDD08_01,pb_adx,(2)軽微なコード変更,IS,GOLD2,2021.06.21,2026.06.20,False,OK,IS_SURVIVOR_DD,DD_TRADEOFF,"IS net=332464.14 (1.004x), PF=1.846223 (0.986x), DD=32052.72円/32.05272pt (1.000x); baseline net=331176.79, PF=1.871883, DD=32052.72円",0,332464.14,1.8462233800315762,32052.719999999972,32.05271999999997,616,0.01|0.02,0.01|0.02,True,False,0,False,0,False,0,True,"{""GoldDDPBADX"":10.0}",gdda_is_gdd08_01_20260814132339_a439b7_deals.csv,ml\gold_dd\configs\gdda_is_gdd08_01_20260814132339_a439b7.yaml,2026-08-14T04:23:39+00:00,2026-08-14T04:24:42+00:00,62.898,
65a7734a1ab94db0aa4a681787b6c4ab,gdda_oos_gdd08_01_20260814132442_65a773,GDD08_01,GDD08_01,pb_adx,(2)軽微なコード変更,OOS,GOLD2,2016.06.21,2021.06.20,False,OK,OOS_REJECT,OUT_OF_GATE,"OOS net=54742.17 (0.912x), PF=1.350442 (0.967x), DD=14808.78円/14.80878pt (1.073x); baseline net=60050.52, PF=1.396192, DD=13806.08円",0,54742.170000000006,1.350442068281641,14808.77999999997,14.80877999999997,640,0.01|0.02,0.01|0.02,True,False,0,False,0,False,0,True,"{""GoldDDPBADX"":10.0}",gdda_oos_gdd08_01_20260814132442_65a773_deals.csv,ml\gold_dd\configs\gdda_oos_gdd08_01_20260814132442_65a773.yaml,2026-08-14T04:24:42+00:00,2026-08-14T04:25:25+00:00,42.881,
5f4764abae5f4d298b88c18264540c92,gdda_is_gdd08_02_20260814132525_5f4764,GDD08_02,GDD08_02,pb_adx,(2)軽微なコード変更,IS,GOLD2,2021.06.21,2026.06.20,False,OK,IS_SURVIVOR_DD,DD_TRADEOFF,"IS net=332464.14 (1.004x), PF=1.846223 (0.986x), DD=32052.72円/32.05272pt (1.000x); baseline net=331176.79, PF=1.871883, DD=32052.72円",0,332464.14,1.8462233800315762,32052.719999999972,32.05271999999997,616,0.01|0.02,0.01|0.02,True,False,0,False,0,False,0,True,"{""GoldDDPBADX"":12.5}",gdda_is_gdd08_02_20260814132525_5f4764_deals.csv,ml\gold_dd\configs\gdda_is_gdd08_02_20260814132525_5f4764.yaml,2026-08-14T04:25:25+00:00,2026-08-14T04:26:28+00:00,62.943,
0a2590381ead459d8f713e00aed5f277,gdda_oos_gdd08_02_20260814132628_0a2590,GDD08_02,GDD08_02,pb_adx,(2)軽微なコード変更,OOS,GOLD2,2016.06.21,2021.06.20,False,OK,OOS_REJECT,OUT_OF_GATE,"OOS net=54742.17 (0.912x), PF=1.350442 (0.967x), DD=14808.78円/14.80878pt (1.073x); baseline net=60050.52, PF=1.396192, DD=13806.08円",0,54742.170000000006,1.350442068281641,14808.77999999997,14.80877999999997,640,0.01|0.02,0.01|0.02,True,False,0,False,0,False,0,True,"{""GoldDDPBADX"":12.5}",gdda_oos_gdd08_02_20260814132628_0a2590_deals.csv,ml\gold_dd\configs\gdda_oos_gdd08_02_20260814132628_0a2590.yaml,2026-08-14T04:26:28+00:00,2026-08-14T04:27:11+00:00,42.917,
472a4a58dad142b6b646883f108c8507,gdda_is_gdd08_03_20260814132711_472a4a,GDD08_03,GDD08_03,pb_adx,(2)軽微なコード変更,IS,GOLD2,2021.06.21,2026.06.20,False,OK,IS_SURVIVOR_STRICT,STRICT,"IS net=342024.54 (1.033x), PF=1.892270 (1.011x), DD=32052.72円/32.05272pt (1.000x); baseline net=331176.79, PF=1.871883, DD=32052.72円",0,342024.54,1.8922701763030672,32052.719999999972,32.05271999999997,614,0.01|0.02,0.01|0.02,True,False,0,False,0,False,0,True,"{""GoldDDPBADX"":15.0}",gdda_is_gdd08_03_20260814132711_472a4a_deals.csv,ml\gold_dd\configs\gdda_is_gdd08_03_20260814132711_472a4a.yaml,2026-08-14T04:27:11+00:00,2026-08-14T04:28:14+00:00,62.908,
e15cd12a2aa54bc5b163eacef000a966,gdda_oos_gdd08_03_20260814132814_e15cd1,GDD08_03,GDD08_03,pb_adx,(2)軽微なコード変更,OOS,GOLD2,2016.06.21,2021.06.20,False,OK,OOS_REJECT,OUT_OF_GATE,"OOS net=56486.51 (0.941x), PF=1.365227 (0.978x), DD=14998.00円/14.99800pt (1.086x); baseline net=60050.52, PF=1.396192, DD=13806.08円",0,56486.51,1.36522734236628,14997.99999999997,14.997999999999971,638,0.01|0.02,0.01|0.02,True,False,0,False,0,False,0,True,"{""GoldDDPBADX"":15.0}",gdda_oos_gdd08_03_20260814132814_e15cd1_deals.csv,ml\gold_dd\configs\gdda_oos_gdd08_03_20260814132814_e15cd1.yaml,2026-08-14T04:28:14+00:00,2026-08-14T04:28:57+00:00,42.907,
d482a2fccc04427caae47340657969ae,gdda_is_gdd08_04_20260814132857_d482a2,GDD08_04,GDD08_04,pb_adx,(2)軽微なコード変更,IS,GOLD2,2021.06.21,2026.06.20,False,OK,IS_SURVIVOR_STRICT,STRICT,"IS net=336315.01 (1.016x), PF=1.884143 (1.007x), DD=32052.72円/32.05272pt (1.000x); baseline net=331176.79, PF=1.871883, DD=32052.72円",0,336315.01,1.8841433973998039,32052.719999999972,32.05271999999997,608,0.01|0.02,0.01|0.02,True,False,0,False,0,False,0,True,"{""GoldDDPBADX"":17.5}",gdda_is_gdd08_04_20260814132857_d482a2_deals.csv,ml\gold_dd\configs\gdda_is_gdd08_04_20260814132857_d482a2.yaml,2026-08-14T04:28:57+00:00,2026-08-14T04:30:00+00:00,62.909,
c3cc96ab0b524a60bdeaf570b74876c4,gdda_oos_gdd08_04_20260814133000_c3cc96,GDD08_04,GDD08_04,pb_adx,(2)軽微なコード変更,OOS,GOLD2,2016.06.21,2021.06.20,False,OK,OOS_REJECT,OUT_OF_GATE,"OOS net=58437.21 (0.973x), PF=1.384274 (0.991x), DD=14740.36円/14.74036pt (1.068x); baseline net=60050.52, PF=1.396192, DD=13806.08円",0,58437.21,1.3842738354036603,14740.359999999971,14.74035999999997,634,0.01|0.02,0.01|0.02,True,False,0,False,0,False,0,True,"{""GoldDDPBADX"":17.5}",gdda_oos_gdd08_04_20260814133000_c3cc96_deals.csv,ml\gold_dd\configs\gdda_oos_gdd08_04_20260814133000_c3cc96.yaml,2026-08-14T04:30:00+00:00,2026-08-14T04:30:43+00:00,42.914,
44e8401ee7c747ac803999ea17a444e3,gdda_is_gdd08_05_20260814133043_44e840,GDD08_05,GDD08_05,pb_adx,(2)軽微なコード変更,IS,GOLD2,2021.06.21,2026.06.20,False,OK,IS_SURVIVOR_STRICT,STRICT,"IS net=340371.03 (1.028x), PF=1.889963 (1.010x), DD=32052.72円/32.05272pt (1.000x); baseline net=331176.79, PF=1.871883, DD=32052.72円",0,340371.02999999997,1.8899627658506344,32052.719999999972,32.05271999999997,612,0.01|0.02,0.01|0.02,True,False,0,False,0,False,0,True,"{""GoldDDPBADX"":20.0}",gdda_is_gdd08_05_20260814133043_44e840_deals.csv,ml\gold_dd\configs\gdda_is_gdd08_05_20260814133043_44e840.yaml,2026-08-14T04:30:43+00:00,2026-08-14T04:31:51+00:00,67.900,
4e556bdb9b984f3b9a7284f0c7975e48,gdda_oos_gdd08_05_20260814133151_4e556b,GDD08_05,GDD08_05,pb_adx,(2)軽微なコード変更,OOS,GOLD2,2016.06.21,2021.06.20,False,OK,OOS_PASS,DD_OR_STRICT,"OOS net=54477.39 (0.907x), PF=1.359814 (0.974x), DD=13082.83円/13.08283pt (0.948x); baseline net=60050.52, PF=1.396192, DD=13806.08円",0,54477.39,1.3598138072482575,13082.829999999987,13.082829999999987,630,0.01|0.02,0.01|0.02,True,False,0,False,0,False,0,True,"{""GoldDDPBADX"":20.0}",gdda_oos_gdd08_05_20260814133151_4e556b_deals.csv,ml\gold_dd\configs\gdda_oos_gdd08_05_20260814133151_4e556b.yaml,2026-08-14T04:31:51+00:00,2026-08-14T04:32:34+00:00,42.922,
9e8506c972134c2eb8a9eb202598b174,gdda_xm5_gdd08_05_20260814133234_9e8506,GDD08_05,GDD08_05,pb_adx,(2)軽微なコード変更,XM5,XM5,2016.11.09,2026.06.20,True,OK,XM5_PASS,DD_OR_STRICT,"XM5 net=541788.99 (1.006x), PF=1.855251 (1.001x), DD=35533.71円/35.53371pt (0.996x); baseline net=538302.83, PF=1.853047, DD=35671.78円",0,541788.99,1.8552512602623354,35533.70999999996,35.533709999999964,1494,0.01|0.02|0.05,0.01|0.02|0.05,True,True,88,True,84,True,124,True,"{""GoldDDPBADX"":20.0}",gdda_xm5_gdd08_05_20260814133234_9e8506_deals.csv,ml\gold_dd\configs\gdda_xm5_gdd08_05_20260814133234_9e8506.yaml,2026-08-14T04:32:34+00:00,2026-08-14T04:40:22+00:00,468.305,
40367dcd50324c98866e764027a06789,gdda_is_gdd08_06_20260814134022_40367d,GDD08_06,GDD08_06,pb_adx,(2)軽微なコード変更,IS,GOLD2,2021.06.21,2026.06.20,False,OK,IS_REJECT,BASELINE_EQUIVALENT,"IS net=331176.79 (1.000x), PF=1.871883 (1.000x), DD=32052.72円/32.05272pt (1.000x); baseline net=331176.79, PF=1.871883, DD=32052.72円",0,331176.79,1.8718825447675405,32052.719999999972,32.05271999999997,608,0.01|0.02,0.01|0.02,True,False,0,False,0,False,0,True,"{""GoldDDPBADX"":22.5}",gdda_is_gdd08_06_20260814134022_40367d_deals.csv,ml\gold_dd\configs\gdda_is_gdd08_06_20260814134022_40367d.yaml,2026-08-14T04:40:22+00:00,2026-08-14T04:47:03+00:00,400.810,
add02737bf944590bf7d1ae06b09e7e2,gdda_is_gdd08_07_20260814134703_add027,GDD08_07,GDD08_07,pb_adx,(2)軽微なコード変更,IS,GOLD2,2021.06.21,2026.06.20,False,OK,IS_SURVIVOR_DD,DD_TRADEOFF,"IS net=322483.44 (0.974x), PF=1.893674 (1.012x), DD=32052.72円/32.05272pt (1.000x); baseline net=331176.79, PF=1.871883, DD=32052.72円",0,322483.44,1.8936737205115135,32052.719999999972,32.05271999999997,594,0.01|0.02,0.01|0.02,True,False,0,False,0,False,0,True,"{""GoldDDPBADX"":25.0}",gdda_is_gdd08_07_20260814134703_add027_deals.csv,ml\gold_dd\configs\gdda_is_gdd08_07_20260814134703_add027.yaml,2026-08-14T04:47:03+00:00,2026-08-14T04:48:06+00:00,62.987,
e85aa2bfbaad418c9ca25fc43b67e0fa,gdda_oos_gdd08_07_20260814134806_e85aa2,GDD08_07,GDD08_07,pb_adx,(2)軽微なコード変更,OOS,GOLD2,2016.06.21,2021.06.20,False,OK,OOS_REJECT,OUT_OF_GATE,"OOS net=49282.30 (0.821x), PF=1.323973 (0.948x), DD=15101.54円/15.10154pt (1.094x); baseline net=60050.52, PF=1.396192, DD=13806.08円",0,49282.3,1.3239734701250974,15101.540000000023,15.101540000000023,626,0.01|0.02,0.01|0.02,True,False,0,False,0,False,0,True,"{""GoldDDPBADX"":25.0}",gdda_oos_gdd08_07_20260814134806_e85aa2_deals.csv,ml\gold_dd\configs\gdda_oos_gdd08_07_20260814134806_e85aa2.yaml,2026-08-14T04:48:06+00:00,2026-08-14T04:48:49+00:00,42.883,
1beed186a252420c8a11251ca10ca801,gdda_is_gdd08_08_20260814134849_1beed1,GDD08_08,GDD08_08,pb_adx,(2)軽微なコード変更,IS,GOLD2,2021.06.21,2026.06.20,False,OK,IS_SURVIVOR_DD,DD_TRADEOFF,"IS net=285113.19 (0.861x), PF=1.806044 (0.965x), DD=32052.72円/32.05272pt (1.000x); baseline net=331176.79, PF=1.871883, DD=32052.72円",0,285113.19,1.806043793547781,32052.719999999972,32.05271999999997,586,0.01|0.02,0.01|0.02,True,False,0,False,0,False,0,True,"{""GoldDDPBADX"":27.5}",gdda_is_gdd08_08_20260814134849_1beed1_deals.csv,ml\gold_dd\configs\gdda_is_gdd08_08_20260814134849_1beed1.yaml,2026-08-14T04:48:49+00:00,2026-08-14T04:49:52+00:00,62.907,
1d20ca105ce64ba68e67ba7be7f664ed,gdda_oos_gdd08_08_20260814134952_1d20ca,GDD08_08,GDD08_08,pb_adx,(2)軽微なコード変更,OOS,GOLD2,2016.06.21,2021.06.20,False,OK,OOS_REJECT,OUT_OF_GATE,"OOS net=40269.29 (0.671x), PF=1.266714 (0.907x), DD=23575.01円/23.57501pt (1.708x); baseline net=60050.52, PF=1.396192, DD=13806.08円",0,40269.29,1.2667139964859628,23575.010000000053,23.575010000000052,616,0.01|0.02,0.01|0.02,True,False,0,False,0,False,0,True,"{""GoldDDPBADX"":27.5}",gdda_oos_gdd08_08_20260814134952_1d20ca_deals.csv,ml\gold_dd\configs\gdda_oos_gdd08_08_20260814134952_1d20ca.yaml,2026-08-14T04:49:52+00:00,2026-08-14T04:50:35+00:00,42.886,
f397577b3a04495f8bc3b0bf6d3db3ac,gdda_is_gdd08_09_20260814135035_f39757,GDD08_09,GDD08_09,pb_adx,(2)軽微なコード変更,IS,GOLD2,2021.06.21,2026.06.20,False,OK,IS_SURVIVOR_DD,DD_TRADEOFF,"IS net=294812.57 (0.890x), PF=1.852405 (0.990x), DD=31880.65円/31.88065pt (0.995x); baseline net=331176.79, PF=1.871883, DD=32052.72円",0,294812.57,1.8524050937417686,31880.649999999965,31.880649999999964,586,0.01|0.02,0.01|0.02,True,False,0,False,0,False,0,True,"{""GoldDDPBADX"":30.0}",gdda_is_gdd08_09_20260814135035_f39757_deals.csv,ml\gold_dd\configs\gdda_is_gdd08_09_20260814135035_f39757.yaml,2026-08-14T04:50:35+00:00,2026-08-14T04:51:33+00:00,57.931,
764c7230e2a340eab25b673f5e191131,gdda_oos_gdd08_09_20260814135133_764c72,GDD08_09,GDD08_09,pb_adx,(2)軽微なコード変更,OOS,GOLD2,2016.06.21,2021.06.20,False,OK,OOS_REJECT,OUT_OF_GATE,"OOS net=44349.75 (0.739x), PF=1.316013 (0.943x), DD=17044.50円/17.04450pt (1.235x); baseline net=60050.52, PF=1.396192, DD=13806.08円",0,44349.75,1.3160131048915042,17044.50000000003,17.044500000000028,594,0.01|0.02,0.01|0.02,True,False,0,False,0,False,0,True,"{""GoldDDPBADX"":30.0}",gdda_oos_gdd08_09_20260814135133_764c72_deals.csv,ml\gold_dd\configs\gdda_oos_gdd08_09_20260814135133_764c72.yaml,2026-08-14T04:51:33+00:00,2026-08-14T04:52:16+00:00,42.934,
a354bf954a814bd898e65b8e92973a45,gdda_is_gdd08_10_20260814135216_a354bf,GDD08_10,GDD08_10,pb_adx,(2)軽微なコード変更,IS,GOLD2,2021.06.21,2026.06.20,False,OK,IS_SURVIVOR_DD,DD_TRADEOFF,"IS net=294049.98 (0.888x), PF=1.918144 (1.025x), DD=31880.65円/31.88065pt (0.995x); baseline net=331176.79, PF=1.871883, DD=32052.72円",0,294049.98,1.9181443858878215,31880.649999999965,31.880649999999964,564,0.01|0.02,0.01|0.02,True,False,0,False,0,False,0,True,"{""GoldDDPBADX"":32.5}",gdda_is_gdd08_10_20260814135216_a354bf_deals.csv,ml\gold_dd\configs\gdda_is_gdd08_10_20260814135216_a354bf.yaml,2026-08-14T04:52:16+00:00,2026-08-14T04:53:18+00:00,62.903,
b0ef63ee6def40e99ffe0a7810f72c06,gdda_oos_gdd08_10_20260814135319_b0ef63,GDD08_10,GDD08_10,pb_adx,(2)軽微なコード変更,OOS,GOLD2,2016.06.21,2021.06.20,False,OK,OOS_PASS,DD_OR_STRICT,"OOS net=50949.87 (0.848x), PF=1.417638 (1.015x), DD=13663.07円/13.66307pt (0.990x); baseline net=60050.52, PF=1.396192, DD=13806.08円",0,50949.87,1.4176382826833938,13663.070000000022,13.66307000000002,568,0.01|0.02,0.01|0.02,True,False,0,False,0,False,0,True,"{""GoldDDPBADX"":32.5}",gdda_oos_gdd08_10_20260814135319_b0ef63_deals.csv,ml\gold_dd\configs\gdda_oos_gdd08_10_20260814135319_b0ef63.yaml,2026-08-14T04:53:19+00:00,2026-08-14T04:54:01+00:00,42.923,
9abeb39c49494492b8cd7b752aee7778,gdda_xm5_gdd08_10_20260814135401_9abeb3,GDD08_10,GDD08_10,pb_adx,(2)軽微なコード変更,XM5,XM5,2016.11.09,2026.06.20,True,OK,XM5_PASS,DD_OR_STRICT,"XM5 net=490816.63 (0.912x), PF=1.903853 (1.027x), DD=31880.65円/31.88065pt (0.894x); baseline net=538302.83, PF=1.853047, DD=35671.78円",0,490816.63,1.9038533028761542,31880.649999999965,31.880649999999964,1386,0.01|0.02|0.05,0.01|0.02|0.05,True,True,88,True,84,True,124,True,"{""GoldDDPBADX"":32.5}",gdda_xm5_gdd08_10_20260814135401_9abeb3_deals.csv,ml\gold_dd\configs\gdda_xm5_gdd08_10_20260814135401_9abeb3.yaml,2026-08-14T04:54:01+00:00,2026-08-14T05:01:50+00:00,468.366,
57319ba1edf84d2aabcd4a3eea4e0bcf,gdda_is_gdd08_11_20260814140150_57319b,GDD08_11,GDD08_11,pb_adx,(2)軽微なコード変更,IS,GOLD2,2021.06.21,2026.06.20,False,OK,IS_SURVIVOR_DD,DD_TRADEOFF,"IS net=285956.63 (0.863x), PF=1.971003 (1.053x), DD=31880.65円/31.88065pt (0.995x); baseline net=331176.79, PF=1.871883, DD=32052.72円",0,285956.63,1.9710029156237558,31880.649999999965,31.880649999999964,550,0.01|0.02,0.01|0.02,True,False,0,False,0,False,0,True,"{""GoldDDPBADX"":35.0}",gdda_is_gdd08_11_20260814140150_57319b_deals.csv,ml\gold_dd\configs\gdda_is_gdd08_11_20260814140150_57319b.yaml,2026-08-14T05:01:50+00:00,2026-08-14T05:08:31+00:00,400.787,
d5f5a6e8aaec4c91ac7cb252062bb11d,gdda_oos_gdd08_11_20260814140831_d5f5a6,GDD08_11,GDD08_11,pb_adx,(2)軽微なコード変更,OOS,GOLD2,2016.06.21,2021.06.20,False,OK,OOS_REJECT,OUT_OF_GATE,"OOS net=48125.33 (0.801x), PF=1.395378 (0.999x), DD=14216.27円/14.21627pt (1.030x); baseline net=60050.52, PF=1.396192, DD=13806.08円",0,48125.33,1.3953783484003286,14216.270000000019,14.21627000000002,566,0.01|0.02,0.01|0.02,True,False,0,False,0,False,0,True,"{""GoldDDPBADX"":35.0}",gdda_oos_gdd08_11_20260814140831_d5f5a6_deals.csv,ml\gold_dd\configs\gdda_oos_gdd08_11_20260814140831_d5f5a6.yaml,2026-08-14T05:08:31+00:00,2026-08-14T05:09:14+00:00,42.962,
6de0fbcef77544b9acdc01aa3f11b107,gdda_is_gdd08_12_20260814140914_6de0fb,GDD08_12,GDD08_12,pb_adx,(2)軽微なコード変更,IS,GOLD2,2021.06.21,2026.06.20,False,OK,IS_SURVIVOR_DD,DD_TRADEOFF,"IS net=294518.84 (0.889x), PF=1.981560 (1.059x), DD=31880.65円/31.88065pt (0.995x); baseline net=331176.79, PF=1.871883, DD=32052.72円",0,294518.84,1.981559820411039,31880.649999999965,31.880649999999964,546,0.01|0.02,0.01|0.02,True,False,0,False,0,False,0,True,"{""GoldDDPBADX"":37.5}",gdda_is_gdd08_12_20260814140914_6de0fb_deals.csv,ml\gold_dd\configs\gdda_is_gdd08_12_20260814140914_6de0fb.yaml,2026-08-14T05:09:14+00:00,2026-08-14T05:10:12+00:00,57.917,
3a9bb29d68fd4dcbb9ae0ea7f176554b,gdda_oos_gdd08_12_20260814141012_3a9bb2,GDD08_12,GDD08_12,pb_adx,(2)軽微なコード変更,OOS,GOLD2,2016.06.21,2021.06.20,False,OK,OOS_REJECT,OUT_OF_GATE,"OOS net=44675.80 (0.744x), PF=1.380161 (0.989x), DD=11865.29円/11.86529pt (0.859x); baseline net=60050.52, PF=1.396192, DD=13806.08円",0,44675.8,1.3801610458440912,11865.290000000023,11.865290000000023,556,0.01|0.02,0.01|0.02,True,False,0,False,0,False,0,True,"{""GoldDDPBADX"":37.5}",gdda_oos_gdd08_12_20260814141012_3a9bb2_deals.csv,ml\gold_dd\configs\gdda_oos_gdd08_12_20260814141012_3a9bb2.yaml,2026-08-14T05:10:12+00:00,2026-08-14T05:10:54+00:00,42.899,
4966d374bbf54960bacd2dc5228d2cbf,gdda_is_gdd08_13_20260814141055_4966d3,GDD08_13,GDD08_13,pb_adx,(2)軽微なコード変更,IS,GOLD2,2021.06.21,2026.06.20,False,OK,IS_SURVIVOR_DD,DD_TRADEOFF,"IS net=314325.45 (0.949x), PF=2.182124 (1.166x), DD=21302.44円/21.30244pt (0.665x); baseline net=331176.79, PF=1.871883, DD=32052.72円",0,314325.45,2.1821239644889077,21302.44000000003,21.302440000000033,538,0.01|0.02,0.01|0.02,True,False,0,False,0,False,0,True,"{""GoldDDPBADX"":40.0}",gdda_is_gdd08_13_20260814141055_4966d3_deals.csv,ml\gold_dd\configs\gdda_is_gdd08_13_20260814141055_4966d3.yaml,2026-08-14T05:10:55+00:00,2026-08-14T05:11:57+00:00,62.866,
1dedb46ada904719a5e8d2983abc4670,gdda_oos_gdd08_13_20260814141157_1dedb4,GDD08_13,GDD08_13,pb_adx,(2)軽微なコード変更,OOS,GOLD2,2016.06.21,2021.06.20,False,OK,OOS_REJECT,OUT_OF_GATE,"OOS net=47913.70 (0.798x), PF=1.425263 (1.021x), DD=10637.57円/10.63757pt (0.770x); baseline net=60050.52, PF=1.396192, DD=13806.08円",0,47913.700000000004,1.4252625311843983,10637.569999999992,10.637569999999993,546,0.01|0.02,0.01|0.02,True,False,0,False,0,False,0,True,"{""GoldDDPBADX"":40.0}",gdda_oos_gdd08_13_20260814141157_1dedb4_deals.csv,ml\gold_dd\configs\gdda_oos_gdd08_13_20260814141157_1dedb4.yaml,2026-08-14T05:11:57+00:00,2026-08-14T05:12:40+00:00,42.888,
7f6ead14350e41e1a03478061f0ccd6c,gdda_is_gdd08_14_20260814141240_7f6ead,GDD08_14,GDD08_14,pb_adx,(2)軽微なコード変更,IS,GOLD2,2021.06.21,2026.06.20,False,OK,IS_REJECT,PROFIT_LOSS,"IS net=246221.42 (0.743x), PF=1.882884 (1.006x), DD=42324.53円/42.32453pt (1.320x); baseline net=331176.79, PF=1.871883, DD=32052.72円",0,246221.41999999998,1.8828836588220443,42324.53,42.324529999999996,528,0.01|0.02,0.01|0.02,True,False,0,False,0,False,0,True,"{""GoldDDPBADX"":42.5}",gdda_is_gdd08_14_20260814141240_7f6ead_deals.csv,ml\gold_dd\configs\gdda_is_gdd08_14_20260814141240_7f6ead.yaml,2026-08-14T05:12:40+00:00,2026-08-14T05:13:38+00:00,57.900,
5040bbb19316438aa3a410d14f11b5b8,gdda_is_gdd08_15_20260814141338_5040bb,GDD08_15,GDD08_15,pb_adx,(2)軽微なコード変更,IS,GOLD2,2021.06.21,2026.06.20,False,OK,IS_REJECT,DOMINATED,"IS net=227503.10 (0.687x), PF=1.787919 (0.955x), DD=42324.53円/42.32453pt (1.320x); baseline net=331176.79, PF=1.871883, DD=32052.72円",0,227503.1,1.7879192669091233,42324.53,42.324529999999996,528,0.01|0.02,0.01|0.02,True,False,0,False,0,False,0,True,"{""GoldDDPBADX"":45.0}",gdda_is_gdd08_15_20260814141338_5040bb_deals.csv,ml\gold_dd\configs\gdda_is_gdd08_15_20260814141338_5040bb.yaml,2026-08-14T05:13:38+00:00,2026-08-14T05:14:36+00:00,57.974,
e0e9a8e71376465ea93bcb3e522cbcda,gdda_is_gdd08_16_20260814141436_e0e9a8,GDD08_16,GDD08_16,pb_adx,(2)軽微なコード変更,IS,GOLD2,2021.06.21,2026.06.20,False,OK,IS_REJECT,DOMINATED,"IS net=239296.95 (0.723x), PF=1.853185 (0.990x), DD=35721.47円/35.72147pt (1.114x); baseline net=331176.79, PF=1.871883, DD=32052.72円",0,239296.95,1.8531852972015983,35721.47000000003,35.72147000000003,526,0.01|0.02,0.01|0.02,True,False,0,False,0,False,0,True,"{""GoldDDPBADX"":47.5}",gdda_is_gdd08_16_20260814141436_e0e9a8_deals.csv,ml\gold_dd\configs\gdda_is_gdd08_16_20260814141436_e0e9a8.yaml,2026-08-14T05:14:36+00:00,2026-08-14T05:15:34+00:00,57.983,
6d1de0b04277443d91586a55047e25bb,gdda_is_gdd08_17_20260814141534_6d1de0,GDD08_17,GDD08_17,pb_adx,(2)軽微なコード変更,IS,GOLD2,2021.06.21,2026.06.20,False,OK,IS_REJECT,DOMINATED,"IS net=217409.00 (0.656x), PF=1.787147 (0.955x), DD=44476.95円/44.47695pt (1.388x); baseline net=331176.79, PF=1.871883, DD=32052.72円",0,217409.0,1.7871467942655797,44476.95000000004,44.47695000000004,518,0.01|0.02,0.01|0.02,True,False,0,False,0,False,0,True,"{""GoldDDPBADX"":50.0}",gdda_is_gdd08_17_20260814141534_6d1de0_deals.csv,ml\gold_dd\configs\gdda_is_gdd08_17_20260814141534_6d1de0.yaml,2026-08-14T05:15:34+00:00,2026-08-14T05:16:32+00:00,58.001,
7286cbe12c924dca923af70d02d81b43,gdda_is_gdd08_18_20260814141632_7286cb,GDD08_18,GDD08_18,pb_adx,(2)軽微なコード変更,IS,GOLD2,2021.06.21,2026.06.20,False,OK,IS_REJECT,DOMINATED,"IS net=171762.82 (0.519x), PF=1.609725 (0.860x), DD=51891.82円/51.89182pt (1.619x); baseline net=331176.79, PF=1.871883, DD=32052.72円",0,171762.82,1.6097251986384353,51891.81999999998,51.89181999999998,510,0.01|0.02,0.01|0.02,True,False,0,False,0,False,0,True,"{""GoldDDPBADX"":52.5}",gdda_is_gdd08_18_20260814141632_7286cb_deals.csv,ml\gold_dd\configs\gdda_is_gdd08_18_20260814141632_7286cb.yaml,2026-08-14T05:16:32+00:00,2026-08-14T05:17:30+00:00,57.941,
d3c639d2f2c541eea9eee29846cfcc95,gdda_is_gdd08_19_20260814141730_d3c639,GDD08_19,GDD08_19,pb_adx,(2)軽微なコード変更,IS,GOLD2,2021.06.21,2026.06.20,False,OK,IS_REJECT,DOMINATED,"IS net=161869.04 (0.489x), PF=1.597908 (0.854x), DD=48076.75円/48.07675pt (1.500x); baseline net=331176.79, PF=1.871883, DD=32052.72円",0,161869.04,1.5979084493937141,48076.74999999997,48.07674999999997,504,0.01|0.02,0.01|0.02,True,False,0,False,0,False,0,True,"{""GoldDDPBADX"":55.0}",gdda_is_gdd08_19_20260814141730_d3c639_deals.csv,ml\gold_dd\configs\gdda_is_gdd08_19_20260814141730_d3c639.yaml,2026-08-14T05:17:30+00:00,2026-08-14T05:18:28+00:00,57.957,
b155e9342a4749438eeac399ee73a8b4,gdda_is_gdd08_20_20260814141828_b155e9,GDD08_20,GDD08_20,pb_adx,(2)軽微なコード変更,IS,GOLD2,2021.06.21,2026.06.20,False,OK,IS_REJECT,DOMINATED,"IS net=177324.20 (0.535x), PF=1.693094 (0.904x), DD=33195.60円/33.19560pt (1.036x); baseline net=331176.79, PF=1.871883, DD=32052.72円",0,177324.19999999998,1.6930941712168623,33195.59999999998,33.19559999999998,502,0.01|0.02,0.01|0.02,True,False,0,False,0,False,0,True,"{""GoldDDPBADX"":57.5}",gdda_is_gdd08_20_20260814141828_b155e9_deals.csv,ml\gold_dd\configs\gdda_is_gdd08_20_20260814141828_b155e9.yaml,2026-08-14T05:18:28+00:00,2026-08-14T05:19:26+00:00,57.954,
22668cf26397478ca301f493134fd48a,gdda_is_gdd09_01_20260814141926_22668c,GDD09_01,GDD09_01,pb_slope,(2)軽微なコード変更,IS,GOLD2,2021.06.21,2026.06.20,False,OK,IS_SURVIVOR_TRADEOFF,TRADEOFF,"IS net=384961.16 (1.162x), PF=1.663198 (0.889x), DD=33481.43円/33.48143pt (1.045x); baseline net=331176.79, PF=1.871883, DD=32052.72円",0,384961.16,1.6631982664143272,33481.43000000002,33.481430000000024,750,0.01|0.02,0.01|0.02,True,False,0,False,0,False,0,True,"{""GoldDDPBSlopeATR"":0.0}",gdda_is_gdd09_01_20260814141926_22668c_deals.csv,ml\gold_dd\configs\gdda_is_gdd09_01_20260814141926_22668c.yaml,2026-08-14T05:19:26+00:00,2026-08-14T05:20:34+00:00,67.910,
ec6bd0a387654c6fa1f98cebf3ebf64c,gdda_oos_gdd09_01_20260814142034_ec6bd0,GDD09_01,GDD09_01,pb_slope,(2)軽微なコード変更,OOS,GOLD2,2016.06.21,2021.06.20,False,OK,OOS_REJECT,OUT_OF_GATE,"OOS net=-3772.75 (-0.063x), PF=0.985392 (0.706x), DD=79232.09円/79.23209pt (5.739x); baseline net=60050.52, PF=1.396192, DD=13806.08円",0,-3772.7499999999977,0.985391983109489,79232.09000000003,79.23209000000003,780,0.01|0.02,0.01|0.02,True,False,0,False,0,False,0,True,"{""GoldDDPBSlopeATR"":0.0}",gdda_oos_gdd09_01_20260814142034_ec6bd0_deals.csv,ml\gold_dd\configs\gdda_oos_gdd09_01_20260814142034_ec6bd0.yaml,2026-08-14T05:20:34+00:00,2026-08-14T05:21:22+00:00,47.968,
119a55b7eebc43d18b8411a422f02932,gdda_is_gdd09_02_20260814142122_119a55,GDD09_02,GDD09_02,pb_slope,(2)軽微なコード変更,IS,GOLD2,2021.06.21,2026.06.20,False,OK,IS_SURVIVOR_TRADEOFF,TRADEOFF,"IS net=386483.54 (1.167x), PF=1.725956 (0.922x), DD=32264.17円/32.26417pt (1.007x); baseline net=331176.79, PF=1.871883, DD=32052.72円",0,386483.54,1.7259556443811646,32264.169999999867,32.264169999999865,706,0.01|0.02,0.01|0.02,True,False,0,False,0,False,0,True,"{""GoldDDPBSlopeATR"":0.2}",gdda_is_gdd09_02_20260814142122_119a55_deals.csv,ml\gold_dd\configs\gdda_is_gdd09_02_20260814142122_119a55.yaml,2026-08-14T05:21:22+00:00,2026-08-14T05:22:25+00:00,62.918,
01606eec31c14c17a512767a68ccb947,gdda_oos_gdd09_02_20260814142225_01606e,GDD09_02,GDD09_02,pb_slope,(2)軽微なコード変更,OOS,GOLD2,2016.06.21,2021.06.20,False,FAILED,RUN_FAILED,TIMEOUT,"individual run timed out: Command '['C:\\Users\\f\\source\\repos\\mt5_backtester\\mt5bt.bat', 'run', 'C:\\Users\\f\\source\\repos\\mt5_backtester\\ml\\gold_dd\\configs\\gdda_oos_gdd09_02_20260814142225_01606e.yaml', '--timeout', '2400', '--no-charts', '--no-html']' timed out after 2520 seconds",,,,,,,,0.01|0.02,,,,,,,,,"{""GoldDDPBSlopeATR"":0.2}",gdda_oos_gdd09_02_20260814142225_01606e_deals.csv,ml\gold_dd\configs\gdda_oos_gdd09_02_20260814142225_01606e.yaml,2026-08-14T05:22:25+00:00,2026-08-14T12:30:16+00:00,25671.463,"TimeoutExpired(['C:\\Users\\f\\source\\repos\\mt5_backtester\\mt5bt.bat', 'run', 'C:\\Users\\f\\source\\repos\\mt5_backtester\\ml\\gold_dd\\configs\\gdda_oos_gdd09_02_20260814142225_01606e.yaml', '--timeout', '2400', '--no-charts', '--no-html'], -23151.082983299988)"
c7029e04a5a548d7aa880d8cdf6b4886,gdda_is_gdd09_03_20260814213317_c7029e,GDD09_03,GDD09_03,pb_slope,(2)軽微なコード変更,IS,GOLD2,2021.06.21,2026.06.20,False,OK,IS_SURVIVOR_DD,DD_TRADEOFF,"IS net=374753.09 (1.132x), PF=1.698312 (0.907x), DD=32052.72円/32.05272pt (1.000x); baseline net=331176.79, PF=1.871883, DD=32052.72円",0,374753.08999999997,1.6983124085132106,32052.719999999972,32.05271999999997,706,0.01|0.02,0.01|0.02,True,False,0,False,0,False,0,True,"{""GoldDDPBSlopeATR"":0.4}",gdda_is_gdd09_03_20260814213317_c7029e_deals.csv,ml\gold_dd\configs\gdda_is_gdd09_03_20260814213317_c7029e.yaml,2026-08-14T12:33:17+00:00,2026-08-14T12:34:25+00:00,68.555,
d4756c48cd96418abaf4d1b878a2873d,gdda_oos_gdd09_03_20260814213425_d4756c,GDD09_03,GDD09_03,pb_slope,(2)軽微なコード変更,OOS,GOLD2,2016.06.21,2021.06.20,False,OK,OOS_REJECT,OUT_OF_GATE,"OOS net=1848.68 (0.031x), PF=1.007838 (0.722x), DD=59309.20円/59.30920pt (4.296x); baseline net=60050.52, PF=1.396192, DD=13806.08円",0,1848.6800000000023,1.0078376543779604,59309.20000000001,59.30920000000001,742,0.01|0.02,0.01|0.02,True,False,0,False,0,False,0,True,"{""GoldDDPBSlopeATR"":0.4}",gdda_oos_gdd09_03_20260814213425_d4756c_deals.csv,ml\gold_dd\configs\gdda_oos_gdd09_03_20260814213425_d4756c.yaml,2026-08-14T12:34:25+00:00,2026-08-14T12:35:13+00:00,48.199,
b1005a6ed45145b89cb77b721c958d54,gdda_is_gdd09_04_20260814213514_b1005a,GDD09_04,GDD09_04,pb_slope,(2)軽微なコード変更,IS,GOLD2,2021.06.21,2026.06.20,False,OK,IS_SURVIVOR_TRADEOFF,TRADEOFF,"IS net=350730.63 (1.059x), PF=1.669488 (0.892x), DD=38974.79円/38.97479pt (1.216x); baseline net=331176.79, PF=1.871883, DD=32052.72円",0,350730.63,1.6694877054844255,38974.78999999986,38.974789999999864,686,0.01|0.02,0.01|0.02,True,False,0,False,0,False,0,True,"{""GoldDDPBSlopeATR"":0.6}",gdda_is_gdd09_04_20260814213514_b1005a_deals.csv,ml\gold_dd\configs\gdda_is_gdd09_04_20260814213514_b1005a.yaml,2026-08-14T12:35:14+00:00,2026-08-14T12:36:17+00:00,63.335,
c2fe32468e0c4587ace0dab0b0087bcc,gdda_oos_gdd09_04_20260814213617_c2fe32,GDD09_04,GDD09_04,pb_slope,(2)軽微なコード変更,OOS,GOLD2,2016.06.21,2021.06.20,False,OK,OOS_REJECT,OUT_OF_GATE,"OOS net=34167.13 (0.569x), PF=1.171201 (0.839x), DD=39064.80円/39.06480pt (2.830x); baseline net=60050.52, PF=1.396192, DD=13806.08円",0,34167.130000000005,1.171200932870419,39064.80000000003,39.064800000000034,704,0.01|0.02,0.01|0.02,True,False,0,False,0,False,0,True,"{""GoldDDPBSlopeATR"":0.6}",gdda_oos_gdd09_04_20260814213617_c2fe32_deals.csv,ml\gold_dd\configs\gdda_oos_gdd09_04_20260814213617_c2fe32.yaml,2026-08-14T12:36:17+00:00,2026-08-14T12:37:00+00:00,43.502,
342eef9f08024548afe793e1dddeef56,gdda_is_gdd09_05_20260814213700_342eef,GDD09_05,GDD09_05,pb_slope,(2)軽微なコード変更,IS,GOLD2,2021.06.21,2026.06.20,False,OK,IS_SURVIVOR_STRICT,STRICT,"IS net=449591.45 (1.358x), PF=2.102720 (1.123x), DD=32052.72円/32.05272pt (1.000x); baseline net=331176.79, PF=1.871883, DD=32052.72円",0,449591.45,2.1027200028333772,32052.719999999972,32.05271999999997,646,0.01|0.02,0.01|0.02,True,False,0,False,0,False,0,True,"{""GoldDDPBSlopeATR"":0.8}",gdda_is_gdd09_05_20260814213700_342eef_deals.csv,ml\gold_dd\configs\gdda_is_gdd09_05_20260814213700_342eef.yaml,2026-08-14T12:37:00+00:00,2026-08-14T12:38:09+00:00,68.245,
7e386d95088a44a9ba81a6adc8d6982d,gdda_oos_gdd09_05_20260814213809_7e386d,GDD09_05,GDD09_05,pb_slope,(2)軽微なコード変更,OOS,GOLD2,2016.06.21,2021.06.20,False,OK,OOS_REJECT,OUT_OF_GATE,"OOS net=45471.43 (0.757x), PF=1.253001 (0.897x), DD=20293.88円/20.29388pt (1.470x); baseline net=60050.52, PF=1.396192, DD=13806.08円",0,45471.43,1.2530009041980195,20293.880000000005,20.293880000000005,676,0.01|0.02,0.01|0.02,True,False,0,False,0,False,0,True,"{""GoldDDPBSlopeATR"":0.8}",gdda_oos_gdd09_05_20260814213809_7e386d_deals.csv,ml\gold_dd\configs\gdda_oos_gdd09_05_20260814213809_7e386d.yaml,2026-08-14T12:38:09+00:00,2026-08-14T12:38:52+00:00,43.271,
ea5f48761e36463f8d2f1953975aeacc,gdda_is_gdd09_06_20260814213852_ea5f48,GDD09_06,GDD09_06,pb_slope,(2)軽微なコード変更,IS,GOLD2,2021.06.21,2026.06.20,False,OK,IS_SURVIVOR_STRICT,STRICT,"IS net=361658.08 (1.092x), PF=1.910479 (1.021x), DD=32052.72円/32.05272pt (1.000x); baseline net=331176.79, PF=1.871883, DD=32052.72円",0,361658.08,1.910479015557653,32052.719999999972,32.05271999999997,624,0.01|0.02,0.01|0.02,True,False,0,False,0,False,0,True,"{""GoldDDPBSlopeATR"":1.0}",gdda_is_gdd09_06_20260814213852_ea5f48_deals.csv,ml\gold_dd\configs\gdda_is_gdd09_06_20260814213852_ea5f48.yaml,2026-08-14T12:38:52+00:00,2026-08-14T12:39:55+00:00,63.319,
5d8dea9f389a48139858215584b12705,gdda_oos_gdd09_06_20260814213955_5d8dea,GDD09_06,GDD09_06,pb_slope,(2)軽微なコード変更,OOS,GOLD2,2016.06.21,2021.06.20,False,OK,OOS_REJECT,OUT_OF_GATE,"OOS net=52431.68 (0.873x), PF=1.322905 (0.948x), DD=21144.73円/21.14473pt (1.532x); baseline net=60050.52, PF=1.396192, DD=13806.08円",0,52431.68,1.3229050795412345,21144.73000000004,21.144730000000038,650,0.01|0.02,0.01|0.02,True,False,0,False,0,False,0,True,"{""GoldDDPBSlopeATR"":1.0}",gdda_oos_gdd09_06_20260814213955_5d8dea_deals.csv,ml\gold_dd\configs\gdda_oos_gdd09_06_20260814213955_5d8dea.yaml,2026-08-14T12:39:55+00:00,2026-08-14T12:40:38+00:00,43.036,
cb2f70f81f5043e4878ab214a1b0abbf,gdda_is_gdd09_07_20260814214038_cb2f70,GDD09_07,GDD09_07,pb_slope,(2)軽微なコード変更,IS,GOLD2,2021.06.21,2026.06.20,False,OK,IS_REJECT,BASELINE_EQUIVALENT,"IS net=331176.79 (1.000x), PF=1.871883 (1.000x), DD=32052.72円/32.05272pt (1.000x); baseline net=331176.79, PF=1.871883, DD=32052.72円",0,331176.79,1.8718825447675405,32052.719999999972,32.05271999999997,608,0.01|0.02,0.01|0.02,True,False,0,False,0,False,0,True,"{""GoldDDPBSlopeATR"":1.2}",gdda_is_gdd09_07_20260814214038_cb2f70_deals.csv,ml\gold_dd\configs\gdda_is_gdd09_07_20260814214038_cb2f70.yaml,2026-08-14T12:40:38+00:00,2026-08-14T12:41:41+00:00,63.004,
bfa7da55c54b4c7fa7ac20d4bd19255e,gdda_is_gdd09_08_20260814214141_bfa7da,GDD09_08,GDD09_08,pb_slope,(2)軽微なコード変更,IS,GOLD2,2021.06.21,2026.06.20,False,OK,IS_SURVIVOR_DD,DD_TRADEOFF,"IS net=270644.71 (0.817x), PF=1.823002 (0.974x), DD=25265.86円/25.26586pt (0.788x); baseline net=331176.79, PF=1.871883, DD=32052.72円",0,270644.71,1.8230020008173315,25265.86000000006,25.26586000000006,580,0.01|0.02,0.01|0.02,True,False,0,False,0,False,0,True,"{""GoldDDPBSlopeATR"":1.4}",gdda_is_gdd09_08_20260814214141_bfa7da_deals.csv,ml\gold_dd\configs\gdda_is_gdd09_08_20260814214141_bfa7da.yaml,2026-08-14T12:41:41+00:00,2026-08-14T12:42:44+00:00,63.046,
b79e64a8e20a4d05ad96fa8ce473d16e,gdda_oos_gdd09_08_20260814214245_b79e64,GDD09_08,GDD09_08,pb_slope,(2)軽微なコード変更,OOS,GOLD2,2016.06.21,2021.06.20,False,OK,OOS_REJECT,OUT_OF_GATE,"OOS net=43466.98 (0.724x), PF=1.287797 (0.922x), DD=23191.43円/23.19143pt (1.680x); baseline net=60050.52, PF=1.396192, DD=13806.08円",0,43466.98,1.2877972124833879,23191.430000000037,23.191430000000036,622,0.01|0.02,0.01|0.02,True,False,0,False,0,False,0,True,"{""GoldDDPBSlopeATR"":1.4}",gdda_oos_gdd09_08_20260814214245_b79e64_deals.csv,ml\gold_dd\configs\gdda_oos_gdd09_08_20260814214245_b79e64.yaml,2026-08-14T12:42:45+00:00,2026-08-14T12:43:28+00:00,43.025,
adb03a93e6cd483981fd101865ff2d88,gdda_is_gdd09_09_20260814214328_adb03a,GDD09_09,GDD09_09,pb_slope,(2)軽微なコード変更,IS,GOLD2,2021.06.21,2026.06.20,False,OK,IS_SURVIVOR_TRADEOFF,TRADEOFF,"IS net=260496.79 (0.787x), PF=1.993676 (1.065x), DD=25061.02円/25.06102pt (0.782x); baseline net=331176.79, PF=1.871883, DD=32052.72円",0,260496.79,1.993675833391505,25061.02000000002,25.061020000000017,536,0.01|0.02,0.01|0.02,True,False,0,False,0,False,0,True,"{""GoldDDPBSlopeATR"":1.6}",gdda_is_gdd09_09_20260814214328_adb03a_deals.csv,ml\gold_dd\configs\gdda_is_gdd09_09_20260814214328_adb03a.yaml,2026-08-14T12:43:28+00:00,2026-08-14T12:44:26+00:00,58.078,
630830f6f85e4af29447d965362f3178,gdda_oos_gdd09_09_20260814214426_630830,GDD09_09,GDD09_09,pb_slope,(2)軽微なコード変更,OOS,GOLD2,2016.06.21,2021.06.20,False,OK,OOS_REJECT,OUT_OF_GATE,"OOS net=51121.57 (0.851x), PF=1.389728 (0.995x), DD=15040.41円/15.04041pt (1.089x); baseline net=60050.52, PF=1.396192, DD=13806.08円",0,51121.57,1.3897278308889311,15040.410000000047,15.040410000000048,588,0.01|0.02,0.01|0.02,True,False,0,False,0,False,0,True,"{""GoldDDPBSlopeATR"":1.6}",gdda_oos_gdd09_09_20260814214426_630830_deals.csv,ml\gold_dd\configs\gdda_oos_gdd09_09_20260814214426_630830.yaml,2026-08-14T12:44:26+00:00,2026-08-14T12:45:09+00:00,43.047,
f468e82140a5404bb1540fb6fb58db4e,gdda_is_gdd09_10_20260814214509_f468e8,GDD09_10,GDD09_10,pb_slope,(2)軽微なコード変更,IS,GOLD2,2021.06.21,2026.06.20,False,OK,IS_REJECT,PROFIT_LOSS,"IS net=205167.28 (0.620x), PF=1.744207 (0.932x), DD=29168.05円/29.16805pt (0.910x); baseline net=331176.79, PF=1.871883, DD=32052.72円",0,205167.28,1.7442074325170618,29168.050000000047,29.168050000000047,530,0.01|0.02,0.01|0.02,True,False,0,False,0,False,0,True,"{""GoldDDPBSlopeATR"":1.8}",gdda_is_gdd09_10_20260814214509_f468e8_deals.csv,ml\gold_dd\configs\gdda_is_gdd09_10_20260814214509_f468e8.yaml,2026-08-14T12:45:09+00:00,2026-08-14T12:46:07+00:00,58.082,
c32c16173e1447c2af0e92f5eaf40294,gdda_is_gdd09_11_20260814214607_c32c16,GDD09_11,GDD09_11,pb_slope,(2)軽微なコード変更,IS,GOLD2,2021.06.21,2026.06.20,False,OK,IS_REJECT,PROFIT_LOSS,"IS net=166780.79 (0.504x), PF=1.629927 (0.871x), DD=27541.49円/27.54149pt (0.859x); baseline net=331176.79, PF=1.871883, DD=32052.72円",0,166780.79,1.6299274317820114,27541.49000000005,27.54149000000005,510,0.01|0.02,0.01|0.02,True,False,0,False,0,False,0,True,"{""GoldDDPBSlopeATR"":2.0}",gdda_is_gdd09_11_20260814214607_c32c16_deals.csv,ml\gold_dd\configs\gdda_is_gdd09_11_20260814214607_c32c16.yaml,2026-08-14T12:46:07+00:00,2026-08-14T12:47:05+00:00,58.083,
83c7874fb2c242edbe81d983d13f34e9,gdda_is_gdd09_12_20260814214705_83c787,GDD09_12,GDD09_12,pb_slope,(2)軽微なコード変更,IS,GOLD2,2021.06.21,2026.06.20,False,OK,IS_SURVIVOR_TRADEOFF,TRADEOFF,"IS net=186730.35 (0.564x), PF=1.818868 (0.972x), DD=25061.02円/25.06102pt (0.782x); baseline net=331176.79, PF=1.871883, DD=32052.72円",0,186730.35,1.818868496272057,25061.01999999999,25.06101999999999,490,0.01|0.02,0.01|0.02,True,False,0,False,0,False,0,True,"{""GoldDDPBSlopeATR"":2.2}",gdda_is_gdd09_12_20260814214705_83c787_deals.csv,ml\gold_dd\configs\gdda_is_gdd09_12_20260814214705_83c787.yaml,2026-08-14T12:47:05+00:00,2026-08-14T12:48:03+00:00,58.390,
0baa65d93b4c4b78870cd802519c01e0,gdda_oos_gdd09_12_20260814214803_0baa65,GDD09_12,GDD09_12,pb_slope,(2)軽微なコード変更,OOS,GOLD2,2016.06.21,2021.06.20,False,OK,OOS_PASS,DD_OR_STRICT,"OOS net=50562.40 (0.842x), PF=1.478410 (1.059x), DD=10790.85円/10.79085pt (0.782x); baseline net=60050.52, PF=1.396192, DD=13806.08円",0,50562.4,1.478409530343548,10790.849999999991,10.790849999999992,534,0.01|0.02,0.01|0.02,True,False,0,False,0,False,0,True,"{""GoldDDPBSlopeATR"":2.2}",gdda_oos_gdd09_12_20260814214803_0baa65_deals.csv,ml\gold_dd\configs\gdda_oos_gdd09_12_20260814214803_0baa65.yaml,2026-08-14T12:48:03+00:00,2026-08-14T12:48:47+00:00,43.142,
5204d3c26d31483d912d82a871296d2c,gdda_xm5_gdd09_12_20260814214847_5204d3,GDD09_12,GDD09_12,pb_slope,(2)軽微なコード変更,XM5,XM5,2016.11.09,2026.06.20,True,OK,XM5_REJECT,OUT_OF_GATE,"XM5 net=383368.28 (0.712x), PF=1.882316 (1.016x), DD=32854.93円/32.85493pt (0.921x); baseline net=538302.83, PF=1.853047, DD=35671.78円",0,383368.27999999997,1.8823160849358185,32854.92999999999,32.854929999999996,1278,0.01|0.02|0.05,0.01|0.02|0.05,True,True,88,True,84,True,124,True,"{""GoldDDPBSlopeATR"":2.2}",gdda_xm5_gdd09_12_20260814214847_5204d3_deals.csv,ml\gold_dd\configs\gdda_xm5_gdd09_12_20260814214847_5204d3.yaml,2026-08-14T12:48:47+00:00,2026-08-14T12:56:20+00:00,453.610,
5e54c411ff984def8e1a33b9186ef689,gdda_is_gdd09_13_20260814215620_5e54c4,GDD09_13,GDD09_13,pb_slope,(2)軽微なコード変更,IS,GOLD2,2021.06.21,2026.06.20,False,OK,IS_REJECT,PROFIT_LOSS,"IS net=164302.72 (0.496x), PF=1.695612 (0.906x), DD=28862.24円/28.86224pt (0.900x); baseline net=331176.79, PF=1.871883, DD=32052.72円",0,164302.72,1.6956120897665978,28862.240000000078,28.862240000000078,490,0.01|0.02,0.01|0.02,True,False,0,False,0,False,0,True,"{""GoldDDPBSlopeATR"":2.4}",gdda_is_gdd09_13_20260814215620_5e54c4_deals.csv,ml\gold_dd\configs\gdda_is_gdd09_13_20260814215620_5e54c4.yaml,2026-08-14T12:56:20+00:00,2026-08-14T13:02:47+00:00,387.345,
ac94a8b972474cd28af8f1c174189f27,gdda_is_gdd09_14_20260814220247_ac94a8,GDD09_14,GDD09_14,pb_slope,(2)軽微なコード変更,IS,GOLD2,2021.06.21,2026.06.20,False,OK,IS_SURVIVOR_TRADEOFF,TRADEOFF,"IS net=176742.07 (0.534x), PF=1.789875 (0.956x), DD=25061.02円/25.06102pt (0.782x); baseline net=331176.79, PF=1.871883, DD=32052.72円",0,176742.07,1.7898754385401963,25061.01999999999,25.06101999999999,486,0.01|0.02,0.01|0.02,True,False,0,False,0,False,0,True,"{""GoldDDPBSlopeATR"":2.6}",gdda_is_gdd09_14_20260814220247_ac94a8_deals.csv,ml\gold_dd\configs\gdda_is_gdd09_14_20260814220247_ac94a8.yaml,2026-08-14T13:02:47+00:00,2026-08-14T13:03:51+00:00,63.341,
e0f23a8e9731421daae7f44071b4a3ff,gdda_oos_gdd09_14_20260814220351_e0f23a,GDD09_14,GDD09_14,pb_slope,(2)軽微なコード変更,OOS,GOLD2,2016.06.21,2021.06.20,False,OK,OOS_PASS,DD_OR_STRICT,"OOS net=50562.40 (0.842x), PF=1.478410 (1.059x), DD=10790.85円/10.79085pt (0.782x); baseline net=60050.52, PF=1.396192, DD=13806.08円",0,50562.4,1.478409530343548,10790.849999999991,10.790849999999992,534,0.01|0.02,0.01|0.02,True,False,0,False,0,False,0,True,"{""GoldDDPBSlopeATR"":2.6}",gdda_oos_gdd09_14_20260814220351_e0f23a_deals.csv,ml\gold_dd\configs\gdda_oos_gdd09_14_20260814220351_e0f23a.yaml,2026-08-14T13:03:51+00:00,2026-08-14T13:04:34+00:00,43.192,
639918d58e6a4c8e9360cb6f969cb489,gdda_xm5_gdd09_14_20260814220434_639918,GDD09_14,GDD09_14,pb_slope,(2)軽微なコード変更,XM5,XM5,2016.11.09,2026.06.20,True,OK,XM5_REJECT,OUT_OF_GATE,"XM5 net=373380.00 (0.694x), PF=1.867867 (1.008x), DD=32854.93円/32.85493pt (0.921x); baseline net=538302.83, PF=1.853047, DD=35671.78円",0,373380.0,1.8678673877805256,32854.92999999999,32.854929999999996,1274,0.01|0.02|0.05,0.01|0.02|0.05,True,True,88,True,84,True,124,True,"{""GoldDDPBSlopeATR"":2.6}",gdda_xm5_gdd09_14_20260814220434_639918_deals.csv,ml\gold_dd\configs\gdda_xm5_gdd09_14_20260814220434_639918.yaml,2026-08-14T13:04:34+00:00,2026-08-14T13:12:13+00:00,458.586,
7523a4687b0a4630b9a75ed5fb609a88,gdda_is_gdd09_15_20260814221213_7523a4,GDD09_15,GDD09_15,pb_slope,(2)軽微なコード変更,IS,GOLD2,2021.06.21,2026.06.20,False,OK,IS_SURVIVOR_TRADEOFF,TRADEOFF,"IS net=176742.07 (0.534x), PF=1.789875 (0.956x), DD=25061.02円/25.06102pt (0.782x); baseline net=331176.79, PF=1.871883, DD=32052.72円",0,176742.07,1.7898754385401963,25061.01999999999,25.06101999999999,486,0.01|0.02,0.01|0.02,True,False,0,False,0,False,0,True,"{""GoldDDPBSlopeATR"":2.8}",gdda_is_gdd09_15_20260814221213_7523a4_deals.csv,ml\gold_dd\configs\gdda_is_gdd09_15_20260814221213_7523a4.yaml,2026-08-14T13:12:13+00:00,2026-08-14T13:18:35+00:00,382.248,
124c2787a84d40ecabee12f685a45612,gdda_oos_gdd09_15_20260814221835_124c27,GDD09_15,GDD09_15,pb_slope,(2)軽微なコード変更,OOS,GOLD2,2016.06.21,2021.06.20,False,OK,OOS_PASS,DD_OR_STRICT,"OOS net=50562.40 (0.842x), PF=1.478410 (1.059x), DD=10790.85円/10.79085pt (0.782x); baseline net=60050.52, PF=1.396192, DD=13806.08円",0,50562.4,1.478409530343548,10790.849999999991,10.790849999999992,534,0.01|0.02,0.01|0.02,True,False,0,False,0,False,0,True,"{""GoldDDPBSlopeATR"":2.8}",gdda_oos_gdd09_15_20260814221835_124c27_deals.csv,ml\gold_dd\configs\gdda_oos_gdd09_15_20260814221835_124c27.yaml,2026-08-14T13:18:35+00:00,2026-08-14T13:19:18+00:00,43.237,
f236f1d295624d2f89ad5f643cafddb1,gdda_xm5_gdd09_15_20260814221918_f236f1,GDD09_15,GDD09_15,pb_slope,(2)軽微なコード変更,XM5,XM5,2016.11.09,2026.06.20,True,OK,XM5_REJECT,OUT_OF_GATE,"XM5 net=373380.00 (0.694x), PF=1.867867 (1.008x), DD=32854.93円/32.85493pt (0.921x); baseline net=538302.83, PF=1.853047, DD=35671.78円",0,373380.0,1.8678673877805256,32854.92999999999,32.854929999999996,1274,0.01|0.02|0.05,0.01|0.02|0.05,True,True,88,True,84,True,124,True,"{""GoldDDPBSlopeATR"":2.8}",gdda_xm5_gdd09_15_20260814221918_f236f1_deals.csv,ml\gold_dd\configs\gdda_xm5_gdd09_15_20260814221918_f236f1.yaml,2026-08-14T13:19:18+00:00,2026-08-14T13:26:47+00:00,448.631,
c24f9e8d984340d1883eb266f55705bf,gdda_is_gdd09_16_20260814222647_c24f9e,GDD09_16,GDD09_16,pb_slope,(2)軽微なコード変更,IS,GOLD2,2021.06.21,2026.06.20,False,OK,IS_SURVIVOR_TRADEOFF,TRADEOFF,"IS net=173717.93 (0.525x), PF=1.776360 (0.949x), DD=25061.02円/25.06102pt (0.782x); baseline net=331176.79, PF=1.871883, DD=32052.72円",0,173717.93,1.776360298037955,25061.01999999999,25.06101999999999,484,0.01|0.02,0.01|0.02,True,False,0,False,0,False,0,True,"{""GoldDDPBSlopeATR"":3.0}",gdda_is_gdd09_16_20260814222647_c24f9e_deals.csv,ml\gold_dd\configs\gdda_is_gdd09_16_20260814222647_c24f9e.yaml,2026-08-14T13:26:47+00:00,2026-08-14T13:33:14+00:00,387.077,
1823eb4e3714488fb3b6848b3837d95b,gdda_oos_gdd09_16_20260814223314_1823eb,GDD09_16,GDD09_16,pb_slope,(2)軽微なコード変更,OOS,GOLD2,2016.06.21,2021.06.20,False,OK,OOS_PASS,DD_OR_STRICT,"OOS net=50562.40 (0.842x), PF=1.478410 (1.059x), DD=10790.85円/10.79085pt (0.782x); baseline net=60050.52, PF=1.396192, DD=13806.08円",0,50562.4,1.478409530343548,10790.849999999991,10.790849999999992,534,0.01|0.02,0.01|0.02,True,False,0,False,0,False,0,True,"{""GoldDDPBSlopeATR"":3.0}",gdda_oos_gdd09_16_20260814223314_1823eb_deals.csv,ml\gold_dd\configs\gdda_oos_gdd09_16_20260814223314_1823eb.yaml,2026-08-14T13:33:14+00:00,2026-08-14T13:33:57+00:00,43.158,
32bcdc1e7df34a28b38a7a395ea26c29,gdda_xm5_gdd09_16_20260814223357_32bcdc,GDD09_16,GDD09_16,pb_slope,(2)軽微なコード変更,XM5,XM5,2016.11.09,2026.06.20,True,OK,XM5_REJECT,OUT_OF_GATE,"XM5 net=370355.86 (0.688x), PF=1.860838 (1.004x), DD=32854.93円/32.85493pt (0.921x); baseline net=538302.83, PF=1.853047, DD=35671.78円",0,370355.86,1.8608382151358136,32854.92999999999,32.854929999999996,1272,0.01|0.02|0.05,0.01|0.02|0.05,True,True,88,True,84,True,124,True,"{""GoldDDPBSlopeATR"":3.0}",gdda_xm5_gdd09_16_20260814223357_32bcdc_deals.csv,ml\gold_dd\configs\gdda_xm5_gdd09_16_20260814223357_32bcdc.yaml,2026-08-14T13:33:57+00:00,2026-08-14T13:41:21+00:00,443.687,
0a4a466c482b4b53bfa8c656648513c9,gdda_is_gdd09_17_20260814224121_0a4a46,GDD09_17,GDD09_17,pb_slope,(2)軽微なコード変更,IS,GOLD2,2021.06.21,2026.06.20,False,OK,IS_SURVIVOR_TRADEOFF,TRADEOFF,"IS net=173717.93 (0.525x), PF=1.776360 (0.949x), DD=25061.02円/25.06102pt (0.782x); baseline net=331176.79, PF=1.871883, DD=32052.72円",0,173717.93,1.776360298037955,25061.01999999999,25.06101999999999,484,0.01|0.02,0.01|0.02,True,False,0,False,0,False,0,True,"{""GoldDDPBSlopeATR"":3.2}",gdda_is_gdd09_17_20260814224121_0a4a46_deals.csv,ml\gold_dd\configs\gdda_is_gdd09_17_20260814224121_0a4a46.yaml,2026-08-14T13:41:21+00:00,2026-08-14T13:42:19+00:00,58.570,
e2a93c6313684359901a34a5b5582ac5,gdda_oos_gdd09_17_20260814224219_e2a93c,GDD09_17,GDD09_17,pb_slope,(2)軽微なコード変更,OOS,GOLD2,2016.06.21,2021.06.20,False,OK,OOS_PASS,DD_OR_STRICT,"OOS net=50653.95 (0.844x), PF=1.479691 (1.060x), DD=10790.85円/10.79085pt (0.782x); baseline net=60050.52, PF=1.396192, DD=13806.08円",0,50653.950000000004,1.4796912752618494,10790.849999999991,10.790849999999992,534,0.01|0.02,0.01|0.02,True,False,0,False,0,False,0,True,"{""GoldDDPBSlopeATR"":3.2}",gdda_oos_gdd09_17_20260814224219_e2a93c_deals.csv,ml\gold_dd\configs\gdda_oos_gdd09_17_20260814224219_e2a93c.yaml,2026-08-14T13:42:19+00:00,2026-08-14T13:43:02+00:00,43.162,
d05333a72e754d1db75094105b02fc6f,gdda_xm5_gdd09_17_20260814224302_d05333,GDD09_17,GDD09_17,pb_slope,(2)軽微なコード変更,XM5,XM5,2016.11.09,2026.06.20,True,OK,XM5_REJECT,OUT_OF_GATE,"XM5 net=370447.42 (0.688x), PF=1.861234 (1.004x), DD=32854.93円/32.85493pt (0.921x); baseline net=538302.83, PF=1.853047, DD=35671.78円",0,370447.42,1.8612343190677652,32854.92999999999,32.854929999999996,1272,0.01|0.02|0.05,0.01|0.02|0.05,True,True,88,True,84,True,124,True,"{""GoldDDPBSlopeATR"":3.2}",gdda_xm5_gdd09_17_20260814224302_d05333_deals.csv,ml\gold_dd\configs\gdda_xm5_gdd09_17_20260814224302_d05333.yaml,2026-08-14T13:43:02+00:00,2026-08-14T13:50:26+00:00,443.581,
ea61060e40d74cae82c3a72f3e154cd2,gdda_is_gdd09_18_20260814225026_ea6106,GDD09_18,GDD09_18,pb_slope,(2)軽微なコード変更,IS,GOLD2,2021.06.21,2026.06.20,False,OK,IS_SURVIVOR_TRADEOFF,TRADEOFF,"IS net=173717.93 (0.525x), PF=1.776360 (0.949x), DD=25061.02円/25.06102pt (0.782x); baseline net=331176.79, PF=1.871883, DD=32052.72円",0,173717.93,1.776360298037955,25061.01999999999,25.06101999999999,484,0.01|0.02,0.01|0.02,True,False,0,False,0,False,0,True,"{""GoldDDPBSlopeATR"":3.4}",gdda_is_gdd09_18_20260814225026_ea6106_deals.csv,ml\gold_dd\configs\gdda_is_gdd09_18_20260814225026_ea6106.yaml,2026-08-14T13:50:26+00:00,2026-08-14T13:56:51+00:00,385.439,
c4ce96c97efa4d6c8592ea906112f63b,gdda_oos_gdd09_18_20260814225651_c4ce96,GDD09_18,GDD09_18,pb_slope,(2)軽微なコード変更,OOS,GOLD2,2016.06.21,2021.06.20,False,OK,OOS_PASS,DD_OR_STRICT,"OOS net=50653.95 (0.844x), PF=1.479691 (1.060x), DD=10790.85円/10.79085pt (0.782x); baseline net=60050.52, PF=1.396192, DD=13806.08円",0,50653.950000000004,1.4796912752618494,10790.849999999991,10.790849999999992,534,0.01|0.02,0.01|0.02,True,False,0,False,0,False,0,True,"{""GoldDDPBSlopeATR"":3.4}",gdda_oos_gdd09_18_20260814225651_c4ce96_deals.csv,ml\gold_dd\configs\gdda_oos_gdd09_18_20260814225651_c4ce96.yaml,2026-08-14T13:56:51+00:00,2026-08-14T13:57:35+00:00,43.065,
7b1f2c64537e4168a9a4937394962383,gdda_xm5_gdd09_18_20260814225735_7b1f2c,GDD09_18,GDD09_18,pb_slope,(2)軽微なコード変更,XM5,XM5,2016.11.09,2026.06.20,True,OK,XM5_REJECT,OUT_OF_GATE,"XM5 net=370447.42 (0.688x), PF=1.861234 (1.004x), DD=32854.93円/32.85493pt (0.921x); baseline net=538302.83, PF=1.853047, DD=35671.78円",0,370447.42,1.8612343190677652,32854.92999999999,32.854929999999996,1272,0.01|0.02|0.05,0.01|0.02|0.05,True,True,88,True,84,True,124,True,"{""GoldDDPBSlopeATR"":3.4}",gdda_xm5_gdd09_18_20260814225735_7b1f2c_deals.csv,ml\gold_dd\configs\gdda_xm5_gdd09_18_20260814225735_7b1f2c.yaml,2026-08-14T13:57:35+00:00,2026-08-14T14:04:48+00:00,433.620,
73bd7adb99b6469696b3970335217a1b,gdda_is_gdd09_19_20260814230448_73bd7a,GDD09_19,GDD09_19,pb_slope,(2)軽微なコード変更,IS,GOLD2,2021.06.21,2026.06.20,False,OK,IS_SURVIVOR_TRADEOFF,TRADEOFF,"IS net=173717.93 (0.525x), PF=1.776360 (0.949x), DD=25061.02円/25.06102pt (0.782x); baseline net=331176.79, PF=1.871883, DD=32052.72円",0,173717.93,1.776360298037955,25061.01999999999,25.06101999999999,484,0.01|0.02,0.01|0.02,True,False,0,False,0,False,0,True,"{""GoldDDPBSlopeATR"":3.6}",gdda_is_gdd09_19_20260814230448_73bd7a_deals.csv,ml\gold_dd\configs\gdda_is_gdd09_19_20260814230448_73bd7a.yaml,2026-08-14T14:04:48+00:00,2026-08-14T14:06:02+00:00,73.697,
8259f24f60ce4ce7a9c6acf861576ac2,gdda_oos_gdd09_19_20260814230602_8259f2,GDD09_19,GDD09_19,pb_slope,(2)軽微なコード変更,OOS,GOLD2,2016.06.21,2021.06.20,False,OK,OOS_PASS,DD_OR_STRICT,"OOS net=50653.95 (0.844x), PF=1.479691 (1.060x), DD=10790.85円/10.79085pt (0.782x); baseline net=60050.52, PF=1.396192, DD=13806.08円",0,50653.950000000004,1.4796912752618494,10790.849999999991,10.790849999999992,534,0.01|0.02,0.01|0.02,True,False,0,False,0,False,0,True,"{""GoldDDPBSlopeATR"":3.6}",gdda_oos_gdd09_19_20260814230602_8259f2_deals.csv,ml\gold_dd\configs\gdda_oos_gdd09_19_20260814230602_8259f2.yaml,2026-08-14T14:06:02+00:00,2026-08-14T14:06:45+00:00,43.018,
48c2ea0e562d410298b4e6ab47d2c668,gdda_xm5_gdd09_19_20260814230645_48c2ea,GDD09_19,GDD09_19,pb_slope,(2)軽微なコード変更,XM5,XM5,2016.11.09,2026.06.20,True,OK,XM5_REJECT,OUT_OF_GATE,"XM5 net=370447.42 (0.688x), PF=1.861234 (1.004x), DD=32854.93円/32.85493pt (0.921x); baseline net=538302.83, PF=1.853047, DD=35671.78円",0,370447.42,1.8612343190677652,32854.92999999999,32.854929999999996,1272,0.01|0.02|0.05,0.01|0.02|0.05,True,True,88,True,84,True,124,True,"{""GoldDDPBSlopeATR"":3.6}",gdda_xm5_gdd09_19_20260814230645_48c2ea_deals.csv,ml\gold_dd\configs\gdda_xm5_gdd09_19_20260814230645_48c2ea.yaml,2026-08-14T14:06:45+00:00,2026-08-14T14:13:53+00:00,428.422,
a527a181a69c473b9de342756b9928e5,gdda_is_gdd09_20_20260814231353_a527a1,GDD09_20,GDD09_20,pb_slope,(2)軽微なコード変更,IS,GOLD2,2021.06.21,2026.06.20,False,OK,IS_SURVIVOR_TRADEOFF,TRADEOFF,"IS net=173717.93 (0.525x), PF=1.776360 (0.949x), DD=25061.02円/25.06102pt (0.782x); baseline net=331176.79, PF=1.871883, DD=32052.72円",0,173717.93,1.776360298037955,25061.01999999999,25.06101999999999,484,0.01|0.02,0.01|0.02,True,False,0,False,0,False,0,True,"{""GoldDDPBSlopeATR"":3.8}",gdda_is_gdd09_20_20260814231353_a527a1_deals.csv,ml\gold_dd\configs\gdda_is_gdd09_20_20260814231353_a527a1.yaml,2026-08-14T14:13:53+00:00,2026-08-14T14:20:19+00:00,385.415,
3330fdbd8fb94212b99cab96dc71175b,gdda_oos_gdd09_20_20260814232019_3330fd,GDD09_20,GDD09_20,pb_slope,(2)軽微なコード変更,OOS,GOLD2,2016.06.21,2021.06.20,False,OK,OOS_PASS,DD_OR_STRICT,"OOS net=50653.95 (0.844x), PF=1.479691 (1.060x), DD=10790.85円/10.79085pt (0.782x); baseline net=60050.52, PF=1.396192, DD=13806.08円",0,50653.950000000004,1.4796912752618494,10790.849999999991,10.790849999999992,534,0.01|0.02,0.01|0.02,True,False,0,False,0,False,0,True,"{""GoldDDPBSlopeATR"":3.8}",gdda_oos_gdd09_20_20260814232019_3330fd_deals.csv,ml\gold_dd\configs\gdda_oos_gdd09_20_20260814232019_3330fd.yaml,2026-08-14T14:20:19+00:00,2026-08-14T14:21:02+00:00,43.012,
87614e89a3ba4232800dbabee41a8ec5,gdda_xm5_gdd09_20_20260814232102_87614e,GDD09_20,GDD09_20,pb_slope,(2)軽微なコード変更,XM5,XM5,2016.11.09,2026.06.20,True,OK,XM5_REJECT,OUT_OF_GATE,"XM5 net=370447.42 (0.688x), PF=1.861234 (1.004x), DD=32854.93円/32.85493pt (0.921x); baseline net=538302.83, PF=1.853047, DD=35671.78円",0,370447.42,1.8612343190677652,32854.92999999999,32.854929999999996,1272,0.01|0.02|0.05,0.01|0.02|0.05,True,True,88,True,84,True,124,True,"{""GoldDDPBSlopeATR"":3.8}",gdda_xm5_gdd09_20_20260814232102_87614e_deals.csv,ml\gold_dd\configs\gdda_xm5_gdd09_20_20260814232102_87614e.yaml,2026-08-14T14:21:02+00:00,2026-08-14T14:28:20+00:00,438.333,
e54fabcc458c48a2a907e9cd4afd14b1,gdda_is_gdd10_01_20260814232820_e54fab,GDD10_01,GDD10_01,pb_ema_pair,(2)軽微なコード変更,IS,GOLD2,,,,UNVERIFIED,UNVERIFIED_EA_INPUT,EA_IMPLEMENTATION_MISSING,family has no verified SIMVERIFY activation: pb_ema_pair,,,,,,,,,,,,,,,,,"{""GoldLabPBFastEMA"":5,""GoldLabPBSlowEMA"":20}",,,2026-08-14T14:28:20+00:00,2026-08-14T14:28:20+00:00,0.001,NotImplementedError('family has no verified SIMVERIFY activation: pb_ema_pair')
4172224092a749bc8cef79b35e5f6634,gdda_is_gdd10_02_20260814232820_417222,GDD10_02,GDD10_02,pb_ema_pair,(2)軽微なコード変更,IS,GOLD2,,,,UNVERIFIED,UNVERIFIED_EA_INPUT,EA_IMPLEMENTATION_MISSING,family has no verified SIMVERIFY activation: pb_ema_pair,,,,,,,,,,,,,,,,,"{""GoldLabPBFastEMA"":5,""GoldLabPBSlowEMA"":30}",,,2026-08-14T14:28:20+00:00,2026-08-14T14:28:20+00:00,0.001,NotImplementedError('family has no verified SIMVERIFY activation: pb_ema_pair')
c1172f698682434485cf2814579019ef,gdda_is_gdd10_03_20260814232820_c1172f,GDD10_03,GDD10_03,pb_ema_pair,(2)軽微なコード変更,IS,GOLD2,,,,UNVERIFIED,UNVERIFIED_EA_INPUT,EA_IMPLEMENTATION_MISSING,family has no verified SIMVERIFY activation: pb_ema_pair,,,,,,,,,,,,,,,,,"{""GoldLabPBFastEMA"":8,""GoldLabPBSlowEMA"":21}",,,2026-08-14T14:28:20+00:00,2026-08-14T14:28:20+00:00,0.001,NotImplementedError('family has no verified SIMVERIFY activation: pb_ema_pair')
b99846c5e4d3420590b8b1026855f469,gdda_is_gdd10_04_20260814232820_b99846,GDD10_04,GDD10_04,pb_ema_pair,(2)軽微なコード変更,IS,GOLD2,,,,UNVERIFIED,UNVERIFIED_EA_INPUT,EA_IMPLEMENTATION_MISSING,family has no verified SIMVERIFY activation: pb_ema_pair,,,,,,,,,,,,,,,,,"{""GoldLabPBFastEMA"":8,""GoldLabPBSlowEMA"":34}",,,2026-08-14T14:28:20+00:00,2026-08-14T14:28:20+00:00,0.001,NotImplementedError('family has no verified SIMVERIFY activation: pb_ema_pair')
07db5dd926d54c819b6782875ab29f4b,gdda_is_gdd10_05_20260814232820_07db5d,GDD10_05,GDD10_05,pb_ema_pair,(2)軽微なコード変更,IS,GOLD2,,,,UNVERIFIED,UNVERIFIED_EA_INPUT,EA_IMPLEMENTATION_MISSING,family has no verified SIMVERIFY activation: pb_ema_pair,,,,,,,,,,,,,,,,,"{""GoldLabPBFastEMA"":10,""GoldLabPBSlowEMA"":30}",,,2026-08-14T14:28:20+00:00,2026-08-14T14:28:20+00:00,0.001,NotImplementedError('family has no verified SIMVERIFY activation: pb_ema_pair')
89d37cbbec414841bb021192d7989591,gdda_is_gdd10_06_20260814232820_89d37c,GDD10_06,GDD10_06,pb_ema_pair,(2)軽微なコード変更,IS,GOLD2,,,,UNVERIFIED,UNVERIFIED_EA_INPUT,EA_IMPLEMENTATION_MISSING,family has no verified SIMVERIFY activation: pb_ema_pair,,,,,,,,,,,,,,,,,"{""GoldLabPBFastEMA"":10,""GoldLabPBSlowEMA"":40}",,,2026-08-14T14:28:20+00:00,2026-08-14T14:28:20+00:00,0.001,NotImplementedError('family has no verified SIMVERIFY activation: pb_ema_pair')
a19c1ddcdc8c4bc7b3cecf020d4025c4,gdda_is_gdd10_07_20260814232820_a19c1d,GDD10_07,GDD10_07,pb_ema_pair,(2)軽微なコード変更,IS,GOLD2,,,,UNVERIFIED,UNVERIFIED_EA_INPUT,EA_IMPLEMENTATION_MISSING,family has no verified SIMVERIFY activation: pb_ema_pair,,,,,,,,,,,,,,,,,"{""GoldLabPBFastEMA"":10,""GoldLabPBSlowEMA"":50}",,,2026-08-14T14:28:20+00:00,2026-08-14T14:28:20+00:00,0.001,NotImplementedError('family has no verified SIMVERIFY activation: pb_ema_pair')
396a307dc4e64c1eaf2aa7eeb8e7a2bd,gdda_is_gdd10_08_20260814232820_396a30,GDD10_08,GDD10_08,pb_ema_pair,(2)軽微なコード変更,IS,GOLD2,,,,UNVERIFIED,UNVERIFIED_EA_INPUT,EA_IMPLEMENTATION_MISSING,family has no verified SIMVERIFY activation: pb_ema_pair,,,,,,,,,,,,,,,,,"{""GoldLabPBFastEMA"":12,""GoldLabPBSlowEMA"":36}",,,2026-08-14T14:28:20+00:00,2026-08-14T14:28:20+00:00,0.001,NotImplementedError('family has no verified SIMVERIFY activation: pb_ema_pair')
42125a7211dc4c23ad47724de437e12f,gdda_is_gdd10_09_20260814232820_42125a,GDD10_09,GDD10_09,pb_ema_pair,(2)軽微なコード変更,IS,GOLD2,,,,UNVERIFIED,UNVERIFIED_EA_INPUT,EA_IMPLEMENTATION_MISSING,family has no verified SIMVERIFY activation: pb_ema_pair,,,,,,,,,,,,,,,,,"{""GoldLabPBFastEMA"":12,""GoldLabPBSlowEMA"":48}",,,2026-08-14T14:28:20+00:00,2026-08-14T14:28:20+00:00,0.001,NotImplementedError('family has no verified SIMVERIFY activation: pb_ema_pair')
3e7fafd7813d40379f59fe8a1eee6434,gdda_is_gdd10_10_20260814232820_3e7faf,GDD10_10,GDD10_10,pb_ema_pair,(2)軽微なコード変更,IS,GOLD2,,,,UNVERIFIED,UNVERIFIED_EA_INPUT,EA_IMPLEMENTATION_MISSING,family has no verified SIMVERIFY activation: pb_ema_pair,,,,,,,,,,,,,,,,,"{""GoldLabPBFastEMA"":15,""GoldLabPBSlowEMA"":40}",,,2026-08-14T14:28:20+00:00,2026-08-14T14:28:20+00:00,0.001,NotImplementedError('family has no verified SIMVERIFY activation: pb_ema_pair')
002bb7f24fc0410a83630f3001b6e272,gdda_is_gdd10_11_20260814232820_002bb7,GDD10_11,GDD10_11,pb_ema_pair,(2)軽微なコード変更,IS,GOLD2,,,,UNVERIFIED,UNVERIFIED_EA_INPUT,EA_IMPLEMENTATION_MISSING,family has no verified SIMVERIFY activation: pb_ema_pair,,,,,,,,,,,,,,,,,"{""GoldLabPBFastEMA"":15,""GoldLabPBSlowEMA"":50}",,,2026-08-14T14:28:20+00:00,2026-08-14T14:28:20+00:00,0.001,NotImplementedError('family has no verified SIMVERIFY activation: pb_ema_pair')
0b5cefb1e2fa4ad884ce1315c520a47e,gdda_is_gdd10_12_20260814232820_0b5cef,GDD10_12,GDD10_12,pb_ema_pair,(2)軽微なコード変更,IS,GOLD2,,,,UNVERIFIED,UNVERIFIED_EA_INPUT,EA_IMPLEMENTATION_MISSING,family has no verified SIMVERIFY activation: pb_ema_pair,,,,,,,,,,,,,,,,,"{""GoldLabPBFastEMA"":15,""GoldLabPBSlowEMA"":60}",,,2026-08-14T14:28:20+00:00,2026-08-14T14:28:20+00:00,0.001,NotImplementedError('family has no verified SIMVERIFY activation: pb_ema_pair')
09205e74113541a2b287b270f896cb9b,gdda_is_gdd10_13_20260814232820_09205e,GDD10_13,GDD10_13,pb_ema_pair,(2)軽微なコード変更,IS,GOLD2,,,,UNVERIFIED,UNVERIFIED_EA_INPUT,EA_IMPLEMENTATION_MISSING,family has no verified SIMVERIFY activation: pb_ema_pair,,,,,,,,,,,,,,,,,"{""GoldLabPBFastEMA"":18,""GoldLabPBSlowEMA"":54}",,,2026-08-14T14:28:20+00:00,2026-08-14T14:28:20+00:00,0.001,NotImplementedError('family has no verified SIMVERIFY activation: pb_ema_pair')
04d98740f84c4d41993845ccfea55e8f,gdda_is_gdd10_14_20260814232820_04d987,GDD10_14,GDD10_14,pb_ema_pair,(2)軽微なコード変更,IS,GOLD2,,,,UNVERIFIED,UNVERIFIED_EA_INPUT,EA_IMPLEMENTATION_MISSING,family has no verified SIMVERIFY activation: pb_ema_pair,,,,,,,,,,,,,,,,,"{""GoldLabPBFastEMA"":20,""GoldLabPBSlowEMA"":50}",,,2026-08-14T14:28:20+00:00,2026-08-14T14:28:20+00:00,0.001,NotImplementedError('family has no verified SIMVERIFY activation: pb_ema_pair')
c76448c625aa48328de859fb20ecf651,gdda_is_gdd10_15_20260814232820_c76448,GDD10_15,GDD10_15,pb_ema_pair,(2)軽微なコード変更,IS,GOLD2,,,,UNVERIFIED,UNVERIFIED_EA_INPUT,EA_IMPLEMENTATION_MISSING,family has no verified SIMVERIFY activation: pb_ema_pair,,,,,,,,,,,,,,,,,"{""GoldLabPBFastEMA"":20,""GoldLabPBSlowEMA"":60}",,,2026-08-14T14:28:20+00:00,2026-08-14T14:28:20+00:00,0.001,NotImplementedError('family has no verified SIMVERIFY activation: pb_ema_pair')
a390369a529a428ebe0a04ab73173d49,gdda_is_gdd10_16_20260814232820_a39036,GDD10_16,GDD10_16,pb_ema_pair,(2)軽微なコード変更,IS,GOLD2,,,,UNVERIFIED,UNVERIFIED_EA_INPUT,EA_IMPLEMENTATION_MISSING,family has no verified SIMVERIFY activation: pb_ema_pair,,,,,,,,,,,,,,,,,"{""GoldLabPBFastEMA"":20,""GoldLabPBSlowEMA"":75}",,,2026-08-14T14:28:20+00:00,2026-08-14T14:28:20+00:00,0.001,NotImplementedError('family has no verified SIMVERIFY activation: pb_ema_pair')
8cc85966125f44339d91139c6e90884c,gdda_is_gdd10_17_20260814232820_8cc859,GDD10_17,GDD10_17,pb_ema_pair,(2)軽微なコード変更,IS,GOLD2,,,,UNVERIFIED,UNVERIFIED_EA_INPUT,EA_IMPLEMENTATION_MISSING,family has no verified SIMVERIFY activation: pb_ema_pair,,,,,,,,,,,,,,,,,"{""GoldLabPBFastEMA"":25,""GoldLabPBSlowEMA"":60}",,,2026-08-14T14:28:20+00:00,2026-08-14T14:28:20+00:00,0.001,NotImplementedError('family has no verified SIMVERIFY activation: pb_ema_pair')
e637e865a6d54dfba90791586165d188,gdda_is_gdd10_18_20260814232820_e637e8,GDD10_18,GDD10_18,pb_ema_pair,(2)軽微なコード変更,IS,GOLD2,,,,UNVERIFIED,UNVERIFIED_EA_INPUT,EA_IMPLEMENTATION_MISSING,family has no verified SIMVERIFY activation: pb_ema_pair,,,,,,,,,,,,,,,,,"{""GoldLabPBFastEMA"":25,""GoldLabPBSlowEMA"":75}",,,2026-08-14T14:28:20+00:00,2026-08-14T14:28:20+00:00,0.001,NotImplementedError('family has no verified SIMVERIFY activation: pb_ema_pair')
98a9e5ccad41499184d94e7fc98ec05f,gdda_is_gdd10_19_20260814232820_98a9e5,GDD10_19,GDD10_19,pb_ema_pair,(2)軽微なコード変更,IS,GOLD2,,,,UNVERIFIED,UNVERIFIED_EA_INPUT,EA_IMPLEMENTATION_MISSING,family has no verified SIMVERIFY activation: pb_ema_pair,,,,,,,,,,,,,,,,,"{""GoldLabPBFastEMA"":30,""GoldLabPBSlowEMA"":75}",,,2026-08-14T14:28:20+00:00,2026-08-14T14:28:20+00:00,0.001,NotImplementedError('family has no verified SIMVERIFY activation: pb_ema_pair')
a6c508236f0548f2ad50d054f9bd0d9a,gdda_is_gdd10_20_20260814232820_a6c508,GDD10_20,GDD10_20,pb_ema_pair,(2)軽微なコード変更,IS,GOLD2,,,,UNVERIFIED,UNVERIFIED_EA_INPUT,EA_IMPLEMENTATION_MISSING,family has no verified SIMVERIFY activation: pb_ema_pair,,,,,,,,,,,,,,,,,"{""GoldLabPBFastEMA"":30,""GoldLabPBSlowEMA"":100}",,,2026-08-14T14:28:20+00:00,2026-08-14T14:28:20+00:00,0.001,NotImplementedError('family has no verified SIMVERIFY activation: pb_ema_pair')
25fd429b9f2648bfb66b19dbf4e35977,gdda_is_gdd11_01_20260814232820_25fd42,GDD11_01,GDD11_01,pb_trend_ma,(2)軽微なコード変更,IS,GOLD2,,,,UNVERIFIED,UNVERIFIED_EA_INPUT,EA_IMPLEMENTATION_MISSING,family has no verified SIMVERIFY activation: pb_trend_ma,,,,,,,,,,,,,,,,,"{""GoldLabPBTrendMA"":50}",,,2026-08-14T14:28:20+00:00,2026-08-14T14:28:20+00:00,0.001,NotImplementedError('family has no verified SIMVERIFY activation: pb_trend_ma')
28f8ab66bb3d4e849bc4e37df8665a57,gdda_is_gdd11_02_20260814232820_28f8ab,GDD11_02,GDD11_02,pb_trend_ma,(2)軽微なコード変更,IS,GOLD2,,,,UNVERIFIED,UNVERIFIED_EA_INPUT,EA_IMPLEMENTATION_MISSING,family has no verified SIMVERIFY activation: pb_trend_ma,,,,,,,,,,,,,,,,,"{""GoldLabPBTrendMA"":75}",,,2026-08-14T14:28:20+00:00,2026-08-14T14:28:20+00:00,0.001,NotImplementedError('family has no verified SIMVERIFY activation: pb_trend_ma')
2478faa7f66b458cac21a47e41f2490e,gdda_is_gdd11_03_20260814232820_2478fa,GDD11_03,GDD11_03,pb_trend_ma,(2)軽微なコード変更,IS,GOLD2,,,,UNVERIFIED,UNVERIFIED_EA_INPUT,EA_IMPLEMENTATION_MISSING,family has no verified SIMVERIFY activation: pb_trend_ma,,,,,,,,,,,,,,,,,"{""GoldLabPBTrendMA"":100}",,,2026-08-14T14:28:20+00:00,2026-08-14T14:28:20+00:00,0.001,NotImplementedError('family has no verified SIMVERIFY activation: pb_trend_ma')
30d6b2906515425599825a6b08c8f62a,gdda_is_gdd11_04_20260814232820_30d6b2,GDD11_04,GDD11_04,pb_trend_ma,(2)軽微なコード変更,IS,GOLD2,,,,UNVERIFIED,UNVERIFIED_EA_INPUT,EA_IMPLEMENTATION_MISSING,family has no verified SIMVERIFY activation: pb_trend_ma,,,,,,,,,,,,,,,,,"{""GoldLabPBTrendMA"":125}",,,2026-08-14T14:28:20+00:00,2026-08-14T14:28:20+00:00,0.001,NotImplementedError('family has no verified SIMVERIFY activation: pb_trend_ma')
e1dc2fb952f24bb0b1a6dade8349dce2,gdda_is_gdd11_05_20260814232820_e1dc2f,GDD11_05,GDD11_05,pb_trend_ma,(2)軽微なコード変更,IS,GOLD2,,,,UNVERIFIED,UNVERIFIED_EA_INPUT,EA_IMPLEMENTATION_MISSING,family has no verified SIMVERIFY activation: pb_trend_ma,,,,,,,,,,,,,,,,,"{""GoldLabPBTrendMA"":150}",,,2026-08-14T14:28:20+00:00,2026-08-14T14:28:20+00:00,0.001,NotImplementedError('family has no verified SIMVERIFY activation: pb_trend_ma')
0b65d92fae3e437ba571ddc5ff609916,gdda_is_gdd11_06_20260814232820_0b65d9,GDD11_06,GDD11_06,pb_trend_ma,(2)軽微なコード変更,IS,GOLD2,,,,UNVERIFIED,UNVERIFIED_EA_INPUT,EA_IMPLEMENTATION_MISSING,family has no verified SIMVERIFY activation: pb_trend_ma,,,,,,,,,,,,,,,,,"{""GoldLabPBTrendMA"":175}",,,2026-08-14T14:28:20+00:00,2026-08-14T14:28:20+00:00,0.001,NotImplementedError('family has no verified SIMVERIFY activation: pb_trend_ma')
3920322e9bd84359bf774fac0e9de41e,gdda_is_gdd11_07_20260814232820_392032,GDD11_07,GDD11_07,pb_trend_ma,(2)軽微なコード変更,IS,GOLD2,,,,UNVERIFIED,UNVERIFIED_EA_INPUT,EA_IMPLEMENTATION_MISSING,family has no verified SIMVERIFY activation: pb_trend_ma,,,,,,,,,,,,,,,,,"{""GoldLabPBTrendMA"":200}",,,2026-08-14T14:28:20+00:00,2026-08-14T14:28:20+00:00,0.001,NotImplementedError('family has no verified SIMVERIFY activation: pb_trend_ma')
8a1b462e37af4ef5b3f7e0d9f58c7591,gdda_is_gdd11_08_20260814232820_8a1b46,GDD11_08,GDD11_08,pb_trend_ma,(2)軽微なコード変更,IS,GOLD2,,,,UNVERIFIED,UNVERIFIED_EA_INPUT,EA_IMPLEMENTATION_MISSING,family has no verified SIMVERIFY activation: pb_trend_ma,,,,,,,,,,,,,,,,,"{""GoldLabPBTrendMA"":225}",,,2026-08-14T14:28:20+00:00,2026-08-14T14:28:20+00:00,0.001,NotImplementedError('family has no verified SIMVERIFY activation: pb_trend_ma')
65ff811878964208bd1d64d42dfa72ae,gdda_is_gdd11_09_20260814232820_65ff81,GDD11_09,GDD11_09,pb_trend_ma,(2)軽微なコード変更,IS,GOLD2,,,,UNVERIFIED,UNVERIFIED_EA_INPUT,EA_IMPLEMENTATION_MISSING,family has no verified SIMVERIFY activation: pb_trend_ma,,,,,,,,,,,,,,,,,"{""GoldLabPBTrendMA"":250}",,,2026-08-14T14:28:20+00:00,2026-08-14T14:28:20+00:00,0.001,NotImplementedError('family has no verified SIMVERIFY activation: pb_trend_ma')
64b4a1d790d240f09795a75972e73e25,gdda_is_gdd11_10_20260814232820_64b4a1,GDD11_10,GDD11_10,pb_trend_ma,(2)軽微なコード変更,IS,GOLD2,,,,UNVERIFIED,UNVERIFIED_EA_INPUT,EA_IMPLEMENTATION_MISSING,family has no verified SIMVERIFY activation: pb_trend_ma,,,,,,,,,,,,,,,,,"{""GoldLabPBTrendMA"":275}",,,2026-08-14T14:28:20+00:00,2026-08-14T14:28:20+00:00,0.001,NotImplementedError('family has no verified SIMVERIFY activation: pb_trend_ma')
a3c2f40d13a04fccaea387b4940f2243,gdda_is_gdd11_11_20260814232820_a3c2f4,GDD11_11,GDD11_11,pb_trend_ma,(2)軽微なコード変更,IS,GOLD2,,,,UNVERIFIED,UNVERIFIED_EA_INPUT,EA_IMPLEMENTATION_MISSING,family has no verified SIMVERIFY activation: pb_trend_ma,,,,,,,,,,,,,,,,,"{""GoldLabPBTrendMA"":300}",,,2026-08-14T14:28:20+00:00,2026-08-14T14:28:20+00:00,0.001,NotImplementedError('family has no verified SIMVERIFY activation: pb_trend_ma')
213369e80148447fb7def8b504c2ce83,gdda_is_gdd11_12_20260814232821_213369,GDD11_12,GDD11_12,pb_trend_ma,(2)軽微なコード変更,IS,GOLD2,,,,UNVERIFIED,UNVERIFIED_EA_INPUT,EA_IMPLEMENTATION_MISSING,family has no verified SIMVERIFY activation: pb_trend_ma,,,,,,,,,,,,,,,,,"{""GoldLabPBTrendMA"":325}",,,2026-08-14T14:28:21+00:00,2026-08-14T14:28:21+00:00,0.001,NotImplementedError('family has no verified SIMVERIFY activation: pb_trend_ma')
200e9d16e4f54be8a0ae799ff133a2ad,gdda_is_gdd11_13_20260814232821_200e9d,GDD11_13,GDD11_13,pb_trend_ma,(2)軽微なコード変更,IS,GOLD2,,,,UNVERIFIED,UNVERIFIED_EA_INPUT,EA_IMPLEMENTATION_MISSING,family has no verified SIMVERIFY activation: pb_trend_ma,,,,,,,,,,,,,,,,,"{""GoldLabPBTrendMA"":350}",,,2026-08-14T14:28:21+00:00,2026-08-14T14:28:21+00:00,0.001,NotImplementedError('family has no verified SIMVERIFY activation: pb_trend_ma')
2d52cd7a2e5a43608df225c1d8c3f0a2,gdda_is_gdd11_14_20260814232821_2d52cd,GDD11_14,GDD11_14,pb_trend_ma,(2)軽微なコード変更,IS,GOLD2,,,,UNVERIFIED,UNVERIFIED_EA_INPUT,EA_IMPLEMENTATION_MISSING,family has no verified SIMVERIFY activation: pb_trend_ma,,,,,,,,,,,,,,,,,"{""GoldLabPBTrendMA"":375}",,,2026-08-14T14:28:21+00:00,2026-08-14T14:28:21+00:00,0.001,NotImplementedError('family has no verified SIMVERIFY activation: pb_trend_ma')
2152529947ab4953b1bf6879ce9223c6,gdda_is_gdd11_15_20260814232821_215252,GDD11_15,GDD11_15,pb_trend_ma,(2)軽微なコード変更,IS,GOLD2,,,,UNVERIFIED,UNVERIFIED_EA_INPUT,EA_IMPLEMENTATION_MISSING,family has no verified SIMVERIFY activation: pb_trend_ma,,,,,,,,,,,,,,,,,"{""GoldLabPBTrendMA"":400}",,,2026-08-14T14:28:21+00:00,2026-08-14T14:28:21+00:00,0.001,NotImplementedError('family has no verified SIMVERIFY activation: pb_trend_ma')
173e87bb9512407ebc49e327b972921d,gdda_is_gdd11_16_20260814232821_173e87,GDD11_16,GDD11_16,pb_trend_ma,(2)軽微なコード変更,IS,GOLD2,,,,UNVERIFIED,UNVERIFIED_EA_INPUT,EA_IMPLEMENTATION_MISSING,family has no verified SIMVERIFY activation: pb_trend_ma,,,,,,,,,,,,,,,,,"{""GoldLabPBTrendMA"":425}",,,2026-08-14T14:28:21+00:00,2026-08-14T14:28:21+00:00,0.001,NotImplementedError('family has no verified SIMVERIFY activation: pb_trend_ma')
9daf81909b2840c58b3c77b5d2d32fa0,gdda_is_gdd11_17_20260814232821_9daf81,GDD11_17,GDD11_17,pb_trend_ma,(2)軽微なコード変更,IS,GOLD2,,,,UNVERIFIED,UNVERIFIED_EA_INPUT,EA_IMPLEMENTATION_MISSING,family has no verified SIMVERIFY activation: pb_trend_ma,,,,,,,,,,,,,,,,,"{""GoldLabPBTrendMA"":450}",,,2026-08-14T14:28:21+00:00,2026-08-14T14:28:21+00:00,0.001,NotImplementedError('family has no verified SIMVERIFY activation: pb_trend_ma')
0f75118a59354a3aa6a35d1fe2a24e4c,gdda_is_gdd11_18_20260814232821_0f7511,GDD11_18,GDD11_18,pb_trend_ma,(2)軽微なコード変更,IS,GOLD2,,,,UNVERIFIED,UNVERIFIED_EA_INPUT,EA_IMPLEMENTATION_MISSING,family has no verified SIMVERIFY activation: pb_trend_ma,,,,,,,,,,,,,,,,,"{""GoldLabPBTrendMA"":475}",,,2026-08-14T14:28:21+00:00,2026-08-14T14:28:21+00:00,0.001,NotImplementedError('family has no verified SIMVERIFY activation: pb_trend_ma')
2e2c4138cf894fc8a0d42123f3a47479,gdda_is_gdd11_19_20260814232821_2e2c41,GDD11_19,GDD11_19,pb_trend_ma,(2)軽微なコード変更,IS,GOLD2,,,,UNVERIFIED,UNVERIFIED_EA_INPUT,EA_IMPLEMENTATION_MISSING,family has no verified SIMVERIFY activation: pb_trend_ma,,,,,,,,,,,,,,,,,"{""GoldLabPBTrendMA"":500}",,,2026-08-14T14:28:21+00:00,2026-08-14T14:28:21+00:00,0.001,NotImplementedError('family has no verified SIMVERIFY activation: pb_trend_ma')
d20d0e0857874cb0a08653f5937abfaa,gdda_is_gdd11_20_20260814232821_d20d0e,GDD11_20,GDD11_20,pb_trend_ma,(2)軽微なコード変更,IS,GOLD2,,,,UNVERIFIED,UNVERIFIED_EA_INPUT,EA_IMPLEMENTATION_MISSING,family has no verified SIMVERIFY activation: pb_trend_ma,,,,,,,,,,,,,,,,,"{""GoldLabPBTrendMA"":525}",,,2026-08-14T14:28:21+00:00,2026-08-14T14:28:21+00:00,0.001,NotImplementedError('family has no verified SIMVERIFY activation: pb_trend_ma')
366e57ee798f4082bb38529bf67557bb,gdda_is_gdd12_01_20260814232821_366e57,GDD12_01,GDD12_01,pb_adx_period,(2)軽微なコード変更,IS,GOLD2,,,,UNVERIFIED,UNVERIFIED_EA_INPUT,EA_IMPLEMENTATION_MISSING,family has no verified SIMVERIFY activation: pb_adx_period,,,,,,,,,,,,,,,,,"{""GoldLabPBADXPeriod"":5}",,,2026-08-14T14:28:21+00:00,2026-08-14T14:28:21+00:00,0.001,NotImplementedError('family has no verified SIMVERIFY activation: pb_adx_period')
66e56442c6f848f59e9149cd139beb97,gdda_is_gdd12_02_20260814232821_66e564,GDD12_02,GDD12_02,pb_adx_period,(2)軽微なコード変更,IS,GOLD2,,,,UNVERIFIED,UNVERIFIED_EA_INPUT,EA_IMPLEMENTATION_MISSING,family has no verified SIMVERIFY activation: pb_adx_period,,,,,,,,,,,,,,,,,"{""GoldLabPBADXPeriod"":6}",,,2026-08-14T14:28:21+00:00,2026-08-14T14:28:21+00:00,0.001,NotImplementedError('family has no verified SIMVERIFY activation: pb_adx_period')
14dfca4821e94d6f83636fd6f1bdb490,gdda_is_gdd12_03_20260814232821_14dfca,GDD12_03,GDD12_03,pb_adx_period,(2)軽微なコード変更,IS,GOLD2,,,,UNVERIFIED,UNVERIFIED_EA_INPUT,EA_IMPLEMENTATION_MISSING,family has no verified SIMVERIFY activation: pb_adx_period,,,,,,,,,,,,,,,,,"{""GoldLabPBADXPeriod"":7}",,,2026-08-14T14:28:21+00:00,2026-08-14T14:28:21+00:00,0.001,NotImplementedError('family has no verified SIMVERIFY activation: pb_adx_period')
c6a24e6543e146a6b63cc04ffee75582,gdda_is_gdd12_04_20260814232821_c6a24e,GDD12_04,GDD12_04,pb_adx_period,(2)軽微なコード変更,IS,GOLD2,,,,UNVERIFIED,UNVERIFIED_EA_INPUT,EA_IMPLEMENTATION_MISSING,family has no verified SIMVERIFY activation: pb_adx_period,,,,,,,,,,,,,,,,,"{""GoldLabPBADXPeriod"":8}",,,2026-08-14T14:28:21+00:00,2026-08-14T14:28:21+00:00,0.001,NotImplementedError('family has no verified SIMVERIFY activation: pb_adx_period')
e05859c3a9ab4e4bad7fc057800b40d4,gdda_is_gdd12_05_20260814232821_e05859,GDD12_05,GDD12_05,pb_adx_period,(2)軽微なコード変更,IS,GOLD2,,,,UNVERIFIED,UNVERIFIED_EA_INPUT,EA_IMPLEMENTATION_MISSING,family has no verified SIMVERIFY activation: pb_adx_period,,,,,,,,,,,,,,,,,"{""GoldLabPBADXPeriod"":9}",,,2026-08-14T14:28:21+00:00,2026-08-14T14:28:21+00:00,0.001,NotImplementedError('family has no verified SIMVERIFY activation: pb_adx_period')
e0326d1965fe46da8c7def951eea7cdd,gdda_is_gdd12_06_20260814232821_e0326d,GDD12_06,GDD12_06,pb_adx_period,(2)軽微なコード変更,IS,GOLD2,,,,UNVERIFIED,UNVERIFIED_EA_INPUT,EA_IMPLEMENTATION_MISSING,family has no verified SIMVERIFY activation: pb_adx_period,,,,,,,,,,,,,,,,,"{""GoldLabPBADXPeriod"":10}",,,2026-08-14T14:28:21+00:00,2026-08-14T14:28:21+00:00,0.001,NotImplementedError('family has no verified SIMVERIFY activation: pb_adx_period')
13a27fe3395b49229b5d687ca807dd26,gdda_is_gdd12_07_20260814232821_13a27f,GDD12_07,GDD12_07,pb_adx_period,(2)軽微なコード変更,IS,GOLD2,,,,UNVERIFIED,UNVERIFIED_EA_INPUT,EA_IMPLEMENTATION_MISSING,family has no verified SIMVERIFY activation: pb_adx_period,,,,,,,,,,,,,,,,,"{""GoldLabPBADXPeriod"":11}",,,2026-08-14T14:28:21+00:00,2026-08-14T14:28:21+00:00,0.001,NotImplementedError('family has no verified SIMVERIFY activation: pb_adx_period')
18cdc7e88ba44dffb7ce773fe3b349ba,gdda_is_gdd12_08_20260814232821_18cdc7,GDD12_08,GDD12_08,pb_adx_period,(2)軽微なコード変更,IS,GOLD2,,,,UNVERIFIED,UNVERIFIED_EA_INPUT,EA_IMPLEMENTATION_MISSING,family has no verified SIMVERIFY activation: pb_adx_period,,,,,,,,,,,,,,,,,"{""GoldLabPBADXPeriod"":12}",,,2026-08-14T14:28:21+00:00,2026-08-14T14:28:21+00:00,0.001,NotImplementedError('family has no verified SIMVERIFY activation: pb_adx_period')
2142f31ffb844c8ba6d0efd24f2eb7d6,gdda_is_gdd12_09_20260814232821_2142f3,GDD12_09,GDD12_09,pb_adx_period,(2)軽微なコード変更,IS,GOLD2,,,,UNVERIFIED,UNVERIFIED_EA_INPUT,EA_IMPLEMENTATION_MISSING,family has no verified SIMVERIFY activation: pb_adx_period,,,,,,,,,,,,,,,,,"{""GoldLabPBADXPeriod"":13}",,,2026-08-14T14:28:21+00:00,2026-08-14T14:28:21+00:00,0.001,NotImplementedError('family has no verified SIMVERIFY activation: pb_adx_period')
e4c2ffa622ce4572933a96dd54936bbf,gdda_is_gdd12_10_20260814232821_e4c2ff,GDD12_10,GDD12_10,pb_adx_period,(2)軽微なコード変更,IS,GOLD2,,,,UNVERIFIED,UNVERIFIED_EA_INPUT,EA_IMPLEMENTATION_MISSING,family has no verified SIMVERIFY activation: pb_adx_period,,,,,,,,,,,,,,,,,"{""GoldLabPBADXPeriod"":14}",,,2026-08-14T14:28:21+00:00,2026-08-14T14:28:21+00:00,0.001,NotImplementedError('family has no verified SIMVERIFY activation: pb_adx_period')
0ffb2a6a1c5e483e86ce1903f580c7c4,gdda_is_gdd12_11_20260814232821_0ffb2a,GDD12_11,GDD12_11,pb_adx_period,(2)軽微なコード変更,IS,GOLD2,,,,UNVERIFIED,UNVERIFIED_EA_INPUT,EA_IMPLEMENTATION_MISSING,family has no verified SIMVERIFY activation: pb_adx_period,,,,,,,,,,,,,,,,,"{""GoldLabPBADXPeriod"":15}",,,2026-08-14T14:28:21+00:00,2026-08-14T14:28:21+00:00,0.001,NotImplementedError('family has no verified SIMVERIFY activation: pb_adx_period')
20b85851fbf742dd9eb8ce90307d9898,gdda_is_gdd12_12_20260814232821_20b858,GDD12_12,GDD12_12,pb_adx_period,(2)軽微なコード変更,IS,GOLD2,,,,UNVERIFIED,UNVERIFIED_EA_INPUT,EA_IMPLEMENTATION_MISSING,family has no verified SIMVERIFY activation: pb_adx_period,,,,,,,,,,,,,,,,,"{""GoldLabPBADXPeriod"":16}",,,2026-08-14T14:28:21+00:00,2026-08-14T14:28:21+00:00,0.001,NotImplementedError('family has no verified SIMVERIFY activation: pb_adx_period')
49054d9511734ff1baca4b4d10edc515,gdda_is_gdd12_13_20260814232821_49054d,GDD12_13,GDD12_13,pb_adx_period,(2)軽微なコード変更,IS,GOLD2,,,,UNVERIFIED,UNVERIFIED_EA_INPUT,EA_IMPLEMENTATION_MISSING,family has no verified SIMVERIFY activation: pb_adx_period,,,,,,,,,,,,,,,,,"{""GoldLabPBADXPeriod"":17}",,,2026-08-14T14:28:21+00:00,2026-08-14T14:28:21+00:00,0.001,NotImplementedError('family has no verified SIMVERIFY activation: pb_adx_period')
6ef62df718534435b504511e2039d823,gdda_is_gdd12_14_20260814232821_6ef62d,GDD12_14,GDD12_14,pb_adx_period,(2)軽微なコード変更,IS,GOLD2,,,,UNVERIFIED,UNVERIFIED_EA_INPUT,EA_IMPLEMENTATION_MISSING,family has no verified SIMVERIFY activation: pb_adx_period,,,,,,,,,,,,,,,,,"{""GoldLabPBADXPeriod"":18}",,,2026-08-14T14:28:21+00:00,2026-08-14T14:28:21+00:00,0.001,NotImplementedError('family has no verified SIMVERIFY activation: pb_adx_period')
f15851d0d0fb4372b3eca9a4ac337733,gdda_is_gdd12_15_20260814232821_f15851,GDD12_15,GDD12_15,pb_adx_period,(2)軽微なコード変更,IS,GOLD2,,,,UNVERIFIED,UNVERIFIED_EA_INPUT,EA_IMPLEMENTATION_MISSING,family has no verified SIMVERIFY activation: pb_adx_period,,,,,,,,,,,,,,,,,"{""GoldLabPBADXPeriod"":19}",,,2026-08-14T14:28:21+00:00,2026-08-14T14:28:21+00:00,0.001,NotImplementedError('family has no verified SIMVERIFY activation: pb_adx_period')
29db5572b5c14118a0b3b09acd53a486,gdda_is_gdd12_16_20260814232821_29db55,GDD12_16,GDD12_16,pb_adx_period,(2)軽微なコード変更,IS,GOLD2,,,,UNVERIFIED,UNVERIFIED_EA_INPUT,EA_IMPLEMENTATION_MISSING,family has no verified SIMVERIFY activation: pb_adx_period,,,,,,,,,,,,,,,,,"{""GoldLabPBADXPeriod"":20}",,,2026-08-14T14:28:21+00:00,2026-08-14T14:28:21+00:00,0.001,NotImplementedError('family has no verified SIMVERIFY activation: pb_adx_period')
ea3c4328ce27411abbb833ad1b854ffc,gdda_is_gdd12_17_20260814232821_ea3c43,GDD12_17,GDD12_17,pb_adx_period,(2)軽微なコード変更,IS,GOLD2,,,,UNVERIFIED,UNVERIFIED_EA_INPUT,EA_IMPLEMENTATION_MISSING,family has no verified SIMVERIFY activation: pb_adx_period,,,,,,,,,,,,,,,,,"{""GoldLabPBADXPeriod"":21}",,,2026-08-14T14:28:21+00:00,2026-08-14T14:28:21+00:00,0.001,NotImplementedError('family has no verified SIMVERIFY activation: pb_adx_period')
373b495ddf7e4ccd9e71469521a8ef6e,gdda_is_gdd12_18_20260814232821_373b49,GDD12_18,GDD12_18,pb_adx_period,(2)軽微なコード変更,IS,GOLD2,,,,UNVERIFIED,UNVERIFIED_EA_INPUT,EA_IMPLEMENTATION_MISSING,family has no verified SIMVERIFY activation: pb_adx_period,,,,,,,,,,,,,,,,,"{""GoldLabPBADXPeriod"":22}",,,2026-08-14T14:28:21+00:00,2026-08-14T14:28:21+00:00,0.001,NotImplementedError('family has no verified SIMVERIFY activation: pb_adx_period')
977a958492a24cd78154027b6a4fc17b,gdda_is_gdd12_19_20260814232821_977a95,GDD12_19,GDD12_19,pb_adx_period,(2)軽微なコード変更,IS,GOLD2,,,,UNVERIFIED,UNVERIFIED_EA_INPUT,EA_IMPLEMENTATION_MISSING,family has no verified SIMVERIFY activation: pb_adx_period,,,,,,,,,,,,,,,,,"{""GoldLabPBADXPeriod"":23}",,,2026-08-14T14:28:21+00:00,2026-08-14T14:28:21+00:00,0.001,NotImplementedError('family has no verified SIMVERIFY activation: pb_adx_period')
1087e4cf2309497d99563f09098194b2,gdda_is_gdd12_20_20260814232821_1087e4,GDD12_20,GDD12_20,pb_adx_period,(2)軽微なコード変更,IS,GOLD2,,,,UNVERIFIED,UNVERIFIED_EA_INPUT,EA_IMPLEMENTATION_MISSING,family has no verified SIMVERIFY activation: pb_adx_period,,,,,,,,,,,,,,,,,"{""GoldLabPBADXPeriod"":24}",,,2026-08-14T14:28:21+00:00,2026-08-14T14:28:21+00:00,0.001,NotImplementedError('family has no verified SIMVERIFY activation: pb_adx_period')
e913763227ce4b74b871ebfe060a29ca,gdda_is_gdd13_01_20260814232821_e91376,GDD13_01,GDD13_01,pb_candle_body,(2)軽微なコード変更,IS,GOLD2,,,,UNVERIFIED,UNVERIFIED_EA_INPUT,EA_IMPLEMENTATION_MISSING,family has no verified SIMVERIFY activation: pb_candle_body,,,,,,,,,,,,,,,,,"{""GoldLabPBCandleBodyMin"":0.05}",,,2026-08-14T14:28:21+00:00,2026-08-14T14:28:21+00:00,0.001,NotImplementedError('family has no verified SIMVERIFY activation: pb_candle_body')
c64ca5dd235c42fc83ff26e08a3d9a4d,gdda_is_gdd13_02_20260814232821_c64ca5,GDD13_02,GDD13_02,pb_candle_body,(2)軽微なコード変更,IS,GOLD2,,,,UNVERIFIED,UNVERIFIED_EA_INPUT,EA_IMPLEMENTATION_MISSING,family has no verified SIMVERIFY activation: pb_candle_body,,,,,,,,,,,,,,,,,"{""GoldLabPBCandleBodyMin"":0.1}",,,2026-08-14T14:28:21+00:00,2026-08-14T14:28:21+00:00,0.001,NotImplementedError('family has no verified SIMVERIFY activation: pb_candle_body')
1bb633cbe29847ff8001f259465bdb45,gdda_is_gdd13_03_20260814232821_1bb633,GDD13_03,GDD13_03,pb_candle_body,(2)軽微なコード変更,IS,GOLD2,,,,UNVERIFIED,UNVERIFIED_EA_INPUT,EA_IMPLEMENTATION_MISSING,family has no verified SIMVERIFY activation: pb_candle_body,,,,,,,,,,,,,,,,,"{""GoldLabPBCandleBodyMin"":0.15}",,,2026-08-14T14:28:21+00:00,2026-08-14T14:28:21+00:00,0.001,NotImplementedError('family has no verified SIMVERIFY activation: pb_candle_body')
546b4dc9255348169f1629fc40557003,gdda_is_gdd13_04_20260814232821_546b4d,GDD13_04,GDD13_04,pb_candle_body,(2)軽微なコード変更,IS,GOLD2,,,,UNVERIFIED,UNVERIFIED_EA_INPUT,EA_IMPLEMENTATION_MISSING,family has no verified SIMVERIFY activation: pb_candle_body,,,,,,,,,,,,,,,,,"{""GoldLabPBCandleBodyMin"":0.2}",,,2026-08-14T14:28:21+00:00,2026-08-14T14:28:21+00:00,0.001,NotImplementedError('family has no verified SIMVERIFY activation: pb_candle_body')
afb29d9ab0f74957b120ce3189a083af,gdda_is_gdd13_05_20260814232821_afb29d,GDD13_05,GDD13_05,pb_candle_body,(2)軽微なコード変更,IS,GOLD2,,,,UNVERIFIED,UNVERIFIED_EA_INPUT,EA_IMPLEMENTATION_MISSING,family has no verified SIMVERIFY activation: pb_candle_body,,,,,,,,,,,,,,,,,"{""GoldLabPBCandleBodyMin"":0.25}",,,2026-08-14T14:28:21+00:00,2026-08-14T14:28:21+00:00,0.001,NotImplementedError('family has no verified SIMVERIFY activation: pb_candle_body')
78fa7126f470415b9d01162d38427416,gdda_is_gdd13_06_20260814232821_78fa71,GDD13_06,GDD13_06,pb_candle_body,(2)軽微なコード変更,IS,GOLD2,,,,UNVERIFIED,UNVERIFIED_EA_INPUT,EA_IMPLEMENTATION_MISSING,family has no verified SIMVERIFY activation: pb_candle_body,,,,,,,,,,,,,,,,,"{""GoldLabPBCandleBodyMin"":0.3}",,,2026-08-14T14:28:21+00:00,2026-08-14T14:28:21+00:00,0.001,NotImplementedError('family has no verified SIMVERIFY activation: pb_candle_body')
51de6ab58956473d9badc5228d5d748f,gdda_is_gdd13_07_20260814232821_51de6a,GDD13_07,GDD13_07,pb_candle_body,(2)軽微なコード変更,IS,GOLD2,,,,UNVERIFIED,UNVERIFIED_EA_INPUT,EA_IMPLEMENTATION_MISSING,family has no verified SIMVERIFY activation: pb_candle_body,,,,,,,,,,,,,,,,,"{""GoldLabPBCandleBodyMin"":0.35}",,,2026-08-14T14:28:21+00:00,2026-08-14T14:28:21+00:00,0.001,NotImplementedError('family has no verified SIMVERIFY activation: pb_candle_body')
00829f9a79ae41b09cb5e3c195af3e66,gdda_is_gdd13_08_20260814232821_00829f,GDD13_08,GDD13_08,pb_candle_body,(2)軽微なコード変更,IS,GOLD2,,,,UNVERIFIED,UNVERIFIED_EA_INPUT,EA_IMPLEMENTATION_MISSING,family has no verified SIMVERIFY activation: pb_candle_body,,,,,,,,,,,,,,,,,"{""GoldLabPBCandleBodyMin"":0.4}",,,2026-08-14T14:28:21+00:00,2026-08-14T14:28:21+00:00,0.001,NotImplementedError('family has no verified SIMVERIFY activation: pb_candle_body')
c886449dbd1a461cac6d7153a451c08d,gdda_is_gdd13_09_20260814232821_c88644,GDD13_09,GDD13_09,pb_candle_body,(2)軽微なコード変更,IS,GOLD2,,,,UNVERIFIED,UNVERIFIED_EA_INPUT,EA_IMPLEMENTATION_MISSING,family has no verified SIMVERIFY activation: pb_candle_body,,,,,,,,,,,,,,,,,"{""GoldLabPBCandleBodyMin"":0.45}",,,2026-08-14T14:28:21+00:00,2026-08-14T14:28:21+00:00,0.001,NotImplementedError('family has no verified SIMVERIFY activation: pb_candle_body')
19dce0e39ba94cd0a8c0ba7c2775641d,gdda_is_gdd13_10_20260814232821_19dce0,GDD13_10,GDD13_10,pb_candle_body,(2)軽微なコード変更,IS,GOLD2,,,,UNVERIFIED,UNVERIFIED_EA_INPUT,EA_IMPLEMENTATION_MISSING,family has no verified SIMVERIFY activation: pb_candle_body,,,,,,,,,,,,,,,,,"{""GoldLabPBCandleBodyMin"":0.5}",,,2026-08-14T14:28:21+00:00,2026-08-14T14:28:21+00:00,0.001,NotImplementedError('family has no verified SIMVERIFY activation: pb_candle_body')
138210cef3b141c981bde1d5d7f96354,gdda_is_gdd13_11_20260814232821_138210,GDD13_11,GDD13_11,pb_candle_body,(2)軽微なコード変更,IS,GOLD2,,,,UNVERIFIED,UNVERIFIED_EA_INPUT,EA_IMPLEMENTATION_MISSING,family has no verified SIMVERIFY activation: pb_candle_body,,,,,,,,,,,,,,,,,"{""GoldLabPBCandleBodyMin"":0.55}",,,2026-08-14T14:28:21+00:00,2026-08-14T14:28:21+00:00,0.001,NotImplementedError('family has no verified SIMVERIFY activation: pb_candle_body')
ab19cc00fbce4c9fa57d9656dda83e07,gdda_is_gdd13_12_20260814232821_ab19cc,GDD13_12,GDD13_12,pb_candle_body,(2)軽微なコード変更,IS,GOLD2,,,,UNVERIFIED,UNVERIFIED_EA_INPUT,EA_IMPLEMENTATION_MISSING,family has no verified SIMVERIFY activation: pb_candle_body,,,,,,,,,,,,,,,,,"{""GoldLabPBCandleBodyMin"":0.6}",,,2026-08-14T14:28:21+00:00,2026-08-14T14:28:21+00:00,0.001,NotImplementedError('family has no verified SIMVERIFY activation: pb_candle_body')
be86d71f0cb7421687310f65ea946bc6,gdda_is_gdd13_13_20260814232821_be86d7,GDD13_13,GDD13_13,pb_candle_body,(2)軽微なコード変更,IS,GOLD2,,,,UNVERIFIED,UNVERIFIED_EA_INPUT,EA_IMPLEMENTATION_MISSING,family has no verified SIMVERIFY activation: pb_candle_body,,,,,,,,,,,,,,,,,"{""GoldLabPBCandleBodyMin"":0.65}",,,2026-08-14T14:28:21+00:00,2026-08-14T14:28:21+00:00,0.001,NotImplementedError('family has no verified SIMVERIFY activation: pb_candle_body')
0b82c15e0a58454d82295a90ee6f5715,gdda_is_gdd13_14_20260814232821_0b82c1,GDD13_14,GDD13_14,pb_candle_body,(2)軽微なコード変更,IS,GOLD2,,,,UNVERIFIED,UNVERIFIED_EA_INPUT,EA_IMPLEMENTATION_MISSING,family has no verified SIMVERIFY activation: pb_candle_body,,,,,,,,,,,,,,,,,"{""GoldLabPBCandleBodyMin"":0.7}",,,2026-08-14T14:28:21+00:00,2026-08-14T14:28:21+00:00,0.001,NotImplementedError('family has no verified SIMVERIFY activation: pb_candle_body')
17cef61c871d451e91415cdf7532786c,gdda_is_gdd13_15_20260814232821_17cef6,GDD13_15,GDD13_15,pb_candle_body,(2)軽微なコード変更,IS,GOLD2,,,,UNVERIFIED,UNVERIFIED_EA_INPUT,EA_IMPLEMENTATION_MISSING,family has no verified SIMVERIFY activation: pb_candle_body,,,,,,,,,,,,,,,,,"{""GoldLabPBCandleBodyMin"":0.75}",,,2026-08-14T14:28:21+00:00,2026-08-14T14:28:21+00:00,0.001,NotImplementedError('family has no verified SIMVERIFY activation: pb_candle_body')
544943d2972d4b818c0b21540bf04fd9,gdda_is_gdd13_16_20260814232821_544943,GDD13_16,GDD13_16,pb_candle_body,(2)軽微なコード変更,IS,GOLD2,,,,UNVERIFIED,UNVERIFIED_EA_INPUT,EA_IMPLEMENTATION_MISSING,family has no verified SIMVERIFY activation: pb_candle_body,,,,,,,,,,,,,,,,,"{""GoldLabPBCandleBodyMin"":0.8}",,,2026-08-14T14:28:21+00:00,2026-08-14T14:28:21+00:00,0.001,NotImplementedError('family has no verified SIMVERIFY activation: pb_candle_body')
70386827f85d442cb72a2f4109e6cb44,gdda_is_gdd13_17_20260814232821_703868,GDD13_17,GDD13_17,pb_candle_body,(2)軽微なコード変更,IS,GOLD2,,,,UNVERIFIED,UNVERIFIED_EA_INPUT,EA_IMPLEMENTATION_MISSING,family has no verified SIMVERIFY activation: pb_candle_body,,,,,,,,,,,,,,,,,"{""GoldLabPBCandleBodyMin"":0.85}",,,2026-08-14T14:28:21+00:00,2026-08-14T14:28:21+00:00,0.001,NotImplementedError('family has no verified SIMVERIFY activation: pb_candle_body')
d8aa11b6f4b649e296dfe67717117ac0,gdda_is_gdd13_18_20260814232821_d8aa11,GDD13_18,GDD13_18,pb_candle_body,(2)軽微なコード変更,IS,GOLD2,,,,UNVERIFIED,UNVERIFIED_EA_INPUT,EA_IMPLEMENTATION_MISSING,family has no verified SIMVERIFY activation: pb_candle_body,,,,,,,,,,,,,,,,,"{""GoldLabPBCandleBodyMin"":0.9}",,,2026-08-14T14:28:21+00:00,2026-08-14T14:28:21+00:00,0.001,NotImplementedError('family has no verified SIMVERIFY activation: pb_candle_body')
c8e69a8ef63241ac8e5c8ed72af81f77,gdda_is_gdd13_19_20260814232821_c8e69a,GDD13_19,GDD13_19,pb_candle_body,(2)軽微なコード変更,IS,GOLD2,,,,UNVERIFIED,UNVERIFIED_EA_INPUT,EA_IMPLEMENTATION_MISSING,family has no verified SIMVERIFY activation: pb_candle_body,,,,,,,,,,,,,,,,,"{""GoldLabPBCandleBodyMin"":0.95}",,,2026-08-14T14:28:21+00:00,2026-08-14T14:28:21+00:00,0.001,NotImplementedError('family has no verified SIMVERIFY activation: pb_candle_body')
dde91853a8a94c069bf6e401400d843c,gdda_is_gdd13_20_20260814232821_dde918,GDD13_20,GDD13_20,pb_candle_body,(2)軽微なコード変更,IS,GOLD2,,,,UNVERIFIED,UNVERIFIED_EA_INPUT,EA_IMPLEMENTATION_MISSING,family has no verified SIMVERIFY activation: pb_candle_body,,,,,,,,,,,,,,,,,"{""GoldLabPBCandleBodyMin"":1.0}",,,2026-08-14T14:28:21+00:00,2026-08-14T14:28:21+00:00,0.001,NotImplementedError('family has no verified SIMVERIFY activation: pb_candle_body')
eb5c5872dfa74a8eb71bb707d44c4785,gdda_is_gdd14_01_20260814232821_eb5c58,GDD14_01,GDD14_01,pb_close_location,(2)軽微なコード変更,IS,GOLD2,,,,UNVERIFIED,UNVERIFIED_EA_INPUT,EA_IMPLEMENTATION_MISSING,family has no verified SIMVERIFY activation: pb_close_location,,,,,,,,,,,,,,,,,"{""GoldLabPBCloseLocationMin"":0.05}",,,2026-08-14T14:28:21+00:00,2026-08-14T14:28:21+00:00,0.001,NotImplementedError('family has no verified SIMVERIFY activation: pb_close_location')
8aacdd3a608b4994bbe7671ceeed16a8,gdda_is_gdd14_02_20260814232821_8aacdd,GDD14_02,GDD14_02,pb_close_location,(2)軽微なコード変更,IS,GOLD2,,,,UNVERIFIED,UNVERIFIED_EA_INPUT,EA_IMPLEMENTATION_MISSING,family has no verified SIMVERIFY activation: pb_close_location,,,,,,,,,,,,,,,,,"{""GoldLabPBCloseLocationMin"":0.1}",,,2026-08-14T14:28:21+00:00,2026-08-14T14:28:21+00:00,0.001,NotImplementedError('family has no verified SIMVERIFY activation: pb_close_location')
eb822914bbb443ad9275607dccfda238,gdda_is_gdd14_03_20260814232821_eb8229,GDD14_03,GDD14_03,pb_close_location,(2)軽微なコード変更,IS,GOLD2,,,,UNVERIFIED,UNVERIFIED_EA_INPUT,EA_IMPLEMENTATION_MISSING,family has no verified SIMVERIFY activation: pb_close_location,,,,,,,,,,,,,,,,,"{""GoldLabPBCloseLocationMin"":0.15}",,,2026-08-14T14:28:21+00:00,2026-08-14T14:28:21+00:00,0.001,NotImplementedError('family has no verified SIMVERIFY activation: pb_close_location')
bd3a55cac80544868d94566a89860700,gdda_is_gdd14_04_20260814232821_bd3a55,GDD14_04,GDD14_04,pb_close_location,(2)軽微なコード変更,IS,GOLD2,,,,UNVERIFIED,UNVERIFIED_EA_INPUT,EA_IMPLEMENTATION_MISSING,family has no verified SIMVERIFY activation: pb_close_location,,,,,,,,,,,,,,,,,"{""GoldLabPBCloseLocationMin"":0.2}",,,2026-08-14T14:28:21+00:00,2026-08-14T14:28:21+00:00,0.001,NotImplementedError('family has no verified SIMVERIFY activation: pb_close_location')
0d28be16bf484dd0b41e0403f29eb146,gdda_is_gdd14_05_20260814232821_0d28be,GDD14_05,GDD14_05,pb_close_location,(2)軽微なコード変更,IS,GOLD2,,,,UNVERIFIED,UNVERIFIED_EA_INPUT,EA_IMPLEMENTATION_MISSING,family has no verified SIMVERIFY activation: pb_close_location,,,,,,,,,,,,,,,,,"{""GoldLabPBCloseLocationMin"":0.25}",,,2026-08-14T14:28:21+00:00,2026-08-14T14:28:21+00:00,0.001,NotImplementedError('family has no verified SIMVERIFY activation: pb_close_location')
aa521381d5f544c38c4e3e57e43fe81b,gdda_is_gdd14_06_20260814232821_aa5213,GDD14_06,GDD14_06,pb_close_location,(2)軽微なコード変更,IS,GOLD2,,,,UNVERIFIED,UNVERIFIED_EA_INPUT,EA_IMPLEMENTATION_MISSING,family has no verified SIMVERIFY activation: pb_close_location,,,,,,,,,,,,,,,,,"{""GoldLabPBCloseLocationMin"":0.3}",,,2026-08-14T14:28:21+00:00,2026-08-14T14:28:21+00:00,0.001,NotImplementedError('family has no verified SIMVERIFY activation: pb_close_location')
8a473d5d7312450b960d77ba9f4f5efc,gdda_is_gdd14_07_20260814232821_8a473d,GDD14_07,GDD14_07,pb_close_location,(2)軽微なコード変更,IS,GOLD2,,,,UNVERIFIED,UNVERIFIED_EA_INPUT,EA_IMPLEMENTATION_MISSING,family has no verified SIMVERIFY activation: pb_close_location,,,,,,,,,,,,,,,,,"{""GoldLabPBCloseLocationMin"":0.35}",,,2026-08-14T14:28:21+00:00,2026-08-14T14:28:21+00:00,0.001,NotImplementedError('family has no verified SIMVERIFY activation: pb_close_location')
f9d7e72965bc46919f3fd260ef7e5e27,gdda_is_gdd14_08_20260814232821_f9d7e7,GDD14_08,GDD14_08,pb_close_location,(2)軽微なコード変更,IS,GOLD2,,,,UNVERIFIED,UNVERIFIED_EA_INPUT,EA_IMPLEMENTATION_MISSING,family has no verified SIMVERIFY activation: pb_close_location,,,,,,,,,,,,,,,,,"{""GoldLabPBCloseLocationMin"":0.4}",,,2026-08-14T14:28:21+00:00,2026-08-14T14:28:21+00:00,0.001,NotImplementedError('family has no verified SIMVERIFY activation: pb_close_location')
44f8e07b283047c1b2228f666d73b632,gdda_is_gdd14_09_20260814232821_44f8e0,GDD14_09,GDD14_09,pb_close_location,(2)軽微なコード変更,IS,GOLD2,,,,UNVERIFIED,UNVERIFIED_EA_INPUT,EA_IMPLEMENTATION_MISSING,family has no verified SIMVERIFY activation: pb_close_location,,,,,,,,,,,,,,,,,"{""GoldLabPBCloseLocationMin"":0.45}",,,2026-08-14T14:28:21+00:00,2026-08-14T14:28:21+00:00,0.001,NotImplementedError('family has no verified SIMVERIFY activation: pb_close_location')
af3ccd0aa31d4e20895b8a0f3c8a0f56,gdda_is_gdd14_10_20260814232821_af3ccd,GDD14_10,GDD14_10,pb_close_location,(2)軽微なコード変更,IS,GOLD2,,,,UNVERIFIED,UNVERIFIED_EA_INPUT,EA_IMPLEMENTATION_MISSING,family has no verified SIMVERIFY activation: pb_close_location,,,,,,,,,,,,,,,,,"{""GoldLabPBCloseLocationMin"":0.5}",,,2026-08-14T14:28:21+00:00,2026-08-14T14:28:21+00:00,0.001,NotImplementedError('family has no verified SIMVERIFY activation: pb_close_location')
30056e30a31049db94f23d2bb2acf484,gdda_is_gdd14_11_20260814232821_30056e,GDD14_11,GDD14_11,pb_close_location,(2)軽微なコード変更,IS,GOLD2,,,,UNVERIFIED,UNVERIFIED_EA_INPUT,EA_IMPLEMENTATION_MISSING,family has no verified SIMVERIFY activation: pb_close_location,,,,,,,,,,,,,,,,,"{""GoldLabPBCloseLocationMin"":0.55}",,,2026-08-14T14:28:21+00:00,2026-08-14T14:28:21+00:00,0.001,NotImplementedError('family has no verified SIMVERIFY activation: pb_close_location')
2c4b9c71f43d4dbca3986ed4d0c30a13,gdda_is_gdd14_12_20260814232821_2c4b9c,GDD14_12,GDD14_12,pb_close_location,(2)軽微なコード変更,IS,GOLD2,,,,UNVERIFIED,UNVERIFIED_EA_INPUT,EA_IMPLEMENTATION_MISSING,family has no verified SIMVERIFY activation: pb_close_location,,,,,,,,,,,,,,,,,"{""GoldLabPBCloseLocationMin"":0.6}",,,2026-08-14T14:28:21+00:00,2026-08-14T14:28:21+00:00,0.001,NotImplementedError('family has no verified SIMVERIFY activation: pb_close_location')
356379d96249426b9b2a008cfc3bc84a,gdda_is_gdd14_13_20260814232821_356379,GDD14_13,GDD14_13,pb_close_location,(2)軽微なコード変更,IS,GOLD2,,,,UNVERIFIED,UNVERIFIED_EA_INPUT,EA_IMPLEMENTATION_MISSING,family has no verified SIMVERIFY activation: pb_close_location,,,,,,,,,,,,,,,,,"{""GoldLabPBCloseLocationMin"":0.65}",,,2026-08-14T14:28:21+00:00,2026-08-14T14:28:21+00:00,0.001,NotImplementedError('family has no verified SIMVERIFY activation: pb_close_location')
221e6364f279419080bd345c7c18b3e1,gdda_is_gdd14_14_20260814232821_221e63,GDD14_14,GDD14_14,pb_close_location,(2)軽微なコード変更,IS,GOLD2,,,,UNVERIFIED,UNVERIFIED_EA_INPUT,EA_IMPLEMENTATION_MISSING,family has no verified SIMVERIFY activation: pb_close_location,,,,,,,,,,,,,,,,,"{""GoldLabPBCloseLocationMin"":0.7}",,,2026-08-14T14:28:21+00:00,2026-08-14T14:28:21+00:00,0.001,NotImplementedError('family has no verified SIMVERIFY activation: pb_close_location')
3c0ef3ff2c544713b51b32d36174f1ae,gdda_is_gdd14_15_20260814232821_3c0ef3,GDD14_15,GDD14_15,pb_close_location,(2)軽微なコード変更,IS,GOLD2,,,,UNVERIFIED,UNVERIFIED_EA_INPUT,EA_IMPLEMENTATION_MISSING,family has no verified SIMVERIFY activation: pb_close_location,,,,,,,,,,,,,,,,,"{""GoldLabPBCloseLocationMin"":0.75}",,,2026-08-14T14:28:21+00:00,2026-08-14T14:28:21+00:00,0.001,NotImplementedError('family has no verified SIMVERIFY activation: pb_close_location')
5baf6b3527b44257b7f0cb81f3b00614,gdda_is_gdd14_16_20260814232821_5baf6b,GDD14_16,GDD14_16,pb_close_location,(2)軽微なコード変更,IS,GOLD2,,,,UNVERIFIED,UNVERIFIED_EA_INPUT,EA_IMPLEMENTATION_MISSING,family has no verified SIMVERIFY activation: pb_close_location,,,,,,,,,,,,,,,,,"{""GoldLabPBCloseLocationMin"":0.8}",,,2026-08-14T14:28:21+00:00,2026-08-14T14:28:21+00:00,0.001,NotImplementedError('family has no verified SIMVERIFY activation: pb_close_location')
ff20a9b8cdd54ccdb8c0fee6d0f57d07,gdda_is_gdd14_17_20260814232821_ff20a9,GDD14_17,GDD14_17,pb_close_location,(2)軽微なコード変更,IS,GOLD2,,,,UNVERIFIED,UNVERIFIED_EA_INPUT,EA_IMPLEMENTATION_MISSING,family has no verified SIMVERIFY activation: pb_close_location,,,,,,,,,,,,,,,,,"{""GoldLabPBCloseLocationMin"":0.85}",,,2026-08-14T14:28:21+00:00,2026-08-14T14:28:21+00:00,0.001,NotImplementedError('family has no verified SIMVERIFY activation: pb_close_location')
135bb2e430b040e2b64a2b33a590189b,gdda_is_gdd14_18_20260814232821_135bb2,GDD14_18,GDD14_18,pb_close_location,(2)軽微なコード変更,IS,GOLD2,,,,UNVERIFIED,UNVERIFIED_EA_INPUT,EA_IMPLEMENTATION_MISSING,family has no verified SIMVERIFY activation: pb_close_location,,,,,,,,,,,,,,,,,"{""GoldLabPBCloseLocationMin"":0.9}",,,2026-08-14T14:28:21+00:00,2026-08-14T14:28:21+00:00,0.001,NotImplementedError('family has no verified SIMVERIFY activation: pb_close_location')
08cc5fec1c7d4b1ba40cee6475a8cc1d,gdda_is_gdd14_19_20260814232821_08cc5f,GDD14_19,GDD14_19,pb_close_location,(2)軽微なコード変更,IS,GOLD2,,,,UNVERIFIED,UNVERIFIED_EA_INPUT,EA_IMPLEMENTATION_MISSING,family has no verified SIMVERIFY activation: pb_close_location,,,,,,,,,,,,,,,,,"{""GoldLabPBCloseLocationMin"":0.95}",,,2026-08-14T14:28:21+00:00,2026-08-14T14:28:21+00:00,0.001,NotImplementedError('family has no verified SIMVERIFY activation: pb_close_location')
229effe89a144b489230a0b301d87ba5,gdda_is_gdd14_20_20260814232821_229eff,GDD14_20,GDD14_20,pb_close_location,(2)軽微なコード変更,IS,GOLD2,,,,UNVERIFIED,UNVERIFIED_EA_INPUT,EA_IMPLEMENTATION_MISSING,family has no verified SIMVERIFY activation: pb_close_location,,,,,,,,,,,,,,,,,"{""GoldLabPBCloseLocationMin"":1.0}",,,2026-08-14T14:28:21+00:00,2026-08-14T14:28:21+00:00,0.001,NotImplementedError('family has no verified SIMVERIFY activation: pb_close_location')
0c1c76b2c0ad4997941660bcf54a5a83,gdda_is_gdd15_01_20260814232821_0c1c76,GDD15_01,GDD15_01,pb_pullback_depth,(2)軽微なコード変更,IS,GOLD2,,,,UNVERIFIED,UNVERIFIED_EA_INPUT,EA_IMPLEMENTATION_MISSING,family has no verified SIMVERIFY activation: pb_pullback_depth,,,,,,,,,,,,,,,,,"{""GoldLabPBPullbackDepthATR"":0.1}",,,2026-08-14T14:28:21+00:00,2026-08-14T14:28:21+00:00,0.001,NotImplementedError('family has no verified SIMVERIFY activation: pb_pullback_depth')
1fcfb558c48f453285df25537c8aaea9,gdda_is_gdd15_02_20260814232821_1fcfb5,GDD15_02,GDD15_02,pb_pullback_depth,(2)軽微なコード変更,IS,GOLD2,,,,UNVERIFIED,UNVERIFIED_EA_INPUT,EA_IMPLEMENTATION_MISSING,family has no verified SIMVERIFY activation: pb_pullback_depth,,,,,,,,,,,,,,,,,"{""GoldLabPBPullbackDepthATR"":0.2}",,,2026-08-14T14:28:21+00:00,2026-08-14T14:28:21+00:00,0.001,NotImplementedError('family has no verified SIMVERIFY activation: pb_pullback_depth')
a4ee31690d0c4f62ad2855180a319b77,gdda_is_gdd15_03_20260814232821_a4ee31,GDD15_03,GDD15_03,pb_pullback_depth,(2)軽微なコード変更,IS,GOLD2,,,,UNVERIFIED,UNVERIFIED_EA_INPUT,EA_IMPLEMENTATION_MISSING,family has no verified SIMVERIFY activation: pb_pullback_depth,,,,,,,,,,,,,,,,,"{""GoldLabPBPullbackDepthATR"":0.3}",,,2026-08-14T14:28:21+00:00,2026-08-14T14:28:21+00:00,0.001,NotImplementedError('family has no verified SIMVERIFY activation: pb_pullback_depth')
9e81d5cc0a904e7e913cdc9e686794ad,gdda_is_gdd15_04_20260814232821_9e81d5,GDD15_04,GDD15_04,pb_pullback_depth,(2)軽微なコード変更,IS,GOLD2,,,,UNVERIFIED,UNVERIFIED_EA_INPUT,EA_IMPLEMENTATION_MISSING,family has no verified SIMVERIFY activation: pb_pullback_depth,,,,,,,,,,,,,,,,,"{""GoldLabPBPullbackDepthATR"":0.4}",,,2026-08-14T14:28:21+00:00,2026-08-14T14:28:21+00:00,0.001,NotImplementedError('family has no verified SIMVERIFY activation: pb_pullback_depth')
8055d9d936f74d6db2ecc924bf635aba,gdda_is_gdd15_05_20260814232821_8055d9,GDD15_05,GDD15_05,pb_pullback_depth,(2)軽微なコード変更,IS,GOLD2,,,,UNVERIFIED,UNVERIFIED_EA_INPUT,EA_IMPLEMENTATION_MISSING,family has no verified SIMVERIFY activation: pb_pullback_depth,,,,,,,,,,,,,,,,,"{""GoldLabPBPullbackDepthATR"":0.5}",,,2026-08-14T14:28:21+00:00,2026-08-14T14:28:21+00:00,0.001,NotImplementedError('family has no verified SIMVERIFY activation: pb_pullback_depth')
dc9b5318856a44f7992eef7954462227,gdda_is_gdd15_06_20260814232821_dc9b53,GDD15_06,GDD15_06,pb_pullback_depth,(2)軽微なコード変更,IS,GOLD2,,,,UNVERIFIED,UNVERIFIED_EA_INPUT,EA_IMPLEMENTATION_MISSING,family has no verified SIMVERIFY activation: pb_pullback_depth,,,,,,,,,,,,,,,,,"{""GoldLabPBPullbackDepthATR"":0.6}",,,2026-08-14T14:28:21+00:00,2026-08-14T14:28:21+00:00,0.001,NotImplementedError('family has no verified SIMVERIFY activation: pb_pullback_depth')
7da4556731fd4475a81c76cca36a8383,gdda_is_gdd15_07_20260814232821_7da455,GDD15_07,GDD15_07,pb_pullback_depth,(2)軽微なコード変更,IS,GOLD2,,,,UNVERIFIED,UNVERIFIED_EA_INPUT,EA_IMPLEMENTATION_MISSING,family has no verified SIMVERIFY activation: pb_pullback_depth,,,,,,,,,,,,,,,,,"{""GoldLabPBPullbackDepthATR"":0.7}",,,2026-08-14T14:28:21+00:00,2026-08-14T14:28:21+00:00,0.001,NotImplementedError('family has no verified SIMVERIFY activation: pb_pullback_depth')
5f37827d4abc44c6af8e5245430464eb,gdda_is_gdd15_08_20260814232821_5f3782,GDD15_08,GDD15_08,pb_pullback_depth,(2)軽微なコード変更,IS,GOLD2,,,,UNVERIFIED,UNVERIFIED_EA_INPUT,EA_IMPLEMENTATION_MISSING,family has no verified SIMVERIFY activation: pb_pullback_depth,,,,,,,,,,,,,,,,,"{""GoldLabPBPullbackDepthATR"":0.8}",,,2026-08-14T14:28:21+00:00,2026-08-14T14:28:21+00:00,0.001,NotImplementedError('family has no verified SIMVERIFY activation: pb_pullback_depth')
d48b9889c1574e7dbea2fc53e4f7710c,gdda_is_gdd15_09_20260814232821_d48b98,GDD15_09,GDD15_09,pb_pullback_depth,(2)軽微なコード変更,IS,GOLD2,,,,UNVERIFIED,UNVERIFIED_EA_INPUT,EA_IMPLEMENTATION_MISSING,family has no verified SIMVERIFY activation: pb_pullback_depth,,,,,,,,,,,,,,,,,"{""GoldLabPBPullbackDepthATR"":0.9}",,,2026-08-14T14:28:21+00:00,2026-08-14T14:28:21+00:00,0.001,NotImplementedError('family has no verified SIMVERIFY activation: pb_pullback_depth')
8508cf12e3c8488489eee118bca2d1bc,gdda_is_gdd15_10_20260814232821_8508cf,GDD15_10,GDD15_10,pb_pullback_depth,(2)軽微なコード変更,IS,GOLD2,,,,UNVERIFIED,UNVERIFIED_EA_INPUT,EA_IMPLEMENTATION_MISSING,family has no verified SIMVERIFY activation: pb_pullback_depth,,,,,,,,,,,,,,,,,"{""GoldLabPBPullbackDepthATR"":1.0}",,,2026-08-14T14:28:21+00:00,2026-08-14T14:28:21+00:00,0.001,NotImplementedError('family has no verified SIMVERIFY activation: pb_pullback_depth')
7444d2418b0a4fcdb22088c5b0c71383,gdda_is_gdd15_11_20260814232821_7444d2,GDD15_11,GDD15_11,pb_pullback_depth,(2)軽微なコード変更,IS,GOLD2,,,,UNVERIFIED,UNVERIFIED_EA_INPUT,EA_IMPLEMENTATION_MISSING,family has no verified SIMVERIFY activation: pb_pullback_depth,,,,,,,,,,,,,,,,,"{""GoldLabPBPullbackDepthATR"":1.1}",,,2026-08-14T14:28:21+00:00,2026-08-14T14:28:21+00:00,0.001,NotImplementedError('family has no verified SIMVERIFY activation: pb_pullback_depth')
bad3af6f4e9c44ab822cd0e03de75051,gdda_is_gdd15_12_20260814232821_bad3af,GDD15_12,GDD15_12,pb_pullback_depth,(2)軽微なコード変更,IS,GOLD2,,,,UNVERIFIED,UNVERIFIED_EA_INPUT,EA_IMPLEMENTATION_MISSING,family has no verified SIMVERIFY activation: pb_pullback_depth,,,,,,,,,,,,,,,,,"{""GoldLabPBPullbackDepthATR"":1.2}",,,2026-08-14T14:28:21+00:00,2026-08-14T14:28:21+00:00,0.001,NotImplementedError('family has no verified SIMVERIFY activation: pb_pullback_depth')
475a21439d3b4fbd83770b3fb9d93497,gdda_is_gdd15_13_20260814232821_475a21,GDD15_13,GDD15_13,pb_pullback_depth,(2)軽微なコード変更,IS,GOLD2,,,,UNVERIFIED,UNVERIFIED_EA_INPUT,EA_IMPLEMENTATION_MISSING,family has no verified SIMVERIFY activation: pb_pullback_depth,,,,,,,,,,,,,,,,,"{""GoldLabPBPullbackDepthATR"":1.3}",,,2026-08-14T14:28:21+00:00,2026-08-14T14:28:21+00:00,0.001,NotImplementedError('family has no verified SIMVERIFY activation: pb_pullback_depth')
bc65d228e02f4c9c8d4cd2f110fc39d9,gdda_is_gdd15_14_20260814232821_bc65d2,GDD15_14,GDD15_14,pb_pullback_depth,(2)軽微なコード変更,IS,GOLD2,,,,UNVERIFIED,UNVERIFIED_EA_INPUT,EA_IMPLEMENTATION_MISSING,family has no verified SIMVERIFY activation: pb_pullback_depth,,,,,,,,,,,,,,,,,"{""GoldLabPBPullbackDepthATR"":1.4}",,,2026-08-14T14:28:21+00:00,2026-08-14T14:28:21+00:00,0.001,NotImplementedError('family has no verified SIMVERIFY activation: pb_pullback_depth')
2c18d682907f4cee999c12b110d249c5,gdda_is_gdd15_15_20260814232821_2c18d6,GDD15_15,GDD15_15,pb_pullback_depth,(2)軽微なコード変更,IS,GOLD2,,,,UNVERIFIED,UNVERIFIED_EA_INPUT,EA_IMPLEMENTATION_MISSING,family has no verified SIMVERIFY activation: pb_pullback_depth,,,,,,,,,,,,,,,,,"{""GoldLabPBPullbackDepthATR"":1.5}",,,2026-08-14T14:28:21+00:00,2026-08-14T14:28:21+00:00,0.001,NotImplementedError('family has no verified SIMVERIFY activation: pb_pullback_depth')
966e78dbe5834e659f245bd1c32b064c,gdda_is_gdd15_16_20260814232821_966e78,GDD15_16,GDD15_16,pb_pullback_depth,(2)軽微なコード変更,IS,GOLD2,,,,UNVERIFIED,UNVERIFIED_EA_INPUT,EA_IMPLEMENTATION_MISSING,family has no verified SIMVERIFY activation: pb_pullback_depth,,,,,,,,,,,,,,,,,"{""GoldLabPBPullbackDepthATR"":1.6}",,,2026-08-14T14:28:21+00:00,2026-08-14T14:28:21+00:00,0.001,NotImplementedError('family has no verified SIMVERIFY activation: pb_pullback_depth')
b77f6112382a42218c4dbeaad85ec1ec,gdda_is_gdd15_17_20260814232821_b77f61,GDD15_17,GDD15_17,pb_pullback_depth,(2)軽微なコード変更,IS,GOLD2,,,,UNVERIFIED,UNVERIFIED_EA_INPUT,EA_IMPLEMENTATION_MISSING,family has no verified SIMVERIFY activation: pb_pullback_depth,,,,,,,,,,,,,,,,,"{""GoldLabPBPullbackDepthATR"":1.7}",,,2026-08-14T14:28:21+00:00,2026-08-14T14:28:21+00:00,0.001,NotImplementedError('family has no verified SIMVERIFY activation: pb_pullback_depth')
9b951bd0bbb1448a89b17d174b4927a4,gdda_is_gdd15_18_20260814232821_9b951b,GDD15_18,GDD15_18,pb_pullback_depth,(2)軽微なコード変更,IS,GOLD2,,,,UNVERIFIED,UNVERIFIED_EA_INPUT,EA_IMPLEMENTATION_MISSING,family has no verified SIMVERIFY activation: pb_pullback_depth,,,,,,,,,,,,,,,,,"{""GoldLabPBPullbackDepthATR"":1.8}",,,2026-08-14T14:28:21+00:00,2026-08-14T14:28:21+00:00,0.001,NotImplementedError('family has no verified SIMVERIFY activation: pb_pullback_depth')
68da7ad82b114fa7ac11fdc90ef84847,gdda_is_gdd15_19_20260814232821_68da7a,GDD15_19,GDD15_19,pb_pullback_depth,(2)軽微なコード変更,IS,GOLD2,,,,UNVERIFIED,UNVERIFIED_EA_INPUT,EA_IMPLEMENTATION_MISSING,family has no verified SIMVERIFY activation: pb_pullback_depth,,,,,,,,,,,,,,,,,"{""GoldLabPBPullbackDepthATR"":1.9}",,,2026-08-14T14:28:21+00:00,2026-08-14T14:28:21+00:00,0.001,NotImplementedError('family has no verified SIMVERIFY activation: pb_pullback_depth')
d90745e4cf8243af8b854ccbd68ec0a0,gdda_is_gdd15_20_20260814232821_d90745,GDD15_20,GDD15_20,pb_pullback_depth,(2)軽微なコード変更,IS,GOLD2,,,,UNVERIFIED,UNVERIFIED_EA_INPUT,EA_IMPLEMENTATION_MISSING,family has no verified SIMVERIFY activation: pb_pullback_depth,,,,,,,,,,,,,,,,,"{""GoldLabPBPullbackDepthATR"":2.0}",,,2026-08-14T14:28:21+00:00,2026-08-14T14:28:21+00:00,0.001,NotImplementedError('family has no verified SIMVERIFY activation: pb_pullback_depth')
3db50b0c8da548d69e27f15d7f425194,gdda_is_gdd16_01_20260814232822_3db50b,GDD16_01,GDD16_01,pb_extension_cap,(2)軽微なコード変更,IS,GOLD2,,,,UNVERIFIED,UNVERIFIED_EA_INPUT,EA_IMPLEMENTATION_MISSING,family has no verified SIMVERIFY activation: pb_extension_cap,,,,,,,,,,,,,,,,,"{""GoldLabPBExtensionCapATR"":0.5}",,,2026-08-14T14:28:22+00:00,2026-08-14T14:28:22+00:00,0.001,NotImplementedError('family has no verified SIMVERIFY activation: pb_extension_cap')
af33ec67b9824b12a01c726fa1ce25e3,gdda_is_gdd16_02_20260814232822_af33ec,GDD16_02,GDD16_02,pb_extension_cap,(2)軽微なコード変更,IS,GOLD2,,,,UNVERIFIED,UNVERIFIED_EA_INPUT,EA_IMPLEMENTATION_MISSING,family has no verified SIMVERIFY activation: pb_extension_cap,,,,,,,,,,,,,,,,,"{""GoldLabPBExtensionCapATR"":1.0}",,,2026-08-14T14:28:22+00:00,2026-08-14T14:28:22+00:00,0.001,NotImplementedError('family has no verified SIMVERIFY activation: pb_extension_cap')
56bfbfb5648b4761bb7d0d5d7234ba68,gdda_is_gdd16_03_20260814232822_56bfbf,GDD16_03,GDD16_03,pb_extension_cap,(2)軽微なコード変更,IS,GOLD2,,,,UNVERIFIED,UNVERIFIED_EA_INPUT,EA_IMPLEMENTATION_MISSING,family has no verified SIMVERIFY activation: pb_extension_cap,,,,,,,,,,,,,,,,,"{""GoldLabPBExtensionCapATR"":1.5}",,,2026-08-14T14:28:22+00:00,2026-08-14T14:28:22+00:00,0.001,NotImplementedError('family has no verified SIMVERIFY activation: pb_extension_cap')
ccea18a27997498285b56a39c91488b6,gdda_is_gdd16_04_20260814232822_ccea18,GDD16_04,GDD16_04,pb_extension_cap,(2)軽微なコード変更,IS,GOLD2,,,,UNVERIFIED,UNVERIFIED_EA_INPUT,EA_IMPLEMENTATION_MISSING,family has no verified SIMVERIFY activation: pb_extension_cap,,,,,,,,,,,,,,,,,"{""GoldLabPBExtensionCapATR"":2.0}",,,2026-08-14T14:28:22+00:00,2026-08-14T14:28:22+00:00,0.001,NotImplementedError('family has no verified SIMVERIFY activation: pb_extension_cap')
03697463bfaa48d381184c5cbe47d2ff,gdda_is_gdd16_05_20260814232822_036974,GDD16_05,GDD16_05,pb_extension_cap,(2)軽微なコード変更,IS,GOLD2,,,,UNVERIFIED,UNVERIFIED_EA_INPUT,EA_IMPLEMENTATION_MISSING,family has no verified SIMVERIFY activation: pb_extension_cap,,,,,,,,,,,,,,,,,"{""GoldLabPBExtensionCapATR"":2.5}",,,2026-08-14T14:28:22+00:00,2026-08-14T14:28:22+00:00,0.001,NotImplementedError('family has no verified SIMVERIFY activation: pb_extension_cap')
63c8dcf7668a4d61a02e434a52890fc1,gdda_is_gdd16_06_20260814232822_63c8dc,GDD16_06,GDD16_06,pb_extension_cap,(2)軽微なコード変更,IS,GOLD2,,,,UNVERIFIED,UNVERIFIED_EA_INPUT,EA_IMPLEMENTATION_MISSING,family has no verified SIMVERIFY activation: pb_extension_cap,,,,,,,,,,,,,,,,,"{""GoldLabPBExtensionCapATR"":3.0}",,,2026-08-14T14:28:22+00:00,2026-08-14T14:28:22+00:00,0.001,NotImplementedError('family has no verified SIMVERIFY activation: pb_extension_cap')
b0e28aad1b634f7ab413a050a06b0392,gdda_is_gdd16_07_20260814232822_b0e28a,GDD16_07,GDD16_07,pb_extension_cap,(2)軽微なコード変更,IS,GOLD2,,,,UNVERIFIED,UNVERIFIED_EA_INPUT,EA_IMPLEMENTATION_MISSING,family has no verified SIMVERIFY activation: pb_extension_cap,,,,,,,,,,,,,,,,,"{""GoldLabPBExtensionCapATR"":3.5}",,,2026-08-14T14:28:22+00:00,2026-08-14T14:28:22+00:00,0.001,NotImplementedError('family has no verified SIMVERIFY activation: pb_extension_cap')
03dbbde45017485aa68ad75ab3e125bc,gdda_is_gdd16_08_20260814232822_03dbbd,GDD16_08,GDD16_08,pb_extension_cap,(2)軽微なコード変更,IS,GOLD2,,,,UNVERIFIED,UNVERIFIED_EA_INPUT,EA_IMPLEMENTATION_MISSING,family has no verified SIMVERIFY activation: pb_extension_cap,,,,,,,,,,,,,,,,,"{""GoldLabPBExtensionCapATR"":4.0}",,,2026-08-14T14:28:22+00:00,2026-08-14T14:28:22+00:00,0.001,NotImplementedError('family has no verified SIMVERIFY activation: pb_extension_cap')
b41524d8581a4233959f979459e26ab0,gdda_is_gdd16_09_20260814232822_b41524,GDD16_09,GDD16_09,pb_extension_cap,(2)軽微なコード変更,IS,GOLD2,,,,UNVERIFIED,UNVERIFIED_EA_INPUT,EA_IMPLEMENTATION_MISSING,family has no verified SIMVERIFY activation: pb_extension_cap,,,,,,,,,,,,,,,,,"{""GoldLabPBExtensionCapATR"":4.5}",,,2026-08-14T14:28:22+00:00,2026-08-14T14:28:22+00:00,0.001,NotImplementedError('family has no verified SIMVERIFY activation: pb_extension_cap')
1b4908742f864225a9b0104533810777,gdda_is_gdd16_10_20260814232822_1b4908,GDD16_10,GDD16_10,pb_extension_cap,(2)軽微なコード変更,IS,GOLD2,,,,UNVERIFIED,UNVERIFIED_EA_INPUT,EA_IMPLEMENTATION_MISSING,family has no verified SIMVERIFY activation: pb_extension_cap,,,,,,,,,,,,,,,,,"{""GoldLabPBExtensionCapATR"":5.0}",,,2026-08-14T14:28:22+00:00,2026-08-14T14:28:22+00:00,0.001,NotImplementedError('family has no verified SIMVERIFY activation: pb_extension_cap')
3c2cf4b6b7ca4cefa6362f3830b32d33,gdda_is_gdd16_11_20260814232822_3c2cf4,GDD16_11,GDD16_11,pb_extension_cap,(2)軽微なコード変更,IS,GOLD2,,,,UNVERIFIED,UNVERIFIED_EA_INPUT,EA_IMPLEMENTATION_MISSING,family has no verified SIMVERIFY activation: pb_extension_cap,,,,,,,,,,,,,,,,,"{""GoldLabPBExtensionCapATR"":5.5}",,,2026-08-14T14:28:22+00:00,2026-08-14T14:28:22+00:00,0.001,NotImplementedError('family has no verified SIMVERIFY activation: pb_extension_cap')
b794561ce1a44c2093a53ddb5debae52,gdda_is_gdd16_12_20260814232822_b79456,GDD16_12,GDD16_12,pb_extension_cap,(2)軽微なコード変更,IS,GOLD2,,,,UNVERIFIED,UNVERIFIED_EA_INPUT,EA_IMPLEMENTATION_MISSING,family has no verified SIMVERIFY activation: pb_extension_cap,,,,,,,,,,,,,,,,,"{""GoldLabPBExtensionCapATR"":6.0}",,,2026-08-14T14:28:22+00:00,2026-08-14T14:28:22+00:00,0.001,NotImplementedError('family has no verified SIMVERIFY activation: pb_extension_cap')
ddbb86c490c649d4ac208b67d0e8eb7b,gdda_is_gdd16_13_20260814232822_ddbb86,GDD16_13,GDD16_13,pb_extension_cap,(2)軽微なコード変更,IS,GOLD2,,,,UNVERIFIED,UNVERIFIED_EA_INPUT,EA_IMPLEMENTATION_MISSING,family has no verified SIMVERIFY activation: pb_extension_cap,,,,,,,,,,,,,,,,,"{""GoldLabPBExtensionCapATR"":6.5}",,,2026-08-14T14:28:22+00:00,2026-08-14T14:28:22+00:00,0.001,NotImplementedError('family has no verified SIMVERIFY activation: pb_extension_cap')
98f9694ce77749fea9aad009f35cd21a,gdda_is_gdd16_14_20260814232822_98f969,GDD16_14,GDD16_14,pb_extension_cap,(2)軽微なコード変更,IS,GOLD2,,,,UNVERIFIED,UNVERIFIED_EA_INPUT,EA_IMPLEMENTATION_MISSING,family has no verified SIMVERIFY activation: pb_extension_cap,,,,,,,,,,,,,,,,,"{""GoldLabPBExtensionCapATR"":7.0}",,,2026-08-14T14:28:22+00:00,2026-08-14T14:28:22+00:00,0.001,NotImplementedError('family has no verified SIMVERIFY activation: pb_extension_cap')
2f9bf5c272ac4271b63a30dad6141242,gdda_is_gdd16_15_20260814232822_2f9bf5,GDD16_15,GDD16_15,pb_extension_cap,(2)軽微なコード変更,IS,GOLD2,,,,UNVERIFIED,UNVERIFIED_EA_INPUT,EA_IMPLEMENTATION_MISSING,family has no verified SIMVERIFY activation: pb_extension_cap,,,,,,,,,,,,,,,,,"{""GoldLabPBExtensionCapATR"":7.5}",,,2026-08-14T14:28:22+00:00,2026-08-14T14:28:22+00:00,0.001,NotImplementedError('family has no verified SIMVERIFY activation: pb_extension_cap')
2af519b9972b490da2e2529dd6e1e38d,gdda_is_gdd16_16_20260814232822_2af519,GDD16_16,GDD16_16,pb_extension_cap,(2)軽微なコード変更,IS,GOLD2,,,,UNVERIFIED,UNVERIFIED_EA_INPUT,EA_IMPLEMENTATION_MISSING,family has no verified SIMVERIFY activation: pb_extension_cap,,,,,,,,,,,,,,,,,"{""GoldLabPBExtensionCapATR"":8.0}",,,2026-08-14T14:28:22+00:00,2026-08-14T14:28:22+00:00,0.001,NotImplementedError('family has no verified SIMVERIFY activation: pb_extension_cap')
71c929b0bee2418b884f7a188917728b,gdda_is_gdd16_17_20260814232822_71c929,GDD16_17,GDD16_17,pb_extension_cap,(2)軽微なコード変更,IS,GOLD2,,,,UNVERIFIED,UNVERIFIED_EA_INPUT,EA_IMPLEMENTATION_MISSING,family has no verified SIMVERIFY activation: pb_extension_cap,,,,,,,,,,,,,,,,,"{""GoldLabPBExtensionCapATR"":8.5}",,,2026-08-14T14:28:22+00:00,2026-08-14T14:28:22+00:00,0.001,NotImplementedError('family has no verified SIMVERIFY activation: pb_extension_cap')
127dae73d60b492bb339a981c94e9b22,gdda_is_gdd16_18_20260814232822_127dae,GDD16_18,GDD16_18,pb_extension_cap,(2)軽微なコード変更,IS,GOLD2,,,,UNVERIFIED,UNVERIFIED_EA_INPUT,EA_IMPLEMENTATION_MISSING,family has no verified SIMVERIFY activation: pb_extension_cap,,,,,,,,,,,,,,,,,"{""GoldLabPBExtensionCapATR"":9.0}",,,2026-08-14T14:28:22+00:00,2026-08-14T14:28:22+00:00,0.001,NotImplementedError('family has no verified SIMVERIFY activation: pb_extension_cap')
a0c046d7b1814bf5a930e466cdddee85,gdda_is_gdd16_19_20260814232822_a0c046,GDD16_19,GDD16_19,pb_extension_cap,(2)軽微なコード変更,IS,GOLD2,,,,UNVERIFIED,UNVERIFIED_EA_INPUT,EA_IMPLEMENTATION_MISSING,family has no verified SIMVERIFY activation: pb_extension_cap,,,,,,,,,,,,,,,,,"{""GoldLabPBExtensionCapATR"":9.5}",,,2026-08-14T14:28:22+00:00,2026-08-14T14:28:22+00:00,0.001,NotImplementedError('family has no verified SIMVERIFY activation: pb_extension_cap')
bc63dadaf05c497cb69b9e4793b66b85,gdda_is_gdd16_20_20260814232822_bc63da,GDD16_20,GDD16_20,pb_extension_cap,(2)軽微なコード変更,IS,GOLD2,,,,UNVERIFIED,UNVERIFIED_EA_INPUT,EA_IMPLEMENTATION_MISSING,family has no verified SIMVERIFY activation: pb_extension_cap,,,,,,,,,,,,,,,,,"{""GoldLabPBExtensionCapATR"":10.0}",,,2026-08-14T14:28:22+00:00,2026-08-14T14:28:22+00:00,0.001,NotImplementedError('family has no verified SIMVERIFY activation: pb_extension_cap')
64cbbce9b6844edc96d5e36786e02920,gdda_is_gdd17_01_20260814232822_64cbbc,GDD17_01,GDD17_01,pb_higher_tf,(2)軽微なコード変更,IS,GOLD2,,,,UNVERIFIED,UNVERIFIED_EA_INPUT,EA_IMPLEMENTATION_MISSING,family has no verified SIMVERIFY activation: pb_higher_tf,,,,,,,,,,,,,,,,,"{""GoldLabPBHigherTFMA"":50}",,,2026-08-14T14:28:22+00:00,2026-08-14T14:28:22+00:00,0.001,NotImplementedError('family has no verified SIMVERIFY activation: pb_higher_tf')
0fdf89b763aa44c2bf59cfa7375fc7aa,gdda_is_gdd17_02_20260814232822_0fdf89,GDD17_02,GDD17_02,pb_higher_tf,(2)軽微なコード変更,IS,GOLD2,,,,UNVERIFIED,UNVERIFIED_EA_INPUT,EA_IMPLEMENTATION_MISSING,family has no verified SIMVERIFY activation: pb_higher_tf,,,,,,,,,,,,,,,,,"{""GoldLabPBHigherTFMA"":75}",,,2026-08-14T14:28:22+00:00,2026-08-14T14:28:22+00:00,0.001,NotImplementedError('family has no verified SIMVERIFY activation: pb_higher_tf')
86e890e4ec2844348a108333c6b9c2a6,gdda_is_gdd17_03_20260814232822_86e890,GDD17_03,GDD17_03,pb_higher_tf,(2)軽微なコード変更,IS,GOLD2,,,,UNVERIFIED,UNVERIFIED_EA_INPUT,EA_IMPLEMENTATION_MISSING,family has no verified SIMVERIFY activation: pb_higher_tf,,,,,,,,,,,,,,,,,"{""GoldLabPBHigherTFMA"":100}",,,2026-08-14T14:28:22+00:00,2026-08-14T14:28:22+00:00,0.001,NotImplementedError('family has no verified SIMVERIFY activation: pb_higher_tf')
037bb3c6946748c2a898f0b7a4e15b13,gdda_is_gdd17_04_20260814232822_037bb3,GDD17_04,GDD17_04,pb_higher_tf,(2)軽微なコード変更,IS,GOLD2,,,,UNVERIFIED,UNVERIFIED_EA_INPUT,EA_IMPLEMENTATION_MISSING,family has no verified SIMVERIFY activation: pb_higher_tf,,,,,,,,,,,,,,,,,"{""GoldLabPBHigherTFMA"":125}",,,2026-08-14T14:28:22+00:00,2026-08-14T14:28:22+00:00,0.001,NotImplementedError('family has no verified SIMVERIFY activation: pb_higher_tf')
46cbf7ee5b184c90a96ec2b638e330dd,gdda_is_gdd17_05_20260814232822_46cbf7,GDD17_05,GDD17_05,pb_higher_tf,(2)軽微なコード変更,IS,GOLD2,,,,UNVERIFIED,UNVERIFIED_EA_INPUT,EA_IMPLEMENTATION_MISSING,family has no verified SIMVERIFY activation: pb_higher_tf,,,,,,,,,,,,,,,,,"{""GoldLabPBHigherTFMA"":150}",,,2026-08-14T14:28:22+00:00,2026-08-14T14:28:22+00:00,0.001,NotImplementedError('family has no verified SIMVERIFY activation: pb_higher_tf')
559fd75f8dab4cd9aa3570efc7fef8c7,gdda_is_gdd17_06_20260814232822_559fd7,GDD17_06,GDD17_06,pb_higher_tf,(2)軽微なコード変更,IS,GOLD2,,,,UNVERIFIED,UNVERIFIED_EA_INPUT,EA_IMPLEMENTATION_MISSING,family has no verified SIMVERIFY activation: pb_higher_tf,,,,,,,,,,,,,,,,,"{""GoldLabPBHigherTFMA"":175}",,,2026-08-14T14:28:22+00:00,2026-08-14T14:28:22+00:00,0.001,NotImplementedError('family has no verified SIMVERIFY activation: pb_higher_tf')
2917d1c6d1df4a87ba180015433facdf,gdda_is_gdd17_07_20260814232822_2917d1,GDD17_07,GDD17_07,pb_higher_tf,(2)軽微なコード変更,IS,GOLD2,,,,UNVERIFIED,UNVERIFIED_EA_INPUT,EA_IMPLEMENTATION_MISSING,family has no verified SIMVERIFY activation: pb_higher_tf,,,,,,,,,,,,,,,,,"{""GoldLabPBHigherTFMA"":200}",,,2026-08-14T14:28:22+00:00,2026-08-14T14:28:22+00:00,0.001,NotImplementedError('family has no verified SIMVERIFY activation: pb_higher_tf')
1025a696ba664f4d8e8eb8de6785fae9,gdda_is_gdd17_08_20260814232822_1025a6,GDD17_08,GDD17_08,pb_higher_tf,(2)軽微なコード変更,IS,GOLD2,,,,UNVERIFIED,UNVERIFIED_EA_INPUT,EA_IMPLEMENTATION_MISSING,family has no verified SIMVERIFY activation: pb_higher_tf,,,,,,,,,,,,,,,,,"{""GoldLabPBHigherTFMA"":225}",,,2026-08-14T14:28:22+00:00,2026-08-14T14:28:22+00:00,0.001,NotImplementedError('family has no verified SIMVERIFY activation: pb_higher_tf')
e5c1550eaaba413a87980ab179f05ba2,gdda_is_gdd17_09_20260814232822_e5c155,GDD17_09,GDD17_09,pb_higher_tf,(2)軽微なコード変更,IS,GOLD2,,,,UNVERIFIED,UNVERIFIED_EA_INPUT,EA_IMPLEMENTATION_MISSING,family has no verified SIMVERIFY activation: pb_higher_tf,,,,,,,,,,,,,,,,,"{""GoldLabPBHigherTFMA"":250}",,,2026-08-14T14:28:22+00:00,2026-08-14T14:28:22+00:00,0.001,NotImplementedError('family has no verified SIMVERIFY activation: pb_higher_tf')
43f2287d783a4790bda38e4534260b3b,gdda_is_gdd17_10_20260814232822_43f228,GDD17_10,GDD17_10,pb_higher_tf,(2)軽微なコード変更,IS,GOLD2,,,,UNVERIFIED,UNVERIFIED_EA_INPUT,EA_IMPLEMENTATION_MISSING,family has no verified SIMVERIFY activation: pb_higher_tf,,,,,,,,,,,,,,,,,"{""GoldLabPBHigherTFMA"":275}",,,2026-08-14T14:28:22+00:00,2026-08-14T14:28:22+00:00,0.001,NotImplementedError('family has no verified SIMVERIFY activation: pb_higher_tf')
541259dc1e214917ae2509aca6e7b60f,gdda_is_gdd17_11_20260814232822_541259,GDD17_11,GDD17_11,pb_higher_tf,(2)軽微なコード変更,IS,GOLD2,,,,UNVERIFIED,UNVERIFIED_EA_INPUT,EA_IMPLEMENTATION_MISSING,family has no verified SIMVERIFY activation: pb_higher_tf,,,,,,,,,,,,,,,,,"{""GoldLabPBHigherTFMA"":300}",,,2026-08-14T14:28:22+00:00,2026-08-14T14:28:22+00:00,0.001,NotImplementedError('family has no verified SIMVERIFY activation: pb_higher_tf')
833b0cf9255b4248b777fea983fed8de,gdda_is_gdd17_12_20260814232822_833b0c,GDD17_12,GDD17_12,pb_higher_tf,(2)軽微なコード変更,IS,GOLD2,,,,UNVERIFIED,UNVERIFIED_EA_INPUT,EA_IMPLEMENTATION_MISSING,family has no verified SIMVERIFY activation: pb_higher_tf,,,,,,,,,,,,,,,,,"{""GoldLabPBHigherTFMA"":325}",,,2026-08-14T14:28:22+00:00,2026-08-14T14:28:22+00:00,0.001,NotImplementedError('family has no verified SIMVERIFY activation: pb_higher_tf')
036af100e78b4aa491f9bb8d128ec385,gdda_is_gdd17_13_20260814232822_036af1,GDD17_13,GDD17_13,pb_higher_tf,(2)軽微なコード変更,IS,GOLD2,,,,UNVERIFIED,UNVERIFIED_EA_INPUT,EA_IMPLEMENTATION_MISSING,family has no verified SIMVERIFY activation: pb_higher_tf,,,,,,,,,,,,,,,,,"{""GoldLabPBHigherTFMA"":350}",,,2026-08-14T14:28:22+00:00,2026-08-14T14:28:22+00:00,0.001,NotImplementedError('family has no verified SIMVERIFY activation: pb_higher_tf')
6bbe0cfb71e64c689b15811799897e96,gdda_is_gdd17_14_20260814232822_6bbe0c,GDD17_14,GDD17_14,pb_higher_tf,(2)軽微なコード変更,IS,GOLD2,,,,UNVERIFIED,UNVERIFIED_EA_INPUT,EA_IMPLEMENTATION_MISSING,family has no verified SIMVERIFY activation: pb_higher_tf,,,,,,,,,,,,,,,,,"{""GoldLabPBHigherTFMA"":375}",,,2026-08-14T14:28:22+00:00,2026-08-14T14:28:22+00:00,0.001,NotImplementedError('family has no verified SIMVERIFY activation: pb_higher_tf')
e0cb8a4986854bc4ab46c87f78eaf748,gdda_is_gdd17_15_20260814232822_e0cb8a,GDD17_15,GDD17_15,pb_higher_tf,(2)軽微なコード変更,IS,GOLD2,,,,UNVERIFIED,UNVERIFIED_EA_INPUT,EA_IMPLEMENTATION_MISSING,family has no verified SIMVERIFY activation: pb_higher_tf,,,,,,,,,,,,,,,,,"{""GoldLabPBHigherTFMA"":400}",,,2026-08-14T14:28:22+00:00,2026-08-14T14:28:22+00:00,0.001,NotImplementedError('family has no verified SIMVERIFY activation: pb_higher_tf')
9575f53b9b964b20b9affb0c6a3d450e,gdda_is_gdd17_16_20260814232822_9575f5,GDD17_16,GDD17_16,pb_higher_tf,(2)軽微なコード変更,IS,GOLD2,,,,UNVERIFIED,UNVERIFIED_EA_INPUT,EA_IMPLEMENTATION_MISSING,family has no verified SIMVERIFY activation: pb_higher_tf,,,,,,,,,,,,,,,,,"{""GoldLabPBHigherTFMA"":425}",,,2026-08-14T14:28:22+00:00,2026-08-14T14:28:22+00:00,0.001,NotImplementedError('family has no verified SIMVERIFY activation: pb_higher_tf')
498d574ead904e1aa50ff1be498f104d,gdda_is_gdd17_17_20260814232822_498d57,GDD17_17,GDD17_17,pb_higher_tf,(2)軽微なコード変更,IS,GOLD2,,,,UNVERIFIED,UNVERIFIED_EA_INPUT,EA_IMPLEMENTATION_MISSING,family has no verified SIMVERIFY activation: pb_higher_tf,,,,,,,,,,,,,,,,,"{""GoldLabPBHigherTFMA"":450}",,,2026-08-14T14:28:22+00:00,2026-08-14T14:28:22+00:00,0.001,NotImplementedError('family has no verified SIMVERIFY activation: pb_higher_tf')
42e087b1472d44aaaed5d273c3461b6d,gdda_is_gdd17_18_20260814232822_42e087,GDD17_18,GDD17_18,pb_higher_tf,(2)軽微なコード変更,IS,GOLD2,,,,UNVERIFIED,UNVERIFIED_EA_INPUT,EA_IMPLEMENTATION_MISSING,family has no verified SIMVERIFY activation: pb_higher_tf,,,,,,,,,,,,,,,,,"{""GoldLabPBHigherTFMA"":475}",,,2026-08-14T14:28:22+00:00,2026-08-14T14:28:22+00:00,0.001,NotImplementedError('family has no verified SIMVERIFY activation: pb_higher_tf')
d45b1b91bde2400aa56fd1debd17f0e2,gdda_is_gdd17_19_20260814232822_d45b1b,GDD17_19,GDD17_19,pb_higher_tf,(2)軽微なコード変更,IS,GOLD2,,,,UNVERIFIED,UNVERIFIED_EA_INPUT,EA_IMPLEMENTATION_MISSING,family has no verified SIMVERIFY activation: pb_higher_tf,,,,,,,,,,,,,,,,,"{""GoldLabPBHigherTFMA"":500}",,,2026-08-14T14:28:22+00:00,2026-08-14T14:28:22+00:00,0.001,NotImplementedError('family has no verified SIMVERIFY activation: pb_higher_tf')
4d7b48cfddd44f0c9b519b46bbb1aaf4,gdda_is_gdd17_20_20260814232822_4d7b48,GDD17_20,GDD17_20,pb_higher_tf,(2)軽微なコード変更,IS,GOLD2,,,,UNVERIFIED,UNVERIFIED_EA_INPUT,EA_IMPLEMENTATION_MISSING,family has no verified SIMVERIFY activation: pb_higher_tf,,,,,,,,,,,,,,,,,"{""GoldLabPBHigherTFMA"":525}",,,2026-08-14T14:28:22+00:00,2026-08-14T14:28:22+00:00,0.001,NotImplementedError('family has no verified SIMVERIFY activation: pb_higher_tf')
8be580c7bd2b4cec980f3c5af7e8b13a,gdda_is_gdd18_01_20260814232822_8be580,GDD18_01,GDD18_01,pb_hold_limit,(2)軽微なコード変更,IS,GOLD2,,,,UNVERIFIED,UNVERIFIED_EA_INPUT,EA_IMPLEMENTATION_MISSING,family has no verified SIMVERIFY activation: pb_hold_limit,,,,,,,,,,,,,,,,,"{""GoldLabPBHoldBars"":4}",,,2026-08-14T14:28:22+00:00,2026-08-14T14:28:22+00:00,0.001,NotImplementedError('family has no verified SIMVERIFY activation: pb_hold_limit')
066a123c4341426f834d30fe01b2b3f4,gdda_is_gdd18_02_20260814232822_066a12,GDD18_02,GDD18_02,pb_hold_limit,(2)軽微なコード変更,IS,GOLD2,,,,UNVERIFIED,UNVERIFIED_EA_INPUT,EA_IMPLEMENTATION_MISSING,family has no verified SIMVERIFY activation: pb_hold_limit,,,,,,,,,,,,,,,,,"{""GoldLabPBHoldBars"":8}",,,2026-08-14T14:28:22+00:00,2026-08-14T14:28:22+00:00,0.001,NotImplementedError('family has no verified SIMVERIFY activation: pb_hold_limit')
dded48d3b428453b8aed53532a01276e,gdda_is_gdd18_03_20260814232822_dded48,GDD18_03,GDD18_03,pb_hold_limit,(2)軽微なコード変更,IS,GOLD2,,,,UNVERIFIED,UNVERIFIED_EA_INPUT,EA_IMPLEMENTATION_MISSING,family has no verified SIMVERIFY activation: pb_hold_limit,,,,,,,,,,,,,,,,,"{""GoldLabPBHoldBars"":12}",,,2026-08-14T14:28:22+00:00,2026-08-14T14:28:22+00:00,0.001,NotImplementedError('family has no verified SIMVERIFY activation: pb_hold_limit')
cfb155c3dc8d472ba8eca7fdc378c8d3,gdda_is_gdd18_04_20260814232822_cfb155,GDD18_04,GDD18_04,pb_hold_limit,(2)軽微なコード変更,IS,GOLD2,,,,UNVERIFIED,UNVERIFIED_EA_INPUT,EA_IMPLEMENTATION_MISSING,family has no verified SIMVERIFY activation: pb_hold_limit,,,,,,,,,,,,,,,,,"{""GoldLabPBHoldBars"":16}",,,2026-08-14T14:28:22+00:00,2026-08-14T14:28:22+00:00,0.001,NotImplementedError('family has no verified SIMVERIFY activation: pb_hold_limit')
a17ce08e15f34207b9e7432bd0534677,gdda_is_gdd18_05_20260814232822_a17ce0,GDD18_05,GDD18_05,pb_hold_limit,(2)軽微なコード変更,IS,GOLD2,,,,UNVERIFIED,UNVERIFIED_EA_INPUT,EA_IMPLEMENTATION_MISSING,family has no verified SIMVERIFY activation: pb_hold_limit,,,,,,,,,,,,,,,,,"{""GoldLabPBHoldBars"":20}",,,2026-08-14T14:28:22+00:00,2026-08-14T14:28:22+00:00,0.001,NotImplementedError('family has no verified SIMVERIFY activation: pb_hold_limit')
6bf241baf3f04978943f719a076254f1,gdda_is_gdd18_06_20260814232822_6bf241,GDD18_06,GDD18_06,pb_hold_limit,(2)軽微なコード変更,IS,GOLD2,,,,UNVERIFIED,UNVERIFIED_EA_INPUT,EA_IMPLEMENTATION_MISSING,family has no verified SIMVERIFY activation: pb_hold_limit,,,,,,,,,,,,,,,,,"{""GoldLabPBHoldBars"":24}",,,2026-08-14T14:28:22+00:00,2026-08-14T14:28:22+00:00,0.001,NotImplementedError('family has no verified SIMVERIFY activation: pb_hold_limit')
92cea833cb0e41d8bc14fd1c13d009bb,gdda_is_gdd18_07_20260814232822_92cea8,GDD18_07,GDD18_07,pb_hold_limit,(2)軽微なコード変更,IS,GOLD2,,,,UNVERIFIED,UNVERIFIED_EA_INPUT,EA_IMPLEMENTATION_MISSING,family has no verified SIMVERIFY activation: pb_hold_limit,,,,,,,,,,,,,,,,,"{""GoldLabPBHoldBars"":28}",,,2026-08-14T14:28:22+00:00,2026-08-14T14:28:22+00:00,0.001,NotImplementedError('family has no verified SIMVERIFY activation: pb_hold_limit')
ea7118bf313344459766d52c59506682,gdda_is_gdd18_08_20260814232822_ea7118,GDD18_08,GDD18_08,pb_hold_limit,(2)軽微なコード変更,IS,GOLD2,,,,UNVERIFIED,UNVERIFIED_EA_INPUT,EA_IMPLEMENTATION_MISSING,family has no verified SIMVERIFY activation: pb_hold_limit,,,,,,,,,,,,,,,,,"{""GoldLabPBHoldBars"":32}",,,2026-08-14T14:28:22+00:00,2026-08-14T14:28:22+00:00,0.001,NotImplementedError('family has no verified SIMVERIFY activation: pb_hold_limit')
6e174596c70d48ab8e8532c27b025b28,gdda_is_gdd18_09_20260814232822_6e1745,GDD18_09,GDD18_09,pb_hold_limit,(2)軽微なコード変更,IS,GOLD2,,,,UNVERIFIED,UNVERIFIED_EA_INPUT,EA_IMPLEMENTATION_MISSING,family has no verified SIMVERIFY activation: pb_hold_limit,,,,,,,,,,,,,,,,,"{""GoldLabPBHoldBars"":36}",,,2026-08-14T14:28:22+00:00,2026-08-14T14:28:22+00:00,0.001,NotImplementedError('family has no verified SIMVERIFY activation: pb_hold_limit')
ad263bb674be43269c4dd9fed3b926ca,gdda_is_gdd18_10_20260814232822_ad263b,GDD18_10,GDD18_10,pb_hold_limit,(2)軽微なコード変更,IS,GOLD2,,,,UNVERIFIED,UNVERIFIED_EA_INPUT,EA_IMPLEMENTATION_MISSING,family has no verified SIMVERIFY activation: pb_hold_limit,,,,,,,,,,,,,,,,,"{""GoldLabPBHoldBars"":40}",,,2026-08-14T14:28:22+00:00,2026-08-14T14:28:22+00:00,0.001,NotImplementedError('family has no verified SIMVERIFY activation: pb_hold_limit')
1152ed655d9d495983b3db707432bed2,gdda_is_gdd18_11_20260814232822_1152ed,GDD18_11,GDD18_11,pb_hold_limit,(2)軽微なコード変更,IS,GOLD2,,,,UNVERIFIED,UNVERIFIED_EA_INPUT,EA_IMPLEMENTATION_MISSING,family has no verified SIMVERIFY activation: pb_hold_limit,,,,,,,,,,,,,,,,,"{""GoldLabPBHoldBars"":44}",,,2026-08-14T14:28:22+00:00,2026-08-14T14:28:22+00:00,0.001,NotImplementedError('family has no verified SIMVERIFY activation: pb_hold_limit')
abe08c867e5b4f5582d0b2b60b8ad54b,gdda_is_gdd18_12_20260814232822_abe08c,GDD18_12,GDD18_12,pb_hold_limit,(2)軽微なコード変更,IS,GOLD2,,,,UNVERIFIED,UNVERIFIED_EA_INPUT,EA_IMPLEMENTATION_MISSING,family has no verified SIMVERIFY activation: pb_hold_limit,,,,,,,,,,,,,,,,,"{""GoldLabPBHoldBars"":48}",,,2026-08-14T14:28:22+00:00,2026-08-14T14:28:22+00:00,0.001,NotImplementedError('family has no verified SIMVERIFY activation: pb_hold_limit')
addf461f8d9544b4bd2aeee0196b943b,gdda_is_gdd18_13_20260814232822_addf46,GDD18_13,GDD18_13,pb_hold_limit,(2)軽微なコード変更,IS,GOLD2,,,,UNVERIFIED,UNVERIFIED_EA_INPUT,EA_IMPLEMENTATION_MISSING,family has no verified SIMVERIFY activation: pb_hold_limit,,,,,,,,,,,,,,,,,"{""GoldLabPBHoldBars"":52}",,,2026-08-14T14:28:22+00:00,2026-08-14T14:28:22+00:00,0.001,NotImplementedError('family has no verified SIMVERIFY activation: pb_hold_limit')
7b3c5b858a514a4a849580bf206783ec,gdda_is_gdd18_14_20260814232822_7b3c5b,GDD18_14,GDD18_14,pb_hold_limit,(2)軽微なコード変更,IS,GOLD2,,,,UNVERIFIED,UNVERIFIED_EA_INPUT,EA_IMPLEMENTATION_MISSING,family has no verified SIMVERIFY activation: pb_hold_limit,,,,,,,,,,,,,,,,,"{""GoldLabPBHoldBars"":56}",,,2026-08-14T14:28:22+00:00,2026-08-14T14:28:22+00:00,0.001,NotImplementedError('family has no verified SIMVERIFY activation: pb_hold_limit')
5b1dd74f25044556bbf06a333313e029,gdda_is_gdd18_15_20260814232822_5b1dd7,GDD18_15,GDD18_15,pb_hold_limit,(2)軽微なコード変更,IS,GOLD2,,,,UNVERIFIED,UNVERIFIED_EA_INPUT,EA_IMPLEMENTATION_MISSING,family has no verified SIMVERIFY activation: pb_hold_limit,,,,,,,,,,,,,,,,,"{""GoldLabPBHoldBars"":60}",,,2026-08-14T14:28:22+00:00,2026-08-14T14:28:22+00:00,0.001,NotImplementedError('family has no verified SIMVERIFY activation: pb_hold_limit')
807d7504f7c94996a5c78e4be28037b5,gdda_is_gdd18_16_20260814232822_807d75,GDD18_16,GDD18_16,pb_hold_limit,(2)軽微なコード変更,IS,GOLD2,,,,UNVERIFIED,UNVERIFIED_EA_INPUT,EA_IMPLEMENTATION_MISSING,family has no verified SIMVERIFY activation: pb_hold_limit,,,,,,,,,,,,,,,,,"{""GoldLabPBHoldBars"":64}",,,2026-08-14T14:28:22+00:00,2026-08-14T14:28:22+00:00,0.001,NotImplementedError('family has no verified SIMVERIFY activation: pb_hold_limit')
31827c29b627445e82768682d52abb15,gdda_is_gdd18_17_20260814232822_31827c,GDD18_17,GDD18_17,pb_hold_limit,(2)軽微なコード変更,IS,GOLD2,,,,UNVERIFIED,UNVERIFIED_EA_INPUT,EA_IMPLEMENTATION_MISSING,family has no verified SIMVERIFY activation: pb_hold_limit,,,,,,,,,,,,,,,,,"{""GoldLabPBHoldBars"":68}",,,2026-08-14T14:28:22+00:00,2026-08-14T14:28:22+00:00,0.001,NotImplementedError('family has no verified SIMVERIFY activation: pb_hold_limit')
e244ad071f8b433db1650e3aad1c63b8,gdda_is_gdd18_18_20260814232822_e244ad,GDD18_18,GDD18_18,pb_hold_limit,(2)軽微なコード変更,IS,GOLD2,,,,UNVERIFIED,UNVERIFIED_EA_INPUT,EA_IMPLEMENTATION_MISSING,family has no verified SIMVERIFY activation: pb_hold_limit,,,,,,,,,,,,,,,,,"{""GoldLabPBHoldBars"":72}",,,2026-08-14T14:28:22+00:00,2026-08-14T14:28:22+00:00,0.001,NotImplementedError('family has no verified SIMVERIFY activation: pb_hold_limit')
85e0853f7d8e4f548d96c02fca636446,gdda_is_gdd18_19_20260814232822_85e085,GDD18_19,GDD18_19,pb_hold_limit,(2)軽微なコード変更,IS,GOLD2,,,,UNVERIFIED,UNVERIFIED_EA_INPUT,EA_IMPLEMENTATION_MISSING,family has no verified SIMVERIFY activation: pb_hold_limit,,,,,,,,,,,,,,,,,"{""GoldLabPBHoldBars"":76}",,,2026-08-14T14:28:22+00:00,2026-08-14T14:28:22+00:00,0.001,NotImplementedError('family has no verified SIMVERIFY activation: pb_hold_limit')
85e6a840c867454693872738acbc8403,gdda_is_gdd18_20_20260814232822_85e6a8,GDD18_20,GDD18_20,pb_hold_limit,(2)軽微なコード変更,IS,GOLD2,,,,UNVERIFIED,UNVERIFIED_EA_INPUT,EA_IMPLEMENTATION_MISSING,family has no verified SIMVERIFY activation: pb_hold_limit,,,,,,,,,,,,,,,,,"{""GoldLabPBHoldBars"":80}",,,2026-08-14T14:28:22+00:00,2026-08-14T14:28:22+00:00,0.001,NotImplementedError('family has no verified SIMVERIFY activation: pb_hold_limit')
9d35ede5befc49e5adfb2514ca11bfb3,gdda_is_gdd19_01_20260814232822_9d35ed,GDD19_01,GDD19_01,pb_breakeven,(2)軽微なコード変更,IS,GOLD2,,,,UNVERIFIED,UNVERIFIED_EA_INPUT,EA_IMPLEMENTATION_MISSING,family has no verified SIMVERIFY activation: pb_breakeven,,,,,,,,,,,,,,,,,"{""GoldLabPBBETriggerATR"":0.25}",,,2026-08-14T14:28:22+00:00,2026-08-14T14:28:22+00:00,0.001,NotImplementedError('family has no verified SIMVERIFY activation: pb_breakeven')
0b493f797b2b49729f0aa8c0303ce7a2,gdda_is_gdd19_02_20260814232822_0b493f,GDD19_02,GDD19_02,pb_breakeven,(2)軽微なコード変更,IS,GOLD2,,,,UNVERIFIED,UNVERIFIED_EA_INPUT,EA_IMPLEMENTATION_MISSING,family has no verified SIMVERIFY activation: pb_breakeven,,,,,,,,,,,,,,,,,"{""GoldLabPBBETriggerATR"":0.5}",,,2026-08-14T14:28:22+00:00,2026-08-14T14:28:22+00:00,0.001,NotImplementedError('family has no verified SIMVERIFY activation: pb_breakeven')
e58c189ae899464b9aaf9878e178240a,gdda_is_gdd19_03_20260814232822_e58c18,GDD19_03,GDD19_03,pb_breakeven,(2)軽微なコード変更,IS,GOLD2,,,,UNVERIFIED,UNVERIFIED_EA_INPUT,EA_IMPLEMENTATION_MISSING,family has no verified SIMVERIFY activation: pb_breakeven,,,,,,,,,,,,,,,,,"{""GoldLabPBBETriggerATR"":0.75}",,,2026-08-14T14:28:22+00:00,2026-08-14T14:28:22+00:00,0.001,NotImplementedError('family has no verified SIMVERIFY activation: pb_breakeven')
8a4894249ebc4962b52c331a00fb7072,gdda_is_gdd19_04_20260814232822_8a4894,GDD19_04,GDD19_04,pb_breakeven,(2)軽微なコード変更,IS,GOLD2,,,,UNVERIFIED,UNVERIFIED_EA_INPUT,EA_IMPLEMENTATION_MISSING,family has no verified SIMVERIFY activation: pb_breakeven,,,,,,,,,,,,,,,,,"{""GoldLabPBBETriggerATR"":1.0}",,,2026-08-14T14:28:22+00:00,2026-08-14T14:28:22+00:00,0.001,NotImplementedError('family has no verified SIMVERIFY activation: pb_breakeven')
c6ff309ad2ab468997ac638aad6ed88c,gdda_is_gdd19_05_20260814232822_c6ff30,GDD19_05,GDD19_05,pb_breakeven,(2)軽微なコード変更,IS,GOLD2,,,,UNVERIFIED,UNVERIFIED_EA_INPUT,EA_IMPLEMENTATION_MISSING,family has no verified SIMVERIFY activation: pb_breakeven,,,,,,,,,,,,,,,,,"{""GoldLabPBBETriggerATR"":1.25}",,,2026-08-14T14:28:22+00:00,2026-08-14T14:28:22+00:00,0.001,NotImplementedError('family has no verified SIMVERIFY activation: pb_breakeven')
39a398a367504ad4bdd7f72e883ab845,gdda_is_gdd19_06_20260814232822_39a398,GDD19_06,GDD19_06,pb_breakeven,(2)軽微なコード変更,IS,GOLD2,,,,UNVERIFIED,UNVERIFIED_EA_INPUT,EA_IMPLEMENTATION_MISSING,family has no verified SIMVERIFY activation: pb_breakeven,,,,,,,,,,,,,,,,,"{""GoldLabPBBETriggerATR"":1.5}",,,2026-08-14T14:28:22+00:00,2026-08-14T14:28:22+00:00,0.001,NotImplementedError('family has no verified SIMVERIFY activation: pb_breakeven')
ecab5aae33414b5f9c19012e746a623e,gdda_is_gdd19_07_20260814232822_ecab5a,GDD19_07,GDD19_07,pb_breakeven,(2)軽微なコード変更,IS,GOLD2,,,,UNVERIFIED,UNVERIFIED_EA_INPUT,EA_IMPLEMENTATION_MISSING,family has no verified SIMVERIFY activation: pb_breakeven,,,,,,,,,,,,,,,,,"{""GoldLabPBBETriggerATR"":1.75}",,,2026-08-14T14:28:22+00:00,2026-08-14T14:28:22+00:00,0.001,NotImplementedError('family has no verified SIMVERIFY activation: pb_breakeven')
4b4673d0d6bd4031b79a85ba15cc3df6,gdda_is_gdd19_08_20260814232822_4b4673,GDD19_08,GDD19_08,pb_breakeven,(2)軽微なコード変更,IS,GOLD2,,,,UNVERIFIED,UNVERIFIED_EA_INPUT,EA_IMPLEMENTATION_MISSING,family has no verified SIMVERIFY activation: pb_breakeven,,,,,,,,,,,,,,,,,"{""GoldLabPBBETriggerATR"":2.0}",,,2026-08-14T14:28:22+00:00,2026-08-14T14:28:22+00:00,0.001,NotImplementedError('family has no verified SIMVERIFY activation: pb_breakeven')
05ad9e4c07684a229912ee632403b450,gdda_is_gdd19_09_20260814232822_05ad9e,GDD19_09,GDD19_09,pb_breakeven,(2)軽微なコード変更,IS,GOLD2,,,,UNVERIFIED,UNVERIFIED_EA_INPUT,EA_IMPLEMENTATION_MISSING,family has no verified SIMVERIFY activation: pb_breakeven,,,,,,,,,,,,,,,,,"{""GoldLabPBBETriggerATR"":2.25}",,,2026-08-14T14:28:22+00:00,2026-08-14T14:28:22+00:00,0.001,NotImplementedError('family has no verified SIMVERIFY activation: pb_breakeven')
fb62ddd0b5744ccca5c03c836c781e95,gdda_is_gdd19_10_20260814232822_fb62dd,GDD19_10,GDD19_10,pb_breakeven,(2)軽微なコード変更,IS,GOLD2,,,,UNVERIFIED,UNVERIFIED_EA_INPUT,EA_IMPLEMENTATION_MISSING,family has no verified SIMVERIFY activation: pb_breakeven,,,,,,,,,,,,,,,,,"{""GoldLabPBBETriggerATR"":2.5}",,,2026-08-14T14:28:22+00:00,2026-08-14T14:28:22+00:00,0.001,NotImplementedError('family has no verified SIMVERIFY activation: pb_breakeven')
4d9c449f54f04f0db926fcf18abf9eb2,gdda_is_gdd19_11_20260814232822_4d9c44,GDD19_11,GDD19_11,pb_breakeven,(2)軽微なコード変更,IS,GOLD2,,,,UNVERIFIED,UNVERIFIED_EA_INPUT,EA_IMPLEMENTATION_MISSING,family has no verified SIMVERIFY activation: pb_breakeven,,,,,,,,,,,,,,,,,"{""GoldLabPBBETriggerATR"":2.75}",,,2026-08-14T14:28:22+00:00,2026-08-14T14:28:22+00:00,0.001,NotImplementedError('family has no verified SIMVERIFY activation: pb_breakeven')
80c92c7d2e8141a7a50dc1a669c48469,gdda_is_gdd19_12_20260814232822_80c92c,GDD19_12,GDD19_12,pb_breakeven,(2)軽微なコード変更,IS,GOLD2,,,,UNVERIFIED,UNVERIFIED_EA_INPUT,EA_IMPLEMENTATION_MISSING,family has no verified SIMVERIFY activation: pb_breakeven,,,,,,,,,,,,,,,,,"{""GoldLabPBBETriggerATR"":3.0}",,,2026-08-14T14:28:22+00:00,2026-08-14T14:28:22+00:00,0.001,NotImplementedError('family has no verified SIMVERIFY activation: pb_breakeven')
174bdaca779f4920a18e378846eca087,gdda_is_gdd19_13_20260814232822_174bda,GDD19_13,GDD19_13,pb_breakeven,(2)軽微なコード変更,IS,GOLD2,,,,UNVERIFIED,UNVERIFIED_EA_INPUT,EA_IMPLEMENTATION_MISSING,family has no verified SIMVERIFY activation: pb_breakeven,,,,,,,,,,,,,,,,,"{""GoldLabPBBETriggerATR"":3.25}",,,2026-08-14T14:28:22+00:00,2026-08-14T14:28:22+00:00,0.001,NotImplementedError('family has no verified SIMVERIFY activation: pb_breakeven')
8e31c83dc3184b718a1760fa39e4aab4,gdda_is_gdd19_14_20260814232822_8e31c8,GDD19_14,GDD19_14,pb_breakeven,(2)軽微なコード変更,IS,GOLD2,,,,UNVERIFIED,UNVERIFIED_EA_INPUT,EA_IMPLEMENTATION_MISSING,family has no verified SIMVERIFY activation: pb_breakeven,,,,,,,,,,,,,,,,,"{""GoldLabPBBETriggerATR"":3.5}",,,2026-08-14T14:28:22+00:00,2026-08-14T14:28:22+00:00,0.001,NotImplementedError('family has no verified SIMVERIFY activation: pb_breakeven')
a44be09f59c247de8c8a07b143113e8b,gdda_is_gdd19_15_20260814232822_a44be0,GDD19_15,GDD19_15,pb_breakeven,(2)軽微なコード変更,IS,GOLD2,,,,UNVERIFIED,UNVERIFIED_EA_INPUT,EA_IMPLEMENTATION_MISSING,family has no verified SIMVERIFY activation: pb_breakeven,,,,,,,,,,,,,,,,,"{""GoldLabPBBETriggerATR"":3.75}",,,2026-08-14T14:28:22+00:00,2026-08-14T14:28:22+00:00,0.001,NotImplementedError('family has no verified SIMVERIFY activation: pb_breakeven')
2cccc34ba8d54b179fbdd91ff76ee7eb,gdda_is_gdd19_16_20260814232822_2cccc3,GDD19_16,GDD19_16,pb_breakeven,(2)軽微なコード変更,IS,GOLD2,,,,UNVERIFIED,UNVERIFIED_EA_INPUT,EA_IMPLEMENTATION_MISSING,family has no verified SIMVERIFY activation: pb_breakeven,,,,,,,,,,,,,,,,,"{""GoldLabPBBETriggerATR"":4.0}",,,2026-08-14T14:28:22+00:00,2026-08-14T14:28:22+00:00,0.001,NotImplementedError('family has no verified SIMVERIFY activation: pb_breakeven')
903d2663f5464e908e7e7891cf65f35e,gdda_is_gdd19_17_20260814232822_903d26,GDD19_17,GDD19_17,pb_breakeven,(2)軽微なコード変更,IS,GOLD2,,,,UNVERIFIED,UNVERIFIED_EA_INPUT,EA_IMPLEMENTATION_MISSING,family has no verified SIMVERIFY activation: pb_breakeven,,,,,,,,,,,,,,,,,"{""GoldLabPBBETriggerATR"":4.25}",,,2026-08-14T14:28:22+00:00,2026-08-14T14:28:22+00:00,0.001,NotImplementedError('family has no verified SIMVERIFY activation: pb_breakeven')
d2c9048837ef4695a86fad0601fb7c44,gdda_is_gdd19_18_20260814232822_d2c904,GDD19_18,GDD19_18,pb_breakeven,(2)軽微なコード変更,IS,GOLD2,,,,UNVERIFIED,UNVERIFIED_EA_INPUT,EA_IMPLEMENTATION_MISSING,family has no verified SIMVERIFY activation: pb_breakeven,,,,,,,,,,,,,,,,,"{""GoldLabPBBETriggerATR"":4.5}",,,2026-08-14T14:28:22+00:00,2026-08-14T14:28:22+00:00,0.001,NotImplementedError('family has no verified SIMVERIFY activation: pb_breakeven')
e79c3cf33a764c08baa8e19ac61113d4,gdda_is_gdd19_19_20260814232822_e79c3c,GDD19_19,GDD19_19,pb_breakeven,(2)軽微なコード変更,IS,GOLD2,,,,UNVERIFIED,UNVERIFIED_EA_INPUT,EA_IMPLEMENTATION_MISSING,family has no verified SIMVERIFY activation: pb_breakeven,,,,,,,,,,,,,,,,,"{""GoldLabPBBETriggerATR"":4.75}",,,2026-08-14T14:28:22+00:00,2026-08-14T14:28:22+00:00,0.001,NotImplementedError('family has no verified SIMVERIFY activation: pb_breakeven')
8b3001e8d17a4ae89e686b2d6388be15,gdda_is_gdd19_20_20260814232822_8b3001,GDD19_20,GDD19_20,pb_breakeven,(2)軽微なコード変更,IS,GOLD2,,,,UNVERIFIED,UNVERIFIED_EA_INPUT,EA_IMPLEMENTATION_MISSING,family has no verified SIMVERIFY activation: pb_breakeven,,,,,,,,,,,,,,,,,"{""GoldLabPBBETriggerATR"":5.0}",,,2026-08-14T14:28:22+00:00,2026-08-14T14:28:22+00:00,0.001,NotImplementedError('family has no verified SIMVERIFY activation: pb_breakeven')
8442738b6b19478d9b4f651f014ef9b1,gdda_is_gdd20_01_20260814232822_844273,GDD20_01,GDD20_01,pb_trailing,(2)軽微なコード変更,IS,GOLD2,,,,UNVERIFIED,UNVERIFIED_EA_INPUT,EA_IMPLEMENTATION_MISSING,family has no verified SIMVERIFY activation: pb_trailing,,,,,,,,,,,,,,,,,"{""GoldLabPBTrailATR"":0.25}",,,2026-08-14T14:28:22+00:00,2026-08-14T14:28:22+00:00,0.001,NotImplementedError('family has no verified SIMVERIFY activation: pb_trailing')
6f09cad3bc3349e89a41abdaa531af87,gdda_is_gdd20_02_20260814232822_6f09ca,GDD20_02,GDD20_02,pb_trailing,(2)軽微なコード変更,IS,GOLD2,,,,UNVERIFIED,UNVERIFIED_EA_INPUT,EA_IMPLEMENTATION_MISSING,family has no verified SIMVERIFY activation: pb_trailing,,,,,,,,,,,,,,,,,"{""GoldLabPBTrailATR"":0.5}",,,2026-08-14T14:28:22+00:00,2026-08-14T14:28:22+00:00,0.001,NotImplementedError('family has no verified SIMVERIFY activation: pb_trailing')
af3945f81d2c4583ab38419eb526cd64,gdda_is_gdd20_03_20260814232822_af3945,GDD20_03,GDD20_03,pb_trailing,(2)軽微なコード変更,IS,GOLD2,,,,UNVERIFIED,UNVERIFIED_EA_INPUT,EA_IMPLEMENTATION_MISSING,family has no verified SIMVERIFY activation: pb_trailing,,,,,,,,,,,,,,,,,"{""GoldLabPBTrailATR"":0.75}",,,2026-08-14T14:28:22+00:00,2026-08-14T14:28:22+00:00,0.001,NotImplementedError('family has no verified SIMVERIFY activation: pb_trailing')
7d65a6aa5b0d475abd70ef8a4ec49fd3,gdda_is_gdd20_04_20260814232822_7d65a6,GDD20_04,GDD20_04,pb_trailing,(2)軽微なコード変更,IS,GOLD2,,,,UNVERIFIED,UNVERIFIED_EA_INPUT,EA_IMPLEMENTATION_MISSING,family has no verified SIMVERIFY activation: pb_trailing,,,,,,,,,,,,,,,,,"{""GoldLabPBTrailATR"":1.0}",,,2026-08-14T14:28:22+00:00,2026-08-14T14:28:22+00:00,0.001,NotImplementedError('family has no verified SIMVERIFY activation: pb_trailing')
6928b45d0a9a44e885582479f120bd8c,gdda_is_gdd20_05_20260814232823_6928b4,GDD20_05,GDD20_05,pb_trailing,(2)軽微なコード変更,IS,GOLD2,,,,UNVERIFIED,UNVERIFIED_EA_INPUT,EA_IMPLEMENTATION_MISSING,family has no verified SIMVERIFY activation: pb_trailing,,,,,,,,,,,,,,,,,"{""GoldLabPBTrailATR"":1.25}",,,2026-08-14T14:28:23+00:00,2026-08-14T14:28:23+00:00,0.001,NotImplementedError('family has no verified SIMVERIFY activation: pb_trailing')
5a89174c9fd04630bcb3516b32b91280,gdda_is_gdd20_06_20260814232823_5a8917,GDD20_06,GDD20_06,pb_trailing,(2)軽微なコード変更,IS,GOLD2,,,,UNVERIFIED,UNVERIFIED_EA_INPUT,EA_IMPLEMENTATION_MISSING,family has no verified SIMVERIFY activation: pb_trailing,,,,,,,,,,,,,,,,,"{""GoldLabPBTrailATR"":1.5}",,,2026-08-14T14:28:23+00:00,2026-08-14T14:28:23+00:00,0.001,NotImplementedError('family has no verified SIMVERIFY activation: pb_trailing')
cc9a8037f84045ee9d9fffb366faf7a7,gdda_is_gdd20_07_20260814232823_cc9a80,GDD20_07,GDD20_07,pb_trailing,(2)軽微なコード変更,IS,GOLD2,,,,UNVERIFIED,UNVERIFIED_EA_INPUT,EA_IMPLEMENTATION_MISSING,family has no verified SIMVERIFY activation: pb_trailing,,,,,,,,,,,,,,,,,"{""GoldLabPBTrailATR"":1.75}",,,2026-08-14T14:28:23+00:00,2026-08-14T14:28:23+00:00,0.001,NotImplementedError('family has no verified SIMVERIFY activation: pb_trailing')
98bc104556a54990b6abc0cc6a8b50d8,gdda_is_gdd20_08_20260814232823_98bc10,GDD20_08,GDD20_08,pb_trailing,(2)軽微なコード変更,IS,GOLD2,,,,UNVERIFIED,UNVERIFIED_EA_INPUT,EA_IMPLEMENTATION_MISSING,family has no verified SIMVERIFY activation: pb_trailing,,,,,,,,,,,,,,,,,"{""GoldLabPBTrailATR"":2.0}",,,2026-08-14T14:28:23+00:00,2026-08-14T14:28:23+00:00,0.001,NotImplementedError('family has no verified SIMVERIFY activation: pb_trailing')
338a5009441b48fd8591ee563162e5e0,gdda_is_gdd20_09_20260814232823_338a50,GDD20_09,GDD20_09,pb_trailing,(2)軽微なコード変更,IS,GOLD2,,,,UNVERIFIED,UNVERIFIED_EA_INPUT,EA_IMPLEMENTATION_MISSING,family has no verified SIMVERIFY activation: pb_trailing,,,,,,,,,,,,,,,,,"{""GoldLabPBTrailATR"":2.25}",,,2026-08-14T14:28:23+00:00,2026-08-14T14:28:23+00:00,0.001,NotImplementedError('family has no verified SIMVERIFY activation: pb_trailing')
7449c551b36a41f196022a6f8370513d,gdda_is_gdd20_10_20260814232823_7449c5,GDD20_10,GDD20_10,pb_trailing,(2)軽微なコード変更,IS,GOLD2,,,,UNVERIFIED,UNVERIFIED_EA_INPUT,EA_IMPLEMENTATION_MISSING,family has no verified SIMVERIFY activation: pb_trailing,,,,,,,,,,,,,,,,,"{""GoldLabPBTrailATR"":2.5}",,,2026-08-14T14:28:23+00:00,2026-08-14T14:28:23+00:00,0.001,NotImplementedError('family has no verified SIMVERIFY activation: pb_trailing')
b52738a661cf4c90b32500914ef17da7,gdda_is_gdd20_11_20260814232823_b52738,GDD20_11,GDD20_11,pb_trailing,(2)軽微なコード変更,IS,GOLD2,,,,UNVERIFIED,UNVERIFIED_EA_INPUT,EA_IMPLEMENTATION_MISSING,family has no verified SIMVERIFY activation: pb_trailing,,,,,,,,,,,,,,,,,"{""GoldLabPBTrailATR"":2.75}",,,2026-08-14T14:28:23+00:00,2026-08-14T14:28:23+00:00,0.001,NotImplementedError('family has no verified SIMVERIFY activation: pb_trailing')
a1c2bcfb5e914db0863bc4bffc0ecc9e,gdda_is_gdd20_12_20260814232823_a1c2bc,GDD20_12,GDD20_12,pb_trailing,(2)軽微なコード変更,IS,GOLD2,,,,UNVERIFIED,UNVERIFIED_EA_INPUT,EA_IMPLEMENTATION_MISSING,family has no verified SIMVERIFY activation: pb_trailing,,,,,,,,,,,,,,,,,"{""GoldLabPBTrailATR"":3.0}",,,2026-08-14T14:28:23+00:00,2026-08-14T14:28:23+00:00,0.001,NotImplementedError('family has no verified SIMVERIFY activation: pb_trailing')
a8459313debf4097a63f075667b923c8,gdda_is_gdd20_13_20260814232823_a84593,GDD20_13,GDD20_13,pb_trailing,(2)軽微なコード変更,IS,GOLD2,,,,UNVERIFIED,UNVERIFIED_EA_INPUT,EA_IMPLEMENTATION_MISSING,family has no verified SIMVERIFY activation: pb_trailing,,,,,,,,,,,,,,,,,"{""GoldLabPBTrailATR"":3.25}",,,2026-08-14T14:28:23+00:00,2026-08-14T14:28:23+00:00,0.001,NotImplementedError('family has no verified SIMVERIFY activation: pb_trailing')
de701166ecc04b81b7949174d90f3578,gdda_is_gdd20_14_20260814232823_de7011,GDD20_14,GDD20_14,pb_trailing,(2)軽微なコード変更,IS,GOLD2,,,,UNVERIFIED,UNVERIFIED_EA_INPUT,EA_IMPLEMENTATION_MISSING,family has no verified SIMVERIFY activation: pb_trailing,,,,,,,,,,,,,,,,,"{""GoldLabPBTrailATR"":3.5}",,,2026-08-14T14:28:23+00:00,2026-08-14T14:28:23+00:00,0.001,NotImplementedError('family has no verified SIMVERIFY activation: pb_trailing')
fc4cf3cf3dff448eadd88555953b7d96,gdda_is_gdd20_15_20260814232823_fc4cf3,GDD20_15,GDD20_15,pb_trailing,(2)軽微なコード変更,IS,GOLD2,,,,UNVERIFIED,UNVERIFIED_EA_INPUT,EA_IMPLEMENTATION_MISSING,family has no verified SIMVERIFY activation: pb_trailing,,,,,,,,,,,,,,,,,"{""GoldLabPBTrailATR"":3.75}",,,2026-08-14T14:28:23+00:00,2026-08-14T14:28:23+00:00,0.001,NotImplementedError('family has no verified SIMVERIFY activation: pb_trailing')
1a791174de7048058fc3b8049c2350d0,gdda_is_gdd20_16_20260814232823_1a7911,GDD20_16,GDD20_16,pb_trailing,(2)軽微なコード変更,IS,GOLD2,,,,UNVERIFIED,UNVERIFIED_EA_INPUT,EA_IMPLEMENTATION_MISSING,family has no verified SIMVERIFY activation: pb_trailing,,,,,,,,,,,,,,,,,"{""GoldLabPBTrailATR"":4.0}",,,2026-08-14T14:28:23+00:00,2026-08-14T14:28:23+00:00,0.001,NotImplementedError('family has no verified SIMVERIFY activation: pb_trailing')
28eac441ef674864981ebb32bbbcb678,gdda_is_gdd20_17_20260814232823_28eac4,GDD20_17,GDD20_17,pb_trailing,(2)軽微なコード変更,IS,GOLD2,,,,UNVERIFIED,UNVERIFIED_EA_INPUT,EA_IMPLEMENTATION_MISSING,family has no verified SIMVERIFY activation: pb_trailing,,,,,,,,,,,,,,,,,"{""GoldLabPBTrailATR"":4.25}",,,2026-08-14T14:28:23+00:00,2026-08-14T14:28:23+00:00,0.001,NotImplementedError('family has no verified SIMVERIFY activation: pb_trailing')
caeefefda65e43dfb41a435152da84e4,gdda_is_gdd20_18_20260814232823_caeefe,GDD20_18,GDD20_18,pb_trailing,(2)軽微なコード変更,IS,GOLD2,,,,UNVERIFIED,UNVERIFIED_EA_INPUT,EA_IMPLEMENTATION_MISSING,family has no verified SIMVERIFY activation: pb_trailing,,,,,,,,,,,,,,,,,"{""GoldLabPBTrailATR"":4.5}",,,2026-08-14T14:28:23+00:00,2026-08-14T14:28:23+00:00,0.001,NotImplementedError('family has no verified SIMVERIFY activation: pb_trailing')
3329bb15154b4822a0193d76d942c18f,gdda_is_gdd20_19_20260814232823_3329bb,GDD20_19,GDD20_19,pb_trailing,(2)軽微なコード変更,IS,GOLD2,,,,UNVERIFIED,UNVERIFIED_EA_INPUT,EA_IMPLEMENTATION_MISSING,family has no verified SIMVERIFY activation: pb_trailing,,,,,,,,,,,,,,,,,"{""GoldLabPBTrailATR"":4.75}",,,2026-08-14T14:28:23+00:00,2026-08-14T14:28:23+00:00,0.001,NotImplementedError('family has no verified SIMVERIFY activation: pb_trailing')
06263729c64c483195ea478fade6ffc3,gdda_is_gdd20_20_20260814232823_062637,GDD20_20,GDD20_20,pb_trailing,(2)軽微なコード変更,IS,GOLD2,,,,UNVERIFIED,UNVERIFIED_EA_INPUT,EA_IMPLEMENTATION_MISSING,family has no verified SIMVERIFY activation: pb_trailing,,,,,,,,,,,,,,,,,"{""GoldLabPBTrailATR"":5.0}",,,2026-08-14T14:28:23+00:00,2026-08-14T14:28:23+00:00,0.001,NotImplementedError('family has no verified SIMVERIFY activation: pb_trailing')
82a81a339a5c45dc8c1ef6fa13d21f6f,gdda_is_gdd21_01_20260814232823_82a81a,GDD21_01,GDD21_01,sca_min_range,(2)軽微なコード変更,IS,GOLD2,2021.06.21,2026.06.20,False,OK,IS_REJECT,DOMINATED,"IS net=230231.70 (0.695x), PF=1.277912 (0.683x), DD=89551.48円/89.55148pt (2.794x); baseline net=331176.79, PF=1.871883, DD=32052.72円",0,230231.69999999998,1.277912359210811,89551.48000000005,89.55148000000005,1418,0.01|0.02,0.01|0.02,True,False,0,False,0,False,0,True,"{""GoldDDSCAMinRange"":0.05}",gdda_is_gdd21_01_20260814232823_82a81a_deals.csv,ml\gold_dd\configs\gdda_is_gdd21_01_20260814232823_82a81a.yaml,2026-08-14T14:28:23+00:00,2026-08-14T14:34:48+00:00,385.060,
6cdc4bb8c24a442f91dd08efab37c7aa,gdda_is_gdd21_02_20260814233448_6cdc4b,GDD21_02,GDD21_02,sca_min_range,(2)軽微なコード変更,IS,GOLD2,2021.06.21,2026.06.20,False,OK,IS_REJECT,DOMINATED,"IS net=231871.03 (0.700x), PF=1.280446 (0.684x), DD=89551.48円/89.55148pt (2.794x); baseline net=331176.79, PF=1.871883, DD=32052.72円",0,231871.03,1.2804461482047111,89551.48000000005,89.55148000000005,1416,0.01|0.02,0.01|0.02,True,False,0,False,0,False,0,True,"{""GoldDDSCAMinRange"":0.1}",gdda_is_gdd21_02_20260814233448_6cdc4b_deals.csv,ml\gold_dd\configs\gdda_is_gdd21_02_20260814233448_6cdc4b.yaml,2026-08-14T14:34:48+00:00,2026-08-14T14:35:51+00:00,62.974,
491e1262b09a417d82c06f0b20678e87,gdda_is_gdd21_03_20260814233551_491e12,GDD21_03,GDD21_03,sca_min_range,(2)軽微なコード変更,IS,GOLD2,2021.06.21,2026.06.20,False,OK,IS_REJECT,DOMINATED,"IS net=237727.93 (0.718x), PF=1.292794 (0.691x), DD=92060.84円/92.06084pt (2.872x); baseline net=331176.79, PF=1.871883, DD=32052.72円",0,237727.93,1.2927941107535237,92060.84000000008,92.06084000000008,1404,0.01|0.02,0.01|0.02,True,False,0,False,0,False,0,True,"{""GoldDDSCAMinRange"":0.15}",gdda_is_gdd21_03_20260814233551_491e12_deals.csv,ml\gold_dd\configs\gdda_is_gdd21_03_20260814233551_491e12.yaml,2026-08-14T14:35:51+00:00,2026-08-14T14:36:54+00:00,62.909,
5c5bbdab7a4c49a79c4272fd6b66cddb,gdda_is_gdd21_04_20260814233654_5c5bbd,GDD21_04,GDD21_04,sca_min_range,(2)軽微なコード変更,IS,GOLD2,2021.06.21,2026.06.20,False,OK,IS_REJECT,DOMINATED,"IS net=224898.13 (0.679x), PF=1.283437 (0.686x), DD=88435.23円/88.43523pt (2.759x); baseline net=331176.79, PF=1.871883, DD=32052.72円",0,224898.13,1.283437478673484,88435.23000000005,88.43523000000006,1346,0.01|0.02,0.01|0.02,True,False,0,False,0,False,0,True,"{""GoldDDSCAMinRange"":0.2}",gdda_is_gdd21_04_20260814233654_5c5bbd_deals.csv,ml\gold_dd\configs\gdda_is_gdd21_04_20260814233654_5c5bbd.yaml,2026-08-14T14:36:54+00:00,2026-08-14T14:37:57+00:00,62.902,
1994d43f63954213a82d057251d688dd,gdda_is_gdd21_05_20260814233757_1994d4,GDD21_05,GDD21_05,sca_min_range,(2)軽微なコード変更,IS,GOLD2,2021.06.21,2026.06.20,False,OK,IS_REJECT,DOMINATED,"IS net=220995.99 (0.667x), PF=1.300009 (0.694x), DD=70761.11円/70.76111pt (2.208x); baseline net=331176.79, PF=1.871883, DD=32052.72円",0,220995.99,1.300009399560067,70761.11000000004,70.76111000000004,1198,0.01|0.02,0.01|0.02,True,False,0,False,0,False,0,True,"{""GoldDDSCAMinRange"":0.25}",gdda_is_gdd21_05_20260814233757_1994d4_deals.csv,ml\gold_dd\configs\gdda_is_gdd21_05_20260814233757_1994d4.yaml,2026-08-14T14:37:57+00:00,2026-08-14T14:39:00+00:00,62.919,
192acca2b0004b0ab253751c469f12f6,gdda_is_gdd21_06_20260814233900_192acc,GDD21_06,GDD21_06,sca_min_range,(2)軽微なコード変更,IS,GOLD2,2021.06.21,2026.06.20,False,OK,IS_REJECT,DOMINATED,"IS net=238611.73 (0.720x), PF=1.386035 (0.740x), DD=44302.37円/44.30237pt (1.382x); baseline net=331176.79, PF=1.871883, DD=32052.72円",0,238611.72999999998,1.3860353044449782,44302.370000000075,44.302370000000074,976,0.01|0.02,0.01|0.02,True,False,0,False,0,False,0,True,"{""GoldDDSCAMinRange"":0.3}",gdda_is_gdd21_06_20260814233900_192acc_deals.csv,ml\gold_dd\configs\gdda_is_gdd21_06_20260814233900_192acc.yaml,2026-08-14T14:39:00+00:00,2026-08-14T14:40:03+00:00,62.926,
d2f880b2bdd84d9088c8f44bceb1b826,gdda_is_gdd21_07_20260814234003_d2f880,GDD21_07,GDD21_07,sca_min_range,(2)軽微なコード変更,IS,GOLD2,2021.06.21,2026.06.20,False,OK,IS_REJECT,DOMINATED,"IS net=262026.43 (0.791x), PF=1.508357 (0.806x), DD=45910.32円/45.91032pt (1.432x); baseline net=331176.79, PF=1.871883, DD=32052.72円",0,262026.43,1.5083565779536814,45910.32000000002,45.91032000000002,792,0.01|0.02,0.01|0.02,True,False,0,False,0,False,0,True,"{""GoldDDSCAMinRange"":0.35}",gdda_is_gdd21_07_20260814234003_d2f880_deals.csv,ml\gold_dd\configs\gdda_is_gdd21_07_20260814234003_d2f880.yaml,2026-08-14T14:40:03+00:00,2026-08-14T14:41:06+00:00,62.909,
09f5b52f78e94b69aab207ea20ff3447,gdda_is_gdd21_08_20260814234106_09f5b5,GDD21_08,GDD21_08,sca_min_range,(2)軽微なコード変更,IS,GOLD2,2021.06.21,2026.06.20,False,OK,IS_REJECT,BASELINE_EQUIVALENT,"IS net=331176.79 (1.000x), PF=1.871883 (1.000x), DD=32052.72円/32.05272pt (1.000x); baseline net=331176.79, PF=1.871883, DD=32052.72円",0,331176.79,1.8718825447675405,32052.719999999972,32.05271999999997,608,0.01|0.02,0.01|0.02,True,False,0,False,0,False,0,True,"{""GoldDDSCAMinRange"":0.4}",gdda_is_gdd21_08_20260814234106_09f5b5_deals.csv,ml\gold_dd\configs\gdda_is_gdd21_08_20260814234106_09f5b5.yaml,2026-08-14T14:41:06+00:00,2026-08-14T14:42:08+00:00,62.873,
a09c3d5d04e2491ca066841511585276,gdda_is_gdd21_09_20260814234208_a09c3d,GDD21_09,GDD21_09,sca_min_range,(2)軽微なコード変更,IS,GOLD2,2021.06.21,2026.06.20,False,OK,IS_SURVIVOR_DD,DD_TRADEOFF,"IS net=301258.80 (0.910x), PF=1.926661 (1.029x), DD=32052.72円/32.05272pt (1.000x); baseline net=331176.79, PF=1.871883, DD=32052.72円",0,301258.8,1.9266611211143159,32052.719999999972,32.05271999999997,480,0.01|0.02,0.01|0.02,True,False,0,False,0,False,0,True,"{""GoldDDSCAMinRange"":0.45}",gdda_is_gdd21_09_20260814234208_a09c3d_deals.csv,ml\gold_dd\configs\gdda_is_gdd21_09_20260814234208_a09c3d.yaml,2026-08-14T14:42:08+00:00,2026-08-14T14:43:11+00:00,62.880,
f07c6e41ea5249d383e257db9fed8738,gdda_oos_gdd21_09_20260814234311_f07c6e,GDD21_09,GDD21_09,sca_min_range,(2)軽微なコード変更,OOS,GOLD2,2016.06.21,2021.06.20,False,OK,OOS_REJECT,OUT_OF_GATE,"OOS net=45739.85 (0.762x), PF=1.382475 (0.990x), DD=12092.62円/12.09262pt (0.876x); baseline net=60050.52, PF=1.396192, DD=13806.08円",0,45739.85,1.3824750111046893,12092.619999999995,12.092619999999995,460,0.01|0.02,0.01|0.02,True,False,0,False,0,False,0,True,"{""GoldDDSCAMinRange"":0.45}",gdda_oos_gdd21_09_20260814234311_f07c6e_deals.csv,ml\gold_dd\configs\gdda_oos_gdd21_09_20260814234311_f07c6e.yaml,2026-08-14T14:43:11+00:00,2026-08-14T14:43:54+00:00,42.859,
d3d1e4c2e8cc4dfbb4ab852e49e54a6b,gdda_is_gdd21_10_20260814234354_d3d1e4,GDD21_10,GDD21_10,sca_min_range,(2)軽微なコード変更,IS,GOLD2,2021.06.21,2026.06.20,False,OK,IS_SURVIVOR_DD,DD_TRADEOFF,"IS net=280590.05 (0.847x), PF=1.945567 (1.039x), DD=32052.72円/32.05272pt (1.000x); baseline net=331176.79, PF=1.871883, DD=32052.72円",0,280590.05,1.9455670708845263,32052.719999999972,32.05271999999997,394,0.01|0.02,0.01|0.02,True,False,0,False,0,False,0,True,"{""GoldDDSCAMinRange"":0.5}",gdda_is_gdd21_10_20260814234354_d3d1e4_deals.csv,ml\gold_dd\configs\gdda_is_gdd21_10_20260814234354_d3d1e4.yaml,2026-08-14T14:43:54+00:00,2026-08-14T14:44:52+00:00,57.911,
8671d0094d134ebea3aad407400cfb69,gdda_oos_gdd21_10_20260814234452_8671d0,GDD21_10,GDD21_10,sca_min_range,(2)軽微なコード変更,OOS,GOLD2,2016.06.21,2021.06.20,False,OK,OOS_REJECT,OUT_OF_GATE,"OOS net=27712.40 (0.461x), PF=1.282548 (0.919x), DD=11670.82円/11.67082pt (0.845x); baseline net=60050.52, PF=1.396192, DD=13806.08円",0,27712.4,1.282548449905827,11670.820000000007,11.670820000000006,336,0.01|0.02,0.01|0.02,True,False,0,False,0,False,0,True,"{""GoldDDSCAMinRange"":0.5}",gdda_oos_gdd21_10_20260814234452_8671d0_deals.csv,ml\gold_dd\configs\gdda_oos_gdd21_10_20260814234452_8671d0.yaml,2026-08-14T14:44:52+00:00,2026-08-14T14:45:35+00:00,42.935,
44853418555a436fbf7ee05ce639f5d3,gdda_is_gdd21_11_20260814234535_448534,GDD21_11,GDD21_11,sca_min_range,(2)軽微なコード変更,IS,GOLD2,2021.06.21,2026.06.20,False,OK,IS_SURVIVOR_DD,DD_TRADEOFF,"IS net=282328.35 (0.853x), PF=2.061771 (1.101x), DD=32052.72円/32.05272pt (1.000x); baseline net=331176.79, PF=1.871883, DD=32052.72円",0,282328.35,2.061771283132879,32052.719999999972,32.05271999999997,340,0.01|0.02,0.01|0.02,True,False,0,False,0,False,0,True,"{""GoldDDSCAMinRange"":0.55}",gdda_is_gdd21_11_20260814234535_448534_deals.csv,ml\gold_dd\configs\gdda_is_gdd21_11_20260814234535_448534.yaml,2026-08-14T14:45:35+00:00,2026-08-14T14:46:33+00:00,57.901,
06a68097ed29425eb159363404121194,gdda_oos_gdd21_11_20260814234633_06a680,GDD21_11,GDD21_11,sca_min_range,(2)軽微なコード変更,OOS,GOLD2,2016.06.21,2021.06.20,False,OK,OOS_REJECT,OUT_OF_GATE,"OOS net=27070.84 (0.451x), PF=1.305805 (0.935x), DD=10388.43円/10.38843pt (0.752x); baseline net=60050.52, PF=1.396192, DD=13806.08円",0,27070.84,1.3058050319012418,10388.430000000008,10.388430000000007,274,0.01|0.02,0.01|0.02,True,False,0,False,0,False,0,True,"{""GoldDDSCAMinRange"":0.55}",gdda_oos_gdd21_11_20260814234633_06a680_deals.csv,ml\gold_dd\configs\gdda_oos_gdd21_11_20260814234633_06a680.yaml,2026-08-14T14:46:33+00:00,2026-08-14T14:47:16+00:00,42.908,
9c80af852676446f92f89409189fe17b,gdda_is_gdd21_12_20260814234716_9c80af,GDD21_12,GDD21_12,sca_min_range,(2)軽微なコード変更,IS,GOLD2,2021.06.21,2026.06.20,False,OK,IS_SURVIVOR_TRADEOFF,TRADEOFF,"IS net=263940.74 (0.797x), PF=2.086012 (1.114x), DD=32052.72円/32.05272pt (1.000x); baseline net=331176.79, PF=1.871883, DD=32052.72円",0,263940.74,2.086011821012554,32052.719999999972,32.05271999999997,286,0.01|0.02,0.01|0.02,True,False,0,False,0,False,0,True,"{""GoldDDSCAMinRange"":0.6}",gdda_is_gdd21_12_20260814234716_9c80af_deals.csv,ml\gold_dd\configs\gdda_is_gdd21_12_20260814234716_9c80af.yaml,2026-08-14T14:47:16+00:00,2026-08-14T14:48:19+00:00,62.875,
9c7684f40d7e4604babf18ebb87baded,gdda_oos_gdd21_12_20260814234819_9c7684,GDD21_12,GDD21_12,sca_min_range,(2)軽微なコード変更,OOS,GOLD2,2016.06.21,2021.06.20,False,OK,OOS_REJECT,OUT_OF_GATE,"OOS net=24462.36 (0.407x), PF=1.327767 (0.951x), DD=9331.81円/9.33181pt (0.676x); baseline net=60050.52, PF=1.396192, DD=13806.08円",0,24462.36,1.3277673638978846,9331.809999999998,9.331809999999997,226,0.01|0.02,0.01|0.02,True,False,0,False,0,False,0,True,"{""GoldDDSCAMinRange"":0.6}",gdda_oos_gdd21_12_20260814234819_9c7684_deals.csv,ml\gold_dd\configs\gdda_oos_gdd21_12_20260814234819_9c7684.yaml,2026-08-14T14:48:19+00:00,2026-08-14T14:49:02+00:00,42.904,
ebd2d344326b4ed8a7a235bb70d9283b,gdda_is_gdd21_13_20260814234902_ebd2d3,GDD21_13,GDD21_13,sca_min_range,(2)軽微なコード変更,IS,GOLD2,2021.06.21,2026.06.20,False,OK,IS_REJECT,PROFIT_LOSS,"IS net=241949.81 (0.731x), PF=2.095390 (1.119x), DD=32052.72円/32.05272pt (1.000x); baseline net=331176.79, PF=1.871883, DD=32052.72円",0,241949.81,2.095390252834559,32052.72,32.05272,246,0.01|0.02,0.01|0.02,True,False,0,False,0,False,0,True,"{""GoldDDSCAMinRange"":0.65}",gdda_is_gdd21_13_20260814234902_ebd2d3_deals.csv,ml\gold_dd\configs\gdda_is_gdd21_13_20260814234902_ebd2d3.yaml,2026-08-14T14:49:02+00:00,2026-08-14T14:50:05+00:00,62.863,
754275d776e94dd6a3f88092251f9c04,gdda_is_gdd21_14_20260814235005_754275,GDD21_14,GDD21_14,sca_min_range,(2)軽微なコード変更,IS,GOLD2,2021.06.21,2026.06.20,False,OK,IS_REJECT,PROFIT_LOSS,"IS net=232906.25 (0.703x), PF=2.123601 (1.134x), DD=32052.72円/32.05272pt (1.000x); baseline net=331176.79, PF=1.871883, DD=32052.72円",0,232906.25,2.123601102305597,32052.72,32.05272,206,0.01|0.02,0.01|0.02,True,False,0,False,0,False,0,True,"{""GoldDDSCAMinRange"":0.7}",gdda_is_gdd21_14_20260814235005_754275_deals.csv,ml\gold_dd\configs\gdda_is_gdd21_14_20260814235005_754275.yaml,2026-08-14T14:50:05+00:00,2026-08-14T14:51:03+00:00,57.883,
476ef5864a844791b9b344e4a0402619,gdda_is_gdd21_15_20260814235103_476ef5,GDD21_15,GDD21_15,sca_min_range,(2)軽微なコード変更,IS,GOLD2,2021.06.21,2026.06.20,False,OK,IS_SURVIVOR_TRADEOFF,TRADEOFF,"IS net=238982.80 (0.722x), PF=2.273726 (1.215x), DD=19343.02円/19.34302pt (0.603x); baseline net=331176.79, PF=1.871883, DD=32052.72円",0,238982.8,2.2737263259059612,19343.02000000002,19.343020000000017,188,0.01|0.02,0.01|0.02,True,False,0,False,0,False,0,True,"{""GoldDDSCAMinRange"":0.75}",gdda_is_gdd21_15_20260814235103_476ef5_deals.csv,ml\gold_dd\configs\gdda_is_gdd21_15_20260814235103_476ef5.yaml,2026-08-14T14:51:03+00:00,2026-08-14T14:52:01+00:00,57.939,
c179a78a24fd4a55a602e45415de0331,gdda_oos_gdd21_15_20260814235201_c179a7,GDD21_15,GDD21_15,sca_min_range,(2)軽微なコード変更,OOS,GOLD2,2016.06.21,2021.06.20,False,OK,OOS_REJECT,OUT_OF_GATE,"OOS net=10862.11 (0.181x), PF=1.184343 (0.848x), DD=8265.68円/8.26568pt (0.599x); baseline net=60050.52, PF=1.396192, DD=13806.08円",0,10862.11,1.1843425172155364,8265.680000000008,8.265680000000007,148,0.01|0.02,0.01|0.02,True,False,0,False,0,False,0,True,"{""GoldDDSCAMinRange"":0.75}",gdda_oos_gdd21_15_20260814235201_c179a7_deals.csv,ml\gold_dd\configs\gdda_oos_gdd21_15_20260814235201_c179a7.yaml,2026-08-14T14:52:01+00:00,2026-08-14T14:52:44+00:00,42.861,
3aec5d75ae704ae4b9e35bbc3b2c061a,gdda_is_gdd21_16_20260814235244_3aec5d,GDD21_16,GDD21_16,sca_min_range,(2)軽微なコード変更,IS,GOLD2,2021.06.21,2026.06.20,False,OK,IS_SURVIVOR_TRADEOFF,TRADEOFF,"IS net=205716.49 (0.621x), PF=2.148945 (1.148x), DD=20607.37円/20.60737pt (0.643x); baseline net=331176.79, PF=1.871883, DD=32052.72円",0,205716.49,2.148945266780796,20607.370000000024,20.607370000000024,170,0.01|0.02,0.01|0.02,True,False,0,False,0,False,0,True,"{""GoldDDSCAMinRange"":0.8}",gdda_is_gdd21_16_20260814235244_3aec5d_deals.csv,ml\gold_dd\configs\gdda_is_gdd21_16_20260814235244_3aec5d.yaml,2026-08-14T14:52:44+00:00,2026-08-14T14:53:47+00:00,62.951,
642a9a12548742ddb2e476e0d313338f,gdda_oos_gdd21_16_20260814235347_642a9a,GDD21_16,GDD21_16,sca_min_range,(2)軽微なコード変更,OOS,GOLD2,2016.06.21,2021.06.20,False,OK,OOS_REJECT,OUT_OF_GATE,"OOS net=6501.41 (0.108x), PF=1.117176 (0.800x), DD=10099.48円/10.09948pt (0.732x); baseline net=60050.52, PF=1.396192, DD=13806.08円",0,6501.410000000001,1.1171763241973045,10099.480000000025,10.099480000000025,132,0.01|0.02,0.01|0.02,True,False,0,False,0,False,0,True,"{""GoldDDSCAMinRange"":0.8}",gdda_oos_gdd21_16_20260814235347_642a9a_deals.csv,ml\gold_dd\configs\gdda_oos_gdd21_16_20260814235347_642a9a.yaml,2026-08-14T14:53:47+00:00,2026-08-14T15:00:29+00:00,402.757,
60f3599135d248e3ad6197959e1fac3c,gdda_is_gdd21_17_20260815000029_60f359,GDD21_17,GDD21_17,sca_min_range,(2)軽微なコード変更,IS,GOLD2,2021.06.21,2026.06.20,False,OK,IS_SURVIVOR_TRADEOFF,TRADEOFF,"IS net=167096.00 (0.505x), PF=1.977064 (1.056x), DD=20607.37円/20.60737pt (0.643x); baseline net=331176.79, PF=1.871883, DD=32052.72円",0,167096.0,1.9770642276938089,20607.37000000004,20.60737000000004,150,0.01|0.02,0.01|0.02,True,False,0,False,0,False,0,True,"{""GoldDDSCAMinRange"":0.85}",gdda_is_gdd21_17_20260815000029_60f359_deals.csv,ml\gold_dd\configs\gdda_is_gdd21_17_20260815000029_60f359.yaml,2026-08-14T15:00:29+00:00,2026-08-14T15:01:27+00:00,57.924,
182be09b89fe4e8b80f32e4c074314c6,gdda_oos_gdd21_17_20260815000127_182be0,GDD21_17,GDD21_17,sca_min_range,(2)軽微なコード変更,OOS,GOLD2,2016.06.21,2021.06.20,False,OK,OOS_REJECT,OUT_OF_GATE,"OOS net=8394.64 (0.140x), PF=1.169291 (0.837x), DD=11849.79円/11.84979pt (0.858x); baseline net=60050.52, PF=1.396192, DD=13806.08円",0,8394.640000000001,1.169291042435895,11849.790000000023,11.849790000000024,116,0.01|0.02,0.01|0.02,True,False,0,False,0,False,0,True,"{""GoldDDSCAMinRange"":0.85}",gdda_oos_gdd21_17_20260815000127_182be0_deals.csv,ml\gold_dd\configs\gdda_oos_gdd21_17_20260815000127_182be0.yaml,2026-08-14T15:01:27+00:00,2026-08-14T15:02:10+00:00,42.843,
e8bf4ffbc31c4686bc398bcf8c4a9fbe,gdda_is_gdd21_18_20260815000210_e8bf4f,GDD21_18,GDD21_18,sca_min_range,(2)軽微なコード変更,IS,GOLD2,2021.06.21,2026.06.20,False,OK,IS_SURVIVOR_TRADEOFF,TRADEOFF,"IS net=158547.82 (0.479x), PF=1.934678 (1.034x), DD=20607.37円/20.60737pt (0.643x); baseline net=331176.79, PF=1.871883, DD=32052.72円",0,158547.82,1.9346783769044076,20607.370000000024,20.607370000000024,136,0.01|0.02,0.01|0.02,True,False,0,False,0,False,0,True,"{""GoldDDSCAMinRange"":0.9}",gdda_is_gdd21_18_20260815000210_e8bf4f_deals.csv,ml\gold_dd\configs\gdda_is_gdd21_18_20260815000210_e8bf4f.yaml,2026-08-14T15:02:10+00:00,2026-08-14T15:03:13+00:00,62.866,
0ed325c54b36419dbc2bd118eb347d26,gdda_oos_gdd21_18_20260815000313_0ed325,GDD21_18,GDD21_18,sca_min_range,(2)軽微なコード変更,OOS,GOLD2,2016.06.21,2021.06.20,False,OK,OOS_REJECT,OUT_OF_GATE,"OOS net=7676.57 (0.128x), PF=1.155168 (0.827x), DD=11849.79円/11.84979pt (0.858x); baseline net=60050.52, PF=1.396192, DD=13806.08円",0,7676.570000000001,1.1551681446231137,11849.790000000023,11.849790000000024,112,0.01|0.02,0.01|0.02,True,False,0,False,0,False,0,True,"{""GoldDDSCAMinRange"":0.9}",gdda_oos_gdd21_18_20260815000313_0ed325_deals.csv,ml\gold_dd\configs\gdda_oos_gdd21_18_20260815000313_0ed325.yaml,2026-08-14T15:03:13+00:00,2026-08-14T15:03:56+00:00,42.871,
fab200a8f5d940c98b82e9431d9affa4,gdda_is_gdd21_19_20260815000356_fab200,GDD21_19,GDD21_19,sca_min_range,(2)軽微なコード変更,IS,GOLD2,2021.06.21,2026.06.20,False,OK,IS_SURVIVOR_TRADEOFF,TRADEOFF,"IS net=153020.46 (0.462x), PF=1.953279 (1.043x), DD=20862.33円/20.86233pt (0.651x); baseline net=331176.79, PF=1.871883, DD=32052.72円",0,153020.46,1.9532794783754102,20862.33000000003,20.862330000000032,126,0.01,0.01|0.02,True,False,0,False,0,False,0,True,"{""GoldDDSCAMinRange"":0.95}",gdda_is_gdd21_19_20260815000356_fab200_deals.csv,ml\gold_dd\configs\gdda_is_gdd21_19_20260815000356_fab200.yaml,2026-08-14T15:03:56+00:00,2026-08-14T15:04:54+00:00,57.863,
628691f266f149618dce763a9355ed13,gdda_oos_gdd21_19_20260815000454_628691,GDD21_19,GDD21_19,sca_min_range,(2)軽微なコード変更,OOS,GOLD2,2016.06.21,2021.06.20,False,OK,OOS_REJECT,OUT_OF_GATE,"OOS net=8937.06 (0.149x), PF=1.188678 (0.851x), DD=12524.92円/12.52492pt (0.907x); baseline net=60050.52, PF=1.396192, DD=13806.08円",0,8937.060000000001,1.1886779228044988,12524.920000000027,12.524920000000026,106,0.01,0.01|0.02,True,False,0,False,0,False,0,True,"{""GoldDDSCAMinRange"":0.95}",gdda_oos_gdd21_19_20260815000454_628691_deals.csv,ml\gold_dd\configs\gdda_oos_gdd21_19_20260815000454_628691.yaml,2026-08-14T15:04:54+00:00,2026-08-14T15:05:37+00:00,42.871,
1894cbe129dc4db6a5aa12e129d1e629,gdda_is_gdd21_20_20260815000537_1894cb,GDD21_20,GDD21_20,sca_min_range,(2)軽微なコード変更,IS,GOLD2,2021.06.21,2026.06.20,False,OK,IS_SURVIVOR_TRADEOFF,TRADEOFF,"IS net=157458.86 (0.475x), PF=2.008824 (1.073x), DD=20607.37円/20.60737pt (0.643x); baseline net=331176.79, PF=1.871883, DD=32052.72円",0,157458.86,2.0088237155888415,20607.370000000024,20.607370000000024,124,0.01,0.01|0.02,True,False,0,False,0,False,0,True,"{""GoldDDSCAMinRange"":1.0}",gdda_is_gdd21_20_20260815000537_1894cb_deals.csv,ml\gold_dd\configs\gdda_is_gdd21_20_20260815000537_1894cb.yaml,2026-08-14T15:05:37+00:00,2026-08-14T15:06:35+00:00,57.868,
31d2821fb5aa4bdc8f054c9937f3cff1,gdda_oos_gdd21_20_20260815000635_31d282,GDD21_20,GDD21_20,sca_min_range,(2)軽微なコード変更,OOS,GOLD2,2016.06.21,2021.06.20,False,OK,OOS_REJECT,OUT_OF_GATE,"OOS net=8451.64 (0.141x), PF=1.180140 (0.845x), DD=12524.92円/12.52492pt (0.907x); baseline net=60050.52, PF=1.396192, DD=13806.08円",0,8451.640000000001,1.1801399405078066,12524.920000000027,12.524920000000026,102,0.01,0.01|0.02,True,False,0,False,0,False,0,True,"{""GoldDDSCAMinRange"":1.0}",gdda_oos_gdd21_20_20260815000635_31d282_deals.csv,ml\gold_dd\configs\gdda_oos_gdd21_20_20260815000635_31d282.yaml,2026-08-14T15:06:35+00:00,2026-08-14T15:07:17+00:00,42.858,
61e2736260a84104be0904a0283da93c,gdda_is_gdd22_01_20260815000718_61e273,GDD22_01,GDD22_01,sca_max_range,(2)軽微なコード変更,IS,GOLD2,2021.06.21,2026.06.20,False,OK,IS_REJECT,PROFIT_LOSS,"IS net=208045.60 (0.628x), PF=1.869828 (0.999x), DD=29252.73円/29.25273pt (0.913x); baseline net=331176.79, PF=1.871883, DD=32052.72円",0,208045.6,1.8698282900482348,29252.72999999998,29.252729999999982,338,0.01|0.02,0.01|0.02,True,False,0,False,0,False,0,True,"{""GoldDDSCAMaxRange"":0.5}",gdda_is_gdd22_01_20260815000718_61e273_deals.csv,ml\gold_dd\configs\gdda_is_gdd22_01_20260815000718_61e273.yaml,2026-08-14T15:07:18+00:00,2026-08-14T15:08:20+00:00,62.864,
bca97a019da24c2f93c339fb01225e6b,gdda_is_gdd22_02_20260815000820_bca97a,GDD22_02,GDD22_02,sca_max_range,(2)軽微なコード変更,IS,GOLD2,2021.06.21,2026.06.20,False,OK,IS_REJECT,PROFIT_LOSS,"IS net=224694.91 (0.678x), PF=1.767175 (0.944x), DD=29406.77円/29.40677pt (0.917x); baseline net=331176.79, PF=1.871883, DD=32052.72円",0,224694.91,1.7671753435526227,29406.76999999999,29.40676999999999,446,0.01|0.02,0.01|0.02,True,False,0,False,0,False,0,True,"{""GoldDDSCAMaxRange"":0.6}",gdda_is_gdd22_02_20260815000820_bca97a_deals.csv,ml\gold_dd\configs\gdda_is_gdd22_02_20260815000820_bca97a.yaml,2026-08-14T15:08:20+00:00,2026-08-14T15:09:18+00:00,57.906,
3f98bfb909a14c36b1b8f66f9b6ca6ee,gdda_is_gdd22_03_20260815000918_3f98bf,GDD22_03,GDD22_03,sca_max_range,(2)軽微なコード変更,IS,GOLD2,2021.06.21,2026.06.20,False,OK,IS_SURVIVOR_TRADEOFF,TRADEOFF,"IS net=255729.40 (0.772x), PF=1.778151 (0.950x), DD=27877.77円/27.87777pt (0.870x); baseline net=331176.79, PF=1.871883, DD=32052.72円",0,255729.4,1.778151175048154,27877.770000000033,27.877770000000034,526,0.01|0.02,0.01|0.02,True,False,0,False,0,False,0,True,"{""GoldDDSCAMaxRange"":0.7}",gdda_is_gdd22_03_20260815000918_3f98bf_deals.csv,ml\gold_dd\configs\gdda_is_gdd22_03_20260815000918_3f98bf.yaml,2026-08-14T15:09:18+00:00,2026-08-14T15:10:21+00:00,62.891,
afcfa47ebc224940889bac0878829408,gdda_oos_gdd22_03_20260815001021_afcfa4,GDD22_03,GDD22_03,sca_max_range,(2)軽微なコード変更,OOS,GOLD2,2016.06.21,2021.06.20,False,OK,OOS_REJECT,OUT_OF_GATE,"OOS net=54446.31 (0.907x), PF=1.394653 (0.999x), DD=19976.86円/19.97686pt (1.447x); baseline net=60050.52, PF=1.396192, DD=13806.08円",0,54446.310000000005,1.3946528417908928,19976.86000000003,19.97686000000003,576,0.01|0.02,0.01|0.02,True,False,0,False,0,False,0,True,"{""GoldDDSCAMaxRange"":0.7}",gdda_oos_gdd22_03_20260815001021_afcfa4_deals.csv,ml\gold_dd\configs\gdda_oos_gdd22_03_20260815001021_afcfa4.yaml,2026-08-14T15:10:21+00:00,2026-08-14T15:11:04+00:00,42.896,
97c43736f02748d190499801b48b51bc,gdda_is_gdd22_04_20260815001104_97c437,GDD22_04,GDD22_04,sca_max_range,(2)軽微なコード変更,IS,GOLD2,2021.06.21,2026.06.20,False,OK,IS_SURVIVOR_DD,DD_TRADEOFF,"IS net=282919.16 (0.854x), PF=1.792769 (0.958x), DD=32052.72円/32.05272pt (1.000x); baseline net=331176.79, PF=1.871883, DD=32052.72円",0,282919.16,1.792769157164402,32052.719999999972,32.05271999999997,562,0.01|0.02,0.01|0.02,True,False,0,False,0,False,0,True,"{""GoldDDSCAMaxRange"":0.8}",gdda_is_gdd22_04_20260815001104_97c437_deals.csv,ml\gold_dd\configs\gdda_is_gdd22_04_20260815001104_97c437.yaml,2026-08-14T15:11:04+00:00,2026-08-14T15:12:07+00:00,62.856,
30bae585d4de4b889c2e09312b816436,gdda_oos_gdd22_04_20260815001207_30bae5,GDD22_04,GDD22_04,sca_max_range,(2)軽微なコード変更,OOS,GOLD2,2016.06.21,2021.06.20,False,OK,OOS_REJECT,OUT_OF_GATE,"OOS net=62000.75 (1.032x), PF=1.433565 (1.027x), DD=16401.74円/16.40174pt (1.188x); baseline net=60050.52, PF=1.396192, DD=13806.08円",0,62000.75,1.4335649474532632,16401.740000000005,16.401740000000004,604,0.01|0.02,0.01|0.02,True,False,0,False,0,False,0,True,"{""GoldDDSCAMaxRange"":0.8}",gdda_oos_gdd22_04_20260815001207_30bae5_deals.csv,ml\gold_dd\configs\gdda_oos_gdd22_04_20260815001207_30bae5.yaml,2026-08-14T15:12:07+00:00,2026-08-14T15:12:50+00:00,42.858,
23527c8887de4cdab476d37580d03cb5,gdda_is_gdd22_05_20260815001250_23527c,GDD22_05,GDD22_05,sca_max_range,(2)軽微なコード変更,IS,GOLD2,2021.06.21,2026.06.20,False,OK,IS_SURVIVOR_DD,DD_TRADEOFF,"IS net=330087.83 (0.997x), PF=1.901154 (1.016x), DD=32052.72円/32.05272pt (1.000x); baseline net=331176.79, PF=1.871883, DD=32052.72円",0,330087.83,1.9011542324865438,32052.719999999972,32.05271999999997,596,0.01|0.02,0.01|0.02,True,False,0,False,0,False,0,True,"{""GoldDDSCAMaxRange"":0.9}",gdda_is_gdd22_05_20260815001250_23527c_deals.csv,ml\gold_dd\configs\gdda_is_gdd22_05_20260815001250_23527c.yaml,2026-08-14T15:12:50+00:00,2026-08-14T15:13:53+00:00,62.852,
af6c828b39924a01bf8e0a18ff724ebc,gdda_oos_gdd22_05_20260815001353_af6c82,GDD22_05,GDD22_05,sca_max_range,(2)軽微なコード変更,OOS,GOLD2,2016.06.21,2021.06.20,False,OK,OOS_REJECT,OUT_OF_GATE,"OOS net=60825.59 (1.013x), PF=1.408188 (1.009x), DD=14651.43円/14.65143pt (1.061x); baseline net=60050.52, PF=1.396192, DD=13806.08円",0,60825.590000000004,1.4081881240117513,14651.430000000008,14.651430000000008,624,0.01|0.02,0.01|0.02,True,False,0,False,0,False,0,True,"{""GoldDDSCAMaxRange"":0.9}",gdda_oos_gdd22_05_20260815001353_af6c82_deals.csv,ml\gold_dd\configs\gdda_oos_gdd22_05_20260815001353_af6c82.yaml,2026-08-14T15:13:53+00:00,2026-08-14T15:14:36+00:00,42.861,
c5e550659dbb4fe1b62fecc05a29a253,gdda_is_gdd22_06_20260815001436_c5e550,GDD22_06,GDD22_06,sca_max_range,(2)軽微なコード変更,IS,GOLD2,2021.06.21,2026.06.20,False,OK,IS_REJECT,BASELINE_EQUIVALENT,"IS net=331176.79 (1.000x), PF=1.871883 (1.000x), DD=32052.72円/32.05272pt (1.000x); baseline net=331176.79, PF=1.871883, DD=32052.72円",0,331176.79,1.8718825447675405,32052.719999999972,32.05271999999997,608,0.01|0.02,0.01|0.02,True,False,0,False,0,False,0,True,"{""GoldDDSCAMaxRange"":1.0}",gdda_is_gdd22_06_20260815001436_c5e550_deals.csv,ml\gold_dd\configs\gdda_is_gdd22_06_20260815001436_c5e550.yaml,2026-08-14T15:14:36+00:00,2026-08-14T15:15:39+00:00,62.863,
b153d69dde5742c78a0305a0365d7e4d,gdda_is_gdd22_07_20260815001539_b153d6,GDD22_07,GDD22_07,sca_max_range,(2)軽微なコード変更,IS,GOLD2,2021.06.21,2026.06.20,False,OK,IS_SURVIVOR_DD,DD_TRADEOFF,"IS net=322455.55 (0.974x), PF=1.819811 (0.972x), DD=32052.72円/32.05272pt (1.000x); baseline net=331176.79, PF=1.871883, DD=32052.72円",0,322455.55,1.8198108815671676,32052.719999999972,32.05271999999997,618,0.01|0.02,0.01|0.02,True,False,0,False,0,False,0,True,"{""GoldDDSCAMaxRange"":1.1}",gdda_is_gdd22_07_20260815001539_b153d6_deals.csv,ml\gold_dd\configs\gdda_is_gdd22_07_20260815001539_b153d6.yaml,2026-08-14T15:15:39+00:00,2026-08-14T15:16:42+00:00,62.887,
539db4fcda7c4cc191de0afa39deadf5,gdda_oos_gdd22_07_20260815001642_539db4,GDD22_07,GDD22_07,sca_max_range,(2)軽微なコード変更,OOS,GOLD2,2016.06.21,2021.06.20,False,OK,OOS_PASS,DD_OR_STRICT,"OOS net=60300.41 (1.004x), PF=1.397841 (1.001x), DD=13556.19円/13.55619pt (0.982x); baseline net=60050.52, PF=1.396192, DD=13806.08円",0,60300.41,1.3978409719710077,13556.190000000002,13.556190000000003,636,0.01|0.02,0.01|0.02,True,False,0,False,0,False,0,True,"{""GoldDDSCAMaxRange"":1.1}",gdda_oos_gdd22_07_20260815001642_539db4_deals.csv,ml\gold_dd\configs\gdda_oos_gdd22_07_20260815001642_539db4.yaml,2026-08-14T15:16:42+00:00,2026-08-14T15:17:24+00:00,42.844,
58273f8bfb06484ba1ae8c28ae306a8c,gdda_xm5_gdd22_07_20260815001724_58273f,GDD22_07,GDD22_07,sca_max_range,(2)軽微なコード変更,XM5,XM5,2016.11.09,2026.06.20,True,OK,XM5_PASS,DD_OR_STRICT,"XM5 net=529831.48 (0.984x), PF=1.822051 (0.983x), DD=35671.78円/35.67178pt (1.000x); baseline net=538302.83, PF=1.853047, DD=35671.78円",0,529831.48,1.822051147410024,35671.77999999997,35.67177999999997,1506,0.01|0.02|0.05,0.01|0.02|0.05,True,True,88,True,84,True,124,True,"{""GoldDDSCAMaxRange"":1.1}",gdda_xm5_gdd22_07_20260815001724_58273f_deals.csv,ml\gold_dd\configs\gdda_xm5_gdd22_07_20260815001724_58273f.yaml,2026-08-14T15:17:24+00:00,2026-08-14T15:25:08+00:00,463.291,
220f42cd77ee463890707b7c5e5f0584,gdda_is_gdd22_08_20260815002508_220f42,GDD22_08,GDD22_08,sca_max_range,(2)軽微なコード変更,IS,GOLD2,2021.06.21,2026.06.20,False,OK,IS_SURVIVOR_STRICT,STRICT,"IS net=352057.64 (1.063x), PF=1.895071 (1.012x), DD=32052.72円/32.05272pt (1.000x); baseline net=331176.79, PF=1.871883, DD=32052.72円",0,352057.64,1.8950712251994315,32052.719999999972,32.05271999999997,628,0.01|0.02,0.01|0.02,True,False,0,False,0,False,0,True,"{""GoldDDSCAMaxRange"":1.2}",gdda_is_gdd22_08_20260815002508_220f42_deals.csv,ml\gold_dd\configs\gdda_is_gdd22_08_20260815002508_220f42.yaml,2026-08-14T15:25:08+00:00,2026-08-14T15:26:11+00:00,63.044,
78ab587121844632a543302ac5f96c6f,gdda_oos_gdd22_08_20260815002611_78ab58,GDD22_08,GDD22_08,sca_max_range,(2)軽微なコード変更,OOS,GOLD2,2016.06.21,2021.06.20,False,OK,OOS_REJECT,OUT_OF_GATE,"OOS net=59011.07 (0.983x), PF=1.386050 (0.993x), DD=14845.53円/14.84553pt (1.075x); baseline net=60050.52, PF=1.396192, DD=13806.08円",0,59011.07,1.3860503771887813,14845.529999999999,14.845529999999998,638,0.01|0.02,0.01|0.02,True,False,0,False,0,False,0,True,"{""GoldDDSCAMaxRange"":1.2}",gdda_oos_gdd22_08_20260815002611_78ab58_deals.csv,ml\gold_dd\configs\gdda_oos_gdd22_08_20260815002611_78ab58.yaml,2026-08-14T15:26:11+00:00,2026-08-14T15:26:54+00:00,42.886,
aa46e61819db41d3bb3a42cb42c6f1a6,gdda_is_gdd22_09_20260815002654_aa46e6,GDD22_09,GDD22_09,sca_max_range,(2)軽微なコード変更,IS,GOLD2,2021.06.21,2026.06.20,False,OK,IS_SURVIVOR_DD,DD_TRADEOFF,"IS net=337246.43 (1.018x), PF=1.823031 (0.974x), DD=32052.72円/32.05272pt (1.000x); baseline net=331176.79, PF=1.871883, DD=32052.72円",0,337246.43,1.8230311921507887,32052.719999999972,32.05271999999997,634,0.01|0.02,0.01|0.02,True,False,0,False,0,False,0,True,"{""GoldDDSCAMaxRange"":1.3}",gdda_is_gdd22_09_20260815002654_aa46e6_deals.csv,ml\gold_dd\configs\gdda_is_gdd22_09_20260815002654_aa46e6.yaml,2026-08-14T15:26:54+00:00,2026-08-14T15:27:57+00:00,62.872,
82fad7e6f0954e2184ed0b04dba4204b,gdda_oos_gdd22_09_20260815002757_82fad7,GDD22_09,GDD22_09,sca_max_range,(2)軽微なコード変更,OOS,GOLD2,2016.06.21,2021.06.20,False,OK,OOS_REJECT,OUT_OF_GATE,"OOS net=59011.07 (0.983x), PF=1.386050 (0.993x), DD=14845.53円/14.84553pt (1.075x); baseline net=60050.52, PF=1.396192, DD=13806.08円",0,59011.07,1.3860503771887813,14845.529999999999,14.845529999999998,638,0.01|0.02,0.01|0.02,True,False,0,False,0,False,0,True,"{""GoldDDSCAMaxRange"":1.3}",gdda_oos_gdd22_09_20260815002757_82fad7_deals.csv,ml\gold_dd\configs\gdda_oos_gdd22_09_20260815002757_82fad7.yaml,2026-08-14T15:27:57+00:00,2026-08-14T15:28:39+00:00,42.853,
9d00c08da2654a479c539748e30ebaae,gdda_is_gdd22_10_20260815002840_9d00c0,GDD22_10,GDD22_10,sca_max_range,(2)軽微なコード変更,IS,GOLD2,2021.06.21,2026.06.20,False,OK,IS_SURVIVOR_DD,DD_TRADEOFF,"IS net=336808.79 (1.017x), PF=1.817735 (0.971x), DD=32052.72円/32.05272pt (1.000x); baseline net=331176.79, PF=1.871883, DD=32052.72円",0,336808.79,1.8177353376875955,32052.719999999972,32.05271999999997,638,0.01|0.02,0.01|0.02,True,False,0,False,0,False,0,True,"{""GoldDDSCAMaxRange"":1.4}",gdda_is_gdd22_10_20260815002840_9d00c0_deals.csv,ml\gold_dd\configs\gdda_is_gdd22_10_20260815002840_9d00c0.yaml,2026-08-14T15:28:40+00:00,2026-08-14T15:29:42+00:00,62.840,
07c90cea008142c1a0d48d9423afc9f5,gdda_oos_gdd22_10_20260815002942_07c90c,GDD22_10,GDD22_10,sca_max_range,(2)軽微なコード変更,OOS,GOLD2,2016.06.21,2021.06.20,False,OK,OOS_REJECT,OUT_OF_GATE,"OOS net=59011.07 (0.983x), PF=1.386050 (0.993x), DD=14845.53円/14.84553pt (1.075x); baseline net=60050.52, PF=1.396192, DD=13806.08円",0,59011.07,1.3860503771887813,14845.529999999999,14.845529999999998,638,0.01|0.02,0.01|0.02,True,False,0,False,0,False,0,True,"{""GoldDDSCAMaxRange"":1.4}",gdda_oos_gdd22_10_20260815002942_07c90c_deals.csv,ml\gold_dd\configs\gdda_oos_gdd22_10_20260815002942_07c90c.yaml,2026-08-14T15:29:42+00:00,2026-08-14T15:30:25+00:00,42.880,
afd26cf5fdf040b083f1410fe6936077,gdda_is_gdd22_11_20260815003025_afd26c,GDD22_11,GDD22_11,sca_max_range,(2)軽微なコード変更,IS,GOLD2,2021.06.21,2026.06.20,False,OK,IS_SURVIVOR_DD,DD_TRADEOFF,"IS net=335190.02 (1.012x), PF=1.810619 (0.967x), DD=32052.72円/32.05272pt (1.000x); baseline net=331176.79, PF=1.871883, DD=32052.72円",0,335190.02,1.81061924448037,32052.719999999972,32.05271999999997,640,0.01|0.02,0.01|0.02,True,False,0,False,0,False,0,True,"{""GoldDDSCAMaxRange"":1.5}",gdda_is_gdd22_11_20260815003025_afd26c_deals.csv,ml\gold_dd\configs\gdda_is_gdd22_11_20260815003025_afd26c.yaml,2026-08-14T15:30:25+00:00,2026-08-14T15:31:28+00:00,62.911,
765cf265a14e4eb5ab5745e958213aaf,gdda_oos_gdd22_11_20260815003128_765cf2,GDD22_11,GDD22_11,sca_max_range,(2)軽微なコード変更,OOS,GOLD2,2016.06.21,2021.06.20,False,OK,OOS_REJECT,OUT_OF_GATE,"OOS net=61095.41 (1.017x), PF=1.399686 (1.003x), DD=14845.53円/14.84553pt (1.075x); baseline net=60050.52, PF=1.396192, DD=13806.08円",0,61095.41,1.3996861279587582,14845.529999999999,14.845529999999998,640,0.01|0.02,0.01|0.02,True,False,0,False,0,False,0,True,"{""GoldDDSCAMaxRange"":1.5}",gdda_oos_gdd22_11_20260815003128_765cf2_deals.csv,ml\gold_dd\configs\gdda_oos_gdd22_11_20260815003128_765cf2.yaml,2026-08-14T15:31:28+00:00,2026-08-14T15:32:11+00:00,42.859,
49c3396c719c4253b33aee111b07e3e8,gdda_is_gdd22_12_20260815003211_49c339,GDD22_12,GDD22_12,sca_max_range,(2)軽微なコード変更,IS,GOLD2,2021.06.21,2026.06.20,False,OK,IS_SURVIVOR_DD,DD_TRADEOFF,"IS net=340655.84 (1.029x), PF=1.823838 (0.974x), DD=32052.72円/32.05272pt (1.000x); baseline net=331176.79, PF=1.871883, DD=32052.72円",0,340655.83999999997,1.8238377134516885,32052.719999999972,32.05271999999997,642,0.01|0.02,0.01|0.02,True,False,0,False,0,False,0,True,"{""GoldDDSCAMaxRange"":1.6}",gdda_is_gdd22_12_20260815003211_49c339_deals.csv,ml\gold_dd\configs\gdda_is_gdd22_12_20260815003211_49c339.yaml,2026-08-14T15:32:11+00:00,2026-08-14T15:33:14+00:00,62.844,
49dfd4911a6d4720b7e725c58e874b66,gdda_oos_gdd22_12_20260815003314_49dfd4,GDD22_12,GDD22_12,sca_max_range,(2)軽微なコード変更,OOS,GOLD2,2016.06.21,2021.06.20,False,OK,OOS_REJECT,OUT_OF_GATE,"OOS net=60823.69 (1.013x), PF=1.397202 (1.001x), DD=14845.53円/14.84553pt (1.075x); baseline net=60050.52, PF=1.396192, DD=13806.08円",0,60823.69,1.3972024719619298,14845.529999999999,14.845529999999998,642,0.01|0.02,0.01|0.02,True,False,0,False,0,False,0,True,"{""GoldDDSCAMaxRange"":1.6}",gdda_oos_gdd22_12_20260815003314_49dfd4_deals.csv,ml\gold_dd\configs\gdda_oos_gdd22_12_20260815003314_49dfd4.yaml,2026-08-14T15:33:14+00:00,2026-08-14T15:33:57+00:00,42.877,
da8fecc364fb4f29a3deda2b5172487b,gdda_is_gdd22_13_20260815003357_da8fec,GDD22_13,GDD22_13,sca_max_range,(2)軽微なコード変更,IS,GOLD2,2021.06.21,2026.06.20,False,OK,IS_SURVIVOR_DD,DD_TRADEOFF,"IS net=340655.84 (1.029x), PF=1.823838 (0.974x), DD=32052.72円/32.05272pt (1.000x); baseline net=331176.79, PF=1.871883, DD=32052.72円",0,340655.83999999997,1.8238377134516885,32052.719999999972,32.05271999999997,642,0.01|0.02,0.01|0.02,True,False,0,False,0,False,0,True,"{""GoldDDSCAMaxRange"":1.7}",gdda_is_gdd22_13_20260815003357_da8fec_deals.csv,ml\gold_dd\configs\gdda_is_gdd22_13_20260815003357_da8fec.yaml,2026-08-14T15:33:57+00:00,2026-08-14T15:35:00+00:00,62.875,
05f387e6380e4166919da155d0f76029,gdda_oos_gdd22_13_20260815003500_05f387,GDD22_13,GDD22_13,sca_max_range,(2)軽微なコード変更,OOS,GOLD2,2016.06.21,2021.06.20,False,OK,OOS_REJECT,OUT_OF_GATE,"OOS net=60823.69 (1.013x), PF=1.397202 (1.001x), DD=14845.53円/14.84553pt (1.075x); baseline net=60050.52, PF=1.396192, DD=13806.08円",0,60823.69,1.3972024719619298,14845.529999999999,14.845529999999998,642,0.01|0.02,0.01|0.02,True,False,0,False,0,False,0,True,"{""GoldDDSCAMaxRange"":1.7}",gdda_oos_gdd22_13_20260815003500_05f387_deals.csv,ml\gold_dd\configs\gdda_oos_gdd22_13_20260815003500_05f387.yaml,2026-08-14T15:35:00+00:00,2026-08-14T15:35:43+00:00,42.879,
6f7450fdfb684cecb6eba92cec17cde3,gdda_is_gdd22_14_20260815003543_6f7450,GDD22_14,GDD22_14,sca_max_range,(2)軽微なコード変更,IS,GOLD2,2021.06.21,2026.06.20,False,OK,IS_SURVIVOR_DD,DD_TRADEOFF,"IS net=337174.00 (1.018x), PF=1.808608 (0.966x), DD=32052.72円/32.05272pt (1.000x); baseline net=331176.79, PF=1.871883, DD=32052.72円",0,337174.0,1.8086084396836148,32052.719999999972,32.05271999999997,644,0.01|0.02,0.01|0.02,True,False,0,False,0,False,0,True,"{""GoldDDSCAMaxRange"":1.8}",gdda_is_gdd22_14_20260815003543_6f7450_deals.csv,ml\gold_dd\configs\gdda_is_gdd22_14_20260815003543_6f7450.yaml,2026-08-14T15:35:43+00:00,2026-08-14T15:36:46+00:00,62.856,
1f28d3d2736345538d9b17bb0a75f9b4,gdda_oos_gdd22_14_20260815003646_1f28d3,GDD22_14,GDD22_14,sca_max_range,(2)軽微なコード変更,OOS,GOLD2,2016.06.21,2021.06.20,False,OK,OOS_REJECT,OUT_OF_GATE,"OOS net=59957.13 (0.998x), PF=1.389340 (0.995x), DD=15712.09円/15.71209pt (1.138x); baseline net=60050.52, PF=1.396192, DD=13806.08円",0,59957.130000000005,1.3893402295827673,15712.089999999997,15.712089999999996,644,0.01|0.02,0.01|0.02,True,False,0,False,0,False,0,True,"{""GoldDDSCAMaxRange"":1.8}",gdda_oos_gdd22_14_20260815003646_1f28d3_deals.csv,ml\gold_dd\configs\gdda_oos_gdd22_14_20260815003646_1f28d3.yaml,2026-08-14T15:36:46+00:00,2026-08-14T15:37:28+00:00,42.857,
c18d8a8e61e1473cbfc7893c83649f4f,gdda_is_gdd22_15_20260815003728_c18d8a,GDD22_15,GDD22_15,sca_max_range,(2)軽微なコード変更,IS,GOLD2,2021.06.21,2026.06.20,False,OK,IS_SURVIVOR_DD,DD_TRADEOFF,"IS net=337174.00 (1.018x), PF=1.808608 (0.966x), DD=32052.72円/32.05272pt (1.000x); baseline net=331176.79, PF=1.871883, DD=32052.72円",0,337174.0,1.8086084396836148,32052.719999999972,32.05271999999997,644,0.01|0.02,0.01|0.02,True,False,0,False,0,False,0,True,"{""GoldDDSCAMaxRange"":1.9}",gdda_is_gdd22_15_20260815003728_c18d8a_deals.csv,ml\gold_dd\configs\gdda_is_gdd22_15_20260815003728_c18d8a.yaml,2026-08-14T15:37:28+00:00,2026-08-14T15:38:31+00:00,62.866,
2f2e669f990f498da754dc000af07e48,gdda_oos_gdd22_15_20260815003831_2f2e66,GDD22_15,GDD22_15,sca_max_range,(2)軽微なコード変更,OOS,GOLD2,2016.06.21,2021.06.20,False,OK,OOS_REJECT,OUT_OF_GATE,"OOS net=59957.13 (0.998x), PF=1.389340 (0.995x), DD=15712.09円/15.71209pt (1.138x); baseline net=60050.52, PF=1.396192, DD=13806.08円",0,59957.130000000005,1.3893402295827673,15712.089999999997,15.712089999999996,644,0.01|0.02,0.01|0.02,True,False,0,False,0,False,0,True,"{""GoldDDSCAMaxRange"":1.9}",gdda_oos_gdd22_15_20260815003831_2f2e66_deals.csv,ml\gold_dd\configs\gdda_oos_gdd22_15_20260815003831_2f2e66.yaml,2026-08-14T15:38:31+00:00,2026-08-14T15:39:14+00:00,42.846,
e91c7da2f5eb4b2d89875c30b20c961b,gdda_is_gdd22_16_20260815003914_e91c7d,GDD22_16,GDD22_16,sca_max_range,(2)軽微なコード変更,IS,GOLD2,2021.06.21,2026.06.20,False,OK,IS_SURVIVOR_DD,DD_TRADEOFF,"IS net=337174.00 (1.018x), PF=1.808608 (0.966x), DD=32052.72円/32.05272pt (1.000x); baseline net=331176.79, PF=1.871883, DD=32052.72円",0,337174.0,1.8086084396836148,32052.719999999972,32.05271999999997,644,0.01|0.02,0.01|0.02,True,False,0,False,0,False,0,True,"{""GoldDDSCAMaxRange"":2.0}",gdda_is_gdd22_16_20260815003914_e91c7d_deals.csv,ml\gold_dd\configs\gdda_is_gdd22_16_20260815003914_e91c7d.yaml,2026-08-14T15:39:14+00:00,2026-08-14T15:40:17+00:00,62.868,
7999e77dcf504575ba6c5145df327728,gdda_oos_gdd22_16_20260815004017_7999e7,GDD22_16,GDD22_16,sca_max_range,(2)軽微なコード変更,OOS,GOLD2,2016.06.21,2021.06.20,False,OK,OOS_REJECT,OUT_OF_GATE,"OOS net=59957.13 (0.998x), PF=1.389340 (0.995x), DD=15712.09円/15.71209pt (1.138x); baseline net=60050.52, PF=1.396192, DD=13806.08円",0,59957.130000000005,1.3893402295827673,15712.089999999997,15.712089999999996,644,0.01|0.02,0.01|0.02,True,False,0,False,0,False,0,True,"{""GoldDDSCAMaxRange"":2.0}",gdda_oos_gdd22_16_20260815004017_7999e7_deals.csv,ml\gold_dd\configs\gdda_oos_gdd22_16_20260815004017_7999e7.yaml,2026-08-14T15:40:17+00:00,2026-08-14T15:41:00+00:00,42.864,
605ec50af99f4db3aeb3e8913445f15b,gdda_is_gdd22_17_20260815004100_605ec5,GDD22_17,GDD22_17,sca_max_range,(2)軽微なコード変更,IS,GOLD2,2021.06.21,2026.06.20,False,OK,IS_REJECT,DOMINATED,"IS net=276972.69 (0.836x), PF=1.580434 (0.844x), DD=60367.37円/60.36737pt (1.883x); baseline net=331176.79, PF=1.871883, DD=32052.72円",0,276972.69,1.5804342273104381,60367.369999999995,60.367369999999994,646,0.01|0.02,0.01|0.02,True,False,0,False,0,False,0,True,"{""GoldDDSCAMaxRange"":2.1}",gdda_is_gdd22_17_20260815004100_605ec5_deals.csv,ml\gold_dd\configs\gdda_is_gdd22_17_20260815004100_605ec5.yaml,2026-08-14T15:41:00+00:00,2026-08-14T15:42:03+00:00,62.865,
75d1995ea71745ce9f44413956ab01ac,gdda_is_gdd22_18_20260815004203_75d199,GDD22_18,GDD22_18,sca_max_range,(2)軽微なコード変更,IS,GOLD2,2021.06.21,2026.06.20,False,OK,IS_REJECT,DOMINATED,"IS net=276972.69 (0.836x), PF=1.580434 (0.844x), DD=60367.37円/60.36737pt (1.883x); baseline net=331176.79, PF=1.871883, DD=32052.72円",0,276972.69,1.5804342273104381,60367.369999999995,60.367369999999994,646,0.01|0.02,0.01|0.02,True,False,0,False,0,False,0,True,"{""GoldDDSCAMaxRange"":2.2}",gdda_is_gdd22_18_20260815004203_75d199_deals.csv,ml\gold_dd\configs\gdda_is_gdd22_18_20260815004203_75d199.yaml,2026-08-14T15:42:03+00:00,2026-08-14T15:43:06+00:00,62.888,
88c2f3e68d344b40a10951476a382d3a,gdda_is_gdd22_19_20260815004306_88c2f3,GDD22_19,GDD22_19,sca_max_range,(2)軽微なコード変更,IS,GOLD2,2021.06.21,2026.06.20,False,OK,IS_REJECT,DOMINATED,"IS net=276972.69 (0.836x), PF=1.580434 (0.844x), DD=60367.37円/60.36737pt (1.883x); baseline net=331176.79, PF=1.871883, DD=32052.72円",0,276972.69,1.5804342273104381,60367.369999999995,60.367369999999994,646,0.01|0.02,0.01|0.02,True,False,0,False,0,False,0,True,"{""GoldDDSCAMaxRange"":2.3}",gdda_is_gdd22_19_20260815004306_88c2f3_deals.csv,ml\gold_dd\configs\gdda_is_gdd22_19_20260815004306_88c2f3.yaml,2026-08-14T15:43:06+00:00,2026-08-14T15:44:09+00:00,62.876,
6debd116e97d439da783cdd897005e50,gdda_is_gdd22_20_20260815004409_6debd1,GDD22_20,GDD22_20,sca_max_range,(2)軽微なコード変更,IS,GOLD2,2021.06.21,2026.06.20,False,OK,IS_REJECT,DOMINATED,"IS net=276972.69 (0.836x), PF=1.580434 (0.844x), DD=60367.37円/60.36737pt (1.883x); baseline net=331176.79, PF=1.871883, DD=32052.72円",0,276972.69,1.5804342273104381,60367.369999999995,60.367369999999994,646,0.01|0.02,0.01|0.02,True,False,0,False,0,False,0,True,"{""GoldDDSCAMaxRange"":2.4}",gdda_is_gdd22_20_20260815004409_6debd1_deals.csv,ml\gold_dd\configs\gdda_is_gdd22_20_20260815004409_6debd1.yaml,2026-08-14T15:44:09+00:00,2026-08-14T15:45:12+00:00,62.880,
355aee51bdf547e7bc641b1245d77c1c,gdda_is_gdd23_01_20260815004512_355aee,GDD23_01,GDD23_01,sca_buffer,(2)軽微なコード変更,IS,GOLD2,2021.06.21,2026.06.20,False,OK,IS_SURVIVOR_TRADEOFF,TRADEOFF,"IS net=341400.32 (1.031x), PF=1.712611 (0.915x), DD=41465.52円/41.46552pt (1.294x); baseline net=331176.79, PF=1.871883, DD=32052.72円",0,341400.32,1.7126113386335093,41465.52000000003,41.46552000000003,742,0.01|0.02,0.01|0.02,True,False,0,False,0,False,0,True,"{""GoldDDSCABuffer"":0.0}",gdda_is_gdd23_01_20260815004512_355aee_deals.csv,ml\gold_dd\configs\gdda_is_gdd23_01_20260815004512_355aee.yaml,2026-08-14T15:45:12+00:00,2026-08-14T15:46:15+00:00,62.897,
2f8fafc72efc419cba3b2da463bcc216,gdda_oos_gdd23_01_20260815004615_2f8faf,GDD23_01,GDD23_01,sca_buffer,(2)軽微なコード変更,OOS,GOLD2,2016.06.21,2021.06.20,False,OK,OOS_REJECT,OUT_OF_GATE,"OOS net=44450.37 (0.740x), PF=1.243342 (0.891x), DD=15087.56円/15.08756pt (1.093x); baseline net=60050.52, PF=1.396192, DD=13806.08円",0,44450.37,1.243341623668003,15087.560000000027,15.087560000000027,750,0.01|0.02,0.01|0.02,True,False,0,False,0,False,0,True,"{""GoldDDSCABuffer"":0.0}",gdda_oos_gdd23_01_20260815004615_2f8faf_deals.csv,ml\gold_dd\configs\gdda_oos_gdd23_01_20260815004615_2f8faf.yaml,2026-08-14T15:46:15+00:00,2026-08-14T15:46:58+00:00,42.873,
b35840041c3f44c7ad5180e10fcb9279,gdda_is_gdd23_02_20260815004658_b35840,GDD23_02,GDD23_02,sca_buffer,(2)軽微なコード変更,IS,GOLD2,2021.06.21,2026.06.20,False,OK,IS_REJECT,DOMINATED,"IS net=325724.11 (0.984x), PF=1.676817 (0.896x), DD=41851.05円/41.85105pt (1.306x); baseline net=331176.79, PF=1.871883, DD=32052.72円",0,325724.11,1.6768172246688162,41851.05000000002,41.851050000000015,734,0.01|0.02,0.01|0.02,True,False,0,False,0,False,0,True,"{""GoldDDSCABuffer"":0.01}",gdda_is_gdd23_02_20260815004658_b35840_deals.csv,ml\gold_dd\configs\gdda_is_gdd23_02_20260815004658_b35840.yaml,2026-08-14T15:46:58+00:00,2026-08-14T15:48:00+00:00,62.849,
5bb05e95de904f6cb2158b0dee2ddde1,gdda_is_gdd23_03_20260815004800_5bb05e,GDD23_03,GDD23_03,sca_buffer,(2)軽微なコード変更,IS,GOLD2,2021.06.21,2026.06.20,False,OK,IS_REJECT,DOMINATED,"IS net=309540.36 (0.935x), PF=1.672134 (0.893x), DD=39640.14円/39.64014pt (1.237x); baseline net=331176.79, PF=1.871883, DD=32052.72円",0,309540.36,1.6721344861502652,39640.14,39.64014,698,0.01|0.02,0.01|0.02,True,False,0,False,0,False,0,True,"{""GoldDDSCABuffer"":0.02}",gdda_is_gdd23_03_20260815004800_5bb05e_deals.csv,ml\gold_dd\configs\gdda_is_gdd23_03_20260815004800_5bb05e.yaml,2026-08-14T15:48:00+00:00,2026-08-14T15:49:03+00:00,62.871,
8163230ae02a4bf4bcea39e9383ef437,gdda_is_gdd23_04_20260815004903_816323,GDD23_04,GDD23_04,sca_buffer,(2)軽微なコード変更,IS,GOLD2,2021.06.21,2026.06.20,False,OK,IS_REJECT,DOMINATED,"IS net=319917.71 (0.966x), PF=1.751030 (0.935x), DD=36289.60円/36.28960pt (1.132x); baseline net=331176.79, PF=1.871883, DD=32052.72円",0,319917.71,1.7510301149456156,36289.600000000006,36.28960000000001,660,0.01|0.02,0.01|0.02,True,False,0,False,0,False,0,True,"{""GoldDDSCABuffer"":0.03}",gdda_is_gdd23_04_20260815004903_816323_deals.csv,ml\gold_dd\configs\gdda_is_gdd23_04_20260815004903_816323.yaml,2026-08-14T15:49:03+00:00,2026-08-14T15:50:06+00:00,62.869,
26e0e61f8b6043db9f754243aa164826,gdda_is_gdd23_05_20260815005006_26e0e6,GDD23_05,GDD23_05,sca_buffer,(2)軽微なコード変更,IS,GOLD2,2021.06.21,2026.06.20,False,OK,IS_SURVIVOR_DD,DD_TRADEOFF,"IS net=324257.59 (0.979x), PF=1.801266 (0.962x), DD=32052.72円/32.05272pt (1.000x); baseline net=331176.79, PF=1.871883, DD=32052.72円",0,324257.58999999997,1.8012664334230764,32052.719999999972,32.05271999999997,632,0.01|0.02,0.01|0.02,True,False,0,False,0,False,0,True,"{""GoldDDSCABuffer"":0.04}",gdda_is_gdd23_05_20260815005006_26e0e6_deals.csv,ml\gold_dd\configs\gdda_is_gdd23_05_20260815005006_26e0e6.yaml,2026-08-14T15:50:06+00:00,2026-08-14T15:51:09+00:00,62.872,
0569d224f6da4eae9184a07622880d26,gdda_oos_gdd23_05_20260815005109_0569d2,GDD23_05,GDD23_05,sca_buffer,(2)軽微なコード変更,OOS,GOLD2,2016.06.21,2021.06.20,False,OK,OOS_REJECT,OUT_OF_GATE,"OOS net=59110.68 (0.984x), PF=1.375189 (0.985x), DD=15109.96円/15.10996pt (1.094x); baseline net=60050.52, PF=1.396192, DD=13806.08円",0,59110.68,1.3751891077971092,15109.959999999992,15.109959999999992,656,0.01|0.02,0.01|0.02,True,False,0,False,0,False,0,True,"{""GoldDDSCABuffer"":0.04}",gdda_oos_gdd23_05_20260815005109_0569d2_deals.csv,ml\gold_dd\configs\gdda_oos_gdd23_05_20260815005109_0569d2.yaml,2026-08-14T15:51:09+00:00,2026-08-14T15:51:52+00:00,42.893,
c59b3c44d28d48d2b332db8332b3050c,gdda_is_gdd23_06_20260815005152_c59b3c,GDD23_06,GDD23_06,sca_buffer,(2)軽微なコード変更,IS,GOLD2,2021.06.21,2026.06.20,False,OK,IS_REJECT,BASELINE_EQUIVALENT,"IS net=331176.79 (1.000x), PF=1.871883 (1.000x), DD=32052.72円/32.05272pt (1.000x); baseline net=331176.79, PF=1.871883, DD=32052.72円",0,331176.79,1.8718825447675405,32052.719999999972,32.05271999999997,608,0.01|0.02,0.01|0.02,True,False,0,False,0,False,0,True,"{""GoldDDSCABuffer"":0.05}",gdda_is_gdd23_06_20260815005152_c59b3c_deals.csv,ml\gold_dd\configs\gdda_is_gdd23_06_20260815005152_c59b3c.yaml,2026-08-14T15:51:52+00:00,2026-08-14T15:52:55+00:00,62.893,
ec5d864ae90f41ca8fbdb944a185945c,gdda_is_gdd23_07_20260815005255_ec5d86,GDD23_07,GDD23_07,sca_buffer,(2)軽微なコード変更,IS,GOLD2,2021.06.21,2026.06.20,False,OK,IS_SURVIVOR_DD,DD_TRADEOFF,"IS net=320851.89 (0.969x), PF=1.861996 (0.995x), DD=32052.72円/32.05272pt (1.000x); baseline net=331176.79, PF=1.871883, DD=32052.72円",0,320851.89,1.8619957384858157,32052.719999999972,32.05271999999997,594,0.01|0.02,0.01|0.02,True,False,0,False,0,False,0,True,"{""GoldDDSCABuffer"":0.06}",gdda_is_gdd23_07_20260815005255_ec5d86_deals.csv,ml\gold_dd\configs\gdda_is_gdd23_07_20260815005255_ec5d86.yaml,2026-08-14T15:52:55+00:00,2026-08-14T15:53:58+00:00,62.857,
b997e334b9b6475f96fc65e2d0ece9d0,gdda_oos_gdd23_07_20260815005358_b997e3,GDD23_07,GDD23_07,sca_buffer,(2)軽微なコード変更,OOS,GOLD2,2016.06.21,2021.06.20,False,OK,OOS_REJECT,OUT_OF_GATE,"OOS net=61613.96 (1.026x), PF=1.433740 (1.027x), DD=15162.91円/15.16291pt (1.098x); baseline net=60050.52, PF=1.396192, DD=13806.08円",0,61613.96000000001,1.433740398452348,15162.910000000033,15.162910000000032,608,0.01|0.02,0.01|0.02,True,False,0,False,0,False,0,True,"{""GoldDDSCABuffer"":0.06}",gdda_oos_gdd23_07_20260815005358_b997e3_deals.csv,ml\gold_dd\configs\gdda_oos_gdd23_07_20260815005358_b997e3.yaml,2026-08-14T15:53:58+00:00,2026-08-14T15:54:41+00:00,42.857,
ebc7b0c4c233448bb18f784a2f376741,gdda_is_gdd23_08_20260815005441_ebc7b0,GDD23_08,GDD23_08,sca_buffer,(2)軽微なコード変更,IS,GOLD2,2021.06.21,2026.06.20,False,OK,IS_SURVIVOR_DD,DD_TRADEOFF,"IS net=294669.76 (0.890x), PF=1.799861 (0.962x), DD=32052.72円/32.05272pt (1.000x); baseline net=331176.79, PF=1.871883, DD=32052.72円",0,294669.76,1.7998609342357264,32052.719999999972,32.05271999999997,570,0.01|0.02,0.01|0.02,True,False,0,False,0,False,0,True,"{""GoldDDSCABuffer"":0.07}",gdda_is_gdd23_08_20260815005441_ebc7b0_deals.csv,ml\gold_dd\configs\gdda_is_gdd23_08_20260815005441_ebc7b0.yaml,2026-08-14T15:54:41+00:00,2026-08-14T15:55:44+00:00,62.850,
d29c413f080e49589c5785b2ad3f657f,gdda_oos_gdd23_08_20260815005544_d29c41,GDD23_08,GDD23_08,sca_buffer,(2)軽微なコード変更,OOS,GOLD2,2016.06.21,2021.06.20,False,OK,OOS_PASS,DD_OR_STRICT,"OOS net=63614.94 (1.059x), PF=1.458975 (1.045x), DD=13696.40円/13.69640pt (0.992x); baseline net=60050.52, PF=1.396192, DD=13806.08円",0,63614.94,1.4589752637964892,13696.400000000009,13.69640000000001,592,0.01|0.02,0.01|0.02,True,False,0,False,0,False,0,True,"{""GoldDDSCABuffer"":0.07}",gdda_oos_gdd23_08_20260815005544_d29c41_deals.csv,ml\gold_dd\configs\gdda_oos_gdd23_08_20260815005544_d29c41.yaml,2026-08-14T15:55:44+00:00,2026-08-14T15:56:27+00:00,42.854,
c9c2e552c53f49c18cd75f880f8d0abe,gdda_xm5_gdd23_08_20260815005627_c9c2e5,GDD23_08,GDD23_08,sca_buffer,(2)軽微なコード変更,XM5,XM5,2016.11.09,2026.06.20,True,OK,XM5_REJECT,OUT_OF_GATE,"XM5 net=503409.21 (0.935x), PF=1.827127 (0.986x), DD=35937.71円/35.93771pt (1.007x); baseline net=538302.83, PF=1.853047, DD=35671.78円",0,503409.20999999996,1.8271268082470231,35937.70999999996,35.93770999999996,1418,0.01|0.02|0.05,0.01|0.02|0.05,True,True,88,True,84,True,124,True,"{""GoldDDSCABuffer"":0.07}",gdda_xm5_gdd23_08_20260815005627_c9c2e5_deals.csv,ml\gold_dd\configs\gdda_xm5_gdd23_08_20260815005627_c9c2e5.yaml,2026-08-14T15:56:27+00:00,2026-08-14T16:03:55+00:00,448.241,
5d485078fc934e3f9fd0309460712467,gdda_is_gdd23_09_20260815010355_5d4850,GDD23_09,GDD23_09,sca_buffer,(2)軽微なコード変更,IS,GOLD2,2021.06.21,2026.06.20,False,OK,IS_SURVIVOR_DD,DD_TRADEOFF,"IS net=278079.27 (0.840x), PF=1.757931 (0.939x), DD=32052.72円/32.05272pt (1.000x); baseline net=331176.79, PF=1.871883, DD=32052.72円",0,278079.27,1.7579311923792391,32052.719999999972,32.05271999999997,546,0.01|0.02,0.01|0.02,True,False,0,False,0,False,0,True,"{""GoldDDSCABuffer"":0.08}",gdda_is_gdd23_09_20260815010355_5d4850_deals.csv,ml\gold_dd\configs\gdda_is_gdd23_09_20260815010355_5d4850.yaml,2026-08-14T16:03:55+00:00,2026-08-14T16:10:20+00:00,384.875,
bc76eb653f1845e6a7c77fe328a1c891,gdda_oos_gdd23_09_20260815011020_bc76eb,GDD23_09,GDD23_09,sca_buffer,(2)軽微なコード変更,OOS,GOLD2,2016.06.21,2021.06.20,False,OK,OOS_PASS,DD_OR_STRICT,"OOS net=69779.57 (1.162x), PF=1.530962 (1.097x), DD=11305.82円/11.30582pt (0.819x); baseline net=60050.52, PF=1.396192, DD=13806.08円",0,69779.57,1.5309624221166616,11305.820000000036,11.305820000000036,572,0.01|0.02,0.01|0.02,True,False,0,False,0,False,0,True,"{""GoldDDSCABuffer"":0.08}",gdda_oos_gdd23_09_20260815011020_bc76eb_deals.csv,ml\gold_dd\configs\gdda_oos_gdd23_09_20260815011020_bc76eb.yaml,2026-08-14T16:10:20+00:00,2026-08-14T16:11:03+00:00,42.828,
16d85af410e4445c9fc22ae7f909c701,gdda_xm5_gdd23_09_20260815011103_16d85a,GDD23_09,GDD23_09,sca_buffer,(2)軽微なコード変更,XM5,XM5,2016.11.09,2026.06.20,True,OK,XM5_REJECT,OUT_OF_GATE,"XM5 net=492434.16 (0.915x), PF=1.819923 (0.982x), DD=36027.32円/36.02732pt (1.010x); baseline net=538302.83, PF=1.853047, DD=35671.78円",0,492434.16,1.8199227950714334,36027.32000000001,36.02732000000001,1376,0.01|0.02|0.05,0.01|0.02|0.05,True,True,88,True,84,True,124,True,"{""GoldDDSCABuffer"":0.08}",gdda_xm5_gdd23_09_20260815011103_16d85a_deals.csv,ml\gold_dd\configs\gdda_xm5_gdd23_09_20260815011103_16d85a.yaml,2026-08-14T16:11:03+00:00,2026-08-14T16:18:26+00:00,443.304,
e2e065baa72f42b3bba3f0a064a1b07a,gdda_is_gdd23_10_20260815011826_e2e065,GDD23_10,GDD23_10,sca_buffer,(2)軽微なコード変更,IS,GOLD2,2021.06.21,2026.06.20,False,OK,IS_SURVIVOR_DD,DD_TRADEOFF,"IS net=274033.18 (0.827x), PF=1.748686 (0.934x), DD=32052.72円/32.05272pt (1.000x); baseline net=331176.79, PF=1.871883, DD=32052.72円",0,274033.18,1.7486860170554612,32052.719999999972,32.05271999999997,536,0.01|0.02,0.01|0.02,True,False,0,False,0,False,0,True,"{""GoldDDSCABuffer"":0.09}",gdda_is_gdd23_10_20260815011826_e2e065_deals.csv,ml\gold_dd\configs\gdda_is_gdd23_10_20260815011826_e2e065.yaml,2026-08-14T16:18:26+00:00,2026-08-14T16:24:51+00:00,385.070,
01026d1cd5e14356a0a3188488deec4f,gdda_oos_gdd23_10_20260815012451_01026d,GDD23_10,GDD23_10,sca_buffer,(2)軽微なコード変更,OOS,GOLD2,2016.06.21,2021.06.20,False,OK,OOS_PASS,DD_OR_STRICT,"OOS net=64660.27 (1.077x), PF=1.506128 (1.079x), DD=11828.97円/11.82897pt (0.857x); baseline net=60050.52, PF=1.396192, DD=13806.08円",0,64660.270000000004,1.5061284652943383,11828.97000000003,11.82897000000003,556,0.01|0.02,0.01|0.02,True,False,0,False,0,False,0,True,"{""GoldDDSCABuffer"":0.09}",gdda_oos_gdd23_10_20260815012451_01026d_deals.csv,ml\gold_dd\configs\gdda_oos_gdd23_10_20260815012451_01026d.yaml,2026-08-14T16:24:51+00:00,2026-08-14T16:25:34+00:00,42.891,
118aae5d5586496d9f582889898b31fb,gdda_xm5_gdd23_10_20260815012534_118aae,GDD23_10,GDD23_10,sca_buffer,(2)軽微なコード変更,XM5,XM5,2016.11.09,2026.06.20,True,OK,XM5_REJECT,OUT_OF_GATE,"XM5 net=483309.80 (0.898x), PF=1.810700 (0.977x), DD=36114.29円/36.11429pt (1.012x); baseline net=538302.83, PF=1.853047, DD=35671.78円",0,483309.8,1.8106999488059987,36114.28999999998,36.114289999999976,1354,0.01|0.02|0.05,0.01|0.02|0.05,True,True,88,True,84,True,124,True,"{""GoldDDSCABuffer"":0.09}",gdda_xm5_gdd23_10_20260815012534_118aae_deals.csv,ml\gold_dd\configs\gdda_xm5_gdd23_10_20260815012534_118aae.yaml,2026-08-14T16:25:34+00:00,2026-08-14T16:33:02+00:00,448.248,
05982cbba2a3463485ed5e4d25b87c59,gdda_is_gdd23_11_20260815013302_05982c,GDD23_11,GDD23_11,sca_buffer,(2)軽微なコード変更,IS,GOLD2,2021.06.21,2026.06.20,False,OK,IS_SURVIVOR_DD,DD_TRADEOFF,"IS net=268949.00 (0.812x), PF=1.749824 (0.935x), DD=32052.72円/32.05272pt (1.000x); baseline net=331176.79, PF=1.871883, DD=32052.72円",0,268949.0,1.7498236604466897,32052.719999999972,32.05271999999997,514,0.01|0.02,0.01|0.02,True,False,0,False,0,False,0,True,"{""GoldDDSCABuffer"":0.1}",gdda_is_gdd23_11_20260815013302_05982c_deals.csv,ml\gold_dd\configs\gdda_is_gdd23_11_20260815013302_05982c.yaml,2026-08-14T16:33:02+00:00,2026-08-14T19:54:48+00:00,12105.780,
5369d1814ffe46ea9ba6b52d74d2dad3,gdda_oos_gdd23_11_20260815045448_5369d1,GDD23_11,GDD23_11,sca_buffer,(2)軽微なコード変更,OOS,GOLD2,2016.06.21,2021.06.20,False,OK,OOS_PASS,DD_OR_STRICT,"OOS net=58169.84 (0.969x), PF=1.468229 (1.052x), DD=13384.07円/13.38407pt (0.969x); baseline net=60050.52, PF=1.396192, DD=13806.08円",0,58169.840000000004,1.468228850478509,13384.07000000005,13.384070000000051,538,0.01|0.02,0.01|0.02,True,False,0,False,0,False,0,True,"{""GoldDDSCABuffer"":0.1}",gdda_oos_gdd23_11_20260815045448_5369d1_deals.csv,ml\gold_dd\configs\gdda_oos_gdd23_11_20260815045448_5369d1.yaml,2026-08-14T19:54:48+00:00,2026-08-14T19:55:31+00:00,42.923,
210eb3186b434f1787c5469d73b0b463,gdda_xm5_gdd23_11_20260815045531_210eb3,GDD23_11,GDD23_11,sca_buffer,(2)軽微なコード変更,XM5,XM5,2016.11.09,2026.06.20,True,FAILED,RUN_FAILED,RuntimeError,mt5bt returncode=1; log=C:\Users\f\source\repos\mt5_backtester\ml\gold_dd\logs\gdda_xm5_gdd23_11_20260815045531_210eb3.log,1,,,,,,,0.01|0.02|0.05,,,,,,,,,"{""GoldDDSCABuffer"":0.1}",gdda_xm5_gdd23_11_20260815045531_210eb3_deals.csv,ml\gold_dd\configs\gdda_xm5_gdd23_11_20260815045531_210eb3.yaml,2026-08-14T19:55:31+00:00,2026-08-14T23:02:37+00:00,11226.580,"Traceback (most recent call last):
  File ""C:\Users\f\source\repos\mt5_backtester\ml\gold_dd\run_all.py"", line 580, in execute_one
    raise RuntimeError(f""mt5bt returncode={returncode}; log={run_log}"")
RuntimeError: mt5bt returncode=1; log=C:\Users\f\source\repos\mt5_backtester\ml\gold_dd\logs\gdda_xm5_gdd23_11_20260815045531_210eb3.log
"
b68f64e19d594d5fb6e1f8d0eb863b4e,gdda_oos_gdd09_02_20260815080639_b68f64,GDD09_02,GDD09_02,pb_slope,(2)軽微なコード変更,OOS,GOLD2,2016.06.21,2021.06.20,False,OK,OOS_REJECT,OUT_OF_GATE,"OOS net=-5763.35 (-0.096x), PF=0.977134 (0.700x), DD=73669.52円/73.66952pt (5.336x); baseline net=60050.52, PF=1.396192, DD=13806.08円",0,-5763.349999999998,0.9771340940265287,73669.51999999999,73.66951999999999,764,0.01|0.02,0.01|0.02,True,False,0,False,0,False,0,True,"{""GoldDDPBSlopeATR"":0.2}",gdda_oos_gdd09_02_20260815080639_b68f64_deals.csv,ml\gold_dd\configs\gdda_oos_gdd09_02_20260815080639_b68f64.yaml,2026-08-14T23:06:39+00:00,2026-08-14T23:07:34+00:00,55.521,
bbfa40eb0d6e4e52ac03d571c25cc4da,gdda_xm5_gdd23_11_20260815080739_bbfa40,GDD23_11,GDD23_11,sca_buffer,(2)軽微なコード変更,XM5,XM5,2016.11.09,2026.06.20,True,OK,XM5_REJECT,OUT_OF_GATE,"XM5 net=472016.04 (0.877x), PF=1.806442 (0.975x), DD=36204.86円/36.20486pt (1.015x); baseline net=538302.83, PF=1.853047, DD=35671.78円",0,472016.04,1.806441967563375,36204.859999999986,36.20485999999999,1314,0.01|0.02|0.05,0.01|0.02|0.05,True,True,88,True,84,True,124,True,"{""GoldDDSCABuffer"":0.1}",gdda_xm5_gdd23_11_20260815080739_bbfa40_deals.csv,ml\gold_dd\configs\gdda_xm5_gdd23_11_20260815080739_bbfa40.yaml,2026-08-14T23:07:39+00:00,2026-08-14T23:16:19+00:00,520.512,
5a5357ad4a3f41d2a435ca4b1a6ef470,gdda_is_gdd23_12_20260815081619_5a5357,GDD23_12,GDD23_12,sca_buffer,(2)軽微なコード変更,IS,GOLD2,2021.06.21,2026.06.20,False,OK,IS_REJECT,DOMINATED,"IS net=257840.60 (0.779x), PF=1.742069 (0.931x), DD=32455.43円/32.45543pt (1.013x); baseline net=331176.79, PF=1.871883, DD=32052.72円",0,257840.6,1.7420685706141756,32455.429999999993,32.45542999999999,484,0.01|0.02,0.01|0.02,True,False,0,False,0,False,0,True,"{""GoldDDSCABuffer"":0.11}",gdda_is_gdd23_12_20260815081619_5a5357_deals.csv,ml\gold_dd\configs\gdda_is_gdd23_12_20260815081619_5a5357.yaml,2026-08-14T23:16:19+00:00,2026-08-14T23:22:48+00:00,389.108,
7f8955da11114ec599deeea995259fe9,gdda_is_gdd23_13_20260815082248_7f8955,GDD23_13,GDD23_13,sca_buffer,(2)軽微なコード変更,IS,GOLD2,2021.06.21,2026.06.20,False,OK,IS_REJECT,DOMINATED,"IS net=260235.30 (0.786x), PF=1.781134 (0.952x), DD=32455.43円/32.45543pt (1.013x); baseline net=331176.79, PF=1.871883, DD=32052.72円",0,260235.3,1.7811340239358384,32455.429999999993,32.45542999999999,460,0.01|0.02,0.01|0.02,True,False,0,False,0,False,0,True,"{""GoldDDSCABuffer"":0.12}",gdda_is_gdd23_13_20260815082248_7f8955_deals.csv,ml\gold_dd\configs\gdda_is_gdd23_13_20260815082248_7f8955.yaml,2026-08-14T23:22:48+00:00,2026-08-14T23:23:54+00:00,65.455,
0d440614c4ca43df8c3f12c0d880d193,gdda_is_gdd23_14_20260815082354_0d4406,GDD23_14,GDD23_14,sca_buffer,(2)軽微なコード変更,IS,GOLD2,2021.06.21,2026.06.20,False,OK,IS_REJECT,DOMINATED,"IS net=268907.81 (0.812x), PF=1.842945 (0.985x), DD=32642.63円/32.64263pt (1.018x); baseline net=331176.79, PF=1.871883, DD=32052.72円",0,268907.81,1.842945215826108,32642.630000000005,32.642630000000004,446,0.01|0.02,0.01|0.02,True,False,0,False,0,False,0,True,"{""GoldDDSCABuffer"":0.13}",gdda_is_gdd23_14_20260815082354_0d4406_deals.csv,ml\gold_dd\configs\gdda_is_gdd23_14_20260815082354_0d4406.yaml,2026-08-14T23:23:54+00:00,2026-08-14T23:24:59+00:00,65.428,
05beec87c73144768dfec533ce5d6bf0,gdda_is_gdd23_15_20260815082459_05beec,GDD23_15,GDD23_15,sca_buffer,(2)軽微なコード変更,IS,GOLD2,2021.06.21,2026.06.20,False,OK,IS_REJECT,DOMINATED,"IS net=243971.85 (0.737x), PF=1.779995 (0.951x), DD=33578.63円/33.57863pt (1.048x); baseline net=331176.79, PF=1.871883, DD=32052.72円",0,243971.85,1.7799947958113667,33578.630000000005,33.578630000000004,430,0.01|0.02,0.01|0.02,True,False,0,False,0,False,0,True,"{""GoldDDSCABuffer"":0.14}",gdda_is_gdd23_15_20260815082459_05beec_deals.csv,ml\gold_dd\configs\gdda_is_gdd23_15_20260815082459_05beec.yaml,2026-08-14T23:24:59+00:00,2026-08-14T23:26:05+00:00,65.427,
c2e1920b657e4179be03db7c36b0156f,gdda_is_gdd23_16_20260815082605_c2e192,GDD23_16,GDD23_16,sca_buffer,(2)軽微なコード変更,IS,GOLD2,2021.06.21,2026.06.20,False,OK,IS_REJECT,DOMINATED,"IS net=243290.97 (0.735x), PF=1.791947 (0.957x), DD=33578.63円/33.57863pt (1.048x); baseline net=331176.79, PF=1.871883, DD=32052.72円",0,243290.97,1.7919473768056207,33578.630000000005,33.578630000000004,414,0.01|0.02,0.01|0.02,True,False,0,False,0,False,0,True,"{""GoldDDSCABuffer"":0.15}",gdda_is_gdd23_16_20260815082605_c2e192_deals.csv,ml\gold_dd\configs\gdda_is_gdd23_16_20260815082605_c2e192.yaml,2026-08-14T23:26:05+00:00,2026-08-14T23:27:10+00:00,65.431,
1e2cc089d23f4098a60cf6ba9495f6b2,gdda_is_gdd23_17_20260815082710_1e2cc0,GDD23_17,GDD23_17,sca_buffer,(2)軽微なコード変更,IS,GOLD2,2021.06.21,2026.06.20,False,OK,IS_REJECT,DOMINATED,"IS net=244748.15 (0.739x), PF=1.822842 (0.974x), DD=33578.63円/33.57863pt (1.048x); baseline net=331176.79, PF=1.871883, DD=32052.72円",0,244748.15,1.8228423087700862,33578.630000000005,33.578630000000004,398,0.01|0.02,0.01|0.02,True,False,0,False,0,False,0,True,"{""GoldDDSCABuffer"":0.16}",gdda_is_gdd23_17_20260815082710_1e2cc0_deals.csv,ml\gold_dd\configs\gdda_is_gdd23_17_20260815082710_1e2cc0.yaml,2026-08-14T23:27:10+00:00,2026-08-14T23:28:15+00:00,65.413,
68d66eae7c0e437aa69c023dd9e64e47,gdda_is_gdd23_18_20260815082815_68d66e,GDD23_18,GDD23_18,sca_buffer,(2)軽微なコード変更,IS,GOLD2,2021.06.21,2026.06.20,False,OK,IS_REJECT,DOMINATED,"IS net=219960.86 (0.664x), PF=1.748817 (0.934x), DD=33578.63円/33.57863pt (1.048x); baseline net=331176.79, PF=1.871883, DD=32052.72円",0,219960.86,1.7488169990462459,33578.630000000034,33.57863000000003,378,0.01|0.02,0.01|0.02,True,False,0,False,0,False,0,True,"{""GoldDDSCABuffer"":0.17}",gdda_is_gdd23_18_20260815082815_68d66e_deals.csv,ml\gold_dd\configs\gdda_is_gdd23_18_20260815082815_68d66e.yaml,2026-08-14T23:28:15+00:00,2026-08-14T23:29:21+00:00,65.471,
1e04815842f34159bf4177270f519c7a,gdda_is_gdd23_19_20260815082921_1e0481,GDD23_19,GDD23_19,sca_buffer,(2)軽微なコード変更,IS,GOLD2,2021.06.21,2026.06.20,False,OK,IS_SURVIVOR_TRADEOFF,TRADEOFF,"IS net=234648.79 (0.709x), PF=1.866261 (0.997x), DD=21661.25円/21.66125pt (0.676x); baseline net=331176.79, PF=1.871883, DD=32052.72円",0,234648.79,1.8662606941661646,21661.25,21.66125,362,0.01|0.02,0.01|0.02,True,False,0,False,0,False,0,True,"{""GoldDDSCABuffer"":0.18}",gdda_is_gdd23_19_20260815082921_1e0481_deals.csv,ml\gold_dd\configs\gdda_is_gdd23_19_20260815082921_1e0481.yaml,2026-08-14T23:29:21+00:00,2026-08-14T23:30:26+00:00,65.420,
00b88e812a5448e8a358a469e85b95f5,gdda_oos_gdd23_19_20260815083026_00b88e,GDD23_19,GDD23_19,sca_buffer,(2)軽微なコード変更,OOS,GOLD2,2016.06.21,2021.06.20,False,OK,OOS_REJECT,OUT_OF_GATE,"OOS net=46424.32 (0.773x), PF=1.450930 (1.039x), DD=14380.94円/14.38094pt (1.042x); baseline net=60050.52, PF=1.396192, DD=13806.08円",0,46424.32,1.4509298129242798,14380.940000000133,14.380940000000134,396,0.01|0.02,0.01|0.02,True,False,0,False,0,False,0,True,"{""GoldDDSCABuffer"":0.18}",gdda_oos_gdd23_19_20260815083026_00b88e_deals.csv,ml\gold_dd\configs\gdda_oos_gdd23_19_20260815083026_00b88e.yaml,2026-08-14T23:30:26+00:00,2026-08-14T23:31:12+00:00,45.423,
faffd8331ea3441cb9ce515ac4163ecb,gdda_is_gdd23_20_20260815083112_faffd8,GDD23_20,GDD23_20,sca_buffer,(2)軽微なコード変更,IS,GOLD2,2021.06.21,2026.06.20,False,OK,IS_SURVIVOR_TRADEOFF,TRADEOFF,"IS net=224172.11 (0.677x), PF=1.830108 (0.978x), DD=23062.78円/23.06278pt (0.720x); baseline net=331176.79, PF=1.871883, DD=32052.72円",0,224172.11,1.8301077856134347,23062.78,23.06278,350,0.01|0.02,0.01|0.02,True,False,0,False,0,False,0,True,"{""GoldDDSCABuffer"":0.19}",gdda_is_gdd23_20_20260815083112_faffd8_deals.csv,ml\gold_dd\configs\gdda_is_gdd23_20_20260815083112_faffd8.yaml,2026-08-14T23:31:12+00:00,2026-08-14T23:32:17+00:00,65.510,
f49abd5c37de4d3b99e38f2ad53759d9,gdda_oos_gdd23_20_20260815083217_f49abd,GDD23_20,GDD23_20,sca_buffer,(2)軽微なコード変更,OOS,GOLD2,2016.06.21,2021.06.20,False,OK,OOS_REJECT,OUT_OF_GATE,"OOS net=44919.67 (0.748x), PF=1.455445 (1.042x), DD=15181.75円/15.18175pt (1.100x); baseline net=60050.52, PF=1.396192, DD=13806.08円",0,44919.67,1.4554452725051896,15181.750000000044,15.181750000000044,372,0.01|0.02,0.01|0.02,True,False,0,False,0,False,0,True,"{""GoldDDSCABuffer"":0.19}",gdda_oos_gdd23_20_20260815083217_f49abd_deals.csv,ml\gold_dd\configs\gdda_oos_gdd23_20_20260815083217_f49abd.yaml,2026-08-14T23:32:17+00:00,2026-08-14T23:33:03+00:00,45.433,
392797e315fa4277a6f6acb6a00e5985,gdda_is_gdd24_01_20260815083303_392797,GDD24_01,GDD24_01,sca_rr,(2)軽微なコード変更,IS,GOLD2,2021.06.21,2026.06.20,False,OK,IS_SURVIVOR_TRADEOFF,TRADEOFF,"IS net=261871.38 (0.791x), PF=1.734251 (0.926x), DD=32052.72円/32.05272pt (1.000x); baseline net=331176.79, PF=1.871883, DD=32052.72円",0,261871.38,1.7342510334051477,32052.719999999972,32.05271999999997,608,0.01|0.02,0.01|0.02,True,False,0,False,0,False,0,True,"{""GoldDDSCARR"":0.5}",gdda_is_gdd24_01_20260815083303_392797_deals.csv,ml\gold_dd\configs\gdda_is_gdd24_01_20260815083303_392797.yaml,2026-08-14T23:33:03+00:00,2026-08-14T23:34:08+00:00,65.372,
db6e016c332a4527bd3d4d2543e28149,gdda_oos_gdd24_01_20260815083408_db6e01,GDD24_01,GDD24_01,sca_rr,(2)軽微なコード変更,OOS,GOLD2,2016.06.21,2021.06.20,False,OK,OOS_REJECT,OUT_OF_GATE,"OOS net=21303.85 (0.355x), PF=1.151348 (0.825x), DD=24137.62円/24.13762pt (1.748x); baseline net=60050.52, PF=1.396192, DD=13806.08円",0,21303.850000000002,1.151347642170564,24137.62000000001,24.13762000000001,634,0.01|0.02,0.01|0.02,True,False,0,False,0,False,0,True,"{""GoldDDSCARR"":0.5}",gdda_oos_gdd24_01_20260815083408_db6e01_deals.csv,ml\gold_dd\configs\gdda_oos_gdd24_01_20260815083408_db6e01.yaml,2026-08-14T23:34:08+00:00,2026-08-14T23:34:54+00:00,45.389,
3f0e1f29228a4cd795e79a1b91b42e66,gdda_is_gdd24_02_20260815083454_3f0e1f,GDD24_02,GDD24_02,sca_rr,(2)軽微なコード変更,IS,GOLD2,2021.06.21,2026.06.20,False,OK,IS_SURVIVOR_TRADEOFF,TRADEOFF,"IS net=260863.77 (0.788x), PF=1.701690 (0.909x), DD=32052.72円/32.05272pt (1.000x); baseline net=331176.79, PF=1.871883, DD=32052.72円",0,260863.77,1.7016897766896355,32052.719999999972,32.05271999999997,608,0.01|0.02,0.01|0.02,True,False,0,False,0,False,0,True,"{""GoldDDSCARR"":0.6}",gdda_is_gdd24_02_20260815083454_3f0e1f_deals.csv,ml\gold_dd\configs\gdda_is_gdd24_02_20260815083454_3f0e1f.yaml,2026-08-14T23:34:54+00:00,2026-08-14T23:35:59+00:00,65.420,
aa3899a5ce1e4a98b3a7eb3d78e4ae50,gdda_oos_gdd24_02_20260815083559_aa3899,GDD24_02,GDD24_02,sca_rr,(2)軽微なコード変更,OOS,GOLD2,2016.06.21,2021.06.20,False,OK,OOS_REJECT,OUT_OF_GATE,"OOS net=22843.94 (0.380x), PF=1.155931 (0.828x), DD=20862.88円/20.86288pt (1.511x); baseline net=60050.52, PF=1.396192, DD=13806.08円",0,22843.940000000002,1.1559311501140235,20862.880000000034,20.862880000000033,634,0.01|0.02,0.01|0.02,True,False,0,False,0,False,0,True,"{""GoldDDSCARR"":0.6}",gdda_oos_gdd24_02_20260815083559_aa3899_deals.csv,ml\gold_dd\configs\gdda_oos_gdd24_02_20260815083559_aa3899.yaml,2026-08-14T23:35:59+00:00,2026-08-14T23:36:45+00:00,45.422,
7e36c2f18476487d8ed21c3a92fb4597,gdda_is_gdd24_03_20260815083645_7e36c2,GDD24_03,GDD24_03,sca_rr,(2)軽微なコード変更,IS,GOLD2,2021.06.21,2026.06.20,False,OK,IS_SURVIVOR_DD,DD_TRADEOFF,"IS net=284473.85 (0.859x), PF=1.765198 (0.943x), DD=32052.72円/32.05272pt (1.000x); baseline net=331176.79, PF=1.871883, DD=32052.72円",0,284473.85,1.7651978359453322,32052.719999999972,32.05271999999997,608,0.01|0.02,0.01|0.02,True,False,0,False,0,False,0,True,"{""GoldDDSCARR"":0.7}",gdda_is_gdd24_03_20260815083645_7e36c2_deals.csv,ml\gold_dd\configs\gdda_is_gdd24_03_20260815083645_7e36c2.yaml,2026-08-14T23:36:45+00:00,2026-08-14T23:37:50+00:00,65.374,
066b6f7ee06e4c54a71e74f29dd91818,gdda_oos_gdd24_03_20260815083750_066b6f,GDD24_03,GDD24_03,sca_rr,(2)軽微なコード変更,OOS,GOLD2,2016.06.21,2021.06.20,False,OK,OOS_REJECT,OUT_OF_GATE,"OOS net=30637.42 (0.510x), PF=1.207655 (0.865x), DD=18183.52円/18.18352pt (1.317x); baseline net=60050.52, PF=1.396192, DD=13806.08円",0,30637.420000000002,1.207655402897606,18183.51999999999,18.18351999999999,634,0.01|0.02,0.01|0.02,True,False,0,False,0,False,0,True,"{""GoldDDSCARR"":0.7}",gdda_oos_gdd24_03_20260815083750_066b6f_deals.csv,ml\gold_dd\configs\gdda_oos_gdd24_03_20260815083750_066b6f.yaml,2026-08-14T23:37:50+00:00,2026-08-14T23:38:35+00:00,45.446,
7e8de8cd35fd47138a89f29977a53e0e,gdda_is_gdd24_04_20260815083835_7e8de8,GDD24_04,GDD24_04,sca_rr,(2)軽微なコード変更,IS,GOLD2,2021.06.21,2026.06.20,False,OK,IS_SURVIVOR_DD,DD_TRADEOFF,"IS net=289279.10 (0.873x), PF=1.778123 (0.950x), DD=32052.72円/32.05272pt (1.000x); baseline net=331176.79, PF=1.871883, DD=32052.72円",0,289279.1,1.7781233364831717,32052.719999999972,32.05271999999997,608,0.01|0.02,0.01|0.02,True,False,0,False,0,False,0,True,"{""GoldDDSCARR"":0.8}",gdda_is_gdd24_04_20260815083835_7e8de8_deals.csv,ml\gold_dd\configs\gdda_is_gdd24_04_20260815083835_7e8de8.yaml,2026-08-14T23:38:35+00:00,2026-08-14T23:39:41+00:00,65.417,
e2e3747a181148edb6f48b31c121a3d1,gdda_oos_gdd24_04_20260815083941_e2e374,GDD24_04,GDD24_04,sca_rr,(2)軽微なコード変更,OOS,GOLD2,2016.06.21,2021.06.20,False,OK,OOS_REJECT,OUT_OF_GATE,"OOS net=32387.96 (0.539x), PF=1.216116 (0.871x), DD=14710.76円/14.71076pt (1.066x); baseline net=60050.52, PF=1.396192, DD=13806.08円",0,32387.96,1.2161164569402043,14710.76000000001,14.71076000000001,634,0.01|0.02,0.01|0.02,True,False,0,False,0,False,0,True,"{""GoldDDSCARR"":0.8}",gdda_oos_gdd24_04_20260815083941_e2e374_deals.csv,ml\gold_dd\configs\gdda_oos_gdd24_04_20260815083941_e2e374.yaml,2026-08-14T23:39:41+00:00,2026-08-14T23:40:31+00:00,50.430,
12546a044b57415597e56d673c4961ac,gdda_is_gdd24_05_20260815084031_12546a,GDD24_05,GDD24_05,sca_rr,(2)軽微なコード変更,IS,GOLD2,2021.06.21,2026.06.20,False,OK,IS_SURVIVOR_DD,DD_TRADEOFF,"IS net=291160.59 (0.879x), PF=1.772878 (0.947x), DD=32052.72円/32.05272pt (1.000x); baseline net=331176.79, PF=1.871883, DD=32052.72円",0,291160.58999999997,1.7728776811529263,32052.719999999972,32.05271999999997,608,0.01|0.02,0.01|0.02,True,False,0,False,0,False,0,True,"{""GoldDDSCARR"":0.9}",gdda_is_gdd24_05_20260815084031_12546a_deals.csv,ml\gold_dd\configs\gdda_is_gdd24_05_20260815084031_12546a.yaml,2026-08-14T23:40:31+00:00,2026-08-14T23:41:37+00:00,65.406,
b8d141a7e3094be695344c3ca06f0c77,gdda_oos_gdd24_05_20260815084137_b8d141,GDD24_05,GDD24_05,sca_rr,(2)軽微なコード変更,OOS,GOLD2,2016.06.21,2021.06.20,False,OK,OOS_REJECT,OUT_OF_GATE,"OOS net=38126.02 (0.635x), PF=1.251866 (0.897x), DD=16188.98円/16.18898pt (1.173x); baseline net=60050.52, PF=1.396192, DD=13806.08円",0,38126.020000000004,1.2518655886953725,16188.979999999996,16.188979999999997,634,0.01|0.02,0.01|0.02,True,False,0,False,0,False,0,True,"{""GoldDDSCARR"":0.9}",gdda_oos_gdd24_05_20260815084137_b8d141_deals.csv,ml\gold_dd\configs\gdda_oos_gdd24_05_20260815084137_b8d141.yaml,2026-08-14T23:41:37+00:00,2026-08-14T23:42:22+00:00,45.568,
d3a9c49774be46319e1c823b51de4e05,gdda_is_gdd24_06_20260815084222_d3a9c4,GDD24_06,GDD24_06,sca_rr,(2)軽微なコード変更,IS,GOLD2,2021.06.21,2026.06.20,False,OK,IS_SURVIVOR_DD,DD_TRADEOFF,"IS net=290393.97 (0.877x), PF=1.764514 (0.943x), DD=32052.72円/32.05272pt (1.000x); baseline net=331176.79, PF=1.871883, DD=32052.72円",0,290393.97,1.764514426112859,32052.719999999972,32.05271999999997,608,0.01|0.02,0.01|0.02,True,False,0,False,0,False,0,True,"{""GoldDDSCARR"":1.0}",gdda_is_gdd24_06_20260815084222_d3a9c4_deals.csv,ml\gold_dd\configs\gdda_is_gdd24_06_20260815084222_d3a9c4.yaml,2026-08-14T23:42:22+00:00,2026-08-14T23:43:33+00:00,70.450,
6f0b5dd05a5a4c96b719ac8855bbf006,gdda_oos_gdd24_06_20260815084333_6f0b5d,GDD24_06,GDD24_06,sca_rr,(2)軽微なコード変更,OOS,GOLD2,2016.06.21,2021.06.20,False,OK,OOS_REJECT,OUT_OF_GATE,"OOS net=40283.22 (0.671x), PF=1.265775 (0.907x), DD=16036.29円/16.03629pt (1.162x); baseline net=60050.52, PF=1.396192, DD=13806.08円",0,40283.22,1.265774567684066,16036.290000000023,16.036290000000022,634,0.01|0.02,0.01|0.02,True,False,0,False,0,False,0,True,"{""GoldDDSCARR"":1.0}",gdda_oos_gdd24_06_20260815084333_6f0b5d_deals.csv,ml\gold_dd\configs\gdda_oos_gdd24_06_20260815084333_6f0b5d.yaml,2026-08-14T23:43:33+00:00,2026-08-14T23:44:23+00:00,50.531,
ef529701b93147fdac9f016540000643,gdda_is_gdd24_07_20260815084423_ef5297,GDD24_07,GDD24_07,sca_rr,(2)軽微なコード変更,IS,GOLD2,2021.06.21,2026.06.20,False,OK,IS_SURVIVOR_DD,DD_TRADEOFF,"IS net=306356.29 (0.925x), PF=1.806538 (0.965x), DD=32052.72円/32.05272pt (1.000x); baseline net=331176.79, PF=1.871883, DD=32052.72円",0,306356.29,1.806538108334049,32052.719999999972,32.05271999999997,608,0.01|0.02,0.01|0.02,True,False,0,False,0,False,0,True,"{""GoldDDSCARR"":1.1}",gdda_is_gdd24_07_20260815084423_ef5297_deals.csv,ml\gold_dd\configs\gdda_is_gdd24_07_20260815084423_ef5297.yaml,2026-08-14T23:44:23+00:00,2026-08-14T23:45:34+00:00,70.503,
562d3b15d58c4e4ea8627b8fddb7fd36,gdda_oos_gdd24_07_20260815084534_562d3b,GDD24_07,GDD24_07,sca_rr,(2)軽微なコード変更,OOS,GOLD2,2016.06.21,2021.06.20,False,OK,OOS_REJECT,OUT_OF_GATE,"OOS net=43737.62 (0.728x), PF=1.288565 (0.923x), DD=16176.01円/16.17601pt (1.172x); baseline net=60050.52, PF=1.396192, DD=13806.08円",0,43737.62,1.2885654882362918,16176.010000000024,16.176010000000023,634,0.01|0.02,0.01|0.02,True,False,0,False,0,False,0,True,"{""GoldDDSCARR"":1.1}",gdda_oos_gdd24_07_20260815084534_562d3b_deals.csv,ml\gold_dd\configs\gdda_oos_gdd24_07_20260815084534_562d3b.yaml,2026-08-14T23:45:34+00:00,2026-08-14T23:46:24+00:00,50.532,
2a04837b4d654dbd9bae172e56d5f559,gdda_is_gdd24_08_20260815084624_2a0483,GDD24_08,GDD24_08,sca_rr,(2)軽微なコード変更,IS,GOLD2,2021.06.21,2026.06.20,False,OK,IS_SURVIVOR_DD,DD_TRADEOFF,"IS net=312919.67 (0.945x), PF=1.823817 (0.974x), DD=32052.72円/32.05272pt (1.000x); baseline net=331176.79, PF=1.871883, DD=32052.72円",0,312919.67,1.8238173882518125,32052.719999999972,32.05271999999997,608,0.01|0.02,0.01|0.02,True,False,0,False,0,False,0,True,"{""GoldDDSCARR"":1.2}",gdda_is_gdd24_08_20260815084624_2a0483_deals.csv,ml\gold_dd\configs\gdda_is_gdd24_08_20260815084624_2a0483.yaml,2026-08-14T23:46:24+00:00,2026-08-14T23:47:30+00:00,65.431,
c9a5e525d63e4ebabb8e098901dcbfbd,gdda_oos_gdd24_08_20260815084730_c9a5e5,GDD24_08,GDD24_08,sca_rr,(2)軽微なコード変更,OOS,GOLD2,2016.06.21,2021.06.20,False,OK,OOS_REJECT,OUT_OF_GATE,"OOS net=48028.77 (0.800x), PF=1.316877 (0.943x), DD=15240.20円/15.24020pt (1.104x); baseline net=60050.52, PF=1.396192, DD=13806.08円",0,48028.770000000004,1.316876992036571,15240.200000000012,15.240200000000012,634,0.01|0.02,0.01|0.02,True,False,0,False,0,False,0,True,"{""GoldDDSCARR"":1.2}",gdda_oos_gdd24_08_20260815084730_c9a5e5_deals.csv,ml\gold_dd\configs\gdda_oos_gdd24_08_20260815084730_c9a5e5.yaml,2026-08-14T23:47:30+00:00,2026-08-14T23:48:15+00:00,45.494,
96cc7ded83334fb0a64bf3e09455bd9e,gdda_is_gdd24_09_20260815084815_96cc7d,GDD24_09,GDD24_09,sca_rr,(2)軽微なコード変更,IS,GOLD2,2021.06.21,2026.06.20,False,OK,IS_SURVIVOR_DD,DD_TRADEOFF,"IS net=320148.09 (0.967x), PF=1.842848 (0.984x), DD=32052.72円/32.05272pt (1.000x); baseline net=331176.79, PF=1.871883, DD=32052.72円",0,320148.08999999997,1.8428475057435867,32052.719999999972,32.05271999999997,608,0.01|0.02,0.01|0.02,True,False,0,False,0,False,0,True,"{""GoldDDSCARR"":1.3}",gdda_is_gdd24_09_20260815084815_96cc7d_deals.csv,ml\gold_dd\configs\gdda_is_gdd24_09_20260815084815_96cc7d.yaml,2026-08-14T23:48:15+00:00,2026-08-14T23:49:21+00:00,65.453,
f236d81c18ff4f9c9e5ce1310330cad1,gdda_oos_gdd24_09_20260815084921_f236d8,GDD24_09,GDD24_09,sca_rr,(2)軽微なコード変更,OOS,GOLD2,2016.06.21,2021.06.20,False,OK,OOS_REJECT,OUT_OF_GATE,"OOS net=53570.41 (0.892x), PF=1.353439 (0.969x), DD=14781.15円/14.78115pt (1.071x); baseline net=60050.52, PF=1.396192, DD=13806.08円",0,53570.41,1.3534387906033372,14781.150000000009,14.78115000000001,634,0.01|0.02,0.01|0.02,True,False,0,False,0,False,0,True,"{""GoldDDSCARR"":1.3}",gdda_oos_gdd24_09_20260815084921_f236d8_deals.csv,ml\gold_dd\configs\gdda_oos_gdd24_09_20260815084921_f236d8.yaml,2026-08-14T23:49:21+00:00,2026-08-14T23:50:06+00:00,45.461,
7e67b213ff104823bbc662c3c5d45a2c,gdda_is_gdd24_10_20260815085006_7e67b2,GDD24_10,GDD24_10,sca_rr,(2)軽微なコード変更,IS,GOLD2,2021.06.21,2026.06.20,False,OK,IS_SURVIVOR_DD,DD_TRADEOFF,"IS net=323039.81 (0.975x), PF=1.850460 (0.989x), DD=32052.72円/32.05272pt (1.000x); baseline net=331176.79, PF=1.871883, DD=32052.72円",0,323039.81,1.8504604794436916,32052.719999999972,32.05271999999997,608,0.01|0.02,0.01|0.02,True,False,0,False,0,False,0,True,"{""GoldDDSCARR"":1.4}",gdda_is_gdd24_10_20260815085006_7e67b2_deals.csv,ml\gold_dd\configs\gdda_is_gdd24_10_20260815085006_7e67b2.yaml,2026-08-14T23:50:06+00:00,2026-08-14T23:51:12+00:00,65.512,
c4372e49fe05435da5a4bf2add2286fb,gdda_oos_gdd24_10_20260815085112_c4372e,GDD24_10,GDD24_10,sca_rr,(2)軽微なコード変更,OOS,GOLD2,2016.06.21,2021.06.20,False,OK,OOS_REJECT,OUT_OF_GATE,"OOS net=56895.48 (0.947x), PF=1.375376 (0.985x), DD=14318.90円/14.31890pt (1.037x); baseline net=60050.52, PF=1.396192, DD=13806.08円",0,56895.48,1.375376437141257,14318.900000000009,14.318900000000008,634,0.01|0.02,0.01|0.02,True,False,0,False,0,False,0,True,"{""GoldDDSCARR"":1.4}",gdda_oos_gdd24_10_20260815085112_c4372e_deals.csv,ml\gold_dd\configs\gdda_oos_gdd24_10_20260815085112_c4372e.yaml,2026-08-14T23:51:12+00:00,2026-08-14T23:58:16+00:00,424.283,
a168d617ad3a453583cf0872d0d65e0a,gdda_is_gdd24_11_20260815085816_a168d6,GDD24_11,GDD24_11,sca_rr,(2)軽微なコード変更,IS,GOLD2,2021.06.21,2026.06.20,False,OK,IS_REJECT,BASELINE_EQUIVALENT,"IS net=331176.79 (1.000x), PF=1.871883 (1.000x), DD=32052.72円/32.05272pt (1.000x); baseline net=331176.79, PF=1.871883, DD=32052.72円",0,331176.79,1.8718825447675405,32052.719999999972,32.05271999999997,608,0.01|0.02,0.01|0.02,True,False,0,False,0,False,0,True,"{""GoldDDSCARR"":1.5}",gdda_is_gdd24_11_20260815085816_a168d6_deals.csv,ml\gold_dd\configs\gdda_is_gdd24_11_20260815085816_a168d6.yaml,2026-08-14T23:58:16+00:00,2026-08-14T23:59:27+00:00,70.527,
1c9aed76fc8e41f884c521f0eaca4a62,gdda_is_gdd24_12_20260815085927_1c9aed,GDD24_12,GDD24_12,sca_rr,(2)軽微なコード変更,IS,GOLD2,2021.06.21,2026.06.20,False,OK,IS_SURVIVOR_STRICT,STRICT,"IS net=338066.06 (1.021x), PF=1.890020 (1.010x), DD=32052.72円/32.05272pt (1.000x); baseline net=331176.79, PF=1.871883, DD=32052.72円",0,338066.06,1.890019788803243,32052.719999999972,32.05271999999997,608,0.01|0.02,0.01|0.02,True,False,0,False,0,False,0,True,"{""GoldDDSCARR"":1.6}",gdda_is_gdd24_12_20260815085927_1c9aed_deals.csv,ml\gold_dd\configs\gdda_is_gdd24_12_20260815085927_1c9aed.yaml,2026-08-14T23:59:27+00:00,2026-08-15T00:00:37+00:00,70.473,
d2e0f73f2f0446ec96ca8dc0f3f86f44,gdda_oos_gdd24_12_20260815090037_d2e0f7,GDD24_12,GDD24_12,sca_rr,(2)軽微なコード変更,OOS,GOLD2,2016.06.21,2021.06.20,False,OK,OOS_REJECT,OUT_OF_GATE,"OOS net=59530.33 (0.991x), PF=1.392760 (0.998x), DD=13988.37円/13.98837pt (1.013x); baseline net=60050.52, PF=1.396192, DD=13806.08円",0,59530.33,1.3927602540174242,13988.369999999995,13.988369999999996,634,0.01|0.02,0.01|0.02,True,False,0,False,0,False,0,True,"{""GoldDDSCARR"":1.6}",gdda_oos_gdd24_12_20260815090037_d2e0f7_deals.csv,ml\gold_dd\configs\gdda_oos_gdd24_12_20260815090037_d2e0f7.yaml,2026-08-15T00:00:37+00:00,2026-08-15T00:01:23+00:00,45.465,
16f8159fe4fd4ec5b6e3b05808676fa2,gdda_is_gdd24_13_20260815090123_16f815,GDD24_13,GDD24_13,sca_rr,(2)軽微なコード変更,IS,GOLD2,2021.06.21,2026.06.20,False,OK,IS_SURVIVOR_STRICT,STRICT,"IS net=336475.23 (1.016x), PF=1.885832 (1.007x), DD=32052.72円/32.05272pt (1.000x); baseline net=331176.79, PF=1.871883, DD=32052.72円",0,336475.23,1.885831642319027,32052.719999999972,32.05271999999997,608,0.01|0.02,0.01|0.02,True,False,0,False,0,False,0,True,"{""GoldDDSCARR"":1.7}",gdda_is_gdd24_13_20260815090123_16f815_deals.csv,ml\gold_dd\configs\gdda_is_gdd24_13_20260815090123_16f815.yaml,2026-08-15T00:01:23+00:00,2026-08-15T00:02:38+00:00,75.434,
6c8843c82b8f487a9efc258b2d0f22c6,gdda_oos_gdd24_13_20260815090238_6c8843,GDD24_13,GDD24_13,sca_rr,(2)軽微なコード変更,OOS,GOLD2,2016.06.21,2021.06.20,False,OK,OOS_PASS,DD_OR_STRICT,"OOS net=61672.79 (1.027x), PF=1.406895 (1.008x), DD=12975.99円/12.97599pt (0.940x); baseline net=60050.52, PF=1.396192, DD=13806.08円",0,61672.79,1.4068954542392638,12975.99000000002,12.975990000000019,634,0.01|0.02,0.01|0.02,True,False,0,False,0,False,0,True,"{""GoldDDSCARR"":1.7}",gdda_oos_gdd24_13_20260815090238_6c8843_deals.csv,ml\gold_dd\configs\gdda_oos_gdd24_13_20260815090238_6c8843.yaml,2026-08-15T00:02:38+00:00,2026-08-15T00:03:24+00:00,45.492,
b48df8ff41804d89944fab2fa14fcf09,gdda_xm5_gdd24_13_20260815090324_b48df8,GDD24_13,GDD24_13,sca_rr,(2)軽微なコード変更,XM5,XM5,2016.11.09,2026.06.20,True,OK,XM5_PASS,DD_OR_STRICT,"XM5 net=545223.54 (1.013x), PF=1.864014 (1.006x), DD=35671.78円/35.67178pt (1.000x); baseline net=538302.83, PF=1.853047, DD=35671.78円",0,545223.54,1.8640139024800835,35671.77999999997,35.67177999999997,1494,0.01|0.02|0.05,0.01|0.02|0.05,True,True,88,True,84,True,124,True,"{""GoldDDSCARR"":1.7}",gdda_xm5_gdd24_13_20260815090324_b48df8_deals.csv,ml\gold_dd\configs\gdda_xm5_gdd24_13_20260815090324_b48df8.yaml,2026-08-15T00:03:24+00:00,2026-08-15T00:12:34+00:00,550.582,
e1332cd0b5414e92916d257e0ebd7758,gdda_is_gdd24_14_20260815091234_e1332c,GDD24_14,GDD24_14,sca_rr,(2)軽微なコード変更,IS,GOLD2,2021.06.21,2026.06.20,False,OK,IS_SURVIVOR_DD,DD_TRADEOFF,"IS net=330066.28 (0.997x), PF=1.868959 (0.998x), DD=32052.72円/32.05272pt (1.000x); baseline net=331176.79, PF=1.871883, DD=32052.72円",0,330066.27999999997,1.8689589271891773,32052.719999999972,32.05271999999997,608,0.01|0.02,0.01|0.02,True,False,0,False,0,False,0,True,"{""GoldDDSCARR"":1.8}",gdda_is_gdd24_14_20260815091234_e1332c_deals.csv,ml\gold_dd\configs\gdda_is_gdd24_14_20260815091234_e1332c.yaml,2026-08-15T00:12:34+00:00,2026-08-15T00:13:45+00:00,70.606,
ec2868a2e740457b94b6b2f0f4ab2906,gdda_oos_gdd24_14_20260815091345_ec2868,GDD24_14,GDD24_14,sca_rr,(2)軽微なコード変更,OOS,GOLD2,2016.06.21,2021.06.20,False,OK,OOS_PASS,DD_OR_STRICT,"OOS net=65497.17 (1.091x), PF=1.432127 (1.026x), DD=12160.67円/12.16067pt (0.881x); baseline net=60050.52, PF=1.396192, DD=13806.08円",0,65497.17,1.4321273731662905,12160.670000000013,12.160670000000012,634,0.01|0.02,0.01|0.02,True,False,0,False,0,False,0,True,"{""GoldDDSCARR"":1.8}",gdda_oos_gdd24_14_20260815091345_ec2868_deals.csv,ml\gold_dd\configs\gdda_oos_gdd24_14_20260815091345_ec2868.yaml,2026-08-15T00:13:45+00:00,2026-08-15T00:14:35+00:00,50.533,
6263c39e892b4e648587e900f6693c7c,gdda_xm5_gdd24_14_20260815091435_6263c3,GDD24_14,GDD24_14,sca_rr,(2)軽微なコード変更,XM5,XM5,2016.11.09,2026.06.20,True,OK,XM5_PASS,DD_OR_STRICT,"XM5 net=542638.97 (1.008x), PF=1.859918 (1.004x), DD=35671.78円/35.67178pt (1.000x); baseline net=538302.83, PF=1.853047, DD=35671.78円",0,542638.97,1.8599181431298308,35671.77999999997,35.67177999999997,1494,0.01|0.02|0.05,0.01|0.02|0.05,True,True,88,True,84,True,124,True,"{""GoldDDSCARR"":1.8}",gdda_xm5_gdd24_14_20260815091435_6263c3_deals.csv,ml\gold_dd\configs\gdda_xm5_gdd24_14_20260815091435_6263c3.yaml,2026-08-15T00:14:35+00:00,2026-08-15T00:23:51+00:00,555.593,
b646dd003d9c414f836291fa7adca90b,gdda_is_gdd24_15_20260815092351_b646dd,GDD24_15,GDD24_15,sca_rr,(2)軽微なコード変更,IS,GOLD2,2021.06.21,2026.06.20,False,OK,IS_SURVIVOR_DD,DD_TRADEOFF,"IS net=314708.16 (0.950x), PF=1.828526 (0.977x), DD=32052.72円/32.05272pt (1.000x); baseline net=331176.79, PF=1.871883, DD=32052.72円",0,314708.16,1.8285259102846858,32052.719999999972,32.05271999999997,608,0.01|0.02,0.01|0.02,True,False,0,False,0,False,0,True,"{""GoldDDSCARR"":1.9}",gdda_is_gdd24_15_20260815092351_b646dd_deals.csv,ml\gold_dd\configs\gdda_is_gdd24_15_20260815092351_b646dd.yaml,2026-08-15T00:23:51+00:00,2026-08-15T00:30:21+00:00,390.262,
219fe3ecbace4c7488ad0745ef42ffe0,gdda_oos_gdd24_15_20260815093021_219fe3,GDD24_15,GDD24_15,sca_rr,(2)軽微なコード変更,OOS,GOLD2,2016.06.21,2021.06.20,False,OK,OOS_PASS,DD_OR_STRICT,"OOS net=68394.05 (1.139x), PF=1.451240 (1.039x), DD=11854.00円/11.85400pt (0.859x); baseline net=60050.52, PF=1.396192, DD=13806.08円",0,68394.05,1.4512399721500018,11854.000000000015,11.854000000000015,634,0.01|0.02,0.01|0.02,True,False,0,False,0,False,0,True,"{""GoldDDSCARR"":1.9}",gdda_oos_gdd24_15_20260815093021_219fe3_deals.csv,ml\gold_dd\configs\gdda_oos_gdd24_15_20260815093021_219fe3.yaml,2026-08-15T00:30:21+00:00,2026-08-15T00:31:07+00:00,45.491,
71d24a320ddb471ba909f283fe34eeb9,gdda_xm5_gdd24_15_20260815093107_71d24a,GDD24_15,GDD24_15,sca_rr,(2)軽微なコード変更,XM5,XM5,2016.11.09,2026.06.20,True,OK,XM5_PASS,DD_OR_STRICT,"XM5 net=530177.73 (0.985x), PF=1.840171 (0.993x), DD=35671.78円/35.67178pt (1.000x); baseline net=538302.83, PF=1.853047, DD=35671.78円",0,530177.73,1.8401708581865928,35671.77999999997,35.67177999999997,1494,0.01|0.02|0.05,0.01|0.02|0.05,True,True,88,True,84,True,124,True,"{""GoldDDSCARR"":1.9}",gdda_xm5_gdd24_15_20260815093107_71d24a_deals.csv,ml\gold_dd\configs\gdda_xm5_gdd24_15_20260815093107_71d24a.yaml,2026-08-15T00:31:07+00:00,2026-08-15T00:39:27+00:00,500.467,
cbadf0ff06ce4f998006e836ccd3df80,gdda_is_gdd24_16_20260815093927_cbadf0,GDD24_16,GDD24_16,sca_rr,(2)軽微なコード変更,IS,GOLD2,2021.06.21,2026.06.20,False,OK,IS_SURVIVOR_DD,DD_TRADEOFF,"IS net=315532.07 (0.953x), PF=1.830695 (0.978x), DD=32052.72円/32.05272pt (1.000x); baseline net=331176.79, PF=1.871883, DD=32052.72円",0,315532.07,1.8306950017462567,32052.719999999972,32.05271999999997,608,0.01|0.02,0.01|0.02,True,False,0,False,0,False,0,True,"{""GoldDDSCARR"":2.0}",gdda_is_gdd24_16_20260815093927_cbadf0_deals.csv,ml\gold_dd\configs\gdda_is_gdd24_16_20260815093927_cbadf0.yaml,2026-08-15T00:39:27+00:00,2026-08-15T00:46:02+00:00,394.586,
efd6d8c8f500451d824fbbe7f2c64333,gdda_oos_gdd24_16_20260815094602_efd6d8,GDD24_16,GDD24_16,sca_rr,(2)軽微なコード変更,OOS,GOLD2,2016.06.21,2021.06.20,False,OK,OOS_PASS,DD_OR_STRICT,"OOS net=70467.91 (1.173x), PF=1.464923 (1.049x), DD=12075.88円/12.07588pt (0.875x); baseline net=60050.52, PF=1.396192, DD=13806.08円",0,70467.91,1.4649225736137694,12075.880000000005,12.075880000000005,634,0.01|0.02,0.01|0.02,True,False,0,False,0,False,0,True,"{""GoldDDSCARR"":2.0}",gdda_oos_gdd24_16_20260815094602_efd6d8_deals.csv,ml\gold_dd\configs\gdda_oos_gdd24_16_20260815094602_efd6d8.yaml,2026-08-15T00:46:02+00:00,2026-08-15T00:46:47+00:00,45.590,
63e0b24d16e94ebfb4dd00f2cc072b39,gdda_xm5_gdd24_16_20260815094648_63e0b2,GDD24_16,GDD24_16,sca_rr,(2)軽微なコード変更,XM5,XM5,2016.11.09,2026.06.20,True,OK,XM5_PASS,DD_OR_STRICT,"XM5 net=533075.49 (0.990x), PF=1.844763 (0.996x), DD=35671.78円/35.67178pt (1.000x); baseline net=538302.83, PF=1.853047, DD=35671.78円",0,533075.49,1.8447629286721239,35671.77999999997,35.67177999999997,1494,0.01|0.02|0.05,0.01|0.02|0.05,True,True,88,True,84,True,124,True,"{""GoldDDSCARR"":2.0}",gdda_xm5_gdd24_16_20260815094648_63e0b2_deals.csv,ml\gold_dd\configs\gdda_xm5_gdd24_16_20260815094648_63e0b2.yaml,2026-08-15T00:46:48+00:00,2026-08-15T00:55:18+00:00,510.464,
a2ab03c15ebd48e7840971c20b5c59b9,gdda_is_gdd24_17_20260815095518_a2ab03,GDD24_17,GDD24_17,sca_rr,(2)軽微なコード変更,IS,GOLD2,2021.06.21,2026.06.20,False,OK,IS_SURVIVOR_DD,DD_TRADEOFF,"IS net=317535.22 (0.959x), PF=1.835969 (0.981x), DD=32052.72円/32.05272pt (1.000x); baseline net=331176.79, PF=1.871883, DD=32052.72円",0,317535.22,1.8359686548894951,32052.719999999972,32.05271999999997,608,0.01|0.02,0.01|0.02,True,False,0,False,0,False,0,True,"{""GoldDDSCARR"":2.1}",gdda_is_gdd24_17_20260815095518_a2ab03_deals.csv,ml\gold_dd\configs\gdda_is_gdd24_17_20260815095518_a2ab03.yaml,2026-08-15T00:55:18+00:00,2026-08-15T00:56:23+00:00,65.488,
6344f6a5752e41d681daa75a324682e3,gdda_oos_gdd24_17_20260815095624_6344f6,GDD24_17,GDD24_17,sca_rr,(2)軽微なコード変更,OOS,GOLD2,2016.06.21,2021.06.20,False,OK,OOS_PASS,DD_OR_STRICT,"OOS net=72401.48 (1.206x), PF=1.477680 (1.058x), DD=11933.27円/11.93327pt (0.864x); baseline net=60050.52, PF=1.396192, DD=13806.08円",0,72401.48,1.4776795908243319,11933.270000000004,11.933270000000004,634,0.01|0.02,0.01|0.02,True,False,0,False,0,False,0,True,"{""GoldDDSCARR"":2.1}",gdda_oos_gdd24_17_20260815095624_6344f6_deals.csv,ml\gold_dd\configs\gdda_oos_gdd24_17_20260815095624_6344f6.yaml,2026-08-15T00:56:24+00:00,2026-08-15T00:57:09+00:00,45.522,
e755e52d36304dd682d6ffd492d0369f,gdda_xm5_gdd24_17_20260815095709_e755e5,GDD24_17,GDD24_17,sca_rr,(2)軽微なコード変更,XM5,XM5,2016.11.09,2026.06.20,True,OK,XM5_PASS,DD_OR_STRICT,"XM5 net=537012.22 (0.998x), PF=1.851001 (0.999x), DD=35671.78円/35.67178pt (1.000x); baseline net=538302.83, PF=1.853047, DD=35671.78円",0,537012.22,1.85100145140779,35671.77999999997,35.67177999999997,1494,0.01|0.02|0.05,0.01|0.02|0.05,True,True,88,True,84,True,124,True,"{""GoldDDSCARR"":2.1}",gdda_xm5_gdd24_17_20260815095709_e755e5_deals.csv,ml\gold_dd\configs\gdda_xm5_gdd24_17_20260815095709_e755e5.yaml,2026-08-15T00:57:09+00:00,2026-08-15T01:05:50+00:00,520.506,
a04fa644f211434ea96237f8e313030b,gdda_is_gdd24_18_20260815100550_a04fa6,GDD24_18,GDD24_18,sca_rr,(2)軽微なコード変更,IS,GOLD2,2021.06.21,2026.06.20,False,OK,IS_SURVIVOR_DD,DD_TRADEOFF,"IS net=317490.47 (0.959x), PF=1.835851 (0.981x), DD=32052.72円/32.05272pt (1.000x); baseline net=331176.79, PF=1.871883, DD=32052.72円",0,317490.47,1.8358508424549995,32052.719999999972,32.05271999999997,608,0.01|0.02,0.01|0.02,True,False,0,False,0,False,0,True,"{""GoldDDSCARR"":2.2}",gdda_is_gdd24_18_20260815100550_a04fa6_deals.csv,ml\gold_dd\configs\gdda_is_gdd24_18_20260815100550_a04fa6.yaml,2026-08-15T01:05:50+00:00,2026-08-15T01:12:19+00:00,389.807,
a0f213809a3e493c886829c55ea607b6,gdda_oos_gdd24_18_20260815101219_a0f213,GDD24_18,GDD24_18,sca_rr,(2)軽微なコード変更,OOS,GOLD2,2016.06.21,2021.06.20,False,OK,OOS_REJECT,OUT_OF_GATE,"OOS net=70408.37 (1.172x), PF=1.464530 (1.049x), DD=14088.03円/14.08803pt (1.020x); baseline net=60050.52, PF=1.396192, DD=13806.08円",0,70408.37,1.464529749560481,14088.029999999999,14.088029999999998,634,0.01|0.02,0.01|0.02,True,False,0,False,0,False,0,True,"{""GoldDDSCARR"":2.2}",gdda_oos_gdd24_18_20260815101219_a0f213_deals.csv,ml\gold_dd\configs\gdda_oos_gdd24_18_20260815101219_a0f213.yaml,2026-08-15T01:12:19+00:00,2026-08-15T01:13:05+00:00,45.457,
8069f94f8db1467d94e04c32f4f8cbeb,gdda_is_gdd24_19_20260815101305_8069f9,GDD24_19,GDD24_19,sca_rr,(2)軽微なコード変更,IS,GOLD2,2021.06.21,2026.06.20,False,OK,IS_SURVIVOR_DD,DD_TRADEOFF,"IS net=319141.13 (0.964x), PF=1.840197 (0.983x), DD=32052.72円/32.05272pt (1.000x); baseline net=331176.79, PF=1.871883, DD=32052.72円",0,319141.13,1.8401965021896263,32052.719999999972,32.05271999999997,608,0.01|0.02,0.01|0.02,True,False,0,False,0,False,0,True,"{""GoldDDSCARR"":2.3}",gdda_is_gdd24_19_20260815101305_8069f9_deals.csv,ml\gold_dd\configs\gdda_is_gdd24_19_20260815101305_8069f9.yaml,2026-08-15T01:13:05+00:00,2026-08-15T01:14:10+00:00,65.441,
966e36bdbd8a47b7a752220e3546bda5,gdda_oos_gdd24_19_20260815101410_966e36,GDD24_19,GDD24_19,sca_rr,(2)軽微なコード変更,OOS,GOLD2,2016.06.21,2021.06.20,False,OK,OOS_REJECT,OUT_OF_GATE,"OOS net=69665.90 (1.160x), PF=1.459631 (1.045x), DD=14088.03円/14.08803pt (1.020x); baseline net=60050.52, PF=1.396192, DD=13806.08円",0,69665.9,1.4596311927105472,14088.029999999999,14.088029999999998,634,0.01|0.02,0.01|0.02,True,False,0,False,0,False,0,True,"{""GoldDDSCARR"":2.3}",gdda_oos_gdd24_19_20260815101410_966e36_deals.csv,ml\gold_dd\configs\gdda_oos_gdd24_19_20260815101410_966e36.yaml,2026-08-15T01:14:10+00:00,2026-08-15T01:14:56+00:00,45.449,
c3766ca4026941acaff9c2bc6aa06c97,gdda_is_gdd24_20_20260815101456_c3766c,GDD24_20,GDD24_20,sca_rr,(2)軽微なコード変更,IS,GOLD2,2021.06.21,2026.06.20,False,OK,IS_SURVIVOR_DD,DD_TRADEOFF,"IS net=319838.33 (0.966x), PF=1.842032 (0.984x), DD=32052.72円/32.05272pt (1.000x); baseline net=331176.79, PF=1.871883, DD=32052.72円",0,319838.33,1.8420320067556677,32052.719999999972,32.05271999999997,608,0.01|0.02,0.01|0.02,True,False,0,False,0,False,0,True,"{""GoldDDSCARR"":2.4}",gdda_is_gdd24_20_20260815101456_c3766c_deals.csv,ml\gold_dd\configs\gdda_is_gdd24_20_20260815101456_c3766c.yaml,2026-08-15T01:14:56+00:00,2026-08-15T01:16:01+00:00,65.447,
f79c72069ba841f0a2fb8e4ac070b40f,gdda_oos_gdd24_20_20260815101601_f79c72,GDD24_20,GDD24_20,sca_rr,(2)軽微なコード変更,OOS,GOLD2,2016.06.21,2021.06.20,False,OK,OOS_REJECT,OUT_OF_GATE,"OOS net=71707.26 (1.194x), PF=1.473099 (1.055x), DD=14088.03円/14.08803pt (1.020x); baseline net=60050.52, PF=1.396192, DD=13806.08円",0,71707.26,1.4730993705644413,14088.029999999999,14.088029999999998,634,0.01|0.02,0.01|0.02,True,False,0,False,0,False,0,True,"{""GoldDDSCARR"":2.4}",gdda_oos_gdd24_20_20260815101601_f79c72_deals.csv,ml\gold_dd\configs\gdda_oos_gdd24_20_20260815101601_f79c72.yaml,2026-08-15T01:16:01+00:00,2026-08-15T01:16:47+00:00,45.436,
e4ed4f7c9d654b559c90bdcc415a6f1f,gdda_is_gdd25_01_20260815101647_e4ed4f,GDD25_01,GDD25_01,sca_boost,(2)軽微なコード変更,IS,GOLD2,2021.06.21,2026.06.20,False,OK,IS_SURVIVOR_DD,DD_TRADEOFF,"IS net=313750.42 (0.947x), PF=1.884165 (1.007x), DD=32052.72円/32.05272pt (1.000x); baseline net=331176.79, PF=1.871883, DD=32052.72円",0,313750.42,1.8841645897163357,32052.719999999972,32.05271999999997,608,0.01,0.01|0.02,True,False,0,False,0,False,0,True,"{""GoldDDSCABoostMult"":1}",gdda_is_gdd25_01_20260815101647_e4ed4f_deals.csv,ml\gold_dd\configs\gdda_is_gdd25_01_20260815101647_e4ed4f.yaml,2026-08-15T01:16:47+00:00,2026-08-15T01:17:52+00:00,65.436,
9cafa76261234e86933e18712602515f,gdda_oos_gdd25_01_20260815101752_9cafa7,GDD25_01,GDD25_01,sca_boost,(2)軽微なコード変更,OOS,GOLD2,2016.06.21,2021.06.20,False,OK,OOS_REJECT,OUT_OF_GATE,"OOS net=46674.23 (0.777x), PF=1.341757 (0.961x), DD=12770.95円/12.77095pt (0.925x); baseline net=60050.52, PF=1.396192, DD=13806.08円",0,46674.229999999996,1.3417565853388511,12770.949999999997,12.770949999999997,634,0.01,0.01|0.02,True,False,0,False,0,False,0,True,"{""GoldDDSCABoostMult"":1}",gdda_oos_gdd25_01_20260815101752_9cafa7_deals.csv,ml\gold_dd\configs\gdda_oos_gdd25_01_20260815101752_9cafa7.yaml,2026-08-15T01:17:52+00:00,2026-08-15T01:18:38+00:00,45.432,
fbc1f4ca8f55479fb7e3d479090430b2,gdda_is_gdd25_03_20260815101838_fbc1f4,GDD25_03,GDD25_03,sca_boost,(2)軽微なコード変更,IS,GOLD2,2021.06.21,2026.06.20,False,OK,IS_SURVIVOR_DD,DD_TRADEOFF,"IS net=348603.13 (1.053x), PF=1.861116 (0.994x), DD=32052.72円/32.05272pt (1.000x); baseline net=331176.79, PF=1.871883, DD=32052.72円",0,348603.13,1.8611164316287843,32052.719999999972,32.05271999999997,608,0.01|0.03,0.01|0.02,True,False,0,False,0,False,0,True,"{""GoldDDSCABoostMult"":3}",gdda_is_gdd25_03_20260815101838_fbc1f4_deals.csv,ml\gold_dd\configs\gdda_is_gdd25_03_20260815101838_fbc1f4.yaml,2026-08-15T01:18:38+00:00,2026-08-15T01:19:43+00:00,65.435,
98a6f56c2eec40a9b547705b3de1f955,gdda_oos_gdd25_03_20260815101943_98a6f5,GDD25_03,GDD25_03,sca_boost,(2)軽微なコード変更,OOS,GOLD2,2016.06.21,2021.06.20,False,OK,OOS_REJECT,OUT_OF_GATE,"OOS net=73426.71 (1.223x), PF=1.440824 (1.032x), DD=14861.16円/14.86116pt (1.076x); baseline net=60050.52, PF=1.396192, DD=13806.08円",0,73426.70999999999,1.440824454912318,14861.159999999989,14.86115999999999,634,0.01|0.03,0.01|0.02,True,False,0,False,0,False,0,True,"{""GoldDDSCABoostMult"":3}",gdda_oos_gdd25_03_20260815101943_98a6f5_deals.csv,ml\gold_dd\configs\gdda_oos_gdd25_03_20260815101943_98a6f5.yaml,2026-08-15T01:19:43+00:00,2026-08-15T01:20:29+00:00,45.456,
b80ab7b32cfe4c259cec016d3069959c,gdda_is_gdd25_04_20260815102029_b80ab7,GDD25_04,GDD25_04,sca_boost,(2)軽微なコード変更,IS,GOLD2,2021.06.21,2026.06.20,False,OK,IS_SURVIVOR_TRADEOFF,TRADEOFF,"IS net=366029.45 (1.105x), PF=1.851602 (0.989x), DD=36881.06円/36.88106pt (1.151x); baseline net=331176.79, PF=1.871883, DD=32052.72円",0,366029.45,1.8516019437669662,36881.06,36.88106,608,0.01|0.04,0.01|0.02,True,False,0,False,0,False,0,True,"{""GoldDDSCABoostMult"":4}",gdda_is_gdd25_04_20260815102029_b80ab7_deals.csv,ml\gold_dd\configs\gdda_is_gdd25_04_20260815102029_b80ab7.yaml,2026-08-15T01:20:29+00:00,2026-08-15T01:21:34+00:00,65.445,
18f5ca4694c24fa7b9951d0dcf70d0ab,gdda_oos_gdd25_04_20260815102134_18f5ca,GDD25_04,GDD25_04,sca_boost,(2)軽微なコード変更,OOS,GOLD2,2016.06.21,2021.06.20,False,OK,OOS_REJECT,OUT_OF_GATE,"OOS net=86802.98 (1.445x), PF=1.478084 (1.059x), DD=17582.76円/17.58276pt (1.274x); baseline net=60050.52, PF=1.396192, DD=13806.08円",0,86802.98,1.4780838045528322,17582.759999999995,17.582759999999993,634,0.01|0.04,0.01|0.02,True,False,0,False,0,False,0,True,"{""GoldDDSCABoostMult"":4}",gdda_oos_gdd25_04_20260815102134_18f5ca_deals.csv,ml\gold_dd\configs\gdda_oos_gdd25_04_20260815102134_18f5ca.yaml,2026-08-15T01:21:34+00:00,2026-08-15T01:22:20+00:00,45.424,
1dd11be66d624660bf7e86c596a58b1c,gdda_is_gdd25_05_20260815102220_1dd11b,GDD25_05,GDD25_05,sca_boost,(2)軽微なコード変更,IS,GOLD2,2021.06.21,2026.06.20,False,OK,IS_SURVIVOR_TRADEOFF,TRADEOFF,"IS net=383455.83 (1.158x), PF=1.843133 (0.985x), DD=46538.20円/46.53820pt (1.452x); baseline net=331176.79, PF=1.871883, DD=32052.72円",0,383455.83,1.8431330828342298,46538.2,46.538199999999996,608,0.01|0.05,0.01|0.02,True,False,0,False,0,False,0,True,"{""GoldDDSCABoostMult"":5}",gdda_is_gdd25_05_20260815102220_1dd11b_deals.csv,ml\gold_dd\configs\gdda_is_gdd25_05_20260815102220_1dd11b.yaml,2026-08-15T01:22:20+00:00,2026-08-15T01:23:25+00:00,65.467,
5568a42e17e84f7b93c74f39fda36dab,gdda_oos_gdd25_05_20260815102325_5568a4,GDD25_05,GDD25_05,sca_boost,(2)軽微なコード変更,OOS,GOLD2,2016.06.21,2021.06.20,False,OK,OOS_REJECT,OUT_OF_GATE,"OOS net=100179.23 (1.668x), PF=1.509657 (1.081x), DD=21014.37円/21.01437pt (1.522x); baseline net=60050.52, PF=1.396192, DD=13806.08円",0,100179.23,1.5096572083777342,21014.369999999995,21.014369999999996,634,0.01|0.05,0.01|0.02,True,False,0,False,0,False,0,True,"{""GoldDDSCABoostMult"":5}",gdda_oos_gdd25_05_20260815102325_5568a4_deals.csv,ml\gold_dd\configs\gdda_oos_gdd25_05_20260815102325_5568a4.yaml,2026-08-15T01:23:25+00:00,2026-08-15T01:24:11+00:00,45.433,
38c967886288434399dbe81a181b8ef9,gdda_is_gdd25_06_20260815102411_38c967,GDD25_06,GDD25_06,sca_boost,(2)軽微なコード変更,IS,GOLD2,2021.06.21,2026.06.20,False,OK,IS_SURVIVOR_TRADEOFF,TRADEOFF,"IS net=400882.21 (1.210x), PF=1.835546 (0.981x), DD=56195.35円/56.19535pt (1.753x); baseline net=331176.79, PF=1.871883, DD=32052.72円",0,400882.20999999996,1.8355463092756947,56195.350000000006,56.195350000000005,608,0.01|0.06,0.01|0.02,True,False,0,False,0,False,0,True,"{""GoldDDSCABoostMult"":6}",gdda_is_gdd25_06_20260815102411_38c967_deals.csv,ml\gold_dd\configs\gdda_is_gdd25_06_20260815102411_38c967.yaml,2026-08-15T01:24:11+00:00,2026-08-15T01:25:16+00:00,65.457,
d35e5779f2ad43389eebf3432e46af14,gdda_oos_gdd25_06_20260815102516_d35e57,GDD25_06,GDD25_06,sca_boost,(2)軽微なコード変更,OOS,GOLD2,2016.06.21,2021.06.20,False,OK,OOS_REJECT,OUT_OF_GATE,"OOS net=113555.51 (1.891x), PF=1.536754 (1.101x), DD=24459.12円/24.45912pt (1.772x); baseline net=60050.52, PF=1.396192, DD=13806.08円",0,113555.51,1.5367543812961588,24459.120000000024,24.459120000000024,634,0.01|0.06,0.01|0.02,True,False,0,False,0,False,0,True,"{""GoldDDSCABoostMult"":6}",gdda_oos_gdd25_06_20260815102516_d35e57_deals.csv,ml\gold_dd\configs\gdda_oos_gdd25_06_20260815102516_d35e57.yaml,2026-08-15T01:25:16+00:00,2026-08-15T01:26:02+00:00,45.460,
d6cc3374c2fa4c898c23ba459050bec4,gdda_is_gdd25_07_20260815102602_d6cc33,GDD25_07,GDD25_07,sca_boost,(2)軽微なコード変更,IS,GOLD2,2021.06.21,2026.06.20,False,OK,IS_SURVIVOR_TRADEOFF,TRADEOFF,"IS net=418308.53 (1.263x), PF=1.828710 (0.977x), DD=65852.52円/65.85252pt (2.055x); baseline net=331176.79, PF=1.871883, DD=32052.72円",0,418308.52999999997,1.8287104660372135,65852.51999999997,65.85251999999997,608,0.01|0.07,0.01|0.02,True,False,0,False,0,False,0,True,"{""GoldDDSCABoostMult"":7}",gdda_is_gdd25_07_20260815102602_d6cc33_deals.csv,ml\gold_dd\configs\gdda_is_gdd25_07_20260815102602_d6cc33.yaml,2026-08-15T01:26:02+00:00,2026-08-15T01:27:07+00:00,65.423,
8eab9f0d2bb84871af09a26052be42eb,gdda_oos_gdd25_07_20260815102707_8eab9f,GDD25_07,GDD25_07,sca_boost,(2)軽微なコード変更,OOS,GOLD2,2016.06.21,2021.06.20,False,OK,OOS_REJECT,OUT_OF_GATE,"OOS net=126931.75 (2.114x), PF=1.560264 (1.118x), DD=27903.94円/27.90394pt (2.021x); baseline net=60050.52, PF=1.396192, DD=13806.08円",0,126931.75,1.5602636632510902,27903.94000000003,27.90394000000003,634,0.01|0.07,0.01|0.02,True,False,0,False,0,False,0,True,"{""GoldDDSCABoostMult"":7}",gdda_oos_gdd25_07_20260815102707_8eab9f_deals.csv,ml\gold_dd\configs\gdda_oos_gdd25_07_20260815102707_8eab9f.yaml,2026-08-15T01:27:07+00:00,2026-08-15T01:27:52+00:00,45.428,
251783be7cb54e16a780c8c7db4abec4,gdda_is_gdd25_08_20260815102752_251783,GDD25_08,GDD25_08,sca_boost,(2)軽微なコード変更,IS,GOLD2,2021.06.21,2026.06.20,False,OK,IS_SURVIVOR_TRADEOFF,TRADEOFF,"IS net=435734.86 (1.316x), PF=1.822519 (0.974x), DD=75509.67円/75.50967pt (2.356x); baseline net=331176.79, PF=1.871883, DD=32052.72円",0,435734.86,1.8225194179844801,75509.66999999998,75.50966999999999,608,0.01|0.08,0.01|0.02,True,False,0,False,0,False,0,True,"{""GoldDDSCABoostMult"":8}",gdda_is_gdd25_08_20260815102752_251783_deals.csv,ml\gold_dd\configs\gdda_is_gdd25_08_20260815102752_251783.yaml,2026-08-15T01:27:52+00:00,2026-08-15T01:29:03+00:00,70.473,
431c8d6d73d24f8cb85478edae2b7dac,gdda_oos_gdd25_08_20260815102903_431c8d,GDD25_08,GDD25_08,sca_boost,(2)軽微なコード変更,OOS,GOLD2,2016.06.21,2021.06.20,False,OK,OOS_REJECT,OUT_OF_GATE,"OOS net=140307.99 (2.336x), PF=1.580854 (1.132x), DD=31348.72円/31.34872pt (2.271x); baseline net=60050.52, PF=1.396192, DD=13806.08円",0,140307.99,1.580853733503172,31348.720000000045,31.348720000000046,634,0.01|0.08,0.01|0.02,True,False,0,False,0,False,0,True,"{""GoldDDSCABoostMult"":8}",gdda_oos_gdd25_08_20260815102903_431c8d_deals.csv,ml\gold_dd\configs\gdda_oos_gdd25_08_20260815102903_431c8d.yaml,2026-08-15T01:29:03+00:00,2026-08-15T01:29:48+00:00,45.521,
f143564cef4140ecbea1a9f344209208,gdda_is_gdd25_09_20260815102949_f14356,GDD25_09,GDD25_09,sca_boost,(2)軽微なコード変更,IS,GOLD2,2021.06.21,2026.06.20,False,OK,IS_SURVIVOR_TRADEOFF,TRADEOFF,"IS net=453161.25 (1.368x), PF=1.816886 (0.971x), DD=85166.81円/85.16681pt (2.657x); baseline net=331176.79, PF=1.871883, DD=32052.72円",0,453161.25,1.8168862629802645,85166.81000000001,85.16681000000001,608,0.01|0.09,0.01|0.02,True,False,0,False,0,False,0,True,"{""GoldDDSCABoostMult"":9}",gdda_is_gdd25_09_20260815102949_f14356_deals.csv,ml\gold_dd\configs\gdda_is_gdd25_09_20260815102949_f14356.yaml,2026-08-15T01:29:49+00:00,2026-08-15T01:30:54+00:00,65.527,
5d936573e37a4758a9b379b084aa81d9,gdda_oos_gdd25_09_20260815103054_5d9365,GDD25_09,GDD25_09,sca_boost,(2)軽微なコード変更,OOS,GOLD2,2016.06.21,2021.06.20,False,OK,OOS_REJECT,OUT_OF_GATE,"OOS net=153684.22 (2.559x), PF=1.599036 (1.145x), DD=34793.51円/34.79351pt (2.520x); baseline net=60050.52, PF=1.396192, DD=13806.08円",0,153684.22,1.5990363995439683,34793.51000000001,34.79351000000001,634,0.01|0.09,0.01|0.02,True,False,0,False,0,False,0,True,"{""GoldDDSCABoostMult"":9}",gdda_oos_gdd25_09_20260815103054_5d9365_deals.csv,ml\gold_dd\configs\gdda_oos_gdd25_09_20260815103054_5d9365.yaml,2026-08-15T01:30:54+00:00,2026-08-15T01:38:00+00:00,425.750,
351a99ea9d264bc687b30fd49533ef56,gdda_is_gdd25_10_20260815103800_351a99,GDD25_10,GDD25_10,sca_boost,(2)軽微なコード変更,IS,GOLD2,2021.06.21,2026.06.20,False,OK,IS_SURVIVOR_TRADEOFF,TRADEOFF,"IS net=470587.54 (1.421x), PF=1.811738 (0.968x), DD=94823.99円/94.82399pt (2.958x); baseline net=331176.79, PF=1.871883, DD=32052.72円",0,470587.54,1.8117384349437637,94823.98999999999,94.82399,608,0.01|0.10,0.01|0.02,True,False,0,False,0,False,0,True,"{""GoldDDSCABoostMult"":10}",gdda_is_gdd25_10_20260815103800_351a99_deals.csv,ml\gold_dd\configs\gdda_is_gdd25_10_20260815103800_351a99.yaml,2026-08-15T01:38:00+00:00,2026-08-15T01:39:05+00:00,65.547,
ea22b052caa54874964304b86be6a5ed,gdda_oos_gdd25_10_20260815103905_ea22b0,GDD25_10,GDD25_10,sca_boost,(2)軽微なコード変更,OOS,GOLD2,2016.06.21,2021.06.20,False,OK,OOS_REJECT,OUT_OF_GATE,"OOS net=167060.47 (2.782x), PF=1.615211 (1.157x), DD=38238.31円/38.23831pt (2.770x); baseline net=60050.52, PF=1.396192, DD=13806.08円",0,167060.47,1.615210716258516,38238.31000000001,38.23831000000001,634,0.01|0.10,0.01|0.02,True,False,0,False,0,False,0,True,"{""GoldDDSCABoostMult"":10}",gdda_oos_gdd25_10_20260815103905_ea22b0_deals.csv,ml\gold_dd\configs\gdda_oos_gdd25_10_20260815103905_ea22b0.yaml,2026-08-15T01:39:05+00:00,2026-08-15T01:39:51+00:00,45.500,
6cba808cb3db4d188daaec6243ca844d,gdda_is_gdd25_11_20260815103951_6cba80,GDD25_11,GDD25_11,sca_boost,(2)軽微なコード変更,IS,GOLD2,2021.06.21,2026.06.20,False,OK,IS_SURVIVOR_TRADEOFF,TRADEOFF,"IS net=488013.90 (1.474x), PF=1.807016 (0.965x), DD=104481.14円/104.48114pt (3.260x); baseline net=331176.79, PF=1.871883, DD=32052.72円",0,488013.89999999997,1.8070161640568183,104481.14000000001,104.48114000000001,608,0.01|0.11,0.01|0.02,True,False,0,False,0,False,0,True,"{""GoldDDSCABoostMult"":11}",gdda_is_gdd25_11_20260815103951_6cba80_deals.csv,ml\gold_dd\configs\gdda_is_gdd25_11_20260815103951_6cba80.yaml,2026-08-15T01:39:51+00:00,2026-08-15T01:40:56+00:00,65.497,
13201062d3754123b6cf0367ff9380f1,gdda_oos_gdd25_11_20260815104056_132010,GDD25_11,GDD25_11,sca_boost,(2)軽微なコード変更,OOS,GOLD2,2016.06.21,2021.06.20,False,OK,OOS_REJECT,OUT_OF_GATE,"OOS net=180436.72 (3.005x), PF=1.629692 (1.167x), DD=41683.11円/41.68311pt (3.019x); baseline net=60050.52, PF=1.396192, DD=13806.08円",0,180436.72,1.62969193845309,41683.11000000003,41.68311000000003,634,0.01|0.11,0.01|0.02,True,False,0,False,0,False,0,True,"{""GoldDDSCABoostMult"":11}",gdda_oos_gdd25_11_20260815104056_132010_deals.csv,ml\gold_dd\configs\gdda_oos_gdd25_11_20260815104056_132010.yaml,2026-08-15T01:40:56+00:00,2026-08-15T01:41:42+00:00,45.499,
51e10817328c44ddbd390f6dbccf149f,gdda_is_gdd25_12_20260815104142_51e108,GDD25_12,GDD25_12,sca_boost,(2)軽微なコード変更,IS,GOLD2,2021.06.21,2026.06.20,False,OK,IS_SURVIVOR_TRADEOFF,TRADEOFF,"IS net=505440.27 (1.526x), PF=1.802669 (0.963x), DD=114138.29円/114.13829pt (3.561x); baseline net=331176.79, PF=1.871883, DD=32052.72円",0,505440.26999999996,1.802668633572198,114138.29000000001,114.13829000000001,608,0.01|0.12,0.01|0.02,True,False,0,False,0,False,0,True,"{""GoldDDSCABoostMult"":12}",gdda_is_gdd25_12_20260815104142_51e108_deals.csv,ml\gold_dd\configs\gdda_is_gdd25_12_20260815104142_51e108.yaml,2026-08-15T01:41:42+00:00,2026-08-15T01:42:48+00:00,65.493,
d93bfad36cb94f17a519d05bde1e6298,gdda_oos_gdd25_12_20260815104248_d93bfa,GDD25_12,GDD25_12,sca_boost,(2)軽微なコード変更,OOS,GOLD2,2016.06.21,2021.06.20,False,OK,OOS_REJECT,OUT_OF_GATE,"OOS net=193812.97 (3.227x), PF=1.642733 (1.177x), DD=45127.89円/45.12789pt (3.269x); baseline net=60050.52, PF=1.396192, DD=13806.08円",0,193812.97,1.64273273127876,45127.89000000004,45.12789000000004,634,0.01|0.12,0.01|0.02,True,False,0,False,0,False,0,True,"{""GoldDDSCABoostMult"":12}",gdda_oos_gdd25_12_20260815104248_d93bfa_deals.csv,ml\gold_dd\configs\gdda_oos_gdd25_12_20260815104248_d93bfa.yaml,2026-08-15T01:42:48+00:00,2026-08-15T01:43:33+00:00,45.530,
9e3530c978274367a1b97b5579c36ac1,gdda_is_gdd25_13_20260815104333_9e3530,GDD25_13,GDD25_13,sca_boost,(2)軽微なコード変更,IS,GOLD2,2021.06.21,2026.06.20,False,OK,IS_SURVIVOR_TRADEOFF,TRADEOFF,"IS net=522866.63 (1.579x), PF=1.798653 (0.961x), DD=123795.43円/123.79543pt (3.862x); baseline net=331176.79, PF=1.871883, DD=32052.72円",0,522866.63,1.7986529687744488,123795.43,123.79543,608,0.01|0.13,0.01|0.02,True,False,0,False,0,False,0,True,"{""GoldDDSCABoostMult"":13}",gdda_is_gdd25_13_20260815104333_9e3530_deals.csv,ml\gold_dd\configs\gdda_is_gdd25_13_20260815104333_9e3530.yaml,2026-08-15T01:43:33+00:00,2026-08-15T01:45:09+00:00,95.496,
de9ba19bf4f64faa8d10f050944355cf,gdda_oos_gdd25_13_20260815104509_de9ba1,GDD25_13,GDD25_13,sca_boost,(2)軽微なコード変更,OOS,GOLD2,2016.06.21,2021.06.20,False,OK,OOS_REJECT,OUT_OF_GATE,"OOS net=207189.20 (3.450x), PF=1.654538 (1.185x), DD=48572.68円/48.57268pt (3.518x); baseline net=60050.52, PF=1.396192, DD=13806.08円",0,207189.2,1.654537691126202,48572.68000000001,48.572680000000005,634,0.01|0.13,0.01|0.02,True,False,0,False,0,False,0,True,"{""GoldDDSCABoostMult"":13}",gdda_oos_gdd25_13_20260815104509_de9ba1_deals.csv,ml\gold_dd\configs\gdda_oos_gdd25_13_20260815104509_de9ba1.yaml,2026-08-15T01:45:09+00:00,2026-08-15T01:45:54+00:00,45.551,
b416e182f09e4f0baadb742d9a4d7d82,gdda_is_gdd25_14_20260815104554_b416e1,GDD25_14,GDD25_14,sca_boost,(2)軽微なコード変更,IS,GOLD2,2021.06.21,2026.06.20,False,OK,IS_SURVIVOR_TRADEOFF,TRADEOFF,"IS net=540292.96 (1.631x), PF=1.794932 (0.959x), DD=133452.59円/133.45259pt (4.164x); baseline net=331176.79, PF=1.871883, DD=32052.72円",0,540292.96,1.7949324697318492,133452.59,133.45259,608,0.01|0.14,0.01|0.02,True,False,0,False,0,False,0,True,"{""GoldDDSCABoostMult"":14}",gdda_is_gdd25_14_20260815104554_b416e1_deals.csv,ml\gold_dd\configs\gdda_is_gdd25_14_20260815104554_b416e1.yaml,2026-08-15T01:45:54+00:00,2026-08-15T01:47:00+00:00,65.512,
e8cc12943c284aa88085836a3bd5b1cb,gdda_oos_gdd25_14_20260815104700_e8cc12,GDD25_14,GDD25_14,sca_boost,(2)軽微なコード変更,OOS,GOLD2,2016.06.21,2021.06.20,False,OK,OOS_REJECT,OUT_OF_GATE,"OOS net=220565.49 (3.673x), PF=1.665275 (1.193x), DD=52017.45円/52.01745pt (3.768x); baseline net=60050.52, PF=1.396192, DD=13806.08円",0,220565.49000000002,1.6652748102327917,52017.450000000055,52.01745000000005,634,0.01|0.14,0.01|0.02,True,False,0,False,0,False,0,True,"{""GoldDDSCABoostMult"":14}",gdda_oos_gdd25_14_20260815104700_e8cc12_deals.csv,ml\gold_dd\configs\gdda_oos_gdd25_14_20260815104700_e8cc12.yaml,2026-08-15T01:47:00+00:00,2026-08-15T01:47:45+00:00,45.529,
052fda62505c4ce49757c22b0252b5d1,gdda_is_gdd25_15_20260815104745_052fda,GDD25_15,GDD25_15,sca_boost,(2)軽微なコード変更,IS,GOLD2,2021.06.21,2026.06.20,False,OK,IS_SURVIVOR_TRADEOFF,TRADEOFF,"IS net=557719.32 (1.684x), PF=1.791476 (0.957x), DD=143109.75円/143.10975pt (4.465x); baseline net=331176.79, PF=1.871883, DD=32052.72円",0,557719.3200000001,1.7914758688616037,143109.75,143.10975,608,0.01|0.15,0.01|0.02,True,False,0,False,0,False,0,True,"{""GoldDDSCABoostMult"":15}",gdda_is_gdd25_15_20260815104745_052fda_deals.csv,ml\gold_dd\configs\gdda_is_gdd25_15_20260815104745_052fda.yaml,2026-08-15T01:47:45+00:00,2026-08-15T01:48:51+00:00,65.500,
fe6d4afd93d54c2dbcb9d368210ee62d,gdda_oos_gdd25_15_20260815104851_fe6d4a,GDD25_15,GDD25_15,sca_boost,(2)軽微なコード変更,OOS,GOLD2,2016.06.21,2021.06.20,False,OK,OOS_REJECT,OUT_OF_GATE,"OOS net=233941.73 (3.896x), PF=1.675082 (1.200x), DD=55462.24円/55.46224pt (4.017x); baseline net=60050.52, PF=1.396192, DD=13806.08円",0,233941.73,1.6750824339563086,55462.24000000002,55.46224000000002,634,0.01|0.15,0.01|0.02,True,False,0,False,0,False,0,True,"{""GoldDDSCABoostMult"":15}",gdda_oos_gdd25_15_20260815104851_fe6d4a_deals.csv,ml\gold_dd\configs\gdda_oos_gdd25_15_20260815104851_fe6d4a.yaml,2026-08-15T01:48:51+00:00,2026-08-15T01:49:36+00:00,45.493,
d03b74fbee604ff28a7f8e447c3c34c8,gdda_is_gdd25_16_20260815104936_d03b74,GDD25_16,GDD25_16,sca_boost,(2)軽微なコード変更,IS,GOLD2,2021.06.21,2026.06.20,False,OK,IS_SURVIVOR_TRADEOFF,TRADEOFF,"IS net=360567.88 (1.089x), PF=1.502116 (0.802x), DD=158641.39円/158.64139pt (4.949x); baseline net=331176.79, PF=1.871883, DD=32052.72円",0,360567.88,1.5021155835732973,158641.39,158.64139,592,0.01|0.16,0.01|0.02,True,False,0,False,0,False,0,True,"{""GoldDDSCABoostMult"":16}",gdda_is_gdd25_16_20260815104936_d03b74_deals.csv,ml\gold_dd\configs\gdda_is_gdd25_16_20260815104936_d03b74.yaml,2026-08-15T01:49:36+00:00,2026-08-15T01:50:42+00:00,65.482,
0d22d80021e94269a051049595e759ab,gdda_oos_gdd25_16_20260815105042_0d22d8,GDD25_16,GDD25_16,sca_boost,(2)軽微なコード変更,OOS,GOLD2,2016.06.21,2021.06.20,False,OK,OOS_REJECT,OUT_OF_GATE,"OOS net=247317.97 (4.118x), PF=1.684076 (1.206x), DD=58907.03円/58.90703pt (4.267x); baseline net=60050.52, PF=1.396192, DD=13806.08円",0,247317.97,1.6840763574001365,58907.03000000002,58.90703000000002,634,0.01|0.16,0.01|0.02,True,False,0,False,0,False,0,True,"{""GoldDDSCABoostMult"":16}",gdda_oos_gdd25_16_20260815105042_0d22d8_deals.csv,ml\gold_dd\configs\gdda_oos_gdd25_16_20260815105042_0d22d8.yaml,2026-08-15T01:50:42+00:00,2026-08-15T01:51:27+00:00,45.493,
73e3329878d5499791d674514e23fd6d,gdda_is_gdd25_17_20260815105127_73e332,GDD25_17,GDD25_17,sca_boost,(2)軽微なコード変更,IS,GOLD2,2021.06.21,2026.06.20,False,OK,IS_REJECT,DOMINATED,"IS net=312503.74 (0.944x), PF=1.469971 (0.785x), DD=168298.56円/168.29856pt (5.251x); baseline net=331176.79, PF=1.871883, DD=32052.72円",0,312503.74,1.469971320061452,168298.56,168.29856,584,0.01|0.17,0.01|0.02,True,False,0,False,0,False,0,True,"{""GoldDDSCABoostMult"":17}",gdda_is_gdd25_17_20260815105127_73e332_deals.csv,ml\gold_dd\configs\gdda_is_gdd25_17_20260815105127_73e332.yaml,2026-08-15T01:51:27+00:00,2026-08-15T01:52:33+00:00,65.483,
5c287614995247bda84eb2cd032920b0,gdda_is_gdd25_18_20260815105233_5c2876,GDD25_18,GDD25_18,sca_boost,(2)軽微なコード変更,IS,GOLD2,2021.06.21,2026.06.20,False,OK,IS_SURVIVOR_TRADEOFF,TRADEOFF,"IS net=342412.01 (1.034x), PF=1.522212 (0.813x), DD=177955.70円/177.95570pt (5.552x); baseline net=331176.79, PF=1.871883, DD=32052.72円",0,342412.01,1.5222116792236324,177955.69999999998,177.95569999999998,582,0.01|0.18,0.01|0.02,True,False,0,False,0,False,0,True,"{""GoldDDSCABoostMult"":18}",gdda_is_gdd25_18_20260815105233_5c2876_deals.csv,ml\gold_dd\configs\gdda_is_gdd25_18_20260815105233_5c2876.yaml,2026-08-15T01:52:33+00:00,2026-08-15T01:53:38+00:00,65.490,
6655b087fb4f4c478cd7d8312925ccbb,gdda_oos_gdd25_18_20260815105339_6655b0,GDD25_18,GDD25_18,sca_boost,(2)軽微なコード変更,OOS,GOLD2,2016.06.21,2021.06.20,False,OK,OOS_REJECT,OUT_OF_GATE,"OOS net=274070.49 (4.564x), PF=1.699997 (1.218x), DD=65796.60円/65.79660pt (4.766x); baseline net=60050.52, PF=1.396192, DD=13806.08円",0,274070.49,1.6999972313801501,65796.60000000005,65.79660000000005,634,0.01|0.18,0.01|0.02,True,False,0,False,0,False,0,True,"{""GoldDDSCABoostMult"":18}",gdda_oos_gdd25_18_20260815105339_6655b0_deals.csv,ml\gold_dd\configs\gdda_oos_gdd25_18_20260815105339_6655b0.yaml,2026-08-15T01:53:39+00:00,2026-08-15T01:54:24+00:00,45.501,
0d1deb474b17414c9fa897bb8ca31405,gdda_is_gdd25_19_20260815105424_0d1deb,GDD25_19,GDD25_19,sca_boost,(2)軽微なコード変更,IS,GOLD2,2021.06.21,2026.06.20,False,OK,IS_SURVIVOR_TRADEOFF,TRADEOFF,"IS net=344972.43 (1.042x), PF=1.511983 (0.808x), DD=187612.87円/187.61287pt (5.853x); baseline net=331176.79, PF=1.871883, DD=32052.72円",0,344972.43,1.5119825133164306,187612.86999999994,187.61286999999993,582,0.01|0.19,0.01|0.02,True,False,0,False,0,False,0,True,"{""GoldDDSCABoostMult"":19}",gdda_is_gdd25_19_20260815105424_0d1deb_deals.csv,ml\gold_dd\configs\gdda_is_gdd25_19_20260815105424_0d1deb.yaml,2026-08-15T01:54:24+00:00,2026-08-15T01:55:30+00:00,65.489,
25dd1c067e7447b78d1b7ab17bd95079,gdda_oos_gdd25_19_20260815105530_25dd1c,GDD25_19,GDD25_19,sca_boost,(2)軽微なコード変更,OOS,GOLD2,2016.06.21,2021.06.20,False,OK,OOS_REJECT,OUT_OF_GATE,"OOS net=287446.72 (4.787x), PF=1.707077 (1.223x), DD=69241.39円/69.24139pt (5.015x); baseline net=60050.52, PF=1.396192, DD=13806.08円",0,287446.72,1.707076533194086,69241.39000000004,69.24139000000004,634,0.01|0.19,0.01|0.02,True,False,0,False,0,False,0,True,"{""GoldDDSCABoostMult"":19}",gdda_oos_gdd25_19_20260815105530_25dd1c_deals.csv,ml\gold_dd\configs\gdda_oos_gdd25_19_20260815105530_25dd1c.yaml,2026-08-15T01:55:30+00:00,2026-08-15T01:56:15+00:00,45.486,
1d4bf4ac1d5f422893c342a1aead55b8,gdda_is_gdd25_20_20260815105615_1d4bf4,GDD25_20,GDD25_20,sca_boost,(2)軽微なコード変更,IS,GOLD2,2021.06.21,2026.06.20,False,OK,IS_SURVIVOR_TRADEOFF,TRADEOFF,"IS net=347532.90 (1.049x), PF=1.502289 (0.803x), DD=197270.01円/197.27001pt (6.155x); baseline net=331176.79, PF=1.871883, DD=32052.72円",0,347532.89999999997,1.502288673050626,197270.01000000004,197.27001000000004,582,0.01|0.20,0.01|0.02,True,False,0,False,0,False,0,True,"{""GoldDDSCABoostMult"":20}",gdda_is_gdd25_20_20260815105615_1d4bf4_deals.csv,ml\gold_dd\configs\gdda_is_gdd25_20_20260815105615_1d4bf4.yaml,2026-08-15T01:56:15+00:00,2026-08-15T01:57:21+00:00,65.487,
32f62b828b70442dbc5fde12757ff6da,gdda_oos_gdd25_20_20260815105721_32f62b,GDD25_20,GDD25_20,sca_boost,(2)軽微なコード変更,OOS,GOLD2,2016.06.21,2021.06.20,False,OK,OOS_REJECT,OUT_OF_GATE,"OOS net=300822.99 (5.009x), PF=1.713652 (1.227x), DD=72686.18円/72.68618pt (5.265x); baseline net=60050.52, PF=1.396192, DD=13806.08円",0,300822.99,1.7136522099559972,72686.18000000001,72.68618000000001,634,0.01|0.20,0.01|0.02,True,False,0,False,0,False,0,True,"{""GoldDDSCABoostMult"":20}",gdda_oos_gdd25_20_20260815105721_32f62b_deals.csv,ml\gold_dd\configs\gdda_oos_gdd25_20_20260815105721_32f62b.yaml,2026-08-15T01:57:21+00:00,2026-08-15T01:58:06+00:00,45.500,
7d7a6d00ce334e6ebe6dc032265ee65a,gdda_is_gdd26_01_20260815105806_7d7a6d,GDD26_01,GDD26_01,sca_trade_end,(2)軽微なコード変更,IS,GOLD2,2021.06.21,2026.06.20,False,OK,IS_SURVIVOR_TRADEOFF,TRADEOFF,"IS net=157458.86 (0.475x), PF=2.008824 (1.073x), DD=20607.37円/20.60737pt (0.643x); baseline net=331176.79, PF=1.871883, DD=32052.72円",0,157458.86,2.0088237155888415,20607.370000000024,20.607370000000024,124,0.01,0.01|0.02,True,False,0,False,0,False,0,True,"{""GoldDDSCATradeEnd"":4}",gdda_is_gdd26_01_20260815105806_7d7a6d_deals.csv,ml\gold_dd\configs\gdda_is_gdd26_01_20260815105806_7d7a6d.yaml,2026-08-15T01:58:06+00:00,2026-08-15T01:59:12+00:00,65.486,
b90bffbc717340e584634af33ac60260,gdda_oos_gdd26_01_20260815105912_b90bff,GDD26_01,GDD26_01,sca_trade_end,(2)軽微なコード変更,OOS,GOLD2,2016.06.21,2021.06.20,False,OK,OOS_REJECT,OUT_OF_GATE,"OOS net=8451.64 (0.141x), PF=1.180140 (0.845x), DD=12524.92円/12.52492pt (0.907x); baseline net=60050.52, PF=1.396192, DD=13806.08円",0,8451.640000000001,1.1801399405078066,12524.920000000027,12.524920000000026,102,0.01,0.01|0.02,True,False,0,False,0,False,0,True,"{""GoldDDSCATradeEnd"":4}",gdda_oos_gdd26_01_20260815105912_b90bff_deals.csv,ml\gold_dd\configs\gdda_oos_gdd26_01_20260815105912_b90bff.yaml,2026-08-15T01:59:12+00:00,2026-08-15T01:59:57+00:00,45.496,
ba815fb1c6bd492ba8d7b9a97a35ed8d,gdda_is_gdd26_02_20260815105957_ba815f,GDD26_02,GDD26_02,sca_trade_end,(2)軽微なコード変更,IS,GOLD2,2021.06.21,2026.06.20,False,OK,IS_SURVIVOR_TRADEOFF,TRADEOFF,"IS net=157458.86 (0.475x), PF=2.008824 (1.073x), DD=20607.37円/20.60737pt (0.643x); baseline net=331176.79, PF=1.871883, DD=32052.72円",0,157458.86,2.0088237155888415,20607.370000000024,20.607370000000024,124,0.01,0.01|0.02,True,False,0,False,0,False,0,True,"{""GoldDDSCATradeEnd"":5}",gdda_is_gdd26_02_20260815105957_ba815f_deals.csv,ml\gold_dd\configs\gdda_is_gdd26_02_20260815105957_ba815f.yaml,2026-08-15T01:59:57+00:00,2026-08-15T02:01:03+00:00,65.488,
d3dfbd42e2d64e1a9c82e7e7dad31d65,gdda_oos_gdd26_02_20260815110103_d3dfbd,GDD26_02,GDD26_02,sca_trade_end,(2)軽微なコード変更,OOS,GOLD2,2016.06.21,2021.06.20,False,OK,OOS_REJECT,OUT_OF_GATE,"OOS net=8451.64 (0.141x), PF=1.180140 (0.845x), DD=12524.92円/12.52492pt (0.907x); baseline net=60050.52, PF=1.396192, DD=13806.08円",0,8451.640000000001,1.1801399405078066,12524.920000000027,12.524920000000026,102,0.01,0.01|0.02,True,False,0,False,0,False,0,True,"{""GoldDDSCATradeEnd"":5}",gdda_oos_gdd26_02_20260815110103_d3dfbd_deals.csv,ml\gold_dd\configs\gdda_oos_gdd26_02_20260815110103_d3dfbd.yaml,2026-08-15T02:01:03+00:00,2026-08-15T02:01:48+00:00,45.479,
074cc5bbbb754c2397093f965e2cf0a1,gdda_is_gdd26_03_20260815110148_074cc5,GDD26_03,GDD26_03,sca_trade_end,(2)軽微なコード変更,IS,GOLD2,2021.06.21,2026.06.20,False,OK,IS_SURVIVOR_TRADEOFF,TRADEOFF,"IS net=157458.86 (0.475x), PF=2.008824 (1.073x), DD=20607.37円/20.60737pt (0.643x); baseline net=331176.79, PF=1.871883, DD=32052.72円",0,157458.86,2.0088237155888415,20607.370000000024,20.607370000000024,124,0.01,0.01|0.02,True,False,0,False,0,False,0,True,"{""GoldDDSCATradeEnd"":6}",gdda_is_gdd26_03_20260815110148_074cc5_deals.csv,ml\gold_dd\configs\gdda_is_gdd26_03_20260815110148_074cc5.yaml,2026-08-15T02:01:48+00:00,2026-08-15T02:02:59+00:00,70.498,
3d50b40a78194e14859d50622207b369,gdda_oos_gdd26_03_20260815110259_3d50b4,GDD26_03,GDD26_03,sca_trade_end,(2)軽微なコード変更,OOS,GOLD2,2016.06.21,2021.06.20,False,OK,OOS_REJECT,OUT_OF_GATE,"OOS net=8451.64 (0.141x), PF=1.180140 (0.845x), DD=12524.92円/12.52492pt (0.907x); baseline net=60050.52, PF=1.396192, DD=13806.08円",0,8451.640000000001,1.1801399405078066,12524.920000000027,12.524920000000026,102,0.01,0.01|0.02,True,False,0,False,0,False,0,True,"{""GoldDDSCATradeEnd"":6}",gdda_oos_gdd26_03_20260815110259_3d50b4_deals.csv,ml\gold_dd\configs\gdda_oos_gdd26_03_20260815110259_3d50b4.yaml,2026-08-15T02:02:59+00:00,2026-08-15T02:03:44+00:00,45.509,
6919fb935c9a4eb6b7bb4233fd780f71,gdda_is_gdd26_04_20260815110344_6919fb,GDD26_04,GDD26_04,sca_trade_end,(2)軽微なコード変更,IS,GOLD2,2021.06.21,2026.06.20,False,OK,IS_SURVIVOR_TRADEOFF,TRADEOFF,"IS net=157458.86 (0.475x), PF=2.008824 (1.073x), DD=20607.37円/20.60737pt (0.643x); baseline net=331176.79, PF=1.871883, DD=32052.72円",0,157458.86,2.0088237155888415,20607.370000000024,20.607370000000024,124,0.01,0.01|0.02,True,False,0,False,0,False,0,True,"{""GoldDDSCATradeEnd"":7}",gdda_is_gdd26_04_20260815110344_6919fb_deals.csv,ml\gold_dd\configs\gdda_is_gdd26_04_20260815110344_6919fb.yaml,2026-08-15T02:03:44+00:00,2026-08-15T02:04:50+00:00,65.490,
4e5a96a7b36b47cdab532580ea223dce,gdda_oos_gdd26_04_20260815110450_4e5a96,GDD26_04,GDD26_04,sca_trade_end,(2)軽微なコード変更,OOS,GOLD2,2016.06.21,2021.06.20,False,OK,OOS_REJECT,OUT_OF_GATE,"OOS net=8451.64 (0.141x), PF=1.180140 (0.845x), DD=12524.92円/12.52492pt (0.907x); baseline net=60050.52, PF=1.396192, DD=13806.08円",0,8451.640000000001,1.1801399405078066,12524.920000000027,12.524920000000026,102,0.01,0.01|0.02,True,False,0,False,0,False,0,True,"{""GoldDDSCATradeEnd"":7}",gdda_oos_gdd26_04_20260815110450_4e5a96_deals.csv,ml\gold_dd\configs\gdda_oos_gdd26_04_20260815110450_4e5a96.yaml,2026-08-15T02:04:50+00:00,2026-08-15T02:05:35+00:00,45.518,
0d5654778cdf48e0977681c881def6dd,gdda_is_gdd26_05_20260815110535_0d5654,GDD26_05,GDD26_05,sca_trade_end,(2)軽微なコード変更,IS,GOLD2,2021.06.21,2026.06.20,False,OK,IS_SURVIVOR_TRADEOFF,TRADEOFF,"IS net=157458.86 (0.475x), PF=2.008824 (1.073x), DD=20607.37円/20.60737pt (0.643x); baseline net=331176.79, PF=1.871883, DD=32052.72円",0,157458.86,2.0088237155888415,20607.370000000024,20.607370000000024,124,0.01,0.01|0.02,True,False,0,False,0,False,0,True,"{""GoldDDSCATradeEnd"":8}",gdda_is_gdd26_05_20260815110535_0d5654_deals.csv,ml\gold_dd\configs\gdda_is_gdd26_05_20260815110535_0d5654.yaml,2026-08-15T02:05:35+00:00,2026-08-15T02:06:41+00:00,65.487,
9d538156f0dc49da822276825cea98c6,gdda_oos_gdd26_05_20260815110641_9d5381,GDD26_05,GDD26_05,sca_trade_end,(2)軽微なコード変更,OOS,GOLD2,2016.06.21,2021.06.20,False,OK,OOS_REJECT,OUT_OF_GATE,"OOS net=8451.64 (0.141x), PF=1.180140 (0.845x), DD=12524.92円/12.52492pt (0.907x); baseline net=60050.52, PF=1.396192, DD=13806.08円",0,8451.640000000001,1.1801399405078066,12524.920000000027,12.524920000000026,102,0.01,0.01|0.02,True,False,0,False,0,False,0,True,"{""GoldDDSCATradeEnd"":8}",gdda_oos_gdd26_05_20260815110641_9d5381_deals.csv,ml\gold_dd\configs\gdda_oos_gdd26_05_20260815110641_9d5381.yaml,2026-08-15T02:06:41+00:00,2026-08-15T02:07:26+00:00,45.483,
aeb48522810a4bfca758d26ec5954c81,gdda_is_gdd26_06_20260815110726_aeb485,GDD26_06,GDD26_06,sca_trade_end,(2)軽微なコード変更,IS,GOLD2,2021.06.21,2026.06.20,False,OK,IS_SURVIVOR_TRADEOFF,TRADEOFF,"IS net=157458.86 (0.475x), PF=2.008824 (1.073x), DD=20607.37円/20.60737pt (0.643x); baseline net=331176.79, PF=1.871883, DD=32052.72円",0,157458.86,2.0088237155888415,20607.370000000024,20.607370000000024,124,0.01,0.01|0.02,True,False,0,False,0,False,0,True,"{""GoldDDSCATradeEnd"":9}",gdda_is_gdd26_06_20260815110726_aeb485_deals.csv,ml\gold_dd\configs\gdda_is_gdd26_06_20260815110726_aeb485.yaml,2026-08-15T02:07:26+00:00,2026-08-15T02:08:32+00:00,65.487,
d1f0e7e20c334d94820bb9a186644d19,gdda_oos_gdd26_06_20260815110832_d1f0e7,GDD26_06,GDD26_06,sca_trade_end,(2)軽微なコード変更,OOS,GOLD2,2016.06.21,2021.06.20,False,OK,OOS_REJECT,OUT_OF_GATE,"OOS net=8451.64 (0.141x), PF=1.180140 (0.845x), DD=12524.92円/12.52492pt (0.907x); baseline net=60050.52, PF=1.396192, DD=13806.08円",0,8451.640000000001,1.1801399405078066,12524.920000000027,12.524920000000026,102,0.01,0.01|0.02,True,False,0,False,0,False,0,True,"{""GoldDDSCATradeEnd"":9}",gdda_oos_gdd26_06_20260815110832_d1f0e7_deals.csv,ml\gold_dd\configs\gdda_oos_gdd26_06_20260815110832_d1f0e7.yaml,2026-08-15T02:08:32+00:00,2026-08-15T02:09:17+00:00,45.480,
053331ca885846e2b36a990f3dcb4f5d,gdda_is_gdd26_07_20260815110917_053331,GDD26_07,GDD26_07,sca_trade_end,(2)軽微なコード変更,IS,GOLD2,2021.06.21,2026.06.20,False,OK,IS_REJECT,PROFIT_LOSS,"IS net=195529.14 (0.590x), PF=1.933061 (1.033x), DD=32052.72円/32.05272pt (1.000x); baseline net=331176.79, PF=1.871883, DD=32052.72円",0,195529.13999999998,1.9330605671256116,32052.72,32.05272,210,0.01,0.01|0.02,True,False,0,False,0,False,0,True,"{""GoldDDSCATradeEnd"":10}",gdda_is_gdd26_07_20260815110917_053331_deals.csv,ml\gold_dd\configs\gdda_is_gdd26_07_20260815110917_053331.yaml,2026-08-15T02:09:17+00:00,2026-08-15T02:10:23+00:00,65.471,
a34c925b1a8943d7a452eb4a23d12eb4,gdda_is_gdd26_08_20260815111023_a34c92,GDD26_08,GDD26_08,sca_trade_end,(2)軽微なコード変更,IS,GOLD2,2021.06.21,2026.06.20,False,OK,IS_SURVIVOR_TRADEOFF,TRADEOFF,"IS net=249245.76 (0.753x), PF=1.977805 (1.057x), DD=32052.72円/32.05272pt (1.000x); baseline net=331176.79, PF=1.871883, DD=32052.72円",0,249245.75999999998,1.9778045765955699,32052.719999999972,32.05271999999997,344,0.01|0.02,0.01|0.02,True,False,0,False,0,False,0,True,"{""GoldDDSCATradeEnd"":11}",gdda_is_gdd26_08_20260815111023_a34c92_deals.csv,ml\gold_dd\configs\gdda_is_gdd26_08_20260815111023_a34c92.yaml,2026-08-15T02:10:23+00:00,2026-08-15T02:11:29+00:00,65.534,
689a961e7d754a3788fbb16bfe30cd5f,gdda_oos_gdd26_08_20260815111129_689a96,GDD26_08,GDD26_08,sca_trade_end,(2)軽微なコード変更,OOS,GOLD2,2016.06.21,2021.06.20,False,OK,OOS_REJECT,OUT_OF_GATE,"OOS net=39184.97 (0.653x), PF=1.423815 (1.020x), DD=23707.67円/23.70767pt (1.717x); baseline net=60050.52, PF=1.396192, DD=13806.08円",0,39184.97,1.423815152639007,23707.670000000042,23.707670000000043,374,0.01|0.02,0.01|0.02,True,False,0,False,0,False,0,True,"{""GoldDDSCATradeEnd"":11}",gdda_oos_gdd26_08_20260815111129_689a96_deals.csv,ml\gold_dd\configs\gdda_oos_gdd26_08_20260815111129_689a96.yaml,2026-08-15T02:11:29+00:00,2026-08-15T02:12:14+00:00,45.487,
9e2418e0853e4ecdb811859e380036fe,gdda_is_gdd26_09_20260815111214_9e2418,GDD26_09,GDD26_09,sca_trade_end,(2)軽微なコード変更,IS,GOLD2,2021.06.21,2026.06.20,False,OK,IS_SURVIVOR_DD,DD_TRADEOFF,"IS net=273527.27 (0.826x), PF=1.849553 (0.988x), DD=32052.72円/32.05272pt (1.000x); baseline net=331176.79, PF=1.871883, DD=32052.72円",0,273527.27,1.8495532758117317,32052.719999999972,32.05271999999997,444,0.01|0.02,0.01|0.02,True,False,0,False,0,False,0,True,"{""GoldDDSCATradeEnd"":12}",gdda_is_gdd26_09_20260815111214_9e2418_deals.csv,ml\gold_dd\configs\gdda_is_gdd26_09_20260815111214_9e2418.yaml,2026-08-15T02:12:14+00:00,2026-08-15T02:13:20+00:00,65.478,
de90247fd411439ab678749b9e764d90,gdda_oos_gdd26_09_20260815111320_de9024,GDD26_09,GDD26_09,sca_trade_end,(2)軽微なコード変更,OOS,GOLD2,2016.06.21,2021.06.20,False,OK,OOS_REJECT,OUT_OF_GATE,"OOS net=37602.37 (0.626x), PF=1.316851 (0.943x), DD=31509.97円/31.50997pt (2.282x); baseline net=60050.52, PF=1.396192, DD=13806.08円",0,37602.37,1.3168508260058474,31509.970000000045,31.509970000000045,468,0.01|0.02,0.01|0.02,True,False,0,False,0,False,0,True,"{""GoldDDSCATradeEnd"":12}",gdda_oos_gdd26_09_20260815111320_de9024_deals.csv,ml\gold_dd\configs\gdda_oos_gdd26_09_20260815111320_de9024.yaml,2026-08-15T02:13:20+00:00,2026-08-15T02:14:05+00:00,45.550,
29a559b342cd483796bbd3511e84c73e,gdda_is_gdd26_10_20260815111405_29a559,GDD26_10,GDD26_10,sca_trade_end,(2)軽微なコード変更,IS,GOLD2,2021.06.21,2026.06.20,False,OK,IS_SURVIVOR_DD,DD_TRADEOFF,"IS net=283254.28 (0.855x), PF=1.815081 (0.970x), DD=32052.72円/32.05272pt (1.000x); baseline net=331176.79, PF=1.871883, DD=32052.72円",0,283254.27999999997,1.8150809421416378,32052.719999999972,32.05271999999997,506,0.01|0.02,0.01|0.02,True,False,0,False,0,False,0,True,"{""GoldDDSCATradeEnd"":13}",gdda_is_gdd26_10_20260815111405_29a559_deals.csv,ml\gold_dd\configs\gdda_is_gdd26_10_20260815111405_29a559.yaml,2026-08-15T02:14:05+00:00,2026-08-15T02:15:11+00:00,65.475,
029627621ea24b7fa91e8937399982bc,gdda_oos_gdd26_10_20260815111511_029627,GDD26_10,GDD26_10,sca_trade_end,(2)軽微なコード変更,OOS,GOLD2,2016.06.21,2021.06.20,False,OK,OOS_REJECT,OUT_OF_GATE,"OOS net=40695.53 (0.678x), PF=1.301376 (0.932x), DD=22931.05円/22.93105pt (1.661x); baseline net=60050.52, PF=1.396192, DD=13806.08円",0,40695.53,1.3013757946142006,22931.050000000003,22.931050000000003,534,0.01|0.02,0.01|0.02,True,False,0,False,0,False,0,True,"{""GoldDDSCATradeEnd"":13}",gdda_oos_gdd26_10_20260815111511_029627_deals.csv,ml\gold_dd\configs\gdda_oos_gdd26_10_20260815111511_029627.yaml,2026-08-15T02:15:11+00:00,2026-08-15T02:15:56+00:00,45.475,
e874d7f2619c47538d73327491a03ebc,gdda_is_gdd26_11_20260815111556_e874d7,GDD26_11,GDD26_11,sca_trade_end,(2)軽微なコード変更,IS,GOLD2,2021.06.21,2026.06.20,False,OK,IS_SURVIVOR_DD,DD_TRADEOFF,"IS net=297220.80 (0.897x), PF=1.810898 (0.967x), DD=32052.72円/32.05272pt (1.000x); baseline net=331176.79, PF=1.871883, DD=32052.72円",0,297220.8,1.8108980342800884,32052.719999999972,32.05271999999997,558,0.01|0.02,0.01|0.02,True,False,0,False,0,False,0,True,"{""GoldDDSCATradeEnd"":14}",gdda_is_gdd26_11_20260815111556_e874d7_deals.csv,ml\gold_dd\configs\gdda_is_gdd26_11_20260815111556_e874d7.yaml,2026-08-15T02:15:56+00:00,2026-08-15T02:17:02+00:00,65.484,
23143ac68958421480dee4d45b719262,gdda_oos_gdd26_11_20260815111702_23143a,GDD26_11,GDD26_11,sca_trade_end,(2)軽微なコード変更,OOS,GOLD2,2016.06.21,2021.06.20,False,OK,OOS_REJECT,OUT_OF_GATE,"OOS net=44929.79 (0.748x), PF=1.312877 (0.940x), DD=17145.31円/17.14531pt (1.242x); baseline net=60050.52, PF=1.396192, DD=13806.08円",0,44929.79,1.3128768179478065,17145.310000000012,17.145310000000013,578,0.01|0.02,0.01|0.02,True,False,0,False,0,False,0,True,"{""GoldDDSCATradeEnd"":14}",gdda_oos_gdd26_11_20260815111702_23143a_deals.csv,ml\gold_dd\configs\gdda_oos_gdd26_11_20260815111702_23143a.yaml,2026-08-15T02:17:02+00:00,2026-08-15T02:17:47+00:00,45.488,
1c62f1fae091485c9d1c36597d498465,gdda_is_gdd26_12_20260815111747_1c62f1,GDD26_12,GDD26_12,sca_trade_end,(2)軽微なコード変更,IS,GOLD2,2021.06.21,2026.06.20,False,OK,IS_REJECT,BASELINE_EQUIVALENT,"IS net=331176.79 (1.000x), PF=1.871883 (1.000x), DD=32052.72円/32.05272pt (1.000x); baseline net=331176.79, PF=1.871883, DD=32052.72円",0,331176.79,1.8718825447675405,32052.719999999972,32.05271999999997,608,0.01|0.02,0.01|0.02,True,False,0,False,0,False,0,True,"{""GoldDDSCATradeEnd"":15}",gdda_is_gdd26_12_20260815111747_1c62f1_deals.csv,ml\gold_dd\configs\gdda_is_gdd26_12_20260815111747_1c62f1.yaml,2026-08-15T02:17:47+00:00,2026-08-15T02:18:53+00:00,65.475,
6643fdf8756d444bb21159a1d2df6b93,gdda_is_gdd26_13_20260815111853_6643fd,GDD26_13,GDD26_13,sca_trade_end,(2)軽微なコード変更,IS,GOLD2,2021.06.21,2026.06.20,False,OK,IS_SURVIVOR_DD,DD_TRADEOFF,"IS net=338734.26 (1.023x), PF=1.770609 (0.946x), DD=32052.72円/32.05272pt (1.000x); baseline net=331176.79, PF=1.871883, DD=32052.72円",0,338734.26,1.7706087297885247,32052.719999999972,32.05271999999997,702,0.01|0.02,0.01|0.02,True,False,0,False,0,False,0,True,"{""GoldDDSCATradeEnd"":16}",gdda_is_gdd26_13_20260815111853_6643fd_deals.csv,ml\gold_dd\configs\gdda_is_gdd26_13_20260815111853_6643fd.yaml,2026-08-15T02:18:53+00:00,2026-08-15T02:19:58+00:00,65.515,
89a6dbf9f9b74cae826d6f52eee90b30,gdda_oos_gdd26_13_20260815111958_89a6db,GDD26_13,GDD26_13,sca_trade_end,(2)軽微なコード変更,OOS,GOLD2,2016.06.21,2021.06.20,False,OK,OOS_REJECT,OUT_OF_GATE,"OOS net=51522.73 (0.858x), PF=1.299934 (0.931x), DD=15682.15円/15.68215pt (1.136x); baseline net=60050.52, PF=1.396192, DD=13806.08円",0,51522.73,1.2999336071130327,15682.14999999998,15.68214999999998,714,0.01|0.02,0.01|0.02,True,False,0,False,0,False,0,True,"{""GoldDDSCATradeEnd"":16}",gdda_oos_gdd26_13_20260815111958_89a6db_deals.csv,ml\gold_dd\configs\gdda_oos_gdd26_13_20260815111958_89a6db.yaml,2026-08-15T02:19:58+00:00,2026-08-15T02:20:44+00:00,45.481,
f22144e24b1a4d7296d0bf72a773bb6f,gdda_is_gdd26_14_20260815112044_f22144,GDD26_14,GDD26_14,sca_trade_end,(2)軽微なコード変更,IS,GOLD2,2021.06.21,2026.06.20,False,OK,IS_SURVIVOR_DD,DD_TRADEOFF,"IS net=358908.85 (1.084x), PF=1.698536 (0.907x), DD=32052.72円/32.05272pt (1.000x); baseline net=331176.79, PF=1.871883, DD=32052.72円",0,358908.85,1.698536146456588,32052.719999999972,32.05271999999997,800,0.01|0.02,0.01|0.02,True,False,0,False,0,False,0,True,"{""GoldDDSCATradeEnd"":17}",gdda_is_gdd26_14_20260815112044_f22144_deals.csv,ml\gold_dd\configs\gdda_is_gdd26_14_20260815112044_f22144.yaml,2026-08-15T02:20:44+00:00,2026-08-15T02:21:49+00:00,65.488,
2f7cd6ca49494c319e42f12889c99b8b,gdda_oos_gdd26_14_20260815112149_2f7cd6,GDD26_14,GDD26_14,sca_trade_end,(2)軽微なコード変更,OOS,GOLD2,2016.06.21,2021.06.20,False,OK,OOS_REJECT,OUT_OF_GATE,"OOS net=51253.73 (0.854x), PF=1.274050 (0.913x), DD=17018.53円/17.01853pt (1.233x); baseline net=60050.52, PF=1.396192, DD=13806.08円",0,51253.73,1.2740501324996114,17018.529999999984,17.018529999999984,788,0.01|0.02,0.01|0.02,True,False,0,False,0,False,0,True,"{""GoldDDSCATradeEnd"":17}",gdda_oos_gdd26_14_20260815112149_2f7cd6_deals.csv,ml\gold_dd\configs\gdda_oos_gdd26_14_20260815112149_2f7cd6.yaml,2026-08-15T02:21:49+00:00,2026-08-15T02:22:35+00:00,45.534,
09d90c109fd9424c9dbe3715725e605d,gdda_is_gdd26_15_20260815112235_09d90c,GDD26_15,GDD26_15,sca_trade_end,(2)軽微なコード変更,IS,GOLD2,2021.06.21,2026.06.20,False,OK,IS_SURVIVOR_TRADEOFF,TRADEOFF,"IS net=367561.66 (1.110x), PF=1.662200 (0.888x), DD=32052.72円/32.05272pt (1.000x); baseline net=331176.79, PF=1.871883, DD=32052.72円",0,367561.66,1.6622000493783247,32052.719999999972,32.05271999999997,874,0.01|0.02,0.01|0.02,True,False,0,False,0,False,0,True,"{""GoldDDSCATradeEnd"":18}",gdda_is_gdd26_15_20260815112235_09d90c_deals.csv,ml\gold_dd\configs\gdda_is_gdd26_15_20260815112235_09d90c.yaml,2026-08-15T02:22:35+00:00,2026-08-15T02:23:40+00:00,65.479,
4828aab4e117489db823416262118d50,gdda_oos_gdd26_15_20260815112340_4828aa,GDD26_15,GDD26_15,sca_trade_end,(2)軽微なコード変更,OOS,GOLD2,2016.06.21,2021.06.20,False,OK,OOS_REJECT,OUT_OF_GATE,"OOS net=35316.63 (0.588x), PF=1.167543 (0.836x), DD=25491.53円/25.49153pt (1.846x); baseline net=60050.52, PF=1.396192, DD=13806.08円",0,35316.630000000005,1.1675426968655616,25491.53,25.491529999999997,858,0.01|0.02,0.01|0.02,True,False,0,False,0,False,0,True,"{""GoldDDSCATradeEnd"":18}",gdda_oos_gdd26_15_20260815112340_4828aa_deals.csv,ml\gold_dd\configs\gdda_oos_gdd26_15_20260815112340_4828aa.yaml,2026-08-15T02:23:40+00:00,2026-08-15T02:24:26+00:00,45.478,
fe5fb8f51dce420bbf14b41733c6659b,gdda_is_gdd26_16_20260815112426_fe5fb8,GDD26_16,GDD26_16,sca_trade_end,(2)軽微なコード変更,IS,GOLD2,2021.06.21,2026.06.20,False,OK,IS_SURVIVOR_TRADEOFF,TRADEOFF,"IS net=373982.49 (1.129x), PF=1.662922 (0.888x), DD=32052.72円/32.05272pt (1.000x); baseline net=331176.79, PF=1.871883, DD=32052.72円",0,373982.49,1.6629220276791767,32052.719999999972,32.05271999999997,912,0.01|0.02,0.01|0.02,True,False,0,False,0,False,0,True,"{""GoldDDSCATradeEnd"":19}",gdda_is_gdd26_16_20260815112426_fe5fb8_deals.csv,ml\gold_dd\configs\gdda_is_gdd26_16_20260815112426_fe5fb8.yaml,2026-08-15T02:24:26+00:00,2026-08-15T02:25:31+00:00,65.482,
bea7e4d20a0449ad95c9de2faf3b03ab,gdda_oos_gdd26_16_20260815112531_bea7e4,GDD26_16,GDD26_16,sca_trade_end,(2)軽微なコード変更,OOS,GOLD2,2016.06.21,2021.06.20,False,OK,OOS_REJECT,OUT_OF_GATE,"OOS net=36567.60 (0.609x), PF=1.171063 (0.839x), DD=23621.09円/23.62109pt (1.711x); baseline net=60050.52, PF=1.396192, DD=13806.08円",0,36567.6,1.1710633983756846,23621.09000000001,23.62109000000001,898,0.01|0.02,0.01|0.02,True,False,0,False,0,False,0,True,"{""GoldDDSCATradeEnd"":19}",gdda_oos_gdd26_16_20260815112531_bea7e4_deals.csv,ml\gold_dd\configs\gdda_oos_gdd26_16_20260815112531_bea7e4.yaml,2026-08-15T02:25:31+00:00,2026-08-15T02:26:22+00:00,50.471,
4c2e7b0772134f9b8d7400ae8984c314,gdda_is_gdd26_17_20260815112622_4c2e7b,GDD26_17,GDD26_17,sca_trade_end,(2)軽微なコード変更,IS,GOLD2,2021.06.21,2026.06.20,False,OK,IS_SURVIVOR_TRADEOFF,TRADEOFF,"IS net=366412.99 (1.106x), PF=1.635747 (0.874x), DD=37432.76円/37.43276pt (1.168x); baseline net=331176.79, PF=1.871883, DD=32052.72円",0,366412.99,1.6357472370396529,37432.75999999995,37.43275999999995,936,0.01|0.02,0.01|0.02,True,False,0,False,0,False,0,True,"{""GoldDDSCATradeEnd"":20}",gdda_is_gdd26_17_20260815112622_4c2e7b_deals.csv,ml\gold_dd\configs\gdda_is_gdd26_17_20260815112622_4c2e7b.yaml,2026-08-15T02:26:22+00:00,2026-08-15T02:27:27+00:00,65.468,
cc8d698deb85439dacc3f33e27b65f1d,gdda_oos_gdd26_17_20260815112727_cc8d69,GDD26_17,GDD26_17,sca_trade_end,(2)軽微なコード変更,OOS,GOLD2,2016.06.21,2021.06.20,False,OK,OOS_REJECT,OUT_OF_GATE,"OOS net=37129.04 (0.618x), PF=1.172830 (0.840x), DD=23433.66円/23.43366pt (1.697x); baseline net=60050.52, PF=1.396192, DD=13806.08円",0,37129.04,1.1728303883989781,23433.660000000003,23.433660000000003,926,0.01|0.02,0.01|0.02,True,False,0,False,0,False,0,True,"{""GoldDDSCATradeEnd"":20}",gdda_oos_gdd26_17_20260815112727_cc8d69_deals.csv,ml\gold_dd\configs\gdda_oos_gdd26_17_20260815112727_cc8d69.yaml,2026-08-15T02:27:27+00:00,2026-08-15T02:28:13+00:00,45.485,
dc420e2d5cd54feb88911b1f8a403f77,gdda_is_gdd26_18_20260815112813_dc420e,GDD26_18,GDD26_18,sca_trade_end,(2)軽微なコード変更,IS,GOLD2,2021.06.21,2026.06.20,False,OK,IS_SURVIVOR_TRADEOFF,TRADEOFF,"IS net=366412.99 (1.106x), PF=1.635747 (0.874x), DD=37432.76円/37.43276pt (1.168x); baseline net=331176.79, PF=1.871883, DD=32052.72円",0,366412.99,1.6357472370396529,37432.75999999995,37.43275999999995,936,0.01|0.02,0.01|0.02,True,False,0,False,0,False,0,True,"{""GoldDDSCATradeEnd"":21}",gdda_is_gdd26_18_20260815112813_dc420e_deals.csv,ml\gold_dd\configs\gdda_is_gdd26_18_20260815112813_dc420e.yaml,2026-08-15T02:28:13+00:00,2026-08-15T02:29:18+00:00,65.476,
4a938586f8e54a308cb11fefbb3c35f6,gdda_oos_gdd26_18_20260815112918_4a9385,GDD26_18,GDD26_18,sca_trade_end,(2)軽微なコード変更,OOS,GOLD2,2016.06.21,2021.06.20,False,OK,OOS_REJECT,OUT_OF_GATE,"OOS net=37129.04 (0.618x), PF=1.172830 (0.840x), DD=23433.66円/23.43366pt (1.697x); baseline net=60050.52, PF=1.396192, DD=13806.08円",0,37129.04,1.1728303883989781,23433.660000000003,23.433660000000003,926,0.01|0.02,0.01|0.02,True,False,0,False,0,False,0,True,"{""GoldDDSCATradeEnd"":21}",gdda_oos_gdd26_18_20260815112918_4a9385_deals.csv,ml\gold_dd\configs\gdda_oos_gdd26_18_20260815112918_4a9385.yaml,2026-08-15T02:29:18+00:00,2026-08-15T02:30:04+00:00,45.495,
818ab32633ae4a6ba342a59de4982f28,gdda_is_gdd26_19_20260815113004_818ab3,GDD26_19,GDD26_19,sca_trade_end,(2)軽微なコード変更,IS,GOLD2,2021.06.21,2026.06.20,False,OK,IS_SURVIVOR_TRADEOFF,TRADEOFF,"IS net=366412.99 (1.106x), PF=1.635747 (0.874x), DD=37432.76円/37.43276pt (1.168x); baseline net=331176.79, PF=1.871883, DD=32052.72円",0,366412.99,1.6357472370396529,37432.75999999995,37.43275999999995,936,0.01|0.02,0.01|0.02,True,False,0,False,0,False,0,True,"{""GoldDDSCATradeEnd"":22}",gdda_is_gdd26_19_20260815113004_818ab3_deals.csv,ml\gold_dd\configs\gdda_is_gdd26_19_20260815113004_818ab3.yaml,2026-08-15T02:30:04+00:00,2026-08-15T02:31:09+00:00,65.483,
64869375997b4ec29c0040d4b3b559b3,gdda_oos_gdd26_19_20260815113110_648693,GDD26_19,GDD26_19,sca_trade_end,(2)軽微なコード変更,OOS,GOLD2,2016.06.21,2021.06.20,False,OK,OOS_REJECT,OUT_OF_GATE,"OOS net=37129.04 (0.618x), PF=1.172830 (0.840x), DD=23433.66円/23.43366pt (1.697x); baseline net=60050.52, PF=1.396192, DD=13806.08円",0,37129.04,1.1728303883989781,23433.660000000003,23.433660000000003,926,0.01|0.02,0.01|0.02,True,False,0,False,0,False,0,True,"{""GoldDDSCATradeEnd"":22}",gdda_oos_gdd26_19_20260815113110_648693_deals.csv,ml\gold_dd\configs\gdda_oos_gdd26_19_20260815113110_648693.yaml,2026-08-15T02:31:10+00:00,2026-08-15T02:32:00+00:00,50.464,
86fcf02b7fbc4851a146964fe3ee657a,gdda_is_gdd26_20_20260815113200_86fcf0,GDD26_20,GDD26_20,sca_trade_end,(2)軽微なコード変更,IS,GOLD2,2021.06.21,2026.06.20,False,OK,IS_SURVIVOR_TRADEOFF,TRADEOFF,"IS net=366412.99 (1.106x), PF=1.635747 (0.874x), DD=37432.76円/37.43276pt (1.168x); baseline net=331176.79, PF=1.871883, DD=32052.72円",0,366412.99,1.6357472370396529,37432.75999999995,37.43275999999995,936,0.01|0.02,0.01|0.02,True,False,0,False,0,False,0,True,"{""GoldDDSCATradeEnd"":23}",gdda_is_gdd26_20_20260815113200_86fcf0_deals.csv,ml\gold_dd\configs\gdda_is_gdd26_20_20260815113200_86fcf0.yaml,2026-08-15T02:32:00+00:00,2026-08-15T02:33:05+00:00,65.477,
8c27ebe88e3d42eea67aa99ef2261b94,gdda_oos_gdd26_20_20260815113306_8c27eb,GDD26_20,GDD26_20,sca_trade_end,(2)軽微なコード変更,OOS,GOLD2,2016.06.21,2021.06.20,False,OK,OOS_REJECT,OUT_OF_GATE,"OOS net=37129.04 (0.618x), PF=1.172830 (0.840x), DD=23433.66円/23.43366pt (1.697x); baseline net=60050.52, PF=1.396192, DD=13806.08円",0,37129.04,1.1728303883989781,23433.660000000003,23.433660000000003,926,0.01|0.02,0.01|0.02,True,False,0,False,0,False,0,True,"{""GoldDDSCATradeEnd"":23}",gdda_oos_gdd26_20_20260815113306_8c27eb_deals.csv,ml\gold_dd\configs\gdda_oos_gdd26_20_20260815113306_8c27eb.yaml,2026-08-15T02:33:06+00:00,2026-08-15T02:33:51+00:00,45.485,
d86b67288ecb46389a351ddd252e9577,gdda_is_gdd27_01_20260815113351_d86b67,GDD27_01,GDD27_01,sca_force_close,(2)軽微なコード変更,IS,GOLD2,2021.06.21,2026.06.20,False,OK,IS_SURVIVOR_TRADEOFF,TRADEOFF,"IS net=157458.86 (0.475x), PF=2.008824 (1.073x), DD=20607.37円/20.60737pt (0.643x); baseline net=331176.79, PF=1.871883, DD=32052.72円",0,157458.86,2.0088237155888415,20607.370000000024,20.607370000000024,124,0.01,0.01|0.02,True,False,0,False,0,False,0,True,"{""GoldDDSCAForceClose"":4}",gdda_is_gdd27_01_20260815113351_d86b67_deals.csv,ml\gold_dd\configs\gdda_is_gdd27_01_20260815113351_d86b67.yaml,2026-08-15T02:33:51+00:00,2026-08-15T02:34:57+00:00,65.548,
52025202b64e4b14a5fcba193df6db4e,gdda_oos_gdd27_01_20260815113457_520252,GDD27_01,GDD27_01,sca_force_close,(2)軽微なコード変更,OOS,GOLD2,2016.06.21,2021.06.20,False,OK,OOS_REJECT,OUT_OF_GATE,"OOS net=8451.64 (0.141x), PF=1.180140 (0.845x), DD=12524.92円/12.52492pt (0.907x); baseline net=60050.52, PF=1.396192, DD=13806.08円",0,8451.640000000001,1.1801399405078066,12524.920000000027,12.524920000000026,102,0.01,0.01|0.02,True,False,0,False,0,False,0,True,"{""GoldDDSCAForceClose"":4}",gdda_oos_gdd27_01_20260815113457_520252_deals.csv,ml\gold_dd\configs\gdda_oos_gdd27_01_20260815113457_520252.yaml,2026-08-15T02:34:57+00:00,2026-08-15T02:35:42+00:00,45.448,
934793af141b4443b7a7ec6b2611b428,gdda_is_gdd27_02_20260815113542_934793,GDD27_02,GDD27_02,sca_force_close,(2)軽微なコード変更,IS,GOLD2,2021.06.21,2026.06.20,False,OK,IS_SURVIVOR_TRADEOFF,TRADEOFF,"IS net=157458.86 (0.475x), PF=2.008824 (1.073x), DD=20607.37円/20.60737pt (0.643x); baseline net=331176.79, PF=1.871883, DD=32052.72円",0,157458.86,2.0088237155888415,20607.370000000024,20.607370000000024,124,0.01,0.01|0.02,True,False,0,False,0,False,0,True,"{""GoldDDSCAForceClose"":5}",gdda_is_gdd27_02_20260815113542_934793_deals.csv,ml\gold_dd\configs\gdda_is_gdd27_02_20260815113542_934793.yaml,2026-08-15T02:35:42+00:00,2026-08-15T02:36:48+00:00,65.461,
0d4e4c3cf12f49e6bc4f89837c1c5dc1,gdda_oos_gdd27_02_20260815113648_0d4e4c,GDD27_02,GDD27_02,sca_force_close,(2)軽微なコード変更,OOS,GOLD2,2016.06.21,2021.06.20,False,OK,OOS_REJECT,OUT_OF_GATE,"OOS net=8451.64 (0.141x), PF=1.180140 (0.845x), DD=12524.92円/12.52492pt (0.907x); baseline net=60050.52, PF=1.396192, DD=13806.08円",0,8451.640000000001,1.1801399405078066,12524.920000000027,12.524920000000026,102,0.01,0.01|0.02,True,False,0,False,0,False,0,True,"{""GoldDDSCAForceClose"":5}",gdda_oos_gdd27_02_20260815113648_0d4e4c_deals.csv,ml\gold_dd\configs\gdda_oos_gdd27_02_20260815113648_0d4e4c.yaml,2026-08-15T02:36:48+00:00,2026-08-15T02:37:33+00:00,45.469,
6eab55ef5e3c4c08a56f5a58d3ba498f,gdda_is_gdd27_03_20260815113733_6eab55,GDD27_03,GDD27_03,sca_force_close,(2)軽微なコード変更,IS,GOLD2,2021.06.21,2026.06.20,False,OK,IS_SURVIVOR_TRADEOFF,TRADEOFF,"IS net=157458.86 (0.475x), PF=2.008824 (1.073x), DD=20607.37円/20.60737pt (0.643x); baseline net=331176.79, PF=1.871883, DD=32052.72円",0,157458.86,2.0088237155888415,20607.370000000024,20.607370000000024,124,0.01,0.01|0.02,True,False,0,False,0,False,0,True,"{""GoldDDSCAForceClose"":6}",gdda_is_gdd27_03_20260815113733_6eab55_deals.csv,ml\gold_dd\configs\gdda_is_gdd27_03_20260815113733_6eab55.yaml,2026-08-15T02:37:33+00:00,2026-08-15T02:38:39+00:00,65.471,
6da1ecc92f5f4f6f9a0b1b0b0590529e,gdda_oos_gdd27_03_20260815113839_6da1ec,GDD27_03,GDD27_03,sca_force_close,(2)軽微なコード変更,OOS,GOLD2,2016.06.21,2021.06.20,False,OK,OOS_REJECT,OUT_OF_GATE,"OOS net=8451.64 (0.141x), PF=1.180140 (0.845x), DD=12524.92円/12.52492pt (0.907x); baseline net=60050.52, PF=1.396192, DD=13806.08円",0,8451.640000000001,1.1801399405078066,12524.920000000027,12.524920000000026,102,0.01,0.01|0.02,True,False,0,False,0,False,0,True,"{""GoldDDSCAForceClose"":6}",gdda_oos_gdd27_03_20260815113839_6da1ec_deals.csv,ml\gold_dd\configs\gdda_oos_gdd27_03_20260815113839_6da1ec.yaml,2026-08-15T02:38:39+00:00,2026-08-15T02:39:24+00:00,45.466,
a9669c116e3245f3999d991cd0207af1,gdda_is_gdd27_04_20260815113924_a9669c,GDD27_04,GDD27_04,sca_force_close,(2)軽微なコード変更,IS,GOLD2,2021.06.21,2026.06.20,False,OK,IS_SURVIVOR_TRADEOFF,TRADEOFF,"IS net=157458.86 (0.475x), PF=2.008824 (1.073x), DD=20607.37円/20.60737pt (0.643x); baseline net=331176.79, PF=1.871883, DD=32052.72円",0,157458.86,2.0088237155888415,20607.370000000024,20.607370000000024,124,0.01,0.01|0.02,True,False,0,False,0,False,0,True,"{""GoldDDSCAForceClose"":7}",gdda_is_gdd27_04_20260815113924_a9669c_deals.csv,ml\gold_dd\configs\gdda_is_gdd27_04_20260815113924_a9669c.yaml,2026-08-15T02:39:24+00:00,2026-08-15T02:40:30+00:00,65.478,
0a8e1d169e194d8d9c4e2aa24f524ace,gdda_oos_gdd27_04_20260815114030_0a8e1d,GDD27_04,GDD27_04,sca_force_close,(2)軽微なコード変更,OOS,GOLD2,2016.06.21,2021.06.20,False,OK,OOS_REJECT,OUT_OF_GATE,"OOS net=8451.64 (0.141x), PF=1.180140 (0.845x), DD=12524.92円/12.52492pt (0.907x); baseline net=60050.52, PF=1.396192, DD=13806.08円",0,8451.640000000001,1.1801399405078066,12524.920000000027,12.524920000000026,102,0.01,0.01|0.02,True,False,0,False,0,False,0,True,"{""GoldDDSCAForceClose"":7}",gdda_oos_gdd27_04_20260815114030_0a8e1d_deals.csv,ml\gold_dd\configs\gdda_oos_gdd27_04_20260815114030_0a8e1d.yaml,2026-08-15T02:40:30+00:00,2026-08-15T02:41:15+00:00,45.465,
9b50c6a62e9544ae984c1a52dcc1deb1,gdda_is_gdd27_05_20260815114115_9b50c6,GDD27_05,GDD27_05,sca_force_close,(2)軽微なコード変更,IS,GOLD2,2021.06.21,2026.06.20,False,OK,IS_SURVIVOR_TRADEOFF,TRADEOFF,"IS net=157458.86 (0.475x), PF=2.008824 (1.073x), DD=20607.37円/20.60737pt (0.643x); baseline net=331176.79, PF=1.871883, DD=32052.72円",0,157458.86,2.0088237155888415,20607.370000000024,20.607370000000024,124,0.01,0.01|0.02,True,False,0,False,0,False,0,True,"{""GoldDDSCAForceClose"":8}",gdda_is_gdd27_05_20260815114115_9b50c6_deals.csv,ml\gold_dd\configs\gdda_is_gdd27_05_20260815114115_9b50c6.yaml,2026-08-15T02:41:15+00:00,2026-08-15T02:42:21+00:00,65.450,
10cb4e95a0da405a85b3679580d05495,gdda_oos_gdd27_05_20260815114221_10cb4e,GDD27_05,GDD27_05,sca_force_close,(2)軽微なコード変更,OOS,GOLD2,2016.06.21,2021.06.20,False,OK,OOS_REJECT,OUT_OF_GATE,"OOS net=8451.64 (0.141x), PF=1.180140 (0.845x), DD=12524.92円/12.52492pt (0.907x); baseline net=60050.52, PF=1.396192, DD=13806.08円",0,8451.640000000001,1.1801399405078066,12524.920000000027,12.524920000000026,102,0.01,0.01|0.02,True,False,0,False,0,False,0,True,"{""GoldDDSCAForceClose"":8}",gdda_oos_gdd27_05_20260815114221_10cb4e_deals.csv,ml\gold_dd\configs\gdda_oos_gdd27_05_20260815114221_10cb4e.yaml,2026-08-15T02:42:21+00:00,2026-08-15T02:43:06+00:00,45.457,
f2ae1ef4b7d14eb4a389c2f300a2691c,gdda_is_gdd27_06_20260815114306_f2ae1e,GDD27_06,GDD27_06,sca_force_close,(2)軽微なコード変更,IS,GOLD2,2021.06.21,2026.06.20,False,OK,IS_SURVIVOR_TRADEOFF,TRADEOFF,"IS net=157458.86 (0.475x), PF=2.008824 (1.073x), DD=20607.37円/20.60737pt (0.643x); baseline net=331176.79, PF=1.871883, DD=32052.72円",0,157458.86,2.0088237155888415,20607.370000000024,20.607370000000024,124,0.01,0.01|0.02,True,False,0,False,0,False,0,True,"{""GoldDDSCAForceClose"":9}",gdda_is_gdd27_06_20260815114306_f2ae1e_deals.csv,ml\gold_dd\configs\gdda_is_gdd27_06_20260815114306_f2ae1e.yaml,2026-08-15T02:43:06+00:00,2026-08-15T02:44:12+00:00,65.452,
41826edaed1d44c58587b1466088d9ee,gdda_oos_gdd27_06_20260815114412_41826e,GDD27_06,GDD27_06,sca_force_close,(2)軽微なコード変更,OOS,GOLD2,2016.06.21,2021.06.20,False,OK,OOS_REJECT,OUT_OF_GATE,"OOS net=8451.64 (0.141x), PF=1.180140 (0.845x), DD=12524.92円/12.52492pt (0.907x); baseline net=60050.52, PF=1.396192, DD=13806.08円",0,8451.640000000001,1.1801399405078066,12524.920000000027,12.524920000000026,102,0.01,0.01|0.02,True,False,0,False,0,False,0,True,"{""GoldDDSCAForceClose"":9}",gdda_oos_gdd27_06_20260815114412_41826e_deals.csv,ml\gold_dd\configs\gdda_oos_gdd27_06_20260815114412_41826e.yaml,2026-08-15T02:44:12+00:00,2026-08-15T02:44:57+00:00,45.519,
f6affaac11c245159ffef72ecdf159e8,gdda_is_gdd27_07_20260815114457_f6affa,GDD27_07,GDD27_07,sca_force_close,(2)軽微なコード変更,IS,GOLD2,2021.06.21,2026.06.20,False,OK,IS_SURVIVOR_TRADEOFF,TRADEOFF,"IS net=156189.94 (0.472x), PF=1.930127 (1.031x), DD=21806.27円/21.80627pt (0.680x); baseline net=331176.79, PF=1.871883, DD=32052.72円",0,156189.94,1.9301273909967276,21806.26999999999,21.80626999999999,210,0.01,0.01|0.02,True,False,0,False,0,False,0,True,"{""GoldDDSCAForceClose"":10}",gdda_is_gdd27_07_20260815114457_f6affa_deals.csv,ml\gold_dd\configs\gdda_is_gdd27_07_20260815114457_f6affa.yaml,2026-08-15T02:44:57+00:00,2026-08-15T02:46:03+00:00,65.459,
87d618b341214a2d9d0f9e949255ad87,gdda_oos_gdd27_07_20260815114603_87d618,GDD27_07,GDD27_07,sca_force_close,(2)軽微なコード変更,OOS,GOLD2,2016.06.21,2021.06.20,False,OK,OOS_REJECT,OUT_OF_GATE,"OOS net=4016.17 (0.067x), PF=1.074340 (0.769x), DD=13838.09円/13.83809pt (1.002x); baseline net=60050.52, PF=1.396192, DD=13806.08円",0,4016.1700000000005,1.074340189333634,13838.090000000011,13.838090000000012,220,0.01|0.02,0.01|0.02,True,False,0,False,0,False,0,True,"{""GoldDDSCAForceClose"":10}",gdda_oos_gdd27_07_20260815114603_87d618_deals.csv,ml\gold_dd\configs\gdda_oos_gdd27_07_20260815114603_87d618.yaml,2026-08-15T02:46:03+00:00,2026-08-15T02:46:48+00:00,45.510,
c2d6470bb0e244158f98544445b400d3,gdda_is_gdd27_08_20260815114648_c2d647,GDD27_08,GDD27_08,sca_force_close,(2)軽微なコード変更,IS,GOLD2,2021.06.21,2026.06.20,False,OK,IS_SURVIVOR_TRADEOFF,TRADEOFF,"IS net=160314.54 (0.484x), PF=1.815994 (0.970x), DD=24462.11円/24.46211pt (0.763x); baseline net=331176.79, PF=1.871883, DD=32052.72円",0,160314.54,1.8159937992131845,24462.109999999986,24.462109999999985,344,0.01|0.02,0.01|0.02,True,False,0,False,0,False,0,True,"{""GoldDDSCAForceClose"":11}",gdda_is_gdd27_08_20260815114648_c2d647_deals.csv,ml\gold_dd\configs\gdda_is_gdd27_08_20260815114648_c2d647.yaml,2026-08-15T02:46:48+00:00,2026-08-15T02:47:49+00:00,60.472,
427b4ba850084b59bdb1cf6dbf087899,gdda_oos_gdd27_08_20260815114749_427b4b,GDD27_08,GDD27_08,sca_force_close,(2)軽微なコード変更,OOS,GOLD2,2016.06.21,2021.06.20,False,OK,OOS_REJECT,OUT_OF_GATE,"OOS net=-397.68 (-0.007x), PF=0.994018 (0.712x), DD=16732.61円/16.73261pt (1.212x); baseline net=60050.52, PF=1.396192, DD=13806.08円",0,-397.6799999999996,0.9940175853025873,16732.61000000006,16.732610000000058,374,0.01|0.02,0.01|0.02,True,False,0,False,0,False,0,True,"{""GoldDDSCAForceClose"":11}",gdda_oos_gdd27_08_20260815114749_427b4b_deals.csv,ml\gold_dd\configs\gdda_oos_gdd27_08_20260815114749_427b4b.yaml,2026-08-15T02:47:49+00:00,2026-08-15T02:48:34+00:00,45.467,
44d7ab2ab5444517a3a63b610c1f7c27,gdda_is_gdd27_09_20260815114834_44d7ab,GDD27_09,GDD27_09,sca_force_close,(2)軽微なコード変更,IS,GOLD2,2021.06.21,2026.06.20,False,OK,IS_REJECT,PROFIT_LOSS,"IS net=148261.53 (0.448x), PF=1.646244 (0.879x), DD=27181.38円/27.18138pt (0.848x); baseline net=331176.79, PF=1.871883, DD=32052.72円",0,148261.53,1.6462435725559148,27181.380000000034,27.181380000000033,444,0.01|0.02,0.01|0.02,True,False,0,False,0,False,0,True,"{""GoldDDSCAForceClose"":12}",gdda_is_gdd27_09_20260815114834_44d7ab_deals.csv,ml\gold_dd\configs\gdda_is_gdd27_09_20260815114834_44d7ab.yaml,2026-08-15T02:48:34+00:00,2026-08-15T02:49:35+00:00,60.446,
157d1fb582e6424fbab2d32b26130c7b,gdda_is_gdd27_10_20260815114935_157d1f,GDD27_10,GDD27_10,sca_force_close,(2)軽微なコード変更,IS,GOLD2,2021.06.21,2026.06.20,False,OK,IS_REJECT,PROFIT_LOSS,"IS net=160828.71 (0.486x), PF=1.651727 (0.882x), DD=28458.24円/28.45824pt (0.888x); baseline net=331176.79, PF=1.871883, DD=32052.72円",0,160828.71,1.6517271251791321,28458.24000000005,28.45824000000005,506,0.01|0.02,0.01|0.02,True,False,0,False,0,False,0,True,"{""GoldDDSCAForceClose"":13}",gdda_is_gdd27_10_20260815114935_157d1f_deals.csv,ml\gold_dd\configs\gdda_is_gdd27_10_20260815114935_157d1f.yaml,2026-08-15T02:49:35+00:00,2026-08-15T02:50:35+00:00,60.476,
cb7ecc2dc76446deba5f28be532a000b,gdda_is_gdd27_11_20260815115035_cb7ecc,GDD27_11,GDD27_11,sca_force_close,(2)軽微なコード変更,IS,GOLD2,2021.06.21,2026.06.20,False,OK,IS_REJECT,PROFIT_LOSS,"IS net=171796.85 (0.519x), PF=1.632568 (0.872x), DD=31961.86円/31.96186pt (0.997x); baseline net=331176.79, PF=1.871883, DD=32052.72円",0,171796.85,1.632568127879195,31961.860000000015,31.961860000000016,558,0.01|0.02,0.01|0.02,True,False,0,False,0,False,0,True,"{""GoldDDSCAForceClose"":14}",gdda_is_gdd27_11_20260815115035_cb7ecc_deals.csv,ml\gold_dd\configs\gdda_is_gdd27_11_20260815115035_cb7ecc.yaml,2026-08-15T02:50:35+00:00,2026-08-15T02:51:36+00:00,60.458,
77662b20ae2b48758c7d823c3da6ee4a,gdda_is_gdd27_12_20260815115136_77662b,GDD27_12,GDD27_12,sca_force_close,(2)軽微なコード変更,IS,GOLD2,2021.06.21,2026.06.20,False,OK,IS_REJECT,DOMINATED,"IS net=207033.84 (0.625x), PF=1.721119 (0.919x), DD=36286.63円/36.28663pt (1.132x); baseline net=331176.79, PF=1.871883, DD=32052.72円",0,207033.84,1.721119420741083,36286.630000000034,36.28663000000003,608,0.01|0.02,0.01|0.02,True,False,0,False,0,False,0,True,"{""GoldDDSCAForceClose"":15}",gdda_is_gdd27_12_20260815115136_77662b_deals.csv,ml\gold_dd\configs\gdda_is_gdd27_12_20260815115136_77662b.yaml,2026-08-15T02:51:36+00:00,2026-08-15T02:52:41+00:00,65.460,
61a3180883fc4b5283f212d4bfccd378,gdda_is_gdd27_13_20260815115241_61a318,GDD27_13,GDD27_13,sca_force_close,(2)軽微なコード変更,IS,GOLD2,2021.06.21,2026.06.20,False,OK,IS_REJECT,DOMINATED,"IS net=229646.07 (0.693x), PF=1.724830 (0.921x), DD=32753.89円/32.75389pt (1.022x); baseline net=331176.79, PF=1.871883, DD=32052.72円",0,229646.06999999998,1.724829681047704,32753.890000000043,32.75389000000004,608,0.01|0.02,0.01|0.02,True,False,0,False,0,False,0,True,"{""GoldDDSCAForceClose"":16}",gdda_is_gdd27_13_20260815115241_61a318_deals.csv,ml\gold_dd\configs\gdda_is_gdd27_13_20260815115241_61a318.yaml,2026-08-15T02:52:41+00:00,2026-08-15T02:53:47+00:00,65.453,
27872b641eab4367a7167e36a2632f57,gdda_is_gdd27_14_20260815115347_27872b,GDD27_14,GDD27_14,sca_force_close,(2)軽微なコード変更,IS,GOLD2,2021.06.21,2026.06.20,False,OK,IS_SURVIVOR_DD,DD_TRADEOFF,"IS net=267059.12 (0.806x), PF=1.776891 (0.949x), DD=30768.59円/30.76859pt (0.960x); baseline net=331176.79, PF=1.871883, DD=32052.72円",0,267059.12,1.776890963811383,30768.590000000026,30.768590000000025,608,0.01|0.02,0.01|0.02,True,False,0,False,0,False,0,True,"{""GoldDDSCAForceClose"":17}",gdda_is_gdd27_14_20260815115347_27872b_deals.csv,ml\gold_dd\configs\gdda_is_gdd27_14_20260815115347_27872b.yaml,2026-08-15T02:53:47+00:00,2026-08-15T02:54:52+00:00,65.449,
9d74511647ae4cb78b6adf0577d0a2d8,gdda_oos_gdd27_14_20260815115452_9d7451,GDD27_14,GDD27_14,sca_force_close,(2)軽微なコード変更,OOS,GOLD2,2016.06.21,2021.06.20,False,OK,OOS_REJECT,OUT_OF_GATE,"OOS net=42664.08 (0.710x), PF=1.291729 (0.925x), DD=18816.00円/18.81600pt (1.363x); baseline net=60050.52, PF=1.396192, DD=13806.08円",0,42664.08,1.2917290417754193,18816.0,18.816,634,0.01|0.02,0.01|0.02,True,False,0,False,0,False,0,True,"{""GoldDDSCAForceClose"":17}",gdda_oos_gdd27_14_20260815115452_9d7451_deals.csv,ml\gold_dd\configs\gdda_oos_gdd27_14_20260815115452_9d7451.yaml,2026-08-15T02:54:52+00:00,2026-08-15T02:55:38+00:00,45.471,
0a6b2d57f72840778f00f849c26721f0,gdda_is_gdd27_15_20260815115538_0a6b2d,GDD27_15,GDD27_15,sca_force_close,(2)軽微なコード変更,IS,GOLD2,2021.06.21,2026.06.20,False,OK,IS_SURVIVOR_DD,DD_TRADEOFF,"IS net=293604.95 (0.887x), PF=1.801412 (0.962x), DD=29680.47円/29.68047pt (0.926x); baseline net=331176.79, PF=1.871883, DD=32052.72円",0,293604.95,1.8014117219064139,29680.469999999972,29.68046999999997,608,0.01|0.02,0.01|0.02,True,False,0,False,0,False,0,True,"{""GoldDDSCAForceClose"":18}",gdda_is_gdd27_15_20260815115538_0a6b2d_deals.csv,ml\gold_dd\configs\gdda_is_gdd27_15_20260815115538_0a6b2d.yaml,2026-08-15T02:55:38+00:00,2026-08-15T02:56:43+00:00,65.456,
7a54fa4915614c4db1ff3bcf3558fc36,gdda_oos_gdd27_15_20260815115643_7a54fa,GDD27_15,GDD27_15,sca_force_close,(2)軽微なコード変更,OOS,GOLD2,2016.06.21,2021.06.20,False,OK,OOS_REJECT,OUT_OF_GATE,"OOS net=53263.08 (0.887x), PF=1.354638 (0.970x), DD=19283.01円/19.28301pt (1.397x); baseline net=60050.52, PF=1.396192, DD=13806.08円",0,53263.08,1.354638015489581,19283.00999999998,19.28300999999998,634,0.01|0.02,0.01|0.02,True,False,0,False,0,False,0,True,"{""GoldDDSCAForceClose"":18}",gdda_oos_gdd27_15_20260815115643_7a54fa_deals.csv,ml\gold_dd\configs\gdda_oos_gdd27_15_20260815115643_7a54fa.yaml,2026-08-15T02:56:43+00:00,2026-08-15T02:57:29+00:00,45.482,
5ef73d25b83e43ca8b8df91b1af39115,gdda_is_gdd27_16_20260815115729_5ef73d,GDD27_16,GDD27_16,sca_force_close,(2)軽微なコード変更,IS,GOLD2,2021.06.21,2026.06.20,False,OK,IS_SURVIVOR_DD,DD_TRADEOFF,"IS net=325348.89 (0.982x), PF=1.878823 (1.004x), DD=32052.72円/32.05272pt (1.000x); baseline net=331176.79, PF=1.871883, DD=32052.72円",0,325348.89,1.8788232215735237,32052.719999999972,32.05271999999997,608,0.01|0.02,0.01|0.02,True,False,0,False,0,False,0,True,"{""GoldDDSCAForceClose"":19}",gdda_is_gdd27_16_20260815115729_5ef73d_deals.csv,ml\gold_dd\configs\gdda_is_gdd27_16_20260815115729_5ef73d.yaml,2026-08-15T02:57:29+00:00,2026-08-15T02:58:34+00:00,65.473,
f027a097c4e147a39df4796aff9d359a,gdda_oos_gdd27_16_20260815115834_f027a0,GDD27_16,GDD27_16,sca_force_close,(2)軽微なコード変更,OOS,GOLD2,2016.06.21,2021.06.20,False,OK,OOS_REJECT,OUT_OF_GATE,"OOS net=61835.86 (1.030x), PF=1.412195 (1.011x), DD=15772.80円/15.77280pt (1.142x); baseline net=60050.52, PF=1.396192, DD=13806.08円",0,61835.86,1.4121954289105925,15772.800000000061,15.77280000000006,634,0.01|0.02,0.01|0.02,True,False,0,False,0,False,0,True,"{""GoldDDSCAForceClose"":19}",gdda_oos_gdd27_16_20260815115834_f027a0_deals.csv,ml\gold_dd\configs\gdda_oos_gdd27_16_20260815115834_f027a0.yaml,2026-08-15T02:58:34+00:00,2026-08-15T02:59:20+00:00,45.474,
f623e71f528c4e3eb38fe79a51bee954,gdda_is_gdd27_17_20260815115920_f623e7,GDD27_17,GDD27_17,sca_force_close,(2)軽微なコード変更,IS,GOLD2,2021.06.21,2026.06.20,False,OK,IS_REJECT,BASELINE_EQUIVALENT,"IS net=331176.79 (1.000x), PF=1.871883 (1.000x), DD=32052.72円/32.05272pt (1.000x); baseline net=331176.79, PF=1.871883, DD=32052.72円",0,331176.79,1.8718825447675405,32052.719999999972,32.05271999999997,608,0.01|0.02,0.01|0.02,True,False,0,False,0,False,0,True,"{""GoldDDSCAForceClose"":20}",gdda_is_gdd27_17_20260815115920_f623e7_deals.csv,ml\gold_dd\configs\gdda_is_gdd27_17_20260815115920_f623e7.yaml,2026-08-15T02:59:20+00:00,2026-08-15T03:00:25+00:00,65.473,
b8091fa5ccf049a589eaf19805669e10,gdda_is_gdd27_18_20260815120025_b8091f,GDD27_18,GDD27_18,sca_force_close,(2)軽微なコード変更,IS,GOLD2,2021.06.21,2026.06.20,False,OK,IS_SURVIVOR_DD,DD_TRADEOFF,"IS net=318306.94 (0.961x), PF=1.799825 (0.962x), DD=32052.72円/32.05272pt (1.000x); baseline net=331176.79, PF=1.871883, DD=32052.72円",0,318306.94,1.7998248414249276,32052.719999999972,32.05271999999997,608,0.01|0.02,0.01|0.02,True,False,0,False,0,False,0,True,"{""GoldDDSCAForceClose"":21}",gdda_is_gdd27_18_20260815120025_b8091f_deals.csv,ml\gold_dd\configs\gdda_is_gdd27_18_20260815120025_b8091f.yaml,2026-08-15T03:00:25+00:00,2026-08-15T03:01:31+00:00,65.475,
a8b06bea934a4ea182ce99f4cd023347,gdda_oos_gdd27_18_20260815120131_a8b06b,GDD27_18,GDD27_18,sca_force_close,(2)軽微なコード変更,OOS,GOLD2,2016.06.21,2021.06.20,False,OK,OOS_PASS,DD_OR_STRICT,"OOS net=53825.75 (0.896x), PF=1.343395 (0.962x), DD=13701.37円/13.70137pt (0.992x); baseline net=60050.52, PF=1.396192, DD=13806.08円",0,53825.75,1.343394881130247,13701.36999999998,13.701369999999981,634,0.01|0.02,0.01|0.02,True,False,0,False,0,False,0,True,"{""GoldDDSCAForceClose"":21}",gdda_oos_gdd27_18_20260815120131_a8b06b_deals.csv,ml\gold_dd\configs\gdda_oos_gdd27_18_20260815120131_a8b06b.yaml,2026-08-15T03:01:31+00:00,2026-08-15T03:02:16+00:00,45.459,
f77a8b428f82420f962d65e8e2744585,gdda_xm5_gdd27_18_20260815120216_f77a8b,GDD27_18,GDD27_18,sca_force_close,(2)軽微なコード変更,XM5,XM5,2016.11.09,2026.06.20,True,OK,XM5_REJECT,OUT_OF_GATE,"XM5 net=518108.73 (0.962x), PF=1.791518 (0.967x), DD=36173.42円/36.17342pt (1.014x); baseline net=538302.83, PF=1.853047, DD=35671.78円",0,518108.73,1.791518199669713,36173.419999999984,36.173419999999986,1494,0.01|0.02|0.05,0.01|0.02|0.05,True,True,88,True,84,True,124,True,"{""GoldDDSCAForceClose"":21}",gdda_xm5_gdd27_18_20260815120216_f77a8b_deals.csv,ml\gold_dd\configs\gdda_xm5_gdd27_18_20260815120216_f77a8b.yaml,2026-08-15T03:02:16+00:00,2026-08-15T03:10:37+00:00,500.497,
9edc4e9a04f844cb95daead7ff9c8144,gdda_is_gdd27_19_20260815121037_9edc4e,GDD27_19,GDD27_19,sca_force_close,(2)軽微なコード変更,IS,GOLD2,2021.06.21,2026.06.20,False,OK,IS_SURVIVOR_DD,DD_TRADEOFF,"IS net=317978.73 (0.960x), PF=1.773295 (0.947x), DD=32052.72円/32.05272pt (1.000x); baseline net=331176.79, PF=1.871883, DD=32052.72円",0,317978.73,1.7732951410227198,32052.719999999972,32.05271999999997,606,0.01|0.02,0.01|0.02,True,False,0,False,0,False,0,True,"{""GoldDDSCAForceClose"":22}",gdda_is_gdd27_19_20260815121037_9edc4e_deals.csv,ml\gold_dd\configs\gdda_is_gdd27_19_20260815121037_9edc4e.yaml,2026-08-15T03:10:37+00:00,2026-08-15T03:17:51+00:00,433.844,
bf57524c7abb47d7851b6d9d0c716472,gdda_oos_gdd27_19_20260815121751_bf5752,GDD27_19,GDD27_19,sca_force_close,(2)軽微なコード変更,OOS,GOLD2,2016.06.21,2021.06.20,False,OK,OOS_PASS,DD_OR_STRICT,"OOS net=51419.17 (0.856x), PF=1.319994 (0.945x), DD=12914.04円/12.91404pt (0.935x); baseline net=60050.52, PF=1.396192, DD=13806.08円",0,51419.17,1.3199936995944999,12914.040000000066,12.914040000000066,634,0.01|0.02,0.01|0.02,True,False,0,False,0,False,0,True,"{""GoldDDSCAForceClose"":22}",gdda_oos_gdd27_19_20260815121751_bf5752_deals.csv,ml\gold_dd\configs\gdda_oos_gdd27_19_20260815121751_bf5752.yaml,2026-08-15T03:17:51+00:00,2026-08-15T03:18:36+00:00,45.483,
351a8b0cd9d74e238fb3b6aaeb58a4f6,gdda_xm5_gdd27_19_20260815121836_351a8b,GDD27_19,GDD27_19,sca_force_close,(2)軽微なコード変更,XM5,XM5,2016.11.09,2026.06.20,True,OK,XM5_REJECT,OUT_OF_GATE,"XM5 net=515921.48 (0.958x), PF=1.769228 (0.955x), DD=36557.97円/36.55797pt (1.025x); baseline net=538302.83, PF=1.853047, DD=35671.78円",0,515921.48,1.7692280327110628,36557.96999999997,36.55796999999997,1492,0.01|0.02|0.05,0.01|0.02|0.05,True,True,88,True,84,True,124,True,"{""GoldDDSCAForceClose"":22}",gdda_xm5_gdd27_19_20260815121836_351a8b_deals.csv,ml\gold_dd\configs\gdda_xm5_gdd27_19_20260815121836_351a8b.yaml,2026-08-15T03:18:36+00:00,2026-08-15T03:26:57+00:00,500.465,
86f4a5abc4a44e668490585ba2321d54,gdda_is_gdd27_20_20260815122657_86f4a5,GDD27_20,GDD27_20,sca_force_close,(2)軽微なコード変更,IS,GOLD2,2021.06.21,2026.06.20,False,OK,IS_SURVIVOR_DD,DD_TRADEOFF,"IS net=336764.60 (1.017x), PF=1.769424 (0.945x), DD=32052.72円/32.05272pt (1.000x); baseline net=331176.79, PF=1.871883, DD=32052.72円",0,336764.6,1.769424112105362,32052.719999999972,32.05271999999997,606,0.01|0.02,0.01|0.02,True,False,0,False,0,False,0,True,"{""GoldDDSCAForceClose"":23}",gdda_is_gdd27_20_20260815122657_86f4a5_deals.csv,ml\gold_dd\configs\gdda_is_gdd27_20_20260815122657_86f4a5.yaml,2026-08-15T03:26:57+00:00,2026-08-15T03:33:25+00:00,388.762,
edbe3bcffdc84d1d826a3a8b19354077,gdda_oos_gdd27_20_20260815123325_edbe3b,GDD27_20,GDD27_20,sca_force_close,(2)軽微なコード変更,OOS,GOLD2,2016.06.21,2021.06.20,False,OK,OOS_REJECT,OUT_OF_GATE,"OOS net=41495.23 (0.691x), PF=1.237135 (0.886x), DD=21922.27円/21.92227pt (1.588x); baseline net=60050.52, PF=1.396192, DD=13806.08円",0,41495.23,1.2371346114205615,21922.270000000062,21.92227000000006,632,0.01|0.02,0.01|0.02,True,False,0,False,0,False,0,True,"{""GoldDDSCAForceClose"":23}",gdda_oos_gdd27_20_20260815123325_edbe3b_deals.csv,ml\gold_dd\configs\gdda_oos_gdd27_20_20260815123325_edbe3b.yaml,2026-08-15T03:33:25+00:00,2026-08-15T03:34:11+00:00,45.478,
371adfd7e2fd4e9bb554d36b2cf40154,gdda_is_gdd28_01_20260815123411_371adf,GDD28_01,GDD28_01,sca_range_start,(2)軽微なコード変更,IS,GOLD2,,,,UNVERIFIED,UNVERIFIED_EA_INPUT,EA_IMPLEMENTATION_MISSING,family has no verified SIMVERIFY activation: sca_range_start,,,,,,,,,,,,,,,,,"{""GoldLabSCARangeStart"":0}",,,2026-08-15T03:34:11+00:00,2026-08-15T03:34:11+00:00,0.002,NotImplementedError('family has no verified SIMVERIFY activation: sca_range_start')
6deff0d78bcb44fc9d6622ddb2885037,gdda_is_gdd28_02_20260815123411_6deff0,GDD28_02,GDD28_02,sca_range_start,(2)軽微なコード変更,IS,GOLD2,,,,UNVERIFIED,UNVERIFIED_EA_INPUT,EA_IMPLEMENTATION_MISSING,family has no verified SIMVERIFY activation: sca_range_start,,,,,,,,,,,,,,,,,"{""GoldLabSCARangeStart"":1}",,,2026-08-15T03:34:11+00:00,2026-08-15T03:34:11+00:00,0.001,NotImplementedError('family has no verified SIMVERIFY activation: sca_range_start')
bed71144770f4fe3ae0d89444c3c44c0,gdda_is_gdd28_03_20260815123411_bed711,GDD28_03,GDD28_03,sca_range_start,(2)軽微なコード変更,IS,GOLD2,,,,UNVERIFIED,UNVERIFIED_EA_INPUT,EA_IMPLEMENTATION_MISSING,family has no verified SIMVERIFY activation: sca_range_start,,,,,,,,,,,,,,,,,"{""GoldLabSCARangeStart"":2}",,,2026-08-15T03:34:11+00:00,2026-08-15T03:34:11+00:00,0.001,NotImplementedError('family has no verified SIMVERIFY activation: sca_range_start')
f0444c21c23c49e1b9207aa6b1fb98b1,gdda_is_gdd28_04_20260815123411_f0444c,GDD28_04,GDD28_04,sca_range_start,(2)軽微なコード変更,IS,GOLD2,,,,UNVERIFIED,UNVERIFIED_EA_INPUT,EA_IMPLEMENTATION_MISSING,family has no verified SIMVERIFY activation: sca_range_start,,,,,,,,,,,,,,,,,"{""GoldLabSCARangeStart"":3}",,,2026-08-15T03:34:11+00:00,2026-08-15T03:34:11+00:00,0.001,NotImplementedError('family has no verified SIMVERIFY activation: sca_range_start')
9b62fd0ab640499583dec6a3ddf2368f,gdda_is_gdd28_05_20260815123411_9b62fd,GDD28_05,GDD28_05,sca_range_start,(2)軽微なコード変更,IS,GOLD2,,,,UNVERIFIED,UNVERIFIED_EA_INPUT,EA_IMPLEMENTATION_MISSING,family has no verified SIMVERIFY activation: sca_range_start,,,,,,,,,,,,,,,,,"{""GoldLabSCARangeStart"":4}",,,2026-08-15T03:34:11+00:00,2026-08-15T03:34:11+00:00,0.001,NotImplementedError('family has no verified SIMVERIFY activation: sca_range_start')
c7e11769580747e899388cee881769cb,gdda_is_gdd28_06_20260815123411_c7e117,GDD28_06,GDD28_06,sca_range_start,(2)軽微なコード変更,IS,GOLD2,,,,UNVERIFIED,UNVERIFIED_EA_INPUT,EA_IMPLEMENTATION_MISSING,family has no verified SIMVERIFY activation: sca_range_start,,,,,,,,,,,,,,,,,"{""GoldLabSCARangeStart"":5}",,,2026-08-15T03:34:11+00:00,2026-08-15T03:34:11+00:00,0.001,NotImplementedError('family has no verified SIMVERIFY activation: sca_range_start')
701a4c4a03174f5a9c5b4ac987820d5c,gdda_is_gdd28_07_20260815123411_701a4c,GDD28_07,GDD28_07,sca_range_start,(2)軽微なコード変更,IS,GOLD2,,,,UNVERIFIED,UNVERIFIED_EA_INPUT,EA_IMPLEMENTATION_MISSING,family has no verified SIMVERIFY activation: sca_range_start,,,,,,,,,,,,,,,,,"{""GoldLabSCARangeStart"":6}",,,2026-08-15T03:34:11+00:00,2026-08-15T03:34:11+00:00,0.001,NotImplementedError('family has no verified SIMVERIFY activation: sca_range_start')
93fc12774a124a33a8226839ca278092,gdda_is_gdd28_08_20260815123411_93fc12,GDD28_08,GDD28_08,sca_range_start,(2)軽微なコード変更,IS,GOLD2,,,,UNVERIFIED,UNVERIFIED_EA_INPUT,EA_IMPLEMENTATION_MISSING,family has no verified SIMVERIFY activation: sca_range_start,,,,,,,,,,,,,,,,,"{""GoldLabSCARangeStart"":7}",,,2026-08-15T03:34:11+00:00,2026-08-15T03:34:11+00:00,0.001,NotImplementedError('family has no verified SIMVERIFY activation: sca_range_start')
bd2837eb549d45b583489bcf1bb8d5ad,gdda_is_gdd28_09_20260815123411_bd2837,GDD28_09,GDD28_09,sca_range_start,(2)軽微なコード変更,IS,GOLD2,,,,UNVERIFIED,UNVERIFIED_EA_INPUT,EA_IMPLEMENTATION_MISSING,family has no verified SIMVERIFY activation: sca_range_start,,,,,,,,,,,,,,,,,"{""GoldLabSCARangeStart"":8}",,,2026-08-15T03:34:11+00:00,2026-08-15T03:34:11+00:00,0.001,NotImplementedError('family has no verified SIMVERIFY activation: sca_range_start')
91680a415f5a4ec1857395c69b5cb381,gdda_is_gdd28_10_20260815123411_91680a,GDD28_10,GDD28_10,sca_range_start,(2)軽微なコード変更,IS,GOLD2,,,,UNVERIFIED,UNVERIFIED_EA_INPUT,EA_IMPLEMENTATION_MISSING,family has no verified SIMVERIFY activation: sca_range_start,,,,,,,,,,,,,,,,,"{""GoldLabSCARangeStart"":9}",,,2026-08-15T03:34:11+00:00,2026-08-15T03:34:11+00:00,0.001,NotImplementedError('family has no verified SIMVERIFY activation: sca_range_start')
02f40209a5ca41829d60b038c8e2ebf2,gdda_is_gdd28_11_20260815123411_02f402,GDD28_11,GDD28_11,sca_range_start,(2)軽微なコード変更,IS,GOLD2,,,,UNVERIFIED,UNVERIFIED_EA_INPUT,EA_IMPLEMENTATION_MISSING,family has no verified SIMVERIFY activation: sca_range_start,,,,,,,,,,,,,,,,,"{""GoldLabSCARangeStart"":10}",,,2026-08-15T03:34:11+00:00,2026-08-15T03:34:11+00:00,0.001,NotImplementedError('family has no verified SIMVERIFY activation: sca_range_start')
f35d706a80cc4a40bffa539c7adb6f52,gdda_is_gdd28_12_20260815123411_f35d70,GDD28_12,GDD28_12,sca_range_start,(2)軽微なコード変更,IS,GOLD2,,,,UNVERIFIED,UNVERIFIED_EA_INPUT,EA_IMPLEMENTATION_MISSING,family has no verified SIMVERIFY activation: sca_range_start,,,,,,,,,,,,,,,,,"{""GoldLabSCARangeStart"":11}",,,2026-08-15T03:34:11+00:00,2026-08-15T03:34:11+00:00,0.001,NotImplementedError('family has no verified SIMVERIFY activation: sca_range_start')
72120636656e442dacda22455ea40017,gdda_is_gdd28_13_20260815123411_721206,GDD28_13,GDD28_13,sca_range_start,(2)軽微なコード変更,IS,GOLD2,,,,UNVERIFIED,UNVERIFIED_EA_INPUT,EA_IMPLEMENTATION_MISSING,family has no verified SIMVERIFY activation: sca_range_start,,,,,,,,,,,,,,,,,"{""GoldLabSCARangeStart"":12}",,,2026-08-15T03:34:11+00:00,2026-08-15T03:34:11+00:00,0.001,NotImplementedError('family has no verified SIMVERIFY activation: sca_range_start')
2d15aa376db44a02806f88b589b45768,gdda_is_gdd28_14_20260815123411_2d15aa,GDD28_14,GDD28_14,sca_range_start,(2)軽微なコード変更,IS,GOLD2,,,,UNVERIFIED,UNVERIFIED_EA_INPUT,EA_IMPLEMENTATION_MISSING,family has no verified SIMVERIFY activation: sca_range_start,,,,,,,,,,,,,,,,,"{""GoldLabSCARangeStart"":13}",,,2026-08-15T03:34:11+00:00,2026-08-15T03:34:11+00:00,0.001,NotImplementedError('family has no verified SIMVERIFY activation: sca_range_start')
4963586790d54108a0161ecb515d6a2b,gdda_is_gdd28_15_20260815123411_496358,GDD28_15,GDD28_15,sca_range_start,(2)軽微なコード変更,IS,GOLD2,,,,UNVERIFIED,UNVERIFIED_EA_INPUT,EA_IMPLEMENTATION_MISSING,family has no verified SIMVERIFY activation: sca_range_start,,,,,,,,,,,,,,,,,"{""GoldLabSCARangeStart"":14}",,,2026-08-15T03:34:11+00:00,2026-08-15T03:34:11+00:00,0.001,NotImplementedError('family has no verified SIMVERIFY activation: sca_range_start')
2375c9f0278e45a0a36c7ba0ab9c5f2d,gdda_is_gdd28_16_20260815123411_2375c9,GDD28_16,GDD28_16,sca_range_start,(2)軽微なコード変更,IS,GOLD2,,,,UNVERIFIED,UNVERIFIED_EA_INPUT,EA_IMPLEMENTATION_MISSING,family has no verified SIMVERIFY activation: sca_range_start,,,,,,,,,,,,,,,,,"{""GoldLabSCARangeStart"":15}",,,2026-08-15T03:34:11+00:00,2026-08-15T03:34:11+00:00,0.001,NotImplementedError('family has no verified SIMVERIFY activation: sca_range_start')
2f7e00b7bf8948ccbd2a780d47441b8e,gdda_is_gdd28_17_20260815123411_2f7e00,GDD28_17,GDD28_17,sca_range_start,(2)軽微なコード変更,IS,GOLD2,,,,UNVERIFIED,UNVERIFIED_EA_INPUT,EA_IMPLEMENTATION_MISSING,family has no verified SIMVERIFY activation: sca_range_start,,,,,,,,,,,,,,,,,"{""GoldLabSCARangeStart"":16}",,,2026-08-15T03:34:11+00:00,2026-08-15T03:34:11+00:00,0.001,NotImplementedError('family has no verified SIMVERIFY activation: sca_range_start')
3dd4a7a70a9545f89980f03c19968026,gdda_is_gdd28_18_20260815123411_3dd4a7,GDD28_18,GDD28_18,sca_range_start,(2)軽微なコード変更,IS,GOLD2,,,,UNVERIFIED,UNVERIFIED_EA_INPUT,EA_IMPLEMENTATION_MISSING,family has no verified SIMVERIFY activation: sca_range_start,,,,,,,,,,,,,,,,,"{""GoldLabSCARangeStart"":17}",,,2026-08-15T03:34:11+00:00,2026-08-15T03:34:11+00:00,0.001,NotImplementedError('family has no verified SIMVERIFY activation: sca_range_start')
31580ea7363146f196df9dcab63eb91b,gdda_is_gdd28_19_20260815123411_31580e,GDD28_19,GDD28_19,sca_range_start,(2)軽微なコード変更,IS,GOLD2,,,,UNVERIFIED,UNVERIFIED_EA_INPUT,EA_IMPLEMENTATION_MISSING,family has no verified SIMVERIFY activation: sca_range_start,,,,,,,,,,,,,,,,,"{""GoldLabSCARangeStart"":18}",,,2026-08-15T03:34:11+00:00,2026-08-15T03:34:11+00:00,0.001,NotImplementedError('family has no verified SIMVERIFY activation: sca_range_start')
ae450c2ceae44e94aa111fc578dff409,gdda_is_gdd28_20_20260815123411_ae450c,GDD28_20,GDD28_20,sca_range_start,(2)軽微なコード変更,IS,GOLD2,,,,UNVERIFIED,UNVERIFIED_EA_INPUT,EA_IMPLEMENTATION_MISSING,family has no verified SIMVERIFY activation: sca_range_start,,,,,,,,,,,,,,,,,"{""GoldLabSCARangeStart"":19}",,,2026-08-15T03:34:11+00:00,2026-08-15T03:34:11+00:00,0.001,NotImplementedError('family has no verified SIMVERIFY activation: sca_range_start')
46ed5bb14bba4422b3417c71189c67b3,gdda_is_gdd29_01_20260815123411_46ed5b,GDD29_01,GDD29_01,sca_range_end,(2)軽微なコード変更,IS,GOLD2,,,,UNVERIFIED,UNVERIFIED_EA_INPUT,EA_IMPLEMENTATION_MISSING,family has no verified SIMVERIFY activation: sca_range_end,,,,,,,,,,,,,,,,,"{""GoldLabSCARangeEnd"":4}",,,2026-08-15T03:34:11+00:00,2026-08-15T03:34:11+00:00,0.001,NotImplementedError('family has no verified SIMVERIFY activation: sca_range_end')
04f29954a7314b8b8798996e24171c10,gdda_is_gdd29_02_20260815123411_04f299,GDD29_02,GDD29_02,sca_range_end,(2)軽微なコード変更,IS,GOLD2,,,,UNVERIFIED,UNVERIFIED_EA_INPUT,EA_IMPLEMENTATION_MISSING,family has no verified SIMVERIFY activation: sca_range_end,,,,,,,,,,,,,,,,,"{""GoldLabSCARangeEnd"":5}",,,2026-08-15T03:34:11+00:00,2026-08-15T03:34:11+00:00,0.001,NotImplementedError('family has no verified SIMVERIFY activation: sca_range_end')
d32d10fe6b9f4fe78d9f8bf4856a1d4f,gdda_is_gdd29_03_20260815123411_d32d10,GDD29_03,GDD29_03,sca_range_end,(2)軽微なコード変更,IS,GOLD2,,,,UNVERIFIED,UNVERIFIED_EA_INPUT,EA_IMPLEMENTATION_MISSING,family has no verified SIMVERIFY activation: sca_range_end,,,,,,,,,,,,,,,,,"{""GoldLabSCARangeEnd"":6}",,,2026-08-15T03:34:11+00:00,2026-08-15T03:34:11+00:00,0.001,NotImplementedError('family has no verified SIMVERIFY activation: sca_range_end')
2d2c4570bba948a9b981dea5807c6599,gdda_is_gdd29_04_20260815123411_2d2c45,GDD29_04,GDD29_04,sca_range_end,(2)軽微なコード変更,IS,GOLD2,,,,UNVERIFIED,UNVERIFIED_EA_INPUT,EA_IMPLEMENTATION_MISSING,family has no verified SIMVERIFY activation: sca_range_end,,,,,,,,,,,,,,,,,"{""GoldLabSCARangeEnd"":7}",,,2026-08-15T03:34:11+00:00,2026-08-15T03:34:11+00:00,0.001,NotImplementedError('family has no verified SIMVERIFY activation: sca_range_end')
8d079b869c7f4e4e87b9bb0b6a11acef,gdda_is_gdd29_05_20260815123411_8d079b,GDD29_05,GDD29_05,sca_range_end,(2)軽微なコード変更,IS,GOLD2,,,,UNVERIFIED,UNVERIFIED_EA_INPUT,EA_IMPLEMENTATION_MISSING,family has no verified SIMVERIFY activation: sca_range_end,,,,,,,,,,,,,,,,,"{""GoldLabSCARangeEnd"":8}",,,2026-08-15T03:34:11+00:00,2026-08-15T03:34:11+00:00,0.001,NotImplementedError('family has no verified SIMVERIFY activation: sca_range_end')
865c3e7e57fa41f58c828271f784f646,gdda_is_gdd29_06_20260815123411_865c3e,GDD29_06,GDD29_06,sca_range_end,(2)軽微なコード変更,IS,GOLD2,,,,UNVERIFIED,UNVERIFIED_EA_INPUT,EA_IMPLEMENTATION_MISSING,family has no verified SIMVERIFY activation: sca_range_end,,,,,,,,,,,,,,,,,"{""GoldLabSCARangeEnd"":9}",,,2026-08-15T03:34:11+00:00,2026-08-15T03:34:11+00:00,0.001,NotImplementedError('family has no verified SIMVERIFY activation: sca_range_end')
ddc9b0edd46b4e158373977ae3cea6c8,gdda_is_gdd29_07_20260815123411_ddc9b0,GDD29_07,GDD29_07,sca_range_end,(2)軽微なコード変更,IS,GOLD2,,,,UNVERIFIED,UNVERIFIED_EA_INPUT,EA_IMPLEMENTATION_MISSING,family has no verified SIMVERIFY activation: sca_range_end,,,,,,,,,,,,,,,,,"{""GoldLabSCARangeEnd"":10}",,,2026-08-15T03:34:11+00:00,2026-08-15T03:34:11+00:00,0.001,NotImplementedError('family has no verified SIMVERIFY activation: sca_range_end')
68370280863c489b87bd00099541e789,gdda_is_gdd29_08_20260815123411_683702,GDD29_08,GDD29_08,sca_range_end,(2)軽微なコード変更,IS,GOLD2,,,,UNVERIFIED,UNVERIFIED_EA_INPUT,EA_IMPLEMENTATION_MISSING,family has no verified SIMVERIFY activation: sca_range_end,,,,,,,,,,,,,,,,,"{""GoldLabSCARangeEnd"":11}",,,2026-08-15T03:34:11+00:00,2026-08-15T03:34:11+00:00,0.001,NotImplementedError('family has no verified SIMVERIFY activation: sca_range_end')
5fdb71630d9d41108473aa185e7844ea,gdda_is_gdd29_09_20260815123411_5fdb71,GDD29_09,GDD29_09,sca_range_end,(2)軽微なコード変更,IS,GOLD2,,,,UNVERIFIED,UNVERIFIED_EA_INPUT,EA_IMPLEMENTATION_MISSING,family has no verified SIMVERIFY activation: sca_range_end,,,,,,,,,,,,,,,,,"{""GoldLabSCARangeEnd"":12}",,,2026-08-15T03:34:11+00:00,2026-08-15T03:34:11+00:00,0.001,NotImplementedError('family has no verified SIMVERIFY activation: sca_range_end')
0532612e59a64e109e608ad13ebb49c5,gdda_is_gdd29_10_20260815123411_053261,GDD29_10,GDD29_10,sca_range_end,(2)軽微なコード変更,IS,GOLD2,,,,UNVERIFIED,UNVERIFIED_EA_INPUT,EA_IMPLEMENTATION_MISSING,family has no verified SIMVERIFY activation: sca_range_end,,,,,,,,,,,,,,,,,"{""GoldLabSCARangeEnd"":13}",,,2026-08-15T03:34:11+00:00,2026-08-15T03:34:11+00:00,0.001,NotImplementedError('family has no verified SIMVERIFY activation: sca_range_end')
8937d63d68114fc38c16a2b968dad023,gdda_is_gdd29_11_20260815123411_8937d6,GDD29_11,GDD29_11,sca_range_end,(2)軽微なコード変更,IS,GOLD2,,,,UNVERIFIED,UNVERIFIED_EA_INPUT,EA_IMPLEMENTATION_MISSING,family has no verified SIMVERIFY activation: sca_range_end,,,,,,,,,,,,,,,,,"{""GoldLabSCARangeEnd"":14}",,,2026-08-15T03:34:11+00:00,2026-08-15T03:34:11+00:00,0.001,NotImplementedError('family has no verified SIMVERIFY activation: sca_range_end')
e4499ee89b8b4c1c83e2e90c03637911,gdda_is_gdd29_12_20260815123411_e4499e,GDD29_12,GDD29_12,sca_range_end,(2)軽微なコード変更,IS,GOLD2,,,,UNVERIFIED,UNVERIFIED_EA_INPUT,EA_IMPLEMENTATION_MISSING,family has no verified SIMVERIFY activation: sca_range_end,,,,,,,,,,,,,,,,,"{""GoldLabSCARangeEnd"":15}",,,2026-08-15T03:34:11+00:00,2026-08-15T03:34:11+00:00,0.001,NotImplementedError('family has no verified SIMVERIFY activation: sca_range_end')
ab989d01b9614f87937e8b8874d4571e,gdda_is_gdd29_13_20260815123411_ab989d,GDD29_13,GDD29_13,sca_range_end,(2)軽微なコード変更,IS,GOLD2,,,,UNVERIFIED,UNVERIFIED_EA_INPUT,EA_IMPLEMENTATION_MISSING,family has no verified SIMVERIFY activation: sca_range_end,,,,,,,,,,,,,,,,,"{""GoldLabSCARangeEnd"":16}",,,2026-08-15T03:34:11+00:00,2026-08-15T03:34:11+00:00,0.001,NotImplementedError('family has no verified SIMVERIFY activation: sca_range_end')
f0a45a001dae4be7a5eb98a0214d9fc2,gdda_is_gdd29_14_20260815123411_f0a45a,GDD29_14,GDD29_14,sca_range_end,(2)軽微なコード変更,IS,GOLD2,,,,UNVERIFIED,UNVERIFIED_EA_INPUT,EA_IMPLEMENTATION_MISSING,family has no verified SIMVERIFY activation: sca_range_end,,,,,,,,,,,,,,,,,"{""GoldLabSCARangeEnd"":17}",,,2026-08-15T03:34:11+00:00,2026-08-15T03:34:11+00:00,0.001,NotImplementedError('family has no verified SIMVERIFY activation: sca_range_end')
21532d18427a48968ccc17c0fbd5d37c,gdda_is_gdd29_15_20260815123411_21532d,GDD29_15,GDD29_15,sca_range_end,(2)軽微なコード変更,IS,GOLD2,,,,UNVERIFIED,UNVERIFIED_EA_INPUT,EA_IMPLEMENTATION_MISSING,family has no verified SIMVERIFY activation: sca_range_end,,,,,,,,,,,,,,,,,"{""GoldLabSCARangeEnd"":18}",,,2026-08-15T03:34:11+00:00,2026-08-15T03:34:11+00:00,0.001,NotImplementedError('family has no verified SIMVERIFY activation: sca_range_end')
72a248d9bd884768815222118f5d6142,gdda_is_gdd29_16_20260815123411_72a248,GDD29_16,GDD29_16,sca_range_end,(2)軽微なコード変更,IS,GOLD2,,,,UNVERIFIED,UNVERIFIED_EA_INPUT,EA_IMPLEMENTATION_MISSING,family has no verified SIMVERIFY activation: sca_range_end,,,,,,,,,,,,,,,,,"{""GoldLabSCARangeEnd"":19}",,,2026-08-15T03:34:11+00:00,2026-08-15T03:34:11+00:00,0.001,NotImplementedError('family has no verified SIMVERIFY activation: sca_range_end')
dd2a88f86acc4249a076ed53f27e18c7,gdda_is_gdd29_17_20260815123411_dd2a88,GDD29_17,GDD29_17,sca_range_end,(2)軽微なコード変更,IS,GOLD2,,,,UNVERIFIED,UNVERIFIED_EA_INPUT,EA_IMPLEMENTATION_MISSING,family has no verified SIMVERIFY activation: sca_range_end,,,,,,,,,,,,,,,,,"{""GoldLabSCARangeEnd"":20}",,,2026-08-15T03:34:11+00:00,2026-08-15T03:34:11+00:00,0.001,NotImplementedError('family has no verified SIMVERIFY activation: sca_range_end')
f0dd2f8c171b48c193226e9dd1d0bc51,gdda_is_gdd29_18_20260815123411_f0dd2f,GDD29_18,GDD29_18,sca_range_end,(2)軽微なコード変更,IS,GOLD2,,,,UNVERIFIED,UNVERIFIED_EA_INPUT,EA_IMPLEMENTATION_MISSING,family has no verified SIMVERIFY activation: sca_range_end,,,,,,,,,,,,,,,,,"{""GoldLabSCARangeEnd"":21}",,,2026-08-15T03:34:11+00:00,2026-08-15T03:34:11+00:00,0.001,NotImplementedError('family has no verified SIMVERIFY activation: sca_range_end')
83d1d8ba46094ca98432f384d1594fb9,gdda_is_gdd29_19_20260815123411_83d1d8,GDD29_19,GDD29_19,sca_range_end,(2)軽微なコード変更,IS,GOLD2,,,,UNVERIFIED,UNVERIFIED_EA_INPUT,EA_IMPLEMENTATION_MISSING,family has no verified SIMVERIFY activation: sca_range_end,,,,,,,,,,,,,,,,,"{""GoldLabSCARangeEnd"":22}",,,2026-08-15T03:34:11+00:00,2026-08-15T03:34:11+00:00,0.001,NotImplementedError('family has no verified SIMVERIFY activation: sca_range_end')
8a75816e6d6e48128890e7d11b45c9b9,gdda_is_gdd29_20_20260815123411_8a7581,GDD29_20,GDD29_20,sca_range_end,(2)軽微なコード変更,IS,GOLD2,,,,UNVERIFIED,UNVERIFIED_EA_INPUT,EA_IMPLEMENTATION_MISSING,family has no verified SIMVERIFY activation: sca_range_end,,,,,,,,,,,,,,,,,"{""GoldLabSCARangeEnd"":23}",,,2026-08-15T03:34:11+00:00,2026-08-15T03:34:11+00:00,0.001,NotImplementedError('family has no verified SIMVERIFY activation: sca_range_end')
0a2e1eeb61d844cb8e5113cb1264e627,gdda_is_gdd30_01_20260815123411_0a2e1e,GDD30_01,GDD30_01,sca_weekday,(2)軽微なコード変更,IS,GOLD2,2021.06.21,2026.06.20,False,OK,IS_REJECT,BASELINE_EQUIVALENT,"IS net=331176.79 (1.000x), PF=1.871883 (1.000x), DD=32052.72円/32.05272pt (1.000x); baseline net=331176.79, PF=1.871883, DD=32052.72円",0,331176.79,1.8718825447675405,32052.719999999972,32.05271999999997,608,0.01|0.02,0.01|0.02,True,False,0,False,0,False,0,True,"{""GoldDDSCAWeekMask"":62}",gdda_is_gdd30_01_20260815123411_0a2e1e_deals.csv,ml\gold_dd\configs\gdda_is_gdd30_01_20260815123411_0a2e1e.yaml,2026-08-15T03:34:11+00:00,2026-08-15T03:35:17+00:00,65.451,
1e1a6e15040145f48c22ad41a19a094e,gdda_is_gdd30_02_20260815123517_1e1a6e,GDD30_02,GDD30_02,sca_weekday,(2)軽微なコード変更,IS,GOLD2,2021.06.21,2026.06.20,False,OK,IS_SURVIVOR_DD,DD_TRADEOFF,"IS net=295482.81 (0.892x), PF=1.932756 (1.033x), DD=26173.80円/26.17380pt (0.817x); baseline net=331176.79, PF=1.871883, DD=32052.72円",0,295482.81,1.9327557024677762,26173.800000000017,26.173800000000018,466,0.01|0.02,0.01|0.02,True,False,0,False,0,False,0,True,"{""GoldDDSCAWeekMask"":61}",gdda_is_gdd30_02_20260815123517_1e1a6e_deals.csv,ml\gold_dd\configs\gdda_is_gdd30_02_20260815123517_1e1a6e.yaml,2026-08-15T03:35:17+00:00,2026-08-15T03:36:22+00:00,65.454,
68f2f5da336b498887740fb457c9031b,gdda_oos_gdd30_02_20260815123622_68f2f5,GDD30_02,GDD30_02,sca_weekday,(2)軽微なコード変更,OOS,GOLD2,2016.06.21,2021.06.20,False,OK,OOS_REJECT,OUT_OF_GATE,"OOS net=34169.52 (0.569x), PF=1.262953 (0.905x), DD=18218.81円/18.21881pt (1.320x); baseline net=60050.52, PF=1.396192, DD=13806.08円",0,34169.520000000004,1.2629532255279223,18218.810000000027,18.218810000000026,502,0.01|0.02,0.01|0.02,True,False,0,False,0,False,0,True,"{""GoldDDSCAWeekMask"":61}",gdda_oos_gdd30_02_20260815123622_68f2f5_deals.csv,ml\gold_dd\configs\gdda_oos_gdd30_02_20260815123622_68f2f5.yaml,2026-08-15T03:36:22+00:00,2026-08-15T03:37:08+00:00,45.421,
53ababd134c34a8fa23824e3528447c2,gdda_is_gdd30_03_20260815123708_53abab,GDD30_03,GDD30_03,sca_weekday,(2)軽微なコード変更,IS,GOLD2,2021.06.21,2026.06.20,False,OK,IS_SURVIVOR_DD,DD_TRADEOFF,"IS net=268585.14 (0.811x), PF=1.831380 (0.978x), DD=32052.72円/32.05272pt (1.000x); baseline net=331176.79, PF=1.871883, DD=32052.72円",0,268585.14,1.8313799724094106,32052.719999999972,32.05271999999997,484,0.01|0.02,0.01|0.02,True,False,0,False,0,False,0,True,"{""GoldDDSCAWeekMask"":59}",gdda_is_gdd30_03_20260815123708_53abab_deals.csv,ml\gold_dd\configs\gdda_is_gdd30_03_20260815123708_53abab.yaml,2026-08-15T03:37:08+00:00,2026-08-15T03:38:13+00:00,65.423,
d7595982d37d41b9affcfdf3d2426bd8,gdda_oos_gdd30_03_20260815123813_d75959,GDD30_03,GDD30_03,sca_weekday,(2)軽微なコード変更,OOS,GOLD2,2016.06.21,2021.06.20,False,OK,OOS_REJECT,OUT_OF_GATE,"OOS net=43023.77 (0.716x), PF=1.343361 (0.962x), DD=17588.93円/17.58893pt (1.274x); baseline net=60050.52, PF=1.396192, DD=13806.08円",0,43023.770000000004,1.3433608748151467,17588.930000000022,17.588930000000023,496,0.01|0.02,0.01|0.02,True,False,0,False,0,False,0,True,"{""GoldDDSCAWeekMask"":59}",gdda_oos_gdd30_03_20260815123813_d75959_deals.csv,ml\gold_dd\configs\gdda_oos_gdd30_03_20260815123813_d75959.yaml,2026-08-15T03:38:13+00:00,2026-08-15T03:38:59+00:00,45.427,
2e10f7c50b594698af79aa230162092f,gdda_is_gdd30_04_20260815123859_2e10f7,GDD30_04,GDD30_04,sca_weekday,(2)軽微なコード変更,IS,GOLD2,2021.06.21,2026.06.20,False,OK,IS_SURVIVOR_DD,DD_TRADEOFF,"IS net=307287.40 (0.928x), PF=1.901187 (1.016x), DD=32052.72円/32.05272pt (1.000x); baseline net=331176.79, PF=1.871883, DD=32052.72円",0,307287.39999999997,1.901187340276837,32052.719999999972,32.05271999999997,516,0.01|0.02,0.01|0.02,True,False,0,False,0,False,0,True,"{""GoldDDSCAWeekMask"":55}",gdda_is_gdd30_04_20260815123859_2e10f7_deals.csv,ml\gold_dd\configs\gdda_is_gdd30_04_20260815123859_2e10f7.yaml,2026-08-15T03:38:59+00:00,2026-08-15T03:40:04+00:00,65.430,
362d7d0ba2d14a05a7e0d3a46366bcb2,gdda_oos_gdd30_04_20260815124004_362d7d,GDD30_04,GDD30_04,sca_weekday,(2)軽微なコード変更,OOS,GOLD2,2016.06.21,2021.06.20,False,OK,OOS_PASS,DD_OR_STRICT,"OOS net=74833.35 (1.246x), PF=1.632655 (1.169x), DD=11612.23円/11.61223pt (0.841x); baseline net=60050.52, PF=1.396192, DD=13806.08円",0,74833.35,1.6326549470252347,11612.229999999981,11.61222999999998,516,0.01|0.02,0.01|0.02,True,False,0,False,0,False,0,True,"{""GoldDDSCAWeekMask"":55}",gdda_oos_gdd30_04_20260815124004_362d7d_deals.csv,ml\gold_dd\configs\gdda_oos_gdd30_04_20260815124004_362d7d.yaml,2026-08-15T03:40:04+00:00,2026-08-15T03:40:50+00:00,45.424,
dcb19cdbd2ed46df852a206c0db88946,gdda_xm5_gdd30_04_20260815124050_dcb19c,GDD30_04,GDD30_04,sca_weekday,(2)軽微なコード変更,XM5,XM5,2016.11.09,2026.06.20,True,OK,XM5_PASS,DD_OR_STRICT,"XM5 net=530698.28 (0.986x), PF=1.947745 (1.051x), DD=32052.72円/32.05272pt (0.899x); baseline net=538302.83, PF=1.853047, DD=35671.78円",0,530698.28,1.947745040792368,32052.72000000003,32.05272000000003,1296,0.01|0.02|0.05,0.01|0.02|0.05,True,True,88,True,84,True,124,True,"{""GoldDDSCAWeekMask"":55}",gdda_xm5_gdd30_04_20260815124050_dcb19c_deals.csv,ml\gold_dd\configs\gdda_xm5_gdd30_04_20260815124050_dcb19c.yaml,2026-08-15T03:40:50+00:00,2026-08-15T03:49:10+00:00,500.478,
9e417ef066ce41fcb46fe37954136572,gdda_is_gdd30_05_20260815124910_9e417e,GDD30_05,GDD30_05,sca_weekday,(2)軽微なコード変更,IS,GOLD2,2021.06.21,2026.06.20,False,OK,IS_SURVIVOR_DD,DD_TRADEOFF,"IS net=279633.88 (0.844x), PF=1.888347 (1.009x), DD=32052.72円/32.05272pt (1.000x); baseline net=331176.79, PF=1.871883, DD=32052.72円",0,279633.88,1.8883470078039581,32052.719999999972,32.05271999999997,482,0.01|0.02,0.01|0.02,True,False,0,False,0,False,0,True,"{""GoldDDSCAWeekMask"":47}",gdda_is_gdd30_05_20260815124910_9e417e_deals.csv,ml\gold_dd\configs\gdda_is_gdd30_05_20260815124910_9e417e.yaml,2026-08-15T03:49:10+00:00,2026-08-15T03:50:16+00:00,65.491,
292eff3559324290aea85da0919a830e,gdda_oos_gdd30_05_20260815125016_292eff,GDD30_05,GDD30_05,sca_weekday,(2)軽微なコード変更,OOS,GOLD2,2016.06.21,2021.06.20,False,OK,OOS_REJECT,OUT_OF_GATE,"OOS net=36576.56 (0.609x), PF=1.285548 (0.921x), DD=18501.39円/18.50139pt (1.340x); baseline net=60050.52, PF=1.396192, DD=13806.08円",0,36576.560000000005,1.2855475537991194,18501.39000000003,18.50139000000003,490,0.01|0.02,0.01|0.02,True,False,0,False,0,False,0,True,"{""GoldDDSCAWeekMask"":47}",gdda_oos_gdd30_05_20260815125016_292eff_deals.csv,ml\gold_dd\configs\gdda_oos_gdd30_05_20260815125016_292eff.yaml,2026-08-15T03:50:16+00:00,2026-08-15T03:51:01+00:00,45.463,
7817c53769b648c7a1a84877615a35af,gdda_is_gdd30_06_20260815125101_7817c5,GDD30_06,GDD30_06,sca_weekday,(2)軽微なコード変更,IS,GOLD2,2021.06.21,2026.06.20,False,OK,IS_SURVIVOR_DD,DD_TRADEOFF,"IS net=295482.81 (0.892x), PF=1.932756 (1.033x), DD=26173.80円/26.17380pt (0.817x); baseline net=331176.79, PF=1.871883, DD=32052.72円",0,295482.81,1.9327557024677762,26173.800000000017,26.173800000000018,466,0.01|0.02,0.01|0.02,True,False,0,False,0,False,0,True,"{""GoldDDSCAWeekMask"":60}",gdda_is_gdd30_06_20260815125101_7817c5_deals.csv,ml\gold_dd\configs\gdda_is_gdd30_06_20260815125101_7817c5.yaml,2026-08-15T03:51:01+00:00,2026-08-15T03:52:07+00:00,65.420,
60260f5f07be4096a8b4de15538c6dc7,gdda_oos_gdd30_06_20260815125207_60260f,GDD30_06,GDD30_06,sca_weekday,(2)軽微なコード変更,OOS,GOLD2,2016.06.21,2021.06.20,False,OK,OOS_REJECT,OUT_OF_GATE,"OOS net=34169.52 (0.569x), PF=1.262953 (0.905x), DD=18218.81円/18.21881pt (1.320x); baseline net=60050.52, PF=1.396192, DD=13806.08円",0,34169.520000000004,1.2629532255279223,18218.810000000027,18.218810000000026,502,0.01|0.02,0.01|0.02,True,False,0,False,0,False,0,True,"{""GoldDDSCAWeekMask"":60}",gdda_oos_gdd30_06_20260815125207_60260f_deals.csv,ml\gold_dd\configs\gdda_oos_gdd30_06_20260815125207_60260f.yaml,2026-08-15T03:52:07+00:00,2026-08-15T03:52:52+00:00,45.422,
1bd22ee8648743ba91bc5e0b7dd100ed,gdda_is_gdd30_07_20260815125252_1bd22e,GDD30_07,GDD30_07,sca_weekday,(2)軽微なコード変更,IS,GOLD2,2021.06.21,2026.06.20,False,OK,IS_SURVIVOR_DD,DD_TRADEOFF,"IS net=268585.14 (0.811x), PF=1.831380 (0.978x), DD=32052.72円/32.05272pt (1.000x); baseline net=331176.79, PF=1.871883, DD=32052.72円",0,268585.14,1.8313799724094106,32052.719999999972,32.05271999999997,484,0.01|0.02,0.01|0.02,True,False,0,False,0,False,0,True,"{""GoldDDSCAWeekMask"":58}",gdda_is_gdd30_07_20260815125252_1bd22e_deals.csv,ml\gold_dd\configs\gdda_is_gdd30_07_20260815125252_1bd22e.yaml,2026-08-15T03:52:52+00:00,2026-08-15T03:53:57+00:00,65.418,
95fdb9e6312e4fedaae5c0f8b2b05a4e,gdda_oos_gdd30_07_20260815125357_95fdb9,GDD30_07,GDD30_07,sca_weekday,(2)軽微なコード変更,OOS,GOLD2,2016.06.21,2021.06.20,False,OK,OOS_REJECT,OUT_OF_GATE,"OOS net=43023.77 (0.716x), PF=1.343361 (0.962x), DD=17588.93円/17.58893pt (1.274x); baseline net=60050.52, PF=1.396192, DD=13806.08円",0,43023.770000000004,1.3433608748151467,17588.930000000022,17.588930000000023,496,0.01|0.02,0.01|0.02,True,False,0,False,0,False,0,True,"{""GoldDDSCAWeekMask"":58}",gdda_oos_gdd30_07_20260815125357_95fdb9_deals.csv,ml\gold_dd\configs\gdda_oos_gdd30_07_20260815125357_95fdb9.yaml,2026-08-15T03:53:57+00:00,2026-08-15T03:54:43+00:00,45.425,
59c3ed9063a44c5f9a60e22d731b651d,gdda_is_gdd30_08_20260815125443_59c3ed,GDD30_08,GDD30_08,sca_weekday,(2)軽微なコード変更,IS,GOLD2,2021.06.21,2026.06.20,False,OK,IS_SURVIVOR_DD,DD_TRADEOFF,"IS net=307287.40 (0.928x), PF=1.901187 (1.016x), DD=32052.72円/32.05272pt (1.000x); baseline net=331176.79, PF=1.871883, DD=32052.72円",0,307287.39999999997,1.901187340276837,32052.719999999972,32.05271999999997,516,0.01|0.02,0.01|0.02,True,False,0,False,0,False,0,True,"{""GoldDDSCAWeekMask"":54}",gdda_is_gdd30_08_20260815125443_59c3ed_deals.csv,ml\gold_dd\configs\gdda_is_gdd30_08_20260815125443_59c3ed.yaml,2026-08-15T03:54:43+00:00,2026-08-15T03:55:48+00:00,65.435,
9791d058d03e4f70bc2e92a294663ae6,gdda_oos_gdd30_08_20260815125548_9791d0,GDD30_08,GDD30_08,sca_weekday,(2)軽微なコード変更,OOS,GOLD2,2016.06.21,2021.06.20,False,OK,OOS_PASS,DD_OR_STRICT,"OOS net=74833.35 (1.246x), PF=1.632655 (1.169x), DD=11612.23円/11.61223pt (0.841x); baseline net=60050.52, PF=1.396192, DD=13806.08円",0,74833.35,1.6326549470252347,11612.229999999981,11.61222999999998,516,0.01|0.02,0.01|0.02,True,False,0,False,0,False,0,True,"{""GoldDDSCAWeekMask"":54}",gdda_oos_gdd30_08_20260815125548_9791d0_deals.csv,ml\gold_dd\configs\gdda_oos_gdd30_08_20260815125548_9791d0.yaml,2026-08-15T03:55:48+00:00,2026-08-15T03:56:34+00:00,45.433,
680fe8172ad14a64850cdae35872a97c,gdda_xm5_gdd30_08_20260815125634_680fe8,GDD30_08,GDD30_08,sca_weekday,(2)軽微なコード変更,XM5,XM5,2016.11.09,2026.06.20,True,OK,XM5_PASS,DD_OR_STRICT,"XM5 net=530698.28 (0.986x), PF=1.947745 (1.051x), DD=32052.72円/32.05272pt (0.899x); baseline net=538302.83, PF=1.853047, DD=35671.78円",0,530698.28,1.947745040792368,32052.72000000003,32.05272000000003,1296,0.01|0.02|0.05,0.01|0.02|0.05,True,True,88,True,84,True,124,True,"{""GoldDDSCAWeekMask"":54}",gdda_xm5_gdd30_08_20260815125634_680fe8_deals.csv,ml\gold_dd\configs\gdda_xm5_gdd30_08_20260815125634_680fe8.yaml,2026-08-15T03:56:34+00:00,2026-08-15T04:05:09+00:00,515.453,
6e3a961ee5a14dbf9a6319297812ff3f,gdda_is_gdd30_09_20260815130509_6e3a96,GDD30_09,GDD30_09,sca_weekday,(2)軽微なコード変更,IS,GOLD2,2021.06.21,2026.06.20,False,OK,IS_SURVIVOR_DD,DD_TRADEOFF,"IS net=279633.88 (0.844x), PF=1.888347 (1.009x), DD=32052.72円/32.05272pt (1.000x); baseline net=331176.79, PF=1.871883, DD=32052.72円",0,279633.88,1.8883470078039581,32052.719999999972,32.05271999999997,482,0.01|0.02,0.01|0.02,True,False,0,False,0,False,0,True,"{""GoldDDSCAWeekMask"":46}",gdda_is_gdd30_09_20260815130509_6e3a96_deals.csv,ml\gold_dd\configs\gdda_is_gdd30_09_20260815130509_6e3a96.yaml,2026-08-15T04:05:09+00:00,2026-08-15T04:11:38+00:00,389.096,
5d2023e38a1b4f7ab1f848cfbdac275a,gdda_oos_gdd30_09_20260815131138_5d2023,GDD30_09,GDD30_09,sca_weekday,(2)軽微なコード変更,OOS,GOLD2,2016.06.21,2021.06.20,False,OK,OOS_REJECT,OUT_OF_GATE,"OOS net=36576.56 (0.609x), PF=1.285548 (0.921x), DD=18501.39円/18.50139pt (1.340x); baseline net=60050.52, PF=1.396192, DD=13806.08円",0,36576.560000000005,1.2855475537991194,18501.39000000003,18.50139000000003,490,0.01|0.02,0.01|0.02,True,False,0,False,0,False,0,True,"{""GoldDDSCAWeekMask"":46}",gdda_oos_gdd30_09_20260815131138_5d2023_deals.csv,ml\gold_dd\configs\gdda_oos_gdd30_09_20260815131138_5d2023.yaml,2026-08-15T04:11:38+00:00,2026-08-15T04:12:24+00:00,45.471,
9d70f98c0063423f96f779e19d92fb1f,gdda_is_gdd30_10_20260815131224_9d70f9,GDD30_10,GDD30_10,sca_weekday,(2)軽微なコード変更,IS,GOLD2,2021.06.21,2026.06.20,False,OK,IS_REJECT,PROFIT_LOSS,"IS net=232891.16 (0.703x), PF=1.895724 (1.013x), DD=28555.83円/28.55583pt (0.891x); baseline net=331176.79, PF=1.871883, DD=32052.72円",0,232891.16,1.8957243787238731,28555.829999999987,28.555829999999986,342,0.01|0.02,0.01|0.02,True,False,0,False,0,False,0,True,"{""GoldDDSCAWeekMask"":57}",gdda_is_gdd30_10_20260815131224_9d70f9_deals.csv,ml\gold_dd\configs\gdda_is_gdd30_10_20260815131224_9d70f9.yaml,2026-08-15T04:12:24+00:00,2026-08-15T04:13:29+00:00,65.419,
37818a89ba2749da9e495cd8090c7eb9,gdda_is_gdd30_11_20260815131329_37818a,GDD30_11,GDD30_11,sca_weekday,(2)軽微なコード変更,IS,GOLD2,2021.06.21,2026.06.20,False,OK,IS_SURVIVOR_DD,DD_TRADEOFF,"IS net=271593.42 (0.820x), PF=1.977221 (1.056x), DD=21133.83円/21.13383pt (0.659x); baseline net=331176.79, PF=1.871883, DD=32052.72円",0,271593.42,1.9772207772245336,21133.83000000003,21.13383000000003,374,0.01|0.02,0.01|0.02,True,False,0,False,0,False,0,True,"{""GoldDDSCAWeekMask"":53}",gdda_is_gdd30_11_20260815131329_37818a_deals.csv,ml\gold_dd\configs\gdda_is_gdd30_11_20260815131329_37818a.yaml,2026-08-15T04:13:29+00:00,2026-08-15T04:14:35+00:00,65.417,
7e2de49df53e43d7997f4e670c89f040,gdda_oos_gdd30_11_20260815131435_7e2de4,GDD30_11,GDD30_11,sca_weekday,(2)軽微なコード変更,OOS,GOLD2,2016.06.21,2021.06.20,False,OK,OOS_PASS,DD_OR_STRICT,"OOS net=48952.35 (0.815x), PF=1.506435 (1.079x), DD=11322.81円/11.32281pt (0.820x); baseline net=60050.52, PF=1.396192, DD=13806.08円",0,48952.35,1.5064347227669395,11322.809999999983,11.322809999999983,384,0.01|0.02,0.01|0.02,True,False,0,False,0,False,0,True,"{""GoldDDSCAWeekMask"":53}",gdda_oos_gdd30_11_20260815131435_7e2de4_deals.csv,ml\gold_dd\configs\gdda_oos_gdd30_11_20260815131435_7e2de4.yaml,2026-08-15T04:14:35+00:00,2026-08-15T04:15:20+00:00,45.414,
90e68318cf2e49a5a8be3f66b69063a7,gdda_xm5_gdd30_11_20260815131520_90e683,GDD30_11,GDD30_11,sca_weekday,(2)軽微なコード変更,XM5,XM5,2016.11.09,2026.06.20,True,OK,XM5_PASS,DD_OR_STRICT,"XM5 net=469505.97 (0.872x), PF=1.987854 (1.073x), DD=33696.61円/33.69661pt (0.945x); baseline net=538302.83, PF=1.853047, DD=35671.78円",0,469505.97,1.987853927571008,33696.6099999999,33.6966099999999,1026,0.01|0.02|0.05,0.01|0.02|0.05,True,True,88,True,84,True,124,True,"{""GoldDDSCAWeekMask"":53}",gdda_xm5_gdd30_11_20260815131520_90e683_deals.csv,ml\gold_dd\configs\gdda_xm5_gdd30_11_20260815131520_90e683.yaml,2026-08-15T04:15:20+00:00,2026-08-15T04:23:41+00:00,500.465,
5b48e0bc1a034c0cbf988a3376281c09,gdda_is_gdd30_12_20260815132341_5b48e0,GDD30_12,GDD30_12,sca_weekday,(2)軽微なコード変更,IS,GOLD2,2021.06.21,2026.06.20,False,OK,IS_SURVIVOR_TRADEOFF,TRADEOFF,"IS net=243939.90 (0.737x), PF=1.969078 (1.052x), DD=19072.38円/19.07238pt (0.595x); baseline net=331176.79, PF=1.871883, DD=32052.72円",0,243939.9,1.9690778855056692,19072.380000000005,19.072380000000006,340,0.01|0.02,0.01|0.02,True,False,0,False,0,False,0,True,"{""GoldDDSCAWeekMask"":45}",gdda_is_gdd30_12_20260815132341_5b48e0_deals.csv,ml\gold_dd\configs\gdda_is_gdd30_12_20260815132341_5b48e0.yaml,2026-08-15T04:23:41+00:00,2026-08-15T04:24:46+00:00,65.493,
d3f543159a174ec5aa7c1467bece8dc1,gdda_oos_gdd30_12_20260815132446_d3f543,GDD30_12,GDD30_12,sca_weekday,(2)軽微なコード変更,OOS,GOLD2,2016.06.21,2021.06.20,False,OK,OOS_REJECT,OUT_OF_GATE,"OOS net=10695.56 (0.178x), PF=1.100457 (0.788x), DD=26149.70円/26.14970pt (1.894x); baseline net=60050.52, PF=1.396192, DD=13806.08円",0,10695.560000000001,1.1004572042782104,26149.70000000004,26.149700000000042,358,0.01|0.02,0.01|0.02,True,False,0,False,0,False,0,True,"{""GoldDDSCAWeekMask"":45}",gdda_oos_gdd30_12_20260815132446_d3f543_deals.csv,ml\gold_dd\configs\gdda_oos_gdd30_12_20260815132446_d3f543.yaml,2026-08-15T04:24:46+00:00,2026-08-15T04:25:32+00:00,45.451,
ffdf5d92c2b94e9681844f29920a0c29,gdda_is_gdd30_13_20260815132532_ffdf5d,GDD30_13,GDD30_13,sca_weekday,(2)軽微なコード変更,IS,GOLD2,2021.06.21,2026.06.20,False,OK,IS_REJECT,PROFIT_LOSS,"IS net=244695.75 (0.739x), PF=1.861002 (0.994x), DD=32052.72円/32.05272pt (1.000x); baseline net=331176.79, PF=1.871883, DD=32052.72円",0,244695.75,1.8610015370569426,32052.719999999972,32.05271999999997,392,0.01|0.02,0.01|0.02,True,False,0,False,0,False,0,True,"{""GoldDDSCAWeekMask"":51}",gdda_is_gdd30_13_20260815132532_ffdf5d_deals.csv,ml\gold_dd\configs\gdda_is_gdd30_13_20260815132532_ffdf5d.yaml,2026-08-15T04:25:32+00:00,2026-08-15T04:26:37+00:00,65.417,
81e57352e32b463c93bd7e66dc6fbd97,gdda_is_gdd30_14_20260815132637_81e573,GDD30_14,GDD30_14,sca_weekday,(2)軽微なコード変更,IS,GOLD2,2021.06.21,2026.06.20,False,OK,IS_REJECT,DOMINATED,"IS net=217042.23 (0.655x), PF=1.841254 (0.984x), DD=32218.78円/32.21878pt (1.005x); baseline net=331176.79, PF=1.871883, DD=32052.72円",0,217042.22999999998,1.8412542357824107,32218.77999999997,32.21877999999997,358,0.01|0.02,0.01|0.02,True,False,0,False,0,False,0,True,"{""GoldDDSCAWeekMask"":43}",gdda_is_gdd30_14_20260815132637_81e573_deals.csv,ml\gold_dd\configs\gdda_is_gdd30_14_20260815132637_81e573.yaml,2026-08-15T04:26:37+00:00,2026-08-15T04:27:43+00:00,65.426,
402f7171887c4c40987fcb34c447fb67,gdda_is_gdd30_15_20260815132743_402f71,GDD30_15,GDD30_15,sca_weekday,(2)軽微なコード変更,IS,GOLD2,2021.06.21,2026.06.20,False,OK,IS_SURVIVOR_TRADEOFF,TRADEOFF,"IS net=255744.49 (0.772x), PF=1.926881 (1.029x), DD=32052.72円/32.05272pt (1.000x); baseline net=331176.79, PF=1.871883, DD=32052.72円",0,255744.49,1.926880643288959,32052.719999999972,32.05271999999997,390,0.01|0.02,0.01|0.02,True,False,0,False,0,False,0,True,"{""GoldDDSCAWeekMask"":39}",gdda_is_gdd30_15_20260815132743_402f71_deals.csv,ml\gold_dd\configs\gdda_is_gdd30_15_20260815132743_402f71.yaml,2026-08-15T04:27:43+00:00,2026-08-15T04:28:48+00:00,65.466,
2f9ffb63d0a84100b900ed4f0b2c68cc,gdda_oos_gdd30_15_20260815132848_2f9ffb,GDD30_15,GDD30_15,sca_weekday,(2)軽微なコード変更,OOS,GOLD2,2016.06.21,2021.06.20,False,OK,OOS_PASS,DD_OR_STRICT,"OOS net=51359.39 (0.855x), PF=1.541719 (1.104x), DD=11325.46円/11.32546pt (0.820x); baseline net=60050.52, PF=1.396192, DD=13806.08円",0,51359.39,1.5417188597610756,11325.460000000006,11.325460000000007,372,0.01|0.02,0.01|0.02,True,False,0,False,0,False,0,True,"{""GoldDDSCAWeekMask"":39}",gdda_oos_gdd30_15_20260815132848_2f9ffb_deals.csv,ml\gold_dd\configs\gdda_oos_gdd30_15_20260815132848_2f9ffb.yaml,2026-08-15T04:28:48+00:00,2026-08-15T04:29:34+00:00,45.422,
ba766ad823494372b81fc163bb9039ea,gdda_xm5_gdd30_15_20260815132934_ba766a,GDD30_15,GDD30_15,sca_weekday,(2)軽微なコード変更,XM5,XM5,2016.11.09,2026.06.20,True,OK,XM5_PASS,DD_OR_STRICT,"XM5 net=451166.57 (0.838x), PF=1.947561 (1.051x), DD=32052.72円/32.05272pt (0.899x); baseline net=538302.83, PF=1.853047, DD=35671.78円",0,451166.57,1.9475609241024958,32052.719999999972,32.05271999999997,1038,0.01|0.02|0.05,0.01|0.02|0.05,True,True,88,True,84,True,124,True,"{""GoldDDSCAWeekMask"":39}",gdda_xm5_gdd30_15_20260815132934_ba766a_deals.csv,ml\gold_dd\configs\gdda_xm5_gdd30_15_20260815132934_ba766a.yaml,2026-08-15T04:29:34+00:00,2026-08-15T04:38:34+00:00,540.457,
82ffeab595f446e7a9d4f3b704ee8fea,gdda_is_gdd30_16_20260815133834_82ffea,GDD30_16,GDD30_16,sca_weekday,(2)軽微なコード変更,IS,GOLD2,2021.06.21,2026.06.20,False,OK,IS_REJECT,BASELINE_EQUIVALENT,"IS net=331176.79 (1.000x), PF=1.871883 (1.000x), DD=32052.72円/32.05272pt (1.000x); baseline net=331176.79, PF=1.871883, DD=32052.72円",0,331176.79,1.8718825447675405,32052.719999999972,32.05271999999997,608,0.01|0.02,0.01|0.02,True,False,0,False,0,False,0,True,"{""GoldDDSCAWeekMask"":30}",gdda_is_gdd30_16_20260815133834_82ffea_deals.csv,ml\gold_dd\configs\gdda_is_gdd30_16_20260815133834_82ffea.yaml,2026-08-15T04:38:34+00:00,2026-08-15T04:45:07+00:00,393.116,
20202f09da0d4376a250aefbefd5ac33,gdda_is_gdd30_17_20260815134507_20202f,GDD30_17,GDD30_17,sca_weekday,(2)軽微なコード変更,IS,GOLD2,2021.06.21,2026.06.20,False,OK,IS_SURVIVOR_DD,DD_TRADEOFF,"IS net=295482.81 (0.892x), PF=1.932756 (1.033x), DD=26173.80円/26.17380pt (0.817x); baseline net=331176.79, PF=1.871883, DD=32052.72円",0,295482.81,1.9327557024677762,26173.800000000017,26.173800000000018,466,0.01|0.02,0.01|0.02,True,False,0,False,0,False,0,True,"{""GoldDDSCAWeekMask"":29}",gdda_is_gdd30_17_20260815134507_20202f_deals.csv,ml\gold_dd\configs\gdda_is_gdd30_17_20260815134507_20202f.yaml,2026-08-15T04:45:07+00:00,2026-08-15T04:46:13+00:00,65.373,
63e9e4c5797546af98325a3bec80f651,gdda_oos_gdd30_17_20260815134613_63e9e4,GDD30_17,GDD30_17,sca_weekday,(2)軽微なコード変更,OOS,GOLD2,2016.06.21,2021.06.20,False,OK,OOS_REJECT,OUT_OF_GATE,"OOS net=34169.52 (0.569x), PF=1.262953 (0.905x), DD=18218.81円/18.21881pt (1.320x); baseline net=60050.52, PF=1.396192, DD=13806.08円",0,34169.520000000004,1.2629532255279223,18218.810000000027,18.218810000000026,502,0.01|0.02,0.01|0.02,True,False,0,False,0,False,0,True,"{""GoldDDSCAWeekMask"":29}",gdda_oos_gdd30_17_20260815134613_63e9e4_deals.csv,ml\gold_dd\configs\gdda_oos_gdd30_17_20260815134613_63e9e4.yaml,2026-08-15T04:46:13+00:00,2026-08-15T04:46:58+00:00,45.382,
ad2c051cbd304692a7128e4cd978507e,gdda_is_gdd30_18_20260815134658_ad2c05,GDD30_18,GDD30_18,sca_weekday,(2)軽微なコード変更,IS,GOLD2,2021.06.21,2026.06.20,False,OK,IS_SURVIVOR_DD,DD_TRADEOFF,"IS net=268585.14 (0.811x), PF=1.831380 (0.978x), DD=32052.72円/32.05272pt (1.000x); baseline net=331176.79, PF=1.871883, DD=32052.72円",0,268585.14,1.8313799724094106,32052.719999999972,32.05271999999997,484,0.01|0.02,0.01|0.02,True,False,0,False,0,False,0,True,"{""GoldDDSCAWeekMask"":27}",gdda_is_gdd30_18_20260815134658_ad2c05_deals.csv,ml\gold_dd\configs\gdda_is_gdd30_18_20260815134658_ad2c05.yaml,2026-08-15T04:46:58+00:00,2026-08-15T04:48:03+00:00,65.400,
4b33f51dfc02472d8b36a0fcf0b026bf,gdda_oos_gdd30_18_20260815134804_4b33f5,GDD30_18,GDD30_18,sca_weekday,(2)軽微なコード変更,OOS,GOLD2,2016.06.21,2021.06.20,False,OK,OOS_REJECT,OUT_OF_GATE,"OOS net=43023.77 (0.716x), PF=1.343361 (0.962x), DD=17588.93円/17.58893pt (1.274x); baseline net=60050.52, PF=1.396192, DD=13806.08円",0,43023.770000000004,1.3433608748151467,17588.930000000022,17.588930000000023,496,0.01|0.02,0.01|0.02,True,False,0,False,0,False,0,True,"{""GoldDDSCAWeekMask"":27}",gdda_oos_gdd30_18_20260815134804_4b33f5_deals.csv,ml\gold_dd\configs\gdda_oos_gdd30_18_20260815134804_4b33f5.yaml,2026-08-15T04:48:04+00:00,2026-08-15T04:48:49+00:00,45.398,
660dc2e0abdd4f089845968a2e49f3b7,gdda_is_gdd30_19_20260815134849_660dc2,GDD30_19,GDD30_19,sca_weekday,(2)軽微なコード変更,IS,GOLD2,2021.06.21,2026.06.20,False,OK,IS_SURVIVOR_DD,DD_TRADEOFF,"IS net=307287.40 (0.928x), PF=1.901187 (1.016x), DD=32052.72円/32.05272pt (1.000x); baseline net=331176.79, PF=1.871883, DD=32052.72円",0,307287.39999999997,1.901187340276837,32052.719999999972,32.05271999999997,516,0.01|0.02,0.01|0.02,True,False,0,False,0,False,0,True,"{""GoldDDSCAWeekMask"":23}",gdda_is_gdd30_19_20260815134849_660dc2_deals.csv,ml\gold_dd\configs\gdda_is_gdd30_19_20260815134849_660dc2.yaml,2026-08-15T04:48:49+00:00,2026-08-15T04:49:54+00:00,65.398,
290faea80f2c490faa061491ebaf6bd9,gdda_oos_gdd30_19_20260815134954_290fae,GDD30_19,GDD30_19,sca_weekday,(2)軽微なコード変更,OOS,GOLD2,2016.06.21,2021.06.20,False,OK,OOS_PASS,DD_OR_STRICT,"OOS net=74833.35 (1.246x), PF=1.632655 (1.169x), DD=11612.23円/11.61223pt (0.841x); baseline net=60050.52, PF=1.396192, DD=13806.08円",0,74833.35,1.6326549470252347,11612.229999999981,11.61222999999998,516,0.01|0.02,0.01|0.02,True,False,0,False,0,False,0,True,"{""GoldDDSCAWeekMask"":23}",gdda_oos_gdd30_19_20260815134954_290fae_deals.csv,ml\gold_dd\configs\gdda_oos_gdd30_19_20260815134954_290fae.yaml,2026-08-15T04:49:54+00:00,2026-08-15T04:50:40+00:00,45.387,
c08a9a5eea1a4e8db0dc29c6681c1064,gdda_xm5_gdd30_19_20260815135040_c08a9a,GDD30_19,GDD30_19,sca_weekday,(2)軽微なコード変更,XM5,XM5,2016.11.09,2026.06.20,True,OK,XM5_PASS,DD_OR_STRICT,"XM5 net=530698.28 (0.986x), PF=1.947745 (1.051x), DD=32052.72円/32.05272pt (0.899x); baseline net=538302.83, PF=1.853047, DD=35671.78円",0,530698.28,1.947745040792368,32052.72000000003,32.05272000000003,1296,0.01|0.02|0.05,0.01|0.02|0.05,True,True,88,True,84,True,124,True,"{""GoldDDSCAWeekMask"":23}",gdda_xm5_gdd30_19_20260815135040_c08a9a_deals.csv,ml\gold_dd\configs\gdda_xm5_gdd30_19_20260815135040_c08a9a.yaml,2026-08-15T04:50:40+00:00,2026-08-15T04:58:20+00:00,460.418,
405d0fdc89fd48e89e2f0314d86ca929,gdda_is_gdd30_20_20260815135820_405d0f,GDD30_20,GDD30_20,sca_weekday,(2)軽微なコード変更,IS,GOLD2,2021.06.21,2026.06.20,False,OK,IS_SURVIVOR_DD,DD_TRADEOFF,"IS net=279633.88 (0.844x), PF=1.888347 (1.009x), DD=32052.72円/32.05272pt (1.000x); baseline net=331176.79, PF=1.871883, DD=32052.72円",0,279633.88,1.8883470078039581,32052.719999999972,32.05271999999997,482,0.01|0.02,0.01|0.02,True,False,0,False,0,False,0,True,"{""GoldDDSCAWeekMask"":15}",gdda_is_gdd30_20_20260815135820_405d0f_deals.csv,ml\gold_dd\configs\gdda_is_gdd30_20_20260815135820_405d0f.yaml,2026-08-15T04:58:20+00:00,2026-08-15T05:04:48+00:00,387.809,
93e8960e125045caab39f976230a9ee9,gdda_oos_gdd30_20_20260815140448_93e896,GDD30_20,GDD30_20,sca_weekday,(2)軽微なコード変更,OOS,GOLD2,2016.06.21,2021.06.20,False,OK,OOS_REJECT,OUT_OF_GATE,"OOS net=36576.56 (0.609x), PF=1.285548 (0.921x), DD=18501.39円/18.50139pt (1.340x); baseline net=60050.52, PF=1.396192, DD=13806.08円",0,36576.560000000005,1.2855475537991194,18501.39000000003,18.50139000000003,490,0.01|0.02,0.01|0.02,True,False,0,False,0,False,0,True,"{""GoldDDSCAWeekMask"":15}",gdda_oos_gdd30_20_20260815140448_93e896_deals.csv,ml\gold_dd\configs\gdda_oos_gdd30_20_20260815140448_93e896.yaml,2026-08-15T05:04:48+00:00,2026-08-15T05:05:33+00:00,45.375,
65e769b31ce146dfadf9ff8f81e74ca3,gdda_is_gdd31_01_20260815140533_65e769,GDD31_01,GDD31_01,pb_weekday,(2)軽微なコード変更,IS,GOLD2,2021.06.21,2026.06.20,False,OK,IS_REJECT,BASELINE_EQUIVALENT,"IS net=331176.79 (1.000x), PF=1.871883 (1.000x), DD=32052.72円/32.05272pt (1.000x); baseline net=331176.79, PF=1.871883, DD=32052.72円",0,331176.79,1.8718825447675405,32052.719999999972,32.05271999999997,608,0.01|0.02,0.01|0.02,True,False,0,False,0,False,0,True,"{""GoldDDPBWeekMask"":62}",gdda_is_gdd31_01_20260815140533_65e769_deals.csv,ml\gold_dd\configs\gdda_is_gdd31_01_20260815140533_65e769.yaml,2026-08-15T05:05:33+00:00,2026-08-15T05:06:39+00:00,65.391,
f09af2c3be7b4a3b9f35c4d059194faa,gdda_is_gdd31_02_20260815140639_f09af2,GDD31_02,GDD31_02,pb_weekday,(2)軽微なコード変更,IS,GOLD2,2021.06.21,2026.06.20,False,OK,IS_SURVIVOR_STRICT,STRICT,"IS net=355812.33 (1.074x), PF=2.061141 (1.101x), DD=21922.61円/21.92261pt (0.684x); baseline net=331176.79, PF=1.871883, DD=32052.72円",0,355812.33,2.0611411440894143,21922.610000000015,21.922610000000017,596,0.01|0.02,0.01|0.02,True,False,0,False,0,False,0,True,"{""GoldDDPBWeekMask"":61}",gdda_is_gdd31_02_20260815140639_f09af2_deals.csv,ml\gold_dd\configs\gdda_is_gdd31_02_20260815140639_f09af2.yaml,2026-08-15T05:06:39+00:00,2026-08-15T05:07:44+00:00,65.387,
85850c2c4e494ee2ba24b98d2a1f70a6,gdda_oos_gdd31_02_20260815140744_85850c,GDD31_02,GDD31_02,pb_weekday,(2)軽微なコード変更,OOS,GOLD2,2016.06.21,2021.06.20,False,OK,OOS_PASS,DD_OR_STRICT,"OOS net=56899.03 (0.948x), PF=1.382802 (0.990x), DD=12380.96円/12.38096pt (0.897x); baseline net=60050.52, PF=1.396192, DD=13806.08円",0,56899.03,1.3828022002419298,12380.960000000006,12.380960000000007,626,0.01|0.02,0.01|0.02,True,False,0,False,0,False,0,True,"{""GoldDDPBWeekMask"":61}",gdda_oos_gdd31_02_20260815140744_85850c_deals.csv,ml\gold_dd\configs\gdda_oos_gdd31_02_20260815140744_85850c.yaml,2026-08-15T05:07:44+00:00,2026-08-15T05:08:30+00:00,45.397,
13eaebcdae3e4863a49483ab11284991,gdda_xm5_gdd31_02_20260815140830_13eaeb,GDD31_02,GDD31_02,pb_weekday,(2)軽微なコード変更,XM5,XM5,2016.11.09,2026.06.20,True,OK,XM5_PASS,DD_OR_STRICT,"XM5 net=559786.88 (1.040x), PF=1.959238 (1.057x), DD=31420.59円/31.42059pt (0.881x); baseline net=538302.83, PF=1.853047, DD=35671.78円",0,559786.88,1.9592378284423424,31420.589999999967,31.42058999999997,1474,0.01|0.02|0.05,0.01|0.02|0.05,True,True,88,True,84,True,124,True,"{""GoldDDPBWeekMask"":61}",gdda_xm5_gdd31_02_20260815140830_13eaeb_deals.csv,ml\gold_dd\configs\gdda_xm5_gdd31_02_20260815140830_13eaeb.yaml,2026-08-15T05:08:30+00:00,2026-08-15T05:16:00+00:00,450.412,
52462943058646cca028e7df189ca69c,gdda_is_gdd31_03_20260815141600_524629,GDD31_03,GDD31_03,pb_weekday,(2)軽微なコード変更,IS,GOLD2,2021.06.21,2026.06.20,False,OK,IS_SURVIVOR_DD,DD_TRADEOFF,"IS net=288424.65 (0.871x), PF=1.768720 (0.945x), DD=32052.72円/32.05272pt (1.000x); baseline net=331176.79, PF=1.871883, DD=32052.72円",0,288424.64999999997,1.768719853678526,32052.719999999972,32.05271999999997,594,0.01|0.02,0.01|0.02,True,False,0,False,0,False,0,True,"{""GoldDDPBWeekMask"":59}",gdda_is_gdd31_03_20260815141600_524629_deals.csv,ml\gold_dd\configs\gdda_is_gdd31_03_20260815141600_524629.yaml,2026-08-15T05:16:00+00:00,2026-08-15T05:22:28+00:00,387.709,
64f267b672f84d1f9735509d12f7d5eb,gdda_oos_gdd31_03_20260815142228_64f267,GDD31_03,GDD31_03,pb_weekday,(2)軽微なコード変更,OOS,GOLD2,2016.06.21,2021.06.20,False,OK,OOS_PASS,DD_OR_STRICT,"OOS net=55841.68 (0.930x), PF=1.370649 (0.982x), DD=11185.80円/11.18580pt (0.810x); baseline net=60050.52, PF=1.396192, DD=13806.08円",0,55841.68,1.370648545082291,11185.800000000032,11.185800000000032,630,0.01|0.02,0.01|0.02,True,False,0,False,0,False,0,True,"{""GoldDDPBWeekMask"":59}",gdda_oos_gdd31_03_20260815142228_64f267_deals.csv,ml\gold_dd\configs\gdda_oos_gdd31_03_20260815142228_64f267.yaml,2026-08-15T05:22:28+00:00,2026-08-15T05:23:13+00:00,45.436,
b0947c1b560841bd946bb60e39e4a362,gdda_xm5_gdd31_03_20260815142313_b0947c,GDD31_03,GDD31_03,pb_weekday,(2)軽微なコード変更,XM5,XM5,2016.11.09,2026.06.20,True,OK,XM5_PASS,DD_OR_STRICT,"XM5 net=491341.85 (0.913x), PF=1.785536 (0.964x), DD=35671.78円/35.67178pt (1.000x); baseline net=538302.83, PF=1.853047, DD=35671.78円",0,491341.85,1.7855360643135043,35671.77999999997,35.67177999999997,1476,0.01|0.02|0.05,0.01|0.02|0.05,True,True,88,True,84,True,124,True,"{""GoldDDPBWeekMask"":59}",gdda_xm5_gdd31_03_20260815142313_b0947c_deals.csv,ml\gold_dd\configs\gdda_xm5_gdd31_03_20260815142313_b0947c.yaml,2026-08-15T05:23:13+00:00,2026-08-15T05:30:44+00:00,450.393,
5f7f5a0482b84b139e77ada08b2568db,gdda_is_gdd31_04_20260815143044_5f7f5a,GDD31_04,GDD31_04,pb_weekday,(2)軽微なコード変更,IS,GOLD2,2021.06.21,2026.06.20,False,OK,IS_SURVIVOR_STRICT,STRICT,"IS net=335915.95 (1.014x), PF=2.003827 (1.070x), DD=19566.11円/19.56611pt (0.610x); baseline net=331176.79, PF=1.871883, DD=32052.72円",0,335915.95,2.003826732133741,19566.110000000015,19.566110000000016,586,0.01|0.02,0.01|0.02,True,False,0,False,0,False,0,True,"{""GoldDDPBWeekMask"":55}",gdda_is_gdd31_04_20260815143044_5f7f5a_deals.csv,ml\gold_dd\configs\gdda_is_gdd31_04_20260815143044_5f7f5a.yaml,2026-08-15T05:30:44+00:00,2026-08-15T05:37:11+00:00,387.643,
93b4d6d919c44e1395d938f9bdd2a07a,gdda_oos_gdd31_04_20260815143711_93b4d6,GDD31_04,GDD31_04,pb_weekday,(2)軽微なコード変更,OOS,GOLD2,2016.06.21,2021.06.20,False,OK,OOS_REJECT,OUT_OF_GATE,"OOS net=46624.18 (0.776x), PF=1.310215 (0.938x), DD=15593.20円/15.59320pt (1.129x); baseline net=60050.52, PF=1.396192, DD=13806.08円",0,46624.18,1.3102151091021608,15593.200000000012,15.593200000000012,622,0.01|0.02,0.01|0.02,True,False,0,False,0,False,0,True,"{""GoldDDPBWeekMask"":55}",gdda_oos_gdd31_04_20260815143711_93b4d6_deals.csv,ml\gold_dd\configs\gdda_oos_gdd31_04_20260815143711_93b4d6.yaml,2026-08-15T05:37:11+00:00,2026-08-15T05:37:57+00:00,45.384,
b1f42be098ba4f96a52f6a7aa32af335,gdda_is_gdd31_05_20260815143757_b1f42b,GDD31_05,GDD31_05,pb_weekday,(2)軽微なコード変更,IS,GOLD2,2021.06.21,2026.06.20,False,OK,IS_SURVIVOR_TRADEOFF,TRADEOFF,"IS net=322094.18 (0.973x), PF=1.890635 (1.010x), DD=32243.98円/32.24398pt (1.006x); baseline net=331176.79, PF=1.871883, DD=32052.72円",0,322094.18,1.8906354310577793,32243.980000000025,32.24398000000002,592,0.01|0.02,0.01|0.02,True,False,0,False,0,False,0,True,"{""GoldDDPBWeekMask"":47}",gdda_is_gdd31_05_20260815143757_b1f42b_deals.csv,ml\gold_dd\configs\gdda_is_gdd31_05_20260815143757_b1f42b.yaml,2026-08-15T05:37:57+00:00,2026-08-15T05:39:02+00:00,65.410,
0598f859c6c24522b4daf9c5683d301c,gdda_oos_gdd31_05_20260815143902_0598f8,GDD31_05,GDD31_05,pb_weekday,(2)軽微なコード変更,OOS,GOLD2,2016.06.21,2021.06.20,False,OK,OOS_REJECT,OUT_OF_GATE,"OOS net=61756.82 (1.028x), PF=1.417013 (1.015x), DD=14020.76円/14.02076pt (1.016x); baseline net=60050.52, PF=1.396192, DD=13806.08円",0,61756.82,1.4170128391332684,14020.759999999995,14.020759999999994,628,0.01|0.02,0.01|0.02,True,False,0,False,0,False,0,True,"{""GoldDDPBWeekMask"":47}",gdda_oos_gdd31_05_20260815143902_0598f8_deals.csv,ml\gold_dd\configs\gdda_oos_gdd31_05_20260815143902_0598f8.yaml,2026-08-15T05:39:02+00:00,2026-08-15T05:39:48+00:00,45.378,
b7c79ba773234b6fbd901f7530bc8165,gdda_is_gdd31_06_20260815143948_b7c79b,GDD31_06,GDD31_06,pb_weekday,(2)軽微なコード変更,IS,GOLD2,2021.06.21,2026.06.20,False,OK,IS_SURVIVOR_STRICT,STRICT,"IS net=355812.33 (1.074x), PF=2.061141 (1.101x), DD=21922.61円/21.92261pt (0.684x); baseline net=331176.79, PF=1.871883, DD=32052.72円",0,355812.33,2.0611411440894143,21922.610000000015,21.922610000000017,596,0.01|0.02,0.01|0.02,True,False,0,False,0,False,0,True,"{""GoldDDPBWeekMask"":60}",gdda_is_gdd31_06_20260815143948_b7c79b_deals.csv,ml\gold_dd\configs\gdda_is_gdd31_06_20260815143948_b7c79b.yaml,2026-08-15T05:39:48+00:00,2026-08-15T05:40:53+00:00,65.377,
d6c70f2b10374626a8b021fe05fce014,gdda_oos_gdd31_06_20260815144053_d6c70f,GDD31_06,GDD31_06,pb_weekday,(2)軽微なコード変更,OOS,GOLD2,2016.06.21,2021.06.20,False,OK,OOS_PASS,DD_OR_STRICT,"OOS net=56899.03 (0.948x), PF=1.382802 (0.990x), DD=12380.96円/12.38096pt (0.897x); baseline net=60050.52, PF=1.396192, DD=13806.08円",0,56899.03,1.3828022002419298,12380.960000000006,12.380960000000007,626,0.01|0.02,0.01|0.02,True,False,0,False,0,False,0,True,"{""GoldDDPBWeekMask"":60}",gdda_oos_gdd31_06_20260815144053_d6c70f_deals.csv,ml\gold_dd\configs\gdda_oos_gdd31_06_20260815144053_d6c70f.yaml,2026-08-15T05:40:53+00:00,2026-08-15T05:41:39+00:00,45.367,
7c42bc09580c4352a6e81e37d5137fa9,gdda_xm5_gdd31_06_20260815144139_7c42bc,GDD31_06,GDD31_06,pb_weekday,(2)軽微なコード変更,XM5,XM5,2016.11.09,2026.06.20,True,OK,XM5_PASS,DD_OR_STRICT,"XM5 net=559786.88 (1.040x), PF=1.959238 (1.057x), DD=31420.59円/31.42059pt (0.881x); baseline net=538302.83, PF=1.853047, DD=35671.78円",0,559786.88,1.9592378284423424,31420.589999999967,31.42058999999997,1474,0.01|0.02|0.05,0.01|0.02|0.05,True,True,88,True,84,True,124,True,"{""GoldDDPBWeekMask"":60}",gdda_xm5_gdd31_06_20260815144139_7c42bc_deals.csv,ml\gold_dd\configs\gdda_xm5_gdd31_06_20260815144139_7c42bc.yaml,2026-08-15T05:41:39+00:00,2026-08-15T05:49:09+00:00,450.393,
8bc434ab008d4c30a1c1d7235db8a2df,gdda_is_gdd31_07_20260815144909_8bc434,GDD31_07,GDD31_07,pb_weekday,(2)軽微なコード変更,IS,GOLD2,2021.06.21,2026.06.20,False,OK,IS_SURVIVOR_DD,DD_TRADEOFF,"IS net=288424.65 (0.871x), PF=1.768720 (0.945x), DD=32052.72円/32.05272pt (1.000x); baseline net=331176.79, PF=1.871883, DD=32052.72円",0,288424.64999999997,1.768719853678526,32052.719999999972,32.05271999999997,594,0.01|0.02,0.01|0.02,True,False,0,False,0,False,0,True,"{""GoldDDPBWeekMask"":58}",gdda_is_gdd31_07_20260815144909_8bc434_deals.csv,ml\gold_dd\configs\gdda_is_gdd31_07_20260815144909_8bc434.yaml,2026-08-15T05:49:09+00:00,2026-08-15T05:50:14+00:00,65.443,
fcebd6912d644b26b4f8a7eb765f7417,gdda_oos_gdd31_07_20260815145014_fcebd6,GDD31_07,GDD31_07,pb_weekday,(2)軽微なコード変更,OOS,GOLD2,2016.06.21,2021.06.20,False,OK,OOS_PASS,DD_OR_STRICT,"OOS net=55841.68 (0.930x), PF=1.370649 (0.982x), DD=11185.80円/11.18580pt (0.810x); baseline net=60050.52, PF=1.396192, DD=13806.08円",0,55841.68,1.370648545082291,11185.800000000032,11.185800000000032,630,0.01|0.02,0.01|0.02,True,False,0,False,0,False,0,True,"{""GoldDDPBWeekMask"":58}",gdda_oos_gdd31_07_20260815145014_fcebd6_deals.csv,ml\gold_dd\configs\gdda_oos_gdd31_07_20260815145014_fcebd6.yaml,2026-08-15T05:50:14+00:00,2026-08-15T05:51:00+00:00,45.367,
e5fb909ae3df49b1aaaabebb3cfc8c2d,gdda_xm5_gdd31_07_20260815145100_e5fb90,GDD31_07,GDD31_07,pb_weekday,(2)軽微なコード変更,XM5,XM5,2016.11.09,2026.06.20,True,OK,XM5_PASS,DD_OR_STRICT,"XM5 net=491341.85 (0.913x), PF=1.785536 (0.964x), DD=35671.78円/35.67178pt (1.000x); baseline net=538302.83, PF=1.853047, DD=35671.78円",0,491341.85,1.7855360643135043,35671.77999999997,35.67177999999997,1476,0.01|0.02|0.05,0.01|0.02|0.05,True,True,88,True,84,True,124,True,"{""GoldDDPBWeekMask"":58}",gdda_xm5_gdd31_07_20260815145100_e5fb90_deals.csv,ml\gold_dd\configs\gdda_xm5_gdd31_07_20260815145100_e5fb90.yaml,2026-08-15T05:51:00+00:00,2026-08-15T05:58:30+00:00,450.389,
7ca0be546b764b4dbe235f4ed304db43,gdda_is_gdd31_08_20260815145830_7ca0be,GDD31_08,GDD31_08,pb_weekday,(2)軽微なコード変更,IS,GOLD2,2021.06.21,2026.06.20,False,OK,IS_SURVIVOR_STRICT,STRICT,"IS net=335915.95 (1.014x), PF=2.003827 (1.070x), DD=19566.11円/19.56611pt (0.610x); baseline net=331176.79, PF=1.871883, DD=32052.72円",0,335915.95,2.003826732133741,19566.110000000015,19.566110000000016,586,0.01|0.02,0.01|0.02,True,False,0,False,0,False,0,True,"{""GoldDDPBWeekMask"":54}",gdda_is_gdd31_08_20260815145830_7ca0be_deals.csv,ml\gold_dd\configs\gdda_is_gdd31_08_20260815145830_7ca0be.yaml,2026-08-15T05:58:30+00:00,2026-08-15T06:04:58+00:00,387.470,
4e6c4325aa0f4cec8db76a609f13b0d2,gdda_oos_gdd31_08_20260815150458_4e6c43,GDD31_08,GDD31_08,pb_weekday,(2)軽微なコード変更,OOS,GOLD2,2016.06.21,2021.06.20,False,OK,OOS_REJECT,OUT_OF_GATE,"OOS net=46624.18 (0.776x), PF=1.310215 (0.938x), DD=15593.20円/15.59320pt (1.129x); baseline net=60050.52, PF=1.396192, DD=13806.08円",0,46624.18,1.3102151091021608,15593.200000000012,15.593200000000012,622,0.01|0.02,0.01|0.02,True,False,0,False,0,False,0,True,"{""GoldDDPBWeekMask"":54}",gdda_oos_gdd31_08_20260815150458_4e6c43_deals.csv,ml\gold_dd\configs\gdda_oos_gdd31_08_20260815150458_4e6c43.yaml,2026-08-15T06:04:58+00:00,2026-08-15T06:05:43+00:00,45.380,
012720d675d94ce9984e84edbd493d8c,gdda_is_gdd31_09_20260815150543_012720,GDD31_09,GDD31_09,pb_weekday,(2)軽微なコード変更,IS,GOLD2,2021.06.21,2026.06.20,False,OK,IS_SURVIVOR_TRADEOFF,TRADEOFF,"IS net=322094.18 (0.973x), PF=1.890635 (1.010x), DD=32243.98円/32.24398pt (1.006x); baseline net=331176.79, PF=1.871883, DD=32052.72円",0,322094.18,1.8906354310577793,32243.980000000025,32.24398000000002,592,0.01|0.02,0.01|0.02,True,False,0,False,0,False,0,True,"{""GoldDDPBWeekMask"":46}",gdda_is_gdd31_09_20260815150543_012720_deals.csv,ml\gold_dd\configs\gdda_is_gdd31_09_20260815150543_012720.yaml,2026-08-15T06:05:43+00:00,2026-08-15T06:06:49+00:00,65.409,
c04d2e5d2a8840acaaf40157c35ae81c,gdda_oos_gdd31_09_20260815150649_c04d2e,GDD31_09,GDD31_09,pb_weekday,(2)軽微なコード変更,OOS,GOLD2,2016.06.21,2021.06.20,False,OK,OOS_REJECT,OUT_OF_GATE,"OOS net=61756.82 (1.028x), PF=1.417013 (1.015x), DD=14020.76円/14.02076pt (1.016x); baseline net=60050.52, PF=1.396192, DD=13806.08円",0,61756.82,1.4170128391332684,14020.759999999995,14.020759999999994,628,0.01|0.02,0.01|0.02,True,False,0,False,0,False,0,True,"{""GoldDDPBWeekMask"":46}",gdda_oos_gdd31_09_20260815150649_c04d2e_deals.csv,ml\gold_dd\configs\gdda_oos_gdd31_09_20260815150649_c04d2e.yaml,2026-08-15T06:06:49+00:00,2026-08-15T06:07:34+00:00,45.386,
058ad1e6c4c34ee5a1850e5a1078d0e0,gdda_is_gdd31_10_20260815150734_058ad1,GDD31_10,GDD31_10,pb_weekday,(2)軽微なコード変更,IS,GOLD2,2021.06.21,2026.06.20,False,OK,IS_SURVIVOR_DD,DD_TRADEOFF,"IS net=297254.61 (0.898x), PF=1.912241 (1.022x), DD=26341.35円/26.34135pt (0.822x); baseline net=331176.79, PF=1.871883, DD=32052.72円",0,297254.61,1.9122411254815548,26341.350000000035,26.341350000000034,576,0.01|0.02,0.01|0.02,True,False,0,False,0,False,0,True,"{""GoldDDPBWeekMask"":57}",gdda_is_gdd31_10_20260815150734_058ad1_deals.csv,ml\gold_dd\configs\gdda_is_gdd31_10_20260815150734_058ad1.yaml,2026-08-15T06:07:34+00:00,2026-08-15T06:08:39+00:00,65.367,
32a72df7236d4c32b42d683a3c78e1cf,gdda_oos_gdd31_10_20260815150839_32a72d,GDD31_10,GDD31_10,pb_weekday,(2)軽微なコード変更,OOS,GOLD2,2016.06.21,2021.06.20,False,OK,OOS_PASS,DD_OR_STRICT,"OOS net=53987.45 (0.899x), PF=1.369294 (0.981x), DD=13033.95円/13.03395pt (0.944x); baseline net=60050.52, PF=1.396192, DD=13806.08円",0,53987.450000000004,1.3692941394718632,13033.950000000012,13.033950000000011,620,0.01|0.02,0.01|0.02,True,False,0,False,0,False,0,True,"{""GoldDDPBWeekMask"":57}",gdda_oos_gdd31_10_20260815150839_32a72d_deals.csv,ml\gold_dd\configs\gdda_oos_gdd31_10_20260815150839_32a72d.yaml,2026-08-15T06:08:39+00:00,2026-08-15T06:09:25+00:00,45.388,
34aa52b6cccb43adba64ee22127430cb,gdda_xm5_gdd31_10_20260815150925_34aa52,GDD31_10,GDD31_10,pb_weekday,(2)軽微なコード変更,XM5,XM5,2016.11.09,2026.06.20,True,OK,XM5_PASS,DD_OR_STRICT,"XM5 net=498317.58 (0.926x), PF=1.871692 (1.010x), DD=31420.59円/31.42059pt (0.881x); baseline net=538302.83, PF=1.853047, DD=35671.78円",0,498317.58,1.871691655037233,31420.589999999967,31.42058999999997,1448,0.01|0.02|0.05,0.01|0.02|0.05,True,True,88,True,84,True,124,True,"{""GoldDDPBWeekMask"":57}",gdda_xm5_gdd31_10_20260815150925_34aa52_deals.csv,ml\gold_dd\configs\gdda_xm5_gdd31_10_20260815150925_34aa52.yaml,2026-08-15T06:09:25+00:00,2026-08-15T06:16:55+00:00,450.401,
aa6e13c6deef46ceb6ee7d9d3f249d14,gdda_is_gdd31_11_20260815151655_aa6e13,GDD31_11,GDD31_11,pb_weekday,(2)軽微なコード変更,IS,GOLD2,2021.06.21,2026.06.20,False,OK,IS_SURVIVOR_STRICT,STRICT,"IS net=335500.63 (1.013x), PF=2.064553 (1.103x), DD=19019.18円/19.01918pt (0.593x); baseline net=331176.79, PF=1.871883, DD=32052.72円",0,335500.63,2.0645534141766264,19019.179999999993,19.01917999999999,578,0.01|0.02,0.01|0.02,True,False,0,False,0,False,0,True,"{""GoldDDPBWeekMask"":53}",gdda_is_gdd31_11_20260815151655_aa6e13_deals.csv,ml\gold_dd\configs\gdda_is_gdd31_11_20260815151655_aa6e13.yaml,2026-08-15T06:16:55+00:00,2026-08-15T06:18:01+00:00,65.424,
a5fff38a0f0b49adb5eda3da66d30cf7,gdda_oos_gdd31_11_20260815151801_a5fff3,GDD31_11,GDD31_11,pb_weekday,(2)軽微なコード変更,OOS,GOLD2,2016.06.21,2021.06.20,False,OK,OOS_REJECT,OUT_OF_GATE,"OOS net=41269.40 (0.687x), PF=1.279743 (0.917x), DD=16856.04円/16.85604pt (1.221x); baseline net=60050.52, PF=1.396192, DD=13806.08円",0,41269.4,1.2797429662295783,16856.040000000037,16.856040000000036,612,0.01|0.02,0.01|0.02,True,False,0,False,0,False,0,True,"{""GoldDDPBWeekMask"":53}",gdda_oos_gdd31_11_20260815151801_a5fff3_deals.csv,ml\gold_dd\configs\gdda_oos_gdd31_11_20260815151801_a5fff3.yaml,2026-08-15T06:18:01+00:00,2026-08-15T06:18:46+00:00,45.378,
c5aa5a1c5b4d4f5f978829e64df17b7e,gdda_is_gdd31_12_20260815151846_c5aa5a,GDD31_12,GDD31_12,pb_weekday,(2)軽微なコード変更,IS,GOLD2,2021.06.21,2026.06.20,False,OK,IS_SURVIVOR_STRICT,STRICT,"IS net=343759.64 (1.038x), PF=2.083174 (1.113x), DD=25013.25円/25.01325pt (0.780x); baseline net=331176.79, PF=1.871883, DD=32052.72円",0,343759.64,2.083173616313262,25013.24999999997,25.01324999999997,580,0.01|0.02,0.01|0.02,True,False,0,False,0,False,0,True,"{""GoldDDPBWeekMask"":45}",gdda_is_gdd31_12_20260815151846_c5aa5a_deals.csv,ml\gold_dd\configs\gdda_is_gdd31_12_20260815151846_c5aa5a.yaml,2026-08-15T06:18:46+00:00,2026-08-15T06:19:52+00:00,65.377,
89104354818f47feaaa87ad16db2a153,gdda_oos_gdd31_12_20260815151952_891043,GDD31_12,GDD31_12,pb_weekday,(2)軽微なコード変更,OOS,GOLD2,2016.06.21,2021.06.20,False,OK,OOS_REJECT,OUT_OF_GATE,"OOS net=56810.10 (0.946x), PF=1.393915 (0.998x), DD=14777.98円/14.77798pt (1.070x); baseline net=60050.52, PF=1.396192, DD=13806.08円",0,56810.1,1.3939149845453993,14777.98000000001,14.77798000000001,616,0.01|0.02,0.01|0.02,True,False,0,False,0,False,0,True,"{""GoldDDPBWeekMask"":45}",gdda_oos_gdd31_12_20260815151952_891043_deals.csv,ml\gold_dd\configs\gdda_oos_gdd31_12_20260815151952_891043.yaml,2026-08-15T06:19:52+00:00,2026-08-15T06:20:37+00:00,45.387,
5aae08b3964a435d88b79e03ca29ac35,gdda_is_gdd31_13_20260815152037_5aae08,GDD31_13,GDD31_13,pb_weekday,(2)軽微なコード変更,IS,GOLD2,2021.06.21,2026.06.20,False,OK,IS_SURVIVOR_DD,DD_TRADEOFF,"IS net=319291.10 (0.964x), PF=1.983427 (1.060x), DD=24584.14円/24.58414pt (0.767x); baseline net=331176.79, PF=1.871883, DD=32052.72円",0,319291.1,1.983427264086379,24584.14000000003,24.58414000000003,570,0.01|0.02,0.01|0.02,True,False,0,False,0,False,0,True,"{""GoldDDPBWeekMask"":51}",gdda_is_gdd31_13_20260815152037_5aae08_deals.csv,ml\gold_dd\configs\gdda_is_gdd31_13_20260815152037_5aae08.yaml,2026-08-15T06:20:37+00:00,2026-08-15T06:21:42+00:00,65.372,
b008f38ff82843ffb555bc7aa63fb3d6,gdda_oos_gdd31_13_20260815152142_b008f3,GDD31_13,GDD31_13,pb_weekday,(2)軽微なコード変更,OOS,GOLD2,2016.06.21,2021.06.20,False,OK,OOS_REJECT,OUT_OF_GATE,"OOS net=42696.94 (0.711x), PF=1.292972 (0.926x), DD=15800.94円/15.80094pt (1.144x); baseline net=60050.52, PF=1.396192, DD=13806.08円",0,42696.94,1.2929715614012565,15800.940000000031,15.80094000000003,610,0.01|0.02,0.01|0.02,True,False,0,False,0,False,0,True,"{""GoldDDPBWeekMask"":51}",gdda_oos_gdd31_13_20260815152142_b008f3_deals.csv,ml\gold_dd\configs\gdda_oos_gdd31_13_20260815152142_b008f3.yaml,2026-08-15T06:21:42+00:00,2026-08-15T06:22:28+00:00,45.369,
77bd4d1da03b47698dfc75d2b21a1e49,gdda_is_gdd31_14_20260815152228_77bd4d,GDD31_14,GDD31_14,pb_weekday,(2)軽微なコード変更,IS,GOLD2,2021.06.21,2026.06.20,False,OK,IS_REJECT,DOMINATED,"IS net=269290.24 (0.813x), PF=1.746398 (0.933x), DD=42125.19円/42.12519pt (1.314x); baseline net=331176.79, PF=1.871883, DD=32052.72円",0,269290.24,1.746398393286661,42125.190000000046,42.125190000000046,578,0.01|0.02,0.01|0.02,True,False,0,False,0,False,0,True,"{""GoldDDPBWeekMask"":43}",gdda_is_gdd31_14_20260815152228_77bd4d_deals.csv,ml\gold_dd\configs\gdda_is_gdd31_14_20260815152228_77bd4d.yaml,2026-08-15T06:22:28+00:00,2026-08-15T06:23:33+00:00,65.368,
604b17a0c23348f9ab1758fa8772f20c,gdda_is_gdd31_15_20260815152333_604b17,GDD31_15,GDD31_15,pb_weekday,(2)軽微なコード変更,IS,GOLD2,2021.06.21,2026.06.20,False,OK,IS_SURVIVOR_STRICT,STRICT,"IS net=331453.22 (1.001x), PF=2.069706 (1.106x), DD=22991.98円/22.99198pt (0.717x); baseline net=331176.79, PF=1.871883, DD=32052.72円",0,331453.22,2.069705661945958,22991.98000000001,22.99198000000001,566,0.01|0.02,0.01|0.02,True,False,0,False,0,False,0,True,"{""GoldDDPBWeekMask"":39}",gdda_is_gdd31_15_20260815152333_604b17_deals.csv,ml\gold_dd\configs\gdda_is_gdd31_15_20260815152333_604b17.yaml,2026-08-15T06:23:33+00:00,2026-08-15T06:24:39+00:00,65.423,
26df2056429a4543b2cff10bffe27dc6,gdda_oos_gdd31_15_20260815152439_26df20,GDD31_15,GDD31_15,pb_weekday,(2)軽微なコード変更,OOS,GOLD2,2016.06.21,2021.06.20,False,OK,OOS_REJECT,OUT_OF_GATE,"OOS net=48647.48 (0.810x), PF=1.336221 (0.957x), DD=16971.99円/16.97199pt (1.229x); baseline net=60050.52, PF=1.396192, DD=13806.08円",0,48647.48,1.3362213002285526,16971.990000000005,16.971990000000005,612,0.01|0.02,0.01|0.02,True,False,0,False,0,False,0,True,"{""GoldDDPBWeekMask"":39}",gdda_oos_gdd31_15_20260815152439_26df20_deals.csv,ml\gold_dd\configs\gdda_oos_gdd31_15_20260815152439_26df20.yaml,2026-08-15T06:24:39+00:00,2026-08-15T06:25:24+00:00,45.374,
d0d5995126fc4784b26360a78027f741,gdda_is_gdd31_16_20260815152524_d0d599,GDD31_16,GDD31_16,pb_weekday,(2)軽微なコード変更,IS,GOLD2,2021.06.21,2026.06.20,False,OK,IS_SURVIVOR_DD,DD_TRADEOFF,"IS net=313911.05 (0.948x), PF=1.855909 (0.991x), DD=32052.72円/32.05272pt (1.000x); baseline net=331176.79, PF=1.871883, DD=32052.72円",0,313911.05,1.855909153472115,32052.719999999972,32.05271999999997,598,0.01|0.02,0.01|0.02,True,False,0,False,0,False,0,True,"{""GoldDDPBWeekMask"":30}",gdda_is_gdd31_16_20260815152524_d0d599_deals.csv,ml\gold_dd\configs\gdda_is_gdd31_16_20260815152524_d0d599.yaml,2026-08-15T06:25:24+00:00,2026-08-15T06:26:29+00:00,65.387,
7a3804156cc94869afc39efeafbe7204,gdda_oos_gdd31_16_20260815152630_7a3804,GDD31_16,GDD31_16,pb_weekday,(2)軽微なコード変更,OOS,GOLD2,2016.06.21,2021.06.20,False,OK,OOS_REJECT,OUT_OF_GATE,"OOS net=56459.19 (0.940x), PF=1.392296 (0.997x), DD=13823.66円/13.82366pt (1.001x); baseline net=60050.52, PF=1.396192, DD=13806.08円",0,56459.19,1.392296031972238,13823.660000000062,13.823660000000062,620,0.01|0.02,0.01|0.02,True,False,0,False,0,False,0,True,"{""GoldDDPBWeekMask"":30}",gdda_oos_gdd31_16_20260815152630_7a3804_deals.csv,ml\gold_dd\configs\gdda_oos_gdd31_16_20260815152630_7a3804.yaml,2026-08-15T06:26:30+00:00,2026-08-15T06:27:15+00:00,45.385,
300ae9133b4d44798c66086c26549321,gdda_is_gdd31_17_20260815152715_300ae9,GDD31_17,GDD31_17,pb_weekday,(2)軽微なコード変更,IS,GOLD2,2021.06.21,2026.06.20,False,OK,IS_SURVIVOR_DD,DD_TRADEOFF,"IS net=295564.75 (0.892x), PF=1.877228 (1.003x), DD=21922.61円/21.92261pt (0.684x); baseline net=331176.79, PF=1.871883, DD=32052.72円",0,295564.75,1.87722816855593,21922.610000000015,21.922610000000017,586,0.01|0.02,0.01|0.02,True,False,0,False,0,False,0,True,"{""GoldDDPBWeekMask"":29}",gdda_is_gdd31_17_20260815152715_300ae9_deals.csv,ml\gold_dd\configs\gdda_is_gdd31_17_20260815152715_300ae9.yaml,2026-08-15T06:27:15+00:00,2026-08-15T06:28:20+00:00,65.371,
90142f4dc0ad4b988e0ac6bd83cb4d85,gdda_oos_gdd31_17_20260815152820_90142f,GDD31_17,GDD31_17,pb_weekday,(2)軽微なコード変更,OOS,GOLD2,2016.06.21,2021.06.20,False,OK,OOS_PASS,DD_OR_STRICT,"OOS net=62939.28 (1.048x), PF=1.476527 (1.058x), DD=11374.94円/11.37494pt (0.824x); baseline net=60050.52, PF=1.396192, DD=13806.08円",0,62939.28,1.4765272802117702,11374.940000000002,11.374940000000002,598,0.01|0.02,0.01|0.02,True,False,0,False,0,False,0,True,"{""GoldDDPBWeekMask"":29}",gdda_oos_gdd31_17_20260815152820_90142f_deals.csv,ml\gold_dd\configs\gdda_oos_gdd31_17_20260815152820_90142f.yaml,2026-08-15T06:28:20+00:00,2026-08-15T06:29:06+00:00,45.362,
9e9609d2b50f435cb9d52a8245b99fa1,gdda_xm5_gdd31_17_20260815152906_9e9609,GDD31_17,GDD31_17,pb_weekday,(2)軽微なコード変更,XM5,XM5,2016.11.09,2026.06.20,True,OK,XM5_PASS,DD_OR_STRICT,"XM5 net=504425.91 (0.937x), PF=1.885286 (1.017x), DD=31420.59円/31.42059pt (0.881x); baseline net=538302.83, PF=1.853047, DD=35671.78円",0,504425.91,1.885286333385183,31420.589999999967,31.42058999999997,1438,0.01|0.02|0.05,0.01|0.02|0.05,True,True,88,True,84,True,124,True,"{""GoldDDPBWeekMask"":29}",gdda_xm5_gdd31_17_20260815152906_9e9609_deals.csv,ml\gold_dd\configs\gdda_xm5_gdd31_17_20260815152906_9e9609.yaml,2026-08-15T06:29:06+00:00,2026-08-15T06:36:56+00:00,470.409,
8576405d568c4341bfc38f6f189354ab,gdda_is_gdd31_18_20260815153656_857640,GDD31_18,GDD31_18,pb_weekday,(2)軽微なコード変更,IS,GOLD2,2021.06.21,2026.06.20,False,OK,IS_SURVIVOR_TRADEOFF,TRADEOFF,"IS net=261917.35 (0.791x), PF=1.713885 (0.916x), DD=32052.72円/32.05272pt (1.000x); baseline net=331176.79, PF=1.871883, DD=32052.72円",0,261917.35,1.7138850882500036,32052.719999999972,32.05271999999997,584,0.01|0.02,0.01|0.02,True,False,0,False,0,False,0,True,"{""GoldDDPBWeekMask"":27}",gdda_is_gdd31_18_20260815153656_857640_deals.csv,ml\gold_dd\configs\gdda_is_gdd31_18_20260815153656_857640.yaml,2026-08-15T06:36:56+00:00,2026-08-15T06:43:24+00:00,387.627,
bef107c0c129403c93a710f86133e27e,gdda_oos_gdd31_18_20260815154324_bef107,GDD31_18,GDD31_18,pb_weekday,(2)軽微なコード変更,OOS,GOLD2,2016.06.21,2021.06.20,False,OK,OOS_PASS,DD_OR_STRICT,"OOS net=55867.78 (0.930x), PF=1.399707 (1.003x), DD=11518.93円/11.51893pt (0.834x); baseline net=60050.52, PF=1.396192, DD=13806.08円",0,55867.78,1.399706951006229,11518.930000000022,11.518930000000022,610,0.01|0.02,0.01|0.02,True,False,0,False,0,False,0,True,"{""GoldDDPBWeekMask"":27}",gdda_oos_gdd31_18_20260815154324_bef107_deals.csv,ml\gold_dd\configs\gdda_oos_gdd31_18_20260815154324_bef107.yaml,2026-08-15T06:43:24+00:00,2026-08-15T06:44:09+00:00,45.386,
9e34d44902c8422daf9b0f690bd71e53,gdda_xm5_gdd31_18_20260815154409_9e34d4,GDD31_18,GDD31_18,pb_weekday,(2)軽微なコード変更,XM5,XM5,2016.11.09,2026.06.20,True,OK,XM5_PASS,DD_OR_STRICT,"XM5 net=463707.01 (0.861x), PF=1.763378 (0.952x), DD=35671.78円/35.67178pt (1.000x); baseline net=538302.83, PF=1.853047, DD=35671.78円",0,463707.01,1.763377884053855,35671.77999999997,35.67177999999997,1448,0.01|0.02|0.05,0.01|0.02|0.05,True,True,88,True,84,True,124,True,"{""GoldDDPBWeekMask"":27}",gdda_xm5_gdd31_18_20260815154409_9e34d4_deals.csv,ml\gold_dd\configs\gdda_xm5_gdd31_18_20260815154409_9e34d4.yaml,2026-08-15T06:44:09+00:00,2026-08-15T06:51:35+00:00,445.411,
853400a91f114724837fd6490fcd7b9c,gdda_is_gdd31_19_20260815155135_853400,GDD31_19,GDD31_19,pb_weekday,(2)軽微なコード変更,IS,GOLD2,2021.06.21,2026.06.20,False,OK,IS_SURVIVOR_DD,DD_TRADEOFF,"IS net=329796.95 (0.996x), PF=2.036664 (1.088x), DD=19566.11円/19.56611pt (0.610x); baseline net=331176.79, PF=1.871883, DD=32052.72円",0,329796.95,2.0366642752128326,19566.109999999986,19.566109999999988,576,0.01|0.02,0.01|0.02,True,False,0,False,0,False,0,True,"{""GoldDDPBWeekMask"":23}",gdda_is_gdd31_19_20260815155135_853400_deals.csv,ml\gold_dd\configs\gdda_is_gdd31_19_20260815155135_853400.yaml,2026-08-15T06:51:35+00:00,2026-08-15T06:58:02+00:00,387.738,
d53d4e1a82a24169846a89f3efb9978b,gdda_oos_gdd31_19_20260815155802_d53d4e,GDD31_19,GDD31_19,pb_weekday,(2)軽微なコード変更,OOS,GOLD2,2016.06.21,2021.06.20,False,OK,OOS_REJECT,OUT_OF_GATE,"OOS net=38839.87 (0.647x), PF=1.272284 (0.911x), DD=20627.77円/20.62777pt (1.494x); baseline net=60050.52, PF=1.396192, DD=13806.08円",0,38839.87,1.2722835836004533,20627.770000000077,20.627770000000076,604,0.01|0.02,0.01|0.02,True,False,0,False,0,False,0,True,"{""GoldDDPBWeekMask"":23}",gdda_oos_gdd31_19_20260815155802_d53d4e_deals.csv,ml\gold_dd\configs\gdda_oos_gdd31_19_20260815155802_d53d4e.yaml,2026-08-15T06:58:02+00:00,2026-08-15T06:58:48+00:00,45.385,
fb7a7c54c96f435cbb314a984faba51e,gdda_is_gdd31_20_20260815155848_fb7a7c,GDD31_20,GDD31_20,pb_weekday,(2)軽微なコード変更,IS,GOLD2,2021.06.21,2026.06.20,False,OK,IS_SURVIVOR_DD,DD_TRADEOFF,"IS net=312867.56 (0.945x), PF=1.917619 (1.024x), DD=32052.72円/32.05272pt (1.000x); baseline net=331176.79, PF=1.871883, DD=32052.72円",0,312867.56,1.9176185783502855,32052.719999999972,32.05271999999997,578,0.01|0.02,0.01|0.02,True,False,0,False,0,False,0,True,"{""GoldDDPBWeekMask"":15}",gdda_is_gdd31_20_20260815155848_fb7a7c_deals.csv,ml\gold_dd\configs\gdda_is_gdd31_20_20260815155848_fb7a7c.yaml,2026-08-15T06:58:48+00:00,2026-08-15T06:59:53+00:00,65.396,
6aa41e2607f341acbc4a2ac46d17b4e1,gdda_oos_gdd31_20_20260815155953_6aa41e,GDD31_20,GDD31_20,pb_weekday,(2)軽微なコード変更,OOS,GOLD2,2016.06.21,2021.06.20,False,OK,OOS_PASS,DD_OR_STRICT,"OOS net=58165.49 (0.969x), PF=1.414154 (1.013x), DD=12714.91円/12.71491pt (0.921x); baseline net=60050.52, PF=1.396192, DD=13806.08円",0,58165.49,1.4141541479219555,12714.910000000003,12.714910000000003,614,0.01|0.02,0.01|0.02,True,False,0,False,0,False,0,True,"{""GoldDDPBWeekMask"":15}",gdda_oos_gdd31_20_20260815155953_6aa41e_deals.csv,ml\gold_dd\configs\gdda_oos_gdd31_20_20260815155953_6aa41e.yaml,2026-08-15T06:59:53+00:00,2026-08-15T07:00:39+00:00,45.378,
77fd6a5a5cbc4f269bf483d6b123a078,gdda_xm5_gdd31_20_20260815160039_77fd6a,GDD31_20,GDD31_20,pb_weekday,(2)軽微なコード変更,XM5,XM5,2016.11.09,2026.06.20,True,OK,XM5_REJECT,OUT_OF_GATE,"XM5 net=517108.58 (0.961x), PF=1.888229 (1.019x), DD=38925.44円/38.92544pt (1.091x); baseline net=538302.83, PF=1.853047, DD=35671.78円",0,517108.58,1.888229332439313,38925.439999999944,38.925439999999945,1446,0.01|0.02|0.05,0.01|0.02|0.05,True,True,88,True,84,True,124,True,"{""GoldDDPBWeekMask"":15}",gdda_xm5_gdd31_20_20260815160039_77fd6a_deals.csv,ml\gold_dd\configs\gdda_xm5_gdd31_20_20260815160039_77fd6a.yaml,2026-08-15T07:00:39+00:00,2026-08-15T07:08:09+00:00,450.418,
23ef48ee463849aabe9aca32881d416d,gdda_is_gdd32_01_20260815160809_23ef48,GDD32_01,GDD32_01,sca_one_direction,(2)軽微なコード変更,IS,GOLD2,,,,UNVERIFIED,UNVERIFIED_EA_INPUT,EA_IMPLEMENTATION_MISSING,family has no verified SIMVERIFY activation: sca_one_direction,,,,,,,,,,,,,,,,,"{""GoldLabSCADirectionPolicy"":1,""GoldLabSCADriftMinATR"":0.0}",,,2026-08-15T07:08:09+00:00,2026-08-15T07:08:09+00:00,0.001,NotImplementedError('family has no verified SIMVERIFY activation: sca_one_direction')
730d50e265b64070befa6ee5730aa348,gdda_is_gdd32_02_20260815160809_730d50,GDD32_02,GDD32_02,sca_one_direction,(2)軽微なコード変更,IS,GOLD2,,,,UNVERIFIED,UNVERIFIED_EA_INPUT,EA_IMPLEMENTATION_MISSING,family has no verified SIMVERIFY activation: sca_one_direction,,,,,,,,,,,,,,,,,"{""GoldLabSCADirectionPolicy"":1,""GoldLabSCADriftMinATR"":0.1}",,,2026-08-15T07:08:09+00:00,2026-08-15T07:08:09+00:00,0.001,NotImplementedError('family has no verified SIMVERIFY activation: sca_one_direction')
a724e80b6be544f48cabbe50ead94249,gdda_is_gdd32_03_20260815160809_a724e8,GDD32_03,GDD32_03,sca_one_direction,(2)軽微なコード変更,IS,GOLD2,,,,UNVERIFIED,UNVERIFIED_EA_INPUT,EA_IMPLEMENTATION_MISSING,family has no verified SIMVERIFY activation: sca_one_direction,,,,,,,,,,,,,,,,,"{""GoldLabSCADirectionPolicy"":1,""GoldLabSCADriftMinATR"":0.2}",,,2026-08-15T07:08:09+00:00,2026-08-15T07:08:09+00:00,0.001,NotImplementedError('family has no verified SIMVERIFY activation: sca_one_direction')
260613a5c73a4956b13895a2e3369c2d,gdda_is_gdd32_04_20260815160809_260613,GDD32_04,GDD32_04,sca_one_direction,(2)軽微なコード変更,IS,GOLD2,,,,UNVERIFIED,UNVERIFIED_EA_INPUT,EA_IMPLEMENTATION_MISSING,family has no verified SIMVERIFY activation: sca_one_direction,,,,,,,,,,,,,,,,,"{""GoldLabSCADirectionPolicy"":1,""GoldLabSCADriftMinATR"":0.3}",,,2026-08-15T07:08:09+00:00,2026-08-15T07:08:09+00:00,0.001,NotImplementedError('family has no verified SIMVERIFY activation: sca_one_direction')
22140889b94e411abe66860a5f226cf0,gdda_is_gdd32_05_20260815160809_221408,GDD32_05,GDD32_05,sca_one_direction,(2)軽微なコード変更,IS,GOLD2,,,,UNVERIFIED,UNVERIFIED_EA_INPUT,EA_IMPLEMENTATION_MISSING,family has no verified SIMVERIFY activation: sca_one_direction,,,,,,,,,,,,,,,,,"{""GoldLabSCADirectionPolicy"":1,""GoldLabSCADriftMinATR"":0.4}",,,2026-08-15T07:08:09+00:00,2026-08-15T07:08:09+00:00,0.001,NotImplementedError('family has no verified SIMVERIFY activation: sca_one_direction')
091e763e36e349c2a2c8662cce4b2ff3,gdda_is_gdd32_06_20260815160809_091e76,GDD32_06,GDD32_06,sca_one_direction,(2)軽微なコード変更,IS,GOLD2,,,,UNVERIFIED,UNVERIFIED_EA_INPUT,EA_IMPLEMENTATION_MISSING,family has no verified SIMVERIFY activation: sca_one_direction,,,,,,,,,,,,,,,,,"{""GoldLabSCADirectionPolicy"":1,""GoldLabSCADriftMinATR"":0.5}",,,2026-08-15T07:08:09+00:00,2026-08-15T07:08:09+00:00,0.001,NotImplementedError('family has no verified SIMVERIFY activation: sca_one_direction')
7b5b63bc4d924813ae1ffe119cb9d792,gdda_is_gdd32_07_20260815160809_7b5b63,GDD32_07,GDD32_07,sca_one_direction,(2)軽微なコード変更,IS,GOLD2,,,,UNVERIFIED,UNVERIFIED_EA_INPUT,EA_IMPLEMENTATION_MISSING,family has no verified SIMVERIFY activation: sca_one_direction,,,,,,,,,,,,,,,,,"{""GoldLabSCADirectionPolicy"":1,""GoldLabSCADriftMinATR"":0.6}",,,2026-08-15T07:08:09+00:00,2026-08-15T07:08:09+00:00,0.001,NotImplementedError('family has no verified SIMVERIFY activation: sca_one_direction')
ea2917ac07f34703a35fcb7a6672caba,gdda_is_gdd32_08_20260815160809_ea2917,GDD32_08,GDD32_08,sca_one_direction,(2)軽微なコード変更,IS,GOLD2,,,,UNVERIFIED,UNVERIFIED_EA_INPUT,EA_IMPLEMENTATION_MISSING,family has no verified SIMVERIFY activation: sca_one_direction,,,,,,,,,,,,,,,,,"{""GoldLabSCADirectionPolicy"":1,""GoldLabSCADriftMinATR"":0.7}",,,2026-08-15T07:08:09+00:00,2026-08-15T07:08:09+00:00,0.001,NotImplementedError('family has no verified SIMVERIFY activation: sca_one_direction')
1213a20ac47e4eb9a35c4c5a8df7407e,gdda_is_gdd32_09_20260815160809_1213a2,GDD32_09,GDD32_09,sca_one_direction,(2)軽微なコード変更,IS,GOLD2,,,,UNVERIFIED,UNVERIFIED_EA_INPUT,EA_IMPLEMENTATION_MISSING,family has no verified SIMVERIFY activation: sca_one_direction,,,,,,,,,,,,,,,,,"{""GoldLabSCADirectionPolicy"":1,""GoldLabSCADriftMinATR"":0.8}",,,2026-08-15T07:08:09+00:00,2026-08-15T07:08:09+00:00,0.001,NotImplementedError('family has no verified SIMVERIFY activation: sca_one_direction')
fcb701ae803e4613a31f0a3624fa3823,gdda_is_gdd32_10_20260815160809_fcb701,GDD32_10,GDD32_10,sca_one_direction,(2)軽微なコード変更,IS,GOLD2,,,,UNVERIFIED,UNVERIFIED_EA_INPUT,EA_IMPLEMENTATION_MISSING,family has no verified SIMVERIFY activation: sca_one_direction,,,,,,,,,,,,,,,,,"{""GoldLabSCADirectionPolicy"":1,""GoldLabSCADriftMinATR"":0.9}",,,2026-08-15T07:08:09+00:00,2026-08-15T07:08:09+00:00,0.001,NotImplementedError('family has no verified SIMVERIFY activation: sca_one_direction')
71315371466c4272a5b0a7d11ee70473,gdda_is_gdd32_11_20260815160809_713153,GDD32_11,GDD32_11,sca_one_direction,(2)軽微なコード変更,IS,GOLD2,,,,UNVERIFIED,UNVERIFIED_EA_INPUT,EA_IMPLEMENTATION_MISSING,family has no verified SIMVERIFY activation: sca_one_direction,,,,,,,,,,,,,,,,,"{""GoldLabSCADirectionPolicy"":2,""GoldLabSCADriftMinATR"":0.0}",,,2026-08-15T07:08:09+00:00,2026-08-15T07:08:09+00:00,0.001,NotImplementedError('family has no verified SIMVERIFY activation: sca_one_direction')
e5cb83c0b65843dd9747bbc36237d06f,gdda_is_gdd32_12_20260815160809_e5cb83,GDD32_12,GDD32_12,sca_one_direction,(2)軽微なコード変更,IS,GOLD2,,,,UNVERIFIED,UNVERIFIED_EA_INPUT,EA_IMPLEMENTATION_MISSING,family has no verified SIMVERIFY activation: sca_one_direction,,,,,,,,,,,,,,,,,"{""GoldLabSCADirectionPolicy"":2,""GoldLabSCADriftMinATR"":0.1}",,,2026-08-15T07:08:09+00:00,2026-08-15T07:08:09+00:00,0.001,NotImplementedError('family has no verified SIMVERIFY activation: sca_one_direction')
bc61bc45f1e548fba21b07380628547d,gdda_is_gdd32_13_20260815160809_bc61bc,GDD32_13,GDD32_13,sca_one_direction,(2)軽微なコード変更,IS,GOLD2,,,,UNVERIFIED,UNVERIFIED_EA_INPUT,EA_IMPLEMENTATION_MISSING,family has no verified SIMVERIFY activation: sca_one_direction,,,,,,,,,,,,,,,,,"{""GoldLabSCADirectionPolicy"":2,""GoldLabSCADriftMinATR"":0.2}",,,2026-08-15T07:08:09+00:00,2026-08-15T07:08:09+00:00,0.001,NotImplementedError('family has no verified SIMVERIFY activation: sca_one_direction')
beb7b71239ec40988cf1d1b00229420e,gdda_is_gdd32_14_20260815160809_beb7b7,GDD32_14,GDD32_14,sca_one_direction,(2)軽微なコード変更,IS,GOLD2,,,,UNVERIFIED,UNVERIFIED_EA_INPUT,EA_IMPLEMENTATION_MISSING,family has no verified SIMVERIFY activation: sca_one_direction,,,,,,,,,,,,,,,,,"{""GoldLabSCADirectionPolicy"":2,""GoldLabSCADriftMinATR"":0.3}",,,2026-08-15T07:08:09+00:00,2026-08-15T07:08:09+00:00,0.001,NotImplementedError('family has no verified SIMVERIFY activation: sca_one_direction')
115e82cc12a34bca8513d6ece2f405f7,gdda_is_gdd32_15_20260815160809_115e82,GDD32_15,GDD32_15,sca_one_direction,(2)軽微なコード変更,IS,GOLD2,,,,UNVERIFIED,UNVERIFIED_EA_INPUT,EA_IMPLEMENTATION_MISSING,family has no verified SIMVERIFY activation: sca_one_direction,,,,,,,,,,,,,,,,,"{""GoldLabSCADirectionPolicy"":2,""GoldLabSCADriftMinATR"":0.4}",,,2026-08-15T07:08:09+00:00,2026-08-15T07:08:09+00:00,0.001,NotImplementedError('family has no verified SIMVERIFY activation: sca_one_direction')
0e73b47aa6424eccbd75480b521f28a5,gdda_is_gdd32_16_20260815160809_0e73b4,GDD32_16,GDD32_16,sca_one_direction,(2)軽微なコード変更,IS,GOLD2,,,,UNVERIFIED,UNVERIFIED_EA_INPUT,EA_IMPLEMENTATION_MISSING,family has no verified SIMVERIFY activation: sca_one_direction,,,,,,,,,,,,,,,,,"{""GoldLabSCADirectionPolicy"":2,""GoldLabSCADriftMinATR"":0.5}",,,2026-08-15T07:08:09+00:00,2026-08-15T07:08:09+00:00,0.001,NotImplementedError('family has no verified SIMVERIFY activation: sca_one_direction')
541e372e75fd48caa61d61955a07e62c,gdda_is_gdd32_17_20260815160809_541e37,GDD32_17,GDD32_17,sca_one_direction,(2)軽微なコード変更,IS,GOLD2,,,,UNVERIFIED,UNVERIFIED_EA_INPUT,EA_IMPLEMENTATION_MISSING,family has no verified SIMVERIFY activation: sca_one_direction,,,,,,,,,,,,,,,,,"{""GoldLabSCADirectionPolicy"":2,""GoldLabSCADriftMinATR"":0.6}",,,2026-08-15T07:08:09+00:00,2026-08-15T07:08:09+00:00,0.001,NotImplementedError('family has no verified SIMVERIFY activation: sca_one_direction')
21f811e43e38430fb6746e2baed8626e,gdda_is_gdd32_18_20260815160809_21f811,GDD32_18,GDD32_18,sca_one_direction,(2)軽微なコード変更,IS,GOLD2,,,,UNVERIFIED,UNVERIFIED_EA_INPUT,EA_IMPLEMENTATION_MISSING,family has no verified SIMVERIFY activation: sca_one_direction,,,,,,,,,,,,,,,,,"{""GoldLabSCADirectionPolicy"":2,""GoldLabSCADriftMinATR"":0.7}",,,2026-08-15T07:08:09+00:00,2026-08-15T07:08:09+00:00,0.001,NotImplementedError('family has no verified SIMVERIFY activation: sca_one_direction')
ad5e6295dc4347c3ad16ba19af839136,gdda_is_gdd32_19_20260815160809_ad5e62,GDD32_19,GDD32_19,sca_one_direction,(2)軽微なコード変更,IS,GOLD2,,,,UNVERIFIED,UNVERIFIED_EA_INPUT,EA_IMPLEMENTATION_MISSING,family has no verified SIMVERIFY activation: sca_one_direction,,,,,,,,,,,,,,,,,"{""GoldLabSCADirectionPolicy"":2,""GoldLabSCADriftMinATR"":0.8}",,,2026-08-15T07:08:09+00:00,2026-08-15T07:08:09+00:00,0.001,NotImplementedError('family has no verified SIMVERIFY activation: sca_one_direction')
03c0beb668eb46b0a3804a021f34cb23,gdda_is_gdd32_20_20260815160809_03c0be,GDD32_20,GDD32_20,sca_one_direction,(2)軽微なコード変更,IS,GOLD2,,,,UNVERIFIED,UNVERIFIED_EA_INPUT,EA_IMPLEMENTATION_MISSING,family has no verified SIMVERIFY activation: sca_one_direction,,,,,,,,,,,,,,,,,"{""GoldLabSCADirectionPolicy"":2,""GoldLabSCADriftMinATR"":0.9}",,,2026-08-15T07:08:09+00:00,2026-08-15T07:08:09+00:00,0.001,NotImplementedError('family has no verified SIMVERIFY activation: sca_one_direction')
a22d41ec9baf40b8b0f747cacdaf3185,gdda_is_gdd33_01_20260815160809_a22d41,GDD33_01,GDD33_01,sca_failed_break,(2)軽微なコード変更,IS,GOLD2,,,,UNVERIFIED,UNVERIFIED_EA_INPUT,EA_IMPLEMENTATION_MISSING,family has no verified SIMVERIFY activation: sca_failed_break,,,,,,,,,,,,,,,,,"{""GoldLabSCAFailedBreakLockHours"":1}",,,2026-08-15T07:08:09+00:00,2026-08-15T07:08:09+00:00,0.001,NotImplementedError('family has no verified SIMVERIFY activation: sca_failed_break')
83d0ed4e93014430a0eba8bbce31dcdb,gdda_is_gdd33_02_20260815160809_83d0ed,GDD33_02,GDD33_02,sca_failed_break,(2)軽微なコード変更,IS,GOLD2,,,,UNVERIFIED,UNVERIFIED_EA_INPUT,EA_IMPLEMENTATION_MISSING,family has no verified SIMVERIFY activation: sca_failed_break,,,,,,,,,,,,,,,,,"{""GoldLabSCAFailedBreakLockHours"":2}",,,2026-08-15T07:08:09+00:00,2026-08-15T07:08:09+00:00,0.001,NotImplementedError('family has no verified SIMVERIFY activation: sca_failed_break')
324601bb34b8411fa639b4ad3bfdd009,gdda_is_gdd33_03_20260815160809_324601,GDD33_03,GDD33_03,sca_failed_break,(2)軽微なコード変更,IS,GOLD2,,,,UNVERIFIED,UNVERIFIED_EA_INPUT,EA_IMPLEMENTATION_MISSING,family has no verified SIMVERIFY activation: sca_failed_break,,,,,,,,,,,,,,,,,"{""GoldLabSCAFailedBreakLockHours"":3}",,,2026-08-15T07:08:09+00:00,2026-08-15T07:08:09+00:00,0.001,NotImplementedError('family has no verified SIMVERIFY activation: sca_failed_break')
dc26c427adbe42d88660d9226f86ba5c,gdda_is_gdd33_04_20260815160809_dc26c4,GDD33_04,GDD33_04,sca_failed_break,(2)軽微なコード変更,IS,GOLD2,,,,UNVERIFIED,UNVERIFIED_EA_INPUT,EA_IMPLEMENTATION_MISSING,family has no verified SIMVERIFY activation: sca_failed_break,,,,,,,,,,,,,,,,,"{""GoldLabSCAFailedBreakLockHours"":4}",,,2026-08-15T07:08:09+00:00,2026-08-15T07:08:09+00:00,0.001,NotImplementedError('family has no verified SIMVERIFY activation: sca_failed_break')
41069775e39f4ab7b5e1f951056d3ab1,gdda_is_gdd33_05_20260815160809_410697,GDD33_05,GDD33_05,sca_failed_break,(2)軽微なコード変更,IS,GOLD2,,,,UNVERIFIED,UNVERIFIED_EA_INPUT,EA_IMPLEMENTATION_MISSING,family has no verified SIMVERIFY activation: sca_failed_break,,,,,,,,,,,,,,,,,"{""GoldLabSCAFailedBreakLockHours"":5}",,,2026-08-15T07:08:09+00:00,2026-08-15T07:08:09+00:00,0.001,NotImplementedError('family has no verified SIMVERIFY activation: sca_failed_break')
2314b142f5d34305b92f9fa688dc848a,gdda_is_gdd33_06_20260815160809_2314b1,GDD33_06,GDD33_06,sca_failed_break,(2)軽微なコード変更,IS,GOLD2,,,,UNVERIFIED,UNVERIFIED_EA_INPUT,EA_IMPLEMENTATION_MISSING,family has no verified SIMVERIFY activation: sca_failed_break,,,,,,,,,,,,,,,,,"{""GoldLabSCAFailedBreakLockHours"":6}",,,2026-08-15T07:08:09+00:00,2026-08-15T07:08:09+00:00,0.001,NotImplementedError('family has no verified SIMVERIFY activation: sca_failed_break')
7a107b68b1304f8dbce1fe819a90d890,gdda_is_gdd33_07_20260815160809_7a107b,GDD33_07,GDD33_07,sca_failed_break,(2)軽微なコード変更,IS,GOLD2,,,,UNVERIFIED,UNVERIFIED_EA_INPUT,EA_IMPLEMENTATION_MISSING,family has no verified SIMVERIFY activation: sca_failed_break,,,,,,,,,,,,,,,,,"{""GoldLabSCAFailedBreakLockHours"":7}",,,2026-08-15T07:08:09+00:00,2026-08-15T07:08:09+00:00,0.001,NotImplementedError('family has no verified SIMVERIFY activation: sca_failed_break')
c2b421021f9b45d289ef9b889855ea34,gdda_is_gdd33_08_20260815160809_c2b421,GDD33_08,GDD33_08,sca_failed_break,(2)軽微なコード変更,IS,GOLD2,,,,UNVERIFIED,UNVERIFIED_EA_INPUT,EA_IMPLEMENTATION_MISSING,family has no verified SIMVERIFY activation: sca_failed_break,,,,,,,,,,,,,,,,,"{""GoldLabSCAFailedBreakLockHours"":8}",,,2026-08-15T07:08:09+00:00,2026-08-15T07:08:09+00:00,0.001,NotImplementedError('family has no verified SIMVERIFY activation: sca_failed_break')
8782c5b8197b4d29b5fd5377492abf5f,gdda_is_gdd33_09_20260815160809_8782c5,GDD33_09,GDD33_09,sca_failed_break,(2)軽微なコード変更,IS,GOLD2,,,,UNVERIFIED,UNVERIFIED_EA_INPUT,EA_IMPLEMENTATION_MISSING,family has no verified SIMVERIFY activation: sca_failed_break,,,,,,,,,,,,,,,,,"{""GoldLabSCAFailedBreakLockHours"":9}",,,2026-08-15T07:08:09+00:00,2026-08-15T07:08:09+00:00,0.001,NotImplementedError('family has no verified SIMVERIFY activation: sca_failed_break')
fcdd82652386457a8547f345ed5fec88,gdda_is_gdd33_10_20260815160809_fcdd82,GDD33_10,GDD33_10,sca_failed_break,(2)軽微なコード変更,IS,GOLD2,,,,UNVERIFIED,UNVERIFIED_EA_INPUT,EA_IMPLEMENTATION_MISSING,family has no verified SIMVERIFY activation: sca_failed_break,,,,,,,,,,,,,,,,,"{""GoldLabSCAFailedBreakLockHours"":10}",,,2026-08-15T07:08:09+00:00,2026-08-15T07:08:09+00:00,0.001,NotImplementedError('family has no verified SIMVERIFY activation: sca_failed_break')
268f257259964deab5891bb2e1ef1a4d,gdda_is_gdd33_11_20260815160809_268f25,GDD33_11,GDD33_11,sca_failed_break,(2)軽微なコード変更,IS,GOLD2,,,,UNVERIFIED,UNVERIFIED_EA_INPUT,EA_IMPLEMENTATION_MISSING,family has no verified SIMVERIFY activation: sca_failed_break,,,,,,,,,,,,,,,,,"{""GoldLabSCAFailedBreakLockHours"":11}",,,2026-08-15T07:08:09+00:00,2026-08-15T07:08:09+00:00,0.001,NotImplementedError('family has no verified SIMVERIFY activation: sca_failed_break')
74a1d45bf61d44a99cec6970d34a8209,gdda_is_gdd33_12_20260815160810_74a1d4,GDD33_12,GDD33_12,sca_failed_break,(2)軽微なコード変更,IS,GOLD2,,,,UNVERIFIED,UNVERIFIED_EA_INPUT,EA_IMPLEMENTATION_MISSING,family has no verified SIMVERIFY activation: sca_failed_break,,,,,,,,,,,,,,,,,"{""GoldLabSCAFailedBreakLockHours"":12}",,,2026-08-15T07:08:10+00:00,2026-08-15T07:08:10+00:00,0.001,NotImplementedError('family has no verified SIMVERIFY activation: sca_failed_break')
263a6ffd6b58467e87b72ccd6fc13aaa,gdda_is_gdd33_13_20260815160810_263a6f,GDD33_13,GDD33_13,sca_failed_break,(2)軽微なコード変更,IS,GOLD2,,,,UNVERIFIED,UNVERIFIED_EA_INPUT,EA_IMPLEMENTATION_MISSING,family has no verified SIMVERIFY activation: sca_failed_break,,,,,,,,,,,,,,,,,"{""GoldLabSCAFailedBreakLockHours"":13}",,,2026-08-15T07:08:10+00:00,2026-08-15T07:08:10+00:00,0.001,NotImplementedError('family has no verified SIMVERIFY activation: sca_failed_break')
eb83177a30cb4068a6ee11bb6d842f72,gdda_is_gdd33_14_20260815160810_eb8317,GDD33_14,GDD33_14,sca_failed_break,(2)軽微なコード変更,IS,GOLD2,,,,UNVERIFIED,UNVERIFIED_EA_INPUT,EA_IMPLEMENTATION_MISSING,family has no verified SIMVERIFY activation: sca_failed_break,,,,,,,,,,,,,,,,,"{""GoldLabSCAFailedBreakLockHours"":14}",,,2026-08-15T07:08:10+00:00,2026-08-15T07:08:10+00:00,0.001,NotImplementedError('family has no verified SIMVERIFY activation: sca_failed_break')
0c60d73acc6c44398cb6c97665235521,gdda_is_gdd33_15_20260815160810_0c60d7,GDD33_15,GDD33_15,sca_failed_break,(2)軽微なコード変更,IS,GOLD2,,,,UNVERIFIED,UNVERIFIED_EA_INPUT,EA_IMPLEMENTATION_MISSING,family has no verified SIMVERIFY activation: sca_failed_break,,,,,,,,,,,,,,,,,"{""GoldLabSCAFailedBreakLockHours"":15}",,,2026-08-15T07:08:10+00:00,2026-08-15T07:08:10+00:00,0.001,NotImplementedError('family has no verified SIMVERIFY activation: sca_failed_break')
31ca85d90ec74c50a0ccf962c74f993e,gdda_is_gdd33_16_20260815160810_31ca85,GDD33_16,GDD33_16,sca_failed_break,(2)軽微なコード変更,IS,GOLD2,,,,UNVERIFIED,UNVERIFIED_EA_INPUT,EA_IMPLEMENTATION_MISSING,family has no verified SIMVERIFY activation: sca_failed_break,,,,,,,,,,,,,,,,,"{""GoldLabSCAFailedBreakLockHours"":16}",,,2026-08-15T07:08:10+00:00,2026-08-15T07:08:10+00:00,0.001,NotImplementedError('family has no verified SIMVERIFY activation: sca_failed_break')
d1f0e4abe75e4c069f5f3afde02dfbcf,gdda_is_gdd33_17_20260815160810_d1f0e4,GDD33_17,GDD33_17,sca_failed_break,(2)軽微なコード変更,IS,GOLD2,,,,UNVERIFIED,UNVERIFIED_EA_INPUT,EA_IMPLEMENTATION_MISSING,family has no verified SIMVERIFY activation: sca_failed_break,,,,,,,,,,,,,,,,,"{""GoldLabSCAFailedBreakLockHours"":17}",,,2026-08-15T07:08:10+00:00,2026-08-15T07:08:10+00:00,0.001,NotImplementedError('family has no verified SIMVERIFY activation: sca_failed_break')
53ae110d443546dba753023b3b9b3d6a,gdda_is_gdd33_18_20260815160810_53ae11,GDD33_18,GDD33_18,sca_failed_break,(2)軽微なコード変更,IS,GOLD2,,,,UNVERIFIED,UNVERIFIED_EA_INPUT,EA_IMPLEMENTATION_MISSING,family has no verified SIMVERIFY activation: sca_failed_break,,,,,,,,,,,,,,,,,"{""GoldLabSCAFailedBreakLockHours"":18}",,,2026-08-15T07:08:10+00:00,2026-08-15T07:08:10+00:00,0.001,NotImplementedError('family has no verified SIMVERIFY activation: sca_failed_break')
e43e819d3aae4bdfadd15590cd359863,gdda_is_gdd33_19_20260815160810_e43e81,GDD33_19,GDD33_19,sca_failed_break,(2)軽微なコード変更,IS,GOLD2,,,,UNVERIFIED,UNVERIFIED_EA_INPUT,EA_IMPLEMENTATION_MISSING,family has no verified SIMVERIFY activation: sca_failed_break,,,,,,,,,,,,,,,,,"{""GoldLabSCAFailedBreakLockHours"":19}",,,2026-08-15T07:08:10+00:00,2026-08-15T07:08:10+00:00,0.001,NotImplementedError('family has no verified SIMVERIFY activation: sca_failed_break')
d6448ca51aaa47c78a7a7336c5a7e45a,gdda_is_gdd33_20_20260815160810_d6448c,GDD33_20,GDD33_20,sca_failed_break,(2)軽微なコード変更,IS,GOLD2,,,,UNVERIFIED,UNVERIFIED_EA_INPUT,EA_IMPLEMENTATION_MISSING,family has no verified SIMVERIFY activation: sca_failed_break,,,,,,,,,,,,,,,,,"{""GoldLabSCAFailedBreakLockHours"":20}",,,2026-08-15T07:08:10+00:00,2026-08-15T07:08:10+00:00,0.001,NotImplementedError('family has no verified SIMVERIFY activation: sca_failed_break')
787dec742a6e498b8f71f50c5c050ed8,gdda_is_gdd35_01_20260815160810_787dec,GDD35_01,GDD35_01,portfolio_loss_cooldown,(2)軽微なコード変更,IS,GOLD2,,,,UNVERIFIED,UNVERIFIED_EA_INPUT,EA_IMPLEMENTATION_MISSING,family has no verified SIMVERIFY activation: portfolio_loss_cooldown,,,,,,,,,,,,,,,,,"{""GoldLabPortfolioCooldownHours"":1}",,,2026-08-15T07:08:10+00:00,2026-08-15T07:08:10+00:00,0.001,NotImplementedError('family has no verified SIMVERIFY activation: portfolio_loss_cooldown')
6a7543eeb03c4cff8f80762e781aae71,gdda_is_gdd35_02_20260815160810_6a7543,GDD35_02,GDD35_02,portfolio_loss_cooldown,(2)軽微なコード変更,IS,GOLD2,,,,UNVERIFIED,UNVERIFIED_EA_INPUT,EA_IMPLEMENTATION_MISSING,family has no verified SIMVERIFY activation: portfolio_loss_cooldown,,,,,,,,,,,,,,,,,"{""GoldLabPortfolioCooldownHours"":2}",,,2026-08-15T07:08:10+00:00,2026-08-15T07:08:10+00:00,0.001,NotImplementedError('family has no verified SIMVERIFY activation: portfolio_loss_cooldown')
7061a488460f440381df812925e97f81,gdda_is_gdd35_03_20260815160810_7061a4,GDD35_03,GDD35_03,portfolio_loss_cooldown,(2)軽微なコード変更,IS,GOLD2,,,,UNVERIFIED,UNVERIFIED_EA_INPUT,EA_IMPLEMENTATION_MISSING,family has no verified SIMVERIFY activation: portfolio_loss_cooldown,,,,,,,,,,,,,,,,,"{""GoldLabPortfolioCooldownHours"":3}",,,2026-08-15T07:08:10+00:00,2026-08-15T07:08:10+00:00,0.001,NotImplementedError('family has no verified SIMVERIFY activation: portfolio_loss_cooldown')
0b3c9b1ab43b402d875fab2d44d2b413,gdda_is_gdd35_04_20260815160810_0b3c9b,GDD35_04,GDD35_04,portfolio_loss_cooldown,(2)軽微なコード変更,IS,GOLD2,,,,UNVERIFIED,UNVERIFIED_EA_INPUT,EA_IMPLEMENTATION_MISSING,family has no verified SIMVERIFY activation: portfolio_loss_cooldown,,,,,,,,,,,,,,,,,"{""GoldLabPortfolioCooldownHours"":4}",,,2026-08-15T07:08:10+00:00,2026-08-15T07:08:10+00:00,0.001,NotImplementedError('family has no verified SIMVERIFY activation: portfolio_loss_cooldown')
02924d9aaf6348199b281bdb934eb249,gdda_is_gdd35_05_20260815160810_02924d,GDD35_05,GDD35_05,portfolio_loss_cooldown,(2)軽微なコード変更,IS,GOLD2,,,,UNVERIFIED,UNVERIFIED_EA_INPUT,EA_IMPLEMENTATION_MISSING,family has no verified SIMVERIFY activation: portfolio_loss_cooldown,,,,,,,,,,,,,,,,,"{""GoldLabPortfolioCooldownHours"":6}",,,2026-08-15T07:08:10+00:00,2026-08-15T07:08:10+00:00,0.001,NotImplementedError('family has no verified SIMVERIFY activation: portfolio_loss_cooldown')
5ecd086775da494b8471867c3465133b,gdda_is_gdd35_06_20260815160810_5ecd08,GDD35_06,GDD35_06,portfolio_loss_cooldown,(2)軽微なコード変更,IS,GOLD2,,,,UNVERIFIED,UNVERIFIED_EA_INPUT,EA_IMPLEMENTATION_MISSING,family has no verified SIMVERIFY activation: portfolio_loss_cooldown,,,,,,,,,,,,,,,,,"{""GoldLabPortfolioCooldownHours"":8}",,,2026-08-15T07:08:10+00:00,2026-08-15T07:08:10+00:00,0.001,NotImplementedError('family has no verified SIMVERIFY activation: portfolio_loss_cooldown')
40126b0e0c0f47b9af92d00d19c213d5,gdda_is_gdd35_07_20260815160810_40126b,GDD35_07,GDD35_07,portfolio_loss_cooldown,(2)軽微なコード変更,IS,GOLD2,,,,UNVERIFIED,UNVERIFIED_EA_INPUT,EA_IMPLEMENTATION_MISSING,family has no verified SIMVERIFY activation: portfolio_loss_cooldown,,,,,,,,,,,,,,,,,"{""GoldLabPortfolioCooldownHours"":12}",,,2026-08-15T07:08:10+00:00,2026-08-15T07:08:10+00:00,0.001,NotImplementedError('family has no verified SIMVERIFY activation: portfolio_loss_cooldown')
ff2ff6ff05704fcf902629d559555748,gdda_is_gdd35_08_20260815160810_ff2ff6,GDD35_08,GDD35_08,portfolio_loss_cooldown,(2)軽微なコード変更,IS,GOLD2,,,,UNVERIFIED,UNVERIFIED_EA_INPUT,EA_IMPLEMENTATION_MISSING,family has no verified SIMVERIFY activation: portfolio_loss_cooldown,,,,,,,,,,,,,,,,,"{""GoldLabPortfolioCooldownHours"":16}",,,2026-08-15T07:08:10+00:00,2026-08-15T07:08:10+00:00,0.001,NotImplementedError('family has no verified SIMVERIFY activation: portfolio_loss_cooldown')
be758a9391054ca787f8f86ab555b4d2,gdda_is_gdd35_09_20260815160810_be758a,GDD35_09,GDD35_09,portfolio_loss_cooldown,(2)軽微なコード変更,IS,GOLD2,,,,UNVERIFIED,UNVERIFIED_EA_INPUT,EA_IMPLEMENTATION_MISSING,family has no verified SIMVERIFY activation: portfolio_loss_cooldown,,,,,,,,,,,,,,,,,"{""GoldLabPortfolioCooldownHours"":20}",,,2026-08-15T07:08:10+00:00,2026-08-15T07:08:10+00:00,0.001,NotImplementedError('family has no verified SIMVERIFY activation: portfolio_loss_cooldown')
cc9b01cca75d4d17af7655094b89371a,gdda_is_gdd35_10_20260815160810_cc9b01,GDD35_10,GDD35_10,portfolio_loss_cooldown,(2)軽微なコード変更,IS,GOLD2,,,,UNVERIFIED,UNVERIFIED_EA_INPUT,EA_IMPLEMENTATION_MISSING,family has no verified SIMVERIFY activation: portfolio_loss_cooldown,,,,,,,,,,,,,,,,,"{""GoldLabPortfolioCooldownHours"":24}",,,2026-08-15T07:08:10+00:00,2026-08-15T07:08:10+00:00,0.001,NotImplementedError('family has no verified SIMVERIFY activation: portfolio_loss_cooldown')
98399910eecc45399e1de3dba2685899,gdda_is_gdd35_11_20260815160810_983999,GDD35_11,GDD35_11,portfolio_loss_cooldown,(2)軽微なコード変更,IS,GOLD2,,,,UNVERIFIED,UNVERIFIED_EA_INPUT,EA_IMPLEMENTATION_MISSING,family has no verified SIMVERIFY activation: portfolio_loss_cooldown,,,,,,,,,,,,,,,,,"{""GoldLabPortfolioCooldownHours"":30}",,,2026-08-15T07:08:10+00:00,2026-08-15T07:08:10+00:00,0.001,NotImplementedError('family has no verified SIMVERIFY activation: portfolio_loss_cooldown')
ea6f8bf6a34a46cbb41d8555076b1b4b,gdda_is_gdd35_12_20260815160810_ea6f8b,GDD35_12,GDD35_12,portfolio_loss_cooldown,(2)軽微なコード変更,IS,GOLD2,,,,UNVERIFIED,UNVERIFIED_EA_INPUT,EA_IMPLEMENTATION_MISSING,family has no verified SIMVERIFY activation: portfolio_loss_cooldown,,,,,,,,,,,,,,,,,"{""GoldLabPortfolioCooldownHours"":36}",,,2026-08-15T07:08:10+00:00,2026-08-15T07:08:10+00:00,0.001,NotImplementedError('family has no verified SIMVERIFY activation: portfolio_loss_cooldown')
3dbf4c74e7f6404f819eedfdeee74e3e,gdda_is_gdd35_13_20260815160810_3dbf4c,GDD35_13,GDD35_13,portfolio_loss_cooldown,(2)軽微なコード変更,IS,GOLD2,,,,UNVERIFIED,UNVERIFIED_EA_INPUT,EA_IMPLEMENTATION_MISSING,family has no verified SIMVERIFY activation: portfolio_loss_cooldown,,,,,,,,,,,,,,,,,"{""GoldLabPortfolioCooldownHours"":48}",,,2026-08-15T07:08:10+00:00,2026-08-15T07:08:10+00:00,0.001,NotImplementedError('family has no verified SIMVERIFY activation: portfolio_loss_cooldown')
a289ac765703472097f8dfd2cc23db39,gdda_is_gdd35_14_20260815160810_a289ac,GDD35_14,GDD35_14,portfolio_loss_cooldown,(2)軽微なコード変更,IS,GOLD2,,,,UNVERIFIED,UNVERIFIED_EA_INPUT,EA_IMPLEMENTATION_MISSING,family has no verified SIMVERIFY activation: portfolio_loss_cooldown,,,,,,,,,,,,,,,,,"{""GoldLabPortfolioCooldownHours"":60}",,,2026-08-15T07:08:10+00:00,2026-08-15T07:08:10+00:00,0.001,NotImplementedError('family has no verified SIMVERIFY activation: portfolio_loss_cooldown')
31385bb9d6b247da96d332f5bea888a3,gdda_is_gdd35_15_20260815160810_31385b,GDD35_15,GDD35_15,portfolio_loss_cooldown,(2)軽微なコード変更,IS,GOLD2,,,,UNVERIFIED,UNVERIFIED_EA_INPUT,EA_IMPLEMENTATION_MISSING,family has no verified SIMVERIFY activation: portfolio_loss_cooldown,,,,,,,,,,,,,,,,,"{""GoldLabPortfolioCooldownHours"":72}",,,2026-08-15T07:08:10+00:00,2026-08-15T07:08:10+00:00,0.001,NotImplementedError('family has no verified SIMVERIFY activation: portfolio_loss_cooldown')
030ddd6ef2df459988efff44047c986c,gdda_is_gdd35_16_20260815160810_030ddd,GDD35_16,GDD35_16,portfolio_loss_cooldown,(2)軽微なコード変更,IS,GOLD2,,,,UNVERIFIED,UNVERIFIED_EA_INPUT,EA_IMPLEMENTATION_MISSING,family has no verified SIMVERIFY activation: portfolio_loss_cooldown,,,,,,,,,,,,,,,,,"{""GoldLabPortfolioCooldownHours"":96}",,,2026-08-15T07:08:10+00:00,2026-08-15T07:08:10+00:00,0.001,NotImplementedError('family has no verified SIMVERIFY activation: portfolio_loss_cooldown')
da55f6b88ad74907a7005b60b2f92366,gdda_is_gdd35_17_20260815160810_da55f6,GDD35_17,GDD35_17,portfolio_loss_cooldown,(2)軽微なコード変更,IS,GOLD2,,,,UNVERIFIED,UNVERIFIED_EA_INPUT,EA_IMPLEMENTATION_MISSING,family has no verified SIMVERIFY activation: portfolio_loss_cooldown,,,,,,,,,,,,,,,,,"{""GoldLabPortfolioCooldownHours"":120}",,,2026-08-15T07:08:10+00:00,2026-08-15T07:08:10+00:00,0.001,NotImplementedError('family has no verified SIMVERIFY activation: portfolio_loss_cooldown')
7e00455855fe48c49cb5965e68673d10,gdda_is_gdd35_18_20260815160810_7e0045,GDD35_18,GDD35_18,portfolio_loss_cooldown,(2)軽微なコード変更,IS,GOLD2,,,,UNVERIFIED,UNVERIFIED_EA_INPUT,EA_IMPLEMENTATION_MISSING,family has no verified SIMVERIFY activation: portfolio_loss_cooldown,,,,,,,,,,,,,,,,,"{""GoldLabPortfolioCooldownHours"":144}",,,2026-08-15T07:08:10+00:00,2026-08-15T07:08:10+00:00,0.001,NotImplementedError('family has no verified SIMVERIFY activation: portfolio_loss_cooldown')
5dd50c37267a41cc9d8848d466138ad8,gdda_is_gdd35_19_20260815160810_5dd50c,GDD35_19,GDD35_19,portfolio_loss_cooldown,(2)軽微なコード変更,IS,GOLD2,,,,UNVERIFIED,UNVERIFIED_EA_INPUT,EA_IMPLEMENTATION_MISSING,family has no verified SIMVERIFY activation: portfolio_loss_cooldown,,,,,,,,,,,,,,,,,"{""GoldLabPortfolioCooldownHours"":168}",,,2026-08-15T07:08:10+00:00,2026-08-15T07:08:10+00:00,0.001,NotImplementedError('family has no verified SIMVERIFY activation: portfolio_loss_cooldown')
2ec58f2ffa474fc0a77025cae5fef739,gdda_is_gdd35_20_20260815160810_2ec58f,GDD35_20,GDD35_20,portfolio_loss_cooldown,(2)軽微なコード変更,IS,GOLD2,,,,UNVERIFIED,UNVERIFIED_EA_INPUT,EA_IMPLEMENTATION_MISSING,family has no verified SIMVERIFY activation: portfolio_loss_cooldown,,,,,,,,,,,,,,,,,"{""GoldLabPortfolioCooldownHours"":240}",,,2026-08-15T07:08:10+00:00,2026-08-15T07:08:10+00:00,0.001,NotImplementedError('family has no verified SIMVERIFY activation: portfolio_loss_cooldown')
36f8a9729f5540ac959ed8c2fe14a5df,gdda_is_gdd36_01_20260815160810_36f8a9,GDD36_01,GDD36_01,sleeve_loss_cooldown,(2)軽微なコード変更,IS,GOLD2,,,,UNVERIFIED,UNVERIFIED_EA_INPUT,EA_IMPLEMENTATION_MISSING,family has no verified SIMVERIFY activation: sleeve_loss_cooldown,,,,,,,,,,,,,,,,,"{""GoldLabSleeveCooldownHours"":1}",,,2026-08-15T07:08:10+00:00,2026-08-15T07:08:10+00:00,0.001,NotImplementedError('family has no verified SIMVERIFY activation: sleeve_loss_cooldown')
5ff3583acfb74dd5a0dcd889282aeef7,gdda_is_gdd36_02_20260815160810_5ff358,GDD36_02,GDD36_02,sleeve_loss_cooldown,(2)軽微なコード変更,IS,GOLD2,,,,UNVERIFIED,UNVERIFIED_EA_INPUT,EA_IMPLEMENTATION_MISSING,family has no verified SIMVERIFY activation: sleeve_loss_cooldown,,,,,,,,,,,,,,,,,"{""GoldLabSleeveCooldownHours"":2}",,,2026-08-15T07:08:10+00:00,2026-08-15T07:08:10+00:00,0.001,NotImplementedError('family has no verified SIMVERIFY activation: sleeve_loss_cooldown')
daefd6fdd6fe484aa698ff47873eb13e,gdda_is_gdd36_03_20260815160810_daefd6,GDD36_03,GDD36_03,sleeve_loss_cooldown,(2)軽微なコード変更,IS,GOLD2,,,,UNVERIFIED,UNVERIFIED_EA_INPUT,EA_IMPLEMENTATION_MISSING,family has no verified SIMVERIFY activation: sleeve_loss_cooldown,,,,,,,,,,,,,,,,,"{""GoldLabSleeveCooldownHours"":3}",,,2026-08-15T07:08:10+00:00,2026-08-15T07:08:10+00:00,0.001,NotImplementedError('family has no verified SIMVERIFY activation: sleeve_loss_cooldown')
bb596f00b0564ba08da93b087bdad741,gdda_is_gdd36_04_20260815160810_bb596f,GDD36_04,GDD36_04,sleeve_loss_cooldown,(2)軽微なコード変更,IS,GOLD2,,,,UNVERIFIED,UNVERIFIED_EA_INPUT,EA_IMPLEMENTATION_MISSING,family has no verified SIMVERIFY activation: sleeve_loss_cooldown,,,,,,,,,,,,,,,,,"{""GoldLabSleeveCooldownHours"":4}",,,2026-08-15T07:08:10+00:00,2026-08-15T07:08:10+00:00,0.001,NotImplementedError('family has no verified SIMVERIFY activation: sleeve_loss_cooldown')
7f96bf65506541b4a557c12e1fd6662c,gdda_is_gdd36_05_20260815160810_7f96bf,GDD36_05,GDD36_05,sleeve_loss_cooldown,(2)軽微なコード変更,IS,GOLD2,,,,UNVERIFIED,UNVERIFIED_EA_INPUT,EA_IMPLEMENTATION_MISSING,family has no verified SIMVERIFY activation: sleeve_loss_cooldown,,,,,,,,,,,,,,,,,"{""GoldLabSleeveCooldownHours"":6}",,,2026-08-15T07:08:10+00:00,2026-08-15T07:08:10+00:00,0.001,NotImplementedError('family has no verified SIMVERIFY activation: sleeve_loss_cooldown')
94e61cb46eab4d5881411ca2697e400e,gdda_is_gdd36_06_20260815160810_94e61c,GDD36_06,GDD36_06,sleeve_loss_cooldown,(2)軽微なコード変更,IS,GOLD2,,,,UNVERIFIED,UNVERIFIED_EA_INPUT,EA_IMPLEMENTATION_MISSING,family has no verified SIMVERIFY activation: sleeve_loss_cooldown,,,,,,,,,,,,,,,,,"{""GoldLabSleeveCooldownHours"":8}",,,2026-08-15T07:08:10+00:00,2026-08-15T07:08:10+00:00,0.001,NotImplementedError('family has no verified SIMVERIFY activation: sleeve_loss_cooldown')
abcb13cc661d4167b628cd730698f94a,gdda_is_gdd36_07_20260815160810_abcb13,GDD36_07,GDD36_07,sleeve_loss_cooldown,(2)軽微なコード変更,IS,GOLD2,,,,UNVERIFIED,UNVERIFIED_EA_INPUT,EA_IMPLEMENTATION_MISSING,family has no verified SIMVERIFY activation: sleeve_loss_cooldown,,,,,,,,,,,,,,,,,"{""GoldLabSleeveCooldownHours"":12}",,,2026-08-15T07:08:10+00:00,2026-08-15T07:08:10+00:00,0.001,NotImplementedError('family has no verified SIMVERIFY activation: sleeve_loss_cooldown')
f5031db902f54a0d8544a0e8f67460ba,gdda_is_gdd36_08_20260815160810_f5031d,GDD36_08,GDD36_08,sleeve_loss_cooldown,(2)軽微なコード変更,IS,GOLD2,,,,UNVERIFIED,UNVERIFIED_EA_INPUT,EA_IMPLEMENTATION_MISSING,family has no verified SIMVERIFY activation: sleeve_loss_cooldown,,,,,,,,,,,,,,,,,"{""GoldLabSleeveCooldownHours"":16}",,,2026-08-15T07:08:10+00:00,2026-08-15T07:08:10+00:00,0.001,NotImplementedError('family has no verified SIMVERIFY activation: sleeve_loss_cooldown')
7986d3156d054dcb8ceb805c93827023,gdda_is_gdd36_09_20260815160810_7986d3,GDD36_09,GDD36_09,sleeve_loss_cooldown,(2)軽微なコード変更,IS,GOLD2,,,,UNVERIFIED,UNVERIFIED_EA_INPUT,EA_IMPLEMENTATION_MISSING,family has no verified SIMVERIFY activation: sleeve_loss_cooldown,,,,,,,,,,,,,,,,,"{""GoldLabSleeveCooldownHours"":20}",,,2026-08-15T07:08:10+00:00,2026-08-15T07:08:10+00:00,0.001,NotImplementedError('family has no verified SIMVERIFY activation: sleeve_loss_cooldown')
75b2c62cc6d645a9972ac816fd5e87cd,gdda_is_gdd36_10_20260815160810_75b2c6,GDD36_10,GDD36_10,sleeve_loss_cooldown,(2)軽微なコード変更,IS,GOLD2,,,,UNVERIFIED,UNVERIFIED_EA_INPUT,EA_IMPLEMENTATION_MISSING,family has no verified SIMVERIFY activation: sleeve_loss_cooldown,,,,,,,,,,,,,,,,,"{""GoldLabSleeveCooldownHours"":24}",,,2026-08-15T07:08:10+00:00,2026-08-15T07:08:10+00:00,0.001,NotImplementedError('family has no verified SIMVERIFY activation: sleeve_loss_cooldown')
355a3527bd12447c9ffa789ca4b0819d,gdda_is_gdd36_11_20260815160810_355a35,GDD36_11,GDD36_11,sleeve_loss_cooldown,(2)軽微なコード変更,IS,GOLD2,,,,UNVERIFIED,UNVERIFIED_EA_INPUT,EA_IMPLEMENTATION_MISSING,family has no verified SIMVERIFY activation: sleeve_loss_cooldown,,,,,,,,,,,,,,,,,"{""GoldLabSleeveCooldownHours"":30}",,,2026-08-15T07:08:10+00:00,2026-08-15T07:08:10+00:00,0.001,NotImplementedError('family has no verified SIMVERIFY activation: sleeve_loss_cooldown')
a856fb70b6a6479297c642b4a0fb0f80,gdda_is_gdd36_12_20260815160810_a856fb,GDD36_12,GDD36_12,sleeve_loss_cooldown,(2)軽微なコード変更,IS,GOLD2,,,,UNVERIFIED,UNVERIFIED_EA_INPUT,EA_IMPLEMENTATION_MISSING,family has no verified SIMVERIFY activation: sleeve_loss_cooldown,,,,,,,,,,,,,,,,,"{""GoldLabSleeveCooldownHours"":36}",,,2026-08-15T07:08:10+00:00,2026-08-15T07:08:10+00:00,0.001,NotImplementedError('family has no verified SIMVERIFY activation: sleeve_loss_cooldown')
8f5492721a5f4d6b8dc45f8846b8e7f8,gdda_is_gdd36_13_20260815160810_8f5492,GDD36_13,GDD36_13,sleeve_loss_cooldown,(2)軽微なコード変更,IS,GOLD2,,,,UNVERIFIED,UNVERIFIED_EA_INPUT,EA_IMPLEMENTATION_MISSING,family has no verified SIMVERIFY activation: sleeve_loss_cooldown,,,,,,,,,,,,,,,,,"{""GoldLabSleeveCooldownHours"":48}",,,2026-08-15T07:08:10+00:00,2026-08-15T07:08:10+00:00,0.001,NotImplementedError('family has no verified SIMVERIFY activation: sleeve_loss_cooldown')
85897321ebbf4d59bb4dc4ecfbb9382f,gdda_is_gdd36_14_20260815160810_858973,GDD36_14,GDD36_14,sleeve_loss_cooldown,(2)軽微なコード変更,IS,GOLD2,,,,UNVERIFIED,UNVERIFIED_EA_INPUT,EA_IMPLEMENTATION_MISSING,family has no verified SIMVERIFY activation: sleeve_loss_cooldown,,,,,,,,,,,,,,,,,"{""GoldLabSleeveCooldownHours"":60}",,,2026-08-15T07:08:10+00:00,2026-08-15T07:08:10+00:00,0.001,NotImplementedError('family has no verified SIMVERIFY activation: sleeve_loss_cooldown')
229be3232e0e4226aab0e4cecafb187b,gdda_is_gdd36_15_20260815160810_229be3,GDD36_15,GDD36_15,sleeve_loss_cooldown,(2)軽微なコード変更,IS,GOLD2,,,,UNVERIFIED,UNVERIFIED_EA_INPUT,EA_IMPLEMENTATION_MISSING,family has no verified SIMVERIFY activation: sleeve_loss_cooldown,,,,,,,,,,,,,,,,,"{""GoldLabSleeveCooldownHours"":72}",,,2026-08-15T07:08:10+00:00,2026-08-15T07:08:10+00:00,0.001,NotImplementedError('family has no verified SIMVERIFY activation: sleeve_loss_cooldown')
5fa0f7c58bd34ab79fac1919281f85e8,gdda_is_gdd36_16_20260815160810_5fa0f7,GDD36_16,GDD36_16,sleeve_loss_cooldown,(2)軽微なコード変更,IS,GOLD2,,,,UNVERIFIED,UNVERIFIED_EA_INPUT,EA_IMPLEMENTATION_MISSING,family has no verified SIMVERIFY activation: sleeve_loss_cooldown,,,,,,,,,,,,,,,,,"{""GoldLabSleeveCooldownHours"":96}",,,2026-08-15T07:08:10+00:00,2026-08-15T07:08:10+00:00,0.001,NotImplementedError('family has no verified SIMVERIFY activation: sleeve_loss_cooldown')
09398338428e4feb8036a2c7dbcf1069,gdda_is_gdd36_17_20260815160810_093983,GDD36_17,GDD36_17,sleeve_loss_cooldown,(2)軽微なコード変更,IS,GOLD2,,,,UNVERIFIED,UNVERIFIED_EA_INPUT,EA_IMPLEMENTATION_MISSING,family has no verified SIMVERIFY activation: sleeve_loss_cooldown,,,,,,,,,,,,,,,,,"{""GoldLabSleeveCooldownHours"":120}",,,2026-08-15T07:08:10+00:00,2026-08-15T07:08:10+00:00,0.001,NotImplementedError('family has no verified SIMVERIFY activation: sleeve_loss_cooldown')
8c7481808d5e41f9a188d9dbd0da1246,gdda_is_gdd36_18_20260815160810_8c7481,GDD36_18,GDD36_18,sleeve_loss_cooldown,(2)軽微なコード変更,IS,GOLD2,,,,UNVERIFIED,UNVERIFIED_EA_INPUT,EA_IMPLEMENTATION_MISSING,family has no verified SIMVERIFY activation: sleeve_loss_cooldown,,,,,,,,,,,,,,,,,"{""GoldLabSleeveCooldownHours"":144}",,,2026-08-15T07:08:10+00:00,2026-08-15T07:08:10+00:00,0.001,NotImplementedError('family has no verified SIMVERIFY activation: sleeve_loss_cooldown')
d283d2f649054514b8669d391a865b22,gdda_is_gdd36_19_20260815160810_d283d2,GDD36_19,GDD36_19,sleeve_loss_cooldown,(2)軽微なコード変更,IS,GOLD2,,,,UNVERIFIED,UNVERIFIED_EA_INPUT,EA_IMPLEMENTATION_MISSING,family has no verified SIMVERIFY activation: sleeve_loss_cooldown,,,,,,,,,,,,,,,,,"{""GoldLabSleeveCooldownHours"":168}",,,2026-08-15T07:08:10+00:00,2026-08-15T07:08:10+00:00,0.001,NotImplementedError('family has no verified SIMVERIFY activation: sleeve_loss_cooldown')
9c7c23e63ba6495eabdb6433e07deaf7,gdda_is_gdd36_20_20260815160810_9c7c23,GDD36_20,GDD36_20,sleeve_loss_cooldown,(2)軽微なコード変更,IS,GOLD2,,,,UNVERIFIED,UNVERIFIED_EA_INPUT,EA_IMPLEMENTATION_MISSING,family has no verified SIMVERIFY activation: sleeve_loss_cooldown,,,,,,,,,,,,,,,,,"{""GoldLabSleeveCooldownHours"":240}",,,2026-08-15T07:08:10+00:00,2026-08-15T07:08:10+00:00,0.001,NotImplementedError('family has no verified SIMVERIFY activation: sleeve_loss_cooldown')
373036f527634be4a1e5e7365b72ebea,gdda_is_gdd37_01_20260815160810_373036,GDD37_01,GDD37_01,daily_loss_cap,(2)軽微なコード変更,IS,GOLD2,,,,UNVERIFIED,UNVERIFIED_EA_INPUT,EA_IMPLEMENTATION_MISSING,family has no verified SIMVERIFY activation: daily_loss_cap,,,,,,,,,,,,,,,,,"{""GoldLabDailyLossCapJPY"":1000}",,,2026-08-15T07:08:10+00:00,2026-08-15T07:08:10+00:00,0.001,NotImplementedError('family has no verified SIMVERIFY activation: daily_loss_cap')
8c2c4e701d254910bb8d85ad26e9ee75,gdda_is_gdd37_02_20260815160810_8c2c4e,GDD37_02,GDD37_02,daily_loss_cap,(2)軽微なコード変更,IS,GOLD2,,,,UNVERIFIED,UNVERIFIED_EA_INPUT,EA_IMPLEMENTATION_MISSING,family has no verified SIMVERIFY activation: daily_loss_cap,,,,,,,,,,,,,,,,,"{""GoldLabDailyLossCapJPY"":2000}",,,2026-08-15T07:08:10+00:00,2026-08-15T07:08:10+00:00,0.001,NotImplementedError('family has no verified SIMVERIFY activation: daily_loss_cap')
855aca93356048ec92ccb2bfdcff704a,gdda_is_gdd37_03_20260815160810_855aca,GDD37_03,GDD37_03,daily_loss_cap,(2)軽微なコード変更,IS,GOLD2,,,,UNVERIFIED,UNVERIFIED_EA_INPUT,EA_IMPLEMENTATION_MISSING,family has no verified SIMVERIFY activation: daily_loss_cap,,,,,,,,,,,,,,,,,"{""GoldLabDailyLossCapJPY"":3000}",,,2026-08-15T07:08:10+00:00,2026-08-15T07:08:10+00:00,0.001,NotImplementedError('family has no verified SIMVERIFY activation: daily_loss_cap')
2580ca1d83c44e44ace11bd700502194,gdda_is_gdd37_04_20260815160810_2580ca,GDD37_04,GDD37_04,daily_loss_cap,(2)軽微なコード変更,IS,GOLD2,,,,UNVERIFIED,UNVERIFIED_EA_INPUT,EA_IMPLEMENTATION_MISSING,family has no verified SIMVERIFY activation: daily_loss_cap,,,,,,,,,,,,,,,,,"{""GoldLabDailyLossCapJPY"":4000}",,,2026-08-15T07:08:10+00:00,2026-08-15T07:08:10+00:00,0.001,NotImplementedError('family has no verified SIMVERIFY activation: daily_loss_cap')
2cf04c422b3a4dfc8225f8f5c9608204,gdda_is_gdd37_05_20260815160810_2cf04c,GDD37_05,GDD37_05,daily_loss_cap,(2)軽微なコード変更,IS,GOLD2,,,,UNVERIFIED,UNVERIFIED_EA_INPUT,EA_IMPLEMENTATION_MISSING,family has no verified SIMVERIFY activation: daily_loss_cap,,,,,,,,,,,,,,,,,"{""GoldLabDailyLossCapJPY"":5000}",,,2026-08-15T07:08:10+00:00,2026-08-15T07:08:10+00:00,0.001,NotImplementedError('family has no verified SIMVERIFY activation: daily_loss_cap')
b01ec6eb0c2f47f087ad75c394e0f3f1,gdda_is_gdd37_06_20260815160810_b01ec6,GDD37_06,GDD37_06,daily_loss_cap,(2)軽微なコード変更,IS,GOLD2,,,,UNVERIFIED,UNVERIFIED_EA_INPUT,EA_IMPLEMENTATION_MISSING,family has no verified SIMVERIFY activation: daily_loss_cap,,,,,,,,,,,,,,,,,"{""GoldLabDailyLossCapJPY"":6000}",,,2026-08-15T07:08:10+00:00,2026-08-15T07:08:10+00:00,0.001,NotImplementedError('family has no verified SIMVERIFY activation: daily_loss_cap')
a2bfae5cfb324803b55d828410b503a3,gdda_is_gdd37_07_20260815160810_a2bfae,GDD37_07,GDD37_07,daily_loss_cap,(2)軽微なコード変更,IS,GOLD2,,,,UNVERIFIED,UNVERIFIED_EA_INPUT,EA_IMPLEMENTATION_MISSING,family has no verified SIMVERIFY activation: daily_loss_cap,,,,,,,,,,,,,,,,,"{""GoldLabDailyLossCapJPY"":7000}",,,2026-08-15T07:08:10+00:00,2026-08-15T07:08:10+00:00,0.001,NotImplementedError('family has no verified SIMVERIFY activation: daily_loss_cap')
62ae6c0c97474283ac640efc8af1e555,gdda_is_gdd37_08_20260815160810_62ae6c,GDD37_08,GDD37_08,daily_loss_cap,(2)軽微なコード変更,IS,GOLD2,,,,UNVERIFIED,UNVERIFIED_EA_INPUT,EA_IMPLEMENTATION_MISSING,family has no verified SIMVERIFY activation: daily_loss_cap,,,,,,,,,,,,,,,,,"{""GoldLabDailyLossCapJPY"":8000}",,,2026-08-15T07:08:10+00:00,2026-08-15T07:08:10+00:00,0.001,NotImplementedError('family has no verified SIMVERIFY activation: daily_loss_cap')
59f953310b5a41699ea0cfddf3889c9e,gdda_is_gdd37_09_20260815160810_59f953,GDD37_09,GDD37_09,daily_loss_cap,(2)軽微なコード変更,IS,GOLD2,,,,UNVERIFIED,UNVERIFIED_EA_INPUT,EA_IMPLEMENTATION_MISSING,family has no verified SIMVERIFY activation: daily_loss_cap,,,,,,,,,,,,,,,,,"{""GoldLabDailyLossCapJPY"":9000}",,,2026-08-15T07:08:10+00:00,2026-08-15T07:08:10+00:00,0.001,NotImplementedError('family has no verified SIMVERIFY activation: daily_loss_cap')
31d5e874c20d45f687ba4a362ff395ad,gdda_is_gdd37_10_20260815160810_31d5e8,GDD37_10,GDD37_10,daily_loss_cap,(2)軽微なコード変更,IS,GOLD2,,,,UNVERIFIED,UNVERIFIED_EA_INPUT,EA_IMPLEMENTATION_MISSING,family has no verified SIMVERIFY activation: daily_loss_cap,,,,,,,,,,,,,,,,,"{""GoldLabDailyLossCapJPY"":10000}",,,2026-08-15T07:08:10+00:00,2026-08-15T07:08:10+00:00,0.001,NotImplementedError('family has no verified SIMVERIFY activation: daily_loss_cap')
b2329d5d6cd14b22aa0f364a79477110,gdda_is_gdd37_11_20260815160810_b2329d,GDD37_11,GDD37_11,daily_loss_cap,(2)軽微なコード変更,IS,GOLD2,,,,UNVERIFIED,UNVERIFIED_EA_INPUT,EA_IMPLEMENTATION_MISSING,family has no verified SIMVERIFY activation: daily_loss_cap,,,,,,,,,,,,,,,,,"{""GoldLabDailyLossCapJPY"":11000}",,,2026-08-15T07:08:10+00:00,2026-08-15T07:08:10+00:00,0.001,NotImplementedError('family has no verified SIMVERIFY activation: daily_loss_cap')
37781833578841a28caf62e96d32e04c,gdda_is_gdd37_12_20260815160810_377818,GDD37_12,GDD37_12,daily_loss_cap,(2)軽微なコード変更,IS,GOLD2,,,,UNVERIFIED,UNVERIFIED_EA_INPUT,EA_IMPLEMENTATION_MISSING,family has no verified SIMVERIFY activation: daily_loss_cap,,,,,,,,,,,,,,,,,"{""GoldLabDailyLossCapJPY"":12000}",,,2026-08-15T07:08:10+00:00,2026-08-15T07:08:10+00:00,0.001,NotImplementedError('family has no verified SIMVERIFY activation: daily_loss_cap')
fb404a34946749a799e5bf23bf587203,gdda_is_gdd37_13_20260815160810_fb404a,GDD37_13,GDD37_13,daily_loss_cap,(2)軽微なコード変更,IS,GOLD2,,,,UNVERIFIED,UNVERIFIED_EA_INPUT,EA_IMPLEMENTATION_MISSING,family has no verified SIMVERIFY activation: daily_loss_cap,,,,,,,,,,,,,,,,,"{""GoldLabDailyLossCapJPY"":13000}",,,2026-08-15T07:08:10+00:00,2026-08-15T07:08:10+00:00,0.002,NotImplementedError('family has no verified SIMVERIFY activation: daily_loss_cap')
b8e0ca921a7c494da4fac48db15dbe3e,gdda_is_gdd37_14_20260815160810_b8e0ca,GDD37_14,GDD37_14,daily_loss_cap,(2)軽微なコード変更,IS,GOLD2,,,,UNVERIFIED,UNVERIFIED_EA_INPUT,EA_IMPLEMENTATION_MISSING,family has no verified SIMVERIFY activation: daily_loss_cap,,,,,,,,,,,,,,,,,"{""GoldLabDailyLossCapJPY"":14000}",,,2026-08-15T07:08:10+00:00,2026-08-15T07:08:10+00:00,0.001,NotImplementedError('family has no verified SIMVERIFY activation: daily_loss_cap')
4dacce9134f84f8fbf1cb6a506d689a8,gdda_is_gdd37_15_20260815160810_4dacce,GDD37_15,GDD37_15,daily_loss_cap,(2)軽微なコード変更,IS,GOLD2,,,,UNVERIFIED,UNVERIFIED_EA_INPUT,EA_IMPLEMENTATION_MISSING,family has no verified SIMVERIFY activation: daily_loss_cap,,,,,,,,,,,,,,,,,"{""GoldLabDailyLossCapJPY"":15000}",,,2026-08-15T07:08:10+00:00,2026-08-15T07:08:10+00:00,0.001,NotImplementedError('family has no verified SIMVERIFY activation: daily_loss_cap')
f5616396cf7b409fa7c94bd97051b83c,gdda_is_gdd37_16_20260815160810_f56163,GDD37_16,GDD37_16,daily_loss_cap,(2)軽微なコード変更,IS,GOLD2,,,,UNVERIFIED,UNVERIFIED_EA_INPUT,EA_IMPLEMENTATION_MISSING,family has no verified SIMVERIFY activation: daily_loss_cap,,,,,,,,,,,,,,,,,"{""GoldLabDailyLossCapJPY"":16000}",,,2026-08-15T07:08:10+00:00,2026-08-15T07:08:10+00:00,0.001,NotImplementedError('family has no verified SIMVERIFY activation: daily_loss_cap')
f4e0d951b8be435c91bb9b994754d85b,gdda_is_gdd37_17_20260815160810_f4e0d9,GDD37_17,GDD37_17,daily_loss_cap,(2)軽微なコード変更,IS,GOLD2,,,,UNVERIFIED,UNVERIFIED_EA_INPUT,EA_IMPLEMENTATION_MISSING,family has no verified SIMVERIFY activation: daily_loss_cap,,,,,,,,,,,,,,,,,"{""GoldLabDailyLossCapJPY"":17000}",,,2026-08-15T07:08:10+00:00,2026-08-15T07:08:10+00:00,0.001,NotImplementedError('family has no verified SIMVERIFY activation: daily_loss_cap')
623683a9245c4574aab363a6b07ab520,gdda_is_gdd37_18_20260815160810_623683,GDD37_18,GDD37_18,daily_loss_cap,(2)軽微なコード変更,IS,GOLD2,,,,UNVERIFIED,UNVERIFIED_EA_INPUT,EA_IMPLEMENTATION_MISSING,family has no verified SIMVERIFY activation: daily_loss_cap,,,,,,,,,,,,,,,,,"{""GoldLabDailyLossCapJPY"":18000}",,,2026-08-15T07:08:10+00:00,2026-08-15T07:08:10+00:00,0.001,NotImplementedError('family has no verified SIMVERIFY activation: daily_loss_cap')
a10c2031b1fa4749b3230f8f79d3297c,gdda_is_gdd37_19_20260815160810_a10c20,GDD37_19,GDD37_19,daily_loss_cap,(2)軽微なコード変更,IS,GOLD2,,,,UNVERIFIED,UNVERIFIED_EA_INPUT,EA_IMPLEMENTATION_MISSING,family has no verified SIMVERIFY activation: daily_loss_cap,,,,,,,,,,,,,,,,,"{""GoldLabDailyLossCapJPY"":19000}",,,2026-08-15T07:08:10+00:00,2026-08-15T07:08:10+00:00,0.001,NotImplementedError('family has no verified SIMVERIFY activation: daily_loss_cap')
7a41993a327341ba9deeffbfacb0f072,gdda_is_gdd37_20_20260815160810_7a4199,GDD37_20,GDD37_20,daily_loss_cap,(2)軽微なコード変更,IS,GOLD2,,,,UNVERIFIED,UNVERIFIED_EA_INPUT,EA_IMPLEMENTATION_MISSING,family has no verified SIMVERIFY activation: daily_loss_cap,,,,,,,,,,,,,,,,,"{""GoldLabDailyLossCapJPY"":20000}",,,2026-08-15T07:08:10+00:00,2026-08-15T07:08:10+00:00,0.001,NotImplementedError('family has no verified SIMVERIFY activation: daily_loss_cap')
3a28233bbd034970973aca733c09ab7b,gdda_is_gdd38_01_20260815160810_3a2823,GDD38_01,GDD38_01,weekly_loss_cap,(2)軽微なコード変更,IS,GOLD2,,,,UNVERIFIED,UNVERIFIED_EA_INPUT,EA_IMPLEMENTATION_MISSING,family has no verified SIMVERIFY activation: weekly_loss_cap,,,,,,,,,,,,,,,,,"{""GoldLabWeeklyLossCapJPY"":2000}",,,2026-08-15T07:08:10+00:00,2026-08-15T07:08:10+00:00,0.001,NotImplementedError('family has no verified SIMVERIFY activation: weekly_loss_cap')
d31a4a876ed241478b0c5d623c281df2,gdda_is_gdd38_02_20260815160810_d31a4a,GDD38_02,GDD38_02,weekly_loss_cap,(2)軽微なコード変更,IS,GOLD2,,,,UNVERIFIED,UNVERIFIED_EA_INPUT,EA_IMPLEMENTATION_MISSING,family has no verified SIMVERIFY activation: weekly_loss_cap,,,,,,,,,,,,,,,,,"{""GoldLabWeeklyLossCapJPY"":4000}",,,2026-08-15T07:08:10+00:00,2026-08-15T07:08:10+00:00,0.001,NotImplementedError('family has no verified SIMVERIFY activation: weekly_loss_cap')
3be29a92f9ce4cd896e13ba6bfcdad5e,gdda_is_gdd38_03_20260815160810_3be29a,GDD38_03,GDD38_03,weekly_loss_cap,(2)軽微なコード変更,IS,GOLD2,,,,UNVERIFIED,UNVERIFIED_EA_INPUT,EA_IMPLEMENTATION_MISSING,family has no verified SIMVERIFY activation: weekly_loss_cap,,,,,,,,,,,,,,,,,"{""GoldLabWeeklyLossCapJPY"":6000}",,,2026-08-15T07:08:10+00:00,2026-08-15T07:08:10+00:00,0.001,NotImplementedError('family has no verified SIMVERIFY activation: weekly_loss_cap')
8688b0e5397f4c9ca406d12c4da60224,gdda_is_gdd38_04_20260815160810_8688b0,GDD38_04,GDD38_04,weekly_loss_cap,(2)軽微なコード変更,IS,GOLD2,,,,UNVERIFIED,UNVERIFIED_EA_INPUT,EA_IMPLEMENTATION_MISSING,family has no verified SIMVERIFY activation: weekly_loss_cap,,,,,,,,,,,,,,,,,"{""GoldLabWeeklyLossCapJPY"":8000}",,,2026-08-15T07:08:10+00:00,2026-08-15T07:08:10+00:00,0.001,NotImplementedError('family has no verified SIMVERIFY activation: weekly_loss_cap')
b3e57ac51985475fa04ea5708f338bac,gdda_is_gdd38_05_20260815160810_b3e57a,GDD38_05,GDD38_05,weekly_loss_cap,(2)軽微なコード変更,IS,GOLD2,,,,UNVERIFIED,UNVERIFIED_EA_INPUT,EA_IMPLEMENTATION_MISSING,family has no verified SIMVERIFY activation: weekly_loss_cap,,,,,,,,,,,,,,,,,"{""GoldLabWeeklyLossCapJPY"":10000}",,,2026-08-15T07:08:10+00:00,2026-08-15T07:08:10+00:00,0.001,NotImplementedError('family has no verified SIMVERIFY activation: weekly_loss_cap')
9efc249cb95e4a6693ddbb56e35860ec,gdda_is_gdd38_06_20260815160810_9efc24,GDD38_06,GDD38_06,weekly_loss_cap,(2)軽微なコード変更,IS,GOLD2,,,,UNVERIFIED,UNVERIFIED_EA_INPUT,EA_IMPLEMENTATION_MISSING,family has no verified SIMVERIFY activation: weekly_loss_cap,,,,,,,,,,,,,,,,,"{""GoldLabWeeklyLossCapJPY"":12000}",,,2026-08-15T07:08:10+00:00,2026-08-15T07:08:10+00:00,0.001,NotImplementedError('family has no verified SIMVERIFY activation: weekly_loss_cap')
3e5d80dd39714d8ea8df44f0fe382f91,gdda_is_gdd38_07_20260815160810_3e5d80,GDD38_07,GDD38_07,weekly_loss_cap,(2)軽微なコード変更,IS,GOLD2,,,,UNVERIFIED,UNVERIFIED_EA_INPUT,EA_IMPLEMENTATION_MISSING,family has no verified SIMVERIFY activation: weekly_loss_cap,,,,,,,,,,,,,,,,,"{""GoldLabWeeklyLossCapJPY"":14000}",,,2026-08-15T07:08:10+00:00,2026-08-15T07:08:10+00:00,0.001,NotImplementedError('family has no verified SIMVERIFY activation: weekly_loss_cap')
38b458c840df43db9d49c051e64c4265,gdda_is_gdd38_08_20260815160810_38b458,GDD38_08,GDD38_08,weekly_loss_cap,(2)軽微なコード変更,IS,GOLD2,,,,UNVERIFIED,UNVERIFIED_EA_INPUT,EA_IMPLEMENTATION_MISSING,family has no verified SIMVERIFY activation: weekly_loss_cap,,,,,,,,,,,,,,,,,"{""GoldLabWeeklyLossCapJPY"":16000}",,,2026-08-15T07:08:10+00:00,2026-08-15T07:08:10+00:00,0.001,NotImplementedError('family has no verified SIMVERIFY activation: weekly_loss_cap')
3602a0a14c54497a90d5eab54092a26d,gdda_is_gdd38_09_20260815160810_3602a0,GDD38_09,GDD38_09,weekly_loss_cap,(2)軽微なコード変更,IS,GOLD2,,,,UNVERIFIED,UNVERIFIED_EA_INPUT,EA_IMPLEMENTATION_MISSING,family has no verified SIMVERIFY activation: weekly_loss_cap,,,,,,,,,,,,,,,,,"{""GoldLabWeeklyLossCapJPY"":18000}",,,2026-08-15T07:08:10+00:00,2026-08-15T07:08:10+00:00,0.001,NotImplementedError('family has no verified SIMVERIFY activation: weekly_loss_cap')
4cc55f6356d8464e9a7111aab02c9c7d,gdda_is_gdd38_10_20260815160810_4cc55f,GDD38_10,GDD38_10,weekly_loss_cap,(2)軽微なコード変更,IS,GOLD2,,,,UNVERIFIED,UNVERIFIED_EA_INPUT,EA_IMPLEMENTATION_MISSING,family has no verified SIMVERIFY activation: weekly_loss_cap,,,,,,,,,,,,,,,,,"{""GoldLabWeeklyLossCapJPY"":20000}",,,2026-08-15T07:08:10+00:00,2026-08-15T07:08:10+00:00,0.001,NotImplementedError('family has no verified SIMVERIFY activation: weekly_loss_cap')
4eef69100870472ab2de488bb096251a,gdda_is_gdd38_11_20260815160810_4eef69,GDD38_11,GDD38_11,weekly_loss_cap,(2)軽微なコード変更,IS,GOLD2,,,,UNVERIFIED,UNVERIFIED_EA_INPUT,EA_IMPLEMENTATION_MISSING,family has no verified SIMVERIFY activation: weekly_loss_cap,,,,,,,,,,,,,,,,,"{""GoldLabWeeklyLossCapJPY"":22000}",,,2026-08-15T07:08:10+00:00,2026-08-15T07:08:10+00:00,0.001,NotImplementedError('family has no verified SIMVERIFY activation: weekly_loss_cap')
1ddefb9ae6214f8f9cd55dc918fca374,gdda_is_gdd38_12_20260815160810_1ddefb,GDD38_12,GDD38_12,weekly_loss_cap,(2)軽微なコード変更,IS,GOLD2,,,,UNVERIFIED,UNVERIFIED_EA_INPUT,EA_IMPLEMENTATION_MISSING,family has no verified SIMVERIFY activation: weekly_loss_cap,,,,,,,,,,,,,,,,,"{""GoldLabWeeklyLossCapJPY"":24000}",,,2026-08-15T07:08:10+00:00,2026-08-15T07:08:10+00:00,0.001,NotImplementedError('family has no verified SIMVERIFY activation: weekly_loss_cap')
a1ffbb4ee15d40df88380833bf5c1a6a,gdda_is_gdd38_13_20260815160810_a1ffbb,GDD38_13,GDD38_13,weekly_loss_cap,(2)軽微なコード変更,IS,GOLD2,,,,UNVERIFIED,UNVERIFIED_EA_INPUT,EA_IMPLEMENTATION_MISSING,family has no verified SIMVERIFY activation: weekly_loss_cap,,,,,,,,,,,,,,,,,"{""GoldLabWeeklyLossCapJPY"":26000}",,,2026-08-15T07:08:10+00:00,2026-08-15T07:08:10+00:00,0.001,NotImplementedError('family has no verified SIMVERIFY activation: weekly_loss_cap')
9c9633db409a47e0a08ae647a36baf9c,gdda_is_gdd38_14_20260815160810_9c9633,GDD38_14,GDD38_14,weekly_loss_cap,(2)軽微なコード変更,IS,GOLD2,,,,UNVERIFIED,UNVERIFIED_EA_INPUT,EA_IMPLEMENTATION_MISSING,family has no verified SIMVERIFY activation: weekly_loss_cap,,,,,,,,,,,,,,,,,"{""GoldLabWeeklyLossCapJPY"":28000}",,,2026-08-15T07:08:10+00:00,2026-08-15T07:08:10+00:00,0.001,NotImplementedError('family has no verified SIMVERIFY activation: weekly_loss_cap')
98d6cf81da5648a8a854d0f263586392,gdda_is_gdd38_15_20260815160811_98d6cf,GDD38_15,GDD38_15,weekly_loss_cap,(2)軽微なコード変更,IS,GOLD2,,,,UNVERIFIED,UNVERIFIED_EA_INPUT,EA_IMPLEMENTATION_MISSING,family has no verified SIMVERIFY activation: weekly_loss_cap,,,,,,,,,,,,,,,,,"{""GoldLabWeeklyLossCapJPY"":30000}",,,2026-08-15T07:08:11+00:00,2026-08-15T07:08:11+00:00,0.001,NotImplementedError('family has no verified SIMVERIFY activation: weekly_loss_cap')
966ef97ef3fd43879306236e228f062f,gdda_is_gdd38_16_20260815160811_966ef9,GDD38_16,GDD38_16,weekly_loss_cap,(2)軽微なコード変更,IS,GOLD2,,,,UNVERIFIED,UNVERIFIED_EA_INPUT,EA_IMPLEMENTATION_MISSING,family has no verified SIMVERIFY activation: weekly_loss_cap,,,,,,,,,,,,,,,,,"{""GoldLabWeeklyLossCapJPY"":32000}",,,2026-08-15T07:08:11+00:00,2026-08-15T07:08:11+00:00,0.001,NotImplementedError('family has no verified SIMVERIFY activation: weekly_loss_cap')
2913c1590dd243d395619b198342c310,gdda_is_gdd38_17_20260815160811_2913c1,GDD38_17,GDD38_17,weekly_loss_cap,(2)軽微なコード変更,IS,GOLD2,,,,UNVERIFIED,UNVERIFIED_EA_INPUT,EA_IMPLEMENTATION_MISSING,family has no verified SIMVERIFY activation: weekly_loss_cap,,,,,,,,,,,,,,,,,"{""GoldLabWeeklyLossCapJPY"":34000}",,,2026-08-15T07:08:11+00:00,2026-08-15T07:08:11+00:00,0.001,NotImplementedError('family has no verified SIMVERIFY activation: weekly_loss_cap')
d532b46b844c4b148166aab24e3a53f6,gdda_is_gdd38_18_20260815160811_d532b4,GDD38_18,GDD38_18,weekly_loss_cap,(2)軽微なコード変更,IS,GOLD2,,,,UNVERIFIED,UNVERIFIED_EA_INPUT,EA_IMPLEMENTATION_MISSING,family has no verified SIMVERIFY activation: weekly_loss_cap,,,,,,,,,,,,,,,,,"{""GoldLabWeeklyLossCapJPY"":36000}",,,2026-08-15T07:08:11+00:00,2026-08-15T07:08:11+00:00,0.001,NotImplementedError('family has no verified SIMVERIFY activation: weekly_loss_cap')
fd91fd169a5547b6b74d188069c1643d,gdda_is_gdd38_19_20260815160811_fd91fd,GDD38_19,GDD38_19,weekly_loss_cap,(2)軽微なコード変更,IS,GOLD2,,,,UNVERIFIED,UNVERIFIED_EA_INPUT,EA_IMPLEMENTATION_MISSING,family has no verified SIMVERIFY activation: weekly_loss_cap,,,,,,,,,,,,,,,,,"{""GoldLabWeeklyLossCapJPY"":38000}",,,2026-08-15T07:08:11+00:00,2026-08-15T07:08:11+00:00,0.001,NotImplementedError('family has no verified SIMVERIFY activation: weekly_loss_cap')
bf1198c1a89c416193fe3db573d50a32,gdda_is_gdd38_20_20260815160811_bf1198,GDD38_20,GDD38_20,weekly_loss_cap,(2)軽微なコード変更,IS,GOLD2,,,,UNVERIFIED,UNVERIFIED_EA_INPUT,EA_IMPLEMENTATION_MISSING,family has no verified SIMVERIFY activation: weekly_loss_cap,,,,,,,,,,,,,,,,,"{""GoldLabWeeklyLossCapJPY"":40000}",,,2026-08-15T07:08:11+00:00,2026-08-15T07:08:11+00:00,0.001,NotImplementedError('family has no verified SIMVERIFY activation: weekly_loss_cap')
b4abcc6efa1d4262a59bfac7c30f7225,gdda_is_gdd39_01_20260815160811_b4abcc,GDD39_01,GDD39_01,equity_overlap_cap,(2)軽微なコード変更,IS,GOLD2,,,,UNVERIFIED,UNVERIFIED_EA_INPUT,EA_IMPLEMENTATION_MISSING,family has no verified SIMVERIFY activation: equity_overlap_cap,,,,,,,,,,,,,,,,,"{""GoldLabFloatingLossCapPct"":0.1}",,,2026-08-15T07:08:11+00:00,2026-08-15T07:08:11+00:00,0.001,NotImplementedError('family has no verified SIMVERIFY activation: equity_overlap_cap')
8b0c951aac6940b98ecb51d5b84e324c,gdda_is_gdd39_02_20260815160811_8b0c95,GDD39_02,GDD39_02,equity_overlap_cap,(2)軽微なコード変更,IS,GOLD2,,,,UNVERIFIED,UNVERIFIED_EA_INPUT,EA_IMPLEMENTATION_MISSING,family has no verified SIMVERIFY activation: equity_overlap_cap,,,,,,,,,,,,,,,,,"{""GoldLabFloatingLossCapPct"":0.2}",,,2026-08-15T07:08:11+00:00,2026-08-15T07:08:11+00:00,0.001,NotImplementedError('family has no verified SIMVERIFY activation: equity_overlap_cap')
8e62a7bed89741a39065cc529d0b8e8c,gdda_is_gdd39_03_20260815160811_8e62a7,GDD39_03,GDD39_03,equity_overlap_cap,(2)軽微なコード変更,IS,GOLD2,,,,UNVERIFIED,UNVERIFIED_EA_INPUT,EA_IMPLEMENTATION_MISSING,family has no verified SIMVERIFY activation: equity_overlap_cap,,,,,,,,,,,,,,,,,"{""GoldLabFloatingLossCapPct"":0.3}",,,2026-08-15T07:08:11+00:00,2026-08-15T07:08:11+00:00,0.001,NotImplementedError('family has no verified SIMVERIFY activation: equity_overlap_cap')
4f32778fdab1416e93f62c0d39381ce2,gdda_is_gdd39_04_20260815160811_4f3277,GDD39_04,GDD39_04,equity_overlap_cap,(2)軽微なコード変更,IS,GOLD2,,,,UNVERIFIED,UNVERIFIED_EA_INPUT,EA_IMPLEMENTATION_MISSING,family has no verified SIMVERIFY activation: equity_overlap_cap,,,,,,,,,,,,,,,,,"{""GoldLabFloatingLossCapPct"":0.4}",,,2026-08-15T07:08:11+00:00,2026-08-15T07:08:11+00:00,0.001,NotImplementedError('family has no verified SIMVERIFY activation: equity_overlap_cap')
9c800ccfa28d45ff88f7d48eb1129968,gdda_is_gdd39_05_20260815160811_9c800c,GDD39_05,GDD39_05,equity_overlap_cap,(2)軽微なコード変更,IS,GOLD2,,,,UNVERIFIED,UNVERIFIED_EA_INPUT,EA_IMPLEMENTATION_MISSING,family has no verified SIMVERIFY activation: equity_overlap_cap,,,,,,,,,,,,,,,,,"{""GoldLabFloatingLossCapPct"":0.5}",,,2026-08-15T07:08:11+00:00,2026-08-15T07:08:11+00:00,0.001,NotImplementedError('family has no verified SIMVERIFY activation: equity_overlap_cap')
98015dc8d9e34809b1c88443a16cba29,gdda_is_gdd39_06_20260815160811_98015d,GDD39_06,GDD39_06,equity_overlap_cap,(2)軽微なコード変更,IS,GOLD2,,,,UNVERIFIED,UNVERIFIED_EA_INPUT,EA_IMPLEMENTATION_MISSING,family has no verified SIMVERIFY activation: equity_overlap_cap,,,,,,,,,,,,,,,,,"{""GoldLabFloatingLossCapPct"":0.6}",,,2026-08-15T07:08:11+00:00,2026-08-15T07:08:11+00:00,0.001,NotImplementedError('family has no verified SIMVERIFY activation: equity_overlap_cap')
e1f341f16a2d4a069f8893f48981f0db,gdda_is_gdd39_07_20260815160811_e1f341,GDD39_07,GDD39_07,equity_overlap_cap,(2)軽微なコード変更,IS,GOLD2,,,,UNVERIFIED,UNVERIFIED_EA_INPUT,EA_IMPLEMENTATION_MISSING,family has no verified SIMVERIFY activation: equity_overlap_cap,,,,,,,,,,,,,,,,,"{""GoldLabFloatingLossCapPct"":0.7}",,,2026-08-15T07:08:11+00:00,2026-08-15T07:08:11+00:00,0.001,NotImplementedError('family has no verified SIMVERIFY activation: equity_overlap_cap')
9d50049c4a074727b3dccaba3b4807ae,gdda_is_gdd39_08_20260815160811_9d5004,GDD39_08,GDD39_08,equity_overlap_cap,(2)軽微なコード変更,IS,GOLD2,,,,UNVERIFIED,UNVERIFIED_EA_INPUT,EA_IMPLEMENTATION_MISSING,family has no verified SIMVERIFY activation: equity_overlap_cap,,,,,,,,,,,,,,,,,"{""GoldLabFloatingLossCapPct"":0.8}",,,2026-08-15T07:08:11+00:00,2026-08-15T07:08:11+00:00,0.001,NotImplementedError('family has no verified SIMVERIFY activation: equity_overlap_cap')
46cb6fd591ad49098813ff40d6404120,gdda_is_gdd39_09_20260815160811_46cb6f,GDD39_09,GDD39_09,equity_overlap_cap,(2)軽微なコード変更,IS,GOLD2,,,,UNVERIFIED,UNVERIFIED_EA_INPUT,EA_IMPLEMENTATION_MISSING,family has no verified SIMVERIFY activation: equity_overlap_cap,,,,,,,,,,,,,,,,,"{""GoldLabFloatingLossCapPct"":0.9}",,,2026-08-15T07:08:11+00:00,2026-08-15T07:08:11+00:00,0.001,NotImplementedError('family has no verified SIMVERIFY activation: equity_overlap_cap')
23ba63d4fe8a498aa59daa895efb4a06,gdda_is_gdd39_10_20260815160811_23ba63,GDD39_10,GDD39_10,equity_overlap_cap,(2)軽微なコード変更,IS,GOLD2,,,,UNVERIFIED,UNVERIFIED_EA_INPUT,EA_IMPLEMENTATION_MISSING,family has no verified SIMVERIFY activation: equity_overlap_cap,,,,,,,,,,,,,,,,,"{""GoldLabFloatingLossCapPct"":1.0}",,,2026-08-15T07:08:11+00:00,2026-08-15T07:08:11+00:00,0.001,NotImplementedError('family has no verified SIMVERIFY activation: equity_overlap_cap')
cf1c9c66f22d4a90ae182343ce927331,gdda_is_gdd39_11_20260815160811_cf1c9c,GDD39_11,GDD39_11,equity_overlap_cap,(2)軽微なコード変更,IS,GOLD2,,,,UNVERIFIED,UNVERIFIED_EA_INPUT,EA_IMPLEMENTATION_MISSING,family has no verified SIMVERIFY activation: equity_overlap_cap,,,,,,,,,,,,,,,,,"{""GoldLabFloatingLossCapPct"":1.1}",,,2026-08-15T07:08:11+00:00,2026-08-15T07:08:11+00:00,0.001,NotImplementedError('family has no verified SIMVERIFY activation: equity_overlap_cap')
a08380a9c4ca4fd88e401a84c608f604,gdda_is_gdd39_12_20260815160811_a08380,GDD39_12,GDD39_12,equity_overlap_cap,(2)軽微なコード変更,IS,GOLD2,,,,UNVERIFIED,UNVERIFIED_EA_INPUT,EA_IMPLEMENTATION_MISSING,family has no verified SIMVERIFY activation: equity_overlap_cap,,,,,,,,,,,,,,,,,"{""GoldLabFloatingLossCapPct"":1.2}",,,2026-08-15T07:08:11+00:00,2026-08-15T07:08:11+00:00,0.001,NotImplementedError('family has no verified SIMVERIFY activation: equity_overlap_cap')
d171df9de2dd4249a8538b568a9845b9,gdda_is_gdd39_13_20260815160811_d171df,GDD39_13,GDD39_13,equity_overlap_cap,(2)軽微なコード変更,IS,GOLD2,,,,UNVERIFIED,UNVERIFIED_EA_INPUT,EA_IMPLEMENTATION_MISSING,family has no verified SIMVERIFY activation: equity_overlap_cap,,,,,,,,,,,,,,,,,"{""GoldLabFloatingLossCapPct"":1.3}",,,2026-08-15T07:08:11+00:00,2026-08-15T07:08:11+00:00,0.001,NotImplementedError('family has no verified SIMVERIFY activation: equity_overlap_cap')
9b0c4cf0478f41a6a9df3557ea4e4e0b,gdda_is_gdd39_14_20260815160811_9b0c4c,GDD39_14,GDD39_14,equity_overlap_cap,(2)軽微なコード変更,IS,GOLD2,,,,UNVERIFIED,UNVERIFIED_EA_INPUT,EA_IMPLEMENTATION_MISSING,family has no verified SIMVERIFY activation: equity_overlap_cap,,,,,,,,,,,,,,,,,"{""GoldLabFloatingLossCapPct"":1.4}",,,2026-08-15T07:08:11+00:00,2026-08-15T07:08:11+00:00,0.001,NotImplementedError('family has no verified SIMVERIFY activation: equity_overlap_cap')
f1eb7ff2273b41998659397a728df1ba,gdda_is_gdd39_15_20260815160811_f1eb7f,GDD39_15,GDD39_15,equity_overlap_cap,(2)軽微なコード変更,IS,GOLD2,,,,UNVERIFIED,UNVERIFIED_EA_INPUT,EA_IMPLEMENTATION_MISSING,family has no verified SIMVERIFY activation: equity_overlap_cap,,,,,,,,,,,,,,,,,"{""GoldLabFloatingLossCapPct"":1.5}",,,2026-08-15T07:08:11+00:00,2026-08-15T07:08:11+00:00,0.001,NotImplementedError('family has no verified SIMVERIFY activation: equity_overlap_cap')
efc4bacb3bf84a44954b89cba874e261,gdda_is_gdd39_16_20260815160811_efc4ba,GDD39_16,GDD39_16,equity_overlap_cap,(2)軽微なコード変更,IS,GOLD2,,,,UNVERIFIED,UNVERIFIED_EA_INPUT,EA_IMPLEMENTATION_MISSING,family has no verified SIMVERIFY activation: equity_overlap_cap,,,,,,,,,,,,,,,,,"{""GoldLabFloatingLossCapPct"":1.6}",,,2026-08-15T07:08:11+00:00,2026-08-15T07:08:11+00:00,0.001,NotImplementedError('family has no verified SIMVERIFY activation: equity_overlap_cap')
05d4221a5b104af3a85120124059336e,gdda_is_gdd39_17_20260815160811_05d422,GDD39_17,GDD39_17,equity_overlap_cap,(2)軽微なコード変更,IS,GOLD2,,,,UNVERIFIED,UNVERIFIED_EA_INPUT,EA_IMPLEMENTATION_MISSING,family has no verified SIMVERIFY activation: equity_overlap_cap,,,,,,,,,,,,,,,,,"{""GoldLabFloatingLossCapPct"":1.7}",,,2026-08-15T07:08:11+00:00,2026-08-15T07:08:11+00:00,0.001,NotImplementedError('family has no verified SIMVERIFY activation: equity_overlap_cap')
38e3b9d0bb4a476989a59b1ed5e12b29,gdda_is_gdd39_18_20260815160811_38e3b9,GDD39_18,GDD39_18,equity_overlap_cap,(2)軽微なコード変更,IS,GOLD2,,,,UNVERIFIED,UNVERIFIED_EA_INPUT,EA_IMPLEMENTATION_MISSING,family has no verified SIMVERIFY activation: equity_overlap_cap,,,,,,,,,,,,,,,,,"{""GoldLabFloatingLossCapPct"":1.8}",,,2026-08-15T07:08:11+00:00,2026-08-15T07:08:11+00:00,0.001,NotImplementedError('family has no verified SIMVERIFY activation: equity_overlap_cap')
0b8caaa8066842c680aa7cc837965bb0,gdda_is_gdd39_19_20260815160811_0b8caa,GDD39_19,GDD39_19,equity_overlap_cap,(2)軽微なコード変更,IS,GOLD2,,,,UNVERIFIED,UNVERIFIED_EA_INPUT,EA_IMPLEMENTATION_MISSING,family has no verified SIMVERIFY activation: equity_overlap_cap,,,,,,,,,,,,,,,,,"{""GoldLabFloatingLossCapPct"":1.9}",,,2026-08-15T07:08:11+00:00,2026-08-15T07:08:11+00:00,0.001,NotImplementedError('family has no verified SIMVERIFY activation: equity_overlap_cap')
d3c0090656054f4d9207e732bd1a10f6,gdda_is_gdd39_20_20260815160811_d3c009,GDD39_20,GDD39_20,equity_overlap_cap,(2)軽微なコード変更,IS,GOLD2,,,,UNVERIFIED,UNVERIFIED_EA_INPUT,EA_IMPLEMENTATION_MISSING,family has no verified SIMVERIFY activation: equity_overlap_cap,,,,,,,,,,,,,,,,,"{""GoldLabFloatingLossCapPct"":2.0}",,,2026-08-15T07:08:11+00:00,2026-08-15T07:08:11+00:00,0.001,NotImplementedError('family has no verified SIMVERIFY activation: equity_overlap_cap')
80c98f374c9847b79672073f64885317,gdda_is_gdd43_01_20260815160811_80c98f,GDD43_01,GDD43_01,range_regime,(2)軽微なコード変更,IS,GOLD2,,,,UNVERIFIED,UNVERIFIED_EA_INPUT,EA_IMPLEMENTATION_MISSING,family has no verified SIMVERIFY activation: range_regime,,,,,,,,,,,,,,,,,"{""GoldLabPrevRangeATRMax"":0.25}",,,2026-08-15T07:08:11+00:00,2026-08-15T07:08:11+00:00,0.002,NotImplementedError('family has no verified SIMVERIFY activation: range_regime')
797cbedbc9754ee5b990fc54bf158e37,gdda_is_gdd43_02_20260815160811_797cbe,GDD43_02,GDD43_02,range_regime,(2)軽微なコード変更,IS,GOLD2,,,,UNVERIFIED,UNVERIFIED_EA_INPUT,EA_IMPLEMENTATION_MISSING,family has no verified SIMVERIFY activation: range_regime,,,,,,,,,,,,,,,,,"{""GoldLabPrevRangeATRMax"":0.5}",,,2026-08-15T07:08:11+00:00,2026-08-15T07:08:11+00:00,0.002,NotImplementedError('family has no verified SIMVERIFY activation: range_regime')
ee65d8ce71e240149c20c1f40f6dbd93,gdda_is_gdd43_03_20260815160811_ee65d8,GDD43_03,GDD43_03,range_regime,(2)軽微なコード変更,IS,GOLD2,,,,UNVERIFIED,UNVERIFIED_EA_INPUT,EA_IMPLEMENTATION_MISSING,family has no verified SIMVERIFY activation: range_regime,,,,,,,,,,,,,,,,,"{""GoldLabPrevRangeATRMax"":0.75}",,,2026-08-15T07:08:11+00:00,2026-08-15T07:08:11+00:00,0.001,NotImplementedError('family has no verified SIMVERIFY activation: range_regime')
696ab6aa5ca7497eabfdf35372d0aa41,gdda_is_gdd43_04_20260815160811_696ab6,GDD43_04,GDD43_04,range_regime,(2)軽微なコード変更,IS,GOLD2,,,,UNVERIFIED,UNVERIFIED_EA_INPUT,EA_IMPLEMENTATION_MISSING,family has no verified SIMVERIFY activation: range_regime,,,,,,,,,,,,,,,,,"{""GoldLabPrevRangeATRMax"":1.0}",,,2026-08-15T07:08:11+00:00,2026-08-15T07:08:11+00:00,0.001,NotImplementedError('family has no verified SIMVERIFY activation: range_regime')
89cd87d9a12d4f1daff6cb857db2f25d,gdda_is_gdd43_05_20260815160811_89cd87,GDD43_05,GDD43_05,range_regime,(2)軽微なコード変更,IS,GOLD2,,,,UNVERIFIED,UNVERIFIED_EA_INPUT,EA_IMPLEMENTATION_MISSING,family has no verified SIMVERIFY activation: range_regime,,,,,,,,,,,,,,,,,"{""GoldLabPrevRangeATRMax"":1.25}",,,2026-08-15T07:08:11+00:00,2026-08-15T07:08:11+00:00,0.001,NotImplementedError('family has no verified SIMVERIFY activation: range_regime')
ff5ccda0c71948debe537acb810f803c,gdda_is_gdd43_06_20260815160811_ff5ccd,GDD43_06,GDD43_06,range_regime,(2)軽微なコード変更,IS,GOLD2,,,,UNVERIFIED,UNVERIFIED_EA_INPUT,EA_IMPLEMENTATION_MISSING,family has no verified SIMVERIFY activation: range_regime,,,,,,,,,,,,,,,,,"{""GoldLabPrevRangeATRMax"":1.5}",,,2026-08-15T07:08:11+00:00,2026-08-15T07:08:11+00:00,0.001,NotImplementedError('family has no verified SIMVERIFY activation: range_regime')
2c2db4e2c6c64dfd827627a5866e39bb,gdda_is_gdd43_07_20260815160811_2c2db4,GDD43_07,GDD43_07,range_regime,(2)軽微なコード変更,IS,GOLD2,,,,UNVERIFIED,UNVERIFIED_EA_INPUT,EA_IMPLEMENTATION_MISSING,family has no verified SIMVERIFY activation: range_regime,,,,,,,,,,,,,,,,,"{""GoldLabPrevRangeATRMax"":1.75}",,,2026-08-15T07:08:11+00:00,2026-08-15T07:08:11+00:00,0.001,NotImplementedError('family has no verified SIMVERIFY activation: range_regime')
b8f1948cc0de485183569f2977d77e87,gdda_is_gdd43_08_20260815160811_b8f194,GDD43_08,GDD43_08,range_regime,(2)軽微なコード変更,IS,GOLD2,,,,UNVERIFIED,UNVERIFIED_EA_INPUT,EA_IMPLEMENTATION_MISSING,family has no verified SIMVERIFY activation: range_regime,,,,,,,,,,,,,,,,,"{""GoldLabPrevRangeATRMax"":2.0}",,,2026-08-15T07:08:11+00:00,2026-08-15T07:08:11+00:00,0.001,NotImplementedError('family has no verified SIMVERIFY activation: range_regime')
9a9459593acb4d57b7b33f7ce101dd6d,gdda_is_gdd43_09_20260815160811_9a9459,GDD43_09,GDD43_09,range_regime,(2)軽微なコード変更,IS,GOLD2,,,,UNVERIFIED,UNVERIFIED_EA_INPUT,EA_IMPLEMENTATION_MISSING,family has no verified SIMVERIFY activation: range_regime,,,,,,,,,,,,,,,,,"{""GoldLabPrevRangeATRMax"":2.25}",,,2026-08-15T07:08:11+00:00,2026-08-15T07:08:11+00:00,0.001,NotImplementedError('family has no verified SIMVERIFY activation: range_regime')
85e646fe8e304eadb9c2804fbe7ea507,gdda_is_gdd43_10_20260815160811_85e646,GDD43_10,GDD43_10,range_regime,(2)軽微なコード変更,IS,GOLD2,,,,UNVERIFIED,UNVERIFIED_EA_INPUT,EA_IMPLEMENTATION_MISSING,family has no verified SIMVERIFY activation: range_regime,,,,,,,,,,,,,,,,,"{""GoldLabPrevRangeATRMax"":2.5}",,,2026-08-15T07:08:11+00:00,2026-08-15T07:08:11+00:00,0.001,NotImplementedError('family has no verified SIMVERIFY activation: range_regime')
f66a2ff40c3b4265ba3221c31e9b62d1,gdda_is_gdd43_11_20260815160811_f66a2f,GDD43_11,GDD43_11,range_regime,(2)軽微なコード変更,IS,GOLD2,,,,UNVERIFIED,UNVERIFIED_EA_INPUT,EA_IMPLEMENTATION_MISSING,family has no verified SIMVERIFY activation: range_regime,,,,,,,,,,,,,,,,,"{""GoldLabPrevRangeATRMax"":2.75}",,,2026-08-15T07:08:11+00:00,2026-08-15T07:08:11+00:00,0.001,NotImplementedError('family has no verified SIMVERIFY activation: range_regime')
1e297d0838cf47a5b8ad89c7c5e5434d,gdda_is_gdd43_12_20260815160811_1e297d,GDD43_12,GDD43_12,range_regime,(2)軽微なコード変更,IS,GOLD2,,,,UNVERIFIED,UNVERIFIED_EA_INPUT,EA_IMPLEMENTATION_MISSING,family has no verified SIMVERIFY activation: range_regime,,,,,,,,,,,,,,,,,"{""GoldLabPrevRangeATRMax"":3.0}",,,2026-08-15T07:08:11+00:00,2026-08-15T07:08:11+00:00,0.001,NotImplementedError('family has no verified SIMVERIFY activation: range_regime')
faac98fdaab44116aeaee0b0577bcaa6,gdda_is_gdd43_13_20260815160811_faac98,GDD43_13,GDD43_13,range_regime,(2)軽微なコード変更,IS,GOLD2,,,,UNVERIFIED,UNVERIFIED_EA_INPUT,EA_IMPLEMENTATION_MISSING,family has no verified SIMVERIFY activation: range_regime,,,,,,,,,,,,,,,,,"{""GoldLabPrevRangeATRMax"":3.25}",,,2026-08-15T07:08:11+00:00,2026-08-15T07:08:11+00:00,0.001,NotImplementedError('family has no verified SIMVERIFY activation: range_regime')
73c7abc04c634558b80ba643696315ae,gdda_is_gdd43_14_20260815160811_73c7ab,GDD43_14,GDD43_14,range_regime,(2)軽微なコード変更,IS,GOLD2,,,,UNVERIFIED,UNVERIFIED_EA_INPUT,EA_IMPLEMENTATION_MISSING,family has no verified SIMVERIFY activation: range_regime,,,,,,,,,,,,,,,,,"{""GoldLabPrevRangeATRMax"":3.5}",,,2026-08-15T07:08:11+00:00,2026-08-15T07:08:11+00:00,0.001,NotImplementedError('family has no verified SIMVERIFY activation: range_regime')
c335d49f35b84319bb6a736c87d15204,gdda_is_gdd43_15_20260815160811_c335d4,GDD43_15,GDD43_15,range_regime,(2)軽微なコード変更,IS,GOLD2,,,,UNVERIFIED,UNVERIFIED_EA_INPUT,EA_IMPLEMENTATION_MISSING,family has no verified SIMVERIFY activation: range_regime,,,,,,,,,,,,,,,,,"{""GoldLabPrevRangeATRMax"":3.75}",,,2026-08-15T07:08:11+00:00,2026-08-15T07:08:11+00:00,0.001,NotImplementedError('family has no verified SIMVERIFY activation: range_regime')
f962106994af4435a6b18c48a0c39c68,gdda_is_gdd43_16_20260815160811_f96210,GDD43_16,GDD43_16,range_regime,(2)軽微なコード変更,IS,GOLD2,,,,UNVERIFIED,UNVERIFIED_EA_INPUT,EA_IMPLEMENTATION_MISSING,family has no verified SIMVERIFY activation: range_regime,,,,,,,,,,,,,,,,,"{""GoldLabPrevRangeATRMax"":4.0}",,,2026-08-15T07:08:11+00:00,2026-08-15T07:08:11+00:00,0.001,NotImplementedError('family has no verified SIMVERIFY activation: range_regime')
b8198d1ef0b843ca9ff83829d6dbb7ee,gdda_is_gdd43_17_20260815160811_b8198d,GDD43_17,GDD43_17,range_regime,(2)軽微なコード変更,IS,GOLD2,,,,UNVERIFIED,UNVERIFIED_EA_INPUT,EA_IMPLEMENTATION_MISSING,family has no verified SIMVERIFY activation: range_regime,,,,,,,,,,,,,,,,,"{""GoldLabPrevRangeATRMax"":4.25}",,,2026-08-15T07:08:11+00:00,2026-08-15T07:08:11+00:00,0.001,NotImplementedError('family has no verified SIMVERIFY activation: range_regime')
80471b734f394cdfbe6413a1dc48baf5,gdda_is_gdd43_18_20260815160811_80471b,GDD43_18,GDD43_18,range_regime,(2)軽微なコード変更,IS,GOLD2,,,,UNVERIFIED,UNVERIFIED_EA_INPUT,EA_IMPLEMENTATION_MISSING,family has no verified SIMVERIFY activation: range_regime,,,,,,,,,,,,,,,,,"{""GoldLabPrevRangeATRMax"":4.5}",,,2026-08-15T07:08:11+00:00,2026-08-15T07:08:11+00:00,0.001,NotImplementedError('family has no verified SIMVERIFY activation: range_regime')
bc7997a92e8f464b9101b507c73a19c4,gdda_is_gdd43_19_20260815160811_bc7997,GDD43_19,GDD43_19,range_regime,(2)軽微なコード変更,IS,GOLD2,,,,UNVERIFIED,UNVERIFIED_EA_INPUT,EA_IMPLEMENTATION_MISSING,family has no verified SIMVERIFY activation: range_regime,,,,,,,,,,,,,,,,,"{""GoldLabPrevRangeATRMax"":4.75}",,,2026-08-15T07:08:11+00:00,2026-08-15T07:08:11+00:00,0.001,NotImplementedError('family has no verified SIMVERIFY activation: range_regime')
41b2fc0a44124c3486b52f65816ffd02,gdda_is_gdd43_20_20260815160811_41b2fc,GDD43_20,GDD43_20,range_regime,(2)軽微なコード変更,IS,GOLD2,,,,UNVERIFIED,UNVERIFIED_EA_INPUT,EA_IMPLEMENTATION_MISSING,family has no verified SIMVERIFY activation: range_regime,,,,,,,,,,,,,,,,,"{""GoldLabPrevRangeATRMax"":5.0}",,,2026-08-15T07:08:11+00:00,2026-08-15T07:08:11+00:00,0.001,NotImplementedError('family has no verified SIMVERIFY activation: range_regime')
0f5b886461924b6eb6df33543947028e,gdda_is_gdd44_01_20260815160811_0f5b88,GDD44_01,GDD44_01,gap_regime,(2)軽微なコード変更,IS,GOLD2,,,,UNVERIFIED,UNVERIFIED_EA_INPUT,EA_IMPLEMENTATION_MISSING,family has no verified SIMVERIFY activation: gap_regime,,,,,,,,,,,,,,,,,"{""GoldLabGapATRMax"":0.1}",,,2026-08-15T07:08:11+00:00,2026-08-15T07:08:11+00:00,0.001,NotImplementedError('family has no verified SIMVERIFY activation: gap_regime')
a7c9c4f8c7a047639af4dff082b02471,gdda_is_gdd44_02_20260815160811_a7c9c4,GDD44_02,GDD44_02,gap_regime,(2)軽微なコード変更,IS,GOLD2,,,,UNVERIFIED,UNVERIFIED_EA_INPUT,EA_IMPLEMENTATION_MISSING,family has no verified SIMVERIFY activation: gap_regime,,,,,,,,,,,,,,,,,"{""GoldLabGapATRMax"":0.2}",,,2026-08-15T07:08:11+00:00,2026-08-15T07:08:11+00:00,0.001,NotImplementedError('family has no verified SIMVERIFY activation: gap_regime')
576163ec72d6419893ed1e8c61999149,gdda_is_gdd44_03_20260815160811_576163,GDD44_03,GDD44_03,gap_regime,(2)軽微なコード変更,IS,GOLD2,,,,UNVERIFIED,UNVERIFIED_EA_INPUT,EA_IMPLEMENTATION_MISSING,family has no verified SIMVERIFY activation: gap_regime,,,,,,,,,,,,,,,,,"{""GoldLabGapATRMax"":0.3}",,,2026-08-15T07:08:11+00:00,2026-08-15T07:08:11+00:00,0.001,NotImplementedError('family has no verified SIMVERIFY activation: gap_regime')
956a85c1961349b7ad0bad7db6927da9,gdda_is_gdd44_04_20260815160811_956a85,GDD44_04,GDD44_04,gap_regime,(2)軽微なコード変更,IS,GOLD2,,,,UNVERIFIED,UNVERIFIED_EA_INPUT,EA_IMPLEMENTATION_MISSING,family has no verified SIMVERIFY activation: gap_regime,,,,,,,,,,,,,,,,,"{""GoldLabGapATRMax"":0.4}",,,2026-08-15T07:08:11+00:00,2026-08-15T07:08:11+00:00,0.001,NotImplementedError('family has no verified SIMVERIFY activation: gap_regime')
aa1977819d3547fdb344894862fc25a4,gdda_is_gdd44_05_20260815160811_aa1977,GDD44_05,GDD44_05,gap_regime,(2)軽微なコード変更,IS,GOLD2,,,,UNVERIFIED,UNVERIFIED_EA_INPUT,EA_IMPLEMENTATION_MISSING,family has no verified SIMVERIFY activation: gap_regime,,,,,,,,,,,,,,,,,"{""GoldLabGapATRMax"":0.5}",,,2026-08-15T07:08:11+00:00,2026-08-15T07:08:11+00:00,0.001,NotImplementedError('family has no verified SIMVERIFY activation: gap_regime')
d25f6d48972b4acca4745c170ae942d3,gdda_is_gdd44_06_20260815160811_d25f6d,GDD44_06,GDD44_06,gap_regime,(2)軽微なコード変更,IS,GOLD2,,,,UNVERIFIED,UNVERIFIED_EA_INPUT,EA_IMPLEMENTATION_MISSING,family has no verified SIMVERIFY activation: gap_regime,,,,,,,,,,,,,,,,,"{""GoldLabGapATRMax"":0.6}",,,2026-08-15T07:08:11+00:00,2026-08-15T07:08:11+00:00,0.001,NotImplementedError('family has no verified SIMVERIFY activation: gap_regime')
36f4a2b020134176ad1f3f3168c9663a,gdda_is_gdd44_07_20260815160811_36f4a2,GDD44_07,GDD44_07,gap_regime,(2)軽微なコード変更,IS,GOLD2,,,,UNVERIFIED,UNVERIFIED_EA_INPUT,EA_IMPLEMENTATION_MISSING,family has no verified SIMVERIFY activation: gap_regime,,,,,,,,,,,,,,,,,"{""GoldLabGapATRMax"":0.7}",,,2026-08-15T07:08:11+00:00,2026-08-15T07:08:11+00:00,0.001,NotImplementedError('family has no verified SIMVERIFY activation: gap_regime')
f34484f9694e4dfd848c7cf9da8fc933,gdda_is_gdd44_08_20260815160811_f34484,GDD44_08,GDD44_08,gap_regime,(2)軽微なコード変更,IS,GOLD2,,,,UNVERIFIED,UNVERIFIED_EA_INPUT,EA_IMPLEMENTATION_MISSING,family has no verified SIMVERIFY activation: gap_regime,,,,,,,,,,,,,,,,,"{""GoldLabGapATRMax"":0.8}",,,2026-08-15T07:08:11+00:00,2026-08-15T07:08:11+00:00,0.001,NotImplementedError('family has no verified SIMVERIFY activation: gap_regime')
9948b5277e704ea6860beacb02b718df,gdda_is_gdd44_09_20260815160811_9948b5,GDD44_09,GDD44_09,gap_regime,(2)軽微なコード変更,IS,GOLD2,,,,UNVERIFIED,UNVERIFIED_EA_INPUT,EA_IMPLEMENTATION_MISSING,family has no verified SIMVERIFY activation: gap_regime,,,,,,,,,,,,,,,,,"{""GoldLabGapATRMax"":0.9}",,,2026-08-15T07:08:11+00:00,2026-08-15T07:08:11+00:00,0.001,NotImplementedError('family has no verified SIMVERIFY activation: gap_regime')
18db520b1785450c86e3b593e92792ae,gdda_is_gdd44_10_20260815160811_18db52,GDD44_10,GDD44_10,gap_regime,(2)軽微なコード変更,IS,GOLD2,,,,UNVERIFIED,UNVERIFIED_EA_INPUT,EA_IMPLEMENTATION_MISSING,family has no verified SIMVERIFY activation: gap_regime,,,,,,,,,,,,,,,,,"{""GoldLabGapATRMax"":1.0}",,,2026-08-15T07:08:11+00:00,2026-08-15T07:08:11+00:00,0.001,NotImplementedError('family has no verified SIMVERIFY activation: gap_regime')
9b800799e05b4d748a75444f14a24e55,gdda_is_gdd44_11_20260815160811_9b8007,GDD44_11,GDD44_11,gap_regime,(2)軽微なコード変更,IS,GOLD2,,,,UNVERIFIED,UNVERIFIED_EA_INPUT,EA_IMPLEMENTATION_MISSING,family has no verified SIMVERIFY activation: gap_regime,,,,,,,,,,,,,,,,,"{""GoldLabGapATRMax"":1.1}",,,2026-08-15T07:08:11+00:00,2026-08-15T07:08:11+00:00,0.001,NotImplementedError('family has no verified SIMVERIFY activation: gap_regime')
d72b34339c4c49f19182905ef8a15606,gdda_is_gdd44_12_20260815160811_d72b34,GDD44_12,GDD44_12,gap_regime,(2)軽微なコード変更,IS,GOLD2,,,,UNVERIFIED,UNVERIFIED_EA_INPUT,EA_IMPLEMENTATION_MISSING,family has no verified SIMVERIFY activation: gap_regime,,,,,,,,,,,,,,,,,"{""GoldLabGapATRMax"":1.2}",,,2026-08-15T07:08:11+00:00,2026-08-15T07:08:11+00:00,0.001,NotImplementedError('family has no verified SIMVERIFY activation: gap_regime')
20ef3dacbc6e4158be12d772570739de,gdda_is_gdd44_13_20260815160811_20ef3d,GDD44_13,GDD44_13,gap_regime,(2)軽微なコード変更,IS,GOLD2,,,,UNVERIFIED,UNVERIFIED_EA_INPUT,EA_IMPLEMENTATION_MISSING,family has no verified SIMVERIFY activation: gap_regime,,,,,,,,,,,,,,,,,"{""GoldLabGapATRMax"":1.3}",,,2026-08-15T07:08:11+00:00,2026-08-15T07:08:11+00:00,0.001,NotImplementedError('family has no verified SIMVERIFY activation: gap_regime')
488bacb3b9cf429e8097eceb922322c9,gdda_is_gdd44_14_20260815160811_488bac,GDD44_14,GDD44_14,gap_regime,(2)軽微なコード変更,IS,GOLD2,,,,UNVERIFIED,UNVERIFIED_EA_INPUT,EA_IMPLEMENTATION_MISSING,family has no verified SIMVERIFY activation: gap_regime,,,,,,,,,,,,,,,,,"{""GoldLabGapATRMax"":1.4}",,,2026-08-15T07:08:11+00:00,2026-08-15T07:08:11+00:00,0.001,NotImplementedError('family has no verified SIMVERIFY activation: gap_regime')
06a099bddbca437986cb99641143877e,gdda_is_gdd44_15_20260815160811_06a099,GDD44_15,GDD44_15,gap_regime,(2)軽微なコード変更,IS,GOLD2,,,,UNVERIFIED,UNVERIFIED_EA_INPUT,EA_IMPLEMENTATION_MISSING,family has no verified SIMVERIFY activation: gap_regime,,,,,,,,,,,,,,,,,"{""GoldLabGapATRMax"":1.5}",,,2026-08-15T07:08:11+00:00,2026-08-15T07:08:11+00:00,0.001,NotImplementedError('family has no verified SIMVERIFY activation: gap_regime')
5ce28ef539134cf9a2885ab70c4573bc,gdda_is_gdd44_16_20260815160811_5ce28e,GDD44_16,GDD44_16,gap_regime,(2)軽微なコード変更,IS,GOLD2,,,,UNVERIFIED,UNVERIFIED_EA_INPUT,EA_IMPLEMENTATION_MISSING,family has no verified SIMVERIFY activation: gap_regime,,,,,,,,,,,,,,,,,"{""GoldLabGapATRMax"":1.6}",,,2026-08-15T07:08:11+00:00,2026-08-15T07:08:11+00:00,0.001,NotImplementedError('family has no verified SIMVERIFY activation: gap_regime')
472bab321cc641de94c464ad6799476c,gdda_is_gdd44_17_20260815160811_472bab,GDD44_17,GDD44_17,gap_regime,(2)軽微なコード変更,IS,GOLD2,,,,UNVERIFIED,UNVERIFIED_EA_INPUT,EA_IMPLEMENTATION_MISSING,family has no verified SIMVERIFY activation: gap_regime,,,,,,,,,,,,,,,,,"{""GoldLabGapATRMax"":1.7}",,,2026-08-15T07:08:11+00:00,2026-08-15T07:08:11+00:00,0.001,NotImplementedError('family has no verified SIMVERIFY activation: gap_regime')
4f70b6be15194e5b8fec19fa345852d4,gdda_is_gdd44_18_20260815160811_4f70b6,GDD44_18,GDD44_18,gap_regime,(2)軽微なコード変更,IS,GOLD2,,,,UNVERIFIED,UNVERIFIED_EA_INPUT,EA_IMPLEMENTATION_MISSING,family has no verified SIMVERIFY activation: gap_regime,,,,,,,,,,,,,,,,,"{""GoldLabGapATRMax"":1.8}",,,2026-08-15T07:08:11+00:00,2026-08-15T07:08:11+00:00,0.001,NotImplementedError('family has no verified SIMVERIFY activation: gap_regime')
1e3ff8c1a8e14c6f8a33d00a1fc62d05,gdda_is_gdd44_19_20260815160811_1e3ff8,GDD44_19,GDD44_19,gap_regime,(2)軽微なコード変更,IS,GOLD2,,,,UNVERIFIED,UNVERIFIED_EA_INPUT,EA_IMPLEMENTATION_MISSING,family has no verified SIMVERIFY activation: gap_regime,,,,,,,,,,,,,,,,,"{""GoldLabGapATRMax"":1.9}",,,2026-08-15T07:08:11+00:00,2026-08-15T07:08:11+00:00,0.001,NotImplementedError('family has no verified SIMVERIFY activation: gap_regime')
48b95848c60d4d6c9a92a64936381208,gdda_is_gdd44_20_20260815160811_48b958,GDD44_20,GDD44_20,gap_regime,(2)軽微なコード変更,IS,GOLD2,,,,UNVERIFIED,UNVERIFIED_EA_INPUT,EA_IMPLEMENTATION_MISSING,family has no verified SIMVERIFY activation: gap_regime,,,,,,,,,,,,,,,,,"{""GoldLabGapATRMax"":2.0}",,,2026-08-15T07:08:11+00:00,2026-08-15T07:08:11+00:00,0.001,NotImplementedError('family has no verified SIMVERIFY activation: gap_regime')
1c3a9f27b2db46de8c2dd00361275b68,gdda_is_gdd46_01_20260815160811_1c3a9f,GDD46_01,GDD46_01,spread_gate,(2)軽微なコード変更,IS,GOLD2,,,,UNVERIFIED,UNVERIFIED_EA_INPUT,EA_IMPLEMENTATION_MISSING,family has no verified SIMVERIFY activation: spread_gate,,,,,,,,,,,,,,,,,"{""GoldLabMaxSpreadPoints"":10}",,,2026-08-15T07:08:11+00:00,2026-08-15T07:08:11+00:00,0.001,NotImplementedError('family has no verified SIMVERIFY activation: spread_gate')
00f1c012ce4447a28a3655d9b2e9e76d,gdda_is_gdd46_02_20260815160811_00f1c0,GDD46_02,GDD46_02,spread_gate,(2)軽微なコード変更,IS,GOLD2,,,,UNVERIFIED,UNVERIFIED_EA_INPUT,EA_IMPLEMENTATION_MISSING,family has no verified SIMVERIFY activation: spread_gate,,,,,,,,,,,,,,,,,"{""GoldLabMaxSpreadPoints"":20}",,,2026-08-15T07:08:11+00:00,2026-08-15T07:08:11+00:00,0.001,NotImplementedError('family has no verified SIMVERIFY activation: spread_gate')
543298224ad64a2895bc5e89b5edc453,gdda_is_gdd46_03_20260815160811_543298,GDD46_03,GDD46_03,spread_gate,(2)軽微なコード変更,IS,GOLD2,,,,UNVERIFIED,UNVERIFIED_EA_INPUT,EA_IMPLEMENTATION_MISSING,family has no verified SIMVERIFY activation: spread_gate,,,,,,,,,,,,,,,,,"{""GoldLabMaxSpreadPoints"":30}",,,2026-08-15T07:08:11+00:00,2026-08-15T07:08:11+00:00,0.001,NotImplementedError('family has no verified SIMVERIFY activation: spread_gate')
0641e0a29c07417f9ce7d38f0d9a14df,gdda_is_gdd46_04_20260815160811_0641e0,GDD46_04,GDD46_04,spread_gate,(2)軽微なコード変更,IS,GOLD2,,,,UNVERIFIED,UNVERIFIED_EA_INPUT,EA_IMPLEMENTATION_MISSING,family has no verified SIMVERIFY activation: spread_gate,,,,,,,,,,,,,,,,,"{""GoldLabMaxSpreadPoints"":40}",,,2026-08-15T07:08:11+00:00,2026-08-15T07:08:11+00:00,0.001,NotImplementedError('family has no verified SIMVERIFY activation: spread_gate')
c32919605615409888aa71e11e501c62,gdda_is_gdd46_05_20260815160811_c32919,GDD46_05,GDD46_05,spread_gate,(2)軽微なコード変更,IS,GOLD2,,,,UNVERIFIED,UNVERIFIED_EA_INPUT,EA_IMPLEMENTATION_MISSING,family has no verified SIMVERIFY activation: spread_gate,,,,,,,,,,,,,,,,,"{""GoldLabMaxSpreadPoints"":50}",,,2026-08-15T07:08:11+00:00,2026-08-15T07:08:11+00:00,0.001,NotImplementedError('family has no verified SIMVERIFY activation: spread_gate')
b9ef52d00282441ebe5d7d66efc1421b,gdda_is_gdd46_06_20260815160811_b9ef52,GDD46_06,GDD46_06,spread_gate,(2)軽微なコード変更,IS,GOLD2,,,,UNVERIFIED,UNVERIFIED_EA_INPUT,EA_IMPLEMENTATION_MISSING,family has no verified SIMVERIFY activation: spread_gate,,,,,,,,,,,,,,,,,"{""GoldLabMaxSpreadPoints"":60}",,,2026-08-15T07:08:11+00:00,2026-08-15T07:08:11+00:00,0.001,NotImplementedError('family has no verified SIMVERIFY activation: spread_gate')
d2527c9348c54668b13fe239ff80b3c0,gdda_is_gdd46_07_20260815160811_d2527c,GDD46_07,GDD46_07,spread_gate,(2)軽微なコード変更,IS,GOLD2,,,,UNVERIFIED,UNVERIFIED_EA_INPUT,EA_IMPLEMENTATION_MISSING,family has no verified SIMVERIFY activation: spread_gate,,,,,,,,,,,,,,,,,"{""GoldLabMaxSpreadPoints"":70}",,,2026-08-15T07:08:11+00:00,2026-08-15T07:08:11+00:00,0.001,NotImplementedError('family has no verified SIMVERIFY activation: spread_gate')
71da0e84bd46451ea4286470ce481b38,gdda_is_gdd46_08_20260815160811_71da0e,GDD46_08,GDD46_08,spread_gate,(2)軽微なコード変更,IS,GOLD2,,,,UNVERIFIED,UNVERIFIED_EA_INPUT,EA_IMPLEMENTATION_MISSING,family has no verified SIMVERIFY activation: spread_gate,,,,,,,,,,,,,,,,,"{""GoldLabMaxSpreadPoints"":80}",,,2026-08-15T07:08:11+00:00,2026-08-15T07:08:11+00:00,0.001,NotImplementedError('family has no verified SIMVERIFY activation: spread_gate')
d548255533944200a093b8da22172369,gdda_is_gdd46_09_20260815160811_d54825,GDD46_09,GDD46_09,spread_gate,(2)軽微なコード変更,IS,GOLD2,,,,UNVERIFIED,UNVERIFIED_EA_INPUT,EA_IMPLEMENTATION_MISSING,family has no verified SIMVERIFY activation: spread_gate,,,,,,,,,,,,,,,,,"{""GoldLabMaxSpreadPoints"":90}",,,2026-08-15T07:08:11+00:00,2026-08-15T07:08:11+00:00,0.001,NotImplementedError('family has no verified SIMVERIFY activation: spread_gate')
2c9725f45bdb469da69b614170ec3ae1,gdda_is_gdd46_10_20260815160811_2c9725,GDD46_10,GDD46_10,spread_gate,(2)軽微なコード変更,IS,GOLD2,,,,UNVERIFIED,UNVERIFIED_EA_INPUT,EA_IMPLEMENTATION_MISSING,family has no verified SIMVERIFY activation: spread_gate,,,,,,,,,,,,,,,,,"{""GoldLabMaxSpreadPoints"":100}",,,2026-08-15T07:08:11+00:00,2026-08-15T07:08:11+00:00,0.001,NotImplementedError('family has no verified SIMVERIFY activation: spread_gate')
653889fa3107459a8bc5c51d8ba427b0,gdda_is_gdd46_11_20260815160811_653889,GDD46_11,GDD46_11,spread_gate,(2)軽微なコード変更,IS,GOLD2,,,,UNVERIFIED,UNVERIFIED_EA_INPUT,EA_IMPLEMENTATION_MISSING,family has no verified SIMVERIFY activation: spread_gate,,,,,,,,,,,,,,,,,"{""GoldLabMaxSpreadPoints"":110}",,,2026-08-15T07:08:11+00:00,2026-08-15T07:08:11+00:00,0.001,NotImplementedError('family has no verified SIMVERIFY activation: spread_gate')
386cdcf3f9704559ad9c22cd5e1e70bb,gdda_is_gdd46_12_20260815160811_386cdc,GDD46_12,GDD46_12,spread_gate,(2)軽微なコード変更,IS,GOLD2,,,,UNVERIFIED,UNVERIFIED_EA_INPUT,EA_IMPLEMENTATION_MISSING,family has no verified SIMVERIFY activation: spread_gate,,,,,,,,,,,,,,,,,"{""GoldLabMaxSpreadPoints"":120}",,,2026-08-15T07:08:11+00:00,2026-08-15T07:08:11+00:00,0.001,NotImplementedError('family has no verified SIMVERIFY activation: spread_gate')
f497f44e8a204842ad8e6122e2a56f2a,gdda_is_gdd46_13_20260815160811_f497f4,GDD46_13,GDD46_13,spread_gate,(2)軽微なコード変更,IS,GOLD2,,,,UNVERIFIED,UNVERIFIED_EA_INPUT,EA_IMPLEMENTATION_MISSING,family has no verified SIMVERIFY activation: spread_gate,,,,,,,,,,,,,,,,,"{""GoldLabMaxSpreadPoints"":130}",,,2026-08-15T07:08:11+00:00,2026-08-15T07:08:11+00:00,0.001,NotImplementedError('family has no verified SIMVERIFY activation: spread_gate')
3eb533fc11ab463f823b5b9c1586cff8,gdda_is_gdd46_14_20260815160811_3eb533,GDD46_14,GDD46_14,spread_gate,(2)軽微なコード変更,IS,GOLD2,,,,UNVERIFIED,UNVERIFIED_EA_INPUT,EA_IMPLEMENTATION_MISSING,family has no verified SIMVERIFY activation: spread_gate,,,,,,,,,,,,,,,,,"{""GoldLabMaxSpreadPoints"":140}",,,2026-08-15T07:08:11+00:00,2026-08-15T07:08:11+00:00,0.001,NotImplementedError('family has no verified SIMVERIFY activation: spread_gate')
50fa856cc79a4661a0abbe8f59b76714,gdda_is_gdd46_15_20260815160812_50fa85,GDD46_15,GDD46_15,spread_gate,(2)軽微なコード変更,IS,GOLD2,,,,UNVERIFIED,UNVERIFIED_EA_INPUT,EA_IMPLEMENTATION_MISSING,family has no verified SIMVERIFY activation: spread_gate,,,,,,,,,,,,,,,,,"{""GoldLabMaxSpreadPoints"":150}",,,2026-08-15T07:08:12+00:00,2026-08-15T07:08:12+00:00,0.001,NotImplementedError('family has no verified SIMVERIFY activation: spread_gate')
2f959c0fff3e480bb9f9db58964d2088,gdda_is_gdd46_16_20260815160812_2f959c,GDD46_16,GDD46_16,spread_gate,(2)軽微なコード変更,IS,GOLD2,,,,UNVERIFIED,UNVERIFIED_EA_INPUT,EA_IMPLEMENTATION_MISSING,family has no verified SIMVERIFY activation: spread_gate,,,,,,,,,,,,,,,,,"{""GoldLabMaxSpreadPoints"":160}",,,2026-08-15T07:08:12+00:00,2026-08-15T07:08:12+00:00,0.001,NotImplementedError('family has no verified SIMVERIFY activation: spread_gate')
4e87f157dfb94e4a83defd7e345e24a8,gdda_is_gdd46_17_20260815160812_4e87f1,GDD46_17,GDD46_17,spread_gate,(2)軽微なコード変更,IS,GOLD2,,,,UNVERIFIED,UNVERIFIED_EA_INPUT,EA_IMPLEMENTATION_MISSING,family has no verified SIMVERIFY activation: spread_gate,,,,,,,,,,,,,,,,,"{""GoldLabMaxSpreadPoints"":170}",,,2026-08-15T07:08:12+00:00,2026-08-15T07:08:12+00:00,0.001,NotImplementedError('family has no verified SIMVERIFY activation: spread_gate')
56aae61b6b6e41779a3ed9ab029ebf6c,gdda_is_gdd46_18_20260815160812_56aae6,GDD46_18,GDD46_18,spread_gate,(2)軽微なコード変更,IS,GOLD2,,,,UNVERIFIED,UNVERIFIED_EA_INPUT,EA_IMPLEMENTATION_MISSING,family has no verified SIMVERIFY activation: spread_gate,,,,,,,,,,,,,,,,,"{""GoldLabMaxSpreadPoints"":180}",,,2026-08-15T07:08:12+00:00,2026-08-15T07:08:12+00:00,0.001,NotImplementedError('family has no verified SIMVERIFY activation: spread_gate')
f8d792a84fb448fc9af444488018c70e,gdda_is_gdd46_19_20260815160812_f8d792,GDD46_19,GDD46_19,spread_gate,(2)軽微なコード変更,IS,GOLD2,,,,UNVERIFIED,UNVERIFIED_EA_INPUT,EA_IMPLEMENTATION_MISSING,family has no verified SIMVERIFY activation: spread_gate,,,,,,,,,,,,,,,,,"{""GoldLabMaxSpreadPoints"":190}",,,2026-08-15T07:08:12+00:00,2026-08-15T07:08:12+00:00,0.001,NotImplementedError('family has no verified SIMVERIFY activation: spread_gate')
7c1ea80cd959451da61496b089ff7896,gdda_is_gdd46_20_20260815160812_7c1ea8,GDD46_20,GDD46_20,spread_gate,(2)軽微なコード変更,IS,GOLD2,,,,UNVERIFIED,UNVERIFIED_EA_INPUT,EA_IMPLEMENTATION_MISSING,family has no verified SIMVERIFY activation: spread_gate,,,,,,,,,,,,,,,,,"{""GoldLabMaxSpreadPoints"":200}",,,2026-08-15T07:08:12+00:00,2026-08-15T07:08:12+00:00,0.001,NotImplementedError('family has no verified SIMVERIFY activation: spread_gate')
